avg_batch_time_sec,avg_data_time_sec,epoch,epoch_time_sec,lr,round,train_acc,train_loss,val_acc
0.23576012474950403,0.03609179222257808,1,1.0877181529067457,0.000999618372939158,0,15.999999940395355,2.45401780128479,-1.0
0.05781481578014791,0.009742785710841417,2,0.2705554941203445,0.0009984740801978985,0,24.80000013113022,2.101453037261963,-1.0
0.05136258905986324,0.006249605969060212,3,0.23074870998971164,0.0009965688861926887,0,31.599999952316285,1.8998328971862792,-1.0
0.05507681076414883,0.006650200695730746,4,0.24720584298484027,0.0009939057285945933,0,34.39999992847443,1.8065612354278564,-1.0
0.05274712422396988,0.012540172494482249,5,0.2614831270184368,0.0009904887137995992,0,37.79999969005585,1.72055020236969,-1.0
0.05616063473280519,0.012351890793070197,6,0.27440114691853523,0.00098632311059685,0,40.79999990463257,1.6469772634506226,-1.0
0.05756761343218386,0.01114928803872317,7,0.27517421590164304,0.0009814153420445555,0,43.0,1.5600634708404542,-1.0
0.05862663802690804,0.009227706003002822,8,0.271660900907591,0.0009757729755661012,0,44.79999985694885,1.5245574235916137,-1.0
0.05951898259809241,0.015326377935707569,9,0.29962191288359463,0.0009694047112816298,0,46.60000026226044,1.433745234489441,-1.0
0.060027166560757905,0.0057937249657697976,10,0.26352868298999965,0.0009623203685930871,0,51.20000026226044,1.3229703998565674,-1.0
0.060067387064918876,0.009600251680240035,11,0.27890507597476244,0.0009545308710434153,0,51.80000026226044,1.294015926361084,-1.0
0.0589691405184567,0.013150803511962295,12,0.28870323998853564,0.0009460482294732422,0,50.6,1.318054711341858,-1.0
0.057297297986224294,0.013718778791371733,13,0.28428964503109455,0.0009368855235010348,0,54.40000023841858,1.2054912462234497,-1.0
0.05638668325264007,0.009905574494041502,14,0.2653903930913657,0.0009270568813552758,0,56.60000026226044,1.1551708488464356,-1.0
0.05648505873978138,0.012764531245920807,15,0.27723441319540143,0.0009165774580897602,0,58.20000061988831,1.0921240272521973,-1.0
0.05657459999201819,0.0069995945086702704,16,0.25455393292941153,0.0009054634122155992,0,62.400000143051145,1.0105488033294678,-1.0
0.06076606654096395,0.0057925404398702085,17,0.26645549992099404,0.0008937318807859689,0,66.59999942779541,0.9583308315277099,-1.0
0.058773888216819614,0.010036450752522796,18,0.27547521609812975,0.0008814009529720156,0,63.59999990463257,0.9680949125289917,-1.0
0.062282814586069435,0.007902464945800602,19,0.2810522539075464,0.0008684896421706646,0,66.8000005722046,0.8921565141677856,-1.0
0.058659674774389714,0.006074916222132742,20,0.25922681600786746,0.0008550178566873412,0,68.20000009536743,0.904166410446167,-1.0
0.06443520751781762,0.0072795317391864955,21,0.28714461415074766,0.0008410063690388064,0,70.1999994277954,0.8229568829536438,-1.0
0.06165434478316456,0.006261355709284544,22,0.271943103056401,0.0008264767839234412,0,70.99999961853027,0.7494380617141724,-1.0
0.08023374318145216,0.009280127298552543,23,0.3583512350451201,0.000811451504908368,0,72.80000047683716,0.7324204359054566,-1.0
0.08178464724915102,0.009325843246188015,24,0.3647295020055026,0.0007959536998847743,0,77.80000023841858,0.6340608563423157,-1.0
0.08249618101399392,0.014983895001932979,25,0.3901684859301895,0.0007800072653447032,0,78.79999933242797,0.5950023384094238,-1.0
0.08073773846263066,0.0073038177797570825,26,0.35240350011736155,0.0007636367895343947,0,79.99999976158142,0.5580145397186279,-1.0
0.08433176192920655,0.007867057109251618,27,0.36904651182703674,0.0007468675145409928,0,83.19999990463256,0.46714710450172425,-1.0
0.09356960078002885,0.006775230460334569,28,0.4016405870206654,0.0007297252973710758,0,86.80000033378602,0.39688340544700623,-1.0
0.07972493575653061,0.0062097032787278295,29,0.34397315699607134,0.0007122365700810271,0,84.99999923706055,0.41069803524017334,-1.0
0.05588100076420233,0.009669285267591476,30,0.26243809913285077,0.0006944282990207196,0,84.40000014305114,0.381619416475296,-1.0
0.08851851098006591,0.006535944761708379,31,0.38045397703535855,0.0006763279432533592,0,85.999999666214,0.40530562806129455,-1.0
0.09796471445588395,0.008045096532441676,32,0.42428205721080303,0.0006579634122155992,0,84.40000014305114,0.42408752512931824,-1.0
0.09989591100020334,0.006484049721620977,33,0.42577539500780404,0.000639363022683212,0,89.79999942779541,0.3322055978775024,-1.0
0.09694814623799175,0.0068813872640021145,34,0.41558709694072604,0.0006205554551086735,0,91.39999942779541,0.25856398248672485,-1.0
0.09717558440752327,0.006916790618561208,35,0.41660864697769284,0.0006015697093979838,0,90.19999923706055,0.28778915691375734,-1.0
0.09776487748604268,0.00744902272708714,36,0.4211168228648603,0.0005824350601949146,0,89.20000057220459,0.277571368932724,-1.0
0.07035501819336787,0.007391179329715669,37,0.3112692970316857,0.0005631810117416299,0,93.00000052452087,0.21978167855739594,-1.0
0.09838504181243479,0.006819056696258485,38,0.42110030888579786,0.0005438372523852835,0,92.79999961853028,0.21328297424316406,-1.0
0.0987501215422526,0.008057715487666428,39,0.42751609394326806,0.0005244336088007391,0,96.19999933242798,0.1526722136735916,-1.0
0.09869885194348171,0.008165033825207502,40,0.4277539511676878,0.0005050000000000001,0,96.59999957084656,0.1431953899860382,-1.0
0.1008393294760026,0.008507872524205595,41,0.4376797240693122,0.0004855663911992613,0,96.00000028610229,0.1426461135149002,-1.0
0.09788062347797677,0.009375407476909459,42,0.42932791891507804,0.00046616274761471693,0,97.59999980926514,0.092123854637146,-1.0
0.09948446427006274,0.007442325702868402,43,0.4280067791696638,0.00044681898825837057,0,96.39999980926514,0.10952271175384522,-1.0
0.0960695692920126,0.013307555229403079,44,0.4377613461110741,0.000427564939805086,0,98.00000047683716,0.08145378112792968,-1.0
0.09577599674230441,0.012817643757443875,45,0.43462739000096917,0.00040843029060201667,0,96.40000047683716,0.11941051554679871,-1.0
0.09771127963904291,0.01274679705966264,46,0.4420928070321679,0.000389444544891327,0,97.39999933242798,0.09270442456007004,-1.0
0.1015114847687073,0.008884121256414801,47,0.44183558295480907,0.0003706369773167883,0,98.60000023841857,0.06371755120158196,-1.0
0.09826737834373489,0.0064425969030708075,48,0.4191222540102899,0.0003520365877844012,0,98.8,0.06321963179111481,-1.0
0.09861586493207142,0.008250581857282668,49,0.42772217094898224,0.0003336720567466412,0,98.8,0.052109052672982215,-1.0
0.08585116121685132,0.006421964033506811,50,0.3693310469388962,0.0003155717009792807,0,99.4,0.033563392519950865,-1.0
0.05724140669917688,0.007077646267134696,51,0.25751106394454837,0.00029776342991897335,0,99.4,0.04961988055706024,-1.0
0.057688130997121334,0.009340497548691928,52,0.26834307704120874,0.00028027470262892445,0,99.4,0.03311187493801117,-1.0
0.050777869939338416,0.01020715176127851,53,0.24416513508185744,0.0002631324854590073,0,99.20000047683716,0.03536829087138176,-1.0
0.08443570992676541,0.012475979106966406,54,0.38788651395589113,0.0002463632104656054,0,99.80000023841858,0.024767147183418273,-1.0
0.06339737144298851,0.0065520842908881605,55,0.28002559510059655,0.0002299927346552969,0,99.40000023841858,0.031530756294727326,-1.0
0.05761853652074933,0.006419963727239519,56,0.2563965250737965,0.00021404630011522587,0,99.6,0.028899731665849686,-1.0
0.05805810331366956,0.01370787969790399,57,0.2873006369918585,0.00019854849509163232,0,100.0,0.015834206998348237,-1.0
0.05909435823559761,0.00781282625393942,58,0.2678510509431362,0.00018352321607655918,0,100.0,0.016030123561620712,-1.0
0.05775195674505085,0.00762897526146844,59,0.2617616639472544,0.00016899363096119395,0,99.8,0.020154648169875146,-1.0
0.05750777875073254,0.013563861255533993,60,0.2845055579673499,0.000154982143312659,0,100.0,0.012337898328900337,-1.0
0.08055953623261303,0.012776606774423271,61,0.3735717518720776,0.0001415103578293356,0,100.0,0.01158107691258192,-1.0
0.07779124745866284,0.00982413231395185,62,0.35072214994579554,0.0001285990470279847,0,99.80000023841858,0.012398997694253922,-1.0
0.08974823099561036,0.007321860291995108,63,0.38853310397826135,0.0001162681192140312,0,100.0,0.009052338317036628,-1.0
0.08923748304368928,0.011623852187767625,64,0.4037130910437554,0.00010453658778440107,0,99.8,0.009744219549000264,-1.0
0.08607953047612682,0.006184202735312283,65,0.36930134193971753,9.342254191024022e-05,0,100.0,0.01169948410242796,-1.0
0.08160331781255081,0.006273859471548349,66,0.35175796202383935,8.294311864472437e-05,0,99.6,0.015741478741168977,-1.0
0.0858860207372345,0.006380264007020742,67,0.36931263003498316,7.311447649896551e-05,0,100.0,0.010569230765104293,-1.0
0.09037438919767737,0.0069023765390738845,68,0.3893598720896989,6.395177052675794e-05,0,100.0,0.008900327354669571,-1.0
0.08926857740152627,0.012929575808811933,69,0.4090255219489336,5.546912895658472e-05,0,100.0,0.010794465139508247,-1.0
0.08310422208160162,0.010082702210638672,70,0.37300353101454675,4.767963140691306e-05,0,100.0,0.008027452439069748,-1.0
0.08095424942439422,0.008984123822301626,71,0.3599970780778676,4.059528871837034e-05,0,100.0,0.009041225172579288,-1.0
0.08167362026870251,0.013233819976449013,72,0.3798840418457985,3.4227024433899e-05,0,100.0,0.011428998462855815,-1.0
0.07473066804232076,0.01297703746240586,73,0.3510823391843587,2.8584657955444653e-05,0,100.0,0.007852840851992369,-1.0
0.09201176295755431,0.008760260825511068,74,0.4033381200861186,2.367688940315011e-05,0,100.0,0.007893902592360974,-1.0
0.08389164425898343,0.006069856230169535,75,0.36009303317405283,1.951128620040094e-05,0,100.0,0.008420104473829269,-1.0
0.08549624419538304,0.007904670550487936,76,0.3738469039089978,1.6094271405406862e-05,0,100.0,0.007027676992118359,-1.0
0.08187587599968538,0.009595923009328544,77,0.3661242420785129,1.3431113807311488e-05,0,100.0,0.008289103731513023,-1.0
0.0859783417545259,0.013540351006668061,78,0.39833111595362425,1.1525919802101659e-05,0,100.0,0.009034928608685731,-1.0
0.08740315935574472,0.010503087134566158,79,0.3918646650854498,1.0381627060842164e-05,0,100.0,0.006547791749238968,-1.0
0.08692691754549742,0.006095514982007444,80,0.372326095122844,1e-05,0,100.0,0.008976887330412865,-1.0
0.10426955106668175,0.03570397170260549,1,0.700207102810964,0.000999618372939158,1,14.833333472410837,2.4676983706156412,-1.0
0.09674888057634234,0.0063284618314355615,2,0.5157396809663624,0.0009984740801978985,1,22.00000007947286,2.173927294413249,-1.0
0.09463449637405574,0.005052823992446065,3,0.4987441129051149,0.0009965688861926887,1,28.333333373069763,1.9455443906784058,-1.0
0.09452601154334843,0.00898682945407927,4,0.5178682808764279,0.0009939057285945933,1,30.666666825612385,1.857302443186442,-1.0
0.09188000420108437,0.009369046380743384,5,0.5065387529321015,0.0009904887137995992,1,37.166666984558105,1.7231990480422974,-1.0
0.09580261060036718,0.009714800398796797,6,0.527880395995453,0.00098632311059685,1,39.833333452542625,1.6094856723149618,-1.0
0.09502458623610437,0.012604713765904307,7,0.5384371860418469,0.0009814153420445555,1,40.00000019868215,1.5802118889490764,-1.0
0.09653105423785746,0.011767580779269338,8,0.5418040009681135,0.0009757729755661012,1,44.666666746139526,1.509513545036316,-1.0
0.09646952836774289,0.007065484020859003,9,0.5179670790676028,0.0009694047112816298,1,46.16666682561239,1.4525395758946738,-1.0
0.0521265366114676,0.007786047831177712,10,0.29984807781875134,0.0009623203685930871,1,46.33333317438761,1.4501583417256674,-1.0
0.053565987199544904,0.007668964797630906,11,0.3064787359908223,0.0009545308710434153,1,50.000000635782875,1.3601398913065592,-1.0
0.0532154019922018,0.010094411252066494,12,0.3167763869278133,0.0009460482294732422,1,53.50000023841858,1.3138965797424316,-1.0
0.08686349419876933,0.012452851980924606,13,0.49681258806958795,0.0009368855235010348,1,55.83333373069763,1.2142833948135376,-1.0
0.06542432801797986,0.007913332805037499,14,0.3669520290568471,0.0009270568813552758,1,56.5,1.1680226707458496,-1.0
0.05827318336814642,0.010066930437460542,15,0.3420475379098207,0.0009165774580897602,1,59.49999992052714,1.0991931613286336,-1.0
0.05810403623618186,0.011098932381719351,16,0.34625701582990587,0.0009054634122155992,1,59.33333365122477,1.1125416135787964,-1.0
0.07248470834456384,0.007758611254394055,17,0.401467374060303,0.0008937318807859689,1,62.333333810170494,1.045287226041158,-1.0
0.0749040839727968,0.005544665409252048,18,0.40249219886027277,0.0008814009529720156,1,61.0,1.0261030546824137,-1.0
0.08300383435562253,0.012834692047908903,19,0.47947578597813845,0.0008684896421706646,1,65.83333333333333,0.9654992119471232,-1.0
0.08037470616400241,0.008681356022134424,20,0.44552166387438774,0.0008550178566873412,1,67.16666706403096,0.9355391025543213,-1.0
0.08264195821247995,0.009853151952847838,21,0.46272632596082985,0.0008410063690388064,1,65.16666722297668,0.9276901769638062,-1.0
0.08600618778727949,0.0058054962195456025,22,0.45931156794540584,0.0008264767839234412,1,64.8333334128062,0.9162259968121846,-1.0
0.08660148195922375,0.005195682030171156,23,0.45922975591383874,0.000811451504908368,1,71.83333357175191,0.8130549534161886,-1.0
0.07869420200586319,0.012941488204523921,24,0.45843140920624137,0.0007959536998847743,1,70.99999984105428,0.7740748318036398,-1.0
0.08091867156326771,0.012288467399775982,25,0.46628536004573107,0.0007800072653447032,1,77.1666669845581,0.6712145845095316,-1.0
0.08403634168207645,0.007492289924994111,26,0.457881964975968,0.0007636367895343947,1,79.50000007947285,0.5883436989784241,-1.0
0.08124678926542402,0.010535390349105,27,0.45915115787647665,0.0007468675145409928,1,80.16666682561238,0.561207279364268,-1.0
0.08072025026194751,0.009592132549732924,28,0.4518185490742326,0.0007297252973710758,1,83.66666746139526,0.4980086366335551,-1.0
0.0853389356750995,0.006658340338617563,29,0.46023522317409515,0.0007122365700810271,1,85.33333357175191,0.4341715041796366,-1.0
0.08612112002447248,0.00889066318050027,30,0.4753001378849149,0.0006944282990207196,1,86.83333365122478,0.4063078753153483,-1.0
0.08324470929801464,0.00948368813842535,31,0.4639015661086887,0.0006763279432533592,1,86.16666690508525,0.40573509176572164,-1.0
0.08223519036546349,0.010987562034279108,32,0.46636391594074667,0.0006579634122155992,1,88.33333333333333,0.36888885060946147,-1.0
0.0837758214212954,0.010761717148125172,33,0.47294888412579894,0.000639363022683212,1,86.33333381017049,0.3832822982470194,-1.0
0.0796369428280741,0.011034269817173481,34,0.4536127580795437,0.0006205554551086735,1,88.33333396911621,0.33591909249623614,-1.0
0.08393545853905379,0.010780810052528978,35,0.4738299548625946,0.0006015697093979838,1,89.83333365122478,0.31054110169410704,-1.0
0.07729196664877236,0.006719048973172903,36,0.42032914888113737,0.0005824350601949146,1,91.83333349227905,0.23850009441375733,-1.0
0.05678918734192848,0.005705290054902434,37,0.3127478798851371,0.0005631810117416299,1,92.33333412806194,0.24827459653218586,-1.0
0.08506832011044026,0.007545511657372117,38,0.46331719984300435,0.0005438372523852835,1,90.33333357175191,0.2620575928688049,-1.0
0.09772478300146759,0.005633790604770183,39,0.51705377898179,0.0005244336088007391,1,91.83333357175191,0.2533832232157389,-1.0
0.09702180540189147,0.006467846827581525,40,0.5177186860237271,0.0005050000000000001,1,93.66666746139526,0.18918317437171936,-1.0
0.09497852763161063,0.007338709570467472,41,0.5118354789447039,0.0004855663911992613,1,96.16666730244954,0.1494909950097402,-1.0
0.0892420987598598,0.010695356037467718,42,0.49994038278236985,0.00046616274761471693,1,94.3333334128062,0.1567223616441091,-1.0
0.0983500360045582,0.012640402605757117,43,0.555203819880262,0.00044681898825837057,1,97.33333381017049,0.11849364280700683,-1.0
0.0970653627999127,0.005207293387502432,44,0.5116029500495642,0.000427564939805086,1,97.66666714350383,0.09037794431050618,-1.0
0.09518521283753216,0.004983452335000038,45,0.5011077809613198,0.00040843029060201667,1,96.6666669845581,0.10884803464015325,-1.0
0.09434028454124928,0.005152445659041405,46,0.4977300299797207,0.000389444544891327,1,97.16666714350383,0.09122844894727071,-1.0
0.0962799396365881,0.004830641159787774,47,0.5062660230323672,0.0003706369773167883,1,96.66666706403096,0.09794781784216564,-1.0
0.09589423765428365,0.010635488154366612,48,0.53290128801018,0.0003520365877844012,1,98.33333365122478,0.06979664822419485,-1.0
0.09545356319285929,0.010159981623291969,49,0.5283265318721533,0.0003336720567466412,1,98.83333381017049,0.05467832048734029,-1.0
0.0951959568541497,0.006617108546197415,50,0.5093080198857933,0.0003155717009792807,1,99.1666669845581,0.04495384226242701,-1.0
0.0972509247250855,0.00718773347325623,51,0.5224670111201704,0.00029776342991897335,1,99.16666666666667,0.05259740357597669,-1.0
0.09669709480367601,0.005705682607367635,52,0.5122753381729126,0.00028027470262892445,1,99.5,0.03572068418065707,-1.0
0.09997153184376657,0.009849530179053545,53,0.5493502970784903,0.0002631324854590073,1,99.00000031789143,0.042952589591344195,-1.0
0.05408363924361766,0.008261716552078724,54,0.31197612290270627,0.0002463632104656054,1,99.16666682561238,0.03325705304741859,-1.0
0.04988371706567705,0.009773454116657376,55,0.2985233520157635,0.0002299927346552969,1,100.0,0.020867702563603718,-1.0
0.05472092763520777,0.00929571855813265,56,0.3203679781872779,0.00021404630011522587,1,99.33333333333333,0.026929700349768004,-1.0
0.06573660443536937,0.004861082183197141,57,0.3532470599748194,0.00019854849509163232,1,99.83333349227905,0.023481008956829707,-1.0
0.07015928942710162,0.007743861014023423,58,0.38976394501514733,0.00018352321607655918,1,99.50000031789143,0.021561510612567267,-1.0
0.05933087598532438,0.010868611792102457,59,0.3512377990409732,0.00016899363096119395,1,100.0,0.014547279750307401,-1.0
0.05595087315887213,0.005367060843855143,60,0.30682224896736443,0.000154982143312659,1,99.83333333333333,0.015929193335274854,-1.0
0.05689801862463355,0.007647346192970872,61,0.32297394378110766,0.0001415103578293356,1,100.0,0.013794159839550653,-1.0
0.08092079241760075,0.007832816150039435,62,0.4440607610158622,0.0001285990470279847,1,99.83333333333333,0.013841631052394708,-1.0
0.06605382896959781,0.005163544230163098,63,0.35638149711303413,0.0001162681192140312,1,99.66666666666667,0.01719973772764206,-1.0
0.08373210742138326,0.005041380785405636,64,0.44411429087631404,0.00010453658778440107,1,100.0,0.010560309663414955,-1.0
0.0834955113939941,0.004884493397548794,65,0.4421447007916868,9.342254191024022e-05,1,100.0,0.01337087482213974,-1.0
0.07969593303278089,0.01121473596431315,66,0.45480124605819583,8.294311864472437e-05,1,100.0,0.011061066289742788,-1.0
0.08482841486111284,0.0056532315444201234,67,0.4526446359232068,7.311447649896551e-05,1,100.0,0.010193077785273393,-1.0
0.08320824666880071,0.007891183299943805,68,0.455766644096002,6.395177052675794e-05,1,99.6666669845581,0.01566913257042567,-1.0
0.08543445062823593,0.008351144939661026,69,0.4692621680442244,5.546912895658472e-05,1,99.83333333333333,0.010947285716732343,-1.0
0.08538754247128963,0.004945655120536685,70,0.4519550111144781,4.767963140691306e-05,1,99.83333333333333,0.01378576053927342,-1.0
0.09129619281738996,0.00676269237883389,71,0.4905773000791669,4.059528871837034e-05,1,100.0,0.00859341349452734,-1.0
0.08349889777600765,0.008444465044885874,72,0.4604595659766346,3.4227024433899e-05,1,100.0,0.009903142458448807,-1.0
0.09192543583922089,0.011059914156794548,73,0.5152203999459743,2.8584657955444653e-05,1,100.0,0.007473965249955654,-1.0
0.08092783275060356,0.01054419344291091,74,0.4576829557772726,2.367688940315011e-05,1,100.0,0.008280301429331303,-1.0
0.08146169101819396,0.007555035781115294,75,0.4453780557960272,1.951128620040094e-05,1,100.0,0.008407762770851453,-1.0
0.07119113360531629,0.007890937384217978,76,0.3957001988310367,1.6094271405406862e-05,1,100.0,0.007935827995340029,-1.0
0.08361380575224757,0.010933815641328693,77,0.47297325916588306,1.3431113807311488e-05,1,99.83333333333333,0.012429074210425217,-1.0
0.08607106837444008,0.010604716185480357,78,0.4836880068760365,1.1525919802101659e-05,1,99.83333333333333,0.012748443099359671,-1.0
0.08364958786405623,0.008193642739206553,79,0.4594536079093814,1.0381627060842164e-05,1,99.83333333333333,0.01313338772704204,-1.0
0.08321419144049287,0.008921351190656424,80,0.46097300481051207,1e-05,1,100.0,0.007694130546102921,-1.0
0.1026295351718242,0.03325323748867959,1,0.8156215031631291,0.000999618372939158,2,14.428571479661125,2.4604558495112827,-1.0
0.09288051033702989,0.0049342580217247205,2,0.5873371320776641,0.0009984740801978985,2,24.285714430468424,2.1163346563066754,-1.0
0.09237938630394638,0.005413267024171849,3,0.5870786539744586,0.0009965688861926887,2,26.571428809847152,1.9986690882274083,-1.0
0.09452289331238717,0.005042478209361434,4,0.5977148828096688,0.0009939057285945933,2,33.42857154778072,1.8192503234318325,-1.0
0.09326512164746721,0.00570282634968559,5,0.5940464360173792,0.0009904887137995992,2,31.714285952704294,1.8043134416852677,-1.0
0.09207111767803629,0.006607621830577652,6,0.5923214999493212,0.00098632311059685,2,34.14285736424582,1.7579778153555734,-1.0
0.06317145563662052,0.008514730026945472,7,0.4304261167999357,0.0009814153420445555,2,36.0000000681196,1.665889458656311,-1.0
0.05174191439679513,0.009510358640303215,8,0.3678084199782461,0.0009757729755661012,2,40.28571457522256,1.6152883073261806,-1.0
0.05221864868265887,0.004491757795525094,9,0.34055211395025253,0.0009694047112816298,2,42.14285722800663,1.5668495416641235,-1.0
0.07612043207821746,0.004541222394133608,10,0.484220010926947,0.0009623203685930871,2,42.0000000681196,1.5555721582685198,-1.0
0.05905699481566747,0.008210444046805302,11,0.4038516029249877,0.0009545308710434153,2,45.000000085149495,1.4546798454012189,-1.0
0.05529492212614665,0.005833778879605234,12,0.36703898711130023,0.0009460482294732422,2,47.0000000681196,1.3942090688432967,-1.0
0.05252552719321102,0.006905773615775009,13,0.35682575101964176,0.0009368855235010348,2,52.28571472849165,1.2875970261437553,-1.0
0.05637679357702533,0.003995849401690066,14,0.3624655520543456,0.0009270568813552758,2,54.000000153269085,1.2597812809262956,-1.0
0.06753417174331844,0.0054621120604376,15,0.4382480289787054,0.0009165774580897602,2,54.85714304447174,1.241465584209987,-1.0
0.07255785015877336,0.00551073831350853,16,0.46865589707158506,0.0009054634122155992,2,52.4285718032292,1.2288003322056362,-1.0
0.0830491070325176,0.00410418879861633,17,0.5231686381157488,0.0008937318807859689,2,56.42857163293021,1.1498049531664167,-1.0
0.0838719349897777,0.0041599943457792206,18,0.5284778149798512,0.0008814009529720156,2,57.285714626312256,1.1350269848959786,-1.0
0.08147714337489258,0.007387845932195584,19,0.5335503371898085,0.0008684896421706646,2,59.000000272478374,1.0972081889425005,-1.0
0.08487453785104056,0.009297416312620044,20,0.5652823499403894,0.0008550178566873412,2,62.14285748345511,1.0314365816116333,-1.0
0.07878369849640876,0.010401984870744249,21,0.5353562321979553,0.0008410063690388064,2,61.000000306538176,1.0793686267307827,-1.0
0.08449647269056489,0.008219223973962167,22,0.5565550709143281,0.0008264767839234412,2,63.857142857142854,0.9592514153889248,-1.0
0.08193012881868829,0.008486425504088402,23,0.5427347589284182,0.000811451504908368,2,65.14285714285714,0.9213080072402954,-1.0
0.0826593980115528,0.007287550989227991,24,0.5399239279795438,0.0007959536998847743,2,69.00000017029899,0.8252524559838431,-1.0
0.08173819968942553,0.00762630149256438,25,0.5364328150171787,0.0007800072653447032,2,68.00000040871757,0.8376364449092321,-1.0
0.08311671352324386,0.0045175964866454405,26,0.5260876519605517,0.0007636367895343947,2,72.42857166699001,0.7402507495880127,-1.0
0.08491365316634376,0.004529627660910289,27,0.5369326339568943,0.0007468675145409928,2,75.42857163293021,0.6653635835647583,-1.0
0.08120485837571323,0.006304601323790848,28,0.5252863022033125,0.0007297252973710758,2,78.1428576196943,0.6194859640938896,-1.0
0.0830475214170292,0.006457895933029552,29,0.5372641410212964,0.0007122365700810271,2,81.14285765375409,0.5337748323168073,-1.0
0.08127393018609534,0.007843615797658762,30,0.5349571441765875,0.0006944282990207196,2,80.71428595270429,0.5358932535988944,-1.0
0.07154237013310194,0.006510806852020323,31,0.468553262995556,0.0006763279432533592,2,82.71428591864449,0.5111037942341395,-1.0
0.08213174913544208,0.009816624030160407,32,0.5519230079371482,0.0006579634122155992,2,82.57142908232552,0.5157315976279122,-1.0
0.08106544963084161,0.00648231905264159,33,0.5255391211248934,0.000639363022683212,2,82.8571434702192,0.4876929123061044,-1.0
0.08069472884138425,0.004335909305761258,34,0.5104408839251846,0.0006205554551086735,2,86.28571449007306,0.40990013156618393,-1.0
0.08486817963421345,0.004091993866798778,35,0.5339922381099313,0.0006015697093979838,2,81.71428619112287,0.48623895015035357,-1.0
0.0830613753835981,0.00739381512782226,36,0.542974037816748,0.0005824350601949146,2,86.28571466037205,0.39902833904538837,-1.0
0.08304251881781965,0.008534205689405402,37,0.5496946491766721,0.0005631810117416299,2,86.00000020435878,0.4083659325327192,-1.0
0.08154038964615513,0.0076692611910402775,38,0.5354952600318938,0.0005438372523852835,2,87.0000001362392,0.36362746340887886,-1.0
0.08456189251349618,0.0050203266243139906,39,0.5377879261504859,0.0005244336088007391,2,87.1428577218737,0.37808737533433096,-1.0
0.08451196582367022,0.006279290032883485,40,0.5450618059840053,0.0005050000000000001,2,87.57142901420593,0.37578426718711855,-1.0
0.0843364680185914,0.0043883443189164,41,0.5326894850004464,0.0004855663911992613,2,90.1428577218737,0.2894295677116939,-1.0
0.0647009778379773,0.006352918494182329,42,0.42656146502122283,0.00046616274761471693,2,92.428571837289,0.24601485669612885,-1.0
0.09012769298472752,0.008702552993781865,43,0.5932326628826559,0.00044681898825837057,2,94.57142884390694,0.18324236733572824,-1.0
0.09464551349325727,0.010677838038342694,44,0.6321888929232955,0.000427564939805086,2,94.71428602082389,0.16544696688652039,-1.0
0.09573908200642715,0.009859131299890578,45,0.6338403772097081,0.00040843029060201667,2,96.00000064713615,0.13499076059886386,-1.0
0.08884828735608608,0.006290124651665489,46,0.5710762699600309,0.000389444544891327,2,97.42857197352818,0.09811547194208417,-1.0
0.09612889483105391,0.008546539000235498,47,0.6282907400745898,0.0003706369773167883,2,96.42857200758797,0.1367525737626212,-1.0
0.09542908597116669,0.006107128729733328,48,0.609456516103819,0.0003520365877844012,2,97.71428612300328,0.10684294675077712,-1.0
0.09354420452533911,0.006523268995806575,49,0.600640444085002,0.0003336720567466412,2,97.4285717010498,0.10150068823780332,-1.0
0.0916704231640324,0.00975167534003655,50,0.6087647490203381,0.0003155717009792807,2,98.00000027247837,0.07835683218070438,-1.0
0.09383791510481387,0.008314169089620313,51,0.6131734750233591,0.00029776342991897335,2,98.42857142857143,0.06409641687359129,-1.0
0.09179897567567726,0.004693842492997646,52,0.5792243699543178,0.00028027470262892445,2,99.14285714285714,0.05604857493724142,-1.0
0.09724786318838596,0.007344836640792589,53,0.628175798105076,0.0002631324854590073,2,98.71428625924247,0.05143295326403209,-1.0
0.09075765020679682,0.009670697307835022,54,0.6028451668098569,0.0002463632104656054,2,99.71428571428571,0.03449123156922204,-1.0
0.09547521476633847,0.004508334716471533,55,0.6001788519788533,0.0002299927346552969,2,99.00000040871757,0.047603448842253,-1.0
0.05744787627675881,0.006296188725779454,56,0.38277788017876446,0.00021404630011522587,2,99.71428571428571,0.03283017098903656,-1.0
0.05543162351629386,0.005287273321300745,57,0.3647812318522483,0.00019854849509163232,2,99.14285778999329,0.039529356381722856,-1.0
0.057532476532893874,0.0072075126226991415,58,0.3886666251346469,0.00018352321607655918,2,99.857143504279,0.022923753708601,-1.0
0.08176040226438393,0.0038763522170484066,59,0.5140475470107049,0.00016899363096119395,2,100.0,0.020285052417644434,-1.0
0.06056414800696075,0.004276914328026275,60,0.3893356181215495,0.000154982143312659,2,99.85714285714286,0.02098393412572997,-1.0
0.058940725517459214,0.0043474331420535845,61,0.3800356420688331,0.0001415103578293356,2,99.57142857142857,0.0246595518716744,-1.0
0.059025205322541296,0.004364999515625338,62,0.3806076180189848,0.0001285990470279847,2,100.0,0.01591233660067831,-1.0
0.07741866912692785,0.010362360393628478,63,0.52693119389005,0.0001162681192140312,2,99.85714285714286,0.017297038989407675,-1.0
0.07597989468680073,0.008649453481969735,64,0.5080243919510394,0.00010453658778440107,2,99.85714285714286,0.018928611991660935,-1.0
0.08049469681767125,0.004374101835613449,65,0.5094544349703938,9.342254191024022e-05,2,99.85714285714286,0.015694425723382404,-1.0
0.08612682398719092,0.0046651595427344246,66,0.5449920401442796,8.294311864472437e-05,2,99.85714285714286,0.0193147812890155,-1.0
0.08219762414228171,0.006841347203589976,67,0.5344879990443587,7.311447649896551e-05,2,100.0,0.01498309815036399,-1.0
0.0820721978476892,0.006596506844895582,68,0.532255592988804,6.395177052675794e-05,2,99.71428571428571,0.017329077422618865,-1.0
0.07913523147969197,0.008728281672423085,69,0.5274304221384227,5.546912895658472e-05,2,100.0,0.012125733766172613,-1.0
0.07000791533694913,0.004348765166165928,70,0.44638189603574574,4.767963140691306e-05,2,100.0,0.01425496578748737,-1.0
0.08352707295368116,0.010946766201717159,71,0.5670786278788,4.059528871837034e-05,2,100.0,0.012842395667518889,-1.0
0.08712673435608546,0.005713935825042427,72,0.5572882369160652,3.4227024433899e-05,2,100.0,0.012676242611237934,-1.0
0.0811874201366057,0.005303180543705821,73,0.5192153309471905,2.8584657955444653e-05,2,100.0,0.011404244415462016,-1.0
0.08033798565156758,0.008978002510654429,74,0.536227986915037,2.367688940315011e-05,2,99.857143504279,0.01522178332720484,-1.0
0.08273011698232342,0.006392826675437391,75,0.5350115129258484,1.951128620040094e-05,2,100.0,0.012226236909627914,-1.0
0.08213546716918547,0.0062286343503122526,76,0.5305114400107414,1.6094271405406862e-05,2,99.857143504279,0.014873722685234887,-1.0
0.0798948248072217,0.004908330544518928,77,0.5090538640506566,1.3431113807311488e-05,2,100.0,0.010944532379508019,-1.0
0.08412275731097907,0.0067735071837281184,78,0.5456393088679761,1.1525919802101659e-05,2,100.0,0.011413595569985254,-1.0
0.08521863274897139,0.0068376652197912335,79,0.5525967259891331,1.0381627060842164e-05,2,100.0,0.012089603160108838,-1.0
0.08140753814950585,0.0090248411676536,80,0.5428712209686637,1e-05,2,100.0,0.00989720479186092,-1.0
0.09777161918048348,0.031420772562601736,1,0.9047030678484589,0.000999618372939158,3,13.875,2.4947970581054686,-1.0
0.09213762081760381,0.007561013767761844,2,0.698216101853177,0.0009984740801978985,3,20.625,2.1508415222167967,-1.0
0.09463556819329304,0.006337595970502922,3,0.707092319149524,0.0009965688861926887,3,25.375,2.047841453552246,-1.0
0.09394555425803576,0.00823579718624907,4,0.715512725058943,0.0009939057285945933,3,32.125,1.9251612472534179,-1.0
0.09374451617311154,0.007355467715699758,5,0.70795206585899,0.0009904887137995992,3,31.875,1.8520370483398438,-1.0
0.0923351772528674,0.003433328288208161,6,0.6706285930704325,0.00098632311059685,3,32.375,1.7609432983398436,-1.0
0.07959028197053288,0.0044786337363932815,7,0.5887331378180534,0.0009814153420445555,3,37.5,1.7378995513916016,-1.0
0.05761386513976114,0.008809093884857637,8,0.4652024570386857,0.0009757729755661012,3,38.5,1.6982411193847655,-1.0
0.057528013396742086,0.005729579898927893,9,0.4430628530681133,0.0009694047112816298,3,39.75,1.6536183166503906,-1.0
0.08110148792288133,0.00709562748670578,10,0.6177133589517325,0.0009623203685930871,3,41.875,1.6055904388427735,-1.0
0.058720207739887495,0.0036342858469911982,11,0.4367669231723994,0.0009545308710434153,3,43.875,1.5318732452392578,-1.0
0.056414166964324455,0.007684491741071854,12,0.4495508230756968,0.0009460482294732422,3,44.375,1.5438050842285156,-1.0
0.07743120629207365,0.004454672003963164,13,0.5735271179582924,0.0009368855235010348,3,46.875,1.4633233833312989,-1.0
0.07823527780627566,0.007650960070480194,14,0.6015091731678694,0.0009270568813552758,3,46.5,1.4731186103820801,-1.0
0.08190722354421658,0.005563120158123118,15,0.6125851958058774,0.0009165774580897602,3,51.25,1.3773634719848633,-1.0
0.08355384386543717,0.0071219926966088155,16,0.6350357530172914,0.0009054634122155992,3,47.875,1.4099138832092286,-1.0
0.08014435277852629,0.008120693931622165,17,0.6181657430715859,0.0008937318807859689,3,50.25,1.4030423164367676,-1.0
0.07969501331847693,0.007466561427073819,18,0.6104316038545221,0.0008814009529720156,3,52.625,1.2751257705688477,-1.0
0.08290902029589883,0.005385209872786488,19,0.6183586490806192,0.0008684896421706646,3,52.125,1.291972427368164,-1.0
0.08277367354769792,0.006215368031657168,20,0.6231690710410476,0.0008550178566873412,3,54.75,1.2280755615234376,-1.0
0.08295513173964407,0.009148918092250824,21,0.6449655350297689,0.0008410063690388064,3,54.75,1.191871337890625,-1.0
0.08366679037655038,0.008547278753082668,22,0.6457518839742988,0.0008264767839234412,3,56.875,1.129573230743408,-1.0
0.08160375161761683,0.008378005653087581,23,0.6301022560801357,0.000811451504908368,3,61.5,1.0381441116333008,-1.0
0.0809072009953005,0.004824070858636073,24,0.6003671151120216,0.0007959536998847743,3,61.75,1.0536027717590333,-1.0
0.08423459087498486,0.006117070127012474,25,0.632719452958554,0.0007800072653447032,3,60.75,1.040747013092041,-1.0
0.07892372971400619,0.007732672317485724,26,0.6068480149842799,0.0007636367895343947,3,61.5,1.0797730350494386,-1.0
0.0855791138352028,0.0075556863365428785,27,0.6521901120431721,0.0007468675145409928,3,63.125,0.9735023689270019,-1.0
0.08406315943492311,0.008299672277644277,28,0.6467797318473458,0.0007297252973710758,3,64.75,0.9505169200897217,-1.0
0.08273645071312785,0.006546183156647852,29,0.6252224650233984,0.0007122365700810271,3,65.625,0.9086282253265381,-1.0
0.08116361974472446,0.0047056403875883135,30,0.6013131730724126,0.0006944282990207196,3,69.125,0.8392983245849609,-1.0
0.08275663882627018,0.0058262275997549295,31,0.620338223176077,0.0006763279432533592,3,69.5,0.7862243366241455,-1.0
0.08297675658416535,0.0076501767284103805,32,0.6346245978493243,0.0006579634122155992,3,72.375,0.7325012016296387,-1.0
0.08415639486962131,0.005701271417949881,33,0.6292488118633628,0.000639363022683212,3,76.375,0.6991695404052735,-1.0
0.08471572612013135,0.0072643401633415905,34,0.644101046025753,0.0006205554551086735,3,71.875,0.7397548723220825,-1.0
0.08311937283724546,0.007709353995908584,35,0.6360555100254714,0.0006015697093979838,3,74.75,0.6518043470382691,-1.0
0.08303573664410838,0.007133779781205314,36,0.63142228894867,0.0005824350601949146,3,77.5,0.5950528717041016,-1.0
0.08521105638439101,0.006416211902563061,37,0.6416727900505066,0.0005631810117416299,3,78.625,0.6053110098838806,-1.0
0.08547444425390235,0.007907922446195568,38,0.6539694981183857,0.0005438372523852835,3,79.625,0.531804358959198,-1.0
0.08531083292993051,0.008419779362156987,39,0.656467306194827,0.0005244336088007391,3,81.75,0.5003945755958558,-1.0
0.08514383002849561,0.008637392095157079,40,0.6567812340799719,0.0005050000000000001,3,85.25,0.42509146213531496,-1.0
0.08374778623692691,0.007723934183429394,41,0.6405837968923151,0.0004855663911992613,3,84.125,0.44281062841415403,-1.0
0.08260553044133953,0.003426523114155446,42,0.6025070289615542,0.00046616274761471693,3,83.625,0.43742003679275515,-1.0
0.0878876142336854,0.0038637969243739334,43,0.64252352504991,0.00044681898825837057,3,84.125,0.43549399375915526,-1.0
0.08544165331737272,0.00390423065982759,44,0.6256569819524884,0.000427564939805086,3,85.625,0.3930201816558838,-1.0
0.08315092541410454,0.004469559727502721,45,0.6135930099990219,0.00040843029060201667,3,86.25,0.3976267957687378,-1.0
0.08534673215555293,0.004141945724508592,46,0.6266827778890729,0.000389444544891327,3,87.125,0.3620275616645813,-1.0
0.07410990579852036,0.008520458758409535,47,0.578643447952345,0.0003706369773167883,3,88.875,0.3259282183647156,-1.0
0.09598273587679225,0.0037389578563826425,48,0.6982991979457438,0.0003520365877844012,3,92.625,0.2620621407032013,-1.0
0.09697689841102276,0.003996440442278981,49,0.707083276938647,0.0003336720567466412,3,93.5,0.22663113117218017,-1.0
0.09671026205510966,0.00372042423779411,50,0.703274053055793,0.0003155717009792807,3,92.0,0.2388687574863434,-1.0
0.09143955599782723,0.007272594708151051,51,0.6912218700163066,0.00029776342991897335,3,93.625,0.20077950030565261,-1.0
0.09240422135085932,0.007500102211322103,52,0.6995671708136797,0.00028027470262892445,3,94.625,0.16984014630317687,-1.0
0.09532720386050642,0.0034264298488519023,53,0.6915035990532488,0.0002631324854590073,3,96.5,0.13522225558757783,-1.0
0.09387639294644552,0.00714218446851841,54,0.7073643240146339,0.0002463632104656054,3,97.5,0.11336987853050232,-1.0
0.09517602259958428,0.004005703110513943,55,0.6945071429945529,0.0002299927346552969,3,97.375,0.10784562826156616,-1.0
0.09503613974499915,0.003743292963398354,56,0.6916931350715458,0.00021404630011522587,3,96.875,0.10940871179103852,-1.0
0.09613339243722814,0.004512856148981622,57,0.7047653628978878,0.00019854849509163232,3,97.25,0.10288557767868042,-1.0
0.09722221759147942,0.003709410716380392,58,0.7067739970516413,0.00018352321607655918,3,97.625,0.10454471349716186,-1.0
0.06759797991253436,0.0037206876690366437,59,0.4994663258548826,0.00016899363096119395,3,97.875,0.08852059483528137,-1.0
0.05914231260041041,0.003363034687936306,60,0.4377697389572859,0.000154982143312659,3,98.0,0.08419086277484894,-1.0
0.062275891158995886,0.003775851834299309,61,0.4626099730376154,0.0001415103578293356,3,98.25,0.0903943881392479,-1.0
0.07474898111208209,0.004240280715748668,62,0.5531932068988681,0.0001285990470279847,3,98.375,0.07759732007980347,-1.0
0.05813260995117681,0.004682429201368775,63,0.43994995090179145,0.0001162681192140312,3,98.625,0.0708198145031929,-1.0
0.07816868894068259,0.008359797465215837,64,0.6059972229413688,0.00010453658778440107,3,99.625,0.05526542901992798,-1.0
0.07589324310954128,0.005625176310007062,65,0.5709998230449855,9.342254191024022e-05,3,99.125,0.06366219580173492,-1.0
0.08052393411552268,0.008513129050178187,66,0.6235063320491463,8.294311864472437e-05,3,98.875,0.04946632534265518,-1.0
0.08288856742105313,0.004258929119844522,67,0.6102728680707514,7.311447649896551e-05,3,99.25,0.05656976282596588,-1.0
0.08201582257502846,0.004059545130335859,68,0.6028413050808012,6.395177052675794e-05,3,98.625,0.05926704108715057,-1.0
0.08758903018731092,0.004344468836539558,69,0.6438151649199426,5.546912895658472e-05,3,99.375,0.04185217291116714,-1.0
0.08791598411543029,0.008963321867798055,70,0.6783874810207635,4.767963140691306e-05,3,99.5,0.038333608508110045,-1.0
0.08533839249451246,0.004194040050996202,71,0.6269847250077873,4.059528871837034e-05,3,99.375,0.04689705073833465,-1.0
0.08379165555483528,0.0074836083222180605,72,0.6392299609724432,3.4227024433899e-05,3,99.875,0.0330251669883728,-1.0
0.08199506459225502,0.004340393701568246,73,0.6046691690571606,2.8584657955444653e-05,3,99.125,0.04025081902742386,-1.0
0.0814550501360957,0.0056269860028156215,74,0.6098842590581626,2.367688940315011e-05,3,99.375,0.046658613681793214,-1.0
0.0854272946848401,0.007865921294848834,75,0.6532860128208995,1.951128620040094e-05,3,99.625,0.035642274618148805,-1.0
0.08329162480575698,0.005988540327442544,76,0.6252919230610132,1.6094271405406862e-05,3,99.875,0.02936091333627701,-1.0
0.08254031614134354,0.00756259828007647,77,0.6310080639086664,1.3431113807311488e-05,3,99.75,0.030216435492038726,-1.0
0.08572605707948762,0.006254554060953004,78,0.6441524410620332,1.1525919802101659e-05,3,99.625,0.03770485043525696,-1.0
0.08118210473496999,0.0037991165383053677,79,0.5951620100531727,1.0381627060842164e-05,3,100.0,0.028083049058914185,-1.0
0.08204904025686639,0.005831025174951979,80,0.6154554509557784,1e-05,3,99.625,0.03577102690935135,-1.0
0.0992018740507774,0.025698787823785096,1,0.99948730901815,0.000999618372939158,4,14.444444444444445,2.495179443359375,-1.0
0.09445547001087107,0.005188716488191858,2,0.7974420851096511,0.0009984740801978985,4,21.11111111111111,2.2408542209201388,-1.0
0.09259994083549827,0.006280014029471204,3,0.7913191081024706,0.0009965688861926887,4,23.444444444444443,2.0722376844618053,-1.0
0.09430272234021686,0.0035391357669141144,4,0.7829780299216509,0.0009939057285945933,4,23.0,2.0576984320746528,-1.0
0.0942640911671333,0.0036799147201236337,5,0.7838064499665052,0.0009904887137995992,4,26.88888888888889,2.051691487630208,-1.0
0.09059082885505632,0.003409773897146806,6,0.7522538369521499,0.00098632311059685,4,24.0,2.025718044704861,-1.0
0.05384752812096849,0.0033884469885379076,7,0.45812317403033376,0.0009814153420445555,4,28.0,1.9747435845269097,-1.0
0.05123082862701267,0.0071844771155156195,8,0.4675533031113446,0.0009757729755661012,4,30.77777777777778,1.9193747287326388,-1.0
0.07690919999731705,0.0039061654824763536,9,0.6468674421776086,0.0009694047112816298,4,27.11111111111111,1.9396959771050348,-1.0
0.053092287096660584,0.0050429114198777825,10,0.4653177331201732,0.0009623203685930871,4,28.666666666666668,1.9356073676215277,-1.0
0.05440463687409647,0.004720274009741843,11,0.4732366241514683,0.0009545308710434153,4,27.666666666666668,1.9439982096354167,-1.0
0.056229131150757894,0.004895746475085616,12,0.4892494869418442,0.0009460482294732422,4,28.88888888888889,1.881734890407986,-1.0
0.0820841160020791,0.005196158745093271,13,0.698489649919793,0.0009368855235010348,4,32.333333333333336,1.8647645399305555,-1.0
0.07865956838941202,0.0049606589891482145,14,0.6692183939740062,0.0009270568813552758,4,29.444444444444443,1.897280544704861,-1.0
0.08017415000358596,0.006536478758789599,15,0.6939369880128652,0.0009165774580897602,4,33.111111111111114,1.860609402126736,-1.0
0.08333832101197913,0.006733579619321972,16,0.7208148448262364,0.0009054634122155992,4,30.22222222222222,1.8515380859375,-1.0
0.08190687370370142,0.0038440946664195508,17,0.6862580229062587,0.0008937318807859689,4,33.333333333333336,1.7805646430121527,-1.0
0.0823196418932639,0.0038346029759850353,18,0.6895074490457773,0.0008814009529720156,4,34.77777777777778,1.7413477918836806,-1.0
0.08271228373632766,0.0037268711312208325,19,0.6917542410083115,0.0008684896421706646,4,36.55555555555556,1.74744140625,-1.0
0.08121471339836717,0.0046676702331751585,20,0.687347301049158,0.0008550178566873412,4,35.333333333333336,1.7902972412109375,-1.0
0.08230494533199817,0.007165151298977435,21,0.716054773889482,0.0008410063690388064,4,34.333333333333336,1.760996331108941,-1.0
0.08101255563087761,0.00579040075535886,22,0.6947309321258217,0.0008264767839234412,4,33.888888888888886,1.7360572984483507,-1.0
0.08074562560068443,0.004107242421014234,23,0.6790873310528696,0.000811451504908368,4,31.11111111111111,1.7639564514160155,-1.0
0.08121313972515054,0.007854782044887543,24,0.7127969849389046,0.0007959536998847743,4,35.22222222222222,1.723616468641493,-1.0
0.08121053437935188,0.004371644230559468,25,0.6849073639605194,0.0007800072653447032,4,36.77777777777778,1.7003238932291667,-1.0
0.08307511871680617,0.004470809537451714,26,0.7006132949609309,0.0007636367895343947,4,38.111111111111114,1.6746916368272569,-1.0
0.08385603845817968,0.006326500908471644,27,0.7216927541885525,0.0007468675145409928,4,36.111111111111114,1.6894788953993056,-1.0
0.08215538100921549,0.006461836484959349,28,0.7091859818901867,0.0007297252973710758,4,38.44444444444444,1.6705535210503473,-1.0
0.08100996186840348,0.007132131751859561,29,0.7053779310081154,0.0007122365700810271,4,37.111111111111114,1.67796875,-1.0
0.08231170749058947,0.003089189878664911,30,0.6834659359883517,0.0006944282990207196,4,38.666666666666664,1.6497948201497397,-1.0
0.08166885212995112,0.006429492757888511,31,0.7050282319542021,0.0006763279432533592,4,40.111111111111114,1.6400668674045138,-1.0
0.0822554036276415,0.007246877619763836,32,0.7162572189699858,0.0006579634122155992,4,38.333333333333336,1.6484619818793402,-1.0
0.08427715665311553,0.004813548846868798,33,0.7129657948389649,0.000639363022683212,4,38.888888888888886,1.606071980794271,-1.0
0.08531423602835275,0.006687433720799163,34,0.7362698439974338,0.0006205554551086735,4,38.55555555555556,1.7022199842664931,-1.0
0.08512353911646642,0.0093788702506572,35,0.7563066361472011,0.0006015697093979838,4,42.0,1.6072650824652779,-1.0
0.08575285141705535,0.004902289598248899,36,0.725522420136258,0.0005824350601949146,4,41.0,1.6120486789279513,-1.0
0.08735766436439008,0.005750338023062795,37,0.7451514408458024,0.0005631810117416299,4,44.888888888888886,1.5267460123697916,-1.0
0.08667717996286228,0.0032455242762807757,38,0.7196600630413741,0.0005438372523852835,4,42.111111111111114,1.5245960150824653,-1.0
0.08487858399166726,0.00751467325608246,39,0.73942926293239,0.0005244336088007391,4,45.55555555555556,1.5066302659776476,-1.0
0.08486474037636071,0.006348807597532868,40,0.7300331320147961,0.0005050000000000001,4,46.333333333333336,1.476514146592882,-1.0
0.08367127410019748,0.007637857022928074,41,0.7308640249539167,0.0004855663911992613,4,44.333333333333336,1.4692257012261285,-1.0
0.0848360727832187,0.006375599332386628,42,0.7300257859751582,0.00046616274761471693,4,49.22222222222222,1.403537835015191,-1.0
0.08418737203464843,0.004007124487543479,43,0.7058499541599303,0.00044681898825837057,4,49.0,1.392024875217014,-1.0
0.0839208881079685,0.004938766767736524,44,0.7111708198208362,0.000427564939805086,4,52.111111111111114,1.3545463222927516,-1.0
0.08065354189602658,0.00823133671656251,45,0.711369225056842,0.00040843029060201667,4,49.666666666666664,1.3476593017578125,-1.0
0.07981730115716346,0.005007930478313938,46,0.6789007829502225,0.000389444544891327,4,52.55555555555556,1.3080027770996094,-1.0
0.08225085580488667,0.0035484968102537096,47,0.6866811420768499,0.0003706369773167883,4,51.333333333333336,1.339227820502387,-1.0
0.0789592961082235,0.0035470420261844993,48,0.6603293630760163,0.0003520365877844012,4,50.666666666666664,1.3214655388726129,-1.0
0.07469596952432767,0.0034547358518466353,49,0.6255099810659885,0.0003336720567466412,4,49.0,1.316450958251953,-1.0
0.09355522852274589,0.0033179728488903493,50,0.7753137641120702,0.0003155717009792807,4,53.55555555555556,1.2612081570095486,-1.0
0.09454117200220935,0.003444906120421365,51,0.7841829259414226,0.00029776342991897335,4,49.888888888888886,1.3130127461751302,-1.0
0.08851133802090771,0.007778852246701717,52,0.770629022968933,0.00028027470262892445,4,54.0,1.2627674696180555,-1.0
0.09783028977108188,0.005083456228021532,53,0.8236524718813598,0.0002631324854590073,4,51.111111111111114,1.3293803066677516,-1.0
0.09260101887048222,0.005190772499190643,54,0.7827290031127632,0.0002463632104656054,4,53.22222222222222,1.2724449666341147,-1.0
0.09460985992336646,0.005014819325879216,55,0.7972502340562642,0.0002299927346552969,4,53.44444444444444,1.2385958862304687,-1.0
0.09426172528765164,0.005366547702578828,56,0.7972918830346316,0.00021404630011522587,4,54.666666666666664,1.2279638671875,-1.0
0.09440389112569392,0.006850847392342985,57,0.8102798010222614,0.00019854849509163232,4,57.22222222222222,1.1861811998155383,-1.0
0.09343898814404383,0.0033594917331356555,58,0.7746542789973319,0.00018352321607655918,4,56.44444444444444,1.1947693549262153,-1.0
0.08716508423094638,0.006964871019590646,59,0.753284860169515,0.00016899363096119395,4,57.666666666666664,1.1957842339409723,-1.0
0.057576147286454216,0.004708162712631747,60,0.49855640321038663,0.000154982143312659,4,57.888888888888886,1.1461061435275608,-1.0
0.057892523473128676,0.007032066758256406,61,0.5196806380990893,0.0001415103578293356,4,59.22222222222222,1.1334568617078993,-1.0
0.07893468384281732,0.007787273149006069,62,0.6940089149866253,0.0001285990470279847,4,58.666666666666664,1.1191685146755643,-1.0
0.05709655306418426,0.007345176942180842,63,0.5158235358539969,0.0001162681192140312,4,58.0,1.1353434075249567,-1.0
0.08078513911459595,0.003866824379656464,64,0.6774823779705912,0.00010453658778440107,4,60.111111111111114,1.1107674492730035,-1.0
0.0836710992443841,0.007017339637968689,65,0.7258293139748275,9.342254191024022e-05,4,61.0,1.0956133185492622,-1.0
0.0812863773026038,0.003935486456612125,66,0.6820265369024128,8.294311864472437e-05,4,60.77777777777778,1.0849337429470487,-1.0
0.08271894685458392,0.004133351903874427,67,0.695060672936961,7.311447649896551e-05,4,60.888888888888886,1.081831512451172,-1.0
0.08311412087641656,0.0047847163514234126,68,0.703431559028104,6.395177052675794e-05,4,61.111111111111114,1.03778071085612,-1.0
0.08569827675819397,0.003958167741075158,69,0.7175367251038551,5.546912895658472e-05,4,61.888888888888886,1.0583452690972222,-1.0
0.08418242071638815,0.0076017256651539356,70,0.7346150130033493,4.767963140691306e-05,4,62.55555555555556,1.060520494249132,-1.0
0.08557267018477432,0.0034680317039601505,71,0.712610752787441,4.059528871837034e-05,4,61.888888888888886,1.015967814127604,-1.0
0.08794745127670467,0.004001835855888203,72,0.7359189949929714,3.4227024433899e-05,4,63.77777777777778,1.0170790100097655,-1.0
0.08249411001452245,0.006600384600460529,73,0.7129934530239552,2.8584657955444653e-05,4,65.77777777777777,0.9927109018961588,-1.0
0.08300279578543268,0.004096823453437537,74,0.6970751711633056,2.367688940315011e-05,4,65.55555555555556,0.9822676849365234,-1.0
0.08687746658688411,0.00412213642266579,75,0.7283334680832922,1.951128620040094e-05,4,64.88888888888889,0.9788913811577691,-1.0
0.08545479152235202,0.00574829158722423,76,0.7298765138257295,1.6094271405406862e-05,4,65.88888888888889,0.9730916002061631,-1.0
0.0862508928985335,0.005057282833149657,77,0.7307033720426261,1.3431113807311488e-05,4,65.0,0.9913463846842447,-1.0
0.08548397244885564,0.004809669422684237,78,0.7225954260211438,1.1525919802101659e-05,4,63.77777777777778,0.9883170488145616,-1.0
0.0820403842953965,0.0035969778546132147,79,0.685417045140639,1.0381627060842164e-05,4,66.0,0.982229749891493,-1.0
0.08265015837969258,0.004468235885724425,80,0.6972685270011425,1e-05,4,65.33333333333333,0.9823089599609375,-1.0
0.10327492727083154,0.02295442999457009,1,1.0101611779537052,0.000999618372939158,5,14.600000035762786,2.432716548919678,-1.0
0.10076913351076655,0.003435754362726584,2,0.8339247209951282,0.0009984740801978985,5,24.700000071525572,2.0490197715759275,-1.0
0.10020613542292267,0.003391513950191438,3,0.8291472650598735,0.0009965688861926887,5,27.700000035762788,1.9666187782287599,-1.0
0.09983607404865324,0.00644435005960986,4,0.8504933479707688,0.0009939057285945933,5,33.7,1.8175373554229737,-1.0
0.09980761390761472,0.0031463346967939287,5,0.8238970269449055,0.0009904887137995992,5,36.60000019073486,1.7514904813766479,-1.0
0.09277598321205005,0.0030004395230207592,6,0.766446745954454,0.00098632311059685,5,38.50000009536743,1.6618386287689209,-1.0
0.05729241110384464,0.00681084263487719,7,0.5130836868193,0.0009814153420445555,5,39.30000016689301,1.6573984937667847,-1.0
0.05675566638819873,0.0034695853537414223,8,0.4820760649163276,0.0009757729755661012,5,42.100000166893004,1.5794521789550782,-1.0
0.07894318457692862,0.003785436798352748,9,0.6620669481344521,0.0009694047112816298,5,43.20000021457672,1.549451548576355,-1.0
0.05868736738921143,0.006887874362291768,10,0.5248475829139352,0.0009623203685930871,5,43.3,1.5136411457061767,-1.0
0.06164866324979812,0.00330263189971447,11,0.5198474370408803,0.0009545308710434153,5,46.600000095367434,1.4370451974868774,-1.0
0.07822272597695701,0.0031215701601468027,12,0.650999897159636,0.0009460482294732422,5,48.700000166893005,1.3560841255187988,-1.0
0.08545317189418711,0.003334547218400985,13,0.710559971164912,0.0009368855235010348,5,51.900000190734865,1.3469827213287353,-1.0
0.0897219062608201,0.0032495396153535694,14,0.7440312271937728,0.0009270568813552758,5,53.700000286102295,1.2923081846237183,-1.0
0.08873183678952046,0.003708571573952213,15,0.7398021148983389,0.0009165774580897602,5,57.10000042915344,1.219407283782959,-1.0
0.0910554688598495,0.006457257637521252,16,0.7803604700602591,0.0009054634122155992,5,56.09999990463257,1.1905747022628783,-1.0
0.09097549467696808,0.0064231789438053966,17,0.7794613579753786,0.0008937318807859689,5,54.899999904632566,1.1997945833206176,-1.0
0.08958263223757967,0.005020309123210609,18,0.7570925739128143,0.0008814009529720156,5,54.8,1.210337809562683,-1.0
0.08919921371852979,0.006250161764910445,19,0.7638741619884968,0.0008684896421706646,5,58.00000033378601,1.1490973043441772,-1.0
0.0910114927100949,0.0031334115483332425,20,0.7534033998381346,0.0008550178566873412,5,63.20000009536743,1.0157961664199828,-1.0
0.09030864253873006,0.005387904471717775,21,0.765827750088647,0.0008410063690388064,5,64.50000023841858,0.9657371196746826,-1.0
0.09002289787167683,0.0035788842651527375,22,0.7490718229673803,0.0008264767839234412,5,67.40000057220459,0.9040580134391785,-1.0
0.08871284365886822,0.007248358946526423,23,0.7679833311121911,0.000811451504908368,5,68.70000014305114,0.8757687907218933,-1.0
0.08799004519823939,0.007607890176586807,24,0.7650740598328412,0.0007959536998847743,5,71.70000033378601,0.8124341959953308,-1.0
0.08937492553377524,0.003958979592425749,25,0.7469636399764568,0.0007800072653447032,5,71.70000019073487,0.7666950173377991,-1.0
0.08916410509846173,0.0068044361541979015,26,0.7679994071368128,0.0007636367895343947,5,75.30000052452087,0.6967477746009827,-1.0
0.0897083418094553,0.005025196325732395,27,0.7581205640453845,0.0007468675145409928,5,75.40000057220459,0.7199012537002564,-1.0
0.08880552361370064,0.005414652259787545,28,0.7540020181331784,0.0007297252973710758,5,74.50000057220458,0.689434693813324,-1.0
0.08606263814726844,0.008070680720265955,29,0.7533176781143993,0.0007122365700810271,5,77.70000052452087,0.6331988248825073,-1.0
0.08485730836400762,0.006839302252046764,30,0.7338338969275355,0.0006944282990207196,5,77.1,0.6085203561782837,-1.0
0.08655961262411438,0.004913957876851782,31,0.7320656701922417,0.0006763279432533592,5,80.3000005722046,0.5379492120742798,-1.0
0.07960144165554084,0.00717630295548588,32,0.6944839099887758,0.0006579634122155992,5,84.30000042915344,0.44264640522003174,-1.0
0.09031712770229205,0.005154325073817745,33,0.7640195738058537,0.000639363022683212,5,87.90000047683716,0.3813941373825073,-1.0
0.08832214894937351,0.005011275177821517,34,0.7469173178542405,0.0006205554551086735,5,89.50000023841858,0.3369876313209534,-1.0
0.09048543852986768,0.003960221220040694,35,0.7559021729975939,0.0006015697093979838,5,91.60000052452088,0.2682080473899841,-1.0
0.0867311734764371,0.005112868995638564,36,0.7350187599658966,0.0005824350601949146,5,91.20000042915345,0.2710733149051666,-1.0
0.08909292463795282,0.002997181989485398,37,0.7369738528504968,0.0005631810117416299,5,92.4000002861023,0.22835167050361632,-1.0
0.08678915872587822,0.0036932391521986574,38,0.7241051620803773,0.0005438372523852835,5,93.80000019073486,0.21154647898674012,-1.0
0.0893795705633238,0.005043450044468045,39,0.7557000590022653,0.0005244336088007391,5,92.1000006198883,0.2400559983253479,-1.0
0.08777845700387843,0.0048383868706878275,40,0.7412432341370732,0.0005050000000000001,5,91.9000006198883,0.2302176241874695,-1.0
0.09038725035497919,0.00482919201022014,41,0.7620557048358023,0.0004855663911992613,5,93.30000052452087,0.19845553374290467,-1.0
0.08961443483713083,0.0035874141613021493,42,0.7459485130384564,0.00046616274761471693,5,95.40000033378601,0.16023980748653413,-1.0
0.08803127921419218,0.005038948176661506,43,0.7448640130460262,0.00044681898825837057,5,94.10000009536743,0.16762810987234117,-1.0
0.09029166353866458,0.005415965104475617,44,0.7659686100669205,0.000427564939805086,5,95.00000038146973,0.1489884879589081,-1.0
0.0890241069428157,0.0077495518198702484,45,0.7744819780346006,0.00040843029060201667,5,96.20000009536743,0.11420766961574555,-1.0
0.08737720915814862,0.007270706846611574,46,0.7574761880096048,0.000389444544891327,5,96.50000019073487,0.12364763391017913,-1.0
0.08512645252631046,0.0032167513272725046,47,0.7070337939076126,0.0003706369773167883,5,97.60000047683715,0.08887607514858246,-1.0
0.07236723133246414,0.0030877327953930944,48,0.6039375099353492,0.0003520365877844012,5,98.00000019073487,0.07691202068328858,-1.0
0.10015476652188227,0.007654515473404899,49,0.8627715320326388,0.0003336720567466412,5,98.40000023841858,0.069778466463089,-1.0
0.09900854455190711,0.004956364951794967,50,0.8320071590133011,0.0003155717009792807,5,98.40000047683716,0.06566442489624023,-1.0
0.09432870137970895,0.006398816854925826,51,0.806591423926875,0.00029776342991897335,5,98.90000023841858,0.053306791275739666,-1.0
0.09901674464344978,0.00514524121535942,52,0.8336533228866756,0.00028027470262892445,5,99.20000023841858,0.04505750173330307,-1.0
0.1029251976578962,0.007711455720709637,53,0.8853443840052933,0.0002631324854590073,5,99.00000047683716,0.0410229834318161,-1.0
0.09984017754322849,0.003560041601303965,54,0.8274528898764402,0.0002463632104656054,5,99.40000009536743,0.03172162425518036,-1.0
0.10277144238352776,0.005125652736751363,55,0.8634371720254421,0.0002299927346552969,5,99.40000023841858,0.02833940252661705,-1.0
0.09911665311665274,0.003695836494443938,56,0.822748590959236,0.00021404630011522587,5,99.80000047683716,0.019290305271744728,-1.0
0.09749740370898508,0.005734181293519214,57,0.8261232450604439,0.00019854849509163232,5,100.0,0.016246048867702485,-1.0
0.08994645992061123,0.006997423712164164,58,0.7757859320845455,0.00018352321607655918,5,100.0,0.014999158643186093,-1.0
0.057137280906317756,0.005563818092923611,59,0.5018554320558906,0.00016899363096119395,5,99.9,0.014615613497793674,-1.0
0.059456125483848155,0.005304128135321662,60,0.5183178940787911,0.000154982143312659,5,99.9,0.015375772088766098,-1.0
0.08299672161228955,0.003080130001762882,61,0.6889295449946076,0.0001415103578293356,5,100.0,0.01687077969312668,-1.0
0.062153567967470735,0.0033180219179484993,62,0.5240503549575806,0.0001285990470279847,5,100.0,0.011889766737818717,-1.0
0.058155567618086934,0.006222357740625739,63,0.5153581460472196,0.0001162681192140312,5,100.0,0.010447814151644707,-1.0
0.0642694300331641,0.0034434750850778073,64,0.5419688699766994,0.00010453658778440107,5,99.6,0.01403896626830101,-1.0
0.08938732364913449,0.0037122963403817266,65,0.7450500498525798,9.342254191024022e-05,5,99.9,0.012155966874212026,-1.0
0.09072973337606527,0.007117745612049475,66,0.7835711799561977,8.294311864472437e-05,5,100.0,0.007876457326114177,-1.0
0.08884712480357848,0.005290610308293253,67,0.7533540390431881,7.311447649896551e-05,5,99.9,0.010662827380001546,-1.0
0.0867243382090237,0.00489561352878809,68,0.7332058430183679,6.395177052675794e-05,5,100.0,0.00937959573417902,-1.0
0.08693545474670827,0.005215603887336329,69,0.737477091839537,5.546912895658472e-05,5,100.0,0.007927099715918302,-1.0
0.08766514592571184,0.00390736770350486,70,0.7328651170246303,4.767963140691306e-05,5,100.0,0.008321234688162803,-1.0
0.08970937438425608,0.005837127973791212,71,0.7646298459731042,4.059528871837034e-05,5,99.9,0.010883287988603114,-1.0
0.09051897813333198,0.004746717488160357,72,0.7623725251760334,3.4227024433899e-05,5,99.90000023841858,0.009797554343938827,-1.0
0.09179300247342326,0.003421545901801437,73,0.7619695281609893,2.8584657955444653e-05,5,100.0,0.00767552611976862,-1.0
0.08962816745042801,0.004593780788127333,74,0.7540316788945347,2.367688940315011e-05,5,100.0,0.010175550103187561,-1.0
0.09195538572384976,0.003786913031945005,75,0.7662597419694066,1.951128620040094e-05,5,100.0,0.007875635020434856,-1.0
0.09103586664423347,0.005981515743769705,76,0.7764471720438451,1.6094271405406862e-05,5,100.0,0.008224004290997983,-1.0
0.0912551952933427,0.008474279078654945,77,0.7981435060501099,1.3431113807311488e-05,5,100.0,0.00788246975839138,-1.0
0.08966819502529688,0.0036412583431228995,78,0.7467235999647528,1.1525919802101659e-05,5,100.0,0.006763783812522888,-1.0
0.08812538027996197,0.007838587334845215,79,0.7679682068992406,1.0381627060842164e-05,5,99.8,0.010041192322969437,-1.0
0.08900027826894075,0.003331192856421694,80,0.7389082740992308,1e-05,5,100.0,0.008241616517305374,-1.0
0.10570277146891588,0.021094911887000006,1,1.1415088949725032,0.000999618372939158,6,16.636363620107826,2.4217882139032536,-1.0
0.09940126737476224,0.0030074951808071798,2,0.9219972300343215,0.0009984740801978985,6,23.63636356050318,2.0772396607832477,-1.0
0.09920967357336646,0.0029042927651769584,3,0.919308131095022,0.0009965688861926887,6,28.363636428659614,1.9520935600454157,-1.0
0.0998650336275912,0.005124685380400883,4,0.9451722188387066,0.0009939057285945933,6,32.090909188443966,1.8621750835938886,-1.0
0.09826293199633558,0.005619760550972488,5,0.9352056249044836,0.0009904887137995992,6,36.090909188443966,1.745103256485679,-1.0
0.05738087469297978,0.0029636386316269636,6,0.5433442851062864,0.00098632311059685,6,35.09090911258351,1.7295794434980913,-1.0
0.05591538520012465,0.0028085268050846127,7,0.5287573910318315,0.0009814153420445555,6,38.90909095243974,1.6909882007945667,-1.0
0.08136557353039582,0.004792183896319734,8,0.775658514816314,0.0009757729755661012,6,41.90909101746299,1.6155301215431908,-1.0
0.059822298819199204,0.0031229575268096393,9,0.5667781739030033,0.0009694047112816298,6,43.454545465382665,1.537819464856928,-1.0
0.05982329054839081,0.0034135099914338854,10,0.5694247758947313,0.0009623203685930871,6,41.90909110416066,1.525287974097512,-1.0
0.07746485131792724,0.003978299028757546,11,0.7332454600837082,0.0009545308710434153,6,45.45454544370825,1.458988456292586,-1.0
0.08152331052244538,0.00359038768025736,12,0.7663250272162259,0.0009460482294732422,6,46.45454554124312,1.3956112397800793,-1.0
0.08626986121655339,0.003134307658506764,13,0.8049315719399601,0.0009368855235010348,6,50.63636348464272,1.3362569947676226,-1.0
0.08796403577758206,0.0033960184341089595,14,0.822549912147224,0.0009270568813552758,6,51.90909085490487,1.3322637380253184,-1.0
0.08915200110317932,0.003654091101553705,15,0.8355992569122463,0.0009165774580897602,6,53.272727337750524,1.2725744065371427,-1.0
0.08946535097331637,0.0031048623689760766,16,0.833379931980744,0.0009054634122155992,6,53.636363582177594,1.2481463037837635,-1.0
0.08781186338617569,0.004232740831664867,17,0.8286505821160972,0.0008937318807859689,6,54.54545467550104,1.2054508451981978,-1.0
0.08804040027057959,0.003828271731941236,18,0.8270755240228027,0.0008814009529720156,6,55.63636348464272,1.1363542847199875,-1.0
0.08960463230808575,0.005182436253461573,19,0.8533411228563637,0.0008684896421706646,6,59.45454536784779,1.061859825741161,-1.0
0.09018949789202048,0.004795953657271134,20,0.8551141109783202,0.0008550178566873412,6,61.36363619024103,1.0361167469891635,-1.0
0.08717322046868503,0.004248818098050024,21,0.8230510358698666,0.0008410063690388064,6,63.727272900668055,0.9794260991703381,-1.0
0.0870930027578854,0.004079597665824824,22,0.8207970499061048,0.0008264767839234412,6,65.36363632028753,0.9336527813564647,-1.0
0.08916095739954875,0.00475830626156595,23,0.8455201638862491,0.000811451504908368,6,66.90909073569559,0.8784368959340182,-1.0
0.09087768939530684,0.003750856396638685,24,0.8519129259511828,0.0007959536998847743,6,68.54545445875688,0.8496442500027743,-1.0
0.08855294423281318,0.003893383778631687,25,0.8322619791142642,0.0007800072653447032,6,68.54545441540805,0.8521603944084861,-1.0
0.0869761106506404,0.0045411192242883975,26,0.823910130886361,0.0007636367895343947,6,68.45454562794079,0.8004310969872909,-1.0
0.09000549413677719,0.0046657003048393465,27,0.8522925381548703,0.0007468675145409928,6,72.0909091125835,0.7354141441258517,-1.0
0.08802301661732297,0.005442765929425756,28,0.8418527650646865,0.0007297252973710758,6,72.72727259722623,0.7027589223601601,-1.0
0.08939043119446272,0.003057624704928862,29,0.8322959889192134,0.0007122365700810271,6,79.09090919928117,0.6178750068491156,-1.0
0.08782122333327101,0.0042683031254758435,30,0.8290493239182979,0.0006944282990207196,6,77.81818190487948,0.5839309987154874,-1.0
0.08585402299650013,0.004319514225547512,31,0.811824118020013,0.0006763279432533592,6,80.45454543287104,0.5594383358955384,-1.0
0.08835797407664359,0.00455433670948777,32,0.8365079229697585,0.0006579634122155992,6,82.27272733775052,0.5030600974776528,-1.0
0.08970181302477916,0.004348910413682461,33,0.8467770530842245,0.000639363022683212,6,83.2727274461226,0.452756022865122,-1.0
0.09107847434158127,0.004458931222971942,34,0.8601332549005747,0.0006205554551086735,6,85.54545456712896,0.40554450891234656,-1.0
0.08934542210772634,0.004562536435615685,35,0.8454625129234046,0.0006015697093979838,6,85.72727272727273,0.3884798921238292,-1.0
0.08917557988833222,0.004348876239317987,36,0.8420446908567101,0.0005824350601949146,6,87.90909101746298,0.34445416038686577,-1.0
0.08904480458133751,0.006244320758721895,37,0.8579046819359064,0.0005631810117416299,6,88.90909106081182,0.3249126201326197,-1.0
0.08802306057057446,0.004606675304886367,38,0.8339258909691125,0.0005438372523852835,6,90.63636367971247,0.2859964615648443,-1.0
0.08970047699080573,0.006606503208685253,39,0.8670221399515867,0.0005244336088007391,6,92.36363632028753,0.2468730954690413,-1.0
0.08897390845231712,0.0034487104405545527,40,0.8320537148974836,0.0005050000000000001,6,92.81818177483298,0.23476343068209563,-1.0
0.09215910543894602,0.0056942827844371395,41,0.8809232679195702,0.0004855663911992613,6,93.09090904756026,0.20848170974037863,-1.0
0.08860834900082813,0.0035245632235374716,42,0.8294332770165056,0.00046616274761471693,6,93.27272716435519,0.20332411755215038,-1.0
0.08862751988797551,0.004445285018947389,43,0.8379128610249609,0.00044681898825837057,6,94.0909091125835,0.17370810638774525,-1.0
0.0910513998888847,0.005659359119211634,44,0.8706524649169296,0.000427564939805086,6,96.18181811679493,0.13548985370180824,-1.0
0.08976092388749951,0.003995993873104453,45,0.8440591800026596,0.00040843029060201667,6,97.18181811679493,0.1117229958284985,-1.0
0.09171769010006553,0.004586569240523709,46,0.8669888009317219,0.000389444544891327,6,97.90909084406766,0.08639248200438239,-1.0
0.09182566202556093,0.00464229619440933,47,0.8685142870526761,0.0003706369773167883,6,97.81818196990274,0.0753128670020537,-1.0
0.09097908100941116,0.00701388667544557,48,0.8821802651509643,0.0003520365877844012,6,98.5454544804313,0.07211619711735032,-1.0
0.08930100316906141,0.0046506088433994185,49,0.8457999310921878,0.0003336720567466412,6,99.09090902588584,0.055573915297334846,-1.0
0.08040575871968435,0.006672442813093464,50,0.7839863181579858,0.0003155717009792807,6,98.18181811679493,0.06166434686292301,-1.0
0.09876962011266086,0.004525958094745874,51,0.9299588720314205,0.00029776342991897335,6,99.36363658038053,0.03884675120765513,-1.0
0.09931463551604086,0.004724022026898133,52,0.9366450749803334,0.00028027470262892445,6,99.18181818181819,0.04293345658616586,-1.0
0.09444929672301644,0.0046320339509596424,53,0.8920407078694552,0.0002631324854590073,6,99.81818175315857,0.03388780387965116,-1.0
0.09928491812509795,0.0032213678738723197,54,0.9228407400660217,0.0002463632104656054,6,99.36363636363636,0.033478418710556894,-1.0
0.09960744736923112,0.003014021190918154,55,0.9238836418371648,0.0002299927346552969,6,100.0,0.021011878150430593,-1.0
0.10098701298961209,0.004358494447337257,56,0.9483788311481476,0.00021404630011522587,6,99.81818175315857,0.01785370803692124,-1.0
0.09862868420572744,0.00335980912980934,57,0.9181679568719119,0.00019854849509163232,6,99.5454544804313,0.02925841376185417,-1.0
0.09817363976293968,0.00518870278675523,58,0.9305037970189005,0.00018352321607655918,6,99.81818181818181,0.017526759992946277,-1.0
0.08630716376420525,0.003475965673310889,59,0.808376498054713,0.00016899363096119395,6,99.9090909090909,0.017123044702139767,-1.0
0.06176922545354399,0.0049667183258053325,60,0.6010609311051667,0.000154982143312659,6,99.9090909090909,0.01604293937032873,-1.0
0.07686016455085741,0.006350971344444487,61,0.7492974388878793,0.0001415103578293356,6,99.81818181818181,0.014325252988121727,-1.0
0.06179579854425457,0.004549503119455444,62,0.5973375600297004,0.0001285990470279847,6,100.0,0.012992210391570221,-1.0
0.05926964576873514,0.006003195005986426,63,0.5876863140147179,0.0001162681192140312,6,99.63636357134038,0.016272186189889907,-1.0
0.08546388946059677,0.004472577866787712,64,0.8096679558511823,0.00010453658778440107,6,100.0,0.011968569313599305,-1.0
0.08560523041523993,0.005440534816847907,65,0.8196523580700159,9.342254191024022e-05,6,99.9090909090909,0.013945432119071484,-1.0
0.08419301717852552,0.005421705595735047,66,0.806783412117511,8.294311864472437e-05,6,100.0,0.012354008098217574,-1.0
0.0875140386633575,0.004395788328515159,67,0.8274221729952842,7.311447649896551e-05,6,100.0,0.009468947059728882,-1.0
0.08850670181628731,0.004777378402650356,68,0.839794168015942,6.395177052675794e-05,6,100.0,0.009983799887651747,-1.0
0.08913956688613528,0.005650233891275194,69,0.85334447119385,5.546912895658472e-05,6,99.81818181818181,0.013046371584588832,-1.0
0.08901045699086454,0.0031250087906503016,70,0.8294538939371705,4.767963140691306e-05,6,100.0,0.010598146177150986,-1.0
0.08848285812160207,0.004609561344194744,71,0.8381044361740351,4.059528871837034e-05,6,100.0,0.010816699147901752,-1.0
0.08954674794545604,0.006990970629784796,72,0.8692254258785397,3.4227024433899e-05,6,99.9090909090909,0.00956113295798952,-1.0
0.0897975062382304,0.007503264997568395,73,0.8760080430656672,2.8584657955444653e-05,6,100.0,0.008992154249413447,-1.0
0.08948188908915553,0.002779298668934239,74,0.830646654125303,2.367688940315011e-05,6,99.9090909090909,0.008064333403652365,-1.0
0.0898329845836593,0.004574107756424282,75,0.8499614580068737,1.951128620040094e-05,6,100.0,0.009422414069148627,-1.0
0.08730285024891297,0.004165449283189244,76,0.8235058230347931,1.6094271405406862e-05,6,100.0,0.009045367752286522,-1.0
0.08937754169003004,0.003521587208120359,77,0.8364018050488085,1.3431113807311488e-05,6,100.0,0.01029124705967578,-1.0
0.09003072609711024,0.003154105558577511,78,0.8389888838864863,1.1525919802101659e-05,6,100.0,0.009685360277918251,-1.0
0.09015810924271743,0.0029151936372121177,79,0.8379548899829388,1.0381627060842164e-05,6,100.0,0.009430534169077874,-1.0
0.08896651416499582,0.0028644207244118056,80,0.8267679379787296,1e-05,6,100.0,0.0075296518951654436,-1.0
0.10389801987912506,0.02358010911848396,1,1.2751172340940684,0.000999618372939158,7,17.333333333333332,2.431241019566854,-1.0
0.09564958319533616,0.0027672489173710345,2,0.9845451370347291,0.0009984740801978985,7,23.58333335320155,2.0750295702616373,-1.0
0.09579224814660847,0.003188615036197007,3,0.9902451171074063,0.0009965688861926887,7,27.916666706403095,1.965291937192281,-1.0
0.08890811712481081,0.00281525868922472,4,0.9175254558213055,0.0009939057285945933,7,31.50000003973643,1.8814186875025432,-1.0
0.056854227813892065,0.0034101716009899974,5,0.6028909450396895,0.0009904887137995992,7,31.583333333333332,1.8545449686050415,-1.0
0.07380473148077726,0.003082228428684175,6,0.769238332984969,0.00098632311059685,7,35.75,1.743882319132487,-1.0
0.06200744777452201,0.002926929318346083,7,0.6496542061213404,0.0009814153420445555,7,37.416666666666664,1.7159852600097656,-1.0
0.059880771394819024,0.004264686699025333,8,0.641743253916502,0.0009757729755661012,7,37.25,1.7077802006403606,-1.0
0.059482706570997836,0.0029790686443448068,9,0.6249321540817618,0.0009694047112816298,7,39.00000007947286,1.6331492884953818,-1.0
0.08880163987632841,0.002745482139289379,10,0.9163460428826511,0.0009623203685930871,7,39.6666667064031,1.6336516427993775,-1.0
0.08564446687232703,0.0031187772285193203,11,0.8879374689422548,0.0009545308710434153,7,41.83333341280619,1.5649616368611654,-1.0
0.08593862697016448,0.0038995038252323867,12,0.8986984628718346,0.0009460482294732422,7,44.33333337306976,1.5058285919825236,-1.0
0.09007197127211838,0.002717468026094139,13,0.9281362760812044,0.0009368855235010348,7,45.58333341280619,1.4591373109817505,-1.0
0.0878368780016899,0.0028888202039524915,14,0.9075119339395314,0.0009270568813552758,7,46.00000007947286,1.4601583337783814,-1.0
0.08813181316945702,0.0025595711311325433,15,0.9071610651444644,0.0009165774580897602,7,50.08333349227905,1.3930007092157999,-1.0
0.08669042142573744,0.004125024890527129,16,0.9083896849770099,0.0009054634122155992,7,51.00000015894572,1.343035101890564,-1.0
0.08639798995573074,0.003924482245929539,17,0.9034651520196348,0.0008937318807859689,7,53.4166667064031,1.2626938613255818,-1.0
0.08692743992432952,0.004999222280457616,18,0.9195592110045254,0.0008814009529720156,7,51.75000015894572,1.2879457982381184,-1.0
0.08883402082137763,0.002915075677447021,19,0.9177929181605577,0.0008684896421706646,7,54.83333337306976,1.2153815603256226,-1.0
0.08599171275272965,0.005687814950942993,20,0.9171063438989222,0.0008550178566873412,7,55.25,1.191876753171285,-1.0
0.08672599182464183,0.005280223884619772,21,0.9203822168055922,0.0008410063690388064,7,58.25,1.139891300201416,-1.0
0.08696281027514488,0.004730509617365897,22,0.9172388771548867,0.0008264767839234412,7,59.50000007947286,1.0838317028681437,-1.0
0.08638894578907638,0.004050567327067256,23,0.9046976151876152,0.000811451504908368,7,61.166666666666664,1.0535647455851238,-1.0
0.08679354169871659,0.0027283661998808383,24,0.8955119079910219,0.0007959536998847743,7,64.5,0.9559672133127848,-1.0
0.0868739620083943,0.004058955889195204,25,0.9096314529888332,0.0007800072653447032,7,64.91666674613953,0.9610002183914185,-1.0
0.08869065272156149,0.0033210838912054895,26,0.9203886131290346,0.0007636367895343947,7,63.08333349227905,0.9891472164789835,-1.0
0.08806847720406949,0.0027984451968222856,27,0.908948722993955,0.0007468675145409928,7,63.583333333333336,0.9846817461649576,-1.0
0.0889452175470069,0.004370094649493695,28,0.933435034006834,0.0007297252973710758,7,68.33333333333333,0.8727623653411866,-1.0
0.0885309895966202,0.0037767983973026275,29,0.9233592730015516,0.0007122365700810271,7,70.5,0.7734689776102702,-1.0
0.08906632659491151,0.003973821108229458,30,0.9306795240845531,0.0006944282990207196,7,74.50000007947285,0.7004705786705017,-1.0
0.08811639794148504,0.004164487076923251,31,0.923075599828735,0.0006763279432533592,7,75.0833334128062,0.6780532709757487,-1.0
0.0883798869792372,0.0028465965064242483,32,0.9125105640850961,0.0006579634122155992,7,75.75000015894572,0.6568230724334717,-1.0
0.08702626139856875,0.003030860098078847,33,0.9008118959609419,0.000639363022683212,7,77.33333349227905,0.6176428957780202,-1.0
0.08718606422189623,0.0037775383796542885,34,0.9098762948997319,0.0006205554551086735,7,78.16666674613953,0.6056750877698263,-1.0
0.08866016981191933,0.0029840526869520543,35,0.9167361159343272,0.0006015697093979838,7,79.16666674613953,0.5603096095720926,-1.0
0.08711329016368836,0.00308786362875253,36,0.9023094950243831,0.0005824350601949146,7,80.0833334128062,0.5445728127161662,-1.0
0.0881572648882866,0.003414130816236138,37,0.9159686288330704,0.0005631810117416299,7,81.25000007947285,0.48224859913190204,-1.0
0.08816424072720111,0.0027857050765305756,38,0.9097545410040766,0.0005438372523852835,7,82.58333349227905,0.4630120285352071,-1.0
0.08397519553545862,0.0032523764530196786,39,0.8730392449069768,0.0005244336088007391,7,84.3333334128062,0.41940081357955933,-1.0
0.08687871131114662,0.0027275396743789313,40,0.8963112439960241,0.0005050000000000001,7,85.91666682561238,0.4022557008266449,-1.0
0.08778206759598106,0.0026217509992420675,41,0.9043070098850876,0.0004855663911992613,7,86.16666666666667,0.3838210479418437,-1.0
0.08693799157626927,0.0026989640202373264,42,0.8966180901043117,0.00046616274761471693,7,85.66666666666667,0.3728099962075551,-1.0
0.08834117196965963,0.0026900826254859568,43,0.9105857950635254,0.00044681898825837057,7,88.3333334128062,0.32703317085901895,-1.0
0.08791994147468359,0.002748477319255471,44,0.906924047973007,0.000427564939805086,7,87.91666674613953,0.3287764791647593,-1.0
0.08868609890341758,0.0026732163736596704,45,0.913885812042281,0.00040843029060201667,7,90.50000015894572,0.2686214506626129,-1.0
0.08865348182152957,0.0027750430861487986,46,0.914574463153258,0.000389444544891327,7,93.25000015894572,0.2362285210688909,-1.0
0.0865747872972861,0.003804972511716187,47,0.904049406060949,0.0003706369773167883,7,93.3333334128062,0.2107910833756129,-1.0
0.08671317871194333,0.003911634697578848,48,0.9064957948867232,0.0003520365877844012,7,95.33333333333333,0.1858981132507324,-1.0
0.08760738435667008,0.00376996083650738,49,0.9140710288193077,0.0003336720567466412,7,95.41666666666667,0.15378718574841818,-1.0
0.08275953584816306,0.0028888025553897023,50,0.856731666950509,0.0003155717009792807,7,95.41666666666667,0.14764159778753916,-1.0
0.07650923894252629,0.004254290647804737,51,0.8078891460318118,0.00029776342991897335,7,96.66666682561238,0.1264431701103846,-1.0
0.09867849992588162,0.0024954274762421847,52,1.012034485815093,0.00028027470262892445,7,96.75000007947285,0.11772252062956493,-1.0
0.09670448447577655,0.00416751962620765,53,1.0090197201352566,0.0002631324854590073,7,97.33333349227905,0.1009540436665217,-1.0
0.09743641535751521,0.002634519338607788,54,1.0010078849736601,0.0002463632104656054,7,97.8333334128062,0.08519200325012206,-1.0
0.09665854112245142,0.0029772353824228047,55,0.9966193370055407,0.0002299927346552969,7,98.5,0.07470858509341875,-1.0
0.09824543474242091,0.0027054976439103485,56,1.0097536807879806,0.00021404630011522587,7,98.83333333333333,0.060833924611409504,-1.0
0.09736907256301493,0.003913770639337599,57,1.0130803110077977,0.00019854849509163232,7,99.33333349227905,0.049972099165121714,-1.0
0.09679380538873375,0.004318368411622942,58,1.0113562401384115,0.00018352321607655918,7,99.0833334128062,0.04948444833358129,-1.0
0.09485096365679055,0.004028118145652115,59,0.9890860000159591,0.00016899363096119395,7,99.16666666666667,0.04241204227010409,-1.0
0.05756807553116232,0.004100944357924163,60,0.61698097595945,0.000154982143312659,7,99.08333349227905,0.04220225840806961,-1.0
0.06400563779752702,0.0026543059153482317,61,0.6668566928710788,0.0001415103578293356,7,99.33333333333333,0.03657553732395172,-1.0
0.06887357300147415,0.0032167940167710184,62,0.7211537940893322,0.0001285990470279847,7,99.16666682561238,0.04245674838622411,-1.0
0.05755794902797788,0.0027273843763396142,63,0.6030965689569712,0.0001162681192140312,7,99.58333333333333,0.03371046396593253,-1.0
0.057350098202005026,0.0037880497751757503,64,0.6116284199524671,0.00010453658778440107,7,99.50000007947285,0.030011164645353954,-1.0
0.0835014997748658,0.002727872016839683,65,0.8625403069891036,9.342254191024022e-05,7,99.75,0.0261211925248305,-1.0
0.07825997772160917,0.00268842086661607,66,0.8097341819666326,8.294311864472437e-05,7,99.75000007947285,0.029059031307697297,-1.0
0.08573630745522678,0.0026930818567052484,67,0.8845384998712689,7.311447649896551e-05,7,99.66666666666667,0.026044627850254378,-1.0
0.08516255121212453,0.004782771598547697,68,0.8997519661206752,6.395177052675794e-05,7,99.5,0.027846221104264258,-1.0
0.08717696163803339,0.004675178974866867,69,0.9192920429632068,5.546912895658472e-05,7,99.91666666666667,0.021327185556292535,-1.0
0.08796194603201002,0.0032476601656526325,70,0.9123900630511343,4.767963140691306e-05,7,99.91666666666667,0.021609653905034065,-1.0
0.09151062874589115,0.0036536260740831494,71,0.9519577519968152,4.059528871837034e-05,7,99.5833334128062,0.020594515452782312,-1.0
0.0874456068733707,0.0026848776265978812,72,0.9016984449699521,3.4227024433899e-05,7,100.0,0.018182373742262524,-1.0
0.08677172968164086,0.0038224583258852363,73,0.9062436730600893,2.8584657955444653e-05,7,99.8333334128062,0.01932802051305771,-1.0
0.08780238963663578,0.0027797741582617163,74,0.9061196250841022,2.367688940315011e-05,7,99.8333334128062,0.021577068169911704,-1.0
0.0794081203872338,0.004054278205148876,75,0.8349225530400872,1.951128620040094e-05,7,99.66666666666667,0.02080876874427001,-1.0
0.08719071550294757,0.0037800378864631056,76,0.9100032770074904,1.6094271405406862e-05,7,99.83333333333333,0.01857174128293991,-1.0
0.08698435162659734,0.004545561480335891,77,0.9155918499454856,1.3431113807311488e-05,7,99.66666666666667,0.02169497311115265,-1.0
0.08805182913783938,0.0025648133596405387,78,0.906481578014791,1.1525919802101659e-05,7,100.0,0.01342697707315286,-1.0
0.08735075986478477,0.0029048817232251167,79,0.9028230861295015,1.0381627060842164e-05,7,99.8333334128062,0.01909704054395358,-1.0
0.08716821502894163,0.0043536611832678315,80,0.9154572000261396,1e-05,7,100.0,0.01431748333076636,-1.0
0.10209762374870479,0.01652766707014631,1,1.3051715199835598,0.000999618372939158,8,15.923076923076923,2.456591702241164,-1.0
0.0967065228403292,0.002640940524129705,2,1.09313288400881,0.0009984740801978985,8,22.84615385073882,2.0921578289912297,-1.0
0.09647798121229491,0.0025046189654279838,3,1.0890720169991255,0.0009965688861926887,8,26.384615402955276,2.0021111348959115,-1.0
0.09171551252207295,0.002484431384469975,4,1.036458782851696,0.0009939057285945933,8,27.07692308609302,1.9754480339930607,-1.0
0.05708532661876895,0.0027572704606096854,5,0.6585217779502273,0.0009904887137995992,8,29.07692308150805,1.9142967818333552,-1.0
0.0699524828444489,0.003026638518680226,6,0.8030431750230491,0.00098632311059685,8,28.384615389200356,1.924738487830529,-1.0
0.06046775584532456,0.002366652606393803,7,0.6914124740287662,0.0009814153420445555,8,32.076923086093025,1.830532520367549,-1.0
0.05679106543009931,0.004796042382209139,8,0.6776926480233669,0.0009757729755661012,8,33.92307692307692,1.8136645045647255,-1.0
0.06223491623743691,0.0025358244946057148,9,0.7127373670227826,0.0009694047112816298,8,32.84615385532379,1.8232149446927584,-1.0
0.08401477626863528,0.0028380893636494875,10,0.955619147978723,0.0009623203685930871,8,34.000000004584976,1.7687931126814622,-1.0
0.08642367212186483,0.0033521843354471707,11,0.9877895240206271,0.0009545308710434153,8,37.1538461630161,1.7229925540777353,-1.0
0.0873452713924714,0.0037019678857177496,12,1.0017672919202596,0.0009460482294732422,8,38.15384615384615,1.6757885628480178,-1.0
0.08571700495667756,0.003598707876252857,13,0.9827323700301349,0.0009368855235010348,8,40.923076978096596,1.6273790917029747,-1.0
0.08621471182612533,0.003722312077033249,14,0.9895636381115764,0.0009270568813552758,8,41.30769230769231,1.590934788630559,-1.0
0.0871498247989538,0.002705699298530817,15,0.988708761986345,0.0009165774580897602,8,42.69230769689266,1.5714803842397838,-1.0
0.08638583722693677,0.003523546503856778,16,0.9892551489174366,0.0009054634122155992,8,45.07692306775313,1.4841835146683913,-1.0
0.08775418988344344,0.002193493747406385,17,0.9896725208964199,0.0008937318807859689,8,45.23076923993918,1.5143308896284837,-1.0
0.0873734092720869,0.0033177377190440893,18,0.9978886859025806,0.0008814009529720156,8,46.000000009169945,1.5073107675405648,-1.0
0.08664464372718199,0.002289102624424479,19,0.9785696270409971,0.0008684896421706646,8,49.53846155680143,1.3934201053472666,-1.0
0.08737630119801244,0.0025800373405218124,20,0.9897630789782852,0.0008550178566873412,8,45.461538498218246,1.4412593195988581,-1.0
0.0871192944998091,0.0026473055001009593,21,0.987682085018605,0.0008410063690388064,8,47.30769230769231,1.4150652955128595,-1.0
0.0888797973324968,0.002406849293038249,22,1.0043917919974774,0.0008264767839234412,8,51.92307695058676,1.2903862582720242,-1.0
0.08658176482739774,0.002984144449742003,23,0.9854623591527343,0.000811451504908368,8,52.076923104432915,1.2879221046887912,-1.0
0.08646864033388821,0.003686476287178018,24,0.9919437589123845,0.0007959536998847743,8,51.923076959756706,1.2772172667429997,-1.0
0.08732042620381848,0.0023892199705270204,25,0.9870491931214929,0.0007800072653447032,8,52.76923082425044,1.2722778204771188,-1.0
0.08682889825749127,0.0023656230292875657,26,0.9813716718927026,0.0007636367895343947,8,55.076923104432915,1.21150566137754,-1.0
0.08594232990237122,0.0025830017402768135,27,0.9740328690968454,0.0007468675145409928,8,57.2307692857889,1.170285761172955,-1.0
0.08666845967739144,0.0029317971361293035,28,0.985870226053521,0.0007297252973710758,8,59.61538467040429,1.085828539774968,-1.0
0.08577751753513109,0.0037377679043195462,29,0.9849272079300135,0.0007122365700810271,8,61.461538498218246,1.0495894855719345,-1.0
0.08827916810035029,0.0024586149110374126,30,0.9983540000393987,0.0006944282990207196,8,60.76923076923077,1.0781033945083618,-1.0
0.08819433327086947,0.0029478788968514314,31,1.0028052749112248,0.0006763279432533592,8,62.461538498218246,1.0146748755528376,-1.0
0.08810384618118405,0.00266688744622198,32,0.9987229779362679,0.0006579634122155992,8,63.69230770147764,0.9873338787372296,-1.0
0.08751435163007541,0.005133828550407832,33,1.019364875042811,0.000639363022683212,8,62.15384615384615,1.0057740017083976,-1.0
0.08839532495899634,0.002620361237363382,34,1.0014100139960647,0.0006205554551086735,8,65.07692308609302,0.9320768965207613,-1.0
0.08851891080848873,0.0034848410974849353,35,1.012308682082221,0.0006015697093979838,8,66.84615382781395,0.8853604597311754,-1.0
0.08746062263592401,0.002977571196176789,36,0.9950620951130986,0.0005824350601949146,8,68.92307692307692,0.8244346262858464,-1.0
0.08741709090430629,0.0034364493860101156,37,0.9996399790979922,0.0005631810117416299,8,69.84615384615384,0.8164849677452675,-1.0
0.08622820067896762,0.004114610312337225,38,0.9940271561499685,0.0005438372523852835,8,72.0,0.75512748168065,-1.0
0.08577416464686394,0.0035751355303959413,39,0.9830812711734325,0.0005244336088007391,8,72.61538459704472,0.7544426112908583,-1.0
0.08772056738168678,0.003593145255846056,40,1.004705480998382,0.0005050000000000001,8,77.07692313194275,0.6333679782427274,-1.0
0.08645181078463793,0.0035267976662990723,41,0.9900642619468272,0.0004855663911992613,8,74.53846159348122,0.6541384375095367,-1.0
0.08694012414410034,0.0037373516666279597,42,0.9977042209357023,0.00046616274761471693,8,76.46153847987836,0.6039596207325275,-1.0
0.08678087877871637,0.00364591075446118,43,0.9949373479466885,0.00044681898825837057,8,79.30769234437209,0.5769791383926685,-1.0
0.08712747555480084,0.0033289217178455806,44,0.9953158739954233,0.000427564939805086,8,79.84615388283363,0.5676347794899573,-1.0
0.0864060149020092,0.002945172198286111,45,0.9831523119937629,0.00040843029060201667,8,78.84615390117352,0.5552840926096989,-1.0
0.08766757667233999,0.002646644049408761,46,0.9937260830774903,0.000389444544891327,8,78.84615388283363,0.5394283237824073,-1.0
0.0871628479058431,0.0031053663697093725,47,0.9932017531245947,0.0003706369773167883,8,81.46153844319858,0.48890567541122437,-1.0
0.08681634798730639,0.0034556233705106106,48,0.9933023410849273,0.0003520365877844012,8,83.46153844319858,0.4466096230653616,-1.0
0.08646275172941387,0.0030166804367168384,49,0.9845653409138322,0.0003336720567466412,8,84.61538465206439,0.40722645117686346,-1.0
0.08722371690567922,0.0025461934591558847,50,0.9877138519659638,0.0003155717009792807,8,86.15384619052594,0.395878314605126,-1.0
0.08702253393659537,0.0029726660471748223,51,0.990191136021167,0.00029776342991897335,8,88.6923076739678,0.35649688115486733,-1.0
0.08720288884995336,0.0026338140437887473,52,0.9885325341019779,0.00028027470262892445,8,88.84615386449374,0.3130320484821613,-1.0
0.07278324333442883,0.002388429764488881,53,0.827135544968769,0.0002631324854590073,8,89.76923075089088,0.2938849353790283,-1.0
0.08670780020342632,0.0035612180575051093,54,0.9932970979716629,0.0002463632104656054,8,88.84615386449374,0.3330018379138066,-1.0
0.0970154555768452,0.002630543873899362,55,1.0964058439712971,0.0002299927346552969,8,91.84615388283363,0.2539645792887761,-1.0
0.09367530090226368,0.0037225572688674383,56,1.0716713638976216,0.00021404630011522587,8,91.6923076923077,0.24428565208728498,-1.0
0.09800123869949444,0.0023702550256116824,57,1.1043230348732322,0.00019854849509163232,8,94.00000005501967,0.21601677069297204,-1.0
0.09566618161360649,0.003965170482512225,58,1.0961859351955354,0.00018352321607655918,8,94.230769267449,0.20697540264863235,-1.0
0.0953355642162602,0.0023322499738159504,59,1.0745938478503376,0.00016899363096119395,8,94.38461538461539,0.18824761352860012,-1.0
0.09711068527857689,0.003668994346464222,60,1.108812600839883,0.000154982143312659,8,95.61538459704472,0.1558450390283878,-1.0
0.09836304037493061,0.00276582743125883,61,1.1126582080032676,0.0001415103578293356,8,96.15384615384616,0.14048081058722275,-1.0
0.05689790821634233,0.0024875181473114276,62,0.6534685941878706,0.0001285990470279847,8,96.99999998166011,0.1252425593825487,-1.0
0.058733294188806955,0.003918175627900796,63,0.6894282910507172,0.0001162681192140312,8,97.15384620886583,0.11721011854135073,-1.0
0.07667993925596503,0.00289675665341995,64,0.8756697729695588,0.00010453658778440107,8,97.30769228935242,0.11060373599712665,-1.0
0.05888266645541245,0.0038425181780687785,65,0.6902132050599903,9.342254191024022e-05,8,98.3076923076923,0.10048387135450657,-1.0
0.08866174148649654,0.003496737706220963,66,1.013978143921122,8.294311864472437e-05,8,98.61538461538461,0.08313983330359825,-1.0
0.08639014169404452,0.0032295867462049832,67,0.9860608780290931,7.311447649896551e-05,8,98.76923075089088,0.07958192206346072,-1.0
0.0872989920899272,0.003892407540909269,68,1.0033582451287657,6.395177052675794e-05,8,98.53846157514133,0.07822822644160345,-1.0
0.088575695048679,0.002451968760314313,69,1.0015497701242566,5.546912895658472e-05,8,98.3076923076923,0.08375387077148144,-1.0
0.08779211156070232,0.004332093352621252,70,1.0136203560978174,4.767963140691306e-05,8,98.3846153662755,0.07744630951147813,-1.0
0.0892775005406954,0.0025924718303775244,71,1.0108135321643203,4.059528871837034e-05,8,98.84615384615384,0.07655172972724988,-1.0
0.08801362934437665,0.003205324290320277,72,1.0036496932152659,3.4227024433899e-05,8,98.92307697809659,0.06968652583085573,-1.0
0.08832449300891974,0.0031702414536002007,73,1.006676150020212,2.8584657955444653e-05,8,99.15384617218605,0.06412970818006075,-1.0
0.08918663825501096,0.0022536424750631504,74,1.0060961379203945,2.367688940315011e-05,8,98.76923082425044,0.06898830083700327,-1.0
0.08968913775276054,0.005646125963804397,75,1.0489308759570122,1.951128620040094e-05,8,98.92307697809659,0.06407569399246803,-1.0
0.0853728941345418,0.005624278596687046,76,1.001208049012348,1.6094271405406862e-05,8,98.76923075089088,0.07403345658228948,-1.0
0.08757302105765451,0.0039139898409220305,77,1.0065922730136663,1.3431113807311488e-05,8,98.46153851655814,0.07728338663394635,-1.0
0.08767773147503083,0.004417173903096806,78,1.013279072009027,1.1525919802101659e-05,8,99.07692305858319,0.0683569999383046,-1.0
0.08897231893867931,0.004018861779265783,79,1.0232156969141215,1.0381627060842164e-05,8,98.84615390117352,0.06565528952158414,-1.0
0.09006257869557223,0.002340067940002138,80,1.0166699041146785,1e-05,8,99.38461543963506,0.062051518513606144,-1.0
0.10667349717749114,0.019820579369975763,1,1.3917963029816747,0.000999618372939158,9,15.285714285714286,2.3802550206865583,-1.0
0.1025518411770463,0.0038043632680042224,2,1.1702600729186088,0.0009984740801978985,9,24.78571445601327,2.0763374505724226,-1.0
0.10162580172023312,0.003014477372000163,3,1.151388498954475,0.0009965688861926887,9,24.28571437086378,1.9714393424987793,-1.0
0.0871720401019874,0.0026617249770259314,4,0.9884821020532399,0.0009939057285945933,9,29.50000023841858,1.9047698054994855,-1.0
0.06134797873991457,0.0037396654528989034,5,0.716287441086024,0.0009904887137995992,9,32.7142859186445,1.8344414384024483,-1.0
0.07888258559713987,0.002448586852882396,6,0.8948961070273072,0.00098632311059685,9,34.785714507102966,1.7727413967677526,-1.0
0.06215150726281784,0.0028334216595712032,7,0.7151659759692848,0.0009814153420445555,9,37.00000025544848,1.698138074874878,-1.0
0.0618417990309271,0.0031831762541762805,8,0.7155153988860548,0.0009757729755661012,9,39.857142976352144,1.6465235791887556,-1.0
0.0861305998722938,0.0024709559299729085,9,0.9748836338985711,0.0009694047112816298,9,40.214286020823884,1.5928900194168092,-1.0
0.0898243015716699,0.004023771690712733,10,1.0325891359243542,0.0009623203685930871,9,43.78571443898337,1.5245613827024187,-1.0
0.0922014938286421,0.0024796653623608026,11,1.0417607130948454,0.0009545308710434153,9,43.42857161590031,1.5399634654181344,-1.0
0.09369643919423899,0.002480926097963344,12,1.058204327011481,0.0009460482294732422,9,46.214285901614595,1.4529084117071969,-1.0
0.09021410191516308,0.002518168714066798,13,1.02032800600864,0.0009368855235010348,9,49.14285731315613,1.3927649906703403,-1.0
0.09212756961245429,0.003690016392449086,14,1.054245152976364,0.0009270568813552758,9,51.000000204358784,1.323291231564113,-1.0
0.09528669020669027,0.0024683182551102204,15,1.0755720238666981,0.0009165774580897602,9,51.35714329992022,1.292860676901681,-1.0
0.09130229201929813,0.0025699398141692986,16,1.0328447648789734,0.0009054634122155992,9,54.57142901420593,1.2288774149758475,-1.0
0.09143444178202613,0.0036576550496234136,17,1.046281839022413,0.0008937318807859689,9,54.785714285714285,1.2128486449377878,-1.0
0.0923951657234945,0.002452711003239859,18,1.0435711599420756,0.0008814009529720156,9,53.71428615706308,1.2532075473240443,-1.0
0.0931491160299629,0.0038765764329582453,19,1.0675516710616648,0.0008684896421706646,9,55.928571701049805,1.1816434587751117,-1.0
0.09254796233620834,0.0023873950439420614,20,1.0445572440512478,0.0008550178566873412,9,62.1428576537541,1.0340927471433368,-1.0
0.09242152596231211,0.0033242123159156604,21,1.0534558799117804,0.0008410063690388064,9,61.14285727909633,1.0145681490216936,-1.0
0.09203533743592826,0.0031223530161448502,22,1.0470059618819505,0.0008264767839234412,9,63.07142908232553,0.9761828579221453,-1.0
0.09167197856798091,0.0036195396996018562,23,1.0484536818694323,0.000811451504908368,9,66.4285717691694,0.9031883042199271,-1.0
0.09343942396596751,0.0023795706854963846,24,1.054258095799014,0.0007959536998847743,9,68.14285741533551,0.8573701419149127,-1.0
0.09301964424296537,0.0022481324955482373,25,1.0482119240332395,0.0007800072653447032,9,69.57142867360797,0.8377007443564278,-1.0
0.09310072842477397,0.002512426136738875,26,1.0520016960799694,0.0007636367895343947,9,71.7142858845847,0.7631138106754848,-1.0
0.09173189399933274,0.0036648220001635227,27,1.0496062100864947,0.0007468675145409928,9,72.9285717351096,0.7415812366349357,-1.0
0.09198242125355384,0.003491363742134788,28,1.050473588053137,0.0007297252973710758,9,69.85714302744184,0.7593677309581212,-1.0
0.09237902958623388,0.004032922506501729,29,1.060834949137643,0.0007122365700810271,9,74.92857156481061,0.7035061710221426,-1.0
0.09142643134956333,0.002924546112560413,30,1.0381698771379888,0.0006944282990207196,9,74.28571479661124,0.6933574274608068,-1.0
0.09001684654504061,0.0023066283796321263,31,1.0158571829088032,0.0006763279432533592,9,78.57142918450492,0.5654186603001186,-1.0
0.09253286972472613,0.0037856159985742784,32,1.0597478989511728,0.0006579634122155992,9,81.50000017029899,0.5147344078336443,-1.0
0.09324820720675317,0.0030688552439890123,33,1.0597778621595353,0.000639363022683212,9,84.00000017029899,0.47491587025778637,-1.0
0.0918009403288703,0.0025204691231589427,34,1.0377873019315302,0.0006205554551086735,9,84.78571442195347,0.42103562235832215,-1.0
0.09162871342745017,0.004131691657345404,35,1.0541082420386374,0.0006015697093979838,9,84.92857204164777,0.4251021075248718,-1.0
0.09100721300240945,0.002615999620915814,36,1.0301091098226607,0.0005824350601949146,9,86.2142858845847,0.3692608550616673,-1.0
0.09145504543134435,0.003662082472477447,37,1.0465554669499397,0.0005631810117416299,9,88.50000040871757,0.3318366270405906,-1.0
0.09213004140606658,0.0024945928757502274,38,1.0411168860737234,0.0005438372523852835,9,88.92857204164777,0.3019687373297555,-1.0
0.09282401320524514,0.004320950607176532,39,1.0688537009991705,0.0005244336088007391,9,90.14285744939532,0.28895608833857944,-1.0
0.09145403943363238,0.004421869568018751,40,1.0548800982069224,0.0005050000000000001,9,92.4285717351096,0.24844697747911726,-1.0
0.09301791359162466,0.004131734032522549,41,1.0688967509195209,0.0004855663911992613,9,92.00000047683716,0.23643346284117017,-1.0
0.09259415686723184,0.0031740474091334777,42,1.0537036671303213,0.00046616274761471693,9,92.07142887796674,0.23108822584152222,-1.0
0.0923567393752323,0.0025296190711246295,43,1.0440246749203652,0.00044681898825837057,9,92.21428602082389,0.2158054644720895,-1.0
0.09193216600794006,0.0033410544591871176,44,1.048258002847433,0.000427564939805086,9,95.14285775593349,0.17772630086966923,-1.0
0.09155647401613268,0.0031912178012796426,45,1.042522937990725,0.00040843029060201667,9,96.71428619112287,0.12750668695994785,-1.0
0.09285817267796533,0.0035556281535801563,46,1.0608083338011056,0.000389444544891327,9,96.92857207570758,0.10953088624136789,-1.0
0.09203184063715691,0.00280525490895591,47,1.0434550219215453,0.0003706369773167883,9,97.78571455819267,0.09239656278065272,-1.0
0.09270301217805933,0.0035673430062491784,48,1.0592389649245888,0.0003520365877844012,9,97.14285741533551,0.09013838474239622,-1.0
0.09277062405916778,0.0035879614932293243,49,1.0602197831030935,0.0003336720567466412,9,97.50000034059796,0.0860086190700531,-1.0
0.09151372548446736,0.003010656599971381,50,1.04005668614991,0.0003155717009792807,9,97.92857207570758,0.07429219899433,-1.0
0.08989598087712446,0.004169968845830722,51,1.035091897007078,0.00029776342991897335,9,98.92857200758797,0.06028030318873269,-1.0
0.09083357988856733,0.0025191397448493676,52,1.0271308219525963,0.00028027470262892445,9,99.00000057901654,0.049863966809851785,-1.0
0.08498964735984126,0.0036137279927391896,53,0.9748841878026724,0.0002631324854590073,9,99.21428571428571,0.04098602771759033,-1.0
0.10271660139022226,0.0037380637050690975,54,1.1712535941042006,0.0002463632104656054,9,99.85714285714286,0.030982987699764115,-1.0
0.09989001021974465,0.0038599839688024736,55,1.1415055289398879,0.0002299927346552969,9,99.64285778999329,0.030958553169454846,-1.0
0.09999076105569574,0.003842690663242882,56,1.142420157091692,0.00021404630011522587,9,99.28571428571429,0.03842478645699365,-1.0
0.10197489357299426,0.002580524528060447,57,1.150364200817421,0.00019854849509163232,9,99.57142915044513,0.02889496373278754,-1.0
0.10120013847269795,0.003844036085700447,58,1.1557462899945676,0.00018352321607655918,9,99.85714285714286,0.019737222652350152,-1.0
0.1013931396882981,0.003504833502864296,59,1.154155391966924,0.00016899363096119395,9,99.35714285714286,0.025980970838240216,-1.0
0.09976908947679806,0.0023947513492947273,60,1.1240606671199203,0.000154982143312659,9,99.78571428571429,0.02055582169443369,-1.0
0.05925318084403195,0.0024212501435117288,61,0.6786706889979541,0.0001415103578293356,9,99.85714285714286,0.019931540499840465,-1.0
0.07364702798341485,0.0035976619375022974,62,0.8499414441175759,0.0001285990470279847,9,100.0,0.01734151582632746,-1.0
0.06645837862213905,0.0028860889248211274,63,0.7630354128777981,0.0001162681192140312,9,99.78571428571429,0.013642616202788694,-1.0
0.060072302775965494,0.003512532492591576,64,0.6996808699332178,0.00010453658778440107,9,100.0,0.01284855451967035,-1.0
0.08121517433954234,0.002640670842745087,65,0.9226751090027392,9.342254191024022e-05,9,100.0,0.009744294232555798,-1.0
0.08968310966156423,0.0025513141458346086,66,1.014834095025435,8.294311864472437e-05,9,100.0,0.009803755767643451,-1.0
0.09130167724056677,0.002482149580662901,67,1.0318860709667206,7.311447649896551e-05,9,99.92857142857143,0.010502949090940612,-1.0
0.0905568655368618,0.0026661125435070558,68,1.0257144409697503,6.395177052675794e-05,9,99.92857142857143,0.010294828303158284,-1.0
0.0910933397244662,0.0034399243622002277,69,1.0401746090501547,5.546912895658472e-05,9,100.0,0.008980362436601094,-1.0
0.09099755867977034,0.00429704186337238,70,1.0485396939329803,4.767963140691306e-05,9,100.0,0.009277946464717388,-1.0
0.09286382745697418,0.0024091439025307245,71,1.0483154552057385,4.059528871837034e-05,9,100.0,0.009619394460959094,-1.0
0.09133964410813694,0.0025020794392648068,72,1.032567541114986,3.4227024433899e-05,9,99.92857142857143,0.009311987770987408,-1.0
0.09346180790188638,0.00245293208651922,73,1.0553601179271936,2.8584657955444653e-05,9,100.0,0.008910672582153762,-1.0
0.09259775232269683,0.003907048037614335,74,1.0619248820003122,2.367688940315011e-05,9,99.92857200758797,0.010025101133755276,-1.0
0.09275579672645438,0.003874080001630566,75,1.0632908479310572,1.951128620040094e-05,9,100.0,0.009117201747638838,-1.0
0.09153130360540342,0.0037731977433643556,76,1.048615723848343,1.6094271405406862e-05,9,100.0,0.009348354166639703,-1.0
0.09441745869646018,0.0044189045756039295,77,1.087495578918606,1.3431113807311488e-05,9,100.0,0.007795541629727397,-1.0
0.09265540364537049,0.002569597912952304,78,1.047771051991731,1.1525919802101659e-05,9,100.0,0.008303483112582138,-1.0
0.09112026991153305,0.003142001996324821,79,1.0371810758952051,1.0381627060842164e-05,9,100.0,0.008797210066446235,-1.0
0.09062980299561539,0.0024265990042212334,80,1.023893771925941,1e-05,9,100.0,0.00999875359237194,-1.0
0.1050366820806327,0.017927487574828167,1,1.4758490540552884,0.000999618372939158,10,17.33333339691162,2.4112222951253255,-1.0
0.0988417249172926,0.003412535161866496,2,1.2273452118970454,0.0009984740801978985,10,24.13333330154419,2.0748759829203287,-1.0
0.09924322682976101,0.002450791847271224,3,1.2206269919406623,0.0009965688861926887,10,26.600000015894572,1.9498477369944254,-1.0
0.07606695140323912,0.0038509820005856454,4,0.959264995995909,0.0009939057285945933,10,30.86666675408681,1.8862707125345866,-1.0
0.06535258297420417,0.003181070613209158,5,0.8226589360274374,0.0009904887137995992,10,33.40000010331472,1.8196168994903565,-1.0
0.07062143318277474,0.003243303062239041,6,0.8866420229896903,0.00098632311059685,10,34.59999996821086,1.785821554819743,-1.0
0.06304582773009315,0.0021448747720569372,7,0.7825959611218423,0.0009814153420445555,10,35.06666669050853,1.729775959968567,-1.0
0.07939741040657584,0.0025491385022178292,8,0.98363899695687,0.0009757729755661012,10,39.33333334128062,1.645476113319397,-1.0
0.08337494954078768,0.002808649461561193,9,1.0344559459481388,0.0009694047112816298,10,40.86666679382324,1.5928238916397095,-1.0
0.09155926775808136,0.0022473073137613633,10,1.1259504079353064,0.0009623203685930871,10,42.26666672229767,1.546346404393514,-1.0
0.09193854557815939,0.0026725251809693873,11,1.1356611209921539,0.0009545308710434153,10,43.86666679382324,1.4927973260879517,-1.0
0.09247517756496866,0.003498526755720377,12,1.1519363310653716,0.0009460482294732422,10,45.06666669845581,1.4811386280059815,-1.0
0.09269247101231788,0.002226979238912463,13,1.1393194729462266,0.0009368855235010348,10,48.66666661898295,1.4042186164855956,-1.0
0.0929301807579274,0.0024958617480782173,14,1.1454001609236002,0.0009270568813552758,10,49.19999997615814,1.4050312283833821,-1.0
0.092549354226018,0.002266449349311491,15,1.1380686010234058,0.0009165774580897602,10,52.06666665077209,1.3257029759089152,-1.0
0.09267419788132732,0.00443798986574014,16,1.1656336239539087,0.0009054634122155992,10,53.53333330154419,1.2667116425832112,-1.0
0.09232479939237237,0.0036285132712995014,17,1.1516970668453723,0.0008937318807859689,10,51.4666666507721,1.2425275866190593,-1.0
0.09081299226575841,0.0041327105718664825,18,1.1396124891471118,0.0008814009529720156,10,54.00000009536743,1.2025217663447063,-1.0
0.08995710940022643,0.0036996281899822256,19,1.1241215118207037,0.0008684896421706646,10,54.59999992052714,1.2247542661031088,-1.0
0.09070793502420808,0.003430930393127104,20,1.129914847901091,0.0008550178566873412,10,58.26666684150696,1.1203548901875813,-1.0
0.09260468016145751,0.0026768197615941367,21,1.1436396110802889,0.0008410063690388064,10,59.99999995231629,1.058437655766805,-1.0
0.09188727931662773,0.0038638672752616308,22,1.1492740490939468,0.0008264767839234412,10,61.6666668732961,1.026016983350118,-1.0
0.09033146166863541,0.003221894168139746,23,1.1229400599841028,0.000811451504908368,10,64.13333357175192,0.9314453802108764,-1.0
0.09205277314564835,0.002275128363786886,24,1.1321900410111994,0.0007959536998847743,10,66.20000014305114,0.9004820141792297,-1.0
0.08992204213670145,0.002278521773405373,25,1.1066608580294997,0.0007800072653447032,10,67.40000004768372,0.8940827943483989,-1.0
0.09165406234872837,0.0023001448910993836,26,1.1277023148722947,0.0007636367895343947,10,70.26666677792868,0.8226116120020549,-1.0
0.09045635383032884,0.0030636377438592413,27,1.1225051970686764,0.0007468675145409928,10,72.4,0.744313501516978,-1.0
0.09037962113507092,0.004921464210686584,28,1.1438817160669714,0.0007297252973710758,10,72.26666679382325,0.7262905003229777,-1.0
0.0923722028771105,0.0034748368780128658,29,1.150463405996561,0.0007122365700810271,10,76.26666671435038,0.6680145115852356,-1.0
0.08921238353165488,0.0023193503729999065,30,1.0986381729599088,0.0006944282990207196,10,76.26666666666667,0.6382608912785848,-1.0
0.09126609043839078,0.002254340215586126,31,1.1225073300302029,0.0006763279432533592,10,76.33333338101706,0.599389453570048,-1.0
0.09188172845946004,0.0034034413013917706,32,1.1436784320976585,0.0006579634122155992,10,80.0666666984558,0.5610790367126465,-1.0
0.08953858370659873,0.0035187418883045516,33,1.1169346070382744,0.000639363022683212,10,80.46666663487753,0.49939925797780355,-1.0
0.09242918505333364,0.002546359862511357,34,1.1399609309155494,0.0006205554551086735,10,80.73333328564962,0.5480001428922018,-1.0
0.09098251150377716,0.0021739990722077587,35,1.1181724099442363,0.0006015697093979838,10,81.13333333333334,0.5140315790176392,-1.0
0.09232316569735606,0.003233076558293154,36,1.1469728229567409,0.0005824350601949146,10,84.86666680971781,0.42551281801859536,-1.0
0.09204230160685256,0.003609234894004961,37,1.1480755941011012,0.0005631810117416299,10,88.40000022252401,0.3586535853544871,-1.0
0.09002673499829446,0.0036610234916831055,38,1.1245089760050178,0.0005438372523852835,10,89.26666685740153,0.3129576780796051,-1.0
0.08997148847750698,0.0032820285220320025,39,1.1193052679300308,0.0005244336088007391,10,91.73333339691162,0.25597725705305735,-1.0
0.09129353315802291,0.003031589168434342,40,1.1321593548636883,0.0005050000000000001,10,92.86666674613953,0.222186785419782,-1.0
0.09129371383460239,0.003475522738881409,41,1.1374880748335272,0.0004855663911992613,10,92.53333342870077,0.23059610044956208,-1.0
0.09061214799294248,0.0036652908311225474,42,1.1315918888431042,0.00046616274761471693,10,93.73333338101705,0.19283527783552806,-1.0
0.09201097581535578,0.0038684611790813506,43,1.1508116519544274,0.00044681898825837057,10,94.33333339691163,0.18507092634836833,-1.0
0.09246649393268551,0.0022184414944301047,44,1.1364750280044973,0.000427564939805086,10,94.73333342870076,0.17806145882606506,-1.0
0.09154571350275849,0.0022489046677947044,45,1.125781768001616,0.00040843029060201667,10,95.60000006357829,0.15014917647838594,-1.0
0.09158355482698728,0.003226595426288744,46,1.1379675511270761,0.000389444544891327,10,95.86666673024496,0.14124555456638335,-1.0
0.09184472728520632,0.0025053652158627906,47,1.1325200491119176,0.0003706369773167883,10,97.0666667620341,0.09996174987157186,-1.0
0.09219909220701084,0.0036552738941585026,48,1.1505049411207438,0.0003520365877844012,10,97.53333338101704,0.0947021542986234,-1.0
0.09258009970653802,0.002279294615921875,49,1.1385598320048302,0.0003336720567466412,10,98.20000009536743,0.08791730558872222,-1.0
0.09123512918207173,0.0026763615702899792,50,1.1271863121073693,0.0003155717009792807,10,98.60000003178915,0.06100997684399287,-1.0
0.09275855616821597,0.0022606540781756244,51,1.1404838131275028,0.00029776342991897335,10,99.06666668256123,0.05250976214806239,-1.0
0.09211343697582682,0.003722518954115609,52,1.150286392075941,0.00028027470262892445,10,99.13333334922791,0.04430827594796816,-1.0
0.09060740383574739,0.0033085213314431408,53,1.127241417998448,0.0002631324854590073,10,99.2,0.04268307920296987,-1.0
0.07061947140997897,0.0023858582717366517,54,0.8763071608263999,0.0002463632104656054,10,99.00000001589457,0.040830134858687715,-1.0
0.10103429943167914,0.0036144192369344332,55,1.2560496509540826,0.0002299927346552969,10,99.7333333492279,0.027839060684045156,-1.0
0.09896945817551266,0.004393122139542053,56,1.240610762964934,0.00021404630011522587,10,99.33333338101706,0.030879369378089903,-1.0
0.10033196057581033,0.002166529321887841,57,1.2302466160617769,0.00019854849509163232,10,99.66666669845581,0.02712962661186854,-1.0
0.09896583624261741,0.0036740738432854414,58,1.231947713997215,0.00018352321607655918,10,99.6,0.021917572860916456,-1.0
0.10115570963049929,0.0022429607925005257,59,1.241041461005807,0.00016899363096119395,10,99.7333333492279,0.02530470829208692,-1.0
0.1004959525113615,0.0035036480597530804,60,1.2482531438581645,0.000154982143312659,10,99.73333333333333,0.020469547788302105,-1.0
0.0914455633610487,0.0026459752310377858,61,1.129354177042842,0.0001415103578293356,10,99.8,0.020706929395596187,-1.0
0.06015182724998643,0.0033333703177049756,62,0.7620602969545871,0.0001285990470279847,10,100.0,0.013412057143946488,-1.0
0.07860117093271886,0.002470077907977005,63,0.9730996929574758,0.0001162681192140312,10,99.8,0.014813508902986845,-1.0
0.06273473688634112,0.002647589116046826,64,0.7848440259695053,0.00010453658778440107,10,100.0,0.010923849659661452,-1.0
0.06137587952738007,0.0034688826223524907,65,0.7784065098967403,9.342254191024022e-05,10,99.93333333333334,0.010400520877291758,-1.0
0.09222494684703027,0.0025898257348065576,66,1.1381210959516466,8.294311864472437e-05,10,99.86666666666666,0.011745158021648725,-1.0
0.08976313842382903,0.0024408607472044728,67,1.1068289619870484,7.311447649896551e-05,10,100.0,0.01001938857883215,-1.0
0.09042879395807783,0.002540475378433863,68,1.1159634999930859,6.395177052675794e-05,10,100.0,0.009942911602556705,-1.0
0.08961410298555468,0.002375713006282846,69,1.104246896225959,5.546912895658472e-05,10,100.0,0.010918165711065133,-1.0
0.09226377762388438,0.002198764200632771,70,1.133872945094481,4.767963140691306e-05,10,99.86666666666666,0.010887563059727351,-1.0
0.0920549740937228,0.00213091839880993,71,1.1304863039404154,4.059528871837034e-05,10,100.0,0.0080698466176788,-1.0
0.09167304869818811,0.002195054548792541,72,1.1266852810513228,3.4227024433899e-05,10,100.0,0.00829968107988437,-1.0
0.09143740027987708,0.002429298144609978,73,1.1266797401476651,2.8584657955444653e-05,10,100.0,0.008432339494427045,-1.0
0.09006266885747512,0.0034860917173015573,74,1.1228362349793315,2.367688940315011e-05,10,100.0,0.00980157596617937,-1.0
0.09170008441045259,0.003026707835185031,75,1.1370804039761424,1.951128620040094e-05,10,100.0,0.009666754471759001,-1.0
0.08926586438125621,0.0036298297733689346,76,1.1151777440682054,1.6094271405406862e-05,10,100.0,0.008585185045997302,-1.0
0.09082678016663219,0.002218745998106897,77,1.116844129981473,1.3431113807311488e-05,10,99.86666666666666,0.011584287494421005,-1.0
0.0926884021027945,0.002352361237475028,78,1.1407885088119656,1.1525919802101659e-05,10,99.93333333333334,0.008380220914880434,-1.0
0.09176105656661093,0.00332550776268666,79,1.1413421279285103,1.0381627060842164e-05,10,100.0,0.0076503427078326545,-1.0
0.09224228359137972,0.003833517568030705,80,1.1532237550709397,1e-05,10,100.0,0.007924029024938743,-1.0
0.10340334362207124,0.014546878850803925,1,1.5336826359853148,0.000999618372939158,11,15.9375,2.4095747756958006,-1.0
0.10086741345003247,0.0026341010816395283,2,1.345887720119208,0.0009984740801978985,11,23.875,2.087890167236328,-1.0
0.09725983731018809,0.003247438697144389,3,1.3068917929194868,0.0009965688861926887,11,27.8125,1.961285629272461,-1.0
0.05953381570557562,0.002097356294353421,4,0.8014647450763732,0.0009939057285945933,11,28.6875,1.9159988403320312,-1.0
0.0755896158874608,0.001984960650308774,5,1.0087204021401703,0.0009904887137995992,11,32.0,1.8364081573486328,-1.0
0.06172720346456537,0.0020324905367138293,6,0.8291232930496335,0.00098632311059685,11,33.5,1.7839420318603516,-1.0
0.06277308806490439,0.002111836479833493,7,0.8437434080988169,0.0009814153420445555,11,35.375,1.7411811828613282,-1.0
0.08617481272309445,0.002913429276444591,8,1.1584446029737592,0.0009757729755661012,11,36.75,1.7103903961181641,-1.0
0.08933824384943224,0.0034737618317684303,9,1.20684798178263,0.0009694047112816298,11,38.0625,1.6460986995697022,-1.0
0.09247153949064131,0.0028415092159635746,10,1.2394722769968212,0.0009623203685930871,11,40.25,1.6000300025939942,-1.0
0.09044679877563165,0.003188687770699079,11,1.2175651700235903,0.0009545308710434153,11,42.75,1.5547450637817384,-1.0
0.09062213173064475,0.0027229359660011073,12,1.2138045381288975,0.0009460482294732422,11,45.625,1.4817669200897217,-1.0
0.09061376519429569,0.0022131059533701493,13,1.2070767558179796,0.0009368855235010348,11,45.125,1.4533291625976563,-1.0
0.09158471735337606,0.002590829273685813,14,1.2245240779593587,0.0009270568813552758,11,45.3125,1.4514004230499267,-1.0
0.09036651343250504,0.002658536800971398,15,1.2095773508772254,0.0009165774580897602,11,49.875,1.33255295753479,-1.0
0.09057220675122853,0.003463549020055395,16,1.2227092520333827,0.0009054634122155992,11,49.75,1.3514450454711915,-1.0
0.08956233227553849,0.0019333632483791846,17,1.1896998949814588,0.0008937318807859689,11,50.875,1.309438819885254,-1.0
0.0892398682100555,0.00429393917035598,18,1.216177070979029,0.0008814009529720156,11,55.4375,1.21314679145813,-1.0
0.08768658130429685,0.003176579072784919,19,1.1814630480948836,0.0008684896421706646,11,55.5625,1.177456784248352,-1.0
0.0897485322247331,0.0020413239343235125,20,1.1935118860565126,0.0008550178566873412,11,56.8125,1.154481463432312,-1.0
0.09115723022617973,0.002183725000717319,21,1.2136975650209934,0.0008410063690388064,11,61.5,1.0822125196456909,-1.0
0.09115683022313394,0.002053950304308763,22,1.2120333269704133,0.0008264767839234412,11,61.625,1.054005355834961,-1.0
0.08878527101702414,0.0036691042164770458,23,1.2022043038159609,0.000811451504908368,11,64.375,1.0002706575393676,-1.0
0.08945570630021393,0.004438486469622988,24,1.220911115873605,0.0007959536998847743,11,65.875,0.9355879497528076,-1.0
0.09057764734069888,0.003231429888938482,25,1.2203293307684362,0.0007800072653447032,11,66.75,0.8756824970245362,-1.0
0.08934673011446229,0.0032686837411557254,26,1.2042934698984027,0.0007636367895343947,11,67.375,0.8427796268463135,-1.0
0.09161403483281341,0.003212317645263213,27,1.2330487619619817,0.0007468675145409928,11,69.25,0.8001928186416626,-1.0
0.09014580208951464,0.0027368490655834857,28,1.2077760980464518,0.0007297252973710758,11,71.0625,0.7730910611152649,-1.0
0.09038234523569162,0.0022864581551402807,29,1.2050465419888496,0.0007122365700810271,11,73.125,0.7321638226509094,-1.0
0.09126244037627028,0.0037295376846136954,30,1.2353096848819405,0.0006944282990207196,11,72.375,0.7277205944061279,-1.0
0.08962606844635537,0.0019261601667564649,31,1.1905068228952587,0.0006763279432533592,11,74.1875,0.6522135305404663,-1.0
0.09031984238670422,0.0023649483023641203,32,1.205203901976347,0.0006579634122155992,11,77.5,0.5919416308403015,-1.0
0.08961244375230028,0.003027793002099945,33,1.2045670039951801,0.000639363022683212,11,78.4375,0.5607790160179138,-1.0
0.08950364283429316,0.0030033031765085002,34,1.2028417750261724,0.0006205554551086735,11,79.6875,0.5357607436180115,-1.0
0.09024643178026263,0.0021071624404822406,35,1.2008474620524794,0.0006015697093979838,11,83.1875,0.45859556674957275,-1.0
0.08897534089807707,0.0020308255647810605,36,1.1833336339332163,0.0005824350601949146,11,85.5,0.40074615478515624,-1.0
0.08901230136577326,0.003463190711604861,37,1.2024252829141915,0.0005631810117416299,11,87.3125,0.367137668132782,-1.0
0.08917356024567898,0.0023572857384211742,38,1.1901609480846673,0.0005438372523852835,11,88.0625,0.3457386231422424,-1.0
0.09095686120697512,0.0037216412691542734,39,1.2310634460300207,0.0005244336088007391,11,88.625,0.32036821961402895,-1.0
0.090630588408273,0.0033094163697499493,40,1.2214766868855804,0.0005050000000000001,11,90.0625,0.2863428318500519,-1.0
0.08982932540731361,0.0024954075925052166,41,1.2004953299183398,0.0004855663911992613,11,90.9375,0.2655129563808441,-1.0
0.08999164862773167,0.0029574089970153114,42,1.208584388019517,0.00046616274761471693,11,90.1875,0.26635548830032346,-1.0
0.09022695891774045,0.002587567549198866,43,1.2068400799762458,0.00044681898825837057,11,93.0,0.22041974425315858,-1.0
0.09062019615577391,0.00331894437280985,44,1.2214536040555686,0.000427564939805086,11,93.125,0.19142431378364563,-1.0
0.08948142135229248,0.0021179754895946155,45,1.1910296061541885,0.00040843029060201667,11,93.4375,0.19188698768615722,-1.0
0.08980532085451369,0.002111575834882947,46,1.1951751899905503,0.000389444544891327,11,94.5,0.1719967532157898,-1.0
0.09069975823737107,0.0032054646871984005,47,1.2210427799727768,0.0003706369773167883,11,95.5625,0.15277239382267,-1.0
0.0894741840982953,0.002838079835503147,48,1.200302264885977,0.0003520365877844012,11,96.125,0.13294036209583282,-1.0
0.08950048783579125,0.002109360934879917,49,1.19116914505139,0.0003336720567466412,11,97.5625,0.1002279645204544,-1.0
0.0911864960888544,0.004628017294005706,50,1.245881352107972,0.0003155717009792807,11,97.8125,0.08644159913063049,-1.0
0.08902749583984797,0.003374976714929709,51,1.2015259228646755,0.00029776342991897335,11,98.375,0.07248988449573517,-1.0
0.09032042238574761,0.0037632719255410708,52,1.223391270963475,0.00028027470262892445,11,98.3125,0.07540045142173767,-1.0
0.08886740838464063,0.002115296146187645,53,1.1830316840205342,0.0002631324854590073,11,97.625,0.07237725675106049,-1.0
0.0913159512878897,0.0031659614044026686,54,1.2285088710486889,0.0002463632104656054,11,99.0,0.05615130424499512,-1.0
0.0702320950356527,0.0022341480407004175,55,0.9423083020374179,0.0002299927346552969,11,98.875,0.04809512913227081,-1.0
0.09610321693337308,0.0030521231416899422,56,1.2892739220988005,0.00021404630011522587,11,99.0625,0.04034625016152859,-1.0
0.0965096136698356,0.002437512408225582,57,1.2865579470526427,0.00019854849509163232,11,99.0625,0.040768761187791824,-1.0
0.09804287594026671,0.003256179284877502,58,1.3171391249634326,0.00018352321607655918,11,99.5625,0.027501533180475234,-1.0
0.09788814686740246,0.003189862061005372,59,1.3142556580714881,0.00016899363096119395,11,99.375,0.034262068718671795,-1.0
0.09928258461877704,0.0023690966817622003,60,1.3217100440524518,0.000154982143312659,11,99.5625,0.02641913205385208,-1.0
0.10043807648337232,0.0020746905893947068,61,1.3329224358312786,0.0001415103578293356,11,99.875,0.022449418231844903,-1.0
0.0767625100695743,0.0041172661675283545,62,1.0516736460849643,0.0001285990470279847,11,99.6875,0.020951894298195838,-1.0
0.058309083267186694,0.003118475039417927,63,0.7987951920367777,0.0001162681192140312,11,99.8125,0.01712846465408802,-1.0
0.07466289456575535,0.0034272503645087662,64,1.0154082588851452,0.00010453658778440107,11,99.875,0.01595200054347515,-1.0
0.06192636527479268,0.0023837625586356106,65,0.8362742350436747,9.342254191024022e-05,11,99.875,0.016909047886729242,-1.0
0.06506975050657414,0.002373827728801049,66,0.8770161608699709,8.294311864472437e-05,11,100.0,0.01251793310046196,-1.0
0.08744151250889096,0.0031566786436507334,67,1.1780149929691106,7.311447649896551e-05,11,100.0,0.013237751200795173,-1.0
0.09224932631835915,0.002915697834955958,68,1.2373887388966978,6.395177052675794e-05,11,100.0,0.012094008475542069,-1.0
0.08903348830958399,0.00350501538755802,69,1.2032586350105703,5.546912895658472e-05,11,100.0,0.01355273775756359,-1.0
0.09073789328193435,0.002114188946926823,70,1.207351179793477,4.767963140691306e-05,11,99.9375,0.011754667833447457,-1.0
0.08995584196124512,0.003051875803906184,71,1.2093461300246418,4.059528871837034e-05,11,100.0,0.010337803438305855,-1.0
0.08937260836291198,0.0030118214826171216,72,1.2012485440354794,3.4227024433899e-05,11,99.9375,0.012673645988106727,-1.0
0.08983361751485902,0.0031734181102365255,73,1.2093366510234773,2.8584657955444653e-05,11,99.875,0.011586170867085457,-1.0
0.08871672092936933,0.003626180150044652,74,1.2007147991098464,2.367688940315011e-05,11,100.0,0.01166355460882187,-1.0
0.08959600943713807,0.0035979477151368675,75,1.211774182971567,1.951128620040094e-05,11,100.0,0.010444221422076225,-1.0
0.09043021331756161,0.0033927045296877623,76,1.2199431899935007,1.6094271405406862e-05,11,99.9375,0.00974846862256527,-1.0
0.08847587718628347,0.002241697574320894,77,1.1795788169838488,1.3431113807311488e-05,11,99.9375,0.01195751190185547,-1.0
0.08858663429362842,0.003109398387515774,78,1.1922991909086704,1.1525919802101659e-05,11,100.0,0.009856888502836227,-1.0
0.08992665375654514,0.002050136789106406,79,1.1965358520392329,1.0381627060842164e-05,11,99.875,0.010805375576019287,-1.0
0.0898955470810716,0.0027358502400322603,80,1.2044534729793668,1e-05,11,99.9375,0.010506428554654121,-1.0
0.10306972870603204,0.012972502586697894,1,1.6248789199162275,0.000999618372939158,12,15.529411771718193,2.335412022085751,-1.0
0.09865228635525065,0.0018866757163777947,2,1.4078650882001966,0.0009984740801978985,12,22.411764733931598,2.061275778097265,-1.0
0.07614776325811233,0.003019507392309606,3,1.1086068460717797,0.0009965688861926887,12,25.352941169458276,1.9764616113550524,-1.0
0.06766010129026004,0.003098559283119227,4,0.9908785228617489,0.0009939057285945933,12,29.647058851578656,1.8832558312135583,-1.0
0.06428881408646703,0.0027405475598892997,5,0.938662420026958,0.0009904887137995992,12,30.235294138683994,1.8539104512158562,-1.0
0.06056709457854075,0.0022076189883851577,6,0.879136546049267,0.00098632311059685,12,32.05882352239945,1.8159895582760082,-1.0
0.07213320860838783,0.003599234324480806,7,1.0606673520524055,0.0009814153420445555,12,33.58823531515458,1.7394730514638563,-1.0
0.08559037259380732,0.002099414771821882,8,1.2279309129808098,0.0009757729755661012,12,35.23529413868399,1.7185821723937988,-1.0
0.08864731655921787,0.003025755236324455,9,1.2837321280967444,0.0009694047112816298,12,36.35294119049521,1.711558344784905,-1.0
0.09012040956544556,0.0030986645724624395,10,1.3053865770343691,0.0009623203685930871,12,39.82352941527086,1.630644655788646,-1.0
0.09155385144653597,0.003201514981420977,11,1.326830652076751,0.0009545308710434153,12,39.94117648461286,1.6099057915631463,-1.0
0.09137504439734455,0.0025134089602423565,12,1.3147656170185655,0.0009460482294732422,12,41.647058830541724,1.5589039872674382,-1.0
0.08982531666489584,0.003306924698076078,13,1.304100061999634,0.0009368855235010348,12,44.294117640046515,1.4948491270401898,-1.0
0.08817103992415858,0.0030404237997052924,14,1.2772116591222584,0.0009270568813552758,12,43.9411764495513,1.5072167601304896,-1.0
0.08955741319472768,0.0030497468874922822,15,1.2968031750060618,0.0009165774580897602,12,45.705882366965795,1.465123478384579,-1.0
0.08953140769153833,0.0026086996575551374,16,1.2902570068836212,0.0009054634122155992,12,47.94117650564979,1.39605729860418,-1.0
0.09001193736081145,0.0022443082749045323,17,1.2918878600466996,0.0008937318807859689,12,50.705882366965795,1.3484258132822373,-1.0
0.09010176714842341,0.0027468731360776083,18,1.3001308899838477,0.0008814009529720156,12,50.23529410362244,1.3253417348861694,-1.0
0.08927824253415954,0.002423316040741546,19,1.2840924160555005,0.0008684896421706646,12,51.4117647339316,1.3058903144387637,-1.0
0.08830018782256437,0.00252236460801214,20,1.2717662809882313,0.0008550178566873412,12,53.23529412465937,1.211300640667186,-1.0
0.08984148623754404,0.0019049428436639054,21,1.2847132720053196,0.0008410063690388064,12,57.235294075573194,1.1630836324130787,-1.0
0.08970491544875715,0.0020755481174481766,22,1.285171858035028,0.0008264767839234412,12,57.000000035061554,1.1629441822276396,-1.0
0.08982762242002147,0.0021621585224888156,23,1.2881190460175276,0.000811451504908368,12,58.00000002804924,1.1107383408265956,-1.0
0.08889649005141109,0.003055521087454898,24,1.287565713049844,0.0007959536998847743,12,57.35294123256908,1.115019469541662,-1.0
0.0899150718302865,0.0020596833866355674,25,1.287900703959167,0.0007800072653447032,12,59.11764708687277,1.092668784646427,-1.0
0.09075000198624496,0.0019103968682299768,26,1.2975043829064816,0.0007636367895343947,12,60.64705880950479,1.0490757022184485,-1.0
0.0899891517890085,0.0021694387874699067,27,1.2904857262037694,0.0007468675145409928,12,64.41176474795623,0.9500908686132992,-1.0
0.0900143385598702,0.002813162714509027,28,1.299882594961673,0.0007297252973710758,12,65.05882354343639,0.9553075808637282,-1.0
0.0893517613045073,0.0021353011917588966,29,1.2810533370357007,0.0007122365700810271,12,67.94117645656361,0.8608873525787802,-1.0
0.08947518120320248,0.0029629237251356244,30,1.2943734182044864,0.0006944282990207196,12,70.41176476198085,0.804701381150414,-1.0
0.08992853459702539,0.00196539269693728,31,1.2867726190015674,0.0006763279432533592,12,71.29411771718193,0.778999171257019,-1.0
0.08756281917781703,0.004151084476948849,32,1.2842351410072297,0.0006579634122155992,12,70.82352938371547,0.7795237015275395,-1.0
0.0903999432755102,0.002166270511224866,33,1.2962630661204457,0.000639363022683212,12,73.4705882212695,0.7450480261970969,-1.0
0.08946450876205095,0.0021525093054931077,34,1.2828847339842469,0.0006205554551086735,12,73.17647065835841,0.7009425108573016,-1.0
0.08915107013724212,0.002891024574637413,35,1.288843757007271,0.0006015697093979838,12,75.05882358551025,0.6670876343110028,-1.0
0.08987372919052307,0.002903750166296959,36,1.2991346360649914,0.0005824350601949146,12,78.29411761900958,0.5971186772514792,-1.0
0.09046792014435466,0.002934129858788635,37,1.307890913914889,0.0005631810117416299,12,80.6470588235294,0.5637890378166648,-1.0
0.08935222142775144,0.002947036941934909,38,1.2924518210347742,0.0005438372523852835,12,84.41176471990697,0.44857576089746815,-1.0
0.0905302098586357,0.0028171278536319733,39,1.3071325421333313,0.0005244336088007391,12,83.41176474795623,0.4646228529425228,-1.0
0.08992257491419357,0.002538923589911844,40,1.294705925974995,0.0005050000000000001,12,83.29411767510807,0.4694273840679842,-1.0
0.08990070968866348,0.002945612883195281,41,1.3000941050704569,0.0004855663911992613,12,85.29411764705883,0.4096905333855573,-1.0
0.08891441004483827,0.0025681788933330347,42,1.2809892541263252,0.00046616274761471693,12,84.88235292715184,0.4000623611141654,-1.0
0.08957281921591077,0.003110892704821059,43,1.2978216409683228,0.00044681898825837057,12,88.52941172263202,0.3475730419860167,-1.0
0.08910326716223997,0.003376169778805758,44,1.2949590370990336,0.000427564939805086,12,90.35294121854446,0.28140068944762736,-1.0
0.0889772761313777,0.003476247507413583,45,1.2946033719927073,0.00040843029060201667,12,91.7058823669658,0.25036692324806664,-1.0
0.08986594115516969,0.001922540133818984,46,1.2852989379316568,0.000389444544891327,12,90.58823535021614,0.26859693316852346,-1.0
0.08901711636488992,0.0031760501276169506,47,1.290957481134683,0.0003706369773167883,12,92.23529413167168,0.2327714784005109,-1.0
0.08970300522300281,0.0019129184241007482,48,1.2828773129731417,0.0003520365877844012,12,93.64705880950478,0.2043362906399895,-1.0
0.08792879607062787,0.004690506362489292,49,1.2969147299882025,0.0003336720567466412,12,94.52941180677975,0.1792471311372869,-1.0
0.08845217920108032,0.004660267449383225,50,1.303817137144506,0.0003155717009792807,12,94.47058827736798,0.1686568997888004,-1.0
0.0902215236232483,0.004619306019906487,51,1.328029892873019,0.00029776342991897335,12,96.29411761900958,0.13482833399492153,-1.0
0.08865753426549158,0.0028791420960000585,52,1.281758185941726,0.00028027470262892445,12,97.3529411764706,0.10481668343438821,-1.0
0.08922100910318218,0.0035544897629214184,53,1.2990987559314817,0.0002631324854590073,12,97.29411766108345,0.10057741312419667,-1.0
0.08943520206958055,0.004001498072674232,54,1.3083587791770697,0.0002463632104656054,12,96.5294117787305,0.11299353038563448,-1.0
0.088984185596928,0.0018694275391421147,55,1.2721928779501468,0.0002299927346552969,12,97.64705879548016,0.09061018975342021,-1.0
0.0891833863154586,0.0035410304720114383,56,1.2984409739729017,0.00021404630011522587,12,98.52941173665664,0.06941866688868578,-1.0
0.06985308604115355,0.001839045950743769,57,1.00392878591083,0.00019854849509163232,12,98.4117646778331,0.06237994215067695,-1.0
0.09979520635014134,0.0028123992129362057,58,1.4368116348050535,0.00018352321607655918,12,98.41176477600547,0.0686807738682803,-1.0
0.09569698459069644,0.0019377025642565318,59,1.3671355640981346,0.00016899363096119395,12,99.4117646778331,0.046533621269113874,-1.0
0.09814381820615381,0.002776069150838469,60,1.4131318118888885,0.000154982143312659,12,99.17647058823529,0.04171042528222589,-1.0
0.09976290783379227,0.001965226306180869,61,1.424464323092252,0.0001415103578293356,12,98.88235301129959,0.0424998962002642,-1.0
0.09967905918269285,0.0030759601587695734,62,1.4388544280081987,0.0001285990470279847,12,99.47058823529412,0.03661225797498927,-1.0
0.09399405306404722,0.0023966780863702297,63,1.3497223039157689,0.0001162681192140312,12,99.47058823529412,0.03538828792379183,-1.0
0.05818971595726907,0.0035026787580656154,64,0.8639335848856717,0.00010453658778440107,12,99.58823529411765,0.03194836325505201,-1.0
0.07533093884454242,0.0030144335801846217,65,1.097072008997202,9.342254191024022e-05,12,99.70588232489193,0.027318517215111675,-1.0
0.061411074262910655,0.001965336102460112,66,0.8875106670893729,8.294311864472437e-05,12,99.88235294117646,0.025171731535126182,-1.0
0.06800360204319336,0.0020677263881745084,67,0.9813062390312552,7.311447649896551e-05,12,99.6470588235294,0.03127878416987027,-1.0
0.08782381418028049,0.0019501527505261557,68,1.2571343439631164,6.395177052675794e-05,12,99.76470588235294,0.023895797641838298,-1.0
0.08975877491424658,0.0018203871524227516,69,1.2824058160185814,5.546912895658472e-05,12,99.76470595247605,0.021427085574935466,-1.0
0.08932387025561184,0.003078304380843682,70,1.2939394779969007,4.767963140691306e-05,12,99.64705879548016,0.02257747628233012,-1.0
0.09157134910180632,0.0024162254662119915,71,1.3161263139918447,4.059528871837034e-05,12,99.76470588235294,0.021188771150567953,-1.0
0.09026918896207851,0.003061366766425116,72,1.3068776750005782,3.4227024433899e-05,12,99.82352941176471,0.023151199668645858,-1.0
0.08988664560352586,0.001886589835131807,73,1.2850828720256686,2.8584657955444653e-05,12,99.94117647058823,0.01798889870152754,-1.0
0.08841883278052722,0.0019048045755230955,74,1.264768599998206,2.367688940315011e-05,12,99.64705889365253,0.020701277150827296,-1.0
0.09019783576617815,0.001993150733012174,75,1.2909226350020617,1.951128620040094e-05,12,100.0,0.01808071565540398,-1.0
0.08939157231777374,0.001819599187001586,76,1.2772056050598621,1.6094271405406862e-05,12,99.76470588235294,0.022491349174695856,-1.0
0.08857320886038776,0.003091021124938769,77,1.2835498459171504,1.3431113807311488e-05,12,99.94117644253899,0.016239902079105376,-1.0
0.08840630522796086,0.003424097417986819,78,1.2858733979519457,1.1525919802101659e-05,12,99.88235301129959,0.019648032854585086,-1.0
0.08852063169303749,0.0020992785825261046,79,1.268955378094688,1.0381627060842164e-05,12,99.82352941176471,0.019042466116302153,-1.0
0.08874243068774897,0.002643698377401701,80,1.279659115942195,1e-05,12,99.88235294117646,0.015891640177544426,-1.0
0.10111287001830836,0.01348672464179496,1,1.7192784759681672,0.000999618372939158,13,17.22222222222222,2.3667870585123696,-1.0
0.09747682601834337,0.0018305500503629445,2,1.4899184429086745,0.0009984740801978985,13,20.22222222222222,2.1725301784939237,-1.0
0.07717978993120293,0.0029893335420638325,3,1.2028052750974894,0.0009965688861926887,13,22.166666666666668,2.1222860039605034,-1.0
0.06419805322463314,0.0027068687758098047,4,1.0038197580724955,0.0009939057285945933,13,23.0,2.0617237345377606,-1.0
0.06603984222747386,0.002194797433912754,5,1.0237608070019633,0.0009904887137995992,13,23.333333333333332,2.026111577351888,-1.0
0.05935249946390589,0.0017647475314637026,6,0.9170037410221994,0.00098632311059685,13,24.27777777777778,2.020157224867079,-1.0
0.08513883020107944,0.0017147470731288194,7,1.303043097956106,0.0009814153420445555,13,28.166666666666668,1.955916510687934,-1.0
0.08720092334163686,0.0017195743198196094,8,1.334049158031121,0.0009757729755661012,13,26.666666666666668,2.0002359941270615,-1.0
0.08765586746546129,0.0023772163316607476,9,1.350738671142608,0.0009694047112816298,13,26.77777777777778,1.9664358944363065,-1.0
0.08792510215813915,0.0018051655186961094,10,1.346210649004206,0.0009623203685930871,13,29.72222222222222,1.9112423451741536,-1.0
0.08813286355386178,0.0018536314523468415,11,1.350081151118502,0.0009545308710434153,13,32.55555555555556,1.8218122948540583,-1.0
0.08913356259775658,0.0018493824017544588,12,1.3650136280339211,0.0009460482294732422,13,29.666666666666668,1.8897110409206814,-1.0
0.08898743013851344,0.003015697126587232,13,1.3803375840652734,0.0009368855235010348,13,29.88888888888889,1.8695905388726128,-1.0
0.08783993478864431,0.0028266355395317076,14,1.3602536469697952,0.0009270568813552758,13,31.166666666666668,1.829446792602539,-1.0
0.0885828384043028,0.003206439937154452,15,1.3771085580810905,0.0009165774580897602,13,32.05555555555556,1.820348366631402,-1.0
0.08853640325057009,0.002928358285377423,16,1.3722406360320747,0.0009054634122155992,13,33.22222222222222,1.7921188015407985,-1.0
0.08866468092116217,0.002260573549817006,17,1.3642017720267177,0.0008937318807859689,13,37.666666666666664,1.7232842678493923,-1.0
0.08936095071646075,0.0017964424254993598,18,1.3676981020253152,0.0008814009529720156,13,33.44444444444444,1.7884291924370659,-1.0
0.09004294735689958,0.0019062301144003868,19,1.3795730050187558,0.0008684896421706646,13,35.77777777777778,1.721993374294705,-1.0
0.08882644589369496,0.0022688665116826694,20,1.366694153053686,0.0008550178566873412,13,36.666666666666664,1.689936277601454,-1.0
0.0891393246439596,0.002630409551784396,21,1.3768162180203944,0.0008410063690388064,13,37.94444444444444,1.6716771443684897,-1.0
0.0885059656885763,0.0020501153233150643,22,1.358607382979244,0.0008264767839234412,13,37.05555555555556,1.6840063052707248,-1.0
0.08969698189757765,0.002087232377380133,23,1.3770172949880362,0.000811451504908368,13,40.44444444444444,1.6145916324191623,-1.0
0.08992259474471212,0.002069863661502798,24,1.3801417681388557,0.0007959536998847743,13,41.611111111111114,1.605643810696072,-1.0
0.08868929692544043,0.002006802273293336,25,1.3607000559568405,0.0007800072653447032,13,40.44444444444444,1.5927627393934463,-1.0
0.08840310239853959,0.0025015012671550114,26,1.3638093450572342,0.0007636367895343947,13,43.0,1.5733350796169705,-1.0
0.08934793500229717,0.001784964200730125,27,1.36723986803554,0.0007468675145409928,13,45.44444444444444,1.514767337375217,-1.0
0.08920230901179214,0.0031811791782577832,28,1.3860783209092915,0.0007297252973710758,13,40.0,1.5900804562038846,-1.0
0.08761497096469005,0.0026785200306524834,29,1.3546435069292784,0.0007122365700810271,13,42.77777777777778,1.5754789479573568,-1.0
0.08746788599528373,0.0019877445418387653,30,1.3420721660368145,0.0006944282990207196,13,45.94444444444444,1.4696748521592882,-1.0
0.08826456802586714,0.002943514644478758,31,1.3684000589419156,0.0006763279432533592,13,47.05555555555556,1.4633605278862847,-1.0
0.0897355793043971,0.003624164763217171,32,1.4006571029312909,0.0006579634122155992,13,47.611111111111114,1.4103539445665148,-1.0
0.08804061794653535,0.003039144119247794,33,1.3664421199355274,0.000639363022683212,13,45.05555555555556,1.529326434665256,-1.0
0.08922381571804484,0.0025310418258110683,34,1.3765674601309001,0.0006205554551086735,13,43.55555555555556,1.4955271572536892,-1.0
0.08952933447435499,0.0018985760553429524,35,1.3716462389566004,0.0006015697093979838,13,46.833333333333336,1.4419273546006945,-1.0
0.08935245238244534,0.002483694814145565,36,1.3777956271078438,0.0005824350601949146,13,49.27777777777778,1.3674867078993056,-1.0
0.08933043138434489,0.0018037210839490095,37,1.367275482043624,0.0005631810117416299,13,49.94444444444444,1.3479927062988282,-1.0
0.08889640113338829,0.002593659469857812,38,1.372597498819232,0.0005438372523852835,13,48.666666666666664,1.3647325473361545,-1.0
0.08864497478740911,0.0028457487467676403,39,1.372606951976195,0.0005244336088007391,13,51.111111111111114,1.3012439134385851,-1.0
0.0892866473334531,0.003263242744530241,40,1.388481891946867,0.0005050000000000001,13,52.55555555555556,1.2733217875162761,-1.0
0.08760450983730456,0.003777806895474593,41,1.3709809200372547,0.0004855663911992613,13,54.22222222222222,1.2368480173746745,-1.0
0.08906051926314831,0.003021803591400385,42,1.3814733910840005,0.00046616274761471693,13,55.388888888888886,1.192931137084961,-1.0
0.0887177226288865,0.0029234285621593395,43,1.3748626168817282,0.00044681898825837057,13,56.166666666666664,1.1870290713840062,-1.0
0.0885501838910083,0.0017138884402811527,44,1.3542078949976712,0.000427564939805086,13,56.111111111111114,1.1509798304239909,-1.0
0.08780834885934989,0.002129232541968425,45,1.3493179329670966,0.00040843029060201667,13,55.611111111111114,1.1617467795477974,-1.0
0.08817112580873072,0.0018618624657392503,46,1.3507674830034375,0.000389444544891327,13,57.888888888888886,1.1126635064019097,-1.0
0.08834021734073758,0.002009475060428182,47,1.3554871778469533,0.0003706369773167883,13,58.111111111111114,1.1091419559054905,-1.0
0.08906524038563172,0.0017129890775928894,48,1.3619102761149406,0.0003520365877844012,13,60.388888888888886,1.0548064634535048,-1.0
0.08957921404701968,0.0031745726863543194,49,1.3915525691118091,0.0003336720567466412,13,63.5,1.0100543891059028,-1.0
0.08876895649979512,0.0018342549757411084,50,1.3592979270033538,0.0003155717009792807,13,63.44444444444444,1.0008593029446071,-1.0
0.08876647274009883,0.0028532760528226695,51,1.3745560317765921,0.00029776342991897335,13,64.72222222222223,0.9618735546535916,-1.0
0.08845876663302382,0.0016661507698396841,52,1.3521149528678507,0.00028027470262892445,13,63.94444444444444,0.9646977784898546,-1.0
0.08991122893057764,0.0017585980705916882,53,1.3752843299880624,0.0002631324854590073,13,64.94444444444444,0.9363743125067817,-1.0
0.08871867794853945,0.002948828119163712,54,1.3752543139271438,0.0002463632104656054,13,68.61111111111111,0.8544850370619033,-1.0
0.08927029574600359,0.002093970263376832,55,1.370710277929902,0.0002299927346552969,13,71.38888888888889,0.8092230648464627,-1.0
0.08931634980253875,0.0017593346536159515,56,1.3663772200234234,0.00021404630011522587,13,68.44444444444444,0.8434146457248264,-1.0
0.08862248347140848,0.0027302136023839314,57,1.3705369159579277,0.00019854849509163232,13,69.55555555555556,0.8225973086886936,-1.0
0.08412021485467752,0.00271305648299555,58,1.3027359149418771,0.00018352321607655918,13,69.88888888888889,0.789609866672092,-1.0
0.08945500085440775,0.0027891218196600676,59,1.3838982551824301,0.00016899363096119395,13,72.61111111111111,0.7641423967149522,-1.0
0.09514516284689307,0.0029092634096741675,60,1.4710681119468063,0.000154982143312659,13,70.72222222222223,0.795334112379286,-1.0
0.09754535069999595,0.002762681028495232,61,1.5049188430421054,0.0001415103578293356,13,74.0,0.7054670884874132,-1.0
0.0986107171823581,0.0024095736909657715,62,1.5155492699705064,0.0001285990470279847,13,75.61111111111111,0.6834530809190538,-1.0
0.09818044893133143,0.001772658402721087,63,1.499572223983705,0.0001162681192140312,13,75.66666666666667,0.6598942438761394,-1.0
0.0977824499209722,0.001747449425359567,64,1.4931840130593628,0.00010453658778440107,13,78.61111111111111,0.609598388671875,-1.0
0.058114496416722734,0.0017662675740818183,65,0.898951139068231,9.342254191024022e-05,13,79.0,0.6075148646036784,-1.0
0.07197707469264666,0.0025521457195281983,66,1.118180450052023,8.294311864472437e-05,13,79.66666666666667,0.5839881663852268,-1.0
0.05927253450887899,0.00186813708084325,67,0.9173458579462022,7.311447649896551e-05,13,80.22222222222223,0.5637627092997233,-1.0
0.0705638187006116,0.0025970686382303636,68,1.0976555729284883,6.395177052675794e-05,13,80.5,0.5428129153781467,-1.0
0.08848406450512508,0.0017651833593845367,69,1.3539812529925257,5.546912895658472e-05,13,81.0,0.5395478375752767,-1.0
0.08869684829066198,0.0027269819130500157,70,1.3716489400248975,4.767963140691306e-05,13,81.5,0.5296119923061795,-1.0
0.08939591565479835,0.002672571005920569,71,1.3812680619303137,4.059528871837034e-05,13,80.61111111111111,0.5300582885742188,-1.0
0.09026490974550445,0.0018932559217015902,72,1.382614138070494,3.4227024433899e-05,13,82.05555555555556,0.5038163397047255,-1.0
0.0884431667936345,0.00173987140879035,73,1.3529869550839067,2.8584657955444653e-05,13,82.66666666666667,0.4900868331061469,-1.0
0.0887493430947264,0.0028727753708759946,74,1.374573047971353,2.367688940315011e-05,13,83.11111111111111,0.48807558059692385,-1.0
0.08734995030487577,0.0017127900229146084,75,1.3361870730295777,1.951128620040094e-05,13,83.94444444444444,0.47823791715833874,-1.0
0.08883609649104376,0.0025861593739440044,76,1.3715804568491876,1.6094271405406862e-05,13,84.16666666666667,0.46821236716376413,-1.0
0.09001129025903841,0.0030070559432109198,77,1.395521221216768,1.3431113807311488e-05,13,85.11111111111111,0.4560375637478299,-1.0
0.08963356977328658,0.0030509063663582007,78,1.3905051581095904,1.1525919802101659e-05,13,84.22222222222223,0.45503801769680446,-1.0
0.09017627358747025,0.0019477514084428548,79,1.382097320863977,1.0381627060842164e-05,13,84.66666666666667,0.4459147771199544,-1.0
0.09024128263505797,0.0017443734997262558,80,1.3800178421661258,1e-05,13,84.61111111111111,0.4586072031656901,-1.0
0.10635648804406325,0.013171303955217203,1,1.7932505998760462,0.000999618372939158,14,17.68421053572705,2.30283917427063,-1.0
0.10328591334012648,0.0018683573231101035,2,1.57770159188658,0.0009984740801978985,14,22.10526314534639,2.0527986862784937,-1.0
0.08103360265182952,0.0019146954795966546,3,1.2445436918642372,0.0009965688861926887,14,25.473684254445526,2.003452045039127,-1.0
0.07207236772713561,0.0027565148814270896,4,1.122700769919902,0.0009939057285945933,14,26.789473684210527,1.9349306673752633,-1.0
0.06279866547944644,0.0030056925180057684,5,0.9873131611384451,0.0009904887137995992,14,30.105263189265603,1.8665083975540964,-1.0
0.06262173273911079,0.001901967062925299,6,0.9681189919356257,0.00098632311059685,14,32.84210521296451,1.7924313891561408,-1.0
0.09141012537293136,0.0026124049598972004,7,1.4105921450536698,0.0009814153420445555,14,34.73684216173071,1.7758076333999633,-1.0
0.09363245667579273,0.0017117070499807596,8,1.4304136920254678,0.0009757729755661012,14,35.05263166678579,1.7341891966368024,-1.0
0.09345864513888955,0.0026412575350453454,9,1.4417458609677851,0.0009694047112816298,14,38.47368423562301,1.672042558820624,-1.0
0.09429439737771948,0.003121751950432857,10,1.461492014117539,0.0009623203685930871,14,38.368421121647486,1.6666295987681339,-1.0
0.09298590235412121,0.0026986179873347282,11,1.4355167380999774,0.0009545308710434153,14,42.6842105012191,1.5628842416562532,-1.0
0.09233094272203743,0.002527026211222013,12,1.4231079709716141,0.0009460482294732422,14,41.947368370859245,1.5539453175193385,-1.0
0.09374940219956139,0.001710797535876433,13,1.4321591609623283,0.0009368855235010348,14,41.7368420487956,1.5218118286132813,-1.0
0.09295267546549439,0.002747692276413242,14,1.4357599371578544,0.0009270568813552758,14,44.63157896619094,1.474088545096548,-1.0
0.09304831686119239,0.0017860382795333862,15,1.4227533950470388,0.0009165774580897602,14,46.000000062741734,1.4183465716713353,-1.0
0.09352922973533472,0.0025610456553598246,16,1.4416076210327446,0.0009054634122155992,14,49.31578941094248,1.3670358085632324,-1.0
0.09282573821643988,0.0025515660488357145,17,1.4309175610542297,0.0008937318807859689,14,50.10526317044308,1.3494282280771357,-1.0
0.0925813302397728,0.0027158898301422596,18,1.4297033890616149,0.0008814009529720156,14,50.631578978739284,1.3173864768680774,-1.0
0.09363914070030054,0.002585786239554485,19,1.4436287358403206,0.0008684896421706646,14,51.684210551412484,1.3005605504387303,-1.0
0.09353697143184642,0.002973144967108965,20,1.4479116259608418,0.0008550178566873412,14,53.63157882188496,1.229987803258394,-1.0
0.09415793232619762,0.001771392486989498,21,1.43924306682311,0.0008410063690388064,14,57.52631594005384,1.1364141534504137,-1.0
0.09336629201037189,0.002884908656900128,22,1.444060759153217,0.0008264767839234412,14,57.63157888462669,1.1191249390652305,-1.0
0.09395171424063543,0.0017079654149711131,23,1.4351747250184417,0.000811451504908368,14,59.36842095224481,1.0944433212280273,-1.0
0.09323116311182579,0.0024651019678761563,24,1.4356874518562108,0.0007959536998847743,14,62.63157890972338,1.0024351037176031,-1.0
0.09314787763481339,0.0019035244981447856,25,1.4260253529064357,0.0007800072653447032,14,64.26315808296204,0.976613838421671,-1.0
0.09245407856069505,0.002755842451006174,26,1.4284433571156114,0.0007636367895343947,14,64.47368431091309,0.9553902588392559,-1.0
0.09325447590090334,0.002445187962924441,27,1.435785192064941,0.0007468675145409928,14,65.57894733077602,0.9194676978964554,-1.0
0.09417442365859946,0.0017833090852946043,28,1.4397055800072849,0.0007297252973710758,14,68.2631580704137,0.8680353010328192,-1.0
0.09271022502022484,0.002121061986933152,29,1.4228209019638598,0.0007122365700810271,14,68.00000010038677,0.8290790262975191,-1.0
0.09332106270206471,0.0018222052914400896,30,1.4274770009797066,0.0006944282990207196,14,71.21052624049939,0.792933899352425,-1.0
0.093557382049039,0.001749209345628818,31,1.4306533720809966,0.0006763279432533592,14,73.52631571418361,0.7137535484213579,-1.0
0.09273010698768,0.0030176858107248943,32,1.4364673080854118,0.0006579634122155992,14,75.68421071454098,0.6623419619861401,-1.0
0.09410237246192991,0.0019607736729085447,33,1.441252308897674,0.000639363022683212,14,76.05263165423744,0.6615730680917439,-1.0
0.09353718610169987,0.0036783309653401373,34,1.458578955149278,0.0006205554551086735,14,75.89473682955692,0.6290765715900221,-1.0
0.0935620094028612,0.0025181293953210116,35,1.441513508092612,0.0006015697093979838,14,78.68421072708934,0.5840269817804036,-1.0
0.0938235146459192,0.003364926359305779,36,1.458073876099661,0.0005824350601949146,14,82.21052626559609,0.49460463021930895,-1.0
0.09368824437260628,0.0024474994900325936,37,1.4422862329520285,0.0005631810117416299,14,83.10526324573316,0.4604918729004107,-1.0
0.09289268692955374,0.003079474934687217,38,1.4398354580625892,0.0005438372523852835,14,82.78947377204895,0.4546020576200987,-1.0
0.09362912815995514,0.0017264511591444413,39,1.4305932188872248,0.0005244336088007391,14,86.15789471174541,0.382556889621835,-1.0
0.09245463207674523,0.001715281450500091,40,1.4127915580756962,0.0005050000000000001,14,87.05263174207587,0.36363176678356374,-1.0
0.09324956283283731,0.0021281841676682235,41,1.4309096198994666,0.0004855663911992613,14,89.94736859672948,0.31190974931967885,-1.0
0.09210688293290635,0.0022471925398955743,42,1.415559143992141,0.00046616274761471693,14,88.57894745625947,0.29909714259599385,-1.0
0.09341579405590891,0.0023638493536661067,43,1.436952746938914,0.00044681898825837057,14,89.47368432346143,0.3008368583101975,-1.0
0.09280258455934624,0.002151522304241856,44,1.424572804942727,0.000427564939805086,14,91.47368411013954,0.24969769967229744,-1.0
0.09279425184552868,0.0026952055438111224,45,1.4326193369925022,0.00040843029060201667,14,92.3684210275349,0.2232875357176128,-1.0
0.09312768504023552,0.0018684092132995526,46,1.42519574589096,0.000389444544891327,14,92.42105275706241,0.21702651400315134,-1.0
0.09336353984350959,0.002932626086597641,47,1.4446966298855841,0.0003706369773167883,14,94.47368426071971,0.1724430676196751,-1.0
0.09375972592582306,0.0028362955432385205,48,1.4492023750208318,0.0003520365877844012,14,94.63157887207835,0.16487774317201814,-1.0
0.09284569254765908,0.0030143153853714466,49,1.4381557221058756,0.0003336720567466412,14,95.99999998745166,0.12715716964320134,-1.0
0.09257913678884507,0.0029371182744701704,50,1.4330207610037178,0.0003155717009792807,14,96.94736848379436,0.1040072585720765,-1.0
0.09352487820821503,0.0018755531248946984,51,1.4312996179796755,0.00029776342991897335,14,97.78947360892045,0.08610186330581966,-1.0
0.09340324271470309,0.0024570933543145656,52,1.438204029109329,0.00028027470262892445,14,97.99999992470993,0.08229245774055782,-1.0
0.09419241002760828,0.0033886557755370933,53,1.4640320201870054,0.0002631324854590073,14,98.00000012548347,0.08171565244072362,-1.0
0.09299859404563904,0.0023313592808942,54,1.430232775164768,0.0002463632104656054,14,97.894736904847,0.07075299785325402,-1.0
0.09325817918094496,0.001720983488485217,55,1.424955602036789,0.0002299927346552969,14,98.84210546393143,0.05339484552019521,-1.0
0.0928432308913519,0.002494543977081776,56,1.4303169469349086,0.00021404630011522587,14,99.15789493761565,0.044452953032757106,-1.0
0.09338746215216816,0.002712780392418305,57,1.4417769080027938,0.00019854849509163232,14,99.26315809551038,0.04012659259532627,-1.0
0.09312018778485556,0.0018652752817918856,58,1.4250765880569816,0.00018352321607655918,14,99.57894736842105,0.03415941300752916,-1.0
0.0771070347012331,0.001745531102642417,59,1.1830426680389792,0.00016899363096119395,14,99.73684230603669,0.024788464794033453,-1.0
0.10252821220395465,0.0021101681360354025,60,1.5698321699164808,0.000154982143312659,14,99.68421072708934,0.027564867868235237,-1.0
0.09755852464586497,0.0032997676947464547,61,1.5131341849919409,0.0001415103578293356,14,99.73684210526316,0.026279606525050965,-1.0
0.10194821416710814,0.002247762695575754,62,1.5632039490155876,0.0001285990470279847,14,99.47368427326805,0.02554383816687684,-1.0
0.10137708256952464,0.0030772301523635786,63,1.5670768241398036,0.0001162681192140312,14,99.6842105263158,0.023052800689872942,-1.0
0.10204989529835681,0.001777514178926746,64,1.5576635899487883,0.00010453658778440107,14,99.78947368421052,0.02040382127620672,-1.0
0.07345004755382736,0.0018144469863424699,65,1.1292547290213406,9.342254191024022e-05,14,99.94736842105263,0.01610475357817976,-1.0
0.0766246576483051,0.002600729822491606,66,1.1886286628432572,8.294311864472437e-05,14,99.89473684210526,0.015279668922487059,-1.0
0.06385650827238958,0.0026959733261416358,67,0.998538170941174,7.311447649896551e-05,14,99.78947388498406,0.018220621170966247,-1.0
0.06852274284077188,0.0026798970997333527,68,1.0682978469412774,6.395177052675794e-05,14,99.94736842105263,0.01453875646387276,-1.0
0.09073281227611005,0.0027846208463112514,69,1.4030189530458301,5.546912895658472e-05,14,99.94736842105263,0.01414972549206332,-1.0
0.09214938875908653,0.0017885033041238785,70,1.4093716160859913,4.767963140691306e-05,14,99.94736842105263,0.014117887896534644,-1.0
0.09428922416021426,0.0023487412525961798,71,1.449870120966807,4.059528871837034e-05,14,99.94736842105263,0.011716677787664689,-1.0
0.0944182108466824,0.002358736159900824,72,1.4519698780495673,3.4227024433899e-05,14,99.94736862182617,0.013312689375720527,-1.0
0.09425055766478181,0.0030609166560073694,73,1.4599788340274245,2.8584657955444653e-05,14,99.94736842105263,0.011561228291768777,-1.0
0.09234343858746191,0.002270331745967269,74,1.41951940394938,2.367688940315011e-05,14,100.0,0.011326753455949457,-1.0
0.0930594672448933,0.0020847328783323367,75,1.4274584359955043,1.951128620040094e-05,14,99.94736842105263,0.012376620006796561,-1.0
0.09290097968963286,0.002651560632511973,76,1.4335904980544,1.6094271405406862e-05,14,99.94736842105263,0.011997431898979765,-1.0
0.09223741137733062,0.002589147025719285,77,1.422700528986752,1.3431113807311488e-05,14,99.94736862182617,0.011903220771958954,-1.0
0.09405648109192649,0.0017586579701552789,78,1.4375270060263574,1.1525919802101659e-05,14,99.89473684210526,0.011763681006666861,-1.0
0.09219067442851762,0.002746009562785427,79,1.4243635090533644,1.0381627060842164e-05,14,100.0,0.011522519902179116,-1.0
0.09255173144241174,0.0017477570877720912,80,1.414792659226805,1e-05,14,99.89473684210526,0.012788500552506823,-1.0
0.10311031180026475,0.012288471378269605,1,1.8466688129119575,0.000999618372939158,15,17.750000023841856,2.3352701377868654,-1.0
0.09960111486725509,0.0016982555680442601,2,1.6210932917892933,0.0009984740801978985,15,24.300000047683717,2.070699251174927,-1.0
0.06057158739713486,0.0019952144793933257,3,1.001373756909743,0.0009965688861926887,15,28.000000071525573,1.9588786859512328,-1.0
0.0762218279123772,0.0017543772119097412,4,1.2478724920656532,0.0009939057285945933,15,28.5,1.9137904567718507,-1.0
0.0622826945327688,0.002377366094151512,5,1.0348011900205165,0.0009904887137995992,15,30.000000023841856,1.8847175455093383,-1.0
0.08848700544331223,0.0034376249968772754,6,1.4710529651492834,0.00098632311059685,15,32.00000002384186,1.814014814376831,-1.0
0.08487700310070068,0.0018693207821343094,7,1.388183434959501,0.0009814153420445555,15,33.19999997615814,1.7785315237045287,-1.0
0.09058158544939943,0.0020153489895164967,8,1.481798040913418,0.0009757729755661012,15,37.75000002384186,1.6918229007720946,-1.0
0.09173084286157973,0.002475953835528344,9,1.5075562680140138,0.0009694047112816298,15,37.65,1.653828187942505,-1.0
0.09183976406347938,0.002521839487599209,10,1.5100443249102682,0.0009623203685930871,15,38.85000002384186,1.6324009914398194,-1.0
0.09198180750536267,0.0023238659341586754,11,1.5091450260952115,0.0009545308710434153,15,41.60000007152557,1.5815464715957641,-1.0
0.09230822873360012,0.00185622219578363,12,1.506909002084285,0.0009460482294732422,15,44.55000002384186,1.4990415706634521,-1.0
0.09164962382055819,0.0020463647379074246,13,1.4994007039349526,0.0009368855235010348,15,43.150000071525575,1.4961338939666748,-1.0
0.09059487353079021,0.001654955034609884,14,1.4762764039915055,0.0009270568813552758,15,48.050000071525574,1.3897699165344237,-1.0
0.09057542178197764,0.002996450464706868,15,1.4974147339817137,0.0009165774580897602,15,47.30000004768372,1.4195413494110107,-1.0
0.09211531220353208,0.0020251624227967113,16,1.5065997219644487,0.0009054634122155992,15,47.69999997615814,1.404479691505432,-1.0
0.09055031095340382,0.0018768368609016761,17,1.4790824661031365,0.0008937318807859689,15,50.100000047683714,1.3114850521087646,-1.0
0.09057249590114225,0.0016421514155808836,18,1.4756799240130931,0.0008814009529720156,15,53.90000009536743,1.2345737323760986,-1.0
0.09155216380895581,0.0028156770713394508,19,1.5101373810321093,0.0008684896421706646,15,55.25000004768371,1.2237980165481568,-1.0
0.08972723166516516,0.0020894569606753066,20,1.4693178129382432,0.0008550178566873412,15,53.95000007152557,1.210107442855835,-1.0
0.0896596415550448,0.002880755753722042,21,1.4808896011672914,0.0008410063690388064,15,56.05000004768372,1.1712239980697632,-1.0
0.08919068465183955,0.002926344095612876,22,1.4741215528920293,0.0008264767839234412,15,60.25000007152558,1.0707208652496338,-1.0
0.09003169219067786,0.002639694430399686,23,1.483002123888582,0.000811451504908368,15,61.80000004768372,1.035110779762268,-1.0
0.09149686002638191,0.002527729593566619,24,1.5046642292290926,0.0007959536998847743,15,63.15000004768372,0.9889289588928223,-1.0
0.09143223268620204,0.0015989431267371401,25,1.4887548468541354,0.0007800072653447032,15,64.59999995231628,0.9508965997695923,-1.0
0.09096322969708126,0.0016498617333127186,26,1.4820823420304805,0.0007636367895343947,15,67.54999995231628,0.889841694355011,-1.0
0.0912046284211101,0.0024992506951093674,27,1.4995338029693812,0.0007468675145409928,15,68.1,0.8469049115180969,-1.0
0.09071425715228543,0.0025127932894974947,28,1.4918899019248784,0.0007297252973710758,15,68.70000004768372,0.836743878364563,-1.0
0.09132823311665561,0.0020736318838316947,29,1.494678501971066,0.0007122365700810271,15,70.30000014305115,0.7793906602859497,-1.0
0.09000893865595572,0.0016382787143811584,30,1.4666147870011628,0.0006944282990207196,15,73.55,0.7306052393913269,-1.0
0.09010837426467333,0.0019154677429469302,31,1.4726254469715059,0.0006763279432533592,15,73.35000014305115,0.7188221507072449,-1.0
0.09179057460278273,0.002444164958433248,32,1.508012698031962,0.0006579634122155992,15,77.35000014305115,0.6369156646728515,-1.0
0.09148306288989261,0.002594332618173212,33,1.50549427093938,0.000639363022683212,15,78.30000009536744,0.5988952279090881,-1.0
0.09280617644253653,0.002495253924280405,34,1.5251164159271866,0.0006205554551086735,15,77.64999995231628,0.5746997499465942,-1.0
0.09168909044819884,0.0015639063640264794,35,1.4923654550220817,0.0006015697093979838,15,81.79999995231628,0.5062575459480285,-1.0
0.09197641492937692,0.002659809950273484,36,1.5144751910120249,0.0005824350601949146,15,82.00000009536743,0.4738635172843933,-1.0
0.09264302915835287,0.003032789085409604,37,1.531122877029702,0.0005631810117416299,15,83.25000009536743,0.4863779110908508,-1.0
0.0912299042684026,0.0016127627895912156,38,1.4857660490088165,0.0005438372523852835,15,83.35000014305115,0.44076498079299925,-1.0
0.09151033630769234,0.002652686322107911,39,1.5068634450435638,0.0005244336088007391,15,88.04999995231628,0.3431397728919983,-1.0
0.09183802834013477,0.0016879147879080847,40,1.4966969119850546,0.0005050000000000001,15,88.95000014305114,0.32171039533615114,-1.0
0.09132471038901713,0.0025071218551602215,41,1.501569264801219,0.0004855663911992613,15,89.65000014305114,0.30315147697925565,-1.0
0.0893323635100387,0.001751070813043043,42,1.4575878879986703,0.00046616274761471693,15,90.45000009536743,0.2772168161869049,-1.0
0.0918497367965756,0.0025296005187556148,43,1.5103313990402967,0.00044681898825837057,15,90.65000009536743,0.26578916954994203,-1.0
0.09199904681008775,0.0016456483717774972,44,1.4985634260810912,0.000427564939805086,15,91.90000009536743,0.2392700502872467,-1.0
0.09102451300714165,0.0018428729963488877,45,1.4861204400658607,0.00040843029060201667,15,93.55,0.1900690281391144,-1.0
0.09086686668160837,0.002637407189467922,46,1.4963629529811442,0.000389444544891327,15,94.55000014305115,0.17082731139659882,-1.0
0.09126663103234023,0.002086336593492888,47,1.4939550920389593,0.0003706369773167883,15,95.44999995231629,0.14085176825523377,-1.0
0.08964393945643678,0.0016586221754550934,48,1.4611346970777959,0.0003520365877844012,15,96.1,0.1272026000022888,-1.0
0.0896087555156555,0.0029228154744487256,49,1.4808010391425341,0.0003336720567466412,15,97.2,0.10777819681167602,-1.0
0.09000876641948707,0.0025529496488161385,50,1.4812739968765527,0.0003155717009792807,15,96.95000014305114,0.10885452842712402,-1.0
0.08979407165315934,0.0029280579765327275,51,1.4839323919732124,0.00029776342991897335,15,98.35000014305115,0.07426645147800445,-1.0
0.0910394168458879,0.0016408242809120566,52,1.483133452013135,0.00028027470262892445,15,98.5,0.06831841331720352,-1.0
0.09033568874292541,0.001663628383539617,53,1.4722694049123675,0.0002631324854590073,15,98.55000004768371,0.05801901820302009,-1.0
0.09167918220919091,0.0019765843462664634,54,1.498847777955234,0.0002463632104656054,15,99.10000004768372,0.04887416130304337,-1.0
0.09344819026591722,0.00188622904533986,55,1.5256121000275016,0.0002299927346552969,15,99.20000004768372,0.04245435759425163,-1.0
0.09037709049880505,0.003204631808330305,56,1.4975432199425995,0.00021404630011522587,15,99.20000004768372,0.04166302424669266,-1.0
0.09193858453363646,0.00308169933850877,57,1.5205813169013709,0.00019854849509163232,15,99.60000004768372,0.03213335782289505,-1.0
0.09260452011949383,0.0023923716944409534,58,1.5202083359472454,0.00018352321607655918,15,99.4,0.030505802541971206,-1.0
0.09159783653740305,0.002611729214549996,59,1.507664809934795,0.00016899363096119395,15,99.8,0.023876217260956765,-1.0
0.08993608230957761,0.0019105553074041381,60,1.4700043599586934,0.000154982143312659,15,99.75,0.021074696809053422,-1.0
0.0899707302742172,0.0025137222255580127,61,1.4801585909444839,0.0001415103578293356,15,99.65000009536743,0.022982865512371064,-1.0
0.09826809164951555,0.0023804581578588113,62,1.610636566998437,0.0001285990470279847,15,99.8,0.01861646682024002,-1.0
0.10051079193362966,0.0026708879449870437,63,1.6511813788674772,0.0001162681192140312,15,99.85,0.016955188006162643,-1.0
0.09963380265980959,0.0023362419015029445,64,1.631806290941313,0.00010453658778440107,15,99.9,0.015374076530337333,-1.0
0.10074243914277758,0.0019527543627191335,65,1.643475984921679,9.342254191024022e-05,15,99.9,0.014869549211114646,-1.0
0.08517712574393954,0.0027270936261629686,66,1.406802642159164,8.294311864472437e-05,15,99.8,0.01491925037279725,-1.0
0.06430409449967556,0.0022445968788815662,67,1.06512046395801,7.311447649896551e-05,15,99.85,0.01594381671398878,-1.0
0.07314527688140515,0.0028531993739306927,68,1.2162106628529727,6.395177052675794e-05,15,99.9,0.011929304666817188,-1.0
0.07001631941238884,0.0025629226583987474,69,1.161563697969541,5.546912895658472e-05,15,99.95,0.012697444081306457,-1.0
0.08874849855783395,0.002793947991449386,70,1.464977532159537,4.767963140691306e-05,15,99.85,0.012959941387176514,-1.0
0.09162646687764209,0.0030263637454481795,71,1.514735806034878,4.059528871837034e-05,15,99.95,0.012171663351356983,-1.0
0.09319885908917058,0.0018860129202948883,72,1.521637641824782,3.4227024433899e-05,15,99.95,0.010407406032085419,-1.0
0.09175260085612535,0.001594989706063643,73,1.4938029709737748,2.8584657955444653e-05,15,100.0,0.011137196883559228,-1.0
0.09238930216815788,0.001779612764948979,74,1.5069643708411604,2.367688940315011e-05,15,99.95,0.011084794037044049,-1.0
0.0916583505604649,0.0024714913161005825,75,1.5063249410595745,1.951128620040094e-05,15,99.95,0.011678608946502208,-1.0
0.09209470322821289,0.002462574397213757,76,1.5131803180556744,1.6094271405406862e-05,15,99.85,0.011994934976100921,-1.0
0.09163870086194947,0.002137100775144063,77,1.5007540080696344,1.3431113807311488e-05,15,99.9,0.011463224180042744,-1.0
0.09121340514684562,0.002213254803791642,78,1.495113991200924,1.1525919802101659e-05,15,99.9,0.01078267090767622,-1.0
0.09058268833905458,0.0025351830263389274,79,1.4901326219551265,1.0381627060842164e-05,15,99.8,0.012771993890404702,-1.0
0.09188379108672962,0.0017426469858037308,80,1.4982667840085924,1e-05,15,100.0,0.010688741877675056,-1.0
0.1044357233982095,0.011022490723168148,1,1.9631043910048902,0.000999618372939158,16,16.857142864238646,2.3445524683452788,-1.0
0.09955747885739102,0.002136192503659164,2,1.7291067440528423,0.0009984740801978985,16,23.761904824347724,2.0653434830620174,-1.0
0.0938768915777259,0.0016241578303058358,3,1.6238023459445685,0.0009965688861926887,16,27.04761905329568,1.9664287462688628,-1.0
0.060863578335984665,0.0032274029628538035,4,1.0897980590816587,0.0009939057285945933,16,30.76190475622813,1.8792599064963205,-1.0
0.07468621227342416,0.0024328692542279467,5,1.3112763150129467,0.0009904887137995992,16,31.476190510250273,1.8473994055248442,-1.0
0.061397189274430275,0.00243053724989295,6,1.0853049820289016,0.00098632311059685,16,32.23809526080177,1.806505765233721,-1.0
0.09118211492622162,0.0030865526128122035,7,1.6028163619339466,0.0009814153420445555,16,35.04761904194241,1.7643026892344158,-1.0
0.08884104298811187,0.002524151192868457,8,1.553488389821723,0.0009757729755661012,16,37.09523815768106,1.7015528585797264,-1.0
0.08842813350972445,0.0015724083162186777,9,1.5302585549652576,0.0009694047112816298,16,38.333333401452926,1.6307014817283267,-1.0
0.08983520848457427,0.0018147141535711639,10,1.55831757793203,0.0009623203685930871,16,41.90476193314507,1.5909947708674839,-1.0
0.09077647907714195,0.0022862178602201097,11,1.5823300641495734,0.0009545308710434153,16,40.71428576537541,1.5842727295557657,-1.0
0.09107740861637627,0.001681426211315043,12,1.5771596617996693,0.0009460482294732422,16,42.00000004541306,1.537042939776466,-1.0
0.08851074732785277,0.0015624449040521594,13,1.5315379579551518,0.0009368855235010348,16,44.571428611165004,1.472531807763236,-1.0
0.08880350518259494,0.0015936756424386712,14,1.537017802009359,0.0009270568813552758,16,45.523809523809526,1.4712889889308385,-1.0
0.08763432400027181,0.0019628462272093575,15,1.5233952580019832,0.0009165774580897602,16,47.380952420688814,1.40608837445577,-1.0
0.09032009573488989,0.0019168282092055853,16,1.5682954390067607,0.0009054634122155992,16,47.857142868496126,1.4187803511392503,-1.0
0.08891141328358036,0.002502287012141417,17,1.5543521151412278,0.0008937318807859689,16,49.66666668369656,1.3664198534829275,-1.0
0.09038146819426295,0.0020597376860678196,18,1.571751887910068,0.0008814009529720156,16,50.57142863954817,1.2941937560126895,-1.0
0.09011598240912837,0.0017666278324802132,19,1.5622572540305555,0.0008684896421706646,16,52.857142891202656,1.2440107304709298,-1.0
0.08946354242096491,0.0024037971709142715,20,1.5620144580025226,0.0008550178566873412,16,55.047619149798436,1.2201758832023257,-1.0
0.09017481983584516,0.0015980103464030167,21,1.5603877168614417,0.0008410063690388064,16,57.000000056766325,1.1307781012852987,-1.0
0.09012688075959244,0.0016352786572978778,22,1.5602010758593678,0.0008264767839234412,16,59.71428570293245,1.066343250047593,-1.0
0.09010153930798612,0.002999736407004735,23,1.5829626980703324,0.000811451504908368,16,59.95238105456034,1.0650977411724272,-1.0
0.09072409715393887,0.0022193029632463176,24,1.5802738450001925,0.0007959536998847743,16,62.095238117944625,1.019225264276777,-1.0
0.09003173102460363,0.0017133690279853694,25,1.5599076519720256,0.0007800072653447032,16,62.90476199558803,0.9785239823659261,-1.0
0.08995181171442657,0.0029593557530247115,26,1.5797526119276881,0.0007636367895343947,16,65.95238107726688,0.9204487860770453,-1.0
0.08803393469904275,0.0016057190129204707,27,1.524117796914652,0.0007468675145409928,16,68.14285721097674,0.8435346743038722,-1.0
0.08804841513526351,0.0025855395669008,28,1.5410327941644937,0.0007297252973710758,16,70.23809530621483,0.7896323739914667,-1.0
0.08862931657966007,0.0020625561284010902,29,1.5420069231186062,0.0007122365700810271,16,70.57142868496123,0.7845003214336577,-1.0
0.0899578180465409,0.002835118430940544,30,1.5777381269726902,0.0006944282990207196,16,70.38095239230564,0.7916674879619053,-1.0
0.09157425880103427,0.002733790740261183,31,1.6034965009894222,0.0006763279432533592,16,73.95238095238095,0.7122559651874361,-1.0
0.08901913601028569,0.0028691011042717624,32,1.5623948730062693,0.0006579634122155992,16,75.8571428457896,0.671130212375096,-1.0
0.090203494326595,0.0018545166753670748,33,1.565229021012783,0.000639363022683212,16,77.19047630400885,0.6138582646279108,-1.0
0.0901776713949135,0.001909897950313547,34,1.5657451539300382,0.0006205554551086735,16,79.4761906010764,0.5666425338813237,-1.0
0.08812130443916164,0.002203524619450464,35,1.5357727510854602,0.0006015697093979838,16,82.38095251719157,0.49399196318217686,-1.0
0.09058458968887434,0.001650003483518958,36,1.5682278729509562,0.0005824350601949146,16,82.19047622453598,0.4685200796808515,-1.0
0.08934303115615073,0.0017763724934090586,37,1.5492761011701077,0.0005631810117416299,16,83.47619051025028,0.4588755358968462,-1.0
0.09004541597438648,0.002559043261606027,38,1.5745428081136197,0.0005438372523852835,16,83.5714286281949,0.44257717881883896,-1.0
0.08981699677293792,0.002483586862902431,39,1.5693649440072477,0.0005244336088007391,16,85.85714295932225,0.4030201818829491,-1.0
0.09077601588112028,0.0016236604081795497,40,1.5710447109304368,0.0005050000000000001,16,87.28571434248062,0.35408961914834525,-1.0
0.08977678926278125,0.0021783452179721173,41,1.5634848680347204,0.0004855663911992613,16,88.09523811794463,0.3335152342773619,-1.0
0.08966126870911788,0.0031553152811658733,42,1.5781356180086732,0.00046616274761471693,16,91.09523822012402,0.2668867178190322,-1.0
0.09237452730646029,0.003493147696751882,43,1.629988281056285,0.00044681898825837057,16,93.3333333787464,0.22121028196244014,-1.0
0.09076720693915644,0.0016079363550114282,44,1.5706334500573575,0.000427564939805086,16,92.80952393440973,0.21397623459498089,-1.0
0.09078010504462701,0.0017773544224088684,45,1.5737228298094124,0.00040843029060201667,16,93.90476206370762,0.1899740968715577,-1.0
0.09185407214852817,0.0029814093209364835,46,1.6124508960638195,0.000389444544891327,16,94.3809525398981,0.16923894394011724,-1.0
0.09023419007494607,0.0024822010959991638,47,1.5764416640158743,0.0003706369773167883,16,93.66666674613953,0.17498414411431268,-1.0
0.0911978541270775,0.0027359066366711084,48,1.5971672018058598,0.0003520365877844012,16,95.38095246042523,0.13602035389060066,-1.0
0.09055488829172272,0.0018046318197294192,49,1.570357290795073,0.0003336720567466412,16,96.0476191270919,0.12426896044186184,-1.0
0.09065691667937618,0.0022170570240739513,50,1.579120545880869,0.0003155717009792807,16,97.33333344686599,0.09834802335216886,-1.0
0.09098310370053,0.0016573804211528862,51,1.5751907529775053,0.00029776342991897335,16,98.23809535162789,0.07817722953501202,-1.0
0.09119263302315683,0.001969898325007628,52,1.58401870704256,0.00028027470262892445,16,98.71428579375858,0.0682310517345156,-1.0
0.08935609679011737,0.002603388679049471,53,1.5635540371295065,0.0002631324854590073,16,97.71428579375858,0.06785190468742734,-1.0
0.09066680042237482,0.0036530310479814514,54,1.6036780159920454,0.0002463632104656054,16,98.09523820877075,0.0710400106225695,-1.0
0.09032938341774485,0.002539543462369372,55,1.5795335290022194,0.0002299927346552969,16,98.52380960328239,0.06132995860917228,-1.0
0.09154155872323934,0.0017354545621749234,56,1.585953081957996,0.00021404630011522587,16,98.95238106591361,0.046821214031605496,-1.0
0.09057060264817932,0.001781975946334355,57,1.5703139470424503,0.00019854849509163232,16,98.76190484137763,0.05418678556169782,-1.0
0.09038353794911767,0.0019113470471518882,58,1.5692656629253179,0.00018352321607655918,16,98.76190487543742,0.0455016242038636,-1.0
0.09050426604774069,0.0031552764258402236,59,1.5924774399027228,0.00016899363096119395,16,99.33333344686599,0.03471376511312666,-1.0
0.09093450261827778,0.002562823677983354,60,1.5897027989849448,0.000154982143312659,16,99.71428571428571,0.026704537359376748,-1.0
0.09204967889715643,0.002795906696359024,61,1.612641654908657,0.0001415103578293356,16,99.80952388899667,0.023064597923131216,-1.0
0.08128123677006978,0.001603574341382174,62,1.4092998050618917,0.0001285990470279847,16,99.85714285714286,0.019138162292185283,-1.0
0.0916994577684604,0.0015696485882953687,63,1.5858355178497732,0.0001162681192140312,16,99.66666666666667,0.021299478645835604,-1.0
0.09752969145227004,0.002691943143658778,64,1.704042190918699,0.00010453658778440107,16,99.95238095238095,0.015603863320180348,-1.0
0.10063810769797248,0.001530797768603353,65,1.7371671660803258,9.342254191024022e-05,16,99.85714297067551,0.015306440329267866,-1.0
0.09944362700095072,0.0027181771720814355,66,1.7370684968773276,8.294311864472437e-05,16,99.71428571428571,0.01719071836698623,-1.0
0.09901002287755117,0.002295564709450392,67,1.7224286489654332,7.311447649896551e-05,16,99.90476201829456,0.013745323185409818,-1.0
0.07045765211531783,0.0017526907681980554,68,1.227819122839719,6.395177052675794e-05,16,99.80952380952381,0.0159453437654745,-1.0
0.07443655011079767,0.002368095248718472,69,1.3059201431460679,5.546912895658472e-05,16,99.95238095238095,0.012608489419023195,-1.0
0.06177048643996172,0.0022307519033989485,70,1.0882564149796963,4.767963140691306e-05,16,100.0,0.011022052485495806,-1.0
0.08369099022820592,0.002653708229498828,71,1.468118912074715,4.059528871837034e-05,16,100.0,0.011139026788018999,-1.0
0.08951426704195053,0.0021984355442006796,72,1.5593882219400257,3.4227024433899e-05,16,99.95238095238095,0.010721844541175024,-1.0
0.08986657033400501,0.002711333375533714,73,1.5740935259964317,2.8584657955444653e-05,16,99.95238095238095,0.01075845605205922,-1.0
0.09054144203443737,0.0029044120764250263,74,1.588893701089546,2.367688940315011e-05,16,99.85714285714286,0.011765267613033453,-1.0
0.09050429501461194,0.0017968082855291227,75,1.5694268979132175,1.951128620040094e-05,16,99.95238095238095,0.012117668979224705,-1.0
0.0900814364225987,0.0027000899289679877,76,1.577578536933288,1.6094271405406862e-05,16,99.90476201829456,0.012160825743561698,-1.0
0.0917384545044864,0.0016042495502487702,77,1.5870828439947218,1.3431113807311488e-05,16,100.0,0.00964779394013541,-1.0
0.09050772225429468,0.0028447145185268976,78,1.5872768838889897,1.1525919802101659e-05,16,100.0,0.010367285854050091,-1.0
0.08962930833427783,0.0016144273172625724,79,1.55139341019094,1.0381627060842164e-05,16,99.95238106591361,0.009586175807884761,-1.0
0.08841649545630549,0.002820381607093355,80,1.5512687521986663,1e-05,16,99.90476201829456,0.011933570305506389,-1.0
0.10145413688021815,0.010790204448211525,1,2.020682882051915,0.000999618372939158,17,17.636363636363637,2.2973991255326704,-1.0
0.09906185418367386,0.0015753944300942952,2,1.8118229629471898,0.0009984740801978985,17,22.00000001083721,2.112813610163602,-1.0
0.09952130956420054,0.0015423759921557373,3,1.819470435846597,0.0009965688861926887,17,26.909090930765327,1.9824005126953126,-1.0
0.0750978985387418,0.00153371079876605,4,1.379632264142856,0.0009939057285945933,17,29.454545454545453,1.9101396040482954,-1.0
0.07310405452477022,0.0017856619087979198,5,1.3482656120322645,0.0009904887137995992,17,29.90909090909091,1.8822120800885287,-1.0
0.06213683501765546,0.0015914334217086434,6,1.1473876300733536,0.00098632311059685,17,32.09090911258351,1.8225930790467695,-1.0
0.07966640824452043,0.0023681276426133183,7,1.4768731731455773,0.0009814153420445555,17,33.09090909090909,1.763219361738725,-1.0
0.08779077262928088,0.0016819624773537119,8,1.610751014901325,0.0009757729755661012,17,35.09090911258351,1.725137245871804,-1.0
0.09040052252304223,0.0016760225278428858,9,1.6576176600065082,0.0009694047112816298,17,34.63636365803805,1.7165438014810737,-1.0
0.09015325349496885,0.002261474004222287,10,1.6637115040794015,0.0009623203685930871,17,39.5909091017463,1.6313223257931797,-1.0
0.09117196381299032,0.001882401359681454,11,1.675286364974454,0.0009545308710434153,17,38.31818181818182,1.64345506104556,-1.0
0.09065635519153956,0.0019099705386906862,12,1.666452710982412,0.0009460482294732422,17,40.500000010837205,1.6111342482133346,-1.0
0.09075176281233628,0.001829879746461908,13,1.6667539831250906,0.0009368855235010348,17,41.227272748947144,1.5643554414402354,-1.0
0.09011312589670221,0.00192659971718159,14,1.6569933579303324,0.0009270568813552758,17,44.86363636363637,1.5119208938425237,-1.0
0.09083326138918185,0.0017452012721656098,15,1.6667179949581623,0.0009165774580897602,17,44.227272748947144,1.447560168613087,-1.0
0.09061021039572854,0.0020745097814748683,16,1.6685968220699579,0.0009054634122155992,17,47.90909091992812,1.3943678773533215,-1.0
0.09047396725509316,0.0016543588006041115,17,1.6585529639851302,0.0008937318807859689,17,48.27272729440169,1.3957915011319246,-1.0
0.0904429012702571,0.0022941144416108727,18,1.6695115300826728,0.0008814009529720156,17,50.54545454545455,1.36716008273038,-1.0
0.08947980504793425,0.0018159105028543207,19,1.6435701209120452,0.0008684896421706646,17,49.454545465382665,1.352068121216514,-1.0
0.0907816871509163,0.0026943546254187822,20,1.6828816211782396,0.0008550178566873412,17,53.1818182034926,1.2459062888405539,-1.0
0.09058033433070199,0.0017233977818654643,21,1.6617145480122417,0.0008410063690388064,17,54.81818183985624,1.1972873683409258,-1.0
0.09040800739441895,0.0017135722122879492,22,1.6584310559555888,0.0008264767839234412,17,54.636363647200845,1.2076736727627841,-1.0
0.09034108265768737,0.0019151002893017398,23,1.6608593750279397,0.000811451504908368,17,57.04545454545455,1.17986403725364,-1.0
0.09018218760482138,0.00167500551065637,24,1.6536832868587226,0.0007959536998847743,17,58.77272727272727,1.100969501842152,-1.0
0.09092221750567357,0.001565227608403398,25,1.665027772076428,0.0007800072653447032,17,60.40909093076532,1.0648481390692972,-1.0
0.09028496731641805,0.0018385900184512138,26,1.6584697000216693,0.0007636367895343947,17,59.59090911258351,1.066482158574191,-1.0
0.08957646241308087,0.0018416884769168165,27,1.645784913096577,0.0007468675145409928,17,62.00000002167442,1.0103224390203303,-1.0
0.09064570143042754,0.0016649373444832033,28,1.661845217924565,0.0007297252973710758,17,64.13636367971247,0.9543185117027976,-1.0
0.09133505453873011,0.0023631063393420642,29,1.68681288510561,0.0007122365700810271,17,65.63636365803805,0.8978240305727179,-1.0
0.09007647558529344,0.0016010979112858574,30,1.650436163181439,0.0006944282990207196,17,67.45454549789429,0.8510312067378651,-1.0
0.0913242365544041,0.0016446509398519993,31,1.6736909709870815,0.0006763279432533592,17,68.13636367971247,0.8619955073703419,-1.0
0.09096565877553076,0.001521202826148106,32,1.6650120909325778,0.0006579634122155992,17,69.54545456712896,0.8156828448989174,-1.0
0.09098308384677188,0.0014733737075908317,33,1.6644617840647697,0.000639363022683212,17,70.5,0.7752061737667431,-1.0
0.09069389977958053,0.0024102163863264853,34,1.676178216934204,0.0006205554551086735,17,74.22727274894714,0.7010701368071817,-1.0
0.09103121162236978,0.0017666025475288432,35,1.6706636198796332,0.0006015697093979838,17,75.95454547621988,0.6526870623501865,-1.0
0.09074851989539133,0.0017210522200912237,36,1.6647661291062832,0.0005824350601949146,17,77.68181818181819,0.5923435225270012,-1.0
0.09023790973393868,0.0018291717084745567,37,1.6574998351279646,0.0005631810117416299,17,78.77272727272727,0.5641376458514821,-1.0
0.0905821163776434,0.0017206572358393008,38,1.6616913171019405,0.0005438372523852835,17,81.13636363636364,0.522487341707403,-1.0
0.09038107013071163,0.0019072406511339876,39,1.6614790679886937,0.0005244336088007391,17,78.45454549789429,0.5608527790416371,-1.0
0.0905957229099133,0.0015978764147601193,40,1.6597379769664258,0.0005050000000000001,17,79.40909095243974,0.537385603948073,-1.0
0.09086273637755464,0.0018404784560617474,41,1.6689096738118678,0.0004855663911992613,17,83.5909091125835,0.46377466786991467,-1.0
0.09061336922200604,0.001470733563312226,42,1.6577629130333662,0.00046616274761471693,17,85.00000004334883,0.4271925909952684,-1.0
0.09098325416238771,0.0015307196752271717,43,1.66549075813964,0.00044681898825837057,17,85.9090909090909,0.3915015475316481,-1.0
0.09082955542382681,0.0018633415715561972,44,1.6687280989717692,0.000427564939805086,17,88.7727273160761,0.32847608761353925,-1.0
0.09056367236189544,0.001506833812325365,45,1.657570281997323,0.00040843029060201667,17,88.86363638531078,0.3104426349293102,-1.0
0.09083865958059,0.0018205879281999336,46,1.6681797748897225,0.000389444544891327,17,89.72727274894714,0.3043010838465257,-1.0
0.09053451566594756,0.0019902908889990714,47,1.665742521174252,0.0003706369773167883,17,90.63636367971247,0.26428618170998314,-1.0
0.09081969251080106,0.0016902182639266055,48,1.6654617099557072,0.0003520365877844012,17,91.95454547621988,0.23802196004173973,-1.0
0.09099676626889656,0.0015486059581033057,49,1.666107416152954,0.0003336720567466412,17,90.77272727272727,0.2603504250266335,-1.0
0.08972459652512851,0.0018468023174338872,50,1.648581783985719,0.0003155717009792807,17,92.8636364069852,0.21782687057148326,-1.0
0.09121829902546273,0.0015291871968656778,51,1.6697453770320863,0.00029776342991897335,17,93.68181818181819,0.18876868692311374,-1.0
0.09068180845739941,0.0020254446426406503,52,1.6690280218608677,0.00028027470262892445,17,94.63636365803805,0.1712224759838798,-1.0
0.09040750063852304,0.002208938472904265,53,1.6673486330546439,0.0002631324854590073,17,94.9090909090909,0.16112588681957937,-1.0
0.09061762681489603,0.0018398010741091436,54,1.664484458975494,0.0002463632104656054,17,95.95454549789429,0.13117094186219302,-1.0
0.09052667294680658,0.0015456776082929638,55,1.6575948488898575,0.0002299927346552969,17,97.0909090909091,0.10639986271207982,-1.0
0.0907286601787847,0.0018318449405746327,56,1.6664094731677324,0.00021404630011522587,17,98.3636364069852,0.07859741126949137,-1.0
0.09127380122016701,0.0015728745040380293,57,1.671491599874571,0.00019854849509163232,17,98.2727273160761,0.07364524770866741,-1.0
0.0907722908563705,0.0016961867481263147,58,1.664685386000201,0.00018352321607655918,17,98.54545458880338,0.06807683749632402,-1.0
0.09051095589529723,0.0015465795554013716,59,1.6572733141947538,0.00016899363096119395,17,97.31818183985624,0.09054056465625764,-1.0
0.08989743011382718,0.0019388591560224693,60,1.65331426798366,0.000154982143312659,17,98.3636364069852,0.07347961620850997,-1.0
0.09114479139033291,0.0022506066597998142,61,1.6813620019238442,0.0001415103578293356,17,98.63636367971247,0.06441678450866178,-1.0
0.09006915857187575,0.0024508844750622907,62,1.6656126219313592,0.0001285990470279847,17,99.22727277062155,0.051149932958863,-1.0
0.08073796907491568,0.001682749651889834,63,1.4838514938019216,0.0001162681192140312,17,98.7727273160761,0.05056759790940718,-1.0
0.09632211456644452,0.0016226140497666267,64,1.7633023711387068,0.00010453658778440107,17,99.0909090909091,0.04488898133689707,-1.0
0.0978311087237671,0.0018518099483723442,65,1.7945377540308982,9.342254191024022e-05,17,99.22727274894714,0.04220956878228621,-1.0
0.09927989105280074,0.0019552410554347765,66,1.8224825230427086,8.294311864472437e-05,17,99.3636364069852,0.03838113489476117,-1.0
0.09908642895364513,0.0020058295404952434,67,1.8199051290284842,7.311447649896551e-05,17,99.45454545454545,0.04030055192383853,-1.0
0.0948814130646901,0.0016363268174851935,68,1.7375700541306287,6.395177052675794e-05,17,99.22727272727273,0.041916235468604346,-1.0
0.06176076172333625,0.002013553399592638,69,1.1481789930257946,5.546912895658472e-05,17,99.36363636363636,0.03350699851458723,-1.0
0.0702862524582694,0.0015901173206253184,70,1.2940189430955797,4.767963140691306e-05,17,99.63636365803805,0.028944315693595193,-1.0
0.06606935972296116,0.0015652748342189523,71,1.217675130115822,4.059528871837034e-05,17,99.72727272727273,0.028429537950591607,-1.0
0.08861765453022802,0.0017479579223112927,72,1.6268277829512954,3.4227024433899e-05,17,99.63636365803805,0.028246890089728617,-1.0
0.08978604342943679,0.001873611006885767,73,1.650113740004599,2.8584657955444653e-05,17,99.63636367971247,0.02787928193807602,-1.0
0.09131500163736443,0.0020592284725151127,74,1.6809752308763564,2.367688940315011e-05,17,99.86363636363636,0.02370431028306484,-1.0
0.09235026736536787,0.0015908920257869693,75,1.6911927869077772,1.951128620040094e-05,17,99.68181818181819,0.025757740261879835,-1.0
0.09215558779477659,0.0018484268673799103,76,1.6923167100176215,1.6094271405406862e-05,17,99.95454545454545,0.023565848158164458,-1.0
0.09098201900875817,0.002637452549404568,77,1.6853903059381992,1.3431113807311488e-05,17,99.86363636363636,0.02188618502156301,-1.0
0.09009536604086558,0.0015390102441112201,78,1.6496612669434398,1.1525919802101659e-05,17,99.68181818181819,0.023804335485805166,-1.0
0.09184322732552472,0.0016972751796452536,79,1.6839644680730999,1.0381627060842164e-05,17,99.72727274894714,0.026517668691548434,-1.0
0.09108339639432314,0.0018663844352381097,80,1.6733408719301224,1e-05,17,99.63636363636364,0.025072835738008673,-1.0
0.1020923459307394,0.01199140429445025,1,2.0537978601641953,0.000999618372939158,18,16.2608695263448,2.3173857307434083,-1.0
0.10088102489761594,0.0017403567649631037,2,1.84752580197528,0.0009984740801978985,18,23.217391268066738,2.062076414771702,-1.0
0.10223677270631823,0.0017615985642704698,3,1.8722719859797508,0.0009965688861926887,18,25.304347857185032,1.9555549434993578,-1.0
0.09876587588547005,0.0014916121080103847,4,1.8049340229481459,0.0009939057285945933,18,27.739130388135496,1.930465356370677,-1.0
0.0656497060554102,0.0017719957848182982,5,1.2138484299648553,0.0009904887137995992,18,30.26086944082509,1.8773753286444623,-1.0
0.07164508282827835,0.0016462861094623804,6,1.3195043099112809,0.00098632311059685,18,32.56521739648736,1.79529779807381,-1.0
0.06907889133112298,0.001780958225329717,7,1.275734988041222,0.0009814153420445555,18,33.91304342643075,1.759601641115935,-1.0
0.0917682118403415,0.002494405657570395,8,1.6970948660746217,0.0009757729755661012,18,35.78260863863903,1.7092783111074696,-1.0
0.0934132318943739,0.001476139554546939,9,1.7082743130158633,0.0009694047112816298,18,39.39130421306776,1.6530597954211028,-1.0
0.09379540598537359,0.0016859327313593691,10,1.7189106468576938,0.0009623203685930871,18,38.99999989633975,1.6266370841731197,-1.0
0.09390509422195868,0.00170748061241789,11,1.7212737379595637,0.0009545308710434153,18,40.13043471522953,1.601355707541756,-1.0
0.09391719796177414,0.0018401739265148838,12,1.7239499487914145,0.0009460482294732422,18,41.82608694615571,1.5576533261589383,-1.0
0.09389782548209445,0.0020674830690647164,13,1.7276750120799989,0.0009368855235010348,18,44.34782598847928,1.513362799934719,-1.0
0.09350353885545498,0.0019501271502425273,14,1.7184529171790928,0.0009270568813552758,18,44.69565220501112,1.4605209574492082,-1.0
0.09433677955530584,0.0017879161621547407,15,1.7304959089960903,0.0009165774580897602,18,46.086956407712854,1.4217729126888772,-1.0
0.09290126034627771,0.0024442155974813634,16,1.716480399016291,0.0009054634122155992,18,46.47826089029727,1.4082635719879815,-1.0
0.09409937953266005,0.0014967537459193005,17,1.7209858919959515,0.0008937318807859689,18,49.04347829196764,1.3407703704419343,-1.0
0.09399172989651561,0.0014518402102920744,18,1.7182379919104278,0.0008814009529720156,18,51.869565098182015,1.272599087383436,-1.0
0.09450575806355725,0.0016476076561957598,19,1.7310192100703716,0.0008684896421706646,18,55.173912908719934,1.222828367896702,-1.0
0.09440302582354182,0.001550845788895256,20,1.7274436899460852,0.0008550178566873412,18,54.565217225447945,1.2180496081061984,-1.0
0.09427138393382645,0.0017393433954566717,21,1.7284946739673615,0.0008410063690388064,18,56.826086904691614,1.1611279238825258,-1.0
0.09366850631259796,0.0026896295215313635,22,1.7346976608969271,0.0008264767839234412,18,58.13043460638627,1.101248902030613,-1.0
0.09399486040799981,0.0016905380309455926,23,1.722583152120933,0.000811451504908368,18,62.04347824013752,1.0154331864481387,-1.0
0.09359458592047708,0.0027391260308730933,24,1.7342614659573883,0.0007959536998847743,18,63.99999994816987,0.9664726897944574,-1.0
0.09444558879153596,0.002078230272875064,25,1.737675332929939,0.0007800072653447032,18,63.39130429599596,0.9635675973477571,-1.0
0.09365767148685539,0.0015953314076695177,26,1.7148080240003765,0.0007636367895343947,18,66.65217373682106,0.9001949579819389,-1.0
0.09419105831895852,0.0016075551846168106,27,1.7246288841124624,0.0007468675145409928,18,67.52173905787261,0.8546781887178836,-1.0
0.09376011830237177,0.0015465594802258743,28,1.7157837639097124,0.0007297252973710758,18,67.7826086645541,0.8369691778265912,-1.0
0.09323282392385106,0.0016039399585376184,29,1.7073046339210123,0.0007122365700810271,18,72.30434778462286,0.7561060536426046,-1.0
0.09486449575827767,0.0014441577950492501,30,1.7338078909087926,0.0006944282990207196,18,72.78260842613552,0.7235422443306965,-1.0
0.09427124523143801,0.0016012755351968938,31,1.7259554190095514,0.0006763279432533592,18,73.91304335386857,0.7018694234930951,-1.0
0.09365966817778018,0.0021385729261156586,32,1.7247247649356723,0.0006579634122155992,18,76.60869553814764,0.628171762176182,-1.0
0.093630437583973,0.0021723274710691636,33,1.7246972220018506,0.000639363022683212,18,78.52173888165018,0.5754907740717349,-1.0
0.09347310562669817,0.0023103476398521,34,1.7243533660657704,0.0006205554551086735,18,81.04347826086956,0.5278643471261729,-1.0
0.093598906791562,0.0026080829945082464,35,1.7320424111094326,0.0006015697093979838,18,81.4782606104146,0.48955252289772033,-1.0
0.09351317691875415,0.0022640920295897457,36,1.7243176400661469,0.0005824350601949146,18,82.95652144888173,0.48103739396385525,-1.0
0.09292314162788291,0.002352454647835758,37,1.7152203519362956,0.0005631810117416299,18,84.13043473077857,0.431793963028037,-1.0
0.09419608360622078,0.001466355338278744,38,1.722172694047913,0.0005438372523852835,18,85.95652160437211,0.3860172802987306,-1.0
0.09392358763660821,0.0023840845872958503,39,1.7337808839511126,0.0005244336088007391,18,88.17391286725584,0.34463392247324404,-1.0
0.0937228587249087,0.002616849275202387,40,1.7343694360461086,0.0005050000000000001,18,90.34782590036806,0.29065202179162397,-1.0
0.09402247099205852,0.0015115569500873487,41,1.7198605651501566,0.0004855663911992613,18,90.39130431672801,0.2738499631052432,-1.0
0.09346200978486902,0.0018412594347157413,42,1.715708120027557,0.00046616274761471693,18,93.34782597293024,0.22498013732226,-1.0
0.09326147580415839,0.002541151415142748,43,1.7246886410284787,0.00044681898825837057,18,92.21739103483117,0.22890279915021813,-1.0
0.09415686558673365,0.001589318582167228,44,1.7236853057984263,0.000427564939805086,18,91.95652159400608,0.23119323733060257,-1.0
0.09314522258419958,0.0025285536345715323,45,1.722399687860161,0.00040843029060201667,18,95.13043447162794,0.16583213241203973,-1.0
0.09384345364136,0.0024943172983411285,46,1.7343282690271735,0.000389444544891327,18,95.78260846759962,0.14146303394566412,-1.0
0.09445404100956188,0.0014734788176914055,47,1.726964799920097,0.0003706369773167883,18,95.9130433642346,0.13518972617128622,-1.0
0.09364088644118358,0.0017070111223599976,48,1.7165561669971794,0.0003520365877844012,18,96.39130410940751,0.11829907410818598,-1.0
0.09351930362431125,0.0017494224270598756,49,1.7150878340471536,0.0003336720567466412,18,96.39130431672801,0.11862256112306015,-1.0
0.0938079651677981,0.001968806894082162,50,1.724229978164658,0.0003155717009792807,18,97.99999988597372,0.08595658810242363,-1.0
0.09378681510376434,0.001476277442028125,51,1.7149879939388484,0.00029776342991897335,18,98.30434754620428,0.07052291131537894,-1.0
0.09359164039293925,0.0017292670414058699,52,1.7160280109383166,0.00028027470262892445,18,98.39130406794341,0.06234206974506378,-1.0
0.09456267964560539,0.0016614711817560925,53,1.7322784110438079,0.0002631324854590073,18,98.7826084986977,0.05351345978353334,-1.0
0.0937345084708391,0.0018172872563203175,54,1.7201870051212609,0.0002463632104656054,18,99.3913043478261,0.04202993538392627,-1.0
0.09239842526666406,0.0025805923958412474,55,1.7098689880222082,0.0002299927346552969,18,99.0,0.03883985792165217,-1.0
0.09358056902419776,0.0024240537572445143,56,1.7283826179336756,0.00021404630011522587,18,99.69565217391305,0.02761779072168081,-1.0
0.09392736167905645,0.0016094614337715837,57,1.72003650595434,0.00019854849509163232,18,99.73913015489993,0.024735714472506356,-1.0
0.09372234759697069,0.001756648287280566,58,1.718999301083386,0.00018352321607655918,18,99.60869541375533,0.022692849266788235,-1.0
0.09481734403460804,0.0025370491332271034,59,1.752678805962205,0.00016899363096119395,18,99.6521736331608,0.01978740271018899,-1.0
0.09353639837354422,0.0018420205192847385,60,1.71711406391114,0.000154982143312659,18,99.82608695652173,0.01634578080766875,-1.0
0.09476566622551116,0.001989839727886849,61,1.7418925859965384,0.0001415103578293356,18,99.82608667663906,0.01772660843704058,-1.0
0.09538392385002226,0.0018556687670449417,62,1.7505665579810739,0.0001285990470279847,18,99.78260869565217,0.018119643396981383,-1.0
0.09348361803373943,0.0021344383066106173,63,1.721375840017572,0.0001162681192140312,18,99.8695652173913,0.014394132507883984,-1.0
0.0808268761029467,0.0018296425179060963,64,1.4880667999386787,0.00010453658778440107,18,99.8695652173913,0.012537584614170634,-1.0
0.10298212984990743,0.0025781530938628647,65,1.900337581988424,9.342254191024022e-05,18,99.78260869565217,0.013971628093201181,-1.0
0.10031678231381294,0.0022754069650545716,66,1.8469097530469298,8.294311864472437e-05,18,99.91304347826087,0.012367378029486408,-1.0
0.10180574028183603,0.0015048357761568492,67,1.859836339019239,7.311447649896551e-05,18,100.0,0.010481079488020876,-1.0
0.10209633030980411,0.001727786626563304,68,1.8691404650453478,6.395177052675794e-05,18,99.95652173913044,0.010859320262527984,-1.0
0.08060497308098194,0.0017778339744028118,69,1.4831470118369907,5.546912895658472e-05,18,99.91304347826087,0.0107904099251913,-1.0
0.0722052108289467,0.0024209830056255064,70,1.3435215428471565,4.767963140691306e-05,18,99.95652173913044,0.010295114011058341,-1.0
0.06500543130096048,0.0022953911943154204,71,1.2116615260019898,4.059528871837034e-05,18,99.91304319837819,0.011088041442891826,-1.0
0.07523028046772298,0.001874751877039671,72,1.3881891490891576,3.4227024433899e-05,18,99.91304347826087,0.009792509074120418,-1.0
0.09144888069325437,0.0016653614713706905,73,1.6763100398238748,2.8584657955444653e-05,18,100.0,0.008920343275303427,-1.0
0.09173037004398389,0.0017069948500850135,74,1.682154699927196,2.367688940315011e-05,18,99.91304347826087,0.009042698911836613,-1.0
0.09355474359148906,0.002848602236352033,75,1.7356290479656309,1.951128620040094e-05,18,99.91304347826087,0.009376172701949658,-1.0
0.0940976045999883,0.001477555837482214,76,1.7206709841266274,1.6094271405406862e-05,18,100.0,0.008049097781919914,-1.0
0.09555164437430601,0.0019821058570717773,77,1.7559088850393891,1.3431113807311488e-05,18,100.0,0.008695971063621665,-1.0
0.09479896863922477,0.0024256520231978763,78,1.750344414031133,1.1525919802101659e-05,18,99.86956493750863,0.009512724141063897,-1.0
0.09412980928189224,0.0022465926595032215,79,1.7350789110641927,1.0381627060842164e-05,18,99.91304319837819,0.009216835702890934,-1.0
0.09311360217786084,0.0017170509866749246,80,1.7072191769257188,1e-05,18,100.0,0.00778984540587534,-1.0
0.10342443989295709,0.02724413610504646,1,2.4829975550528616,0.000999618372939158,19,16.958333373069763,2.3628545093536375,-1.0
0.10327564323271968,0.002501389563181683,2,2.010054677957669,0.0009984740801978985,19,21.291666706403095,2.08520157178243,-1.0
0.10224158032552193,0.001447981676871055,3,1.970377361169085,0.0009965688861926887,19,25.166666706403095,2.0000058110555012,-1.0
0.0851747279275993,0.0014891907033559523,4,1.646868925075978,0.0009939057285945933,19,27.75,1.9524483680725098,-1.0
0.0740965518512224,0.0027379562563606,5,1.460101201897487,0.0009904887137995992,19,28.62500003973643,1.947339096069336,-1.0
0.06376041295497041,0.0017294233640361774,6,1.2445583860389888,0.00098632311059685,19,29.5,1.8696610848108928,-1.0
0.08657125137305181,0.002286002836435249,7,1.688597704982385,0.0009814153420445555,19,31.458333412806194,1.820993677775065,-1.0
0.09099712279184084,0.0019374727394039695,8,1.7660600189119577,0.0009757729755661012,19,32.75000007947286,1.7834033505121867,-1.0
0.0908996740625681,0.0020553583622370895,9,1.7664174139499664,0.0009694047112816298,19,35.708333333333336,1.7549983231226602,-1.0
0.0906082930558018,0.0014643329440763122,10,1.7496362589299679,0.0009623203685930871,19,35.12500003973643,1.7072666120529174,-1.0
0.09161680059409455,0.0016107539842395407,11,1.7715888649690896,0.0009545308710434153,19,37.62500007947286,1.6667896858851114,-1.0
0.09187233104909721,0.001961244000612121,12,1.7830951218493283,0.0009460482294732422,19,39.33333341280619,1.6091476170221966,-1.0
0.09138751213781927,0.001537268025506484,13,1.765848538838327,0.0009368855235010348,19,41.20833337306976,1.5728316895167034,-1.0
0.09139781902348132,0.00156126666421953,14,1.7664856328628957,0.0009270568813552758,19,42.75000007947286,1.5359320656458537,-1.0
0.09168693398762691,0.0020167436450719833,15,1.7806239950004965,0.0009165774580897602,19,43.833333333333336,1.4955015007654826,-1.0
0.0926401648474367,0.0015236697845945233,16,1.7893863490317017,0.0009054634122155992,19,45.583333333333336,1.452718965212504,-1.0
0.09290042932537433,0.0016058997716754675,17,1.79588367883116,0.0008937318807859689,19,47.75000007947286,1.4181645838419596,-1.0
0.09331183988404901,0.0017133105399185105,18,1.805816185893491,0.0008814009529720156,19,48.70833341280619,1.362560125986735,-1.0
0.09349840123353428,0.0015106460839313897,19,1.805473931832239,0.0008684896421706646,19,50.6666667064031,1.3281540473302205,-1.0
0.09349669443786536,0.0015911340934077376,20,1.8069727080874145,0.0008550178566873412,19,52.58333337306976,1.256546441713969,-1.0
0.09298726646719795,0.001983858167046779,21,1.8047107968013734,0.0008410063690388064,19,54.00000007947286,1.213219386736552,-1.0
0.09255486995128817,0.0016925261037326173,22,1.7909549758769572,0.0008264767839234412,19,56.08333349227905,1.173623332977295,-1.0
0.09343177244361293,0.0018235855539770502,23,1.8101500179618597,0.000811451504908368,19,56.041666666666664,1.1679800271987915,-1.0
0.09251321451493393,0.0015407826898521499,24,1.7872882790397853,0.0007959536998847743,19,58.2916667064031,1.1126529264450074,-1.0
0.09277749470876236,0.0021042874524075735,25,1.8030014620162547,0.0007800072653447032,19,60.0,1.0633663495381673,-1.0
0.09402106672917541,0.0015746866426381626,26,1.8165912709664553,0.0007636367895343947,19,62.458333333333336,0.9912572781244914,-1.0
0.09336479071919855,0.0021519357534615616,27,1.8151050140149891,0.0007468675145409928,19,64.00000015894572,0.9692707379659017,-1.0
0.0932898178672124,0.0017230738763158258,28,1.8055597650818527,0.0007297252973710758,19,66.29166674613953,0.9066669058799743,-1.0
0.0935775290463904,0.0019774600054676596,29,1.8158005939330906,0.0007122365700810271,19,67.5833334128062,0.8530155944824219,-1.0
0.09304983019338627,0.0016392160108999203,30,1.7993489939253777,0.0006944282990207196,19,68.08333333333333,0.8656617959340414,-1.0
0.09298076959768016,0.0014381242401309703,31,1.79428181797266,0.0006763279432533592,19,69.8333334128062,0.794402253627777,-1.0
0.09355832859383602,0.0017565034673010047,32,1.8112820601090789,0.0006579634122155992,19,74.00000007947285,0.7085730361938477,-1.0
0.09341169901094154,0.0017404997794839897,33,1.8081999190617353,0.000639363022683212,19,75.54166666666667,0.6611222473780314,-1.0
0.0935510843624606,0.0014849492152662653,34,1.8059868609998375,0.0006205554551086735,19,75.91666666666667,0.6429599436124166,-1.0
0.0940346661097321,0.0015654160984252628,35,1.8167740709614009,0.0006015697093979838,19,77.87500015894572,0.5898545424143473,-1.0
0.0936414514374184,0.0014421338901708,36,1.8068437338806689,0.0005824350601949146,19,79.66666674613953,0.5484983642896016,-1.0
0.09360368952988402,0.0014616151487356738,37,1.80650874087587,0.0005631810117416299,19,80.41666682561238,0.5197653261820475,-1.0
0.09346067188552727,0.0015713634876240242,38,1.8058685210999101,0.0005438372523852835,19,81.87500015894572,0.48948056300481163,-1.0
0.09369605801705468,0.0014648198787319032,39,1.808310389984399,0.0005244336088007391,19,84.33333349227905,0.43803784330685935,-1.0
0.09374227621102411,0.0014590312677778695,40,1.809082878055051,0.0005050000000000001,19,85.70833333333333,0.40147064805030824,-1.0
0.09342908470793382,0.0015188660840258787,41,1.8042751809116453,0.0004855663911992613,19,87.83333349227905,0.3438753696282705,-1.0
0.09295099046032287,0.0014432502763443871,42,1.7937382450327277,0.00046616274761471693,19,89.25000007947285,0.3036438703536987,-1.0
0.09304562594594531,0.0014251737340696547,43,1.7951991041190922,0.00044681898825837057,19,91.20833333333333,0.2588971889019012,-1.0
0.09243874273900139,0.0014637651068991737,44,1.784401168115437,0.000427564939805086,19,91.41666674613953,0.24692381223042806,-1.0
0.09377697280510083,0.0013930744025856256,45,1.8084820739459246,0.00040843029060201667,19,91.41666674613953,0.2532868377367655,-1.0
0.09423032489997384,0.001820986465501942,46,1.8252446311526,0.000389444544891327,19,93.04166674613953,0.20815749088923136,-1.0
0.09352965353939094,0.0022411573016525885,47,1.8199026819784194,0.0003706369773167883,19,93.62500015894572,0.18150655329227447,-1.0
0.09388340213090966,0.0013785011282092647,48,1.8102810990530998,0.0003520365877844012,19,95.33333333333333,0.15673161923885345,-1.0
0.09245151840150356,0.0014689061300534952,49,1.7847382999025285,0.0003336720567466412,19,96.45833349227905,0.12268351236979166,-1.0
0.09328526494975545,0.0017508524224946374,50,1.8059378359466791,0.0003155717009792807,19,96.79166674613953,0.11211317936579386,-1.0
0.0935230209541164,0.0016568924766033888,51,1.808693858096376,0.00029776342991897335,19,96.62500015894572,0.10760260919729868,-1.0
0.09387063118629158,0.0014013206512716256,52,1.8105041410308331,0.00028027470262892445,19,97.75000015894572,0.08799519737561544,-1.0
0.09323303145356476,0.0019027457057841513,53,1.8079509830567986,0.0002631324854590073,19,97.75,0.08220858027537664,-1.0
0.09267380615500243,0.001924535896825163,54,1.7976263950113207,0.0002463632104656054,19,97.20833349227905,0.09049952859679858,-1.0
0.09327402676602728,0.001600719081532014,55,1.8033400501590222,0.0002299927346552969,19,98.37500015894572,0.06705671126643817,-1.0
0.09356793856836464,0.0015211848444060276,56,1.8069504511076957,0.00021404630011522587,19,98.29166682561238,0.06013514866431554,-1.0
0.09364311215712835,0.00274546179724367,57,1.8317017930094153,0.00019854849509163232,19,99.125,0.045512331376473106,-1.0
0.09341287878832143,0.0018787249971769359,58,1.8108470810111612,0.00018352321607655918,19,99.29166666666667,0.03934477272133032,-1.0
0.09342883106958318,0.0016689431412439597,59,1.8071133738849312,0.00016899363096119395,19,99.5,0.03231364232798417,-1.0
0.09377903909128356,0.0015121703281214362,60,1.810890665045008,0.000154982143312659,19,99.58333333333333,0.02936608483393987,-1.0
0.09269029120179384,0.0016547051184859715,61,1.7928733371663839,0.0001415103578293356,19,99.45833333333333,0.028023611828684805,-1.0
0.09362501390033255,0.0018012890420658024,62,1.813357732957229,0.0001285990470279847,19,99.91666666666667,0.02013264226416747,-1.0
0.09336408318363522,0.0019285904464164847,63,1.8108181050047278,0.0001162681192140312,19,99.70833349227905,0.022879940172036487,-1.0
0.09393600853601176,0.0015659730415791273,64,1.8147892870474607,0.00010453658778440107,19,99.66666666666667,0.022208721650143464,-1.0
0.08202016206556245,0.0018012912600840394,65,1.5928702170494944,9.342254191024022e-05,19,99.66666666666667,0.02241072339316209,-1.0
0.10020662095446728,0.0019701474076627115,66,1.9416951420716941,8.294311864472437e-05,19,99.79166666666667,0.01832854298253854,-1.0
0.0998215849486817,0.001488052467864595,67,1.9251626108307391,7.311447649896551e-05,19,99.91666666666667,0.01589843844374021,-1.0
0.10199430223407321,0.0013531313375814964,68,1.963877071859315,6.395177052675794e-05,19,99.91666666666667,0.014810869780679544,-1.0
0.10181871512414593,0.0015894747706816385,69,1.9650168889202178,5.546912895658472e-05,19,99.91666666666667,0.01321616891771555,-1.0
0.08330993019779653,0.0014444440603256226,70,1.611050145002082,4.767963140691306e-05,19,99.875,0.014997699161370595,-1.0
0.07403187375319631,0.0017610133601058471,71,1.4403518750332296,4.059528871837034e-05,19,99.95833349227905,0.012867116232713064,-1.0
0.06319774798803816,0.001476998698260439,72,1.2291161499451846,3.4227024433899e-05,19,99.95833333333333,0.01231012494613727,-1.0
0.08769907194532846,0.001559483843218339,73,1.696215984877199,2.8584657955444653e-05,19,99.95833333333333,0.013261458650231362,-1.0
0.09177790219454389,0.002127986070454905,74,1.784527329960838,2.367688940315011e-05,19,99.79166666666667,0.014717591827114422,-1.0
0.09240339599598787,0.0021610725793595378,75,1.7969779630657285,1.951128620040094e-05,19,99.83333349227905,0.013834292987982432,-1.0
0.09349986007682194,0.002317343605682254,76,1.8208336599636823,1.6094271405406862e-05,19,100.0,0.01023403711616993,-1.0
0.09263120184799559,0.002253763365412229,77,1.8031147099100053,1.3431113807311488e-05,19,99.95833349227905,0.011138559157649676,-1.0
0.09254668554977367,0.002347854554261032,78,1.8033002079464495,1.1525919802101659e-05,19,99.91666682561238,0.012429339687029521,-1.0
0.0939298486704693,0.0020668202717053262,79,1.824203330092132,1.0381627060842164e-05,19,99.83333333333333,0.012210424530009428,-1.0
0.09387805054307376,0.0014938402455300093,80,1.8124360300134867,1e-05,19,99.95833333333333,0.010558078195899726,-1.0
0.10106244975468144,0.009506618150044232,1,2.2117160100024194,0.000999618372939158,20,16.920000038146974,2.2935085189819335,-1.0
0.1020027254591696,0.001854698488023132,2,2.0774907909799367,0.0009984740801978985,20,23.68000000476837,2.0615245353698732,-1.0
0.10121196841355413,0.0015617119846865536,3,2.0558008179068565,0.0009965688861926887,20,27.040000004768373,1.9678224628448486,-1.0
0.09827936503570527,0.0014840821153484286,4,1.9955728689674288,0.0009939057285945933,20,26.960000002384184,1.9394027818679809,-1.0
0.0689476560917683,0.0016069722129032015,5,1.4115444850176573,0.0009904887137995992,20,29.080000019073488,1.881570104598999,-1.0
0.06558453487232327,0.001425423682667315,6,1.3405213728547096,0.00098632311059685,20,31.720000004768373,1.8129751964569092,-1.0
0.07707663053879514,0.0016485521104186774,7,1.5747631809208542,0.0009814153420445555,20,33.720000033378604,1.7861312271118164,-1.0
0.08993540478404612,0.0024642612668685617,8,1.8482493550982326,0.0009757729755661012,20,36.64000002384186,1.705435997581482,-1.0
0.09211411892902106,0.002617720910347998,9,1.894900422077626,0.0009694047112816298,20,37.88000002384186,1.6585254285812379,-1.0
0.09300093073397875,0.0014450090122409165,10,1.8891821999568492,0.0009623203685930871,20,38.67999997138977,1.6238257703781127,-1.0
0.0922564251231961,0.0017713492852635682,11,1.8808155681472272,0.0009545308710434153,20,41.319999985694885,1.579348603630066,-1.0
0.09256561663933098,0.002430352510418743,12,1.9001686270348728,0.0009460482294732422,20,42.680000042915346,1.5389184568405152,-1.0
0.0933199379243888,0.0015867068781517447,13,1.898377062054351,0.0009368855235010348,20,43.72000000953674,1.4957914930343628,-1.0
0.0926608708454296,0.002112617751117796,14,1.8957193559035659,0.0009270568813552758,20,44.800000009536745,1.4745391172409057,-1.0
0.09334925740258768,0.0020367047982290387,15,1.909680963959545,0.0009165774580897602,20,46.400000023841855,1.4261110609054566,-1.0
0.09184265638468787,0.001605000311974436,16,1.8692008750513196,0.0009054634122155992,20,49.28000004291535,1.3533103281021117,-1.0
0.09388142734533175,0.0013927201507613063,17,1.9057364098262042,0.0008937318807859689,20,49.480000038146976,1.324656621170044,-1.0
0.09335349297616631,0.0025372617761604487,18,1.9180613639764488,0.0008814009529720156,20,50.56000000476837,1.2899976997375489,-1.0
0.09336887388490141,0.002547702519223094,19,1.9185857388656586,0.0008684896421706646,20,54.44000003814697,1.2253828536987306,-1.0
0.09260832604486495,0.0024754935526289045,20,1.9019267980474979,0.0008550178566873412,20,54.64000000953674,1.2081917726516724,-1.0
0.092388564045541,0.0021139852586202325,21,1.8904039850458503,0.0008410063690388064,20,57.439999952316285,1.1315089797973632,-1.0
0.09186308903153986,0.0016316560679115355,22,1.8703017721418291,0.0008264767839234412,20,58.360000042915345,1.0925909606933595,-1.0
0.09262375109829009,0.0017326595960184931,23,1.8873683330602944,0.000811451504908368,20,59.920000019073484,1.0584461062431336,-1.0
0.09266904089599848,0.0014362283051013946,24,1.882347338134423,0.0007959536998847743,20,62.32000001907349,1.021816733932495,-1.0
0.09275712446542457,0.0014941134839318692,25,1.8852851400151849,0.0007800072653447032,20,63.4800000667572,0.949153200340271,-1.0
0.09246860886923969,0.001337901479564607,26,1.876382363960147,0.0007636367895343947,20,64.47999999046326,0.9315414791107177,-1.0
0.09225766451563686,0.0013990071369335056,27,1.8733790619298816,0.0007468675145409928,20,67.12000000953674,0.8944479115486145,-1.0
0.09276708783581852,0.0015476943575777114,28,1.8865558339748532,0.0007297252973710758,20,67.12000002861024,0.8602275847434998,-1.0
0.09277608059346676,0.0015256675076670944,29,1.8862847068812698,0.0007122365700810271,20,70.9200000858307,0.7778720857620239,-1.0
0.09264740915969014,0.001554617949295789,30,1.8842903561890125,0.0006944282990207196,20,74.71999995231629,0.7078859013557434,-1.0
0.09294865082483739,0.001456138666253537,31,1.8884294999297708,0.0006763279432533592,20,74.96000003814697,0.6667853187561035,-1.0
0.09176481418544427,0.00135382991284132,32,1.8626652911771089,0.0006579634122155992,20,75.32000008583069,0.6625260803222657,-1.0
0.09298133836127817,0.0013833394390530885,33,1.887541517848149,0.000639363022683212,20,78.68000003814697,0.5799865869522095,-1.0
0.09317416530102492,0.0013267076457850635,34,1.8902683341875672,0.0006205554551086735,20,77.51999997138977,0.606362195968628,-1.0
0.0931865289574489,0.0013151942403055727,35,1.890294844051823,0.0006015697093979838,20,79.92000001907348,0.5512266736507416,-1.0
0.09275292943930254,0.0012972328579053283,36,1.8812573170289397,0.0005824350601949146,20,81.39999997138978,0.4956237543106079,-1.0
0.09312835987657309,0.0013974714325740933,37,1.8907677619718015,0.0005631810117416299,20,83.92000002861023,0.44372573623657224,-1.0
0.09314841859741137,0.00136069260770455,38,1.8904325591865927,0.0005438372523852835,20,85.19999995231629,0.403985209274292,-1.0
0.09266141508705913,0.001536324352491647,39,1.884194767801091,0.0005244336088007391,20,86.52000001907349,0.38208173446655275,-1.0
0.09333944576792419,0.0013307823799550533,40,1.893654497107491,0.0005050000000000001,20,87.20000002861023,0.37087162227630616,-1.0
0.0924734728061594,0.0013111893436871468,41,1.8759505487978458,0.0004855663911992613,20,87.80000002861023,0.34275193028450013,-1.0
0.09317181302467362,0.0014945587841793894,42,1.8935764590278268,0.00046616274761471693,20,90.8800000667572,0.2728103817939758,-1.0
0.09268884195480495,0.0018698644475080074,43,1.8914373631123453,0.00044681898825837057,20,91.36000000953675,0.24896099286079407,-1.0
0.0922328245593235,0.0017278879415243864,44,1.87947389902547,0.000427564939805086,20,93.68000000953674,0.1998286479473114,-1.0
0.09254677497083322,0.0013778358814306557,45,1.8787418811116368,0.00040843029060201667,20,94.4399999332428,0.17990567212104797,-1.0
0.09236735109006985,0.0016865220153704286,46,1.8813211470842361,0.000389444544891327,20,95.4799999332428,0.15701187193393706,-1.0
0.09312109450111165,0.001991511043161154,47,1.9025008431635797,0.0003706369773167883,20,95.64000008583069,0.13707678073644639,-1.0
0.09391007205704227,0.00180040163686499,48,1.914456594036892,0.0003520365877844012,20,96.32000008583069,0.1166373244047165,-1.0
0.09248329993570223,0.002137204457540065,49,1.8926652609370649,0.0003336720567466412,20,96.87999996185303,0.10182171193361282,-1.0
0.09295191216515378,0.0013798263273201883,50,1.8869094110559672,0.0003155717009792807,20,96.4399999332428,0.1121725150346756,-1.0
0.09320680645760149,0.0014784254017286003,51,1.8940247369464487,0.00029776342991897335,20,97.3199999332428,0.09259135551452637,-1.0
0.09300447085406631,0.0015373339876532555,52,1.8910850000102073,0.00028027470262892445,20,97.31999996185303,0.08787652130126954,-1.0
0.09255344569683074,0.0013766321004368364,53,1.8788661940488964,0.0002631324854590073,20,98.03999996185303,0.07358949456214904,-1.0
0.09296181382378563,0.0013593216775916518,54,1.886686135083437,0.0002463632104656054,20,98.47999996185303,0.061032850193977355,-1.0
0.09201699504628777,0.0022826211992651225,55,1.8862415188923478,0.0002299927346552969,20,99.0,0.047031738996505736,-1.0
0.0918090509949252,0.0013969153515063226,56,1.8644170630723238,0.00021404630011522587,20,98.92,0.04291804873049259,-1.0
0.09232380742905662,0.0014875438762828707,57,1.8765375819057226,0.00019854849509163232,20,99.48,0.03351104359030724,-1.0
0.09219331138301641,0.0014369219774380327,58,1.8729392380919307,0.00018352321607655918,20,99.56,0.03242607987523079,-1.0
0.09248587832553312,0.0019686229643411934,59,1.889339470071718,0.00016899363096119395,20,99.6,0.026720721703767776,-1.0
0.09304207770619541,0.0016193476971238852,60,1.893473566044122,0.000154982143312659,20,99.72,0.023500578680634498,-1.0
0.09277099209139124,0.0015610896633006632,61,1.886880612000823,0.0001415103578293356,20,99.48,0.022948513974249362,-1.0
0.09251837750198319,0.0014259079471230507,62,1.879136836156249,0.0001285990470279847,20,99.84,0.019640425635874273,-1.0
0.0931911655003205,0.0016847684048116208,63,1.8977702150586993,0.0001162681192140312,20,99.84,0.018221441692113878,-1.0
0.09249058488057926,0.0013295794720761477,64,1.8766636769287288,0.00010453658778440107,20,99.88,0.015229334744811057,-1.0
0.09306968549499288,0.0015355666051618754,65,1.892354166135192,9.342254191024022e-05,20,99.84,0.014493195334076881,-1.0
0.08122597181936726,0.0014403515262529254,66,1.6535756310913712,8.294311864472437e-05,20,100.0,0.012669881546497345,-1.0
0.09848236968973652,0.001382880809251219,67,1.9975586200598627,7.311447649896551e-05,20,99.96,0.012210214853286744,-1.0
0.10099062584340572,0.001995698397513479,68,2.060002329060808,6.395177052675794e-05,20,99.92,0.013095815026760101,-1.0
0.10145619601244107,0.0016475326963700354,69,2.062322626123205,5.546912895658472e-05,20,100.0,0.010662834122776986,-1.0
0.1003977716085501,0.0016510508372448384,70,2.041228217072785,4.767963140691306e-05,20,100.0,0.009997203359007835,-1.0
0.06185289102140814,0.0016838000272400677,71,1.2709888839162886,4.059528871837034e-05,20,99.92,0.01096886096149683,-1.0
0.06238049260573462,0.0016654373495839537,72,1.2812221539206803,3.4227024433899e-05,20,99.87999996185303,0.012627498471736907,-1.0
0.06100732418708503,0.0014950710581615567,73,1.250291489996016,2.8584657955444653e-05,20,100.0,0.010705811613798142,-1.0
0.06178903084946796,0.0014725328073836863,74,1.2654710130300373,2.367688940315011e-05,20,99.88,0.012100552849471568,-1.0
0.06690967802423983,0.0018382032751105726,75,1.375274632126093,1.951128620040094e-05,20,99.96,0.010447593543678522,-1.0
0.07731330670649186,0.0016473704483360053,76,1.5795409439597279,1.6094271405406862e-05,20,100.0,0.01134404615163803,-1.0
0.08962699726689607,0.0025050554308108986,77,1.8429399519227445,1.3431113807311488e-05,20,100.0,0.008906503146886825,-1.0
0.08646257765358314,0.002139595942571759,78,1.7724241020623595,1.1525919802101659e-05,20,99.96,0.009446629762649535,-1.0
0.09006979140685871,0.001352736190892756,79,1.8287244830280542,1.0381627060842164e-05,20,100.0,0.009238387961685657,-1.0
0.0899136413470842,0.0019544136011973023,80,1.8376230408903211,1e-05,20,100.0,0.009156276041269302,-1.0
