2026-04-11 17:36:03 | INFO | Starting method=coreset seed=2 device=cuda run_dir=/data1/doyoung/ADV-AL/experiments/set_ADV_main_resnet18_cifar100/cifar100_resnet18_coreset_b100_r20/seed_2 | GPU MB alloc/reserved=0.0/0.0
2026-04-11 17:36:04 | INFO | Data loaded in 0.84s (train_total=50000 al_train=50000 val_fixed=0 test=10000) | GPU: n/a
2026-04-11 17:36:04 | INFO | [Round 0] labeled=500 train=500 val_fixed=0 | GPU MB alloc/reserved=42.9/64.0
2026-04-11 17:36:05 | INFO | [Round 0] epoch=1/80 loss=4.7886 acc=1.60 val_acc=nan data_t=0.0435s batch_t=0.3002s epoch_t=00:01.37 lr=0.001000 | GPU MB alloc/reserved=190.8/996.0
2026-04-11 17:36:05 | INFO | [Round 0] Epoch 1/80 time=00:01.37 avg=00:01.37 ETA=01:48.62 | GPU MB alloc/reserved=190.8/996.0
2026-04-11 17:36:06 | INFO | [Round 0] epoch=2/80 loss=4.2429 acc=6.20 val_acc=nan data_t=0.0095s batch_t=0.0872s epoch_t=00:00.39 lr=0.000998 | GPU MB alloc/reserved=190.8/996.0
2026-04-11 17:36:06 | INFO | [Round 0] Epoch 2/80 time=00:00.39 avg=00:00.88 ETA=01:08.71 | GPU MB alloc/reserved=190.8/996.0
2026-04-11 17:36:06 | INFO | [Round 0] epoch=3/80 loss=3.9449 acc=9.40 val_acc=nan data_t=0.0096s batch_t=0.0835s epoch_t=00:00.37 lr=0.000997 | GPU MB alloc/reserved=190.8/996.0
2026-04-11 17:36:06 | INFO | [Round 0] Epoch 3/80 time=00:00.37 avg=00:00.71 ETA=00:54.78 | GPU MB alloc/reserved=190.8/996.0
2026-04-11 17:36:07 | INFO | [Round 0] epoch=4/80 loss=3.6933 acc=13.20 val_acc=nan data_t=0.0127s batch_t=0.0851s epoch_t=00:00.39 lr=0.000994 | GPU MB alloc/reserved=190.8/996.0
2026-04-11 17:36:07 | INFO | [Round 0] Epoch 4/80 time=00:00.39 avg=00:00.63 ETA=00:47.99 | GPU MB alloc/reserved=190.8/996.0
2026-04-11 17:36:07 | INFO | [Round 0] epoch=5/80 loss=3.4892 acc=14.20 val_acc=nan data_t=0.0102s batch_t=0.0878s epoch_t=00:00.39 lr=0.000990 | GPU MB alloc/reserved=190.8/996.0
2026-04-11 17:36:07 | INFO | [Round 0] Epoch 5/80 time=00:00.39 avg=00:00.58 ETA=00:43.78 | GPU MB alloc/reserved=190.8/996.0
2026-04-11 17:36:07 | INFO | [Round 0] epoch=6/80 loss=3.3214 acc=15.60 val_acc=nan data_t=0.0117s batch_t=0.0897s epoch_t=00:00.41 lr=0.000986 | GPU MB alloc/reserved=190.8/996.0
2026-04-11 17:36:07 | INFO | [Round 0] Epoch 6/80 time=00:00.41 avg=00:00.55 ETA=00:41.00 | GPU MB alloc/reserved=190.8/996.0
2026-04-11 17:36:08 | INFO | [Round 0] epoch=7/80 loss=3.2107 acc=15.00 val_acc=nan data_t=0.0108s batch_t=0.0904s epoch_t=00:00.41 lr=0.000981 | GPU MB alloc/reserved=190.8/996.0
2026-04-11 17:36:08 | INFO | [Round 0] Epoch 7/80 time=00:00.41 avg=00:00.53 ETA=00:38.89 | GPU MB alloc/reserved=190.8/996.0
2026-04-11 17:36:08 | INFO | [Round 0] epoch=8/80 loss=3.0486 acc=19.20 val_acc=nan data_t=0.0076s batch_t=0.0936s epoch_t=00:00.41 lr=0.000976 | GPU MB alloc/reserved=190.8/996.0
2026-04-11 17:36:08 | INFO | [Round 0] Epoch 8/80 time=00:00.41 avg=00:00.52 ETA=00:37.21 | GPU MB alloc/reserved=190.8/996.0
2026-04-11 17:36:09 | INFO | [Round 0] epoch=9/80 loss=2.8518 acc=22.80 val_acc=nan data_t=0.0094s batch_t=0.0842s epoch_t=00:00.37 lr=0.000969 | GPU MB alloc/reserved=190.8/996.0
2026-04-11 17:36:09 | INFO | [Round 0] Epoch 9/80 time=00:00.37 avg=00:00.50 ETA=00:35.57 | GPU MB alloc/reserved=190.8/996.0
2026-04-11 17:36:09 | INFO | [Round 0] epoch=10/80 loss=2.6758 acc=28.00 val_acc=nan data_t=0.0070s batch_t=0.0894s epoch_t=00:00.39 lr=0.000962 | GPU MB alloc/reserved=190.8/996.0
2026-04-11 17:36:09 | INFO | [Round 0] Epoch 10/80 time=00:00.39 avg=00:00.49 ETA=00:34.26 | GPU MB alloc/reserved=190.8/996.0
2026-04-11 17:36:09 | INFO | [Round 0] epoch=11/80 loss=2.6473 acc=26.40 val_acc=nan data_t=0.0132s batch_t=0.0944s epoch_t=00:00.43 lr=0.000955 | GPU MB alloc/reserved=190.8/996.0
2026-04-11 17:36:09 | INFO | [Round 0] Epoch 11/80 time=00:00.43 avg=00:00.48 ETA=00:33.40 | GPU MB alloc/reserved=190.8/996.0
2026-04-11 17:36:10 | INFO | [Round 0] epoch=12/80 loss=2.5098 acc=30.20 val_acc=nan data_t=0.0131s batch_t=0.0886s epoch_t=00:00.41 lr=0.000946 | GPU MB alloc/reserved=190.8/996.0
2026-04-11 17:36:10 | INFO | [Round 0] Epoch 12/80 time=00:00.41 avg=00:00.48 ETA=00:32.48 | GPU MB alloc/reserved=190.8/996.0
2026-04-11 17:36:10 | INFO | [Round 0] epoch=13/80 loss=2.3516 acc=35.40 val_acc=nan data_t=0.0138s batch_t=0.0808s epoch_t=00:00.38 lr=0.000937 | GPU MB alloc/reserved=190.8/996.0
2026-04-11 17:36:10 | INFO | [Round 0] Epoch 13/80 time=00:00.38 avg=00:00.47 ETA=00:31.50 | GPU MB alloc/reserved=190.8/996.0
2026-04-11 17:36:11 | INFO | [Round 0] epoch=14/80 loss=2.2419 acc=38.00 val_acc=nan data_t=0.0129s batch_t=0.0903s epoch_t=00:00.41 lr=0.000927 | GPU MB alloc/reserved=190.8/996.0
2026-04-11 17:36:11 | INFO | [Round 0] Epoch 14/80 time=00:00.41 avg=00:00.47 ETA=00:30.76 | GPU MB alloc/reserved=190.8/996.0
2026-04-11 17:36:11 | INFO | [Round 0] epoch=15/80 loss=2.0192 acc=42.60 val_acc=nan data_t=0.0066s batch_t=0.0924s epoch_t=00:00.40 lr=0.000917 | GPU MB alloc/reserved=190.8/996.0
2026-04-11 17:36:11 | INFO | [Round 0] Epoch 15/80 time=00:00.40 avg=00:00.46 ETA=00:29.99 | GPU MB alloc/reserved=190.8/996.0
2026-04-11 17:36:11 | INFO | [Round 0] epoch=16/80 loss=1.8838 acc=47.00 val_acc=nan data_t=0.0094s batch_t=0.0949s epoch_t=00:00.42 lr=0.000905 | GPU MB alloc/reserved=190.8/996.0
2026-04-11 17:36:11 | INFO | [Round 0] Epoch 16/80 time=00:00.42 avg=00:00.46 ETA=00:29.35 | GPU MB alloc/reserved=190.8/996.0
2026-04-11 17:36:12 | INFO | [Round 0] epoch=17/80 loss=1.7793 acc=51.60 val_acc=nan data_t=0.0126s batch_t=0.0840s epoch_t=00:00.39 lr=0.000894 | GPU MB alloc/reserved=190.8/996.0
2026-04-11 17:36:12 | INFO | [Round 0] Epoch 17/80 time=00:00.39 avg=00:00.45 ETA=00:28.63 | GPU MB alloc/reserved=190.8/996.0
2026-04-11 17:36:12 | INFO | [Round 0] epoch=18/80 loss=1.6671 acc=52.80 val_acc=nan data_t=0.0137s batch_t=0.0699s epoch_t=00:00.33 lr=0.000881 | GPU MB alloc/reserved=190.8/996.0
2026-04-11 17:36:12 | INFO | [Round 0] Epoch 18/80 time=00:00.33 avg=00:00.45 ETA=00:27.76 | GPU MB alloc/reserved=190.8/996.0
2026-04-11 17:36:13 | INFO | [Round 0] epoch=19/80 loss=1.5120 acc=58.20 val_acc=nan data_t=0.0098s batch_t=0.0884s epoch_t=00:00.39 lr=0.000868 | GPU MB alloc/reserved=190.8/996.0
2026-04-11 17:36:13 | INFO | [Round 0] Epoch 19/80 time=00:00.39 avg=00:00.44 ETA=00:27.14 | GPU MB alloc/reserved=190.8/996.0
2026-04-11 17:36:13 | INFO | [Round 0] epoch=20/80 loss=1.3532 acc=63.80 val_acc=nan data_t=0.0094s batch_t=0.0966s epoch_t=00:00.42 lr=0.000855 | GPU MB alloc/reserved=190.8/996.0
2026-04-11 17:36:13 | INFO | [Round 0] Epoch 20/80 time=00:00.42 avg=00:00.44 ETA=00:26.63 | GPU MB alloc/reserved=190.8/996.0
2026-04-11 17:36:13 | INFO | [Round 0] epoch=21/80 loss=1.3014 acc=64.60 val_acc=nan data_t=0.0078s batch_t=0.0954s epoch_t=00:00.41 lr=0.000841 | GPU MB alloc/reserved=190.8/996.0
2026-04-11 17:36:13 | INFO | [Round 0] Epoch 21/80 time=00:00.41 avg=00:00.44 ETA=00:26.10 | GPU MB alloc/reserved=190.8/996.0
2026-04-11 17:36:14 | INFO | [Round 0] epoch=22/80 loss=1.1096 acc=73.80 val_acc=nan data_t=0.0081s batch_t=0.0967s epoch_t=00:00.42 lr=0.000826 | GPU MB alloc/reserved=190.8/996.0
2026-04-11 17:36:14 | INFO | [Round 0] Epoch 22/80 time=00:00.42 avg=00:00.44 ETA=00:25.60 | GPU MB alloc/reserved=190.8/996.0
2026-04-11 17:36:14 | INFO | [Round 0] epoch=23/80 loss=0.9700 acc=77.20 val_acc=nan data_t=0.0081s batch_t=0.1020s epoch_t=00:00.44 lr=0.000811 | GPU MB alloc/reserved=190.8/996.0
2026-04-11 17:36:14 | INFO | [Round 0] Epoch 23/80 time=00:00.44 avg=00:00.44 ETA=00:25.15 | GPU MB alloc/reserved=190.8/996.0
2026-04-11 17:36:15 | INFO | [Round 0] epoch=24/80 loss=0.9501 acc=75.40 val_acc=nan data_t=0.0103s batch_t=0.0925s epoch_t=00:00.41 lr=0.000796 | GPU MB alloc/reserved=190.8/996.0
2026-04-11 17:36:15 | INFO | [Round 0] Epoch 24/80 time=00:00.41 avg=00:00.44 ETA=00:24.64 | GPU MB alloc/reserved=190.8/996.0
2026-04-11 17:36:15 | INFO | [Round 0] epoch=25/80 loss=0.8005 acc=81.20 val_acc=nan data_t=0.0079s batch_t=0.0946s epoch_t=00:00.41 lr=0.000780 | GPU MB alloc/reserved=190.8/996.0
2026-04-11 17:36:15 | INFO | [Round 0] Epoch 25/80 time=00:00.41 avg=00:00.44 ETA=00:24.14 | GPU MB alloc/reserved=190.8/996.0
2026-04-11 17:36:16 | INFO | [Round 0] epoch=26/80 loss=0.7712 acc=82.40 val_acc=nan data_t=0.0140s batch_t=0.0961s epoch_t=00:00.44 lr=0.000764 | GPU MB alloc/reserved=190.8/996.0
2026-04-11 17:36:16 | INFO | [Round 0] Epoch 26/80 time=00:00.44 avg=00:00.44 ETA=00:23.70 | GPU MB alloc/reserved=190.8/996.0
2026-04-11 17:36:16 | INFO | [Round 0] epoch=27/80 loss=0.7291 acc=82.20 val_acc=nan data_t=0.0062s batch_t=0.0956s epoch_t=00:00.41 lr=0.000747 | GPU MB alloc/reserved=190.8/996.0
2026-04-11 17:36:16 | INFO | [Round 0] Epoch 27/80 time=00:00.41 avg=00:00.44 ETA=00:23.20 | GPU MB alloc/reserved=190.8/996.0
2026-04-11 17:36:16 | INFO | [Round 0] epoch=28/80 loss=0.6673 acc=87.60 val_acc=nan data_t=0.0122s batch_t=0.0974s epoch_t=00:00.44 lr=0.000730 | GPU MB alloc/reserved=190.8/996.0
2026-04-11 17:36:16 | INFO | [Round 0] Epoch 28/80 time=00:00.44 avg=00:00.44 ETA=00:22.76 | GPU MB alloc/reserved=190.8/996.0
2026-04-11 17:36:17 | INFO | [Round 0] epoch=29/80 loss=0.6086 acc=84.60 val_acc=nan data_t=0.0116s batch_t=0.0985s epoch_t=00:00.44 lr=0.000712 | GPU MB alloc/reserved=190.8/996.0
2026-04-11 17:36:17 | INFO | [Round 0] Epoch 29/80 time=00:00.44 avg=00:00.44 ETA=00:22.33 | GPU MB alloc/reserved=190.8/996.0
2026-04-11 17:36:17 | INFO | [Round 0] epoch=30/80 loss=0.5501 acc=88.40 val_acc=nan data_t=0.0094s batch_t=0.0956s epoch_t=00:00.42 lr=0.000694 | GPU MB alloc/reserved=190.8/996.0
2026-04-11 17:36:17 | INFO | [Round 0] Epoch 30/80 time=00:00.42 avg=00:00.44 ETA=00:21.86 | GPU MB alloc/reserved=190.8/996.0
2026-04-11 17:36:18 | INFO | [Round 0] epoch=31/80 loss=0.4952 acc=89.20 val_acc=nan data_t=0.0123s batch_t=0.0951s epoch_t=00:00.43 lr=0.000676 | GPU MB alloc/reserved=190.8/996.0
2026-04-11 17:36:18 | INFO | [Round 0] Epoch 31/80 time=00:00.43 avg=00:00.44 ETA=00:21.42 | GPU MB alloc/reserved=190.8/996.0
2026-04-11 17:36:18 | INFO | [Round 0] epoch=32/80 loss=0.4193 acc=93.00 val_acc=nan data_t=0.0061s batch_t=0.0968s epoch_t=00:00.41 lr=0.000658 | GPU MB alloc/reserved=190.8/996.0
2026-04-11 17:36:18 | INFO | [Round 0] Epoch 32/80 time=00:00.41 avg=00:00.44 ETA=00:20.94 | GPU MB alloc/reserved=190.8/996.0
2026-04-11 17:36:19 | INFO | [Round 0] epoch=33/80 loss=0.3302 acc=94.60 val_acc=nan data_t=0.0066s batch_t=0.0973s epoch_t=00:00.42 lr=0.000639 | GPU MB alloc/reserved=190.8/996.0
2026-04-11 17:36:19 | INFO | [Round 0] Epoch 33/80 time=00:00.42 avg=00:00.44 ETA=00:20.48 | GPU MB alloc/reserved=190.8/996.0
2026-04-11 17:36:19 | INFO | [Round 0] epoch=34/80 loss=0.3177 acc=95.40 val_acc=nan data_t=0.0126s batch_t=0.0981s epoch_t=00:00.44 lr=0.000621 | GPU MB alloc/reserved=190.8/996.0
2026-04-11 17:36:19 | INFO | [Round 0] Epoch 34/80 time=00:00.44 avg=00:00.44 ETA=00:20.05 | GPU MB alloc/reserved=190.8/996.0
2026-04-11 17:36:19 | INFO | [Round 0] epoch=35/80 loss=0.2683 acc=96.60 val_acc=nan data_t=0.0067s batch_t=0.1035s epoch_t=00:00.44 lr=0.000602 | GPU MB alloc/reserved=190.8/996.0
2026-04-11 17:36:19 | INFO | [Round 0] Epoch 35/80 time=00:00.44 avg=00:00.44 ETA=00:19.62 | GPU MB alloc/reserved=190.8/996.0
2026-04-11 17:36:20 | INFO | [Round 0] epoch=36/80 loss=0.2866 acc=94.60 val_acc=nan data_t=0.0095s batch_t=0.0956s epoch_t=00:00.42 lr=0.000582 | GPU MB alloc/reserved=190.8/996.0
2026-04-11 17:36:20 | INFO | [Round 0] Epoch 36/80 time=00:00.42 avg=00:00.44 ETA=00:19.17 | GPU MB alloc/reserved=190.8/996.0
2026-04-11 17:36:20 | INFO | [Round 0] epoch=37/80 loss=0.2317 acc=96.40 val_acc=nan data_t=0.0124s batch_t=0.0821s epoch_t=00:00.38 lr=0.000563 | GPU MB alloc/reserved=190.8/996.0
2026-04-11 17:36:20 | INFO | [Round 0] Epoch 37/80 time=00:00.38 avg=00:00.43 ETA=00:18.66 | GPU MB alloc/reserved=190.8/996.0
2026-04-11 17:36:21 | INFO | [Round 0] epoch=38/80 loss=0.2313 acc=96.80 val_acc=nan data_t=0.0124s batch_t=0.0548s epoch_t=00:00.27 lr=0.000544 | GPU MB alloc/reserved=190.8/996.0
2026-04-11 17:36:21 | INFO | [Round 0] Epoch 38/80 time=00:00.27 avg=00:00.43 ETA=00:18.05 | GPU MB alloc/reserved=190.8/996.0
2026-04-11 17:36:21 | INFO | [Round 0] epoch=39/80 loss=0.2437 acc=96.20 val_acc=nan data_t=0.0131s batch_t=0.0554s epoch_t=00:00.27 lr=0.000524 | GPU MB alloc/reserved=190.8/996.0
2026-04-11 17:36:21 | INFO | [Round 0] Epoch 39/80 time=00:00.27 avg=00:00.43 ETA=00:17.46 | GPU MB alloc/reserved=190.8/996.0
2026-04-11 17:36:21 | INFO | [Round 0] epoch=40/80 loss=0.1759 acc=97.20 val_acc=nan data_t=0.0126s batch_t=0.0509s epoch_t=00:00.25 lr=0.000505 | GPU MB alloc/reserved=190.8/996.0
2026-04-11 17:36:21 | INFO | [Round 0] Epoch 40/80 time=00:00.25 avg=00:00.42 ETA=00:16.86 | GPU MB alloc/reserved=190.8/996.0
2026-04-11 17:36:21 | INFO | [Round 0] epoch=41/80 loss=0.1595 acc=98.20 val_acc=nan data_t=0.0141s batch_t=0.0546s epoch_t=00:00.27 lr=0.000486 | GPU MB alloc/reserved=190.8/996.0
2026-04-11 17:36:21 | INFO | [Round 0] Epoch 41/80 time=00:00.27 avg=00:00.42 ETA=00:16.30 | GPU MB alloc/reserved=190.8/996.0
2026-04-11 17:36:22 | INFO | [Round 0] epoch=42/80 loss=0.1339 acc=98.20 val_acc=nan data_t=0.0091s batch_t=0.0540s epoch_t=00:00.25 lr=0.000466 | GPU MB alloc/reserved=190.8/996.0
2026-04-11 17:36:22 | INFO | [Round 0] Epoch 42/80 time=00:00.25 avg=00:00.41 ETA=00:15.73 | GPU MB alloc/reserved=190.8/996.0
2026-04-11 17:36:22 | INFO | [Round 0] epoch=43/80 loss=0.1290 acc=98.80 val_acc=nan data_t=0.0116s batch_t=0.0560s epoch_t=00:00.27 lr=0.000447 | GPU MB alloc/reserved=190.8/996.0
2026-04-11 17:36:22 | INFO | [Round 0] Epoch 43/80 time=00:00.27 avg=00:00.41 ETA=00:15.19 | GPU MB alloc/reserved=190.8/996.0
2026-04-11 17:36:22 | INFO | [Round 0] epoch=44/80 loss=0.1220 acc=98.80 val_acc=nan data_t=0.0114s batch_t=0.0540s epoch_t=00:00.26 lr=0.000428 | GPU MB alloc/reserved=190.8/996.0
2026-04-11 17:36:22 | INFO | [Round 0] Epoch 44/80 time=00:00.26 avg=00:00.41 ETA=00:14.66 | GPU MB alloc/reserved=190.8/996.0
2026-04-11 17:36:22 | INFO | [Round 0] epoch=45/80 loss=0.1195 acc=99.00 val_acc=nan data_t=0.0093s batch_t=0.0591s epoch_t=00:00.27 lr=0.000408 | GPU MB alloc/reserved=190.8/996.0
2026-04-11 17:36:22 | INFO | [Round 0] Epoch 45/80 time=00:00.27 avg=00:00.40 ETA=00:14.15 | GPU MB alloc/reserved=190.8/996.0
2026-04-11 17:36:23 | INFO | [Round 0] epoch=46/80 loss=0.0939 acc=99.40 val_acc=nan data_t=0.0094s batch_t=0.0636s epoch_t=00:00.29 lr=0.000389 | GPU MB alloc/reserved=190.8/996.0
2026-04-11 17:36:23 | INFO | [Round 0] Epoch 46/80 time=00:00.29 avg=00:00.40 ETA=00:13.66 | GPU MB alloc/reserved=190.8/996.0
2026-04-11 17:36:23 | INFO | [Round 0] epoch=47/80 loss=0.1066 acc=99.00 val_acc=nan data_t=0.0061s batch_t=0.0577s epoch_t=00:00.26 lr=0.000371 | GPU MB alloc/reserved=190.8/996.0
2026-04-11 17:36:23 | INFO | [Round 0] Epoch 47/80 time=00:00.26 avg=00:00.40 ETA=00:13.16 | GPU MB alloc/reserved=190.8/996.0
2026-04-11 17:36:23 | INFO | [Round 0] epoch=48/80 loss=0.0848 acc=99.20 val_acc=nan data_t=0.0063s batch_t=0.0499s epoch_t=00:00.22 lr=0.000352 | GPU MB alloc/reserved=190.8/996.0
2026-04-11 17:36:23 | INFO | [Round 0] Epoch 48/80 time=00:00.22 avg=00:00.40 ETA=00:12.64 | GPU MB alloc/reserved=190.8/996.0
2026-04-11 17:36:23 | INFO | [Round 0] epoch=49/80 loss=0.0733 acc=99.20 val_acc=nan data_t=0.0060s batch_t=0.0509s epoch_t=00:00.23 lr=0.000334 | GPU MB alloc/reserved=190.8/996.0
2026-04-11 17:36:23 | INFO | [Round 0] Epoch 49/80 time=00:00.23 avg=00:00.39 ETA=00:12.14 | GPU MB alloc/reserved=190.8/996.0
2026-04-11 17:36:24 | INFO | [Round 0] epoch=50/80 loss=0.0720 acc=99.20 val_acc=nan data_t=0.0073s batch_t=0.0609s epoch_t=00:00.27 lr=0.000316 | GPU MB alloc/reserved=190.8/996.0
2026-04-11 17:36:24 | INFO | [Round 0] Epoch 50/80 time=00:00.27 avg=00:00.39 ETA=00:11.68 | GPU MB alloc/reserved=190.8/996.0
2026-04-11 17:36:24 | INFO | [Round 0] epoch=51/80 loss=0.0593 acc=99.60 val_acc=nan data_t=0.0087s batch_t=0.0541s epoch_t=00:00.25 lr=0.000298 | GPU MB alloc/reserved=190.8/996.0
2026-04-11 17:36:24 | INFO | [Round 0] Epoch 51/80 time=00:00.25 avg=00:00.39 ETA=00:11.21 | GPU MB alloc/reserved=190.8/996.0
2026-04-11 17:36:24 | INFO | [Round 0] epoch=52/80 loss=0.0520 acc=100.00 val_acc=nan data_t=0.0118s batch_t=0.0524s epoch_t=00:00.26 lr=0.000280 | GPU MB alloc/reserved=190.8/996.0
2026-04-11 17:36:24 | INFO | [Round 0] Epoch 52/80 time=00:00.26 avg=00:00.38 ETA=00:10.75 | GPU MB alloc/reserved=190.8/996.0
2026-04-11 17:36:24 | INFO | [Round 0] epoch=53/80 loss=0.0547 acc=99.80 val_acc=nan data_t=0.0123s batch_t=0.0482s epoch_t=00:00.24 lr=0.000263 | GPU MB alloc/reserved=190.8/996.0
2026-04-11 17:36:24 | INFO | [Round 0] Epoch 53/80 time=00:00.24 avg=00:00.38 ETA=00:10.30 | GPU MB alloc/reserved=190.8/996.0
2026-04-11 17:36:25 | INFO | [Round 0] epoch=54/80 loss=0.0469 acc=100.00 val_acc=nan data_t=0.0125s batch_t=0.0474s epoch_t=00:00.24 lr=0.000246 | GPU MB alloc/reserved=190.8/996.0
2026-04-11 17:36:25 | INFO | [Round 0] Epoch 54/80 time=00:00.24 avg=00:00.38 ETA=00:09.85 | GPU MB alloc/reserved=190.8/996.0
2026-04-11 17:36:25 | INFO | [Round 0] epoch=55/80 loss=0.0474 acc=100.00 val_acc=nan data_t=0.0094s batch_t=0.0607s epoch_t=00:00.28 lr=0.000230 | GPU MB alloc/reserved=190.8/996.0
2026-04-11 17:36:25 | INFO | [Round 0] Epoch 55/80 time=00:00.28 avg=00:00.38 ETA=00:09.43 | GPU MB alloc/reserved=190.8/996.0
2026-04-11 17:36:25 | INFO | [Round 0] epoch=56/80 loss=0.0425 acc=99.80 val_acc=nan data_t=0.0067s batch_t=0.0632s epoch_t=00:00.28 lr=0.000214 | GPU MB alloc/reserved=190.8/996.0
2026-04-11 17:36:25 | INFO | [Round 0] Epoch 56/80 time=00:00.28 avg=00:00.38 ETA=00:09.01 | GPU MB alloc/reserved=190.8/996.0
2026-04-11 17:36:26 | INFO | [Round 0] epoch=57/80 loss=0.0565 acc=99.40 val_acc=nan data_t=0.0143s batch_t=0.0597s epoch_t=00:00.30 lr=0.000199 | GPU MB alloc/reserved=190.8/996.0
2026-04-11 17:36:26 | INFO | [Round 0] Epoch 57/80 time=00:00.30 avg=00:00.37 ETA=00:08.60 | GPU MB alloc/reserved=190.8/996.0
2026-04-11 17:36:26 | INFO | [Round 0] epoch=58/80 loss=0.0552 acc=99.80 val_acc=nan data_t=0.0137s batch_t=0.0532s epoch_t=00:00.27 lr=0.000184 | GPU MB alloc/reserved=190.8/996.0
2026-04-11 17:36:26 | INFO | [Round 0] Epoch 58/80 time=00:00.27 avg=00:00.37 ETA=00:08.19 | GPU MB alloc/reserved=190.8/996.0
2026-04-11 17:36:26 | INFO | [Round 0] epoch=59/80 loss=0.0482 acc=99.60 val_acc=nan data_t=0.0095s batch_t=0.0573s epoch_t=00:00.27 lr=0.000169 | GPU MB alloc/reserved=190.8/996.0
2026-04-11 17:36:26 | INFO | [Round 0] Epoch 59/80 time=00:00.27 avg=00:00.37 ETA=00:07.78 | GPU MB alloc/reserved=190.8/996.0
2026-04-11 17:36:26 | INFO | [Round 0] epoch=60/80 loss=0.0348 acc=100.00 val_acc=nan data_t=0.0061s batch_t=0.0546s epoch_t=00:00.24 lr=0.000155 | GPU MB alloc/reserved=190.8/996.0
2026-04-11 17:36:26 | INFO | [Round 0] Epoch 60/80 time=00:00.24 avg=00:00.37 ETA=00:07.36 | GPU MB alloc/reserved=190.8/996.0
2026-04-11 17:36:27 | INFO | [Round 0] epoch=61/80 loss=0.0383 acc=99.80 val_acc=nan data_t=0.0121s batch_t=0.0599s epoch_t=00:00.29 lr=0.000142 | GPU MB alloc/reserved=190.8/996.0
2026-04-11 17:36:27 | INFO | [Round 0] Epoch 61/80 time=00:00.29 avg=00:00.37 ETA=00:06.97 | GPU MB alloc/reserved=190.8/996.0
2026-04-11 17:36:27 | INFO | [Round 0] epoch=62/80 loss=0.0496 acc=99.80 val_acc=nan data_t=0.0087s batch_t=0.0654s epoch_t=00:00.30 lr=0.000129 | GPU MB alloc/reserved=190.8/996.0
2026-04-11 17:36:27 | INFO | [Round 0] Epoch 62/80 time=00:00.30 avg=00:00.37 ETA=00:06.58 | GPU MB alloc/reserved=190.8/996.0
2026-04-11 17:36:27 | INFO | [Round 0] epoch=63/80 loss=0.0358 acc=99.80 val_acc=nan data_t=0.0073s batch_t=0.0800s epoch_t=00:00.35 lr=0.000116 | GPU MB alloc/reserved=190.8/996.0
2026-04-11 17:36:27 | INFO | [Round 0] Epoch 63/80 time=00:00.35 avg=00:00.37 ETA=00:06.21 | GPU MB alloc/reserved=190.8/996.0
2026-04-11 17:36:28 | INFO | [Round 0] epoch=64/80 loss=0.0369 acc=100.00 val_acc=nan data_t=0.0103s batch_t=0.0715s epoch_t=00:00.33 lr=0.000105 | GPU MB alloc/reserved=190.8/996.0
2026-04-11 17:36:28 | INFO | [Round 0] Epoch 64/80 time=00:00.33 avg=00:00.36 ETA=00:05.84 | GPU MB alloc/reserved=190.8/996.0
2026-04-11 17:36:28 | INFO | [Round 0] epoch=65/80 loss=0.0313 acc=100.00 val_acc=nan data_t=0.0064s batch_t=0.0672s epoch_t=00:00.29 lr=0.000093 | GPU MB alloc/reserved=190.8/996.0
2026-04-11 17:36:28 | INFO | [Round 0] Epoch 65/80 time=00:00.29 avg=00:00.36 ETA=00:05.46 | GPU MB alloc/reserved=190.8/996.0
2026-04-11 17:36:28 | INFO | [Round 0] epoch=66/80 loss=0.0248 acc=100.00 val_acc=nan data_t=0.0090s batch_t=0.0904s epoch_t=00:00.40 lr=0.000083 | GPU MB alloc/reserved=190.8/996.0
2026-04-11 17:36:28 | INFO | [Round 0] Epoch 66/80 time=00:00.40 avg=00:00.36 ETA=00:05.10 | GPU MB alloc/reserved=190.8/996.0
2026-04-11 17:36:29 | INFO | [Round 0] epoch=67/80 loss=0.0257 acc=100.00 val_acc=nan data_t=0.0124s batch_t=0.0897s epoch_t=00:00.41 lr=0.000073 | GPU MB alloc/reserved=190.8/996.0
2026-04-11 17:36:29 | INFO | [Round 0] Epoch 67/80 time=00:00.41 avg=00:00.36 ETA=00:04.74 | GPU MB alloc/reserved=190.8/996.0
2026-04-11 17:36:29 | INFO | [Round 0] epoch=68/80 loss=0.0273 acc=99.80 val_acc=nan data_t=0.0120s batch_t=0.0905s epoch_t=00:00.41 lr=0.000064 | GPU MB alloc/reserved=190.8/996.0
2026-04-11 17:36:29 | INFO | [Round 0] Epoch 68/80 time=00:00.41 avg=00:00.37 ETA=00:04.39 | GPU MB alloc/reserved=190.8/996.0
2026-04-11 17:36:30 | INFO | [Round 0] epoch=69/80 loss=0.0239 acc=100.00 val_acc=nan data_t=0.0121s batch_t=0.0831s epoch_t=00:00.38 lr=0.000055 | GPU MB alloc/reserved=190.8/996.0
2026-04-11 17:36:30 | INFO | [Round 0] Epoch 69/80 time=00:00.38 avg=00:00.37 ETA=00:04.02 | GPU MB alloc/reserved=190.8/996.0
2026-04-11 17:36:30 | INFO | [Round 0] epoch=70/80 loss=0.0234 acc=100.00 val_acc=nan data_t=0.0069s batch_t=0.0741s epoch_t=00:00.32 lr=0.000048 | GPU MB alloc/reserved=190.8/996.0
2026-04-11 17:36:30 | INFO | [Round 0] Epoch 70/80 time=00:00.32 avg=00:00.37 ETA=00:03.65 | GPU MB alloc/reserved=190.8/996.0
2026-04-11 17:36:30 | INFO | [Round 0] epoch=71/80 loss=0.0265 acc=100.00 val_acc=nan data_t=0.0107s batch_t=0.0856s epoch_t=00:00.39 lr=0.000041 | GPU MB alloc/reserved=190.8/996.0
2026-04-11 17:36:30 | INFO | [Round 0] Epoch 71/80 time=00:00.39 avg=00:00.37 ETA=00:03.29 | GPU MB alloc/reserved=190.8/996.0
2026-04-11 17:36:31 | INFO | [Round 0] epoch=72/80 loss=0.0223 acc=100.00 val_acc=nan data_t=0.0093s batch_t=0.0803s epoch_t=00:00.36 lr=0.000034 | GPU MB alloc/reserved=190.8/996.0
2026-04-11 17:36:31 | INFO | [Round 0] Epoch 72/80 time=00:00.36 avg=00:00.37 ETA=00:02.92 | GPU MB alloc/reserved=190.8/996.0
2026-04-11 17:36:31 | INFO | [Round 0] epoch=73/80 loss=0.0245 acc=100.00 val_acc=nan data_t=0.0095s batch_t=0.0877s epoch_t=00:00.39 lr=0.000029 | GPU MB alloc/reserved=190.8/996.0
2026-04-11 17:36:31 | INFO | [Round 0] Epoch 73/80 time=00:00.39 avg=00:00.37 ETA=00:02.56 | GPU MB alloc/reserved=190.8/996.0
2026-04-11 17:36:31 | INFO | [Round 0] epoch=74/80 loss=0.0310 acc=99.80 val_acc=nan data_t=0.0146s batch_t=0.0832s epoch_t=00:00.39 lr=0.000024 | GPU MB alloc/reserved=190.8/996.0
2026-04-11 17:36:31 | INFO | [Round 0] Epoch 74/80 time=00:00.39 avg=00:00.37 ETA=00:02.20 | GPU MB alloc/reserved=190.8/996.0
2026-04-11 17:36:32 | INFO | [Round 0] epoch=75/80 loss=0.0257 acc=100.00 val_acc=nan data_t=0.0075s batch_t=0.0833s epoch_t=00:00.36 lr=0.000020 | GPU MB alloc/reserved=190.8/996.0
2026-04-11 17:36:32 | INFO | [Round 0] Epoch 75/80 time=00:00.36 avg=00:00.37 ETA=00:01.83 | GPU MB alloc/reserved=190.8/996.0
2026-04-11 17:36:32 | INFO | [Round 0] epoch=76/80 loss=0.0270 acc=100.00 val_acc=nan data_t=0.0060s batch_t=0.0720s epoch_t=00:00.31 lr=0.000016 | GPU MB alloc/reserved=190.8/996.0
2026-04-11 17:36:32 | INFO | [Round 0] Epoch 76/80 time=00:00.31 avg=00:00.37 ETA=00:01.46 | GPU MB alloc/reserved=190.8/996.0
2026-04-11 17:36:32 | INFO | [Round 0] epoch=77/80 loss=0.0244 acc=100.00 val_acc=nan data_t=0.0062s batch_t=0.0850s epoch_t=00:00.36 lr=0.000013 | GPU MB alloc/reserved=190.8/996.0
2026-04-11 17:36:32 | INFO | [Round 0] Epoch 77/80 time=00:00.36 avg=00:00.37 ETA=00:01.10 | GPU MB alloc/reserved=190.8/996.0
2026-04-11 17:36:33 | INFO | [Round 0] epoch=78/80 loss=0.0233 acc=100.00 val_acc=nan data_t=0.0063s batch_t=0.0925s epoch_t=00:00.40 lr=0.000012 | GPU MB alloc/reserved=190.8/996.0
2026-04-11 17:36:33 | INFO | [Round 0] Epoch 78/80 time=00:00.40 avg=00:00.37 ETA=00:00.73 | GPU MB alloc/reserved=190.8/996.0
2026-04-11 17:36:33 | INFO | [Round 0] epoch=79/80 loss=0.0255 acc=100.00 val_acc=nan data_t=0.0119s batch_t=0.0832s epoch_t=00:00.38 lr=0.000010 | GPU MB alloc/reserved=190.8/996.0
2026-04-11 17:36:33 | INFO | [Round 0] Epoch 79/80 time=00:00.38 avg=00:00.37 ETA=00:00.37 | GPU MB alloc/reserved=190.8/996.0
2026-04-11 17:36:34 | INFO | [Round 0] epoch=80/80 loss=0.0251 acc=100.00 val_acc=nan data_t=0.0059s batch_t=0.0863s epoch_t=00:00.37 lr=0.000010 | GPU MB alloc/reserved=190.8/996.0
2026-04-11 17:36:34 | INFO | [Round 0] Epoch 80/80 time=00:00.37 avg=00:00.37 ETA=00:00.00 | GPU MB alloc/reserved=190.8/996.0
2026-04-11 17:36:34 | INFO | [Round 0] training complete in 00:29.54 (best monitor=100.000) | GPU MB alloc/reserved=190.8/996.0
2026-04-11 17:36:34 | INFO | [Round 0] evaluation started | GPU MB alloc/reserved=103.8/996.0
2026-04-11 17:36:43 | INFO | [Round 0] clean=9.07 fgsm=6.76 pgd=6.71 grad_disp_mean=nan grad_disp_sel=nan round_t=39.07s | GPU MB alloc/reserved=103.8/1884.0
2026-04-11 17:36:43 | INFO | [Round 1/21] elapsed=00:39.07 avg_round=00:39.07 projected_remaining=13:01.38 | GPU MB alloc/reserved=103.8/1884.0
2026-04-11 17:36:43 | INFO | [Round 1] acquisition on pool_size=49500 scored_pool=5000 budget=100 | GPU MB alloc/reserved=103.8/1884.0
2026-04-11 17:36:44 | INFO | [CoreSet-unlabeled-feat] scoring progress 10/20 elapsed=00:00.22 avg/batch=0.022s ETA=00:00.22 | GPU MB alloc/reserved=112.6/1884.0
2026-04-11 17:36:44 | INFO | [CoreSet-unlabeled-feat] scoring progress 20/20 elapsed=00:00.38 avg/batch=0.019s ETA=00:00.00 | GPU MB alloc/reserved=115.6/1884.0
2026-04-11 17:36:44 | INFO | [CoreSet-labeled-feat] scoring progress 2/2 elapsed=00:00.17 avg/batch=0.084s ETA=00:00.00 | GPU MB alloc/reserved=118.4/1884.0
2026-04-11 17:36:44 | INFO | [CoreSet] greedy 10/100 cover_radius=28.382090 | GPU: n/a
2026-04-11 17:36:45 | INFO | [CoreSet] greedy 20/100 cover_radius=28.062382 | GPU: n/a
2026-04-11 17:36:45 | INFO | [CoreSet] greedy 30/100 cover_radius=27.770700 | GPU: n/a
2026-04-11 17:36:45 | INFO | [CoreSet] greedy 40/100 cover_radius=27.523251 | GPU: n/a
2026-04-11 17:36:45 | INFO | [CoreSet] greedy 50/100 cover_radius=27.265717 | GPU: n/a
2026-04-11 17:36:45 | INFO | [CoreSet] greedy 60/100 cover_radius=27.067472 | GPU: n/a
2026-04-11 17:36:45 | INFO | [CoreSet] greedy 70/100 cover_radius=26.878143 | GPU: n/a
2026-04-11 17:36:45 | INFO | [CoreSet] greedy 80/100 cover_radius=26.772144 | GPU: n/a
2026-04-11 17:36:45 | INFO | [CoreSet] greedy 90/100 cover_radius=26.612967 | GPU: n/a
2026-04-11 17:36:45 | INFO | [CoreSet] greedy 100/100 cover_radius=26.468643 | GPU: n/a
2026-04-11 17:36:45 | INFO | [Round 1] labeled=600 train=600 val_fixed=0 | GPU MB alloc/reserved=147.5/1884.0
2026-04-11 17:36:45 | INFO | [Round 1] epoch=1/80 loss=4.7292 acc=1.67 val_acc=nan data_t=0.0346s batch_t=0.0695s epoch_t=00:00.52 lr=0.001000 | GPU MB alloc/reserved=278.7/1884.0
2026-04-11 17:36:45 | INFO | [Round 1] Epoch 1/80 time=00:00.52 avg=00:00.52 ETA=00:41.13 | GPU MB alloc/reserved=278.7/1884.0
2026-04-11 17:36:46 | INFO | [Round 1] epoch=2/80 loss=4.4011 acc=6.17 val_acc=nan data_t=0.0056s batch_t=0.0851s epoch_t=00:00.45 lr=0.000998 | GPU MB alloc/reserved=278.7/1884.0
2026-04-11 17:36:46 | INFO | [Round 1] Epoch 2/80 time=00:00.45 avg=00:00.49 ETA=00:38.01 | GPU MB alloc/reserved=278.7/1884.0
2026-04-11 17:36:46 | INFO | [Round 1] epoch=3/80 loss=4.0937 acc=8.33 val_acc=nan data_t=0.0102s batch_t=0.0569s epoch_t=00:00.34 lr=0.000997 | GPU MB alloc/reserved=278.7/1884.0
2026-04-11 17:36:46 | INFO | [Round 1] Epoch 3/80 time=00:00.34 avg=00:00.44 ETA=00:33.63 | GPU MB alloc/reserved=278.7/1884.0
2026-04-11 17:36:47 | INFO | [Round 1] epoch=4/80 loss=3.9125 acc=9.17 val_acc=nan data_t=0.0082s batch_t=0.0540s epoch_t=00:00.31 lr=0.000994 | GPU MB alloc/reserved=278.7/1884.0
2026-04-11 17:36:47 | INFO | [Round 1] Epoch 4/80 time=00:00.31 avg=00:00.41 ETA=00:30.81 | GPU MB alloc/reserved=278.7/1884.0
2026-04-11 17:36:47 | INFO | [Round 1] epoch=5/80 loss=3.6762 acc=12.17 val_acc=nan data_t=0.0047s batch_t=0.0527s epoch_t=00:00.29 lr=0.000990 | GPU MB alloc/reserved=278.7/1884.0
2026-04-11 17:36:47 | INFO | [Round 1] Epoch 5/80 time=00:00.29 avg=00:00.38 ETA=00:28.64 | GPU MB alloc/reserved=278.7/1884.0
2026-04-11 17:36:47 | INFO | [Round 1] epoch=6/80 loss=3.5867 acc=12.83 val_acc=nan data_t=0.0068s batch_t=0.0686s epoch_t=00:00.38 lr=0.000986 | GPU MB alloc/reserved=278.7/1884.0
2026-04-11 17:36:47 | INFO | [Round 1] Epoch 6/80 time=00:00.38 avg=00:00.38 ETA=00:28.20 | GPU MB alloc/reserved=278.7/1884.0
2026-04-11 17:36:48 | INFO | [Round 1] epoch=7/80 loss=3.4299 acc=14.17 val_acc=nan data_t=0.0089s batch_t=0.0731s epoch_t=00:00.41 lr=0.000981 | GPU MB alloc/reserved=278.7/1884.0
2026-04-11 17:36:48 | INFO | [Round 1] Epoch 7/80 time=00:00.41 avg=00:00.39 ETA=00:28.12 | GPU MB alloc/reserved=278.7/1884.0
2026-04-11 17:36:48 | INFO | [Round 1] epoch=8/80 loss=3.3214 acc=16.67 val_acc=nan data_t=0.0082s batch_t=0.0891s epoch_t=00:00.49 lr=0.000976 | GPU MB alloc/reserved=278.7/1884.0
2026-04-11 17:36:48 | INFO | [Round 1] Epoch 8/80 time=00:00.49 avg=00:00.40 ETA=00:28.65 | GPU MB alloc/reserved=278.7/1884.0
2026-04-11 17:36:49 | INFO | [Round 1] epoch=9/80 loss=3.1276 acc=18.33 val_acc=nan data_t=0.0085s batch_t=0.0787s epoch_t=00:00.44 lr=0.000969 | GPU MB alloc/reserved=278.7/1884.0
2026-04-11 17:36:49 | INFO | [Round 1] Epoch 9/80 time=00:00.44 avg=00:00.40 ETA=00:28.55 | GPU MB alloc/reserved=278.7/1884.0
2026-04-11 17:36:49 | INFO | [Round 1] epoch=10/80 loss=2.9751 acc=22.33 val_acc=nan data_t=0.0116s batch_t=0.0793s epoch_t=00:00.46 lr=0.000962 | GPU MB alloc/reserved=278.7/1884.0
2026-04-11 17:36:49 | INFO | [Round 1] Epoch 10/80 time=00:00.46 avg=00:00.41 ETA=00:28.52 | GPU MB alloc/reserved=278.7/1884.0
2026-04-11 17:36:50 | INFO | [Round 1] epoch=11/80 loss=2.8503 acc=24.00 val_acc=nan data_t=0.0109s batch_t=0.0835s epoch_t=00:00.47 lr=0.000955 | GPU MB alloc/reserved=278.7/1884.0
2026-04-11 17:36:50 | INFO | [Round 1] Epoch 11/80 time=00:00.47 avg=00:00.41 ETA=00:28.52 | GPU MB alloc/reserved=278.7/1884.0
2026-04-11 17:36:50 | INFO | [Round 1] epoch=12/80 loss=2.7222 acc=29.83 val_acc=nan data_t=0.0075s batch_t=0.0838s epoch_t=00:00.46 lr=0.000946 | GPU MB alloc/reserved=278.7/1884.0
2026-04-11 17:36:50 | INFO | [Round 1] Epoch 12/80 time=00:00.46 avg=00:00.42 ETA=00:28.35 | GPU MB alloc/reserved=278.7/1884.0
2026-04-11 17:36:50 | INFO | [Round 1] epoch=13/80 loss=2.6307 acc=29.33 val_acc=nan data_t=0.0113s batch_t=0.0862s epoch_t=00:00.49 lr=0.000937 | GPU MB alloc/reserved=278.7/1884.0
2026-04-11 17:36:50 | INFO | [Round 1] Epoch 13/80 time=00:00.49 avg=00:00.42 ETA=00:28.30 | GPU MB alloc/reserved=278.7/1884.0
2026-04-11 17:36:51 | INFO | [Round 1] epoch=14/80 loss=2.4475 acc=32.17 val_acc=nan data_t=0.0098s batch_t=0.0790s epoch_t=00:00.44 lr=0.000927 | GPU MB alloc/reserved=278.7/1884.0
2026-04-11 17:36:51 | INFO | [Round 1] Epoch 14/80 time=00:00.44 avg=00:00.42 ETA=00:27.98 | GPU MB alloc/reserved=278.7/1884.0
2026-04-11 17:36:51 | INFO | [Round 1] epoch=15/80 loss=2.2758 acc=37.67 val_acc=nan data_t=0.0076s batch_t=0.0763s epoch_t=00:00.42 lr=0.000917 | GPU MB alloc/reserved=278.7/1884.0
2026-04-11 17:36:51 | INFO | [Round 1] Epoch 15/80 time=00:00.42 avg=00:00.42 ETA=00:27.54 | GPU MB alloc/reserved=278.7/1884.0
2026-04-11 17:36:52 | INFO | [Round 1] epoch=16/80 loss=2.1787 acc=40.67 val_acc=nan data_t=0.0070s batch_t=0.0885s epoch_t=00:00.48 lr=0.000905 | GPU MB alloc/reserved=278.7/1884.0
2026-04-11 17:36:52 | INFO | [Round 1] Epoch 16/80 time=00:00.48 avg=00:00.43 ETA=00:27.33 | GPU MB alloc/reserved=278.7/1884.0
2026-04-11 17:36:52 | INFO | [Round 1] epoch=17/80 loss=2.0107 acc=42.50 val_acc=nan data_t=0.0065s batch_t=0.0829s epoch_t=00:00.45 lr=0.000894 | GPU MB alloc/reserved=278.7/1884.0
2026-04-11 17:36:52 | INFO | [Round 1] Epoch 17/80 time=00:00.45 avg=00:00.43 ETA=00:26.98 | GPU MB alloc/reserved=278.7/1884.0
2026-04-11 17:36:53 | INFO | [Round 1] epoch=18/80 loss=1.8583 acc=47.83 val_acc=nan data_t=0.0076s batch_t=0.0700s epoch_t=00:00.39 lr=0.000881 | GPU MB alloc/reserved=278.7/1884.0
2026-04-11 17:36:53 | INFO | [Round 1] Epoch 18/80 time=00:00.39 avg=00:00.43 ETA=00:26.41 | GPU MB alloc/reserved=278.7/1884.0
2026-04-11 17:36:53 | INFO | [Round 1] epoch=19/80 loss=1.7194 acc=53.50 val_acc=nan data_t=0.0052s batch_t=0.0814s epoch_t=00:00.43 lr=0.000868 | GPU MB alloc/reserved=278.7/1884.0
2026-04-11 17:36:53 | INFO | [Round 1] Epoch 19/80 time=00:00.43 avg=00:00.43 ETA=00:26.01 | GPU MB alloc/reserved=278.7/1884.0
2026-04-11 17:36:54 | INFO | [Round 1] epoch=20/80 loss=1.5814 acc=55.67 val_acc=nan data_t=0.0105s batch_t=0.0811s epoch_t=00:00.46 lr=0.000855 | GPU MB alloc/reserved=278.7/1884.0
2026-04-11 17:36:54 | INFO | [Round 1] Epoch 20/80 time=00:00.46 avg=00:00.43 ETA=00:25.68 | GPU MB alloc/reserved=278.7/1884.0
2026-04-11 17:36:54 | INFO | [Round 1] epoch=21/80 loss=1.4525 acc=61.33 val_acc=nan data_t=0.0067s batch_t=0.0883s epoch_t=00:00.48 lr=0.000841 | GPU MB alloc/reserved=278.7/1884.0
2026-04-11 17:36:54 | INFO | [Round 1] Epoch 21/80 time=00:00.48 avg=00:00.43 ETA=00:25.38 | GPU MB alloc/reserved=278.7/1884.0
2026-04-11 17:36:55 | INFO | [Round 1] epoch=22/80 loss=1.3690 acc=65.00 val_acc=nan data_t=0.0049s batch_t=0.0879s epoch_t=00:00.46 lr=0.000826 | GPU MB alloc/reserved=278.7/1884.0
2026-04-11 17:36:55 | INFO | [Round 1] Epoch 22/80 time=00:00.46 avg=00:00.43 ETA=00:25.04 | GPU MB alloc/reserved=278.7/1884.0
2026-04-11 17:36:55 | INFO | [Round 1] epoch=23/80 loss=1.1640 acc=73.00 val_acc=nan data_t=0.0121s batch_t=0.0820s epoch_t=00:00.47 lr=0.000811 | GPU MB alloc/reserved=278.7/1884.0
2026-04-11 17:36:55 | INFO | [Round 1] Epoch 23/80 time=00:00.47 avg=00:00.43 ETA=00:24.71 | GPU MB alloc/reserved=278.7/1884.0
2026-04-11 17:36:55 | INFO | [Round 1] epoch=24/80 loss=1.0963 acc=72.67 val_acc=nan data_t=0.0082s batch_t=0.0777s epoch_t=00:00.43 lr=0.000796 | GPU MB alloc/reserved=278.7/1884.0
2026-04-11 17:36:55 | INFO | [Round 1] Epoch 24/80 time=00:00.43 avg=00:00.43 ETA=00:24.27 | GPU MB alloc/reserved=278.7/1884.0
2026-04-11 17:36:56 | INFO | [Round 1] epoch=25/80 loss=0.9693 acc=76.67 val_acc=nan data_t=0.0060s batch_t=0.0811s epoch_t=00:00.44 lr=0.000780 | GPU MB alloc/reserved=278.7/1884.0
2026-04-11 17:36:56 | INFO | [Round 1] Epoch 25/80 time=00:00.44 avg=00:00.43 ETA=00:23.84 | GPU MB alloc/reserved=278.7/1884.0
2026-04-11 17:36:56 | INFO | [Round 1] epoch=26/80 loss=0.9266 acc=76.17 val_acc=nan data_t=0.0060s batch_t=0.0732s epoch_t=00:00.40 lr=0.000764 | GPU MB alloc/reserved=278.7/1884.0
2026-04-11 17:36:56 | INFO | [Round 1] Epoch 26/80 time=00:00.40 avg=00:00.43 ETA=00:23.33 | GPU MB alloc/reserved=278.7/1884.0
2026-04-11 17:36:57 | INFO | [Round 1] epoch=27/80 loss=0.7932 acc=80.83 val_acc=nan data_t=0.0063s batch_t=0.0868s epoch_t=00:00.47 lr=0.000747 | GPU MB alloc/reserved=278.7/1884.0
2026-04-11 17:36:57 | INFO | [Round 1] Epoch 27/80 time=00:00.47 avg=00:00.43 ETA=00:22.96 | GPU MB alloc/reserved=278.7/1884.0
2026-04-11 17:36:57 | INFO | [Round 1] epoch=28/80 loss=0.8063 acc=82.00 val_acc=nan data_t=0.0078s batch_t=0.0660s epoch_t=00:00.37 lr=0.000730 | GPU MB alloc/reserved=278.7/1884.0
2026-04-11 17:36:57 | INFO | [Round 1] Epoch 28/80 time=00:00.37 avg=00:00.43 ETA=00:22.41 | GPU MB alloc/reserved=278.7/1884.0
2026-04-11 17:36:57 | INFO | [Round 1] epoch=29/80 loss=0.6943 acc=82.67 val_acc=nan data_t=0.0108s batch_t=0.0608s epoch_t=00:00.36 lr=0.000712 | GPU MB alloc/reserved=278.7/1884.0
2026-04-11 17:36:57 | INFO | [Round 1] Epoch 29/80 time=00:00.36 avg=00:00.43 ETA=00:21.85 | GPU MB alloc/reserved=278.7/1884.0
2026-04-11 17:36:58 | INFO | [Round 1] epoch=30/80 loss=0.6081 acc=86.67 val_acc=nan data_t=0.0091s batch_t=0.0728s epoch_t=00:00.41 lr=0.000694 | GPU MB alloc/reserved=278.7/1884.0
2026-04-11 17:36:58 | INFO | [Round 1] Epoch 30/80 time=00:00.41 avg=00:00.43 ETA=00:21.39 | GPU MB alloc/reserved=278.7/1884.0
2026-04-11 17:36:58 | INFO | [Round 1] epoch=31/80 loss=0.5336 acc=89.00 val_acc=nan data_t=0.0068s batch_t=0.0962s epoch_t=00:00.52 lr=0.000676 | GPU MB alloc/reserved=278.7/1884.0
2026-04-11 17:36:58 | INFO | [Round 1] Epoch 31/80 time=00:00.52 avg=00:00.43 ETA=00:21.10 | GPU MB alloc/reserved=278.7/1884.0
2026-04-11 17:36:59 | INFO | [Round 1] epoch=32/80 loss=0.4976 acc=88.83 val_acc=nan data_t=0.0078s batch_t=0.0955s epoch_t=00:00.52 lr=0.000658 | GPU MB alloc/reserved=278.7/1884.0
2026-04-11 17:36:59 | INFO | [Round 1] Epoch 32/80 time=00:00.52 avg=00:00.43 ETA=00:20.80 | GPU MB alloc/reserved=278.7/1884.0
2026-04-11 17:36:59 | INFO | [Round 1] epoch=33/80 loss=0.4487 acc=91.33 val_acc=nan data_t=0.0071s batch_t=0.0995s epoch_t=00:00.53 lr=0.000639 | GPU MB alloc/reserved=278.7/1884.0
2026-04-11 17:36:59 | INFO | [Round 1] Epoch 33/80 time=00:00.53 avg=00:00.44 ETA=00:20.51 | GPU MB alloc/reserved=278.7/1884.0
2026-04-11 17:37:00 | INFO | [Round 1] epoch=34/80 loss=0.4518 acc=88.83 val_acc=nan data_t=0.0075s batch_t=0.0843s epoch_t=00:00.46 lr=0.000621 | GPU MB alloc/reserved=278.7/1884.0
2026-04-11 17:37:00 | INFO | [Round 1] Epoch 34/80 time=00:00.46 avg=00:00.44 ETA=00:20.10 | GPU MB alloc/reserved=278.7/1884.0
2026-04-11 17:37:00 | INFO | [Round 1] epoch=35/80 loss=0.3783 acc=92.67 val_acc=nan data_t=0.0075s batch_t=0.0934s epoch_t=00:00.50 lr=0.000602 | GPU MB alloc/reserved=278.7/1884.0
2026-04-11 17:37:00 | INFO | [Round 1] Epoch 35/80 time=00:00.50 avg=00:00.44 ETA=00:19.75 | GPU MB alloc/reserved=278.7/1884.0
2026-04-11 17:37:01 | INFO | [Round 1] epoch=36/80 loss=0.3668 acc=94.33 val_acc=nan data_t=0.0101s batch_t=0.0921s epoch_t=00:00.51 lr=0.000582 | GPU MB alloc/reserved=278.7/1884.0
2026-04-11 17:37:01 | INFO | [Round 1] Epoch 36/80 time=00:00.51 avg=00:00.44 ETA=00:19.40 | GPU MB alloc/reserved=278.7/1884.0
2026-04-11 17:37:01 | INFO | [Round 1] epoch=37/80 loss=0.3285 acc=94.33 val_acc=nan data_t=0.0102s batch_t=0.0845s epoch_t=00:00.47 lr=0.000563 | GPU MB alloc/reserved=278.7/1884.0
2026-04-11 17:37:01 | INFO | [Round 1] Epoch 37/80 time=00:00.47 avg=00:00.44 ETA=00:19.00 | GPU MB alloc/reserved=278.7/1884.0
2026-04-11 17:37:02 | INFO | [Round 1] epoch=38/80 loss=0.3167 acc=94.00 val_acc=nan data_t=0.0080s batch_t=0.1000s epoch_t=00:00.54 lr=0.000544 | GPU MB alloc/reserved=278.7/1884.0
2026-04-11 17:37:02 | INFO | [Round 1] Epoch 38/80 time=00:00.54 avg=00:00.44 ETA=00:18.67 | GPU MB alloc/reserved=278.7/1884.0
2026-04-11 17:37:03 | INFO | [Round 1] epoch=39/80 loss=0.2732 acc=93.83 val_acc=nan data_t=0.0100s batch_t=0.0964s epoch_t=00:00.53 lr=0.000524 | GPU MB alloc/reserved=278.7/1884.0
2026-04-11 17:37:03 | INFO | [Round 1] Epoch 39/80 time=00:00.53 avg=00:00.45 ETA=00:18.32 | GPU MB alloc/reserved=278.7/1884.0
2026-04-11 17:37:03 | INFO | [Round 1] epoch=40/80 loss=0.2303 acc=97.33 val_acc=nan data_t=0.0101s batch_t=0.0929s epoch_t=00:00.52 lr=0.000505 | GPU MB alloc/reserved=278.7/1884.0
2026-04-11 17:37:03 | INFO | [Round 1] Epoch 40/80 time=00:00.52 avg=00:00.45 ETA=00:17.94 | GPU MB alloc/reserved=278.7/1884.0
2026-04-11 17:37:04 | INFO | [Round 1] epoch=41/80 loss=0.2172 acc=95.83 val_acc=nan data_t=0.0057s batch_t=0.0946s epoch_t=00:00.50 lr=0.000486 | GPU MB alloc/reserved=278.7/1884.0
2026-04-11 17:37:04 | INFO | [Round 1] Epoch 41/80 time=00:00.50 avg=00:00.45 ETA=00:17.54 | GPU MB alloc/reserved=278.7/1884.0
2026-04-11 17:37:04 | INFO | [Round 1] epoch=42/80 loss=0.2133 acc=96.50 val_acc=nan data_t=0.0046s batch_t=0.0904s epoch_t=00:00.48 lr=0.000466 | GPU MB alloc/reserved=278.7/1884.0
2026-04-11 17:37:04 | INFO | [Round 1] Epoch 42/80 time=00:00.48 avg=00:00.45 ETA=00:17.11 | GPU MB alloc/reserved=278.7/1884.0
2026-04-11 17:37:05 | INFO | [Round 1] epoch=43/80 loss=0.1930 acc=97.50 val_acc=nan data_t=0.0101s batch_t=0.0909s epoch_t=00:00.51 lr=0.000447 | GPU MB alloc/reserved=278.7/1884.0
2026-04-11 17:37:05 | INFO | [Round 1] Epoch 43/80 time=00:00.51 avg=00:00.45 ETA=00:16.71 | GPU MB alloc/reserved=278.7/1884.0
2026-04-11 17:37:05 | INFO | [Round 1] epoch=44/80 loss=0.1451 acc=98.50 val_acc=nan data_t=0.0108s batch_t=0.0965s epoch_t=00:00.54 lr=0.000428 | GPU MB alloc/reserved=278.7/1884.0
2026-04-11 17:37:05 | INFO | [Round 1] Epoch 44/80 time=00:00.54 avg=00:00.45 ETA=00:16.33 | GPU MB alloc/reserved=278.7/1884.0
2026-04-11 17:37:06 | INFO | [Round 1] epoch=45/80 loss=0.1237 acc=99.00 val_acc=nan data_t=0.0094s batch_t=0.0887s epoch_t=00:00.49 lr=0.000408 | GPU MB alloc/reserved=278.7/1884.0
2026-04-11 17:37:06 | INFO | [Round 1] Epoch 45/80 time=00:00.49 avg=00:00.45 ETA=00:15.90 | GPU MB alloc/reserved=278.7/1884.0
2026-04-11 17:37:06 | INFO | [Round 1] epoch=46/80 loss=0.1290 acc=98.33 val_acc=nan data_t=0.0099s batch_t=0.0579s epoch_t=00:00.34 lr=0.000389 | GPU MB alloc/reserved=278.7/1884.0
2026-04-11 17:37:06 | INFO | [Round 1] Epoch 46/80 time=00:00.34 avg=00:00.45 ETA=00:15.36 | GPU MB alloc/reserved=278.7/1884.0
2026-04-11 17:37:06 | INFO | [Round 1] epoch=47/80 loss=0.1038 acc=99.33 val_acc=nan data_t=0.0047s batch_t=0.0555s epoch_t=00:00.30 lr=0.000371 | GPU MB alloc/reserved=278.7/1884.0
2026-04-11 17:37:06 | INFO | [Round 1] Epoch 47/80 time=00:00.30 avg=00:00.45 ETA=00:14.81 | GPU MB alloc/reserved=278.7/1884.0
2026-04-11 17:37:07 | INFO | [Round 1] epoch=48/80 loss=0.0921 acc=99.00 val_acc=nan data_t=0.0099s batch_t=0.0533s epoch_t=00:00.32 lr=0.000352 | GPU MB alloc/reserved=278.7/1884.0
2026-04-11 17:37:07 | INFO | [Round 1] Epoch 48/80 time=00:00.32 avg=00:00.45 ETA=00:14.27 | GPU MB alloc/reserved=278.7/1884.0
2026-04-11 17:37:07 | INFO | [Round 1] epoch=49/80 loss=0.0893 acc=98.67 val_acc=nan data_t=0.0047s batch_t=0.0770s epoch_t=00:00.41 lr=0.000334 | GPU MB alloc/reserved=278.7/1884.0
2026-04-11 17:37:07 | INFO | [Round 1] Epoch 49/80 time=00:00.41 avg=00:00.45 ETA=00:13.80 | GPU MB alloc/reserved=278.7/1884.0
2026-04-11 17:37:07 | INFO | [Round 1] epoch=50/80 loss=0.0894 acc=99.00 val_acc=nan data_t=0.0053s batch_t=0.0578s epoch_t=00:00.32 lr=0.000316 | GPU MB alloc/reserved=278.7/1884.0
2026-04-11 17:37:07 | INFO | [Round 1] Epoch 50/80 time=00:00.32 avg=00:00.44 ETA=00:13.28 | GPU MB alloc/reserved=278.7/1884.0
2026-04-11 17:37:08 | INFO | [Round 1] epoch=51/80 loss=0.0695 acc=99.33 val_acc=nan data_t=0.0052s batch_t=0.0630s epoch_t=00:00.34 lr=0.000298 | GPU MB alloc/reserved=278.7/1884.0
2026-04-11 17:37:08 | INFO | [Round 1] Epoch 51/80 time=00:00.34 avg=00:00.44 ETA=00:12.78 | GPU MB alloc/reserved=278.7/1884.0
2026-04-11 17:37:08 | INFO | [Round 1] epoch=52/80 loss=0.0630 acc=99.33 val_acc=nan data_t=0.0096s batch_t=0.0640s epoch_t=00:00.37 lr=0.000280 | GPU MB alloc/reserved=278.7/1884.0
2026-04-11 17:37:08 | INFO | [Round 1] Epoch 52/80 time=00:00.37 avg=00:00.44 ETA=00:12.30 | GPU MB alloc/reserved=278.7/1884.0
2026-04-11 17:37:08 | INFO | [Round 1] epoch=53/80 loss=0.0538 acc=99.83 val_acc=nan data_t=0.0096s batch_t=0.0640s epoch_t=00:00.37 lr=0.000263 | GPU MB alloc/reserved=278.7/1884.0
2026-04-11 17:37:08 | INFO | [Round 1] Epoch 53/80 time=00:00.37 avg=00:00.44 ETA=00:11.82 | GPU MB alloc/reserved=278.7/1884.0
2026-04-11 17:37:09 | INFO | [Round 1] epoch=54/80 loss=0.0597 acc=100.00 val_acc=nan data_t=0.0096s batch_t=0.0724s epoch_t=00:00.41 lr=0.000246 | GPU MB alloc/reserved=278.7/1884.0
2026-04-11 17:37:09 | INFO | [Round 1] Epoch 54/80 time=00:00.41 avg=00:00.44 ETA=00:11.37 | GPU MB alloc/reserved=278.7/1884.0
2026-04-11 17:37:09 | INFO | [Round 1] epoch=55/80 loss=0.0459 acc=100.00 val_acc=nan data_t=0.0079s batch_t=0.0796s epoch_t=00:00.44 lr=0.000230 | GPU MB alloc/reserved=278.7/1884.0
2026-04-11 17:37:09 | INFO | [Round 1] Epoch 55/80 time=00:00.44 avg=00:00.44 ETA=00:10.93 | GPU MB alloc/reserved=278.7/1884.0
2026-04-11 17:37:10 | INFO | [Round 1] epoch=56/80 loss=0.0432 acc=100.00 val_acc=nan data_t=0.0080s batch_t=0.0760s epoch_t=00:00.42 lr=0.000214 | GPU MB alloc/reserved=278.7/1884.0
2026-04-11 17:37:10 | INFO | [Round 1] Epoch 56/80 time=00:00.42 avg=00:00.44 ETA=00:10.49 | GPU MB alloc/reserved=278.7/1884.0
2026-04-11 17:37:10 | INFO | [Round 1] epoch=57/80 loss=0.0460 acc=99.83 val_acc=nan data_t=0.0048s batch_t=0.0885s epoch_t=00:00.47 lr=0.000199 | GPU MB alloc/reserved=278.7/1884.0
2026-04-11 17:37:10 | INFO | [Round 1] Epoch 57/80 time=00:00.47 avg=00:00.44 ETA=00:10.06 | GPU MB alloc/reserved=278.7/1884.0
2026-04-11 17:37:11 | INFO | [Round 1] epoch=58/80 loss=0.0399 acc=100.00 val_acc=nan data_t=0.0050s batch_t=0.0842s epoch_t=00:00.45 lr=0.000184 | GPU MB alloc/reserved=278.7/1884.0
2026-04-11 17:37:11 | INFO | [Round 1] Epoch 58/80 time=00:00.45 avg=00:00.44 ETA=00:09.63 | GPU MB alloc/reserved=278.7/1884.0
2026-04-11 17:37:11 | INFO | [Round 1] epoch=59/80 loss=0.0495 acc=99.83 val_acc=nan data_t=0.0099s batch_t=0.0863s epoch_t=00:00.48 lr=0.000169 | GPU MB alloc/reserved=278.7/1884.0
2026-04-11 17:37:11 | INFO | [Round 1] Epoch 59/80 time=00:00.48 avg=00:00.44 ETA=00:09.21 | GPU MB alloc/reserved=278.7/1884.0
2026-04-11 17:37:11 | INFO | [Round 1] epoch=60/80 loss=0.0391 acc=100.00 val_acc=nan data_t=0.0054s batch_t=0.0784s epoch_t=00:00.42 lr=0.000155 | GPU MB alloc/reserved=278.7/1884.0
2026-04-11 17:37:11 | INFO | [Round 1] Epoch 60/80 time=00:00.42 avg=00:00.44 ETA=00:08.76 | GPU MB alloc/reserved=278.7/1884.0
2026-04-11 17:37:12 | INFO | [Round 1] epoch=61/80 loss=0.0379 acc=100.00 val_acc=nan data_t=0.0093s batch_t=0.0856s epoch_t=00:00.48 lr=0.000142 | GPU MB alloc/reserved=278.7/1884.0
2026-04-11 17:37:12 | INFO | [Round 1] Epoch 61/80 time=00:00.48 avg=00:00.44 ETA=00:08.34 | GPU MB alloc/reserved=278.7/1884.0
2026-04-11 17:37:12 | INFO | [Round 1] epoch=62/80 loss=0.0336 acc=100.00 val_acc=nan data_t=0.0088s batch_t=0.0816s epoch_t=00:00.45 lr=0.000129 | GPU MB alloc/reserved=278.7/1884.0
2026-04-11 17:37:12 | INFO | [Round 1] Epoch 62/80 time=00:00.45 avg=00:00.44 ETA=00:07.90 | GPU MB alloc/reserved=278.7/1884.0
2026-04-11 17:37:13 | INFO | [Round 1] epoch=63/80 loss=0.0312 acc=100.00 val_acc=nan data_t=0.0056s batch_t=0.0922s epoch_t=00:00.49 lr=0.000116 | GPU MB alloc/reserved=278.7/1884.0
2026-04-11 17:37:13 | INFO | [Round 1] Epoch 63/80 time=00:00.49 avg=00:00.44 ETA=00:07.48 | GPU MB alloc/reserved=278.7/1884.0
2026-04-11 17:37:13 | INFO | [Round 1] epoch=64/80 loss=0.0320 acc=100.00 val_acc=nan data_t=0.0050s batch_t=0.0869s epoch_t=00:00.46 lr=0.000105 | GPU MB alloc/reserved=278.7/1884.0
2026-04-11 17:37:13 | INFO | [Round 1] Epoch 64/80 time=00:00.46 avg=00:00.44 ETA=00:07.04 | GPU MB alloc/reserved=278.7/1884.0
2026-04-11 17:37:14 | INFO | [Round 1] epoch=65/80 loss=0.0315 acc=99.83 val_acc=nan data_t=0.0078s batch_t=0.0841s epoch_t=00:00.46 lr=0.000093 | GPU MB alloc/reserved=278.7/1884.0
2026-04-11 17:37:14 | INFO | [Round 1] Epoch 65/80 time=00:00.46 avg=00:00.44 ETA=00:06.61 | GPU MB alloc/reserved=278.7/1884.0
2026-04-11 17:37:14 | INFO | [Round 1] epoch=66/80 loss=0.0334 acc=100.00 val_acc=nan data_t=0.0111s batch_t=0.0810s epoch_t=00:00.46 lr=0.000083 | GPU MB alloc/reserved=278.7/1884.0
2026-04-11 17:37:14 | INFO | [Round 1] Epoch 66/80 time=00:00.46 avg=00:00.44 ETA=00:06.17 | GPU MB alloc/reserved=278.7/1884.0
2026-04-11 17:37:15 | INFO | [Round 1] epoch=67/80 loss=0.0340 acc=100.00 val_acc=nan data_t=0.0122s batch_t=0.0860s epoch_t=00:00.49 lr=0.000073 | GPU MB alloc/reserved=278.7/1884.0
2026-04-11 17:37:15 | INFO | [Round 1] Epoch 67/80 time=00:00.49 avg=00:00.44 ETA=00:05.74 | GPU MB alloc/reserved=278.7/1884.0
2026-04-11 17:37:15 | INFO | [Round 1] epoch=68/80 loss=0.0346 acc=100.00 val_acc=nan data_t=0.0051s batch_t=0.0804s epoch_t=00:00.43 lr=0.000064 | GPU MB alloc/reserved=278.7/1884.0
2026-04-11 17:37:15 | INFO | [Round 1] Epoch 68/80 time=00:00.43 avg=00:00.44 ETA=00:05.29 | GPU MB alloc/reserved=278.7/1884.0
2026-04-11 17:37:16 | INFO | [Round 1] epoch=69/80 loss=0.0288 acc=100.00 val_acc=nan data_t=0.0077s batch_t=0.0788s epoch_t=00:00.43 lr=0.000055 | GPU MB alloc/reserved=278.7/1884.0
2026-04-11 17:37:16 | INFO | [Round 1] Epoch 69/80 time=00:00.43 avg=00:00.44 ETA=00:04.85 | GPU MB alloc/reserved=278.7/1884.0
2026-04-11 17:37:16 | INFO | [Round 1] epoch=70/80 loss=0.0306 acc=100.00 val_acc=nan data_t=0.0052s batch_t=0.0839s epoch_t=00:00.45 lr=0.000048 | GPU MB alloc/reserved=278.7/1884.0
2026-04-11 17:37:16 | INFO | [Round 1] Epoch 70/80 time=00:00.45 avg=00:00.44 ETA=00:04.41 | GPU MB alloc/reserved=278.7/1884.0
2026-04-11 17:37:17 | INFO | [Round 1] epoch=71/80 loss=0.0310 acc=100.00 val_acc=nan data_t=0.0100s batch_t=0.0876s epoch_t=00:00.49 lr=0.000041 | GPU MB alloc/reserved=278.7/1884.0
2026-04-11 17:37:17 | INFO | [Round 1] Epoch 71/80 time=00:00.49 avg=00:00.44 ETA=00:03.98 | GPU MB alloc/reserved=278.7/1884.0
2026-04-11 17:37:17 | INFO | [Round 1] epoch=72/80 loss=0.0293 acc=99.83 val_acc=nan data_t=0.0049s batch_t=0.0872s epoch_t=00:00.46 lr=0.000034 | GPU MB alloc/reserved=278.7/1884.0
2026-04-11 17:37:17 | INFO | [Round 1] Epoch 72/80 time=00:00.46 avg=00:00.44 ETA=00:03.54 | GPU MB alloc/reserved=278.7/1884.0
2026-04-11 17:37:17 | INFO | [Round 1] epoch=73/80 loss=0.0269 acc=100.00 val_acc=nan data_t=0.0075s batch_t=0.0833s epoch_t=00:00.45 lr=0.000029 | GPU MB alloc/reserved=278.7/1884.0
2026-04-11 17:37:17 | INFO | [Round 1] Epoch 73/80 time=00:00.45 avg=00:00.44 ETA=00:03.10 | GPU MB alloc/reserved=278.7/1884.0
2026-04-11 17:37:18 | INFO | [Round 1] epoch=74/80 loss=0.0270 acc=100.00 val_acc=nan data_t=0.0076s batch_t=0.0810s epoch_t=00:00.44 lr=0.000024 | GPU MB alloc/reserved=278.7/1884.0
2026-04-11 17:37:18 | INFO | [Round 1] Epoch 74/80 time=00:00.44 avg=00:00.44 ETA=00:02.65 | GPU MB alloc/reserved=278.7/1884.0
2026-04-11 17:37:18 | INFO | [Round 1] epoch=75/80 loss=0.0320 acc=99.83 val_acc=nan data_t=0.0051s batch_t=0.0831s epoch_t=00:00.44 lr=0.000020 | GPU MB alloc/reserved=278.7/1884.0
2026-04-11 17:37:18 | INFO | [Round 1] Epoch 75/80 time=00:00.44 avg=00:00.44 ETA=00:02.21 | GPU MB alloc/reserved=278.7/1884.0
2026-04-11 17:37:19 | INFO | [Round 1] epoch=76/80 loss=0.0267 acc=100.00 val_acc=nan data_t=0.0048s batch_t=0.0798s epoch_t=00:00.42 lr=0.000016 | GPU MB alloc/reserved=278.7/1884.0
2026-04-11 17:37:19 | INFO | [Round 1] Epoch 76/80 time=00:00.42 avg=00:00.44 ETA=00:01.77 | GPU MB alloc/reserved=278.7/1884.0
2026-04-11 17:37:19 | INFO | [Round 1] epoch=77/80 loss=0.0269 acc=100.00 val_acc=nan data_t=0.0092s batch_t=0.0843s epoch_t=00:00.47 lr=0.000013 | GPU MB alloc/reserved=278.7/1884.0
2026-04-11 17:37:19 | INFO | [Round 1] Epoch 77/80 time=00:00.47 avg=00:00.44 ETA=00:01.33 | GPU MB alloc/reserved=278.7/1884.0
2026-04-11 17:37:20 | INFO | [Round 1] epoch=78/80 loss=0.0260 acc=100.00 val_acc=nan data_t=0.0098s batch_t=0.0886s epoch_t=00:00.49 lr=0.000012 | GPU MB alloc/reserved=278.7/1884.0
2026-04-11 17:37:20 | INFO | [Round 1] Epoch 78/80 time=00:00.49 avg=00:00.44 ETA=00:00.89 | GPU MB alloc/reserved=278.7/1884.0
2026-04-11 17:37:20 | INFO | [Round 1] epoch=79/80 loss=0.0253 acc=100.00 val_acc=nan data_t=0.0110s batch_t=0.0897s epoch_t=00:00.50 lr=0.000010 | GPU MB alloc/reserved=278.7/1884.0
2026-04-11 17:37:20 | INFO | [Round 1] Epoch 79/80 time=00:00.50 avg=00:00.44 ETA=00:00.44 | GPU MB alloc/reserved=278.7/1884.0
2026-04-11 17:37:21 | INFO | [Round 1] epoch=80/80 loss=0.0266 acc=100.00 val_acc=nan data_t=0.0056s batch_t=0.0836s epoch_t=00:00.45 lr=0.000010 | GPU MB alloc/reserved=278.7/1884.0
2026-04-11 17:37:21 | INFO | [Round 1] Epoch 80/80 time=00:00.45 avg=00:00.44 ETA=00:00.00 | GPU MB alloc/reserved=278.7/1884.0
2026-04-11 17:37:21 | INFO | [Round 1] training complete in 00:35.80 (best monitor=100.000) | GPU MB alloc/reserved=278.7/1884.0
2026-04-11 17:37:21 | INFO | [Round 1] evaluation started | GPU MB alloc/reserved=191.7/1884.0
2026-04-11 17:37:29 | INFO | [Round 1] clean=10.25 fgsm=7.75 pgd=7.72 grad_disp_mean=nan grad_disp_sel=nan round_t=45.70s | GPU MB alloc/reserved=191.7/1890.0
2026-04-11 17:37:29 | INFO | [Round 2/21] elapsed=00:45.70 avg_round=00:42.38 projected_remaining=13:25.31 | GPU MB alloc/reserved=191.7/1890.0
2026-04-11 17:37:30 | INFO | [Round 2] acquisition on pool_size=49400 scored_pool=5000 budget=100 | GPU MB alloc/reserved=104.2/1890.0
2026-04-11 17:37:30 | INFO | [CoreSet-unlabeled-feat] scoring progress 10/20 elapsed=00:00.27 avg/batch=0.027s ETA=00:00.27 | GPU MB alloc/reserved=112.3/1890.0
2026-04-11 17:37:30 | INFO | [CoreSet-unlabeled-feat] scoring progress 20/20 elapsed=00:00.34 avg/batch=0.017s ETA=00:00.00 | GPU MB alloc/reserved=116.0/1890.0
2026-04-11 17:37:31 | INFO | [CoreSet-labeled-feat] scoring progress 3/3 elapsed=00:00.23 avg/batch=0.078s ETA=00:00.00 | GPU MB alloc/reserved=116.4/1890.0
2026-04-11 17:37:31 | INFO | [CoreSet] greedy 10/100 cover_radius=28.871319 | GPU: n/a
2026-04-11 17:37:31 | INFO | [CoreSet] greedy 20/100 cover_radius=28.240374 | GPU: n/a
2026-04-11 17:37:31 | INFO | [CoreSet] greedy 30/100 cover_radius=27.824234 | GPU: n/a
2026-04-11 17:37:31 | INFO | [CoreSet] greedy 40/100 cover_radius=27.498199 | GPU: n/a
2026-04-11 17:37:31 | INFO | [CoreSet] greedy 50/100 cover_radius=27.264400 | GPU: n/a
2026-04-11 17:37:31 | INFO | [CoreSet] greedy 60/100 cover_radius=27.145086 | GPU: n/a
2026-04-11 17:37:31 | INFO | [CoreSet] greedy 70/100 cover_radius=27.010080 | GPU: n/a
2026-04-11 17:37:32 | INFO | [CoreSet] greedy 80/100 cover_radius=26.767319 | GPU: n/a
2026-04-11 17:37:32 | INFO | [CoreSet] greedy 90/100 cover_radius=26.677284 | GPU: n/a
2026-04-11 17:37:32 | INFO | [CoreSet] greedy 100/100 cover_radius=26.488457 | GPU: n/a
2026-04-11 17:37:32 | INFO | [Round 2] labeled=700 train=700 val_fixed=0 | GPU MB alloc/reserved=150.1/1890.0
2026-04-11 17:37:33 | INFO | [Round 2] epoch=1/80 loss=4.7788 acc=1.57 val_acc=nan data_t=0.0312s batch_t=0.0984s epoch_t=00:00.78 lr=0.001000 | GPU MB alloc/reserved=280.5/1892.0
2026-04-11 17:37:33 | INFO | [Round 2] Epoch 1/80 time=00:00.78 avg=00:00.78 ETA=01:01.44 | GPU MB alloc/reserved=280.5/1892.0
2026-04-11 17:37:34 | INFO | [Round 2] epoch=2/80 loss=4.3430 acc=5.71 val_acc=nan data_t=0.0056s batch_t=0.0921s epoch_t=00:00.59 lr=0.000998 | GPU MB alloc/reserved=280.5/1892.0
2026-04-11 17:37:34 | INFO | [Round 2] Epoch 2/80 time=00:00.59 avg=00:00.68 ETA=00:53.20 | GPU MB alloc/reserved=280.5/1892.0
2026-04-11 17:37:34 | INFO | [Round 2] epoch=3/80 loss=4.1322 acc=7.00 val_acc=nan data_t=0.0083s batch_t=0.0935s epoch_t=00:00.61 lr=0.000997 | GPU MB alloc/reserved=280.5/1892.0
2026-04-11 17:37:34 | INFO | [Round 2] Epoch 3/80 time=00:00.61 avg=00:00.66 ETA=00:50.70 | GPU MB alloc/reserved=280.5/1892.0
2026-04-11 17:37:35 | INFO | [Round 2] epoch=4/80 loss=3.9093 acc=8.57 val_acc=nan data_t=0.0093s batch_t=0.0926s epoch_t=00:00.61 lr=0.000994 | GPU MB alloc/reserved=280.5/1892.0
2026-04-11 17:37:35 | INFO | [Round 2] Epoch 4/80 time=00:00.61 avg=00:00.65 ETA=00:49.15 | GPU MB alloc/reserved=280.5/1892.0
2026-04-11 17:37:36 | INFO | [Round 2] epoch=5/80 loss=3.6951 acc=10.00 val_acc=nan data_t=0.0092s batch_t=0.0919s epoch_t=00:00.61 lr=0.000990 | GPU MB alloc/reserved=280.5/1892.0
2026-04-11 17:37:36 | INFO | [Round 2] Epoch 5/80 time=00:00.61 avg=00:00.64 ETA=00:47.91 | GPU MB alloc/reserved=280.5/1892.0
2026-04-11 17:37:36 | INFO | [Round 2] epoch=6/80 loss=3.5252 acc=12.71 val_acc=nan data_t=0.0044s batch_t=0.0945s epoch_t=00:00.59 lr=0.000986 | GPU MB alloc/reserved=280.5/1892.0
2026-04-11 17:37:36 | INFO | [Round 2] Epoch 6/80 time=00:00.59 avg=00:00.63 ETA=00:46.71 | GPU MB alloc/reserved=280.5/1892.0
2026-04-11 17:37:37 | INFO | [Round 2] epoch=7/80 loss=3.3575 acc=15.14 val_acc=nan data_t=0.0060s batch_t=0.0933s epoch_t=00:00.60 lr=0.000981 | GPU MB alloc/reserved=280.5/1892.0
2026-04-11 17:37:37 | INFO | [Round 2] Epoch 7/80 time=00:00.60 avg=00:00.63 ETA=00:45.71 | GPU MB alloc/reserved=280.5/1892.0
2026-04-11 17:37:37 | INFO | [Round 2] epoch=8/80 loss=3.2137 acc=17.00 val_acc=nan data_t=0.0070s batch_t=0.0898s epoch_t=00:00.58 lr=0.000976 | GPU MB alloc/reserved=280.5/1892.0
2026-04-11 17:37:37 | INFO | [Round 2] Epoch 8/80 time=00:00.58 avg=00:00.62 ETA=00:44.68 | GPU MB alloc/reserved=280.5/1892.0
2026-04-11 17:37:38 | INFO | [Round 2] epoch=9/80 loss=3.0817 acc=20.14 val_acc=nan data_t=0.0084s batch_t=0.0917s epoch_t=00:00.60 lr=0.000969 | GPU MB alloc/reserved=280.5/1892.0
2026-04-11 17:37:38 | INFO | [Round 2] Epoch 9/80 time=00:00.60 avg=00:00.62 ETA=00:43.90 | GPU MB alloc/reserved=280.5/1892.0
2026-04-11 17:37:38 | INFO | [Round 2] epoch=10/80 loss=2.9450 acc=22.00 val_acc=nan data_t=0.0062s batch_t=0.0534s epoch_t=00:00.36 lr=0.000962 | GPU MB alloc/reserved=280.5/1892.0
2026-04-11 17:37:38 | INFO | [Round 2] Epoch 10/80 time=00:00.36 avg=00:00.59 ETA=00:41.46 | GPU MB alloc/reserved=280.5/1892.0
2026-04-11 17:37:39 | INFO | [Round 2] epoch=11/80 loss=2.7552 acc=26.29 val_acc=nan data_t=0.0088s batch_t=0.0556s epoch_t=00:00.39 lr=0.000955 | GPU MB alloc/reserved=280.5/1892.0
2026-04-11 17:37:39 | INFO | [Round 2] Epoch 11/80 time=00:00.39 avg=00:00.57 ETA=00:39.58 | GPU MB alloc/reserved=280.5/1892.0
2026-04-11 17:37:39 | INFO | [Round 2] epoch=12/80 loss=2.7258 acc=25.71 val_acc=nan data_t=0.0085s batch_t=0.0538s epoch_t=00:00.37 lr=0.000946 | GPU MB alloc/reserved=280.5/1892.0
2026-04-11 17:37:39 | INFO | [Round 2] Epoch 12/80 time=00:00.37 avg=00:00.56 ETA=00:37.88 | GPU MB alloc/reserved=280.5/1892.0
2026-04-11 17:37:40 | INFO | [Round 2] epoch=13/80 loss=2.5463 acc=29.57 val_acc=nan data_t=0.0054s batch_t=0.0851s epoch_t=00:00.54 lr=0.000937 | GPU MB alloc/reserved=280.5/1892.0
2026-04-11 17:37:40 | INFO | [Round 2] Epoch 13/80 time=00:00.54 avg=00:00.56 ETA=00:37.25 | GPU MB alloc/reserved=280.5/1892.0
2026-04-11 17:37:40 | INFO | [Round 2] epoch=14/80 loss=2.3559 acc=37.71 val_acc=nan data_t=0.0043s batch_t=0.0522s epoch_t=00:00.34 lr=0.000927 | GPU MB alloc/reserved=280.5/1892.0
2026-04-11 17:37:40 | INFO | [Round 2] Epoch 14/80 time=00:00.34 avg=00:00.54 ETA=00:35.67 | GPU MB alloc/reserved=280.5/1892.0
2026-04-11 17:37:40 | INFO | [Round 2] epoch=15/80 loss=2.1929 acc=40.86 val_acc=nan data_t=0.0044s batch_t=0.0533s epoch_t=00:00.35 lr=0.000917 | GPU MB alloc/reserved=280.5/1892.0
2026-04-11 17:37:40 | INFO | [Round 2] Epoch 15/80 time=00:00.35 avg=00:00.53 ETA=00:34.29 | GPU MB alloc/reserved=280.5/1892.0
2026-04-11 17:37:41 | INFO | [Round 2] epoch=16/80 loss=2.1433 acc=41.57 val_acc=nan data_t=0.0098s batch_t=0.0500s epoch_t=00:00.36 lr=0.000905 | GPU MB alloc/reserved=280.5/1892.0
2026-04-11 17:37:41 | INFO | [Round 2] Epoch 16/80 time=00:00.36 avg=00:00.52 ETA=00:33.09 | GPU MB alloc/reserved=280.5/1892.0
2026-04-11 17:37:41 | INFO | [Round 2] epoch=17/80 loss=1.9083 acc=47.71 val_acc=nan data_t=0.0094s batch_t=0.0634s epoch_t=00:00.44 lr=0.000894 | GPU MB alloc/reserved=280.5/1892.0
2026-04-11 17:37:41 | INFO | [Round 2] Epoch 17/80 time=00:00.44 avg=00:00.51 ETA=00:32.28 | GPU MB alloc/reserved=280.5/1892.0
2026-04-11 17:37:42 | INFO | [Round 2] epoch=18/80 loss=1.8165 acc=47.86 val_acc=nan data_t=0.0080s batch_t=0.0767s epoch_t=00:00.51 lr=0.000881 | GPU MB alloc/reserved=280.5/1892.0
2026-04-11 17:37:42 | INFO | [Round 2] Epoch 18/80 time=00:00.51 avg=00:00.51 ETA=00:31.75 | GPU MB alloc/reserved=280.5/1892.0
2026-04-11 17:37:42 | INFO | [Round 2] epoch=19/80 loss=1.7407 acc=53.00 val_acc=nan data_t=0.0064s batch_t=0.0772s epoch_t=00:00.50 lr=0.000868 | GPU MB alloc/reserved=280.5/1892.0
2026-04-11 17:37:42 | INFO | [Round 2] Epoch 19/80 time=00:00.50 avg=00:00.51 ETA=00:31.21 | GPU MB alloc/reserved=280.5/1892.0
2026-04-11 17:37:43 | INFO | [Round 2] epoch=20/80 loss=1.6217 acc=54.57 val_acc=nan data_t=0.0087s batch_t=0.0842s epoch_t=00:00.56 lr=0.000855 | GPU MB alloc/reserved=280.5/1892.0
2026-04-11 17:37:43 | INFO | [Round 2] Epoch 20/80 time=00:00.56 avg=00:00.51 ETA=00:30.83 | GPU MB alloc/reserved=280.5/1892.0
2026-04-11 17:37:43 | INFO | [Round 2] epoch=21/80 loss=1.5325 acc=58.71 val_acc=nan data_t=0.0057s batch_t=0.0836s epoch_t=00:00.54 lr=0.000841 | GPU MB alloc/reserved=280.5/1892.0
2026-04-11 17:37:43 | INFO | [Round 2] Epoch 21/80 time=00:00.54 avg=00:00.51 ETA=00:30.38 | GPU MB alloc/reserved=280.5/1892.0
2026-04-11 17:37:44 | INFO | [Round 2] epoch=22/80 loss=1.2819 acc=66.71 val_acc=nan data_t=0.0043s batch_t=0.0812s epoch_t=00:00.51 lr=0.000826 | GPU MB alloc/reserved=280.5/1892.0
2026-04-11 17:37:44 | INFO | [Round 2] Epoch 22/80 time=00:00.51 avg=00:00.51 ETA=00:29.86 | GPU MB alloc/reserved=280.5/1892.0
2026-04-11 17:37:44 | INFO | [Round 2] epoch=23/80 loss=1.2671 acc=66.71 val_acc=nan data_t=0.0087s batch_t=0.0535s epoch_t=00:00.37 lr=0.000811 | GPU MB alloc/reserved=280.5/1892.0
2026-04-11 17:37:44 | INFO | [Round 2] Epoch 23/80 time=00:00.37 avg=00:00.51 ETA=00:29.00 | GPU MB alloc/reserved=280.5/1892.0
2026-04-11 17:37:45 | INFO | [Round 2] epoch=24/80 loss=1.0872 acc=74.00 val_acc=nan data_t=0.0061s batch_t=0.0792s epoch_t=00:00.51 lr=0.000796 | GPU MB alloc/reserved=280.5/1892.0
2026-04-11 17:37:45 | INFO | [Round 2] Epoch 24/80 time=00:00.51 avg=00:00.51 ETA=00:28.49 | GPU MB alloc/reserved=280.5/1892.0
2026-04-11 17:37:45 | INFO | [Round 2] epoch=25/80 loss=0.9603 acc=76.57 val_acc=nan data_t=0.0064s batch_t=0.0891s epoch_t=00:00.57 lr=0.000780 | GPU MB alloc/reserved=280.5/1892.0
2026-04-11 17:37:45 | INFO | [Round 2] Epoch 25/80 time=00:00.57 avg=00:00.51 ETA=00:28.13 | GPU MB alloc/reserved=280.5/1892.0
2026-04-11 17:37:46 | INFO | [Round 2] epoch=26/80 loss=0.8624 acc=80.00 val_acc=nan data_t=0.0041s batch_t=0.0964s epoch_t=00:00.60 lr=0.000764 | GPU MB alloc/reserved=280.5/1892.0
2026-04-11 17:37:46 | INFO | [Round 2] Epoch 26/80 time=00:00.60 avg=00:00.51 ETA=00:27.81 | GPU MB alloc/reserved=280.5/1892.0
2026-04-11 17:37:47 | INFO | [Round 2] epoch=27/80 loss=0.7523 acc=82.14 val_acc=nan data_t=0.0042s batch_t=0.0935s epoch_t=00:00.59 lr=0.000747 | GPU MB alloc/reserved=280.5/1892.0
2026-04-11 17:37:47 | INFO | [Round 2] Epoch 27/80 time=00:00.59 avg=00:00.52 ETA=00:27.43 | GPU MB alloc/reserved=280.5/1892.0
2026-04-11 17:37:47 | INFO | [Round 2] epoch=28/80 loss=0.6618 acc=87.00 val_acc=nan data_t=0.0043s batch_t=0.0821s epoch_t=00:00.52 lr=0.000730 | GPU MB alloc/reserved=280.5/1892.0
2026-04-11 17:37:47 | INFO | [Round 2] Epoch 28/80 time=00:00.52 avg=00:00.52 ETA=00:26.92 | GPU MB alloc/reserved=280.5/1892.0
2026-04-11 17:37:48 | INFO | [Round 2] epoch=29/80 loss=0.5605 acc=89.71 val_acc=nan data_t=0.0043s batch_t=0.0911s epoch_t=00:00.57 lr=0.000712 | GPU MB alloc/reserved=280.5/1892.0
2026-04-11 17:37:48 | INFO | [Round 2] Epoch 29/80 time=00:00.57 avg=00:00.52 ETA=00:26.49 | GPU MB alloc/reserved=280.5/1892.0
2026-04-11 17:37:48 | INFO | [Round 2] epoch=30/80 loss=0.5471 acc=88.00 val_acc=nan data_t=0.0042s batch_t=0.0893s epoch_t=00:00.56 lr=0.000694 | GPU MB alloc/reserved=280.5/1892.0
2026-04-11 17:37:48 | INFO | [Round 2] Epoch 30/80 time=00:00.56 avg=00:00.52 ETA=00:26.04 | GPU MB alloc/reserved=280.5/1892.0
2026-04-11 17:37:49 | INFO | [Round 2] epoch=31/80 loss=0.4653 acc=90.00 val_acc=nan data_t=0.0042s batch_t=0.0935s epoch_t=00:00.59 lr=0.000676 | GPU MB alloc/reserved=280.5/1892.0
2026-04-11 17:37:49 | INFO | [Round 2] Epoch 31/80 time=00:00.59 avg=00:00.52 ETA=00:25.63 | GPU MB alloc/reserved=280.5/1892.0
2026-04-11 17:37:49 | INFO | [Round 2] epoch=32/80 loss=0.4640 acc=91.43 val_acc=nan data_t=0.0078s batch_t=0.0939s epoch_t=00:00.61 lr=0.000658 | GPU MB alloc/reserved=280.5/1892.0
2026-04-11 17:37:49 | INFO | [Round 2] Epoch 32/80 time=00:00.61 avg=00:00.53 ETA=00:25.24 | GPU MB alloc/reserved=280.5/1892.0
2026-04-11 17:37:50 | INFO | [Round 2] epoch=33/80 loss=0.3987 acc=93.43 val_acc=nan data_t=0.0055s batch_t=0.0917s epoch_t=00:00.58 lr=0.000639 | GPU MB alloc/reserved=280.5/1892.0
2026-04-11 17:37:50 | INFO | [Round 2] Epoch 33/80 time=00:00.58 avg=00:00.53 ETA=00:24.79 | GPU MB alloc/reserved=280.5/1892.0
2026-04-11 17:37:51 | INFO | [Round 2] epoch=34/80 loss=0.3963 acc=92.00 val_acc=nan data_t=0.0052s batch_t=0.0925s epoch_t=00:00.59 lr=0.000621 | GPU MB alloc/reserved=280.5/1892.0
2026-04-11 17:37:51 | INFO | [Round 2] Epoch 34/80 time=00:00.59 avg=00:00.53 ETA=00:24.35 | GPU MB alloc/reserved=280.5/1892.0
2026-04-11 17:37:51 | INFO | [Round 2] epoch=35/80 loss=0.4233 acc=89.86 val_acc=nan data_t=0.0052s batch_t=0.0939s epoch_t=00:00.59 lr=0.000602 | GPU MB alloc/reserved=280.5/1892.0
2026-04-11 17:37:51 | INFO | [Round 2] Epoch 35/80 time=00:00.59 avg=00:00.53 ETA=00:23.90 | GPU MB alloc/reserved=280.5/1892.0
2026-04-11 17:37:52 | INFO | [Round 2] epoch=36/80 loss=0.3603 acc=93.57 val_acc=nan data_t=0.0068s batch_t=0.0926s epoch_t=00:00.60 lr=0.000582 | GPU MB alloc/reserved=280.5/1892.0
2026-04-11 17:37:52 | INFO | [Round 2] Epoch 36/80 time=00:00.60 avg=00:00.53 ETA=00:23.45 | GPU MB alloc/reserved=280.5/1892.0
2026-04-11 17:37:52 | INFO | [Round 2] epoch=37/80 loss=0.3311 acc=93.29 val_acc=nan data_t=0.0050s batch_t=0.0928s epoch_t=00:00.59 lr=0.000563 | GPU MB alloc/reserved=280.5/1892.0
2026-04-11 17:37:52 | INFO | [Round 2] Epoch 37/80 time=00:00.59 avg=00:00.53 ETA=00:22.98 | GPU MB alloc/reserved=280.5/1892.0
2026-04-11 17:37:53 | INFO | [Round 2] epoch=38/80 loss=0.2965 acc=94.71 val_acc=nan data_t=0.0055s batch_t=0.0667s epoch_t=00:00.43 lr=0.000544 | GPU MB alloc/reserved=280.5/1892.0
2026-04-11 17:37:53 | INFO | [Round 2] Epoch 38/80 time=00:00.43 avg=00:00.53 ETA=00:22.33 | GPU MB alloc/reserved=280.5/1892.0
2026-04-11 17:37:53 | INFO | [Round 2] epoch=39/80 loss=0.2780 acc=94.71 val_acc=nan data_t=0.0049s batch_t=0.0588s epoch_t=00:00.38 lr=0.000524 | GPU MB alloc/reserved=280.5/1892.0
2026-04-11 17:37:53 | INFO | [Round 2] Epoch 39/80 time=00:00.38 avg=00:00.53 ETA=00:21.64 | GPU MB alloc/reserved=280.5/1892.0
2026-04-11 17:37:54 | INFO | [Round 2] epoch=40/80 loss=0.2326 acc=96.14 val_acc=nan data_t=0.0055s batch_t=0.0566s epoch_t=00:00.37 lr=0.000505 | GPU MB alloc/reserved=280.5/1892.0
2026-04-11 17:37:54 | INFO | [Round 2] Epoch 40/80 time=00:00.37 avg=00:00.52 ETA=00:20.96 | GPU MB alloc/reserved=280.5/1892.0
2026-04-11 17:37:54 | INFO | [Round 2] epoch=41/80 loss=0.1770 acc=97.71 val_acc=nan data_t=0.0058s batch_t=0.0810s epoch_t=00:00.52 lr=0.000486 | GPU MB alloc/reserved=280.5/1892.0
2026-04-11 17:37:54 | INFO | [Round 2] Epoch 41/80 time=00:00.52 avg=00:00.52 ETA=00:20.43 | GPU MB alloc/reserved=280.5/1892.0
2026-04-11 17:37:54 | INFO | [Round 2] epoch=42/80 loss=0.1477 acc=98.71 val_acc=nan data_t=0.0045s batch_t=0.0531s epoch_t=00:00.35 lr=0.000466 | GPU MB alloc/reserved=280.5/1892.0
2026-04-11 17:37:54 | INFO | [Round 2] Epoch 42/80 time=00:00.35 avg=00:00.52 ETA=00:19.75 | GPU MB alloc/reserved=280.5/1892.0
2026-04-11 17:37:55 | INFO | [Round 2] epoch=43/80 loss=0.1321 acc=98.71 val_acc=nan data_t=0.0053s batch_t=0.0559s epoch_t=00:00.37 lr=0.000447 | GPU MB alloc/reserved=280.5/1892.0
2026-04-11 17:37:55 | INFO | [Round 2] Epoch 43/80 time=00:00.37 avg=00:00.52 ETA=00:19.10 | GPU MB alloc/reserved=280.5/1892.0
2026-04-11 17:37:55 | INFO | [Round 2] epoch=44/80 loss=0.1232 acc=98.57 val_acc=nan data_t=0.0041s batch_t=0.0508s epoch_t=00:00.33 lr=0.000428 | GPU MB alloc/reserved=280.5/1892.0
2026-04-11 17:37:55 | INFO | [Round 2] Epoch 44/80 time=00:00.33 avg=00:00.51 ETA=00:18.43 | GPU MB alloc/reserved=280.5/1892.0
2026-04-11 17:37:55 | INFO | [Round 2] epoch=45/80 loss=0.1279 acc=98.29 val_acc=nan data_t=0.0063s batch_t=0.0568s epoch_t=00:00.38 lr=0.000408 | GPU MB alloc/reserved=280.5/1892.0
2026-04-11 17:37:55 | INFO | [Round 2] Epoch 45/80 time=00:00.38 avg=00:00.51 ETA=00:17.81 | GPU MB alloc/reserved=280.5/1892.0
2026-04-11 17:37:56 | INFO | [Round 2] epoch=46/80 loss=0.0980 acc=99.14 val_acc=nan data_t=0.0088s batch_t=0.0779s epoch_t=00:00.52 lr=0.000389 | GPU MB alloc/reserved=280.5/1892.0
2026-04-11 17:37:56 | INFO | [Round 2] Epoch 46/80 time=00:00.52 avg=00:00.51 ETA=00:17.31 | GPU MB alloc/reserved=280.5/1892.0
2026-04-11 17:37:57 | INFO | [Round 2] epoch=47/80 loss=0.0952 acc=99.14 val_acc=nan data_t=0.0088s batch_t=0.0760s epoch_t=00:00.51 lr=0.000371 | GPU MB alloc/reserved=280.5/1892.0
2026-04-11 17:37:57 | INFO | [Round 2] Epoch 47/80 time=00:00.51 avg=00:00.51 ETA=00:16.80 | GPU MB alloc/reserved=280.5/1892.0
2026-04-11 17:37:57 | INFO | [Round 2] epoch=48/80 loss=0.0934 acc=98.86 val_acc=nan data_t=0.0043s batch_t=0.0769s epoch_t=00:00.49 lr=0.000352 | GPU MB alloc/reserved=280.5/1892.0
2026-04-11 17:37:57 | INFO | [Round 2] Epoch 48/80 time=00:00.49 avg=00:00.51 ETA=00:16.28 | GPU MB alloc/reserved=280.5/1892.0
2026-04-11 17:37:58 | INFO | [Round 2] epoch=49/80 loss=0.0733 acc=99.43 val_acc=nan data_t=0.0065s batch_t=0.0742s epoch_t=00:00.48 lr=0.000334 | GPU MB alloc/reserved=280.5/1892.0
2026-04-11 17:37:58 | INFO | [Round 2] Epoch 49/80 time=00:00.48 avg=00:00.51 ETA=00:15.76 | GPU MB alloc/reserved=280.5/1892.0
2026-04-11 17:37:58 | INFO | [Round 2] epoch=50/80 loss=0.0726 acc=99.43 val_acc=nan data_t=0.0055s batch_t=0.0795s epoch_t=00:00.51 lr=0.000316 | GPU MB alloc/reserved=280.5/1892.0
2026-04-11 17:37:58 | INFO | [Round 2] Epoch 50/80 time=00:00.51 avg=00:00.51 ETA=00:15.25 | GPU MB alloc/reserved=280.5/1892.0
2026-04-11 17:37:59 | INFO | [Round 2] epoch=51/80 loss=0.0570 acc=99.86 val_acc=nan data_t=0.0065s batch_t=0.0809s epoch_t=00:00.53 lr=0.000298 | GPU MB alloc/reserved=280.5/1892.0
2026-04-11 17:37:59 | INFO | [Round 2] Epoch 51/80 time=00:00.53 avg=00:00.51 ETA=00:14.75 | GPU MB alloc/reserved=280.5/1892.0
2026-04-11 17:37:59 | INFO | [Round 2] epoch=52/80 loss=0.0537 acc=99.86 val_acc=nan data_t=0.0081s batch_t=0.0829s epoch_t=00:00.55 lr=0.000280 | GPU MB alloc/reserved=280.5/1892.0
2026-04-11 17:37:59 | INFO | [Round 2] Epoch 52/80 time=00:00.55 avg=00:00.51 ETA=00:14.26 | GPU MB alloc/reserved=280.5/1892.0
2026-04-11 17:38:00 | INFO | [Round 2] epoch=53/80 loss=0.0537 acc=99.71 val_acc=nan data_t=0.0065s batch_t=0.0798s epoch_t=00:00.52 lr=0.000263 | GPU MB alloc/reserved=280.5/1892.0
2026-04-11 17:38:00 | INFO | [Round 2] Epoch 53/80 time=00:00.52 avg=00:00.51 ETA=00:13.76 | GPU MB alloc/reserved=280.5/1892.0
2026-04-11 17:38:00 | INFO | [Round 2] epoch=54/80 loss=0.0522 acc=99.71 val_acc=nan data_t=0.0103s batch_t=0.0755s epoch_t=00:00.52 lr=0.000246 | GPU MB alloc/reserved=280.5/1892.0
2026-04-11 17:38:00 | INFO | [Round 2] Epoch 54/80 time=00:00.52 avg=00:00.51 ETA=00:13.25 | GPU MB alloc/reserved=280.5/1892.0
2026-04-11 17:38:01 | INFO | [Round 2] epoch=55/80 loss=0.0495 acc=100.00 val_acc=nan data_t=0.0066s batch_t=0.0715s epoch_t=00:00.47 lr=0.000230 | GPU MB alloc/reserved=280.5/1892.0
2026-04-11 17:38:01 | INFO | [Round 2] Epoch 55/80 time=00:00.47 avg=00:00.51 ETA=00:12.72 | GPU MB alloc/reserved=280.5/1892.0
2026-04-11 17:38:01 | INFO | [Round 2] epoch=56/80 loss=0.0425 acc=100.00 val_acc=nan data_t=0.0042s batch_t=0.0797s epoch_t=00:00.50 lr=0.000214 | GPU MB alloc/reserved=280.5/1892.0
2026-04-11 17:38:01 | INFO | [Round 2] Epoch 56/80 time=00:00.50 avg=00:00.51 ETA=00:12.21 | GPU MB alloc/reserved=280.5/1892.0
2026-04-11 17:38:02 | INFO | [Round 2] epoch=57/80 loss=0.0426 acc=100.00 val_acc=nan data_t=0.0043s batch_t=0.0855s epoch_t=00:00.54 lr=0.000199 | GPU MB alloc/reserved=280.5/1892.0
2026-04-11 17:38:02 | INFO | [Round 2] Epoch 57/80 time=00:00.54 avg=00:00.51 ETA=00:11.71 | GPU MB alloc/reserved=280.5/1892.0
2026-04-11 17:38:02 | INFO | [Round 2] epoch=58/80 loss=0.0489 acc=99.57 val_acc=nan data_t=0.0043s batch_t=0.0829s epoch_t=00:00.52 lr=0.000184 | GPU MB alloc/reserved=280.5/1892.0
2026-04-11 17:38:02 | INFO | [Round 2] Epoch 58/80 time=00:00.52 avg=00:00.51 ETA=00:11.21 | GPU MB alloc/reserved=280.5/1892.0
2026-04-11 17:38:03 | INFO | [Round 2] epoch=59/80 loss=0.0327 acc=100.00 val_acc=nan data_t=0.0040s batch_t=0.0822s epoch_t=00:00.52 lr=0.000169 | GPU MB alloc/reserved=280.5/1892.0
2026-04-11 17:38:03 | INFO | [Round 2] Epoch 59/80 time=00:00.52 avg=00:00.51 ETA=00:10.70 | GPU MB alloc/reserved=280.5/1892.0
2026-04-11 17:38:03 | INFO | [Round 2] epoch=60/80 loss=0.0451 acc=99.71 val_acc=nan data_t=0.0087s batch_t=0.0790s epoch_t=00:00.53 lr=0.000155 | GPU MB alloc/reserved=280.5/1892.0
2026-04-11 17:38:03 | INFO | [Round 2] Epoch 60/80 time=00:00.53 avg=00:00.51 ETA=00:10.20 | GPU MB alloc/reserved=280.5/1892.0
2026-04-11 17:38:04 | INFO | [Round 2] epoch=61/80 loss=0.0388 acc=100.00 val_acc=nan data_t=0.0082s batch_t=0.0777s epoch_t=00:00.52 lr=0.000142 | GPU MB alloc/reserved=280.5/1892.0
2026-04-11 17:38:04 | INFO | [Round 2] Epoch 61/80 time=00:00.52 avg=00:00.51 ETA=00:09.69 | GPU MB alloc/reserved=280.5/1892.0
2026-04-11 17:38:04 | INFO | [Round 2] epoch=62/80 loss=0.0409 acc=99.86 val_acc=nan data_t=0.0085s batch_t=0.0785s epoch_t=00:00.52 lr=0.000129 | GPU MB alloc/reserved=280.5/1892.0
2026-04-11 17:38:04 | INFO | [Round 2] Epoch 62/80 time=00:00.52 avg=00:00.51 ETA=00:09.18 | GPU MB alloc/reserved=280.5/1892.0
2026-04-11 17:38:05 | INFO | [Round 2] epoch=63/80 loss=0.0382 acc=99.86 val_acc=nan data_t=0.0068s batch_t=0.0788s epoch_t=00:00.51 lr=0.000116 | GPU MB alloc/reserved=280.5/1892.0
2026-04-11 17:38:05 | INFO | [Round 2] Epoch 63/80 time=00:00.51 avg=00:00.51 ETA=00:08.68 | GPU MB alloc/reserved=280.5/1892.0
2026-04-11 17:38:05 | INFO | [Round 2] epoch=64/80 loss=0.0390 acc=99.86 val_acc=nan data_t=0.0076s batch_t=0.0796s epoch_t=00:00.52 lr=0.000105 | GPU MB alloc/reserved=280.5/1892.0
2026-04-11 17:38:05 | INFO | [Round 2] Epoch 64/80 time=00:00.52 avg=00:00.51 ETA=00:08.17 | GPU MB alloc/reserved=280.5/1892.0
2026-04-11 17:38:06 | INFO | [Round 2] epoch=65/80 loss=0.0297 acc=99.86 val_acc=nan data_t=0.0086s batch_t=0.0829s epoch_t=00:00.55 lr=0.000093 | GPU MB alloc/reserved=280.5/1892.0
2026-04-11 17:38:06 | INFO | [Round 2] Epoch 65/80 time=00:00.55 avg=00:00.51 ETA=00:07.67 | GPU MB alloc/reserved=280.5/1892.0
2026-04-11 17:38:06 | INFO | [Round 2] epoch=66/80 loss=0.0354 acc=99.86 val_acc=nan data_t=0.0053s batch_t=0.0821s epoch_t=00:00.52 lr=0.000083 | GPU MB alloc/reserved=280.5/1892.0
2026-04-11 17:38:06 | INFO | [Round 2] Epoch 66/80 time=00:00.52 avg=00:00.51 ETA=00:07.16 | GPU MB alloc/reserved=280.5/1892.0
2026-04-11 17:38:07 | INFO | [Round 2] epoch=67/80 loss=0.0347 acc=99.86 val_acc=nan data_t=0.0077s batch_t=0.0727s epoch_t=00:00.48 lr=0.000073 | GPU MB alloc/reserved=280.5/1892.0
2026-04-11 17:38:07 | INFO | [Round 2] Epoch 67/80 time=00:00.48 avg=00:00.51 ETA=00:06.64 | GPU MB alloc/reserved=280.5/1892.0
2026-04-11 17:38:07 | INFO | [Round 2] epoch=68/80 loss=0.0314 acc=100.00 val_acc=nan data_t=0.0083s batch_t=0.0777s epoch_t=00:00.52 lr=0.000064 | GPU MB alloc/reserved=280.5/1892.0
2026-04-11 17:38:07 | INFO | [Round 2] Epoch 68/80 time=00:00.52 avg=00:00.51 ETA=00:06.13 | GPU MB alloc/reserved=280.5/1892.0
2026-04-11 17:38:08 | INFO | [Round 2] epoch=69/80 loss=0.0301 acc=100.00 val_acc=nan data_t=0.0085s batch_t=0.0790s epoch_t=00:00.53 lr=0.000055 | GPU MB alloc/reserved=280.5/1892.0
2026-04-11 17:38:08 | INFO | [Round 2] Epoch 69/80 time=00:00.53 avg=00:00.51 ETA=00:05.62 | GPU MB alloc/reserved=280.5/1892.0
2026-04-11 17:38:08 | INFO | [Round 2] epoch=70/80 loss=0.0265 acc=100.00 val_acc=nan data_t=0.0050s batch_t=0.0809s epoch_t=00:00.52 lr=0.000048 | GPU MB alloc/reserved=280.5/1892.0
2026-04-11 17:38:08 | INFO | [Round 2] Epoch 70/80 time=00:00.52 avg=00:00.51 ETA=00:05.11 | GPU MB alloc/reserved=280.5/1892.0
2026-04-11 17:38:09 | INFO | [Round 2] epoch=71/80 loss=0.0328 acc=99.86 val_acc=nan data_t=0.0084s batch_t=0.0823s epoch_t=00:00.55 lr=0.000041 | GPU MB alloc/reserved=280.5/1892.0
2026-04-11 17:38:09 | INFO | [Round 2] Epoch 71/80 time=00:00.55 avg=00:00.51 ETA=00:04.61 | GPU MB alloc/reserved=280.5/1892.0
2026-04-11 17:38:09 | INFO | [Round 2] epoch=72/80 loss=0.0273 acc=100.00 val_acc=nan data_t=0.0044s batch_t=0.0813s epoch_t=00:00.51 lr=0.000034 | GPU MB alloc/reserved=280.5/1892.0
2026-04-11 17:38:09 | INFO | [Round 2] Epoch 72/80 time=00:00.51 avg=00:00.51 ETA=00:04.09 | GPU MB alloc/reserved=280.5/1892.0
2026-04-11 17:38:10 | INFO | [Round 2] epoch=73/80 loss=0.0306 acc=99.71 val_acc=nan data_t=0.0052s batch_t=0.0702s epoch_t=00:00.45 lr=0.000029 | GPU MB alloc/reserved=280.5/1892.0
2026-04-11 17:38:10 | INFO | [Round 2] Epoch 73/80 time=00:00.45 avg=00:00.51 ETA=00:03.58 | GPU MB alloc/reserved=280.5/1892.0
2026-04-11 17:38:10 | INFO | [Round 2] epoch=74/80 loss=0.0285 acc=100.00 val_acc=nan data_t=0.0098s batch_t=0.0797s epoch_t=00:00.54 lr=0.000024 | GPU MB alloc/reserved=280.5/1892.0
2026-04-11 17:38:10 | INFO | [Round 2] Epoch 74/80 time=00:00.54 avg=00:00.51 ETA=00:03.07 | GPU MB alloc/reserved=280.5/1892.0
2026-04-11 17:38:11 | INFO | [Round 2] epoch=75/80 loss=0.0348 acc=99.86 val_acc=nan data_t=0.0066s batch_t=0.0799s epoch_t=00:00.52 lr=0.000020 | GPU MB alloc/reserved=280.5/1892.0
2026-04-11 17:38:11 | INFO | [Round 2] Epoch 75/80 time=00:00.52 avg=00:00.51 ETA=00:02.56 | GPU MB alloc/reserved=280.5/1892.0
2026-04-11 17:38:11 | INFO | [Round 2] epoch=76/80 loss=0.0254 acc=100.00 val_acc=nan data_t=0.0064s batch_t=0.0785s epoch_t=00:00.51 lr=0.000016 | GPU MB alloc/reserved=280.5/1892.0
2026-04-11 17:38:11 | INFO | [Round 2] Epoch 76/80 time=00:00.51 avg=00:00.51 ETA=00:02.05 | GPU MB alloc/reserved=280.5/1892.0
2026-04-11 17:38:12 | INFO | [Round 2] epoch=77/80 loss=0.0284 acc=100.00 val_acc=nan data_t=0.0064s batch_t=0.0854s epoch_t=00:00.55 lr=0.000013 | GPU MB alloc/reserved=280.5/1892.0
2026-04-11 17:38:12 | INFO | [Round 2] Epoch 77/80 time=00:00.55 avg=00:00.51 ETA=00:01.54 | GPU MB alloc/reserved=280.5/1892.0
2026-04-11 17:38:13 | INFO | [Round 2] epoch=78/80 loss=0.0235 acc=100.00 val_acc=nan data_t=0.0077s batch_t=0.0806s epoch_t=00:00.53 lr=0.000012 | GPU MB alloc/reserved=280.5/1892.0
2026-04-11 17:38:13 | INFO | [Round 2] Epoch 78/80 time=00:00.53 avg=00:00.51 ETA=00:01.02 | GPU MB alloc/reserved=280.5/1892.0
2026-04-11 17:38:13 | INFO | [Round 2] epoch=79/80 loss=0.0295 acc=100.00 val_acc=nan data_t=0.0047s batch_t=0.0785s epoch_t=00:00.50 lr=0.000010 | GPU MB alloc/reserved=280.5/1892.0
2026-04-11 17:38:13 | INFO | [Round 2] Epoch 79/80 time=00:00.50 avg=00:00.51 ETA=00:00.51 | GPU MB alloc/reserved=280.5/1892.0
2026-04-11 17:38:14 | INFO | [Round 2] epoch=80/80 loss=0.0256 acc=100.00 val_acc=nan data_t=0.0047s batch_t=0.0820s epoch_t=00:00.52 lr=0.000010 | GPU MB alloc/reserved=280.5/1892.0
2026-04-11 17:38:14 | INFO | [Round 2] Epoch 80/80 time=00:00.52 avg=00:00.51 ETA=00:00.00 | GPU MB alloc/reserved=280.5/1892.0
2026-04-11 17:38:14 | INFO | [Round 2] training complete in 00:41.25 (best monitor=100.000) | GPU MB alloc/reserved=280.5/1892.0
2026-04-11 17:38:14 | INFO | [Round 2] evaluation started | GPU MB alloc/reserved=193.8/1892.0
2026-04-11 17:38:23 | INFO | [Round 2] clean=11.44 fgsm=8.69 pgd=8.58 grad_disp_mean=nan grad_disp_sel=nan round_t=52.72s | GPU MB alloc/reserved=193.8/1892.0
2026-04-11 17:38:23 | INFO | [Round 3/21] elapsed=00:52.72 avg_round=00:45.83 projected_remaining=13:44.92 | GPU MB alloc/reserved=193.8/1892.0
2026-04-11 17:38:24 | INFO | [Round 3] acquisition on pool_size=49300 scored_pool=5000 budget=100 | GPU MB alloc/reserved=105.9/1892.0
2026-04-11 17:38:24 | INFO | [CoreSet-unlabeled-feat] scoring progress 10/20 elapsed=00:00.23 avg/batch=0.023s ETA=00:00.23 | GPU MB alloc/reserved=114.0/1892.0
2026-04-11 17:38:24 | INFO | [CoreSet-unlabeled-feat] scoring progress 20/20 elapsed=00:00.35 avg/batch=0.018s ETA=00:00.00 | GPU MB alloc/reserved=117.7/1892.0
2026-04-11 17:38:24 | INFO | [CoreSet-labeled-feat] scoring progress 3/3 elapsed=00:00.20 avg/batch=0.068s ETA=00:00.00 | GPU MB alloc/reserved=119.3/1892.0
2026-04-11 17:38:24 | INFO | [CoreSet] greedy 10/100 cover_radius=28.418396 | GPU: n/a
2026-04-11 17:38:24 | INFO | [CoreSet] greedy 20/100 cover_radius=27.794590 | GPU: n/a
2026-04-11 17:38:24 | INFO | [CoreSet] greedy 30/100 cover_radius=27.537184 | GPU: n/a
2026-04-11 17:38:25 | INFO | [CoreSet] greedy 40/100 cover_radius=27.421732 | GPU: n/a
2026-04-11 17:38:25 | INFO | [CoreSet] greedy 50/100 cover_radius=27.228235 | GPU: n/a
2026-04-11 17:38:25 | INFO | [CoreSet] greedy 60/100 cover_radius=27.037624 | GPU: n/a
2026-04-11 17:38:25 | INFO | [CoreSet] greedy 70/100 cover_radius=26.883245 | GPU: n/a
2026-04-11 17:38:25 | INFO | [CoreSet] greedy 80/100 cover_radius=26.788973 | GPU: n/a
2026-04-11 17:38:25 | INFO | [CoreSet] greedy 90/100 cover_radius=26.677607 | GPU: n/a
2026-04-11 17:38:25 | INFO | [CoreSet] greedy 100/100 cover_radius=26.559996 | GPU: n/a
2026-04-11 17:38:25 | INFO | [Round 3] labeled=800 train=800 val_fixed=0 | GPU MB alloc/reserved=150.1/1892.0
2026-04-11 17:38:26 | INFO | [Round 3] epoch=1/80 loss=4.8332 acc=1.38 val_acc=nan data_t=0.0251s batch_t=0.0912s epoch_t=00:00.81 lr=0.001000 | GPU MB alloc/reserved=280.2/1896.0
2026-04-11 17:38:26 | INFO | [Round 3] Epoch 1/80 time=00:00.81 avg=00:00.81 ETA=01:04.34 | GPU MB alloc/reserved=280.2/1896.0
2026-04-11 17:38:27 | INFO | [Round 3] epoch=2/80 loss=4.4553 acc=4.38 val_acc=nan data_t=0.0056s batch_t=0.0783s epoch_t=00:00.59 lr=0.000998 | GPU MB alloc/reserved=280.2/1896.0
2026-04-11 17:38:27 | INFO | [Round 3] Epoch 2/80 time=00:00.59 avg=00:00.70 ETA=00:54.69 | GPU MB alloc/reserved=280.2/1896.0
2026-04-11 17:38:28 | INFO | [Round 3] epoch=3/80 loss=4.1384 acc=6.88 val_acc=nan data_t=0.0062s batch_t=0.0813s epoch_t=00:00.61 lr=0.000997 | GPU MB alloc/reserved=280.2/1896.0
2026-04-11 17:38:28 | INFO | [Round 3] Epoch 3/80 time=00:00.61 avg=00:00.67 ETA=00:51.72 | GPU MB alloc/reserved=280.2/1896.0
2026-04-11 17:38:28 | INFO | [Round 3] epoch=4/80 loss=3.9679 acc=9.38 val_acc=nan data_t=0.0061s batch_t=0.0797s epoch_t=00:00.60 lr=0.000994 | GPU MB alloc/reserved=280.2/1896.0
2026-04-11 17:38:28 | INFO | [Round 3] Epoch 4/80 time=00:00.60 avg=00:00.65 ETA=00:49.70 | GPU MB alloc/reserved=280.2/1896.0
2026-04-11 17:38:29 | INFO | [Round 3] epoch=5/80 loss=3.8712 acc=9.50 val_acc=nan data_t=0.0038s batch_t=0.0839s epoch_t=00:00.61 lr=0.000990 | GPU MB alloc/reserved=280.2/1896.0
2026-04-11 17:38:29 | INFO | [Round 3] Epoch 5/80 time=00:00.61 avg=00:00.65 ETA=00:48.45 | GPU MB alloc/reserved=280.2/1896.0
2026-04-11 17:38:29 | INFO | [Round 3] epoch=6/80 loss=3.7721 acc=10.50 val_acc=nan data_t=0.0047s batch_t=0.0779s epoch_t=00:00.58 lr=0.000986 | GPU MB alloc/reserved=280.2/1896.0
2026-04-11 17:38:29 | INFO | [Round 3] Epoch 6/80 time=00:00.58 avg=00:00.63 ETA=00:46.97 | GPU MB alloc/reserved=280.2/1896.0
2026-04-11 17:38:30 | INFO | [Round 3] epoch=7/80 loss=3.5975 acc=12.50 val_acc=nan data_t=0.0074s batch_t=0.0698s epoch_t=00:00.54 lr=0.000981 | GPU MB alloc/reserved=280.2/1896.0
2026-04-11 17:38:30 | INFO | [Round 3] Epoch 7/80 time=00:00.54 avg=00:00.62 ETA=00:45.35 | GPU MB alloc/reserved=280.2/1896.0
2026-04-11 17:38:30 | INFO | [Round 3] epoch=8/80 loss=3.4927 acc=12.88 val_acc=nan data_t=0.0072s batch_t=0.0711s epoch_t=00:00.55 lr=0.000976 | GPU MB alloc/reserved=280.2/1896.0
2026-04-11 17:38:30 | INFO | [Round 3] Epoch 8/80 time=00:00.55 avg=00:00.61 ETA=00:44.08 | GPU MB alloc/reserved=280.2/1896.0
2026-04-11 17:38:31 | INFO | [Round 3] epoch=9/80 loss=3.3514 acc=14.62 val_acc=nan data_t=0.0056s batch_t=0.0919s epoch_t=00:00.68 lr=0.000969 | GPU MB alloc/reserved=280.2/1896.0
2026-04-11 17:38:31 | INFO | [Round 3] Epoch 9/80 time=00:00.68 avg=00:00.62 ETA=00:44.03 | GPU MB alloc/reserved=280.2/1896.0
2026-04-11 17:38:32 | INFO | [Round 3] epoch=10/80 loss=3.2660 acc=18.50 val_acc=nan data_t=0.0066s batch_t=0.0921s epoch_t=00:00.69 lr=0.000962 | GPU MB alloc/reserved=280.2/1896.0
2026-04-11 17:38:32 | INFO | [Round 3] Epoch 10/80 time=00:00.69 avg=00:00.63 ETA=00:43.90 | GPU MB alloc/reserved=280.2/1896.0
2026-04-11 17:38:32 | INFO | [Round 3] epoch=11/80 loss=3.1141 acc=20.00 val_acc=nan data_t=0.0056s batch_t=0.0928s epoch_t=00:00.69 lr=0.000955 | GPU MB alloc/reserved=280.2/1896.0
2026-04-11 17:38:32 | INFO | [Round 3] Epoch 11/80 time=00:00.69 avg=00:00.63 ETA=00:43.66 | GPU MB alloc/reserved=280.2/1896.0
2026-04-11 17:38:33 | INFO | [Round 3] epoch=12/80 loss=3.0333 acc=19.88 val_acc=nan data_t=0.0082s batch_t=0.0892s epoch_t=00:00.68 lr=0.000946 | GPU MB alloc/reserved=280.2/1896.0
2026-04-11 17:38:33 | INFO | [Round 3] Epoch 12/80 time=00:00.68 avg=00:00.64 ETA=00:43.31 | GPU MB alloc/reserved=280.2/1896.0
2026-04-11 17:38:34 | INFO | [Round 3] epoch=13/80 loss=2.9116 acc=23.12 val_acc=nan data_t=0.0052s batch_t=0.0958s epoch_t=00:00.71 lr=0.000937 | GPU MB alloc/reserved=280.2/1896.0
2026-04-11 17:38:34 | INFO | [Round 3] Epoch 13/80 time=00:00.71 avg=00:00.64 ETA=00:43.04 | GPU MB alloc/reserved=280.2/1896.0
2026-04-11 17:38:35 | INFO | [Round 3] epoch=14/80 loss=2.8012 acc=25.75 val_acc=nan data_t=0.0062s batch_t=0.0917s epoch_t=00:00.69 lr=0.000927 | GPU MB alloc/reserved=280.2/1896.0
2026-04-11 17:38:35 | INFO | [Round 3] Epoch 14/80 time=00:00.69 avg=00:00.65 ETA=00:42.60 | GPU MB alloc/reserved=280.2/1896.0
2026-04-11 17:38:35 | INFO | [Round 3] epoch=15/80 loss=2.6292 acc=28.00 val_acc=nan data_t=0.0068s batch_t=0.0952s epoch_t=00:00.71 lr=0.000917 | GPU MB alloc/reserved=280.2/1896.0
2026-04-11 17:38:35 | INFO | [Round 3] Epoch 15/80 time=00:00.71 avg=00:00.65 ETA=00:42.25 | GPU MB alloc/reserved=280.2/1896.0
2026-04-11 17:38:36 | INFO | [Round 3] epoch=16/80 loss=2.5289 acc=32.25 val_acc=nan data_t=0.0059s batch_t=0.0933s epoch_t=00:00.69 lr=0.000905 | GPU MB alloc/reserved=280.2/1896.0
2026-04-11 17:38:36 | INFO | [Round 3] Epoch 16/80 time=00:00.69 avg=00:00.65 ETA=00:41.78 | GPU MB alloc/reserved=280.2/1896.0
2026-04-11 17:38:37 | INFO | [Round 3] epoch=17/80 loss=2.3678 acc=36.38 val_acc=nan data_t=0.0041s batch_t=0.0926s epoch_t=00:00.68 lr=0.000894 | GPU MB alloc/reserved=280.2/1896.0
2026-04-11 17:38:37 | INFO | [Round 3] Epoch 17/80 time=00:00.68 avg=00:00.65 ETA=00:41.21 | GPU MB alloc/reserved=280.2/1896.0
2026-04-11 17:38:37 | INFO | [Round 3] epoch=18/80 loss=2.2091 acc=40.12 val_acc=nan data_t=0.0034s batch_t=0.0944s epoch_t=00:00.68 lr=0.000881 | GPU MB alloc/reserved=280.2/1896.0
2026-04-11 17:38:37 | INFO | [Round 3] Epoch 18/80 time=00:00.68 avg=00:00.66 ETA=00:40.66 | GPU MB alloc/reserved=280.2/1896.0
2026-04-11 17:38:38 | INFO | [Round 3] epoch=19/80 loss=2.0983 acc=41.75 val_acc=nan data_t=0.0053s batch_t=0.0941s epoch_t=00:00.70 lr=0.000868 | GPU MB alloc/reserved=280.2/1896.0
2026-04-11 17:38:38 | INFO | [Round 3] Epoch 19/80 time=00:00.70 avg=00:00.66 ETA=00:40.14 | GPU MB alloc/reserved=280.2/1896.0
2026-04-11 17:38:38 | INFO | [Round 3] epoch=20/80 loss=2.0433 acc=43.00 val_acc=nan data_t=0.0044s batch_t=0.0436s epoch_t=00:00.34 lr=0.000855 | GPU MB alloc/reserved=280.2/1896.0
2026-04-11 17:38:38 | INFO | [Round 3] Epoch 20/80 time=00:00.34 avg=00:00.64 ETA=00:38.51 | GPU MB alloc/reserved=280.2/1896.0
2026-04-11 17:38:39 | INFO | [Round 3] epoch=21/80 loss=1.8735 acc=48.62 val_acc=nan data_t=0.0068s batch_t=0.0469s epoch_t=00:00.38 lr=0.000841 | GPU MB alloc/reserved=280.2/1896.0
2026-04-11 17:38:39 | INFO | [Round 3] Epoch 21/80 time=00:00.38 avg=00:00.63 ETA=00:37.12 | GPU MB alloc/reserved=280.2/1896.0
2026-04-11 17:38:39 | INFO | [Round 3] epoch=22/80 loss=1.7953 acc=49.12 val_acc=nan data_t=0.0089s batch_t=0.0659s epoch_t=00:00.52 lr=0.000826 | GPU MB alloc/reserved=280.2/1896.0
2026-04-11 17:38:39 | INFO | [Round 3] Epoch 22/80 time=00:00.52 avg=00:00.62 ETA=00:36.22 | GPU MB alloc/reserved=280.2/1896.0
2026-04-11 17:38:40 | INFO | [Round 3] epoch=23/80 loss=1.6468 acc=54.25 val_acc=nan data_t=0.0037s batch_t=0.0910s epoch_t=00:00.66 lr=0.000811 | GPU MB alloc/reserved=280.2/1896.0
2026-04-11 17:38:40 | INFO | [Round 3] Epoch 23/80 time=00:00.66 avg=00:00.63 ETA=00:35.69 | GPU MB alloc/reserved=280.2/1896.0
2026-04-11 17:38:40 | INFO | [Round 3] epoch=24/80 loss=1.6026 acc=54.75 val_acc=nan data_t=0.0036s batch_t=0.0669s epoch_t=00:00.49 lr=0.000796 | GPU MB alloc/reserved=280.2/1896.0
2026-04-11 17:38:40 | INFO | [Round 3] Epoch 24/80 time=00:00.49 avg=00:00.62 ETA=00:34.75 | GPU MB alloc/reserved=280.2/1896.0
2026-04-11 17:38:41 | INFO | [Round 3] epoch=25/80 loss=1.4551 acc=59.12 val_acc=nan data_t=0.0087s batch_t=0.0684s epoch_t=00:00.54 lr=0.000780 | GPU MB alloc/reserved=280.2/1896.0
2026-04-11 17:38:41 | INFO | [Round 3] Epoch 25/80 time=00:00.54 avg=00:00.62 ETA=00:33.96 | GPU MB alloc/reserved=280.2/1896.0
2026-04-11 17:38:42 | INFO | [Round 3] epoch=26/80 loss=1.4264 acc=59.75 val_acc=nan data_t=0.0059s batch_t=0.0860s epoch_t=00:00.64 lr=0.000764 | GPU MB alloc/reserved=280.2/1896.0
2026-04-11 17:38:42 | INFO | [Round 3] Epoch 26/80 time=00:00.64 avg=00:00.62 ETA=00:33.39 | GPU MB alloc/reserved=280.2/1896.0
2026-04-11 17:38:42 | INFO | [Round 3] epoch=27/80 loss=1.2456 acc=66.75 val_acc=nan data_t=0.0041s batch_t=0.0858s epoch_t=00:00.63 lr=0.000747 | GPU MB alloc/reserved=280.2/1896.0
2026-04-11 17:38:42 | INFO | [Round 3] Epoch 27/80 time=00:00.63 avg=00:00.62 ETA=00:32.80 | GPU MB alloc/reserved=280.2/1896.0
2026-04-11 17:38:43 | INFO | [Round 3] epoch=28/80 loss=1.1970 acc=67.50 val_acc=nan data_t=0.0037s batch_t=0.0908s epoch_t=00:00.66 lr=0.000730 | GPU MB alloc/reserved=280.2/1896.0
2026-04-11 17:38:43 | INFO | [Round 3] Epoch 28/80 time=00:00.66 avg=00:00.62 ETA=00:32.26 | GPU MB alloc/reserved=280.2/1896.0
2026-04-11 17:38:44 | INFO | [Round 3] epoch=29/80 loss=1.0669 acc=72.38 val_acc=nan data_t=0.0042s batch_t=0.0938s epoch_t=00:00.69 lr=0.000712 | GPU MB alloc/reserved=280.2/1896.0
2026-04-11 17:38:44 | INFO | [Round 3] Epoch 29/80 time=00:00.69 avg=00:00.62 ETA=00:31.75 | GPU MB alloc/reserved=280.2/1896.0
2026-04-11 17:38:44 | INFO | [Round 3] epoch=30/80 loss=0.9852 acc=74.50 val_acc=nan data_t=0.0042s batch_t=0.0972s epoch_t=00:00.71 lr=0.000694 | GPU MB alloc/reserved=280.2/1896.0
2026-04-11 17:38:44 | INFO | [Round 3] Epoch 30/80 time=00:00.71 avg=00:00.63 ETA=00:31.27 | GPU MB alloc/reserved=280.2/1896.0
2026-04-11 17:38:45 | INFO | [Round 3] epoch=31/80 loss=0.9324 acc=77.00 val_acc=nan data_t=0.0057s batch_t=0.0943s epoch_t=00:00.70 lr=0.000676 | GPU MB alloc/reserved=280.2/1896.0
2026-04-11 17:38:45 | INFO | [Round 3] Epoch 31/80 time=00:00.70 avg=00:00.63 ETA=00:30.77 | GPU MB alloc/reserved=280.2/1896.0
2026-04-11 17:38:46 | INFO | [Round 3] epoch=32/80 loss=0.8663 acc=78.62 val_acc=nan data_t=0.0044s batch_t=0.0915s epoch_t=00:00.67 lr=0.000658 | GPU MB alloc/reserved=280.2/1896.0
2026-04-11 17:38:46 | INFO | [Round 3] Epoch 32/80 time=00:00.67 avg=00:00.63 ETA=00:30.21 | GPU MB alloc/reserved=280.2/1896.0
2026-04-11 17:38:46 | INFO | [Round 3] epoch=33/80 loss=0.7837 acc=81.38 val_acc=nan data_t=0.0041s batch_t=0.0568s epoch_t=00:00.43 lr=0.000639 | GPU MB alloc/reserved=280.2/1896.0
2026-04-11 17:38:46 | INFO | [Round 3] Epoch 33/80 time=00:00.43 avg=00:00.62 ETA=00:29.29 | GPU MB alloc/reserved=280.2/1896.0
2026-04-11 17:38:47 | INFO | [Round 3] epoch=34/80 loss=0.6517 acc=85.62 val_acc=nan data_t=0.0054s batch_t=0.0515s epoch_t=00:00.40 lr=0.000621 | GPU MB alloc/reserved=280.2/1896.0
2026-04-11 17:38:47 | INFO | [Round 3] Epoch 34/80 time=00:00.40 avg=00:00.62 ETA=00:28.36 | GPU MB alloc/reserved=280.2/1896.0
2026-04-11 17:38:47 | INFO | [Round 3] epoch=35/80 loss=0.6523 acc=84.75 val_acc=nan data_t=0.0065s batch_t=0.0516s epoch_t=00:00.41 lr=0.000602 | GPU MB alloc/reserved=280.2/1896.0
2026-04-11 17:38:47 | INFO | [Round 3] Epoch 35/80 time=00:00.41 avg=00:00.61 ETA=00:27.47 | GPU MB alloc/reserved=280.2/1896.0
2026-04-11 17:38:48 | INFO | [Round 3] epoch=36/80 loss=0.5844 acc=88.75 val_acc=nan data_t=0.0038s batch_t=0.0747s epoch_t=00:00.55 lr=0.000582 | GPU MB alloc/reserved=280.2/1896.0
2026-04-11 17:38:48 | INFO | [Round 3] Epoch 36/80 time=00:00.55 avg=00:00.61 ETA=00:26.79 | GPU MB alloc/reserved=280.2/1896.0
2026-04-11 17:38:48 | INFO | [Round 3] epoch=37/80 loss=0.5341 acc=87.88 val_acc=nan data_t=0.0048s batch_t=0.0603s epoch_t=00:00.46 lr=0.000563 | GPU MB alloc/reserved=280.2/1896.0
2026-04-11 17:38:48 | INFO | [Round 3] Epoch 37/80 time=00:00.46 avg=00:00.60 ETA=00:26.00 | GPU MB alloc/reserved=280.2/1896.0
2026-04-11 17:38:49 | INFO | [Round 3] epoch=38/80 loss=0.4823 acc=90.62 val_acc=nan data_t=0.0068s batch_t=0.0611s epoch_t=00:00.48 lr=0.000544 | GPU MB alloc/reserved=280.2/1896.0
2026-04-11 17:38:49 | INFO | [Round 3] Epoch 38/80 time=00:00.48 avg=00:00.60 ETA=00:25.25 | GPU MB alloc/reserved=280.2/1896.0
2026-04-11 17:38:49 | INFO | [Round 3] epoch=39/80 loss=0.4719 acc=89.25 val_acc=nan data_t=0.0060s batch_t=0.0735s epoch_t=00:00.56 lr=0.000524 | GPU MB alloc/reserved=280.2/1896.0
2026-04-11 17:38:49 | INFO | [Round 3] Epoch 39/80 time=00:00.56 avg=00:00.60 ETA=00:24.61 | GPU MB alloc/reserved=280.2/1896.0
2026-04-11 17:38:50 | INFO | [Round 3] epoch=40/80 loss=0.4369 acc=91.00 val_acc=nan data_t=0.0070s batch_t=0.0743s epoch_t=00:00.57 lr=0.000505 | GPU MB alloc/reserved=280.2/1896.0
2026-04-11 17:38:50 | INFO | [Round 3] Epoch 40/80 time=00:00.57 avg=00:00.60 ETA=00:23.98 | GPU MB alloc/reserved=280.2/1896.0
2026-04-11 17:38:50 | INFO | [Round 3] epoch=41/80 loss=0.5160 acc=87.38 val_acc=nan data_t=0.0041s batch_t=0.0827s epoch_t=00:00.61 lr=0.000486 | GPU MB alloc/reserved=280.2/1896.0
2026-04-11 17:38:50 | INFO | [Round 3] Epoch 41/80 time=00:00.61 avg=00:00.60 ETA=00:23.39 | GPU MB alloc/reserved=280.2/1896.0
2026-04-11 17:38:51 | INFO | [Round 3] epoch=42/80 loss=0.4381 acc=89.62 val_acc=nan data_t=0.0041s batch_t=0.0792s epoch_t=00:00.58 lr=0.000466 | GPU MB alloc/reserved=280.2/1896.0
2026-04-11 17:38:51 | INFO | [Round 3] Epoch 42/80 time=00:00.58 avg=00:00.60 ETA=00:22.77 | GPU MB alloc/reserved=280.2/1896.0
2026-04-11 17:38:51 | INFO | [Round 3] epoch=43/80 loss=0.4056 acc=91.88 val_acc=nan data_t=0.0048s batch_t=0.0780s epoch_t=00:00.58 lr=0.000447 | GPU MB alloc/reserved=280.2/1896.0
2026-04-11 17:38:51 | INFO | [Round 3] Epoch 43/80 time=00:00.58 avg=00:00.60 ETA=00:22.15 | GPU MB alloc/reserved=280.2/1896.0
2026-04-11 17:38:52 | INFO | [Round 3] epoch=44/80 loss=0.3337 acc=93.62 val_acc=nan data_t=0.0037s batch_t=0.0726s epoch_t=00:00.53 lr=0.000428 | GPU MB alloc/reserved=280.2/1896.0
2026-04-11 17:38:52 | INFO | [Round 3] Epoch 44/80 time=00:00.53 avg=00:00.60 ETA=00:21.50 | GPU MB alloc/reserved=280.2/1896.0
2026-04-11 17:38:53 | INFO | [Round 3] epoch=45/80 loss=0.3249 acc=94.12 val_acc=nan data_t=0.0074s batch_t=0.0823s epoch_t=00:00.63 lr=0.000408 | GPU MB alloc/reserved=280.2/1896.0
2026-04-11 17:38:53 | INFO | [Round 3] Epoch 45/80 time=00:00.63 avg=00:00.60 ETA=00:20.93 | GPU MB alloc/reserved=280.2/1896.0
2026-04-11 17:38:53 | INFO | [Round 3] epoch=46/80 loss=0.2615 acc=96.50 val_acc=nan data_t=0.0053s batch_t=0.0846s epoch_t=00:00.63 lr=0.000389 | GPU MB alloc/reserved=280.2/1896.0
2026-04-11 17:38:53 | INFO | [Round 3] Epoch 46/80 time=00:00.63 avg=00:00.60 ETA=00:20.36 | GPU MB alloc/reserved=280.2/1896.0
2026-04-11 17:38:54 | INFO | [Round 3] epoch=47/80 loss=0.2455 acc=96.62 val_acc=nan data_t=0.0039s batch_t=0.0870s epoch_t=00:00.64 lr=0.000371 | GPU MB alloc/reserved=280.2/1896.0
2026-04-11 17:38:54 | INFO | [Round 3] Epoch 47/80 time=00:00.64 avg=00:00.60 ETA=00:19.78 | GPU MB alloc/reserved=280.2/1896.0
2026-04-11 17:38:54 | INFO | [Round 3] epoch=48/80 loss=0.2175 acc=97.25 val_acc=nan data_t=0.0056s batch_t=0.0788s epoch_t=00:00.59 lr=0.000352 | GPU MB alloc/reserved=280.2/1896.0
2026-04-11 17:38:54 | INFO | [Round 3] Epoch 48/80 time=00:00.59 avg=00:00.60 ETA=00:19.18 | GPU MB alloc/reserved=280.2/1896.0
2026-04-11 17:38:55 | INFO | [Round 3] epoch=49/80 loss=0.1938 acc=96.88 val_acc=nan data_t=0.0050s batch_t=0.0814s epoch_t=00:00.60 lr=0.000334 | GPU MB alloc/reserved=280.2/1896.0
2026-04-11 17:38:55 | INFO | [Round 3] Epoch 49/80 time=00:00.60 avg=00:00.60 ETA=00:18.58 | GPU MB alloc/reserved=280.2/1896.0
2026-04-11 17:38:56 | INFO | [Round 3] epoch=50/80 loss=0.1831 acc=98.62 val_acc=nan data_t=0.0053s batch_t=0.0836s epoch_t=00:00.62 lr=0.000316 | GPU MB alloc/reserved=280.2/1896.0
2026-04-11 17:38:56 | INFO | [Round 3] Epoch 50/80 time=00:00.62 avg=00:00.60 ETA=00:18.00 | GPU MB alloc/reserved=280.2/1896.0
2026-04-11 17:38:56 | INFO | [Round 3] epoch=51/80 loss=0.1647 acc=98.00 val_acc=nan data_t=0.0076s batch_t=0.0827s epoch_t=00:00.63 lr=0.000298 | GPU MB alloc/reserved=280.2/1896.0
2026-04-11 17:38:56 | INFO | [Round 3] Epoch 51/80 time=00:00.63 avg=00:00.60 ETA=00:17.42 | GPU MB alloc/reserved=280.2/1896.0
2026-04-11 17:38:57 | INFO | [Round 3] epoch=52/80 loss=0.1401 acc=98.75 val_acc=nan data_t=0.0045s batch_t=0.0819s epoch_t=00:00.60 lr=0.000280 | GPU MB alloc/reserved=280.2/1896.0
2026-04-11 17:38:57 | INFO | [Round 3] Epoch 52/80 time=00:00.60 avg=00:00.60 ETA=00:16.82 | GPU MB alloc/reserved=280.2/1896.0
2026-04-11 17:38:58 | INFO | [Round 3] epoch=53/80 loss=0.1379 acc=98.75 val_acc=nan data_t=0.0045s batch_t=0.0813s epoch_t=00:00.60 lr=0.000263 | GPU MB alloc/reserved=280.2/1896.0
2026-04-11 17:38:58 | INFO | [Round 3] Epoch 53/80 time=00:00.60 avg=00:00.60 ETA=00:16.22 | GPU MB alloc/reserved=280.2/1896.0
2026-04-11 17:38:58 | INFO | [Round 3] epoch=54/80 loss=0.1244 acc=99.12 val_acc=nan data_t=0.0043s batch_t=0.0808s epoch_t=00:00.60 lr=0.000246 | GPU MB alloc/reserved=280.2/1896.0
2026-04-11 17:38:58 | INFO | [Round 3] Epoch 54/80 time=00:00.60 avg=00:00.60 ETA=00:15.61 | GPU MB alloc/reserved=280.2/1896.0
2026-04-11 17:38:59 | INFO | [Round 3] epoch=55/80 loss=0.1381 acc=98.25 val_acc=nan data_t=0.0036s batch_t=0.0804s epoch_t=00:00.59 lr=0.000230 | GPU MB alloc/reserved=280.2/1896.0
2026-04-11 17:38:59 | INFO | [Round 3] Epoch 55/80 time=00:00.59 avg=00:00.60 ETA=00:15.01 | GPU MB alloc/reserved=280.2/1896.0
2026-04-11 17:38:59 | INFO | [Round 3] epoch=56/80 loss=0.1323 acc=98.62 val_acc=nan data_t=0.0051s batch_t=0.0854s epoch_t=00:00.63 lr=0.000214 | GPU MB alloc/reserved=280.2/1896.0
2026-04-11 17:38:59 | INFO | [Round 3] Epoch 56/80 time=00:00.63 avg=00:00.60 ETA=00:14.42 | GPU MB alloc/reserved=280.2/1896.0
2026-04-11 17:39:00 | INFO | [Round 3] epoch=57/80 loss=0.1071 acc=98.75 val_acc=nan data_t=0.0055s batch_t=0.0857s epoch_t=00:00.64 lr=0.000199 | GPU MB alloc/reserved=280.2/1896.0
2026-04-11 17:39:00 | INFO | [Round 3] Epoch 57/80 time=00:00.64 avg=00:00.60 ETA=00:13.84 | GPU MB alloc/reserved=280.2/1896.0
2026-04-11 17:39:01 | INFO | [Round 3] epoch=58/80 loss=0.1048 acc=99.38 val_acc=nan data_t=0.0065s batch_t=0.0821s epoch_t=00:00.62 lr=0.000184 | GPU MB alloc/reserved=280.2/1896.0
2026-04-11 17:39:01 | INFO | [Round 3] Epoch 58/80 time=00:00.62 avg=00:00.60 ETA=00:13.24 | GPU MB alloc/reserved=280.2/1896.0
2026-04-11 17:39:01 | INFO | [Round 3] epoch=59/80 loss=0.1092 acc=98.88 val_acc=nan data_t=0.0038s batch_t=0.0847s epoch_t=00:00.62 lr=0.000169 | GPU MB alloc/reserved=280.2/1896.0
2026-04-11 17:39:01 | INFO | [Round 3] Epoch 59/80 time=00:00.62 avg=00:00.60 ETA=00:12.65 | GPU MB alloc/reserved=280.2/1896.0
2026-04-11 17:39:02 | INFO | [Round 3] epoch=60/80 loss=0.0986 acc=99.25 val_acc=nan data_t=0.0055s batch_t=0.0806s epoch_t=00:00.60 lr=0.000155 | GPU MB alloc/reserved=280.2/1896.0
2026-04-11 17:39:02 | INFO | [Round 3] Epoch 60/80 time=00:00.60 avg=00:00.60 ETA=00:12.04 | GPU MB alloc/reserved=280.2/1896.0
2026-04-11 17:39:02 | INFO | [Round 3] epoch=61/80 loss=0.1000 acc=99.25 val_acc=nan data_t=0.0062s batch_t=0.0817s epoch_t=00:00.62 lr=0.000142 | GPU MB alloc/reserved=280.2/1896.0
2026-04-11 17:39:02 | INFO | [Round 3] Epoch 61/80 time=00:00.62 avg=00:00.60 ETA=00:11.45 | GPU MB alloc/reserved=280.2/1896.0
2026-04-11 17:39:03 | INFO | [Round 3] epoch=62/80 loss=0.0759 acc=99.75 val_acc=nan data_t=0.0080s batch_t=0.0827s epoch_t=00:00.63 lr=0.000129 | GPU MB alloc/reserved=280.2/1896.0
2026-04-11 17:39:03 | INFO | [Round 3] Epoch 62/80 time=00:00.63 avg=00:00.60 ETA=00:10.85 | GPU MB alloc/reserved=280.2/1896.0
2026-04-11 17:39:04 | INFO | [Round 3] epoch=63/80 loss=0.0724 acc=99.88 val_acc=nan data_t=0.0047s batch_t=0.0836s epoch_t=00:00.62 lr=0.000116 | GPU MB alloc/reserved=280.2/1896.0
2026-04-11 17:39:04 | INFO | [Round 3] Epoch 63/80 time=00:00.62 avg=00:00.60 ETA=00:10.25 | GPU MB alloc/reserved=280.2/1896.0
2026-04-11 17:39:04 | INFO | [Round 3] epoch=64/80 loss=0.0688 acc=99.75 val_acc=nan data_t=0.0061s batch_t=0.0796s epoch_t=00:00.60 lr=0.000105 | GPU MB alloc/reserved=280.2/1896.0
2026-04-11 17:39:04 | INFO | [Round 3] Epoch 64/80 time=00:00.60 avg=00:00.60 ETA=00:09.65 | GPU MB alloc/reserved=280.2/1896.0
2026-04-11 17:39:05 | INFO | [Round 3] epoch=65/80 loss=0.0776 acc=99.25 val_acc=nan data_t=0.0072s batch_t=0.0814s epoch_t=00:00.62 lr=0.000093 | GPU MB alloc/reserved=280.2/1896.0
2026-04-11 17:39:05 | INFO | [Round 3] Epoch 65/80 time=00:00.62 avg=00:00.60 ETA=00:09.05 | GPU MB alloc/reserved=280.2/1896.0
2026-04-11 17:39:06 | INFO | [Round 3] epoch=66/80 loss=0.0785 acc=98.88 val_acc=nan data_t=0.0063s batch_t=0.0828s epoch_t=00:00.62 lr=0.000083 | GPU MB alloc/reserved=280.2/1896.0
2026-04-11 17:39:06 | INFO | [Round 3] Epoch 66/80 time=00:00.62 avg=00:00.60 ETA=00:08.45 | GPU MB alloc/reserved=280.2/1896.0
2026-04-11 17:39:06 | INFO | [Round 3] epoch=67/80 loss=0.0671 acc=99.75 val_acc=nan data_t=0.0061s batch_t=0.0815s epoch_t=00:00.61 lr=0.000073 | GPU MB alloc/reserved=280.2/1896.0
2026-04-11 17:39:06 | INFO | [Round 3] Epoch 67/80 time=00:00.61 avg=00:00.60 ETA=00:07.85 | GPU MB alloc/reserved=280.2/1896.0
2026-04-11 17:39:07 | INFO | [Round 3] epoch=68/80 loss=0.0715 acc=99.88 val_acc=nan data_t=0.0039s batch_t=0.0833s epoch_t=00:00.61 lr=0.000064 | GPU MB alloc/reserved=280.2/1896.0
2026-04-11 17:39:07 | INFO | [Round 3] Epoch 68/80 time=00:00.61 avg=00:00.60 ETA=00:07.25 | GPU MB alloc/reserved=280.2/1896.0
2026-04-11 17:39:07 | INFO | [Round 3] epoch=69/80 loss=0.0657 acc=99.75 val_acc=nan data_t=0.0054s batch_t=0.0812s epoch_t=00:00.61 lr=0.000055 | GPU MB alloc/reserved=280.2/1896.0
2026-04-11 17:39:07 | INFO | [Round 3] Epoch 69/80 time=00:00.61 avg=00:00.60 ETA=00:06.64 | GPU MB alloc/reserved=280.2/1896.0
2026-04-11 17:39:08 | INFO | [Round 3] epoch=70/80 loss=0.0649 acc=99.62 val_acc=nan data_t=0.0056s batch_t=0.0793s epoch_t=00:00.59 lr=0.000048 | GPU MB alloc/reserved=280.2/1896.0
2026-04-11 17:39:08 | INFO | [Round 3] Epoch 70/80 time=00:00.59 avg=00:00.60 ETA=00:06.04 | GPU MB alloc/reserved=280.2/1896.0
2026-04-11 17:39:09 | INFO | [Round 3] epoch=71/80 loss=0.0699 acc=99.62 val_acc=nan data_t=0.0036s batch_t=0.0827s epoch_t=00:00.60 lr=0.000041 | GPU MB alloc/reserved=280.2/1896.0
2026-04-11 17:39:09 | INFO | [Round 3] Epoch 71/80 time=00:00.60 avg=00:00.60 ETA=00:05.43 | GPU MB alloc/reserved=280.2/1896.0
2026-04-11 17:39:09 | INFO | [Round 3] epoch=72/80 loss=0.0600 acc=100.00 val_acc=nan data_t=0.0086s batch_t=0.0808s epoch_t=00:00.63 lr=0.000034 | GPU MB alloc/reserved=280.2/1896.0
2026-04-11 17:39:09 | INFO | [Round 3] Epoch 72/80 time=00:00.63 avg=00:00.60 ETA=00:04.83 | GPU MB alloc/reserved=280.2/1896.0
2026-04-11 17:39:10 | INFO | [Round 3] epoch=73/80 loss=0.0540 acc=100.00 val_acc=nan data_t=0.0072s batch_t=0.0787s epoch_t=00:00.60 lr=0.000029 | GPU MB alloc/reserved=280.2/1896.0
2026-04-11 17:39:10 | INFO | [Round 3] Epoch 73/80 time=00:00.60 avg=00:00.60 ETA=00:04.23 | GPU MB alloc/reserved=280.2/1896.0
2026-04-11 17:39:10 | INFO | [Round 3] epoch=74/80 loss=0.0556 acc=100.00 val_acc=nan data_t=0.0104s batch_t=0.0820s epoch_t=00:00.65 lr=0.000024 | GPU MB alloc/reserved=280.2/1896.0
2026-04-11 17:39:10 | INFO | [Round 3] Epoch 74/80 time=00:00.65 avg=00:00.60 ETA=00:03.63 | GPU MB alloc/reserved=280.2/1896.0
2026-04-11 17:39:11 | INFO | [Round 3] epoch=75/80 loss=0.0531 acc=100.00 val_acc=nan data_t=0.0043s batch_t=0.0833s epoch_t=00:00.61 lr=0.000020 | GPU MB alloc/reserved=280.2/1896.0
2026-04-11 17:39:11 | INFO | [Round 3] Epoch 75/80 time=00:00.61 avg=00:00.60 ETA=00:03.02 | GPU MB alloc/reserved=280.2/1896.0
2026-04-11 17:39:12 | INFO | [Round 3] epoch=76/80 loss=0.0533 acc=99.88 val_acc=nan data_t=0.0065s batch_t=0.0814s epoch_t=00:00.62 lr=0.000016 | GPU MB alloc/reserved=280.2/1896.0
2026-04-11 17:39:12 | INFO | [Round 3] Epoch 76/80 time=00:00.62 avg=00:00.60 ETA=00:02.42 | GPU MB alloc/reserved=280.2/1896.0
2026-04-11 17:39:12 | INFO | [Round 3] epoch=77/80 loss=0.0525 acc=100.00 val_acc=nan data_t=0.0084s batch_t=0.0837s epoch_t=00:00.65 lr=0.000013 | GPU MB alloc/reserved=280.2/1896.0
2026-04-11 17:39:12 | INFO | [Round 3] Epoch 77/80 time=00:00.65 avg=00:00.61 ETA=00:01.82 | GPU MB alloc/reserved=280.2/1896.0
2026-04-11 17:39:13 | INFO | [Round 3] epoch=78/80 loss=0.0532 acc=99.88 val_acc=nan data_t=0.0085s batch_t=0.0846s epoch_t=00:00.65 lr=0.000012 | GPU MB alloc/reserved=280.2/1896.0
2026-04-11 17:39:13 | INFO | [Round 3] Epoch 78/80 time=00:00.65 avg=00:00.61 ETA=00:01.21 | GPU MB alloc/reserved=280.2/1896.0
2026-04-11 17:39:14 | INFO | [Round 3] epoch=79/80 loss=0.0653 acc=99.88 val_acc=nan data_t=0.0084s batch_t=0.0846s epoch_t=00:00.65 lr=0.000010 | GPU MB alloc/reserved=280.2/1896.0
2026-04-11 17:39:14 | INFO | [Round 3] Epoch 79/80 time=00:00.65 avg=00:00.61 ETA=00:00.61 | GPU MB alloc/reserved=280.2/1896.0
2026-04-11 17:39:14 | INFO | [Round 3] epoch=80/80 loss=0.0531 acc=99.88 val_acc=nan data_t=0.0087s batch_t=0.0840s epoch_t=00:00.65 lr=0.000010 | GPU MB alloc/reserved=280.2/1896.0
2026-04-11 17:39:14 | INFO | [Round 3] Epoch 80/80 time=00:00.65 avg=00:00.61 ETA=00:00.00 | GPU MB alloc/reserved=280.2/1896.0
2026-04-11 17:39:14 | INFO | [Round 3] training complete in 00:48.91 (best monitor=100.000) | GPU MB alloc/reserved=280.2/1896.0
2026-04-11 17:39:14 | INFO | [Round 3] evaluation started | GPU MB alloc/reserved=193.8/1896.0
2026-04-11 17:39:23 | INFO | [Round 3] clean=12.26 fgsm=9.31 pgd=9.24 grad_disp_mean=nan grad_disp_sel=nan round_t=59.36s | GPU MB alloc/reserved=193.8/1896.0
2026-04-11 17:39:23 | INFO | [Round 4/21] elapsed=00:59.36 avg_round=00:49.21 projected_remaining=13:56.58 | GPU MB alloc/reserved=193.8/1896.0
2026-04-11 17:39:24 | INFO | [Round 4] acquisition on pool_size=49200 scored_pool=5000 budget=100 | GPU MB alloc/reserved=104.2/1896.0
2026-04-11 17:39:24 | INFO | [CoreSet-unlabeled-feat] scoring progress 10/20 elapsed=00:00.25 avg/batch=0.025s ETA=00:00.25 | GPU MB alloc/reserved=112.3/1896.0
2026-04-11 17:39:24 | INFO | [CoreSet-unlabeled-feat] scoring progress 20/20 elapsed=00:00.34 avg/batch=0.017s ETA=00:00.00 | GPU MB alloc/reserved=116.2/1896.0
2026-04-11 17:39:24 | INFO | [CoreSet-labeled-feat] scoring progress 4/4 elapsed=00:00.20 avg/batch=0.050s ETA=00:00.00 | GPU MB alloc/reserved=115.9/1896.0
2026-04-11 17:39:24 | INFO | [CoreSet] greedy 10/100 cover_radius=28.852192 | GPU: n/a
2026-04-11 17:39:25 | INFO | [CoreSet] greedy 20/100 cover_radius=28.457106 | GPU: n/a
2026-04-11 17:39:25 | INFO | [CoreSet] greedy 30/100 cover_radius=28.099276 | GPU: n/a
2026-04-11 17:39:25 | INFO | [CoreSet] greedy 40/100 cover_radius=27.934601 | GPU: n/a
2026-04-11 17:39:25 | INFO | [CoreSet] greedy 50/100 cover_radius=27.811741 | GPU: n/a
2026-04-11 17:39:25 | INFO | [CoreSet] greedy 60/100 cover_radius=27.628103 | GPU: n/a
2026-04-11 17:39:25 | INFO | [CoreSet] greedy 70/100 cover_radius=27.447781 | GPU: n/a
2026-04-11 17:39:25 | INFO | [CoreSet] greedy 80/100 cover_radius=27.338551 | GPU: n/a
2026-04-11 17:39:25 | INFO | [CoreSet] greedy 90/100 cover_radius=27.182821 | GPU: n/a
2026-04-11 17:39:25 | INFO | [CoreSet] greedy 100/100 cover_radius=27.099821 | GPU: n/a
2026-04-11 17:39:26 | INFO | [Round 4] labeled=900 train=900 val_fixed=0 | GPU MB alloc/reserved=148.1/1896.0
2026-04-11 17:39:27 | INFO | [Round 4] epoch=1/80 loss=4.7691 acc=1.44 val_acc=nan data_t=0.0230s batch_t=0.0887s epoch_t=00:00.89 lr=0.001000 | GPU MB alloc/reserved=279.8/1900.0
2026-04-11 17:39:27 | INFO | [Round 4] Epoch 1/80 time=00:00.89 avg=00:00.89 ETA=01:10.62 | GPU MB alloc/reserved=279.8/1900.0
2026-04-11 17:39:27 | INFO | [Round 4] epoch=2/80 loss=4.4465 acc=4.11 val_acc=nan data_t=0.0032s batch_t=0.0754s epoch_t=00:00.63 lr=0.000998 | GPU MB alloc/reserved=279.8/1900.0
2026-04-11 17:39:27 | INFO | [Round 4] Epoch 2/80 time=00:00.63 avg=00:00.76 ETA=00:59.40 | GPU MB alloc/reserved=279.8/1900.0
2026-04-11 17:39:28 | INFO | [Round 4] epoch=3/80 loss=4.1886 acc=6.00 val_acc=nan data_t=0.0034s batch_t=0.0838s epoch_t=00:00.70 lr=0.000997 | GPU MB alloc/reserved=279.8/1900.0
2026-04-11 17:39:28 | INFO | [Round 4] Epoch 3/80 time=00:00.70 avg=00:00.74 ETA=00:57.00 | GPU MB alloc/reserved=279.8/1900.0
2026-04-11 17:39:29 | INFO | [Round 4] epoch=4/80 loss=4.1190 acc=6.56 val_acc=nan data_t=0.0048s batch_t=0.0827s epoch_t=00:00.70 lr=0.000994 | GPU MB alloc/reserved=279.8/1900.0
2026-04-11 17:39:29 | INFO | [Round 4] Epoch 4/80 time=00:00.70 avg=00:00.73 ETA=00:55.51 | GPU MB alloc/reserved=279.8/1900.0
2026-04-11 17:39:29 | INFO | [Round 4] epoch=5/80 loss=3.9931 acc=7.11 val_acc=nan data_t=0.0067s batch_t=0.0804s epoch_t=00:00.70 lr=0.000990 | GPU MB alloc/reserved=279.8/1900.0
2026-04-11 17:39:29 | INFO | [Round 4] Epoch 5/80 time=00:00.70 avg=00:00.72 ETA=00:54.29 | GPU MB alloc/reserved=279.8/1900.0
2026-04-11 17:39:30 | INFO | [Round 4] epoch=6/80 loss=4.0277 acc=4.78 val_acc=nan data_t=0.0066s batch_t=0.0805s epoch_t=00:00.70 lr=0.000986 | GPU MB alloc/reserved=279.8/1900.0
2026-04-11 17:39:30 | INFO | [Round 4] Epoch 6/80 time=00:00.70 avg=00:00.72 ETA=00:53.23 | GPU MB alloc/reserved=279.8/1900.0
2026-04-11 17:39:31 | INFO | [Round 4] epoch=7/80 loss=3.9387 acc=8.22 val_acc=nan data_t=0.0067s batch_t=0.0825s epoch_t=00:00.71 lr=0.000981 | GPU MB alloc/reserved=279.8/1900.0
2026-04-11 17:39:31 | INFO | [Round 4] Epoch 7/80 time=00:00.71 avg=00:00.72 ETA=00:52.45 | GPU MB alloc/reserved=279.8/1900.0
2026-04-11 17:39:31 | INFO | [Round 4] epoch=8/80 loss=3.8554 acc=9.00 val_acc=nan data_t=0.0049s batch_t=0.0785s epoch_t=00:00.67 lr=0.000976 | GPU MB alloc/reserved=279.8/1900.0
2026-04-11 17:39:31 | INFO | [Round 4] Epoch 8/80 time=00:00.67 avg=00:00.71 ETA=00:51.28 | GPU MB alloc/reserved=279.8/1900.0
2026-04-11 17:39:32 | INFO | [Round 4] epoch=9/80 loss=3.8444 acc=8.89 val_acc=nan data_t=0.0066s batch_t=0.0790s epoch_t=00:00.68 lr=0.000969 | GPU MB alloc/reserved=279.8/1900.0
2026-04-11 17:39:32 | INFO | [Round 4] Epoch 9/80 time=00:00.68 avg=00:00.71 ETA=00:50.35 | GPU MB alloc/reserved=279.8/1900.0
2026-04-11 17:39:33 | INFO | [Round 4] epoch=10/80 loss=3.8231 acc=9.00 val_acc=nan data_t=0.0032s batch_t=0.0749s epoch_t=00:00.63 lr=0.000962 | GPU MB alloc/reserved=279.8/1900.0
2026-04-11 17:39:33 | INFO | [Round 4] Epoch 10/80 time=00:00.63 avg=00:00.70 ETA=00:49.06 | GPU MB alloc/reserved=279.8/1900.0
2026-04-11 17:39:33 | INFO | [Round 4] epoch=11/80 loss=3.8110 acc=9.33 val_acc=nan data_t=0.0066s batch_t=0.0809s epoch_t=00:00.70 lr=0.000955 | GPU MB alloc/reserved=279.8/1900.0
2026-04-11 17:39:33 | INFO | [Round 4] Epoch 11/80 time=00:00.70 avg=00:00.70 ETA=00:48.35 | GPU MB alloc/reserved=279.8/1900.0
2026-04-11 17:39:34 | INFO | [Round 4] epoch=12/80 loss=3.7797 acc=8.44 val_acc=nan data_t=0.0061s batch_t=0.0805s epoch_t=00:00.69 lr=0.000946 | GPU MB alloc/reserved=279.8/1900.0
2026-04-11 17:39:34 | INFO | [Round 4] Epoch 12/80 time=00:00.69 avg=00:00.70 ETA=00:47.60 | GPU MB alloc/reserved=279.8/1900.0
2026-04-11 17:39:35 | INFO | [Round 4] epoch=13/80 loss=3.6371 acc=11.44 val_acc=nan data_t=0.0037s batch_t=0.0811s epoch_t=00:00.68 lr=0.000937 | GPU MB alloc/reserved=279.8/1900.0
2026-04-11 17:39:35 | INFO | [Round 4] Epoch 13/80 time=00:00.68 avg=00:00.70 ETA=00:46.79 | GPU MB alloc/reserved=279.8/1900.0
2026-04-11 17:39:35 | INFO | [Round 4] epoch=14/80 loss=3.6126 acc=11.00 val_acc=nan data_t=0.0037s batch_t=0.0644s epoch_t=00:00.54 lr=0.000927 | GPU MB alloc/reserved=279.8/1900.0
2026-04-11 17:39:35 | INFO | [Round 4] Epoch 14/80 time=00:00.54 avg=00:00.69 ETA=00:45.37 | GPU MB alloc/reserved=279.8/1900.0
2026-04-11 17:39:36 | INFO | [Round 4] epoch=15/80 loss=3.6182 acc=12.00 val_acc=nan data_t=0.0049s batch_t=0.0733s epoch_t=00:00.63 lr=0.000917 | GPU MB alloc/reserved=279.8/1900.0
2026-04-11 17:39:36 | INFO | [Round 4] Epoch 15/80 time=00:00.63 avg=00:00.68 ETA=00:44.41 | GPU MB alloc/reserved=279.8/1900.0
2026-04-11 17:39:37 | INFO | [Round 4] epoch=16/80 loss=3.5457 acc=12.56 val_acc=nan data_t=0.0036s batch_t=0.0929s epoch_t=00:00.77 lr=0.000905 | GPU MB alloc/reserved=279.8/1900.0
2026-04-11 17:39:37 | INFO | [Round 4] Epoch 16/80 time=00:00.77 avg=00:00.69 ETA=00:44.09 | GPU MB alloc/reserved=279.8/1900.0
2026-04-11 17:39:38 | INFO | [Round 4] epoch=17/80 loss=3.4910 acc=13.67 val_acc=nan data_t=0.0032s batch_t=0.0936s epoch_t=00:00.77 lr=0.000894 | GPU MB alloc/reserved=279.8/1900.0
2026-04-11 17:39:38 | INFO | [Round 4] Epoch 17/80 time=00:00.77 avg=00:00.69 ETA=00:43.72 | GPU MB alloc/reserved=279.8/1900.0
2026-04-11 17:39:38 | INFO | [Round 4] epoch=18/80 loss=3.4685 acc=13.44 val_acc=nan data_t=0.0074s batch_t=0.0721s epoch_t=00:00.64 lr=0.000881 | GPU MB alloc/reserved=279.8/1900.0
2026-04-11 17:39:38 | INFO | [Round 4] Epoch 18/80 time=00:00.64 avg=00:00.69 ETA=00:42.83 | GPU MB alloc/reserved=279.8/1900.0
2026-04-11 17:39:39 | INFO | [Round 4] epoch=19/80 loss=3.3495 acc=15.00 val_acc=nan data_t=0.0074s batch_t=0.0945s epoch_t=00:00.82 lr=0.000868 | GPU MB alloc/reserved=279.8/1900.0
2026-04-11 17:39:39 | INFO | [Round 4] Epoch 19/80 time=00:00.82 avg=00:00.70 ETA=00:42.54 | GPU MB alloc/reserved=279.8/1900.0
2026-04-11 17:39:40 | INFO | [Round 4] epoch=20/80 loss=3.4658 acc=13.56 val_acc=nan data_t=0.0051s batch_t=0.1016s epoch_t=00:00.85 lr=0.000855 | GPU MB alloc/reserved=279.8/1900.0
2026-04-11 17:39:40 | INFO | [Round 4] Epoch 20/80 time=00:00.85 avg=00:00.71 ETA=00:42.31 | GPU MB alloc/reserved=279.8/1900.0
2026-04-11 17:39:41 | INFO | [Round 4] epoch=21/80 loss=3.3822 acc=16.22 val_acc=nan data_t=0.0051s batch_t=0.1020s epoch_t=00:00.86 lr=0.000841 | GPU MB alloc/reserved=279.8/1900.0
2026-04-11 17:39:41 | INFO | [Round 4] Epoch 21/80 time=00:00.86 avg=00:00.71 ETA=00:42.03 | GPU MB alloc/reserved=279.8/1900.0
2026-04-11 17:39:42 | INFO | [Round 4] epoch=22/80 loss=3.4187 acc=14.11 val_acc=nan data_t=0.0032s batch_t=0.0984s epoch_t=00:00.81 lr=0.000826 | GPU MB alloc/reserved=279.8/1900.0
2026-04-11 17:39:42 | INFO | [Round 4] Epoch 22/80 time=00:00.81 avg=00:00.72 ETA=00:41.58 | GPU MB alloc/reserved=279.8/1900.0
2026-04-11 17:39:42 | INFO | [Round 4] epoch=23/80 loss=3.2969 acc=16.00 val_acc=nan data_t=0.0062s batch_t=0.1025s epoch_t=00:00.87 lr=0.000811 | GPU MB alloc/reserved=279.8/1900.0
2026-04-11 17:39:42 | INFO | [Round 4] Epoch 23/80 time=00:00.87 avg=00:00.72 ETA=00:41.25 | GPU MB alloc/reserved=279.8/1900.0
2026-04-11 17:39:43 | INFO | [Round 4] epoch=24/80 loss=3.2265 acc=18.44 val_acc=nan data_t=0.0036s batch_t=0.1029s epoch_t=00:00.85 lr=0.000796 | GPU MB alloc/reserved=279.8/1900.0
2026-04-11 17:39:43 | INFO | [Round 4] Epoch 24/80 time=00:00.85 avg=00:00.73 ETA=00:40.82 | GPU MB alloc/reserved=279.8/1900.0
2026-04-11 17:39:44 | INFO | [Round 4] epoch=25/80 loss=3.2313 acc=18.44 val_acc=nan data_t=0.0064s batch_t=0.1009s epoch_t=00:00.86 lr=0.000780 | GPU MB alloc/reserved=279.8/1900.0
2026-04-11 17:39:44 | INFO | [Round 4] Epoch 25/80 time=00:00.86 avg=00:00.73 ETA=00:40.38 | GPU MB alloc/reserved=279.8/1900.0
2026-04-11 17:39:45 | INFO | [Round 4] epoch=26/80 loss=3.2469 acc=17.56 val_acc=nan data_t=0.0041s batch_t=0.0693s epoch_t=00:00.59 lr=0.000764 | GPU MB alloc/reserved=279.8/1900.0
2026-04-11 17:39:45 | INFO | [Round 4] Epoch 26/80 time=00:00.59 avg=00:00.73 ETA=00:39.34 | GPU MB alloc/reserved=279.8/1900.0
2026-04-11 17:39:45 | INFO | [Round 4] epoch=27/80 loss=3.2250 acc=18.67 val_acc=nan data_t=0.0033s batch_t=0.0671s epoch_t=00:00.56 lr=0.000747 | GPU MB alloc/reserved=279.8/1900.0
2026-04-11 17:39:45 | INFO | [Round 4] Epoch 27/80 time=00:00.56 avg=00:00.72 ETA=00:38.29 | GPU MB alloc/reserved=279.8/1900.0
2026-04-11 17:39:46 | INFO | [Round 4] epoch=28/80 loss=3.1313 acc=19.00 val_acc=nan data_t=0.0065s batch_t=0.0885s epoch_t=00:00.76 lr=0.000730 | GPU MB alloc/reserved=279.8/1900.0
2026-04-11 17:39:46 | INFO | [Round 4] Epoch 28/80 time=00:00.76 avg=00:00.72 ETA=00:37.64 | GPU MB alloc/reserved=279.8/1900.0
2026-04-11 17:39:47 | INFO | [Round 4] epoch=29/80 loss=3.0842 acc=18.67 val_acc=nan data_t=0.0064s batch_t=0.0550s epoch_t=00:00.49 lr=0.000712 | GPU MB alloc/reserved=279.8/1900.0
2026-04-11 17:39:47 | INFO | [Round 4] Epoch 29/80 time=00:00.49 avg=00:00.72 ETA=00:36.51 | GPU MB alloc/reserved=279.8/1900.0
2026-04-11 17:39:47 | INFO | [Round 4] epoch=30/80 loss=2.9816 acc=20.89 val_acc=nan data_t=0.0067s batch_t=0.0305s epoch_t=00:00.30 lr=0.000694 | GPU MB alloc/reserved=279.8/1900.0
2026-04-11 17:39:47 | INFO | [Round 4] Epoch 30/80 time=00:00.30 avg=00:00.70 ETA=00:35.09 | GPU MB alloc/reserved=279.8/1900.0
2026-04-11 17:39:47 | INFO | [Round 4] epoch=31/80 loss=2.9443 acc=21.56 val_acc=nan data_t=0.0066s batch_t=0.0459s epoch_t=00:00.42 lr=0.000676 | GPU MB alloc/reserved=279.8/1900.0
2026-04-11 17:39:47 | INFO | [Round 4] Epoch 31/80 time=00:00.42 avg=00:00.69 ETA=00:33.95 | GPU MB alloc/reserved=279.8/1900.0
2026-04-11 17:39:48 | INFO | [Round 4] epoch=32/80 loss=2.8774 acc=24.11 val_acc=nan data_t=0.0039s batch_t=0.0482s epoch_t=00:00.42 lr=0.000658 | GPU MB alloc/reserved=279.8/1900.0
2026-04-11 17:39:48 | INFO | [Round 4] Epoch 32/80 time=00:00.42 avg=00:00.68 ETA=00:32.84 | GPU MB alloc/reserved=279.8/1900.0
2026-04-11 17:39:48 | INFO | [Round 4] epoch=33/80 loss=2.8432 acc=25.22 val_acc=nan data_t=0.0036s batch_t=0.0720s epoch_t=00:00.61 lr=0.000639 | GPU MB alloc/reserved=279.8/1900.0
2026-04-11 17:39:48 | INFO | [Round 4] Epoch 33/80 time=00:00.61 avg=00:00.68 ETA=00:32.04 | GPU MB alloc/reserved=279.8/1900.0
2026-04-11 17:39:49 | INFO | [Round 4] epoch=34/80 loss=2.8107 acc=24.00 val_acc=nan data_t=0.0037s batch_t=0.0585s epoch_t=00:00.50 lr=0.000621 | GPU MB alloc/reserved=279.8/1900.0
2026-04-11 17:39:49 | INFO | [Round 4] Epoch 34/80 time=00:00.50 avg=00:00.68 ETA=00:31.11 | GPU MB alloc/reserved=279.8/1900.0
2026-04-11 17:39:49 | INFO | [Round 4] epoch=35/80 loss=2.7959 acc=24.33 val_acc=nan data_t=0.0042s batch_t=0.0549s epoch_t=00:00.47 lr=0.000602 | GPU MB alloc/reserved=279.8/1900.0
2026-04-11 17:39:49 | INFO | [Round 4] Epoch 35/80 time=00:00.47 avg=00:00.67 ETA=00:30.18 | GPU MB alloc/reserved=279.8/1900.0
2026-04-11 17:39:50 | INFO | [Round 4] epoch=36/80 loss=2.7199 acc=26.56 val_acc=nan data_t=0.0039s batch_t=0.0848s epoch_t=00:00.71 lr=0.000582 | GPU MB alloc/reserved=279.8/1900.0
2026-04-11 17:39:50 | INFO | [Round 4] Epoch 36/80 time=00:00.71 avg=00:00.67 ETA=00:29.55 | GPU MB alloc/reserved=279.8/1900.0
2026-04-11 17:39:51 | INFO | [Round 4] epoch=37/80 loss=2.7417 acc=25.56 val_acc=nan data_t=0.0049s batch_t=0.0763s epoch_t=00:00.65 lr=0.000563 | GPU MB alloc/reserved=279.8/1900.0
2026-04-11 17:39:51 | INFO | [Round 4] Epoch 37/80 time=00:00.65 avg=00:00.67 ETA=00:28.86 | GPU MB alloc/reserved=279.8/1900.0
2026-04-11 17:39:51 | INFO | [Round 4] epoch=38/80 loss=2.6387 acc=27.89 val_acc=nan data_t=0.0064s batch_t=0.0744s epoch_t=00:00.65 lr=0.000544 | GPU MB alloc/reserved=279.8/1900.0
2026-04-11 17:39:51 | INFO | [Round 4] Epoch 38/80 time=00:00.65 avg=00:00.67 ETA=00:28.16 | GPU MB alloc/reserved=279.8/1900.0
2026-04-11 17:39:52 | INFO | [Round 4] epoch=39/80 loss=2.5759 acc=28.78 val_acc=nan data_t=0.0060s batch_t=0.0734s epoch_t=00:00.64 lr=0.000524 | GPU MB alloc/reserved=279.8/1900.0
2026-04-11 17:39:52 | INFO | [Round 4] Epoch 39/80 time=00:00.64 avg=00:00.67 ETA=00:27.45 | GPU MB alloc/reserved=279.8/1900.0
2026-04-11 17:39:53 | INFO | [Round 4] epoch=40/80 loss=2.5724 acc=31.89 val_acc=nan data_t=0.0037s batch_t=0.0817s epoch_t=00:00.68 lr=0.000505 | GPU MB alloc/reserved=279.8/1900.0
2026-04-11 17:39:53 | INFO | [Round 4] Epoch 40/80 time=00:00.68 avg=00:00.67 ETA=00:26.79 | GPU MB alloc/reserved=279.8/1900.0
2026-04-11 17:39:53 | INFO | [Round 4] epoch=41/80 loss=2.6020 acc=30.44 val_acc=nan data_t=0.0052s batch_t=0.0825s epoch_t=00:00.70 lr=0.000486 | GPU MB alloc/reserved=279.8/1900.0
2026-04-11 17:39:53 | INFO | [Round 4] Epoch 41/80 time=00:00.70 avg=00:00.67 ETA=00:26.16 | GPU MB alloc/reserved=279.8/1900.0
2026-04-11 17:39:54 | INFO | [Round 4] epoch=42/80 loss=2.6326 acc=28.00 val_acc=nan data_t=0.0050s batch_t=0.0811s epoch_t=00:00.69 lr=0.000466 | GPU MB alloc/reserved=279.8/1900.0
2026-04-11 17:39:54 | INFO | [Round 4] Epoch 42/80 time=00:00.69 avg=00:00.67 ETA=00:25.50 | GPU MB alloc/reserved=279.8/1900.0
2026-04-11 17:39:55 | INFO | [Round 4] epoch=43/80 loss=2.5337 acc=31.11 val_acc=nan data_t=0.0047s batch_t=0.0815s epoch_t=00:00.69 lr=0.000447 | GPU MB alloc/reserved=279.8/1900.0
2026-04-11 17:39:55 | INFO | [Round 4] Epoch 43/80 time=00:00.69 avg=00:00.67 ETA=00:24.85 | GPU MB alloc/reserved=279.8/1900.0
2026-04-11 17:39:55 | INFO | [Round 4] epoch=44/80 loss=2.4778 acc=31.89 val_acc=nan data_t=0.0061s batch_t=0.0832s epoch_t=00:00.71 lr=0.000428 | GPU MB alloc/reserved=279.8/1900.0
2026-04-11 17:39:55 | INFO | [Round 4] Epoch 44/80 time=00:00.71 avg=00:00.67 ETA=00:24.21 | GPU MB alloc/reserved=279.8/1900.0
2026-04-11 17:39:56 | INFO | [Round 4] epoch=45/80 loss=2.5157 acc=30.00 val_acc=nan data_t=0.0047s batch_t=0.0845s epoch_t=00:00.71 lr=0.000408 | GPU MB alloc/reserved=279.8/1900.0
2026-04-11 17:39:56 | INFO | [Round 4] Epoch 45/80 time=00:00.71 avg=00:00.67 ETA=00:23.57 | GPU MB alloc/reserved=279.8/1900.0
2026-04-11 17:39:57 | INFO | [Round 4] epoch=46/80 loss=2.4863 acc=31.44 val_acc=nan data_t=0.0059s batch_t=0.0806s epoch_t=00:00.69 lr=0.000389 | GPU MB alloc/reserved=279.8/1900.0
2026-04-11 17:39:57 | INFO | [Round 4] Epoch 46/80 time=00:00.69 avg=00:00.67 ETA=00:22.91 | GPU MB alloc/reserved=279.8/1900.0
2026-04-11 17:39:58 | INFO | [Round 4] epoch=47/80 loss=2.4658 acc=32.00 val_acc=nan data_t=0.0045s batch_t=0.0799s epoch_t=00:00.68 lr=0.000371 | GPU MB alloc/reserved=279.8/1900.0
2026-04-11 17:39:58 | INFO | [Round 4] Epoch 47/80 time=00:00.68 avg=00:00.67 ETA=00:22.24 | GPU MB alloc/reserved=279.8/1900.0
2026-04-11 17:39:58 | INFO | [Round 4] epoch=48/80 loss=2.4193 acc=33.00 val_acc=nan data_t=0.0039s batch_t=0.0828s epoch_t=00:00.69 lr=0.000352 | GPU MB alloc/reserved=279.8/1900.0
2026-04-11 17:39:58 | INFO | [Round 4] Epoch 48/80 time=00:00.69 avg=00:00.67 ETA=00:21.58 | GPU MB alloc/reserved=279.8/1900.0
2026-04-11 17:39:59 | INFO | [Round 4] epoch=49/80 loss=2.3519 acc=36.33 val_acc=nan data_t=0.0070s batch_t=0.0830s epoch_t=00:00.72 lr=0.000334 | GPU MB alloc/reserved=279.8/1900.0
2026-04-11 17:39:59 | INFO | [Round 4] Epoch 49/80 time=00:00.72 avg=00:00.68 ETA=00:20.93 | GPU MB alloc/reserved=279.8/1900.0
2026-04-11 17:40:00 | INFO | [Round 4] epoch=50/80 loss=2.3220 acc=37.11 val_acc=nan data_t=0.0050s batch_t=0.0856s epoch_t=00:00.73 lr=0.000316 | GPU MB alloc/reserved=279.8/1900.0
2026-04-11 17:40:00 | INFO | [Round 4] Epoch 50/80 time=00:00.73 avg=00:00.68 ETA=00:20.29 | GPU MB alloc/reserved=279.8/1900.0
2026-04-11 17:40:00 | INFO | [Round 4] epoch=51/80 loss=2.2767 acc=37.22 val_acc=nan data_t=0.0049s batch_t=0.0843s epoch_t=00:00.71 lr=0.000298 | GPU MB alloc/reserved=279.8/1900.0
2026-04-11 17:40:00 | INFO | [Round 4] Epoch 51/80 time=00:00.71 avg=00:00.68 ETA=00:19.63 | GPU MB alloc/reserved=279.8/1900.0
2026-04-11 17:40:01 | INFO | [Round 4] epoch=52/80 loss=2.1944 acc=39.44 val_acc=nan data_t=0.0065s batch_t=0.0851s epoch_t=00:00.73 lr=0.000280 | GPU MB alloc/reserved=279.8/1900.0
2026-04-11 17:40:01 | INFO | [Round 4] Epoch 52/80 time=00:00.73 avg=00:00.68 ETA=00:18.98 | GPU MB alloc/reserved=279.8/1900.0
2026-04-11 17:40:02 | INFO | [Round 4] epoch=53/80 loss=2.2048 acc=39.67 val_acc=nan data_t=0.0070s batch_t=0.0879s epoch_t=00:00.76 lr=0.000263 | GPU MB alloc/reserved=279.8/1900.0
2026-04-11 17:40:02 | INFO | [Round 4] Epoch 53/80 time=00:00.76 avg=00:00.68 ETA=00:18.35 | GPU MB alloc/reserved=279.8/1900.0
2026-04-11 17:40:03 | INFO | [Round 4] epoch=54/80 loss=2.1595 acc=40.22 val_acc=nan data_t=0.0065s batch_t=0.0872s epoch_t=00:00.75 lr=0.000246 | GPU MB alloc/reserved=279.8/1900.0
2026-04-11 17:40:03 | INFO | [Round 4] Epoch 54/80 time=00:00.75 avg=00:00.68 ETA=00:17.70 | GPU MB alloc/reserved=279.8/1900.0
2026-04-11 17:40:03 | INFO | [Round 4] epoch=55/80 loss=2.1358 acc=42.67 val_acc=nan data_t=0.0045s batch_t=0.0861s epoch_t=00:00.72 lr=0.000230 | GPU MB alloc/reserved=279.8/1900.0
2026-04-11 17:40:03 | INFO | [Round 4] Epoch 55/80 time=00:00.72 avg=00:00.68 ETA=00:17.04 | GPU MB alloc/reserved=279.8/1900.0
2026-04-11 17:40:04 | INFO | [Round 4] epoch=56/80 loss=2.0730 acc=43.44 val_acc=nan data_t=0.0047s batch_t=0.0890s epoch_t=00:00.75 lr=0.000214 | GPU MB alloc/reserved=279.8/1900.0
2026-04-11 17:40:04 | INFO | [Round 4] Epoch 56/80 time=00:00.75 avg=00:00.68 ETA=00:16.39 | GPU MB alloc/reserved=279.8/1900.0
2026-04-11 17:40:05 | INFO | [Round 4] epoch=57/80 loss=2.0364 acc=44.33 val_acc=nan data_t=0.0032s batch_t=0.0849s epoch_t=00:00.70 lr=0.000199 | GPU MB alloc/reserved=279.8/1900.0
2026-04-11 17:40:05 | INFO | [Round 4] Epoch 57/80 time=00:00.70 avg=00:00.68 ETA=00:15.71 | GPU MB alloc/reserved=279.8/1900.0
2026-04-11 17:40:06 | INFO | [Round 4] epoch=58/80 loss=1.9665 acc=44.89 val_acc=nan data_t=0.0047s batch_t=0.0830s epoch_t=00:00.70 lr=0.000184 | GPU MB alloc/reserved=279.8/1900.0
2026-04-11 17:40:06 | INFO | [Round 4] Epoch 58/80 time=00:00.70 avg=00:00.68 ETA=00:15.04 | GPU MB alloc/reserved=279.8/1900.0
2026-04-11 17:40:06 | INFO | [Round 4] epoch=59/80 loss=1.9208 acc=49.56 val_acc=nan data_t=0.0063s batch_t=0.0837s epoch_t=00:00.72 lr=0.000169 | GPU MB alloc/reserved=279.8/1900.0
2026-04-11 17:40:06 | INFO | [Round 4] Epoch 59/80 time=00:00.72 avg=00:00.68 ETA=00:14.37 | GPU MB alloc/reserved=279.8/1900.0
2026-04-11 17:40:07 | INFO | [Round 4] epoch=60/80 loss=1.9020 acc=50.11 val_acc=nan data_t=0.0053s batch_t=0.0814s epoch_t=00:00.69 lr=0.000155 | GPU MB alloc/reserved=279.8/1900.0
2026-04-11 17:40:07 | INFO | [Round 4] Epoch 60/80 time=00:00.69 avg=00:00.68 ETA=00:13.69 | GPU MB alloc/reserved=279.8/1900.0
2026-04-11 17:40:08 | INFO | [Round 4] epoch=61/80 loss=1.8831 acc=50.33 val_acc=nan data_t=0.0047s batch_t=0.0839s epoch_t=00:00.71 lr=0.000142 | GPU MB alloc/reserved=279.8/1900.0
2026-04-11 17:40:08 | INFO | [Round 4] Epoch 61/80 time=00:00.71 avg=00:00.68 ETA=00:13.01 | GPU MB alloc/reserved=279.8/1900.0
2026-04-11 17:40:08 | INFO | [Round 4] epoch=62/80 loss=1.8857 acc=48.22 val_acc=nan data_t=0.0050s batch_t=0.0818s epoch_t=00:00.69 lr=0.000129 | GPU MB alloc/reserved=279.8/1900.0
2026-04-11 17:40:08 | INFO | [Round 4] Epoch 62/80 time=00:00.69 avg=00:00.68 ETA=00:12.33 | GPU MB alloc/reserved=279.8/1900.0
2026-04-11 17:40:09 | INFO | [Round 4] epoch=63/80 loss=1.9135 acc=47.22 val_acc=nan data_t=0.0070s batch_t=0.0831s epoch_t=00:00.72 lr=0.000116 | GPU MB alloc/reserved=279.8/1900.0
2026-04-11 17:40:09 | INFO | [Round 4] Epoch 63/80 time=00:00.72 avg=00:00.69 ETA=00:11.65 | GPU MB alloc/reserved=279.8/1900.0
2026-04-11 17:40:10 | INFO | [Round 4] epoch=64/80 loss=1.7680 acc=52.00 val_acc=nan data_t=0.0050s batch_t=0.0802s epoch_t=00:00.68 lr=0.000105 | GPU MB alloc/reserved=279.8/1900.0
2026-04-11 17:40:10 | INFO | [Round 4] Epoch 64/80 time=00:00.68 avg=00:00.69 ETA=00:10.97 | GPU MB alloc/reserved=279.8/1900.0
2026-04-11 17:40:11 | INFO | [Round 4] epoch=65/80 loss=1.7825 acc=53.00 val_acc=nan data_t=0.0069s batch_t=0.0828s epoch_t=00:00.72 lr=0.000093 | GPU MB alloc/reserved=279.8/1900.0
2026-04-11 17:40:11 | INFO | [Round 4] Epoch 65/80 time=00:00.72 avg=00:00.69 ETA=00:10.29 | GPU MB alloc/reserved=279.8/1900.0
2026-04-11 17:40:11 | INFO | [Round 4] epoch=66/80 loss=1.7853 acc=54.00 val_acc=nan data_t=0.0062s batch_t=0.0844s epoch_t=00:00.73 lr=0.000083 | GPU MB alloc/reserved=279.8/1900.0
2026-04-11 17:40:11 | INFO | [Round 4] Epoch 66/80 time=00:00.73 avg=00:00.69 ETA=00:09.61 | GPU MB alloc/reserved=279.8/1900.0
2026-04-11 17:40:12 | INFO | [Round 4] epoch=67/80 loss=1.7601 acc=54.78 val_acc=nan data_t=0.0068s batch_t=0.0823s epoch_t=00:00.71 lr=0.000073 | GPU MB alloc/reserved=279.8/1900.0
2026-04-11 17:40:12 | INFO | [Round 4] Epoch 67/80 time=00:00.71 avg=00:00.69 ETA=00:08.93 | GPU MB alloc/reserved=279.8/1900.0
2026-04-11 17:40:13 | INFO | [Round 4] epoch=68/80 loss=1.7087 acc=57.67 val_acc=nan data_t=0.0051s batch_t=0.0830s epoch_t=00:00.70 lr=0.000064 | GPU MB alloc/reserved=279.8/1900.0
2026-04-11 17:40:13 | INFO | [Round 4] Epoch 68/80 time=00:00.70 avg=00:00.69 ETA=00:08.25 | GPU MB alloc/reserved=279.8/1900.0
2026-04-11 17:40:13 | INFO | [Round 4] epoch=69/80 loss=1.7384 acc=54.78 val_acc=nan data_t=0.0081s batch_t=0.0830s epoch_t=00:00.73 lr=0.000055 | GPU MB alloc/reserved=279.8/1900.0
2026-04-11 17:40:13 | INFO | [Round 4] Epoch 69/80 time=00:00.73 avg=00:00.69 ETA=00:07.57 | GPU MB alloc/reserved=279.8/1900.0
2026-04-11 17:40:14 | INFO | [Round 4] epoch=70/80 loss=1.7324 acc=54.00 val_acc=nan data_t=0.0062s batch_t=0.0830s epoch_t=00:00.71 lr=0.000048 | GPU MB alloc/reserved=279.8/1900.0
2026-04-11 17:40:14 | INFO | [Round 4] Epoch 70/80 time=00:00.71 avg=00:00.69 ETA=00:06.88 | GPU MB alloc/reserved=279.8/1900.0
2026-04-11 17:40:15 | INFO | [Round 4] epoch=71/80 loss=1.7005 acc=53.78 val_acc=nan data_t=0.0033s batch_t=0.0799s epoch_t=00:00.67 lr=0.000041 | GPU MB alloc/reserved=279.8/1900.0
2026-04-11 17:40:15 | INFO | [Round 4] Epoch 71/80 time=00:00.67 avg=00:00.69 ETA=00:06.19 | GPU MB alloc/reserved=279.8/1900.0
2026-04-11 17:40:15 | INFO | [Round 4] epoch=72/80 loss=1.6848 acc=57.22 val_acc=nan data_t=0.0072s batch_t=0.0819s epoch_t=00:00.71 lr=0.000034 | GPU MB alloc/reserved=279.8/1900.0
2026-04-11 17:40:15 | INFO | [Round 4] Epoch 72/80 time=00:00.71 avg=00:00.69 ETA=00:05.51 | GPU MB alloc/reserved=279.8/1900.0
2026-04-11 17:40:16 | INFO | [Round 4] epoch=73/80 loss=1.6516 acc=57.33 val_acc=nan data_t=0.0073s batch_t=0.0829s epoch_t=00:00.72 lr=0.000029 | GPU MB alloc/reserved=279.8/1900.0
2026-04-11 17:40:16 | INFO | [Round 4] Epoch 73/80 time=00:00.72 avg=00:00.69 ETA=00:04.82 | GPU MB alloc/reserved=279.8/1900.0
2026-04-11 17:40:17 | INFO | [Round 4] epoch=74/80 loss=1.6537 acc=58.22 val_acc=nan data_t=0.0056s batch_t=0.0828s epoch_t=00:00.71 lr=0.000024 | GPU MB alloc/reserved=279.8/1900.0
2026-04-11 17:40:17 | INFO | [Round 4] Epoch 74/80 time=00:00.71 avg=00:00.69 ETA=00:04.13 | GPU MB alloc/reserved=279.8/1900.0
2026-04-11 17:40:18 | INFO | [Round 4] epoch=75/80 loss=1.6763 acc=55.89 val_acc=nan data_t=0.0071s batch_t=0.0815s epoch_t=00:00.71 lr=0.000020 | GPU MB alloc/reserved=279.8/1900.0
2026-04-11 17:40:18 | INFO | [Round 4] Epoch 75/80 time=00:00.71 avg=00:00.69 ETA=00:03.45 | GPU MB alloc/reserved=279.8/1900.0
2026-04-11 17:40:18 | INFO | [Round 4] epoch=76/80 loss=1.6473 acc=56.44 val_acc=nan data_t=0.0035s batch_t=0.0813s epoch_t=00:00.68 lr=0.000016 | GPU MB alloc/reserved=279.8/1900.0
2026-04-11 17:40:18 | INFO | [Round 4] Epoch 76/80 time=00:00.68 avg=00:00.69 ETA=00:02.76 | GPU MB alloc/reserved=279.8/1900.0
2026-04-11 17:40:19 | INFO | [Round 4] epoch=77/80 loss=1.6439 acc=58.22 val_acc=nan data_t=0.0049s batch_t=0.0828s epoch_t=00:00.70 lr=0.000013 | GPU MB alloc/reserved=279.8/1900.0
2026-04-11 17:40:19 | INFO | [Round 4] Epoch 77/80 time=00:00.70 avg=00:00.69 ETA=00:02.07 | GPU MB alloc/reserved=279.8/1900.0
2026-04-11 17:40:20 | INFO | [Round 4] epoch=78/80 loss=1.6509 acc=58.00 val_acc=nan data_t=0.0040s batch_t=0.0806s epoch_t=00:00.68 lr=0.000012 | GPU MB alloc/reserved=279.8/1900.0
2026-04-11 17:40:20 | INFO | [Round 4] Epoch 78/80 time=00:00.68 avg=00:00.69 ETA=00:01.38 | GPU MB alloc/reserved=279.8/1900.0
2026-04-11 17:40:20 | INFO | [Round 4] epoch=79/80 loss=1.6066 acc=57.89 val_acc=nan data_t=0.0050s batch_t=0.0810s epoch_t=00:00.69 lr=0.000010 | GPU MB alloc/reserved=279.8/1900.0
2026-04-11 17:40:20 | INFO | [Round 4] Epoch 79/80 time=00:00.69 avg=00:00.69 ETA=00:00.69 | GPU MB alloc/reserved=279.8/1900.0
2026-04-11 17:40:21 | INFO | [Round 4] epoch=80/80 loss=1.6270 acc=59.00 val_acc=nan data_t=0.0042s batch_t=0.0810s epoch_t=00:00.68 lr=0.000010 | GPU MB alloc/reserved=279.8/1900.0
2026-04-11 17:40:21 | INFO | [Round 4] Epoch 80/80 time=00:00.68 avg=00:00.69 ETA=00:00.00 | GPU MB alloc/reserved=279.8/1900.0
2026-04-11 17:40:21 | INFO | [Round 4] training complete in 00:55.43 (best monitor=59.000) | GPU MB alloc/reserved=279.8/1900.0
2026-04-11 17:40:21 | INFO | [Round 4] evaluation started | GPU MB alloc/reserved=193.7/1900.0
2026-04-11 17:40:30 | INFO | [Round 4] clean=11.29 fgsm=8.92 pgd=8.92 grad_disp_mean=nan grad_disp_sel=nan round_t=66.13s | GPU MB alloc/reserved=193.7/1900.0
2026-04-11 17:40:30 | INFO | [Round 5/21] elapsed=01:06.13 avg_round=00:52.59 projected_remaining=14:01.52 | GPU MB alloc/reserved=193.7/1900.0
2026-04-11 17:40:31 | INFO | [Round 5] acquisition on pool_size=49100 scored_pool=5000 budget=100 | GPU MB alloc/reserved=105.8/1900.0
2026-04-11 17:40:31 | INFO | [CoreSet-unlabeled-feat] scoring progress 10/20 elapsed=00:00.28 avg/batch=0.028s ETA=00:00.28 | GPU MB alloc/reserved=113.9/1900.0
2026-04-11 17:40:31 | INFO | [CoreSet-unlabeled-feat] scoring progress 20/20 elapsed=00:00.41 avg/batch=0.021s ETA=00:00.00 | GPU MB alloc/reserved=117.9/1900.0
2026-04-11 17:40:31 | INFO | [CoreSet-labeled-feat] scoring progress 4/4 elapsed=00:00.20 avg/batch=0.051s ETA=00:00.00 | GPU MB alloc/reserved=119.1/1900.0
2026-04-11 17:40:32 | INFO | [CoreSet] greedy 10/100 cover_radius=21.975554 | GPU: n/a
2026-04-11 17:40:32 | INFO | [CoreSet] greedy 20/100 cover_radius=21.251450 | GPU: n/a
2026-04-11 17:40:32 | INFO | [CoreSet] greedy 30/100 cover_radius=20.451674 | GPU: n/a
2026-04-11 17:40:32 | INFO | [CoreSet] greedy 40/100 cover_radius=20.162542 | GPU: n/a
2026-04-11 17:40:32 | INFO | [CoreSet] greedy 50/100 cover_radius=19.934916 | GPU: n/a
2026-04-11 17:40:32 | INFO | [CoreSet] greedy 60/100 cover_radius=19.700371 | GPU: n/a
2026-04-11 17:40:32 | INFO | [CoreSet] greedy 70/100 cover_radius=19.542828 | GPU: n/a
2026-04-11 17:40:32 | INFO | [CoreSet] greedy 80/100 cover_radius=19.348457 | GPU: n/a
2026-04-11 17:40:32 | INFO | [CoreSet] greedy 90/100 cover_radius=19.241583 | GPU: n/a
2026-04-11 17:40:32 | INFO | [CoreSet] greedy 100/100 cover_radius=19.139950 | GPU: n/a
2026-04-11 17:40:33 | INFO | [Round 5] labeled=1000 train=1000 val_fixed=0 | GPU MB alloc/reserved=148.6/1900.0
2026-04-11 17:40:34 | INFO | [Round 5] epoch=1/80 loss=4.7839 acc=2.50 val_acc=nan data_t=0.0245s batch_t=0.0908s epoch_t=00:00.92 lr=0.001000 | GPU MB alloc/reserved=278.7/1900.0
2026-04-11 17:40:34 | INFO | [Round 5] Epoch 1/80 time=00:00.92 avg=00:00.92 ETA=01:12.93 | GPU MB alloc/reserved=278.7/1900.0
2026-04-11 17:40:34 | INFO | [Round 5] epoch=2/80 loss=4.3716 acc=5.00 val_acc=nan data_t=0.0032s batch_t=0.0894s epoch_t=00:00.74 lr=0.000998 | GPU MB alloc/reserved=279.2/1900.0
2026-04-11 17:40:34 | INFO | [Round 5] Epoch 2/80 time=00:00.74 avg=00:00.83 ETA=01:04.90 | GPU MB alloc/reserved=279.2/1900.0
2026-04-11 17:40:35 | INFO | [Round 5] epoch=3/80 loss=4.1107 acc=8.10 val_acc=nan data_t=0.0031s batch_t=0.0873s epoch_t=00:00.72 lr=0.000997 | GPU MB alloc/reserved=278.7/1900.0
2026-04-11 17:40:35 | INFO | [Round 5] Epoch 3/80 time=00:00.72 avg=00:00.80 ETA=01:01.28 | GPU MB alloc/reserved=278.7/1900.0
2026-04-11 17:40:36 | INFO | [Round 5] epoch=4/80 loss=3.9339 acc=9.70 val_acc=nan data_t=0.0062s batch_t=0.0891s epoch_t=00:00.76 lr=0.000994 | GPU MB alloc/reserved=278.7/1900.0
2026-04-11 17:40:36 | INFO | [Round 5] Epoch 4/80 time=00:00.76 avg=00:00.79 ETA=00:59.84 | GPU MB alloc/reserved=278.7/1900.0
2026-04-11 17:40:37 | INFO | [Round 5] epoch=5/80 loss=3.7601 acc=9.70 val_acc=nan data_t=0.0049s batch_t=0.0891s epoch_t=00:00.75 lr=0.000990 | GPU MB alloc/reserved=278.7/1900.0
2026-04-11 17:40:37 | INFO | [Round 5] Epoch 5/80 time=00:00.75 avg=00:00.78 ETA=00:58.52 | GPU MB alloc/reserved=278.7/1900.0
2026-04-11 17:40:37 | INFO | [Round 5] epoch=6/80 loss=3.6225 acc=12.50 val_acc=nan data_t=0.0078s batch_t=0.0876s epoch_t=00:00.76 lr=0.000986 | GPU MB alloc/reserved=278.7/1900.0
2026-04-11 17:40:37 | INFO | [Round 5] Epoch 6/80 time=00:00.76 avg=00:00.78 ETA=00:57.54 | GPU MB alloc/reserved=278.7/1900.0
2026-04-11 17:40:38 | INFO | [Round 5] epoch=7/80 loss=3.4640 acc=14.80 val_acc=nan data_t=0.0051s batch_t=0.0861s epoch_t=00:00.73 lr=0.000981 | GPU MB alloc/reserved=278.7/1900.0
2026-04-11 17:40:38 | INFO | [Round 5] Epoch 7/80 time=00:00.73 avg=00:00.77 ETA=00:56.26 | GPU MB alloc/reserved=278.7/1900.0
2026-04-11 17:40:39 | INFO | [Round 5] epoch=8/80 loss=3.2737 acc=18.60 val_acc=nan data_t=0.0050s batch_t=0.0896s epoch_t=00:00.76 lr=0.000976 | GPU MB alloc/reserved=278.7/1900.0
2026-04-11 17:40:39 | INFO | [Round 5] Epoch 8/80 time=00:00.76 avg=00:00.77 ETA=00:55.37 | GPU MB alloc/reserved=278.7/1900.0
2026-04-11 17:40:40 | INFO | [Round 5] epoch=9/80 loss=3.1747 acc=18.80 val_acc=nan data_t=0.0033s batch_t=0.0878s epoch_t=00:00.73 lr=0.000969 | GPU MB alloc/reserved=278.7/1900.0
2026-04-11 17:40:40 | INFO | [Round 5] Epoch 9/80 time=00:00.73 avg=00:00.76 ETA=00:54.28 | GPU MB alloc/reserved=278.7/1900.0
2026-04-11 17:40:40 | INFO | [Round 5] epoch=10/80 loss=2.9606 acc=22.90 val_acc=nan data_t=0.0036s batch_t=0.0865s epoch_t=00:00.72 lr=0.000962 | GPU MB alloc/reserved=278.7/1900.0
2026-04-11 17:40:40 | INFO | [Round 5] Epoch 10/80 time=00:00.72 avg=00:00.76 ETA=00:53.21 | GPU MB alloc/reserved=278.7/1900.0
2026-04-11 17:40:41 | INFO | [Round 5] epoch=11/80 loss=2.8273 acc=26.40 val_acc=nan data_t=0.0048s batch_t=0.0871s epoch_t=00:00.74 lr=0.000955 | GPU MB alloc/reserved=278.7/1900.0
2026-04-11 17:40:41 | INFO | [Round 5] Epoch 11/80 time=00:00.74 avg=00:00.76 ETA=00:52.30 | GPU MB alloc/reserved=278.7/1900.0
2026-04-11 17:40:42 | INFO | [Round 5] epoch=12/80 loss=2.6396 acc=30.90 val_acc=nan data_t=0.0051s batch_t=0.0864s epoch_t=00:00.73 lr=0.000946 | GPU MB alloc/reserved=278.7/1900.0
2026-04-11 17:40:42 | INFO | [Round 5] Epoch 12/80 time=00:00.73 avg=00:00.76 ETA=00:51.40 | GPU MB alloc/reserved=278.7/1900.0
2026-04-11 17:40:43 | INFO | [Round 5] epoch=13/80 loss=2.5115 acc=32.40 val_acc=nan data_t=0.0067s batch_t=0.0877s epoch_t=00:00.76 lr=0.000937 | GPU MB alloc/reserved=278.7/1900.0
2026-04-11 17:40:43 | INFO | [Round 5] Epoch 13/80 time=00:00.76 avg=00:00.76 ETA=00:50.64 | GPU MB alloc/reserved=278.7/1900.0
2026-04-11 17:40:43 | INFO | [Round 5] epoch=14/80 loss=2.3625 acc=34.30 val_acc=nan data_t=0.0057s batch_t=0.0896s epoch_t=00:00.76 lr=0.000927 | GPU MB alloc/reserved=278.7/1900.0
2026-04-11 17:40:43 | INFO | [Round 5] Epoch 14/80 time=00:00.76 avg=00:00.76 ETA=00:49.91 | GPU MB alloc/reserved=278.7/1900.0
2026-04-11 17:40:44 | INFO | [Round 5] epoch=15/80 loss=2.1578 acc=40.80 val_acc=nan data_t=0.0050s batch_t=0.0857s epoch_t=00:00.73 lr=0.000917 | GPU MB alloc/reserved=278.7/1900.0
2026-04-11 17:40:44 | INFO | [Round 5] Epoch 15/80 time=00:00.73 avg=00:00.75 ETA=00:49.03 | GPU MB alloc/reserved=278.7/1900.0
2026-04-11 17:40:45 | INFO | [Round 5] epoch=16/80 loss=1.9933 acc=46.60 val_acc=nan data_t=0.0048s batch_t=0.0609s epoch_t=00:00.53 lr=0.000905 | GPU MB alloc/reserved=278.7/1900.0
2026-04-11 17:40:45 | INFO | [Round 5] Epoch 16/80 time=00:00.53 avg=00:00.74 ETA=00:47.36 | GPU MB alloc/reserved=278.7/1900.0
2026-04-11 17:40:45 | INFO | [Round 5] epoch=17/80 loss=1.9209 acc=48.80 val_acc=nan data_t=0.0046s batch_t=0.0803s epoch_t=00:00.68 lr=0.000894 | GPU MB alloc/reserved=278.7/1900.0
2026-04-11 17:40:45 | INFO | [Round 5] Epoch 17/80 time=00:00.68 avg=00:00.74 ETA=00:46.39 | GPU MB alloc/reserved=278.7/1900.0
2026-04-11 17:40:46 | INFO | [Round 5] epoch=18/80 loss=1.8023 acc=51.60 val_acc=nan data_t=0.0046s batch_t=0.0930s epoch_t=00:00.78 lr=0.000881 | GPU MB alloc/reserved=278.7/1900.0
2026-04-11 17:40:46 | INFO | [Round 5] Epoch 18/80 time=00:00.78 avg=00:00.74 ETA=00:45.81 | GPU MB alloc/reserved=278.7/1900.0
2026-04-11 17:40:47 | INFO | [Round 5] epoch=19/80 loss=1.6227 acc=55.50 val_acc=nan data_t=0.0041s batch_t=0.1091s epoch_t=00:00.91 lr=0.000868 | GPU MB alloc/reserved=278.7/1900.0
2026-04-11 17:40:47 | INFO | [Round 5] Epoch 19/80 time=00:00.91 avg=00:00.75 ETA=00:45.61 | GPU MB alloc/reserved=278.7/1900.0
2026-04-11 17:40:48 | INFO | [Round 5] epoch=20/80 loss=1.4431 acc=61.50 val_acc=nan data_t=0.0036s batch_t=0.1044s epoch_t=00:00.86 lr=0.000855 | GPU MB alloc/reserved=278.7/1900.0
2026-04-11 17:40:48 | INFO | [Round 5] Epoch 20/80 time=00:00.86 avg=00:00.75 ETA=00:45.21 | GPU MB alloc/reserved=278.7/1900.0
2026-04-11 17:40:49 | INFO | [Round 5] epoch=21/80 loss=1.3093 acc=64.50 val_acc=nan data_t=0.0032s batch_t=0.1057s epoch_t=00:00.87 lr=0.000841 | GPU MB alloc/reserved=278.7/1900.0
2026-04-11 17:40:49 | INFO | [Round 5] Epoch 21/80 time=00:00.87 avg=00:00.76 ETA=00:44.79 | GPU MB alloc/reserved=278.7/1900.0
2026-04-11 17:40:50 | INFO | [Round 5] epoch=22/80 loss=1.1829 acc=70.20 val_acc=nan data_t=0.0032s batch_t=0.1074s epoch_t=00:00.89 lr=0.000826 | GPU MB alloc/reserved=278.7/1900.0
2026-04-11 17:40:50 | INFO | [Round 5] Epoch 22/80 time=00:00.89 avg=00:00.76 ETA=00:44.36 | GPU MB alloc/reserved=278.7/1900.0
2026-04-11 17:40:51 | INFO | [Round 5] epoch=23/80 loss=1.1011 acc=71.80 val_acc=nan data_t=0.0031s batch_t=0.1089s epoch_t=00:00.90 lr=0.000811 | GPU MB alloc/reserved=278.7/1900.0
2026-04-11 17:40:51 | INFO | [Round 5] Epoch 23/80 time=00:00.90 avg=00:00.77 ETA=00:43.92 | GPU MB alloc/reserved=278.7/1900.0
2026-04-11 17:40:52 | INFO | [Round 5] epoch=24/80 loss=0.9638 acc=74.60 val_acc=nan data_t=0.0063s batch_t=0.1081s epoch_t=00:00.92 lr=0.000796 | GPU MB alloc/reserved=278.7/1900.0
2026-04-11 17:40:52 | INFO | [Round 5] Epoch 24/80 time=00:00.92 avg=00:00.78 ETA=00:43.49 | GPU MB alloc/reserved=278.7/1900.0
2026-04-11 17:40:52 | INFO | [Round 5] epoch=25/80 loss=0.8796 acc=77.50 val_acc=nan data_t=0.0033s batch_t=0.1086s epoch_t=00:00.90 lr=0.000780 | GPU MB alloc/reserved=278.7/1900.0
2026-04-11 17:40:52 | INFO | [Round 5] Epoch 25/80 time=00:00.90 avg=00:00.78 ETA=00:42.97 | GPU MB alloc/reserved=278.7/1900.0
2026-04-11 17:40:53 | INFO | [Round 5] epoch=26/80 loss=0.7774 acc=81.60 val_acc=nan data_t=0.0064s batch_t=0.1087s epoch_t=00:00.92 lr=0.000764 | GPU MB alloc/reserved=278.7/1900.0
2026-04-11 17:40:53 | INFO | [Round 5] Epoch 26/80 time=00:00.92 avg=00:00.79 ETA=00:42.48 | GPU MB alloc/reserved=278.7/1900.0
2026-04-11 17:40:54 | INFO | [Round 5] epoch=27/80 loss=0.6753 acc=85.10 val_acc=nan data_t=0.0049s batch_t=0.0848s epoch_t=00:00.72 lr=0.000747 | GPU MB alloc/reserved=278.7/1900.0
2026-04-11 17:40:54 | INFO | [Round 5] Epoch 27/80 time=00:00.72 avg=00:00.78 ETA=00:41.56 | GPU MB alloc/reserved=278.7/1900.0
2026-04-11 17:40:55 | INFO | [Round 5] epoch=28/80 loss=0.6491 acc=85.20 val_acc=nan data_t=0.0066s batch_t=0.0518s epoch_t=00:00.47 lr=0.000730 | GPU MB alloc/reserved=278.7/1900.0
2026-04-11 17:40:55 | INFO | [Round 5] Epoch 28/80 time=00:00.47 avg=00:00.77 ETA=00:40.19 | GPU MB alloc/reserved=278.7/1900.0
2026-04-11 17:40:55 | INFO | [Round 5] epoch=29/80 loss=0.5100 acc=89.50 val_acc=nan data_t=0.0077s batch_t=0.0329s epoch_t=00:00.33 lr=0.000712 | GPU MB alloc/reserved=278.7/1900.0
2026-04-11 17:40:55 | INFO | [Round 5] Epoch 29/80 time=00:00.33 avg=00:00.76 ETA=00:38.63 | GPU MB alloc/reserved=278.7/1900.0
2026-04-11 17:40:55 | INFO | [Round 5] epoch=30/80 loss=0.4966 acc=88.40 val_acc=nan data_t=0.0046s batch_t=0.0495s epoch_t=00:00.43 lr=0.000694 | GPU MB alloc/reserved=278.7/1900.0
2026-04-11 17:40:55 | INFO | [Round 5] Epoch 30/80 time=00:00.43 avg=00:00.75 ETA=00:37.33 | GPU MB alloc/reserved=278.7/1900.0
2026-04-11 17:40:56 | INFO | [Round 5] epoch=31/80 loss=0.4309 acc=91.60 val_acc=nan data_t=0.0036s batch_t=0.0444s epoch_t=00:00.38 lr=0.000676 | GPU MB alloc/reserved=278.7/1900.0
2026-04-11 17:40:56 | INFO | [Round 5] Epoch 31/80 time=00:00.38 avg=00:00.73 ETA=00:36.01 | GPU MB alloc/reserved=278.7/1900.0
2026-04-11 17:40:56 | INFO | [Round 5] epoch=32/80 loss=0.4714 acc=90.10 val_acc=nan data_t=0.0033s batch_t=0.0451s epoch_t=00:00.39 lr=0.000658 | GPU MB alloc/reserved=278.7/1900.0
2026-04-11 17:40:56 | INFO | [Round 5] Epoch 32/80 time=00:00.39 avg=00:00.72 ETA=00:34.76 | GPU MB alloc/reserved=278.7/1900.0
2026-04-11 17:40:56 | INFO | [Round 5] epoch=33/80 loss=0.3873 acc=91.90 val_acc=nan data_t=0.0041s batch_t=0.0318s epoch_t=00:00.29 lr=0.000639 | GPU MB alloc/reserved=278.7/1900.0
2026-04-11 17:40:56 | INFO | [Round 5] Epoch 33/80 time=00:00.29 avg=00:00.71 ETA=00:33.41 | GPU MB alloc/reserved=278.7/1900.0
2026-04-11 17:40:57 | INFO | [Round 5] epoch=34/80 loss=0.3568 acc=92.80 val_acc=nan data_t=0.0033s batch_t=0.0455s epoch_t=00:00.39 lr=0.000621 | GPU MB alloc/reserved=278.7/1900.0
2026-04-11 17:40:57 | INFO | [Round 5] Epoch 34/80 time=00:00.39 avg=00:00.70 ETA=00:32.27 | GPU MB alloc/reserved=278.7/1900.0
2026-04-11 17:40:57 | INFO | [Round 5] epoch=35/80 loss=0.2856 acc=95.10 val_acc=nan data_t=0.0033s batch_t=0.0802s epoch_t=00:00.67 lr=0.000602 | GPU MB alloc/reserved=278.7/1900.0
2026-04-11 17:40:57 | INFO | [Round 5] Epoch 35/80 time=00:00.67 avg=00:00.70 ETA=00:31.52 | GPU MB alloc/reserved=278.7/1900.0
2026-04-11 17:40:58 | INFO | [Round 5] epoch=36/80 loss=0.2318 acc=96.20 val_acc=nan data_t=0.0049s batch_t=0.0918s epoch_t=00:00.77 lr=0.000582 | GPU MB alloc/reserved=278.7/1900.0
2026-04-11 17:40:58 | INFO | [Round 5] Epoch 36/80 time=00:00.77 avg=00:00.70 ETA=00:30.91 | GPU MB alloc/reserved=278.7/1900.0
2026-04-11 17:40:59 | INFO | [Round 5] epoch=37/80 loss=0.1776 acc=98.10 val_acc=nan data_t=0.0064s batch_t=0.0907s epoch_t=00:00.78 lr=0.000563 | GPU MB alloc/reserved=278.7/1900.0
2026-04-11 17:40:59 | INFO | [Round 5] Epoch 37/80 time=00:00.78 avg=00:00.70 ETA=00:30.30 | GPU MB alloc/reserved=278.7/1900.0
2026-04-11 17:41:00 | INFO | [Round 5] epoch=38/80 loss=0.1577 acc=98.00 val_acc=nan data_t=0.0040s batch_t=0.0890s epoch_t=00:00.74 lr=0.000544 | GPU MB alloc/reserved=278.7/1900.0
2026-04-11 17:41:00 | INFO | [Round 5] Epoch 38/80 time=00:00.74 avg=00:00.71 ETA=00:29.64 | GPU MB alloc/reserved=278.7/1900.0
2026-04-11 17:41:01 | INFO | [Round 5] epoch=39/80 loss=0.1507 acc=98.50 val_acc=nan data_t=0.0040s batch_t=0.0903s epoch_t=00:00.75 lr=0.000524 | GPU MB alloc/reserved=278.7/1900.0
2026-04-11 17:41:01 | INFO | [Round 5] Epoch 39/80 time=00:00.75 avg=00:00.71 ETA=00:28.98 | GPU MB alloc/reserved=278.7/1900.0
2026-04-11 17:41:01 | INFO | [Round 5] epoch=40/80 loss=0.1198 acc=99.00 val_acc=nan data_t=0.0041s batch_t=0.0883s epoch_t=00:00.74 lr=0.000505 | GPU MB alloc/reserved=278.7/1900.0
2026-04-11 17:41:01 | INFO | [Round 5] Epoch 40/80 time=00:00.74 avg=00:00.71 ETA=00:28.31 | GPU MB alloc/reserved=278.7/1900.0
2026-04-11 17:41:02 | INFO | [Round 5] epoch=41/80 loss=0.1225 acc=98.10 val_acc=nan data_t=0.0042s batch_t=0.0879s epoch_t=00:00.74 lr=0.000486 | GPU MB alloc/reserved=278.7/1900.0
2026-04-11 17:41:02 | INFO | [Round 5] Epoch 41/80 time=00:00.74 avg=00:00.71 ETA=00:27.63 | GPU MB alloc/reserved=278.7/1900.0
2026-04-11 17:41:03 | INFO | [Round 5] epoch=42/80 loss=0.1275 acc=98.10 val_acc=nan data_t=0.0058s batch_t=0.0855s epoch_t=00:00.73 lr=0.000466 | GPU MB alloc/reserved=278.7/1900.0
2026-04-11 17:41:03 | INFO | [Round 5] Epoch 42/80 time=00:00.73 avg=00:00.71 ETA=00:26.94 | GPU MB alloc/reserved=278.7/1900.0
2026-04-11 17:41:04 | INFO | [Round 5] epoch=43/80 loss=0.1113 acc=99.10 val_acc=nan data_t=0.0052s batch_t=0.0891s epoch_t=00:00.75 lr=0.000447 | GPU MB alloc/reserved=278.7/1900.0
2026-04-11 17:41:04 | INFO | [Round 5] Epoch 43/80 time=00:00.75 avg=00:00.71 ETA=00:26.27 | GPU MB alloc/reserved=278.7/1900.0
2026-04-11 17:41:04 | INFO | [Round 5] epoch=44/80 loss=0.0775 acc=99.80 val_acc=nan data_t=0.0034s batch_t=0.0880s epoch_t=00:00.73 lr=0.000428 | GPU MB alloc/reserved=278.7/1900.0
2026-04-11 17:41:04 | INFO | [Round 5] Epoch 44/80 time=00:00.73 avg=00:00.71 ETA=00:25.58 | GPU MB alloc/reserved=278.7/1900.0
2026-04-11 17:41:05 | INFO | [Round 5] epoch=45/80 loss=0.0690 acc=99.60 val_acc=nan data_t=0.0054s batch_t=0.0893s epoch_t=00:00.76 lr=0.000408 | GPU MB alloc/reserved=278.7/1900.0
2026-04-11 17:41:05 | INFO | [Round 5] Epoch 45/80 time=00:00.76 avg=00:00.71 ETA=00:24.90 | GPU MB alloc/reserved=278.7/1900.0
2026-04-11 17:41:06 | INFO | [Round 5] epoch=46/80 loss=0.0543 acc=99.80 val_acc=nan data_t=0.0058s batch_t=0.0921s epoch_t=00:00.78 lr=0.000389 | GPU MB alloc/reserved=278.7/1900.0
2026-04-11 17:41:06 | INFO | [Round 5] Epoch 46/80 time=00:00.78 avg=00:00.71 ETA=00:24.24 | GPU MB alloc/reserved=278.7/1900.0
2026-04-11 17:41:07 | INFO | [Round 5] epoch=47/80 loss=0.0528 acc=99.70 val_acc=nan data_t=0.0031s batch_t=0.0920s epoch_t=00:00.76 lr=0.000371 | GPU MB alloc/reserved=278.7/1900.0
2026-04-11 17:41:07 | INFO | [Round 5] Epoch 47/80 time=00:00.76 avg=00:00.71 ETA=00:23.57 | GPU MB alloc/reserved=278.7/1900.0
2026-04-11 17:41:07 | INFO | [Round 5] epoch=48/80 loss=0.0470 acc=99.90 val_acc=nan data_t=0.0041s batch_t=0.0863s epoch_t=00:00.72 lr=0.000352 | GPU MB alloc/reserved=278.7/1900.0
2026-04-11 17:41:07 | INFO | [Round 5] Epoch 48/80 time=00:00.72 avg=00:00.71 ETA=00:22.86 | GPU MB alloc/reserved=278.7/1900.0
2026-04-11 17:41:08 | INFO | [Round 5] epoch=49/80 loss=0.0496 acc=99.70 val_acc=nan data_t=0.0052s batch_t=0.0889s epoch_t=00:00.75 lr=0.000334 | GPU MB alloc/reserved=278.7/1900.0
2026-04-11 17:41:08 | INFO | [Round 5] Epoch 49/80 time=00:00.75 avg=00:00.72 ETA=00:22.17 | GPU MB alloc/reserved=278.7/1900.0
2026-04-11 17:41:09 | INFO | [Round 5] epoch=50/80 loss=0.0392 acc=99.90 val_acc=nan data_t=0.0073s batch_t=0.0884s epoch_t=00:00.77 lr=0.000316 | GPU MB alloc/reserved=278.7/1900.0
2026-04-11 17:41:09 | INFO | [Round 5] Epoch 50/80 time=00:00.77 avg=00:00.72 ETA=00:21.48 | GPU MB alloc/reserved=278.7/1900.0
2026-04-11 17:41:10 | INFO | [Round 5] epoch=51/80 loss=0.0417 acc=99.80 val_acc=nan data_t=0.0043s batch_t=0.0873s epoch_t=00:00.73 lr=0.000298 | GPU MB alloc/reserved=278.7/1900.0
2026-04-11 17:41:10 | INFO | [Round 5] Epoch 51/80 time=00:00.73 avg=00:00.72 ETA=00:20.78 | GPU MB alloc/reserved=278.7/1900.0
2026-04-11 17:41:10 | INFO | [Round 5] epoch=52/80 loss=0.0428 acc=99.80 val_acc=nan data_t=0.0041s batch_t=0.0846s epoch_t=00:00.71 lr=0.000280 | GPU MB alloc/reserved=278.7/1900.0
2026-04-11 17:41:10 | INFO | [Round 5] Epoch 52/80 time=00:00.71 avg=00:00.72 ETA=00:20.06 | GPU MB alloc/reserved=278.7/1900.0
2026-04-11 17:41:11 | INFO | [Round 5] epoch=53/80 loss=0.0326 acc=99.90 val_acc=nan data_t=0.0048s batch_t=0.0893s epoch_t=00:00.75 lr=0.000263 | GPU MB alloc/reserved=278.7/1900.0
2026-04-11 17:41:11 | INFO | [Round 5] Epoch 53/80 time=00:00.75 avg=00:00.72 ETA=00:19.36 | GPU MB alloc/reserved=278.7/1900.0
2026-04-11 17:41:12 | INFO | [Round 5] epoch=54/80 loss=0.0353 acc=99.90 val_acc=nan data_t=0.0042s batch_t=0.0881s epoch_t=00:00.74 lr=0.000246 | GPU MB alloc/reserved=278.7/1900.0
2026-04-11 17:41:12 | INFO | [Round 5] Epoch 54/80 time=00:00.74 avg=00:00.72 ETA=00:18.65 | GPU MB alloc/reserved=278.7/1900.0
2026-04-11 17:41:12 | INFO | [Round 5] epoch=55/80 loss=0.0298 acc=100.00 val_acc=nan data_t=0.0045s batch_t=0.0895s epoch_t=00:00.75 lr=0.000230 | GPU MB alloc/reserved=278.7/1900.0
2026-04-11 17:41:12 | INFO | [Round 5] Epoch 55/80 time=00:00.75 avg=00:00.72 ETA=00:17.95 | GPU MB alloc/reserved=278.7/1900.0
2026-04-11 17:41:13 | INFO | [Round 5] epoch=56/80 loss=0.0275 acc=99.90 val_acc=nan data_t=0.0042s batch_t=0.0904s epoch_t=00:00.76 lr=0.000214 | GPU MB alloc/reserved=278.7/1900.0
2026-04-11 17:41:13 | INFO | [Round 5] Epoch 56/80 time=00:00.76 avg=00:00.72 ETA=00:17.25 | GPU MB alloc/reserved=278.7/1900.0
2026-04-11 17:41:14 | INFO | [Round 5] epoch=57/80 loss=0.0267 acc=99.80 val_acc=nan data_t=0.0047s batch_t=0.0895s epoch_t=00:00.75 lr=0.000199 | GPU MB alloc/reserved=278.7/1900.0
2026-04-11 17:41:14 | INFO | [Round 5] Epoch 57/80 time=00:00.75 avg=00:00.72 ETA=00:16.54 | GPU MB alloc/reserved=278.7/1900.0
2026-04-11 17:41:15 | INFO | [Round 5] epoch=58/80 loss=0.0271 acc=99.90 val_acc=nan data_t=0.0065s batch_t=0.0871s epoch_t=00:00.75 lr=0.000184 | GPU MB alloc/reserved=278.7/1900.0
2026-04-11 17:41:15 | INFO | [Round 5] Epoch 58/80 time=00:00.75 avg=00:00.72 ETA=00:15.84 | GPU MB alloc/reserved=278.7/1900.0
2026-04-11 17:41:15 | INFO | [Round 5] epoch=59/80 loss=0.0241 acc=100.00 val_acc=nan data_t=0.0035s batch_t=0.0876s epoch_t=00:00.73 lr=0.000169 | GPU MB alloc/reserved=278.7/1900.0
2026-04-11 17:41:15 | INFO | [Round 5] Epoch 59/80 time=00:00.73 avg=00:00.72 ETA=00:15.12 | GPU MB alloc/reserved=278.7/1900.0
2026-04-11 17:41:16 | INFO | [Round 5] epoch=60/80 loss=0.0263 acc=99.90 val_acc=nan data_t=0.0063s batch_t=0.0877s epoch_t=00:00.75 lr=0.000155 | GPU MB alloc/reserved=278.7/1900.0
2026-04-11 17:41:16 | INFO | [Round 5] Epoch 60/80 time=00:00.75 avg=00:00.72 ETA=00:14.41 | GPU MB alloc/reserved=278.7/1900.0
2026-04-11 17:41:17 | INFO | [Round 5] epoch=61/80 loss=0.0223 acc=100.00 val_acc=nan data_t=0.0061s batch_t=0.0892s epoch_t=00:00.76 lr=0.000142 | GPU MB alloc/reserved=278.7/1900.0
2026-04-11 17:41:17 | INFO | [Round 5] Epoch 61/80 time=00:00.76 avg=00:00.72 ETA=00:13.70 | GPU MB alloc/reserved=278.7/1900.0
2026-04-11 17:41:18 | INFO | [Round 5] epoch=62/80 loss=0.0209 acc=99.90 val_acc=nan data_t=0.0063s batch_t=0.0882s epoch_t=00:00.76 lr=0.000129 | GPU MB alloc/reserved=278.7/1900.0
2026-04-11 17:41:18 | INFO | [Round 5] Epoch 62/80 time=00:00.76 avg=00:00.72 ETA=00:12.99 | GPU MB alloc/reserved=278.7/1900.0
2026-04-11 17:41:18 | INFO | [Round 5] epoch=63/80 loss=0.0236 acc=100.00 val_acc=nan data_t=0.0033s batch_t=0.0905s epoch_t=00:00.75 lr=0.000116 | GPU MB alloc/reserved=278.7/1900.0
2026-04-11 17:41:18 | INFO | [Round 5] Epoch 63/80 time=00:00.75 avg=00:00.72 ETA=00:12.28 | GPU MB alloc/reserved=278.7/1900.0
2026-04-11 17:41:19 | INFO | [Round 5] epoch=64/80 loss=0.0203 acc=100.00 val_acc=nan data_t=0.0034s batch_t=0.0876s epoch_t=00:00.73 lr=0.000105 | GPU MB alloc/reserved=278.7/1900.0
2026-04-11 17:41:19 | INFO | [Round 5] Epoch 64/80 time=00:00.73 avg=00:00.72 ETA=00:11.56 | GPU MB alloc/reserved=278.7/1900.0
2026-04-11 17:41:20 | INFO | [Round 5] epoch=65/80 loss=0.0195 acc=100.00 val_acc=nan data_t=0.0041s batch_t=0.0895s epoch_t=00:00.75 lr=0.000093 | GPU MB alloc/reserved=278.7/1900.0
2026-04-11 17:41:20 | INFO | [Round 5] Epoch 65/80 time=00:00.75 avg=00:00.72 ETA=00:10.84 | GPU MB alloc/reserved=278.7/1900.0
2026-04-11 17:41:21 | INFO | [Round 5] epoch=66/80 loss=0.0192 acc=100.00 val_acc=nan data_t=0.0041s batch_t=0.0924s epoch_t=00:00.77 lr=0.000083 | GPU MB alloc/reserved=278.7/1900.0
2026-04-11 17:41:21 | INFO | [Round 5] Epoch 66/80 time=00:00.77 avg=00:00.72 ETA=00:10.13 | GPU MB alloc/reserved=278.7/1900.0
2026-04-11 17:41:22 | INFO | [Round 5] epoch=67/80 loss=0.0199 acc=100.00 val_acc=nan data_t=0.0074s batch_t=0.0920s epoch_t=00:00.80 lr=0.000073 | GPU MB alloc/reserved=278.7/1900.0
2026-04-11 17:41:22 | INFO | [Round 5] Epoch 67/80 time=00:00.80 avg=00:00.72 ETA=00:09.42 | GPU MB alloc/reserved=278.7/1900.0
2026-04-11 17:41:22 | INFO | [Round 5] epoch=68/80 loss=0.0195 acc=100.00 val_acc=nan data_t=0.0059s batch_t=0.0886s epoch_t=00:00.76 lr=0.000064 | GPU MB alloc/reserved=278.7/1900.0
2026-04-11 17:41:22 | INFO | [Round 5] Epoch 68/80 time=00:00.76 avg=00:00.73 ETA=00:08.70 | GPU MB alloc/reserved=278.7/1900.0
2026-04-11 17:41:23 | INFO | [Round 5] epoch=69/80 loss=0.0202 acc=100.00 val_acc=nan data_t=0.0057s batch_t=0.0901s epoch_t=00:00.77 lr=0.000055 | GPU MB alloc/reserved=278.7/1900.0
2026-04-11 17:41:23 | INFO | [Round 5] Epoch 69/80 time=00:00.77 avg=00:00.73 ETA=00:07.98 | GPU MB alloc/reserved=278.7/1900.0
2026-04-11 17:41:24 | INFO | [Round 5] epoch=70/80 loss=0.0199 acc=100.00 val_acc=nan data_t=0.0036s batch_t=0.0898s epoch_t=00:00.75 lr=0.000048 | GPU MB alloc/reserved=278.7/1900.0
2026-04-11 17:41:24 | INFO | [Round 5] Epoch 70/80 time=00:00.75 avg=00:00.73 ETA=00:07.26 | GPU MB alloc/reserved=278.7/1900.0
2026-04-11 17:41:25 | INFO | [Round 5] epoch=71/80 loss=0.0194 acc=100.00 val_acc=nan data_t=0.0032s batch_t=0.0881s epoch_t=00:00.73 lr=0.000041 | GPU MB alloc/reserved=278.7/1900.0
2026-04-11 17:41:25 | INFO | [Round 5] Epoch 71/80 time=00:00.73 avg=00:00.73 ETA=00:06.53 | GPU MB alloc/reserved=278.7/1900.0
2026-04-11 17:41:25 | INFO | [Round 5] epoch=72/80 loss=0.0211 acc=99.90 val_acc=nan data_t=0.0052s batch_t=0.0887s epoch_t=00:00.75 lr=0.000034 | GPU MB alloc/reserved=278.7/1900.0
2026-04-11 17:41:25 | INFO | [Round 5] Epoch 72/80 time=00:00.75 avg=00:00.73 ETA=00:05.81 | GPU MB alloc/reserved=278.7/1900.0
2026-04-11 17:41:26 | INFO | [Round 5] epoch=73/80 loss=0.0166 acc=100.00 val_acc=nan data_t=0.0064s batch_t=0.0876s epoch_t=00:00.75 lr=0.000029 | GPU MB alloc/reserved=278.7/1900.0
2026-04-11 17:41:26 | INFO | [Round 5] Epoch 73/80 time=00:00.75 avg=00:00.73 ETA=00:05.09 | GPU MB alloc/reserved=278.7/1900.0
2026-04-11 17:41:27 | INFO | [Round 5] epoch=74/80 loss=0.0212 acc=100.00 val_acc=nan data_t=0.0035s batch_t=0.0882s epoch_t=00:00.73 lr=0.000024 | GPU MB alloc/reserved=278.7/1900.0
2026-04-11 17:41:27 | INFO | [Round 5] Epoch 74/80 time=00:00.73 avg=00:00.73 ETA=00:04.36 | GPU MB alloc/reserved=278.7/1900.0
2026-04-11 17:41:28 | INFO | [Round 5] epoch=75/80 loss=0.0170 acc=100.00 val_acc=nan data_t=0.0030s batch_t=0.0912s epoch_t=00:00.75 lr=0.000020 | GPU MB alloc/reserved=278.7/1900.0
2026-04-11 17:41:28 | INFO | [Round 5] Epoch 75/80 time=00:00.75 avg=00:00.73 ETA=00:03.64 | GPU MB alloc/reserved=278.7/1900.0
2026-04-11 17:41:28 | INFO | [Round 5] epoch=76/80 loss=0.0197 acc=99.90 val_acc=nan data_t=0.0057s batch_t=0.0864s epoch_t=00:00.74 lr=0.000016 | GPU MB alloc/reserved=278.7/1900.0
2026-04-11 17:41:28 | INFO | [Round 5] Epoch 76/80 time=00:00.74 avg=00:00.73 ETA=00:02.91 | GPU MB alloc/reserved=278.7/1900.0
2026-04-11 17:41:29 | INFO | [Round 5] epoch=77/80 loss=0.0182 acc=100.00 val_acc=nan data_t=0.0050s batch_t=0.0914s epoch_t=00:00.77 lr=0.000013 | GPU MB alloc/reserved=278.7/1900.0
2026-04-11 17:41:29 | INFO | [Round 5] Epoch 77/80 time=00:00.77 avg=00:00.73 ETA=00:02.18 | GPU MB alloc/reserved=278.7/1900.0
2026-04-11 17:41:30 | INFO | [Round 5] epoch=78/80 loss=0.0182 acc=100.00 val_acc=nan data_t=0.0057s batch_t=0.0915s epoch_t=00:00.78 lr=0.000012 | GPU MB alloc/reserved=278.7/1900.0
2026-04-11 17:41:30 | INFO | [Round 5] Epoch 78/80 time=00:00.78 avg=00:00.73 ETA=00:01.46 | GPU MB alloc/reserved=278.7/1900.0
2026-04-11 17:41:31 | INFO | [Round 5] epoch=79/80 loss=0.0183 acc=100.00 val_acc=nan data_t=0.0037s batch_t=0.0902s epoch_t=00:00.75 lr=0.000010 | GPU MB alloc/reserved=278.7/1900.0
2026-04-11 17:41:31 | INFO | [Round 5] Epoch 79/80 time=00:00.75 avg=00:00.73 ETA=00:00.73 | GPU MB alloc/reserved=278.7/1900.0
2026-04-11 17:41:31 | INFO | [Round 5] epoch=80/80 loss=0.0177 acc=100.00 val_acc=nan data_t=0.0062s batch_t=0.0714s epoch_t=00:00.62 lr=0.000010 | GPU MB alloc/reserved=278.7/1900.0
2026-04-11 17:41:31 | INFO | [Round 5] Epoch 80/80 time=00:00.62 avg=00:00.73 ETA=00:00.00 | GPU MB alloc/reserved=278.7/1900.0
2026-04-11 17:41:31 | INFO | [Round 5] training complete in 00:58.48 (best monitor=100.000) | GPU MB alloc/reserved=278.7/1900.0
2026-04-11 17:41:31 | INFO | [Round 5] evaluation started | GPU MB alloc/reserved=192.2/1900.0
2026-04-11 17:41:40 | INFO | [Round 5] clean=13.60 fgsm=10.11 pgd=10.04 grad_disp_mean=nan grad_disp_sel=nan round_t=69.57s | GPU MB alloc/reserved=192.2/1900.0
2026-04-11 17:41:40 | INFO | [Round 6/21] elapsed=01:09.57 avg_round=00:55.42 projected_remaining=13:51.36 | GPU MB alloc/reserved=192.2/1900.0
2026-04-11 17:41:41 | INFO | [Round 6] acquisition on pool_size=49000 scored_pool=5000 budget=100 | GPU MB alloc/reserved=102.7/1900.0
2026-04-11 17:41:42 | INFO | [CoreSet-unlabeled-feat] scoring progress 10/20 elapsed=00:00.30 avg/batch=0.030s ETA=00:00.30 | GPU MB alloc/reserved=110.8/1900.0
2026-04-11 17:41:42 | INFO | [CoreSet-unlabeled-feat] scoring progress 20/20 elapsed=00:00.44 avg/batch=0.022s ETA=00:00.00 | GPU MB alloc/reserved=115.0/1900.0
2026-04-11 17:41:42 | INFO | [CoreSet-labeled-feat] scoring progress 4/4 elapsed=00:00.21 avg/batch=0.053s ETA=00:00.00 | GPU MB alloc/reserved=117.3/1900.0
2026-04-11 17:41:42 | INFO | [CoreSet] greedy 10/100 cover_radius=28.635620 | GPU: n/a
2026-04-11 17:41:42 | INFO | [CoreSet] greedy 20/100 cover_radius=28.131870 | GPU: n/a
2026-04-11 17:41:42 | INFO | [CoreSet] greedy 30/100 cover_radius=27.613487 | GPU: n/a
2026-04-11 17:41:42 | INFO | [CoreSet] greedy 40/100 cover_radius=27.483168 | GPU: n/a
2026-04-11 17:41:42 | INFO | [CoreSet] greedy 50/100 cover_radius=27.317766 | GPU: n/a
2026-04-11 17:41:42 | INFO | [CoreSet] greedy 60/100 cover_radius=27.047995 | GPU: n/a
2026-04-11 17:41:42 | INFO | [CoreSet] greedy 70/100 cover_radius=26.920010 | GPU: n/a
2026-04-11 17:41:42 | INFO | [CoreSet] greedy 80/100 cover_radius=26.817219 | GPU: n/a
2026-04-11 17:41:42 | INFO | [CoreSet] greedy 90/100 cover_radius=26.666197 | GPU: n/a
2026-04-11 17:41:42 | INFO | [CoreSet] greedy 100/100 cover_radius=26.579168 | GPU: n/a
2026-04-11 17:41:43 | INFO | [Round 6] labeled=1100 train=1100 val_fixed=0 | GPU MB alloc/reserved=147.4/1900.0
2026-04-11 17:41:44 | INFO | [Round 6] epoch=1/80 loss=4.7767 acc=1.73 val_acc=nan data_t=0.0199s batch_t=0.0914s epoch_t=00:01.00 lr=0.001000 | GPU MB alloc/reserved=277.3/1900.0
2026-04-11 17:41:44 | INFO | [Round 6] Epoch 1/80 time=00:01.00 avg=00:01.00 ETA=01:19.17 | GPU MB alloc/reserved=277.3/1900.0
2026-04-11 17:41:45 | INFO | [Round 6] epoch=2/80 loss=4.4044 acc=4.73 val_acc=nan data_t=0.0049s batch_t=0.0896s epoch_t=00:00.85 lr=0.000998 | GPU MB alloc/reserved=277.3/1900.0
2026-04-11 17:41:45 | INFO | [Round 6] Epoch 2/80 time=00:00.85 avg=00:00.93 ETA=01:12.27 | GPU MB alloc/reserved=277.3/1900.0
2026-04-11 17:41:45 | INFO | [Round 6] epoch=3/80 loss=4.1210 acc=8.00 val_acc=nan data_t=0.0043s batch_t=0.0876s epoch_t=00:00.83 lr=0.000997 | GPU MB alloc/reserved=277.3/1900.0
2026-04-11 17:41:45 | INFO | [Round 6] Epoch 3/80 time=00:00.83 avg=00:00.89 ETA=01:08.81 | GPU MB alloc/reserved=277.3/1900.0
2026-04-11 17:41:46 | INFO | [Round 6] epoch=4/80 loss=3.9209 acc=9.45 val_acc=nan data_t=0.0050s batch_t=0.0868s epoch_t=00:00.83 lr=0.000994 | GPU MB alloc/reserved=277.3/1900.0
2026-04-11 17:41:46 | INFO | [Round 6] Epoch 4/80 time=00:00.83 avg=00:00.88 ETA=01:06.63 | GPU MB alloc/reserved=277.3/1900.0
2026-04-11 17:41:47 | INFO | [Round 6] epoch=5/80 loss=3.7718 acc=10.45 val_acc=nan data_t=0.0049s batch_t=0.0862s epoch_t=00:00.82 lr=0.000990 | GPU MB alloc/reserved=277.3/1900.0
2026-04-11 17:41:47 | INFO | [Round 6] Epoch 5/80 time=00:00.82 avg=00:00.87 ETA=01:04.90 | GPU MB alloc/reserved=277.3/1900.0
2026-04-11 17:41:48 | INFO | [Round 6] epoch=6/80 loss=3.6618 acc=11.73 val_acc=nan data_t=0.0050s batch_t=0.0873s epoch_t=00:00.83 lr=0.000986 | GPU MB alloc/reserved=277.3/1900.0
2026-04-11 17:41:48 | INFO | [Round 6] Epoch 6/80 time=00:00.83 avg=00:00.86 ETA=01:03.60 | GPU MB alloc/reserved=277.3/1900.0
2026-04-11 17:41:49 | INFO | [Round 6] epoch=7/80 loss=3.4396 acc=14.91 val_acc=nan data_t=0.0043s batch_t=0.0911s epoch_t=00:00.86 lr=0.000981 | GPU MB alloc/reserved=277.3/1900.0
2026-04-11 17:41:49 | INFO | [Round 6] Epoch 7/80 time=00:00.86 avg=00:00.86 ETA=01:02.74 | GPU MB alloc/reserved=277.3/1900.0
2026-04-11 17:41:50 | INFO | [Round 6] epoch=8/80 loss=3.3282 acc=17.27 val_acc=nan data_t=0.0051s batch_t=0.0871s epoch_t=00:00.83 lr=0.000976 | GPU MB alloc/reserved=277.3/1900.0
2026-04-11 17:41:50 | INFO | [Round 6] Epoch 8/80 time=00:00.83 avg=00:00.86 ETA=01:01.62 | GPU MB alloc/reserved=277.3/1900.0
2026-04-11 17:41:50 | INFO | [Round 6] epoch=9/80 loss=3.2217 acc=18.91 val_acc=nan data_t=0.0049s batch_t=0.0869s epoch_t=00:00.83 lr=0.000969 | GPU MB alloc/reserved=277.3/1900.0
2026-04-11 17:41:50 | INFO | [Round 6] Epoch 9/80 time=00:00.83 avg=00:00.85 ETA=01:00.53 | GPU MB alloc/reserved=277.3/1900.0
2026-04-11 17:41:51 | INFO | [Round 6] epoch=10/80 loss=3.0625 acc=20.18 val_acc=nan data_t=0.0054s batch_t=0.0844s epoch_t=00:00.81 lr=0.000962 | GPU MB alloc/reserved=277.3/1900.0
2026-04-11 17:41:51 | INFO | [Round 6] Epoch 10/80 time=00:00.81 avg=00:00.85 ETA=00:59.37 | GPU MB alloc/reserved=277.3/1900.0
2026-04-11 17:41:52 | INFO | [Round 6] epoch=11/80 loss=2.8488 acc=25.27 val_acc=nan data_t=0.0042s batch_t=0.0880s epoch_t=00:00.83 lr=0.000955 | GPU MB alloc/reserved=277.3/1900.0
2026-04-11 17:41:52 | INFO | [Round 6] Epoch 11/80 time=00:00.83 avg=00:00.85 ETA=00:58.41 | GPU MB alloc/reserved=277.3/1900.0
2026-04-11 17:41:53 | INFO | [Round 6] epoch=12/80 loss=2.7063 acc=28.00 val_acc=nan data_t=0.0040s batch_t=0.0898s epoch_t=00:00.84 lr=0.000946 | GPU MB alloc/reserved=277.3/1900.0
2026-04-11 17:41:53 | INFO | [Round 6] Epoch 12/80 time=00:00.84 avg=00:00.85 ETA=00:57.55 | GPU MB alloc/reserved=277.3/1900.0
2026-04-11 17:41:54 | INFO | [Round 6] epoch=13/80 loss=2.5968 acc=31.09 val_acc=nan data_t=0.0032s batch_t=0.0884s epoch_t=00:00.83 lr=0.000937 | GPU MB alloc/reserved=277.3/1900.0
2026-04-11 17:41:54 | INFO | [Round 6] Epoch 13/80 time=00:00.83 avg=00:00.84 ETA=00:56.60 | GPU MB alloc/reserved=277.3/1900.0
2026-04-11 17:41:55 | INFO | [Round 6] epoch=14/80 loss=2.4192 acc=34.27 val_acc=nan data_t=0.0033s batch_t=0.0871s epoch_t=00:00.81 lr=0.000927 | GPU MB alloc/reserved=277.3/1900.0
2026-04-11 17:41:55 | INFO | [Round 6] Epoch 14/80 time=00:00.81 avg=00:00.84 ETA=00:55.61 | GPU MB alloc/reserved=277.3/1900.0
2026-04-11 17:41:55 | INFO | [Round 6] epoch=15/80 loss=2.2514 acc=38.73 val_acc=nan data_t=0.0047s batch_t=0.0875s epoch_t=00:00.83 lr=0.000917 | GPU MB alloc/reserved=277.3/1900.0
2026-04-11 17:41:55 | INFO | [Round 6] Epoch 15/80 time=00:00.83 avg=00:00.84 ETA=00:54.71 | GPU MB alloc/reserved=277.3/1900.0
2026-04-11 17:41:56 | INFO | [Round 6] epoch=16/80 loss=2.1937 acc=38.82 val_acc=nan data_t=0.0032s batch_t=0.0866s epoch_t=00:00.81 lr=0.000905 | GPU MB alloc/reserved=277.3/1900.0
2026-04-11 17:41:56 | INFO | [Round 6] Epoch 16/80 time=00:00.81 avg=00:00.84 ETA=00:53.74 | GPU MB alloc/reserved=277.3/1900.0
2026-04-11 17:41:57 | INFO | [Round 6] epoch=17/80 loss=1.9914 acc=45.91 val_acc=nan data_t=0.0053s batch_t=0.0793s epoch_t=00:00.76 lr=0.000894 | GPU MB alloc/reserved=277.3/1900.0
2026-04-11 17:41:57 | INFO | [Round 6] Epoch 17/80 time=00:00.76 avg=00:00.84 ETA=00:52.61 | GPU MB alloc/reserved=277.3/1900.0
2026-04-11 17:41:58 | INFO | [Round 6] epoch=18/80 loss=1.8061 acc=52.09 val_acc=nan data_t=0.0029s batch_t=0.0739s epoch_t=00:00.69 lr=0.000881 | GPU MB alloc/reserved=277.3/1900.0
2026-04-11 17:41:58 | INFO | [Round 6] Epoch 18/80 time=00:00.69 avg=00:00.83 ETA=00:51.28 | GPU MB alloc/reserved=277.3/1900.0
2026-04-11 17:41:59 | INFO | [Round 6] epoch=19/80 loss=1.6642 acc=54.73 val_acc=nan data_t=0.0045s batch_t=0.0971s epoch_t=00:00.91 lr=0.000868 | GPU MB alloc/reserved=277.3/1900.0
2026-04-11 17:41:59 | INFO | [Round 6] Epoch 19/80 time=00:00.91 avg=00:00.83 ETA=00:50.74 | GPU MB alloc/reserved=277.3/1900.0
2026-04-11 17:42:00 | INFO | [Round 6] epoch=20/80 loss=1.5686 acc=58.18 val_acc=nan data_t=0.0058s batch_t=0.0972s epoch_t=00:00.93 lr=0.000855 | GPU MB alloc/reserved=277.3/1900.0
2026-04-11 17:42:00 | INFO | [Round 6] Epoch 20/80 time=00:00.93 avg=00:00.84 ETA=00:50.19 | GPU MB alloc/reserved=277.3/1900.0
2026-04-11 17:42:00 | INFO | [Round 6] epoch=21/80 loss=1.4206 acc=61.45 val_acc=nan data_t=0.0056s batch_t=0.0933s epoch_t=00:00.89 lr=0.000841 | GPU MB alloc/reserved=277.3/1900.0
2026-04-11 17:42:00 | INFO | [Round 6] Epoch 21/80 time=00:00.89 avg=00:00.84 ETA=00:49.51 | GPU MB alloc/reserved=277.3/1900.0
2026-04-11 17:42:01 | INFO | [Round 6] epoch=22/80 loss=1.2705 acc=67.09 val_acc=nan data_t=0.0056s batch_t=0.0981s epoch_t=00:00.93 lr=0.000826 | GPU MB alloc/reserved=277.3/1900.0
2026-04-11 17:42:01 | INFO | [Round 6] Epoch 22/80 time=00:00.93 avg=00:00.84 ETA=00:48.92 | GPU MB alloc/reserved=277.3/1900.0
2026-04-11 17:42:02 | INFO | [Round 6] epoch=23/80 loss=1.1617 acc=68.64 val_acc=nan data_t=0.0029s batch_t=0.0959s epoch_t=00:00.89 lr=0.000811 | GPU MB alloc/reserved=277.3/1900.0
2026-04-11 17:42:02 | INFO | [Round 6] Epoch 23/80 time=00:00.89 avg=00:00.85 ETA=00:48.19 | GPU MB alloc/reserved=277.3/1900.0
2026-04-11 17:42:03 | INFO | [Round 6] epoch=24/80 loss=1.0883 acc=72.09 val_acc=nan data_t=0.0041s batch_t=0.0811s epoch_t=00:00.77 lr=0.000796 | GPU MB alloc/reserved=277.3/1900.0
2026-04-11 17:42:03 | INFO | [Round 6] Epoch 24/80 time=00:00.77 avg=00:00.84 ETA=00:47.16 | GPU MB alloc/reserved=277.3/1900.0
2026-04-11 17:42:04 | INFO | [Round 6] epoch=25/80 loss=0.9335 acc=77.00 val_acc=nan data_t=0.0032s batch_t=0.0994s epoch_t=00:00.92 lr=0.000780 | GPU MB alloc/reserved=277.3/1900.0
2026-04-11 17:42:04 | INFO | [Round 6] Epoch 25/80 time=00:00.92 avg=00:00.85 ETA=00:46.49 | GPU MB alloc/reserved=277.3/1900.0
2026-04-11 17:42:05 | INFO | [Round 6] epoch=26/80 loss=0.8062 acc=80.55 val_acc=nan data_t=0.0035s batch_t=0.1070s epoch_t=00:00.99 lr=0.000764 | GPU MB alloc/reserved=277.3/1900.0
2026-04-11 17:42:05 | INFO | [Round 6] Epoch 26/80 time=00:00.99 avg=00:00.85 ETA=00:45.96 | GPU MB alloc/reserved=277.3/1900.0
2026-04-11 17:42:06 | INFO | [Round 6] epoch=27/80 loss=0.7827 acc=80.82 val_acc=nan data_t=0.0034s batch_t=0.0967s epoch_t=00:00.90 lr=0.000747 | GPU MB alloc/reserved=277.3/1900.0
2026-04-11 17:42:06 | INFO | [Round 6] Epoch 27/80 time=00:00.90 avg=00:00.85 ETA=00:45.20 | GPU MB alloc/reserved=277.3/1900.0
2026-04-11 17:42:07 | INFO | [Round 6] epoch=28/80 loss=0.6978 acc=83.73 val_acc=nan data_t=0.0036s batch_t=0.0694s epoch_t=00:00.66 lr=0.000730 | GPU MB alloc/reserved=277.3/1900.0
2026-04-11 17:42:07 | INFO | [Round 6] Epoch 28/80 time=00:00.66 avg=00:00.85 ETA=00:43.99 | GPU MB alloc/reserved=277.3/1900.0
2026-04-11 17:42:07 | INFO | [Round 6] epoch=29/80 loss=0.5716 acc=86.82 val_acc=nan data_t=0.0046s batch_t=0.0889s epoch_t=00:00.84 lr=0.000712 | GPU MB alloc/reserved=277.3/1900.0
2026-04-11 17:42:07 | INFO | [Round 6] Epoch 29/80 time=00:00.84 avg=00:00.85 ETA=00:43.13 | GPU MB alloc/reserved=277.3/1900.0
2026-04-11 17:42:08 | INFO | [Round 6] epoch=30/80 loss=0.4676 acc=91.18 val_acc=nan data_t=0.0031s batch_t=0.0723s epoch_t=00:00.68 lr=0.000694 | GPU MB alloc/reserved=277.3/1900.0
2026-04-11 17:42:08 | INFO | [Round 6] Epoch 30/80 time=00:00.68 avg=00:00.84 ETA=00:42.01 | GPU MB alloc/reserved=277.3/1900.0
2026-04-11 17:42:09 | INFO | [Round 6] epoch=31/80 loss=0.4247 acc=91.09 val_acc=nan data_t=0.0028s batch_t=0.0715s epoch_t=00:00.67 lr=0.000676 | GPU MB alloc/reserved=277.3/1900.0
2026-04-11 17:42:09 | INFO | [Round 6] Epoch 31/80 time=00:00.67 avg=00:00.83 ETA=00:40.90 | GPU MB alloc/reserved=277.3/1900.0
2026-04-11 17:42:09 | INFO | [Round 6] epoch=32/80 loss=0.3622 acc=93.82 val_acc=nan data_t=0.0074s batch_t=0.0706s epoch_t=00:00.70 lr=0.000658 | GPU MB alloc/reserved=277.3/1900.0
2026-04-11 17:42:09 | INFO | [Round 6] Epoch 32/80 time=00:00.70 avg=00:00.83 ETA=00:39.87 | GPU MB alloc/reserved=277.3/1900.0
2026-04-11 17:42:10 | INFO | [Round 6] epoch=33/80 loss=0.3363 acc=92.82 val_acc=nan data_t=0.0038s batch_t=0.0955s epoch_t=00:00.89 lr=0.000639 | GPU MB alloc/reserved=277.3/1900.0
2026-04-11 17:42:10 | INFO | [Round 6] Epoch 33/80 time=00:00.89 avg=00:00.83 ETA=00:39.13 | GPU MB alloc/reserved=277.3/1900.0
2026-04-11 17:42:11 | INFO | [Round 6] epoch=34/80 loss=0.2862 acc=95.45 val_acc=nan data_t=0.0043s batch_t=0.0542s epoch_t=00:00.53 lr=0.000621 | GPU MB alloc/reserved=277.3/1900.0
2026-04-11 17:42:11 | INFO | [Round 6] Epoch 34/80 time=00:00.53 avg=00:00.82 ETA=00:37.88 | GPU MB alloc/reserved=277.3/1900.0
2026-04-11 17:42:11 | INFO | [Round 6] epoch=35/80 loss=0.2795 acc=94.73 val_acc=nan data_t=0.0033s batch_t=0.0555s epoch_t=00:00.53 lr=0.000602 | GPU MB alloc/reserved=277.3/1900.0
2026-04-11 17:42:11 | INFO | [Round 6] Epoch 35/80 time=00:00.53 avg=00:00.82 ETA=00:36.68 | GPU MB alloc/reserved=277.3/1900.0
2026-04-11 17:42:12 | INFO | [Round 6] epoch=36/80 loss=0.2306 acc=96.36 val_acc=nan data_t=0.0031s batch_t=0.0818s epoch_t=00:00.76 lr=0.000582 | GPU MB alloc/reserved=277.3/1900.0
2026-04-11 17:42:12 | INFO | [Round 6] Epoch 36/80 time=00:00.76 avg=00:00.81 ETA=00:35.80 | GPU MB alloc/reserved=277.3/1900.0
2026-04-11 17:42:13 | INFO | [Round 6] epoch=37/80 loss=0.1800 acc=98.18 val_acc=nan data_t=0.0030s batch_t=0.0613s epoch_t=00:00.58 lr=0.000563 | GPU MB alloc/reserved=277.3/1900.0
2026-04-11 17:42:13 | INFO | [Round 6] Epoch 37/80 time=00:00.58 avg=00:00.81 ETA=00:34.72 | GPU MB alloc/reserved=277.3/1900.0
2026-04-11 17:42:13 | INFO | [Round 6] epoch=38/80 loss=0.1503 acc=98.09 val_acc=nan data_t=0.0030s batch_t=0.0596s epoch_t=00:00.56 lr=0.000544 | GPU MB alloc/reserved=277.3/1900.0
2026-04-11 17:42:13 | INFO | [Round 6] Epoch 38/80 time=00:00.56 avg=00:00.80 ETA=00:33.64 | GPU MB alloc/reserved=277.3/1900.0
2026-04-11 17:42:14 | INFO | [Round 6] epoch=39/80 loss=0.1329 acc=98.64 val_acc=nan data_t=0.0039s batch_t=0.0729s epoch_t=00:00.69 lr=0.000524 | GPU MB alloc/reserved=277.3/1900.0
2026-04-11 17:42:14 | INFO | [Round 6] Epoch 39/80 time=00:00.69 avg=00:00.80 ETA=00:32.72 | GPU MB alloc/reserved=277.3/1900.0
2026-04-11 17:42:15 | INFO | [Round 6] epoch=40/80 loss=0.1144 acc=99.27 val_acc=nan data_t=0.0063s batch_t=0.0865s epoch_t=00:00.84 lr=0.000505 | GPU MB alloc/reserved=277.3/1900.0
2026-04-11 17:42:15 | INFO | [Round 6] Epoch 40/80 time=00:00.84 avg=00:00.80 ETA=00:31.96 | GPU MB alloc/reserved=277.3/1900.0
2026-04-11 17:42:16 | INFO | [Round 6] epoch=41/80 loss=0.1007 acc=99.18 val_acc=nan data_t=0.0041s batch_t=0.0855s epoch_t=00:00.81 lr=0.000486 | GPU MB alloc/reserved=277.3/1900.0
2026-04-11 17:42:16 | INFO | [Round 6] Epoch 41/80 time=00:00.81 avg=00:00.80 ETA=00:31.17 | GPU MB alloc/reserved=277.3/1900.0
2026-04-11 17:42:17 | INFO | [Round 6] epoch=42/80 loss=0.0942 acc=99.27 val_acc=nan data_t=0.0046s batch_t=0.0871s epoch_t=00:00.83 lr=0.000466 | GPU MB alloc/reserved=277.3/1900.0
2026-04-11 17:42:17 | INFO | [Round 6] Epoch 42/80 time=00:00.83 avg=00:00.80 ETA=00:30.40 | GPU MB alloc/reserved=277.3/1900.0
2026-04-11 17:42:17 | INFO | [Round 6] epoch=43/80 loss=0.0866 acc=99.27 val_acc=nan data_t=0.0043s batch_t=0.0898s epoch_t=00:00.85 lr=0.000447 | GPU MB alloc/reserved=277.3/1900.0
2026-04-11 17:42:17 | INFO | [Round 6] Epoch 43/80 time=00:00.85 avg=00:00.80 ETA=00:29.64 | GPU MB alloc/reserved=277.3/1900.0
2026-04-11 17:42:18 | INFO | [Round 6] epoch=44/80 loss=0.0854 acc=99.00 val_acc=nan data_t=0.0031s batch_t=0.0894s epoch_t=00:00.83 lr=0.000428 | GPU MB alloc/reserved=277.3/1900.0
2026-04-11 17:42:18 | INFO | [Round 6] Epoch 44/80 time=00:00.83 avg=00:00.80 ETA=00:28.86 | GPU MB alloc/reserved=277.3/1900.0
2026-04-11 17:42:19 | INFO | [Round 6] epoch=45/80 loss=0.0927 acc=99.27 val_acc=nan data_t=0.0031s batch_t=0.0886s epoch_t=00:00.83 lr=0.000408 | GPU MB alloc/reserved=277.3/1900.0
2026-04-11 17:42:19 | INFO | [Round 6] Epoch 45/80 time=00:00.83 avg=00:00.80 ETA=00:28.08 | GPU MB alloc/reserved=277.3/1900.0
2026-04-11 17:42:20 | INFO | [Round 6] epoch=46/80 loss=0.0740 acc=99.36 val_acc=nan data_t=0.0029s batch_t=0.0866s epoch_t=00:00.81 lr=0.000389 | GPU MB alloc/reserved=277.3/1900.0
2026-04-11 17:42:20 | INFO | [Round 6] Epoch 46/80 time=00:00.81 avg=00:00.80 ETA=00:27.28 | GPU MB alloc/reserved=277.3/1900.0
2026-04-11 17:42:21 | INFO | [Round 6] epoch=47/80 loss=0.0618 acc=99.73 val_acc=nan data_t=0.0041s batch_t=0.0850s epoch_t=00:00.80 lr=0.000371 | GPU MB alloc/reserved=277.3/1900.0
2026-04-11 17:42:21 | INFO | [Round 6] Epoch 47/80 time=00:00.80 avg=00:00.80 ETA=00:26.48 | GPU MB alloc/reserved=277.3/1900.0
2026-04-11 17:42:21 | INFO | [Round 6] epoch=48/80 loss=0.0522 acc=99.64 val_acc=nan data_t=0.0046s batch_t=0.0873s epoch_t=00:00.83 lr=0.000352 | GPU MB alloc/reserved=277.3/1900.0
2026-04-11 17:42:21 | INFO | [Round 6] Epoch 48/80 time=00:00.83 avg=00:00.80 ETA=00:25.69 | GPU MB alloc/reserved=277.3/1900.0
2026-04-11 17:42:22 | INFO | [Round 6] epoch=49/80 loss=0.0431 acc=100.00 val_acc=nan data_t=0.0042s batch_t=0.0876s epoch_t=00:00.83 lr=0.000334 | GPU MB alloc/reserved=277.3/1900.0
2026-04-11 17:42:22 | INFO | [Round 6] Epoch 49/80 time=00:00.83 avg=00:00.80 ETA=00:24.90 | GPU MB alloc/reserved=277.3/1900.0
2026-04-11 17:42:23 | INFO | [Round 6] epoch=50/80 loss=0.0385 acc=99.82 val_acc=nan data_t=0.0049s batch_t=0.0870s epoch_t=00:00.83 lr=0.000316 | GPU MB alloc/reserved=277.3/1900.0
2026-04-11 17:42:23 | INFO | [Round 6] Epoch 50/80 time=00:00.83 avg=00:00.80 ETA=00:24.12 | GPU MB alloc/reserved=277.3/1900.0
2026-04-11 17:42:24 | INFO | [Round 6] epoch=51/80 loss=0.0375 acc=100.00 val_acc=nan data_t=0.0045s batch_t=0.0863s epoch_t=00:00.82 lr=0.000298 | GPU MB alloc/reserved=277.3/1900.0
2026-04-11 17:42:24 | INFO | [Round 6] Epoch 51/80 time=00:00.82 avg=00:00.80 ETA=00:23.32 | GPU MB alloc/reserved=277.3/1900.0
2026-04-11 17:42:25 | INFO | [Round 6] epoch=52/80 loss=0.0401 acc=99.82 val_acc=nan data_t=0.0032s batch_t=0.0877s epoch_t=00:00.82 lr=0.000280 | GPU MB alloc/reserved=277.3/1900.0
2026-04-11 17:42:25 | INFO | [Round 6] Epoch 52/80 time=00:00.82 avg=00:00.80 ETA=00:22.52 | GPU MB alloc/reserved=277.3/1900.0
2026-04-11 17:42:26 | INFO | [Round 6] epoch=53/80 loss=0.0454 acc=99.73 val_acc=nan data_t=0.0046s batch_t=0.0889s epoch_t=00:00.84 lr=0.000263 | GPU MB alloc/reserved=277.3/1900.0
2026-04-11 17:42:26 | INFO | [Round 6] Epoch 53/80 time=00:00.84 avg=00:00.81 ETA=00:21.74 | GPU MB alloc/reserved=277.3/1900.0
2026-04-11 17:42:26 | INFO | [Round 6] epoch=54/80 loss=0.0371 acc=99.82 val_acc=nan data_t=0.0045s batch_t=0.0898s epoch_t=00:00.85 lr=0.000246 | GPU MB alloc/reserved=277.3/1900.0
2026-04-11 17:42:26 | INFO | [Round 6] Epoch 54/80 time=00:00.85 avg=00:00.81 ETA=00:20.95 | GPU MB alloc/reserved=277.3/1900.0
2026-04-11 17:42:27 | INFO | [Round 6] epoch=55/80 loss=0.0331 acc=99.91 val_acc=nan data_t=0.0033s batch_t=0.0877s epoch_t=00:00.82 lr=0.000230 | GPU MB alloc/reserved=277.3/1900.0
2026-04-11 17:42:27 | INFO | [Round 6] Epoch 55/80 time=00:00.82 avg=00:00.81 ETA=00:20.15 | GPU MB alloc/reserved=277.3/1900.0
2026-04-11 17:42:28 | INFO | [Round 6] epoch=56/80 loss=0.0301 acc=99.91 val_acc=nan data_t=0.0031s batch_t=0.0869s epoch_t=00:00.81 lr=0.000214 | GPU MB alloc/reserved=277.3/1900.0
2026-04-11 17:42:28 | INFO | [Round 6] Epoch 56/80 time=00:00.81 avg=00:00.81 ETA=00:19.35 | GPU MB alloc/reserved=277.3/1900.0
2026-04-11 17:42:29 | INFO | [Round 6] epoch=57/80 loss=0.0260 acc=99.91 val_acc=nan data_t=0.0047s batch_t=0.0794s epoch_t=00:00.76 lr=0.000199 | GPU MB alloc/reserved=277.3/1900.0
2026-04-11 17:42:29 | INFO | [Round 6] Epoch 57/80 time=00:00.76 avg=00:00.81 ETA=00:18.52 | GPU MB alloc/reserved=277.3/1900.0
2026-04-11 17:42:30 | INFO | [Round 6] epoch=58/80 loss=0.0309 acc=100.00 val_acc=nan data_t=0.0043s batch_t=0.0870s epoch_t=00:00.82 lr=0.000184 | GPU MB alloc/reserved=277.3/1900.0
2026-04-11 17:42:30 | INFO | [Round 6] Epoch 58/80 time=00:00.82 avg=00:00.81 ETA=00:17.72 | GPU MB alloc/reserved=277.3/1900.0
2026-04-11 17:42:31 | INFO | [Round 6] epoch=59/80 loss=0.0288 acc=99.73 val_acc=nan data_t=0.0046s batch_t=0.0882s epoch_t=00:00.84 lr=0.000169 | GPU MB alloc/reserved=277.3/1900.0
2026-04-11 17:42:31 | INFO | [Round 6] Epoch 59/80 time=00:00.84 avg=00:00.81 ETA=00:16.93 | GPU MB alloc/reserved=277.3/1900.0
2026-04-11 17:42:31 | INFO | [Round 6] epoch=60/80 loss=0.0273 acc=99.91 val_acc=nan data_t=0.0035s batch_t=0.0863s epoch_t=00:00.81 lr=0.000155 | GPU MB alloc/reserved=277.3/1900.0
2026-04-11 17:42:31 | INFO | [Round 6] Epoch 60/80 time=00:00.81 avg=00:00.81 ETA=00:16.12 | GPU MB alloc/reserved=277.3/1900.0
2026-04-11 17:42:32 | INFO | [Round 6] epoch=61/80 loss=0.0239 acc=100.00 val_acc=nan data_t=0.0044s batch_t=0.0850s epoch_t=00:00.80 lr=0.000142 | GPU MB alloc/reserved=277.3/1900.0
2026-04-11 17:42:32 | INFO | [Round 6] Epoch 61/80 time=00:00.80 avg=00:00.81 ETA=00:15.32 | GPU MB alloc/reserved=277.3/1900.0
2026-04-11 17:42:33 | INFO | [Round 6] epoch=62/80 loss=0.0246 acc=99.91 val_acc=nan data_t=0.0073s batch_t=0.0877s epoch_t=00:00.86 lr=0.000129 | GPU MB alloc/reserved=277.3/1900.0
2026-04-11 17:42:33 | INFO | [Round 6] Epoch 62/80 time=00:00.86 avg=00:00.81 ETA=00:14.53 | GPU MB alloc/reserved=277.3/1900.0
2026-04-11 17:42:34 | INFO | [Round 6] epoch=63/80 loss=0.0226 acc=100.00 val_acc=nan data_t=0.0047s batch_t=0.0885s epoch_t=00:00.84 lr=0.000116 | GPU MB alloc/reserved=277.3/1900.0
2026-04-11 17:42:34 | INFO | [Round 6] Epoch 63/80 time=00:00.84 avg=00:00.81 ETA=00:13.73 | GPU MB alloc/reserved=277.3/1900.0
2026-04-11 17:42:35 | INFO | [Round 6] epoch=64/80 loss=0.0232 acc=100.00 val_acc=nan data_t=0.0046s batch_t=0.0902s epoch_t=00:00.85 lr=0.000105 | GPU MB alloc/reserved=277.3/1900.0
2026-04-11 17:42:35 | INFO | [Round 6] Epoch 64/80 time=00:00.85 avg=00:00.81 ETA=00:12.93 | GPU MB alloc/reserved=277.3/1900.0
2026-04-11 17:42:36 | INFO | [Round 6] epoch=65/80 loss=0.0209 acc=100.00 val_acc=nan data_t=0.0044s batch_t=0.0890s epoch_t=00:00.84 lr=0.000093 | GPU MB alloc/reserved=277.3/1900.0
2026-04-11 17:42:36 | INFO | [Round 6] Epoch 65/80 time=00:00.84 avg=00:00.81 ETA=00:12.13 | GPU MB alloc/reserved=277.3/1900.0
2026-04-11 17:42:36 | INFO | [Round 6] epoch=66/80 loss=0.0229 acc=100.00 val_acc=nan data_t=0.0047s batch_t=0.0889s epoch_t=00:00.84 lr=0.000083 | GPU MB alloc/reserved=277.3/1900.0
2026-04-11 17:42:36 | INFO | [Round 6] Epoch 66/80 time=00:00.84 avg=00:00.81 ETA=00:11.33 | GPU MB alloc/reserved=277.3/1900.0
2026-04-11 17:42:37 | INFO | [Round 6] epoch=67/80 loss=0.0191 acc=100.00 val_acc=nan data_t=0.0041s batch_t=0.0881s epoch_t=00:00.83 lr=0.000073 | GPU MB alloc/reserved=277.3/1900.0
2026-04-11 17:42:37 | INFO | [Round 6] Epoch 67/80 time=00:00.83 avg=00:00.81 ETA=00:10.52 | GPU MB alloc/reserved=277.3/1900.0
2026-04-11 17:42:38 | INFO | [Round 6] epoch=68/80 loss=0.0215 acc=100.00 val_acc=nan data_t=0.0034s batch_t=0.0857s epoch_t=00:00.80 lr=0.000064 | GPU MB alloc/reserved=277.3/1900.0
2026-04-11 17:42:38 | INFO | [Round 6] Epoch 68/80 time=00:00.80 avg=00:00.81 ETA=00:09.71 | GPU MB alloc/reserved=277.3/1900.0
2026-04-11 17:42:39 | INFO | [Round 6] epoch=69/80 loss=0.0206 acc=99.91 val_acc=nan data_t=0.0047s batch_t=0.0879s epoch_t=00:00.83 lr=0.000055 | GPU MB alloc/reserved=277.3/1900.0
2026-04-11 17:42:39 | INFO | [Round 6] Epoch 69/80 time=00:00.83 avg=00:00.81 ETA=00:08.91 | GPU MB alloc/reserved=277.3/1900.0
2026-04-11 17:42:40 | INFO | [Round 6] epoch=70/80 loss=0.0169 acc=100.00 val_acc=nan data_t=0.0036s batch_t=0.0870s epoch_t=00:00.82 lr=0.000048 | GPU MB alloc/reserved=277.3/1900.0
2026-04-11 17:42:40 | INFO | [Round 6] Epoch 70/80 time=00:00.82 avg=00:00.81 ETA=00:08.10 | GPU MB alloc/reserved=277.3/1900.0
2026-04-11 17:42:41 | INFO | [Round 6] epoch=71/80 loss=0.0183 acc=100.00 val_acc=nan data_t=0.0058s batch_t=0.0870s epoch_t=00:00.84 lr=0.000041 | GPU MB alloc/reserved=277.3/1900.0
2026-04-11 17:42:41 | INFO | [Round 6] Epoch 71/80 time=00:00.84 avg=00:00.81 ETA=00:07.29 | GPU MB alloc/reserved=277.3/1900.0
2026-04-11 17:42:41 | INFO | [Round 6] epoch=72/80 loss=0.0185 acc=100.00 val_acc=nan data_t=0.0060s batch_t=0.0868s epoch_t=00:00.84 lr=0.000034 | GPU MB alloc/reserved=277.3/1900.0
2026-04-11 17:42:41 | INFO | [Round 6] Epoch 72/80 time=00:00.84 avg=00:00.81 ETA=00:06.48 | GPU MB alloc/reserved=277.3/1900.0
2026-04-11 17:42:42 | INFO | [Round 6] epoch=73/80 loss=0.0202 acc=100.00 val_acc=nan data_t=0.0044s batch_t=0.0861s epoch_t=00:00.81 lr=0.000029 | GPU MB alloc/reserved=277.3/1900.0
2026-04-11 17:42:42 | INFO | [Round 6] Epoch 73/80 time=00:00.81 avg=00:00.81 ETA=00:05.67 | GPU MB alloc/reserved=277.3/1900.0
2026-04-11 17:42:43 | INFO | [Round 6] epoch=74/80 loss=0.0187 acc=100.00 val_acc=nan data_t=0.0047s batch_t=0.0866s epoch_t=00:00.82 lr=0.000024 | GPU MB alloc/reserved=277.3/1900.0
2026-04-11 17:42:43 | INFO | [Round 6] Epoch 74/80 time=00:00.82 avg=00:00.81 ETA=00:04.86 | GPU MB alloc/reserved=277.3/1900.0
2026-04-11 17:42:44 | INFO | [Round 6] epoch=75/80 loss=0.0186 acc=100.00 val_acc=nan data_t=0.0044s batch_t=0.0880s epoch_t=00:00.83 lr=0.000020 | GPU MB alloc/reserved=277.3/1900.0
2026-04-11 17:42:44 | INFO | [Round 6] Epoch 75/80 time=00:00.83 avg=00:00.81 ETA=00:04.06 | GPU MB alloc/reserved=277.3/1900.0
2026-04-11 17:42:45 | INFO | [Round 6] epoch=76/80 loss=0.0204 acc=100.00 val_acc=nan data_t=0.0031s batch_t=0.0883s epoch_t=00:00.82 lr=0.000016 | GPU MB alloc/reserved=277.3/1900.0
2026-04-11 17:42:45 | INFO | [Round 6] Epoch 76/80 time=00:00.82 avg=00:00.81 ETA=00:03.24 | GPU MB alloc/reserved=277.3/1900.0
2026-04-11 17:42:45 | INFO | [Round 6] epoch=77/80 loss=0.0174 acc=100.00 val_acc=nan data_t=0.0030s batch_t=0.0880s epoch_t=00:00.82 lr=0.000013 | GPU MB alloc/reserved=277.3/1900.0
2026-04-11 17:42:45 | INFO | [Round 6] Epoch 77/80 time=00:00.82 avg=00:00.81 ETA=00:02.43 | GPU MB alloc/reserved=277.3/1900.0
2026-04-11 17:42:46 | INFO | [Round 6] epoch=78/80 loss=0.0166 acc=100.00 val_acc=nan data_t=0.0045s batch_t=0.0863s epoch_t=00:00.82 lr=0.000012 | GPU MB alloc/reserved=277.3/1900.0
2026-04-11 17:42:46 | INFO | [Round 6] Epoch 78/80 time=00:00.82 avg=00:00.81 ETA=00:01.62 | GPU MB alloc/reserved=277.3/1900.0
2026-04-11 17:42:47 | INFO | [Round 6] epoch=79/80 loss=0.0178 acc=100.00 val_acc=nan data_t=0.0031s batch_t=0.0887s epoch_t=00:00.83 lr=0.000010 | GPU MB alloc/reserved=277.3/1900.0
2026-04-11 17:42:47 | INFO | [Round 6] Epoch 79/80 time=00:00.83 avg=00:00.81 ETA=00:00.81 | GPU MB alloc/reserved=277.3/1900.0
2026-04-11 17:42:48 | INFO | [Round 6] epoch=80/80 loss=0.0192 acc=99.91 val_acc=nan data_t=0.0033s batch_t=0.0848s epoch_t=00:00.79 lr=0.000010 | GPU MB alloc/reserved=277.3/1900.0
2026-04-11 17:42:48 | INFO | [Round 6] Epoch 80/80 time=00:00.79 avg=00:00.81 ETA=00:00.00 | GPU MB alloc/reserved=277.3/1900.0
2026-04-11 17:42:48 | INFO | [Round 6] training complete in 01:05.20 (best monitor=100.000) | GPU MB alloc/reserved=277.3/1900.0
2026-04-11 17:42:48 | INFO | [Round 6] evaluation started | GPU MB alloc/reserved=190.4/1900.0
2026-04-11 17:42:57 | INFO | [Round 6] clean=14.29 fgsm=10.82 pgd=10.70 grad_disp_mean=nan grad_disp_sel=nan round_t=75.88s | GPU MB alloc/reserved=190.4/1900.0
2026-04-11 17:42:57 | INFO | [Round 7/21] elapsed=01:15.88 avg_round=00:58.35 projected_remaining=13:36.85 | GPU MB alloc/reserved=190.4/1900.0
2026-04-11 17:42:58 | INFO | [Round 7] acquisition on pool_size=48900 scored_pool=5000 budget=100 | GPU MB alloc/reserved=104.0/1900.0
2026-04-11 17:42:58 | INFO | [CoreSet-unlabeled-feat] scoring progress 10/20 elapsed=00:00.26 avg/batch=0.026s ETA=00:00.26 | GPU MB alloc/reserved=112.1/1900.0
2026-04-11 17:42:58 | INFO | [CoreSet-unlabeled-feat] scoring progress 20/20 elapsed=00:00.39 avg/batch=0.019s ETA=00:00.00 | GPU MB alloc/reserved=115.9/1900.0
2026-04-11 17:42:58 | INFO | [CoreSet-labeled-feat] scoring progress 5/5 elapsed=00:00.18 avg/batch=0.037s ETA=00:00.00 | GPU MB alloc/reserved=116.9/1900.0
2026-04-11 17:42:59 | INFO | [CoreSet] greedy 10/100 cover_radius=27.860027 | GPU: n/a
2026-04-11 17:42:59 | INFO | [CoreSet] greedy 20/100 cover_radius=27.498608 | GPU: n/a
2026-04-11 17:42:59 | INFO | [CoreSet] greedy 30/100 cover_radius=27.255911 | GPU: n/a
2026-04-11 17:42:59 | INFO | [CoreSet] greedy 40/100 cover_radius=26.903877 | GPU: n/a
2026-04-11 17:42:59 | INFO | [CoreSet] greedy 50/100 cover_radius=26.764936 | GPU: n/a
2026-04-11 17:42:59 | INFO | [CoreSet] greedy 60/100 cover_radius=26.644169 | GPU: n/a
2026-04-11 17:42:59 | INFO | [CoreSet] greedy 70/100 cover_radius=26.517254 | GPU: n/a
2026-04-11 17:42:59 | INFO | [CoreSet] greedy 80/100 cover_radius=26.412039 | GPU: n/a
2026-04-11 17:42:59 | INFO | [CoreSet] greedy 90/100 cover_radius=26.318161 | GPU: n/a
2026-04-11 17:43:00 | INFO | [CoreSet] greedy 100/100 cover_radius=26.195393 | GPU: n/a
2026-04-11 17:43:00 | INFO | [Round 7] labeled=1200 train=1200 val_fixed=0 | GPU MB alloc/reserved=147.6/1900.0
2026-04-11 17:43:01 | INFO | [Round 7] epoch=1/80 loss=4.7946 acc=2.08 val_acc=nan data_t=0.0176s batch_t=0.0904s epoch_t=00:01.08 lr=0.001000 | GPU MB alloc/reserved=279.2/1900.0
2026-04-11 17:43:01 | INFO | [Round 7] Epoch 1/80 time=00:01.08 avg=00:01.08 ETA=01:25.35 | GPU MB alloc/reserved=279.2/1900.0
2026-04-11 17:43:02 | INFO | [Round 7] epoch=2/80 loss=4.4465 acc=5.25 val_acc=nan data_t=0.0025s batch_t=0.0872s epoch_t=00:00.90 lr=0.000998 | GPU MB alloc/reserved=279.2/1900.0
2026-04-11 17:43:02 | INFO | [Round 7] Epoch 2/80 time=00:00.90 avg=00:00.99 ETA=01:17.13 | GPU MB alloc/reserved=279.2/1900.0
2026-04-11 17:43:03 | INFO | [Round 7] epoch=3/80 loss=4.1895 acc=7.33 val_acc=nan data_t=0.0026s batch_t=0.0853s epoch_t=00:00.88 lr=0.000997 | GPU MB alloc/reserved=279.2/1900.0
2026-04-11 17:43:03 | INFO | [Round 7] Epoch 3/80 time=00:00.88 avg=00:00.95 ETA=01:13.34 | GPU MB alloc/reserved=279.2/1900.0
2026-04-11 17:43:04 | INFO | [Round 7] epoch=4/80 loss=4.0099 acc=9.42 val_acc=nan data_t=0.0028s batch_t=0.0852s epoch_t=00:00.88 lr=0.000994 | GPU MB alloc/reserved=279.2/1900.0
2026-04-11 17:43:04 | INFO | [Round 7] Epoch 4/80 time=00:00.88 avg=00:00.93 ETA=01:11.00 | GPU MB alloc/reserved=279.2/1900.0
2026-04-11 17:43:05 | INFO | [Round 7] epoch=5/80 loss=3.8788 acc=9.83 val_acc=nan data_t=0.0038s batch_t=0.0862s epoch_t=00:00.90 lr=0.000990 | GPU MB alloc/reserved=279.2/1900.0
2026-04-11 17:43:05 | INFO | [Round 7] Epoch 5/80 time=00:00.90 avg=00:00.93 ETA=01:09.56 | GPU MB alloc/reserved=279.2/1900.0
2026-04-11 17:43:06 | INFO | [Round 7] epoch=6/80 loss=3.7361 acc=11.00 val_acc=nan data_t=0.0027s batch_t=0.0853s epoch_t=00:00.88 lr=0.000986 | GPU MB alloc/reserved=279.2/1900.0
2026-04-11 17:43:06 | INFO | [Round 7] Epoch 6/80 time=00:00.88 avg=00:00.92 ETA=01:08.05 | GPU MB alloc/reserved=279.2/1900.0
2026-04-11 17:43:06 | INFO | [Round 7] epoch=7/80 loss=3.6181 acc=12.58 val_acc=nan data_t=0.0026s batch_t=0.0816s epoch_t=00:00.84 lr=0.000981 | GPU MB alloc/reserved=279.2/1900.0
2026-04-11 17:43:06 | INFO | [Round 7] Epoch 7/80 time=00:00.84 avg=00:00.91 ETA=01:06.32 | GPU MB alloc/reserved=279.2/1900.0
2026-04-11 17:43:07 | INFO | [Round 7] epoch=8/80 loss=3.5151 acc=14.25 val_acc=nan data_t=0.0029s batch_t=0.0872s epoch_t=00:00.90 lr=0.000976 | GPU MB alloc/reserved=279.2/1900.0
2026-04-11 17:43:07 | INFO | [Round 7] Epoch 8/80 time=00:00.90 avg=00:00.91 ETA=01:05.34 | GPU MB alloc/reserved=279.2/1900.0
2026-04-11 17:43:08 | INFO | [Round 7] epoch=9/80 loss=3.3478 acc=16.83 val_acc=nan data_t=0.0033s batch_t=0.0858s epoch_t=00:00.89 lr=0.000969 | GPU MB alloc/reserved=279.2/1900.0
2026-04-11 17:43:08 | INFO | [Round 7] Epoch 9/80 time=00:00.89 avg=00:00.91 ETA=01:04.31 | GPU MB alloc/reserved=279.2/1900.0
2026-04-11 17:43:09 | INFO | [Round 7] epoch=10/80 loss=3.2489 acc=18.00 val_acc=nan data_t=0.0038s batch_t=0.0874s epoch_t=00:00.91 lr=0.000962 | GPU MB alloc/reserved=279.2/1900.0
2026-04-11 17:43:09 | INFO | [Round 7] Epoch 10/80 time=00:00.91 avg=00:00.91 ETA=01:03.45 | GPU MB alloc/reserved=279.2/1900.0
2026-04-11 17:43:10 | INFO | [Round 7] epoch=11/80 loss=3.1440 acc=20.83 val_acc=nan data_t=0.0042s batch_t=0.0868s epoch_t=00:00.91 lr=0.000955 | GPU MB alloc/reserved=279.2/1900.0
2026-04-11 17:43:10 | INFO | [Round 7] Epoch 11/80 time=00:00.91 avg=00:00.91 ETA=01:02.57 | GPU MB alloc/reserved=279.2/1900.0
2026-04-11 17:43:11 | INFO | [Round 7] epoch=12/80 loss=2.9207 acc=24.67 val_acc=nan data_t=0.0040s batch_t=0.0857s epoch_t=00:00.90 lr=0.000946 | GPU MB alloc/reserved=279.2/1900.0
2026-04-11 17:43:11 | INFO | [Round 7] Epoch 12/80 time=00:00.90 avg=00:00.91 ETA=01:01.61 | GPU MB alloc/reserved=279.2/1900.0
2026-04-11 17:43:12 | INFO | [Round 7] epoch=13/80 loss=2.7874 acc=26.42 val_acc=nan data_t=0.0046s batch_t=0.0869s epoch_t=00:00.92 lr=0.000937 | GPU MB alloc/reserved=279.2/1900.0
2026-04-11 17:43:12 | INFO | [Round 7] Epoch 13/80 time=00:00.92 avg=00:00.91 ETA=01:00.75 | GPU MB alloc/reserved=279.2/1900.0
2026-04-11 17:43:13 | INFO | [Round 7] epoch=14/80 loss=2.6289 acc=30.58 val_acc=nan data_t=0.0032s batch_t=0.0845s epoch_t=00:00.88 lr=0.000927 | GPU MB alloc/reserved=279.2/1900.0
2026-04-11 17:43:13 | INFO | [Round 7] Epoch 14/80 time=00:00.88 avg=00:00.90 ETA=00:59.70 | GPU MB alloc/reserved=279.2/1900.0
2026-04-11 17:43:14 | INFO | [Round 7] epoch=15/80 loss=2.4595 acc=35.08 val_acc=nan data_t=0.0027s batch_t=0.0876s epoch_t=00:00.90 lr=0.000917 | GPU MB alloc/reserved=279.2/1900.0
2026-04-11 17:43:14 | INFO | [Round 7] Epoch 15/80 time=00:00.90 avg=00:00.90 ETA=00:58.79 | GPU MB alloc/reserved=279.2/1900.0
2026-04-11 17:43:14 | INFO | [Round 7] epoch=16/80 loss=2.3473 acc=36.25 val_acc=nan data_t=0.0026s batch_t=0.0727s epoch_t=00:00.75 lr=0.000905 | GPU MB alloc/reserved=279.2/1900.0
2026-04-11 17:43:14 | INFO | [Round 7] Epoch 16/80 time=00:00.75 avg=00:00.90 ETA=00:57.28 | GPU MB alloc/reserved=279.2/1900.0
2026-04-11 17:43:15 | INFO | [Round 7] epoch=17/80 loss=2.2740 acc=37.58 val_acc=nan data_t=0.0027s batch_t=0.0828s epoch_t=00:00.86 lr=0.000894 | GPU MB alloc/reserved=279.2/1900.0
2026-04-11 17:43:15 | INFO | [Round 7] Epoch 17/80 time=00:00.86 avg=00:00.89 ETA=00:56.24 | GPU MB alloc/reserved=279.2/1900.0
2026-04-11 17:43:16 | INFO | [Round 7] epoch=18/80 loss=2.0694 acc=43.75 val_acc=nan data_t=0.0038s batch_t=0.0954s epoch_t=00:00.99 lr=0.000881 | GPU MB alloc/reserved=279.2/1900.0
2026-04-11 17:43:16 | INFO | [Round 7] Epoch 18/80 time=00:00.99 avg=00:00.90 ETA=00:55.69 | GPU MB alloc/reserved=279.2/1900.0
2026-04-11 17:43:17 | INFO | [Round 7] epoch=19/80 loss=1.9646 acc=46.58 val_acc=nan data_t=0.0056s batch_t=0.0925s epoch_t=00:00.98 lr=0.000868 | GPU MB alloc/reserved=279.2/1900.0
2026-04-11 17:43:17 | INFO | [Round 7] Epoch 19/80 time=00:00.98 avg=00:00.90 ETA=00:55.06 | GPU MB alloc/reserved=279.2/1900.0
2026-04-11 17:43:18 | INFO | [Round 7] epoch=20/80 loss=1.8697 acc=48.00 val_acc=nan data_t=0.0042s batch_t=0.0957s epoch_t=00:01.00 lr=0.000855 | GPU MB alloc/reserved=279.2/1900.0
2026-04-11 17:43:18 | INFO | [Round 7] Epoch 20/80 time=00:01.00 avg=00:00.91 ETA=00:54.45 | GPU MB alloc/reserved=279.2/1900.0
2026-04-11 17:43:19 | INFO | [Round 7] epoch=21/80 loss=1.7242 acc=51.42 val_acc=nan data_t=0.0027s batch_t=0.0964s epoch_t=00:00.99 lr=0.000841 | GPU MB alloc/reserved=279.2/1900.0
2026-04-11 17:43:19 | INFO | [Round 7] Epoch 21/80 time=00:00.99 avg=00:00.91 ETA=00:53.78 | GPU MB alloc/reserved=279.2/1900.0
2026-04-11 17:43:20 | INFO | [Round 7] epoch=22/80 loss=1.5895 acc=57.42 val_acc=nan data_t=0.0038s batch_t=0.0950s epoch_t=00:00.99 lr=0.000826 | GPU MB alloc/reserved=279.2/1900.0
2026-04-11 17:43:20 | INFO | [Round 7] Epoch 22/80 time=00:00.99 avg=00:00.91 ETA=00:53.07 | GPU MB alloc/reserved=279.2/1900.0
2026-04-11 17:43:21 | INFO | [Round 7] epoch=23/80 loss=1.4948 acc=58.75 val_acc=nan data_t=0.0034s batch_t=0.0960s epoch_t=00:00.99 lr=0.000811 | GPU MB alloc/reserved=279.2/1900.0
2026-04-11 17:43:21 | INFO | [Round 7] Epoch 23/80 time=00:00.99 avg=00:00.92 ETA=00:52.35 | GPU MB alloc/reserved=279.2/1900.0
2026-04-11 17:43:22 | INFO | [Round 7] epoch=24/80 loss=1.4206 acc=60.58 val_acc=nan data_t=0.0035s batch_t=0.0958s epoch_t=00:00.99 lr=0.000796 | GPU MB alloc/reserved=279.2/1900.0
2026-04-11 17:43:22 | INFO | [Round 7] Epoch 24/80 time=00:00.99 avg=00:00.92 ETA=00:51.60 | GPU MB alloc/reserved=279.2/1900.0
2026-04-11 17:43:23 | INFO | [Round 7] epoch=25/80 loss=1.2093 acc=68.00 val_acc=nan data_t=0.0038s batch_t=0.0904s epoch_t=00:00.94 lr=0.000780 | GPU MB alloc/reserved=279.2/1900.0
2026-04-11 17:43:23 | INFO | [Round 7] Epoch 25/80 time=00:00.94 avg=00:00.92 ETA=00:50.73 | GPU MB alloc/reserved=279.2/1900.0
2026-04-11 17:43:24 | INFO | [Round 7] epoch=26/80 loss=1.0312 acc=72.58 val_acc=nan data_t=0.0042s batch_t=0.0571s epoch_t=00:00.61 lr=0.000764 | GPU MB alloc/reserved=279.2/1900.0
2026-04-11 17:43:24 | INFO | [Round 7] Epoch 26/80 time=00:00.61 avg=00:00.91 ETA=00:49.16 | GPU MB alloc/reserved=279.2/1900.0
2026-04-11 17:43:25 | INFO | [Round 7] epoch=27/80 loss=0.9441 acc=76.67 val_acc=nan data_t=0.0042s batch_t=0.0722s epoch_t=00:00.76 lr=0.000747 | GPU MB alloc/reserved=279.2/1900.0
2026-04-11 17:43:25 | INFO | [Round 7] Epoch 27/80 time=00:00.76 avg=00:00.91 ETA=00:47.97 | GPU MB alloc/reserved=279.2/1900.0
2026-04-11 17:43:25 | INFO | [Round 7] epoch=28/80 loss=0.8768 acc=79.25 val_acc=nan data_t=0.0026s batch_t=0.0620s epoch_t=00:00.65 lr=0.000730 | GPU MB alloc/reserved=279.2/1900.0
2026-04-11 17:43:25 | INFO | [Round 7] Epoch 28/80 time=00:00.65 avg=00:00.90 ETA=00:46.58 | GPU MB alloc/reserved=279.2/1900.0
2026-04-11 17:43:26 | INFO | [Round 7] epoch=29/80 loss=0.7573 acc=81.42 val_acc=nan data_t=0.0039s batch_t=0.0353s epoch_t=00:00.39 lr=0.000712 | GPU MB alloc/reserved=279.2/1900.0
2026-04-11 17:43:26 | INFO | [Round 7] Epoch 29/80 time=00:00.39 avg=00:00.88 ETA=00:44.80 | GPU MB alloc/reserved=279.2/1900.0
2026-04-11 17:43:26 | INFO | [Round 7] epoch=30/80 loss=0.6380 acc=87.25 val_acc=nan data_t=0.0030s batch_t=0.0751s epoch_t=00:00.78 lr=0.000694 | GPU MB alloc/reserved=279.2/1900.0
2026-04-11 17:43:26 | INFO | [Round 7] Epoch 30/80 time=00:00.78 avg=00:00.88 ETA=00:43.76 | GPU MB alloc/reserved=279.2/1900.0
2026-04-11 17:43:27 | INFO | [Round 7] epoch=31/80 loss=0.5735 acc=88.17 val_acc=nan data_t=0.0035s batch_t=0.0934s epoch_t=00:00.97 lr=0.000676 | GPU MB alloc/reserved=279.2/1900.0
2026-04-11 17:43:27 | INFO | [Round 7] Epoch 31/80 time=00:00.97 avg=00:00.88 ETA=00:43.03 | GPU MB alloc/reserved=279.2/1900.0
2026-04-11 17:43:28 | INFO | [Round 7] epoch=32/80 loss=0.5279 acc=88.92 val_acc=nan data_t=0.0029s batch_t=0.0921s epoch_t=00:00.95 lr=0.000658 | GPU MB alloc/reserved=279.2/1900.0
2026-04-11 17:43:28 | INFO | [Round 7] Epoch 32/80 time=00:00.95 avg=00:00.88 ETA=00:42.26 | GPU MB alloc/reserved=279.2/1900.0
2026-04-11 17:43:29 | INFO | [Round 7] epoch=33/80 loss=0.4685 acc=90.58 val_acc=nan data_t=0.0044s batch_t=0.0961s epoch_t=00:01.00 lr=0.000639 | GPU MB alloc/reserved=279.2/1900.0
2026-04-11 17:43:29 | INFO | [Round 7] Epoch 33/80 time=00:01.00 avg=00:00.88 ETA=00:41.56 | GPU MB alloc/reserved=279.2/1900.0
2026-04-11 17:43:30 | INFO | [Round 7] epoch=34/80 loss=0.4512 acc=90.25 val_acc=nan data_t=0.0032s batch_t=0.0971s epoch_t=00:01.00 lr=0.000621 | GPU MB alloc/reserved=279.2/1900.0
2026-04-11 17:43:30 | INFO | [Round 7] Epoch 34/80 time=00:01.00 avg=00:00.89 ETA=00:40.84 | GPU MB alloc/reserved=279.2/1900.0
2026-04-11 17:43:31 | INFO | [Round 7] epoch=35/80 loss=0.4162 acc=91.33 val_acc=nan data_t=0.0026s batch_t=0.0977s epoch_t=00:01.00 lr=0.000602 | GPU MB alloc/reserved=279.2/1900.0
2026-04-11 17:43:31 | INFO | [Round 7] Epoch 35/80 time=00:01.00 avg=00:00.89 ETA=00:40.10 | GPU MB alloc/reserved=279.2/1900.0
2026-04-11 17:43:32 | INFO | [Round 7] epoch=36/80 loss=0.3334 acc=93.67 val_acc=nan data_t=0.0032s batch_t=0.0964s epoch_t=00:01.00 lr=0.000582 | GPU MB alloc/reserved=279.2/1900.0
2026-04-11 17:43:32 | INFO | [Round 7] Epoch 36/80 time=00:01.00 avg=00:00.89 ETA=00:39.33 | GPU MB alloc/reserved=279.2/1900.0
2026-04-11 17:43:33 | INFO | [Round 7] epoch=37/80 loss=0.2997 acc=95.33 val_acc=nan data_t=0.0026s batch_t=0.0965s epoch_t=00:00.99 lr=0.000563 | GPU MB alloc/reserved=279.2/1900.0
2026-04-11 17:43:33 | INFO | [Round 7] Epoch 37/80 time=00:00.99 avg=00:00.90 ETA=00:38.55 | GPU MB alloc/reserved=279.2/1900.0
2026-04-11 17:43:34 | INFO | [Round 7] epoch=38/80 loss=0.2676 acc=95.75 val_acc=nan data_t=0.0033s batch_t=0.0751s epoch_t=00:00.78 lr=0.000544 | GPU MB alloc/reserved=279.2/1900.0
2026-04-11 17:43:34 | INFO | [Round 7] Epoch 38/80 time=00:00.78 avg=00:00.89 ETA=00:37.53 | GPU MB alloc/reserved=279.2/1900.0
2026-04-11 17:43:35 | INFO | [Round 7] epoch=39/80 loss=0.2253 acc=96.75 val_acc=nan data_t=0.0039s batch_t=0.0555s epoch_t=00:00.59 lr=0.000524 | GPU MB alloc/reserved=279.2/1900.0
2026-04-11 17:43:35 | INFO | [Round 7] Epoch 39/80 time=00:00.59 avg=00:00.89 ETA=00:36.32 | GPU MB alloc/reserved=279.2/1900.0
2026-04-11 17:43:36 | INFO | [Round 7] epoch=40/80 loss=0.2031 acc=97.08 val_acc=nan data_t=0.0044s batch_t=0.0765s epoch_t=00:00.81 lr=0.000505 | GPU MB alloc/reserved=279.2/1900.0
2026-04-11 17:43:36 | INFO | [Round 7] Epoch 40/80 time=00:00.81 avg=00:00.88 ETA=00:35.36 | GPU MB alloc/reserved=279.2/1900.0
2026-04-11 17:43:36 | INFO | [Round 7] epoch=41/80 loss=0.1820 acc=97.75 val_acc=nan data_t=0.0044s batch_t=0.0578s epoch_t=00:00.62 lr=0.000486 | GPU MB alloc/reserved=279.2/1900.0
2026-04-11 17:43:36 | INFO | [Round 7] Epoch 41/80 time=00:00.62 avg=00:00.88 ETA=00:34.23 | GPU MB alloc/reserved=279.2/1900.0
2026-04-11 17:43:37 | INFO | [Round 7] epoch=42/80 loss=0.1579 acc=98.25 val_acc=nan data_t=0.0028s batch_t=0.0593s epoch_t=00:00.62 lr=0.000466 | GPU MB alloc/reserved=279.2/1900.0
2026-04-11 17:43:37 | INFO | [Round 7] Epoch 42/80 time=00:00.62 avg=00:00.87 ETA=00:33.12 | GPU MB alloc/reserved=279.2/1900.0
2026-04-11 17:43:38 | INFO | [Round 7] epoch=43/80 loss=0.1392 acc=98.17 val_acc=nan data_t=0.0046s batch_t=0.0597s epoch_t=00:00.64 lr=0.000447 | GPU MB alloc/reserved=279.2/1900.0
2026-04-11 17:43:38 | INFO | [Round 7] Epoch 43/80 time=00:00.64 avg=00:00.87 ETA=00:32.05 | GPU MB alloc/reserved=279.2/1900.0
2026-04-11 17:43:38 | INFO | [Round 7] epoch=44/80 loss=0.1539 acc=97.42 val_acc=nan data_t=0.0037s batch_t=0.0855s epoch_t=00:00.89 lr=0.000428 | GPU MB alloc/reserved=279.2/1900.0
2026-04-11 17:43:38 | INFO | [Round 7] Epoch 44/80 time=00:00.89 avg=00:00.87 ETA=00:31.21 | GPU MB alloc/reserved=279.2/1900.0
2026-04-11 17:43:39 | INFO | [Round 7] epoch=45/80 loss=0.1405 acc=98.33 val_acc=nan data_t=0.0025s batch_t=0.0859s epoch_t=00:00.88 lr=0.000408 | GPU MB alloc/reserved=279.2/1900.0
2026-04-11 17:43:39 | INFO | [Round 7] Epoch 45/80 time=00:00.88 avg=00:00.87 ETA=00:30.35 | GPU MB alloc/reserved=279.2/1900.0
2026-04-11 17:43:40 | INFO | [Round 7] epoch=46/80 loss=0.1058 acc=99.08 val_acc=nan data_t=0.0043s batch_t=0.0830s epoch_t=00:00.87 lr=0.000389 | GPU MB alloc/reserved=279.2/1900.0
2026-04-11 17:43:40 | INFO | [Round 7] Epoch 46/80 time=00:00.87 avg=00:00.87 ETA=00:29.49 | GPU MB alloc/reserved=279.2/1900.0
2026-04-11 17:43:41 | INFO | [Round 7] epoch=47/80 loss=0.0958 acc=98.92 val_acc=nan data_t=0.0051s batch_t=0.0874s epoch_t=00:00.93 lr=0.000371 | GPU MB alloc/reserved=279.2/1900.0
2026-04-11 17:43:41 | INFO | [Round 7] Epoch 47/80 time=00:00.93 avg=00:00.87 ETA=00:28.66 | GPU MB alloc/reserved=279.2/1900.0
2026-04-11 17:43:42 | INFO | [Round 7] epoch=48/80 loss=0.0868 acc=99.17 val_acc=nan data_t=0.0042s batch_t=0.0857s epoch_t=00:00.90 lr=0.000352 | GPU MB alloc/reserved=279.2/1900.0
2026-04-11 17:43:42 | INFO | [Round 7] Epoch 48/80 time=00:00.90 avg=00:00.87 ETA=00:27.82 | GPU MB alloc/reserved=279.2/1900.0
2026-04-11 17:43:43 | INFO | [Round 7] epoch=49/80 loss=0.0653 acc=99.58 val_acc=nan data_t=0.0042s batch_t=0.0853s epoch_t=00:00.89 lr=0.000334 | GPU MB alloc/reserved=279.2/1900.0
2026-04-11 17:43:43 | INFO | [Round 7] Epoch 49/80 time=00:00.89 avg=00:00.87 ETA=00:26.96 | GPU MB alloc/reserved=279.2/1900.0
2026-04-11 17:43:44 | INFO | [Round 7] epoch=50/80 loss=0.0550 acc=99.83 val_acc=nan data_t=0.0043s batch_t=0.0854s epoch_t=00:00.90 lr=0.000316 | GPU MB alloc/reserved=279.2/1900.0
2026-04-11 17:43:44 | INFO | [Round 7] Epoch 50/80 time=00:00.90 avg=00:00.87 ETA=00:26.11 | GPU MB alloc/reserved=279.2/1900.0
2026-04-11 17:43:45 | INFO | [Round 7] epoch=51/80 loss=0.0513 acc=99.75 val_acc=nan data_t=0.0040s batch_t=0.0821s epoch_t=00:00.86 lr=0.000298 | GPU MB alloc/reserved=279.2/1900.0
2026-04-11 17:43:45 | INFO | [Round 7] Epoch 51/80 time=00:00.86 avg=00:00.87 ETA=00:25.23 | GPU MB alloc/reserved=279.2/1900.0
2026-04-11 17:43:46 | INFO | [Round 7] epoch=52/80 loss=0.0513 acc=99.75 val_acc=nan data_t=0.0033s batch_t=0.0869s epoch_t=00:00.90 lr=0.000280 | GPU MB alloc/reserved=279.2/1900.0
2026-04-11 17:43:46 | INFO | [Round 7] Epoch 52/80 time=00:00.90 avg=00:00.87 ETA=00:24.38 | GPU MB alloc/reserved=279.2/1900.0
2026-04-11 17:43:47 | INFO | [Round 7] epoch=53/80 loss=0.0408 acc=99.83 val_acc=nan data_t=0.0045s batch_t=0.0858s epoch_t=00:00.90 lr=0.000263 | GPU MB alloc/reserved=279.2/1900.0
2026-04-11 17:43:47 | INFO | [Round 7] Epoch 53/80 time=00:00.90 avg=00:00.87 ETA=00:23.53 | GPU MB alloc/reserved=279.2/1900.0
2026-04-11 17:43:47 | INFO | [Round 7] epoch=54/80 loss=0.0451 acc=99.92 val_acc=nan data_t=0.0029s batch_t=0.0870s epoch_t=00:00.90 lr=0.000246 | GPU MB alloc/reserved=279.2/1900.0
2026-04-11 17:43:47 | INFO | [Round 7] Epoch 54/80 time=00:00.90 avg=00:00.87 ETA=00:22.67 | GPU MB alloc/reserved=279.2/1900.0
2026-04-11 17:43:48 | INFO | [Round 7] epoch=55/80 loss=0.0367 acc=100.00 val_acc=nan data_t=0.0028s batch_t=0.0885s epoch_t=00:00.91 lr=0.000230 | GPU MB alloc/reserved=279.2/1900.0
2026-04-11 17:43:48 | INFO | [Round 7] Epoch 55/80 time=00:00.91 avg=00:00.87 ETA=00:21.82 | GPU MB alloc/reserved=279.2/1900.0
2026-04-11 17:43:49 | INFO | [Round 7] epoch=56/80 loss=0.0342 acc=100.00 val_acc=nan data_t=0.0030s batch_t=0.0862s epoch_t=00:00.89 lr=0.000214 | GPU MB alloc/reserved=279.2/1900.0
2026-04-11 17:43:49 | INFO | [Round 7] Epoch 56/80 time=00:00.89 avg=00:00.87 ETA=00:20.95 | GPU MB alloc/reserved=279.2/1900.0
2026-04-11 17:43:50 | INFO | [Round 7] epoch=57/80 loss=0.0348 acc=99.92 val_acc=nan data_t=0.0045s batch_t=0.0843s epoch_t=00:00.89 lr=0.000199 | GPU MB alloc/reserved=279.2/1900.0
2026-04-11 17:43:50 | INFO | [Round 7] Epoch 57/80 time=00:00.89 avg=00:00.87 ETA=00:20.09 | GPU MB alloc/reserved=279.2/1900.0
2026-04-11 17:43:51 | INFO | [Round 7] epoch=58/80 loss=0.0336 acc=99.92 val_acc=nan data_t=0.0032s batch_t=0.0838s epoch_t=00:00.87 lr=0.000184 | GPU MB alloc/reserved=279.2/1900.0
2026-04-11 17:43:51 | INFO | [Round 7] Epoch 58/80 time=00:00.87 avg=00:00.87 ETA=00:19.21 | GPU MB alloc/reserved=279.2/1900.0
2026-04-11 17:43:52 | INFO | [Round 7] epoch=59/80 loss=0.0302 acc=99.92 val_acc=nan data_t=0.0046s batch_t=0.0859s epoch_t=00:00.91 lr=0.000169 | GPU MB alloc/reserved=279.2/1900.0
2026-04-11 17:43:52 | INFO | [Round 7] Epoch 59/80 time=00:00.91 avg=00:00.87 ETA=00:18.35 | GPU MB alloc/reserved=279.2/1900.0
2026-04-11 17:43:53 | INFO | [Round 7] epoch=60/80 loss=0.0317 acc=99.92 val_acc=nan data_t=0.0028s batch_t=0.0867s epoch_t=00:00.89 lr=0.000155 | GPU MB alloc/reserved=279.2/1900.0
2026-04-11 17:43:53 | INFO | [Round 7] Epoch 60/80 time=00:00.89 avg=00:00.87 ETA=00:17.48 | GPU MB alloc/reserved=279.2/1900.0
2026-04-11 17:43:54 | INFO | [Round 7] epoch=61/80 loss=0.0311 acc=100.00 val_acc=nan data_t=0.0046s batch_t=0.0858s epoch_t=00:00.90 lr=0.000142 | GPU MB alloc/reserved=279.2/1900.0
2026-04-11 17:43:54 | INFO | [Round 7] Epoch 61/80 time=00:00.90 avg=00:00.87 ETA=00:16.62 | GPU MB alloc/reserved=279.2/1900.0
2026-04-11 17:43:55 | INFO | [Round 7] epoch=62/80 loss=0.0319 acc=99.92 val_acc=nan data_t=0.0043s batch_t=0.0846s epoch_t=00:00.89 lr=0.000129 | GPU MB alloc/reserved=279.2/1900.0
2026-04-11 17:43:55 | INFO | [Round 7] Epoch 62/80 time=00:00.89 avg=00:00.87 ETA=00:15.75 | GPU MB alloc/reserved=279.2/1900.0
2026-04-11 17:43:55 | INFO | [Round 7] epoch=63/80 loss=0.0293 acc=99.92 val_acc=nan data_t=0.0044s batch_t=0.0800s epoch_t=00:00.84 lr=0.000116 | GPU MB alloc/reserved=279.2/1900.0
2026-04-11 17:43:55 | INFO | [Round 7] Epoch 63/80 time=00:00.84 avg=00:00.87 ETA=00:14.87 | GPU MB alloc/reserved=279.2/1900.0
2026-04-11 17:43:56 | INFO | [Round 7] epoch=64/80 loss=0.0295 acc=99.92 val_acc=nan data_t=0.0046s batch_t=0.0838s epoch_t=00:00.88 lr=0.000105 | GPU MB alloc/reserved=279.2/1900.0
2026-04-11 17:43:56 | INFO | [Round 7] Epoch 64/80 time=00:00.88 avg=00:00.87 ETA=00:13.99 | GPU MB alloc/reserved=279.2/1900.0
2026-04-11 17:43:57 | INFO | [Round 7] epoch=65/80 loss=0.0293 acc=99.92 val_acc=nan data_t=0.0044s batch_t=0.0881s epoch_t=00:00.92 lr=0.000093 | GPU MB alloc/reserved=279.2/1900.0
2026-04-11 17:43:57 | INFO | [Round 7] Epoch 65/80 time=00:00.92 avg=00:00.88 ETA=00:13.13 | GPU MB alloc/reserved=279.2/1900.0
2026-04-11 17:43:58 | INFO | [Round 7] epoch=66/80 loss=0.0239 acc=100.00 val_acc=nan data_t=0.0045s batch_t=0.0892s epoch_t=00:00.94 lr=0.000083 | GPU MB alloc/reserved=279.2/1900.0
2026-04-11 17:43:58 | INFO | [Round 7] Epoch 66/80 time=00:00.94 avg=00:00.88 ETA=00:12.27 | GPU MB alloc/reserved=279.2/1900.0
2026-04-11 17:43:59 | INFO | [Round 7] epoch=67/80 loss=0.0288 acc=99.92 val_acc=nan data_t=0.0046s batch_t=0.0849s epoch_t=00:00.90 lr=0.000073 | GPU MB alloc/reserved=279.2/1900.0
2026-04-11 17:43:59 | INFO | [Round 7] Epoch 67/80 time=00:00.90 avg=00:00.88 ETA=00:11.40 | GPU MB alloc/reserved=279.2/1900.0
2026-04-11 17:44:00 | INFO | [Round 7] epoch=68/80 loss=0.0252 acc=100.00 val_acc=nan data_t=0.0025s batch_t=0.0864s epoch_t=00:00.89 lr=0.000064 | GPU MB alloc/reserved=279.2/1900.0
2026-04-11 17:44:00 | INFO | [Round 7] Epoch 68/80 time=00:00.89 avg=00:00.88 ETA=00:10.52 | GPU MB alloc/reserved=279.2/1900.0
2026-04-11 17:44:01 | INFO | [Round 7] epoch=69/80 loss=0.0240 acc=100.00 val_acc=nan data_t=0.0041s batch_t=0.0863s epoch_t=00:00.90 lr=0.000055 | GPU MB alloc/reserved=279.2/1900.0
2026-04-11 17:44:01 | INFO | [Round 7] Epoch 69/80 time=00:00.90 avg=00:00.88 ETA=00:09.65 | GPU MB alloc/reserved=279.2/1900.0
2026-04-11 17:44:02 | INFO | [Round 7] epoch=70/80 loss=0.0248 acc=100.00 val_acc=nan data_t=0.0027s batch_t=0.0866s epoch_t=00:00.89 lr=0.000048 | GPU MB alloc/reserved=279.2/1900.0
2026-04-11 17:44:02 | INFO | [Round 7] Epoch 70/80 time=00:00.89 avg=00:00.88 ETA=00:08.77 | GPU MB alloc/reserved=279.2/1900.0
2026-04-11 17:44:03 | INFO | [Round 7] epoch=71/80 loss=0.0233 acc=100.00 val_acc=nan data_t=0.0028s batch_t=0.0862s epoch_t=00:00.89 lr=0.000041 | GPU MB alloc/reserved=279.2/1900.0
2026-04-11 17:44:03 | INFO | [Round 7] Epoch 71/80 time=00:00.89 avg=00:00.88 ETA=00:07.90 | GPU MB alloc/reserved=279.2/1900.0
2026-04-11 17:44:04 | INFO | [Round 7] epoch=72/80 loss=0.0210 acc=100.00 val_acc=nan data_t=0.0030s batch_t=0.0854s epoch_t=00:00.88 lr=0.000034 | GPU MB alloc/reserved=279.2/1900.0
2026-04-11 17:44:04 | INFO | [Round 7] Epoch 72/80 time=00:00.88 avg=00:00.88 ETA=00:07.02 | GPU MB alloc/reserved=279.2/1900.0
2026-04-11 17:44:04 | INFO | [Round 7] epoch=73/80 loss=0.0225 acc=100.00 val_acc=nan data_t=0.0028s batch_t=0.0852s epoch_t=00:00.88 lr=0.000029 | GPU MB alloc/reserved=279.2/1900.0
2026-04-11 17:44:04 | INFO | [Round 7] Epoch 73/80 time=00:00.88 avg=00:00.88 ETA=00:06.14 | GPU MB alloc/reserved=279.2/1900.0
2026-04-11 17:44:05 | INFO | [Round 7] epoch=74/80 loss=0.0233 acc=100.00 val_acc=nan data_t=0.0032s batch_t=0.0825s epoch_t=00:00.86 lr=0.000024 | GPU MB alloc/reserved=279.2/1900.0
2026-04-11 17:44:05 | INFO | [Round 7] Epoch 74/80 time=00:00.86 avg=00:00.88 ETA=00:05.26 | GPU MB alloc/reserved=279.2/1900.0
2026-04-11 17:44:06 | INFO | [Round 7] epoch=75/80 loss=0.0228 acc=99.92 val_acc=nan data_t=0.0032s batch_t=0.0873s epoch_t=00:00.91 lr=0.000020 | GPU MB alloc/reserved=279.2/1900.0
2026-04-11 17:44:06 | INFO | [Round 7] Epoch 75/80 time=00:00.91 avg=00:00.88 ETA=00:04.39 | GPU MB alloc/reserved=279.2/1900.0
2026-04-11 17:44:07 | INFO | [Round 7] epoch=76/80 loss=0.0237 acc=100.00 val_acc=nan data_t=0.0039s batch_t=0.0881s epoch_t=00:00.92 lr=0.000016 | GPU MB alloc/reserved=279.2/1900.0
2026-04-11 17:44:07 | INFO | [Round 7] Epoch 76/80 time=00:00.92 avg=00:00.88 ETA=00:03.51 | GPU MB alloc/reserved=279.2/1900.0
2026-04-11 17:44:08 | INFO | [Round 7] epoch=77/80 loss=0.0209 acc=100.00 val_acc=nan data_t=0.0026s batch_t=0.0850s epoch_t=00:00.88 lr=0.000013 | GPU MB alloc/reserved=279.2/1900.0
2026-04-11 17:44:08 | INFO | [Round 7] Epoch 77/80 time=00:00.88 avg=00:00.88 ETA=00:02.63 | GPU MB alloc/reserved=279.2/1900.0
2026-04-11 17:44:09 | INFO | [Round 7] epoch=78/80 loss=0.0201 acc=100.00 val_acc=nan data_t=0.0042s batch_t=0.0867s epoch_t=00:00.91 lr=0.000012 | GPU MB alloc/reserved=279.2/1900.0
2026-04-11 17:44:09 | INFO | [Round 7] Epoch 78/80 time=00:00.91 avg=00:00.88 ETA=00:01.76 | GPU MB alloc/reserved=279.2/1900.0
2026-04-11 17:44:10 | INFO | [Round 7] epoch=79/80 loss=0.0255 acc=99.92 val_acc=nan data_t=0.0027s batch_t=0.0896s epoch_t=00:00.92 lr=0.000010 | GPU MB alloc/reserved=279.2/1900.0
2026-04-11 17:44:10 | INFO | [Round 7] Epoch 79/80 time=00:00.92 avg=00:00.88 ETA=00:00.88 | GPU MB alloc/reserved=279.2/1900.0
2026-04-11 17:44:11 | INFO | [Round 7] epoch=80/80 loss=0.0235 acc=100.00 val_acc=nan data_t=0.0028s batch_t=0.0861s epoch_t=00:00.89 lr=0.000010 | GPU MB alloc/reserved=279.2/1900.0
2026-04-11 17:44:11 | INFO | [Round 7] Epoch 80/80 time=00:00.89 avg=00:00.88 ETA=00:00.00 | GPU MB alloc/reserved=279.2/1900.0
2026-04-11 17:44:11 | INFO | [Round 7] training complete in 01:10.67 (best monitor=100.000) | GPU MB alloc/reserved=279.2/1900.0
2026-04-11 17:44:11 | INFO | [Round 7] evaluation started | GPU MB alloc/reserved=191.4/1900.0
2026-04-11 17:44:19 | INFO | [Round 7] clean=15.46 fgsm=11.33 pgd=11.27 grad_disp_mean=nan grad_disp_sel=nan round_t=81.68s | GPU MB alloc/reserved=191.4/1900.0
2026-04-11 17:44:19 | INFO | [Round 8/21] elapsed=01:21.68 avg_round=01:01.26 projected_remaining=13:16.43 | GPU MB alloc/reserved=191.4/1900.0
2026-04-11 17:44:20 | INFO | [Round 8] acquisition on pool_size=48800 scored_pool=5000 budget=100 | GPU MB alloc/reserved=103.7/1900.0
2026-04-11 17:44:21 | INFO | [CoreSet-unlabeled-feat] scoring progress 10/20 elapsed=00:00.24 avg/batch=0.024s ETA=00:00.24 | GPU MB alloc/reserved=111.8/1900.0
2026-04-11 17:44:21 | INFO | [CoreSet-unlabeled-feat] scoring progress 20/20 elapsed=00:00.36 avg/batch=0.018s ETA=00:00.00 | GPU MB alloc/reserved=115.7/1900.0
2026-04-11 17:44:21 | INFO | [CoreSet-labeled-feat] scoring progress 5/5 elapsed=00:00.21 avg/batch=0.043s ETA=00:00.00 | GPU MB alloc/reserved=118.1/1900.0
2026-04-11 17:44:21 | INFO | [CoreSet] greedy 10/100 cover_radius=28.155954 | GPU: n/a
2026-04-11 17:44:21 | INFO | [CoreSet] greedy 20/100 cover_radius=27.703358 | GPU: n/a
2026-04-11 17:44:21 | INFO | [CoreSet] greedy 30/100 cover_radius=27.414560 | GPU: n/a
2026-04-11 17:44:21 | INFO | [CoreSet] greedy 40/100 cover_radius=27.107883 | GPU: n/a
2026-04-11 17:44:22 | INFO | [CoreSet] greedy 50/100 cover_radius=26.932220 | GPU: n/a
2026-04-11 17:44:22 | INFO | [CoreSet] greedy 60/100 cover_radius=26.818384 | GPU: n/a
2026-04-11 17:44:22 | INFO | [CoreSet] greedy 70/100 cover_radius=26.732895 | GPU: n/a
2026-04-11 17:44:22 | INFO | [CoreSet] greedy 80/100 cover_radius=26.671980 | GPU: n/a
2026-04-11 17:44:22 | INFO | [CoreSet] greedy 90/100 cover_radius=26.591234 | GPU: n/a
2026-04-11 17:44:22 | INFO | [CoreSet] greedy 100/100 cover_radius=26.447931 | GPU: n/a
2026-04-11 17:44:23 | INFO | [Round 8] labeled=1300 train=1300 val_fixed=0 | GPU MB alloc/reserved=148.4/1900.0
2026-04-11 17:44:24 | INFO | [Round 8] epoch=1/80 loss=4.7503 acc=2.62 val_acc=nan data_t=0.0188s batch_t=0.0915s epoch_t=00:01.21 lr=0.001000 | GPU MB alloc/reserved=278.0/1900.0
2026-04-11 17:44:24 | INFO | [Round 8] Epoch 1/80 time=00:01.21 avg=00:01.21 ETA=01:35.88 | GPU MB alloc/reserved=278.0/1900.0
2026-04-11 17:44:25 | INFO | [Round 8] epoch=2/80 loss=4.4478 acc=3.92 val_acc=nan data_t=0.0037s batch_t=0.0822s epoch_t=00:00.95 lr=0.000998 | GPU MB alloc/reserved=278.0/1900.0
2026-04-11 17:44:25 | INFO | [Round 8] Epoch 2/80 time=00:00.95 avg=00:01.08 ETA=01:24.21 | GPU MB alloc/reserved=278.0/1900.0
2026-04-11 17:44:26 | INFO | [Round 8] epoch=3/80 loss=4.2253 acc=6.54 val_acc=nan data_t=0.0036s batch_t=0.0847s epoch_t=00:00.97 lr=0.000997 | GPU MB alloc/reserved=278.0/1900.0
2026-04-11 17:44:26 | INFO | [Round 8] Epoch 3/80 time=00:00.97 avg=00:01.04 ETA=01:20.36 | GPU MB alloc/reserved=278.0/1900.0
2026-04-11 17:44:27 | INFO | [Round 8] epoch=4/80 loss=4.0495 acc=8.00 val_acc=nan data_t=0.0027s batch_t=0.0865s epoch_t=00:00.98 lr=0.000994 | GPU MB alloc/reserved=278.0/1900.0
2026-04-11 17:44:27 | INFO | [Round 8] Epoch 4/80 time=00:00.98 avg=00:01.03 ETA=01:18.12 | GPU MB alloc/reserved=278.0/1900.0
2026-04-11 17:44:28 | INFO | [Round 8] epoch=5/80 loss=3.9327 acc=8.77 val_acc=nan data_t=0.0024s batch_t=0.0852s epoch_t=00:00.96 lr=0.000990 | GPU MB alloc/reserved=278.0/1900.0
2026-04-11 17:44:28 | INFO | [Round 8] Epoch 5/80 time=00:00.96 avg=00:01.02 ETA=01:16.13 | GPU MB alloc/reserved=278.0/1900.0
2026-04-11 17:44:29 | INFO | [Round 8] epoch=6/80 loss=3.8202 acc=9.15 val_acc=nan data_t=0.0025s batch_t=0.0864s epoch_t=00:00.98 lr=0.000986 | GPU MB alloc/reserved=278.0/1900.0
2026-04-11 17:44:29 | INFO | [Round 8] Epoch 6/80 time=00:00.98 avg=00:01.01 ETA=01:14.66 | GPU MB alloc/reserved=278.0/1900.0
2026-04-11 17:44:30 | INFO | [Round 8] epoch=7/80 loss=3.6903 acc=12.15 val_acc=nan data_t=0.0025s batch_t=0.0856s epoch_t=00:00.97 lr=0.000981 | GPU MB alloc/reserved=278.0/1900.0
2026-04-11 17:44:30 | INFO | [Round 8] Epoch 7/80 time=00:00.97 avg=00:01.00 ETA=01:13.24 | GPU MB alloc/reserved=278.0/1900.0
2026-04-11 17:44:31 | INFO | [Round 8] epoch=8/80 loss=3.6012 acc=12.31 val_acc=nan data_t=0.0039s batch_t=0.0878s epoch_t=00:01.01 lr=0.000976 | GPU MB alloc/reserved=278.0/1900.0
2026-04-11 17:44:31 | INFO | [Round 8] Epoch 8/80 time=00:01.01 avg=00:01.00 ETA=01:12.28 | GPU MB alloc/reserved=278.0/1900.0
2026-04-11 17:44:32 | INFO | [Round 8] epoch=9/80 loss=3.4673 acc=15.54 val_acc=nan data_t=0.0026s batch_t=0.0877s epoch_t=00:00.99 lr=0.000969 | GPU MB alloc/reserved=278.0/1900.0
2026-04-11 17:44:32 | INFO | [Round 8] Epoch 9/80 time=00:00.99 avg=00:01.00 ETA=01:11.19 | GPU MB alloc/reserved=278.0/1900.0
2026-04-11 17:44:33 | INFO | [Round 8] epoch=10/80 loss=3.3680 acc=17.69 val_acc=nan data_t=0.0037s batch_t=0.0862s epoch_t=00:00.99 lr=0.000962 | GPU MB alloc/reserved=278.0/1900.0
2026-04-11 17:44:33 | INFO | [Round 8] Epoch 10/80 time=00:00.99 avg=00:01.00 ETA=01:10.09 | GPU MB alloc/reserved=278.0/1900.0
2026-04-11 17:44:34 | INFO | [Round 8] epoch=11/80 loss=3.3727 acc=15.54 val_acc=nan data_t=0.0035s batch_t=0.0852s epoch_t=00:00.98 lr=0.000955 | GPU MB alloc/reserved=278.0/1900.0
2026-04-11 17:44:34 | INFO | [Round 8] Epoch 11/80 time=00:00.98 avg=00:01.00 ETA=01:08.93 | GPU MB alloc/reserved=278.0/1900.0
2026-04-11 17:44:35 | INFO | [Round 8] epoch=12/80 loss=3.2128 acc=20.54 val_acc=nan data_t=0.0041s batch_t=0.0835s epoch_t=00:00.96 lr=0.000946 | GPU MB alloc/reserved=278.0/1900.0
2026-04-11 17:44:35 | INFO | [Round 8] Epoch 12/80 time=00:00.96 avg=00:01.00 ETA=01:07.73 | GPU MB alloc/reserved=278.0/1900.0
2026-04-11 17:44:36 | INFO | [Round 8] epoch=13/80 loss=3.1107 acc=21.77 val_acc=nan data_t=0.0024s batch_t=0.0868s epoch_t=00:00.98 lr=0.000937 | GPU MB alloc/reserved=278.0/1900.0
2026-04-11 17:44:36 | INFO | [Round 8] Epoch 13/80 time=00:00.98 avg=00:00.99 ETA=01:06.66 | GPU MB alloc/reserved=278.0/1900.0
2026-04-11 17:44:37 | INFO | [Round 8] epoch=14/80 loss=2.9947 acc=22.54 val_acc=nan data_t=0.0040s batch_t=0.0847s epoch_t=00:00.98 lr=0.000927 | GPU MB alloc/reserved=278.0/1900.0
2026-04-11 17:44:37 | INFO | [Round 8] Epoch 14/80 time=00:00.98 avg=00:00.99 ETA=01:05.57 | GPU MB alloc/reserved=278.0/1900.0
2026-04-11 17:44:37 | INFO | [Round 8] epoch=15/80 loss=2.8785 acc=25.92 val_acc=nan data_t=0.0038s batch_t=0.0618s epoch_t=00:00.72 lr=0.000917 | GPU MB alloc/reserved=278.0/1900.0
2026-04-11 17:44:37 | INFO | [Round 8] Epoch 15/80 time=00:00.72 avg=00:00.98 ETA=01:03.40 | GPU MB alloc/reserved=278.0/1900.0
2026-04-11 17:44:38 | INFO | [Round 8] epoch=16/80 loss=2.8029 acc=26.92 val_acc=nan data_t=0.0033s batch_t=0.0938s epoch_t=00:01.07 lr=0.000905 | GPU MB alloc/reserved=278.0/1900.0
2026-04-11 17:44:38 | INFO | [Round 8] Epoch 16/80 time=00:01.07 avg=00:00.98 ETA=01:02.80 | GPU MB alloc/reserved=278.0/1900.0
2026-04-11 17:44:40 | INFO | [Round 8] epoch=17/80 loss=2.7059 acc=28.46 val_acc=nan data_t=0.0025s batch_t=0.0964s epoch_t=00:01.09 lr=0.000894 | GPU MB alloc/reserved=278.0/1900.0
2026-04-11 17:44:40 | INFO | [Round 8] Epoch 17/80 time=00:01.09 avg=00:00.99 ETA=01:02.22 | GPU MB alloc/reserved=278.0/1900.0
2026-04-11 17:44:41 | INFO | [Round 8] epoch=18/80 loss=2.6071 acc=29.62 val_acc=nan data_t=0.0036s batch_t=0.0927s epoch_t=00:01.06 lr=0.000881 | GPU MB alloc/reserved=278.0/1900.0
2026-04-11 17:44:41 | INFO | [Round 8] Epoch 18/80 time=00:01.06 avg=00:00.99 ETA=01:01.48 | GPU MB alloc/reserved=278.0/1900.0
2026-04-11 17:44:42 | INFO | [Round 8] epoch=19/80 loss=2.5207 acc=32.85 val_acc=nan data_t=0.0030s batch_t=0.0953s epoch_t=00:01.08 lr=0.000868 | GPU MB alloc/reserved=278.0/1900.0
2026-04-11 17:44:42 | INFO | [Round 8] Epoch 19/80 time=00:01.08 avg=00:01.00 ETA=01:00.77 | GPU MB alloc/reserved=278.0/1900.0
2026-04-11 17:44:43 | INFO | [Round 8] epoch=20/80 loss=2.3712 acc=34.85 val_acc=nan data_t=0.0034s batch_t=0.0943s epoch_t=00:01.08 lr=0.000855 | GPU MB alloc/reserved=278.0/1900.0
2026-04-11 17:44:43 | INFO | [Round 8] Epoch 20/80 time=00:01.08 avg=00:01.00 ETA=01:00.01 | GPU MB alloc/reserved=278.0/1900.0
2026-04-11 17:44:44 | INFO | [Round 8] epoch=21/80 loss=2.2814 acc=37.77 val_acc=nan data_t=0.0030s batch_t=0.0960s epoch_t=00:01.09 lr=0.000841 | GPU MB alloc/reserved=278.0/1900.0
2026-04-11 17:44:44 | INFO | [Round 8] Epoch 21/80 time=00:01.09 avg=00:01.00 ETA=00:59.26 | GPU MB alloc/reserved=278.0/1900.0
2026-04-11 17:44:45 | INFO | [Round 8] epoch=22/80 loss=2.2453 acc=37.92 val_acc=nan data_t=0.0039s batch_t=0.0951s epoch_t=00:01.09 lr=0.000826 | GPU MB alloc/reserved=278.0/1900.0
2026-04-11 17:44:45 | INFO | [Round 8] Epoch 22/80 time=00:01.09 avg=00:01.01 ETA=00:58.48 | GPU MB alloc/reserved=278.0/1900.0
2026-04-11 17:44:46 | INFO | [Round 8] epoch=23/80 loss=2.1387 acc=40.15 val_acc=nan data_t=0.0024s batch_t=0.0904s epoch_t=00:01.02 lr=0.000811 | GPU MB alloc/reserved=278.0/1900.0
2026-04-11 17:44:46 | INFO | [Round 8] Epoch 23/80 time=00:01.02 avg=00:01.01 ETA=00:57.51 | GPU MB alloc/reserved=278.0/1900.0
2026-04-11 17:44:47 | INFO | [Round 8] epoch=24/80 loss=1.9997 acc=45.46 val_acc=nan data_t=0.0033s batch_t=0.0560s epoch_t=00:00.65 lr=0.000796 | GPU MB alloc/reserved=278.0/1900.0
2026-04-11 17:44:47 | INFO | [Round 8] Epoch 24/80 time=00:00.65 avg=00:00.99 ETA=00:55.67 | GPU MB alloc/reserved=278.0/1900.0
2026-04-11 17:44:48 | INFO | [Round 8] epoch=25/80 loss=1.8888 acc=47.62 val_acc=nan data_t=0.0058s batch_t=0.0727s epoch_t=00:00.86 lr=0.000780 | GPU MB alloc/reserved=278.0/1900.0
2026-04-11 17:44:48 | INFO | [Round 8] Epoch 25/80 time=00:00.86 avg=00:00.99 ETA=00:54.39 | GPU MB alloc/reserved=278.0/1900.0
2026-04-11 17:44:48 | INFO | [Round 8] epoch=26/80 loss=1.7882 acc=50.85 val_acc=nan data_t=0.0038s batch_t=0.0582s epoch_t=00:00.68 lr=0.000764 | GPU MB alloc/reserved=278.0/1900.0
2026-04-11 17:44:48 | INFO | [Round 8] Epoch 26/80 time=00:00.68 avg=00:00.98 ETA=00:52.76 | GPU MB alloc/reserved=278.0/1900.0
2026-04-11 17:44:49 | INFO | [Round 8] epoch=27/80 loss=1.6282 acc=54.46 val_acc=nan data_t=0.0040s batch_t=0.0566s epoch_t=00:00.67 lr=0.000747 | GPU MB alloc/reserved=278.0/1900.0
2026-04-11 17:44:49 | INFO | [Round 8] Epoch 27/80 time=00:00.67 avg=00:00.97 ETA=00:51.17 | GPU MB alloc/reserved=278.0/1900.0
2026-04-11 17:44:50 | INFO | [Round 8] epoch=28/80 loss=1.5127 acc=58.77 val_acc=nan data_t=0.0027s batch_t=0.0789s epoch_t=00:00.90 lr=0.000730 | GPU MB alloc/reserved=278.0/1900.0
2026-04-11 17:44:50 | INFO | [Round 8] Epoch 28/80 time=00:00.90 avg=00:00.96 ETA=00:50.08 | GPU MB alloc/reserved=278.0/1900.0
2026-04-11 17:44:51 | INFO | [Round 8] epoch=29/80 loss=1.4551 acc=59.85 val_acc=nan data_t=0.0037s batch_t=0.0803s epoch_t=00:00.92 lr=0.000712 | GPU MB alloc/reserved=278.0/1900.0
2026-04-11 17:44:51 | INFO | [Round 8] Epoch 29/80 time=00:00.92 avg=00:00.96 ETA=00:49.05 | GPU MB alloc/reserved=278.0/1900.0
2026-04-11 17:44:52 | INFO | [Round 8] epoch=30/80 loss=1.3919 acc=61.46 val_acc=nan data_t=0.0040s batch_t=0.0840s epoch_t=00:00.97 lr=0.000694 | GPU MB alloc/reserved=278.0/1900.0
2026-04-11 17:44:52 | INFO | [Round 8] Epoch 30/80 time=00:00.97 avg=00:00.96 ETA=00:48.10 | GPU MB alloc/reserved=278.0/1900.0
2026-04-11 17:44:53 | INFO | [Round 8] epoch=31/80 loss=1.2959 acc=64.23 val_acc=nan data_t=0.0040s batch_t=0.0857s epoch_t=00:00.99 lr=0.000676 | GPU MB alloc/reserved=278.0/1900.0
2026-04-11 17:44:53 | INFO | [Round 8] Epoch 31/80 time=00:00.99 avg=00:00.96 ETA=00:47.18 | GPU MB alloc/reserved=278.0/1900.0
2026-04-11 17:44:54 | INFO | [Round 8] epoch=32/80 loss=1.2764 acc=65.15 val_acc=nan data_t=0.0044s batch_t=0.0856s epoch_t=00:00.99 lr=0.000658 | GPU MB alloc/reserved=278.0/1900.0
2026-04-11 17:44:54 | INFO | [Round 8] Epoch 32/80 time=00:00.99 avg=00:00.96 ETA=00:46.26 | GPU MB alloc/reserved=278.0/1900.0
2026-04-11 17:44:55 | INFO | [Round 8] epoch=33/80 loss=1.1340 acc=69.00 val_acc=nan data_t=0.0024s batch_t=0.0860s epoch_t=00:00.97 lr=0.000639 | GPU MB alloc/reserved=278.0/1900.0
2026-04-11 17:44:55 | INFO | [Round 8] Epoch 33/80 time=00:00.97 avg=00:00.96 ETA=00:45.31 | GPU MB alloc/reserved=278.0/1900.0
2026-04-11 17:44:55 | INFO | [Round 8] epoch=34/80 loss=0.9931 acc=75.23 val_acc=nan data_t=0.0030s batch_t=0.0695s epoch_t=00:00.80 lr=0.000621 | GPU MB alloc/reserved=278.0/1900.0
2026-04-11 17:44:55 | INFO | [Round 8] Epoch 34/80 time=00:00.80 avg=00:00.96 ETA=00:44.12 | GPU MB alloc/reserved=278.0/1900.0
2026-04-11 17:44:56 | INFO | [Round 8] epoch=35/80 loss=0.9993 acc=74.08 val_acc=nan data_t=0.0025s batch_t=0.0925s epoch_t=00:01.05 lr=0.000602 | GPU MB alloc/reserved=278.0/1900.0
2026-04-11 17:44:56 | INFO | [Round 8] Epoch 35/80 time=00:01.05 avg=00:00.96 ETA=00:43.27 | GPU MB alloc/reserved=278.0/1900.0
2026-04-11 17:44:58 | INFO | [Round 8] epoch=36/80 loss=0.8610 acc=78.77 val_acc=nan data_t=0.0029s batch_t=0.0945s epoch_t=00:01.07 lr=0.000582 | GPU MB alloc/reserved=278.0/1900.0
2026-04-11 17:44:58 | INFO | [Round 8] Epoch 36/80 time=00:01.07 avg=00:00.96 ETA=00:42.44 | GPU MB alloc/reserved=278.0/1900.0
2026-04-11 17:44:59 | INFO | [Round 8] epoch=37/80 loss=0.8592 acc=78.46 val_acc=nan data_t=0.0041s batch_t=0.0916s epoch_t=00:01.05 lr=0.000563 | GPU MB alloc/reserved=278.0/1900.0
2026-04-11 17:44:59 | INFO | [Round 8] Epoch 37/80 time=00:01.05 avg=00:00.97 ETA=00:41.58 | GPU MB alloc/reserved=278.0/1900.0
2026-04-11 17:45:00 | INFO | [Round 8] epoch=38/80 loss=0.8150 acc=81.15 val_acc=nan data_t=0.0054s batch_t=0.0948s epoch_t=00:01.10 lr=0.000544 | GPU MB alloc/reserved=278.0/1900.0
2026-04-11 17:45:00 | INFO | [Round 8] Epoch 38/80 time=00:01.10 avg=00:00.97 ETA=00:40.76 | GPU MB alloc/reserved=278.0/1900.0
2026-04-11 17:45:01 | INFO | [Round 8] epoch=39/80 loss=0.7431 acc=82.15 val_acc=nan data_t=0.0027s batch_t=0.0973s epoch_t=00:01.10 lr=0.000524 | GPU MB alloc/reserved=278.0/1900.0
2026-04-11 17:45:01 | INFO | [Round 8] Epoch 39/80 time=00:01.10 avg=00:00.97 ETA=00:39.93 | GPU MB alloc/reserved=278.0/1900.0
2026-04-11 17:45:02 | INFO | [Round 8] epoch=40/80 loss=0.6091 acc=87.15 val_acc=nan data_t=0.0027s batch_t=0.0951s epoch_t=00:01.08 lr=0.000505 | GPU MB alloc/reserved=278.0/1900.0
2026-04-11 17:45:02 | INFO | [Round 8] Epoch 40/80 time=00:01.08 avg=00:00.98 ETA=00:39.06 | GPU MB alloc/reserved=278.0/1900.0
2026-04-11 17:45:03 | INFO | [Round 8] epoch=41/80 loss=0.6060 acc=86.00 val_acc=nan data_t=0.0024s batch_t=0.0953s epoch_t=00:01.07 lr=0.000486 | GPU MB alloc/reserved=278.0/1900.0
2026-04-11 17:45:03 | INFO | [Round 8] Epoch 41/80 time=00:01.07 avg=00:00.98 ETA=00:38.17 | GPU MB alloc/reserved=278.0/1900.0
2026-04-11 17:45:04 | INFO | [Round 8] epoch=42/80 loss=0.5477 acc=88.23 val_acc=nan data_t=0.0041s batch_t=0.0870s epoch_t=00:01.00 lr=0.000466 | GPU MB alloc/reserved=278.0/1900.0
2026-04-11 17:45:04 | INFO | [Round 8] Epoch 42/80 time=00:01.00 avg=00:00.98 ETA=00:37.22 | GPU MB alloc/reserved=278.0/1900.0
2026-04-11 17:45:05 | INFO | [Round 8] epoch=43/80 loss=0.5045 acc=89.92 val_acc=nan data_t=0.0027s batch_t=0.0576s epoch_t=00:00.66 lr=0.000447 | GPU MB alloc/reserved=278.0/1900.0
2026-04-11 17:45:05 | INFO | [Round 8] Epoch 43/80 time=00:00.66 avg=00:00.97 ETA=00:35.97 | GPU MB alloc/reserved=278.0/1900.0
2026-04-11 17:45:05 | INFO | [Round 8] epoch=44/80 loss=0.4339 acc=91.08 val_acc=nan data_t=0.0033s batch_t=0.0675s epoch_t=00:00.78 lr=0.000428 | GPU MB alloc/reserved=278.0/1900.0
2026-04-11 17:45:05 | INFO | [Round 8] Epoch 44/80 time=00:00.78 avg=00:00.97 ETA=00:34.84 | GPU MB alloc/reserved=278.0/1900.0
2026-04-11 17:45:06 | INFO | [Round 8] epoch=45/80 loss=0.4077 acc=93.15 val_acc=nan data_t=0.0023s batch_t=0.0630s epoch_t=00:00.72 lr=0.000408 | GPU MB alloc/reserved=278.0/1900.0
2026-04-11 17:45:06 | INFO | [Round 8] Epoch 45/80 time=00:00.72 avg=00:00.96 ETA=00:33.67 | GPU MB alloc/reserved=278.0/1900.0
2026-04-11 17:45:07 | INFO | [Round 8] epoch=46/80 loss=0.4588 acc=91.38 val_acc=nan data_t=0.0029s batch_t=0.0588s epoch_t=00:00.68 lr=0.000389 | GPU MB alloc/reserved=278.0/1900.0
2026-04-11 17:45:07 | INFO | [Round 8] Epoch 46/80 time=00:00.68 avg=00:00.96 ETA=00:32.50 | GPU MB alloc/reserved=278.0/1900.0
2026-04-11 17:45:08 | INFO | [Round 8] epoch=47/80 loss=0.4035 acc=92.46 val_acc=nan data_t=0.0035s batch_t=0.0619s epoch_t=00:00.72 lr=0.000371 | GPU MB alloc/reserved=278.0/1900.0
2026-04-11 17:45:08 | INFO | [Round 8] Epoch 47/80 time=00:00.72 avg=00:00.95 ETA=00:31.38 | GPU MB alloc/reserved=278.0/1900.0
2026-04-11 17:45:09 | INFO | [Round 8] epoch=48/80 loss=0.3556 acc=94.46 val_acc=nan data_t=0.0029s batch_t=0.0840s epoch_t=00:00.96 lr=0.000352 | GPU MB alloc/reserved=278.0/1900.0
2026-04-11 17:45:09 | INFO | [Round 8] Epoch 48/80 time=00:00.96 avg=00:00.95 ETA=00:30.43 | GPU MB alloc/reserved=278.0/1900.0
2026-04-11 17:45:10 | INFO | [Round 8] epoch=49/80 loss=0.3208 acc=95.31 val_acc=nan data_t=0.0037s batch_t=0.0865s epoch_t=00:00.99 lr=0.000334 | GPU MB alloc/reserved=278.0/1900.0
2026-04-11 17:45:10 | INFO | [Round 8] Epoch 49/80 time=00:00.99 avg=00:00.95 ETA=00:29.51 | GPU MB alloc/reserved=278.0/1900.0
2026-04-11 17:45:11 | INFO | [Round 8] epoch=50/80 loss=0.2882 acc=95.92 val_acc=nan data_t=0.0048s batch_t=0.0887s epoch_t=00:01.03 lr=0.000316 | GPU MB alloc/reserved=278.0/1900.0
2026-04-11 17:45:11 | INFO | [Round 8] Epoch 50/80 time=00:01.03 avg=00:00.95 ETA=00:28.60 | GPU MB alloc/reserved=278.0/1900.0
2026-04-11 17:45:12 | INFO | [Round 8] epoch=51/80 loss=0.2682 acc=96.00 val_acc=nan data_t=0.0041s batch_t=0.0887s epoch_t=00:01.02 lr=0.000298 | GPU MB alloc/reserved=278.0/1900.0
2026-04-11 17:45:12 | INFO | [Round 8] Epoch 51/80 time=00:01.02 avg=00:00.95 ETA=00:27.69 | GPU MB alloc/reserved=278.0/1900.0
2026-04-11 17:45:13 | INFO | [Round 8] epoch=52/80 loss=0.2445 acc=96.46 val_acc=nan data_t=0.0032s batch_t=0.0894s epoch_t=00:01.02 lr=0.000280 | GPU MB alloc/reserved=278.0/1900.0
2026-04-11 17:45:13 | INFO | [Round 8] Epoch 52/80 time=00:01.02 avg=00:00.96 ETA=00:26.77 | GPU MB alloc/reserved=278.0/1900.0
2026-04-11 17:45:14 | INFO | [Round 8] epoch=53/80 loss=0.2327 acc=97.38 val_acc=nan data_t=0.0033s batch_t=0.0881s epoch_t=00:01.01 lr=0.000263 | GPU MB alloc/reserved=278.0/1900.0
2026-04-11 17:45:14 | INFO | [Round 8] Epoch 53/80 time=00:01.01 avg=00:00.96 ETA=00:25.84 | GPU MB alloc/reserved=278.0/1900.0
2026-04-11 17:45:15 | INFO | [Round 8] epoch=54/80 loss=0.1952 acc=98.00 val_acc=nan data_t=0.0041s batch_t=0.0888s epoch_t=00:01.02 lr=0.000246 | GPU MB alloc/reserved=278.0/1900.0
2026-04-11 17:45:15 | INFO | [Round 8] Epoch 54/80 time=00:01.02 avg=00:00.96 ETA=00:24.91 | GPU MB alloc/reserved=278.0/1900.0
2026-04-11 17:45:16 | INFO | [Round 8] epoch=55/80 loss=0.1845 acc=98.23 val_acc=nan data_t=0.0056s batch_t=0.0893s epoch_t=00:01.04 lr=0.000230 | GPU MB alloc/reserved=278.0/1900.0
2026-04-11 17:45:16 | INFO | [Round 8] Epoch 55/80 time=00:01.04 avg=00:00.96 ETA=00:23.99 | GPU MB alloc/reserved=278.0/1900.0
2026-04-11 17:45:17 | INFO | [Round 8] epoch=56/80 loss=0.1960 acc=98.00 val_acc=nan data_t=0.0042s batch_t=0.0880s epoch_t=00:01.01 lr=0.000214 | GPU MB alloc/reserved=278.0/1900.0
2026-04-11 17:45:17 | INFO | [Round 8] Epoch 56/80 time=00:01.01 avg=00:00.96 ETA=00:23.05 | GPU MB alloc/reserved=278.0/1900.0
2026-04-11 17:45:18 | INFO | [Round 8] epoch=57/80 loss=0.1620 acc=98.92 val_acc=nan data_t=0.0033s batch_t=0.0865s epoch_t=00:00.99 lr=0.000199 | GPU MB alloc/reserved=278.0/1900.0
2026-04-11 17:45:18 | INFO | [Round 8] Epoch 57/80 time=00:00.99 avg=00:00.96 ETA=00:22.11 | GPU MB alloc/reserved=278.0/1900.0
2026-04-11 17:45:19 | INFO | [Round 8] epoch=58/80 loss=0.1620 acc=98.69 val_acc=nan data_t=0.0024s batch_t=0.0878s epoch_t=00:00.99 lr=0.000184 | GPU MB alloc/reserved=278.0/1900.0
2026-04-11 17:45:19 | INFO | [Round 8] Epoch 58/80 time=00:00.99 avg=00:00.96 ETA=00:21.16 | GPU MB alloc/reserved=278.0/1900.0
2026-04-11 17:45:20 | INFO | [Round 8] epoch=59/80 loss=0.1465 acc=98.77 val_acc=nan data_t=0.0024s batch_t=0.0864s epoch_t=00:00.98 lr=0.000169 | GPU MB alloc/reserved=278.0/1900.0
2026-04-11 17:45:20 | INFO | [Round 8] Epoch 59/80 time=00:00.98 avg=00:00.96 ETA=00:20.20 | GPU MB alloc/reserved=278.0/1900.0
2026-04-11 17:45:21 | INFO | [Round 8] epoch=60/80 loss=0.1210 acc=99.46 val_acc=nan data_t=0.0024s batch_t=0.0823s epoch_t=00:00.93 lr=0.000155 | GPU MB alloc/reserved=278.0/1900.0
2026-04-11 17:45:21 | INFO | [Round 8] Epoch 60/80 time=00:00.93 avg=00:00.96 ETA=00:19.23 | GPU MB alloc/reserved=278.0/1900.0
2026-04-11 17:45:22 | INFO | [Round 8] epoch=61/80 loss=0.1341 acc=98.46 val_acc=nan data_t=0.0026s batch_t=0.0870s epoch_t=00:00.99 lr=0.000142 | GPU MB alloc/reserved=278.0/1900.0
2026-04-11 17:45:22 | INFO | [Round 8] Epoch 61/80 time=00:00.99 avg=00:00.96 ETA=00:18.27 | GPU MB alloc/reserved=278.0/1900.0
2026-04-11 17:45:23 | INFO | [Round 8] epoch=62/80 loss=0.1333 acc=98.38 val_acc=nan data_t=0.0043s batch_t=0.0869s epoch_t=00:01.00 lr=0.000129 | GPU MB alloc/reserved=278.0/1900.0
2026-04-11 17:45:23 | INFO | [Round 8] Epoch 62/80 time=00:01.00 avg=00:00.96 ETA=00:17.32 | GPU MB alloc/reserved=278.0/1900.0
2026-04-11 17:45:24 | INFO | [Round 8] epoch=63/80 loss=0.1349 acc=98.77 val_acc=nan data_t=0.0030s batch_t=0.0859s epoch_t=00:00.98 lr=0.000116 | GPU MB alloc/reserved=278.0/1900.0
2026-04-11 17:45:24 | INFO | [Round 8] Epoch 63/80 time=00:00.98 avg=00:00.96 ETA=00:16.37 | GPU MB alloc/reserved=278.0/1900.0
2026-04-11 17:45:25 | INFO | [Round 8] epoch=64/80 loss=0.1189 acc=99.23 val_acc=nan data_t=0.0023s batch_t=0.0885s epoch_t=00:01.00 lr=0.000105 | GPU MB alloc/reserved=278.0/1900.0
2026-04-11 17:45:25 | INFO | [Round 8] Epoch 64/80 time=00:01.00 avg=00:00.96 ETA=00:15.41 | GPU MB alloc/reserved=278.0/1900.0
2026-04-11 17:45:26 | INFO | [Round 8] epoch=65/80 loss=0.1103 acc=99.23 val_acc=nan data_t=0.0024s batch_t=0.0873s epoch_t=00:00.99 lr=0.000093 | GPU MB alloc/reserved=278.0/1900.0
2026-04-11 17:45:26 | INFO | [Round 8] Epoch 65/80 time=00:00.99 avg=00:00.96 ETA=00:14.45 | GPU MB alloc/reserved=278.0/1900.0
2026-04-11 17:45:27 | INFO | [Round 8] epoch=66/80 loss=0.1044 acc=99.46 val_acc=nan data_t=0.0037s batch_t=0.0865s epoch_t=00:00.99 lr=0.000083 | GPU MB alloc/reserved=278.0/1900.0
2026-04-11 17:45:27 | INFO | [Round 8] Epoch 66/80 time=00:00.99 avg=00:00.96 ETA=00:13.50 | GPU MB alloc/reserved=278.0/1900.0
2026-04-11 17:45:28 | INFO | [Round 8] epoch=67/80 loss=0.0935 acc=99.85 val_acc=nan data_t=0.0025s batch_t=0.0878s epoch_t=00:00.99 lr=0.000073 | GPU MB alloc/reserved=278.0/1900.0
2026-04-11 17:45:28 | INFO | [Round 8] Epoch 67/80 time=00:00.99 avg=00:00.96 ETA=00:12.54 | GPU MB alloc/reserved=278.0/1900.0
2026-04-11 17:45:29 | INFO | [Round 8] epoch=68/80 loss=0.0996 acc=99.46 val_acc=nan data_t=0.0034s batch_t=0.0867s epoch_t=00:00.99 lr=0.000064 | GPU MB alloc/reserved=278.0/1900.0
2026-04-11 17:45:29 | INFO | [Round 8] Epoch 68/80 time=00:00.99 avg=00:00.96 ETA=00:11.58 | GPU MB alloc/reserved=278.0/1900.0
2026-04-11 17:45:30 | INFO | [Round 8] epoch=69/80 loss=0.0933 acc=99.77 val_acc=nan data_t=0.0028s batch_t=0.0862s epoch_t=00:00.98 lr=0.000055 | GPU MB alloc/reserved=278.0/1900.0
2026-04-11 17:45:30 | INFO | [Round 8] Epoch 69/80 time=00:00.98 avg=00:00.97 ETA=00:10.62 | GPU MB alloc/reserved=278.0/1900.0
2026-04-11 17:45:31 | INFO | [Round 8] epoch=70/80 loss=0.0858 acc=99.85 val_acc=nan data_t=0.0025s batch_t=0.0871s epoch_t=00:00.99 lr=0.000048 | GPU MB alloc/reserved=278.0/1900.0
2026-04-11 17:45:31 | INFO | [Round 8] Epoch 70/80 time=00:00.99 avg=00:00.97 ETA=00:09.65 | GPU MB alloc/reserved=278.0/1900.0
2026-04-11 17:45:32 | INFO | [Round 8] epoch=71/80 loss=0.0880 acc=99.69 val_acc=nan data_t=0.0029s batch_t=0.0873s epoch_t=00:00.99 lr=0.000041 | GPU MB alloc/reserved=278.0/1900.0
2026-04-11 17:45:32 | INFO | [Round 8] Epoch 71/80 time=00:00.99 avg=00:00.97 ETA=00:08.69 | GPU MB alloc/reserved=278.0/1900.0
2026-04-11 17:45:33 | INFO | [Round 8] epoch=72/80 loss=0.0862 acc=99.62 val_acc=nan data_t=0.0044s batch_t=0.0854s epoch_t=00:00.99 lr=0.000034 | GPU MB alloc/reserved=278.0/1900.0
2026-04-11 17:45:33 | INFO | [Round 8] Epoch 72/80 time=00:00.99 avg=00:00.97 ETA=00:07.73 | GPU MB alloc/reserved=278.0/1900.0
2026-04-11 17:45:33 | INFO | [Round 8] epoch=73/80 loss=0.0747 acc=99.92 val_acc=nan data_t=0.0027s batch_t=0.0854s epoch_t=00:00.97 lr=0.000029 | GPU MB alloc/reserved=278.0/1900.0
2026-04-11 17:45:33 | INFO | [Round 8] Epoch 73/80 time=00:00.97 avg=00:00.97 ETA=00:06.76 | GPU MB alloc/reserved=278.0/1900.0
2026-04-11 17:45:34 | INFO | [Round 8] epoch=74/80 loss=0.0837 acc=99.69 val_acc=nan data_t=0.0025s batch_t=0.0888s epoch_t=00:01.00 lr=0.000024 | GPU MB alloc/reserved=278.0/1900.0
2026-04-11 17:45:34 | INFO | [Round 8] Epoch 74/80 time=00:01.00 avg=00:00.97 ETA=00:05.80 | GPU MB alloc/reserved=278.0/1900.0
2026-04-11 17:45:36 | INFO | [Round 8] epoch=75/80 loss=0.0751 acc=99.77 val_acc=nan data_t=0.0042s batch_t=0.0875s epoch_t=00:01.01 lr=0.000020 | GPU MB alloc/reserved=278.0/1900.0
2026-04-11 17:45:36 | INFO | [Round 8] Epoch 75/80 time=00:01.01 avg=00:00.97 ETA=00:04.84 | GPU MB alloc/reserved=278.0/1900.0
2026-04-11 17:45:37 | INFO | [Round 8] epoch=76/80 loss=0.0798 acc=99.77 val_acc=nan data_t=0.0024s batch_t=0.0878s epoch_t=00:00.99 lr=0.000016 | GPU MB alloc/reserved=278.0/1900.0
2026-04-11 17:45:37 | INFO | [Round 8] Epoch 76/80 time=00:00.99 avg=00:00.97 ETA=00:03.87 | GPU MB alloc/reserved=278.0/1900.0
2026-04-11 17:45:37 | INFO | [Round 8] epoch=77/80 loss=0.0761 acc=99.92 val_acc=nan data_t=0.0037s batch_t=0.0866s epoch_t=00:00.99 lr=0.000013 | GPU MB alloc/reserved=278.0/1900.0
2026-04-11 17:45:37 | INFO | [Round 8] Epoch 77/80 time=00:00.99 avg=00:00.97 ETA=00:02.90 | GPU MB alloc/reserved=278.0/1900.0
2026-04-11 17:45:39 | INFO | [Round 8] epoch=78/80 loss=0.0760 acc=99.85 val_acc=nan data_t=0.0052s batch_t=0.0888s epoch_t=00:01.03 lr=0.000012 | GPU MB alloc/reserved=278.0/1900.0
2026-04-11 17:45:39 | INFO | [Round 8] Epoch 78/80 time=00:01.03 avg=00:00.97 ETA=00:01.94 | GPU MB alloc/reserved=278.0/1900.0
2026-04-11 17:45:40 | INFO | [Round 8] epoch=79/80 loss=0.0719 acc=99.85 val_acc=nan data_t=0.0023s batch_t=0.0866s epoch_t=00:00.98 lr=0.000010 | GPU MB alloc/reserved=278.0/1900.0
2026-04-11 17:45:40 | INFO | [Round 8] Epoch 79/80 time=00:00.98 avg=00:00.97 ETA=00:00.97 | GPU MB alloc/reserved=278.0/1900.0
2026-04-11 17:45:41 | INFO | [Round 8] epoch=80/80 loss=0.0750 acc=99.77 val_acc=nan data_t=0.0028s batch_t=0.0872s epoch_t=00:00.99 lr=0.000010 | GPU MB alloc/reserved=278.0/1900.0
2026-04-11 17:45:41 | INFO | [Round 8] Epoch 80/80 time=00:00.99 avg=00:00.97 ETA=00:00.00 | GPU MB alloc/reserved=278.0/1900.0
2026-04-11 17:45:41 | INFO | [Round 8] training complete in 01:17.88 (best monitor=99.923) | GPU MB alloc/reserved=278.0/1900.0
2026-04-11 17:45:41 | INFO | [Round 8] evaluation started | GPU MB alloc/reserved=191.4/1900.0
2026-04-11 17:45:49 | INFO | [Round 8] clean=16.13 fgsm=12.13 pgd=12.01 grad_disp_mean=nan grad_disp_sel=nan round_t=89.17s | GPU MB alloc/reserved=191.4/1900.0
2026-04-11 17:45:49 | INFO | [Round 9/21] elapsed=01:29.17 avg_round=01:04.36 projected_remaining=12:52.37 | GPU MB alloc/reserved=191.4/1900.0
2026-04-11 17:45:51 | INFO | [Round 9] acquisition on pool_size=48700 scored_pool=5000 budget=100 | GPU MB alloc/reserved=104.0/1900.0
2026-04-11 17:45:51 | INFO | [CoreSet-unlabeled-feat] scoring progress 10/20 elapsed=00:00.25 avg/batch=0.025s ETA=00:00.25 | GPU MB alloc/reserved=112.1/1900.0
2026-04-11 17:45:51 | INFO | [CoreSet-unlabeled-feat] scoring progress 20/20 elapsed=00:00.39 avg/batch=0.020s ETA=00:00.00 | GPU MB alloc/reserved=116.1/1900.0
2026-04-11 17:45:51 | INFO | [CoreSet-labeled-feat] scoring progress 6/6 elapsed=00:00.22 avg/batch=0.036s ETA=00:00.00 | GPU MB alloc/reserved=116.6/1900.0
2026-04-11 17:45:51 | INFO | [CoreSet] greedy 10/100 cover_radius=27.369007 | GPU: n/a
2026-04-11 17:45:51 | INFO | [CoreSet] greedy 20/100 cover_radius=26.914455 | GPU: n/a
2026-04-11 17:45:52 | INFO | [CoreSet] greedy 30/100 cover_radius=26.684898 | GPU: n/a
2026-04-11 17:45:52 | INFO | [CoreSet] greedy 40/100 cover_radius=26.499846 | GPU: n/a
2026-04-11 17:45:52 | INFO | [CoreSet] greedy 50/100 cover_radius=26.415358 | GPU: n/a
2026-04-11 17:45:52 | INFO | [CoreSet] greedy 60/100 cover_radius=26.264185 | GPU: n/a
2026-04-11 17:45:52 | INFO | [CoreSet] greedy 70/100 cover_radius=26.202564 | GPU: n/a
2026-04-11 17:45:52 | INFO | [CoreSet] greedy 80/100 cover_radius=26.078276 | GPU: n/a
2026-04-11 17:45:52 | INFO | [CoreSet] greedy 90/100 cover_radius=25.962826 | GPU: n/a
2026-04-11 17:45:52 | INFO | [CoreSet] greedy 100/100 cover_radius=25.868896 | GPU: n/a
2026-04-11 17:45:53 | INFO | [Round 9] labeled=1400 train=1400 val_fixed=0 | GPU MB alloc/reserved=148.4/1900.0
2026-04-11 17:45:54 | INFO | [Round 9] epoch=1/80 loss=4.7542 acc=2.36 val_acc=nan data_t=0.0210s batch_t=0.0947s epoch_t=00:01.27 lr=0.001000 | GPU MB alloc/reserved=279.2/1900.0
2026-04-11 17:45:54 | INFO | [Round 9] Epoch 1/80 time=00:01.27 avg=00:01.27 ETA=01:40.55 | GPU MB alloc/reserved=279.2/1900.0
2026-04-11 17:45:55 | INFO | [Round 9] epoch=2/80 loss=4.4303 acc=3.86 val_acc=nan data_t=0.0041s batch_t=0.0913s epoch_t=00:01.05 lr=0.000998 | GPU MB alloc/reserved=279.2/1900.0
2026-04-11 17:45:55 | INFO | [Round 9] Epoch 2/80 time=00:01.05 avg=00:01.16 ETA=01:30.58 | GPU MB alloc/reserved=279.2/1900.0
2026-04-11 17:45:56 | INFO | [Round 9] epoch=3/80 loss=4.1694 acc=6.79 val_acc=nan data_t=0.0030s batch_t=0.0910s epoch_t=00:01.03 lr=0.000997 | GPU MB alloc/reserved=279.2/1900.0
2026-04-11 17:45:56 | INFO | [Round 9] Epoch 3/80 time=00:01.03 avg=00:01.12 ETA=01:26.14 | GPU MB alloc/reserved=279.2/1900.0
2026-04-11 17:45:57 | INFO | [Round 9] epoch=4/80 loss=4.0191 acc=7.79 val_acc=nan data_t=0.0039s batch_t=0.0894s epoch_t=00:01.03 lr=0.000994 | GPU MB alloc/reserved=279.2/1900.0
2026-04-11 17:45:57 | INFO | [Round 9] Epoch 4/80 time=00:01.03 avg=00:01.10 ETA=01:23.29 | GPU MB alloc/reserved=279.2/1900.0
2026-04-11 17:45:58 | INFO | [Round 9] epoch=5/80 loss=3.8800 acc=8.71 val_acc=nan data_t=0.0045s batch_t=0.0909s epoch_t=00:01.05 lr=0.000990 | GPU MB alloc/reserved=279.2/1900.0
2026-04-11 17:45:58 | INFO | [Round 9] Epoch 5/80 time=00:01.05 avg=00:01.09 ETA=01:21.49 | GPU MB alloc/reserved=279.2/1900.0
2026-04-11 17:45:59 | INFO | [Round 9] epoch=6/80 loss=3.7262 acc=12.50 val_acc=nan data_t=0.0024s batch_t=0.0894s epoch_t=00:01.01 lr=0.000986 | GPU MB alloc/reserved=279.2/1900.0
2026-04-11 17:45:59 | INFO | [Round 9] Epoch 6/80 time=00:01.01 avg=00:01.07 ETA=01:19.47 | GPU MB alloc/reserved=279.2/1900.0
2026-04-11 17:46:00 | INFO | [Round 9] epoch=7/80 loss=3.5941 acc=13.43 val_acc=nan data_t=0.0023s batch_t=0.0915s epoch_t=00:01.03 lr=0.000981 | GPU MB alloc/reserved=279.2/1900.0
2026-04-11 17:46:00 | INFO | [Round 9] Epoch 7/80 time=00:01.03 avg=00:01.07 ETA=01:17.96 | GPU MB alloc/reserved=279.2/1900.0
2026-04-11 17:46:01 | INFO | [Round 9] epoch=8/80 loss=3.4209 acc=16.93 val_acc=nan data_t=0.0048s batch_t=0.0893s epoch_t=00:01.04 lr=0.000976 | GPU MB alloc/reserved=279.2/1900.0
2026-04-11 17:46:01 | INFO | [Round 9] Epoch 8/80 time=00:01.04 avg=00:01.06 ETA=01:16.60 | GPU MB alloc/reserved=279.2/1900.0
2026-04-11 17:46:02 | INFO | [Round 9] epoch=9/80 loss=3.3234 acc=18.71 val_acc=nan data_t=0.0038s batch_t=0.0889s epoch_t=00:01.02 lr=0.000969 | GPU MB alloc/reserved=279.2/1900.0
2026-04-11 17:46:02 | INFO | [Round 9] Epoch 9/80 time=00:01.02 avg=00:01.06 ETA=01:15.19 | GPU MB alloc/reserved=279.2/1900.0
2026-04-11 17:46:03 | INFO | [Round 9] epoch=10/80 loss=3.2012 acc=19.71 val_acc=nan data_t=0.0034s batch_t=0.0892s epoch_t=00:01.02 lr=0.000962 | GPU MB alloc/reserved=279.2/1900.0
2026-04-11 17:46:03 | INFO | [Round 9] Epoch 10/80 time=00:01.02 avg=00:01.06 ETA=01:13.86 | GPU MB alloc/reserved=279.2/1900.0
2026-04-11 17:46:04 | INFO | [Round 9] epoch=11/80 loss=3.0647 acc=23.50 val_acc=nan data_t=0.0036s batch_t=0.0897s epoch_t=00:01.03 lr=0.000955 | GPU MB alloc/reserved=279.2/1900.0
2026-04-11 17:46:04 | INFO | [Round 9] Epoch 11/80 time=00:01.03 avg=00:01.05 ETA=01:12.62 | GPU MB alloc/reserved=279.2/1900.0
2026-04-11 17:46:06 | INFO | [Round 9] epoch=12/80 loss=2.8598 acc=26.07 val_acc=nan data_t=0.0026s batch_t=0.0902s epoch_t=00:01.02 lr=0.000946 | GPU MB alloc/reserved=279.2/1900.0
2026-04-11 17:46:06 | INFO | [Round 9] Epoch 12/80 time=00:01.02 avg=00:01.05 ETA=01:11.39 | GPU MB alloc/reserved=279.2/1900.0
2026-04-11 17:46:07 | INFO | [Round 9] epoch=13/80 loss=2.6745 acc=30.71 val_acc=nan data_t=0.0044s batch_t=0.0902s epoch_t=00:01.04 lr=0.000937 | GPU MB alloc/reserved=279.2/1900.0
2026-04-11 17:46:07 | INFO | [Round 9] Epoch 13/80 time=00:01.04 avg=00:01.05 ETA=01:10.30 | GPU MB alloc/reserved=279.2/1900.0
2026-04-11 17:46:07 | INFO | [Round 9] epoch=14/80 loss=2.5708 acc=30.57 val_acc=nan data_t=0.0024s batch_t=0.0672s epoch_t=00:00.76 lr=0.000927 | GPU MB alloc/reserved=279.2/1900.0
2026-04-11 17:46:07 | INFO | [Round 9] Epoch 14/80 time=00:00.76 avg=00:01.03 ETA=01:07.91 | GPU MB alloc/reserved=279.2/1900.0
2026-04-11 17:46:08 | INFO | [Round 9] epoch=15/80 loss=2.3689 acc=37.93 val_acc=nan data_t=0.0032s batch_t=0.0978s epoch_t=00:01.11 lr=0.000917 | GPU MB alloc/reserved=279.2/1900.0
2026-04-11 17:46:08 | INFO | [Round 9] Epoch 15/80 time=00:01.11 avg=00:01.03 ETA=01:07.23 | GPU MB alloc/reserved=279.2/1900.0
2026-04-11 17:46:10 | INFO | [Round 9] epoch=16/80 loss=2.2119 acc=40.57 val_acc=nan data_t=0.0035s batch_t=0.1007s epoch_t=00:01.15 lr=0.000905 | GPU MB alloc/reserved=279.2/1900.0
2026-04-11 17:46:10 | INFO | [Round 9] Epoch 16/80 time=00:01.15 avg=00:01.04 ETA=01:06.65 | GPU MB alloc/reserved=279.2/1900.0
2026-04-11 17:46:11 | INFO | [Round 9] epoch=17/80 loss=2.0894 acc=43.57 val_acc=nan data_t=0.0026s batch_t=0.0963s epoch_t=00:01.09 lr=0.000894 | GPU MB alloc/reserved=279.2/1900.0
2026-04-11 17:46:11 | INFO | [Round 9] Epoch 17/80 time=00:01.09 avg=00:01.04 ETA=01:05.78 | GPU MB alloc/reserved=279.2/1900.0
2026-04-11 17:46:12 | INFO | [Round 9] epoch=18/80 loss=1.9109 acc=47.43 val_acc=nan data_t=0.0038s batch_t=0.1014s epoch_t=00:01.16 lr=0.000881 | GPU MB alloc/reserved=279.2/1900.0
2026-04-11 17:46:12 | INFO | [Round 9] Epoch 18/80 time=00:01.16 avg=00:01.05 ETA=01:05.12 | GPU MB alloc/reserved=279.2/1900.0
2026-04-11 17:46:13 | INFO | [Round 9] epoch=19/80 loss=1.7564 acc=51.29 val_acc=nan data_t=0.0027s batch_t=0.1013s epoch_t=00:01.14 lr=0.000868 | GPU MB alloc/reserved=279.2/1900.0
2026-04-11 17:46:13 | INFO | [Round 9] Epoch 19/80 time=00:01.14 avg=00:01.06 ETA=01:04.37 | GPU MB alloc/reserved=279.2/1900.0
2026-04-11 17:46:14 | INFO | [Round 9] epoch=20/80 loss=1.6022 acc=56.07 val_acc=nan data_t=0.0026s batch_t=0.1019s epoch_t=00:01.15 lr=0.000855 | GPU MB alloc/reserved=279.2/1900.0
2026-04-11 17:46:14 | INFO | [Round 9] Epoch 20/80 time=00:01.15 avg=00:01.06 ETA=01:03.60 | GPU MB alloc/reserved=279.2/1900.0
2026-04-11 17:46:15 | INFO | [Round 9] epoch=21/80 loss=1.4918 acc=59.93 val_acc=nan data_t=0.0037s batch_t=0.1017s epoch_t=00:01.16 lr=0.000841 | GPU MB alloc/reserved=279.2/1900.0
2026-04-11 17:46:15 | INFO | [Round 9] Epoch 21/80 time=00:01.16 avg=00:01.06 ETA=01:02.82 | GPU MB alloc/reserved=279.2/1900.0
2026-04-11 17:46:16 | INFO | [Round 9] epoch=22/80 loss=1.3365 acc=66.57 val_acc=nan data_t=0.0041s batch_t=0.0831s epoch_t=00:00.96 lr=0.000826 | GPU MB alloc/reserved=279.2/1900.0
2026-04-11 17:46:16 | INFO | [Round 9] Epoch 22/80 time=00:00.96 avg=00:01.06 ETA=01:01.48 | GPU MB alloc/reserved=279.2/1900.0
2026-04-11 17:46:17 | INFO | [Round 9] epoch=23/80 loss=1.2417 acc=67.86 val_acc=nan data_t=0.0025s batch_t=0.0595s epoch_t=00:00.68 lr=0.000811 | GPU MB alloc/reserved=279.2/1900.0
2026-04-11 17:46:17 | INFO | [Round 9] Epoch 23/80 time=00:00.68 avg=00:01.04 ETA=00:59.48 | GPU MB alloc/reserved=279.2/1900.0
2026-04-11 17:46:18 | INFO | [Round 9] epoch=24/80 loss=1.0518 acc=72.57 val_acc=nan data_t=0.0033s batch_t=0.0755s epoch_t=00:00.87 lr=0.000796 | GPU MB alloc/reserved=279.2/1900.0
2026-04-11 17:46:18 | INFO | [Round 9] Epoch 24/80 time=00:00.87 avg=00:01.04 ETA=00:58.03 | GPU MB alloc/reserved=279.2/1900.0
2026-04-11 17:46:19 | INFO | [Round 9] epoch=25/80 loss=0.9828 acc=74.71 val_acc=nan data_t=0.0024s batch_t=0.0629s epoch_t=00:00.72 lr=0.000780 | GPU MB alloc/reserved=279.2/1900.0
2026-04-11 17:46:19 | INFO | [Round 9] Epoch 25/80 time=00:00.72 avg=00:01.02 ETA=00:56.29 | GPU MB alloc/reserved=279.2/1900.0
2026-04-11 17:46:19 | INFO | [Round 9] epoch=26/80 loss=0.8512 acc=79.36 val_acc=nan data_t=0.0034s batch_t=0.0611s epoch_t=00:00.71 lr=0.000764 | GPU MB alloc/reserved=279.2/1900.0
2026-04-11 17:46:19 | INFO | [Round 9] Epoch 26/80 time=00:00.71 avg=00:01.01 ETA=00:54.61 | GPU MB alloc/reserved=279.2/1900.0
2026-04-11 17:46:20 | INFO | [Round 9] epoch=27/80 loss=0.8354 acc=79.50 val_acc=nan data_t=0.0024s batch_t=0.0712s epoch_t=00:00.81 lr=0.000747 | GPU MB alloc/reserved=279.2/1900.0
2026-04-11 17:46:20 | INFO | [Round 9] Epoch 27/80 time=00:00.81 avg=00:01.00 ETA=00:53.21 | GPU MB alloc/reserved=279.2/1900.0
2026-04-11 17:46:21 | INFO | [Round 9] epoch=28/80 loss=0.6599 acc=85.50 val_acc=nan data_t=0.0039s batch_t=0.0861s epoch_t=00:00.99 lr=0.000730 | GPU MB alloc/reserved=279.2/1900.0
2026-04-11 17:46:21 | INFO | [Round 9] Epoch 28/80 time=00:00.99 avg=00:01.00 ETA=00:52.18 | GPU MB alloc/reserved=279.2/1900.0
2026-04-11 17:46:22 | INFO | [Round 9] epoch=29/80 loss=0.6266 acc=85.00 val_acc=nan data_t=0.0038s batch_t=0.0878s epoch_t=00:01.01 lr=0.000712 | GPU MB alloc/reserved=279.2/1900.0
2026-04-11 17:46:22 | INFO | [Round 9] Epoch 29/80 time=00:01.01 avg=00:01.00 ETA=00:51.18 | GPU MB alloc/reserved=279.2/1900.0
2026-04-11 17:46:23 | INFO | [Round 9] epoch=30/80 loss=0.5218 acc=89.07 val_acc=nan data_t=0.0024s batch_t=0.0912s epoch_t=00:01.03 lr=0.000694 | GPU MB alloc/reserved=279.2/1900.0
2026-04-11 17:46:23 | INFO | [Round 9] Epoch 30/80 time=00:01.03 avg=00:01.00 ETA=00:50.22 | GPU MB alloc/reserved=279.2/1900.0
2026-04-11 17:46:24 | INFO | [Round 9] epoch=31/80 loss=0.4404 acc=90.43 val_acc=nan data_t=0.0024s batch_t=0.0900s epoch_t=00:01.02 lr=0.000676 | GPU MB alloc/reserved=279.2/1900.0
2026-04-11 17:46:24 | INFO | [Round 9] Epoch 31/80 time=00:01.02 avg=00:01.00 ETA=00:49.24 | GPU MB alloc/reserved=279.2/1900.0
2026-04-11 17:46:25 | INFO | [Round 9] epoch=32/80 loss=0.3661 acc=93.71 val_acc=nan data_t=0.0031s batch_t=0.0887s epoch_t=00:01.01 lr=0.000658 | GPU MB alloc/reserved=279.2/1900.0
2026-04-11 17:46:25 | INFO | [Round 9] Epoch 32/80 time=00:01.01 avg=00:01.01 ETA=00:48.24 | GPU MB alloc/reserved=279.2/1900.0
2026-04-11 17:46:26 | INFO | [Round 9] epoch=33/80 loss=0.2884 acc=96.29 val_acc=nan data_t=0.0048s batch_t=0.0918s epoch_t=00:01.06 lr=0.000639 | GPU MB alloc/reserved=279.2/1900.0
2026-04-11 17:46:26 | INFO | [Round 9] Epoch 33/80 time=00:01.06 avg=00:01.01 ETA=00:47.32 | GPU MB alloc/reserved=279.2/1900.0
2026-04-11 17:46:27 | INFO | [Round 9] epoch=34/80 loss=0.2217 acc=97.14 val_acc=nan data_t=0.0041s batch_t=0.0920s epoch_t=00:01.06 lr=0.000621 | GPU MB alloc/reserved=279.2/1900.0
2026-04-11 17:46:27 | INFO | [Round 9] Epoch 34/80 time=00:01.06 avg=00:01.01 ETA=00:46.38 | GPU MB alloc/reserved=279.2/1900.0
2026-04-11 17:46:28 | INFO | [Round 9] epoch=35/80 loss=0.1919 acc=97.21 val_acc=nan data_t=0.0028s batch_t=0.0895s epoch_t=00:01.02 lr=0.000602 | GPU MB alloc/reserved=279.2/1900.0
2026-04-11 17:46:28 | INFO | [Round 9] Epoch 35/80 time=00:01.02 avg=00:01.01 ETA=00:45.38 | GPU MB alloc/reserved=279.2/1900.0
2026-04-11 17:46:29 | INFO | [Round 9] epoch=36/80 loss=0.1607 acc=98.50 val_acc=nan data_t=0.0035s batch_t=0.0879s epoch_t=00:01.01 lr=0.000582 | GPU MB alloc/reserved=279.2/1900.0
2026-04-11 17:46:29 | INFO | [Round 9] Epoch 36/80 time=00:01.01 avg=00:01.01 ETA=00:44.37 | GPU MB alloc/reserved=279.2/1900.0
2026-04-11 17:46:30 | INFO | [Round 9] epoch=37/80 loss=0.1498 acc=98.07 val_acc=nan data_t=0.0022s batch_t=0.1001s epoch_t=00:01.13 lr=0.000563 | GPU MB alloc/reserved=279.2/1900.0
2026-04-11 17:46:30 | INFO | [Round 9] Epoch 37/80 time=00:01.13 avg=00:01.01 ETA=00:43.50 | GPU MB alloc/reserved=279.2/1900.0
2026-04-11 17:46:32 | INFO | [Round 9] epoch=38/80 loss=0.1325 acc=98.21 val_acc=nan data_t=0.0039s batch_t=0.0977s epoch_t=00:01.12 lr=0.000544 | GPU MB alloc/reserved=279.2/1900.0
2026-04-11 17:46:32 | INFO | [Round 9] Epoch 38/80 time=00:01.12 avg=00:01.01 ETA=00:42.60 | GPU MB alloc/reserved=279.2/1900.0
2026-04-11 17:46:33 | INFO | [Round 9] epoch=39/80 loss=0.1171 acc=99.00 val_acc=nan data_t=0.0024s batch_t=0.1007s epoch_t=00:01.13 lr=0.000524 | GPU MB alloc/reserved=279.2/1900.0
2026-04-11 17:46:33 | INFO | [Round 9] Epoch 39/80 time=00:01.13 avg=00:01.02 ETA=00:41.71 | GPU MB alloc/reserved=279.2/1900.0
2026-04-11 17:46:34 | INFO | [Round 9] epoch=40/80 loss=0.1092 acc=98.79 val_acc=nan data_t=0.0038s batch_t=0.1005s epoch_t=00:01.15 lr=0.000505 | GPU MB alloc/reserved=279.2/1900.0
2026-04-11 17:46:34 | INFO | [Round 9] Epoch 40/80 time=00:01.15 avg=00:01.02 ETA=00:40.83 | GPU MB alloc/reserved=279.2/1900.0
2026-04-11 17:46:35 | INFO | [Round 9] epoch=41/80 loss=0.1060 acc=99.00 val_acc=nan data_t=0.0039s batch_t=0.1016s epoch_t=00:01.16 lr=0.000486 | GPU MB alloc/reserved=279.2/1900.0
2026-04-11 17:46:35 | INFO | [Round 9] Epoch 41/80 time=00:01.16 avg=00:01.02 ETA=00:39.94 | GPU MB alloc/reserved=279.2/1900.0
2026-04-11 17:46:36 | INFO | [Round 9] epoch=42/80 loss=0.0876 acc=98.93 val_acc=nan data_t=0.0034s batch_t=0.1013s epoch_t=00:01.15 lr=0.000466 | GPU MB alloc/reserved=279.2/1900.0
2026-04-11 17:46:36 | INFO | [Round 9] Epoch 42/80 time=00:01.15 avg=00:01.03 ETA=00:39.03 | GPU MB alloc/reserved=279.2/1900.0
2026-04-11 17:46:37 | INFO | [Round 9] epoch=43/80 loss=0.0790 acc=99.29 val_acc=nan data_t=0.0059s batch_t=0.0948s epoch_t=00:01.11 lr=0.000447 | GPU MB alloc/reserved=279.2/1900.0
2026-04-11 17:46:37 | INFO | [Round 9] Epoch 43/80 time=00:01.11 avg=00:01.03 ETA=00:38.07 | GPU MB alloc/reserved=279.2/1900.0
2026-04-11 17:46:38 | INFO | [Round 9] epoch=44/80 loss=0.0668 acc=99.29 val_acc=nan data_t=0.0048s batch_t=0.0613s epoch_t=00:00.73 lr=0.000428 | GPU MB alloc/reserved=279.2/1900.0
2026-04-11 17:46:38 | INFO | [Round 9] Epoch 44/80 time=00:00.73 avg=00:01.02 ETA=00:36.80 | GPU MB alloc/reserved=279.2/1900.0
2026-04-11 17:46:39 | INFO | [Round 9] epoch=45/80 loss=0.0624 acc=99.21 val_acc=nan data_t=0.0048s batch_t=0.0793s epoch_t=00:00.93 lr=0.000408 | GPU MB alloc/reserved=279.2/1900.0
2026-04-11 17:46:39 | INFO | [Round 9] Epoch 45/80 time=00:00.93 avg=00:01.02 ETA=00:35.70 | GPU MB alloc/reserved=279.2/1900.0
2026-04-11 17:46:40 | INFO | [Round 9] epoch=46/80 loss=0.0589 acc=99.50 val_acc=nan data_t=0.0037s batch_t=0.0612s epoch_t=00:00.71 lr=0.000389 | GPU MB alloc/reserved=279.2/1900.0
2026-04-11 17:46:40 | INFO | [Round 9] Epoch 46/80 time=00:00.71 avg=00:01.01 ETA=00:34.45 | GPU MB alloc/reserved=279.2/1900.0
2026-04-11 17:46:40 | INFO | [Round 9] epoch=47/80 loss=0.0495 acc=99.71 val_acc=nan data_t=0.0027s batch_t=0.0615s epoch_t=00:00.71 lr=0.000371 | GPU MB alloc/reserved=279.2/1900.0
2026-04-11 17:46:40 | INFO | [Round 9] Epoch 47/80 time=00:00.71 avg=00:01.01 ETA=00:33.23 | GPU MB alloc/reserved=279.2/1900.0
2026-04-11 17:46:41 | INFO | [Round 9] epoch=48/80 loss=0.0428 acc=100.00 val_acc=nan data_t=0.0032s batch_t=0.0845s epoch_t=00:00.96 lr=0.000352 | GPU MB alloc/reserved=279.2/1900.0
2026-04-11 17:46:41 | INFO | [Round 9] Epoch 48/80 time=00:00.96 avg=00:01.01 ETA=00:32.19 | GPU MB alloc/reserved=279.2/1900.0
2026-04-11 17:46:42 | INFO | [Round 9] epoch=49/80 loss=0.0341 acc=99.93 val_acc=nan data_t=0.0026s batch_t=0.0876s epoch_t=00:00.99 lr=0.000334 | GPU MB alloc/reserved=279.2/1900.0
2026-04-11 17:46:42 | INFO | [Round 9] Epoch 49/80 time=00:00.99 avg=00:01.01 ETA=00:31.18 | GPU MB alloc/reserved=279.2/1900.0
2026-04-11 17:46:43 | INFO | [Round 9] epoch=50/80 loss=0.0324 acc=99.93 val_acc=nan data_t=0.0041s batch_t=0.0874s epoch_t=00:01.01 lr=0.000316 | GPU MB alloc/reserved=279.2/1900.0
2026-04-11 17:46:43 | INFO | [Round 9] Epoch 50/80 time=00:01.01 avg=00:01.01 ETA=00:30.17 | GPU MB alloc/reserved=279.2/1900.0
2026-04-11 17:46:44 | INFO | [Round 9] epoch=51/80 loss=0.0296 acc=99.93 val_acc=nan data_t=0.0047s batch_t=0.0912s epoch_t=00:01.05 lr=0.000298 | GPU MB alloc/reserved=279.2/1900.0
2026-04-11 17:46:44 | INFO | [Round 9] Epoch 51/80 time=00:01.05 avg=00:01.01 ETA=00:29.19 | GPU MB alloc/reserved=279.2/1900.0
2026-04-11 17:46:45 | INFO | [Round 9] epoch=52/80 loss=0.0297 acc=99.86 val_acc=nan data_t=0.0028s batch_t=0.0911s epoch_t=00:01.03 lr=0.000280 | GPU MB alloc/reserved=279.2/1900.0
2026-04-11 17:46:45 | INFO | [Round 9] Epoch 52/80 time=00:01.03 avg=00:01.01 ETA=00:28.20 | GPU MB alloc/reserved=279.2/1900.0
2026-04-11 17:46:46 | INFO | [Round 9] epoch=53/80 loss=0.0273 acc=99.93 val_acc=nan data_t=0.0037s batch_t=0.0906s epoch_t=00:01.04 lr=0.000263 | GPU MB alloc/reserved=279.2/1900.0
2026-04-11 17:46:46 | INFO | [Round 9] Epoch 53/80 time=00:01.04 avg=00:01.01 ETA=00:27.21 | GPU MB alloc/reserved=279.2/1900.0
2026-04-11 17:46:48 | INFO | [Round 9] epoch=54/80 loss=0.0243 acc=99.93 val_acc=nan data_t=0.0035s batch_t=0.0912s epoch_t=00:01.04 lr=0.000246 | GPU MB alloc/reserved=279.2/1900.0
2026-04-11 17:46:48 | INFO | [Round 9] Epoch 54/80 time=00:01.04 avg=00:01.01 ETA=00:26.22 | GPU MB alloc/reserved=279.2/1900.0
2026-04-11 17:46:49 | INFO | [Round 9] epoch=55/80 loss=0.0240 acc=100.00 val_acc=nan data_t=0.0033s batch_t=0.0905s epoch_t=00:01.03 lr=0.000230 | GPU MB alloc/reserved=279.2/1900.0
2026-04-11 17:46:49 | INFO | [Round 9] Epoch 55/80 time=00:01.03 avg=00:01.01 ETA=00:25.22 | GPU MB alloc/reserved=279.2/1900.0
2026-04-11 17:46:50 | INFO | [Round 9] epoch=56/80 loss=0.0222 acc=99.93 val_acc=nan data_t=0.0033s batch_t=0.0923s epoch_t=00:01.05 lr=0.000214 | GPU MB alloc/reserved=279.2/1900.0
2026-04-11 17:46:50 | INFO | [Round 9] Epoch 56/80 time=00:01.05 avg=00:01.01 ETA=00:24.23 | GPU MB alloc/reserved=279.2/1900.0
2026-04-11 17:46:51 | INFO | [Round 9] epoch=57/80 loss=0.0215 acc=100.00 val_acc=nan data_t=0.0036s batch_t=0.0925s epoch_t=00:01.06 lr=0.000199 | GPU MB alloc/reserved=279.2/1900.0
2026-04-11 17:46:51 | INFO | [Round 9] Epoch 57/80 time=00:01.06 avg=00:01.01 ETA=00:23.24 | GPU MB alloc/reserved=279.2/1900.0
2026-04-11 17:46:52 | INFO | [Round 9] epoch=58/80 loss=0.0210 acc=100.00 val_acc=nan data_t=0.0039s batch_t=0.0905s epoch_t=00:01.04 lr=0.000184 | GPU MB alloc/reserved=279.2/1900.0
2026-04-11 17:46:52 | INFO | [Round 9] Epoch 58/80 time=00:01.04 avg=00:01.01 ETA=00:22.24 | GPU MB alloc/reserved=279.2/1900.0
2026-04-11 17:46:53 | INFO | [Round 9] epoch=59/80 loss=0.0224 acc=99.86 val_acc=nan data_t=0.0024s batch_t=0.0906s epoch_t=00:01.02 lr=0.000169 | GPU MB alloc/reserved=279.2/1900.0
2026-04-11 17:46:53 | INFO | [Round 9] Epoch 59/80 time=00:01.02 avg=00:01.01 ETA=00:21.23 | GPU MB alloc/reserved=279.2/1900.0
2026-04-11 17:46:54 | INFO | [Round 9] epoch=60/80 loss=0.0178 acc=100.00 val_acc=nan data_t=0.0037s batch_t=0.0921s epoch_t=00:01.05 lr=0.000155 | GPU MB alloc/reserved=279.2/1900.0
2026-04-11 17:46:54 | INFO | [Round 9] Epoch 60/80 time=00:01.05 avg=00:01.01 ETA=00:20.24 | GPU MB alloc/reserved=279.2/1900.0
2026-04-11 17:46:55 | INFO | [Round 9] epoch=61/80 loss=0.0199 acc=99.93 val_acc=nan data_t=0.0026s batch_t=0.0912s epoch_t=00:01.03 lr=0.000142 | GPU MB alloc/reserved=279.2/1900.0
2026-04-11 17:46:55 | INFO | [Round 9] Epoch 61/80 time=00:01.03 avg=00:01.01 ETA=00:19.23 | GPU MB alloc/reserved=279.2/1900.0
2026-04-11 17:46:56 | INFO | [Round 9] epoch=62/80 loss=0.0191 acc=99.93 val_acc=nan data_t=0.0025s batch_t=0.0905s epoch_t=00:01.02 lr=0.000129 | GPU MB alloc/reserved=279.2/1900.0
2026-04-11 17:46:56 | INFO | [Round 9] Epoch 62/80 time=00:01.02 avg=00:01.01 ETA=00:18.22 | GPU MB alloc/reserved=279.2/1900.0
2026-04-11 17:46:57 | INFO | [Round 9] epoch=63/80 loss=0.0178 acc=100.00 val_acc=nan data_t=0.0042s batch_t=0.0918s epoch_t=00:01.06 lr=0.000116 | GPU MB alloc/reserved=279.2/1900.0
2026-04-11 17:46:57 | INFO | [Round 9] Epoch 63/80 time=00:01.06 avg=00:01.01 ETA=00:17.22 | GPU MB alloc/reserved=279.2/1900.0
2026-04-11 17:46:58 | INFO | [Round 9] epoch=64/80 loss=0.0172 acc=100.00 val_acc=nan data_t=0.0038s batch_t=0.0922s epoch_t=00:01.06 lr=0.000105 | GPU MB alloc/reserved=279.2/1900.0
2026-04-11 17:46:58 | INFO | [Round 9] Epoch 64/80 time=00:01.06 avg=00:01.01 ETA=00:16.22 | GPU MB alloc/reserved=279.2/1900.0
2026-04-11 17:46:59 | INFO | [Round 9] epoch=65/80 loss=0.0188 acc=100.00 val_acc=nan data_t=0.0027s batch_t=0.0904s epoch_t=00:01.02 lr=0.000093 | GPU MB alloc/reserved=279.2/1900.0
2026-04-11 17:46:59 | INFO | [Round 9] Epoch 65/80 time=00:01.02 avg=00:01.01 ETA=00:15.21 | GPU MB alloc/reserved=279.2/1900.0
2026-04-11 17:47:00 | INFO | [Round 9] epoch=66/80 loss=0.0158 acc=100.00 val_acc=nan data_t=0.0023s batch_t=0.0884s epoch_t=00:01.00 lr=0.000083 | GPU MB alloc/reserved=279.2/1900.0
2026-04-11 17:47:00 | INFO | [Round 9] Epoch 66/80 time=00:01.00 avg=00:01.01 ETA=00:14.19 | GPU MB alloc/reserved=279.2/1900.0
2026-04-11 17:47:01 | INFO | [Round 9] epoch=67/80 loss=0.0167 acc=100.00 val_acc=nan data_t=0.0023s batch_t=0.0915s epoch_t=00:01.03 lr=0.000073 | GPU MB alloc/reserved=279.2/1900.0
2026-04-11 17:47:01 | INFO | [Round 9] Epoch 67/80 time=00:01.03 avg=00:01.01 ETA=00:13.18 | GPU MB alloc/reserved=279.2/1900.0
2026-04-11 17:47:02 | INFO | [Round 9] epoch=68/80 loss=0.0174 acc=100.00 val_acc=nan data_t=0.0037s batch_t=0.0910s epoch_t=00:01.04 lr=0.000064 | GPU MB alloc/reserved=279.2/1900.0
2026-04-11 17:47:02 | INFO | [Round 9] Epoch 68/80 time=00:01.04 avg=00:01.01 ETA=00:12.17 | GPU MB alloc/reserved=279.2/1900.0
2026-04-11 17:47:03 | INFO | [Round 9] epoch=69/80 loss=0.0168 acc=100.00 val_acc=nan data_t=0.0033s batch_t=0.0916s epoch_t=00:01.04 lr=0.000055 | GPU MB alloc/reserved=279.2/1900.0
2026-04-11 17:47:03 | INFO | [Round 9] Epoch 69/80 time=00:01.04 avg=00:01.01 ETA=00:11.16 | GPU MB alloc/reserved=279.2/1900.0
2026-04-11 17:47:04 | INFO | [Round 9] epoch=70/80 loss=0.0166 acc=100.00 val_acc=nan data_t=0.0023s batch_t=0.0911s epoch_t=00:01.03 lr=0.000048 | GPU MB alloc/reserved=279.2/1900.0
2026-04-11 17:47:04 | INFO | [Round 9] Epoch 70/80 time=00:01.03 avg=00:01.01 ETA=00:10.15 | GPU MB alloc/reserved=279.2/1900.0
2026-04-11 17:47:05 | INFO | [Round 9] epoch=71/80 loss=0.0168 acc=100.00 val_acc=nan data_t=0.0034s batch_t=0.0909s epoch_t=00:01.04 lr=0.000041 | GPU MB alloc/reserved=279.2/1900.0
2026-04-11 17:47:05 | INFO | [Round 9] Epoch 71/80 time=00:01.04 avg=00:01.02 ETA=00:09.14 | GPU MB alloc/reserved=279.2/1900.0
2026-04-11 17:47:06 | INFO | [Round 9] epoch=72/80 loss=0.0169 acc=100.00 val_acc=nan data_t=0.0038s batch_t=0.0915s epoch_t=00:01.05 lr=0.000034 | GPU MB alloc/reserved=279.2/1900.0
2026-04-11 17:47:06 | INFO | [Round 9] Epoch 72/80 time=00:01.05 avg=00:01.02 ETA=00:08.13 | GPU MB alloc/reserved=279.2/1900.0
2026-04-11 17:47:07 | INFO | [Round 9] epoch=73/80 loss=0.0169 acc=100.00 val_acc=nan data_t=0.0031s batch_t=0.0915s epoch_t=00:01.04 lr=0.000029 | GPU MB alloc/reserved=279.2/1900.0
2026-04-11 17:47:07 | INFO | [Round 9] Epoch 73/80 time=00:01.04 avg=00:01.02 ETA=00:07.11 | GPU MB alloc/reserved=279.2/1900.0
2026-04-11 17:47:08 | INFO | [Round 9] epoch=74/80 loss=0.0151 acc=100.00 val_acc=nan data_t=0.0028s batch_t=0.0914s epoch_t=00:01.04 lr=0.000024 | GPU MB alloc/reserved=279.2/1900.0
2026-04-11 17:47:08 | INFO | [Round 9] Epoch 74/80 time=00:01.04 avg=00:01.02 ETA=00:06.10 | GPU MB alloc/reserved=279.2/1900.0
2026-04-11 17:47:09 | INFO | [Round 9] epoch=75/80 loss=0.0161 acc=99.93 val_acc=nan data_t=0.0022s batch_t=0.0916s epoch_t=00:01.03 lr=0.000020 | GPU MB alloc/reserved=279.2/1900.0
2026-04-11 17:47:09 | INFO | [Round 9] Epoch 75/80 time=00:01.03 avg=00:01.02 ETA=00:05.08 | GPU MB alloc/reserved=279.2/1900.0
2026-04-11 17:47:10 | INFO | [Round 9] epoch=76/80 loss=0.0158 acc=100.00 val_acc=nan data_t=0.0038s batch_t=0.0903s epoch_t=00:01.04 lr=0.000016 | GPU MB alloc/reserved=279.2/1900.0
2026-04-11 17:47:10 | INFO | [Round 9] Epoch 76/80 time=00:01.04 avg=00:01.02 ETA=00:04.07 | GPU MB alloc/reserved=279.2/1900.0
2026-04-11 17:47:11 | INFO | [Round 9] epoch=77/80 loss=0.0144 acc=100.00 val_acc=nan data_t=0.0037s batch_t=0.0910s epoch_t=00:01.04 lr=0.000013 | GPU MB alloc/reserved=279.2/1900.0
2026-04-11 17:47:11 | INFO | [Round 9] Epoch 77/80 time=00:01.04 avg=00:01.02 ETA=00:03.05 | GPU MB alloc/reserved=279.2/1900.0
2026-04-11 17:47:12 | INFO | [Round 9] epoch=78/80 loss=0.0156 acc=100.00 val_acc=nan data_t=0.0035s batch_t=0.0911s epoch_t=00:01.04 lr=0.000012 | GPU MB alloc/reserved=279.2/1900.0
2026-04-11 17:47:12 | INFO | [Round 9] Epoch 78/80 time=00:01.04 avg=00:01.02 ETA=00:02.03 | GPU MB alloc/reserved=279.2/1900.0
2026-04-11 17:47:13 | INFO | [Round 9] epoch=79/80 loss=0.0169 acc=100.00 val_acc=nan data_t=0.0025s batch_t=0.0886s epoch_t=00:01.00 lr=0.000010 | GPU MB alloc/reserved=279.2/1900.0
2026-04-11 17:47:13 | INFO | [Round 9] Epoch 79/80 time=00:01.00 avg=00:01.02 ETA=00:01.02 | GPU MB alloc/reserved=279.2/1900.0
2026-04-11 17:47:14 | INFO | [Round 9] epoch=80/80 loss=0.0131 acc=100.00 val_acc=nan data_t=0.0023s batch_t=0.0912s epoch_t=00:01.03 lr=0.000010 | GPU MB alloc/reserved=279.2/1900.0
2026-04-11 17:47:14 | INFO | [Round 9] Epoch 80/80 time=00:01.03 avg=00:01.02 ETA=00:00.00 | GPU MB alloc/reserved=279.2/1900.0
2026-04-11 17:47:15 | INFO | [Round 9] training complete in 01:21.67 (best monitor=100.000) | GPU MB alloc/reserved=279.2/1900.0
2026-04-11 17:47:15 | INFO | [Round 9] evaluation started | GPU MB alloc/reserved=192.3/1900.0
2026-04-11 17:47:24 | INFO | [Round 9] clean=15.92 fgsm=12.29 pgd=12.21 grad_disp_mean=nan grad_disp_sel=nan round_t=93.21s | GPU MB alloc/reserved=192.3/1900.0
2026-04-11 17:47:24 | INFO | [Round 10/21] elapsed=01:33.21 avg_round=01:07.25 projected_remaining=12:19.74 | GPU MB alloc/reserved=192.3/1900.0
2026-04-11 17:47:25 | INFO | [Round 10] acquisition on pool_size=48600 scored_pool=5000 budget=100 | GPU MB alloc/reserved=104.5/1900.0
2026-04-11 17:47:25 | INFO | [CoreSet-unlabeled-feat] scoring progress 10/20 elapsed=00:00.24 avg/batch=0.024s ETA=00:00.24 | GPU MB alloc/reserved=112.6/1900.0
2026-04-11 17:47:25 | INFO | [CoreSet-unlabeled-feat] scoring progress 20/20 elapsed=00:00.38 avg/batch=0.019s ETA=00:00.00 | GPU MB alloc/reserved=116.6/1900.0
2026-04-11 17:47:25 | INFO | [CoreSet-labeled-feat] scoring progress 6/6 elapsed=00:00.22 avg/batch=0.036s ETA=00:00.00 | GPU MB alloc/reserved=119.3/1900.0
2026-04-11 17:47:25 | INFO | [CoreSet] greedy 10/100 cover_radius=28.396090 | GPU: n/a
2026-04-11 17:47:25 | INFO | [CoreSet] greedy 20/100 cover_radius=27.509708 | GPU: n/a
2026-04-11 17:47:26 | INFO | [CoreSet] greedy 30/100 cover_radius=27.142395 | GPU: n/a
2026-04-11 17:47:26 | INFO | [CoreSet] greedy 40/100 cover_radius=26.896568 | GPU: n/a
2026-04-11 17:47:26 | INFO | [CoreSet] greedy 50/100 cover_radius=26.737652 | GPU: n/a
2026-04-11 17:47:26 | INFO | [CoreSet] greedy 60/100 cover_radius=26.661346 | GPU: n/a
2026-04-11 17:47:26 | INFO | [CoreSet] greedy 70/100 cover_radius=26.544119 | GPU: n/a
2026-04-11 17:47:26 | INFO | [CoreSet] greedy 80/100 cover_radius=26.389393 | GPU: n/a
2026-04-11 17:47:26 | INFO | [CoreSet] greedy 90/100 cover_radius=26.288719 | GPU: n/a
2026-04-11 17:47:26 | INFO | [CoreSet] greedy 100/100 cover_radius=26.152458 | GPU: n/a
2026-04-11 17:47:27 | INFO | [Round 10] labeled=1500 train=1500 val_fixed=0 | GPU MB alloc/reserved=149.8/1900.0
2026-04-11 17:47:28 | INFO | [Round 10] epoch=1/80 loss=4.7049 acc=1.67 val_acc=nan data_t=0.0157s batch_t=0.0954s epoch_t=00:01.33 lr=0.001000 | GPU MB alloc/reserved=280.7/1900.0
2026-04-11 17:47:28 | INFO | [Round 10] Epoch 1/80 time=00:01.33 avg=00:01.33 ETA=01:45.29 | GPU MB alloc/reserved=280.7/1900.0
2026-04-11 17:47:29 | INFO | [Round 10] epoch=2/80 loss=4.4615 acc=3.60 val_acc=nan data_t=0.0033s batch_t=0.0910s epoch_t=00:01.13 lr=0.000998 | GPU MB alloc/reserved=280.7/1900.0
2026-04-11 17:47:29 | INFO | [Round 10] Epoch 2/80 time=00:01.13 avg=00:01.23 ETA=01:36.15 | GPU MB alloc/reserved=280.7/1900.0
2026-04-11 17:47:30 | INFO | [Round 10] epoch=3/80 loss=4.2861 acc=5.60 val_acc=nan data_t=0.0033s batch_t=0.0902s epoch_t=00:01.12 lr=0.000997 | GPU MB alloc/reserved=280.7/1900.0
2026-04-11 17:47:30 | INFO | [Round 10] Epoch 3/80 time=00:01.12 avg=00:01.20 ETA=01:32.08 | GPU MB alloc/reserved=280.7/1900.0
2026-04-11 17:47:32 | INFO | [Round 10] epoch=4/80 loss=4.1351 acc=6.53 val_acc=nan data_t=0.0034s batch_t=0.0896s epoch_t=00:01.12 lr=0.000994 | GPU MB alloc/reserved=280.7/1900.0
2026-04-11 17:47:32 | INFO | [Round 10] Epoch 4/80 time=00:01.12 avg=00:01.18 ETA=01:29.38 | GPU MB alloc/reserved=280.7/1900.0
2026-04-11 17:47:33 | INFO | [Round 10] epoch=5/80 loss=4.0319 acc=7.80 val_acc=nan data_t=0.0034s batch_t=0.0897s epoch_t=00:01.12 lr=0.000990 | GPU MB alloc/reserved=280.7/1900.0
2026-04-11 17:47:33 | INFO | [Round 10] Epoch 5/80 time=00:01.12 avg=00:01.16 ETA=01:27.32 | GPU MB alloc/reserved=280.7/1900.0
2026-04-11 17:47:34 | INFO | [Round 10] epoch=6/80 loss=3.8931 acc=9.47 val_acc=nan data_t=0.0035s batch_t=0.0898s epoch_t=00:01.12 lr=0.000986 | GPU MB alloc/reserved=280.7/1900.0
2026-04-11 17:47:34 | INFO | [Round 10] Epoch 6/80 time=00:01.12 avg=00:01.16 ETA=01:25.62 | GPU MB alloc/reserved=280.7/1900.0
2026-04-11 17:47:35 | INFO | [Round 10] epoch=7/80 loss=3.7571 acc=10.93 val_acc=nan data_t=0.0039s batch_t=0.0902s epoch_t=00:01.13 lr=0.000981 | GPU MB alloc/reserved=280.7/1900.0
2026-04-11 17:47:35 | INFO | [Round 10] Epoch 7/80 time=00:01.13 avg=00:01.15 ETA=01:24.17 | GPU MB alloc/reserved=280.7/1900.0
2026-04-11 17:47:36 | INFO | [Round 10] epoch=8/80 loss=3.5897 acc=12.67 val_acc=nan data_t=0.0039s batch_t=0.0897s epoch_t=00:01.12 lr=0.000976 | GPU MB alloc/reserved=280.7/1900.0
2026-04-11 17:47:36 | INFO | [Round 10] Epoch 8/80 time=00:01.12 avg=00:01.15 ETA=01:22.75 | GPU MB alloc/reserved=280.7/1900.0
2026-04-11 17:47:37 | INFO | [Round 10] epoch=9/80 loss=3.4823 acc=14.73 val_acc=nan data_t=0.0042s batch_t=0.0898s epoch_t=00:01.13 lr=0.000969 | GPU MB alloc/reserved=280.7/1900.0
2026-04-11 17:47:37 | INFO | [Round 10] Epoch 9/80 time=00:01.13 avg=00:01.15 ETA=01:21.43 | GPU MB alloc/reserved=280.7/1900.0
2026-04-11 17:47:38 | INFO | [Round 10] epoch=10/80 loss=3.3425 acc=16.93 val_acc=nan data_t=0.0029s batch_t=0.0902s epoch_t=00:01.12 lr=0.000962 | GPU MB alloc/reserved=280.7/1900.0
2026-04-11 17:47:38 | INFO | [Round 10] Epoch 10/80 time=00:01.12 avg=00:01.14 ETA=01:20.08 | GPU MB alloc/reserved=280.7/1900.0
2026-04-11 17:47:39 | INFO | [Round 10] epoch=11/80 loss=3.1800 acc=19.80 val_acc=nan data_t=0.0033s batch_t=0.0899s epoch_t=00:01.12 lr=0.000955 | GPU MB alloc/reserved=280.7/1900.0
2026-04-11 17:47:39 | INFO | [Round 10] Epoch 11/80 time=00:01.12 avg=00:01.14 ETA=01:18.77 | GPU MB alloc/reserved=280.7/1900.0
2026-04-11 17:47:41 | INFO | [Round 10] epoch=12/80 loss=3.0112 acc=22.13 val_acc=nan data_t=0.0023s batch_t=0.0906s epoch_t=00:01.11 lr=0.000946 | GPU MB alloc/reserved=280.7/1900.0
2026-04-11 17:47:41 | INFO | [Round 10] Epoch 12/80 time=00:01.11 avg=00:01.14 ETA=01:17.48 | GPU MB alloc/reserved=280.7/1900.0
2026-04-11 17:47:42 | INFO | [Round 10] epoch=13/80 loss=2.9003 acc=23.87 val_acc=nan data_t=0.0033s batch_t=0.0902s epoch_t=00:01.12 lr=0.000937 | GPU MB alloc/reserved=280.7/1900.0
2026-04-11 17:47:42 | INFO | [Round 10] Epoch 13/80 time=00:01.12 avg=00:01.14 ETA=01:16.25 | GPU MB alloc/reserved=280.7/1900.0
2026-04-11 17:47:43 | INFO | [Round 10] epoch=14/80 loss=2.7548 acc=27.67 val_acc=nan data_t=0.0021s batch_t=0.0734s epoch_t=00:00.91 lr=0.000927 | GPU MB alloc/reserved=280.7/1900.0
2026-04-11 17:47:43 | INFO | [Round 10] Epoch 14/80 time=00:00.91 avg=00:01.12 ETA=01:14.02 | GPU MB alloc/reserved=280.7/1900.0
2026-04-11 17:47:44 | INFO | [Round 10] epoch=15/80 loss=2.5619 acc=31.87 val_acc=nan data_t=0.0046s batch_t=0.0998s epoch_t=00:01.25 lr=0.000917 | GPU MB alloc/reserved=280.7/1900.0
2026-04-11 17:47:44 | INFO | [Round 10] Epoch 15/80 time=00:01.25 avg=00:01.13 ETA=01:13.47 | GPU MB alloc/reserved=280.7/1900.0
2026-04-11 17:47:45 | INFO | [Round 10] epoch=16/80 loss=2.4589 acc=33.53 val_acc=nan data_t=0.0041s batch_t=0.0961s epoch_t=00:01.20 lr=0.000905 | GPU MB alloc/reserved=280.7/1900.0
2026-04-11 17:47:45 | INFO | [Round 10] Epoch 16/80 time=00:01.20 avg=00:01.13 ETA=01:12.63 | GPU MB alloc/reserved=280.7/1900.0
2026-04-11 17:47:46 | INFO | [Round 10] epoch=17/80 loss=2.3506 acc=34.87 val_acc=nan data_t=0.0023s batch_t=0.1004s epoch_t=00:01.23 lr=0.000894 | GPU MB alloc/reserved=280.7/1900.0
2026-04-11 17:47:46 | INFO | [Round 10] Epoch 17/80 time=00:01.23 avg=00:01.14 ETA=01:11.86 | GPU MB alloc/reserved=280.7/1900.0
2026-04-11 17:47:48 | INFO | [Round 10] epoch=18/80 loss=2.2177 acc=39.40 val_acc=nan data_t=0.0022s batch_t=0.1008s epoch_t=00:01.24 lr=0.000881 | GPU MB alloc/reserved=280.7/1900.0
2026-04-11 17:47:48 | INFO | [Round 10] Epoch 18/80 time=00:01.24 avg=00:01.15 ETA=01:11.04 | GPU MB alloc/reserved=280.7/1900.0
2026-04-11 17:47:49 | INFO | [Round 10] epoch=19/80 loss=2.0663 acc=43.47 val_acc=nan data_t=0.0024s batch_t=0.0998s epoch_t=00:01.23 lr=0.000868 | GPU MB alloc/reserved=280.7/1900.0
2026-04-11 17:47:49 | INFO | [Round 10] Epoch 19/80 time=00:01.23 avg=00:01.15 ETA=01:10.16 | GPU MB alloc/reserved=280.7/1900.0
2026-04-11 17:47:50 | INFO | [Round 10] epoch=20/80 loss=1.9553 acc=45.87 val_acc=nan data_t=0.0032s batch_t=0.1016s epoch_t=00:01.26 lr=0.000855 | GPU MB alloc/reserved=280.7/1900.0
2026-04-11 17:47:50 | INFO | [Round 10] Epoch 20/80 time=00:01.26 avg=00:01.16 ETA=01:09.33 | GPU MB alloc/reserved=280.7/1900.0
2026-04-11 17:47:51 | INFO | [Round 10] epoch=21/80 loss=1.7707 acc=52.07 val_acc=nan data_t=0.0034s batch_t=0.0813s epoch_t=00:01.02 lr=0.000841 | GPU MB alloc/reserved=280.7/1900.0
2026-04-11 17:47:51 | INFO | [Round 10] Epoch 21/80 time=00:01.02 avg=00:01.15 ETA=01:07.78 | GPU MB alloc/reserved=280.7/1900.0
2026-04-11 17:47:52 | INFO | [Round 10] epoch=22/80 loss=1.6221 acc=54.67 val_acc=nan data_t=0.0032s batch_t=0.0604s epoch_t=00:00.76 lr=0.000826 | GPU MB alloc/reserved=280.7/1900.0
2026-04-11 17:47:52 | INFO | [Round 10] Epoch 22/80 time=00:00.76 avg=00:01.13 ETA=01:05.62 | GPU MB alloc/reserved=280.7/1900.0
2026-04-11 17:47:53 | INFO | [Round 10] epoch=23/80 loss=1.4766 acc=60.67 val_acc=nan data_t=0.0028s batch_t=0.0767s epoch_t=00:00.95 lr=0.000811 | GPU MB alloc/reserved=280.7/1900.0
2026-04-11 17:47:53 | INFO | [Round 10] Epoch 23/80 time=00:00.95 avg=00:01.12 ETA=01:04.05 | GPU MB alloc/reserved=280.7/1900.0
2026-04-11 17:47:54 | INFO | [Round 10] epoch=24/80 loss=1.3279 acc=65.07 val_acc=nan data_t=0.0021s batch_t=0.0622s epoch_t=00:00.77 lr=0.000796 | GPU MB alloc/reserved=280.7/1900.0
2026-04-11 17:47:54 | INFO | [Round 10] Epoch 24/80 time=00:00.77 avg=00:01.11 ETA=01:02.10 | GPU MB alloc/reserved=280.7/1900.0
2026-04-11 17:47:54 | INFO | [Round 10] epoch=25/80 loss=1.1763 acc=69.13 val_acc=nan data_t=0.0021s batch_t=0.0654s epoch_t=00:00.81 lr=0.000780 | GPU MB alloc/reserved=280.7/1900.0
2026-04-11 17:47:54 | INFO | [Round 10] Epoch 25/80 time=00:00.81 avg=00:01.10 ETA=01:00.34 | GPU MB alloc/reserved=280.7/1900.0
2026-04-11 17:47:55 | INFO | [Round 10] epoch=26/80 loss=1.1066 acc=71.53 val_acc=nan data_t=0.0024s batch_t=0.0849s epoch_t=00:01.05 lr=0.000764 | GPU MB alloc/reserved=280.7/1900.0
2026-04-11 17:47:55 | INFO | [Round 10] Epoch 26/80 time=00:01.05 avg=00:01.10 ETA=00:59.14 | GPU MB alloc/reserved=280.7/1900.0
2026-04-11 17:47:57 | INFO | [Round 10] epoch=27/80 loss=1.0116 acc=73.13 val_acc=nan data_t=0.0023s batch_t=0.0902s epoch_t=00:01.11 lr=0.000747 | GPU MB alloc/reserved=280.7/1900.0
2026-04-11 17:47:57 | INFO | [Round 10] Epoch 27/80 time=00:01.11 avg=00:01.10 ETA=00:58.07 | GPU MB alloc/reserved=280.7/1900.0
2026-04-11 17:47:58 | INFO | [Round 10] epoch=28/80 loss=0.9930 acc=74.00 val_acc=nan data_t=0.0032s batch_t=0.0921s epoch_t=00:01.14 lr=0.000730 | GPU MB alloc/reserved=280.7/1900.0
2026-04-11 17:47:58 | INFO | [Round 10] Epoch 28/80 time=00:01.14 avg=00:01.10 ETA=00:57.07 | GPU MB alloc/reserved=280.7/1900.0
2026-04-11 17:47:59 | INFO | [Round 10] epoch=29/80 loss=0.8659 acc=78.13 val_acc=nan data_t=0.0028s batch_t=0.0910s epoch_t=00:01.13 lr=0.000712 | GPU MB alloc/reserved=280.7/1900.0
2026-04-11 17:47:59 | INFO | [Round 10] Epoch 29/80 time=00:01.13 avg=00:01.10 ETA=00:56.02 | GPU MB alloc/reserved=280.7/1900.0
2026-04-11 17:48:00 | INFO | [Round 10] epoch=30/80 loss=0.7060 acc=83.33 val_acc=nan data_t=0.0031s batch_t=0.0906s epoch_t=00:01.13 lr=0.000694 | GPU MB alloc/reserved=280.7/1900.0
2026-04-11 17:48:00 | INFO | [Round 10] Epoch 30/80 time=00:01.13 avg=00:01.10 ETA=00:54.97 | GPU MB alloc/reserved=280.7/1900.0
2026-04-11 17:48:01 | INFO | [Round 10] epoch=31/80 loss=0.6789 acc=83.27 val_acc=nan data_t=0.0031s batch_t=0.0911s epoch_t=00:01.13 lr=0.000676 | GPU MB alloc/reserved=280.7/1900.0
2026-04-11 17:48:01 | INFO | [Round 10] Epoch 31/80 time=00:01.13 avg=00:01.10 ETA=00:53.92 | GPU MB alloc/reserved=280.7/1900.0
2026-04-11 17:48:02 | INFO | [Round 10] epoch=32/80 loss=0.5853 acc=86.53 val_acc=nan data_t=0.0031s batch_t=0.0910s epoch_t=00:01.13 lr=0.000658 | GPU MB alloc/reserved=280.7/1900.0
2026-04-11 17:48:02 | INFO | [Round 10] Epoch 32/80 time=00:01.13 avg=00:01.10 ETA=00:52.86 | GPU MB alloc/reserved=280.7/1900.0
2026-04-11 17:48:03 | INFO | [Round 10] epoch=33/80 loss=0.4769 acc=89.60 val_acc=nan data_t=0.0028s batch_t=0.0904s epoch_t=00:01.12 lr=0.000639 | GPU MB alloc/reserved=280.7/1900.0
2026-04-11 17:48:03 | INFO | [Round 10] Epoch 33/80 time=00:01.12 avg=00:01.10 ETA=00:51.78 | GPU MB alloc/reserved=280.7/1900.0
2026-04-11 17:48:05 | INFO | [Round 10] epoch=34/80 loss=0.4237 acc=90.27 val_acc=nan data_t=0.0054s batch_t=0.0900s epoch_t=00:01.15 lr=0.000621 | GPU MB alloc/reserved=280.7/1900.0
2026-04-11 17:48:05 | INFO | [Round 10] Epoch 34/80 time=00:01.15 avg=00:01.10 ETA=00:50.74 | GPU MB alloc/reserved=280.7/1900.0
2026-04-11 17:48:06 | INFO | [Round 10] epoch=35/80 loss=0.3451 acc=94.20 val_acc=nan data_t=0.0036s batch_t=0.0905s epoch_t=00:01.13 lr=0.000602 | GPU MB alloc/reserved=280.7/1900.0
2026-04-11 17:48:06 | INFO | [Round 10] Epoch 35/80 time=00:01.13 avg=00:01.10 ETA=00:49.67 | GPU MB alloc/reserved=280.7/1900.0
2026-04-11 17:48:07 | INFO | [Round 10] epoch=36/80 loss=0.2704 acc=95.93 val_acc=nan data_t=0.0033s batch_t=0.0903s epoch_t=00:01.12 lr=0.000582 | GPU MB alloc/reserved=280.7/1900.0
2026-04-11 17:48:07 | INFO | [Round 10] Epoch 36/80 time=00:01.12 avg=00:01.10 ETA=00:48.59 | GPU MB alloc/reserved=280.7/1900.0
2026-04-11 17:48:08 | INFO | [Round 10] epoch=37/80 loss=0.2406 acc=96.33 val_acc=nan data_t=0.0040s batch_t=0.0919s epoch_t=00:01.15 lr=0.000563 | GPU MB alloc/reserved=280.7/1900.0
2026-04-11 17:48:08 | INFO | [Round 10] Epoch 37/80 time=00:01.15 avg=00:01.11 ETA=00:47.54 | GPU MB alloc/reserved=280.7/1900.0
2026-04-11 17:48:09 | INFO | [Round 10] epoch=38/80 loss=0.2226 acc=96.87 val_acc=nan data_t=0.0024s batch_t=0.0798s epoch_t=00:00.99 lr=0.000544 | GPU MB alloc/reserved=280.7/1900.0
2026-04-11 17:48:09 | INFO | [Round 10] Epoch 38/80 time=00:00.99 avg=00:01.10 ETA=00:46.30 | GPU MB alloc/reserved=280.7/1900.0
2026-04-11 17:48:10 | INFO | [Round 10] epoch=39/80 loss=0.2010 acc=97.40 val_acc=nan data_t=0.0038s batch_t=0.0930s epoch_t=00:01.16 lr=0.000524 | GPU MB alloc/reserved=280.7/1900.0
2026-04-11 17:48:10 | INFO | [Round 10] Epoch 39/80 time=00:01.16 avg=00:01.10 ETA=00:45.26 | GPU MB alloc/reserved=280.7/1900.0
2026-04-11 17:48:11 | INFO | [Round 10] epoch=40/80 loss=0.1554 acc=98.53 val_acc=nan data_t=0.0035s batch_t=0.0994s epoch_t=00:01.24 lr=0.000505 | GPU MB alloc/reserved=280.7/1900.0
2026-04-11 17:48:11 | INFO | [Round 10] Epoch 40/80 time=00:01.24 avg=00:01.11 ETA=00:44.29 | GPU MB alloc/reserved=280.7/1900.0
2026-04-11 17:48:13 | INFO | [Round 10] epoch=41/80 loss=0.1667 acc=97.53 val_acc=nan data_t=0.0032s batch_t=0.0955s epoch_t=00:01.19 lr=0.000486 | GPU MB alloc/reserved=280.7/1900.0
2026-04-11 17:48:13 | INFO | [Round 10] Epoch 41/80 time=00:01.19 avg=00:01.11 ETA=00:43.26 | GPU MB alloc/reserved=280.7/1900.0
2026-04-11 17:48:14 | INFO | [Round 10] epoch=42/80 loss=0.1269 acc=98.60 val_acc=nan data_t=0.0026s batch_t=0.0994s epoch_t=00:01.22 lr=0.000466 | GPU MB alloc/reserved=280.7/1900.0
2026-04-11 17:48:14 | INFO | [Round 10] Epoch 42/80 time=00:01.22 avg=00:01.11 ETA=00:42.25 | GPU MB alloc/reserved=280.7/1900.0
2026-04-11 17:48:15 | INFO | [Round 10] epoch=43/80 loss=0.1234 acc=98.40 val_acc=nan data_t=0.0025s batch_t=0.1004s epoch_t=00:01.24 lr=0.000447 | GPU MB alloc/reserved=280.7/1900.0
2026-04-11 17:48:15 | INFO | [Round 10] Epoch 43/80 time=00:01.24 avg=00:01.11 ETA=00:41.25 | GPU MB alloc/reserved=280.7/1900.0
2026-04-11 17:48:16 | INFO | [Round 10] epoch=44/80 loss=0.0961 acc=98.93 val_acc=nan data_t=0.0033s batch_t=0.0983s epoch_t=00:01.22 lr=0.000428 | GPU MB alloc/reserved=280.7/1900.0
2026-04-11 17:48:16 | INFO | [Round 10] Epoch 44/80 time=00:01.22 avg=00:01.12 ETA=00:40.22 | GPU MB alloc/reserved=280.7/1900.0
2026-04-11 17:48:17 | INFO | [Round 10] epoch=45/80 loss=0.0988 acc=98.87 val_acc=nan data_t=0.0026s batch_t=0.0993s epoch_t=00:01.22 lr=0.000408 | GPU MB alloc/reserved=280.7/1900.0
2026-04-11 17:48:17 | INFO | [Round 10] Epoch 45/80 time=00:01.22 avg=00:01.12 ETA=00:39.18 | GPU MB alloc/reserved=280.7/1900.0
2026-04-11 17:48:18 | INFO | [Round 10] epoch=46/80 loss=0.0881 acc=99.07 val_acc=nan data_t=0.0039s batch_t=0.0684s epoch_t=00:00.87 lr=0.000389 | GPU MB alloc/reserved=280.7/1900.0
2026-04-11 17:48:18 | INFO | [Round 10] Epoch 46/80 time=00:00.87 avg=00:01.11 ETA=00:37.88 | GPU MB alloc/reserved=280.7/1900.0
2026-04-11 17:48:19 | INFO | [Round 10] epoch=47/80 loss=0.0725 acc=99.53 val_acc=nan data_t=0.0026s batch_t=0.0742s epoch_t=00:00.92 lr=0.000371 | GPU MB alloc/reserved=280.7/1900.0
2026-04-11 17:48:19 | INFO | [Round 10] Epoch 47/80 time=00:00.92 avg=00:01.11 ETA=00:36.63 | GPU MB alloc/reserved=280.7/1900.0
2026-04-11 17:48:20 | INFO | [Round 10] epoch=48/80 loss=0.0640 acc=99.73 val_acc=nan data_t=0.0031s batch_t=0.0654s epoch_t=00:00.82 lr=0.000352 | GPU MB alloc/reserved=280.7/1900.0
2026-04-11 17:48:20 | INFO | [Round 10] Epoch 48/80 time=00:00.82 avg=00:01.10 ETA=00:35.33 | GPU MB alloc/reserved=280.7/1900.0
2026-04-11 17:48:21 | INFO | [Round 10] epoch=49/80 loss=0.0586 acc=99.67 val_acc=nan data_t=0.0025s batch_t=0.0647s epoch_t=00:00.81 lr=0.000334 | GPU MB alloc/reserved=280.7/1900.0
2026-04-11 17:48:21 | INFO | [Round 10] Epoch 49/80 time=00:00.81 avg=00:01.10 ETA=00:34.04 | GPU MB alloc/reserved=280.7/1900.0
2026-04-11 17:48:22 | INFO | [Round 10] epoch=50/80 loss=0.0547 acc=99.87 val_acc=nan data_t=0.0035s batch_t=0.0898s epoch_t=00:01.12 lr=0.000316 | GPU MB alloc/reserved=280.7/1900.0
2026-04-11 17:48:22 | INFO | [Round 10] Epoch 50/80 time=00:01.12 avg=00:01.10 ETA=00:32.95 | GPU MB alloc/reserved=280.7/1900.0
2026-04-11 17:48:23 | INFO | [Round 10] epoch=51/80 loss=0.0564 acc=99.53 val_acc=nan data_t=0.0036s batch_t=0.0923s epoch_t=00:01.15 lr=0.000298 | GPU MB alloc/reserved=280.7/1900.0
2026-04-11 17:48:23 | INFO | [Round 10] Epoch 51/80 time=00:01.15 avg=00:01.10 ETA=00:31.88 | GPU MB alloc/reserved=280.7/1900.0
2026-04-11 17:48:24 | INFO | [Round 10] epoch=52/80 loss=0.0521 acc=99.73 val_acc=nan data_t=0.0021s batch_t=0.0898s epoch_t=00:01.10 lr=0.000280 | GPU MB alloc/reserved=280.7/1900.0
2026-04-11 17:48:24 | INFO | [Round 10] Epoch 52/80 time=00:01.10 avg=00:01.10 ETA=00:30.79 | GPU MB alloc/reserved=280.7/1900.0
2026-04-11 17:48:25 | INFO | [Round 10] epoch=53/80 loss=0.0396 acc=99.93 val_acc=nan data_t=0.0039s batch_t=0.0905s epoch_t=00:01.13 lr=0.000263 | GPU MB alloc/reserved=280.7/1900.0
2026-04-11 17:48:25 | INFO | [Round 10] Epoch 53/80 time=00:01.13 avg=00:01.10 ETA=00:29.70 | GPU MB alloc/reserved=280.7/1900.0
2026-04-11 17:48:27 | INFO | [Round 10] epoch=54/80 loss=0.0401 acc=99.93 val_acc=nan data_t=0.0037s batch_t=0.0894s epoch_t=00:01.12 lr=0.000246 | GPU MB alloc/reserved=280.7/1900.0
2026-04-11 17:48:27 | INFO | [Round 10] Epoch 54/80 time=00:01.12 avg=00:01.10 ETA=00:28.61 | GPU MB alloc/reserved=280.7/1900.0
2026-04-11 17:48:28 | INFO | [Round 10] epoch=55/80 loss=0.0334 acc=99.87 val_acc=nan data_t=0.0024s batch_t=0.0897s epoch_t=00:01.10 lr=0.000230 | GPU MB alloc/reserved=280.7/1900.0
2026-04-11 17:48:28 | INFO | [Round 10] Epoch 55/80 time=00:01.10 avg=00:01.10 ETA=00:27.51 | GPU MB alloc/reserved=280.7/1900.0
2026-04-11 17:48:29 | INFO | [Round 10] epoch=56/80 loss=0.0325 acc=99.93 val_acc=nan data_t=0.0022s batch_t=0.0910s epoch_t=00:01.12 lr=0.000214 | GPU MB alloc/reserved=280.7/1900.0
2026-04-11 17:48:29 | INFO | [Round 10] Epoch 56/80 time=00:01.12 avg=00:01.10 ETA=00:26.42 | GPU MB alloc/reserved=280.7/1900.0
2026-04-11 17:48:30 | INFO | [Round 10] epoch=57/80 loss=0.0309 acc=99.93 val_acc=nan data_t=0.0020s batch_t=0.0907s epoch_t=00:01.11 lr=0.000199 | GPU MB alloc/reserved=280.7/1900.0
2026-04-11 17:48:30 | INFO | [Round 10] Epoch 57/80 time=00:01.11 avg=00:01.10 ETA=00:25.32 | GPU MB alloc/reserved=280.7/1900.0
2026-04-11 17:48:31 | INFO | [Round 10] epoch=58/80 loss=0.0367 acc=99.93 val_acc=nan data_t=0.0041s batch_t=0.0887s epoch_t=00:01.11 lr=0.000184 | GPU MB alloc/reserved=280.7/1900.0
2026-04-11 17:48:31 | INFO | [Round 10] Epoch 58/80 time=00:01.11 avg=00:01.10 ETA=00:24.23 | GPU MB alloc/reserved=280.7/1900.0
2026-04-11 17:48:32 | INFO | [Round 10] epoch=59/80 loss=0.0317 acc=99.93 val_acc=nan data_t=0.0021s batch_t=0.0908s epoch_t=00:01.12 lr=0.000169 | GPU MB alloc/reserved=280.7/1900.0
2026-04-11 17:48:32 | INFO | [Round 10] Epoch 59/80 time=00:01.12 avg=00:01.10 ETA=00:23.13 | GPU MB alloc/reserved=280.7/1900.0
2026-04-11 17:48:33 | INFO | [Round 10] epoch=60/80 loss=0.0274 acc=100.00 val_acc=nan data_t=0.0028s batch_t=0.0904s epoch_t=00:01.12 lr=0.000155 | GPU MB alloc/reserved=280.7/1900.0
2026-04-11 17:48:33 | INFO | [Round 10] Epoch 60/80 time=00:01.12 avg=00:01.10 ETA=00:22.04 | GPU MB alloc/reserved=280.7/1900.0
2026-04-11 17:48:34 | INFO | [Round 10] epoch=61/80 loss=0.0261 acc=100.00 val_acc=nan data_t=0.0028s batch_t=0.0912s epoch_t=00:01.13 lr=0.000142 | GPU MB alloc/reserved=280.7/1900.0
2026-04-11 17:48:34 | INFO | [Round 10] Epoch 61/80 time=00:01.13 avg=00:01.10 ETA=00:20.94 | GPU MB alloc/reserved=280.7/1900.0
2026-04-11 17:48:35 | INFO | [Round 10] epoch=62/80 loss=0.0253 acc=100.00 val_acc=nan data_t=0.0037s batch_t=0.0906s epoch_t=00:01.13 lr=0.000129 | GPU MB alloc/reserved=280.7/1900.0
2026-04-11 17:48:35 | INFO | [Round 10] Epoch 62/80 time=00:01.13 avg=00:01.10 ETA=00:19.85 | GPU MB alloc/reserved=280.7/1900.0
2026-04-11 17:48:37 | INFO | [Round 10] epoch=63/80 loss=0.0240 acc=100.00 val_acc=nan data_t=0.0022s batch_t=0.0901s epoch_t=00:01.11 lr=0.000116 | GPU MB alloc/reserved=280.7/1900.0
2026-04-11 17:48:37 | INFO | [Round 10] Epoch 63/80 time=00:01.11 avg=00:01.10 ETA=00:18.75 | GPU MB alloc/reserved=280.7/1900.0
2026-04-11 17:48:38 | INFO | [Round 10] epoch=64/80 loss=0.0216 acc=100.00 val_acc=nan data_t=0.0022s batch_t=0.0903s epoch_t=00:01.11 lr=0.000105 | GPU MB alloc/reserved=280.7/1900.0
2026-04-11 17:48:38 | INFO | [Round 10] Epoch 64/80 time=00:01.11 avg=00:01.10 ETA=00:17.65 | GPU MB alloc/reserved=280.7/1900.0
2026-04-11 17:48:39 | INFO | [Round 10] epoch=65/80 loss=0.0237 acc=100.00 val_acc=nan data_t=0.0021s batch_t=0.0919s epoch_t=00:01.13 lr=0.000093 | GPU MB alloc/reserved=280.7/1900.0
2026-04-11 17:48:39 | INFO | [Round 10] Epoch 65/80 time=00:01.13 avg=00:01.10 ETA=00:16.55 | GPU MB alloc/reserved=280.7/1900.0
2026-04-11 17:48:40 | INFO | [Round 10] epoch=66/80 loss=0.0217 acc=100.00 val_acc=nan data_t=0.0034s batch_t=0.0924s epoch_t=00:01.15 lr=0.000083 | GPU MB alloc/reserved=280.7/1900.0
2026-04-11 17:48:40 | INFO | [Round 10] Epoch 66/80 time=00:01.15 avg=00:01.10 ETA=00:15.46 | GPU MB alloc/reserved=280.7/1900.0
2026-04-11 17:48:41 | INFO | [Round 10] epoch=67/80 loss=0.0227 acc=100.00 val_acc=nan data_t=0.0039s batch_t=0.0914s epoch_t=00:01.14 lr=0.000073 | GPU MB alloc/reserved=280.7/1900.0
2026-04-11 17:48:41 | INFO | [Round 10] Epoch 67/80 time=00:01.14 avg=00:01.10 ETA=00:14.36 | GPU MB alloc/reserved=280.7/1900.0
2026-04-11 17:48:42 | INFO | [Round 10] epoch=68/80 loss=0.0202 acc=100.00 val_acc=nan data_t=0.0026s batch_t=0.0899s epoch_t=00:01.11 lr=0.000064 | GPU MB alloc/reserved=280.7/1900.0
2026-04-11 17:48:42 | INFO | [Round 10] Epoch 68/80 time=00:01.11 avg=00:01.10 ETA=00:13.26 | GPU MB alloc/reserved=280.7/1900.0
2026-04-11 17:48:43 | INFO | [Round 10] epoch=69/80 loss=0.0201 acc=100.00 val_acc=nan data_t=0.0025s batch_t=0.0905s epoch_t=00:01.12 lr=0.000055 | GPU MB alloc/reserved=280.7/1900.0
2026-04-11 17:48:43 | INFO | [Round 10] Epoch 69/80 time=00:01.12 avg=00:01.10 ETA=00:12.15 | GPU MB alloc/reserved=280.7/1900.0
2026-04-11 17:48:44 | INFO | [Round 10] epoch=70/80 loss=0.0203 acc=100.00 val_acc=nan data_t=0.0021s batch_t=0.0920s epoch_t=00:01.13 lr=0.000048 | GPU MB alloc/reserved=280.7/1900.0
2026-04-11 17:48:44 | INFO | [Round 10] Epoch 70/80 time=00:01.13 avg=00:01.11 ETA=00:11.05 | GPU MB alloc/reserved=280.7/1900.0
2026-04-11 17:48:46 | INFO | [Round 10] epoch=71/80 loss=0.0228 acc=99.93 val_acc=nan data_t=0.0028s batch_t=0.0913s epoch_t=00:01.13 lr=0.000041 | GPU MB alloc/reserved=280.7/1900.0
2026-04-11 17:48:46 | INFO | [Round 10] Epoch 71/80 time=00:01.13 avg=00:01.11 ETA=00:09.95 | GPU MB alloc/reserved=280.7/1900.0
2026-04-11 17:48:47 | INFO | [Round 10] epoch=72/80 loss=0.0208 acc=100.00 val_acc=nan data_t=0.0036s batch_t=0.0907s epoch_t=00:01.13 lr=0.000034 | GPU MB alloc/reserved=280.7/1900.0
2026-04-11 17:48:47 | INFO | [Round 10] Epoch 72/80 time=00:01.13 avg=00:01.11 ETA=00:08.85 | GPU MB alloc/reserved=280.7/1900.0
2026-04-11 17:48:48 | INFO | [Round 10] epoch=73/80 loss=0.0195 acc=100.00 val_acc=nan data_t=0.0024s batch_t=0.0917s epoch_t=00:01.13 lr=0.000029 | GPU MB alloc/reserved=280.7/1900.0
2026-04-11 17:48:48 | INFO | [Round 10] Epoch 73/80 time=00:01.13 avg=00:01.11 ETA=00:07.74 | GPU MB alloc/reserved=280.7/1900.0
2026-04-11 17:48:49 | INFO | [Round 10] epoch=74/80 loss=0.0193 acc=100.00 val_acc=nan data_t=0.0032s batch_t=0.0909s epoch_t=00:01.13 lr=0.000024 | GPU MB alloc/reserved=280.7/1900.0
2026-04-11 17:48:49 | INFO | [Round 10] Epoch 74/80 time=00:01.13 avg=00:01.11 ETA=00:06.64 | GPU MB alloc/reserved=280.7/1900.0
2026-04-11 17:48:50 | INFO | [Round 10] epoch=75/80 loss=0.0203 acc=100.00 val_acc=nan data_t=0.0025s batch_t=0.0911s epoch_t=00:01.12 lr=0.000020 | GPU MB alloc/reserved=280.7/1900.0
2026-04-11 17:48:50 | INFO | [Round 10] Epoch 75/80 time=00:01.12 avg=00:01.11 ETA=00:05.53 | GPU MB alloc/reserved=280.7/1900.0
2026-04-11 17:48:51 | INFO | [Round 10] epoch=76/80 loss=0.0207 acc=100.00 val_acc=nan data_t=0.0026s batch_t=0.0905s epoch_t=00:01.12 lr=0.000016 | GPU MB alloc/reserved=280.7/1900.0
2026-04-11 17:48:51 | INFO | [Round 10] Epoch 76/80 time=00:01.12 avg=00:01.11 ETA=00:04.43 | GPU MB alloc/reserved=280.7/1900.0
2026-04-11 17:48:52 | INFO | [Round 10] epoch=77/80 loss=0.0198 acc=100.00 val_acc=nan data_t=0.0022s batch_t=0.0912s epoch_t=00:01.12 lr=0.000013 | GPU MB alloc/reserved=280.7/1900.0
2026-04-11 17:48:52 | INFO | [Round 10] Epoch 77/80 time=00:01.12 avg=00:01.11 ETA=00:03.32 | GPU MB alloc/reserved=280.7/1900.0
2026-04-11 17:48:54 | INFO | [Round 10] epoch=78/80 loss=0.0189 acc=100.00 val_acc=nan data_t=0.0051s batch_t=0.0903s epoch_t=00:01.15 lr=0.000012 | GPU MB alloc/reserved=280.7/1900.0
2026-04-11 17:48:54 | INFO | [Round 10] Epoch 78/80 time=00:01.15 avg=00:01.11 ETA=00:02.22 | GPU MB alloc/reserved=280.7/1900.0
2026-04-11 17:48:55 | INFO | [Round 10] epoch=79/80 loss=0.0194 acc=100.00 val_acc=nan data_t=0.0021s batch_t=0.0891s epoch_t=00:01.09 lr=0.000010 | GPU MB alloc/reserved=280.7/1900.0
2026-04-11 17:48:55 | INFO | [Round 10] Epoch 79/80 time=00:01.09 avg=00:01.11 ETA=00:01.11 | GPU MB alloc/reserved=280.7/1900.0
2026-04-11 17:48:56 | INFO | [Round 10] epoch=80/80 loss=0.0185 acc=100.00 val_acc=nan data_t=0.0023s batch_t=0.0900s epoch_t=00:01.11 lr=0.000010 | GPU MB alloc/reserved=280.7/1900.0
2026-04-11 17:48:56 | INFO | [Round 10] Epoch 80/80 time=00:01.11 avg=00:01.11 ETA=00:00.00 | GPU MB alloc/reserved=280.7/1900.0
2026-04-11 17:48:56 | INFO | [Round 10] training complete in 01:28.93 (best monitor=100.000) | GPU MB alloc/reserved=280.7/1900.0
2026-04-11 17:48:56 | INFO | [Round 10] evaluation started | GPU MB alloc/reserved=193.6/1900.0
2026-04-11 17:49:05 | INFO | [Round 10] clean=17.68 fgsm=13.54 pgd=13.49 grad_disp_mean=nan grad_disp_sel=nan round_t=100.44s | GPU MB alloc/reserved=193.6/1900.0
2026-04-11 17:49:05 | INFO | [Round 11/21] elapsed=01:40.44 avg_round=01:10.27 projected_remaining=11:42.66 | GPU MB alloc/reserved=193.6/1900.0
2026-04-11 17:49:06 | INFO | [Round 11] acquisition on pool_size=48500 scored_pool=5000 budget=100 | GPU MB alloc/reserved=105.3/1900.0
2026-04-11 17:49:06 | INFO | [CoreSet-unlabeled-feat] scoring progress 10/20 elapsed=00:00.27 avg/batch=0.027s ETA=00:00.27 | GPU MB alloc/reserved=113.4/1900.0
2026-04-11 17:49:06 | INFO | [CoreSet-unlabeled-feat] scoring progress 20/20 elapsed=00:00.42 avg/batch=0.021s ETA=00:00.00 | GPU MB alloc/reserved=117.1/1900.0
2026-04-11 17:49:06 | INFO | [CoreSet-labeled-feat] scoring progress 6/6 elapsed=00:00.25 avg/batch=0.042s ETA=00:00.00 | GPU MB alloc/reserved=120.8/1900.0
2026-04-11 17:49:07 | INFO | [CoreSet] greedy 10/100 cover_radius=27.557919 | GPU: n/a
2026-04-11 17:49:07 | INFO | [CoreSet] greedy 20/100 cover_radius=27.271044 | GPU: n/a
2026-04-11 17:49:07 | INFO | [CoreSet] greedy 30/100 cover_radius=27.089054 | GPU: n/a
2026-04-11 17:49:07 | INFO | [CoreSet] greedy 40/100 cover_radius=26.920546 | GPU: n/a
2026-04-11 17:49:07 | INFO | [CoreSet] greedy 50/100 cover_radius=26.725372 | GPU: n/a
2026-04-11 17:49:07 | INFO | [CoreSet] greedy 60/100 cover_radius=26.583206 | GPU: n/a
2026-04-11 17:49:07 | INFO | [CoreSet] greedy 70/100 cover_radius=26.478426 | GPU: n/a
2026-04-11 17:49:07 | INFO | [CoreSet] greedy 80/100 cover_radius=26.401909 | GPU: n/a
2026-04-11 17:49:07 | INFO | [CoreSet] greedy 90/100 cover_radius=26.250383 | GPU: n/a
2026-04-11 17:49:07 | INFO | [CoreSet] greedy 100/100 cover_radius=26.171457 | GPU: n/a
2026-04-11 17:49:08 | INFO | [Round 11] labeled=1600 train=1600 val_fixed=0 | GPU MB alloc/reserved=150.0/1900.0
2026-04-11 17:49:10 | INFO | [Round 11] epoch=1/80 loss=4.7321 acc=1.94 val_acc=nan data_t=0.0154s batch_t=0.0945s epoch_t=00:01.43 lr=0.001000 | GPU MB alloc/reserved=280.8/1900.0
2026-04-11 17:49:10 | INFO | [Round 11] Epoch 1/80 time=00:01.43 avg=00:01.43 ETA=01:52.84 | GPU MB alloc/reserved=280.8/1900.0
2026-04-11 17:49:11 | INFO | [Round 11] epoch=2/80 loss=4.4281 acc=4.25 val_acc=nan data_t=0.0032s batch_t=0.0904s epoch_t=00:01.22 lr=0.000998 | GPU MB alloc/reserved=280.8/1900.0
2026-04-11 17:49:11 | INFO | [Round 11] Epoch 2/80 time=00:01.22 avg=00:01.32 ETA=01:43.19 | GPU MB alloc/reserved=280.8/1900.0
2026-04-11 17:49:12 | INFO | [Round 11] epoch=3/80 loss=4.1935 acc=5.62 val_acc=nan data_t=0.0025s batch_t=0.0907s epoch_t=00:01.21 lr=0.000997 | GPU MB alloc/reserved=280.8/1900.0
2026-04-11 17:49:12 | INFO | [Round 11] Epoch 3/80 time=00:01.21 avg=00:01.29 ETA=01:39.02 | GPU MB alloc/reserved=280.8/1900.0
2026-04-11 17:49:13 | INFO | [Round 11] epoch=4/80 loss=4.0619 acc=7.31 val_acc=nan data_t=0.0022s batch_t=0.0873s epoch_t=00:01.16 lr=0.000994 | GPU MB alloc/reserved=280.8/1900.0
2026-04-11 17:49:13 | INFO | [Round 11] Epoch 4/80 time=00:01.16 avg=00:01.26 ETA=01:35.40 | GPU MB alloc/reserved=280.8/1900.0
2026-04-11 17:49:14 | INFO | [Round 11] epoch=5/80 loss=3.9415 acc=8.31 val_acc=nan data_t=0.0025s batch_t=0.0904s epoch_t=00:01.21 lr=0.000990 | GPU MB alloc/reserved=280.8/1900.0
2026-04-11 17:49:14 | INFO | [Round 11] Epoch 5/80 time=00:01.21 avg=00:01.25 ETA=01:33.45 | GPU MB alloc/reserved=280.8/1900.0
2026-04-11 17:49:16 | INFO | [Round 11] epoch=6/80 loss=3.8323 acc=10.12 val_acc=nan data_t=0.0029s batch_t=0.0884s epoch_t=00:01.19 lr=0.000986 | GPU MB alloc/reserved=280.8/1900.0
2026-04-11 17:49:16 | INFO | [Round 11] Epoch 6/80 time=00:01.19 avg=00:01.24 ETA=01:31.48 | GPU MB alloc/reserved=280.8/1900.0
2026-04-11 17:49:17 | INFO | [Round 11] epoch=7/80 loss=3.6707 acc=11.19 val_acc=nan data_t=0.0035s batch_t=0.0884s epoch_t=00:01.20 lr=0.000981 | GPU MB alloc/reserved=280.8/1900.0
2026-04-11 17:49:17 | INFO | [Round 11] Epoch 7/80 time=00:01.20 avg=00:01.23 ETA=01:29.82 | GPU MB alloc/reserved=280.8/1900.0
2026-04-11 17:49:18 | INFO | [Round 11] epoch=8/80 loss=3.5700 acc=13.31 val_acc=nan data_t=0.0021s batch_t=0.0904s epoch_t=00:01.20 lr=0.000976 | GPU MB alloc/reserved=280.8/1900.0
2026-04-11 17:49:18 | INFO | [Round 11] Epoch 8/80 time=00:01.20 avg=00:01.23 ETA=01:28.33 | GPU MB alloc/reserved=280.8/1900.0
2026-04-11 17:49:19 | INFO | [Round 11] epoch=9/80 loss=3.3838 acc=17.88 val_acc=nan data_t=0.0025s batch_t=0.0899s epoch_t=00:01.20 lr=0.000969 | GPU MB alloc/reserved=280.8/1900.0
2026-04-11 17:49:19 | INFO | [Round 11] Epoch 9/80 time=00:01.20 avg=00:01.22 ETA=01:26.90 | GPU MB alloc/reserved=280.8/1900.0
2026-04-11 17:49:20 | INFO | [Round 11] epoch=10/80 loss=3.2864 acc=18.06 val_acc=nan data_t=0.0019s batch_t=0.0892s epoch_t=00:01.18 lr=0.000962 | GPU MB alloc/reserved=280.8/1900.0
2026-04-11 17:49:20 | INFO | [Round 11] Epoch 10/80 time=00:01.18 avg=00:01.22 ETA=01:25.40 | GPU MB alloc/reserved=280.8/1900.0
2026-04-11 17:49:22 | INFO | [Round 11] epoch=11/80 loss=3.1313 acc=21.44 val_acc=nan data_t=0.0032s batch_t=0.0898s epoch_t=00:01.21 lr=0.000955 | GPU MB alloc/reserved=280.8/1900.0
2026-04-11 17:49:22 | INFO | [Round 11] Epoch 11/80 time=00:01.21 avg=00:01.22 ETA=01:24.11 | GPU MB alloc/reserved=280.8/1900.0
2026-04-11 17:49:23 | INFO | [Round 11] epoch=12/80 loss=3.0721 acc=21.12 val_acc=nan data_t=0.0045s batch_t=0.0875s epoch_t=00:01.20 lr=0.000946 | GPU MB alloc/reserved=280.8/1900.0
2026-04-11 17:49:23 | INFO | [Round 11] Epoch 12/80 time=00:01.20 avg=00:01.22 ETA=01:22.76 | GPU MB alloc/reserved=280.8/1900.0
2026-04-11 17:49:24 | INFO | [Round 11] epoch=13/80 loss=2.8514 acc=24.69 val_acc=nan data_t=0.0021s batch_t=0.0800s epoch_t=00:01.07 lr=0.000937 | GPU MB alloc/reserved=280.8/1900.0
2026-04-11 17:49:24 | INFO | [Round 11] Epoch 13/80 time=00:01.07 avg=00:01.21 ETA=01:20.77 | GPU MB alloc/reserved=280.8/1900.0
2026-04-11 17:49:25 | INFO | [Round 11] epoch=14/80 loss=2.6933 acc=29.44 val_acc=nan data_t=0.0019s batch_t=0.0979s epoch_t=00:01.30 lr=0.000927 | GPU MB alloc/reserved=280.8/1900.0
2026-04-11 17:49:25 | INFO | [Round 11] Epoch 14/80 time=00:01.30 avg=00:01.21 ETA=01:20.00 | GPU MB alloc/reserved=280.8/1900.0
2026-04-11 17:49:26 | INFO | [Round 11] epoch=15/80 loss=2.5980 acc=31.62 val_acc=nan data_t=0.0021s batch_t=0.0949s epoch_t=00:01.26 lr=0.000917 | GPU MB alloc/reserved=280.8/1900.0
2026-04-11 17:49:26 | INFO | [Round 11] Epoch 15/80 time=00:01.26 avg=00:01.22 ETA=01:19.00 | GPU MB alloc/reserved=280.8/1900.0
2026-04-11 17:49:28 | INFO | [Round 11] epoch=16/80 loss=2.4940 acc=33.50 val_acc=nan data_t=0.0035s batch_t=0.0980s epoch_t=00:01.32 lr=0.000905 | GPU MB alloc/reserved=280.8/1900.0
2026-04-11 17:49:28 | INFO | [Round 11] Epoch 16/80 time=00:01.32 avg=00:01.22 ETA=01:18.20 | GPU MB alloc/reserved=280.8/1900.0
2026-04-11 17:49:29 | INFO | [Round 11] epoch=17/80 loss=2.2691 acc=39.69 val_acc=nan data_t=0.0046s batch_t=0.0992s epoch_t=00:01.35 lr=0.000894 | GPU MB alloc/reserved=280.8/1900.0
2026-04-11 17:49:29 | INFO | [Round 11] Epoch 17/80 time=00:01.35 avg=00:01.23 ETA=01:17.45 | GPU MB alloc/reserved=280.8/1900.0
2026-04-11 17:49:30 | INFO | [Round 11] epoch=18/80 loss=2.0995 acc=44.56 val_acc=nan data_t=0.0020s batch_t=0.0976s epoch_t=00:01.30 lr=0.000881 | GPU MB alloc/reserved=280.8/1900.0
2026-04-11 17:49:30 | INFO | [Round 11] Epoch 18/80 time=00:01.30 avg=00:01.23 ETA=01:16.45 | GPU MB alloc/reserved=280.8/1900.0
2026-04-11 17:49:32 | INFO | [Round 11] epoch=19/80 loss=1.9525 acc=46.25 val_acc=nan data_t=0.0034s batch_t=0.0979s epoch_t=00:01.32 lr=0.000868 | GPU MB alloc/reserved=280.8/1900.0
2026-04-11 17:49:32 | INFO | [Round 11] Epoch 19/80 time=00:01.32 avg=00:01.24 ETA=01:15.48 | GPU MB alloc/reserved=280.8/1900.0
2026-04-11 17:49:33 | INFO | [Round 11] epoch=20/80 loss=1.8573 acc=49.31 val_acc=nan data_t=0.0033s batch_t=0.0577s epoch_t=00:00.79 lr=0.000855 | GPU MB alloc/reserved=280.8/1900.0
2026-04-11 17:49:33 | INFO | [Round 11] Epoch 20/80 time=00:00.79 avg=00:01.22 ETA=01:12.92 | GPU MB alloc/reserved=280.8/1900.0
2026-04-11 17:49:34 | INFO | [Round 11] epoch=21/80 loss=1.7102 acc=52.88 val_acc=nan data_t=0.0029s batch_t=0.0730s epoch_t=00:00.99 lr=0.000841 | GPU MB alloc/reserved=280.8/1900.0
2026-04-11 17:49:34 | INFO | [Round 11] Epoch 21/80 time=00:00.99 avg=00:01.20 ETA=01:11.06 | GPU MB alloc/reserved=280.8/1900.0
2026-04-11 17:49:34 | INFO | [Round 11] epoch=22/80 loss=1.5816 acc=55.94 val_acc=nan data_t=0.0020s batch_t=0.0636s epoch_t=00:00.85 lr=0.000826 | GPU MB alloc/reserved=280.8/1900.0
2026-04-11 17:49:34 | INFO | [Round 11] Epoch 22/80 time=00:00.85 avg=00:01.19 ETA=01:08.93 | GPU MB alloc/reserved=280.8/1900.0
2026-04-11 17:49:35 | INFO | [Round 11] epoch=23/80 loss=1.5292 acc=58.88 val_acc=nan data_t=0.0020s batch_t=0.0612s epoch_t=00:00.82 lr=0.000811 | GPU MB alloc/reserved=280.8/1900.0
2026-04-11 17:49:35 | INFO | [Round 11] Epoch 23/80 time=00:00.82 avg=00:01.17 ETA=01:06.83 | GPU MB alloc/reserved=280.8/1900.0
2026-04-11 17:49:36 | INFO | [Round 11] epoch=24/80 loss=1.3964 acc=61.00 val_acc=nan data_t=0.0028s batch_t=0.0879s epoch_t=00:01.18 lr=0.000796 | GPU MB alloc/reserved=280.8/1900.0
2026-04-11 17:49:36 | INFO | [Round 11] Epoch 24/80 time=00:01.18 avg=00:01.17 ETA=01:05.68 | GPU MB alloc/reserved=280.8/1900.0
2026-04-11 17:49:38 | INFO | [Round 11] epoch=25/80 loss=1.1957 acc=67.75 val_acc=nan data_t=0.0022s batch_t=0.0863s epoch_t=00:01.15 lr=0.000780 | GPU MB alloc/reserved=280.8/1900.0
2026-04-11 17:49:38 | INFO | [Round 11] Epoch 25/80 time=00:01.15 avg=00:01.17 ETA=01:04.46 | GPU MB alloc/reserved=280.8/1900.0
2026-04-11 17:49:39 | INFO | [Round 11] epoch=26/80 loss=1.0949 acc=69.81 val_acc=nan data_t=0.0036s batch_t=0.0876s epoch_t=00:01.19 lr=0.000764 | GPU MB alloc/reserved=280.8/1900.0
2026-04-11 17:49:39 | INFO | [Round 11] Epoch 26/80 time=00:01.19 avg=00:01.17 ETA=01:03.32 | GPU MB alloc/reserved=280.8/1900.0
2026-04-11 17:49:40 | INFO | [Round 11] epoch=27/80 loss=1.0288 acc=73.00 val_acc=nan data_t=0.0025s batch_t=0.0888s epoch_t=00:01.19 lr=0.000747 | GPU MB alloc/reserved=280.8/1900.0
2026-04-11 17:49:40 | INFO | [Round 11] Epoch 27/80 time=00:01.19 avg=00:01.17 ETA=01:02.17 | GPU MB alloc/reserved=280.8/1900.0
2026-04-11 17:49:41 | INFO | [Round 11] epoch=28/80 loss=0.8991 acc=76.38 val_acc=nan data_t=0.0022s batch_t=0.0887s epoch_t=00:01.18 lr=0.000730 | GPU MB alloc/reserved=280.8/1900.0
2026-04-11 17:49:41 | INFO | [Round 11] Epoch 28/80 time=00:01.18 avg=00:01.17 ETA=01:01.01 | GPU MB alloc/reserved=280.8/1900.0
2026-04-11 17:49:42 | INFO | [Round 11] epoch=29/80 loss=0.7862 acc=80.62 val_acc=nan data_t=0.0035s batch_t=0.0888s epoch_t=00:01.20 lr=0.000712 | GPU MB alloc/reserved=280.8/1900.0
2026-04-11 17:49:42 | INFO | [Round 11] Epoch 29/80 time=00:01.20 avg=00:01.17 ETA=00:59.89 | GPU MB alloc/reserved=280.8/1900.0
2026-04-11 17:49:44 | INFO | [Round 11] epoch=30/80 loss=0.6634 acc=84.88 val_acc=nan data_t=0.0043s batch_t=0.0900s epoch_t=00:01.23 lr=0.000694 | GPU MB alloc/reserved=280.8/1900.0
2026-04-11 17:49:44 | INFO | [Round 11] Epoch 30/80 time=00:01.23 avg=00:01.18 ETA=00:58.80 | GPU MB alloc/reserved=280.8/1900.0
2026-04-11 17:49:45 | INFO | [Round 11] epoch=31/80 loss=0.6740 acc=83.38 val_acc=nan data_t=0.0037s batch_t=0.0882s epoch_t=00:01.20 lr=0.000676 | GPU MB alloc/reserved=280.8/1900.0
2026-04-11 17:49:45 | INFO | [Round 11] Epoch 31/80 time=00:01.20 avg=00:01.18 ETA=00:57.66 | GPU MB alloc/reserved=280.8/1900.0
2026-04-11 17:49:46 | INFO | [Round 11] epoch=32/80 loss=0.5768 acc=87.25 val_acc=nan data_t=0.0023s batch_t=0.0869s epoch_t=00:01.16 lr=0.000658 | GPU MB alloc/reserved=280.8/1900.0
2026-04-11 17:49:46 | INFO | [Round 11] Epoch 32/80 time=00:01.16 avg=00:01.18 ETA=00:56.46 | GPU MB alloc/reserved=280.8/1900.0
2026-04-11 17:49:47 | INFO | [Round 11] epoch=33/80 loss=0.4985 acc=88.81 val_acc=nan data_t=0.0020s batch_t=0.0892s epoch_t=00:01.19 lr=0.000639 | GPU MB alloc/reserved=280.8/1900.0
2026-04-11 17:49:47 | INFO | [Round 11] Epoch 33/80 time=00:01.19 avg=00:01.18 ETA=00:55.29 | GPU MB alloc/reserved=280.8/1900.0
2026-04-11 17:49:48 | INFO | [Round 11] epoch=34/80 loss=0.4204 acc=91.25 val_acc=nan data_t=0.0034s batch_t=0.0887s epoch_t=00:01.20 lr=0.000621 | GPU MB alloc/reserved=280.8/1900.0
2026-04-11 17:49:48 | INFO | [Round 11] Epoch 34/80 time=00:01.20 avg=00:01.18 ETA=00:54.14 | GPU MB alloc/reserved=280.8/1900.0
2026-04-11 17:49:49 | INFO | [Round 11] epoch=35/80 loss=0.3652 acc=92.81 val_acc=nan data_t=0.0020s batch_t=0.0888s epoch_t=00:01.18 lr=0.000602 | GPU MB alloc/reserved=280.8/1900.0
2026-04-11 17:49:49 | INFO | [Round 11] Epoch 35/80 time=00:01.18 avg=00:01.18 ETA=00:52.97 | GPU MB alloc/reserved=280.8/1900.0
2026-04-11 17:49:51 | INFO | [Round 11] epoch=36/80 loss=0.3161 acc=94.69 val_acc=nan data_t=0.0028s batch_t=0.0888s epoch_t=00:01.19 lr=0.000582 | GPU MB alloc/reserved=280.8/1900.0
2026-04-11 17:49:51 | INFO | [Round 11] Epoch 36/80 time=00:01.19 avg=00:01.18 ETA=00:51.81 | GPU MB alloc/reserved=280.8/1900.0
2026-04-11 17:49:52 | INFO | [Round 11] epoch=37/80 loss=0.2723 acc=94.94 val_acc=nan data_t=0.0033s batch_t=0.0882s epoch_t=00:01.19 lr=0.000563 | GPU MB alloc/reserved=280.8/1900.0
2026-04-11 17:49:52 | INFO | [Round 11] Epoch 37/80 time=00:01.19 avg=00:01.18 ETA=00:50.65 | GPU MB alloc/reserved=280.8/1900.0
2026-04-11 17:49:53 | INFO | [Round 11] epoch=38/80 loss=0.2287 acc=96.69 val_acc=nan data_t=0.0032s batch_t=0.0877s epoch_t=00:01.18 lr=0.000544 | GPU MB alloc/reserved=280.8/1900.0
2026-04-11 17:49:53 | INFO | [Round 11] Epoch 38/80 time=00:01.18 avg=00:01.18 ETA=00:49.47 | GPU MB alloc/reserved=280.8/1900.0
2026-04-11 17:49:54 | INFO | [Round 11] epoch=39/80 loss=0.2035 acc=97.00 val_acc=nan data_t=0.0021s batch_t=0.0866s epoch_t=00:01.15 lr=0.000524 | GPU MB alloc/reserved=280.8/1900.0
2026-04-11 17:49:54 | INFO | [Round 11] Epoch 39/80 time=00:01.15 avg=00:01.18 ETA=00:48.27 | GPU MB alloc/reserved=280.8/1900.0
2026-04-11 17:49:55 | INFO | [Round 11] epoch=40/80 loss=0.1690 acc=97.88 val_acc=nan data_t=0.0043s batch_t=0.0731s epoch_t=00:01.01 lr=0.000505 | GPU MB alloc/reserved=280.8/1900.0
2026-04-11 17:49:55 | INFO | [Round 11] Epoch 40/80 time=00:01.01 avg=00:01.17 ETA=00:46.92 | GPU MB alloc/reserved=280.8/1900.0
2026-04-11 17:49:57 | INFO | [Round 11] epoch=41/80 loss=0.1559 acc=97.94 val_acc=nan data_t=0.0032s batch_t=0.0938s epoch_t=00:01.26 lr=0.000486 | GPU MB alloc/reserved=280.8/1900.0
2026-04-11 17:49:57 | INFO | [Round 11] Epoch 41/80 time=00:01.26 avg=00:01.18 ETA=00:45.83 | GPU MB alloc/reserved=280.8/1900.0
2026-04-11 17:49:58 | INFO | [Round 11] epoch=42/80 loss=0.1261 acc=98.56 val_acc=nan data_t=0.0036s batch_t=0.0946s epoch_t=00:01.28 lr=0.000466 | GPU MB alloc/reserved=280.8/1900.0
2026-04-11 17:49:58 | INFO | [Round 11] Epoch 42/80 time=00:01.28 avg=00:01.18 ETA=00:44.75 | GPU MB alloc/reserved=280.8/1900.0
2026-04-11 17:49:59 | INFO | [Round 11] epoch=43/80 loss=0.1136 acc=98.56 val_acc=nan data_t=0.0022s batch_t=0.0980s epoch_t=00:01.30 lr=0.000447 | GPU MB alloc/reserved=280.8/1900.0
2026-04-11 17:49:59 | INFO | [Round 11] Epoch 43/80 time=00:01.30 avg=00:01.18 ETA=00:43.68 | GPU MB alloc/reserved=280.8/1900.0
2026-04-11 17:50:00 | INFO | [Round 11] epoch=44/80 loss=0.0992 acc=99.25 val_acc=nan data_t=0.0032s batch_t=0.0978s epoch_t=00:01.31 lr=0.000428 | GPU MB alloc/reserved=280.8/1900.0
2026-04-11 17:50:00 | INFO | [Round 11] Epoch 44/80 time=00:01.31 avg=00:01.18 ETA=00:42.61 | GPU MB alloc/reserved=280.8/1900.0
2026-04-11 17:50:02 | INFO | [Round 11] epoch=45/80 loss=0.0893 acc=99.25 val_acc=nan data_t=0.0025s batch_t=0.0980s epoch_t=00:01.31 lr=0.000408 | GPU MB alloc/reserved=280.8/1900.0
2026-04-11 17:50:02 | INFO | [Round 11] Epoch 45/80 time=00:01.31 avg=00:01.19 ETA=00:41.52 | GPU MB alloc/reserved=280.8/1900.0
2026-04-11 17:50:03 | INFO | [Round 11] epoch=46/80 loss=0.0773 acc=99.12 val_acc=nan data_t=0.0030s batch_t=0.0977s epoch_t=00:01.31 lr=0.000389 | GPU MB alloc/reserved=280.8/1900.0
2026-04-11 17:50:03 | INFO | [Round 11] Epoch 46/80 time=00:01.31 avg=00:01.19 ETA=00:40.42 | GPU MB alloc/reserved=280.8/1900.0
2026-04-11 17:50:04 | INFO | [Round 11] epoch=47/80 loss=0.0808 acc=99.06 val_acc=nan data_t=0.0031s batch_t=0.0775s epoch_t=00:01.05 lr=0.000371 | GPU MB alloc/reserved=280.8/1900.0
2026-04-11 17:50:04 | INFO | [Round 11] Epoch 47/80 time=00:01.05 avg=00:01.19 ETA=00:39.13 | GPU MB alloc/reserved=280.8/1900.0
2026-04-11 17:50:05 | INFO | [Round 11] epoch=48/80 loss=0.0712 acc=99.44 val_acc=nan data_t=0.0030s batch_t=0.0580s epoch_t=00:00.79 lr=0.000352 | GPU MB alloc/reserved=280.8/1900.0
2026-04-11 17:50:05 | INFO | [Round 11] Epoch 48/80 time=00:00.79 avg=00:01.18 ETA=00:37.69 | GPU MB alloc/reserved=280.8/1900.0
2026-04-11 17:50:06 | INFO | [Round 11] epoch=49/80 loss=0.0569 acc=99.69 val_acc=nan data_t=0.0025s batch_t=0.0770s epoch_t=00:01.03 lr=0.000334 | GPU MB alloc/reserved=280.8/1900.0
2026-04-11 17:50:06 | INFO | [Round 11] Epoch 49/80 time=00:01.03 avg=00:01.17 ETA=00:36.42 | GPU MB alloc/reserved=280.8/1900.0
2026-04-11 17:50:07 | INFO | [Round 11] epoch=50/80 loss=0.0531 acc=99.69 val_acc=nan data_t=0.0037s batch_t=0.0596s epoch_t=00:00.82 lr=0.000316 | GPU MB alloc/reserved=280.8/1900.0
2026-04-11 17:50:07 | INFO | [Round 11] Epoch 50/80 time=00:00.82 avg=00:01.17 ETA=00:35.03 | GPU MB alloc/reserved=280.8/1900.0
2026-04-11 17:50:08 | INFO | [Round 11] epoch=51/80 loss=0.0470 acc=99.81 val_acc=nan data_t=0.0021s batch_t=0.0741s epoch_t=00:00.99 lr=0.000298 | GPU MB alloc/reserved=280.8/1900.0
2026-04-11 17:50:08 | INFO | [Round 11] Epoch 51/80 time=00:00.99 avg=00:01.16 ETA=00:33.76 | GPU MB alloc/reserved=280.8/1900.0
2026-04-11 17:50:09 | INFO | [Round 11] epoch=52/80 loss=0.0413 acc=99.88 val_acc=nan data_t=0.0029s batch_t=0.0865s epoch_t=00:01.16 lr=0.000280 | GPU MB alloc/reserved=280.8/1900.0
2026-04-11 17:50:09 | INFO | [Round 11] Epoch 52/80 time=00:01.16 avg=00:01.16 ETA=00:32.60 | GPU MB alloc/reserved=280.8/1900.0
2026-04-11 17:50:10 | INFO | [Round 11] epoch=53/80 loss=0.0363 acc=100.00 val_acc=nan data_t=0.0024s batch_t=0.0864s epoch_t=00:01.16 lr=0.000263 | GPU MB alloc/reserved=280.8/1900.0
2026-04-11 17:50:10 | INFO | [Round 11] Epoch 53/80 time=00:01.16 avg=00:01.16 ETA=00:31.43 | GPU MB alloc/reserved=280.8/1900.0
2026-04-11 17:50:11 | INFO | [Round 11] epoch=54/80 loss=0.0326 acc=99.94 val_acc=nan data_t=0.0021s batch_t=0.0877s epoch_t=00:01.17 lr=0.000246 | GPU MB alloc/reserved=280.8/1900.0
2026-04-11 17:50:11 | INFO | [Round 11] Epoch 54/80 time=00:01.17 avg=00:01.16 ETA=00:30.27 | GPU MB alloc/reserved=280.8/1900.0
2026-04-11 17:50:12 | INFO | [Round 11] epoch=55/80 loss=0.0323 acc=99.94 val_acc=nan data_t=0.0032s batch_t=0.0875s epoch_t=00:01.18 lr=0.000230 | GPU MB alloc/reserved=280.8/1900.0
2026-04-11 17:50:12 | INFO | [Round 11] Epoch 55/80 time=00:01.18 avg=00:01.16 ETA=00:29.11 | GPU MB alloc/reserved=280.8/1900.0
2026-04-11 17:50:14 | INFO | [Round 11] epoch=56/80 loss=0.0302 acc=99.88 val_acc=nan data_t=0.0027s batch_t=0.0912s epoch_t=00:01.22 lr=0.000214 | GPU MB alloc/reserved=280.8/1900.0
2026-04-11 17:50:14 | INFO | [Round 11] Epoch 56/80 time=00:01.22 avg=00:01.17 ETA=00:27.97 | GPU MB alloc/reserved=280.8/1900.0
2026-04-11 17:50:15 | INFO | [Round 11] epoch=57/80 loss=0.0314 acc=100.00 val_acc=nan data_t=0.0021s batch_t=0.0898s epoch_t=00:01.19 lr=0.000199 | GPU MB alloc/reserved=280.8/1900.0
2026-04-11 17:50:15 | INFO | [Round 11] Epoch 57/80 time=00:01.19 avg=00:01.17 ETA=00:26.82 | GPU MB alloc/reserved=280.8/1900.0
2026-04-11 17:50:16 | INFO | [Round 11] epoch=58/80 loss=0.0334 acc=99.88 val_acc=nan data_t=0.0021s batch_t=0.0880s epoch_t=00:01.17 lr=0.000184 | GPU MB alloc/reserved=280.8/1900.0
2026-04-11 17:50:16 | INFO | [Round 11] Epoch 58/80 time=00:01.17 avg=00:01.17 ETA=00:25.65 | GPU MB alloc/reserved=280.8/1900.0
2026-04-11 17:50:17 | INFO | [Round 11] epoch=59/80 loss=0.0272 acc=99.94 val_acc=nan data_t=0.0023s batch_t=0.0882s epoch_t=00:01.18 lr=0.000169 | GPU MB alloc/reserved=280.8/1900.0
2026-04-11 17:50:17 | INFO | [Round 11] Epoch 59/80 time=00:01.18 avg=00:01.17 ETA=00:24.49 | GPU MB alloc/reserved=280.8/1900.0
2026-04-11 17:50:18 | INFO | [Round 11] epoch=60/80 loss=0.0266 acc=99.94 val_acc=nan data_t=0.0026s batch_t=0.0839s epoch_t=00:01.12 lr=0.000155 | GPU MB alloc/reserved=280.8/1900.0
2026-04-11 17:50:18 | INFO | [Round 11] Epoch 60/80 time=00:01.12 avg=00:01.17 ETA=00:23.31 | GPU MB alloc/reserved=280.8/1900.0
2026-04-11 17:50:19 | INFO | [Round 11] epoch=61/80 loss=0.0280 acc=99.81 val_acc=nan data_t=0.0026s batch_t=0.0882s epoch_t=00:01.18 lr=0.000142 | GPU MB alloc/reserved=280.8/1900.0
2026-04-11 17:50:19 | INFO | [Round 11] Epoch 61/80 time=00:01.18 avg=00:01.17 ETA=00:22.15 | GPU MB alloc/reserved=280.8/1900.0
2026-04-11 17:50:21 | INFO | [Round 11] epoch=62/80 loss=0.0236 acc=99.94 val_acc=nan data_t=0.0021s batch_t=0.0884s epoch_t=00:01.18 lr=0.000129 | GPU MB alloc/reserved=280.8/1900.0
2026-04-11 17:50:21 | INFO | [Round 11] Epoch 62/80 time=00:01.18 avg=00:01.17 ETA=00:20.99 | GPU MB alloc/reserved=280.8/1900.0
2026-04-11 17:50:22 | INFO | [Round 11] epoch=63/80 loss=0.0246 acc=99.94 val_acc=nan data_t=0.0028s batch_t=0.0900s epoch_t=00:01.21 lr=0.000116 | GPU MB alloc/reserved=280.8/1900.0
2026-04-11 17:50:22 | INFO | [Round 11] Epoch 63/80 time=00:01.21 avg=00:01.17 ETA=00:19.83 | GPU MB alloc/reserved=280.8/1900.0
2026-04-11 17:50:23 | INFO | [Round 11] epoch=64/80 loss=0.0244 acc=100.00 val_acc=nan data_t=0.0035s batch_t=0.0884s epoch_t=00:01.19 lr=0.000105 | GPU MB alloc/reserved=280.8/1900.0
2026-04-11 17:50:23 | INFO | [Round 11] Epoch 64/80 time=00:01.19 avg=00:01.17 ETA=00:18.67 | GPU MB alloc/reserved=280.8/1900.0
2026-04-11 17:50:24 | INFO | [Round 11] epoch=65/80 loss=0.0246 acc=100.00 val_acc=nan data_t=0.0033s batch_t=0.0883s epoch_t=00:01.19 lr=0.000093 | GPU MB alloc/reserved=280.8/1900.0
2026-04-11 17:50:24 | INFO | [Round 11] Epoch 65/80 time=00:01.19 avg=00:01.17 ETA=00:17.51 | GPU MB alloc/reserved=280.8/1900.0
2026-04-11 17:50:25 | INFO | [Round 11] epoch=66/80 loss=0.0254 acc=100.00 val_acc=nan data_t=0.0028s batch_t=0.0873s epoch_t=00:01.17 lr=0.000083 | GPU MB alloc/reserved=280.8/1900.0
2026-04-11 17:50:25 | INFO | [Round 11] Epoch 66/80 time=00:01.17 avg=00:01.17 ETA=00:16.34 | GPU MB alloc/reserved=280.8/1900.0
2026-04-11 17:50:27 | INFO | [Round 11] epoch=67/80 loss=0.0219 acc=100.00 val_acc=nan data_t=0.0020s batch_t=0.0882s epoch_t=00:01.17 lr=0.000073 | GPU MB alloc/reserved=280.8/1900.0
2026-04-11 17:50:27 | INFO | [Round 11] Epoch 67/80 time=00:01.17 avg=00:01.17 ETA=00:15.18 | GPU MB alloc/reserved=280.8/1900.0
2026-04-11 17:50:28 | INFO | [Round 11] epoch=68/80 loss=0.0207 acc=100.00 val_acc=nan data_t=0.0032s batch_t=0.0889s epoch_t=00:01.20 lr=0.000064 | GPU MB alloc/reserved=280.8/1900.0
2026-04-11 17:50:28 | INFO | [Round 11] Epoch 68/80 time=00:01.20 avg=00:01.17 ETA=00:14.02 | GPU MB alloc/reserved=280.8/1900.0
2026-04-11 17:50:29 | INFO | [Round 11] epoch=69/80 loss=0.0207 acc=100.00 val_acc=nan data_t=0.0025s batch_t=0.0902s epoch_t=00:01.21 lr=0.000055 | GPU MB alloc/reserved=280.8/1900.0
2026-04-11 17:50:29 | INFO | [Round 11] Epoch 69/80 time=00:01.21 avg=00:01.17 ETA=00:12.85 | GPU MB alloc/reserved=280.8/1900.0
2026-04-11 17:50:30 | INFO | [Round 11] epoch=70/80 loss=0.0189 acc=100.00 val_acc=nan data_t=0.0020s batch_t=0.0895s epoch_t=00:01.19 lr=0.000048 | GPU MB alloc/reserved=280.8/1900.0
2026-04-11 17:50:30 | INFO | [Round 11] Epoch 70/80 time=00:01.19 avg=00:01.17 ETA=00:11.69 | GPU MB alloc/reserved=280.8/1900.0
2026-04-11 17:50:31 | INFO | [Round 11] epoch=71/80 loss=0.0209 acc=100.00 val_acc=nan data_t=0.0024s batch_t=0.0887s epoch_t=00:01.18 lr=0.000041 | GPU MB alloc/reserved=280.8/1900.0
2026-04-11 17:50:31 | INFO | [Round 11] Epoch 71/80 time=00:01.18 avg=00:01.17 ETA=00:10.52 | GPU MB alloc/reserved=280.8/1900.0
2026-04-11 17:50:33 | INFO | [Round 11] epoch=72/80 loss=0.0224 acc=100.00 val_acc=nan data_t=0.0032s batch_t=0.0891s epoch_t=00:01.20 lr=0.000034 | GPU MB alloc/reserved=280.8/1900.0
2026-04-11 17:50:33 | INFO | [Round 11] Epoch 72/80 time=00:01.20 avg=00:01.17 ETA=00:09.36 | GPU MB alloc/reserved=280.8/1900.0
2026-04-11 17:50:34 | INFO | [Round 11] epoch=73/80 loss=0.0202 acc=100.00 val_acc=nan data_t=0.0030s batch_t=0.0875s epoch_t=00:01.18 lr=0.000029 | GPU MB alloc/reserved=280.8/1900.0
2026-04-11 17:50:34 | INFO | [Round 11] Epoch 73/80 time=00:01.18 avg=00:01.17 ETA=00:08.19 | GPU MB alloc/reserved=280.8/1900.0
2026-04-11 17:50:35 | INFO | [Round 11] epoch=74/80 loss=0.0205 acc=100.00 val_acc=nan data_t=0.0027s batch_t=0.0874s epoch_t=00:01.17 lr=0.000024 | GPU MB alloc/reserved=280.8/1900.0
2026-04-11 17:50:35 | INFO | [Round 11] Epoch 74/80 time=00:01.17 avg=00:01.17 ETA=00:07.02 | GPU MB alloc/reserved=280.8/1900.0
2026-04-11 17:50:36 | INFO | [Round 11] epoch=75/80 loss=0.0205 acc=100.00 val_acc=nan data_t=0.0024s batch_t=0.0843s epoch_t=00:01.13 lr=0.000020 | GPU MB alloc/reserved=280.8/1900.0
2026-04-11 17:50:36 | INFO | [Round 11] Epoch 75/80 time=00:01.13 avg=00:01.17 ETA=00:05.85 | GPU MB alloc/reserved=280.8/1900.0
2026-04-11 17:50:37 | INFO | [Round 11] epoch=76/80 loss=0.0206 acc=100.00 val_acc=nan data_t=0.0031s batch_t=0.0860s epoch_t=00:01.16 lr=0.000016 | GPU MB alloc/reserved=280.8/1900.0
2026-04-11 17:50:37 | INFO | [Round 11] Epoch 76/80 time=00:01.16 avg=00:01.17 ETA=00:04.68 | GPU MB alloc/reserved=280.8/1900.0
2026-04-11 17:50:38 | INFO | [Round 11] epoch=77/80 loss=0.0189 acc=100.00 val_acc=nan data_t=0.0031s batch_t=0.0878s epoch_t=00:01.18 lr=0.000013 | GPU MB alloc/reserved=280.8/1900.0
2026-04-11 17:50:38 | INFO | [Round 11] Epoch 77/80 time=00:01.18 avg=00:01.17 ETA=00:03.51 | GPU MB alloc/reserved=280.8/1900.0
2026-04-11 17:50:40 | INFO | [Round 11] epoch=78/80 loss=0.0219 acc=100.00 val_acc=nan data_t=0.0026s batch_t=0.0891s epoch_t=00:01.19 lr=0.000012 | GPU MB alloc/reserved=280.8/1900.0
2026-04-11 17:50:40 | INFO | [Round 11] Epoch 78/80 time=00:01.19 avg=00:01.17 ETA=00:02.34 | GPU MB alloc/reserved=280.8/1900.0
2026-04-11 17:50:41 | INFO | [Round 11] epoch=79/80 loss=0.0203 acc=100.00 val_acc=nan data_t=0.0031s batch_t=0.0880s epoch_t=00:01.18 lr=0.000010 | GPU MB alloc/reserved=280.8/1900.0
2026-04-11 17:50:41 | INFO | [Round 11] Epoch 79/80 time=00:01.18 avg=00:01.17 ETA=00:01.17 | GPU MB alloc/reserved=280.8/1900.0
2026-04-11 17:50:42 | INFO | [Round 11] epoch=80/80 loss=0.0189 acc=100.00 val_acc=nan data_t=0.0021s batch_t=0.0898s epoch_t=00:01.20 lr=0.000010 | GPU MB alloc/reserved=280.8/1900.0
2026-04-11 17:50:42 | INFO | [Round 11] Epoch 80/80 time=00:01.20 avg=00:01.17 ETA=00:00.00 | GPU MB alloc/reserved=280.8/1900.0
2026-04-11 17:50:42 | INFO | [Round 11] training complete in 01:33.91 (best monitor=100.000) | GPU MB alloc/reserved=280.8/1900.0
2026-04-11 17:50:42 | INFO | [Round 11] evaluation started | GPU MB alloc/reserved=193.6/1900.0
2026-04-11 17:50:51 | INFO | [Round 11] clean=17.49 fgsm=13.17 pgd=13.06 grad_disp_mean=nan grad_disp_sel=nan round_t=105.32s | GPU MB alloc/reserved=193.6/1900.0
2026-04-11 17:50:51 | INFO | [Round 12/21] elapsed=01:45.32 avg_round=01:13.19 projected_remaining=10:58.69 | GPU MB alloc/reserved=193.6/1900.0
2026-04-11 17:50:52 | INFO | [Round 12] acquisition on pool_size=48400 scored_pool=5000 budget=100 | GPU MB alloc/reserved=104.5/1900.0
2026-04-11 17:50:52 | INFO | [CoreSet-unlabeled-feat] scoring progress 10/20 elapsed=00:00.23 avg/batch=0.023s ETA=00:00.23 | GPU MB alloc/reserved=112.6/1900.0
2026-04-11 17:50:52 | INFO | [CoreSet-unlabeled-feat] scoring progress 20/20 elapsed=00:00.39 avg/batch=0.019s ETA=00:00.00 | GPU MB alloc/reserved=116.6/1900.0
2026-04-11 17:50:53 | INFO | [CoreSet-labeled-feat] scoring progress 7/7 elapsed=00:00.24 avg/batch=0.034s ETA=00:00.00 | GPU MB alloc/reserved=118.2/1900.0
2026-04-11 17:50:53 | INFO | [CoreSet] greedy 10/100 cover_radius=27.801340 | GPU: n/a
2026-04-11 17:50:53 | INFO | [CoreSet] greedy 20/100 cover_radius=27.312407 | GPU: n/a
2026-04-11 17:50:53 | INFO | [CoreSet] greedy 30/100 cover_radius=27.056257 | GPU: n/a
2026-04-11 17:50:53 | INFO | [CoreSet] greedy 40/100 cover_radius=26.852633 | GPU: n/a
2026-04-11 17:50:53 | INFO | [CoreSet] greedy 50/100 cover_radius=26.708033 | GPU: n/a
2026-04-11 17:50:53 | INFO | [CoreSet] greedy 60/100 cover_radius=26.511044 | GPU: n/a
2026-04-11 17:50:53 | INFO | [CoreSet] greedy 70/100 cover_radius=26.387390 | GPU: n/a
2026-04-11 17:50:53 | INFO | [CoreSet] greedy 80/100 cover_radius=26.182072 | GPU: n/a
2026-04-11 17:50:53 | INFO | [CoreSet] greedy 90/100 cover_radius=26.135157 | GPU: n/a
2026-04-11 17:50:53 | INFO | [CoreSet] greedy 100/100 cover_radius=26.064455 | GPU: n/a
2026-04-11 17:50:54 | INFO | [Round 12] labeled=1700 train=1700 val_fixed=0 | GPU MB alloc/reserved=149.8/1900.0
2026-04-11 17:50:56 | INFO | [Round 12] epoch=1/80 loss=4.7283 acc=1.71 val_acc=nan data_t=0.0133s batch_t=0.0961s epoch_t=00:01.53 lr=0.001000 | GPU MB alloc/reserved=278.8/1900.0
2026-04-11 17:50:56 | INFO | [Round 12] Epoch 1/80 time=00:01.53 avg=00:01.53 ETA=02:01.05 | GPU MB alloc/reserved=278.8/1900.0
2026-04-11 17:50:57 | INFO | [Round 12] epoch=2/80 loss=4.3738 acc=4.47 val_acc=nan data_t=0.0033s batch_t=0.0883s epoch_t=00:01.28 lr=0.000998 | GPU MB alloc/reserved=278.8/1900.0
2026-04-11 17:50:57 | INFO | [Round 12] Epoch 2/80 time=00:01.28 avg=00:01.41 ETA=01:49.77 | GPU MB alloc/reserved=278.8/1900.0
2026-04-11 17:50:58 | INFO | [Round 12] epoch=3/80 loss=4.2045 acc=5.47 val_acc=nan data_t=0.0021s batch_t=0.0888s epoch_t=00:01.27 lr=0.000997 | GPU MB alloc/reserved=278.8/1900.0
2026-04-11 17:50:58 | INFO | [Round 12] Epoch 3/80 time=00:01.27 avg=00:01.36 ETA=01:44.94 | GPU MB alloc/reserved=278.8/1900.0
2026-04-11 17:50:59 | INFO | [Round 12] epoch=4/80 loss=4.0487 acc=6.59 val_acc=nan data_t=0.0033s batch_t=0.0898s epoch_t=00:01.30 lr=0.000994 | GPU MB alloc/reserved=278.8/1900.0
2026-04-11 17:50:59 | INFO | [Round 12] Epoch 4/80 time=00:01.30 avg=00:01.35 ETA=01:42.45 | GPU MB alloc/reserved=278.8/1900.0
2026-04-11 17:51:01 | INFO | [Round 12] epoch=5/80 loss=3.9235 acc=8.18 val_acc=nan data_t=0.0029s batch_t=0.0893s epoch_t=00:01.29 lr=0.000990 | GPU MB alloc/reserved=278.8/1900.0
2026-04-11 17:51:01 | INFO | [Round 12] Epoch 5/80 time=00:01.29 avg=00:01.34 ETA=01:40.23 | GPU MB alloc/reserved=278.8/1900.0
2026-04-11 17:51:02 | INFO | [Round 12] epoch=6/80 loss=3.7726 acc=10.82 val_acc=nan data_t=0.0028s batch_t=0.0885s epoch_t=00:01.28 lr=0.000986 | GPU MB alloc/reserved=278.8/1900.0
2026-04-11 17:51:02 | INFO | [Round 12] Epoch 6/80 time=00:01.28 avg=00:01.33 ETA=01:38.19 | GPU MB alloc/reserved=278.8/1900.0
2026-04-11 17:51:03 | INFO | [Round 12] epoch=7/80 loss=3.6118 acc=14.35 val_acc=nan data_t=0.0018s batch_t=0.0880s epoch_t=00:01.26 lr=0.000981 | GPU MB alloc/reserved=278.8/1900.0
2026-04-11 17:51:03 | INFO | [Round 12] Epoch 7/80 time=00:01.26 avg=00:01.32 ETA=01:36.15 | GPU MB alloc/reserved=278.8/1900.0
2026-04-11 17:51:05 | INFO | [Round 12] epoch=8/80 loss=3.4836 acc=15.88 val_acc=nan data_t=0.0019s batch_t=0.0906s epoch_t=00:01.29 lr=0.000976 | GPU MB alloc/reserved=278.8/1900.0
2026-04-11 17:51:05 | INFO | [Round 12] Epoch 8/80 time=00:01.29 avg=00:01.31 ETA=01:34.63 | GPU MB alloc/reserved=278.8/1900.0
2026-04-11 17:51:06 | INFO | [Round 12] epoch=9/80 loss=3.3644 acc=17.59 val_acc=nan data_t=0.0030s batch_t=0.0893s epoch_t=00:01.29 lr=0.000969 | GPU MB alloc/reserved=278.8/1900.0
2026-04-11 17:51:06 | INFO | [Round 12] Epoch 9/80 time=00:01.29 avg=00:01.31 ETA=01:33.14 | GPU MB alloc/reserved=278.8/1900.0
2026-04-11 17:51:07 | INFO | [Round 12] epoch=10/80 loss=3.2755 acc=18.76 val_acc=nan data_t=0.0025s batch_t=0.0891s epoch_t=00:01.28 lr=0.000962 | GPU MB alloc/reserved=278.8/1900.0
2026-04-11 17:51:07 | INFO | [Round 12] Epoch 10/80 time=00:01.28 avg=00:01.31 ETA=01:31.62 | GPU MB alloc/reserved=278.8/1900.0
2026-04-11 17:51:08 | INFO | [Round 12] epoch=11/80 loss=3.0981 acc=21.47 val_acc=nan data_t=0.0019s batch_t=0.0897s epoch_t=00:01.28 lr=0.000955 | GPU MB alloc/reserved=278.8/1900.0
2026-04-11 17:51:08 | INFO | [Round 12] Epoch 11/80 time=00:01.28 avg=00:01.31 ETA=01:30.15 | GPU MB alloc/reserved=278.8/1900.0
2026-04-11 17:51:10 | INFO | [Round 12] epoch=12/80 loss=2.9793 acc=24.06 val_acc=nan data_t=0.0023s batch_t=0.0806s epoch_t=00:01.16 lr=0.000946 | GPU MB alloc/reserved=278.8/1900.0
2026-04-11 17:51:10 | INFO | [Round 12] Epoch 12/80 time=00:01.16 avg=00:01.29 ETA=01:28.02 | GPU MB alloc/reserved=278.8/1900.0
2026-04-11 17:51:11 | INFO | [Round 12] epoch=13/80 loss=2.8387 acc=26.35 val_acc=nan data_t=0.0024s batch_t=0.0911s epoch_t=00:01.31 lr=0.000937 | GPU MB alloc/reserved=278.8/1900.0
2026-04-11 17:51:11 | INFO | [Round 12] Epoch 13/80 time=00:01.31 avg=00:01.30 ETA=01:26.80 | GPU MB alloc/reserved=278.8/1900.0
2026-04-11 17:51:12 | INFO | [Round 12] epoch=14/80 loss=2.6836 acc=29.65 val_acc=nan data_t=0.0022s batch_t=0.0976s epoch_t=00:01.40 lr=0.000927 | GPU MB alloc/reserved=278.8/1900.0
2026-04-11 17:51:12 | INFO | [Round 12] Epoch 14/80 time=00:01.40 avg=00:01.30 ETA=01:25.99 | GPU MB alloc/reserved=278.8/1900.0
2026-04-11 17:51:14 | INFO | [Round 12] epoch=15/80 loss=2.6026 acc=32.18 val_acc=nan data_t=0.0020s batch_t=0.0940s epoch_t=00:01.34 lr=0.000917 | GPU MB alloc/reserved=278.8/1900.0
2026-04-11 17:51:14 | INFO | [Round 12] Epoch 15/80 time=00:01.34 avg=00:01.31 ETA=01:24.87 | GPU MB alloc/reserved=278.8/1900.0
2026-04-11 17:51:15 | INFO | [Round 12] epoch=16/80 loss=2.4896 acc=31.76 val_acc=nan data_t=0.0034s batch_t=0.0972s epoch_t=00:01.41 lr=0.000905 | GPU MB alloc/reserved=278.8/1900.0
2026-04-11 17:51:15 | INFO | [Round 12] Epoch 16/80 time=00:01.41 avg=00:01.31 ETA=01:23.97 | GPU MB alloc/reserved=278.8/1900.0
2026-04-11 17:51:17 | INFO | [Round 12] epoch=17/80 loss=2.2837 acc=37.59 val_acc=nan data_t=0.0020s batch_t=0.0985s epoch_t=00:01.41 lr=0.000894 | GPU MB alloc/reserved=278.8/1900.0
2026-04-11 17:51:17 | INFO | [Round 12] Epoch 17/80 time=00:01.41 avg=00:01.32 ETA=01:23.01 | GPU MB alloc/reserved=278.8/1900.0
2026-04-11 17:51:18 | INFO | [Round 12] epoch=18/80 loss=2.1560 acc=40.29 val_acc=nan data_t=0.0023s batch_t=0.0974s epoch_t=00:01.40 lr=0.000881 | GPU MB alloc/reserved=278.8/1900.0
2026-04-11 17:51:18 | INFO | [Round 12] Epoch 18/80 time=00:01.40 avg=00:01.32 ETA=01:21.96 | GPU MB alloc/reserved=278.8/1900.0
2026-04-11 17:51:19 | INFO | [Round 12] epoch=19/80 loss=2.0163 acc=43.71 val_acc=nan data_t=0.0029s batch_t=0.0737s epoch_t=00:01.07 lr=0.000868 | GPU MB alloc/reserved=278.8/1900.0
2026-04-11 17:51:19 | INFO | [Round 12] Epoch 19/80 time=00:01.07 avg=00:01.31 ETA=01:19.85 | GPU MB alloc/reserved=278.8/1900.0
2026-04-11 17:51:20 | INFO | [Round 12] epoch=20/80 loss=1.8696 acc=48.47 val_acc=nan data_t=0.0025s batch_t=0.0704s epoch_t=00:01.02 lr=0.000855 | GPU MB alloc/reserved=278.8/1900.0
2026-04-11 17:51:20 | INFO | [Round 12] Epoch 20/80 time=00:01.02 avg=00:01.29 ETA=01:17.67 | GPU MB alloc/reserved=278.8/1900.0
2026-04-11 17:51:21 | INFO | [Round 12] epoch=21/80 loss=1.7457 acc=51.82 val_acc=nan data_t=0.0027s batch_t=0.0616s epoch_t=00:00.90 lr=0.000841 | GPU MB alloc/reserved=278.8/1900.0
2026-04-11 17:51:21 | INFO | [Round 12] Epoch 21/80 time=00:00.90 avg=00:01.28 ETA=01:15.27 | GPU MB alloc/reserved=278.8/1900.0
2026-04-11 17:51:22 | INFO | [Round 12] epoch=22/80 loss=1.6286 acc=55.12 val_acc=nan data_t=0.0024s batch_t=0.0605s epoch_t=00:00.88 lr=0.000826 | GPU MB alloc/reserved=278.8/1900.0
2026-04-11 17:51:22 | INFO | [Round 12] Epoch 22/80 time=00:00.88 avg=00:01.26 ETA=01:12.95 | GPU MB alloc/reserved=278.8/1900.0
2026-04-11 17:51:23 | INFO | [Round 12] epoch=23/80 loss=1.5612 acc=56.88 val_acc=nan data_t=0.0034s batch_t=0.0867s epoch_t=00:01.26 lr=0.000811 | GPU MB alloc/reserved=278.8/1900.0
2026-04-11 17:51:23 | INFO | [Round 12] Epoch 23/80 time=00:01.26 avg=00:01.26 ETA=01:11.71 | GPU MB alloc/reserved=278.8/1900.0
2026-04-11 17:51:24 | INFO | [Round 12] epoch=24/80 loss=1.3795 acc=62.00 val_acc=nan data_t=0.0023s batch_t=0.0862s epoch_t=00:01.24 lr=0.000796 | GPU MB alloc/reserved=278.8/1900.0
2026-04-11 17:51:24 | INFO | [Round 12] Epoch 24/80 time=00:01.24 avg=00:01.26 ETA=01:10.40 | GPU MB alloc/reserved=278.8/1900.0
2026-04-11 17:51:26 | INFO | [Round 12] epoch=25/80 loss=1.2863 acc=65.47 val_acc=nan data_t=0.0019s batch_t=0.0868s epoch_t=00:01.24 lr=0.000780 | GPU MB alloc/reserved=278.8/1900.0
2026-04-11 17:51:26 | INFO | [Round 12] Epoch 25/80 time=00:01.24 avg=00:01.26 ETA=01:09.11 | GPU MB alloc/reserved=278.8/1900.0
2026-04-11 17:51:27 | INFO | [Round 12] epoch=26/80 loss=1.1751 acc=67.35 val_acc=nan data_t=0.0032s batch_t=0.0875s epoch_t=00:01.27 lr=0.000764 | GPU MB alloc/reserved=278.8/1900.0
2026-04-11 17:51:27 | INFO | [Round 12] Epoch 26/80 time=00:01.27 avg=00:01.26 ETA=01:07.89 | GPU MB alloc/reserved=278.8/1900.0
2026-04-11 17:51:28 | INFO | [Round 12] epoch=27/80 loss=1.0725 acc=70.88 val_acc=nan data_t=0.0028s batch_t=0.0883s epoch_t=00:01.28 lr=0.000747 | GPU MB alloc/reserved=278.8/1900.0
2026-04-11 17:51:28 | INFO | [Round 12] Epoch 27/80 time=00:01.28 avg=00:01.26 ETA=01:06.67 | GPU MB alloc/reserved=278.8/1900.0
2026-04-11 17:51:29 | INFO | [Round 12] epoch=28/80 loss=0.9698 acc=74.00 val_acc=nan data_t=0.0028s batch_t=0.0885s epoch_t=00:01.28 lr=0.000730 | GPU MB alloc/reserved=278.8/1900.0
2026-04-11 17:51:29 | INFO | [Round 12] Epoch 28/80 time=00:01.28 avg=00:01.26 ETA=01:05.45 | GPU MB alloc/reserved=278.8/1900.0
2026-04-11 17:51:31 | INFO | [Round 12] epoch=29/80 loss=0.8718 acc=76.41 val_acc=nan data_t=0.0020s batch_t=0.0878s epoch_t=00:01.26 lr=0.000712 | GPU MB alloc/reserved=278.8/1900.0
2026-04-11 17:51:31 | INFO | [Round 12] Epoch 29/80 time=00:01.26 avg=00:01.26 ETA=01:04.18 | GPU MB alloc/reserved=278.8/1900.0
2026-04-11 17:51:32 | INFO | [Round 12] epoch=30/80 loss=0.8019 acc=79.53 val_acc=nan data_t=0.0033s batch_t=0.0873s epoch_t=00:01.27 lr=0.000694 | GPU MB alloc/reserved=278.8/1900.0
2026-04-11 17:51:32 | INFO | [Round 12] Epoch 30/80 time=00:01.27 avg=00:01.26 ETA=01:02.94 | GPU MB alloc/reserved=278.8/1900.0
2026-04-11 17:51:33 | INFO | [Round 12] epoch=31/80 loss=0.7189 acc=82.29 val_acc=nan data_t=0.0025s batch_t=0.0884s epoch_t=00:01.27 lr=0.000676 | GPU MB alloc/reserved=278.8/1900.0
2026-04-11 17:51:33 | INFO | [Round 12] Epoch 31/80 time=00:01.27 avg=00:01.26 ETA=01:01.71 | GPU MB alloc/reserved=278.8/1900.0
2026-04-11 17:51:34 | INFO | [Round 12] epoch=32/80 loss=0.6071 acc=86.12 val_acc=nan data_t=0.0018s batch_t=0.0866s epoch_t=00:01.24 lr=0.000658 | GPU MB alloc/reserved=278.8/1900.0
2026-04-11 17:51:34 | INFO | [Round 12] Epoch 32/80 time=00:01.24 avg=00:01.26 ETA=01:00.42 | GPU MB alloc/reserved=278.8/1900.0
2026-04-11 17:51:36 | INFO | [Round 12] epoch=33/80 loss=0.5283 acc=89.00 val_acc=nan data_t=0.0026s batch_t=0.0887s epoch_t=00:01.28 lr=0.000639 | GPU MB alloc/reserved=278.8/1900.0
2026-04-11 17:51:36 | INFO | [Round 12] Epoch 33/80 time=00:01.28 avg=00:01.26 ETA=00:59.19 | GPU MB alloc/reserved=278.8/1900.0
2026-04-11 17:51:37 | INFO | [Round 12] epoch=34/80 loss=0.5239 acc=87.12 val_acc=nan data_t=0.0026s batch_t=0.0877s epoch_t=00:01.26 lr=0.000621 | GPU MB alloc/reserved=278.8/1900.0
2026-04-11 17:51:37 | INFO | [Round 12] Epoch 34/80 time=00:01.26 avg=00:01.26 ETA=00:57.93 | GPU MB alloc/reserved=278.8/1900.0
2026-04-11 17:51:38 | INFO | [Round 12] epoch=35/80 loss=0.4697 acc=89.06 val_acc=nan data_t=0.0027s batch_t=0.0898s epoch_t=00:01.30 lr=0.000602 | GPU MB alloc/reserved=278.8/1900.0
2026-04-11 17:51:38 | INFO | [Round 12] Epoch 35/80 time=00:01.30 avg=00:01.26 ETA=00:56.72 | GPU MB alloc/reserved=278.8/1900.0
2026-04-11 17:51:40 | INFO | [Round 12] epoch=36/80 loss=0.4072 acc=90.88 val_acc=nan data_t=0.0025s batch_t=0.0884s epoch_t=00:01.27 lr=0.000582 | GPU MB alloc/reserved=278.8/1900.0
2026-04-11 17:51:40 | INFO | [Round 12] Epoch 36/80 time=00:01.27 avg=00:01.26 ETA=00:55.48 | GPU MB alloc/reserved=278.8/1900.0
2026-04-11 17:51:41 | INFO | [Round 12] epoch=37/80 loss=0.3675 acc=92.06 val_acc=nan data_t=0.0028s batch_t=0.0877s epoch_t=00:01.27 lr=0.000563 | GPU MB alloc/reserved=278.8/1900.0
2026-04-11 17:51:41 | INFO | [Round 12] Epoch 37/80 time=00:01.27 avg=00:01.26 ETA=00:54.22 | GPU MB alloc/reserved=278.8/1900.0
2026-04-11 17:51:42 | INFO | [Round 12] epoch=38/80 loss=0.3472 acc=93.18 val_acc=nan data_t=0.0025s batch_t=0.0883s epoch_t=00:01.27 lr=0.000544 | GPU MB alloc/reserved=278.8/1900.0
2026-04-11 17:51:42 | INFO | [Round 12] Epoch 38/80 time=00:01.27 avg=00:01.26 ETA=00:52.97 | GPU MB alloc/reserved=278.8/1900.0
2026-04-11 17:51:43 | INFO | [Round 12] epoch=39/80 loss=0.2848 acc=94.41 val_acc=nan data_t=0.0019s batch_t=0.0873s epoch_t=00:01.25 lr=0.000524 | GPU MB alloc/reserved=278.8/1900.0
2026-04-11 17:51:43 | INFO | [Round 12] Epoch 39/80 time=00:01.25 avg=00:01.26 ETA=00:51.70 | GPU MB alloc/reserved=278.8/1900.0
2026-04-11 17:51:45 | INFO | [Round 12] epoch=40/80 loss=0.2651 acc=95.24 val_acc=nan data_t=0.0021s batch_t=0.0880s epoch_t=00:01.26 lr=0.000505 | GPU MB alloc/reserved=278.8/1900.0
2026-04-11 17:51:45 | INFO | [Round 12] Epoch 40/80 time=00:01.26 avg=00:01.26 ETA=00:50.44 | GPU MB alloc/reserved=278.8/1900.0
2026-04-11 17:51:46 | INFO | [Round 12] epoch=41/80 loss=0.2115 acc=96.71 val_acc=nan data_t=0.0021s batch_t=0.0879s epoch_t=00:01.26 lr=0.000486 | GPU MB alloc/reserved=278.8/1900.0
2026-04-11 17:51:46 | INFO | [Round 12] Epoch 41/80 time=00:01.26 avg=00:01.26 ETA=00:49.18 | GPU MB alloc/reserved=278.8/1900.0
2026-04-11 17:51:47 | INFO | [Round 12] epoch=42/80 loss=0.1877 acc=97.29 val_acc=nan data_t=0.0023s batch_t=0.0893s epoch_t=00:01.28 lr=0.000466 | GPU MB alloc/reserved=278.8/1900.0
2026-04-11 17:51:47 | INFO | [Round 12] Epoch 42/80 time=00:01.28 avg=00:01.26 ETA=00:47.93 | GPU MB alloc/reserved=278.8/1900.0
2026-04-11 17:51:48 | INFO | [Round 12] epoch=43/80 loss=0.1558 acc=98.00 val_acc=nan data_t=0.0020s batch_t=0.0825s epoch_t=00:01.18 lr=0.000447 | GPU MB alloc/reserved=278.8/1900.0
2026-04-11 17:51:48 | INFO | [Round 12] Epoch 43/80 time=00:01.18 avg=00:01.26 ETA=00:46.61 | GPU MB alloc/reserved=278.8/1900.0
2026-04-11 17:51:50 | INFO | [Round 12] epoch=44/80 loss=0.1352 acc=98.12 val_acc=nan data_t=0.0031s batch_t=0.0870s epoch_t=00:01.26 lr=0.000428 | GPU MB alloc/reserved=278.8/1900.0
2026-04-11 17:51:50 | INFO | [Round 12] Epoch 44/80 time=00:01.26 avg=00:01.26 ETA=00:45.35 | GPU MB alloc/reserved=278.8/1900.0
2026-04-11 17:51:51 | INFO | [Round 12] epoch=45/80 loss=0.1092 acc=99.00 val_acc=nan data_t=0.0032s batch_t=0.0968s epoch_t=00:01.40 lr=0.000408 | GPU MB alloc/reserved=278.8/1900.0
2026-04-11 17:51:51 | INFO | [Round 12] Epoch 45/80 time=00:01.40 avg=00:01.26 ETA=00:44.20 | GPU MB alloc/reserved=278.8/1900.0
2026-04-11 17:51:52 | INFO | [Round 12] epoch=46/80 loss=0.0905 acc=99.18 val_acc=nan data_t=0.0028s batch_t=0.0936s epoch_t=00:01.35 lr=0.000389 | GPU MB alloc/reserved=278.8/1900.0
2026-04-11 17:51:52 | INFO | [Round 12] Epoch 46/80 time=00:01.35 avg=00:01.26 ETA=00:43.00 | GPU MB alloc/reserved=278.8/1900.0
2026-04-11 17:51:54 | INFO | [Round 12] epoch=47/80 loss=0.0808 acc=99.35 val_acc=nan data_t=0.0037s batch_t=0.0965s epoch_t=00:01.40 lr=0.000371 | GPU MB alloc/reserved=278.8/1900.0
2026-04-11 17:51:54 | INFO | [Round 12] Epoch 47/80 time=00:01.40 avg=00:01.27 ETA=00:41.83 | GPU MB alloc/reserved=278.8/1900.0
2026-04-11 17:51:55 | INFO | [Round 12] epoch=48/80 loss=0.0776 acc=99.53 val_acc=nan data_t=0.0029s batch_t=0.0971s epoch_t=00:01.40 lr=0.000352 | GPU MB alloc/reserved=278.8/1900.0
2026-04-11 17:51:55 | INFO | [Round 12] Epoch 48/80 time=00:01.40 avg=00:01.27 ETA=00:40.65 | GPU MB alloc/reserved=278.8/1900.0
2026-04-11 17:51:57 | INFO | [Round 12] epoch=49/80 loss=0.0685 acc=99.59 val_acc=nan data_t=0.0025s batch_t=0.0978s epoch_t=00:01.40 lr=0.000334 | GPU MB alloc/reserved=278.8/1900.0
2026-04-11 17:51:57 | INFO | [Round 12] Epoch 49/80 time=00:01.40 avg=00:01.27 ETA=00:39.47 | GPU MB alloc/reserved=278.8/1900.0
2026-04-11 17:51:58 | INFO | [Round 12] epoch=50/80 loss=0.0544 acc=99.88 val_acc=nan data_t=0.0020s batch_t=0.0776s epoch_t=00:01.11 lr=0.000316 | GPU MB alloc/reserved=278.8/1900.0
2026-04-11 17:51:58 | INFO | [Round 12] Epoch 50/80 time=00:01.11 avg=00:01.27 ETA=00:38.10 | GPU MB alloc/reserved=278.8/1900.0
2026-04-11 17:51:59 | INFO | [Round 12] epoch=51/80 loss=0.0555 acc=99.76 val_acc=nan data_t=0.0020s batch_t=0.0671s epoch_t=00:00.97 lr=0.000298 | GPU MB alloc/reserved=278.8/1900.0
2026-04-11 17:51:59 | INFO | [Round 12] Epoch 51/80 time=00:00.97 avg=00:01.26 ETA=00:36.66 | GPU MB alloc/reserved=278.8/1900.0
2026-04-11 17:52:00 | INFO | [Round 12] epoch=52/80 loss=0.0581 acc=99.65 val_acc=nan data_t=0.0030s batch_t=0.0636s epoch_t=00:00.93 lr=0.000280 | GPU MB alloc/reserved=278.8/1900.0
2026-04-11 17:52:00 | INFO | [Round 12] Epoch 52/80 time=00:00.93 avg=00:01.26 ETA=00:35.21 | GPU MB alloc/reserved=278.8/1900.0
2026-04-11 17:52:01 | INFO | [Round 12] epoch=53/80 loss=0.0508 acc=99.82 val_acc=nan data_t=0.0031s batch_t=0.0595s epoch_t=00:00.88 lr=0.000263 | GPU MB alloc/reserved=278.8/1900.0
2026-04-11 17:52:01 | INFO | [Round 12] Epoch 53/80 time=00:00.88 avg=00:01.25 ETA=00:33.76 | GPU MB alloc/reserved=278.8/1900.0
2026-04-11 17:52:02 | INFO | [Round 12] epoch=54/80 loss=0.0468 acc=99.71 val_acc=nan data_t=0.0021s batch_t=0.0832s epoch_t=00:01.19 lr=0.000246 | GPU MB alloc/reserved=278.8/1900.0
2026-04-11 17:52:02 | INFO | [Round 12] Epoch 54/80 time=00:01.19 avg=00:01.25 ETA=00:32.48 | GPU MB alloc/reserved=278.8/1900.0
2026-04-11 17:52:03 | INFO | [Round 12] epoch=55/80 loss=0.0451 acc=99.71 val_acc=nan data_t=0.0024s batch_t=0.0859s epoch_t=00:01.24 lr=0.000230 | GPU MB alloc/reserved=278.8/1900.0
2026-04-11 17:52:03 | INFO | [Round 12] Epoch 55/80 time=00:01.24 avg=00:01.25 ETA=00:31.23 | GPU MB alloc/reserved=278.8/1900.0
2026-04-11 17:52:04 | INFO | [Round 12] epoch=56/80 loss=0.0422 acc=99.76 val_acc=nan data_t=0.0019s batch_t=0.0870s epoch_t=00:01.24 lr=0.000214 | GPU MB alloc/reserved=278.8/1900.0
2026-04-11 17:52:04 | INFO | [Round 12] Epoch 56/80 time=00:01.24 avg=00:01.25 ETA=00:29.98 | GPU MB alloc/reserved=278.8/1900.0
2026-04-11 17:52:05 | INFO | [Round 12] epoch=57/80 loss=0.0469 acc=99.82 val_acc=nan data_t=0.0027s batch_t=0.0850s epoch_t=00:01.23 lr=0.000199 | GPU MB alloc/reserved=278.8/1900.0
2026-04-11 17:52:05 | INFO | [Round 12] Epoch 57/80 time=00:01.23 avg=00:01.25 ETA=00:28.72 | GPU MB alloc/reserved=278.8/1900.0
2026-04-11 17:52:07 | INFO | [Round 12] epoch=58/80 loss=0.0411 acc=100.00 val_acc=nan data_t=0.0022s batch_t=0.0886s epoch_t=00:01.27 lr=0.000184 | GPU MB alloc/reserved=278.8/1900.0
2026-04-11 17:52:07 | INFO | [Round 12] Epoch 58/80 time=00:01.27 avg=00:01.25 ETA=00:27.48 | GPU MB alloc/reserved=278.8/1900.0
2026-04-11 17:52:08 | INFO | [Round 12] epoch=59/80 loss=0.0411 acc=99.82 val_acc=nan data_t=0.0030s batch_t=0.0875s epoch_t=00:01.27 lr=0.000169 | GPU MB alloc/reserved=278.8/1900.0
2026-04-11 17:52:08 | INFO | [Round 12] Epoch 59/80 time=00:01.27 avg=00:01.25 ETA=00:26.24 | GPU MB alloc/reserved=278.8/1900.0
2026-04-11 17:52:09 | INFO | [Round 12] epoch=60/80 loss=0.0368 acc=100.00 val_acc=nan data_t=0.0020s batch_t=0.0890s epoch_t=00:01.27 lr=0.000155 | GPU MB alloc/reserved=278.8/1900.0
2026-04-11 17:52:09 | INFO | [Round 12] Epoch 60/80 time=00:01.27 avg=00:01.25 ETA=00:25.00 | GPU MB alloc/reserved=278.8/1900.0
2026-04-11 17:52:11 | INFO | [Round 12] epoch=61/80 loss=0.0323 acc=100.00 val_acc=nan data_t=0.0020s batch_t=0.0891s epoch_t=00:01.27 lr=0.000142 | GPU MB alloc/reserved=278.8/1900.0
2026-04-11 17:52:11 | INFO | [Round 12] Epoch 61/80 time=00:01.27 avg=00:01.25 ETA=00:23.75 | GPU MB alloc/reserved=278.8/1900.0
2026-04-11 17:52:12 | INFO | [Round 12] epoch=62/80 loss=0.0333 acc=99.94 val_acc=nan data_t=0.0020s batch_t=0.0891s epoch_t=00:01.28 lr=0.000129 | GPU MB alloc/reserved=278.8/1900.0
2026-04-11 17:52:12 | INFO | [Round 12] Epoch 62/80 time=00:01.28 avg=00:01.25 ETA=00:22.51 | GPU MB alloc/reserved=278.8/1900.0
2026-04-11 17:52:13 | INFO | [Round 12] epoch=63/80 loss=0.0309 acc=99.94 val_acc=nan data_t=0.0023s batch_t=0.0904s epoch_t=00:01.30 lr=0.000116 | GPU MB alloc/reserved=278.8/1900.0
2026-04-11 17:52:13 | INFO | [Round 12] Epoch 63/80 time=00:01.30 avg=00:01.25 ETA=00:21.27 | GPU MB alloc/reserved=278.8/1900.0
2026-04-11 17:52:14 | INFO | [Round 12] epoch=64/80 loss=0.0301 acc=99.94 val_acc=nan data_t=0.0018s batch_t=0.0894s epoch_t=00:01.28 lr=0.000105 | GPU MB alloc/reserved=278.8/1900.0
2026-04-11 17:52:14 | INFO | [Round 12] Epoch 64/80 time=00:01.28 avg=00:01.25 ETA=00:20.03 | GPU MB alloc/reserved=278.8/1900.0
2026-04-11 17:52:16 | INFO | [Round 12] epoch=65/80 loss=0.0284 acc=100.00 val_acc=nan data_t=0.0022s batch_t=0.0890s epoch_t=00:01.28 lr=0.000093 | GPU MB alloc/reserved=278.8/1900.0
2026-04-11 17:52:16 | INFO | [Round 12] Epoch 65/80 time=00:01.28 avg=00:01.25 ETA=00:18.78 | GPU MB alloc/reserved=278.8/1900.0
2026-04-11 17:52:17 | INFO | [Round 12] epoch=66/80 loss=0.0304 acc=100.00 val_acc=nan data_t=0.0018s batch_t=0.0880s epoch_t=00:01.26 lr=0.000083 | GPU MB alloc/reserved=278.8/1900.0
2026-04-11 17:52:17 | INFO | [Round 12] Epoch 66/80 time=00:01.26 avg=00:01.25 ETA=00:17.53 | GPU MB alloc/reserved=278.8/1900.0
2026-04-11 17:52:18 | INFO | [Round 12] epoch=67/80 loss=0.0279 acc=99.94 val_acc=nan data_t=0.0029s batch_t=0.0898s epoch_t=00:01.30 lr=0.000073 | GPU MB alloc/reserved=278.8/1900.0
2026-04-11 17:52:18 | INFO | [Round 12] Epoch 67/80 time=00:01.30 avg=00:01.25 ETA=00:16.29 | GPU MB alloc/reserved=278.8/1900.0
2026-04-11 17:52:20 | INFO | [Round 12] epoch=68/80 loss=0.0259 acc=99.94 val_acc=nan data_t=0.0030s batch_t=0.0897s epoch_t=00:01.30 lr=0.000064 | GPU MB alloc/reserved=278.8/1900.0
2026-04-11 17:52:20 | INFO | [Round 12] Epoch 68/80 time=00:01.30 avg=00:01.25 ETA=00:15.04 | GPU MB alloc/reserved=278.8/1900.0
2026-04-11 17:52:21 | INFO | [Round 12] epoch=69/80 loss=0.0289 acc=99.88 val_acc=nan data_t=0.0023s batch_t=0.0892s epoch_t=00:01.28 lr=0.000055 | GPU MB alloc/reserved=278.8/1900.0
2026-04-11 17:52:21 | INFO | [Round 12] Epoch 69/80 time=00:01.28 avg=00:01.25 ETA=00:13.79 | GPU MB alloc/reserved=278.8/1900.0
2026-04-11 17:52:22 | INFO | [Round 12] epoch=70/80 loss=0.0275 acc=100.00 val_acc=nan data_t=0.0022s batch_t=0.0883s epoch_t=00:01.27 lr=0.000048 | GPU MB alloc/reserved=278.8/1900.0
2026-04-11 17:52:22 | INFO | [Round 12] Epoch 70/80 time=00:01.27 avg=00:01.25 ETA=00:12.54 | GPU MB alloc/reserved=278.8/1900.0
2026-04-11 17:52:23 | INFO | [Round 12] epoch=71/80 loss=0.0288 acc=100.00 val_acc=nan data_t=0.0038s batch_t=0.0880s epoch_t=00:01.29 lr=0.000041 | GPU MB alloc/reserved=278.8/1900.0
2026-04-11 17:52:23 | INFO | [Round 12] Epoch 71/80 time=00:01.29 avg=00:01.25 ETA=00:11.29 | GPU MB alloc/reserved=278.8/1900.0
2026-04-11 17:52:25 | INFO | [Round 12] epoch=72/80 loss=0.0247 acc=100.00 val_acc=nan data_t=0.0019s batch_t=0.0866s epoch_t=00:01.24 lr=0.000034 | GPU MB alloc/reserved=278.8/1900.0
2026-04-11 17:52:25 | INFO | [Round 12] Epoch 72/80 time=00:01.24 avg=00:01.25 ETA=00:10.04 | GPU MB alloc/reserved=278.8/1900.0
2026-04-11 17:52:26 | INFO | [Round 12] epoch=73/80 loss=0.0236 acc=100.00 val_acc=nan data_t=0.0030s batch_t=0.0897s epoch_t=00:01.30 lr=0.000029 | GPU MB alloc/reserved=278.8/1900.0
2026-04-11 17:52:26 | INFO | [Round 12] Epoch 73/80 time=00:01.30 avg=00:01.26 ETA=00:08.79 | GPU MB alloc/reserved=278.8/1900.0
2026-04-11 17:52:27 | INFO | [Round 12] epoch=74/80 loss=0.0219 acc=100.00 val_acc=nan data_t=0.0036s batch_t=0.0878s epoch_t=00:01.28 lr=0.000024 | GPU MB alloc/reserved=278.8/1900.0
2026-04-11 17:52:27 | INFO | [Round 12] Epoch 74/80 time=00:01.28 avg=00:01.26 ETA=00:07.53 | GPU MB alloc/reserved=278.8/1900.0
2026-04-11 17:52:28 | INFO | [Round 12] epoch=75/80 loss=0.0238 acc=99.94 val_acc=nan data_t=0.0018s batch_t=0.0881s epoch_t=00:01.26 lr=0.000020 | GPU MB alloc/reserved=278.8/1900.0
2026-04-11 17:52:28 | INFO | [Round 12] Epoch 75/80 time=00:01.26 avg=00:01.26 ETA=00:06.28 | GPU MB alloc/reserved=278.8/1900.0
2026-04-11 17:52:30 | INFO | [Round 12] epoch=76/80 loss=0.0275 acc=99.94 val_acc=nan data_t=0.0018s batch_t=0.0892s epoch_t=00:01.27 lr=0.000016 | GPU MB alloc/reserved=278.8/1900.0
2026-04-11 17:52:30 | INFO | [Round 12] Epoch 76/80 time=00:01.27 avg=00:01.26 ETA=00:05.02 | GPU MB alloc/reserved=278.8/1900.0
2026-04-11 17:52:31 | INFO | [Round 12] epoch=77/80 loss=0.0228 acc=100.00 val_acc=nan data_t=0.0034s batch_t=0.0879s epoch_t=00:01.28 lr=0.000013 | GPU MB alloc/reserved=278.8/1900.0
2026-04-11 17:52:31 | INFO | [Round 12] Epoch 77/80 time=00:01.28 avg=00:01.26 ETA=00:03.77 | GPU MB alloc/reserved=278.8/1900.0
2026-04-11 17:52:32 | INFO | [Round 12] epoch=78/80 loss=0.0228 acc=100.00 val_acc=nan data_t=0.0032s batch_t=0.0903s epoch_t=00:01.31 lr=0.000012 | GPU MB alloc/reserved=278.8/1900.0
2026-04-11 17:52:32 | INFO | [Round 12] Epoch 78/80 time=00:01.31 avg=00:01.26 ETA=00:02.51 | GPU MB alloc/reserved=278.8/1900.0
2026-04-11 17:52:34 | INFO | [Round 12] epoch=79/80 loss=0.0244 acc=99.82 val_acc=nan data_t=0.0019s batch_t=0.0890s epoch_t=00:01.27 lr=0.000010 | GPU MB alloc/reserved=278.8/1900.0
2026-04-11 17:52:34 | INFO | [Round 12] Epoch 79/80 time=00:01.27 avg=00:01.26 ETA=00:01.26 | GPU MB alloc/reserved=278.8/1900.0
2026-04-11 17:52:35 | INFO | [Round 12] epoch=80/80 loss=0.0243 acc=99.94 val_acc=nan data_t=0.0028s batch_t=0.0880s epoch_t=00:01.27 lr=0.000010 | GPU MB alloc/reserved=278.8/1900.0
2026-04-11 17:52:35 | INFO | [Round 12] Epoch 80/80 time=00:01.27 avg=00:01.26 ETA=00:00.00 | GPU MB alloc/reserved=278.8/1900.0
2026-04-11 17:52:35 | INFO | [Round 12] training complete in 01:40.89 (best monitor=100.000) | GPU MB alloc/reserved=278.8/1900.0
2026-04-11 17:52:35 | INFO | [Round 12] evaluation started | GPU MB alloc/reserved=192.6/1900.0
2026-04-11 17:52:44 | INFO | [Round 12] clean=19.01 fgsm=14.52 pgd=14.38 grad_disp_mean=nan grad_disp_sel=nan round_t=112.08s | GPU MB alloc/reserved=192.6/1900.0
2026-04-11 17:52:44 | INFO | [Round 13/21] elapsed=01:52.08 avg_round=01:16.18 projected_remaining=10:09.43 | GPU MB alloc/reserved=192.6/1900.0
2026-04-11 17:52:45 | INFO | [Round 13] acquisition on pool_size=48300 scored_pool=5000 budget=100 | GPU MB alloc/reserved=104.3/1900.0
2026-04-11 17:52:45 | INFO | [CoreSet-unlabeled-feat] scoring progress 10/20 elapsed=00:00.26 avg/batch=0.026s ETA=00:00.26 | GPU MB alloc/reserved=112.4/1900.0
2026-04-11 17:52:45 | INFO | [CoreSet-unlabeled-feat] scoring progress 20/20 elapsed=00:00.40 avg/batch=0.020s ETA=00:00.00 | GPU MB alloc/reserved=116.1/1900.0
2026-04-11 17:52:46 | INFO | [CoreSet-labeled-feat] scoring progress 7/7 elapsed=00:00.21 avg/batch=0.031s ETA=00:00.00 | GPU MB alloc/reserved=119.4/1900.0
2026-04-11 17:52:46 | INFO | [CoreSet] greedy 10/100 cover_radius=27.799719 | GPU: n/a
2026-04-11 17:52:46 | INFO | [CoreSet] greedy 20/100 cover_radius=27.460875 | GPU: n/a
2026-04-11 17:52:46 | INFO | [CoreSet] greedy 30/100 cover_radius=27.257872 | GPU: n/a
2026-04-11 17:52:46 | INFO | [CoreSet] greedy 40/100 cover_radius=27.090567 | GPU: n/a
2026-04-11 17:52:46 | INFO | [CoreSet] greedy 50/100 cover_radius=26.988516 | GPU: n/a
2026-04-11 17:52:46 | INFO | [CoreSet] greedy 60/100 cover_radius=26.808208 | GPU: n/a
2026-04-11 17:52:46 | INFO | [CoreSet] greedy 70/100 cover_radius=26.656189 | GPU: n/a
2026-04-11 17:52:47 | INFO | [CoreSet] greedy 80/100 cover_radius=26.565647 | GPU: n/a
2026-04-11 17:52:47 | INFO | [CoreSet] greedy 90/100 cover_radius=26.496809 | GPU: n/a
2026-04-11 17:52:47 | INFO | [CoreSet] greedy 100/100 cover_radius=26.390732 | GPU: n/a
2026-04-11 17:52:47 | INFO | [Round 13] labeled=1800 train=1800 val_fixed=0 | GPU MB alloc/reserved=147.6/1900.0
2026-04-11 17:52:49 | INFO | [Round 13] epoch=1/80 loss=4.7424 acc=1.78 val_acc=nan data_t=0.0158s batch_t=0.0897s epoch_t=00:01.58 lr=0.001000 | GPU MB alloc/reserved=279.5/1900.0
2026-04-11 17:52:49 | INFO | [Round 13] Epoch 1/80 time=00:01.58 avg=00:01.58 ETA=02:05.05 | GPU MB alloc/reserved=279.5/1900.0
2026-04-11 17:52:50 | INFO | [Round 13] epoch=2/80 loss=4.4626 acc=4.06 val_acc=nan data_t=0.0027s batch_t=0.0879s epoch_t=00:01.36 lr=0.000998 | GPU MB alloc/reserved=279.5/1900.0
2026-04-11 17:52:50 | INFO | [Round 13] Epoch 2/80 time=00:01.36 avg=00:01.47 ETA=01:54.71 | GPU MB alloc/reserved=279.5/1900.0
2026-04-11 17:52:51 | INFO | [Round 13] epoch=3/80 loss=4.3224 acc=4.39 val_acc=nan data_t=0.0018s batch_t=0.0882s epoch_t=00:01.35 lr=0.000997 | GPU MB alloc/reserved=279.5/1900.0
2026-04-11 17:52:51 | INFO | [Round 13] Epoch 3/80 time=00:01.35 avg=00:01.43 ETA=01:50.16 | GPU MB alloc/reserved=279.5/1900.0
2026-04-11 17:52:53 | INFO | [Round 13] epoch=4/80 loss=4.2294 acc=5.28 val_acc=nan data_t=0.0027s batch_t=0.0879s epoch_t=00:01.36 lr=0.000994 | GPU MB alloc/reserved=279.5/1900.0
2026-04-11 17:52:53 | INFO | [Round 13] Epoch 4/80 time=00:01.36 avg=00:01.41 ETA=01:47.39 | GPU MB alloc/reserved=279.5/1900.0
2026-04-11 17:52:54 | INFO | [Round 13] epoch=5/80 loss=4.1397 acc=6.89 val_acc=nan data_t=0.0017s batch_t=0.0882s epoch_t=00:01.35 lr=0.000990 | GPU MB alloc/reserved=279.5/1900.0
2026-04-11 17:52:54 | INFO | [Round 13] Epoch 5/80 time=00:01.35 avg=00:01.40 ETA=01:45.03 | GPU MB alloc/reserved=279.5/1900.0
2026-04-11 17:52:55 | INFO | [Round 13] epoch=6/80 loss=4.0344 acc=7.72 val_acc=nan data_t=0.0022s batch_t=0.0898s epoch_t=00:01.38 lr=0.000986 | GPU MB alloc/reserved=279.5/1900.0
2026-04-11 17:52:55 | INFO | [Round 13] Epoch 6/80 time=00:01.38 avg=00:01.40 ETA=01:43.38 | GPU MB alloc/reserved=279.5/1900.0
2026-04-11 17:52:57 | INFO | [Round 13] epoch=7/80 loss=4.0680 acc=7.39 val_acc=nan data_t=0.0032s batch_t=0.0884s epoch_t=00:01.38 lr=0.000981 | GPU MB alloc/reserved=279.5/1900.0
2026-04-11 17:52:57 | INFO | [Round 13] Epoch 7/80 time=00:01.38 avg=00:01.39 ETA=01:41.75 | GPU MB alloc/reserved=279.5/1900.0
2026-04-11 17:52:58 | INFO | [Round 13] epoch=8/80 loss=3.9271 acc=8.83 val_acc=nan data_t=0.0018s batch_t=0.0870s epoch_t=00:01.33 lr=0.000976 | GPU MB alloc/reserved=279.5/1900.0
2026-04-11 17:52:58 | INFO | [Round 13] Epoch 8/80 time=00:01.33 avg=00:01.39 ETA=01:39.80 | GPU MB alloc/reserved=279.5/1900.0
2026-04-11 17:53:00 | INFO | [Round 13] epoch=9/80 loss=3.9240 acc=8.89 val_acc=nan data_t=0.0022s batch_t=0.0887s epoch_t=00:01.36 lr=0.000969 | GPU MB alloc/reserved=279.5/1900.0
2026-04-11 17:53:00 | INFO | [Round 13] Epoch 9/80 time=00:01.36 avg=00:01.38 ETA=01:38.24 | GPU MB alloc/reserved=279.5/1900.0
2026-04-11 17:53:01 | INFO | [Round 13] epoch=10/80 loss=3.8654 acc=10.33 val_acc=nan data_t=0.0020s batch_t=0.0887s epoch_t=00:01.36 lr=0.000962 | GPU MB alloc/reserved=279.5/1900.0
2026-04-11 17:53:01 | INFO | [Round 13] Epoch 10/80 time=00:01.36 avg=00:01.38 ETA=01:36.69 | GPU MB alloc/reserved=279.5/1900.0
2026-04-11 17:53:02 | INFO | [Round 13] epoch=11/80 loss=3.7228 acc=10.89 val_acc=nan data_t=0.0026s batch_t=0.0889s epoch_t=00:01.37 lr=0.000955 | GPU MB alloc/reserved=279.5/1900.0
2026-04-11 17:53:02 | INFO | [Round 13] Epoch 11/80 time=00:01.37 avg=00:01.38 ETA=01:35.25 | GPU MB alloc/reserved=279.5/1900.0
2026-04-11 17:53:03 | INFO | [Round 13] epoch=12/80 loss=3.6661 acc=12.78 val_acc=nan data_t=0.0019s batch_t=0.0673s epoch_t=00:01.04 lr=0.000946 | GPU MB alloc/reserved=279.5/1900.0
2026-04-11 17:53:03 | INFO | [Round 13] Epoch 12/80 time=00:01.04 avg=00:01.35 ETA=01:31.93 | GPU MB alloc/reserved=279.5/1900.0
2026-04-11 17:53:05 | INFO | [Round 13] epoch=13/80 loss=3.5538 acc=13.56 val_acc=nan data_t=0.0019s batch_t=0.0943s epoch_t=00:01.44 lr=0.000937 | GPU MB alloc/reserved=279.5/1900.0
2026-04-11 17:53:05 | INFO | [Round 13] Epoch 13/80 time=00:01.44 avg=00:01.36 ETA=01:31.04 | GPU MB alloc/reserved=279.5/1900.0
2026-04-11 17:53:06 | INFO | [Round 13] epoch=14/80 loss=3.5526 acc=13.17 val_acc=nan data_t=0.0027s batch_t=0.0953s epoch_t=00:01.47 lr=0.000927 | GPU MB alloc/reserved=279.5/1900.0
2026-04-11 17:53:06 | INFO | [Round 13] Epoch 14/80 time=00:01.47 avg=00:01.37 ETA=01:30.21 | GPU MB alloc/reserved=279.5/1900.0
2026-04-11 17:53:08 | INFO | [Round 13] epoch=15/80 loss=3.4666 acc=14.33 val_acc=nan data_t=0.0027s batch_t=0.0971s epoch_t=00:01.50 lr=0.000917 | GPU MB alloc/reserved=279.5/1900.0
2026-04-11 17:53:08 | INFO | [Round 13] Epoch 15/80 time=00:01.50 avg=00:01.38 ETA=01:29.41 | GPU MB alloc/reserved=279.5/1900.0
2026-04-11 17:53:09 | INFO | [Round 13] epoch=16/80 loss=3.3627 acc=16.61 val_acc=nan data_t=0.0018s batch_t=0.0973s epoch_t=00:01.49 lr=0.000905 | GPU MB alloc/reserved=279.5/1900.0
2026-04-11 17:53:09 | INFO | [Round 13] Epoch 16/80 time=00:01.49 avg=00:01.38 ETA=01:28.48 | GPU MB alloc/reserved=279.5/1900.0
2026-04-11 17:53:11 | INFO | [Round 13] epoch=17/80 loss=3.2112 acc=18.39 val_acc=nan data_t=0.0018s batch_t=0.0971s epoch_t=00:01.48 lr=0.000894 | GPU MB alloc/reserved=279.5/1900.0
2026-04-11 17:53:11 | INFO | [Round 13] Epoch 17/80 time=00:01.48 avg=00:01.39 ETA=01:27.47 | GPU MB alloc/reserved=279.5/1900.0
2026-04-11 17:53:12 | INFO | [Round 13] epoch=18/80 loss=3.2234 acc=19.39 val_acc=nan data_t=0.0030s batch_t=0.0848s epoch_t=00:01.32 lr=0.000881 | GPU MB alloc/reserved=279.5/1900.0
2026-04-11 17:53:12 | INFO | [Round 13] Epoch 18/80 time=00:01.32 avg=00:01.38 ETA=01:25.84 | GPU MB alloc/reserved=279.5/1900.0
2026-04-11 17:53:13 | INFO | [Round 13] epoch=19/80 loss=3.0755 acc=20.06 val_acc=nan data_t=0.0032s batch_t=0.0575s epoch_t=00:00.91 lr=0.000868 | GPU MB alloc/reserved=279.5/1900.0
2026-04-11 17:53:13 | INFO | [Round 13] Epoch 19/80 time=00:00.91 avg=00:01.36 ETA=01:22.93 | GPU MB alloc/reserved=279.5/1900.0
2026-04-11 17:53:14 | INFO | [Round 13] epoch=20/80 loss=3.0999 acc=21.44 val_acc=nan data_t=0.0025s batch_t=0.0723s epoch_t=00:01.12 lr=0.000855 | GPU MB alloc/reserved=279.5/1900.0
2026-04-11 17:53:14 | INFO | [Round 13] Epoch 20/80 time=00:01.12 avg=00:01.35 ETA=01:20.86 | GPU MB alloc/reserved=279.5/1900.0
2026-04-11 17:53:15 | INFO | [Round 13] epoch=21/80 loss=2.9831 acc=23.22 val_acc=nan data_t=0.0018s batch_t=0.0597s epoch_t=00:00.92 lr=0.000841 | GPU MB alloc/reserved=279.5/1900.0
2026-04-11 17:53:15 | INFO | [Round 13] Epoch 21/80 time=00:00.92 avg=00:01.33 ETA=01:18.32 | GPU MB alloc/reserved=279.5/1900.0
2026-04-11 17:53:16 | INFO | [Round 13] epoch=22/80 loss=2.9129 acc=23.83 val_acc=nan data_t=0.0026s batch_t=0.0849s epoch_t=00:01.31 lr=0.000826 | GPU MB alloc/reserved=279.5/1900.0
2026-04-11 17:53:16 | INFO | [Round 13] Epoch 22/80 time=00:01.31 avg=00:01.33 ETA=01:16.95 | GPU MB alloc/reserved=279.5/1900.0
2026-04-11 17:53:18 | INFO | [Round 13] epoch=23/80 loss=2.7648 acc=26.06 val_acc=nan data_t=0.0032s batch_t=0.0863s epoch_t=00:01.34 lr=0.000811 | GPU MB alloc/reserved=279.5/1900.0
2026-04-11 17:53:18 | INFO | [Round 13] Epoch 23/80 time=00:01.34 avg=00:01.33 ETA=01:15.66 | GPU MB alloc/reserved=279.5/1900.0
2026-04-11 17:53:19 | INFO | [Round 13] epoch=24/80 loss=2.6458 acc=29.67 val_acc=nan data_t=0.0037s batch_t=0.0864s epoch_t=00:01.35 lr=0.000796 | GPU MB alloc/reserved=279.5/1900.0
2026-04-11 17:53:19 | INFO | [Round 13] Epoch 24/80 time=00:01.35 avg=00:01.33 ETA=01:14.39 | GPU MB alloc/reserved=279.5/1900.0
2026-04-11 17:53:20 | INFO | [Round 13] epoch=25/80 loss=2.6181 acc=29.50 val_acc=nan data_t=0.0019s batch_t=0.0881s epoch_t=00:01.35 lr=0.000780 | GPU MB alloc/reserved=279.5/1900.0
2026-04-11 17:53:20 | INFO | [Round 13] Epoch 25/80 time=00:01.35 avg=00:01.33 ETA=01:13.11 | GPU MB alloc/reserved=279.5/1900.0
2026-04-11 17:53:22 | INFO | [Round 13] epoch=26/80 loss=2.5608 acc=32.78 val_acc=nan data_t=0.0028s batch_t=0.0878s epoch_t=00:01.36 lr=0.000764 | GPU MB alloc/reserved=279.5/1900.0
2026-04-11 17:53:22 | INFO | [Round 13] Epoch 26/80 time=00:01.36 avg=00:01.33 ETA=01:11.85 | GPU MB alloc/reserved=279.5/1900.0
2026-04-11 17:53:23 | INFO | [Round 13] epoch=27/80 loss=2.5333 acc=33.06 val_acc=nan data_t=0.0018s batch_t=0.0876s epoch_t=00:01.34 lr=0.000747 | GPU MB alloc/reserved=279.5/1900.0
2026-04-11 17:53:23 | INFO | [Round 13] Epoch 27/80 time=00:01.34 avg=00:01.33 ETA=01:10.54 | GPU MB alloc/reserved=279.5/1900.0
2026-04-11 17:53:24 | INFO | [Round 13] epoch=28/80 loss=2.4491 acc=33.28 val_acc=nan data_t=0.0027s batch_t=0.0882s epoch_t=00:01.36 lr=0.000730 | GPU MB alloc/reserved=279.5/1900.0
2026-04-11 17:53:24 | INFO | [Round 13] Epoch 28/80 time=00:01.36 avg=00:01.33 ETA=01:09.27 | GPU MB alloc/reserved=279.5/1900.0
2026-04-11 17:53:26 | INFO | [Round 13] epoch=29/80 loss=2.4486 acc=34.61 val_acc=nan data_t=0.0031s batch_t=0.0885s epoch_t=00:01.37 lr=0.000712 | GPU MB alloc/reserved=279.5/1900.0
2026-04-11 17:53:26 | INFO | [Round 13] Epoch 29/80 time=00:01.37 avg=00:01.33 ETA=01:08.01 | GPU MB alloc/reserved=279.5/1900.0
2026-04-11 17:53:27 | INFO | [Round 13] epoch=30/80 loss=2.3401 acc=35.50 val_acc=nan data_t=0.0020s batch_t=0.0885s epoch_t=00:01.36 lr=0.000694 | GPU MB alloc/reserved=279.5/1900.0
2026-04-11 17:53:27 | INFO | [Round 13] Epoch 30/80 time=00:01.36 avg=00:01.33 ETA=01:06.71 | GPU MB alloc/reserved=279.5/1900.0
2026-04-11 17:53:29 | INFO | [Round 13] epoch=31/80 loss=2.2808 acc=37.22 val_acc=nan data_t=0.0029s batch_t=0.0890s epoch_t=00:01.38 lr=0.000676 | GPU MB alloc/reserved=279.5/1900.0
2026-04-11 17:53:29 | INFO | [Round 13] Epoch 31/80 time=00:01.38 avg=00:01.34 ETA=01:05.45 | GPU MB alloc/reserved=279.5/1900.0
2026-04-11 17:53:30 | INFO | [Round 13] epoch=32/80 loss=2.2588 acc=37.00 val_acc=nan data_t=0.0020s batch_t=0.0883s epoch_t=00:01.36 lr=0.000658 | GPU MB alloc/reserved=279.5/1900.0
2026-04-11 17:53:30 | INFO | [Round 13] Epoch 32/80 time=00:01.36 avg=00:01.34 ETA=01:04.14 | GPU MB alloc/reserved=279.5/1900.0
2026-04-11 17:53:31 | INFO | [Round 13] epoch=33/80 loss=2.0992 acc=43.50 val_acc=nan data_t=0.0017s batch_t=0.0889s epoch_t=00:01.36 lr=0.000639 | GPU MB alloc/reserved=279.5/1900.0
2026-04-11 17:53:31 | INFO | [Round 13] Epoch 33/80 time=00:01.36 avg=00:01.34 ETA=01:02.84 | GPU MB alloc/reserved=279.5/1900.0
2026-04-11 17:53:33 | INFO | [Round 13] epoch=34/80 loss=1.9889 acc=45.72 val_acc=nan data_t=0.0026s batch_t=0.0865s epoch_t=00:01.34 lr=0.000621 | GPU MB alloc/reserved=279.5/1900.0
2026-04-11 17:53:33 | INFO | [Round 13] Epoch 34/80 time=00:01.34 avg=00:01.34 ETA=01:01.50 | GPU MB alloc/reserved=279.5/1900.0
2026-04-11 17:53:34 | INFO | [Round 13] epoch=35/80 loss=1.9024 acc=45.67 val_acc=nan data_t=0.0025s batch_t=0.0863s epoch_t=00:01.33 lr=0.000602 | GPU MB alloc/reserved=279.5/1900.0
2026-04-11 17:53:34 | INFO | [Round 13] Epoch 35/80 time=00:01.33 avg=00:01.34 ETA=01:00.16 | GPU MB alloc/reserved=279.5/1900.0
2026-04-11 17:53:35 | INFO | [Round 13] epoch=36/80 loss=1.8163 acc=50.28 val_acc=nan data_t=0.0029s batch_t=0.0885s epoch_t=00:01.37 lr=0.000582 | GPU MB alloc/reserved=279.5/1900.0
2026-04-11 17:53:35 | INFO | [Round 13] Epoch 36/80 time=00:01.37 avg=00:01.34 ETA=00:58.86 | GPU MB alloc/reserved=279.5/1900.0
2026-04-11 17:53:37 | INFO | [Round 13] epoch=37/80 loss=1.7591 acc=52.44 val_acc=nan data_t=0.0017s batch_t=0.0880s epoch_t=00:01.35 lr=0.000563 | GPU MB alloc/reserved=279.5/1900.0
2026-04-11 17:53:37 | INFO | [Round 13] Epoch 37/80 time=00:01.35 avg=00:01.34 ETA=00:57.54 | GPU MB alloc/reserved=279.5/1900.0
2026-04-11 17:53:38 | INFO | [Round 13] epoch=38/80 loss=1.6996 acc=52.67 val_acc=nan data_t=0.0030s batch_t=0.0872s epoch_t=00:01.35 lr=0.000544 | GPU MB alloc/reserved=279.5/1900.0
2026-04-11 17:53:38 | INFO | [Round 13] Epoch 38/80 time=00:01.35 avg=00:01.34 ETA=00:56.21 | GPU MB alloc/reserved=279.5/1900.0
2026-04-11 17:53:39 | INFO | [Round 13] epoch=39/80 loss=1.5805 acc=56.39 val_acc=nan data_t=0.0027s batch_t=0.0867s epoch_t=00:01.34 lr=0.000524 | GPU MB alloc/reserved=279.5/1900.0
2026-04-11 17:53:39 | INFO | [Round 13] Epoch 39/80 time=00:01.34 avg=00:01.34 ETA=00:54.88 | GPU MB alloc/reserved=279.5/1900.0
2026-04-11 17:53:41 | INFO | [Round 13] epoch=40/80 loss=1.5281 acc=56.44 val_acc=nan data_t=0.0029s batch_t=0.0881s epoch_t=00:01.37 lr=0.000505 | GPU MB alloc/reserved=279.5/1900.0
2026-04-11 17:53:41 | INFO | [Round 13] Epoch 40/80 time=00:01.37 avg=00:01.34 ETA=00:53.57 | GPU MB alloc/reserved=279.5/1900.0
2026-04-11 17:53:42 | INFO | [Round 13] epoch=41/80 loss=1.4537 acc=60.50 val_acc=nan data_t=0.0033s batch_t=0.0873s epoch_t=00:01.36 lr=0.000486 | GPU MB alloc/reserved=279.5/1900.0
2026-04-11 17:53:42 | INFO | [Round 13] Epoch 41/80 time=00:01.36 avg=00:01.34 ETA=00:52.25 | GPU MB alloc/reserved=279.5/1900.0
2026-04-11 17:53:44 | INFO | [Round 13] epoch=42/80 loss=1.3944 acc=61.94 val_acc=nan data_t=0.0033s batch_t=0.0887s epoch_t=00:01.38 lr=0.000466 | GPU MB alloc/reserved=279.5/1900.0
2026-04-11 17:53:44 | INFO | [Round 13] Epoch 42/80 time=00:01.38 avg=00:01.34 ETA=00:50.95 | GPU MB alloc/reserved=279.5/1900.0
2026-04-11 17:53:45 | INFO | [Round 13] epoch=43/80 loss=1.3122 acc=64.06 val_acc=nan data_t=0.0020s batch_t=0.0885s epoch_t=00:01.36 lr=0.000447 | GPU MB alloc/reserved=279.5/1900.0
2026-04-11 17:53:45 | INFO | [Round 13] Epoch 43/80 time=00:01.36 avg=00:01.34 ETA=00:49.62 | GPU MB alloc/reserved=279.5/1900.0
2026-04-11 17:53:46 | INFO | [Round 13] epoch=44/80 loss=1.2921 acc=65.22 val_acc=nan data_t=0.0033s batch_t=0.0875s epoch_t=00:01.36 lr=0.000428 | GPU MB alloc/reserved=279.5/1900.0
2026-04-11 17:53:46 | INFO | [Round 13] Epoch 44/80 time=00:01.36 avg=00:01.34 ETA=00:48.30 | GPU MB alloc/reserved=279.5/1900.0
2026-04-11 17:53:48 | INFO | [Round 13] epoch=45/80 loss=1.2595 acc=66.28 val_acc=nan data_t=0.0023s batch_t=0.0881s epoch_t=00:01.36 lr=0.000408 | GPU MB alloc/reserved=279.5/1900.0
2026-04-11 17:53:48 | INFO | [Round 13] Epoch 45/80 time=00:01.36 avg=00:01.34 ETA=00:46.97 | GPU MB alloc/reserved=279.5/1900.0
2026-04-11 17:53:49 | INFO | [Round 13] epoch=46/80 loss=1.1918 acc=67.17 val_acc=nan data_t=0.0030s batch_t=0.0762s epoch_t=00:01.19 lr=0.000389 | GPU MB alloc/reserved=279.5/1900.0
2026-04-11 17:53:49 | INFO | [Round 13] Epoch 46/80 time=00:01.19 avg=00:01.34 ETA=00:45.51 | GPU MB alloc/reserved=279.5/1900.0
2026-04-11 17:53:50 | INFO | [Round 13] epoch=47/80 loss=1.0763 acc=72.39 val_acc=nan data_t=0.0020s batch_t=0.0912s epoch_t=00:01.40 lr=0.000371 | GPU MB alloc/reserved=279.5/1900.0
2026-04-11 17:53:50 | INFO | [Round 13] Epoch 47/80 time=00:01.40 avg=00:01.34 ETA=00:44.21 | GPU MB alloc/reserved=279.5/1900.0
2026-04-11 17:53:52 | INFO | [Round 13] epoch=48/80 loss=1.0320 acc=73.39 val_acc=nan data_t=0.0026s batch_t=0.0939s epoch_t=00:01.45 lr=0.000352 | GPU MB alloc/reserved=279.5/1900.0
2026-04-11 17:53:52 | INFO | [Round 13] Epoch 48/80 time=00:01.45 avg=00:01.34 ETA=00:42.95 | GPU MB alloc/reserved=279.5/1900.0
2026-04-11 17:53:53 | INFO | [Round 13] epoch=49/80 loss=0.9900 acc=75.56 val_acc=nan data_t=0.0027s batch_t=0.0971s epoch_t=00:01.50 lr=0.000334 | GPU MB alloc/reserved=279.5/1900.0
2026-04-11 17:53:53 | INFO | [Round 13] Epoch 49/80 time=00:01.50 avg=00:01.35 ETA=00:41.70 | GPU MB alloc/reserved=279.5/1900.0
2026-04-11 17:53:55 | INFO | [Round 13] epoch=50/80 loss=0.9545 acc=75.78 val_acc=nan data_t=0.0026s batch_t=0.0980s epoch_t=00:01.51 lr=0.000316 | GPU MB alloc/reserved=279.5/1900.0
2026-04-11 17:53:55 | INFO | [Round 13] Epoch 50/80 time=00:01.51 avg=00:01.35 ETA=00:40.46 | GPU MB alloc/reserved=279.5/1900.0
2026-04-11 17:53:56 | INFO | [Round 13] epoch=51/80 loss=0.9051 acc=77.67 val_acc=nan data_t=0.0027s batch_t=0.0976s epoch_t=00:01.51 lr=0.000298 | GPU MB alloc/reserved=279.5/1900.0
2026-04-11 17:53:56 | INFO | [Round 13] Epoch 51/80 time=00:01.51 avg=00:01.35 ETA=00:39.20 | GPU MB alloc/reserved=279.5/1900.0
2026-04-11 17:53:58 | INFO | [Round 13] epoch=52/80 loss=0.8895 acc=78.11 val_acc=nan data_t=0.0029s batch_t=0.0842s epoch_t=00:01.31 lr=0.000280 | GPU MB alloc/reserved=279.5/1900.0
2026-04-11 17:53:58 | INFO | [Round 13] Epoch 52/80 time=00:01.31 avg=00:01.35 ETA=00:37.82 | GPU MB alloc/reserved=279.5/1900.0
2026-04-11 17:53:58 | INFO | [Round 13] epoch=53/80 loss=0.7985 acc=81.83 val_acc=nan data_t=0.0029s batch_t=0.0582s epoch_t=00:00.92 lr=0.000263 | GPU MB alloc/reserved=279.5/1900.0
2026-04-11 17:53:58 | INFO | [Round 13] Epoch 53/80 time=00:00.92 avg=00:01.34 ETA=00:36.25 | GPU MB alloc/reserved=279.5/1900.0
2026-04-11 17:54:00 | INFO | [Round 13] epoch=54/80 loss=0.8130 acc=80.94 val_acc=nan data_t=0.0030s batch_t=0.0707s epoch_t=00:01.11 lr=0.000246 | GPU MB alloc/reserved=279.5/1900.0
2026-04-11 17:54:00 | INFO | [Round 13] Epoch 54/80 time=00:01.11 avg=00:01.34 ETA=00:34.79 | GPU MB alloc/reserved=279.5/1900.0
2026-04-11 17:54:01 | INFO | [Round 13] epoch=55/80 loss=0.7387 acc=82.78 val_acc=nan data_t=0.0030s batch_t=0.0592s epoch_t=00:00.93 lr=0.000230 | GPU MB alloc/reserved=279.5/1900.0
2026-04-11 17:54:01 | INFO | [Round 13] Epoch 55/80 time=00:00.93 avg=00:01.33 ETA=00:33.27 | GPU MB alloc/reserved=279.5/1900.0
2026-04-11 17:54:02 | INFO | [Round 13] epoch=56/80 loss=0.6727 acc=84.67 val_acc=nan data_t=0.0020s batch_t=0.0800s epoch_t=00:01.23 lr=0.000214 | GPU MB alloc/reserved=279.5/1900.0
2026-04-11 17:54:02 | INFO | [Round 13] Epoch 56/80 time=00:01.23 avg=00:01.33 ETA=00:31.90 | GPU MB alloc/reserved=279.5/1900.0
2026-04-11 17:54:03 | INFO | [Round 13] epoch=57/80 loss=0.6284 acc=87.28 val_acc=nan data_t=0.0032s batch_t=0.0849s epoch_t=00:01.32 lr=0.000199 | GPU MB alloc/reserved=279.5/1900.0
2026-04-11 17:54:03 | INFO | [Round 13] Epoch 57/80 time=00:01.32 avg=00:01.33 ETA=00:30.57 | GPU MB alloc/reserved=279.5/1900.0
2026-04-11 17:54:04 | INFO | [Round 13] epoch=58/80 loss=0.6165 acc=87.72 val_acc=nan data_t=0.0025s batch_t=0.0881s epoch_t=00:01.36 lr=0.000184 | GPU MB alloc/reserved=279.5/1900.0
2026-04-11 17:54:04 | INFO | [Round 13] Epoch 58/80 time=00:01.36 avg=00:01.33 ETA=00:29.25 | GPU MB alloc/reserved=279.5/1900.0
2026-04-11 17:54:06 | INFO | [Round 13] epoch=59/80 loss=0.5975 acc=87.83 val_acc=nan data_t=0.0022s batch_t=0.0893s epoch_t=00:01.37 lr=0.000169 | GPU MB alloc/reserved=279.5/1900.0
2026-04-11 17:54:06 | INFO | [Round 13] Epoch 59/80 time=00:01.37 avg=00:01.33 ETA=00:27.93 | GPU MB alloc/reserved=279.5/1900.0
2026-04-11 17:54:07 | INFO | [Round 13] epoch=60/80 loss=0.6078 acc=87.56 val_acc=nan data_t=0.0021s batch_t=0.0885s epoch_t=00:01.36 lr=0.000155 | GPU MB alloc/reserved=279.5/1900.0
2026-04-11 17:54:07 | INFO | [Round 13] Epoch 60/80 time=00:01.36 avg=00:01.33 ETA=00:26.61 | GPU MB alloc/reserved=279.5/1900.0
2026-04-11 17:54:09 | INFO | [Round 13] epoch=61/80 loss=0.5408 acc=89.94 val_acc=nan data_t=0.0036s batch_t=0.0881s epoch_t=00:01.37 lr=0.000142 | GPU MB alloc/reserved=279.5/1900.0
2026-04-11 17:54:09 | INFO | [Round 13] Epoch 61/80 time=00:01.37 avg=00:01.33 ETA=00:25.30 | GPU MB alloc/reserved=279.5/1900.0
2026-04-11 17:54:10 | INFO | [Round 13] epoch=62/80 loss=0.5274 acc=90.11 val_acc=nan data_t=0.0018s batch_t=0.0891s epoch_t=00:01.36 lr=0.000129 | GPU MB alloc/reserved=279.5/1900.0
2026-04-11 17:54:10 | INFO | [Round 13] Epoch 62/80 time=00:01.36 avg=00:01.33 ETA=00:23.97 | GPU MB alloc/reserved=279.5/1900.0
2026-04-11 17:54:11 | INFO | [Round 13] epoch=63/80 loss=0.4877 acc=92.50 val_acc=nan data_t=0.0031s batch_t=0.0881s epoch_t=00:01.37 lr=0.000116 | GPU MB alloc/reserved=279.5/1900.0
2026-04-11 17:54:11 | INFO | [Round 13] Epoch 63/80 time=00:01.37 avg=00:01.33 ETA=00:22.65 | GPU MB alloc/reserved=279.5/1900.0
2026-04-11 17:54:13 | INFO | [Round 13] epoch=64/80 loss=0.4734 acc=92.17 val_acc=nan data_t=0.0017s batch_t=0.0882s epoch_t=00:01.35 lr=0.000105 | GPU MB alloc/reserved=279.5/1900.0
2026-04-11 17:54:13 | INFO | [Round 13] Epoch 64/80 time=00:01.35 avg=00:01.33 ETA=00:21.32 | GPU MB alloc/reserved=279.5/1900.0
2026-04-11 17:54:14 | INFO | [Round 13] epoch=65/80 loss=0.4517 acc=93.11 val_acc=nan data_t=0.0033s batch_t=0.0880s epoch_t=00:01.37 lr=0.000093 | GPU MB alloc/reserved=279.5/1900.0
2026-04-11 17:54:14 | INFO | [Round 13] Epoch 65/80 time=00:01.37 avg=00:01.33 ETA=00:20.00 | GPU MB alloc/reserved=279.5/1900.0
2026-04-11 17:54:15 | INFO | [Round 13] epoch=66/80 loss=0.4535 acc=92.94 val_acc=nan data_t=0.0027s batch_t=0.0878s epoch_t=00:01.36 lr=0.000083 | GPU MB alloc/reserved=279.5/1900.0
2026-04-11 17:54:15 | INFO | [Round 13] Epoch 66/80 time=00:01.36 avg=00:01.33 ETA=00:18.67 | GPU MB alloc/reserved=279.5/1900.0
2026-04-11 17:54:17 | INFO | [Round 13] epoch=67/80 loss=0.4450 acc=93.17 val_acc=nan data_t=0.0024s batch_t=0.0887s epoch_t=00:01.37 lr=0.000073 | GPU MB alloc/reserved=279.5/1900.0
2026-04-11 17:54:17 | INFO | [Round 13] Epoch 67/80 time=00:01.37 avg=00:01.33 ETA=00:17.34 | GPU MB alloc/reserved=279.5/1900.0
2026-04-11 17:54:18 | INFO | [Round 13] epoch=68/80 loss=0.4256 acc=94.17 val_acc=nan data_t=0.0028s batch_t=0.0886s epoch_t=00:01.37 lr=0.000064 | GPU MB alloc/reserved=279.5/1900.0
2026-04-11 17:54:18 | INFO | [Round 13] Epoch 68/80 time=00:01.37 avg=00:01.33 ETA=00:16.02 | GPU MB alloc/reserved=279.5/1900.0
2026-04-11 17:54:19 | INFO | [Round 13] epoch=69/80 loss=0.3912 acc=95.61 val_acc=nan data_t=0.0028s batch_t=0.0876s epoch_t=00:01.36 lr=0.000055 | GPU MB alloc/reserved=279.5/1900.0
2026-04-11 17:54:19 | INFO | [Round 13] Epoch 69/80 time=00:01.36 avg=00:01.34 ETA=00:14.69 | GPU MB alloc/reserved=279.5/1900.0
2026-04-11 17:54:21 | INFO | [Round 13] epoch=70/80 loss=0.3930 acc=95.28 val_acc=nan data_t=0.0027s batch_t=0.0880s epoch_t=00:01.36 lr=0.000048 | GPU MB alloc/reserved=279.5/1900.0
2026-04-11 17:54:21 | INFO | [Round 13] Epoch 70/80 time=00:01.36 avg=00:01.34 ETA=00:13.35 | GPU MB alloc/reserved=279.5/1900.0
2026-04-11 17:54:22 | INFO | [Round 13] epoch=71/80 loss=0.3531 acc=95.61 val_acc=nan data_t=0.0025s batch_t=0.0882s epoch_t=00:01.36 lr=0.000041 | GPU MB alloc/reserved=279.5/1900.0
2026-04-11 17:54:22 | INFO | [Round 13] Epoch 71/80 time=00:01.36 avg=00:01.34 ETA=00:12.02 | GPU MB alloc/reserved=279.5/1900.0
2026-04-11 17:54:24 | INFO | [Round 13] epoch=72/80 loss=0.3593 acc=95.67 val_acc=nan data_t=0.0017s batch_t=0.0894s epoch_t=00:01.37 lr=0.000034 | GPU MB alloc/reserved=279.5/1900.0
2026-04-11 17:54:24 | INFO | [Round 13] Epoch 72/80 time=00:01.37 avg=00:01.34 ETA=00:10.69 | GPU MB alloc/reserved=279.5/1900.0
2026-04-11 17:54:25 | INFO | [Round 13] epoch=73/80 loss=0.3635 acc=95.72 val_acc=nan data_t=0.0031s batch_t=0.0882s epoch_t=00:01.37 lr=0.000029 | GPU MB alloc/reserved=279.5/1900.0
2026-04-11 17:54:25 | INFO | [Round 13] Epoch 73/80 time=00:01.37 avg=00:01.34 ETA=00:09.36 | GPU MB alloc/reserved=279.5/1900.0
2026-04-11 17:54:26 | INFO | [Round 13] epoch=74/80 loss=0.3507 acc=96.33 val_acc=nan data_t=0.0019s batch_t=0.0874s epoch_t=00:01.34 lr=0.000024 | GPU MB alloc/reserved=279.5/1900.0
2026-04-11 17:54:26 | INFO | [Round 13] Epoch 74/80 time=00:01.34 avg=00:01.34 ETA=00:08.02 | GPU MB alloc/reserved=279.5/1900.0
2026-04-11 17:54:28 | INFO | [Round 13] epoch=75/80 loss=0.3440 acc=96.39 val_acc=nan data_t=0.0031s batch_t=0.0890s epoch_t=00:01.38 lr=0.000020 | GPU MB alloc/reserved=279.5/1900.0
2026-04-11 17:54:28 | INFO | [Round 13] Epoch 75/80 time=00:01.38 avg=00:01.34 ETA=00:06.69 | GPU MB alloc/reserved=279.5/1900.0
2026-04-11 17:54:29 | INFO | [Round 13] epoch=76/80 loss=0.3380 acc=96.94 val_acc=nan data_t=0.0020s batch_t=0.0878s epoch_t=00:01.35 lr=0.000016 | GPU MB alloc/reserved=279.5/1900.0
2026-04-11 17:54:29 | INFO | [Round 13] Epoch 76/80 time=00:01.35 avg=00:01.34 ETA=00:05.35 | GPU MB alloc/reserved=279.5/1900.0
2026-04-11 17:54:30 | INFO | [Round 13] epoch=77/80 loss=0.3340 acc=96.44 val_acc=nan data_t=0.0030s batch_t=0.0878s epoch_t=00:01.36 lr=0.000013 | GPU MB alloc/reserved=279.5/1900.0
2026-04-11 17:54:30 | INFO | [Round 13] Epoch 77/80 time=00:01.36 avg=00:01.34 ETA=00:04.01 | GPU MB alloc/reserved=279.5/1900.0
2026-04-11 17:54:32 | INFO | [Round 13] epoch=78/80 loss=0.3252 acc=96.61 val_acc=nan data_t=0.0018s batch_t=0.0875s epoch_t=00:01.34 lr=0.000012 | GPU MB alloc/reserved=279.5/1900.0
2026-04-11 17:54:32 | INFO | [Round 13] Epoch 78/80 time=00:01.34 avg=00:01.34 ETA=00:02.68 | GPU MB alloc/reserved=279.5/1900.0
2026-04-11 17:54:33 | INFO | [Round 13] epoch=79/80 loss=0.3311 acc=96.72 val_acc=nan data_t=0.0016s batch_t=0.0895s epoch_t=00:01.37 lr=0.000010 | GPU MB alloc/reserved=279.5/1900.0
2026-04-11 17:54:33 | INFO | [Round 13] Epoch 79/80 time=00:01.37 avg=00:01.34 ETA=00:01.34 | GPU MB alloc/reserved=279.5/1900.0
2026-04-11 17:54:34 | INFO | [Round 13] epoch=80/80 loss=0.3381 acc=96.28 val_acc=nan data_t=0.0021s batch_t=0.0894s epoch_t=00:01.37 lr=0.000010 | GPU MB alloc/reserved=279.5/1900.0
2026-04-11 17:54:34 | INFO | [Round 13] Epoch 80/80 time=00:01.37 avg=00:01.34 ETA=00:00.00 | GPU MB alloc/reserved=279.5/1900.0
2026-04-11 17:54:35 | INFO | [Round 13] training complete in 01:47.49 (best monitor=96.944) | GPU MB alloc/reserved=279.5/1900.0
2026-04-11 17:54:35 | INFO | [Round 13] evaluation started | GPU MB alloc/reserved=192.7/1900.0
2026-04-11 17:54:43 | INFO | [Round 13] clean=18.70 fgsm=14.60 pgd=14.51 grad_disp_mean=nan grad_disp_sel=nan round_t=118.61s | GPU MB alloc/reserved=192.7/1900.0
2026-04-11 17:54:43 | INFO | [Round 14/21] elapsed=01:58.61 avg_round=01:19.21 projected_remaining=09:14.47 | GPU MB alloc/reserved=192.7/1900.0
2026-04-11 17:54:44 | INFO | [Round 14] acquisition on pool_size=48200 scored_pool=5000 budget=100 | GPU MB alloc/reserved=104.7/1900.0
2026-04-11 17:54:45 | INFO | [CoreSet-unlabeled-feat] scoring progress 10/20 elapsed=00:00.23 avg/batch=0.023s ETA=00:00.23 | GPU MB alloc/reserved=112.8/1900.0
2026-04-11 17:54:45 | INFO | [CoreSet-unlabeled-feat] scoring progress 20/20 elapsed=00:00.38 avg/batch=0.019s ETA=00:00.00 | GPU MB alloc/reserved=116.7/1900.0
2026-04-11 17:54:45 | INFO | [CoreSet-labeled-feat] scoring progress 8/8 elapsed=00:00.22 avg/batch=0.027s ETA=00:00.00 | GPU MB alloc/reserved=118.0/1900.0
2026-04-11 17:54:45 | INFO | [CoreSet] greedy 10/100 cover_radius=24.847496 | GPU: n/a
2026-04-11 17:54:45 | INFO | [CoreSet] greedy 20/100 cover_radius=24.404432 | GPU: n/a
2026-04-11 17:54:45 | INFO | [CoreSet] greedy 30/100 cover_radius=23.986576 | GPU: n/a
2026-04-11 17:54:46 | INFO | [CoreSet] greedy 40/100 cover_radius=23.914042 | GPU: n/a
2026-04-11 17:54:46 | INFO | [CoreSet] greedy 50/100 cover_radius=23.684324 | GPU: n/a
2026-04-11 17:54:46 | INFO | [CoreSet] greedy 60/100 cover_radius=23.491138 | GPU: n/a
2026-04-11 17:54:46 | INFO | [CoreSet] greedy 70/100 cover_radius=23.403919 | GPU: n/a
2026-04-11 17:54:46 | INFO | [CoreSet] greedy 80/100 cover_radius=23.321178 | GPU: n/a
2026-04-11 17:54:46 | INFO | [CoreSet] greedy 90/100 cover_radius=23.223270 | GPU: n/a
2026-04-11 17:54:46 | INFO | [CoreSet] greedy 100/100 cover_radius=23.106668 | GPU: n/a
2026-04-11 17:54:47 | INFO | [Round 14] labeled=1900 train=1900 val_fixed=0 | GPU MB alloc/reserved=148.1/1900.0
2026-04-11 17:54:48 | INFO | [Round 14] epoch=1/80 loss=4.7102 acc=1.47 val_acc=nan data_t=0.0139s batch_t=0.0947s epoch_t=00:01.63 lr=0.001000 | GPU MB alloc/reserved=279.9/1900.0
2026-04-11 17:54:48 | INFO | [Round 14] Epoch 1/80 time=00:01.63 avg=00:01.63 ETA=02:08.63 | GPU MB alloc/reserved=279.9/1900.0
2026-04-11 17:54:50 | INFO | [Round 14] epoch=2/80 loss=4.3931 acc=4.26 val_acc=nan data_t=0.0021s batch_t=0.0916s epoch_t=00:01.41 lr=0.000998 | GPU MB alloc/reserved=279.9/1900.0
2026-04-11 17:54:50 | INFO | [Round 14] Epoch 2/80 time=00:01.41 avg=00:01.52 ETA=01:58.35 | GPU MB alloc/reserved=279.9/1900.0
2026-04-11 17:54:51 | INFO | [Round 14] epoch=3/80 loss=4.1862 acc=6.58 val_acc=nan data_t=0.0017s batch_t=0.0916s epoch_t=00:01.40 lr=0.000997 | GPU MB alloc/reserved=279.9/1900.0
2026-04-11 17:54:51 | INFO | [Round 14] Epoch 3/80 time=00:01.40 avg=00:01.48 ETA=01:53.82 | GPU MB alloc/reserved=279.9/1900.0
2026-04-11 17:54:53 | INFO | [Round 14] epoch=4/80 loss=4.0727 acc=7.16 val_acc=nan data_t=0.0019s batch_t=0.0919s epoch_t=00:01.41 lr=0.000994 | GPU MB alloc/reserved=279.9/1900.0
2026-04-11 17:54:53 | INFO | [Round 14] Epoch 4/80 time=00:01.41 avg=00:01.46 ETA=01:50.98 | GPU MB alloc/reserved=279.9/1900.0
2026-04-11 17:54:54 | INFO | [Round 14] epoch=5/80 loss=3.9036 acc=9.63 val_acc=nan data_t=0.0019s batch_t=0.0922s epoch_t=00:01.41 lr=0.000990 | GPU MB alloc/reserved=279.9/1900.0
2026-04-11 17:54:54 | INFO | [Round 14] Epoch 5/80 time=00:01.41 avg=00:01.45 ETA=01:48.78 | GPU MB alloc/reserved=279.9/1900.0
2026-04-11 17:54:55 | INFO | [Round 14] epoch=6/80 loss=3.7641 acc=12.21 val_acc=nan data_t=0.0022s batch_t=0.0906s epoch_t=00:01.39 lr=0.000986 | GPU MB alloc/reserved=279.9/1900.0
2026-04-11 17:54:55 | INFO | [Round 14] Epoch 6/80 time=00:01.39 avg=00:01.44 ETA=01:46.61 | GPU MB alloc/reserved=279.9/1900.0
2026-04-11 17:54:57 | INFO | [Round 14] epoch=7/80 loss=3.6215 acc=14.89 val_acc=nan data_t=0.0029s batch_t=0.0923s epoch_t=00:01.43 lr=0.000981 | GPU MB alloc/reserved=279.9/1900.0
2026-04-11 17:54:57 | INFO | [Round 14] Epoch 7/80 time=00:01.43 avg=00:01.44 ETA=01:45.05 | GPU MB alloc/reserved=279.9/1900.0
2026-04-11 17:54:58 | INFO | [Round 14] epoch=8/80 loss=3.4917 acc=15.16 val_acc=nan data_t=0.0020s batch_t=0.0917s epoch_t=00:01.41 lr=0.000976 | GPU MB alloc/reserved=279.9/1900.0
2026-04-11 17:54:58 | INFO | [Round 14] Epoch 8/80 time=00:01.41 avg=00:01.43 ETA=01:43.31 | GPU MB alloc/reserved=279.9/1900.0
2026-04-11 17:55:00 | INFO | [Round 14] epoch=9/80 loss=3.3565 acc=18.84 val_acc=nan data_t=0.0023s batch_t=0.0913s epoch_t=00:01.40 lr=0.000969 | GPU MB alloc/reserved=279.9/1900.0
2026-04-11 17:55:00 | INFO | [Round 14] Epoch 9/80 time=00:01.40 avg=00:01.43 ETA=01:41.63 | GPU MB alloc/reserved=279.9/1900.0
2026-04-11 17:55:01 | INFO | [Round 14] epoch=10/80 loss=3.2470 acc=19.00 val_acc=nan data_t=0.0025s batch_t=0.0915s epoch_t=00:01.41 lr=0.000962 | GPU MB alloc/reserved=279.9/1900.0
2026-04-11 17:55:01 | INFO | [Round 14] Epoch 10/80 time=00:01.41 avg=00:01.43 ETA=01:40.05 | GPU MB alloc/reserved=279.9/1900.0
2026-04-11 17:55:02 | INFO | [Round 14] epoch=11/80 loss=3.0338 acc=23.74 val_acc=nan data_t=0.0041s batch_t=0.0908s epoch_t=00:01.42 lr=0.000955 | GPU MB alloc/reserved=279.9/1900.0
2026-04-11 17:55:02 | INFO | [Round 14] Epoch 11/80 time=00:01.42 avg=00:01.43 ETA=01:38.58 | GPU MB alloc/reserved=279.9/1900.0
2026-04-11 17:55:04 | INFO | [Round 14] epoch=12/80 loss=2.9759 acc=24.16 val_acc=nan data_t=0.0029s batch_t=0.0774s epoch_t=00:01.21 lr=0.000946 | GPU MB alloc/reserved=279.9/1900.0
2026-04-11 17:55:04 | INFO | [Round 14] Epoch 12/80 time=00:01.21 avg=00:01.41 ETA=01:35.89 | GPU MB alloc/reserved=279.9/1900.0
2026-04-11 17:55:05 | INFO | [Round 14] epoch=13/80 loss=2.7852 acc=28.89 val_acc=nan data_t=0.0025s batch_t=0.0992s epoch_t=00:01.53 lr=0.000937 | GPU MB alloc/reserved=279.9/1900.0
2026-04-11 17:55:05 | INFO | [Round 14] Epoch 13/80 time=00:01.53 avg=00:01.42 ETA=01:35.07 | GPU MB alloc/reserved=279.9/1900.0
2026-04-11 17:55:07 | INFO | [Round 14] epoch=14/80 loss=2.7045 acc=28.63 val_acc=nan data_t=0.0017s batch_t=0.0992s epoch_t=00:01.51 lr=0.000927 | GPU MB alloc/reserved=279.9/1900.0
2026-04-11 17:55:07 | INFO | [Round 14] Epoch 14/80 time=00:01.51 avg=00:01.43 ETA=01:34.09 | GPU MB alloc/reserved=279.9/1900.0
2026-04-11 17:55:08 | INFO | [Round 14] epoch=15/80 loss=2.5375 acc=33.11 val_acc=nan data_t=0.0017s batch_t=0.1012s epoch_t=00:01.54 lr=0.000917 | GPU MB alloc/reserved=279.9/1900.0
2026-04-11 17:55:08 | INFO | [Round 14] Epoch 15/80 time=00:01.54 avg=00:01.43 ETA=01:33.18 | GPU MB alloc/reserved=279.9/1900.0
2026-04-11 17:55:10 | INFO | [Round 14] epoch=16/80 loss=2.3920 acc=36.05 val_acc=nan data_t=0.0027s batch_t=0.1011s epoch_t=00:01.56 lr=0.000905 | GPU MB alloc/reserved=279.9/1900.0
2026-04-11 17:55:10 | INFO | [Round 14] Epoch 16/80 time=00:01.56 avg=00:01.44 ETA=01:32.25 | GPU MB alloc/reserved=279.9/1900.0
2026-04-11 17:55:11 | INFO | [Round 14] epoch=17/80 loss=2.2459 acc=38.58 val_acc=nan data_t=0.0025s batch_t=0.0999s epoch_t=00:01.54 lr=0.000894 | GPU MB alloc/reserved=279.9/1900.0
2026-04-11 17:55:11 | INFO | [Round 14] Epoch 17/80 time=00:01.54 avg=00:01.45 ETA=01:31.16 | GPU MB alloc/reserved=279.9/1900.0
2026-04-11 17:55:12 | INFO | [Round 14] epoch=18/80 loss=2.1103 acc=42.21 val_acc=nan data_t=0.0017s batch_t=0.0725s epoch_t=00:01.11 lr=0.000881 | GPU MB alloc/reserved=279.9/1900.0
2026-04-11 17:55:12 | INFO | [Round 14] Epoch 18/80 time=00:01.11 avg=00:01.43 ETA=01:28.56 | GPU MB alloc/reserved=279.9/1900.0
2026-04-11 17:55:14 | INFO | [Round 14] epoch=19/80 loss=1.9387 acc=46.53 val_acc=nan data_t=0.0020s batch_t=0.0754s epoch_t=00:01.16 lr=0.000868 | GPU MB alloc/reserved=279.9/1900.0
2026-04-11 17:55:14 | INFO | [Round 14] Epoch 19/80 time=00:01.16 avg=00:01.41 ETA=01:26.27 | GPU MB alloc/reserved=279.9/1900.0
2026-04-11 17:55:15 | INFO | [Round 14] epoch=20/80 loss=1.7341 acc=52.00 val_acc=nan data_t=0.0026s batch_t=0.0642s epoch_t=00:01.00 lr=0.000855 | GPU MB alloc/reserved=279.9/1900.0
2026-04-11 17:55:15 | INFO | [Round 14] Epoch 20/80 time=00:01.00 avg=00:01.39 ETA=01:23.62 | GPU MB alloc/reserved=279.9/1900.0
2026-04-11 17:55:16 | INFO | [Round 14] epoch=21/80 loss=1.6575 acc=52.68 val_acc=nan data_t=0.0029s batch_t=0.0718s epoch_t=00:01.12 lr=0.000841 | GPU MB alloc/reserved=279.9/1900.0
2026-04-11 17:55:16 | INFO | [Round 14] Epoch 21/80 time=00:01.12 avg=00:01.38 ETA=01:21.46 | GPU MB alloc/reserved=279.9/1900.0
2026-04-11 17:55:17 | INFO | [Round 14] epoch=22/80 loss=1.4641 acc=59.79 val_acc=nan data_t=0.0019s batch_t=0.0891s epoch_t=00:01.37 lr=0.000826 | GPU MB alloc/reserved=279.9/1900.0
2026-04-11 17:55:17 | INFO | [Round 14] Epoch 22/80 time=00:01.37 avg=00:01.38 ETA=01:20.04 | GPU MB alloc/reserved=279.9/1900.0
2026-04-11 17:55:19 | INFO | [Round 14] epoch=23/80 loss=1.3307 acc=64.26 val_acc=nan data_t=0.0024s batch_t=0.0908s epoch_t=00:01.40 lr=0.000811 | GPU MB alloc/reserved=279.9/1900.0
2026-04-11 17:55:19 | INFO | [Round 14] Epoch 23/80 time=00:01.40 avg=00:01.38 ETA=01:18.70 | GPU MB alloc/reserved=279.9/1900.0
2026-04-11 17:55:20 | INFO | [Round 14] epoch=24/80 loss=1.2062 acc=67.95 val_acc=nan data_t=0.0029s batch_t=0.0918s epoch_t=00:01.42 lr=0.000796 | GPU MB alloc/reserved=279.9/1900.0
2026-04-11 17:55:20 | INFO | [Round 14] Epoch 24/80 time=00:01.42 avg=00:01.38 ETA=01:17.41 | GPU MB alloc/reserved=279.9/1900.0
2026-04-11 17:55:21 | INFO | [Round 14] epoch=25/80 loss=1.0970 acc=71.32 val_acc=nan data_t=0.0020s batch_t=0.0924s epoch_t=00:01.42 lr=0.000780 | GPU MB alloc/reserved=279.9/1900.0
2026-04-11 17:55:21 | INFO | [Round 14] Epoch 25/80 time=00:01.42 avg=00:01.38 ETA=01:16.10 | GPU MB alloc/reserved=279.9/1900.0
2026-04-11 17:55:23 | INFO | [Round 14] epoch=26/80 loss=1.0348 acc=71.79 val_acc=nan data_t=0.0026s batch_t=0.0915s epoch_t=00:01.41 lr=0.000764 | GPU MB alloc/reserved=279.9/1900.0
2026-04-11 17:55:23 | INFO | [Round 14] Epoch 26/80 time=00:01.41 avg=00:01.38 ETA=01:14.78 | GPU MB alloc/reserved=279.9/1900.0
2026-04-11 17:55:24 | INFO | [Round 14] epoch=27/80 loss=0.8821 acc=76.58 val_acc=nan data_t=0.0029s batch_t=0.0920s epoch_t=00:01.42 lr=0.000747 | GPU MB alloc/reserved=279.9/1900.0
2026-04-11 17:55:24 | INFO | [Round 14] Epoch 27/80 time=00:01.42 avg=00:01.39 ETA=01:13.47 | GPU MB alloc/reserved=279.9/1900.0
2026-04-11 17:55:26 | INFO | [Round 14] epoch=28/80 loss=0.7622 acc=81.53 val_acc=nan data_t=0.0026s batch_t=0.0918s epoch_t=00:01.42 lr=0.000730 | GPU MB alloc/reserved=279.9/1900.0
2026-04-11 17:55:26 | INFO | [Round 14] Epoch 28/80 time=00:01.42 avg=00:01.39 ETA=01:12.14 | GPU MB alloc/reserved=279.9/1900.0
2026-04-11 17:55:27 | INFO | [Round 14] epoch=29/80 loss=0.6446 acc=85.26 val_acc=nan data_t=0.0024s batch_t=0.0920s epoch_t=00:01.42 lr=0.000712 | GPU MB alloc/reserved=279.9/1900.0
2026-04-11 17:55:27 | INFO | [Round 14] Epoch 29/80 time=00:01.42 avg=00:01.39 ETA=01:10.80 | GPU MB alloc/reserved=279.9/1900.0
2026-04-11 17:55:28 | INFO | [Round 14] epoch=30/80 loss=0.5556 acc=87.32 val_acc=nan data_t=0.0018s batch_t=0.0922s epoch_t=00:01.41 lr=0.000694 | GPU MB alloc/reserved=279.9/1900.0
2026-04-11 17:55:28 | INFO | [Round 14] Epoch 30/80 time=00:01.41 avg=00:01.39 ETA=01:09.45 | GPU MB alloc/reserved=279.9/1900.0
2026-04-11 17:55:30 | INFO | [Round 14] epoch=31/80 loss=0.5037 acc=88.68 val_acc=nan data_t=0.0027s batch_t=0.0917s epoch_t=00:01.42 lr=0.000676 | GPU MB alloc/reserved=279.9/1900.0
2026-04-11 17:55:30 | INFO | [Round 14] Epoch 31/80 time=00:01.42 avg=00:01.39 ETA=01:08.10 | GPU MB alloc/reserved=279.9/1900.0
2026-04-11 17:55:31 | INFO | [Round 14] epoch=32/80 loss=0.4418 acc=90.53 val_acc=nan data_t=0.0018s batch_t=0.0928s epoch_t=00:01.42 lr=0.000658 | GPU MB alloc/reserved=279.9/1900.0
2026-04-11 17:55:31 | INFO | [Round 14] Epoch 32/80 time=00:01.42 avg=00:01.39 ETA=01:06.76 | GPU MB alloc/reserved=279.9/1900.0
2026-04-11 17:55:33 | INFO | [Round 14] epoch=33/80 loss=0.3839 acc=92.32 val_acc=nan data_t=0.0027s batch_t=0.0915s epoch_t=00:01.41 lr=0.000639 | GPU MB alloc/reserved=279.9/1900.0
2026-04-11 17:55:33 | INFO | [Round 14] Epoch 33/80 time=00:01.41 avg=00:01.39 ETA=01:05.40 | GPU MB alloc/reserved=279.9/1900.0
2026-04-11 17:55:34 | INFO | [Round 14] epoch=34/80 loss=0.3447 acc=93.21 val_acc=nan data_t=0.0019s batch_t=0.0921s epoch_t=00:01.41 lr=0.000621 | GPU MB alloc/reserved=279.9/1900.0
2026-04-11 17:55:34 | INFO | [Round 14] Epoch 34/80 time=00:01.41 avg=00:01.39 ETA=01:04.03 | GPU MB alloc/reserved=279.9/1900.0
2026-04-11 17:55:36 | INFO | [Round 14] epoch=35/80 loss=0.2991 acc=93.89 val_acc=nan data_t=0.0028s batch_t=0.0916s epoch_t=00:01.42 lr=0.000602 | GPU MB alloc/reserved=279.9/1900.0
2026-04-11 17:55:36 | INFO | [Round 14] Epoch 35/80 time=00:01.42 avg=00:01.39 ETA=01:02.67 | GPU MB alloc/reserved=279.9/1900.0
2026-04-11 17:55:37 | INFO | [Round 14] epoch=36/80 loss=0.2621 acc=94.89 val_acc=nan data_t=0.0028s batch_t=0.0932s epoch_t=00:01.44 lr=0.000582 | GPU MB alloc/reserved=279.9/1900.0
2026-04-11 17:55:37 | INFO | [Round 14] Epoch 36/80 time=00:01.44 avg=00:01.39 ETA=01:01.33 | GPU MB alloc/reserved=279.9/1900.0
2026-04-11 17:55:38 | INFO | [Round 14] epoch=37/80 loss=0.2239 acc=96.05 val_acc=nan data_t=0.0025s batch_t=0.0904s epoch_t=00:01.39 lr=0.000563 | GPU MB alloc/reserved=279.9/1900.0
2026-04-11 17:55:38 | INFO | [Round 14] Epoch 37/80 time=00:01.39 avg=00:01.39 ETA=00:59.94 | GPU MB alloc/reserved=279.9/1900.0
2026-04-11 17:55:40 | INFO | [Round 14] epoch=38/80 loss=0.1846 acc=96.95 val_acc=nan data_t=0.0027s batch_t=0.0912s epoch_t=00:01.41 lr=0.000544 | GPU MB alloc/reserved=279.9/1900.0
2026-04-11 17:55:40 | INFO | [Round 14] Epoch 38/80 time=00:01.41 avg=00:01.39 ETA=00:58.56 | GPU MB alloc/reserved=279.9/1900.0
2026-04-11 17:55:41 | INFO | [Round 14] epoch=39/80 loss=0.1357 acc=98.63 val_acc=nan data_t=0.0029s batch_t=0.0915s epoch_t=00:01.42 lr=0.000524 | GPU MB alloc/reserved=279.9/1900.0
2026-04-11 17:55:41 | INFO | [Round 14] Epoch 39/80 time=00:01.42 avg=00:01.39 ETA=00:57.19 | GPU MB alloc/reserved=279.9/1900.0
2026-04-11 17:55:43 | INFO | [Round 14] epoch=40/80 loss=0.1113 acc=98.84 val_acc=nan data_t=0.0018s batch_t=0.0922s epoch_t=00:01.41 lr=0.000505 | GPU MB alloc/reserved=279.9/1900.0
2026-04-11 17:55:43 | INFO | [Round 14] Epoch 40/80 time=00:01.41 avg=00:01.40 ETA=00:55.81 | GPU MB alloc/reserved=279.9/1900.0
2026-04-11 17:55:44 | INFO | [Round 14] epoch=41/80 loss=0.1029 acc=98.79 val_acc=nan data_t=0.0030s batch_t=0.0913s epoch_t=00:01.42 lr=0.000486 | GPU MB alloc/reserved=279.9/1900.0
2026-04-11 17:55:44 | INFO | [Round 14] Epoch 41/80 time=00:01.42 avg=00:01.40 ETA=00:54.44 | GPU MB alloc/reserved=279.9/1900.0
2026-04-11 17:55:46 | INFO | [Round 14] epoch=42/80 loss=0.0885 acc=99.32 val_acc=nan data_t=0.0018s batch_t=0.0924s epoch_t=00:01.41 lr=0.000466 | GPU MB alloc/reserved=279.9/1900.0
2026-04-11 17:55:46 | INFO | [Round 14] Epoch 42/80 time=00:01.41 avg=00:01.40 ETA=00:53.06 | GPU MB alloc/reserved=279.9/1900.0
2026-04-11 17:55:47 | INFO | [Round 14] epoch=43/80 loss=0.0746 acc=99.26 val_acc=nan data_t=0.0033s batch_t=0.0918s epoch_t=00:01.43 lr=0.000447 | GPU MB alloc/reserved=279.9/1900.0
2026-04-11 17:55:47 | INFO | [Round 14] Epoch 43/80 time=00:01.43 avg=00:01.40 ETA=00:51.69 | GPU MB alloc/reserved=279.9/1900.0
2026-04-11 17:55:48 | INFO | [Round 14] epoch=44/80 loss=0.0647 acc=99.68 val_acc=nan data_t=0.0032s batch_t=0.0916s epoch_t=00:01.42 lr=0.000428 | GPU MB alloc/reserved=279.9/1900.0
2026-04-11 17:55:48 | INFO | [Round 14] Epoch 44/80 time=00:01.42 avg=00:01.40 ETA=00:50.31 | GPU MB alloc/reserved=279.9/1900.0
2026-04-11 17:55:50 | INFO | [Round 14] epoch=45/80 loss=0.0588 acc=99.58 val_acc=nan data_t=0.0030s batch_t=0.0919s epoch_t=00:01.42 lr=0.000408 | GPU MB alloc/reserved=279.9/1900.0
2026-04-11 17:55:50 | INFO | [Round 14] Epoch 45/80 time=00:01.42 avg=00:01.40 ETA=00:48.93 | GPU MB alloc/reserved=279.9/1900.0
2026-04-11 17:55:51 | INFO | [Round 14] epoch=46/80 loss=0.0554 acc=99.79 val_acc=nan data_t=0.0027s batch_t=0.0917s epoch_t=00:01.42 lr=0.000389 | GPU MB alloc/reserved=279.9/1900.0
2026-04-11 17:55:51 | INFO | [Round 14] Epoch 46/80 time=00:01.42 avg=00:01.40 ETA=00:47.55 | GPU MB alloc/reserved=279.9/1900.0
2026-04-11 17:55:52 | INFO | [Round 14] epoch=47/80 loss=0.0425 acc=99.95 val_acc=nan data_t=0.0029s batch_t=0.0738s epoch_t=00:01.15 lr=0.000371 | GPU MB alloc/reserved=279.9/1900.0
2026-04-11 17:55:52 | INFO | [Round 14] Epoch 47/80 time=00:01.15 avg=00:01.39 ETA=00:45.98 | GPU MB alloc/reserved=279.9/1900.0
2026-04-11 17:55:54 | INFO | [Round 14] epoch=48/80 loss=0.0427 acc=99.84 val_acc=nan data_t=0.0031s batch_t=0.0989s epoch_t=00:01.53 lr=0.000352 | GPU MB alloc/reserved=279.9/1900.0
2026-04-11 17:55:54 | INFO | [Round 14] Epoch 48/80 time=00:01.53 avg=00:01.40 ETA=00:44.67 | GPU MB alloc/reserved=279.9/1900.0
2026-04-11 17:55:55 | INFO | [Round 14] epoch=49/80 loss=0.0367 acc=99.89 val_acc=nan data_t=0.0029s batch_t=0.0990s epoch_t=00:01.53 lr=0.000334 | GPU MB alloc/reserved=279.9/1900.0
2026-04-11 17:55:55 | INFO | [Round 14] Epoch 49/80 time=00:01.53 avg=00:01.40 ETA=00:43.36 | GPU MB alloc/reserved=279.9/1900.0
2026-04-11 17:55:57 | INFO | [Round 14] epoch=50/80 loss=0.0350 acc=99.84 val_acc=nan data_t=0.0020s batch_t=0.0991s epoch_t=00:01.52 lr=0.000316 | GPU MB alloc/reserved=279.9/1900.0
2026-04-11 17:55:57 | INFO | [Round 14] Epoch 50/80 time=00:01.52 avg=00:01.40 ETA=00:42.03 | GPU MB alloc/reserved=279.9/1900.0
2026-04-11 17:55:59 | INFO | [Round 14] epoch=51/80 loss=0.0335 acc=99.89 val_acc=nan data_t=0.0023s batch_t=0.1025s epoch_t=00:01.57 lr=0.000298 | GPU MB alloc/reserved=279.9/1900.0
2026-04-11 17:55:59 | INFO | [Round 14] Epoch 51/80 time=00:01.57 avg=00:01.40 ETA=00:40.73 | GPU MB alloc/reserved=279.9/1900.0
2026-04-11 17:56:00 | INFO | [Round 14] epoch=52/80 loss=0.0301 acc=99.95 val_acc=nan data_t=0.0019s batch_t=0.1000s epoch_t=00:01.53 lr=0.000280 | GPU MB alloc/reserved=279.9/1900.0
2026-04-11 17:56:00 | INFO | [Round 14] Epoch 52/80 time=00:01.53 avg=00:01.41 ETA=00:39.39 | GPU MB alloc/reserved=279.9/1900.0
2026-04-11 17:56:01 | INFO | [Round 14] epoch=53/80 loss=0.0279 acc=99.89 val_acc=nan data_t=0.0017s batch_t=0.0842s epoch_t=00:01.29 lr=0.000263 | GPU MB alloc/reserved=279.9/1900.0
2026-04-11 17:56:01 | INFO | [Round 14] Epoch 53/80 time=00:01.29 avg=00:01.40 ETA=00:37.92 | GPU MB alloc/reserved=279.9/1900.0
2026-04-11 17:56:02 | INFO | [Round 14] epoch=54/80 loss=0.0251 acc=100.00 val_acc=nan data_t=0.0029s batch_t=0.0668s epoch_t=00:01.05 lr=0.000246 | GPU MB alloc/reserved=279.9/1900.0
2026-04-11 17:56:02 | INFO | [Round 14] Epoch 54/80 time=00:01.05 avg=00:01.40 ETA=00:36.35 | GPU MB alloc/reserved=279.9/1900.0
2026-04-11 17:56:03 | INFO | [Round 14] epoch=55/80 loss=0.0235 acc=99.95 val_acc=nan data_t=0.0029s batch_t=0.0673s epoch_t=00:01.05 lr=0.000230 | GPU MB alloc/reserved=279.9/1900.0
2026-04-11 17:56:03 | INFO | [Round 14] Epoch 55/80 time=00:01.05 avg=00:01.39 ETA=00:34.79 | GPU MB alloc/reserved=279.9/1900.0
2026-04-11 17:56:04 | INFO | [Round 14] epoch=56/80 loss=0.0218 acc=100.00 val_acc=nan data_t=0.0017s batch_t=0.0628s epoch_t=00:00.97 lr=0.000214 | GPU MB alloc/reserved=279.9/1900.0
2026-04-11 17:56:04 | INFO | [Round 14] Epoch 56/80 time=00:00.97 avg=00:01.38 ETA=00:33.22 | GPU MB alloc/reserved=279.9/1900.0
2026-04-11 17:56:06 | INFO | [Round 14] epoch=57/80 loss=0.0249 acc=99.95 val_acc=nan data_t=0.0022s batch_t=0.0879s epoch_t=00:01.35 lr=0.000199 | GPU MB alloc/reserved=279.9/1900.0
2026-04-11 17:56:06 | INFO | [Round 14] Epoch 57/80 time=00:01.35 avg=00:01.38 ETA=00:31.82 | GPU MB alloc/reserved=279.9/1900.0
2026-04-11 17:56:07 | INFO | [Round 14] epoch=58/80 loss=0.0212 acc=99.95 val_acc=nan data_t=0.0029s batch_t=0.0891s epoch_t=00:01.38 lr=0.000184 | GPU MB alloc/reserved=279.9/1900.0
2026-04-11 17:56:07 | INFO | [Round 14] Epoch 58/80 time=00:01.38 avg=00:01.38 ETA=00:30.44 | GPU MB alloc/reserved=279.9/1900.0
2026-04-11 17:56:09 | INFO | [Round 14] epoch=59/80 loss=0.0203 acc=99.89 val_acc=nan data_t=0.0020s batch_t=0.0912s epoch_t=00:01.40 lr=0.000169 | GPU MB alloc/reserved=279.9/1900.0
2026-04-11 17:56:09 | INFO | [Round 14] Epoch 59/80 time=00:01.40 avg=00:01.38 ETA=00:29.06 | GPU MB alloc/reserved=279.9/1900.0
2026-04-11 17:56:10 | INFO | [Round 14] epoch=60/80 loss=0.0199 acc=100.00 val_acc=nan data_t=0.0027s batch_t=0.0923s epoch_t=00:01.42 lr=0.000155 | GPU MB alloc/reserved=279.9/1900.0
2026-04-11 17:56:10 | INFO | [Round 14] Epoch 60/80 time=00:01.42 avg=00:01.38 ETA=00:27.69 | GPU MB alloc/reserved=279.9/1900.0
2026-04-11 17:56:11 | INFO | [Round 14] epoch=61/80 loss=0.0207 acc=100.00 val_acc=nan data_t=0.0027s batch_t=0.0924s epoch_t=00:01.43 lr=0.000142 | GPU MB alloc/reserved=279.9/1900.0
2026-04-11 17:56:11 | INFO | [Round 14] Epoch 61/80 time=00:01.43 avg=00:01.39 ETA=00:26.32 | GPU MB alloc/reserved=279.9/1900.0
2026-04-11 17:56:13 | INFO | [Round 14] epoch=62/80 loss=0.0163 acc=100.00 val_acc=nan data_t=0.0027s batch_t=0.0937s epoch_t=00:01.45 lr=0.000129 | GPU MB alloc/reserved=279.9/1900.0
2026-04-11 17:56:13 | INFO | [Round 14] Epoch 62/80 time=00:01.45 avg=00:01.39 ETA=00:24.95 | GPU MB alloc/reserved=279.9/1900.0
2026-04-11 17:56:14 | INFO | [Round 14] epoch=63/80 loss=0.0172 acc=100.00 val_acc=nan data_t=0.0031s batch_t=0.0913s epoch_t=00:01.42 lr=0.000116 | GPU MB alloc/reserved=279.9/1900.0
2026-04-11 17:56:14 | INFO | [Round 14] Epoch 63/80 time=00:01.42 avg=00:01.39 ETA=00:23.57 | GPU MB alloc/reserved=279.9/1900.0
2026-04-11 17:56:16 | INFO | [Round 14] epoch=64/80 loss=0.0169 acc=99.95 val_acc=nan data_t=0.0019s batch_t=0.0856s epoch_t=00:01.31 lr=0.000105 | GPU MB alloc/reserved=279.9/1900.0
2026-04-11 17:56:16 | INFO | [Round 14] Epoch 64/80 time=00:01.31 avg=00:01.39 ETA=00:22.17 | GPU MB alloc/reserved=279.9/1900.0
2026-04-11 17:56:17 | INFO | [Round 14] epoch=65/80 loss=0.0166 acc=100.00 val_acc=nan data_t=0.0023s batch_t=0.0923s epoch_t=00:01.42 lr=0.000093 | GPU MB alloc/reserved=279.9/1900.0
2026-04-11 17:56:17 | INFO | [Round 14] Epoch 65/80 time=00:01.42 avg=00:01.39 ETA=00:20.79 | GPU MB alloc/reserved=279.9/1900.0
2026-04-11 17:56:18 | INFO | [Round 14] epoch=66/80 loss=0.0162 acc=100.00 val_acc=nan data_t=0.0022s batch_t=0.0925s epoch_t=00:01.42 lr=0.000083 | GPU MB alloc/reserved=279.9/1900.0
2026-04-11 17:56:18 | INFO | [Round 14] Epoch 66/80 time=00:01.42 avg=00:01.39 ETA=00:19.41 | GPU MB alloc/reserved=279.9/1900.0
2026-04-11 17:56:20 | INFO | [Round 14] epoch=67/80 loss=0.0145 acc=100.00 val_acc=nan data_t=0.0018s batch_t=0.0921s epoch_t=00:01.41 lr=0.000073 | GPU MB alloc/reserved=279.9/1900.0
2026-04-11 17:56:20 | INFO | [Round 14] Epoch 67/80 time=00:01.41 avg=00:01.39 ETA=00:18.03 | GPU MB alloc/reserved=279.9/1900.0
2026-04-11 17:56:21 | INFO | [Round 14] epoch=68/80 loss=0.0157 acc=100.00 val_acc=nan data_t=0.0018s batch_t=0.0890s epoch_t=00:01.36 lr=0.000064 | GPU MB alloc/reserved=279.9/1900.0
2026-04-11 17:56:21 | INFO | [Round 14] Epoch 68/80 time=00:01.36 avg=00:01.39 ETA=00:16.64 | GPU MB alloc/reserved=279.9/1900.0
2026-04-11 17:56:23 | INFO | [Round 14] epoch=69/80 loss=0.0155 acc=100.00 val_acc=nan data_t=0.0032s batch_t=0.0916s epoch_t=00:01.42 lr=0.000055 | GPU MB alloc/reserved=279.9/1900.0
2026-04-11 17:56:23 | INFO | [Round 14] Epoch 69/80 time=00:01.42 avg=00:01.39 ETA=00:15.26 | GPU MB alloc/reserved=279.9/1900.0
2026-04-11 17:56:24 | INFO | [Round 14] epoch=70/80 loss=0.0161 acc=99.95 val_acc=nan data_t=0.0017s batch_t=0.0924s epoch_t=00:01.41 lr=0.000048 | GPU MB alloc/reserved=279.9/1900.0
2026-04-11 17:56:24 | INFO | [Round 14] Epoch 70/80 time=00:01.41 avg=00:01.39 ETA=00:13.87 | GPU MB alloc/reserved=279.9/1900.0
2026-04-11 17:56:25 | INFO | [Round 14] epoch=71/80 loss=0.0160 acc=100.00 val_acc=nan data_t=0.0025s batch_t=0.0918s epoch_t=00:01.42 lr=0.000041 | GPU MB alloc/reserved=279.9/1900.0
2026-04-11 17:56:25 | INFO | [Round 14] Epoch 71/80 time=00:01.42 avg=00:01.39 ETA=00:12.49 | GPU MB alloc/reserved=279.9/1900.0
2026-04-11 17:56:27 | INFO | [Round 14] epoch=72/80 loss=0.0168 acc=99.95 val_acc=nan data_t=0.0018s batch_t=0.0909s epoch_t=00:01.39 lr=0.000034 | GPU MB alloc/reserved=279.9/1900.0
2026-04-11 17:56:27 | INFO | [Round 14] Epoch 72/80 time=00:01.39 avg=00:01.39 ETA=00:11.10 | GPU MB alloc/reserved=279.9/1900.0
2026-04-11 17:56:28 | INFO | [Round 14] epoch=73/80 loss=0.0164 acc=100.00 val_acc=nan data_t=0.0017s batch_t=0.0923s epoch_t=00:01.41 lr=0.000029 | GPU MB alloc/reserved=279.9/1900.0
2026-04-11 17:56:28 | INFO | [Round 14] Epoch 73/80 time=00:01.41 avg=00:01.39 ETA=00:09.72 | GPU MB alloc/reserved=279.9/1900.0
2026-04-11 17:56:30 | INFO | [Round 14] epoch=74/80 loss=0.0142 acc=100.00 val_acc=nan data_t=0.0030s batch_t=0.0910s epoch_t=00:01.41 lr=0.000024 | GPU MB alloc/reserved=279.9/1900.0
2026-04-11 17:56:30 | INFO | [Round 14] Epoch 74/80 time=00:01.41 avg=00:01.39 ETA=00:08.33 | GPU MB alloc/reserved=279.9/1900.0
2026-04-11 17:56:31 | INFO | [Round 14] epoch=75/80 loss=0.0143 acc=100.00 val_acc=nan data_t=0.0028s batch_t=0.0909s epoch_t=00:01.41 lr=0.000020 | GPU MB alloc/reserved=279.9/1900.0
2026-04-11 17:56:31 | INFO | [Round 14] Epoch 75/80 time=00:01.41 avg=00:01.39 ETA=00:06.94 | GPU MB alloc/reserved=279.9/1900.0
2026-04-11 17:56:32 | INFO | [Round 14] epoch=76/80 loss=0.0147 acc=100.00 val_acc=nan data_t=0.0019s batch_t=0.0914s epoch_t=00:01.40 lr=0.000016 | GPU MB alloc/reserved=279.9/1900.0
2026-04-11 17:56:32 | INFO | [Round 14] Epoch 76/80 time=00:01.40 avg=00:01.39 ETA=00:05.55 | GPU MB alloc/reserved=279.9/1900.0
2026-04-11 17:56:34 | INFO | [Round 14] epoch=77/80 loss=0.0141 acc=100.00 val_acc=nan data_t=0.0028s batch_t=0.0921s epoch_t=00:01.42 lr=0.000013 | GPU MB alloc/reserved=279.9/1900.0
2026-04-11 17:56:34 | INFO | [Round 14] Epoch 77/80 time=00:01.42 avg=00:01.39 ETA=00:04.17 | GPU MB alloc/reserved=279.9/1900.0
2026-04-11 17:56:35 | INFO | [Round 14] epoch=78/80 loss=0.0151 acc=100.00 val_acc=nan data_t=0.0021s batch_t=0.0915s epoch_t=00:01.40 lr=0.000012 | GPU MB alloc/reserved=279.9/1900.0
2026-04-11 17:56:35 | INFO | [Round 14] Epoch 78/80 time=00:01.40 avg=00:01.39 ETA=00:02.78 | GPU MB alloc/reserved=279.9/1900.0
2026-04-11 17:56:37 | INFO | [Round 14] epoch=79/80 loss=0.0135 acc=100.00 val_acc=nan data_t=0.0021s batch_t=0.0909s epoch_t=00:01.40 lr=0.000010 | GPU MB alloc/reserved=279.9/1900.0
2026-04-11 17:56:37 | INFO | [Round 14] Epoch 79/80 time=00:01.40 avg=00:01.39 ETA=00:01.39 | GPU MB alloc/reserved=279.9/1900.0
2026-04-11 17:56:38 | INFO | [Round 14] epoch=80/80 loss=0.0147 acc=100.00 val_acc=nan data_t=0.0019s batch_t=0.0915s epoch_t=00:01.40 lr=0.000010 | GPU MB alloc/reserved=279.9/1900.0
2026-04-11 17:56:38 | INFO | [Round 14] Epoch 80/80 time=00:01.40 avg=00:01.39 ETA=00:00.00 | GPU MB alloc/reserved=279.9/1900.0
2026-04-11 17:56:38 | INFO | [Round 14] training complete in 01:51.48 (best monitor=100.000) | GPU MB alloc/reserved=279.9/1900.0
2026-04-11 17:56:38 | INFO | [Round 14] evaluation started | GPU MB alloc/reserved=192.9/1900.0
2026-04-11 17:56:47 | INFO | [Round 14] clean=19.41 fgsm=14.62 pgd=14.58 grad_disp_mean=nan grad_disp_sel=nan round_t=123.10s | GPU MB alloc/reserved=192.9/1900.0
2026-04-11 17:56:47 | INFO | [Round 15/21] elapsed=02:03.10 avg_round=01:22.14 projected_remaining=08:12.82 | GPU MB alloc/reserved=192.9/1900.0
2026-04-11 17:56:48 | INFO | [Round 15] acquisition on pool_size=48100 scored_pool=5000 budget=100 | GPU MB alloc/reserved=104.5/1900.0
2026-04-11 17:56:49 | INFO | [CoreSet-unlabeled-feat] scoring progress 10/20 elapsed=00:00.24 avg/batch=0.024s ETA=00:00.24 | GPU MB alloc/reserved=112.6/1900.0
2026-04-11 17:56:49 | INFO | [CoreSet-unlabeled-feat] scoring progress 20/20 elapsed=00:00.38 avg/batch=0.019s ETA=00:00.00 | GPU MB alloc/reserved=116.1/1900.0
2026-04-11 17:56:49 | INFO | [CoreSet-labeled-feat] scoring progress 8/8 elapsed=00:00.21 avg/batch=0.027s ETA=00:00.00 | GPU MB alloc/reserved=119.4/1900.0
2026-04-11 17:56:49 | INFO | [CoreSet] greedy 10/100 cover_radius=27.405462 | GPU: n/a
2026-04-11 17:56:49 | INFO | [CoreSet] greedy 20/100 cover_radius=27.037161 | GPU: n/a
2026-04-11 17:56:49 | INFO | [CoreSet] greedy 30/100 cover_radius=26.733654 | GPU: n/a
2026-04-11 17:56:50 | INFO | [CoreSet] greedy 40/100 cover_radius=26.612413 | GPU: n/a
2026-04-11 17:56:50 | INFO | [CoreSet] greedy 50/100 cover_radius=26.492393 | GPU: n/a
2026-04-11 17:56:50 | INFO | [CoreSet] greedy 60/100 cover_radius=26.367617 | GPU: n/a
2026-04-11 17:56:50 | INFO | [CoreSet] greedy 70/100 cover_radius=26.260391 | GPU: n/a
2026-04-11 17:56:50 | INFO | [CoreSet] greedy 80/100 cover_radius=26.154123 | GPU: n/a
2026-04-11 17:56:50 | INFO | [CoreSet] greedy 90/100 cover_radius=26.069536 | GPU: n/a
2026-04-11 17:56:50 | INFO | [CoreSet] greedy 100/100 cover_radius=26.010984 | GPU: n/a
2026-04-11 17:56:51 | INFO | [Round 15] labeled=2000 train=2000 val_fixed=0 | GPU MB alloc/reserved=149.4/1900.0
2026-04-11 17:56:52 | INFO | [Round 15] epoch=1/80 loss=4.7049 acc=1.95 val_acc=nan data_t=0.0128s batch_t=0.0927s epoch_t=00:01.69 lr=0.001000 | GPU MB alloc/reserved=278.9/1900.0
2026-04-11 17:56:52 | INFO | [Round 15] Epoch 1/80 time=00:01.69 avg=00:01.69 ETA=02:13.46 | GPU MB alloc/reserved=278.9/1900.0
2026-04-11 17:56:54 | INFO | [Round 15] epoch=2/80 loss=4.4347 acc=3.80 val_acc=nan data_t=0.0021s batch_t=0.0911s epoch_t=00:01.49 lr=0.000998 | GPU MB alloc/reserved=278.9/1900.0
2026-04-11 17:56:54 | INFO | [Round 15] Epoch 2/80 time=00:01.49 avg=00:01.59 ETA=02:04.04 | GPU MB alloc/reserved=278.9/1900.0
2026-04-11 17:56:55 | INFO | [Round 15] epoch=3/80 loss=4.2131 acc=6.75 val_acc=nan data_t=0.0026s batch_t=0.0923s epoch_t=00:01.52 lr=0.000997 | GPU MB alloc/reserved=278.9/1900.0
2026-04-11 17:56:55 | INFO | [Round 15] Epoch 3/80 time=00:01.52 avg=00:01.57 ETA=02:00.63 | GPU MB alloc/reserved=278.9/1900.0
2026-04-11 17:56:57 | INFO | [Round 15] epoch=4/80 loss=4.0382 acc=8.00 val_acc=nan data_t=0.0026s batch_t=0.0907s epoch_t=00:01.49 lr=0.000994 | GPU MB alloc/reserved=278.9/1900.0
2026-04-11 17:56:57 | INFO | [Round 15] Epoch 4/80 time=00:01.49 avg=00:01.55 ETA=01:57.66 | GPU MB alloc/reserved=278.9/1900.0
2026-04-11 17:56:59 | INFO | [Round 15] epoch=5/80 loss=3.8858 acc=10.45 val_acc=nan data_t=0.0029s batch_t=0.0919s epoch_t=00:01.52 lr=0.000990 | GPU MB alloc/reserved=278.9/1900.0
2026-04-11 17:56:59 | INFO | [Round 15] Epoch 5/80 time=00:01.52 avg=00:01.54 ETA=01:55.63 | GPU MB alloc/reserved=278.9/1900.0
2026-04-11 17:57:00 | INFO | [Round 15] epoch=6/80 loss=3.7560 acc=11.75 val_acc=nan data_t=0.0028s batch_t=0.0900s epoch_t=00:01.48 lr=0.000986 | GPU MB alloc/reserved=278.9/1900.0
2026-04-11 17:57:00 | INFO | [Round 15] Epoch 6/80 time=00:01.48 avg=00:01.53 ETA=01:53.39 | GPU MB alloc/reserved=278.9/1900.0
2026-04-11 17:57:01 | INFO | [Round 15] epoch=7/80 loss=3.6588 acc=12.80 val_acc=nan data_t=0.0031s batch_t=0.0903s epoch_t=00:01.49 lr=0.000981 | GPU MB alloc/reserved=278.9/1900.0
2026-04-11 17:57:01 | INFO | [Round 15] Epoch 7/80 time=00:01.49 avg=00:01.53 ETA=01:51.45 | GPU MB alloc/reserved=278.9/1900.0
2026-04-11 17:57:03 | INFO | [Round 15] epoch=8/80 loss=3.5151 acc=15.55 val_acc=nan data_t=0.0019s batch_t=0.0913s epoch_t=00:01.49 lr=0.000976 | GPU MB alloc/reserved=278.9/1900.0
2026-04-11 17:57:03 | INFO | [Round 15] Epoch 8/80 time=00:01.49 avg=00:01.52 ETA=01:49.60 | GPU MB alloc/reserved=278.9/1900.0
2026-04-11 17:57:04 | INFO | [Round 15] epoch=9/80 loss=3.3256 acc=18.05 val_acc=nan data_t=0.0017s batch_t=0.0913s epoch_t=00:01.49 lr=0.000969 | GPU MB alloc/reserved=278.9/1900.0
2026-04-11 17:57:04 | INFO | [Round 15] Epoch 9/80 time=00:01.49 avg=00:01.52 ETA=01:47.82 | GPU MB alloc/reserved=278.9/1900.0
2026-04-11 17:57:06 | INFO | [Round 15] epoch=10/80 loss=3.2477 acc=19.10 val_acc=nan data_t=0.0026s batch_t=0.0926s epoch_t=00:01.52 lr=0.000962 | GPU MB alloc/reserved=278.9/1900.0
2026-04-11 17:57:06 | INFO | [Round 15] Epoch 10/80 time=00:01.52 avg=00:01.52 ETA=01:46.32 | GPU MB alloc/reserved=278.9/1900.0
2026-04-11 17:57:07 | INFO | [Round 15] epoch=11/80 loss=3.1319 acc=21.70 val_acc=nan data_t=0.0020s batch_t=0.0844s epoch_t=00:01.38 lr=0.000955 | GPU MB alloc/reserved=278.9/1900.0
2026-04-11 17:57:07 | INFO | [Round 15] Epoch 11/80 time=00:01.38 avg=00:01.51 ETA=01:43.95 | GPU MB alloc/reserved=278.9/1900.0
2026-04-11 17:57:09 | INFO | [Round 15] epoch=12/80 loss=3.0123 acc=22.55 val_acc=nan data_t=0.0020s batch_t=0.0899s epoch_t=00:01.47 lr=0.000946 | GPU MB alloc/reserved=278.9/1900.0
2026-04-11 17:57:09 | INFO | [Round 15] Epoch 12/80 time=00:01.47 avg=00:01.50 ETA=01:42.24 | GPU MB alloc/reserved=278.9/1900.0
2026-04-11 17:57:10 | INFO | [Round 15] epoch=13/80 loss=2.8805 acc=25.85 val_acc=nan data_t=0.0020s batch_t=0.0961s epoch_t=00:01.57 lr=0.000937 | GPU MB alloc/reserved=278.9/1900.0
2026-04-11 17:57:10 | INFO | [Round 15] Epoch 13/80 time=00:01.57 avg=00:01.51 ETA=01:41.08 | GPU MB alloc/reserved=278.9/1900.0
2026-04-11 17:57:12 | INFO | [Round 15] epoch=14/80 loss=2.7367 acc=27.20 val_acc=nan data_t=0.0021s batch_t=0.1005s epoch_t=00:01.64 lr=0.000927 | GPU MB alloc/reserved=278.9/1900.0
2026-04-11 17:57:12 | INFO | [Round 15] Epoch 14/80 time=00:01.64 avg=00:01.52 ETA=01:40.19 | GPU MB alloc/reserved=278.9/1900.0
2026-04-11 17:57:14 | INFO | [Round 15] epoch=15/80 loss=2.5822 acc=31.85 val_acc=nan data_t=0.0021s batch_t=0.0995s epoch_t=00:01.63 lr=0.000917 | GPU MB alloc/reserved=278.9/1900.0
2026-04-11 17:57:14 | INFO | [Round 15] Epoch 15/80 time=00:01.63 avg=00:01.53 ETA=01:39.14 | GPU MB alloc/reserved=278.9/1900.0
2026-04-11 17:57:15 | INFO | [Round 15] epoch=16/80 loss=2.4418 acc=34.60 val_acc=nan data_t=0.0029s batch_t=0.1002s epoch_t=00:01.65 lr=0.000905 | GPU MB alloc/reserved=278.9/1900.0
2026-04-11 17:57:15 | INFO | [Round 15] Epoch 16/80 time=00:01.65 avg=00:01.53 ETA=01:38.12 | GPU MB alloc/reserved=278.9/1900.0
2026-04-11 17:57:17 | INFO | [Round 15] epoch=17/80 loss=2.3982 acc=34.90 val_acc=nan data_t=0.0029s batch_t=0.0804s epoch_t=00:01.33 lr=0.000894 | GPU MB alloc/reserved=278.9/1900.0
2026-04-11 17:57:17 | INFO | [Round 15] Epoch 17/80 time=00:01.33 avg=00:01.52 ETA=01:35.84 | GPU MB alloc/reserved=278.9/1900.0
2026-04-11 17:57:18 | INFO | [Round 15] epoch=18/80 loss=2.1761 acc=40.05 val_acc=nan data_t=0.0030s batch_t=0.0688s epoch_t=00:01.15 lr=0.000881 | GPU MB alloc/reserved=278.9/1900.0
2026-04-11 17:57:18 | INFO | [Round 15] Epoch 18/80 time=00:01.15 avg=00:01.50 ETA=01:33.03 | GPU MB alloc/reserved=278.9/1900.0
2026-04-11 17:57:19 | INFO | [Round 15] epoch=19/80 loss=2.0327 acc=43.75 val_acc=nan data_t=0.0027s batch_t=0.0650s epoch_t=00:01.08 lr=0.000868 | GPU MB alloc/reserved=278.9/1900.0
2026-04-11 17:57:19 | INFO | [Round 15] Epoch 19/80 time=00:01.08 avg=00:01.48 ETA=01:30.19 | GPU MB alloc/reserved=278.9/1900.0
2026-04-11 17:57:20 | INFO | [Round 15] epoch=20/80 loss=1.8721 acc=48.40 val_acc=nan data_t=0.0033s batch_t=0.0666s epoch_t=00:01.12 lr=0.000855 | GPU MB alloc/reserved=278.9/1900.0
2026-04-11 17:57:20 | INFO | [Round 15] Epoch 20/80 time=00:01.12 avg=00:01.46 ETA=01:27.64 | GPU MB alloc/reserved=278.9/1900.0
2026-04-11 17:57:22 | INFO | [Round 15] epoch=21/80 loss=1.7722 acc=50.85 val_acc=nan data_t=0.0017s batch_t=0.0892s epoch_t=00:01.46 lr=0.000841 | GPU MB alloc/reserved=278.9/1900.0
2026-04-11 17:57:22 | INFO | [Round 15] Epoch 21/80 time=00:01.46 avg=00:01.46 ETA=01:26.16 | GPU MB alloc/reserved=278.9/1900.0
2026-04-11 17:57:23 | INFO | [Round 15] epoch=22/80 loss=1.5690 acc=56.95 val_acc=nan data_t=0.0028s batch_t=0.0900s epoch_t=00:01.48 lr=0.000826 | GPU MB alloc/reserved=278.9/1900.0
2026-04-11 17:57:23 | INFO | [Round 15] Epoch 22/80 time=00:01.48 avg=00:01.46 ETA=01:24.76 | GPU MB alloc/reserved=278.9/1900.0
2026-04-11 17:57:25 | INFO | [Round 15] epoch=23/80 loss=1.3996 acc=61.90 val_acc=nan data_t=0.0023s batch_t=0.0908s epoch_t=00:01.49 lr=0.000811 | GPU MB alloc/reserved=278.9/1900.0
2026-04-11 17:57:25 | INFO | [Round 15] Epoch 23/80 time=00:01.49 avg=00:01.46 ETA=01:23.38 | GPU MB alloc/reserved=278.9/1900.0
2026-04-11 17:57:26 | INFO | [Round 15] epoch=24/80 loss=1.3224 acc=63.90 val_acc=nan data_t=0.0026s batch_t=0.0899s epoch_t=00:01.48 lr=0.000796 | GPU MB alloc/reserved=278.9/1900.0
2026-04-11 17:57:26 | INFO | [Round 15] Epoch 24/80 time=00:01.48 avg=00:01.46 ETA=01:21.95 | GPU MB alloc/reserved=278.9/1900.0
2026-04-11 17:57:28 | INFO | [Round 15] epoch=25/80 loss=1.1911 acc=67.45 val_acc=nan data_t=0.0019s batch_t=0.0918s epoch_t=00:01.50 lr=0.000780 | GPU MB alloc/reserved=278.9/1900.0
2026-04-11 17:57:28 | INFO | [Round 15] Epoch 25/80 time=00:01.50 avg=00:01.46 ETA=01:20.57 | GPU MB alloc/reserved=278.9/1900.0
2026-04-11 17:57:29 | INFO | [Round 15] epoch=26/80 loss=1.0877 acc=70.80 val_acc=nan data_t=0.0024s batch_t=0.0912s epoch_t=00:01.50 lr=0.000764 | GPU MB alloc/reserved=278.9/1900.0
2026-04-11 17:57:29 | INFO | [Round 15] Epoch 26/80 time=00:01.50 avg=00:01.47 ETA=01:19.17 | GPU MB alloc/reserved=278.9/1900.0
2026-04-11 17:57:31 | INFO | [Round 15] epoch=27/80 loss=0.9597 acc=75.05 val_acc=nan data_t=0.0041s batch_t=0.0925s epoch_t=00:01.55 lr=0.000747 | GPU MB alloc/reserved=278.9/1900.0
2026-04-11 17:57:31 | INFO | [Round 15] Epoch 27/80 time=00:01.55 avg=00:01.47 ETA=01:17.86 | GPU MB alloc/reserved=278.9/1900.0
2026-04-11 17:57:32 | INFO | [Round 15] epoch=28/80 loss=0.8728 acc=78.30 val_acc=nan data_t=0.0028s batch_t=0.0910s epoch_t=00:01.50 lr=0.000730 | GPU MB alloc/reserved=278.9/1900.0
2026-04-11 17:57:32 | INFO | [Round 15] Epoch 28/80 time=00:01.50 avg=00:01.47 ETA=01:16.45 | GPU MB alloc/reserved=278.9/1900.0
2026-04-11 17:57:34 | INFO | [Round 15] epoch=29/80 loss=0.7415 acc=81.20 val_acc=nan data_t=0.0020s batch_t=0.0910s epoch_t=00:01.49 lr=0.000712 | GPU MB alloc/reserved=278.9/1900.0
2026-04-11 17:57:34 | INFO | [Round 15] Epoch 29/80 time=00:01.49 avg=00:01.47 ETA=01:15.01 | GPU MB alloc/reserved=278.9/1900.0
2026-04-11 17:57:35 | INFO | [Round 15] epoch=30/80 loss=0.6116 acc=85.55 val_acc=nan data_t=0.0024s batch_t=0.0912s epoch_t=00:01.50 lr=0.000694 | GPU MB alloc/reserved=278.9/1900.0
2026-04-11 17:57:35 | INFO | [Round 15] Epoch 30/80 time=00:01.50 avg=00:01.47 ETA=01:13.58 | GPU MB alloc/reserved=278.9/1900.0
2026-04-11 17:57:37 | INFO | [Round 15] epoch=31/80 loss=0.5232 acc=88.80 val_acc=nan data_t=0.0027s batch_t=0.0900s epoch_t=00:01.48 lr=0.000676 | GPU MB alloc/reserved=278.9/1900.0
2026-04-11 17:57:37 | INFO | [Round 15] Epoch 31/80 time=00:01.48 avg=00:01.47 ETA=01:12.13 | GPU MB alloc/reserved=278.9/1900.0
2026-04-11 17:57:38 | INFO | [Round 15] epoch=32/80 loss=0.4656 acc=90.30 val_acc=nan data_t=0.0018s batch_t=0.0931s epoch_t=00:01.52 lr=0.000658 | GPU MB alloc/reserved=278.9/1900.0
2026-04-11 17:57:38 | INFO | [Round 15] Epoch 32/80 time=00:01.52 avg=00:01.47 ETA=01:10.73 | GPU MB alloc/reserved=278.9/1900.0
2026-04-11 17:57:40 | INFO | [Round 15] epoch=33/80 loss=0.3889 acc=92.00 val_acc=nan data_t=0.0030s batch_t=0.0898s epoch_t=00:01.48 lr=0.000639 | GPU MB alloc/reserved=278.9/1900.0
2026-04-11 17:57:40 | INFO | [Round 15] Epoch 33/80 time=00:01.48 avg=00:01.47 ETA=01:09.27 | GPU MB alloc/reserved=278.9/1900.0
2026-04-11 17:57:41 | INFO | [Round 15] epoch=34/80 loss=0.3395 acc=92.95 val_acc=nan data_t=0.0029s batch_t=0.0913s epoch_t=00:01.51 lr=0.000621 | GPU MB alloc/reserved=278.9/1900.0
2026-04-11 17:57:41 | INFO | [Round 15] Epoch 34/80 time=00:01.51 avg=00:01.47 ETA=01:07.84 | GPU MB alloc/reserved=278.9/1900.0
2026-04-11 17:57:43 | INFO | [Round 15] epoch=35/80 loss=0.2981 acc=94.60 val_acc=nan data_t=0.0028s batch_t=0.0924s epoch_t=00:01.52 lr=0.000602 | GPU MB alloc/reserved=278.9/1900.0
2026-04-11 17:57:43 | INFO | [Round 15] Epoch 35/80 time=00:01.52 avg=00:01.48 ETA=01:06.43 | GPU MB alloc/reserved=278.9/1900.0
2026-04-11 17:57:44 | INFO | [Round 15] epoch=36/80 loss=0.2683 acc=94.85 val_acc=nan data_t=0.0021s batch_t=0.0912s epoch_t=00:01.49 lr=0.000582 | GPU MB alloc/reserved=278.9/1900.0
2026-04-11 17:57:44 | INFO | [Round 15] Epoch 36/80 time=00:01.49 avg=00:01.48 ETA=01:04.98 | GPU MB alloc/reserved=278.9/1900.0
2026-04-11 17:57:46 | INFO | [Round 15] epoch=37/80 loss=0.2132 acc=96.75 val_acc=nan data_t=0.0019s batch_t=0.0904s epoch_t=00:01.48 lr=0.000563 | GPU MB alloc/reserved=278.9/1900.0
2026-04-11 17:57:46 | INFO | [Round 15] Epoch 37/80 time=00:01.48 avg=00:01.48 ETA=01:03.50 | GPU MB alloc/reserved=278.9/1900.0
2026-04-11 17:57:47 | INFO | [Round 15] epoch=38/80 loss=0.1794 acc=97.75 val_acc=nan data_t=0.0027s batch_t=0.0916s epoch_t=00:01.51 lr=0.000544 | GPU MB alloc/reserved=278.9/1900.0
2026-04-11 17:57:47 | INFO | [Round 15] Epoch 38/80 time=00:01.51 avg=00:01.48 ETA=01:02.06 | GPU MB alloc/reserved=278.9/1900.0
2026-04-11 17:57:49 | INFO | [Round 15] epoch=39/80 loss=0.1686 acc=97.65 val_acc=nan data_t=0.0018s batch_t=0.0916s epoch_t=00:01.49 lr=0.000524 | GPU MB alloc/reserved=278.9/1900.0
2026-04-11 17:57:49 | INFO | [Round 15] Epoch 39/80 time=00:01.49 avg=00:01.48 ETA=01:00.60 | GPU MB alloc/reserved=278.9/1900.0
2026-04-11 17:57:50 | INFO | [Round 15] epoch=40/80 loss=0.1289 acc=98.45 val_acc=nan data_t=0.0025s batch_t=0.0922s epoch_t=00:01.52 lr=0.000505 | GPU MB alloc/reserved=278.9/1900.0
2026-04-11 17:57:50 | INFO | [Round 15] Epoch 40/80 time=00:01.52 avg=00:01.48 ETA=00:59.16 | GPU MB alloc/reserved=278.9/1900.0
2026-04-11 17:57:52 | INFO | [Round 15] epoch=41/80 loss=0.1067 acc=98.90 val_acc=nan data_t=0.0021s batch_t=0.0913s epoch_t=00:01.49 lr=0.000486 | GPU MB alloc/reserved=278.9/1900.0
2026-04-11 17:57:52 | INFO | [Round 15] Epoch 41/80 time=00:01.49 avg=00:01.48 ETA=00:57.69 | GPU MB alloc/reserved=278.9/1900.0
2026-04-11 17:57:53 | INFO | [Round 15] epoch=42/80 loss=0.0988 acc=98.90 val_acc=nan data_t=0.0025s batch_t=0.0913s epoch_t=00:01.50 lr=0.000466 | GPU MB alloc/reserved=278.9/1900.0
2026-04-11 17:57:53 | INFO | [Round 15] Epoch 42/80 time=00:01.50 avg=00:01.48 ETA=00:56.23 | GPU MB alloc/reserved=278.9/1900.0
2026-04-11 17:57:55 | INFO | [Round 15] epoch=43/80 loss=0.0854 acc=99.50 val_acc=nan data_t=0.0016s batch_t=0.0910s epoch_t=00:01.48 lr=0.000447 | GPU MB alloc/reserved=278.9/1900.0
2026-04-11 17:57:55 | INFO | [Round 15] Epoch 43/80 time=00:01.48 avg=00:01.48 ETA=00:54.76 | GPU MB alloc/reserved=278.9/1900.0
2026-04-11 17:57:56 | INFO | [Round 15] epoch=44/80 loss=0.0763 acc=99.35 val_acc=nan data_t=0.0017s batch_t=0.0921s epoch_t=00:01.50 lr=0.000428 | GPU MB alloc/reserved=278.9/1900.0
2026-04-11 17:57:56 | INFO | [Round 15] Epoch 44/80 time=00:01.50 avg=00:01.48 ETA=00:53.29 | GPU MB alloc/reserved=278.9/1900.0
2026-04-11 17:57:58 | INFO | [Round 15] epoch=45/80 loss=0.0645 acc=99.70 val_acc=nan data_t=0.0025s batch_t=0.0912s epoch_t=00:01.50 lr=0.000408 | GPU MB alloc/reserved=278.9/1900.0
2026-04-11 17:57:58 | INFO | [Round 15] Epoch 45/80 time=00:01.50 avg=00:01.48 ETA=00:51.83 | GPU MB alloc/reserved=278.9/1900.0
2026-04-11 17:57:59 | INFO | [Round 15] epoch=46/80 loss=0.0639 acc=99.55 val_acc=nan data_t=0.0016s batch_t=0.0909s epoch_t=00:01.48 lr=0.000389 | GPU MB alloc/reserved=278.9/1900.0
2026-04-11 17:57:59 | INFO | [Round 15] Epoch 46/80 time=00:01.48 avg=00:01.48 ETA=00:50.35 | GPU MB alloc/reserved=278.9/1900.0
2026-04-11 17:58:01 | INFO | [Round 15] epoch=47/80 loss=0.0589 acc=99.75 val_acc=nan data_t=0.0030s batch_t=0.0914s epoch_t=00:01.51 lr=0.000371 | GPU MB alloc/reserved=278.9/1900.0
2026-04-11 17:58:01 | INFO | [Round 15] Epoch 47/80 time=00:01.51 avg=00:01.48 ETA=00:48.89 | GPU MB alloc/reserved=278.9/1900.0
2026-04-11 17:58:02 | INFO | [Round 15] epoch=48/80 loss=0.0463 acc=99.90 val_acc=nan data_t=0.0024s batch_t=0.0908s epoch_t=00:01.49 lr=0.000352 | GPU MB alloc/reserved=278.9/1900.0
2026-04-11 17:58:02 | INFO | [Round 15] Epoch 48/80 time=00:01.49 avg=00:01.48 ETA=00:47.41 | GPU MB alloc/reserved=278.9/1900.0
2026-04-11 17:58:03 | INFO | [Round 15] epoch=49/80 loss=0.0442 acc=99.70 val_acc=nan data_t=0.0025s batch_t=0.0760s epoch_t=00:01.26 lr=0.000334 | GPU MB alloc/reserved=278.9/1900.0
2026-04-11 17:58:03 | INFO | [Round 15] Epoch 49/80 time=00:01.26 avg=00:01.48 ETA=00:45.79 | GPU MB alloc/reserved=278.9/1900.0
2026-04-11 17:58:05 | INFO | [Round 15] epoch=50/80 loss=0.0432 acc=99.70 val_acc=nan data_t=0.0019s batch_t=0.0981s epoch_t=00:01.60 lr=0.000316 | GPU MB alloc/reserved=278.9/1900.0
2026-04-11 17:58:05 | INFO | [Round 15] Epoch 50/80 time=00:01.60 avg=00:01.48 ETA=00:44.39 | GPU MB alloc/reserved=278.9/1900.0
2026-04-11 17:58:07 | INFO | [Round 15] epoch=51/80 loss=0.0431 acc=99.70 val_acc=nan data_t=0.0024s batch_t=0.0990s epoch_t=00:01.62 lr=0.000298 | GPU MB alloc/reserved=278.9/1900.0
2026-04-11 17:58:07 | INFO | [Round 15] Epoch 51/80 time=00:01.62 avg=00:01.48 ETA=00:42.99 | GPU MB alloc/reserved=278.9/1900.0
2026-04-11 17:58:08 | INFO | [Round 15] epoch=52/80 loss=0.0346 acc=99.90 val_acc=nan data_t=0.0016s batch_t=0.1001s epoch_t=00:01.63 lr=0.000280 | GPU MB alloc/reserved=278.9/1900.0
2026-04-11 17:58:08 | INFO | [Round 15] Epoch 52/80 time=00:01.63 avg=00:01.49 ETA=00:41.58 | GPU MB alloc/reserved=278.9/1900.0
2026-04-11 17:58:10 | INFO | [Round 15] epoch=53/80 loss=0.0281 acc=99.95 val_acc=nan data_t=0.0027s batch_t=0.1005s epoch_t=00:01.65 lr=0.000263 | GPU MB alloc/reserved=278.9/1900.0
2026-04-11 17:58:10 | INFO | [Round 15] Epoch 53/80 time=00:01.65 avg=00:01.49 ETA=00:40.18 | GPU MB alloc/reserved=278.9/1900.0
2026-04-11 17:58:11 | INFO | [Round 15] epoch=54/80 loss=0.0279 acc=100.00 val_acc=nan data_t=0.0016s batch_t=0.0986s epoch_t=00:01.60 lr=0.000246 | GPU MB alloc/reserved=278.9/1900.0
2026-04-11 17:58:11 | INFO | [Round 15] Epoch 54/80 time=00:01.60 avg=00:01.49 ETA=00:38.75 | GPU MB alloc/reserved=278.9/1900.0
2026-04-11 17:58:13 | INFO | [Round 15] epoch=55/80 loss=0.0263 acc=99.90 val_acc=nan data_t=0.0035s batch_t=0.0727s epoch_t=00:01.22 lr=0.000230 | GPU MB alloc/reserved=278.9/1900.0
2026-04-11 17:58:13 | INFO | [Round 15] Epoch 55/80 time=00:01.22 avg=00:01.49 ETA=00:37.14 | GPU MB alloc/reserved=278.9/1900.0
2026-04-11 17:58:14 | INFO | [Round 15] epoch=56/80 loss=0.0274 acc=99.85 val_acc=nan data_t=0.0017s batch_t=0.0736s epoch_t=00:01.21 lr=0.000214 | GPU MB alloc/reserved=278.9/1900.0
2026-04-11 17:58:14 | INFO | [Round 15] Epoch 56/80 time=00:01.21 avg=00:01.48 ETA=00:35.53 | GPU MB alloc/reserved=278.9/1900.0
2026-04-11 17:58:15 | INFO | [Round 15] epoch=57/80 loss=0.0257 acc=99.90 val_acc=nan data_t=0.0019s batch_t=0.0627s epoch_t=00:01.03 lr=0.000199 | GPU MB alloc/reserved=278.9/1900.0
2026-04-11 17:58:15 | INFO | [Round 15] Epoch 57/80 time=00:01.03 avg=00:01.47 ETA=00:33.87 | GPU MB alloc/reserved=278.9/1900.0
2026-04-11 17:58:16 | INFO | [Round 15] epoch=58/80 loss=0.0248 acc=100.00 val_acc=nan data_t=0.0021s batch_t=0.0743s epoch_t=00:01.22 lr=0.000184 | GPU MB alloc/reserved=278.9/1900.0
2026-04-11 17:58:16 | INFO | [Round 15] Epoch 58/80 time=00:01.22 avg=00:01.47 ETA=00:32.30 | GPU MB alloc/reserved=278.9/1900.0
2026-04-11 17:58:18 | INFO | [Round 15] epoch=59/80 loss=0.0226 acc=99.95 val_acc=nan data_t=0.0020s batch_t=0.0886s epoch_t=00:01.45 lr=0.000169 | GPU MB alloc/reserved=278.9/1900.0
2026-04-11 17:58:18 | INFO | [Round 15] Epoch 59/80 time=00:01.45 avg=00:01.47 ETA=00:30.83 | GPU MB alloc/reserved=278.9/1900.0
2026-04-11 17:58:19 | INFO | [Round 15] epoch=60/80 loss=0.0214 acc=100.00 val_acc=nan data_t=0.0026s batch_t=0.0898s epoch_t=00:01.48 lr=0.000155 | GPU MB alloc/reserved=278.9/1900.0
2026-04-11 17:58:19 | INFO | [Round 15] Epoch 60/80 time=00:01.48 avg=00:01.47 ETA=00:29.36 | GPU MB alloc/reserved=278.9/1900.0
2026-04-11 17:58:21 | INFO | [Round 15] epoch=61/80 loss=0.0177 acc=100.00 val_acc=nan data_t=0.0027s batch_t=0.0878s epoch_t=00:01.45 lr=0.000142 | GPU MB alloc/reserved=278.9/1900.0
2026-04-11 17:58:21 | INFO | [Round 15] Epoch 61/80 time=00:01.45 avg=00:01.47 ETA=00:27.89 | GPU MB alloc/reserved=278.9/1900.0
2026-04-11 17:58:22 | INFO | [Round 15] epoch=62/80 loss=0.0201 acc=99.95 val_acc=nan data_t=0.0023s batch_t=0.0907s epoch_t=00:01.49 lr=0.000129 | GPU MB alloc/reserved=278.9/1900.0
2026-04-11 17:58:22 | INFO | [Round 15] Epoch 62/80 time=00:01.49 avg=00:01.47 ETA=00:26.43 | GPU MB alloc/reserved=278.9/1900.0
2026-04-11 17:58:24 | INFO | [Round 15] epoch=63/80 loss=0.0196 acc=100.00 val_acc=nan data_t=0.0028s batch_t=0.0927s epoch_t=00:01.53 lr=0.000116 | GPU MB alloc/reserved=278.9/1900.0
2026-04-11 17:58:24 | INFO | [Round 15] Epoch 63/80 time=00:01.53 avg=00:01.47 ETA=00:24.98 | GPU MB alloc/reserved=278.9/1900.0
2026-04-11 17:58:25 | INFO | [Round 15] epoch=64/80 loss=0.0196 acc=99.95 val_acc=nan data_t=0.0028s batch_t=0.0918s epoch_t=00:01.51 lr=0.000105 | GPU MB alloc/reserved=278.9/1900.0
2026-04-11 17:58:25 | INFO | [Round 15] Epoch 64/80 time=00:01.51 avg=00:01.47 ETA=00:23.52 | GPU MB alloc/reserved=278.9/1900.0
2026-04-11 17:58:27 | INFO | [Round 15] epoch=65/80 loss=0.0183 acc=100.00 val_acc=nan data_t=0.0016s batch_t=0.0913s epoch_t=00:01.49 lr=0.000093 | GPU MB alloc/reserved=278.9/1900.0
2026-04-11 17:58:27 | INFO | [Round 15] Epoch 65/80 time=00:01.49 avg=00:01.47 ETA=00:22.05 | GPU MB alloc/reserved=278.9/1900.0
2026-04-11 17:58:28 | INFO | [Round 15] epoch=66/80 loss=0.0171 acc=100.00 val_acc=nan data_t=0.0025s batch_t=0.0903s epoch_t=00:01.48 lr=0.000083 | GPU MB alloc/reserved=278.9/1900.0
2026-04-11 17:58:28 | INFO | [Round 15] Epoch 66/80 time=00:01.48 avg=00:01.47 ETA=00:20.58 | GPU MB alloc/reserved=278.9/1900.0
2026-04-11 17:58:30 | INFO | [Round 15] epoch=67/80 loss=0.0172 acc=100.00 val_acc=nan data_t=0.0017s batch_t=0.0900s epoch_t=00:01.47 lr=0.000073 | GPU MB alloc/reserved=278.9/1900.0
2026-04-11 17:58:30 | INFO | [Round 15] Epoch 67/80 time=00:01.47 avg=00:01.47 ETA=00:19.11 | GPU MB alloc/reserved=278.9/1900.0
2026-04-11 17:58:31 | INFO | [Round 15] epoch=68/80 loss=0.0171 acc=100.00 val_acc=nan data_t=0.0026s batch_t=0.0894s epoch_t=00:01.47 lr=0.000064 | GPU MB alloc/reserved=278.9/1900.0
2026-04-11 17:58:31 | INFO | [Round 15] Epoch 68/80 time=00:01.47 avg=00:01.47 ETA=00:17.64 | GPU MB alloc/reserved=278.9/1900.0
2026-04-11 17:58:33 | INFO | [Round 15] epoch=69/80 loss=0.0155 acc=100.00 val_acc=nan data_t=0.0039s batch_t=0.0914s epoch_t=00:01.52 lr=0.000055 | GPU MB alloc/reserved=278.9/1900.0
2026-04-11 17:58:33 | INFO | [Round 15] Epoch 69/80 time=00:01.52 avg=00:01.47 ETA=00:16.18 | GPU MB alloc/reserved=278.9/1900.0
2026-04-11 17:58:34 | INFO | [Round 15] epoch=70/80 loss=0.0170 acc=100.00 val_acc=nan data_t=0.0017s batch_t=0.0907s epoch_t=00:01.48 lr=0.000048 | GPU MB alloc/reserved=278.9/1900.0
2026-04-11 17:58:34 | INFO | [Round 15] Epoch 70/80 time=00:01.48 avg=00:01.47 ETA=00:14.71 | GPU MB alloc/reserved=278.9/1900.0
2026-04-11 17:58:36 | INFO | [Round 15] epoch=71/80 loss=0.0165 acc=99.95 val_acc=nan data_t=0.0025s batch_t=0.0922s epoch_t=00:01.52 lr=0.000041 | GPU MB alloc/reserved=278.9/1900.0
2026-04-11 17:58:36 | INFO | [Round 15] Epoch 71/80 time=00:01.52 avg=00:01.47 ETA=00:13.25 | GPU MB alloc/reserved=278.9/1900.0
2026-04-11 17:58:37 | INFO | [Round 15] epoch=72/80 loss=0.0161 acc=100.00 val_acc=nan data_t=0.0019s batch_t=0.0915s epoch_t=00:01.49 lr=0.000034 | GPU MB alloc/reserved=278.9/1900.0
2026-04-11 17:58:37 | INFO | [Round 15] Epoch 72/80 time=00:01.49 avg=00:01.47 ETA=00:11.78 | GPU MB alloc/reserved=278.9/1900.0
2026-04-11 17:58:39 | INFO | [Round 15] epoch=73/80 loss=0.0177 acc=100.00 val_acc=nan data_t=0.0029s batch_t=0.0915s epoch_t=00:01.51 lr=0.000029 | GPU MB alloc/reserved=278.9/1900.0
2026-04-11 17:58:39 | INFO | [Round 15] Epoch 73/80 time=00:01.51 avg=00:01.47 ETA=00:10.31 | GPU MB alloc/reserved=278.9/1900.0
2026-04-11 17:58:40 | INFO | [Round 15] epoch=74/80 loss=0.0157 acc=100.00 val_acc=nan data_t=0.0017s batch_t=0.0915s epoch_t=00:01.49 lr=0.000024 | GPU MB alloc/reserved=278.9/1900.0
2026-04-11 17:58:40 | INFO | [Round 15] Epoch 74/80 time=00:01.49 avg=00:01.47 ETA=00:08.84 | GPU MB alloc/reserved=278.9/1900.0
2026-04-11 17:58:42 | INFO | [Round 15] epoch=75/80 loss=0.0161 acc=99.95 val_acc=nan data_t=0.0029s batch_t=0.0919s epoch_t=00:01.52 lr=0.000020 | GPU MB alloc/reserved=278.9/1900.0
2026-04-11 17:58:42 | INFO | [Round 15] Epoch 75/80 time=00:01.52 avg=00:01.47 ETA=00:07.37 | GPU MB alloc/reserved=278.9/1900.0
2026-04-11 17:58:43 | INFO | [Round 15] epoch=76/80 loss=0.0163 acc=100.00 val_acc=nan data_t=0.0031s batch_t=0.0919s epoch_t=00:01.52 lr=0.000016 | GPU MB alloc/reserved=278.9/1900.0
2026-04-11 17:58:43 | INFO | [Round 15] Epoch 76/80 time=00:01.52 avg=00:01.47 ETA=00:05.90 | GPU MB alloc/reserved=278.9/1900.0
2026-04-11 17:58:45 | INFO | [Round 15] epoch=77/80 loss=0.0161 acc=99.95 val_acc=nan data_t=0.0020s batch_t=0.0911s epoch_t=00:01.49 lr=0.000013 | GPU MB alloc/reserved=278.9/1900.0
2026-04-11 17:58:45 | INFO | [Round 15] Epoch 77/80 time=00:01.49 avg=00:01.47 ETA=00:04.42 | GPU MB alloc/reserved=278.9/1900.0
2026-04-11 17:58:46 | INFO | [Round 15] epoch=78/80 loss=0.0167 acc=99.95 val_acc=nan data_t=0.0018s batch_t=0.0912s epoch_t=00:01.49 lr=0.000012 | GPU MB alloc/reserved=278.9/1900.0
2026-04-11 17:58:46 | INFO | [Round 15] Epoch 78/80 time=00:01.49 avg=00:01.47 ETA=00:02.95 | GPU MB alloc/reserved=278.9/1900.0
2026-04-11 17:58:47 | INFO | [Round 15] epoch=79/80 loss=0.0166 acc=100.00 val_acc=nan data_t=0.0024s batch_t=0.0875s epoch_t=00:01.44 lr=0.000010 | GPU MB alloc/reserved=278.9/1900.0
2026-04-11 17:58:47 | INFO | [Round 15] Epoch 79/80 time=00:01.44 avg=00:01.47 ETA=00:01.47 | GPU MB alloc/reserved=278.9/1900.0
2026-04-11 17:58:49 | INFO | [Round 15] epoch=80/80 loss=0.0154 acc=100.00 val_acc=nan data_t=0.0026s batch_t=0.0902s epoch_t=00:01.49 lr=0.000010 | GPU MB alloc/reserved=278.9/1900.0
2026-04-11 17:58:49 | INFO | [Round 15] Epoch 80/80 time=00:01.49 avg=00:01.47 ETA=00:00.00 | GPU MB alloc/reserved=278.9/1900.0
2026-04-11 17:58:49 | INFO | [Round 15] training complete in 01:58.25 (best monitor=100.000) | GPU MB alloc/reserved=278.9/1900.0
2026-04-11 17:58:49 | INFO | [Round 15] evaluation started | GPU MB alloc/reserved=192.6/1900.0
2026-04-11 17:58:58 | INFO | [Round 15] clean=19.45 fgsm=14.76 pgd=14.60 grad_disp_mean=nan grad_disp_sel=nan round_t=130.00s | GPU MB alloc/reserved=192.6/1900.0
2026-04-11 17:58:58 | INFO | [Round 16/21] elapsed=02:10.00 avg_round=01:25.13 projected_remaining=07:05.64 | GPU MB alloc/reserved=192.6/1900.0
2026-04-11 17:58:59 | INFO | [Round 16] acquisition on pool_size=48000 scored_pool=5000 budget=100 | GPU MB alloc/reserved=104.3/1900.0
2026-04-11 17:59:00 | INFO | [CoreSet-unlabeled-feat] scoring progress 10/20 elapsed=00:00.27 avg/batch=0.027s ETA=00:00.27 | GPU MB alloc/reserved=112.4/1900.0
2026-04-11 17:59:00 | INFO | [CoreSet-unlabeled-feat] scoring progress 20/20 elapsed=00:00.39 avg/batch=0.020s ETA=00:00.00 | GPU MB alloc/reserved=116.4/1900.0
2026-04-11 17:59:00 | INFO | [CoreSet-labeled-feat] scoring progress 8/8 elapsed=00:00.22 avg/batch=0.028s ETA=00:00.00 | GPU MB alloc/reserved=121.0/1900.0
2026-04-11 17:59:00 | INFO | [CoreSet] greedy 10/100 cover_radius=27.590925 | GPU: n/a
2026-04-11 17:59:00 | INFO | [CoreSet] greedy 20/100 cover_radius=27.185131 | GPU: n/a
2026-04-11 17:59:00 | INFO | [CoreSet] greedy 30/100 cover_radius=26.942129 | GPU: n/a
2026-04-11 17:59:00 | INFO | [CoreSet] greedy 40/100 cover_radius=26.780493 | GPU: n/a
2026-04-11 17:59:01 | INFO | [CoreSet] greedy 50/100 cover_radius=26.582951 | GPU: n/a
2026-04-11 17:59:01 | INFO | [CoreSet] greedy 60/100 cover_radius=26.441498 | GPU: n/a
2026-04-11 17:59:01 | INFO | [CoreSet] greedy 70/100 cover_radius=26.371988 | GPU: n/a
2026-04-11 17:59:01 | INFO | [CoreSet] greedy 80/100 cover_radius=26.332405 | GPU: n/a
2026-04-11 17:59:01 | INFO | [CoreSet] greedy 90/100 cover_radius=26.217558 | GPU: n/a
2026-04-11 17:59:01 | INFO | [CoreSet] greedy 100/100 cover_radius=26.071266 | GPU: n/a
2026-04-11 17:59:02 | INFO | [Round 16] labeled=2100 train=2100 val_fixed=0 | GPU MB alloc/reserved=148.3/1900.0
2026-04-11 17:59:03 | INFO | [Round 16] epoch=1/80 loss=4.7125 acc=2.10 val_acc=nan data_t=0.0108s batch_t=0.0923s epoch_t=00:01.75 lr=0.001000 | GPU MB alloc/reserved=279.0/1900.0
2026-04-11 17:59:03 | INFO | [Round 16] Epoch 1/80 time=00:01.75 avg=00:01.75 ETA=02:18.56 | GPU MB alloc/reserved=279.0/1900.0
2026-04-11 17:59:05 | INFO | [Round 16] epoch=2/80 loss=4.4479 acc=3.48 val_acc=nan data_t=0.0017s batch_t=0.0899s epoch_t=00:01.56 lr=0.000998 | GPU MB alloc/reserved=279.0/1900.0
2026-04-11 17:59:05 | INFO | [Round 16] Epoch 2/80 time=00:01.56 avg=00:01.66 ETA=02:09.12 | GPU MB alloc/reserved=279.0/1900.0
2026-04-11 17:59:07 | INFO | [Round 16] epoch=3/80 loss=4.2787 acc=5.05 val_acc=nan data_t=0.0021s batch_t=0.0907s epoch_t=00:01.58 lr=0.000997 | GPU MB alloc/reserved=279.0/1900.0
2026-04-11 17:59:07 | INFO | [Round 16] Epoch 3/80 time=00:01.58 avg=00:01.63 ETA=02:05.47 | GPU MB alloc/reserved=279.0/1900.0
2026-04-11 17:59:08 | INFO | [Round 16] epoch=4/80 loss=4.1375 acc=6.62 val_acc=nan data_t=0.0019s batch_t=0.0913s epoch_t=00:01.58 lr=0.000994 | GPU MB alloc/reserved=279.0/1900.0
2026-04-11 17:59:08 | INFO | [Round 16] Epoch 4/80 time=00:01.58 avg=00:01.62 ETA=02:02.98 | GPU MB alloc/reserved=279.0/1900.0
2026-04-11 17:59:10 | INFO | [Round 16] epoch=5/80 loss=4.0363 acc=6.86 val_acc=nan data_t=0.0024s batch_t=0.0905s epoch_t=00:01.58 lr=0.000990 | GPU MB alloc/reserved=279.0/1900.0
2026-04-11 17:59:10 | INFO | [Round 16] Epoch 5/80 time=00:01.58 avg=00:01.61 ETA=02:00.80 | GPU MB alloc/reserved=279.0/1900.0
2026-04-11 17:59:11 | INFO | [Round 16] epoch=6/80 loss=3.9290 acc=9.43 val_acc=nan data_t=0.0018s batch_t=0.0886s epoch_t=00:01.54 lr=0.000986 | GPU MB alloc/reserved=279.0/1900.0
2026-04-11 17:59:11 | INFO | [Round 16] Epoch 6/80 time=00:01.54 avg=00:01.60 ETA=01:58.28 | GPU MB alloc/reserved=279.0/1900.0
2026-04-11 17:59:13 | INFO | [Round 16] epoch=7/80 loss=3.7455 acc=11.62 val_acc=nan data_t=0.0022s batch_t=0.0918s epoch_t=00:01.60 lr=0.000981 | GPU MB alloc/reserved=279.0/1900.0
2026-04-11 17:59:13 | INFO | [Round 16] Epoch 7/80 time=00:01.60 avg=00:01.60 ETA=01:56.69 | GPU MB alloc/reserved=279.0/1900.0
2026-04-11 17:59:15 | INFO | [Round 16] epoch=8/80 loss=3.6044 acc=12.52 val_acc=nan data_t=0.0020s batch_t=0.0872s epoch_t=00:01.52 lr=0.000976 | GPU MB alloc/reserved=279.0/1900.0
2026-04-11 17:59:15 | INFO | [Round 16] Epoch 8/80 time=00:01.52 avg=00:01.59 ETA=01:54.36 | GPU MB alloc/reserved=279.0/1900.0
2026-04-11 17:59:16 | INFO | [Round 16] epoch=9/80 loss=3.4999 acc=14.86 val_acc=nan data_t=0.0018s batch_t=0.0894s epoch_t=00:01.55 lr=0.000969 | GPU MB alloc/reserved=279.0/1900.0
2026-04-11 17:59:16 | INFO | [Round 16] Epoch 9/80 time=00:01.55 avg=00:01.58 ETA=01:52.47 | GPU MB alloc/reserved=279.0/1900.0
2026-04-11 17:59:18 | INFO | [Round 16] epoch=10/80 loss=3.4031 acc=16.67 val_acc=nan data_t=0.0024s batch_t=0.0894s epoch_t=00:01.56 lr=0.000962 | GPU MB alloc/reserved=279.0/1900.0
2026-04-11 17:59:18 | INFO | [Round 16] Epoch 10/80 time=00:01.56 avg=00:01.58 ETA=01:50.72 | GPU MB alloc/reserved=279.0/1900.0
2026-04-11 17:59:19 | INFO | [Round 16] epoch=11/80 loss=3.2286 acc=19.48 val_acc=nan data_t=0.0024s batch_t=0.0873s epoch_t=00:01.53 lr=0.000955 | GPU MB alloc/reserved=279.0/1900.0
2026-04-11 17:59:19 | INFO | [Round 16] Epoch 11/80 time=00:01.53 avg=00:01.58 ETA=01:48.79 | GPU MB alloc/reserved=279.0/1900.0
2026-04-11 17:59:21 | INFO | [Round 16] epoch=12/80 loss=3.0735 acc=21.90 val_acc=nan data_t=0.0025s batch_t=0.0963s epoch_t=00:01.68 lr=0.000946 | GPU MB alloc/reserved=279.0/1900.0
2026-04-11 17:59:21 | INFO | [Round 16] Epoch 12/80 time=00:01.68 avg=00:01.59 ETA=01:47.80 | GPU MB alloc/reserved=279.0/1900.0
2026-04-11 17:59:23 | INFO | [Round 16] epoch=13/80 loss=2.9324 acc=25.57 val_acc=nan data_t=0.0033s batch_t=0.0992s epoch_t=00:01.74 lr=0.000937 | GPU MB alloc/reserved=279.0/1900.0
2026-04-11 17:59:23 | INFO | [Round 16] Epoch 13/80 time=00:01.74 avg=00:01.60 ETA=01:47.02 | GPU MB alloc/reserved=279.0/1900.0
2026-04-11 17:59:24 | INFO | [Round 16] epoch=14/80 loss=2.8656 acc=25.57 val_acc=nan data_t=0.0032s batch_t=0.0991s epoch_t=00:01.74 lr=0.000927 | GPU MB alloc/reserved=279.0/1900.0
2026-04-11 17:59:24 | INFO | [Round 16] Epoch 14/80 time=00:01.74 avg=00:01.61 ETA=01:46.09 | GPU MB alloc/reserved=279.0/1900.0
2026-04-11 17:59:26 | INFO | [Round 16] epoch=15/80 loss=2.7217 acc=27.95 val_acc=nan data_t=0.0028s batch_t=0.0991s epoch_t=00:01.73 lr=0.000917 | GPU MB alloc/reserved=279.0/1900.0
2026-04-11 17:59:26 | INFO | [Round 16] Epoch 15/80 time=00:01.73 avg=00:01.62 ETA=01:45.02 | GPU MB alloc/reserved=279.0/1900.0
2026-04-11 17:59:27 | INFO | [Round 16] epoch=16/80 loss=2.5807 acc=33.10 val_acc=nan data_t=0.0018s batch_t=0.0712s epoch_t=00:01.24 lr=0.000905 | GPU MB alloc/reserved=279.0/1900.0
2026-04-11 17:59:27 | INFO | [Round 16] Epoch 16/80 time=00:01.24 avg=00:01.59 ETA=01:41.91 | GPU MB alloc/reserved=279.0/1900.0
2026-04-11 17:59:29 | INFO | [Round 16] epoch=17/80 loss=2.4298 acc=34.90 val_acc=nan data_t=0.0032s batch_t=0.0735s epoch_t=00:01.30 lr=0.000894 | GPU MB alloc/reserved=279.0/1900.0
2026-04-11 17:59:29 | INFO | [Round 16] Epoch 17/80 time=00:01.30 avg=00:01.58 ETA=01:39.24 | GPU MB alloc/reserved=279.0/1900.0
2026-04-11 17:59:30 | INFO | [Round 16] epoch=18/80 loss=2.3160 acc=38.10 val_acc=nan data_t=0.0017s batch_t=0.0621s epoch_t=00:01.09 lr=0.000881 | GPU MB alloc/reserved=279.0/1900.0
2026-04-11 17:59:30 | INFO | [Round 16] Epoch 18/80 time=00:01.09 avg=00:01.55 ETA=01:35.98 | GPU MB alloc/reserved=279.0/1900.0
2026-04-11 17:59:31 | INFO | [Round 16] epoch=19/80 loss=2.1575 acc=40.57 val_acc=nan data_t=0.0019s batch_t=0.0913s epoch_t=00:01.59 lr=0.000868 | GPU MB alloc/reserved=279.0/1900.0
2026-04-11 17:59:31 | INFO | [Round 16] Epoch 19/80 time=00:01.59 avg=00:01.55 ETA=01:34.55 | GPU MB alloc/reserved=279.0/1900.0
2026-04-11 17:59:33 | INFO | [Round 16] epoch=20/80 loss=2.0479 acc=43.95 val_acc=nan data_t=0.0016s batch_t=0.0891s epoch_t=00:01.54 lr=0.000855 | GPU MB alloc/reserved=279.0/1900.0
2026-04-11 17:59:33 | INFO | [Round 16] Epoch 20/80 time=00:01.54 avg=00:01.55 ETA=01:32.98 | GPU MB alloc/reserved=279.0/1900.0
2026-04-11 17:59:34 | INFO | [Round 16] epoch=21/80 loss=1.9027 acc=47.38 val_acc=nan data_t=0.0018s batch_t=0.0897s epoch_t=00:01.56 lr=0.000841 | GPU MB alloc/reserved=279.0/1900.0
2026-04-11 17:59:34 | INFO | [Round 16] Epoch 21/80 time=00:01.56 avg=00:01.55 ETA=01:31.44 | GPU MB alloc/reserved=279.0/1900.0
2026-04-11 17:59:36 | INFO | [Round 16] epoch=22/80 loss=1.7561 acc=50.38 val_acc=nan data_t=0.0027s batch_t=0.0903s epoch_t=00:01.58 lr=0.000826 | GPU MB alloc/reserved=279.0/1900.0
2026-04-11 17:59:36 | INFO | [Round 16] Epoch 22/80 time=00:01.58 avg=00:01.55 ETA=01:29.98 | GPU MB alloc/reserved=279.0/1900.0
2026-04-11 17:59:38 | INFO | [Round 16] epoch=23/80 loss=1.5990 acc=56.05 val_acc=nan data_t=0.0018s batch_t=0.0902s epoch_t=00:01.56 lr=0.000811 | GPU MB alloc/reserved=279.0/1900.0
2026-04-11 17:59:38 | INFO | [Round 16] Epoch 23/80 time=00:01.56 avg=00:01.55 ETA=01:28.46 | GPU MB alloc/reserved=279.0/1900.0
2026-04-11 17:59:39 | INFO | [Round 16] epoch=24/80 loss=1.5018 acc=57.29 val_acc=nan data_t=0.0018s batch_t=0.0912s epoch_t=00:01.58 lr=0.000796 | GPU MB alloc/reserved=279.0/1900.0
2026-04-11 17:59:39 | INFO | [Round 16] Epoch 24/80 time=00:01.58 avg=00:01.55 ETA=01:26.98 | GPU MB alloc/reserved=279.0/1900.0
2026-04-11 17:59:41 | INFO | [Round 16] epoch=25/80 loss=1.4204 acc=60.24 val_acc=nan data_t=0.0025s batch_t=0.0897s epoch_t=00:01.57 lr=0.000780 | GPU MB alloc/reserved=279.0/1900.0
2026-04-11 17:59:41 | INFO | [Round 16] Epoch 25/80 time=00:01.57 avg=00:01.55 ETA=01:25.45 | GPU MB alloc/reserved=279.0/1900.0
2026-04-11 17:59:42 | INFO | [Round 16] epoch=26/80 loss=1.2234 acc=66.29 val_acc=nan data_t=0.0025s batch_t=0.0904s epoch_t=00:01.58 lr=0.000764 | GPU MB alloc/reserved=279.0/1900.0
2026-04-11 17:59:42 | INFO | [Round 16] Epoch 26/80 time=00:01.58 avg=00:01.55 ETA=01:23.95 | GPU MB alloc/reserved=279.0/1900.0
2026-04-11 17:59:44 | INFO | [Round 16] epoch=27/80 loss=1.0847 acc=70.71 val_acc=nan data_t=0.0026s batch_t=0.0909s epoch_t=00:01.59 lr=0.000747 | GPU MB alloc/reserved=279.0/1900.0
2026-04-11 17:59:44 | INFO | [Round 16] Epoch 27/80 time=00:01.59 avg=00:01.56 ETA=01:22.47 | GPU MB alloc/reserved=279.0/1900.0
2026-04-11 17:59:45 | INFO | [Round 16] epoch=28/80 loss=0.9486 acc=74.95 val_acc=nan data_t=0.0022s batch_t=0.0905s epoch_t=00:01.58 lr=0.000730 | GPU MB alloc/reserved=279.0/1900.0
2026-04-11 17:59:45 | INFO | [Round 16] Epoch 28/80 time=00:01.58 avg=00:01.56 ETA=01:20.95 | GPU MB alloc/reserved=279.0/1900.0
2026-04-11 17:59:47 | INFO | [Round 16] epoch=29/80 loss=0.8864 acc=76.71 val_acc=nan data_t=0.0019s batch_t=0.0901s epoch_t=00:01.56 lr=0.000712 | GPU MB alloc/reserved=279.0/1900.0
2026-04-11 17:59:47 | INFO | [Round 16] Epoch 29/80 time=00:01.56 avg=00:01.56 ETA=01:19.41 | GPU MB alloc/reserved=279.0/1900.0
2026-04-11 17:59:49 | INFO | [Round 16] epoch=30/80 loss=0.7751 acc=80.19 val_acc=nan data_t=0.0018s batch_t=0.0897s epoch_t=00:01.56 lr=0.000694 | GPU MB alloc/reserved=279.0/1900.0
2026-04-11 17:59:49 | INFO | [Round 16] Epoch 30/80 time=00:01.56 avg=00:01.56 ETA=01:17.85 | GPU MB alloc/reserved=279.0/1900.0
2026-04-11 17:59:50 | INFO | [Round 16] epoch=31/80 loss=0.7065 acc=82.38 val_acc=nan data_t=0.0022s batch_t=0.0888s epoch_t=00:01.55 lr=0.000676 | GPU MB alloc/reserved=279.0/1900.0
2026-04-11 17:59:50 | INFO | [Round 16] Epoch 31/80 time=00:01.55 avg=00:01.56 ETA=01:16.28 | GPU MB alloc/reserved=279.0/1900.0
2026-04-11 17:59:52 | INFO | [Round 16] epoch=32/80 loss=0.6520 acc=84.67 val_acc=nan data_t=0.0016s batch_t=0.0894s epoch_t=00:01.55 lr=0.000658 | GPU MB alloc/reserved=279.0/1900.0
2026-04-11 17:59:52 | INFO | [Round 16] Epoch 32/80 time=00:01.55 avg=00:01.56 ETA=01:14.70 | GPU MB alloc/reserved=279.0/1900.0
2026-04-11 17:59:53 | INFO | [Round 16] epoch=33/80 loss=0.5165 acc=88.76 val_acc=nan data_t=0.0017s batch_t=0.0898s epoch_t=00:01.56 lr=0.000639 | GPU MB alloc/reserved=279.0/1900.0
2026-04-11 17:59:53 | INFO | [Round 16] Epoch 33/80 time=00:01.56 avg=00:01.56 ETA=01:13.15 | GPU MB alloc/reserved=279.0/1900.0
2026-04-11 17:59:55 | INFO | [Round 16] epoch=34/80 loss=0.4625 acc=89.57 val_acc=nan data_t=0.0026s batch_t=0.0901s epoch_t=00:01.58 lr=0.000621 | GPU MB alloc/reserved=279.0/1900.0
2026-04-11 17:59:55 | INFO | [Round 16] Epoch 34/80 time=00:01.58 avg=00:01.56 ETA=01:11.62 | GPU MB alloc/reserved=279.0/1900.0
2026-04-11 17:59:56 | INFO | [Round 16] epoch=35/80 loss=0.3904 acc=92.38 val_acc=nan data_t=0.0015s batch_t=0.0888s epoch_t=00:01.54 lr=0.000602 | GPU MB alloc/reserved=279.0/1900.0
2026-04-11 17:59:56 | INFO | [Round 16] Epoch 35/80 time=00:01.54 avg=00:01.56 ETA=01:10.03 | GPU MB alloc/reserved=279.0/1900.0
2026-04-11 17:59:58 | INFO | [Round 16] epoch=36/80 loss=0.3446 acc=93.24 val_acc=nan data_t=0.0026s batch_t=0.0882s epoch_t=00:01.54 lr=0.000582 | GPU MB alloc/reserved=279.0/1900.0
2026-04-11 17:59:58 | INFO | [Round 16] Epoch 36/80 time=00:01.54 avg=00:01.56 ETA=01:08.46 | GPU MB alloc/reserved=279.0/1900.0
2026-04-11 18:00:00 | INFO | [Round 16] epoch=37/80 loss=0.2953 acc=94.76 val_acc=nan data_t=0.0018s batch_t=0.0892s epoch_t=00:01.55 lr=0.000563 | GPU MB alloc/reserved=279.0/1900.0
2026-04-11 18:00:00 | INFO | [Round 16] Epoch 37/80 time=00:01.55 avg=00:01.56 ETA=01:06.90 | GPU MB alloc/reserved=279.0/1900.0
2026-04-11 18:00:01 | INFO | [Round 16] epoch=38/80 loss=0.2554 acc=95.86 val_acc=nan data_t=0.0027s batch_t=0.0894s epoch_t=00:01.56 lr=0.000544 | GPU MB alloc/reserved=279.0/1900.0
2026-04-11 18:00:01 | INFO | [Round 16] Epoch 38/80 time=00:01.56 avg=00:01.56 ETA=01:05.35 | GPU MB alloc/reserved=279.0/1900.0
2026-04-11 18:00:03 | INFO | [Round 16] epoch=39/80 loss=0.2000 acc=97.33 val_acc=nan data_t=0.0028s batch_t=0.0902s epoch_t=00:01.58 lr=0.000524 | GPU MB alloc/reserved=279.0/1900.0
2026-04-11 18:00:03 | INFO | [Round 16] Epoch 39/80 time=00:01.58 avg=00:01.56 ETA=01:03.82 | GPU MB alloc/reserved=279.0/1900.0
2026-04-11 18:00:04 | INFO | [Round 16] epoch=40/80 loss=0.1716 acc=97.67 val_acc=nan data_t=0.0016s batch_t=0.0868s epoch_t=00:01.50 lr=0.000505 | GPU MB alloc/reserved=279.0/1900.0
2026-04-11 18:00:04 | INFO | [Round 16] Epoch 40/80 time=00:01.50 avg=00:01.56 ETA=01:02.21 | GPU MB alloc/reserved=279.0/1900.0
2026-04-11 18:00:06 | INFO | [Round 16] epoch=41/80 loss=0.1469 acc=98.10 val_acc=nan data_t=0.0020s batch_t=0.0896s epoch_t=00:01.56 lr=0.000486 | GPU MB alloc/reserved=279.0/1900.0
2026-04-11 18:00:06 | INFO | [Round 16] Epoch 41/80 time=00:01.56 avg=00:01.56 ETA=01:00.66 | GPU MB alloc/reserved=279.0/1900.0
2026-04-11 18:00:07 | INFO | [Round 16] epoch=42/80 loss=0.1232 acc=98.81 val_acc=nan data_t=0.0030s batch_t=0.0902s epoch_t=00:01.58 lr=0.000466 | GPU MB alloc/reserved=279.0/1900.0
2026-04-11 18:00:07 | INFO | [Round 16] Epoch 42/80 time=00:01.58 avg=00:01.56 ETA=00:59.13 | GPU MB alloc/reserved=279.0/1900.0
2026-04-11 18:00:09 | INFO | [Round 16] epoch=43/80 loss=0.1079 acc=99.05 val_acc=nan data_t=0.0029s batch_t=0.0885s epoch_t=00:01.55 lr=0.000447 | GPU MB alloc/reserved=279.0/1900.0
2026-04-11 18:00:09 | INFO | [Round 16] Epoch 43/80 time=00:01.55 avg=00:01.56 ETA=00:57.57 | GPU MB alloc/reserved=279.0/1900.0
2026-04-11 18:00:10 | INFO | [Round 16] epoch=44/80 loss=0.1007 acc=99.05 val_acc=nan data_t=0.0018s batch_t=0.0888s epoch_t=00:01.54 lr=0.000428 | GPU MB alloc/reserved=279.0/1900.0
2026-04-11 18:00:10 | INFO | [Round 16] Epoch 44/80 time=00:01.54 avg=00:01.56 ETA=00:56.00 | GPU MB alloc/reserved=279.0/1900.0
2026-04-11 18:00:12 | INFO | [Round 16] epoch=45/80 loss=0.0977 acc=98.81 val_acc=nan data_t=0.0029s batch_t=0.0867s epoch_t=00:01.52 lr=0.000408 | GPU MB alloc/reserved=279.0/1900.0
2026-04-11 18:00:12 | INFO | [Round 16] Epoch 45/80 time=00:01.52 avg=00:01.55 ETA=00:54.42 | GPU MB alloc/reserved=279.0/1900.0
2026-04-11 18:00:13 | INFO | [Round 16] epoch=46/80 loss=0.0817 acc=99.29 val_acc=nan data_t=0.0018s batch_t=0.0863s epoch_t=00:01.50 lr=0.000389 | GPU MB alloc/reserved=279.0/1900.0
2026-04-11 18:00:13 | INFO | [Round 16] Epoch 46/80 time=00:01.50 avg=00:01.55 ETA=00:52.82 | GPU MB alloc/reserved=279.0/1900.0
2026-04-11 18:00:15 | INFO | [Round 16] epoch=47/80 loss=0.0618 acc=99.76 val_acc=nan data_t=0.0020s batch_t=0.0893s epoch_t=00:01.55 lr=0.000371 | GPU MB alloc/reserved=279.0/1900.0
2026-04-11 18:00:15 | INFO | [Round 16] Epoch 47/80 time=00:01.55 avg=00:01.55 ETA=00:51.27 | GPU MB alloc/reserved=279.0/1900.0
2026-04-11 18:00:17 | INFO | [Round 16] epoch=48/80 loss=0.0556 acc=99.57 val_acc=nan data_t=0.0017s batch_t=0.0908s epoch_t=00:01.57 lr=0.000352 | GPU MB alloc/reserved=279.0/1900.0
2026-04-11 18:00:17 | INFO | [Round 16] Epoch 48/80 time=00:01.57 avg=00:01.55 ETA=00:49.73 | GPU MB alloc/reserved=279.0/1900.0
2026-04-11 18:00:18 | INFO | [Round 16] epoch=49/80 loss=0.0577 acc=99.48 val_acc=nan data_t=0.0017s batch_t=0.0894s epoch_t=00:01.55 lr=0.000334 | GPU MB alloc/reserved=279.0/1900.0
2026-04-11 18:00:18 | INFO | [Round 16] Epoch 49/80 time=00:01.55 avg=00:01.55 ETA=00:48.17 | GPU MB alloc/reserved=279.0/1900.0
2026-04-11 18:00:20 | INFO | [Round 16] epoch=50/80 loss=0.0524 acc=99.67 val_acc=nan data_t=0.0025s batch_t=0.0896s epoch_t=00:01.57 lr=0.000316 | GPU MB alloc/reserved=279.0/1900.0
2026-04-11 18:00:20 | INFO | [Round 16] Epoch 50/80 time=00:01.57 avg=00:01.55 ETA=00:46.62 | GPU MB alloc/reserved=279.0/1900.0
2026-04-11 18:00:21 | INFO | [Round 16] epoch=51/80 loss=0.0432 acc=99.76 val_acc=nan data_t=0.0024s batch_t=0.0767s epoch_t=00:01.35 lr=0.000298 | GPU MB alloc/reserved=279.0/1900.0
2026-04-11 18:00:21 | INFO | [Round 16] Epoch 51/80 time=00:01.35 avg=00:01.55 ETA=00:44.95 | GPU MB alloc/reserved=279.0/1900.0
2026-04-11 18:00:23 | INFO | [Round 16] epoch=52/80 loss=0.0373 acc=99.90 val_acc=nan data_t=0.0019s batch_t=0.0970s epoch_t=00:01.68 lr=0.000280 | GPU MB alloc/reserved=279.0/1900.0
2026-04-11 18:00:23 | INFO | [Round 16] Epoch 52/80 time=00:01.68 avg=00:01.55 ETA=00:43.47 | GPU MB alloc/reserved=279.0/1900.0
2026-04-11 18:00:24 | INFO | [Round 16] epoch=53/80 loss=0.0379 acc=99.95 val_acc=nan data_t=0.0015s batch_t=0.0930s epoch_t=00:01.61 lr=0.000263 | GPU MB alloc/reserved=279.0/1900.0
2026-04-11 18:00:24 | INFO | [Round 16] Epoch 53/80 time=00:01.61 avg=00:01.55 ETA=00:41.95 | GPU MB alloc/reserved=279.0/1900.0
2026-04-11 18:00:26 | INFO | [Round 16] epoch=54/80 loss=0.0333 acc=99.95 val_acc=nan data_t=0.0024s batch_t=0.0988s epoch_t=00:01.72 lr=0.000246 | GPU MB alloc/reserved=279.0/1900.0
2026-04-11 18:00:26 | INFO | [Round 16] Epoch 54/80 time=00:01.72 avg=00:01.56 ETA=00:40.47 | GPU MB alloc/reserved=279.0/1900.0
2026-04-11 18:00:28 | INFO | [Round 16] epoch=55/80 loss=0.0306 acc=100.00 val_acc=nan data_t=0.0024s batch_t=0.0978s epoch_t=00:01.70 lr=0.000230 | GPU MB alloc/reserved=279.0/1900.0
2026-04-11 18:00:28 | INFO | [Round 16] Epoch 55/80 time=00:01.70 avg=00:01.56 ETA=00:38.98 | GPU MB alloc/reserved=279.0/1900.0
2026-04-11 18:00:30 | INFO | [Round 16] epoch=56/80 loss=0.0282 acc=100.00 val_acc=nan data_t=0.0028s batch_t=0.0984s epoch_t=00:01.72 lr=0.000214 | GPU MB alloc/reserved=279.0/1900.0
2026-04-11 18:00:30 | INFO | [Round 16] Epoch 56/80 time=00:01.72 avg=00:01.56 ETA=00:37.49 | GPU MB alloc/reserved=279.0/1900.0
2026-04-11 18:00:31 | INFO | [Round 16] epoch=57/80 loss=0.0286 acc=100.00 val_acc=nan data_t=0.0024s batch_t=0.0601s epoch_t=00:01.06 lr=0.000199 | GPU MB alloc/reserved=279.0/1900.0
2026-04-11 18:00:31 | INFO | [Round 16] Epoch 57/80 time=00:01.06 avg=00:01.55 ETA=00:35.73 | GPU MB alloc/reserved=279.0/1900.0
2026-04-11 18:00:32 | INFO | [Round 16] epoch=58/80 loss=0.0263 acc=99.95 val_acc=nan data_t=0.0022s batch_t=0.0713s epoch_t=00:01.25 lr=0.000184 | GPU MB alloc/reserved=279.0/1900.0
2026-04-11 18:00:32 | INFO | [Round 16] Epoch 58/80 time=00:01.25 avg=00:01.55 ETA=00:34.06 | GPU MB alloc/reserved=279.0/1900.0
2026-04-11 18:00:33 | INFO | [Round 16] epoch=59/80 loss=0.0265 acc=99.81 val_acc=nan data_t=0.0023s batch_t=0.0609s epoch_t=00:01.07 lr=0.000169 | GPU MB alloc/reserved=279.0/1900.0
2026-04-11 18:00:33 | INFO | [Round 16] Epoch 59/80 time=00:01.07 avg=00:01.54 ETA=00:32.34 | GPU MB alloc/reserved=279.0/1900.0
2026-04-11 18:00:34 | INFO | [Round 16] epoch=60/80 loss=0.0267 acc=100.00 val_acc=nan data_t=0.0028s batch_t=0.0864s epoch_t=00:01.52 lr=0.000155 | GPU MB alloc/reserved=279.0/1900.0
2026-04-11 18:00:34 | INFO | [Round 16] Epoch 60/80 time=00:01.52 avg=00:01.54 ETA=00:30.80 | GPU MB alloc/reserved=279.0/1900.0
2026-04-11 18:00:36 | INFO | [Round 16] epoch=61/80 loss=0.0254 acc=100.00 val_acc=nan data_t=0.0020s batch_t=0.0880s epoch_t=00:01.53 lr=0.000142 | GPU MB alloc/reserved=279.0/1900.0
2026-04-11 18:00:36 | INFO | [Round 16] Epoch 61/80 time=00:01.53 avg=00:01.54 ETA=00:29.25 | GPU MB alloc/reserved=279.0/1900.0
2026-04-11 18:00:38 | INFO | [Round 16] epoch=62/80 loss=0.0273 acc=99.90 val_acc=nan data_t=0.0020s batch_t=0.0898s epoch_t=00:01.56 lr=0.000129 | GPU MB alloc/reserved=279.0/1900.0
2026-04-11 18:00:38 | INFO | [Round 16] Epoch 62/80 time=00:01.56 avg=00:01.54 ETA=00:27.72 | GPU MB alloc/reserved=279.0/1900.0
2026-04-11 18:00:39 | INFO | [Round 16] epoch=63/80 loss=0.0260 acc=99.95 val_acc=nan data_t=0.0018s batch_t=0.0901s epoch_t=00:01.56 lr=0.000116 | GPU MB alloc/reserved=279.0/1900.0
2026-04-11 18:00:39 | INFO | [Round 16] Epoch 63/80 time=00:01.56 avg=00:01.54 ETA=00:26.19 | GPU MB alloc/reserved=279.0/1900.0
2026-04-11 18:00:41 | INFO | [Round 16] epoch=64/80 loss=0.0280 acc=99.86 val_acc=nan data_t=0.0029s batch_t=0.0901s epoch_t=00:01.58 lr=0.000105 | GPU MB alloc/reserved=279.0/1900.0
2026-04-11 18:00:41 | INFO | [Round 16] Epoch 64/80 time=00:01.58 avg=00:01.54 ETA=00:24.66 | GPU MB alloc/reserved=279.0/1900.0
2026-04-11 18:00:42 | INFO | [Round 16] epoch=65/80 loss=0.0231 acc=99.95 val_acc=nan data_t=0.0018s batch_t=0.0903s epoch_t=00:01.57 lr=0.000093 | GPU MB alloc/reserved=279.0/1900.0
2026-04-11 18:00:42 | INFO | [Round 16] Epoch 65/80 time=00:01.57 avg=00:01.54 ETA=00:23.12 | GPU MB alloc/reserved=279.0/1900.0
2026-04-11 18:00:44 | INFO | [Round 16] epoch=66/80 loss=0.0233 acc=100.00 val_acc=nan data_t=0.0024s batch_t=0.0892s epoch_t=00:01.56 lr=0.000083 | GPU MB alloc/reserved=279.0/1900.0
2026-04-11 18:00:44 | INFO | [Round 16] Epoch 66/80 time=00:01.56 avg=00:01.54 ETA=00:21.58 | GPU MB alloc/reserved=279.0/1900.0
2026-04-11 18:00:45 | INFO | [Round 16] epoch=67/80 loss=0.0203 acc=100.00 val_acc=nan data_t=0.0018s batch_t=0.0891s epoch_t=00:01.55 lr=0.000073 | GPU MB alloc/reserved=279.0/1900.0
2026-04-11 18:00:45 | INFO | [Round 16] Epoch 67/80 time=00:01.55 avg=00:01.54 ETA=00:20.04 | GPU MB alloc/reserved=279.0/1900.0
2026-04-11 18:00:47 | INFO | [Round 16] epoch=68/80 loss=0.0204 acc=100.00 val_acc=nan data_t=0.0033s batch_t=0.0907s epoch_t=00:01.60 lr=0.000064 | GPU MB alloc/reserved=279.0/1900.0
2026-04-11 18:00:47 | INFO | [Round 16] Epoch 68/80 time=00:01.60 avg=00:01.54 ETA=00:18.51 | GPU MB alloc/reserved=279.0/1900.0
2026-04-11 18:00:48 | INFO | [Round 16] epoch=69/80 loss=0.0186 acc=100.00 val_acc=nan data_t=0.0015s batch_t=0.0902s epoch_t=00:01.56 lr=0.000055 | GPU MB alloc/reserved=279.0/1900.0
2026-04-11 18:00:48 | INFO | [Round 16] Epoch 69/80 time=00:01.56 avg=00:01.54 ETA=00:16.97 | GPU MB alloc/reserved=279.0/1900.0
2026-04-11 18:00:50 | INFO | [Round 16] epoch=70/80 loss=0.0189 acc=100.00 val_acc=nan data_t=0.0024s batch_t=0.0907s epoch_t=00:01.58 lr=0.000048 | GPU MB alloc/reserved=279.0/1900.0
2026-04-11 18:00:50 | INFO | [Round 16] Epoch 70/80 time=00:01.58 avg=00:01.54 ETA=00:15.43 | GPU MB alloc/reserved=279.0/1900.0
2026-04-11 18:00:52 | INFO | [Round 16] epoch=71/80 loss=0.0203 acc=100.00 val_acc=nan data_t=0.0027s batch_t=0.0902s epoch_t=00:01.58 lr=0.000041 | GPU MB alloc/reserved=279.0/1900.0
2026-04-11 18:00:52 | INFO | [Round 16] Epoch 71/80 time=00:01.58 avg=00:01.54 ETA=00:13.90 | GPU MB alloc/reserved=279.0/1900.0
2026-04-11 18:00:53 | INFO | [Round 16] epoch=72/80 loss=0.0198 acc=100.00 val_acc=nan data_t=0.0016s batch_t=0.0880s epoch_t=00:01.52 lr=0.000034 | GPU MB alloc/reserved=279.0/1900.0
2026-04-11 18:00:53 | INFO | [Round 16] Epoch 72/80 time=00:01.52 avg=00:01.54 ETA=00:12.35 | GPU MB alloc/reserved=279.0/1900.0
2026-04-11 18:00:55 | INFO | [Round 16] epoch=73/80 loss=0.0201 acc=99.90 val_acc=nan data_t=0.0026s batch_t=0.0911s epoch_t=00:01.59 lr=0.000029 | GPU MB alloc/reserved=279.0/1900.0
2026-04-11 18:00:55 | INFO | [Round 16] Epoch 73/80 time=00:01.59 avg=00:01.54 ETA=00:10.81 | GPU MB alloc/reserved=279.0/1900.0
2026-04-11 18:00:56 | INFO | [Round 16] epoch=74/80 loss=0.0194 acc=100.00 val_acc=nan data_t=0.0030s batch_t=0.0905s epoch_t=00:01.59 lr=0.000024 | GPU MB alloc/reserved=279.0/1900.0
2026-04-11 18:00:56 | INFO | [Round 16] Epoch 74/80 time=00:01.59 avg=00:01.54 ETA=00:09.27 | GPU MB alloc/reserved=279.0/1900.0
2026-04-11 18:00:58 | INFO | [Round 16] epoch=75/80 loss=0.0181 acc=100.00 val_acc=nan data_t=0.0029s batch_t=0.0917s epoch_t=00:01.61 lr=0.000020 | GPU MB alloc/reserved=279.0/1900.0
2026-04-11 18:00:58 | INFO | [Round 16] Epoch 75/80 time=00:01.61 avg=00:01.55 ETA=00:07.73 | GPU MB alloc/reserved=279.0/1900.0
2026-04-11 18:01:00 | INFO | [Round 16] epoch=76/80 loss=0.0185 acc=100.00 val_acc=nan data_t=0.0030s batch_t=0.0910s epoch_t=00:01.60 lr=0.000016 | GPU MB alloc/reserved=279.0/1900.0
2026-04-11 18:01:00 | INFO | [Round 16] Epoch 76/80 time=00:01.60 avg=00:01.55 ETA=00:06.19 | GPU MB alloc/reserved=279.0/1900.0
2026-04-11 18:01:01 | INFO | [Round 16] epoch=77/80 loss=0.0179 acc=100.00 val_acc=nan data_t=0.0025s batch_t=0.0900s epoch_t=00:01.57 lr=0.000013 | GPU MB alloc/reserved=279.0/1900.0
2026-04-11 18:01:01 | INFO | [Round 16] Epoch 77/80 time=00:01.57 avg=00:01.55 ETA=00:04.64 | GPU MB alloc/reserved=279.0/1900.0
2026-04-11 18:01:03 | INFO | [Round 16] epoch=78/80 loss=0.0198 acc=99.95 val_acc=nan data_t=0.0027s batch_t=0.0893s epoch_t=00:01.56 lr=0.000012 | GPU MB alloc/reserved=279.0/1900.0
2026-04-11 18:01:03 | INFO | [Round 16] Epoch 78/80 time=00:01.56 avg=00:01.55 ETA=00:03.09 | GPU MB alloc/reserved=279.0/1900.0
2026-04-11 18:01:04 | INFO | [Round 16] epoch=79/80 loss=0.0175 acc=100.00 val_acc=nan data_t=0.0022s batch_t=0.0898s epoch_t=00:01.57 lr=0.000010 | GPU MB alloc/reserved=279.0/1900.0
2026-04-11 18:01:04 | INFO | [Round 16] Epoch 79/80 time=00:01.57 avg=00:01.55 ETA=00:01.55 | GPU MB alloc/reserved=279.0/1900.0
2026-04-11 18:01:06 | INFO | [Round 16] epoch=80/80 loss=0.0187 acc=100.00 val_acc=nan data_t=0.0018s batch_t=0.0900s epoch_t=00:01.56 lr=0.000010 | GPU MB alloc/reserved=279.0/1900.0
2026-04-11 18:01:06 | INFO | [Round 16] Epoch 80/80 time=00:01.56 avg=00:01.55 ETA=00:00.00 | GPU MB alloc/reserved=279.0/1900.0
2026-04-11 18:01:06 | INFO | [Round 16] training complete in 02:04.12 (best monitor=100.000) | GPU MB alloc/reserved=279.0/1900.0
2026-04-11 18:01:06 | INFO | [Round 16] evaluation started | GPU MB alloc/reserved=191.9/1900.0
2026-04-11 18:01:15 | INFO | [Round 16] clean=20.32 fgsm=15.23 pgd=15.05 grad_disp_mean=nan grad_disp_sel=nan round_t=135.86s | GPU MB alloc/reserved=191.9/1900.0
2026-04-11 18:01:15 | INFO | [Round 17/21] elapsed=02:15.86 avg_round=01:28.11 projected_remaining=05:52.45 | GPU MB alloc/reserved=191.9/1900.0
2026-04-11 18:01:16 | INFO | [Round 17] acquisition on pool_size=47900 scored_pool=5000 budget=100 | GPU MB alloc/reserved=103.9/1900.0
2026-04-11 18:01:16 | INFO | [CoreSet-unlabeled-feat] scoring progress 10/20 elapsed=00:00.25 avg/batch=0.025s ETA=00:00.25 | GPU MB alloc/reserved=112.0/1900.0
2026-04-11 18:01:16 | INFO | [CoreSet-unlabeled-feat] scoring progress 20/20 elapsed=00:00.40 avg/batch=0.020s ETA=00:00.00 | GPU MB alloc/reserved=115.5/1900.0
2026-04-11 18:01:17 | INFO | [CoreSet-labeled-feat] scoring progress 9/9 elapsed=00:00.21 avg/batch=0.024s ETA=00:00.00 | GPU MB alloc/reserved=118.4/1900.0
2026-04-11 18:01:17 | INFO | [CoreSet] greedy 10/100 cover_radius=27.099207 | GPU: n/a
2026-04-11 18:01:17 | INFO | [CoreSet] greedy 20/100 cover_radius=26.649328 | GPU: n/a
2026-04-11 18:01:17 | INFO | [CoreSet] greedy 30/100 cover_radius=26.295622 | GPU: n/a
2026-04-11 18:01:17 | INFO | [CoreSet] greedy 40/100 cover_radius=26.132790 | GPU: n/a
2026-04-11 18:01:17 | INFO | [CoreSet] greedy 50/100 cover_radius=26.036638 | GPU: n/a
2026-04-11 18:01:17 | INFO | [CoreSet] greedy 60/100 cover_radius=25.894516 | GPU: n/a
2026-04-11 18:01:18 | INFO | [CoreSet] greedy 70/100 cover_radius=25.788631 | GPU: n/a
2026-04-11 18:01:18 | INFO | [CoreSet] greedy 80/100 cover_radius=25.686989 | GPU: n/a
2026-04-11 18:01:18 | INFO | [CoreSet] greedy 90/100 cover_radius=25.595226 | GPU: n/a
2026-04-11 18:01:18 | INFO | [CoreSet] greedy 100/100 cover_radius=25.481501 | GPU: n/a
2026-04-11 18:01:18 | INFO | [Round 17] labeled=2200 train=2200 val_fixed=0 | GPU MB alloc/reserved=148.3/1900.0
2026-04-11 18:01:20 | INFO | [Round 17] epoch=1/80 loss=4.7001 acc=2.00 val_acc=nan data_t=0.0114s batch_t=0.0941s epoch_t=00:01.90 lr=0.001000 | GPU MB alloc/reserved=279.0/1900.0
2026-04-11 18:01:20 | INFO | [Round 17] Epoch 1/80 time=00:01.90 avg=00:01.90 ETA=02:30.13 | GPU MB alloc/reserved=279.0/1900.0
2026-04-11 18:01:22 | INFO | [Round 17] epoch=2/80 loss=4.4512 acc=3.14 val_acc=nan data_t=0.0015s batch_t=0.0901s epoch_t=00:01.65 lr=0.000998 | GPU MB alloc/reserved=279.0/1900.0
2026-04-11 18:01:22 | INFO | [Round 17] Epoch 2/80 time=00:01.65 avg=00:01.77 ETA=02:18.43 | GPU MB alloc/reserved=279.0/1900.0
2026-04-11 18:01:24 | INFO | [Round 17] epoch=3/80 loss=4.3037 acc=5.05 val_acc=nan data_t=0.0015s batch_t=0.0909s epoch_t=00:01.66 lr=0.000997 | GPU MB alloc/reserved=279.0/1900.0
2026-04-11 18:01:24 | INFO | [Round 17] Epoch 3/80 time=00:01.66 avg=00:01.74 ETA=02:13.79 | GPU MB alloc/reserved=279.0/1900.0
2026-04-11 18:01:25 | INFO | [Round 17] epoch=4/80 loss=4.1665 acc=6.23 val_acc=nan data_t=0.0018s batch_t=0.0907s epoch_t=00:01.66 lr=0.000994 | GPU MB alloc/reserved=279.0/1900.0
2026-04-11 18:01:25 | INFO | [Round 17] Epoch 4/80 time=00:01.66 avg=00:01.72 ETA=02:10.66 | GPU MB alloc/reserved=279.0/1900.0
2026-04-11 18:01:27 | INFO | [Round 17] epoch=5/80 loss=4.0862 acc=7.86 val_acc=nan data_t=0.0018s batch_t=0.0900s epoch_t=00:01.65 lr=0.000990 | GPU MB alloc/reserved=279.0/1900.0
2026-04-11 18:01:27 | INFO | [Round 17] Epoch 5/80 time=00:01.65 avg=00:01.71 ETA=02:07.94 | GPU MB alloc/reserved=279.0/1900.0
2026-04-11 18:01:29 | INFO | [Round 17] epoch=6/80 loss=3.9635 acc=7.77 val_acc=nan data_t=0.0016s batch_t=0.0902s epoch_t=00:01.65 lr=0.000986 | GPU MB alloc/reserved=279.0/1900.0
2026-04-11 18:01:29 | INFO | [Round 17] Epoch 6/80 time=00:01.65 avg=00:01.70 ETA=02:05.57 | GPU MB alloc/reserved=279.0/1900.0
2026-04-11 18:01:30 | INFO | [Round 17] epoch=7/80 loss=3.8366 acc=10.59 val_acc=nan data_t=0.0016s batch_t=0.0903s epoch_t=00:01.66 lr=0.000981 | GPU MB alloc/reserved=279.0/1900.0
2026-04-11 18:01:30 | INFO | [Round 17] Epoch 7/80 time=00:01.66 avg=00:01.69 ETA=02:03.44 | GPU MB alloc/reserved=279.0/1900.0
2026-04-11 18:01:32 | INFO | [Round 17] epoch=8/80 loss=3.7163 acc=12.18 val_acc=nan data_t=0.0017s batch_t=0.0908s epoch_t=00:01.66 lr=0.000976 | GPU MB alloc/reserved=279.0/1900.0
2026-04-11 18:01:32 | INFO | [Round 17] Epoch 8/80 time=00:01.66 avg=00:01.69 ETA=02:01.51 | GPU MB alloc/reserved=279.0/1900.0
2026-04-11 18:01:34 | INFO | [Round 17] epoch=9/80 loss=3.6280 acc=13.18 val_acc=nan data_t=0.0016s batch_t=0.0907s epoch_t=00:01.66 lr=0.000969 | GPU MB alloc/reserved=279.0/1900.0
2026-04-11 18:01:34 | INFO | [Round 17] Epoch 9/80 time=00:01.66 avg=00:01.68 ETA=01:59.61 | GPU MB alloc/reserved=279.0/1900.0
2026-04-11 18:01:35 | INFO | [Round 17] epoch=10/80 loss=3.5018 acc=14.77 val_acc=nan data_t=0.0016s batch_t=0.0803s epoch_t=00:01.47 lr=0.000962 | GPU MB alloc/reserved=279.0/1900.0
2026-04-11 18:01:35 | INFO | [Round 17] Epoch 10/80 time=00:01.47 avg=00:01.66 ETA=01:56.46 | GPU MB alloc/reserved=279.0/1900.0
2026-04-11 18:01:37 | INFO | [Round 17] epoch=11/80 loss=3.3565 acc=18.59 val_acc=nan data_t=0.0015s batch_t=0.0973s epoch_t=00:01.78 lr=0.000955 | GPU MB alloc/reserved=279.0/1900.0
2026-04-11 18:01:37 | INFO | [Round 17] Epoch 11/80 time=00:01.78 avg=00:01.67 ETA=01:55.51 | GPU MB alloc/reserved=279.0/1900.0
2026-04-11 18:01:39 | INFO | [Round 17] epoch=12/80 loss=3.2389 acc=19.59 val_acc=nan data_t=0.0029s batch_t=0.0986s epoch_t=00:01.83 lr=0.000946 | GPU MB alloc/reserved=279.0/1900.0
2026-04-11 18:01:39 | INFO | [Round 17] Epoch 12/80 time=00:01.83 avg=00:01.69 ETA=01:54.70 | GPU MB alloc/reserved=279.0/1900.0
2026-04-11 18:01:41 | INFO | [Round 17] epoch=13/80 loss=3.1058 acc=20.73 val_acc=nan data_t=0.0028s batch_t=0.0999s epoch_t=00:01.85 lr=0.000937 | GPU MB alloc/reserved=279.0/1900.0
2026-04-11 18:01:41 | INFO | [Round 17] Epoch 13/80 time=00:01.85 avg=00:01.70 ETA=01:53.85 | GPU MB alloc/reserved=279.0/1900.0
2026-04-11 18:01:42 | INFO | [Round 17] epoch=14/80 loss=3.0264 acc=22.55 val_acc=nan data_t=0.0027s batch_t=0.0992s epoch_t=00:01.83 lr=0.000927 | GPU MB alloc/reserved=279.0/1900.0
2026-04-11 18:01:42 | INFO | [Round 17] Epoch 14/80 time=00:01.83 avg=00:01.71 ETA=01:52.79 | GPU MB alloc/reserved=279.0/1900.0
2026-04-11 18:01:44 | INFO | [Round 17] epoch=15/80 loss=2.9102 acc=24.18 val_acc=nan data_t=0.0025s batch_t=0.0669s epoch_t=00:01.25 lr=0.000917 | GPU MB alloc/reserved=279.0/1900.0
2026-04-11 18:01:44 | INFO | [Round 17] Epoch 15/80 time=00:01.25 avg=00:01.68 ETA=01:49.08 | GPU MB alloc/reserved=279.0/1900.0
2026-04-11 18:01:45 | INFO | [Round 17] epoch=16/80 loss=2.7713 acc=27.18 val_acc=nan data_t=0.0018s batch_t=0.0734s epoch_t=00:01.35 lr=0.000905 | GPU MB alloc/reserved=279.0/1900.0
2026-04-11 18:01:45 | INFO | [Round 17] Epoch 16/80 time=00:01.35 avg=00:01.66 ETA=01:46.10 | GPU MB alloc/reserved=279.0/1900.0
2026-04-11 18:01:46 | INFO | [Round 17] epoch=17/80 loss=2.6804 acc=29.27 val_acc=nan data_t=0.0025s batch_t=0.0737s epoch_t=00:01.37 lr=0.000894 | GPU MB alloc/reserved=279.0/1900.0
2026-04-11 18:01:46 | INFO | [Round 17] Epoch 17/80 time=00:01.37 avg=00:01.64 ETA=01:43.38 | GPU MB alloc/reserved=279.0/1900.0
2026-04-11 18:01:48 | INFO | [Round 17] epoch=18/80 loss=2.5550 acc=29.95 val_acc=nan data_t=0.0015s batch_t=0.0883s epoch_t=00:01.62 lr=0.000881 | GPU MB alloc/reserved=279.0/1900.0
2026-04-11 18:01:48 | INFO | [Round 17] Epoch 18/80 time=00:01.62 avg=00:01.64 ETA=01:41.66 | GPU MB alloc/reserved=279.0/1900.0
2026-04-11 18:01:50 | INFO | [Round 17] epoch=19/80 loss=2.4462 acc=34.50 val_acc=nan data_t=0.0020s batch_t=0.0899s epoch_t=00:01.65 lr=0.000868 | GPU MB alloc/reserved=279.0/1900.0
2026-04-11 18:01:50 | INFO | [Round 17] Epoch 19/80 time=00:01.65 avg=00:01.64 ETA=01:40.06 | GPU MB alloc/reserved=279.0/1900.0
2026-04-11 18:01:51 | INFO | [Round 17] epoch=20/80 loss=2.3247 acc=36.73 val_acc=nan data_t=0.0017s batch_t=0.0900s epoch_t=00:01.65 lr=0.000855 | GPU MB alloc/reserved=279.0/1900.0
2026-04-11 18:01:51 | INFO | [Round 17] Epoch 20/80 time=00:01.65 avg=00:01.64 ETA=01:38.46 | GPU MB alloc/reserved=279.0/1900.0
2026-04-11 18:01:53 | INFO | [Round 17] epoch=21/80 loss=2.1906 acc=40.36 val_acc=nan data_t=0.0017s batch_t=0.0898s epoch_t=00:01.65 lr=0.000841 | GPU MB alloc/reserved=279.0/1900.0
2026-04-11 18:01:53 | INFO | [Round 17] Epoch 21/80 time=00:01.65 avg=00:01.64 ETA=01:36.84 | GPU MB alloc/reserved=279.0/1900.0
2026-04-11 18:01:55 | INFO | [Round 17] epoch=22/80 loss=2.0467 acc=42.50 val_acc=nan data_t=0.0017s batch_t=0.0911s epoch_t=00:01.67 lr=0.000826 | GPU MB alloc/reserved=279.0/1900.0
2026-04-11 18:01:55 | INFO | [Round 17] Epoch 22/80 time=00:01.67 avg=00:01.64 ETA=01:35.27 | GPU MB alloc/reserved=279.0/1900.0
2026-04-11 18:01:56 | INFO | [Round 17] epoch=23/80 loss=1.9642 acc=46.09 val_acc=nan data_t=0.0016s batch_t=0.0902s epoch_t=00:01.65 lr=0.000811 | GPU MB alloc/reserved=279.0/1900.0
2026-04-11 18:01:56 | INFO | [Round 17] Epoch 23/80 time=00:01.65 avg=00:01.64 ETA=01:33.66 | GPU MB alloc/reserved=279.0/1900.0
2026-04-11 18:01:58 | INFO | [Round 17] epoch=24/80 loss=1.8196 acc=49.36 val_acc=nan data_t=0.0017s batch_t=0.0901s epoch_t=00:01.65 lr=0.000796 | GPU MB alloc/reserved=279.0/1900.0
2026-04-11 18:01:58 | INFO | [Round 17] Epoch 24/80 time=00:01.65 avg=00:01.64 ETA=01:32.04 | GPU MB alloc/reserved=279.0/1900.0
2026-04-11 18:02:00 | INFO | [Round 17] epoch=25/80 loss=1.7482 acc=50.91 val_acc=nan data_t=0.0025s batch_t=0.0892s epoch_t=00:01.65 lr=0.000780 | GPU MB alloc/reserved=279.0/1900.0
2026-04-11 18:02:00 | INFO | [Round 17] Epoch 25/80 time=00:01.65 avg=00:01.64 ETA=01:30.41 | GPU MB alloc/reserved=279.0/1900.0
2026-04-11 18:02:01 | INFO | [Round 17] epoch=26/80 loss=1.5469 acc=58.73 val_acc=nan data_t=0.0024s batch_t=0.0897s epoch_t=00:01.66 lr=0.000764 | GPU MB alloc/reserved=279.0/1900.0
2026-04-11 18:02:01 | INFO | [Round 17] Epoch 26/80 time=00:01.66 avg=00:01.64 ETA=01:28.79 | GPU MB alloc/reserved=279.0/1900.0
2026-04-11 18:02:03 | INFO | [Round 17] epoch=27/80 loss=1.4156 acc=61.36 val_acc=nan data_t=0.0020s batch_t=0.0898s epoch_t=00:01.65 lr=0.000747 | GPU MB alloc/reserved=279.0/1900.0
2026-04-11 18:02:03 | INFO | [Round 17] Epoch 27/80 time=00:01.65 avg=00:01.64 ETA=01:27.16 | GPU MB alloc/reserved=279.0/1900.0
2026-04-11 18:02:05 | INFO | [Round 17] epoch=28/80 loss=1.2802 acc=65.23 val_acc=nan data_t=0.0026s batch_t=0.0900s epoch_t=00:01.67 lr=0.000730 | GPU MB alloc/reserved=279.0/1900.0
2026-04-11 18:02:05 | INFO | [Round 17] Epoch 28/80 time=00:01.67 avg=00:01.65 ETA=01:25.56 | GPU MB alloc/reserved=279.0/1900.0
2026-04-11 18:02:06 | INFO | [Round 17] epoch=29/80 loss=1.2258 acc=67.50 val_acc=nan data_t=0.0026s batch_t=0.0901s epoch_t=00:01.67 lr=0.000712 | GPU MB alloc/reserved=279.0/1900.0
2026-04-11 18:02:06 | INFO | [Round 17] Epoch 29/80 time=00:01.67 avg=00:01.65 ETA=01:23.96 | GPU MB alloc/reserved=279.0/1900.0
2026-04-11 18:02:08 | INFO | [Round 17] epoch=30/80 loss=1.1560 acc=68.73 val_acc=nan data_t=0.0027s batch_t=0.0893s epoch_t=00:01.66 lr=0.000694 | GPU MB alloc/reserved=279.0/1900.0
2026-04-11 18:02:08 | INFO | [Round 17] Epoch 30/80 time=00:01.66 avg=00:01.65 ETA=01:22.33 | GPU MB alloc/reserved=279.0/1900.0
2026-04-11 18:02:10 | INFO | [Round 17] epoch=31/80 loss=1.0085 acc=74.00 val_acc=nan data_t=0.0024s batch_t=0.0891s epoch_t=00:01.65 lr=0.000676 | GPU MB alloc/reserved=279.0/1900.0
2026-04-11 18:02:10 | INFO | [Round 17] Epoch 31/80 time=00:01.65 avg=00:01.65 ETA=01:20.68 | GPU MB alloc/reserved=279.0/1900.0
2026-04-11 18:02:11 | INFO | [Round 17] epoch=32/80 loss=0.9057 acc=76.09 val_acc=nan data_t=0.0025s batch_t=0.0885s epoch_t=00:01.64 lr=0.000658 | GPU MB alloc/reserved=279.0/1900.0
2026-04-11 18:02:11 | INFO | [Round 17] Epoch 32/80 time=00:01.64 avg=00:01.65 ETA=01:19.02 | GPU MB alloc/reserved=279.0/1900.0
2026-04-11 18:02:13 | INFO | [Round 17] epoch=33/80 loss=0.9490 acc=73.64 val_acc=nan data_t=0.0031s batch_t=0.0887s epoch_t=00:01.65 lr=0.000639 | GPU MB alloc/reserved=279.0/1900.0
2026-04-11 18:02:13 | INFO | [Round 17] Epoch 33/80 time=00:01.65 avg=00:01.65 ETA=01:17.39 | GPU MB alloc/reserved=279.0/1900.0
2026-04-11 18:02:14 | INFO | [Round 17] epoch=34/80 loss=0.8166 acc=79.14 val_acc=nan data_t=0.0024s batch_t=0.0889s epoch_t=00:01.64 lr=0.000621 | GPU MB alloc/reserved=279.0/1900.0
2026-04-11 18:02:14 | INFO | [Round 17] Epoch 34/80 time=00:01.64 avg=00:01.65 ETA=01:15.74 | GPU MB alloc/reserved=279.0/1900.0
2026-04-11 18:02:16 | INFO | [Round 17] epoch=35/80 loss=0.6954 acc=82.27 val_acc=nan data_t=0.0027s batch_t=0.0900s epoch_t=00:01.67 lr=0.000602 | GPU MB alloc/reserved=279.0/1900.0
2026-04-11 18:02:16 | INFO | [Round 17] Epoch 35/80 time=00:01.67 avg=00:01.65 ETA=01:14.12 | GPU MB alloc/reserved=279.0/1900.0
2026-04-11 18:02:18 | INFO | [Round 17] epoch=36/80 loss=0.6544 acc=83.59 val_acc=nan data_t=0.0027s batch_t=0.0904s epoch_t=00:01.68 lr=0.000582 | GPU MB alloc/reserved=279.0/1900.0
2026-04-11 18:02:18 | INFO | [Round 17] Epoch 36/80 time=00:01.68 avg=00:01.65 ETA=01:12.51 | GPU MB alloc/reserved=279.0/1900.0
2026-04-11 18:02:20 | INFO | [Round 17] epoch=37/80 loss=0.5328 acc=88.32 val_acc=nan data_t=0.0019s batch_t=0.0899s epoch_t=00:01.65 lr=0.000563 | GPU MB alloc/reserved=279.0/1900.0
2026-04-11 18:02:20 | INFO | [Round 17] Epoch 37/80 time=00:01.65 avg=00:01.65 ETA=01:10.86 | GPU MB alloc/reserved=279.0/1900.0
2026-04-11 18:02:21 | INFO | [Round 17] epoch=38/80 loss=0.4208 acc=92.55 val_acc=nan data_t=0.0017s batch_t=0.0900s epoch_t=00:01.65 lr=0.000544 | GPU MB alloc/reserved=279.0/1900.0
2026-04-11 18:02:21 | INFO | [Round 17] Epoch 38/80 time=00:01.65 avg=00:01.65 ETA=01:09.22 | GPU MB alloc/reserved=279.0/1900.0
2026-04-11 18:02:23 | INFO | [Round 17] epoch=39/80 loss=0.3708 acc=93.55 val_acc=nan data_t=0.0016s batch_t=0.0898s epoch_t=00:01.64 lr=0.000524 | GPU MB alloc/reserved=279.0/1900.0
2026-04-11 18:02:23 | INFO | [Round 17] Epoch 39/80 time=00:01.64 avg=00:01.65 ETA=01:07.57 | GPU MB alloc/reserved=279.0/1900.0
2026-04-11 18:02:24 | INFO | [Round 17] epoch=40/80 loss=0.3586 acc=93.68 val_acc=nan data_t=0.0031s batch_t=0.0881s epoch_t=00:01.64 lr=0.000505 | GPU MB alloc/reserved=279.0/1900.0
2026-04-11 18:02:24 | INFO | [Round 17] Epoch 40/80 time=00:01.64 avg=00:01.65 ETA=01:05.92 | GPU MB alloc/reserved=279.0/1900.0
2026-04-11 18:02:26 | INFO | [Round 17] epoch=41/80 loss=0.2881 acc=95.23 val_acc=nan data_t=0.0021s batch_t=0.0896s epoch_t=00:01.65 lr=0.000486 | GPU MB alloc/reserved=279.0/1900.0
2026-04-11 18:02:26 | INFO | [Round 17] Epoch 41/80 time=00:01.65 avg=00:01.65 ETA=01:04.27 | GPU MB alloc/reserved=279.0/1900.0
2026-04-11 18:02:28 | INFO | [Round 17] epoch=42/80 loss=0.2634 acc=95.95 val_acc=nan data_t=0.0027s batch_t=0.0894s epoch_t=00:01.66 lr=0.000466 | GPU MB alloc/reserved=279.0/1900.0
2026-04-11 18:02:28 | INFO | [Round 17] Epoch 42/80 time=00:01.66 avg=00:01.65 ETA=01:02.63 | GPU MB alloc/reserved=279.0/1900.0
2026-04-11 18:02:29 | INFO | [Round 17] epoch=43/80 loss=0.2306 acc=96.55 val_acc=nan data_t=0.0021s batch_t=0.0906s epoch_t=00:01.67 lr=0.000447 | GPU MB alloc/reserved=279.0/1900.0
2026-04-11 18:02:29 | INFO | [Round 17] Epoch 43/80 time=00:01.67 avg=00:01.65 ETA=01:01.00 | GPU MB alloc/reserved=279.0/1900.0
2026-04-11 18:02:31 | INFO | [Round 17] epoch=44/80 loss=0.2240 acc=96.50 val_acc=nan data_t=0.0016s batch_t=0.0898s epoch_t=00:01.64 lr=0.000428 | GPU MB alloc/reserved=279.0/1900.0
2026-04-11 18:02:31 | INFO | [Round 17] Epoch 44/80 time=00:01.64 avg=00:01.65 ETA=00:59.35 | GPU MB alloc/reserved=279.0/1900.0
2026-04-11 18:02:33 | INFO | [Round 17] epoch=45/80 loss=0.1898 acc=97.55 val_acc=nan data_t=0.0021s batch_t=0.0901s epoch_t=00:01.66 lr=0.000408 | GPU MB alloc/reserved=279.0/1900.0
2026-04-11 18:02:33 | INFO | [Round 17] Epoch 45/80 time=00:01.66 avg=00:01.65 ETA=00:57.71 | GPU MB alloc/reserved=279.0/1900.0
2026-04-11 18:02:34 | INFO | [Round 17] epoch=46/80 loss=0.1757 acc=97.50 val_acc=nan data_t=0.0021s batch_t=0.0904s epoch_t=00:01.66 lr=0.000389 | GPU MB alloc/reserved=279.0/1900.0
2026-04-11 18:02:34 | INFO | [Round 17] Epoch 46/80 time=00:01.66 avg=00:01.65 ETA=00:56.07 | GPU MB alloc/reserved=279.0/1900.0
2026-04-11 18:02:36 | INFO | [Round 17] epoch=47/80 loss=0.1500 acc=98.18 val_acc=nan data_t=0.0016s batch_t=0.0900s epoch_t=00:01.65 lr=0.000371 | GPU MB alloc/reserved=279.0/1900.0
2026-04-11 18:02:36 | INFO | [Round 17] Epoch 47/80 time=00:01.65 avg=00:01.65 ETA=00:54.42 | GPU MB alloc/reserved=279.0/1900.0
2026-04-11 18:02:38 | INFO | [Round 17] epoch=48/80 loss=0.1500 acc=98.27 val_acc=nan data_t=0.0019s batch_t=0.0885s epoch_t=00:01.63 lr=0.000352 | GPU MB alloc/reserved=279.0/1900.0
2026-04-11 18:02:38 | INFO | [Round 17] Epoch 48/80 time=00:01.63 avg=00:01.65 ETA=00:52.76 | GPU MB alloc/reserved=279.0/1900.0
2026-04-11 18:02:39 | INFO | [Round 17] epoch=49/80 loss=0.1670 acc=97.14 val_acc=nan data_t=0.0016s batch_t=0.0900s epoch_t=00:01.65 lr=0.000334 | GPU MB alloc/reserved=279.0/1900.0
2026-04-11 18:02:39 | INFO | [Round 17] Epoch 49/80 time=00:01.65 avg=00:01.65 ETA=00:51.11 | GPU MB alloc/reserved=279.0/1900.0
2026-04-11 18:02:41 | INFO | [Round 17] epoch=50/80 loss=0.1425 acc=97.77 val_acc=nan data_t=0.0015s batch_t=0.0903s epoch_t=00:01.65 lr=0.000316 | GPU MB alloc/reserved=279.0/1900.0
2026-04-11 18:02:41 | INFO | [Round 17] Epoch 50/80 time=00:01.65 avg=00:01.65 ETA=00:49.46 | GPU MB alloc/reserved=279.0/1900.0
2026-04-11 18:02:43 | INFO | [Round 17] epoch=51/80 loss=0.1272 acc=98.27 val_acc=nan data_t=0.0014s batch_t=0.0903s epoch_t=00:01.65 lr=0.000298 | GPU MB alloc/reserved=279.0/1900.0
2026-04-11 18:02:43 | INFO | [Round 17] Epoch 51/80 time=00:01.65 avg=00:01.65 ETA=00:47.82 | GPU MB alloc/reserved=279.0/1900.0
2026-04-11 18:02:44 | INFO | [Round 17] epoch=52/80 loss=0.1016 acc=99.27 val_acc=nan data_t=0.0017s batch_t=0.0883s epoch_t=00:01.62 lr=0.000280 | GPU MB alloc/reserved=279.0/1900.0
2026-04-11 18:02:44 | INFO | [Round 17] Epoch 52/80 time=00:01.62 avg=00:01.65 ETA=00:46.15 | GPU MB alloc/reserved=279.0/1900.0
2026-04-11 18:02:46 | INFO | [Round 17] epoch=53/80 loss=0.0875 acc=99.36 val_acc=nan data_t=0.0023s batch_t=0.0905s epoch_t=00:01.67 lr=0.000263 | GPU MB alloc/reserved=279.0/1900.0
2026-04-11 18:02:46 | INFO | [Round 17] Epoch 53/80 time=00:01.67 avg=00:01.65 ETA=00:44.52 | GPU MB alloc/reserved=279.0/1900.0
2026-04-11 18:02:48 | INFO | [Round 17] epoch=54/80 loss=0.0827 acc=99.27 val_acc=nan data_t=0.0019s batch_t=0.0962s epoch_t=00:01.77 lr=0.000246 | GPU MB alloc/reserved=279.0/1900.0
2026-04-11 18:02:48 | INFO | [Round 17] Epoch 54/80 time=00:01.77 avg=00:01.65 ETA=00:42.92 | GPU MB alloc/reserved=279.0/1900.0
2026-04-11 18:02:50 | INFO | [Round 17] epoch=55/80 loss=0.0691 acc=99.73 val_acc=nan data_t=0.0017s batch_t=0.0985s epoch_t=00:01.81 lr=0.000230 | GPU MB alloc/reserved=279.0/1900.0
2026-04-11 18:02:50 | INFO | [Round 17] Epoch 55/80 time=00:01.81 avg=00:01.65 ETA=00:41.34 | GPU MB alloc/reserved=279.0/1900.0
2026-04-11 18:02:51 | INFO | [Round 17] epoch=56/80 loss=0.0589 acc=99.59 val_acc=nan data_t=0.0018s batch_t=0.0983s epoch_t=00:01.80 lr=0.000214 | GPU MB alloc/reserved=279.0/1900.0
2026-04-11 18:02:51 | INFO | [Round 17] Epoch 56/80 time=00:01.80 avg=00:01.66 ETA=00:39.75 | GPU MB alloc/reserved=279.0/1900.0
2026-04-11 18:02:53 | INFO | [Round 17] epoch=57/80 loss=0.0657 acc=99.50 val_acc=nan data_t=0.0017s batch_t=0.0990s epoch_t=00:01.81 lr=0.000199 | GPU MB alloc/reserved=279.0/1900.0
2026-04-11 18:02:53 | INFO | [Round 17] Epoch 57/80 time=00:01.81 avg=00:01.66 ETA=00:38.16 | GPU MB alloc/reserved=279.0/1900.0
2026-04-11 18:02:54 | INFO | [Round 17] epoch=58/80 loss=0.0581 acc=99.86 val_acc=nan data_t=0.0015s batch_t=0.0595s epoch_t=00:01.10 lr=0.000184 | GPU MB alloc/reserved=279.0/1900.0
2026-04-11 18:02:54 | INFO | [Round 17] Epoch 58/80 time=00:01.10 avg=00:01.65 ETA=00:36.29 | GPU MB alloc/reserved=279.0/1900.0
2026-04-11 18:02:56 | INFO | [Round 17] epoch=59/80 loss=0.0495 acc=99.91 val_acc=nan data_t=0.0023s batch_t=0.0729s epoch_t=00:01.35 lr=0.000169 | GPU MB alloc/reserved=279.0/1900.0
2026-04-11 18:02:56 | INFO | [Round 17] Epoch 59/80 time=00:01.35 avg=00:01.64 ETA=00:34.53 | GPU MB alloc/reserved=279.0/1900.0
2026-04-11 18:02:57 | INFO | [Round 17] epoch=60/80 loss=0.0458 acc=99.77 val_acc=nan data_t=0.0014s batch_t=0.0610s epoch_t=00:01.12 lr=0.000155 | GPU MB alloc/reserved=279.0/1900.0
2026-04-11 18:02:57 | INFO | [Round 17] Epoch 60/80 time=00:01.12 avg=00:01.64 ETA=00:32.71 | GPU MB alloc/reserved=279.0/1900.0
2026-04-11 18:02:58 | INFO | [Round 17] epoch=61/80 loss=0.0509 acc=99.77 val_acc=nan data_t=0.0015s batch_t=0.0904s epoch_t=00:01.65 lr=0.000142 | GPU MB alloc/reserved=279.0/1900.0
2026-04-11 18:02:58 | INFO | [Round 17] Epoch 61/80 time=00:01.65 avg=00:01.64 ETA=00:31.08 | GPU MB alloc/reserved=279.0/1900.0
2026-04-11 18:03:00 | INFO | [Round 17] epoch=62/80 loss=0.0531 acc=99.77 val_acc=nan data_t=0.0028s batch_t=0.0893s epoch_t=00:01.66 lr=0.000129 | GPU MB alloc/reserved=279.0/1900.0
2026-04-11 18:03:00 | INFO | [Round 17] Epoch 62/80 time=00:01.66 avg=00:01.64 ETA=00:29.45 | GPU MB alloc/reserved=279.0/1900.0
2026-04-11 18:03:02 | INFO | [Round 17] epoch=63/80 loss=0.0493 acc=99.82 val_acc=nan data_t=0.0024s batch_t=0.0895s epoch_t=00:01.66 lr=0.000116 | GPU MB alloc/reserved=279.0/1900.0
2026-04-11 18:03:02 | INFO | [Round 17] Epoch 63/80 time=00:01.66 avg=00:01.64 ETA=00:27.82 | GPU MB alloc/reserved=279.0/1900.0
2026-04-11 18:03:03 | INFO | [Round 17] epoch=64/80 loss=0.0422 acc=99.91 val_acc=nan data_t=0.0021s batch_t=0.0905s epoch_t=00:01.67 lr=0.000105 | GPU MB alloc/reserved=279.0/1900.0
2026-04-11 18:03:03 | INFO | [Round 17] Epoch 64/80 time=00:01.67 avg=00:01.64 ETA=00:26.20 | GPU MB alloc/reserved=279.0/1900.0
2026-04-11 18:03:05 | INFO | [Round 17] epoch=65/80 loss=0.0395 acc=100.00 val_acc=nan data_t=0.0017s batch_t=0.0906s epoch_t=00:01.66 lr=0.000093 | GPU MB alloc/reserved=279.0/1900.0
2026-04-11 18:03:05 | INFO | [Round 17] Epoch 65/80 time=00:01.66 avg=00:01.64 ETA=00:24.56 | GPU MB alloc/reserved=279.0/1900.0
2026-04-11 18:03:07 | INFO | [Round 17] epoch=66/80 loss=0.0410 acc=99.95 val_acc=nan data_t=0.0014s batch_t=0.0900s epoch_t=00:01.65 lr=0.000083 | GPU MB alloc/reserved=279.0/1900.0
2026-04-11 18:03:07 | INFO | [Round 17] Epoch 66/80 time=00:01.65 avg=00:01.64 ETA=00:22.93 | GPU MB alloc/reserved=279.0/1900.0
2026-04-11 18:03:08 | INFO | [Round 17] epoch=67/80 loss=0.0386 acc=99.77 val_acc=nan data_t=0.0017s batch_t=0.0900s epoch_t=00:01.65 lr=0.000073 | GPU MB alloc/reserved=279.0/1900.0
2026-04-11 18:03:08 | INFO | [Round 17] Epoch 67/80 time=00:01.65 avg=00:01.64 ETA=00:21.29 | GPU MB alloc/reserved=279.0/1900.0
2026-04-11 18:03:10 | INFO | [Round 17] epoch=68/80 loss=0.0462 acc=99.77 val_acc=nan data_t=0.0017s batch_t=0.0904s epoch_t=00:01.66 lr=0.000064 | GPU MB alloc/reserved=279.0/1900.0
2026-04-11 18:03:10 | INFO | [Round 17] Epoch 68/80 time=00:01.66 avg=00:01.64 ETA=00:19.66 | GPU MB alloc/reserved=279.0/1900.0
2026-04-11 18:03:12 | INFO | [Round 17] epoch=69/80 loss=0.0411 acc=99.91 val_acc=nan data_t=0.0017s batch_t=0.0897s epoch_t=00:01.64 lr=0.000055 | GPU MB alloc/reserved=279.0/1900.0
2026-04-11 18:03:12 | INFO | [Round 17] Epoch 69/80 time=00:01.64 avg=00:01.64 ETA=00:18.02 | GPU MB alloc/reserved=279.0/1900.0
2026-04-11 18:03:13 | INFO | [Round 17] epoch=70/80 loss=0.0387 acc=99.91 val_acc=nan data_t=0.0026s batch_t=0.0904s epoch_t=00:01.67 lr=0.000048 | GPU MB alloc/reserved=279.0/1900.0
2026-04-11 18:03:13 | INFO | [Round 17] Epoch 70/80 time=00:01.67 avg=00:01.64 ETA=00:16.39 | GPU MB alloc/reserved=279.0/1900.0
2026-04-11 18:03:15 | INFO | [Round 17] epoch=71/80 loss=0.0343 acc=100.00 val_acc=nan data_t=0.0029s batch_t=0.0903s epoch_t=00:01.68 lr=0.000041 | GPU MB alloc/reserved=279.0/1900.0
2026-04-11 18:03:15 | INFO | [Round 17] Epoch 71/80 time=00:01.68 avg=00:01.64 ETA=00:14.75 | GPU MB alloc/reserved=279.0/1900.0
2026-04-11 18:03:17 | INFO | [Round 17] epoch=72/80 loss=0.0375 acc=99.95 val_acc=nan data_t=0.0026s batch_t=0.0898s epoch_t=00:01.66 lr=0.000034 | GPU MB alloc/reserved=279.0/1900.0
2026-04-11 18:03:17 | INFO | [Round 17] Epoch 72/80 time=00:01.66 avg=00:01.64 ETA=00:13.12 | GPU MB alloc/reserved=279.0/1900.0
2026-04-11 18:03:18 | INFO | [Round 17] epoch=73/80 loss=0.0351 acc=100.00 val_acc=nan data_t=0.0027s batch_t=0.0860s epoch_t=00:01.60 lr=0.000029 | GPU MB alloc/reserved=279.0/1900.0
2026-04-11 18:03:18 | INFO | [Round 17] Epoch 73/80 time=00:01.60 avg=00:01.64 ETA=00:11.47 | GPU MB alloc/reserved=279.0/1900.0
2026-04-11 18:03:20 | INFO | [Round 17] epoch=74/80 loss=0.0335 acc=100.00 val_acc=nan data_t=0.0029s batch_t=0.0911s epoch_t=00:01.69 lr=0.000024 | GPU MB alloc/reserved=279.0/1900.0
2026-04-11 18:03:20 | INFO | [Round 17] Epoch 74/80 time=00:01.69 avg=00:01.64 ETA=00:09.84 | GPU MB alloc/reserved=279.0/1900.0
2026-04-11 18:03:22 | INFO | [Round 17] epoch=75/80 loss=0.0360 acc=99.91 val_acc=nan data_t=0.0026s batch_t=0.0906s epoch_t=00:01.68 lr=0.000020 | GPU MB alloc/reserved=279.0/1900.0
2026-04-11 18:03:22 | INFO | [Round 17] Epoch 75/80 time=00:01.68 avg=00:01.64 ETA=00:08.20 | GPU MB alloc/reserved=279.0/1900.0
2026-04-11 18:03:23 | INFO | [Round 17] epoch=76/80 loss=0.0339 acc=100.00 val_acc=nan data_t=0.0025s batch_t=0.0897s epoch_t=00:01.66 lr=0.000016 | GPU MB alloc/reserved=279.0/1900.0
2026-04-11 18:03:23 | INFO | [Round 17] Epoch 76/80 time=00:01.66 avg=00:01.64 ETA=00:06.56 | GPU MB alloc/reserved=279.0/1900.0
2026-04-11 18:03:25 | INFO | [Round 17] epoch=77/80 loss=0.0336 acc=99.91 val_acc=nan data_t=0.0015s batch_t=0.0913s epoch_t=00:01.67 lr=0.000013 | GPU MB alloc/reserved=279.0/1900.0
2026-04-11 18:03:25 | INFO | [Round 17] Epoch 77/80 time=00:01.67 avg=00:01.64 ETA=00:04.92 | GPU MB alloc/reserved=279.0/1900.0
2026-04-11 18:03:27 | INFO | [Round 17] epoch=78/80 loss=0.0319 acc=99.95 val_acc=nan data_t=0.0015s batch_t=0.0903s epoch_t=00:01.65 lr=0.000012 | GPU MB alloc/reserved=279.0/1900.0
2026-04-11 18:03:27 | INFO | [Round 17] Epoch 78/80 time=00:01.65 avg=00:01.64 ETA=00:03.28 | GPU MB alloc/reserved=279.0/1900.0
2026-04-11 18:03:28 | INFO | [Round 17] epoch=79/80 loss=0.0325 acc=99.91 val_acc=nan data_t=0.0016s batch_t=0.0907s epoch_t=00:01.66 lr=0.000010 | GPU MB alloc/reserved=279.0/1900.0
2026-04-11 18:03:28 | INFO | [Round 17] Epoch 79/80 time=00:01.66 avg=00:01.64 ETA=00:01.64 | GPU MB alloc/reserved=279.0/1900.0
2026-04-11 18:03:30 | INFO | [Round 17] epoch=80/80 loss=0.0332 acc=99.86 val_acc=nan data_t=0.0017s batch_t=0.0901s epoch_t=00:01.65 lr=0.000010 | GPU MB alloc/reserved=279.0/1900.0
2026-04-11 18:03:30 | INFO | [Round 17] Epoch 80/80 time=00:01.65 avg=00:01.64 ETA=00:00.00 | GPU MB alloc/reserved=279.0/1900.0
2026-04-11 18:03:30 | INFO | [Round 17] training complete in 02:11.67 (best monitor=100.000) | GPU MB alloc/reserved=279.0/1900.0
2026-04-11 18:03:30 | INFO | [Round 17] evaluation started | GPU MB alloc/reserved=191.3/1900.0
2026-04-11 18:03:39 | INFO | [Round 17] clean=21.17 fgsm=15.79 pgd=15.65 grad_disp_mean=nan grad_disp_sel=nan round_t=143.32s | GPU MB alloc/reserved=191.3/1900.0
2026-04-11 18:03:39 | INFO | [Round 18/21] elapsed=02:23.32 avg_round=01:31.18 projected_remaining=04:33.54 | GPU MB alloc/reserved=191.3/1900.0
2026-04-11 18:03:40 | INFO | [Round 18] acquisition on pool_size=47800 scored_pool=5000 budget=100 | GPU MB alloc/reserved=103.7/1900.0
2026-04-11 18:03:40 | INFO | [CoreSet-unlabeled-feat] scoring progress 10/20 elapsed=00:00.24 avg/batch=0.024s ETA=00:00.24 | GPU MB alloc/reserved=112.0/1900.0
2026-04-11 18:03:40 | INFO | [CoreSet-unlabeled-feat] scoring progress 20/20 elapsed=00:00.37 avg/batch=0.019s ETA=00:00.00 | GPU MB alloc/reserved=115.7/1900.0
2026-04-11 18:03:41 | INFO | [CoreSet-labeled-feat] scoring progress 9/9 elapsed=00:00.25 avg/batch=0.027s ETA=00:00.00 | GPU MB alloc/reserved=120.0/1900.0
2026-04-11 18:03:41 | INFO | [CoreSet] greedy 10/100 cover_radius=26.517481 | GPU: n/a
2026-04-11 18:03:41 | INFO | [CoreSet] greedy 20/100 cover_radius=26.190805 | GPU: n/a
2026-04-11 18:03:41 | INFO | [CoreSet] greedy 30/100 cover_radius=25.932232 | GPU: n/a
2026-04-11 18:03:41 | INFO | [CoreSet] greedy 40/100 cover_radius=25.704189 | GPU: n/a
2026-04-11 18:03:41 | INFO | [CoreSet] greedy 50/100 cover_radius=25.531412 | GPU: n/a
2026-04-11 18:03:42 | INFO | [CoreSet] greedy 60/100 cover_radius=25.280436 | GPU: n/a
2026-04-11 18:03:42 | INFO | [CoreSet] greedy 70/100 cover_radius=25.206612 | GPU: n/a
2026-04-11 18:03:42 | INFO | [CoreSet] greedy 80/100 cover_radius=25.124292 | GPU: n/a
2026-04-11 18:03:42 | INFO | [CoreSet] greedy 90/100 cover_radius=25.049532 | GPU: n/a
2026-04-11 18:03:42 | INFO | [CoreSet] greedy 100/100 cover_radius=24.993780 | GPU: n/a
2026-04-11 18:03:43 | INFO | [Round 18] labeled=2300 train=2300 val_fixed=0 | GPU MB alloc/reserved=148.0/1900.0
2026-04-11 18:03:44 | INFO | [Round 18] epoch=1/80 loss=4.6928 acc=2.48 val_acc=nan data_t=0.0103s batch_t=0.0955s epoch_t=00:01.90 lr=0.001000 | GPU MB alloc/reserved=278.0/1900.0
2026-04-11 18:03:44 | INFO | [Round 18] Epoch 1/80 time=00:01.90 avg=00:01.90 ETA=02:30.40 | GPU MB alloc/reserved=278.0/1900.0
2026-04-11 18:03:46 | INFO | [Round 18] epoch=2/80 loss=4.4088 acc=4.04 val_acc=nan data_t=0.0016s batch_t=0.0922s epoch_t=00:01.69 lr=0.000998 | GPU MB alloc/reserved=278.0/1900.0
2026-04-11 18:03:46 | INFO | [Round 18] Epoch 2/80 time=00:01.69 avg=00:01.80 ETA=02:20.12 | GPU MB alloc/reserved=278.0/1900.0
2026-04-11 18:03:48 | INFO | [Round 18] epoch=3/80 loss=4.2251 acc=5.39 val_acc=nan data_t=0.0015s batch_t=0.0925s epoch_t=00:01.69 lr=0.000997 | GPU MB alloc/reserved=278.0/1900.0
2026-04-11 18:03:48 | INFO | [Round 18] Epoch 3/80 time=00:01.69 avg=00:01.76 ETA=02:15.65 | GPU MB alloc/reserved=278.0/1900.0
2026-04-11 18:03:50 | INFO | [Round 18] epoch=4/80 loss=4.0731 acc=7.39 val_acc=nan data_t=0.0025s batch_t=0.0921s epoch_t=00:01.70 lr=0.000994 | GPU MB alloc/reserved=278.0/1900.0
2026-04-11 18:03:50 | INFO | [Round 18] Epoch 4/80 time=00:01.70 avg=00:01.75 ETA=02:12.78 | GPU MB alloc/reserved=278.0/1900.0
2026-04-11 18:03:51 | INFO | [Round 18] epoch=5/80 loss=3.9550 acc=8.43 val_acc=nan data_t=0.0028s batch_t=0.0909s epoch_t=00:01.69 lr=0.000990 | GPU MB alloc/reserved=278.0/1900.0
2026-04-11 18:03:51 | INFO | [Round 18] Epoch 5/80 time=00:01.69 avg=00:01.74 ETA=02:10.13 | GPU MB alloc/reserved=278.0/1900.0
2026-04-11 18:03:53 | INFO | [Round 18] epoch=6/80 loss=3.8158 acc=10.87 val_acc=nan data_t=0.0026s batch_t=0.0925s epoch_t=00:01.71 lr=0.000986 | GPU MB alloc/reserved=278.0/1900.0
2026-04-11 18:03:53 | INFO | [Round 18] Epoch 6/80 time=00:01.71 avg=00:01.73 ETA=02:08.10 | GPU MB alloc/reserved=278.0/1900.0
2026-04-11 18:03:55 | INFO | [Round 18] epoch=7/80 loss=3.6430 acc=12.87 val_acc=nan data_t=0.0019s batch_t=0.0914s epoch_t=00:01.68 lr=0.000981 | GPU MB alloc/reserved=278.0/1900.0
2026-04-11 18:03:55 | INFO | [Round 18] Epoch 7/80 time=00:01.68 avg=00:01.72 ETA=02:05.84 | GPU MB alloc/reserved=278.0/1900.0
2026-04-11 18:03:56 | INFO | [Round 18] epoch=8/80 loss=3.5464 acc=14.22 val_acc=nan data_t=0.0017s batch_t=0.0902s epoch_t=00:01.65 lr=0.000976 | GPU MB alloc/reserved=278.0/1900.0
2026-04-11 18:03:56 | INFO | [Round 18] Epoch 8/80 time=00:01.65 avg=00:01.72 ETA=02:03.49 | GPU MB alloc/reserved=278.0/1900.0
2026-04-11 18:03:58 | INFO | [Round 18] epoch=9/80 loss=3.4100 acc=16.30 val_acc=nan data_t=0.0016s batch_t=0.0915s epoch_t=00:01.68 lr=0.000969 | GPU MB alloc/reserved=278.0/1900.0
2026-04-11 18:03:58 | INFO | [Round 18] Epoch 9/80 time=00:01.68 avg=00:01.71 ETA=02:01.47 | GPU MB alloc/reserved=278.0/1900.0
2026-04-11 18:04:00 | INFO | [Round 18] epoch=10/80 loss=3.3137 acc=19.09 val_acc=nan data_t=0.0026s batch_t=0.1008s epoch_t=00:01.86 lr=0.000962 | GPU MB alloc/reserved=278.0/1900.0
2026-04-11 18:04:00 | INFO | [Round 18] Epoch 10/80 time=00:01.86 avg=00:01.73 ETA=02:00.82 | GPU MB alloc/reserved=278.0/1900.0
2026-04-11 18:04:02 | INFO | [Round 18] epoch=11/80 loss=3.1401 acc=20.26 val_acc=nan data_t=0.0016s batch_t=0.1015s epoch_t=00:01.86 lr=0.000955 | GPU MB alloc/reserved=278.0/1900.0
2026-04-11 18:04:02 | INFO | [Round 18] Epoch 11/80 time=00:01.86 avg=00:01.74 ETA=01:59.91 | GPU MB alloc/reserved=278.0/1900.0
2026-04-11 18:04:04 | INFO | [Round 18] epoch=12/80 loss=2.9587 acc=24.26 val_acc=nan data_t=0.0024s batch_t=0.1018s epoch_t=00:01.88 lr=0.000946 | GPU MB alloc/reserved=278.0/1900.0
2026-04-11 18:04:04 | INFO | [Round 18] Epoch 12/80 time=00:01.88 avg=00:01.75 ETA=01:58.95 | GPU MB alloc/reserved=278.0/1900.0
2026-04-11 18:04:05 | INFO | [Round 18] epoch=13/80 loss=2.7925 acc=27.30 val_acc=nan data_t=0.0019s batch_t=0.0996s epoch_t=00:01.83 lr=0.000937 | GPU MB alloc/reserved=278.0/1900.0
2026-04-11 18:04:05 | INFO | [Round 18] Epoch 13/80 time=00:01.83 avg=00:01.76 ETA=01:57.61 | GPU MB alloc/reserved=278.0/1900.0
2026-04-11 18:04:07 | INFO | [Round 18] epoch=14/80 loss=2.7184 acc=28.61 val_acc=nan data_t=0.0018s batch_t=0.0627s epoch_t=00:01.16 lr=0.000927 | GPU MB alloc/reserved=278.0/1900.0
2026-04-11 18:04:07 | INFO | [Round 18] Epoch 14/80 time=00:01.16 avg=00:01.71 ETA=01:53.05 | GPU MB alloc/reserved=278.0/1900.0
2026-04-11 18:04:08 | INFO | [Round 18] epoch=15/80 loss=2.5869 acc=31.57 val_acc=nan data_t=0.0015s batch_t=0.0724s epoch_t=00:01.33 lr=0.000917 | GPU MB alloc/reserved=278.0/1900.0
2026-04-11 18:04:08 | INFO | [Round 18] Epoch 15/80 time=00:01.33 avg=00:01.69 ETA=01:49.68 | GPU MB alloc/reserved=278.0/1900.0
2026-04-11 18:04:09 | INFO | [Round 18] epoch=16/80 loss=2.4311 acc=34.00 val_acc=nan data_t=0.0020s batch_t=0.0649s epoch_t=00:01.21 lr=0.000905 | GPU MB alloc/reserved=278.0/1900.0
2026-04-11 18:04:09 | INFO | [Round 18] Epoch 16/80 time=00:01.21 avg=00:01.66 ETA=01:46.07 | GPU MB alloc/reserved=278.0/1900.0
2026-04-11 18:04:11 | INFO | [Round 18] epoch=17/80 loss=2.2813 acc=37.87 val_acc=nan data_t=0.0016s batch_t=0.0897s epoch_t=00:01.64 lr=0.000894 | GPU MB alloc/reserved=278.0/1900.0
2026-04-11 18:04:11 | INFO | [Round 18] Epoch 17/80 time=00:01.64 avg=00:01.66 ETA=01:44.36 | GPU MB alloc/reserved=278.0/1900.0
2026-04-11 18:04:13 | INFO | [Round 18] epoch=18/80 loss=2.1534 acc=41.30 val_acc=nan data_t=0.0026s batch_t=0.0924s epoch_t=00:01.71 lr=0.000881 | GPU MB alloc/reserved=278.0/1900.0
2026-04-11 18:04:13 | INFO | [Round 18] Epoch 18/80 time=00:01.71 avg=00:01.66 ETA=01:42.89 | GPU MB alloc/reserved=278.0/1900.0
2026-04-11 18:04:14 | INFO | [Round 18] epoch=19/80 loss=1.9840 acc=44.70 val_acc=nan data_t=0.0017s batch_t=0.0949s epoch_t=00:01.74 lr=0.000868 | GPU MB alloc/reserved=278.0/1900.0
2026-04-11 18:04:14 | INFO | [Round 18] Epoch 19/80 time=00:01.74 avg=00:01.66 ETA=01:41.48 | GPU MB alloc/reserved=278.0/1900.0
2026-04-11 18:04:16 | INFO | [Round 18] epoch=20/80 loss=1.8448 acc=48.70 val_acc=nan data_t=0.0017s batch_t=0.0939s epoch_t=00:01.72 lr=0.000855 | GPU MB alloc/reserved=278.0/1900.0
2026-04-11 18:04:16 | INFO | [Round 18] Epoch 20/80 time=00:01.72 avg=00:01.67 ETA=01:40.00 | GPU MB alloc/reserved=278.0/1900.0
2026-04-11 18:04:18 | INFO | [Round 18] epoch=21/80 loss=1.6841 acc=51.96 val_acc=nan data_t=0.0019s batch_t=0.0932s epoch_t=00:01.71 lr=0.000841 | GPU MB alloc/reserved=278.0/1900.0
2026-04-11 18:04:18 | INFO | [Round 18] Epoch 21/80 time=00:01.71 avg=00:01.67 ETA=01:38.46 | GPU MB alloc/reserved=278.0/1900.0
2026-04-11 18:04:19 | INFO | [Round 18] epoch=22/80 loss=1.5345 acc=56.78 val_acc=nan data_t=0.0018s batch_t=0.0928s epoch_t=00:01.70 lr=0.000826 | GPU MB alloc/reserved=278.0/1900.0
2026-04-11 18:04:19 | INFO | [Round 18] Epoch 22/80 time=00:01.70 avg=00:01.67 ETA=01:36.87 | GPU MB alloc/reserved=278.0/1900.0
2026-04-11 18:04:21 | INFO | [Round 18] epoch=23/80 loss=1.3956 acc=61.91 val_acc=nan data_t=0.0017s batch_t=0.0934s epoch_t=00:01.71 lr=0.000811 | GPU MB alloc/reserved=278.0/1900.0
2026-04-11 18:04:21 | INFO | [Round 18] Epoch 23/80 time=00:01.71 avg=00:01.67 ETA=01:35.31 | GPU MB alloc/reserved=278.0/1900.0
2026-04-11 18:04:23 | INFO | [Round 18] epoch=24/80 loss=1.2585 acc=64.78 val_acc=nan data_t=0.0030s batch_t=0.0918s epoch_t=00:01.71 lr=0.000796 | GPU MB alloc/reserved=278.0/1900.0
2026-04-11 18:04:23 | INFO | [Round 18] Epoch 24/80 time=00:01.71 avg=00:01.67 ETA=01:33.72 | GPU MB alloc/reserved=278.0/1900.0
2026-04-11 18:04:25 | INFO | [Round 18] epoch=25/80 loss=1.0969 acc=71.17 val_acc=nan data_t=0.0027s batch_t=0.0930s epoch_t=00:01.72 lr=0.000780 | GPU MB alloc/reserved=278.0/1900.0
2026-04-11 18:04:25 | INFO | [Round 18] Epoch 25/80 time=00:01.72 avg=00:01.68 ETA=01:32.15 | GPU MB alloc/reserved=278.0/1900.0
2026-04-11 18:04:26 | INFO | [Round 18] epoch=26/80 loss=1.0041 acc=73.35 val_acc=nan data_t=0.0017s batch_t=0.0935s epoch_t=00:01.71 lr=0.000764 | GPU MB alloc/reserved=278.0/1900.0
2026-04-11 18:04:26 | INFO | [Round 18] Epoch 26/80 time=00:01.71 avg=00:01.68 ETA=01:30.56 | GPU MB alloc/reserved=278.0/1900.0
2026-04-11 18:04:28 | INFO | [Round 18] epoch=27/80 loss=0.8929 acc=75.78 val_acc=nan data_t=0.0025s batch_t=0.0927s epoch_t=00:01.72 lr=0.000747 | GPU MB alloc/reserved=278.0/1900.0
2026-04-11 18:04:28 | INFO | [Round 18] Epoch 27/80 time=00:01.72 avg=00:01.68 ETA=01:28.95 | GPU MB alloc/reserved=278.0/1900.0
2026-04-11 18:04:30 | INFO | [Round 18] epoch=28/80 loss=0.7576 acc=80.57 val_acc=nan data_t=0.0023s batch_t=0.0925s epoch_t=00:01.71 lr=0.000730 | GPU MB alloc/reserved=278.0/1900.0
2026-04-11 18:04:30 | INFO | [Round 18] Epoch 28/80 time=00:01.71 avg=00:01.68 ETA=01:27.33 | GPU MB alloc/reserved=278.0/1900.0
2026-04-11 18:04:31 | INFO | [Round 18] epoch=29/80 loss=0.6599 acc=83.70 val_acc=nan data_t=0.0018s batch_t=0.0932s epoch_t=00:01.71 lr=0.000712 | GPU MB alloc/reserved=278.0/1900.0
2026-04-11 18:04:31 | INFO | [Round 18] Epoch 29/80 time=00:01.71 avg=00:01.68 ETA=01:25.70 | GPU MB alloc/reserved=278.0/1900.0
2026-04-11 18:04:33 | INFO | [Round 18] epoch=30/80 loss=0.5639 acc=87.09 val_acc=nan data_t=0.0021s batch_t=0.0926s epoch_t=00:01.71 lr=0.000694 | GPU MB alloc/reserved=278.0/1900.0
2026-04-11 18:04:33 | INFO | [Round 18] Epoch 30/80 time=00:01.71 avg=00:01.68 ETA=01:24.06 | GPU MB alloc/reserved=278.0/1900.0
2026-04-11 18:04:35 | INFO | [Round 18] epoch=31/80 loss=0.4807 acc=89.26 val_acc=nan data_t=0.0022s batch_t=0.0929s epoch_t=00:01.71 lr=0.000676 | GPU MB alloc/reserved=278.0/1900.0
2026-04-11 18:04:35 | INFO | [Round 18] Epoch 31/80 time=00:01.71 avg=00:01.68 ETA=01:22.43 | GPU MB alloc/reserved=278.0/1900.0
2026-04-11 18:04:37 | INFO | [Round 18] epoch=32/80 loss=0.3834 acc=92.83 val_acc=nan data_t=0.0016s batch_t=0.0925s epoch_t=00:01.70 lr=0.000658 | GPU MB alloc/reserved=278.0/1900.0
2026-04-11 18:04:37 | INFO | [Round 18] Epoch 32/80 time=00:01.70 avg=00:01.68 ETA=01:20.77 | GPU MB alloc/reserved=278.0/1900.0
2026-04-11 18:04:38 | INFO | [Round 18] epoch=33/80 loss=0.3320 acc=93.91 val_acc=nan data_t=0.0019s batch_t=0.0931s epoch_t=00:01.71 lr=0.000639 | GPU MB alloc/reserved=278.0/1900.0
2026-04-11 18:04:38 | INFO | [Round 18] Epoch 33/80 time=00:01.71 avg=00:01.68 ETA=01:19.13 | GPU MB alloc/reserved=278.0/1900.0
2026-04-11 18:04:40 | INFO | [Round 18] epoch=34/80 loss=0.3122 acc=93.78 val_acc=nan data_t=0.0015s batch_t=0.0933s epoch_t=00:01.71 lr=0.000621 | GPU MB alloc/reserved=278.0/1900.0
2026-04-11 18:04:40 | INFO | [Round 18] Epoch 34/80 time=00:01.71 avg=00:01.68 ETA=01:17.48 | GPU MB alloc/reserved=278.0/1900.0
2026-04-11 18:04:42 | INFO | [Round 18] epoch=35/80 loss=0.2562 acc=95.43 val_acc=nan data_t=0.0018s batch_t=0.0936s epoch_t=00:01.72 lr=0.000602 | GPU MB alloc/reserved=278.0/1900.0
2026-04-11 18:04:42 | INFO | [Round 18] Epoch 35/80 time=00:01.72 avg=00:01.69 ETA=01:15.83 | GPU MB alloc/reserved=278.0/1900.0
2026-04-11 18:04:43 | INFO | [Round 18] epoch=36/80 loss=0.2125 acc=96.61 val_acc=nan data_t=0.0015s batch_t=0.0937s epoch_t=00:01.71 lr=0.000582 | GPU MB alloc/reserved=278.0/1900.0
2026-04-11 18:04:43 | INFO | [Round 18] Epoch 36/80 time=00:01.71 avg=00:01.69 ETA=01:14.18 | GPU MB alloc/reserved=278.0/1900.0
2026-04-11 18:04:45 | INFO | [Round 18] epoch=37/80 loss=0.1856 acc=97.39 val_acc=nan data_t=0.0026s batch_t=0.0937s epoch_t=00:01.73 lr=0.000563 | GPU MB alloc/reserved=278.0/1900.0
2026-04-11 18:04:45 | INFO | [Round 18] Epoch 37/80 time=00:01.73 avg=00:01.69 ETA=01:12.55 | GPU MB alloc/reserved=278.0/1900.0
2026-04-11 18:04:47 | INFO | [Round 18] epoch=38/80 loss=0.1479 acc=98.30 val_acc=nan data_t=0.0025s batch_t=0.0936s epoch_t=00:01.73 lr=0.000544 | GPU MB alloc/reserved=278.0/1900.0
2026-04-11 18:04:47 | INFO | [Round 18] Epoch 38/80 time=00:01.73 avg=00:01.69 ETA=01:10.91 | GPU MB alloc/reserved=278.0/1900.0
2026-04-11 18:04:49 | INFO | [Round 18] epoch=39/80 loss=0.1307 acc=98.17 val_acc=nan data_t=0.0017s batch_t=0.0940s epoch_t=00:01.72 lr=0.000524 | GPU MB alloc/reserved=278.0/1900.0
2026-04-11 18:04:49 | INFO | [Round 18] Epoch 39/80 time=00:01.72 avg=00:01.69 ETA=01:09.26 | GPU MB alloc/reserved=278.0/1900.0
2026-04-11 18:04:50 | INFO | [Round 18] epoch=40/80 loss=0.1110 acc=98.74 val_acc=nan data_t=0.0015s batch_t=0.0941s epoch_t=00:01.72 lr=0.000505 | GPU MB alloc/reserved=278.0/1900.0
2026-04-11 18:04:50 | INFO | [Round 18] Epoch 40/80 time=00:01.72 avg=00:01.69 ETA=01:07.60 | GPU MB alloc/reserved=278.0/1900.0
2026-04-11 18:04:52 | INFO | [Round 18] epoch=41/80 loss=0.1004 acc=98.87 val_acc=nan data_t=0.0023s batch_t=0.0933s epoch_t=00:01.72 lr=0.000486 | GPU MB alloc/reserved=278.0/1900.0
2026-04-11 18:04:52 | INFO | [Round 18] Epoch 41/80 time=00:01.72 avg=00:01.69 ETA=01:05.94 | GPU MB alloc/reserved=278.0/1900.0
2026-04-11 18:04:54 | INFO | [Round 18] epoch=42/80 loss=0.0795 acc=99.35 val_acc=nan data_t=0.0020s batch_t=0.0924s epoch_t=00:01.70 lr=0.000466 | GPU MB alloc/reserved=278.0/1900.0
2026-04-11 18:04:54 | INFO | [Round 18] Epoch 42/80 time=00:01.70 avg=00:01.69 ETA=01:04.26 | GPU MB alloc/reserved=278.0/1900.0
2026-04-11 18:04:56 | INFO | [Round 18] epoch=43/80 loss=0.0679 acc=99.39 val_acc=nan data_t=0.0015s batch_t=0.0940s epoch_t=00:01.72 lr=0.000447 | GPU MB alloc/reserved=278.0/1900.0
2026-04-11 18:04:56 | INFO | [Round 18] Epoch 43/80 time=00:01.72 avg=00:01.69 ETA=01:02.59 | GPU MB alloc/reserved=278.0/1900.0
2026-04-11 18:04:57 | INFO | [Round 18] epoch=44/80 loss=0.0573 acc=99.61 val_acc=nan data_t=0.0017s batch_t=0.0929s epoch_t=00:01.70 lr=0.000428 | GPU MB alloc/reserved=278.0/1900.0
2026-04-11 18:04:57 | INFO | [Round 18] Epoch 44/80 time=00:01.70 avg=00:01.69 ETA=01:00.91 | GPU MB alloc/reserved=278.0/1900.0
2026-04-11 18:04:59 | INFO | [Round 18] epoch=45/80 loss=0.0504 acc=99.65 val_acc=nan data_t=0.0016s batch_t=0.0933s epoch_t=00:01.71 lr=0.000408 | GPU MB alloc/reserved=278.0/1900.0
2026-04-11 18:04:59 | INFO | [Round 18] Epoch 45/80 time=00:01.71 avg=00:01.69 ETA=00:59.23 | GPU MB alloc/reserved=278.0/1900.0
2026-04-11 18:05:01 | INFO | [Round 18] epoch=46/80 loss=0.0467 acc=99.65 val_acc=nan data_t=0.0019s batch_t=0.0931s epoch_t=00:01.71 lr=0.000389 | GPU MB alloc/reserved=278.0/1900.0
2026-04-11 18:05:01 | INFO | [Round 18] Epoch 46/80 time=00:01.71 avg=00:01.69 ETA=00:57.55 | GPU MB alloc/reserved=278.0/1900.0
2026-04-11 18:05:02 | INFO | [Round 18] epoch=47/80 loss=0.0419 acc=99.87 val_acc=nan data_t=0.0019s batch_t=0.0930s epoch_t=00:01.71 lr=0.000371 | GPU MB alloc/reserved=278.0/1900.0
2026-04-11 18:05:02 | INFO | [Round 18] Epoch 47/80 time=00:01.71 avg=00:01.69 ETA=00:55.87 | GPU MB alloc/reserved=278.0/1900.0
2026-04-11 18:05:04 | INFO | [Round 18] epoch=48/80 loss=0.0333 acc=99.91 val_acc=nan data_t=0.0025s batch_t=0.0921s epoch_t=00:01.70 lr=0.000352 | GPU MB alloc/reserved=278.0/1900.0
2026-04-11 18:05:04 | INFO | [Round 18] Epoch 48/80 time=00:01.70 avg=00:01.69 ETA=00:54.18 | GPU MB alloc/reserved=278.0/1900.0
2026-04-11 18:05:06 | INFO | [Round 18] epoch=49/80 loss=0.0327 acc=99.96 val_acc=nan data_t=0.0020s batch_t=0.0925s epoch_t=00:01.70 lr=0.000334 | GPU MB alloc/reserved=278.0/1900.0
2026-04-11 18:05:06 | INFO | [Round 18] Epoch 49/80 time=00:01.70 avg=00:01.69 ETA=00:52.50 | GPU MB alloc/reserved=278.0/1900.0
2026-04-11 18:05:08 | INFO | [Round 18] epoch=50/80 loss=0.0279 acc=99.91 val_acc=nan data_t=0.0017s batch_t=0.0932s epoch_t=00:01.71 lr=0.000316 | GPU MB alloc/reserved=278.0/1900.0
2026-04-11 18:05:08 | INFO | [Round 18] Epoch 50/80 time=00:01.71 avg=00:01.69 ETA=00:50.81 | GPU MB alloc/reserved=278.0/1900.0
2026-04-11 18:05:09 | INFO | [Round 18] epoch=51/80 loss=0.0272 acc=99.87 val_acc=nan data_t=0.0017s batch_t=0.0928s epoch_t=00:01.70 lr=0.000298 | GPU MB alloc/reserved=278.0/1900.0
2026-04-11 18:05:09 | INFO | [Round 18] Epoch 51/80 time=00:01.70 avg=00:01.69 ETA=00:49.12 | GPU MB alloc/reserved=278.0/1900.0
2026-04-11 18:05:11 | INFO | [Round 18] epoch=52/80 loss=0.0275 acc=99.87 val_acc=nan data_t=0.0018s batch_t=0.0926s epoch_t=00:01.70 lr=0.000280 | GPU MB alloc/reserved=278.0/1900.0
2026-04-11 18:05:11 | INFO | [Round 18] Epoch 52/80 time=00:01.70 avg=00:01.69 ETA=00:47.43 | GPU MB alloc/reserved=278.0/1900.0
2026-04-11 18:05:13 | INFO | [Round 18] epoch=53/80 loss=0.0236 acc=99.96 val_acc=nan data_t=0.0018s batch_t=0.0869s epoch_t=00:01.60 lr=0.000263 | GPU MB alloc/reserved=278.0/1900.0
2026-04-11 18:05:13 | INFO | [Round 18] Epoch 53/80 time=00:01.60 avg=00:01.69 ETA=00:45.69 | GPU MB alloc/reserved=278.0/1900.0
2026-04-11 18:05:14 | INFO | [Round 18] epoch=54/80 loss=0.0203 acc=100.00 val_acc=nan data_t=0.0017s batch_t=0.0996s epoch_t=00:01.82 lr=0.000246 | GPU MB alloc/reserved=278.0/1900.0
2026-04-11 18:05:14 | INFO | [Round 18] Epoch 54/80 time=00:01.82 avg=00:01.69 ETA=00:44.06 | GPU MB alloc/reserved=278.0/1900.0
2026-04-11 18:05:16 | INFO | [Round 18] epoch=55/80 loss=0.0223 acc=99.91 val_acc=nan data_t=0.0015s batch_t=0.1007s epoch_t=00:01.84 lr=0.000230 | GPU MB alloc/reserved=278.0/1900.0
2026-04-11 18:05:16 | INFO | [Round 18] Epoch 55/80 time=00:01.84 avg=00:01.70 ETA=00:42.43 | GPU MB alloc/reserved=278.0/1900.0
2026-04-11 18:05:18 | INFO | [Round 18] epoch=56/80 loss=0.0212 acc=99.96 val_acc=nan data_t=0.0017s batch_t=0.1014s epoch_t=00:01.86 lr=0.000214 | GPU MB alloc/reserved=278.0/1900.0
2026-04-11 18:05:18 | INFO | [Round 18] Epoch 56/80 time=00:01.86 avg=00:01.70 ETA=00:40.80 | GPU MB alloc/reserved=278.0/1900.0
2026-04-11 18:05:20 | INFO | [Round 18] epoch=57/80 loss=0.0225 acc=99.91 val_acc=nan data_t=0.0017s batch_t=0.1014s epoch_t=00:01.86 lr=0.000199 | GPU MB alloc/reserved=278.0/1900.0
2026-04-11 18:05:20 | INFO | [Round 18] Epoch 57/80 time=00:01.86 avg=00:01.70 ETA=00:39.17 | GPU MB alloc/reserved=278.0/1900.0
2026-04-11 18:05:21 | INFO | [Round 18] epoch=58/80 loss=0.0199 acc=100.00 val_acc=nan data_t=0.0018s batch_t=0.0639s epoch_t=00:01.18 lr=0.000184 | GPU MB alloc/reserved=278.0/1900.0
2026-04-11 18:05:21 | INFO | [Round 18] Epoch 58/80 time=00:01.18 avg=00:01.69 ETA=00:37.27 | GPU MB alloc/reserved=278.0/1900.0
2026-04-11 18:05:22 | INFO | [Round 18] epoch=59/80 loss=0.0185 acc=100.00 val_acc=nan data_t=0.0016s batch_t=0.0730s epoch_t=00:01.34 lr=0.000169 | GPU MB alloc/reserved=278.0/1900.0
2026-04-11 18:05:22 | INFO | [Round 18] Epoch 59/80 time=00:01.34 avg=00:01.69 ETA=00:35.45 | GPU MB alloc/reserved=278.0/1900.0
2026-04-11 18:05:24 | INFO | [Round 18] epoch=60/80 loss=0.0189 acc=100.00 val_acc=nan data_t=0.0017s batch_t=0.0642s epoch_t=00:01.19 lr=0.000155 | GPU MB alloc/reserved=278.0/1900.0
2026-04-11 18:05:24 | INFO | [Round 18] Epoch 60/80 time=00:01.19 avg=00:01.68 ETA=00:33.59 | GPU MB alloc/reserved=278.0/1900.0
2026-04-11 18:05:25 | INFO | [Round 18] epoch=61/80 loss=0.0180 acc=99.96 val_acc=nan data_t=0.0016s batch_t=0.0906s epoch_t=00:01.66 lr=0.000142 | GPU MB alloc/reserved=278.0/1900.0
2026-04-11 18:05:25 | INFO | [Round 18] Epoch 61/80 time=00:01.66 avg=00:01.68 ETA=00:31.91 | GPU MB alloc/reserved=278.0/1900.0
2026-04-11 18:05:27 | INFO | [Round 18] epoch=62/80 loss=0.0171 acc=99.96 val_acc=nan data_t=0.0016s batch_t=0.0918s epoch_t=00:01.68 lr=0.000129 | GPU MB alloc/reserved=278.0/1900.0
2026-04-11 18:05:27 | INFO | [Round 18] Epoch 62/80 time=00:01.68 avg=00:01.68 ETA=00:30.23 | GPU MB alloc/reserved=278.0/1900.0
2026-04-11 18:05:29 | INFO | [Round 18] epoch=63/80 loss=0.0165 acc=100.00 val_acc=nan data_t=0.0016s batch_t=0.0916s epoch_t=00:01.68 lr=0.000116 | GPU MB alloc/reserved=278.0/1900.0
2026-04-11 18:05:29 | INFO | [Round 18] Epoch 63/80 time=00:01.68 avg=00:01.68 ETA=00:28.55 | GPU MB alloc/reserved=278.0/1900.0
2026-04-11 18:05:30 | INFO | [Round 18] epoch=64/80 loss=0.0150 acc=99.96 val_acc=nan data_t=0.0015s batch_t=0.0930s epoch_t=00:01.70 lr=0.000105 | GPU MB alloc/reserved=278.0/1900.0
2026-04-11 18:05:30 | INFO | [Round 18] Epoch 64/80 time=00:01.70 avg=00:01.68 ETA=00:26.87 | GPU MB alloc/reserved=278.0/1900.0
2026-04-11 18:05:32 | INFO | [Round 18] epoch=65/80 loss=0.0142 acc=100.00 val_acc=nan data_t=0.0016s batch_t=0.0931s epoch_t=00:01.70 lr=0.000093 | GPU MB alloc/reserved=278.0/1900.0
2026-04-11 18:05:32 | INFO | [Round 18] Epoch 65/80 time=00:01.70 avg=00:01.68 ETA=00:25.20 | GPU MB alloc/reserved=278.0/1900.0
2026-04-11 18:05:34 | INFO | [Round 18] epoch=66/80 loss=0.0148 acc=100.00 val_acc=nan data_t=0.0023s batch_t=0.0924s epoch_t=00:01.70 lr=0.000083 | GPU MB alloc/reserved=278.0/1900.0
2026-04-11 18:05:34 | INFO | [Round 18] Epoch 66/80 time=00:01.70 avg=00:01.68 ETA=00:23.53 | GPU MB alloc/reserved=278.0/1900.0
2026-04-11 18:05:36 | INFO | [Round 18] epoch=67/80 loss=0.0142 acc=99.96 val_acc=nan data_t=0.0029s batch_t=0.0936s epoch_t=00:01.74 lr=0.000073 | GPU MB alloc/reserved=278.0/1900.0
2026-04-11 18:05:36 | INFO | [Round 18] Epoch 67/80 time=00:01.74 avg=00:01.68 ETA=00:21.86 | GPU MB alloc/reserved=278.0/1900.0
2026-04-11 18:05:37 | INFO | [Round 18] epoch=68/80 loss=0.0148 acc=100.00 val_acc=nan data_t=0.0016s batch_t=0.0929s epoch_t=00:01.70 lr=0.000064 | GPU MB alloc/reserved=278.0/1900.0
2026-04-11 18:05:37 | INFO | [Round 18] Epoch 68/80 time=00:01.70 avg=00:01.68 ETA=00:20.18 | GPU MB alloc/reserved=278.0/1900.0
2026-04-11 18:05:39 | INFO | [Round 18] epoch=69/80 loss=0.0144 acc=100.00 val_acc=nan data_t=0.0018s batch_t=0.0925s epoch_t=00:01.70 lr=0.000055 | GPU MB alloc/reserved=278.0/1900.0
2026-04-11 18:05:39 | INFO | [Round 18] Epoch 69/80 time=00:01.70 avg=00:01.68 ETA=00:18.50 | GPU MB alloc/reserved=278.0/1900.0
2026-04-11 18:05:41 | INFO | [Round 18] epoch=70/80 loss=0.0140 acc=100.00 val_acc=nan data_t=0.0022s batch_t=0.0922s epoch_t=00:01.70 lr=0.000048 | GPU MB alloc/reserved=278.0/1900.0
2026-04-11 18:05:41 | INFO | [Round 18] Epoch 70/80 time=00:01.70 avg=00:01.68 ETA=00:16.82 | GPU MB alloc/reserved=278.0/1900.0
2026-04-11 18:05:42 | INFO | [Round 18] epoch=71/80 loss=0.0136 acc=100.00 val_acc=nan data_t=0.0025s batch_t=0.0925s epoch_t=00:01.71 lr=0.000041 | GPU MB alloc/reserved=278.0/1900.0
2026-04-11 18:05:42 | INFO | [Round 18] Epoch 71/80 time=00:01.71 avg=00:01.68 ETA=00:15.14 | GPU MB alloc/reserved=278.0/1900.0
2026-04-11 18:05:44 | INFO | [Round 18] epoch=72/80 loss=0.0126 acc=100.00 val_acc=nan data_t=0.0030s batch_t=0.0919s epoch_t=00:01.71 lr=0.000034 | GPU MB alloc/reserved=278.0/1900.0
2026-04-11 18:05:44 | INFO | [Round 18] Epoch 72/80 time=00:01.71 avg=00:01.68 ETA=00:13.46 | GPU MB alloc/reserved=278.0/1900.0
2026-04-11 18:05:46 | INFO | [Round 18] epoch=73/80 loss=0.0134 acc=100.00 val_acc=nan data_t=0.0015s batch_t=0.0927s epoch_t=00:01.70 lr=0.000029 | GPU MB alloc/reserved=278.0/1900.0
2026-04-11 18:05:46 | INFO | [Round 18] Epoch 73/80 time=00:01.70 avg=00:01.68 ETA=00:11.78 | GPU MB alloc/reserved=278.0/1900.0
2026-04-11 18:05:47 | INFO | [Round 18] epoch=74/80 loss=0.0132 acc=100.00 val_acc=nan data_t=0.0015s batch_t=0.0934s epoch_t=00:01.71 lr=0.000024 | GPU MB alloc/reserved=278.0/1900.0
2026-04-11 18:05:47 | INFO | [Round 18] Epoch 74/80 time=00:01.71 avg=00:01.68 ETA=00:10.10 | GPU MB alloc/reserved=278.0/1900.0
2026-04-11 18:05:49 | INFO | [Round 18] epoch=75/80 loss=0.0129 acc=100.00 val_acc=nan data_t=0.0024s batch_t=0.0935s epoch_t=00:01.73 lr=0.000020 | GPU MB alloc/reserved=278.0/1900.0
2026-04-11 18:05:49 | INFO | [Round 18] Epoch 75/80 time=00:01.73 avg=00:01.68 ETA=00:08.42 | GPU MB alloc/reserved=278.0/1900.0
2026-04-11 18:05:51 | INFO | [Round 18] epoch=76/80 loss=0.0126 acc=100.00 val_acc=nan data_t=0.0028s batch_t=0.0934s epoch_t=00:01.73 lr=0.000016 | GPU MB alloc/reserved=278.0/1900.0
2026-04-11 18:05:51 | INFO | [Round 18] Epoch 76/80 time=00:01.73 avg=00:01.68 ETA=00:06.74 | GPU MB alloc/reserved=278.0/1900.0
2026-04-11 18:05:53 | INFO | [Round 18] epoch=77/80 loss=0.0124 acc=100.00 val_acc=nan data_t=0.0029s batch_t=0.0941s epoch_t=00:01.75 lr=0.000013 | GPU MB alloc/reserved=278.0/1900.0
2026-04-11 18:05:53 | INFO | [Round 18] Epoch 77/80 time=00:01.75 avg=00:01.69 ETA=00:05.06 | GPU MB alloc/reserved=278.0/1900.0
2026-04-11 18:05:54 | INFO | [Round 18] epoch=78/80 loss=0.0137 acc=100.00 val_acc=nan data_t=0.0022s batch_t=0.0939s epoch_t=00:01.73 lr=0.000012 | GPU MB alloc/reserved=278.0/1900.0
2026-04-11 18:05:54 | INFO | [Round 18] Epoch 78/80 time=00:01.73 avg=00:01.69 ETA=00:03.37 | GPU MB alloc/reserved=278.0/1900.0
2026-04-11 18:05:56 | INFO | [Round 18] epoch=79/80 loss=0.0155 acc=100.00 val_acc=nan data_t=0.0017s batch_t=0.0934s epoch_t=00:01.71 lr=0.000010 | GPU MB alloc/reserved=278.0/1900.0
2026-04-11 18:05:56 | INFO | [Round 18] Epoch 79/80 time=00:01.71 avg=00:01.69 ETA=00:01.69 | GPU MB alloc/reserved=278.0/1900.0
2026-04-11 18:05:58 | INFO | [Round 18] epoch=80/80 loss=0.0139 acc=100.00 val_acc=nan data_t=0.0016s batch_t=0.0922s epoch_t=00:01.69 lr=0.000010 | GPU MB alloc/reserved=278.0/1900.0
2026-04-11 18:05:58 | INFO | [Round 18] Epoch 80/80 time=00:01.69 avg=00:01.69 ETA=00:00.00 | GPU MB alloc/reserved=278.0/1900.0
2026-04-11 18:05:58 | INFO | [Round 18] training complete in 02:15.21 (best monitor=100.000) | GPU MB alloc/reserved=278.0/1900.0
2026-04-11 18:05:58 | INFO | [Round 18] evaluation started | GPU MB alloc/reserved=191.4/1900.0
2026-04-11 18:06:07 | INFO | [Round 18] clean=21.88 fgsm=16.53 pgd=16.37 grad_disp_mean=nan grad_disp_sel=nan round_t=147.05s | GPU MB alloc/reserved=191.4/1900.0
2026-04-11 18:06:07 | INFO | [Round 19/21] elapsed=02:27.05 avg_round=01:34.12 projected_remaining=03:08.24 | GPU MB alloc/reserved=191.4/1900.0
2026-04-11 18:06:08 | INFO | [Round 19] acquisition on pool_size=47700 scored_pool=5000 budget=100 | GPU MB alloc/reserved=104.0/1900.0
2026-04-11 18:06:08 | INFO | [CoreSet-unlabeled-feat] scoring progress 10/20 elapsed=00:00.24 avg/batch=0.024s ETA=00:00.24 | GPU MB alloc/reserved=112.1/1900.0
2026-04-11 18:06:08 | INFO | [CoreSet-unlabeled-feat] scoring progress 20/20 elapsed=00:00.40 avg/batch=0.020s ETA=00:00.00 | GPU MB alloc/reserved=115.5/1900.0
2026-04-11 18:06:09 | INFO | [CoreSet-labeled-feat] scoring progress 9/9 elapsed=00:00.24 avg/batch=0.026s ETA=00:00.00 | GPU MB alloc/reserved=121.4/1900.0
2026-04-11 18:06:09 | INFO | [CoreSet] greedy 10/100 cover_radius=27.653019 | GPU: n/a
2026-04-11 18:06:09 | INFO | [CoreSet] greedy 20/100 cover_radius=27.120398 | GPU: n/a
2026-04-11 18:06:09 | INFO | [CoreSet] greedy 30/100 cover_radius=26.743359 | GPU: n/a
2026-04-11 18:06:09 | INFO | [CoreSet] greedy 40/100 cover_radius=26.601618 | GPU: n/a
2026-04-11 18:06:09 | INFO | [CoreSet] greedy 50/100 cover_radius=26.417536 | GPU: n/a
2026-04-11 18:06:09 | INFO | [CoreSet] greedy 60/100 cover_radius=26.250513 | GPU: n/a
2026-04-11 18:06:10 | INFO | [CoreSet] greedy 70/100 cover_radius=26.088593 | GPU: n/a
2026-04-11 18:06:10 | INFO | [CoreSet] greedy 80/100 cover_radius=25.951820 | GPU: n/a
2026-04-11 18:06:10 | INFO | [CoreSet] greedy 90/100 cover_radius=25.866892 | GPU: n/a
2026-04-11 18:06:10 | INFO | [CoreSet] greedy 100/100 cover_radius=25.774446 | GPU: n/a
2026-04-11 18:06:10 | INFO | [Round 19] labeled=2400 train=2400 val_fixed=0 | GPU MB alloc/reserved=148.9/1900.0
2026-04-11 18:06:12 | INFO | [Round 19] epoch=1/80 loss=4.6918 acc=2.17 val_acc=nan data_t=0.0101s batch_t=0.0941s epoch_t=00:01.98 lr=0.001000 | GPU MB alloc/reserved=280.7/1900.0
2026-04-11 18:06:12 | INFO | [Round 19] Epoch 1/80 time=00:01.98 avg=00:01.98 ETA=02:36.40 | GPU MB alloc/reserved=280.7/1900.0
2026-04-11 18:06:14 | INFO | [Round 19] epoch=2/80 loss=4.4024 acc=4.71 val_acc=nan data_t=0.0015s batch_t=0.0923s epoch_t=00:01.78 lr=0.000998 | GPU MB alloc/reserved=280.5/1900.0
2026-04-11 18:06:14 | INFO | [Round 19] Epoch 2/80 time=00:01.78 avg=00:01.88 ETA=02:26.76 | GPU MB alloc/reserved=280.5/1900.0
2026-04-11 18:06:16 | INFO | [Round 19] epoch=3/80 loss=4.2318 acc=6.08 val_acc=nan data_t=0.0015s batch_t=0.0922s epoch_t=00:01.78 lr=0.000997 | GPU MB alloc/reserved=280.5/1900.0
2026-04-11 18:06:16 | INFO | [Round 19] Epoch 3/80 time=00:01.78 avg=00:01.85 ETA=02:22.27 | GPU MB alloc/reserved=280.5/1900.0
2026-04-11 18:06:18 | INFO | [Round 19] epoch=4/80 loss=4.0456 acc=7.38 val_acc=nan data_t=0.0016s batch_t=0.0930s epoch_t=00:01.80 lr=0.000994 | GPU MB alloc/reserved=280.5/1900.0
2026-04-11 18:06:18 | INFO | [Round 19] Epoch 4/80 time=00:01.80 avg=00:01.83 ETA=02:19.45 | GPU MB alloc/reserved=280.5/1900.0
2026-04-11 18:06:20 | INFO | [Round 19] epoch=5/80 loss=3.9309 acc=9.21 val_acc=nan data_t=0.0015s batch_t=0.0929s epoch_t=00:01.80 lr=0.000990 | GPU MB alloc/reserved=280.5/1900.0
2026-04-11 18:06:20 | INFO | [Round 19] Epoch 5/80 time=00:01.80 avg=00:01.83 ETA=02:17.02 | GPU MB alloc/reserved=280.5/1900.0
2026-04-11 18:06:21 | INFO | [Round 19] epoch=6/80 loss=3.7477 acc=11.79 val_acc=nan data_t=0.0015s batch_t=0.0914s epoch_t=00:01.77 lr=0.000986 | GPU MB alloc/reserved=280.5/1900.0
2026-04-11 18:06:21 | INFO | [Round 19] Epoch 6/80 time=00:01.77 avg=00:01.82 ETA=02:14.45 | GPU MB alloc/reserved=280.5/1900.0
2026-04-11 18:06:23 | INFO | [Round 19] epoch=7/80 loss=3.6275 acc=12.75 val_acc=nan data_t=0.0028s batch_t=0.0898s epoch_t=00:01.76 lr=0.000981 | GPU MB alloc/reserved=280.5/1900.0
2026-04-11 18:06:23 | INFO | [Round 19] Epoch 7/80 time=00:01.76 avg=00:01.81 ETA=02:12.03 | GPU MB alloc/reserved=280.5/1900.0
2026-04-11 18:06:25 | INFO | [Round 19] epoch=8/80 loss=3.5329 acc=15.04 val_acc=nan data_t=0.0029s batch_t=0.0833s epoch_t=00:01.64 lr=0.000976 | GPU MB alloc/reserved=280.5/1900.0
2026-04-11 18:06:25 | INFO | [Round 19] Epoch 8/80 time=00:01.64 avg=00:01.79 ETA=02:08.67 | GPU MB alloc/reserved=280.5/1900.0
2026-04-11 18:06:27 | INFO | [Round 19] epoch=9/80 loss=3.3763 acc=17.92 val_acc=nan data_t=0.0025s batch_t=0.1005s epoch_t=00:01.96 lr=0.000969 | GPU MB alloc/reserved=280.5/1900.0
2026-04-11 18:06:27 | INFO | [Round 19] Epoch 9/80 time=00:01.96 avg=00:01.81 ETA=02:08.23 | GPU MB alloc/reserved=280.5/1900.0
2026-04-11 18:06:29 | INFO | [Round 19] epoch=10/80 loss=3.2328 acc=19.13 val_acc=nan data_t=0.0014s batch_t=0.0981s epoch_t=00:01.89 lr=0.000962 | GPU MB alloc/reserved=280.5/1900.0
2026-04-11 18:06:29 | INFO | [Round 19] Epoch 10/80 time=00:01.89 avg=00:01.81 ETA=02:07.02 | GPU MB alloc/reserved=280.5/1900.0
2026-04-11 18:06:31 | INFO | [Round 19] epoch=11/80 loss=3.1380 acc=21.75 val_acc=nan data_t=0.0018s batch_t=0.0998s epoch_t=00:01.93 lr=0.000955 | GPU MB alloc/reserved=280.5/1900.0
2026-04-11 18:06:31 | INFO | [Round 19] Epoch 11/80 time=00:01.93 avg=00:01.83 ETA=02:05.93 | GPU MB alloc/reserved=280.5/1900.0
2026-04-11 18:06:32 | INFO | [Round 19] epoch=12/80 loss=2.9708 acc=24.00 val_acc=nan data_t=0.0016s batch_t=0.1002s epoch_t=00:01.93 lr=0.000946 | GPU MB alloc/reserved=280.5/1900.0
2026-04-11 18:06:32 | INFO | [Round 19] Epoch 12/80 time=00:01.93 avg=00:01.83 ETA=02:04.71 | GPU MB alloc/reserved=280.5/1900.0
2026-04-11 18:06:34 | INFO | [Round 19] epoch=13/80 loss=2.8193 acc=26.29 val_acc=nan data_t=0.0017s batch_t=0.0695s epoch_t=00:01.35 lr=0.000937 | GPU MB alloc/reserved=280.5/1900.0
2026-04-11 18:06:34 | INFO | [Round 19] Epoch 13/80 time=00:01.35 avg=00:01.80 ETA=02:00.40 | GPU MB alloc/reserved=280.5/1900.0
2026-04-11 18:06:35 | INFO | [Round 19] epoch=14/80 loss=2.6976 acc=29.29 val_acc=nan data_t=0.0019s batch_t=0.0742s epoch_t=00:01.45 lr=0.000927 | GPU MB alloc/reserved=280.5/1900.0
2026-04-11 18:06:35 | INFO | [Round 19] Epoch 14/80 time=00:01.45 avg=00:01.77 ETA=01:56.94 | GPU MB alloc/reserved=280.5/1900.0
2026-04-11 18:06:37 | INFO | [Round 19] epoch=15/80 loss=2.5785 acc=30.00 val_acc=nan data_t=0.0021s batch_t=0.0624s epoch_t=00:01.23 lr=0.000917 | GPU MB alloc/reserved=280.5/1900.0
2026-04-11 18:06:37 | INFO | [Round 19] Epoch 15/80 time=00:01.23 avg=00:01.74 ETA=01:52.81 | GPU MB alloc/reserved=280.5/1900.0
2026-04-11 18:06:38 | INFO | [Round 19] epoch=16/80 loss=2.4662 acc=34.04 val_acc=nan data_t=0.0021s batch_t=0.0889s epoch_t=00:01.73 lr=0.000905 | GPU MB alloc/reserved=280.5/1900.0
2026-04-11 18:06:38 | INFO | [Round 19] Epoch 16/80 time=00:01.73 avg=00:01.74 ETA=01:51.05 | GPU MB alloc/reserved=280.5/1900.0
2026-04-11 18:06:40 | INFO | [Round 19] epoch=17/80 loss=2.3153 acc=38.04 val_acc=nan data_t=0.0017s batch_t=0.0905s epoch_t=00:01.75 lr=0.000894 | GPU MB alloc/reserved=280.5/1900.0
2026-04-11 18:06:40 | INFO | [Round 19] Epoch 17/80 time=00:01.75 avg=00:01.74 ETA=01:49.37 | GPU MB alloc/reserved=280.5/1900.0
2026-04-11 18:06:42 | INFO | [Round 19] epoch=18/80 loss=2.1040 acc=42.54 val_acc=nan data_t=0.0021s batch_t=0.0921s epoch_t=00:01.79 lr=0.000881 | GPU MB alloc/reserved=280.5/1900.0
2026-04-11 18:06:42 | INFO | [Round 19] Epoch 18/80 time=00:01.79 avg=00:01.74 ETA=01:47.82 | GPU MB alloc/reserved=280.5/1900.0
2026-04-11 18:06:44 | INFO | [Round 19] epoch=19/80 loss=2.0109 acc=44.96 val_acc=nan data_t=0.0014s batch_t=0.0924s epoch_t=00:01.78 lr=0.000868 | GPU MB alloc/reserved=280.5/1900.0
2026-04-11 18:06:44 | INFO | [Round 19] Epoch 19/80 time=00:01.78 avg=00:01.74 ETA=01:46.22 | GPU MB alloc/reserved=280.5/1900.0
2026-04-11 18:06:45 | INFO | [Round 19] epoch=20/80 loss=1.8054 acc=49.42 val_acc=nan data_t=0.0015s batch_t=0.0915s epoch_t=00:01.77 lr=0.000855 | GPU MB alloc/reserved=280.5/1900.0
2026-04-11 18:06:45 | INFO | [Round 19] Epoch 20/80 time=00:01.77 avg=00:01.74 ETA=01:44.56 | GPU MB alloc/reserved=280.5/1900.0
2026-04-11 18:06:47 | INFO | [Round 19] epoch=21/80 loss=1.6886 acc=52.96 val_acc=nan data_t=0.0021s batch_t=0.0925s epoch_t=00:01.80 lr=0.000841 | GPU MB alloc/reserved=280.5/1900.0
2026-04-11 18:06:47 | INFO | [Round 19] Epoch 21/80 time=00:01.80 avg=00:01.75 ETA=01:42.98 | GPU MB alloc/reserved=280.5/1900.0
2026-04-11 18:06:49 | INFO | [Round 19] epoch=22/80 loss=1.5442 acc=56.08 val_acc=nan data_t=0.0022s batch_t=0.0924s epoch_t=00:01.80 lr=0.000826 | GPU MB alloc/reserved=280.5/1900.0
2026-04-11 18:06:49 | INFO | [Round 19] Epoch 22/80 time=00:01.80 avg=00:01.75 ETA=01:41.37 | GPU MB alloc/reserved=280.5/1900.0
2026-04-11 18:06:51 | INFO | [Round 19] epoch=23/80 loss=1.4160 acc=60.58 val_acc=nan data_t=0.0018s batch_t=0.0920s epoch_t=00:01.78 lr=0.000811 | GPU MB alloc/reserved=280.5/1900.0
2026-04-11 18:06:51 | INFO | [Round 19] Epoch 23/80 time=00:01.78 avg=00:01.75 ETA=01:39.71 | GPU MB alloc/reserved=280.5/1900.0
2026-04-11 18:06:53 | INFO | [Round 19] epoch=24/80 loss=1.2618 acc=64.75 val_acc=nan data_t=0.0020s batch_t=0.0931s epoch_t=00:01.81 lr=0.000796 | GPU MB alloc/reserved=280.5/1900.0
2026-04-11 18:06:53 | INFO | [Round 19] Epoch 24/80 time=00:01.81 avg=00:01.75 ETA=01:38.10 | GPU MB alloc/reserved=280.5/1900.0
2026-04-11 18:06:54 | INFO | [Round 19] epoch=25/80 loss=1.1326 acc=68.92 val_acc=nan data_t=0.0017s batch_t=0.0915s epoch_t=00:01.77 lr=0.000780 | GPU MB alloc/reserved=280.5/1900.0
2026-04-11 18:06:54 | INFO | [Round 19] Epoch 25/80 time=00:01.77 avg=00:01.75 ETA=01:36.39 | GPU MB alloc/reserved=280.5/1900.0
2026-04-11 18:06:56 | INFO | [Round 19] epoch=26/80 loss=0.9885 acc=73.54 val_acc=nan data_t=0.0017s batch_t=0.0917s epoch_t=00:01.78 lr=0.000764 | GPU MB alloc/reserved=280.5/1900.0
2026-04-11 18:06:56 | INFO | [Round 19] Epoch 26/80 time=00:01.78 avg=00:01.75 ETA=01:34.69 | GPU MB alloc/reserved=280.5/1900.0
2026-04-11 18:06:58 | INFO | [Round 19] epoch=27/80 loss=0.8801 acc=76.12 val_acc=nan data_t=0.0017s batch_t=0.0920s epoch_t=00:01.78 lr=0.000747 | GPU MB alloc/reserved=280.5/1900.0
2026-04-11 18:06:58 | INFO | [Round 19] Epoch 27/80 time=00:01.78 avg=00:01.75 ETA=01:32.99 | GPU MB alloc/reserved=280.5/1900.0
2026-04-11 18:07:00 | INFO | [Round 19] epoch=28/80 loss=0.7481 acc=81.25 val_acc=nan data_t=0.0015s batch_t=0.0916s epoch_t=00:01.77 lr=0.000730 | GPU MB alloc/reserved=280.5/1900.0
2026-04-11 18:07:00 | INFO | [Round 19] Epoch 28/80 time=00:01.77 avg=00:01.76 ETA=01:31.26 | GPU MB alloc/reserved=280.5/1900.0
2026-04-11 18:07:01 | INFO | [Round 19] epoch=29/80 loss=0.6804 acc=82.04 val_acc=nan data_t=0.0017s batch_t=0.0926s epoch_t=00:01.79 lr=0.000712 | GPU MB alloc/reserved=280.5/1900.0
2026-04-11 18:07:01 | INFO | [Round 19] Epoch 29/80 time=00:01.79 avg=00:01.76 ETA=01:29.57 | GPU MB alloc/reserved=280.5/1900.0
2026-04-11 18:07:03 | INFO | [Round 19] epoch=30/80 loss=0.5818 acc=87.33 val_acc=nan data_t=0.0014s batch_t=0.0922s epoch_t=00:01.78 lr=0.000694 | GPU MB alloc/reserved=280.5/1900.0
2026-04-11 18:07:03 | INFO | [Round 19] Epoch 30/80 time=00:01.78 avg=00:01.76 ETA=01:27.85 | GPU MB alloc/reserved=280.5/1900.0
2026-04-11 18:07:05 | INFO | [Round 19] epoch=31/80 loss=0.4867 acc=89.54 val_acc=nan data_t=0.0015s batch_t=0.0915s epoch_t=00:01.77 lr=0.000676 | GPU MB alloc/reserved=280.5/1900.0
2026-04-11 18:07:05 | INFO | [Round 19] Epoch 31/80 time=00:01.77 avg=00:01.76 ETA=01:26.11 | GPU MB alloc/reserved=280.5/1900.0
2026-04-11 18:07:07 | INFO | [Round 19] epoch=32/80 loss=0.4197 acc=90.79 val_acc=nan data_t=0.0014s batch_t=0.0919s epoch_t=00:01.77 lr=0.000658 | GPU MB alloc/reserved=280.5/1900.0
2026-04-11 18:07:07 | INFO | [Round 19] Epoch 32/80 time=00:01.77 avg=00:01.76 ETA=01:24.38 | GPU MB alloc/reserved=280.5/1900.0
2026-04-11 18:07:09 | INFO | [Round 19] epoch=33/80 loss=0.3646 acc=91.83 val_acc=nan data_t=0.0016s batch_t=0.0903s epoch_t=00:01.75 lr=0.000639 | GPU MB alloc/reserved=280.5/1900.0
2026-04-11 18:07:09 | INFO | [Round 19] Epoch 33/80 time=00:01.75 avg=00:01.76 ETA=01:22.61 | GPU MB alloc/reserved=280.5/1900.0
2026-04-11 18:07:10 | INFO | [Round 19] epoch=34/80 loss=0.3058 acc=94.54 val_acc=nan data_t=0.0016s batch_t=0.0923s epoch_t=00:01.78 lr=0.000621 | GPU MB alloc/reserved=280.5/1900.0
2026-04-11 18:07:10 | INFO | [Round 19] Epoch 34/80 time=00:01.78 avg=00:01.76 ETA=01:20.89 | GPU MB alloc/reserved=280.5/1900.0
2026-04-11 18:07:12 | INFO | [Round 19] epoch=35/80 loss=0.2729 acc=94.92 val_acc=nan data_t=0.0015s batch_t=0.0909s epoch_t=00:01.76 lr=0.000602 | GPU MB alloc/reserved=280.5/1900.0
2026-04-11 18:07:12 | INFO | [Round 19] Epoch 35/80 time=00:01.76 avg=00:01.76 ETA=01:19.12 | GPU MB alloc/reserved=280.5/1900.0
2026-04-11 18:07:14 | INFO | [Round 19] epoch=36/80 loss=0.2326 acc=95.71 val_acc=nan data_t=0.0024s batch_t=0.0916s epoch_t=00:01.79 lr=0.000582 | GPU MB alloc/reserved=280.5/1900.0
2026-04-11 18:07:14 | INFO | [Round 19] Epoch 36/80 time=00:01.79 avg=00:01.76 ETA=01:17.40 | GPU MB alloc/reserved=280.5/1900.0
2026-04-11 18:07:16 | INFO | [Round 19] epoch=37/80 loss=0.2079 acc=96.38 val_acc=nan data_t=0.0016s batch_t=0.0920s epoch_t=00:01.78 lr=0.000563 | GPU MB alloc/reserved=280.5/1900.0
2026-04-11 18:07:16 | INFO | [Round 19] Epoch 37/80 time=00:01.78 avg=00:01.76 ETA=01:15.66 | GPU MB alloc/reserved=280.5/1900.0
2026-04-11 18:07:18 | INFO | [Round 19] epoch=38/80 loss=0.1650 acc=97.58 val_acc=nan data_t=0.0018s batch_t=0.0928s epoch_t=00:01.80 lr=0.000544 | GPU MB alloc/reserved=280.5/1900.0
2026-04-11 18:07:18 | INFO | [Round 19] Epoch 38/80 time=00:01.80 avg=00:01.76 ETA=01:13.95 | GPU MB alloc/reserved=280.5/1900.0
2026-04-11 18:07:19 | INFO | [Round 19] epoch=39/80 loss=0.1298 acc=98.50 val_acc=nan data_t=0.0015s batch_t=0.0924s epoch_t=00:01.79 lr=0.000524 | GPU MB alloc/reserved=280.5/1900.0
2026-04-11 18:07:19 | INFO | [Round 19] Epoch 39/80 time=00:01.79 avg=00:01.76 ETA=01:12.21 | GPU MB alloc/reserved=280.5/1900.0
2026-04-11 18:07:21 | INFO | [Round 19] epoch=40/80 loss=0.1034 acc=99.13 val_acc=nan data_t=0.0015s batch_t=0.0925s epoch_t=00:01.79 lr=0.000505 | GPU MB alloc/reserved=280.5/1900.0
2026-04-11 18:07:21 | INFO | [Round 19] Epoch 40/80 time=00:01.79 avg=00:01.76 ETA=01:10.48 | GPU MB alloc/reserved=280.5/1900.0
2026-04-11 18:07:23 | INFO | [Round 19] epoch=41/80 loss=0.0786 acc=99.42 val_acc=nan data_t=0.0016s batch_t=0.0928s epoch_t=00:01.79 lr=0.000486 | GPU MB alloc/reserved=280.5/1900.0
2026-04-11 18:07:23 | INFO | [Round 19] Epoch 41/80 time=00:01.79 avg=00:01.76 ETA=01:08.74 | GPU MB alloc/reserved=280.5/1900.0
2026-04-11 18:07:25 | INFO | [Round 19] epoch=42/80 loss=0.0651 acc=99.67 val_acc=nan data_t=0.0015s batch_t=0.0919s epoch_t=00:01.77 lr=0.000466 | GPU MB alloc/reserved=280.5/1900.0
2026-04-11 18:07:25 | INFO | [Round 19] Epoch 42/80 time=00:01.77 avg=00:01.76 ETA=01:06.99 | GPU MB alloc/reserved=280.5/1900.0
2026-04-11 18:07:26 | INFO | [Round 19] epoch=43/80 loss=0.0590 acc=99.58 val_acc=nan data_t=0.0020s batch_t=0.0920s epoch_t=00:01.79 lr=0.000447 | GPU MB alloc/reserved=280.5/1900.0
2026-04-11 18:07:26 | INFO | [Round 19] Epoch 43/80 time=00:01.79 avg=00:01.76 ETA=01:05.25 | GPU MB alloc/reserved=280.5/1900.0
2026-04-11 18:07:28 | INFO | [Round 19] epoch=44/80 loss=0.0490 acc=99.71 val_acc=nan data_t=0.0026s batch_t=0.0924s epoch_t=00:01.80 lr=0.000428 | GPU MB alloc/reserved=280.5/1900.0
2026-04-11 18:07:28 | INFO | [Round 19] Epoch 44/80 time=00:01.80 avg=00:01.76 ETA=01:03.52 | GPU MB alloc/reserved=280.5/1900.0
2026-04-11 18:07:30 | INFO | [Round 19] epoch=45/80 loss=0.0459 acc=99.79 val_acc=nan data_t=0.0019s batch_t=0.0923s epoch_t=00:01.79 lr=0.000408 | GPU MB alloc/reserved=280.5/1900.0
2026-04-11 18:07:30 | INFO | [Round 19] Epoch 45/80 time=00:01.79 avg=00:01.76 ETA=01:01.77 | GPU MB alloc/reserved=280.5/1900.0
2026-04-11 18:07:32 | INFO | [Round 19] epoch=46/80 loss=0.0406 acc=99.92 val_acc=nan data_t=0.0016s batch_t=0.0905s epoch_t=00:01.75 lr=0.000389 | GPU MB alloc/reserved=280.5/1900.0
2026-04-11 18:07:32 | INFO | [Round 19] Epoch 46/80 time=00:01.75 avg=00:01.76 ETA=00:60.00 | GPU MB alloc/reserved=280.5/1900.0
2026-04-11 18:07:34 | INFO | [Round 19] epoch=47/80 loss=0.0357 acc=99.96 val_acc=nan data_t=0.0014s batch_t=0.0913s epoch_t=00:01.76 lr=0.000371 | GPU MB alloc/reserved=280.5/1900.0
2026-04-11 18:07:34 | INFO | [Round 19] Epoch 47/80 time=00:01.76 avg=00:01.76 ETA=00:58.23 | GPU MB alloc/reserved=280.5/1900.0
2026-04-11 18:07:35 | INFO | [Round 19] epoch=48/80 loss=0.0335 acc=99.79 val_acc=nan data_t=0.0024s batch_t=0.0917s epoch_t=00:01.79 lr=0.000352 | GPU MB alloc/reserved=280.5/1900.0
2026-04-11 18:07:35 | INFO | [Round 19] Epoch 48/80 time=00:01.79 avg=00:01.77 ETA=00:56.48 | GPU MB alloc/reserved=280.5/1900.0
2026-04-11 18:07:37 | INFO | [Round 19] epoch=49/80 loss=0.0319 acc=99.96 val_acc=nan data_t=0.0016s batch_t=0.0929s epoch_t=00:01.80 lr=0.000334 | GPU MB alloc/reserved=280.5/1900.0
2026-04-11 18:07:37 | INFO | [Round 19] Epoch 49/80 time=00:01.80 avg=00:01.77 ETA=00:54.74 | GPU MB alloc/reserved=280.5/1900.0
2026-04-11 18:07:39 | INFO | [Round 19] epoch=50/80 loss=0.0298 acc=99.92 val_acc=nan data_t=0.0018s batch_t=0.0927s epoch_t=00:01.80 lr=0.000316 | GPU MB alloc/reserved=280.5/1900.0
2026-04-11 18:07:39 | INFO | [Round 19] Epoch 50/80 time=00:01.80 avg=00:01.77 ETA=00:52.99 | GPU MB alloc/reserved=280.5/1900.0
2026-04-11 18:07:41 | INFO | [Round 19] epoch=51/80 loss=0.0312 acc=99.79 val_acc=nan data_t=0.0016s batch_t=0.0922s epoch_t=00:01.78 lr=0.000298 | GPU MB alloc/reserved=280.5/1900.0
2026-04-11 18:07:41 | INFO | [Round 19] Epoch 51/80 time=00:01.78 avg=00:01.77 ETA=00:51.23 | GPU MB alloc/reserved=280.5/1900.0
2026-04-11 18:07:43 | INFO | [Round 19] epoch=52/80 loss=0.0289 acc=99.88 val_acc=nan data_t=0.0014s batch_t=0.0928s epoch_t=00:01.79 lr=0.000280 | GPU MB alloc/reserved=280.5/1900.0
2026-04-11 18:07:43 | INFO | [Round 19] Epoch 52/80 time=00:01.79 avg=00:01.77 ETA=00:49.48 | GPU MB alloc/reserved=280.5/1900.0
2026-04-11 18:07:44 | INFO | [Round 19] epoch=53/80 loss=0.0255 acc=100.00 val_acc=nan data_t=0.0014s batch_t=0.0931s epoch_t=00:01.80 lr=0.000263 | GPU MB alloc/reserved=280.5/1900.0
2026-04-11 18:07:44 | INFO | [Round 19] Epoch 53/80 time=00:01.80 avg=00:01.77 ETA=00:47.73 | GPU MB alloc/reserved=280.5/1900.0
2026-04-11 18:07:46 | INFO | [Round 19] epoch=54/80 loss=0.0224 acc=100.00 val_acc=nan data_t=0.0018s batch_t=0.0812s epoch_t=00:01.58 lr=0.000246 | GPU MB alloc/reserved=280.5/1900.0
2026-04-11 18:07:46 | INFO | [Round 19] Epoch 54/80 time=00:01.58 avg=00:01.76 ETA=00:45.87 | GPU MB alloc/reserved=280.5/1900.0
2026-04-11 18:07:48 | INFO | [Round 19] epoch=55/80 loss=0.0203 acc=99.96 val_acc=nan data_t=0.0016s batch_t=0.0990s epoch_t=00:01.91 lr=0.000230 | GPU MB alloc/reserved=280.5/1900.0
2026-04-11 18:07:48 | INFO | [Round 19] Epoch 55/80 time=00:01.91 avg=00:01.77 ETA=00:44.17 | GPU MB alloc/reserved=280.5/1900.0
2026-04-11 18:07:50 | INFO | [Round 19] epoch=56/80 loss=0.0192 acc=99.92 val_acc=nan data_t=0.0015s batch_t=0.0992s epoch_t=00:01.91 lr=0.000214 | GPU MB alloc/reserved=280.5/1900.0
2026-04-11 18:07:50 | INFO | [Round 19] Epoch 56/80 time=00:01.91 avg=00:01.77 ETA=00:42.47 | GPU MB alloc/reserved=280.5/1900.0
2026-04-11 18:07:52 | INFO | [Round 19] epoch=57/80 loss=0.0223 acc=99.96 val_acc=nan data_t=0.0024s batch_t=0.1001s epoch_t=00:01.95 lr=0.000199 | GPU MB alloc/reserved=280.5/1900.0
2026-04-11 18:07:52 | INFO | [Round 19] Epoch 57/80 time=00:01.95 avg=00:01.77 ETA=00:40.77 | GPU MB alloc/reserved=280.5/1900.0
2026-04-11 18:07:54 | INFO | [Round 19] epoch=58/80 loss=0.0177 acc=99.96 val_acc=nan data_t=0.0015s batch_t=0.1002s epoch_t=00:01.93 lr=0.000184 | GPU MB alloc/reserved=280.5/1900.0
2026-04-11 18:07:54 | INFO | [Round 19] Epoch 58/80 time=00:01.93 avg=00:01.78 ETA=00:39.06 | GPU MB alloc/reserved=280.5/1900.0
2026-04-11 18:07:55 | INFO | [Round 19] epoch=59/80 loss=0.0194 acc=99.92 val_acc=nan data_t=0.0018s batch_t=0.0830s epoch_t=00:01.61 lr=0.000169 | GPU MB alloc/reserved=280.5/1900.0
2026-04-11 18:07:55 | INFO | [Round 19] Epoch 59/80 time=00:01.61 avg=00:01.77 ETA=00:37.22 | GPU MB alloc/reserved=280.5/1900.0
2026-04-11 18:07:57 | INFO | [Round 19] epoch=60/80 loss=0.0169 acc=99.96 val_acc=nan data_t=0.0016s batch_t=0.0732s epoch_t=00:01.42 lr=0.000155 | GPU MB alloc/reserved=280.5/1900.0
2026-04-11 18:07:57 | INFO | [Round 19] Epoch 60/80 time=00:01.42 avg=00:01.77 ETA=00:35.33 | GPU MB alloc/reserved=280.5/1900.0
2026-04-11 18:07:58 | INFO | [Round 19] epoch=61/80 loss=0.0170 acc=99.96 val_acc=nan data_t=0.0014s batch_t=0.0635s epoch_t=00:01.23 lr=0.000142 | GPU MB alloc/reserved=280.5/1900.0
2026-04-11 18:07:58 | INFO | [Round 19] Epoch 61/80 time=00:01.23 avg=00:01.76 ETA=00:33.40 | GPU MB alloc/reserved=280.5/1900.0
2026-04-11 18:08:00 | INFO | [Round 19] epoch=62/80 loss=0.0175 acc=100.00 val_acc=nan data_t=0.0018s batch_t=0.0873s epoch_t=00:01.69 lr=0.000129 | GPU MB alloc/reserved=280.5/1900.0
2026-04-11 18:08:00 | INFO | [Round 19] Epoch 62/80 time=00:01.69 avg=00:01.76 ETA=00:31.63 | GPU MB alloc/reserved=280.5/1900.0
2026-04-11 18:08:01 | INFO | [Round 19] epoch=63/80 loss=0.0172 acc=100.00 val_acc=nan data_t=0.0018s batch_t=0.0908s epoch_t=00:01.76 lr=0.000116 | GPU MB alloc/reserved=280.5/1900.0
2026-04-11 18:08:01 | INFO | [Round 19] Epoch 63/80 time=00:01.76 avg=00:01.76 ETA=00:29.87 | GPU MB alloc/reserved=280.5/1900.0
2026-04-11 18:08:03 | INFO | [Round 19] epoch=64/80 loss=0.0154 acc=100.00 val_acc=nan data_t=0.0014s batch_t=0.0909s epoch_t=00:01.75 lr=0.000105 | GPU MB alloc/reserved=280.5/1900.0
2026-04-11 18:08:03 | INFO | [Round 19] Epoch 64/80 time=00:01.75 avg=00:01.76 ETA=00:28.11 | GPU MB alloc/reserved=280.5/1900.0
2026-04-11 18:08:05 | INFO | [Round 19] epoch=65/80 loss=0.0153 acc=100.00 val_acc=nan data_t=0.0028s batch_t=0.0918s epoch_t=00:01.80 lr=0.000093 | GPU MB alloc/reserved=280.5/1900.0
2026-04-11 18:08:05 | INFO | [Round 19] Epoch 65/80 time=00:01.80 avg=00:01.76 ETA=00:26.36 | GPU MB alloc/reserved=280.5/1900.0
2026-04-11 18:08:07 | INFO | [Round 19] epoch=66/80 loss=0.0136 acc=100.00 val_acc=nan data_t=0.0024s batch_t=0.0923s epoch_t=00:01.80 lr=0.000083 | GPU MB alloc/reserved=280.5/1900.0
2026-04-11 18:08:07 | INFO | [Round 19] Epoch 66/80 time=00:01.80 avg=00:01.76 ETA=00:24.62 | GPU MB alloc/reserved=280.5/1900.0
2026-04-11 18:08:08 | INFO | [Round 19] epoch=67/80 loss=0.0152 acc=99.92 val_acc=nan data_t=0.0021s batch_t=0.0916s epoch_t=00:01.78 lr=0.000073 | GPU MB alloc/reserved=280.5/1900.0
2026-04-11 18:08:08 | INFO | [Round 19] Epoch 67/80 time=00:01.78 avg=00:01.76 ETA=00:22.86 | GPU MB alloc/reserved=280.5/1900.0
2026-04-11 18:08:10 | INFO | [Round 19] epoch=68/80 loss=0.0157 acc=99.96 val_acc=nan data_t=0.0015s batch_t=0.0929s epoch_t=00:01.79 lr=0.000064 | GPU MB alloc/reserved=280.5/1900.0
2026-04-11 18:08:10 | INFO | [Round 19] Epoch 68/80 time=00:01.79 avg=00:01.76 ETA=00:21.11 | GPU MB alloc/reserved=280.5/1900.0
2026-04-11 18:08:12 | INFO | [Round 19] epoch=69/80 loss=0.0145 acc=100.00 val_acc=nan data_t=0.0014s batch_t=0.0923s epoch_t=00:01.78 lr=0.000055 | GPU MB alloc/reserved=280.5/1900.0
2026-04-11 18:08:12 | INFO | [Round 19] Epoch 69/80 time=00:01.78 avg=00:01.76 ETA=00:19.35 | GPU MB alloc/reserved=280.5/1900.0
2026-04-11 18:08:14 | INFO | [Round 19] epoch=70/80 loss=0.0135 acc=100.00 val_acc=nan data_t=0.0015s batch_t=0.0924s epoch_t=00:01.78 lr=0.000048 | GPU MB alloc/reserved=280.5/1900.0
2026-04-11 18:08:14 | INFO | [Round 19] Epoch 70/80 time=00:01.78 avg=00:01.76 ETA=00:17.60 | GPU MB alloc/reserved=280.5/1900.0
2026-04-11 18:08:16 | INFO | [Round 19] epoch=71/80 loss=0.0138 acc=100.00 val_acc=nan data_t=0.0021s batch_t=0.0921s epoch_t=00:01.79 lr=0.000041 | GPU MB alloc/reserved=280.5/1900.0
2026-04-11 18:08:16 | INFO | [Round 19] Epoch 71/80 time=00:01.79 avg=00:01.76 ETA=00:15.84 | GPU MB alloc/reserved=280.5/1900.0
2026-04-11 18:08:17 | INFO | [Round 19] epoch=72/80 loss=0.0143 acc=100.00 val_acc=nan data_t=0.0022s batch_t=0.0931s epoch_t=00:01.81 lr=0.000034 | GPU MB alloc/reserved=280.5/1900.0
2026-04-11 18:08:17 | INFO | [Round 19] Epoch 72/80 time=00:01.81 avg=00:01.76 ETA=00:14.09 | GPU MB alloc/reserved=280.5/1900.0
2026-04-11 18:08:19 | INFO | [Round 19] epoch=73/80 loss=0.0148 acc=100.00 val_acc=nan data_t=0.0022s batch_t=0.0923s epoch_t=00:01.80 lr=0.000029 | GPU MB alloc/reserved=280.5/1900.0
2026-04-11 18:08:19 | INFO | [Round 19] Epoch 73/80 time=00:01.80 avg=00:01.76 ETA=00:12.33 | GPU MB alloc/reserved=280.5/1900.0
2026-04-11 18:08:21 | INFO | [Round 19] epoch=74/80 loss=0.0143 acc=100.00 val_acc=nan data_t=0.0026s batch_t=0.0913s epoch_t=00:01.78 lr=0.000024 | GPU MB alloc/reserved=280.5/1900.0
2026-04-11 18:08:21 | INFO | [Round 19] Epoch 74/80 time=00:01.78 avg=00:01.76 ETA=00:10.57 | GPU MB alloc/reserved=280.5/1900.0
2026-04-11 18:08:23 | INFO | [Round 19] epoch=75/80 loss=0.0140 acc=100.00 val_acc=nan data_t=0.0026s batch_t=0.0925s epoch_t=00:01.81 lr=0.000020 | GPU MB alloc/reserved=280.5/1900.0
2026-04-11 18:08:23 | INFO | [Round 19] Epoch 75/80 time=00:01.81 avg=00:01.76 ETA=00:08.81 | GPU MB alloc/reserved=280.5/1900.0
2026-04-11 18:08:25 | INFO | [Round 19] epoch=76/80 loss=0.0134 acc=100.00 val_acc=nan data_t=0.0016s batch_t=0.0929s epoch_t=00:01.80 lr=0.000016 | GPU MB alloc/reserved=280.5/1900.0
2026-04-11 18:08:25 | INFO | [Round 19] Epoch 76/80 time=00:01.80 avg=00:01.76 ETA=00:07.05 | GPU MB alloc/reserved=280.5/1900.0
2026-04-11 18:08:26 | INFO | [Round 19] epoch=77/80 loss=0.0143 acc=100.00 val_acc=nan data_t=0.0020s batch_t=0.0936s epoch_t=00:01.82 lr=0.000013 | GPU MB alloc/reserved=280.5/1900.0
2026-04-11 18:08:26 | INFO | [Round 19] Epoch 77/80 time=00:01.82 avg=00:01.76 ETA=00:05.29 | GPU MB alloc/reserved=280.5/1900.0
2026-04-11 18:08:28 | INFO | [Round 19] epoch=78/80 loss=0.0134 acc=100.00 val_acc=nan data_t=0.0018s batch_t=0.0918s epoch_t=00:01.78 lr=0.000012 | GPU MB alloc/reserved=280.5/1900.0
2026-04-11 18:08:28 | INFO | [Round 19] Epoch 78/80 time=00:01.78 avg=00:01.76 ETA=00:03.53 | GPU MB alloc/reserved=280.5/1900.0
2026-04-11 18:08:30 | INFO | [Round 19] epoch=79/80 loss=0.0135 acc=100.00 val_acc=nan data_t=0.0017s batch_t=0.0930s epoch_t=00:01.80 lr=0.000010 | GPU MB alloc/reserved=280.5/1900.0
2026-04-11 18:08:30 | INFO | [Round 19] Epoch 79/80 time=00:01.80 avg=00:01.76 ETA=00:01.76 | GPU MB alloc/reserved=280.5/1900.0
2026-04-11 18:08:32 | INFO | [Round 19] epoch=80/80 loss=0.0139 acc=100.00 val_acc=nan data_t=0.0017s batch_t=0.0926s epoch_t=00:01.79 lr=0.000010 | GPU MB alloc/reserved=280.5/1900.0
2026-04-11 18:08:32 | INFO | [Round 19] Epoch 80/80 time=00:01.79 avg=00:01.76 ETA=00:00.00 | GPU MB alloc/reserved=280.5/1900.0
2026-04-11 18:08:32 | INFO | [Round 19] training complete in 02:21.47 (best monitor=100.000) | GPU MB alloc/reserved=280.5/1900.0
2026-04-11 18:08:32 | INFO | [Round 19] evaluation started | GPU MB alloc/reserved=193.3/1900.0
2026-04-11 18:08:41 | INFO | [Round 19] clean=22.38 fgsm=16.49 pgd=16.38 grad_disp_mean=nan grad_disp_sel=nan round_t=153.08s | GPU MB alloc/reserved=193.3/1900.0
2026-04-11 18:08:41 | INFO | [Round 20/21] elapsed=02:33.08 avg_round=01:37.07 projected_remaining=01:37.07 | GPU MB alloc/reserved=193.3/1900.0
2026-04-11 18:08:42 | INFO | [Round 20] acquisition on pool_size=47600 scored_pool=5000 budget=100 | GPU MB alloc/reserved=105.5/1900.0
2026-04-11 18:08:42 | INFO | [CoreSet-unlabeled-feat] scoring progress 10/20 elapsed=00:00.24 avg/batch=0.024s ETA=00:00.24 | GPU MB alloc/reserved=113.9/1900.0
2026-04-11 18:08:42 | INFO | [CoreSet-unlabeled-feat] scoring progress 20/20 elapsed=00:00.38 avg/batch=0.019s ETA=00:00.00 | GPU MB alloc/reserved=117.6/1900.0
2026-04-11 18:08:43 | INFO | [CoreSet-labeled-feat] scoring progress 10/10 elapsed=00:00.22 avg/batch=0.022s ETA=00:00.00 | GPU MB alloc/reserved=121.6/1900.0
2026-04-11 18:08:43 | INFO | [CoreSet] greedy 10/100 cover_radius=26.944113 | GPU: n/a
2026-04-11 18:08:43 | INFO | [CoreSet] greedy 20/100 cover_radius=26.612152 | GPU: n/a
2026-04-11 18:08:43 | INFO | [CoreSet] greedy 30/100 cover_radius=26.273155 | GPU: n/a
2026-04-11 18:08:43 | INFO | [CoreSet] greedy 40/100 cover_radius=26.157007 | GPU: n/a
2026-04-11 18:08:43 | INFO | [CoreSet] greedy 50/100 cover_radius=26.017250 | GPU: n/a
2026-04-11 18:08:43 | INFO | [CoreSet] greedy 60/100 cover_radius=25.965439 | GPU: n/a
2026-04-11 18:08:43 | INFO | [CoreSet] greedy 70/100 cover_radius=25.885580 | GPU: n/a
2026-04-11 18:08:44 | INFO | [CoreSet] greedy 80/100 cover_radius=25.770447 | GPU: n/a
2026-04-11 18:08:44 | INFO | [CoreSet] greedy 90/100 cover_radius=25.670345 | GPU: n/a
2026-04-11 18:08:44 | INFO | [CoreSet] greedy 100/100 cover_radius=25.576641 | GPU: n/a
2026-04-11 18:08:44 | INFO | [Round 20] labeled=2500 train=2500 val_fixed=0 | GPU MB alloc/reserved=149.0/1900.0
2026-04-11 18:08:46 | INFO | [Round 20] epoch=1/80 loss=4.7132 acc=2.16 val_acc=nan data_t=0.0103s batch_t=0.0947s epoch_t=00:02.10 lr=0.001000 | GPU MB alloc/reserved=278.2/1900.0
2026-04-11 18:08:46 | INFO | [Round 20] Epoch 1/80 time=00:02.10 avg=00:02.10 ETA=02:45.87 | GPU MB alloc/reserved=278.2/1900.0
2026-04-11 18:08:48 | INFO | [Round 20] epoch=2/80 loss=4.4195 acc=4.16 val_acc=nan data_t=0.0016s batch_t=0.0920s epoch_t=00:01.87 lr=0.000998 | GPU MB alloc/reserved=278.2/1900.0
2026-04-11 18:08:48 | INFO | [Round 20] Epoch 2/80 time=00:01.87 avg=00:01.99 ETA=02:34.86 | GPU MB alloc/reserved=278.2/1900.0
2026-04-11 18:08:50 | INFO | [Round 20] epoch=3/80 loss=4.2805 acc=5.12 val_acc=nan data_t=0.0014s batch_t=0.0923s epoch_t=00:01.87 lr=0.000997 | GPU MB alloc/reserved=278.2/1900.0
2026-04-11 18:08:50 | INFO | [Round 20] Epoch 3/80 time=00:01.87 avg=00:01.95 ETA=02:30.04 | GPU MB alloc/reserved=278.2/1900.0
2026-04-11 18:08:52 | INFO | [Round 20] epoch=4/80 loss=4.1250 acc=6.84 val_acc=nan data_t=0.0014s batch_t=0.0920s epoch_t=00:01.87 lr=0.000994 | GPU MB alloc/reserved=278.2/1900.0
2026-04-11 18:08:52 | INFO | [Round 20] Epoch 4/80 time=00:01.87 avg=00:01.93 ETA=02:26.55 | GPU MB alloc/reserved=278.2/1900.0
2026-04-11 18:08:54 | INFO | [Round 20] epoch=5/80 loss=4.0023 acc=8.80 val_acc=nan data_t=0.0016s batch_t=0.0920s epoch_t=00:01.87 lr=0.000990 | GPU MB alloc/reserved=278.2/1900.0
2026-04-11 18:08:54 | INFO | [Round 20] Epoch 5/80 time=00:01.87 avg=00:01.92 ETA=02:23.80 | GPU MB alloc/reserved=278.2/1900.0
2026-04-11 18:08:56 | INFO | [Round 20] epoch=6/80 loss=3.8765 acc=10.76 val_acc=nan data_t=0.0014s batch_t=0.0922s epoch_t=00:01.87 lr=0.000986 | GPU MB alloc/reserved=278.2/1900.0
2026-04-11 18:08:56 | INFO | [Round 20] Epoch 6/80 time=00:01.87 avg=00:01.91 ETA=02:21.32 | GPU MB alloc/reserved=278.2/1900.0
2026-04-11 18:08:58 | INFO | [Round 20] epoch=7/80 loss=3.7209 acc=12.16 val_acc=nan data_t=0.0014s batch_t=0.0923s epoch_t=00:01.88 lr=0.000981 | GPU MB alloc/reserved=278.2/1900.0
2026-04-11 18:08:58 | INFO | [Round 20] Epoch 7/80 time=00:01.88 avg=00:01.90 ETA=02:19.05 | GPU MB alloc/reserved=278.2/1900.0
2026-04-11 18:08:59 | INFO | [Round 20] epoch=8/80 loss=3.5863 acc=13.88 val_acc=nan data_t=0.0023s batch_t=0.0817s epoch_t=00:01.68 lr=0.000976 | GPU MB alloc/reserved=278.2/1900.0
2026-04-11 18:08:59 | INFO | [Round 20] Epoch 8/80 time=00:01.68 avg=00:01.88 ETA=02:15.13 | GPU MB alloc/reserved=278.2/1900.0
2026-04-11 18:09:01 | INFO | [Round 20] epoch=9/80 loss=3.4733 acc=15.40 val_acc=nan data_t=0.0021s batch_t=0.0989s epoch_t=00:02.02 lr=0.000969 | GPU MB alloc/reserved=278.2/1900.0
2026-04-11 18:09:01 | INFO | [Round 20] Epoch 9/80 time=00:02.02 avg=00:01.89 ETA=02:14.38 | GPU MB alloc/reserved=278.2/1900.0
2026-04-11 18:09:03 | INFO | [Round 20] epoch=10/80 loss=3.3753 acc=16.84 val_acc=nan data_t=0.0014s batch_t=0.1001s epoch_t=00:02.03 lr=0.000962 | GPU MB alloc/reserved=278.2/1900.0
2026-04-11 18:09:03 | INFO | [Round 20] Epoch 10/80 time=00:02.03 avg=00:01.91 ETA=02:13.45 | GPU MB alloc/reserved=278.2/1900.0
2026-04-11 18:09:06 | INFO | [Round 20] epoch=11/80 loss=3.2386 acc=18.16 val_acc=nan data_t=0.0015s batch_t=0.1001s epoch_t=00:02.03 lr=0.000955 | GPU MB alloc/reserved=278.2/1900.0
2026-04-11 18:09:06 | INFO | [Round 20] Epoch 11/80 time=00:02.03 avg=00:01.92 ETA=02:12.33 | GPU MB alloc/reserved=278.2/1900.0
2026-04-11 18:09:08 | INFO | [Round 20] epoch=12/80 loss=3.0907 acc=22.12 val_acc=nan data_t=0.0016s batch_t=0.1001s epoch_t=00:02.03 lr=0.000946 | GPU MB alloc/reserved=278.2/1900.0
2026-04-11 18:09:08 | INFO | [Round 20] Epoch 12/80 time=00:02.03 avg=00:01.93 ETA=02:11.08 | GPU MB alloc/reserved=278.2/1900.0
2026-04-11 18:09:09 | INFO | [Round 20] epoch=13/80 loss=2.9127 acc=24.68 val_acc=nan data_t=0.0015s batch_t=0.0602s epoch_t=00:01.23 lr=0.000937 | GPU MB alloc/reserved=278.2/1900.0
2026-04-11 18:09:09 | INFO | [Round 20] Epoch 13/80 time=00:01.23 avg=00:01.87 ETA=02:05.58 | GPU MB alloc/reserved=278.2/1900.0
2026-04-11 18:09:10 | INFO | [Round 20] epoch=14/80 loss=2.8043 acc=26.60 val_acc=nan data_t=0.0016s batch_t=0.0713s epoch_t=00:01.46 lr=0.000927 | GPU MB alloc/reserved=278.2/1900.0
2026-04-11 18:09:10 | INFO | [Round 20] Epoch 14/80 time=00:01.46 avg=00:01.84 ETA=02:01.73 | GPU MB alloc/reserved=278.2/1900.0
2026-04-11 18:09:12 | INFO | [Round 20] epoch=15/80 loss=2.6868 acc=27.96 val_acc=nan data_t=0.0017s batch_t=0.0720s epoch_t=00:01.48 lr=0.000917 | GPU MB alloc/reserved=278.2/1900.0
2026-04-11 18:09:12 | INFO | [Round 20] Epoch 15/80 time=00:01.48 avg=00:01.82 ETA=01:58.29 | GPU MB alloc/reserved=278.2/1900.0
2026-04-11 18:09:14 | INFO | [Round 20] epoch=16/80 loss=2.5401 acc=32.44 val_acc=nan data_t=0.0018s batch_t=0.0907s epoch_t=00:01.85 lr=0.000905 | GPU MB alloc/reserved=278.2/1900.0
2026-04-11 18:09:14 | INFO | [Round 20] Epoch 16/80 time=00:01.85 avg=00:01.82 ETA=01:56.59 | GPU MB alloc/reserved=278.2/1900.0
2026-04-11 18:09:15 | INFO | [Round 20] epoch=17/80 loss=2.3781 acc=36.32 val_acc=nan data_t=0.0023s batch_t=0.0905s epoch_t=00:01.86 lr=0.000894 | GPU MB alloc/reserved=278.2/1900.0
2026-04-11 18:09:15 | INFO | [Round 20] Epoch 17/80 time=00:01.86 avg=00:01.82 ETA=01:54.89 | GPU MB alloc/reserved=278.2/1900.0
2026-04-11 18:09:17 | INFO | [Round 20] epoch=18/80 loss=2.2403 acc=40.36 val_acc=nan data_t=0.0013s batch_t=0.0913s epoch_t=00:01.85 lr=0.000881 | GPU MB alloc/reserved=278.2/1900.0
2026-04-11 18:09:17 | INFO | [Round 20] Epoch 18/80 time=00:01.85 avg=00:01.83 ETA=01:53.17 | GPU MB alloc/reserved=278.2/1900.0
2026-04-11 18:09:19 | INFO | [Round 20] epoch=19/80 loss=2.1541 acc=40.68 val_acc=nan data_t=0.0017s batch_t=0.0919s epoch_t=00:01.87 lr=0.000868 | GPU MB alloc/reserved=278.2/1900.0
2026-04-11 18:09:19 | INFO | [Round 20] Epoch 19/80 time=00:01.87 avg=00:01.83 ETA=01:51.49 | GPU MB alloc/reserved=278.2/1900.0
2026-04-11 18:09:21 | INFO | [Round 20] epoch=20/80 loss=1.9691 acc=46.48 val_acc=nan data_t=0.0018s batch_t=0.0911s epoch_t=00:01.86 lr=0.000855 | GPU MB alloc/reserved=278.2/1900.0
2026-04-11 18:09:21 | INFO | [Round 20] Epoch 20/80 time=00:01.86 avg=00:01.83 ETA=01:49.75 | GPU MB alloc/reserved=278.2/1900.0
2026-04-11 18:09:23 | INFO | [Round 20] epoch=21/80 loss=1.8306 acc=48.48 val_acc=nan data_t=0.0017s batch_t=0.0925s epoch_t=00:01.89 lr=0.000841 | GPU MB alloc/reserved=278.2/1900.0
2026-04-11 18:09:23 | INFO | [Round 20] Epoch 21/80 time=00:01.89 avg=00:01.83 ETA=01:48.08 | GPU MB alloc/reserved=278.2/1900.0
2026-04-11 18:09:25 | INFO | [Round 20] epoch=22/80 loss=1.7063 acc=53.24 val_acc=nan data_t=0.0022s batch_t=0.0917s epoch_t=00:01.88 lr=0.000826 | GPU MB alloc/reserved=278.2/1900.0
2026-04-11 18:09:25 | INFO | [Round 20] Epoch 22/80 time=00:01.88 avg=00:01.83 ETA=01:46.37 | GPU MB alloc/reserved=278.2/1900.0
2026-04-11 18:09:27 | INFO | [Round 20] epoch=23/80 loss=1.5795 acc=55.32 val_acc=nan data_t=0.0015s batch_t=0.0925s epoch_t=00:01.88 lr=0.000811 | GPU MB alloc/reserved=278.2/1900.0
2026-04-11 18:09:27 | INFO | [Round 20] Epoch 23/80 time=00:01.88 avg=00:01.84 ETA=01:44.65 | GPU MB alloc/reserved=278.2/1900.0
2026-04-11 18:09:29 | INFO | [Round 20] epoch=24/80 loss=1.4276 acc=59.00 val_acc=nan data_t=0.0017s batch_t=0.0908s epoch_t=00:01.85 lr=0.000796 | GPU MB alloc/reserved=278.2/1900.0
2026-04-11 18:09:29 | INFO | [Round 20] Epoch 24/80 time=00:01.85 avg=00:01.84 ETA=01:42.85 | GPU MB alloc/reserved=278.2/1900.0
2026-04-11 18:09:30 | INFO | [Round 20] epoch=25/80 loss=1.3314 acc=62.60 val_acc=nan data_t=0.0019s batch_t=0.0913s epoch_t=00:01.86 lr=0.000780 | GPU MB alloc/reserved=278.2/1900.0
2026-04-11 18:09:30 | INFO | [Round 20] Epoch 25/80 time=00:01.86 avg=00:01.84 ETA=01:41.07 | GPU MB alloc/reserved=278.2/1900.0
2026-04-11 18:09:32 | INFO | [Round 20] epoch=26/80 loss=1.1681 acc=67.56 val_acc=nan data_t=0.0017s batch_t=0.0918s epoch_t=00:01.87 lr=0.000764 | GPU MB alloc/reserved=278.2/1900.0
2026-04-11 18:09:32 | INFO | [Round 20] Epoch 26/80 time=00:01.87 avg=00:01.84 ETA=01:39.31 | GPU MB alloc/reserved=278.2/1900.0
2026-04-11 18:09:34 | INFO | [Round 20] epoch=27/80 loss=1.0049 acc=73.00 val_acc=nan data_t=0.0014s batch_t=0.0911s epoch_t=00:01.85 lr=0.000747 | GPU MB alloc/reserved=278.2/1900.0
2026-04-11 18:09:34 | INFO | [Round 20] Epoch 27/80 time=00:01.85 avg=00:01.84 ETA=01:37.49 | GPU MB alloc/reserved=278.2/1900.0
2026-04-11 18:09:36 | INFO | [Round 20] epoch=28/80 loss=0.8998 acc=76.20 val_acc=nan data_t=0.0013s batch_t=0.0926s epoch_t=00:01.88 lr=0.000730 | GPU MB alloc/reserved=278.2/1900.0
2026-04-11 18:09:36 | INFO | [Round 20] Epoch 28/80 time=00:01.88 avg=00:01.84 ETA=01:35.72 | GPU MB alloc/reserved=278.2/1900.0
2026-04-11 18:09:38 | INFO | [Round 20] epoch=29/80 loss=0.8478 acc=77.08 val_acc=nan data_t=0.0016s batch_t=0.0916s epoch_t=00:01.86 lr=0.000712 | GPU MB alloc/reserved=278.2/1900.0
2026-04-11 18:09:38 | INFO | [Round 20] Epoch 29/80 time=00:01.86 avg=00:01.84 ETA=01:33.92 | GPU MB alloc/reserved=278.2/1900.0
2026-04-11 18:09:40 | INFO | [Round 20] epoch=30/80 loss=0.7569 acc=80.56 val_acc=nan data_t=0.0024s batch_t=0.0918s epoch_t=00:01.88 lr=0.000694 | GPU MB alloc/reserved=278.2/1900.0
2026-04-11 18:09:40 | INFO | [Round 20] Epoch 30/80 time=00:01.88 avg=00:01.84 ETA=01:32.15 | GPU MB alloc/reserved=278.2/1900.0
2026-04-11 18:09:42 | INFO | [Round 20] epoch=31/80 loss=0.6346 acc=84.64 val_acc=nan data_t=0.0024s batch_t=0.0908s epoch_t=00:01.86 lr=0.000676 | GPU MB alloc/reserved=278.2/1900.0
2026-04-11 18:09:42 | INFO | [Round 20] Epoch 31/80 time=00:01.86 avg=00:01.84 ETA=01:30.34 | GPU MB alloc/reserved=278.2/1900.0
2026-04-11 18:09:44 | INFO | [Round 20] epoch=32/80 loss=0.5872 acc=84.84 val_acc=nan data_t=0.0014s batch_t=0.0907s epoch_t=00:01.84 lr=0.000658 | GPU MB alloc/reserved=278.2/1900.0
2026-04-11 18:09:44 | INFO | [Round 20] Epoch 32/80 time=00:01.84 avg=00:01.84 ETA=01:28.50 | GPU MB alloc/reserved=278.2/1900.0
2026-04-11 18:09:45 | INFO | [Round 20] epoch=33/80 loss=0.4537 acc=89.92 val_acc=nan data_t=0.0024s batch_t=0.0907s epoch_t=00:01.86 lr=0.000639 | GPU MB alloc/reserved=278.2/1900.0
2026-04-11 18:09:45 | INFO | [Round 20] Epoch 33/80 time=00:01.86 avg=00:01.84 ETA=01:26.68 | GPU MB alloc/reserved=278.2/1900.0
2026-04-11 18:09:47 | INFO | [Round 20] epoch=34/80 loss=0.3902 acc=91.88 val_acc=nan data_t=0.0015s batch_t=0.0903s epoch_t=00:01.83 lr=0.000621 | GPU MB alloc/reserved=278.2/1900.0
2026-04-11 18:09:47 | INFO | [Round 20] Epoch 34/80 time=00:01.83 avg=00:01.84 ETA=01:24.82 | GPU MB alloc/reserved=278.2/1900.0
2026-04-11 18:09:49 | INFO | [Round 20] epoch=35/80 loss=0.3194 acc=94.08 val_acc=nan data_t=0.0018s batch_t=0.0903s epoch_t=00:01.84 lr=0.000602 | GPU MB alloc/reserved=278.2/1900.0
2026-04-11 18:09:49 | INFO | [Round 20] Epoch 35/80 time=00:01.84 avg=00:01.84 ETA=01:22.97 | GPU MB alloc/reserved=278.2/1900.0
2026-04-11 18:09:51 | INFO | [Round 20] epoch=36/80 loss=0.2681 acc=95.52 val_acc=nan data_t=0.0014s batch_t=0.0906s epoch_t=00:01.84 lr=0.000582 | GPU MB alloc/reserved=278.2/1900.0
2026-04-11 18:09:51 | INFO | [Round 20] Epoch 36/80 time=00:01.84 avg=00:01.84 ETA=01:21.13 | GPU MB alloc/reserved=278.2/1900.0
2026-04-11 18:09:53 | INFO | [Round 20] epoch=37/80 loss=0.2266 acc=96.12 val_acc=nan data_t=0.0017s batch_t=0.0908s epoch_t=00:01.85 lr=0.000563 | GPU MB alloc/reserved=278.2/1900.0
2026-04-11 18:09:53 | INFO | [Round 20] Epoch 37/80 time=00:01.85 avg=00:01.84 ETA=01:19.29 | GPU MB alloc/reserved=278.2/1900.0
2026-04-11 18:09:55 | INFO | [Round 20] epoch=38/80 loss=0.1985 acc=97.16 val_acc=nan data_t=0.0016s batch_t=0.0905s epoch_t=00:01.84 lr=0.000544 | GPU MB alloc/reserved=278.2/1900.0
2026-04-11 18:09:55 | INFO | [Round 20] Epoch 38/80 time=00:01.84 avg=00:01.84 ETA=01:17.44 | GPU MB alloc/reserved=278.2/1900.0
2026-04-11 18:09:56 | INFO | [Round 20] epoch=39/80 loss=0.1675 acc=97.76 val_acc=nan data_t=0.0013s batch_t=0.0917s epoch_t=00:01.86 lr=0.000524 | GPU MB alloc/reserved=278.2/1900.0
2026-04-11 18:09:56 | INFO | [Round 20] Epoch 39/80 time=00:01.86 avg=00:01.84 ETA=01:15.62 | GPU MB alloc/reserved=278.2/1900.0
2026-04-11 18:09:58 | INFO | [Round 20] epoch=40/80 loss=0.1473 acc=97.84 val_acc=nan data_t=0.0013s batch_t=0.0910s epoch_t=00:01.85 lr=0.000505 | GPU MB alloc/reserved=278.2/1900.0
2026-04-11 18:09:58 | INFO | [Round 20] Epoch 40/80 time=00:01.85 avg=00:01.84 ETA=01:13.78 | GPU MB alloc/reserved=278.2/1900.0
2026-04-11 18:10:00 | INFO | [Round 20] epoch=41/80 loss=0.1222 acc=98.56 val_acc=nan data_t=0.0022s batch_t=0.0913s epoch_t=00:01.87 lr=0.000486 | GPU MB alloc/reserved=278.2/1900.0
2026-04-11 18:10:00 | INFO | [Round 20] Epoch 41/80 time=00:01.87 avg=00:01.84 ETA=01:11.95 | GPU MB alloc/reserved=278.2/1900.0
2026-04-11 18:10:02 | INFO | [Round 20] epoch=42/80 loss=0.1111 acc=98.80 val_acc=nan data_t=0.0018s batch_t=0.0923s epoch_t=00:01.88 lr=0.000466 | GPU MB alloc/reserved=278.2/1900.0
2026-04-11 18:10:02 | INFO | [Round 20] Epoch 42/80 time=00:01.88 avg=00:01.85 ETA=01:10.14 | GPU MB alloc/reserved=278.2/1900.0
2026-04-11 18:10:04 | INFO | [Round 20] epoch=43/80 loss=0.0907 acc=99.12 val_acc=nan data_t=0.0023s batch_t=0.0908s epoch_t=00:01.86 lr=0.000447 | GPU MB alloc/reserved=278.2/1900.0
2026-04-11 18:10:04 | INFO | [Round 20] Epoch 43/80 time=00:01.86 avg=00:01.85 ETA=01:08.31 | GPU MB alloc/reserved=278.2/1900.0
2026-04-11 18:10:06 | INFO | [Round 20] epoch=44/80 loss=0.0771 acc=99.44 val_acc=nan data_t=0.0014s batch_t=0.0925s epoch_t=00:01.88 lr=0.000428 | GPU MB alloc/reserved=278.2/1900.0
2026-04-11 18:10:06 | INFO | [Round 20] Epoch 44/80 time=00:01.88 avg=00:01.85 ETA=01:06.49 | GPU MB alloc/reserved=278.2/1900.0
2026-04-11 18:10:08 | INFO | [Round 20] epoch=45/80 loss=0.0626 acc=99.68 val_acc=nan data_t=0.0022s batch_t=0.0915s epoch_t=00:01.87 lr=0.000408 | GPU MB alloc/reserved=278.2/1900.0
2026-04-11 18:10:08 | INFO | [Round 20] Epoch 45/80 time=00:01.87 avg=00:01.85 ETA=01:04.67 | GPU MB alloc/reserved=278.2/1900.0
2026-04-11 18:10:10 | INFO | [Round 20] epoch=46/80 loss=0.0537 acc=99.56 val_acc=nan data_t=0.0024s batch_t=0.0917s epoch_t=00:01.88 lr=0.000389 | GPU MB alloc/reserved=278.2/1900.0
2026-04-11 18:10:10 | INFO | [Round 20] Epoch 46/80 time=00:01.88 avg=00:01.85 ETA=01:02.85 | GPU MB alloc/reserved=278.2/1900.0
2026-04-11 18:10:12 | INFO | [Round 20] epoch=47/80 loss=0.0544 acc=99.76 val_acc=nan data_t=0.0017s batch_t=0.0926s epoch_t=00:01.89 lr=0.000371 | GPU MB alloc/reserved=278.2/1900.0
2026-04-11 18:10:12 | INFO | [Round 20] Epoch 47/80 time=00:01.89 avg=00:01.85 ETA=01:01.02 | GPU MB alloc/reserved=278.2/1900.0
2026-04-11 18:10:13 | INFO | [Round 20] epoch=48/80 loss=0.0465 acc=99.72 val_acc=nan data_t=0.0022s batch_t=0.0920s epoch_t=00:01.88 lr=0.000352 | GPU MB alloc/reserved=278.2/1900.0
2026-04-11 18:10:13 | INFO | [Round 20] Epoch 48/80 time=00:01.88 avg=00:01.85 ETA=00:59.20 | GPU MB alloc/reserved=278.2/1900.0
2026-04-11 18:10:15 | INFO | [Round 20] epoch=49/80 loss=0.0435 acc=99.76 val_acc=nan data_t=0.0027s batch_t=0.0915s epoch_t=00:01.88 lr=0.000334 | GPU MB alloc/reserved=278.2/1900.0
2026-04-11 18:10:15 | INFO | [Round 20] Epoch 49/80 time=00:01.88 avg=00:01.85 ETA=00:57.37 | GPU MB alloc/reserved=278.2/1900.0
2026-04-11 18:10:17 | INFO | [Round 20] epoch=50/80 loss=0.0399 acc=99.76 val_acc=nan data_t=0.0026s batch_t=0.0922s epoch_t=00:01.90 lr=0.000316 | GPU MB alloc/reserved=278.2/1900.0
2026-04-11 18:10:17 | INFO | [Round 20] Epoch 50/80 time=00:01.90 avg=00:01.85 ETA=00:55.55 | GPU MB alloc/reserved=278.2/1900.0
2026-04-11 18:10:19 | INFO | [Round 20] epoch=51/80 loss=0.0343 acc=100.00 val_acc=nan data_t=0.0024s batch_t=0.0917s epoch_t=00:01.88 lr=0.000298 | GPU MB alloc/reserved=278.2/1900.0
2026-04-11 18:10:19 | INFO | [Round 20] Epoch 51/80 time=00:01.88 avg=00:01.85 ETA=00:53.71 | GPU MB alloc/reserved=278.2/1900.0
2026-04-11 18:10:21 | INFO | [Round 20] epoch=52/80 loss=0.0301 acc=99.92 val_acc=nan data_t=0.0025s batch_t=0.0912s epoch_t=00:01.87 lr=0.000280 | GPU MB alloc/reserved=278.2/1900.0
2026-04-11 18:10:21 | INFO | [Round 20] Epoch 52/80 time=00:01.87 avg=00:01.85 ETA=00:51.87 | GPU MB alloc/reserved=278.2/1900.0
2026-04-11 18:10:23 | INFO | [Round 20] epoch=53/80 loss=0.0305 acc=99.92 val_acc=nan data_t=0.0020s batch_t=0.0917s epoch_t=00:01.87 lr=0.000263 | GPU MB alloc/reserved=278.2/1900.0
2026-04-11 18:10:23 | INFO | [Round 20] Epoch 53/80 time=00:01.87 avg=00:01.85 ETA=00:50.03 | GPU MB alloc/reserved=278.2/1900.0
2026-04-11 18:10:25 | INFO | [Round 20] epoch=54/80 loss=0.0289 acc=99.96 val_acc=nan data_t=0.0013s batch_t=0.0908s epoch_t=00:01.84 lr=0.000246 | GPU MB alloc/reserved=278.2/1900.0
2026-04-11 18:10:25 | INFO | [Round 20] Epoch 54/80 time=00:01.84 avg=00:01.85 ETA=00:48.17 | GPU MB alloc/reserved=278.2/1900.0
2026-04-11 18:10:27 | INFO | [Round 20] epoch=55/80 loss=0.0251 acc=99.96 val_acc=nan data_t=0.0013s batch_t=0.0918s epoch_t=00:01.86 lr=0.000230 | GPU MB alloc/reserved=278.2/1900.0
2026-04-11 18:10:27 | INFO | [Round 20] Epoch 55/80 time=00:01.86 avg=00:01.85 ETA=00:46.32 | GPU MB alloc/reserved=278.2/1900.0
2026-04-11 18:10:28 | INFO | [Round 20] epoch=56/80 loss=0.0262 acc=99.92 val_acc=nan data_t=0.0024s batch_t=0.0905s epoch_t=00:01.86 lr=0.000214 | GPU MB alloc/reserved=278.2/1900.0
2026-04-11 18:10:28 | INFO | [Round 20] Epoch 56/80 time=00:01.86 avg=00:01.85 ETA=00:44.47 | GPU MB alloc/reserved=278.2/1900.0
2026-04-11 18:10:30 | INFO | [Round 20] epoch=57/80 loss=0.0222 acc=99.96 val_acc=nan data_t=0.0022s batch_t=0.0988s epoch_t=00:02.02 lr=0.000199 | GPU MB alloc/reserved=278.2/1900.0
2026-04-11 18:10:30 | INFO | [Round 20] Epoch 57/80 time=00:02.02 avg=00:01.86 ETA=00:42.69 | GPU MB alloc/reserved=278.2/1900.0
2026-04-11 18:10:32 | INFO | [Round 20] epoch=58/80 loss=0.0204 acc=99.96 val_acc=nan data_t=0.0023s batch_t=0.0999s epoch_t=00:02.05 lr=0.000184 | GPU MB alloc/reserved=278.2/1900.0
2026-04-11 18:10:32 | INFO | [Round 20] Epoch 58/80 time=00:02.05 avg=00:01.86 ETA=00:40.90 | GPU MB alloc/reserved=278.2/1900.0
2026-04-11 18:10:34 | INFO | [Round 20] epoch=59/80 loss=0.0198 acc=100.00 val_acc=nan data_t=0.0022s batch_t=0.0999s epoch_t=00:02.04 lr=0.000169 | GPU MB alloc/reserved=278.2/1900.0
2026-04-11 18:10:34 | INFO | [Round 20] Epoch 59/80 time=00:02.04 avg=00:01.86 ETA=00:39.11 | GPU MB alloc/reserved=278.2/1900.0
2026-04-11 18:10:36 | INFO | [Round 20] epoch=60/80 loss=0.0190 acc=100.00 val_acc=nan data_t=0.0019s batch_t=0.0800s epoch_t=00:01.64 lr=0.000155 | GPU MB alloc/reserved=278.2/1900.0
2026-04-11 18:10:36 | INFO | [Round 20] Epoch 60/80 time=00:01.64 avg=00:01.86 ETA=00:37.17 | GPU MB alloc/reserved=278.2/1900.0
2026-04-11 18:10:37 | INFO | [Round 20] epoch=61/80 loss=0.0183 acc=99.96 val_acc=nan data_t=0.0014s batch_t=0.0616s epoch_t=00:01.26 lr=0.000142 | GPU MB alloc/reserved=278.2/1900.0
2026-04-11 18:10:37 | INFO | [Round 20] Epoch 61/80 time=00:01.26 avg=00:01.85 ETA=00:35.13 | GPU MB alloc/reserved=278.2/1900.0
2026-04-11 18:10:39 | INFO | [Round 20] epoch=62/80 loss=0.0196 acc=99.96 val_acc=nan data_t=0.0019s batch_t=0.0597s epoch_t=00:01.23 lr=0.000129 | GPU MB alloc/reserved=278.2/1900.0
2026-04-11 18:10:39 | INFO | [Round 20] Epoch 62/80 time=00:01.23 avg=00:01.84 ETA=00:33.10 | GPU MB alloc/reserved=278.2/1900.0
2026-04-11 18:10:40 | INFO | [Round 20] epoch=63/80 loss=0.0192 acc=99.92 val_acc=nan data_t=0.0021s batch_t=0.0618s epoch_t=00:01.28 lr=0.000116 | GPU MB alloc/reserved=278.2/1900.0
2026-04-11 18:10:40 | INFO | [Round 20] Epoch 63/80 time=00:01.28 avg=00:01.83 ETA=00:31.11 | GPU MB alloc/reserved=278.2/1900.0
2026-04-11 18:10:41 | INFO | [Round 20] epoch=64/80 loss=0.0192 acc=99.92 val_acc=nan data_t=0.0029s batch_t=0.0611s epoch_t=00:01.28 lr=0.000105 | GPU MB alloc/reserved=278.2/1900.0
2026-04-11 18:10:41 | INFO | [Round 20] Epoch 64/80 time=00:01.28 avg=00:01.82 ETA=00:29.14 | GPU MB alloc/reserved=278.2/1900.0
2026-04-11 18:10:43 | INFO | [Round 20] epoch=65/80 loss=0.0186 acc=99.96 val_acc=nan data_t=0.0014s batch_t=0.0652s epoch_t=00:01.33 lr=0.000093 | GPU MB alloc/reserved=278.2/1900.0
2026-04-11 18:10:43 | INFO | [Round 20] Epoch 65/80 time=00:01.33 avg=00:01.81 ETA=00:27.21 | GPU MB alloc/reserved=278.2/1900.0
2026-04-11 18:10:44 | INFO | [Round 20] epoch=66/80 loss=0.0167 acc=100.00 val_acc=nan data_t=0.0022s batch_t=0.0793s epoch_t=00:01.63 lr=0.000083 | GPU MB alloc/reserved=278.2/1900.0
2026-04-11 18:10:44 | INFO | [Round 20] Epoch 66/80 time=00:01.63 avg=00:01.81 ETA=00:25.35 | GPU MB alloc/reserved=278.2/1900.0
2026-04-11 18:10:46 | INFO | [Round 20] epoch=67/80 loss=0.0169 acc=100.00 val_acc=nan data_t=0.0020s batch_t=0.0887s epoch_t=00:01.81 lr=0.000073 | GPU MB alloc/reserved=278.2/1900.0
2026-04-11 18:10:46 | INFO | [Round 20] Epoch 67/80 time=00:01.81 avg=00:01.81 ETA=00:23.54 | GPU MB alloc/reserved=278.2/1900.0
2026-04-11 18:10:48 | INFO | [Round 20] epoch=68/80 loss=0.0166 acc=99.96 val_acc=nan data_t=0.0014s batch_t=0.0869s epoch_t=00:01.77 lr=0.000064 | GPU MB alloc/reserved=278.2/1900.0
2026-04-11 18:10:48 | INFO | [Round 20] Epoch 68/80 time=00:01.77 avg=00:01.81 ETA=00:21.72 | GPU MB alloc/reserved=278.2/1900.0
2026-04-11 18:10:50 | INFO | [Round 20] epoch=69/80 loss=0.0145 acc=100.00 val_acc=nan data_t=0.0017s batch_t=0.0870s epoch_t=00:01.77 lr=0.000055 | GPU MB alloc/reserved=278.2/1900.0
2026-04-11 18:10:50 | INFO | [Round 20] Epoch 69/80 time=00:01.77 avg=00:01.81 ETA=00:19.91 | GPU MB alloc/reserved=278.2/1900.0
2026-04-11 18:10:51 | INFO | [Round 20] epoch=70/80 loss=0.0184 acc=100.00 val_acc=nan data_t=0.0013s batch_t=0.0875s epoch_t=00:01.78 lr=0.000048 | GPU MB alloc/reserved=278.2/1900.0
2026-04-11 18:10:51 | INFO | [Round 20] Epoch 70/80 time=00:01.78 avg=00:01.81 ETA=00:18.09 | GPU MB alloc/reserved=278.2/1900.0
2026-04-11 18:10:53 | INFO | [Round 20] epoch=71/80 loss=0.0164 acc=100.00 val_acc=nan data_t=0.0015s batch_t=0.0901s epoch_t=00:01.83 lr=0.000041 | GPU MB alloc/reserved=278.2/1900.0
2026-04-11 18:10:53 | INFO | [Round 20] Epoch 71/80 time=00:01.83 avg=00:01.81 ETA=00:16.29 | GPU MB alloc/reserved=278.2/1900.0
2026-04-11 18:10:55 | INFO | [Round 20] epoch=72/80 loss=0.0153 acc=100.00 val_acc=nan data_t=0.0015s batch_t=0.0882s epoch_t=00:01.79 lr=0.000034 | GPU MB alloc/reserved=278.2/1900.0
2026-04-11 18:10:55 | INFO | [Round 20] Epoch 72/80 time=00:01.79 avg=00:01.81 ETA=00:14.48 | GPU MB alloc/reserved=278.2/1900.0
2026-04-11 18:10:57 | INFO | [Round 20] epoch=73/80 loss=0.0149 acc=100.00 val_acc=nan data_t=0.0015s batch_t=0.0881s epoch_t=00:01.79 lr=0.000029 | GPU MB alloc/reserved=278.2/1900.0
2026-04-11 18:10:57 | INFO | [Round 20] Epoch 73/80 time=00:01.79 avg=00:01.81 ETA=00:12.66 | GPU MB alloc/reserved=278.2/1900.0
2026-04-11 18:10:58 | INFO | [Round 20] epoch=74/80 loss=0.0154 acc=100.00 val_acc=nan data_t=0.0015s batch_t=0.0873s epoch_t=00:01.78 lr=0.000024 | GPU MB alloc/reserved=278.2/1900.0
2026-04-11 18:10:58 | INFO | [Round 20] Epoch 74/80 time=00:01.78 avg=00:01.81 ETA=00:10.85 | GPU MB alloc/reserved=278.2/1900.0
2026-04-11 18:11:00 | INFO | [Round 20] epoch=75/80 loss=0.0154 acc=99.96 val_acc=nan data_t=0.0014s batch_t=0.0880s epoch_t=00:01.79 lr=0.000020 | GPU MB alloc/reserved=278.2/1900.0
2026-04-11 18:11:00 | INFO | [Round 20] Epoch 75/80 time=00:01.79 avg=00:01.81 ETA=00:09.04 | GPU MB alloc/reserved=278.2/1900.0
2026-04-11 18:11:02 | INFO | [Round 20] epoch=76/80 loss=0.0147 acc=100.00 val_acc=nan data_t=0.0023s batch_t=0.0863s epoch_t=00:01.77 lr=0.000016 | GPU MB alloc/reserved=278.2/1900.0
2026-04-11 18:11:02 | INFO | [Round 20] Epoch 76/80 time=00:01.77 avg=00:01.81 ETA=00:07.23 | GPU MB alloc/reserved=278.2/1900.0
2026-04-11 18:11:04 | INFO | [Round 20] epoch=77/80 loss=0.0148 acc=99.96 val_acc=nan data_t=0.0014s batch_t=0.0903s epoch_t=00:01.84 lr=0.000013 | GPU MB alloc/reserved=278.2/1900.0
2026-04-11 18:11:04 | INFO | [Round 20] Epoch 77/80 time=00:01.84 avg=00:01.81 ETA=00:05.43 | GPU MB alloc/reserved=278.2/1900.0
2026-04-11 18:11:06 | INFO | [Round 20] epoch=78/80 loss=0.0164 acc=100.00 val_acc=nan data_t=0.0014s batch_t=0.0879s epoch_t=00:01.79 lr=0.000012 | GPU MB alloc/reserved=278.2/1900.0
2026-04-11 18:11:06 | INFO | [Round 20] Epoch 78/80 time=00:01.79 avg=00:01.81 ETA=00:03.62 | GPU MB alloc/reserved=278.2/1900.0
2026-04-11 18:11:07 | INFO | [Round 20] epoch=79/80 loss=0.0141 acc=100.00 val_acc=nan data_t=0.0019s batch_t=0.0895s epoch_t=00:01.83 lr=0.000010 | GPU MB alloc/reserved=278.2/1900.0
2026-04-11 18:11:07 | INFO | [Round 20] Epoch 79/80 time=00:01.83 avg=00:01.81 ETA=00:01.81 | GPU MB alloc/reserved=278.2/1900.0
2026-04-11 18:11:09 | INFO | [Round 20] epoch=80/80 loss=0.0150 acc=100.00 val_acc=nan data_t=0.0015s batch_t=0.0888s epoch_t=00:01.81 lr=0.000010 | GPU MB alloc/reserved=278.2/1900.0
2026-04-11 18:11:09 | INFO | [Round 20] Epoch 80/80 time=00:01.81 avg=00:01.81 ETA=00:00.00 | GPU MB alloc/reserved=278.2/1900.0
2026-04-11 18:11:10 | INFO | [Round 20] training complete in 02:24.98 (best monitor=100.000) | GPU MB alloc/reserved=278.2/1900.0
2026-04-11 18:11:10 | INFO | [Round 20] evaluation started | GPU MB alloc/reserved=192.6/1900.0
2026-04-11 18:11:18 | INFO | [Round 20] clean=23.06 fgsm=17.30 pgd=17.18 grad_disp_mean=nan grad_disp_sel=nan round_t=156.21s | GPU MB alloc/reserved=192.6/1900.0
2026-04-11 18:11:18 | INFO | [Round 21/21] elapsed=02:36.21 avg_round=01:39.88 projected_remaining=00:00.00 | GPU MB alloc/reserved=192.6/1900.0
2026-04-11 18:11:19 | INFO | Method coreset finished in 2116.32s | GPU MB alloc/reserved=103.3/1900.0
