avg_batch_time_sec,avg_data_time_sec,epoch,epoch_time_sec,lr,round,train_acc,train_loss,val_acc
0.3001584524754435,0.0434901345288381,1,1.374899254878983,0.000999618372939158,0,1.5999999992549419,4.788611297607422,-1.0
0.08720500266645104,0.00947929103858769,2,0.3869931090157479,0.0009984740801978985,0,6.199999994039535,4.242941162109375,-1.0
0.08345089695649222,0.009630144748371094,3,0.3725722001399845,0.0009965688861926887,0,9.399999970197678,3.9449433460235594,-1.0
0.08507951197680086,0.012707494548521936,4,0.39142035390250385,0.0009939057285945933,0,13.20000001192093,3.693252956390381,-1.0
0.08780874125659466,0.010220633528660983,5,0.39245973201468587,0.0009904887137995992,0,14.20000001192093,3.4892311840057375,-1.0
0.08965993497986346,0.011689456237945706,6,0.40563681395724416,0.00098632311059685,0,15.599999970197677,3.3214122123718264,-1.0
0.09043165796902031,0.010801375494338572,7,0.4051591348834336,0.0009814153420445555,0,14.99999988079071,3.2106544876098635,-1.0
0.09362166927894577,0.007636286201886833,8,0.40526426094584167,0.0009757729755661012,0,19.199999964237215,3.048648151397705,-1.0
0.08420014550210908,0.009364015015307814,9,0.37449862412177026,0.0009694047112816298,0,22.799999809265138,2.8517895278930663,-1.0
0.08939376915805042,0.006995744595769793,10,0.3858296431135386,0.0009623203685930871,0,28.000000214576723,2.675795114517212,-1.0
0.09435933321947232,0.013197244785260409,11,0.430476336972788,0.0009545308710434153,0,26.400000071525575,2.6473448848724366,-1.0
0.08863170974655077,0.013146357494406402,12,0.40736080310307443,0.0009460482294732422,0,30.200000214576722,2.509849105834961,-1.0
0.0807809037505649,0.013801739260088652,13,0.3785637221299112,0.0009368855235010348,0,35.39999973773956,2.351557113647461,-1.0
0.09033523878315464,0.012941645691171288,14,0.4133411489892751,0.0009270568813552758,0,37.99999997615814,2.2418951625823973,-1.0
0.09236775245517492,0.006551878002937883,15,0.3959244310390204,0.0009165774580897602,0,42.59999983310699,2.0192366104125976,-1.0
0.09492031659465283,0.00935312343062833,16,0.41733095585368574,0.0009054634122155992,0,46.99999988079071,1.8837502250671387,-1.0
0.08403916849056259,0.012603300274349749,17,0.3868090738542378,0.0008937318807859689,0,51.59999976158142,1.7793322076797486,-1.0
0.0698722741799429,0.013663266028743237,18,0.33437246712855995,0.0008814009529720156,0,52.80000004768372,1.66707279586792,-1.0
0.08840634947409853,0.009848729823715985,19,0.39326186990365386,0.0008684896421706646,0,58.19999995231628,1.5120333843231202,-1.0
0.09663684223778546,0.009422927745617926,20,0.42447589593939483,0.0008550178566873412,0,63.79999942779541,1.3532251348495483,-1.0
0.09542567894095555,0.007765937771182507,21,0.41300454502925277,0.0008410063690388064,0,64.59999976158142,1.3013922863006593,-1.0
0.0967443777481094,0.008064353489317,22,0.41947695799171925,0.0008264767839234412,0,73.80000009536744,1.1096237049102784,-1.0
0.10201208549551666,0.00805995921837166,23,0.440525095211342,0.000811451504908368,0,77.19999952316284,0.9700288019180298,-1.0
0.09248190373182297,0.010291819518897682,24,0.4113299660384655,0.0007959536998847743,0,75.40000009536743,0.9501218376159668,-1.0
0.09459348529344425,0.007905412465333939,25,0.41027265787124634,0.0007800072653447032,0,81.20000042915345,0.8005144352912903,-1.0
0.096078755275812,0.01399554923409596,26,0.44055119017139077,0.0007636367895343947,0,82.39999952316285,0.7711844639778137,-1.0
0.0955839739763178,0.0062121880473569036,27,0.40743604488670826,0.0007468675145409928,0,82.19999971389771,0.7290558032989501,-1.0
0.09737730608321726,0.012222069664858282,28,0.4386479598470032,0.0007297252973710758,0,87.59999976158142,0.6672722516059876,-1.0
0.09850915987044573,0.01160975790116936,29,0.4407105229329318,0.0007122365700810271,0,84.60000019073486,0.6085802621841431,-1.0
0.09560779662569985,0.009407945384737104,30,0.42029472603462636,0.0006944282990207196,0,88.39999961853027,0.5501008272171021,-1.0
0.09511072526220232,0.012277535221073776,31,0.42978325695730746,0.0006763279432533592,0,89.19999990463256,0.4952263398170471,-1.0
0.09684116224525496,0.0061497342539951205,32,0.4121923898346722,0.0006579634122155992,0,92.99999961853027,0.4193384051322937,-1.0
0.09733433247311041,0.006620540807489306,33,0.4160891678184271,0.000639363022683212,0,94.6000002861023,0.330191056728363,-1.0
0.09811843174975365,0.012616035528481007,34,0.44350328808650374,0.0006205554551086735,0,95.39999942779541,0.31766215825080873,-1.0
0.10345184773905203,0.0067055607796646655,35,0.44087777682580054,0.0006015697093979838,0,96.59999957084656,0.2682930271625519,-1.0
0.09557939396472648,0.009520544321276248,36,0.42063288297504187,0.0005824350601949146,0,94.59999980926514,0.286604487657547,-1.0
0.08209744613850489,0.012358078616671264,37,0.37805458693765104,0.0005631810117416299,0,96.39999933242798,0.23170500922203063,-1.0
0.054831368499435484,0.012413314019795507,38,0.2692120810970664,0.0005438372523852835,0,96.79999933242797,0.23127319645881653,-1.0
0.055441384378354996,0.013104583893436939,39,0.27441782504320145,0.0005244336088007391,0,96.20000052452087,0.24371528482437133,-1.0
0.0508996614953503,0.012638609507121146,40,0.2543875561095774,0.0005050000000000001,0,97.20000004768372,0.17594099855422973,-1.0
0.0545500332955271,0.014078381180297583,41,0.27474135905504227,0.0004855663911992613,0,98.20000047683716,0.15947249829769133,-1.0
0.053983632766176015,0.009065609017852694,42,0.2524236768949777,0.00046616274761471693,0,98.20000047683716,0.13387235713005066,-1.0
0.05596934352070093,0.01163606223417446,43,0.2706502771470696,0.00044681898825837057,0,98.80000023841858,0.12897536408901214,-1.0
0.05400798446498811,0.011432251252699643,44,0.26198800397105515,0.000427564939805086,0,98.79999933242797,0.1219836790561676,-1.0
0.059121650585439056,0.009280315658543259,45,0.2738289071712643,0.00040843029060201667,0,99.00000023841858,0.11946633386611938,-1.0
0.06359286676160991,0.00936181575525552,46,0.2920446200296283,0.000389444544891327,0,99.4,0.09394952374696731,-1.0
0.05767201678827405,0.006073852477129549,47,0.25521869002841413,0.0003706369773167883,0,99.00000047683716,0.10661050975322724,-1.0
0.04987275670282543,0.00626246549654752,48,0.22482207091525197,0.0003520365877844012,0,99.20000023841858,0.08480935072898865,-1.0
0.05090983823174611,0.005989864002913237,49,0.2278889250010252,0.0003336720567466412,0,99.20000023841858,0.07326012754440307,-1.0
0.060875199211295694,0.0073137463186867535,50,0.2729827929288149,0.0003155717009792807,0,99.20000023841858,0.07203191101551056,-1.0
0.05411709751933813,0.008712082752026618,51,0.25154364202171564,0.00029776342991897335,0,99.6,0.059287079453468325,-1.0
0.05243527819402516,0.01179843780118972,52,0.25716173416003585,0.00028027470262892445,0,100.0,0.05196763315796852,-1.0
0.04817189823370427,0.012281185248866677,53,0.24203983484767377,0.0002631324854590073,0,99.8,0.05468114393949509,-1.0
0.047382450313307345,0.012461988953873515,54,0.23959859902970493,0.0002463632104656054,0,100.0,0.0469319081902504,-1.0
0.06069588795071468,0.009412901767063886,55,0.2806536660064012,0.0002299927346552969,0,100.0,0.047408481389284135,-1.0
0.06320015649544075,0.006713367532938719,56,0.27992416196502745,0.00021404630011522587,0,99.8,0.04254031449556351,-1.0
0.05970686249202117,0.014337421802338213,57,0.29647028795443475,0.00019854849509163232,0,99.40000023841858,0.05646311032772064,-1.0
0.05321770167211071,0.01372697507031262,58,0.26800866215489805,0.00018352321607655918,0,99.80000023841858,0.05522906917333603,-1.0
0.05733795900596306,0.00952343549579382,59,0.2676707049831748,0.00016899363096119395,0,99.6,0.04823619708418846,-1.0
0.05457785545149818,0.006057813530787826,60,0.24280333705246449,0.000154982143312659,0,100.0,0.03475692239403725,-1.0
0.05988337425515056,0.012128643982578069,61,0.2882780178915709,0.0001415103578293356,0,99.80000023841858,0.038266014099121094,-1.0
0.0653552557923831,0.00873138615861535,62,0.29659259715117514,0.0001285990470279847,0,99.80000023841858,0.04955379998683929,-1.0
0.08002956246491522,0.007343445788137615,63,0.34979772102087736,0.0001162681192140312,0,99.8,0.035767095535993575,-1.0
0.07148990628775209,0.01031298073939979,64,0.32749772700481117,0.00010453658778440107,0,100.0,0.03687171447277069,-1.0
0.06719436804996803,0.00641993444878608,65,0.2946890981402248,9.342254191024022e-05,0,100.0,0.03127369591593742,-1.0
0.09035614272579551,0.009005452797282487,66,0.39769681822508574,8.294311864472437e-05,0,100.0,0.024839507520198822,-1.0
0.08971186523558572,0.012350013246759772,67,0.40848436998203397,7.311447649896551e-05,0,100.0,0.02565149314701557,-1.0
0.09047713404288515,0.011956712696701288,68,0.40998561191372573,6.395177052675794e-05,0,99.80000023841858,0.027260822415351868,-1.0
0.08309505303623155,0.012112238444387913,69,0.3810788809787482,5.546912895658472e-05,0,100.0,0.023906730577349662,-1.0
0.07414829032495618,0.006871939927805215,70,0.3243459889199585,4.767963140691306e-05,0,100.0,0.023416034519672394,-1.0
0.08556700026383623,0.010650852462276816,71,0.3851049819495529,4.059528871837034e-05,0,100.0,0.026496205031871795,-1.0
0.08033267827704549,0.009288329456467181,72,0.3587280579376966,3.4227024433899e-05,0,100.0,0.022339301317930223,-1.0
0.08771057752892375,0.009511284239124507,73,0.3891243119724095,2.8584657955444653e-05,0,100.0,0.02449180907011032,-1.0
0.08317393803736195,0.014604656724259257,74,0.3913709439802915,2.367688940315011e-05,0,99.80000023841858,0.031013963401317596,-1.0
0.08330769301392138,0.007541004219092429,75,0.3637039929162711,1.951128620040094e-05,0,100.0,0.025711981192231177,-1.0
0.07196707499679178,0.006034064979758114,76,0.3122880249284208,1.6094271405406862e-05,0,100.0,0.027026495724916458,-1.0
0.08496079395990819,0.006220276758540422,77,0.36499775503762066,1.3431113807311488e-05,0,100.0,0.024433235093951226,-1.0
0.09253001277102157,0.006321403488982469,78,0.3956783541943878,1.1525919802101659e-05,0,100.0,0.023303954884409905,-1.0
0.08324492804240435,0.011903384467586875,79,0.38089900999329984,1.0381627060842164e-05,0,100.0,0.02545185600221157,-1.0
0.08634567982517183,0.005920794676057994,80,0.36934399511665106,1e-05,0,100.0,0.02514873716235161,-1.0
0.06951461927965283,0.03455287935212255,1,0.5206524359527975,0.000999618372939158,1,1.666666676600774,4.729166507720947,-1.0
0.08511041263118387,0.0056243217550218105,2,0.4539963670540601,0.0009984740801978985,1,6.166666691501935,4.40105775197347,-1.0
0.056872599804773924,0.01017755581997335,3,0.335509886033833,0.0009965688861926887,1,8.333333353201548,4.093668212890625,-1.0
0.05399338002316654,0.008235521195456386,4,0.31138368509709835,0.0009939057285945933,1,9.166666696468988,3.91250181833903,-1.0
0.05274212365038693,0.004748497158288956,5,0.28770845802500844,0.0009904887137995992,1,12.166666706403097,3.6761936473846437,-1.0
0.0686205878853798,0.006775946309790015,6,0.37721833516843617,0.00098632311059685,1,12.83333338300387,3.5866767501831056,-1.0
0.07308827755041421,0.008896294608712196,7,0.4102064261678606,0.0009814153420445555,1,14.16666672627131,3.429928436279297,-1.0
0.08914659339934587,0.008168764598667621,8,0.48682930902577937,0.0009757729755661012,1,16.666666716337204,3.3213524500528973,-1.0
0.07869105832651258,0.008474393468350171,9,0.4361195061355829,0.0009694047112816298,1,18.33333345254262,3.127550458908081,-1.0
0.07932950993999839,0.011627045227214694,10,0.45506136398762465,0.0009623203685930871,1,22.333333432674408,2.975079870223999,-1.0
0.08352977856993675,0.010906173009425401,11,0.4724655270110816,0.0009545308710434153,1,24.00000015894572,2.850258544286092,-1.0
0.08375024483539165,0.007479441771283746,12,0.4564441069960594,0.0009460482294732422,1,29.833333333333332,2.722244021097819,-1.0
0.086197754368186,0.011272522807121276,13,0.48761698394082487,0.0009368855235010348,1,29.333333333333332,2.6306554571787517,-1.0
0.07899957224726677,0.00982841313816607,14,0.44439353700727224,0.0009270568813552758,1,32.166666785875954,2.447515818277995,-1.0
0.0762793734204024,0.007631764188408852,15,0.4198322631418705,0.0009165774580897602,1,37.6666667064031,2.2758391952514647,-1.0
0.08849909678101539,0.006970947002992034,16,0.47760019381530583,0.0009054634122155992,1,40.66666702429453,2.178726387023926,-1.0
0.08288059826008976,0.0064765925519168375,17,0.44702133699320257,0.0008937318807859689,1,42.50000019868215,2.0107212988535563,-1.0
0.070044274488464,0.007586145540699363,18,0.38854501000605524,0.0008814009529720156,1,47.833333571751915,1.8582618220647176,-1.0
0.0813712305855006,0.005221854988485574,19,0.43323139706626534,0.0008684896421706646,1,53.50000019868215,1.7193644380569457,-1.0
0.08111188062466682,0.010480165760964156,20,0.45829141908325255,0.0008550178566873412,1,55.66666650772095,1.5814368867874145,-1.0
0.0882567179389298,0.006708224257454276,21,0.4751731229480356,0.0008410063690388064,1,61.33333396911621,1.4524901056289672,-1.0
0.08791570020839572,0.004871168965473771,22,0.4641691178549081,0.0008264767839234412,1,65.00000055631001,1.3689568376541137,-1.0
0.08199203475378454,0.012135061016306282,23,0.47088287002407014,0.000811451504908368,1,73.00000023841858,1.164018020629883,-1.0
0.07770504266954958,0.008185016550123691,24,0.42969142785295844,0.0007959536998847743,1,72.66666706403096,1.0962974405288697,-1.0
0.08105936818756163,0.00600452022626996,25,0.43556290678679943,0.0007800072653447032,1,76.66666714350383,0.9692824554443359,-1.0
0.07324514240026474,0.005966490833088756,26,0.3962922878563404,0.0007636367895343947,1,76.16666722297668,0.9266410128275553,-1.0
0.08680576817132532,0.006265602027997375,27,0.46561400801874697,0.0007468675145409928,1,80.83333388964336,0.7932224130630493,-1.0
0.06604543002322316,0.007763698371127248,28,0.36929613701067865,0.0007297252973710758,1,82.00000007947285,0.8062936631838481,-1.0
0.060814352985471484,0.010783216217532754,29,0.3582274860236794,0.0007122365700810271,1,82.66666730244954,0.694280800819397,-1.0
0.07276839157566428,0.009112570807337761,30,0.40964355994947255,0.0006944282990207196,1,86.66666706403096,0.6081421327590942,-1.0
0.09618231621570886,0.006822034996002912,31,0.5152702392078936,0.0006763279432533592,1,89.00000031789143,0.5335570128758749,-1.0
0.09548525158315897,0.007773292623460293,32,0.5165360360406339,0.0006579634122155992,1,88.83333396911621,0.497595051129659,-1.0
0.09948086021468043,0.007117650378495455,33,0.533236128045246,0.000639363022683212,1,91.33333412806194,0.4487053036689758,-1.0
0.08432227121666074,0.007519763801246882,34,0.4594495848286897,0.0006205554551086735,1,88.83333396911621,0.4518253604571025,-1.0
0.09341878341510892,0.007512707402929664,35,0.5049117358867079,0.0006015697093979838,1,92.66666706403096,0.3782702128092448,-1.0
0.09214141378179193,0.010125100053846836,36,0.5115707260556519,0.0005824350601949146,1,94.33333373069763,0.3668253517150879,-1.0
0.08454948356375099,0.010224980022758245,37,0.4741125979926437,0.0005631810117416299,1,94.33333357175191,0.3285394740104675,-1.0
0.09998017963953316,0.008038139762356877,38,0.5403334088623524,0.0005438372523852835,1,94.00000055631001,0.3166658973693848,-1.0
0.09635182400234044,0.010013242019340396,39,0.5320771681144834,0.0005244336088007391,1,93.83333404858907,0.2731572262446086,-1.0
0.09290744201280177,0.01007638880982995,40,0.5151917429175228,0.0005050000000000001,1,97.33333333333333,0.2302847675482432,-1.0
0.0946306657511741,0.005683868657797575,41,0.501820424105972,0.0004855663911992613,1,95.83333381017049,0.21716943343480427,-1.0
0.09035311378538609,0.0046037814114242796,42,0.47502662893384695,0.00046616274761471693,1,96.50000031789143,0.2133376689751943,-1.0
0.0909496610518545,0.010092731192708015,43,0.505458110012114,0.00044681898825837057,1,97.50000079472859,0.19300739844640097,-1.0
0.09649780089966953,0.010838586511090398,44,0.5369141360279173,0.000427564939805086,1,98.50000015894572,0.14507436295350393,-1.0
0.08874540999531746,0.009385171392932535,45,0.490891476161778,0.00040843029060201667,1,99.00000015894572,0.12366477519273758,-1.0
0.05794454640708864,0.009886194812133908,46,0.33939332608133554,0.000389444544891327,1,98.33333396911621,0.12895316978295643,-1.0
0.055545211350545284,0.004679294629022479,47,0.30140504403971136,0.0003706369773167883,1,99.33333333333333,0.10383170495430628,-1.0
0.05331304552964866,0.009850393049418926,48,0.31605790508911014,0.0003520365877844012,1,99.00000047683716,0.09208845267693201,-1.0
0.0769893720280379,0.0046743789687752725,49,0.408555009867996,0.0003336720567466412,1,98.66666666666667,0.08931365370750427,-1.0
0.05780101260170341,0.0053080839570611715,50,0.3157776310108602,0.0003155717009792807,1,99.00000015894572,0.08935177107652029,-1.0
0.06301813418976962,0.005175262782722711,51,0.34119714004918933,0.00029776342991897335,1,99.33333365122478,0.06945900311072667,-1.0
0.06402109675109387,0.009617093252018094,52,0.36842535086907446,0.00028027470262892445,1,99.33333349227905,0.06301540821790695,-1.0
0.06399207138456404,0.009590695425868035,53,0.36815267195925117,0.0002631324854590073,1,99.83333333333333,0.05380630001425743,-1.0
0.0724179561715573,0.00959322121925652,54,0.4102926729246974,0.0002463632104656054,1,100.0,0.05972604314486186,-1.0
0.07962626977823675,0.00786007260903716,55,0.43770387885160744,0.0002299927346552969,1,100.0,0.04588799859086672,-1.0
0.07604076680727304,0.007971723796799779,56,0.42029166710563004,0.00021404630011522587,1,100.0,0.04324441358447075,-1.0
0.08847684818319976,0.004755937401205302,57,0.4664011551067233,0.00019854849509163232,1,99.83333333333333,0.0459639535844326,-1.0
0.0842265711631626,0.005033556232228875,58,0.4465460660867393,0.00018352321607655918,1,100.0,0.039868107636769616,-1.0
0.08629525126889348,0.009903218504041434,59,0.481288482202217,0.00016899363096119395,1,99.83333333333333,0.0494996585448583,-1.0
0.07839571838267148,0.005387176852673292,60,0.4192288271151483,0.000154982143312659,1,100.0,0.03909951448440552,-1.0
0.08564456417225301,0.009308371599763632,61,0.47506123408675194,0.0001415103578293356,1,100.0,0.03793526187539101,-1.0
0.08155228509567677,0.00881580808199942,62,0.45214009610936046,0.0001285990470279847,1,100.0,0.03358925367395083,-1.0
0.0921923441812396,0.00556273041293025,63,0.4890255481004715,0.0001162681192140312,1,100.0,0.031208976308504742,-1.0
0.08691119439899922,0.005001574195921421,64,0.4598534570541233,0.00010453658778440107,1,100.0,0.03203351174791654,-1.0
0.08413447262719273,0.007765153981745243,65,0.45978207793086767,9.342254191024022e-05,1,99.83333333333333,0.03146974797050158,-1.0
0.08098275326192379,0.011052246345207095,66,0.46045929403044283,8.294311864472437e-05,1,100.0,0.03338005796074867,-1.0
0.08600543262436985,0.01224286099895835,67,0.49153129290789366,7.311447649896551e-05,1,100.0,0.033981464058160785,-1.0
0.08035124684683978,0.005064424173906445,68,0.42736813984811306,6.395177052675794e-05,1,100.0,0.03462348848581314,-1.0
0.07876695720478892,0.007682787394151092,69,0.4325429650489241,5.546912895658472e-05,1,100.0,0.0287513018399477,-1.0
0.08386994278989732,0.005188354011625052,70,0.445575880818069,4.767963140691306e-05,1,100.0,0.030582470546166102,-1.0
0.08761202837340534,0.01002585021778941,71,0.4884690921753645,4.059528871837034e-05,1,100.0,0.031030268520116807,-1.0
0.08717995141632855,0.0048668538220226765,72,0.4606148679740727,3.4227024433899e-05,1,99.83333333333333,0.02930876227716605,-1.0
0.08330101040191948,0.007455147756263614,73,0.4540893849916756,2.8584657955444653e-05,1,100.0,0.026857505266865093,-1.0
0.08101166244596243,0.00755770574323833,74,0.443111167056486,2.367688940315011e-05,1,100.0,0.027043333873152733,-1.0
0.08314275238662958,0.0050886586308479306,75,0.44140266184695065,1.951128620040094e-05,1,99.83333333333333,0.03201430941621462,-1.0
0.07979834098368883,0.0048183687962591645,76,0.42332730488851666,1.6094271405406862e-05,1,100.0,0.026704217741886773,-1.0
0.0843102357815951,0.009173715021461248,77,0.46766953892074525,1.3431113807311488e-05,1,100.0,0.02689966730773449,-1.0
0.08859473937191069,0.009763095248490571,78,0.49202605802565813,1.1525919802101659e-05,1,100.0,0.02602545976638794,-1.0
0.08968215268105269,0.010968714533373714,79,0.5034947369713336,1.0381627060842164e-05,1,100.0,0.025287655492623646,-1.0
0.08364293957129121,0.00556501941755414,80,0.44628482311964035,1e-05,1,100.0,0.026608497947454453,-1.0
0.09838012695157279,0.03120070168127616,1,0.7777755879797041,0.000999618372939158,2,1.5714285863297326,4.778789078848702,-1.0
0.0920549569806705,0.005601512539821367,2,0.5862860369961709,0.0009984740801978985,2,5.714285735573087,4.342975036076137,-1.0
0.09345947062441458,0.008338666521012783,3,0.6111001300159842,0.0009965688861926887,2,7.000000014901161,4.132184925079346,-1.0
0.09259114414453506,0.009326827363111079,4,0.6118081391323358,0.0009939057285945933,2,8.571428639548165,3.9092797946929934,-1.0
0.091921083512716,0.009174096320445338,5,0.6068648900836706,0.0009904887137995992,2,10.000000076634544,3.6951234613146102,-1.0
0.09446821513120085,0.004438231543948253,6,0.5936954750213772,0.00098632311059685,2,12.714285744088036,3.5252030781337194,-1.0
0.09329505094016592,0.0059500852366909385,7,0.5957038870546967,0.0009814153420445555,2,15.142857176916939,3.357539276395525,-1.0
0.08977982747213294,0.0070275803639863925,8,0.5810756150167435,0.0009757729755661012,2,17.000000059604645,3.2137392275674004,-1.0
0.091676713549532,0.008396878140047193,9,0.6006712547969073,0.0009694047112816298,2,20.14285728761128,3.0817123058864047,-1.0
0.053387440857477486,0.006220202466162543,10,0.35789080802351236,0.0009623203685930871,2,22.000000153269088,2.9449922030312674,-1.0
0.05563525855541229,0.008825485284129778,11,0.3870039430912584,0.0009545308710434153,2,26.285714438983373,2.7552081748417447,-1.0
0.053805247492467366,0.008518501184880733,12,0.37418185104615986,0.0009460482294732422,2,25.714285850524902,2.7258184323992047,-1.0
0.08511104046677549,0.005432212880502145,13,0.5435187888797373,0.0009368855235010348,2,29.571428724697657,2.5463081223624093,-1.0
0.05221356901650628,0.004349610147376855,14,0.3396246740594506,0.0009270568813552758,2,37.714285952704294,2.3558781119755334,-1.0
0.05328301716751108,0.004382733178014557,15,0.3462325190193951,0.0009165774580897602,2,40.857143078531536,2.192908665793283,-1.0
0.049997099520017706,0.009802660982434949,16,0.3590208569075912,0.0009054634122155992,2,41.57142867360796,2.143265765053885,-1.0
0.06337665281413744,0.009413340012542903,17,0.4369757710956037,0.0008937318807859689,2,47.71428579943521,1.9082567310333252,-1.0
0.07672521918235968,0.007951760315336287,18,0.5083994229789823,0.0008814009529720156,2,47.85714316368103,1.816503735269819,-1.0
0.07722368165074538,0.0063928931873912615,19,0.5019214109051973,0.0008684896421706646,2,53.00000018732889,1.740652412687029,-1.0
0.08420356537681073,0.00868299079593271,20,0.5575451350305229,0.0008550178566873412,2,54.57142880984715,1.6216798182896206,-1.0
0.08359475274725507,0.005665551599425574,21,0.5358010549098253,0.0008410063690388064,2,58.71428619112287,1.5324600417273386,-1.0
0.08119400020223111,0.00434266965991507,22,0.5134961728472263,0.0008264767839234412,2,66.71428619112287,1.2818509122303554,-1.0
0.05348243824361513,0.008713725255802274,23,0.37339963484555483,0.000811451504908368,2,66.71428605488369,1.2671024983269827,-1.0
0.0791928688607489,0.006106032330232362,24,0.5120253851637244,0.0007959536998847743,2,74.00000040871757,1.0872218063899448,-1.0
0.08909717842470855,0.006381413705336551,25,0.5731065860018134,0.0007800072653447032,2,76.57142863954816,0.9603121137619018,-1.0
0.09639647063643982,0.004148209545140465,26,0.6035163030028343,0.0007636367895343947,2,80.00000034059796,0.8623837038448878,-1.0
0.09345980535726994,0.004181957143979768,27,0.5860848459415138,0.0007468675145409928,2,82.1428575515747,0.7523122521809169,-1.0
0.08212788996752352,0.004291541020696362,28,0.5187486337963492,0.0007297252973710758,2,87.00000020435878,0.6618264126777649,-1.0
0.09108439561290045,0.004253699366624157,29,0.5722659369930625,0.0007122365700810271,2,89.7142858845847,0.5605498637471881,-1.0
0.08933123651271065,0.004157502980281909,30,0.5611812910065055,0.0006944282990207196,2,88.00000023841858,0.5470738962718419,-1.0
0.09347448618306468,0.004225947816545765,31,0.5864417320117354,0.0006763279432533592,2,90.00000044277736,0.46527518033981324,-1.0
0.09393804636783898,0.007829518329041699,32,0.6108465690631419,0.0006579634122155992,2,91.42857200758797,0.4639696989740644,-1.0
0.09171120131698747,0.00553273669599245,33,0.5837043800856918,0.000639363022683212,2,93.42857197352818,0.39870469399860925,-1.0
0.09250093100126833,0.005212294481073816,34,0.5865148559678346,0.0006205554551086735,2,92.00000047683716,0.39625150987080165,-1.0
0.09388127150790145,0.005217694172946115,35,0.5948793129064143,0.0006015697093979838,2,89.85714319774083,0.4232619629587446,-1.0
0.0925832773015524,0.006775593191074829,36,0.5964526208117604,0.0005824350601949146,2,93.57142915044513,0.36032988718577796,-1.0
0.09278460731729865,0.004951377515681088,37,0.5866966410540044,0.0005631810117416299,2,93.28571483067104,0.3310537317820958,-1.0
0.06670438797057916,0.005545243543262283,38,0.43378991703502834,0.0005438372523852835,2,94.7142859867641,0.29645299894469124,-1.0
0.0587743892489622,0.004922535580893357,39,0.38249732297845185,0.0005244336088007391,2,94.71428612300328,0.27802704913275583,-1.0
0.056577752965192,0.005525410524569452,40,0.3728602519258857,0.0005050000000000001,2,96.1428575515747,0.232606931243624,-1.0
0.08097807729306321,0.005838724357696871,41,0.5211345311254263,0.0004855663911992613,2,97.7142859867641,0.17699970764773232,-1.0
0.05309915798716247,0.004488141043111682,42,0.34576430497691035,0.00046616274761471693,2,98.71428636142186,0.14774240732192992,-1.0
0.05592211002173523,0.005302879959344864,43,0.3675932460464537,0.00044681898825837057,2,98.71428636142186,0.13209564221756798,-1.0
0.050800540833733976,0.004082146333530545,44,0.32953410991467535,0.000427564939805086,2,98.57142884390694,0.12318519677434649,-1.0
0.056837089476175606,0.006252324713083605,45,0.3787553431466222,0.00040843029060201667,2,98.28571493285042,0.1279081193464143,-1.0
0.07791942198916028,0.008805467320295671,46,0.520598229020834,0.000389444544891327,2,99.14285778999329,0.09797941735812596,-1.0
0.07604049968843658,0.008778161136433482,47,0.5091596760321409,0.0003706369773167883,2,99.14285714285714,0.0952031370145934,-1.0
0.0768551245952646,0.004296324720295767,48,0.4871788821183145,0.0003520365877844012,2,98.857143504279,0.09341468100036894,-1.0
0.07417491303446393,0.006490456988103688,49,0.4842307379003614,0.0003336720567466412,2,99.42857207570758,0.07334976664611272,-1.0
0.07947487120206158,0.005530727134707074,50,0.5102618429809809,0.0003155717009792807,2,99.42857142857143,0.07259214422532491,-1.0
0.08092562334301572,0.006545564470191796,51,0.5250567721668631,0.00029776342991897335,2,99.85714285714286,0.05702304801770619,-1.0
0.08288542852581789,0.008108405978418887,52,0.5462029969785362,0.00028027470262892445,2,99.85714285714286,0.05370220810174942,-1.0
0.07983787051246811,0.00646490518314143,53,0.5180600590538234,0.0002631324854590073,2,99.71428571428571,0.0536801210471562,-1.0
0.07552321965340525,0.010339740663766861,54,0.5154153688345104,0.0002463632104656054,2,99.71428571428571,0.05223612768309457,-1.0
0.07146515937832494,0.006615814636461437,55,0.4687319539953023,0.0002299927346552969,2,100.0,0.049494535369532446,-1.0
0.07967957547710587,0.0042321602037797374,56,0.5036990859080106,0.00021404630011522587,2,100.0,0.04249003122959818,-1.0
0.08553782051118712,0.004258512519299984,57,0.5390097759664059,0.00019854849509163232,2,100.0,0.04264862482036863,-1.0
0.08285666528778772,0.004279342518808941,58,0.5230543538928032,0.00018352321607655918,2,99.57142857142857,0.04892154606325286,-1.0
0.08224152901675552,0.003953780319231252,59,0.5174105451442301,0.00016899363096119395,2,100.0,0.032695062469158855,-1.0
0.07900841083998482,0.008729382689731816,60,0.5266654789447784,0.000154982143312659,2,99.71428571428571,0.045056568469320026,-1.0
0.07768198378228892,0.008185333029056588,61,0.5154463939834386,0.0001415103578293356,2,100.0,0.03882293234978403,-1.0
0.07845485315192491,0.008476876847756406,62,0.5218218371737748,0.0001285990470279847,2,99.85714285714286,0.040887018186705454,-1.0
0.07882092559399705,0.00680708159537365,63,0.5140129199717194,0.0001162681192140312,2,99.85714285714286,0.03817128596561296,-1.0
0.0795525078040858,0.00755856919568032,64,0.522912341170013,0.00010453658778440107,2,99.85714285714286,0.0390076750091144,-1.0
0.08287589919442932,0.008579946317089101,65,0.5489818230271339,9.342254191024022e-05,2,99.85714285714286,0.029747301361390522,-1.0
0.08209004777017981,0.005269214200476806,66,0.5244081111159176,8.294311864472437e-05,2,99.857143504279,0.035352972958769116,-1.0
0.07265956168218206,0.007735474462000032,67,0.4826073639560491,7.311447649896551e-05,2,99.857143504279,0.03468089124986103,-1.0
0.0776831607023875,0.008348544128239155,68,0.5164406339172274,6.395177052675794e-05,2,100.0,0.03144531264901161,-1.0
0.07898475780772667,0.008511393680237234,69,0.5252191729377955,5.546912895658472e-05,2,100.0,0.030113273986748287,-1.0
0.08093245498215158,0.005048683495260775,70,0.5161275709979236,4.767963140691306e-05,2,100.0,0.026543414954628263,-1.0
0.0823497244855389,0.008448612526990473,71,0.5450291910674423,4.059528871837034e-05,2,99.85714285714286,0.03280161859733718,-1.0
0.08129896782338619,0.004447915009222925,72,0.5147159090265632,3.4227024433899e-05,2,100.0,0.02732227189200265,-1.0
0.07023794033254187,0.005207740158463518,73,0.45290808309800923,2.8584657955444653e-05,2,99.71428571428571,0.0305675217296396,-1.0
0.07970430965845783,0.009785980839903155,74,0.5371809520293027,2.367688940315011e-05,2,100.0,0.02845796212553978,-1.0
0.07988242467399687,0.006571177820054193,75,0.5189602628815919,1.951128620040094e-05,2,99.857143504279,0.03478638704333987,-1.0
0.07845081695510696,0.006385710711280505,76,0.5092454559635371,1.6094271405406862e-05,2,100.0,0.025396344619137902,-1.0
0.08539190197673936,0.006353656179271638,77,0.5507037839852273,1.3431113807311488e-05,2,100.0,0.02844872006348201,-1.0
0.08057408717771371,0.007655737649959822,78,0.5296216730494052,1.1525919802101659e-05,2,100.0,0.02354887487632888,-1.0
0.07846087620904048,0.00466933047088484,79,0.49902213201858103,1.0381627060842164e-05,2,100.0,0.0294795152757849,-1.0
0.08200610980081062,0.004684309669149418,80,0.5203903091605753,1e-05,2,100.0,0.025590234931026187,-1.0
0.09122086339630187,0.02508078033237585,1,0.8143959641456604,0.000999618372939158,3,1.375,4.833232421875,-1.0
0.0783265912240105,0.005609159357845783,2,0.5878338189795613,0.0009984740801978985,3,4.375,4.455302734375,-1.0
0.08131153482411589,0.006170736160129309,3,0.6126434879843146,0.0009965688861926887,3,6.875,4.138358459472657,-1.0
0.07974589971958526,0.006067970568048102,4,0.6009933871682733,0.0009939057285945933,3,9.375,3.967857437133789,-1.0
0.08387397382674473,0.0037830857493515524,5,0.6138842049986124,0.0009904887137995992,3,9.5,3.8711705780029297,-1.0
0.07790498033032886,0.004678222816437483,6,0.5783240739256144,0.00098632311059685,3,10.5,3.77205753326416,-1.0
0.06976923160254955,0.007419925981334278,7,0.5406104219146073,0.0009814153420445555,3,12.5,3.5975419235229493,-1.0
0.07112216270927872,0.007249219742204461,8,0.5488699020352215,0.0009757729755661012,3,12.875,3.49269287109375,-1.0
0.09189344965852797,0.005643576616421342,9,0.6831472560297698,0.0009694047112816298,3,14.625,3.3514152145385743,-1.0
0.09206567634828389,0.006637504789978266,10,0.691217731917277,0.0009623203685930871,3,18.5,3.2659785079956056,-1.0
0.09284699385586594,0.005554448580369353,11,0.6891008128877729,0.0009545308710434153,3,20.0,3.1140621948242186,-1.0
0.08917441052783813,0.008154357916542463,12,0.6815947380382568,0.0009460482294732422,3,19.875,3.0333460998535156,-1.0
0.09579255072666067,0.0052461271240775076,13,0.7075665891170502,0.0009368855235010348,3,23.125,2.9116055297851564,-1.0
0.09167869824783079,0.0061576093014861855,14,0.6851748148910701,0.0009270568813552758,3,25.75,2.8011654472351073,-1.0
0.09517064487694629,0.0068151872671608415,15,0.7141864039003849,0.0009165774580897602,3,28.0,2.6292286682128907,-1.0
0.09327136864885688,0.0058802426460066014,16,0.6943542079534382,0.0009054634122155992,3,32.25,2.52893497467041,-1.0
0.09257065375069422,0.004085620831964272,17,0.6768780190031976,0.0008937318807859689,3,36.375,2.3678153228759764,-1.0
0.09439792061623718,0.0033954638056457043,18,0.6848321580328047,0.0008814009529720156,3,40.125,2.2091066360473635,-1.0
0.09408073130595897,0.005343630843396697,19,0.69620341504924,0.0008684896421706646,3,41.75,2.0982702445983885,-1.0
0.04355095852432506,0.00435434391589037,20,0.3355622859671712,0.0008550178566873412,3,43.0,2.0432512855529783,-1.0
0.04687201527745596,0.006822863859789712,21,0.3760862471535802,0.0008410063690388064,3,48.625,1.8734807968139648,-1.0
0.06589144757682723,0.008860609593934246,22,0.5234921120572835,0.0008264767839234412,3,49.125,1.7953010177612305,-1.0
0.09104325339597251,0.0036861873231828213,23,0.6633567409589887,0.000811451504908368,3,54.25,1.6468006134033204,-1.0
0.06686639988661877,0.00360405511621918,24,0.49361286498606205,0.0007959536998847743,3,54.75,1.6026065063476562,-1.0
0.06844721232274813,0.008725306551371301,25,0.5405849278904498,0.0007800072653447032,3,59.125,1.4550685501098632,-1.0
0.08596053356969995,0.005852810140433056,26,0.6429939169902354,0.0007636367895343947,3,59.75,1.4264280319213867,-1.0
0.08580434009698885,0.004146769476522293,27,0.629965458996594,0.0007468675145409928,3,66.75,1.2456241989135741,-1.0
0.09080574565034892,0.003680439798959664,28,0.6616456520278007,0.0007297252973710758,3,67.5,1.1969575691223144,-1.0
0.09375073474698833,0.004194790131545493,29,0.6858679968863726,0.0007122365700810271,3,72.375,1.0668909358978271,-1.0
0.09717636172925788,0.004188414829384003,30,0.7098440320696682,0.0006944282990207196,3,74.5,0.9852457332611084,-1.0
0.09432277898304164,0.005671707015218479,31,0.700266339816153,0.0006763279432533592,3,77.0,0.9324039363861084,-1.0
0.0915377838537097,0.004377887284915362,32,0.6717539650853723,0.0006579634122155992,3,78.625,0.8662914562225342,-1.0
0.056796355139730234,0.004062204023024866,33,0.42630932200700045,0.000639363022683212,3,81.375,0.7837315034866333,-1.0
0.0515236163046211,0.0053712765553167886,34,0.39850633312016726,0.0006205554551086735,3,85.625,0.6516738414764405,-1.0
0.051602777891925404,0.006466761098376342,35,0.40672098519280553,0.0006015697093979838,3,84.75,0.6523325061798095,-1.0
0.07472632213362626,0.003784372571057507,36,0.5498062209226191,0.0005824350601949146,3,88.75,0.5843741369247436,-1.0
0.06029166071675718,0.004768158575253827,37,0.45572339184582233,0.0005631810117416299,3,87.875,0.5340949535369873,-1.0
0.06112515111453831,0.00677453400567174,38,0.4755920770112425,0.0005438372523852835,3,90.625,0.4822671270370483,-1.0
0.07354350547705378,0.006037376821041107,39,0.5573958209715784,0.0005244336088007391,3,89.25,0.4719090509414673,-1.0
0.07428613531270198,0.007037820261237877,40,0.5695672880392522,0.0005050000000000001,3,91.0,0.43693277359008786,-1.0
0.08265419347610857,0.0041366883753133675,41,0.6078322569373995,0.0004855663911992613,3,87.375,0.5160217332839966,-1.0
0.07922734256966837,0.00405130026462887,42,0.5832342358771712,0.00046616274761471693,3,89.625,0.43812084674835206,-1.0
0.0779610803084714,0.004783552539135728,43,0.5794608241412789,0.00044681898825837057,3,91.875,0.4055827188491821,-1.0
0.07261382688635162,0.0036752261221408844,44,0.534266475122422,0.000427564939805086,3,93.625,0.3337273597717285,-1.0
0.08232484555004962,0.0074034874394003835,45,0.6283252809662372,0.00040843029060201667,3,94.125,0.3248677396774292,-1.0
0.08464624603012842,0.005297863124204534,46,0.6298376580234617,0.000389444544891327,3,96.5,0.26146723985672,-1.0
0.08704926203271109,0.003914032829925418,47,0.6369947018101811,0.0003706369773167883,3,96.625,0.24546127319335936,-1.0
0.07883501398776259,0.005611559309597526,48,0.5913722328841686,0.0003520365877844012,3,97.25,0.21748317956924437,-1.0
0.08137579375345792,0.004979241971990892,49,0.6047231070697308,0.0003336720567466412,3,96.875,0.19380733013153076,-1.0
0.08358861409526851,0.005280597035640052,50,0.6223348341882229,0.0003155717009792807,3,98.625,0.18307677268981934,-1.0
0.08267392593968127,0.007623784776244845,51,0.6323349419981241,0.00029776342991897335,3,98.0,0.1647087264060974,-1.0
0.08185128741232413,0.004533207310097558,52,0.6049449318088591,0.00028027470262892445,3,98.75,0.14013420343399047,-1.0
0.08125556775900934,0.004457998787984252,53,0.6002485458739102,0.0002631324854590073,3,98.75,0.13793825030326842,-1.0
0.08078555506654084,0.0042924835080547,54,0.5957944609690458,0.0002463632104656054,3,99.125,0.12435739755630493,-1.0
0.08039039942169827,0.0035644912693117347,55,0.5879283910617232,0.0002299927346552969,3,98.25,0.1380626678466797,-1.0
0.08541415981017053,0.005120626650750637,56,0.6340551318135113,0.00021404630011522587,3,98.625,0.13225989580154418,-1.0
0.08565423032268882,0.005477996110650045,57,0.6382279079407454,0.00019854849509163232,3,98.75,0.10711772680282593,-1.0
0.08214167838117906,0.00646010204218328,58,0.6205070449505001,0.00018352321607655918,3,99.375,0.10475663423538208,-1.0
0.08472978310393435,0.003790911054238677,59,0.6199364957865328,0.00016899363096119395,3,98.875,0.109189954996109,-1.0
0.08062077200572405,0.005484089288594467,60,0.603069722885266,0.000154982143312659,3,99.25,0.09860960245132447,-1.0
0.08166336301448089,0.006160532556740301,61,0.6151063269935548,0.0001415103578293356,3,99.25,0.09996792197227478,-1.0
0.08267490133377058,0.007981465231361133,62,0.6348259840160608,0.0001285990470279847,3,99.75,0.07590795636177063,-1.0
0.08356774458661675,0.004736719553225807,63,0.618362515931949,0.0001162681192140312,3,99.875,0.07240570187568665,-1.0
0.07961318266045835,0.006078250174011503,64,0.6000741210300475,0.00010453658778440107,3,99.75,0.06884998798370362,-1.0
0.0814485192032797,0.007247301517054439,65,0.6211201478727162,9.342254191024022e-05,3,99.25,0.07755485653877259,-1.0
0.08283600084749716,0.0062501894509685895,66,0.6238471779506654,8.294311864472437e-05,3,98.875,0.07846244037151337,-1.0
0.08146547569361116,0.0061147708578833514,67,0.6133103889878839,7.311447649896551e-05,3,99.75,0.06712511420249939,-1.0
0.08326314642493214,0.0038812990034265177,68,0.6102990901563317,6.395177052675794e-05,3,99.875,0.07145821332931518,-1.0
0.08118572116031178,0.005382556967171175,69,0.6062137910630554,5.546912895658472e-05,3,99.75,0.06573928833007812,-1.0
0.07930216818515744,0.005553790966847113,70,0.5942307929508388,4.767963140691306e-05,3,99.625,0.06488565444946288,-1.0
0.08273049187846482,0.0036447504202702214,71,0.6049095599446446,4.059528871837034e-05,3,99.625,0.06992335796356201,-1.0
0.080815593978124,0.008553444308095745,72,0.6258731929119676,3.4227024433899e-05,3,100.0,0.060024269223213196,-1.0
0.07874359286922429,0.00724166668286281,73,0.6021877529565245,2.8584657955444653e-05,3,100.0,0.05400388836860657,-1.0
0.0819763288766678,0.010400722402014903,74,0.6469202900771052,2.367688940315011e-05,3,100.0,0.055593503713607786,-1.0
0.08325740432233683,0.004302198832322445,75,0.6132096110377461,1.951128620040094e-05,3,100.0,0.05313546061515808,-1.0
0.08140722116721529,0.006521190682958279,76,0.6157867249567062,1.6094271405406862e-05,3,99.875,0.053307418823242185,-1.0
0.08374695529762123,0.008357457417462553,77,0.6450315499678254,1.3431113807311488e-05,3,100.0,0.0524951434135437,-1.0
0.08455639512145094,0.008460557420871087,78,0.6514046068768948,1.1525919802101659e-05,3,99.875,0.053210552334785464,-1.0
0.08459609527406949,0.0083807238843292,79,0.6511204580310732,1.0381627060842164e-05,3,99.875,0.0652586555480957,-1.0
0.08400332179319646,0.008713615758876716,80,0.6492918229196221,1e-05,3,99.875,0.053135886788368225,-1.0
0.08871689238003455,0.022976256237598136,1,0.8939283830113709,0.000999618372939158,4,1.4444444444444444,4.7690614149305555,-1.0
0.07540609434363432,0.00319635565392673,2,0.6291752941906452,0.0009984740801978985,4,4.111111111111111,4.446546766493055,-1.0
0.0837996251648292,0.0033691471035126597,3,0.6977019149344414,0.0009965688861926887,4,6.0,4.1886063639322915,-1.0
0.08273488288978115,0.004828225472010672,4,0.7009229839313775,0.0009939057285945933,4,6.555555555555555,4.11901123046875,-1.0
0.08042612436111085,0.0067323241382837296,5,0.6975151700899005,0.0009904887137995992,4,7.111111111111111,3.9931385633680554,-1.0
0.08054060491849668,0.0065656187070999295,6,0.6970812571235001,0.00098632311059685,4,4.777777777777778,4.027745496961805,-1.0
0.08250023607979529,0.006651233561569825,7,0.713444756809622,0.0009814153420445555,4,8.222222222222221,3.9386968315972224,-1.0
0.07854337844764814,0.004890920914476737,8,0.6677172190975398,0.0009757729755661012,4,9.0,3.855379808213976,-1.0
0.07903243647888303,0.006557190150488168,9,0.6849524970166385,0.0009694047112816298,4,8.88888888888889,3.8444039916992185,-1.0
0.0749124257126823,0.003247796295909211,10,0.6255117012187839,0.0009623203685930871,4,9.0,3.8230858696831596,-1.0
0.08091537677682936,0.0065503407386131585,11,0.6999588799662888,0.0009545308710434153,4,9.333333333333334,3.810968424479167,-1.0
0.08045512958779,0.006093353033065796,12,0.6926407900173217,0.0009460482294732422,4,8.444444444444445,3.77973873562283,-1.0
0.08108074875781313,0.003682572249090299,13,0.6783546810038388,0.0009368855235010348,4,11.444444444444445,3.637098693847656,-1.0
0.06435804077773355,0.0037077060842420906,14,0.5448135761544108,0.0009270568813552758,4,11.0,3.612581583658854,-1.0
0.07325215774471872,0.004912130127195269,15,0.6255790411960334,0.0009165774580897602,4,12.0,3.618185323079427,-1.0
0.092859115335159,0.003625566663686186,16,0.7727990178391337,0.0009054634122155992,4,12.555555555555555,3.5457435099283856,-1.0
0.09363385962205939,0.0031866392528172582,17,0.7748045828193426,0.0008937318807859689,4,13.666666666666666,3.491039835611979,-1.0
0.07208709101541899,0.007417140615871176,18,0.6362582801375538,0.0008814009529720156,4,13.444444444444445,3.468497992621528,-1.0
0.09451697807526216,0.0074455171707086265,19,0.8159236679784954,0.0008684896421706646,4,15.0,3.349529791937934,-1.0
0.10157660074764863,0.0050646977324504405,20,0.8533603427931666,0.0008550178566873412,4,13.555555555555555,3.4658203125,-1.0
0.10204601098666899,0.005099330650409684,21,0.857421861961484,0.0008410063690388064,4,16.22222222222222,3.382193806966146,-1.0
0.0984378325229045,0.0032099982199724764,22,0.813515636138618,0.0008264767839234412,4,14.11111111111111,3.418709004720052,-1.0
0.10254812933271751,0.006171550048748031,23,0.8701557519380003,0.000811451504908368,4,16.0,3.2969313218858507,-1.0
0.1029449719353579,0.003564942686352879,24,0.8523209500126541,0.0007959536998847743,4,18.444444444444443,3.226507161458333,-1.0
0.10093213350046426,0.006374370394041762,25,0.8586965680588037,0.0007800072653447032,4,18.444444444444443,3.2312743123372396,-1.0
0.06933978534652852,0.004120416269870475,26,0.5879189590923488,0.0007636367895343947,4,17.555555555555557,3.246856926812066,-1.0
0.06714739347808063,0.003313594643259421,27,0.5639182210434228,0.0007468675145409928,4,18.666666666666668,3.224962904188368,-1.0
0.08849229864426889,0.006515718734590337,28,0.7602970181033015,0.0007297252973710758,4,19.0,3.13126224093967,-1.0
0.054976548854028806,0.006422965903766453,29,0.4914319918025285,0.0007122365700810271,4,18.666666666666668,3.0841773817274305,-1.0
0.03051207965472713,0.0066819289640989155,30,0.29777102707885206,0.0006944282990207196,4,20.88888888888889,2.981605767144097,-1.0
0.04591532264021225,0.006641355605097488,31,0.4207042818889022,0.0006763279432533592,4,21.555555555555557,2.944341837565104,-1.0
0.04815362181398086,0.003934559819754213,32,0.41702540405094624,0.0006579634122155992,4,24.11111111111111,2.8773987494574653,-1.0
0.0719731600547675,0.0036231125704944134,33,0.6050640118774027,0.000639363022683212,4,25.22222222222222,2.843208448621962,-1.0
0.05849228869192302,0.003695821826113388,34,0.49778355192393064,0.0006205554551086735,4,24.0,2.810707058376736,-1.0
0.054912915104068816,0.004194103006739169,35,0.47314431704580784,0.0006015697093979838,4,24.333333333333332,2.7959457058376738,-1.0
0.08482012094464153,0.0039042565622366965,36,0.7100263179745525,0.0005824350601949146,4,26.555555555555557,2.719917500813802,-1.0
0.07632281273254193,0.004871055512921885,37,0.6497921368572861,0.0005631810117416299,4,25.555555555555557,2.74165778266059,-1.0
0.07435093351523392,0.006391369621269405,38,0.6461839638650417,0.0005438372523852835,4,27.88888888888889,2.6386934746636284,-1.0
0.07340557590941899,0.00596692122053355,39,0.6352293810341507,0.0005244336088007391,4,28.77777777777778,2.5758995225694443,-1.0
0.08170142112066969,0.003724199254065752,40,0.6836520328652114,0.0005050000000000001,4,31.88888888888889,2.5723949178059895,-1.0
0.08254476040019654,0.005190653580939397,41,0.7021280999761075,0.0004855663911992613,4,30.444444444444443,2.601957058376736,-1.0
0.08111582687706687,0.005010010383557528,42,0.6892741098999977,0.00046616274761471693,4,28.0,2.6326424831814235,-1.0
0.08148110611364245,0.004670573398470879,43,0.6894427489023656,0.00044681898825837057,4,31.11111111111111,2.5337457614474825,-1.0
0.0831513419689145,0.00608922602259554,44,0.7141905440948904,0.000427564939805086,4,31.88888888888889,2.4778233167860244,-1.0
0.08445879875216633,0.004684218729380518,45,0.7134207750204951,0.00040843029060201667,4,30.0,2.5156912909613713,-1.0
0.08060368036967702,0.005859308876097202,46,0.6920018307864666,0.000389444544891327,4,31.444444444444443,2.4862851969401043,-1.0
0.07994973959284835,0.004492560139624402,47,0.6757753230631351,0.0003706369773167883,4,32.0,2.465811564127604,-1.0
0.08275877046980895,0.003919631126336753,48,0.6936631661374122,0.0003520365877844012,4,33.0,2.4192676798502606,-1.0
0.08295310669927858,0.006954947049962357,49,0.7195142351556569,0.0003336720567466412,4,36.333333333333336,2.3518770345052085,-1.0
0.0856379020260647,0.005032051587477326,50,0.7255962640047073,0.0003155717009792807,4,37.111111111111114,2.3220088365342884,-1.0
0.08429441769840196,0.0049435829278081656,51,0.7141392780467868,0.00029776342991897335,4,37.22222222222222,2.2767069837782117,-1.0
0.08505266861175187,0.006499537528725341,52,0.7326593610923737,0.00028027470262892445,4,39.44444444444444,2.194405958387587,-1.0
0.08786472934298217,0.006973371928324923,53,0.7589414839167148,0.0002631324854590073,4,39.666666666666664,2.204795633951823,-1.0
0.08719309297157452,0.006536779546877369,54,0.750073682051152,0.0002463632104656054,4,40.22222222222222,2.1594619750976562,-1.0
0.0861190056311898,0.00446036912035197,55,0.7248768608551472,0.0002299927346552969,4,42.666666666666664,2.1358499315049913,-1.0
0.0889773566450458,0.0047230132331606,56,0.7498287078924477,0.00021404630011522587,4,43.44444444444444,2.072953355577257,-1.0
0.08492095570545644,0.0031502331548836082,57,0.7048077180515975,0.00019854849509163232,4,44.333333333333336,2.0363845825195312,-1.0
0.0830377021629829,0.004668299952754751,58,0.7018946569878608,0.00018352321607655918,4,44.888888888888886,1.9665117390950522,-1.0
0.08366668300004676,0.006339113984722644,59,0.7203141071368009,0.00016899363096119395,4,49.55555555555556,1.9208266194661459,-1.0
0.08140038361307234,0.0053078202763572335,60,0.6939200519118458,0.000154982143312659,4,50.111111111111114,1.9019996473524305,-1.0
0.0839155254070647,0.004685539344791323,61,0.7090507710818201,0.0001415103578293356,4,50.333333333333336,1.8830996704101564,-1.0
0.08179892200860195,0.005010442866478115,62,0.6947602177970111,0.0001285990470279847,4,48.22222222222222,1.8856885443793403,-1.0
0.08314833886106499,0.007024456019280478,63,0.7216813880950212,0.0001162681192140312,4,47.22222222222222,1.9135227627224392,-1.0
0.08020636058063246,0.004982690035831183,64,0.6817954489961267,0.00010453658778440107,4,52.0,1.7680377197265624,-1.0
0.08276981240487657,0.00687963460222818,65,0.7174860818777233,9.342254191024022e-05,4,53.0,1.7824527486165365,-1.0
0.08442271940293722,0.006176267488626763,66,0.7250736069399863,8.294311864472437e-05,4,54.0,1.7853138224283853,-1.0
0.08229608859983273,0.006815696426201612,67,0.7131839541252702,7.311447649896551e-05,4,54.77777777777778,1.7600881279839409,-1.0
0.08297698324895464,0.005066595767857507,68,0.7046306550037116,6.395177052675794e-05,4,57.666666666666664,1.7086802842881945,-1.0
0.08301224454771727,0.008079470338998362,69,0.728959578089416,5.546912895658472e-05,4,54.77777777777778,1.7383839416503906,-1.0
0.08300225148559548,0.006228079000720754,70,0.7140725979115814,4.767963140691306e-05,4,54.0,1.7323580593532986,-1.0
0.07986002284451388,0.003250478534027934,71,0.6651297889184207,4.059528871837034e-05,4,53.77777777777778,1.7004627821180556,-1.0
0.08186915848637,0.007170574390329421,72,0.7125623899046332,3.4227024433899e-05,4,57.22222222222222,1.6848432922363281,-1.0
0.08285527545376681,0.0073389770404901356,73,0.7217852170579135,2.8584657955444653e-05,4,57.333333333333336,1.6515931023491754,-1.0
0.08275667976704426,0.005591116088908166,74,0.7070172589737922,2.367688940315011e-05,4,58.22222222222222,1.6536859978569878,-1.0
0.0815032048849389,0.007050270360196009,75,0.7086688240524381,1.951128620040094e-05,4,55.888888888888886,1.676301998562283,-1.0
0.08126491727307439,0.0035417638428043574,76,0.678754230029881,1.6094271405406862e-05,4,56.44444444444444,1.6473452758789062,-1.0
0.08284376715891995,0.004948602232616395,77,0.7026267067994922,1.3431113807311488e-05,4,58.22222222222222,1.6438671366373698,-1.0
0.0805728574632667,0.004013169673271477,78,0.6769800148904324,1.1525919802101659e-05,4,58.0,1.650913543701172,-1.0
0.08104293336509727,0.004986335261492059,79,0.6885179551318288,1.0381627060842164e-05,4,57.888888888888886,1.6066466946072049,-1.0
0.08098777182749473,0.004225888405926526,80,0.6819508341141045,1e-05,4,59.0,1.6269727918836805,-1.0
0.09083057308453135,0.024523320666048676,1,0.9231082659680396,0.000999618372939158,5,2.5000000208616258,4.783896469116211,-1.0
0.0893934766354505,0.003186632238794118,2,0.7409391079563648,0.0009984740801978985,5,5.000000014901161,4.371608543395996,-1.0
0.08725992424297146,0.003124666749499738,3,0.7233455919194967,0.0009965688861926887,5,8.100000083446503,4.110729820251465,-1.0
0.08910618722438812,0.006153066904516891,4,0.7623358960263431,0.0009939057285945933,5,9.700000023841858,3.9338507194519043,-1.0
0.08907294637174346,0.004884891241090372,5,0.7519170821178705,0.0009904887137995992,5,9.70000001192093,3.7601003913879394,-1.0
0.08763581933453679,0.007774246798362583,6,0.7635338990949094,0.00098632311059685,5,12.5,3.6225497074127198,-1.0
0.08609804732259363,0.005093069310532883,7,0.7297682019416243,0.0009814153420445555,5,14.80000011920929,3.463990879058838,-1.0
0.0895703398855403,0.0050036154862027615,8,0.756846064934507,0.0009757729755661012,5,18.600000059604646,3.2736502475738525,-1.0
0.08779393925215118,0.0032964182610157877,9,0.729054125957191,0.0009694047112816298,5,18.800000047683717,3.174710807800293,-1.0
0.08647173148347065,0.0035750858660321683,10,0.7207118349615484,0.0009623203685930871,5,22.90000002384186,2.9606039695739748,-1.0
0.0870887725322973,0.004849550954531878,11,0.7358017798978835,0.0009545308710434153,5,26.40000002384186,2.827304656982422,-1.0
0.0863810686278157,0.005146048992173746,12,0.7324969619512558,0.0009460482294732422,5,30.900000047683715,2.6395932273864746,-1.0
0.08765254498575814,0.006722828518832102,13,0.7553776090499014,0.0009368855235010348,5,32.400000071525575,2.5114914150238037,-1.0
0.08955402948777191,0.005727742769522592,14,0.7626370519865304,0.0009270568813552758,5,34.30000021457672,2.362456699371338,-1.0
0.08572897859266959,0.004991478519514203,15,0.7260604819748551,0.0009165774580897602,5,40.80000021457672,2.157797971725464,-1.0
0.06088288896717131,0.004829914774745703,16,0.5259879089426249,0.0009054634122155992,5,46.600000095367434,1.9933218002319335,-1.0
0.08025264527532272,0.004574611986754462,17,0.6788984688464552,0.0008937318807859689,5,48.80000009536743,1.9209130935668945,-1.0
0.09297600112040527,0.004624831140972674,18,0.7811054459307343,0.0008814009529720156,5,51.600000166893004,1.8023206758499146,-1.0
0.10913961593178101,0.004059650935232639,19,0.9059175609145314,0.0008684896421706646,5,55.50000009536743,1.622701449394226,-1.0
0.10444843349978328,0.003600838012062013,20,0.8646762750577182,0.0008550178566873412,5,61.500000381469725,1.4431075744628907,-1.0
0.10565329203382134,0.003158817969961092,21,0.8708309798967093,0.0008410063690388064,5,64.50000019073487,1.3092664680480957,-1.0
0.1074254930135794,0.00323940473026596,22,0.8856011449825019,0.0008264767839234412,5,70.20000009536743,1.1829111137390136,-1.0
0.10887567541794851,0.003143960813758895,23,0.8964475649408996,0.000811451504908368,5,71.80000019073486,1.1011180591583252,-1.0
0.10809192361193709,0.0063031240133568645,24,0.9154798109084368,0.0007959536998847743,5,74.60000033378601,0.9638351621627808,-1.0
0.10856320848688483,0.0032849721319507807,25,0.8951083892025054,0.0007800072653447032,5,77.50000009536743,0.879631534576416,-1.0
0.10869686238584109,0.00642843937384896,26,0.9212919578421861,0.0007636367895343947,5,81.60000014305115,0.7774002604484558,-1.0
0.084755666408455,0.004937304591294378,27,0.7178477148991078,0.0007468675145409928,5,85.10000047683715,0.6752598428726196,-1.0
0.0517675141163636,0.00657604678417556,28,0.46704851603135467,0.0007297252973710758,5,85.20000052452087,0.6490647511482239,-1.0
0.03286315736477263,0.007728216878604144,29,0.32500620698556304,0.0007122365700810271,5,89.50000028610229,0.5099822683334351,-1.0
0.04953886687872,0.004610119009157643,30,0.4334609319921583,0.0006944282990207196,5,88.40000052452088,0.49655747365951536,-1.0
0.044431230722693726,0.0035517456417437643,31,0.38414961006492376,0.0006763279432533592,5,91.6000002861023,0.43093186831474306,-1.0
0.045119577494915575,0.0033005617442540824,32,0.38770535006187856,0.0006579634122155992,5,90.10000023841857,0.471363808631897,-1.0
0.03176882874686271,0.004137273761443794,33,0.2874824400059879,0.000639363022683212,5,91.90000023841858,0.38730558252334596,-1.0
0.04546619264874607,0.0033021373383235186,34,0.39041481213644147,0.0006205554551086735,5,92.80000014305115,0.3567663164138794,-1.0
0.08022118991357274,0.003320314717711881,35,0.6685864380560815,0.0006015697093979838,5,95.10000014305115,0.2856354534626007,-1.0
0.09183834612485953,0.004921603627735749,36,0.774460009066388,0.0005824350601949146,5,96.20000033378601,0.23176189553737642,-1.0
0.0907454073021654,0.006379197700880468,37,0.7772324841935188,0.0005631810117416299,5,98.10000023841857,0.17760074484348298,-1.0
0.08901911103748716,0.003984140232205391,38,0.74425856792368,0.0005438372523852835,5,98.00000009536743,0.15771153831481935,-1.0
0.0903063596051652,0.003968054748838767,39,0.754435074981302,0.0005244336088007391,5,98.50000047683716,0.15068328511714935,-1.0
0.08827503226348199,0.0041371858678758144,40,0.7395311531145126,0.0005050000000000001,5,99.00000047683716,0.11976199984550476,-1.0
0.0879287947609555,0.004245745338266715,41,0.737635760102421,0.0004855663911992613,5,98.10000023841857,0.12252059376239777,-1.0
0.085525613889331,0.0057679160963743925,42,0.7305982850957662,0.00046616274761471693,5,98.10000019073486,0.12746929478645325,-1.0
0.08909340825630352,0.005166227754671127,43,0.7543229160364717,0.00044681898825837057,5,99.10000023841857,0.11134558087587357,-1.0
0.08798370027216151,0.0033792318718042225,44,0.7311508089769632,0.000427564939805086,5,99.8,0.0775042445063591,-1.0
0.08927976846462116,0.0054282479104585946,45,0.7579027691390365,0.00040843029060201667,5,99.6,0.0690406454205513,-1.0
0.09206120742601342,0.005750322190579027,46,0.782726779114455,0.000389444544891327,5,99.8,0.05433257189393043,-1.0
0.09203209454426542,0.003139602718874812,47,0.7616112949326634,0.0003706369773167883,5,99.70000023841858,0.052824163764715194,-1.0
0.08629919934901409,0.004103662038687617,48,0.7234724450390786,0.0003520365877844012,5,99.9,0.04697599855065346,-1.0
0.08885514317080379,0.00516990534379147,49,0.7524546498898417,0.0003336720567466412,5,99.70000047683716,0.0496248123049736,-1.0
0.08838251142879017,0.007318805321119726,50,0.7663901632186025,0.0003155717009792807,5,99.9,0.03923664182424545,-1.0
0.08725304549443536,0.004252638609614223,51,0.7323437710292637,0.00029776342991897335,5,99.8,0.041741819560527804,-1.0
0.08459529740503058,0.004100919992197305,52,0.7098636801820248,0.00028027470262892445,5,99.8,0.042794372498989104,-1.0
0.08929583636927418,0.004801082512130961,53,0.7530731169972569,0.0002631324854590073,5,99.9,0.03260306757688523,-1.0
0.08808560913894325,0.0041869777196552604,54,0.7384948071558028,0.0002463632104656054,5,99.9,0.035336746752262116,-1.0
0.08953235662193038,0.004527589859208092,55,0.752774644875899,0.0002299927346552969,5,100.0,0.02982625216245651,-1.0
0.0904411913943477,0.004167949344264343,56,0.7571768320631236,0.00021404630011522587,5,99.9,0.027454348608851434,-1.0
0.0894653417635709,0.004679755511460826,57,0.7534656550269574,0.00019854849509163232,5,99.8,0.026660769507288934,-1.0
0.08710885050822981,0.0064530094678048044,58,0.7487516761757433,0.00018352321607655918,5,99.9,0.02707909183204174,-1.0
0.08759682808886282,0.003535368654411286,59,0.7293092019390315,0.00016899363096119395,5,100.0,0.0241166051030159,-1.0
0.08774436052772216,0.006271108984947205,60,0.7523922480177134,0.000154982143312659,5,99.9,0.02628799358010292,-1.0
0.08917131365160458,0.006131294212536886,61,0.7626700960099697,0.0001415103578293356,5,100.0,0.02233151099085808,-1.0
0.08817515926784836,0.006273410253925249,62,0.7558362369891256,0.0001285990470279847,5,99.90000023841858,0.020932280153036116,-1.0
0.09046892353217117,0.0032731902319937944,63,0.7502009070012718,0.0001162681192140312,5,100.0,0.02357013139128685,-1.0
0.08764301717747003,0.0034355075913481414,64,0.7289503598585725,0.00010453658778440107,5,100.0,0.020262085035443307,-1.0
0.08949000175925903,0.004098576260730624,65,0.749006139812991,9.342254191024022e-05,5,100.0,0.01949487642943859,-1.0
0.09243376259109937,0.004106917651370168,66,0.7726101481821388,8.294311864472437e-05,5,100.0,0.019240083500742914,-1.0
0.09199090435868129,0.007395171647658572,67,0.7953299200162292,7.311447649896551e-05,5,100.0,0.019917326524853705,-1.0
0.08859553840011358,0.005926537123741582,68,0.7565048558171839,6.395177052675794e-05,5,100.0,0.019462544485926627,-1.0
0.09011844612541609,0.005726586125092581,69,0.7671697221230716,5.546912895658472e-05,5,100.0,0.020230914562940596,-1.0
0.0898465595964808,0.0035648249031510204,70,0.7475485219620168,4.767963140691306e-05,5,100.0,0.019863940894603728,-1.0
0.08813991412171163,0.0031627057469449937,71,0.7306700530461967,4.059528871837034e-05,5,100.0,0.019374455004930496,-1.0
0.08874535313225351,0.005183803237741813,72,0.7516833150293678,3.4227024433899e-05,5,99.9,0.021107475578784944,-1.0
0.0876465339679271,0.006364521279465407,73,0.7523343898355961,2.8584657955444653e-05,5,100.0,0.016594392798841,-1.0
0.08821267724852078,0.003522631770465523,74,0.7341299429535866,2.367688940315011e-05,5,100.0,0.0211608155220747,-1.0
0.09121245861751959,0.003006047016242519,75,0.7539922608993948,1.951128620040094e-05,5,100.0,0.017023496583104133,-1.0
0.08641824865480885,0.005737552739446983,76,0.7374883231241256,1.6094271405406862e-05,5,99.90000023841858,0.019722996056079866,-1.0
0.09135184425394982,0.005021426477469504,77,0.7712291008792818,1.3431113807311488e-05,5,100.0,0.018196899369359018,-1.0
0.09150221463642083,0.005658761860104278,78,0.7775890619959682,1.1525919802101659e-05,5,100.0,0.018188113480806352,-1.0
0.09021782761556096,0.00372069826698862,79,0.7518001447897404,1.0381627060842164e-05,5,100.0,0.01828186383843422,-1.0
0.07144852224155329,0.006185326259583235,80,0.6213583690114319,1e-05,5,100.0,0.017703121706843378,-1.0
0.09138196893036366,0.01994162296048469,1,1.002178484806791,0.000999618372939158,6,1.727272716435519,4.77666371605613,-1.0
0.08959827846330073,0.004901230542196168,2,0.8507969931233674,0.0009984740801978985,6,4.727272728627378,4.404396740306508,-1.0
0.08763882178916699,0.004338420875784423,3,0.82806610991247,0.0009965688861926887,6,7.999999991872094,4.120986326391047,-1.0
0.08676405646838248,0.004978300305083394,4,0.825926979072392,0.0009939057285945933,6,9.454545457254756,3.9209055172313345,-1.0
0.08618274113784234,0.004853462205371923,5,0.819567491998896,0.0009904887137995992,6,10.45454544912685,3.7718004192005505,-1.0
0.0872581098228693,0.004994598165568378,6,0.8305173569824547,0.00098632311059685,6,11.727272721854122,3.661834903196855,-1.0
0.09110873060611387,0.00427752616815269,7,0.8587787139695138,0.0009814153420445555,6,14.909090941602534,3.4396476563540372,-1.0
0.08714954340313044,0.005109289816270272,8,0.8306488168891519,0.0009757729755661012,6,17.27272732149471,3.3282243711298163,-1.0
0.0868505813802282,0.004892798735656672,9,0.8259794448968023,0.0009694047112816298,6,18.909090941602532,3.2216506455161356,-1.0
0.08440706408065227,0.005432501461149918,10,0.8088096100836992,0.0009623203685930871,6,20.18181819265539,3.0625013654882256,-1.0
0.08798535333739387,0.004238495318632986,11,0.8302537559065968,0.0009545308710434153,6,25.27272732149471,2.8487739996476606,-1.0
0.08982927160751489,0.004017808164159457,12,0.84486323595047,0.0009460482294732422,6,27.999999924139544,2.7063271522521974,-1.0
0.0884416899126437,0.003219173082874881,13,0.8251845210324973,0.0009368855235010348,6,31.090909015048634,2.596761089671742,-1.0
0.08712576466819479,0.0033117617583937114,14,0.8142018241342157,0.0009270568813552758,6,34.272727305238895,2.4192386557839134,-1.0
0.08753604969630639,0.004669901087052292,15,0.8301434412132949,0.0009165774580897602,6,38.72727270559831,2.251419692472978,-1.0
0.08657722265666558,0.0032238522285802495,16,0.8085083418991417,0.0009054634122155992,6,38.81818181818182,2.193665943145752,-1.0
0.07931459878778292,0.0053111090997440945,17,0.7618709711823612,0.0008937318807859689,6,45.90909101746299,1.9914433670043945,-1.0
0.07394570052727228,0.002894200255266494,18,0.6918022120371461,0.0008814009529720156,6,52.090908939188175,1.8061474193226208,-1.0
0.09707467754681905,0.004529737686324451,19,0.9147268470842391,0.0008684896421706646,6,54.72727267308669,1.6641610869494352,-1.0
0.0972105574587153,0.005809091212641861,20,0.9274703881237656,0.0008550178566873412,6,58.18181824684143,1.5686048646406694,-1.0
0.09329596849986249,0.005621497700404789,21,0.8905619631987065,0.0008410063690388064,6,61.4545453895222,1.4205907622250644,-1.0
0.09808679597659244,0.005585002919865979,22,0.9332927297800779,0.0008264767839234412,6,67.09090898253702,1.2704621436379173,-1.0
0.09593002107511792,0.002931660713834895,23,0.8899969588965178,0.000811451504908368,6,68.6363635930148,1.1616825910048052,-1.0
0.08105300537620981,0.004052052507176995,24,0.766178929945454,0.0007959536998847743,6,72.09090919928117,1.0882925904880871,-1.0
0.0993701968755987,0.00316795256609718,25,0.9230823430698365,0.0007800072653447032,6,76.99999995665117,0.9335029411315918,-1.0
0.1070051224798792,0.003456859073291222,26,0.9943938490469009,0.0007636367895343947,6,80.54545461047779,0.8062476845221086,-1.0
0.09665454269593789,0.0034180086416502795,27,0.9008945929817855,0.0007468675145409928,6,80.81818168813533,0.7826743266799233,-1.0
0.06940837688226667,0.0036072657805764014,28,0.6574851400218904,0.0007297252973710758,6,83.72727277062155,0.6978395308147777,-1.0
0.08888601154709856,0.004573210116682781,29,0.8414430809207261,0.0007122365700810271,6,86.81818177483298,0.5715642336281863,-1.0
0.07230792109233637,0.0031316603482183483,30,0.6791898040100932,0.0006944282990207196,6,91.18181813846935,0.46756843317638747,-1.0
0.07154085210317539,0.0028321370223744046,31,0.6696015680208802,0.0006763279432533592,6,91.09090930765325,0.4246857044913552,-1.0
0.07064534064071874,0.007446623588394787,32,0.7030796757899225,0.0006579634122155992,6,93.81818177483298,0.36220359509641475,-1.0
0.09552736996880008,0.0038288344836069476,33,0.8944697950500995,0.000639363022683212,6,92.81818170980974,0.33626311150464144,-1.0
0.054195082927536636,0.004269658846573697,34,0.526430367026478,0.0006205554551086735,6,95.45454569296403,0.28624958341771906,-1.0
0.055489597014254995,0.0032605247623804542,35,0.5289880398195237,0.0006015697093979838,6,94.72727281397039,0.27947039409117264,-1.0
0.08176071672803825,0.003059714592786299,36,0.7636185039300472,0.0005824350601949146,6,96.36363629861312,0.2305884916674007,-1.0
0.06130634012839033,0.0029984763047347465,37,0.5789815150201321,0.0005631810117416299,6,98.18181818181819,0.17996744193814018,-1.0
0.05961682487072216,0.002953255238632361,38,0.5633657940197736,0.0005438372523852835,6,98.0909090909091,0.15033315669406544,-1.0
0.07294931319645709,0.003922974483834373,39,0.6920949858613312,0.0005244336088007391,6,98.6363638531078,0.1329016998681155,-1.0
0.08645881655522519,0.0063433831091970205,40,0.8354612491093576,0.0005050000000000001,6,99.27272727272727,0.11443488708951256,-1.0
0.08551079953192836,0.0040761619133667815,41,0.8065163539722562,0.0004855663911992613,6,99.18181818181819,0.10073457222093235,-1.0
0.0871495648752898,0.0045672637772642905,42,0.8256990581285208,0.00046616274761471693,6,99.27272720770402,0.09421688142147931,-1.0
0.08984436679424511,0.004291658212120335,43,0.8474910450167954,0.00044681898825837057,6,99.27272727272727,0.08656617963855917,-1.0
0.0894162247940484,0.0031145812115735477,44,0.833122240845114,0.000427564939805086,6,98.9999998699535,0.0853962354497476,-1.0
0.08862659611946179,0.0030899822142803008,45,0.8256956450641155,0.00040843029060201667,6,99.27272720770402,0.09267822888764468,-1.0
0.08664674120437768,0.0029150111238575643,46,0.8062973120249808,0.000389444544891327,6,99.36363629861312,0.07400813387198882,-1.0
0.08503786689187917,0.004074925453298622,47,0.8022754909470677,0.0003706369773167883,6,99.72727272727273,0.061838131303137,-1.0
0.08730533700953755,0.004599257889721129,48,0.8274027470033616,0.0003520365877844012,6,99.63636357134038,0.05216498719020323,-1.0
0.08763578854915169,0.00422359723597765,49,0.8269727488514036,0.0003336720567466412,6,100.0,0.04313812431964007,-1.0
0.08700719801709056,0.004921472450304363,50,0.8275986448861659,0.0003155717009792807,6,99.81818181818181,0.03847144905816425,-1.0
0.08633532646733026,0.004536935542192724,51,0.8181011849083006,0.00029776342991897335,6,100.0,0.03749514482238076,-1.0
0.0876660388118277,0.0032182910945266485,52,0.8182298850733787,0.00028027470262892445,6,99.81818181818181,0.0400930386104367,-1.0
0.08887614136458272,0.004580043747814165,53,0.8414558509830385,0.0002631324854590073,6,99.72727266224948,0.045391726006161086,-1.0
0.0897784704187264,0.0045221836771816015,54,0.8490098018664867,0.0002463632104656054,6,99.81818181818181,0.03709661355072802,-1.0
0.08774510949539642,0.0033117715114106736,55,0.819806280080229,0.0002299927346552969,6,99.9090909090909,0.033102174279364675,-1.0
0.0869458567402843,0.003082613486589657,56,0.8105545791331679,0.00021404630011522587,6,99.90909084406766,0.03013003402135589,-1.0
0.07941022567037079,0.004689159337431192,57,0.7571870440151542,0.00019854849509163232,6,99.90909084406766,0.025974969552321866,-1.0
0.08695967673944931,0.004326975593964259,58,0.8218785191420466,0.00018352321607655918,6,100.0,0.030940816564993427,-1.0
0.08822450191817349,0.00463935908757978,59,0.836086095077917,0.00016899363096119395,6,99.72727259722623,0.028793962164358658,-1.0
0.0862757989929782,0.0034718012385484246,60,0.8080234040971845,0.000154982143312659,6,99.9090909090909,0.027292331064289268,-1.0
0.0849538979689694,0.004385107248607609,61,0.8043029839172959,0.0001415103578293356,6,100.0,0.023873152888633987,-1.0
0.08774375698218743,0.007266724249348044,62,0.8553437450900674,0.0001285990470279847,6,99.9090909090909,0.024640158692544156,-1.0
0.0885340254753828,0.0047054617251786925,63,0.8394743641838431,0.0001162681192140312,6,100.0,0.022586293586275796,-1.0
0.09023291767678326,0.004556466100944413,64,0.8534903519321233,0.00010453658778440107,6,100.0,0.02317544704133814,-1.0
0.08897524777178963,0.004432028340589669,65,0.8409938260447234,9.342254191024022e-05,6,100.0,0.020910124548456886,-1.0
0.08889000955969095,0.004730806220322847,66,0.8428308370057493,8.294311864472437e-05,6,100.0,0.022898640172048047,-1.0
0.08811128307651314,0.00413812658128639,67,0.8304987079463899,7.311447649896551e-05,6,100.0,0.01906226195394993,-1.0
0.08574160959364639,0.0033683770646651587,68,0.8022710119839758,6.395177052675794e-05,6,100.0,0.021450720442966982,-1.0
0.08791678877443904,0.0047117431337634725,69,0.8339155649300665,5.546912895658472e-05,6,99.90909084406766,0.020554156384684823,-1.0
0.08695614617317915,0.0036458587273955345,70,0.8156838531140238,4.767963140691306e-05,6,100.0,0.016870293901725248,-1.0
0.08700750103323823,0.005817895418860846,71,0.8356720029842108,4.059528871837034e-05,6,100.0,0.018344506878744473,-1.0
0.08677309604051213,0.0060358743907676805,72,0.8355359269771725,3.4227024433899e-05,6,100.0,0.018534577251835303,-1.0
0.08611943552063571,0.004358895252355271,73,0.8145624841563404,2.8584657955444653e-05,6,100.0,0.02015850065784021,-1.0
0.086609513602323,0.004678152398102813,74,0.8218416830059141,2.367688940315011e-05,6,100.0,0.018731775453144854,-1.0
0.08804499019040829,0.004380777141907149,75,0.8321557810995728,1.951128620040094e-05,6,100.0,0.01863872438669205,-1.0
0.08831044358925687,0.00310127563878066,76,0.8230213068891317,1.6094271405406862e-05,6,100.0,0.020415425070307473,-1.0
0.08801248328139384,0.003046896386270722,77,0.8198180219624192,1.3431113807311488e-05,6,100.0,0.01744969370690259,-1.0
0.08630233413229386,0.004508925524229805,78,0.8175981419626623,1.1525919802101659e-05,6,100.0,0.016631478904323146,-1.0
0.08869761890835232,0.0030738743177304664,79,0.826241445960477,1.0381627060842164e-05,6,100.0,0.0177672657573765,-1.0
0.08476553192465669,0.0032730353996157646,80,0.7926449819933623,1e-05,6,99.9090909090909,0.01921543755314567,-1.0
0.09037348122801632,0.017636583768762648,1,1.080375030869618,0.000999618372939158,7,2.083333338300387,4.794612941741943,-1.0
0.08720593021716923,0.0024952972773462532,2,0.8972976829390973,0.0009984740801978985,7,5.250000009934108,4.446524448394776,-1.0
0.08533479582984001,0.002604065672494471,3,0.8796603418886662,0.0009965688861926887,7,7.333333343267441,4.189480991363525,-1.0
0.08515278592240065,0.0027559100883081554,4,0.8793298539239913,0.0009939057285945933,7,9.41666667163372,4.009928277333578,-1.0
0.08618568696547299,0.003832628927193582,5,0.9004117511212826,0.0009904887137995992,7,9.833333338300386,3.878828531901042,-1.0
0.08531761332415044,0.002721787872724235,6,0.8806303471792489,0.00098632311059685,7,11.00000003973643,3.7361138439178467,-1.0
0.08157688011415302,0.002557634771801531,7,0.8415794691536576,0.0009814153420445555,7,12.583333333333334,3.6181051603953045,-1.0
0.08716389746405184,0.0029195502400398256,8,0.9010802449192852,0.0009757729755661012,7,14.25000003973643,3.5150720977783205,-1.0
0.08580180939752609,0.0032841067062690855,9,0.8911224559415132,0.0009694047112816298,7,16.83333334326744,3.347823766072591,-1.0
0.08739100338425487,0.0038495751097798346,10,0.9131452441215515,0.0009623203685930871,7,18.00000003973643,3.2489104747772215,-1.0
0.0868409393588081,0.00416374234482646,11,0.9103299619164318,0.0009545308710434153,7,20.833333333333332,3.1439920552571614,-1.0
0.08571635237894952,0.004025669302791357,12,0.8977112032007426,0.0009460482294732422,7,24.666666666666668,2.9206517791748046,-1.0
0.08690956872887909,0.0046258238842710854,13,0.9155914820730686,0.0009368855235010348,7,26.416666706403095,2.787440808614095,-1.0
0.08446731970179826,0.0031521548982709644,14,0.8764259531162679,0.0009270568813552758,7,30.583333373069763,2.6288993040720623,-1.0
0.08756362348794937,0.0027251868974417447,15,0.9031326719559729,0.0009165774580897602,7,35.08333337306976,2.4595400015513103,-1.0
0.07273279139772057,0.0025800231145694853,16,0.7533586400095373,0.0009054634122155992,7,36.25000003973643,2.347346906661987,-1.0
0.08279726903419941,0.002746588666923344,17,0.8556783960666507,0.0008937318807859689,7,37.583333333333336,2.2740387884775797,-1.0
0.09543187776580453,0.0037783754291012884,18,0.9923305239062756,0.0008814009529720156,7,43.75,2.0694372049967447,-1.0
0.09253013355191797,0.005565540632233024,19,0.9811887990217656,0.0008684896421706646,7,46.58333341280619,1.9646314271291097,-1.0
0.09570808906573802,0.004173421440646053,20,0.9990505678579211,0.0008550178566873412,7,48.00000007947286,1.8696992762883504,-1.0
0.09636318658012896,0.002697205916047096,21,0.9909048050176352,0.0008410063690388064,7,51.41666682561239,1.7241522979736328,-1.0
0.09497756727505476,0.003839654312469065,22,0.9884721061680466,0.0008264767839234412,7,57.416666666666664,1.589504877726237,-1.0
0.09598671575076878,0.003390523954294622,23,0.9940654770471156,0.000811451504908368,7,58.75000007947286,1.4947918812433878,-1.0
0.09578198923263699,0.0034821145702153443,24,0.9929383429698646,0.0007959536998847743,7,60.58333349227905,1.4205501413345336,-1.0
0.09038359976839275,0.003818241925910115,25,0.9422485220711678,0.0007800072653447032,7,68.00000007947285,1.2092534367243448,-1.0
0.05705167667474598,0.004234825540333986,26,0.6131053830031306,0.0007636367895343947,7,72.58333333333333,1.0312488476435344,-1.0
0.07222722726874053,0.004215509234927595,27,0.7646590720396489,0.0007468675145409928,7,76.66666682561238,0.9440946626663208,-1.0
0.06197858327068388,0.0026285538217052816,28,0.6463030290324241,0.0007297252973710758,7,79.25,0.8767525657018026,-1.0
0.0353204662213102,0.0038687595864757896,29,0.3921380159445107,0.0007122365700810271,7,81.41666674613953,0.7572790582974752,-1.0
0.07507364794146269,0.002968802768737078,30,0.780758366920054,0.0006944282990207196,7,87.25000015894572,0.6380454071362813,-1.0
0.09336963915266097,0.0035314300563186406,31,0.9693457339890301,0.0006763279432533592,7,88.16666682561238,0.5734572227795919,-1.0
0.09209217196330428,0.0029423641273751853,32,0.9506097079720348,0.0006579634122155992,7,88.91666674613953,0.5278972593943277,-1.0
0.09607314055319875,0.004380100150592625,33,1.0047840038314462,0.000639363022683212,7,90.58333349227905,0.46846811334292093,-1.0
0.09713649696204811,0.0031853394350036977,34,1.0034981239587069,0.0006205554551086735,7,90.25,0.45118024508158366,-1.0
0.09767739952076226,0.002616193378344178,35,1.003175366902724,0.0006015697093979838,7,91.3333334128062,0.4162134544054667,-1.0
0.09643646909389644,0.0031568067148327827,36,0.9961708940099925,0.0005824350601949146,7,93.66666682561238,0.3334110728899638,-1.0
0.09648456098511815,0.002589408028870821,37,0.9910059999674559,0.0005631810117416299,7,95.3333334128062,0.2997185019652049,-1.0
0.07511422201059759,0.0033184665720909835,38,0.7845748979598284,0.0005438372523852835,7,95.75,0.26757550398508706,-1.0
0.055460838391445576,0.0038547875126823785,39,0.5938879661262035,0.0005244336088007391,7,96.75,0.22528372565905253,-1.0
0.07649652420077473,0.004402144206687808,40,0.8092264630831778,0.0005050000000000001,7,97.08333349227905,0.20305986563364664,-1.0
0.05784277522470802,0.0043881600722670555,41,0.6225598668679595,0.0004855663911992613,7,97.75000015894572,0.18200565656026205,-1.0
0.05930552629288286,0.002829973818734288,42,0.6215964420698583,0.00046616274761471693,7,98.25,0.1578887075185776,-1.0
0.059675995446741584,0.0046227048616856335,43,0.643301434116438,0.00044681898825837057,7,98.16666682561238,0.13922893802324932,-1.0
0.08546916332561523,0.0037293523782864213,44,0.8922788880299777,0.000427564939805086,7,97.41666674613953,0.15389848073323567,-1.0
0.08592339344322682,0.0025215104455128313,45,0.8847561590373516,0.00040843029060201667,7,98.33333333333333,0.14051111439863842,-1.0
0.08301059259101748,0.004324882198125124,46,0.8736467950511724,0.000389444544891327,7,99.08333333333333,0.10575921217600505,-1.0
0.0873884528176859,0.005106204492039979,47,0.9252031368669122,0.0003706369773167883,7,98.91666666666667,0.09582045326630274,-1.0
0.0857336885528639,0.004218295449391007,48,0.8997790678404272,0.0003520365877844012,7,99.16666666666667,0.08676003774007161,-1.0
0.08525302971247584,0.004209599597379566,49,0.8948683859780431,0.0003336720567466412,7,99.58333333333333,0.06528906191388766,-1.0
0.08536060655023903,0.004299656650982797,50,0.8968465370126069,0.0003155717009792807,7,99.8333334128062,0.05501538862784704,-1.0
0.0821216590469703,0.004017474455758929,51,0.8617240940220654,0.00029776342991897335,7,99.75,0.05134944394230843,-1.0
0.0869256489444524,0.0033143726643174885,52,0.9027418179903179,0.00028027470262892445,7,99.75,0.051341331501801805,-1.0
0.08579898399766535,0.004520264198072254,53,0.9034844990819693,0.0002631324854590073,7,99.83333333333333,0.0407861157755057,-1.0
0.08704871728550642,0.0028949977131560445,54,0.8997244311030954,0.0002463632104656054,7,99.91666666666667,0.045127559552590055,-1.0
0.0885338045656681,0.0027848358266055586,55,0.9135633290279657,0.0002299927346552969,7,100.0,0.03671311636765798,-1.0
0.08617197261191904,0.0029905691044405103,56,0.8919587458949536,0.00021404630011522587,7,100.0,0.034195277094841006,-1.0
0.0842903439886868,0.004504580399952829,57,0.8882495339494199,0.00019854849509163232,7,99.91666666666667,0.034843650708595915,-1.0
0.08381090790499002,0.0031544821802526714,58,0.8699547520373017,0.00018352321607655918,7,99.91666666666667,0.03356610531608264,-1.0
0.0859414340928197,0.004648879612796008,59,0.9062029069755226,0.00016899363096119395,7,99.91666666666667,0.030212482412656148,-1.0
0.08665000200271607,0.0028118471847847102,60,0.8949046907946467,0.000154982143312659,7,99.91666666666667,0.031674441744883854,-1.0
0.08584452825598418,0.0046129209455102686,61,0.9048607910517603,0.0001415103578293356,7,100.0,0.031052905867497125,-1.0
0.08462355409283191,0.004327973700128496,62,0.8898142969701439,0.0001285990470279847,7,99.91666666666667,0.031900991102059684,-1.0
0.08003059788607061,0.004417711403220892,63,0.8447669288143516,0.0001162681192140312,7,99.91666674613953,0.029343231320381163,-1.0
0.08375868764705956,0.004603206971660256,64,0.8839138369075954,0.00010453658778440107,7,99.91666666666667,0.029501870920260746,-1.0
0.08808391159400344,0.0043711465084925296,65,0.9247821581084281,9.342254191024022e-05,7,99.91666666666667,0.029258089909950893,-1.0
0.08924102855380625,0.004537451826035976,66,0.938026576070115,8.294311864472437e-05,7,100.0,0.02394392465551694,-1.0
0.0848812380572781,0.004609801154583692,67,0.8951548179611564,7.311447649896551e-05,7,99.91666666666667,0.028764358659585317,-1.0
0.08641628865152598,0.0025436823489144444,68,0.8898474709130824,6.395177052675794e-05,7,100.0,0.02523410941163699,-1.0
0.08629642161540688,0.004085221979767084,69,0.9045991189777851,5.546912895658472e-05,7,100.0,0.023954238345225653,-1.0
0.08659962352830916,0.002692372561432421,70,0.8931634349282831,4.767963140691306e-05,7,100.0,0.024824181770284972,-1.0
0.0861783713568002,0.00280665154568851,71,0.8901422761846334,4.059528871837034e-05,7,100.0,0.023289988214770952,-1.0
0.08539937741588802,0.0030081204837188124,72,0.8843644729349762,3.4227024433899e-05,7,100.0,0.020970573673645656,-1.0
0.08521636198274792,0.002801847318187356,73,0.8804775848984718,2.8584657955444653e-05,7,100.0,0.02245525355140368,-1.0
0.08250165989156813,0.003243169002234936,74,0.8577794840093702,2.367688940315011e-05,7,100.0,0.023346056764324507,-1.0
0.08726006040815264,0.003232622891664505,75,0.9051992520689964,1.951128620040094e-05,7,99.91666666666667,0.02280006562670072,-1.0
0.08810959849506617,0.0038701534038409592,76,0.9200508389621973,1.6094271405406862e-05,7,100.0,0.02369180555144946,-1.0
0.08495170345995576,0.0025889140320941805,77,0.8756812470965087,1.3431113807311488e-05,7,100.0,0.020880105346441268,-1.0
0.08665521533694118,0.004157455870881677,78,0.9083643881604075,1.1525919802101659e-05,7,100.0,0.02009184258679549,-1.0
0.08956306998152286,0.00269938581623137,79,0.9228561851195991,1.0381627060842164e-05,7,99.91666666666667,0.02547132156789303,-1.0
0.08607320059090853,0.0027743218932300808,80,0.888744086958468,1e-05,7,100.0,0.023533191432555518,-1.0
0.09152911563234573,0.018778982910920273,1,1.2137223340105265,0.000999618372939158,8,2.6153846153846154,4.75026601938101,-1.0
0.08222480270672929,0.003710964461788535,2,0.9456175740342587,0.0009984740801978985,8,3.923076923076923,4.447796347691463,-1.0
0.08466343926689164,0.0036267570897259497,3,0.9714914688374847,0.0009965688861926887,8,6.5384615407540245,4.225317195012019,-1.0
0.08647873297079721,0.00267740730619566,4,0.9809618489816785,0.0009939057285945933,8,8.000000002292486,4.049518101031964,-1.0
0.08515511523000896,0.002394803947853771,5,0.9633071580901742,0.0009904887137995992,8,8.769230770377012,3.9326813228313737,-1.0
0.08638545193455437,0.0025437366937033153,6,0.9784566790331155,0.00098632311059685,8,9.153846154992397,3.8202397735302265,-1.0
0.08557383076880466,0.0024959405841813846,7,0.9690208958927542,0.0009814153420445555,8,12.15384615613864,3.6903245412386383,-1.0
0.08776249057105319,0.0038632397878576408,8,1.008111865958199,0.0009757729755661012,8,12.30769231227728,3.601207087590144,-1.0
0.08766326706179163,0.0025770949326794257,9,0.9928838619962335,0.0009694047112816298,8,15.538461539607782,3.4672797085688662,-1.0
0.08618226933123713,0.00370165093971247,10,0.9889788660220802,0.0009623203685930871,8,17.692307694600178,3.367990322113037,-1.0
0.0851948009592227,0.003502540777183392,11,0.9759221060667187,0.0009545308710434153,8,15.538461538461538,3.3727305243565486,-1.0
0.08354861617342314,0.004069634459235452,12,0.9640518731903285,0.0009460482294732422,8,20.538461540754025,3.212777687219473,-1.0
0.08680333078584888,0.002357035219161348,13,0.9810108069796115,0.0009368855235010348,8,21.769230778400715,3.1107404019282416,-1.0
0.08471421353434297,0.00401919690722769,14,0.9763005138374865,0.0009270568813552758,8,22.538461543046513,2.9947228776491603,-1.0
0.06184654528359798,0.0037724245339632034,15,0.7220464430283755,0.0009165774580897602,8,25.923076927661896,2.8785044031876783,-1.0
0.09384717843071981,0.0033440978520295835,16,1.0693542428780347,0.0009054634122155992,8,26.923076927661896,2.802892830188458,-1.0
0.09636345092969184,0.002473051617430015,17,1.0874325840268284,0.0008937318807859689,8,28.46153847070841,2.705881935266348,-1.0
0.09268407544798472,0.003571720920841802,18,1.0590523681603372,0.0008814009529720156,8,29.615384615384617,2.607112707724938,-1.0
0.09527326284230432,0.0029775021513077345,19,1.081001488957554,0.0008684896421706646,8,32.8461538369839,2.520667139200064,-1.0
0.09434865131466226,0.003418529490855607,20,1.0756750931032002,0.0008550178566873412,8,34.84615384615385,2.3712083317683295,-1.0
0.09600168119438669,0.002975518180226738,21,1.0889914561994374,0.0008410063690388064,8,37.76923076923077,2.2813991832733156,-1.0
0.0950508530209349,0.003929700977592306,22,1.0890212960075587,0.0008264767839234412,8,37.92307692307692,2.2452909484276407,-1.0
0.09044571881267158,0.0024122922808270564,23,1.0216721128672361,0.000811451504908368,8,40.15384615843113,2.1387371114584117,-1.0
0.05603635173544965,0.003317280545492064,24,0.6531224141363055,0.0007959536998847743,8,45.461538452368515,1.999739343203031,-1.0
0.07274054033173756,0.005774095040661367,25,0.8639999669976532,0.0007800072653447032,8,47.6153846337245,1.8887867487393892,-1.0
0.05818975308317353,0.0038405748253518886,26,0.6825658050365746,0.0007636367895343947,8,50.846153864493736,1.7882267511807954,-1.0
0.056562201331623575,0.003955961310897361,27,0.6659333382267505,0.0007468675145409928,8,54.461538489048294,1.62823429951301,-1.0
0.07886188875206492,0.00268215971829539,28,0.8972331949044019,0.0007297252973710758,8,58.76923076006082,1.512740677686838,-1.0
0.08033748203888535,0.0036597071342508902,29,0.9242074671201408,0.0007122365700810271,8,59.8461538369839,1.4550909438500037,-1.0
0.08399820596572351,0.0040352171159942045,30,0.9686126208398491,0.0006944282990207196,8,61.461538489048294,1.3919134418780987,-1.0
0.08573039337484674,0.003998757911507379,31,0.9872649000026286,0.0006763279432533592,8,64.23076924910912,1.2958820045911348,-1.0
0.08563952590338886,0.004380634922364896,32,0.9905305120628327,0.0006579634122155992,8,65.15384615384616,1.276403526893029,-1.0
0.08598777689886364,0.002448539101434025,33,0.97310750791803,0.000639363022683212,8,69.00000003667978,1.1339555887075572,-1.0
0.06954111326062544,0.0029856952076608486,34,0.7981126289814711,0.0006205554551086735,8,75.23076924910912,0.9931286745805007,-1.0
0.09254111878743226,0.002453994852575389,35,1.0452321579214185,0.0006015697093979838,8,74.07692307692308,0.9992683821458083,-1.0
0.09451548833484677,0.0028518491255288773,36,1.0712800410110503,0.0005824350601949146,8,78.76923076923077,0.861024903517503,-1.0
0.09162034198049117,0.004070755030790513,37,1.0528416358865798,0.0005631810117416299,8,78.46153846153847,0.8591745985471285,-1.0
0.09476966139945117,0.005368412239477038,38,1.101757706841454,0.0005438372523852835,8,81.15384617218605,0.8150244661477896,-1.0
0.09726578983562914,0.002707276980138638,39,1.099945027846843,0.0005244336088007391,8,82.15384615384616,0.7430870410112235,-1.0
0.09509187985465607,0.0027465596795082092,40,1.0764591491315514,0.0005050000000000001,8,87.15384615384616,0.6090853120730474,-1.0
0.09530238430439071,0.0023928394287147307,41,1.074892187025398,0.0004855663911992613,8,86.00000005501967,0.6060462397795457,-1.0
0.08698347208767453,0.00409192189743573,42,1.0020741210319102,0.00046616274761471693,8,88.230769267449,0.54768825842784,-1.0
0.05760057844136926,0.002745438917455348,43,0.6640462710056454,0.00044681898825837057,8,89.9230769597567,0.5044725032953116,-1.0
0.06746865648098967,0.003318699521266601,44,0.7789151470642537,0.000427564939805086,8,91.07692305858319,0.43386941763070913,-1.0
0.06296919444999234,0.0022686742754145102,45,0.7178661311045289,0.00040843029060201667,8,93.15384620886583,0.4077176783635066,-1.0
0.058814461723985995,0.002943428275598721,46,0.6796044709626585,0.000389444544891327,8,91.38461540295528,0.4587881763164814,-1.0
0.06192471173761243,0.0034792848058383574,47,0.7197074869181961,0.0003706369773167883,8,92.46153847987836,0.4035274648666382,-1.0
0.0839890190188519,0.0028617147948931565,48,0.9555965699255466,0.0003520365877844012,8,94.46153849821825,0.3555881823026217,-1.0
0.08652815747667443,0.0036565722601318903,49,0.9923284410033375,0.0003336720567466412,8,95.3076923260322,0.3208117118248573,-1.0
0.08869879800741645,0.004820989169688387,50,1.0289780690800399,0.0003155717009792807,8,95.9230769597567,0.288214766062223,-1.0
0.08865227275104685,0.00405680024149743,51,1.0200649900361896,0.00029776342991897335,8,96.00000001833989,0.26824125583355246,-1.0
0.08936450808224353,0.0032170489218763328,52,1.0187671920284629,0.00028027470262892445,8,96.46153849821825,0.24446940917235155,-1.0
0.08807862340472639,0.0032746181399984794,53,1.0052123458590358,0.0002631324854590073,8,97.38461543963506,0.23266991670315082,-1.0
0.08875548509372906,0.004149980546737259,54,1.0222033159807324,0.0002463632104656054,8,98.0,0.19523704464618977,-1.0
0.08929224517619745,0.005550256549296054,55,1.0435040229931474,0.0002299927346552969,8,98.23076924910912,0.18454765338164109,-1.0
0.0880325654394586,0.004178175850856033,56,1.0145814281422645,0.00021404630011522587,8,98.00000005501967,0.19596261684711164,-1.0
0.08647977099330588,0.003265712113881653,57,0.9875174800399691,0.00019854849509163232,8,98.92307697809659,0.16202246849353497,-1.0
0.08780741109512746,0.002403316278518601,58,0.9926118110306561,0.00018352321607655918,8,98.69230774732736,0.16196882321284367,-1.0
0.08641488445838066,0.0023786151908676734,59,0.97704564104788,0.00016899363096119395,8,98.76923075089088,0.1465129970587217,-1.0
0.08231929319233379,0.0024144789838994093,60,0.9323859850410372,0.000154982143312659,8,99.46153844319858,0.12102209467154283,-1.0
0.08696085712025789,0.002636787142943252,61,0.9858608359936625,0.0001415103578293356,8,98.46153851655814,0.13414891206301174,-1.0
0.0868907247627662,0.004277081334624778,62,1.0031297020614147,0.0001285990470279847,8,98.38461542129517,0.13327366938957802,-1.0
0.0858638074291362,0.0030068887651643968,63,0.9778698461595923,0.0001162681192140312,8,98.76923082425044,0.134923509817857,-1.0
0.08853380936621265,0.0022843895395371046,64,0.9992340088356286,0.00010453658778440107,8,99.23076923076923,0.11894715098234324,-1.0
0.08728546024808152,0.002358912109312686,65,0.9863283969461918,9.342254191024022e-05,8,99.23076921242934,0.11029458211018489,-1.0
0.08653736345215955,0.0037406272762878375,66,0.9933476019650698,8.294311864472437e-05,8,99.46153849821825,0.10443349774067219,-1.0
0.08778990400870415,0.0024630663577805867,67,0.9930232339538634,7.311447649896551e-05,8,99.84615384615384,0.093516645523218,-1.0
0.08672067415053872,0.003367580028928139,68,0.9912028629332781,6.395177052675794e-05,8,99.46153846153847,0.09957442829242119,-1.0
0.08620600643652407,0.0027828208509493957,69,0.9791114020626992,5.546912895658472e-05,8,99.76923075089088,0.09327710674359248,-1.0
0.0870810835622251,0.0025338307234712624,70,0.9860085740219802,4.767963140691306e-05,8,99.84615384615384,0.08579148741868826,-1.0
0.08725470253689722,0.002932117743925615,71,0.9923221019562334,4.059528871837034e-05,8,99.6923076923077,0.08795684919907497,-1.0
0.08537169004028494,0.004408084512264891,72,0.9878122629597783,3.4227024433899e-05,8,99.61538461538461,0.08624765914220077,-1.0
0.085414055142213,0.002745259024033492,73,0.9700084400828928,2.8584657955444653e-05,8,99.92307692307692,0.07465282486035274,-1.0
0.0888244653628631,0.0024724785365502944,74,1.004509347025305,2.367688940315011e-05,8,99.69230774732736,0.08365534287232619,-1.0
0.08754314602860673,0.004176367243582552,75,1.0091626879293472,1.951128620040094e-05,8,99.76923075089088,0.07508976138555086,-1.0
0.0877504817167805,0.002444778082214973,76,0.9924043219070882,1.6094271405406862e-05,8,99.76923082425044,0.07975676995057326,-1.0
0.08661915736526928,0.0036925076380033383,77,0.9937292959075421,1.3431113807311488e-05,8,99.92307692307692,0.07605294612737802,-1.0
0.0887946996160529,0.00524910120293498,78,1.0347198771778494,1.1525919802101659e-05,8,99.84615382781395,0.07604548711043138,-1.0
0.08658286778848957,0.002270975848659873,79,0.9776380679104477,1.0381627060842164e-05,8,99.84615384615384,0.0719448493535702,-1.0
0.08724731890569357,0.0028266956479373303,80,0.9910828219726682,1e-05,8,99.76923075089088,0.0749795992557819,-1.0
0.09470301783982325,0.020976519148627467,1,1.2727978909388185,0.000999618372939158,9,2.3571428763014928,4.754192951747349,-1.0
0.09130966318347915,0.0040901619094339285,2,1.0496829231269658,0.0009984740801978985,9,3.8571428677865436,4.4303205135890416,-1.0
0.09095825868743387,0.0029807590498504314,3,1.0335885549429804,0.0009965688861926887,9,6.785714296357972,4.169375700269427,-1.0
0.08944430710239844,0.003936296455900778,4,1.0274375551380217,0.0009939057285945933,9,7.785714319774082,4.019108597891671,-1.0
0.09086578205989843,0.004507613579996608,5,1.0493523990735412,0.0009904887137995992,9,8.714285790920258,3.87996853692191,-1.0
0.08942134200002659,0.0024089498064396057,6,1.010376303922385,0.00098632311059685,9,12.5,3.7261561271122523,-1.0
0.09151367982849479,0.002339385449886322,7,1.0326247001066804,0.0009814153420445555,9,13.428571496691022,3.594147618157523,-1.0
0.0893282988532023,0.004798095779154788,8,1.0356349169742316,0.0009757729755661012,9,16.928571505205973,3.4208605207715714,-1.0
0.08887863557108423,0.0037894363472746177,9,1.0195900620892644,0.0009694047112816298,9,18.71428578240531,3.3233786024366108,-1.0
0.08923408992334524,0.0034380104519765487,10,1.019649107940495,0.0009623203685930871,9,19.71428585903985,3.201164136614118,-1.0
0.08971258468756621,0.0035748875869268722,11,1.0264174779877067,0.0009545308710434153,9,23.50000008514949,3.0646521609170096,-1.0
0.09023187087256122,0.0026023611426353455,12,1.02149454690516,0.0009460482294732422,9,26.071428656578064,2.8598228413718085,-1.0
0.0902243226300925,0.00436865544708615,13,1.0407601438928396,0.0009368855235010348,9,30.7142858845847,2.6745099925994875,-1.0
0.06715879110958088,0.0023568397049199452,14,0.7649025139398873,0.0009270568813552758,9,30.571428571428573,2.5708108493259973,-1.0
0.09775208470157602,0.003189580303362825,15,1.1106213692110032,0.0009165774580897602,9,37.92857163293021,2.3689454664502825,-1.0
0.10073433206839995,0.0035165355710143394,16,1.1470126539934427,0.0009054634122155992,9,40.57142863954817,2.211869675772531,-1.0
0.09632522995922375,0.0025661423040384598,17,1.0880504029337317,0.0008937318807859689,9,43.571428707667756,2.089387615748814,-1.0
0.10136617563495581,0.0038056031758473678,18,1.1571422659326345,0.0008814009529720156,9,47.42857142857143,1.910853715624128,-1.0
0.10129977388053456,0.0026789889459244228,19,1.144036676036194,0.0008684896421706646,9,51.28571460928236,1.7563785437175206,-1.0
0.10188555321656168,0.0025929555042900824,20,1.1495121270418167,0.0008550178566873412,9,56.07142867360796,1.6021798964909144,-1.0
0.10171301908452403,0.0036977580113505774,21,1.1597598290536553,0.0008410063690388064,9,59.92857183728899,1.4917888055528914,-1.0
0.08307362150993537,0.00407430959272791,22,0.9588631850201637,0.0008264767839234412,9,66.57142867360797,1.336523357800075,-1.0
0.059501613532616335,0.002468291013924913,23,0.6819049641489983,0.000811451504908368,9,67.85714329992022,1.2416813264574322,-1.0
0.07545302651653235,0.003334586381573569,24,0.8669091099873185,0.0007959536998847743,9,72.57142911638532,1.051841822351728,-1.0
0.06286072813567113,0.0024243099403313613,25,0.7183748269453645,0.0007800072653447032,9,74.71428612300328,0.9828184516089303,-1.0
0.061114444376223466,0.0033686509863896804,26,0.7095532279927284,0.0007636367895343947,9,79.35714319774083,0.8511887342589242,-1.0
0.07116433815099299,0.002426100683144548,27,0.8097318820655346,0.0007468675145409928,9,79.50000017029899,0.8353513659749712,-1.0
0.0860977028073235,0.003938254646279595,28,0.9906838838942349,0.0007297252973710758,9,85.50000017029899,0.659876572404589,-1.0
0.08784445000558415,0.0037687696220183916,29,1.00798299186863,0.0007122365700810271,9,85.00000030653817,0.6266182569095067,-1.0
0.09117428816600957,0.0024347153746268964,30,1.0299527179449797,0.0006944282990207196,9,89.07142874172756,0.5217845153808593,-1.0
0.09001279738731682,0.002424120522019538,31,1.017057122895494,0.0006763279432533592,9,90.4285717351096,0.44044098121779307,-1.0
0.0886679413432086,0.0030945567414164543,32,1.0096277091652155,0.0006579634122155992,9,93.71428602082389,0.3661486382143838,-1.0
0.09179701783101667,0.004769379802217538,33,1.0625070680398494,0.000639363022683212,9,96.28571469443185,0.28836130159241813,-1.0
0.09199291283518753,0.004094303881918842,34,1.057220945134759,0.0006205554551086735,9,97.1428575515747,0.2217246047088078,-1.0
0.08954852559095756,0.0027823297687890854,35,1.0159180059563369,0.0006015697093979838,9,97.21428629330227,0.19188316736902508,-1.0
0.08793830346654762,0.003501164261251688,36,1.0060713598504663,0.0005824350601949146,9,98.50000064713615,0.16066582705293384,-1.0
0.10005208943039179,0.002248916012996977,37,1.125551780918613,0.0005631810117416299,9,98.07142921856472,0.1497987002985818,-1.0
0.09770048665814102,0.003854264970868826,38,1.117394776083529,0.0005438372523852835,9,98.21428629330227,0.1324688735604286,-1.0
0.10071576875634491,0.002380667973987081,39,1.1343459910713136,0.0005244336088007391,9,99.00000057901654,0.1171465745142528,-1.0
0.10051761159080673,0.0038230482234873557,40,1.1480051348917186,0.0005050000000000001,9,98.78571493285042,0.10916705821241651,-1.0
0.1016342406034131,0.00390137120319361,41,1.1611507781781256,0.0004855663911992613,9,99.00000057901654,0.10598624523196902,-1.0
0.10126565193588083,0.0033699884079396725,42,1.15125617897138,0.00046616274761471693,9,98.92857200758797,0.08761314758232662,-1.0
0.0947542837609283,0.005922332511876117,43,1.1076902898494154,0.00044681898825837057,9,99.28571428571429,0.07897037616797856,-1.0
0.0613245044792579,0.0047709010753103276,44,0.7272742490749806,0.000427564939805086,9,99.28571428571429,0.0668264217887606,-1.0
0.07933001425540583,0.00482291374778883,45,0.9259150959551334,0.00040843029060201667,9,99.21428636142186,0.06235486162560327,-1.0
0.061161134984682904,0.0037104021122848444,46,0.7138239729683846,0.000389444544891327,9,99.50000064713615,0.05889381672654833,-1.0
0.06149897381493991,0.0026518887289884415,47,0.7058931088540703,0.0003706369773167883,9,99.71428629330227,0.04954918278115136,-1.0
0.08452213517474857,0.0031675242776559157,48,0.9648380510043353,0.0003520365877844012,9,100.0,0.042817605286836626,-1.0
0.08755272127349269,0.0025500226342542605,49,0.991372506134212,0.0003336720567466412,9,99.92857142857143,0.0340590563416481,-1.0
0.08737590259195051,0.00412283812395551,50,1.0067323381081223,0.0003155717009792807,9,99.92857142857143,0.032394530368702754,-1.0
0.09118106652220542,0.0046568818348036575,51,1.054476812016219,0.00029776342991897335,9,99.92857142857143,0.02963837668299675,-1.0
0.09106890008446168,0.0028456662654538045,52,1.0333150320220739,0.00028027470262892445,9,99.85714285714286,0.029731624467032296,-1.0
0.09063673601485789,0.0036685900678011503,53,1.0376232941634953,0.0002631324854590073,9,99.92857142857143,0.02733805846955095,-1.0
0.09116699595258317,0.003532923969694159,54,1.0419433449860662,0.0002463632104656054,9,99.92857142857143,0.024294262932879583,-1.0
0.09046874828213318,0.0033403448125516825,55,1.0321460030972958,0.0002299927346552969,9,100.0,0.02403519912489823,-1.0
0.09233059952120212,0.0033481010362844577,56,1.052727066911757,0.00021404630011522587,9,99.92857142857143,0.02223091227667672,-1.0
0.0924996526022865,0.003601278495890173,57,1.0573864858597517,0.00019854849509163232,9,100.0,0.021473686737673622,-1.0
0.09045446170917289,0.003878411032598127,58,1.0379079792182893,0.00018352321607655918,9,100.0,0.020984788654106003,-1.0
0.09064875892363489,0.0024365443439984865,59,1.0242697710637003,0.00016899363096119395,9,99.85714285714286,0.02236334220639297,-1.0
0.09208204192956063,0.0036591458007354627,60,1.0534963000100106,0.000154982143312659,9,100.0,0.017826017556445937,-1.0
0.09117044912735847,0.0025710914156992326,61,1.031400552019477,0.0001415103578293356,9,99.92857142857143,0.019863673182470457,-1.0
0.09046426557258448,0.0024669470731168985,62,1.0224871938116848,0.0001285990470279847,9,99.92857142857143,0.01912858482982431,-1.0
0.09181631475009701,0.004202212439849973,63,1.0564797020051628,0.0001162681192140312,9,100.0,0.017752353591578347,-1.0
0.09222658713009547,0.003806772049177777,64,1.0566200001630932,0.00010453658778440107,9,100.0,0.017167340527687754,-1.0
0.09043632938780567,0.0026552492371675644,65,1.0242487560026348,9.342254191024022e-05,9,100.0,0.01879729411431721,-1.0
0.08835063512775708,0.0023423849647356706,66,0.9978818690869957,8.294311864472437e-05,9,100.0,0.015849583521485328,-1.0
0.09154411496340552,0.0023337585682218723,67,1.0329048610292375,7.311447649896551e-05,9,100.0,0.01667163769581488,-1.0
0.09102184793234548,0.0037045256996696644,68,1.042237841989845,6.395177052675794e-05,9,100.0,0.017388622175369944,-1.0
0.09160374754785815,0.0033420948100022292,69,1.0446424421388656,5.546912895658472e-05,9,100.0,0.016790809791002954,-1.0
0.09105042935433713,0.0022863546513359656,70,1.026967397890985,4.767963140691306e-05,9,100.0,0.016649057939648628,-1.0
0.09092706609094008,0.003406443823636933,71,1.037928048055619,4.059528871837034e-05,9,100.0,0.01675982093172414,-1.0
0.09151009453291242,0.0037511278113180942,72,1.0481305308640003,3.4227024433899e-05,9,100.0,0.016894310329641615,-1.0
0.09145430735820397,0.003074532819234512,73,1.0400980829726905,2.8584657955444653e-05,9,100.0,0.01691357524267265,-1.0
0.0913841958496381,0.002752889963713559,74,1.035795986186713,2.367688940315011e-05,9,100.0,0.015072935952671937,-1.0
0.0915709037587724,0.002244201340627941,75,1.0322164699900895,1.951128620040094e-05,9,99.92857142857143,0.016095027391399657,-1.0
0.09028519891117784,0.0037881409834054384,76,1.0350669079925865,1.6094271405406862e-05,9,100.0,0.0157644593502794,-1.0
0.09103263398124413,0.0036619983782822437,77,1.0418982019182295,1.3431113807311488e-05,9,100.0,0.014356185059462274,-1.0
0.09105557275258681,0.003492567243731835,78,1.0402959790080786,1.1525919802101659e-05,9,100.0,0.015586886544312749,-1.0
0.08858663762326945,0.0024596199139275336,79,1.0017831439618021,1.0381627060842164e-05,9,100.0,0.01688600966972964,-1.0
0.09119222425347702,0.0023090522947975182,80,1.0287514179944992,1e-05,9,100.0,0.01305989215948752,-1.0
0.09536324691725895,0.01567954816467439,1,1.3328401800245047,0.000999618372939158,10,1.66666666790843,4.704895539601644,-1.0
0.09101025073323399,0.0033363570109941065,2,1.1325087461154908,0.0009984740801978985,10,3.5999999940395355,4.4614976844787595,-1.0
0.09018510832296063,0.0032860867601508894,3,1.1220205498393625,0.0009965688861926887,10,5.600000009934107,4.286098139444987,-1.0
0.08959518367191777,0.003435926919337362,4,1.1166285790968686,0.0009939057285945933,10,6.533333331346512,4.135124279022217,-1.0
0.08974117814796045,0.003366342435280482,5,1.1175308071542531,0.0009904887137995992,10,7.799999994039536,4.031917645772298,-1.0
0.08983448489258687,0.0035075301032823822,6,1.120350510114804,0.00098632311059685,10,9.466666692495346,3.893106606801351,-1.0
0.090196730743628,0.0039076512718262775,7,1.129496951121837,0.0009814153420445555,10,10.933333341280619,3.7570603783925374,-1.0
0.08968623403537397,0.0038749472975420454,8,1.1229915509466082,0.0009757729755661012,10,12.666666690508524,3.5897300580342613,-1.0
0.08984962683947136,0.00415107774703453,9,1.1282574681099504,0.0009694047112816298,10,14.733333325386047,3.4823049278259277,-1.0
0.09022582207884018,0.002909805412249019,10,1.1178668790962547,0.0009623203685930871,10,16.933333353201547,3.3424940541585286,-1.0
0.08986754748426999,0.003253883507568389,11,1.11770228901878,0.0009545308710434153,10,19.800000031789143,3.179968609491984,-1.0
0.0905824017439348,0.0022814306042467556,12,1.1146055071149021,0.0009460482294732422,10,22.13333339691162,3.01117081006368,-1.0
0.09020921844057739,0.003342195472214371,13,1.1228784690611064,0.0009368855235010348,10,23.86666665474574,2.900257941563924,-1.0
0.07335284497821704,0.0020852331072092056,14,0.9054938519839197,0.0009270568813552758,10,27.66666661898295,2.7548322366078692,-1.0
0.09979900191926087,0.00459162916134422,15,1.2529258800204843,0.0009165774580897602,10,31.866666706403098,2.5619481404622397,-1.0
0.09611009094320859,0.004079391558965047,16,1.2025143208447844,0.0009054634122155992,10,33.533333293596904,2.4589151032765706,-1.0
0.10044134606141597,0.0023071851076868675,17,1.2332277020905167,0.0008937318807859689,10,34.866666706403095,2.3506263326009114,-1.0
0.10075731133110821,0.002175300420882801,18,1.235486482968554,0.0008814009529720156,10,39.40000001589457,2.2177147566477458,-1.0
0.09981268324190751,0.0024128221751501164,19,1.2270458040293306,0.0008684896421706646,10,43.46666677792867,2.0663456535339355,-1.0
0.10163657710654661,0.0031539242287787297,20,1.2577696801163256,0.0008550178566873412,10,45.86666674613953,1.9552660566965738,-1.0
0.08125915364750351,0.0034316496069853506,21,1.016524411039427,0.0008410063690388064,10,52.066666642824806,1.7706931196848552,-1.0
0.06038080479872102,0.003210804696815709,22,0.7633293278049678,0.0008264767839234412,10,54.66666669845581,1.6220535872777304,-1.0
0.07668050960637629,0.0027530913163597384,23,0.9534354188945144,0.000811451504908368,10,60.66666655540466,1.4765616362889609,-1.0
0.062200488503246255,0.0021366894943639636,24,0.7722888090647757,0.0007959536998847743,10,65.06666679382325,1.3278726682662965,-1.0
0.06538186526934926,0.0021224391336242356,25,0.8102989830076694,0.0007800072653447032,10,69.13333344459534,1.1762712723414104,-1.0
0.08490278946313386,0.0024258666283761463,26,1.0481792960781604,0.0007636367895343947,10,71.5333335240682,1.1066314589182535,-1.0
0.09015704086050391,0.0023334132274612784,27,1.1101315580308437,0.0007468675145409928,10,73.13333350817362,1.0116216259002686,-1.0
0.0921250762573133,0.0031771809056711695,28,1.143879113951698,0.0007297252973710758,10,74.000000111262,0.9929856624603272,-1.0
0.09097499157845353,0.0028193354955874383,29,1.1257854448631406,0.0007122365700810271,10,78.13333334922791,0.8659255100886027,-1.0
0.09061421195898826,0.0031419352162629366,30,1.1254006249364465,0.0006944282990207196,10,83.33333326975504,0.706030420144399,-1.0
0.09112734782199065,0.003088360089653482,31,1.1308808329049498,0.0006763279432533592,10,83.26666663487752,0.6789256272315979,-1.0
0.09096126217627898,0.003057277741997192,32,1.12848288891837,0.0006579634122155992,10,86.53333350817363,0.585338997999827,-1.0
0.09041050340359409,0.002759948178815345,33,1.1183147828560323,0.000639363022683212,10,89.60000019073486,0.476860186735789,-1.0
0.09003441301562513,0.005400866483493398,34,1.145484324079007,0.0006205554551086735,10,90.26666684150696,0.42370228735605875,-1.0
0.09053238147559266,0.0035891829368968806,35,1.1297276460099965,0.0006015697093979838,10,94.20000015894571,0.3451427628993988,-1.0
0.09034747087086241,0.0032904037119199834,36,1.1239095469936728,0.0005824350601949146,10,95.93333339691162,0.27041204158465065,-1.0
0.09194235008908436,0.0040033951712151366,37,1.1516091721132398,0.0005631810117416299,10,96.33333338101706,0.24062295818328858,-1.0
0.07982804915324475,0.002351234278952082,38,0.986382347997278,0.0005438372523852835,10,96.86666671435039,0.22255538670221964,-1.0
0.09300916290764387,0.0037716354127041996,39,1.161624661879614,0.0005244336088007391,10,97.40000001589458,0.2010286090771357,-1.0
0.09941273634710039,0.0035465095619050166,40,1.2357490579597652,0.0005050000000000001,10,98.5333333492279,0.1553877910375595,-1.0
0.09550533212798958,0.003224608371965587,41,1.1850300221703947,0.0004855663911992613,10,97.53333338101704,0.1666623010635376,-1.0
0.09943872977358599,0.002599610132165253,42,1.2248129879590124,0.00046616274761471693,10,98.6,0.1269281986951828,-1.0
0.10044098909323414,0.0025301463901996613,43,1.2359987532254308,0.00044681898825837057,10,98.40000006357829,0.12343051509062448,-1.0
0.09833439377446969,0.00331025089447697,44,1.2199796009808779,0.000427564939805086,10,98.93333338101705,0.09609080654382705,-1.0
0.09926816328273465,0.00257769263892745,45,1.2223905299324542,0.00040843029060201667,10,98.86666669845582,0.09879236976305644,-1.0
0.06839430617401376,0.0038688509763839343,46,0.8673909460194409,0.000389444544891327,10,99.0666666984558,0.08812002128362656,-1.0
0.07421353391449277,0.0025910751816506186,47,0.9219077171292156,0.0003706369773167883,10,99.53333336512247,0.07248539280891418,-1.0
0.06541965387683983,0.003074713711005946,48,0.8221921299118549,0.0003520365877844012,10,99.73333333333333,0.06403659440080325,-1.0
0.06467587273800746,0.0024860335009483,49,0.8061726589221507,0.0003336720567466412,10,99.66666668256124,0.058556955685218175,-1.0
0.08978584540697436,0.0035442503479619822,50,1.1201886201743037,0.0003155717009792807,10,99.86666666666666,0.05466420913736025,-1.0
0.09231426138042782,0.003611123034109672,51,1.1513418680988252,0.00029776342991897335,10,99.5333333492279,0.056400703191757204,-1.0
0.08983388700289652,0.0021039750815058746,52,1.103491140063852,0.00028027470262892445,10,99.73333333333333,0.05214242271582285,-1.0
0.0904772201126131,0.003852031872762988,53,1.1321970028802752,0.0002631324854590073,10,99.93333333333334,0.039569704721371335,-1.0
0.0894142669858411,0.0036752065837693713,54,1.1173241378273815,0.0002463632104656054,10,99.93333333333334,0.04005226616561413,-1.0
0.08970225396721314,0.0023531678792399666,55,1.1049156580120325,0.0002299927346552969,10,99.86666668256125,0.03344981418053309,-1.0
0.09103486438592275,0.0022272207813027003,56,1.1193894178140908,0.00021404630011522587,10,99.93333333333334,0.03246834643681844,-1.0
0.09070058527868241,0.0020440152341810367,57,1.1133067230693996,0.00019854849509163232,10,99.93333334922791,0.03092878739039103,-1.0
0.0886902324273251,0.0041205294740696745,58,1.1139627529773861,0.00018352321607655918,10,99.93333333333334,0.0366703098465999,-1.0
0.09083915734663606,0.0020613863986606398,59,1.1150405460502952,0.00016899363096119395,10,99.93333333333334,0.031669734080632526,-1.0
0.09040462107320006,0.002789917925838381,60,1.1185821290127933,0.000154982143312659,10,100.0,0.02735041837890943,-1.0
0.09121534870549415,0.0027825753786601126,61,1.1282203760929406,0.0001415103578293356,10,100.0,0.02605010838309924,-1.0
0.09064390587930878,0.0036932453707170985,62,1.1322863542009145,0.0001285990470279847,10,100.0,0.025262116054693858,-1.0
0.0900985521147959,0.0022292537226652107,63,1.1082116458564997,0.0001162681192140312,10,100.0,0.023972296784321466,-1.0
0.09033233278508608,0.0021825798127489784,64,1.1105343541130424,0.00010453658778440107,10,100.0,0.0216238767405351,-1.0
0.09185745732005064,0.002143608930055052,65,1.1283609168604016,9.342254191024022e-05,10,100.0,0.02373254811267058,-1.0
0.09236709317580487,0.003386059407300005,66,1.149335766909644,8.294311864472437e-05,10,100.0,0.021704962531725564,-1.0
0.09144664763395365,0.003879960703973969,67,1.1442847079597414,7.311447649896551e-05,10,100.0,0.022657620777686436,-1.0
0.08989702419300254,0.0025872167316265404,68,1.110068507026881,6.395177052675794e-05,10,100.0,0.02017489064236482,-1.0
0.09050796939603363,0.0025149532787812254,69,1.1165446261875331,5.546912895658472e-05,10,100.0,0.02010212407509486,-1.0
0.0919778451595145,0.0021108004924220345,70,1.1293029671069235,4.767963140691306e-05,10,100.0,0.02026420494914055,-1.0
0.09131653284809242,0.002763135067652911,71,1.1291984680574387,4.059528871837034e-05,10,99.93333333333334,0.0228272697130839,-1.0
0.09065346192801371,0.0035780299028071263,72,1.1310172900557518,3.4227024433899e-05,10,100.0,0.02084362491965294,-1.0
0.09170819087497269,0.0024410057812929153,73,1.1301283459179103,2.8584657955444653e-05,10,100.0,0.019463539933164915,-1.0
0.09086827080075939,0.0032274806095908084,74,1.129538960987702,2.367688940315011e-05,10,100.0,0.019250282908479372,-1.0
0.09110631617174174,0.0025162979145534337,75,1.1237382378894836,1.951128620040094e-05,10,100.0,0.020288321852684022,-1.0
0.09046864649280906,0.0026105709257535636,76,1.1172090959735215,1.6094271405406862e-05,10,100.0,0.02069086425503095,-1.0
0.09116898903933664,0.0021569919578420618,77,1.1201583521906286,1.3431113807311488e-05,10,100.0,0.01975223430991173,-1.0
0.09034442936535925,0.005078696393563102,78,1.1453496569301933,1.1525919802101659e-05,10,100.0,0.018906669343511262,-1.0
0.08907487870116408,0.002114145706097285,79,1.094579268945381,1.0381627060842164e-05,10,100.0,0.019431453307469686,-1.0
0.0899964725637498,0.0023475676813783744,80,1.1083696340210736,1e-05,10,100.0,0.01851183777054151,-1.0
0.09449020359450234,0.015359126031398773,1,1.4283900179434568,0.000999618372939158,11,1.9375,4.7320589828491215,-1.0
0.0903875574003905,0.0032347958320035385,2,1.2174221579916775,0.0009984740801978985,11,4.25,4.428056335449218,-1.0
0.09074572604507782,0.0024829280311958147,3,1.2123023371677846,0.0009965688861926887,11,5.625,4.193515090942383,-1.0
0.08726494152170534,0.002168300561606884,4,1.1629539590794593,0.0009939057285945933,11,7.3125,4.0618938446044925,-1.0
0.09042911521660593,0.00254100810091656,5,1.2088517118245363,0.0009904887137995992,11,8.3125,3.9414666175842283,-1.0
0.08835487001432249,0.0029388348249575267,6,1.187055479036644,0.00098632311059685,11,10.125,3.832261047363281,-1.0
0.08844208846298549,0.0035086450023719897,7,1.1956034321337938,0.0009814153420445555,11,11.1875,3.670736618041992,-1.0
0.09036476220577382,0.0020747379435656164,8,1.2019597908947617,0.0009757729755661012,11,13.3125,3.569979248046875,-1.0
0.08990441158843729,0.0024663831035678205,9,1.2010719471145421,0.0009694047112816298,11,17.875,3.3838421058654786,-1.0
0.08918115962296724,0.0018983352392052228,10,1.184273021062836,0.0009623203685930871,11,18.0625,3.2864325523376463,-1.0
0.08981532542608105,0.0031800052652565334,11,1.2091940210666507,0.0009545308710434153,11,21.4375,3.1312797355651854,-1.0
0.08746054843784525,0.004469688014628796,12,1.195332783041522,0.0009460482294732422,11,21.125,3.0720505332946777,-1.0
0.0799720179862701,0.0020924856384786274,13,1.067089342046529,0.0009368855235010348,11,24.6875,2.8514407157897947,-1.0
0.09789258084045006,0.0019433442324113387,14,1.298110178904608,0.0009270568813552758,11,29.4375,2.6933070373535157,-1.0
0.09486486298891787,0.0020935643965808246,15,1.2606960609555244,0.0009165774580897602,11,31.625,2.5979709434509277,-1.0
0.09799454413139476,0.0034587356405189405,16,1.3191357410978526,0.0009054634122155992,11,33.5,2.4939625549316404,-1.0
0.09922020294918464,0.004643275438306423,17,1.3504678818862885,0.0008937318807859689,11,39.6875,2.2690539360046387,-1.0
0.0976345526914184,0.002011901466175914,18,1.295647919876501,0.0008814009529720156,11,44.5625,2.0994574451446533,-1.0
0.09786839747371581,0.003351880219550087,19,1.3161102789454162,0.0008684896421706646,11,46.25,1.952482271194458,-1.0
0.0577420646754595,0.0033363423202759945,20,0.7942687748000026,0.0008550178566873412,11,49.3125,1.857343454360962,-1.0
0.07298353514992274,0.0028908513844586336,21,0.9866045808885247,0.0008410063690388064,11,52.875,1.710175828933716,-1.0
0.0636143355558698,0.001974151129476153,22,0.8528925101272762,0.0008264767839234412,11,55.9375,1.5815976238250733,-1.0
0.06123022733327861,0.001957910511499414,23,0.8216925319284201,0.000811451504908368,11,58.875,1.529219217300415,-1.0
0.0878758324811665,0.0028493575966702057,24,1.1796676400117576,0.0007959536998847743,11,61.0,1.396373863220215,-1.0
0.08633595336085328,0.0021930281789256977,25,1.1516340640373528,0.0007800072653447032,11,67.75,1.1956540489196776,-1.0
0.08764367135098347,0.003619599800843459,26,1.1867270609363914,0.0007636367895343947,11,69.8125,1.0948677253723145,-1.0
0.08875792435943507,0.0024827543216255996,27,1.1864086310379207,0.0007468675145409928,11,73.0,1.0288000631332397,-1.0
0.0887457465287298,0.0022034814688735283,28,1.182592452969402,0.0007297252973710758,11,76.375,0.8990882015228272,-1.0
0.08884862676047935,0.003500888697229899,29,1.2007886772044003,0.0007122365700810271,11,80.625,0.7862083482742309,-1.0
0.08996821891588087,0.0043394534597889734,30,1.2262426540255547,0.0006944282990207196,11,84.875,0.6633608889579773,-1.0
0.08821745856235233,0.003732075825190315,31,1.1955826149787754,0.0006763279432533592,11,83.375,0.6740114092826843,-1.0
0.08693367780114596,0.002301153726875782,32,1.160299208946526,0.0006579634122155992,11,87.25,0.5768086886405945,-1.0
0.08917276616781376,0.0020230388304648492,33,1.185790211893618,0.000639363022683212,11,88.8125,0.498490629196167,-1.0
0.08865117613011254,0.0034102869506638786,34,1.1970435259863734,0.0006205554551086735,11,91.25,0.42040286540985106,-1.0
0.08881145232142164,0.0020156022913467428,35,1.180999912088737,0.0006015697093979838,11,92.8125,0.36521660089492797,-1.0
0.08878374567183737,0.0028307360167113636,36,1.1912382261361927,0.0005824350601949146,11,94.6875,0.31605828762054444,-1.0
0.08816971155241705,0.0032768768365853108,37,1.1890577259473503,0.0005631810117416299,11,94.9375,0.27225518226623535,-1.0
0.08765679114283277,0.0031861683282141504,38,1.181235247058794,0.0005438372523852835,11,96.6875,0.2286721396446228,-1.0
0.08659440305872032,0.0020627597024521003,39,1.152788873994723,0.0005244336088007391,11,97.0,0.2035285758972168,-1.0
0.07309620682365046,0.004321790783880995,40,1.0066814899910241,0.0005050000000000001,11,97.875,0.16898711681365966,-1.0
0.0938013936392963,0.0031607538246764587,41,1.2607529941014946,0.0004855663911992613,11,97.9375,0.15592217266559602,-1.0
0.0945985029057528,0.0035522679368463848,42,1.2762484629638493,0.00046616274761471693,11,98.5625,0.1260562926530838,-1.0
0.09800773862606058,0.002152891901250069,43,1.3024020968005061,0.00044681898825837057,11,98.5625,0.11362972438335418,-1.0
0.09778523042153281,0.0031949521866268837,44,1.31302166194655,0.000427564939805086,11,99.25,0.09924679338932037,-1.0
0.09799596923403442,0.0024670870043337345,45,1.306356665911153,0.00040843029060201667,11,99.25,0.08925224483013153,-1.0
0.09770667312953335,0.0029837896402638694,46,1.3092295851092786,0.000389444544891327,11,99.125,0.07732397437095642,-1.0
0.0774929510930983,0.0030822932827644623,47,1.0477242858614773,0.0003706369773167883,11,99.0625,0.08084894001483917,-1.0
0.05804095916951505,0.0029900822107895063,48,0.7936461200006306,0.0003520365877844012,11,99.4375,0.0711559396982193,-1.0
0.07699992416354899,0.0024797927516584215,49,1.0334744269493967,0.0003336720567466412,11,99.6875,0.056924520432949065,-1.0
0.059595728651262246,0.0036900314287497448,50,0.8229495130944997,0.0003155717009792807,11,99.6875,0.05312928199768066,-1.0
0.0741448446463507,0.0021432682047956265,51,0.9919900740496814,0.00029776342991897335,11,99.8125,0.04703201353549957,-1.0
0.08646394761923987,0.002859687522196999,52,1.1614579730667174,0.00028027470262892445,11,99.875,0.041310494542121885,-1.0
0.08642168747834288,0.002437939437536093,53,1.1554101908113807,0.0002631324854590073,11,100.0,0.03632140606641769,-1.0
0.08766065779715203,0.002098951596193589,54,1.1671185370068997,0.0002463632104656054,11,99.9375,0.03257282763719559,-1.0
0.08753299464185077,0.003239220670925883,55,1.1802783377934247,0.0002299927346552969,11,99.9375,0.032334242314100266,-1.0
0.09122639851501355,0.0026787949475244833,56,1.2210168889723718,0.00021404630011522587,11,99.875,0.030187260508537293,-1.0
0.08977377565147784,0.0021160002797842026,57,1.1948631000705063,0.00019854849509163232,11,100.0,0.03139776736497879,-1.0
0.0880278770525295,0.0020874614934795178,58,1.1717565460130572,0.00018352321607655918,11,99.875,0.03335363730788231,-1.0
0.0881763046535735,0.0022937705776152704,59,1.1764425639994442,0.00016899363096119395,11,99.9375,0.0271673421561718,-1.0
0.08391896357688193,0.0025791086507244753,60,1.1247170211281627,0.000154982143312659,11,99.9375,0.02659679427742958,-1.0
0.08822367990461107,0.002573548099742486,61,1.1806069279555231,0.0001415103578293356,11,99.8125,0.028018883168697356,-1.0
0.08841864556933825,0.002083075734285208,62,1.176784500014037,0.0001285990470279847,11,99.9375,0.023640967309474945,-1.0
0.0899700377888691,0.002822909289254592,63,1.2065568030811846,0.0001162681192140312,11,99.9375,0.02464122399687767,-1.0
0.08840488508128776,0.00348814231200287,64,1.1948527900967747,0.00010453658778440107,11,100.0,0.024433924481272698,-1.0
0.088282057388614,0.0033147737670403262,65,1.1910105128772557,9.342254191024022e-05,11,100.0,0.024646763876080512,-1.0
0.08728180279453787,0.002842638910246583,66,1.1718761899974197,8.294311864472437e-05,11,100.0,0.025368216186761855,-1.0
0.08822422963567078,0.0019634289022248527,67,1.1727167658973485,7.311447649896551e-05,11,100.0,0.02190673828125,-1.0
0.08885802602610336,0.0031996395868750718,68,1.1970039028674364,6.395177052675794e-05,11,100.0,0.020671356469392776,-1.0
0.09023191435978963,0.0024853567951000654,69,1.2056021608877927,5.546912895658472e-05,11,100.0,0.020735361576080323,-1.0
0.08948082218949611,0.002036392742481369,70,1.1899825718719512,4.767963140691306e-05,11,100.0,0.018862511068582534,-1.0
0.08869571926502082,0.00238071450103934,71,1.184240859001875,4.059528871837034e-05,11,100.0,0.020894174948334693,-1.0
0.0890602135959153,0.0032239899290009187,72,1.1999535039067268,3.4227024433899e-05,11,100.0,0.022362040579319,-1.0
0.08749014452601281,0.003011910173182304,73,1.1767660789191723,2.8584657955444653e-05,11,100.0,0.020220683664083482,-1.0
0.08741846870487699,0.0027423393017110918,74,1.1723302719183266,2.367688940315011e-05,11,100.0,0.020458670258522035,-1.0
0.08430200109544855,0.0024403169070585417,75,1.1279007699340582,1.951128620040094e-05,11,100.0,0.020503095239400863,-1.0
0.08598132653591725,0.0030562209251981517,76,1.157731912098825,1.6094271405406862e-05,11,100.0,0.02060925677418709,-1.0
0.08777998993173242,0.0031406433823016975,77,1.182224185904488,1.3431113807311488e-05,11,100.0,0.018924101665616037,-1.0
0.08911934957051507,0.0025967620492268065,78,1.1925451238639653,1.1525919802101659e-05,11,100.0,0.02188890039920807,-1.0
0.08800328300835994,0.003080757764669565,79,1.184853650862351,1.0381627060842164e-05,11,100.0,0.020297119244933128,-1.0
0.08983813138463749,0.0021016780788508747,80,1.1954515338875353,1e-05,11,100.0,0.01891653023660183,-1.0
0.09611823324978884,0.013310410597893809,1,1.532324189087376,0.000999618372939158,12,1.7058823538177155,4.728334102630615,-1.0
0.08825243473984301,0.003317137198921825,2,1.2823295800480992,0.0009984740801978985,12,4.470588235294118,4.373841629028321,-1.0
0.08883598298832242,0.002139149799144694,3,1.2739775078371167,0.0009965688861926887,12,5.470588235732387,4.204466769274544,-1.0
0.08981220991284188,0.003288270523106413,4,1.3037069148849696,0.0009939057285945933,12,6.588235299376881,4.048728025099811,-1.0
0.08925977246170598,0.002852362331135997,5,1.2898721399251372,0.0009904887137995992,12,8.176470593494528,3.923484966053682,-1.0
0.08853810769505799,0.002833514873470579,6,1.279499681899324,0.00098632311059685,12,10.823529422283173,3.7725585185780246,-1.0
0.08802327076305769,0.0018124683161399194,7,1.2579478870611638,0.0009814153420445555,12,14.352941178223666,3.6117981158985812,-1.0
0.09058238999984626,0.0018839399230533413,8,1.2948355979751796,0.0009757729755661012,12,15.882352942929549,3.4835751870099236,-1.0
0.08927036625599223,0.0029648643851812395,9,1.2915777950547636,0.0009694047112816298,12,17.588235304636115,3.3643574591243968,-1.0
0.0891312649473548,0.0024896604840510656,10,1.2829657041002065,0.0009623203685930871,12,18.764705896377563,3.2754841899871825,-1.0
0.08971680068810071,0.0018867728067561984,11,1.2826918920036405,0.0009545308710434153,12,21.470588237047195,3.098098736931296,-1.0
0.08061785721552692,0.002335264779893415,12,1.1615737429820001,0.0009460482294732422,12,24.058823543436386,2.9792739531573127,-1.0
0.0911161235999316,0.002368068605262254,13,1.3090261719189584,0.0009368855235010348,12,26.352941190495212,2.838672824747422,-1.0
0.09763433237094432,0.0022184459126687477,14,1.3981696621049196,0.0009270568813552758,12,29.647058851578656,2.6835900676951687,-1.0
0.09400424796954862,0.001978728820436767,15,1.3440031360369176,0.0009165774580897602,12,32.17647060927223,2.6026296621210436,-1.0
0.09715941744590444,0.0033595103304833174,16,1.4075151339638978,0.0009054634122155992,12,31.76470587534063,2.489556993596694,-1.0
0.09853373283320772,0.0019851705125932184,17,1.4075644158292562,0.0008937318807859689,12,37.588235294117645,2.2836827553019803,-1.0
0.09743616665114782,0.002309112061214234,18,1.3966736800502986,0.0008814009529720156,12,40.29411765407114,2.155969380210428,-1.0
0.07373050648519504,0.002931831304782203,19,1.0735351420007646,0.0008684896421706646,12,43.70588233891655,2.0163402944452624,-1.0
0.07037212084313589,0.002485995862766036,20,1.0202657119370997,0.0008550178566873412,12,48.47058824931874,1.8695959001428941,-1.0
0.061573211037154706,0.002718900895810553,21,0.9003552261274308,0.0008410063690388064,12,51.82352939774008,1.7456538413552678,-1.0
0.060528992442414165,0.0024343720537477304,22,0.8817779289092869,0.0008264767839234412,12,55.11764705882353,1.6286288578370038,-1.0
0.08668890321028552,0.0034198479926479714,23,1.2617618548683822,0.000811451504908368,12,56.882352969225714,1.5611915849236881,-1.0
0.08616906648967415,0.0023372695847813573,24,1.2394172670319676,0.0007959536998847743,12,62.000000042073864,1.3794711295296165,-1.0
0.08683775797752398,0.001877572320933853,25,1.2422576579265296,0.0007800072653447032,12,65.4705882212695,1.2863216268315034,-1.0
0.08747081651485392,0.003249754913018218,26,1.2703170739114285,0.0007636367895343947,12,67.3529411764706,1.175110743747038,-1.0
0.08826338388358376,0.0028288091832239714,27,1.2755541070364416,0.0007468675145409928,12,70.88235296922572,1.072470437779146,-1.0
0.08850247604173742,0.0028142580995336175,28,1.2786865860689431,0.0007297252973710758,12,73.99999995792614,0.9697594084459192,-1.0
0.08778717947591629,0.001990337673175548,29,1.257129566045478,0.0007122365700810271,12,76.41176469185773,0.8718292281206916,-1.0
0.08733464092282313,0.0032964366587943266,30,1.2690712290350348,0.0006944282990207196,12,79.52941173665664,0.8019085069263683,-1.0
0.0884248221825276,0.0025449747585558464,31,1.2738175380509347,0.0006763279432533592,12,82.29411761900958,0.7189077269329744,-1.0
0.08657547575421631,0.0018200159704844867,32,1.237769141094759,0.0006579634122155992,12,86.11764705882354,0.607134968252743,-1.0
0.08865521041609879,0.0026290936428787453,33,1.2782326850574464,0.000639363022683212,12,88.99999997195076,0.5282521998181062,-1.0
0.08772862980341804,0.0025686336282108512,34,1.2643954281229526,0.0006205554551086735,12,87.11764705882354,0.5238668757326462,-1.0
0.08980811769807977,0.0026819120227758375,35,1.2951037208549678,0.0006015697093979838,12,89.0588234873379,0.4697124974867877,-1.0
0.08842775134170162,0.002530593375143196,36,1.2736640661023557,0.0005824350601949146,12,90.8823528991026,0.4071620488166809,-1.0
0.0877431574543672,0.0027549363439902663,37,1.26723960111849,0.0005631810117416299,12,92.05882358551025,0.36750207073548263,-1.0
0.08827468416919666,0.0024792018313226955,38,1.2708124809432775,0.0005438372523852835,12,93.17647060225991,0.3472162064384012,-1.0
0.08725881393599723,0.001907902570175273,39,1.2485922768246382,0.0005244336088007391,12,94.41176466380848,0.28482603002997003,-1.0
0.08796643282819007,0.0020942625290315065,40,1.26111636380665,0.0005050000000000001,12,95.23529415972092,0.26512208714204677,-1.0
0.08785028895363212,0.00212106025511665,41,1.2598420740105212,0.0004855663911992613,12,96.70588232489193,0.21152632755391737,-1.0
0.08930086474200445,0.002304431616461703,42,1.282730924198404,0.00046616274761471693,12,97.29411771718193,0.18771103718701532,-1.0
0.08252351145659174,0.0019551090330683757,43,1.1829678770154715,0.00044681898825837057,12,97.99999997195076,0.15584433772984674,-1.0
0.08701513740899307,0.0031181625256847057,44,1.2621167248580605,0.000427564939805086,12,98.11764703077428,0.13522039315279794,-1.0
0.096839420597202,0.0031755204711641583,45,1.4004474920220673,0.00040843029060201667,12,98.99999997195076,0.10920173652031842,-1.0
0.09363327828967678,0.0028025047088574085,46,1.3503356729634106,0.000389444544891327,12,99.17647058823529,0.09047643381006577,-1.0
0.09648308716714382,0.003673649542698903,47,1.4024323609191924,0.0003706369773167883,12,99.3529411764706,0.08078289850669748,-1.0
0.09713476299241718,0.002876726644379752,48,1.4004153870046139,0.0003520365877844012,12,99.52941176470588,0.07761088765719358,-1.0
0.09780177987912404,0.0024553989891761114,49,1.4039135938510299,0.0003336720567466412,12,99.58823529411765,0.06847434690769981,-1.0
0.07758213875682227,0.0020100126608407925,50,1.1145503299776465,0.0003155717009792807,12,99.88235291312722,0.05438174703541924,-1.0
0.0671321647075404,0.001957056944125465,51,0.9675125682260841,0.00029776342991897335,12,99.76470588235294,0.055531660143066854,-1.0
0.0635793468016865,0.0030300069068159375,52,0.932783500989899,0.00028027470262892445,12,99.6470588235294,0.05812950951211593,-1.0
0.0594813847648246,0.003099494513922504,53,0.8763757739216089,0.0002631324854590073,12,99.82352941176471,0.05076278363957125,-1.0
0.08318355022596993,0.0021398935600050856,54,1.194773589959368,0.0002463632104656054,12,99.70588242306428,0.04681637195979848,-1.0
0.08594176974812788,0.0024144005396270324,55,1.2372227269224823,0.0002299927346552969,12,99.70588235294117,0.04505672605598674,-1.0
0.08700682282713908,0.0018615973947037543,56,1.2444023699499667,0.00021404630011522587,12,99.7647058543037,0.042178164685473724,-1.0
0.08504525094758719,0.0027026465561773095,57,1.228745608124882,0.00019854849509163232,12,99.82352941176471,0.046882738839177526,-1.0
0.08857203881988036,0.0021563454730702297,58,1.270456838188693,0.00018352321607655918,12,100.0,0.04107387500650742,-1.0
0.08746738864907197,0.0030090589176065157,59,1.2669222729746252,0.00016899363096119395,12,99.82352938371547,0.0411291640996933,-1.0
0.0889936178656561,0.0020108232108343926,60,1.2743466498795897,0.000154982143312659,12,100.0,0.036781012941809264,-1.0
0.08905184352105218,0.0019820029015785883,61,1.274746117880568,0.0001415103578293356,12,100.0,0.03225546998136184,-1.0
0.08914577061243888,0.0020427136748496976,62,1.2768891849555075,0.0001285990470279847,12,99.94117644253899,0.033304186919156244,-1.0
0.09040133962740324,0.0023164315082665,63,1.298315315041691,0.0001162681192140312,12,99.94117647058823,0.030869600211872773,-1.0
0.08938574042570378,0.0018234403604375465,64,1.2771679691504687,0.00010453658778440107,12,99.94117647058823,0.0301126932571916,-1.0
0.08900703799112566,0.0022102354393739787,65,1.2773310721386224,9.342254191024022e-05,12,100.0,0.028444018065929413,-1.0
0.08804604339612913,0.0017521894603435481,66,1.2574685800354928,8.294311864472437e-05,12,100.0,0.030370483538683723,-1.0
0.08978214302831995,0.0029227675404399633,67,1.2981631380971521,7.311447649896551e-05,12,99.94117644253899,0.027888910314616034,-1.0
0.08970403854203012,0.0030174258863553405,68,1.2983919989783317,6.395177052675794e-05,12,99.94117647058823,0.02589000365751631,-1.0
0.0891566471961726,0.0022604807246742503,69,1.2801426141522825,5.546912895658472e-05,12,99.88235294117646,0.028861213791019778,-1.0
0.08834920500937317,0.00215887906961143,70,1.26741565996781,4.767963140691306e-05,12,100.0,0.027464554415029638,-1.0
0.0879850149919678,0.00378212400911642,71,1.2850732449442148,4.059528871837034e-05,12,100.0,0.028794329709866468,-1.0
0.08661793248860963,0.001871991520082312,72,1.2392507430631667,3.4227024433899e-05,12,100.0,0.0246993030870662,-1.0
0.08967511698470584,0.0029724454507231712,73,1.2973410959821194,2.8584657955444653e-05,12,100.0,0.023584244531743667,-1.0
0.08782110391517303,0.0035853959353906767,74,1.2799709669779986,2.367688940315011e-05,12,100.0,0.021858918552889545,-1.0
0.08812006399966776,0.0018026820117873804,75,1.2592012980021536,1.951128620040094e-05,12,99.94117647058823,0.02384314328432083,-1.0
0.08916100778151304,0.0018016721421320523,76,1.2737543429248035,1.6094271405406862e-05,12,99.94117647058823,0.0275057792838882,-1.0
0.08789538778364658,0.0034403527887271984,77,1.2790359610226005,1.3431113807311488e-05,12,100.0,0.022755921816124635,-1.0
0.09030041053691613,0.003167972667142749,78,1.3089069889392704,1.1525919802101659e-05,12,100.0,0.022846804778365527,-1.0
0.08903094246384821,0.0019154684019408055,79,1.2734892799053341,1.0381627060842164e-05,12,99.82352941176471,0.024416799001833973,-1.0
0.08799965072622788,0.0028404921925227556,80,1.2719979439862072,1e-05,12,99.94117647058823,0.02428315191584475,-1.0
0.08974128980189562,0.015764683143546183,1,1.582891516154632,0.000999618372939158,13,1.7777777777777777,4.742375217013889,-1.0
0.08785256785340607,0.002678070745120446,2,1.3582668390590698,0.0009984740801978985,13,4.055555555555555,4.462623494466146,-1.0
0.08819166061778863,0.001848758974423011,3,1.3508809451013803,0.0009965688861926887,13,4.388888888888889,4.322373318142361,-1.0
0.08790719431514542,0.0027372784757365783,4,1.3601504559628665,0.0009939057285945933,13,5.277777777777778,4.22939697265625,-1.0
0.08821284015042087,0.0017473589939375719,5,1.3496510880067945,0.0009904887137995992,13,6.888888888888889,4.139690416124132,-1.0
0.08982908337687452,0.0021760910904655853,6,1.380323886172846,0.00098632311059685,13,7.722222222222222,4.0343507215711805,-1.0
0.08842642111703754,0.0032264402136206625,7,1.3750287229195237,0.0009814153420445555,13,7.388888888888889,4.068016798231337,-1.0
0.08699804567731917,0.0017856663869072994,8,1.3320026209112257,0.0009757729755661012,13,8.833333333333334,3.9270767550998262,-1.0
0.08870613846617441,0.0021768114684770504,9,1.3634874541312456,0.0009694047112816298,13,8.88888888888889,3.923958468967014,-1.0
0.0886546571739018,0.001982415032883485,10,1.3598047350533307,0.0009623203685930871,13,10.333333333333334,3.865409138997396,-1.0
0.08890603478066623,0.0025751782891650994,11,1.3724748899694532,0.0009545308710434153,13,10.88888888888889,3.7227908325195314,-1.0
0.0672953376856943,0.0018555617736031613,12,1.0375592249911278,0.0009460482294732422,13,12.777777777777779,3.6661194525824654,-1.0
0.09426758068924149,0.0018834814429283143,13,1.4425105480477214,0.0009368855235010348,13,13.555555555555555,3.5537999471028647,-1.0
0.09532777825370431,0.00271738915083309,14,1.470918803010136,0.0009270568813552758,13,13.166666666666666,3.552560068766276,-1.0
0.0971240302703033,0.00266522445405523,15,1.4971465319395065,0.0009165774580897602,13,14.333333333333334,3.466607869466146,-1.0
0.09726413465104997,0.001848138744632403,16,1.4869552270974964,0.0009054634122155992,13,16.61111111111111,3.3627312893337673,-1.0
0.097145112308984,0.0017506946188708147,17,1.4837149200029671,0.0008937318807859689,13,18.38888888888889,3.211204613579644,-1.0
0.08477444066666066,0.002966682535285751,18,1.3163868021219969,0.0008814009529720156,13,19.38888888888889,3.223371785481771,-1.0
0.05753007043773929,0.0032024954911321402,19,0.9112220990937203,0.0008684896421706646,13,20.055555555555557,3.0754928249782987,-1.0
0.07231187803360323,0.0025067864296336967,20,1.1225149089004844,0.0008550178566873412,13,21.444444444444443,3.099933064778646,-1.0
0.059675998101010916,0.0018377858214080334,21,0.9229763818439096,0.0008410063690388064,13,23.22222222222222,2.983071492513021,-1.0
0.0848956690945973,0.002588982911159595,22,1.312504081055522,0.0008264767839234412,13,23.833333333333332,2.912930382622613,-1.0
0.08627217795389394,0.003162748847777645,23,1.3417693099472672,0.000811451504908368,13,26.055555555555557,2.764809841579861,-1.0
0.08639017796764771,0.0037416144429395595,24,1.3522363840602338,0.0007959536998847743,13,29.666666666666668,2.6457716200086807,-1.0
0.08807053843823572,0.0018693009701867898,25,1.3494263428729028,0.0007800072653447032,13,29.5,2.618111640082465,-1.0
0.08778688218444586,0.0028496979425350825,26,1.3598026020918041,0.0007636367895343947,13,32.77777777777778,2.560840894911024,-1.0
0.08758217406769593,0.001765811334674557,27,1.340458177961409,0.0007468675145409928,13,33.05555555555556,2.533264397515191,-1.0
0.08821467473171651,0.002686049339051048,28,1.3637754579540342,0.0007297252973710758,13,33.27777777777778,2.4490896606445314,-1.0
0.08846305386784176,0.003073527741556366,29,1.3733578568790108,0.0007122365700810271,13,34.611111111111114,2.4485621812608507,-1.0
0.08852367446136972,0.002016214995334546,30,1.3583389420527965,0.0006944282990207196,13,35.5,2.3401248508029515,-1.0
0.0889774467330426,0.0028597122058272363,31,1.3778018199373037,0.0006763279432533592,13,37.22222222222222,2.2808211432562935,-1.0
0.08832102348096668,0.002014201848457257,32,1.355268178973347,0.0006579634122155992,13,37.0,2.2587546793619793,-1.0
0.08889800882898272,0.0017441046424210072,33,1.3598726929631084,0.000639363022683212,13,43.5,2.0992273966471355,-1.0
0.08650362089586755,0.0026012435089796783,34,1.3368187041487545,0.0006205554551086735,13,45.72222222222222,1.9889241197374132,-1.0
0.08626466075268885,0.002458184647063414,35,1.3310885599348694,0.0006015697093979838,13,45.666666666666664,1.90241455078125,-1.0
0.08848136904028554,0.0029118082330872614,36,1.3711407228838652,0.0005824350601949146,13,50.27777777777778,1.8163377210828993,-1.0
0.08800212500306467,0.001700803404673934,37,1.34633912704885,0.0005631810117416299,13,52.44444444444444,1.7590755886501737,-1.0
0.08720829950956006,0.002993300883099437,38,1.3532833450008184,0.0005438372523852835,13,52.666666666666664,1.6995746019151476,-1.0
0.0867383928814282,0.002730069449171424,39,1.34228475112468,0.0005244336088007391,13,56.388888888888886,1.580479498969184,-1.0
0.0881415782806774,0.0028620243227730196,40,1.3653055059257895,0.0005050000000000001,13,56.44444444444444,1.528070763481988,-1.0
0.0873229487799108,0.003257981346299251,41,1.358964157057926,0.0004855663911992613,13,60.5,1.45367797003852,-1.0
0.08874515338490406,0.003340787347406149,42,1.3815704118460417,0.00046616274761471693,13,61.94444444444444,1.3943959384494358,-1.0
0.08854052838869393,0.001980050544564923,43,1.3580499249510467,0.00044681898825837057,13,64.05555555555556,1.3122134653727213,-1.0
0.08749827044084668,0.003295617690309882,44,1.3622180251404643,0.000427564939805086,13,65.22222222222223,1.2920981682671442,-1.0
0.08807380905685326,0.002271988413607081,45,1.355428725015372,0.00040843029060201667,13,66.27777777777777,1.2595172542995876,-1.0
0.0761828560847789,0.003028589254245162,46,1.1884120299946517,0.000389444544891327,13,67.16666666666667,1.1917515394422744,-1.0
0.09121040964188674,0.002000376411403219,47,1.3983953699935228,0.0003706369773167883,13,72.38888888888889,1.0762802293565539,-1.0
0.09393513997395833,0.00258568722444276,48,1.448103864910081,0.0003520365877844012,13,73.38888888888889,1.0319798533121745,-1.0
0.0971042107945929,0.0027454824031641085,49,1.4980441750958562,0.0003336720567466412,13,75.55555555555556,0.9899931377834744,-1.0
0.0980136233381927,0.0026254646014422177,50,1.5098245358094573,0.0003155717009792807,13,75.77777777777777,0.95448240492079,-1.0
0.09760930632861951,0.0027267122641205788,51,1.5052980249747634,0.00029776342991897335,13,77.66666666666667,0.9051318952772353,-1.0
0.0842128637402008,0.0028798856617261964,52,1.3066314810421318,0.00028027470262892445,13,78.11111111111111,0.8895317077636719,-1.0
0.05823605285647015,0.0028627974757303794,53,0.9167966148816049,0.0002631324854590073,13,81.83333333333333,0.798455696105957,-1.0
0.07073281845077872,0.00295667148505648,54,1.105739583959803,0.0002463632104656054,13,80.94444444444444,0.8130448913574219,-1.0
0.059235271889095505,0.003026726981624961,55,0.9341723369434476,0.0002299927346552969,13,82.77777777777777,0.7387479739718967,-1.0
0.08004666714308163,0.0020057826458166044,56,1.2310200261417776,0.00021404630011522587,13,84.66666666666667,0.6727399741278755,-1.0
0.08494167334089676,0.0031883463884393374,57,1.3221970947925001,0.00019854849509163232,13,87.27777777777777,0.6284140099419487,-1.0
0.08814265721788009,0.0025081075107057887,58,1.3600789569318295,0.00018352321607655918,13,87.72222222222223,0.6164730834960938,-1.0
0.08929618938515584,0.0021720141482849914,59,1.3722993170376867,0.00016899363096119395,13,87.83333333333333,0.5975041707356771,-1.0
0.0885119231728216,0.0020835171608875195,60,1.359180396888405,0.000154982143312659,13,87.55555555555556,0.6077690633138021,-1.0
0.0880768836165468,0.003570995448778073,61,1.3749633620027453,0.0001415103578293356,13,89.94444444444444,0.5408287980821398,-1.0
0.0890714623965323,0.0017650647244105736,62,1.3628422492183745,0.0001285990470279847,13,90.11111111111111,0.5274078432718913,-1.0
0.0880629033005486,0.0031455253716558217,63,1.368363565998152,0.0001162681192140312,13,92.5,0.4876716211107042,-1.0
0.08815577539304892,0.00172683815471828,64,1.3484919418115169,0.00010453658778440107,13,92.16666666666667,0.4734398693508572,-1.0
0.08797546997666358,0.003301804217820366,65,1.3694065338931978,9.342254191024022e-05,13,93.11111111111111,0.4516998269822862,-1.0
0.0878466328450789,0.002713537293796738,66,1.358639206038788,8.294311864472437e-05,13,92.94444444444444,0.4534610176086426,-1.0
0.08874868918210269,0.0023549032863229512,67,1.3667942769825459,7.311447649896551e-05,13,93.16666666666667,0.44502487818400066,-1.0
0.08864017510786652,0.0027820110941926637,68,1.371569709153846,6.395177052675794e-05,13,94.16666666666667,0.42559183756510416,-1.0
0.08762807097906868,0.0028209656942635775,69,1.3570407568477094,5.546912895658472e-05,13,95.61111111111111,0.39118389553493926,-1.0
0.08797962969789902,0.0027156763710081576,70,1.3606941269244999,4.767963140691306e-05,13,95.27777777777777,0.39299452463785806,-1.0
0.08824458356636265,0.0025433671660721304,71,1.3620521000120789,4.059528871837034e-05,13,95.61111111111111,0.3531285794576009,-1.0
0.08935939309497674,0.0017206095003833373,72,1.36649734294042,3.4227024433899e-05,13,95.66666666666667,0.35933652453952364,-1.0
0.08819071679996947,0.003061556334917744,73,1.369073721114546,2.8584657955444653e-05,13,95.72222222222223,0.36353164037068686,-1.0
0.0873682674796631,0.0018828365175674359,74,1.3389975670725107,2.367688940315011e-05,13,96.33333333333333,0.35073726654052734,-1.0
0.08904600869864225,0.0030969821692754824,75,1.3823901910800487,1.951128620040094e-05,13,96.38888888888889,0.3440151998731825,-1.0
0.08784165225612621,0.0020213840063661335,76,1.3482268350198865,1.6094271405406862e-05,13,96.94444444444444,0.3379808192782932,-1.0
0.08778867895404498,0.002967476053163409,77,1.3616101269144565,1.3431113807311488e-05,13,96.44444444444444,0.33398796717325846,-1.0
0.08750486449959377,0.0017663478385657073,78,1.3393667531199753,1.1525919802101659e-05,13,96.61111111111111,0.3252366002400716,-1.0
0.08947829037594299,0.0016341012281676133,79,1.3669221880845726,1.0381627060842164e-05,13,96.72222222222223,0.33109358893500435,-1.0
0.08936109207570553,0.0020985528671493133,80,1.3721468008589,1e-05,13,96.27777777777777,0.3381467713250054,-1.0
0.0946632094681263,0.01386304593955477,1,1.628249242901802,0.000999618372939158,14,1.4736842113105875,4.710176302257337,-1.0
0.09163357359357178,0.002099217598636945,2,1.4063497851602733,0.0009984740801978985,14,4.263157897089657,4.393089543392784,-1.0
0.09162895800545812,0.0016881351980070273,3,1.4000327030662447,0.0009965688861926887,14,6.5789473695974605,4.186175342359041,-1.0
0.09187899140330652,0.0018806998617947102,4,1.4066433999687433,0.0009939057285945933,14,7.157894749390452,4.072727444297389,-1.0
0.0921692828182131,0.0018674272578209639,5,1.410795166855678,0.0009904887137995992,14,9.631578941094247,3.903586590415553,-1.0
0.09062466806111237,0.0021724582028885683,6,1.3922235118225217,0.00098632311059685,14,12.210526340886167,3.764134861795526,-1.0
0.09234051103703678,0.00289604429466029,7,1.4288954210933298,0.0009814153420445555,14,14.894736857790695,3.621542336313348,-1.0
0.09170281904128691,0.001970338821411133,8,1.4053441791329533,0.0009757729755661012,14,15.157894743116278,3.4916570276963084,-1.0
0.09130014722856382,0.00232067690230906,9,1.4045691860374063,0.0009694047112816298,14,18.84210531335128,3.356450340371383,-1.0
0.09147428339347244,0.002460167541479071,10,1.4093154619913548,0.0009623203685930871,14,19.000000040782126,3.2469778507634213,-1.0
0.09081716858781874,0.004098040408765277,11,1.424025870161131,0.0009545308710434153,14,23.736842092714813,3.0338335805190235,-1.0
0.07744197791131834,0.002875576370085279,12,1.2050490418914706,0.0009460482294732422,14,24.15789478703549,2.9758870300493743,-1.0
0.09915449065156282,0.0025106032844632864,13,1.525225250981748,0.0009368855235010348,14,28.894736820145656,2.78524794678939,-1.0
0.09915321407218775,0.0016778566719343265,14,1.5127021549269557,0.0009270568813552758,14,28.631579035206844,2.7045211927514328,-1.0
0.10124113404502472,0.0016696865515162548,15,1.5439036898314953,0.0009165774580897602,14,33.105263258281504,2.5374571765096565,-1.0
0.1011491140195479,0.0027209463063627482,16,1.558293298119679,0.0009054634122155992,14,36.052631635414926,2.39198351809853,-1.0
0.09993305557096997,0.0024663882330060007,17,1.5362329790368676,0.0008937318807859689,14,38.57894733077601,2.2458503135881926,-1.0
0.07246484030038118,0.001693895428131024,18,1.1126715310383588,0.0008814009529720156,14,42.21052634716034,2.110330878307945,-1.0
0.07538025428851446,0.002013459304968516,19,1.161142849829048,0.0008684896421706646,14,46.526315795747855,1.9387227989497937,-1.0
0.06418118869575361,0.0025962822449704013,20,1.0019435361027718,0.0008550178566873412,14,52.000000075290075,1.7340546286733527,-1.0
0.0718023513443768,0.0028569604580601054,21,1.1201704679988325,0.0008410063690388064,14,52.684210563960825,1.6574540163341323,-1.0
0.0890932461557289,0.0019297694476942222,22,1.3657366200350225,0.0008264767839234412,14,59.78947377204895,1.464110446478191,-1.0
0.09075343303071956,0.0023616381765653688,23,1.3969731270335615,0.000811451504908368,14,64.26315797002692,1.3306986464952169,-1.0
0.09176245064785084,0.0028626424260437488,24,1.4196222638711333,0.0007959536998847743,14,67.94736838340759,1.20623999846609,-1.0
0.09238548351762195,0.001960983546450734,25,1.4154312261380255,0.0007800072653447032,14,71.31578964936107,1.0969936313127218,-1.0
0.09152135355398058,0.002605249391247829,26,1.4121586941182613,0.0007636367895343947,14,71.7894736214688,1.0348005363815709,-1.0
0.09200433478690684,0.002882770278180639,27,1.4235666459426284,0.0007468675145409928,14,76.57894755664624,0.8821181579640037,-1.0
0.09177203555591404,0.0025699971709400417,28,1.4153762990608811,0.0007297252973710758,14,81.52631595260219,0.7622038902734455,-1.0
0.09196912228750685,0.0024050718328605097,29,1.41586544085294,0.0007122365700810271,14,85.26315805786534,0.6446356816040842,-1.0
0.09221188261484106,0.0017967613258709511,30,1.4103687768802047,0.0006944282990207196,14,87.31578943603917,0.555620729295831,-1.0
0.09170510523642103,0.0027218376441548267,31,1.4171872660517693,0.0006763279432533592,14,88.68421041338067,0.5037467706830878,-1.0
0.09276792169548571,0.0017697001031289497,32,1.4183105160482228,0.0006579634122155992,14,90.52631596515053,0.4417819526948427,-1.0
0.0914789912601312,0.0027381618662426868,33,1.4135839662048966,0.000639363022683212,14,92.31578938584579,0.3839454084948489,-1.0
0.09206082715342442,0.001945219716678063,34,1.4103509730193764,0.0006205554551086735,14,93.21052635343452,0.34468753933906554,-1.0
0.09156918226120372,0.002750858136763175,35,1.4150501789990813,0.0006015697093979838,14,93.8947370177821,0.2991363709851315,-1.0
0.09317793111937742,0.0027894427999854087,36,1.439766291063279,0.0005824350601949146,14,94.89473681700856,0.26213565663287514,-1.0
0.09040786003073056,0.0025340916278461614,37,1.3943906070198864,0.0005631810117416299,14,96.05263177972091,0.22387079019295542,-1.0
0.09122044746764005,0.002695007932682832,38,1.4089965580496937,0.0005438372523852835,14,96.94736848379436,0.18457043625806507,-1.0
0.09145893702904383,0.002864327033360799,39,1.415114837931469,0.0005244336088007391,14,98.63157901011016,0.1357376772479007,-1.0
0.09216248127631843,0.001847888125727574,40,1.4104250641539693,0.0005050000000000001,14,98.84210526315789,0.11128529021614476,-1.0
0.09130407793757817,0.0030459205930431685,41,1.4154946848284453,0.0004855663911992613,14,98.78947388498406,0.10285426299822958,-1.0
0.09238204996411999,0.0018047474479923646,42,1.413059185957536,0.00046616274761471693,14,99.31578967445775,0.08845642107097726,-1.0
0.09176039687978725,0.00334836373416086,43,1.426874363096431,0.00044681898825837057,14,99.26315781944676,0.07459562726710972,-1.0
0.09164972812868655,0.0032115076668560506,44,1.4232074599713087,0.000427564939805086,14,99.6842105263158,0.06472461201642689,-1.0
0.09188133104083439,0.0030008934283008177,45,1.4235345588531345,0.00040843029060201667,14,99.57894736842105,0.058794237688968055,-1.0
0.0917157784725229,0.0027368853334337473,46,1.4170313889626414,0.000389444544891327,14,99.78947368421052,0.055440594993139566,-1.0
0.07381394761614501,0.002883514855057001,47,1.1507027479819953,0.0003706369773167883,14,99.94736842105263,0.04249680252451646,-1.0
0.09887559224540989,0.003060213631639878,48,1.5292929408606142,0.0003520365877844012,14,99.84210526315789,0.042675664495480686,-1.0
0.09904807734613617,0.002867638319730759,49,1.5289978778455406,0.0003336720567466412,14,99.89473684210526,0.03672165961642014,-1.0
0.09907545604122182,0.0019510886321465173,50,1.515648083994165,0.0003155717009792807,14,99.84210526315789,0.03501823777430936,-1.0
0.10251296179679532,0.002271764073520899,51,1.5720677229110152,0.00029776342991897335,14,99.89473684210526,0.033500268780871444,-1.0
0.10002170368097722,0.001854389657576879,52,1.528406206984073,0.00028027470262892445,14,99.94736862182617,0.030068748961938056,-1.0
0.08416462040816744,0.00174180893227458,53,1.28884883900173,0.0002631324854590073,14,99.89473684210526,0.027890998466234457,-1.0
0.06683845627121628,0.0029029466677457094,54,1.046359390951693,0.0002463632104656054,14,100.0,0.025084841623902322,-1.0
0.06734794462099672,0.002906393709902962,55,1.0540423849597573,0.0002299927346552969,14,99.94736862182617,0.02350872388011531,-1.0
0.06284667573248347,0.001728734855229656,56,0.9695272701792419,0.00021404630011522587,14,100.0,0.02177987846888994,-1.0
0.08790565699649354,0.002196447271853685,57,1.3518682878930122,0.00019854849509163232,14,99.94736842105263,0.024945377876099788,-1.0
0.08912491487960021,0.002887528793265422,58,1.3804324129596353,0.00018352321607655918,14,99.94736842105263,0.021230796122629392,-1.0
0.09116897094063461,0.0020446908039351303,59,1.3984455361496657,0.00016899363096119395,14,99.8947370428788,0.020269195660948754,-1.0
0.09227448240853846,0.002661273395642638,60,1.4242744538933039,0.000154982143312659,14,100.0,0.019915353612680185,-1.0
0.09239920649367074,0.0026554713025689126,61,1.4260590560734272,0.0001415103578293356,14,100.0,0.020702114897338968,-1.0
0.09366179456313452,0.002661785359183947,62,1.4450981558766216,0.0001285990470279847,14,100.0,0.016320334916052066,-1.0
0.09126115273684263,0.003075086325407028,63,1.4152883719652891,0.0001162681192140312,14,100.0,0.017173075287749893,-1.0
0.0856248161289841,0.0019095408730208873,64,1.3133093148935586,0.00010453658778440107,14,99.94736842105263,0.016883087507204006,-1.0
0.09225686499848962,0.0022962179345389208,65,1.418541381135583,9.342254191024022e-05,14,100.0,0.016642076926011787,-1.0
0.09249887126497924,0.0021764973488946756,66,1.4203847609460354,8.294311864472437e-05,14,100.0,0.01623116807718026,-1.0
0.09210994808624189,0.0017948171123862266,67,1.4088203508872539,7.311447649896551e-05,14,100.0,0.014508263984400974,-1.0
0.08899417736877997,0.0018266260934372742,68,1.3625637090299278,6.395177052675794e-05,14,100.0,0.01574471919552276,-1.0
0.0915666596032679,0.0031790347304195164,69,1.4214356190059334,5.546912895658472e-05,14,100.0,0.015484769195318222,-1.0
0.09243337277633448,0.0017301315596948068,70,1.4127069870010018,4.767963140691306e-05,14,99.94736842105263,0.01611688891131627,-1.0
0.0917816380194078,0.002545497240498662,71,1.4151557718869299,4.059528871837034e-05,14,100.0,0.016032562436241852,-1.0
0.09088561946215729,0.0017792350767801206,72,1.3902098031248897,3.4227024433899e-05,14,99.94736842105263,0.016829487006915243,-1.0
0.09225232855727275,0.0016969707794487476,73,1.4094825240317732,2.8584657955444653e-05,14,100.0,0.016403572500536315,-1.0
0.09095175227460763,0.0030237635287145774,74,1.4098831620067358,2.367688940315011e-05,14,100.0,0.014177029809277309,-1.0
0.09093572565664848,0.0028224526128421226,75,1.4066286981105804,1.951128620040094e-05,14,100.0,0.014314641960357364,-1.0
0.09136005956679583,0.001852093559379379,76,1.3984542950056493,1.6094271405406862e-05,14,100.0,0.014664160252401703,-1.0
0.09214730462990701,0.0027502015698701145,77,1.4237261970993131,1.3431113807311488e-05,14,100.0,0.014142873951871145,-1.0
0.09151498603944977,0.0020735558898498613,78,1.4040954990778118,1.1525919802101659e-05,14,100.0,0.015069208772558915,-1.0
0.09093165178783238,0.002109419476861755,79,1.3958917229902,1.0381627060842164e-05,14,100.0,0.013481155631965712,-1.0
0.09150333288125694,0.0018574083844820658,80,1.4007020939607173,1e-05,14,100.0,0.014697401280465879,-1.0
0.0927462484978605,0.01282320542668458,1,1.6893909920472652,0.000999618372939158,15,1.9500000059604645,4.7049321327209475,-1.0
0.09108326517161913,0.002098054959787987,2,1.4912037251051515,0.0009984740801978985,15,3.800000000745058,4.434688480377197,-1.0
0.0923121953237569,0.002628924368764274,3,1.5193380650598556,0.0009965688861926887,15,6.750000002980232,4.2130646286010744,-1.0
0.09069600931252353,0.00257642513315659,4,1.4926148550584912,0.0009939057285945933,15,7.999999994039536,4.038197689056396,-1.0
0.0918564183084527,0.0028728576871799305,5,1.5159217459149659,0.0009904887137995992,15,10.450000005960465,3.885759021759033,-1.0
0.09001089057710487,0.0027858244284288958,6,1.484984747134149,0.00098632311059685,15,11.750000005960464,3.7560473594665527,-1.0
0.0902779851021478,0.003056447589187883,7,1.493585844989866,0.0009814153420445555,15,12.79999998807907,3.658816682815552,-1.0
0.09127947597880848,0.0019083257648162544,8,1.491249063052237,0.0009757729755661012,15,15.550000005960465,3.515071720123291,-1.0
0.09134549170266837,0.0016650971083436161,9,1.4884408169891685,0.0009694047112816298,15,18.05,3.325551115036011,-1.0
0.09256816351262387,0.002559296364779584,10,1.5223602489568293,0.0009623203685930871,15,19.100000071525574,3.247725191116333,-1.0
0.0844233786338009,0.00198328317492269,11,1.3827469979878515,0.0009545308710434153,15,21.700000011920928,3.1319454612731934,-1.0
0.08993936194747221,0.001987705865758471,12,1.471087094862014,0.0009460482294732422,15,22.550000023841857,3.012273864746094,-1.0
0.09607577178394422,0.0019522019574651495,13,1.568684675032273,0.0009368855235010348,15,25.85,2.8805035705566406,-1.0
0.10050602693809196,0.002068414934910834,14,1.641450348077342,0.0009270568813552758,15,27.19999998807907,2.7367363452911375,-1.0
0.09953807735291775,0.0020818356570089236,15,1.6261591180227697,0.0009165774580897602,15,31.84999998807907,2.582165864944458,-1.0
0.10016036029264797,0.0029192416404839605,16,1.6495320671238005,0.0009054634122155992,15,34.599999976158145,2.4417522754669188,-1.0
0.08036937688302714,0.00290707936801482,17,1.332677401136607,0.0008937318807859689,15,34.899999988079074,2.398214323043823,-1.0
0.06878324462741148,0.0029614391969516873,18,1.1481455059256405,0.0008814009529720156,15,40.04999997615814,2.1760562267303465,-1.0
0.06495960618485697,0.0027233740111114457,19,1.083165739895776,0.0008684896421706646,15,43.75000002384186,2.03272332572937,-1.0
0.06663391488837078,0.003315270791063085,20,1.119428473059088,0.0008550178566873412,15,48.40000004768372,1.8720756912231444,-1.0
0.08923809533007443,0.0017186218028655276,21,1.4555569970980287,0.0008410063690388064,15,50.850000047683714,1.7722045078277588,-1.0
0.08999310269427951,0.0027535978006199002,22,1.4842541490215808,0.0008264767839234412,15,56.950000047683716,1.5690239486694335,-1.0
0.09080764863756485,0.0023371009883703664,23,1.4906906951218843,0.000811451504908368,15,61.9,1.399619559288025,-1.0
0.08988287315878551,0.00257873089867644,24,1.4796496098861098,0.0007959536998847743,15,63.9,1.3224311056137086,-1.0
0.09177650311903562,0.0019114441965939477,25,1.4992489989381284,0.0007800072653447032,15,67.45000014305114,1.1911496295928956,-1.0
0.09118694563221652,0.0024070145591394976,26,1.4977442738600075,0.0007636367895343947,15,70.80000004768371,1.0877054872512817,-1.0
0.09249744181579445,0.004128966815187596,27,1.5462608048692346,0.0007468675145409928,15,75.05000004768371,0.959662691116333,-1.0
0.09098978541442193,0.0027982890169369057,28,1.5008546989411116,0.0007297252973710758,15,78.30000009536744,0.8727515783309937,-1.0
0.0909565988695249,0.001978817454073578,29,1.4872085228562355,0.0007122365700810271,15,81.20000004768372,0.741472644329071,-1.0
0.09116763710335363,0.002396350333583541,30,1.4972609339747578,0.0006944282990207196,15,85.54999995231628,0.6116182909011841,-1.0
0.09004308631119784,0.0026681953750085086,31,1.4836244729813188,0.0006763279432533592,15,88.80000014305115,0.5231874718666076,-1.0
0.0930790329730371,0.00178305251756683,32,1.5180486398749053,0.0006579634122155992,15,90.30000014305115,0.46555122661590576,-1.0
0.08976284654636402,0.0030178201413946226,33,1.484764977125451,0.000639363022683212,15,92.00000004768371,0.38889909648895266,-1.0
0.09130245464621112,0.0028758304251823574,34,1.507091929903254,0.0006205554551086735,15,92.95000004768372,0.33946198415756224,-1.0
0.09236883021367248,0.0028268452297197655,35,1.523413019021973,0.0006015697093979838,15,94.60000014305115,0.29814815473556516,-1.0
0.09122088075673673,0.002122516496456228,36,1.493738962104544,0.0005824350601949146,15,94.85000004768372,0.2682628107070923,-1.0
0.09043217828730121,0.001903271331684664,37,1.4776219460181892,0.0005631810117416299,15,96.74999995231629,0.21315627956390382,-1.0
0.09161503441282548,0.00269923270388972,38,1.5092616130132228,0.0005438372523852835,15,97.75000009536743,0.17942902755737306,-1.0
0.09157076313567813,0.0017896474309964105,39,1.4940130980685353,0.0005244336088007391,15,97.65000009536743,0.16859868216514587,-1.0
0.09219536342425272,0.0025444926432101056,40,1.5160984080284834,0.0005050000000000001,15,98.45000009536743,0.12886308234930038,-1.0
0.09125868084083777,0.002123552840203047,41,1.4943584429565817,0.0004855663911992613,15,98.9,0.10670275294780732,-1.0
0.09126372751779854,0.002548170101363212,42,1.5012315029744059,0.00046616274761471693,15,98.90000004768372,0.09876994574069976,-1.0
0.09100849331298377,0.001607654310646467,43,1.482098039938137,0.00044681898825837057,15,99.50000004768371,0.08535144132375717,-1.0
0.09205807064427063,0.0017306865338468924,44,1.5008652720134705,0.000427564939805086,15,99.34999995231628,0.07626525211334229,-1.0
0.09122528338048141,0.002490126993507147,45,1.4996996650006622,0.00040843029060201667,15,99.70000004768372,0.06448643660545349,-1.0
0.09091468136466574,0.0016180396924028173,46,1.4807613040320575,0.000389444544891327,15,99.55000004768371,0.06393048793077469,-1.0
0.09137199900578707,0.0029987650050316006,47,1.5101946778595448,0.0003706369773167883,15,99.75,0.0588577516078949,-1.0
0.09080184779304545,0.002357641773414798,48,1.490793484961614,0.0003520365877844012,15,99.90000004768372,0.04632295173406601,-1.0
0.0760488262749277,0.002485075732693076,49,1.2567938689608127,0.0003336720567466412,15,99.7,0.04419413918256759,-1.0
0.09812830852752086,0.0018807827873388305,50,1.600389425875619,0.0003155717009792807,15,99.7,0.04322925221920013,-1.0
0.09898608666844666,0.0023778527684044093,51,1.622074268059805,0.00029776342991897335,15,99.7,0.043071122348308566,-1.0
0.10005068342434242,0.0015921228186925873,52,1.6265424150042236,0.00028027470262892445,15,99.9,0.03464683869481087,-1.0
0.10049490466190036,0.0027229180850554258,53,1.6517355791293085,0.0002631324854590073,15,99.95,0.02814525407552719,-1.0
0.0986102544266032,0.0015899120044196025,54,1.6034562829881907,0.0002463632104656054,15,100.0,0.027853329211473463,-1.0
0.07265315104450565,0.0034592000738484785,55,1.218037276994437,0.0002299927346552969,15,99.9,0.02632304111123085,-1.0
0.07358433217450511,0.0017278794548474252,56,1.2052328321151435,0.00021404630011522587,15,99.85000004768372,0.02742854392528534,-1.0
0.06267113726062234,0.0018696979386731982,57,1.0329634558875114,0.00019854849509163232,15,99.9,0.025732818722724916,-1.0
0.07434839451161679,0.002148303799913265,58,1.2243084241636097,0.00018352321607655918,15,100.0,0.02484305514395237,-1.0
0.088610483580851,0.002026021422352642,59,1.4504337238613516,0.00016899363096119395,15,99.95,0.02262384805083275,-1.0
0.08983776142122224,0.0025818291469477117,60,1.4790137889795005,0.000154982143312659,15,100.0,0.0213547008484602,-1.0
0.08777797542279586,0.002713584268349223,61,1.448126486968249,0.0001415103578293356,15,100.0,0.017748757392168045,-1.0
0.09074873595091049,0.002338842867175117,62,1.4897763531189412,0.0001285990470279847,15,99.95,0.020128989577293397,-1.0
0.09273971476068255,0.0028057864983566105,63,1.529065313981846,0.0001162681192140312,15,100.0,0.01963506430387497,-1.0
0.09183664036390837,0.0027531515806913376,64,1.5138485170900822,0.00010453658778440107,15,99.95,0.01955336333811283,-1.0
0.09126984172326047,0.001606331585207954,65,1.486340134171769,9.342254191024022e-05,15,100.0,0.018314973324537277,-1.0
0.09030707349302247,0.0024676978937350214,66,1.4846905118320137,8.294311864472437e-05,15,100.0,0.0171458740234375,-1.0
0.09003563823353034,0.0017440698284190148,67,1.4687877669930458,7.311447649896551e-05,15,100.0,0.01723379798233509,-1.0
0.08944030549901072,0.0026190643839072436,68,1.47320520109497,6.395177052675794e-05,15,100.0,0.017110601425170898,-1.0
0.091386319254525,0.0038623357540927827,69,1.5242329111788422,5.546912895658472e-05,15,100.0,0.015541640654206277,-1.0
0.09066818981955294,0.0016747076151659712,70,1.4777536890469491,4.767963140691306e-05,15,100.0,0.017033610343933105,-1.0
0.09222355693054851,0.0025243699492421,71,1.5162333091720939,4.059528871837034e-05,15,99.95,0.016532671034336092,-1.0
0.09149054835143033,0.00188084902765695,72,1.4942089470569044,3.4227024433899e-05,15,100.0,0.01607082663476467,-1.0
0.09152243811695371,0.0029314671410247684,73,1.5115177161060274,2.8584657955444653e-05,15,100.0,0.01767809474468231,-1.0
0.09147102141287178,0.001650853460887447,74,1.4902641479857266,2.367688940315011e-05,15,100.0,0.015691918045282364,-1.0
0.09191602162900381,0.0028845838096458465,75,1.517147293081507,1.951128620040094e-05,15,99.95,0.01612547813355923,-1.0
0.09185230446746573,0.003070338032557629,76,1.5197271339129657,1.6094271405406862e-05,15,100.0,0.016273202314972878,-1.0
0.0911470304854447,0.0019544435635907575,77,1.4898953619413078,1.3431113807311488e-05,15,99.95,0.016139216691255568,-1.0
0.09120102373708505,0.001792056005797349,78,1.488140852889046,1.1525919802101659e-05,15,99.95,0.01667777183651924,-1.0
0.0875216175627429,0.0024468587507726625,79,1.4397454839199781,1.0381627060842164e-05,15,100.0,0.016572443515062332,-1.0
0.09018877540074755,0.002629558221087791,80,1.4854214179795235,1e-05,15,100.0,0.01543556921184063,-1.0
0.09233352129676324,0.010819514295743668,1,1.7539353750180453,0.000999618372939158,16,2.0952381051722027,4.712507908230736,-1.0
0.08989568720297779,0.001666225671001217,2,1.5568536301143467,0.0009984740801978985,16,3.4761904861245836,4.447878069196428,-1.0
0.09069992070469786,0.0020754497142179925,3,1.5774648319929838,0.0009965688861926887,16,5.0476190476190474,4.278671877724784,-1.0
0.09131775764912806,0.0018797571743455004,4,1.5846182920504361,0.0009939057285945933,16,6.61904762614341,4.137453491574242,-1.0
0.09053345910711762,0.002436308724367443,5,1.5807412560097873,0.0009904887137995992,16,6.857142858916805,4.036261628468831,-1.0
0.0885967578711536,0.0017589126056169763,6,1.5363283811602741,0.00098632311059685,16,9.428571448439644,3.9290242476690382,-1.0
0.09181726406164029,0.0022480428794070203,7,1.599356667837128,0.0009814153420445555,16,11.619047636077518,3.745458957581293,-1.0
0.08724635684698381,0.0019799264503971617,8,1.517108186846599,0.0009757729755661012,16,12.52380954367774,3.6043861003149122,-1.0
0.08937122259179459,0.0017922944115365252,9,1.5500458660535514,0.0009694047112816298,16,14.857142868496123,3.4998841035933723,-1.0
0.08938719981404789,0.0024170907186892104,10,1.5609565929044038,0.0009623203685930871,16,16.666666678019933,3.4031441988263813,-1.0
0.0873150811804568,0.002398407826309695,11,1.5253788970876485,0.0009545308710434153,16,19.47619048044795,3.228609719049363,-1.0
0.09627516855321386,0.0025433325619601153,12,1.6801617990713567,0.0009460482294732422,16,21.904761913276854,3.0734762409755163,-1.0
0.09923172799651236,0.003275246181360939,13,1.7428568080067635,0.0009368855235010348,16,25.571428577105205,2.93237948735555,-1.0
0.09908679135910728,0.003154759993776679,14,1.7384455921128392,0.0009270568813552758,16,25.571428611165,2.8655504490080332,-1.0
0.09910503652987673,0.002764966051258585,15,1.7320602380204946,0.0009165774580897602,16,27.9523809608959,2.721674164817447,-1.0
0.07118496632970431,0.0017716534956194023,16,1.240493862889707,0.0009054634122155992,16,33.095238095238095,2.5806966754368372,-1.0
0.07345662731677294,0.0031674205024233635,17,1.302839657990262,0.0008937318807859689,16,34.90476189908527,2.4298245248340424,-1.0
0.06213761294972809,0.001685693408088649,18,1.0852819860447198,0.0008814009529720156,16,38.09523810659136,2.3159616679237,-1.0
0.09131353127989261,0.001924142542788211,19,1.5852771289646626,0.0008684896421706646,16,40.57142860548837,2.15749795686631,-1.0
0.0890843841000734,0.0015993224292555276,20,1.5418764299247414,0.0008550178566873412,16,43.95238095238095,2.047937161581857,-1.0
0.08970800796797608,0.001771705731859102,21,1.5554390479810536,0.0008410063690388064,16,47.380952392305645,1.9027244990212577,-1.0
0.09033203342765131,0.0027276194544837754,22,1.5823048339225352,0.0008264767839234412,16,50.380952392305645,1.7561452418281918,-1.0
0.09024219807949574,0.0017579559181981226,23,1.5642944148276001,0.000811451504908368,16,56.04761906464895,1.598963232494536,-1.0
0.09116859810755533,0.0018141218324137084,24,1.5809976251330227,0.0007959536998847743,16,57.285714336803984,1.5018059998466855,-1.0
0.08968727390610558,0.002503759857705411,25,1.5675372881814837,0.0007800072653447032,16,60.23809523809524,1.420443392708188,-1.0
0.09039247579708257,0.002468831549562952,26,1.5789721000473946,0.0007636367895343947,16,66.28571437654041,1.223423136302403,-1.0
0.09091485623160706,0.002638091483865591,27,1.5906734699383378,0.0007468675145409928,16,70.71428583917164,1.0846597349076044,-1.0
0.09053443599601879,0.0021890672882471014,28,1.5765338060446084,0.0007297252973710758,16,74.95238103185382,0.9486131715774536,-1.0
0.09009264610872111,0.0018649879459510831,29,1.5635382449254394,0.0007122365700810271,16,76.71428575969878,0.8864259168079921,-1.0
0.08972984744126306,0.0018199227942044243,30,1.5565929238218814,0.0006944282990207196,16,80.19047625859578,0.7751265966324579,-1.0
0.08881900136304252,0.0021699808729702934,31,1.547051175031811,0.0006763279432533592,16,82.38095239230564,0.7065240392230806,-1.0
0.0893581636962207,0.0015558603712741066,32,1.54577845800668,0.0006579634122155992,16,84.66666679155259,0.6519996089027041,-1.0
0.08981561768964372,0.0017197849502896562,33,1.5563377880025655,0.000639363022683212,16,88.76190486408416,0.5164863210632687,-1.0
0.09010564056499039,0.002628436901003999,34,1.576723953941837,0.0006205554551086735,16,89.5714286963145,0.4624815957886832,-1.0
0.0887537713655654,0.0015372554634642951,35,1.5352038899436593,0.0006015697093979838,16,92.3809524717785,0.3903857555843535,-1.0
0.08821778488345444,0.002593723057276186,36,1.5440582979936153,0.0005824350601949146,16,93.23809536298116,0.3446154188542139,-1.0
0.08918570149142076,0.0017844898598816466,37,1.5467490360606462,0.0005631810117416299,16,94.76190480731782,0.2952674653416588,-1.0
0.08937879942138405,0.0026631089858710766,38,1.564949678024277,0.0005438372523852835,16,95.85714298202878,0.25542244201614744,-1.0
0.09015527286785929,0.002837254186434781,39,1.5811103549785912,0.0005244336088007391,16,97.33333344686599,0.19999554861159552,-1.0
0.08677709371070652,0.0016114393468288815,40,1.502839372958988,0.0005050000000000001,16,97.66666674613953,0.17156786118234907,-1.0
0.0896005968508475,0.0019610516233917546,41,1.556791998911649,0.0004855663911992613,16,98.0952380952381,0.1469014889285678,-1.0
0.09019549033494995,0.002962362308822134,42,1.5839307350106537,0.00046616274761471693,16,98.80952392305646,0.12320425405388787,-1.0
0.08851746892940034,0.002926380647455945,43,1.5548745961859822,0.00044681898825837057,16,99.04761904761905,0.10789465350764138,-1.0
0.08876797066563193,0.0017615444547332386,44,1.5392688568681479,0.000427564939805086,16,99.0476191611517,0.10072333937599545,-1.0
0.08671289500232567,0.0029260724618592683,45,1.524125250056386,0.00040843029060201667,16,98.80952392305646,0.097674100342251,-1.0
0.08633107600240585,0.0017759928151088603,46,1.498073608847335,0.000389444544891327,16,99.28571439924694,0.08167795230944952,-1.0
0.0892510270453332,0.0019626776715192724,47,1.5508796591311693,0.0003706369773167883,16,99.76190476190476,0.06179168918303081,-1.0
0.09080509577110848,0.0016713161158430226,48,1.5723453799728304,0.0003520365877844012,16,99.57142857142857,0.055555131690842766,-1.0
0.08938906767734271,0.0017490984378930401,49,1.5495964761357754,0.0003336720567466412,16,99.47619058972313,0.05774990191062292,-1.0
0.0895844195585917,0.0025263092590167243,50,1.5661813879851252,0.0003155717009792807,16,99.66666666666667,0.05243930934440522,-1.0
0.07672583118683714,0.002449058338671046,51,1.3462154150474817,0.00029776342991897335,16,99.76190487543742,0.04322541102057412,-1.0
0.09703393357203287,0.0018918003667803371,52,1.6820101861376315,0.00028027470262892445,16,99.9047619047619,0.03726865988402139,-1.0
0.09303840707220576,0.0015304582193493843,53,1.6079085757955909,0.0002631324854590073,16,99.95238095238095,0.03788651016496477,-1.0
0.09882286575841992,0.002364753827671794,54,1.7204279298894107,0.0002463632104656054,16,99.95238095238095,0.0333050672638984,-1.0
0.09775084332453415,0.002382426796590581,55,1.7025433068629354,0.0002299927346552969,16,100.0,0.030615593386547905,-1.0
0.09842726018498926,0.002819209044580074,56,1.7214370670262724,0.00021404630011522587,16,100.0,0.028175751098564693,-1.0
0.06010638232178548,0.0023555777939584326,57,1.0620876029133797,0.00019854849509163232,16,100.0,0.028584468513727188,-1.0
0.0713162801009329,0.002227776368860813,58,1.250483512179926,0.00018352321607655918,16,99.95238095238095,0.026273682883807593,-1.0
0.060941047829521054,0.0022755280438372318,59,1.0749229919165373,0.00016899363096119395,16,99.80952380952381,0.02648506583912032,-1.0
0.0864429633023546,0.0028293482849703114,60,1.5178622659295797,0.000154982143312659,16,100.0,0.026671074692692077,-1.0
0.08800011949942392,0.001968126497505342,61,1.5296981579158455,0.0001415103578293356,16,100.0,0.025360500266154606,-1.0
0.08982870981152005,0.001970120650880477,62,1.5608163729775697,0.0001285990470279847,16,99.90476201829456,0.027310748270579745,-1.0
0.09006086894420579,0.0017760001698180156,63,1.5614651020150632,0.0001162681192140312,16,99.95238095238095,0.026018878292469752,-1.0
0.09008097682860405,0.002859084113665363,64,1.580228776903823,0.00010453658778440107,16,99.85714285714286,0.02804795654047103,-1.0
0.09032895170864375,0.0017643248224083114,65,1.56583207892254,9.342254191024022e-05,16,99.95238095238095,0.023141429381711143,-1.0
0.08920736986157649,0.002425358137663673,66,1.5579988099634647,8.294311864472437e-05,16,100.0,0.023251518759699094,-1.0
0.08912809063023065,0.0017916962559170583,67,1.545887262094766,7.311447649896551e-05,16,100.0,0.020340279209471884,-1.0
0.09066760271568508,0.0033153536976041165,68,1.5980067730415612,6.395177052675794e-05,16,100.0,0.02044832020998001,-1.0
0.09024597478427869,0.0015234553446883663,69,1.5603722999803722,5.546912895658472e-05,16,100.0,0.01861753496385756,-1.0
0.09073596616166041,0.00241837471120936,70,1.5839302721433342,4.767963140691306e-05,16,100.0,0.01888540178182579,-1.0
0.09021853200872154,0.002714400823392412,71,1.5801554010249674,4.059528871837034e-05,16,100.0,0.02030384397577672,-1.0
0.08795727192259886,0.0016262101365582032,72,1.523164883023128,3.4227024433899e-05,16,100.0,0.01980983240973382,-1.0
0.09106684956863961,0.002623775850652772,73,1.5929819140583277,2.8584657955444653e-05,16,99.9047619047619,0.020119579991414432,-1.0
0.09053418318302754,0.003013746758155963,74,1.590607397025451,2.367688940315011e-05,16,100.0,0.01940768098547345,-1.0
0.09169210107339655,0.0029087489169529255,75,1.6085112250875682,1.951128620040094e-05,16,100.0,0.01806167511712937,-1.0
0.09099610897657626,0.0030135210219989807,76,1.5984805040061474,1.6094271405406862e-05,16,100.0,0.018549474974473318,-1.0
0.09003689071601804,0.0024816641611430574,77,1.5730693228542805,1.3431113807311488e-05,16,100.0,0.01787726226307097,-1.0
0.08925370737800703,0.0026758826228187363,78,1.5630573600064963,1.1525919802101659e-05,16,99.95238095238095,0.019791341260785147,-1.0
0.08981505725258852,0.002239247633363394,79,1.565174990100786,1.0381627060842164e-05,16,100.0,0.0174632292311816,-1.0
0.09004352571826209,0.0018354866324978717,80,1.562189738964662,1e-05,16,100.0,0.01866851671111016,-1.0
0.09411173339726196,0.011442625985687805,1,1.9003811520524323,0.000999618372939158,17,2.0,4.700110860304399,-1.0
0.09010109851240283,0.001505373653748797,2,1.649229957954958,0.0009984740801978985,17,3.1363636363636362,4.451176593086936,-1.0
0.09090833213283783,0.0014661149277041356,3,1.6630476680584252,0.0009965688861926887,17,5.045454550873149,4.303709271170876,-1.0
0.09066360965112431,0.001762700525836812,4,1.6640255900565535,0.0009939057285945933,17,6.22727272998203,4.166513285203414,-1.0
0.08995947641475747,0.0018342838027617997,5,1.6525276929605752,0.0009904887137995992,17,7.863636374473572,4.086238902698864,-1.0
0.09020800299994233,0.0015753242833953765,6,1.6523440869059414,0.00098632311059685,17,7.772727274081924,3.9635070930827747,-1.0
0.09029036012685134,0.0016413108678534627,7,1.6550157759338617,0.0009814153420445555,17,10.590909090909092,3.8365637484463777,-1.0
0.09079237784155542,0.0016676598202644123,8,1.664522951003164,0.0009757729755661012,17,12.18181819265539,3.7162734699249267,-1.0
0.09066238265950233,0.0016179047266228332,9,1.6612823470495641,0.0009694047112816298,17,13.181818181818182,3.627993691184304,-1.0
0.08027740977963226,0.0016024889450313316,10,1.474076272919774,0.0009623203685930871,17,14.772727278145878,3.501845369338989,-1.0
0.09730723549404906,0.0014947425030792754,11,1.778668032027781,0.0009545308710434153,17,18.590909096327696,3.356473569869995,-1.0
0.09856993868015707,0.002873061535259088,12,1.8262160569429398,0.0009460482294732422,17,19.59090909090909,3.2388947088068183,-1.0
0.0999113474584495,0.002820440270524058,13,1.8494111869949847,0.0009368855235010348,17,20.727272732691333,3.1057958152077414,-1.0
0.09915974905662653,0.00270521506253216,14,1.833807250019163,0.0009270568813552758,17,22.54545455087315,3.0263634144176135,-1.0
0.06686898855130291,0.002450583334494796,15,1.2479875572025776,0.0009165774580897602,17,24.181818203492597,2.910206519907171,-1.0
0.07341482711490244,0.0017768700555380848,16,1.3536805650219321,0.0009054634122155992,17,27.181818184527483,2.7713286512548274,-1.0
0.07366367479941498,0.00248159131863051,17,1.370860697934404,0.0008937318807859689,17,29.272727272727273,2.680432489568537,-1.0
0.08826493116147402,0.0015309311759968598,18,1.6165526318363845,0.0008814009529720156,17,29.95454547621987,2.555030518445102,-1.0
0.08985119713987741,0.0019994217954162094,19,1.6535526730585843,0.0008684896421706646,17,34.500000005418606,2.446187556873668,-1.0
0.09002580162551668,0.0017497198164670004,20,1.6522240021731704,0.0008550178566873412,17,36.72727272727273,2.3246820623224433,-1.0
0.08984949755378896,0.001694682442272703,21,1.648082248866558,0.0008410063690388064,17,40.36363637447357,2.190645933151245,-1.0
0.09111013798974454,0.0016699915156803196,22,1.6703279081266373,0.0008264767839234412,17,42.5,2.0466935938054864,-1.0
0.09023406945117232,0.0016406570017958682,23,1.6539902840740979,0.000811451504908368,17,46.09090909090909,1.9642179376428777,-1.0
0.09011627838481218,0.0016579697839915752,24,1.6521772479172796,0.0007959536998847743,17,49.36363638531078,1.8196173849972812,-1.0
0.08917082211054447,0.002517067827284336,25,1.6506137950345874,0.0007800072653447032,17,50.90909095243974,1.7481947322325273,-1.0
0.0896588344540861,0.0024350377756895292,26,1.6579252218361944,0.0007636367895343947,17,58.727272748947144,1.546919215809215,-1.0
0.08978842180739674,0.0019902028014055556,27,1.6522491029463708,0.0007468675145409928,17,61.36363636363637,1.415584224354137,-1.0
0.0899958477045099,0.002566253844027718,28,1.6663493339437991,0.0007297252973710758,17,65.22727274894714,1.2801775087009777,-1.0
0.09010489944679041,0.00260622128068159,29,1.6690914889331907,0.0007122365700810271,17,67.5,1.22576763456518,-1.0
0.0892965474114236,0.0026936081445051562,30,1.656114136101678,0.0006944282990207196,17,68.72727277062155,1.155997109413147,-1.0
0.08912609649511676,0.002440079167071316,31,1.648501715855673,0.0006763279432533592,17,74.00000004334883,1.0085137388922951,-1.0
0.0884534531376428,0.0024753035848132437,32,1.6369572998955846,0.0006579634122155992,17,76.0909091125835,0.9057487284053456,-1.0
0.08873292155719052,0.0030903745985900364,33,1.6530838459730148,0.000639363022683212,17,73.63636365803805,0.9490319442749023,-1.0
0.08887230397926436,0.0024168300183696877,34,1.6434913221746683,0.0006205554551086735,17,79.13636365803805,0.8165538857199929,-1.0
0.09004888190732648,0.00267946592066437,35,1.6693502301350236,0.0006015697093979838,17,82.2727273160761,0.6953598321567882,-1.0
0.09042196322439446,0.0027437193914213115,36,1.6772741528693587,0.0005824350601949146,17,83.59090913425793,0.6543563879619945,-1.0
0.08986246043867949,0.0018672497373902136,37,1.651424448005855,0.0005631810117416299,17,88.31818181818181,0.5327595069191673,-1.0
0.09002722212527361,0.0016859666470231281,38,1.651123204967007,0.0005438372523852835,17,92.54545454545455,0.4207792178067294,-1.0
0.08981624217186537,0.00155100683009045,39,1.6448525451123714,0.0005244336088007391,17,93.54545454545455,0.3708426163413308,-1.0
0.088120332854386,0.003141426481306553,40,1.6430030150804669,0.0005050000000000001,17,93.6818182034926,0.35860619111494585,-1.0
0.08960782948674427,0.002149351678478221,41,1.6519225388765335,0.0004855663911992613,17,95.22727277062155,0.2881297771497206,-1.0
0.08939362987358537,0.0027313346250189673,42,1.6585334758274257,0.00046616274761471693,17,95.95454545454545,0.26341720732775603,-1.0
0.09059773715368162,0.002058525065270563,43,1.6680952538736165,0.00044681898825837057,17,96.54545456712896,0.23056440721858631,-1.0
0.08976725068512476,0.0015563727097792758,44,1.6440820158459246,0.000427564939805086,17,96.50000002167441,0.2240105361288244,-1.0
0.09009899539200382,0.002056864659405417,45,1.659175944980234,0.00040843029060201667,17,97.54545454545455,0.18979674501852556,-1.0
0.09035438716980732,0.00208065138819317,46,1.6641248450614512,0.000389444544891327,17,97.50000004334883,0.17571457635272633,-1.0
0.08996809903894448,0.0016373055728359355,47,1.6491906919982284,0.0003706369773167883,17,98.1818182034926,0.1499863519451835,-1.0
0.08852293815774222,0.0018746390188526777,48,1.6274617360904813,0.0003520365877844012,17,98.27272727272727,0.14997237487272783,-1.0
0.08995635595379604,0.0015835644315100377,49,1.6480304340366274,0.0003336720567466412,17,97.13636367971247,0.16698853026736865,-1.0
0.09030563181214449,0.001533120974070496,50,1.6533906480763108,0.0003155717009792807,17,97.77272729440169,0.14249953139911997,-1.0
0.09031662581643711,0.0014275775109935137,51,1.651687327073887,0.00029776342991897335,17,98.2727273160761,0.12724652209065176,-1.0
0.0883487837208021,0.0017076797214233214,52,1.6212675678543746,0.00028027470262892445,17,99.27272729440169,0.10163534175265919,-1.0
0.09048987618492295,0.0022799499307034742,53,1.6701748459599912,0.0002631324854590073,17,99.36363636363636,0.08754266224124214,-1.0
0.09619679955196464,0.001881480566225946,54,1.765662730904296,0.0002463632104656054,17,99.27272727272727,0.08273751838640733,-1.0
0.09854015154350135,0.0017470476321048206,55,1.805458707967773,0.0002299927346552969,17,99.72727272727273,0.06908746353604577,-1.0
0.0982540502704473,0.0017657495077906384,56,1.8005942029412836,0.00021404630011522587,17,99.59090913425793,0.058944731408899484,-1.0
0.09902063335499002,0.0017159440968599585,57,1.8135000260081142,0.00019854849509163232,17,99.5,0.06568446224386042,-1.0
0.059504499387306474,0.0014639942803316647,58,1.0977179219480604,0.00018352321607655918,17,99.86363636363636,0.058101472664963114,-1.0
0.07294934928520685,0.002292532215101851,59,1.354583791922778,0.00016899363096119395,17,99.9090909090909,0.04945865566080267,-1.0
0.0610263740333418,0.0014360235848774512,60,1.124544447986409,0.000154982143312659,17,99.7727273160761,0.04584051343527707,-1.0
0.09035875243393497,0.0014725297353126937,61,1.6532023171894252,0.0001415103578293356,17,99.77272729440169,0.050854192321950736,-1.0
0.08934249723744062,0.0027652264883120856,62,1.6581675899215043,0.0001285990470279847,17,99.7727273160761,0.05311491532759233,-1.0
0.08954843270799352,0.0024311970143268504,63,1.6558900389354676,0.0001162681192140312,17,99.81818181818181,0.04926545321941376,-1.0
0.09053391659270144,0.0021399630673436653,64,1.6684341100044549,0.00010453658778440107,17,99.9090909090909,0.042196350206028334,-1.0
0.0906352983115034,0.0017490550720443327,65,1.6631621250417084,9.342254191024022e-05,17,100.0,0.039535441479899666,-1.0
0.09004226685242935,0.001449685246269736,66,1.647093113977462,8.294311864472437e-05,17,99.95454549789429,0.040995935147458855,-1.0
0.09004891026092486,0.0017395612990690602,67,1.652421762002632,7.311447649896551e-05,17,99.77272729440169,0.038632150780070915,-1.0
0.0903981882147491,0.0017212009988725185,68,1.6583931618370116,6.395177052675794e-05,17,99.77272727272727,0.04620791393247518,-1.0
0.08967086129511397,0.0016835597602443562,69,1.6446253459434956,5.546912895658472e-05,17,99.90909093076533,0.04110594153404236,-1.0
0.09038248722855416,0.0025777164458607635,70,1.6735218930989504,4.767963140691306e-05,17,99.90909095243974,0.0386754356731068,-1.0
0.09028246420590828,0.002887376066711214,71,1.6772986459545791,4.059528871837034e-05,17,100.0,0.034317059245976535,-1.0
0.08979467552206996,0.0026342798050286043,72,1.663964661071077,3.4227024433899e-05,17,99.95454545454545,0.03748163995417682,-1.0
0.08600386454620296,0.002682956517674029,73,1.5966018170583993,2.8584657955444653e-05,17,100.0,0.03508034922859885,-1.0
0.09105054943615364,0.0028566124512710506,74,1.6905664398800582,2.367688940315011e-05,17,100.0,0.03349472403526306,-1.0
0.09060215320075965,0.002569666520381967,75,1.6773300101049244,1.951128620040094e-05,17,99.90909093076533,0.036047880974682894,-1.0
0.08966715883515361,0.0024677443369809124,76,1.6586559780407697,1.6094271405406862e-05,17,100.0,0.03387675179676576,-1.0
0.09128608874097052,0.001541272323164675,77,1.6711368549149483,1.3431113807311488e-05,17,99.90909095243974,0.033622144243933935,-1.0
0.09031900372873577,0.0015485712663374012,78,1.6538625489920378,1.1525919802101659e-05,17,99.95454545454545,0.03194476040926847,-1.0
0.09071038064495143,0.0016371357487514615,79,1.662494353018701,1.0381627060842164e-05,17,99.9090909090909,0.03253067517822439,-1.0
0.0900799856107268,0.0016743648254002135,80,1.6518228431232274,1e-05,17,99.86363638531078,0.03317248062653975,-1.0
0.09549488238472906,0.010254540170232454,1,1.9037722288630903,0.000999618372939158,18,2.478260865677958,4.692832042859949,-1.0
0.09218063642684785,0.0016444924080537425,2,1.6891520880162716,0.0009984740801978985,18,4.043478258278059,4.408832030089005,-1.0
0.09246643875829047,0.001530597956540684,3,1.6922345720231533,0.0009965688861926887,18,5.391304340051568,4.22507471996805,-1.0
0.09214000225377579,0.0024734630327050886,4,1.7033423131797463,0.0009939057285945933,18,7.391304336164309,4.073057288294253,-1.0
0.09090691182710645,0.0027767427834785646,5,1.6865609949454665,0.0009904887137995992,18,8.43478259962538,3.955013150754182,-1.0
0.09252074951978607,0.0025661210917557278,6,1.7118079760111868,0.00098632311059685,18,10.869565200546514,3.815799209345942,-1.0
0.09143193737448503,0.0018697463545120424,7,1.6796717389952391,0.0009814153420445555,18,12.869565196659254,3.6429784861854886,-1.0
0.09023478378852208,0.0016717587132006884,8,1.6545677189715207,0.0009757729755661012,18,14.217391288798789,3.5463829757856287,-1.0
0.09153007127396348,0.0016009156048918765,9,1.676606026943773,0.0009694047112816298,18,16.304347800171893,3.410009014295495,-1.0
0.10083463715596332,0.002618369853330983,10,1.8624688470736146,0.0009623203685930871,18,19.086956485458042,3.313669498277747,-1.0
0.10150515933572832,0.0015735193931808074,11,1.8556862610857934,0.0009545308710434153,18,20.260869534119315,3.1401270903711733,-1.0
0.10181413689214322,0.0023604821051574415,12,1.8753860259894282,0.0009460482294732422,18,24.26086948228919,2.9587208499079165,-1.0
0.09964045376465139,0.0019435785684941544,13,1.8287567170336843,0.0009368855235010348,18,27.304347743158754,2.792534878357597,-1.0
0.06265161344264117,0.0017904892770780458,14,1.1602130308747292,0.0009270568813552758,18,28.608695517415587,2.718373781701793,-1.0
0.07243726486598866,0.0015289286901760432,15,1.3316414279397577,0.0009165774580897602,18,31.565217352431752,2.586866159439087,-1.0
0.06494244790842964,0.0020016748587497407,16,1.2052437930833548,0.0009054634122155992,18,33.99999999481699,2.4310593725287397,-1.0
0.08968058998127365,0.001559620011701352,17,1.6425620669033378,0.0008937318807859689,18,37.86956523812336,2.281325183951336,-1.0
0.09239829683469401,0.002644654169368247,18,1.7110248839017004,0.0008814009529720156,18,41.304347727609716,2.1533668986610746,-1.0
0.09487943152069217,0.0017334044290085633,19,1.739371646894142,0.0008684896421706646,18,44.69565214799798,1.9839510797417683,-1.0
0.0939274689881131,0.001717734228198727,20,1.7218586639501154,0.0008550178566873412,18,48.69565214799798,1.844782395362854,-1.0
0.09320869819364613,0.001853605525361167,21,1.7113911099731922,0.0008410063690388064,18,51.956521702849344,1.6840834140777587,-1.0
0.09278160495321369,0.0017525985474801725,22,1.7018621030729264,0.0008264767839234412,18,56.78260848833167,1.534536276070968,-1.0
0.09344362779261751,0.001743697975244787,23,1.7136479779146612,0.000811451504908368,18,61.913043467894845,1.3956447047772615,-1.0
0.09177630621060315,0.00304930679137922,24,1.7071530420798808,0.0007959536998847743,18,64.78260871638422,1.2585224120513252,-1.0
0.09299882171520342,0.002653393402902616,25,1.7219892649445683,0.0007800072653447032,18,71.1739128983539,1.0968806326907614,-1.0
0.09347426910729457,0.0016592331748041841,26,1.7126421490684152,0.0007636367895343947,18,73.34782609732255,1.004061828074248,-1.0
0.09274178441976094,0.0025320312448052894,27,1.7151706151198596,0.0007468675145409928,18,75.78260865418807,0.892924226263295,-1.0
0.09253296247010843,0.0023158707578356066,28,1.7075493221636862,0.0007297252973710758,18,80.56521726691204,0.7576455649085667,-1.0
0.0932166986555482,0.001763866735725767,29,1.7098908270709217,0.0007122365700810271,18,83.69565212208292,0.6598558516087739,-1.0
0.09264352105350958,0.002098161559034553,30,1.7056448180228472,0.0006944282990207196,18,87.086956469909,0.5639032620969026,-1.0
0.0929383130537139,0.002212087054633432,31,1.7129713268950582,0.0006763279432533592,18,89.26086927496868,0.48066575475361034,-1.0
0.09253561618323955,0.001631239545531571,32,1.6952465269714594,0.0006579634122155992,18,92.8260868528615,0.38343617750250775,-1.0
0.09309280328711288,0.0018726793221301502,33,1.7097349711693823,0.000639363022683212,18,93.91304344716279,0.33202521044275035,-1.0
0.09332880589904057,0.0015324884378868672,34,1.7077978688757867,0.0006205554551086735,18,93.78260846759962,0.3121899063172548,-1.0
0.09358814360004747,0.001753726909454498,35,1.7164520958904177,0.0006015697093979838,18,95.43478253613348,0.2561890745681265,-1.0
0.09371048927358869,0.0015476135562898384,36,1.7149424150120467,0.0005824350601949146,18,96.60869553814764,0.2125115280566008,-1.0
0.09370743986477868,0.0025759725184697243,37,1.7333962540142238,0.0005631810117416299,18,97.3913041508716,0.18557613707107046,-1.0
0.0936443202663213,0.0024553570094414884,38,1.7300292328000069,0.0005438372523852835,18,98.30434754620428,0.14794532288675724,-1.0
0.09402723129217823,0.0017242167119143738,39,1.7237660840619355,0.0005244336088007391,18,98.17391284652378,0.1307393751973691,-1.0
0.09406991965240902,0.0014757997899626691,40,1.7200632891617715,0.0005050000000000001,18,98.73913019636403,0.11097710665153421,-1.0
0.09328377219693114,0.0023110295231971475,41,1.7209425049368292,0.0004855663911992613,18,98.8695652173913,0.10042231606400531,-1.0
0.09244633917438073,0.0020233344855821794,42,1.7006890489719808,0.00046616274761471693,18,99.34782580707385,0.07952945911366006,-1.0
0.09396645462968284,0.0015323488171108896,43,1.7192304900381714,0.00044681898825837057,18,99.3913043478261,0.06792519919250323,-1.0
0.0929040244858091,0.0016561925100783508,44,1.7023560740053654,0.000427564939805086,18,99.6086956521739,0.057312725730564285,-1.0
0.0933270479242007,0.0015803455219914515,45,1.708575515076518,0.00040843029060201667,18,99.6521736331608,0.050376082062721254,-1.0
0.09309209770678233,0.0019323014033337433,46,1.7106821378692985,0.000389444544891327,18,99.65217391304348,0.046712395756141,-1.0
0.09300094656646252,0.0018871111614215705,47,1.7082423239480704,0.0003706369773167883,18,99.8695652173913,0.04185545014298481,-1.0
0.09207385250677665,0.002488277154043317,48,1.7023770820815116,0.0003520365877844012,18,99.91304347826087,0.03325914501172045,-1.0
0.0925127228256315,0.0020460801638869774,49,1.7023563291877508,0.0003336720567466412,18,99.95652173913044,0.03270249439646369,-1.0
0.0932496499735862,0.0017325991971625222,50,1.7099718621466309,0.0003155717009792807,18,99.91304347826087,0.02794476408349431,-1.0
0.09278566119933708,0.0017051488005866606,51,1.7010816500987858,0.00029776342991897335,18,99.86956493750863,0.02715314542469771,-1.0
0.09257389602458312,0.0017984804645594624,52,1.6989407029468566,0.00028027470262892445,18,99.8695652173913,0.027549809110553367,-1.0
0.08694933115556422,0.0017621231705157293,53,1.5970427829306573,0.0002631324854590073,18,99.95652173913044,0.023584460470339526,-1.0
0.09958306993616538,0.001673313168187936,54,1.8228553070221096,0.0002463632104656054,18,100.0,0.020312905965939813,-1.0
0.10071043737439646,0.001454117682038082,55,1.8392169319558889,0.0002299927346552969,18,99.91304347826087,0.02227021296063195,-1.0
0.10143779672216624,0.0017188275620962183,56,1.8570852961856872,0.00021404630011522587,18,99.95652173913044,0.021234547026131464,-1.0
0.10142011816302936,0.0017137581146218711,57,1.8566666881088167,0.00019854849509163232,18,99.91304347826087,0.022530857408824174,-1.0
0.06390691727089386,0.0018265815063690145,58,1.1834400228690356,0.00018352321607655918,18,100.0,0.019858343989952752,-1.0
0.07301045352748285,0.0015999619693805773,59,1.3432179929222912,0.00016899363096119395,18,100.0,0.018519952268056247,-1.0
0.06419855287660742,0.0017405765700257486,60,1.1871422049589455,0.000154982143312659,18,100.0,0.018898349133846554,-1.0
0.0906479324783302,0.0015654710716464454,61,1.6601791810244322,0.0001415103578293356,18,99.95652173913044,0.018047805224423823,-1.0
0.09175986235236956,0.0016326638740590876,62,1.681370008038357,0.0001285990470279847,18,99.95652173913044,0.017112167816123236,-1.0
0.09162693215896273,0.0015634547324023312,63,1.6777252310421318,0.0001162681192140312,18,100.0,0.016472219505711743,-1.0
0.09302684190010445,0.0014809139797257052,64,1.7014425199013203,0.00010453658778440107,18,99.95652173913044,0.015001939551337905,-1.0
0.09306438491007106,0.0015922878713657458,65,1.704120319802314,9.342254191024022e-05,18,100.0,0.014248293442246707,-1.0
0.09239576418056256,0.002275788587414556,66,1.7043892310466617,8.294311864472437e-05,18,100.0,0.014790837703191716,-1.0
0.09362328434104307,0.002865291717979643,67,1.7370504629798234,7.311447649896551e-05,18,99.95652173913044,0.014158769798991474,-1.0
0.09287933591339323,0.0015859156329598692,68,1.700622339034453,6.395177052675794e-05,18,100.0,0.014828325364252796,-1.0
0.09251018379452741,0.0017812062546403871,69,1.6974961480591446,5.546912895658472e-05,18,100.0,0.014417220480416132,-1.0
0.09217914469384898,0.0021575804696314866,70,1.6983535010367632,4.767963140691306e-05,18,100.0,0.013972114083235678,-1.0
0.092519561928283,0.002464973121984965,71,1.7100256569683552,4.059528871837034e-05,18,100.0,0.013590070336409237,-1.0
0.09187032336679597,0.002992169517609808,72,1.707774616079405,3.4227024433899e-05,18,100.0,0.012598103296173656,-1.0
0.09273169249192709,0.0015313550700537032,73,1.6970295070204884,2.8584657955444653e-05,18,100.0,0.013449161436570727,-1.0
0.09335161943454295,0.001499602558194763,74,1.7075821850448847,2.367688940315011e-05,18,100.0,0.013177800091064494,-1.0
0.09349784610741255,0.002368356722096602,75,1.7258535020519048,1.951128620040094e-05,18,100.0,0.012865686301627885,-1.0
0.09335852251388133,0.002803441990787784,76,1.7311739982105792,1.6094271405406862e-05,18,100.0,0.01264862960771374,-1.0
0.09409657638106081,0.0029426971709148753,77,1.7469626569654793,1.3431113807311488e-05,18,100.0,0.012428240269098592,-1.0
0.0938660396495834,0.0021732326778065828,78,1.7290097658988088,1.1525919802101659e-05,18,100.0,0.013694526251891385,-1.0
0.09340110011140092,0.0017370947300352985,79,1.7127849019598216,1.0381627060842164e-05,18,100.0,0.015545876544454823,-1.0
0.09215786125666152,0.0015848274084015025,80,1.6876726318150759,1e-05,18,100.0,0.013949645061207855,-1.0
0.0940596421959957,0.01011865249050683,1,1.9797186448704451,0.000999618372939158,19,2.16666666790843,4.691765130360921,-1.0
0.0923366283532232,0.0015034446443774197,2,1.7833052719943225,0.0009984740801978985,19,4.70833333581686,4.402376308441162,-1.0
0.09215725873793035,0.0014978441605834586,3,1.7797792630735785,0.0009965688861926887,19,6.0833333532015486,4.2318414751688636,-1.0
0.09296278106538873,0.0015836051959348353,4,1.7967073060572147,0.0009939057285945933,19,7.375,4.045594154993693,-1.0
0.09292714014698408,0.0015444677494662372,5,1.795244436012581,0.0009904887137995992,19,9.208333333333334,3.93093248685201,-1.0
0.09142989917707287,0.0015260615067458467,6,1.7664152309298515,0.00098632311059685,19,11.79166667163372,3.7477159690856934,-1.0
0.08977385462065668,0.002818820495648604,7,1.7595180019270629,0.0009814153420445555,19,12.750000019868216,3.6275027497609456,-1.0
0.08326105426653828,0.0028555360500161584,8,1.6365224251057953,0.0009757729755661012,19,15.041666706403097,3.532949151992798,-1.0
0.10048694689267952,0.002516650214889332,9,1.957316726911813,0.0009694047112816298,19,17.91666668653488,3.3763342571258543,-1.0
0.09808367702766861,0.001421218443857996,10,1.8908539940603077,0.0009623203685930871,19,19.125000019868214,3.2327666759490965,-1.0
0.09975959053017984,0.0017934767896995733,11,1.929777482058853,0.0009545308710434153,19,21.75000003973643,3.1380282624562583,-1.0
0.10015570716687332,0.0015747735619937118,12,1.9331383828539401,0.0009460482294732422,19,24.0,2.9708275095621746,-1.0
0.0694556482209775,0.001697752367411005,13,1.3522042450495064,0.0009368855235010348,19,26.291666706403095,2.8193085130055744,-1.0
0.0741512101315158,0.0019183417684153507,14,1.445566481910646,0.0009270568813552758,19,29.291666666666668,2.697570041020711,-1.0
0.06243425361370962,0.0021405961781151986,15,1.227163156028837,0.0009165774580897602,19,30.00000003973643,2.578477986653646,-1.0
0.08887736064283863,0.0020765584133761493,16,1.7284153879154474,0.0009054634122155992,19,34.041666666666664,2.466188481648763,-1.0
0.0904699880384693,0.001704761010937785,17,1.7516231250483543,0.0008937318807859689,19,38.0416667064031,2.3153462378184,-1.0
0.09209973778036472,0.0020810473759315514,18,1.7897360490169376,0.0008814009529720156,19,42.5416667064031,2.1039897791544595,-1.0
0.09241005507493882,0.001374459445574566,19,1.7821608469821513,0.0008684896421706646,19,44.95833341280619,2.010929714838664,-1.0
0.09153112636781052,0.0015067111602739284,20,1.7679742239415646,0.0008550178566873412,19,49.416666666666664,1.8053658151626586,-1.0
0.09254273095805395,0.0021426527834448373,21,1.7993648538831621,0.0008410063690388064,19,52.95833337306976,1.688563265800476,-1.0
0.09244711034146971,0.0022098244486474677,22,1.7988179749809206,0.0008264767839234412,19,56.08333341280619,1.5441725301742553,-1.0
0.09202259162587947,0.0018482403216981574,23,1.783856492023915,0.000811451504908368,19,60.58333349227905,1.416001442273458,-1.0
0.09310129956391297,0.0020314960642472692,24,1.8083442870993167,0.0007959536998847743,19,64.75000007947285,1.2617998504638672,-1.0
0.09153874170672345,0.0017318067042843292,25,1.7723806989379227,0.0007800072653447032,19,68.91666682561238,1.132614444096883,-1.0
0.09174242779906643,0.0016963961534202099,26,1.7755842248443514,0.0007636367895343947,19,73.54166666666667,0.9884525696436565,-1.0
0.09204494749735061,0.0016663686592916125,27,1.7807718010153621,0.0007468675145409928,19,76.125,0.880130672454834,-1.0
0.09156181616708636,0.0014743480439248838,28,1.7679368541575968,0.0007297252973710758,19,81.25000015894572,0.7480958175659179,-1.0
0.09261554721007614,0.0017268668958231022,29,1.7927558231167495,0.0007122365700810271,19,82.04166674613953,0.6803594517707825,-1.0
0.092189030488953,0.001432641360320543,30,1.7791045329067856,0.0006944282990207196,19,87.33333333333333,0.5817557358741761,-1.0
0.09152962570078671,0.0015102428335108254,31,1.768001657910645,0.0006763279432533592,19,89.54166666666667,0.4866670298576355,-1.0
0.09186596607201193,0.0014279823456155626,32,1.7728547640144825,0.0006579634122155992,19,90.79166674613953,0.41968061606089274,-1.0
0.09034688430103033,0.0016198422343127038,33,1.7476368059869856,0.000639363022683212,19,91.83333349227905,0.36457273602485657,-1.0
0.09232251971077762,0.0015936887112299079,34,1.7847459360491484,0.0006205554551086735,19,94.54166682561238,0.30575661341349286,-1.0
0.0908989039690871,0.0014561016700769727,35,1.7551555819809437,0.0006015697093979838,19,94.91666666666667,0.27288692752520244,-1.0
0.09157093535912664,0.002423242898657918,36,1.7861961568705738,0.0005824350601949146,19,95.70833333333333,0.23261528134346007,-1.0
0.09196196992783562,0.0016206785007134865,37,1.7783662530127913,0.0005631810117416299,19,96.37500007947285,0.20789693196614584,-1.0
0.0928036086996527,0.0018365187202825357,38,1.7984312640037388,0.0005438372523852835,19,97.5833334128062,0.16504574914773304,-1.0
0.09240134540749223,0.0015400795903252927,39,1.7860773268621415,0.0005244336088007391,19,98.50000015894572,0.12978931615749995,-1.0
0.09246579719413268,0.0014999752717190667,40,1.785649174824357,0.0005050000000000001,19,99.12500015894572,0.10337324003378551,-1.0
0.09276794636082884,0.0015930910594761372,41,1.7931580180302262,0.0004855663911992613,19,99.41666682561238,0.07855649063984553,-1.0
0.09188643862542353,0.0014917403214464062,42,1.7744445770513266,0.00046616274761471693,19,99.66666666666667,0.06512954662243525,-1.0
0.09197284871908395,0.002031384440335004,43,1.7863577250391245,0.00044681898825837057,19,99.58333333333333,0.0589883924027284,-1.0
0.09240406031083119,0.0025699178467651733,44,1.8047632910311222,0.000427564939805086,19,99.70833333333333,0.04897955358028412,-1.0
0.09225643763171607,0.001913639483973384,45,1.789476752979681,0.00040843029060201667,19,99.79166666666667,0.045913535704215365,-1.0
0.0904678755292767,0.0015807636817427057,46,1.7491748097818345,0.000389444544891327,19,99.91666682561238,0.04061560293038686,-1.0
0.09129038989838016,0.001422879163567957,47,1.7617944350931793,0.0003706369773167883,19,99.95833333333333,0.03570767037570476,-1.0
0.09174016413376912,0.002370152867546207,48,1.7883437140844762,0.0003520365877844012,19,99.79166666666667,0.03352903033296267,-1.0
0.0929410721444966,0.001557263214827368,49,1.7957312550861388,0.0003336720567466412,19,99.95833333333333,0.03193915123740832,-1.0
0.09268628517901034,0.0018156422914839105,50,1.795823581982404,0.0003155717009792807,19,99.91666666666667,0.02982763315240542,-1.0
0.09223346633983678,0.0016427258715817803,51,1.783998125931248,0.00029776342991897335,19,99.79166666666667,0.031170035377144814,-1.0
0.09280264995207912,0.0014232204810373094,52,1.7905349219217896,0.00028027470262892445,19,99.875,0.028944118420283,-1.0
0.09312794281561908,0.0014478035491744155,53,1.7972009319346398,0.0002631324854590073,19,100.0,0.02548508363465468,-1.0
0.08124598955098343,0.0018378110774057476,54,1.5788441400509328,0.0002463632104656054,19,100.0,0.022418252353866894,-1.0
0.09900834940766033,0.0015827259661531762,55,1.911541075911373,0.0002299927346552969,19,99.95833333333333,0.020311231190959612,-1.0
0.09922183839310157,0.001496842657951148,56,1.9139083889313042,0.00021404630011522587,19,99.91666666666667,0.019154334937532744,-1.0
0.10006161192186962,0.002410726866831905,57,1.947282767854631,0.00019854849509163232,19,99.95833333333333,0.022314632311463356,-1.0
0.10024134690971359,0.001463690405025294,58,1.9326627978589386,0.00018352321607655918,19,99.95833333333333,0.017679771731297176,-1.0
0.08298634264716193,0.001809621401327221,59,1.6114383589010686,0.00016899363096119395,19,99.91666666666667,0.01941095195710659,-1.0
0.0732418384133397,0.001614133533286421,60,1.422576525947079,0.000154982143312659,19,99.95833333333333,0.016945059473315875,-1.0
0.0634565791727877,0.0014458931982517242,61,1.233434776077047,0.0001415103578293356,19,99.95833333333333,0.01704325694590807,-1.0
0.08729492445280285,0.001835226118074436,62,1.6937765970360488,0.0001285990470279847,19,100.0,0.01747247703373432,-1.0
0.09079621177117683,0.0017933599577334366,63,1.7594466391019523,0.0001162681192140312,19,100.0,0.017184976935386658,-1.0
0.0909241208512532,0.001350364892890579,64,1.7534627001732588,0.00010453658778440107,19,100.0,0.015435093889633815,-1.0
0.09177141512842163,0.0028018871885969452,65,1.7971412660554051,9.342254191024022e-05,19,100.0,0.015283242153624694,-1.0
0.0923162839914623,0.002441963119628398,66,1.8006993029266596,8.294311864472437e-05,19,100.0,0.01364320629586776,-1.0
0.09161286031533229,0.0021365294232964516,67,1.7816025798674673,7.311447649896551e-05,19,99.91666666666667,0.015247235807279746,-1.0
0.09289655384705647,0.0014937607277380792,68,1.793716246029362,6.395177052675794e-05,19,99.95833333333333,0.01565003385146459,-1.0
0.09226112344645356,0.0014382697715374984,69,1.7805863269604743,5.546912895658472e-05,19,100.0,0.014530921491483847,-1.0
0.09235518955086407,0.0015465566079671447,70,1.7843857761472464,4.767963140691306e-05,19,100.0,0.013460932075977325,-1.0
0.09214153738790437,0.0021117592451015584,71,1.7910789458546788,4.059528871837034e-05,19,100.0,0.013820187722643217,-1.0
0.09314031773982079,0.0022189679898713763,72,1.8120895829051733,3.4227024433899e-05,19,100.0,0.014271082207560539,-1.0
0.09229333247793348,0.0022399438863718196,73,1.7963959260378033,2.8584657955444653e-05,19,100.0,0.014821343819300333,-1.0
0.09130459124418466,0.002558521117622915,74,1.7836534259840846,2.367688940315011e-05,19,100.0,0.014265624011556307,-1.0
0.09251670448697712,0.0025597345206494395,75,1.8067189899738878,1.951128620040094e-05,19,100.0,0.0139612369860212,-1.0
0.09286639961953226,0.0016322637491516378,76,1.7957344928290695,1.6094271405406862e-05,19,100.0,0.01336808804422617,-1.0
0.09358508239108089,0.00200830528659648,77,1.8165549258701503,1.3431113807311488e-05,19,100.0,0.014279626235365868,-1.0
0.09176912408714231,0.0018267259614444093,78,1.7785848849453032,1.1525919802101659e-05,19,100.0,0.01343016763528188,-1.0
0.09298737968416199,0.0016525709437892626,79,1.798409285955131,1.0381627060842164e-05,19,100.0,0.01347261546800534,-1.0
0.09261077410835576,0.0016687394757019846,80,1.7915717689320445,1e-05,19,100.0,0.013948618931074937,-1.0
0.09470180836506188,0.010258885379880667,1,2.0996445089112967,0.000999618372939158,20,2.16,4.7132144485473635,-1.0
0.09198066506069154,0.0015580628882162274,2,1.8711148179136217,0.0009984740801978985,20,4.1600000083446504,4.419463276672364,-1.0
0.09234015186084435,0.0013877302408218384,3,1.8748766100034118,0.0009965688861926887,20,5.120000000596047,4.280529488372803,-1.0
0.09200544258346781,0.0013629937660880388,4,1.8676649709232152,0.0009939057285945933,20,6.8400000011920925,4.125023483276367,-1.0
0.09200657935580239,0.001645672949962318,5,1.8732906628865749,0.0009904887137995992,20,8.800000005960465,4.002291114807129,-1.0
0.09223561027320101,0.001352324173785746,6,1.872000782052055,0.00098632311059685,20,10.760000019073486,3.8765326915740967,-1.0
0.09231344368308783,0.0014264132245443762,7,1.875087431864813,0.0009814153420445555,20,12.16000000834465,3.7209074851989747,-1.0
0.08173760019708425,0.002300964645110071,8,1.6810763438697904,0.0009757729755661012,20,13.88000000834465,3.5862705173492433,-1.0
0.09888411153806373,0.0020974117098376153,9,2.0198830228764564,0.0009694047112816298,20,15.400000014305114,3.47327967376709,-1.0
0.10005412918981164,0.0014139039092697203,10,2.0296175968833268,0.0009623203685930871,20,16.840000011920928,3.3753361324310305,-1.0
0.10006557735614478,0.0015316301491111518,11,2.03218623297289,0.0009545308710434153,20,18.160000014305115,3.238613243865967,-1.0
0.10011077381204814,0.0016261755372397602,12,2.0349846240133047,0.0009460482294732422,20,22.120000019073487,3.0907399559021,-1.0
0.06018639118410647,0.0014964186120778322,13,1.2338935879524797,0.0009368855235010348,20,24.68,2.9126527709960937,-1.0
0.07127191093750299,0.0015630806563422083,14,1.45693638199009,0.0009270568813552758,20,26.60000002861023,2.8042708354949952,-1.0
0.07202325925463811,0.0017137311981059611,15,1.4750267849303782,0.0009165774580897602,20,27.959999995231627,2.6867784908294676,-1.0
0.09067397570470348,0.001819709490519017,16,1.850108020938933,0.0009054634122155992,20,32.44000002384186,2.5401004035949706,-1.0
0.09048788025975227,0.002250621479470283,17,1.8550815670751035,0.0008937318807859689,20,36.31999999046326,2.3781152740478517,-1.0
0.09125177745008842,0.0013378853444010019,18,1.8521107868291438,0.0008814009529720156,20,40.35999997138977,2.2402528511047364,-1.0
0.09188040508888662,0.0016871828120201826,19,1.8716394940856844,0.0008684896421706646,20,40.68000001907349,2.1541340534210205,-1.0
0.09105639294721186,0.0017552510485984384,20,1.856510051060468,0.0008550178566873412,20,46.480000019073486,1.969069398880005,-1.0
0.09251953747589141,0.0017348625231534242,21,1.8853779199998826,0.0008410063690388064,20,48.47999997138977,1.8306109546661378,-1.0
0.09174417270114646,0.002217844349797815,22,1.8795280889607966,0.0008264767839234412,20,53.24000001430512,1.7063444763183593,-1.0
0.09246853301301598,0.001543969486374408,23,1.880560090066865,0.000811451504908368,20,55.31999995231629,1.5794521869659424,-1.0
0.09083019444951787,0.0016805264516733588,24,1.850506060058251,0.0007959536998847743,20,58.99999998092651,1.4276315227508545,-1.0
0.09129580809967593,0.0019092104979790748,25,1.8643669469747692,0.0007800072653447032,20,62.59999997138977,1.331393810081482,-1.0
0.09182056321296841,0.0017436782363802195,26,1.8715275989379734,0.0007636367895343947,20,67.56000004768372,1.1681311763763427,-1.0
0.0910751908319071,0.0014115515165030955,27,1.8499740208499134,0.0007468675145409928,20,73.00000004768371,1.0048515020370483,-1.0
0.09261072565568611,0.0012981153442524374,28,1.8784119978081435,0.0007297252973710758,20,76.20000001907349,0.89981487159729,-1.0
0.09163410246837884,0.001552068581804633,29,1.8639680130872875,0.0007122365700810271,20,77.08000006675721,0.8478149419784546,-1.0
0.09175176280550659,0.0024140998371876775,30,1.8835536239203066,0.0006944282990207196,20,80.55999994277954,0.7568527530670166,-1.0
0.09078732340130954,0.002429637243039906,31,1.8645826030988246,0.0006763279432533592,20,84.63999996185302,0.6346103726387023,-1.0
0.09074931704672054,0.0013976602582260965,32,1.8431822948623449,0.0006579634122155992,20,84.84000004768372,0.5872309172153473,-1.0
0.09067313395207748,0.0023508632555603983,33,1.8607863578945398,0.000639363022683212,20,89.91999995231629,0.4537364757537842,-1.0
0.09025330325821415,0.0014548887964338064,34,1.8344057200010866,0.0006205554551086735,20,91.88000005722046,0.3902180198669434,-1.0
0.0903137426590547,0.0017801313428208233,35,1.8421131989452988,0.0006015697093979838,20,94.08000005722046,0.31944868659973147,-1.0
0.0905732372426428,0.0014294928056187927,36,1.8402983220294118,0.0005824350601949146,20,95.51999997138977,0.26814357490539553,-1.0
0.09076637050602585,0.0016901659895665944,37,1.8494309450034052,0.0005631810117416299,20,96.1199999332428,0.22656154885292054,-1.0
0.09049741919152439,0.0016142789623700081,38,1.8424681788310409,0.0005438372523852835,20,97.16000000953674,0.1985386840581894,-1.0
0.0916638774680905,0.0013232627301476897,39,1.859978704014793,0.0005244336088007391,20,97.76000008583068,0.1675156738758087,-1.0
0.09104530960321426,0.0013048614375293255,40,1.8472469809930772,0.0005050000000000001,20,97.84,0.14730606303215027,-1.0
0.09126002780394629,0.0021787000936456026,41,1.8690294870175421,0.0004855663911992613,20,98.56000004768372,0.12216448755264282,-1.0
0.0923374697798863,0.0018041263218037784,42,1.883116444107145,0.00046616274761471693,20,98.79999996185303,0.11109520492553711,-1.0
0.09083241315092891,0.002313496789429337,43,1.8631890311371535,0.00044681898825837057,20,99.12,0.09071564030647278,-1.0
0.09252105393679813,0.0014393929159268737,44,1.8794613820500672,0.000427564939805086,20,99.44,0.07705271458625794,-1.0
0.09149949444690719,0.0022095135995186866,45,1.8744643230456859,0.00040843029060201667,20,99.68,0.06258041030168533,-1.0
0.0917413804680109,0.0023953735246323047,46,1.8829687968827784,0.000389444544891327,20,99.55999996185302,0.05369064005613327,-1.0
0.09262699368409813,0.001652020716574043,47,1.8858144450932741,0.0003706369773167883,20,99.76,0.054412085902690886,-1.0
0.09196270577376708,0.0021886515663936735,48,1.8833233558107167,0.0003520365877844012,20,99.72,0.046499727833271026,-1.0
0.09146848805248738,0.0026645683450624348,49,1.88290072302334,0.0003336720567466412,20,99.76,0.04354112079739571,-1.0
0.09218451582128181,0.0026146754273213444,50,1.8962990930303931,0.0003155717009792807,20,99.76,0.03993428872227669,-1.0
0.09166004349244758,0.0024251573020592334,51,1.8819555500522256,0.00029776342991897335,20,100.0,0.0343105238199234,-1.0
0.09124871564563364,0.0024532886105589568,52,1.8742805309593678,0.00028027470262892445,20,99.92,0.030074441424012183,-1.0
0.09170512409182266,0.0020148004055954515,53,1.8746442541014403,0.0002631324854590073,20,99.92,0.030528766423463822,-1.0
0.09080501709831879,0.0013111145584844054,54,1.8425721630919725,0.0002463632104656054,20,99.96,0.028935926800966263,-1.0
0.09180206761229784,0.0013193952850997447,55,1.8626784570515156,0.0002299927346552969,20,99.95999996185303,0.025092952942848204,-1.0
0.09045868980465457,0.002357877651229501,56,1.8565813000313938,0.00021404630011522587,20,99.92,0.026176637342572213,-1.0
0.09883600028697401,0.002161063812673092,57,2.020194296957925,0.00019854849509163232,20,99.96,0.022222867104411126,-1.0
0.0999420387437567,0.002312357909977436,58,2.045325786108151,0.00018352321607655918,20,99.96,0.020383189395070077,-1.0
0.09988567738328129,0.0021831836202181876,59,2.041633749846369,0.00016899363096119395,20,100.0,0.019799948191642762,-1.0
0.08002897311234847,0.0019134591333568097,60,1.6391189468558878,0.000154982143312659,20,100.0,0.019009693774580956,-1.0
0.06157624808838591,0.0013767374097369612,61,1.259295040043071,0.0001415103578293356,20,99.96,0.018334867268800736,-1.0
0.059682951436843726,0.0018852965091355144,62,1.2316113950219005,0.0001285990470279847,20,99.96,0.01961740503013134,-1.0
0.0617710531456396,0.0020675574545748533,63,1.2770550618879497,0.0001162681192140312,20,99.92,0.019215213692188263,-1.0
0.06106846382608637,0.0028727101162075996,64,1.2790637749712914,0.00010453658778440107,20,99.92,0.019190008771419523,-1.0
0.0652480766759254,0.0013691718224436045,65,1.3325822921469808,9.342254191024022e-05,20,99.96,0.01857572670131922,-1.0
0.07927963313413784,0.002178395562805235,66,1.6294071811717004,8.294311864472437e-05,20,100.0,0.016665734657645224,-1.0
0.08870994326425716,0.002020154381170869,67,1.8148810870479792,7.311447649896551e-05,20,100.0,0.016865142917633056,-1.0
0.08685418913373724,0.0014250658103264868,68,1.7658851540181786,6.395177052675794e-05,20,99.96,0.01663370117545128,-1.0
0.0870352140511386,0.0016502686077728868,69,1.7739982521161437,5.546912895658472e-05,20,100.0,0.014549845498800278,-1.0
0.08750213122693822,0.0013342081685550511,70,1.7769944651518017,4.767963140691306e-05,20,100.0,0.018414228576421738,-1.0
0.09012398191262036,0.0014668570831418038,71,1.832164425868541,4.059528871837034e-05,20,100.0,0.016367425981163978,-1.0
0.08822806092211977,0.0014765124302357434,72,1.7943365508690476,3.4227024433899e-05,20,100.0,0.015319780415296554,-1.0
0.08807194717228413,0.0014669642318040133,73,1.7910226800013334,2.8584657955444653e-05,20,100.0,0.014941979473829269,-1.0
0.08733762473566457,0.0015475259628146888,74,1.7779990930575877,2.367688940315011e-05,20,100.0,0.01542036862373352,-1.0
0.08795173481339588,0.0013796482351608574,75,1.7869144859723747,1.951128620040094e-05,20,99.96,0.015448331049084663,-1.0
0.08630384521093219,0.002339654287789017,76,1.773205028148368,1.6094271405406862e-05,20,100.0,0.014671688109636307,-1.0
0.0903026461135596,0.0014448664849624037,77,1.8352470728568733,1.3431113807311488e-05,20,99.96,0.014789136281609536,-1.0
0.08787523177452386,0.001402837282512337,78,1.785860565956682,1.1525919802101659e-05,20,100.0,0.016374718713760377,-1.0
0.08949576226295904,0.0018934826366603374,79,1.8280853040050715,1.0381627060842164e-05,20,100.0,0.014139646887779236,-1.0
0.08879530830308795,0.0015430906554684044,80,1.807065931847319,1e-05,20,100.0,0.014987997183203696,-1.0
