avg_batch_time_sec,avg_data_time_sec,epoch,epoch_time_sec,lr,round,train_acc,train_loss,val_acc
0.22907352569745854,0.03668687725439668,1,1.0632031050045043,0.000999618372939158,0,9.99999994635582,4.151119945526123,-1.0
0.034566775953862816,0.007593110029119998,2,0.16876316000707448,0.0009984740801978985,0,15.800000071525574,3.521584348678589,-1.0
0.034415400587022305,0.006138656171970069,3,0.1623395320493728,0.0009965688861926887,0,15.399999916553497,2.6804995098114013,-1.0
0.03424637141870335,0.00958486954914406,4,0.17544115893542767,0.0009939057285945933,0,14.799999880790711,2.437190086364746,-1.0
0.0341143102850765,0.009707228746265173,5,0.17539605195634067,0.0009904887137995992,0,20.599999916553497,2.17882963180542,-1.0
0.03414304071338847,0.013996942318044603,6,0.19267138000577688,0.00098632311059685,0,23.99999989271164,2.100022758483887,-1.0
0.03409023367566988,0.012705676315817982,7,0.18729225383140147,0.0009814153420445555,0,25.6,2.0514797248840333,-1.0
0.02364573278464377,0.014527067192830145,8,0.15278876689262688,0.0009757729755661012,0,23.199999892711638,2.0253588800430298,-1.0
0.0096929045394063,0.013197080697864294,9,0.09166884492151439,0.0009694047112816298,0,27.800000023841857,1.9424867668151855,-1.0
0.03394751122687012,0.013197886990383267,10,0.18870137282647192,0.0009623203685930871,0,27.999999713897704,1.9263305797576904,-1.0
0.03392053575953469,0.0062503485241904855,11,0.1607997629325837,0.0009545308710434153,0,31.60000011920929,1.8566777257919311,-1.0
0.03411629976471886,0.0062924575177021325,12,0.16174227092415094,0.0009460482294732422,0,29.8,1.874555651664734,-1.0
0.03453592146979645,0.01242966577410698,13,0.1879741381853819,0.0009368855235010348,0,32.79999992847443,1.8166372137069702,-1.0
0.034422976546920836,0.009660122450441122,14,0.17644345294684172,0.0009270568813552758,0,33.000000190734866,1.7485974826812745,-1.0
0.03415546094765887,0.00947942107450217,15,0.17464115098118782,0.0009165774580897602,0,35.199999928474426,1.7507504529953002,-1.0
0.03440225787926465,0.006022085144650191,16,0.1618071971461177,0.0009054634122155992,0,35.39999992847443,1.7307388334274292,-1.0
0.03395245847059414,0.006388268491718918,17,0.161492652958259,0.0008937318807859689,0,36.59999988079071,1.6904140996932984,-1.0
0.034493332146666944,0.011195555853191763,18,0.18288009986281395,0.0008814009529720156,0,38.399999904632566,1.6774001588821412,-1.0
0.034487825410906225,0.013820624619256705,19,0.19336044997908175,0.0008684896421706646,0,36.59999988079071,1.6672584314346313,-1.0
0.033697871724143624,0.006542756513226777,20,0.16110059106722474,0.0008550178566873412,0,36.60000014305115,1.6711259899139403,-1.0
0.034528872231021523,0.009367695252876729,21,0.17570873396471143,0.0008410063690388064,0,41.00000009536743,1.6005214776992798,-1.0
0.02167236222885549,0.0069655050174333155,22,0.11466659209690988,0.0008264767839234412,0,39.599999618530276,1.58718718624115,-1.0
0.011503444518893957,0.010021125490311533,23,0.08624696405604482,0.000811451504908368,0,41.19999983310699,1.5875169801712037,-1.0
0.01288130524335429,0.007006506726611406,24,0.07973043690435588,0.0007959536998847743,0,39.999999618530275,1.5813196926116944,-1.0
0.034036231227219105,0.009248653310351074,25,0.17324994411319494,0.0007800072653447032,0,42.80000004768372,1.510053153038025,-1.0
0.03447027422953397,0.0064685222459957,26,0.16385862091556191,0.0007636367895343947,0,45.00000028610229,1.5194615907669067,-1.0
0.0344819437013939,0.013886598288081586,27,0.19357998692430556,0.0007468675145409928,0,44.59999978542328,1.5096269397735596,-1.0
0.034037249453831464,0.013975532026961446,28,0.19215854909271002,0.0007297252973710758,0,43.99999964237213,1.5245474529266358,-1.0
0.03420522256055847,0.01320830947952345,29,0.18976120091974735,0.0007122365700810271,0,46.19999980926514,1.4658102951049805,-1.0
0.034312829200644046,0.01022356585599482,30,0.1782517391256988,0.0006944282990207196,0,46.60000026226044,1.431554723739624,-1.0
0.03420710051432252,0.012489230022765696,31,0.1868994131218642,0.0006763279432533592,0,49.19999980926514,1.399974305152893,-1.0
0.03407402249285951,0.012702432984951884,32,0.18721121014095843,0.0006579634122155992,0,47.99999978542328,1.3998582782745361,-1.0
0.03406732983421534,0.009202681190799922,33,0.17319917399436235,0.000639363022683212,0,47.4000002861023,1.4052740411758422,-1.0
0.034455156011972576,0.009439625486265868,34,0.1756929571274668,0.0006205554551086735,0,49.000000190734866,1.3927006397247315,-1.0
0.034148959966842085,0.010179266275372356,35,0.17743427702225745,0.0006015697093979838,0,50.59999952316284,1.3618645572662353,-1.0
0.019439131254330277,0.009679025504738092,36,0.11657240800559521,0.0005824350601949146,0,49.8,1.3568216676712037,-1.0
0.010808650986291468,0.009781925240531564,37,0.08249025791883469,0.0005631810117416299,0,50.0,1.312031925201416,-1.0
0.020369828795082867,0.009945013734977692,38,0.12145410315133631,0.0005438372523852835,0,50.59999952316284,1.3175755701065064,-1.0
0.03457188868196681,0.007704804767854512,39,0.1692279151175171,0.0005244336088007391,0,54.199999761581424,1.2807171277999878,-1.0
0.03422031953232363,0.009266204491723329,40,0.17405318701639771,0.0005050000000000001,0,54.60000038146973,1.2530287475585937,-1.0
0.03417605021968484,0.01269632630283013,41,0.18760580196976662,0.0004855663911992613,0,53.80000042915344,1.259877745628357,-1.0
0.03439872822491452,0.012564350035972893,42,0.18796952906996012,0.00046616274761471693,0,53.6,1.2206352596282959,-1.0
0.03448991471668705,0.012453701521735638,43,0.1878824180457741,0.00044681898825837057,0,56.39999952316284,1.2250789403915405,-1.0
0.03419360617408529,0.01362405758118257,44,0.19137804699130356,0.000427564939805086,0,55.99999995231629,1.2025093564987182,-1.0
0.03450410353252664,0.006161820259876549,45,0.16277160705067217,0.00040843029060201667,0,58.400000143051145,1.1689993495941162,-1.0
0.034198583802208304,0.013688974955584854,46,0.19166909414343536,0.000389444544891327,0,55.599999284744264,1.1997969884872437,-1.0
0.03428851946955547,0.013701238029170781,47,0.19206565106287599,0.0003706369773167883,0,58.19999990463257,1.1790242357254028,-1.0
0.03415534656960517,0.012838614929933101,48,0.1880860619712621,0.0003520365877844012,0,56.600000619888306,1.143253917694092,-1.0
0.03448600822594017,0.012996545759961009,49,0.19003504398278892,0.0003336720567466412,0,56.0,1.163877625465393,-1.0
0.01144514576299116,0.012809230771381408,50,0.09714454715140164,0.0003155717009792807,0,59.79999966621399,1.097905566215515,-1.0
0.009669015475083143,0.00970446626888588,51,0.07767178397625685,0.00029776342991897335,0,54.20000002384186,1.1481007070541382,-1.0
0.034227919997647405,0.008975406468380243,52,0.17296826001256704,0.00028027470262892445,0,59.400000381469724,1.120973578453064,-1.0
0.03413394372910261,0.005937660287600011,53,0.16041904594749212,0.0002631324854590073,0,59.999999856948854,1.0787151727676392,-1.0
0.03421681880718097,0.009704182972200215,54,0.17581097804941237,0.0002463632104656054,0,57.79999928474426,1.103797203063965,-1.0
0.03446587850339711,0.013118528469931334,55,0.19046454899944365,0.0002299927346552969,0,60.19999966621399,1.0832019386291505,-1.0
0.03460717498091981,0.013935373281128705,56,0.1942950920201838,0.00021404630011522587,0,57.400000429153444,1.1362239694595337,-1.0
0.03457178716780618,0.014000818599015474,57,0.1944198478013277,0.00019854849509163232,0,60.60000014305115,1.0830281114578246,-1.0
0.03421990724746138,0.013619224715512246,58,0.19148217793554068,0.00018352321607655918,0,62.20000057220459,1.0414698724746705,-1.0
0.034243993985001,0.010900588298682123,59,0.18071694718673825,0.00016899363096119395,0,60.40000009536743,1.0703662219047547,-1.0
0.03420645248843357,0.013738446461502463,60,0.19191312603652477,0.000154982143312659,0,65.7999993801117,1.0166719241142272,-1.0
0.03491665521869436,0.01396800228394568,61,0.19566104491241276,0.0001415103578293356,0,60.39999942779541,1.05054896068573,-1.0
0.03456683206604794,0.014065518218558282,62,0.19467029301449656,0.0001285990470279847,0,60.59999966621399,1.0370231566429138,-1.0
0.01197724579833448,0.013537391438148916,63,0.10220738383941352,0.0001162681192140312,0,63.20000009536743,1.0153165998458862,-1.0
0.009482081222813576,0.012346952280495316,64,0.08748513902537525,0.00010453658778440107,0,62.59999942779541,1.027590636253357,-1.0
0.03441539593040943,0.010323675582185388,65,0.1790883440990001,9.342254191024022e-05,0,62.79999985694885,1.0183581252098084,-1.0
0.03430524078430608,0.0120427695219405,66,0.18552114511840045,8.294311864472437e-05,0,65.20000033378601,0.9914929084777832,-1.0
0.03427216032287106,0.012706904206424952,67,0.18804403999820352,7.311447649896551e-05,0,63.19999990463257,1.0041467638015746,-1.0
0.0343870252254419,0.010899229266215116,68,0.1812755949795246,6.395177052675794e-05,0,67.79999957084655,0.9655007038116455,-1.0
0.03434693795861676,0.01239996455842629,69,0.18711670394986868,5.546912895658472e-05,0,66.19999976158142,0.9842498736381531,-1.0
0.034404611971694976,0.013506166753359139,70,0.19177385210059583,4.767963140691306e-05,0,63.19999957084656,0.9608329739570618,-1.0
0.03432709543267265,0.013095043075736612,71,0.18981807795353234,4.059528871837034e-05,0,64.20000052452087,0.9875272235870362,-1.0
0.034462481446098536,0.01263404981000349,72,0.18851206405088305,3.4227024433899e-05,0,63.800000286102296,0.979895486831665,-1.0
0.034103713813237846,0.013422901160083711,73,0.19023371185176075,2.8584657955444653e-05,0,64.20000014305114,0.9674640588760376,-1.0
0.034119319752790034,0.013387217535637319,74,0.19015345093794167,2.367688940315011e-05,0,68.39999933242798,0.902125102519989,-1.0
0.034576473000925034,0.013383914774749428,75,0.19198742997832596,1.951128620040094e-05,0,66.80000052452087,0.9717592043876648,-1.0
0.01079351978842169,0.01273694122210145,76,0.09424430783838034,1.6094271405406862e-05,0,63.20000038146973,0.9792079067230225,-1.0
0.009546312736347318,0.011233789497055113,77,0.0832525270525366,1.3431113807311488e-05,0,65.40000004768372,0.9883038649559021,-1.0
0.033774853975046426,0.014270153769757599,78,0.19232415803708136,1.1525919802101659e-05,0,62.000000190734866,0.9892123889923096,-1.0
0.03405866847606376,0.006062112050130963,79,0.160610482795164,1.0381627060842164e-05,0,63.40000009536743,0.9561849603652954,-1.0
0.034305539447814226,0.01376327604521066,80,0.1924004890024662,1e-05,0,67.00000052452087,0.9341569805145263,-1.0
0.03900472954846919,0.0324137918651104,1,0.35727723501622677,0.000999618372939158,1,10.833333432674408,4.622456442515055,-1.0
0.033919869968667624,0.005416516633704305,2,0.19681739597581327,0.0009984740801978985,1,13.666666626930237,3.4748777389526366,-1.0
0.03419611961580813,0.008017940958961845,3,0.21119660302065313,0.0009965688861926887,1,18.500000019868214,2.373358039855957,-1.0
0.0341120446100831,0.00997982919216156,4,0.22060301387682557,0.0009939057285945933,1,20.333333412806194,2.171024160385132,-1.0
0.03387146070599556,0.00784989409148693,5,0.20873392489738762,0.0009904887137995992,1,19.166666706403095,2.1044567839304604,-1.0
0.03398665594868362,0.009216125821694732,6,0.2162534089293331,0.00098632311059685,1,22.00000003973643,2.0562740071614583,-1.0
0.03405622062273324,0.004869058774784207,7,0.19474869105033576,0.0009814153420445555,1,24.0,1.9899456850687662,-1.0
0.03399222083389759,0.004903654381632805,8,0.19461381807923317,0.0009757729755661012,1,27.333333333333332,1.9652048714955648,-1.0
0.03519520815461874,0.010908251628279686,9,0.2306236200965941,0.0009694047112816298,1,29.00000023841858,1.925432744026184,-1.0
0.032645946368575096,0.009162907395511866,10,0.20914572197943926,0.0009623203685930871,1,30.00000027815501,1.8632438198725383,-1.0
0.009386461786925792,0.010895875003188848,11,0.10151426796801388,0.0009545308710434153,1,30.0,1.8445273923873902,-1.0
0.02724552867002785,0.00808404772542417,12,0.1767697159666568,0.0009460482294732422,1,34.66666662693024,1.7972837654749552,-1.0
0.03396909940056503,0.007820369396358728,13,0.20905116898939013,0.0009368855235010348,1,37.000000397364296,1.7661000601450603,-1.0
0.03404617882333696,0.007787289563566446,14,0.20927133806981146,0.0009270568813552758,1,35.833333253860474,1.7513982057571411,-1.0
0.034219385404139754,0.008322542998939753,15,0.21281879697926342,0.0009165774580897602,1,35.49999992052714,1.7206591876347859,-1.0
0.03415912939235568,0.010027021029964089,16,0.22104112803936005,0.0009054634122155992,1,38.00000019868215,1.6721560112635294,-1.0
0.033833414781838655,0.010981219401583076,17,0.22418668190948665,0.0008937318807859689,1,41.666666666666664,1.638377030690511,-1.0
0.03406082256697118,0.010810508439317346,18,0.22446471801958978,0.0008814009529720156,1,36.00000015894572,1.6766409365336101,-1.0
0.034353568637743595,0.011549616744741798,19,0.22962786606512964,0.0008684896421706646,1,40.00000027815501,1.600151465733846,-1.0
0.03409451758489013,0.007474360195919872,20,0.20795303280465305,0.0008550178566873412,1,39.16666694482168,1.6134398396809895,-1.0
0.03425756278447807,0.010809276020154357,21,0.22544094501063228,0.0008410063690388064,1,39.66666690508524,1.588551681836446,-1.0
0.009384987410157919,0.009470063168555498,22,0.09437701711431146,0.0008264767839234412,1,39.50000007947286,1.5565777158737182,-1.0
0.007931708730757237,0.004896445665508509,23,0.06424123211763799,0.000811451504908368,1,44.333333690961204,1.5155313634872436,-1.0
0.033737179217860104,0.007963442383334041,24,0.20860671414993703,0.0007959536998847743,1,43.00000031789144,1.5107382202148438,-1.0
0.03398366798646748,0.005021078791469335,25,0.19513659505173564,0.0007800072653447032,1,44.166666785875954,1.4908859173456828,-1.0
0.034536769753322004,0.004960999218747019,26,0.19761851988732815,0.0007636367895343947,1,43.33333373069763,1.4933681519826254,-1.0
0.03386197476647794,0.008182401861995458,27,0.21033995086327195,0.0007468675145409928,1,47.16666690508524,1.4683186515172322,-1.0
0.0340829414781183,0.01155022312887013,28,0.22827161196619272,0.0007297252973710758,1,46.333333690961204,1.4235557508468628,-1.0
0.033948951354250315,0.007639378635212779,29,0.20805271691642702,0.0007122365700810271,1,44.33333349227905,1.4612512191136677,-1.0
0.0342184467241168,0.005671053053811192,30,0.19955416908487678,0.0006944282990207196,1,44.666666666666664,1.4181562264760335,-1.0
0.033770717401057485,0.006577630806714296,31,0.20186027907766402,0.0006763279432533592,1,44.66666650772095,1.4035046943028768,-1.0
0.03385126641951501,0.006929151993244886,32,0.2040213409345597,0.0006579634122155992,1,51.16666658719381,1.346561795870463,-1.0
0.035013511404395105,0.007911115186288953,33,0.21473006391897798,0.000639363022683212,1,51.666666746139526,1.3344086726506552,-1.0
0.015446327207610012,0.0112326730042696,34,0.13349692500196397,0.0006205554551086735,1,48.00000035762787,1.3414855734507243,-1.0
0.008462711609899998,0.009463991597294807,35,0.08973710192367435,0.0006015697093979838,1,50.83333349227905,1.2969968446095785,-1.0
0.030251978244632483,0.0077274069655686615,36,0.19001096696592867,0.0005824350601949146,1,49.49999984105428,1.3380725383758545,-1.0
0.034210159862414005,0.00689755235798657,37,0.20565126091241837,0.0005631810117416299,1,50.33333317438761,1.2828283421198527,-1.0
0.03336040563881397,0.007403457164764404,38,0.20392804802395403,0.0005438372523852835,1,49.833333690961204,1.284985639254252,-1.0
0.03383163022808731,0.005244873743504286,39,0.19549310696311295,0.0005244336088007391,1,54.83333365122477,1.2355103572209676,-1.0
0.034194311359897256,0.004653946822509169,40,0.19434861303307116,0.0005050000000000001,1,51.83333337306976,1.2671143086751302,-1.0
0.03396350438706577,0.005975270597264171,41,0.19980083592236042,0.0004855663911992613,1,55.49999984105428,1.2251062138875326,-1.0
0.033903754549100995,0.006321297027170658,42,0.20126184378750622,0.00046616274761471693,1,55.16666690508524,1.2175456031163534,-1.0
0.033787877904251216,0.0061656652949750425,43,0.19987510796636343,0.00044681898825837057,1,54.16666658719381,1.1993861134847006,-1.0
0.03389775338582694,0.006023925822228193,44,0.1997620069887489,0.000427564939805086,1,54.99999992052714,1.1870818821589153,-1.0
0.03404168169945478,0.006312623899430036,45,0.20190522889606655,0.00040843029060201667,1,58.16666682561239,1.167793968518575,-1.0
0.0340638673864305,0.00561678484082222,46,0.19855064200237393,0.000389444544891327,1,55.666667222976685,1.169176001548767,-1.0
0.00815641637891531,0.005236979620531201,47,0.06707918806932867,0.0003706369773167883,1,56.33333396911621,1.136703372001648,-1.0
0.008229466434568167,0.005475049559026957,48,0.06862852885387838,0.0003520365877844012,1,60.49999992052714,1.0756492185592652,-1.0
0.02109647556208074,0.005895905429497361,49,0.1350766180548817,0.0003336720567466412,1,60.333333810170494,1.0474982476234436,-1.0
0.0340593540109694,0.007503133593127131,50,0.20791824697516859,0.0003155717009792807,1,58.66666690508524,1.1080104033152263,-1.0
0.034103288175538184,0.008002065820619464,51,0.210632739122957,0.00029776342991897335,1,59.16666682561239,1.0887085898717244,-1.0
0.03396696648560464,0.008144043944776058,52,0.21066203294321895,0.00028027470262892445,1,57.50000023841858,1.1117931334177653,-1.0
0.03400761196389794,0.007301183231174946,53,0.2066522091627121,0.0002631324854590073,1,60.66666690508524,1.0597543255488078,-1.0
0.03391276123002172,0.006305877771228552,54,0.20120076811872423,0.0002463632104656054,1,59.33333388964335,1.0598596048355102,-1.0
0.03421690873801708,0.006190975056961178,55,0.20214939396828413,0.0002299927346552969,1,61.50000055631002,1.0277884737650553,-1.0
0.033931795274838805,0.005472642555832863,56,0.19712819787673652,0.00021404630011522587,1,62.00000047683716,1.041180920600891,-1.0
0.034124181047081946,0.00823424095287919,57,0.21190120396204293,0.00019854849509163232,1,60.16666714350382,1.0578511412938436,-1.0
0.03396194879896939,0.00805973056703806,58,0.2102370101492852,0.00018352321607655918,1,62.16666714350382,1.028571597735087,-1.0
0.031101288786157966,0.010320818424224854,59,0.2072352331597358,0.00016899363096119395,1,59.33333388964335,1.0344045170148213,-1.0
0.010231392038986088,0.01004356537014246,60,0.10153502901084721,0.000154982143312659,1,58.66666706403097,1.0576487159729004,-1.0
0.012294654408469797,0.0055030498187989,61,0.0891555929556489,0.0001415103578293356,1,63.16666706403097,1.0141450468699138,-1.0
0.020580380922183394,0.00520086707547307,62,0.12904009106568992,0.0001285990470279847,1,62.833333810170494,0.9947929366429646,-1.0
0.03382802484557033,0.007286853762343526,63,0.2057245580945164,0.0001162681192140312,1,63.66666714350382,0.9641478069623312,-1.0
0.03406505761668086,0.009928279975429177,64,0.22011350793763995,0.00010453658778440107,1,64.5000003973643,0.9544840161005655,-1.0
0.03391496180556715,0.011210378585383296,65,0.22575137997046113,9.342254191024022e-05,1,58.83333353201548,1.0355088456471762,-1.0
0.03392320442944765,0.007278322568163275,66,0.20614203694276512,8.294311864472437e-05,1,66.33333388964336,0.9467337226867676,-1.0
0.03397415243089199,0.01011336618103087,67,0.22056561498902738,7.311447649896551e-05,1,63.333333810170494,0.9532383608818055,-1.0
0.033839359413832426,0.007814387371763588,68,0.2083980890456587,6.395177052675794e-05,1,64.50000015894572,0.953907241821289,-1.0
0.033934245770797136,0.008100490411743521,69,0.21031389106065035,5.546912895658472e-05,1,64.50000055631001,0.961783210436503,-1.0
0.03414297243580222,0.010485415766015648,70,0.22326777083799243,4.767963140691306e-05,1,64.33333325386047,0.9951193284988403,-1.0
0.03409820874221623,0.009943985426798464,71,0.22033611009828746,4.059528871837034e-05,1,64.16666682561238,1.0011669206619263,-1.0
0.015542590152472257,0.010557374451309443,72,0.13062515202909708,3.4227024433899e-05,1,64.50000047683716,0.9453648583094278,-1.0
0.008360641030594706,0.010012596566230058,73,0.09199394006282091,2.8584657955444653e-05,1,62.666666984558105,0.9421533282597859,-1.0
0.025154001358896495,0.004798537818714976,74,0.14987526508048177,2.367688940315011e-05,1,63.99999992052714,0.9657680066426595,-1.0
0.033799376944079994,0.008652089443057776,75,0.21236701705493033,1.951128620040094e-05,1,67.99999992052715,0.9344082601865132,-1.0
0.03382258135825396,0.006369794253259897,76,0.2010680770035833,1.6094271405406862e-05,1,64.50000031789143,0.9550751662254333,-1.0
0.03375668660737574,0.007831931579858065,77,0.20805021189153194,1.3431113807311488e-05,1,63.50000055631002,0.9456183115641276,-1.0
0.0339764648117125,0.010228823777288199,78,0.22113567707128823,1.1525919802101659e-05,1,67.1666665871938,0.9156766843795776,-1.0
0.03392493920400739,0.01150597739033401,79,0.22726472886279225,1.0381627060842164e-05,1,64.16666722297668,0.9472598663965861,-1.0
0.03391300342045724,0.0056171771604567764,80,0.19776331284083426,1e-05,1,66.6666665871938,0.9129864462216695,-1.0
0.03649794345255941,0.023417014395818114,1,0.35963243106380105,0.000999618372939158,2,11.285714345318931,4.1395814486912315,-1.0
0.03389963639589647,0.004360955945837001,2,0.2296856171451509,0.0009984740801978985,2,15.571428631033216,2.869556632723127,-1.0
0.03376953711267561,0.006478874051632981,3,0.2416012641042471,0.0009965688861926887,2,19.14285717691694,2.259272804260254,-1.0
0.03390494943596423,0.008656837395392358,4,0.2554783329833299,0.0009939057285945933,2,22.714285833495005,2.1088624000549316,-1.0
0.008701723301783204,0.008598716386283437,5,0.10390205681324005,0.0009904887137995992,2,25.571428724697657,2.067198313304356,-1.0
0.008975166128948331,0.0062669152005886035,6,0.09155770600773394,0.00098632311059685,2,26.428571573325566,2.0167903355189734,-1.0
0.03349504057162752,0.004374828461247186,7,0.22735963598825037,0.0009814153420445555,2,27.857142976352147,1.9787255014692033,-1.0
0.0339734871716549,0.009637150331400335,8,0.26178865297697484,0.0009757729755661012,2,28.85714295932225,1.9267667096001762,-1.0
0.033929016441106796,0.004726462725860377,9,0.23205906501971185,0.0009694047112816298,2,30.285714353833878,1.8631527280807496,-1.0
0.03362328632889936,0.0042761768369625015,10,0.22752856789156795,0.0009623203685930871,2,32.285714507102966,1.8464240326200212,-1.0
0.03367821751938512,0.009823989627572397,11,0.26114118588157,0.0009545308710434153,2,32.14285731315613,1.8093716859817506,-1.0
0.033958108513616025,0.0058466926372299595,12,0.23896328010596335,0.0009460482294732422,2,35.571428877966746,1.767909894670759,-1.0
0.0337218048904712,0.008711841461869577,13,0.25472992984578013,0.0009368855235010348,2,32.57142879281725,1.7846254811968123,-1.0
0.033763829502277076,0.009256574170043072,14,0.2582509049680084,0.0009270568813552758,2,34.00000018732889,1.7422612639835902,-1.0
0.027946774304534,0.006658083332392077,15,0.20776607212610543,0.0009165774580897602,2,35.85714314665113,1.7001703780038016,-1.0
0.008791454679643115,0.009406815166585147,16,0.10932686598971486,0.0009054634122155992,2,34.85714309556143,1.6833585943494525,-1.0
0.030620867347655196,0.0043136463112508254,17,0.2097417248878628,0.0008937318807859689,2,37.714285901614595,1.6425718430110385,-1.0
0.03384425704522679,0.006130607798695564,18,0.23997761285863817,0.0008814009529720156,2,38.57142872469766,1.6315968138831003,-1.0
0.033942282355080046,0.0068106761512657,19,0.244646874954924,0.0008684896421706646,2,39.14285743236542,1.6036533199037823,-1.0
0.03474484469431142,0.009825149473423759,20,0.2675659249071032,0.0008550178566873412,2,39.000000306538176,1.6049209199632917,-1.0
0.033727866131812334,0.009647053355971972,21,0.2603926029987633,0.0008410063690388064,2,40.28571459225246,1.5619611474445887,-1.0
0.03377492035118242,0.006574669464801748,22,0.24222072516568005,0.0008264767839234412,2,41.7142858675548,1.5349980422428675,-1.0
0.03369913269610455,0.009471669443883002,23,0.2591604969929904,0.000811451504908368,2,41.42857164996011,1.5410148872647966,-1.0
0.033752294102062784,0.009559438214637339,24,0.2599970849696547,0.0007959536998847743,2,42.142857381275725,1.5208480834960938,-1.0
0.02503325235253821,0.00666358651748548,25,0.19031529407948256,0.0007800072653447032,2,43.857143129621235,1.4889589772905623,-1.0
0.008734353468753397,0.0048199863328288,26,0.08143696491606534,0.0007636367895343947,2,43.4285718032292,1.4505221142087663,-1.0
0.008463863128175339,0.005822840030305088,27,0.08585097594186664,0.0007468675145409928,2,43.714285901614595,1.4719912549427578,-1.0
0.008245412997590998,0.004983796000791092,28,0.07948666089214385,0.0007297252973710758,2,44.71428600379399,1.4685003880092076,-1.0
0.00885211400842915,0.004326804347025852,29,0.07918717106804252,0.0007122365700810271,2,45.0000000681196,1.4568715347562518,-1.0
0.00850321069204559,0.005090828635729849,30,0.08167831785976887,0.0006944282990207196,2,47.28571443898337,1.4175221497671944,-1.0
0.010998212654764453,0.005274561660674711,31,0.09777749818749726,0.0006763279432533592,2,45.7142858675548,1.39622172832489,-1.0
0.008517090037154654,0.006091961287893355,32,0.08776761800982058,0.0006579634122155992,2,48.28571459225246,1.392674822126116,-1.0
0.009480662837934991,0.004733387652474145,33,0.08540080790407956,0.000639363022683212,2,47.14285729612623,1.372748840876988,-1.0
0.008401476157208284,0.004854526370763779,34,0.07965026702731848,0.0006205554551086735,2,51.0000000681196,1.3348134238379343,-1.0
0.029822540275442105,0.005042793035196762,35,0.20932482997886837,0.0006015697093979838,2,51.000000306538176,1.2959970998764039,-1.0
0.03371892213666191,0.0069749697189157205,36,0.244290622882545,0.0005824350601949146,2,50.85714323180063,1.2578273902620587,-1.0
0.03374139215641966,0.007507085528535147,37,0.2476237448863685,0.0005631810117416299,2,51.14285748345511,1.2577029623304095,-1.0
0.034013208001852036,0.010040127323009074,38,0.2644454899709672,0.0005438372523852835,2,50.57142886093685,1.2802818305151804,-1.0
0.03496016247663647,0.0064546701808770495,39,0.24863094999454916,0.0005244336088007391,2,50.57142863954817,1.2703983184269496,-1.0
0.033870007299507655,0.008750247031760713,40,0.2558505102060735,0.0005050000000000001,2,53.85714333398001,1.2172623859133038,-1.0
0.03381740612288316,0.009016824730982384,41,0.2571369120851159,0.0004855663911992613,2,53.14285748345511,1.23581798349108,-1.0
0.03420475028300037,0.008550822191561261,42,0.25666625518351793,0.00046616274761471693,2,55.14285731315613,1.196889534677778,-1.0
0.028808557661250234,0.004333021817728877,43,0.19894904596731067,0.00044681898825837057,2,54.1428575856345,1.2119051722117833,-1.0
0.009038306811514,0.005644767195917666,44,0.08820220897905529,0.000427564939805086,2,56.0000000681196,1.206384127480643,-1.0
0.013934913673438132,0.004552311496809125,45,0.11105531989596784,0.00040843029060201667,2,58.71428608894348,1.1192412281036377,-1.0
0.03373829186117897,0.006099622813053429,46,0.23915637307800353,0.000389444544891327,2,58.571428877966746,1.1250723818370274,-1.0
0.03386894318585595,0.009441361646167934,47,0.25999402813613415,0.0003706369773167883,2,58.42857163293021,1.1091139119012015,-1.0
0.034007297828793526,0.009722022339701653,48,0.26250714901834726,0.0003520365877844012,2,54.57142904826573,1.1201713330405099,-1.0
0.03381463470092664,0.00915018713567406,49,0.25792042911052704,0.0003336720567466412,2,57.71428581646511,1.1185798754010883,-1.0
0.03392082933957378,0.009133772303660711,50,0.25845729489810765,0.0003155717009792807,2,59.7142859186445,1.0919499601636613,-1.0
0.03371380471313993,0.009755108311461905,51,0.26095463894307613,0.00029776342991897335,2,60.57142877578735,1.0720914370673043,-1.0
0.03371657194414487,0.008794563395592073,52,0.2551968488842249,0.00028027470262892445,2,59.42857187134879,1.048274814741952,-1.0
0.03369730668297658,0.005743399650479357,53,0.23678044299595058,0.0002631324854590073,2,59.71428605488369,1.0606173617499215,-1.0
0.008831600736205777,0.005616627905207376,54,0.08680590707808733,0.0002463632104656054,2,62.00000044277736,1.056586686543056,-1.0
0.008599747282763323,0.004575726537344356,55,0.07917960383929312,0.0002299927346552969,2,59.42857149669102,1.0421360683441163,-1.0
0.03193237764450411,0.00500810033796976,56,0.2217903200071305,0.00021404630011522587,2,62.00000023841858,1.0361344371523176,-1.0
0.033852075304215155,0.007346406540212532,57,0.2473141069058329,0.00019854849509163232,2,63.1428575856345,0.9627459158216204,-1.0
0.03381410318737229,0.0066029179918890195,58,0.24263033084571362,0.00018352321607655918,2,61.4285717351096,1.0191406771114895,-1.0
0.03378779033664614,0.009221550659276545,59,0.25818155496381223,0.00016899363096119395,2,62.000000306538176,1.02326493535723,-1.0
0.03375724706954012,0.006037492615481217,60,0.23887773300521076,0.000154982143312659,2,62.42857163293021,0.9985578400748116,-1.0
0.03368346319378664,0.006744884808237354,61,0.24267864995636046,0.0001415103578293356,2,60.85714316368103,1.0207534878594535,-1.0
0.03386156066941718,0.008812807500362396,62,0.2561537108849734,0.0001285990470279847,2,62.28571435383388,0.9963758448192052,-1.0
0.033804519839274384,0.0063786824854711694,63,0.24120882898569107,0.0001162681192140312,2,64.85714302744184,0.9765294327054705,-1.0
0.03168995550367981,0.006363242127311726,64,0.22842038795351982,0.00010453658778440107,2,63.00000023841858,0.9808983019420079,-1.0
0.008524483690659205,0.009795877616852522,65,0.11002738703973591,9.342254191024022e-05,2,65.85714312962124,0.9307083446638925,-1.0
0.022954462833392125,0.004495542496442795,66,0.16481232200749218,8.294311864472437e-05,2,66.14285731315613,0.940283579485757,-1.0
0.03384008336191376,0.007606739488740762,67,0.24878594488836825,7.311447649896551e-05,2,66.1428576196943,0.9174515901293073,-1.0
0.03379538577670852,0.00658718772077312,68,0.242401811061427,6.395177052675794e-05,2,64.28571472849164,0.9323846026829311,-1.0
0.033696606677646436,0.009640801309918364,69,0.26013037795200944,5.546912895658472e-05,2,65.00000027247837,0.9243916538783482,-1.0
0.03402029734570533,0.006553797167725861,70,0.24355311994440854,4.767963140691306e-05,2,65.28571459225246,0.9429405433791024,-1.0
0.03366941135997573,0.008179577649571002,71,0.25119913299568,4.059528871837034e-05,2,64.42857197352818,0.9374537059238979,-1.0
0.03379523517408719,0.008833765479115149,72,0.25588227598927915,3.4227024433899e-05,2,65.42857149669102,0.9262642989839827,-1.0
0.03377424498709539,0.0070830250236516195,73,0.24525420600548387,2.8584657955444653e-05,2,63.71428615706308,0.9404441172736032,-1.0
0.03372938232496381,0.0057800499877582,74,0.2371815419755876,2.367688940315011e-05,2,63.7142858845847,0.9521988930021014,-1.0
0.011402749960931638,0.006876031868159771,75,0.10980596207082272,1.951128620040094e-05,2,64.42857197352818,0.9265153053828649,-1.0
0.01891390047967434,0.010078459357221922,76,0.1740912760142237,1.6094271405406862e-05,2,65.4285717351096,0.9135368497031076,-1.0
0.03378661167031775,0.006007806009923418,77,0.2388730668462813,1.3431113807311488e-05,2,67.71428612300328,0.9387628940173558,-1.0
0.033939566502037145,0.00713097214854012,78,0.246533147059381,1.1525919802101659e-05,2,65.00000020435878,0.9354880884715489,-1.0
0.03403798979707062,0.009735915538234016,79,0.26275143399834633,1.0381627060842164e-05,2,66.1428575515747,0.9224246317999704,-1.0
0.033942946970152356,0.006960309847878913,80,0.24552953708916903,1e-05,2,66.42857197352818,0.9209213703019279,-1.0
0.03897759381548634,0.0209042351759438,1,0.4193154079839587,0.000999618372939158,3,11.125,5.892926406860352,-1.0
0.033569313186619966,0.004242989533979978,2,0.26480998611077666,0.0009984740801978985,3,12.25,3.235480155944824,-1.0
0.03368818596936762,0.007824349882347243,3,0.2906982081476599,0.0009965688861926887,3,14.0,2.4102713012695314,-1.0
0.033657641316364915,0.00886220797630293,4,0.2977650938555598,0.0009939057285945933,3,16.75,2.216470947265625,-1.0
0.010654553837542022,0.0054701341848288265,5,0.11297703185118735,0.0009904887137995992,3,17.0,2.169843292236328,-1.0
0.008118848416156002,0.003830423013174108,6,0.08374647214077413,0.00098632311059685,3,19.875,2.1383629608154298,-1.0
0.03344002242998353,0.004741543837423835,7,0.2674098829738796,0.0009814153420445555,3,21.625,2.0930740356445314,-1.0
0.03366168445375349,0.003541686139734728,8,0.2605457080062479,0.0009757729755661012,3,22.0,2.0502703857421873,-1.0
0.033743304133947404,0.006591796708692398,9,0.28247140487656,0.0009694047112816298,3,22.125,2.0378036499023438,-1.0
0.03405360232240388,0.004080059971394283,10,0.2670583419967443,0.0009623203685930871,3,24.25,2.00822265625,-1.0
0.03384960100187787,0.00606641243211925,11,0.2795437020249665,0.0009545308710434153,3,23.5,1.9732864379882813,-1.0
0.03377565934455821,0.008441618078255228,12,0.295646321028471,0.0009460482294732422,3,25.625,1.9697576904296874,-1.0
0.033600800637421865,0.007860655497227396,13,0.29035325814038515,0.0009368855235010348,3,26.0,1.94660888671875,-1.0
0.02675239648669958,0.008986921082916004,14,0.2502984080929309,0.0009270568813552758,3,28.625,1.8873385620117187,-1.0
0.008469980675727129,0.007610716457877841,15,0.11269273213110864,0.0009165774580897602,3,28.5,1.9033663940429688,-1.0
0.030473100154527595,0.0038065158296376467,16,0.2400736571289599,0.0009054634122155992,3,29.5,1.872080078125,-1.0
0.033915742699589045,0.0049079181626439095,17,0.27187610091641545,0.0008937318807859689,3,27.5,1.84302490234375,-1.0
0.03363657569778817,0.004618494139452066,18,0.26790008204989135,0.0008814009529720156,3,30.5,1.812096176147461,-1.0
0.03359376698998468,0.005452246737799474,19,0.27343683899380267,0.0008684896421706646,3,32.25,1.778507537841797,-1.0
0.03366899380593428,0.00717240319188152,20,0.28600742598064244,0.0008550178566873412,3,30.125,1.8058467102050781,-1.0
0.033762873649331074,0.007807512800874454,21,0.2911093889269978,0.0008410063690388064,3,30.375,1.7942982482910157,-1.0
0.03349993986609791,0.0037857742780553444,22,0.2611279219854623,0.0008264767839234412,3,32.5,1.7489219665527345,-1.0
0.03338681943049388,0.008757033717951604,23,0.2951382789760828,0.000811451504908368,3,33.5,1.7401622009277344,-1.0
0.009815411143270987,0.009259968430602126,24,0.1336555490270257,0.0007959536998847743,3,33.625,1.749168930053711,-1.0
0.03343149633812053,0.0037432548124343157,25,0.2603550269268453,0.0007800072653447032,3,36.25,1.7080998229980469,-1.0
0.033516172253127606,0.003367761449356164,26,0.25831213290803134,0.0007636367895343947,3,34.0,1.7016680908203126,-1.0
0.03379321760231895,0.007165952951514295,27,0.28684020414948463,0.0007468675145409928,3,37.125,1.6578469848632813,-1.0
0.033568435980539234,0.006958816034187164,28,0.28382162121124566,0.0007297252973710758,3,35.25,1.6798822021484374,-1.0
0.03399253995823009,0.005497634909780962,29,0.2765642539598048,0.0007122365700810271,3,37.875,1.656738052368164,-1.0
0.03408529665986342,0.007409596483090094,30,0.2905983340460807,0.0006944282990207196,3,36.125,1.6937299728393556,-1.0
0.03365107476046043,0.007909339686323489,31,0.29107496910728514,0.0006763279432533592,3,37.875,1.6473607635498047,-1.0
0.02626406474571143,0.008003318249913198,32,0.24000429990701377,0.0006579634122155992,3,40.375,1.6411998748779297,-1.0
0.008461680329803909,0.0075427955349109,33,0.11216211714781821,0.000639363022683212,3,41.25,1.5930158233642577,-1.0
0.033699145507333536,0.004605206793972424,34,0.26831132802180946,0.0006205554551086735,3,42.625,1.5578935241699219,-1.0
0.03412036591076425,0.006132783201922264,35,0.2819250749889761,0.0006015697093979838,3,40.25,1.5622045135498046,-1.0
0.03390310471877456,0.005576594965532422,36,0.2764915279112756,0.0005824350601949146,3,38.75,1.5895939254760743,-1.0
0.03367135876656643,0.0036887812561222483,37,0.261651846813038,0.0005631810117416299,3,40.5,1.5688614654541015,-1.0
0.03400032957350569,0.003666443151554891,38,0.26381000387482345,0.0005438372523852835,3,41.75,1.536519660949707,-1.0
0.03366091591306031,0.0036715882098568337,39,0.26146211102604866,0.0005244336088007391,3,42.625,1.5187105178833007,-1.0
0.03384039441256651,0.0038714014392878327,40,0.26411335705779493,0.0005050000000000001,3,40.625,1.5739289474487306,-1.0
0.033795149132077186,0.0035433865684483734,41,0.2615001869853586,0.0004855663911992613,3,44.875,1.535943603515625,-1.0
0.011759983974375896,0.009470928460359573,42,0.14874483994208276,0.00046616274761471693,3,44.0,1.5103855895996094,-1.0
0.030307512863406112,0.006885810123224344,43,0.2604907569475472,0.00044681898825837057,3,40.875,1.5017711639404296,-1.0
0.03409439006022045,0.0036097366828471422,44,0.2640620078891516,0.000427564939805086,3,42.25,1.5009651184082031,-1.0
0.03384561331144401,0.008036290095852954,45,0.293302257778123,0.00040843029060201667,3,43.125,1.4829618835449219,-1.0
0.03389804331319673,0.005891671836642283,46,0.2786583509296179,0.000389444544891327,3,45.375,1.4877597427368163,-1.0
0.03407502337358892,0.009357700756351863,47,0.30415997584350407,0.0003706369773167883,3,44.25,1.4546821975708009,-1.0
0.03427427714424474,0.00917510039705251,48,0.30427823308855295,0.0003520365877844012,3,44.875,1.4926268768310547,-1.0
0.03416670715835478,0.00871949057493891,49,0.3003387479111552,0.0003336720567466412,3,44.375,1.458659553527832,-1.0
0.021160072380942956,0.008409241181133049,50,0.2071136781014502,0.0003155717009792807,3,47.375,1.4541877365112306,-1.0
0.00939073586570365,0.00810549411523555,51,0.12260479805991054,0.00029776342991897335,3,44.125,1.454085216522217,-1.0
0.03423506400680968,0.0036866648588329554,52,0.26559086004272103,0.00028027470262892445,3,45.0,1.3976050186157227,-1.0
0.03396203445403704,0.005565420990543706,53,0.2768244070466608,0.0002631324854590073,3,48.75,1.4019359970092773,-1.0
0.034194700120549114,0.00820640045484262,54,0.2969414237886667,0.0002463632104656054,3,48.125,1.3699768447875977,-1.0
0.03413469084937658,0.0074967444275638884,55,0.2915545189753175,0.0002299927346552969,3,46.25,1.3837097549438477,-1.0
0.03394221178522067,0.007660767795251948,56,0.29135584901086986,0.00021404630011522587,3,45.75,1.399796829223633,-1.0
0.03391213495550411,0.007324456337041089,57,0.28879169397987425,0.00019854849509163232,3,48.375,1.3677444648742676,-1.0
0.03410413595182555,0.007511669769883156,58,0.291444743052125,0.00018352321607655918,3,48.875,1.3506865692138672,-1.0
0.017042909150144885,0.00783134757408074,59,0.17425471800379455,0.00016899363096119395,3,49.5,1.3631095886230469,-1.0
0.008524351320894701,0.005769732275179454,60,0.1001806678250432,0.000154982143312659,3,46.375,1.384840908050537,-1.0
0.0334464883032654,0.004216194418924195,61,0.26377627602778375,0.0001415103578293356,3,50.0,1.327301025390625,-1.0
0.03396423965958612,0.007167243199156863,62,0.28804949298501015,0.0001285990470279847,3,49.625,1.3700054359436036,-1.0
0.03409051529264876,0.007819291969229068,63,0.293507109163329,0.0001162681192140312,3,47.875,1.3447157669067382,-1.0
0.03425325706068959,0.007395135671166437,64,0.2916715079918504,0.00010453658778440107,3,47.75,1.344749927520752,-1.0
0.033733349426516464,0.003961399696501238,65,0.2639970041345805,9.342254191024022e-05,3,47.75,1.3326398468017577,-1.0
0.03476391380120601,0.009027830890512891,66,0.3066718578338623,8.294311864472437e-05,3,50.75,1.3160078811645508,-1.0
0.03381983782829983,0.005475595427144851,67,0.2751996601000428,7.311447649896551e-05,3,50.5,1.3138020133972168,-1.0
0.020287001206140434,0.008062467511211122,68,0.19857209012843668,6.395177052675794e-05,3,51.625,1.320877571105957,-1.0
0.008438564770455872,0.007704496383666992,69,0.11312922998331487,5.546912895658472e-05,3,47.625,1.3683524703979493,-1.0
0.03354134164484484,0.004187305058751788,70,0.2642139969393611,4.767963140691306e-05,3,51.125,1.2978766632080079,-1.0
0.033772067965141365,0.005408336175605655,71,0.27437157183885574,4.059528871837034e-05,3,48.375,1.3101147079467774,-1.0
0.033683043039803,0.007922661523999912,72,0.2913517509587109,3.4227024433899e-05,3,47.375,1.3400063705444336,-1.0
0.03395157111143427,0.008353257884404488,73,0.29624497005715966,2.8584657955444653e-05,3,50.625,1.2875732231140136,-1.0
0.03375291375310293,0.005428937962278724,74,0.2743845598306507,2.367688940315011e-05,3,49.5,1.2931125259399414,-1.0
0.03380125172303191,0.007195453691695418,75,0.28708777390420437,1.951128620040094e-05,3,50.75,1.2803900527954102,-1.0
0.03376713787604656,0.00751260039396584,76,0.2890667908359319,1.6094271405406862e-05,3,53.5,1.2838603019714356,-1.0
0.019981966220906804,0.009230485518596001,77,0.2045889049768448,1.3431113807311488e-05,3,50.5,1.2869304275512696,-1.0
0.008019315145377601,0.007551241732601609,78,0.10909636202268302,1.1525919802101659e-05,3,52.0,1.2902157020568847,-1.0
0.03347702657005617,0.004204111705933299,79,0.26388366194441915,1.0381627060842164e-05,3,50.625,1.2808893394470215,-1.0
0.03363026735106749,0.007391472380342228,80,0.2872594690416008,1e-05,3,51.0,1.2900623321533202,-1.0
0.03774255284224637,0.018815923540387303,1,0.4526056689210236,0.000999618372939158,4,9.777777777777779,4.9626997884114585,-1.0
0.03419278815272264,0.003343395597767085,2,0.30041546910069883,0.0009984740801978985,4,13.444444444444445,3.0711771647135415,-1.0
0.033535185240907595,0.005358440132113174,3,0.3112627530936152,0.0009965688861926887,4,16.666666666666668,2.319501681857639,-1.0
0.033736188197508454,0.007571999420179054,4,0.33058822504244745,0.0009939057285945933,4,17.88888888888889,2.2155772569444445,-1.0
0.03371010906994343,0.007721549074631184,5,0.3315608571283519,0.0009904887137995992,4,19.88888888888889,2.1768739149305554,-1.0
0.02503163111396134,0.007066025515086949,6,0.2568836270365864,0.00098632311059685,4,20.333333333333332,2.1457112630208335,-1.0
0.009433124185306951,0.007331008062465116,7,0.13425530190579593,0.0009814153420445555,4,20.77777777777778,2.1088199191623263,-1.0
0.03398248850135133,0.004985400271834806,8,0.311883179936558,0.0009757729755661012,4,20.666666666666668,2.137445746527778,-1.0
0.03363346110563725,0.005593101523118094,9,0.31393206981010735,0.0009694047112816298,4,22.88888888888889,2.095759006076389,-1.0
0.033559590083314106,0.006590311153559014,10,0.3213289249688387,0.0009623203685930871,4,22.555555555555557,2.105763414171007,-1.0
0.033747160516213626,0.005724879854824394,11,0.31588698900304735,0.0009545308710434153,4,22.22222222222222,2.0706966145833334,-1.0
0.0336347249976825,0.005609537503914908,12,0.3140706461854279,0.0009460482294732422,4,23.22222222222222,2.0173193359375,-1.0
0.03355080512119457,0.004973634873749688,13,0.3083157909568399,0.0009368855235010348,4,23.88888888888889,2.0332649739583335,-1.0
0.030313274706713855,0.005236556549789384,14,0.28450151602737606,0.0009270568813552758,4,24.666666666666668,1.9906829833984374,-1.0
0.009228665352566168,0.008007412281585857,15,0.1380210209172219,0.0009165774580897602,4,25.77777777777778,1.9680354817708334,-1.0
0.03352996849571355,0.003655074251582846,16,0.29763359297066927,0.0009054634122155992,4,26.666666666666668,1.9666734483506945,-1.0
0.03362454558373429,0.005234728800132871,17,0.31098568299785256,0.0008937318807859689,4,26.0,1.909332004123264,-1.0
0.03360936121316627,0.007906354265287519,18,0.33224386093206704,0.0008814009529720156,4,28.11111111111111,1.9186260308159722,-1.0
0.033714807010255754,0.005365993740269914,19,0.3127737690228969,0.0008684896421706646,4,29.0,1.8773347981770834,-1.0
0.03375885606510565,0.007447775540640578,20,0.3297819870058447,0.0008550178566873412,4,25.22222222222222,1.9825191243489584,-1.0
0.03352402785094455,0.006992206646827981,21,0.3242612420581281,0.0008410063690388064,4,27.333333333333332,1.9269470893012153,-1.0
0.02675304698641412,0.006682272010948509,22,0.26760831102728844,0.0008264767839234412,4,25.77777777777778,1.921073269314236,-1.0
0.009679019713075832,0.0051371507870499045,23,0.11865755706094205,0.000811451504908368,4,26.22222222222222,1.8998509385850695,-1.0
0.03333821179694496,0.0037383482267614454,24,0.29681162908673286,0.0007959536998847743,4,26.666666666666668,1.9298273383246527,-1.0
0.03383363998727873,0.0075356932647991925,25,0.33106018393300474,0.0007800072653447032,4,26.0,1.900932888454861,-1.0
0.03377418336458504,0.006510701146908104,26,0.322384906001389,0.0007636367895343947,4,27.88888888888889,1.8515577528211806,-1.0
0.03379130791290663,0.007058999442961067,27,0.32691069203428924,0.0007468675145409928,4,30.333333333333332,1.8000174289279514,-1.0
0.03374728135531768,0.006888398027513176,28,0.3251913250423968,0.0007297252973710758,4,29.22222222222222,1.8497086588541667,-1.0
0.03366312576690689,0.007423020724672824,29,0.32879665307700634,0.0007122365700810271,4,31.11111111111111,1.8343518744574652,-1.0
0.024780655425274745,0.00781154993455857,30,0.26083963620476425,0.0006944282990207196,4,31.333333333333332,1.7688580491807726,-1.0
0.008664688153658062,0.00688044197158888,31,0.12446263385936618,0.0006763279432533592,4,31.444444444444443,1.788590799967448,-1.0
0.033361353125656024,0.003115728119155392,32,0.29191778297536075,0.0006579634122155992,4,35.111111111111114,1.7661996120876735,-1.0
0.03361717250663787,0.0038821032212581486,33,0.3000965700484812,0.000639363022683212,4,30.11111111111111,1.7977370876736112,-1.0
0.03362780480529182,0.003998146450612694,34,0.301122103119269,0.0006205554551086735,4,31.444444444444443,1.7972245279947916,-1.0
0.03371715059620328,0.003458423394476995,35,0.2975133149884641,0.0006015697093979838,4,31.666666666666668,1.801597425672743,-1.0
0.03352786385221407,0.0035326503857504576,36,0.2965920870192349,0.0005824350601949146,4,30.555555555555557,1.8010018073187934,-1.0
0.033711929951095954,0.003941634931834415,37,0.3013387138489634,0.0005631810117416299,4,31.666666666666668,1.7698884073893228,-1.0
0.033571601496078074,0.006180544383823872,38,0.31812731199897826,0.0005438372523852835,4,34.44444444444444,1.7328368462456598,-1.0
0.013499912922270596,0.004000435845227912,39,0.14010552503168583,0.0005244336088007391,4,33.77777777777778,1.7475172254774305,-1.0
0.00809039149316959,0.005739039508625865,40,0.11073652910999954,0.0005050000000000001,4,31.77777777777778,1.7461314561631944,-1.0
0.03363651980180293,0.0038075621996540576,41,0.2996584549546242,0.0004855663911992613,4,33.22222222222222,1.7313448757595487,-1.0
0.03358650195877999,0.004053891432704404,42,0.3012327221222222,0.00046616274761471693,4,33.22222222222222,1.7217447916666666,-1.0
0.033748901303624734,0.004185293830232695,43,0.3035828450229019,0.00044681898825837057,4,35.22222222222222,1.7436617702907986,-1.0
0.033565676654689014,0.0033603909832891077,44,0.29552665795199573,0.000427564939805086,4,34.0,1.7533026462131076,-1.0
0.03403787052957341,0.003357591573148966,45,0.29927305201999843,0.00040843029060201667,4,36.888888888888886,1.6988458251953125,-1.0
0.03373512497637421,0.0059158827643841505,46,0.31733133806847036,0.000389444544891327,4,37.333333333333336,1.6912605624728734,-1.0
0.03356433039880358,0.00476875135791488,47,0.30677581089548767,0.0003706369773167883,4,34.44444444444444,1.7159856499565973,-1.0
0.00858851324301213,0.006361775362165645,48,0.11971264495514333,0.0003520365877844012,4,36.333333333333336,1.680657721625434,-1.0
0.008712505659786984,0.0031398140999954194,49,0.09492551884613931,0.0003336720567466412,4,34.44444444444444,1.718687472873264,-1.0
0.033707467024214566,0.004463599849259481,50,0.30547622684389353,0.0003155717009792807,4,36.0,1.6934681701660157,-1.0
0.03371162337134592,0.0033955522521864623,51,0.29696857184171677,0.00029776342991897335,4,38.22222222222222,1.6597386338975695,-1.0
0.0337533169076778,0.004870626842603087,52,0.3091167581733316,0.00028027470262892445,4,36.44444444444444,1.667255588107639,-1.0
0.0336689687683247,0.00796766672283411,53,0.3332013769540936,0.0002631324854590073,4,37.77777777777778,1.6501683213975695,-1.0
0.03378430590964854,0.004860604094574228,54,0.3092684152070433,0.0002463632104656054,4,39.22222222222222,1.6489611138237847,-1.0
0.03382657648762688,0.006154667877126485,55,0.31995860883034766,0.0002299927346552969,4,37.55555555555556,1.6432813178168402,-1.0
0.02927588447346352,0.006719428405631334,56,0.2880639461800456,0.00021404630011522587,4,38.22222222222222,1.6392073567708334,-1.0
0.00781997965532355,0.0077088937105145305,57,0.12433258909732103,0.00019854849509163232,4,39.333333333333336,1.6374344550238715,-1.0
0.03111698685097508,0.0038755380373913795,58,0.2800479009747505,0.00018352321607655918,4,35.55555555555556,1.6585893079969618,-1.0
0.033615515247220173,0.0032465870026499033,59,0.29500663303770125,0.00016899363096119395,4,39.111111111111114,1.624759792751736,-1.0
0.033788528031436726,0.004154314461629838,60,0.303653476992622,0.000154982143312659,4,39.666666666666664,1.6179669019911025,-1.0
0.03364819075795822,0.003909776743967086,61,0.30057192291133106,0.0001415103578293356,4,38.333333333333336,1.6383677164713542,-1.0
0.03349437637371011,0.0038469134888146073,62,0.29883978399448097,0.0001285990470279847,4,40.44444444444444,1.5912207539876302,-1.0
0.03372602447052486,0.0032735817949287593,63,0.2961059838999063,0.0001162681192140312,4,39.22222222222222,1.6236078559027778,-1.0
0.03370072192046791,0.003939731715945527,64,0.3012313707731664,0.00010453658778440107,4,39.333333333333336,1.6132595994737413,-1.0
0.019294738391181454,0.003410174249438569,65,0.18174151494167745,9.342254191024022e-05,4,40.111111111111114,1.5974344041612414,-1.0
0.007898206997197121,0.006551614496856928,66,0.11570278904400766,8.294311864472437e-05,4,38.333333333333336,1.6139747450086805,-1.0
0.03364298946689814,0.006105474894866347,67,0.31811541714705527,7.311447649896551e-05,4,38.888888888888886,1.6222232055664063,-1.0
0.03406501386780292,0.00523080988205038,68,0.31450564903207123,6.395177052675794e-05,4,39.666666666666664,1.6155321587456597,-1.0
0.03413115601870231,0.004934351105475798,69,0.3126559047959745,5.546912895658472e-05,4,39.666666666666664,1.6053821478949653,-1.0
0.03406265884405002,0.006970706017455086,70,0.3283943301066756,4.767963140691306e-05,4,38.333333333333336,1.6005479261610243,-1.0
0.03402218202245422,0.007618812727741897,71,0.33325755316764116,4.059528871837034e-05,4,41.44444444444444,1.5974650065104166,-1.0
0.03397535008843988,0.007282900158315897,72,0.3301921430975199,3.4227024433899e-05,4,40.0,1.6036363389756945,-1.0
0.024592669331468642,0.0067163647909183055,73,0.25059617892839015,2.8584657955444653e-05,4,40.666666666666664,1.5773225233289931,-1.0
0.010580896108876914,0.006213220156496391,74,0.1345005128532648,2.367688940315011e-05,4,40.77777777777778,1.5814207967122396,-1.0
0.033762209000997245,0.005166909861145541,75,0.31159531604498625,1.951128620040094e-05,4,41.333333333333336,1.5811558363172744,-1.0
0.03409329801797867,0.007069935119943693,76,0.3294368430506438,1.6094271405406862e-05,4,41.44444444444444,1.5865977986653645,-1.0
0.033849078143248335,0.007522277854150161,77,0.33110224502161145,1.3431113807311488e-05,4,35.44444444444444,1.6191498480902777,-1.0
0.034064269479131326,0.007839040277758613,78,0.3353586259763688,1.1525919802101659e-05,4,41.0,1.5652273559570313,-1.0
0.03404534803121351,0.0073286290862597525,79,0.3311215618159622,1.0381627060842164e-05,4,39.44444444444444,1.5956334092881945,-1.0
0.03410628347774036,0.007836147007765248,80,0.335669849999249,1e-05,4,39.333333333333336,1.5911810980902779,-1.0
0.03329091559862718,0.020141060289461166,1,0.4276108199264854,0.000999618372939158,5,12.900000071525573,4.858818109512329,-1.0
0.015457459026947618,0.005540907848626375,2,0.16809818195179105,0.0009984740801978985,5,14.600000035762786,2.5732478065490723,-1.0
0.034534381644334644,0.0062634843634441495,3,0.32649500691331923,0.0009965688861926887,5,17.90000002384186,2.1671616287231443,-1.0
0.034351684036664665,0.004900716710835695,4,0.3141315651591867,0.0009939057285945933,5,20.10000009536743,2.125781490325928,-1.0
0.03417989728040993,0.004921054205624387,5,0.3129163761623204,0.0009904887137995992,5,23.200000166893005,2.070360103607178,-1.0
0.034365834173513576,0.005004666338209063,6,0.31509254802949727,0.00098632311059685,5,23.60000011920929,2.0561730842590333,-1.0
0.03417821181938052,0.0068612755567301065,7,0.3284258949570358,0.0009814153420445555,5,25.00000010728836,1.9996281719207765,-1.0
0.03416566282976419,0.007926617399789393,8,0.336863380856812,0.0009757729755661012,5,26.000000071525573,1.9536081562042236,-1.0
0.022340529452776536,0.004716658440884203,9,0.21656133909709752,0.0009694047112816298,5,26.90000002384186,1.926731689453125,-1.0
0.00800849572988227,0.006569951277924702,10,0.11672956892289221,0.0009623203685930871,5,28.8,1.8958562030792236,-1.0
0.033893364161485806,0.0038684981991536915,11,0.3022027611732483,0.0009545308710434153,5,28.900000071525575,1.8694212589263917,-1.0
0.034142089425586164,0.00579466056660749,12,0.3196053069550544,0.0009460482294732422,5,29.700000047683716,1.8490384511947633,-1.0
0.034251009637955576,0.00702514560543932,13,0.33033683407120407,0.0009368855235010348,5,31.700000047683716,1.793671262741089,-1.0
0.034177692607045174,0.00730722863227129,14,0.33200998697429895,0.0009270568813552758,5,32.70000014305115,1.775912965774536,-1.0
0.03432236646767706,0.006128084147349,15,0.32373514282517135,0.0009165774580897602,5,33.400000071525575,1.7431831111907958,-1.0
0.0341652660863474,0.006775541784008965,16,0.32765485695563257,0.0009054634122155992,5,32.40000016689301,1.7418497343063355,-1.0
0.03097886886098422,0.004137557640206069,17,0.28103951388038695,0.0008937318807859689,5,32.50000004768371,1.712081844329834,-1.0
0.00997768499655649,0.007064280624035746,18,0.13647850998677313,0.0008814009529720156,5,33.300000238418576,1.681034302711487,-1.0
0.03396816583699547,0.003278984280768782,19,0.298136220080778,0.0008684896421706646,5,36.8,1.643260256767273,-1.0
0.03408156512887217,0.003975999628892168,20,0.3045898429118097,0.0008550178566873412,5,37.10000023841858,1.6122581195831298,-1.0
0.03426443997886963,0.0037680581444874406,21,0.30437045195139945,0.0008410063690388064,5,36.60000002384186,1.605875150680542,-1.0
0.034066323103616014,0.0033266371465288103,22,0.2992544579319656,0.0008264767839234412,5,38.600000214576724,1.6040400381088258,-1.0
0.03422138767200522,0.0033574255649000406,23,0.3007395500317216,0.000811451504908368,5,40.00000023841858,1.5731403779983522,-1.0
0.03413712076144293,0.0036801609967369586,24,0.3026460958644748,0.0007959536998847743,5,39.80000016689301,1.5828328914642333,-1.0
0.034272609365871176,0.004286146984668449,25,0.30858930107206106,0.0007800072653447032,5,41.30000009536743,1.5589590015411376,-1.0
0.01787686671013944,0.002964318555314094,26,0.16683181491680443,0.0007636367895343947,5,39.7,1.5456199312210084,-1.0
0.008245759352575988,0.0051963645091746,27,0.10763760283589363,0.0007468675145409928,5,44.70000023841858,1.503874906539917,-1.0
0.03393081173999235,0.0036639037425629795,28,0.30088557698763907,0.0007297252973710758,5,41.30000014305115,1.4938571119308472,-1.0
0.03426624453277327,0.008112392475595698,29,0.3391806739382446,0.0007122365700810271,5,42.10000014305115,1.5016741342544555,-1.0
0.03408757716533728,0.005959035857813433,30,0.3204867460299283,0.0006944282990207196,5,43.30000021457672,1.4593459224700929,-1.0
0.03439338936004788,0.005920210154727101,31,0.32262074388563633,0.0006763279432533592,5,45.00000011920929,1.4356789903640748,-1.0
0.03434440781711601,0.004828239558264613,32,0.3134903039317578,0.0006579634122155992,5,43.800000238418576,1.466530634880066,-1.0
0.03424938989337534,0.005308547959430143,33,0.31658450490795076,0.000639363022683212,5,42.100000095367434,1.4468583106994628,-1.0
0.03109383664559573,0.007329691841732711,34,0.3074936359189451,0.0006205554551086735,5,46.80000014305115,1.433495753288269,-1.0
0.008504437078954652,0.006546851043822244,35,0.12051181681454182,0.0006015697093979838,5,46.00000009536743,1.3931659755706787,-1.0
0.029870320111513138,0.0032605802407488227,36,0.2651737919077277,0.0005824350601949146,5,42.90000009536743,1.4357693815231323,-1.0
0.03418156600673683,0.004858805739786476,37,0.31246626004576683,0.0005631810117416299,5,46.90000016689301,1.389008303642273,-1.0
0.03413416905095801,0.006351206684485078,38,0.324010306969285,0.0005438372523852835,5,47.40000033378601,1.368623046875,-1.0
0.03434364087297581,0.004280437104171142,39,0.3091201970819384,0.0005244336088007391,5,46.300000071525574,1.3635858478546143,-1.0
0.03423814848065376,0.0036770461301784962,40,0.30344838788732886,0.0005050000000000001,5,49.70000033378601,1.327479518890381,-1.0
0.034384831495117396,0.00507116736844182,41,0.3157732388935983,0.0004855663911992613,5,50.20000033378601,1.3197396850585938,-1.0
0.03412997451960109,0.007413496496155858,42,0.332453056005761,0.00046616274761471693,5,51.30000021457672,1.3075747385025025,-1.0
0.011243728018598631,0.006814457970904186,43,0.14459504303522408,0.00044681898825837057,5,48.7,1.310774347305298,-1.0
0.013751845370279625,0.0034131490101572126,44,0.13747887406498194,0.000427564939805086,5,49.80000033378601,1.3111238975524901,-1.0
0.034090567380189896,0.004860843619098887,45,0.3117532809264958,0.00040843029060201667,5,52.30000011920929,1.3053989362716676,-1.0
0.03457122156396508,0.00670447779702954,46,0.330336872022599,0.000389444544891327,5,49.9,1.2905778484344483,-1.0
0.03424085924052633,0.0063506472506560385,47,0.32486690510995686,0.0003706369773167883,5,49.90000009536743,1.2790175762176514,-1.0
0.034324770618695766,0.006825800257502124,48,0.32933639409020543,0.0003520365877844012,5,50.70000009536743,1.2676655588150025,-1.0
0.03451375474105589,0.006919860374182463,49,0.3315783750731498,0.0003336720567466412,5,53.100000166893004,1.2675516204833985,-1.0
0.034248883894179016,0.00706697124405764,50,0.3306338421534747,0.0003155717009792807,5,53.60000028610229,1.2457271070480347,-1.0
0.020722519169794396,0.005325774836819619,51,0.20848752395249903,0.00029776342991897335,5,51.50000033378601,1.2549669799804688,-1.0
0.009381548821693286,0.004393240553326905,52,0.11030326201580465,0.00028027470262892445,5,54.70000033378601,1.2276996660232544,-1.0
0.03402265458134934,0.003556295792805031,53,0.3007677081041038,0.0002631324854590073,5,52.900000381469724,1.2291825761795043,-1.0
0.034312686999328434,0.007328787381993607,54,0.33327093394473195,0.0002463632104656054,5,54.40000009536743,1.2062933559417726,-1.0
0.03430194430984557,0.004714376816991717,55,0.31226906715892255,0.0002299927346552969,5,52.900000262260434,1.2242998828887939,-1.0
0.0343917703430634,0.003030817140825093,56,0.299539108062163,0.00021404630011522587,5,51.8,1.209061945915222,-1.0
0.034110178239643574,0.007695243373746052,57,0.3345720861107111,0.00019854849509163232,5,54.20000014305115,1.18005637550354,-1.0
0.03407230114680715,0.0030653750873170793,58,0.2972332478966564,0.00018352321607655918,5,56.10000019073486,1.1675633296966552,-1.0
0.034225129638798535,0.005197714868700132,59,0.31551238987594843,0.00016899363096119395,5,55.70000026226044,1.1590293550491333,-1.0
0.010361714841565117,0.0032589699258096516,60,0.10909862793050706,0.000154982143312659,5,56.50000028610229,1.147090136528015,-1.0
0.018154741410398856,0.004457906354218721,61,0.18103350116871297,0.0001415103578293356,5,57.400000381469724,1.16105322265625,-1.0
0.034288372087758034,0.0031416495330631733,62,0.2995690668467432,0.0001285990470279847,5,58.80000033378601,1.1360307455062866,-1.0
0.034179655893240124,0.004928461246890947,63,0.31300123198889196,0.0001162681192140312,5,58.20000038146973,1.1290271501541138,-1.0
0.03438452893169597,0.007539346319390461,64,0.3355200670193881,0.00010453658778440107,5,58.00000009536743,1.1181972770690918,-1.0
0.03413168204133399,0.007229229202494025,65,0.3310184869915247,9.342254191024022e-05,5,55.70000019073486,1.1388779535293578,-1.0
0.034305800043512136,0.007096303073922172,66,0.331347021041438,8.294311864472437e-05,5,56.6,1.114622052192688,-1.0
0.03436667547794059,0.007484898262191564,67,0.33494270499795675,7.311447649896551e-05,5,55.80000004768372,1.1259503726959228,-1.0
0.01646232177154161,0.006728942971676588,68,0.18565799994394183,6.395177052675794e-05,5,57.30000038146973,1.1416345710754394,-1.0
0.012019840243738145,0.005050783627666533,69,0.13667474500834942,5.546912895658472e-05,5,57.000000143051146,1.1245023889541625,-1.0
0.03409209122764878,0.0031384009052999318,70,0.29795686714351177,4.767963140691306e-05,5,58.10000052452087,1.119894714832306,-1.0
0.03412933714571409,0.007254039752297103,71,0.33117864187806845,4.059528871837034e-05,5,58.10000023841858,1.1200824642181397,-1.0
0.034381870267679915,0.007048250467050821,72,0.3315518219023943,3.4227024433899e-05,5,59.1,1.0939728708267211,-1.0
0.03411846037488431,0.005038642993895337,73,0.31336626200936735,2.8584657955444653e-05,5,59.00000033378601,1.122118179321289,-1.0
0.03432845725910738,0.006782417098293081,74,0.3290018071420491,2.367688940315011e-05,5,55.70000038146973,1.1208541135787964,-1.0
0.034252067387569696,0.006677429104456678,75,0.32754626707173884,1.951128620040094e-05,5,58.50000047683716,1.0767614755630492,-1.0
0.025709535228088498,0.006670498783932999,76,0.25914484914392233,1.6094271405406862e-05,5,58.500000381469725,1.0936600666046143,-1.0
0.008810359315248206,0.005786910536698997,77,0.11688253609463573,1.3431113807311488e-05,5,55.80000004768372,1.1325567417144775,-1.0
0.03412916598608717,0.0039365233678836375,78,0.304658095119521,1.1525919802101659e-05,5,58.90000033378601,1.0985860557556153,-1.0
0.03418840610538609,0.007176170271122828,79,0.3310475379694253,1.0381627060842164e-05,5,57.30000014305115,1.0928332300186157,-1.0
0.03414059794158675,0.007246847817441449,80,0.331233527045697,1e-05,5,54.9000002861023,1.1225916385650634,-1.0
0.035860195005726486,0.016823285336916644,1,0.47429848415777087,0.000999618372939158,6,10.909090941602534,5.477084791010077,-1.0
0.03415665141720739,0.004616925570492943,2,0.3490739520639181,0.0009984740801978985,6,12.63636362823573,2.9054388401725078,-1.0
0.034118484162415065,0.004653404725508558,3,0.3490579668432474,0.0009965688861926887,6,15.727272759784352,2.237254979393699,-1.0
0.034157016314566135,0.004596435568398899,4,0.34889810299500823,0.0009939057285945933,6,18.636363685131073,2.170954360961914,-1.0
0.02910054084430966,0.0031513869245019224,5,0.2903681721072644,0.0009904887137995992,6,21.09090915593234,2.128116791465066,-1.0
0.00844493725647529,0.00480651684726278,6,0.11937859118916094,0.00098632311059685,6,21.636363685131073,2.1073903517289594,-1.0
0.03392921465759476,0.002946584459601177,7,0.331996853929013,0.0009814153420445555,6,22.99999997290698,2.043759538477117,-1.0
0.034146507969126105,0.002979534807511502,8,0.334241455886513,0.0009757729755661012,6,22.45454550331289,2.0682275381955235,-1.0
0.03410902487424513,0.00471926369290385,9,0.34956621495075524,0.0009694047112816298,6,25.090909123420715,2.0120816334811122,-1.0
0.034084506798535585,0.004495448329382473,10,0.3473384538665414,0.0009623203685930871,6,27.727272716435518,1.9587424573031338,-1.0
0.03421803072301878,0.00454486805635194,11,0.3489809320308268,0.0009545308710434153,6,28.18181823058562,1.9460281627828424,-1.0
0.03406944053454532,0.004649300697363085,12,0.348573898896575,0.0009460482294732422,6,29.545454469594087,1.8980786098133433,-1.0
0.018522131748290524,0.004290268808189366,13,0.20541299786418676,0.0009368855235010348,6,28.181818236004222,1.8565241050720216,-1.0
0.008200289785034127,0.004258957329309649,14,0.11223690980114043,0.0009270568813552758,6,32.36363636363637,1.8249343039772727,-1.0
0.03400291370538374,0.003356061979300446,15,0.33636579383164644,0.0009165774580897602,6,31.181818236004222,1.7798052432320335,-1.0
0.03398265844831864,0.0032082576718595293,16,0.33484564698301256,0.0009054634122155992,6,31.545454491268504,1.7720010618730024,-1.0
0.0343680621849166,0.004907377581629489,17,0.3535918470006436,0.0008937318807859689,6,34.36363633112474,1.7549529504776,-1.0
0.033976467714334525,0.004489335826494628,18,0.34631603793241084,0.0008814009529720156,6,35.81818185069344,1.7068486972288652,-1.0
0.03409458326900171,0.004644360833076967,19,0.34876665216870606,0.0008684896421706646,6,36.63636362552643,1.692418930313804,-1.0
0.03421611012890935,0.004740226082503796,20,0.3507164209149778,0.0008550178566873412,6,37.09090919928117,1.6772907079349864,-1.0
0.015164373727101419,0.006269419384706352,21,0.1930080228485167,0.0008410063690388064,6,36.45454541119662,1.6961020695079456,-1.0
0.015455068580599295,0.004103997204866674,22,0.17613900289870799,0.0008264767839234412,6,36.45454542203383,1.6676366090774537,-1.0
0.03410985910644134,0.0028806484511329066,23,0.33302423311397433,0.000811451504908368,6,37.54545457796617,1.626851475022056,-1.0
0.03414038035811649,0.004627098200014896,24,0.3490161511581391,0.0007959536998847743,6,38.27272726189006,1.6084829976341941,-1.0
0.034201288440575205,0.004337117903762394,25,0.34695310005918145,0.0007800072653447032,6,38.18181814930656,1.6402665532719005,-1.0
0.03420212854527765,0.004950541226814191,26,0.3524830718524754,0.0007636367895343947,6,38.81818185069344,1.6202723832563921,-1.0
0.03405621231326626,0.006262348680239584,27,0.3629746900405735,0.0007468675145409928,6,39.909090876579285,1.5834877967834473,-1.0
0.03405797070202728,0.005647963740759426,28,0.35746276401914656,0.0007297252973710758,6,42.27272729440169,1.5339017581939698,-1.0
0.011290295437599221,0.006237458567031556,29,0.15788190416060388,0.0007122365700810271,6,41.1818182034926,1.5597470890391956,-1.0
0.033903558324608535,0.0034212685811022916,30,0.33610845007933676,0.0006944282990207196,6,41.99999996748838,1.5051872409473765,-1.0
0.03416048657769958,0.004901071104945408,31,0.35167243680916727,0.0006763279432533592,6,42.27272738109935,1.518652456890453,-1.0
0.034147380333807736,0.004143409663811326,32,0.3447238910011947,0.0006579634122155992,6,42.90909098495137,1.5080642180009323,-1.0
0.03418876199672619,0.005697892332035635,33,0.35908525716513395,0.000639363022683212,6,41.454545552080326,1.5070415444807572,-1.0
0.03407185760119723,0.0038383477367460728,34,0.3413064999040216,0.0006205554551086735,6,42.36363639614799,1.5094513602690263,-1.0
0.0341167013005664,0.0032707792706787586,35,0.3366183720063418,0.0006015697093979838,6,43.99999991330233,1.4716221995787186,-1.0
0.021175155519611306,0.003145497369890412,36,0.2190076590050012,0.0005824350601949146,6,44.181818138469346,1.478317451910539,-1.0
0.008609448895893164,0.003710328885871503,37,0.11100792605429888,0.0005631810117416299,6,44.90909091992812,1.4400406963174994,-1.0
0.03404911964510878,0.004355299338284466,38,0.3457447490654886,0.0005438372523852835,6,43.636363582177594,1.459975584637035,-1.0
0.034175803445072636,0.00469986067360474,39,0.349990492220968,0.0005244336088007391,6,46.27272720770402,1.4273712843114679,-1.0
0.034083360650887094,0.004419327920509709,40,0.3466395710129291,0.0005050000000000001,6,46.81818183985624,1.3921995947577737,-1.0
0.034080920559871525,0.006947323447093368,41,0.3693640420679003,0.0004855663911992613,6,47.5454546104778,1.3895809919183904,-1.0
0.034040372637617916,0.007060459245824152,42,0.37001561000943184,0.00046616274761471693,6,45.818181829019025,1.3793106066096912,-1.0
0.034166519038586154,0.005688260516358746,43,0.35880704782903194,0.00044681898825837057,6,47.27272740277377,1.374127700545571,-1.0
0.010057355303110348,0.004823754826146696,44,0.13403164315968752,0.000427564939805086,6,46.27272728356448,1.380227507244457,-1.0
0.020926670559371512,0.004831789889269405,45,0.23193252296186984,0.00040843029060201667,6,48.00000008669767,1.3464732737974687,-1.0
0.03403616709531181,0.0029917229225652087,46,0.3333583411294967,0.000389444544891327,6,49.0,1.3421208338304,-1.0
0.03403839357714686,0.0030512756461070645,47,0.3339184520300478,0.0003706369773167883,6,48.454545519568704,1.3213810075413097,-1.0
0.03402480953890416,0.0029375272440827554,48,0.33277021488174796,0.0003520365877844012,6,48.909090995788574,1.3213133530183272,-1.0
0.03411789843812585,0.0044168707811170155,49,0.34692557202652097,0.0003336720567466412,6,49.2727274461226,1.3131776866045866,-1.0
0.03418693212895758,0.004468194415999783,50,0.3480167309753597,0.0003155717009792807,6,50.18181812763214,1.299660230549899,-1.0
0.034097386342990726,0.004373060435884529,51,0.3463447578251362,0.00029776342991897335,6,53.90909090909091,1.289464277787642,-1.0
0.010741365788918402,0.005087203785984052,52,0.14258679212071002,0.00028027470262892445,6,51.27272720770402,1.266696606982838,-1.0
0.029940259254847962,0.003646379078014029,53,0.3024409969802946,0.0002631324854590073,6,53.36363621191545,1.2825151504169812,-1.0
0.03405758720408711,0.0069178246841248535,54,0.36890426580794156,0.0002463632104656054,6,52.81818183985624,1.2758693326603283,-1.0
0.034242613008245826,0.006408834209044774,55,0.36602812190540135,0.0002299927346552969,6,52.181818116794936,1.2732694625854493,-1.0
0.03413536834220091,0.0030763544297466674,56,0.33501244615763426,0.00021404630011522587,6,52.90909086574208,1.250838473926891,-1.0
0.034124231483373374,0.002789862841988603,57,0.33233289793133736,0.00019854849509163232,6,50.36363621191545,1.2559283178502862,-1.0
0.03517863656290703,0.007696253532129858,58,0.38598810182884336,0.00018352321607655918,6,52.727272748947144,1.2170953937010331,-1.0
0.01641947732100056,0.006713811230535309,59,0.20830091019161046,0.00016899363096119395,6,52.36363621191545,1.229088841785084,-1.0
0.009551246210725771,0.0030585677983860173,60,0.11361256311647594,0.000154982143312659,6,53.818182013251565,1.2249113854494962,-1.0
0.03409830899909139,0.004572067228663299,61,0.34816391207277775,0.0001415103578293356,6,53.99999993497675,1.2218892726031216,-1.0
0.034139181202691465,0.005506625580083992,62,0.3569467240013182,0.0001285990470279847,6,53.45454549789429,1.2053604832562532,-1.0
0.03406064776289794,0.005983329559158947,63,0.360505280084908,0.0001162681192140312,6,53.99999984827909,1.1766427989439532,-1.0
0.034100144584145814,0.006817058634219898,64,0.368365635862574,0.00010453658778440107,6,54.72727285731923,1.1846968616138804,-1.0
0.0342386926834782,0.003355336090963748,65,0.3384546220768243,9.342254191024022e-05,6,53.0909091017463,1.2068635936216874,-1.0
0.03407346995340453,0.0030826336911155116,66,0.33451296598650515,8.294311864472437e-05,6,54.09090898253701,1.1931693783673374,-1.0
0.013606174952454038,0.0028700230694893333,67,0.14840929792262614,7.311447649896551e-05,6,54.72727270559831,1.1697697752172296,-1.0
0.015216834894898865,0.0035308753398971427,68,0.1688579150941223,6.395177052675794e-05,6,53.09090928597884,1.213433479829268,-1.0
0.034048608866416745,0.004446645344917973,69,0.3465669930446893,5.546912895658472e-05,6,53.00000002167442,1.180313473181291,-1.0
0.034212204757043056,0.005105235122351183,70,0.3539636100176722,4.767963140691306e-05,6,56.36363638531078,1.166078961979259,-1.0
0.03399381641712454,0.004691456599781911,71,0.3482713329140097,4.059528871837034e-05,6,53.54545467550104,1.1931088265505705,-1.0
0.034020193464433156,0.004594335203162498,72,0.34764308715239167,3.4227024433899e-05,6,52.54545439373363,1.1969410679557106,-1.0
0.03417914034798741,0.004416695666602916,73,0.3474735210184008,2.8584657955444653e-05,6,55.90909091992812,1.1606688291376288,-1.0
0.03411927697662678,0.0046972430362883545,74,0.34949288703501225,2.367688940315011e-05,6,56.4545456496152,1.1569542889161544,-1.0
0.010445342192219364,0.004428769358330303,75,0.1340002240613103,1.951128620040094e-05,6,57.545454718849875,1.1533671314066107,-1.0
0.03019065790188809,0.004311579978093505,76,0.3106693660374731,1.6094271405406862e-05,6,55.18181824684143,1.1550933387062767,-1.0
0.03429628709434635,0.002928107019720806,77,0.33512931200675666,1.3431113807311488e-05,6,56.18181816014376,1.15523775620894,-1.0
0.03410641401488748,0.00513500865134928,78,0.35330020589753985,1.1525919802101659e-05,6,57.09090915593234,1.1594355318763039,-1.0
0.03412568478638099,0.005177914320180814,79,0.3538640299811959,1.0381627060842164e-05,6,54.99999997832558,1.1756843410838733,-1.0
0.03417432033974263,0.004691782329852383,80,0.34992748289369047,1e-05,6,56.09090928597884,1.152164848501032,-1.0
0.03687800038605928,0.014787729503586889,1,0.5168021060526371,0.000999618372939158,7,11.333333353201548,4.527959213256836,-1.0
0.03223069999366999,0.004071091301739216,2,0.3631288888864219,0.0009984740801978985,7,13.833333333333334,2.3200093587239583,-1.0
0.010122625273652375,0.0043382939184084535,3,0.14474543696269393,0.0009965688861926887,7,19.916666706403095,2.165418904622396,-1.0
0.03388319939840585,0.0037397273117676377,4,0.37638336909003556,0.0009939057285945933,7,21.166666706403095,2.124270222981771,-1.0
0.03396638035774231,0.004562472039833665,5,0.3853973678778857,0.0009904887137995992,7,21.58333335320155,2.1014599609375,-1.0
0.033933139475993815,0.0044057512190192934,6,0.383512272965163,0.00098632311059685,7,25.41666668653488,2.025897218386332,-1.0
0.034000981296412644,0.003042111499235034,7,0.3705411741975695,0.0009814153420445555,7,25.50000003973643,1.9657454442977906,-1.0
0.03402158149983734,0.0025938355829566717,8,0.3662599790841341,0.0009757729755661012,7,26.25,1.9612697347005208,-1.0
0.02944191948045045,0.004046055511571467,9,0.3349825250916183,0.0009694047112816298,7,28.083333333333332,1.9132255045572917,-1.0
0.008789136027917265,0.004156553372740746,10,0.1295784160029143,0.0009623203685930871,7,30.16666668653488,1.8818595377604166,-1.0
0.03394032772630453,0.002945464360527694,11,0.36898256791755557,0.0009545308710434153,7,30.583333412806194,1.8548951196670531,-1.0
0.03395397902932018,0.0043318451847881075,12,0.3829875870142132,0.0009460482294732422,7,31.75,1.8250634765625,-1.0
0.03389361340086907,0.004662445886060596,13,0.3856757660396397,0.0009368855235010348,7,30.083333333333332,1.8154983536402385,-1.0
0.033925952133722605,0.003887757379561663,14,0.37824799097143114,0.0009270568813552758,7,32.50000007947286,1.7970042928059895,-1.0
0.03387679967563599,0.004230676032602787,15,0.38120278902351856,0.0009165774580897602,7,32.5,1.7642793766657512,-1.0
0.02967492884490639,0.004290638258680701,16,0.33978187083266675,0.0009054634122155992,7,31.00000007947286,1.7900091552734374,-1.0
0.008999007008969783,0.003268018085509539,17,0.12279126211069524,0.0008937318807859689,7,32.083333333333336,1.7421832291285198,-1.0
0.03391787316650152,0.003549493127502501,18,0.37480183597654104,0.0008814009529720156,7,34.00000003973643,1.7242909733454386,-1.0
0.03400545571930706,0.005580797186121344,19,0.39596849912777543,0.0008684896421706646,7,34.666666666666664,1.7103460677464803,-1.0
0.03399949264712632,0.0026451939484104514,20,0.3665530257858336,0.0008550178566873412,7,36.916666746139526,1.702087607383728,-1.0
0.033895355905406176,0.0025600458960980178,21,0.36466030799783766,0.0008410063690388064,7,34.6666667064031,1.6917813618977864,-1.0
0.03397653391584754,0.004087956389412284,22,0.380757151870057,0.0008264767839234412,7,36.00000003973643,1.6438675451278686,-1.0
0.0323796337004751,0.0037588597973808647,23,0.3614898920059204,0.000811451504908368,7,37.4166667064031,1.6156326786677042,-1.0
0.00846535675227642,0.006496670562773943,24,0.1497232790570706,0.0007959536998847743,7,37.416666746139526,1.6392477941513062,-1.0
0.03375908499583602,0.0024929037084802986,25,0.3626302231568843,0.0007800072653447032,7,36.166666666666664,1.6466682942708333,-1.0
0.03399191582575441,0.002644258365035057,26,0.3664721669629216,0.0007636367895343947,7,36.83333341280619,1.6277237431208293,-1.0
0.036679672286845745,0.006073040934279561,27,0.42763559403829277,0.0007468675145409928,7,37.916666746139526,1.6299657201766968,-1.0
0.03407695621717721,0.003026093286462128,28,0.37116061989217997,0.0007297252973710758,7,40.166666666666664,1.5792914326985676,-1.0
0.033937150868587194,0.004035787028260529,29,0.3798406959977001,0.0007122365700810271,7,40.1666667064031,1.5830141178766886,-1.0
0.03295464396942407,0.0026507913367822765,30,0.35616492899134755,0.0006944282990207196,7,40.83333337306976,1.5607657877604166,-1.0
0.02821013010106981,0.004309644317254424,31,0.32530917110852897,0.0006763279432533592,7,37.833333333333336,1.5902034997940064,-1.0
0.027830753987655044,0.004240722628310323,32,0.3208222580142319,0.0006579634122155992,7,39.916666666666664,1.5439608748753866,-1.0
0.0282494057668373,0.002732872520573437,33,0.3099268591031432,0.000639363022683212,7,41.75000007947286,1.5336173232396444,-1.0
0.028913387772627176,0.00376937841065228,34,0.32694004103541374,0.0006205554551086735,7,43.75,1.4961085764567057,-1.0
0.027551177283748986,0.003560122917406261,35,0.31121570710092783,0.0006015697093979838,7,42.00000003973643,1.5039126078287761,-1.0
0.02853538850322366,0.004034832189790905,36,0.32632265985012054,0.0005824350601949146,7,43.33333337306976,1.484099678993225,-1.0
0.028452810388989745,0.004711373127065599,37,0.3317572479136288,0.0005631810117416299,7,42.58333337306976,1.4929297256469727,-1.0
0.028689030488021672,0.0029748369939625262,38,0.3167471771594137,0.0005438372523852835,7,42.58333337306976,1.4872003428141276,-1.0
0.0273449748987332,0.004593145498074591,39,0.31949549610726535,0.0005244336088007391,7,42.75000015894572,1.4856343603134154,-1.0
0.02609066367149353,0.00487274881452322,40,0.30974801583215594,0.0005050000000000001,7,43.083333333333336,1.4746588150660196,-1.0
0.02567850728519261,0.0026756104081869124,41,0.2836478869430721,0.0004855663911992613,7,44.666666746139526,1.4382457240422566,-1.0
0.028115661209449173,0.004141773888841271,42,0.3226862889714539,0.00046616274761471693,7,44.916666746139526,1.4113549788792927,-1.0
0.024770370172336697,0.004287374834530055,43,0.2907523119356483,0.00044681898825837057,7,45.166666666666664,1.4445310990015665,-1.0
0.008300952124409377,0.004228415084071457,44,0.1253950148820877,0.000427564939805086,7,44.75,1.4176729313532512,-1.0
0.03384318228345364,0.002697936911135912,45,0.3655419589485973,0.00040843029060201667,7,44.25000003973643,1.4207558170954386,-1.0
0.034059624071232975,0.004586782935075462,46,0.38659537793137133,0.000389444544891327,7,45.83333341280619,1.4029901647567748,-1.0
0.03394283566158265,0.0054529016371816395,47,0.3940671479795128,0.0003706369773167883,7,44.833333333333336,1.4232405996322632,-1.0
0.03390236482955515,0.004091698583215475,48,0.3800548461731523,0.0003520365877844012,7,45.50000003973643,1.3917654911677042,-1.0
0.033830564864911136,0.0026984405238181354,49,0.3654026829171926,0.0003336720567466412,7,45.416666746139526,1.3866557439168294,-1.0
0.03147197293583304,0.00372839265037328,50,0.35210846294648945,0.0003155717009792807,7,46.333333333333336,1.3770014683405558,-1.0
0.010348804923705757,0.006515212776139379,51,0.1687428317964077,0.00029776342991897335,7,44.666666666666664,1.3853295787175497,-1.0
0.033989358134567736,0.002768711280077696,52,0.3677144949324429,0.00028027470262892445,7,45.33333337306976,1.3823139826456705,-1.0
0.03404747529421002,0.0035840207012370227,53,0.37645548093132675,0.0002631324854590073,7,47.50000003973643,1.3588890091578165,-1.0
0.0340942136477679,0.005105570238083601,54,0.39212629199028015,0.0002463632104656054,7,47.166666746139526,1.3464803330103556,-1.0
0.033894555433653294,0.004322878876700997,55,0.38228355813771486,0.0002299927346552969,7,48.08333337306976,1.3296514129638672,-1.0
0.03428322249092162,0.006576666212640703,56,0.40870739007368684,0.00021404630011522587,7,49.25000007947286,1.3084197346369426,-1.0
0.0267501094378531,0.0030575422570109367,57,0.2981846190523356,0.00019854849509163232,7,49.66666682561239,1.312008703549703,-1.0
0.021897084475494922,0.0036453920183703303,58,0.25553072383627295,0.00018352321607655918,7,46.16666682561239,1.3147138897577921,-1.0
0.033862989279441535,0.0026051336200907825,59,0.3647915138863027,0.00016899363096119395,7,48.50000007947286,1.2944568490982056,-1.0
0.03399101688992232,0.0050704633118584756,60,0.3907225430011749,0.000154982143312659,7,48.1666667064031,1.3076472489039104,-1.0
0.03393554836511612,0.004298193729482591,61,0.3824479579925537,0.0001415103578293356,7,47.9166667064031,1.2987177149454752,-1.0
0.03406325785908848,0.005229426641017198,62,0.3930551379453391,0.0001285990470279847,7,49.75000015894572,1.287635014851888,-1.0
0.03409222166519612,0.004721825337037444,63,0.3882439450826496,0.0001162681192140312,7,48.666666666666664,1.3111550140380859,-1.0
0.01764491177164018,0.0044773569330573085,64,0.22132358909584582,0.00010453658778440107,7,50.666666746139526,1.2806336863835652,-1.0
0.010642462712712585,0.00417434258852154,65,0.14827003586106002,9.342254191024022e-05,7,50.25000015894572,1.2809674326578777,-1.0
0.033993635000661014,0.004289450705982745,66,0.3829362450633198,8.294311864472437e-05,7,49.50000007947286,1.287363918622335,-1.0
0.034032414318062365,0.0025206802878528834,67,0.3656472109723836,7.311447649896551e-05,7,52.166666746139526,1.255889131228129,-1.0
0.034019369585439566,0.0030734922038391232,68,0.3710389139596373,6.395177052675794e-05,7,49.75,1.2790841277440388,-1.0
0.0341032175347209,0.00418519985396415,69,0.3829911139328033,5.546912895658472e-05,7,51.75000007947286,1.2468031326929727,-1.0
0.0341109418310225,0.003955733170732856,70,0.38077472196891904,4.767963140691306e-05,7,50.083333333333336,1.2699809249242147,-1.0
0.028978284820914267,0.002847687085159123,71,0.3183696139603853,4.059528871837034e-05,7,51.75,1.2618955246607462,-1.0
0.008968426566570997,0.0027755221351981165,72,0.11758209113031626,3.4227024433899e-05,7,50.166666746139526,1.283101855913798,-1.0
0.032134854979813096,0.0036813965998589993,73,0.35832643206231296,2.8584657955444653e-05,7,50.50000007947286,1.2492614110310873,-1.0
0.03391341799870133,0.0026636620983481406,74,0.36589834303595126,2.367688940315011e-05,7,50.5,1.2637571350733439,-1.0
0.03386845686472952,0.0043460526270791885,75,0.38227076502516866,1.951128620040094e-05,7,50.83333337306976,1.253244121869405,-1.0
0.033945681899785994,0.002820541011169553,76,0.36778536392375827,1.6094271405406862e-05,7,50.75000007947286,1.2405753835042317,-1.0
0.034045745199546215,0.004222341696731746,77,0.3828130590263754,1.3431113807311488e-05,7,51.75000015894572,1.2554978068669638,-1.0
0.03410540958866477,0.004173745703883469,78,0.3829216279555112,1.1525919802101659e-05,7,50.83333337306976,1.249375966389974,-1.0
0.00941260284744203,0.005537161673419178,79,0.1496097929775715,1.0381627060842164e-05,7,51.41666682561239,1.2405497741699218,-1.0
0.020360440807417036,0.0035988508025184274,80,0.23971835407428443,1e-05,7,51.666666666666664,1.2445900233586629,-1.0
0.010279904098503968,0.015167652629315853,1,0.2800644962117076,0.000999618372939158,8,9.769230770377012,5.744122596887442,-1.0
0.03389784854582765,0.002563630992716009,2,0.4012061399407685,0.0009984740801978985,8,13.153846158431126,2.4224092923677887,-1.0
0.03394605024633082,0.002453966849398884,3,0.40054600802250206,0.0009965688861926887,8,18.692307719817528,2.205116434830886,-1.0
0.033918109658936206,0.004214974331923507,4,0.4195961831137538,0.0009939057285945933,8,20.923076927661896,2.1401205664414626,-1.0
0.0339963400778784,0.0037126675544475966,5,0.41493087192066014,0.0009904887137995992,8,22.30769231686225,2.075267051916856,-1.0
0.034009595909579235,0.00370809717357836,6,0.41502413898706436,0.00098632311059685,8,23.461538463830948,2.044343636586116,-1.0
0.013638187136331742,0.00397230058231137,7,0.19383595697581768,0.0009814153420445555,8,22.307692298522362,1.9979505326197697,-1.0
0.011101766489446163,0.002354454608972777,8,0.14814403094351292,0.0009757729755661012,8,24.07692308150805,1.9594542503356933,-1.0
0.03400183795019984,0.0029608303977345877,9,0.4066984560340643,0.0009694047112816298,8,26.153846163016098,1.9342934953249418,-1.0
0.03384884341027249,0.0036618246654556556,10,0.41273926105350256,0.0009623203685930871,8,29.07692308150805,1.891397610444289,-1.0
0.03385861696336757,0.003067696594040502,11,0.4063222191762179,0.0009545308710434153,8,29.076923076923077,1.824863750751202,-1.0
0.033848576226525685,0.0043058681344105435,12,0.41982872202061117,0.0009460482294732422,8,29.46153846153846,1.8433698914601253,-1.0
0.03398818054913797,0.004085435807196932,13,0.4189412978012115,0.0009368855235010348,8,31.38461539378533,1.8108908319473267,-1.0
0.012310795253142715,0.002577015198767185,14,0.1638869559392333,0.0009270568813552758,8,30.0,1.796550105535067,-1.0
0.02038059307431633,0.0049751628486608915,15,0.27902260911650956,0.0009165774580897602,8,30.230769239939175,1.7851430093325102,-1.0
0.033809417562389914,0.003557541068981994,16,0.4111631859559566,0.0009054634122155992,8,34.8461538369839,1.7299660073793852,-1.0
0.033839490645649756,0.0026635688898915596,17,0.4016403849236667,0.0008937318807859689,8,33.46153847987835,1.7158941643054668,-1.0
0.033916820073500276,0.0034718901045959105,18,0.41138310288079083,0.0008814009529720156,8,32.69230771981753,1.7091056005771343,-1.0
0.03410645667463541,0.00349652358669449,19,0.413739503826946,0.0008684896421706646,8,34.23076923993918,1.7250367146271925,-1.0
0.03381593353961679,0.0024447075556963682,20,0.39897659607231617,0.0008550178566873412,8,34.30769233520214,1.7045639969752384,-1.0
0.008291891627860341,0.003514524189416658,21,0.12997769401408732,0.0008410063690388064,8,36.69230769460018,1.6804047104028554,-1.0
0.029710832644592632,0.0022928155535324054,22,0.3521708569023758,0.0008264767839234412,8,35.461538489048294,1.652705030808082,-1.0
0.033809535671025515,0.00243808750317178,23,0.39885201677680016,0.000811451504908368,8,36.61538462455456,1.657059935789842,-1.0
0.03414691129530018,0.0036067811518230223,24,0.41541803907603025,0.0007959536998847743,8,36.69230769230769,1.6497614457057073,-1.0
0.0338384578935802,0.0037527203729206867,25,0.41362796910107136,0.0007800072653447032,8,36.923076927661896,1.6148699015837449,-1.0
0.03417355884713205,0.004104878330095248,26,0.42119221296161413,0.0007636367895343947,8,37.23076923993918,1.6030792709497306,-1.0
0.023311857324601573,0.0038010836790569806,27,0.29834546614438295,0.0007468675145409928,8,35.000000009169945,1.6585047322053175,-1.0
0.019417501308701256,0.0035887428728694267,28,0.25322416005656123,0.0007297252973710758,8,37.846153864493736,1.6236988705855149,-1.0
0.0341002835299481,0.002404817570508881,29,0.40169602213427424,0.0007122365700810271,8,40.461538470708405,1.5870907831192016,-1.0
0.03385903648185459,0.0036317457190968776,30,0.41252512391656637,0.0006944282990207196,8,38.23076925827907,1.6265132489571204,-1.0
0.033843144118277865,0.003582774153487249,31,0.4117964068427682,0.0006763279432533592,8,38.46153846153846,1.5837407046097975,-1.0
0.033870513466271485,0.00255045445043255,32,0.4007401110138744,0.0006579634122155992,8,40.69230769230769,1.561849552668058,-1.0
0.03401089696721597,0.003961748126047579,33,0.4178118649870157,0.000639363022683212,8,39.92307693224687,1.5814083869640643,-1.0
0.01293497936884788,0.0035671804481270638,34,0.18166529084555805,0.0006205554551086735,8,39.846153850738816,1.5698229155173669,-1.0
0.033737642648206514,0.0028299225324934178,35,0.4023775889072567,0.0006015697093979838,8,40.46153847987835,1.5610976237517136,-1.0
0.03384750702587718,0.0023824444294653154,36,0.39865967095829546,0.0005824350601949146,8,39.76923076923077,1.5159196127378023,-1.0
0.033800648800520736,0.003583366559310393,37,0.4113620761781931,0.0005631810117416299,8,38.923076913906975,1.5331092489682712,-1.0
0.03386683645658195,0.003457338993691585,38,0.41070173401385546,0.0005438372523852835,8,41.69230769230769,1.5303192146007831,-1.0
0.03386216003193774,0.002513180317526514,39,0.40025813900865614,0.0005244336088007391,8,41.15384614467621,1.5249443413661077,-1.0
0.022812976544214922,0.002431347987360575,40,0.277809675084427,0.0005050000000000001,8,40.076923104432915,1.517956308218149,-1.0
0.017377222676507452,0.0039494155948473645,41,0.23470074404031038,0.0004855663911992613,8,41.46153847987835,1.4929207666103657,-1.0
0.033921060152351856,0.002739732577042146,42,0.4034082400612533,0.00046616274761471693,8,41.23076923993918,1.4744110580591054,-1.0
0.03390477839010683,0.002832892266186801,43,0.40423974697478116,0.00044681898825837057,8,41.84615384615385,1.5016952276229858,-1.0
0.034560362617908555,0.0033240795601159334,44,0.41684748185798526,0.000427564939805086,8,42.1538461630161,1.4748581878955547,-1.0
0.033948276805776084,0.0027714384804395113,45,0.40402579214423895,0.00040843029060201667,8,42.1538461630161,1.466961176945613,-1.0
0.0340657223185355,0.0032430798534981227,46,0.4105107760988176,0.000389444544891327,8,43.15384614467621,1.4683875215970552,-1.0
0.010906779334287752,0.0023128536783836103,47,0.14552089106291533,0.0003706369773167883,8,42.76923076006082,1.4706641560334426,-1.0
0.023455896541814913,0.00257833354937082,48,0.28648953093215823,0.0003520365877844012,8,43.30769231686225,1.4547573272998517,-1.0
0.03413667862134224,0.0034412240228531036,49,0.4134883771184832,0.0003336720567466412,8,43.30769229852236,1.4518544362141537,-1.0
0.033853005448525604,0.0029777062802829528,50,0.40525417402386665,0.0003155717009792807,8,43.384615402955276,1.4702987905649039,-1.0
0.03387397762641988,0.0028644240969284015,51,0.4042289489880204,0.00029776342991897335,8,43.92307693224687,1.4397960494114803,-1.0
0.03389765845019032,0.0035974321971562776,52,0.41257447097450495,0.00028027470262892445,8,45.69230770147764,1.4065303391676682,-1.0
0.030808132184161383,0.003685365261679346,53,0.37953276885673404,0.0002631324854590073,8,41.538461547631485,1.426255152775691,-1.0
0.009028255367990245,0.004536276450380683,54,0.1493125851266086,0.0002463632104656054,8,44.61538462455456,1.4281083330741295,-1.0
0.030789406758479097,0.00313245788724585,55,0.3732778369449079,0.0002299927346552969,8,44.61538462455456,1.415620916073139,-1.0
0.03394880562766709,0.002665026727217165,56,0.40289685293100774,0.00021404630011522587,8,45.53846157514132,1.3836248423502995,-1.0
0.03389651813036339,0.0036386977034536276,57,0.41300277691334486,0.00019854849509163232,8,46.30769229852236,1.3695966042005099,-1.0
0.03385559109632264,0.002923496617850932,58,0.4046788290143013,0.00018352321607655918,8,44.76923076923077,1.3875259278370784,-1.0
0.033849812260913575,0.0025340668349103494,59,0.40033581014722586,0.00016899363096119395,8,46.69230774732736,1.3674059831179106,-1.0
0.025431750257584183,0.0027068108320236206,60,0.3096260551828891,0.000154982143312659,8,46.53846155680143,1.3798255212490376,-1.0
0.00915930947204205,0.00251957424916327,61,0.12857298902235925,0.0001415103578293356,8,45.76923076006082,1.3878274062963631,-1.0
0.03378087220798162,0.0027425864457406783,62,0.4018722870387137,0.0001285990470279847,8,45.69230770147764,1.380923861356882,-1.0
0.033762495943599126,0.002437049417163838,63,0.3983062459155917,0.0001162681192140312,8,48.92307692307692,1.3333203367086557,-1.0
0.03394183556718582,0.002405266065827825,64,0.3999326699413359,0.00010453658778440107,8,46.15384618135599,1.3750073836399959,-1.0
0.033836150033907456,0.0023878682404756546,65,0.39858861709944904,9.342254191024022e-05,8,47.076923086093025,1.3410669407477747,-1.0
0.03385916839099743,0.0035295407922769136,66,0.4113838339690119,8.294311864472437e-05,8,48.000000009169945,1.318480530518752,-1.0
0.0203015817202289,0.0035352678334509783,67,0.26231093308888376,7.311447649896551e-05,8,47.384615402955276,1.3387111128293552,-1.0
0.009440281386063858,0.0039049558849497275,68,0.14690327900461853,6.395177052675794e-05,8,49.30769230769231,1.3316725279734685,-1.0
0.03406550091775981,0.0037110662722790785,69,0.4156471558380872,5.546912895658472e-05,8,49.46153847987835,1.3432842786495502,-1.0
0.033937717957252804,0.002425728492777456,70,0.4001036500558257,4.767963140691306e-05,8,48.61538462455456,1.3298754178560697,-1.0
0.033890997313640335,0.003925142598084428,71,0.41609557694755495,4.059528871837034e-05,8,47.15384618135599,1.3345030681903545,-1.0
0.03398518647405912,0.004547401797026396,72,0.42396742501296103,3.4227024433899e-05,8,46.6153846337245,1.33830917431758,-1.0
0.033978224858980284,0.004005795302377505,73,0.4179334160871804,2.8584657955444653e-05,8,50.0,1.3068749057329618,-1.0
0.0129427092615515,0.0027167541821571913,74,0.1723739979788661,2.367688940315011e-05,8,49.00000001833989,1.3195405923403227,-1.0
0.0203673383009366,0.0029985147147354755,75,0.25714899110607803,1.951128620040094e-05,8,49.23076923076923,1.3026390303098239,-1.0
0.03396558715030551,0.002519525121897459,76,0.40146607998758554,1.6094271405406862e-05,8,46.30769231686225,1.3477712774276733,-1.0
0.0339519062968479,0.0027091837996108966,77,0.40338088502176106,1.3431113807311488e-05,8,49.53846153846154,1.3281867984625009,-1.0
0.03398171496916224,0.004754711662165143,78,0.4262085349764675,1.1525919802101659e-05,8,48.69230769230769,1.3285716009140014,-1.0
0.033903674645857376,0.004099010997875171,79,0.41813792614266276,1.0381627060842164e-05,8,48.307692326032196,1.3118420993364774,-1.0
0.031889871397817675,0.0038243902381509542,80,0.3929628280457109,1e-05,8,49.38461539378533,1.31577885554387,-1.0
0.020525343631478874,0.013507964470508423,1,0.3745123581029475,0.000999618372939158,9,13.500000093664442,4.276199941635132,-1.0
0.02286847437393259,0.0023101583461869846,2,0.27708817506209016,0.0009984740801978985,9,16.71428575686046,2.3252892548697335,-1.0
0.03433847452767871,0.003618992378257892,3,0.4176520749460906,0.0009965688861926887,9,20.64285717691694,2.1065332058497837,-1.0
0.03432420406236567,0.0025040787560018625,4,0.40522690396755934,0.0009939057285945933,9,25.64285717691694,1.9834915549414498,-1.0
0.03432017253627154,0.0035925314507701182,5,0.4171480059158057,0.0009904887137995992,9,26.785714285714285,1.9349210051127843,-1.0
0.034398900366134265,0.003703767835924571,6,0.41928115813061595,0.00098632311059685,9,28.928571666990006,1.8685666295460293,-1.0
0.02957436491057954,0.0037070401647890158,7,0.36619763006456196,0.0009814153420445555,9,30.28571433680398,1.8578430162157331,-1.0
0.010544441449879245,0.003994468091563745,8,0.16003502579405904,0.0009757729755661012,9,30.142857347215926,1.8007531785964965,-1.0
0.03426455026915805,0.002371596913276748,9,0.40311497496441007,0.0009694047112816298,9,33.571428877966746,1.7642979179109846,-1.0
0.03424883936531842,0.0022986489983106203,10,0.4021309460513294,0.0009623203685930871,9,34.42857168401991,1.7226225975581577,-1.0
0.03452219515615566,0.0026110114783725953,11,0.40857292409054935,0.0009545308710434153,9,34.285714285714285,1.7009610884530204,-1.0
0.03427497913468291,0.003881774228912863,12,0.41983819799497724,0.0009460482294732422,9,34.571428707667756,1.6933950356074743,-1.0
0.03428881060840054,0.0036297112025997853,13,0.41721224319189787,0.0009368855235010348,9,37.85714304447174,1.6497271687643869,-1.0
0.016389634312045844,0.0038617643189023843,14,0.2228691300842911,0.0009270568813552758,9,38.00000025544848,1.6048030355998448,-1.0
0.016536978602578693,0.0028198039455508642,15,0.2130332321394235,0.0009165774580897602,9,38.428571701049805,1.5894083424976895,-1.0
0.034354352773251856,0.002376316771419211,16,0.4041449660435319,0.0009054634122155992,9,37.78571449007307,1.61142132963453,-1.0
0.03433580548417839,0.002710166620090604,17,0.4076149871107191,0.0008937318807859689,9,40.92857153075082,1.5554953009741648,-1.0
0.03433671684681692,0.0028609130531549454,18,0.40928271203301847,0.0008814009529720156,9,40.28571435383388,1.5448058686937605,-1.0
0.0343007646839727,0.0025846368675543504,19,0.40584946307353675,0.0008684896421706646,9,42.571428826877046,1.5293706403459821,-1.0
0.03438941332172941,0.002971866676075892,20,0.41108615789562464,0.0008550178566873412,9,42.42857163293021,1.5236272525787353,-1.0
0.015175572617656806,0.0028384266505864534,21,0.19825894990935922,0.0008410063690388064,9,43.357142976352144,1.486926542009626,-1.0
0.01841647681695494,0.002384361451153051,22,0.22892621695064008,0.0008264767839234412,9,44.28571455819266,1.4621981205259051,-1.0
0.03438111682507125,0.004157704893838276,23,0.42404821002855897,0.000811451504908368,9,44.85714294229235,1.4600377941131593,-1.0
0.03424969082698226,0.002529305808076804,24,0.4046775661408901,0.0007959536998847743,9,45.00000013623919,1.4375803913388934,-1.0
0.034355499633503234,0.0035940875426273456,25,0.4175548320636153,0.0007800072653447032,9,45.71428600379399,1.4570964547566005,-1.0
0.03433735514144329,0.003971673675220121,26,0.42151098418980837,0.0007636367895343947,9,46.07142880984715,1.4295680461611067,-1.0
0.03427123117514632,0.0025305931075391445,27,0.40492933988571167,0.0007468675145409928,9,44.928571581840515,1.415477888243539,-1.0
0.009286945982074196,0.003912076735022393,28,0.1452957601286471,0.0007297252973710758,9,47.64285751751491,1.3806352152143206,-1.0
0.026411119594492695,0.0029514526779001408,29,0.3231174689717591,0.0007122365700810271,9,45.50000022138868,1.4039920139312745,-1.0
0.03426208719611168,0.003386940531940623,30,0.4142483090981841,0.0006944282990207196,9,46.428571701049805,1.3664138541902815,-1.0
0.03434403462928127,0.003857288192110983,31,0.42032653908245265,0.0006763279432533592,9,46.64285736424582,1.3861999538966587,-1.0
0.03421498693271794,0.003933506425131451,32,0.4197465169709176,0.0006579634122155992,9,48.57142877578735,1.3309512036187308,-1.0
0.03437352243980223,0.0035962585613808847,33,0.4177800409961492,0.000639363022683212,9,50.35714299338205,1.3215461472102574,-1.0
0.030355046460912985,0.0026167233432219787,34,0.36279069096781313,0.0006205554551086735,9,51.35714302744184,1.2701201799937656,-1.0
0.008862888673320413,0.003907759335230698,35,0.14058189606294036,0.0006015697093979838,9,51.64285734721592,1.2702608789716447,-1.0
0.03427757174623283,0.0026858809023079548,36,0.4067127099260688,0.0005824350601949146,9,54.14285748345511,1.2294577850614274,-1.0
0.03433623702519319,0.0036154163324020124,37,0.4175864940043539,0.0005631810117416299,9,52.92857183728899,1.2390258829934255,-1.0
0.03431403351185674,0.0037243947683071547,38,0.41854662797413766,0.0005438372523852835,9,52.42857142857143,1.2346110909325736,-1.0
0.03431565369564024,0.0029309619302776728,39,0.409824209054932,0.0005244336088007391,9,53.00000013623919,1.2303435666220528,-1.0
0.03442040511237627,0.0034197176256301727,40,0.41635118587873876,0.0005050000000000001,9,55.07142889499664,1.188293958391462,-1.0
0.020203062523664397,0.003610265017910437,41,0.26204983913339674,0.0004855663911992613,9,53.21428600379399,1.1982941974912371,-1.0
0.01458880756135014,0.0031597782561386175,42,0.1953551839105785,0.00046616274761471693,9,55.714285952704294,1.1949676976885115,-1.0
0.03431712785227732,0.0034647771495987067,43,0.41570804500952363,0.00044681898825837057,9,55.07142904826573,1.1429441009249006,-1.0
0.03439907435412434,0.003446203021501953,44,0.4164113509468734,0.000427564939805086,9,56.571428946086336,1.1656213808059692,-1.0
0.03441129336980256,0.0035257089078765025,45,0.4174171010963619,0.00040843029060201667,9,57.857143197740825,1.1335101454598564,-1.0
0.034249962752007625,0.004067565716633742,46,0.42160334903746843,0.000389444544891327,9,58.7142858505249,1.1073027086257934,-1.0
0.034292171455242416,0.002508365824310617,47,0.40491843898780644,0.0003706369773167883,9,56.857142891202656,1.1123781408582414,-1.0
0.012494958005845547,0.0043450833552263,48,0.18534689489752054,0.0003520365877844012,9,56.857142891202656,1.0987728595733643,-1.0
0.020926000021228738,0.0027036137074570765,49,0.2600496569648385,0.0003336720567466412,9,58.85714292526245,1.0648191670009068,-1.0
0.03440041484480554,0.0035310386976396494,50,0.41735502192750573,0.0003155717009792807,9,57.357142959322246,1.0864209760938373,-1.0
0.03424989825791933,0.0037476142910732465,51,0.4180834249127656,0.00029776342991897335,9,57.85714333398001,1.0909329101017544,-1.0
0.03443028053946116,0.0038146919316866183,52,0.4208045417908579,0.00028027470262892445,9,59.571428946086336,1.0822698456900461,-1.0
0.034381093669005415,0.0036014405883510003,53,0.41792431310750544,0.0002631324854590073,9,61.35714302744184,1.03211281980787,-1.0
0.03436865141107277,0.0037860687695104966,54,0.4198141109663993,0.0002463632104656054,9,59.714285782405305,1.0572704812458584,-1.0
0.010673676956106316,0.004137589765543287,55,0.16302718897350132,0.0002299927346552969,9,62.92857190540859,1.0202387067249843,-1.0
0.034095721700313414,0.002822666196152568,56,0.40621221298351884,0.00021404630011522587,9,63.28571476255144,0.9839126055581229,-1.0
0.034334566930986264,0.0037997313351793723,57,0.41958497394807637,0.00019854849509163232,9,61.92857159887041,1.021229911191123,-1.0
0.0343376751777462,0.0037062126423486256,58,0.418594071874395,0.00018352321607655918,9,63.1428576537541,0.987979256084987,-1.0
0.03438085525042631,0.005188053473830223,59,0.43537061591632664,0.00016899363096119395,9,62.9285717351096,0.9629152468272618,-1.0
0.034435690444132146,0.0024488699114458127,60,0.4058396390173584,0.000154982143312659,9,64.71428612300328,0.9642525666100639,-1.0
0.018620507410642775,0.003670084671202031,61,0.24529949808493257,0.0001415103578293356,9,64.07142904826573,0.933864609173366,-1.0
0.014322272565385158,0.002896709261800755,62,0.1895193769596517,0.0001285990470279847,9,64.07142863954816,0.9539556557791574,-1.0
0.03437823660417714,0.00346406157636507,63,0.4163759460207075,0.0001162681192140312,9,65.35714333398002,0.9176099984986441,-1.0
0.034386598081751305,0.0037983901036733932,64,0.42014311300590634,0.00010453658778440107,9,64.85714340209961,0.9440368291309902,-1.0
0.03433190580372783,0.002915565644136884,65,0.4098339539486915,9.342254191024022e-05,9,62.07142901420593,0.9693027860777719,-1.0
0.03429182631556283,0.0035727302205156197,66,0.41662329295650125,8.294311864472437e-05,9,65.6428576878139,0.935906138420105,-1.0
0.03427937042645433,0.0038847669281742788,67,0.41991683817468584,7.311447649896551e-05,9,68.4285717691694,0.9104406295503888,-1.0
0.01215390681119805,0.0036472391802817583,68,0.17391592194326222,6.395177052675794e-05,9,66.78571459225246,0.885651433808463,-1.0
0.021945428505370564,0.003384442851794037,69,0.2787470428738743,5.546912895658472e-05,9,65.71428581646511,0.9121708897181919,-1.0
0.034352648982100865,0.0025316016452217645,70,0.40584999206475914,4.767963140691306e-05,9,65.57142904826573,0.8967950027329581,-1.0
0.03440271072428335,0.004011530280959877,71,0.42266922094859183,4.059528871837034e-05,9,65.92857166699001,0.9052237405095782,-1.0
0.03436008734967221,0.003888942555270412,72,0.4208495339844376,3.4227024433899e-05,9,66.92857166699001,0.8842504930496216,-1.0
0.034323638220402325,0.0025803381577134132,73,0.4060522529762238,2.8584657955444653e-05,9,66.28571466037205,0.8884454659053258,-1.0
0.034273297737606546,0.003572421529414979,74,0.41643106495030224,2.367688940315011e-05,9,67.28571459225246,0.8881523278781346,-1.0
0.008962637512013316,0.0023407491177997804,75,0.12444282183423638,1.951128620040094e-05,9,68.78571476255145,0.8724107084955488,-1.0
0.02797383948398585,0.0026166626167568293,76,0.33662414690479636,1.6094271405406862e-05,9,67.6428576878139,0.9027451855795724,-1.0
0.03439353918656707,0.002290058436549523,77,0.4036282680463046,1.3431113807311488e-05,9,66.00000023841858,0.9109809643881661,-1.0
0.034315620083361864,0.0025671702724966135,78,0.40581917599774897,1.1525919802101659e-05,9,64.28571442195347,0.903663237776075,-1.0
0.034430004486983475,0.003983973525464535,79,0.42266718694008887,1.0381627060842164e-05,9,66.71428595270429,0.8979486795834133,-1.0
0.03433165307664736,0.0042860861867666245,80,0.4249050170183182,1e-05,9,69.07142887796674,0.8728466486930847,-1.0
0.03655440292398756,0.012396399339195341,1,0.5875708791427314,0.000999618372939158,10,11.93333336909612,4.46787060101827,-1.0
0.022602862232209493,0.0024814385105855763,2,0.3011244989465922,0.0009984740801978985,10,17.266666654745737,2.313147134145101,-1.0
0.014999095195283493,0.002742147558213522,3,0.213014863897115,0.0009965688861926887,10,19.66666667064031,2.127786058425903,-1.0
0.03417784992295007,0.003067033423576504,4,0.4470542531926185,0.0009939057285945933,10,22.13333339691162,2.067781744639079,-1.0
0.03426796244457364,0.0032928843866102397,5,0.4508605091832578,0.0009904887137995992,10,24.066666682561237,2.013458253542582,-1.0
0.03422357850164796,0.0022616549977101386,6,0.43793466011993587,0.00098632311059685,10,25.799999952316284,1.966111399014791,-1.0
0.034151386527810246,0.0033802554050150015,7,0.4504882460460067,0.0009814153420445555,10,26.6,1.9254325008392335,-1.0
0.029590456164442003,0.003513595166926583,8,0.39735898189246655,0.0009757729755661012,10,30.600000087420145,1.8840795068740845,-1.0
0.011020669306162745,0.0036688997643068433,9,0.17639755294658244,0.0009694047112816298,10,30.400000119209288,1.8567110408147176,-1.0
0.03417405175666014,0.0026540939191666744,10,0.44205013709142804,0.0009623203685930871,10,31.2,1.8312810459136963,-1.0
0.03434017157026877,0.004115648354248454,11,0.4615778711158782,0.0009545308710434153,10,33.333333317438765,1.7774558509190876,-1.0
0.03423193033086136,0.0032907000083165863,12,0.45037655206397176,0.0009460482294732422,10,33.13333337306976,1.7574440116882324,-1.0
0.0344798902515322,0.0038755176744113364,13,0.46038919198326766,0.0009368855235010348,10,34.19999996026357,1.71290820089976,-1.0
0.031874739894798644,0.003317799865423391,14,0.42241533496417105,0.0009270568813552758,10,35.86666662693024,1.6995771258672079,-1.0
0.008609314895390222,0.0032802017716070018,15,0.1427770929876715,0.0009165774580897602,10,35.533333309491475,1.6781519187291463,-1.0
0.03420466561025629,0.002498276298865676,16,0.4405529899522662,0.0009054634122155992,10,34.799999952316284,1.699381446202596,-1.0
0.034276401662888624,0.0022834501772498093,17,0.43884329008869827,0.0008937318807859689,10,36.93333331743876,1.667553223292033,-1.0
0.03416838731694346,0.0029938885127194226,18,0.4460557019338012,0.0008814009529720156,10,35.866666706403095,1.642515663464864,-1.0
0.03426890690267707,0.00251479767030105,19,0.44151339889504015,0.0008684896421706646,10,37.40000009536743,1.6285845359166464,-1.0
0.03423062742998203,0.0027986091639225683,20,0.44446061295457184,0.0008550178566873412,10,38.066666793823245,1.5920482301712036,-1.0
0.01029397213521103,0.0028811546120171747,21,0.15820647892542183,0.0008410063690388064,10,40.133333396911624,1.5877724831899007,-1.0
0.02514601619138072,0.002376687809980164,22,0.33040366508066654,0.0008264767839234412,10,39.400000127156574,1.576737559000651,-1.0
0.034248880692757666,0.002246728884832313,23,0.4380766600370407,0.000811451504908368,10,39.26666673024496,1.565883673985799,-1.0
0.03428387368330732,0.014872308820486069,24,0.5900185869541019,0.0007959536998847743,10,40.799999984105426,1.5174962167739867,-1.0
0.03446739675321927,0.004554275578508775,25,0.4683955619111657,0.0007800072653447032,10,43.00000009536743,1.5067069880167643,-1.0
0.03432173215939353,0.003891076659783721,26,0.4586850239429623,0.0007636367895343947,10,43.20000012715658,1.4923169225056967,-1.0
0.008881196243843684,0.002168415676957617,27,0.13272049999795854,0.0007468675145409928,10,43.46666669845581,1.4949508895874024,-1.0
0.033983643108513206,0.0024604894764100513,28,0.4374619899317622,0.0007297252973710758,10,43.20000009536743,1.4738182989756266,-1.0
0.03425121068721637,0.003181272380364438,29,0.44931629695929587,0.0007122365700810271,10,42.600000095367434,1.4797855869928995,-1.0
0.03415364273435747,0.003122854104731232,30,0.44744526292197406,0.0006944282990207196,10,44.93333346048991,1.465652172088623,-1.0
0.03422888110314185,0.0032750514801591635,31,0.45018121297471225,0.0006763279432533592,10,43.79999997615814,1.427297485033671,-1.0
0.03438233642373234,0.0035625650004173317,32,0.4554644669406116,0.0006579634122155992,10,44.79999996026357,1.4400902090072631,-1.0
0.010349828808102757,0.004166168432372312,33,0.17432165099307895,0.000639363022683212,10,46.46666673024495,1.3882964646021525,-1.0
0.031120675150305033,0.0025249839139481387,34,0.4038848150521517,0.0006205554551086735,10,45.600000079472856,1.4075782130559285,-1.0
0.034425041250263654,0.0031922159832902253,35,0.45154327200725675,0.0006015697093979838,10,47.20000009536743,1.3673167524337768,-1.0
0.034489668401268624,0.0032482993556186557,36,0.452988033182919,0.0005824350601949146,10,45.53333338101705,1.3984046840667725,-1.0
0.03434315484870846,0.0032876825619799397,37,0.451701678102836,0.0005631810117416299,10,46.86666673024495,1.3774381500879924,-1.0
0.034329586972792946,0.0039605466881766915,38,0.4596283049322665,0.0005438372523852835,10,51.46666663487752,1.3335488319396973,-1.0
0.012561709309617678,0.0032544222776778042,39,0.18991285911761224,0.0005244336088007391,10,47.46666668256124,1.3374168329238891,-1.0
0.025142802255383383,0.0023849018422576287,40,0.3304600801784545,0.0005050000000000001,10,50.00000004768371,1.3214629214604696,-1.0
0.03411827156863486,0.0023989911812047162,41,0.4383375281468034,0.0004855663911992613,10,50.26666668256124,1.3122857246398927,-1.0
0.03449296693239982,0.0036446880743217966,42,0.45778392790816724,0.00046616274761471693,10,49.46666671435038,1.2866082995732626,-1.0
0.03432035483031844,0.003343284576355169,43,0.45209930813871324,0.00044681898825837057,10,50.2,1.2867942272822062,-1.0
0.0346610545918035,0.015735129980991285,44,0.6048647998832166,0.000427564939805086,10,50.733333333333334,1.2589161373774211,-1.0
0.009115588948285827,0.0030591633015622697,45,0.14620334701612592,0.00040843029060201667,10,52.93333357175191,1.2625983810424806,-1.0
0.030458370844523113,0.0023298414889723063,46,0.3935754841659218,0.000389444544891327,10,50.86666677792867,1.2656360295613607,-1.0
0.03446696134051308,0.002102276252117008,47,0.438940626103431,0.0003706369773167883,10,51.66666665077209,1.2286920588811239,-1.0
0.03417947090929374,0.0022284325095824897,48,0.43700467608869076,0.0003520365877844012,10,51.93333338101705,1.2196004549662272,-1.0
0.03426452113005022,0.0028052564399937787,49,0.44495139201171696,0.0003336720567466412,10,53.13333328564962,1.2009625012079874,-1.0
0.03431649754444758,0.002401255206981053,50,0.44072589301504195,0.0003155717009792807,10,55.799999984105426,1.1783120657602946,-1.0
0.017231707208945107,0.00466254138154909,51,0.2628366721328348,0.00029776342991897335,10,53.06666657129924,1.204364265759786,-1.0
0.021847305217913043,0.0023335730268930397,52,0.29028436983935535,0.00028027470262892445,10,53.53333322207133,1.191467979113261,-1.0
0.0342012956001175,0.002183531818445772,53,0.43672887491993606,0.0002631324854590073,10,54.46666669845581,1.1623145577112834,-1.0
0.03428949231359487,0.0022724603574412563,54,0.43885862501338124,0.0002463632104656054,10,56.06666665077209,1.146899479866028,-1.0
0.034195384301710874,0.003914311275972675,55,0.457426852080971,0.0002299927346552969,10,56.26666660308838,1.1358205687204996,-1.0
0.03430511063197628,0.003784775190676252,56,0.45718692312948406,0.00021404630011522587,10,57.59999990463257,1.1132994877497355,-1.0
0.023243252750641357,0.003548747336026281,57,0.3216051629278809,0.00019854849509163232,10,57.20000019073486,1.1199163320859273,-1.0
0.015838269784580916,0.003185347964366277,58,0.2283952219877392,0.00018352321607655918,10,57.06666685740153,1.1246313409805297,-1.0
0.0341857336073493,0.002208336314652115,59,0.43684028601273894,0.00016899363096119395,10,58.333333285649616,1.0969340206782023,-1.0
0.034276766799545534,0.003261026790520797,60,0.45056185498833656,0.000154982143312659,10,59.19999990463257,1.111508266766866,-1.0
0.03427995494954909,0.0036475722251149514,61,0.455244948156178,0.0001415103578293356,10,58.79999992052714,1.1057192007700603,-1.0
0.0342400228837505,0.0037784298765473068,62,0.4563354840502143,0.0001285990470279847,10,58.46666690508525,1.0962066427866617,-1.0
0.02999282905754323,0.002218322285140554,63,0.3866378718521446,0.0001162681192140312,10,57.46666658719381,1.1084436422983805,-1.0
0.009315738066410026,0.003201097424607724,64,0.15031063905917108,0.00010453658778440107,10,59.20000019073486,1.0725247004826863,-1.0
0.03425233962479979,0.002112792785434673,65,0.4364904130343348,9.342254191024022e-05,10,58.400000174840294,1.0606611215273538,-1.0
0.03425111035661151,0.0032291770718681314,66,0.4498739039991051,8.294311864472437e-05,10,60.73333352406819,1.0499443545341491,-1.0
0.034276378011175744,0.0032575364069392285,67,0.45051480387337506,7.311447649896551e-05,10,60.399999936421715,1.0399549519220987,-1.0
0.034291183459572494,0.0026377271278761327,68,0.4432560200802982,6.395177052675794e-05,10,59.99999998410543,1.0563707857131959,-1.0
0.03418121993308887,0.0025871485704556108,69,0.44133040797896683,5.546912895658472e-05,10,61.333333571751915,1.0338039754231771,-1.0
0.00941508763935417,0.0031512469480124614,70,0.15090015111491084,4.767963140691306e-05,10,59.46666668256124,1.0653269074757894,-1.0
0.024319576177125175,0.0023692503261069455,71,0.3203790478873998,4.059528871837034e-05,10,59.199999888738,1.0610157601038614,-1.0
0.03419309598393738,0.002217504933166007,72,0.43703920883126557,3.4227024433899e-05,10,62.800000238418576,1.0279463125864665,-1.0
0.034262647677678615,0.0022444946613783636,73,0.43819879717193544,2.8584657955444653e-05,10,60.86666679382324,1.02731560866038,-1.0
0.0343188071080173,0.002296281474021574,74,0.4394920200575143,2.367688940315011e-05,10,61.3333332379659,1.0319430967966716,-1.0
0.034292138336847224,0.0022862692518780627,75,0.439051958033815,1.951128620040094e-05,10,62.66666688919067,1.0174987716674804,-1.0
0.02479882974876091,0.0026601198478601873,76,0.32961178198456764,1.6094271405406862e-05,10,62.200000222524004,1.0152314418156942,-1.0
0.016447726055048406,0.003135492190873871,77,0.2351081429515034,1.3431113807311488e-05,10,60.799999968210855,1.0381912775039672,-1.0
0.03424133525307601,0.002356717324194809,78,0.4392901910468936,1.1525919802101659e-05,10,61.66666688919067,1.0223275588353475,-1.0
0.03425471538988253,0.0025372551172040403,79,0.44161502295173705,1.0381627060842164e-05,10,62.00000017484029,1.0294906293551127,-1.0
0.03428646289588263,0.0022811354331982634,80,0.4389227470383048,1e-05,10,63.53333346048991,1.0063254030545552,-1.0
0.03617034539078864,0.011363504293303076,1,0.6180830909870565,0.000999618372939158,11,11.75,4.8978496932983395,-1.0
0.03403893399697084,0.002113327312354858,2,0.47010290203616023,0.0009984740801978985,11,18.3125,2.2487474060058594,-1.0
0.022962379251391843,0.003798384523878877,3,0.34799986402504146,0.0009965688861926887,11,20.3125,2.109904327392578,-1.0
0.01624800837956942,0.0028900299221277237,4,0.24891874403692782,0.0009939057285945933,11,23.5625,2.0162146377563475,-1.0
0.034189986100850195,0.0020310566760599613,5,0.4709869360085577,0.0009904887137995992,11,23.75,1.9713710021972657,-1.0
0.03408567936947712,0.0021209024752561864,6,0.4707981329411268,0.00098632311059685,11,27.0625,1.9124117279052735,-1.0
0.0343570382370112,0.003461660906815758,7,0.49175651906989515,0.0009814153420445555,11,27.5,1.8902408599853515,-1.0
0.03407759011651461,0.0032800255665698876,8,0.48576128319837153,0.0009757729755661012,11,28.9375,1.8545233154296874,-1.0
0.018745076842606068,0.003108226998637502,9,0.2841988189611584,0.0009694047112816298,11,29.25,1.8416535186767578,-1.0
0.018342412220170863,0.002346545081728926,10,0.2690692350734025,0.0009623203685930871,11,30.0625,1.8293894195556641,-1.0
0.034142915392294526,0.003520777520652001,11,0.48973245499655604,0.0009545308710434153,11,31.125,1.7930720138549805,-1.0
0.03413901497753194,0.0034894409517829236,12,0.4892832769546658,0.0009460482294732422,11,31.75,1.761245002746582,-1.0
0.034166252168898396,0.0033510675868735863,13,0.4878400289453566,0.0009368855235010348,11,33.3125,1.7464763832092285,-1.0
0.03402749640652193,0.003118078510921735,14,0.48300654510967433,0.0009270568813552758,11,34.25,1.715333480834961,-1.0
0.013337716531868164,0.003799612239862864,15,0.22290563397109509,0.0009165774580897602,11,34.6875,1.7014517021179199,-1.0
0.02448277909738513,0.002503822915829145,16,0.35094375303015113,0.0009054634122155992,11,34.75,1.704910774230957,-1.0
0.034063785175721235,0.003716076760051342,17,0.49124327301979065,0.0008937318807859689,11,36.4375,1.6605679321289062,-1.0
0.03414991297400915,0.004461121190196047,18,0.5020919470116496,0.0008814009529720156,11,37.3125,1.6737881469726563,-1.0
0.03410425871753922,0.0030555932854230586,19,0.48318881285376847,0.0008684896421706646,11,37.125,1.6406007385253907,-1.0
0.03414130149982297,0.0039001801051199436,20,0.4946523900143802,0.0008550178566873412,11,35.0625,1.6365943908691407,-1.0
0.008598839470113698,0.0037865502974734856,21,0.16112205502577126,0.0008410063690388064,11,40.1875,1.595545949935913,-1.0
0.03392312736608661,0.002237992020896994,22,0.47021144814789295,0.0008264767839234412,11,36.75,1.624774227142334,-1.0
0.03415226825298025,0.0019595008343458176,23,0.46956068999134004,0.000811451504908368,11,38.6875,1.596235237121582,-1.0
0.03403438192505676,0.0035169005322341737,24,0.4882750450633466,0.0007959536998847743,11,39.5625,1.5828450012207032,-1.0
0.034181871881278664,0.003396242427138182,25,0.48863131017424166,0.0007800072653447032,11,41.375,1.5624406814575196,-1.0
0.02775959801287032,0.003072632602057778,26,0.4009225240442902,0.0007636367895343947,11,42.1875,1.5580161666870118,-1.0
0.01081776674478673,0.002426059110663258,27,0.17228027200326324,0.0007468675145409928,11,40.3125,1.5607139110565185,-1.0
0.034175079118890256,0.0027536811092152046,28,0.4801855811383575,0.0007297252973710758,11,41.4375,1.5105144023895263,-1.0
0.03406356060161041,0.0035244279469435033,29,0.4887571830768138,0.0007122365700810271,11,41.375,1.5289585208892822,-1.0
0.03413566966684392,0.002955793958300581,30,0.4822985609062016,0.0006944282990207196,11,44.875,1.4611726093292237,-1.0
0.03405639416394898,0.0032790179113642527,31,0.4854709419887513,0.0006763279432533592,11,43.0625,1.488608283996582,-1.0
0.023031843217233054,0.003238405315921857,32,0.3416148438118398,0.0006579634122155992,11,42.5,1.486839017868042,-1.0
0.017325246384224065,0.002634756911832553,33,0.25958954798989,0.000639363022683212,11,43.1875,1.4540504837036132,-1.0
0.03401677138530291,0.0030283382377372338,34,0.4816992450505495,0.0006205554551086735,11,43.75,1.4457387351989746,-1.0
0.034272350603714585,0.003064828387533243,35,0.4855003929696977,0.0006015697093979838,11,45.75,1.4413734149932862,-1.0
0.03411161745540225,0.003535453785354128,36,0.4895186859648675,0.0005824350601949146,11,43.625,1.4419965171813964,-1.0
0.03436905611306429,0.003047192881170374,37,0.4865217029582709,0.0005631810117416299,11,46.375,1.405996618270874,-1.0
0.01656074238081391,0.0030675979259495553,38,0.2552697858773172,0.0005438372523852835,11,45.3125,1.4090714645385742,-1.0
0.02235634662569142,0.00226721206966501,39,0.32021627901121974,0.0005244336088007391,11,44.625,1.430994052886963,-1.0
0.03401741534113311,0.003340665967418597,40,0.4857702299486846,0.0005050000000000001,11,44.0625,1.4274975490570068,-1.0
0.03410027600609912,0.0033185972939603603,41,0.4865558890160173,0.0004855663911992613,11,47.0625,1.3801948261260986,-1.0
0.03403699007601692,0.003097691609022709,42,0.4828590350225568,0.00046616274761471693,11,47.4375,1.3674766063690185,-1.0
0.03406796348281205,0.003105199824158962,43,0.4833642428275198,0.00044681898825837057,11,47.1875,1.3518775939941405,-1.0
0.011362850057104459,0.003028791254529586,44,0.18720886297523975,0.000427564939805086,11,48.125,1.3563650417327882,-1.0
0.026152395303002916,0.002489316241385845,45,0.3724576239474118,0.00040843029060201667,11,49.0,1.337365837097168,-1.0
0.034167576079758316,0.0021806895338858548,46,0.4726566269528121,0.000389444544891327,11,47.6875,1.3211892890930175,-1.0
0.03419736982323229,0.002936244333306184,47,0.4828712260350585,0.0003706369773167883,11,47.6875,1.3207043647766112,-1.0
0.0340449523109083,0.003352784623320286,48,0.4862978011369705,0.0003520365877844012,11,51.1875,1.2883179950714112,-1.0
0.034221332609796755,0.003310136622391068,49,0.488042919896543,0.0003336720567466412,11,50.5625,1.2865012741088868,-1.0
0.010260769703353826,0.0031889389949635817,50,0.17497821105644107,0.0003155717009792807,11,50.0625,1.3208668994903565,-1.0
0.03399729194979255,0.0022115183528512716,51,0.47085339203476906,0.00029776342991897335,11,50.5625,1.2896895360946656,-1.0
0.034132809324476585,0.0030387937664412535,52,0.4833561279810965,0.00028027470262892445,11,52.3125,1.2656921768188476,-1.0
0.03431102534970985,0.0034034498071727846,53,0.49042678507976234,0.0002631324854590073,11,51.6875,1.2719094562530517,-1.0
0.03417774574616207,0.003086451476869675,54,0.48454757407307625,0.0002463632104656054,11,52.0625,1.2355851984024049,-1.0
0.02685435015994769,0.003014181382380999,55,0.3883997839875519,0.0002299927346552969,11,50.0625,1.2548969745635987,-1.0
0.01480248629545363,0.003280507543912301,56,0.2351885149255395,0.00021404630011522587,11,53.9375,1.208400182723999,-1.0
0.03420619890452004,0.003003522395514525,57,0.4838524148799479,0.00019854849509163232,11,51.25,1.2375646924972534,-1.0
0.034084924442980155,0.0028337180936852326,58,0.48007319984026253,0.00018352321607655918,11,53.6875,1.2146957874298097,-1.0
0.03404689963477162,0.0031783092910280595,59,0.48406029492616653,0.00016899363096119395,11,52.375,1.2160150527954101,-1.0
0.03408108606862907,0.00334796433050472,60,0.4867100741248578,0.000154982143312659,11,55.125,1.1990480518341065,-1.0
0.018998402188746974,0.00325419266636555,61,0.28940829006023705,0.0001415103578293356,11,52.5625,1.2150599002838134,-1.0
0.02116676944737824,0.002435029251500964,62,0.3069728778209537,0.0001285990470279847,11,53.625,1.2084304237365722,-1.0
0.03421339758027058,0.0020809251850900743,63,0.47195793385617435,0.0001162681192140312,11,54.5625,1.172464838027954,-1.0
0.034160323172377854,0.0032344999042554544,64,0.486267653061077,0.00010453658778440107,11,54.625,1.1820197772979737,-1.0
0.03413075398510465,0.0031357331631275322,65,0.48457794403657317,9.342254191024022e-05,11,55.1875,1.177251968383789,-1.0
0.03409618270010329,0.003925916774628254,66,0.49441059888340533,8.294311864472437e-05,11,54.375,1.170455265045166,-1.0
0.014132199092553211,0.0022412359786148253,67,0.21296192798763514,7.311447649896551e-05,11,55.75,1.1497509002685546,-1.0
0.026888798582009397,0.0033900644092892227,68,0.39374338602647185,6.395177052675794e-05,11,56.375,1.160775465965271,-1.0
0.03412332996511115,0.003558434187792815,69,0.48997292993590236,5.546912895658472e-05,11,55.4375,1.1786195373535155,-1.0
0.03408380914837695,0.002159151929215743,70,0.4712714140769094,4.767963140691306e-05,11,57.25,1.1192720794677735,-1.0
0.034094734744240456,0.0035325150148799787,71,0.48926103790290654,4.059528871837034e-05,11,57.25,1.1498280239105225,-1.0
0.032326109205874115,0.003685515785876375,72,0.46825348888523877,3.4227024433899e-05,11,53.125,1.1573775267601014,-1.0
0.016303220101130698,0.0045751940387372785,73,0.27152999001555145,2.8584657955444653e-05,11,58.0,1.1172216129302979,-1.0
0.034178801615220994,0.0034901689952955796,74,0.48980602296069264,2.367688940315011e-05,11,54.75,1.1299837589263917,-1.0
0.034105356567754194,0.003325226054025384,75,0.48670878005214036,1.951128620040094e-05,11,55.8125,1.1434413194656372,-1.0
0.03418356851817897,0.0035432726323891143,76,0.49056147411465645,1.6094271405406862e-05,11,57.8125,1.1332227134704589,-1.0
0.03412771285869754,0.0021134069762550867,77,0.4712457349523902,1.3431113807311488e-05,11,55.1875,1.1554112148284912,-1.0
0.015433945155774172,0.0033341895323246717,78,0.2440917689818889,1.1525919802101659e-05,11,55.4375,1.1552338981628418,-1.0
0.021383854972485166,0.002100491555980765,79,0.30541300983168185,1.0381627060842164e-05,11,55.5625,1.1496479034423828,-1.0
0.03410323582088145,0.004270211399461214,80,0.4989628770854324,1e-05,11,54.6875,1.1615137767791748,-1.0
0.03631441692622112,0.010508493071288936,1,0.6556605491787195,0.000999618372939158,12,9.00000000043827,4.46646920372458,-1.0
0.03420309677520501,0.0022135125805756877,2,0.5099576089996845,0.0009984740801978985,12,14.058823529850034,2.294664807039149,-1.0
0.03418027173860797,0.0019766826881095767,3,0.5063082070555538,0.0009965688861926887,12,16.647058828788644,2.201013901093427,-1.0
0.01932319677767477,0.0029117647292358534,4,0.3113918548915535,0.0009939057285945933,12,18.88235294818878,2.1260452102212346,-1.0
0.02347788660387908,0.0021853274000542505,5,0.3594047660008073,0.0009904887137995992,12,19.823529413517782,2.0806033162509694,-1.0
0.034014282864518464,0.0017522549190159356,6,0.5008366371039301,0.00098632311059685,12,22.529411771718195,2.0168738511029414,-1.0
0.03411505980017994,0.003069395698340876,7,0.5206976400222629,0.0009814153420445555,12,26.47058825633105,1.9598968876109404,-1.0
0.033930935813779275,0.002884965406597725,8,0.515530328033492,0.0009757729755661012,12,26.588235280093024,1.9189556536954993,-1.0
0.027962775036160434,0.0027365986856498887,9,0.4298925241455436,0.0009694047112816298,12,26.76470587534063,1.9042030241910148,-1.0
0.014893439066197191,0.002701172937772104,10,0.24642882379703224,0.0009623203685930871,12,28.88235294117647,1.8659007347331327,-1.0
0.034011192553277524,0.0028418490796216895,11,0.5160492628347129,0.0009545308710434153,12,28.764705885859097,1.8423602300531723,-1.0
0.034068742085115185,0.003062098835861044,12,0.5199433011002839,0.0009460482294732422,12,30.823529415270862,1.8056128656162935,-1.0
0.034103097926293104,0.003082904133147427,13,0.5207119311671704,0.0009368855235010348,12,30.823529404752396,1.7874830526464125,-1.0
0.03403549604783101,0.0020370525141645756,14,0.5051233118865639,0.0009270568813552758,12,32.94117649863748,1.7610406123890596,-1.0
0.00856386757056628,0.002884025070151048,15,0.16037004604004323,0.0009165774580897602,12,31.823529397740085,1.7585157332700843,-1.0
0.03390012257399836,0.001983989928183811,16,0.5024858680553734,0.0009054634122155992,12,33.35294117647059,1.7770572426739861,-1.0
0.03410051545194749,0.0024885512622339384,17,0.5123545459937304,0.0008937318807859689,12,33.176470581222986,1.7277717503379373,-1.0
0.03405361983459443,0.003057445665555341,18,0.519664651947096,0.0008814009529720156,12,35.11764708687277,1.6819291964699241,-1.0
0.034108490084431,0.002931358409114182,19,0.5186664920765907,0.0008684896421706646,12,35.94117647058823,1.678696395930122,-1.0
0.015662026525075947,0.0033309068364490357,20,0.2660285090096295,0.0008550178566873412,12,36.588235329179206,1.6463323438868802,-1.0
0.02607415333789374,0.002325322013348341,21,0.39772772905416787,0.0008410063690388064,12,35.47058827035568,1.6429136035021614,-1.0
0.03404982655774802,0.0022966367126043353,22,0.5089835859835148,0.0008264767839234412,12,37.05882352941177,1.6391999177371754,-1.0
0.03410832658742687,0.0030666207562067677,23,0.520586788887158,0.000811451504908368,12,38.294117633034205,1.5903595685958862,-1.0
0.03424418671056628,0.0030868777206965853,24,0.5227586780674756,0.0007959536998847743,12,38.529411771718195,1.6106832173291374,-1.0
0.026056971583914543,0.0018391175627974527,25,0.39066482707858086,0.0007800072653447032,12,36.705882359953485,1.6128501973432654,-1.0
0.01816920272540301,0.0031300129069547567,26,0.29831591015681624,0.0007636367895343947,12,39.41176468484542,1.5834057622797348,-1.0
0.03417338592199875,0.002317674640965249,27,0.5109967910684645,0.0007468675145409928,12,40.00000000350616,1.5671645226198083,-1.0
0.034112470873099356,0.0033863308407100184,28,0.525115932803601,0.0007297252973710758,12,38.88235294468262,1.561503233348622,-1.0
0.0339722657809034,0.0040225183059062275,29,0.5320588159374893,0.0007122365700810271,12,39.88235292715185,1.5525145230573767,-1.0
0.032198324999106784,0.0020488135716212647,30,0.47958753211423755,0.0006944282990207196,12,41.2352941456963,1.5809932944353888,-1.0
0.013519066435817097,0.0020155839987897445,31,0.21760984300635755,0.0006763279432533592,12,41.294117633034205,1.529438915533178,-1.0
0.034095540326753895,0.0021846145391464233,32,0.5080438209697604,0.0006579634122155992,12,41.70588233891655,1.513839496163761,-1.0
0.03420007140708289,0.001927429810166359,33,0.5059180350508541,0.000639363022683212,12,41.35294119750752,1.5233735213560216,-1.0
0.0342119545343199,0.0020141188953337924,34,0.5072946830186993,0.0006205554551086735,12,41.588235301129956,1.5117959238501155,-1.0
0.03416756217900131,0.0023373776182000127,35,0.5112023369874805,0.0006015697093979838,12,42.05882355746101,1.4967431828554938,-1.0
0.01372275165548282,0.0019232814832191383,36,0.21917378809303045,0.0005824350601949146,12,42.76470588235294,1.457176218032837,-1.0
0.02989132717318301,0.0021357026749423574,37,0.44851664593443274,0.0005631810117416299,12,43.88235293416416,1.45467811051537,-1.0
0.03433217030085091,0.0037864323406081113,38,0.5337866561021656,0.0005438372523852835,12,45.41176476198084,1.4346449739792768,-1.0
0.03401685903580593,0.0030331052507140805,39,0.518807201879099,0.0005244336088007391,12,43.882352969225714,1.4235701443167295,-1.0
0.03399572854063341,0.003720386602383639,40,0.5281325129326433,0.0005050000000000001,12,45.235294096610126,1.4132163095474244,-1.0
0.018733086297288537,0.0028535113503624287,41,0.3023135990370065,0.0004855663911992613,12,46.99999997896307,1.4203147977941177,-1.0
0.019343973603099585,0.0025369601789861917,42,0.30644294805824757,0.00046616274761471693,12,46.647058830541724,1.3785052941827214,-1.0
0.03398757341450879,0.003408689800250743,43,0.5236557070165873,0.00044681898825837057,12,47.470588235294116,1.396873177360086,-1.0
0.03405450445799423,0.003099708052884255,44,0.5202612280845642,0.000427564939805086,12,46.35294117647059,1.3653838929008035,-1.0
0.03412580413610807,0.0023947602936199735,45,0.5113993100821972,0.00040843029060201667,12,45.35294119049521,1.3671461927189545,-1.0
0.03137600130867213,0.0024035899633807795,46,0.4730175328440964,0.000389444544891327,12,48.8235294117647,1.3481073904037475,-1.0
0.012468137512249606,0.003468042206285255,47,0.22321016108617187,0.0003706369773167883,12,48.1764705882353,1.3204812717437744,-1.0
0.03403405773652984,0.00319463834499142,48,0.5213080449029803,0.0003520365877844012,12,48.00000002804924,1.3249228892606848,-1.0
0.034074710765188296,0.003238127882858472,49,0.5224843181204051,0.0003336720567466412,12,49.647058851578656,1.29757739796358,-1.0
0.03407724015414715,0.0031339909182861447,50,0.5210637350101024,0.0003155717009792807,12,48.882352976238025,1.3224869122224696,-1.0
0.03444086650519499,0.002161987209027367,51,0.5125466019380838,0.00029776342991897335,12,48.64705882352941,1.3163156032562255,-1.0
0.009740051863315915,0.002158025562364076,52,0.16667868196964264,0.00028027470262892445,12,49.35294121153214,1.2845298955019782,-1.0
0.028915188341800655,0.0024097657296806574,53,0.4386660731397569,0.0002631324854590073,12,49.470588221269495,1.304783504149493,-1.0
0.03416928999857711,0.004325580932865185,54,0.5390357549767941,0.0002463632104656054,12,50.23529412465937,1.2733850908279418,-1.0
0.034118251858412156,0.0026492150666724357,55,0.5148509771097451,0.0002299927346552969,12,51.47058819322025,1.255858980066636,-1.0
0.0341283976532785,0.0029754622041114737,56,0.5195783849339932,0.00021404630011522587,12,50.99999997896307,1.256486977408914,-1.0
0.020751902567488805,0.0032831197937152217,57,0.33661279710941017,0.00019854849509163232,12,50.47058829139261,1.2526679263395422,-1.0
0.02233986699554537,0.0021969910677788512,58,0.3436248761136085,0.00018352321607655918,12,52.82352943981395,1.2619926539589377,-1.0
0.03398196994593101,0.001863326977140137,59,0.5019404569175094,0.00016899363096119395,12,51.11764706583584,1.2540193176269532,-1.0
0.03414956165943295,0.0029932433306904776,60,0.5201101461425424,0.000154982143312659,12,51.94117647058823,1.2319359442766975,-1.0
0.033984387443134825,0.0019290452058027898,61,0.5028984821401536,0.0001415103578293356,12,53.47058826334336,1.2075040850919836,-1.0
0.030315882343399738,0.0032091236540249418,62,0.46945027401670814,0.0001285990470279847,12,52.35294119049521,1.2115549595215742,-1.0
0.010266677443204182,0.0026078879766698393,63,0.18037181813269854,0.0001162681192140312,12,53.823529467863196,1.203661964640898,-1.0
0.034159474241148145,0.0026412231215674964,64,0.5153443750459701,0.00010453658778440107,12,54.11764708687277,1.182988335946027,-1.0
0.03424534978278514,0.0019184747943654656,65,0.506418360862881,9.342254191024022e-05,12,53.17647056719836,1.1977534759745878,-1.0
0.034070187664058595,0.002834045694076589,66,0.5167904540430754,8.294311864472437e-05,12,52.35294117647059,1.21044541386997,-1.0
0.034150759440048466,0.0032857966309945497,67,0.5242391158826649,7.311447649896551e-05,12,54.588235301129956,1.169462643511155,-1.0
0.014661475500491048,0.0021354486400793704,68,0.23527851002290845,6.395177052675794e-05,12,54.11764708687277,1.2117621573279886,-1.0
0.022441019520296583,0.0017862807726487517,69,0.33930683112703264,5.546912895658472e-05,12,54.823529418777014,1.1739390390059528,-1.0
0.03410135645286313,0.002529978901813073,70,0.5129695408977568,4.767963140691306e-05,12,55.82352943981395,1.1710666793935438,-1.0
0.03412444660040949,0.0020393794735095333,71,0.5064243408851326,4.059528871837034e-05,12,54.52941179976744,1.1562499539992388,-1.0
0.03399942369599428,0.0021915766576837215,72,0.5068065139930695,3.4227024433899e-05,12,55.35294121854446,1.1571982444033904,-1.0
0.031263733216162236,0.001959461569120841,73,0.4652470799628645,2.8584657955444653e-05,12,54.52941182080437,1.1770020327848547,-1.0
0.01364456191991589,0.0033258423708113177,74,0.2377100558951497,2.367688940315011e-05,12,53.64705889365252,1.1530208893383251,-1.0
0.03398205597685384,0.0028270192976508823,75,0.515457039931789,1.951128620040094e-05,12,54.76470586832832,1.1725494830748615,-1.0
0.03407308391095804,0.0030952112283557653,76,0.5204858670476824,1.6094271405406862e-05,12,54.705882388002735,1.1564242205900304,-1.0
0.034137106517196765,0.002896007117150085,77,0.5185908109415323,1.3431113807311488e-05,12,56.411764691857734,1.1656422783346738,-1.0
0.03402684088463762,0.0024038515319781645,78,0.5101568950340152,1.1525919802101659e-05,12,56.823529418777014,1.13091038535623,-1.0
0.00898599173940186,0.003556629676105721,79,0.17572500207461417,1.0381627060842164e-05,12,56.3529412465937,1.1349662505879121,-1.0
0.030792158961828266,0.0022740987561909215,80,0.46306178998202085,1e-05,12,56.58823535021614,1.1268733941807467,-1.0
0.035398375755175945,0.011628667637705804,1,0.705553371924907,0.000999618372939158,13,11.333333333333334,4.12528569539388,-1.0
0.03401817797372739,0.0021695869664351145,2,0.5429334901273251,0.0009984740801978985,13,18.666666666666668,2.349922858344184,-1.0
0.03402975428228577,0.0032979708475371202,3,0.5600317921489477,0.0009965688861926887,13,18.944444444444443,2.144129231770833,-1.0
0.03315253281034529,0.0032435913880666098,4,0.5460604398977011,0.0009939057285945933,13,20.5,2.087229478624132,-1.0
0.0081400193584462,0.0027736457840849956,5,0.16381089598871768,0.0009904887137995992,13,22.944444444444443,2.021946546766493,-1.0
0.033844113598267236,0.002405946468934417,6,0.5438709608279169,0.00098632311059685,13,25.055555555555557,1.9805221896701388,-1.0
0.034216440531114736,0.001817409476886193,7,0.540618235943839,0.0009814153420445555,13,26.555555555555557,1.9320577579074436,-1.0
0.034185537369921803,0.00268373543707033,8,0.5531469341367483,0.0009757729755661012,13,26.666666666666668,1.9152492268880208,-1.0
0.03397314177515606,0.0024344077489028373,9,0.5462222669739276,0.0009694047112816298,13,26.166666666666668,1.9057627360026042,-1.0
0.010261716321110725,0.0024765495366106433,10,0.19117772299796343,0.0009623203685930871,13,27.444444444444443,1.8539854515923395,-1.0
0.03090145227809747,0.0019502841867506504,11,0.49288977799005806,0.0009545308710434153,13,29.166666666666668,1.8097594875759548,-1.0
0.033930614761387305,0.002552837102363507,12,0.5473601608537138,0.0009460482294732422,13,28.5,1.8451880560980902,-1.0
0.03399953090896209,0.0042275173434366785,13,0.5735146580263972,0.0009368855235010348,13,31.055555555555557,1.7944900343153212,-1.0
0.033980605596055584,0.003103971139838298,14,0.556404345901683,0.0009270568813552758,13,30.38888888888889,1.7958202107747396,-1.0
0.010852643195539713,0.002893953071907163,15,0.20632929005660117,0.0009165774580897602,13,30.666666666666668,1.7622004869249133,-1.0
0.033200863562524316,0.0021532408893108366,16,0.5304274710360914,0.0009054634122155992,13,31.22222222222222,1.763514404296875,-1.0
0.03395406296476722,0.0019760034357508022,17,0.5390618520323187,0.0008937318807859689,13,32.833333333333336,1.7503887939453124,-1.0
0.033903718615571656,0.003005908445144693,18,0.5537732590455562,0.0008814009529720156,13,30.666666666666668,1.760335930718316,-1.0
0.03403523257002235,0.0029480095642308393,19,0.5548582971096039,0.0008684896421706646,13,33.388888888888886,1.7556310441758898,-1.0
0.01006523893835644,0.002972940867766738,20,0.1956883310340345,0.0008550178566873412,13,34.22222222222222,1.7229357231987847,-1.0
0.0326252435023586,0.0019239344944556554,21,0.5183444609865546,0.0008410063690388064,13,34.55555555555556,1.7130425008138022,-1.0
0.03403792578416566,0.002609521212677161,22,0.549820618936792,0.0008264767839234412,13,35.05555555555556,1.6832826232910156,-1.0
0.03391493367962539,0.0025649836597343286,23,0.5473119600210339,0.000811451504908368,13,35.333333333333336,1.6731889343261719,-1.0
0.034080319851636884,0.002610685614248117,24,0.5504716818686575,0.0007959536998847743,13,35.166666666666664,1.6848702324761284,-1.0
0.011103609623387457,0.0026465269116063912,25,0.20635493216104805,0.0007800072653447032,13,36.0,1.6504391140407986,-1.0
0.032488665310665965,0.002260362356901169,26,0.5213435471523553,0.0007636367895343947,13,35.55555555555556,1.6361809539794923,-1.0
0.03396095442585647,0.0029015349068989356,27,0.5530672550667077,0.0007468675145409928,13,35.72222222222222,1.6518890296088324,-1.0
0.0338808520231396,0.0020803647115826608,28,0.5395308111328632,0.0007297252973710758,13,37.44444444444444,1.6265455288357205,-1.0
0.03394378507509828,0.003238266458113988,29,0.5578633409459144,0.0007122365700810271,13,35.611111111111114,1.642329796685113,-1.0
0.010065175918862223,0.003362962945053975,30,0.20154794212430716,0.0006944282990207196,13,35.55555555555556,1.6355789354112413,-1.0
0.029977140001331767,0.0019681830580035847,31,0.4793084089178592,0.0006763279432533592,13,38.44444444444444,1.5925345865885416,-1.0
0.03402066743001342,0.002913889568299055,32,0.5541306531522423,0.0006579634122155992,13,38.72222222222222,1.6080145941840278,-1.0
0.03400851241312921,0.0024694209297498066,33,0.5472775129601359,0.000639363022683212,13,37.611111111111114,1.6278491889105904,-1.0
0.03401273686128358,0.002952153468504548,34,0.5546064849477261,0.0006205554551086735,13,38.77777777777778,1.5907427300347223,-1.0
0.013116050930693745,0.0025233190041035413,35,0.23472011415287852,0.0006015697093979838,13,39.333333333333336,1.5932046678331164,-1.0
0.029155371664091944,0.0027372156735509636,36,0.47850453411228955,0.0005824350601949146,13,41.44444444444444,1.5557066853841146,-1.0
0.034006822109222415,0.0026178431541969377,37,0.5494774607941508,0.0005631810117416299,13,38.5,1.5701040649414062,-1.0
0.03393334380040566,0.0027468205895274877,38,0.5503145139664412,0.0005438372523852835,13,39.55555555555556,1.5762213812934027,-1.0
0.034026894128570954,0.0018538586640109618,39,0.5383273458573967,0.0005244336088007391,13,40.0,1.5671041870117188,-1.0
0.01504882488710185,0.0025841499057908854,40,0.26460458687506616,0.0005050000000000001,13,40.611111111111114,1.520382580227322,-1.0
0.024588810730104646,0.002218667604029179,41,0.40221969690173864,0.0004855663911992613,13,40.888888888888886,1.5219627126057942,-1.0
0.03398442412726581,0.0018559390679001807,42,0.5377143518999219,0.00046616274761471693,13,42.333333333333336,1.4956057569715713,-1.0
0.0339715533113728,0.0030999602129062015,43,0.5561871761456132,0.00044681898825837057,13,41.77777777777778,1.49783203125,-1.0
0.03394634816795587,0.0026374862994998694,44,0.5488694850355387,0.000427564939805086,13,43.22222222222222,1.490768593682183,-1.0
0.020710010236750048,0.0018978059602280458,45,0.33922715787775815,0.00040843029060201667,13,41.77777777777778,1.4815253618028428,-1.0
0.02427330397379895,0.002379400283098221,46,0.39989739400334656,0.000389444544891327,13,44.166666666666664,1.4659089830186631,-1.0
0.034004676667973396,0.002659253201757868,47,0.550070014083758,0.0003706369773167883,13,42.611111111111114,1.4691092936197916,-1.0
0.03399956678040326,0.0034016110779096684,48,0.561146903084591,0.0003520365877844012,13,42.44444444444444,1.468303231133355,-1.0
0.0339343937424322,0.0024939260600755613,49,0.5465544320177287,0.0003336720567466412,13,45.27777777777778,1.443596411810981,-1.0
0.019178777871032556,0.0030324766567597786,50,0.3332763488870114,0.0003155717009792807,13,43.888888888888886,1.4405676862928602,-1.0
0.024102848302572966,0.002289606165140867,51,0.39600597601383924,0.00029776342991897335,13,45.27777777777778,1.4308149719238281,-1.0
0.03399422857910395,0.0025814236141741276,52,0.5487432950176299,0.00028027470262892445,13,44.666666666666664,1.433184577094184,-1.0
0.03402861471598347,0.0031031781497100988,53,0.557093147886917,0.0002631324854590073,13,42.77777777777778,1.4375303226047091,-1.0
0.03400709835502009,0.0038337503249446553,54,0.5677221138030291,0.0002463632104656054,13,45.888888888888886,1.4166795603434246,-1.0
0.019253917069484792,0.0017019623890519142,55,0.31444391002878547,0.0002299927346552969,13,46.111111111111114,1.4131201850043402,-1.0
0.024763058653722206,0.0026784451523174844,56,0.41172980796545744,0.00021404630011522587,13,47.44444444444444,1.4030531056722004,-1.0
0.033981936316316325,0.0016837751492857933,57,0.5350948248524219,0.00019854849509163232,13,45.611111111111114,1.3984355841742622,-1.0
0.034079340457295375,0.002235080876077215,58,0.5448278968688101,0.00018352321607655918,13,46.388888888888886,1.3974059041341145,-1.0
0.0341623488192757,0.0031058849145968754,59,0.5591500969603658,0.00016899363096119395,13,46.611111111111114,1.3959695265028211,-1.0
0.021324176667258145,0.0018152460766335328,60,0.34722391003742814,0.000154982143312659,13,46.388888888888886,1.3726301066080728,-1.0
0.024129151118298373,0.0020942080145080885,61,0.3934687350410968,0.0001415103578293356,13,45.44444444444444,1.3759387969970702,-1.0
0.03406304779152076,0.00183640547717611,62,0.5386001518927515,0.0001285990470279847,13,48.388888888888886,1.377372114393446,-1.0
0.03404878131113946,0.0031527692141632238,63,0.5581537440884858,0.0001162681192140312,13,46.22222222222222,1.374447979397244,-1.0
0.0339524499916782,0.003052600876738628,64,0.5552038049791008,0.00010453658778440107,13,47.333333333333336,1.3576758914523654,-1.0
0.019997100081915655,0.0029024213862915834,65,0.3436153060756624,9.342254191024022e-05,13,48.27777777777778,1.3717224629720053,-1.0
0.026399402661869922,0.0027624910697340967,66,0.43755713989958167,8.294311864472437e-05,13,45.5,1.3735186174180773,-1.0
0.034046183340251446,0.0030796898528933523,67,0.5570174229796976,7.311447649896551e-05,13,47.5,1.3567485724555122,-1.0
0.03420337840604285,0.0016887465957552195,68,0.5385093258228153,6.395177052675794e-05,13,47.77777777777778,1.3491946919759115,-1.0
0.03438672483898699,0.0028041149489581585,69,0.5580040100030601,5.546912895658472e-05,13,49.22222222222222,1.3317213863796658,-1.0
0.01821682977800568,0.002587941288948059,70,0.31219890690408647,4.767963140691306e-05,13,49.111111111111114,1.3226285129123263,-1.0
0.026498557037363448,0.002332025564586123,71,0.43257364304736257,4.059528871837034e-05,13,49.166666666666664,1.337571267022027,-1.0
0.03419768582098186,0.0028166374502082664,72,0.5553480489179492,3.4227024433899e-05,13,48.111111111111114,1.3328141869439019,-1.0
0.0341624242408822,0.0025808940175920726,73,0.5512824130710214,2.8584657955444653e-05,13,47.888888888888886,1.3321583811442057,-1.0
0.03422568975947797,0.0017976428382098675,74,0.5404813669156283,2.367688940315011e-05,13,48.27777777777778,1.3485159301757812,-1.0
0.018629881693050264,0.0026066245666394633,75,0.31868199608288705,1.951128620040094e-05,13,48.44444444444444,1.3367757585313584,-1.0
0.027098134579136967,0.0025329126821209986,76,0.44459483306854963,1.6094271405406862e-05,13,47.72222222222222,1.3391144392225478,-1.0
0.03408358092419803,0.0017937348689883947,77,0.5382967928890139,1.3431113807311488e-05,13,47.72222222222222,1.3424844190809462,-1.0
0.0341448506185164,0.002977170314018925,78,0.5569620218593627,1.1525919802101659e-05,13,50.111111111111114,1.328478257921007,-1.0
0.03393236375413835,0.0027034377834449213,79,0.549647118896246,1.0381627060842164e-05,13,49.44444444444444,1.3293973795572918,-1.0
0.017173916411896546,0.002675306253756086,80,0.297845410881564,1e-05,13,49.44444444444444,1.3164438035753039,-1.0
0.01610532561317086,0.010273996243874232,1,0.3958506900817156,0.000999618372939158,14,12.105263142209305,3.9084855601662083,-1.0
0.0320633583702147,0.0020433573052287103,2,0.5117216680664569,0.0009984740801978985,14,16.368421093413705,2.234818305969238,-1.0
0.034697170027842124,0.002859962033107877,3,0.5634793441276997,0.0009965688861926887,14,20.105263142209303,2.1231100348422403,-1.0
0.03418527618050575,0.0027505444207539162,4,0.5541577700059861,0.0009939057285945933,14,22.421052662949812,2.0563447026202555,-1.0
0.03424573061056435,0.0029744847367207208,5,0.5584261750336736,0.0009904887137995992,14,24.052631629140752,2.0021331511045757,-1.0
0.010169969173148274,0.002937671495601535,6,0.19671800499781966,0.00098632311059685,14,25.736842117811506,1.9318257878956042,-1.0
0.03186686335441967,0.002859001311783989,7,0.5210040640085936,0.0009814153420445555,14,28.315789486232557,1.8775804359034487,-1.0
0.03423890946432948,0.0021731531402717033,8,0.5462874490767717,0.0009757729755661012,14,29.31578947368421,1.8479441740638332,-1.0
0.03428224713231127,0.003463476741065582,9,0.5662918970920146,0.0009694047112816298,14,29.842105244335375,1.8115455125507556,-1.0
0.034251501054192585,0.002962989282483856,10,0.558334429981187,0.0009623203685930871,14,30.578947349598533,1.768103670321013,-1.0
0.01170739905598263,0.002680913203706344,11,0.21593907591886818,0.0009545308710434153,14,32.4736842858164,1.760294545826159,-1.0
0.03183395892071227,0.002695230006550749,12,0.518054940039292,0.0009460482294732422,14,32.36842107772827,1.7283090563824302,-1.0
0.03426940298328797,0.002016671948755781,13,0.5444014600943774,0.0009368855235010348,14,33.6842104761224,1.7177904889458104,-1.0
0.03424646978576978,0.002398333620900909,14,0.5497801229357719,0.0009270568813552758,14,33.68421062670256,1.7151139141383924,-1.0
0.034307587317501505,0.002778661949560046,15,0.5564037528820336,0.0009165774580897602,14,34.1578947619388,1.6883910814084504,-1.0
0.013495485919217268,0.0018192168946067492,16,0.22982487897388637,0.0009054634122155992,14,34.57894733077601,1.686784375592282,-1.0
0.02501512560993433,0.001876955588037769,17,0.4034967019688338,0.0008937318807859689,14,35.210526278144435,1.656962585198252,-1.0
0.03432168831738333,0.003186863272761305,18,0.5627345640677959,0.0008814009529720156,14,37.57894734332436,1.630222155169437,-1.0
0.03421155111864209,0.001993293346216281,19,0.5431858070660383,0.0008684896421706646,14,38.105263214362296,1.607337034627011,-1.0
0.034285046222309275,0.003043771317849557,20,0.5600428190082312,0.0008550178566873412,14,37.631578972465114,1.6334885461706865,-1.0
0.018833874197055896,0.0029567171974728503,21,0.3269668519496918,0.0008410063690388064,14,38.210526403627895,1.5822068237003528,-1.0
0.027611748284349837,0.0034803220381339393,22,0.4665123319718987,0.0008264767839234412,14,39.10526318299143,1.5769803948151437,-1.0
0.03422286550824841,0.001823948680733641,23,0.5408174961339682,0.000811451504908368,14,40.21052629069278,1.5616008101011578,-1.0
0.034268817445263264,0.0028016118177523214,24,0.5561668439768255,0.0007959536998847743,14,40.26315783826929,1.537572337200767,-1.0
0.034202689630910756,0.002657772429908315,25,0.5530176658648998,0.0007800072653447032,14,41.05263161659241,1.5348861503601074,-1.0
0.017499486667414507,0.002676234859973192,26,0.30274126096628606,0.0007636367895343947,14,40.315789448587516,1.5515564916008397,-1.0
0.02437840256219109,0.002269845843936006,27,0.3998545431531966,0.0007468675145409928,14,41.68421061415421,1.5472669827310663,-1.0
0.03420810128251712,0.003028612583875656,28,0.5586571379099041,0.0007297252973710758,14,39.421052625304775,1.5367514698128952,-1.0
0.03421841018522779,0.0017727365406850974,29,0.539975994033739,0.0007122365700810271,14,42.42105257511139,1.4990564213301005,-1.0
0.03427383393670122,0.002638596932714184,30,0.5537924310192466,0.0006944282990207196,14,43.210526397353725,1.4827132593958001,-1.0
0.019879117406283817,0.00329796865892907,31,0.34775742306374013,0.0006763279432533592,14,41.26315793238188,1.4897612579245316,-1.0
0.021241676341742278,0.002120612453048428,32,0.35054440703243017,0.0006579634122155992,14,42.57894734332436,1.4787281402788663,-1.0
0.03425913248211145,0.013199146185070277,33,0.7119862879626453,0.000639363022683212,14,42.26315790101101,1.461656900456077,-1.0
0.034227571838224925,0.0017931232849756876,34,0.540422054938972,0.0006205554551086735,14,44.26315783826929,1.4356620522549277,-1.0
0.034233532225092254,0.0020977330549309652,35,0.545079535106197,0.0006015697093979838,14,44.210526303241124,1.436468536226373,-1.0
0.015333382785320282,0.0017628428215781847,36,0.25654997397214174,0.0005824350601949146,14,44.05263152247981,1.4399579896424946,-1.0
0.027707762954135736,0.002180715386445324,37,0.44846312911249697,0.0005631810117416299,14,45.05263152247981,1.410895504951477,-1.0
0.034207183153678974,0.0021143325759718818,38,0.5449516698718071,0.0005438372523852835,14,45.57894750645286,1.3998419666290283,-1.0
0.0342448095480601,0.001988002859676878,39,0.543620920041576,0.0005244336088007391,14,45.89473682955692,1.3930477669364527,-1.0
0.03433135603554547,0.004280541619906823,40,0.5793046040926129,0.0005050000000000001,14,47.42105269432068,1.366142249107361,-1.0
0.015784490822503962,0.003590208850800991,41,0.29076094599440694,0.0004855663911992613,14,46.263157988849436,1.3720376418766222,-1.0
0.0264447378149877,0.001969748921692371,42,0.42635407601483166,0.00046616274761471693,14,46.21052625932192,1.3693654848399914,-1.0
0.03428637442799906,0.0025794385001063347,43,0.5531202438287437,0.00044681898825837057,14,47.000000062741734,1.3673591781917371,-1.0
0.034402375528588894,0.0028972752081851167,44,0.5596225019544363,0.000427564939805086,14,48.89473692366951,1.3374804173017802,-1.0
0.03432901070142786,0.0026230849015216034,45,0.5544137929100543,0.00040843029060201667,14,48.63157890344921,1.3184442771108527,-1.0
0.018805061746388674,0.002664802720149358,46,0.32217917311936617,0.000389444544891327,14,48.526315789473685,1.3085598649476704,-1.0
0.0251730110651503,0.0018909772547582786,47,0.4060791749507189,0.0003706369773167883,14,50.421052506095485,1.3008200223822344,-1.0
0.0342558565394332,0.0030835308600217102,48,0.5602017568890005,0.0003520365877844012,14,49.894736980137075,1.3009855872706364,-1.0
0.0342048578740408,0.0016649467249711355,49,0.5381699320860207,0.0003336720567466412,14,51.315789561522635,1.278969535325703,-1.0
0.034333856869488956,0.002507291144380967,50,0.5527244908735156,0.0003155717009792807,14,51.000000150580156,1.262108749841389,-1.0
0.019535553207000098,0.003772052858645717,51,0.34971732599660754,0.00029776342991897335,14,51.52631572673195,1.280186279949389,-1.0
0.023105497968693576,0.0019231935652593772,52,0.3755483210552484,0.00028027470262892445,14,50.789473715581394,1.2595628309249878,-1.0
0.034325474050516884,0.0029631566101064283,53,0.5594420388806611,0.0002631324854590073,14,51.99999987451654,1.2511220477756702,-1.0
0.0342449905971686,0.001782746675113837,54,0.5405234501231462,0.0002463632104656054,14,52.84210527570624,1.2176248570492394,-1.0
0.03428025386917095,0.002538405063872536,55,0.5524109310936183,0.0002299927346552969,14,51.947368358310904,1.247037675757157,-1.0
0.022727434942498802,0.003095999329040448,56,0.38747818395495415,0.00021404630011522587,14,51.526315663990225,1.2211193152477866,-1.0
0.023067368473857642,0.001915935923655828,57,0.37487760791555047,0.00019854849509163232,14,53.89473699268542,1.2050456448605187,-1.0
0.034332101512700317,0.003096124219397704,58,0.5615532810334116,0.00018352321607655918,14,55.26315803276865,1.1852377929185567,-1.0
0.03440358208802839,0.002568323848148187,59,0.5547034069895744,0.00016899363096119395,14,54.05263152247981,1.1760083115728277,-1.0
0.03425914243174096,0.0017520401005943617,60,0.5403058349620551,0.000154982143312659,14,54.10526317044308,1.1893395988564743,-1.0
0.022630906415482363,0.002758152720828851,61,0.38096844707615674,0.0001415103578293356,14,52.89473685465361,1.210016693566975,-1.0
0.02106778061327835,0.0024469183137019474,62,0.352848137030378,0.0001285990470279847,14,54.63157889717504,1.1789469445379157,-1.0
0.03423443924014767,0.0019325762211034696,63,0.5426484369672835,0.0001162681192140312,14,56.05263171697918,1.1676419388620476,-1.0
0.0344798661613216,0.0027638393143812816,64,0.558790234150365,0.00010453658778440107,14,56.631578972465114,1.151822068816737,-1.0
0.03447563763086994,0.0038413361025353273,65,0.5748855629935861,9.342254191024022e-05,14,55.52631588358628,1.1523137388731304,-1.0
0.02313326608079175,0.003198882394159834,66,0.3951080460101366,8.294311864472437e-05,14,56.57894739979192,1.1455820886712325,-1.0
0.02404492845137914,0.002204024481276671,67,0.3938658011611551,7.311447649896551e-05,14,56.473684085042855,1.1325248655519988,-1.0
0.0342309780108432,0.002633366920053959,68,0.5530962008051574,6.395177052675794e-05,14,56.894736879750305,1.1422338884755185,-1.0
0.034314181686689454,0.003596273452664415,69,0.5687885850202292,5.546912895658472e-05,14,56.1052631892656,1.1203798765885202,-1.0
0.034370294927308954,0.0034703907401611406,70,0.5677426538895816,4.767963140691306e-05,14,56.368421153018346,1.1199174311286524,-1.0
0.0200652280356735,0.002902127429842949,71,0.344634008128196,4.059528871837034e-05,14,56.47368436110647,1.119378060290688,-1.0
0.024368570030977327,0.00229372289031744,72,0.40006296802312136,3.4227024433899e-05,14,57.631578834433306,1.1082407690349378,-1.0
0.03436757400631905,0.0032858703285455703,73,0.5649320411030203,2.8584657955444653e-05,14,56.68421046357406,1.1429389933535927,-1.0
0.034324734937399626,0.0035441606771200894,74,0.5681663430295885,2.367688940315011e-05,14,57.157894674100376,1.1264798018806859,-1.0
0.03428590261998276,0.0029054359067231415,75,0.5580001829657704,1.951128620040094e-05,14,56.947368571632786,1.1266331404133847,-1.0
0.0191485815991958,0.002698697599892815,76,0.327833104878664,1.6094271405406862e-05,14,57.315789561522635,1.1080927512520238,-1.0
0.024405399632329742,0.0018575937021523714,77,0.39407217991538346,1.3431113807311488e-05,14,57.105263132798044,1.1109449328874288,-1.0
0.03429308620591958,0.002609271602705121,78,0.5536683457903564,1.1525919802101659e-05,14,57.894736741718496,1.0956648367329647,-1.0
0.03432784943530957,0.0026287583634257315,79,0.5544795130845159,1.0381627060842164e-05,14,56.84210528825459,1.1188230348888197,-1.0
0.03434432800859213,0.0032006414607167245,80,0.5632861591875553,1e-05,14,57.68421051376745,1.089788610056827,-1.0
0.02366830212122295,0.009517240192508325,1,0.5311077358201146,0.000999618372939158,15,13.64999998807907,3.2112150897979737,-1.0
0.028760648594470695,0.0024622834025649354,2,0.4996904470026493,0.0009984740801978985,15,19.400000035762787,2.1333983173370363,-1.0
0.03418278279423248,0.0030484280141536146,3,0.5958153670653701,0.0009965688861926887,15,22.550000023841857,2.0535508422851563,-1.0
0.03422954386041965,0.0027788411389337853,4,0.5922446560580283,0.0009939057285945933,15,25.20000002384186,2.0011206064224245,-1.0
0.0341557342762826,0.0025573348393663764,5,0.5875201029703021,0.0009904887137995992,15,25.6,1.9097401123046875,-1.0
0.010929435273283161,0.0026738572196336463,6,0.21776548004709184,0.00098632311059685,15,28.249999976158144,1.8692174816131593,-1.0
0.03412732481956482,0.00184842680755537,7,0.5757232529576868,0.0009814153420445555,15,29.34999997615814,1.833253355026245,-1.0
0.034278212100616656,0.0018731567688519135,8,0.5785304640885442,0.0009757729755661012,15,30.04999997615814,1.8159380493164063,-1.0
0.034227597556309775,0.0039086379401851445,9,0.6102886809967458,0.0009694047112816298,15,33.05,1.7534621286392211,-1.0
0.026522927888436243,0.003376432927325368,10,0.4784922969993204,0.0009623203685930871,15,32.349999976158145,1.7356867990493774,-1.0
0.019153990055201575,0.001843003075919114,11,0.33606141502968967,0.0009545308710434153,15,34.099999976158145,1.7488609180450438,-1.0
0.03419559294707142,0.0024748771829763427,12,0.58683787798509,0.0009460482294732422,15,34.05,1.700984474182129,-1.0
0.034189940575743094,0.002912435229518451,13,0.5937498710118234,0.0009368855235010348,15,35.60000007152557,1.6906244487762452,-1.0
0.03433174267411232,0.0031525330123258755,14,0.5998913359362632,0.0009270568813552758,15,35.70000007152557,1.6607176990509034,-1.0
0.01767973259848077,0.0033080809662351385,15,0.33593202708289027,0.0009165774580897602,15,36.75000002384186,1.6460354747772217,-1.0
0.03032926400192082,0.001984792615985498,16,0.5171564230695367,0.0009054634122155992,15,36.900000071525575,1.6416111822128296,-1.0
0.034127817838452756,0.0026824948436114937,17,0.5890910029411316,0.0008937318807859689,15,38.19999997615814,1.6057314920425414,-1.0
0.034221611320390366,0.0027880134293809533,18,0.5923007267992944,0.0008814009529720156,15,38.5,1.6158752517700194,-1.0
0.03414528684515972,0.002634086660691537,19,0.5886170479934663,0.0008684896421706646,15,39.70000002384186,1.5971948766708375,-1.0
0.013109361258102581,0.0030630881228717044,20,0.25889894901774824,0.0008550178566873412,15,39.70000002384186,1.574809157371521,-1.0
0.03420674319204409,0.0024218507460318506,21,0.5862013287842274,0.0008410063690388064,15,39.50000007152558,1.58135244846344,-1.0
0.0341845147049753,0.0017751406121533364,22,0.575499823782593,0.0008264767839234412,15,39.79999997615814,1.54803643989563,-1.0
0.034247379706357606,0.0020164483576081693,23,0.5803516749292612,0.000811451504908368,15,40.200000047683716,1.5521462030410766,-1.0
0.027748202133807354,0.0019631379254860803,24,0.4755052470136434,0.0007959536998847743,15,43.350000047683714,1.5003000402450561,-1.0
0.020424471018486656,0.002446754981065169,25,0.36606721789576113,0.0007800072653447032,15,41.05000002384186,1.52650106716156,-1.0
0.034384112688712776,0.001864756442955695,26,0.5801153760403395,0.0007636367895343947,15,42.60000007152557,1.5075979747772217,-1.0
0.03420346655184403,0.0018705249531194568,27,0.5773216509260237,0.0007468675145409928,15,44.05,1.4720649423599244,-1.0
0.034201492118882015,0.002350638824282214,28,0.5849628478754312,0.0007297252973710758,15,42.7,1.4708441619873047,-1.0
0.01954009487235453,0.0022150708100525662,29,0.34821858583018184,0.0007122365700810271,15,43.10000007152557,1.481102783203125,-1.0
0.02853377041174099,0.0027059806598117575,30,0.4999704791698605,0.0006944282990207196,15,44.70000009536743,1.460813720703125,-1.0
0.03421833721222356,0.0024453677906421944,31,0.5867543730419129,0.0006763279432533592,15,44.25000004768371,1.4595790920257568,-1.0
0.0342213986441493,0.002158422110369429,32,0.5822251040954143,0.0006579634122155992,15,44.95,1.4437086658477782,-1.0
0.034242006673594005,0.0017884119442896917,33,0.5766229229047894,0.000639363022683212,15,45.850000047683714,1.4232193593978881,-1.0
0.010030536199337803,0.0031162507366389036,34,0.21049198601394892,0.0006205554551086735,15,47.30000004768372,1.3970760583877564,-1.0
0.03412882675183937,0.001765858061844483,35,0.5744474960956722,0.0006015697093979838,15,47.29999997615814,1.3717831182479858,-1.0
0.03422945046622772,0.0026753834827104583,36,0.5905904918909073,0.0005824350601949146,15,47.14999997615814,1.3589831247329711,-1.0
0.03425518130825367,0.003291236062068492,37,0.6008525528013706,0.0005631810117416299,15,47.85000002384186,1.3691258449554444,-1.0
0.02935933691333048,0.0035326445940881968,38,0.5263719749636948,0.0005438372523852835,15,48.99999995231629,1.3316636066436767,-1.0
0.013446258119074628,0.002228225566796027,39,0.2509019940625876,0.0005244336088007391,15,50.20000007152557,1.305813286781311,-1.0
0.034305958659388125,0.002705803475691937,40,0.5922968478407711,0.0005050000000000001,15,49.65000004768372,1.3146186065673828,-1.0
0.03431617880414706,0.0035367025702726096,41,0.6057560769841075,0.0004855663911992613,15,50.84999995231628,1.2920832967758178,-1.0
0.03421690152026713,0.003681586924358271,42,0.6064838480670005,0.00046616274761471693,15,50.40000009536743,1.2803724431991577,-1.0
0.021380596459493972,0.0029761849873466417,43,0.3898125379346311,0.00044681898825837057,15,50.20000014305115,1.2905082082748414,-1.0
0.025161962941638194,0.0027702227962436154,44,0.4470295640639961,0.000427564939805086,15,52.84999995231628,1.2455653705596923,-1.0
0.03416612198634539,0.0032051755115389824,45,0.5980507959611714,0.00040843029060201667,15,51.600000047683714,1.251689742088318,-1.0
0.03425901761511341,0.0019900912593584508,46,0.5800949861295521,0.000389444544891327,15,52.50000004768371,1.2270426034927369,-1.0
0.03424943293794058,0.00253634930413682,47,0.5886842040345073,0.0003706369773167883,15,54.29999997615814,1.22261279296875,-1.0
0.028541533756651916,0.0032440338691230863,48,0.5086765219457448,0.0003520365877844012,15,53.549999952316284,1.208561933517456,-1.0
0.02786917722551152,0.0019098969059996307,49,0.47657746402546763,0.0003336720567466412,15,53.75000007152558,1.224388268470764,-1.0
0.02812066746992059,0.0029370156553341076,50,0.4970269969198853,0.0003155717009792807,15,53.549999952316284,1.2023639450073242,-1.0
0.028530102645163424,0.003586231730878353,51,0.5139660069253296,0.00029776342991897335,15,55.150000143051145,1.1605446491241456,-1.0
0.028415751075954176,0.003318812174256891,52,0.5078590109478682,0.00028027470262892445,15,53.10000007152557,1.1925366373062134,-1.0
0.027780216434621252,0.00307104476087261,53,0.49374884204007685,0.0002631324854590073,15,55.55000004768372,1.1680586099624635,-1.0
0.028944553836481646,0.003652934348792769,54,0.521689655026421,0.0002463632104656054,15,56.25000004768371,1.1376714076995849,-1.0
0.029455698531819507,0.0031662299152230844,55,0.5220801688265055,0.0002299927346552969,15,57.100000095367434,1.151136212348938,-1.0
0.018844194608391263,0.00356764264870435,56,0.3587185200303793,0.00021404630011522587,15,56.50000004768371,1.1216043882369995,-1.0
0.024879906268324703,0.0021527309145312756,57,0.4326640379149467,0.00019854849509163232,15,56.85,1.1379197177886964,-1.0
0.03428291424643248,0.0032676104456186295,58,0.6009399020113051,0.00018352321607655918,15,57.450000047683716,1.0974676218032837,-1.0
0.03424428556172643,0.0018012069922406226,59,0.5768542110454291,0.00016899363096119395,15,58.90000004768372,1.0902623462677001,-1.0
0.03438634829944931,0.001927248522406444,60,0.581147053046152,0.000154982143312659,15,57.30000009536743,1.1076272692680358,-1.0
0.01328408598783426,0.0029342499474296346,61,0.25962698506191373,0.0001415103578293356,15,57.35,1.1078641705513002,-1.0
0.03358904260676354,0.002759077076916583,62,0.5817035459913313,0.0001285990470279847,15,58.650000143051145,1.093121959209442,-1.0
0.034207696589874104,0.002019000719883479,63,0.5797587749548256,0.0001162681192140312,15,58.750000143051146,1.0794686241149902,-1.0
0.034283077184227295,0.0018431511853123084,64,0.5781552977859974,0.00010453658778440107,15,60.1,1.0451591987609863,-1.0
0.0325407114578411,0.003519252350088209,65,0.57708779303357,9.342254191024022e-05,15,59.799999952316284,1.0584921588897704,-1.0
0.01578605340910144,0.0026886143314186484,66,0.29571882891468704,8.294311864472437e-05,15,60.70000014305115,1.0354782786369323,-1.0
0.0342103301663883,0.002480559080140665,67,0.5871879388578236,7.311447649896551e-05,15,60.100000047683714,1.05874880695343,-1.0
0.03433415730250999,0.001812776128645055,68,0.5784835729282349,6.395177052675794e-05,15,59.3,1.0559441709518433,-1.0
0.034148343751439825,0.002474563938449137,69,0.5860991119407117,5.546912895658472e-05,15,60.25000004768371,1.046796217918396,-1.0
0.02309378497011494,0.003109454148216173,70,0.4193999271374196,4.767963140691306e-05,15,61.20000014305115,1.0306034450531005,-1.0
0.024045758109423332,0.0023247794597409666,71,0.4220734089612961,4.059528871837034e-05,15,59.50000004768371,1.0483602199554443,-1.0
0.03440352408506442,0.0029112010379321873,72,0.5971859379205853,3.4227024433899e-05,15,61.100000047683714,1.0203111667633056,-1.0
0.034535314262029715,0.0026417472399771214,73,0.5949928630143404,2.8584657955444653e-05,15,58.95000009536743,1.0460716552734375,-1.0
0.03434634684526827,0.003508409790811129,74,0.6058537520002574,2.367688940315011e-05,15,59.95,1.041461853981018,-1.0
0.012127746202168055,0.002882573739043437,75,0.24029720691032708,1.951128620040094e-05,15,61.600000047683714,1.0054309329986573,-1.0
0.03359655746317003,0.002074496733257547,76,0.5708728909958154,1.6094271405406862e-05,15,61.799999952316284,1.0048964619636536,-1.0
0.03414114296901971,0.0017680647724773735,77,0.5746759159956127,1.3431113807311488e-05,15,62.60000014305115,1.0075234909057618,-1.0
0.03417142694524955,0.0028052063571522012,78,0.5917347760405391,1.1525919802101659e-05,15,61.90000009536743,1.006555295944214,-1.0
0.03250881560961716,0.0030068343912716955,79,0.5683537449222058,1.0381627060842164e-05,15,60.75000004768371,1.0144387626647948,-1.0
0.013422808231553063,0.0029223459569038823,80,0.2616311500314623,1e-05,15,62.20000009536743,1.0011749143600464,-1.0
0.010311917990774792,0.008674983250196366,1,0.3229097800794989,0.000999618372939158,16,13.142857147114617,3.322119197845459,-1.0
0.03413487870848792,0.0020347353591419317,2,0.6150050619617105,0.0009984740801978985,16,18.666666666666668,2.149612513042632,-1.0
0.03406036969767336,0.0030237791840644446,3,0.6305768699385226,0.0009965688861926887,16,19.761904773258028,2.085004649389358,-1.0
0.03414562751319917,0.0027343712555354133,4,0.6270684420596808,0.0009939057285945933,16,21.666666706403095,2.0473457259223573,-1.0
0.02086387017248746,0.0028295854161329128,5,0.40289968182332814,0.0009904887137995992,16,24.04761905329568,1.9824298976716541,-1.0
0.026048200766501182,0.0020698012975866303,6,0.4781230909284204,0.00098632311059685,16,26.095238157681056,1.9353800156002954,-1.0
0.034147056463338876,0.0016881700687329559,7,0.6093169080559164,0.0009814153420445555,16,28.380952403658913,1.866318244252886,-1.0
0.03408826415098327,0.002546521615894402,8,0.6229020629543811,0.0009757729755661012,16,27.190476218859356,1.8498553764252437,-1.0
0.033119811101213974,0.003306923488921979,9,0.6193586040753871,0.0009694047112816298,16,29.95238100914728,1.7964985574994767,-1.0
0.014165659311830121,0.002285131979185869,10,0.27977159386500716,0.0009623203685930871,16,29.619047613370988,1.815374406632923,-1.0
0.03418758410193464,0.0024587045396294665,11,0.6231035918463022,0.0009545308710434153,16,30.80952381803876,1.7806044517244612,-1.0
0.03409617570886279,0.002627778223113102,12,0.6244157489854842,0.0009460482294732422,16,32.19047620750609,1.7571565752937681,-1.0
0.03416756314554197,0.00240122655625729,13,0.6217775070108473,0.0009368855235010348,16,32.04761911006201,1.7410060639608473,-1.0
0.01639868353274377,0.002844938282471369,14,0.32724708900786936,0.0009270568813552758,16,33.047619127091906,1.7256148277010237,-1.0
0.028192665784017128,0.0020531895159579374,15,0.5142954539041966,0.0009165774580897602,16,32.14285718259357,1.729802668435233,-1.0
0.03412311148884542,0.0016536582809160737,16,0.6083135791122913,0.0009054634122155992,16,35.0,1.6870340683346703,-1.0
0.03431685864651466,0.0027876540552824736,17,0.6308840559795499,0.0008937318807859689,16,35.285714308420815,1.6821872454597837,-1.0
0.030893945258439463,0.0030174713773543343,18,0.5765933720394969,0.0008814009529720156,16,34.714285714285715,1.6728765648887272,-1.0
0.014692720012081897,0.002703960930161616,19,0.2958511859178543,0.0008684896421706646,16,35.80952383223034,1.6623809519268218,-1.0
0.03415574367596384,0.002438279854900697,20,0.6222103270702064,0.0008550178566873412,16,35.71428577105204,1.6405860387711297,-1.0
0.03426849343540037,0.003163568743997637,21,0.6364536809269339,0.0008410063690388064,16,38.76190479028793,1.647853509130932,-1.0
0.0341442760956638,0.002696019665831152,22,0.6263903859071434,0.0008264767839234412,16,36.28571430274418,1.6165229429517474,-1.0
0.014804351622896159,0.0030407697400626015,23,0.303469086997211,0.000811451504908368,16,37.476190498897004,1.61358103570484,-1.0
0.028697390301043495,0.0021742664085810676,24,0.5249301430303603,0.0007959536998847743,16,39.38095248313177,1.595206168492635,-1.0
0.034102035165928746,0.001751525478218408,25,0.6096151180099696,0.0007800072653447032,16,38.761904784611296,1.587244102160136,-1.0
0.03412919188849628,0.0029106635792071327,26,0.6297845439985394,0.0007636367895343947,16,39.38095243771871,1.5894178776513963,-1.0
0.030894153230987927,0.002812994356431505,27,0.5731191649101675,0.0007468675145409928,16,39.52380958057585,1.5503033449536279,-1.0
0.015282659764018129,0.0015808223500190413,28,0.2867873380891979,0.0007297252973710758,16,39.23809525512514,1.5629512970788138,-1.0
0.03416719614966389,0.0018664043232360307,29,0.6126780980266631,0.0007122365700810271,16,41.095238117944625,1.532585957163856,-1.0
0.03432626992135363,0.002905496724826448,30,0.6330450000241399,0.0006944282990207196,16,41.14285722233,1.529743034271967,-1.0
0.034134094918365866,0.0025523214957074206,31,0.6237751981243491,0.0006763279432533592,16,41.90476196152823,1.5216947144553774,-1.0
0.016077300519956386,0.002810133415657808,32,0.32118667801842093,0.0006579634122155992,16,41.619047675813945,1.508122014545259,-1.0
0.03151659734601922,0.002665453001528102,33,0.5812041109893471,0.000639363022683212,16,43.380952443395344,1.4871628232229324,-1.0
0.03440550323027898,0.001654405050965793,34,0.6131389811635017,0.0006205554551086735,16,43.85714287984939,1.4673121493203298,-1.0
0.03409678157528534,0.0026370762463878185,35,0.6245843360666186,0.0006015697093979838,16,42.52380960328238,1.4604034201304117,-1.0
0.02843800372005824,0.003007916802102152,36,0.5346829518675804,0.0005824350601949146,16,43.904761950174965,1.4550834664844332,-1.0
0.009421649430056704,0.001767187803874121,37,0.1903112051077187,0.0005631810117416299,16,44.38095238095238,1.4218674587068103,-1.0
0.03400468737270464,0.002157919985406539,38,0.6149028730578721,0.0005438372523852835,16,45.90476198423477,1.4126633196785336,-1.0
0.034236955127733594,0.0019974039237508003,39,0.6161140680778772,0.0005244336088007391,16,45.04761909303211,1.4029428232283818,-1.0
0.03411415617858224,0.0018864555202205392,40,0.6121444299351424,0.0005050000000000001,16,47.095238117944625,1.3934249600910005,-1.0
0.025596757748109454,0.0031466344919274837,41,0.4887581889051944,0.0004855663911992613,16,47.761904773258024,1.380629119873047,-1.0
0.022823559243560713,0.002703090335297234,42,0.4340775408782065,0.00046616274761471693,16,48.90476194449833,1.3590546894073485,-1.0
0.034273515482816624,0.0026749960585113835,43,0.6282545309513807,0.00044681898825837057,16,46.61904768149058,1.3588370536622547,-1.0
0.034855860052630305,0.0024085785399245866,44,0.6336289949249476,0.000427564939805086,16,47.285714336803984,1.377635731924148,-1.0
0.03417009008390939,0.0017506883835748715,45,0.6107870452105999,0.00040843029060201667,16,49.57142865090143,1.3253882280985514,-1.0
0.010994527584818356,0.0034623146468006514,46,0.24589875782839954,0.000389444544891327,16,50.571428611165004,1.3155616837456112,-1.0
0.03422882264096509,0.0017401480033774586,47,0.611579132033512,0.0003706369773167883,16,49.476190527280174,1.313026334671747,-1.0
0.0341768341467661,0.001971155090038391,48,0.6146236390341073,0.0003520365877844012,16,49.80952380952381,1.2973744789759318,-1.0
0.034141562947565145,0.003270240349914221,49,0.6361124638933688,0.0003336720567466412,16,50.142857142857146,1.2840647295543126,-1.0
0.022025744417024887,0.001818597234566422,50,0.40545732295140624,0.0003155717009792807,16,50.142857188270206,1.2903511410667783,-1.0
0.025292472941253114,0.002431157702470527,51,0.47141097486019135,0.00029776342991897335,16,49.9047619388217,1.2972089290618896,-1.0
0.03416881410350256,0.003141829483758877,52,0.6343897441402078,0.00028027470262892445,16,49.3333333446866,1.285945906639099,-1.0
0.03415472285055062,0.0026123378535403926,53,0.6251500169746578,0.0002631324854590073,16,51.952380992117384,1.272757094701131,-1.0
0.03327770739355508,0.002606946071062018,54,0.6101395001169294,0.0002463632104656054,16,50.95238095238095,1.2618281396230062,-1.0
0.012415817938745022,0.0016354005920755513,55,0.2389777849894017,0.0002299927346552969,16,53.90476191611517,1.224114047005063,-1.0
0.0341082617010483,0.0019942585871938396,56,0.613849053857848,0.00021404630011522587,16,51.61904768149058,1.230567009789603,-1.0
0.034168811336926674,0.002406428841983571,57,0.6219085368793458,0.00019854849509163232,16,53.57142865090143,1.2070020321437291,-1.0
0.03419703773825484,0.002796477624489104,58,0.62900062603876,0.00018352321607655918,16,52.428571462631226,1.2263340729758854,-1.0
0.01944580761825337,0.0018054676132605357,59,0.3613792001269758,0.00016899363096119395,16,53.14285717691694,1.2282843814577376,-1.0
0.029247857301550752,0.0037828629891223766,60,0.5616322308778763,0.000154982143312659,16,52.714285782405305,1.2111026870636712,-1.0
0.03413208107025746,0.0019178952309576904,61,0.6129589909687638,0.0001415103578293356,16,54.19047629265558,1.194037751243228,-1.0
0.03416276713559294,0.0024432534461512286,62,0.6224101518746465,0.0001285990470279847,16,52.71428570293245,1.2019247232164656,-1.0
0.03076015181346413,0.002470756894634927,63,0.5650279920082539,0.0001162681192140312,16,55.28571427436102,1.1623023101261685,-1.0
0.021805229131132364,0.003364426933009835,64,0.42799140396527946,0.00010453658778440107,16,53.47619055566334,1.1759935208729335,-1.0
0.03421551372636767,0.0029748487423228867,65,0.6323467867914587,9.342254191024022e-05,16,55.09523816335769,1.1710087812514531,-1.0
0.03409856078488862,0.0019343388677739045,66,0.6126711720135063,8.294311864472437e-05,16,54.95238098644075,1.1602574153173537,-1.0
0.03419423270422746,0.0016083317699239535,67,0.6087499361019582,7.311447649896551e-05,16,55.61904764175415,1.150727473213559,-1.0
0.013048846329398015,0.002223673208123621,68,0.25975966290570796,6.395177052675794e-05,16,54.14285724503653,1.1719301864079066,-1.0
0.008577003472429864,0.002366993055843255,69,0.1861603290308267,5.546912895658472e-05,16,56.33333341280619,1.1655906534194946,-1.0
0.02193840280832613,0.0019678470185574364,70,0.40652394481003284,4.767963140691306e-05,16,55.666666768846056,1.1446688340959095,-1.0
0.034134614130701214,0.0026637762237121075,71,0.6257214690558612,4.059528871837034e-05,16,58.14285717691694,1.127283881959461,-1.0
0.03471060865558684,0.0019212705220150597,72,0.6228748138528317,3.4227024433899e-05,16,57.00000003973643,1.1360115548542569,-1.0
0.03432329327744596,0.003225594717899666,73,0.6384651581756771,2.8584657955444653e-05,16,54.857142913909186,1.1549298082079207,-1.0
0.012424090260858922,0.002726426567224895,74,0.2576909950003028,2.367688940315011e-05,16,55.85714284578959,1.1184104481197539,-1.0
0.03402945010320229,0.002560591311467921,75,0.622171025024727,1.951128620040094e-05,16,55.85714294796898,1.1117311450413294,-1.0
0.034165845430620456,0.002363107756108922,76,0.6211232810746878,1.6094271405406862e-05,16,55.52380955786932,1.144970637957255,-1.0
0.034182244500912284,0.0023578935549320545,77,0.6213156278245151,1.3431113807311488e-05,16,57.19047624724252,1.120879225730896,-1.0
0.025421985822236714,0.002244966816814507,78,0.470460148062557,1.1525919802101659e-05,16,56.28571431977408,1.126668636685326,-1.0
0.021368031225660267,0.0024653723162105855,79,0.405316794058308,1.0381627060842164e-05,16,56.90476202964783,1.1258949243454706,-1.0
0.034127244684735644,0.002562832909033579,80,0.6238632269669324,1e-05,16,57.00000010217939,1.1145579822858174,-1.0
0.03599017655425188,0.009248129881194068,1,0.8144595911726356,0.000999618372939158,17,13.500000010837208,3.775814626000144,-1.0
0.03418283216241333,0.002551811281591654,2,0.6613751191180199,0.0009984740801978985,17,18.000000002709303,2.185910311612216,-1.0
0.020609635898532968,0.002720694368084272,3,0.42007629107683897,0.0009965688861926887,17,19.90909091992812,2.10999944600192,-1.0
0.027436546593283612,0.0022640423461173973,4,0.5347676968667656,0.0009939057285945933,17,22.363636374473572,2.0453224325180055,-1.0
0.034338925680559546,0.0019389911063222422,5,0.6531460168771446,0.0009904887137995992,17,24.40909091992812,2.012081077749079,-1.0
0.03421610509718044,0.0015905649634078145,6,0.6446522099431604,0.00098632311059685,17,25.90909091992812,1.942046674381603,-1.0
0.02742098046777149,0.0018935628726871477,7,0.5277617890387774,0.0009814153420445555,17,28.09090909090909,1.9029179789803246,-1.0
0.01872856814103822,0.0021167780764194,8,0.37532340199686587,0.0009757729755661012,17,28.909090930765327,1.8684525914625687,-1.0
0.03410845934154673,0.0017139524376640718,9,0.6449151190463454,0.0009694047112816298,17,28.500000021674417,1.8642827809940685,-1.0
0.03405634897191905,0.0020395397441461682,10,0.6498376138042659,0.0009623203685930871,17,30.363636363636363,1.820534224510193,-1.0
0.034046968057130776,0.001627123720633487,11,0.6422632259782404,0.0009545308710434153,17,29.90909091992812,1.8008262491226197,-1.0
0.009749865521573357,0.0015444690361618996,12,0.203426375053823,0.0009460482294732422,17,30.95454546538266,1.7734735944054343,-1.0
0.034026122755474515,0.001686864467855129,13,0.6429687130730599,0.0009368855235010348,17,32.227272748947144,1.7569853630932895,-1.0
0.03405225742608309,0.0016790956336384018,14,0.6432934578042477,0.0009270568813552758,17,33.27272728356448,1.7442306791652333,-1.0
0.034244107780978084,0.001709840829587645,15,0.6473205899819732,0.0009165774580897602,17,34.31818183985624,1.7121856685118242,-1.0
0.020107623758829303,0.0021095409627175992,16,0.4000132919754833,0.0009054634122155992,17,33.59090909090909,1.6941632075743243,-1.0
0.02820487038439347,0.0020947998984613353,17,0.5455125230364501,0.0008937318807859689,17,35.727272748947144,1.684462197043679,-1.0
0.03400508399742345,0.001558817444472677,18,0.6402604109607637,0.0008814009529720156,17,34.86363637447357,1.6723213052749635,-1.0
0.03408875286630872,0.0018875673025225599,19,0.6476829771418124,0.0008684896421706646,17,36.45454547621987,1.6675842562588779,-1.0
0.027974558502642646,0.0014673088832447927,20,0.5300554959103465,0.0008550178566873412,17,36.40909091992812,1.6494120368090543,-1.0
0.0193967245803732,0.0015954991362781988,21,0.3779852238949388,0.0008410063690388064,17,36.09090911258351,1.6604731330004605,-1.0
0.03412738598934892,0.0016741822344354456,22,0.6445559200365096,0.0008264767839234412,17,38.40909091992812,1.6109706670587713,-1.0
0.03401762244498564,0.00202847705481367,23,0.6489573819562793,0.000811451504908368,17,37.09090909090909,1.59698082707145,-1.0
0.034117471168024674,0.0015479253811968698,24,0.6421039078850299,0.0007959536998847743,17,39.27272728356448,1.5794004678726197,-1.0
0.00994451750173337,0.001846030664940675,25,0.21235473500564694,0.0007800072653447032,17,40.00000002167442,1.564679538119923,-1.0
0.03422773978672922,0.0021944254921335313,26,0.6557266258168966,0.0007636367895343947,17,39.72727272727273,1.5635161248120395,-1.0
0.034144841962390475,0.001616342471809023,27,0.6438291710801423,0.0007468675145409928,17,39.0909091017463,1.5714063262939453,-1.0
0.03403244824666116,0.0020586138642910454,28,0.649768372066319,0.0007297252973710758,17,39.04545454545455,1.5544256591796874,-1.0
0.018808235608351726,0.001626166165806353,29,0.36794484104029834,0.0007122365700810271,17,39.818181829019025,1.5585014902461658,-1.0
0.03215654515143898,0.002646356795190109,30,0.6265776329673827,0.0006944282990207196,17,42.90909090909091,1.506062136996876,-1.0
0.034019815049962036,0.0015570241181800764,31,0.6405053080525249,0.0006763279432533592,17,41.81818181818182,1.5211776594682174,-1.0
0.03400986069916851,0.0027702143545159036,32,0.662167000118643,0.0006579634122155992,17,41.500000010837205,1.5133861606771295,-1.0
0.022364728605478175,0.002227226893107096,33,0.442777591990307,0.000639363022683212,17,42.72727272727273,1.4882674065503207,-1.0
0.023563689254741702,0.0017454750810025467,34,0.4556700058747083,0.0006205554551086735,17,43.318181861530654,1.4838847697864879,-1.0
0.034023449316413865,0.0016759857406011885,35,0.6426971219480038,0.0006015697093979838,17,44.00000002167442,1.4608213385668667,-1.0
0.03418192649001463,0.0015509169057218565,36,0.6433060029521585,0.0005824350601949146,17,42.77272729440169,1.4802572982961482,-1.0
0.03267702038606836,0.0015636362238890594,37,0.6164470110088587,0.0005631810117416299,17,43.45454547621987,1.4597218734567816,-1.0
0.017357655451633036,0.0022167483241193825,38,0.3524506650865078,0.0005438372523852835,17,44.63636367971247,1.4129006611217152,-1.0
0.03404038439556542,0.0015557491634454993,39,0.6408364840317518,0.0005244336088007391,17,43.72727272727273,1.4155078263716263,-1.0
0.03400302188108779,0.0017488296790462402,40,0.6436440940015018,0.0005050000000000001,17,45.59090911258351,1.404894270029935,-1.0
0.03405358505228327,0.0017458945642121965,41,0.6444959910586476,0.0004855663911992613,17,46.09090909090909,1.3903834603049539,-1.0
0.010880976255672673,0.0018760137415180604,42,0.22973042796365917,0.00046616274761471693,17,46.81818181818182,1.392629768631675,-1.0
0.03402940367555453,0.0018580978244750036,43,0.64608990913257,0.00044681898825837057,17,47.54545454545455,1.3696535700017756,-1.0
0.03400774500591473,0.001441024321441849,44,0.6381874319631606,0.000427564939805086,17,47.90909093076532,1.3527220223166725,-1.0
0.034076738882706396,0.0016801252883548539,45,0.6437310969922692,0.00040843029060201667,17,47.36363636363637,1.337368503483859,-1.0
0.022685183056940634,0.001525526827511688,46,0.4359009920153767,0.000389444544891327,17,48.45454547621987,1.3402417967536233,-1.0
0.02786265096316735,0.00205897331599974,47,0.5387252899818122,0.0003706369773167883,17,48.77272729440169,1.3256251244111494,-1.0
0.03401978147060921,0.0017060659722321564,48,0.6431935760192573,0.0003520365877844012,17,48.68181818181818,1.3117054813558404,-1.0
0.03420734128707813,0.0018371380994924242,49,0.6489355110097677,0.0003336720567466412,17,48.40909090909091,1.3130244723233309,-1.0
0.028725749618994694,0.0017019659280776978,50,0.5478262309916317,0.0003155717009792807,17,49.18181818181818,1.2967214478145945,-1.0
0.0209338791642545,0.0019112520644234286,51,0.4113404050003737,0.00029776342991897335,17,51.36363637447357,1.2671844759854403,-1.0
0.034028543806117445,0.0018049870721167987,52,0.6451305069494992,0.00028027470262892445,17,51.40909093076532,1.2590432600541548,-1.0
0.03421942511987355,0.0017824877803731295,53,0.6481889539863914,0.0002631324854590073,17,51.54545455629175,1.2624312110380693,-1.0
0.034338366240262985,0.0015447243737677734,54,0.6460288311354816,0.0002463632104656054,17,51.000000043348834,1.248259478265589,-1.0
0.01206158062753578,0.0016431104158982635,55,0.24682429898530245,0.0002299927346552969,17,52.04545455629175,1.2389296787435358,-1.0
0.03412388258665386,0.0015702115294213097,56,0.6426188920158893,0.00021404630011522587,17,51.86363638531078,1.2485011226480658,-1.0
0.03421310076697005,0.0016757293423223826,57,0.6461327730212361,0.00019854849509163232,17,52.5909091017463,1.2278923797607422,-1.0
0.03425360860354784,0.0016180662334793145,58,0.6458297171629965,0.00018352321607655918,17,53.27272729440169,1.2163971190019087,-1.0
0.01737141614365909,0.0018580741921646728,59,0.34628298389725387,0.00016899363096119395,17,52.31818181818182,1.2211272152987394,-1.0
0.030235090202444956,0.0017677491737736596,60,0.5761857097968459,0.000154982143312659,17,53.72727272727273,1.2226325572620738,-1.0
0.03423844513276385,0.0018241948629212049,61,0.649257724871859,0.0001415103578293356,17,53.13636363636363,1.2024695513465187,-1.0
0.03436015326426261,0.001545612351037562,62,0.6464365918654948,0.0001285990470279847,17,52.5,1.200947570367293,-1.0
0.026117008515737124,0.001610944823672374,63,0.49922954104840755,0.0001162681192140312,17,54.54545454545455,1.1805298475785688,-1.0
0.020843614254974656,0.0016340588529904683,64,0.40473122615367174,0.00010453658778440107,17,54.5,1.168789957219904,-1.0
0.03407221097343912,0.0019164215902694398,65,0.6479245899245143,9.342254191024022e-05,17,55.22727273810994,1.165978712168607,-1.0
0.034077362998181746,0.0015438932330451077,66,0.6413107737898827,8.294311864472437e-05,17,54.95454547621987,1.16792508948933,-1.0
0.03409476926188088,0.0015519718484332163,67,0.6417697619181126,7.311447649896551e-05,17,56.45454545454545,1.1452268637310374,-1.0
0.010785422093855837,0.002002063453093999,68,0.23030047793872654,6.395177052675794e-05,17,56.09090913425792,1.149873088056391,-1.0
0.034194000828493804,0.002042056514053709,69,0.6523783360607922,5.546912895658472e-05,17,55.68181818181818,1.1405976793982766,-1.0
0.03420758477619125,0.001572909493309756,70,0.6441838399041444,4.767963140691306e-05,17,54.95454545454545,1.1357326576926492,-1.0
0.034199141121158995,0.0016151710491006572,71,0.6447922110091895,4.059528871837034e-05,17,55.45454549789429,1.1329265728863802,-1.0
0.018901615623488195,0.0016143938216070335,72,0.36941833491437137,3.4227024433899e-05,17,57.22727272727273,1.125762669173154,-1.0
0.029120441435629293,0.0016657504020258784,73,0.5542854040395468,2.8584657955444653e-05,17,55.63636367971247,1.1293888850645586,-1.0
0.034095000721410744,0.003102415280106167,74,0.6696782051585615,2.367688940315011e-05,17,57.681818225167014,1.1224995036558671,-1.0
0.03405946103804228,0.0029730885677660504,75,0.6666953770909458,1.951128620040094e-05,17,55.863636406985194,1.1523534254594283,-1.0
0.025033193808566365,0.0015314656258043316,76,0.4782661139033735,1.6094271405406862e-05,17,55.68181818181818,1.1361664160815153,-1.0
0.024114220700640645,0.0021201803530048993,77,0.4723292540293187,1.3431113807311488e-05,17,56.86363638531078,1.1150096754594283,-1.0
0.03410755961926447,0.0018143795378920105,78,0.64670374779962,1.1525919802101659e-05,17,55.72727272727273,1.1299440210515803,-1.0
0.034143746222576335,0.001523438440118399,79,0.6421210409607738,1.0381627060842164e-05,17,56.00000002167442,1.1310650847174906,-1.0
0.03275182976439181,0.0016118412345854773,80,0.6186486231163144,1e-05,17,57.45454547621987,1.1001941126043147,-1.0
0.03566400895619558,0.009386830588078333,1,0.8110913769342005,0.000999618372939158,18,13.130434754102126,3.223690877997357,-1.0
0.03426963689788762,0.002616199600096378,2,0.6640615020878613,0.0009984740801978985,18,19.434782608695652,2.1152066653707755,-1.0
0.03429977418596132,0.001890297759220832,3,0.651545210974291,0.0009965688861926887,18,22.95652169248332,2.014062611953072,-1.0
0.018733450185714498,0.0015629654776098,4,0.36543974792584777,0.0009939057285945933,18,23.608695652173914,1.977065081389054,-1.0
0.02892888630999045,0.0017560744114841025,5,0.5524442950263619,0.0009904887137995992,18,26.39130437892416,1.9135967741841855,-1.0
0.03433281753677875,0.001500139517399172,6,0.6451081088744104,0.00098632311059685,18,27.08695643881093,1.866002752677254,-1.0
0.03428507689386606,0.0015348667123665412,7,0.6448664660565555,0.0009814153420445555,18,29.39130425453186,1.8267183272734933,-1.0
0.027683827314629324,0.0020189701786471736,8,0.5347589778248221,0.0009757729755661012,18,30.956521661385246,1.8032276700890582,-1.0
0.018748029186907742,0.001889283807637791,9,0.3715782640501857,0.0009694047112816298,18,30.695652173913043,1.8022189478252244,-1.0
0.03431869766467975,0.0015311761655741269,10,0.6454075430519879,0.0009623203685930871,18,31.56521738093832,1.7639228122130683,-1.0
0.034262398490682244,0.001575059399733113,11,0.6451787478290498,0.0009545308710434153,18,32.73913042441659,1.7494482579438582,-1.0
0.034253224885712065,0.001580695957980222,12,0.6451187760103494,0.0009460482294732422,18,32.17391298646512,1.7305275042160697,-1.0
0.011120325148416063,0.0015077508416854674,13,0.22741086594760418,0.0009368855235010348,18,33.39130429599596,1.7164017907432887,-1.0
0.03423065095881207,0.0016511749320973952,14,0.6459916548337787,0.0009270568813552758,18,35.21739131471385,1.695327122937078,-1.0
0.03423643977536509,0.0017006016698562438,15,0.6469764600042254,0.0009165774580897602,18,34.60869566253994,1.6859518534204234,-1.0
0.034375030482705266,0.0015384332380361026,16,0.6465526430401951,0.0009054634122155992,18,35.56521729801012,1.6735390316921732,-1.0
0.02208835467334009,0.0015770532061449355,17,0.42607673187740147,0.0008937318807859689,18,35.43478255168252,1.6676798955253933,-1.0
0.02260069484408531,0.0015075813280418515,18,0.4340561830904335,0.0008814009529720156,18,36.95652170803236,1.65801492670308,-1.0
0.034297066029264696,0.0014868687527875106,19,0.6442212909460068,0.0008684896421706646,18,37.391304280446924,1.6434982845057613,-1.0
0.03429908966386898,0.001546151392782728,20,0.6453272579237819,0.0008550178566873412,18,36.47826086438221,1.6297187614440918,-1.0
0.03428333890365644,0.001552195262370838,21,0.6451446830760688,0.0008410063690388064,18,39.086956412895866,1.6000535622886989,-1.0
0.012160955462604761,0.0024127375412111482,22,0.2624520929530263,0.0008264767839234412,18,38.13043476187664,1.6038243277176567,-1.0
0.034278806208425924,0.002178052841271791,23,0.6563316150568426,0.000811451504908368,18,41.04347811574521,1.5557316796675973,-1.0
0.0343517144728038,0.001572406307483713,24,0.646742036100477,0.0007959536998847743,18,39.91304337460062,1.5580837614639946,-1.0
0.03446496504410687,0.0015632557398122218,25,0.6486378279514611,0.0007800072653447032,18,41.52173905787261,1.5173857336458954,-1.0
0.016721926707153518,0.0014600285147834155,26,0.327376316068694,0.0007636367895343947,18,40.95652164583621,1.518063497957976,-1.0
0.03148164020644294,0.0024501357305174074,27,0.6108806999400258,0.0007468675145409928,18,42.260869534119315,1.5063858979681264,-1.0
0.034289011240212455,0.001879214360896084,28,0.6511334290262312,0.0007297252973710758,18,42.7826087060182,1.494215842537258,-1.0
0.0343962274879838,0.0015597918407163685,29,0.6473149671219289,0.0007122365700810271,18,41.52173905787261,1.5101396749330604,-1.0
0.02537349487344424,0.0015413946886029509,30,0.48457271000370383,0.0006944282990207196,18,45.13043471522953,1.459200755202252,-1.0
0.022740299477138452,0.0015867097406751579,31,0.4380158898420632,0.0006763279432533592,18,42.82608680103136,1.471503722978675,-1.0
0.03435260921509729,0.0014198517892509699,32,0.6440418241545558,0.0006579634122155992,18,45.0434781934904,1.4681582469525545,-1.0
0.03432022547349334,0.0014063031412661076,33,0.6432081509847194,0.000639363022683212,18,45.43478261906168,1.4303694028439728,-1.0
0.03434312106886258,0.0015359078792648183,34,0.6459565830882639,0.0006205554551086735,18,44.82608683731245,1.404358499775762,-1.0
0.013002879995231828,0.0015539440015951793,35,0.2621539090760052,0.0006015697093979838,18,46.43478248430335,1.410539926653323,-1.0
0.03430404264428136,0.0015205846349191335,36,0.6449717429932207,0.0005824350601949146,18,46.21739123178565,1.3998065370062123,-1.0
0.03461369212406377,0.0015424719313159585,37,0.6509500909596682,0.0005631810117416299,18,45.34782606104146,1.3661972958108652,-1.0
0.034335311528088316,0.0017489634143809478,38,0.6496508400887251,0.0005438372523852835,18,47.869565098182015,1.3546366177434506,-1.0
0.017574286929124758,0.001630027687901424,39,0.3457976228091866,0.0005244336088007391,18,47.56521731874217,1.356860559090324,-1.0
0.03183413536236104,0.0019386583007872105,40,0.608043324900791,0.0005050000000000001,18,47.3913042700809,1.3332342618444692,-1.0
0.034392738262087934,0.0017093142313468787,41,0.6499660280533135,0.0004855663911992613,18,50.26086955485137,1.2955944793120675,-1.0
0.03431271299875031,0.001671330162530972,42,0.6478225109167397,0.00046616274761471693,18,50.82608683731245,1.3137867272418478,-1.0
0.024454992898325954,0.0024459733265555566,43,0.4843183639459312,0.00044681898825837057,18,48.47826075553894,1.2935374730566274,-1.0
0.02256247196863923,0.0016326604204045401,44,0.4356243209913373,0.000427564939805086,18,51.00000006219615,1.290225928970005,-1.0
0.03438126614006857,0.002659542188565764,45,0.6668414699379355,0.00040843029060201667,18,50.82608691505764,1.278795159381369,-1.0
0.03437688398278422,0.002110639742265145,46,0.6568957481067628,0.000389444544891327,18,51.956521656202234,1.2452452298869257,-1.0
0.032953815625256136,0.0014771410367555088,47,0.6198656919877976,0.0003706369773167883,18,52.04347818312438,1.2627999853051226,-1.0
0.014622582355514169,0.0021056032015217673,48,0.30121344001963735,0.0003520365877844012,18,51.43478240137515,1.2535369410722152,-1.0
0.03434889740310609,0.0015713200490507814,49,0.6466763820499182,0.0003336720567466412,18,52.99999988597372,1.2185697248707648,-1.0
0.034315706166024834,0.0015154275008373791,50,0.6450678368564695,0.0003155717009792807,18,52.347825967747234,1.1996763600473819,-1.0
0.03436081001483318,0.0015720250990448727,51,0.6469035509508103,0.00029776342991897335,18,53.56521733947422,1.2085490892244422,-1.0
0.015061180779917372,0.0014486798835504386,52,0.29728274000808597,0.00028027470262892445,18,54.60869548631751,1.1832284612241,-1.0
0.028982997031158045,0.0016144514083862305,53,0.5508715889882296,0.0002631324854590073,18,54.73913044514863,1.1520103135316269,-1.0
0.03426406822270817,0.002732341113086376,54,0.6660454540979117,0.0002463632104656054,18,55.30434777425683,1.169201816268589,-1.0
0.034465022307510175,0.0019549838551837537,55,0.6556674321182072,0.0002299927346552969,18,54.65217397523963,1.1665623333143151,-1.0
0.024979128554049466,0.003230348940835231,56,0.5078756019938737,0.00021404630011522587,18,55.2173913354459,1.1408815315495366,-1.0
0.02484895717093928,0.0015606505977403787,57,0.4755042069591582,0.00019854849509163232,18,55.95652172876441,1.1525041580200195,-1.0
0.03428581428144955,0.0017021396585429709,58,0.6479108319617808,0.00018352321607655918,18,55.52173908897068,1.139431768292966,-1.0
0.03436003545195692,0.001773019877469374,59,0.6505295478273183,0.00016899363096119395,18,56.56521720471589,1.1141203339203545,-1.0
0.03240269620437175,0.002227086134047972,60,0.623462462099269,0.000154982143312659,18,56.65217386121335,1.1089608055612314,-1.0
0.016456876389889255,0.0017096025532939369,61,0.32712039700709283,0.0001415103578293356,18,58.43478243247323,1.0746915077126544,-1.0
0.03433401904638029,0.0015385297851430045,62,0.6458362150005996,0.0001285990470279847,18,57.82608694615571,1.0906944515394128,-1.0
0.03429029434401956,0.002073255380512112,63,0.6546775959432125,0.0001162681192140312,18,57.5652173705723,1.0873734696015067,-1.0
0.034440916342039905,0.002889079274609685,64,0.6720733810216188,0.00010453658778440107,18,56.608695475951485,1.1208594237203184,-1.0
0.01138208815569265,0.002804113409688903,65,0.2554841360542923,9.342254191024022e-05,18,58.13043468931447,1.0862008042957472,-1.0
0.03447143098391178,0.0020590834707642594,66,0.6576892510056496,8.294311864472437e-05,18,58.78260851942974,1.0685988542307978,-1.0
0.03432802916763143,0.002610936321111189,67,0.6650364219676703,7.311447649896551e-05,18,58.99999997926795,1.080974636907163,-1.0
0.03450876187222699,0.0018399457912892103,68,0.6544212149456143,6.395177052675794e-05,18,58.521738912748255,1.0789504713597504,-1.0
0.0207349970134803,0.0015863663801509473,69,0.4019206049852073,5.546912895658472e-05,18,59.34782592110012,1.066750960557357,-1.0
0.030894162456711963,0.0023593917075130674,70,0.5987139309290797,4.767963140691306e-05,18,59.39130424416584,1.065667491166488,-1.0
0.03429090041512003,0.0018940541970854004,71,0.6514625521376729,4.059528871837034e-05,18,58.73913018599801,1.0590073187454887,-1.0
0.034349242859106094,0.001903807640903526,72,0.6526905230712146,3.4227024433899e-05,18,58.000000031098075,1.069842437868533,-1.0
0.02609481847482837,0.0015697988629755047,73,0.49808838008902967,2.8584657955444653e-05,18,60.39130421306776,1.0359261230800463,-1.0
0.02463423630170938,0.0017324923667021925,74,0.47472741501405835,2.367688940315011e-05,18,59.652173664258875,1.0555999755859375,-1.0
0.03427753556105825,0.0016395050980564621,75,0.6466423850506544,1.951128620040094e-05,18,60.608695475951485,1.0284107442524122,-1.0
0.03430425718478444,0.001667715764294068,76,0.6476282030344009,1.6094271405406862e-05,18,59.43478243247323,1.042886995439944,-1.0
0.033337474826516375,0.0015800968976691365,77,0.6286396160721779,1.3431113807311488e-05,18,60.17391281542571,1.0341753972094991,-1.0
0.018491858732886612,0.0021310579937158357,78,0.37133986107073724,1.1525919802101659e-05,18,58.73913025856018,1.0416872371797976,-1.0
0.03440038898649315,0.0015284323987240593,79,0.6468499721959233,1.0381627060842164e-05,18,59.26086937862894,1.0447856492581575,-1.0
0.03429372555628005,0.0016050022742193607,80,0.6462869648821652,1e-05,18,60.43478243247323,1.018672571182251,-1.0
0.03536809724755585,0.00804821401834488,1,0.8250549219083041,0.000999618372939158,19,13.333333373069763,3.3505909729003904,-1.0
0.01997098027679481,0.00218911982435537,2,0.42116203205659986,0.0009984740801978985,19,18.25000003973643,2.168349714279175,-1.0
0.028604771243408322,0.0015469104860370095,3,0.5730031349230558,0.0009965688861926887,19,21.50000003973643,2.0814363606770834,-1.0
0.03427476942000028,0.001613137949454157,4,0.6819763979874551,0.0009939057285945933,19,22.833333373069763,2.015712130864461,-1.0
0.03420665985169379,0.0014753706728745449,5,0.6780703880358487,0.0009904887137995992,19,25.125,1.949012500445048,-1.0
0.023655094524943514,0.001511306269094348,6,0.47826421982608736,0.00098632311059685,19,27.458333373069763,1.882371571858724,-1.0
0.028186903445442255,0.0019787316529178305,7,0.5732547678053379,0.0009814153420445555,19,28.791666706403095,1.8492689021428426,-1.0
0.03420514781273117,0.00314399286320335,8,0.7097425449173898,0.0009757729755661012,19,29.458333412806194,1.808500747680664,-1.0
0.03423714707605541,0.002126251041006885,9,0.6910110139288008,0.0009694047112816298,19,31.25000003973643,1.78262260278066,-1.0
0.022205172572284937,0.001483254048875288,10,0.4501829110085964,0.0009623203685930871,19,31.041666746139526,1.7685724115371704,-1.0
0.02834257088895691,0.0016858233261461322,11,0.5706666100304574,0.0009545308710434153,19,31.166666706403095,1.7664425166447957,-1.0
0.03425046415558379,0.0015107962596965464,12,0.6795943630859256,0.0009460482294732422,19,32.62500003973643,1.7278561385472615,-1.0
0.03419315212063099,0.002151829141535257,13,0.6906852601096034,0.0009368855235010348,19,31.833333333333332,1.70394894917806,-1.0
0.023206114021473025,0.002040885768732742,14,0.4797987050842494,0.0009270568813552758,19,33.041666746139526,1.6849752314885458,-1.0
0.028568043103931767,0.0022376573669086945,15,0.5854234220460057,0.0009165774580897602,19,35.958333333333336,1.6524355586369832,-1.0
0.034176229781128074,0.00150025048979411,16,0.6779616170097142,0.0009054634122155992,19,36.375,1.6411591227849325,-1.0
0.03417133026462244,0.0016269432135710591,17,0.6802779119461775,0.0008937318807859689,19,37.20833337306976,1.6378797419865927,-1.0
0.023773794895724246,0.0013628822604292317,18,0.47770001110620797,0.0008814009529720156,19,36.5,1.6229600016276042,-1.0
0.027223405746841116,0.0020858512112968846,19,0.5569967841729522,0.0008684896421706646,19,37.33333341280619,1.6135397338867188,-1.0
0.03425009715321817,0.0016429962124675512,20,0.6820773060899228,0.0008550178566873412,19,38.37500007947286,1.5994340499242148,-1.0
0.03422188848306082,0.0025410469817487816,21,0.6991442469879985,0.0008410063690388064,19,36.95833341280619,1.587162373860677,-1.0
0.02372997870521718,0.0017607836542945158,22,0.48442995292134583,0.0008264767839234412,19,39.375,1.5683822520573933,-1.0
0.027818726069342933,0.0023128800339212545,23,0.5726094900164753,0.000811451504908368,19,38.37500007947286,1.5737581078211467,-1.0
0.03424194025022811,0.0014234881259893115,24,0.6777539658360183,0.0007959536998847743,19,40.00000003973643,1.5433981323242187,-1.0
0.0341999188776275,0.0014909101208966029,25,0.6782362679950893,0.0007800072653447032,19,41.12500003973643,1.5231485001246134,-1.0
0.02426559103064631,0.0013770362803418386,26,0.4873113411013037,0.0007636367895343947,19,40.416666746139526,1.519340189297994,-1.0
0.024216142850682923,0.0016334617363387032,27,0.49125560699030757,0.0007468675145409928,19,42.125,1.479313530921936,-1.0
0.03424025866153993,0.0016926833869595277,28,0.6828349409624934,0.0007297252973710758,19,41.87500003973643,1.4795376189549765,-1.0
0.03420838739379848,0.0016295330378373986,29,0.6810329069849104,0.0007122365700810271,19,42.1666667064031,1.4852111864089965,-1.0
0.02749791694805026,0.0016772334684470767,30,0.5544297001324594,0.0006944282990207196,19,43.33333341280619,1.4587276887893676,-1.0
0.02414316348241348,0.0018152419943362474,31,0.4933174562174827,0.0006763279432533592,19,44.6666667064031,1.4395014683405558,-1.0
0.034307377265864296,0.0015267988936485428,32,0.680958281038329,0.0006579634122155992,19,44.916666746139526,1.443439154624939,-1.0
0.0341898452882704,0.0015071144474572257,33,0.6783519401215017,0.000639363022683212,19,45.75000003973643,1.419386477470398,-1.0
0.027975246935200534,0.0016353932871042115,34,0.5627051789779216,0.0006205554551086735,19,44.95833341280619,1.3892906681696573,-1.0
0.025772252855332273,0.002779126829026561,35,0.5425876008812338,0.0006015697093979838,19,46.041666746139526,1.3762513208389282,-1.0
0.034289874798177106,0.0015258734163485076,36,0.6806074290070683,0.0005824350601949146,19,47.5,1.3776251284281413,-1.0
0.03425381036083165,0.0025506930572814063,37,0.6993955899961293,0.0005631810117416299,19,47.37500007947286,1.3900693448384602,-1.0
0.02553359246322591,0.0014606253243982792,38,0.5129929729737341,0.0005438372523852835,19,47.75000007947286,1.3535385004679361,-1.0
0.023862629185283656,0.0016744548675457114,39,0.48531297012232244,0.0005244336088007391,19,47.4166667064031,1.3452887773513793,-1.0
0.034256726736202836,0.0013803221089275259,40,0.6772157358936965,0.0005050000000000001,19,48.125,1.3359858338038126,-1.0
0.03425786730000063,0.0016419740246706887,41,0.6822074411902577,0.0004855663911992613,19,49.00000015894572,1.318328374226888,-1.0
0.027957444140491516,0.0016297630745133287,42,0.5622600030619651,0.00046616274761471693,19,51.1666667064031,1.2907254521052043,-1.0
0.021694150728810774,0.0018223900666558429,43,0.44691997510381043,0.00044681898825837057,19,51.25,1.2672325897216796,-1.0
0.034267081830062364,0.0017979081082893046,44,0.685344923986122,0.000427564939805086,19,50.58333341280619,1.273506457010905,-1.0
0.034281571456966434,0.001581503384697594,45,0.6815075760241598,0.00040843029060201667,19,51.291666666666664,1.256440854072571,-1.0
0.030071471940333907,0.001401165953690284,46,0.5981094129383564,0.000389444544891327,19,52.45833349227905,1.2355886268615723,-1.0
0.020407664099414097,0.0016890915821453458,47,0.4199669500812888,0.0003706369773167883,19,52.33333337306976,1.2080232445398966,-1.0
0.034196811470840326,0.0014499055319710781,48,0.6774206322152168,0.0003520365877844012,19,52.25000007947286,1.2185771942138672,-1.0
0.034324188251048326,0.001785621696494912,49,0.686218376038596,0.0003336720567466412,19,54.20833349227905,1.189118472735087,-1.0
0.03160168696194887,0.0016540490384948882,50,0.6319926839787513,0.0003155717009792807,19,54.58333337306976,1.1857089916865031,-1.0
0.01951242582627425,0.0016590838541129702,51,0.4023647231515497,0.00029776342991897335,19,53.00000015894572,1.193830335934957,-1.0
0.03439483947218641,0.0015053389422399433,52,0.6822168610524386,0.00028027470262892445,19,54.58333341280619,1.1782683674494425,-1.0
0.03425667395717219,0.0014017949885639705,53,0.6776197128929198,0.0002631324854590073,19,52.916666666666664,1.1816221888860066,-1.0
0.0327782421127746,0.001536961791938857,54,0.6520887741353363,0.0002463632104656054,19,55.62500015894572,1.147618989944458,-1.0
0.015933699942635077,0.0018666021672910766,55,0.338315452914685,0.0002299927346552969,19,55.416666666666664,1.1439366992314657,-1.0
0.03433288230658754,0.0022100620584464387,56,0.6944273409899324,0.00021404630011522587,19,57.33333349227905,1.1268561601638794,-1.0
0.03422198450731996,0.0026084389660115306,57,0.6998840749729425,0.00019854849509163232,19,56.20833349227905,1.1224882793426514,-1.0
0.034236157141429815,0.0015178215444872254,58,0.6794295611325651,0.00018352321607655918,19,57.16666682561239,1.1060420354207356,-1.0
0.016150692122449215,0.0024236560872706926,59,0.3530181050300598,0.00016899363096119395,19,57.62500015894572,1.1079189054171243,-1.0
0.03431688550565588,0.0023882287113290083,60,0.6975103409495205,0.000154982143312659,19,56.95833341280619,1.1038880570729575,-1.0
0.03430698378207652,0.0015457201700069402,61,0.6813087849877775,0.0001415103578293356,19,56.416666746139526,1.1012604157129924,-1.0
0.03426501429394672,0.0018669906513471353,62,0.6866154349409044,0.0001285990470279847,19,57.5,1.0874161044756572,-1.0
0.012853273153795223,0.0020314720581824843,63,0.2829201950225979,0.0001162681192140312,19,58.666666666666664,1.0766179434458414,-1.0
0.034363610032749806,0.0017413420749730186,64,0.6861018619965762,0.00010453658778440107,19,59.66666682561239,1.0585992368062338,-1.0
0.034257552831580766,0.0014494933727148332,65,0.678541440051049,9.342254191024022e-05,19,57.37500015894572,1.069443661371867,-1.0
0.03424794795481782,0.0014040772067873103,66,0.677498172968626,8.294311864472437e-05,19,60.91666682561239,1.0317466044425965,-1.0
0.010793713987559864,0.0016269402848066467,67,0.2360994410701096,7.311447649896551e-05,19,60.33333341280619,1.0314489698410034,-1.0
0.03428737751796449,0.0020845737430806224,68,0.6911831679753959,6.395177052675794e-05,19,60.166666746139526,1.0484261465072633,-1.0
0.0342811419702086,0.0017173801254677145,69,0.6840785900130868,5.546912895658472e-05,19,60.00000007947286,1.0185451714197795,-1.0
0.03420669233769571,0.0018804932356272872,70,0.6857656801585108,4.767963140691306e-05,19,59.54166682561239,1.0366838200887045,-1.0
0.015070071235593212,0.00216187397018075,71,0.3275134901050478,4.059528871837034e-05,19,61.29166682561239,1.013294474283854,-1.0
0.03178179629245087,0.0014869430666103174,72,0.6322228631470352,3.4227024433899e-05,19,61.83333341280619,1.0098779280980428,-1.0
0.034230950803152825,0.0015917188291879076,73,0.6807403168641031,2.8584657955444653e-05,19,59.5,1.0268166089057922,-1.0
0.034267155588359424,0.0013797281457013206,74,0.6774027899373323,2.367688940315011e-05,19,60.333333333333336,1.0098501904805501,-1.0
0.020266590725728555,0.0018387866500569018,75,0.4201084589585662,1.951128620040094e-05,19,59.91666682561239,1.044505402247111,-1.0
0.03223508765528861,0.001911825512682921,76,0.6489291270263493,1.6094271405406862e-05,19,60.916666746139526,1.005653600692749,-1.0
0.034398750916711594,0.0026875522943507683,77,0.70477365097031,1.3431113807311488e-05,19,62.0,1.0038089259465535,-1.0
0.03428964025193924,0.0014553340151906013,78,0.6792867300100625,1.1525919802101659e-05,19,59.87500007947286,1.029716203212738,-1.0
0.019116593426779696,0.001517758202297907,79,0.3921837981324643,1.0381627060842164e-05,19,60.708333333333336,1.011370591322581,-1.0
0.03299030115043646,0.002011899431971343,80,0.6651606380473822,1e-05,19,59.666666666666664,1.0338512086868286,-1.0
0.03599630615208298,0.007948426448274403,1,0.8790543510112911,0.000999618372939158,20,13.120000001192093,3.1912491443634035,-1.0
0.03430875131161883,0.0023292658384889363,2,0.7328992919065058,0.0009984740801978985,20,20.92000001192093,2.151606297302246,-1.0
0.023650557384826243,0.00161257031140849,3,0.5053906748071313,0.0009965688861926887,20,22.200000011920928,2.083403322982788,-1.0
0.02835825616493821,0.0015744396368972957,4,0.5987853240221739,0.0009939057285945933,20,24.32000000476837,2.0030804664611814,-1.0
0.03415513507789001,0.0019537516753189267,5,0.72231052396819,0.0009904887137995992,20,24.600000038146973,1.9634210956573486,-1.0
0.03424271665280685,0.0016593668377026915,6,0.7181705320253968,0.00098632311059685,20,27.52,1.9081985832214357,-1.0
0.018674374814145266,0.001749888085760176,7,0.40860744193196297,0.0009814153420445555,20,29.160000019073486,1.8545246841430665,-1.0
0.032003752153832464,0.001894172595348209,8,0.6780873478855938,0.0009757729755661012,20,28.599999995231627,1.8395772933959962,-1.0
0.03415760555071756,0.0016478222562000156,9,0.7162511399947107,0.0009694047112816298,20,29.799999985694885,1.8140437019348143,-1.0
0.034165085142012684,0.0014302023570053279,10,0.7120365460868925,0.0009623203685930871,20,30.519999985694884,1.789474560546875,-1.0
0.014844057685695588,0.0016688913106918334,11,0.330362434964627,0.0009545308710434153,20,31.680000019073486,1.7647526361465453,-1.0
0.01087772542377934,0.0025150750298053026,12,0.2679730348754674,0.0009460482294732422,20,30.600000002384185,1.7516176515579223,-1.0
0.03418844112893567,0.0019251821679063142,13,0.7223858069628477,0.0009368855235010348,20,33.32000002861023,1.7384707992553712,-1.0
0.03442814510781318,0.0013992197345942259,14,0.7166880078148097,0.0009270568813552758,20,33.72000000238418,1.7114579095840454,-1.0
0.03462648052955046,0.0018231581198051572,15,0.7291380411479622,0.0009165774580897602,20,33.080000023841855,1.7198971559524536,-1.0
0.009240709361620247,0.001743311993777752,16,0.21981901489198208,0.0009054634122155992,20,35.519999990463255,1.679395544242859,-1.0
0.03431740482337773,0.0022144535789266227,17,0.7308096759952605,0.0008937318807859689,20,34.68000007629394,1.6767533702850341,-1.0
0.03436334513826296,0.0024393774103373287,18,0.736200971994549,0.0008814009529720156,20,36.47999999523163,1.6497641592025756,-1.0
0.034251332632265985,0.0014159062178805471,19,0.7134784979280084,0.0008684896421706646,20,35.91999997138977,1.6505078788757324,-1.0
0.016418255283497274,0.002475812425836921,20,0.3780313991010189,0.0008550178566873412,20,36.640000014305116,1.6268044799804688,-1.0
0.03420307959895581,0.0022933688946068288,21,0.7300618579611182,0.0008410063690388064,20,37.12000004291534,1.6341289001464843,-1.0
0.03419189372798428,0.0024166432791389524,22,0.7322793018538505,0.0008264767839234412,20,38.320000076293944,1.609616749382019,-1.0
0.02999026272445917,0.0015708053717389703,23,0.6313259699381888,0.000811451504908368,20,38.47999997615814,1.5804563346862792,-1.0
0.02324996911920607,0.0023433643276803196,24,0.5119755619671196,0.0007959536998847743,20,37.4800000333786,1.5953883531570434,-1.0
0.03424541681306437,0.002439097932074219,25,0.7338100539054722,0.0007800072653447032,20,40.24000001430512,1.5491130508422852,-1.0
0.03414385300129652,0.001726154948119074,26,0.7175097230356187,0.0007636367895343947,20,39.76000001907349,1.5677905515670776,-1.0
0.023039966367650776,0.0017076028394512831,27,0.4950599782168865,0.0007468675145409928,20,41.919999985694886,1.541467541694641,-1.0
0.02895796288503334,0.0022349106147885323,28,0.6239749370142817,0.0007297252973710758,20,40.000000014305115,1.5330929195404053,-1.0
0.03424305104417726,0.0017068380606360734,29,0.7191087678074837,0.0007122365700810271,20,40.36000000953674,1.5229260118484498,-1.0
0.0341621401719749,0.002420292072929442,30,0.7317609628662467,0.0006944282990207196,20,42.160000009536745,1.5090418571472168,-1.0
0.016673505306243896,0.001983258593827486,31,0.3732412760145962,0.0006763279432533592,20,42.43999997615814,1.4878869325637818,-1.0
0.03356837845640257,0.0018731458927504717,32,0.7089448890183121,0.0006579634122155992,20,43.04000000476837,1.4697804439544677,-1.0
0.034295784612186256,0.0013933905865997076,33,0.7138897939585149,0.000639363022683212,20,44.68000000953674,1.4725585206985474,-1.0
0.034194911958184096,0.0015223352937027812,34,0.7144528869539499,0.0006205554551086735,20,43.880000076293946,1.4409348526000976,-1.0
0.013554205384571106,0.0013412903645075858,35,0.29801306896843016,0.0006015697093979838,20,43.12000002861023,1.446155274772644,-1.0
0.03408869990380481,0.0013177395449019969,36,0.7082567610777915,0.0005824350601949146,20,44.76000002861023,1.417166697883606,-1.0
0.03420601681573317,0.001515340432524681,37,0.7145549969282001,0.0005631810117416299,20,44.43999999046326,1.42169673538208,-1.0
0.034157431521452966,0.0013693678774870932,38,0.710665742168203,0.0005438372523852835,20,47.080000042915344,1.3764461246490478,-1.0
0.012789004005026073,0.0014216794515959918,39,0.2843341000843793,0.0005244336088007391,20,46.87999994277954,1.3850329401016235,-1.0
0.034129536023829135,0.001518619223497808,40,0.7130900260526687,0.0005050000000000001,20,46.959999976158144,1.3622037548065185,-1.0
0.03434583288617432,0.001423629210330546,41,0.7155213200021535,0.0004855663911992613,20,46.83999997138977,1.3668783082962037,-1.0
0.03418319668853655,0.0015777200693264603,42,0.7153498309198767,0.00046616274761471693,20,48.0799999666214,1.344432371711731,-1.0
0.012408244330435992,0.0013980930671095848,43,0.2762492320034653,0.00044681898825837057,20,48.67999995231629,1.3423860651016235,-1.0
0.034213388036005196,0.0021533552557229997,44,0.7274623471312225,0.000427564939805086,20,48.28000000953674,1.3204328987121583,-1.0
0.034249310300219805,0.0013958166004158557,45,0.7130342551972717,0.00040843029060201667,20,49.28000001430512,1.311891155052185,-1.0
0.03415845556883142,0.001960140373557806,46,0.7225007419474423,0.000389444544891327,20,48.799999990463256,1.3001764043807984,-1.0
0.011150657536927611,0.001460098021198064,47,0.25233980803750455,0.0003706369773167883,20,50.36000000953674,1.2659863758087158,-1.0
0.03427974372170865,0.002158610674086958,48,0.7288968819193542,0.0003520365877844012,20,52.160000038146975,1.2635375438690186,-1.0
0.034141889971215277,0.001536294724792242,49,0.7136908338870853,0.0003336720567466412,20,52.04000003814697,1.2602061891555787,-1.0
0.0342097336309962,0.0014614795218221843,50,0.7135568419471383,0.0003155717009792807,20,51.71999998569488,1.243922889137268,-1.0
0.010775334492791444,0.0014491216046735645,51,0.24462184007279575,0.00029776342991897335,20,51.08000007629394,1.2442009220123291,-1.0
0.034213440923485904,0.0017616473720408975,52,0.7196346761193126,0.00028027470262892445,20,54.639999966621396,1.1898641038894653,-1.0
0.03418186575872824,0.0015187448007054627,53,0.7141440289560705,0.0002631324854590073,20,52.08000003814697,1.216727983856201,-1.0
0.03421423065010458,0.0015610483591444791,54,0.7156317180488259,0.0002463632104656054,20,54.1200000667572,1.2055445384979249,-1.0
0.011327181593514979,0.0016934239538386464,55,0.26054170611314476,0.0002299927346552969,20,54.239999990463254,1.1857943727493285,-1.0
0.034251329582184555,0.0019259046763181686,56,0.7236732279416174,0.00021404630011522587,20,55.19999995231628,1.1694893379211426,-1.0
0.034265211445745083,0.0026187341543845834,57,0.7378047709353268,0.00019854849509163232,20,54.27999994277954,1.1712586055755616,-1.0
0.03415659185266122,0.001377830095589161,58,0.7108220800291747,0.00018352321607655918,20,56.55999995231628,1.1545167432785035,-1.0
0.011753301182761789,0.0015117774717509746,59,0.26543161808513105,0.00016899363096119395,20,55.0799999666214,1.1651084537506105,-1.0
0.03428893549134955,0.0016874192049726843,60,0.7196624169591814,0.000154982143312659,20,55.40000003814697,1.1376904382705688,-1.0
0.03416275994386524,0.001504423946607858,61,0.7134809128474444,0.0001415103578293356,20,55.32000003814697,1.1588447923660279,-1.0
0.034216726967133584,0.0014624213334172964,62,0.7137183879967779,0.0001285990470279847,20,55.559999990463254,1.1427557052612305,-1.0
0.012153663591016084,0.0015262922155670823,63,0.2737275189720094,0.0001162681192140312,20,56.28000002861023,1.1114729549407958,-1.0
0.03417289243079722,0.0015497123706154526,64,0.7145800779107958,0.00010453658778440107,20,57.4400000667572,1.1190424131393433,-1.0
0.03422184732044116,0.0017082797246985137,65,0.7187345481943339,9.342254191024022e-05,20,58.36000003814697,1.1194853458404541,-1.0
0.034281185164581986,0.001445250236429274,66,0.7146592948120087,8.294311864472437e-05,20,57.12000001907349,1.1096199337005614,-1.0
0.01404816642170772,0.001641135523095727,67,0.313919359119609,7.311447649896551e-05,20,58.04000001907349,1.0967266634941102,-1.0
0.03419958411250264,0.001662219688296318,68,0.7173677838873118,6.395177052675794e-05,20,58.08000003814697,1.0961909841537476,-1.0
0.03434115705313161,0.0014923817943781614,69,0.7168039169628173,5.546912895658472e-05,20,59.11999994277954,1.082123688697815,-1.0
0.03387344583170489,0.0014596759108826518,70,0.7067880041431636,4.767963140691306e-05,20,56.7200000667572,1.0951815505981446,-1.0
0.021887771598994733,0.0016617972520180046,71,0.4711010321043432,4.059528871837034e-05,20,57.95999995231628,1.0898694618225098,-1.0
0.03417811134131625,0.0014538765186443924,72,0.7127496430184692,3.4227024433899e-05,20,58.92000003814697,1.0671673564910888,-1.0
0.034211307973600925,0.0014278330840170384,73,0.7128940369002521,2.8584657955444653e-05,20,57.08000000953675,1.0808999879837036,-1.0
0.026666308147832753,0.0014215462026186288,74,0.5618627551011741,2.367688940315011e-05,20,58.800000038146976,1.0736849042892456,-1.0
0.020632202585693447,0.0015622005565091967,75,0.4439971768297255,1.951128620040094e-05,20,57.759999952316285,1.0787964574813842,-1.0
0.03418921619886532,0.00153367780148983,76,0.7145689248573035,1.6094271405406862e-05,20,57.92000002861023,1.0827836980819703,-1.0
0.03421513217035681,0.001526776736136526,77,0.7149509668815881,1.3431113807311488e-05,20,58.87999994277954,1.0790955825805664,-1.0
0.02621465314878151,0.0014099888037890195,78,0.5525983858387917,1.1525919802101659e-05,20,58.99999995231629,1.07908115234375,-1.0
0.023458480555564164,0.0016026249970309437,79,0.5013336578849703,1.0381627060842164e-05,20,58.36000004768371,1.0834438138961793,-1.0
0.034244682639837265,0.001528546551708132,80,0.7155751101672649,1e-05,20,59.04,1.0601239446640014,-1.0
