avg_batch_time_sec,avg_data_time_sec,epoch,epoch_time_sec,lr,round,train_acc,train_loss,val_acc
0.18231141980504617,0.044544890988618135,1,0.9076999248936772,0.000999618372939158,0,12.39999988079071,2.49724986076355,-1.0
0.03135629749158397,0.011408009508159012,2,0.17131550493650138,0.0009984740801978985,0,22.599999833106995,2.125885004043579,-1.0
0.03260501817567274,0.013078115065582097,3,0.1829658232163638,0.0009965688861926887,0,32.199999713897704,1.8915180759429933,-1.0
0.03680889599490911,0.013634401024319232,4,0.20205199485644698,0.0009939057285945933,0,31.99999988079071,1.8081523303985596,-1.0
0.03885125700617209,0.013248760718852282,5,0.20875634509138763,0.0009904887137995992,0,34.400000143051145,1.7077590198516845,-1.0
0.03650006151292473,0.013807244249619544,6,0.2015001280233264,0.00098632311059685,0,36.99999964237213,1.6782348642349243,-1.0
0.03361567127285525,0.0068702540011145175,7,0.16230268799699843,0.0009814153420445555,0,40.00000011920929,1.6553587770462037,-1.0
0.03338139591505751,0.007036587339825928,8,0.16196852689608932,0.0009757729755661012,0,45.4000002861023,1.4753843297958373,-1.0
0.03213819651864469,0.005915441201068461,9,0.1524995770305395,0.0009694047112816298,0,40.80000011920929,1.4757757511138916,-1.0
0.034399983240291476,0.012262086034752429,10,0.1869542661588639,0.0009623203685930871,0,47.19999978542328,1.3835465154647828,-1.0
0.0385768135311082,0.00987723917933181,11,0.19427382689900696,0.0009545308710434153,0,50.600000047683714,1.357896921157837,-1.0
0.038820600835606456,0.010152894887141883,12,0.19638626999221742,0.0009460482294732422,0,49.79999928474426,1.2720188989639283,-1.0
0.03454883926315233,0.013211269222665578,13,0.1915991809219122,0.0009368855235010348,0,55.19999978542328,1.2051510124206544,-1.0
0.039162495464552194,0.008958333288319409,14,0.19291289802640676,0.0009270568813552758,0,56.600000619888306,1.136073616027832,-1.0
0.03947643336141482,0.009898090385831892,15,0.19794852985069156,0.0009165774580897602,0,62.400000190734865,1.0458689098358154,-1.0
0.036481961025856435,0.01320807496085763,16,0.19931831094436347,0.0009054634122155992,0,57.199999713897704,1.1479622707366943,-1.0
0.032157833222299814,0.0061163847567513585,17,0.1534916430246085,0.0008937318807859689,0,62.99999971389771,0.9893886890411377,-1.0
0.03142501093680039,0.009278046840336174,18,0.16303334198892117,0.0008814009529720156,0,62.79999985694885,0.9281969046592713,-1.0
0.03111760801402852,0.010014311992563307,19,0.16474960302002728,0.0008684896421706646,0,62.80000042915344,1.0058905382156371,-1.0
0.0338473534793593,0.012373705278150737,20,0.18515482009388506,0.0008550178566873412,0,63.40000057220459,0.9340283279418945,-1.0
0.03988901380216703,0.013669873704202473,21,0.2145559701602906,0.0008410063690388064,0,68.59999961853028,0.8613791050910949,-1.0
0.03367814724333584,0.006152551504783332,22,0.15954762208275497,0.0008264767839234412,0,70.6,0.7981573076248168,-1.0
0.03957078926032409,0.006201970740221441,23,0.1834184699691832,0.000811451504908368,0,71.19999980926514,0.76583655834198,-1.0
0.03233013872522861,0.006043390545528382,24,0.15378502197563648,0.0007959536998847743,0,73.59999966621399,0.71017768907547,-1.0
0.033198601682670414,0.012663239322137088,25,0.18372666090726852,0.0007800072653447032,0,78.39999976158143,0.6138011603355408,-1.0
0.03755794052267447,0.010130030219443142,26,0.19102258794009686,0.0007636367895343947,0,76.39999952316285,0.6171465249061584,-1.0
0.03500080568483099,0.007981763279531151,27,0.17220111098140478,0.0007468675145409928,0,79.59999928474426,0.5216525588035583,-1.0
0.04713673994410783,0.012440150021575391,28,0.23857742408290505,0.0007297252973710758,0,80.19999952316284,0.5384416418075562,-1.0
0.05789347371319309,0.00623243598965928,29,0.2567891569342464,0.0007122365700810271,0,83.39999923706054,0.5086682152748108,-1.0
0.05983712454326451,0.012356962717603892,30,0.28906003409065306,0.0006944282990207196,0,80.99999995231629,0.5112914066314698,-1.0
0.05747259350027889,0.013028523477260023,31,0.28229699609801173,0.0006763279432533592,0,85.19999990463256,0.4233773503303528,-1.0
0.05818962526973337,0.00998041097773239,32,0.2729804441332817,0.0006579634122155992,0,86.999999666214,0.3624159300327301,-1.0
0.0523694513249211,0.009754971193615347,33,0.24878687201999128,0.000639363022683212,0,88.39999990463257,0.30527486562728884,-1.0
0.053101572731975466,0.012811638764105737,34,0.2639042418450117,0.0006205554551086735,0,92.3999993801117,0.2669353567361832,-1.0
0.04928984196158126,0.008723110775463283,35,0.23229514597915113,0.0006015697093979838,0,92.60000004768372,0.22997375941276552,-1.0
0.048798461037222296,0.006377047742716968,36,0.22132793185301125,0.0005824350601949146,0,94.19999938011169,0.20007418715953826,-1.0
0.04896967997774482,0.0121595420059748,37,0.24474392901174724,0.0005631810117416299,0,94.20000052452087,0.18003809869289397,-1.0
0.05650870758108795,0.012883070681709796,38,0.27780213486403227,0.0005438372523852835,0,94.6000002861023,0.17073350393772124,-1.0
0.05670766060939059,0.012476376665290445,39,0.2769669140689075,0.0005244336088007391,0,95.79999933242797,0.14319797384738922,-1.0
0.05995574500411749,0.013032837014179677,40,0.2921775230206549,0.0005050000000000001,0,97.19999933242798,0.12656505286693573,-1.0
0.05421271704835817,0.01299071399262175,41,0.26906251604668796,0.0004855663911992613,0,97.19999957084656,0.11671496152877808,-1.0
0.05362006899667904,0.005831004993524402,42,0.2381926979869604,0.00046616274761471693,0,98.20000047683716,0.08748765629529953,-1.0
0.055054317228496075,0.00829594099195674,43,0.2537100960034877,0.00044681898825837057,0,97.99999957084655,0.08810468882322312,-1.0
0.05528735852567479,0.007413306680973619,44,0.2510872669517994,0.000427564939805086,0,98.00000047683716,0.06826823109388351,-1.0
0.05615719349589199,0.014645097020547837,45,0.2834859371650964,0.00040843029060201667,0,99.40000023841858,0.0555260953605175,-1.0
0.05923589918529615,0.005923072574660182,46,0.26091569708660245,0.000389444544891327,0,98.19999957084656,0.06411674100160598,-1.0
0.059223543270491064,0.012682702974416316,47,0.2879372329916805,0.0003706369773167883,0,99.4,0.04386993718147278,-1.0
0.05745664017740637,0.006382445280905813,48,0.2556345979683101,0.0003520365877844012,0,99.6,0.04295871889591217,-1.0
0.06193639850243926,0.01295242179185152,49,0.2999276490882039,0.0003336720567466412,0,99.6,0.040415656328201294,-1.0
0.05758999951649457,0.007974339532665908,50,0.2625765628181398,0.0003155717009792807,0,99.2,0.043986978501081464,-1.0
0.0602311521070078,0.006457570649217814,51,0.2669945100788027,0.00029776342991897335,0,99.8,0.030672828122973443,-1.0
0.05954727856442332,0.006058510218281299,52,0.2626668489538133,0.00028027470262892445,0,99.4,0.03510585890710354,-1.0
0.05213198566343635,0.009434859326574951,53,0.24650280200876296,0.0002631324854590073,0,99.4,0.02792332872748375,-1.0
0.05663201701827347,0.012785552011337131,54,0.27790813404135406,0.0002463632104656054,0,100.0,0.019616674967110156,-1.0
0.056809019995853305,0.013459932000841945,55,0.28131871111691,0.0002299927346552969,0,99.8,0.02080158694088459,-1.0
0.07070286700036377,0.01415614178404212,56,0.3397029251791537,0.00021404630011522587,0,99.8,0.018263897240161895,-1.0
0.07975387125043198,0.00603650975972414,57,0.34340910497121513,0.00019854849509163232,0,99.8,0.020297832429409027,-1.0
0.08253568201325834,0.014664277958218008,58,0.3890686328522861,0.00018352321607655918,0,100.0,0.012310160890221595,-1.0
0.0877840542816557,0.009146665222942829,59,0.3879600730724633,0.00016899363096119395,0,100.0,0.012163910202682019,-1.0
0.08467053173808381,0.013022484257817268,60,0.39102631504647434,0.000154982143312659,0,100.0,0.012966656520962716,-1.0
0.08621887274784967,0.01374440302606672,61,0.4001009128987789,0.0001415103578293356,0,99.8,0.015214226566255092,-1.0
0.08756809076294303,0.013462388247717172,62,0.4043642790056765,0.0001285990470279847,0,100.0,0.008335647381842136,-1.0
0.08497953193727881,0.009602760546840727,63,0.37858738703653216,0.0001162681192140312,0,100.0,0.008522972084581852,-1.0
0.09134189452743158,0.015472385683096945,64,0.4274949070531875,0.00010453658778440107,0,100.0,0.009352258510887623,-1.0
0.08343543449882418,0.006216900248546153,65,0.35887559689581394,9.342254191024022e-05,0,100.0,0.010408296376466751,-1.0
0.08051289030117914,0.014734310214407742,66,0.3812449760735035,8.294311864472437e-05,0,100.0,0.010098458308726549,-1.0
0.07401052280329168,0.008955816447269171,67,0.3321116359438747,7.311447649896551e-05,0,100.0,0.009353448919951915,-1.0
0.08190902840578929,0.013088876323308796,68,0.3802336018998176,6.395177052675794e-05,0,100.0,0.0077046132683753965,-1.0
0.08466852846322581,0.010497726034373045,69,0.3809061290230602,5.546912895658472e-05,0,100.0,0.009599574945867061,-1.0
0.08570735930697992,0.012430001923348755,70,0.39279692503623664,4.767963140691306e-05,0,100.0,0.0074513483084738255,-1.0
0.07849153043935075,0.006109118810854852,71,0.33864701399579644,4.059528871837034e-05,0,100.0,0.009711046189069749,-1.0
0.0813171670306474,0.008269942190963775,72,0.3586394330486655,3.4227024433899e-05,0,100.0,0.011032615125179291,-1.0
0.07104421744588763,0.006921883556060493,73,0.3121475188527256,2.8584657955444653e-05,0,100.0,0.010564316719770431,-1.0
0.08452317031333223,0.009440788649953902,74,0.3761384589597583,2.367688940315011e-05,0,100.0,0.008582357116043568,-1.0
0.08068986085709184,0.012635424616746604,75,0.37354825204238296,1.951128620040094e-05,0,100.0,0.006604692965745926,-1.0
0.07806257880292833,0.009510715201031417,76,0.3505370521452278,1.6094271405406862e-05,0,100.0,0.00782852530479431,-1.0
0.08025847200769931,0.007679412723518908,77,0.35201033600606024,1.3431113807311488e-05,0,100.0,0.0072782161757349965,-1.0
0.0801987869781442,0.007987542019691318,78,0.3529806190636009,1.1525919802101659e-05,0,100.0,0.006996733218431473,-1.0
0.0839430220075883,0.006053385208360851,79,0.3602359239012003,1.0381627060842164e-05,0,100.0,0.006924311202019453,-1.0
0.08687694073887542,0.0060744042857550085,80,0.37203746708109975,1e-05,0,100.0,0.006819222934544087,-1.0
0.08383182683028281,0.03169071655720472,1,0.5778772139456123,0.000999618372939158,1,13.5,2.4175921567281087,-1.0
0.09689755961298943,0.0054429549723863605,2,0.5119928680360317,0.0009984740801978985,1,23.833333373069763,2.100025243759155,-1.0
0.09548440319485962,0.008396270032972098,3,0.519700770964846,0.0009965688861926887,1,28.166666944821674,1.9427388461430868,-1.0
0.09333643638528884,0.008023830223828554,4,0.507056645816192,0.0009939057285945933,1,31.50000007947286,1.8160337766011556,-1.0
0.09072759738191963,0.007786989584565163,5,0.4928318941965699,0.0009904887137995992,1,34.99999996026357,1.7190330044428508,-1.0
0.09604604840278626,0.010125291207805276,6,0.5312318790238351,0.00098632311059685,1,39.00000015894572,1.6368658494949342,-1.0
0.09614073396660387,0.006270212028175593,7,0.5123678378295153,0.0009814153420445555,1,41.66666706403097,1.5702831490834555,-1.0
0.09558230540715158,0.010216035367920994,8,0.5292886588722467,0.0009757729755661012,1,47.00000023841858,1.4990927139918009,-1.0
0.09320022882893682,0.005069505795836449,9,0.49165079393424094,0.0009694047112816298,1,46.33333365122477,1.4562304147084555,-1.0
0.09286162536591291,0.01028646263293922,10,0.5160352811217308,0.0009623203685930871,1,48.50000035762787,1.4071298694610597,-1.0
0.0945598064456135,0.012082017585635185,11,0.5335001461207867,0.0009545308710434153,1,47.83333373069763,1.4406485970815022,-1.0
0.0959696877747774,0.007634160621091723,12,0.5183151059318334,0.0009460482294732422,1,49.83333365122477,1.333947172164917,-1.0
0.09177387272939086,0.009736312460154295,13,0.5078276412095875,0.0009368855235010348,1,52.333333333333336,1.2609673897425333,-1.0
0.0939691879786551,0.01024743621237576,14,0.5213639009743929,0.0009270568813552758,1,55.33333396911621,1.183801426887512,-1.0
0.09375806180760264,0.005061508016660809,15,0.4943908080458641,0.0009165774580897602,1,56.33333365122477,1.119632239341736,-1.0
0.09187404662370682,0.008942976361140609,16,0.5043634520843625,0.0009054634122155992,1,59.00000015894572,1.1015009784698486,-1.0
0.05368129480630159,0.010198622802272439,17,0.319680348969996,0.0008937318807859689,1,60.333333333333336,1.0911601209640502,-1.0
0.05400984287261963,0.010101084923371672,18,0.32083777198567986,0.0008814009529720156,1,61.666666746139526,1.0707992474238077,-1.0
0.06220147404819727,0.00990427415817976,19,0.36080934200435877,0.0008684896421706646,1,63.66666714350382,0.9572425858179728,-1.0
0.0785810072440654,0.006465308368206024,20,0.4255183569621295,0.0008550178566873412,1,68.83333373069763,0.8487939707438151,-1.0
0.056991231674328444,0.007024875935167074,21,0.32035463815554976,0.0008410063690388064,1,66.33333396911621,0.8749035882949829,-1.0
0.057078171614557506,0.009899579361081124,22,0.3351718778721988,0.0008264767839234412,1,72.66666714350383,0.7583077200253805,-1.0
0.04462506240233779,0.00972967678681016,23,0.27203077101148665,0.000811451504908368,1,72.50000047683716,0.7537629024187724,-1.0
0.07147302078083158,0.005529749020934105,24,0.3852987459395081,0.0007959536998847743,1,74.83333357175191,0.7107973074913025,-1.0
0.09637166601605714,0.008169127581641077,25,0.5229974579997361,0.0007800072653447032,1,70.83333396911621,0.7707979234059652,-1.0
0.09981780266389251,0.00487584974616766,26,0.5237595580983907,0.0007636367895343947,1,76.50000023841858,0.6529336714744568,-1.0
0.09727336843498051,0.007735708355903625,27,0.5252825398929417,0.0007468675145409928,1,78.16666730244954,0.6350261648495992,-1.0
0.08856273116543889,0.005131342820823193,28,0.468704320024699,0.0007297252973710758,1,81.00000015894572,0.5481995475292206,-1.0
0.09806226342916488,0.00847660838626325,29,0.5329333359841257,0.0007122365700810271,1,81.16666730244954,0.5082437181472779,-1.0
0.09499031701125205,0.008371819369494915,30,0.5170499999076128,0.0006944282990207196,1,82.00000055631001,0.4961465001106262,-1.0
0.09460544679313898,0.008117876993492246,31,0.5138741449918598,0.0006763279432533592,1,84.16666674613953,0.44706243673960366,-1.0
0.09244791548699141,0.011059270147234202,32,0.5177800939418375,0.0006579634122155992,1,86.50000007947285,0.4155314532915751,-1.0
0.0919579802080989,0.007611706806346774,33,0.49809623695909977,0.000639363022683212,1,84.66666666666667,0.4121530206998189,-1.0
0.09551041191443801,0.010291562275961041,34,0.5292569210287184,0.0006205554551086735,1,86.1666669845581,0.40380140860875446,-1.0
0.09429646003991365,0.008639950770884752,35,0.5149370450526476,0.0006015697093979838,1,86.50000023841858,0.3642806561787923,-1.0
0.09076069900766015,0.008845246396958828,36,0.4982717188540846,0.0005824350601949146,1,90.50000047683716,0.3038035734494527,-1.0
0.09559345818124712,0.005821103602647782,37,0.5073150109965354,0.0005631810117416299,1,92.00000079472859,0.26268229007720945,-1.0
0.09667439293116331,0.005004292447119951,38,0.5086313330102712,0.0005438372523852835,1,91.66666706403096,0.2622598135471344,-1.0
0.09603535579517483,0.005165005195885896,39,0.5062549139838666,0.0005244336088007391,1,92.00000071525574,0.2309398905436198,-1.0
0.05673422059044242,0.01127005140297115,40,0.34027278679423034,0.0005050000000000001,1,94.8333334128062,0.17020876169204713,-1.0
0.059389257011935113,0.010379657801240682,41,0.3490826201159507,0.0004855663911992613,1,95.83333396911621,0.16935890376567841,-1.0
0.060320425080135465,0.010499109094962478,42,0.35432679392397404,0.00046616274761471693,1,97.83333381017049,0.12079506099224091,-1.0
0.0797193398233503,0.00710150096565485,43,0.43433276703581214,0.00044681898825837057,1,97.16666746139526,0.10884990890820821,-1.0
0.05770864207297564,0.007301063509657979,44,0.325282788136974,0.000427564939805086,1,98.00000063578288,0.09904054065545399,-1.0
0.05740789175033569,0.011310279415920377,45,0.34382150205783546,0.00040843029060201667,1,97.16666714350383,0.10572228699922562,-1.0
0.06906723398715257,0.007375218626111746,46,0.38246772601269186,0.000389444544891327,1,97.50000063578288,0.09909376541773478,-1.0
0.07575214868411421,0.009849624522030354,47,0.42870235396549106,0.0003706369773167883,1,98.33333349227905,0.0699754044910272,-1.0
0.08339696945622563,0.010767931584268808,48,0.4710665170568973,0.0003520365877844012,1,98.00000047683716,0.07680453211069108,-1.0
0.0820153544191271,0.012658046185970306,49,0.4736087138298899,0.0003336720567466412,1,98.16666714350383,0.06748578280210495,-1.0
0.08148571937344969,0.008009973214939237,50,0.4477178421802819,0.0003155717009792807,1,98.50000031789143,0.06107004682223002,-1.0
0.08039034879766405,0.007572381990030408,51,0.4400721020065248,0.00029776342991897335,1,98.83333349227905,0.05793442358573278,-1.0
0.08377590076997876,0.00793772521428764,52,0.4588174629025161,0.00028027470262892445,1,99.33333349227905,0.04854788492123286,-1.0
0.0816673553083092,0.006485720723867416,53,0.44101269100792706,0.0002631324854590073,1,99.00000015894572,0.04709959829847018,-1.0
0.08771646041423083,0.005108806351199746,54,0.46436842577531934,0.0002463632104656054,1,99.66666666666667,0.037738517497976624,-1.0
0.0815885148011148,0.004849897371605039,55,0.4324342831969261,0.0002299927346552969,1,99.6666669845581,0.03042434960603714,-1.0
0.08356111743487418,0.006411647563800216,56,0.45010298304259777,0.00021404630011522587,1,99.83333333333333,0.028010370011130967,-1.0
0.08195713721215725,0.007657162984833122,57,0.4483072238508612,0.00019854849509163232,1,99.50000015894572,0.03251314838727315,-1.0
0.08341882620006799,0.010794060584157706,58,0.47132377210073173,0.00018352321607655918,1,99.83333333333333,0.024204788853724797,-1.0
0.08565171184018254,0.005164005560800433,59,0.45436130999587476,0.00016899363096119395,1,99.83333333333333,0.025069368208448094,-1.0
0.08424328500404954,0.004964602598920465,60,0.4462855360470712,0.000154982143312659,1,99.66666666666667,0.021517557352781297,-1.0
0.0849397239740938,0.005920163635164499,61,0.4545383059885353,0.0001415103578293356,1,99.33333381017049,0.021996159503857294,-1.0
0.08457924355752766,0.00873151826672256,62,0.4668112238869071,0.0001285990470279847,1,99.83333333333333,0.016908171909550827,-1.0
0.08466105433180929,0.006075819069519639,63,0.4539347509853542,0.0001162681192140312,1,100.0,0.015394690906008085,-1.0
0.08023458761163056,0.006628650613129139,64,0.43455151398666203,0.00010453658778440107,1,99.66666666666667,0.021439015604555606,-1.0
0.08564172871410847,0.007007891079410911,65,0.463507616892457,9.342254191024022e-05,1,99.83333333333333,0.019618557716409364,-1.0
0.08399175414815545,0.006490013049915433,66,0.45266098412685096,8.294311864472437e-05,1,99.83333349227905,0.015378639101982117,-1.0
0.08423176161013543,0.008026608172804118,67,0.46153773716650903,7.311447649896551e-05,1,99.83333333333333,0.012559422080715497,-1.0
0.0829682090319693,0.007028850167989731,68,0.45024758903309703,6.395177052675794e-05,1,100.0,0.011014120442171892,-1.0
0.08078522197902202,0.006502413842827082,69,0.43667610618285835,5.546912895658472e-05,1,100.0,0.010695877733329933,-1.0
0.08188119139522314,0.006226630602031946,70,0.44078488810919225,4.767963140691306e-05,1,100.0,0.01163714900612831,-1.0
0.08619973082095385,0.010438091354444623,71,0.4834373730700463,4.059528871837034e-05,1,100.0,0.011917283001045387,-1.0
0.08220589188858866,0.007719586323946715,72,0.45030933199450374,3.4227024433899e-05,1,100.0,0.01101175308227539,-1.0
0.08503028717823327,0.007483779639005661,73,0.4628234931733459,2.8584657955444653e-05,1,100.0,0.011084817474087079,-1.0
0.08566980925388634,0.011480684531852603,74,0.48600473697297275,2.367688940315011e-05,1,99.83333333333333,0.013232942832012972,-1.0
0.08095823372714221,0.00854242229834199,75,0.4477403948549181,1.951128620040094e-05,1,100.0,0.008862971886992454,-1.0
0.08089847774244845,0.007962440047413111,76,0.4445521298330277,1.6094271405406862e-05,1,100.0,0.009868571385741234,-1.0
0.08565479437820614,0.005158563423901796,77,0.4543047759216279,1.3431113807311488e-05,1,100.0,0.014034315794706344,-1.0
0.08594873305410147,0.011096987966448068,78,0.48548064404167235,1.1525919802101659e-05,1,100.0,0.008539145415027937,-1.0
0.08458588374778628,0.007660610228776931,79,0.461481642909348,1.0381627060842164e-05,1,99.83333333333333,0.011980380987127622,-1.0
0.08305481718853117,0.004788096202537418,80,0.43948489194735885,1e-05,1,100.0,0.012103580087423325,-1.0
0.09846740666156013,0.027699296013452113,1,0.7573049131315202,0.000999618372939158,2,15.714285867554802,2.3754481656210764,-1.0
0.09213114436715841,0.004430977317194144,2,0.5797023440245539,0.0009984740801978985,2,23.285714524132864,2.119912714276995,-1.0
0.08814927601876359,0.004413045787562926,3,0.5556810011621565,0.0009965688861926887,2,29.285714387893677,1.9327708217075892,-1.0
0.09191854604675125,0.004027212620712817,4,0.5759539809077978,0.0009939057285945933,2,30.571428690637863,1.8352448408944266,-1.0
0.09279433253686875,0.006233358096020917,5,0.5944040811154991,0.0009904887137995992,2,37.57142863954817,1.7117506183896747,-1.0
0.09286764384402584,0.008571241012153527,6,0.6088824430480599,0.00098632311059685,2,37.571428877966746,1.646778039251055,-1.0
0.091789433072942,0.004379913948165874,7,0.5773027099203318,0.0009814153420445555,2,41.85714304447174,1.567018084526062,-1.0
0.09543341813453783,0.009082002332434058,8,0.6273852421436459,0.0009757729755661012,2,44.57142877578735,1.5468216800689698,-1.0
0.09191218309570104,0.009103412895152966,9,0.6063418569974601,0.0009694047112816298,2,44.4285718032292,1.5046218020575388,-1.0
0.0937758875079453,0.003899871992568175,10,0.5863451422192156,0.0009623203685930871,2,45.14285727909633,1.4648898294993808,-1.0
0.09337954898364842,0.00962163736888518,11,0.6182961908634752,0.0009545308710434153,2,47.57142857142857,1.3890054798126221,-1.0
0.09379177800534914,0.004499816995424529,12,0.5900336948689073,0.0009460482294732422,2,48.0000000681196,1.3835766771861484,-1.0
0.07072764514790227,0.006727564497850835,13,0.4650139508303255,0.0009368855235010348,2,46.71428598676409,1.3991549941471644,-1.0
0.052686701101871826,0.006317231881742676,14,0.35430546989664435,0.0009270568813552758,2,50.4285717351096,1.309413173539298,-1.0
0.055920992706281446,0.008283293146329621,15,0.3855064860545099,0.0009165774580897602,2,53.00000023841858,1.2814674636295864,-1.0
0.08065862181441237,0.006644869533677896,16,0.5240557200741023,0.0009054634122155992,2,54.00000013623919,1.2009801156180246,-1.0
0.05554080017221471,0.008036182805274924,17,0.3817045111209154,0.0008937318807859689,2,60.00000034059797,1.1275822625841414,-1.0
0.03195184601160387,0.0067698634617651505,18,0.23264679103158414,0.0008814009529720156,2,56.0,1.1559746476582118,-1.0
0.06285830847142886,0.006081525702029467,19,0.4138697311282158,0.0008684896421706646,2,59.28571466037205,1.0801571001325334,-1.0
0.08625470571375142,0.004078691281999151,20,0.5422563559841365,0.0008550178566873412,2,59.14285724503653,1.054469791139875,-1.0
0.08847298636101186,0.008377191804659864,21,0.5813506119884551,0.0008410063690388064,2,62.42857166699001,0.9846288081577846,-1.0
0.09198070220494022,0.0057856444812690215,22,0.586842976976186,0.0008264767839234412,2,65.57142904826573,0.9224747487476894,-1.0
0.08950612154634048,0.00684184111499538,23,0.5783287258818746,0.000811451504908368,2,67.28571483067104,0.8929704441343035,-1.0
0.09179819099760304,0.008163501508533955,24,0.6000238950364292,0.0007959536998847743,2,67.57142891202655,0.8627970552444458,-1.0
0.0918821431696415,0.007997459848411381,25,0.5995181589387357,0.0007800072653447032,2,70.00000040871757,0.8193601598058428,-1.0
0.09262171236332506,0.006792907641890149,26,0.5967203681357205,0.0007636367895343947,2,71.85714312962124,0.7334224707739694,-1.0
0.08995303930714726,0.009102875211586555,27,0.5945779699832201,0.0007468675145409928,2,73.42857197352818,0.7485807013511657,-1.0
0.09217438586832334,0.006383225632210572,28,0.5915793390013278,0.0007297252973710758,2,73.85714340209961,0.6845303692136492,-1.0
0.09479291030826668,0.004337383861032625,29,0.5950309191830456,0.0007122365700810271,2,76.28571455819267,0.6895921962601798,-1.0
0.09144492986767243,0.004315744813842078,30,0.5748005828354508,0.0006944282990207196,2,74.85714336803981,0.6833612932477678,-1.0
0.09383889330395807,0.008832059839429954,31,0.6162711661309004,0.0006763279432533592,2,78.57142918450492,0.5916148373058864,-1.0
0.09145653088732313,0.008118814943979183,32,0.5976858341600746,0.0006579634122155992,2,83.4285717691694,0.4853689840861729,-1.0
0.05754970196479311,0.005641091188105444,33,0.3793743518181145,0.000639363022683212,2,82.42857180322919,0.4639137744903564,-1.0
0.054746946513963245,0.00411386217456311,34,0.3534010660368949,0.0006205554551086735,2,83.00000023841858,0.44180361202784946,-1.0
0.05776843603234738,0.005223729453670482,35,0.37819082010537386,0.0006015697093979838,2,84.28571489879063,0.43224382638931275,-1.0
0.07783724515077968,0.004571188862125079,36,0.49471487989649177,0.0005824350601949146,2,87.71428602082389,0.3532464963197708,-1.0
0.04162155701002727,0.004091919477408131,37,0.27450831001624465,0.0005631810117416299,2,89.28571472849164,0.34200014778545923,-1.0
0.05314361684334775,0.007475201156921685,38,0.3639457868412137,0.0005438372523852835,2,89.14285748345512,0.32244484169142584,-1.0
0.05109684503016373,0.00859042132894198,39,0.35835745790973306,0.0005244336088007391,2,88.8571434361594,0.3374200597831181,-1.0
0.05102544832819452,0.004474206827580929,40,0.33322074403986335,0.0005050000000000001,2,91.14285748345512,0.28002441338130407,-1.0
0.07689743768423796,0.0056709941709414124,41,0.49564699502661824,0.0004855663911992613,2,90.71428615706307,0.2714421789986747,-1.0
0.07576764576757948,0.008771153554941217,42,0.5074808681383729,0.00046616274761471693,2,92.1428576196943,0.24322213905198234,-1.0
0.0818811496719718,0.005559593865958353,43,0.5248768199235201,0.00044681898825837057,2,95.28571459225246,0.19013582382883346,-1.0
0.07810304985226442,0.004686593310907483,44,0.49697396298870444,0.000427564939805086,2,94.00000027247837,0.17801631220749448,-1.0
0.08031172219974299,0.0038137498001257577,45,0.5050031871069223,0.00040843029060201667,2,94.71428615706307,0.15958086354391915,-1.0
0.08437341020908207,0.0053637508147706585,46,0.5387265088502318,0.000389444544891327,2,95.28571469443185,0.15520257013184682,-1.0
0.08274664904456586,0.010825544983769456,47,0.5617226881440729,0.0003706369773167883,2,94.85714316368103,0.14415093175002508,-1.0
0.08132697797069947,0.006574851033898692,48,0.527692625997588,0.0003520365877844012,2,96.57142884390694,0.11417406401463917,-1.0
0.08122299867682159,0.008728954009711742,49,0.5399894709698856,0.0003336720567466412,2,98.4285717010498,0.08243867605924607,-1.0
0.07950758829247206,0.008403659875815114,50,0.527760166907683,0.0003155717009792807,2,98.28571493285042,0.08451426003660474,-1.0
0.07944671184911083,0.008771811340314647,51,0.5295937228947878,0.00029776342991897335,2,97.57142898014614,0.08271870906863894,-1.0
0.08184051040249567,0.004530480946414173,52,0.5185120168607682,0.00028027470262892445,2,99.14285778999329,0.06130159948553358,-1.0
0.06709214885874341,0.010192748974077404,53,0.46399457403458655,0.0002631324854590073,2,98.85714285714286,0.06390878951975278,-1.0
0.07253742481892307,0.005163209008363386,54,0.4664883790537715,0.0002463632104656054,2,99.71428571428571,0.041121627454246794,-1.0
0.08246300920533638,0.004137278961328168,55,0.5199155788868666,0.0002299927346552969,2,98.57142921856472,0.06103781448943275,-1.0
0.07996165981361021,0.0050447831939285,56,0.5104164329823107,0.00021404630011522587,2,99.42857142857143,0.03087157815694809,-1.0
0.08122615500663717,0.005928289649697642,57,0.5231541080866009,0.00019854849509163232,2,99.71428636142186,0.031475710081202646,-1.0
0.0791647663184752,0.0055186728325982886,58,0.5083290669135749,0.00018352321607655918,2,99.71428571428571,0.03596967162830489,-1.0
0.08305339464762558,0.008670180841969946,59,0.5506288739852607,0.00016899363096119395,2,99.57142857142857,0.028099084762590272,-1.0
0.07913463263927649,0.004095473520768185,60,0.49966278905048966,0.000154982143312659,2,99.85714285714286,0.029101574037756237,-1.0
0.08009602416617174,0.006175781988228361,61,0.5179206510074437,0.0001415103578293356,2,99.857143504279,0.023229081162384577,-1.0
0.0831510122710218,0.004123218396368126,62,0.5239235099870712,0.0001285990470279847,2,99.85714285714286,0.018772203975490162,-1.0
0.08496997311400871,0.0069852127150322,63,0.5520141678862274,0.0001162681192140312,2,99.28571493285042,0.02814315649015563,-1.0
0.08245038349802296,0.008047362867121896,64,0.5432845950126648,0.00010453658778440107,2,100.0,0.019532085657119752,-1.0
0.08232010035620381,0.0044392359753449755,65,0.5208395218942314,9.342254191024022e-05,2,100.0,0.01848617319549833,-1.0
0.08369012995778273,0.008015718854342898,66,0.5505158139858395,8.294311864472437e-05,2,100.0,0.021464048102498055,-1.0
0.08193132285183917,0.006117836805060506,67,0.5285383020527661,7.311447649896551e-05,2,100.0,0.017680091676967484,-1.0
0.08464554239374895,0.00858546393768241,68,0.5596817599143833,6.395177052675794e-05,2,100.0,0.01197974793612957,-1.0
0.08022177801467478,0.008604159811511636,69,0.5331904280465096,5.546912895658472e-05,2,99.85714285714286,0.011868244888527052,-1.0
0.08094762486871332,0.008135528109657267,70,0.5347400500904769,4.767963140691306e-05,2,100.0,0.014818096341831344,-1.0
0.08274095004890114,0.0067614291328936815,71,0.5373040880076587,4.059528871837034e-05,2,100.0,0.013557320907711983,-1.0
0.07967463997192681,0.004414252160737912,72,0.5048647688236088,3.4227024433899e-05,2,99.57142884390694,0.01718614461166518,-1.0
0.08463092218153179,0.0064686086649696035,73,0.5468920371495187,2.8584657955444653e-05,2,100.0,0.012012758425303869,-1.0
0.08356232677275936,0.004195035706895093,74,0.5267825108021498,2.367688940315011e-05,2,99.85714285714286,0.01303228956248079,-1.0
0.08180477803883453,0.00652286196903636,75,0.5302016020286828,1.951128620040094e-05,2,100.0,0.01338581430060523,-1.0
0.08370843913871795,0.005857578517558674,76,0.537631900049746,1.6094271405406862e-05,2,99.85714285714286,0.013059033352349486,-1.0
0.07868888857774436,0.006706189558220406,77,0.5126179289072752,1.3431113807311488e-05,2,100.0,0.010956366573061262,-1.0
0.08263444718128692,0.004868621317048867,78,0.5253419149667025,1.1525919802101659e-05,2,100.0,0.011811637463314192,-1.0
0.08241480619957049,0.009166584466584027,79,0.5497807119973004,1.0381627060842164e-05,2,100.0,0.012050158849784305,-1.0
0.0826204646533976,0.00932201351194332,80,0.551943572005257,1e-05,2,99.857143504279,0.013364805919783456,-1.0
0.099216054991952,0.02345328385542546,1,0.8589556659571826,0.000999618372939158,3,18.625,2.3263844299316405,-1.0
0.09302964054846338,0.004124107604314174,2,0.6803562350105494,0.0009984740801978985,3,23.25,2.022334671020508,-1.0
0.08829832655776824,0.005805660005924957,3,0.6590498180594295,0.0009965688861926887,3,28.5,1.917798309326172,-1.0
0.09197474786612604,0.005989655386656523,4,0.6860106918029487,0.0009939057285945933,3,29.875,1.8172691345214844,-1.0
0.09286086347752384,0.005677091656252742,5,0.6900097010657191,0.0009904887137995992,3,34.0,1.8132709503173827,-1.0
0.09396473358252219,0.007590261254725712,6,0.7111332849599421,0.00098632311059685,3,37.875,1.7119246673583985,-1.0
0.09598042366893164,0.005491274774872831,7,0.7106055750045925,0.0009814153420445555,3,36.5,1.6692523193359374,-1.0
0.09295777284673282,0.0055788504625005385,8,0.690058384090662,0.0009757729755661012,3,38.75,1.6144123840332032,-1.0
0.092366839260129,0.007227759741778884,9,0.6974546310957521,0.0009694047112816298,3,42.875,1.6043688583374023,-1.0
0.09287962280879063,0.0052168053308767936,10,0.6869150770362467,0.0009623203685930871,3,39.875,1.5891326904296874,-1.0
0.08685229818469711,0.007017022663993495,11,0.6573867769911885,0.0009545308710434153,3,44.75,1.507171859741211,-1.0
0.05173595386025097,0.00733498899665262,12,0.41375594888813794,0.0009460482294732422,3,45.0,1.447216682434082,-1.0
0.05537101756116109,0.003783117015180843,13,0.41435991204343736,0.0009368855235010348,3,45.375,1.4256087112426759,-1.0
0.07416274784398931,0.005580926280734795,14,0.5586349221412092,0.0009270568813552758,3,46.125,1.41003475189209,-1.0
0.05503776030881064,0.006330814844529543,15,0.4299328438937664,0.0009165774580897602,3,49.0,1.3955313110351562,-1.0
0.05632251244969666,0.00396705255843699,16,0.42230404005385935,0.0009054634122155992,3,48.625,1.3659207725524902,-1.0
0.06935413780489139,0.0035041121965540306,17,0.5102337179705501,0.0008937318807859689,3,50.375,1.357992935180664,-1.0
0.04485605244657823,0.005450376542285085,18,0.3523828599136323,0.0008814009529720156,3,51.625,1.2674312019348144,-1.0
0.08362372455719326,0.006018604750611952,19,0.6277577858418226,0.0008684896421706646,3,51.875,1.2774420738220216,-1.0
0.09310676446849746,0.007475473518882479,20,0.7043753450270742,0.0008550178566873412,3,55.25,1.277266159057617,-1.0
0.09185881413785475,0.004236530146694609,21,0.6729490219149739,0.0008410063690388064,3,56.625,1.1545385932922363,-1.0
0.0845387618589614,0.00767893557037626,22,0.645822528982535,0.0008264767839234412,3,57.125,1.1108608055114746,-1.0
0.09012485039420426,0.00764286271961672,23,0.6846160239074379,0.000811451504908368,3,56.875,1.1215541076660156,-1.0
0.09188942315189966,0.006926068969603095,24,0.6919455991592258,0.0007959536998847743,3,57.375,1.1250745582580566,-1.0
0.09250635108245271,0.008351561214242662,25,0.7062389149796218,0.0007800072653447032,3,60.375,1.06088623046875,-1.0
0.09255608127984617,0.0038392149976321627,26,0.6750132332090288,0.0007636367895343947,3,63.0,1.0002913093566894,-1.0
0.09193149159130241,0.006227285700983235,27,0.6874028870370239,0.0007468675145409928,3,62.5,0.9754854583740235,-1.0
0.09370069957471319,0.006201338289039475,28,0.6995579600334167,0.0007297252973710758,3,63.0,0.9685320091247559,-1.0
0.09244358147095356,0.005845284821199519,29,0.6882620640099049,0.0007122365700810271,3,66.375,0.889556097984314,-1.0
0.08959851354094488,0.003837124743898,30,0.654346422990784,0.0006944282990207196,3,70.0,0.8095516777038574,-1.0
0.055889150726475885,0.007779816431658608,31,0.4459670949727297,0.0006763279432533592,3,71.625,0.7935633015632629,-1.0
0.05659241531975567,0.005333109525963664,32,0.43376269889995456,0.0006579634122155992,3,72.625,0.7133186721801758,-1.0
0.06837964859525007,0.005724355412114944,33,0.5189872158225626,0.000639363022683212,3,73.375,0.7269477319717407,-1.0
0.05808054798814867,0.004367310420743057,34,0.43738362193107605,0.0006205554551086735,3,75.25,0.6677550029754639,-1.0
0.05340653724436249,0.005986041489190289,35,0.4159862380474806,0.0006015697093979838,3,77.125,0.6291206908226014,-1.0
0.05214327826563801,0.007612664585134813,36,0.41852291696704924,0.0005824350601949146,3,74.5,0.6650324416160583,-1.0
0.0673179130868188,0.006770589189337832,37,0.518856120062992,0.0005631810117416299,3,77.625,0.5967125129699707,-1.0
0.07155391770148915,0.005305873163576637,38,0.5382641048636287,0.0005438372523852835,3,78.75,0.5786651849746705,-1.0
0.07871104756902371,0.007624171840559159,39,0.6045984730590135,0.0005244336088007391,3,80.375,0.5379710578918457,-1.0
0.07940954498813621,0.003869782468037946,40,0.5831913959700614,0.0005050000000000001,3,81.875,0.4810176467895508,-1.0
0.07969439285807312,0.008609629269423229,41,0.6183658610098064,0.0004855663911992613,3,83.375,0.47485904693603515,-1.0
0.0814058618686561,0.00538814310649676,42,0.6077994471415877,0.00046616274761471693,3,83.5,0.428249249458313,-1.0
0.07929338687764746,0.006809866554769022,43,0.6029602491762489,0.00044681898825837057,3,87.0,0.38846938371658324,-1.0
0.07969047012738883,0.005370930302888155,44,0.5956724458374083,0.000427564939805086,3,88.0,0.3499008369445801,-1.0
0.08146952428588909,0.005139326277588095,45,0.606494041858241,0.00040843029060201667,3,89.5,0.3054209840297699,-1.0
0.07947640247376901,0.003787428805870669,46,0.5830792968627065,0.000389444544891327,3,91.25,0.2768242609500885,-1.0
0.08314818210367646,0.006015772033216698,47,0.6243901830166578,0.0003706369773167883,3,92.125,0.2828942030668259,-1.0
0.08112245029769838,0.0065075180027633905,48,0.6136512500233948,0.0003520365877844012,3,94.25,0.22355897545814515,-1.0
0.08249717604901109,0.003786723661635603,49,0.6042492899578065,0.0003336720567466412,3,91.625,0.24714147210121154,-1.0
0.08236259461513587,0.00417456280307046,50,0.6059997910633683,0.0003155717009792807,3,94.125,0.18549385905265808,-1.0
0.08288398261980287,0.008039324810462338,51,0.6367053650319576,0.00029776342991897335,3,93.875,0.19208449482917786,-1.0
0.08411513894264187,0.005818476335012487,52,0.6297721609007567,0.00028027470262892445,3,94.75,0.16564658403396607,-1.0
0.08431592530437879,0.00422525469080678,53,0.6200244138017297,0.0002631324854590073,3,95.375,0.14899970710277557,-1.0
0.08261746883259288,0.003414463484659791,54,0.6024527901317924,0.0002463632104656054,3,95.25,0.13831910610198975,-1.0
0.08281464016597186,0.005440678813361696,55,0.618031739955768,0.0002299927346552969,3,97.25,0.11482551455497741,-1.0
0.08147184623937521,0.005640242015942931,56,0.6100257909856737,0.00021404630011522587,3,96.625,0.12042961239814759,-1.0
0.08123200985469989,0.00904458757889058,57,0.6321778739802539,0.00019854849509163232,3,98.25,0.09445690631866455,-1.0
0.08567050106025167,0.0077611598119671854,58,0.6542577401269227,0.00018352321607655918,3,98.375,0.09409311473369598,-1.0
0.08230488235130906,0.0064886383645768675,59,0.6217848788946867,0.00016899363096119395,3,98.25,0.0732132214307785,-1.0
0.08206421918501812,0.005393807244087968,60,0.6124340170063078,0.000154982143312659,3,99.0,0.07386058747768402,-1.0
0.08193008664862386,0.005308797350153327,61,0.6109571750275791,0.0001415103578293356,3,98.0,0.08517530918121338,-1.0
0.08384897460096649,0.008738098533025809,62,0.6483969232067466,0.0001285990470279847,3,98.875,0.0607886129617691,-1.0
0.08240849877308522,0.006678833360118526,63,0.6239001469220966,0.0001162681192140312,3,98.75,0.06365366876125336,-1.0
0.0823123561151858,0.007663275048668895,64,0.6301192808896303,0.00010453658778440107,3,99.625,0.04596490755677223,-1.0
0.08135175245947071,0.007112612548683371,65,0.6195336990058422,9.342254191024022e-05,3,99.625,0.04393801808357239,-1.0
0.08132335546958659,0.0080218600840973,66,0.6257010551635176,8.294311864472437e-05,3,99.5,0.04786459878087044,-1.0
0.08293753556374993,0.007022114437339562,67,0.6300034380983561,7.311447649896551e-05,3,99.375,0.03908202409744263,-1.0
0.08281171268650464,0.005590314444686685,68,0.6191013609059155,6.395177052675794e-05,3,99.5,0.037045151591300965,-1.0
0.08237772850718882,0.0040650633496365374,69,0.6054113199934363,5.546912895658472e-05,3,99.375,0.04198747426271439,-1.0
0.08208587147029382,0.0037181609576301916,70,0.6009245910681784,4.767963140691306e-05,3,99.625,0.03720475822687149,-1.0
0.07911842143429178,0.005182743139032807,71,0.5904070388060063,4.059528871837034e-05,3,99.75,0.03595383405685425,-1.0
0.07694636045822076,0.0041038356721401215,72,0.5676545070018619,3.4227024433899e-05,3,99.875,0.028776493519544602,-1.0
0.0827728574430304,0.003763940983584949,73,0.6060387690085918,2.8584657955444653e-05,3,99.75,0.033079517185688016,-1.0
0.08126208671767797,0.0036644988493727787,74,0.5947750410996377,2.367688940315011e-05,3,100.0,0.03283748015761376,-1.0
0.08233663110461618,0.003575268600668226,75,0.601646811934188,1.951128620040094e-05,3,99.875,0.023883193880319595,-1.0
0.07937818519505006,0.007016865237216864,76,0.6050088270567358,1.6094271405406862e-05,3,99.5,0.033886270821094515,-1.0
0.08224595684025969,0.0035498947171228273,77,0.6008138139732182,1.3431113807311488e-05,3,99.875,0.02805574029684067,-1.0
0.08177266945131123,0.007639832528574126,78,0.6261281140614301,1.1525919802101659e-05,3,99.875,0.028363262563943864,-1.0
0.075695606114875,0.007148310442322067,79,0.5801593938376755,1.0381627060842164e-05,3,99.625,0.034383647441864014,-1.0
0.0812889896998448,0.0037834957308535066,80,0.5957511230371892,1e-05,3,99.625,0.03358364075422287,-1.0
0.09747469378635287,0.020637836103560403,1,0.9452227919828147,0.000999618372939158,4,15.0,2.3588883463541666,-1.0
0.08896505038137548,0.005234850512351841,2,0.7538729959633201,0.0009984740801978985,4,18.666666666666668,2.281341993543837,-1.0
0.09097024422953837,0.005028507875977084,3,0.7682683940511197,0.0009965688861926887,4,28.0,2.0268904622395834,-1.0
0.0903817389626056,0.006068757153116167,4,0.7718667131848633,0.0009939057285945933,4,24.666666666666668,2.0500387912326388,-1.0
0.09078989303088747,0.003795294731389731,5,0.7569951720070094,0.0009904887137995992,4,27.333333333333332,2.086791483561198,-1.0
0.0931239484634716,0.003201099782017991,6,0.7709187727887183,0.00098632311059685,4,24.333333333333332,2.039235602484809,-1.0
0.0906963842571713,0.00498332513961941,7,0.7656811000779271,0.0009814153420445555,4,27.77777777777778,1.868860134548611,-1.0
0.09139040447189473,0.004991073423298076,8,0.7713068840093911,0.0009757729755661012,4,29.333333333333332,1.8807195366753473,-1.0
0.09093102562474087,0.0050828316307161,9,0.7683593600522727,0.0009694047112816298,4,30.444444444444443,1.866054416232639,-1.0
0.05290271801641211,0.0037171363655943424,10,0.45320581388659775,0.0009623203685930871,4,31.77777777777778,1.8698289659288194,-1.0
0.0521838974673301,0.0029458403878379613,11,0.4412818180862814,0.0009545308710434153,4,31.0,1.843662584092882,-1.0
0.07232427105191164,0.004716197698144242,12,0.6165565389674157,0.0009460482294732422,4,33.888888888888886,1.789906005859375,-1.0
0.05475723129347898,0.005857495474629104,13,0.4851580539252609,0.0009368855235010348,4,33.55555555555556,1.7989973958333334,-1.0
0.05494030177942477,0.003462170861894265,14,0.4675190181005746,0.0009270568813552758,4,33.55555555555556,1.7775953504774304,-1.0
0.07974637352162972,0.005476600112160668,15,0.6820935630239546,0.0009165774580897602,4,33.111111111111114,1.8387525431315104,-1.0
0.0689373390050605,0.003240090882172808,16,0.5776727590709925,0.0009054634122155992,4,33.77777777777778,1.7803189086914062,-1.0
0.06512822088552639,0.0049573363503441215,17,0.5609572660177946,0.0008937318807859689,4,38.333333333333336,1.7113864474826388,-1.0
0.09266961523098871,0.0036892712814733386,18,0.7712272549979389,0.0008814009529720156,4,35.0,1.7056173366970486,-1.0
0.08970948235946707,0.004927096015308052,19,0.7574979539494962,0.0008684896421706646,4,37.22222222222222,1.69160400390625,-1.0
0.08611041150288656,0.004220000730128959,20,0.7228985209949315,0.0008550178566873412,4,34.111111111111114,1.735766838921441,-1.0
0.09047996235312894,0.0032591070339549333,21,0.7501586729194969,0.0008410063690388064,4,37.77777777777778,1.658834194607205,-1.0
0.0931943021423649,0.007525080494815484,22,0.8059978850651532,0.0008264767839234412,4,35.77777777777778,1.6602669949001736,-1.0
0.09029842435847968,0.007627792889252305,23,0.7836449299938977,0.000811451504908368,4,40.333333333333336,1.608778347439236,-1.0
0.09060687248711474,0.0050148887385148555,24,0.7652206588536501,0.0007959536998847743,4,40.888888888888886,1.6051975674099392,-1.0
0.09314163893577643,0.0030885525629855692,25,0.7700965940020978,0.0007800072653447032,4,42.333333333333336,1.5404879591200087,-1.0
0.09155025941436179,0.0047651515633333474,26,0.7707603638991714,0.0007636367895343947,4,41.22222222222222,1.5718488226996528,-1.0
0.09066904906649143,0.0064399670518469065,27,0.7771232349332422,0.0007468675145409928,4,39.0,1.5750652398003473,-1.0
0.05935706116724759,0.003065399476327002,28,0.49961255490779877,0.0007297252973710758,4,42.888888888888886,1.5425510999891494,-1.0
0.05104898946592584,0.006019274907885119,29,0.45679110405035317,0.0007122365700810271,4,41.666666666666664,1.5571112060546874,-1.0
0.05531366614741273,0.003095822350587696,30,0.4675256130285561,0.0006944282990207196,4,43.111111111111114,1.5325983005099826,-1.0
0.07141496849362738,0.006084729393478483,31,0.6202481691725552,0.0006763279432533592,4,42.111111111111114,1.55489986843533,-1.0
0.054862048680661246,0.0063717394368723035,32,0.49011212890036404,0.0006579634122155992,4,43.333333333333336,1.491441396077474,-1.0
0.0525837626773864,0.007029742700979114,33,0.4771552439779043,0.000639363022683212,4,42.22222222222222,1.5247250196668838,-1.0
0.07114814632222988,0.004133523936616257,34,0.6024971280712634,0.0006205554551086735,4,45.888888888888886,1.451970723470052,-1.0
0.0696874545828905,0.003916666668374091,35,0.5890796110033989,0.0006015697093979838,4,45.111111111111114,1.4534778510199653,-1.0
0.07341227933648042,0.003026925289304927,36,0.6117915650829673,0.0005824350601949146,4,44.44444444444444,1.4723820326063368,-1.0
0.07341984313097782,0.007588316133478656,37,0.6483977839816362,0.0005631810117416299,4,43.333333333333336,1.4781006707085504,-1.0
0.08273063754313625,0.005656572699081153,38,0.7073326548561454,0.0005438372523852835,4,43.666666666666664,1.5311078898111978,-1.0
0.08515330651425757,0.0037235189811326563,39,0.7112510490696877,0.0005244336088007391,4,44.666666666666664,1.496766832139757,-1.0
0.08181455489830114,0.0037699597305618227,40,0.6849796639289707,0.0005050000000000001,4,45.0,1.3952890014648438,-1.0
0.08389531407738104,0.006469869433203712,41,0.7231772430241108,0.0004855663911992613,4,47.888888888888886,1.400024176703559,-1.0
0.08521623845444992,0.005224024673225358,42,0.7237970679998398,0.00046616274761471693,4,45.333333333333336,1.3797682189941407,-1.0
0.08585443336050957,0.007685546006541699,43,0.7485685190185905,0.00044681898825837057,4,45.888888888888886,1.3828758239746093,-1.0
0.0843094149895478,0.004221163137117401,44,0.7084928178228438,0.000427564939805086,4,51.333333333333336,1.2894809129503038,-1.0
0.0831531199219171,0.007142880727769807,45,0.722607565112412,0.00040843029060201667,4,52.888888888888886,1.258748728434245,-1.0
0.08113294531358406,0.0039950054488144815,46,0.6812617641407996,0.000389444544891327,4,52.77777777777778,1.2474918789333767,-1.0
0.078511917963624,0.004027595394290984,47,0.6605673748999834,0.0003706369773167883,4,52.22222222222222,1.2532657199435764,-1.0
0.08012577408226207,0.003886852675350383,48,0.6723519209772348,0.0003520365877844012,4,55.55555555555556,1.1917183939615885,-1.0
0.07545572152594104,0.006395006348611787,49,0.6550560691393912,0.0003336720567466412,4,54.333333333333336,1.2430550638834637,-1.0
0.07934099552221596,0.004824984353035688,50,0.6735726168844849,0.0003155717009792807,4,52.77777777777778,1.263133527967665,-1.0
0.07262856137822382,0.003038945491425693,51,0.6056079571135342,0.00029776342991897335,4,55.666666666666664,1.1848611619737413,-1.0
0.07889772256021388,0.006226340337889269,52,0.6812340249307454,0.00028027470262892445,4,53.666666666666664,1.1938537767198352,-1.0
0.07984096789732575,0.006348512601107359,53,0.6897703770082444,0.0002631324854590073,4,55.111111111111114,1.1997330898708767,-1.0
0.07475501304725185,0.006077416328480467,54,0.6469249951187521,0.0002463632104656054,4,54.333333333333336,1.2267715623643662,-1.0
0.07341961990459822,0.003208403824828565,55,0.6132658040151,0.0002299927346552969,4,54.22222222222222,1.1998766581217448,-1.0
0.07941532900440507,0.004247703851433471,56,0.6695430718827993,0.00021404630011522587,4,54.77777777777778,1.2312742784288195,-1.0
0.0759875725780148,0.007266304543009028,57,0.6662699170410633,0.00019854849509163232,4,56.22222222222222,1.1458375210232206,-1.0
0.07803546352079138,0.005126017844304442,58,0.6655305889435112,0.00018352321607655918,4,60.55555555555556,1.1115259297688802,-1.0
0.07887763914186507,0.004228587466059253,59,0.665087359957397,0.00016899363096119395,4,61.666666666666664,1.0759093899197048,-1.0
0.07960258977254853,0.004736069357022643,60,0.6749532099347562,0.000154982143312659,4,60.22222222222222,1.060387242635091,-1.0
0.08114036463666707,0.004777456488227472,61,0.6875884889159352,0.0001415103578293356,4,59.666666666666664,1.083062269422743,-1.0
0.08110284156282432,0.004565285053104162,62,0.6855874969623983,0.0001285990470279847,4,59.666666666666664,1.0993188137478298,-1.0
0.08326478642993607,0.00629171307082288,63,0.7166916960850358,0.0001162681192140312,4,59.0,1.0625123426649306,-1.0
0.08565864124102518,0.004689641500590369,64,0.7230869841296226,0.00010453658778440107,4,61.22222222222222,1.0480396270751953,-1.0
0.0833645690290723,0.004289051954401657,65,0.7015570010989904,9.342254191024022e-05,4,60.0,1.02785157945421,-1.0
0.0801736737776082,0.005454921076307073,66,0.6853426520247012,8.294311864472437e-05,4,62.55555555555556,1.0061995018853083,-1.0
0.08266778642428108,0.003594544337829575,67,0.6904106659349054,7.311447649896551e-05,4,64.0,0.9699682362874349,-1.0
0.08211554461740889,0.005162588873645291,68,0.6985169758554548,6.395177052675794e-05,4,63.77777777777778,0.9874099561903211,-1.0
0.08080650484771468,0.00520476239034906,69,0.6883777899201959,5.546912895658472e-05,4,66.33333333333333,0.9355414326985677,-1.0
0.08100881861173548,0.004978890152415261,70,0.6881858070846647,4.767963140691306e-05,4,64.11111111111111,0.948030030992296,-1.0
0.08122784187435172,0.00713991787051782,71,0.7071878178976476,4.059528871837034e-05,4,64.11111111111111,0.9556957753499349,-1.0
0.08032399122021161,0.007849362009437755,72,0.7056374829262495,3.4227024433899e-05,4,67.44444444444444,0.9316392940945095,-1.0
0.080729855253594,0.0032369874825235456,73,0.6719707869924605,2.8584657955444653e-05,4,65.55555555555556,0.9359211222330729,-1.0
0.08053052952163853,0.007017284486209974,74,0.7006270200945437,2.367688940315011e-05,4,66.66666666666667,0.9059565819634332,-1.0
0.08147874116548337,0.005189338582567871,75,0.6935868330765516,1.951128620040094e-05,4,67.0,0.901432376437717,-1.0
0.08157867557019927,0.003134115569991991,76,0.6779473579954356,1.6094271405406862e-05,4,67.33333333333333,0.9044579823811849,-1.0
0.08392193278996274,0.005227532470598817,77,0.7134836360346526,1.3431113807311488e-05,4,66.11111111111111,0.9154046461317275,-1.0
0.08105662005254999,0.004893711593467742,78,0.6878416419494897,1.1525919802101659e-05,4,67.44444444444444,0.8750011783175998,-1.0
0.08006355515681207,0.00791909996769391,79,0.7041001101024449,1.0381627060842164e-05,4,67.66666666666667,0.8926686435275608,-1.0
0.07973777601728216,0.005028339219279587,80,0.6783620819915086,1e-05,4,68.77777777777777,0.8745775095621745,-1.0
0.0994522757246159,0.021074896649224684,1,0.9645102890208364,0.000999618372939158,5,17.59999998807907,2.334056453704834,-1.0
0.09801880532177165,0.005036313057644293,2,0.824737343005836,0.0009984740801978985,5,26.000000095367433,2.016155032157898,-1.0
0.09246125057688914,0.007695351436268538,3,0.8015748790930957,0.0009965688861926887,5,28.900000071525575,1.9373806095123292,-1.0
0.09783460816834122,0.006763846206013113,4,0.8370695891790092,0.0009939057285945933,5,25.70000014305115,1.8984782152175903,-1.0
0.09798611400765367,0.0032094545022118837,5,0.8098249381873757,0.0009904887137995992,5,34.10000026226044,1.796511625289917,-1.0
0.09971349735860713,0.006801150768296793,6,0.8523564739152789,0.00098632311059685,5,33.80000021457672,1.7280201444625853,-1.0
0.09861507287132554,0.004725175240309909,7,0.8269852208904922,0.0009814153420445555,5,36.000000190734866,1.6827905530929566,-1.0
0.09842403876245953,0.0032763111230451614,8,0.8138378718867898,0.0009757729755661012,5,38.600000214576724,1.635120120048523,-1.0
0.09708363085519522,0.006104865140514448,9,0.8257643929682672,0.0009694047112816298,5,40.30000019073486,1.583896361351013,-1.0
0.06791065289871767,0.003592790453694761,10,0.572341239079833,0.0009623203685930871,5,41.10000014305115,1.5545387859344482,-1.0
0.059682630497263744,0.006214646622538567,11,0.5274779389146715,0.0009545308710434153,5,42.80000011920929,1.5021877250671387,-1.0
0.07555933188996278,0.006521787843666971,12,0.6569337949622422,0.0009460482294732422,5,42.900000071525575,1.4727496700286866,-1.0
0.056725659349467605,0.005216468503931537,13,0.49582438520155847,0.0009368855235010348,5,46.60000019073486,1.4213971042633056,-1.0
0.05829035607166588,0.003929460159270093,14,0.49798506987281144,0.0009270568813552758,5,45.600000333786014,1.409763032913208,-1.0
0.08609981561312452,0.0061240811191964895,15,0.7380862268619239,0.0009165774580897602,5,47.20000023841858,1.3996782541275024,-1.0
0.08300997508922592,0.004842354799620807,16,0.7031076939310879,0.0009054634122155992,5,48.69999990463257,1.3388779916763305,-1.0
0.07864596261060797,0.004784394026501104,17,0.667727611027658,0.0008937318807859689,5,52.100000095367434,1.2823922882080079,-1.0
0.07100598234683275,0.006122346268966794,18,0.6173089838121086,0.0008814009529720156,5,54.500000381469725,1.1775583982467652,-1.0
0.09946508854045533,0.006450089829741046,19,0.8476283680647612,0.0008684896421706646,5,57.300000238418576,1.1351430683135986,-1.0
0.09854205802548677,0.003177808743203059,20,0.8140451940707862,0.0008550178566873412,5,60.40000023841858,1.0784345502853394,-1.0
0.09433743092813529,0.006060244078980759,21,0.8034830130636692,0.0008410063690388064,5,59.50000047683716,1.0729042415618897,-1.0
0.0989033957303036,0.006392101407982409,22,0.842662155861035,0.0008264767839234412,5,61.800000238418576,1.0245721836090087,-1.0
0.09933200292289257,0.00638583570253104,23,0.8460293600801378,0.000811451504908368,5,61.90000004768372,0.9772133693695069,-1.0
0.09978265938116238,0.00491114062606357,24,0.8378462351392955,0.0007959536998847743,5,65.10000009536743,0.9476542701721191,-1.0
0.09871740738162771,0.004710350127425045,25,0.827736051985994,0.0007800072653447032,5,63.90000009536743,0.9418832612037659,-1.0
0.0996890623064246,0.004751850821776316,26,0.8359075370244682,0.0007636367895343947,5,66.50000038146973,0.8696837239265441,-1.0
0.09907162011950277,0.0060642732423730195,27,0.8413309331517667,0.0007468675145409928,5,70.80000033378602,0.807163164138794,-1.0
0.08301274626865052,0.006855994462966919,28,0.7192006330005825,0.0007297252973710758,5,72.70000052452087,0.7038490085601806,-1.0
0.05715265986509621,0.006345362373394892,29,0.5082208141684532,0.0007122365700810271,5,71.20000023841858,0.7009549541473389,-1.0
0.06319123064167798,0.00737245223717764,30,0.5648025739938021,0.0006944282990207196,5,76.6000002861023,0.6482801580429077,-1.0
0.07151293798233382,0.0070569803938269615,31,0.6288012720178813,0.0006763279432533592,5,77.70000023841858,0.6206289806365967,-1.0
0.05877318198326975,0.007503441505832598,32,0.5304561341181397,0.0006579634122155992,5,79.40000057220459,0.5559070515632629,-1.0
0.0765967232582625,0.004696879244875163,33,0.6505908349063247,0.000639363022683212,5,80.20000038146972,0.5359459218978881,-1.0
0.08291911511332728,0.00545953813707456,34,0.7072729719802737,0.0006205554551086735,5,81.30000009536744,0.4900446724891663,-1.0
0.08556638937443495,0.005263324739644304,35,0.7268862659111619,0.0006015697093979838,5,83.60000057220459,0.47859314584732054,-1.0
0.08789265414816327,0.005497368721989915,36,0.7473567889537662,0.0005824350601949146,5,84.70000052452087,0.4133275799751282,-1.0
0.08907816890859976,0.005197085236432031,37,0.7544521379750222,0.0005631810117416299,5,84.90000047683716,0.4159830331802368,-1.0
0.0866198199801147,0.006802254763897508,38,0.7476311509963125,0.0005438372523852835,5,86.40000019073486,0.3801888489723206,-1.0
0.08820547247887589,0.006866066891234368,39,0.7608185959979892,0.0005244336088007391,5,89.00000061988831,0.3305888011455536,-1.0
0.10664273478323594,0.004854321945458651,40,0.8922207420691848,0.0005050000000000001,5,89.50000019073487,0.30958848834037783,-1.0
0.08920178626431152,0.008107014349661767,41,0.7787317880429327,0.0004855663911992613,5,91.10000019073486,0.26398068499565125,-1.0
0.08864036088925786,0.005285768973408267,42,0.7516607171855867,0.00046616274761471693,5,90.70000052452087,0.2729172163009644,-1.0
0.08963580499403179,0.00784540711902082,43,0.7801563870161772,0.00044681898825837057,5,92.40000009536743,0.22592015397548676,-1.0
0.0919294300256297,0.00552071095444262,44,0.7798488100524992,0.000427564939805086,5,93.40000033378601,0.19334785091876983,-1.0
0.08986326298327185,0.004308644274715334,45,0.7536744570825249,0.00040843029060201667,5,94.70000057220459,0.1601546665430069,-1.0
0.0886352256347891,0.004718139476608485,46,0.747133111115545,0.000389444544891327,5,95.50000057220458,0.14725464344024658,-1.0
0.08840440787025727,0.004483112774323672,47,0.7433679569512606,0.0003706369773167883,5,95.90000009536743,0.1283371731042862,-1.0
0.08809968433342874,0.00508664979133755,48,0.745822190772742,0.0003520365877844012,5,96.10000057220459,0.1209011892080307,-1.0
0.08810752935823984,0.004086907138116658,49,0.7378974268212914,0.0003336720567466412,5,97.000000333786,0.11736388921737671,-1.0
0.08966925708227791,0.003481573919998482,50,0.7454438640270382,0.0003155717009792807,5,96.90000033378601,0.1015489171743393,-1.0
0.09037583085591905,0.0032818735344335437,51,0.7494981409981847,0.00029776342991897335,5,96.50000019073487,0.09686001372337341,-1.0
0.09149649352184497,0.003094069834332913,52,0.7569687138311565,0.00028027470262892445,5,98.20000023841858,0.0737040057182312,-1.0
0.09022881390410475,0.00614650861825794,53,0.7712489811237901,0.0002631324854590073,5,98.6,0.060835306525230406,-1.0
0.09001518503646366,0.00721396371955052,54,0.7780935110058635,0.0002463632104656054,5,99.30000023841858,0.04530955171585083,-1.0
0.08857538891606964,0.0052978546009399,55,0.7512359139509499,0.0002299927346552969,5,99.6,0.030351580440998078,-1.0
0.08855079748900607,0.006394334777723998,56,0.7598035230766982,0.00021404630011522587,5,99.7,0.03674298396706581,-1.0
0.08825202673324384,0.005272332520689815,57,0.7484489360358566,0.00019854849509163232,5,99.30000023841858,0.029831208750605583,-1.0
0.08842620809446089,0.005926466634264216,58,0.7550814091227949,0.00018352321607655918,5,99.50000023841858,0.025241240069270133,-1.0
0.08886772987898439,0.006135767238447443,59,0.7602727948687971,0.00016899363096119395,5,99.60000023841857,0.03669398158788681,-1.0
0.0879111054528039,0.006583068170584738,60,0.7562005301006138,0.000154982143312659,5,99.8,0.022517798840999602,-1.0
0.08675767530803569,0.0032216277031693608,61,0.7200792918447405,0.0001415103578293356,5,100.0,0.01985922645777464,-1.0
0.08987391190021299,0.004114477982511744,62,0.7522023918572813,0.0001285990470279847,5,99.7,0.021690468698740004,-1.0
0.0884684475895483,0.0059308955387678,63,0.7554974099621177,0.0001162681192140312,5,99.9,0.017200815215706825,-1.0
0.0872697829909157,0.0074623519903980196,64,0.7581634200178087,0.00010453658778440107,5,99.90000023841858,0.01846075965464115,-1.0
0.08811030449578539,0.006424637394957244,65,0.7565750798676163,9.342254191024022e-05,5,99.80000023841858,0.01721942961215973,-1.0
0.06764619608293287,0.0030656356539111584,66,0.5659776399843395,8.294311864472437e-05,5,99.90000023841858,0.01895193521678448,-1.0
0.08925456553697586,0.003644826210802421,67,0.7434917488135397,7.311447649896551e-05,5,100.0,0.013064141765236854,-1.0
0.08734819359960966,0.006498778908280656,68,0.751068209996447,6.395177052675794e-05,5,99.8,0.017184639252722265,-1.0
0.08894826308824122,0.00773929402930662,69,0.7738034320063889,5.546912895658472e-05,5,100.0,0.01076705553382635,-1.0
0.09121825254987925,0.0035980432003270835,70,0.7588286129757762,4.767963140691306e-05,5,100.0,0.013780127443373204,-1.0
0.08533904908108525,0.005627573176752776,71,0.7280429650563747,4.059528871837034e-05,5,100.0,0.012170004494488238,-1.0
0.090453878918197,0.005723550828406587,72,0.7697318780701607,3.4227024433899e-05,5,99.9,0.011147949915379285,-1.0
0.08759391415514983,0.006645838206168264,73,0.7541612039785832,2.8584657955444653e-05,5,99.9,0.013415656819939612,-1.0
0.0871674228401389,0.005259516154183075,74,0.7396792678628117,2.367688940315011e-05,5,100.0,0.010412710681557656,-1.0
0.0910890591039788,0.0044533809123095125,75,0.7646240768954158,1.951128620040094e-05,5,100.0,0.010647888049483299,-1.0
0.08911154812085442,0.003298396506579593,76,0.7395367729477584,1.6094271405406862e-05,5,100.0,0.011187834035605191,-1.0
0.08898135839262977,0.00673837072099559,77,0.7660211278125644,1.3431113807311488e-05,5,99.9,0.014833962693810463,-1.0
0.08890672071720473,0.006128439039457589,78,0.7605392460245639,1.1525919802101659e-05,5,99.9,0.012368057511746883,-1.0
0.08792746826657094,0.006415484473109245,79,0.7550079689826816,1.0381627060842164e-05,5,99.9,0.014484539844095708,-1.0
0.08844238868914545,0.003513049305183813,80,0.7359313869383186,1e-05,5,99.9,0.012071543663740159,-1.0
0.10225120730077226,0.01845024901235269,1,1.0865921759977937,0.000999618372939158,6,19.545454556291755,2.300991710316051,-1.0
0.09353169700544742,0.0036389044382505948,2,0.8748165648430586,0.0009984740801978985,6,27.272727251052856,1.9957697647268122,-1.0
0.09690891977192627,0.005096442221353452,3,0.9183124650735408,0.0009965688861926887,6,27.18181823058562,1.9144444114511663,-1.0
0.09743764445496102,0.004778673872351646,4,0.9202016680501401,0.0009939057285945933,6,30.999999913302336,1.8239540212804621,-1.0
0.09753078372321194,0.002830651148946749,5,0.9035157288890332,0.0009904887137995992,6,33.8181817965074,1.7725019949132745,-1.0
0.09728798704842727,0.004417180626963575,6,0.9156338709872216,0.00098632311059685,6,32.90909086574208,1.7419788737730546,-1.0
0.09858785854238603,0.005968492452262176,7,0.9413582859560847,0.0009814153420445555,6,35.45454542203383,1.6748909707502886,-1.0
0.08602669757480423,0.0030777845273001325,8,0.8021805400494486,0.0009757729755661012,6,38.45454544370825,1.6328890683434227,-1.0
0.05597792441646258,0.003334328687439362,9,0.5340493579860777,0.0009694047112816298,6,39.90909095243974,1.5867787330800838,-1.0
0.06813899409543309,0.0031303324633174473,10,0.6416643201373518,0.0009623203685930871,6,38.63636361468922,1.5949411045421253,-1.0
0.06492210389114916,0.004592531567646397,11,0.6258770572021604,0.0009545308710434153,6,43.181818138469346,1.5220388967340643,-1.0
0.06079601292084488,0.004486250510025356,12,0.5877823550254107,0.0009460482294732422,6,44.09090916676955,1.4631869225068526,-1.0
0.08397092633984155,0.00687986164767709,13,0.8179110039491206,0.0009368855235010348,6,45.27272734858773,1.4339223657954823,-1.0
0.08748793904669583,0.003244183517785536,14,0.8168566240929067,0.0009270568813552758,6,47.90909091992812,1.4064002167094838,-1.0
0.08757378179062572,0.004286747762105531,15,0.8269991679117084,0.0009165774580897602,6,51.18181814930656,1.2926825245943936,-1.0
0.07633755123242736,0.007278350207747685,16,0.7527827920857817,0.0009054634122155992,6,50.54545451294292,1.282251391844316,-1.0
0.09772968786354694,0.003014947675789396,17,0.9069981658831239,0.0008937318807859689,6,52.454545584591955,1.2583782274072821,-1.0
0.0971963603515178,0.0047205002047121525,18,0.917537092929706,0.0008814009529720156,6,51.54545455629175,1.2815223143317482,-1.0
0.09005446913134721,0.007065848421512378,19,0.8743806751444936,0.0008684896421706646,6,55.363636537031695,1.1963729043440385,-1.0
0.09854231541976333,0.004563147253874276,20,0.9282510678749532,0.0008550178566873412,6,56.18181819265539,1.1824776623465798,-1.0
0.09742625143068533,0.0037634755588240093,21,0.9109851201064885,0.0008410063690388064,6,59.454545432871036,1.0927544771541249,-1.0
0.09645931006202267,0.004785712601410018,22,0.9114909030031413,0.0008264767839234412,6,58.363636537031695,1.1052007324045354,-1.0
0.0973350473990043,0.0043754372745752335,23,0.9156825449317694,0.000811451504908368,6,58.5454546104778,1.0989625484293157,-1.0
0.09781609842967656,0.007844004003951946,24,0.9512347730342299,0.0007959536998847743,6,65.09090919928117,0.9702791877226397,-1.0
0.0929569580540475,0.006502633267599676,25,0.8954714250285178,0.0007800072653447032,6,67.54545450210571,0.8919197286259044,-1.0
0.056298507662076086,0.005024034788625108,26,0.5522905751131475,0.0007636367895343947,6,67.54545465382662,0.8680245187065818,-1.0
0.06247282742212216,0.007135815245823728,27,0.6267551609780639,0.0007468675145409928,6,69.63636352799155,0.8103380927172574,-1.0
0.07098094640403158,0.0030863981487022508,28,0.6668478851206601,0.0007297252973710758,6,69.72727287899365,0.7865548565170982,-1.0
0.06069043201083938,0.00303890664751331,29,0.5738733739126474,0.0007122365700810271,6,69.6363635930148,0.7782494915615429,-1.0
0.05855624763191574,0.004830794590007927,30,0.5708708120509982,0.0006944282990207196,6,72.63636370138688,0.6848503479090604,-1.0
0.08987756474460992,0.0036789927010734877,31,0.8422511811368167,0.0006763279432533592,6,76.18181811679493,0.6761179403825239,-1.0
0.08993244543671608,0.004035193317880233,32,0.8459499508608133,0.0006579634122155992,6,77.18181813846935,0.6153461887619712,-1.0
0.0855862013478246,0.0034315914122594725,33,0.8013980630785227,0.000639363022683212,6,78.81818168813533,0.5608111567930741,-1.0
0.08685601748422617,0.004162767643315924,34,0.8194061319809407,0.0006205554551086735,6,80.18181839856234,0.5268166234276511,-1.0
0.08751796612826486,0.005206553317192528,35,0.8348016769159585,0.0006015697093979838,6,79.8181816664609,0.52773512320085,-1.0
0.08604023569366998,0.0037856728821578953,36,0.8087347000837326,0.0005824350601949146,6,80.72727272727273,0.5185993101380089,-1.0
0.08709259582166043,0.0038162424073865018,37,0.8184176220092922,0.0005631810117416299,6,83.81818199157715,0.4373865228349512,-1.0
0.087643895815644,0.007470640276248257,38,0.8563128581736237,0.0005438372523852835,6,85.09090928597884,0.4118241130221974,-1.0
0.08696559713118607,0.005614734409997861,39,0.8335092838387936,0.0005244336088007391,6,86.90909082239324,0.3670353638042103,-1.0
0.08501833364264005,0.0052101151345090736,40,0.8123428500257432,0.0005050000000000001,6,89.18181813846935,0.3156701241840016,-1.0
0.08610744290571246,0.004664020095434453,41,0.8172460610512644,0.0004855663911992613,6,87.81818205660039,0.3303716761415655,-1.0
0.0876842610951927,0.004530544004713495,42,0.8302231719717383,0.00046616274761471693,6,90.36363647200845,0.28231693278659475,-1.0
0.08765497405288948,0.00462933383985526,43,0.8308535530231893,0.00044681898825837057,6,91.81818177483298,0.2625705193389546,-1.0
0.0873000013590273,0.0046573468587464755,44,0.8279108880087733,0.000427564939805086,6,92.81818199157715,0.21901553067294033,-1.0
0.08680871268734336,0.00671162308814625,45,0.8419728979934007,0.00040843029060201667,6,94.72727296569131,0.18732123504985462,-1.0
0.08988468555940522,0.006824719538498256,46,0.8706211009994149,0.000389444544891327,6,94.5454544804313,0.1801348928971724,-1.0
0.08764384097109239,0.004748555805741085,47,0.8317811561282724,0.0003706369773167883,6,95.54545441540805,0.14861781933090903,-1.0
0.08700069756661025,0.004558515993671285,48,0.8242674439679831,0.0003520365877844012,6,95.72727266224948,0.13336152266372334,-1.0
0.08838931052014232,0.003202156267232365,49,0.8245651749894023,0.0003336720567466412,6,96.54545450210571,0.11953826167366721,-1.0
0.08834378154844874,0.004204845909650127,50,0.8331736018881202,0.0003155717009792807,6,97.0909090909091,0.1019485938819972,-1.0
0.0873612147083299,0.004659531405195594,51,0.8284192541614175,0.00029776342991897335,6,98.09090896086259,0.08723263456062837,-1.0
0.08566143542217712,0.006378519012489253,52,0.828607051866129,0.00028027470262892445,6,98.72727259722623,0.060211040404709905,-1.0
0.08977347922821839,0.003035080334585574,53,0.8355336210224777,0.0002631324854590073,6,98.90909084406766,0.052977061840620905,-1.0
0.08841921078662078,0.005167705317338307,54,0.8425231270957738,0.0002463632104656054,6,99.27272727272727,0.04424228190021082,-1.0
0.08963510800256497,0.006696735663960378,55,0.8672275941353291,0.0002299927346552969,6,99.18181818181819,0.04391366000879895,-1.0
0.09146130294539034,0.005808028263143367,56,0.8756645021494478,0.00021404630011522587,6,99.63636350631714,0.03557024817575108,-1.0
0.08765829579594235,0.004950591440623005,57,0.8337218279484659,0.00019854849509163232,6,99.54545454545455,0.0356100724095648,-1.0
0.08820735461389025,0.0045540479477494955,58,0.8350872858427465,0.00018352321607655918,6,99.45454538952221,0.035637055892835966,-1.0
0.08753244902214243,0.007330146074915926,59,0.8539904770441353,0.00016899363096119395,6,99.81818168813533,0.02794957326217131,-1.0
0.0881361779756844,0.0056153586806936395,60,0.8439968700986356,0.000154982143312659,6,99.63636363636364,0.024912583916024727,-1.0
0.08932928942764799,0.004564918681151337,61,0.845291799865663,0.0001415103578293356,6,99.72727272727273,0.025350498245521026,-1.0
0.0870911256254961,0.0049908829387277365,62,0.8289765149820596,0.0001285990470279847,6,99.81818181818181,0.020965832817283543,-1.0
0.08628558160530196,0.005194030288192961,63,0.8235457921400666,0.0001162681192140312,6,99.63636363636364,0.023263721730221402,-1.0
0.0888348163312508,0.005771888109544913,64,0.8517143819481134,0.00010453658778440107,6,99.81818181818181,0.018678464987738567,-1.0
0.08861949002473718,0.0054546860822786885,65,0.8469190930482,9.342254191024022e-05,6,99.81818181818181,0.016809884340248323,-1.0
0.08797261765640643,0.006243884020174543,66,0.8481869830284268,8.294311864472437e-05,6,99.9090909090909,0.016865430467508057,-1.0
0.08795898555157085,0.004415938009818395,67,0.8316614029463381,7.311447649896551e-05,6,100.0,0.0142196599021554,-1.0
0.0899363187296937,0.004963260169865357,68,0.8544022089336067,6.395177052675794e-05,6,99.9090909090909,0.01488040816038847,-1.0
0.09022711802067028,0.004094425071444776,69,0.8492177040316164,5.546912895658472e-05,6,99.9090909090909,0.014643346843394366,-1.0
0.08990330135242806,0.004257846985840135,70,0.8477706960402429,4.767963140691306e-05,6,99.9090909090909,0.01454387743364681,-1.0
0.08780994734519885,0.00447315267390675,71,0.8308182850014418,4.059528871837034e-05,6,99.9090909090909,0.013601236346770417,-1.0
0.08729083142760727,0.0050788013678458,72,0.8315739359240979,3.4227024433899e-05,6,99.81818175315857,0.014410451643846252,-1.0
0.08825420482187635,0.005389186424306697,73,0.8430390730500221,2.8584657955444653e-05,6,100.0,0.012209501280026002,-1.0
0.08700702551545368,0.004813620380850302,74,0.8266321630217135,2.367688940315011e-05,6,99.9090909090909,0.013059343560175463,-1.0
0.08699452152682675,0.004667431038493912,75,0.8251840830780566,1.951128620040094e-05,6,99.9090909090909,0.01060852485285564,-1.0
0.09005263010557327,0.0031490735709667206,76,0.8390644870232791,1.6094271405406862e-05,6,100.0,0.013632439469749277,-1.0
0.08890113110343616,0.005372373102646735,77,0.8487064859364182,1.3431113807311488e-05,6,99.9090909090909,0.013782032650302757,-1.0
0.09048914034954375,0.006907628202396963,78,0.8768163949716836,1.1525919802101659e-05,6,100.0,0.011497187804092061,-1.0
0.08746374507124226,0.004996748149601949,79,0.8323900979012251,1.0381627060842164e-05,6,100.0,0.01394766976210204,-1.0
0.09096789414373536,0.007185007859435346,80,0.8836137948092073,1e-05,6,100.0,0.012358250069347295,-1.0
0.09828182158526033,0.016467804717831314,1,1.147762913024053,0.000999618372939158,7,18.166666746139526,2.2755082178115846,-1.0
0.0967693047830835,0.003693507798016071,2,1.004942007130012,0.0009984740801978985,7,25.5,2.1165499114990234,-1.0
0.09684081366285682,0.0027650320436805485,3,0.9963240048382431,0.0009965688861926887,7,27.833333333333332,1.9188598664601644,-1.0
0.09726025683339685,0.003478738060221076,4,1.007654415909201,0.0009939057285945933,7,28.25,1.8732574446996053,-1.0
0.0967512487899512,0.0026667854050174355,5,0.9944367979187518,0.0009904887137995992,7,32.1666667064031,1.7967655436197916,-1.0
0.09300039606168867,0.0034642986254766585,6,0.9648828411009163,0.00098632311059685,7,32.75,1.7884415690104167,-1.0
0.058311146567575634,0.0025840943213552236,7,0.6091757440008223,0.0009814153420445555,7,35.58333341280619,1.7250326538085938,-1.0
0.06927100401371718,0.003389610769227147,8,0.726871786871925,0.0009757729755661012,7,37.166666666666664,1.6929832951227823,-1.0
0.060852020024321975,0.002625360479578376,9,0.6350198648869991,0.0009694047112816298,7,39.1666667064031,1.627361143430074,-1.0
0.06022030408494174,0.0040839612251147624,10,0.6432995789218694,0.0009623203685930871,7,38.25,1.623995566368103,-1.0
0.0845431516179815,0.004262186679989099,11,0.8883217968977988,0.0009545308710434153,7,39.916666746139526,1.571229910850525,-1.0
0.08808751269243657,0.0037949788151308895,12,0.9190682519692928,0.0009460482294732422,7,42.33333337306976,1.5322161229451496,-1.0
0.08770845260005444,0.0031281204894185064,13,0.9086414349731058,0.0009368855235010348,7,45.166666746139526,1.5035666672388712,-1.0
0.06656931673642248,0.005829641758464277,14,0.7242302258964628,0.0009270568813552758,7,44.25000007947286,1.4610022878646851,-1.0
0.09288105890154838,0.004369469382800162,15,0.972741117933765,0.0009165774580897602,7,45.83333337306976,1.429400151570638,-1.0
0.09724812121130526,0.004446551296859979,16,1.0172454330604523,0.0009054634122155992,7,47.416666746139526,1.3855493036905924,-1.0
0.09307565977796912,0.004713647323660553,17,0.9782086061313748,0.0008937318807859689,7,48.33333349227905,1.3531135161717733,-1.0
0.09568140050396323,0.004191859904676676,18,0.9990159289445728,0.0008814009529720156,7,49.166666666666664,1.335129788716634,-1.0
0.09795709119644017,0.0032422122079879046,19,1.0122778308577836,0.0008684896421706646,7,52.25,1.2804659287134805,-1.0
0.09542869373690337,0.006282193260267377,20,1.0173569419421256,0.0008550178566873412,7,52.25000007947286,1.2568653122584026,-1.0
0.09569300194270909,0.004188158363103866,21,0.999047847930342,0.0008410063690388064,7,56.0,1.170641665458679,-1.0
0.09699346164707094,0.0026279949583113194,22,0.9965225087944418,0.0008264767839234412,7,55.58333341280619,1.1620224316914876,-1.0
0.06632856689393521,0.0035510364221408965,23,0.6990557929966599,0.000811451504908368,7,58.25000015894572,1.1038049062093098,-1.0
0.06234950379002839,0.0034378523007035254,24,0.658237837953493,0.0007959536998847743,7,60.50000015894572,1.0593215441703796,-1.0
0.07292894159909338,0.0037310806103050707,25,0.7669799521099776,0.0007800072653447032,7,63.75000007947286,0.9701707776387533,-1.0
0.05920516776386649,0.003599974839016795,26,0.6283304549288005,0.0007636367895343947,7,62.916666746139526,0.9672337532043457,-1.0
0.08816152217332274,0.002649738220497966,27,0.9083411879837513,0.0007468675145409928,7,62.08333349227905,0.966029880841573,-1.0
0.08533701347187161,0.003992055426351726,28,0.8935453009326011,0.0007297252973710758,7,62.08333341280619,0.9387027247746785,-1.0
0.08367510866373777,0.003906035632826388,29,0.8760559698566794,0.0007122365700810271,7,64.5,0.9115016833941142,-1.0
0.08675751166883856,0.003202306525781751,30,0.8998663940001279,0.0006944282990207196,7,68.00000007947285,0.8546227399508158,-1.0
0.08580168790649623,0.005007504275999964,31,0.9083298600744456,0.0006763279432533592,7,69.66666674613953,0.7970752867062887,-1.0
0.08657995902467519,0.003263388085179031,32,0.8986702470574528,0.0006579634122155992,7,72.3333334128062,0.7712098892529805,-1.0
0.08576125013642014,0.0038208611542358993,33,0.8960551950149238,0.000639363022683212,7,74.41666682561238,0.7025146547953288,-1.0
0.08859951598569751,0.0042349922237917784,34,0.9285852429457009,0.0006205554551086735,7,74.25000007947285,0.6905430539449056,-1.0
0.08666107233148068,0.0036498564761132,35,0.9033546459395438,0.0006015697093979838,7,76.16666666666667,0.6194204982121786,-1.0
0.08615039000287653,0.004432180197909474,36,0.9060669040773064,0.0005824350601949146,7,80.16666674613953,0.5153829423586528,-1.0
0.08539285387378186,0.004305504821240902,37,0.8972788800019771,0.0005631810117416299,7,80.75,0.530641725063324,-1.0
0.08612836981192232,0.002960677375085652,38,0.8911829108837992,0.0005438372523852835,7,80.91666682561238,0.5142068390051524,-1.0
0.08724926172289997,0.0036570329684764147,39,0.9093577400781214,0.0005244336088007391,7,80.50000015894572,0.501440569559733,-1.0
0.08768052400555462,0.0024559471057727933,40,0.9016521230805665,0.0005050000000000001,7,83.41666674613953,0.45690485239028933,-1.0
0.08730341389309615,0.0030797090148553252,41,0.904098330065608,0.0004855663911992613,7,85.75000015894572,0.40605055054028827,-1.0
0.08482622050214558,0.0033252735855057837,42,0.8822809909470379,0.00046616274761471693,7,87.3333334128062,0.35453699151674906,-1.0
0.08695882763713599,0.003359237569384277,43,0.9034344230312854,0.00044681898825837057,7,91.75000007947285,0.2685203429063161,-1.0
0.08546019736677408,0.0034151497296988965,44,0.8890405721031129,0.000427564939805086,7,91.83333333333333,0.24680883089701336,-1.0
0.08499026512727141,0.0027136152843013407,45,0.8773220991715789,0.00040843029060201667,7,91.66666674613953,0.24808321177959441,-1.0
0.0873801642563194,0.0028203629422932862,46,0.9022468950133771,0.000389444544891327,7,91.66666682561238,0.23429981569449107,-1.0
0.08546011378057301,0.0027724535204470156,47,0.8826101499143988,0.0003706369773167883,7,93.66666682561238,0.1925642947355906,-1.0
0.08618836377281695,0.0030417560366913675,48,0.892539817141369,0.0003520365877844012,7,92.33333333333333,0.21955450197060902,-1.0
0.08681265192572027,0.003693749965168536,49,0.9053115309216082,0.0003336720567466412,7,94.91666666666667,0.16415150781472523,-1.0
0.08650940409861504,0.0026564693078398706,50,0.8919673059135675,0.0003155717009792807,7,95.50000015894572,0.1568164344628652,-1.0
0.08492096117697656,0.0025508055230602624,51,0.8749917789828032,0.00029776342991897335,7,97.33333333333333,0.11412420908610026,-1.0
0.08697918364778161,0.00306804736610502,52,0.9007116891443729,0.00028027470262892445,7,96.75000007947285,0.11373458782831827,-1.0
0.08623807320836932,0.004061379889026284,53,0.9032396101392806,0.0002631324854590073,7,97.5833334128062,0.10399879435698191,-1.0
0.08502726759761572,0.005320930294692517,54,0.9037239418830723,0.0002463632104656054,7,96.33333349227905,0.11314961691697438,-1.0
0.08615654646418988,0.0042751611210405825,55,0.9045770659577101,0.0002299927346552969,7,97.41666666666667,0.09431802749633789,-1.0
0.086517742741853,0.004041309654712677,56,0.9058289220556617,0.00021404630011522587,7,97.41666666666667,0.08645155876874924,-1.0
0.0854970462154597,0.004432511399500072,57,0.8995354159269482,0.00019854849509163232,7,98.91666682561238,0.05928797642389933,-1.0
0.08839146518148482,0.0026139454217627644,58,0.9103515229653567,0.00018352321607655918,7,98.75000015894572,0.058046495020389555,-1.0
0.08613011441193522,0.0039656928973272445,59,0.9012622798327357,0.00016899363096119395,7,97.83333333333333,0.07253295935690403,-1.0
0.08610143442638218,0.003975976794026792,60,0.9010689039714634,0.000154982143312659,7,98.83333333333333,0.05728060175975164,-1.0
0.08499096764717251,0.0026221784530207513,61,0.8763783420436084,0.0001415103578293356,7,99.41666674613953,0.03833791385094325,-1.0
0.08531681229360402,0.0038235435960814355,62,0.8916389332152903,0.0001285990470279847,7,99.5833334128062,0.0379793530702591,-1.0
0.08580722939223051,0.003059364086948335,63,0.8889169320464134,0.0001162681192140312,7,99.50000007947285,0.030251505225896834,-1.0
0.08814928780775518,0.0028398223919793965,64,0.9101729150861502,0.00010453658778440107,7,99.83333333333333,0.03203446447849274,-1.0
0.08550917368847877,0.004040555492974818,65,0.8957666670903563,9.342254191024022e-05,7,99.75,0.02569955714046955,-1.0
0.08521958354394883,0.0024783133529126646,66,0.8772747830953449,8.294311864472437e-05,7,99.83333333333333,0.02540515472491582,-1.0
0.08337565590627491,0.006303130090236664,67,0.8970892841462046,7.311447649896551e-05,7,99.83333333333333,0.023709848150610925,-1.0
0.08388268819544464,0.005860570212826132,68,0.8976776821073145,6.395177052675794e-05,7,100.0,0.01555014876027902,-1.0
0.08662568950094282,0.002719639800488949,69,0.8936934538651258,5.546912895658472e-05,7,99.91666666666667,0.017245572830239933,-1.0
0.08617766730021685,0.0026774995028972627,70,0.8888498661108315,4.767963140691306e-05,7,99.8333334128062,0.023680750528971353,-1.0
0.08608836650382727,0.00402590639423579,71,0.9013897110708058,4.059528871837034e-05,7,99.91666666666667,0.018275768980383873,-1.0
0.08840489774011076,0.004631757969036698,72,0.9306088618468493,3.4227024433899e-05,7,99.8333334128062,0.01891142760713895,-1.0
0.08644690406508744,0.004591481620445847,73,0.910617538029328,2.8584657955444653e-05,7,99.91666666666667,0.017988002002239226,-1.0
0.08467397252097726,0.004907788382843137,74,0.8960542539134622,2.367688940315011e-05,7,100.0,0.01627467796206474,-1.0
0.0878753790864721,0.0033561555203050373,75,0.9125628480687737,1.951128620040094e-05,7,100.0,0.015668326430022715,-1.0
0.08531186138279737,0.002573623415082693,76,0.8790953091811389,1.6094271405406862e-05,7,100.0,0.013924648414055506,-1.0
0.08571904303971678,0.00379241076298058,77,0.8953639829996973,1.3431113807311488e-05,7,100.0,0.014037454053759574,-1.0
0.08550946014001966,0.0036395970499143006,78,0.8917202970478684,1.1525919802101659e-05,7,100.0,0.014307395592331885,-1.0
0.0858380818972364,0.004796675615943968,79,0.9065884070005268,1.0381627060842164e-05,7,99.91666666666667,0.014718333706259728,-1.0
0.08602304724045098,0.0043632628628984095,80,0.9041106021031737,1e-05,7,99.91666666666667,0.016746283421913782,-1.0
0.10186263931576502,0.01626258887435225,1,1.2997056529857218,0.000999618372939158,8,17.692307696892666,2.2770001220703127,-1.0
0.09487480572848157,0.0035975369074466553,2,1.0835052637849003,0.0009984740801978985,8,23.61538461996959,2.0568294576498176,-1.0
0.09489688074046915,0.0025555572514845567,3,1.0722637888975441,0.0009965688861926887,8,24.84615387366368,2.0018930292129515,-1.0
0.09438265362669798,0.0026073439300737596,4,1.0671719671227038,0.0009939057285945933,8,28.53846155680143,1.894414650110098,-1.0
0.0956803676883944,0.0033477913080291314,5,1.089583540102467,0.0009904887137995992,8,27.30769231686225,1.8544403310922477,-1.0
0.06165436174805192,0.0035909635268829084,6,0.7179323090240359,0.00098632311059685,8,29.53846152929159,1.8157839738405668,-1.0
0.06308489680205556,0.003746712643822486,7,0.7353940929751843,0.0009814153420445555,8,31.384615402955276,1.7831622787622305,-1.0
0.060784009666266764,0.0034958809741180053,8,0.7073175250552595,0.0009757729755661012,8,33.461538470708405,1.7578267721029428,-1.0
0.06742892386815087,0.0033375165763903747,9,0.7786659770645201,0.0009694047112816298,8,33.23076923076923,1.7134583458533654,-1.0
0.08346586915749041,0.003404515287415548,10,0.9558113950770348,0.0009623203685930871,8,35.923076913906975,1.7115923133263222,-1.0
0.08454925065267492,0.0037626148074526677,11,0.9716793841216713,0.0009545308710434153,8,36.53846153846154,1.6603173725421612,-1.0
0.08458150328475643,0.0036149811719290233,12,0.9704019010532647,0.0009460482294732422,8,38.15384614467621,1.6391781377792358,-1.0
0.07615590971809896,0.003548062639310956,13,0.8769849580712616,0.0009368855235010348,8,38.30769229852236,1.6056965981996976,-1.0
0.09486750047653913,0.0037381077947264366,14,1.0848957810085267,0.0009270568813552758,8,39.461538452368515,1.56856825535114,-1.0
0.09131945091807707,0.004594927992333065,15,1.0552912470884621,0.0009165774580897602,8,43.000000027509834,1.516802004300631,-1.0
0.09434659618206999,0.003920924172482707,16,1.0812540620099753,0.0009054634122155992,8,41.15384615843113,1.5148424937174871,-1.0
0.09473641354336658,0.002714746906845407,17,1.0722928799223155,0.0008937318807859689,8,43.384615402955276,1.4904407680951632,-1.0
0.09693723182532597,0.0025273171803829346,18,1.0943530139047652,0.0008814009529720156,8,45.07692307692308,1.4158350548377403,-1.0
0.09585972001183439,0.003968334164131771,19,1.0983965280465782,0.0008684896421706646,8,44.92307693224687,1.393358659010667,-1.0
0.09561465511267836,0.0024334214500744233,20,1.0788208108861,0.0008550178566873412,8,44.23076921242934,1.471582865348229,-1.0
0.06662139129316942,0.003273918081752279,21,0.7691497050691396,0.0008410063690388064,8,47.23076921242934,1.3709799773876483,-1.0
0.05328354057432576,0.003875026987357573,22,0.6290277789812535,0.0008264767839234412,8,49.76923076923077,1.3387651538848877,-1.0
0.07308604758740826,0.0035651597744700584,23,0.8434405659791082,0.000811451504908368,8,50.69230769230769,1.31394780085637,-1.0
0.059490746522152964,0.003912571478973736,24,0.697678921977058,0.0007959536998847743,8,52.23076925827907,1.2615706575833834,-1.0
0.05687710517932745,0.0036987175487659192,25,0.6665727191139013,0.0007800072653447032,8,55.15384617218604,1.2124385301883405,-1.0
0.08780165702443231,0.004004418426616626,26,1.0101498041767627,0.0007636367895343947,8,54.923076978096596,1.1942732590895433,-1.0
0.08429430979727344,0.0023193686396222224,27,0.952994919847697,0.0007468675145409928,8,55.8461538369839,1.1301629759715153,-1.0
0.08698776336810128,0.005801638186147267,28,1.0209483338985592,0.0007297252973710758,8,56.53846155680143,1.1476464491624099,-1.0
0.08622276757589796,0.005070742156187242,29,1.004465842852369,0.0007122365700810271,8,55.23076924910912,1.133937958570627,-1.0
0.0858233586080711,0.0028204662217335267,30,0.9753164350986481,0.0006944282990207196,8,57.92307692307692,1.101536009128277,-1.0
0.08600892755202949,0.003807407994331284,31,0.988219581078738,0.0006763279432533592,8,58.38461541212522,1.052485245191134,-1.0
0.08621602698059921,0.0032472107347778297,32,0.9843331519514322,0.0006579634122155992,8,61.84615384615385,1.0154295528852022,-1.0
0.08686806191690266,0.004100452452390032,33,1.0008942692074925,0.000639363022683212,8,65.76923080591055,0.9342001981001634,-1.0
0.08755907689390535,0.0047461464577777815,34,1.0156578968744725,0.0006205554551086735,8,64.53846152012164,0.9197906725223248,-1.0
0.08664798055013473,0.0025443098169158807,35,0.9814280341379344,0.0006015697093979838,8,68.92307694141681,0.8267522490941561,-1.0
0.08566618808121844,0.0037116850091313772,36,0.9834592179395258,0.0005824350601949146,8,70.07692313194275,0.8308801647332998,-1.0
0.08711000593294474,0.003709744873710654,37,0.9993024470750242,0.0005631810117416299,8,69.92307690473703,0.7901546949606676,-1.0
0.08668274042958563,0.00245360448025167,38,0.9807945669163018,0.0005438372523852835,8,72.76923080591055,0.7369254185603216,-1.0
0.08702861117622392,0.0025772627400742335,39,0.9859561601188034,0.0005244336088007391,8,74.6923076739678,0.6380124838535602,-1.0
0.08667121499522844,0.0026095011059872127,40,0.982371412916109,0.0005050000000000001,8,75.23076928578891,0.6527604822012094,-1.0
0.08751850918104703,0.0025066230869428678,41,0.99057084787637,0.0004855663911992613,8,75.23076923076923,0.6469867321161124,-1.0
0.0871383981694552,0.00260656119578264,42,0.9874859710689634,0.00046616274761471693,8,79.00000003667978,0.5701429264362041,-1.0
0.08760408915325323,0.0038133897522295065,43,1.0058819020632654,0.00044681898825837057,8,77.38461543963506,0.5879572006372306,-1.0
0.08700326969847083,0.0036326362116431647,44,0.9972440900746733,0.000427564939805086,8,78.23076921242934,0.5794238893802349,-1.0
0.08648462062278255,0.004035729470408775,45,0.9959570621140301,0.00040843029060201667,8,80.53846159348122,0.5308624826944791,-1.0
0.08603713824413717,0.0036512069319459524,46,0.9868104660417885,0.000389444544891327,8,83.69230772898747,0.46059444152391876,-1.0
0.08672506065869873,0.0028055854438042097,47,0.9851108680013567,0.0003706369773167883,8,82.92307697809659,0.4554235018216647,-1.0
0.08582525763830001,0.003433044640008699,48,0.9821059328969568,0.0003520365877844012,8,87.38461543963506,0.3896480178833008,-1.0
0.08533936381255361,0.0025506029117175126,49,0.9670410908292979,0.0003336720567466412,8,84.23076921242934,0.44329698140804585,-1.0
0.085288083773445,0.0051945946814323015,50,0.9955508960410953,0.0003155717009792807,8,86.30769234437209,0.40316236266723043,-1.0
0.0837490394584496,0.0038137023591182447,51,0.9634449721779674,0.00029776342991897335,8,87.92307692307692,0.34317921271690954,-1.0
0.08175741085274653,0.004164819690314206,52,0.9453864288516343,0.00028027470262892445,8,89.84615386449374,0.32210025347196136,-1.0
0.08528368056497791,0.0030839640689505773,53,0.9722954989410937,0.0002631324854590073,8,92.0,0.26672363652632786,-1.0
0.08635572663677687,0.004329455720091408,54,0.9977767260279506,0.0002463632104656054,8,92.23076921242934,0.234759385402386,-1.0
0.08694222755730152,0.0037955159998752856,55,0.9983561800327152,0.0002299927346552969,8,91.76923076923077,0.24702926200169784,-1.0
0.08743583074432205,0.00391818561845205,56,1.0051368749700487,0.00021404630011522587,8,94.38461542129517,0.19605249129808866,-1.0
0.08799079274335368,0.004286369901489128,57,1.0152934859506786,0.00019854849509163232,8,93.92307697809659,0.2009413206577301,-1.0
0.08625907165167684,0.002692551902410659,58,0.9787427419796586,0.00018352321607655918,8,94.84615390117352,0.17738850850325363,-1.0
0.08701145964335989,0.004692982353100722,59,1.0089824020396918,0.00016899363096119395,8,93.53846157514133,0.18978386072012093,-1.0
0.08637473361820659,0.004070998275313865,60,0.9951583240181208,0.000154982143312659,8,94.46153844319858,0.17681949294530427,-1.0
0.08740488308566538,0.0047376391012221575,61,1.0137997628189623,0.0001415103578293356,8,95.6923076739678,0.1475616626556103,-1.0
0.08671926135535944,0.0037245584694160657,62,0.9951167509425431,0.0001285990470279847,8,96.99999998166011,0.1177444739983632,-1.0
0.08662258410318331,0.0024550152646208353,63,0.980098441010341,0.0001162681192140312,8,97.38461542129517,0.10595816740622888,-1.0
0.08724575354294344,0.004233536204661836,64,1.0065018020104617,0.00010453658778440107,8,98.30769228935242,0.09619539412168356,-1.0
0.08793349030681631,0.003452437866309827,65,1.0055307280272245,9.342254191024022e-05,8,98.61538459704472,0.08942744076251984,-1.0
0.0888023686341264,0.003664288648658178,66,1.0174252688884735,8.294311864472437e-05,8,97.6923076739678,0.09547030274684612,-1.0
0.08799896689809182,0.00434224800714715,67,1.0160379700828344,7.311447649896551e-05,8,98.15384617218605,0.08717357433759249,-1.0
0.08893088285218585,0.004057392795485529,68,1.023157011019066,6.395177052675794e-05,8,98.23076924910912,0.0885714432826409,-1.0
0.08857479352842677,0.003922026646746831,69,1.0177938351407647,5.546912895658472e-05,8,97.30769236271198,0.09402130191142742,-1.0
0.08703626097518612,0.003855243388732726,70,1.0002064490690827,4.767963140691306e-05,8,98.92307690473703,0.06949310554907873,-1.0
0.08822803317823193,0.002315692455423149,71,0.996266369940713,4.059528871837034e-05,8,98.6153846337245,0.07230439607913677,-1.0
0.08924843790009618,0.004882680463858626,72,1.0357641039881855,3.4227024433899e-05,8,98.53846152012164,0.07761390947378599,-1.0
0.08824212508360771,0.0025567780883813448,73,0.9991059119347483,2.8584657955444653e-05,8,99.38461538461539,0.058622454496530384,-1.0
0.08775468672287058,0.004391647642478347,74,1.0138929930981249,2.367688940315011e-05,8,99.23076923076923,0.05834359476199517,-1.0
0.08631387065080079,0.002239455363120545,75,0.9743783329613507,1.951128620040094e-05,8,99.15384613550626,0.05901504667905661,-1.0
0.08747423931278965,0.0031964062416756697,76,0.9976803069002926,1.6094271405406862e-05,8,99.15384620886583,0.05806370845207801,-1.0
0.0869404539804567,0.0041572476567869835,77,1.0023148991167545,1.3431113807311488e-05,8,99.30769228935242,0.0501887063567455,-1.0
0.0865204958033494,0.0024460873947563496,78,0.978872915962711,1.1525919802101659e-05,8,99.6923076923077,0.055014371138352613,-1.0
0.08673370267603207,0.002406891244886951,79,0.9807862830348313,1.0381627060842164e-05,8,99.3076923076923,0.05538395922917586,-1.0
0.08736435798081485,0.0037044133906337347,80,1.0020034359768033,1e-05,8,98.76923078757066,0.060435530038980334,-1.0
0.10438209158283743,0.015001643872396513,1,1.3134970050305128,0.000999618372939158,9,17.85714304447174,2.3378798157828196,-1.0
0.10052896375683221,0.002746469976211136,2,1.1363187639508396,0.0009984740801978985,9,23.21428574834551,2.0397540249143327,-1.0
0.09940120247616009,0.004127523353831334,3,1.139085739850998,0.0009965688861926887,9,27.071428656578064,1.9077371685845512,-1.0
0.09449696581048722,0.00355688192542981,4,1.0788355199620128,0.0009939057285945933,9,27.000000170298986,1.8824046121324811,-1.0
0.05909203208813613,0.0034011404495686293,5,0.6876846081577241,0.0009904887137995992,9,29.642857262066432,1.8720157282693046,-1.0
0.07342141631736675,0.002398754766380245,6,0.834281652001664,0.00098632311059685,9,31.571428614003317,1.7960232884543283,-1.0
0.06046139770610766,0.002712650838392702,7,0.6952225659042597,0.0009814153420445555,9,34.00000022138868,1.7534966850280762,-1.0
0.07657939026301558,0.0026180559388277206,8,0.8715078919194639,0.0009757729755661012,9,34.785714456013274,1.7217364495141165,-1.0
0.08489036221395839,0.0028003388804129577,9,0.964898323174566,0.0009694047112816298,9,36.57142877578735,1.6566168410437447,-1.0
0.0873952755196528,0.002616247564384883,10,0.9904235799331218,0.0009623203685930871,9,38.571428877966746,1.6030596937452044,-1.0
0.08318894428455016,0.00305740162730217,11,0.9490201708395034,0.0009545308710434153,9,38.78571449007307,1.5949180793762208,-1.0
0.08967197534035552,0.004236578115854751,12,1.0332818690221757,0.0009460482294732422,9,41.71428615706308,1.523799465043204,-1.0
0.08390329850160262,0.0024764314928854055,13,0.9504627180285752,0.0009368855235010348,9,42.714285952704294,1.5122997161320277,-1.0
0.09170416662130844,0.003612360917031765,14,1.0487734810449183,0.0009270568813552758,9,44.78571442195347,1.4343724611827304,-1.0
0.10176061633550985,0.0024294420145452023,15,1.1463810971472412,0.0009165774580897602,9,47.9285717351096,1.3907423264639718,-1.0
0.09766187220388516,0.0026303706902333283,16,1.1034622238948941,0.0009054634122155992,9,46.57142886093685,1.418731758253915,-1.0
0.09974591434001923,0.004181902030144225,17,1.1434637459460646,0.0008937318807859689,9,49.357142976352144,1.300704162461417,-1.0
0.10016181954944675,0.0035010429988191886,18,1.1405401108786464,0.0008814009529720156,9,50.6428575856345,1.291664983204433,-1.0
0.0999604177407243,0.0034500109031796455,19,1.1378010548651218,0.0008684896421706646,9,52.07142857142857,1.2449048471450805,-1.0
0.10017750681039285,0.00299618319100277,20,1.1351955879945308,0.0008550178566873412,9,54.7142859186445,1.207258655684335,-1.0
0.09202926819720729,0.003505107354034077,21,1.0511842600535601,0.0008410063690388064,9,55.85714299338205,1.1636782169342041,-1.0
0.060542314906011925,0.0023913919206031346,22,0.6925547518767416,0.0008264767839234412,9,54.50000017029898,1.16625440461295,-1.0
0.07491819217631762,0.003375063734975728,23,0.8615114530548453,0.000811451504908368,9,57.214286020823884,1.1275865282331194,-1.0
0.06379583930935372,0.0024608936033804307,24,0.7290628508199006,0.0007959536998847743,9,59.92857183728899,1.0604929440362112,-1.0
0.0619772524276579,0.002879095771773295,25,0.7136593090835959,0.0007800072653447032,9,62.928571939468384,0.9796643768038068,-1.0
0.08695058763789182,0.002876104088500142,26,0.988345906836912,0.0007636367895343947,9,63.21428608894348,0.9685056022235325,-1.0
0.08826059989885172,0.0036344156515869227,27,1.0110926621127874,0.0007468675145409928,9,66.00000044277736,0.9103425090653555,-1.0
0.09064708402465013,0.0036628828807310624,28,1.0376634071581066,0.0007297252973710758,9,68.28571452413287,0.8511130271639142,-1.0
0.09013725372708657,0.002614054193889553,29,1.0205124199856073,0.0007122365700810271,9,69.6428575856345,0.8162675435202462,-1.0
0.09031406425955621,0.002686693206090819,30,1.023252587998286,0.0006944282990207196,9,71.28571466037205,0.7520766953059606,-1.0
0.09236074734309857,0.002422479298812422,31,1.0428808219730854,0.0006763279432533592,9,73.42857200758797,0.7067805865832738,-1.0
0.09220277520150623,0.0022869532589207997,32,1.0396340240258723,0.0006579634122155992,9,74.71428615706307,0.6479235598019191,-1.0
0.09065412418832156,0.0026548972819000483,33,1.026657093083486,0.000639363022683212,9,74.35714302744184,0.649406098297664,-1.0
0.09232765264724466,0.0025242057163268328,34,1.043629331048578,0.0006205554551086735,9,78.85714302744184,0.5779712234224592,-1.0
0.09134276416576044,0.004115979102524844,35,1.050333997933194,0.0006015697093979838,9,80.42857204164777,0.5459623670578003,-1.0
0.09086227806454356,0.00417377037758177,36,1.0456422020215541,0.0005824350601949146,9,81.78571469443185,0.4797914673600878,-1.0
0.09177609010260891,0.004555627915330909,37,1.059886233881116,0.0005631810117416299,9,84.85714329992022,0.426857248714992,-1.0
0.09066047134216536,0.002338140123439106,38,1.0232261689379811,0.0005438372523852835,9,85.42857197352818,0.40555500524384636,-1.0
0.09128780059770426,0.0036353633993051267,39,1.0443939929828048,0.0005244336088007391,9,88.07142901420593,0.3554696714878082,-1.0
0.09181432682089508,0.003618550825525414,40,1.0500226661097258,0.0005050000000000001,9,88.21428605488369,0.34921945452690123,-1.0
0.09176160748624666,0.002284628614275293,41,1.0347631389740855,0.0004855663911992613,9,88.42857190540859,0.32005488327571324,-1.0
0.09239817019128664,0.002680780810557983,42,1.046147960005328,0.00046616274761471693,9,89.4285717691694,0.3118255895376205,-1.0
0.0903198272624815,0.004084831273013895,43,1.0386913539841771,0.00044681898825837057,9,89.92857200758797,0.27220415217535837,-1.0
0.0897893593646586,0.004138615172864361,44,1.033454469870776,0.000427564939805086,9,89.78571479661124,0.27488625849996295,-1.0
0.09144194593483751,0.003885975530879064,45,1.048851012950763,0.00040843029060201667,9,93.00000017029899,0.19679675621645792,-1.0
0.08893101814795625,0.004720318490977992,46,1.0304074180312455,0.000389444544891327,9,93.28571459225246,0.19777510472706386,-1.0
0.09074096756309948,0.00385157662359151,47,1.040760770905763,0.0003706369773167883,9,94.28571476255145,0.17701187244483402,-1.0
0.09023216887461868,0.0036595057569105516,48,1.0330665688961744,0.0003520365877844012,9,95.4285717691694,0.1459991615159171,-1.0
0.09121463392776522,0.004542936973104423,49,1.0535876210778952,0.0003336720567466412,9,97.28571486473083,0.10903560642685209,-1.0
0.0920055921993811,0.0026970386335795574,50,1.042046254966408,0.0003155717009792807,9,96.71428605488369,0.10787115446158818,-1.0
0.09187136588364163,0.0027019504711709237,51,1.040551969083026,0.00029776342991897335,9,97.28571476255145,0.09905932639326367,-1.0
0.09065520208836957,0.0023132315413518386,52,1.0229565659537911,0.00028027470262892445,9,97.357143504279,0.09228878327778407,-1.0
0.09259084199385886,0.002626666651022705,53,1.0476806471124291,0.0002631324854590073,9,98.57142915044513,0.06681872557316508,-1.0
0.09062445333058183,0.0035227776759050107,54,1.0358550648670644,0.0002463632104656054,9,98.6428577218737,0.054586235455104284,-1.0
0.09117948414165188,0.005472560963508758,55,1.06341752409935,0.0002299927346552969,9,98.50000064713615,0.05753864856702941,-1.0
0.09124942308037796,0.003447634908794002,56,1.0419175128918141,0.00021404630011522587,9,99.07142921856472,0.04944659426808357,-1.0
0.09009950318035077,0.0036603533662855625,57,1.031601586844772,0.00019854849509163232,9,99.14285714285714,0.04159742578864098,-1.0
0.09042343840172345,0.003983813867142255,58,1.0387238007970154,0.00018352321607655918,9,99.35714285714286,0.03433536980833326,-1.0
0.09174332120032473,0.004433908520943739,59,1.0581930638290942,0.00016899363096119395,9,99.28571493285042,0.034840648940631325,-1.0
0.09154333504424854,0.0036194063088094645,60,1.047050436027348,0.000154982143312659,9,99.85714285714286,0.021617921266172613,-1.0
0.09238939914344386,0.0027943133080208845,61,1.0472741778939962,0.0001415103578293356,9,99.71428571428571,0.023729629718831607,-1.0
0.0920638729056174,0.0026216633744876494,62,1.0417936379089952,0.0001285990470279847,9,99.92857142857143,0.02051255808344909,-1.0
0.09076549948870459,0.0034667552364143457,63,1.0368005610071123,0.0001162681192140312,9,99.57142857142857,0.025416970753243992,-1.0
0.09115598856640811,0.0027545628942210565,64,1.0332702579908073,0.00010453658778440107,9,99.64285714285714,0.023779966841850964,-1.0
0.09076819645071571,0.0023725894703106446,65,1.024803888052702,9.342254191024022e-05,9,99.57142857142857,0.024352421568972722,-1.0
0.09213873976841569,0.0038309901402416554,66,1.0559859580826014,8.294311864472437e-05,9,100.0,0.017300977680299964,-1.0
0.09238919473930517,0.004358452067456462,67,1.0645137699320912,7.311447649896551e-05,9,99.85714285714286,0.015768135599792003,-1.0
0.09300205562348393,0.002379557117819786,68,1.0494635100476444,6.395177052675794e-05,9,100.0,0.012454516594963414,-1.0
0.09149721662767908,0.003489686197347262,69,1.0451178040821105,5.546912895658472e-05,9,99.92857142857143,0.013233111522027424,-1.0
0.09209883369674737,0.002951175207272172,70,1.0458089471794665,4.767963140691306e-05,9,99.85714285714286,0.0156456333771348,-1.0
0.09056468553502452,0.003429387378591028,71,1.0341944110114127,4.059528871837034e-05,9,100.0,0.014002086392470768,-1.0
0.09027933507141742,0.003664573019539768,72,1.033636009087786,3.4227024433899e-05,9,99.85714285714286,0.013532031199761799,-1.0
0.09135784585536881,0.0022893585053018546,73,1.0303732680622488,2.8584657955444653e-05,9,100.0,0.010391462711351258,-1.0
0.08850123003040525,0.00238890006122264,74,1.0000411560758948,2.367688940315011e-05,9,100.0,0.012339190893939563,-1.0
0.0905721024398438,0.0024634049147028813,75,1.0236412771046162,1.951128620040094e-05,9,99.92857142857143,0.013176648111215659,-1.0
0.09140424081124365,0.003745959648354487,76,1.0469006071798503,1.6094271405406862e-05,9,100.0,0.01282732612320355,-1.0
0.09231190976094115,0.004304793599823659,77,1.063039980828762,1.3431113807311488e-05,9,99.85714285714286,0.011196289392454284,-1.0
0.0894198010421612,0.004249246685173024,78,1.0306090698577464,1.1525919802101659e-05,9,99.92857142857143,0.012439639845064708,-1.0
0.09120358655821871,0.00236534598198804,79,1.029500612989068,1.0381627060842164e-05,9,100.0,0.010956013612449168,-1.0
0.09007659486748955,0.0037809594068676233,80,1.0326976240612566,1e-05,9,100.0,0.009915369163666452,-1.0
0.10220298000300924,0.018009638821240515,1,1.442908622091636,0.000999618372939158,10,18.066666666666666,2.2615700664520264,-1.0
0.10004521304896723,0.0022733581330006323,2,1.228105247952044,0.0009984740801978985,10,24.80000006357829,2.015845379511515,-1.0
0.09851707867346704,0.0023167323282298944,3,1.210282937856391,0.0009965688861926887,10,26.933333317438763,1.9592669274012249,-1.0
0.09835255373036489,0.0033505986987923584,4,1.2207146550063044,0.0009939057285945933,10,30.73333334128062,1.8527155755360922,-1.0
0.06672999447134013,0.003213841856146852,5,0.8395620400551707,0.0009904887137995992,10,29.733333285649618,1.8474931872685751,-1.0
0.07001002528704703,0.003274222389639666,6,0.8796615479514003,0.00098632311059685,10,32.199999968210854,1.7834127559661865,-1.0
0.060133687511552125,0.004265566744531195,7,0.773065160959959,0.0009814153420445555,10,36.13333337306976,1.7040713729858399,-1.0
0.08036450057988986,0.002908966678660363,8,0.9996185621712357,0.0009757729755661012,10,34.000000007947285,1.7076705131530763,-1.0
0.0875895651212583,0.002661593801652392,9,1.0833119940944016,0.0009694047112816298,10,33.866666618982954,1.6939452686309815,-1.0
0.09005654812790453,0.0029282188625074923,10,1.11611269810237,0.0009623203685930871,10,38.99999996026357,1.599892697016398,-1.0
0.09036008551872025,0.0026399948983453214,11,1.1162899888586253,0.0009545308710434153,10,38.73333332538605,1.5873369042078653,-1.0
0.0898013359013324,0.003721201268490404,12,1.1225699349306524,0.0009460482294732422,10,41.93333342870076,1.519348157564799,-1.0
0.08162173621046047,0.003916621130580704,13,1.0267153999302536,0.0009368855235010348,10,42.99999997615814,1.479967693010966,-1.0
0.08839489797052617,0.003225664452960094,14,1.099780400050804,0.0009270568813552758,10,43.26666677792867,1.49200630569458,-1.0
0.09951075533172116,0.002286930161062628,15,1.221817553974688,0.0009165774580897602,10,45.86666674613953,1.4266538054148357,-1.0
0.09085848558849345,0.003352662412604938,16,1.1307744581717998,0.0009054634122155992,10,47.2,1.3775860865910847,-1.0
0.09782728096858288,0.002786731619077424,17,1.2076253681443632,0.0008937318807859689,10,47.06666669050853,1.3506139952341716,-1.0
0.09912825249678765,0.003367159340996295,18,1.2301891590468585,0.0008814009529720156,10,50.33333338101705,1.26599116675059,-1.0
0.09961757407290861,0.0038477526783632734,19,1.2418488271068782,0.0008684896421706646,10,52.46666677792867,1.256211357752482,-1.0
0.10064702642072614,0.004010165653501947,20,1.2561489089857787,0.0008550178566873412,10,51.4666666507721,1.255035000483195,-1.0
0.07072010358873133,0.0037860467564314604,21,0.8943156281020492,0.0008410063690388064,10,52.73333326975504,1.219393858273824,-1.0
0.06426460874111702,0.0022189560889576874,22,0.798049989156425,0.0008264767839234412,10,56.60000020662944,1.1650912478764852,-1.0
0.07092462848716725,0.003666887835909923,23,0.8953435439616442,0.000811451504908368,10,58.866666889190675,1.0947507848739624,-1.0
0.06114368385169655,0.003543402572783331,24,0.776479619089514,0.0007959536998847743,10,57.99999990463257,1.0772197532653809,-1.0
0.07487629563547671,0.002908928106383731,25,0.9336701959837228,0.0007800072653447032,10,61.6666668732961,1.0185209274291993,-1.0
0.08592965050290029,0.0034768886592549584,26,1.0731252699624747,0.0007636367895343947,10,64.06666688919067,0.9539452950159709,-1.0
0.08927247702376917,0.002411937981378287,27,1.1004510279744864,0.0007468675145409928,10,64.26666682561239,0.9326106731096904,-1.0
0.0892413414743108,0.003949042855917166,28,1.118526664096862,0.0007297252973710758,10,66.40000015894572,0.8791561830838521,-1.0
0.09007541575313856,0.003732573997694999,29,1.1259417161345482,0.0007122365700810271,10,67.80000006357828,0.8408138225873312,-1.0
0.09004985962140684,0.002116739381259928,30,1.1062500840052962,0.0006944282990207196,10,71.80000006357828,0.7424008014996847,-1.0
0.09032106273419534,0.004496904943759243,31,1.1380608298350126,0.0006763279432533592,10,71.33333357175191,0.7158004260063171,-1.0
0.09287377753450225,0.005051218303075681,32,1.17536886385642,0.0006579634122155992,10,73.00000020662944,0.7019859261512756,-1.0
0.08776690040637429,0.0032364336657337844,33,1.092285247053951,0.000639363022683212,10,73.20000004768372,0.7205153745015462,-1.0
0.0901919611884902,0.0032467749745895467,34,1.1215113138314337,0.0006205554551086735,10,76.26666674613952,0.6424899093310038,-1.0
0.09025365156897654,0.0020885179207349816,35,1.1083496499340981,0.0006015697093979838,10,78.06666661898295,0.5706985117594401,-1.0
0.08915789561190952,0.002834375229819367,36,1.1041976250708103,0.0005824350601949146,10,82.80000027020772,0.4684406174818675,-1.0
0.08878409682074562,0.0037792121875099838,37,1.1110479501076043,0.0005631810117416299,10,85.06666688919067,0.4290796140829722,-1.0
0.0901928124949336,0.0038546069214741388,38,1.1288593490608037,0.0005438372523852835,10,83.33333355585734,0.4542569307486216,-1.0
0.08901988771200801,0.003925669045808415,39,1.1156062199734151,0.0005244336088007391,10,84.59999998410542,0.41517866420745847,-1.0
0.08908865098298217,0.0035446450929157436,40,1.1118989209644496,0.0005050000000000001,10,86.60000015894572,0.36462592697143553,-1.0
0.09013638589143132,0.0033536878569672504,41,1.1221822570078075,0.0004855663911992613,10,90.1333334128062,0.30237531538804374,-1.0
0.09075751343819623,0.0037655448152994118,42,1.134568216977641,0.00046616274761471693,10,89.86666692097982,0.28968566155433656,-1.0
0.09092700817078973,0.004021085662922512,43,1.1396736910101026,0.00044681898825837057,10,91.86666684150696,0.25821809577941895,-1.0
0.09035793391133969,0.0028692299189666906,44,1.1190120759420097,0.000427564939805086,10,93.53333349227906,0.21004607764879862,-1.0
0.08771732323414956,0.002728255931288004,45,1.0855875809211284,0.00040843029060201667,10,93.93333341280619,0.19253007352352142,-1.0
0.08993338351137936,0.0029676377501649163,46,1.1150558600202203,0.000389444544891327,10,93.20000012715657,0.18836740469932556,-1.0
0.09145441207025821,0.002197166613768786,47,1.1241087378002703,0.0003706369773167883,10,94.46666677792867,0.15563159469763438,-1.0
0.09000689410216485,0.0038813059024202325,48,1.12694459897466,0.0003520365877844012,10,95.86666680971781,0.13406596851348876,-1.0
0.09010436605118836,0.0021865612749631205,49,1.1077779070474207,0.0003336720567466412,10,96.60000009536743,0.1303789417743683,-1.0
0.09088450592632095,0.003243714163545519,50,1.129827906144783,0.0003155717009792807,10,96.53333338101704,0.11196134815613429,-1.0
0.09033543249825016,0.002579750590181599,51,1.115276498021558,0.00029776342991897335,10,98.13333336512248,0.08520309623082478,-1.0
0.08990097276788826,0.0037847509956918657,52,1.1245133529882878,0.00028027470262892445,10,97.26666674613952,0.08961503138144811,-1.0
0.09062257762222241,0.00219036287550504,53,1.113993292907253,0.0002631324854590073,10,98.4,0.06735744325319926,-1.0
0.09016861613296594,0.003772434953134507,54,1.1275503798387945,0.0002463632104656054,10,99.13333334922791,0.053944512029488884,-1.0
0.09049701935146004,0.0034273997298441827,55,1.12733608414419,0.0002299927346552969,10,99.06666666666666,0.05534545037150383,-1.0
0.09000207883461069,0.0026457104249857366,56,1.1120645969640464,0.00021404630011522587,10,99.13333339691162,0.04885190836588542,-1.0
0.08794384480764468,0.0037675039493478835,57,1.1008337519597262,0.00019854849509163232,10,99.3333333492279,0.03659571292002996,-1.0
0.09104998374823481,0.0033857604139484465,58,1.133522029966116,0.00018352321607655918,10,99.6,0.033887691448132196,-1.0
0.09004683811993648,0.0034474056252899268,59,1.122218226082623,0.00016899363096119395,10,99.73333336512248,0.02887976727883021,-1.0
0.09084483647408585,0.0036818342826639614,60,1.1346064580138773,0.000154982143312659,10,99.73333333333333,0.02264162050684293,-1.0
0.08983300500161324,0.002254540081291149,61,1.1053028989117593,0.0001415103578293356,10,99.66666666666667,0.021782460217674573,-1.0
0.0902302991404819,0.003677524859085679,62,1.1272081099450588,0.0001285990470279847,10,99.86666666666666,0.02036757271985213,-1.0
0.09098347439430654,0.00264858384616673,63,1.1239045090042055,0.0001162681192140312,10,99.73333333333333,0.020839465096592902,-1.0
0.09144127611458923,0.002450538876776894,64,1.127058224985376,0.00010453658778440107,10,99.93333333333334,0.01642152060568333,-1.0
0.09091756900306791,0.0023605909082107246,65,1.1196461610961705,9.342254191024022e-05,10,99.86666666666666,0.01775414103269577,-1.0
0.09019566158531234,0.002442983405975004,66,1.1119168899022043,8.294311864472437e-05,10,99.8,0.019368993759155274,-1.0
0.08825613550531368,0.0022204487468115985,67,1.0860143639147282,7.311447649896551e-05,10,99.93333333333334,0.016307283823688824,-1.0
0.08600342031180237,0.0037462404385829964,68,1.0772905319463462,6.395177052675794e-05,10,100.0,0.01426442069808642,-1.0
0.08946344359234597,0.0034056986526896558,69,1.1146727621089667,5.546912895658472e-05,10,100.0,0.01246358674019575,-1.0
0.08881143154576421,0.0027977575470382967,70,1.0995570290833712,4.767963140691306e-05,10,99.93333333333334,0.012230225327114264,-1.0
0.09004230797290802,0.0037609157734550536,71,1.1258981439750642,4.059528871837034e-05,10,99.93333333333334,0.013028825680414836,-1.0
0.0904243106294113,0.0027903521937939026,72,1.1188217129092664,3.4227024433899e-05,10,100.0,0.012250627771019935,-1.0
0.08874298279018451,0.0024280836999726794,73,1.0943002891726792,2.8584657955444653e-05,10,99.93333333333334,0.013926083333790302,-1.0
0.08873694291105494,0.0020859225769527256,74,1.0901246920693666,2.367688940315011e-05,10,99.86666666666666,0.012331682595113913,-1.0
0.09024074369032557,0.002382178655049453,75,1.1117343069054186,1.951128620040094e-05,10,99.86666666666666,0.013839392706751823,-1.0
0.08956917385027434,0.0033648983032132187,76,1.1155091261025518,1.6094271405406862e-05,10,99.93333333333334,0.011461957603693009,-1.0
0.09041509268960606,0.00207361588642622,77,1.1101170321926475,1.3431113807311488e-05,10,99.86666666666666,0.01324030701816082,-1.0
0.08854509746500601,0.003842043379942576,78,1.108882695902139,1.1525919802101659e-05,10,100.0,0.009546519587437312,-1.0
0.08928713070539136,0.0026089814685595534,79,1.1030382530298084,1.0381627060842164e-05,10,100.0,0.011801587045192718,-1.0
0.0886714246783716,0.0037836131523363292,80,1.1097552960272878,1e-05,10,99.86666668256125,0.011545673340559006,-1.0
0.10362628668260115,0.013468444562302185,1,1.5225044251419604,0.000999618372939158,11,18.5625,2.291572914123535,-1.0
0.0982324094690669,0.002440218598796771,2,1.309168481035158,0.0009984740801978985,11,22.875,2.0133110809326173,-1.0
0.09738615045968729,0.002947092611485949,3,1.30460374802351,0.0009965688861926887,11,27.0625,1.9380552291870117,-1.0
0.09699775484533837,0.0021736062346742703,4,1.2895392021164298,0.0009939057285945933,11,28.25,1.886113510131836,-1.0
0.07018188041491577,0.0022071311250329018,5,0.9413530540186912,0.0009904887137995992,11,28.9375,1.8225025177001952,-1.0
0.07149433204904199,0.003207092101757343,6,0.971426917007193,0.00098632311059685,11,31.5,1.8111849212646485,-1.0
0.05811064804975803,0.0018975812619408737,7,0.7803923590108752,0.0009814153420445555,11,33.3125,1.7418678092956543,-1.0
0.084913651082808,0.003281945541787606,8,1.1467750039882958,0.0009757729755661012,11,35.0,1.6951636123657225,-1.0
0.08427371111555168,0.003267574356868863,9,1.1382904811762273,0.0009694047112816298,11,35.0625,1.6726392745971679,-1.0
0.08621239470532881,0.0031509229805893623,10,1.1620117130223662,0.0009623203685930871,11,38.125,1.6360462760925294,-1.0
0.08853159970245682,0.0029080632106902506,11,1.188965403009206,0.0009545308710434153,11,37.5,1.6002791976928712,-1.0
0.08852296868840662,0.004128136707899662,12,1.204723056871444,0.0009460482294732422,11,36.9375,1.6131311988830566,-1.0
0.0891476152285647,0.0033852577639313843,13,1.203178957104683,0.0009368855235010348,11,41.125,1.5155732727050781,-1.0
0.0703114909478105,0.0023291041322339038,14,0.9445667848922312,0.0009270568813552758,11,41.5625,1.5059065914154053,-1.0
0.097640197025612,0.0029790299013257027,15,1.308311342028901,0.0009165774580897602,11,41.9375,1.5089687824249267,-1.0
0.09445464725677784,0.002242422358204539,16,1.257308074971661,0.0009054634122155992,11,45.0,1.4170008945465087,-1.0
0.09823650472725813,0.0026930429650327335,17,1.3123129240702838,0.0008937318807859689,11,46.375,1.38562424659729,-1.0
0.09714030128760406,0.004212259780615568,18,1.3178286829497665,0.0008814009529720156,11,47.75,1.344764986038208,-1.0
0.09744165004947437,0.0023093218736063978,19,1.2970104368869215,0.0008684896421706646,11,50.3125,1.2956511116027831,-1.0
0.09728061705111311,0.002955067795343124,20,1.3033003071323037,0.0008550178566873412,11,51.8125,1.2652537822723389,-1.0
0.06827159576977675,0.002985265302973298,21,0.9265773810911924,0.0008410063690388064,11,51.4375,1.276341485977173,-1.0
0.0692929202117599,0.0026190456970093343,22,0.935105212032795,0.0008264767839234412,11,55.0625,1.1735820293426513,-1.0
0.06474198288140962,0.0025239801929833796,23,0.87469601794146,0.000811451504908368,11,57.5,1.1399116134643554,-1.0
0.0608095890448357,0.002132720869177809,24,0.8185561690479517,0.0007959536998847743,11,58.1875,1.1032952690124511,-1.0
0.08450681748441778,0.003156387211325077,25,1.1399186959024519,0.0007800072653447032,11,58.9375,1.0905967903137208,-1.0
0.0869788968971429,0.0018938581029383035,26,1.1555830801371485,0.0007636367895343947,11,59.375,1.0310080337524414,-1.0
0.08765448952237001,0.0030564703226376036,27,1.1795273141469806,0.0007468675145409928,11,60.375,1.0128621244430542,-1.0
0.08863344543183652,0.002859050246815269,28,1.1896976069547236,0.0007297252973710758,11,63.75,0.960229959487915,-1.0
0.08852018428464922,0.0019593715596084413,29,1.1765242910478264,0.0007122365700810271,11,65.9375,0.9142133665084838,-1.0
0.08917609858326614,0.0023109574909680164,30,1.189572128932923,0.0006944282990207196,11,66.5625,0.8496232318878174,-1.0
0.08865533183472088,0.0034597143889046633,31,1.1977775138802826,0.0006763279432533592,11,69.5625,0.8232882261276245,-1.0
0.08934321644930886,0.0030585773325023744,32,1.2021399040240794,0.0006579634122155992,11,72.9375,0.7488753151893616,-1.0
0.08846297657762009,0.003151806966903118,33,1.191228891024366,0.000639363022683212,11,72.25,0.712211503982544,-1.0
0.08960681433717792,0.0020623520518151615,34,1.1919380608014762,0.0006205554551086735,11,73.375,0.6776248359680176,-1.0
0.08951320278888139,0.0020082593680574344,35,1.1900193879846483,0.0006015697093979838,11,76.5,0.6274299550056458,-1.0
0.08883211045311047,0.0024909252444138895,36,1.1874263640493155,0.0005824350601949146,11,79.3125,0.5569057750701905,-1.0
0.08853866467968775,0.002595112927687856,37,1.1849821128416806,0.0005631810117416299,11,80.8125,0.5309981489181519,-1.0
0.08781283708790746,0.002328667753877548,38,1.1720818469766527,0.0005438372523852835,11,82.0,0.4860063433647156,-1.0
0.08879560022614896,0.002039135003892275,39,1.1810907279141247,0.0005244336088007391,11,82.5625,0.4635699188709259,-1.0
0.0876439986929584,0.003316805393506701,40,1.1827305217739195,0.0005050000000000001,11,84.5,0.4374186170101166,-1.0
0.08933214746558896,0.002262323754481398,41,1.1910292459651828,0.0004855663911992613,11,86.625,0.3581323301792145,-1.0
0.08872469394611052,0.004354369987805302,42,1.2102642450481653,0.00046616274761471693,11,86.5,0.36416484117507936,-1.0
0.08865149122161362,0.0037204361556527708,43,1.2011214261874557,0.00044681898825837057,11,87.1875,0.34953713297843936,-1.0
0.0885613735120457,0.003341622561073074,44,1.1949805398471653,0.000427564939805086,11,88.25,0.31810489535331726,-1.0
0.08878345536784484,0.0032547963245843467,45,1.1967396149411798,0.00040843029060201667,11,90.5625,0.2783546996116638,-1.0
0.08849735291173252,0.0034931367800499383,46,1.1961084839422256,0.000389444544891327,11,91.375,0.24767516136169435,-1.0
0.08874328398647216,0.004053965479565354,47,1.2066088300198317,0.0003706369773167883,11,92.0625,0.23610224962234497,-1.0
0.09037527515409657,0.0026485985324073294,48,1.2095532820094377,0.0003520365877844012,11,93.6875,0.19850856602191924,-1.0
0.0900999057249954,0.004267998362103334,49,1.2270173840224743,0.0003336720567466412,11,94.9375,0.16757746875286103,-1.0
0.08716792969677883,0.0031431579174330602,50,1.1742754669394344,0.0003155717009792807,11,96.5,0.14152622640132903,-1.0
0.08877843835104543,0.0020602287975354837,51,1.1811416822019964,0.00029776342991897335,11,96.125,0.12358117699623108,-1.0
0.08938915397112186,0.0020577744939006292,52,1.1890553270932287,0.00028027470262892445,11,97.3125,0.1005457204580307,-1.0
0.08661959191354421,0.004681851087997739,53,1.1871588379144669,0.0002631324854590073,11,97.875,0.08836634278297424,-1.0
0.08815337810665369,0.0019204284315212415,54,1.1711922739632428,0.0002463632104656054,11,98.0625,0.08268726766109466,-1.0
0.08550190216360185,0.0034500389861372802,55,1.1566133729647845,0.0002299927346552969,11,98.875,0.06664910793304443,-1.0
0.08920824688930924,0.0020584607353577246,56,1.1866998381447047,0.00021404630011522587,11,98.625,0.061399825513362885,-1.0
0.0891054399813024,0.0029503154890755047,57,1.1975175309926271,0.00019854849509163232,11,99.125,0.05211583226919174,-1.0
0.0884089487640617,0.0028699009965818664,58,1.1868808600120246,0.00018352321607655918,11,98.875,0.05044951885938644,-1.0
0.0885797008478011,0.001922639230122933,59,1.1767767199780792,0.00016899363096119395,11,99.375,0.0400597719848156,-1.0
0.08829475679578117,0.0031529071275144815,60,1.1890573871787637,0.000154982143312659,11,99.4375,0.04043442316353321,-1.0
0.08821464120410383,0.002220145408780529,61,1.1758840328548104,0.0001415103578293356,11,99.75,0.030096941441297532,-1.0
0.0887340536305251,0.0033360748336865352,62,1.1971503079403192,0.0001285990470279847,11,99.875,0.024584654718637466,-1.0
0.08952551218681037,0.0043275041254953696,63,1.220331524964422,0.0001162681192140312,11,99.625,0.028204485476016998,-1.0
0.08829308380014621,0.003207634507606809,64,1.1897539449855685,0.00010453658778440107,11,99.8125,0.024929763451218605,-1.0
0.08869315751899894,0.0032036430918826507,65,1.1950026038102806,9.342254191024022e-05,11,99.8125,0.020608703792095184,-1.0
0.08801366480139013,0.0030930919680171288,66,1.1847956099081784,8.294311864472437e-05,11,100.0,0.019298690035939217,-1.0
0.08975979100124767,0.0020324344603488077,67,1.1935818451456726,7.311447649896551e-05,11,100.0,0.018844295740127564,-1.0
0.0910712258102229,0.0044923614925489975,68,1.2426287790294737,6.395177052675794e-05,11,99.75,0.0197129974514246,-1.0
0.08926061429799749,0.004831800631319101,69,1.2234475929290056,5.546912895658472e-05,11,99.8125,0.021801181212067602,-1.0
0.08819418361123937,0.002554157247337011,70,1.1800040050875396,4.767963140691306e-05,11,99.75,0.018470528349280358,-1.0
0.08871174827576257,0.002248185185285715,71,1.1827256539836526,4.059528871837034e-05,11,99.9375,0.018024500086903573,-1.0
0.08855716137287135,0.0030854464723513676,72,1.1915951040573418,3.4227024433899e-05,11,99.875,0.01774372734129429,-1.0
0.08931513035741563,0.0035379504820761774,73,1.2073537970427424,2.8584657955444653e-05,11,99.9375,0.015102143883705139,-1.0
0.08786566585947114,0.002988722139539627,74,1.181353413965553,2.367688940315011e-05,11,99.875,0.01621188908815384,-1.0
0.08759422689819565,0.0024338405615148637,75,1.1706067400518805,1.951128620040094e-05,11,99.8125,0.01593429170548916,-1.0
0.0898042215177646,0.002292712702630804,76,1.1975027190055698,1.6094271405406862e-05,11,99.875,0.016975217908620836,-1.0
0.08911389139337608,0.0019004233002376098,77,1.1834140929859132,1.3431113807311488e-05,11,99.875,0.016804690808057784,-1.0
0.08940615472741999,0.002132352817660341,78,1.1902419698890299,1.1525919802101659e-05,11,99.9375,0.012759504690766334,-1.0
0.08928233392250079,0.0028949344638161934,79,1.1985483050812036,1.0381627060842164e-05,11,99.875,0.015141642540693284,-1.0
0.08866977630756222,0.002204831689596176,80,1.1816128690261394,1e-05,11,100.0,0.013454730287194253,-1.0
0.10090560339657324,0.012493386399000883,1,1.587861250853166,0.000999618372939158,12,17.470588237047195,2.2628382778167726,-1.0
0.09690815682655998,0.002459176816046238,2,1.3914169617928565,0.0009984740801978985,12,23.88235294117647,2.0267263625649843,-1.0
0.09692007193474897,0.002921885278608118,3,1.3980658191721886,0.0009965688861926887,12,27.82352943280164,1.949058084487915,-1.0
0.09730840111816567,0.0032938646618276834,4,1.4086845009587705,0.0009939057285945933,12,29.235294117647058,1.8811969358780805,-1.0
0.05859225397996072,0.0031598787255851285,5,0.8647625870071352,0.0009904887137995992,12,29.58823529411765,1.8491626986335306,-1.0
0.06929524992925248,0.0022918887802266647,6,1.0024512091185898,0.00098632311059685,12,30.823529411764707,1.8014191762138816,-1.0
0.06340684583743236,0.0021680501522496343,7,0.9182771670166403,0.0009814153420445555,12,32.05882351538714,1.7870615510379566,-1.0
0.08723713657153505,0.001892964289124523,8,1.2480484531261027,0.0009757729755661012,12,33.647058844566345,1.7398058002135333,-1.0
0.08876874281226524,0.0018990663312641637,9,1.2695793118327856,0.0009694047112816298,12,36.41176468484542,1.6883447619045482,-1.0
0.08878947729577444,0.002569965269815709,10,1.2792658561374992,0.0009623203685930871,12,36.352941162445966,1.670682336021872,-1.0
0.08847491937090776,0.0025717115495353937,11,1.2748908509965986,0.0009545308710434153,12,37.294117640046515,1.6428994223650764,-1.0
0.08888704728867326,0.0029338231376771417,12,1.2857292918488383,0.0009460482294732422,12,37.94117648461286,1.614124506221098,-1.0
0.08867589869935598,0.003461903875826725,13,1.2901580189354718,0.0009368855235010348,12,40.8235294117647,1.5627433861003202,-1.0
0.07718608235674244,0.0017780094307714275,14,1.105755080934614,0.0009270568813552758,12,41.05882353642408,1.538779045273276,-1.0
0.09884575712827168,0.0029649011557921767,15,1.4255886049941182,0.0009165774580897602,12,42.52941179275513,1.4924559110753677,-1.0
0.09512152399734727,0.0027874570805579424,16,1.370980896987021,0.0009054634122155992,12,44.70588237397811,1.4472538589028752,-1.0
0.0973161409243143,0.003503775573335588,17,1.4117234190925956,0.0008937318807859689,12,47.99999999298769,1.3774378961675307,-1.0
0.09896926495379635,0.0030860662726419313,18,1.4290115430485457,0.0008814009529720156,12,47.29411768212038,1.3839479328604305,-1.0
0.09733247580671948,0.0028871259751862715,19,1.4033242301084101,0.0008684896421706646,12,48.88235292013954,1.3581958916608026,-1.0
0.08037031258988593,0.0018749114159228547,20,1.1516598958987743,0.0008550178566873412,12,51.4117647339316,1.2823177121667302,-1.0
0.06006649269589356,0.0018081418737503035,21,0.8665196259971708,0.0008410063690388064,12,51.88235295520109,1.261905715044807,-1.0
0.07408974848554603,0.002834703523798713,22,1.077161266002804,0.0008264767839234412,12,54.470588228281805,1.2035887690151439,-1.0
0.06520876491309277,0.00301838551448392,23,0.9554431701544672,0.000811451504908368,12,54.4117647339316,1.2086612925809972,-1.0
0.08673930502430137,0.002928785896593971,24,1.2557866740971804,0.0007959536998847743,12,58.000000035061554,1.0756302954168881,-1.0
0.09053015012094486,0.0034969145864514367,25,1.3166888910345733,0.0007800072653447032,12,57.64705882352941,1.1034962317522834,-1.0
0.08799292062342699,0.0032103751021038207,26,1.2770960140042007,0.0007636367895343947,12,59.29411771718193,1.0793342818933376,-1.0
0.08832668885588646,0.003281549650377461,27,1.2827996141277254,0.0007468675145409928,12,61.23529415972092,1.0149736393199247,-1.0
0.08867179833552134,0.0022757088133533087,28,1.2735492771025747,0.0007297252973710758,12,64.29411766108345,0.9465054088480332,-1.0
0.08961885199615997,0.0017584459357229726,29,1.2795756610576063,0.0007122365700810271,12,66.3529412465937,0.9047409620004542,-1.0
0.0886667868222243,0.002013727174406605,30,1.2698161490261555,0.0006944282990207196,12,66.17647060225991,0.8966776816985187,-1.0
0.08799591189849057,0.0022531491039054735,31,1.2637711099814624,0.0006763279432533592,12,65.5882353221669,0.8717579409655403,-1.0
0.08925106442932572,0.0023360465753025244,32,1.2825156778562814,0.0006579634122155992,12,66.7647059174145,0.8493210949617274,-1.0
0.09083818827223565,0.0020672259519674946,33,1.3009866061620414,0.000639363022683212,12,66.47058827736798,0.8591150435279398,-1.0
0.0885307486667963,0.003136463330260345,34,1.2836295298766345,0.0006205554551086735,12,70.94117647058823,0.7517261634153478,-1.0
0.08975533231361103,0.0018274706755099551,35,1.2824513488449156,0.0006015697093979838,12,73.17647058823529,0.7077647537343642,-1.0
0.09097701748500445,0.0024606484387602124,36,1.3084150538779795,0.0005824350601949146,12,76.99999997195076,0.6291446255235111,-1.0
0.08784500734015767,0.0034825121484962957,37,1.278815277852118,0.0005631810117416299,12,79.17647064433379,0.5702694859224208,-1.0
0.08899943696867142,0.0021426054715578046,38,1.2762834560126066,0.0005438372523852835,12,78.94117649863747,0.5898972636110642,-1.0
0.08897980522098285,0.0022294577211141586,39,1.2772173231933266,0.0005244336088007391,12,80.70588232489193,0.5199982178912443,-1.0
0.08797801736675735,0.0030942856267626795,40,1.2753023460973054,0.0005050000000000001,12,80.8235294678632,0.4836666512489319,-1.0
0.08884939321848963,0.002848510497382709,41,1.2840133160352707,0.0004855663911992613,12,83.70588233891655,0.45582516333636114,-1.0
0.0903482197817149,0.0019870917811723693,42,1.2929334011860192,0.00046616274761471693,12,86.76470591040218,0.3701963437304777,-1.0
0.08997501507734082,0.0018637737126222678,43,1.2859953111037612,0.00044681898825837057,12,88.5882353221669,0.34539438135483685,-1.0
0.08940569451078773,0.00223791048795517,44,1.2833580009173602,0.000427564939805086,12,87.05882352941177,0.3606665177906261,-1.0
0.08916379863928471,0.003147041774354875,45,1.2926391270011663,0.00040843029060201667,12,88.88235298325034,0.31220179119530844,-1.0
0.08938803663477302,0.002175051286550505,46,1.28241230500862,0.000389444544891327,12,90.17647056018605,0.2899256432056427,-1.0
0.08888237226554858,0.0023807527364364694,47,1.2779284559655935,0.0003706369773167883,12,93.17647063030915,0.2162578349604326,-1.0
0.0888137492417757,0.002952517176579152,48,1.2849709640722722,0.0003520365877844012,12,93.76470595247605,0.2018779700643876,-1.0
0.08808846971286195,0.0020992417952844073,49,1.2628881421405822,0.0003336720567466412,12,95.11764711492202,0.18402853951734655,-1.0
0.0885285874496081,0.0032805019124810186,50,1.2855539009906352,0.0003155717009792807,12,93.88235291312722,0.19112628438893486,-1.0
0.08952607457259935,0.0018322477117180824,51,1.2792430620174855,0.00029776342991897335,12,94.47058824931874,0.17965582609176636,-1.0
0.08909457850469542,0.0029012917740536587,52,1.2882254000287503,0.00028027470262892445,12,94.35294116244597,0.17953015103059655,-1.0
0.08956584502344153,0.0019124910468235612,53,1.2809352020267397,0.0002631324854590073,12,93.88235298325034,0.18141724144711213,-1.0
0.09090364005948816,0.0022962703702173065,54,1.305037803016603,0.0002463632104656054,12,95.05882359953488,0.14912479954607347,-1.0
0.09018174254535032,0.0019436204539878027,55,1.290002322057262,0.0002299927346552969,12,96.23529415972092,0.11922359210603377,-1.0
0.08965285609675837,0.002784983770522688,56,1.2943673538975418,0.00021404630011522587,12,97.88235291312722,0.09879418874488158,-1.0
0.08899182994251273,0.0018107700660558684,57,1.27146758697927,0.00019854849509163232,12,97.3529411764706,0.09208638157914667,-1.0
0.08896993621185954,0.0017695073537262423,58,1.270608884980902,0.00018352321607655918,12,98.5294117787305,0.07441792607307435,-1.0
0.08941380396884467,0.0030189408820920755,59,1.2942916790489107,0.00016899363096119395,12,98.64705889365253,0.07450763881206512,-1.0
0.08864197174885444,0.0018131155354369963,60,1.2666090989951044,0.000154982143312659,12,98.82352948188782,0.06744610688265633,-1.0
0.0893211415303605,0.0018190923313211118,61,1.2762056570500135,0.0001415103578293356,12,99.29411761900958,0.053140955707606144,-1.0
0.0885274652890595,0.0022524564327406032,62,1.271159446099773,0.0001285990470279847,12,98.82352938371547,0.051799831337788524,-1.0
0.0893877006268927,0.0019425397206630027,63,1.2788630751892924,0.0001162681192140312,12,99.29411761900958,0.04252992908744251,-1.0
0.08934205630794168,0.003418729906635625,64,1.2988946719560772,0.00010453658778440107,12,99.88235291312722,0.03197419464588165,-1.0
0.08947246869294238,0.0037417958124673794,65,1.3052370299119502,9.342254191024022e-05,12,99.23529418777017,0.03473888151785907,-1.0
0.08888206956908107,0.0024681463671315995,66,1.2791410409845412,8.294311864472437e-05,12,99.58823529411765,0.03598709281753091,-1.0
0.08944147248153708,0.002464466661747013,67,1.2869215039536357,7.311447649896551e-05,12,99.64705879548016,0.028918402440407696,-1.0
0.08894697295701397,0.002881826616690627,68,1.2858377650845796,6.395177052675794e-05,12,99.41176470588235,0.03351957257617923,-1.0
0.09099555170230035,0.0036680372930797084,69,1.3255311779212207,5.546912895658472e-05,12,99.82352941176471,0.027240937308353537,-1.0
0.08917072127639715,0.0018673883584727133,70,1.2747802250087261,4.767963140691306e-05,12,99.88235294117646,0.022810679323533003,-1.0
0.08988880515763802,0.002884313979718302,71,1.2990587300155312,4.059528871837034e-05,12,99.82352941176471,0.02443945421015515,-1.0
0.08821325221963759,0.0028719647089019418,72,1.2754291309975088,3.4227024433899e-05,12,99.88235294117646,0.023150977023384152,-1.0
0.08920786988788418,0.0018516561082963432,73,1.2750637789722532,2.8584657955444653e-05,12,99.94117647058823,0.021536399643210805,-1.0
0.08994091411919466,0.003016603661568037,74,1.301636464893818,2.367688940315011e-05,12,99.7647058543037,0.023220292855711543,-1.0
0.08932179443737757,0.003899606560090823,75,1.3053423080127686,1.951128620040094e-05,12,99.70588242306428,0.022479941354078405,-1.0
0.08844605156420064,0.0028836980761427966,76,1.278847302077338,1.6094271405406862e-05,12,99.70588239501504,0.024794990385279936,-1.0
0.08922006921576602,0.0021900100068056156,77,1.2800828509498388,1.3431113807311488e-05,12,99.82352941176471,0.02121986585066599,-1.0
0.08902112146772977,0.002352361101657152,78,1.279596647946164,1.1525919802101659e-05,12,99.88235294117646,0.021152178881799474,-1.0
0.08801901042794011,0.003276715271307954,79,1.2784457979723811,1.0381627060842164e-05,12,99.82352938371547,0.021404315715326982,-1.0
0.08785641126866851,0.0020668660290539265,80,1.2592646011617035,1e-05,12,99.82352941176471,0.02056996125508757,-1.0
0.10170956171738604,0.012318889346594612,1,1.7107726959511638,0.000999618372939158,13,18.055555555555557,2.2770191446940102,-1.0
0.09791776902663211,0.0017269652336835862,2,1.4950202670879662,0.0009984740801978985,13,22.72222222222222,2.1023684183756512,-1.0
0.09623033024060229,0.0027431250860293706,3,1.4848657050170004,0.0009965688861926887,13,23.38888888888889,1.982291734483507,-1.0
0.08806045786477626,0.0026996344017485778,4,1.3616546939592808,0.0009939057285945933,13,26.944444444444443,1.9128428141276042,-1.0
0.06202090905668835,0.0025474876010169586,5,0.9687586990185082,0.0009904887137995992,13,28.77777777777778,1.8940533447265624,-1.0
0.06386607804646095,0.001981073416148623,6,0.9879520088434219,0.00098632311059685,13,30.055555555555557,1.8365915934244792,-1.0
0.07277195096636811,0.0021575814268241325,7,1.1242076340131462,0.0009814153420445555,13,29.22222222222222,1.8497107611762154,-1.0
0.08615670621705553,0.002143937721848488,8,1.324802387971431,0.0009757729755661012,13,28.88888888888889,1.8224335394965279,-1.0
0.08723165388219059,0.0027096460573375223,9,1.3494224539026618,0.0009694047112816298,13,31.444444444444443,1.760317857530382,-1.0
0.08807592367132505,0.001969870071237286,10,1.3509319140575826,0.0009623203685930871,13,32.333333333333336,1.7733671400282118,-1.0
0.08748653571431836,0.0018490714797129233,11,1.3402835810557008,0.0009545308710434153,13,34.666666666666664,1.7396261427137587,-1.0
0.08813790675873558,0.0019545985075334706,12,1.351620668079704,0.0009460482294732422,13,31.444444444444443,1.7217871771918403,-1.0
0.08037297952299317,0.003086391401787599,13,1.2521236629690975,0.0009368855235010348,13,35.22222222222222,1.6875631374782987,-1.0
0.09623293861125906,0.0017597622548540433,14,1.4701254859101027,0.0009270568813552758,13,35.111111111111114,1.7142561509874132,-1.0
0.09594114953652025,0.0021542076642314593,15,1.4717151150107384,0.0009165774580897602,13,34.5,1.6855297342936197,-1.0
0.0975696966672937,0.0018222305302818616,16,1.4911651981528848,0.0009054634122155992,13,35.77777777777778,1.661085713704427,-1.0
0.09613299462944269,0.0029890241101384165,17,1.4871316740754992,0.0008937318807859689,13,37.611111111111114,1.6317449103461372,-1.0
0.09786913506686687,0.0025384497984002035,18,1.5063543950673193,0.0008814009529720156,13,39.22222222222222,1.6284377119276259,-1.0
0.06288160524951915,0.0017181144872059424,19,0.9692308981902897,0.0008684896421706646,13,38.611111111111114,1.5948133511013456,-1.0
0.07319969163897137,0.001853221623847882,20,1.126072607934475,0.0008550178566873412,13,41.111111111111114,1.552420688205295,-1.0
0.059964085059861345,0.001841668070604404,21,0.9273760409560055,0.0008410063690388064,13,42.22222222222222,1.5029647148980034,-1.0
0.06813507530217369,0.0018521280959248542,22,1.0500595581252128,0.0008264767839234412,13,43.94444444444444,1.4462865532769098,-1.0
0.07963223441814384,0.003434608255823453,23,1.2462396549526602,0.000811451504908368,13,43.5,1.4729161326090494,-1.0
0.08617738938579957,0.0018892444049318632,24,1.3212446859106421,0.0007959536998847743,13,42.0,1.49816039191352,-1.0
0.08634515011993547,0.0027900037355721,25,1.3372705020010471,0.0007800072653447032,13,43.166666666666664,1.4803577253553601,-1.0
0.08753484394401312,0.002594010392203927,26,1.3521752688102424,0.0007636367895343947,13,44.94444444444444,1.4274627261691624,-1.0
0.08773982290488978,0.001978908215338985,27,1.3464886781293899,0.0007468675145409928,13,46.5,1.3757255299886069,-1.0
0.08869597786106169,0.0018197942059487104,28,1.3579720640555024,0.0007297252973710758,13,48.666666666666664,1.3735777960883246,-1.0
0.08817052631638944,0.00169471128222843,29,1.3482263858895749,0.0007122365700810271,13,46.888888888888886,1.3720706431070964,-1.0
0.08740532868541777,0.002618660048271219,30,1.350595163879916,0.0006944282990207196,13,49.888888888888886,1.3173251597086588,-1.0
0.08738762633875012,0.0028962358521918458,31,1.3545507120434195,0.0006763279432533592,13,52.5,1.2552916208902996,-1.0
0.08871058008323113,0.0032370373296240966,32,1.3795165850315243,0.0006579634122155992,13,52.333333333333336,1.2448892550998263,-1.0
0.08739967554186781,0.002720629594599207,33,1.352091187145561,0.000639363022683212,13,52.27777777777778,1.2179273986816406,-1.0
0.08770791410158078,0.001676650159060955,34,1.3410532409325242,0.0006205554551086735,13,52.388888888888886,1.222528296576606,-1.0
0.08653548778966069,0.0028862126016368467,35,1.3415600671432912,0.0006015697093979838,13,54.94444444444444,1.2053920406765408,-1.0
0.08780278673705956,0.0017316150634239117,36,1.343247883953154,0.0005824350601949146,13,54.111111111111114,1.1874191538492838,-1.0
0.08918147287331521,0.002149086662878593,37,1.3702302109450102,0.0005631810117416299,13,56.5,1.1386874135335285,-1.0
0.08889430221170187,0.002086199525122841,38,1.3650692789815366,0.0005438372523852835,13,58.833333333333336,1.0937367630004884,-1.0
0.08903917297720909,0.002161415216202537,39,1.368288362864405,0.0005244336088007391,13,57.888888888888886,1.092623553805881,-1.0
0.08769611767493188,0.003368280657256643,40,1.3663153699599206,0.0005050000000000001,13,59.77777777777778,1.0442199156019423,-1.0
0.08895305815773706,0.001739075764392813,41,1.360709749860689,0.0004855663911992613,13,59.94444444444444,1.063006083170573,-1.0
0.08877851551709076,0.0018407556228339673,42,1.359530588844791,0.00046616274761471693,13,59.72222222222222,1.0565045250786675,-1.0
0.08895017478304605,0.0021204187534749506,43,1.3662993940524757,0.00044681898825837057,13,57.55555555555556,1.0713019688924155,-1.0
0.08723460330317417,0.0031033294275403024,44,1.3553010700270534,0.000427564939805086,13,60.72222222222222,0.9918972354465061,-1.0
0.08733716905117035,0.0017442586676528057,45,1.3364798231050372,0.00040843029060201667,13,63.55555555555556,0.9383355458577474,-1.0
0.08805071855895222,0.0023748431044320266,46,1.3566182870417833,0.000389444544891327,13,67.05555555555556,0.8749852244059245,-1.0
0.08829020950943231,0.0019534258327136437,47,1.353881920920685,0.0003706369773167883,13,67.66666666666667,0.8474990844726562,-1.0
0.08836339103678863,0.0025370228880395493,48,1.363734049955383,0.0003520365877844012,13,68.83333333333333,0.8343706724378798,-1.0
0.08836033367551863,0.00267782979644835,49,1.3657952470239252,0.0003336720567466412,13,67.72222222222223,0.8753752517700195,-1.0
0.08869248409755529,0.002350897031525771,50,1.3658843571320176,0.0003155717009792807,13,67.0,0.8603037601047092,-1.0
0.08949952283874155,0.0017626580937455097,51,1.3692357391119003,0.00029776342991897335,13,68.05555555555556,0.8194794209798177,-1.0
0.08940013342847426,0.0019440028971681991,52,1.3704810831695795,0.00028027470262892445,13,71.11111111111111,0.7540788777669271,-1.0
0.08876435977096359,0.0017482320312410594,53,1.357979043154046,0.0002631324854590073,13,73.22222222222223,0.7402024544609918,-1.0
0.08904133156562845,0.0025800259007761877,54,1.3746012628544122,0.0002463632104656054,13,70.94444444444444,0.757690404256185,-1.0
0.08892583656124771,0.0041225009753058355,55,1.39598180889152,0.0002299927346552969,13,76.44444444444444,0.6443031989203559,-1.0
0.08935213720736404,0.0030070067228128512,56,1.385618835920468,0.00021404630011522587,13,78.94444444444444,0.5809303283691406,-1.0
0.08874649146261314,0.0030493542707214754,57,1.377166278194636,0.00019854849509163232,13,79.66666666666667,0.5456372981601291,-1.0
0.08822781362881263,0.0018073231137047212,58,1.350761853158474,0.00018352321607655918,13,80.66666666666667,0.5467487038506402,-1.0
0.08811642355285584,0.0024144148454070093,59,1.358187953941524,0.00016899363096119395,13,81.61111111111111,0.49423433515760634,-1.0
0.08922625466560324,0.002995625805730621,60,1.383555879117921,0.000154982143312659,13,82.22222222222223,0.49222160127427844,-1.0
0.08784446927408378,0.0030031250013659396,61,1.362957418197766,0.0001415103578293356,13,83.38888888888889,0.4877019098069933,-1.0
0.08901523174718022,0.002157633984461427,62,1.3678724949713796,0.0001285990470279847,13,84.83333333333333,0.43591725879245335,-1.0
0.08872134084813296,0.0020235943452765544,63,1.361405414994806,0.0001162681192140312,13,85.27777777777777,0.4145367452833388,-1.0
0.08858559518121183,0.002191745691622297,64,1.3618929728399962,0.00010453658778440107,13,87.61111111111111,0.37424108929104277,-1.0
0.08876159073164065,0.00283405426889658,65,1.3741712989285588,9.342254191024022e-05,13,88.0,0.36911381827460393,-1.0
0.08963356264866888,0.003007633099332452,66,1.389848852995783,8.294311864472437e-05,13,88.38888888888889,0.3483254729376899,-1.0
0.08830544861654441,0.0018514452502131462,67,1.352659547002986,7.311447649896551e-05,13,88.0,0.34495487848917644,-1.0
0.08798956787213683,0.0023508249316364525,68,1.355394443962723,6.395177052675794e-05,13,88.27777777777777,0.346233647664388,-1.0
0.08765923011427125,0.001995111086095373,69,1.3451298610307276,5.546912895658472e-05,13,89.33333333333333,0.33256071302625867,-1.0
0.08828178094699979,0.001967470052962502,70,1.3540517040528357,4.767963140691306e-05,13,89.44444444444444,0.3163597853978475,-1.0
0.08826781629274288,0.0028186378379662833,71,1.3665364708285779,4.059528871837034e-05,13,91.05555555555556,0.30136009640163847,-1.0
0.0895407155311356,0.0017448061301062504,72,1.36952746193856,3.4227024433899e-05,13,91.55555555555556,0.2831600178612603,-1.0
0.08921502750987807,0.0017761639474580685,73,1.3651052070781589,2.8584657955444653e-05,13,90.61111111111111,0.29817174593607587,-1.0
0.08787700310349464,0.0018366692898174127,74,1.3459447848144919,2.367688940315011e-05,13,92.5,0.26753997060987683,-1.0
0.0882121093881627,0.003186531209697326,75,1.3712182969320565,1.951128620040094e-05,13,93.11111111111111,0.2586025709576077,-1.0
0.08960829445471366,0.0016850012664993603,76,1.3696317540016025,1.6094271405406862e-05,13,91.55555555555556,0.26299523565504285,-1.0
0.08929446058658262,0.002975757078578075,77,1.3842876059934497,1.3431113807311488e-05,13,92.33333333333333,0.2613562944200304,-1.0
0.08940687306846182,0.0032817944573859375,78,1.3905667779035866,1.1525919802101659e-05,13,92.33333333333333,0.2645671378241645,-1.0
0.0895720976870507,0.002449566839883725,79,1.3805641857907176,1.0381627060842164e-05,13,93.0,0.24894635518391928,-1.0
0.0889576802495867,0.003506842146938046,80,1.3872070538345724,1e-05,13,93.16666666666667,0.24401040607028537,-1.0
0.10088027136710782,0.011317961631963651,1,1.6833144060801715,0.000999618372939158,14,16.631578978739288,2.3121957814066034,-1.0
0.10029614235584934,0.0019388951205958924,2,1.5338887360412627,0.0009984740801978985,14,22.157894746253366,2.050165369636134,-1.0
0.10007098441322644,0.002716589191307624,3,1.5421396028250456,0.0009965688861926887,14,27.89473677936353,1.951845444629067,-1.0
0.07531776983911792,0.002734340960159898,4,1.1710755021777004,0.0009939057285945933,14,27.36842110909914,1.8808736055775692,-1.0
0.07140305001909535,0.0025440456345677378,5,1.109450190095231,0.0009904887137995992,14,29.47368416033293,1.8499810763409263,-1.0
0.059932164397711554,0.0023708859303345283,6,0.934791173087433,0.00098632311059685,14,32.05263162286658,1.774951877593994,-1.0
0.09093206645920873,0.002729971334338188,7,1.4051699060946703,0.0009814153420445555,14,33.47368425444553,1.7457981498617874,-1.0
0.0928021834542354,0.003094580008958777,8,1.4387076359707862,0.0009757729755661012,14,35.6842105012191,1.6806406768999602,-1.0
0.09181430906367799,0.002602958601589004,9,1.4165015388280153,0.0009694047112816298,14,36.84210534472214,1.655543566001089,-1.0
0.09101194012910127,0.002997054547692339,10,1.4103807269129902,0.0009623203685930871,14,36.63157904775519,1.6338101971776862,-1.0
0.09048068285919726,0.0026564169364670914,11,1.3972994710784405,0.0009545308710434153,14,38.68421046984823,1.6057037288264224,-1.0
0.09174928332989414,0.002660904948910077,12,1.4163855030201375,0.0009460482294732422,14,38.89473694249203,1.5620341321041709,-1.0
0.08786584981717169,0.001754339768861731,13,1.3445468009449542,0.0009368855235010348,14,42.05263160404406,1.5385178641269082,-1.0
0.09919654104548196,0.003273989353328943,14,1.5372986868023872,0.0009270568813552758,14,42.63157888462669,1.5027524290586773,-1.0
0.10042341634010275,0.003422926599159837,15,1.5579452789388597,0.0009165774580897602,14,42.999999956080785,1.4750170808089407,-1.0
0.10139888023647169,0.002034011824677388,16,1.5517395911738276,0.0009054634122155992,14,45.894736892298646,1.4360555977570384,-1.0
0.09959499890295168,0.002165031371017297,17,1.5266433991491795,0.0008937318807859689,14,46.15789478703549,1.4022644266329314,-1.0
0.09561545420438052,0.002978779934346676,18,1.47919554496184,0.0008814009529720156,14,46.63157894736842,1.3671877788242541,-1.0
0.06196692326727013,0.0029959263900915783,19,0.9747209120541811,0.0008684896421706646,14,50.36842105890575,1.2836333483143856,-1.0
0.07699735571319859,0.0027521083441873393,20,1.1965219709090889,0.0008550178566873412,14,50.47368434855812,1.2592367927651655,-1.0
0.07282249672959248,0.0023082255385816096,21,1.1272143749520183,0.0008410063690388064,14,54.52631595260218,1.1859649896621705,-1.0
0.08934495385425786,0.0033123261605699857,22,1.3900956239085644,0.0008264767839234412,14,53.1578947368421,1.2088882529108147,-1.0
0.09253803241687517,0.0017980417081465323,23,1.4152863509953022,0.000811451504908368,14,55.789473847339025,1.1474192641910754,-1.0
0.0928401645893852,0.0018561080719033877,24,1.420678421156481,0.0007959536998847743,14,57.736842130359854,1.0892178650906212,-1.0
0.09178625947485368,0.001780440735941132,25,1.4037390309385955,0.0007800072653447032,14,59.6842105012191,1.040618511877562,-1.0
0.09297097766151032,0.0029911845456808807,26,1.439676569076255,0.0007636367895343947,14,59.947368370859245,1.020321057972155,-1.0
0.09370002574287355,0.0022087862559904653,27,1.438865319127217,0.0007468675145409928,14,64.05263161659241,0.9592009223134894,-1.0
0.09258448071777821,0.0021204820834100245,28,1.4208120480179787,0.0007297252973710758,14,67.05263176717256,0.8717243997674239,-1.0
0.09191443479309479,0.002082519605755806,29,1.4102053218521178,0.0007122365700810271,14,67.36842109027661,0.847680290874682,-1.0
0.09124461694930991,0.003077930708726247,30,1.4150971840135753,0.0006944282990207196,14,68.1578948999706,0.8245212296435708,-1.0
0.09070391620819768,0.0034179197158664466,31,1.4120715139433742,0.0006763279432533592,14,70.84210546393143,0.7673873462175068,-1.0
0.09214378075363736,0.0026323945882419744,32,1.421958525199443,0.0006579634122155992,14,72.2631578570918,0.7390347144478245,-1.0
0.09160360318298141,0.003150984272360802,33,1.4215539440046996,0.000639363022683212,14,74.15789481213218,0.6935645341873169,-1.0
0.09117113787991306,0.0030619708510736623,34,1.4137307931669056,0.0006205554551086735,14,74.36842111537331,0.6755377891189174,-1.0
0.09128746263061961,0.003027358433852593,35,1.41496662190184,0.0006015697093979838,14,78.6842104761224,0.584378171218069,-1.0
0.09066232074983419,0.002585764726003011,36,1.398952618939802,0.0005824350601949146,14,80.47368428581639,0.5183756209674635,-1.0
0.09262895646194617,0.0019053913497676452,37,1.41829528613016,0.0005631810117416299,14,80.99999987451653,0.5107584275697407,-1.0
0.0917166645017763,0.003571320232003927,38,1.4296051489654928,0.0005438372523852835,14,83.68421055141248,0.44572139896844565,-1.0
0.09168824953958392,0.0022329691952715316,39,1.409063528990373,0.0005244336088007391,14,85.52631594005383,0.39585483940024124,-1.0
0.09247859080011646,0.0021920506687213978,40,1.420307654188946,0.0005050000000000001,14,87.73684226839165,0.36258515546196385,-1.0
0.0917171771172434,0.0030681066835920017,41,1.4220683099702,0.0004855663911992613,14,87.52631586476376,0.3317893260403683,-1.0
0.09215469307576617,0.0019368550584961972,42,1.4116202420555055,0.00046616274761471693,14,89.63157892227173,0.3001408378701461,-1.0
0.09212589762173592,0.0034566637749473255,43,1.4340191720984876,0.00044681898825837057,14,89.3684209522448,0.3058566548949794,-1.0
0.09052272535239657,0.0033715011862417064,44,1.4086636430583894,0.000427564939805086,14,90.05263176717256,0.2829868493895782,-1.0
0.09205494485795498,0.0028584741987287996,45,1.4239425379782915,0.00040843029060201667,14,92.36842101498654,0.22851287415153101,-1.0
0.09064490400875608,0.0023381933880349,46,1.394984008045867,0.000389444544891327,14,94.0000001882252,0.19553928695226971,-1.0
0.09126205556094646,0.003545598437388738,47,1.422356473049149,0.0003706369773167883,14,94.00000012548347,0.18043368493255815,-1.0
0.09183804912803074,0.001666782811904947,48,1.40282389591448,0.0003520365877844012,14,94.84210516277112,0.1532896313541814,-1.0
0.09175953781232238,0.0017531269850830236,49,1.4029308329336345,0.0003336720567466412,14,95.57894743116279,0.1471444047909034,-1.0
0.09193191595065096,0.0026310967902342477,50,1.418687122873962,0.0003155717009792807,14,96.3157895238776,0.12354917284689451,-1.0
0.0918045467697084,0.0021587325725704433,51,1.4096880881115794,0.00029776342991897335,14,96.68421058905751,0.11040123501890584,-1.0
0.09259383473545313,0.0018267786595970391,52,1.4165507140569389,0.00028027470262892445,14,97.36842111537331,0.0824852706884083,-1.0
0.09087286641200383,0.003380240375796954,53,1.4140897311735898,0.0002631324854590073,14,97.63157901011016,0.08121088286763743,-1.0
0.09165413595425585,0.0017351401814570029,54,1.401125700911507,0.0002463632104656054,14,98.21052644127293,0.06527941432438399,-1.0
0.09228251199238002,0.0028663373397042353,55,1.4274727699812502,0.0002299927346552969,14,98.94736862182617,0.05562922766334132,-1.0
0.09178898995742202,0.0024563045085718234,56,1.41394206113182,0.00021404630011522587,14,98.89473684210526,0.04920592517444962,-1.0
0.09221326637392242,0.0028348802278439205,57,1.425966725917533,0.00019854849509163232,14,99.00000020077354,0.04295435443520546,-1.0
0.09137473756757876,0.0027888232997308176,58,1.4126948050688952,0.00018352321607655918,14,99.57894736842105,0.028776994292673313,-1.0
0.09121547538476686,0.0026979062085350355,59,1.4089939231052995,0.00016899363096119395,14,99.89473684210526,0.02667641665198301,-1.0
0.09167928647560378,0.002896337785447637,60,1.4188730120658875,0.000154982143312659,14,99.78947368421052,0.02550118095780674,-1.0
0.09125678646378219,0.002313073072582483,61,1.4038068719673902,0.0001415103578293356,14,99.84210526315789,0.021862569776804824,-1.0
0.09084623601908486,0.00258036384669443,62,1.4016464790329337,0.0001285990470279847,14,99.94736842105263,0.0183143602233184,-1.0
0.09184580779013535,0.0025108729333927233,63,1.4155920539051294,0.0001162681192140312,14,99.84210526315789,0.016989823034719416,-1.0
0.09155837732056776,0.002657775223876039,64,1.4134840611368418,0.00010453658778440107,14,99.78947368421052,0.018714856219134834,-1.0
0.09186885797729095,0.0028473861515522004,65,1.4209820081014186,9.342254191024022e-05,14,99.63157914814197,0.01719898968150741,-1.0
0.09185220082290471,0.0019119616442670425,66,1.4067088060546666,8.294311864472437e-05,14,99.89473684210526,0.017079721559819423,-1.0
0.09217454452688495,0.002114964804301659,67,1.4145902500022203,7.311447649896551e-05,14,100.0,0.013256792241805478,-1.0
0.09179309903023143,0.0021364857132236165,68,1.4091855441220105,6.395177052675794e-05,14,99.78947388498406,0.014117764822746579,-1.0
0.09167744410224259,0.004137369571253657,69,1.437471138080582,5.546912895658472e-05,14,99.89473684210526,0.013598286611469168,-1.0
0.09093732029820482,0.0028449552288899818,70,1.4069801419973373,4.767963140691306e-05,14,99.94736842105263,0.013013550494062272,-1.0
0.09157045477380356,0.002681659689793984,71,1.4140235588420182,4.059528871837034e-05,14,99.94736842105263,0.012141301298612043,-1.0
0.09136783063101271,0.0034087111707776785,72,1.4218985820189118,3.4227024433899e-05,14,99.89473684210526,0.014918677644117882,-1.0
0.09092418351210654,0.003035334497690201,73,1.4096989589743316,2.8584657955444653e-05,14,99.89473684210526,0.013813065562985446,-1.0
0.09193128587988515,0.002140179183334112,74,1.4113148399628699,2.367688940315011e-05,14,99.94736842105263,0.012809838550655466,-1.0
0.09136607015194992,0.0017394912584374348,75,1.396836721105501,1.951128620040094e-05,14,100.0,0.012659649615617176,-1.0
0.09168256535194814,0.0033700242483367523,76,1.4260444070678204,1.6094271405406862e-05,14,99.84210526315789,0.012589155410073305,-1.0
0.09233458791859447,0.0017989248813440402,77,1.4122539488598704,1.3431113807311488e-05,14,100.0,0.012090297631527249,-1.0
0.0920733431664606,0.0018354492417226235,78,1.4088844950310886,1.1525919802101659e-05,14,99.94736842105263,0.0118067561795837,-1.0
0.09212917508557439,0.0027323775148640076,79,1.4231875948607922,1.0381627060842164e-05,14,99.84210526315789,0.011624396039467109,-1.0
0.09254825242484609,0.002852719308187564,80,1.4313063328154385,1e-05,14,99.94736842105263,0.010331023511917968,-1.0
0.10342861070239451,0.0112807492405409,1,1.8356704299803823,0.000999618372939158,15,19.149999976158142,2.2304477396011353,-1.0
0.0999071866972372,0.0017743708012858406,2,1.6272401330061257,0.0009984740801978985,15,22.00000001192093,2.0580387535095217,-1.0
0.0998674989095889,0.0029851659055566415,3,1.6459260820411146,0.0009965688861926887,15,24.50000003576279,1.955504150390625,-1.0
0.06321375226252712,0.0019060907943639904,4,1.0423129620030522,0.0009939057285945933,15,30.050000047683717,1.8610142192840575,-1.0
0.06960761276423,0.0018667973636183888,5,1.1439089491032064,0.0009904887137995992,15,30.0,1.8257677898406983,-1.0
0.07263228962256107,0.0023291799443541095,6,1.1996451448649168,0.00098632311059685,15,31.600000071525574,1.7832481069564818,-1.0
0.08989449094224256,0.0016982271190499887,7,1.4657773999497294,0.0009814153420445555,15,32.04999997615814,1.7442310161590575,-1.0
0.09159801395435352,0.0026867371634580195,8,1.508914845995605,0.0009757729755661012,15,34.75,1.69593341255188,-1.0
0.09011418370937463,0.002733845292823389,9,1.4858115180395544,0.0009694047112816298,15,36.89999997615814,1.6221713399887085,-1.0
0.09052284091012552,0.0024672370200278237,10,1.488128247205168,0.0009623203685930871,15,36.50000004768371,1.6654097890853883,-1.0
0.08962151969899423,0.0017087954911403358,11,1.4616568910423666,0.0009545308710434153,15,38.2,1.6212197265625,-1.0
0.07081719874986447,0.0031169204448815435,12,1.1831834430340677,0.0009460482294732422,15,39.35000002384186,1.5710891485214233,-1.0
0.09933228648151271,0.0025042155175469816,13,1.6296209881547838,0.0009368855235010348,15,40.80000002384186,1.5474159240722656,-1.0
0.0972844859934412,0.001616030014702119,14,1.5826480959076434,0.0009270568813552758,15,42.39999997615814,1.4976095981597901,-1.0
0.09974988289468456,0.0017605567845748737,15,1.62440471095033,0.0009165774580897602,15,43.89999997615814,1.4860681142807006,-1.0
0.09988893228000961,0.0021443134610308334,16,1.6327861829195172,0.0009054634122155992,15,45.65000004768372,1.4355847225189209,-1.0
0.10002780283684842,0.0016620109090581536,17,1.6272755588870496,0.0008937318807859689,15,46.349999976158145,1.374731927871704,-1.0
0.06482192971452605,0.0031147932895692065,18,1.0872395050246269,0.0008814009529720156,15,51.4,1.2980858097076415,-1.0
0.07430045155342668,0.0030097584385657683,19,1.2372073461301625,0.0008684896421706646,15,48.050000071525574,1.3318407039642335,-1.0
0.0625847018091008,0.0018844920705305412,20,1.031742975115776,0.0008550178566873412,15,51.900000143051145,1.2667167682647704,-1.0
0.08213725105451886,0.0019073570729233325,21,1.3449538499116898,0.0008410063690388064,15,53.40000009536743,1.2091990461349487,-1.0
0.08883259001595434,0.0017063093546312302,22,1.4488667359109968,0.0008264767839234412,15,56.65000009536743,1.1450115070343017,-1.0
0.09014725462475326,0.003202197316568345,23,1.4938304601237178,0.000811451504908368,15,57.85,1.11803755569458,-1.0
0.09076418545737397,0.003602751108701341,24,1.510116941994056,0.0007959536998847743,15,57.49999995231629,1.1210111083984375,-1.0
0.09147897065849975,0.0026514930214034393,25,1.5063471789471805,0.0007800072653447032,15,60.00000004768371,1.0635129280090332,-1.0
0.08887346398842055,0.0016767998895375058,26,1.449054277036339,0.0007636367895343947,15,62.100000047683714,0.9993659639358521,-1.0
0.09164285149017815,0.002932658389909193,27,1.5134583739563823,0.0007468675145409928,15,65.25000014305115,0.9282415418624878,-1.0
0.0918133045634022,0.002830616431310773,28,1.5145395922008902,0.0007297252973710758,15,65.20000009536743,0.9100411639213563,-1.0
0.09082617255626246,0.001909917569719255,29,1.4840226201340556,0.0007122365700810271,15,68.05000009536744,0.8348776707649231,-1.0
0.09107379864144605,0.0028287593595450744,30,1.5026828008703887,0.0006944282990207196,15,70.05000004768371,0.7957882556915283,-1.0
0.09124761336715892,0.0025520946946926415,31,1.5010490089189261,0.0006763279432533592,15,69.24999995231629,0.8126973223686218,-1.0
0.09079725381161552,0.0027634100115392357,32,1.497215289156884,0.0006579634122155992,15,72.35000004768372,0.7417751054763794,-1.0
0.09097628624294885,0.0025573425082257017,33,1.4967864640057087,0.000639363022683212,15,74.85000014305115,0.6576007370948791,-1.0
0.09071567312639672,0.002624478001962416,34,1.4936973100993782,0.0006205554551086735,15,78.40000014305114,0.5942472910881043,-1.0
0.090386184034287,0.002994315465912223,35,1.4943247169721872,0.0006015697093979838,15,78.40000009536743,0.5837929162979126,-1.0
0.09058499116508756,0.0028193657781230286,36,1.4947187649086118,0.0005824350601949146,15,79.75000014305115,0.5309448447227478,-1.0
0.09020347381010652,0.00158690036914777,37,1.4688997368793935,0.0005631810117416299,15,81.30000004768371,0.5122775659561157,-1.0
0.09151168992684688,0.001644209201913327,38,1.4907877859659493,0.0005438372523852835,15,82.6,0.4713963775634766,-1.0
0.0908824229700258,0.002709577340283431,39,1.4977744580246508,0.0005244336088007391,15,82.90000014305114,0.4488737885951996,-1.0
0.0900572472892236,0.0026643335877452046,40,1.483786596218124,0.0005050000000000001,15,84.05,0.4312053678035736,-1.0
0.09065903004375286,0.002880628890125081,41,1.4969000609125942,0.0004855663911992613,15,87.40000014305114,0.3625105917453766,-1.0
0.08889589288446587,0.0017401449877070263,42,1.4504250781610608,0.00046616274761471693,15,88.44999995231629,0.3072067294120789,-1.0
0.09281068490236066,0.0024794014752842486,43,1.5248962240293622,0.00044681898825837057,15,91.00000004768371,0.2585108840465546,-1.0
0.09126533885137178,0.0016320486465701833,44,1.4866465129889548,0.000427564939805086,15,91.45000004768372,0.2334362440109253,-1.0
0.09182850996148773,0.0027150545502081513,45,1.5129988950211555,0.00040843029060201667,15,93.45000009536743,0.205710484623909,-1.0
0.09139431323274039,0.0028239127132110298,46,1.507901170058176,0.000389444544891327,15,94.55000004768371,0.16807483911514282,-1.0
0.09098361108044628,0.0019695764203788713,47,1.4875752059742808,0.0003706369773167883,15,95.30000004768371,0.14600658851861953,-1.0
0.09097870055120438,0.0017026812711264938,48,1.483136188937351,0.0003520365877844012,15,96.35000009536743,0.12837050247192383,-1.0
0.08915285581315402,0.002488760874257423,49,1.4665120649151504,0.0003336720567466412,15,96.55000004768371,0.11750047528743744,-1.0
0.09044419077690691,0.002595070909592323,50,1.488913635024801,0.0003155717009792807,15,97.55000009536744,0.09647914016246796,-1.0
0.09145029455248732,0.0030613773269578815,51,1.5124751520343125,0.00029776342991897335,15,97.24999995231629,0.09330018520355225,-1.0
0.09110968350432813,0.002755206121946685,52,1.502139125019312,0.00028027470262892445,15,98.60000014305115,0.06488188201189041,-1.0
0.0912601987074595,0.0017016852361848578,53,1.4876819509081542,0.0002631324854590073,15,98.70000004768372,0.062454736351966855,-1.0
0.09151578923047055,0.0030582675244659185,54,1.5134715889580548,0.0002463632104656054,15,99.10000004768372,0.0483661073744297,-1.0
0.09014583016687538,0.002856177947251126,55,1.4883333120960742,0.0002299927346552969,15,99.0,0.04542047630250454,-1.0
0.09080002759583294,0.0018161339103244245,56,1.4821601349394768,0.00021404630011522587,15,98.95000014305114,0.044413827657699585,-1.0
0.09108610829571262,0.0017490712634753436,57,1.4856667399872094,0.00019854849509163232,15,99.00000004768371,0.046852081298828126,-1.0
0.09188531099061947,0.0018285663099959493,58,1.4997337241657078,0.00018352321607655918,15,98.80000014305115,0.044602596640586856,-1.0
0.09076942640240304,0.0019922814826713875,59,1.4845055430196226,0.00016899363096119395,15,99.2,0.043634916126728054,-1.0
0.09070462531235535,0.002490485247108154,60,1.491412904812023,0.000154982143312659,15,99.45,0.031070189356803894,-1.0
0.09042191154730972,0.0017212763341376558,61,1.47453495208174,0.0001415103578293356,15,99.4,0.027309375792741775,-1.0
0.08960004155233037,0.0032485949486726895,62,1.4858409869484603,0.0001285990470279847,15,99.80000004768371,0.023827839463949202,-1.0
0.09028112918895204,0.001658953886362724,63,1.4712816700339317,0.0001162681192140312,15,99.75,0.019686794236302377,-1.0
0.09088382287882268,0.0024637293099658564,64,1.4938049910124391,0.00010453658778440107,15,99.7,0.019160766810178757,-1.0
0.09080866284784861,0.002286686096340418,65,1.4897935851477087,9.342254191024022e-05,15,99.7,0.019398854270577432,-1.0
0.0911209678160958,0.002795969441649504,66,1.5029341920744628,8.294311864472437e-05,15,99.8,0.017891041606664656,-1.0
0.08955621716449969,0.0025674830976640806,67,1.4742650629486889,7.311447649896551e-05,15,99.95,0.013213238716125487,-1.0
0.0899214795063017,0.002761406300123781,68,1.4831697889603674,6.395177052675794e-05,15,99.85,0.013146254003047943,-1.0
0.09122017717163544,0.0027329062577337027,69,1.5034952650312334,5.546912895658472e-05,15,100.0,0.013142039224505424,-1.0
0.0907032108225394,0.002944021485745907,70,1.4985958382021636,4.767963140691306e-05,15,99.9,0.012558678582310677,-1.0
0.09094744510366581,0.0026036460913019255,71,1.497124649118632,4.059528871837034e-05,15,99.95,0.011153983771800996,-1.0
0.09140759162255563,0.0020574210648192093,72,1.4957337719388306,3.4227024433899e-05,15,99.9,0.01090008281171322,-1.0
0.0920660690026125,0.0016876080626389012,73,1.5003104899078608,2.8584657955444653e-05,15,99.90000004768372,0.011143163606524467,-1.0
0.09006908150331583,0.0024514656251994893,74,1.4805682331789285,2.367688940315011e-05,15,100.0,0.011525764510035515,-1.0
0.09126270824344829,0.0028359969437588006,75,1.5058237400371581,1.951128620040094e-05,15,99.9,0.010922210581600667,-1.0
0.0909842495166231,0.002719456620980054,76,1.4995050558354706,1.6094271405406862e-05,15,99.95,0.010165021769702435,-1.0
0.09069920644105878,0.002493500374839641,77,1.4913375698961318,1.3431113807311488e-05,15,100.0,0.009654621586203576,-1.0
0.0916317267838167,0.0026399097114335746,78,1.508658753009513,1.1525919802101659e-05,15,100.0,0.009781980618834495,-1.0
0.09067312376282644,0.002715325477765873,79,1.4944629499223083,1.0381627060842164e-05,15,100.0,0.009852688200771809,-1.0
0.0915533631487051,0.001668359778705053,80,1.4917873570229858,1e-05,15,99.95,0.010656731728464364,-1.0
0.10360774564940263,0.010884856051929733,1,1.9466597060672939,0.000999618372939158,16,17.571428605488368,2.3002171666281566,-1.0
0.09865480149164796,0.0016510072712074308,2,1.7054999200627208,0.0009984740801978985,16,22.76190475622813,2.064602865945725,-1.0
0.09529431788798641,0.0023730214657809805,3,1.6606032869312912,0.0009965688861926887,16,24.666666700726463,1.9579388132549467,-1.0
0.05927840547690935,0.002769130460150978,4,1.0550666679628193,0.0009939057285945933,16,27.61904767581395,1.908145867075239,-1.0
0.06831469330662752,0.0018538942916647477,5,1.19310490693897,0.0009904887137995992,16,28.238095266478403,1.876812307266962,-1.0
0.085526653633946,0.0027511673705542788,6,1.5010103890672326,0.00098632311059685,16,30.238095238095237,1.8011274664742607,-1.0
0.08895484563511084,0.0015814289560212808,7,1.5394105790182948,0.0009814153420445555,16,32.000000034059795,1.7637180875596545,-1.0
0.09043815553955295,0.0017708792926414924,8,1.5677918100263923,0.0009757729755661012,16,33.14285717124031,1.7771386139733452,-1.0
0.08848972244681243,0.0016305818468989694,9,1.5322884870693088,0.0009694047112816298,16,35.52380955219269,1.6885818833396549,-1.0
0.09027644754935275,0.002272151273620479,10,1.5735665208194405,0.0009623203685930871,16,37.190476224535985,1.628925127074832,-1.0
0.09102467993986518,0.0018077371231115917,11,1.578384229214862,0.0009545308710434153,16,37.85714291958582,1.6179057089487712,-1.0
0.07838193862698972,0.003110045430195682,12,1.385596649022773,0.0009460482294732422,16,39.00000005108969,1.6034576568149386,-1.0
0.09803121736930574,0.003342729034450124,13,1.7235963579732925,0.0009368855235010348,16,41.619047607694355,1.5600049613770985,-1.0
0.0964541668894098,0.001988659749793656,14,1.673770546913147,0.0009270568813552758,16,41.38095242636545,1.5407971831730434,-1.0
0.09911990845028092,0.002411776372943731,15,1.7262905910611153,0.0009165774580897602,16,42.952380992117384,1.4924902682077317,-1.0
0.09905216327923186,0.0028676567873095766,16,1.7328822878189385,0.0009054634122155992,16,44.66666671207973,1.4335834455490113,-1.0
0.08597217093440979,0.0027259461828233566,17,1.5081174450460821,0.0008937318807859689,16,43.952380997794016,1.442620935667129,-1.0
0.06295681094257709,0.002304310116040356,18,1.1096732190344483,0.0008814009529720156,16,46.66666667801993,1.3888496119635445,-1.0
0.0675428584081066,0.0022265321766848072,19,1.1863093539141119,0.0008684896421706646,16,48.80952384926024,1.3302220167432512,-1.0
0.0626556277685963,0.0024602495353011522,20,1.1072246960829943,0.0008550178566873412,16,50.14285719394684,1.2897541661489578,-1.0
0.08805992658359602,0.002638632239883437,21,1.542199085932225,0.0008410063690388064,16,50.904761950174965,1.2879939208711897,-1.0
0.09003541881547254,0.0019431197057094645,22,1.563965731067583,0.0008264767839234412,16,53.1428572053001,1.2330866364070348,-1.0
0.08995653924477451,0.0023967144079506397,23,1.5702971199061722,0.000811451504908368,16,52.71428577672867,1.2063472559338524,-1.0
0.09107186853447381,0.0029643228798009015,24,1.5989142321050167,0.0007959536998847743,16,55.333333401452926,1.1516517198653449,-1.0
0.09000335872063742,0.0023942464031279087,25,1.5710344889666885,0.0007800072653447032,16,55.5714286281949,1.1366303884415399,-1.0
0.0899182967704666,0.0018136533497668365,26,1.5596982738934457,0.0007636367895343947,16,60.47619048754374,1.0296675036067053,-1.0
0.09000224958393066,0.0023019074818448108,27,1.5694105490110815,0.0007468675145409928,16,61.04761911573864,0.9952215857732863,-1.0
0.08994172453222905,0.0016480733996585889,28,1.5572832790203393,0.0007297252973710758,16,61.523809591929115,0.9949395831425984,-1.0
0.09158762044492452,0.0017658675034694811,29,1.5872484240680933,0.0007122365700810271,16,62.09523808388483,0.969013219106765,-1.0
0.09077638116500833,0.0017595917726045147,30,1.5733501689974219,0.0006944282990207196,16,63.999999988646735,0.9294931295939854,-1.0
0.09029912869172062,0.002142401357345721,31,1.5717423651367426,0.0006763279432533592,16,66.85714298202878,0.8521452417827788,-1.0
0.08996892893029486,0.002119127647293841,32,1.5657304420601577,0.0006579634122155992,16,69.28571436518715,0.8075759757132758,-1.0
0.09031465881065849,0.0018660382449846057,33,1.5673095758538693,0.000639363022683212,16,71.90476195017497,0.7451984220459348,-1.0
0.08944075379301519,0.0026581693878945183,34,1.5659234260674566,0.0006205554551086735,16,72.00000009082612,0.7386599146752131,-1.0
0.08997014986679834,0.0017743454287376475,35,1.5598841020837426,0.0006015697093979838,16,73.09523817471096,0.7123469360669454,-1.0
0.0905993573148461,0.0016100364463294253,36,1.5678069139830768,0.0005824350601949146,16,76.3333333787464,0.6366744391123453,-1.0
0.08958301930140485,0.002286771230180474,37,1.5621113260276616,0.0005631810117416299,16,77.61904774393354,0.5983718792597453,-1.0
0.0908961520968553,0.0017040213159121135,38,1.57449099002406,0.0005438372523852835,16,79.61904760769436,0.5413854369663057,-1.0
0.09109021575354478,0.0028987086021944005,39,1.5980970819946378,0.0005244336088007391,16,81.33333343551273,0.5162652029309954,-1.0
0.0910721174441278,0.0024001953219447065,40,1.5893248298671097,0.0005050000000000001,16,81.47619055566334,0.49539230108261106,-1.0
0.08918555275372722,0.0028316540068344157,41,1.5645291390828788,0.0004855663911992613,16,83.04761911573864,0.44403442677997407,-1.0
0.08938468695508645,0.0024614691706922125,42,1.5616209290456027,0.00046616274761471693,16,86.00000002270653,0.3934222540401277,-1.0
0.08946620088125415,0.0018493785824188415,43,1.552604811033234,0.00044681898825837057,16,88.23809526080177,0.3333692159539177,-1.0
0.08954537184635068,0.0021500327925690834,44,1.559067927999422,0.000427564939805086,16,88.61904764175415,0.308885577917099,-1.0
0.090894293067429,0.0015738379237625528,45,1.572199149057269,0.00040843029060201667,16,90.33333342415946,0.28468539436658225,-1.0
0.0910957114332739,0.0016313882215934642,46,1.5766546549275517,0.000389444544891327,16,90.71428583917164,0.24801598060698737,-1.0
0.09044745813726503,0.0018317941576242447,47,1.5690413799602538,0.0003706369773167883,16,92.33333345821926,0.22118256903830028,-1.0
0.090121558168903,0.0019731049508075506,48,1.5659005388151854,0.0003520365877844012,16,93.71428583917164,0.19871178876786005,-1.0
0.08944578371558558,0.0022936444044770565,49,1.5598560271319002,0.0003336720567466412,16,93.3333333787464,0.20612234121277218,-1.0
0.09076177369912758,0.0016666052534299739,50,1.5715270990040153,0.0003155717009792807,16,95.04761920656476,0.1615464683373769,-1.0
0.08988360248451285,0.001731236930936575,51,1.5576895759440958,0.00029776342991897335,16,96.09523817471096,0.13768772717033115,-1.0
0.08971990008071504,0.002106293625033954,52,1.5612884280271828,0.00028027470262892445,16,96.71428582781837,0.11539592433543433,-1.0
0.09016547547927235,0.0021537354024236694,53,1.5697662939783186,0.0002631324854590073,16,98.0476191270919,0.08348423371712367,-1.0
0.08904947248725768,0.0017958624589749996,54,1.5446865379344672,0.0002463632104656054,16,97.61904773258027,0.0892770009807178,-1.0
0.09088050454909749,0.0017062217572375255,55,1.5742086281534284,0.0002299927346552969,16,98.42857150804429,0.06852034179937272,-1.0
0.09139638418770012,0.001666391925776706,56,1.5822943849489093,0.00021404630011522587,16,98.19047626994904,0.07743853532132648,-1.0
0.09018485927406479,0.002204940969343571,57,1.5708576899487525,0.00019854849509163232,16,98.23809535162789,0.07389647956405367,-1.0
0.09111243478186867,0.001719181631308268,58,1.578373694093898,0.00018352321607655918,16,99.14285714285714,0.05134095482882999,-1.0
0.09059858896002612,0.0015156084589441033,59,1.566168427001685,0.00016899363096119395,16,98.95238106591361,0.04646959964718137,-1.0
0.09185113360667053,0.002010852933916099,60,1.5959468209184706,0.000154982143312659,16,99.47619055566334,0.03949820404960996,-1.0
0.09106023978058468,0.0020534514641279682,61,1.583217968000099,0.0001415103578293356,16,99.23809523809524,0.0386517745256424,-1.0
0.09009419111808871,0.003265509888639345,62,1.587347466032952,0.0001285990470279847,16,99.28571439924694,0.037352991764034546,-1.0
0.09079267536563908,0.0018434115165077587,63,1.5751053642015904,0.0001162681192140312,16,99.42857142857143,0.03194962233304977,-1.0
0.09060126069166205,0.004039905595538371,64,1.609203060856089,0.00010453658778440107,16,99.61904761904762,0.027291652095459758,-1.0
0.09029304660747156,0.0026537834474926487,65,1.5803883590269834,9.342254191024022e-05,16,99.76190487543742,0.02175992287340618,-1.0
0.09124234780285727,0.002131397246985751,66,1.5876371718477458,8.294311864472437e-05,16,99.80952380952381,0.021463065388656798,-1.0
0.09074183583588284,0.002240058281184996,67,1.5809809730853885,7.311447649896551e-05,16,99.80952380952381,0.020125289761594365,-1.0
0.09049604737254627,0.0024256875656326025,68,1.5799161938484758,6.395177052675794e-05,16,99.95238106591361,0.017503625182878402,-1.0
0.0909510709290557,0.0015894483692724915,69,1.573480273829773,5.546912895658472e-05,16,99.85714297067551,0.022860028786318643,-1.0
0.09045042394769981,0.0022836352890247807,70,1.576768551953137,4.767963140691306e-05,16,99.85714285714286,0.019642256122259866,-1.0
0.09058944215340649,0.001777507268878467,71,1.5704754260368645,4.059528871837034e-05,16,99.76190476190476,0.02078848584776833,-1.0
0.09077162639347508,0.00220735913471264,72,1.5809419830329716,3.4227024433899e-05,16,99.76190487543742,0.018161761036940983,-1.0
0.09132897297796957,0.0019397567820680492,73,1.5858155260793865,2.8584657955444653e-05,16,99.95238095238095,0.016588679601748785,-1.0
0.09066458623034551,0.0021063654875273213,74,1.577341211028397,2.367688940315011e-05,16,100.0,0.01289789414121991,-1.0
0.09135492545936037,0.0021319516030523706,75,1.5895851119421422,1.951128620040094e-05,16,99.95238106591361,0.01572994875765982,-1.0
0.0909956810201573,0.0016898665549781393,76,1.5758931071031839,1.6094271405406862e-05,16,99.76190476190476,0.019724109055740492,-1.0
0.09065217505592633,0.002846383407492848,77,1.5897507860790938,1.3431113807311488e-05,16,99.9047619047619,0.014124205506273678,-1.0
0.09030132191529607,0.0016854869146995684,78,1.5641286990139633,1.1525919802101659e-05,16,99.95238095238095,0.013381525036834535,-1.0
0.0898761757348171,0.0021066045635105934,79,1.5639547859318554,1.0381627060842164e-05,16,99.85714297067551,0.015791130782592866,-1.0
0.09045978506807895,0.0028043764040750615,80,1.5857320961076766,1e-05,16,99.90476201829456,0.015635793407758076,-1.0
0.10049010692940404,0.010424533626064658,1,1.9967536849435419,0.000999618372939158,17,17.50000001083721,2.2807077312469484,-1.0
0.09804857775775923,0.0025164102488714787,2,1.8104993579909205,0.0009984740801978985,17,22.863636374473572,2.065236372080716,-1.0
0.08716105771923645,0.0015938820627828438,3,1.5978488260880113,0.0009965688861926887,17,24.545454545454547,1.9665385302630338,-1.0
0.06832241369152649,0.0014468202005243963,4,1.2561056800186634,0.0009939057285945933,17,28.272727283564482,1.9002334325963801,-1.0
0.06438361176858759,0.001500256670018037,5,1.1861489519942552,0.0009904887137995992,17,27.818181818181817,1.911652553731745,-1.0
0.08878748499167462,0.0014078462910321024,6,1.6237557921558619,0.00098632311059685,17,29.68181819265539,1.8564270023866134,-1.0
0.08941897297174567,0.0015933054706288709,7,1.6385451771784574,0.0009814153420445555,17,30.5,1.8273203897476196,-1.0
0.0905213023070246,0.0026672835746366116,8,1.677635096013546,0.0009757729755661012,17,31.363636363636363,1.7704321843927557,-1.0
0.0892596933990717,0.0017828824283141228,9,1.6390015871729702,0.0009694047112816298,17,33.77272729440169,1.7318046981638129,-1.0
0.09049930864582872,0.0016937236327471004,10,1.6597301349975169,0.0009623203685930871,17,33.36363638531078,1.71403629693118,-1.0
0.09065499891423517,0.0015875358108638062,11,1.660626867087558,0.0009545308710434153,17,35.86363638531078,1.683010802268982,-1.0
0.07832243739782523,0.001572663818175594,12,1.4383554169908166,0.0009460482294732422,17,35.36363636363637,1.668644215410406,-1.0
0.0991642541743608,0.0018679482163861394,13,1.818827185081318,0.0009368855235010348,17,36.40909090909091,1.628055392178622,-1.0
0.09591196650742656,0.002707338607352641,14,1.775427120970562,0.0009270568813552758,17,39.77272728356448,1.5817451611432163,-1.0
0.10021237732790825,0.0023992688964224523,15,1.8472855950240046,0.0009165774580897602,17,40.09090909090909,1.5545067730816928,-1.0
0.0978380137304258,0.002004356537428167,16,1.7973939410876483,0.0009054634122155992,17,41.86363637447357,1.5458529242602261,-1.0
0.07502689551458591,0.0021821340390791497,17,1.3900030630175024,0.0008937318807859689,17,42.09090911258351,1.476139983697371,-1.0
0.07198108303257161,0.0015827951331933339,18,1.324397108051926,0.0008814009529720156,17,45.36363638531078,1.4352740612897006,-1.0
0.06104280253768795,0.00153344819167008,19,1.1266021681949496,0.0008684896421706646,17,46.18181818181818,1.4090228822014548,-1.0
0.08735873877433026,0.0015729463322915966,20,1.6010171819943935,0.0008550178566873412,17,47.318181829019025,1.3837113332748414,-1.0
0.0879611917771399,0.0015893023357623154,21,1.6121383879799396,0.0008410063690388064,17,44.454545465382665,1.4041094277121804,-1.0
0.08850380738214073,0.001905509503558278,22,1.627603487111628,0.0008264767839234412,17,47.59090913425792,1.3704734321074052,-1.0
0.08913772845537299,0.0016796928183693024,23,1.634952390100807,0.000811451504908368,17,47.90909090909091,1.3144864797592164,-1.0
0.08982969442796376,0.0017060645235081513,24,1.6478869151324034,0.0007959536998847743,17,52.318181861530654,1.2554240976680409,-1.0
0.09055212012026459,0.0016656764912315542,25,1.66023429017514,0.0007800072653447032,17,55.0909091017463,1.2021294814890082,-1.0
0.08904298614814049,0.002514472800410456,26,1.6482995599508286,0.0007636367895343947,17,54.77272729440169,1.1818642286820846,-1.0
0.08982083320410715,0.0017873850625215305,27,1.6491841131355613,0.0007468675145409928,17,55.36363636363637,1.1766759764064443,-1.0
0.08923676082243522,0.0019576159668051535,28,1.6417269241064787,0.0007297252973710758,17,56.95454545454545,1.123795377774672,-1.0
0.09014439331885013,0.0016861719001705449,29,1.6531889121979475,0.0007122365700810271,17,60.54545454545455,1.0235679760846226,-1.0
0.08899456045279901,0.0015810019362510906,30,1.6305928009096533,0.0006944282990207196,17,61.18181818181818,1.0008615003932606,-1.0
0.09005597677444005,0.002227852560786737,31,1.6613560791593045,0.0006763279432533592,17,61.13636363636363,0.9818676411021839,-1.0
0.08972280336699139,0.0015105786345278223,32,1.6424399151001126,0.0006579634122155992,17,62.95454547621987,0.9520234194668856,-1.0
0.08776180252122383,0.0024402624823980862,33,1.6238777099642903,0.000639363022683212,17,62.36363636363637,0.9637493814121593,-1.0
0.08905182038951251,0.0019800098897475335,34,1.638839934952557,0.0006205554551086735,17,68.5909090909091,0.8513903533328663,-1.0
0.08931387960910797,0.001946488615228898,35,1.642922610975802,0.0006015697093979838,17,65.95454545454545,0.8759505118023265,-1.0
0.0898674971346433,0.001985304484454294,36,1.6535919718444347,0.0005824350601949146,17,67.86363636363636,0.8169858687574213,-1.0
0.08987223302635054,0.0019801679300144315,37,1.6535978380125016,0.0005631810117416299,17,72.40909093076533,0.7479798962853171,-1.0
0.09012150034929316,0.0017022937018838194,38,1.6530610909685493,0.0005438372523852835,17,72.09090913425793,0.7478358201547103,-1.0
0.08972079089532296,0.0017002438220919834,39,1.6458183540962636,0.0005244336088007391,17,74.77272727272727,0.6668708508664911,-1.0
0.08986007215248214,0.001609461795952585,40,1.6466893770266324,0.0005050000000000001,17,75.54545454545455,0.6347614897381175,-1.0
0.08897513509469314,0.002035882078214652,41,1.6384582791943103,0.0004855663911992613,17,76.27272727272727,0.6065526383573359,-1.0
0.08989542686483926,0.0023577214063455663,42,1.6608329839073122,0.00046616274761471693,17,78.54545456712896,0.5761200109395114,-1.0
0.08868547923500752,0.0017177255875948402,43,1.627562834881246,0.00044681898825837057,17,78.54545454545455,0.5617764284394005,-1.0
0.08946877758070412,0.0015735723621522386,44,1.6390489789191633,0.000427564939805086,17,80.4090909090909,0.5266029644012451,-1.0
0.08946024542415722,0.0024055641843006015,45,1.653866725973785,0.00040843029060201667,17,81.54545458880338,0.49495805740356447,-1.0
0.09064356527394718,0.0017009072212709321,46,1.6624836099799722,0.000389444544891327,17,84.31818183985624,0.423378814350475,-1.0
0.09054179214096318,0.0014745690213102433,47,1.6565287918783724,0.0003706369773167883,17,87.72727277062155,0.358699848651886,-1.0
0.09088613865120958,0.00206132296524528,48,1.673289661994204,0.0003520365877844012,17,88.0909090909091,0.33601413835178723,-1.0
0.08966542451849414,0.0019321404268137282,49,1.6490158380474895,0.0003336720567466412,17,89.00000004334883,0.32261694810607217,-1.0
0.08966758760571894,0.00242110055923048,50,1.6578617740888149,0.0003155717009792807,17,89.04545458880338,0.30069655494256453,-1.0
0.0901973533263016,0.001517508282429642,51,1.6511726861353964,0.00029776342991897335,17,91.81818186153065,0.2609943298318169,-1.0
0.08959635843833287,0.0029250080050486657,52,1.6656267188955098,0.00028027470262892445,17,92.04545454545455,0.23008232149210844,-1.0
0.08990782398420076,0.0016281086848013932,53,1.647929261205718,0.0002631324854590073,17,92.45454547621988,0.21997181274674155,-1.0
0.09003447711519483,0.002222764331640469,54,1.6609826351050287,0.0002463632104656054,17,94.27272729440169,0.19251711455258455,-1.0
0.08967675366956326,0.0026424372206545537,55,1.6619864371605217,0.0002299927346552969,17,95.00000002167441,0.1742849359187213,-1.0
0.08939435603355782,0.0016000201899765267,56,1.6381305889226496,0.00021404630011522587,17,95.95454547621988,0.15166221846233716,-1.0
0.08932415168318483,0.0014595742621976468,57,1.634349340107292,0.00019854849509163232,17,94.90909093076533,0.15765201958743008,-1.0
0.08978604161853178,0.0016774898265591925,58,1.6466006911359727,0.00018352321607655918,17,96.72727272727273,0.12483336784622887,-1.0
0.08943265798087749,0.002423518518399861,59,1.6536452579312027,0.00016899363096119395,17,96.63636367971247,0.12906501740217208,-1.0
0.0892607584181759,0.0018369355368324453,60,1.639997148886323,0.000154982143312659,17,96.8636364069852,0.1136639526757327,-1.0
0.08913290677850859,0.0019263150558496516,61,1.6392926019616425,0.0001415103578293356,17,96.31818183985624,0.1263202711127021,-1.0
0.09128288574154592,0.0015396576943910783,62,1.671039923094213,0.0001285990470279847,17,97.2727273160761,0.09962583921172402,-1.0
0.08986889911142902,0.0015349512816303307,63,1.645502015016973,0.0001162681192140312,17,97.18181822516702,0.09591926336288452,-1.0
0.09076967911743042,0.002045213826932013,64,1.6709102359600365,0.00010453658778440107,17,98.72727277062155,0.07268567789684642,-1.0
0.090505845974096,0.0024971242528408766,65,1.674291311064735,9.342254191024022e-05,17,99.00000004334883,0.06105102590539239,-1.0
0.09140892152208835,0.002433250865174664,66,1.6893857619725168,8.294311864472437e-05,17,99.13636363636364,0.05274887831373648,-1.0
0.09175705251335683,0.0024579998183374605,67,1.6960959280841053,7.311447649896551e-05,17,99.4090909090909,0.049177242734215476,-1.0
0.09045854249658684,0.002627212062685026,68,1.6757675281260163,6.395177052675794e-05,17,99.0909091125835,0.05813110134818337,-1.0
0.0902344520824651,0.002734126186826163,69,1.6736624401528388,5.546912895658472e-05,17,99.2727273160761,0.05009277714924379,-1.0
0.09022401475037138,0.0026601958605978224,70,1.6721366830170155,4.767963140691306e-05,17,99.40909093076533,0.04448211566968398,-1.0
0.09157024066533065,0.002124895328759319,71,1.6867389071267098,4.059528871837034e-05,17,99.31818186153065,0.046603440588170834,-1.0
0.0900671548054864,0.002320193142319719,72,1.6631931841839105,3.4227024433899e-05,17,99.45454547621988,0.042975682562047784,-1.0
0.09006764399560376,0.0028698717813111013,73,1.673098819097504,2.8584657955444653e-05,17,99.63636367971247,0.04189219174059954,-1.0
0.08931050616471718,0.0026882175071578887,74,1.6562165040522814,2.367688940315011e-05,17,99.36363636363636,0.039961608296090904,-1.0
0.09019645106875235,0.0031242649355489346,75,1.679991627112031,1.951128620040094e-05,17,99.68181818181819,0.03394581573930654,-1.0
0.09044539584364328,0.0028915867183564436,76,1.6802870680112392,1.6094271405406862e-05,17,99.63636367971247,0.033147327845746824,-1.0
0.09108300355728716,0.0017015202643556728,77,1.6703525360208005,1.3431113807311488e-05,17,99.7727273160761,0.034308179671114145,-1.0
0.09003440333375086,0.0016206948914461667,78,1.6500206699129194,1.1525919802101659e-05,17,99.72727272727273,0.03185392286289822,-1.0
0.08989785549541314,0.0017604462854150268,79,1.6500948111061007,1.0381627060842164e-05,17,99.72727277062155,0.032248147671872916,-1.0
0.08972806530073285,0.0014533276876641645,80,1.6414946981240064,1e-05,17,99.81818181818181,0.031950977065346456,-1.0
0.10244688299846733,0.009710542896452049,1,2.0191239309497178,0.000999618372939158,18,17.39130431672801,2.2266493258268936,-1.0
0.10071557144530946,0.0016306728228098815,2,1.8425310940947384,0.0009984740801978985,18,23.13043474632761,2.031258782096531,-1.0
0.09748886446727233,0.0022059918717584675,3,1.7947985408827662,0.0009965688861926887,18,26.173913033112235,1.941208869892618,-1.0
0.06463099761296892,0.00292096888491263,4,1.2161964690312743,0.0009939057285945933,18,27.6086956055268,1.9134304921523384,-1.0
0.06443273071717057,0.0017875008957667483,5,1.1922039180062711,0.0009904887137995992,18,28.130434678948443,1.8568305262275364,-1.0
0.09057977551128715,0.0018452942086797622,6,1.6638840839732438,0.00098632311059685,18,31.391304264897887,1.7844536003859146,-1.0
0.09107898558593458,0.0014969674715151389,7,1.6666233779396862,0.0009814153420445555,18,33.99999986524167,1.718192748816117,-1.0
0.0912506454753586,0.0025142349121678206,8,1.6880067051388323,0.0009757729755661012,18,34.52173916153286,1.711346116065979,-1.0
0.0928457331740194,0.001805382043433686,9,1.7040182219352573,0.0009694047112816298,18,35.65217388712841,1.6882118129730224,-1.0
0.09290318156126887,0.00239092616053919,10,1.7155387860257179,0.0009623203685930871,18,36.47826077108798,1.676372628626616,-1.0
0.09278986873363869,0.0029918909357446763,11,1.724317871965468,0.0009545308710434153,18,37.65217386121335,1.6306688397863638,-1.0
0.08104335201076335,0.002590901153679523,12,1.5056644179858267,0.0009460482294732422,18,39.95652163547018,1.575647734766421,-1.0
0.10122310653484116,0.0025314974676196775,13,1.8678204079624265,0.0009368855235010348,18,40.13043480334075,1.5388446024189824,-1.0
0.09945803822483867,0.0024972905456605884,14,1.8354452920611948,0.0009270568813552758,18,44.43478258278059,1.4791277091399484,-1.0
0.10158378021636356,0.0028118837831748855,15,1.879371594870463,0.0009165774580897602,18,43.956521702849344,1.4625773757437002,-1.0
0.10137714105399533,0.002558290272847646,16,1.8711009989492595,0.0009054634122155992,18,42.91304341606472,1.4304099308926126,-1.0
0.08124183349880493,0.0026339840583710205,17,1.5100099430419505,0.0008937318807859689,18,47.91304344716279,1.389953840504522,-1.0
0.07455326065731545,0.0019898495197089184,18,1.3780235040467232,0.0008814009529720156,18,48.21739105556322,1.3476198990448662,-1.0
0.07505484675574634,0.002093023568805721,19,1.3890301990322769,0.0008684896421706646,18,49.30434783645298,1.3097373889840167,-1.0
0.09105612716585812,0.0021343768393206927,20,1.677749142050743,0.0008550178566873412,18,51.65217394414155,1.2927884373457534,-1.0
0.09287814353592694,0.0015569952342452274,21,1.7001714161597192,0.0008410063690388064,18,51.86956510336503,1.2409837285332057,-1.0
0.09308504835805959,0.0020860834176548654,22,1.7133347429335117,0.0008264767839234412,18,53.43478235991105,1.183806706096815,-1.0
0.09280471560648745,0.0015168644022196531,23,1.6980689601041377,0.000811451504908368,18,57.43478244283925,1.1116907818421073,-1.0
0.09290362761304197,0.0015232323203235865,24,1.7000398540403694,0.0007959536998847743,18,57.13043476187664,1.1123274391630422,-1.0
0.09240436124511892,0.002639527872411741,25,1.7110530778300017,0.0007800072653447032,18,59.47826073480689,1.0339263804062553,-1.0
0.09309886552445176,0.0016233797650784254,26,1.705243858974427,0.0007636367895343947,18,60.4347824221072,1.019959835384203,-1.0
0.09336281654476705,0.0016645848518237472,27,1.710732583887875,0.0007468675145409928,18,63.73913041405056,0.9407017156352168,-1.0
0.09304855388796164,0.0026114388989905515,28,1.7221244268584996,0.0007297252973710758,18,65.13043479297473,0.8996241208781367,-1.0
0.09353637712128046,0.0029182632117428714,29,1.7364417929202318,0.0007122365700810271,18,67.26086933716483,0.849497641791468,-1.0
0.09275739836610025,0.00262527523510572,30,1.7171369879506528,0.0006944282990207196,18,69.73913019636403,0.7856687659802644,-1.0
0.09372207812137073,0.0024881873719601166,31,1.7320301779545844,0.0006763279432533592,18,69.47826087993124,0.7852309440529864,-1.0
0.09356066095642745,0.002731435427752634,32,1.7335227420553565,0.0006579634122155992,18,73.56521727727807,0.70908359983693,-1.0
0.09269773821708643,0.002490342892188993,33,1.71363550494425,0.000639363022683212,18,72.69565217391305,0.6890305913012961,-1.0
0.09388733726357007,0.0030265820678323507,34,1.744713761843741,0.0006205554551086735,18,75.17391283615775,0.6287624138334523,-1.0
0.09342302449254526,0.002634097291674051,35,1.729287639958784,0.0006015697093979838,18,78.30434774315876,0.5968270770363185,-1.0
0.09348817645675606,0.0024324283779909215,36,1.7268190789036453,0.0005824350601949146,18,79.56521739130434,0.5488510513305664,-1.0
0.09316311301922219,0.0028065002083571423,37,1.7277412000112236,0.0005631810117416299,18,83.04347813647726,0.4688460980290952,-1.0
0.09412050899118185,0.002370802181152006,38,1.7371511519886553,0.0005438372523852835,18,84.47826077627099,0.43057841026264687,-1.0
0.09337958685743313,0.001845848643117481,39,1.714292380027473,0.0005244336088007391,18,85.1304346167523,0.4065909839713055,-1.0
0.09252155118156224,0.0016718113070560826,40,1.6957226970698684,0.0005050000000000001,18,86.47826072444086,0.3779337411859761,-1.0
0.09281633093228771,0.0016587992948997351,41,1.700797021156177,0.0004855663911992613,18,88.30434760840043,0.3237732285520305,-1.0
0.09246405168798649,0.0026292349211871624,42,1.7119914069771767,0.00046616274761471693,18,88.95652175986248,0.31135032259899637,-1.0
0.09229460760899302,0.002461285446770489,43,1.7059142370708287,0.00044681898825837057,18,89.91304338496664,0.28447091159613236,-1.0
0.09334777305937475,0.001850971447614332,44,1.7138207249809057,0.000427564939805086,18,92.26086953411932,0.23686750419761823,-1.0
0.09268676563321303,0.001543433250238498,45,1.6963845908176154,0.00040843029060201667,18,93.60869550704956,0.18821810289569524,-1.0
0.09333508885982963,0.0014842178594941895,46,1.7070296539459378,0.000389444544891327,18,93.86956507226695,0.19592279527498327,-1.0
0.09341906516864482,0.0021160247658068934,47,1.720034483121708,0.0003706369773167883,18,94.30434762913248,0.17321025265299755,-1.0
0.0929085972925855,0.0014958976017725137,48,1.699597090948373,0.0003520365877844012,18,96.13043447162794,0.1482215838846953,-1.0
0.09285383411527921,0.001786514663965338,49,1.703811485785991,0.0003336720567466412,18,96.86956518629323,0.10810251544351163,-1.0
0.09331408498757002,0.0019253905629739165,50,1.714578891871497,0.0003155717009792807,18,97.47826063114664,0.09612716540046361,-1.0
0.09337617121895568,0.0016951166196829742,51,1.7116223690100014,0.00029776342991897335,18,97.69565189403036,0.08935194380905317,-1.0
0.09320372776387052,0.0025665920693427324,52,1.7241103739943355,0.00028027470262892445,18,98.13043458565421,0.07619375421949055,-1.0
0.09262664603172904,0.0019203486412556635,53,1.7021419978700578,0.0002631324854590073,18,98.21739102446514,0.07053865102322206,-1.0
0.09327608720761621,0.0024205115235721073,54,1.7229292711708695,0.0002463632104656054,18,98.21739102446514,0.06295033232673355,-1.0
0.09343303821515292,0.0017401542928483752,55,1.7134753500577062,0.0002299927346552969,18,98.86956506190093,0.04869017781122871,-1.0
0.09333885934514304,0.0024286331608891487,56,1.7240620858501643,0.00021404630011522587,18,99.30434782608695,0.03511066153321577,-1.0
0.09305708017200232,0.0018553190554181735,57,1.7086651080753654,0.00019854849509163232,18,99.47826086956522,0.03368043443107087,-1.0
0.0922880013499202,0.0025921956403180957,58,1.7080886128824204,0.00018352321607655918,18,99.56521711142167,0.02870453395921251,-1.0
0.09228962124325335,0.0014573127522857653,59,1.6876838700845838,0.00016899363096119395,18,99.73913043478261,0.02487103664032791,-1.0
0.09314279461331251,0.001486525599223872,60,1.7035737130790949,0.000154982143312659,18,99.78260869565217,0.021753326094020968,-1.0
0.09338198359020883,0.0016903021346984638,61,1.71155229001306,0.0001415103578293356,18,99.6086956521739,0.020295257046818733,-1.0
0.09313619721473919,0.002777242955441276,62,1.7266981480643153,0.0001285990470279847,18,99.78260841576949,0.019364203389572062,-1.0
0.09418224666215894,0.0027659270627838043,63,1.7453286990057677,0.0001162681192140312,18,99.56521711142167,0.020599946308395137,-1.0
0.09264423153621869,0.0019569233991205692,64,1.7030732370913029,0.00010453658778440107,18,99.73913015489993,0.017131954000695893,-1.0
0.09315156965102586,0.0016398520674556494,65,1.7064977190457284,9.342254191024022e-05,18,99.8695652173913,0.016133912455128588,-1.0
0.09347784450639868,0.0017062378271172445,66,1.71356157399714,8.294311864472437e-05,18,99.91304347826087,0.013940414660002873,-1.0
0.0932109590826763,0.0014757015871711904,67,1.704609234817326,7.311447649896551e-05,18,100.0,0.01212675118090018,-1.0
0.09237327515923728,0.0017069760037379132,68,1.693687624996528,6.395177052675794e-05,18,99.95652173913044,0.012972903692204019,-1.0
0.09264080473480539,0.0015392820997577575,69,1.6954907970502973,5.546912895658472e-05,18,99.78260869565217,0.013991054811555406,-1.0
0.0926497673176022,0.001556892568866412,70,1.6959628618787974,4.767963140691306e-05,18,99.82608695652173,0.012477682535739049,-1.0
0.09341015342053854,0.0018997548484346932,71,1.7158212040085346,4.059528871837034e-05,18,99.91304347826087,0.011568319334284118,-1.0
0.09323327367504437,0.0016473327737508549,72,1.7080955421552062,3.4227024433899e-05,18,99.95652173913044,0.010618717757904012,-1.0
0.09390864415197736,0.0017631836235523224,73,1.7223384270910174,2.8584657955444653e-05,18,99.8695652173913,0.012125299752730391,-1.0
0.09386654543535163,0.00184714222430355,74,1.7230914148967713,2.367688940315011e-05,18,99.95652173913044,0.00943291390557652,-1.0
0.09297010411197941,0.0020790130494990284,75,1.7111418540589511,1.951128620040094e-05,18,100.0,0.010131807299735753,-1.0
0.09296375829985158,0.0020054183615785507,76,1.709705569781363,1.6094271405406862e-05,18,99.95652173913044,0.009478652825498063,-1.0
0.09238218676505817,0.0015166429544074668,77,1.69042435195297,1.3431113807311488e-05,18,99.95652145924775,0.00942555094866649,-1.0
0.09270112576066619,0.0019712091889232397,78,1.7043458349071443,1.1525919802101659e-05,18,100.0,0.009964092244272646,-1.0
0.09284329745504591,0.001536396047514346,79,1.6990718699526042,1.0381627060842164e-05,18,99.91304347826087,0.009861925416018652,-1.0
0.09306898688535309,0.0017399287316948175,80,1.7067983779124916,1e-05,18,100.0,0.009744338270114816,-1.0
0.10226948944067485,0.008696641454375103,1,2.1086219139397144,0.000999618372939158,19,18.083333333333332,2.2168322213490805,-1.0
0.10004224310825138,0.001373806478161561,2,1.9271995129529387,0.0009984740801978985,19,22.750000019868214,2.037204898198446,-1.0
0.0995077899363088,0.0016344037936314156,3,1.9219892921391875,0.0009965688861926887,19,23.958333333333332,1.9758272059758504,-1.0
0.06886105468545697,0.0014544287328853418,4,1.3363107990007848,0.0009939057285945933,19,28.333333412806194,1.8755355850855508,-1.0
0.06298606579290017,0.001431838302922092,5,1.224191474961117,0.0009904887137995992,19,28.25000007947286,1.8557542928059896,-1.0
0.09124717333256022,0.001840996457950065,6,1.768931930884719,0.00098632311059685,19,30.958333333333332,1.801861522992452,-1.0
0.09229212939298075,0.0014389797211869766,7,1.7811782129574567,0.0009814153420445555,19,32.08333341280619,1.784535117149353,-1.0
0.09289484821554077,0.001980918888492804,8,1.802879205206409,0.0009757729755661012,19,32.541666746139526,1.7307069635391235,-1.0
0.09351410371202387,0.0019212604475844848,9,1.8135555139742792,0.0009694047112816298,19,34.916666746139526,1.6731414524714152,-1.0
0.09321821549613225,0.0015056543542366278,10,1.800087126903236,0.0009623203685930871,19,36.166666746139526,1.6526205571492514,-1.0
0.08206841201325388,0.001408414939712537,11,1.5864401930011809,0.0009545308710434153,19,36.20833337306976,1.6405514653523763,-1.0
0.10142833453995224,0.0015756957306477584,12,1.9573861679527909,0.0009460482294732422,19,38.625,1.5847967354456585,-1.0
0.0980598977766931,0.0016835700156853388,13,1.8954747999086976,0.0009368855235010348,19,39.875,1.5677117458979288,-1.0
0.10101019361938693,0.0019371747406885813,14,1.9562407289631665,0.0009270568813552758,19,40.75000007947286,1.5125389115015666,-1.0
0.10075269916437958,0.0020365357202918907,15,1.9532484831288457,0.0009165774580897602,19,43.58333337306976,1.47210577805837,-1.0
0.07189031870496508,0.002193888085649202,16,1.408500328892842,0.0009054634122155992,19,44.33333337306976,1.4820315059026081,-1.0
0.07414006565599457,0.001836451285175587,17,1.4437865209765732,0.0008937318807859689,19,45.791666666666664,1.3804837973912556,-1.0
0.07575760583246224,0.001963367587641666,18,1.4769619998987764,0.0008814009529720156,19,46.83333341280619,1.38736998240153,-1.0
0.0907625634786918,0.0014838828386640863,19,1.7529371620621532,0.0008684896421706646,19,48.25,1.324471230506897,-1.0
0.0921772419180917,0.001568181342200229,20,1.7814083299599588,0.0008550178566873412,19,50.5,1.2984074020385743,-1.0
0.09205234960015667,0.0016180258734445822,21,1.7800319050438702,0.0008410063690388064,19,51.70833337306976,1.2480880149205527,-1.0
0.09295471875291121,0.0015929609316548234,22,1.7966886481735855,0.0008264767839234412,19,54.208333333333336,1.185071063041687,-1.0
0.09349993033040511,0.0015464967214747479,23,1.806171348085627,0.000811451504908368,19,54.70833349227905,1.1600582059224447,-1.0
0.09198080792434905,0.0015286350696298637,24,1.7769480999559164,0.0007959536998847743,19,57.375,1.0933349053064982,-1.0
0.09258885951222558,0.001552404014785823,25,1.7889261699747294,0.0007800072653447032,19,58.75000015894572,1.0611953997612,-1.0
0.0930718447596423,0.0018942095584383136,26,1.8046281500719488,0.0007636367895343947,19,60.16666682561239,1.0388848527272543,-1.0
0.0932573163636813,0.0023081862661791476,27,1.81599419307895,0.0007468675145409928,19,63.00000015894572,0.9568876457214356,-1.0
0.09272550784149453,0.0014683612083133898,28,1.7899414380080998,0.0007297252973710758,19,64.87500007947285,0.9198843661944072,-1.0
0.09146710015882395,0.0016093704187752384,29,1.768715213984251,0.0007122365700810271,19,67.54166682561238,0.8725277773539225,-1.0
0.09203018678205185,0.001610286901459882,30,1.7807206350844353,0.0006944282990207196,19,69.29166666666667,0.8181122056643169,-1.0
0.09176101736528308,0.0025154003677399536,31,1.7915095230564475,0.0006763279432533592,19,69.25000007947285,0.7825567523638407,-1.0
0.09225305574210851,0.0020496882620806758,32,1.7920067580416799,0.0006579634122155992,19,70.54166674613953,0.7489436435699462,-1.0
0.09213318355920676,0.0016349222339493664,33,1.7818588668014854,0.000639363022683212,19,71.41666674613953,0.7354732346534729,-1.0
0.09143888148920316,0.0015559975597027101,34,1.7671433521900326,0.0006205554551086735,19,75.58333349227905,0.6305179723103841,-1.0
0.09242427740000973,0.0015611782253376748,35,1.7859668917953968,0.0006015697093979838,19,79.50000007947285,0.5780276091893514,-1.0
0.0919054583891442,0.0015473647141142895,36,1.7758591121528298,0.0005824350601949146,19,79.75000015894572,0.5469364142417907,-1.0
0.09138906374573708,0.0015475266784625618,37,1.766034227097407,0.0005631810117416299,19,81.8333334128062,0.5023731191953024,-1.0
0.09227537895601831,0.0013858537238679435,38,1.779819074086845,0.0005438372523852835,19,82.33333333333333,0.47148408730824787,-1.0
0.09239432761004489,0.002450780808239391,39,1.8022963791154325,0.0005244336088007391,19,84.33333349227905,0.413686337073644,-1.0
0.09208015091472159,0.0016021268123662786,40,1.7802096570376307,0.0005050000000000001,19,86.58333349227905,0.38180444796880086,-1.0
0.09227122736506556,0.0024622315295824877,41,1.8001899200025946,0.0004855663911992613,19,88.04166674613953,0.3381737565994263,-1.0
0.09383230253220781,0.0023909395217503373,42,1.8284792150370777,0.00046616274761471693,19,89.58333349227905,0.30338255008061726,-1.0
0.09204862416280728,0.0025302586758411245,43,1.7972515630535781,0.00044681898825837057,19,88.91666682561238,0.32032774488131205,-1.0
0.09243470511252158,0.0014728948375896404,44,1.7844917299225926,0.000427564939805086,19,90.04166666666667,0.28941687107086184,-1.0
0.0922585484130602,0.0021777638405757515,45,1.7950613589491695,0.00040843029060201667,19,92.33333349227905,0.21893716255823772,-1.0
0.09145547806187287,0.0019194497236687887,46,1.7743587100412697,0.000389444544891327,19,93.75000007947285,0.1861240065097809,-1.0
0.09261732566856633,0.0019461348603822682,47,1.79694062191993,0.0003706369773167883,19,94.79166682561238,0.1589843706289927,-1.0
0.09239008060754522,0.001465947024132076,48,1.7835120358504355,0.0003520365877844012,19,95.87500015894572,0.14268810888131458,-1.0
0.09243415452932056,0.0015628943587408255,49,1.7861949161160737,0.0003336720567466412,19,96.41666682561238,0.11957822173833847,-1.0
0.09207395776665132,0.0015125806002240431,50,1.7784126210026443,0.0003155717009792807,19,97.00000007947285,0.11060149689515432,-1.0
0.09220934142113517,0.001448455315671469,51,1.7797387880273163,0.00029776342991897335,19,97.04166682561238,0.10771359751621883,-1.0
0.09269851949801178,0.0019432564976772195,52,1.798437729012221,0.00028027470262892445,19,97.87500015894572,0.0887941411137581,-1.0
0.09199365551926587,0.0015555124264210463,53,1.7776748919859529,0.0002631324854590073,19,97.20833349227905,0.09181473473707835,-1.0
0.09303564711866018,0.002172115932855951,54,1.809203531127423,0.0002463632104656054,19,98.87500015894572,0.05800691306591034,-1.0
0.09277152817843384,0.0022313509283489303,55,1.8053387380205095,0.0002299927346552969,19,98.70833349227905,0.05253981128334999,-1.0
0.09169007948060569,0.0014326027839591628,56,1.769621869083494,0.00021404630011522587,19,99.20833333333333,0.04173116353650888,-1.0
0.09196360884724479,0.0014266986277346547,57,1.77470632805489,0.00019854849509163232,19,99.20833349227905,0.03947144125898679,-1.0
0.09197733015753329,0.0017935776788937418,58,1.7819331269711256,0.00018352321607655918,19,99.625,0.030794678529103597,-1.0
0.09330663409721303,0.0017342780545157822,59,1.806029968895018,0.00016899363096119395,19,99.54166682561238,0.027563249667485554,-1.0
0.0925187943625803,0.0015748233264802319,60,1.7880641829688102,0.000154982143312659,19,99.83333333333333,0.023163562963406246,-1.0
0.09302144134907346,0.0020586831225572447,61,1.806776596000418,0.0001415103578293356,19,99.83333333333333,0.021621664327879746,-1.0
0.09278126483734109,0.0020365533296410974,62,1.8017972628585994,0.0001285990470279847,19,99.75,0.020612057050069174,-1.0
0.09209533799194584,0.0015265867971864186,63,1.7790721738711,0.0001162681192140312,19,99.91666666666667,0.016009949520230292,-1.0
0.09262237987039905,0.002126330865154925,64,1.8004766500089318,0.00010453658778440107,19,99.95833333333333,0.015607445475955804,-1.0
0.09240393183733288,0.001997590628697684,65,1.7938674539327621,9.342254191024022e-05,19,99.875,0.01443175549308459,-1.0
0.09175004232919921,0.0020461756196853364,66,1.7823825909290463,8.294311864472437e-05,19,99.87500015894572,0.014198987012108167,-1.0
0.0921428780757675,0.0029957885118691544,67,1.8078909390605986,7.311447649896551e-05,19,99.91666666666667,0.013445081301033496,-1.0
0.09181777911113673,0.002408422039527642,68,1.7905744060408324,6.395177052675794e-05,19,99.875,0.013653452942768733,-1.0
0.09191495893327029,0.0015980986461631562,69,1.7770266809966415,5.546912895658472e-05,19,99.79166666666667,0.01589992269873619,-1.0
0.09204103434948545,0.0014253183954248303,70,1.7761166661512107,4.767963140691306e-05,19,99.91666666666667,0.013645439706742764,-1.0
0.09167609830681038,0.0015632204932013625,71,1.7718020188622177,4.059528871837034e-05,19,100.0,0.010575181655585766,-1.0
0.09265618471085633,0.0015910993403706112,72,1.7909410209394991,3.4227024433899e-05,19,99.83333333333333,0.01190857012445728,-1.0
0.09250070907077507,0.0014147054477545776,73,1.7846599069889635,2.8584657955444653e-05,19,99.95833333333333,0.010177934722354015,-1.0
0.09144466741647768,0.002487979155327929,74,1.7849659931380302,2.367688940315011e-05,19,100.0,0.011095461746056875,-1.0
0.09205775074415694,0.0013703507322229836,75,1.7753789951093495,1.951128620040094e-05,19,99.83333333333333,0.011364246321221193,-1.0
0.09182033181729678,0.0016908694401775535,76,1.7769586420617998,1.6094271405406862e-05,19,100.0,0.009475420080125332,-1.0
0.0929232073433109,0.0028981643385793034,77,1.8208600231446326,1.3431113807311488e-05,19,99.95833333333333,0.009841181132942438,-1.0
0.09214803966154393,0.0015532810755662229,78,1.7805864959955215,1.1525919802101659e-05,19,99.875,0.009986384250223636,-1.0
0.0914979892488765,0.0022402293857579168,79,1.7812993540428579,1.0381627060842164e-05,19,99.875,0.012043067471434672,-1.0
0.09235391064890121,0.0026030533481389284,80,1.8044356659520417,1e-05,19,99.91666666666667,0.011351154837757348,-1.0
0.10216348863905296,0.008906931011006236,1,2.221689264057204,0.000999618372939158,20,17.080000009536743,2.2428782474517823,-1.0
0.1000984298880212,0.0017056571668945253,2,2.0363684319891036,0.0009984740801978985,20,21.400000002384186,2.0314055164337157,-1.0
0.09301439003320411,0.0016214328119531275,3,1.892989404965192,0.0009965688861926887,20,25.36000000476837,1.938045168685913,-1.0
0.06875315187498927,0.0014606889220885933,4,1.4045467809773982,0.0009939057285945933,20,25.840000007152558,1.9070611827850341,-1.0
0.0657068844186142,0.0014028348843567074,5,1.3424467239528894,0.0009904887137995992,20,28.35999999523163,1.8690055171966553,-1.0
0.09092905150027945,0.002333572751376778,6,1.8654982529114932,0.00098632311059685,20,31.47999999523163,1.7798083503723146,-1.0
0.09025856566149741,0.0022397776367142795,7,1.850216219201684,0.0009814153420445555,20,32.39999997615814,1.7629980947494506,-1.0
0.09001705959672109,0.0013441645074635743,8,1.8274810868315399,0.0009757729755661012,20,34.240000038146974,1.71008754863739,-1.0
0.09212927365442738,0.0019641204387880863,9,1.8821161340456456,0.0009694047112816298,20,32.71999998092652,1.7215282480239869,-1.0
0.08520049413200467,0.0015071953181177377,10,1.7344032430555671,0.0009623203685930871,20,33.64000000953674,1.6890313222885132,-1.0
0.09428292904049158,0.0013596511096693575,11,1.9131017380859703,0.0009545308710434153,20,35.68,1.6460781003952025,-1.0
0.09873987743631005,0.0015500733628869058,12,2.0060401181690395,0.0009460482294732422,20,39.520000019073485,1.582092095565796,-1.0
0.10140734101878479,0.0013127100886777044,13,2.054692880017683,0.0009368855235010348,20,38.68000001907349,1.5704764953613282,-1.0
0.09993133575189858,0.0013902660459280014,14,2.0266980950254947,0.0009270568813552758,20,41.56000000476837,1.5150259756088258,-1.0
0.07773319565458223,0.0014831021428108216,15,1.5845750090666115,0.0009165774580897602,20,42.320000014305116,1.490038335800171,-1.0
0.07282537310384214,0.0016976712038740515,16,1.4906898189801723,0.0009054634122155992,20,43.36000002861023,1.4515694637298584,-1.0
0.0758828466758132,0.0020713561330921947,17,1.5593209208454937,0.0008937318807859689,20,46.1999999666214,1.4111510124206543,-1.0
0.08990952007006854,0.0017432579305022955,18,1.8332990938797593,0.0008814009529720156,20,45.479999990463256,1.3987466625213623,-1.0
0.09081906599458307,0.00176664610626176,19,1.8519682521000504,0.0008684896421706646,20,46.88,1.3552915594100952,-1.0
0.09166478833649308,0.0015194200561381877,20,1.863920692820102,0.0008550178566873412,20,49.07999997138977,1.3128189208984375,-1.0
0.09229125657584518,0.0014256080728955566,21,1.8745747779030353,0.0008410063690388064,20,49.68,1.2932056020736695,-1.0
0.09097745667677373,0.001819082663860172,22,1.8561671911738813,0.0008264767839234412,20,51.27999998092651,1.2505572507858276,-1.0
0.09153662926983089,0.0023543416289612653,23,1.878057073801756,0.000811451504908368,20,54.35999994277954,1.1736808609008789,-1.0
0.09186718348646536,0.0026039413642138243,24,1.8897087262012064,0.0007959536998847743,20,58.479999980926515,1.1155830978393555,-1.0
0.09210902230115607,0.0014466344960965215,25,1.8713458350393921,0.0007800072653447032,20,56.600000047683714,1.1094472405433655,-1.0
0.09292099885642528,0.0015465049422346056,26,1.889599729795009,0.0007636367895343947,20,59.519999990463255,1.054663661956787,-1.0
0.09163520860020072,0.0013143988442607224,27,1.859240812016651,0.0007468675145409928,20,59.479999980926515,1.0548675352096557,-1.0
0.09215299759525805,0.0016077663982287048,28,1.875448209932074,0.0007297252973710758,20,61.560000057220456,1.0154939332962036,-1.0
0.09146381372120231,0.002048837929032743,29,1.8704967589583248,0.0007122365700810271,20,62.6800000667572,0.9501266664505005,-1.0
0.09182274303166196,0.0014334957697428763,30,1.8653970449231565,0.0006944282990207196,20,66.5999999332428,0.8616765678405762,-1.0
0.09241642375709488,0.0017782804439775645,31,1.8841495770029724,0.0006763279432533592,20,69.96000000953674,0.7996852333068848,-1.0
0.09202805004315451,0.0014990475960075856,32,1.8708291738294065,0.0006579634122155992,20,70.48000003814697,0.7719231789588928,-1.0
0.09121952689019963,0.0020958849578164517,33,1.8665870348922908,0.000639363022683212,20,71.44000005722046,0.7378977110862732,-1.0
0.09182605429086835,0.0018532153102569283,34,1.873866513138637,0.0006205554551086735,20,74.60000008583069,0.6663026351928711,-1.0
0.09213291343767196,0.0016892276587896049,35,1.87678352301009,0.0006015697093979838,20,73.16000007629394,0.6880052763938904,-1.0
0.09215040870476514,0.0015644385945051908,36,1.8746300449129194,0.0005824350601949146,20,76.80000004768371,0.6156833145141601,-1.0
0.09216080228798092,0.0016700037172995507,37,1.8769093498121947,0.0005631810117416299,20,79.84000002861023,0.5544635200500488,-1.0
0.09332911313977092,0.0014164657099172474,38,1.8951986080501229,0.0005438372523852835,20,82.12000007629395,0.4861163703918457,-1.0
0.09110667448258028,0.001388699607923627,39,1.8501941408030689,0.0005244336088007391,20,83.67999998092651,0.44091179380416873,-1.0
0.09323056378634646,0.0013809756143018602,40,1.892594652948901,0.0005050000000000001,20,84.71999995231629,0.42380066146850587,-1.0
0.0907924517407082,0.001567117206286639,41,1.8475318499840796,0.0004855663911992613,20,84.87999994277953,0.4133924834251404,-1.0
0.09140277090482414,0.0018450702424161135,42,1.86525606084615,0.00046616274761471693,20,87.08000005722046,0.3480481576919556,-1.0
0.09169153897091746,0.0013531236327253282,43,1.861189214978367,0.00044681898825837057,20,89.15999994277954,0.32430533332824707,-1.0
0.0916404695250094,0.0013243077788501977,44,1.859588815830648,0.000427564939805086,20,89.88000004768372,0.2866984792470932,-1.0
0.09266373310238123,0.0013242380460724234,45,1.8800441699568182,0.00040843029060201667,20,90.95999998092651,0.2592683222293854,-1.0
0.091264988319017,0.001602130034007132,46,1.8575767388101667,0.000389444544891327,20,92.35999997138977,0.21944903841018676,-1.0
0.09142414185917005,0.0013613896910101176,47,1.8559452430345118,0.0003706369773167883,20,93.15999997138977,0.20621441483497618,-1.0
0.09235044746892526,0.0013726655743084848,48,1.8747947600204498,0.0003520365877844012,20,93.92000001907348,0.1790898037672043,-1.0
0.09120469962945207,0.002220829913858324,49,1.8687686279881746,0.0003336720567466412,20,95.36000004768371,0.14603496732711793,-1.0
0.0916563616367057,0.0016077875159680843,50,1.865515531040728,0.0003155717009792807,20,95.80000000953675,0.1351769232749939,-1.0
0.09157071788795293,0.0018003809615038334,51,1.8676517109852284,0.00029776342991897335,20,97.2800000858307,0.10933330055475235,-1.0
0.09202445435803383,0.0016192039474844933,52,1.873121848097071,0.00028027470262892445,20,97.08000000953675,0.10532399322986603,-1.0
0.09153114532819018,0.0013693647226318717,53,1.8582488489337265,0.0002631324854590073,20,97.5600000858307,0.09002853088378907,-1.0
0.09179081452311948,0.0019010419258847834,54,1.8740696168970317,0.0002463632104656054,20,98.48000004768372,0.06515415555238724,-1.0
0.09191738505614921,0.00223993684630841,55,1.883380559971556,0.0002299927346552969,20,98.07999996185303,0.06845750869512558,-1.0
0.09269512769533321,0.001525840605609119,56,1.8846555091440678,0.00021404630011522587,20,98.51999996185303,0.060129756081104276,-1.0
0.09156203563325108,0.0024175543221645057,57,1.879825359908864,0.00019854849509163232,20,99.31999996185303,0.046847763377428055,-1.0
0.09209855205845088,0.0022471605450846257,58,1.8871495248749852,0.00018352321607655918,20,98.87999996185303,0.048200497621297834,-1.0
0.09227999082067981,0.002355017780791968,59,1.892942113801837,0.00016899363096119395,20,99.44,0.03760613120794296,-1.0
0.09303563826251775,0.0013642950332723558,60,1.888234178069979,0.000154982143312659,20,99.6,0.031575773549079894,-1.0
0.09269747894722968,0.001483325904700905,61,1.8838479050900787,0.0001415103578293356,20,99.68,0.025417782393097877,-1.0
0.09294226032216102,0.0020826825289987027,62,1.9007994569838047,0.0001285990470279847,20,99.60000008583069,0.026374766266345977,-1.0
0.09246205887757242,0.0022071727784350515,63,1.8936528549529612,0.0001162681192140312,20,99.8,0.025267221777141094,-1.0
0.09085019004996867,0.0020745592541061343,64,1.858771211002022,0.00010453658778440107,20,99.63999996185302,0.021467799025774004,-1.0
0.09154121635947376,0.001951912243384868,65,1.8701220110524446,9.342254191024022e-05,20,99.8,0.020425726556777955,-1.0
0.09206109580118209,0.002334681898355484,66,1.8882555239833891,8.294311864472437e-05,20,99.76,0.01863383813351393,-1.0
0.09185092694824562,0.0025498767499811947,67,1.888385057915002,7.311447649896551e-05,20,99.88,0.0173804914906621,-1.0
0.09115482626948505,0.0015478425775654614,68,1.8543149188626558,6.395177052675794e-05,20,99.8,0.016399487590789796,-1.0
0.09172091465443373,0.0016856189933605493,69,1.8683691201731563,5.546912895658472e-05,20,99.88,0.014905003708600997,-1.0
0.09190294677391649,0.0014575447770766915,70,1.8674865651410073,4.767963140691306e-05,20,99.88,0.014117515420913697,-1.0
0.09242542219581082,0.0017396270530298352,71,1.8836547448299825,4.059528871837034e-05,20,99.92,0.014321945051848889,-1.0
0.09265351459616795,0.00219470146112144,72,1.897212172159925,3.4227024433899e-05,20,99.79999996185303,0.016358732163906098,-1.0
0.09262370736105367,0.001537552592344582,73,1.8835104869212955,2.8584657955444653e-05,20,99.88,0.014060374696552753,-1.0
0.09162477115169168,0.001799458300229162,74,1.8688052990473807,2.367688940315011e-05,20,99.92,0.015498828417062759,-1.0
0.09097869949182495,0.002559447113890201,75,1.8710043029859662,1.951128620040094e-05,20,99.88,0.013247564086318017,-1.0
0.09041792502393946,0.0015259377774782478,76,1.8391178569290787,1.6094271405406862e-05,20,99.92,0.011834125472605228,-1.0
0.09133628724375739,0.0016046152100898325,77,1.859060131944716,1.3431113807311488e-05,20,99.88,0.012063863369822502,-1.0
0.09176036230055615,0.002185089560225606,78,1.8791454208549112,1.1525919802101659e-05,20,100.0,0.011162827920913696,-1.0
0.09037305713864044,0.00271791365230456,79,1.8620557389222085,1.0381627060842164e-05,20,99.96,0.011055839657783508,-1.0
0.09085150533355772,0.002232530468609184,80,1.8619290690403432,1e-05,20,99.91999996185302,0.012506755650043487,-1.0
