avg_batch_time_sec,avg_data_time_sec,epoch,epoch_time_sec,lr,round,train_acc,train_loss,val_acc
0.1448808072018437,0.042474154266528785,1,0.7495747380889952,0.000999618372939158,0,0.6,5.490751903533935,-1.0
0.011004566797055304,0.008527476224116981,2,0.07828565780073404,0.0009984740801978985,0,1.199999999254942,4.657062534332275,-1.0
0.014589789730962366,0.009918412019032985,3,0.09830276085995138,0.0009965688861926887,0,4.199999997019768,4.448018562316895,-1.0
0.015241560467984527,0.009902921796310693,4,0.10093022603541613,0.0009939057285945933,0,5.999999928474426,4.3504765625,-1.0
0.015168929530773312,0.010455113486386836,5,0.10280896001495421,0.0009904887137995992,0,5.999999976158142,4.242817405700683,-1.0
0.014631780271884054,0.010069728770758957,6,0.09910573391243815,0.00098632311059685,0,6.799999928474426,4.192508762359619,-1.0
0.015027197485323995,0.007165271730627865,7,0.0890571370255202,0.0009814153420445555,0,8.79999994635582,4.090865251541138,-1.0
0.015460102527868003,0.009802934480831027,8,0.10136764100752771,0.0009757729755661012,0,9.599999904632568,4.017102504730224,-1.0
0.01531504577724263,0.009883224498480558,9,0.1010644780471921,0.0009694047112816298,0,11.19999994635582,3.938527240753174,-1.0
0.014243829296901822,0.009764806949533522,10,0.096299511147663,0.0009623203685930871,0,11.800000011920929,3.878215826034546,-1.0
0.014816416543908417,0.014376938459463418,11,0.11706516798585653,0.0009545308710434153,0,8.999999988079072,3.8889616451263427,-1.0
0.014744523912668228,0.013189184828661382,12,0.11202797410078347,0.0009460482294732422,0,13.000000035762787,3.708872564315796,-1.0
0.015173929219599813,0.013947330240625888,13,0.11676521808840334,0.0009368855235010348,0,13.400000011920929,3.6565439548492433,-1.0
0.015015890239737928,0.01085973676526919,14,0.10377083998173475,0.0009270568813552758,0,14.000000095367431,3.594094730377197,-1.0
0.014691399526782334,0.01280282117659226,15,0.11022916994988918,0.0009165774580897602,0,15.200000071525574,3.4677216625213623,-1.0
0.015030522539746016,0.013593267183750868,16,0.11474900995381176,0.0009054634122155992,0,18.999999833106994,3.425457416534424,-1.0
0.014670009724795818,0.011188171221874654,17,0.10368202603422105,0.0008937318807859689,0,18.39999989271164,3.347233034133911,-1.0
0.015814413432963192,0.01283718558261171,18,0.11488720588386059,0.0008814009529720156,0,19.000000071525573,3.2707615966796877,-1.0
0.013216603721957654,0.013165389013011009,19,0.10579446097835898,0.0008684896421706646,0,18.000000071525573,3.162545749664307,-1.0
0.01554722129367292,0.012284760188777,20,0.11160649312660098,0.0008550178566873412,0,20.59999989271164,3.148700330734253,-1.0
0.015599564008880407,0.013710363011341542,21,0.11751346802338958,0.0008410063690388064,0,20.9999999165535,3.078764307022095,-1.0
0.014476056850980967,0.01029267767444253,22,0.09935310506261885,0.0008264767839234412,0,21.399999940395354,3.088081247329712,-1.0
0.015182737202849239,0.01285147451562807,23,0.11241761804558337,0.000811451504908368,0,24.199999892711638,2.9647463264465332,-1.0
0.014666559465695173,0.014593633299227804,24,0.1172952619381249,0.0007959536998847743,0,24.199999940395355,2.9068539047241213,-1.0
0.01559390069451183,0.008254017273429781,25,0.09565146104432642,0.0007800072653447032,0,23.79999989271164,2.847571922302246,-1.0
0.014941666275262833,0.010188213957007974,26,0.10078080301173031,0.0007636367895343947,0,26.60000021457672,2.7847277908325196,-1.0
0.012505463440902531,0.011229347786866128,27,0.09517014096491039,0.0007468675145409928,0,26.000000214576723,2.7885507640838623,-1.0
0.012595328269526362,0.010416204982902855,28,0.0922696569468826,0.0007297252973710758,0,30.399999952316286,2.7327684688568117,-1.0
0.015164775773882866,0.011417011206503958,29,0.10660199983976781,0.0007122365700810271,0,27.99999989271164,2.6706172828674317,-1.0
0.012848739803303033,0.009823264961596578,30,0.09096620604395866,0.0006944282990207196,0,30.000000166893006,2.559944955825806,-1.0
0.011501588218379766,0.010161798796616495,31,0.08688361314125359,0.0006763279432533592,0,35.000000143051146,2.441056829452515,-1.0
0.010914017795585096,0.007392429688479751,32,0.07338085188530385,0.0006579634122155992,0,30.80000021457672,2.4688747291564943,-1.0
0.009890387475024909,0.010066974733490497,33,0.07995262392796576,0.000639363022683212,0,33.79999990463257,2.406509485244751,-1.0
0.011302732571493834,0.009834113181568682,34,0.08471828908659518,0.0006205554551086735,0,35.39999971389771,2.3430015354156493,-1.0
0.015617739467415959,0.010294202016666532,35,0.10387919284403324,0.0006015697093979838,0,35.800000071525574,2.3424506912231444,-1.0
0.015779145760461688,0.009740763460285962,36,0.10237444890663028,0.0005824350601949146,0,36.80000014305115,2.2707980728149413,-1.0
0.015606173663400114,0.010144343308638781,37,0.10330080590210855,0.0005631810117416299,0,38.39999969005585,2.1930768375396728,-1.0
0.01243716396857053,0.010546031990088522,38,0.0921766790561378,0.0005438372523852835,0,40.400000071525575,2.22288702583313,-1.0
0.011540746490936726,0.009773119527380913,39,0.08543947990983725,0.0005244336088007391,0,36.79999990463257,2.136897970199585,-1.0
0.01557849021628499,0.010998695041052997,40,0.10657131392508745,0.0005050000000000001,0,38.79999966621399,2.1033572807312013,-1.0
0.015009615977760404,0.011031819216441363,41,0.10441871010698378,0.0004855663911992613,0,41.80000004768372,2.0532708625793457,-1.0
0.008598152722697705,0.010030707810074091,42,0.07463886681944132,0.00046616274761471693,0,43.59999983310699,2.0589261684417726,-1.0
0.00866109668277204,0.009853259602095932,43,0.07417688518762589,0.00044681898825837057,0,45.20000007152557,1.9941945991516112,-1.0
0.009753229678608477,0.009984145814087242,44,0.07909165509045124,0.000427564939805086,0,45.39999976158142,1.907318123817444,-1.0
0.012160119076725096,0.010302118898835033,45,0.08999728411436081,0.00040843029060201667,0,48.99999928474426,1.9046712656021119,-1.0
0.01150167576270178,0.010097029502503574,46,0.08658838109113276,0.000389444544891327,0,45.20000007152557,1.8697040367126465,-1.0
0.012274893466383219,0.010947718285024166,47,0.09308140305802226,0.0003706369773167883,0,46.399999833106996,1.8906486778259277,-1.0
0.01208369922824204,0.013577043544501066,48,0.10283069196157157,0.0003520365877844012,0,44.39999961853027,1.960662380218506,-1.0
0.011949526029638946,0.010592904931399971,49,0.09036241215653718,0.0003336720567466412,0,47.19999978542328,1.8693880090713502,-1.0
0.011876020987983793,0.011166483513079584,50,0.0923574990592897,0.0003155717009792807,0,49.19999980926514,1.7883240270614624,-1.0
0.012023536895867437,0.00971385114826262,51,0.08715741313062608,0.00029776342991897335,0,47.39999988079071,1.8150886688232422,-1.0
0.015059005003422499,0.010843775002285838,52,0.10384424892254174,0.00028027470262892445,0,50.99999947547913,1.803692717552185,-1.0
0.015165962162427604,0.011315754847601056,53,0.10621758294291794,0.0002631324854590073,0,47.79999976158142,1.7812884721755982,-1.0
0.016117980994749814,0.011303766223136336,54,0.10998278204351664,0.0002463632104656054,0,54.000000190734866,1.677937476158142,-1.0
0.01697004894958809,0.010566004319116473,55,0.11040088697336614,0.0002299927346552969,0,55.199999523162845,1.6617555923461913,-1.0
0.013853504497092217,0.012204490485601127,56,0.10448401793837547,0.00021404630011522587,0,51.8,1.6556113691329957,-1.0
0.014945026545319706,0.00974340020911768,57,0.09900734690017998,0.00019854849509163232,0,52.80000014305115,1.6693048334121705,-1.0
0.01461268897401169,0.010365045804064721,58,0.1001677040476352,0.00018352321607655918,0,50.999999809265134,1.667187734603882,-1.0
0.013662753743119538,0.01083693775581196,59,0.09827832505106926,0.00016899363096119395,0,53.800000238418576,1.6448346977233888,-1.0
0.013612423732411116,0.011080755270086229,60,0.09902597521431744,0.000154982143312659,0,54.2,1.609687017440796,-1.0
0.01474999962374568,0.010102087107952684,61,0.09965935302898288,0.0001415103578293356,0,51.400000190734865,1.6309420652389526,-1.0
0.013937650772277266,0.00956707599107176,62,0.09426598716527224,0.0001285990470279847,0,56.79999976158142,1.6007957534790038,-1.0
0.013907092798035592,0.009841726976446807,63,0.09523676102980971,0.0001162681192140312,0,57.000000143051146,1.574855257987976,-1.0
0.013926338811870664,0.010259657923597842,64,0.09697509394027293,0.00010453658778440107,0,58.60000038146973,1.5175818185806274,-1.0
0.014381174987647682,0.009695232787635177,65,0.0965395919047296,9.342254191024022e-05,0,57.2,1.526751799583435,-1.0
0.01421815570211038,0.009793690289370716,66,0.09628502000123262,8.294311864472437e-05,0,56.99999995231629,1.5291355237960815,-1.0
0.015139625524170697,0.01193105848506093,67,0.1085401619784534,7.311447649896551e-05,0,57.80000042915344,1.4873387537002563,-1.0
0.012988549191504717,0.010552401770837605,68,0.09439118509180844,6.395177052675794e-05,0,53.799999713897705,1.5290172681808472,-1.0
0.012522551754955202,0.009446503012441099,69,0.08802428003400564,5.546912895658472e-05,0,57.20000061988831,1.5098670835494996,-1.0
0.01008392998483032,0.009613921283744276,70,0.07894963212311268,4.767963140691306e-05,0,55.60000042915344,1.482000654220581,-1.0
0.012060873035807163,0.00967424875125289,71,0.08711145306006074,4.059528871837034e-05,0,57.60000057220459,1.477433380126953,-1.0
0.011295158648863435,0.011241999105550349,72,0.09031419013626873,3.4227024433899e-05,0,57.99999995231629,1.4722531957626344,-1.0
0.012002179923001677,0.00966345303459093,73,0.08680857112631202,2.8584657955444653e-05,0,59.59999995231628,1.5171927309036255,-1.0
0.009247301903087646,0.010715879092458636,74,0.07998081599362195,2.367688940315011e-05,0,59.19999942779541,1.510822024345398,-1.0
0.009520371037069708,0.009804784727748483,75,0.07740714214742184,1.951128620040094e-05,0,55.60000023841858,1.5421922264099122,-1.0
0.01112125552026555,0.009339079726487398,76,0.08194728987291455,1.6094271405406862e-05,0,57.19999995231628,1.5235072555541993,-1.0
0.013826672278810292,0.011069503205362707,77,0.09974955907091498,1.3431113807311488e-05,0,57.600000333786014,1.479150851249695,-1.0
0.014141093008220196,0.009772147750481963,78,0.09590759500861168,1.1525919802101659e-05,0,54.60000014305115,1.5195252618789672,-1.0
0.014301898539997637,0.01003781595500186,79,0.09761276911012828,1.0381627060842164e-05,0,57.199999475479125,1.500049831390381,-1.0
0.011689574515912682,0.009860813501290977,80,0.0864033130928874,1e-05,0,57.99999928474426,1.4676544179916382,-1.0
0.012991097057238221,0.038073598966002466,1,0.2554575498215854,0.000999618372939158,1,1.166666681567828,5.523224697113037,-1.0
0.009885332779958844,0.007901123212650418,2,0.08906975504942238,0.0009984740801978985,1,3.500000014901161,4.699540983835856,-1.0
0.009461427805945277,0.010863038618117571,3,0.10175559180788696,0.0009965688861926887,1,3.500000014901161,4.46416015625,-1.0
0.00980352396145463,0.005205813609063625,4,0.07516767899505794,0.0009939057285945933,1,5.000000029802322,4.329660008748372,-1.0
0.010342938173562289,0.007925142999738455,5,0.09151279414072633,0.0009904887137995992,1,7.166666686534882,4.256653620402019,-1.0
0.013101223949342966,0.008692322252318262,6,0.10915367002598941,0.00098632311059685,1,7.166666691501935,4.149875876108806,-1.0
0.011032245587557554,0.00837493920698762,7,0.09722497686743736,0.0009814153420445555,1,7.999999980131785,4.036764723459879,-1.0
0.011512889247387647,0.007813826948404313,8,0.09683176898397505,0.0009757729755661012,1,9.50000003973643,3.955307200749715,-1.0
0.012099552201107144,0.008875386416912079,9,0.10506267403252423,0.0009694047112816298,1,10.166666706403097,3.8497521845499674,-1.0
0.011730407411232591,0.00839993841946125,10,0.10083710704930127,0.0009623203685930871,1,13.333333432674408,3.737662156422933,-1.0
0.013877881364896894,0.008309198217466474,11,0.11116596288047731,0.0009545308710434153,1,13.833333452542623,3.6767248566945394,-1.0
0.015204057050868868,0.008479783916845918,12,0.11868941900320351,0.0009460482294732422,1,13.833333432674408,3.630473019282023,-1.0
0.015096474206075072,0.010678449971601367,13,0.1292122369632125,0.0009368855235010348,1,14.500000049670538,3.524756679534912,-1.0
0.012025042762979865,0.009561141021549702,14,0.10817961092106998,0.0009270568813552758,1,14.333333293596903,3.508184820810954,-1.0
0.014387001423165202,0.00872132359072566,15,0.11577276093885303,0.0009165774580897602,1,15.833333472410837,3.4278684361775715,-1.0
0.012260375078767538,0.00911546372808516,16,0.10712071601301432,0.0009054634122155992,1,15.833333353201548,3.297224006652832,-1.0
0.013110955059528352,0.007619002740830183,17,0.10387650784105062,0.0008937318807859689,1,19.833333412806194,3.2409985796610514,-1.0
0.013343939185142517,0.008343310002237559,18,0.10865394119173288,0.0008814009529720156,1,20.333333392937977,3.1644379742940267,-1.0
0.013397095119580626,0.008856502268463374,19,0.1114817769266665,0.0008684896421706646,1,23.50000003973643,3.0666715399424236,-1.0
0.014269020780920983,0.010693310620263219,20,0.12510010902769864,0.0008550178566873412,1,20.166666626930237,3.1045183404286703,-1.0
0.01228840504772961,0.007422943180426955,21,0.09878680598922074,0.0008410063690388064,1,23.833333333333332,2.9710161940256756,-1.0
0.014782389625906944,0.005860866187140346,22,0.10343666886910796,0.0008264767839234412,1,24.833333293596905,2.98085280418396,-1.0
0.016381342150270938,0.00997284143231809,23,0.13206130312755704,0.000811451504908368,1,24.500000059604645,2.8610660870869955,-1.0
0.012567006051540375,0.008662681933492422,24,0.10643922514282167,0.0007959536998847743,1,26.166666865348816,2.890355224609375,-1.0
0.009738419018685818,0.007742409408092499,25,0.08756201714277267,0.0007800072653447032,1,28.000000099341076,2.8077487723032633,-1.0
0.011445568781346083,0.00808084043674171,26,0.09778435504995286,0.0007636367895343947,1,29.00000003973643,2.7376387468973795,-1.0
0.011842232756316661,0.0072431704495102165,27,0.09561741095967591,0.0007468675145409928,1,27.83333345254262,2.701050516764323,-1.0
0.014836168056353927,0.007899517146870493,28,0.11388840992003679,0.0007297252973710758,1,28.99999996026357,2.6103820832570395,-1.0
0.014699211064726114,0.011437815334647893,29,0.13094331813044846,0.0007122365700810271,1,30.83333357175191,2.5410718631744387,-1.0
0.014562240010127426,0.009035491989925504,30,0.1182399271056056,0.0006944282990207196,1,31.666666905085247,2.5467217413584393,-1.0
0.01468611741438508,0.010427299980074167,31,0.1258718038443476,0.0006763279432533592,1,30.99999992052714,2.456335563659668,-1.0
0.013592579774558545,0.010931535437703133,32,0.1228947271592915,0.0006579634122155992,1,33.66666690508524,2.473161967595418,-1.0
0.014177556056529284,0.008341188356280328,33,0.11283654510043561,0.000639363022683212,1,33.33333337306976,2.3931467088063556,-1.0
0.014284958783537149,0.007809328008443117,34,0.11075686197727919,0.0006205554551086735,1,35.5,2.3793284447987872,-1.0
0.014253831701353192,0.011086173076182603,35,0.12695856112986803,0.0006015697093979838,1,35.66666662693024,2.3397066656748455,-1.0
0.015913068689405917,0.008129407279193401,36,0.12053397111594677,0.0005824350601949146,1,35.33333373069763,2.279750509262085,-1.0
0.015023480774834752,0.010791006637737155,37,0.12939255614764988,0.0005631810117416299,1,39.83333361148834,2.1755990028381347,-1.0
0.013480299804359674,0.01026128362864256,38,0.11896003386937082,0.0005438372523852835,1,41.00000023841858,2.171582072575887,-1.0
0.01518773059360683,0.007627072790637612,39,0.11431748187169433,0.0005244336088007391,1,42.666666746139526,2.1662915706634522,-1.0
0.01588974380865693,0.011316177202388644,40,0.13632933283224702,0.0005050000000000001,1,41.33333341280619,2.1024398040771484,-1.0
0.014011993911117316,0.012204337073490024,41,0.13134414795786142,0.0004855663911992613,1,41.333333333333336,2.0729501469930014,-1.0
0.015497850952669978,0.010920665040612221,42,0.13240401609800756,0.00046616274761471693,1,45.50000015894572,2.0034823671976727,-1.0
0.015143147762864828,0.008711252408102155,43,0.1195541440974921,0.00044681898825837057,1,45.666666865348816,1.94482319355011,-1.0
0.015187749080359936,0.00814114031381905,44,0.11693683499470353,0.000427564939805086,1,46.166666666666664,1.895224396387736,-1.0
0.01506310999393463,0.00828991741873324,45,0.1178871369920671,0.00040843029060201667,1,47.833333253860474,1.8866185760498047,-1.0
0.015152564039453864,0.010162241151556372,46,0.1268995541613549,0.000389444544891327,1,45.00000031789144,1.901355725924174,-1.0
0.014700767165049911,0.01277823862619698,47,0.13767272396944463,0.0003706369773167883,1,46.00000027815501,1.8728581190109252,-1.0
0.014306028233841061,0.011800670810043812,48,0.13081057905219495,0.0003520365877844012,1,47.33333365122477,1.8316745471954345,-1.0
0.010014348011463881,0.010106501588597893,49,0.10081446217373013,0.0003336720567466412,1,47.50000011920929,1.8776610438028971,-1.0
0.011687783803790808,0.007752823177725077,50,0.09735790686681867,0.0003155717009792807,1,46.166666746139526,1.8047027842203776,-1.0
0.012987529579550027,0.007776400819420814,51,0.10405933111906052,0.00029776342991897335,1,47.333333690961204,1.8147571818033854,-1.0
0.01483080224134028,0.010158719960600138,52,0.12524070893414319,0.00028027470262892445,1,50.16666694482168,1.7528868611653645,-1.0
0.013835443649441004,0.007161183329299092,53,0.10527538205496967,0.0002631324854590073,1,47.83333337306976,1.8097312990824381,-1.0
0.01425420301966369,0.008532756986096502,54,0.11419026087969542,0.0002463632104656054,1,50.83333317438761,1.722383639017741,-1.0
0.013768140738829971,0.011528753489255906,55,0.12675744015723467,0.0002299927346552969,1,50.83333353201548,1.7094165468215943,-1.0
0.01468873512931168,0.007588144904002547,56,0.1116435679141432,0.00021404630011522587,1,50.83333317438761,1.7093212191263836,-1.0
0.01429976667277515,0.011068764934316277,57,0.12709974288009107,0.00019854849509163232,1,52.50000031789144,1.6893228419621786,-1.0
0.014642464136704803,0.010951659269630909,58,0.12823038594797254,0.00018352321607655918,1,52.50000007947286,1.6807935889561971,-1.0
0.013101095939055086,0.00805611745454371,59,0.10604169010184705,0.00016899363096119395,1,52.66666690508524,1.6446185827255249,-1.0
0.014378432603552937,0.007997203199192882,60,0.11213957099243999,0.000154982143312659,1,56.0,1.558568959236145,-1.0
0.008975998871028424,0.007503239717334509,61,0.08259635185822845,0.0001415103578293356,1,54.33333349227905,1.610749773979187,-1.0
0.011196486186236143,0.008712376048788429,62,0.0997120221145451,0.0001285990470279847,1,53.33333388964335,1.6152123991648357,-1.0
0.0141580690164119,0.00823048218153417,63,0.11218882398679852,0.0001162681192140312,1,52.83333365122477,1.6670117966334026,-1.0
0.013375554606318474,0.010263445181772112,64,0.11844051699154079,0.00010453658778440107,1,53.833333333333336,1.5736120669047038,-1.0
0.013925316091626883,0.009875407721847296,65,0.11925972392782569,9.342254191024022e-05,1,56.66666682561239,1.5104699691136678,-1.0
0.011700538825243712,0.010988536570221186,66,0.11367242713458836,8.294311864472437e-05,1,57.16666706403097,1.557618187268575,-1.0
0.009235715540125967,0.009082708833739161,67,0.09172922815196216,7.311447649896551e-05,1,58.666667222976685,1.479333642323812,-1.0
0.012260433426126838,0.007788139767944813,68,0.10037973197177052,6.395177052675794e-05,1,54.166667222976685,1.5862317848205567,-1.0
0.009340542601421475,0.008746709767729044,69,0.09057593205943704,5.546912895658472e-05,1,58.833333253860474,1.4833648459116617,-1.0
0.01028819396160543,0.009471683017909526,70,0.09893429698422551,4.767963140691306e-05,1,58.00000055631002,1.48457612991333,-1.0
0.011194120487198233,0.007884266134351493,71,0.09558036481030285,4.059528871837034e-05,1,58.833333810170494,1.4401244815190632,-1.0
0.012665830133482815,0.005430417647585273,72,0.09071980696171522,3.4227024433899e-05,1,56.83333388964335,1.4829293378194173,-1.0
0.014313821773976087,0.007734261825680733,73,0.11050736694596708,2.8584657955444653e-05,1,55.99999984105428,1.5372066942850748,-1.0
0.014747395412996411,0.007592298788949847,74,0.11197922099381685,2.367688940315011e-05,1,57.666666666666664,1.499999540646871,-1.0
0.014169535972177983,0.0077281404286623,75,0.10978841106407344,1.951128620040094e-05,1,55.833333571751915,1.4798138745625813,-1.0
0.01522599784657359,0.011286743124946952,76,0.1328416420146823,1.6094271405406862e-05,1,56.166666865348816,1.5048526334762573,-1.0
0.01607881681993604,0.007544519193470478,77,0.11841329489834607,1.3431113807311488e-05,1,56.00000055631002,1.5267079639434815,-1.0
0.0160632336512208,0.01006199917756021,78,0.1308901491574943,1.1525919802101659e-05,1,56.333333253860474,1.5166568930943807,-1.0
0.015414389735087752,0.010073672840371728,79,0.12771231099031866,1.0381627060842164e-05,1,59.166667222976685,1.4999649477005006,-1.0
0.014424098981544375,0.009591755038127304,80,0.12034950498491526,1e-05,1,56.833333333333336,1.483526299794515,-1.0
0.01526499834532539,0.032067004668836795,1,0.28414303390309215,0.000999618372939158,2,1.7142857291868754,5.481842234475272,-1.0
0.012122858005265394,0.007932016160339117,2,0.12048778194002807,0.0009984740801978985,2,2.4285714498588016,4.593105463300432,-1.0
0.014589692271935443,0.007014817208983004,3,0.12986941984854639,0.0009965688861926887,2,4.428571428571429,4.4426464870997835,-1.0
0.012433640154389044,0.009996365678186217,4,0.13482734514400363,0.0009939057285945933,2,4.7142857526029855,4.369719595227923,-1.0
0.01553691717951248,0.00683214880215625,5,0.13444928801618516,0.0009904887137995992,2,6.857142872044018,4.2241092273167204,-1.0
0.015117596019990742,0.010052394315910837,6,0.15129992202855647,0.00098632311059685,2,7.857142933777401,4.195636858258928,-1.0
0.013324959591651956,0.008707769409132501,7,0.13245637295767665,0.0009814153420445555,2,7.285714293164866,4.0947007587977815,-1.0
0.014008504959444204,0.009274149391179284,8,0.1399855490308255,0.0009757729755661012,2,7.857142933777401,4.070309698922293,-1.0
0.014443730314572653,0.009123092517256737,9,0.141671973047778,0.0009694047112816298,2,10.571428716182709,3.912953394481114,-1.0
0.012298237493572136,0.00991751067340374,10,0.1335251140408218,0.0009623203685930871,2,11.571428639548165,3.898844860621861,-1.0
0.01531583780888468,0.009618008858524263,11,0.14981054980307817,0.0009545308710434153,2,10.142857172659465,3.8034701102120536,-1.0
0.014509962367204329,0.01124127310079833,12,0.15479350183159113,0.0009460482294732422,2,11.714285744088036,3.733673275538853,-1.0
0.015204113520060977,0.009515033297551176,13,0.14857786521315575,0.0009368855235010348,2,14.571428605488368,3.6800554507119316,-1.0
0.013919410024148723,0.006284886117403706,14,0.12150020804256201,0.0009270568813552758,2,13.71428576537541,3.614669372013637,-1.0
0.014666782498049239,0.006423655664548278,15,0.1268145958893001,0.0009165774580897602,2,12.714285790920258,3.588535327911377,-1.0
0.01466412516310811,0.0072232346671322984,16,0.1316492659971118,0.0009054634122155992,2,14.857142925262451,3.485397082737514,-1.0
0.014507232001051307,0.006660865503363311,17,0.12726225494407117,0.0008937318807859689,2,16.142857202461787,3.455297156742641,-1.0
0.01471378281712532,0.009163339855149388,18,0.14351579500362277,0.0008814009529720156,2,16.571428605488368,3.33486672265189,-1.0
0.013636506589440009,0.007064241256254415,19,0.12446439592167735,0.0008684896421706646,2,17.0000000340598,3.3239238684517995,-1.0
0.01550495601259172,0.006775626020195584,20,0.13396491296589375,0.0008550178566873412,2,15.000000021287374,3.35482857976641,-1.0
0.01426471354595075,0.009289351951641342,21,0.14160304982215166,0.0008410063690388064,2,18.8571429337774,3.2380269118717737,-1.0
0.014817182828361789,0.006474029350404938,22,0.12802374688908458,0.0008264767839234412,2,21.428571573325566,3.206821378980364,-1.0
0.01387589304552724,0.009332975450282296,23,0.13953936006873846,0.000811451504908368,2,21.000000144754136,3.094991102218628,-1.0
0.012285177906354269,0.0066902114388843375,24,0.11408496391959488,0.0007959536998847743,2,21.0,3.0823263958522253,-1.0
0.01344007404986769,0.007846052098708848,25,0.12795150792226195,0.0007800072653447032,2,22.285714421953475,3.072694447381156,-1.0
0.012974072713404894,0.009113687129380802,26,0.13277358887717128,0.0007636367895343947,2,21.857142976352147,3.0147444725036623,-1.0
0.010169045495179793,0.008218914192790786,27,0.1105301808565855,0.0007468675145409928,2,25.714285918644496,2.956266153880528,-1.0
0.014676316874101758,0.006706632440909743,28,0.1284928279928863,0.0007297252973710758,2,21.428571581840515,2.96762939453125,-1.0
0.01507217122707516,0.008581071277149022,29,0.14215096202678978,0.0007122365700810271,2,25.571428809847152,2.8279656641823907,-1.0
0.0149723703507334,0.008867301163263619,30,0.1433526601176709,0.0006944282990207196,2,23.71428576537541,2.8255160549708775,-1.0
0.01503486034926027,0.008343782663966218,31,0.1405897531658411,0.0006763279432533592,2,25.57142870766776,2.8498607431139265,-1.0
0.01410375787721326,0.00914995294685165,32,0.13980150292627513,0.0006579634122155992,2,29.000000042574747,2.7441630785805837,-1.0
0.015039714014468094,0.009069065291744968,33,0.14491973700933158,0.000639363022683212,2,24.285714430468424,2.867400106702532,-1.0
0.015114280977286398,0.006066757836379111,34,0.1273422660306096,0.0006205554551086735,2,28.571428656578064,2.6964348002842495,-1.0
0.015654516639187932,0.00718256850571682,35,0.13729986594989896,0.0006015697093979838,2,30.14285717691694,2.653666197913034,-1.0
0.014052816395026943,0.007173601925993959,36,0.12761093908920884,0.0005824350601949146,2,28.71428578240531,2.6478739711216517,-1.0
0.014676533445405463,0.008887246561547121,37,0.1416381630115211,0.0005631810117416299,2,31.14285728761128,2.580111041750227,-1.0
0.015107660825985173,0.006666215641113619,38,0.1309119309298694,0.0005438372523852835,2,30.142857364245824,2.6403840950557163,-1.0
0.01250857743434608,0.0070495712182795005,39,0.11756141996011138,0.0005244336088007391,2,32.42857163293021,2.5219969490596226,-1.0
0.014982104883529246,0.00853110613146176,40,0.14128662692382932,0.0005050000000000001,2,32.14285722800663,2.5007431956699917,-1.0
0.015275922797930738,0.0087066360283643,41,0.14415232790634036,0.0004855663911992613,2,33.00000010217939,2.506492636544364,-1.0
0.015193990354115764,0.008443887500713268,42,0.1421082380693406,0.00046616274761471693,2,32.00000010217939,2.4816808223724367,-1.0
0.01402950162688891,0.00721791487497588,43,0.12769965105690062,0.00044681898825837057,2,34.28571447304317,2.3970879718235563,-1.0
0.014542706698800126,0.008742908636728922,44,0.13988592894747853,0.000427564939805086,2,34.28571435383388,2.421799245561872,-1.0
0.014237853504406909,0.009203054321308931,45,0.14089697296731174,0.00040843029060201667,2,33.285714507102966,2.3586909798213416,-1.0
0.014298941280382374,0.007689628206814329,46,0.13218295387923717,0.000389444544891327,2,36.0000000681196,2.3861797169276646,-1.0
0.01488760206848383,0.008685091588025292,47,0.14173611998558044,0.0003706369773167883,2,35.00000023841858,2.361945751735142,-1.0
0.015137590700760484,0.009586853945317367,48,0.1486161721404642,0.0003520365877844012,2,37.42857151372092,2.284691072191511,-1.0
0.01489632437005639,0.0090163847974812,49,0.14373482204973698,0.0003336720567466412,2,38.57142874172756,2.2988953849247524,-1.0
0.013858151505701244,0.009287549337993065,50,0.13909473503008485,0.0003155717009792807,2,38.57142869063786,2.2550860364096503,-1.0
0.015503046529678008,0.00932638548935453,51,0.1491819389630109,0.00029776342991897335,2,39.14285729612623,2.217344342640468,-1.0
0.01400461932644248,0.008844173513352871,52,0.13737967610359192,0.00028027470262892445,2,36.57142880984715,2.2415179075513567,-1.0
0.01502960939736416,0.009165140606152514,53,0.14544907910749316,0.0002631324854590073,2,38.85714306150164,2.1985846178872244,-1.0
0.015711754211224616,0.008805465302430093,54,0.1474170070141554,0.0002463632104656054,2,39.42857161590031,2.1825334889548165,-1.0
0.014461614967634281,0.006667143665254116,55,0.12704775505699217,0.0002299927346552969,2,41.4285717351096,2.100293276650565,-1.0
0.01473492286944141,0.006311569479294121,56,0.1265469049103558,0.00021404630011522587,2,40.000000153269085,2.140527490888323,-1.0
0.009910950786434114,0.00918560471230497,57,0.11481139110401273,0.00019854849509163232,2,41.28571442195347,2.097829600061689,-1.0
0.01471309868308405,0.009143281339978179,58,0.14336833404377103,0.00018352321607655918,2,42.142857330186025,2.074124175480434,-1.0
0.014922886155545712,0.009021223328697184,59,0.14393800613470376,0.00016899363096119395,2,41.85714323180063,2.066810621534075,-1.0
0.014096336827302972,0.009544541981692115,60,0.14212609408423305,0.000154982143312659,2,43.000000272478374,2.040392667225429,-1.0
0.012169651648340126,0.009300914010964334,61,0.12906323396600783,0.0001415103578293356,2,42.714285901614595,2.09723922593253,-1.0
0.014919983106665313,0.009543100216736397,62,0.1470145438797772,0.0001285990470279847,2,41.571428656578064,2.049500626155308,-1.0
0.012043462522948781,0.009673777346809706,63,0.13055479596368968,0.0001162681192140312,2,39.42857163293021,2.077982797622681,-1.0
0.012378240663868686,0.007198305490116279,64,0.11765246582217515,0.00010453658778440107,2,42.14285731315613,2.043037369591849,-1.0
0.01506061382436504,0.007965441017101208,65,0.13839122001081705,9.342254191024022e-05,2,39.7142858845847,2.0739246668134417,-1.0
0.015379241008001069,0.006753269156130652,66,0.13307101395912468,8.294311864472437e-05,2,43.142857210976736,2.026144851957049,-1.0
0.01412106848632296,0.006741201349844535,67,0.12538673798553646,7.311447649896551e-05,2,44.428571581840515,1.9588490520204818,-1.0
0.014542902198930582,0.009026973624713719,68,0.14162651496008039,6.395177052675794e-05,2,46.571428946086336,1.9753188242231097,-1.0
0.015342764866848787,0.006561854116929074,69,0.131678398931399,5.546912895658472e-05,2,44.714285901614595,2.005132597514561,-1.0
0.015237146445239583,0.008019248217654725,70,0.1397987180389464,4.767963140691306e-05,2,45.28571449007307,2.0254705715179444,-1.0
0.014766940730623901,0.008763679613669714,71,0.14145071199163795,4.059528871837034e-05,2,46.14285729612623,1.9358789321354457,-1.0
0.013933668339935442,0.00862730348793169,72,0.13560938485898077,3.4227024433899e-05,2,44.00000022138868,1.963252341406686,-1.0
0.015411970050384602,0.008743339140589038,73,0.14518178906291723,2.8584657955444653e-05,2,42.571428707667756,2.0092692804336547,-1.0
0.01360932586248964,0.008332643968363604,74,0.13190624909475446,2.367688940315011e-05,2,46.857142857142854,1.930951931135995,-1.0
0.014567173163716992,0.009046381339430809,75,0.14193583792075515,1.951128620040094e-05,2,45.4285717351096,1.9661108997889927,-1.0
0.01424401750167211,0.006642438510122399,76,0.1255785149987787,1.6094271405406862e-05,2,46.85714292526245,1.9733902277265276,-1.0
0.014981076625796655,0.00982322768929104,77,0.14909891411662102,1.3431113807311488e-05,2,43.28571459225246,1.9965915400641305,-1.0
0.013958318314204613,0.009078526015703877,78,0.1385477448347956,1.1525919802101659e-05,2,42.28571435383388,1.9714161450522287,-1.0
0.014676336625901362,0.009642731010292968,79,0.14616509107872844,1.0381627060842164e-05,2,43.42857159887041,1.9749739347185407,-1.0
0.014434309327043593,0.008810474847753843,80,0.1397259400691837,1e-05,2,46.14285724503653,1.9531715202331543,-1.0
0.015123013972437807,0.02838992201057928,1,0.30471336585469544,0.000999618372939158,3,1.375,5.67376220703125,-1.0
0.010840135260618158,0.005216655720557485,2,0.11254461784847081,0.0009984740801978985,3,2.25,4.6221484375,-1.0
0.008765202448038118,0.004028208986190813,3,0.08970440505072474,0.0009965688861926887,3,3.75,4.442659912109375,-1.0
0.011603446610804116,0.006747778804440584,4,0.1286021729465574,0.0009939057285945933,3,5.75,4.34521728515625,-1.0
0.011408387583547406,0.005578195709469063,5,0.1190826769452542,0.0009904887137995992,3,6.125,4.250559692382812,-1.0
0.011351196427962609,0.008334707568532653,6,0.13796710595488548,0.00098632311059685,3,6.0,4.210675354003906,-1.0
0.014769831073603459,0.0065344405094427726,7,0.14935992611572146,0.0009814153420445555,3,8.5,4.087230224609375,-1.0
0.011134780876870667,0.007961937991370047,8,0.13387876306660473,0.0009757729755661012,3,8.0,4.063518981933594,-1.0
0.012023445451632142,0.007421054145587342,9,0.13624479714781046,0.0009694047112816298,3,10.625,3.98281494140625,-1.0
0.010971970822928208,0.00756417288045798,10,0.12991814385168254,0.0009623203685930871,3,11.5,3.891479797363281,-1.0
0.009778297805626477,0.004871220061821597,11,0.10268939007073641,0.0009545308710434153,3,9.5,3.86520263671875,-1.0
0.009447505597823433,0.006244369117277009,12,0.10994436405599117,0.0009460482294732422,3,9.875,3.8263995361328127,-1.0
0.0130733578532402,0.0070889852941036224,13,0.1412960400339216,0.0009368855235010348,3,9.875,3.7241644287109374,-1.0
0.011943434697708913,0.006075697585142085,14,0.12637646915391088,0.0009270568813552758,3,11.0,3.74751953125,-1.0
0.011967429026429142,0.007343809552756804,15,0.13534581009298563,0.0009165774580897602,3,11.875,3.70166259765625,-1.0
0.013549330278432794,0.0074108101294509,16,0.14690748299472034,0.0009054634122155992,3,13.125,3.6520791625976563,-1.0
0.012275348883122206,0.0071096329816750115,17,0.13588091102428734,0.0008937318807859689,3,14.125,3.5158326721191404,-1.0
0.010231168874140297,0.006870980407776577,18,0.11985949194058776,0.0008814009529720156,3,13.875,3.5553434753417967,-1.0
0.011984700736190592,0.005785417277365923,19,0.12453512195497751,0.0008684896421706646,3,14.375,3.4867184448242186,-1.0
0.011123065637158496,0.007550708350858518,20,0.1308797721285373,0.0008550178566873412,3,15.75,3.46011962890625,-1.0
0.009021685092843004,0.004453208330752594,21,0.09446084802038968,0.0008410063690388064,3,19.0,3.4043783569335937,-1.0
0.011191216596801366,0.005267727820734892,22,0.11533858114853501,0.0008264767839234412,3,17.625,3.326714401245117,-1.0
0.015110240816803915,0.005640431739655989,23,0.14546650601550937,0.000811451504908368,3,17.75,3.3175247955322265,-1.0
0.014015176998717445,0.005285401429448809,24,0.13537264103069901,0.0007959536998847743,3,16.375,3.271784362792969,-1.0
0.011961694707029633,0.00919825500542564,25,0.1483433530665934,0.0007800072653447032,3,17.5,3.219510192871094,-1.0
0.014853596554270812,0.005966474302113056,26,0.14595414511859417,0.0007636367895343947,3,18.0,3.1962662506103516,-1.0
0.015089715997289335,0.006410647848887103,27,0.15077646705321968,0.0007468675145409928,3,19.875,3.1581534576416015,-1.0
0.011733447301334568,0.007257919392681548,28,0.13316683704033494,0.0007297252973710758,3,19.0,3.1741912078857424,-1.0
0.015489800899688686,0.007475145959428379,29,0.16097117285244167,0.0007122365700810271,3,21.5,3.048863754272461,-1.0
0.014373603044077754,0.006973844520481569,30,0.14969860203564167,0.0006944282990207196,3,21.875,3.044153594970703,-1.0
0.014687218869637166,0.007349676984761443,31,0.15453135897405446,0.0006763279432533592,3,21.25,2.9919891357421875,-1.0
0.0142351859914405,0.008506261843389698,32,0.15945385093800724,0.0006579634122155992,3,22.125,3.026764373779297,-1.0
0.013443839969113469,0.006337076159460204,33,0.13873009802773595,0.000639363022683212,3,23.625,2.9223773956298826,-1.0
0.015092171262949705,0.00909452376488064,34,0.16959268297068775,0.0006205554551086735,3,25.25,2.9152591705322264,-1.0
0.014027040119149856,0.008783333735274417,35,0.15992511599324644,0.0006015697093979838,3,22.625,2.950909080505371,-1.0
0.014756536576896906,0.006454416717003498,36,0.14871212607249618,0.0005824350601949146,3,24.625,2.8840410995483396,-1.0
0.015877257966037308,0.007154659168528659,37,0.16147822211496532,0.0005631810117416299,3,25.375,2.8299331283569336,-1.0
0.014292819491986717,0.007998553071437138,38,0.1562952899839729,0.0005438372523852835,3,27.25,2.826293067932129,-1.0
0.014685999402510268,0.008209071454725094,39,0.1605421700514853,0.0005244336088007391,3,26.625,2.7269768142700195,-1.0
0.015325551719537802,0.006901534573574152,40,0.1558863881509751,0.0005050000000000001,3,28.25,2.7440032958984375,-1.0
0.011410133015098316,0.008160768675484828,41,0.13722133915871382,0.0004855663911992613,3,26.875,2.7745545959472655,-1.0
0.01125248268778835,0.007376737426966429,42,0.130572902970016,0.00046616274761471693,3,26.75,2.6822787857055665,-1.0
0.012648399719702346,0.005887118567313466,43,0.12991768191568553,0.00044681898825837057,3,26.25,2.7042149353027343,-1.0
0.014830267123345817,0.005560747048418436,44,0.1429449189454317,0.000427564939805086,3,29.5,2.6176466751098633,-1.0
0.011190386688602822,0.008155538002029061,45,0.13563454314135015,0.00040843029060201667,3,31.125,2.5961197280883788,-1.0
0.012090466018500072,0.005506136421380299,46,0.1233551949262619,0.000389444544891327,3,32.375,2.6261672973632812,-1.0
0.009755041616569673,0.0053690513928553885,47,0.10600296198390424,0.0003706369773167883,3,31.75,2.523143196105957,-1.0
0.010678139515221119,0.005213166487270168,48,0.11137376306578517,0.0003520365877844012,3,31.125,2.590949287414551,-1.0
0.011128495547122188,0.0054083641485444135,49,0.11593229998834431,0.0003336720567466412,3,31.25,2.511021919250488,-1.0
0.014462909860802549,0.008383437991142273,50,0.16015026392415166,0.0003155717009792807,3,30.0,2.532039680480957,-1.0
0.013567290202315365,0.006897531516317811,51,0.1434848781209439,0.00029776342991897335,3,32.5,2.53206600189209,-1.0
0.014680116570421628,0.0072309978505862614,52,0.1536206449382007,0.00028027470262892445,3,31.0,2.534807586669922,-1.0
0.013705186878464051,0.005338752974889108,53,0.133531253086403,0.0002631324854590073,3,30.75,2.490371780395508,-1.0
0.008099308137648873,0.006786010161574397,54,0.10433656605891883,0.0002463632104656054,3,33.125,2.457857971191406,-1.0
0.010418266191014222,0.005895759943606598,55,0.1143312519416213,0.0002299927346552969,3,33.875,2.482675247192383,-1.0
0.009080241500799145,0.006024868792987296,56,0.10587058402597904,0.00021404630011522587,3,33.125,2.452278060913086,-1.0
0.011042750074661203,0.007513696926512888,57,0.13002702500671148,0.00019854849509163232,3,34.375,2.440696563720703,-1.0
0.013263252264420902,0.006555759447759816,58,0.13892912585288286,0.00018352321607655918,3,33.0,2.408117446899414,-1.0
0.01411336101591587,0.006263417258326497,59,0.1428269420284778,0.00016899363096119395,3,32.125,2.4241916275024415,-1.0
0.015624529549053736,0.006181084151778903,60,0.15286945109255612,0.000154982143312659,3,34.75,2.373008232116699,-1.0
0.014634405229506748,0.0057421830549303976,61,0.14290922600775957,0.0001415103578293356,3,37.0,2.3670514678955077,-1.0
0.015473923978528805,0.006737747861604605,62,0.15575888799503446,0.0001285990470279847,3,34.125,2.3689540100097655,-1.0
0.01372698345221579,0.008266677547778403,63,0.15420256601646543,0.0001162681192140312,3,35.875,2.3801653671264646,-1.0
0.014425145196063178,0.009082688950002193,64,0.1647644431795925,0.00010453658778440107,3,36.375,2.3655429458618165,-1.0
0.014714476386351245,0.007936282748622554,65,0.15882828296162188,9.342254191024022e-05,3,36.25,2.320735397338867,-1.0
0.014449169426890356,0.007415697277922716,66,0.1533039011992514,8.294311864472437e-05,3,35.5,2.3299218368530275,-1.0
0.01460411143489182,0.007763034564309886,67,0.15682004601694643,7.311447649896551e-05,3,38.125,2.320312194824219,-1.0
0.014703362847545318,0.006410181588892426,68,0.14804793987423182,6.395177052675794e-05,3,36.0,2.2866275787353514,-1.0
0.01425354934430548,0.008551604081211346,69,0.15984694892540574,5.546912895658472e-05,3,35.25,2.328722038269043,-1.0
0.014549640007317066,0.008176929982645171,70,0.15930318483151495,4.767963140691306e-05,3,35.75,2.3295141220092774,-1.0
0.014678416740415352,0.008718458403434073,71,0.16402908088639379,4.059528871837034e-05,3,38.5,2.2536774826049806,-1.0
0.014898030020828758,0.00841148297435471,72,0.1634450671263039,3.4227024433899e-05,3,35.5,2.3709443283081053,-1.0
0.014699285118175405,0.005754820437037519,73,0.143454282078892,2.8584657955444653e-05,3,38.0,2.2934890747070313,-1.0
0.014000707671844534,0.00686766832534756,74,0.14633114007301629,2.367688940315011e-05,3,35.375,2.3717967224121095,-1.0
0.011860294134489127,0.008277135867891567,75,0.14117263606749475,1.951128620040094e-05,3,37.5,2.22640251159668,-1.0
0.01519173280602055,0.008271497308409639,76,0.16449810308404267,1.6094271405406862e-05,3,34.625,2.2743571853637694,-1.0
0.015343653270974755,0.008008616444255625,77,0.1637599589303136,1.3431113807311488e-05,3,35.0,2.315944290161133,-1.0
0.015237162222287484,0.008722402488014527,78,0.16801355802454054,1.1525919802101659e-05,3,38.0,2.243216018676758,-1.0
0.015204038304675902,0.00789610096918685,79,0.16199452592991292,1.0381627060842164e-05,3,36.625,2.3143629455566406,-1.0
0.01520412411939885,0.0068045564528022495,80,0.15437778900377452,1e-05,3,37.25,2.320626983642578,-1.0
0.011909488472156227,0.024794946162728593,1,0.2938447699416429,0.000999618372939158,4,1.8888888888888888,5.4651416015625,-1.0
0.008485253492835909,0.004796396155143157,2,0.10636518499813974,0.0009984740801978985,4,2.888888888888889,4.5465234375,-1.0
0.008140796388033777,0.004918558988720179,3,0.10457903915084898,0.0009965688861926887,4,1.7777777777777777,4.482419704861111,-1.0
0.01475176212261431,0.006075254641473293,4,0.1668395500164479,0.0009939057285945933,4,3.3333333333333335,4.412863498263889,-1.0
0.015019993763417006,0.005808843357954174,5,0.16698886291123927,0.0009904887137995992,4,4.222222222222222,4.397584635416667,-1.0
0.015595007251249626,0.007409294979879633,6,0.18432268011383712,0.00098632311059685,4,5.555555555555555,4.255708279079861,-1.0
0.01297186201554723,0.006684583349851891,7,0.15748133580200374,0.0009814153420445555,4,6.888888888888889,4.236277126736111,-1.0
0.015126748592592776,0.005267395143164322,8,0.1633350821211934,0.0009757729755661012,4,5.777777777777778,4.123502468532986,-1.0
0.012880469730589539,0.007419916015351191,9,0.16267501306720078,0.0009694047112816298,4,5.333333333333333,4.114874674479167,-1.0
0.013450125639792532,0.007258636615006253,10,0.1658690960612148,0.0009623203685930871,4,7.888888888888889,4.020198296440972,-1.0
0.01284058764576912,0.005667051242198795,11,0.1482477500103414,0.0009545308710434153,4,8.333333333333334,4.011786024305556,-1.0
0.011777931416872889,0.0053076767071615905,12,0.1368698519654572,0.0009460482294732422,4,7.555555555555555,3.955749782986111,-1.0
0.015356253483332694,0.006862517388071865,13,0.17798344604671001,0.0009368855235010348,4,8.666666666666666,3.936062825520833,-1.0
0.008507876220392063,0.00613060625619255,14,0.11732737882994115,0.0009270568813552758,4,7.888888888888889,3.9330799696180554,-1.0
0.013436309935059398,0.006877676292788237,15,0.1627063520718366,0.0009165774580897602,4,7.666666666666667,3.9178569878472222,-1.0
0.014919472247129306,0.006528152764076367,16,0.17181249614804983,0.0009054634122155992,4,10.11111111111111,3.8550740559895833,-1.0
0.009915495262248442,0.006595137994736433,17,0.13221209682524204,0.0008937318807859689,4,8.88888888888889,3.828926595052083,-1.0
0.013744029478402808,0.006651108269579709,18,0.16333948890678585,0.0008814009529720156,4,9.333333333333334,3.772702094184028,-1.0
0.014688481140183285,0.006655387231148779,19,0.17103756498545408,0.0008684896421706646,4,9.88888888888889,3.7636675347222224,-1.0
0.014609407662646845,0.006343450222630054,20,0.16789649310521781,0.0008550178566873412,4,11.555555555555555,3.7613316514756945,-1.0
0.012034951389068738,0.0067020057467743754,21,0.15017726877704263,0.0008410063690388064,4,10.0,3.7446218532986113,-1.0
0.014800184726482257,0.005729915166739374,22,0.16445123287849128,0.0008264767839234412,4,9.444444444444445,3.7496082899305554,-1.0
0.014511233137454838,0.007158510619774461,23,0.17361110891215503,0.000811451504908368,4,10.777777777777779,3.648168674045139,-1.0
0.014589813275961205,0.007345814869040623,24,0.17578222998417914,0.0007959536998847743,4,10.222222222222221,3.63942626953125,-1.0
0.009300917387008667,0.005521657003555447,25,0.11876638303510845,0.0007800072653447032,4,12.666666666666666,3.6068416341145833,-1.0
0.014174264739267528,0.0066624679893720895,26,0.16686840285547078,0.0007636367895343947,4,14.777777777777779,3.571075710720486,-1.0
0.014585533004719764,0.007128896511858329,27,0.17396835493855178,0.0007468675145409928,4,14.11111111111111,3.5550851101345486,-1.0
0.014677884057164192,0.007585938059492037,28,0.1783620440401137,0.0007297252973710758,4,12.88888888888889,3.578199869791667,-1.0
0.014626022486481816,0.0051932767673861235,29,0.15880169393494725,0.0007122365700810271,4,14.222222222222221,3.542874077690972,-1.0
0.014577726542484015,0.006679247948341072,30,0.17030916502699256,0.0006944282990207196,4,14.444444444444445,3.553694661458333,-1.0
0.014159032114548609,0.006916105136042461,31,0.16886131698265672,0.0006763279432533592,4,12.555555555555555,3.613331570095486,-1.0
0.014376505016116425,0.007005626743193716,32,0.17130939289927483,0.0006579634122155992,4,13.222222222222221,3.5796938747829863,-1.0
0.009177273255772889,0.006578388391062617,33,0.12622573296539485,0.000639363022683212,4,13.0,3.5423558213975697,-1.0
0.014333690196508542,0.005470956908538938,34,0.15861175791360438,0.0006205554551086735,4,15.444444444444445,3.4453385416666666,-1.0
0.014611211634473875,0.00720979121979326,35,0.17488738102838397,0.0006015697093979838,4,13.11111111111111,3.486181098090278,-1.0
0.014347275253385305,0.007695626147324219,36,0.17667280393652618,0.0005824350601949146,4,14.88888888888889,3.4392095947265626,-1.0
0.014835395122645423,0.007838439632905647,37,0.18169509409926832,0.0005631810117416299,4,15.555555555555555,3.3593506537543405,-1.0
0.014898605848429725,0.006815039872890338,38,0.17401339206844568,0.0005438372523852835,4,14.555555555555555,3.3378480360243055,-1.0
0.013573674106737599,0.007143062655813992,39,0.16598281706683338,0.0005244336088007391,4,16.444444444444443,3.359970465766059,-1.0
0.014539558003889397,0.0066633592650759965,40,0.16987468488514423,0.0005050000000000001,4,18.11111111111111,3.334367947048611,-1.0
0.01144320287858136,0.004630553856259212,41,0.12879921682178974,0.0004855663911992613,4,17.22222222222222,3.357406005859375,-1.0
0.011610358080361038,0.006693873670883477,42,0.14660369791090488,0.00046616274761471693,4,15.777777777777779,3.3498734198676217,-1.0
0.014432710770051926,0.005976924847345799,43,0.1634929080028087,0.00044681898825837057,4,16.0,3.3297335476345484,-1.0
0.011983702221186832,0.007202578883152455,44,0.1537214161362499,0.000427564939805086,4,15.666666666666666,3.3058019341362845,-1.0
0.011900718876859173,0.007005779625615105,45,0.151420540176332,0.00040843029060201667,4,16.11111111111111,3.3257470703125,-1.0
0.014546231715939939,0.005330843909177929,46,0.15923704486340284,0.000389444544891327,4,15.222222222222221,3.3088557942708334,-1.0
0.011982820637058467,0.006916237965924665,47,0.15140554890967906,0.0003706369773167883,4,17.333333333333332,3.2644551595052085,-1.0
0.010643134650308639,0.007911519467597827,48,0.14860342093743384,0.0003520365877844012,4,17.333333333333332,3.2462703111436633,-1.0
0.012053798389388248,0.006648765993304551,49,0.14978478010743856,0.0003336720567466412,4,17.22222222222222,3.255112847222222,-1.0
0.010734556650277227,0.0073001789569389075,50,0.14444395410828292,0.0003155717009792807,4,18.444444444444443,3.2193280029296876,-1.0
0.014691085030790418,0.008332802593940869,51,0.18439835193566978,0.00029776342991897335,4,16.88888888888889,3.174004889594184,-1.0
0.014215397590305656,0.005700154404621571,52,0.15958243305794895,0.00028027470262892445,4,17.88888888888889,3.1923663330078127,-1.0
0.013051887013716623,0.005466514092404395,53,0.14837603108026087,0.0002631324854590073,4,18.0,3.168324517144097,-1.0
0.012078542669769377,0.005274637340335175,54,0.13899166882038116,0.0002463632104656054,4,17.77777777777778,3.2017699517144096,-1.0
0.013723964395467192,0.006959300982998684,55,0.16567202098667622,0.0002299927346552969,4,19.666666666666668,3.1444653998480905,-1.0
0.014591604995075613,0.006937622121768072,56,0.17248569405637681,0.00021404630011522587,4,18.88888888888889,3.2114463975694445,-1.0
0.014267514372477308,0.007462776353349909,57,0.17409452400170267,0.00019854849509163232,4,19.444444444444443,3.114667222764757,-1.0
0.013394134439295158,0.0075015940819866955,58,0.16741502098739147,0.00018352321607655918,4,22.77777777777778,3.1226295979817706,-1.0
0.014205240120645612,0.00721275300020352,59,0.17159959697164595,0.00016899363096119395,4,19.22222222222222,3.111014980740017,-1.0
0.010488119994988665,0.007564181869383901,60,0.14463142305612564,0.000154982143312659,4,19.0,3.1047348361545137,-1.0
0.010865078191272914,0.005480981315486133,61,0.1309384109918028,0.0001415103578293356,4,19.77777777777778,3.164480895996094,-1.0
0.014329102879855782,0.006698440498439595,62,0.1684623088221997,0.0001285990470279847,4,20.666666666666668,3.0999168904622394,-1.0
0.013621431950014085,0.007570406189188361,63,0.16983891115523875,0.0001162681192140312,4,19.22222222222222,3.1428270128038194,-1.0
0.012144492648076266,0.006789699720684439,64,0.15173873701132834,0.00010453658778440107,4,20.11111111111111,3.128757052951389,-1.0
0.010720192629378289,0.006083066487917677,65,0.13462644186802208,9.342254191024022e-05,4,19.333333333333332,3.148397216796875,-1.0
0.010879360750550404,0.006933050754014403,66,0.14268794399686158,8.294311864472437e-05,4,20.444444444444443,3.061329006618924,-1.0
0.014606587152229622,0.007223928609164432,67,0.17486394592560828,7.311447649896551e-05,4,19.0,3.1271652560763887,-1.0
0.014883316558552906,0.005950074817519635,68,0.16693680500611663,6.395177052675794e-05,4,19.11111111111111,3.107352498372396,-1.0
0.014577983238268644,0.006937022495549172,69,0.1724114220123738,5.546912895658472e-05,4,20.333333333333332,3.074473605685764,-1.0
0.012344443413894624,0.005180163454497233,70,0.14042105991393328,4.767963140691306e-05,4,21.555555555555557,3.1131835259331595,-1.0
0.010033782542450354,0.008445344836218283,71,0.14796130103059113,4.059528871837034e-05,4,22.0,3.056185370551215,-1.0
0.014874097774736583,0.006487355596618727,72,0.17106619803234935,3.4227024433899e-05,4,20.555555555555557,3.059137641059028,-1.0
0.013830846786731854,0.0034158863418269902,73,0.1382180608343333,2.8584657955444653e-05,4,19.333333333333332,3.0621019490559895,-1.0
0.014944605849450454,0.005222749517997727,74,0.1616052610334009,2.367688940315011e-05,4,20.666666666666668,3.084456515842014,-1.0
0.013945492479251698,0.005429810524219647,75,0.15525681502185762,1.951128620040094e-05,4,21.11111111111111,3.1026673041449655,-1.0
0.014041742659173906,0.006673700961982831,76,0.1659754749853164,1.6094271405406862e-05,4,22.11111111111111,3.0858725992838543,-1.0
0.013976570044178516,0.006755722453817725,77,0.1661123710218817,1.3431113807311488e-05,4,21.22222222222222,3.022161865234375,-1.0
0.013800730463117361,0.008277334680315107,78,0.176882348023355,1.1525919802101659e-05,4,21.88888888888889,3.0325278049045137,-1.0
0.015059345285408199,0.005431518220575526,79,0.1642021699808538,1.0381627060842164e-05,4,19.22222222222222,3.073927273220486,-1.0
0.014512481255223975,0.008305799739900976,80,0.18282359396107495,1e-05,4,20.88888888888889,3.01989495171441,-1.0
0.011331096262438223,0.024188397626858205,1,0.2843270068988204,0.000999618372939158,5,0.8,5.437845718383789,-1.0
0.012089894618839025,0.003369219251908362,2,0.12387745711021125,0.0009984740801978985,5,1.9000000208616257,4.585667991638184,-1.0
0.010529165476327762,0.006035823025740683,3,0.13269727304577827,0.0009965688861926887,5,3.8000000074505804,4.489734378814697,-1.0
0.01031875773333013,0.007059268275042996,4,0.13915804796852171,0.0009939057285945933,5,4.400000041723251,4.422805187225342,-1.0
0.009822630148846656,0.006066659116186202,5,0.12724709301255643,0.0009904887137995992,5,5.200000035762787,4.3239814491271975,-1.0
0.010300674592144787,0.004346991510828957,6,0.11731751309707761,0.00098632311059685,5,5.700000014901161,4.257939933776855,-1.0
0.010243254917440936,0.005169030075194314,7,0.12343084905296564,0.0009814153420445555,5,6.200000008940696,4.1720119514465335,-1.0
0.010552439984166995,0.0056678497639950365,8,0.1298914821818471,0.0009757729755661012,5,8.400000035762787,4.0906743202209475,-1.0
0.011802298104157671,0.00553808527183719,9,0.13887664815410972,0.0009694047112816298,5,7.000000029802322,4.030923358917236,-1.0
0.009423854033229873,0.005459650215925649,10,0.11920709302648902,0.0009623203685930871,5,9.700000071525574,3.9353190937042237,-1.0
0.008642339904326946,0.004929321352392435,11,0.1086743320338428,0.0009545308710434153,5,8.900000083446503,3.8503763370513915,-1.0
0.008853558741975576,0.005532489507459104,12,0.11519210110418499,0.0009460482294732422,5,9.8,3.7870769062042235,-1.0
0.008407881512539461,0.004620672756573185,13,0.10433991090394557,0.0009368855235010348,5,11.300000041723251,3.7551648025512696,-1.0
0.008363521337741986,0.0045331491564866155,14,0.10327615798451006,0.0009270568813552758,5,11.700000035762788,3.6908127555847168,-1.0
0.008479064010316506,0.005422563757747412,15,0.11131324199959636,0.0009165774580897602,5,11.800000131130219,3.6786445293426513,-1.0
0.008778947085374966,0.006454748043324798,16,0.12204228900372982,0.0009054634122155992,5,12.100000047683716,3.5896544075012207,-1.0
0.008457692107185721,0.005463520152261481,17,0.11151477508246899,0.0008937318807859689,5,13.2,3.592762451171875,-1.0
0.01050889611360617,0.004807522753253579,18,0.1226628280710429,0.0008814009529720156,5,13.900000071525573,3.475135190963745,-1.0
0.011770864366553724,0.0033357478969264776,19,0.12102246191352606,0.0008684896421706646,5,15.10000001192093,3.4535851955413817,-1.0
0.010702862753532827,0.004844175127800554,20,0.12454248196445405,0.0008550178566873412,5,16.500000131130218,3.3704307746887205,-1.0
0.011426764540374279,0.0063892660837154835,21,0.14269699715077877,0.0008410063690388064,5,16.800000071525574,3.3419764442443847,-1.0
0.012899579771328717,0.006236945715500042,22,0.15326015511527658,0.0008264767839234412,5,18.700000059604644,3.3222848529815674,-1.0
0.011520910251419991,0.006068080372642726,23,0.14088197005912662,0.000811451504908368,5,17.900000119209288,3.2869952392578123,-1.0
0.011367467290256172,0.006555895321071148,24,0.14355595386587083,0.0007959536998847743,5,18.800000059604645,3.2521805305480957,-1.0
0.011730798432836309,0.005087495694169775,25,0.13471281179226935,0.0007800072653447032,5,20.20000011920929,3.1938522090911867,-1.0
0.011443586961831897,0.0070375621726270765,26,0.14801729400642216,0.0007636367895343947,5,21.900000166893005,3.133075601577759,-1.0
0.011611435911618173,0.0067711192241404206,27,0.14722740114666522,0.0007468675145409928,5,19.700000095367432,3.1096263961791992,-1.0
0.011501516390126199,0.007070822961395606,28,0.14875887497328222,0.0007297252973710758,5,22.00000003576279,3.080472629547119,-1.0
0.011445654148701578,0.00661460222909227,29,0.14464840991422534,0.0007122365700810271,5,21.80000011920929,3.059272092819214,-1.0
0.011369696643669158,0.007388937985524535,30,0.15024092397652566,0.0006944282990207196,5,23.80000021457672,2.9651345195770262,-1.0
0.010381558036897331,0.006472734821727499,31,0.13501860899850726,0.0006763279432533592,5,21.80000011920929,2.9585989971160886,-1.0
0.012202750222058967,0.0062405521457549185,32,0.14774456596933305,0.0006579634122155992,5,24.00000003576279,2.8831999740600587,-1.0
0.012527552637038752,0.007160448614740744,33,0.15776455006562173,0.000639363022683212,5,24.30000011920929,2.918708465576172,-1.0
0.012336585496086627,0.006030988501152024,34,0.14715973008424044,0.0006205554551086735,5,26.300000143051147,2.814967876434326,-1.0
0.012270276143681258,0.006964819360291585,35,0.15406215493567288,0.0006015697093979838,5,26.500000143051146,2.7711993103027344,-1.0
0.012317615939537063,0.006701334816170856,36,0.1523374740500003,0.0005824350601949146,5,25.400000083446503,2.829195363998413,-1.0
0.012519247859017923,0.006948223250219598,37,0.15595380892045796,0.0005631810117416299,5,27.50000011920929,2.747156915664673,-1.0
0.01243813001201488,0.0062849801033735275,38,0.14996930700726807,0.0005438372523852835,5,26.100000023841858,2.798675874710083,-1.0
0.012387718539685011,0.007411132479319349,39,0.15857993089593947,0.0005244336088007391,5,26.80000011920929,2.7005103549957274,-1.0
0.01258468086598441,0.0072949634923134,40,0.1592194379772991,0.0005050000000000001,5,28.80000011920929,2.612660259246826,-1.0
0.012435852782800794,0.007400157599477097,41,0.15887147700414062,0.0004855663911992613,5,29.700000071525572,2.6524997634887697,-1.0
0.012332643644185737,0.008054473233642057,42,0.1632791878655553,0.00046616274761471693,5,30.700000071525572,2.638760648727417,-1.0
0.012393002514727414,0.0073317499773111194,43,0.15799371292814612,0.00044681898825837057,5,30.000000143051146,2.600468894958496,-1.0
0.012265703233424574,0.007387908874079585,44,0.15741390408948064,0.000427564939805086,5,30.00000023841858,2.5688472347259523,-1.0
0.012463809718610719,0.007406951423035935,45,0.15915134688839316,0.00040843029060201667,5,32.80000011920929,2.5396702251434324,-1.0
0.008512951171724126,0.0068391635722946376,46,0.12296906718984246,0.000389444544891327,5,33.40000011920929,2.495758129119873,-1.0
0.008847096556564793,0.005123159062350169,47,0.1118851900100708,0.0003706369773167883,5,31.90000021457672,2.501049955368042,-1.0
0.009919749019900337,0.00544265125063248,48,0.12302455003373325,0.0003520365877844012,5,32.70000033378601,2.4536350631713866,-1.0
0.01172265742206946,0.007011191308265552,49,0.15003529493696988,0.0003336720567466412,5,30.800000083446502,2.5177431735992433,-1.0
0.01344301225617528,0.0053393754933495075,50,0.15045903995633125,0.0003155717009792807,5,34.19999997615814,2.4300610580444335,-1.0
0.014648947137175128,0.005436024744994938,51,0.1609266148880124,0.00029776342991897335,5,33.400000143051145,2.38795281791687,-1.0
0.014530669752275571,0.0053171683684922755,52,0.15903486218303442,0.00028027470262892445,5,34.300000238418576,2.3870951805114746,-1.0
0.014639517612522468,0.00779259525006637,53,0.17970868991687894,0.0002631324854590073,5,36.20000019073486,2.360903570175171,-1.0
0.014490846515400335,0.007289858360309154,54,0.17449483182281256,0.0002463632104656054,5,34.70000009536743,2.413383415222168,-1.0
0.013572549913078547,0.007652754458831623,55,0.17007765686139464,0.0002299927346552969,5,35.400000023841855,2.349818458557129,-1.0
0.01414886029670015,0.007994318701094016,56,0.17741888109594584,0.00021404630011522587,5,37.10000026226044,2.2377577705383302,-1.0
0.01271387777524069,0.006026841205311939,57,0.15015610703267157,0.00019854849509163232,5,34.20000019073486,2.32642134475708,-1.0
0.01097264452255331,0.004582160123391077,58,0.12462649797089398,0.00018352321607655918,5,39.20000026226044,2.2632744178771973,-1.0
0.014632738893851638,0.005807636363897473,59,0.16375881480053067,0.00016899363096119395,5,37.60000007152557,2.2909298000335694,-1.0
0.012760970857925713,0.004894289013464004,60,0.14149160287342966,0.000154982143312659,5,36.7,2.2729187545776366,-1.0
0.013150432932889089,0.005567320447880775,61,0.14992625219747424,0.0001415103578293356,5,40.100000047683714,2.2274701290130614,-1.0
0.010299097077222541,0.006650269409874454,62,0.13576094107702374,0.0001285990470279847,5,37.60000023841858,2.3340868587493895,-1.0
0.013332519331015646,0.00698226792155765,63,0.1626853090710938,0.0001162681192140312,5,38.79999997615814,2.2268732852935793,-1.0
0.013378325413214043,0.0054396517225541174,64,0.15073386183939874,0.00010453658778440107,5,38.30000009536743,2.2608975925445556,-1.0
0.014502845471724868,0.0064371980261057615,65,0.16771878604777157,9.342254191024022e-05,5,37.80000002384186,2.219328214645386,-1.0
0.011588841152843088,0.006393424730049446,66,0.14407226699404418,8.294311864472437e-05,5,40.70000021457672,2.1719433040618896,-1.0
0.010142517101485282,0.007814873912138864,67,0.14378603803925216,7.311447649896551e-05,5,40.40000021457672,2.1670028495788576,-1.0
0.014722077496116981,0.007152913487516344,68,0.17519501014612615,6.395177052675794e-05,5,37.400000071525575,2.2100136528015137,-1.0
0.010166775318793952,0.007529648661147803,69,0.14178007491864264,5.546912895658472e-05,5,39.400000071525575,2.211264154434204,-1.0
0.011432937433710322,0.007059469819068909,70,0.14805921679362655,4.767963140691306e-05,5,40.40000009536743,2.183432441711426,-1.0
0.011906355328392237,0.00672598642995581,71,0.1492098099552095,4.059528871837034e-05,5,39.70000033378601,2.1708675537109374,-1.0
0.015034673502668738,0.006209976127138361,72,0.17017375212162733,3.4227024433899e-05,5,38.70000021457672,2.219962007522583,-1.0
0.017219270579516888,0.00529636352439411,73,0.1803929042071104,2.8584657955444653e-05,5,39.20000007152557,2.201801122665405,-1.0
0.015419592265971005,0.0041219247214030474,74,0.15660295099951327,2.367688940315011e-05,5,35.70000014305115,2.2223748722076415,-1.0
0.01388691586907953,0.005642358883051202,75,0.15651277592405677,1.951128620040094e-05,5,39.800000071525574,2.1272215099334715,-1.0
0.0140884036954958,0.007919413794297725,76,0.17632985883392394,1.6094271405406862e-05,5,39.90000021457672,2.202933382034302,-1.0
0.013542064523790032,0.004872774094110355,77,0.1475527777802199,1.3431113807311488e-05,5,37.20000009536743,2.2445807666778563,-1.0
0.014445810491451994,0.0073652736318763345,78,0.1747175450436771,1.1525919802101659e-05,5,38.90000021457672,2.224563974380493,-1.0
0.014687313116155565,0.006613465637201443,79,0.17067592311650515,1.0381627060842164e-05,5,40.5,2.1632062854766847,-1.0
0.014868395373923704,0.0069381695066113025,80,0.17472633812576532,1e-05,5,39.10000007152557,2.1968280239105225,-1.0
0.014214646692077318,0.026466764975339174,1,0.36630050488747656,0.000999618372939158,6,0.9090909097682346,5.13460450259122,-1.0
0.012392455789571008,0.004824400646612048,2,0.15514032100327313,0.0009984740801978985,6,3.1818181831728327,4.523666563901034,-1.0
0.015178476279187534,0.004790117291526662,3,0.1799806160852313,0.0009965688861926887,6,4.000000001354651,4.4409925391457294,-1.0
0.015011833489148153,0.004911948512825701,4,0.1795684089884162,0.0009939057285945933,6,5.272727275436575,4.3402434626492585,-1.0
0.014722226498027643,0.00509007859768139,5,0.17859575198963284,0.0009904887137995992,6,5.81818180734461,4.25888671875,-1.0
0.015395118544499079,0.0047996014667054014,6,0.18201278918422759,0.00098632311059685,6,6.181818184527484,4.193937769803134,-1.0
0.012446999317035079,0.004551536791647474,7,0.15323950303718448,0.0009814153420445555,6,6.727272743528539,4.109312842975963,-1.0
0.010244397989784678,0.0049859081239749985,8,0.1372461949940771,0.0009757729755661012,6,8.727272759784352,4.006552685824308,-1.0
0.010278829373419285,0.00448805950064626,9,0.1330296208616346,0.0009694047112816298,6,9.272727264599366,3.9690822566639294,-1.0
0.011701537554876672,0.005052234330731962,10,0.1509421148803085,0.0009623203685930871,6,9.727272705598311,3.884410738511519,-1.0
0.013923096418794658,0.004994845017790794,11,0.1704819928854704,0.0009545308710434153,6,10.727272759784352,3.8271001625061034,-1.0
0.011721716857411794,0.005059026362788346,12,0.15127301798202097,0.0009460482294732422,6,11.181818203492599,3.7847227868166837,-1.0
0.011944725074701838,0.005020264251571562,13,0.15286712581291795,0.0009368855235010348,6,11.636363641782241,3.7247421047904274,-1.0
0.012113236537617113,0.005288304243650701,14,0.15680255903862417,0.0009270568813552758,6,12.272727291692387,3.7133832289955833,-1.0
0.012142809547690881,0.0046782464616828496,15,0.1515776759479195,0.0009165774580897602,6,13.54545453732664,3.633182815204967,-1.0
0.012354959552693699,0.00468512112274766,16,0.15355057991109788,0.0009054634122155992,6,14.272727291692387,3.5958807893232865,-1.0
0.011914820332701007,0.004951606892670195,17,0.15198950190097094,0.0008937318807859689,6,15.27272728356448,3.5333974439447577,-1.0
0.012121289658049742,0.005358046438131068,18,0.15751783992163837,0.0008814009529720156,6,14.181818214329807,3.499940969293768,-1.0
0.012080854348217448,0.0053314936554266345,19,0.15691925399005413,0.0008684896421706646,6,15.727272719144821,3.4716855656016956,-1.0
0.012424342437750764,0.004996384882057707,20,0.15700718690641224,0.0008550178566873412,6,17.909090865742076,3.3951268204775724,-1.0
0.015042267688032653,0.004881741297948692,21,0.17954006581567228,0.0008410063690388064,6,16.909090881997887,3.3959599243510854,-1.0
0.010603760420862172,0.0052446234816064434,22,0.14286692207679152,0.0008264767839234412,6,17.545454502105713,3.3174684299122204,-1.0
0.010768014239147305,0.004945573422850834,23,0.14153406606055796,0.000811451504908368,6,18.90909091992812,3.209491907466542,-1.0
0.014245922185687555,0.0042235843526820345,24,0.16639489214867353,0.0007959536998847743,6,18.999999924139544,3.2175392844460227,-1.0
0.012566717393282387,0.005442369729280472,25,0.1623031161725521,0.0007800072653447032,6,20.909090930765327,3.1826758965578947,-1.0
0.014240617682743404,0.004959420663201147,26,0.1730107399635017,0.0007636367895343947,6,20.909090928056024,3.199493412538008,-1.0
0.014425795939233568,0.004804987279284332,27,0.17333339201286435,0.0007468675145409928,6,23.545454545454547,3.1278997828743673,-1.0
0.01404096863956915,0.0049224108095384305,28,0.1709663080982864,0.0007297252973710758,6,20.36363632028753,3.099645004272461,-1.0
0.014984534846411811,0.0050791311595175005,29,0.1808613350149244,0.0007122365700810271,6,22.454545454545453,3.0860404326698996,-1.0
0.014024528312600322,0.0032913118031703765,30,0.15607850486412644,0.0006944282990207196,6,21.999999956651166,3.0201729826493695,-1.0
0.012116031566013893,0.004265353756232394,31,0.14767598290927708,0.0006763279432533592,6,25.000000048767436,2.9840953826904295,-1.0
0.014183436494527591,0.004778421742634641,32,0.17089400999248028,0.0006579634122155992,6,23.090909139676526,2.9757101093639027,-1.0
0.012335743987932801,0.006030194125034743,33,0.16553773893974721,0.000639363022683212,6,24.36363640156659,2.949674522226507,-1.0
0.01361467901410328,0.00499175488948822,34,0.16767382784746587,0.0006205554551086735,6,25.18181824684143,2.881896579915827,-1.0
0.014183860142818756,0.004549218859109614,35,0.16885569808073342,0.0006015697093979838,6,26.272727245634254,2.8596087871898304,-1.0
0.013821934789626135,0.005824969331216481,36,0.17703101900406182,0.0005824350601949146,6,27.181818236004222,2.848147977482189,-1.0
0.014558352012601163,0.004474047442070312,37,0.17152172001078725,0.0005631810117416299,6,24.727272738109935,2.8585093064741653,-1.0
0.014042653324496415,0.0029667680306981006,38,0.15334901795722544,0.0005438372523852835,6,28.09090919928117,2.7594182751395486,-1.0
0.011758932404013144,0.005267296374465029,39,0.1534605948254466,0.0005244336088007391,6,28.727272640575062,2.7621197553114456,-1.0
0.013363675447180867,0.0045399471030881005,40,0.16135043906979263,0.0005050000000000001,6,26.818181818181817,2.6957248418981377,-1.0
0.013780027627944946,0.00476949993107054,41,0.16720071993768215,0.0004855663911992613,6,26.72727265141227,2.737937185981057,-1.0
0.01212038123048842,0.005053908098489046,42,0.15479508298449218,0.00046616274761471693,6,31.363636406985197,2.6425225578654894,-1.0
0.012038050322896905,0.004846905797926916,43,0.15215289685875177,0.00044681898825837057,6,27.90909083323045,2.681602261283181,-1.0
0.01188537726799647,0.004804156177366774,44,0.15040696202777326,0.000427564939805086,6,29.72727278145877,2.641199891350486,-1.0
0.011686115991324186,0.004811028354904718,45,0.14866404212079942,0.00040843029060201667,6,31.363636287775908,2.591202427257191,-1.0
0.011887795317711102,0.005233996444278293,46,0.15428657201118767,0.000389444544891327,6,31.090909058397468,2.556662341898138,-1.0
0.01217665895819664,0.004720956035372283,47,0.15227245492860675,0.0003706369773167883,6,31.09090919928117,2.5553130505301738,-1.0
0.011025645537301898,0.0048355709037019145,48,0.14295804896391928,0.0003520365877844012,6,32.45454536784779,2.556413723338734,-1.0
0.012365766775069965,0.005291941886146863,49,0.1591133198235184,0.0003336720567466412,6,32.63636356050318,2.5048982698267155,-1.0
0.013861250546243455,0.004361479775980115,50,0.16421878500841558,0.0003155717009792807,6,32.09090906923468,2.5480465056679464,-1.0
0.011385125004582934,0.0052101739889217746,51,0.14958041510544717,0.00029776342991897335,6,32.90909083323045,2.477079832770608,-1.0
0.01218949594638414,0.0053702482643226785,52,0.15820770314894617,0.00028027470262892445,6,33.363636336543344,2.46240911397067,-1.0
0.011193846145437824,0.004629374507607685,53,0.14257796900346875,0.0002631324854590073,6,33.63636366887526,2.447207892157815,-1.0
0.011504757631984022,0.0049599769214789076,54,0.1483754999935627,0.0002463632104656054,6,35.363636406985194,2.4285516860268332,-1.0
0.011491936683240864,0.004621319317569335,55,0.1451881369575858,0.0002299927346552969,6,35.181818290190265,2.4193113266338,-1.0
0.01344706118106842,0.005279518017131422,56,0.1687467850279063,0.00021404630011522587,6,35.09090901504863,2.433617559779774,-1.0
0.013168527589490017,0.005095826177340414,57,0.16463533695787191,0.00019854849509163232,6,37.18181814930656,2.337734787680886,-1.0
0.013069949112832546,0.004543525658340918,58,0.1587587280664593,0.00018352321607655918,6,37.81818190487948,2.349445908286355,-1.0
0.011085972603824403,0.004539249387259285,59,0.14083089283667505,0.00016899363096119395,6,34.63636366887526,2.3515583445809103,-1.0
0.011681654568140706,0.004364685646982657,60,0.1445840320084244,0.000154982143312659,6,36.00000003793023,2.3447016473249955,-1.0
0.01325925351637933,0.0055295912445419365,61,0.16930191591382027,0.0001415103578293356,6,35.090909004211426,2.3893761444091797,-1.0
0.014292881513635317,0.004954093808515204,62,0.17348850495181978,0.0001285990470279847,6,37.09090906923468,2.346297793821855,-1.0
0.0150488065296991,0.005363591687960757,63,0.1840046220459044,0.0001162681192140312,6,37.09090906923468,2.3064481111006305,-1.0
0.0133299614664995,0.006788470885819859,64,0.1812949338927865,0.00010453658778440107,6,36.272727251052856,2.329236839467829,-1.0
0.010628184924523035,0.004768949959220158,65,0.13879633601754904,9.342254191024022e-05,6,36.81818178567019,2.32949482310902,-1.0
0.010779347917478945,0.005110839640514718,66,0.14322464680299163,8.294311864472437e-05,6,40.45454550873149,2.276091273047707,-1.0
0.012179036107328203,0.005248840768925018,67,0.15707297483459115,7.311447649896551e-05,6,37.909090822393246,2.29235556862571,-1.0
0.010165389808308747,0.004755735526689225,68,0.13446480897255242,6.395177052675794e-05,6,36.81818191571669,2.3057388903877953,-1.0
0.01316327192924089,0.004740056866366003,69,0.16129700909368694,5.546912895658472e-05,6,37.181818290190265,2.2588037239421497,-1.0
0.01068614511233237,0.004581828549918201,70,0.13763614906929433,4.767963140691306e-05,6,39.81818185069344,2.2436809739199552,-1.0
0.009797341759420104,0.007259989131448997,71,0.15368368895724416,4.059528871837034e-05,6,36.45454547621987,2.3189911703629926,-1.0
0.014406956499442458,0.005185689725395706,72,0.17653273395262659,3.4227024433899e-05,6,38.36363633112474,2.2334906829487196,-1.0
0.010860110736555524,0.005230732831276125,73,0.14502094686031342,2.8584657955444653e-05,6,36.36363642865961,2.293287467956543,-1.0
0.009883148000679083,0.0032811444511430133,74,0.11860669404268265,2.367688940315011e-05,6,39.727272748947144,2.258495066382668,-1.0
0.01008042237824864,0.004792840297644337,75,0.13401065999642015,1.951128620040094e-05,6,39.54545474052429,2.220177869796753,-1.0
0.010146830981183384,0.005399949020809597,76,0.14006909215822816,1.6094271405406862e-05,6,39.090909177606754,2.233874491778287,-1.0
0.010114970694606503,0.005170431195033921,77,0.13770019402727485,1.3431113807311488e-05,6,39.7272728248076,2.251588387922807,-1.0
0.009664161260136299,0.006028442721193035,78,0.14136599516496062,1.1525919802101659e-05,6,38.36363630945032,2.23270300171592,-1.0
0.009906085570239358,0.003053062983478109,79,0.1167569539975375,1.0381627060842164e-05,6,38.45454541119662,2.239593895998868,-1.0
0.012204152583662007,0.0039024389762845305,80,0.14511646912433207,1e-05,6,38.09090906923468,2.2708125374533914,-1.0
0.012374229403212667,0.019569928292185068,1,0.3195696088951081,0.000999618372939158,7,1.8333333358168602,5.929004516601562,-1.0
0.012229624832980335,0.0028650120832026003,2,0.15108663006685674,0.0009984740801978985,7,2.7500000024835267,4.551171868642172,-1.0
0.015143858594819903,0.004358567693270743,3,0.19523783214390278,0.0009965688861926887,7,3.833333338300387,4.480960286458333,-1.0
0.015273835300467909,0.0055159736890345815,4,0.20813297200948,0.0009939057285945933,7,4.500000019868215,4.403624680836995,-1.0
0.015386550966650248,0.0039396794280037286,5,0.19353522290475667,0.0009904887137995992,7,4.25,4.353080240885417,-1.0
0.014952639304101466,0.004161931178532541,6,0.19141697091981769,0.00098632311059685,7,6.333333333333333,4.24298583984375,-1.0
0.015091319987550377,0.004172378801740706,7,0.19289178983308375,0.0009814153420445555,7,6.583333333333333,4.151271966298421,-1.0
0.015176511649042369,0.00503399595618248,8,0.20237892610020936,0.0009757729755661012,7,6.583333333333333,4.124915367762248,-1.0
0.015139703475870191,0.004167973133735359,9,0.19333377084694803,0.0009694047112816298,7,8.500000019868216,4.069515387217204,-1.0
0.014656139351427556,0.0045091140316799285,10,0.19191166223026812,0.0009623203685930871,7,8.666666706403097,4.03183716138204,-1.0
0.015038037137128413,0.004210789385251701,11,0.19275708799250424,0.0009545308710434153,7,9.166666686534882,3.9680511474609377,-1.0
0.015584639669395984,0.004832460335455835,12,0.20442748302593827,0.0009460482294732422,7,9.750000019868216,3.912345781326294,-1.0
0.012032991298474372,0.004897673008963465,13,0.16952391806989908,0.0009368855235010348,7,10.08333334326744,3.8517393016815187,-1.0
0.012200829945504666,0.004833487560972571,14,0.17051260801963508,0.0009270568813552758,7,9.833333333333334,3.801699625651042,-1.0
0.012190547189675272,0.0038671058136969805,15,0.16075536888092756,0.0009165774580897602,7,11.166666666666666,3.766660973230998,-1.0
0.014441824494861066,0.004727159393951297,16,0.19189772987738252,0.0009054634122155992,7,12.166666686534882,3.7223774210611977,-1.0
0.011952656786888838,0.005080867419019341,17,0.17056099115870893,0.0008937318807859689,7,13.250000019868216,3.667005313237508,-1.0
0.014010205049999058,0.004550536163151264,18,0.18581768707372248,0.0008814009529720156,7,14.50000003973643,3.6090750090281167,-1.0
0.01397295850329101,0.006379010900855064,19,0.20377849112264812,0.0008684896421706646,7,13.0,3.6066161092122395,-1.0
0.010992406285367906,0.0067389730364084246,20,0.17753262096084654,0.0008550178566873412,7,13.916666666666666,3.562914021809896,-1.0
0.011654761107638478,0.0043874756898731,21,0.1606048820540309,0.0008410063690388064,7,16.166666666666668,3.4766542593638103,-1.0
0.009840910043567418,0.004573106858879327,22,0.14427731302566826,0.0008264767839234412,7,16.25000003973643,3.472926740646362,-1.0
0.011181069700978697,0.004990714206360281,23,0.16185118700377643,0.000811451504908368,7,15.916666676600775,3.463753255208333,-1.0
0.009832850773818791,0.004129231325350702,24,0.13976940303109586,0.0007959536998847743,7,16.41666668653488,3.411383466720581,-1.0
0.0124028823338449,0.0035939035704359414,25,0.1601145181339234,0.0007800072653447032,7,17.333333373069763,3.3432746346791586,-1.0
0.014731896785087883,0.00396602381952107,26,0.18720785900950432,0.0007636367895343947,7,16.333333333333332,3.3220947488149006,-1.0
0.014836988132447004,0.005126852984540164,27,0.1999150258488953,0.0007468675145409928,7,16.0,3.3222721862792968,-1.0
0.01461706489790231,0.005414042994379998,28,0.20056614093482494,0.0007297252973710758,7,19.666666706403095,3.2591959126790364,-1.0
0.012029092595912515,0.0033577499212697147,29,0.1540803520474583,0.0007122365700810271,7,18.08333335320155,3.2393968454996744,-1.0
0.009528917772695423,0.003117903810925782,30,0.12661037920042872,0.0006944282990207196,7,20.750000019868214,3.2042115561167397,-1.0
0.011069667781703174,0.0037957048043608665,31,0.14878465188667178,0.0006763279432533592,7,19.25,3.1555257193247477,-1.0
0.011986384587362408,0.004132044431753456,32,0.1613573890645057,0.0006579634122155992,7,21.333333373069763,3.130903272628784,-1.0
0.015186521527357399,0.004526988859288395,33,0.1973498349543661,0.000639363022683212,7,20.5,3.09947127978007,-1.0
0.014975588931702078,0.005083131371065974,34,0.20177866704761982,0.0006205554551086735,7,21.25,3.0699808756510416,-1.0
0.012889334536157548,0.004299154668115079,35,0.17211904283612967,0.0006015697093979838,7,21.250000019868214,3.0693110624949136,-1.0
0.014339149347506464,0.005004839645698667,36,0.19366396614350379,0.0005824350601949146,7,23.166666706403095,3.0553257274627685,-1.0
0.014661862165667117,0.004860419849865139,37,0.1954749170690775,0.0005631810117416299,7,22.166666746139526,2.9990581480662026,-1.0
0.012391141685657203,0.004568288614973426,38,0.1698119689244777,0.0005438372523852835,7,23.0,2.9642265319824217,-1.0
0.011685923649929464,0.005255714035592973,39,0.16958575998432934,0.0005244336088007391,7,23.41666668653488,2.9566238149007162,-1.0
0.011058510327711702,0.004544804361648858,40,0.1561985348816961,0.0005050000000000001,7,25.583333333333332,2.9382882944742836,-1.0
0.0118817999958992,0.004347780416719615,41,0.16246146196499467,0.0004855663911992613,7,25.250000019868214,2.8920270824432373,-1.0
0.011861572740599513,0.004442154755815863,42,0.16321342810988426,0.00046616274761471693,7,25.416666706403095,2.8488462575276694,-1.0
0.013517473312094807,0.004803482792340219,43,0.18340868898667395,0.00044681898825837057,7,25.833333333333332,2.8566888205210366,-1.0
0.015711554582230745,0.005023750802502036,44,0.20761032914742827,0.000427564939805086,7,26.41666668653488,2.809117612838745,-1.0
0.015031904983334243,0.004659920907579362,45,0.1971988589502871,0.00040843029060201667,7,26.250000019868214,2.791884307861328,-1.0
0.014576142490841448,0.00501321901101619,46,0.19617308303713799,0.000389444544891327,7,30.333333412806194,2.691952362060547,-1.0
0.014420282328501344,0.0041651387698948385,47,0.18613110482692719,0.0003706369773167883,7,28.333333333333332,2.7732429981231688,-1.0
0.01478345701470971,0.004460632498376071,48,0.19273259094916284,0.0003520365877844012,7,26.25000003973643,2.771104605992635,-1.0
0.014907306572422386,0.0032227837247774003,49,0.18159291008487344,0.0003336720567466412,7,29.833333373069763,2.706397199630737,-1.0
0.015569064440205694,0.003365460457280278,50,0.1896278620697558,0.0003155717009792807,7,28.583333333333332,2.7442538928985596,-1.0
0.015510685904882849,0.004516647313721478,51,0.20057107787579298,0.00029776342991897335,7,28.333333373069763,2.7324127705891925,-1.0
0.014419147558510304,0.004042320931330323,52,0.18489113892428577,0.00028027470262892445,7,29.25,2.6542583974202474,-1.0
0.015558555885218085,0.004768303013406694,53,0.20353545807301998,0.0002631324854590073,7,29.25000007947286,2.664355443318685,-1.0
0.012694244389422238,0.003311444795690477,54,0.16028946987353265,0.0002463632104656054,7,31.333333373069763,2.6484596506754556,-1.0
0.011840458074584604,0.0036455269204452635,55,0.15502806194126606,0.0002299927346552969,7,30.083333333333332,2.6476289876302084,-1.0
0.014495155517943203,0.005508577381260693,56,0.20024850615300238,0.00021404630011522587,7,30.416666706403095,2.6420156892140705,-1.0
0.014731152774766087,0.004375210427679121,57,0.19131573010236025,0.00019854849509163232,7,32.0,2.5960353056589764,-1.0
0.01590160431805998,0.002873625885695219,58,0.18801001901738346,0.00018352321607655918,7,28.916666666666668,2.613014192581177,-1.0
0.011934857396408916,0.005081181693822145,59,0.17042584903538227,0.00016899363096119395,7,32.50000003973643,2.5719744141896568,-1.0
0.013607548223808408,0.004955679667182267,60,0.18582942406646907,0.000154982143312659,7,31.583333373069763,2.570995995203654,-1.0
0.015757603687234223,0.004427229333668947,61,0.20210459409281611,0.0001415103578293356,7,31.333333412806194,2.594347937901815,-1.0
0.014783354778774082,0.006536185508593917,62,0.21347041404806077,0.0001285990470279847,7,31.333333373069763,2.5886041005452474,-1.0
0.015255968505516648,0.006686627701856196,63,0.21968322806060314,0.0001162681192140312,7,31.25000007947286,2.577625856399536,-1.0
0.015012213471345603,0.0050755823263898495,64,0.20113394199870527,0.00010453658778440107,7,30.583333333333332,2.5564058208465577,-1.0
0.01562336056958884,0.0049890016438439485,65,0.2063891999423504,9.342254191024022e-05,7,34.83333337306976,2.4620164267222084,-1.0
0.01571082277223468,0.004620795138180256,66,0.20359558705240488,8.294311864472437e-05,7,32.166666666666664,2.5618862183888753,-1.0
0.01478340793401003,0.0028981476556509734,67,0.1771159761119634,7.311447649896551e-05,7,33.50000003973643,2.4990084807078046,-1.0
0.012693471647799015,0.004776985943317413,68,0.1749355609063059,6.395177052675794e-05,7,33.583333333333336,2.5113056977589925,-1.0
0.008713472611270845,0.005379629600793123,69,0.1410691279452294,5.546912895658472e-05,7,32.75000007947286,2.5109260590871174,-1.0
0.012164001585915685,0.004634614917449653,70,0.1681204759515822,4.767963140691306e-05,7,33.1666667064031,2.499274950027466,-1.0
0.00893840764183551,0.004568856442347169,71,0.13521159905940294,4.059528871837034e-05,7,31.5,2.5307098166147868,-1.0
0.011581227811984719,0.004606338706798852,72,0.1619781879708171,3.4227024433899e-05,7,32.9166667064031,2.4775363890329998,-1.0
0.011167782777920365,0.004856403125450015,73,0.16037992597557604,2.8584657955444653e-05,7,32.58333341280619,2.5292322063446044,-1.0
0.012558795674704016,0.003275524824857712,74,0.1585110069718212,2.367688940315011e-05,7,32.50000007947286,2.4854144064585366,-1.0
0.011412364896386862,0.004634721204638481,75,0.1606420089956373,1.951128620040094e-05,7,33.666666746139526,2.4439920075734456,-1.0
0.01131614891346544,0.004913658881559968,76,0.1624635960906744,1.6094271405406862e-05,7,32.50000003973643,2.4748227977752686,-1.0
0.011317553999833762,0.004478091606870294,77,0.1581277318764478,1.3431113807311488e-05,7,33.83333341280619,2.4599524911244712,-1.0
0.011540429620072245,0.0036897642770782114,78,0.1524763701017946,1.1525919802101659e-05,7,31.583333373069763,2.463482281366984,-1.0
0.01373188418801874,0.004496674495749175,79,0.18248743005096912,1.0381627060842164e-05,7,32.75000007947286,2.4708477020263673,-1.0
0.013832915504463018,0.0052132184850051996,80,0.190696181030944,1e-05,7,33.25,2.460306075414022,-1.0
0.01081131724640727,0.01950003602541983,1,0.3335523968562484,0.000999618372939158,8,1.6923076934539354,4.915505560361422,-1.0
0.011013789271766489,0.002521621550179341,2,0.14903178182430565,0.0009984740801978985,8,3.384615386907871,4.4996672204824595,-1.0
0.014359280149537053,0.0037874430206350303,3,0.19983340403996408,0.0009965688861926887,8,4.230769231915474,4.405953276707576,-1.0
0.014398649059744044,0.004225849576125091,4,0.2050890731625259,0.0009939057285945933,8,5.538461539607781,4.309142503004808,-1.0
0.014441139953718945,0.0044832523192533036,5,0.2084197709336877,0.0009904887137995992,8,5.384615384615385,4.2123538926931525,-1.0
0.011213023956357078,0.0037476728585633364,6,0.16479133092798293,0.00098632311059685,8,7.000000001146243,4.134791164398194,-1.0
0.01443742448464036,0.004006166878918355,7,0.20308332005515695,0.0009814153420445555,8,7.230769230769231,4.077700198246882,-1.0
0.013947526056488807,0.003504992208697579,8,0.19219026900827885,0.0009757729755661012,8,7.000000001146243,4.00649118570181,-1.0
0.015578003811903975,0.003678920826959339,9,0.21203090902417898,0.0009694047112816298,8,9.692307693453936,3.918665491250845,-1.0
0.012511197160082784,0.003457367102700201,10,0.17586555401794612,0.0009623203685930871,8,10.461538463830948,3.898926345385038,-1.0
0.01144743789072064,0.003759839106351137,11,0.1674449739512056,0.0009545308710434153,8,10.615384624554562,3.842833533653846,-1.0
0.015834350668063216,0.003819862613454461,12,0.21642932388931513,0.0009460482294732422,8,11.692307693453936,3.7953094959259035,-1.0
0.016064073615284127,0.002629509386183186,13,0.2059058458544314,0.0009368855235010348,8,10.769230778400715,3.7573952065981353,-1.0
0.01320567153478888,0.002952031389048154,14,0.17795222788117826,0.0009270568813552758,8,11.30769230883855,3.674472844050481,-1.0
0.01507784517227926,0.0026202972936020656,15,0.19489340716972947,0.0009165774580897602,8,11.384615389200357,3.6471527569110576,-1.0
0.014722088521177118,0.003765646198933775,16,0.20362300798296928,0.0009054634122155992,8,13.769230773815742,3.5867898779649,-1.0
0.014935377138582144,0.003605606330727989,17,0.2042068620212376,0.0008937318807859689,8,13.230769231915474,3.5782182429387017,-1.0
0.015424136432226409,0.003996538929641247,18,0.2138979542069137,0.0008814009529720156,8,14.538461547631483,3.4976299571990968,-1.0
0.014878983545879071,0.0040536938150498,19,0.20851409202441573,0.0008684896421706646,8,17.000000009169945,3.4177690256558932,-1.0
0.014786046463996172,0.003785473717884584,20,0.20453513390384614,0.0008550178566873412,8,16.769230771523254,3.4079984239431527,-1.0
0.014696567996659061,0.003812794637104327,21,0.20387690886855125,0.0008410063690388064,8,16.923076923076923,3.4009775000352125,-1.0
0.011307559441775084,0.004439936569807204,22,0.1743252871092409,0.0008264767839234412,8,15.38461539378533,3.410251981295072,-1.0
0.012663512469523332,0.003903265788473866,23,0.1824139489326626,0.000811451504908368,8,15.461538463830948,3.370144839653602,-1.0
0.014599751892753622,0.0037219141906296663,24,0.20174920302815735,0.0007959536998847743,8,18.692307696892666,3.288608960371751,-1.0
0.014532174407081171,0.0032782169397581706,25,0.1961698669474572,0.0007800072653447032,8,15.923076932246868,3.3191198488382194,-1.0
0.014774858570573006,0.004026364598592574,26,0.20707060093991458,0.0007636367895343947,8,17.38461538690787,3.2685306945213903,-1.0
0.014944043899462982,0.003751194273883646,27,0.20590547588653862,0.0007468675145409928,8,19.000000004584972,3.2240170977665827,-1.0
0.014973586996678601,0.0037523926532065325,28,0.2062407280318439,0.0007297252973710758,8,21.076923095262966,3.2303840057666484,-1.0
0.012879369399425659,0.0037583022547716446,29,0.18323186412453651,0.0007122365700810271,8,19.538461547631485,3.136657057542067,-1.0
0.012756690382957458,0.005015494619411501,30,0.19566753506660461,0.0006944282990207196,8,19.84615385532379,3.12666858453017,-1.0
0.013184989675540815,0.002580963053994558,31,0.17360909492708743,0.0006763279432533592,8,21.846153836983902,3.1091729266826924,-1.0
0.012112546373497356,0.003939878788184036,32,0.17674414906650782,0.0006579634122155992,8,22.153846153846153,3.0915354581979604,-1.0
0.012058187022127888,0.003787952157753435,33,0.17448879196308553,0.000639363022683212,8,20.769230771523254,3.090334448447594,-1.0
0.014882819451899692,0.003966909177093344,34,0.20755849103443325,0.0006205554551086735,8,21.84615384730009,3.0905830984849194,-1.0
0.015014469136737964,0.0038986871315335684,35,0.2083105470519513,0.0006015697093979838,8,21.769230773815742,3.010840571476863,-1.0
0.013127937934107402,0.003752668345855041,36,0.18590710894204676,0.0005824350601949146,8,23.307692307692307,3.0002882502629205,-1.0
0.014979824635454199,0.003853036810389974,37,0.20736714405938983,0.0005631810117416299,8,23.84615384730009,2.99879666695228,-1.0
0.015009050448001786,0.003789487908678976,38,0.20703850290738046,0.0005438372523852835,8,25.46153847070841,2.923076781492967,-1.0
0.014675509798425164,0.003702580738304691,39,0.20242773811332881,0.0005244336088007391,8,24.384615402955276,2.9278473824721116,-1.0
0.014897971900857308,0.004168279998173768,40,0.20998378307558596,0.0005050000000000001,8,24.84615385073882,2.900367500598614,-1.0
0.015331656629727646,0.003725325921550393,41,0.2098925260361284,0.0004855663911992613,8,25.230769249109123,2.8815939558469332,-1.0
0.015877831346270712,0.004119284472174265,42,0.22022039187140763,0.00046616274761471693,8,25.30769230883855,2.823544054031372,-1.0
0.01269526377489621,0.0028602547774260693,43,0.1713292810600251,0.00044681898825837057,8,26.92307691390698,2.783204768254207,-1.0
0.014649931489574637,0.00383457105437463,44,0.20353593793697655,0.000427564939805086,8,26.461538452368515,2.8295026581103984,-1.0
0.015866830310022288,0.004336963069032539,45,0.22249769093468785,0.00040843029060201667,8,26.692307692307693,2.7795335498222937,-1.0
0.0157188330353661,0.003773608879948204,46,0.21467029000632465,0.000389444544891327,8,27.538461543046513,2.7509677366109995,-1.0
0.01511883919804611,0.0040868005334314976,47,0.21153984311968088,0.0003706369773167883,8,26.923076932246868,2.77048804796659,-1.0
0.015165319306437264,0.0038712207778272304,48,0.20966852107085288,0.0003520365877844012,8,28.3076923260322,2.7377562082730806,-1.0
0.015259137398309329,0.003612635149197145,49,0.2078427958767861,0.0003336720567466412,8,27.30769231227728,2.72938856785114,-1.0
0.014914647887714884,0.004090510753237389,50,0.2093140899669379,0.0003155717009792807,8,30.230769239939175,2.6940096121567945,-1.0
0.014961882049895146,0.004065462578596039,51,0.2095578950829804,0.00029776342991897335,8,29.46153846153846,2.6994845823141245,-1.0
0.015134555626321922,0.004207621286199851,52,0.2130367539357394,0.00028027470262892445,8,27.538461547631485,2.7315969371795656,-1.0
0.015479343392970886,0.0043069221587343645,53,0.2179237729869783,0.0002631324854590073,8,29.38461537544544,2.7061516857147216,-1.0
0.01519804881800982,0.0028047979894009504,54,0.19829365680925548,0.0002463632104656054,8,29.076923104432915,2.6493809171823357,-1.0
0.014781593239273538,0.004645784766497937,55,0.2139720139093697,0.0002299927346552969,8,28.384615389200356,2.6784798255333535,-1.0
0.014759518481283025,0.0029374866915697403,56,0.19494538404978812,0.00021404630011522587,8,31.230769235354202,2.6156186375251185,-1.0
0.01487772340293635,0.003057984592901035,57,0.1975465388968587,0.00019854849509163232,8,29.30769231686225,2.615449124116164,-1.0
0.014859649966555562,0.003777329111471772,58,0.20526306401006877,0.00018352321607655918,8,30.6153846176771,2.60214360163762,-1.0
0.014843926616859708,0.005162992006675763,59,0.22033882793039083,0.00016899363096119395,8,29.53846153846154,2.6242164971278266,-1.0
0.014760334002362057,0.004431001545692032,60,0.2113874249625951,0.000154982143312659,8,29.69230768313775,2.6008537894028882,-1.0
0.015096159059215675,0.0026062223001975904,61,0.1950055230408907,0.0001415103578293356,8,32.461538452368515,2.5462376059018648,-1.0
0.014969514661722562,0.004199046789753166,62,0.211131711024791,0.0001285990470279847,8,32.15384615384615,2.552071132659912,-1.0
0.01514976526695219,0.003437952815809033,63,0.2047452989500016,0.0001162681192140312,8,31.38461541212522,2.5540998004033013,-1.0
0.014697705691849644,0.004358024018901316,64,0.2098675388842821,0.00010453658778440107,8,33.23076922159929,2.51719510445228,-1.0
0.014665355524894867,0.0046070112889124585,65,0.21224606898613274,9.342254191024022e-05,8,32.15384617218604,2.540297474494347,-1.0
0.01483966640874066,0.004628537413240833,66,0.21440638485364616,8.294311864472437e-05,8,32.384615389200356,2.5501317647787243,-1.0
0.014774547191336751,0.004161011639305137,67,0.2085788391996175,7.311447649896551e-05,8,31.999999990830055,2.532535753250122,-1.0
0.014684519730508327,0.0056947164491496305,68,0.22446050005964935,6.395177052675794e-05,8,30.923076923076923,2.5347579948718733,-1.0
0.014637668617069721,0.003989035009660504,69,0.2051472410093993,5.546912895658472e-05,8,31.153846172186043,2.4939419335585375,-1.0
0.014491143022579226,0.004604134158315984,70,0.21030754782259464,4.767963140691306e-05,8,33.538461565971375,2.456906176346999,-1.0
0.012057707115838473,0.0027509985110637817,71,0.16310789086855948,4.059528871837034e-05,8,34.15384618135599,2.491398222263043,-1.0
0.01170488334768875,0.005482486936009743,72,0.18923193914815784,3.4227024433899e-05,8,31.38461541212522,2.4918037986755373,-1.0
0.011515421390702779,0.0033376342405311084,73,0.16355162393301725,2.8584657955444653e-05,8,32.15384617218604,2.5300392723083496,-1.0
0.011213513070040128,0.004897018280726942,74,0.17738256487064064,2.367688940315011e-05,8,32.30769230769231,2.5282331958183875,-1.0
0.011441853299567645,0.0043653730641711845,75,0.1740509970113635,1.951128620040094e-05,8,33.6153846337245,2.469025105696458,-1.0
0.009147903754968535,0.005327779609201984,76,0.15937243588268757,1.6094271405406862e-05,8,33.07692306775313,2.5394463876577524,-1.0
0.010947228790345516,0.002514132044532082,77,0.14822413213551044,1.3431113807311488e-05,8,33.38461539378533,2.4837696698995737,-1.0
0.011344666063616221,0.0036079423840750346,78,0.16466806596145034,1.1525919802101659e-05,8,32.53846154304651,2.4890862567608174,-1.0
0.011816482250155374,0.003711671674285423,79,0.17097575217485428,1.0381627060842164e-05,8,33.23076922159929,2.4545272137568546,-1.0
0.01375638636421751,0.0037331008352339268,80,0.19260311592370272,1e-05,8,33.07692307692308,2.4672470078101525,-1.0
0.012293614023788408,0.02082250542430715,1,0.3644211289938539,0.000999618372939158,9,1.857142876301493,5.121433470589774,-1.0
0.010327804092825814,0.0029707447287033906,2,0.1464017741382122,0.0009984740801978985,9,2.4285714668887004,4.539846537453788,-1.0
0.011172456201165915,0.003030162812633948,3,0.15637550805695355,0.0009965688861926887,9,3.857142891202654,4.420148596082415,-1.0
0.014303085881031373,0.003913805036890236,4,0.2006203809287399,0.0009939057285945933,9,5.000000038317272,4.3336125728062225,-1.0
0.012285937110639432,0.002549880057234656,5,0.16340760793536901,0.0009904887137995992,9,6.000000007450581,4.229752183641706,-1.0
0.014454882909459147,0.004584398543970151,6,0.2096382649615407,0.00098632311059685,9,7.071428592715945,4.1483447265625,-1.0
0.015315851577642288,0.0037076034244488587,7,0.20952966203913093,0.0009814153420445555,9,8.14285716840199,4.0668790204184395,-1.0
0.011949028142473915,0.004034477582370693,8,0.17604643502272666,0.0009757729755661012,9,7.928571449858802,4.0236024529593335,-1.0
0.010725792814892802,0.0035326297140934253,9,0.1570107899606228,0.0009694047112816298,9,9.071428582072258,3.912768383026123,-1.0
0.01431947838599709,0.004305827706544237,10,0.205092468066141,0.0009623203685930871,9,10.428571505205971,3.8658711528778076,-1.0
0.014559763568368826,0.004257903328504075,11,0.20726285804994404,0.0009545308710434153,9,11.64285716840199,3.8185423878261022,-1.0
0.011094706217673693,0.003659811040217226,12,0.16252634907141328,0.0009460482294732422,9,12.285714302744184,3.7161896692003524,-1.0
0.014587638307024132,0.004491462774405425,13,0.21007950487546623,0.0009368855235010348,9,12.285714362348829,3.7118901797703336,-1.0
0.011502467752010985,0.002702940890396183,14,0.15647504688240588,0.0009270568813552758,9,12.785714362348829,3.63486389705113,-1.0
0.01011244072155519,0.004164729923517866,15,0.15718180616386235,0.0009165774580897602,9,13.214285833495003,3.6264810521262034,-1.0
0.010836460183120587,0.004016629166223786,16,0.1635244630742818,0.0009054634122155992,9,14.785714285714286,3.545440492630005,-1.0
0.014498988314616408,0.002715359611267393,17,0.18958483706228435,0.0008937318807859689,9,15.57142864380564,3.5134913008553643,-1.0
0.014450136000629176,0.003710025349970568,18,0.20003479393199086,0.0008814009529720156,9,16.000000102179392,3.4491212708609447,-1.0
0.014122417810457673,0.004556525011800907,19,0.2057414089795202,0.0008684896421706646,9,15.285714302744184,3.460402923311506,-1.0
0.010864848059348085,0.004114837216382677,20,0.16500670416280627,0.0008550178566873412,9,18.071428605488368,3.366626980645316,-1.0
0.010774560188027945,0.003995662364600735,21,0.16264157183468342,0.0008410063690388064,9,17.785714387893677,3.3256537805284774,-1.0
0.013605945447290485,0.004249962110241706,22,0.19658380607143044,0.0008264767839234412,9,18.142857236521586,3.315205068588257,-1.0
0.01463661419058388,0.0026038191704587503,23,0.18986101006157696,0.000811451504908368,9,17.71428574834551,3.273419246673584,-1.0
0.014406218405135653,0.004232684425501661,24,0.2053311059717089,0.0007959536998847743,9,20.428571488176072,3.2153805964333673,-1.0
0.016306499527259308,0.002872929209843278,25,0.211281165946275,0.0007800072653447032,9,20.42857153075082,3.2091859885624476,-1.0
0.012141861571845684,0.003954446705227549,26,0.17731317202560604,0.0007636367895343947,9,20.0000000340598,3.15307656288147,-1.0
0.014349198413335464,0.0025750149295411325,27,0.18637662287801504,0.0007468675145409928,9,21.14285717691694,3.1515859276907783,-1.0
0.013886260736564343,0.0025080500847914004,28,0.18058441998437047,0.0007297252973710758,9,21.500000153269088,3.0861180741446357,-1.0
0.014198032990944657,0.0036084851969710803,29,0.19612372713163495,0.0007122365700810271,9,21.000000076634542,3.0447282763889856,-1.0
0.012385766402902927,0.0035456867719238453,30,0.17547299503348768,0.0006944282990207196,9,22.14285718543189,3.036304125104632,-1.0
0.014568578092042695,0.004293711983006109,31,0.20771774998866022,0.0006763279432533592,9,22.571428622518265,3.0121400029318672,-1.0
0.0153020063880831,0.0036935851570557465,32,0.20920967287383974,0.0006579634122155992,9,22.071428690637863,2.9843072768620083,-1.0
0.015182370552793145,0.0035260781772773375,33,0.20607932610437274,0.000639363022683212,9,24.28571434531893,2.932457478387015,-1.0
0.01206072521480647,0.004037392050535841,34,0.17733307019807398,0.0006205554551086735,9,24.0,2.9133964034489224,-1.0
0.01202466412955387,0.00424877033484253,35,0.17919782316312194,0.0006015697093979838,9,25.78571445601327,2.8689298847743445,-1.0
0.012488271935250272,0.0034345210614529524,36,0.17534100799821317,0.0005824350601949146,9,23.7142859016146,2.8631083052498956,-1.0
0.012458663285625253,0.003732498904520815,37,0.17829459090717137,0.0005631810117416299,9,27.071428809847152,2.818389415740967,-1.0
0.014281325148079883,0.003969208845360713,38,0.20097710494883358,0.0005438372523852835,9,25.571428639548166,2.8340211391448973,-1.0
0.014328818895261396,0.004318976266817613,39,0.2053892919793725,0.0005244336088007391,9,25.500000187328883,2.7924514647892544,-1.0
0.012738291639834642,0.003940638091245835,40,0.18369917292147875,0.0005050000000000001,9,26.714285952704294,2.8376534598214285,-1.0
0.01127258440564302,0.004125501050359823,41,0.16957178013399243,0.0004855663911992613,9,27.642857210976736,2.750378796713693,-1.0
0.012587535195052624,0.0024922254325991326,42,0.1660658980254084,0.00046616274761471693,9,28.71428576537541,2.7090869917188374,-1.0
0.01120568790727041,0.0035971071020784702,43,0.16302238195203245,0.00044681898825837057,9,27.64285738127572,2.71389044216701,-1.0
0.013767530337314714,0.004406347108835524,44,0.20013254997320473,0.000427564939805086,9,29.85714312962123,2.685784353528704,-1.0
0.011089654724028978,0.0036171438299458136,45,0.161978768883273,0.00040843029060201667,9,26.71428578240531,2.684867649078369,-1.0
0.010002364912493662,0.003891756631095301,46,0.1529844410251826,0.000389444544891327,9,28.78571445601327,2.6802043192727227,-1.0
0.009890309132804925,0.003786601676520976,47,0.15057127713225782,0.0003706369773167883,9,29.64285729612623,2.645551505770002,-1.0
0.009777030526575718,0.004022498551586812,48,0.15191626106388867,0.0003520365877844012,9,30.00000008514949,2.5935508469172888,-1.0
0.009944526584480296,0.00381230486726219,49,0.15146261197514832,0.0003336720567466412,9,30.714285799435206,2.6302289867401125,-1.0
0.011604159837588668,0.003618026723746549,50,0.1675962908193469,0.0003155717009792807,9,30.428571666990006,2.5714730644226074,-1.0
0.01087130527858707,0.004074644995853305,51,0.16457041003741324,0.00029776342991897335,9,28.71428576537541,2.6034223542894637,-1.0
0.009930701185525819,0.0039336293597113,52,0.15263294498436153,0.00028027470262892445,9,31.928571598870413,2.5368248871394568,-1.0
0.01029783267189156,0.0036158655262128873,53,0.15317622781731188,0.0002631324854590073,9,31.357142891202653,2.538124441419329,-1.0
0.01402230152267624,0.004154081477529623,54,0.20012362790293992,0.0002463632104656054,9,32.57142874172756,2.5131711087908064,-1.0
0.010626857105473226,0.0027770658912645145,55,0.14765580091625452,0.0002299927346552969,9,33.142857210976736,2.4738458592551096,-1.0
0.0141700975258242,0.0036596090278842234,56,0.19630773295648396,0.00021404630011522587,9,33.071428877966746,2.433641929626465,-1.0
0.010740678588097746,0.0025639384138313208,57,0.14655777695588768,0.00019854849509163232,9,32.50000023841858,2.4763250964028494,-1.0
0.010460691547698596,0.0025062808047302747,58,0.14276370592415333,0.00018352321607655918,9,32.50000018732889,2.493989819117955,-1.0
0.013080710608681495,0.003670930756594647,59,0.18442131485790014,0.00016899363096119395,9,33.214285782405305,2.4281297492980958,-1.0
0.01280390162190253,0.0033285015643658962,60,0.17764337500557303,0.000154982143312659,9,32.50000011920929,2.4178264113834924,-1.0
0.01424660487100482,0.003947273489426483,61,0.20035559497773647,0.0001415103578293356,9,33.428571462631226,2.4472640323638917,-1.0
0.013115681326863441,0.0032196803103116426,62,0.1799375710543245,0.0001285990470279847,9,35.071428758757456,2.4026248604910716,-1.0
0.01363834135488353,0.004331617108122869,63,0.19784001796506345,0.0001162681192140312,9,33.35714309556143,2.4059809603009907,-1.0
0.01235236811705611,0.0025058334312317047,64,0.16361585981212556,0.00010453658778440107,9,35.285714404923574,2.382160098212106,-1.0
0.011624910106713121,0.0035994288892569866,65,0.16765272500924766,9.342254191024022e-05,9,35.14285717691694,2.3810450662885394,-1.0
0.012853738830678842,0.0025103793437169356,66,0.1691944629419595,8.294311864472437e-05,9,34.42857151372092,2.3608011899675643,-1.0
0.011353382713754068,0.002864285202866251,67,0.15658501186408103,7.311447649896551e-05,9,35.642857381275725,2.320338636125837,-1.0
0.012649169107052412,0.0030755445107140326,68,0.17316280491650105,6.395177052675794e-05,9,36.214285782405305,2.317467535563878,-1.0
0.010711538732390512,0.0036225098142908378,69,0.15783148887567222,5.546912895658472e-05,9,37.2142858505249,2.303262905393328,-1.0
0.010266284648837014,0.0038824973585592074,70,0.15574078704230487,4.767963140691306e-05,9,34.357142976352144,2.3485124778747557,-1.0
0.008970007363876159,0.003682718083093112,71,0.13928313506767154,4.059528871837034e-05,9,36.00000022138868,2.325654217856271,-1.0
0.00841210824860768,0.004316915927285498,72,0.1401238120160997,3.4227024433899e-05,9,36.928571701049805,2.3183484772273473,-1.0
0.008940570331601934,0.0036680817561732097,73,0.13880168297328055,2.8584657955444653e-05,9,34.78571449007307,2.3613410813467843,-1.0
0.009200637906112454,0.003568066559223966,74,0.14056294108740985,2.367688940315011e-05,9,34.78571442195347,2.311658920560564,-1.0
0.009247921745885502,0.0038342649667439136,75,0.14400842087343335,1.951128620040094e-05,9,36.500000153269085,2.361130462374006,-1.0
0.009319564221765508,0.004250924505124038,76,0.14937891089357436,1.6094271405406862e-05,9,36.07142863954817,2.3129143728528705,-1.0
0.00939416417598047,0.00367205774157562,77,0.14383359905332327,1.3431113807311488e-05,9,35.42857149669102,2.3370566640581405,-1.0
0.00974690306677737,0.003510676282034679,78,0.14593961206264794,1.1525919802101659e-05,9,35.42857153075082,2.3648194571903773,-1.0
0.009079378881407056,0.003724421840161085,79,0.14094624388962984,1.0381627060842164e-05,9,36.7142859186445,2.3079979733058384,-1.0
0.009230871473185041,0.004180994350463152,80,0.14763315790332854,1e-05,9,36.57142874172756,2.284780909674508,-1.0
0.012190207897219807,0.018388378356272977,1,0.36709849792532623,0.000999618372939158,10,1.200000002483527,5.138194992065429,-1.0
0.012140479035830746,0.003307989468642821,2,0.1855511968024075,0.0009984740801978985,10,2.333333345254262,4.51553124109904,-1.0
0.01103442038098971,0.0034297467791475356,3,0.17374361585825682,0.0009965688861926887,10,3.4666666691501935,4.445367515563965,-1.0
0.011971056286711246,0.003450978547334671,4,0.18522294494323432,0.0009939057285945933,10,5.066666678587596,4.32677963256836,-1.0
0.014137971894039461,0.004645505512598902,5,0.22563264379277825,0.0009904887137995992,10,6.266666669150194,4.239597975413004,-1.0
0.009939738219448676,0.003480819519609213,6,0.16124587086960673,0.00098632311059685,10,6.666666676600774,4.1667747370402015,-1.0
0.009684460645075887,0.003327979279371599,7,0.15627007093280554,0.0009814153420445555,10,7.599999998013178,4.077656567891439,-1.0
0.009904137152868012,0.0033342327612141767,8,0.158980529056862,0.0009757729755661012,10,7.93333334326744,4.027837731679281,-1.0
0.010298934086070707,0.0032664404910368225,9,0.16291460092179477,0.0009694047112816298,10,8.466666692495346,4.009533032735189,-1.0
0.00914900810069715,0.0036356198834255338,10,0.15355504513718188,0.0009623203685930871,10,8.800000025828679,3.906321942647298,-1.0
0.012107257847674191,0.003758817658914874,11,0.19054369209334254,0.0009545308710434153,10,8.799999994039535,3.8565310872395835,-1.0
0.014960801500516633,0.003428520751185715,12,0.22090508579276502,0.0009460482294732422,10,11.666666674613953,3.794443033218384,-1.0
0.015270200810239961,0.004088901022138695,13,0.2325852350331843,0.0009368855235010348,10,12.733333353201548,3.7229734287261964,-1.0
0.01193797697002689,0.0036784731200896204,14,0.18763895193114877,0.0009270568813552758,10,12.600000051657359,3.6955195490519204,-1.0
0.014227488660253584,0.0037324145863143108,15,0.2157473519910127,0.0009165774580897602,10,12.666666670640309,3.6685876490275064,-1.0
0.015323492387930552,0.0036822394467890263,16,0.22834146115928888,0.0009054634122155992,10,13.266666660706202,3.6209706001281736,-1.0
0.014940345970292887,0.003807742594896505,17,0.22525157406926155,0.0008937318807859689,10,13.266666718324025,3.5789676036834717,-1.0
0.014945705654099584,0.0033868357616787157,18,0.22032335516996682,0.0008814009529720156,10,14.333333309491476,3.5401945775349937,-1.0
0.015221353329252452,0.004011845837036769,19,0.2311226560268551,0.0008684896421706646,10,15.133333327372869,3.5096097564697266,-1.0
0.015313976153265685,0.003404524856402228,20,0.22497048298828304,0.0008550178566873412,10,14.866666718324025,3.4637276458740236,-1.0
0.012315486693599572,0.003432466978362451,21,0.18925546295940876,0.0008410063690388064,10,14.866666642824809,3.4526310284932453,-1.0
0.01489769535449644,0.002247347729280591,22,0.2059696400538087,0.0008264767839234412,10,16.466666718324024,3.3694252077738445,-1.0
0.014620306552387774,0.004083160194568336,23,0.2247114849742502,0.000811451504908368,10,18.666666702429453,3.3397635962168377,-1.0
0.014913970662746578,0.004014141683001071,24,0.22740522888489068,0.0007959536998847743,10,17.266666718324025,3.3416281096140543,-1.0
0.015039654642653963,0.004008222875806193,25,0.22884795907884836,0.0007800072653447032,10,17.53333336909612,3.3061305383046466,-1.0
0.013148569482533881,0.003803008934482932,26,0.20366807491518557,0.0007636367895343947,10,18.133333317438762,3.2642259883880613,-1.0
0.015553602599538863,0.003676463481194029,27,0.2309922301210463,0.0007468675145409928,10,19.466666718324024,3.2204440091451008,-1.0
0.014797335102533301,0.003476674396855136,28,0.2195788489188999,0.0007297252973710758,10,20.333333309491476,3.1784695568084715,-1.0
0.014832451124675572,0.002441386537005504,29,0.20758808497339487,0.0007122365700810271,10,19.800000035762785,3.1578022600809734,-1.0
0.01325682244108369,0.003409437893424183,30,0.20021802792325616,0.0006944282990207196,10,19.266666686534883,3.17092897160848,-1.0
0.011844220590622475,0.0037955252531295023,31,0.187867424916476,0.0006763279432533592,10,21.399999976158142,3.1011301606496176,-1.0
0.01240453211357817,0.0034163665453282497,32,0.19003751291893423,0.0006579634122155992,10,22.26666669845581,3.048602903366089,-1.0
0.010704236706563583,0.003116215618016819,33,0.1659996199887246,0.000639363022683212,10,22.399999992052713,3.030829198201497,-1.0
0.009843040820366392,0.0033580983484474323,34,0.1585361030884087,0.0006205554551086735,10,24.000000055631002,2.969295120875041,-1.0
0.01203173395091047,0.0034103792859241366,35,0.1854637460783124,0.0006015697093979838,10,22.733333353201548,2.9689543673197427,-1.0
0.01195334984610478,0.0034408006467856467,36,0.1849144420120865,0.0005824350601949146,10,24.266666686534883,2.944975363413493,-1.0
0.011975658145577958,0.003629160268853108,37,0.18744622310623527,0.0005631810117416299,10,23.400000015894573,2.908732889175415,-1.0
0.010893698257859796,0.003332459988693396,38,0.1708997969981283,0.0005438372523852835,10,24.46666669845581,2.8814339752197267,-1.0
0.011651827294069031,0.0032714448558787503,39,0.17926197894848883,0.0005244336088007391,10,25.599999984105427,2.860091305414836,-1.0
0.01183904946083203,0.0032896402020317814,40,0.1817138500045985,0.0005050000000000001,10,24.19999998410543,2.8898791936238606,-1.0
0.011347743876588842,0.0022651653077142933,41,0.1635221701581031,0.0004855663911992613,10,25.866666769981386,2.82222940381368,-1.0
0.010038596015268316,0.0038174421448881426,42,0.16645080503076315,0.00046616274761471693,10,26.33333345254262,2.760269184748332,-1.0
0.009412582711471865,0.003363373960989217,43,0.15341776004061103,0.00044681898825837057,10,26.666666730244955,2.801401467005412,-1.0
0.011430492682848126,0.003972213889937848,44,0.18496252386830747,0.000427564939805086,10,26.400000119209288,2.8037299003601075,-1.0
0.00881319958716631,0.0037848824285902083,45,0.15131749515421689,0.00040843029060201667,10,26.13333336512248,2.7299165433247885,-1.0
0.011399862725132456,0.0035596920254950724,46,0.1796490380074829,0.000389444544891327,10,26.466666634877523,2.719483912785848,-1.0
0.011963692668359727,0.00359298283001408,47,0.18685178295709193,0.0003706369773167883,10,28.53333328564962,2.7025358339945473,-1.0
0.010870288979882995,0.00325744942529127,48,0.16970284399576485,0.0003520365877844012,10,28.73333343664805,2.6642534523010255,-1.0
0.015039275652573755,0.003886403845778356,49,0.2273482431191951,0.0003336720567466412,10,29.533333388964333,2.676766741434733,-1.0
0.010231155106642595,0.00339199515292421,50,0.16367541905492544,0.0003155717009792807,10,30.00000011920929,2.596776123046875,-1.0
0.009283498492247114,0.0034198385934966304,51,0.15254725608974695,0.00029776342991897335,10,31.399999984105428,2.591856153488159,-1.0
0.011399206006899476,0.0032080095067309835,52,0.17543351487256587,0.00028027470262892445,10,30.26666661898295,2.6063650309244792,-1.0
0.011777531491437307,0.002226938920406004,53,0.1682209458667785,0.0002631324854590073,10,32.73333337306976,2.549586731592814,-1.0
0.011883906670846045,0.003587540336108456,54,0.18583748512901366,0.0002463632104656054,10,29.200000087420147,2.573660093943278,-1.0
0.011097823812936744,0.0022935961023904383,55,0.16086327796801925,0.0002299927346552969,10,30.666666658719382,2.567171658198039,-1.0
0.011929368251003325,0.0038579093331160643,56,0.18961495207622647,0.00021404630011522587,10,31.933333436648052,2.5193081048329673,-1.0
0.015259719085103521,0.003399948744724194,57,0.22412427607923746,0.00019854849509163232,10,31.53333331743876,2.5344181181589764,-1.0
0.011970242077950388,0.002715769747737795,58,0.17646784498356283,0.00018352321607655918,10,34.73333346048991,2.495145467122396,-1.0
0.012091192319833985,0.00309158917904521,59,0.182362190913409,0.00016899363096119395,10,34.13333332538605,2.465909968058268,-1.0
0.009540107916109264,0.0021706445841118693,60,0.1406846521422267,0.000154982143312659,10,32.73333330949148,2.4776040897369387,-1.0
0.012503933433132866,0.003910147740195195,61,0.197125748032704,0.0001415103578293356,10,33.13333335717519,2.4513869438171385,-1.0
0.011570632632356137,0.0032976546208374202,62,0.17864168994128704,0.0001285990470279847,10,32.86666666666667,2.4344161815643313,-1.0
0.013162528940786919,0.0034622718036795654,63,0.19969887007027864,0.0001162681192140312,10,34.66666661898295,2.4630135695139566,-1.0
0.014273345412220806,0.003755546174943447,64,0.2165354429744184,0.00010453658778440107,10,34.33333330154419,2.4469631697336833,-1.0
0.013070892600808293,0.0037720782371858754,65,0.20232503302395344,9.342254191024022e-05,10,36.066666793823245,2.376483769098918,-1.0
0.015302865513755629,0.0034690871640729406,66,0.22549458709545434,8.294311864472437e-05,10,31.866666642824807,2.451838191986084,-1.0
0.015470366381729642,0.0035008304403163493,67,0.2279297939967364,7.311447649896551e-05,10,36.933333357175194,2.351371462504069,-1.0
0.015085604158230126,0.0034554651744353273,68,0.22279014810919762,6.395177052675794e-05,10,33.533333325386046,2.4291724389394123,-1.0
0.013903043426883718,0.002839395252522081,69,0.20117561309598386,5.546912895658472e-05,10,34.266666666666666,2.4354680385589598,-1.0
0.013598559094437709,0.0034518907389913998,70,0.20479155611246824,4.767963140691306e-05,10,34.73333330949148,2.3603569978078207,-1.0
0.012958354801715663,0.0034931423724628985,71,0.19760468509048223,4.059528871837034e-05,10,36.19999996026357,2.381960636138916,-1.0
0.012570476081843177,0.0022818773286417127,72,0.17838768009096384,3.4227024433899e-05,10,35.53333335717519,2.4078683223724364,-1.0
0.009938186286793401,0.003288063802756369,73,0.15883911703713238,2.8584657955444653e-05,10,36.46666663487752,2.398531633377075,-1.0
0.011490149695115784,0.003138090639064709,74,0.17568820714950562,2.367688940315011e-05,10,35.79999999205271,2.3455347429911297,-1.0
0.011860770406201482,0.00336360758713757,75,0.18290290096774697,1.951128620040094e-05,10,34.400000071525575,2.323413735707601,-1.0
0.01503248136335363,0.002356138138566166,76,0.20889288699254394,1.6094271405406862e-05,10,34.533333325386046,2.405808753967285,-1.0
0.012721343897283077,0.0031646438486253223,77,0.1908709821291268,1.3431113807311488e-05,10,34.933333325386045,2.3858089243570966,-1.0
0.01198084190643082,0.004068513012801607,78,0.19277919898740947,1.1525919802101659e-05,10,36.39999999205271,2.326704549153646,-1.0
0.013006031202773253,0.002684031535560886,79,0.18846650095656514,1.0381627060842164e-05,10,35.13333345254262,2.340474838892619,-1.0
0.014973575714975595,0.0033351716119796038,80,0.21992724086157978,1e-05,10,37.06666672229767,2.3590459162394204,-1.0
0.010009179285799082,0.01727642765483604,1,0.3548497559968382,0.000999618372939158,11,2.0,4.995563354492187,-1.0
0.01066480646841228,0.002367038996173785,2,0.16956252418458462,0.0009984740801978985,11,2.6875,4.540385131835937,-1.0
0.014497643462024055,0.004024036389847214,3,0.2409591239411384,0.0009965688861926887,11,3.625,4.4611294555664065,-1.0
0.01436460130991271,0.0031317963909644345,4,0.22770350496284664,0.0009939057285945933,11,4.25,4.380459899902344,-1.0
0.012430191362419954,0.002410119094957526,5,0.19313955889083445,0.0009904887137995992,11,5.1875,4.279615478515625,-1.0
0.014171864049365887,0.003655977636718979,6,0.2319688219577074,0.00098632311059685,11,6.0,4.188223838806152,-1.0
0.014248992764176084,0.0035749037857525623,7,0.23196019791066647,0.0009814153420445555,11,6.875,4.0605419921875,-1.0
0.015549815080773372,0.003093740455089853,8,0.24262063205242157,0.0009757729755661012,11,8.875,3.9972337341308593,-1.0
0.014986953877199154,0.003595962350328381,9,0.2418330830987543,0.0009694047112816298,11,10.1875,3.9124301147460936,-1.0
0.01556834069868693,0.003452635298554714,10,0.24752345285378397,0.0009623203685930871,11,9.5625,3.903208236694336,-1.0
0.015585480204138618,0.0031783469558621827,11,0.24419428897090256,0.0009545308710434153,11,11.1875,3.8024842071533205,-1.0
0.012757941453646008,0.002281376232321446,12,0.19575322209857404,0.0009460482294732422,11,11.625,3.739685287475586,-1.0
0.011961671452109631,0.0036963397063888037,13,0.20375905092805624,0.0009368855235010348,11,11.8125,3.7136195373535155,-1.0
0.010229983617766546,0.003493106923997402,14,0.17853872501291335,0.0009270568813552758,11,10.5,3.7014107513427734,-1.0
0.0089240820827679,0.002742312615737319,15,0.15176837891340256,0.0009165774580897602,11,13.75,3.618298568725586,-1.0
0.009306537900836421,0.003428856788489681,16,0.16566314594820142,0.0009054634122155992,11,13.75,3.6076011276245117,-1.0
0.009214554805881701,0.002603797439055947,17,0.15374216390773654,0.0008937318807859689,11,14.3125,3.5089798736572266,-1.0
0.00931477347890345,0.0029543469158502724,18,0.15960332099348307,0.0008814009529720156,11,15.875,3.5149532890319826,-1.0
0.009121500242214937,0.0024472682987554716,19,0.1504952018149197,0.0008684896421706646,11,17.1875,3.4041623497009277,-1.0
0.010811332953520693,0.003727375905817518,20,0.189135713968426,0.0008550178566873412,11,16.0625,3.4358749389648438,-1.0
0.011466478051331181,0.003420341258438734,21,0.19369632191956043,0.0008410063690388064,11,16.4375,3.38749080657959,-1.0
0.011422695251754843,0.0031730937413298166,22,0.18993157497607172,0.0008264767839234412,11,17.8125,3.3504060745239257,-1.0
0.011744592607451173,0.0039300109403064614,23,0.20393929001875222,0.000811451504908368,11,17.375,3.326278305053711,-1.0
0.009305765368760778,0.0038786147040529894,24,0.171536821173504,0.0007959536998847743,11,18.0,3.253628578186035,-1.0
0.008757132159259457,0.0030412493775097225,25,0.15348072303459048,0.0007800072653447032,11,20.0,3.225310592651367,-1.0
0.009832215226756839,0.0035658532467025975,26,0.17427683295682073,0.0007636367895343947,11,19.8125,3.1746657562255858,-1.0
0.011519435273769956,0.0034879684949723575,27,0.1952298590913415,0.0007468675145409928,11,19.125,3.1585141372680665,-1.0
0.01201803287347922,0.002704917972620863,28,0.1915700980462134,0.0007297252973710758,11,21.1875,3.1299539184570313,-1.0
0.011785357259213924,0.003159559815405653,29,0.1944563710130751,0.0007122365700810271,11,20.0625,3.0941668510437013,-1.0
0.011629722206495129,0.002954853018029378,30,0.1897669779136777,0.0006944282990207196,11,23.9375,3.041742820739746,-1.0
0.011493571371269913,0.003470540619813479,31,0.19470337009988725,0.0006763279432533592,11,22.25,3.068664245605469,-1.0
0.011157027445733547,0.0033440820048921383,32,0.18868216406553984,0.0006579634122155992,11,22.1875,3.026622085571289,-1.0
0.01222080855558698,0.0021181133611557577,33,0.1865755789913237,0.000639363022683212,11,24.1875,2.9802025985717773,-1.0
0.01525089918420865,0.004098255957405155,34,0.2517550701741129,0.0006205554551086735,11,24.1875,2.978458595275879,-1.0
0.011857432349083515,0.004711024266166182,35,0.21563485311344266,0.0006015697093979838,11,24.0625,2.9506881713867186,-1.0
0.01375844214971249,0.0022811972392866244,36,0.2087173848412931,0.0005824350601949146,11,25.1875,2.9359771156311036,-1.0
0.01457341776516002,0.003821719545297898,37,0.23941059596836567,0.0005631810117416299,11,25.5,2.8714154243469237,-1.0
0.01512667706881005,0.0034419731595195257,38,0.2425083441194147,0.0005438372523852835,11,25.375,2.8507815742492677,-1.0
0.015135622583329678,0.002206866181670473,39,0.2257268049288541,0.0005244336088007391,11,25.125,2.84558256149292,-1.0
0.014555011177435517,0.003989169284558067,40,0.2413513909559697,0.0005050000000000001,11,25.9375,2.8033732414245605,-1.0
0.014192264724092988,0.0037423114184863293,41,0.23340483102947474,0.0004855663911992613,11,25.375,2.8353638458251953,-1.0
0.01454348167261252,0.0027111324911507275,42,0.22459810599684715,0.00046616274761471693,11,27.4375,2.7811510276794436,-1.0
0.012916798721282529,0.003399899354777657,43,0.21232197200879455,0.00044681898825837057,11,27.625,2.7399968910217285,-1.0
0.014331230553440176,0.003930500833890759,44,0.2376439101062715,0.000427564939805086,11,28.0,2.7231429290771483,-1.0
0.013821000287022728,0.0024638323901364436,45,0.21194716193713248,0.00040843029060201667,11,28.4375,2.6999001502990723,-1.0
0.013928089040116621,0.0035467185796453403,46,0.22741868812590837,0.000389444544891327,11,28.75,2.7187989807128905,-1.0
0.010480725206434727,0.004401894716116099,47,0.19368672813288867,0.0003706369773167883,11,28.125,2.6800380325317383,-1.0
0.011100375039789539,0.003564691493430963,48,0.19081780198030174,0.0003520365877844012,11,30.8125,2.6457995700836183,-1.0
0.009734655909526806,0.0037954187092299643,49,0.17603003792464733,0.0003336720567466412,11,29.0625,2.6304136657714845,-1.0
0.011643253732472658,0.003911985657536066,50,0.20235174312256277,0.0003155717009792807,11,30.0625,2.629990463256836,-1.0
0.010087171515736442,0.0034029917934766184,51,0.17551415599882603,0.00029776342991897335,11,29.875,2.5977184104919435,-1.0
0.011213169809287557,0.003347607419038048,52,0.18943287804722786,0.00028027470262892445,11,30.4375,2.6092183113098146,-1.0
0.013514141659610547,0.003879054574869,53,0.2263227771036327,0.0002631324854590073,11,30.875,2.6017171287536622,-1.0
0.014351481643433753,0.0034790086703231702,54,0.2320496530737728,0.0002463632104656054,11,31.0625,2.565876312255859,-1.0
0.014160700608044863,0.002293041155028802,55,0.21415265300311148,0.0002299927346552969,11,32.0,2.5168869590759275,-1.0
0.013914686591865925,0.003413574716362816,56,0.22550876787863672,0.00021404630011522587,11,31.8125,2.5112482833862306,-1.0
0.013953815339706264,0.003100122969884139,57,0.221952113090083,0.00019854849509163232,11,31.9375,2.4969030952453615,-1.0
0.014536026829423813,0.0033457887072402695,58,0.232733336975798,0.00018352321607655918,11,31.1875,2.526742172241211,-1.0
0.014845389568318542,0.0032704355768286265,59,0.23578398395329714,0.00016899363096119395,11,33.5625,2.466125011444092,-1.0
0.012800170001215659,0.0021493793823398077,60,0.19455936504527926,0.000154982143312659,11,33.0625,2.4661994552612305,-1.0
0.009409637136671405,0.003448295621917798,61,0.16729146288707852,0.0001415103578293356,11,32.3125,2.496151580810547,-1.0
0.009012593869836284,0.0028930359806578895,62,0.15487676416523755,0.0001285990470279847,11,34.25,2.429936008453369,-1.0
0.00964048714376986,0.0033740061693466627,63,0.16929200920276344,0.0001162681192140312,11,34.9375,2.407978630065918,-1.0
0.011258271307899402,0.003252578075402058,64,0.18877496314235032,0.00010453658778440107,11,33.25,2.4756369972229004,-1.0
0.009103605541615533,0.0033568982393122637,65,0.16212208289653063,9.342254191024022e-05,11,34.6875,2.4358202743530275,-1.0
0.008291246047100196,0.0031856441189749883,66,0.1493092169985175,8.294311864472437e-05,11,33.1875,2.4353490257263184,-1.0
0.009132330162593951,0.004432140527149806,67,0.17645084904506803,7.311447649896551e-05,11,36.0,2.411009349822998,-1.0
0.010855597569248997,0.0029488509664168726,68,0.17959080007858574,6.395177052675794e-05,11,35.9375,2.394378595352173,-1.0
0.014084510361919036,0.0032842561710052765,69,0.2260047309100628,5.546912895658472e-05,11,32.875,2.4187045669555665,-1.0
0.014172618366921177,0.003773129849623029,70,0.2335485580842942,4.767963140691306e-05,11,34.9375,2.430706272125244,-1.0
0.013883824925869703,0.003199380159807893,71,0.2223337539471686,4.059528871837034e-05,11,34.3125,2.385425605773926,-1.0
0.011472597861519227,0.0036454346890632925,72,0.19674875284545124,3.4227024433899e-05,11,34.125,2.378113250732422,-1.0
0.011857571062416984,0.0029478417709469795,73,0.19263647496700287,2.8584657955444653e-05,11,34.125,2.4040083503723144,-1.0
0.01182169198560027,0.00220916484697507,74,0.18257435807026923,2.367688940315011e-05,11,34.0625,2.398037242889404,-1.0
0.011367593282976976,0.003306059883191035,75,0.19092571293003857,1.951128620040094e-05,11,33.5625,2.4046428298950193,-1.0
0.010325719459125629,0.0033277846120584468,76,0.17763548297807574,1.6094271405406862e-05,11,33.4375,2.4294388580322264,-1.0
0.011536914765691528,0.003559244922004067,77,0.19638664089143276,1.3431113807311488e-05,11,34.4375,2.4072929191589356,-1.0
0.011903397989674257,0.0031099369247945454,78,0.19534431002102792,1.1525919802101659e-05,11,35.5625,2.3700162315368654,-1.0
0.01002589425143714,0.0022673175061264862,79,0.15995184308849275,1.0381627060842164e-05,11,34.9375,2.400099124908447,-1.0
0.011345829277370986,0.0033788310292248544,80,0.19155404390767217,1e-05,11,34.25,2.4146362209320067,-1.0
0.011876542570202478,0.01604124384799174,1,0.39100408204831183,0.000999618372939158,12,1.3529411769088577,5.479387062297148,-1.0
0.012060160366153079,0.002612791057409985,2,0.20559232495725155,0.0009984740801978985,12,2.3529411769088577,4.513607539008645,-1.0
0.011818537721410394,0.0029583320720121264,3,0.20706990803591907,0.0009965688861926887,12,4.294117647935362,4.408354566237506,-1.0
0.012731321039609611,0.0029539683101964848,4,0.21975635504350066,0.0009939057285945933,12,5.294117647497093,4.292977653952206,-1.0
0.01195918770307409,0.0032141200166993906,5,0.2126131581608206,0.0009904887137995992,12,6.000000000876539,4.20160213582656,-1.0
0.014470984061647738,0.0034214024365480456,6,0.25072838203050196,0.00098632311059685,12,6.352941177347127,4.133527396706974,-1.0
0.014498654619923659,0.0037828980878527674,7,0.2562192939221859,0.0009814153420445555,12,7.235294118523598,4.059307215073529,-1.0
0.012479278708009847,0.002976014145783016,8,0.21662242198362947,0.0009757729755661012,12,8.058823530288304,4.001070991964901,-1.0
0.012785708298906684,0.003801954411236303,9,0.23244418296962976,0.0009694047112816298,12,8.235294119400137,3.9567000826667336,-1.0
0.013144106421220516,0.0033371627796441317,10,0.23092696210369468,0.0009623203685930871,12,8.705882354694253,3.876086285535027,-1.0
0.011945994504328285,0.002740330495206373,11,0.2058000359684229,0.0009545308710434153,12,9.588235304636115,3.854934227326337,-1.0
0.014891968674159475,0.002754674742131361,12,0.24727885704487562,0.0009460482294732422,12,10.0,3.7892088430068074,-1.0
0.013986796722747386,0.0034876424220523666,13,0.24491468607448041,0.0009368855235010348,12,11.176470589988371,3.739381607280058,-1.0
0.012730967070508217,0.002935994865505823,14,0.21957143698818982,0.0009270568813552758,12,11.058823529850034,3.7267221282510197,-1.0
0.011187286814674735,0.0028840251200433287,15,0.19715864583849907,0.0009165774580897602,12,12.235294122906293,3.692715705983779,-1.0
0.01284978212788701,0.002601251521679972,16,0.216470864135772,0.0009054634122155992,12,12.176470589988371,3.621675307890948,-1.0
0.012529319069082183,0.002460176940076053,17,0.21004461194388568,0.0008937318807859689,12,14.294117661083446,3.5852323633081773,-1.0
0.011553092028147407,0.0028986524058771984,18,0.20250728609971702,0.0008814009529720156,12,14.294117647935362,3.5352778171090518,-1.0
0.014255630650690623,0.003190820205158421,19,0.2444820690434426,0.0008684896421706646,12,14.29411765757729,3.4938134053174186,-1.0
0.011807006201706827,0.003320832021667489,20,0.2120129589457065,0.0008550178566873412,12,17.117647069341995,3.429782425936531,-1.0
0.008966735198295541,0.0038471738142626627,21,0.1795749068260193,0.0008410063690388064,12,14.82352941702394,3.4098004161610325,-1.0
0.011935496087452131,0.003020504123664328,22,0.20954203885048628,0.0008264767839234412,12,16.058823534671,3.4029456637887394,-1.0
0.011342201897475337,0.0031342780982543316,23,0.2028396539390087,0.000811451504908368,12,17.52941176645896,3.3603565148746264,-1.0
0.012169449789715665,0.003036749283117907,24,0.21305258595384657,0.0007959536998847743,12,17.88235293416416,3.3490136741189396,-1.0
0.01338204337350492,0.003478592344825821,25,0.2362439229618758,0.0007800072653447032,12,17.17647059875376,3.3012646832185633,-1.0
0.012431107727544648,0.0031149760720187,26,0.21785585908219218,0.0007636367895343947,12,19.647058823529413,3.210436061410343,-1.0
0.0145965247148914,0.0024065843650272916,27,0.2382485440466553,0.0007468675145409928,12,18.529411771718195,3.2187002400790945,-1.0
0.013793482977364744,0.004235253386598613,28,0.2526582919526845,0.0007297252973710758,12,19.23529413167168,3.1334504245309267,-1.0
0.010141428709695382,0.003736886295623013,29,0.194479594938457,0.0007122365700810271,12,19.294117648811902,3.1851887074638814,-1.0
0.013797719214510704,0.0035784098519278424,30,0.24340110109187663,0.0006944282990207196,12,21.176470595247604,3.1177484489889706,-1.0
0.00920428688238774,0.003967467329597899,31,0.18454396585002542,0.0006763279432533592,12,21.058823531164844,3.087211519690121,-1.0
0.013712434646939593,0.003496418208149927,32,0.24109849194064736,0.0006579634122155992,12,21.294117654071133,3.0472691457411822,-1.0
0.01309364488614457,0.0033753415336832404,33,0.23077259003184736,0.000639363022683212,12,20.352941176470587,3.0663655370824476,-1.0
0.012608543154783547,0.0024588438515950528,34,0.21110834507271647,0.0006205554551086735,12,21.05882355746101,3.0043216295803297,-1.0
0.010549003324870552,0.0032926889502310325,35,0.19392008590511978,0.0006015697093979838,12,22.000000010518466,3.0113551425933838,-1.0
0.011713640714463378,0.0033404557034373283,36,0.21088949707336724,0.0005824350601949146,12,24.176470595247604,2.9521530863818,-1.0
0.011277699144557118,0.0028916810073756744,37,0.19853565678931773,0.0005631810117416299,12,23.117647062329684,2.9397438840305106,-1.0
0.010939345628555332,0.0022148373037842767,38,0.18433769815601408,0.0005438372523852835,12,24.235294121153213,2.8950602475334617,-1.0
0.011235314620924848,0.0029970663100747125,39,0.19943124894052744,0.0005244336088007391,12,24.41176469887004,2.8737453842163085,-1.0
0.011628218577243388,0.003059056437840419,40,0.20578764798119664,0.0005050000000000001,12,25.00000000701231,2.9024132560281193,-1.0
0.010092847980558872,0.0022583588724955916,41,0.1730520890560001,0.0004855663911992613,12,25.29411765757729,2.8470322390163645,-1.0
0.00869315764534154,0.0028216832683288623,42,0.16130985599011183,0.00046616274761471693,12,25.647058830541724,2.8634261176165414,-1.0
0.010635815527556198,0.0032426740342218962,43,0.19443068094551563,0.00044681898825837057,12,25.82352943981395,2.8355331056258257,-1.0
0.011155503569170833,0.0025878014442111763,44,0.19257202791050076,0.000427564939805086,12,26.23529412465937,2.8001559717514937,-1.0
0.009621869240488325,0.0020622516084196313,45,0.16371831414289773,0.00040843029060201667,12,25.352941204519833,2.8337747439216163,-1.0
0.009107899120343583,0.0027440880824412617,46,0.16603347891941667,0.000389444544891327,12,26.94117649863748,2.7676831032248104,-1.0
0.011642404199977006,0.0020275860193318556,47,0.1915098379831761,0.0003706369773167883,12,28.705882363459644,2.7095091337316175,-1.0
0.015199336007104389,0.0033523641426914503,48,0.2599337159190327,0.0003520365877844012,12,28.235294138683994,2.6972806846394257,-1.0
0.014960089848110718,0.003609017718450299,49,0.26022710488177836,0.0003336720567466412,12,27.647058823529413,2.7021953246172736,-1.0
0.014642051470998143,0.0021574155959699836,50,0.2354676011018455,0.0003155717009792807,12,27.94117649863748,2.708553647994995,-1.0
0.01248097198549658,0.0027737397966640337,51,0.213778912788257,0.00029776342991897335,12,29.058823536424075,2.6596134505552405,-1.0
0.012399479963018425,0.0020519796858674715,52,0.20251141116023064,0.00028027470262892445,12,29.823529411764707,2.650033873389749,-1.0
0.01491122879087925,0.002747302425892225,53,0.24742587585933506,0.0002631324854590073,12,27.529411792755127,2.6690873813629152,-1.0
0.0126711580835815,0.002044623767557953,54,0.20623823208734393,0.0002463632104656054,12,29.823529397740085,2.604655995088465,-1.0
0.01333177527080157,0.003115436444724245,55,0.2304342940915376,0.0002299927346552969,12,29.470588235294116,2.6376495905483472,-1.0
0.014787870475889317,0.00214513366310192,56,0.23729252396151423,0.00021404630011522587,12,30.411764726919287,2.6184567075617173,-1.0
0.01257321157027036,0.0028252132303480592,57,0.2158006001263857,0.00019854849509163232,12,30.17647061628454,2.611942356334013,-1.0
0.016296956688165665,0.0029924731102905105,58,0.270264987135306,0.00018352321607655918,12,31.000000021036932,2.53241745892693,-1.0
0.009554952017164655,0.0029582696235073464,59,0.17536654509603977,0.00016899363096119395,12,30.705882352941178,2.577912905075971,-1.0
0.011179328430444002,0.0030873953531097087,60,0.1998695358633995,0.000154982143312659,12,31.647058816517102,2.5527518782896155,-1.0
0.015233331925368734,0.003183205079819475,61,0.2580376958940178,0.0001415103578293356,12,32.294117640046515,2.513718371671789,-1.0
0.012637400450850171,0.003452866038839732,62,0.2254762400407344,0.0001285990470279847,12,30.823529411764707,2.5247497581033147,-1.0
0.014362683203736586,0.003396742727740535,63,0.24882623320445418,0.0001162681192140312,12,31.588235280093024,2.544813377155977,-1.0
0.015093264219883298,0.0024676609318703413,64,0.24610570003278553,0.00010453658778440107,12,30.176470595247604,2.4960890472636503,-1.0
0.014532958889114005,0.0020324261859059334,65,0.23217036295682192,9.342254191024022e-05,12,32.705882366965795,2.4943464234296013,-1.0
0.013218625747997845,0.0028855551167258193,66,0.22567582805640996,8.294311864472437e-05,12,30.64705883404788,2.5484125316844266,-1.0
0.010704572728302861,0.0028133376368454526,67,0.18941703415475786,7.311447649896551e-05,12,33.647058830541724,2.4901438628926,-1.0
0.008974483269932014,0.004442214084390018,68,0.18800126411952078,6.395177052675794e-05,12,32.88235292715185,2.4928440598880544,-1.0
0.009747343603521585,0.0032791166034127983,69,0.18249579914845526,5.546912895658472e-05,12,30.470588238800275,2.498270388210521,-1.0
0.011598327429965138,0.003432383927117501,70,0.2105639288201928,4.767963140691306e-05,12,33.82352943280164,2.4830647732229796,-1.0
0.012061169653731798,0.0031900096219033003,71,0.21368817798793316,4.059528871837034e-05,12,32.70588233891655,2.5159618080363555,-1.0
0.013487186432549996,0.003312443000530558,72,0.23538804100826383,3.4227024433899e-05,12,33.176470581222986,2.457651545019711,-1.0
0.010796488246082194,0.0034009461191349794,73,0.1989711809437722,2.8584657955444653e-05,12,32.23529411063475,2.4792744002622715,-1.0
0.011772905991944884,0.0018668175076267549,74,0.19112257799133658,2.367688940315011e-05,12,33.47058825633105,2.447706440196318,-1.0
0.014697920165157743,0.003066100479502763,75,0.24890740495175123,1.951128620040094e-05,12,34.11764706583584,2.424135222154505,-1.0
0.009259773501461106,0.0031858382779838784,76,0.17441753298044205,1.6094271405406862e-05,12,33.23529412816553,2.455591485079597,-1.0
0.009037512021937541,0.00215112476143986,77,0.1567466128617525,1.3431113807311488e-05,12,31.882352962213403,2.4738766120461855,-1.0
0.008487381373665162,0.0027949335552485926,78,0.15807694382965565,1.1525919802101659e-05,12,32.8823529622134,2.4616611452663646,-1.0
0.009381392588173705,0.0021897004085725973,79,0.16211997903883457,1.0381627060842164e-05,12,32.8235294117647,2.4440148948220646,-1.0
0.008972166372197015,0.0035635776252352764,80,0.17562968912534416,1e-05,12,33.411764705882355,2.435907792484059,-1.0
0.012230990097547571,0.014591651502996683,1,0.40247691003605723,0.000999618372939158,13,1.4444444444444444,5.585430501302083,-1.0
0.0095116776569436,0.0018833666729430357,2,0.1710572619922459,0.0009984740801978985,13,2.8333333333333335,4.557886827256945,-1.0
0.011414149620880684,0.0027181561725835007,3,0.21213668398559093,0.0009965688861926887,13,3.4444444444444446,4.508551974826389,-1.0
0.009088218631222843,0.0030281211094309885,4,0.18187260604463518,0.0009939057285945933,13,3.7777777777777777,4.441338975694444,-1.0
0.009198603453114629,0.003209818946197629,5,0.18625714187510312,0.0009904887137995992,13,4.888888888888889,4.347672390407986,-1.0
0.011562872196858127,0.0030757543320457143,6,0.21973384986631572,0.00098632311059685,13,4.722222222222222,4.282222764756945,-1.0
0.01080157154550155,0.0018989315877358118,7,0.19066581293009222,0.0009814153420445555,13,5.388888888888889,4.234704047309028,-1.0
0.014928773930296301,0.0028167516148338715,8,0.26638023904524744,0.0009757729755661012,13,5.722222222222222,4.1916292317708335,-1.0
0.014650873079275092,0.0030071287881582977,9,0.2651059709023684,0.0009694047112816298,13,6.833333333333333,4.1169816080729165,-1.0
0.012060865325232347,0.002912286280964812,10,0.22478247107937932,0.0009623203685930871,13,5.833333333333333,4.0811058213975695,-1.0
0.01427226404969891,0.0030323646186540525,11,0.2598148768302053,0.0009545308710434153,13,6.5,4.0421937391493055,-1.0
0.010762572598954042,0.0030425745993852616,12,0.20727682812139392,0.0009460482294732422,13,8.055555555555555,4.002371283637153,-1.0
0.011927906532461445,0.002319777322312196,13,0.21386468200944364,0.0009368855235010348,13,7.722222222222222,3.995442165798611,-1.0
0.01038518880183498,0.002969392326970895,14,0.20048144087195396,0.0009270568813552758,13,8.777777777777779,3.9602145724826388,-1.0
0.014179071054483454,0.002716696743542949,15,0.25361258001066744,0.0009165774580897602,13,8.0,3.954354044596354,-1.0
0.01415672969693939,0.0029918873061736424,16,0.25748077197931707,0.0009054634122155992,13,8.666666666666666,3.8847828504774307,-1.0
0.014064969060321649,0.0028210622103263935,17,0.25354233500547707,0.0008937318807859689,13,9.5,3.8655387369791665,-1.0
0.01184230949729681,0.0028971126923958463,18,0.22131502791307867,0.0008814009529720156,13,9.88888888888889,3.8649967447916667,-1.0
0.01231880127452314,0.0027272607820729416,19,0.22589330305345356,0.0008684896421706646,13,9.777777777777779,3.816716783311632,-1.0
0.014575618846962849,0.0024764629546552897,20,0.25600892887450755,0.0008550178566873412,13,9.944444444444445,3.8047199164496526,-1.0
0.009282548461730282,0.0032651111328353484,21,0.18843781691975892,0.0008410063690388064,13,10.11111111111111,3.762129177517361,-1.0
0.010933720661948124,0.0026849319227039816,22,0.2044061180204153,0.0008264767839234412,13,11.666666666666666,3.7491362847222223,-1.0
0.01020107966226836,0.0027926037398477393,23,0.19503961293958127,0.000811451504908368,13,11.777777777777779,3.722576243082682,-1.0
0.014005185555045803,0.003013623847315709,24,0.2554584741592407,0.0007959536998847743,13,11.333333333333334,3.7666285536024304,-1.0
0.014305507391691208,0.002691789080078403,25,0.2552153901197016,0.0007800072653447032,13,11.277777777777779,3.7117352294921875,-1.0
0.014191300934180617,0.0029906233306974173,26,0.2579867399763316,0.0007636367895343947,13,10.777777777777779,3.709818115234375,-1.0
0.014240281609818339,0.002740790524209539,27,0.2549757109954953,0.0007468675145409928,13,12.11111111111111,3.665552435980903,-1.0
0.014013640644649664,0.0032264340203255414,28,0.25885868491604924,0.0007297252973710758,13,11.88888888888889,3.6460569932725693,-1.0
0.012781507056206464,0.002685126739864548,29,0.23225223599001765,0.0007122365700810271,13,12.166666666666666,3.646590033637153,-1.0
0.013784250477328897,0.0034166735131293535,30,0.2582182469777763,0.0006944282990207196,13,12.5,3.62425055609809,-1.0
0.009540069894865156,0.0027987269684672357,31,0.18525955802761018,0.0006763279432533592,13,12.38888888888889,3.6651714409722222,-1.0
0.011037276002267997,0.0026043090038001537,32,0.20475870720110834,0.0006579634122155992,13,12.61111111111111,3.6013863966200086,-1.0
0.013618314654255908,0.0020257268100976945,33,0.23486136202700436,0.000639363022683212,13,12.444444444444445,3.5754107666015624,-1.0
0.00934424572624266,0.0024594304772714774,34,0.17723986878991127,0.0006205554551086735,13,13.88888888888889,3.5675360785590278,-1.0
0.009334257803857327,0.0032680843335886798,35,0.1891391270328313,0.0006015697093979838,13,13.38888888888889,3.556734347873264,-1.0
0.009879517694935202,0.003825139704470833,36,0.20569472713395953,0.0005824350601949146,13,13.61111111111111,3.5355318196614585,-1.0
0.011776728633170327,0.0025757855580498773,37,0.21544578904286027,0.0005631810117416299,13,14.277777777777779,3.521891886393229,-1.0
0.014153145020827651,0.0029199449190249046,38,0.2563158879056573,0.0005438372523852835,13,14.055555555555555,3.5011442735460068,-1.0
0.013433391833677888,0.002895616569245855,39,0.24514927808195353,0.0005244336088007391,13,14.444444444444445,3.4861893378363717,-1.0
0.009338269693156083,0.0018815295615543922,40,0.16843430395238101,0.0005050000000000001,13,15.055555555555555,3.494199015299479,-1.0
0.009776307844246428,0.004119104566052556,41,0.20856079016812146,0.0004855663911992613,13,15.61111111111111,3.4372122192382815,-1.0
0.009392416958386699,0.003931659242759148,42,0.19998292508535087,0.00046616274761471693,13,15.666666666666666,3.4176514010959202,-1.0
0.01016634893603623,0.0036759184673428535,43,0.20776339387521148,0.00044681898825837057,13,14.38888888888889,3.4915222846137155,-1.0
0.010087060385073225,0.003695928289865454,44,0.20687782997265458,0.000427564939805086,13,14.277777777777779,3.4176290554470485,-1.0
0.00995271395271023,0.0026446787795672815,45,0.18909248802810907,0.00040843029060201667,13,15.333333333333334,3.3915586344401043,-1.0
0.010444252969076235,0.0028556930211683113,46,0.1996321699116379,0.000389444544891327,13,15.61111111111111,3.4089525010850696,-1.0
0.010044373059645294,0.002644848482062419,47,0.1904663941822946,0.0003706369773167883,13,16.555555555555557,3.3916946411132813,-1.0
0.009978314706434807,0.002545194032912453,48,0.18798112403601408,0.0003520365877844012,13,15.777777777777779,3.3604554918077256,-1.0
0.010602127651994427,0.0021821468758086364,49,0.19189610495232046,0.0003336720567466412,13,17.5,3.3469059753417967,-1.0
0.009970415073136488,0.0021342077292501927,50,0.18170260195620358,0.0003155717009792807,13,17.333333333333332,3.36521487765842,-1.0
0.010257569157208006,0.0023037903166065613,51,0.18854822288267314,0.00029776342991897335,13,16.166666666666668,3.3127480909559464,-1.0
0.010122370005895694,0.002236228467275699,52,0.18550732894800603,0.00028027470262892445,13,17.88888888888889,3.3055928887261286,-1.0
0.010307943789909284,0.0021150330702463787,53,0.1864733959082514,0.0002631324854590073,13,16.88888888888889,3.310965915256076,-1.0
0.010285634190465014,0.0025546394754201174,54,0.19273113505914807,0.0002463632104656054,13,17.555555555555557,3.3171652221679686,-1.0
0.010360773637269933,0.0024110342375934122,55,0.19170633214525878,0.0002299927346552969,13,16.666666666666668,3.2929310777452256,-1.0
0.009945881584038337,0.0022231556785603365,56,0.18265753099694848,0.00021404630011522587,13,17.333333333333332,3.2982939147949217,-1.0
0.010475639021024108,0.0021465127822011707,57,0.18946661800146103,0.00019854849509163232,13,15.833333333333334,3.3216785346137154,-1.0
0.01036916005735596,0.0021013492718338967,58,0.18721436499617994,0.00018352321607655918,13,17.944444444444443,3.2727144029405384,-1.0
0.010040819148222606,0.0028201776556670667,59,0.19304441614076495,0.00016899363096119395,13,17.61111111111111,3.2602562628852,-1.0
0.010243192578976353,0.002118632678563396,60,0.1855577640235424,0.000154982143312659,13,17.88888888888889,3.2764162021213106,-1.0
0.010562227418025335,0.002024053316563368,61,0.18892202293500304,0.0001415103578293356,13,16.555555555555557,3.2526859537760417,-1.0
0.010667526768520475,0.002577051691090067,62,0.19879609812051058,0.0001285990470279847,13,19.22222222222222,3.252995130750868,-1.0
0.01009352800125877,0.0026290842021505036,63,0.19096494000405073,0.0001162681192140312,13,18.27777777777778,3.2452601453993055,-1.0
0.014316535477216044,0.0030916161990414063,64,0.2613042879384011,0.00010453658778440107,13,19.0,3.2099926418728297,-1.0
0.012411291276415189,0.002772428203995029,65,0.2279830719344318,9.342254191024022e-05,13,19.11111111111111,3.2032911173502603,-1.0
0.010967450092236201,0.002909352444112301,66,0.20831787609495223,8.294311864472437e-05,13,19.333333333333332,3.1912610202365452,-1.0
0.01079708815862735,0.002575066654632489,67,0.2007080598268658,7.311447649896551e-05,13,19.944444444444443,3.1895062255859377,-1.0
0.010312559471155206,0.0020496343883375325,68,0.18555990792810917,6.395177052675794e-05,13,19.11111111111111,3.1862581888834636,-1.0
0.010175616278623541,0.002277766851087411,69,0.1869290778413415,5.546912895658472e-05,13,18.11111111111111,3.2259951951768664,-1.0
0.013501492561772466,0.003534507177149256,70,0.25564710586331785,4.767963140691306e-05,13,19.27777777777778,3.1990480719672307,-1.0
0.011540893403192361,0.0018247169287254413,71,0.20061726495623589,4.059528871837034e-05,13,18.72222222222222,3.1770555623372396,-1.0
0.014485168146590392,0.0029089725110679867,72,0.26115723699331284,3.4227024433899e-05,13,19.833333333333332,3.1815004984537762,-1.0
0.01459817859965066,0.002092281744504968,73,0.2506332490593195,2.8584657955444653e-05,13,19.444444444444443,3.2153693135579426,-1.0
0.012100649594018856,0.002630878131215771,74,0.22119125188328326,2.367688940315011e-05,13,20.166666666666668,3.158880581325955,-1.0
0.014579212137808403,0.0028665391883502403,75,0.261946079088375,1.951128620040094e-05,13,19.444444444444443,3.1833944023980036,-1.0
0.014365065811822812,0.0027136278493950765,76,0.25644079502671957,1.6094271405406862e-05,13,19.27777777777778,3.1884844970703123,-1.0
0.014538671060775717,0.003310552410160502,77,0.2680210459511727,1.3431113807311488e-05,13,19.11111111111111,3.192584703233507,-1.0
0.011221939340854685,0.002029900656392177,78,0.19896420906297863,1.1525919802101659e-05,13,18.944444444444443,3.1657039048936633,-1.0
0.013379349544023474,0.0028970767899105946,79,0.24428279884159565,1.0381627060842164e-05,13,19.833333333333332,3.1818878004286026,-1.0
0.014630728944515189,0.0027887964621186256,80,0.26151198893785477,1e-05,13,20.0,3.187722913953993,-1.0
0.011871367429072658,0.01430694330483675,1,0.39284358406439424,0.000999618372939158,14,1.3684210651799251,4.907788602929366,-1.0
0.009736527254184087,0.002408818621188402,2,0.18232898996211588,0.0009984740801978985,14,2.8947368432816707,4.4767670661524726,-1.0
0.009798174568762382,0.003477212709064285,3,0.199258100008592,0.0009965688861926887,14,4.789473687347613,4.360874794407895,-1.0
0.011319459152097503,0.0029167361091822384,4,0.21369925397448242,0.0009939057285945933,14,5.6315789481526926,4.22807669187847,-1.0
0.01185401218632857,0.0022519560686002174,5,0.21178424614481628,0.0009904887137995992,14,5.842105264334302,4.157657282979865,-1.0
0.010944737866520882,0.003445283059651653,6,0.21601599315181375,0.00098632311059685,14,7.0526315946328015,4.081339425538715,-1.0
0.009852328337728977,0.00318984966725111,7,0.19577213004231453,0.0009814153420445555,14,8.789473699895959,4.011714384179366,-1.0
0.011449884328370293,0.0035183196732153496,8,0.22467184299603105,0.0009757729755661012,14,8.894736845242349,3.966276277240954,-1.0
0.010776144002253811,0.0038439173872272174,9,0.21946422616019845,0.0009694047112816298,14,8.842105288254587,3.9257026054984645,-1.0
0.013900691146651904,0.002707395780210694,10,0.24926015199162066,0.0009623203685930871,14,10.368421044788862,3.88448523872777,-1.0
0.014393195727219183,0.002129928007101019,11,0.24803211400285363,0.0009545308710434153,14,10.31578947838984,3.8528110187932065,-1.0
0.0122458985230575,0.0035201362799853085,12,0.23671921296045184,0.0009460482294732422,14,11.368421046357406,3.777531614303589,-1.0
0.015014118095859886,0.003878916303316752,13,0.2836389208678156,0.0009368855235010348,14,11.368421066748468,3.745920608420121,-1.0
0.013678482112785181,0.0019006354889521996,14,0.23393471515737474,0.0009270568813552758,14,12.263157888462668,3.7050697688052527,-1.0
0.014571361880128583,0.0032884373795241117,15,0.2681272740010172,0.0009165774580897602,14,12.894736879750303,3.663210066745156,-1.0
0.014840446598827838,0.003269463125616312,16,0.27192086493596435,0.0009054634122155992,14,13.842105238061203,3.6295641392155695,-1.0
0.015297182618329923,0.0028125361694643896,17,0.27191760996356606,0.0008937318807859689,14,15.526315764376992,3.550414652071501,-1.0
0.015070920685927074,0.0029817621223628523,18,0.27109179296530783,0.0008814009529720156,14,13.368421090276618,3.566251670435855,-1.0
0.015121926662201683,0.0030094833268473546,19,0.2722517400979996,0.0008684896421706646,14,13.894736857790695,3.517506482977616,-1.0
0.014717069997762641,0.002810200738410155,20,0.26320670708082616,0.0008550178566873412,14,14.263157882188496,3.4793733902981407,-1.0
0.015293713596959909,0.0024036431374649205,21,0.2657496528699994,0.0008410063690388064,14,15.157894752527538,3.4628724399365876,-1.0
0.01436792517391344,0.003152615421762069,22,0.2630781929474324,0.0008264767839234412,14,16.894736846810893,3.399653137608578,-1.0
0.015256590535864234,0.004307652994369467,23,0.29374814801849425,0.000811451504908368,14,17.210526344023254,3.321081603200812,-1.0
0.01365437125787139,0.0027957077448566756,24,0.24699102388694882,0.0007959536998847743,14,17.736842155456543,3.3270931299109208,-1.0
0.013846366914610069,0.003223572283362349,25,0.2562277258839458,0.0007800072653447032,14,19.105263195539777,3.3055516739895467,-1.0
0.014927958029632767,0.002234606569012006,26,0.25764729105867445,0.0007636367895343947,14,17.736842083303554,3.308932849482486,-1.0
0.01460192686257263,0.002055445204799374,27,0.25011962885037065,0.0007468675145409928,14,19.631578934820073,3.247216013356259,-1.0
0.010763060705115398,0.0028085701633244753,28,0.203784367069602,0.0007297252973710758,14,18.421052669223986,3.239003173426578,-1.0
0.014188981987535954,0.0029101742741962275,29,0.2566794119775295,0.0007122365700810271,14,19.894736848379438,3.2095858001708986,-1.0
0.014621944352984428,0.0030875157875319323,30,0.2658506450243294,0.0006944282990207196,14,19.89473677936353,3.1764900910226923,-1.0
0.014404191014667353,0.003552671583990256,31,0.26959569193422794,0.0006763279432533592,14,19.4210526190306,3.1810614179310046,-1.0
0.01463224096223712,0.0027376553664604825,32,0.2607958160806447,0.0006579634122155992,14,19.894736838968175,3.1336584849106637,-1.0
0.01440225715438525,0.0028467501824100813,33,0.25898784794844687,0.000639363022683212,14,20.63157895677968,3.1430532048877917,-1.0
0.014551198855042458,0.0028914344186584157,34,0.2619387679733336,0.0006205554551086735,14,21.31578950191799,3.0702050028349226,-1.0
0.01439633509144187,0.0027719554491341114,35,0.2577815819531679,0.0006015697093979838,14,21.210526303241128,3.0722623137423866,-1.0
0.014541973173618317,0.0035759939656903345,36,0.27202824503183365,0.0005824350601949146,14,23.21052628441861,3.034699179498773,-1.0
0.013234620246415337,0.0037509366249044735,37,0.25499861501157284,0.0005631810117416299,14,22.631578925408814,3.0543385846991287,-1.0
0.012435019357750814,0.002543281763792038,38,0.22484614420682192,0.0005438372523852835,14,23.526315789473685,3.0018818644473426,-1.0
0.012649867171421646,0.0028203692908088367,39,0.23222065693698823,0.0005244336088007391,14,23.000000031370867,2.972743868074919,-1.0
0.00972994618738691,0.0028724466140071553,40,0.18921918608248234,0.0005050000000000001,14,23.105263135935132,2.97894381221972,-1.0
0.009294960306336482,0.0024810310918837787,41,0.17676530918106437,0.0004855663911992613,14,25.15789476821297,2.8972706849951493,-1.0
0.012019765827183922,0.002311670035123825,42,0.2151281030382961,0.00046616274761471693,14,22.84210530394002,2.9254357895098235,-1.0
0.014286077270905176,0.00392565766038994,43,0.27338893292471766,0.00044681898825837057,14,23.684210557686654,2.935399397799843,-1.0
0.014419056552772721,0.0028189663930485646,44,0.2588275889866054,0.000427564939805086,14,25.578947346461447,2.864037574466906,-1.0
0.014577189398308595,0.0019816798623651264,45,0.24863885203376412,0.00040843029060201667,14,24.26315797002692,2.8736285370274595,-1.0
0.014532107720151543,0.002036531486858924,46,0.24880342790856957,0.000389444544891327,14,24.526315767514077,2.837432670091328,-1.0
0.012450467981398105,0.0026616021525114773,47,0.22689584293402731,0.0003706369773167883,14,25.842105263157894,2.8257249721727873,-1.0
0.009357946645468473,0.0029268933460116385,48,0.1844077119603753,0.0003520365877844012,14,27.210526265596087,2.8218438826109233,-1.0
0.010768719855695963,0.0021506823444118104,49,0.19392312108539045,0.0003336720567466412,14,26.263157872777235,2.7902534580230713,-1.0
0.014298526585722964,0.003544550280397137,50,0.2678565678652376,0.0003155717009792807,14,26.21052632833782,2.796014949397037,-1.0
0.014257214885825912,0.0035992381162941456,51,0.26810274785384536,0.00029776342991897335,14,28.1578947148825,2.7585176518088894,-1.0
0.0141754317873468,0.0019341594073921443,52,0.2419020941015333,0.00028027470262892445,14,27.157894674100373,2.738815466228284,-1.0
0.014368381211534142,0.003508557720730702,53,0.2684068421367556,0.0002631324854590073,14,26.05263159776989,2.744053797470896,-1.0
0.014363838421801726,0.0018774425766120355,54,0.24387210397981107,0.0002463632104656054,14,27.789473759500606,2.7254692860653527,-1.0
0.014431020400176445,0.002064368408173323,55,0.24768895003944635,0.0002299927346552969,14,27.684210538864136,2.729892964614065,-1.0
0.01413559797219932,0.0032151356960336366,56,0.2605171378236264,0.00021404630011522587,14,28.473684179155452,2.6974215166192304,-1.0
0.014387887219587963,0.0027441903948783875,57,0.2572326399385929,0.00019854849509163232,14,27.578947409203177,2.724226743296573,-1.0
0.014577589370310307,0.002743291622027755,58,0.2600744559895247,0.00018352321607655918,14,28.84210535099632,2.701295010918065,-1.0
0.014232236876462896,0.0029645629848043123,59,0.2582257480826229,0.00016899363096119395,14,27.736842117811506,2.712663896460282,-1.0
0.013854503724724054,0.0019136181411643822,60,0.23673706990666687,0.000154982143312659,14,28.421052688046505,2.6881377074592994,-1.0
0.014099477247024575,0.0030498942205061516,61,0.2574461898766458,0.0001415103578293356,14,30.21052632833782,2.6655999284041556,-1.0
0.01324126604013145,0.002016581765686472,62,0.22908236808143556,0.0001285990470279847,14,30.57894730567932,2.6395034022080273,-1.0
0.014749035270263751,0.0036710815969854594,63,0.27652759198099375,0.0001162681192140312,14,30.36842109655079,2.6432142769662956,-1.0
0.010589809933056435,0.003326095811401804,64,0.20895191398449242,0.00010453658778440107,14,31.684210601605866,2.601690271277177,-1.0
0.015136009361594916,0.003578448373203476,65,0.28093082597479224,9.342254191024022e-05,14,30.473684147784585,2.5993951842659397,-1.0
0.013156056466201941,0.002067118075986703,66,0.22859985497780144,8.294311864472437e-05,14,30.000000075290078,2.601135881323563,-1.0
0.014862225499625008,0.0030586358315000933,67,0.26904455688782036,7.311447649896551e-05,14,31.68421050749327,2.5897266051643775,-1.0
0.013497301361834009,0.0027250166361530623,68,0.24356304085813463,6.395177052675794e-05,14,30.68421056396083,2.611058735094572,-1.0
0.011085928122823437,0.002902142268915971,69,0.20997573784552515,5.546912895658472e-05,14,31.052631666785793,2.6020462558144017,-1.0
0.009885188331827522,0.0025509748607873916,70,0.18666206812486053,4.767963140691306e-05,14,30.05263162286658,2.619886403836702,-1.0
0.011915217277904351,0.0028677634584407014,71,0.2218993620481342,4.059528871837034e-05,14,32.052631516205636,2.577686384100663,-1.0
0.015038737763340275,0.0033866810922821363,72,0.2766091641969979,3.4227024433899e-05,14,32.578947349598536,2.572705915350663,-1.0
0.01282886479360362,0.002910314407199621,73,0.2363215279765427,2.8584657955444653e-05,14,29.36842110909914,2.584796495939556,-1.0
0.015270452589417498,0.0024944525367269913,74,0.26666723703965545,2.367688940315011e-05,14,31.947368389681767,2.5933344103160656,-1.0
0.014545585944627721,0.0026786128679911294,75,0.25858369283378124,1.951128620040094e-05,14,31.0,2.578615301533749,-1.0
0.01484071034938097,0.0020762891819079716,76,0.2539901449345052,1.6094271405406862e-05,14,31.84210529452876,2.5692116792578448,-1.0
0.010776718845590949,0.003345987154170871,77,0.2120135601144284,1.3431113807311488e-05,14,31.421052706869023,2.566130449395431,-1.0
0.014620891337593396,0.0029357386597742637,78,0.26354463095776737,1.1525919802101659e-05,14,31.052631528753984,2.5617063607667623,-1.0
0.012429268875469765,0.0019022477945933739,79,0.21520586893893778,1.0381627060842164e-05,14,31.31578948309547,2.588589058424297,-1.0
0.010680506440500418,0.0018600277602672578,80,0.1882760541047901,1e-05,14,30.68421050749327,2.572887571736386,-1.0
0.010685966175515205,0.012921609450131655,1,0.37784038786776364,0.000999618372939158,15,1.2500000059604646,5.034476566314697,-1.0
0.00910610107530374,0.0030137171706883237,2,0.1940263151191175,0.0009984740801978985,15,2.900000000745058,4.517537601470948,-1.0
0.008639531646622345,0.0036963782331440598,3,0.19749020203016698,0.0009965688861926887,15,2.4000000059604645,4.448539310455322,-1.0
0.009306288193329237,0.0024892112414818257,4,0.18883078498765826,0.0009939057285945933,15,4.8,4.345993404388428,-1.0
0.008495793474139646,0.002538313332479447,5,0.1766682229936123,0.0009904887137995992,15,4.700000005960464,4.291414787292481,-1.0
0.009506120579317212,0.002458938426570967,6,0.19154503010213375,0.00098632311059685,15,4.8,4.20407177734375,-1.0
0.010997739373124205,0.002721921249758452,7,0.2196349308360368,0.0009814153420445555,15,6.750000005960464,4.112980953216553,-1.0
0.011911642854101956,0.00256547583558131,8,0.2317884499207139,0.0009757729755661012,15,6.6,4.047529052734375,-1.0
0.01006884072558023,0.002432207082165405,9,0.2001546409446746,0.0009694047112816298,15,7.799999994039536,3.9831834716796877,-1.0
0.00954691125662066,0.002108072119881399,10,0.18658323888666928,0.0009623203685930871,15,8.500000011920928,3.911317565917969,-1.0
0.009657568312832154,0.0023256491258507594,11,0.19184441794641316,0.0009545308710434153,15,8.950000017881393,3.893584897994995,-1.0
0.009555905329762027,0.0028990384162170812,12,0.1993836669716984,0.0009460482294732422,15,10.0,3.8439213275909423,-1.0
0.010724724692408927,0.004067163376021199,13,0.23677751002833247,0.0009368855235010348,15,10.05,3.7811051330566405,-1.0
0.01143118079926353,0.002418514632154256,14,0.22172874701209366,0.0009270568813552758,15,10.9,3.7411122398376464,-1.0
0.014142854415695183,0.0036916446551913396,15,0.28556042700074613,0.0009165774580897602,15,10.600000017881394,3.71262353515625,-1.0
0.015526972638326697,0.0027741113590309396,16,0.2930786651559174,0.0009054634122155992,15,12.800000023841857,3.6533494243621827,-1.0
0.010394095239462331,0.002021825755946338,17,0.1988549951929599,0.0008937318807859689,15,13.4,3.6463880290985107,-1.0
0.009253588286810555,0.00253251833782997,18,0.18868189211934805,0.0008814009529720156,15,13.4,3.6183108539581297,-1.0
0.009410518134245649,0.0021169280662434176,19,0.18454684992320836,0.0008684896421706646,15,13.650000035762787,3.582511142730713,-1.0
0.00959283129486721,0.0019334475073264912,20,0.18452478805556893,0.0008550178566873412,15,14.64999998807907,3.5447752704620363,-1.0
0.011117212576209567,0.0023566769814351574,21,0.21571516199037433,0.0008410063690388064,15,14.800000011920929,3.5157049522399904,-1.0
0.013820822787238285,0.002890278527047485,22,0.26757807191461325,0.0008264767839234412,15,14.5,3.479687620162964,-1.0
0.012715597127680667,0.003881010867189616,23,0.26575384894385934,0.000811451504908368,15,15.599999994039536,3.4296730823516848,-1.0
0.012201966761494987,0.00406496885989327,24,0.26044358778744936,0.0007959536998847743,15,16.40000001192093,3.426436185836792,-1.0
0.009290325688198209,0.00267961437930353,25,0.19169386196881533,0.0007800072653447032,15,16.65000001192093,3.382780012130737,-1.0
0.008914092220948078,0.0025604022084735334,26,0.18371885013766587,0.0007636367895343947,15,16.84999998807907,3.398345470428467,-1.0
0.009229212897480465,0.0025253752974094823,27,0.18822195287793875,0.0007468675145409928,15,16.300000023841857,3.370366756439209,-1.0
0.00972376846766565,0.002400632220087573,28,0.19411175302229822,0.0007297252973710758,15,16.750000005960466,3.316603212356567,-1.0
0.011172518381499685,0.0018831593042705208,29,0.20901836408302188,0.0007122365700810271,15,16.95000002384186,3.329228395462036,-1.0
0.01017826094175689,0.0028978297486901283,30,0.20934023498557508,0.0006944282990207196,15,17.549999988079072,3.2760480499267577,-1.0
0.009801146734389476,0.002461922267684713,31,0.19633080600760877,0.0006763279432533592,15,18.550000035762785,3.253001605987549,-1.0
0.00933220646402333,0.003302997851278633,32,0.2022866541519761,0.0006579634122155992,15,18.650000035762787,3.2432930946350096,-1.0
0.008745409912080504,0.0025134096504189074,33,0.18026218400336802,0.000639363022683212,15,19.200000071525572,3.2214719352722168,-1.0
0.00843813389656134,0.003387734803254716,34,0.18934820988215506,0.0006205554551086735,15,18.84999998807907,3.2150072326660157,-1.0
0.009869825284113176,0.0024670616548974067,35,0.19751437800005078,0.0006015697093979838,15,20.49999998807907,3.1619972553253173,-1.0
0.011945324527914636,0.002913630843977444,36,0.23789714695885777,0.0005824350601949146,15,21.799999988079072,3.1431804485321044,-1.0
0.009565768486936577,0.0028138662019046023,37,0.19823350408114493,0.0005631810117416299,15,21.10000001192093,3.1198097801208498,-1.0
0.010470022723893635,0.00312057402334176,38,0.21759773092344403,0.0005438372523852835,15,20.950000035762788,3.1240282554626466,-1.0
0.011696742280037142,0.0017670734087005258,39,0.21558651910163462,0.0005244336088007391,15,19.700000011920928,3.146049404144287,-1.0
0.015309585782233626,0.00379674528085161,40,0.3059348869137466,0.0005050000000000001,15,22.15000002384186,3.0971442852020266,-1.0
0.014657439198344946,0.003292686174972914,41,0.2875337430741638,0.0004855663911992613,15,20.45,3.115225067138672,-1.0
0.013050203400780447,0.0034090683475369588,42,0.2635809949133545,0.00046616274761471693,15,21.59999998807907,3.0355028533935546,-1.0
0.015332844908698462,0.003068701334996149,43,0.29465865110978484,0.00044681898825837057,15,21.6,3.0550534648895264,-1.0
0.015501438159844838,0.002131337038008496,44,0.28244774602353573,0.000427564939805086,15,23.15000002384186,3.041914897918701,-1.0
0.015171519640716724,0.0028318003605818376,45,0.28838233300484717,0.00040843029060201667,15,22.15,3.0471640625,-1.0
0.014369690281455405,0.002739351271884516,46,0.2739820301067084,0.000389444544891327,15,21.500000023841856,3.038279582977295,-1.0
0.012363588641164824,0.002474395980243571,47,0.23760034190490842,0.0003706369773167883,15,21.85,2.993896348953247,-1.0
0.014706047208164819,0.002831603036611341,48,0.28083168691955507,0.0003520365877844012,15,23.650000035762787,2.951860017776489,-1.0
0.014785938619752415,0.0033138277067337185,49,0.2898698500357568,0.0003336720567466412,15,23.70000002384186,2.9401409282684328,-1.0
0.013962372264359146,0.002622911852085963,50,0.2656282209791243,0.0003155717009792807,15,24.350000035762786,2.963736265182495,-1.0
0.012189170156489126,0.003434061465668492,51,0.2501670189667493,0.00029776342991897335,15,24.3,2.947533905029297,-1.0
0.008787956045125611,0.0020293161360314116,52,0.17320164199918509,0.00028027470262892445,15,24.950000035762788,2.906706024169922,-1.0
0.011125862249173224,0.002663743754965253,53,0.220786684891209,0.0002631324854590073,15,24.40000002384186,2.919841236114502,-1.0
0.012488923282944597,0.0021876521495869383,54,0.23502417490817606,0.0002463632104656054,15,24.14999998807907,2.907327301025391,-1.0
0.009362292912555858,0.002225420394097455,55,0.18557581095956266,0.0002299927346552969,15,25.350000023841858,2.9114688987731934,-1.0
0.010676461912225932,0.001886746525997296,56,0.20113603095524013,0.00021404630011522587,15,25.699999976158143,2.911083070755005,-1.0
0.009324560058303177,0.002716862625675276,57,0.19279126496985555,0.00019854849509163232,15,25.40000001192093,2.8818016567230225,-1.0
0.009741527595906518,0.0025606405397411436,58,0.19695777399465442,0.00018352321607655918,15,25.050000035762785,2.8641912994384766,-1.0
0.008453547678072937,0.0025414242554688826,59,0.1760428159032017,0.00016899363096119395,15,25.450000035762788,2.8473680152893066,-1.0
0.009592304078978486,0.002977472235215828,60,0.2012412380427122,0.000154982143312659,15,25.15,2.846604856491089,-1.0
0.009832527008256875,0.001964668743312359,61,0.18888450507074594,0.0001415103578293356,15,24.800000023841857,2.8464420585632326,-1.0
0.009188637035549618,0.0030561350868083537,62,0.19604301499202847,0.0001285990470279847,15,26.7,2.8095403747558594,-1.0
0.009739279194036499,0.001716384504106827,63,0.18341705901548266,0.0001162681192140312,15,26.69999998807907,2.8108316898345946,-1.0
0.009949289917130955,0.0016358877182938159,64,0.1854876580182463,0.00010453658778440107,15,25.300000071525574,2.819198667526245,-1.0
0.008552316270652227,0.0017758841713657603,65,0.16540176211856306,9.342254191024022e-05,15,26.64999998807907,2.822051326751709,-1.0
0.008660182051244192,0.0025899519387166947,66,0.180132590001449,8.294311864472437e-05,15,26.35,2.800290189743042,-1.0
0.008942648288211785,0.0018314485787414014,67,0.17252193414606154,7.311447649896551e-05,15,27.550000071525574,2.792550172805786,-1.0
0.008566247022827156,0.001798796045477502,68,0.16597419907338917,6.395177052675794e-05,15,27.250000023841856,2.7597807598114015,-1.0
0.009184252543491311,0.002717518509598449,69,0.19054943812079728,5.546912895658472e-05,15,26.75,2.832108943939209,-1.0
0.009232038442860357,0.0027858508692588657,70,0.19240529695525765,4.767963140691306e-05,15,27.250000023841856,2.7689211559295654,-1.0
0.00908173511561472,0.002605736895930022,71,0.1871213549748063,4.059528871837034e-05,15,28.75,2.743305652618408,-1.0
0.011527997645316646,0.0019167882855981588,72,0.21526581910438836,3.4227024433899e-05,15,27.450000011920928,2.7470017223358156,-1.0
0.009112619882216677,0.001751530566252768,73,0.1739894209895283,2.8584657955444653e-05,15,27.800000071525574,2.773317964553833,-1.0
0.00886335333052557,0.0019256057275924832,74,0.1727431050967425,2.367688940315011e-05,15,27.54999997615814,2.766093402862549,-1.0
0.010757725278381258,0.0028773944068234414,75,0.21831499505788088,1.951128620040094e-05,15,27.550000071525574,2.7453440132141114,-1.0
0.010467149651958607,0.002881347099901177,76,0.21373301302082837,1.6094271405406862e-05,15,28.09999998807907,2.7659578437805177,-1.0
0.009109229053137824,0.002303591769305058,77,0.18272548308596015,1.3431113807311488e-05,15,27.650000071525575,2.7571367835998535,-1.0
0.00926314048410859,0.002907063128077425,78,0.19485836010426283,1.1525919802101659e-05,15,27.049999988079072,2.7541798286437986,-1.0
0.009157591164694168,0.0026939872186630964,79,0.18974651582539082,1.0381627060842164e-05,15,26.90000002384186,2.7578712615966796,-1.0
0.008795778267085552,0.0021984563500154763,80,0.17602697177790105,1e-05,15,26.54999997615814,2.7930510292053223,-1.0
0.011266661739415106,0.013410820844857133,1,0.4196438838262111,0.000999618372939158,16,1.0476190511669432,4.923670479910714,-1.0
0.013657715513973552,0.0023300616098020006,2,0.2719810230191797,0.0009984740801978985,16,3.5238095273574195,4.481591328212193,-1.0
0.010572410996674615,0.0027251831283245016,3,0.22621974092908204,0.0009965688861926887,16,4.047619051166943,4.364126444317046,-1.0
0.011481381624060519,0.0021979323150042225,4,0.23268229817040265,0.0009939057285945933,16,5.285714289262181,4.256612260909308,-1.0
0.013611073592020309,0.0037684021791552797,5,0.29567232890985906,0.0009904887137995992,16,6.428571430345376,4.145855656578427,-1.0
0.013739202472874346,0.0019843048169551525,6,0.2675386010669172,0.00098632311059685,16,7.904761911857696,4.077704379672096,-1.0
0.013656819581656772,0.002510449246448629,7,0.27513790084049106,0.0009814153420445555,16,7.952380955928848,4.029002510252453,-1.0
0.013529907829840393,0.0026631390484159485,8,0.2755237689707428,0.0009757729755661012,16,9.619047633239202,3.9204200385865713,-1.0
0.009874262230689912,0.0017671007115174742,9,0.19809219287708402,0.0009694047112816298,16,10.047619057553154,3.9034121531531922,-1.0
0.00975705194287002,0.002407016575007754,10,0.20689263986423612,0.0009623203685930871,16,9.71428571854319,3.85101655233474,-1.0
0.01008510118459954,0.0027916592217105277,11,0.2190082729794085,0.0009545308710434153,16,10.476190490382058,3.763613396599179,-1.0
0.009411403128658147,0.002399920759832158,12,0.20089585101231933,0.0009460482294732422,16,11.047619051876522,3.7471499225071496,-1.0
0.00870100112960619,0.002586830051287132,13,0.1925657680258155,0.0009368855235010348,16,12.04761906181063,3.691517767224993,-1.0
0.009563786730937222,0.0018451888086822104,14,0.194080526009202,0.0009270568813552758,16,12.57142858845847,3.6441772488185338,-1.0
0.008934494573622942,0.0017200660042683868,15,0.18125302786938846,0.0009165774580897602,16,12.761904773258028,3.61357622555324,-1.0
0.009114218574455556,0.0017021366066354163,16,0.18400301598012447,0.0009054634122155992,16,16.095238112267992,3.5384631901695616,-1.0
0.009587036199210322,0.001914504381334957,17,0.19566716090776026,0.0008937318807859689,16,15.666666680858249,3.5294491118476503,-1.0
0.009749165434828577,0.0020710376283044323,18,0.20106816897168756,0.0008814009529720156,16,15.714285719962348,3.470800081434704,-1.0
0.010875533786876238,0.0038437792100012302,19,0.2503682910464704,0.0008684896421706646,16,14.523809529486156,3.4918870022183373,-1.0
0.009931615649667732,0.0016140292316456052,20,0.1964261680841446,0.0008550178566873412,16,15.190476200410298,3.4516378370920817,-1.0
0.012243744191330145,0.003996379577609546,21,0.2762342819478363,0.0008410063690388064,16,17.571428611165,3.3928168909890313,-1.0
0.013093559222076745,0.0033680197152802173,22,0.280033100862056,0.0008264767839234412,16,18.095238109429676,3.3383312679472423,-1.0
0.014699902152642608,0.0020896644358906675,23,0.28562728804536164,0.000811451504908368,16,17.619047636077518,3.348002872467041,-1.0
0.014335942933993304,0.003167920252856086,24,0.2978057940490544,0.0007959536998847743,16,17.238095257963455,3.3413927909306116,-1.0
0.014606684980475727,0.0021135176614146024,25,0.28449300886131823,0.0007800072653447032,16,19.000000005676632,3.270442080724807,-1.0
0.012960695647908485,0.0017911955878576811,26,0.2510194459464401,0.0007636367895343947,16,19.571428582781838,3.292119983037313,-1.0
0.015044479398056865,0.0032826960223781712,27,0.3117915152106434,0.0007468675145409928,16,19.571428577105205,3.257095251991635,-1.0
0.014928342979949187,0.0024145650677382946,28,0.29510409804061055,0.0007297252973710758,16,19.0000000340598,3.2075430438632058,-1.0
0.015223665875108802,0.0030647856594227694,29,0.3111968960147351,0.0007122365700810271,16,19.809523826553708,3.165809149515061,-1.0
0.015702987500630757,0.0019387762637480216,30,0.3002715550828725,0.0006944282990207196,16,20.238095246610186,3.1582062780289424,-1.0
0.014434356187634608,0.0030349688056637257,31,0.2972427811473608,0.0006763279432533592,16,21.333333350363233,3.137677437918527,-1.0
0.010617232730831294,0.0022920929854187895,32,0.21966798999346793,0.0006579634122155992,16,21.666666660990035,3.110039016178676,-1.0
0.00984541662311291,0.002728782553116188,33,0.2139069428667426,0.000639363022683212,16,21.61904762756257,3.0942708356039863,-1.0
0.010518679929458919,0.0023528974201968487,34,0.21893807593733072,0.0006205554551086735,16,21.952380958057585,3.074336721329462,-1.0
0.01000874866183628,0.0018311827443540096,35,0.20141992601566017,0.0006015697093979838,16,21.666666666666668,3.059179671605428,-1.0
0.01248784686493523,0.0021589063107967377,36,0.24915134790353477,0.0005824350601949146,16,21.23809524377187,3.0750510960533504,-1.0
0.011918728308313909,0.0024964121608611416,37,0.2452464010566473,0.0005631810117416299,16,23.52380954367774,2.9980423859187533,-1.0
0.014993183027185938,0.00283192762392847,38,0.3032644670456648,0.0005438372523852835,16,24.476190487543743,2.975172101883661,-1.0
0.014336374821141362,0.00172009871012586,39,0.2732080009300262,0.0005244336088007391,16,23.047619064648945,2.991336045946394,-1.0
0.014713219818933046,0.0030578263514839553,40,0.3023709189146757,0.0005050000000000001,16,23.238095272155036,2.9818695917583646,-1.0
0.014660696992102791,0.004148946129990851,41,0.3200468171853572,0.0004855663911992613,16,24.285714348157246,2.914702192488171,-1.0
0.013838109300088356,0.0021267947056056824,42,0.27162642288021743,0.00046616274761471693,16,24.09523810659136,2.939829960777646,-1.0
0.008957842803176711,0.0025607769048827536,43,0.19595375005155802,0.00044681898825837057,16,23.85714286281949,2.922220939908709,-1.0
0.008878452648573062,0.003188288414522129,44,0.2052399949170649,0.000427564939805086,16,26.14285715988704,2.8321658166249595,-1.0
0.009216100936207701,0.0030624467112562235,45,0.2088366209063679,0.00040843029060201667,16,24.857142865657806,2.891758322488694,-1.0
0.011970657814184533,0.002695201608516714,46,0.24947326094843447,0.000389444544891327,16,25.95238094670432,2.8787420059385753,-1.0
0.01174413667553488,0.0020803811494261026,47,0.235184574034065,0.0003706369773167883,16,26.285714325450716,2.8334811564854214,-1.0
0.015355982324656318,0.0028249593725537554,48,0.3092714319936931,0.0003520365877844012,16,27.380952415012178,2.806463609877087,-1.0
0.011552105726235929,0.0024574556771446675,49,0.2384012509137392,0.0003336720567466412,16,27.238095272155036,2.815418208440145,-1.0
0.009576486902968848,0.002326497150694623,50,0.20249507599510252,0.0003155717009792807,16,27.380952386629012,2.789181357338315,-1.0
0.010766015210024574,0.0028671932078021415,51,0.23188895010389388,0.00029776342991897335,16,25.523809532324474,2.801383014406477,-1.0
0.01079604443272247,0.0024428924490862034,52,0.22519053891301155,0.00028027470262892445,16,27.952380992117384,2.7704363663991294,-1.0
0.010289173039114651,0.002169206793255666,53,0.2120371328201145,0.0002631324854590073,16,27.904761944498336,2.7347414025806245,-1.0
0.010289868490551324,0.0025045386351206724,54,0.2177514610812068,0.0002463632104656054,16,29.666666700726463,2.7239358093625023,-1.0
0.01078387807287714,0.0020106562741977326,55,0.21764152613468468,0.0002299927346552969,16,29.333333356039866,2.714877540043422,-1.0
0.014800998752060182,0.0028052706517936554,56,0.29951070598326623,0.00021404630011522587,16,28.428571462631226,2.7020617961883544,-1.0
0.01426829824991086,0.0031748180524172154,57,0.29681605100631714,0.00019854849509163232,16,28.00000000851495,2.7019767107282364,-1.0
0.009727879345197888,0.0033464421764673557,58,0.22246613982133567,0.00018352321607655918,16,29.714285742668878,2.6955161698659262,-1.0
0.009850835181115306,0.0018732898786444874,59,0.19943311112001538,0.00016899363096119395,16,28.619047647430783,2.656239099048433,-1.0
0.009965316159650683,0.0019108506659155384,60,0.20201902207918465,0.000154982143312659,16,27.9047619388217,2.675866250991821,-1.0
0.009748955079189995,0.002227835918721907,61,0.2037276099435985,0.0001415103578293356,16,28.190476218859356,2.6827683385213215,-1.0
0.012570173055043115,0.002803734243463944,62,0.2615120569244027,0.0001285990470279847,16,30.047619070325577,2.640872107006255,-1.0
0.014660782536820453,0.0031359879957402453,63,0.3027753948699683,0.0001162681192140312,16,30.666666666666668,2.648735513687134,-1.0
0.011630945934859268,0.002091307590222534,64,0.233510758029297,0.00010453658778440107,16,28.619047613370988,2.6803409808022636,-1.0
0.013525958926252583,0.00266754677902688,65,0.27548159495927393,9.342254191024022e-05,16,30.333333361716498,2.6423975890023366,-1.0
0.009833977776853478,0.0018948437509072177,66,0.19955634488724172,8.294311864472437e-05,16,30.761904784611293,2.6371977165767126,-1.0
0.00904701929539442,0.002147064996225869,67,0.19042038498446345,7.311447649896551e-05,16,29.476190515926906,2.5913803550175256,-1.0
0.010180090732105514,0.0017035290297559079,68,0.20214885706081986,6.395177052675794e-05,16,29.76190480164119,2.620921051388695,-1.0
0.009069392156294164,0.0020766166614039857,69,0.18961952487006783,5.546912895658472e-05,16,30.38095244339534,2.5867775040581114,-1.0
0.009317933157195939,0.0020271850174621623,70,0.19301067292690277,4.767963140691306e-05,16,31.19047619047619,2.5862254110972085,-1.0
0.009422261240508626,0.001880951170973918,71,0.1922781670000404,4.059528871837034e-05,16,29.190476241565886,2.625989641007923,-1.0
0.008909981643014094,0.0022048734621528316,72,0.18907681293785572,3.4227024433899e-05,16,32.52380958057585,2.5688010815211704,-1.0
0.010434740127119072,0.0020796324071638726,73,0.21287065092474222,2.8584657955444653e-05,16,30.71428572563898,2.5798725228082566,-1.0
0.010133454288520357,0.0017595436451408792,74,0.20231461501680315,2.367688940315011e-05,16,30.523809552192688,2.593050405411493,-1.0
0.014647857121684971,0.0034929745255366843,75,0.30858902004547417,1.951128620040094e-05,16,30.33333336739313,2.5745047723679315,-1.0
0.014721989850787556,0.0024065265623743042,76,0.29144017212092876,1.6094271405406862e-05,16,29.904761961528234,2.576607243674142,-1.0
0.012379200636025737,0.003168486894163139,77,0.2645284328609705,1.3431113807311488e-05,16,31.095238157681056,2.5961012767610097,-1.0
0.011624673819717239,0.0019909382989520535,78,0.23163515981286764,1.1525919802101659e-05,16,31.19047619047619,2.564166069939023,-1.0
0.014664292253334732,0.0019724642282680552,79,0.2830410951282829,1.0381627060842164e-05,16,30.523809540839423,2.5787364405677433,-1.0
0.014035944402327432,0.003020748537143364,80,0.2902171688620001,1e-05,16,30.952380980764115,2.5725182392483665,-1.0
0.010840563323452242,0.012254280452099111,1,0.41584409307688475,0.000999618372939158,17,1.6363636363636365,4.948504529432817,-1.0
0.009030422105246948,0.002517791788300706,2,0.207982782041654,0.0009984740801978985,17,3.727272729982029,4.485358884984796,-1.0
0.009431804918373624,0.0023561629673673045,3,0.212286617141217,0.0009965688861926887,17,4.045454548163847,4.374309749603271,-1.0
0.009497179973146154,0.0022689129691570997,4,0.21189260599203408,0.0009939057285945933,17,4.772727275436575,4.247438299005682,-1.0
0.00952965798529072,0.002077775179511971,5,0.20903485803864896,0.0009904887137995992,17,6.636363636363637,4.169194556149569,-1.0
0.009374621595876912,0.002418662007484171,6,0.21238678600639105,0.00098632311059685,17,6.909090911800211,4.099263581362638,-1.0
0.009376101351032654,0.0019558865395891997,7,0.20407912717200816,0.0009814153420445555,17,7.454545455900106,4.035588489879261,-1.0
0.012109361356124282,0.0025571629715462527,8,0.2641329700127244,0.0009757729755661012,17,8.909090909090908,3.9683742462504994,-1.0
0.01386975130945858,0.002015793463215232,9,0.286140956915915,0.0009694047112816298,17,9.590909093618393,3.915859598679976,-1.0
0.01392736983123339,0.001953425002284348,10,0.28609434608370066,0.0009623203685930871,17,10.090909092263741,3.870272991874001,-1.0
0.014238203901590573,0.001682221385029455,11,0.2868058409076184,0.0009545308710434153,17,9.636363641782241,3.841669479716908,-1.0
0.014338833085882166,0.0018512765721728404,12,0.2916913570370525,0.0009460482294732422,17,10.500000001354652,3.8079478853399102,-1.0
0.01419253620163848,0.0016958961366779273,13,0.28623179206624627,0.0009368855235010348,17,10.727272728627378,3.770721045407382,-1.0
0.01401357828742928,0.0017322060496856768,14,0.28366005094721913,0.0009270568813552758,17,11.136363636363637,3.7253375244140625,-1.0
0.014078978966507647,0.0017196200270619658,15,0.2846113860141486,0.0009165774580897602,17,11.863636364991015,3.6725959925218064,-1.0
0.013948680483736098,0.0018147017884378631,16,0.2839780270587653,0.0009054634122155992,17,12.954545454545455,3.680143986615268,-1.0
0.0139236116859441,0.00168296469685932,17,0.2811577748507261,0.0008937318807859689,17,11.909090919928117,3.64537164774808,-1.0
0.014170010936343007,0.0016909141171102722,18,0.28573308419436216,0.0008814009529720156,17,12.727272728627378,3.6120151589133522,-1.0
0.014661546343834035,0.0018723730980936023,19,0.2978587520774454,0.0008684896421706646,17,13.500000002709301,3.5530437686226586,-1.0
0.014092132086969085,0.0017190679726708266,20,0.2848457971122116,0.0008550178566873412,17,12.863636363636363,3.5501576657728715,-1.0
0.013807761224193705,0.0016890352643612358,21,0.2791792210191488,0.0008410063690388064,17,13.545454548163848,3.553806707208807,-1.0
0.014095857390202582,0.001879066720397936,22,0.28779263887554407,0.0008264767839234412,17,13.545454548163848,3.5443279474431817,-1.0
0.014071411996458968,0.0020494288894244367,23,0.2904126720968634,0.000811451504908368,17,13.5,3.4906441714546896,-1.0
0.014043181436136365,0.0018416917365458277,24,0.2861623780336231,0.0007959536998847743,17,15.318181823600423,3.441851973100142,-1.0
0.014007421805419855,0.002060488745984104,25,0.28947678091935813,0.0007800072653447032,17,15.454545457254756,3.460330865166404,-1.0
0.014126774583322307,0.001879569919159015,26,0.28837834601290524,0.0007636367895343947,17,15.545454556291753,3.394938549561934,-1.0
0.01406521053933021,0.0017710564554565484,27,0.2852982028853148,0.0007468675145409928,17,16.090909092263743,3.399543318314986,-1.0
0.013753823159883419,0.003101756291774412,28,0.30363949784077704,0.0007297252973710758,17,16.90909091992812,3.3860319380326707,-1.0
0.00977072280107273,0.0015963170444592834,29,0.20478442311286926,0.0007122365700810271,17,17.272727275436576,3.3575351637059994,-1.0
0.011630415075665547,0.0022720835404470563,30,0.25037825503386557,0.0006944282990207196,17,17.227272727272727,3.3338152512637054,-1.0
0.013787894251032008,0.001757269143126905,31,0.2800163950305432,0.0006763279432533592,17,17.363636374473572,3.3255614948272707,-1.0
0.01402366714965966,0.0017819128439037336,32,0.2847328179050237,0.0006579634122155992,17,16.50000000135465,3.3151204620708117,-1.0
0.0139264383016982,0.0020842465908370083,33,0.28843141603283584,0.000639363022683212,17,17.818181818181817,3.287984619140625,-1.0
0.012111963471397758,0.0022239369185020528,34,0.2582515540998429,0.0006205554551086735,17,17.727272732691333,3.2529720791903407,-1.0
0.013885356304753158,0.0017755180856006013,35,0.28209210303612053,0.0006015697093979838,17,17.772727272727273,3.2898656810413707,-1.0
0.014000949941368567,0.0016828076137850683,36,0.28254281799308956,0.0005824350601949146,17,19.363636363636363,3.2414330785924736,-1.0
0.01464756791635106,0.0017096553023697601,37,0.2946688949596137,0.0005631810117416299,17,18.045454556291755,3.2470819091796876,-1.0
0.01410705375019461,0.0022758935293596652,38,0.29516324610449374,0.0005438372523852835,17,18.5,3.2238958731564606,-1.0
0.008796693213904897,0.002496977284964588,39,0.20338980411179364,0.0005244336088007391,17,18.5909091017463,3.219876543391835,-1.0
0.00956774667267584,0.0016100447780142229,40,0.20130458194762468,0.0005050000000000001,17,19.181818181818183,3.180299683484164,-1.0
0.009331418253067467,0.0016470364191465909,41,0.19771494693122804,0.0004855663911992613,17,19.31818181953647,3.1620357157967307,-1.0
0.008552893711667921,0.0017828151790632142,42,0.18614677502773702,0.00046616274761471693,17,19.40909090909091,3.168955051248724,-1.0
0.008959269396857254,0.0017853256108032332,43,0.1935057840310037,0.00044681898825837057,17,19.95454546538266,3.1183280381289395,-1.0
0.00912789921534972,0.001630646124896076,44,0.19375428720377386,0.000427564939805086,17,18.95454545996406,3.121820471503518,-1.0
0.00902953424439248,0.0017496319875742,45,0.19412836688570678,0.00040843029060201667,17,20.22727272998203,3.118889299739491,-1.0
0.008804730178477863,0.00267528604146921,46,0.2067449491005391,0.000389444544891327,17,20.272727278145876,3.11230506290089,-1.0
0.009409274479063848,0.001853539854184621,47,0.20283238892443478,0.0003706369773167883,17,20.59090909090909,3.0911317175084894,-1.0
0.008914057799201045,0.003068457525740895,48,0.2157880300655961,0.0003520365877844012,17,21.36363638531078,3.064939631548795,-1.0
0.009415519372042682,0.0019435763436680038,49,0.2045682689640671,0.0003336720567466412,17,20.272727283564482,3.092722500887784,-1.0
0.009461692806022862,0.0016472600271097487,50,0.2000648060347885,0.0003155717009792807,17,22.0909091017463,3.0392472137104383,-1.0
0.008858575964243047,0.0017126538635541995,51,0.190382826840505,0.00029776342991897335,17,21.68181819265539,3.0431745355779474,-1.0
0.009566900333286159,0.0018829440620417397,52,0.2062024159822613,0.00028027470262892445,17,22.00000001083721,3.053244323730469,-1.0
0.009749532146896753,0.002258346687691907,53,0.21624365099705756,0.0002631324854590073,17,22.363636374473572,3.0116100805455988,-1.0
0.00970302767948144,0.002221775098910762,54,0.21474946406669915,0.0002463632104656054,17,23.36363636905497,2.9750178120353006,-1.0
0.008427657186985016,0.0020127990929823783,55,0.18803036492317915,0.0002299927346552969,17,22.454545454545453,2.9885958576202394,-1.0
0.009462934297819933,0.0023884669256707034,56,0.21342689404264092,0.00021404630011522587,17,23.090909112583507,2.9611912111802536,-1.0
0.010951029537763033,0.0016583249542034334,57,0.22710154997184873,0.00019854849509163232,17,24.136363647200845,2.9746662079204214,-1.0
0.011734972500966655,0.0017887010601245696,58,0.24359650001861155,0.00018352321607655918,17,22.50000001083721,2.966290337822654,-1.0
0.013890065524416665,0.0020172245308963787,59,0.2865286059677601,0.00016899363096119395,17,23.772727283564482,2.9411887706409803,-1.0
0.01472800764410446,0.001692178749686314,60,0.2958105949219316,0.000154982143312659,17,25.272727272727273,2.9232319233634256,-1.0
0.014410955766733322,0.001610849621809191,61,0.2886447838973254,0.0001415103578293356,17,23.363636374473572,2.9451089477539063,-1.0
0.013835491095152166,0.0018075215759583646,62,0.28181964601390064,0.0001285990470279847,17,23.818181829019025,2.92420765356584,-1.0
0.011097783830741214,0.002052706511070331,63,0.2368923700414598,0.0001162681192140312,17,23.636363647200845,2.910565337267789,-1.0
0.008727759911885692,0.0034158533154469398,64,0.21868928405456245,0.00010453658778440107,17,24.136363658038054,2.9257589851726187,-1.0
0.008827923111514084,0.0014723415564124782,65,0.18550831894390285,9.342254191024022e-05,17,25.00000001083721,2.917650145617398,-1.0
0.009201162740484707,0.0017536620402501689,66,0.1972885790746659,8.294311864472437e-05,17,24.636363636363637,2.891387564052235,-1.0
0.009483453791795505,0.0014305493225240046,67,0.19655597186647356,7.311447649896551e-05,17,25.681818181818183,2.8847690920396283,-1.0
0.0085990228690207,0.001931614578805036,68,0.18965297611430287,6.395177052675794e-05,17,24.136363636363637,2.8779634649103336,-1.0
0.008595825276441045,0.0022709398892604643,69,0.19570450694300234,5.546912895658472e-05,17,24.863636363636363,2.8833336570046164,-1.0
0.0085621258088698,0.001908624079078436,70,0.18857403891161084,4.767963140691306e-05,17,24.772727283564482,2.8816859297318893,-1.0
0.009033526772529714,0.002884145890776482,71,0.21462199394591153,4.059528871837034e-05,17,25.181818187236786,2.839697334983132,-1.0
0.008844358471429182,0.0020436624116781685,72,0.19608925306238234,3.4227024433899e-05,17,25.54545455087315,2.8795237307115036,-1.0
0.008861523561386598,0.0020239495982726416,73,0.19604211184196174,2.8584657955444653e-05,17,25.727272738109935,2.8671127050573175,-1.0
0.009737152554508712,0.0019151532841432425,74,0.20984701300039887,2.367688940315011e-05,17,25.363636363636363,2.884302297938954,-1.0
0.009583989986115031,0.001604368392792013,75,0.20152587397024035,1.951128620040094e-05,17,25.818181823600423,2.8583798356489702,-1.0
0.009541464568529692,0.0021262471564114094,76,0.21012386796064675,1.6094271405406862e-05,17,25.363636374473572,2.8480002932115034,-1.0
0.008828219841234386,0.0022231878764513466,77,0.19905240996740758,1.3431113807311488e-05,17,25.90909091992812,2.8565797849134964,-1.0
0.009338628047973745,0.0015542072295728656,78,0.19617590284906328,1.1525919802101659e-05,17,25.81818182089112,2.868155102296309,-1.0
0.008571514187173711,0.0015378513037123615,79,0.18207406578585505,1.0381627060842164e-05,17,25.86363636905497,2.846149762760509,-1.0
0.008693378586839471,0.0017198546815456615,80,0.1875429160427302,1e-05,17,25.318181823600423,2.8658154305544765,-1.0
0.010966747624075247,0.012730717374425795,1,0.42668532603420317,0.000999618372939158,18,1.5652173874170885,5.1081464435743245,-1.0
0.00877967688979374,0.0015820826584887174,2,0.1866323729045689,0.0009984740801978985,18,2.608695649582407,4.5161281461301055,-1.0
0.00942314060456637,0.0018168000064583288,3,0.20242902589961886,0.0009965688861926887,18,3.4347826061041458,4.389908701025921,-1.0
0.0113137176570793,0.0016665082916410433,4,0.2337794101331383,0.0009939057285945933,18,4.999999993521234,4.3140988092837125,-1.0
0.013851526193320751,0.0018568610280959143,5,0.28294836496934295,0.0009904887137995992,18,5.304347814425178,4.213955938919731,-1.0
0.010621375546583699,0.0018527386710047722,6,0.22471087099984288,0.00098632311059685,18,5.73913042312083,4.159337960118833,-1.0
0.009627978563205235,0.0020581273258560235,7,0.21046212501823902,0.0009814153420445555,18,6.347826071407484,4.115195737921673,-1.0
0.00959105211465309,0.0019369548212529884,8,0.2076079398393631,0.0009757729755661012,18,7.608695640512135,4.002599573550017,-1.0
0.010119462088267837,0.001757620355217821,9,0.21389964106492698,0.0009694047112816298,18,7.695652160955512,3.953684239594833,-1.0
0.010458197289456924,0.0022615875479661757,10,0.22906643291935325,0.0009623203685930871,18,8.95652172876441,3.89710895496866,-1.0
0.008877783082425594,0.0018577906432458097,11,0.19334334088489413,0.0009545308710434153,18,9.086956508781599,3.848392737430075,-1.0
0.010237087418014804,0.0017470185929495427,12,0.21582585689611733,0.0009460482294732422,18,9.8260869409727,3.7900335112861967,-1.0
0.010001988525295423,0.001796500097649793,13,0.21247747191227973,0.0009368855235010348,18,10.30434781053792,3.791513270917146,-1.0
0.009691240498796105,0.0021458242812918294,14,0.2131681467872113,0.0009270568813552758,18,10.043478244024774,3.731933410893316,-1.0
0.01048210020073586,0.00205819147069835,15,0.22584898490458727,0.0009165774580897602,18,11.608695639216382,3.696933488431184,-1.0
0.01027122070081532,0.0018934017926868466,16,0.2190820318646729,0.0009054634122155992,18,11.478260843650155,3.696243257522583,-1.0
0.01256146679063224,0.0017368211540290052,17,0.2575244950130582,0.0008937318807859689,18,12.565217365389286,3.6225209099313487,-1.0
0.015092609023364881,0.0017652493616979984,18,0.30367725412361324,0.0008814009529720156,18,12.913043493809907,3.6115128948377526,-1.0
0.01303159289010283,0.0019929197280564243,19,0.2706815768033266,0.0008684896421706646,18,13.695652145406473,3.555146831014882,-1.0
0.011405383327251507,0.00197408823037727,20,0.2409896261524409,0.0008550178566873412,18,14.043478234954502,3.546108396364295,-1.0
0.011986029593067037,0.002029298507194552,21,0.2524356849025935,0.0008410063690388064,18,14.130434756693633,3.5277284286333166,-1.0
0.009544262610789802,0.002008709500336813,22,0.20811042306013405,0.0008264767839234412,18,14.173913014971692,3.4902748112056567,-1.0
0.010153802564471133,0.0018346199326010214,23,0.215924012940377,0.000811451504908368,18,14.73913040627604,3.468849920189899,-1.0
0.009722708737374179,0.001750836705064608,24,0.2066600820980966,0.0007959536998847743,18,15.434782546499502,3.4338471574368685,-1.0
0.012049982492398057,0.001797347963373694,25,0.24940889212302864,0.0007800072653447032,18,15.347826063632965,3.451250580912051,-1.0
0.012382084620185196,0.0019749418263220126,26,0.2586114229634404,0.0007636367895343947,18,15.130434761876645,3.425791492876799,-1.0
0.012174874117287496,0.002010388493848344,27,0.2555053220130503,0.0007468675145409928,18,16.434782580189083,3.3835307519332223,-1.0
0.011839589634392824,0.00191082791166587,28,0.24767475598491728,0.0007297252973710758,18,15.739130408867545,3.3921022158083707,-1.0
0.014461876397641996,0.002198691544536915,29,0.30008912086486816,0.0007122365700810271,18,15.304347841635995,3.3805985110739005,-1.0
0.012438777821241982,0.0017069332793148027,30,0.2548529040068388,0.0006944282990207196,18,16.21739128620728,3.337509475376295,-1.0
0.014628616019359065,0.0017609478155564931,31,0.29520158283412457,0.0006763279432533592,18,15.999999932620836,3.301209606502367,-1.0
0.013760880864639249,0.0021854409197759298,32,0.28722606017254293,0.0006579634122155992,18,17.913043452345807,3.2780946992791216,-1.0
0.013950273433389762,0.0021520491767053804,33,0.2900333038996905,0.000639363022683212,18,16.956521671751272,3.2695093076125437,-1.0
0.012077830822413994,0.0017680591877756848,34,0.2494263187982142,0.0006205554551086735,18,17.999999932620835,3.2715096498572307,-1.0
0.014307105512772169,0.0020945013707710635,35,0.29543275898322463,0.0006015697093979838,18,18.826086972070776,3.2352183640521504,-1.0
0.012086858507245779,0.0020578182690466442,36,0.254763521021232,0.0005824350601949146,18,18.30434775352478,3.2448221608866814,-1.0
0.011975384071572788,0.0016321506506452959,37,0.24509308114647865,0.0005631810117416299,18,19.347826055858445,3.1928708735756253,-1.0
0.014053898074457215,0.0016656885854899883,38,0.28314476809464395,0.0005438372523852835,18,19.08695649323256,3.2140256139506462,-1.0
0.014806621863196293,0.0017661824693075484,39,0.2985408629756421,0.0005244336088007391,18,18.608695579611737,3.1939599455957826,-1.0
0.015092393732629716,0.0018083543723656072,40,0.304494357900694,0.0005050000000000001,18,18.913043405698694,3.181798615662948,-1.0
0.014207507638881603,0.0020567279102073777,41,0.2930198449175805,0.0004855663911992613,18,19.04347822199697,3.129490696036297,-1.0
0.00989060896810972,0.0018986936969061692,42,0.21240761782974005,0.00046616274761471693,18,19.608695574428726,3.158174660309501,-1.0
0.01031058333400223,0.0017447693325165245,43,0.21712387911975384,0.00044681898825837057,18,20.43478256723155,3.081462984499724,-1.0
0.010336596195379065,0.0018652964693804581,44,0.21976857003755867,0.000427564939805086,18,20.17391300719717,3.0843550412551215,-1.0
0.008723612124514248,0.0019496883291544186,45,0.19224384403787553,0.00040843029060201667,18,21.565217349840246,3.0651169329104215,-1.0
0.010163186066266563,0.0014775302131763762,46,0.20965733984485269,0.000389444544891327,18,19.260869492655214,3.081890983581543,-1.0
0.011735781432232924,0.0019777758926567105,47,0.2470018791500479,0.0003706369773167883,18,22.21739123178565,3.0238678948775584,-1.0
0.014295858628530469,0.001686638984311786,48,0.2878924480173737,0.0003520365877844012,18,21.826086917649146,3.044181022644043,-1.0
0.01118495270040714,0.0017766926385876206,49,0.23351131798699498,0.0003336720567466412,18,22.260869534119315,2.9963557193590247,-1.0
0.011281808618352644,0.001748638111166656,50,0.23465639213100076,0.0003155717009792807,18,23.39130431672801,2.982786098977794,-1.0
0.011769150771821538,0.001753917998737759,51,0.24358212784864008,0.00029776342991897335,18,21.56521735502326,2.9740037528328274,-1.0
0.011867264544384347,0.0016309436695236298,52,0.2431374618317932,0.00028027470262892445,18,22.434782580189083,2.9788675196274466,-1.0
0.011821102958896922,0.0016127032641735342,53,0.2419787070248276,0.0002631324854590073,18,23.565217391304348,2.9752408176919687,-1.0
0.010099597508087754,0.00176003264884154,54,0.2136119408532977,0.0002463632104656054,18,23.739130351854406,2.9373143075860066,-1.0
0.011797371993048323,0.001768098070493175,55,0.24431374319829047,0.0002299927346552969,18,23.08695648027503,2.9357550596154254,-1.0
0.0117049502959061,0.0015666992015515764,56,0.2390627209097147,0.00021404630011522587,18,23.73913043478261,2.9042213638969088,-1.0
0.011675759723099569,0.0017514504983814226,57,0.24182889284566045,0.00019854849509163232,18,23.695652173913043,2.88753977070684,-1.0
0.011298197670839727,0.001984206274048322,58,0.23923206399194896,0.00018352321607655918,18,23.521739135617796,2.9072916603088377,-1.0
0.013952126079756353,0.0021319680898967716,59,0.289716939907521,0.00016899363096119395,18,23.739130351854406,2.87376453731371,-1.0
0.014263312810928457,0.0020239533623680472,60,0.2934049819596112,0.000154982143312659,18,24.826086917649146,2.8979331538988196,-1.0
0.014772778325196769,0.0016287245089188218,61,0.2954733290243894,0.0001415103578293356,18,23.78260862309,2.86512910635575,-1.0
0.01441414759028703,0.0016142816231068638,62,0.28875744296237826,0.0001285990470279847,18,24.521739135617796,2.870187788838926,-1.0
0.014329546984905997,0.0017802779588641392,63,0.29024336813017726,0.0001162681192140312,18,26.478260822918106,2.811789220312367,-1.0
0.014714591826001803,0.002185251111061209,64,0.30450324108824134,0.00010453658778440107,18,24.95652165101922,2.8631341577612837,-1.0
0.014499960803530283,0.0019522752069557707,65,0.29638500488363206,9.342254191024022e-05,18,25.086956469909005,2.83713095250337,-1.0
0.013229618896730244,0.0018900978870482908,66,0.27236664993688464,8.294311864472437e-05,18,25.217391268066738,2.849540653643401,-1.0
0.013751404075365927,0.0017964755340168874,67,0.2800343711860478,7.311447649896551e-05,18,26.739130351854406,2.792382810012154,-1.0
0.010723639240798851,0.001601479093854626,68,0.22201664582826197,6.395177052675794e-05,18,24.521739047506582,2.8659923325414245,-1.0
0.009752210126154952,0.0024883949275438986,69,0.22048240900039673,5.546912895658472e-05,18,25.782608659371085,2.8151736433609673,-1.0
0.010666223048853377,0.0018836891071663962,70,0.2260547319892794,4.767963140691306e-05,18,26.391304342643075,2.7995698145161505,-1.0
0.010142142780952983,0.00166371855367389,71,0.21263960492797196,4.059528871837034e-05,18,27.217391179955523,2.837893479803334,-1.0
0.010714159010806017,0.0017454507113951775,72,0.2244004150852561,3.4227024433899e-05,18,25.869565181110215,2.840763918005902,-1.0
0.010096306977276173,0.0018838286373971237,73,0.21577147394418716,2.8584657955444653e-05,18,24.695652039154716,2.8323509800952413,-1.0
0.010775779477424093,0.0015982932462874386,74,0.22286240314133465,2.367688940315011e-05,18,24.826086832129437,2.813751168043717,-1.0
0.010348461594225632,0.0018887734687369731,75,0.22039741091430187,1.951128620040094e-05,18,25.65217387157938,2.790497298447982,-1.0
0.00975748472329643,0.0019162187171686026,76,0.2102539730258286,1.6094271405406862e-05,18,25.78260869046916,2.8145806076215663,-1.0
0.009429000615556207,0.002971992996107373,77,0.22334367199800909,1.3431113807311488e-05,18,26.6086956055268,2.784201599204022,-1.0
0.009687201210504605,0.0025124703533947468,78,0.2196981639135629,1.1525919802101659e-05,18,27.391304223433785,2.798257936394733,-1.0
0.00890285789500922,0.0028787365493675074,79,0.2121731759980321,1.0381627060842164e-05,18,25.782608612723973,2.803548008877298,-1.0
0.00970620854705986,0.0016551616782736448,80,0.20463411696255207,1e-05,18,26.34782599884531,2.7672199784154476,-1.0
0.010985166790257943,0.012052966624890504,1,0.43786800000816584,0.000999618372939158,19,2.125000019868215,4.943345540364583,-1.0
0.009872700136743094,0.002093174286480797,2,0.22746789804659784,0.0009984740801978985,19,3.7083333333333335,4.455205485026042,-1.0
0.009621039363800696,0.0019113649001443072,3,0.21922531514428556,0.0009965688861926887,19,3.875000004967054,4.336974900563558,-1.0
0.009876332723682648,0.001693555595059144,4,0.21994352084584534,0.0009939057285945933,19,5.29166667163372,4.237026767730713,-1.0
0.010966091098165825,0.0015140102171388112,5,0.23727686586789787,0.0009904887137995992,19,6.750000004967053,4.1219346173604325,-1.0
0.013652513624708118,0.0015737070015778667,6,0.2895366589073092,0.00098632311059685,19,7.208333338300387,4.068758945465088,-1.0
0.013297037135711625,0.0017345404423969356,7,0.28589071007445455,0.0009814153420445555,19,7.375000019868215,4.012030792236328,-1.0
0.01371332161177538,0.0026148886076713864,8,0.3105238762218505,0.0009757729755661012,19,7.916666676600774,3.9676137256622312,-1.0
0.009459174642535416,0.0022870577798274005,9,0.223425786010921,0.0009694047112816298,19,9.166666686534882,3.900421651204427,-1.0
0.009750134470921597,0.00207562173569673,10,0.22481902199797332,0.0009623203685930871,19,10.166666666666666,3.834155480066935,-1.0
0.009893937232462983,0.0018315625033880536,11,0.22288990393280983,0.0009545308710434153,19,10.833333333333334,3.826630245844523,-1.0
0.009642163793997545,0.0020459384142764306,12,0.22219309001229703,0.0009460482294732422,19,10.041666666666666,3.7830329863230387,-1.0
0.009442765780381467,0.0022898177542772734,13,0.22302711894735694,0.0009368855235010348,19,11.583333333333334,3.7285443623860677,-1.0
0.00951832378479211,0.002516086421612846,14,0.22877189121209085,0.0009270568813552758,19,11.75,3.701228771209717,-1.0
0.011079618351926146,0.0022348728594615273,15,0.2531076909508556,0.0009165774580897602,19,10.625000009934107,3.7207855860392254,-1.0
0.009244889008665555,0.0017449417837748402,16,0.20894756680354476,0.0009054634122155992,19,11.875,3.6559505303700766,-1.0
0.010982077593277944,0.0019352119906168234,17,0.24555971915833652,0.0008937318807859689,19,13.0,3.5980603567759197,-1.0
0.010153821681773192,0.001774495957713378,18,0.22681109514087439,0.0008814009529720156,19,11.875000009934107,3.626477155685425,-1.0
0.009731375281453916,0.0021173147190558282,19,0.22525158990174532,0.0008684896421706646,19,13.458333353201548,3.5439263153076173,-1.0
0.008787178495702775,0.0016838354548733485,20,0.1990884030237794,0.0008550178566873412,19,13.416666666666666,3.535102424621582,-1.0
0.011937829224686874,0.001977655080784308,21,0.26454827189445496,0.0008410063690388064,19,14.333333333333334,3.4812467956542967,-1.0
0.014760630364578805,0.0020998785345766103,22,0.3205778601113707,0.0008264767839234412,19,14.083333353201548,3.4840524578094483,-1.0
0.01101051144743044,0.0018446403923199366,23,0.24443481513299048,0.000811451504908368,19,14.5,3.4553840414683026,-1.0
0.009388117695619402,0.0014261602007440831,24,0.20558509090915322,0.0007959536998847743,19,15.33333334326744,3.4182123597462972,-1.0
0.009467627681595715,0.0016630308972181457,25,0.2115887119434774,0.0007800072653447032,19,16.583333333333332,3.3904561614990234,-1.0
0.009290291621398768,0.001444318013167695,26,0.2040599868632853,0.0007636367895343947,19,16.08333334326744,3.347145764033,-1.0
0.008809363150871113,0.0014229523214070422,27,0.19451883202418685,0.0007468675145409928,19,17.833333333333332,3.3461424986521404,-1.0
0.008232080120299207,0.001552097928269129,28,0.18600352900102735,0.0007297252973710758,19,16.58333335320155,3.293375155131022,-1.0
0.00853366193998801,0.0015790449504397418,29,0.19224495603702962,0.0007122365700810271,19,17.29166668653488,3.30142658551534,-1.0
0.00986384584470407,0.0015938450018630217,30,0.21782623091712594,0.0006944282990207196,19,16.416666706403095,3.285422197977702,-1.0
0.009963020277944835,0.0015713047775390901,31,0.21928353211842477,0.0006763279432533592,19,16.625,3.3057238165537517,-1.0
0.012303564182825778,0.001623573345377257,32,0.2647803700529039,0.0006579634122155992,19,17.583333333333332,3.2451242287953694,-1.0
0.011855211770652156,0.0016769674900723132,33,0.2572729280218482,0.000639363022683212,19,18.75000003973643,3.2439613723754883,-1.0
0.014883534786732574,0.0028991296299194034,34,0.33806769899092615,0.0006205554551086735,19,19.25,3.2126406764984132,-1.0
0.01327246711834481,0.0015675857736680069,35,0.28220081399194896,0.0006015697093979838,19,19.666666666666668,3.1848414961496987,-1.0
0.014985323650762439,0.0017762349820450733,36,0.31869243807159364,0.0005824350601949146,19,19.333333373069763,3.1880696455637616,-1.0
0.012198480029933546,0.0019877966076723838,37,0.26976944995112717,0.0005631810117416299,19,20.291666706403095,3.145943250656128,-1.0
0.014404762634321264,0.0017015605699270964,38,0.30624294513836503,0.0005438372523852835,19,19.666666706403095,3.155602445602417,-1.0
0.010734922840799155,0.0016678811148985436,39,0.23585656005889177,0.0005244336088007391,19,20.791666746139526,3.1423480224609377,-1.0
0.010148594327467052,0.0018691092508992082,40,0.22846780600957572,0.0005050000000000001,19,21.20833335320155,3.097699066797892,-1.0
0.010077279171367226,0.0017700514658109138,41,0.22522808518260717,0.0004855663911992613,19,20.916666666666668,3.112255277633667,-1.0
0.009935429675112429,0.0016572864873236732,42,0.2204001049976796,0.00046616274761471693,19,20.25000003973643,3.0995371754964194,-1.0
0.009908757821999882,0.00180932818176715,43,0.22277370910160244,0.00044681898825837057,19,20.666666666666668,3.0642771530151367,-1.0
0.009852294136132849,0.0014230969214909955,44,0.21436243411153555,0.000427564939805086,19,21.625,3.0700771109263103,-1.0
0.011941136142827179,0.0018502012213790103,45,0.26221307599917054,0.00040843029060201667,19,21.29166668653488,3.051229934692383,-1.0
0.010006505738649713,0.0018314181606432325,46,0.22508536116220057,0.000389444544891327,19,23.083333333333332,3.022143627802531,-1.0
0.009790117509270968,0.0015266607515513897,47,0.21514458605088294,0.0003706369773167883,19,21.83333335320155,3.0536041418711344,-1.0
0.011606707200898151,0.0017245949466565722,48,0.2534652459435165,0.0003520365877844012,19,23.833333333333332,2.972777674992879,-1.0
0.009722262265552816,0.0015090976253544029,49,0.213550569023937,0.0003336720567466412,19,23.41666668653488,2.982676378885905,-1.0
0.009327275960363056,0.0016548163992793935,50,0.20876264898106456,0.0003155717009792807,19,22.375,2.9939477157592775,-1.0
0.009626772438519095,0.001602473190838569,51,0.21346089500002563,0.00029776342991897335,19,23.75,2.9701339117685954,-1.0
0.009563625116195334,0.001803487453511671,52,0.21607972611673176,0.00028027470262892445,19,25.083333333333332,2.9152494462331138,-1.0
0.009836615872030196,0.0016370056515657588,53,0.21810098201967776,0.0002631324854590073,19,24.041666706403095,2.9488418960571288,-1.0
0.009853009636955042,0.0014347193615609093,54,0.2145977159962058,0.0002463632104656054,19,23.583333333333332,2.9220290279388426,-1.0
0.011512972512527517,0.0016946465904383284,55,0.2510980919469148,0.0002299927346552969,19,24.166666666666668,2.9065244579315186,-1.0
0.010979330461276205,0.0015620862771021692,56,0.23847741400822997,0.00021404630011522587,19,23.75000007947286,2.9271353022257487,-1.0
0.009066845094294925,0.0025221855428658032,57,0.2203528240788728,0.00019854849509163232,19,24.75000003973643,2.9058657550811766,-1.0
0.009674626120709275,0.0019448923535252873,58,0.2208966889884323,0.00018352321607655918,19,25.541666666666668,2.8725678157806396,-1.0
0.010051719758561567,0.0014805063531783066,59,0.21925085317343473,0.00016899363096119395,19,25.25,2.8617704423268635,-1.0
0.011687357873214703,0.001681388760181634,60,0.2541611990891397,0.000154982143312659,19,24.91666668653488,2.841886199315389,-1.0
0.014515793637225502,0.0019324942565474071,61,0.3127494170330465,0.0001415103578293356,19,23.833333373069763,2.9097137196858722,-1.0
0.01460265487089361,0.0025892454983764573,62,0.32693985709920526,0.0001285990470279847,19,26.625000019868214,2.833754234313965,-1.0
0.014516369954339768,0.0018015375213795586,63,0.31030379608273506,0.0001162681192140312,19,25.25,2.8549047342936196,-1.0
0.009936845591781955,0.0023594994073439586,64,0.23383537190966308,0.00010453658778440107,19,24.87500007947286,2.8466874027252196,-1.0
0.009658313282814465,0.0017114395496288413,65,0.2161311220843345,9.342254191024022e-05,19,26.041666706403095,2.804949967066447,-1.0
0.011098891410878614,0.001485797012911031,66,0.23924324102699757,8.294311864472437e-05,19,25.791666746139526,2.83788995107015,-1.0
0.011125923452996895,0.0015081193935322134,67,0.24021802004426718,7.311447649896551e-05,19,25.791666706403095,2.817023509343465,-1.0
0.011746817268431187,0.0016735808825806568,68,0.2551601140294224,6.395177052675794e-05,19,26.875000019868214,2.8025269953409833,-1.0
0.014116928079410604,0.001820159132445329,69,0.30301464116200805,5.546912895658472e-05,19,25.75000003973643,2.824965731302897,-1.0
0.013762492257611532,0.0016430263701630267,70,0.292948188027367,4.767963140691306e-05,19,26.0,2.793172000249227,-1.0
0.01368105689700889,0.0017064573659904693,71,0.29260434303432703,4.059528871837034e-05,19,26.37500007947286,2.8135129324595134,-1.0
0.01373885078110585,0.00169136426656654,72,0.29341637901961803,3.4227024433899e-05,19,27.625,2.780388123194377,-1.0
0.011900187151408509,0.0018248108436206454,73,0.2609811909496784,2.8584657955444653e-05,19,28.37500007947286,2.7708530966440836,-1.0
0.009775249949215274,0.0018277315815028391,74,0.2206020369194448,2.367688940315011e-05,19,25.50000007947286,2.79127459526062,-1.0
0.0143441552002179,0.003044162962683722,75,0.3305534180253744,1.951128620040094e-05,19,27.50000003973643,2.7997190888722736,-1.0
0.012204199845559503,0.0021143131521775536,76,0.27226593787781894,1.6094271405406862e-05,19,27.916666746139526,2.777652775446574,-1.0
0.009400812994786784,0.0030524723697453737,77,0.23676948598586023,1.3431113807311488e-05,19,27.416666706403095,2.7806318283081053,-1.0
0.00901502118396916,0.002316339970811417,78,0.2153998170979321,1.1525919802101659e-05,19,27.375,2.742533769607544,-1.0
0.009041356400733716,0.0020006324875315555,79,0.20990258594974875,1.0381627060842164e-05,19,27.37500003973643,2.7868869272867838,-1.0
0.009067462303822762,0.002015138437089167,80,0.21067390101961792,1e-05,19,27.708333373069763,2.758628018697103,-1.0
0.00953720232937485,0.011128130275756121,1,0.413452590117231,0.000999618372939158,20,1.7200000002980231,5.094836911010742,-1.0
0.008377660356927663,0.001457303890492767,2,0.19680870999582112,0.0009984740801978985,20,2.7600000029802323,4.499377339172363,-1.0
0.008937707368750126,0.0013825796311721205,3,0.20651033613830805,0.0009965688861926887,20,4.440000001192093,4.3962013702392575,-1.0
0.008509118005167692,0.0015694990986958146,4,0.2016868139617145,0.0009939057285945933,20,5.120000000596047,4.291852884674072,-1.0
0.008310742361936718,0.001328794239088893,5,0.19289555004797876,0.0009904887137995992,20,6.520000003576278,4.197536721038818,-1.0
0.008539644675329328,0.001607616222463548,6,0.2030547820031643,0.00098632311059685,20,6.400000003576278,4.1125081970214845,-1.0
0.00862677008844912,0.0017964871134608985,7,0.20856739697046578,0.0009814153420445555,20,7.560000002980233,4.0618029327392575,-1.0
0.008656749548390508,0.0014337128028273582,8,0.20192131493240595,0.0009757729755661012,20,7.240000001192093,3.9972028327941893,-1.0
0.008534787071403116,0.0018071578233502805,9,0.2069427529349923,0.0009694047112816298,20,8.000000003576279,3.965352346420288,-1.0
0.009013555257115512,0.0018979379441589118,10,0.21833433117717505,0.0009623203685930871,20,9.64000000357628,3.8852150451660155,-1.0
0.009534567093942315,0.0014132901560515165,11,0.21906113089062274,0.0009545308710434153,20,9.520000005960464,3.845603513717651,-1.0
0.009205837617628276,0.001596077042631805,12,0.2161446730606258,0.0009460482294732422,20,10.760000001192093,3.839528514099121,-1.0
0.009029558335896581,0.001671363622881472,13,0.21412080200389028,0.0009368855235010348,20,9.52000000834465,3.7872871559143064,-1.0
0.00926824372727424,0.001831177924759686,14,0.22209322988055646,0.0009270568813552758,20,9.320000001192092,3.7580587882995604,-1.0
0.00900768234860152,0.0016738220467232168,15,0.2137370880227536,0.0009165774580897602,20,11.440000019073487,3.706510646057129,-1.0
0.008939900400582701,0.0015725578414276242,16,0.2103580581024289,0.0009054634122155992,20,12.000000001192094,3.675691160964966,-1.0
0.009226152149494737,0.0023005107417702676,17,0.230636992957443,0.0008937318807859689,20,13.04000000834465,3.6387866718292234,-1.0
0.00921427084831521,0.0016511935042217373,18,0.21741255093365908,0.0008814009529720156,20,12.200000000596047,3.6250034202575683,-1.0
0.008529992634430527,0.001616261270828545,19,0.2030286928638816,0.0008684896421706646,20,12.920000014305115,3.6156495586395265,-1.0
0.008491115085780621,0.001577506063040346,20,0.20147629803977907,0.0008550178566873412,20,13.520000001192093,3.550205520629883,-1.0
0.009818840213119984,0.0016250943415798246,21,0.22898177499882877,0.0008410063690388064,20,13.720000001192092,3.502778122711182,-1.0
0.010820329305715859,0.0014300712966360152,22,0.24514084099791944,0.0008264767839234412,20,14.68,3.504922952270508,-1.0
0.013858587667346,0.0015011007315479219,23,0.307401399128139,0.000811451504908368,20,14.080000003576279,3.4797242168426514,-1.0
0.012961300543975086,0.0018938714638352394,24,0.29732404998503625,0.0007959536998847743,20,14.600000007152557,3.46874059753418,-1.0
0.013653369445819408,0.00172047414816916,25,0.3076729769818485,0.0007800072653447032,20,14.680000003576279,3.451352682876587,-1.0
0.012044834881089627,0.0020461879204958676,26,0.28202519193291664,0.0007636367895343947,20,15.800000014305114,3.396106739807129,-1.0
0.010664043587166817,0.0017914245603606106,27,0.24924994399771094,0.0007468675145409928,20,15.400000007152558,3.395077634429932,-1.0
0.011446502758190036,0.0016958569874987006,28,0.2629802040755749,0.0007297252973710758,20,16.160000014305115,3.383296802139282,-1.0
0.012889708450529724,0.0016628399025648832,29,0.29121759603731334,0.0007122365700810271,20,16.240000001192094,3.3676618865966796,-1.0
0.010557388514280319,0.00185897663468495,30,0.24846536898985505,0.0006944282990207196,20,16.60000000357628,3.3360770263671875,-1.0
0.00866885423893109,0.00180481041315943,31,0.20957674784585834,0.0006763279432533592,20,18.1200000166893,3.2817248069763183,-1.0
0.009512351616285742,0.0018232145928777754,32,0.22681439900770783,0.0006579634122155992,20,17.720000014305114,3.287657678222656,-1.0
0.009635157021693885,0.0017177206231281162,33,0.22716094786301255,0.000639363022683212,20,17.400000002384186,3.2583202251434327,-1.0
0.009528974059503526,0.0017203485476784408,34,0.22508981684222817,0.0006205554551086735,20,18.080000014305114,3.25824803314209,-1.0
0.010939715441782027,0.0017199600115418434,35,0.2533451661001891,0.0006015697093979838,20,17.520000014305115,3.259602124786377,-1.0
0.012935168121475726,0.0015724839875474572,36,0.29034256492741406,0.0005824350601949146,20,17.040000009536744,3.2555179935455323,-1.0
0.010528074041940273,0.001423975802026689,37,0.23920730594545603,0.0005631810117416299,20,18.240000007152556,3.2144675312042237,-1.0
0.01187103862175718,0.0015795536222867669,38,0.269167608814314,0.0005438372523852835,20,18.80000000476837,3.2109933574676512,-1.0
0.011926463525742292,0.0028562389314174654,39,0.2958449739962816,0.0005244336088007391,20,19.04000003814697,3.1785547618865966,-1.0
0.012439936958253383,0.001730810187291354,40,0.2836100140120834,0.0005050000000000001,20,20.400000038146974,3.1618607189178465,-1.0
0.010485730681102723,0.001788801117800176,41,0.24565818603150547,0.0004855663911992613,20,18.160000007152558,3.182532308959961,-1.0
0.01248916524928063,0.0014569314545951784,42,0.2791063899639994,0.00046616274761471693,20,21.080000004768372,3.145516998291016,-1.0
0.012236996553838253,0.001668186392635107,43,0.27829040912911296,0.00044681898825837057,20,21.2400000333786,3.0836490001678465,-1.0
0.014646056736819447,0.0018623547628521919,44,0.3304006380494684,0.000427564939805086,20,19.760000002384185,3.11276630859375,-1.0
0.015386808523908257,0.0016851953696459532,45,0.3417244739830494,0.00040843029060201667,20,20.96,3.0690398319244383,-1.0
0.011538126040250063,0.001913203310687095,46,0.26921310694888234,0.000389444544891327,20,21.200000002384186,3.0765272075653076,-1.0
0.008612178801558911,0.0015107747516594828,47,0.2025633561424911,0.0003706369773167883,20,20.08000001192093,3.111215037536621,-1.0
0.009610991936642676,0.0016958327731117606,48,0.22624124097637832,0.0003520365877844012,20,22.83999999523163,3.051343394470215,-1.0
0.01057744100689888,0.0014332271413877607,49,0.2403155150823295,0.0003336720567466412,20,22.96,2.9928895133972166,-1.0
0.008973667118698358,0.0015198197332210838,50,0.20997430314309895,0.0003155717009792807,20,23.3200000333786,3.0335499980926515,-1.0
0.00903296679025516,0.0016330493614077567,51,0.21342486003413796,0.00029776342991897335,20,21.960000002384184,2.9997148468017576,-1.0
0.008890688419342041,0.001872209331486374,52,0.2153613199479878,0.00028027470262892445,20,22.44000001192093,2.9778554790496825,-1.0
0.008878420002292841,0.001600208051968366,53,0.2096750650089234,0.0002631324854590073,20,24.800000009536742,2.9518937519073485,-1.0
0.009046306961681693,0.0014211854315362871,54,0.20945790992118418,0.0002463632104656054,20,22.64000000476837,2.9924775783538817,-1.0
0.009321439953055233,0.0015981693984940648,55,0.21849826606921852,0.0002299927346552969,20,23.15999999523163,2.949080053329468,-1.0
0.011262062645982951,0.0017545988550409675,56,0.26046851207502186,0.00021404630011522587,20,24.28000000715256,2.9241325168609618,-1.0
0.013886111904866993,0.0016635840409435331,57,0.3112091508228332,0.00019854849509163232,20,23.880000038146974,2.9185760875701905,-1.0
0.010666934098117054,0.0019445511978119611,58,0.25241608498618007,0.00018352321607655918,20,23.680000007152557,2.925272585296631,-1.0
0.010073395585641265,0.0015561593696475028,59,0.23269386310130358,0.00016899363096119395,20,24.400000002384186,2.907632787322998,-1.0
0.009898305078968406,0.0019095668685622513,60,0.2362776801455766,0.000154982143312659,20,23.320000014305116,2.9274515502929686,-1.0
0.008771014981903136,0.0021172785200178623,61,0.21787705621682107,0.0001415103578293356,20,23.239999976158142,2.8891851219177247,-1.0
0.011580818658694625,0.0014085464412346483,62,0.25992301502265036,0.0001285990470279847,20,23.600000004768372,2.9045282371520997,-1.0
0.012029802892357111,0.0017263223649933933,63,0.27529259002767503,0.0001162681192140312,20,24.24,2.8789510650634766,-1.0
0.013603107235394419,0.0014552269130945206,64,0.30136646213941276,0.00010453658778440107,20,25.12,2.8773153327941894,-1.0
0.01390363700920716,0.0017028439440764486,65,0.31241133087314665,9.342254191024022e-05,20,24.360000016689302,2.903691027832031,-1.0
0.011085096199531108,0.0016481148544698954,66,0.254849178949371,8.294311864472437e-05,20,25.92,2.840641407775879,-1.0
0.011370574694592506,0.002317118551582098,67,0.27389247296378016,7.311447649896551e-05,20,25.480000023841857,2.8525304901123048,-1.0
0.01088642526883632,0.0017805891809985041,68,0.2534842749591917,6.395177052675794e-05,20,24.960000014305116,2.865073119735718,-1.0
0.009550831175874918,0.0021537741646170615,69,0.23419522121548653,5.546912895658472e-05,20,24.2000000333786,2.8411529178619386,-1.0
0.009363444673363119,0.0019076580763794481,70,0.22552371700294316,4.767963140691306e-05,20,26.520000007152557,2.8255020641326904,-1.0
0.008935288561042398,0.001694470294751227,71,0.21270040492527187,4.059528871837034e-05,20,25.639999985694885,2.8277889556884768,-1.0
0.010055066039785742,0.00200512926094234,72,0.24130993499420583,3.4227024433899e-05,20,24.680000011920928,2.8469037605285643,-1.0
0.011071418726351112,0.0015648071304894984,73,0.25285856798291206,2.8584657955444653e-05,20,24.8,2.8299670684814453,-1.0
0.013361834012903273,0.001881384989246726,74,0.3050604339223355,2.367688940315011e-05,20,25.84000003814697,2.8260170505523683,-1.0
0.009077720739878715,0.0015220502158626915,75,0.21217631991021335,1.951128620040094e-05,20,25.079999995231628,2.8088269927978518,-1.0
0.008549212524667383,0.0014777917647734284,76,0.20064490288496017,1.6094271405406862e-05,20,25.68000000476837,2.85187735748291,-1.0
0.009538655111100525,0.0015296148951165379,77,0.22149266116321087,1.3431113807311488e-05,20,25.68000002861023,2.8318695220947268,-1.0
0.008812433679122478,0.0014185125241056086,78,0.20472292019985616,1.1525919802101659e-05,20,25.240000038146974,2.8247291130065917,-1.0
0.009216588886920363,0.0024647295591421424,79,0.2337523081805557,1.0381627060842164e-05,20,25.760000023841858,2.8109772708892824,-1.0
0.010140637576114386,0.001937391422688961,80,0.2416871900204569,1e-05,20,24.880000007152557,2.8244426666259765,-1.0
