2026-04-07 12:11:20 | INFO | Starting method=coreset seed=0 device=cuda run_dir=/data1/doyoung/ADV-AL/experiments/set_ADV_main_moreround/cifar10_small_cnn_coreset_b100_r20/seed_0 | GPU MB alloc/reserved=0.0/0.0
2026-04-07 12:11:20 | INFO | Data loaded in 0.66s (train_total=50000 al_train=50000 val_fixed=0 test=10000) | GPU: n/a
2026-04-07 12:11:21 | INFO | [Round 0] labeled=500 train=500 val_fixed=0 | GPU MB alloc/reserved=8.9/22.0
2026-04-07 12:11:22 | INFO | [Round 0] epoch=1/80 loss=5.3638 acc=8.80 val_acc=nan data_t=0.0483s batch_t=0.2074s epoch_t=00:01.02 lr=0.001000 | GPU MB alloc/reserved=52.0/394.0
2026-04-07 12:11:22 | INFO | [Round 0] Epoch 1/80 time=00:01.02 avg=00:01.02 ETA=01:20.83 | GPU MB alloc/reserved=52.0/394.0
2026-04-07 12:11:22 | INFO | [Round 0] epoch=2/80 loss=5.4623 acc=8.40 val_acc=nan data_t=0.0072s batch_t=0.0341s epoch_t=00:00.17 lr=0.000998 | GPU MB alloc/reserved=52.0/394.0
2026-04-07 12:11:22 | INFO | [Round 0] Epoch 2/80 time=00:00.17 avg=00:00.59 ETA=00:46.36 | GPU MB alloc/reserved=52.0/394.0
2026-04-07 12:11:22 | INFO | [Round 0] epoch=3/80 loss=3.0660 acc=12.80 val_acc=nan data_t=0.0144s batch_t=0.0342s epoch_t=00:00.19 lr=0.000997 | GPU MB alloc/reserved=52.0/394.0
2026-04-07 12:11:22 | INFO | [Round 0] Epoch 3/80 time=00:00.19 avg=00:00.46 ETA=00:35.50 | GPU MB alloc/reserved=52.0/394.0
2026-04-07 12:11:22 | INFO | [Round 0] epoch=4/80 loss=2.4495 acc=11.80 val_acc=nan data_t=0.0138s batch_t=0.0345s epoch_t=00:00.19 lr=0.000994 | GPU MB alloc/reserved=52.0/394.0
2026-04-07 12:11:22 | INFO | [Round 0] Epoch 4/80 time=00:00.19 avg=00:00.39 ETA=00:29.96 | GPU MB alloc/reserved=52.0/394.0
2026-04-07 12:11:22 | INFO | [Round 0] epoch=5/80 loss=2.1901 acc=18.40 val_acc=nan data_t=0.0106s batch_t=0.0341s epoch_t=00:00.18 lr=0.000990 | GPU MB alloc/reserved=52.0/394.0
2026-04-07 12:11:22 | INFO | [Round 0] Epoch 5/80 time=00:00.18 avg=00:00.35 ETA=00:26.34 | GPU MB alloc/reserved=52.0/394.0
2026-04-07 12:11:23 | INFO | [Round 0] epoch=6/80 loss=2.1137 acc=23.80 val_acc=nan data_t=0.0105s batch_t=0.0342s epoch_t=00:00.18 lr=0.000986 | GPU MB alloc/reserved=52.0/394.0
2026-04-07 12:11:23 | INFO | [Round 0] Epoch 6/80 time=00:00.18 avg=00:00.32 ETA=00:23.86 | GPU MB alloc/reserved=52.0/394.0
2026-04-07 12:11:23 | INFO | [Round 0] epoch=7/80 loss=2.1100 acc=23.20 val_acc=nan data_t=0.0110s batch_t=0.0342s epoch_t=00:00.18 lr=0.000981 | GPU MB alloc/reserved=52.0/394.0
2026-04-07 12:11:23 | INFO | [Round 0] Epoch 7/80 time=00:00.18 avg=00:00.30 ETA=00:22.06 | GPU MB alloc/reserved=52.0/394.0
2026-04-07 12:11:23 | INFO | [Round 0] epoch=8/80 loss=2.0657 acc=24.20 val_acc=nan data_t=0.0125s batch_t=0.0345s epoch_t=00:00.19 lr=0.000976 | GPU MB alloc/reserved=52.0/394.0
2026-04-07 12:11:23 | INFO | [Round 0] Epoch 8/80 time=00:00.19 avg=00:00.29 ETA=00:20.73 | GPU MB alloc/reserved=52.0/394.0
2026-04-07 12:11:23 | INFO | [Round 0] epoch=9/80 loss=2.0364 acc=25.40 val_acc=nan data_t=0.0125s batch_t=0.0343s epoch_t=00:00.19 lr=0.000969 | GPU MB alloc/reserved=52.0/394.0
2026-04-07 12:11:23 | INFO | [Round 0] Epoch 9/80 time=00:00.19 avg=00:00.28 ETA=00:19.65 | GPU MB alloc/reserved=52.0/394.0
2026-04-07 12:11:23 | INFO | [Round 0] epoch=10/80 loss=1.9906 acc=27.40 val_acc=nan data_t=0.0102s batch_t=0.0109s epoch_t=00:00.08 lr=0.000962 | GPU MB alloc/reserved=52.0/394.0
2026-04-07 12:11:23 | INFO | [Round 0] Epoch 10/80 time=00:00.08 avg=00:00.26 ETA=00:18.03 | GPU MB alloc/reserved=52.0/394.0
2026-04-07 12:11:23 | INFO | [Round 0] epoch=11/80 loss=1.9398 acc=28.00 val_acc=nan data_t=0.0095s batch_t=0.0094s epoch_t=00:00.08 lr=0.000955 | GPU MB alloc/reserved=52.0/394.0
2026-04-07 12:11:23 | INFO | [Round 0] Epoch 11/80 time=00:00.08 avg=00:00.24 ETA=00:16.63 | GPU MB alloc/reserved=52.0/394.0
2026-04-07 12:11:23 | INFO | [Round 0] epoch=12/80 loss=1.9313 acc=29.20 val_acc=nan data_t=0.0060s batch_t=0.0245s epoch_t=00:00.12 lr=0.000946 | GPU MB alloc/reserved=52.0/394.0
2026-04-07 12:11:23 | INFO | [Round 0] Epoch 12/80 time=00:00.12 avg=00:00.23 ETA=00:15.71 | GPU MB alloc/reserved=52.0/394.0
2026-04-07 12:11:24 | INFO | [Round 0] epoch=13/80 loss=1.9339 acc=28.60 val_acc=nan data_t=0.0096s batch_t=0.0344s epoch_t=00:00.18 lr=0.000937 | GPU MB alloc/reserved=52.0/394.0
2026-04-07 12:11:24 | INFO | [Round 0] Epoch 13/80 time=00:00.18 avg=00:00.23 ETA=00:15.20 | GPU MB alloc/reserved=52.0/394.0
2026-04-07 12:11:24 | INFO | [Round 0] epoch=14/80 loss=1.8958 acc=30.20 val_acc=nan data_t=0.0093s batch_t=0.0345s epoch_t=00:00.18 lr=0.000927 | GPU MB alloc/reserved=52.0/394.0
2026-04-07 12:11:24 | INFO | [Round 0] Epoch 14/80 time=00:00.18 avg=00:00.22 ETA=00:14.73 | GPU MB alloc/reserved=52.0/394.0
2026-04-07 12:11:24 | INFO | [Round 0] epoch=15/80 loss=1.8766 acc=31.40 val_acc=nan data_t=0.0097s batch_t=0.0345s epoch_t=00:00.18 lr=0.000917 | GPU MB alloc/reserved=52.0/394.0
2026-04-07 12:11:24 | INFO | [Round 0] Epoch 15/80 time=00:00.18 avg=00:00.22 ETA=00:14.31 | GPU MB alloc/reserved=52.0/394.0
2026-04-07 12:11:24 | INFO | [Round 0] epoch=16/80 loss=1.8471 acc=32.20 val_acc=nan data_t=0.0135s batch_t=0.0344s epoch_t=00:00.19 lr=0.000905 | GPU MB alloc/reserved=52.0/394.0
2026-04-07 12:11:24 | INFO | [Round 0] Epoch 16/80 time=00:00.19 avg=00:00.22 ETA=00:13.97 | GPU MB alloc/reserved=52.0/394.0
2026-04-07 12:11:24 | INFO | [Round 0] epoch=17/80 loss=1.8435 acc=29.80 val_acc=nan data_t=0.0118s batch_t=0.0344s epoch_t=00:00.19 lr=0.000894 | GPU MB alloc/reserved=52.0/394.0
2026-04-07 12:11:24 | INFO | [Round 0] Epoch 17/80 time=00:00.19 avg=00:00.22 ETA=00:13.63 | GPU MB alloc/reserved=52.0/394.0
2026-04-07 12:11:24 | INFO | [Round 0] epoch=18/80 loss=1.8345 acc=31.60 val_acc=nan data_t=0.0092s batch_t=0.0341s epoch_t=00:00.17 lr=0.000881 | GPU MB alloc/reserved=52.0/394.0
2026-04-07 12:11:24 | INFO | [Round 0] Epoch 18/80 time=00:00.17 avg=00:00.21 ETA=00:13.27 | GPU MB alloc/reserved=52.0/394.0
2026-04-07 12:11:25 | INFO | [Round 0] epoch=19/80 loss=1.7960 acc=33.40 val_acc=nan data_t=0.0094s batch_t=0.0344s epoch_t=00:00.18 lr=0.000868 | GPU MB alloc/reserved=52.0/394.0
2026-04-07 12:11:25 | INFO | [Round 0] Epoch 19/80 time=00:00.18 avg=00:00.21 ETA=00:12.93 | GPU MB alloc/reserved=52.0/394.0
2026-04-07 12:11:25 | INFO | [Round 0] epoch=20/80 loss=1.7985 acc=32.80 val_acc=nan data_t=0.0143s batch_t=0.0344s epoch_t=00:00.20 lr=0.000855 | GPU MB alloc/reserved=52.0/394.0
2026-04-07 12:11:25 | INFO | [Round 0] Epoch 20/80 time=00:00.20 avg=00:00.21 ETA=00:12.67 | GPU MB alloc/reserved=52.0/394.0
2026-04-07 12:11:25 | INFO | [Round 0] epoch=21/80 loss=1.7642 acc=35.60 val_acc=nan data_t=0.0097s batch_t=0.0342s epoch_t=00:00.18 lr=0.000841 | GPU MB alloc/reserved=52.0/394.0
2026-04-07 12:11:25 | INFO | [Round 0] Epoch 21/80 time=00:00.18 avg=00:00.21 ETA=00:12.36 | GPU MB alloc/reserved=52.0/394.0
2026-04-07 12:11:25 | INFO | [Round 0] epoch=22/80 loss=1.7658 acc=33.00 val_acc=nan data_t=0.0097s batch_t=0.0344s epoch_t=00:00.18 lr=0.000826 | GPU MB alloc/reserved=52.0/394.0
2026-04-07 12:11:25 | INFO | [Round 0] Epoch 22/80 time=00:00.18 avg=00:00.21 ETA=00:12.06 | GPU MB alloc/reserved=52.0/394.0
2026-04-07 12:11:25 | INFO | [Round 0] epoch=23/80 loss=1.7374 acc=36.20 val_acc=nan data_t=0.0094s batch_t=0.0343s epoch_t=00:00.18 lr=0.000811 | GPU MB alloc/reserved=52.0/394.0
2026-04-07 12:11:25 | INFO | [Round 0] Epoch 23/80 time=00:00.18 avg=00:00.21 ETA=00:11.77 | GPU MB alloc/reserved=52.0/394.0
2026-04-07 12:11:25 | INFO | [Round 0] epoch=24/80 loss=1.7058 acc=34.40 val_acc=nan data_t=0.0096s batch_t=0.0137s epoch_t=00:00.09 lr=0.000796 | GPU MB alloc/reserved=52.0/394.0
2026-04-07 12:11:25 | INFO | [Round 0] Epoch 24/80 time=00:00.09 avg=00:00.20 ETA=00:11.30 | GPU MB alloc/reserved=52.0/394.0
2026-04-07 12:11:26 | INFO | [Round 0] epoch=25/80 loss=1.7221 acc=37.40 val_acc=nan data_t=0.0110s batch_t=0.0092s epoch_t=00:00.08 lr=0.000780 | GPU MB alloc/reserved=52.0/394.0
2026-04-07 12:11:26 | INFO | [Round 0] Epoch 25/80 time=00:00.08 avg=00:00.20 ETA=00:10.83 | GPU MB alloc/reserved=52.0/394.0
2026-04-07 12:11:26 | INFO | [Round 0] epoch=26/80 loss=1.6402 acc=38.00 val_acc=nan data_t=0.0073s batch_t=0.0159s epoch_t=00:00.09 lr=0.000764 | GPU MB alloc/reserved=52.0/394.0
2026-04-07 12:11:26 | INFO | [Round 0] Epoch 26/80 time=00:00.09 avg=00:00.19 ETA=00:10.42 | GPU MB alloc/reserved=52.0/394.0
2026-04-07 12:11:26 | INFO | [Round 0] epoch=27/80 loss=1.6761 acc=35.60 val_acc=nan data_t=0.0064s batch_t=0.0344s epoch_t=00:00.16 lr=0.000747 | GPU MB alloc/reserved=52.0/394.0
2026-04-07 12:11:26 | INFO | [Round 0] Epoch 27/80 time=00:00.16 avg=00:00.19 ETA=00:10.17 | GPU MB alloc/reserved=52.0/394.0
2026-04-07 12:11:26 | INFO | [Round 0] epoch=28/80 loss=1.6219 acc=39.20 val_acc=nan data_t=0.0098s batch_t=0.0343s epoch_t=00:00.18 lr=0.000730 | GPU MB alloc/reserved=52.0/394.0
2026-04-07 12:11:26 | INFO | [Round 0] Epoch 28/80 time=00:00.18 avg=00:00.19 ETA=00:09.95 | GPU MB alloc/reserved=52.0/394.0
2026-04-07 12:11:26 | INFO | [Round 0] epoch=29/80 loss=1.6062 acc=41.60 val_acc=nan data_t=0.0120s batch_t=0.0341s epoch_t=00:00.18 lr=0.000712 | GPU MB alloc/reserved=52.0/394.0
2026-04-07 12:11:26 | INFO | [Round 0] Epoch 29/80 time=00:00.18 avg=00:00.19 ETA=00:09.75 | GPU MB alloc/reserved=52.0/394.0
2026-04-07 12:11:26 | INFO | [Round 0] epoch=30/80 loss=1.5785 acc=40.80 val_acc=nan data_t=0.0065s batch_t=0.0344s epoch_t=00:00.16 lr=0.000694 | GPU MB alloc/reserved=52.0/394.0
2026-04-07 12:11:26 | INFO | [Round 0] Epoch 30/80 time=00:00.16 avg=00:00.19 ETA=00:09.51 | GPU MB alloc/reserved=52.0/394.0
2026-04-07 12:11:26 | INFO | [Round 0] epoch=31/80 loss=1.5754 acc=44.20 val_acc=nan data_t=0.0097s batch_t=0.0341s epoch_t=00:00.18 lr=0.000676 | GPU MB alloc/reserved=52.0/394.0
2026-04-07 12:11:26 | INFO | [Round 0] Epoch 31/80 time=00:00.18 avg=00:00.19 ETA=00:09.30 | GPU MB alloc/reserved=52.0/394.0
2026-04-07 12:11:27 | INFO | [Round 0] epoch=32/80 loss=1.5426 acc=45.00 val_acc=nan data_t=0.0104s batch_t=0.0343s epoch_t=00:00.18 lr=0.000658 | GPU MB alloc/reserved=52.0/394.0
2026-04-07 12:11:27 | INFO | [Round 0] Epoch 32/80 time=00:00.18 avg=00:00.19 ETA=00:09.09 | GPU MB alloc/reserved=52.0/394.0
2026-04-07 12:11:27 | INFO | [Round 0] epoch=33/80 loss=1.5384 acc=44.20 val_acc=nan data_t=0.0129s batch_t=0.0344s epoch_t=00:00.19 lr=0.000639 | GPU MB alloc/reserved=52.0/394.0
2026-04-07 12:11:27 | INFO | [Round 0] Epoch 33/80 time=00:00.19 avg=00:00.19 ETA=00:08.90 | GPU MB alloc/reserved=52.0/394.0
2026-04-07 12:11:27 | INFO | [Round 0] epoch=34/80 loss=1.5580 acc=42.20 val_acc=nan data_t=0.0116s batch_t=0.0342s epoch_t=00:00.18 lr=0.000621 | GPU MB alloc/reserved=52.0/394.0
2026-04-07 12:11:27 | INFO | [Round 0] Epoch 34/80 time=00:00.18 avg=00:00.19 ETA=00:08.70 | GPU MB alloc/reserved=52.0/394.0
2026-04-07 12:11:27 | INFO | [Round 0] epoch=35/80 loss=1.5152 acc=45.00 val_acc=nan data_t=0.0146s batch_t=0.0345s epoch_t=00:00.20 lr=0.000602 | GPU MB alloc/reserved=52.0/394.0
2026-04-07 12:11:27 | INFO | [Round 0] Epoch 35/80 time=00:00.20 avg=00:00.19 ETA=00:08.52 | GPU MB alloc/reserved=52.0/394.0
2026-04-07 12:11:27 | INFO | [Round 0] epoch=36/80 loss=1.4865 acc=44.80 val_acc=nan data_t=0.0145s batch_t=0.0339s epoch_t=00:00.19 lr=0.000582 | GPU MB alloc/reserved=52.0/394.0
2026-04-07 12:11:27 | INFO | [Round 0] Epoch 36/80 time=00:00.19 avg=00:00.19 ETA=00:08.34 | GPU MB alloc/reserved=52.0/394.0
2026-04-07 12:11:28 | INFO | [Round 0] epoch=37/80 loss=1.5197 acc=41.00 val_acc=nan data_t=0.0121s batch_t=0.0344s epoch_t=00:00.19 lr=0.000563 | GPU MB alloc/reserved=52.0/394.0
2026-04-07 12:11:28 | INFO | [Round 0] Epoch 37/80 time=00:00.19 avg=00:00.19 ETA=00:08.15 | GPU MB alloc/reserved=52.0/394.0
2026-04-07 12:11:28 | INFO | [Round 0] epoch=38/80 loss=1.4606 acc=43.80 val_acc=nan data_t=0.0140s batch_t=0.0148s epoch_t=00:00.12 lr=0.000544 | GPU MB alloc/reserved=52.0/394.0
2026-04-07 12:11:28 | INFO | [Round 0] Epoch 38/80 time=00:00.12 avg=00:00.19 ETA=00:07.87 | GPU MB alloc/reserved=52.0/394.0
2026-04-07 12:11:28 | INFO | [Round 0] epoch=39/80 loss=1.4244 acc=49.40 val_acc=nan data_t=0.0110s batch_t=0.0096s epoch_t=00:00.08 lr=0.000524 | GPU MB alloc/reserved=52.0/394.0
2026-04-07 12:11:28 | INFO | [Round 0] Epoch 39/80 time=00:00.08 avg=00:00.18 ETA=00:07.58 | GPU MB alloc/reserved=52.0/394.0
2026-04-07 12:11:28 | INFO | [Round 0] epoch=40/80 loss=1.4836 acc=44.20 val_acc=nan data_t=0.0076s batch_t=0.0163s epoch_t=00:00.10 lr=0.000505 | GPU MB alloc/reserved=52.0/394.0
2026-04-07 12:11:28 | INFO | [Round 0] Epoch 40/80 time=00:00.10 avg=00:00.18 ETA=00:07.30 | GPU MB alloc/reserved=52.0/394.0
2026-04-07 12:11:28 | INFO | [Round 0] epoch=41/80 loss=1.4002 acc=49.80 val_acc=nan data_t=0.0061s batch_t=0.0339s epoch_t=00:00.16 lr=0.000486 | GPU MB alloc/reserved=52.0/394.0
2026-04-07 12:11:28 | INFO | [Round 0] Epoch 41/80 time=00:00.16 avg=00:00.18 ETA=00:07.10 | GPU MB alloc/reserved=52.0/394.0
2026-04-07 12:11:28 | INFO | [Round 0] epoch=42/80 loss=1.4062 acc=46.20 val_acc=nan data_t=0.0080s batch_t=0.0346s epoch_t=00:00.17 lr=0.000466 | GPU MB alloc/reserved=52.0/394.0
2026-04-07 12:11:28 | INFO | [Round 0] Epoch 42/80 time=00:00.17 avg=00:00.18 ETA=00:06.91 | GPU MB alloc/reserved=52.0/394.0
2026-04-07 12:11:28 | INFO | [Round 0] epoch=43/80 loss=1.3895 acc=46.80 val_acc=nan data_t=0.0095s batch_t=0.0344s epoch_t=00:00.18 lr=0.000447 | GPU MB alloc/reserved=52.0/394.0
2026-04-07 12:11:28 | INFO | [Round 0] Epoch 43/80 time=00:00.18 avg=00:00.18 ETA=00:06.72 | GPU MB alloc/reserved=52.0/394.0
2026-04-07 12:11:29 | INFO | [Round 0] epoch=44/80 loss=1.3618 acc=51.00 val_acc=nan data_t=0.0117s batch_t=0.0343s epoch_t=00:00.18 lr=0.000428 | GPU MB alloc/reserved=52.0/394.0
2026-04-07 12:11:29 | INFO | [Round 0] Epoch 44/80 time=00:00.18 avg=00:00.18 ETA=00:06.54 | GPU MB alloc/reserved=52.0/394.0
2026-04-07 12:11:29 | INFO | [Round 0] epoch=45/80 loss=1.3440 acc=51.60 val_acc=nan data_t=0.0067s batch_t=0.0341s epoch_t=00:00.16 lr=0.000408 | GPU MB alloc/reserved=52.0/394.0
2026-04-07 12:11:29 | INFO | [Round 0] Epoch 45/80 time=00:00.16 avg=00:00.18 ETA=00:06.34 | GPU MB alloc/reserved=52.0/394.0
2026-04-07 12:11:29 | INFO | [Round 0] epoch=46/80 loss=1.3509 acc=51.00 val_acc=nan data_t=0.0102s batch_t=0.0343s epoch_t=00:00.18 lr=0.000389 | GPU MB alloc/reserved=52.0/394.0
2026-04-07 12:11:29 | INFO | [Round 0] Epoch 46/80 time=00:00.18 avg=00:00.18 ETA=00:06.16 | GPU MB alloc/reserved=52.0/394.0
2026-04-07 12:11:29 | INFO | [Round 0] epoch=47/80 loss=1.2943 acc=53.00 val_acc=nan data_t=0.0136s batch_t=0.0344s epoch_t=00:00.19 lr=0.000371 | GPU MB alloc/reserved=52.0/394.0
2026-04-07 12:11:29 | INFO | [Round 0] Epoch 47/80 time=00:00.19 avg=00:00.18 ETA=00:05.99 | GPU MB alloc/reserved=52.0/394.0
2026-04-07 12:11:29 | INFO | [Round 0] epoch=48/80 loss=1.3010 acc=49.00 val_acc=nan data_t=0.0094s batch_t=0.0344s epoch_t=00:00.18 lr=0.000352 | GPU MB alloc/reserved=52.0/394.0
2026-04-07 12:11:29 | INFO | [Round 0] Epoch 48/80 time=00:00.18 avg=00:00.18 ETA=00:05.80 | GPU MB alloc/reserved=52.0/394.0
2026-04-07 12:11:30 | INFO | [Round 0] epoch=49/80 loss=1.2954 acc=53.20 val_acc=nan data_t=0.0142s batch_t=0.0344s epoch_t=00:00.19 lr=0.000334 | GPU MB alloc/reserved=52.0/394.0
2026-04-07 12:11:30 | INFO | [Round 0] Epoch 49/80 time=00:00.19 avg=00:00.18 ETA=00:05.63 | GPU MB alloc/reserved=52.0/394.0
2026-04-07 12:11:30 | INFO | [Round 0] epoch=50/80 loss=1.2874 acc=50.20 val_acc=nan data_t=0.0095s batch_t=0.0342s epoch_t=00:00.17 lr=0.000316 | GPU MB alloc/reserved=52.0/394.0
2026-04-07 12:11:30 | INFO | [Round 0] Epoch 50/80 time=00:00.17 avg=00:00.18 ETA=00:05.44 | GPU MB alloc/reserved=52.0/394.0
2026-04-07 12:11:30 | INFO | [Round 0] epoch=51/80 loss=1.2806 acc=53.20 val_acc=nan data_t=0.0133s batch_t=0.0341s epoch_t=00:00.19 lr=0.000298 | GPU MB alloc/reserved=52.0/394.0
2026-04-07 12:11:30 | INFO | [Round 0] Epoch 51/80 time=00:00.19 avg=00:00.18 ETA=00:05.27 | GPU MB alloc/reserved=52.0/394.0
2026-04-07 12:11:30 | INFO | [Round 0] epoch=52/80 loss=1.2853 acc=51.40 val_acc=nan data_t=0.0137s batch_t=0.0229s epoch_t=00:00.15 lr=0.000280 | GPU MB alloc/reserved=52.0/394.0
2026-04-07 12:11:30 | INFO | [Round 0] Epoch 52/80 time=00:00.15 avg=00:00.18 ETA=00:05.07 | GPU MB alloc/reserved=52.0/394.0
2026-04-07 12:11:30 | INFO | [Round 0] epoch=53/80 loss=1.2047 acc=55.80 val_acc=nan data_t=0.0116s batch_t=0.0099s epoch_t=00:00.09 lr=0.000263 | GPU MB alloc/reserved=52.0/394.0
2026-04-07 12:11:30 | INFO | [Round 0] Epoch 53/80 time=00:00.09 avg=00:00.18 ETA=00:04.84 | GPU MB alloc/reserved=52.0/394.0
2026-04-07 12:11:30 | INFO | [Round 0] epoch=54/80 loss=1.2829 acc=53.60 val_acc=nan data_t=0.0121s batch_t=0.0227s epoch_t=00:00.14 lr=0.000246 | GPU MB alloc/reserved=52.0/394.0
2026-04-07 12:11:30 | INFO | [Round 0] Epoch 54/80 time=00:00.14 avg=00:00.18 ETA=00:04.64 | GPU MB alloc/reserved=52.0/394.0
2026-04-07 12:11:30 | INFO | [Round 0] epoch=55/80 loss=1.2792 acc=50.40 val_acc=nan data_t=0.0113s batch_t=0.0339s epoch_t=00:00.18 lr=0.000230 | GPU MB alloc/reserved=52.0/394.0
2026-04-07 12:11:30 | INFO | [Round 0] Epoch 55/80 time=00:00.18 avg=00:00.18 ETA=00:04.46 | GPU MB alloc/reserved=52.0/394.0
2026-04-07 12:11:31 | INFO | [Round 0] epoch=56/80 loss=1.2219 acc=55.40 val_acc=nan data_t=0.0070s batch_t=0.0342s epoch_t=00:00.16 lr=0.000214 | GPU MB alloc/reserved=52.0/394.0
2026-04-07 12:11:31 | INFO | [Round 0] Epoch 56/80 time=00:00.16 avg=00:00.18 ETA=00:04.28 | GPU MB alloc/reserved=52.0/394.0
2026-04-07 12:11:31 | INFO | [Round 0] epoch=57/80 loss=1.1856 acc=56.00 val_acc=nan data_t=0.0066s batch_t=0.0340s epoch_t=00:00.16 lr=0.000199 | GPU MB alloc/reserved=52.0/394.0
2026-04-07 12:11:31 | INFO | [Round 0] Epoch 57/80 time=00:00.16 avg=00:00.18 ETA=00:04.09 | GPU MB alloc/reserved=52.0/394.0
2026-04-07 12:11:31 | INFO | [Round 0] epoch=58/80 loss=1.1944 acc=58.00 val_acc=nan data_t=0.0100s batch_t=0.0341s epoch_t=00:00.18 lr=0.000184 | GPU MB alloc/reserved=52.0/394.0
2026-04-07 12:11:31 | INFO | [Round 0] Epoch 58/80 time=00:00.18 avg=00:00.18 ETA=00:03.91 | GPU MB alloc/reserved=52.0/394.0
2026-04-07 12:11:31 | INFO | [Round 0] epoch=59/80 loss=1.2098 acc=55.20 val_acc=nan data_t=0.0096s batch_t=0.0345s epoch_t=00:00.18 lr=0.000169 | GPU MB alloc/reserved=52.0/394.0
2026-04-07 12:11:31 | INFO | [Round 0] Epoch 59/80 time=00:00.18 avg=00:00.18 ETA=00:03.74 | GPU MB alloc/reserved=52.0/394.0
2026-04-07 12:11:31 | INFO | [Round 0] epoch=60/80 loss=1.2097 acc=57.00 val_acc=nan data_t=0.0098s batch_t=0.0344s epoch_t=00:00.18 lr=0.000155 | GPU MB alloc/reserved=52.0/394.0
2026-04-07 12:11:31 | INFO | [Round 0] Epoch 60/80 time=00:00.18 avg=00:00.18 ETA=00:03.56 | GPU MB alloc/reserved=52.0/394.0
2026-04-07 12:11:32 | INFO | [Round 0] epoch=61/80 loss=1.1650 acc=58.80 val_acc=nan data_t=0.0144s batch_t=0.0341s epoch_t=00:00.19 lr=0.000142 | GPU MB alloc/reserved=52.0/394.0
2026-04-07 12:11:32 | INFO | [Round 0] Epoch 61/80 time=00:00.19 avg=00:00.18 ETA=00:03.38 | GPU MB alloc/reserved=52.0/394.0
2026-04-07 12:11:32 | INFO | [Round 0] epoch=62/80 loss=1.1751 acc=59.00 val_acc=nan data_t=0.0064s batch_t=0.0345s epoch_t=00:00.16 lr=0.000129 | GPU MB alloc/reserved=52.0/394.0
2026-04-07 12:11:32 | INFO | [Round 0] Epoch 62/80 time=00:00.16 avg=00:00.18 ETA=00:03.20 | GPU MB alloc/reserved=52.0/394.0
2026-04-07 12:11:32 | INFO | [Round 0] epoch=63/80 loss=1.1627 acc=58.60 val_acc=nan data_t=0.0121s batch_t=0.0341s epoch_t=00:00.19 lr=0.000116 | GPU MB alloc/reserved=52.0/394.0
2026-04-07 12:11:32 | INFO | [Round 0] Epoch 63/80 time=00:00.19 avg=00:00.18 ETA=00:03.03 | GPU MB alloc/reserved=52.0/394.0
2026-04-07 12:11:32 | INFO | [Round 0] epoch=64/80 loss=1.1835 acc=57.00 val_acc=nan data_t=0.0062s batch_t=0.0345s epoch_t=00:00.16 lr=0.000105 | GPU MB alloc/reserved=52.0/394.0
2026-04-07 12:11:32 | INFO | [Round 0] Epoch 64/80 time=00:00.16 avg=00:00.18 ETA=00:02.84 | GPU MB alloc/reserved=52.0/394.0
2026-04-07 12:11:32 | INFO | [Round 0] epoch=65/80 loss=1.1265 acc=60.40 val_acc=nan data_t=0.0065s batch_t=0.0341s epoch_t=00:00.16 lr=0.000093 | GPU MB alloc/reserved=52.0/394.0
2026-04-07 12:11:32 | INFO | [Round 0] Epoch 65/80 time=00:00.16 avg=00:00.18 ETA=00:02.66 | GPU MB alloc/reserved=52.0/394.0
2026-04-07 12:11:32 | INFO | [Round 0] epoch=66/80 loss=1.1697 acc=56.20 val_acc=nan data_t=0.0060s batch_t=0.0343s epoch_t=00:00.16 lr=0.000083 | GPU MB alloc/reserved=52.0/394.0
2026-04-07 12:11:32 | INFO | [Round 0] Epoch 66/80 time=00:00.16 avg=00:00.18 ETA=00:02.48 | GPU MB alloc/reserved=52.0/394.0
2026-04-07 12:11:32 | INFO | [Round 0] epoch=67/80 loss=1.1585 acc=57.40 val_acc=nan data_t=0.0106s batch_t=0.0103s epoch_t=00:00.08 lr=0.000073 | GPU MB alloc/reserved=52.0/394.0
2026-04-07 12:11:32 | INFO | [Round 0] Epoch 67/80 time=00:00.08 avg=00:00.18 ETA=00:02.29 | GPU MB alloc/reserved=52.0/394.0
2026-04-07 12:11:33 | INFO | [Round 0] epoch=68/80 loss=1.1519 acc=60.20 val_acc=nan data_t=0.0096s batch_t=0.0083s epoch_t=00:00.07 lr=0.000064 | GPU MB alloc/reserved=52.0/394.0
2026-04-07 12:11:33 | INFO | [Round 0] Epoch 68/80 time=00:00.07 avg=00:00.17 ETA=00:02.09 | GPU MB alloc/reserved=52.0/394.0
2026-04-07 12:11:33 | INFO | [Round 0] epoch=69/80 loss=1.1448 acc=59.60 val_acc=nan data_t=0.0094s batch_t=0.0200s epoch_t=00:00.12 lr=0.000055 | GPU MB alloc/reserved=52.0/394.0
2026-04-07 12:11:33 | INFO | [Round 0] Epoch 69/80 time=00:00.12 avg=00:00.17 ETA=00:01.91 | GPU MB alloc/reserved=52.0/394.0
2026-04-07 12:11:33 | INFO | [Round 0] epoch=70/80 loss=1.1172 acc=59.40 val_acc=nan data_t=0.0085s batch_t=0.0341s epoch_t=00:00.17 lr=0.000048 | GPU MB alloc/reserved=52.0/394.0
2026-04-07 12:11:33 | INFO | [Round 0] Epoch 70/80 time=00:00.17 avg=00:00.17 ETA=00:01.73 | GPU MB alloc/reserved=52.0/394.0
2026-04-07 12:11:33 | INFO | [Round 0] epoch=71/80 loss=1.1457 acc=57.20 val_acc=nan data_t=0.0107s batch_t=0.0342s epoch_t=00:00.18 lr=0.000041 | GPU MB alloc/reserved=52.0/394.0
2026-04-07 12:11:33 | INFO | [Round 0] Epoch 71/80 time=00:00.18 avg=00:00.17 ETA=00:01.56 | GPU MB alloc/reserved=52.0/394.0
2026-04-07 12:11:33 | INFO | [Round 0] epoch=72/80 loss=1.1514 acc=57.00 val_acc=nan data_t=0.0059s batch_t=0.0341s epoch_t=00:00.16 lr=0.000034 | GPU MB alloc/reserved=52.0/394.0
2026-04-07 12:11:33 | INFO | [Round 0] Epoch 72/80 time=00:00.16 avg=00:00.17 ETA=00:01.39 | GPU MB alloc/reserved=52.0/394.0
2026-04-07 12:11:33 | INFO | [Round 0] epoch=73/80 loss=1.1272 acc=60.20 val_acc=nan data_t=0.0118s batch_t=0.0342s epoch_t=00:00.18 lr=0.000029 | GPU MB alloc/reserved=52.0/394.0
2026-04-07 12:11:33 | INFO | [Round 0] Epoch 73/80 time=00:00.18 avg=00:00.17 ETA=00:01.21 | GPU MB alloc/reserved=52.0/394.0
2026-04-07 12:11:33 | INFO | [Round 0] epoch=74/80 loss=1.0803 acc=58.80 val_acc=nan data_t=0.0062s batch_t=0.0343s epoch_t=00:00.16 lr=0.000024 | GPU MB alloc/reserved=52.0/394.0
2026-04-07 12:11:33 | INFO | [Round 0] Epoch 74/80 time=00:00.16 avg=00:00.17 ETA=00:01.04 | GPU MB alloc/reserved=52.0/394.0
2026-04-07 12:11:34 | INFO | [Round 0] epoch=75/80 loss=1.0832 acc=61.40 val_acc=nan data_t=0.0064s batch_t=0.0340s epoch_t=00:00.16 lr=0.000020 | GPU MB alloc/reserved=52.0/394.0
2026-04-07 12:11:34 | INFO | [Round 0] Epoch 75/80 time=00:00.16 avg=00:00.17 ETA=00:00.87 | GPU MB alloc/reserved=52.0/394.0
2026-04-07 12:11:34 | INFO | [Round 0] epoch=76/80 loss=1.1481 acc=59.00 val_acc=nan data_t=0.0063s batch_t=0.0340s epoch_t=00:00.16 lr=0.000016 | GPU MB alloc/reserved=52.0/394.0
2026-04-07 12:11:34 | INFO | [Round 0] Epoch 76/80 time=00:00.16 avg=00:00.17 ETA=00:00.69 | GPU MB alloc/reserved=52.0/394.0
2026-04-07 12:11:34 | INFO | [Round 0] epoch=77/80 loss=1.1195 acc=59.80 val_acc=nan data_t=0.0061s batch_t=0.0341s epoch_t=00:00.16 lr=0.000013 | GPU MB alloc/reserved=52.0/394.0
2026-04-07 12:11:34 | INFO | [Round 0] Epoch 77/80 time=00:00.16 avg=00:00.17 ETA=00:00.52 | GPU MB alloc/reserved=52.0/394.0
2026-04-07 12:11:34 | INFO | [Round 0] epoch=78/80 loss=1.0983 acc=60.60 val_acc=nan data_t=0.0123s batch_t=0.0341s epoch_t=00:00.19 lr=0.000012 | GPU MB alloc/reserved=52.0/394.0
2026-04-07 12:11:34 | INFO | [Round 0] Epoch 78/80 time=00:00.19 avg=00:00.17 ETA=00:00.35 | GPU MB alloc/reserved=52.0/394.0
2026-04-07 12:11:34 | INFO | [Round 0] epoch=79/80 loss=1.1188 acc=60.00 val_acc=nan data_t=0.0115s batch_t=0.0345s epoch_t=00:00.18 lr=0.000010 | GPU MB alloc/reserved=52.0/394.0
2026-04-07 12:11:34 | INFO | [Round 0] Epoch 79/80 time=00:00.18 avg=00:00.17 ETA=00:00.17 | GPU MB alloc/reserved=52.0/394.0
2026-04-07 12:11:35 | INFO | [Round 0] epoch=80/80 loss=1.1220 acc=60.00 val_acc=nan data_t=0.0092s batch_t=0.0345s epoch_t=00:00.18 lr=0.000010 | GPU MB alloc/reserved=52.0/394.0
2026-04-07 12:11:35 | INFO | [Round 0] Epoch 80/80 time=00:00.18 avg=00:00.17 ETA=00:00.00 | GPU MB alloc/reserved=52.0/394.0
2026-04-07 12:11:35 | INFO | [Round 0] training complete in 00:13.96 (best monitor=61.400) | GPU MB alloc/reserved=52.0/394.0
2026-04-07 12:11:35 | INFO | [Round 0] evaluation started | GPU MB alloc/reserved=34.1/394.0
2026-04-07 12:11:37 | INFO | [Round 0] clean=44.98 fgsm=37.53 pgd=37.45 grad_disp_mean=nan grad_disp_sel=nan round_t=17.13s | GPU MB alloc/reserved=34.1/846.0
2026-04-07 12:11:37 | INFO | [Round 1/21] elapsed=00:17.13 avg_round=00:17.13 projected_remaining=05:42.70 | GPU MB alloc/reserved=34.1/846.0
2026-04-07 12:11:38 | INFO | [Round 1] acquisition on pool_size=49500 scored_pool=5000 budget=100 | GPU MB alloc/reserved=34.1/846.0
2026-04-07 12:11:38 | INFO | [CoreSet-unlabeled-feat] scoring progress 10/20 elapsed=00:00.23 avg/batch=0.023s ETA=00:00.23 | GPU MB alloc/reserved=40.6/846.0
2026-04-07 12:11:39 | INFO | [CoreSet-unlabeled-feat] scoring progress 20/20 elapsed=00:00.26 avg/batch=0.013s ETA=00:00.00 | GPU MB alloc/reserved=40.6/848.0
2026-04-07 12:11:39 | INFO | [CoreSet-labeled-feat] scoring progress 2/2 elapsed=00:00.17 avg/batch=0.083s ETA=00:00.00 | GPU MB alloc/reserved=42.5/848.0
2026-04-07 12:11:39 | INFO | [CoreSet] greedy 10/100 cover_radius=30.647106 | GPU: n/a
2026-04-07 12:11:39 | INFO | [CoreSet] greedy 20/100 cover_radius=28.875549 | GPU: n/a
2026-04-07 12:11:39 | INFO | [CoreSet] greedy 30/100 cover_radius=26.929518 | GPU: n/a
2026-04-07 12:11:39 | INFO | [CoreSet] greedy 40/100 cover_radius=25.708090 | GPU: n/a
2026-04-07 12:11:39 | INFO | [CoreSet] greedy 50/100 cover_radius=25.014839 | GPU: n/a
2026-04-07 12:11:39 | INFO | [CoreSet] greedy 60/100 cover_radius=24.462732 | GPU: n/a
2026-04-07 12:11:39 | INFO | [CoreSet] greedy 70/100 cover_radius=23.996317 | GPU: n/a
2026-04-07 12:11:39 | INFO | [CoreSet] greedy 80/100 cover_radius=23.609526 | GPU: n/a
2026-04-07 12:11:39 | INFO | [CoreSet] greedy 90/100 cover_radius=23.237133 | GPU: n/a
2026-04-07 12:11:39 | INFO | [CoreSet] greedy 100/100 cover_radius=22.974340 | GPU: n/a
2026-04-07 12:11:40 | INFO | [Round 1] labeled=600 train=600 val_fixed=0 | GPU MB alloc/reserved=43.1/848.0
2026-04-07 12:11:40 | INFO | [Round 1] epoch=1/80 loss=5.0616 acc=11.83 val_acc=nan data_t=0.0326s batch_t=0.0410s epoch_t=00:00.37 lr=0.001000 | GPU MB alloc/reserved=69.9/848.0
2026-04-07 12:11:40 | INFO | [Round 1] Epoch 1/80 time=00:00.37 avg=00:00.37 ETA=00:29.07 | GPU MB alloc/reserved=69.9/848.0
2026-04-07 12:11:40 | INFO | [Round 1] epoch=2/80 loss=5.0885 acc=12.00 val_acc=nan data_t=0.0056s batch_t=0.0340s epoch_t=00:00.20 lr=0.000998 | GPU MB alloc/reserved=69.9/848.0
2026-04-07 12:11:40 | INFO | [Round 1] Epoch 2/80 time=00:00.20 avg=00:00.28 ETA=00:22.08 | GPU MB alloc/reserved=69.9/848.0
2026-04-07 12:11:40 | INFO | [Round 1] epoch=3/80 loss=2.7612 acc=14.33 val_acc=nan data_t=0.0076s batch_t=0.0340s epoch_t=00:00.21 lr=0.000997 | GPU MB alloc/reserved=69.9/848.0
2026-04-07 12:11:40 | INFO | [Round 1] Epoch 3/80 time=00:00.21 avg=00:00.26 ETA=00:19.87 | GPU MB alloc/reserved=69.9/848.0
2026-04-07 12:11:41 | INFO | [Round 1] epoch=4/80 loss=2.3576 acc=17.83 val_acc=nan data_t=0.0076s batch_t=0.0340s epoch_t=00:00.21 lr=0.000994 | GPU MB alloc/reserved=69.9/848.0
2026-04-07 12:11:41 | INFO | [Round 1] Epoch 4/80 time=00:00.21 avg=00:00.25 ETA=00:18.67 | GPU MB alloc/reserved=69.9/848.0
2026-04-07 12:11:41 | INFO | [Round 1] epoch=5/80 loss=2.2171 acc=18.00 val_acc=nan data_t=0.0077s batch_t=0.0339s epoch_t=00:00.21 lr=0.000990 | GPU MB alloc/reserved=69.9/848.0
2026-04-07 12:11:41 | INFO | [Round 1] Epoch 5/80 time=00:00.21 avg=00:00.24 ETA=00:17.86 | GPU MB alloc/reserved=69.9/848.0
2026-04-07 12:11:41 | INFO | [Round 1] epoch=6/80 loss=2.1718 acc=18.83 val_acc=nan data_t=0.0101s batch_t=0.0339s epoch_t=00:00.22 lr=0.000986 | GPU MB alloc/reserved=69.9/848.0
2026-04-07 12:11:41 | INFO | [Round 1] Epoch 6/80 time=00:00.22 avg=00:00.24 ETA=00:17.40 | GPU MB alloc/reserved=69.9/848.0
2026-04-07 12:11:41 | INFO | [Round 1] epoch=7/80 loss=2.1221 acc=22.83 val_acc=nan data_t=0.0103s batch_t=0.0342s epoch_t=00:00.22 lr=0.000981 | GPU MB alloc/reserved=69.9/848.0
2026-04-07 12:11:41 | INFO | [Round 1] Epoch 7/80 time=00:00.22 avg=00:00.23 ETA=00:17.03 | GPU MB alloc/reserved=69.9/848.0
2026-04-07 12:11:42 | INFO | [Round 1] epoch=8/80 loss=2.1057 acc=21.50 val_acc=nan data_t=0.0102s batch_t=0.0343s epoch_t=00:00.22 lr=0.000976 | GPU MB alloc/reserved=69.9/848.0
2026-04-07 12:11:42 | INFO | [Round 1] Epoch 8/80 time=00:00.22 avg=00:00.23 ETA=00:16.70 | GPU MB alloc/reserved=69.9/848.0
2026-04-07 12:11:42 | INFO | [Round 1] epoch=9/80 loss=2.0689 acc=23.33 val_acc=nan data_t=0.0105s batch_t=0.0257s epoch_t=00:00.18 lr=0.000969 | GPU MB alloc/reserved=69.9/848.0
2026-04-07 12:11:42 | INFO | [Round 1] Epoch 9/80 time=00:00.18 avg=00:00.23 ETA=00:16.07 | GPU MB alloc/reserved=69.9/848.0
2026-04-07 12:11:42 | INFO | [Round 1] epoch=10/80 loss=2.0326 acc=25.17 val_acc=nan data_t=0.0105s batch_t=0.0091s epoch_t=00:00.10 lr=0.000962 | GPU MB alloc/reserved=69.9/848.0
2026-04-07 12:11:42 | INFO | [Round 1] Epoch 10/80 time=00:00.10 avg=00:00.21 ETA=00:14.94 | GPU MB alloc/reserved=69.9/848.0
2026-04-07 12:11:42 | INFO | [Round 1] epoch=11/80 loss=2.0189 acc=23.83 val_acc=nan data_t=0.0058s batch_t=0.0138s epoch_t=00:00.10 lr=0.000955 | GPU MB alloc/reserved=69.9/848.0
2026-04-07 12:11:42 | INFO | [Round 1] Epoch 11/80 time=00:00.10 avg=00:00.20 ETA=00:14.01 | GPU MB alloc/reserved=69.9/848.0
2026-04-07 12:11:42 | INFO | [Round 1] epoch=12/80 loss=2.0111 acc=26.00 val_acc=nan data_t=0.0049s batch_t=0.0337s epoch_t=00:00.19 lr=0.000946 | GPU MB alloc/reserved=69.9/848.0
2026-04-07 12:11:42 | INFO | [Round 1] Epoch 12/80 time=00:00.19 avg=00:00.20 ETA=00:13.75 | GPU MB alloc/reserved=69.9/848.0
2026-04-07 12:11:42 | INFO | [Round 1] epoch=13/80 loss=1.9726 acc=27.67 val_acc=nan data_t=0.0080s batch_t=0.0339s epoch_t=00:00.21 lr=0.000937 | GPU MB alloc/reserved=69.9/848.0
2026-04-07 12:11:42 | INFO | [Round 1] Epoch 13/80 time=00:00.21 avg=00:00.20 ETA=00:13.59 | GPU MB alloc/reserved=69.9/848.0
2026-04-07 12:11:43 | INFO | [Round 1] epoch=14/80 loss=1.9647 acc=28.50 val_acc=nan data_t=0.0087s batch_t=0.0341s epoch_t=00:00.21 lr=0.000927 | GPU MB alloc/reserved=69.9/848.0
2026-04-07 12:11:43 | INFO | [Round 1] Epoch 14/80 time=00:00.21 avg=00:00.20 ETA=00:13.44 | GPU MB alloc/reserved=69.9/848.0
2026-04-07 12:11:43 | INFO | [Round 1] epoch=15/80 loss=1.9437 acc=26.17 val_acc=nan data_t=0.0109s batch_t=0.0340s epoch_t=00:00.22 lr=0.000917 | GPU MB alloc/reserved=69.9/848.0
2026-04-07 12:11:43 | INFO | [Round 1] Epoch 15/80 time=00:00.22 avg=00:00.20 ETA=00:13.32 | GPU MB alloc/reserved=69.9/848.0
2026-04-07 12:11:43 | INFO | [Round 1] epoch=16/80 loss=1.9048 acc=30.17 val_acc=nan data_t=0.0074s batch_t=0.0342s epoch_t=00:00.21 lr=0.000905 | GPU MB alloc/reserved=69.9/848.0
2026-04-07 12:11:43 | INFO | [Round 1] Epoch 16/80 time=00:00.21 avg=00:00.21 ETA=00:13.13 | GPU MB alloc/reserved=69.9/848.0
2026-04-07 12:11:43 | INFO | [Round 1] epoch=17/80 loss=1.8960 acc=29.00 val_acc=nan data_t=0.0100s batch_t=0.0340s epoch_t=00:00.22 lr=0.000894 | GPU MB alloc/reserved=69.9/848.0
2026-04-07 12:11:43 | INFO | [Round 1] Epoch 17/80 time=00:00.22 avg=00:00.21 ETA=00:12.98 | GPU MB alloc/reserved=69.9/848.0
2026-04-07 12:11:43 | INFO | [Round 1] epoch=18/80 loss=1.8870 acc=31.33 val_acc=nan data_t=0.0076s batch_t=0.0341s epoch_t=00:00.21 lr=0.000881 | GPU MB alloc/reserved=69.9/848.0
2026-04-07 12:11:43 | INFO | [Round 1] Epoch 18/80 time=00:00.21 avg=00:00.21 ETA=00:12.78 | GPU MB alloc/reserved=69.9/848.0
2026-04-07 12:11:44 | INFO | [Round 1] epoch=19/80 loss=1.8877 acc=30.83 val_acc=nan data_t=0.0110s batch_t=0.0343s epoch_t=00:00.23 lr=0.000868 | GPU MB alloc/reserved=69.9/848.0
2026-04-07 12:11:44 | INFO | [Round 1] Epoch 19/80 time=00:00.23 avg=00:00.21 ETA=00:12.64 | GPU MB alloc/reserved=69.9/848.0
2026-04-07 12:11:44 | INFO | [Round 1] epoch=20/80 loss=1.8532 acc=29.50 val_acc=nan data_t=0.0054s batch_t=0.0342s epoch_t=00:00.20 lr=0.000855 | GPU MB alloc/reserved=69.9/848.0
2026-04-07 12:11:44 | INFO | [Round 1] Epoch 20/80 time=00:00.20 avg=00:00.21 ETA=00:12.41 | GPU MB alloc/reserved=69.9/848.0
2026-04-07 12:11:44 | INFO | [Round 1] epoch=21/80 loss=1.8272 acc=34.50 val_acc=nan data_t=0.0114s batch_t=0.0314s epoch_t=00:00.21 lr=0.000841 | GPU MB alloc/reserved=69.9/848.0
2026-04-07 12:11:44 | INFO | [Round 1] Epoch 21/80 time=00:00.21 avg=00:00.21 ETA=00:12.22 | GPU MB alloc/reserved=69.9/848.0
2026-04-07 12:11:44 | INFO | [Round 1] epoch=22/80 loss=1.8285 acc=30.50 val_acc=nan data_t=0.0111s batch_t=0.0102s epoch_t=00:00.11 lr=0.000826 | GPU MB alloc/reserved=69.9/848.0
2026-04-07 12:11:44 | INFO | [Round 1] Epoch 22/80 time=00:00.11 avg=00:00.20 ETA=00:11.75 | GPU MB alloc/reserved=69.9/848.0
2026-04-07 12:11:44 | INFO | [Round 1] epoch=23/80 loss=1.8095 acc=31.83 val_acc=nan data_t=0.0058s batch_t=0.0194s epoch_t=00:00.13 lr=0.000811 | GPU MB alloc/reserved=69.9/848.0
2026-04-07 12:11:44 | INFO | [Round 1] Epoch 23/80 time=00:00.13 avg=00:00.20 ETA=00:11.36 | GPU MB alloc/reserved=69.9/848.0
2026-04-07 12:11:44 | INFO | [Round 1] epoch=24/80 loss=1.7793 acc=33.67 val_acc=nan data_t=0.0049s batch_t=0.0341s epoch_t=00:00.20 lr=0.000796 | GPU MB alloc/reserved=69.9/848.0
2026-04-07 12:11:44 | INFO | [Round 1] Epoch 24/80 time=00:00.20 avg=00:00.20 ETA=00:11.15 | GPU MB alloc/reserved=69.9/848.0
2026-04-07 12:11:45 | INFO | [Round 1] epoch=25/80 loss=1.7493 acc=36.00 val_acc=nan data_t=0.0102s batch_t=0.0340s epoch_t=00:00.22 lr=0.000780 | GPU MB alloc/reserved=69.9/848.0
2026-04-07 12:11:45 | INFO | [Round 1] Epoch 25/80 time=00:00.22 avg=00:00.20 ETA=00:11.00 | GPU MB alloc/reserved=69.9/848.0
2026-04-07 12:11:45 | INFO | [Round 1] epoch=26/80 loss=1.7440 acc=36.17 val_acc=nan data_t=0.0129s batch_t=0.0341s epoch_t=00:00.24 lr=0.000764 | GPU MB alloc/reserved=69.9/848.0
2026-04-07 12:11:45 | INFO | [Round 1] Epoch 26/80 time=00:00.24 avg=00:00.20 ETA=00:10.87 | GPU MB alloc/reserved=69.9/848.0
2026-04-07 12:11:45 | INFO | [Round 1] epoch=27/80 loss=1.7465 acc=36.50 val_acc=nan data_t=0.0104s batch_t=0.0340s epoch_t=00:00.22 lr=0.000747 | GPU MB alloc/reserved=69.9/848.0
2026-04-07 12:11:45 | INFO | [Round 1] Epoch 27/80 time=00:00.22 avg=00:00.20 ETA=00:10.71 | GPU MB alloc/reserved=69.9/848.0
2026-04-07 12:11:45 | INFO | [Round 1] epoch=28/80 loss=1.7090 acc=35.33 val_acc=nan data_t=0.0087s batch_t=0.0340s epoch_t=00:00.21 lr=0.000730 | GPU MB alloc/reserved=69.9/848.0
2026-04-07 12:11:45 | INFO | [Round 1] Epoch 28/80 time=00:00.21 avg=00:00.20 ETA=00:10.53 | GPU MB alloc/reserved=69.9/848.0
2026-04-07 12:11:46 | INFO | [Round 1] epoch=29/80 loss=1.6771 acc=39.00 val_acc=nan data_t=0.0080s batch_t=0.0341s epoch_t=00:00.21 lr=0.000712 | GPU MB alloc/reserved=69.9/848.0
2026-04-07 12:11:46 | INFO | [Round 1] Epoch 29/80 time=00:00.21 avg=00:00.20 ETA=00:10.34 | GPU MB alloc/reserved=69.9/848.0
2026-04-07 12:11:46 | INFO | [Round 1] epoch=30/80 loss=1.7132 acc=37.67 val_acc=nan data_t=0.0076s batch_t=0.0338s epoch_t=00:00.21 lr=0.000694 | GPU MB alloc/reserved=69.9/848.0
2026-04-07 12:11:46 | INFO | [Round 1] Epoch 30/80 time=00:00.21 avg=00:00.20 ETA=00:10.15 | GPU MB alloc/reserved=69.9/848.0
2026-04-07 12:11:46 | INFO | [Round 1] epoch=31/80 loss=1.6634 acc=41.00 val_acc=nan data_t=0.0073s batch_t=0.0338s epoch_t=00:00.21 lr=0.000676 | GPU MB alloc/reserved=69.9/848.0
2026-04-07 12:11:46 | INFO | [Round 1] Epoch 31/80 time=00:00.21 avg=00:00.20 ETA=00:09.95 | GPU MB alloc/reserved=69.9/848.0
2026-04-07 12:11:46 | INFO | [Round 1] epoch=32/80 loss=1.6599 acc=38.67 val_acc=nan data_t=0.0073s batch_t=0.0342s epoch_t=00:00.21 lr=0.000658 | GPU MB alloc/reserved=69.9/848.0
2026-04-07 12:11:46 | INFO | [Round 1] Epoch 32/80 time=00:00.21 avg=00:00.20 ETA=00:09.75 | GPU MB alloc/reserved=69.9/848.0
2026-04-07 12:11:46 | INFO | [Round 1] epoch=33/80 loss=1.6500 acc=39.33 val_acc=nan data_t=0.0102s batch_t=0.0237s epoch_t=00:00.17 lr=0.000639 | GPU MB alloc/reserved=69.9/848.0
2026-04-07 12:11:46 | INFO | [Round 1] Epoch 33/80 time=00:00.17 avg=00:00.20 ETA=00:09.50 | GPU MB alloc/reserved=69.9/848.0
2026-04-07 12:11:46 | INFO | [Round 1] epoch=34/80 loss=1.6361 acc=40.83 val_acc=nan data_t=0.0076s batch_t=0.0108s epoch_t=00:00.09 lr=0.000621 | GPU MB alloc/reserved=69.9/848.0
2026-04-07 12:11:46 | INFO | [Round 1] Epoch 34/80 time=00:00.09 avg=00:00.20 ETA=00:09.15 | GPU MB alloc/reserved=69.9/848.0
2026-04-07 12:11:47 | INFO | [Round 1] epoch=35/80 loss=1.6249 acc=37.83 val_acc=nan data_t=0.0055s batch_t=0.0155s epoch_t=00:00.11 lr=0.000602 | GPU MB alloc/reserved=69.9/848.0
2026-04-07 12:11:47 | INFO | [Round 1] Epoch 35/80 time=00:00.11 avg=00:00.20 ETA=00:08.83 | GPU MB alloc/reserved=69.9/848.0
2026-04-07 12:11:47 | INFO | [Round 1] epoch=36/80 loss=1.6189 acc=36.50 val_acc=nan data_t=0.0048s batch_t=0.0338s epoch_t=00:00.19 lr=0.000582 | GPU MB alloc/reserved=69.9/848.0
2026-04-07 12:11:47 | INFO | [Round 1] Epoch 36/80 time=00:00.19 avg=00:00.20 ETA=00:08.63 | GPU MB alloc/reserved=69.9/848.0
2026-04-07 12:11:47 | INFO | [Round 1] epoch=37/80 loss=1.6372 acc=39.00 val_acc=nan data_t=0.0117s batch_t=0.0341s epoch_t=00:00.23 lr=0.000563 | GPU MB alloc/reserved=69.9/848.0
2026-04-07 12:11:47 | INFO | [Round 1] Epoch 37/80 time=00:00.23 avg=00:00.20 ETA=00:08.47 | GPU MB alloc/reserved=69.9/848.0
2026-04-07 12:11:47 | INFO | [Round 1] epoch=38/80 loss=1.5957 acc=38.83 val_acc=nan data_t=0.0117s batch_t=0.0342s epoch_t=00:00.23 lr=0.000544 | GPU MB alloc/reserved=69.9/848.0
2026-04-07 12:11:47 | INFO | [Round 1] Epoch 38/80 time=00:00.23 avg=00:00.20 ETA=00:08.31 | GPU MB alloc/reserved=69.9/848.0
2026-04-07 12:11:47 | INFO | [Round 1] epoch=39/80 loss=1.5689 acc=42.50 val_acc=nan data_t=0.0113s batch_t=0.0343s epoch_t=00:00.23 lr=0.000524 | GPU MB alloc/reserved=69.9/848.0
2026-04-07 12:11:47 | INFO | [Round 1] Epoch 39/80 time=00:00.23 avg=00:00.20 ETA=00:08.15 | GPU MB alloc/reserved=69.9/848.0
2026-04-07 12:11:48 | INFO | [Round 1] epoch=40/80 loss=1.5762 acc=39.50 val_acc=nan data_t=0.0080s batch_t=0.0339s epoch_t=00:00.21 lr=0.000505 | GPU MB alloc/reserved=69.9/848.0
2026-04-07 12:11:48 | INFO | [Round 1] Epoch 40/80 time=00:00.21 avg=00:00.20 ETA=00:07.96 | GPU MB alloc/reserved=69.9/848.0
2026-04-07 12:11:48 | INFO | [Round 1] epoch=41/80 loss=1.5330 acc=41.83 val_acc=nan data_t=0.0113s batch_t=0.0341s epoch_t=00:00.23 lr=0.000486 | GPU MB alloc/reserved=69.9/848.0
2026-04-07 12:11:48 | INFO | [Round 1] Epoch 41/80 time=00:00.23 avg=00:00.20 ETA=00:07.79 | GPU MB alloc/reserved=69.9/848.0
2026-04-07 12:11:48 | INFO | [Round 1] epoch=42/80 loss=1.5443 acc=44.17 val_acc=nan data_t=0.0099s batch_t=0.0338s epoch_t=00:00.22 lr=0.000466 | GPU MB alloc/reserved=69.9/848.0
2026-04-07 12:11:48 | INFO | [Round 1] Epoch 42/80 time=00:00.22 avg=00:00.20 ETA=00:07.60 | GPU MB alloc/reserved=69.9/848.0
2026-04-07 12:11:48 | INFO | [Round 1] epoch=43/80 loss=1.5031 acc=44.00 val_acc=nan data_t=0.0079s batch_t=0.0341s epoch_t=00:00.21 lr=0.000447 | GPU MB alloc/reserved=69.9/848.0
2026-04-07 12:11:48 | INFO | [Round 1] Epoch 43/80 time=00:00.21 avg=00:00.20 ETA=00:07.41 | GPU MB alloc/reserved=69.9/848.0
2026-04-07 12:11:49 | INFO | [Round 1] epoch=44/80 loss=1.5480 acc=41.50 val_acc=nan data_t=0.0081s batch_t=0.0340s epoch_t=00:00.21 lr=0.000428 | GPU MB alloc/reserved=69.9/848.0
2026-04-07 12:11:49 | INFO | [Round 1] Epoch 44/80 time=00:00.21 avg=00:00.20 ETA=00:07.22 | GPU MB alloc/reserved=69.9/848.0
2026-04-07 12:11:49 | INFO | [Round 1] epoch=45/80 loss=1.4735 acc=43.50 val_acc=nan data_t=0.0117s batch_t=0.0194s epoch_t=00:00.16 lr=0.000408 | GPU MB alloc/reserved=69.9/848.0
2026-04-07 12:11:49 | INFO | [Round 1] Epoch 45/80 time=00:00.16 avg=00:00.20 ETA=00:06.99 | GPU MB alloc/reserved=69.9/848.0
2026-04-07 12:11:49 | INFO | [Round 1] epoch=46/80 loss=1.4915 acc=46.33 val_acc=nan data_t=0.0111s batch_t=0.0081s epoch_t=00:00.10 lr=0.000389 | GPU MB alloc/reserved=69.9/848.0
2026-04-07 12:11:49 | INFO | [Round 1] Epoch 46/80 time=00:00.10 avg=00:00.20 ETA=00:06.71 | GPU MB alloc/reserved=69.9/848.0
2026-04-07 12:11:49 | INFO | [Round 1] epoch=47/80 loss=1.5376 acc=43.67 val_acc=nan data_t=0.0052s batch_t=0.0219s epoch_t=00:00.14 lr=0.000371 | GPU MB alloc/reserved=69.9/848.0
2026-04-07 12:11:49 | INFO | [Round 1] Epoch 47/80 time=00:00.14 avg=00:00.20 ETA=00:06.47 | GPU MB alloc/reserved=69.9/848.0
2026-04-07 12:11:49 | INFO | [Round 1] epoch=48/80 loss=1.4870 acc=44.33 val_acc=nan data_t=0.0050s batch_t=0.0341s epoch_t=00:00.20 lr=0.000352 | GPU MB alloc/reserved=69.9/848.0
2026-04-07 12:11:49 | INFO | [Round 1] Epoch 48/80 time=00:00.20 avg=00:00.20 ETA=00:06.27 | GPU MB alloc/reserved=69.9/848.0
2026-04-07 12:11:49 | INFO | [Round 1] epoch=49/80 loss=1.4938 acc=44.33 val_acc=nan data_t=0.0052s batch_t=0.0343s epoch_t=00:00.20 lr=0.000334 | GPU MB alloc/reserved=69.9/848.0
2026-04-07 12:11:49 | INFO | [Round 1] Epoch 49/80 time=00:00.20 avg=00:00.20 ETA=00:06.08 | GPU MB alloc/reserved=69.9/848.0
2026-04-07 12:11:50 | INFO | [Round 1] epoch=50/80 loss=1.4722 acc=46.00 val_acc=nan data_t=0.0076s batch_t=0.0341s epoch_t=00:00.21 lr=0.000316 | GPU MB alloc/reserved=69.9/848.0
2026-04-07 12:11:50 | INFO | [Round 1] Epoch 50/80 time=00:00.21 avg=00:00.20 ETA=00:05.89 | GPU MB alloc/reserved=69.9/848.0
2026-04-07 12:11:50 | INFO | [Round 1] epoch=51/80 loss=1.4478 acc=45.17 val_acc=nan data_t=0.0077s batch_t=0.0340s epoch_t=00:00.21 lr=0.000298 | GPU MB alloc/reserved=69.9/848.0
2026-04-07 12:11:50 | INFO | [Round 1] Epoch 51/80 time=00:00.21 avg=00:00.20 ETA=00:05.70 | GPU MB alloc/reserved=69.9/848.0
2026-04-07 12:11:50 | INFO | [Round 1] epoch=52/80 loss=1.4688 acc=46.17 val_acc=nan data_t=0.0078s batch_t=0.0339s epoch_t=00:00.21 lr=0.000280 | GPU MB alloc/reserved=69.9/848.0
2026-04-07 12:11:50 | INFO | [Round 1] Epoch 52/80 time=00:00.21 avg=00:00.20 ETA=00:05.51 | GPU MB alloc/reserved=69.9/848.0
2026-04-07 12:11:50 | INFO | [Round 1] epoch=53/80 loss=1.4394 acc=46.17 val_acc=nan data_t=0.0122s batch_t=0.0341s epoch_t=00:00.23 lr=0.000263 | GPU MB alloc/reserved=69.9/848.0
2026-04-07 12:11:50 | INFO | [Round 1] Epoch 53/80 time=00:00.23 avg=00:00.20 ETA=00:05.33 | GPU MB alloc/reserved=69.9/848.0
2026-04-07 12:11:50 | INFO | [Round 1] epoch=54/80 loss=1.3984 acc=47.83 val_acc=nan data_t=0.0110s batch_t=0.0341s epoch_t=00:00.23 lr=0.000246 | GPU MB alloc/reserved=69.9/848.0
2026-04-07 12:11:50 | INFO | [Round 1] Epoch 54/80 time=00:00.23 avg=00:00.20 ETA=00:05.15 | GPU MB alloc/reserved=69.9/848.0
2026-04-07 12:11:51 | INFO | [Round 1] epoch=55/80 loss=1.4229 acc=50.00 val_acc=nan data_t=0.0052s batch_t=0.0342s epoch_t=00:00.20 lr=0.000230 | GPU MB alloc/reserved=69.9/848.0
2026-04-07 12:11:51 | INFO | [Round 1] Epoch 55/80 time=00:00.20 avg=00:00.20 ETA=00:04.95 | GPU MB alloc/reserved=69.9/848.0
2026-04-07 12:11:51 | INFO | [Round 1] epoch=56/80 loss=1.4126 acc=50.00 val_acc=nan data_t=0.0104s batch_t=0.0339s epoch_t=00:00.22 lr=0.000214 | GPU MB alloc/reserved=69.9/848.0
2026-04-07 12:11:51 | INFO | [Round 1] Epoch 56/80 time=00:00.22 avg=00:00.20 ETA=00:04.76 | GPU MB alloc/reserved=69.9/848.0
2026-04-07 12:11:51 | INFO | [Round 1] epoch=57/80 loss=1.4233 acc=47.50 val_acc=nan data_t=0.0123s batch_t=0.0246s epoch_t=00:00.18 lr=0.000199 | GPU MB alloc/reserved=69.9/848.0
2026-04-07 12:11:51 | INFO | [Round 1] Epoch 57/80 time=00:00.18 avg=00:00.20 ETA=00:04.56 | GPU MB alloc/reserved=69.9/848.0
2026-04-07 12:11:51 | INFO | [Round 1] epoch=58/80 loss=1.4191 acc=45.17 val_acc=nan data_t=0.0089s batch_t=0.0093s epoch_t=00:00.09 lr=0.000184 | GPU MB alloc/reserved=69.9/848.0
2026-04-07 12:11:51 | INFO | [Round 1] Epoch 58/80 time=00:00.09 avg=00:00.20 ETA=00:04.32 | GPU MB alloc/reserved=69.9/848.0
2026-04-07 12:11:51 | INFO | [Round 1] epoch=59/80 loss=1.4102 acc=48.17 val_acc=nan data_t=0.0055s batch_t=0.0116s epoch_t=00:00.09 lr=0.000169 | GPU MB alloc/reserved=69.9/848.0
2026-04-07 12:11:51 | INFO | [Round 1] Epoch 59/80 time=00:00.09 avg=00:00.19 ETA=00:04.08 | GPU MB alloc/reserved=69.9/848.0
2026-04-07 12:11:51 | INFO | [Round 1] epoch=60/80 loss=1.3588 acc=50.50 val_acc=nan data_t=0.0048s batch_t=0.0339s epoch_t=00:00.19 lr=0.000155 | GPU MB alloc/reserved=69.9/848.0
2026-04-07 12:11:51 | INFO | [Round 1] Epoch 60/80 time=00:00.19 avg=00:00.19 ETA=00:03.89 | GPU MB alloc/reserved=69.9/848.0
2026-04-07 12:11:52 | INFO | [Round 1] epoch=61/80 loss=1.4072 acc=49.17 val_acc=nan data_t=0.0101s batch_t=0.0339s epoch_t=00:00.22 lr=0.000142 | GPU MB alloc/reserved=69.9/848.0
2026-04-07 12:11:52 | INFO | [Round 1] Epoch 61/80 time=00:00.22 avg=00:00.19 ETA=00:03.70 | GPU MB alloc/reserved=69.9/848.0
2026-04-07 12:11:52 | INFO | [Round 1] epoch=62/80 loss=1.3427 acc=50.50 val_acc=nan data_t=0.0096s batch_t=0.0340s epoch_t=00:00.22 lr=0.000129 | GPU MB alloc/reserved=69.9/848.0
2026-04-07 12:11:52 | INFO | [Round 1] Epoch 62/80 time=00:00.22 avg=00:00.20 ETA=00:03.51 | GPU MB alloc/reserved=69.9/848.0
2026-04-07 12:11:52 | INFO | [Round 1] epoch=63/80 loss=1.4059 acc=47.33 val_acc=nan data_t=0.0052s batch_t=0.0340s epoch_t=00:00.20 lr=0.000116 | GPU MB alloc/reserved=69.9/848.0
2026-04-07 12:11:52 | INFO | [Round 1] Epoch 63/80 time=00:00.20 avg=00:00.20 ETA=00:03.32 | GPU MB alloc/reserved=69.9/848.0
2026-04-07 12:11:52 | INFO | [Round 1] epoch=64/80 loss=1.3522 acc=50.00 val_acc=nan data_t=0.0087s batch_t=0.0340s epoch_t=00:00.21 lr=0.000105 | GPU MB alloc/reserved=69.9/848.0
2026-04-07 12:11:52 | INFO | [Round 1] Epoch 64/80 time=00:00.21 avg=00:00.20 ETA=00:03.13 | GPU MB alloc/reserved=69.9/848.0
2026-04-07 12:11:52 | INFO | [Round 1] epoch=65/80 loss=1.3706 acc=51.83 val_acc=nan data_t=0.0087s batch_t=0.0342s epoch_t=00:00.21 lr=0.000093 | GPU MB alloc/reserved=69.9/848.0
2026-04-07 12:11:52 | INFO | [Round 1] Epoch 65/80 time=00:00.21 avg=00:00.20 ETA=00:02.94 | GPU MB alloc/reserved=69.9/848.0
2026-04-07 12:11:53 | INFO | [Round 1] epoch=66/80 loss=1.3514 acc=50.83 val_acc=nan data_t=0.0091s batch_t=0.0342s epoch_t=00:00.22 lr=0.000083 | GPU MB alloc/reserved=69.9/848.0
2026-04-07 12:11:53 | INFO | [Round 1] Epoch 66/80 time=00:00.22 avg=00:00.20 ETA=00:02.75 | GPU MB alloc/reserved=69.9/848.0
2026-04-07 12:11:53 | INFO | [Round 1] epoch=67/80 loss=1.3371 acc=51.33 val_acc=nan data_t=0.0093s batch_t=0.0341s epoch_t=00:00.22 lr=0.000073 | GPU MB alloc/reserved=69.9/848.0
2026-04-07 12:11:53 | INFO | [Round 1] Epoch 67/80 time=00:00.22 avg=00:00.20 ETA=00:02.55 | GPU MB alloc/reserved=69.9/848.0
2026-04-07 12:11:53 | INFO | [Round 1] epoch=68/80 loss=1.3747 acc=49.00 val_acc=nan data_t=0.0089s batch_t=0.0340s epoch_t=00:00.21 lr=0.000064 | GPU MB alloc/reserved=69.9/848.0
2026-04-07 12:11:53 | INFO | [Round 1] Epoch 68/80 time=00:00.21 avg=00:00.20 ETA=00:02.36 | GPU MB alloc/reserved=69.9/848.0
2026-04-07 12:11:53 | INFO | [Round 1] epoch=69/80 loss=1.3147 acc=50.00 val_acc=nan data_t=0.0109s batch_t=0.0342s epoch_t=00:00.23 lr=0.000055 | GPU MB alloc/reserved=69.9/848.0
2026-04-07 12:11:53 | INFO | [Round 1] Epoch 69/80 time=00:00.23 avg=00:00.20 ETA=00:02.17 | GPU MB alloc/reserved=69.9/848.0
2026-04-07 12:11:53 | INFO | [Round 1] epoch=70/80 loss=1.3156 acc=52.33 val_acc=nan data_t=0.0085s batch_t=0.0101s epoch_t=00:00.09 lr=0.000048 | GPU MB alloc/reserved=69.9/848.0
2026-04-07 12:11:53 | INFO | [Round 1] Epoch 70/80 time=00:00.09 avg=00:00.20 ETA=00:01.96 | GPU MB alloc/reserved=69.9/848.0
2026-04-07 12:11:54 | INFO | [Round 1] epoch=71/80 loss=1.3591 acc=49.67 val_acc=nan data_t=0.0060s batch_t=0.0084s epoch_t=00:00.07 lr=0.000041 | GPU MB alloc/reserved=69.9/848.0
2026-04-07 12:11:54 | INFO | [Round 1] Epoch 71/80 time=00:00.07 avg=00:00.19 ETA=00:01.74 | GPU MB alloc/reserved=69.9/848.0
2026-04-07 12:11:54 | INFO | [Round 1] epoch=72/80 loss=1.3659 acc=48.83 val_acc=nan data_t=0.0048s batch_t=0.0341s epoch_t=00:00.19 lr=0.000034 | GPU MB alloc/reserved=69.9/848.0
2026-04-07 12:11:54 | INFO | [Round 1] Epoch 72/80 time=00:00.19 avg=00:00.19 ETA=00:01.55 | GPU MB alloc/reserved=69.9/848.0
2026-04-07 12:11:54 | INFO | [Round 1] epoch=73/80 loss=1.3211 acc=52.33 val_acc=nan data_t=0.0080s batch_t=0.0341s epoch_t=00:00.21 lr=0.000029 | GPU MB alloc/reserved=69.9/848.0
2026-04-07 12:11:54 | INFO | [Round 1] Epoch 73/80 time=00:00.21 avg=00:00.19 ETA=00:01.36 | GPU MB alloc/reserved=69.9/848.0
2026-04-07 12:11:54 | INFO | [Round 1] epoch=74/80 loss=1.3273 acc=52.00 val_acc=nan data_t=0.0084s batch_t=0.0341s epoch_t=00:00.21 lr=0.000024 | GPU MB alloc/reserved=69.9/848.0
2026-04-07 12:11:54 | INFO | [Round 1] Epoch 74/80 time=00:00.21 avg=00:00.19 ETA=00:01.17 | GPU MB alloc/reserved=69.9/848.0
2026-04-07 12:11:54 | INFO | [Round 1] epoch=75/80 loss=1.3114 acc=52.50 val_acc=nan data_t=0.0092s batch_t=0.0341s epoch_t=00:00.22 lr=0.000020 | GPU MB alloc/reserved=69.9/848.0
2026-04-07 12:11:54 | INFO | [Round 1] Epoch 75/80 time=00:00.22 avg=00:00.19 ETA=00:00.97 | GPU MB alloc/reserved=69.9/848.0
2026-04-07 12:11:55 | INFO | [Round 1] epoch=76/80 loss=1.3279 acc=50.17 val_acc=nan data_t=0.0086s batch_t=0.0343s epoch_t=00:00.21 lr=0.000016 | GPU MB alloc/reserved=69.9/848.0
2026-04-07 12:11:55 | INFO | [Round 1] Epoch 76/80 time=00:00.21 avg=00:00.19 ETA=00:00.78 | GPU MB alloc/reserved=69.9/848.0
2026-04-07 12:11:55 | INFO | [Round 1] epoch=77/80 loss=1.3551 acc=50.67 val_acc=nan data_t=0.0101s batch_t=0.0340s epoch_t=00:00.22 lr=0.000013 | GPU MB alloc/reserved=69.9/848.0
2026-04-07 12:11:55 | INFO | [Round 1] Epoch 77/80 time=00:00.22 avg=00:00.20 ETA=00:00.59 | GPU MB alloc/reserved=69.9/848.0
2026-04-07 12:11:55 | INFO | [Round 1] epoch=78/80 loss=1.3360 acc=50.33 val_acc=nan data_t=0.0098s batch_t=0.0340s epoch_t=00:00.22 lr=0.000012 | GPU MB alloc/reserved=69.9/848.0
2026-04-07 12:11:55 | INFO | [Round 1] Epoch 78/80 time=00:00.22 avg=00:00.20 ETA=00:00.39 | GPU MB alloc/reserved=69.9/848.0
2026-04-07 12:11:55 | INFO | [Round 1] epoch=79/80 loss=1.3344 acc=50.17 val_acc=nan data_t=0.0103s batch_t=0.0339s epoch_t=00:00.22 lr=0.000010 | GPU MB alloc/reserved=69.9/848.0
2026-04-07 12:11:55 | INFO | [Round 1] Epoch 79/80 time=00:00.22 avg=00:00.20 ETA=00:00.20 | GPU MB alloc/reserved=69.9/848.0
2026-04-07 12:11:55 | INFO | [Round 1] epoch=80/80 loss=1.3235 acc=51.67 val_acc=nan data_t=0.0103s batch_t=0.0339s epoch_t=00:00.22 lr=0.000010 | GPU MB alloc/reserved=69.9/848.0
2026-04-07 12:11:55 | INFO | [Round 1] Epoch 80/80 time=00:00.22 avg=00:00.20 ETA=00:00.00 | GPU MB alloc/reserved=69.9/848.0
2026-04-07 12:11:56 | INFO | [Round 1] training complete in 00:15.80 (best monitor=52.500) | GPU MB alloc/reserved=69.9/848.0
2026-04-07 12:11:56 | INFO | [Round 1] evaluation started | GPU MB alloc/reserved=52.0/848.0
2026-04-07 12:11:58 | INFO | [Round 1] clean=43.27 fgsm=35.92 pgd=35.88 grad_disp_mean=nan grad_disp_sel=nan round_t=20.08s | GPU MB alloc/reserved=52.0/848.0
2026-04-07 12:11:58 | INFO | [Round 2/21] elapsed=00:20.08 avg_round=00:18.61 projected_remaining=05:53.51 | GPU MB alloc/reserved=52.0/848.0
2026-04-07 12:11:59 | INFO | [Round 2] acquisition on pool_size=49400 scored_pool=5000 budget=100 | GPU MB alloc/reserved=34.1/848.0
2026-04-07 12:11:59 | INFO | [CoreSet-unlabeled-feat] scoring progress 10/20 elapsed=00:00.21 avg/batch=0.021s ETA=00:00.21 | GPU MB alloc/reserved=40.6/848.0
2026-04-07 12:12:00 | INFO | [CoreSet-unlabeled-feat] scoring progress 20/20 elapsed=00:00.23 avg/batch=0.012s ETA=00:00.00 | GPU MB alloc/reserved=41.5/848.0
2026-04-07 12:12:00 | INFO | [CoreSet-labeled-feat] scoring progress 3/3 elapsed=00:00.18 avg/batch=0.061s ETA=00:00.00 | GPU MB alloc/reserved=41.2/848.0
2026-04-07 12:12:00 | INFO | [CoreSet] greedy 10/100 cover_radius=21.635046 | GPU: n/a
2026-04-07 12:12:00 | INFO | [CoreSet] greedy 20/100 cover_radius=19.684679 | GPU: n/a
2026-04-07 12:12:00 | INFO | [CoreSet] greedy 30/100 cover_radius=18.812241 | GPU: n/a
2026-04-07 12:12:00 | INFO | [CoreSet] greedy 40/100 cover_radius=18.136534 | GPU: n/a
2026-04-07 12:12:00 | INFO | [CoreSet] greedy 50/100 cover_radius=17.469986 | GPU: n/a
2026-04-07 12:12:00 | INFO | [CoreSet] greedy 60/100 cover_radius=16.934320 | GPU: n/a
2026-04-07 12:12:00 | INFO | [CoreSet] greedy 70/100 cover_radius=16.506273 | GPU: n/a
2026-04-07 12:12:00 | INFO | [CoreSet] greedy 80/100 cover_radius=16.270844 | GPU: n/a
2026-04-07 12:12:00 | INFO | [CoreSet] greedy 90/100 cover_radius=16.043154 | GPU: n/a
2026-04-07 12:12:00 | INFO | [CoreSet] greedy 100/100 cover_radius=15.758183 | GPU: n/a
2026-04-07 12:12:01 | INFO | [Round 2] labeled=700 train=700 val_fixed=0 | GPU MB alloc/reserved=43.1/848.0
2026-04-07 12:12:01 | INFO | [Round 2] epoch=1/80 loss=5.1844 acc=12.86 val_acc=nan data_t=0.0272s batch_t=0.0365s epoch_t=00:00.38 lr=0.001000 | GPU MB alloc/reserved=69.9/852.0
2026-04-07 12:12:01 | INFO | [Round 2] Epoch 1/80 time=00:00.38 avg=00:00.38 ETA=00:30.22 | GPU MB alloc/reserved=69.9/852.0
2026-04-07 12:12:01 | INFO | [Round 2] epoch=2/80 loss=3.1696 acc=12.57 val_acc=nan data_t=0.0045s batch_t=0.0338s epoch_t=00:00.23 lr=0.000998 | GPU MB alloc/reserved=69.9/852.0
2026-04-07 12:12:01 | INFO | [Round 2] Epoch 2/80 time=00:00.23 avg=00:00.31 ETA=00:23.88 | GPU MB alloc/reserved=69.9/852.0
2026-04-07 12:12:01 | INFO | [Round 2] epoch=3/80 loss=2.3516 acc=19.00 val_acc=nan data_t=0.0062s batch_t=0.0341s epoch_t=00:00.24 lr=0.000997 | GPU MB alloc/reserved=69.9/852.0
2026-04-07 12:12:01 | INFO | [Round 2] Epoch 3/80 time=00:00.24 avg=00:00.28 ETA=00:21.92 | GPU MB alloc/reserved=69.9/852.0
2026-04-07 12:12:02 | INFO | [Round 2] epoch=4/80 loss=2.1588 acc=20.86 val_acc=nan data_t=0.0084s batch_t=0.0339s epoch_t=00:00.25 lr=0.000994 | GPU MB alloc/reserved=69.9/852.0
2026-04-07 12:12:02 | INFO | [Round 2] Epoch 4/80 time=00:00.25 avg=00:00.28 ETA=00:21.04 | GPU MB alloc/reserved=69.9/852.0
2026-04-07 12:12:02 | INFO | [Round 2] epoch=5/80 loss=2.0754 acc=25.14 val_acc=nan data_t=0.0085s batch_t=0.0338s epoch_t=00:00.25 lr=0.000990 | GPU MB alloc/reserved=69.9/852.0
2026-04-07 12:12:02 | INFO | [Round 2] Epoch 5/80 time=00:00.25 avg=00:00.27 ETA=00:20.42 | GPU MB alloc/reserved=69.9/852.0
2026-04-07 12:12:02 | INFO | [Round 2] epoch=6/80 loss=2.0406 acc=24.29 val_acc=nan data_t=0.0099s batch_t=0.0336s epoch_t=00:00.26 lr=0.000986 | GPU MB alloc/reserved=69.9/852.0
2026-04-07 12:12:02 | INFO | [Round 2] Epoch 6/80 time=00:00.26 avg=00:00.27 ETA=00:20.01 | GPU MB alloc/reserved=69.9/852.0
2026-04-07 12:12:02 | INFO | [Round 2] epoch=7/80 loss=1.9941 acc=28.00 val_acc=nan data_t=0.0099s batch_t=0.0339s epoch_t=00:00.26 lr=0.000981 | GPU MB alloc/reserved=69.9/852.0
2026-04-07 12:12:02 | INFO | [Round 2] Epoch 7/80 time=00:00.26 avg=00:00.27 ETA=00:19.66 | GPU MB alloc/reserved=69.9/852.0
2026-04-07 12:12:03 | INFO | [Round 2] epoch=8/80 loss=1.9486 acc=28.86 val_acc=nan data_t=0.0064s batch_t=0.0179s epoch_t=00:00.15 lr=0.000976 | GPU MB alloc/reserved=69.9/852.0
2026-04-07 12:12:03 | INFO | [Round 2] Epoch 8/80 time=00:00.15 avg=00:00.25 ETA=00:18.28 | GPU MB alloc/reserved=69.9/852.0
2026-04-07 12:12:03 | INFO | [Round 2] epoch=9/80 loss=1.9421 acc=30.57 val_acc=nan data_t=0.0070s batch_t=0.0081s epoch_t=00:00.09 lr=0.000969 | GPU MB alloc/reserved=69.9/852.0
2026-04-07 12:12:03 | INFO | [Round 2] Epoch 9/80 time=00:00.09 avg=00:00.24 ETA=00:16.74 | GPU MB alloc/reserved=69.9/852.0
2026-04-07 12:12:03 | INFO | [Round 2] epoch=10/80 loss=1.8994 acc=31.29 val_acc=nan data_t=0.0046s batch_t=0.0262s epoch_t=00:00.18 lr=0.000962 | GPU MB alloc/reserved=69.9/852.0
2026-04-07 12:12:03 | INFO | [Round 2] Epoch 10/80 time=00:00.18 avg=00:00.23 ETA=00:16.15 | GPU MB alloc/reserved=69.9/852.0
2026-04-07 12:12:03 | INFO | [Round 2] epoch=11/80 loss=1.8857 acc=32.43 val_acc=nan data_t=0.0072s batch_t=0.0339s epoch_t=00:00.25 lr=0.000955 | GPU MB alloc/reserved=69.9/852.0
2026-04-07 12:12:03 | INFO | [Round 2] Epoch 11/80 time=00:00.25 avg=00:00.23 ETA=00:16.02 | GPU MB alloc/reserved=69.9/852.0
2026-04-07 12:12:03 | INFO | [Round 2] epoch=12/80 loss=1.8374 acc=31.71 val_acc=nan data_t=0.0087s batch_t=0.0338s epoch_t=00:00.26 lr=0.000946 | GPU MB alloc/reserved=69.9/852.0
2026-04-07 12:12:03 | INFO | [Round 2] Epoch 12/80 time=00:00.26 avg=00:00.23 ETA=00:15.92 | GPU MB alloc/reserved=69.9/852.0
2026-04-07 12:12:04 | INFO | [Round 2] epoch=13/80 loss=1.8354 acc=31.71 val_acc=nan data_t=0.0085s batch_t=0.0338s epoch_t=00:00.25 lr=0.000937 | GPU MB alloc/reserved=69.9/852.0
2026-04-07 12:12:04 | INFO | [Round 2] Epoch 13/80 time=00:00.25 avg=00:00.24 ETA=00:15.79 | GPU MB alloc/reserved=69.9/852.0
2026-04-07 12:12:04 | INFO | [Round 2] epoch=14/80 loss=1.8382 acc=33.57 val_acc=nan data_t=0.0085s batch_t=0.0338s epoch_t=00:00.25 lr=0.000927 | GPU MB alloc/reserved=69.9/852.0
2026-04-07 12:12:04 | INFO | [Round 2] Epoch 14/80 time=00:00.25 avg=00:00.24 ETA=00:15.64 | GPU MB alloc/reserved=69.9/852.0
2026-04-07 12:12:04 | INFO | [Round 2] epoch=15/80 loss=1.7865 acc=34.14 val_acc=nan data_t=0.0091s batch_t=0.0338s epoch_t=00:00.26 lr=0.000917 | GPU MB alloc/reserved=69.9/852.0
2026-04-07 12:12:04 | INFO | [Round 2] Epoch 15/80 time=00:00.26 avg=00:00.24 ETA=00:15.49 | GPU MB alloc/reserved=69.9/852.0
2026-04-07 12:12:04 | INFO | [Round 2] epoch=16/80 loss=1.7755 acc=35.14 val_acc=nan data_t=0.0044s batch_t=0.0339s epoch_t=00:00.23 lr=0.000905 | GPU MB alloc/reserved=69.9/852.0
2026-04-07 12:12:04 | INFO | [Round 2] Epoch 16/80 time=00:00.23 avg=00:00.24 ETA=00:15.22 | GPU MB alloc/reserved=69.9/852.0
2026-04-07 12:12:05 | INFO | [Round 2] epoch=17/80 loss=1.7326 acc=36.71 val_acc=nan data_t=0.0113s batch_t=0.0340s epoch_t=00:00.27 lr=0.000894 | GPU MB alloc/reserved=69.9/852.0
2026-04-07 12:12:05 | INFO | [Round 2] Epoch 17/80 time=00:00.27 avg=00:00.24 ETA=00:15.11 | GPU MB alloc/reserved=69.9/852.0
2026-04-07 12:12:05 | INFO | [Round 2] epoch=18/80 loss=1.7545 acc=38.00 val_acc=nan data_t=0.0068s batch_t=0.0327s epoch_t=00:00.24 lr=0.000881 | GPU MB alloc/reserved=69.9/852.0
2026-04-07 12:12:05 | INFO | [Round 2] Epoch 18/80 time=00:00.24 avg=00:00.24 ETA=00:14.86 | GPU MB alloc/reserved=69.9/852.0
2026-04-07 12:12:05 | INFO | [Round 2] epoch=19/80 loss=1.6744 acc=39.86 val_acc=nan data_t=0.0071s batch_t=0.0130s epoch_t=00:00.12 lr=0.000868 | GPU MB alloc/reserved=69.9/852.0
2026-04-07 12:12:05 | INFO | [Round 2] Epoch 19/80 time=00:00.12 avg=00:00.23 ETA=00:14.24 | GPU MB alloc/reserved=69.9/852.0
2026-04-07 12:12:05 | INFO | [Round 2] epoch=20/80 loss=1.6712 acc=37.86 val_acc=nan data_t=0.0050s batch_t=0.0126s epoch_t=00:00.11 lr=0.000855 | GPU MB alloc/reserved=69.9/852.0
2026-04-07 12:12:05 | INFO | [Round 2] Epoch 20/80 time=00:00.11 avg=00:00.23 ETA=00:13.62 | GPU MB alloc/reserved=69.9/852.0
2026-04-07 12:12:05 | INFO | [Round 2] epoch=21/80 loss=1.6633 acc=37.29 val_acc=nan data_t=0.0058s batch_t=0.0338s epoch_t=00:00.24 lr=0.000841 | GPU MB alloc/reserved=69.9/852.0
2026-04-07 12:12:05 | INFO | [Round 2] Epoch 21/80 time=00:00.24 avg=00:00.23 ETA=00:13.42 | GPU MB alloc/reserved=69.9/852.0
2026-04-07 12:12:06 | INFO | [Round 2] epoch=22/80 loss=1.6172 acc=41.43 val_acc=nan data_t=0.0057s batch_t=0.0338s epoch_t=00:00.24 lr=0.000826 | GPU MB alloc/reserved=69.9/852.0
2026-04-07 12:12:06 | INFO | [Round 2] Epoch 22/80 time=00:00.24 avg=00:00.23 ETA=00:13.22 | GPU MB alloc/reserved=69.9/852.0
2026-04-07 12:12:06 | INFO | [Round 2] epoch=23/80 loss=1.5731 acc=42.14 val_acc=nan data_t=0.0064s batch_t=0.0337s epoch_t=00:00.24 lr=0.000811 | GPU MB alloc/reserved=69.9/852.0
2026-04-07 12:12:06 | INFO | [Round 2] Epoch 23/80 time=00:00.24 avg=00:00.23 ETA=00:13.02 | GPU MB alloc/reserved=69.9/852.0
2026-04-07 12:12:06 | INFO | [Round 2] epoch=24/80 loss=1.5891 acc=41.29 val_acc=nan data_t=0.0068s batch_t=0.0340s epoch_t=00:00.24 lr=0.000796 | GPU MB alloc/reserved=69.9/852.0
2026-04-07 12:12:06 | INFO | [Round 2] Epoch 24/80 time=00:00.24 avg=00:00.23 ETA=00:12.83 | GPU MB alloc/reserved=69.9/852.0
2026-04-07 12:12:06 | INFO | [Round 2] epoch=25/80 loss=1.5236 acc=44.86 val_acc=nan data_t=0.0071s batch_t=0.0338s epoch_t=00:00.25 lr=0.000780 | GPU MB alloc/reserved=69.9/852.0
2026-04-07 12:12:06 | INFO | [Round 2] Epoch 25/80 time=00:00.25 avg=00:00.23 ETA=00:12.64 | GPU MB alloc/reserved=69.9/852.0
2026-04-07 12:12:07 | INFO | [Round 2] epoch=26/80 loss=1.4993 acc=46.00 val_acc=nan data_t=0.0084s batch_t=0.0337s epoch_t=00:00.25 lr=0.000764 | GPU MB alloc/reserved=69.9/852.0
2026-04-07 12:12:07 | INFO | [Round 2] Epoch 26/80 time=00:00.25 avg=00:00.23 ETA=00:12.46 | GPU MB alloc/reserved=69.9/852.0
2026-04-07 12:12:07 | INFO | [Round 2] epoch=27/80 loss=1.5032 acc=44.00 val_acc=nan data_t=0.0081s batch_t=0.0340s epoch_t=00:00.25 lr=0.000747 | GPU MB alloc/reserved=69.9/852.0
2026-04-07 12:12:07 | INFO | [Round 2] Epoch 27/80 time=00:00.25 avg=00:00.23 ETA=00:12.27 | GPU MB alloc/reserved=69.9/852.0
2026-04-07 12:12:07 | INFO | [Round 2] epoch=28/80 loss=1.4877 acc=45.86 val_acc=nan data_t=0.0073s batch_t=0.0340s epoch_t=00:00.25 lr=0.000730 | GPU MB alloc/reserved=69.9/852.0
2026-04-07 12:12:07 | INFO | [Round 2] Epoch 28/80 time=00:00.25 avg=00:00.23 ETA=00:12.07 | GPU MB alloc/reserved=69.9/852.0
2026-04-07 12:12:07 | INFO | [Round 2] epoch=29/80 loss=1.4443 acc=46.86 val_acc=nan data_t=0.0079s batch_t=0.0219s epoch_t=00:00.18 lr=0.000712 | GPU MB alloc/reserved=69.9/852.0
2026-04-07 12:12:07 | INFO | [Round 2] Epoch 29/80 time=00:00.18 avg=00:00.23 ETA=00:11.74 | GPU MB alloc/reserved=69.9/852.0
2026-04-07 12:12:07 | INFO | [Round 2] epoch=30/80 loss=1.4237 acc=49.29 val_acc=nan data_t=0.0091s batch_t=0.0082s epoch_t=00:00.10 lr=0.000694 | GPU MB alloc/reserved=69.9/852.0
2026-04-07 12:12:07 | INFO | [Round 2] Epoch 30/80 time=00:00.10 avg=00:00.23 ETA=00:11.30 | GPU MB alloc/reserved=69.9/852.0
2026-04-07 12:12:08 | INFO | [Round 2] epoch=31/80 loss=1.4086 acc=47.86 val_acc=nan data_t=0.0044s batch_t=0.0327s epoch_t=00:00.22 lr=0.000676 | GPU MB alloc/reserved=69.9/852.0
2026-04-07 12:12:08 | INFO | [Round 2] Epoch 31/80 time=00:00.22 avg=00:00.23 ETA=00:11.07 | GPU MB alloc/reserved=69.9/852.0
2026-04-07 12:12:08 | INFO | [Round 2] epoch=32/80 loss=1.4140 acc=48.57 val_acc=nan data_t=0.0046s batch_t=0.0339s epoch_t=00:00.23 lr=0.000658 | GPU MB alloc/reserved=69.9/852.0
2026-04-07 12:12:08 | INFO | [Round 2] Epoch 32/80 time=00:00.23 avg=00:00.23 ETA=00:10.85 | GPU MB alloc/reserved=69.9/852.0
2026-04-07 12:12:08 | INFO | [Round 2] epoch=33/80 loss=1.3456 acc=49.86 val_acc=nan data_t=0.0087s batch_t=0.0341s epoch_t=00:00.26 lr=0.000639 | GPU MB alloc/reserved=69.9/852.0
2026-04-07 12:12:08 | INFO | [Round 2] Epoch 33/80 time=00:00.26 avg=00:00.23 ETA=00:10.67 | GPU MB alloc/reserved=69.9/852.0
2026-04-07 12:12:08 | INFO | [Round 2] epoch=34/80 loss=1.3617 acc=48.29 val_acc=nan data_t=0.0064s batch_t=0.0340s epoch_t=00:00.24 lr=0.000621 | GPU MB alloc/reserved=69.9/852.0
2026-04-07 12:12:08 | INFO | [Round 2] Epoch 34/80 time=00:00.24 avg=00:00.23 ETA=00:10.46 | GPU MB alloc/reserved=69.9/852.0
2026-04-07 12:12:09 | INFO | [Round 2] epoch=35/80 loss=1.3570 acc=48.29 val_acc=nan data_t=0.0062s batch_t=0.0340s epoch_t=00:00.24 lr=0.000602 | GPU MB alloc/reserved=69.9/852.0
2026-04-07 12:12:09 | INFO | [Round 2] Epoch 35/80 time=00:00.24 avg=00:00.23 ETA=00:10.25 | GPU MB alloc/reserved=69.9/852.0
2026-04-07 12:12:09 | INFO | [Round 2] epoch=36/80 loss=1.3103 acc=51.57 val_acc=nan data_t=0.0065s batch_t=0.0340s epoch_t=00:00.24 lr=0.000582 | GPU MB alloc/reserved=69.9/852.0
2026-04-07 12:12:09 | INFO | [Round 2] Epoch 36/80 time=00:00.24 avg=00:00.23 ETA=00:10.05 | GPU MB alloc/reserved=69.9/852.0
2026-04-07 12:12:09 | INFO | [Round 2] epoch=37/80 loss=1.2925 acc=51.86 val_acc=nan data_t=0.0097s batch_t=0.0339s epoch_t=00:00.26 lr=0.000563 | GPU MB alloc/reserved=69.9/852.0
2026-04-07 12:12:09 | INFO | [Round 2] Epoch 37/80 time=00:00.26 avg=00:00.23 ETA=00:09.86 | GPU MB alloc/reserved=69.9/852.0
2026-04-07 12:12:09 | INFO | [Round 2] epoch=38/80 loss=1.2792 acc=55.00 val_acc=nan data_t=0.0090s batch_t=0.0339s epoch_t=00:00.26 lr=0.000544 | GPU MB alloc/reserved=69.9/852.0
2026-04-07 12:12:09 | INFO | [Round 2] Epoch 38/80 time=00:00.26 avg=00:00.23 ETA=00:09.66 | GPU MB alloc/reserved=69.9/852.0
2026-04-07 12:12:10 | INFO | [Round 2] epoch=39/80 loss=1.2563 acc=53.71 val_acc=nan data_t=0.0109s batch_t=0.0293s epoch_t=00:00.24 lr=0.000524 | GPU MB alloc/reserved=69.9/852.0
2026-04-07 12:12:10 | INFO | [Round 2] Epoch 39/80 time=00:00.24 avg=00:00.23 ETA=00:09.44 | GPU MB alloc/reserved=69.9/852.0
2026-04-07 12:12:10 | INFO | [Round 2] epoch=40/80 loss=1.2339 acc=55.43 val_acc=nan data_t=0.0062s batch_t=0.0093s epoch_t=00:00.09 lr=0.000505 | GPU MB alloc/reserved=69.9/852.0
2026-04-07 12:12:10 | INFO | [Round 2] Epoch 40/80 time=00:00.09 avg=00:00.23 ETA=00:09.07 | GPU MB alloc/reserved=69.9/852.0
2026-04-07 12:12:10 | INFO | [Round 2] epoch=41/80 loss=1.2200 acc=53.43 val_acc=nan data_t=0.0063s batch_t=0.0222s epoch_t=00:00.17 lr=0.000486 | GPU MB alloc/reserved=69.9/852.0
2026-04-07 12:12:10 | INFO | [Round 2] Epoch 41/80 time=00:00.17 avg=00:00.23 ETA=00:08.79 | GPU MB alloc/reserved=69.9/852.0
2026-04-07 12:12:10 | INFO | [Round 2] epoch=42/80 loss=1.2153 acc=54.57 val_acc=nan data_t=0.0066s batch_t=0.0340s epoch_t=00:00.24 lr=0.000466 | GPU MB alloc/reserved=69.9/852.0
2026-04-07 12:12:10 | INFO | [Round 2] Epoch 42/80 time=00:00.24 avg=00:00.23 ETA=00:08.58 | GPU MB alloc/reserved=69.9/852.0
2026-04-07 12:12:10 | INFO | [Round 2] epoch=43/80 loss=1.2415 acc=54.57 val_acc=nan data_t=0.0103s batch_t=0.0338s epoch_t=00:00.26 lr=0.000447 | GPU MB alloc/reserved=69.9/852.0
2026-04-07 12:12:10 | INFO | [Round 2] Epoch 43/80 time=00:00.26 avg=00:00.23 ETA=00:08.39 | GPU MB alloc/reserved=69.9/852.0
2026-04-07 12:12:11 | INFO | [Round 2] epoch=44/80 loss=1.1494 acc=57.43 val_acc=nan data_t=0.0090s batch_t=0.0340s epoch_t=00:00.26 lr=0.000428 | GPU MB alloc/reserved=69.9/852.0
2026-04-07 12:12:11 | INFO | [Round 2] Epoch 44/80 time=00:00.26 avg=00:00.23 ETA=00:08.19 | GPU MB alloc/reserved=69.9/852.0
2026-04-07 12:12:11 | INFO | [Round 2] epoch=45/80 loss=1.1873 acc=56.71 val_acc=nan data_t=0.0064s batch_t=0.0341s epoch_t=00:00.24 lr=0.000408 | GPU MB alloc/reserved=69.9/852.0
2026-04-07 12:12:11 | INFO | [Round 2] Epoch 45/80 time=00:00.24 avg=00:00.23 ETA=00:07.97 | GPU MB alloc/reserved=69.9/852.0
2026-04-07 12:12:11 | INFO | [Round 2] epoch=46/80 loss=1.1473 acc=56.71 val_acc=nan data_t=0.0064s batch_t=0.0338s epoch_t=00:00.24 lr=0.000389 | GPU MB alloc/reserved=69.9/852.0
2026-04-07 12:12:11 | INFO | [Round 2] Epoch 46/80 time=00:00.24 avg=00:00.23 ETA=00:07.76 | GPU MB alloc/reserved=69.9/852.0
2026-04-07 12:12:11 | INFO | [Round 2] epoch=47/80 loss=1.1895 acc=55.00 val_acc=nan data_t=0.0065s batch_t=0.0337s epoch_t=00:00.24 lr=0.000371 | GPU MB alloc/reserved=69.9/852.0
2026-04-07 12:12:11 | INFO | [Round 2] Epoch 47/80 time=00:00.24 avg=00:00.23 ETA=00:07.54 | GPU MB alloc/reserved=69.9/852.0
2026-04-07 12:12:12 | INFO | [Round 2] epoch=48/80 loss=1.1531 acc=58.29 val_acc=nan data_t=0.0085s batch_t=0.0338s epoch_t=00:00.25 lr=0.000352 | GPU MB alloc/reserved=69.9/852.0
2026-04-07 12:12:12 | INFO | [Round 2] Epoch 48/80 time=00:00.25 avg=00:00.23 ETA=00:07.33 | GPU MB alloc/reserved=69.9/852.0
2026-04-07 12:12:12 | INFO | [Round 2] epoch=49/80 loss=1.1284 acc=58.71 val_acc=nan data_t=0.0071s batch_t=0.0340s epoch_t=00:00.25 lr=0.000334 | GPU MB alloc/reserved=69.9/852.0
2026-04-07 12:12:12 | INFO | [Round 2] Epoch 49/80 time=00:00.25 avg=00:00.23 ETA=00:07.11 | GPU MB alloc/reserved=69.9/852.0
2026-04-07 12:12:12 | INFO | [Round 2] epoch=50/80 loss=1.0953 acc=61.14 val_acc=nan data_t=0.0080s batch_t=0.0092s epoch_t=00:00.10 lr=0.000316 | GPU MB alloc/reserved=69.9/852.0
2026-04-07 12:12:12 | INFO | [Round 2] Epoch 50/80 time=00:00.10 avg=00:00.23 ETA=00:06.80 | GPU MB alloc/reserved=69.9/852.0
2026-04-07 12:12:12 | INFO | [Round 2] epoch=51/80 loss=1.0725 acc=61.57 val_acc=nan data_t=0.0063s batch_t=0.0098s epoch_t=00:00.10 lr=0.000298 | GPU MB alloc/reserved=69.9/852.0
2026-04-07 12:12:12 | INFO | [Round 2] Epoch 51/80 time=00:00.10 avg=00:00.22 ETA=00:06.50 | GPU MB alloc/reserved=69.9/852.0
2026-04-07 12:12:12 | INFO | [Round 2] epoch=52/80 loss=1.1002 acc=59.00 val_acc=nan data_t=0.0044s batch_t=0.0338s epoch_t=00:00.23 lr=0.000280 | GPU MB alloc/reserved=69.9/852.0
2026-04-07 12:12:12 | INFO | [Round 2] Epoch 52/80 time=00:00.23 avg=00:00.22 ETA=00:06.28 | GPU MB alloc/reserved=69.9/852.0
2026-04-07 12:12:13 | INFO | [Round 2] epoch=53/80 loss=1.0734 acc=60.86 val_acc=nan data_t=0.0063s batch_t=0.0339s epoch_t=00:00.24 lr=0.000263 | GPU MB alloc/reserved=69.9/852.0
2026-04-07 12:12:13 | INFO | [Round 2] Epoch 53/80 time=00:00.24 avg=00:00.22 ETA=00:06.07 | GPU MB alloc/reserved=69.9/852.0
2026-04-07 12:12:13 | INFO | [Round 2] epoch=54/80 loss=1.0520 acc=63.14 val_acc=nan data_t=0.0081s batch_t=0.0339s epoch_t=00:00.25 lr=0.000246 | GPU MB alloc/reserved=69.9/852.0
2026-04-07 12:12:13 | INFO | [Round 2] Epoch 54/80 time=00:00.25 avg=00:00.23 ETA=00:05.85 | GPU MB alloc/reserved=69.9/852.0
2026-04-07 12:12:13 | INFO | [Round 2] epoch=55/80 loss=1.0779 acc=58.29 val_acc=nan data_t=0.0063s batch_t=0.0337s epoch_t=00:00.24 lr=0.000230 | GPU MB alloc/reserved=69.9/852.0
2026-04-07 12:12:13 | INFO | [Round 2] Epoch 55/80 time=00:00.24 avg=00:00.23 ETA=00:05.64 | GPU MB alloc/reserved=69.9/852.0
2026-04-07 12:12:13 | INFO | [Round 2] epoch=56/80 loss=1.0631 acc=59.43 val_acc=nan data_t=0.0069s batch_t=0.0340s epoch_t=00:00.25 lr=0.000214 | GPU MB alloc/reserved=69.9/852.0
2026-04-07 12:12:13 | INFO | [Round 2] Epoch 56/80 time=00:00.25 avg=00:00.23 ETA=00:05.42 | GPU MB alloc/reserved=69.9/852.0
2026-04-07 12:12:14 | INFO | [Round 2] epoch=57/80 loss=0.9994 acc=63.86 val_acc=nan data_t=0.0091s batch_t=0.0339s epoch_t=00:00.26 lr=0.000199 | GPU MB alloc/reserved=69.9/852.0
2026-04-07 12:12:14 | INFO | [Round 2] Epoch 57/80 time=00:00.26 avg=00:00.23 ETA=00:05.21 | GPU MB alloc/reserved=69.9/852.0
2026-04-07 12:12:14 | INFO | [Round 2] epoch=58/80 loss=1.0244 acc=63.71 val_acc=nan data_t=0.0082s batch_t=0.0339s epoch_t=00:00.25 lr=0.000184 | GPU MB alloc/reserved=69.9/852.0
2026-04-07 12:12:14 | INFO | [Round 2] Epoch 58/80 time=00:00.25 avg=00:00.23 ETA=00:04.99 | GPU MB alloc/reserved=69.9/852.0
2026-04-07 12:12:14 | INFO | [Round 2] epoch=59/80 loss=1.0088 acc=64.43 val_acc=nan data_t=0.0064s batch_t=0.0338s epoch_t=00:00.24 lr=0.000169 | GPU MB alloc/reserved=69.9/852.0
2026-04-07 12:12:14 | INFO | [Round 2] Epoch 59/80 time=00:00.24 avg=00:00.23 ETA=00:04.77 | GPU MB alloc/reserved=69.9/852.0
2026-04-07 12:12:14 | INFO | [Round 2] epoch=60/80 loss=0.9947 acc=62.86 val_acc=nan data_t=0.0090s batch_t=0.0254s epoch_t=00:00.21 lr=0.000155 | GPU MB alloc/reserved=69.9/852.0
2026-04-07 12:12:14 | INFO | [Round 2] Epoch 60/80 time=00:00.21 avg=00:00.23 ETA=00:04.53 | GPU MB alloc/reserved=69.9/852.0
2026-04-07 12:12:14 | INFO | [Round 2] epoch=61/80 loss=0.9885 acc=63.14 val_acc=nan data_t=0.0084s batch_t=0.0098s epoch_t=00:00.11 lr=0.000142 | GPU MB alloc/reserved=69.9/852.0
2026-04-07 12:12:14 | INFO | [Round 2] Epoch 61/80 time=00:00.11 avg=00:00.22 ETA=00:04.27 | GPU MB alloc/reserved=69.9/852.0
2026-04-07 12:12:15 | INFO | [Round 2] epoch=62/80 loss=1.0244 acc=61.29 val_acc=nan data_t=0.0043s batch_t=0.0234s epoch_t=00:00.17 lr=0.000129 | GPU MB alloc/reserved=69.9/852.0
2026-04-07 12:12:15 | INFO | [Round 2] Epoch 62/80 time=00:00.17 avg=00:00.22 ETA=00:04.03 | GPU MB alloc/reserved=69.9/852.0
2026-04-07 12:12:15 | INFO | [Round 2] epoch=63/80 loss=0.9872 acc=64.86 val_acc=nan data_t=0.0080s batch_t=0.0339s epoch_t=00:00.25 lr=0.000116 | GPU MB alloc/reserved=69.9/852.0
2026-04-07 12:12:15 | INFO | [Round 2] Epoch 63/80 time=00:00.25 avg=00:00.22 ETA=00:03.81 | GPU MB alloc/reserved=69.9/852.0
2026-04-07 12:12:15 | INFO | [Round 2] epoch=64/80 loss=0.9352 acc=65.71 val_acc=nan data_t=0.0084s batch_t=0.0338s epoch_t=00:00.25 lr=0.000105 | GPU MB alloc/reserved=69.9/852.0
2026-04-07 12:12:15 | INFO | [Round 2] Epoch 64/80 time=00:00.25 avg=00:00.22 ETA=00:03.60 | GPU MB alloc/reserved=69.9/852.0
2026-04-07 12:12:15 | INFO | [Round 2] epoch=65/80 loss=0.9643 acc=66.29 val_acc=nan data_t=0.0085s batch_t=0.0340s epoch_t=00:00.25 lr=0.000093 | GPU MB alloc/reserved=69.9/852.0
2026-04-07 12:12:15 | INFO | [Round 2] Epoch 65/80 time=00:00.25 avg=00:00.23 ETA=00:03.38 | GPU MB alloc/reserved=69.9/852.0
2026-04-07 12:12:16 | INFO | [Round 2] epoch=66/80 loss=0.9583 acc=65.00 val_acc=nan data_t=0.0095s batch_t=0.0337s epoch_t=00:00.26 lr=0.000083 | GPU MB alloc/reserved=69.9/852.0
2026-04-07 12:12:16 | INFO | [Round 2] Epoch 66/80 time=00:00.26 avg=00:00.23 ETA=00:03.16 | GPU MB alloc/reserved=69.9/852.0
2026-04-07 12:12:16 | INFO | [Round 2] epoch=67/80 loss=0.9315 acc=67.57 val_acc=nan data_t=0.0082s batch_t=0.0340s epoch_t=00:00.25 lr=0.000073 | GPU MB alloc/reserved=69.9/852.0
2026-04-07 12:12:16 | INFO | [Round 2] Epoch 67/80 time=00:00.25 avg=00:00.23 ETA=00:02.94 | GPU MB alloc/reserved=69.9/852.0
2026-04-07 12:12:16 | INFO | [Round 2] epoch=68/80 loss=0.9479 acc=65.71 val_acc=nan data_t=0.0077s batch_t=0.0337s epoch_t=00:00.25 lr=0.000064 | GPU MB alloc/reserved=69.9/852.0
2026-04-07 12:12:16 | INFO | [Round 2] Epoch 68/80 time=00:00.25 avg=00:00.23 ETA=00:02.72 | GPU MB alloc/reserved=69.9/852.0
2026-04-07 12:12:16 | INFO | [Round 2] epoch=69/80 loss=0.9061 acc=68.43 val_acc=nan data_t=0.0069s batch_t=0.0338s epoch_t=00:00.24 lr=0.000055 | GPU MB alloc/reserved=69.9/852.0
2026-04-07 12:12:16 | INFO | [Round 2] Epoch 69/80 time=00:00.24 avg=00:00.23 ETA=00:02.49 | GPU MB alloc/reserved=69.9/852.0
2026-04-07 12:12:17 | INFO | [Round 2] epoch=70/80 loss=0.9437 acc=67.14 val_acc=nan data_t=0.0069s batch_t=0.0339s epoch_t=00:00.24 lr=0.000048 | GPU MB alloc/reserved=69.9/852.0
2026-04-07 12:12:17 | INFO | [Round 2] Epoch 70/80 time=00:00.24 avg=00:00.23 ETA=00:02.27 | GPU MB alloc/reserved=69.9/852.0
2026-04-07 12:12:17 | INFO | [Round 2] epoch=71/80 loss=0.9452 acc=66.43 val_acc=nan data_t=0.0093s batch_t=0.0096s epoch_t=00:00.11 lr=0.000041 | GPU MB alloc/reserved=69.9/852.0
2026-04-07 12:12:17 | INFO | [Round 2] Epoch 71/80 time=00:00.11 avg=00:00.23 ETA=00:02.03 | GPU MB alloc/reserved=69.9/852.0
2026-04-07 12:12:17 | INFO | [Round 2] epoch=72/80 loss=0.9094 acc=66.57 val_acc=nan data_t=0.0050s batch_t=0.0174s epoch_t=00:00.13 lr=0.000034 | GPU MB alloc/reserved=69.9/852.0
2026-04-07 12:12:17 | INFO | [Round 2] Epoch 72/80 time=00:00.13 avg=00:00.22 ETA=00:01.79 | GPU MB alloc/reserved=69.9/852.0
2026-04-07 12:12:17 | INFO | [Round 2] epoch=73/80 loss=0.8861 acc=68.14 val_acc=nan data_t=0.0091s batch_t=0.0340s epoch_t=00:00.26 lr=0.000029 | GPU MB alloc/reserved=69.9/852.0
2026-04-07 12:12:17 | INFO | [Round 2] Epoch 73/80 time=00:00.26 avg=00:00.22 ETA=00:01.57 | GPU MB alloc/reserved=69.9/852.0
2026-04-07 12:12:17 | INFO | [Round 2] epoch=74/80 loss=0.8847 acc=69.14 val_acc=nan data_t=0.0065s batch_t=0.0338s epoch_t=00:00.24 lr=0.000024 | GPU MB alloc/reserved=69.9/852.0
2026-04-07 12:12:17 | INFO | [Round 2] Epoch 74/80 time=00:00.24 avg=00:00.22 ETA=00:01.35 | GPU MB alloc/reserved=69.9/852.0
2026-04-07 12:12:18 | INFO | [Round 2] epoch=75/80 loss=0.9209 acc=64.29 val_acc=nan data_t=0.0063s batch_t=0.0337s epoch_t=00:00.24 lr=0.000020 | GPU MB alloc/reserved=69.9/852.0
2026-04-07 12:12:18 | INFO | [Round 2] Epoch 75/80 time=00:00.24 avg=00:00.23 ETA=00:01.13 | GPU MB alloc/reserved=69.9/852.0
2026-04-07 12:12:18 | INFO | [Round 2] epoch=76/80 loss=0.8822 acc=67.57 val_acc=nan data_t=0.0080s batch_t=0.0339s epoch_t=00:00.25 lr=0.000016 | GPU MB alloc/reserved=69.9/852.0
2026-04-07 12:12:18 | INFO | [Round 2] Epoch 76/80 time=00:00.25 avg=00:00.23 ETA=00:00.90 | GPU MB alloc/reserved=69.9/852.0
2026-04-07 12:12:18 | INFO | [Round 2] epoch=77/80 loss=0.9146 acc=67.43 val_acc=nan data_t=0.0062s batch_t=0.0336s epoch_t=00:00.24 lr=0.000013 | GPU MB alloc/reserved=69.9/852.0
2026-04-07 12:12:18 | INFO | [Round 2] Epoch 77/80 time=00:00.24 avg=00:00.23 ETA=00:00.68 | GPU MB alloc/reserved=69.9/852.0
2026-04-07 12:12:18 | INFO | [Round 2] epoch=78/80 loss=0.8967 acc=67.57 val_acc=nan data_t=0.0062s batch_t=0.0339s epoch_t=00:00.24 lr=0.000012 | GPU MB alloc/reserved=69.9/852.0
2026-04-07 12:12:18 | INFO | [Round 2] Epoch 78/80 time=00:00.24 avg=00:00.23 ETA=00:00.45 | GPU MB alloc/reserved=69.9/852.0
2026-04-07 12:12:19 | INFO | [Round 2] epoch=79/80 loss=0.8717 acc=71.00 val_acc=nan data_t=0.0100s batch_t=0.0337s epoch_t=00:00.26 lr=0.000010 | GPU MB alloc/reserved=69.9/852.0
2026-04-07 12:12:19 | INFO | [Round 2] Epoch 79/80 time=00:00.26 avg=00:00.23 ETA=00:00.23 | GPU MB alloc/reserved=69.9/852.0
2026-04-07 12:12:19 | INFO | [Round 2] epoch=80/80 loss=0.8941 acc=67.71 val_acc=nan data_t=0.0094s batch_t=0.0341s epoch_t=00:00.26 lr=0.000010 | GPU MB alloc/reserved=69.9/852.0
2026-04-07 12:12:19 | INFO | [Round 2] Epoch 80/80 time=00:00.26 avg=00:00.23 ETA=00:00.00 | GPU MB alloc/reserved=69.9/852.0
2026-04-07 12:12:19 | INFO | [Round 2] training complete in 00:18.25 (best monitor=71.000) | GPU MB alloc/reserved=69.9/852.0
2026-04-07 12:12:19 | INFO | [Round 2] evaluation started | GPU MB alloc/reserved=52.0/852.0
2026-04-07 12:12:22 | INFO | [Round 2] clean=46.66 fgsm=38.16 pgd=38.08 grad_disp_mean=nan grad_disp_sel=nan round_t=22.54s | GPU MB alloc/reserved=52.0/852.0
2026-04-07 12:12:22 | INFO | [Round 3/21] elapsed=00:22.54 avg_round=00:19.92 projected_remaining=05:58.48 | GPU MB alloc/reserved=52.0/852.0
2026-04-07 12:12:23 | INFO | [Round 3] acquisition on pool_size=49300 scored_pool=5000 budget=100 | GPU MB alloc/reserved=34.1/852.0
2026-04-07 12:12:23 | INFO | [CoreSet-unlabeled-feat] scoring progress 10/20 elapsed=00:00.21 avg/batch=0.021s ETA=00:00.21 | GPU MB alloc/reserved=40.6/852.0
2026-04-07 12:12:23 | INFO | [CoreSet-unlabeled-feat] scoring progress 20/20 elapsed=00:00.24 avg/batch=0.012s ETA=00:00.00 | GPU MB alloc/reserved=40.6/852.0
2026-04-07 12:12:23 | INFO | [CoreSet-labeled-feat] scoring progress 3/3 elapsed=00:00.21 avg/batch=0.069s ETA=00:00.00 | GPU MB alloc/reserved=42.7/852.0
2026-04-07 12:12:23 | INFO | [CoreSet] greedy 10/100 cover_radius=30.897196 | GPU: n/a
2026-04-07 12:12:23 | INFO | [CoreSet] greedy 20/100 cover_radius=28.905811 | GPU: n/a
2026-04-07 12:12:24 | INFO | [CoreSet] greedy 30/100 cover_radius=27.393749 | GPU: n/a
2026-04-07 12:12:24 | INFO | [CoreSet] greedy 40/100 cover_radius=26.461845 | GPU: n/a
2026-04-07 12:12:24 | INFO | [CoreSet] greedy 50/100 cover_radius=25.937952 | GPU: n/a
2026-04-07 12:12:24 | INFO | [CoreSet] greedy 60/100 cover_radius=25.372267 | GPU: n/a
2026-04-07 12:12:24 | INFO | [CoreSet] greedy 70/100 cover_radius=24.977592 | GPU: n/a
2026-04-07 12:12:24 | INFO | [CoreSet] greedy 80/100 cover_radius=24.640718 | GPU: n/a
2026-04-07 12:12:24 | INFO | [CoreSet] greedy 90/100 cover_radius=24.287533 | GPU: n/a
2026-04-07 12:12:24 | INFO | [CoreSet] greedy 100/100 cover_radius=24.065006 | GPU: n/a
2026-04-07 12:12:24 | INFO | [Round 3] labeled=800 train=800 val_fixed=0 | GPU MB alloc/reserved=43.1/852.0
2026-04-07 12:12:24 | INFO | [Round 3] epoch=1/80 loss=5.2761 acc=12.62 val_acc=nan data_t=0.0236s batch_t=0.0380s epoch_t=00:00.43 lr=0.001000 | GPU MB alloc/reserved=69.9/852.0
2026-04-07 12:12:24 | INFO | [Round 3] Epoch 1/80 time=00:00.43 avg=00:00.43 ETA=00:34.10 | GPU MB alloc/reserved=69.9/852.0
2026-04-07 12:12:25 | INFO | [Round 3] epoch=2/80 loss=3.1255 acc=14.62 val_acc=nan data_t=0.0043s batch_t=0.0339s epoch_t=00:00.27 lr=0.000998 | GPU MB alloc/reserved=69.9/852.0
2026-04-07 12:12:25 | INFO | [Round 3] Epoch 2/80 time=00:00.27 avg=00:00.35 ETA=00:27.25 | GPU MB alloc/reserved=69.9/852.0
2026-04-07 12:12:25 | INFO | [Round 3] epoch=3/80 loss=2.1785 acc=22.62 val_acc=nan data_t=0.0051s batch_t=0.0336s epoch_t=00:00.27 lr=0.000997 | GPU MB alloc/reserved=69.9/852.0
2026-04-07 12:12:25 | INFO | [Round 3] Epoch 3/80 time=00:00.27 avg=00:00.32 ETA=00:24.89 | GPU MB alloc/reserved=69.9/852.0
2026-04-07 12:12:25 | INFO | [Round 3] epoch=4/80 loss=2.1202 acc=22.38 val_acc=nan data_t=0.0068s batch_t=0.0337s epoch_t=00:00.28 lr=0.000994 | GPU MB alloc/reserved=69.9/852.0
2026-04-07 12:12:25 | INFO | [Round 3] Epoch 4/80 time=00:00.28 avg=00:00.31 ETA=00:23.82 | GPU MB alloc/reserved=69.9/852.0
2026-04-07 12:12:25 | INFO | [Round 3] epoch=5/80 loss=2.0336 acc=24.88 val_acc=nan data_t=0.0056s batch_t=0.0340s epoch_t=00:00.28 lr=0.000990 | GPU MB alloc/reserved=69.9/852.0
2026-04-07 12:12:25 | INFO | [Round 3] Epoch 5/80 time=00:00.28 avg=00:00.31 ETA=00:22.96 | GPU MB alloc/reserved=69.9/852.0
2026-04-07 12:12:26 | INFO | [Round 3] epoch=6/80 loss=2.0016 acc=26.12 val_acc=nan data_t=0.0084s batch_t=0.0340s epoch_t=00:00.30 lr=0.000986 | GPU MB alloc/reserved=69.9/852.0
2026-04-07 12:12:26 | INFO | [Round 3] Epoch 6/80 time=00:00.30 avg=00:00.30 ETA=00:22.54 | GPU MB alloc/reserved=69.9/852.0
2026-04-07 12:12:26 | INFO | [Round 3] epoch=7/80 loss=1.9354 acc=29.25 val_acc=nan data_t=0.0067s batch_t=0.0230s epoch_t=00:00.21 lr=0.000981 | GPU MB alloc/reserved=69.9/852.0
2026-04-07 12:12:26 | INFO | [Round 3] Epoch 7/80 time=00:00.21 avg=00:00.29 ETA=00:21.22 | GPU MB alloc/reserved=69.9/852.0
2026-04-07 12:12:26 | INFO | [Round 3] epoch=8/80 loss=1.9235 acc=27.88 val_acc=nan data_t=0.0055s batch_t=0.0181s epoch_t=00:00.17 lr=0.000976 | GPU MB alloc/reserved=69.9/852.0
2026-04-07 12:12:26 | INFO | [Round 3] Epoch 8/80 time=00:00.17 avg=00:00.28 ETA=00:19.81 | GPU MB alloc/reserved=69.9/852.0
2026-04-07 12:12:26 | INFO | [Round 3] epoch=9/80 loss=1.8976 acc=30.50 val_acc=nan data_t=0.0034s batch_t=0.0338s epoch_t=00:00.26 lr=0.000969 | GPU MB alloc/reserved=69.9/852.0
2026-04-07 12:12:26 | INFO | [Round 3] Epoch 9/80 time=00:00.26 avg=00:00.27 ETA=00:19.41 | GPU MB alloc/reserved=69.9/852.0
2026-04-07 12:12:27 | INFO | [Round 3] epoch=10/80 loss=1.8538 acc=33.75 val_acc=nan data_t=0.0048s batch_t=0.0337s epoch_t=00:00.27 lr=0.000962 | GPU MB alloc/reserved=69.9/852.0
2026-04-07 12:12:27 | INFO | [Round 3] Epoch 10/80 time=00:00.27 avg=00:00.27 ETA=00:19.11 | GPU MB alloc/reserved=69.9/852.0
2026-04-07 12:12:27 | INFO | [Round 3] epoch=11/80 loss=1.8558 acc=32.38 val_acc=nan data_t=0.0040s batch_t=0.0338s epoch_t=00:00.26 lr=0.000955 | GPU MB alloc/reserved=69.9/852.0
2026-04-07 12:12:27 | INFO | [Round 3] Epoch 11/80 time=00:00.26 avg=00:00.27 ETA=00:18.79 | GPU MB alloc/reserved=69.9/852.0
2026-04-07 12:12:27 | INFO | [Round 3] epoch=12/80 loss=1.8098 acc=33.00 val_acc=nan data_t=0.0085s batch_t=0.0338s epoch_t=00:00.30 lr=0.000946 | GPU MB alloc/reserved=69.9/852.0
2026-04-07 12:12:27 | INFO | [Round 3] Epoch 12/80 time=00:00.30 avg=00:00.27 ETA=00:18.65 | GPU MB alloc/reserved=69.9/852.0
2026-04-07 12:12:27 | INFO | [Round 3] epoch=13/80 loss=1.7792 acc=34.62 val_acc=nan data_t=0.0058s batch_t=0.0337s epoch_t=00:00.28 lr=0.000937 | GPU MB alloc/reserved=69.9/852.0
2026-04-07 12:12:27 | INFO | [Round 3] Epoch 13/80 time=00:00.28 avg=00:00.27 ETA=00:18.38 | GPU MB alloc/reserved=69.9/852.0
2026-04-07 12:12:28 | INFO | [Round 3] epoch=14/80 loss=1.7623 acc=33.75 val_acc=nan data_t=0.0065s batch_t=0.0339s epoch_t=00:00.28 lr=0.000927 | GPU MB alloc/reserved=69.9/852.0
2026-04-07 12:12:28 | INFO | [Round 3] Epoch 14/80 time=00:00.28 avg=00:00.27 ETA=00:18.15 | GPU MB alloc/reserved=69.9/852.0
2026-04-07 12:12:28 | INFO | [Round 3] epoch=15/80 loss=1.6759 acc=38.00 val_acc=nan data_t=0.0085s batch_t=0.0337s epoch_t=00:00.30 lr=0.000917 | GPU MB alloc/reserved=69.9/852.0
2026-04-07 12:12:28 | INFO | [Round 3] Epoch 15/80 time=00:00.30 avg=00:00.28 ETA=00:17.96 | GPU MB alloc/reserved=69.9/852.0
2026-04-07 12:12:28 | INFO | [Round 3] epoch=16/80 loss=1.6716 acc=37.00 val_acc=nan data_t=0.0093s batch_t=0.0217s epoch_t=00:00.22 lr=0.000905 | GPU MB alloc/reserved=69.9/852.0
2026-04-07 12:12:28 | INFO | [Round 3] Epoch 16/80 time=00:00.22 avg=00:00.27 ETA=00:17.45 | GPU MB alloc/reserved=69.9/852.0
2026-04-07 12:12:28 | INFO | [Round 3] epoch=17/80 loss=1.6839 acc=38.12 val_acc=nan data_t=0.0076s batch_t=0.0081s epoch_t=00:00.11 lr=0.000894 | GPU MB alloc/reserved=69.9/852.0
2026-04-07 12:12:28 | INFO | [Round 3] Epoch 17/80 time=00:00.11 avg=00:00.26 ETA=00:16.57 | GPU MB alloc/reserved=69.9/852.0
2026-04-07 12:12:29 | INFO | [Round 3] epoch=18/80 loss=1.6383 acc=40.25 val_acc=nan data_t=0.0038s batch_t=0.0316s epoch_t=00:00.25 lr=0.000881 | GPU MB alloc/reserved=69.9/852.0
2026-04-07 12:12:29 | INFO | [Round 3] Epoch 18/80 time=00:00.25 avg=00:00.26 ETA=00:16.26 | GPU MB alloc/reserved=69.9/852.0
2026-04-07 12:12:29 | INFO | [Round 3] epoch=19/80 loss=1.6124 acc=40.62 val_acc=nan data_t=0.0057s batch_t=0.0337s epoch_t=00:00.28 lr=0.000868 | GPU MB alloc/reserved=69.9/852.0
2026-04-07 12:12:29 | INFO | [Round 3] Epoch 19/80 time=00:00.28 avg=00:00.26 ETA=00:16.04 | GPU MB alloc/reserved=69.9/852.0
2026-04-07 12:12:29 | INFO | [Round 3] epoch=20/80 loss=1.6245 acc=40.12 val_acc=nan data_t=0.0070s batch_t=0.0339s epoch_t=00:00.29 lr=0.000855 | GPU MB alloc/reserved=69.9/852.0
2026-04-07 12:12:29 | INFO | [Round 3] Epoch 20/80 time=00:00.29 avg=00:00.26 ETA=00:15.84 | GPU MB alloc/reserved=69.9/852.0
2026-04-07 12:12:29 | INFO | [Round 3] epoch=21/80 loss=1.5746 acc=43.00 val_acc=nan data_t=0.0055s batch_t=0.0337s epoch_t=00:00.27 lr=0.000841 | GPU MB alloc/reserved=69.9/852.0
2026-04-07 12:12:29 | INFO | [Round 3] Epoch 21/80 time=00:00.27 avg=00:00.26 ETA=00:15.61 | GPU MB alloc/reserved=69.9/852.0
2026-04-07 12:12:30 | INFO | [Round 3] epoch=22/80 loss=1.5492 acc=43.25 val_acc=nan data_t=0.0036s batch_t=0.0336s epoch_t=00:00.26 lr=0.000826 | GPU MB alloc/reserved=69.9/852.0
2026-04-07 12:12:30 | INFO | [Round 3] Epoch 22/80 time=00:00.26 avg=00:00.26 ETA=00:15.34 | GPU MB alloc/reserved=69.9/852.0
2026-04-07 12:12:30 | INFO | [Round 3] epoch=23/80 loss=1.5053 acc=43.12 val_acc=nan data_t=0.0075s batch_t=0.0337s epoch_t=00:00.29 lr=0.000811 | GPU MB alloc/reserved=69.9/852.0
2026-04-07 12:12:30 | INFO | [Round 3] Epoch 23/80 time=00:00.29 avg=00:00.27 ETA=00:15.13 | GPU MB alloc/reserved=69.9/852.0
2026-04-07 12:12:30 | INFO | [Round 3] epoch=24/80 loss=1.5018 acc=45.12 val_acc=nan data_t=0.0046s batch_t=0.0340s epoch_t=00:00.27 lr=0.000796 | GPU MB alloc/reserved=69.9/852.0
2026-04-07 12:12:30 | INFO | [Round 3] Epoch 24/80 time=00:00.27 avg=00:00.27 ETA=00:14.88 | GPU MB alloc/reserved=69.9/852.0
2026-04-07 12:12:31 | INFO | [Round 3] epoch=25/80 loss=1.5023 acc=46.12 val_acc=nan data_t=0.0045s batch_t=0.0337s epoch_t=00:00.27 lr=0.000780 | GPU MB alloc/reserved=69.9/852.0
2026-04-07 12:12:31 | INFO | [Round 3] Epoch 25/80 time=00:00.27 avg=00:00.27 ETA=00:14.62 | GPU MB alloc/reserved=69.9/852.0
2026-04-07 12:12:31 | INFO | [Round 3] epoch=26/80 loss=1.4443 acc=46.88 val_acc=nan data_t=0.0053s batch_t=0.0092s epoch_t=00:00.10 lr=0.000764 | GPU MB alloc/reserved=69.9/852.0
2026-04-07 12:12:31 | INFO | [Round 3] Epoch 26/80 time=00:00.10 avg=00:00.26 ETA=00:14.01 | GPU MB alloc/reserved=69.9/852.0
2026-04-07 12:12:31 | INFO | [Round 3] epoch=27/80 loss=1.4243 acc=46.50 val_acc=nan data_t=0.0039s batch_t=0.0081s epoch_t=00:00.08 lr=0.000747 | GPU MB alloc/reserved=69.9/852.0
2026-04-07 12:12:31 | INFO | [Round 3] Epoch 27/80 time=00:00.08 avg=00:00.25 ETA=00:13.41 | GPU MB alloc/reserved=69.9/852.0
2026-04-07 12:12:31 | INFO | [Round 3] epoch=28/80 loss=1.4236 acc=46.25 val_acc=nan data_t=0.0055s batch_t=0.0336s epoch_t=00:00.27 lr=0.000730 | GPU MB alloc/reserved=69.9/852.0
2026-04-07 12:12:31 | INFO | [Round 3] Epoch 28/80 time=00:00.27 avg=00:00.25 ETA=00:13.19 | GPU MB alloc/reserved=69.9/852.0
2026-04-07 12:12:31 | INFO | [Round 3] epoch=29/80 loss=1.4044 acc=48.38 val_acc=nan data_t=0.0053s batch_t=0.0338s epoch_t=00:00.27 lr=0.000712 | GPU MB alloc/reserved=69.9/852.0
2026-04-07 12:12:31 | INFO | [Round 3] Epoch 29/80 time=00:00.27 avg=00:00.25 ETA=00:12.97 | GPU MB alloc/reserved=69.9/852.0
2026-04-07 12:12:32 | INFO | [Round 3] epoch=30/80 loss=1.4179 acc=47.75 val_acc=nan data_t=0.0055s batch_t=0.0339s epoch_t=00:00.28 lr=0.000694 | GPU MB alloc/reserved=69.9/852.0
2026-04-07 12:12:32 | INFO | [Round 3] Epoch 30/80 time=00:00.28 avg=00:00.26 ETA=00:12.76 | GPU MB alloc/reserved=69.9/852.0
2026-04-07 12:12:32 | INFO | [Round 3] epoch=31/80 loss=1.3772 acc=49.62 val_acc=nan data_t=0.0071s batch_t=0.0339s epoch_t=00:00.29 lr=0.000676 | GPU MB alloc/reserved=69.9/852.0
2026-04-07 12:12:32 | INFO | [Round 3] Epoch 31/80 time=00:00.29 avg=00:00.26 ETA=00:12.55 | GPU MB alloc/reserved=69.9/852.0
2026-04-07 12:12:32 | INFO | [Round 3] epoch=32/80 loss=1.3339 acc=50.88 val_acc=nan data_t=0.0090s batch_t=0.0339s epoch_t=00:00.30 lr=0.000658 | GPU MB alloc/reserved=69.9/852.0
2026-04-07 12:12:32 | INFO | [Round 3] Epoch 32/80 time=00:00.30 avg=00:00.26 ETA=00:12.36 | GPU MB alloc/reserved=69.9/852.0
2026-04-07 12:12:32 | INFO | [Round 3] epoch=33/80 loss=1.3467 acc=50.12 val_acc=nan data_t=0.0039s batch_t=0.0336s epoch_t=00:00.26 lr=0.000639 | GPU MB alloc/reserved=69.9/852.0
2026-04-07 12:12:32 | INFO | [Round 3] Epoch 33/80 time=00:00.26 avg=00:00.26 ETA=00:12.11 | GPU MB alloc/reserved=69.9/852.0
2026-04-07 12:12:33 | INFO | [Round 3] epoch=34/80 loss=1.3003 acc=53.62 val_acc=nan data_t=0.0054s batch_t=0.0338s epoch_t=00:00.27 lr=0.000621 | GPU MB alloc/reserved=69.9/852.0
2026-04-07 12:12:33 | INFO | [Round 3] Epoch 34/80 time=00:00.27 avg=00:00.26 ETA=00:11.88 | GPU MB alloc/reserved=69.9/852.0
2026-04-07 12:12:33 | INFO | [Round 3] epoch=35/80 loss=1.2919 acc=52.62 val_acc=nan data_t=0.0062s batch_t=0.0282s epoch_t=00:00.24 lr=0.000602 | GPU MB alloc/reserved=69.9/852.0
2026-04-07 12:12:33 | INFO | [Round 3] Epoch 35/80 time=00:00.24 avg=00:00.26 ETA=00:11.60 | GPU MB alloc/reserved=69.9/852.0
2026-04-07 12:12:33 | INFO | [Round 3] epoch=36/80 loss=1.3215 acc=48.25 val_acc=nan data_t=0.0069s batch_t=0.0093s epoch_t=00:00.11 lr=0.000582 | GPU MB alloc/reserved=69.9/852.0
2026-04-07 12:12:33 | INFO | [Round 3] Epoch 36/80 time=00:00.11 avg=00:00.25 ETA=00:11.16 | GPU MB alloc/reserved=69.9/852.0
2026-04-07 12:12:33 | INFO | [Round 3] epoch=37/80 loss=1.3092 acc=50.12 val_acc=nan data_t=0.0039s batch_t=0.0276s epoch_t=00:00.22 lr=0.000563 | GPU MB alloc/reserved=69.9/852.0
2026-04-07 12:12:33 | INFO | [Round 3] Epoch 37/80 time=00:00.22 avg=00:00.25 ETA=00:10.87 | GPU MB alloc/reserved=69.9/852.0
2026-04-07 12:12:34 | INFO | [Round 3] epoch=38/80 loss=1.3221 acc=50.75 val_acc=nan data_t=0.0055s batch_t=0.0338s epoch_t=00:00.27 lr=0.000544 | GPU MB alloc/reserved=69.9/852.0
2026-04-07 12:12:34 | INFO | [Round 3] Epoch 38/80 time=00:00.27 avg=00:00.25 ETA=00:10.64 | GPU MB alloc/reserved=69.9/852.0
2026-04-07 12:12:34 | INFO | [Round 3] epoch=39/80 loss=1.2940 acc=52.00 val_acc=nan data_t=0.0092s batch_t=0.0336s epoch_t=00:00.30 lr=0.000524 | GPU MB alloc/reserved=69.9/852.0
2026-04-07 12:12:34 | INFO | [Round 3] Epoch 39/80 time=00:00.30 avg=00:00.25 ETA=00:10.44 | GPU MB alloc/reserved=69.9/852.0
2026-04-07 12:12:34 | INFO | [Round 3] epoch=40/80 loss=1.2427 acc=54.25 val_acc=nan data_t=0.0087s batch_t=0.0338s epoch_t=00:00.30 lr=0.000505 | GPU MB alloc/reserved=69.9/852.0
2026-04-07 12:12:34 | INFO | [Round 3] Epoch 40/80 time=00:00.30 avg=00:00.26 ETA=00:10.23 | GPU MB alloc/reserved=69.9/852.0
2026-04-07 12:12:34 | INFO | [Round 3] epoch=41/80 loss=1.2355 acc=54.38 val_acc=nan data_t=0.0066s batch_t=0.0337s epoch_t=00:00.28 lr=0.000486 | GPU MB alloc/reserved=69.9/852.0
2026-04-07 12:12:34 | INFO | [Round 3] Epoch 41/80 time=00:00.28 avg=00:00.26 ETA=00:09.99 | GPU MB alloc/reserved=69.9/852.0
2026-04-07 12:12:35 | INFO | [Round 3] epoch=42/80 loss=1.2149 acc=55.25 val_acc=nan data_t=0.0085s batch_t=0.0339s epoch_t=00:00.30 lr=0.000466 | GPU MB alloc/reserved=69.9/852.0
2026-04-07 12:12:35 | INFO | [Round 3] Epoch 42/80 time=00:00.30 avg=00:00.26 ETA=00:09.78 | GPU MB alloc/reserved=69.9/852.0
2026-04-07 12:12:35 | INFO | [Round 3] epoch=43/80 loss=1.1995 acc=56.00 val_acc=nan data_t=0.0064s batch_t=0.0338s epoch_t=00:00.28 lr=0.000447 | GPU MB alloc/reserved=69.9/852.0
2026-04-07 12:12:35 | INFO | [Round 3] Epoch 43/80 time=00:00.28 avg=00:00.26 ETA=00:09.54 | GPU MB alloc/reserved=69.9/852.0
2026-04-07 12:12:35 | INFO | [Round 3] epoch=44/80 loss=1.1661 acc=57.50 val_acc=nan data_t=0.0081s batch_t=0.0278s epoch_t=00:00.25 lr=0.000428 | GPU MB alloc/reserved=69.9/852.0
2026-04-07 12:12:35 | INFO | [Round 3] Epoch 44/80 time=00:00.25 avg=00:00.26 ETA=00:09.28 | GPU MB alloc/reserved=69.9/852.0
2026-04-07 12:12:35 | INFO | [Round 3] epoch=45/80 loss=1.1927 acc=54.62 val_acc=nan data_t=0.0078s batch_t=0.0081s epoch_t=00:00.11 lr=0.000408 | GPU MB alloc/reserved=69.9/852.0
2026-04-07 12:12:35 | INFO | [Round 3] Epoch 45/80 time=00:00.11 avg=00:00.25 ETA=00:08.90 | GPU MB alloc/reserved=69.9/852.0
2026-04-07 12:12:36 | INFO | [Round 3] epoch=46/80 loss=1.1725 acc=56.00 val_acc=nan data_t=0.0038s batch_t=0.0272s epoch_t=00:00.22 lr=0.000389 | GPU MB alloc/reserved=69.9/852.0
2026-04-07 12:12:36 | INFO | [Round 3] Epoch 46/80 time=00:00.22 avg=00:00.25 ETA=00:08.62 | GPU MB alloc/reserved=69.9/852.0
2026-04-07 12:12:36 | INFO | [Round 3] epoch=47/80 loss=1.1689 acc=58.12 val_acc=nan data_t=0.0039s batch_t=0.0338s epoch_t=00:00.26 lr=0.000371 | GPU MB alloc/reserved=69.9/852.0
2026-04-07 12:12:36 | INFO | [Round 3] Epoch 47/80 time=00:00.26 avg=00:00.25 ETA=00:08.38 | GPU MB alloc/reserved=69.9/852.0
2026-04-07 12:12:36 | INFO | [Round 3] epoch=48/80 loss=1.1146 acc=59.50 val_acc=nan data_t=0.0072s batch_t=0.0337s epoch_t=00:00.29 lr=0.000352 | GPU MB alloc/reserved=69.9/852.0
2026-04-07 12:12:36 | INFO | [Round 3] Epoch 48/80 time=00:00.29 avg=00:00.25 ETA=00:08.14 | GPU MB alloc/reserved=69.9/852.0
2026-04-07 12:12:36 | INFO | [Round 3] epoch=49/80 loss=1.1135 acc=59.38 val_acc=nan data_t=0.0073s batch_t=0.0341s epoch_t=00:00.29 lr=0.000334 | GPU MB alloc/reserved=69.9/852.0
2026-04-07 12:12:36 | INFO | [Round 3] Epoch 49/80 time=00:00.29 avg=00:00.26 ETA=00:07.91 | GPU MB alloc/reserved=69.9/852.0
2026-04-07 12:12:37 | INFO | [Round 3] epoch=50/80 loss=1.1226 acc=58.50 val_acc=nan data_t=0.0077s batch_t=0.0336s epoch_t=00:00.29 lr=0.000316 | GPU MB alloc/reserved=69.9/852.0
2026-04-07 12:12:37 | INFO | [Round 3] Epoch 50/80 time=00:00.29 avg=00:00.26 ETA=00:07.68 | GPU MB alloc/reserved=69.9/852.0
2026-04-07 12:12:37 | INFO | [Round 3] epoch=51/80 loss=1.1063 acc=60.25 val_acc=nan data_t=0.0071s batch_t=0.0336s epoch_t=00:00.29 lr=0.000298 | GPU MB alloc/reserved=69.9/852.0
2026-04-07 12:12:37 | INFO | [Round 3] Epoch 51/80 time=00:00.29 avg=00:00.26 ETA=00:07.44 | GPU MB alloc/reserved=69.9/852.0
2026-04-07 12:12:37 | INFO | [Round 3] epoch=52/80 loss=1.0844 acc=61.12 val_acc=nan data_t=0.0056s batch_t=0.0339s epoch_t=00:00.28 lr=0.000280 | GPU MB alloc/reserved=69.9/852.0
2026-04-07 12:12:37 | INFO | [Round 3] Epoch 52/80 time=00:00.28 avg=00:00.26 ETA=00:07.19 | GPU MB alloc/reserved=69.9/852.0
2026-04-07 12:12:38 | INFO | [Round 3] epoch=53/80 loss=1.0780 acc=61.25 val_acc=nan data_t=0.0062s batch_t=0.0338s epoch_t=00:00.28 lr=0.000263 | GPU MB alloc/reserved=69.9/852.0
2026-04-07 12:12:38 | INFO | [Round 3] Epoch 53/80 time=00:00.28 avg=00:00.26 ETA=00:06.95 | GPU MB alloc/reserved=69.9/852.0
2026-04-07 12:12:38 | INFO | [Round 3] epoch=54/80 loss=1.0347 acc=63.00 val_acc=nan data_t=0.0067s batch_t=0.0101s epoch_t=00:00.12 lr=0.000246 | GPU MB alloc/reserved=69.9/852.0
2026-04-07 12:12:38 | INFO | [Round 3] Epoch 54/80 time=00:00.12 avg=00:00.25 ETA=00:06.62 | GPU MB alloc/reserved=69.9/852.0
2026-04-07 12:12:38 | INFO | [Round 3] epoch=55/80 loss=1.0229 acc=64.12 val_acc=nan data_t=0.0038s batch_t=0.0223s epoch_t=00:00.18 lr=0.000230 | GPU MB alloc/reserved=69.9/852.0
2026-04-07 12:12:38 | INFO | [Round 3] Epoch 55/80 time=00:00.18 avg=00:00.25 ETA=00:06.34 | GPU MB alloc/reserved=69.9/852.0
2026-04-07 12:12:38 | INFO | [Round 3] epoch=56/80 loss=1.0456 acc=60.88 val_acc=nan data_t=0.0039s batch_t=0.0337s epoch_t=00:00.26 lr=0.000214 | GPU MB alloc/reserved=69.9/852.0
2026-04-07 12:12:38 | INFO | [Round 3] Epoch 56/80 time=00:00.26 avg=00:00.25 ETA=00:06.09 | GPU MB alloc/reserved=69.9/852.0
2026-04-07 12:12:38 | INFO | [Round 3] epoch=57/80 loss=1.0270 acc=61.38 val_acc=nan data_t=0.0036s batch_t=0.0337s epoch_t=00:00.26 lr=0.000199 | GPU MB alloc/reserved=69.9/852.0
2026-04-07 12:12:38 | INFO | [Round 3] Epoch 57/80 time=00:00.26 avg=00:00.25 ETA=00:05.84 | GPU MB alloc/reserved=69.9/852.0
2026-04-07 12:12:39 | INFO | [Round 3] epoch=58/80 loss=1.0268 acc=62.75 val_acc=nan data_t=0.0060s batch_t=0.0338s epoch_t=00:00.28 lr=0.000184 | GPU MB alloc/reserved=69.9/852.0
2026-04-07 12:12:39 | INFO | [Round 3] Epoch 58/80 time=00:00.28 avg=00:00.25 ETA=00:05.59 | GPU MB alloc/reserved=69.9/852.0
2026-04-07 12:12:39 | INFO | [Round 3] epoch=59/80 loss=1.0300 acc=63.88 val_acc=nan data_t=0.0064s batch_t=0.0338s epoch_t=00:00.28 lr=0.000169 | GPU MB alloc/reserved=69.9/852.0
2026-04-07 12:12:39 | INFO | [Round 3] Epoch 59/80 time=00:00.28 avg=00:00.25 ETA=00:05.35 | GPU MB alloc/reserved=69.9/852.0
2026-04-07 12:12:39 | INFO | [Round 3] epoch=60/80 loss=1.0173 acc=63.38 val_acc=nan data_t=0.0057s batch_t=0.0338s epoch_t=00:00.28 lr=0.000155 | GPU MB alloc/reserved=69.9/852.0
2026-04-07 12:12:39 | INFO | [Round 3] Epoch 60/80 time=00:00.28 avg=00:00.25 ETA=00:05.10 | GPU MB alloc/reserved=69.9/852.0
2026-04-07 12:12:40 | INFO | [Round 3] epoch=61/80 loss=0.9867 acc=61.75 val_acc=nan data_t=0.0070s batch_t=0.0338s epoch_t=00:00.29 lr=0.000142 | GPU MB alloc/reserved=69.9/852.0
2026-04-07 12:12:40 | INFO | [Round 3] Epoch 61/80 time=00:00.29 avg=00:00.26 ETA=00:04.85 | GPU MB alloc/reserved=69.9/852.0
2026-04-07 12:12:40 | INFO | [Round 3] epoch=62/80 loss=0.9747 acc=63.62 val_acc=nan data_t=0.0083s batch_t=0.0340s epoch_t=00:00.30 lr=0.000129 | GPU MB alloc/reserved=69.9/852.0
2026-04-07 12:12:40 | INFO | [Round 3] Epoch 62/80 time=00:00.30 avg=00:00.26 ETA=00:04.61 | GPU MB alloc/reserved=69.9/852.0
2026-04-07 12:12:40 | INFO | [Round 3] epoch=63/80 loss=0.9813 acc=64.62 val_acc=nan data_t=0.0072s batch_t=0.0137s epoch_t=00:00.15 lr=0.000116 | GPU MB alloc/reserved=69.9/852.0
2026-04-07 12:12:40 | INFO | [Round 3] Epoch 63/80 time=00:00.15 avg=00:00.25 ETA=00:04.32 | GPU MB alloc/reserved=69.9/852.0
2026-04-07 12:12:40 | INFO | [Round 3] epoch=64/80 loss=0.9706 acc=64.62 val_acc=nan data_t=0.0071s batch_t=0.0079s epoch_t=00:00.11 lr=0.000105 | GPU MB alloc/reserved=69.9/852.0
2026-04-07 12:12:40 | INFO | [Round 3] Epoch 64/80 time=00:00.11 avg=00:00.25 ETA=00:04.03 | GPU MB alloc/reserved=69.9/852.0
2026-04-07 12:12:40 | INFO | [Round 3] epoch=65/80 loss=0.9469 acc=66.12 val_acc=nan data_t=0.0040s batch_t=0.0335s epoch_t=00:00.26 lr=0.000093 | GPU MB alloc/reserved=69.9/852.0
2026-04-07 12:12:40 | INFO | [Round 3] Epoch 65/80 time=00:00.26 avg=00:00.25 ETA=00:03.78 | GPU MB alloc/reserved=69.9/852.0
2026-04-07 12:12:41 | INFO | [Round 3] epoch=66/80 loss=0.9759 acc=64.12 val_acc=nan data_t=0.0078s batch_t=0.0338s epoch_t=00:00.29 lr=0.000083 | GPU MB alloc/reserved=69.9/852.0
2026-04-07 12:12:41 | INFO | [Round 3] Epoch 66/80 time=00:00.29 avg=00:00.25 ETA=00:03.54 | GPU MB alloc/reserved=69.9/852.0
2026-04-07 12:12:41 | INFO | [Round 3] epoch=67/80 loss=0.9349 acc=67.00 val_acc=nan data_t=0.0083s batch_t=0.0337s epoch_t=00:00.29 lr=0.000073 | GPU MB alloc/reserved=69.9/852.0
2026-04-07 12:12:41 | INFO | [Round 3] Epoch 67/80 time=00:00.29 avg=00:00.25 ETA=00:03.29 | GPU MB alloc/reserved=69.9/852.0
2026-04-07 12:12:41 | INFO | [Round 3] epoch=68/80 loss=0.9710 acc=65.88 val_acc=nan data_t=0.0078s batch_t=0.0337s epoch_t=00:00.29 lr=0.000064 | GPU MB alloc/reserved=69.9/852.0
2026-04-07 12:12:41 | INFO | [Round 3] Epoch 68/80 time=00:00.29 avg=00:00.25 ETA=00:03.05 | GPU MB alloc/reserved=69.9/852.0
2026-04-07 12:12:42 | INFO | [Round 3] epoch=69/80 loss=0.9318 acc=67.25 val_acc=nan data_t=0.0072s batch_t=0.0338s epoch_t=00:00.29 lr=0.000055 | GPU MB alloc/reserved=69.9/852.0
2026-04-07 12:12:42 | INFO | [Round 3] Epoch 69/80 time=00:00.29 avg=00:00.25 ETA=00:02.80 | GPU MB alloc/reserved=69.9/852.0
2026-04-07 12:12:42 | INFO | [Round 3] epoch=70/80 loss=0.9415 acc=64.38 val_acc=nan data_t=0.0083s batch_t=0.0337s epoch_t=00:00.29 lr=0.000048 | GPU MB alloc/reserved=69.9/852.0
2026-04-07 12:12:42 | INFO | [Round 3] Epoch 70/80 time=00:00.29 avg=00:00.26 ETA=00:02.55 | GPU MB alloc/reserved=69.9/852.0
2026-04-07 12:12:42 | INFO | [Round 3] epoch=71/80 loss=0.9618 acc=65.38 val_acc=nan data_t=0.0074s batch_t=0.0339s epoch_t=00:00.29 lr=0.000041 | GPU MB alloc/reserved=69.9/852.0
2026-04-07 12:12:42 | INFO | [Round 3] Epoch 71/80 time=00:00.29 avg=00:00.26 ETA=00:02.30 | GPU MB alloc/reserved=69.9/852.0
2026-04-07 12:12:42 | INFO | [Round 3] epoch=72/80 loss=0.9428 acc=66.00 val_acc=nan data_t=0.0074s batch_t=0.0178s epoch_t=00:00.18 lr=0.000034 | GPU MB alloc/reserved=69.9/852.0
2026-04-07 12:12:42 | INFO | [Round 3] Epoch 72/80 time=00:00.18 avg=00:00.25 ETA=00:02.04 | GPU MB alloc/reserved=69.9/852.0
2026-04-07 12:12:42 | INFO | [Round 3] epoch=73/80 loss=0.9588 acc=64.38 val_acc=nan data_t=0.0069s batch_t=0.0083s epoch_t=00:00.11 lr=0.000029 | GPU MB alloc/reserved=69.9/852.0
2026-04-07 12:12:42 | INFO | [Round 3] Epoch 73/80 time=00:00.11 avg=00:00.25 ETA=00:01.77 | GPU MB alloc/reserved=69.9/852.0
2026-04-07 12:12:43 | INFO | [Round 3] epoch=74/80 loss=0.9665 acc=64.75 val_acc=nan data_t=0.0037s batch_t=0.0335s epoch_t=00:00.26 lr=0.000024 | GPU MB alloc/reserved=69.9/852.0
2026-04-07 12:12:43 | INFO | [Round 3] Epoch 74/80 time=00:00.26 avg=00:00.25 ETA=00:01.51 | GPU MB alloc/reserved=69.9/852.0
2026-04-07 12:12:43 | INFO | [Round 3] epoch=75/80 loss=0.9495 acc=65.00 val_acc=nan data_t=0.0057s batch_t=0.0338s epoch_t=00:00.28 lr=0.000020 | GPU MB alloc/reserved=69.9/852.0
2026-04-07 12:12:43 | INFO | [Round 3] Epoch 75/80 time=00:00.28 avg=00:00.25 ETA=00:01.26 | GPU MB alloc/reserved=69.9/852.0
2026-04-07 12:12:43 | INFO | [Round 3] epoch=76/80 loss=0.9321 acc=65.88 val_acc=nan data_t=0.0076s batch_t=0.0337s epoch_t=00:00.29 lr=0.000016 | GPU MB alloc/reserved=69.9/852.0
2026-04-07 12:12:43 | INFO | [Round 3] Epoch 76/80 time=00:00.29 avg=00:00.25 ETA=00:01.01 | GPU MB alloc/reserved=69.9/852.0
2026-04-07 12:12:43 | INFO | [Round 3] epoch=77/80 loss=0.9202 acc=66.75 val_acc=nan data_t=0.0055s batch_t=0.0337s epoch_t=00:00.27 lr=0.000013 | GPU MB alloc/reserved=69.9/852.0
2026-04-07 12:12:43 | INFO | [Round 3] Epoch 77/80 time=00:00.27 avg=00:00.25 ETA=00:00.76 | GPU MB alloc/reserved=69.9/852.0
2026-04-07 12:12:44 | INFO | [Round 3] epoch=78/80 loss=0.9197 acc=66.38 val_acc=nan data_t=0.0070s batch_t=0.0338s epoch_t=00:00.29 lr=0.000012 | GPU MB alloc/reserved=69.9/852.0
2026-04-07 12:12:44 | INFO | [Round 3] Epoch 78/80 time=00:00.29 avg=00:00.25 ETA=00:00.51 | GPU MB alloc/reserved=69.9/852.0
2026-04-07 12:12:44 | INFO | [Round 3] epoch=79/80 loss=0.9873 acc=64.62 val_acc=nan data_t=0.0082s batch_t=0.0337s epoch_t=00:00.29 lr=0.000010 | GPU MB alloc/reserved=69.9/852.0
2026-04-07 12:12:44 | INFO | [Round 3] Epoch 79/80 time=00:00.29 avg=00:00.25 ETA=00:00.25 | GPU MB alloc/reserved=69.9/852.0
2026-04-07 12:12:44 | INFO | [Round 3] epoch=80/80 loss=0.9084 acc=68.12 val_acc=nan data_t=0.0085s batch_t=0.0340s epoch_t=00:00.30 lr=0.000010 | GPU MB alloc/reserved=69.9/852.0
2026-04-07 12:12:44 | INFO | [Round 3] Epoch 80/80 time=00:00.30 avg=00:00.26 ETA=00:00.00 | GPU MB alloc/reserved=69.9/852.0
2026-04-07 12:12:44 | INFO | [Round 3] training complete in 00:20.51 (best monitor=68.125) | GPU MB alloc/reserved=69.9/852.0
2026-04-07 12:12:44 | INFO | [Round 3] evaluation started | GPU MB alloc/reserved=52.0/852.0
2026-04-07 12:12:47 | INFO | [Round 3] clean=47.71 fgsm=38.83 pgd=38.74 grad_disp_mean=nan grad_disp_sel=nan round_t=24.64s | GPU MB alloc/reserved=52.0/852.0
2026-04-07 12:12:47 | INFO | [Round 4/21] elapsed=00:24.64 avg_round=00:21.10 projected_remaining=05:58.65 | GPU MB alloc/reserved=52.0/852.0
2026-04-07 12:12:48 | INFO | [Round 4] acquisition on pool_size=49200 scored_pool=5000 budget=100 | GPU MB alloc/reserved=34.1/852.0
2026-04-07 12:12:48 | INFO | [CoreSet-unlabeled-feat] scoring progress 10/20 elapsed=00:00.20 avg/batch=0.020s ETA=00:00.20 | GPU MB alloc/reserved=40.6/852.0
2026-04-07 12:12:48 | INFO | [CoreSet-unlabeled-feat] scoring progress 20/20 elapsed=00:00.23 avg/batch=0.011s ETA=00:00.00 | GPU MB alloc/reserved=40.6/852.0
2026-04-07 12:12:49 | INFO | [CoreSet-labeled-feat] scoring progress 4/4 elapsed=00:00.20 avg/batch=0.049s ETA=00:00.00 | GPU MB alloc/reserved=40.2/852.0
2026-04-07 12:12:49 | INFO | [CoreSet] greedy 10/100 cover_radius=29.268007 | GPU: n/a
2026-04-07 12:12:49 | INFO | [CoreSet] greedy 20/100 cover_radius=27.329666 | GPU: n/a
2026-04-07 12:12:49 | INFO | [CoreSet] greedy 30/100 cover_radius=26.676548 | GPU: n/a
2026-04-07 12:12:49 | INFO | [CoreSet] greedy 40/100 cover_radius=26.026560 | GPU: n/a
2026-04-07 12:12:49 | INFO | [CoreSet] greedy 50/100 cover_radius=25.813210 | GPU: n/a
2026-04-07 12:12:49 | INFO | [CoreSet] greedy 60/100 cover_radius=25.462648 | GPU: n/a
2026-04-07 12:12:49 | INFO | [CoreSet] greedy 70/100 cover_radius=25.050573 | GPU: n/a
2026-04-07 12:12:49 | INFO | [CoreSet] greedy 80/100 cover_radius=24.829340 | GPU: n/a
2026-04-07 12:12:49 | INFO | [CoreSet] greedy 90/100 cover_radius=24.584282 | GPU: n/a
2026-04-07 12:12:49 | INFO | [CoreSet] greedy 100/100 cover_radius=24.444168 | GPU: n/a
2026-04-07 12:12:49 | INFO | [Round 4] labeled=900 train=900 val_fixed=0 | GPU MB alloc/reserved=43.1/852.0
2026-04-07 12:12:50 | INFO | [Round 4] epoch=1/80 loss=4.0624 acc=12.56 val_acc=nan data_t=0.0211s batch_t=0.0383s epoch_t=00:00.48 lr=0.001000 | GPU MB alloc/reserved=69.9/852.0
2026-04-07 12:12:50 | INFO | [Round 4] Epoch 1/80 time=00:00.48 avg=00:00.48 ETA=00:37.58 | GPU MB alloc/reserved=69.9/852.0
2026-04-07 12:12:50 | INFO | [Round 4] epoch=2/80 loss=2.8880 acc=13.56 val_acc=nan data_t=0.0057s batch_t=0.0343s epoch_t=00:00.32 lr=0.000998 | GPU MB alloc/reserved=69.9/852.0
2026-04-07 12:12:50 | INFO | [Round 4] Epoch 2/80 time=00:00.32 avg=00:00.40 ETA=00:31.02 | GPU MB alloc/reserved=69.9/852.0
2026-04-07 12:12:51 | INFO | [Round 4] epoch=3/80 loss=2.2015 acc=18.89 val_acc=nan data_t=0.0056s batch_t=0.0336s epoch_t=00:00.31 lr=0.000997 | GPU MB alloc/reserved=69.9/852.0
2026-04-07 12:12:51 | INFO | [Round 4] Epoch 3/80 time=00:00.31 avg=00:00.37 ETA=00:28.45 | GPU MB alloc/reserved=69.9/852.0
2026-04-07 12:12:51 | INFO | [Round 4] epoch=4/80 loss=2.1498 acc=20.22 val_acc=nan data_t=0.0053s batch_t=0.0337s epoch_t=00:00.31 lr=0.000994 | GPU MB alloc/reserved=69.9/852.0
2026-04-07 12:12:51 | INFO | [Round 4] Epoch 4/80 time=00:00.31 avg=00:00.36 ETA=00:26.99 | GPU MB alloc/reserved=69.9/852.0
2026-04-07 12:12:51 | INFO | [Round 4] epoch=5/80 loss=2.1129 acc=22.00 val_acc=nan data_t=0.0055s batch_t=0.0336s epoch_t=00:00.31 lr=0.000990 | GPU MB alloc/reserved=69.9/852.0
2026-04-07 12:12:51 | INFO | [Round 4] Epoch 5/80 time=00:00.31 avg=00:00.35 ETA=00:26.01 | GPU MB alloc/reserved=69.9/852.0
2026-04-07 12:12:52 | INFO | [Round 4] epoch=6/80 loss=2.0612 acc=25.22 val_acc=nan data_t=0.0067s batch_t=0.0291s epoch_t=00:00.29 lr=0.000986 | GPU MB alloc/reserved=69.9/852.0
2026-04-07 12:12:52 | INFO | [Round 4] Epoch 6/80 time=00:00.29 avg=00:00.34 ETA=00:24.91 | GPU MB alloc/reserved=69.9/852.0
2026-04-07 12:12:52 | INFO | [Round 4] epoch=7/80 loss=2.0194 acc=24.89 val_acc=nan data_t=0.0060s batch_t=0.0089s epoch_t=00:00.12 lr=0.000981 | GPU MB alloc/reserved=69.9/852.0
2026-04-07 12:12:52 | INFO | [Round 4] Epoch 7/80 time=00:00.12 avg=00:00.31 ETA=00:22.31 | GPU MB alloc/reserved=69.9/852.0
2026-04-07 12:12:52 | INFO | [Round 4] epoch=8/80 loss=2.0356 acc=24.33 val_acc=nan data_t=0.0034s batch_t=0.0312s epoch_t=00:00.28 lr=0.000976 | GPU MB alloc/reserved=69.9/852.0
2026-04-07 12:12:52 | INFO | [Round 4] Epoch 8/80 time=00:00.28 avg=00:00.30 ETA=00:21.74 | GPU MB alloc/reserved=69.9/852.0
2026-04-07 12:12:52 | INFO | [Round 4] epoch=9/80 loss=1.9984 acc=27.11 val_acc=nan data_t=0.0081s batch_t=0.0341s epoch_t=00:00.34 lr=0.000969 | GPU MB alloc/reserved=69.9/852.0
2026-04-07 12:12:52 | INFO | [Round 4] Epoch 9/80 time=00:00.34 avg=00:00.31 ETA=00:21.72 | GPU MB alloc/reserved=69.9/852.0
2026-04-07 12:12:53 | INFO | [Round 4] epoch=10/80 loss=1.9545 acc=28.33 val_acc=nan data_t=0.0053s batch_t=0.0341s epoch_t=00:00.32 lr=0.000962 | GPU MB alloc/reserved=69.9/852.0
2026-04-07 12:12:53 | INFO | [Round 4] Epoch 10/80 time=00:00.32 avg=00:00.31 ETA=00:21.48 | GPU MB alloc/reserved=69.9/852.0
2026-04-07 12:12:53 | INFO | [Round 4] epoch=11/80 loss=1.9543 acc=27.44 val_acc=nan data_t=0.0069s batch_t=0.0335s epoch_t=00:00.32 lr=0.000955 | GPU MB alloc/reserved=69.9/852.0
2026-04-07 12:12:53 | INFO | [Round 4] Epoch 11/80 time=00:00.32 avg=00:00.31 ETA=00:21.28 | GPU MB alloc/reserved=69.9/852.0
2026-04-07 12:12:53 | INFO | [Round 4] epoch=12/80 loss=1.9067 acc=29.00 val_acc=nan data_t=0.0070s batch_t=0.0340s epoch_t=00:00.33 lr=0.000946 | GPU MB alloc/reserved=69.9/852.0
2026-04-07 12:12:53 | INFO | [Round 4] Epoch 12/80 time=00:00.33 avg=00:00.31 ETA=00:21.08 | GPU MB alloc/reserved=69.9/852.0
2026-04-07 12:12:54 | INFO | [Round 4] epoch=13/80 loss=1.9054 acc=29.67 val_acc=nan data_t=0.0067s batch_t=0.0340s epoch_t=00:00.33 lr=0.000937 | GPU MB alloc/reserved=69.9/852.0
2026-04-07 12:12:54 | INFO | [Round 4] Epoch 13/80 time=00:00.33 avg=00:00.31 ETA=00:20.86 | GPU MB alloc/reserved=69.9/852.0
2026-04-07 12:12:54 | INFO | [Round 4] epoch=14/80 loss=1.8723 acc=33.56 val_acc=nan data_t=0.0065s batch_t=0.0299s epoch_t=00:00.29 lr=0.000927 | GPU MB alloc/reserved=69.9/852.0
2026-04-07 12:12:54 | INFO | [Round 4] Epoch 14/80 time=00:00.29 avg=00:00.31 ETA=00:20.45 | GPU MB alloc/reserved=69.9/852.0
2026-04-07 12:12:54 | INFO | [Round 4] epoch=15/80 loss=1.8569 acc=30.44 val_acc=nan data_t=0.0074s batch_t=0.0096s epoch_t=00:00.14 lr=0.000917 | GPU MB alloc/reserved=69.9/852.0
2026-04-07 12:12:54 | INFO | [Round 4] Epoch 15/80 time=00:00.14 avg=00:00.30 ETA=00:19.39 | GPU MB alloc/reserved=69.9/852.0
2026-04-07 12:12:54 | INFO | [Round 4] epoch=16/80 loss=1.9034 acc=30.11 val_acc=nan data_t=0.0034s batch_t=0.0290s epoch_t=00:00.26 lr=0.000905 | GPU MB alloc/reserved=69.9/852.0
2026-04-07 12:12:54 | INFO | [Round 4] Epoch 16/80 time=00:00.26 avg=00:00.30 ETA=00:18.94 | GPU MB alloc/reserved=69.9/852.0
2026-04-07 12:12:55 | INFO | [Round 4] epoch=17/80 loss=1.8530 acc=33.00 val_acc=nan data_t=0.0049s batch_t=0.0338s epoch_t=00:00.31 lr=0.000894 | GPU MB alloc/reserved=69.9/852.0
2026-04-07 12:12:55 | INFO | [Round 4] Epoch 17/80 time=00:00.31 avg=00:00.30 ETA=00:18.69 | GPU MB alloc/reserved=69.9/852.0
2026-04-07 12:12:55 | INFO | [Round 4] epoch=18/80 loss=1.8281 acc=33.33 val_acc=nan data_t=0.0072s batch_t=0.0336s epoch_t=00:00.33 lr=0.000881 | GPU MB alloc/reserved=69.9/852.0
2026-04-07 12:12:55 | INFO | [Round 4] Epoch 18/80 time=00:00.33 avg=00:00.30 ETA=00:18.50 | GPU MB alloc/reserved=69.9/852.0
2026-04-07 12:12:55 | INFO | [Round 4] epoch=19/80 loss=1.7895 acc=36.33 val_acc=nan data_t=0.0064s batch_t=0.0340s epoch_t=00:00.32 lr=0.000868 | GPU MB alloc/reserved=69.9/852.0
2026-04-07 12:12:55 | INFO | [Round 4] Epoch 19/80 time=00:00.32 avg=00:00.30 ETA=00:18.28 | GPU MB alloc/reserved=69.9/852.0
2026-04-07 12:12:56 | INFO | [Round 4] epoch=20/80 loss=1.7742 acc=34.44 val_acc=nan data_t=0.0049s batch_t=0.0337s epoch_t=00:00.31 lr=0.000855 | GPU MB alloc/reserved=69.9/852.0
2026-04-07 12:12:56 | INFO | [Round 4] Epoch 20/80 time=00:00.31 avg=00:00.30 ETA=00:18.01 | GPU MB alloc/reserved=69.9/852.0
2026-04-07 12:12:56 | INFO | [Round 4] epoch=21/80 loss=1.7790 acc=33.56 val_acc=nan data_t=0.0077s batch_t=0.0337s epoch_t=00:00.33 lr=0.000841 | GPU MB alloc/reserved=69.9/852.0
2026-04-07 12:12:56 | INFO | [Round 4] Epoch 21/80 time=00:00.33 avg=00:00.30 ETA=00:17.79 | GPU MB alloc/reserved=69.9/852.0
2026-04-07 12:12:56 | INFO | [Round 4] epoch=22/80 loss=1.7739 acc=33.44 val_acc=nan data_t=0.0080s batch_t=0.0337s epoch_t=00:00.33 lr=0.000826 | GPU MB alloc/reserved=69.9/852.0
2026-04-07 12:12:56 | INFO | [Round 4] Epoch 22/80 time=00:00.33 avg=00:00.30 ETA=00:17.58 | GPU MB alloc/reserved=69.9/852.0
2026-04-07 12:12:56 | INFO | [Round 4] epoch=23/80 loss=1.7707 acc=33.78 val_acc=nan data_t=0.0078s batch_t=0.0089s epoch_t=00:00.13 lr=0.000811 | GPU MB alloc/reserved=69.9/852.0
2026-04-07 12:12:56 | INFO | [Round 4] Epoch 23/80 time=00:00.13 avg=00:00.30 ETA=00:16.86 | GPU MB alloc/reserved=69.9/852.0
2026-04-07 12:12:57 | INFO | [Round 4] epoch=24/80 loss=1.7363 acc=36.00 val_acc=nan data_t=0.0033s batch_t=0.0283s epoch_t=00:00.25 lr=0.000796 | GPU MB alloc/reserved=69.9/852.0
2026-04-07 12:12:57 | INFO | [Round 4] Epoch 24/80 time=00:00.25 avg=00:00.29 ETA=00:16.46 | GPU MB alloc/reserved=69.9/852.0
2026-04-07 12:12:57 | INFO | [Round 4] epoch=25/80 loss=1.7911 acc=34.56 val_acc=nan data_t=0.0044s batch_t=0.0338s epoch_t=00:00.31 lr=0.000780 | GPU MB alloc/reserved=69.9/852.0
2026-04-07 12:12:57 | INFO | [Round 4] Epoch 25/80 time=00:00.31 avg=00:00.29 ETA=00:16.19 | GPU MB alloc/reserved=69.9/852.0
2026-04-07 12:12:57 | INFO | [Round 4] epoch=26/80 loss=1.7556 acc=35.89 val_acc=nan data_t=0.0057s batch_t=0.0336s epoch_t=00:00.31 lr=0.000764 | GPU MB alloc/reserved=69.9/852.0
2026-04-07 12:12:57 | INFO | [Round 4] Epoch 26/80 time=00:00.31 avg=00:00.30 ETA=00:15.94 | GPU MB alloc/reserved=69.9/852.0
2026-04-07 12:12:57 | INFO | [Round 4] epoch=27/80 loss=1.7443 acc=35.67 val_acc=nan data_t=0.0052s batch_t=0.0338s epoch_t=00:00.31 lr=0.000747 | GPU MB alloc/reserved=69.9/852.0
2026-04-07 12:12:57 | INFO | [Round 4] Epoch 27/80 time=00:00.31 avg=00:00.30 ETA=00:15.68 | GPU MB alloc/reserved=69.9/852.0
2026-04-07 12:12:58 | INFO | [Round 4] epoch=28/80 loss=1.7935 acc=32.44 val_acc=nan data_t=0.0067s batch_t=0.0337s epoch_t=00:00.32 lr=0.000730 | GPU MB alloc/reserved=69.9/852.0
2026-04-07 12:12:58 | INFO | [Round 4] Epoch 28/80 time=00:00.32 avg=00:00.30 ETA=00:15.43 | GPU MB alloc/reserved=69.9/852.0
2026-04-07 12:12:58 | INFO | [Round 4] epoch=29/80 loss=1.7685 acc=35.00 val_acc=nan data_t=0.0048s batch_t=0.0337s epoch_t=00:00.31 lr=0.000712 | GPU MB alloc/reserved=69.9/852.0
2026-04-07 12:12:58 | INFO | [Round 4] Epoch 29/80 time=00:00.31 avg=00:00.30 ETA=00:15.16 | GPU MB alloc/reserved=69.9/852.0
2026-04-07 12:12:58 | INFO | [Round 4] epoch=30/80 loss=1.7434 acc=36.78 val_acc=nan data_t=0.0050s batch_t=0.0340s epoch_t=00:00.31 lr=0.000694 | GPU MB alloc/reserved=69.9/852.0
2026-04-07 12:12:58 | INFO | [Round 4] Epoch 30/80 time=00:00.31 avg=00:00.30 ETA=00:14.88 | GPU MB alloc/reserved=69.9/852.0
2026-04-07 12:12:59 | INFO | [Round 4] epoch=31/80 loss=1.7094 acc=36.56 val_acc=nan data_t=0.0063s batch_t=0.0114s epoch_t=00:00.14 lr=0.000676 | GPU MB alloc/reserved=69.9/852.0
2026-04-07 12:12:59 | INFO | [Round 4] Epoch 31/80 time=00:00.14 avg=00:00.29 ETA=00:14.34 | GPU MB alloc/reserved=69.9/852.0
2026-04-07 12:12:59 | INFO | [Round 4] epoch=32/80 loss=1.6581 acc=39.33 val_acc=nan data_t=0.0042s batch_t=0.0082s epoch_t=00:00.10 lr=0.000658 | GPU MB alloc/reserved=69.9/852.0
2026-04-07 12:12:59 | INFO | [Round 4] Epoch 32/80 time=00:00.10 avg=00:00.29 ETA=00:13.76 | GPU MB alloc/reserved=69.9/852.0
2026-04-07 12:12:59 | INFO | [Round 4] epoch=33/80 loss=1.6764 acc=38.33 val_acc=nan data_t=0.0031s batch_t=0.0337s epoch_t=00:00.29 lr=0.000639 | GPU MB alloc/reserved=69.9/852.0
2026-04-07 12:12:59 | INFO | [Round 4] Epoch 33/80 time=00:00.29 avg=00:00.29 ETA=00:13.48 | GPU MB alloc/reserved=69.9/852.0
2026-04-07 12:12:59 | INFO | [Round 4] epoch=34/80 loss=1.8038 acc=38.33 val_acc=nan data_t=0.0062s batch_t=0.0336s epoch_t=00:00.32 lr=0.000621 | GPU MB alloc/reserved=69.9/852.0
2026-04-07 12:12:59 | INFO | [Round 4] Epoch 34/80 time=00:00.32 avg=00:00.29 ETA=00:13.24 | GPU MB alloc/reserved=69.9/852.0
2026-04-07 12:13:00 | INFO | [Round 4] epoch=35/80 loss=1.7262 acc=38.11 val_acc=nan data_t=0.0064s batch_t=0.0339s epoch_t=00:00.32 lr=0.000602 | GPU MB alloc/reserved=69.9/852.0
2026-04-07 12:13:00 | INFO | [Round 4] Epoch 35/80 time=00:00.32 avg=00:00.29 ETA=00:13.00 | GPU MB alloc/reserved=69.9/852.0
2026-04-07 12:13:00 | INFO | [Round 4] epoch=36/80 loss=1.7482 acc=39.56 val_acc=nan data_t=0.0055s batch_t=0.0340s epoch_t=00:00.32 lr=0.000582 | GPU MB alloc/reserved=69.9/852.0
2026-04-07 12:13:00 | INFO | [Round 4] Epoch 36/80 time=00:00.32 avg=00:00.29 ETA=00:12.74 | GPU MB alloc/reserved=69.9/852.0
2026-04-07 12:13:00 | INFO | [Round 4] epoch=37/80 loss=1.6869 acc=38.22 val_acc=nan data_t=0.0067s batch_t=0.0341s epoch_t=00:00.33 lr=0.000563 | GPU MB alloc/reserved=69.9/852.0
2026-04-07 12:13:00 | INFO | [Round 4] Epoch 37/80 time=00:00.33 avg=00:00.29 ETA=00:12.49 | GPU MB alloc/reserved=69.9/852.0
2026-04-07 12:13:01 | INFO | [Round 4] epoch=38/80 loss=1.7119 acc=37.67 val_acc=nan data_t=0.0033s batch_t=0.0336s epoch_t=00:00.30 lr=0.000544 | GPU MB alloc/reserved=69.9/852.0
2026-04-07 12:13:01 | INFO | [Round 4] Epoch 38/80 time=00:00.30 avg=00:00.29 ETA=00:12.21 | GPU MB alloc/reserved=69.9/852.0
2026-04-07 12:13:01 | INFO | [Round 4] epoch=39/80 loss=1.6416 acc=39.33 val_acc=nan data_t=0.0068s batch_t=0.0311s epoch_t=00:00.30 lr=0.000524 | GPU MB alloc/reserved=69.9/852.0
2026-04-07 12:13:01 | INFO | [Round 4] Epoch 39/80 time=00:00.30 avg=00:00.29 ETA=00:11.93 | GPU MB alloc/reserved=69.9/852.0
2026-04-07 12:13:01 | INFO | [Round 4] epoch=40/80 loss=1.6291 acc=39.78 val_acc=nan data_t=0.0058s batch_t=0.0087s epoch_t=00:00.12 lr=0.000505 | GPU MB alloc/reserved=69.9/852.0
2026-04-07 12:13:01 | INFO | [Round 4] Epoch 40/80 time=00:00.12 avg=00:00.29 ETA=00:11.47 | GPU MB alloc/reserved=69.9/852.0
2026-04-07 12:13:01 | INFO | [Round 4] epoch=41/80 loss=1.6212 acc=39.33 val_acc=nan data_t=0.0034s batch_t=0.0280s epoch_t=00:00.25 lr=0.000486 | GPU MB alloc/reserved=69.9/852.0
2026-04-07 12:13:01 | INFO | [Round 4] Epoch 41/80 time=00:00.25 avg=00:00.29 ETA=00:11.15 | GPU MB alloc/reserved=69.9/852.0
2026-04-07 12:13:02 | INFO | [Round 4] epoch=42/80 loss=1.5854 acc=40.89 val_acc=nan data_t=0.0061s batch_t=0.0337s epoch_t=00:00.32 lr=0.000466 | GPU MB alloc/reserved=69.9/852.0
2026-04-07 12:13:02 | INFO | [Round 4] Epoch 42/80 time=00:00.32 avg=00:00.29 ETA=00:10.89 | GPU MB alloc/reserved=69.9/852.0
2026-04-07 12:13:02 | INFO | [Round 4] epoch=43/80 loss=1.5879 acc=40.56 val_acc=nan data_t=0.0062s batch_t=0.0336s epoch_t=00:00.32 lr=0.000447 | GPU MB alloc/reserved=69.9/852.0
2026-04-07 12:13:02 | INFO | [Round 4] Epoch 43/80 time=00:00.32 avg=00:00.29 ETA=00:10.63 | GPU MB alloc/reserved=69.9/852.0
2026-04-07 12:13:02 | INFO | [Round 4] epoch=44/80 loss=1.5673 acc=40.00 val_acc=nan data_t=0.0065s batch_t=0.0339s epoch_t=00:00.32 lr=0.000428 | GPU MB alloc/reserved=69.9/852.0
2026-04-07 12:13:02 | INFO | [Round 4] Epoch 44/80 time=00:00.32 avg=00:00.29 ETA=00:10.37 | GPU MB alloc/reserved=69.9/852.0
2026-04-07 12:13:03 | INFO | [Round 4] epoch=45/80 loss=1.6315 acc=39.00 val_acc=nan data_t=0.0075s batch_t=0.0336s epoch_t=00:00.33 lr=0.000408 | GPU MB alloc/reserved=69.9/852.0
2026-04-07 12:13:03 | INFO | [Round 4] Epoch 45/80 time=00:00.33 avg=00:00.29 ETA=00:10.12 | GPU MB alloc/reserved=69.9/852.0
2026-04-07 12:13:03 | INFO | [Round 4] epoch=46/80 loss=1.5890 acc=41.00 val_acc=nan data_t=0.0067s batch_t=0.0339s epoch_t=00:00.33 lr=0.000389 | GPU MB alloc/reserved=69.9/852.0
2026-04-07 12:13:03 | INFO | [Round 4] Epoch 46/80 time=00:00.33 avg=00:00.29 ETA=00:09.85 | GPU MB alloc/reserved=69.9/852.0
2026-04-07 12:13:03 | INFO | [Round 4] epoch=47/80 loss=1.6130 acc=40.44 val_acc=nan data_t=0.0033s batch_t=0.0341s epoch_t=00:00.30 lr=0.000371 | GPU MB alloc/reserved=69.9/852.0
2026-04-07 12:13:03 | INFO | [Round 4] Epoch 47/80 time=00:00.30 avg=00:00.29 ETA=00:09.57 | GPU MB alloc/reserved=69.9/852.0
2026-04-07 12:13:03 | INFO | [Round 4] epoch=48/80 loss=1.5734 acc=41.67 val_acc=nan data_t=0.0063s batch_t=0.0124s epoch_t=00:00.15 lr=0.000352 | GPU MB alloc/reserved=69.9/852.0
2026-04-07 12:13:03 | INFO | [Round 4] Epoch 48/80 time=00:00.15 avg=00:00.29 ETA=00:09.19 | GPU MB alloc/reserved=69.9/852.0
2026-04-07 12:13:03 | INFO | [Round 4] epoch=49/80 loss=1.5701 acc=41.89 val_acc=nan data_t=0.0038s batch_t=0.0146s epoch_t=00:00.15 lr=0.000334 | GPU MB alloc/reserved=69.9/852.0
2026-04-07 12:13:03 | INFO | [Round 4] Epoch 49/80 time=00:00.15 avg=00:00.28 ETA=00:08.81 | GPU MB alloc/reserved=69.9/852.0
2026-04-07 12:13:04 | INFO | [Round 4] epoch=50/80 loss=1.5377 acc=42.56 val_acc=nan data_t=0.0071s batch_t=0.0337s epoch_t=00:00.33 lr=0.000316 | GPU MB alloc/reserved=69.9/852.0
2026-04-07 12:13:04 | INFO | [Round 4] Epoch 50/80 time=00:00.33 avg=00:00.29 ETA=00:08.55 | GPU MB alloc/reserved=69.9/852.0
2026-04-07 12:13:04 | INFO | [Round 4] epoch=51/80 loss=1.5116 acc=42.56 val_acc=nan data_t=0.0064s batch_t=0.0341s epoch_t=00:00.32 lr=0.000298 | GPU MB alloc/reserved=69.9/852.0
2026-04-07 12:13:04 | INFO | [Round 4] Epoch 51/80 time=00:00.32 avg=00:00.29 ETA=00:08.29 | GPU MB alloc/reserved=69.9/852.0
2026-04-07 12:13:04 | INFO | [Round 4] epoch=52/80 loss=1.5296 acc=44.22 val_acc=nan data_t=0.0053s batch_t=0.0339s epoch_t=00:00.31 lr=0.000280 | GPU MB alloc/reserved=69.9/852.0
2026-04-07 12:13:04 | INFO | [Round 4] Epoch 52/80 time=00:00.31 avg=00:00.29 ETA=00:08.02 | GPU MB alloc/reserved=69.9/852.0
2026-04-07 12:13:05 | INFO | [Round 4] epoch=53/80 loss=1.4886 acc=44.67 val_acc=nan data_t=0.0049s batch_t=0.0340s epoch_t=00:00.31 lr=0.000263 | GPU MB alloc/reserved=69.9/852.0
2026-04-07 12:13:05 | INFO | [Round 4] Epoch 53/80 time=00:00.31 avg=00:00.29 ETA=00:07.74 | GPU MB alloc/reserved=69.9/852.0
2026-04-07 12:13:05 | INFO | [Round 4] epoch=54/80 loss=1.5038 acc=43.67 val_acc=nan data_t=0.0056s batch_t=0.0339s epoch_t=00:00.32 lr=0.000246 | GPU MB alloc/reserved=69.9/852.0
2026-04-07 12:13:05 | INFO | [Round 4] Epoch 54/80 time=00:00.32 avg=00:00.29 ETA=00:07.47 | GPU MB alloc/reserved=69.9/852.0
2026-04-07 12:13:05 | INFO | [Round 4] epoch=55/80 loss=1.4898 acc=43.67 val_acc=nan data_t=0.0043s batch_t=0.0339s epoch_t=00:00.31 lr=0.000230 | GPU MB alloc/reserved=69.9/852.0
2026-04-07 12:13:05 | INFO | [Round 4] Epoch 55/80 time=00:00.31 avg=00:00.29 ETA=00:07.19 | GPU MB alloc/reserved=69.9/852.0
2026-04-07 12:13:06 | INFO | [Round 4] epoch=56/80 loss=1.5001 acc=44.22 val_acc=nan data_t=0.0054s batch_t=0.0266s epoch_t=00:00.26 lr=0.000214 | GPU MB alloc/reserved=69.9/852.0
2026-04-07 12:13:06 | INFO | [Round 4] Epoch 56/80 time=00:00.26 avg=00:00.29 ETA=00:06.89 | GPU MB alloc/reserved=69.9/852.0
2026-04-07 12:13:06 | INFO | [Round 4] epoch=57/80 loss=1.4796 acc=44.78 val_acc=nan data_t=0.0064s batch_t=0.0090s epoch_t=00:00.12 lr=0.000199 | GPU MB alloc/reserved=69.9/852.0
2026-04-07 12:13:06 | INFO | [Round 4] Epoch 57/80 time=00:00.12 avg=00:00.28 ETA=00:06.54 | GPU MB alloc/reserved=69.9/852.0
2026-04-07 12:13:06 | INFO | [Round 4] epoch=58/80 loss=1.5203 acc=43.00 val_acc=nan data_t=0.0042s batch_t=0.0336s epoch_t=00:00.30 lr=0.000184 | GPU MB alloc/reserved=69.9/852.0
2026-04-07 12:13:06 | INFO | [Round 4] Epoch 58/80 time=00:00.30 avg=00:00.28 ETA=00:06.26 | GPU MB alloc/reserved=69.9/852.0
2026-04-07 12:13:06 | INFO | [Round 4] epoch=59/80 loss=1.4842 acc=44.56 val_acc=nan data_t=0.0052s batch_t=0.0340s epoch_t=00:00.31 lr=0.000169 | GPU MB alloc/reserved=69.9/852.0
2026-04-07 12:13:06 | INFO | [Round 4] Epoch 59/80 time=00:00.31 avg=00:00.29 ETA=00:05.99 | GPU MB alloc/reserved=69.9/852.0
2026-04-07 12:13:07 | INFO | [Round 4] epoch=60/80 loss=1.4696 acc=44.89 val_acc=nan data_t=0.0081s batch_t=0.0341s epoch_t=00:00.34 lr=0.000155 | GPU MB alloc/reserved=69.9/852.0
2026-04-07 12:13:07 | INFO | [Round 4] Epoch 60/80 time=00:00.34 avg=00:00.29 ETA=00:05.72 | GPU MB alloc/reserved=69.9/852.0
2026-04-07 12:13:07 | INFO | [Round 4] epoch=61/80 loss=1.4710 acc=44.78 val_acc=nan data_t=0.0048s batch_t=0.0341s epoch_t=00:00.31 lr=0.000142 | GPU MB alloc/reserved=69.9/852.0
2026-04-07 12:13:07 | INFO | [Round 4] Epoch 61/80 time=00:00.31 avg=00:00.29 ETA=00:05.44 | GPU MB alloc/reserved=69.9/852.0
2026-04-07 12:13:07 | INFO | [Round 4] epoch=62/80 loss=1.4686 acc=45.67 val_acc=nan data_t=0.0068s batch_t=0.0341s epoch_t=00:00.33 lr=0.000129 | GPU MB alloc/reserved=69.9/852.0
2026-04-07 12:13:07 | INFO | [Round 4] Epoch 62/80 time=00:00.33 avg=00:00.29 ETA=00:05.17 | GPU MB alloc/reserved=69.9/852.0
2026-04-07 12:13:08 | INFO | [Round 4] epoch=63/80 loss=1.4278 acc=47.56 val_acc=nan data_t=0.0073s batch_t=0.0340s epoch_t=00:00.33 lr=0.000116 | GPU MB alloc/reserved=69.9/852.0
2026-04-07 12:13:08 | INFO | [Round 4] Epoch 63/80 time=00:00.33 avg=00:00.29 ETA=00:04.89 | GPU MB alloc/reserved=69.9/852.0
2026-04-07 12:13:08 | INFO | [Round 4] epoch=64/80 loss=1.4462 acc=43.33 val_acc=nan data_t=0.0050s batch_t=0.0333s epoch_t=00:00.31 lr=0.000105 | GPU MB alloc/reserved=69.9/852.0
2026-04-07 12:13:08 | INFO | [Round 4] Epoch 64/80 time=00:00.31 avg=00:00.29 ETA=00:04.61 | GPU MB alloc/reserved=69.9/852.0
2026-04-07 12:13:08 | INFO | [Round 4] epoch=65/80 loss=1.4339 acc=46.22 val_acc=nan data_t=0.0055s batch_t=0.0100s epoch_t=00:00.12 lr=0.000093 | GPU MB alloc/reserved=69.9/852.0
2026-04-07 12:13:08 | INFO | [Round 4] Epoch 65/80 time=00:00.12 avg=00:00.29 ETA=00:04.28 | GPU MB alloc/reserved=69.9/852.0
2026-04-07 12:13:08 | INFO | [Round 4] epoch=66/80 loss=1.4303 acc=45.11 val_acc=nan data_t=0.0052s batch_t=0.0274s epoch_t=00:00.26 lr=0.000083 | GPU MB alloc/reserved=69.9/852.0
2026-04-07 12:13:08 | INFO | [Round 4] Epoch 66/80 time=00:00.26 avg=00:00.29 ETA=00:03.99 | GPU MB alloc/reserved=69.9/852.0
2026-04-07 12:13:09 | INFO | [Round 4] epoch=67/80 loss=1.4440 acc=41.44 val_acc=nan data_t=0.0048s batch_t=0.0336s epoch_t=00:00.31 lr=0.000073 | GPU MB alloc/reserved=69.9/852.0
2026-04-07 12:13:09 | INFO | [Round 4] Epoch 67/80 time=00:00.31 avg=00:00.29 ETA=00:03.71 | GPU MB alloc/reserved=69.9/852.0
2026-04-07 12:13:09 | INFO | [Round 4] epoch=68/80 loss=1.3951 acc=48.33 val_acc=nan data_t=0.0068s batch_t=0.0338s epoch_t=00:00.33 lr=0.000064 | GPU MB alloc/reserved=69.9/852.0
2026-04-07 12:13:09 | INFO | [Round 4] Epoch 68/80 time=00:00.33 avg=00:00.29 ETA=00:03.43 | GPU MB alloc/reserved=69.9/852.0
2026-04-07 12:13:09 | INFO | [Round 4] epoch=69/80 loss=1.4269 acc=46.11 val_acc=nan data_t=0.0047s batch_t=0.0337s epoch_t=00:00.31 lr=0.000055 | GPU MB alloc/reserved=69.9/852.0
2026-04-07 12:13:09 | INFO | [Round 4] Epoch 69/80 time=00:00.31 avg=00:00.29 ETA=00:03.15 | GPU MB alloc/reserved=69.9/852.0
2026-04-07 12:13:10 | INFO | [Round 4] epoch=70/80 loss=1.4370 acc=44.67 val_acc=nan data_t=0.0057s batch_t=0.0339s epoch_t=00:00.32 lr=0.000048 | GPU MB alloc/reserved=69.9/852.0
2026-04-07 12:13:10 | INFO | [Round 4] Epoch 70/80 time=00:00.32 avg=00:00.29 ETA=00:02.87 | GPU MB alloc/reserved=69.9/852.0
2026-04-07 12:13:10 | INFO | [Round 4] epoch=71/80 loss=1.4639 acc=47.22 val_acc=nan data_t=0.0048s batch_t=0.0337s epoch_t=00:00.31 lr=0.000041 | GPU MB alloc/reserved=69.9/852.0
2026-04-07 12:13:10 | INFO | [Round 4] Epoch 71/80 time=00:00.31 avg=00:00.29 ETA=00:02.58 | GPU MB alloc/reserved=69.9/852.0
2026-04-07 12:13:10 | INFO | [Round 4] epoch=72/80 loss=1.4419 acc=47.00 val_acc=nan data_t=0.0034s batch_t=0.0338s epoch_t=00:00.30 lr=0.000034 | GPU MB alloc/reserved=69.9/852.0
2026-04-07 12:13:10 | INFO | [Round 4] Epoch 72/80 time=00:00.30 avg=00:00.29 ETA=00:02.30 | GPU MB alloc/reserved=69.9/852.0
2026-04-07 12:13:10 | INFO | [Round 4] epoch=73/80 loss=1.4088 acc=48.56 val_acc=nan data_t=0.0044s batch_t=0.0191s epoch_t=00:00.19 lr=0.000029 | GPU MB alloc/reserved=69.9/852.0
2026-04-07 12:13:10 | INFO | [Round 4] Epoch 73/80 time=00:00.19 avg=00:00.29 ETA=00:02.00 | GPU MB alloc/reserved=69.9/852.0
2026-04-07 12:13:11 | INFO | [Round 4] epoch=74/80 loss=1.4190 acc=47.89 val_acc=nan data_t=0.0066s batch_t=0.0086s epoch_t=00:00.12 lr=0.000024 | GPU MB alloc/reserved=69.9/852.0
2026-04-07 12:13:11 | INFO | [Round 4] Epoch 74/80 time=00:00.12 avg=00:00.28 ETA=00:01.70 | GPU MB alloc/reserved=69.9/852.0
2026-04-07 12:13:11 | INFO | [Round 4] epoch=75/80 loss=1.4304 acc=45.33 val_acc=nan data_t=0.0031s batch_t=0.0335s epoch_t=00:00.29 lr=0.000020 | GPU MB alloc/reserved=69.9/852.0
2026-04-07 12:13:11 | INFO | [Round 4] Epoch 75/80 time=00:00.29 avg=00:00.28 ETA=00:01.42 | GPU MB alloc/reserved=69.9/852.0
2026-04-07 12:13:11 | INFO | [Round 4] epoch=76/80 loss=1.4021 acc=47.33 val_acc=nan data_t=0.0045s batch_t=0.0338s epoch_t=00:00.31 lr=0.000016 | GPU MB alloc/reserved=69.9/852.0
2026-04-07 12:13:11 | INFO | [Round 4] Epoch 76/80 time=00:00.31 avg=00:00.28 ETA=00:01.14 | GPU MB alloc/reserved=69.9/852.0
2026-04-07 12:13:11 | INFO | [Round 4] epoch=77/80 loss=1.4402 acc=46.44 val_acc=nan data_t=0.0044s batch_t=0.0338s epoch_t=00:00.31 lr=0.000013 | GPU MB alloc/reserved=69.9/852.0
2026-04-07 12:13:11 | INFO | [Round 4] Epoch 77/80 time=00:00.31 avg=00:00.28 ETA=00:00.85 | GPU MB alloc/reserved=69.9/852.0
2026-04-07 12:13:12 | INFO | [Round 4] epoch=78/80 loss=1.4443 acc=44.44 val_acc=nan data_t=0.0072s batch_t=0.0339s epoch_t=00:00.33 lr=0.000012 | GPU MB alloc/reserved=69.9/852.0
2026-04-07 12:13:12 | INFO | [Round 4] Epoch 78/80 time=00:00.33 avg=00:00.28 ETA=00:00.57 | GPU MB alloc/reserved=69.9/852.0
2026-04-07 12:13:12 | INFO | [Round 4] epoch=79/80 loss=1.4142 acc=46.67 val_acc=nan data_t=0.0032s batch_t=0.0336s epoch_t=00:00.29 lr=0.000010 | GPU MB alloc/reserved=69.9/852.0
2026-04-07 12:13:12 | INFO | [Round 4] Epoch 79/80 time=00:00.29 avg=00:00.29 ETA=00:00.29 | GPU MB alloc/reserved=69.9/852.0
2026-04-07 12:13:12 | INFO | [Round 4] epoch=80/80 loss=1.4249 acc=45.78 val_acc=nan data_t=0.0049s batch_t=0.0336s epoch_t=00:00.31 lr=0.000010 | GPU MB alloc/reserved=69.9/852.0
2026-04-07 12:13:12 | INFO | [Round 4] Epoch 80/80 time=00:00.31 avg=00:00.29 ETA=00:00.00 | GPU MB alloc/reserved=69.9/852.0
2026-04-07 12:13:12 | INFO | [Round 4] training complete in 00:22.93 (best monitor=48.556) | GPU MB alloc/reserved=69.9/852.0
2026-04-07 12:13:12 | INFO | [Round 4] evaluation started | GPU MB alloc/reserved=52.0/852.0
2026-04-07 12:13:15 | INFO | [Round 4] clean=43.50 fgsm=37.86 pgd=37.81 grad_disp_mean=nan grad_disp_sel=nan round_t=26.99s | GPU MB alloc/reserved=52.0/852.0
2026-04-07 12:13:15 | INFO | [Round 5/21] elapsed=00:26.99 avg_round=00:22.27 projected_remaining=05:56.39 | GPU MB alloc/reserved=52.0/852.0
2026-04-07 12:13:16 | INFO | [Round 5] acquisition on pool_size=49100 scored_pool=5000 budget=100 | GPU MB alloc/reserved=34.1/852.0
2026-04-07 12:13:16 | INFO | [CoreSet-unlabeled-feat] scoring progress 10/20 elapsed=00:00.23 avg/batch=0.023s ETA=00:00.23 | GPU MB alloc/reserved=40.6/852.0
2026-04-07 12:13:16 | INFO | [CoreSet-unlabeled-feat] scoring progress 20/20 elapsed=00:00.25 avg/batch=0.012s ETA=00:00.00 | GPU MB alloc/reserved=40.6/852.0
2026-04-07 12:13:16 | INFO | [CoreSet-labeled-feat] scoring progress 4/4 elapsed=00:00.18 avg/batch=0.045s ETA=00:00.00 | GPU MB alloc/reserved=41.4/852.0
2026-04-07 12:13:17 | INFO | [CoreSet] greedy 10/100 cover_radius=22.090733 | GPU: n/a
2026-04-07 12:13:17 | INFO | [CoreSet] greedy 20/100 cover_radius=20.543839 | GPU: n/a
2026-04-07 12:13:17 | INFO | [CoreSet] greedy 30/100 cover_radius=19.719574 | GPU: n/a
2026-04-07 12:13:17 | INFO | [CoreSet] greedy 40/100 cover_radius=19.225863 | GPU: n/a
2026-04-07 12:13:17 | INFO | [CoreSet] greedy 50/100 cover_radius=18.738277 | GPU: n/a
2026-04-07 12:13:17 | INFO | [CoreSet] greedy 60/100 cover_radius=18.468287 | GPU: n/a
2026-04-07 12:13:17 | INFO | [CoreSet] greedy 70/100 cover_radius=18.197001 | GPU: n/a
2026-04-07 12:13:17 | INFO | [CoreSet] greedy 80/100 cover_radius=17.935255 | GPU: n/a
2026-04-07 12:13:17 | INFO | [CoreSet] greedy 90/100 cover_radius=17.739943 | GPU: n/a
2026-04-07 12:13:17 | INFO | [CoreSet] greedy 100/100 cover_radius=17.585672 | GPU: n/a
2026-04-07 12:13:18 | INFO | [Round 5] labeled=1000 train=1000 val_fixed=0 | GPU MB alloc/reserved=43.1/852.0
2026-04-07 12:13:18 | INFO | [Round 5] epoch=1/80 loss=6.9776 acc=12.40 val_acc=nan data_t=0.0210s batch_t=0.0377s epoch_t=00:00.47 lr=0.001000 | GPU MB alloc/reserved=69.9/852.0
2026-04-07 12:13:18 | INFO | [Round 5] Epoch 1/80 time=00:00.47 avg=00:00.47 ETA=00:37.13 | GPU MB alloc/reserved=69.9/852.0
2026-04-07 12:13:18 | INFO | [Round 5] epoch=2/80 loss=2.7079 acc=13.80 val_acc=nan data_t=0.0037s batch_t=0.0342s epoch_t=00:00.30 lr=0.000998 | GPU MB alloc/reserved=69.9/852.0
2026-04-07 12:13:18 | INFO | [Round 5] Epoch 2/80 time=00:00.30 avg=00:00.39 ETA=00:30.15 | GPU MB alloc/reserved=69.9/852.0
2026-04-07 12:13:19 | INFO | [Round 5] epoch=3/80 loss=2.2032 acc=21.70 val_acc=nan data_t=0.0034s batch_t=0.0343s epoch_t=00:00.30 lr=0.000997 | GPU MB alloc/reserved=69.9/852.0
2026-04-07 12:13:19 | INFO | [Round 5] Epoch 3/80 time=00:00.30 avg=00:00.36 ETA=00:27.58 | GPU MB alloc/reserved=69.9/852.0
2026-04-07 12:13:19 | INFO | [Round 5] epoch=4/80 loss=2.1118 acc=24.40 val_acc=nan data_t=0.0063s batch_t=0.0344s epoch_t=00:00.33 lr=0.000994 | GPU MB alloc/reserved=69.9/852.0
2026-04-07 12:13:19 | INFO | [Round 5] Epoch 4/80 time=00:00.33 avg=00:00.35 ETA=00:26.61 | GPU MB alloc/reserved=69.9/852.0
2026-04-07 12:13:19 | INFO | [Round 5] epoch=5/80 loss=2.0715 acc=23.10 val_acc=nan data_t=0.0068s batch_t=0.0343s epoch_t=00:00.33 lr=0.000990 | GPU MB alloc/reserved=69.9/852.0
2026-04-07 12:13:19 | INFO | [Round 5] Epoch 5/80 time=00:00.33 avg=00:00.35 ETA=00:25.93 | GPU MB alloc/reserved=69.9/852.0
2026-04-07 12:13:20 | INFO | [Round 5] epoch=6/80 loss=2.0128 acc=24.40 val_acc=nan data_t=0.0059s batch_t=0.0343s epoch_t=00:00.32 lr=0.000986 | GPU MB alloc/reserved=69.9/852.0
2026-04-07 12:13:20 | INFO | [Round 5] Epoch 6/80 time=00:00.32 avg=00:00.34 ETA=00:25.28 | GPU MB alloc/reserved=69.9/852.0
2026-04-07 12:13:20 | INFO | [Round 5] epoch=7/80 loss=1.9821 acc=28.70 val_acc=nan data_t=0.0055s batch_t=0.0091s epoch_t=00:00.12 lr=0.000981 | GPU MB alloc/reserved=69.9/852.0
2026-04-07 12:13:20 | INFO | [Round 5] Epoch 7/80 time=00:00.12 avg=00:00.31 ETA=00:22.59 | GPU MB alloc/reserved=69.9/852.0
2026-04-07 12:13:20 | INFO | [Round 5] epoch=8/80 loss=1.9627 acc=27.00 val_acc=nan data_t=0.0034s batch_t=0.0090s epoch_t=00:00.10 lr=0.000976 | GPU MB alloc/reserved=69.9/852.0
2026-04-07 12:13:20 | INFO | [Round 5] Epoch 8/80 time=00:00.10 avg=00:00.28 ETA=00:20.39 | GPU MB alloc/reserved=69.9/852.0
2026-04-07 12:13:20 | INFO | [Round 5] epoch=9/80 loss=1.9154 acc=29.10 val_acc=nan data_t=0.0039s batch_t=0.0342s epoch_t=00:00.30 lr=0.000969 | GPU MB alloc/reserved=69.9/852.0
2026-04-07 12:13:20 | INFO | [Round 5] Epoch 9/80 time=00:00.30 avg=00:00.29 ETA=00:20.27 | GPU MB alloc/reserved=69.9/852.0
2026-04-07 12:13:21 | INFO | [Round 5] epoch=10/80 loss=1.8867 acc=29.80 val_acc=nan data_t=0.0048s batch_t=0.0342s epoch_t=00:00.31 lr=0.000962 | GPU MB alloc/reserved=69.9/852.0
2026-04-07 12:13:21 | INFO | [Round 5] Epoch 10/80 time=00:00.31 avg=00:00.29 ETA=00:20.17 | GPU MB alloc/reserved=69.9/852.0
2026-04-07 12:13:21 | INFO | [Round 5] epoch=11/80 loss=1.8562 acc=30.70 val_acc=nan data_t=0.0047s batch_t=0.0343s epoch_t=00:00.31 lr=0.000955 | GPU MB alloc/reserved=69.9/852.0
2026-04-07 12:13:21 | INFO | [Round 5] Epoch 11/80 time=00:00.31 avg=00:00.29 ETA=00:20.03 | GPU MB alloc/reserved=69.9/852.0
2026-04-07 12:13:21 | INFO | [Round 5] epoch=12/80 loss=1.8367 acc=32.90 val_acc=nan data_t=0.0079s batch_t=0.0342s epoch_t=00:00.34 lr=0.000946 | GPU MB alloc/reserved=69.9/852.0
2026-04-07 12:13:21 | INFO | [Round 5] Epoch 12/80 time=00:00.34 avg=00:00.29 ETA=00:20.01 | GPU MB alloc/reserved=69.9/852.0
2026-04-07 12:13:21 | INFO | [Round 5] epoch=13/80 loss=1.7562 acc=37.10 val_acc=nan data_t=0.0046s batch_t=0.0344s epoch_t=00:00.31 lr=0.000937 | GPU MB alloc/reserved=69.9/852.0
2026-04-07 12:13:21 | INFO | [Round 5] Epoch 13/80 time=00:00.31 avg=00:00.30 ETA=00:19.81 | GPU MB alloc/reserved=69.9/852.0
2026-04-07 12:13:22 | INFO | [Round 5] epoch=14/80 loss=1.7807 acc=33.70 val_acc=nan data_t=0.0050s batch_t=0.0345s epoch_t=00:00.32 lr=0.000927 | GPU MB alloc/reserved=69.9/852.0
2026-04-07 12:13:22 | INFO | [Round 5] Epoch 14/80 time=00:00.32 avg=00:00.30 ETA=00:19.61 | GPU MB alloc/reserved=69.9/852.0
2026-04-07 12:13:22 | INFO | [Round 5] epoch=15/80 loss=1.6738 acc=39.80 val_acc=nan data_t=0.0060s batch_t=0.0344s epoch_t=00:00.32 lr=0.000917 | GPU MB alloc/reserved=69.9/852.0
2026-04-07 12:13:22 | INFO | [Round 5] Epoch 15/80 time=00:00.32 avg=00:00.30 ETA=00:19.43 | GPU MB alloc/reserved=69.9/852.0
2026-04-07 12:13:22 | INFO | [Round 5] epoch=16/80 loss=1.7048 acc=35.50 val_acc=nan data_t=0.0064s batch_t=0.0107s epoch_t=00:00.14 lr=0.000905 | GPU MB alloc/reserved=69.9/852.0
2026-04-07 12:13:22 | INFO | [Round 5] Epoch 16/80 time=00:00.14 avg=00:00.29 ETA=00:18.48 | GPU MB alloc/reserved=69.9/852.0
2026-04-07 12:13:23 | INFO | [Round 5] epoch=17/80 loss=1.6595 acc=38.30 val_acc=nan data_t=0.0049s batch_t=0.0331s epoch_t=00:00.30 lr=0.000894 | GPU MB alloc/reserved=69.9/852.0
2026-04-07 12:13:23 | INFO | [Round 5] Epoch 17/80 time=00:00.30 avg=00:00.29 ETA=00:18.25 | GPU MB alloc/reserved=69.9/852.0
2026-04-07 12:13:23 | INFO | [Round 5] epoch=18/80 loss=1.6577 acc=36.70 val_acc=nan data_t=0.0050s batch_t=0.0342s epoch_t=00:00.31 lr=0.000881 | GPU MB alloc/reserved=69.9/852.0
2026-04-07 12:13:23 | INFO | [Round 5] Epoch 18/80 time=00:00.31 avg=00:00.29 ETA=00:18.04 | GPU MB alloc/reserved=69.9/852.0
2026-04-07 12:13:23 | INFO | [Round 5] epoch=19/80 loss=1.6627 acc=38.30 val_acc=nan data_t=0.0077s batch_t=0.0342s epoch_t=00:00.34 lr=0.000868 | GPU MB alloc/reserved=69.9/852.0
2026-04-07 12:13:23 | INFO | [Round 5] Epoch 19/80 time=00:00.34 avg=00:00.29 ETA=00:17.89 | GPU MB alloc/reserved=69.9/852.0
2026-04-07 12:13:24 | INFO | [Round 5] epoch=20/80 loss=1.6123 acc=40.30 val_acc=nan data_t=0.0066s batch_t=0.0345s epoch_t=00:00.33 lr=0.000855 | GPU MB alloc/reserved=69.9/852.0
2026-04-07 12:13:24 | INFO | [Round 5] Epoch 20/80 time=00:00.33 avg=00:00.30 ETA=00:17.70 | GPU MB alloc/reserved=69.9/852.0
2026-04-07 12:13:24 | INFO | [Round 5] epoch=21/80 loss=1.5653 acc=43.00 val_acc=nan data_t=0.0050s batch_t=0.0344s epoch_t=00:00.32 lr=0.000841 | GPU MB alloc/reserved=69.9/852.0
2026-04-07 12:13:24 | INFO | [Round 5] Epoch 21/80 time=00:00.32 avg=00:00.30 ETA=00:17.47 | GPU MB alloc/reserved=69.9/852.0
2026-04-07 12:13:24 | INFO | [Round 5] epoch=22/80 loss=1.5664 acc=40.60 val_acc=nan data_t=0.0067s batch_t=0.0345s epoch_t=00:00.33 lr=0.000826 | GPU MB alloc/reserved=69.9/852.0
2026-04-07 12:13:24 | INFO | [Round 5] Epoch 22/80 time=00:00.33 avg=00:00.30 ETA=00:17.26 | GPU MB alloc/reserved=69.9/852.0
2026-04-07 12:13:25 | INFO | [Round 5] epoch=23/80 loss=1.5730 acc=41.00 val_acc=nan data_t=0.0032s batch_t=0.0345s epoch_t=00:00.30 lr=0.000811 | GPU MB alloc/reserved=69.9/852.0
2026-04-07 12:13:25 | INFO | [Round 5] Epoch 23/80 time=00:00.30 avg=00:00.30 ETA=00:16.97 | GPU MB alloc/reserved=69.9/852.0
2026-04-07 12:13:25 | INFO | [Round 5] epoch=24/80 loss=1.5205 acc=43.30 val_acc=nan data_t=0.0054s batch_t=0.0120s epoch_t=00:00.14 lr=0.000796 | GPU MB alloc/reserved=69.9/852.0
2026-04-07 12:13:25 | INFO | [Round 5] Epoch 24/80 time=00:00.14 avg=00:00.29 ETA=00:16.30 | GPU MB alloc/reserved=69.9/852.0
2026-04-07 12:13:25 | INFO | [Round 5] epoch=25/80 loss=1.5267 acc=43.00 val_acc=nan data_t=0.0065s batch_t=0.0282s epoch_t=00:00.28 lr=0.000780 | GPU MB alloc/reserved=69.9/852.0
2026-04-07 12:13:25 | INFO | [Round 5] Epoch 25/80 time=00:00.28 avg=00:00.29 ETA=00:15.98 | GPU MB alloc/reserved=69.9/852.0
2026-04-07 12:13:25 | INFO | [Round 5] epoch=26/80 loss=1.4814 acc=44.20 val_acc=nan data_t=0.0064s batch_t=0.0343s epoch_t=00:00.33 lr=0.000764 | GPU MB alloc/reserved=69.9/852.0
2026-04-07 12:13:25 | INFO | [Round 5] Epoch 26/80 time=00:00.33 avg=00:00.29 ETA=00:15.77 | GPU MB alloc/reserved=69.9/852.0
2026-04-07 12:13:26 | INFO | [Round 5] epoch=27/80 loss=1.4491 acc=44.10 val_acc=nan data_t=0.0035s batch_t=0.0344s epoch_t=00:00.30 lr=0.000747 | GPU MB alloc/reserved=69.9/852.0
2026-04-07 12:13:26 | INFO | [Round 5] Epoch 27/80 time=00:00.30 avg=00:00.29 ETA=00:15.50 | GPU MB alloc/reserved=69.9/852.0
2026-04-07 12:13:26 | INFO | [Round 5] epoch=28/80 loss=1.4790 acc=45.50 val_acc=nan data_t=0.0035s batch_t=0.0342s epoch_t=00:00.30 lr=0.000730 | GPU MB alloc/reserved=69.9/852.0
2026-04-07 12:13:26 | INFO | [Round 5] Epoch 28/80 time=00:00.30 avg=00:00.29 ETA=00:15.22 | GPU MB alloc/reserved=69.9/852.0
2026-04-07 12:13:26 | INFO | [Round 5] epoch=29/80 loss=1.4346 acc=44.50 val_acc=nan data_t=0.0075s batch_t=0.0343s epoch_t=00:00.34 lr=0.000712 | GPU MB alloc/reserved=69.9/852.0
2026-04-07 12:13:26 | INFO | [Round 5] Epoch 29/80 time=00:00.34 avg=00:00.29 ETA=00:15.00 | GPU MB alloc/reserved=69.9/852.0
2026-04-07 12:13:27 | INFO | [Round 5] epoch=30/80 loss=1.4129 acc=46.10 val_acc=nan data_t=0.0051s batch_t=0.0343s epoch_t=00:00.32 lr=0.000694 | GPU MB alloc/reserved=69.9/852.0
2026-04-07 12:13:27 | INFO | [Round 5] Epoch 30/80 time=00:00.32 avg=00:00.29 ETA=00:14.74 | GPU MB alloc/reserved=69.9/852.0
2026-04-07 12:13:27 | INFO | [Round 5] epoch=31/80 loss=1.4046 acc=47.20 val_acc=nan data_t=0.0060s batch_t=0.0343s epoch_t=00:00.32 lr=0.000676 | GPU MB alloc/reserved=69.9/852.0
2026-04-07 12:13:27 | INFO | [Round 5] Epoch 31/80 time=00:00.32 avg=00:00.30 ETA=00:14.49 | GPU MB alloc/reserved=69.9/852.0
2026-04-07 12:13:27 | INFO | [Round 5] epoch=32/80 loss=1.3941 acc=46.80 val_acc=nan data_t=0.0053s batch_t=0.0184s epoch_t=00:00.19 lr=0.000658 | GPU MB alloc/reserved=69.9/852.0
2026-04-07 12:13:27 | INFO | [Round 5] Epoch 32/80 time=00:00.19 avg=00:00.29 ETA=00:14.04 | GPU MB alloc/reserved=69.9/852.0
2026-04-07 12:13:27 | INFO | [Round 5] epoch=33/80 loss=1.3682 acc=47.70 val_acc=nan data_t=0.0066s batch_t=0.0086s epoch_t=00:00.12 lr=0.000639 | GPU MB alloc/reserved=69.9/852.0
2026-04-07 12:13:27 | INFO | [Round 5] Epoch 33/80 time=00:00.12 avg=00:00.29 ETA=00:13.50 | GPU MB alloc/reserved=69.9/852.0
2026-04-07 12:13:27 | INFO | [Round 5] epoch=34/80 loss=1.3606 acc=48.40 val_acc=nan data_t=0.0030s batch_t=0.0343s epoch_t=00:00.30 lr=0.000621 | GPU MB alloc/reserved=69.9/852.0
2026-04-07 12:13:27 | INFO | [Round 5] Epoch 34/80 time=00:00.30 avg=00:00.29 ETA=00:13.23 | GPU MB alloc/reserved=69.9/852.0
2026-04-07 12:13:28 | INFO | [Round 5] epoch=35/80 loss=1.3555 acc=46.00 val_acc=nan data_t=0.0052s batch_t=0.0343s epoch_t=00:00.32 lr=0.000602 | GPU MB alloc/reserved=69.9/852.0
2026-04-07 12:13:28 | INFO | [Round 5] Epoch 35/80 time=00:00.32 avg=00:00.29 ETA=00:12.98 | GPU MB alloc/reserved=69.9/852.0
2026-04-07 12:13:28 | INFO | [Round 5] epoch=36/80 loss=1.3372 acc=50.30 val_acc=nan data_t=0.0032s batch_t=0.0342s epoch_t=00:00.30 lr=0.000582 | GPU MB alloc/reserved=69.9/852.0
2026-04-07 12:13:28 | INFO | [Round 5] Epoch 36/80 time=00:00.30 avg=00:00.29 ETA=00:12.70 | GPU MB alloc/reserved=69.9/852.0
2026-04-07 12:13:28 | INFO | [Round 5] epoch=37/80 loss=1.2721 acc=53.70 val_acc=nan data_t=0.0057s batch_t=0.0343s epoch_t=00:00.32 lr=0.000563 | GPU MB alloc/reserved=69.9/852.0
2026-04-07 12:13:28 | INFO | [Round 5] Epoch 37/80 time=00:00.32 avg=00:00.29 ETA=00:12.45 | GPU MB alloc/reserved=69.9/852.0
2026-04-07 12:13:29 | INFO | [Round 5] epoch=38/80 loss=1.3136 acc=50.20 val_acc=nan data_t=0.0066s batch_t=0.0342s epoch_t=00:00.33 lr=0.000544 | GPU MB alloc/reserved=69.9/852.0
2026-04-07 12:13:29 | INFO | [Round 5] Epoch 38/80 time=00:00.33 avg=00:00.29 ETA=00:12.20 | GPU MB alloc/reserved=69.9/852.0
2026-04-07 12:13:29 | INFO | [Round 5] epoch=39/80 loss=1.3012 acc=50.50 val_acc=nan data_t=0.0033s batch_t=0.0343s epoch_t=00:00.30 lr=0.000524 | GPU MB alloc/reserved=69.9/852.0
2026-04-07 12:13:29 | INFO | [Round 5] Epoch 39/80 time=00:00.30 avg=00:00.29 ETA=00:11.92 | GPU MB alloc/reserved=69.9/852.0
2026-04-07 12:13:29 | INFO | [Round 5] epoch=40/80 loss=1.2677 acc=51.90 val_acc=nan data_t=0.0059s batch_t=0.0342s epoch_t=00:00.32 lr=0.000505 | GPU MB alloc/reserved=69.9/852.0
2026-04-07 12:13:29 | INFO | [Round 5] Epoch 40/80 time=00:00.32 avg=00:00.29 ETA=00:11.66 | GPU MB alloc/reserved=69.9/852.0
2026-04-07 12:13:29 | INFO | [Round 5] epoch=41/80 loss=1.2742 acc=52.20 val_acc=nan data_t=0.0079s batch_t=0.0093s epoch_t=00:00.14 lr=0.000486 | GPU MB alloc/reserved=69.9/852.0
2026-04-07 12:13:29 | INFO | [Round 5] Epoch 41/80 time=00:00.14 avg=00:00.29 ETA=00:11.22 | GPU MB alloc/reserved=69.9/852.0
2026-04-07 12:13:30 | INFO | [Round 5] epoch=42/80 loss=1.2619 acc=51.70 val_acc=nan data_t=0.0043s batch_t=0.0154s epoch_t=00:00.16 lr=0.000466 | GPU MB alloc/reserved=69.9/852.0
2026-04-07 12:13:30 | INFO | [Round 5] Epoch 42/80 time=00:00.16 avg=00:00.28 ETA=00:10.82 | GPU MB alloc/reserved=69.9/852.0
2026-04-07 12:13:30 | INFO | [Round 5] epoch=43/80 loss=1.2416 acc=52.50 val_acc=nan data_t=0.0037s batch_t=0.0264s epoch_t=00:00.24 lr=0.000447 | GPU MB alloc/reserved=69.9/852.0
2026-04-07 12:13:30 | INFO | [Round 5] Epoch 43/80 time=00:00.24 avg=00:00.28 ETA=00:10.49 | GPU MB alloc/reserved=69.9/852.0
2026-04-07 12:13:30 | INFO | [Round 5] epoch=44/80 loss=1.2031 acc=55.70 val_acc=nan data_t=0.0048s batch_t=0.0342s epoch_t=00:00.31 lr=0.000428 | GPU MB alloc/reserved=69.9/852.0
2026-04-07 12:13:30 | INFO | [Round 5] Epoch 44/80 time=00:00.31 avg=00:00.28 ETA=00:10.23 | GPU MB alloc/reserved=69.9/852.0
2026-04-07 12:13:31 | INFO | [Round 5] epoch=45/80 loss=1.2198 acc=56.60 val_acc=nan data_t=0.0087s batch_t=0.0346s epoch_t=00:00.35 lr=0.000408 | GPU MB alloc/reserved=69.9/852.0
2026-04-07 12:13:31 | INFO | [Round 5] Epoch 45/80 time=00:00.35 avg=00:00.29 ETA=00:10.00 | GPU MB alloc/reserved=69.9/852.0
2026-04-07 12:13:31 | INFO | [Round 5] epoch=46/80 loss=1.2403 acc=52.40 val_acc=nan data_t=0.0067s batch_t=0.0343s epoch_t=00:00.33 lr=0.000389 | GPU MB alloc/reserved=69.9/852.0
2026-04-07 12:13:31 | INFO | [Round 5] Epoch 46/80 time=00:00.33 avg=00:00.29 ETA=00:09.74 | GPU MB alloc/reserved=69.9/852.0
2026-04-07 12:13:31 | INFO | [Round 5] epoch=47/80 loss=1.2062 acc=54.80 val_acc=nan data_t=0.0072s batch_t=0.0342s epoch_t=00:00.33 lr=0.000371 | GPU MB alloc/reserved=69.9/852.0
2026-04-07 12:13:31 | INFO | [Round 5] Epoch 47/80 time=00:00.33 avg=00:00.29 ETA=00:09.49 | GPU MB alloc/reserved=69.9/852.0
2026-04-07 12:13:32 | INFO | [Round 5] epoch=48/80 loss=1.2084 acc=54.90 val_acc=nan data_t=0.0070s batch_t=0.0344s epoch_t=00:00.33 lr=0.000352 | GPU MB alloc/reserved=69.9/852.0
2026-04-07 12:13:32 | INFO | [Round 5] Epoch 48/80 time=00:00.33 avg=00:00.29 ETA=00:09.23 | GPU MB alloc/reserved=69.9/852.0
2026-04-07 12:13:32 | INFO | [Round 5] epoch=49/80 loss=1.1884 acc=52.80 val_acc=nan data_t=0.0049s batch_t=0.0343s epoch_t=00:00.31 lr=0.000334 | GPU MB alloc/reserved=69.9/852.0
2026-04-07 12:13:32 | INFO | [Round 5] Epoch 49/80 time=00:00.31 avg=00:00.29 ETA=00:08.96 | GPU MB alloc/reserved=69.9/852.0
2026-04-07 12:13:32 | INFO | [Round 5] epoch=50/80 loss=1.1570 acc=56.30 val_acc=nan data_t=0.0055s batch_t=0.0118s epoch_t=00:00.14 lr=0.000316 | GPU MB alloc/reserved=69.9/852.0
2026-04-07 12:13:32 | INFO | [Round 5] Epoch 50/80 time=00:00.14 avg=00:00.29 ETA=00:08.58 | GPU MB alloc/reserved=69.9/852.0
2026-04-07 12:13:32 | INFO | [Round 5] epoch=51/80 loss=1.1400 acc=57.00 val_acc=nan data_t=0.0048s batch_t=0.0126s epoch_t=00:00.14 lr=0.000298 | GPU MB alloc/reserved=69.9/852.0
2026-04-07 12:13:32 | INFO | [Round 5] Epoch 51/80 time=00:00.14 avg=00:00.28 ETA=00:08.21 | GPU MB alloc/reserved=69.9/852.0
2026-04-07 12:13:32 | INFO | [Round 5] epoch=52/80 loss=1.1634 acc=56.20 val_acc=nan data_t=0.0043s batch_t=0.0341s epoch_t=00:00.31 lr=0.000280 | GPU MB alloc/reserved=69.9/852.0
2026-04-07 12:13:32 | INFO | [Round 5] Epoch 52/80 time=00:00.31 avg=00:00.28 ETA=00:07.94 | GPU MB alloc/reserved=69.9/852.0
2026-04-07 12:13:33 | INFO | [Round 5] epoch=53/80 loss=1.1503 acc=56.50 val_acc=nan data_t=0.0043s batch_t=0.0342s epoch_t=00:00.31 lr=0.000263 | GPU MB alloc/reserved=69.9/852.0
2026-04-07 12:13:33 | INFO | [Round 5] Epoch 53/80 time=00:00.31 avg=00:00.28 ETA=00:07.67 | GPU MB alloc/reserved=69.9/852.0
2026-04-07 12:13:33 | INFO | [Round 5] epoch=54/80 loss=1.1358 acc=57.50 val_acc=nan data_t=0.0041s batch_t=0.0341s epoch_t=00:00.31 lr=0.000246 | GPU MB alloc/reserved=69.9/852.0
2026-04-07 12:13:33 | INFO | [Round 5] Epoch 54/80 time=00:00.31 avg=00:00.28 ETA=00:07.40 | GPU MB alloc/reserved=69.9/852.0
2026-04-07 12:13:33 | INFO | [Round 5] epoch=55/80 loss=1.1263 acc=57.80 val_acc=nan data_t=0.0053s batch_t=0.0342s epoch_t=00:00.32 lr=0.000230 | GPU MB alloc/reserved=69.9/852.0
2026-04-07 12:13:33 | INFO | [Round 5] Epoch 55/80 time=00:00.32 avg=00:00.29 ETA=00:07.13 | GPU MB alloc/reserved=69.9/852.0
2026-04-07 12:13:34 | INFO | [Round 5] epoch=56/80 loss=1.1232 acc=57.00 val_acc=nan data_t=0.0049s batch_t=0.0343s epoch_t=00:00.31 lr=0.000214 | GPU MB alloc/reserved=69.9/852.0
2026-04-07 12:13:34 | INFO | [Round 5] Epoch 56/80 time=00:00.31 avg=00:00.29 ETA=00:06.85 | GPU MB alloc/reserved=69.9/852.0
2026-04-07 12:13:34 | INFO | [Round 5] epoch=57/80 loss=1.0939 acc=61.30 val_acc=nan data_t=0.0070s batch_t=0.0343s epoch_t=00:00.33 lr=0.000199 | GPU MB alloc/reserved=69.9/852.0
2026-04-07 12:13:34 | INFO | [Round 5] Epoch 57/80 time=00:00.33 avg=00:00.29 ETA=00:06.59 | GPU MB alloc/reserved=69.9/852.0
2026-04-07 12:13:34 | INFO | [Round 5] epoch=58/80 loss=1.0747 acc=60.30 val_acc=nan data_t=0.0049s batch_t=0.0344s epoch_t=00:00.31 lr=0.000184 | GPU MB alloc/reserved=69.9/852.0
2026-04-07 12:13:34 | INFO | [Round 5] Epoch 58/80 time=00:00.31 avg=00:00.29 ETA=00:06.31 | GPU MB alloc/reserved=69.9/852.0
2026-04-07 12:13:34 | INFO | [Round 5] epoch=59/80 loss=1.0512 acc=61.30 val_acc=nan data_t=0.0049s batch_t=0.0091s epoch_t=00:00.11 lr=0.000169 | GPU MB alloc/reserved=69.9/852.0
2026-04-07 12:13:34 | INFO | [Round 5] Epoch 59/80 time=00:00.11 avg=00:00.28 ETA=00:05.96 | GPU MB alloc/reserved=69.9/852.0
2026-04-07 12:13:35 | INFO | [Round 5] epoch=60/80 loss=1.0998 acc=58.00 val_acc=nan data_t=0.0061s batch_t=0.0323s epoch_t=00:00.31 lr=0.000155 | GPU MB alloc/reserved=69.9/852.0
2026-04-07 12:13:35 | INFO | [Round 5] Epoch 60/80 time=00:00.31 avg=00:00.28 ETA=00:05.68 | GPU MB alloc/reserved=69.9/852.0
2026-04-07 12:13:35 | INFO | [Round 5] epoch=61/80 loss=1.0810 acc=57.80 val_acc=nan data_t=0.0072s batch_t=0.0342s epoch_t=00:00.33 lr=0.000142 | GPU MB alloc/reserved=69.9/852.0
2026-04-07 12:13:35 | INFO | [Round 5] Epoch 61/80 time=00:00.33 avg=00:00.28 ETA=00:05.41 | GPU MB alloc/reserved=69.9/852.0
2026-04-07 12:13:35 | INFO | [Round 5] epoch=62/80 loss=1.0702 acc=59.60 val_acc=nan data_t=0.0076s batch_t=0.0344s epoch_t=00:00.34 lr=0.000129 | GPU MB alloc/reserved=69.9/852.0
2026-04-07 12:13:35 | INFO | [Round 5] Epoch 62/80 time=00:00.34 avg=00:00.29 ETA=00:05.14 | GPU MB alloc/reserved=69.9/852.0
2026-04-07 12:13:36 | INFO | [Round 5] epoch=63/80 loss=1.0658 acc=60.50 val_acc=nan data_t=0.0056s batch_t=0.0342s epoch_t=00:00.32 lr=0.000116 | GPU MB alloc/reserved=69.9/852.0
2026-04-07 12:13:36 | INFO | [Round 5] Epoch 63/80 time=00:00.32 avg=00:00.29 ETA=00:04.87 | GPU MB alloc/reserved=69.9/852.0
2026-04-07 12:13:36 | INFO | [Round 5] epoch=64/80 loss=1.0535 acc=58.70 val_acc=nan data_t=0.0062s batch_t=0.0342s epoch_t=00:00.32 lr=0.000105 | GPU MB alloc/reserved=69.9/852.0
2026-04-07 12:13:36 | INFO | [Round 5] Epoch 64/80 time=00:00.32 avg=00:00.29 ETA=00:04.59 | GPU MB alloc/reserved=69.9/852.0
2026-04-07 12:13:36 | INFO | [Round 5] epoch=65/80 loss=1.0471 acc=60.80 val_acc=nan data_t=0.0051s batch_t=0.0342s epoch_t=00:00.31 lr=0.000093 | GPU MB alloc/reserved=69.9/852.0
2026-04-07 12:13:36 | INFO | [Round 5] Epoch 65/80 time=00:00.31 avg=00:00.29 ETA=00:04.31 | GPU MB alloc/reserved=69.9/852.0
2026-04-07 12:13:37 | INFO | [Round 5] epoch=66/80 loss=1.0133 acc=60.60 val_acc=nan data_t=0.0082s batch_t=0.0345s epoch_t=00:00.34 lr=0.000083 | GPU MB alloc/reserved=69.9/852.0
2026-04-07 12:13:37 | INFO | [Round 5] Epoch 66/80 time=00:00.34 avg=00:00.29 ETA=00:04.03 | GPU MB alloc/reserved=69.9/852.0
2026-04-07 12:13:37 | INFO | [Round 5] epoch=67/80 loss=1.0112 acc=60.70 val_acc=nan data_t=0.0050s batch_t=0.0087s epoch_t=00:00.11 lr=0.000073 | GPU MB alloc/reserved=69.9/852.0
2026-04-07 12:13:37 | INFO | [Round 5] Epoch 67/80 time=00:00.11 avg=00:00.29 ETA=00:03.71 | GPU MB alloc/reserved=69.9/852.0
2026-04-07 12:13:37 | INFO | [Round 5] epoch=68/80 loss=1.0153 acc=61.40 val_acc=nan data_t=0.0061s batch_t=0.0266s epoch_t=00:00.26 lr=0.000064 | GPU MB alloc/reserved=69.9/852.0
2026-04-07 12:13:37 | INFO | [Round 5] Epoch 68/80 time=00:00.26 avg=00:00.29 ETA=00:03.42 | GPU MB alloc/reserved=69.9/852.0
2026-04-07 12:13:37 | INFO | [Round 5] epoch=69/80 loss=1.0174 acc=63.40 val_acc=nan data_t=0.0052s batch_t=0.0343s epoch_t=00:00.32 lr=0.000055 | GPU MB alloc/reserved=69.9/852.0
2026-04-07 12:13:37 | INFO | [Round 5] Epoch 69/80 time=00:00.32 avg=00:00.29 ETA=00:03.14 | GPU MB alloc/reserved=69.9/852.0
2026-04-07 12:13:38 | INFO | [Round 5] epoch=70/80 loss=1.0063 acc=62.40 val_acc=nan data_t=0.0073s batch_t=0.0342s epoch_t=00:00.33 lr=0.000048 | GPU MB alloc/reserved=69.9/852.0
2026-04-07 12:13:38 | INFO | [Round 5] Epoch 70/80 time=00:00.33 avg=00:00.29 ETA=00:02.86 | GPU MB alloc/reserved=69.9/852.0
2026-04-07 12:13:38 | INFO | [Round 5] epoch=71/80 loss=0.9926 acc=62.50 val_acc=nan data_t=0.0053s batch_t=0.0343s epoch_t=00:00.32 lr=0.000041 | GPU MB alloc/reserved=69.9/852.0
2026-04-07 12:13:38 | INFO | [Round 5] Epoch 71/80 time=00:00.32 avg=00:00.29 ETA=00:02.58 | GPU MB alloc/reserved=69.9/852.0
2026-04-07 12:13:38 | INFO | [Round 5] epoch=72/80 loss=0.9903 acc=62.90 val_acc=nan data_t=0.0059s batch_t=0.0344s epoch_t=00:00.32 lr=0.000034 | GPU MB alloc/reserved=69.9/852.0
2026-04-07 12:13:38 | INFO | [Round 5] Epoch 72/80 time=00:00.32 avg=00:00.29 ETA=00:02.30 | GPU MB alloc/reserved=69.9/852.0
2026-04-07 12:13:39 | INFO | [Round 5] epoch=73/80 loss=1.0528 acc=60.80 val_acc=nan data_t=0.0033s batch_t=0.0344s epoch_t=00:00.30 lr=0.000029 | GPU MB alloc/reserved=69.9/852.0
2026-04-07 12:13:39 | INFO | [Round 5] Epoch 73/80 time=00:00.30 avg=00:00.29 ETA=00:02.01 | GPU MB alloc/reserved=69.9/852.0
2026-04-07 12:13:39 | INFO | [Round 5] epoch=74/80 loss=1.0166 acc=61.30 val_acc=nan data_t=0.0032s batch_t=0.0343s epoch_t=00:00.30 lr=0.000024 | GPU MB alloc/reserved=69.9/852.0
2026-04-07 12:13:39 | INFO | [Round 5] Epoch 74/80 time=00:00.30 avg=00:00.29 ETA=00:01.73 | GPU MB alloc/reserved=69.9/852.0
2026-04-07 12:13:39 | INFO | [Round 5] epoch=75/80 loss=0.9940 acc=63.10 val_acc=nan data_t=0.0032s batch_t=0.0225s epoch_t=00:00.21 lr=0.000020 | GPU MB alloc/reserved=69.9/852.0
2026-04-07 12:13:39 | INFO | [Round 5] Epoch 75/80 time=00:00.21 avg=00:00.29 ETA=00:01.43 | GPU MB alloc/reserved=69.9/852.0
2026-04-07 12:13:39 | INFO | [Round 5] epoch=76/80 loss=1.0052 acc=63.10 val_acc=nan data_t=0.0065s batch_t=0.0087s epoch_t=00:00.12 lr=0.000016 | GPU MB alloc/reserved=69.9/852.0
2026-04-07 12:13:39 | INFO | [Round 5] Epoch 76/80 time=00:00.12 avg=00:00.28 ETA=00:01.14 | GPU MB alloc/reserved=69.9/852.0
2026-04-07 12:13:40 | INFO | [Round 5] epoch=77/80 loss=0.9873 acc=63.20 val_acc=nan data_t=0.0051s batch_t=0.0293s epoch_t=00:00.28 lr=0.000013 | GPU MB alloc/reserved=69.9/852.0
2026-04-07 12:13:40 | INFO | [Round 5] Epoch 77/80 time=00:00.28 avg=00:00.28 ETA=00:00.85 | GPU MB alloc/reserved=69.9/852.0
2026-04-07 12:13:40 | INFO | [Round 5] epoch=78/80 loss=1.0043 acc=63.60 val_acc=nan data_t=0.0059s batch_t=0.0343s epoch_t=00:00.32 lr=0.000012 | GPU MB alloc/reserved=69.9/852.0
2026-04-07 12:13:40 | INFO | [Round 5] Epoch 78/80 time=00:00.32 avg=00:00.28 ETA=00:00.57 | GPU MB alloc/reserved=69.9/852.0
2026-04-07 12:13:40 | INFO | [Round 5] epoch=79/80 loss=0.9838 acc=63.10 val_acc=nan data_t=0.0059s batch_t=0.0344s epoch_t=00:00.32 lr=0.000010 | GPU MB alloc/reserved=69.9/852.0
2026-04-07 12:13:40 | INFO | [Round 5] Epoch 79/80 time=00:00.32 avg=00:00.29 ETA=00:00.29 | GPU MB alloc/reserved=69.9/852.0
2026-04-07 12:13:41 | INFO | [Round 5] epoch=80/80 loss=0.9977 acc=65.30 val_acc=nan data_t=0.0078s batch_t=0.0344s epoch_t=00:00.34 lr=0.000010 | GPU MB alloc/reserved=69.9/852.0
2026-04-07 12:13:41 | INFO | [Round 5] Epoch 80/80 time=00:00.34 avg=00:00.29 ETA=00:00.00 | GPU MB alloc/reserved=69.9/852.0
2026-04-07 12:13:41 | INFO | [Round 5] training complete in 00:22.97 (best monitor=65.300) | GPU MB alloc/reserved=69.9/852.0
2026-04-07 12:13:41 | INFO | [Round 5] evaluation started | GPU MB alloc/reserved=52.0/852.0
2026-04-07 12:13:43 | INFO | [Round 5] clean=50.10 fgsm=40.92 pgd=40.81 grad_disp_mean=nan grad_disp_sel=nan round_t=27.25s | GPU MB alloc/reserved=52.0/852.0
2026-04-07 12:13:43 | INFO | [Round 6/21] elapsed=00:27.25 avg_round=00:23.10 projected_remaining=05:46.55 | GPU MB alloc/reserved=52.0/852.0
2026-04-07 12:13:44 | INFO | [Round 6] acquisition on pool_size=49000 scored_pool=5000 budget=100 | GPU MB alloc/reserved=34.1/852.0
2026-04-07 12:13:44 | INFO | [CoreSet-unlabeled-feat] scoring progress 10/20 elapsed=00:00.35 avg/batch=0.035s ETA=00:00.35 | GPU MB alloc/reserved=40.6/852.0
2026-04-07 12:13:44 | INFO | [CoreSet-unlabeled-feat] scoring progress 20/20 elapsed=00:00.38 avg/batch=0.019s ETA=00:00.00 | GPU MB alloc/reserved=40.6/852.0
2026-04-07 12:13:45 | INFO | [CoreSet-labeled-feat] scoring progress 4/4 elapsed=00:00.28 avg/batch=0.070s ETA=00:00.00 | GPU MB alloc/reserved=42.7/852.0
2026-04-07 12:13:45 | INFO | [CoreSet] greedy 10/100 cover_radius=22.143986 | GPU: n/a
2026-04-07 12:13:45 | INFO | [CoreSet] greedy 20/100 cover_radius=21.384415 | GPU: n/a
2026-04-07 12:13:45 | INFO | [CoreSet] greedy 30/100 cover_radius=20.801336 | GPU: n/a
2026-04-07 12:13:45 | INFO | [CoreSet] greedy 40/100 cover_radius=20.211323 | GPU: n/a
2026-04-07 12:13:45 | INFO | [CoreSet] greedy 50/100 cover_radius=19.968262 | GPU: n/a
2026-04-07 12:13:45 | INFO | [CoreSet] greedy 60/100 cover_radius=19.720921 | GPU: n/a
2026-04-07 12:13:46 | INFO | [CoreSet] greedy 70/100 cover_radius=19.490820 | GPU: n/a
2026-04-07 12:13:46 | INFO | [CoreSet] greedy 80/100 cover_radius=19.176662 | GPU: n/a
2026-04-07 12:13:46 | INFO | [CoreSet] greedy 90/100 cover_radius=19.070196 | GPU: n/a
2026-04-07 12:13:46 | INFO | [CoreSet] greedy 100/100 cover_radius=18.984411 | GPU: n/a
2026-04-07 12:13:46 | INFO | [Round 6] labeled=1100 train=1100 val_fixed=0 | GPU MB alloc/reserved=43.1/852.0
2026-04-07 12:13:47 | INFO | [Round 6] epoch=1/80 loss=4.8896 acc=12.00 val_acc=nan data_t=0.0187s batch_t=0.0372s epoch_t=00:00.50 lr=0.001000 | GPU MB alloc/reserved=69.9/854.0
2026-04-07 12:13:47 | INFO | [Round 6] Epoch 1/80 time=00:00.50 avg=00:00.50 ETA=00:39.82 | GPU MB alloc/reserved=69.9/854.0
2026-04-07 12:13:47 | INFO | [Round 6] epoch=2/80 loss=2.7511 acc=16.09 val_acc=nan data_t=0.0044s batch_t=0.0091s epoch_t=00:00.12 lr=0.000998 | GPU MB alloc/reserved=69.9/854.0
2026-04-07 12:13:47 | INFO | [Round 6] Epoch 2/80 time=00:00.12 avg=00:00.31 ETA=00:24.41 | GPU MB alloc/reserved=69.9/854.0
2026-04-07 12:13:47 | INFO | [Round 6] epoch=3/80 loss=2.1578 acc=21.91 val_acc=nan data_t=0.0047s batch_t=0.0262s epoch_t=00:00.28 lr=0.000997 | GPU MB alloc/reserved=69.9/854.0
2026-04-07 12:13:47 | INFO | [Round 6] Epoch 3/80 time=00:00.28 avg=00:00.30 ETA=00:23.19 | GPU MB alloc/reserved=69.9/854.0
2026-04-07 12:13:47 | INFO | [Round 6] epoch=4/80 loss=2.0577 acc=23.27 val_acc=nan data_t=0.0031s batch_t=0.0341s epoch_t=00:00.33 lr=0.000994 | GPU MB alloc/reserved=69.9/854.0
2026-04-07 12:13:47 | INFO | [Round 6] Epoch 4/80 time=00:00.33 avg=00:00.31 ETA=00:23.53 | GPU MB alloc/reserved=69.9/854.0
2026-04-07 12:13:48 | INFO | [Round 6] epoch=5/80 loss=2.0267 acc=24.55 val_acc=nan data_t=0.0044s batch_t=0.0344s epoch_t=00:00.35 lr=0.000990 | GPU MB alloc/reserved=69.9/854.0
2026-04-07 12:13:48 | INFO | [Round 6] Epoch 5/80 time=00:00.35 avg=00:00.32 ETA=00:23.82 | GPU MB alloc/reserved=69.9/854.0
2026-04-07 12:13:48 | INFO | [Round 6] epoch=6/80 loss=1.9699 acc=26.73 val_acc=nan data_t=0.0047s batch_t=0.0341s epoch_t=00:00.35 lr=0.000986 | GPU MB alloc/reserved=69.9/854.0
2026-04-07 12:13:48 | INFO | [Round 6] Epoch 6/80 time=00:00.35 avg=00:00.32 ETA=00:23.89 | GPU MB alloc/reserved=69.9/854.0
2026-04-07 12:13:48 | INFO | [Round 6] epoch=7/80 loss=1.9262 acc=29.18 val_acc=nan data_t=0.0029s batch_t=0.0345s epoch_t=00:00.34 lr=0.000981 | GPU MB alloc/reserved=69.9/854.0
2026-04-07 12:13:48 | INFO | [Round 6] Epoch 7/80 time=00:00.34 avg=00:00.32 ETA=00:23.71 | GPU MB alloc/reserved=69.9/854.0
2026-04-07 12:13:49 | INFO | [Round 6] epoch=8/80 loss=1.9019 acc=30.00 val_acc=nan data_t=0.0035s batch_t=0.0341s epoch_t=00:00.34 lr=0.000976 | GPU MB alloc/reserved=69.9/854.0
2026-04-07 12:13:49 | INFO | [Round 6] Epoch 8/80 time=00:00.34 avg=00:00.33 ETA=00:23.51 | GPU MB alloc/reserved=69.9/854.0
2026-04-07 12:13:49 | INFO | [Round 6] epoch=9/80 loss=1.8670 acc=31.18 val_acc=nan data_t=0.0033s batch_t=0.0342s epoch_t=00:00.34 lr=0.000969 | GPU MB alloc/reserved=69.9/854.0
2026-04-07 12:13:49 | INFO | [Round 6] Epoch 9/80 time=00:00.34 avg=00:00.33 ETA=00:23.27 | GPU MB alloc/reserved=69.9/854.0
2026-04-07 12:13:49 | INFO | [Round 6] epoch=10/80 loss=1.8245 acc=32.36 val_acc=nan data_t=0.0051s batch_t=0.0088s epoch_t=00:00.13 lr=0.000962 | GPU MB alloc/reserved=69.9/854.0
2026-04-07 12:13:49 | INFO | [Round 6] Epoch 10/80 time=00:00.13 avg=00:00.31 ETA=00:21.53 | GPU MB alloc/reserved=69.9/854.0
2026-04-07 12:13:50 | INFO | [Round 6] epoch=11/80 loss=1.7850 acc=35.09 val_acc=nan data_t=0.0037s batch_t=0.0289s epoch_t=00:00.29 lr=0.000955 | GPU MB alloc/reserved=69.9/854.0
2026-04-07 12:13:50 | INFO | [Round 6] Epoch 11/80 time=00:00.29 avg=00:00.31 ETA=00:21.14 | GPU MB alloc/reserved=69.9/854.0
2026-04-07 12:13:50 | INFO | [Round 6] epoch=12/80 loss=1.7641 acc=36.00 val_acc=nan data_t=0.0029s batch_t=0.0342s epoch_t=00:00.33 lr=0.000946 | GPU MB alloc/reserved=69.9/854.0
2026-04-07 12:13:50 | INFO | [Round 6] Epoch 12/80 time=00:00.33 avg=00:00.31 ETA=00:20.99 | GPU MB alloc/reserved=69.9/854.0
2026-04-07 12:13:50 | INFO | [Round 6] epoch=13/80 loss=1.7245 acc=35.91 val_acc=nan data_t=0.0044s batch_t=0.0341s epoch_t=00:00.35 lr=0.000937 | GPU MB alloc/reserved=69.9/854.0
2026-04-07 12:13:50 | INFO | [Round 6] Epoch 13/80 time=00:00.35 avg=00:00.31 ETA=00:20.88 | GPU MB alloc/reserved=69.9/854.0
2026-04-07 12:13:51 | INFO | [Round 6] epoch=14/80 loss=1.7232 acc=35.64 val_acc=nan data_t=0.0059s batch_t=0.0341s epoch_t=00:00.36 lr=0.000927 | GPU MB alloc/reserved=69.9/854.0
2026-04-07 12:13:51 | INFO | [Round 6] Epoch 14/80 time=00:00.36 avg=00:00.32 ETA=00:20.79 | GPU MB alloc/reserved=69.9/854.0
2026-04-07 12:13:51 | INFO | [Round 6] epoch=15/80 loss=1.6888 acc=36.55 val_acc=nan data_t=0.0067s batch_t=0.0343s epoch_t=00:00.37 lr=0.000917 | GPU MB alloc/reserved=69.9/854.0
2026-04-07 12:13:51 | INFO | [Round 6] Epoch 15/80 time=00:00.37 avg=00:00.32 ETA=00:20.71 | GPU MB alloc/reserved=69.9/854.0
2026-04-07 12:13:51 | INFO | [Round 6] epoch=16/80 loss=1.6486 acc=40.91 val_acc=nan data_t=0.0052s batch_t=0.0340s epoch_t=00:00.35 lr=0.000905 | GPU MB alloc/reserved=69.9/854.0
2026-04-07 12:13:51 | INFO | [Round 6] Epoch 16/80 time=00:00.35 avg=00:00.32 ETA=00:20.53 | GPU MB alloc/reserved=69.9/854.0
2026-04-07 12:13:52 | INFO | [Round 6] epoch=17/80 loss=1.6332 acc=39.64 val_acc=nan data_t=0.0048s batch_t=0.0247s epoch_t=00:00.27 lr=0.000894 | GPU MB alloc/reserved=69.9/854.0
2026-04-07 12:13:52 | INFO | [Round 6] Epoch 17/80 time=00:00.27 avg=00:00.32 ETA=00:20.01 | GPU MB alloc/reserved=69.9/854.0
2026-04-07 12:13:52 | INFO | [Round 6] epoch=18/80 loss=1.6344 acc=40.18 val_acc=nan data_t=0.0045s batch_t=0.0087s epoch_t=00:00.12 lr=0.000881 | GPU MB alloc/reserved=69.9/854.0
2026-04-07 12:13:52 | INFO | [Round 6] Epoch 18/80 time=00:00.12 avg=00:00.31 ETA=00:19.00 | GPU MB alloc/reserved=69.9/854.0
2026-04-07 12:13:52 | INFO | [Round 6] epoch=19/80 loss=1.5882 acc=43.45 val_acc=nan data_t=0.0032s batch_t=0.0321s epoch_t=00:00.32 lr=0.000868 | GPU MB alloc/reserved=69.9/854.0
2026-04-07 12:13:52 | INFO | [Round 6] Epoch 19/80 time=00:00.32 avg=00:00.31 ETA=00:18.74 | GPU MB alloc/reserved=69.9/854.0
2026-04-07 12:13:52 | INFO | [Round 6] epoch=20/80 loss=1.5829 acc=40.73 val_acc=nan data_t=0.0032s batch_t=0.0342s epoch_t=00:00.34 lr=0.000855 | GPU MB alloc/reserved=69.9/854.0
2026-04-07 12:13:52 | INFO | [Round 6] Epoch 20/80 time=00:00.34 avg=00:00.31 ETA=00:18.52 | GPU MB alloc/reserved=69.9/854.0
2026-04-07 12:13:53 | INFO | [Round 6] epoch=21/80 loss=1.5899 acc=40.09 val_acc=nan data_t=0.0030s batch_t=0.0340s epoch_t=00:00.33 lr=0.000841 | GPU MB alloc/reserved=69.9/854.0
2026-04-07 12:13:53 | INFO | [Round 6] Epoch 21/80 time=00:00.33 avg=00:00.31 ETA=00:18.28 | GPU MB alloc/reserved=69.9/854.0
2026-04-07 12:13:53 | INFO | [Round 6] epoch=22/80 loss=1.5580 acc=42.73 val_acc=nan data_t=0.0030s batch_t=0.0342s epoch_t=00:00.33 lr=0.000826 | GPU MB alloc/reserved=69.9/854.0
2026-04-07 12:13:53 | INFO | [Round 6] Epoch 22/80 time=00:00.33 avg=00:00.31 ETA=00:18.03 | GPU MB alloc/reserved=69.9/854.0
2026-04-07 12:13:53 | INFO | [Round 6] epoch=23/80 loss=1.5528 acc=41.00 val_acc=nan data_t=0.0030s batch_t=0.0343s epoch_t=00:00.34 lr=0.000811 | GPU MB alloc/reserved=69.9/854.0
2026-04-07 12:13:53 | INFO | [Round 6] Epoch 23/80 time=00:00.34 avg=00:00.31 ETA=00:17.78 | GPU MB alloc/reserved=69.9/854.0
2026-04-07 12:13:54 | INFO | [Round 6] epoch=24/80 loss=1.5417 acc=44.55 val_acc=nan data_t=0.0030s batch_t=0.0342s epoch_t=00:00.33 lr=0.000796 | GPU MB alloc/reserved=69.9/854.0
2026-04-07 12:13:54 | INFO | [Round 6] Epoch 24/80 time=00:00.33 avg=00:00.31 ETA=00:17.52 | GPU MB alloc/reserved=69.9/854.0
2026-04-07 12:13:54 | INFO | [Round 6] epoch=25/80 loss=1.4739 acc=45.27 val_acc=nan data_t=0.0050s batch_t=0.0168s epoch_t=00:00.20 lr=0.000780 | GPU MB alloc/reserved=69.9/854.0
2026-04-07 12:13:54 | INFO | [Round 6] Epoch 25/80 time=00:00.20 avg=00:00.31 ETA=00:16.95 | GPU MB alloc/reserved=69.9/854.0
2026-04-07 12:13:54 | INFO | [Round 6] epoch=26/80 loss=1.4301 acc=46.45 val_acc=nan data_t=0.0043s batch_t=0.0149s epoch_t=00:00.17 lr=0.000764 | GPU MB alloc/reserved=69.9/854.0
2026-04-07 12:13:54 | INFO | [Round 6] Epoch 26/80 time=00:00.17 avg=00:00.30 ETA=00:16.36 | GPU MB alloc/reserved=69.9/854.0
2026-04-07 12:13:55 | INFO | [Round 6] epoch=27/80 loss=1.4346 acc=46.64 val_acc=nan data_t=0.0036s batch_t=0.0342s epoch_t=00:00.34 lr=0.000747 | GPU MB alloc/reserved=69.9/854.0
2026-04-07 12:13:55 | INFO | [Round 6] Epoch 27/80 time=00:00.34 avg=00:00.30 ETA=00:16.14 | GPU MB alloc/reserved=69.9/854.0
2026-04-07 12:13:55 | INFO | [Round 6] epoch=28/80 loss=1.4298 acc=47.36 val_acc=nan data_t=0.0045s batch_t=0.0342s epoch_t=00:00.35 lr=0.000730 | GPU MB alloc/reserved=69.9/854.0
2026-04-07 12:13:55 | INFO | [Round 6] Epoch 28/80 time=00:00.35 avg=00:00.31 ETA=00:15.91 | GPU MB alloc/reserved=69.9/854.0
2026-04-07 12:13:55 | INFO | [Round 6] epoch=29/80 loss=1.4423 acc=45.73 val_acc=nan data_t=0.0049s batch_t=0.0343s epoch_t=00:00.35 lr=0.000712 | GPU MB alloc/reserved=69.9/854.0
2026-04-07 12:13:55 | INFO | [Round 6] Epoch 29/80 time=00:00.35 avg=00:00.31 ETA=00:15.69 | GPU MB alloc/reserved=69.9/854.0
2026-04-07 12:13:56 | INFO | [Round 6] epoch=30/80 loss=1.4130 acc=48.64 val_acc=nan data_t=0.0045s batch_t=0.0341s epoch_t=00:00.35 lr=0.000694 | GPU MB alloc/reserved=69.9/854.0
2026-04-07 12:13:56 | INFO | [Round 6] Epoch 30/80 time=00:00.35 avg=00:00.31 ETA=00:15.45 | GPU MB alloc/reserved=69.9/854.0
2026-04-07 12:13:56 | INFO | [Round 6] epoch=31/80 loss=1.3746 acc=48.00 val_acc=nan data_t=0.0047s batch_t=0.0341s epoch_t=00:00.35 lr=0.000676 | GPU MB alloc/reserved=69.9/854.0
2026-04-07 12:13:56 | INFO | [Round 6] Epoch 31/80 time=00:00.35 avg=00:00.31 ETA=00:15.20 | GPU MB alloc/reserved=69.9/854.0
2026-04-07 12:13:56 | INFO | [Round 6] epoch=32/80 loss=1.3457 acc=49.55 val_acc=nan data_t=0.0056s batch_t=0.0343s epoch_t=00:00.36 lr=0.000658 | GPU MB alloc/reserved=69.9/854.0
2026-04-07 12:13:56 | INFO | [Round 6] Epoch 32/80 time=00:00.36 avg=00:00.31 ETA=00:14.97 | GPU MB alloc/reserved=69.9/854.0
2026-04-07 12:13:56 | INFO | [Round 6] epoch=33/80 loss=1.3585 acc=48.64 val_acc=nan data_t=0.0050s batch_t=0.0116s epoch_t=00:00.15 lr=0.000639 | GPU MB alloc/reserved=69.9/854.0
2026-04-07 12:13:56 | INFO | [Round 6] Epoch 33/80 time=00:00.15 avg=00:00.31 ETA=00:14.42 | GPU MB alloc/reserved=69.9/854.0
2026-04-07 12:13:57 | INFO | [Round 6] epoch=34/80 loss=1.3277 acc=49.36 val_acc=nan data_t=0.0084s batch_t=0.0227s epoch_t=00:00.28 lr=0.000621 | GPU MB alloc/reserved=69.9/854.0
2026-04-07 12:13:57 | INFO | [Round 6] Epoch 34/80 time=00:00.28 avg=00:00.31 ETA=00:14.08 | GPU MB alloc/reserved=69.9/854.0
2026-04-07 12:13:57 | INFO | [Round 6] epoch=35/80 loss=1.3108 acc=50.36 val_acc=nan data_t=0.0046s batch_t=0.0340s epoch_t=00:00.35 lr=0.000602 | GPU MB alloc/reserved=69.9/854.0
2026-04-07 12:13:57 | INFO | [Round 6] Epoch 35/80 time=00:00.35 avg=00:00.31 ETA=00:13.83 | GPU MB alloc/reserved=69.9/854.0
2026-04-07 12:13:57 | INFO | [Round 6] epoch=36/80 loss=1.3058 acc=50.45 val_acc=nan data_t=0.0046s batch_t=0.0342s epoch_t=00:00.35 lr=0.000582 | GPU MB alloc/reserved=69.9/854.0
2026-04-07 12:13:57 | INFO | [Round 6] Epoch 36/80 time=00:00.35 avg=00:00.31 ETA=00:13.57 | GPU MB alloc/reserved=69.9/854.0
2026-04-07 12:13:58 | INFO | [Round 6] epoch=37/80 loss=1.2500 acc=53.45 val_acc=nan data_t=0.0037s batch_t=0.0342s epoch_t=00:00.34 lr=0.000563 | GPU MB alloc/reserved=69.9/854.0
2026-04-07 12:13:58 | INFO | [Round 6] Epoch 37/80 time=00:00.34 avg=00:00.31 ETA=00:13.30 | GPU MB alloc/reserved=69.9/854.0
2026-04-07 12:13:58 | INFO | [Round 6] epoch=38/80 loss=1.2140 acc=54.00 val_acc=nan data_t=0.0049s batch_t=0.0341s epoch_t=00:00.35 lr=0.000544 | GPU MB alloc/reserved=69.9/854.0
2026-04-07 12:13:58 | INFO | [Round 6] Epoch 38/80 time=00:00.35 avg=00:00.31 ETA=00:13.04 | GPU MB alloc/reserved=69.9/854.0
2026-04-07 12:13:58 | INFO | [Round 6] epoch=39/80 loss=1.2734 acc=53.27 val_acc=nan data_t=0.0047s batch_t=0.0341s epoch_t=00:00.35 lr=0.000524 | GPU MB alloc/reserved=69.9/854.0
2026-04-07 12:13:58 | INFO | [Round 6] Epoch 39/80 time=00:00.35 avg=00:00.31 ETA=00:12.77 | GPU MB alloc/reserved=69.9/854.0
2026-04-07 12:13:59 | INFO | [Round 6] epoch=40/80 loss=1.2285 acc=53.00 val_acc=nan data_t=0.0044s batch_t=0.0339s epoch_t=00:00.35 lr=0.000505 | GPU MB alloc/reserved=69.9/854.0
2026-04-07 12:13:59 | INFO | [Round 6] Epoch 40/80 time=00:00.35 avg=00:00.31 ETA=00:12.49 | GPU MB alloc/reserved=69.9/854.0
2026-04-07 12:13:59 | INFO | [Round 6] epoch=41/80 loss=1.2208 acc=54.36 val_acc=nan data_t=0.0049s batch_t=0.0099s epoch_t=00:00.13 lr=0.000486 | GPU MB alloc/reserved=69.9/854.0
2026-04-07 12:13:59 | INFO | [Round 6] Epoch 41/80 time=00:00.13 avg=00:00.31 ETA=00:12.01 | GPU MB alloc/reserved=69.9/854.0
2026-04-07 12:13:59 | INFO | [Round 6] epoch=42/80 loss=1.1588 acc=56.91 val_acc=nan data_t=0.0031s batch_t=0.0256s epoch_t=00:00.26 lr=0.000466 | GPU MB alloc/reserved=69.9/854.0
2026-04-07 12:13:59 | INFO | [Round 6] Epoch 42/80 time=00:00.26 avg=00:00.31 ETA=00:11.66 | GPU MB alloc/reserved=69.9/854.0
2026-04-07 12:14:00 | INFO | [Round 6] epoch=43/80 loss=1.1650 acc=57.91 val_acc=nan data_t=0.0193s batch_t=0.0341s epoch_t=00:00.48 lr=0.000447 | GPU MB alloc/reserved=69.9/854.0
2026-04-07 12:14:00 | INFO | [Round 6] Epoch 43/80 time=00:00.48 avg=00:00.31 ETA=00:11.50 | GPU MB alloc/reserved=69.9/854.0
2026-04-07 12:14:00 | INFO | [Round 6] epoch=44/80 loss=1.1738 acc=56.45 val_acc=nan data_t=0.0031s batch_t=0.0340s epoch_t=00:00.33 lr=0.000428 | GPU MB alloc/reserved=69.9/854.0
2026-04-07 12:14:00 | INFO | [Round 6] Epoch 44/80 time=00:00.33 avg=00:00.31 ETA=00:11.21 | GPU MB alloc/reserved=69.9/854.0
2026-04-07 12:14:00 | INFO | [Round 6] epoch=45/80 loss=1.1272 acc=57.27 val_acc=nan data_t=0.0046s batch_t=0.0343s epoch_t=00:00.35 lr=0.000408 | GPU MB alloc/reserved=69.9/854.0
2026-04-07 12:14:00 | INFO | [Round 6] Epoch 45/80 time=00:00.35 avg=00:00.31 ETA=00:10.93 | GPU MB alloc/reserved=69.9/854.0
2026-04-07 12:14:01 | INFO | [Round 6] epoch=46/80 loss=1.1316 acc=58.82 val_acc=nan data_t=0.0032s batch_t=0.0340s epoch_t=00:00.33 lr=0.000389 | GPU MB alloc/reserved=69.9/854.0
2026-04-07 12:14:01 | INFO | [Round 6] Epoch 46/80 time=00:00.33 avg=00:00.31 ETA=00:10.63 | GPU MB alloc/reserved=69.9/854.0
2026-04-07 12:14:01 | INFO | [Round 6] epoch=47/80 loss=1.1278 acc=58.18 val_acc=nan data_t=0.0036s batch_t=0.0345s epoch_t=00:00.34 lr=0.000371 | GPU MB alloc/reserved=69.9/854.0
2026-04-07 12:14:01 | INFO | [Round 6] Epoch 47/80 time=00:00.34 avg=00:00.31 ETA=00:10.34 | GPU MB alloc/reserved=69.9/854.0
2026-04-07 12:14:01 | INFO | [Round 6] epoch=48/80 loss=1.1097 acc=59.82 val_acc=nan data_t=0.0101s batch_t=0.0184s epoch_t=00:00.26 lr=0.000352 | GPU MB alloc/reserved=69.9/854.0
2026-04-07 12:14:01 | INFO | [Round 6] Epoch 48/80 time=00:00.26 avg=00:00.31 ETA=00:09.99 | GPU MB alloc/reserved=69.9/854.0
2026-04-07 12:14:02 | INFO | [Round 6] epoch=49/80 loss=1.1005 acc=58.73 val_acc=nan data_t=0.0069s batch_t=0.0269s epoch_t=00:00.30 lr=0.000334 | GPU MB alloc/reserved=69.9/854.0
2026-04-07 12:14:02 | INFO | [Round 6] Epoch 49/80 time=00:00.30 avg=00:00.31 ETA=00:09.67 | GPU MB alloc/reserved=69.9/854.0
2026-04-07 12:14:02 | INFO | [Round 6] epoch=50/80 loss=1.0780 acc=60.36 val_acc=nan data_t=0.0044s batch_t=0.0341s epoch_t=00:00.35 lr=0.000316 | GPU MB alloc/reserved=69.9/854.0
2026-04-07 12:14:02 | INFO | [Round 6] Epoch 50/80 time=00:00.35 avg=00:00.31 ETA=00:09.38 | GPU MB alloc/reserved=69.9/854.0
2026-04-07 12:14:02 | INFO | [Round 6] epoch=51/80 loss=1.0901 acc=59.00 val_acc=nan data_t=0.0046s batch_t=0.0342s epoch_t=00:00.35 lr=0.000298 | GPU MB alloc/reserved=69.9/854.0
2026-04-07 12:14:02 | INFO | [Round 6] Epoch 51/80 time=00:00.35 avg=00:00.31 ETA=00:09.09 | GPU MB alloc/reserved=69.9/854.0
2026-04-07 12:14:03 | INFO | [Round 6] epoch=52/80 loss=1.0769 acc=59.73 val_acc=nan data_t=0.0057s batch_t=0.0342s epoch_t=00:00.36 lr=0.000280 | GPU MB alloc/reserved=69.9/854.0
2026-04-07 12:14:03 | INFO | [Round 6] Epoch 52/80 time=00:00.36 avg=00:00.31 ETA=00:08.80 | GPU MB alloc/reserved=69.9/854.0
2026-04-07 12:14:03 | INFO | [Round 6] epoch=53/80 loss=1.0478 acc=61.91 val_acc=nan data_t=0.0049s batch_t=0.0343s epoch_t=00:00.35 lr=0.000263 | GPU MB alloc/reserved=69.9/854.0
2026-04-07 12:14:03 | INFO | [Round 6] Epoch 53/80 time=00:00.35 avg=00:00.31 ETA=00:08.50 | GPU MB alloc/reserved=69.9/854.0
2026-04-07 12:14:03 | INFO | [Round 6] epoch=54/80 loss=1.0206 acc=62.55 val_acc=nan data_t=0.0042s batch_t=0.0341s epoch_t=00:00.34 lr=0.000246 | GPU MB alloc/reserved=69.9/854.0
2026-04-07 12:14:03 | INFO | [Round 6] Epoch 54/80 time=00:00.34 avg=00:00.32 ETA=00:08.20 | GPU MB alloc/reserved=69.9/854.0
2026-04-07 12:14:04 | INFO | [Round 6] epoch=55/80 loss=1.0494 acc=60.55 val_acc=nan data_t=0.0046s batch_t=0.0286s epoch_t=00:00.30 lr=0.000230 | GPU MB alloc/reserved=69.9/854.0
2026-04-07 12:14:04 | INFO | [Round 6] Epoch 55/80 time=00:00.30 avg=00:00.32 ETA=00:07.88 | GPU MB alloc/reserved=69.9/854.0
2026-04-07 12:14:04 | INFO | [Round 6] epoch=56/80 loss=1.0204 acc=61.00 val_acc=nan data_t=0.0042s batch_t=0.0093s epoch_t=00:00.12 lr=0.000214 | GPU MB alloc/reserved=69.9/854.0
2026-04-07 12:14:04 | INFO | [Round 6] Epoch 56/80 time=00:00.12 avg=00:00.31 ETA=00:07.48 | GPU MB alloc/reserved=69.9/854.0
2026-04-07 12:14:04 | INFO | [Round 6] epoch=57/80 loss=1.0008 acc=62.91 val_acc=nan data_t=0.0065s batch_t=0.0341s epoch_t=00:00.37 lr=0.000199 | GPU MB alloc/reserved=69.9/854.0
2026-04-07 12:14:04 | INFO | [Round 6] Epoch 57/80 time=00:00.37 avg=00:00.31 ETA=00:07.19 | GPU MB alloc/reserved=69.9/854.0
2026-04-07 12:14:05 | INFO | [Round 6] epoch=58/80 loss=1.0145 acc=63.00 val_acc=nan data_t=0.0037s batch_t=0.0342s epoch_t=00:00.34 lr=0.000184 | GPU MB alloc/reserved=69.9/854.0
2026-04-07 12:14:05 | INFO | [Round 6] Epoch 58/80 time=00:00.34 avg=00:00.31 ETA=00:06.89 | GPU MB alloc/reserved=69.9/854.0
2026-04-07 12:14:05 | INFO | [Round 6] epoch=59/80 loss=1.0043 acc=62.91 val_acc=nan data_t=0.0043s batch_t=0.0343s epoch_t=00:00.35 lr=0.000169 | GPU MB alloc/reserved=69.9/854.0
2026-04-07 12:14:05 | INFO | [Round 6] Epoch 59/80 time=00:00.35 avg=00:00.31 ETA=00:06.59 | GPU MB alloc/reserved=69.9/854.0
2026-04-07 12:14:05 | INFO | [Round 6] epoch=60/80 loss=0.9913 acc=63.27 val_acc=nan data_t=0.0055s batch_t=0.0341s epoch_t=00:00.36 lr=0.000155 | GPU MB alloc/reserved=69.9/854.0
2026-04-07 12:14:05 | INFO | [Round 6] Epoch 60/80 time=00:00.36 avg=00:00.31 ETA=00:06.29 | GPU MB alloc/reserved=69.9/854.0
2026-04-07 12:14:06 | INFO | [Round 6] epoch=61/80 loss=0.9736 acc=65.55 val_acc=nan data_t=0.0050s batch_t=0.0343s epoch_t=00:00.35 lr=0.000142 | GPU MB alloc/reserved=69.9/854.0
2026-04-07 12:14:06 | INFO | [Round 6] Epoch 61/80 time=00:00.35 avg=00:00.32 ETA=00:05.99 | GPU MB alloc/reserved=69.9/854.0
2026-04-07 12:14:06 | INFO | [Round 6] epoch=62/80 loss=0.9669 acc=64.55 val_acc=nan data_t=0.0047s batch_t=0.0341s epoch_t=00:00.35 lr=0.000129 | GPU MB alloc/reserved=69.9/854.0
2026-04-07 12:14:06 | INFO | [Round 6] Epoch 62/80 time=00:00.35 avg=00:00.32 ETA=00:05.68 | GPU MB alloc/reserved=69.9/854.0
2026-04-07 12:14:06 | INFO | [Round 6] epoch=63/80 loss=0.9441 acc=64.91 val_acc=nan data_t=0.0047s batch_t=0.0193s epoch_t=00:00.22 lr=0.000116 | GPU MB alloc/reserved=69.9/854.0
2026-04-07 12:14:06 | INFO | [Round 6] Epoch 63/80 time=00:00.22 avg=00:00.31 ETA=00:05.34 | GPU MB alloc/reserved=69.9/854.0
2026-04-07 12:14:06 | INFO | [Round 6] epoch=64/80 loss=0.9447 acc=64.64 val_acc=nan data_t=0.0042s batch_t=0.0112s epoch_t=00:00.14 lr=0.000105 | GPU MB alloc/reserved=69.9/854.0
2026-04-07 12:14:06 | INFO | [Round 6] Epoch 64/80 time=00:00.14 avg=00:00.31 ETA=00:04.98 | GPU MB alloc/reserved=69.9/854.0
2026-04-07 12:14:07 | INFO | [Round 6] epoch=65/80 loss=0.9482 acc=65.73 val_acc=nan data_t=0.0033s batch_t=0.0340s epoch_t=00:00.34 lr=0.000093 | GPU MB alloc/reserved=69.9/854.0
2026-04-07 12:14:07 | INFO | [Round 6] Epoch 65/80 time=00:00.34 avg=00:00.31 ETA=00:04.68 | GPU MB alloc/reserved=69.9/854.0
2026-04-07 12:14:07 | INFO | [Round 6] epoch=66/80 loss=0.9470 acc=65.18 val_acc=nan data_t=0.0029s batch_t=0.0342s epoch_t=00:00.33 lr=0.000083 | GPU MB alloc/reserved=69.9/854.0
2026-04-07 12:14:07 | INFO | [Round 6] Epoch 66/80 time=00:00.33 avg=00:00.31 ETA=00:04.37 | GPU MB alloc/reserved=69.9/854.0
2026-04-07 12:14:07 | INFO | [Round 6] epoch=67/80 loss=0.9150 acc=66.82 val_acc=nan data_t=0.0049s batch_t=0.0342s epoch_t=00:00.35 lr=0.000073 | GPU MB alloc/reserved=69.9/854.0
2026-04-07 12:14:07 | INFO | [Round 6] Epoch 67/80 time=00:00.35 avg=00:00.31 ETA=00:04.06 | GPU MB alloc/reserved=69.9/854.0
2026-04-07 12:14:08 | INFO | [Round 6] epoch=68/80 loss=0.9258 acc=66.73 val_acc=nan data_t=0.0048s batch_t=0.0342s epoch_t=00:00.35 lr=0.000064 | GPU MB alloc/reserved=69.9/854.0
2026-04-07 12:14:08 | INFO | [Round 6] Epoch 68/80 time=00:00.35 avg=00:00.31 ETA=00:03.76 | GPU MB alloc/reserved=69.9/854.0
2026-04-07 12:14:08 | INFO | [Round 6] epoch=69/80 loss=0.9167 acc=66.55 val_acc=nan data_t=0.0030s batch_t=0.0342s epoch_t=00:00.34 lr=0.000055 | GPU MB alloc/reserved=69.9/854.0
2026-04-07 12:14:08 | INFO | [Round 6] Epoch 69/80 time=00:00.34 avg=00:00.31 ETA=00:03.45 | GPU MB alloc/reserved=69.9/854.0
2026-04-07 12:14:08 | INFO | [Round 6] epoch=70/80 loss=0.9496 acc=65.36 val_acc=nan data_t=0.0029s batch_t=0.0341s epoch_t=00:00.33 lr=0.000048 | GPU MB alloc/reserved=69.9/854.0
2026-04-07 12:14:08 | INFO | [Round 6] Epoch 70/80 time=00:00.33 avg=00:00.31 ETA=00:03.14 | GPU MB alloc/reserved=69.9/854.0
2026-04-07 12:14:09 | INFO | [Round 6] epoch=71/80 loss=0.9039 acc=67.82 val_acc=nan data_t=0.0044s batch_t=0.0252s epoch_t=00:00.27 lr=0.000041 | GPU MB alloc/reserved=69.9/854.0
2026-04-07 12:14:09 | INFO | [Round 6] Epoch 71/80 time=00:00.27 avg=00:00.31 ETA=00:02.82 | GPU MB alloc/reserved=69.9/854.0
2026-04-07 12:14:09 | INFO | [Round 6] epoch=72/80 loss=0.9148 acc=66.82 val_acc=nan data_t=0.0052s batch_t=0.0094s epoch_t=00:00.13 lr=0.000034 | GPU MB alloc/reserved=69.9/854.0
2026-04-07 12:14:09 | INFO | [Round 6] Epoch 72/80 time=00:00.13 avg=00:00.31 ETA=00:02.49 | GPU MB alloc/reserved=69.9/854.0
2026-04-07 12:14:09 | INFO | [Round 6] epoch=73/80 loss=0.8956 acc=67.27 val_acc=nan data_t=0.0063s batch_t=0.0339s epoch_t=00:00.36 lr=0.000029 | GPU MB alloc/reserved=69.9/854.0
2026-04-07 12:14:09 | INFO | [Round 6] Epoch 73/80 time=00:00.36 avg=00:00.31 ETA=00:02.18 | GPU MB alloc/reserved=69.9/854.0
2026-04-07 12:14:09 | INFO | [Round 6] epoch=74/80 loss=0.9505 acc=64.82 val_acc=nan data_t=0.0047s batch_t=0.0342s epoch_t=00:00.35 lr=0.000024 | GPU MB alloc/reserved=69.9/854.0
2026-04-07 12:14:09 | INFO | [Round 6] Epoch 74/80 time=00:00.35 avg=00:00.31 ETA=00:01.87 | GPU MB alloc/reserved=69.9/854.0
2026-04-07 12:14:10 | INFO | [Round 6] epoch=75/80 loss=0.9168 acc=66.27 val_acc=nan data_t=0.0045s batch_t=0.0341s epoch_t=00:00.35 lr=0.000020 | GPU MB alloc/reserved=69.9/854.0
2026-04-07 12:14:10 | INFO | [Round 6] Epoch 75/80 time=00:00.35 avg=00:00.31 ETA=00:01.56 | GPU MB alloc/reserved=69.9/854.0
2026-04-07 12:14:10 | INFO | [Round 6] epoch=76/80 loss=0.8857 acc=68.18 val_acc=nan data_t=0.0046s batch_t=0.0341s epoch_t=00:00.35 lr=0.000016 | GPU MB alloc/reserved=69.9/854.0
2026-04-07 12:14:10 | INFO | [Round 6] Epoch 76/80 time=00:00.35 avg=00:00.31 ETA=00:01.25 | GPU MB alloc/reserved=69.9/854.0
2026-04-07 12:14:11 | INFO | [Round 6] epoch=77/80 loss=0.9099 acc=68.45 val_acc=nan data_t=0.0052s batch_t=0.0341s epoch_t=00:00.35 lr=0.000013 | GPU MB alloc/reserved=69.9/854.0
2026-04-07 12:14:11 | INFO | [Round 6] Epoch 77/80 time=00:00.35 avg=00:00.31 ETA=00:00.94 | GPU MB alloc/reserved=69.9/854.0
2026-04-07 12:14:11 | INFO | [Round 6] epoch=78/80 loss=0.8838 acc=68.91 val_acc=nan data_t=0.0046s batch_t=0.0342s epoch_t=00:00.35 lr=0.000012 | GPU MB alloc/reserved=69.9/854.0
2026-04-07 12:14:11 | INFO | [Round 6] Epoch 78/80 time=00:00.35 avg=00:00.31 ETA=00:00.63 | GPU MB alloc/reserved=69.9/854.0
2026-04-07 12:14:11 | INFO | [Round 6] epoch=79/80 loss=0.9232 acc=67.27 val_acc=nan data_t=0.0046s batch_t=0.0177s epoch_t=00:00.20 lr=0.000010 | GPU MB alloc/reserved=69.9/854.0
2026-04-07 12:14:11 | INFO | [Round 6] Epoch 79/80 time=00:00.20 avg=00:00.31 ETA=00:00.31 | GPU MB alloc/reserved=69.9/854.0
2026-04-07 12:14:11 | INFO | [Round 6] epoch=80/80 loss=0.9003 acc=67.45 val_acc=nan data_t=0.0045s batch_t=0.0094s epoch_t=00:00.13 lr=0.000010 | GPU MB alloc/reserved=69.9/854.0
2026-04-07 12:14:11 | INFO | [Round 6] Epoch 80/80 time=00:00.13 avg=00:00.31 ETA=00:00.00 | GPU MB alloc/reserved=69.9/854.0
2026-04-07 12:14:11 | INFO | [Round 6] training complete in 00:25.05 (best monitor=68.909) | GPU MB alloc/reserved=69.9/854.0
2026-04-07 12:14:11 | INFO | [Round 6] evaluation started | GPU MB alloc/reserved=52.0/854.0
2026-04-07 12:14:14 | INFO | [Round 6] clean=50.43 fgsm=41.82 pgd=41.58 grad_disp_mean=nan grad_disp_sel=nan round_t=29.85s | GPU MB alloc/reserved=52.0/854.0
2026-04-07 12:14:14 | INFO | [Round 7/21] elapsed=00:29.85 avg_round=00:24.07 projected_remaining=05:36.94 | GPU MB alloc/reserved=52.0/854.0
2026-04-07 12:14:15 | INFO | [Round 7] acquisition on pool_size=48900 scored_pool=5000 budget=100 | GPU MB alloc/reserved=34.1/854.0
2026-04-07 12:14:15 | INFO | [CoreSet-unlabeled-feat] scoring progress 10/20 elapsed=00:00.21 avg/batch=0.021s ETA=00:00.21 | GPU MB alloc/reserved=40.6/854.0
2026-04-07 12:14:15 | INFO | [CoreSet-unlabeled-feat] scoring progress 20/20 elapsed=00:00.23 avg/batch=0.012s ETA=00:00.00 | GPU MB alloc/reserved=40.6/854.0
2026-04-07 12:14:15 | INFO | [CoreSet-labeled-feat] scoring progress 5/5 elapsed=00:00.21 avg/batch=0.042s ETA=00:00.00 | GPU MB alloc/reserved=41.0/854.0
2026-04-07 12:14:15 | INFO | [CoreSet] greedy 10/100 cover_radius=26.734581 | GPU: n/a
2026-04-07 12:14:15 | INFO | [CoreSet] greedy 20/100 cover_radius=25.537378 | GPU: n/a
2026-04-07 12:14:16 | INFO | [CoreSet] greedy 30/100 cover_radius=24.930185 | GPU: n/a
2026-04-07 12:14:16 | INFO | [CoreSet] greedy 40/100 cover_radius=24.309669 | GPU: n/a
2026-04-07 12:14:16 | INFO | [CoreSet] greedy 50/100 cover_radius=23.978512 | GPU: n/a
2026-04-07 12:14:16 | INFO | [CoreSet] greedy 60/100 cover_radius=23.724159 | GPU: n/a
2026-04-07 12:14:16 | INFO | [CoreSet] greedy 70/100 cover_radius=23.282875 | GPU: n/a
2026-04-07 12:14:16 | INFO | [CoreSet] greedy 80/100 cover_radius=22.945887 | GPU: n/a
2026-04-07 12:14:16 | INFO | [CoreSet] greedy 90/100 cover_radius=22.698528 | GPU: n/a
2026-04-07 12:14:16 | INFO | [CoreSet] greedy 100/100 cover_radius=22.415773 | GPU: n/a
2026-04-07 12:14:16 | INFO | [Round 7] labeled=1200 train=1200 val_fixed=0 | GPU MB alloc/reserved=43.1/854.0
2026-04-07 12:14:16 | INFO | [Round 7] epoch=1/80 loss=5.5829 acc=12.67 val_acc=nan data_t=0.0165s batch_t=0.0369s epoch_t=00:00.53 lr=0.001000 | GPU MB alloc/reserved=69.9/854.0
2026-04-07 12:14:16 | INFO | [Round 7] Epoch 1/80 time=00:00.53 avg=00:00.53 ETA=00:42.16 | GPU MB alloc/reserved=69.9/854.0
2026-04-07 12:14:17 | INFO | [Round 7] epoch=2/80 loss=2.4960 acc=16.33 val_acc=nan data_t=0.0025s batch_t=0.0340s epoch_t=00:00.37 lr=0.000998 | GPU MB alloc/reserved=69.9/854.0
2026-04-07 12:14:17 | INFO | [Round 7] Epoch 2/80 time=00:00.37 avg=00:00.45 ETA=00:35.06 | GPU MB alloc/reserved=69.9/854.0
2026-04-07 12:14:17 | INFO | [Round 7] epoch=3/80 loss=2.1419 acc=24.17 val_acc=nan data_t=0.0027s batch_t=0.0341s epoch_t=00:00.37 lr=0.000997 | GPU MB alloc/reserved=69.9/854.0
2026-04-07 12:14:17 | INFO | [Round 7] Epoch 3/80 time=00:00.37 avg=00:00.42 ETA=00:32.51 | GPU MB alloc/reserved=69.9/854.0
2026-04-07 12:14:18 | INFO | [Round 7] epoch=4/80 loss=2.0758 acc=23.42 val_acc=nan data_t=0.0040s batch_t=0.0340s epoch_t=00:00.38 lr=0.000994 | GPU MB alloc/reserved=69.9/854.0
2026-04-07 12:14:18 | INFO | [Round 7] Epoch 4/80 time=00:00.38 avg=00:00.41 ETA=00:31.30 | GPU MB alloc/reserved=69.9/854.0
2026-04-07 12:14:18 | INFO | [Round 7] epoch=5/80 loss=2.0155 acc=26.25 val_acc=nan data_t=0.0035s batch_t=0.0339s epoch_t=00:00.37 lr=0.000990 | GPU MB alloc/reserved=69.9/854.0
2026-04-07 12:14:18 | INFO | [Round 7] Epoch 5/80 time=00:00.37 avg=00:00.40 ETA=00:30.33 | GPU MB alloc/reserved=69.9/854.0
2026-04-07 12:14:18 | INFO | [Round 7] epoch=6/80 loss=1.9354 acc=28.25 val_acc=nan data_t=0.0025s batch_t=0.0126s epoch_t=00:00.15 lr=0.000986 | GPU MB alloc/reserved=69.9/854.0
2026-04-07 12:14:18 | INFO | [Round 7] Epoch 6/80 time=00:00.15 avg=00:00.36 ETA=00:26.80 | GPU MB alloc/reserved=69.9/854.0
2026-04-07 12:14:18 | INFO | [Round 7] epoch=7/80 loss=1.9202 acc=29.00 val_acc=nan data_t=0.0028s batch_t=0.0193s epoch_t=00:00.22 lr=0.000981 | GPU MB alloc/reserved=69.9/854.0
2026-04-07 12:14:18 | INFO | [Round 7] Epoch 7/80 time=00:00.22 avg=00:00.34 ETA=00:24.97 | GPU MB alloc/reserved=69.9/854.0
2026-04-07 12:14:19 | INFO | [Round 7] epoch=8/80 loss=1.8922 acc=31.67 val_acc=nan data_t=0.0038s batch_t=0.0340s epoch_t=00:00.38 lr=0.000976 | GPU MB alloc/reserved=69.9/854.0
2026-04-07 12:14:19 | INFO | [Round 7] Epoch 8/80 time=00:00.38 avg=00:00.35 ETA=00:24.95 | GPU MB alloc/reserved=69.9/854.0
2026-04-07 12:14:19 | INFO | [Round 7] epoch=9/80 loss=1.8882 acc=31.17 val_acc=nan data_t=0.0027s batch_t=0.0340s epoch_t=00:00.37 lr=0.000969 | GPU MB alloc/reserved=69.9/854.0
2026-04-07 12:14:19 | INFO | [Round 7] Epoch 9/80 time=00:00.37 avg=00:00.35 ETA=00:24.76 | GPU MB alloc/reserved=69.9/854.0
2026-04-07 12:14:19 | INFO | [Round 7] epoch=10/80 loss=1.8121 acc=33.58 val_acc=nan data_t=0.0028s batch_t=0.0340s epoch_t=00:00.37 lr=0.000962 | GPU MB alloc/reserved=69.9/854.0
2026-04-07 12:14:19 | INFO | [Round 7] Epoch 10/80 time=00:00.37 avg=00:00.35 ETA=00:24.55 | GPU MB alloc/reserved=69.9/854.0
2026-04-07 12:14:20 | INFO | [Round 7] epoch=11/80 loss=1.7600 acc=34.75 val_acc=nan data_t=0.0026s batch_t=0.0341s epoch_t=00:00.37 lr=0.000955 | GPU MB alloc/reserved=69.9/854.0
2026-04-07 12:14:20 | INFO | [Round 7] Epoch 11/80 time=00:00.37 avg=00:00.35 ETA=00:24.31 | GPU MB alloc/reserved=69.9/854.0
2026-04-07 12:14:20 | INFO | [Round 7] epoch=12/80 loss=1.7345 acc=37.00 val_acc=nan data_t=0.0039s batch_t=0.0341s epoch_t=00:00.38 lr=0.000946 | GPU MB alloc/reserved=69.9/854.0
2026-04-07 12:14:20 | INFO | [Round 7] Epoch 12/80 time=00:00.38 avg=00:00.35 ETA=00:24.11 | GPU MB alloc/reserved=69.9/854.0
2026-04-07 12:14:21 | INFO | [Round 7] epoch=13/80 loss=1.7345 acc=35.33 val_acc=nan data_t=0.0037s batch_t=0.0290s epoch_t=00:00.33 lr=0.000937 | GPU MB alloc/reserved=69.9/854.0
2026-04-07 12:14:21 | INFO | [Round 7] Epoch 13/80 time=00:00.33 avg=00:00.35 ETA=00:23.62 | GPU MB alloc/reserved=69.9/854.0
2026-04-07 12:14:21 | INFO | [Round 7] epoch=14/80 loss=1.6791 acc=36.25 val_acc=nan data_t=0.0037s batch_t=0.0097s epoch_t=00:00.13 lr=0.000927 | GPU MB alloc/reserved=69.9/854.0
2026-04-07 12:14:21 | INFO | [Round 7] Epoch 14/80 time=00:00.13 avg=00:00.34 ETA=00:22.24 | GPU MB alloc/reserved=69.9/854.0
2026-04-07 12:14:21 | INFO | [Round 7] epoch=15/80 loss=1.6662 acc=38.17 val_acc=nan data_t=0.0041s batch_t=0.0338s epoch_t=00:00.38 lr=0.000917 | GPU MB alloc/reserved=69.9/854.0
2026-04-07 12:14:21 | INFO | [Round 7] Epoch 15/80 time=00:00.38 avg=00:00.34 ETA=00:22.08 | GPU MB alloc/reserved=69.9/854.0
2026-04-07 12:14:21 | INFO | [Round 7] epoch=16/80 loss=1.6398 acc=38.33 val_acc=nan data_t=0.0035s batch_t=0.0341s epoch_t=00:00.38 lr=0.000905 | GPU MB alloc/reserved=69.9/854.0
2026-04-07 12:14:21 | INFO | [Round 7] Epoch 16/80 time=00:00.38 avg=00:00.34 ETA=00:21.89 | GPU MB alloc/reserved=69.9/854.0
2026-04-07 12:14:22 | INFO | [Round 7] epoch=17/80 loss=1.6077 acc=41.17 val_acc=nan data_t=0.0053s batch_t=0.0341s epoch_t=00:00.39 lr=0.000894 | GPU MB alloc/reserved=69.9/854.0
2026-04-07 12:14:22 | INFO | [Round 7] Epoch 17/80 time=00:00.39 avg=00:00.35 ETA=00:21.74 | GPU MB alloc/reserved=69.9/854.0
2026-04-07 12:14:22 | INFO | [Round 7] epoch=18/80 loss=1.5765 acc=42.92 val_acc=nan data_t=0.0027s batch_t=0.0340s epoch_t=00:00.37 lr=0.000881 | GPU MB alloc/reserved=69.9/854.0
2026-04-07 12:14:22 | INFO | [Round 7] Epoch 18/80 time=00:00.37 avg=00:00.35 ETA=00:21.47 | GPU MB alloc/reserved=69.9/854.0
2026-04-07 12:14:23 | INFO | [Round 7] epoch=19/80 loss=1.5554 acc=43.00 val_acc=nan data_t=0.0038s batch_t=0.0341s epoch_t=00:00.38 lr=0.000868 | GPU MB alloc/reserved=69.9/854.0
2026-04-07 12:14:23 | INFO | [Round 7] Epoch 19/80 time=00:00.38 avg=00:00.35 ETA=00:21.24 | GPU MB alloc/reserved=69.9/854.0
2026-04-07 12:14:23 | INFO | [Round 7] epoch=20/80 loss=1.5428 acc=41.58 val_acc=nan data_t=0.0062s batch_t=0.0316s epoch_t=00:00.38 lr=0.000855 | GPU MB alloc/reserved=69.9/854.0
2026-04-07 12:14:23 | INFO | [Round 7] Epoch 20/80 time=00:00.38 avg=00:00.35 ETA=00:20.98 | GPU MB alloc/reserved=69.9/854.0
2026-04-07 12:14:23 | INFO | [Round 7] epoch=21/80 loss=1.5298 acc=42.33 val_acc=nan data_t=0.0042s batch_t=0.0087s epoch_t=00:00.13 lr=0.000841 | GPU MB alloc/reserved=69.9/854.0
2026-04-07 12:14:23 | INFO | [Round 7] Epoch 21/80 time=00:00.13 avg=00:00.34 ETA=00:20.01 | GPU MB alloc/reserved=69.9/854.0
2026-04-07 12:14:23 | INFO | [Round 7] epoch=22/80 loss=1.4755 acc=45.58 val_acc=nan data_t=0.0028s batch_t=0.0339s epoch_t=00:00.37 lr=0.000826 | GPU MB alloc/reserved=69.9/854.0
2026-04-07 12:14:23 | INFO | [Round 7] Epoch 22/80 time=00:00.37 avg=00:00.34 ETA=00:19.74 | GPU MB alloc/reserved=69.9/854.0
2026-04-07 12:14:24 | INFO | [Round 7] epoch=23/80 loss=1.4627 acc=46.33 val_acc=nan data_t=0.0032s batch_t=0.0340s epoch_t=00:00.37 lr=0.000811 | GPU MB alloc/reserved=69.9/854.0
2026-04-07 12:14:24 | INFO | [Round 7] Epoch 23/80 time=00:00.37 avg=00:00.34 ETA=00:19.48 | GPU MB alloc/reserved=69.9/854.0
2026-04-07 12:14:24 | INFO | [Round 7] epoch=24/80 loss=1.4859 acc=44.83 val_acc=nan data_t=0.0038s batch_t=0.0340s epoch_t=00:00.38 lr=0.000796 | GPU MB alloc/reserved=69.9/854.0
2026-04-07 12:14:24 | INFO | [Round 7] Epoch 24/80 time=00:00.38 avg=00:00.34 ETA=00:19.22 | GPU MB alloc/reserved=69.9/854.0
2026-04-07 12:14:25 | INFO | [Round 7] epoch=25/80 loss=1.4557 acc=45.42 val_acc=nan data_t=0.0039s batch_t=0.0340s epoch_t=00:00.38 lr=0.000780 | GPU MB alloc/reserved=69.9/854.0
2026-04-07 12:14:25 | INFO | [Round 7] Epoch 25/80 time=00:00.38 avg=00:00.34 ETA=00:18.96 | GPU MB alloc/reserved=69.9/854.0
2026-04-07 12:14:25 | INFO | [Round 7] epoch=26/80 loss=1.3974 acc=46.58 val_acc=nan data_t=0.0040s batch_t=0.0340s epoch_t=00:00.38 lr=0.000764 | GPU MB alloc/reserved=69.9/854.0
2026-04-07 12:14:25 | INFO | [Round 7] Epoch 26/80 time=00:00.38 avg=00:00.35 ETA=00:18.69 | GPU MB alloc/reserved=69.9/854.0
2026-04-07 12:14:25 | INFO | [Round 7] epoch=27/80 loss=1.3956 acc=48.42 val_acc=nan data_t=0.0030s batch_t=0.0341s epoch_t=00:00.37 lr=0.000747 | GPU MB alloc/reserved=69.9/854.0
2026-04-07 12:14:25 | INFO | [Round 7] Epoch 27/80 time=00:00.37 avg=00:00.35 ETA=00:18.39 | GPU MB alloc/reserved=69.9/854.0
2026-04-07 12:14:25 | INFO | [Round 7] epoch=28/80 loss=1.4066 acc=47.75 val_acc=nan data_t=0.0047s batch_t=0.0091s epoch_t=00:00.14 lr=0.000730 | GPU MB alloc/reserved=69.9/854.0
2026-04-07 12:14:25 | INFO | [Round 7] Epoch 28/80 time=00:00.14 avg=00:00.34 ETA=00:17.66 | GPU MB alloc/reserved=69.9/854.0
2026-04-07 12:14:26 | INFO | [Round 7] epoch=29/80 loss=1.3931 acc=50.33 val_acc=nan data_t=0.0035s batch_t=0.0279s epoch_t=00:00.31 lr=0.000712 | GPU MB alloc/reserved=69.9/854.0
2026-04-07 12:14:26 | INFO | [Round 7] Epoch 29/80 time=00:00.31 avg=00:00.34 ETA=00:17.28 | GPU MB alloc/reserved=69.9/854.0
2026-04-07 12:14:26 | INFO | [Round 7] epoch=30/80 loss=1.3415 acc=48.92 val_acc=nan data_t=0.0046s batch_t=0.0340s epoch_t=00:00.39 lr=0.000694 | GPU MB alloc/reserved=69.9/854.0
2026-04-07 12:14:26 | INFO | [Round 7] Epoch 30/80 time=00:00.39 avg=00:00.34 ETA=00:17.02 | GPU MB alloc/reserved=69.9/854.0
2026-04-07 12:14:27 | INFO | [Round 7] epoch=31/80 loss=1.3466 acc=50.75 val_acc=nan data_t=0.0040s batch_t=0.0341s epoch_t=00:00.38 lr=0.000676 | GPU MB alloc/reserved=69.9/854.0
2026-04-07 12:14:27 | INFO | [Round 7] Epoch 31/80 time=00:00.38 avg=00:00.34 ETA=00:16.74 | GPU MB alloc/reserved=69.9/854.0
2026-04-07 12:14:27 | INFO | [Round 7] epoch=32/80 loss=1.3197 acc=51.17 val_acc=nan data_t=0.0039s batch_t=0.0341s epoch_t=00:00.38 lr=0.000658 | GPU MB alloc/reserved=69.9/854.0
2026-04-07 12:14:27 | INFO | [Round 7] Epoch 32/80 time=00:00.38 avg=00:00.34 ETA=00:16.46 | GPU MB alloc/reserved=69.9/854.0
2026-04-07 12:14:27 | INFO | [Round 7] epoch=33/80 loss=1.3107 acc=50.83 val_acc=nan data_t=0.0037s batch_t=0.0341s epoch_t=00:00.38 lr=0.000639 | GPU MB alloc/reserved=69.9/854.0
2026-04-07 12:14:27 | INFO | [Round 7] Epoch 33/80 time=00:00.38 avg=00:00.34 ETA=00:16.16 | GPU MB alloc/reserved=69.9/854.0
2026-04-07 12:14:28 | INFO | [Round 7] epoch=34/80 loss=1.3189 acc=50.75 val_acc=nan data_t=0.0039s batch_t=0.0339s epoch_t=00:00.38 lr=0.000621 | GPU MB alloc/reserved=69.9/854.0
2026-04-07 12:14:28 | INFO | [Round 7] Epoch 34/80 time=00:00.38 avg=00:00.34 ETA=00:15.87 | GPU MB alloc/reserved=69.9/854.0
2026-04-07 12:14:28 | INFO | [Round 7] epoch=35/80 loss=1.2713 acc=52.50 val_acc=nan data_t=0.0043s batch_t=0.0137s epoch_t=00:00.18 lr=0.000602 | GPU MB alloc/reserved=69.9/854.0
2026-04-07 12:14:28 | INFO | [Round 7] Epoch 35/80 time=00:00.18 avg=00:00.34 ETA=00:15.31 | GPU MB alloc/reserved=69.9/854.0
2026-04-07 12:14:28 | INFO | [Round 7] epoch=36/80 loss=1.2773 acc=52.67 val_acc=nan data_t=0.0036s batch_t=0.0139s epoch_t=00:00.17 lr=0.000582 | GPU MB alloc/reserved=69.9/854.0
2026-04-07 12:14:28 | INFO | [Round 7] Epoch 36/80 time=00:00.17 avg=00:00.34 ETA=00:14.77 | GPU MB alloc/reserved=69.9/854.0
2026-04-07 12:14:28 | INFO | [Round 7] epoch=37/80 loss=1.1977 acc=56.08 val_acc=nan data_t=0.0040s batch_t=0.0343s epoch_t=00:00.38 lr=0.000563 | GPU MB alloc/reserved=69.9/854.0
2026-04-07 12:14:28 | INFO | [Round 7] Epoch 37/80 time=00:00.38 avg=00:00.34 ETA=00:14.49 | GPU MB alloc/reserved=69.9/854.0
2026-04-07 12:14:29 | INFO | [Round 7] epoch=38/80 loss=1.2713 acc=52.75 val_acc=nan data_t=0.0047s batch_t=0.0341s epoch_t=00:00.39 lr=0.000544 | GPU MB alloc/reserved=69.9/854.0
2026-04-07 12:14:29 | INFO | [Round 7] Epoch 38/80 time=00:00.39 avg=00:00.34 ETA=00:14.21 | GPU MB alloc/reserved=69.9/854.0
2026-04-07 12:14:29 | INFO | [Round 7] epoch=39/80 loss=1.2336 acc=56.50 val_acc=nan data_t=0.0044s batch_t=0.0340s epoch_t=00:00.39 lr=0.000524 | GPU MB alloc/reserved=69.9/854.0
2026-04-07 12:14:29 | INFO | [Round 7] Epoch 39/80 time=00:00.39 avg=00:00.34 ETA=00:13.92 | GPU MB alloc/reserved=69.9/854.0
2026-04-07 12:14:30 | INFO | [Round 7] epoch=40/80 loss=1.1675 acc=58.17 val_acc=nan data_t=0.0039s batch_t=0.0341s epoch_t=00:00.38 lr=0.000505 | GPU MB alloc/reserved=69.9/854.0
2026-04-07 12:14:30 | INFO | [Round 7] Epoch 40/80 time=00:00.38 avg=00:00.34 ETA=00:13.62 | GPU MB alloc/reserved=69.9/854.0
2026-04-07 12:14:30 | INFO | [Round 7] epoch=41/80 loss=1.1671 acc=56.75 val_acc=nan data_t=0.0041s batch_t=0.0341s epoch_t=00:00.38 lr=0.000486 | GPU MB alloc/reserved=69.9/854.0
2026-04-07 12:14:30 | INFO | [Round 7] Epoch 41/80 time=00:00.38 avg=00:00.34 ETA=00:13.32 | GPU MB alloc/reserved=69.9/854.0
2026-04-07 12:14:30 | INFO | [Round 7] epoch=42/80 loss=1.1877 acc=56.08 val_acc=nan data_t=0.0041s batch_t=0.0251s epoch_t=00:00.29 lr=0.000466 | GPU MB alloc/reserved=69.9/854.0
2026-04-07 12:14:30 | INFO | [Round 7] Epoch 42/80 time=00:00.29 avg=00:00.34 ETA=00:12.93 | GPU MB alloc/reserved=69.9/854.0
2026-04-07 12:14:30 | INFO | [Round 7] epoch=43/80 loss=1.1924 acc=55.92 val_acc=nan data_t=0.0039s batch_t=0.0116s epoch_t=00:00.15 lr=0.000447 | GPU MB alloc/reserved=69.9/854.0
2026-04-07 12:14:30 | INFO | [Round 7] Epoch 43/80 time=00:00.15 avg=00:00.34 ETA=00:12.43 | GPU MB alloc/reserved=69.9/854.0
2026-04-07 12:14:31 | INFO | [Round 7] epoch=44/80 loss=1.1454 acc=57.33 val_acc=nan data_t=0.0030s batch_t=0.0344s epoch_t=00:00.37 lr=0.000428 | GPU MB alloc/reserved=69.9/854.0
2026-04-07 12:14:31 | INFO | [Round 7] Epoch 44/80 time=00:00.37 avg=00:00.34 ETA=00:12.13 | GPU MB alloc/reserved=69.9/854.0
2026-04-07 12:14:31 | INFO | [Round 7] epoch=45/80 loss=1.1082 acc=58.58 val_acc=nan data_t=0.0027s batch_t=0.0341s epoch_t=00:00.37 lr=0.000408 | GPU MB alloc/reserved=69.9/854.0
2026-04-07 12:14:31 | INFO | [Round 7] Epoch 45/80 time=00:00.37 avg=00:00.34 ETA=00:11.81 | GPU MB alloc/reserved=69.9/854.0
2026-04-07 12:14:32 | INFO | [Round 7] epoch=46/80 loss=1.1361 acc=56.42 val_acc=nan data_t=0.0054s batch_t=0.0340s epoch_t=00:00.39 lr=0.000389 | GPU MB alloc/reserved=69.9/854.0
2026-04-07 12:14:32 | INFO | [Round 7] Epoch 46/80 time=00:00.39 avg=00:00.34 ETA=00:11.52 | GPU MB alloc/reserved=69.9/854.0
2026-04-07 12:14:32 | INFO | [Round 7] epoch=47/80 loss=1.1127 acc=58.17 val_acc=nan data_t=0.0047s batch_t=0.0340s epoch_t=00:00.39 lr=0.000371 | GPU MB alloc/reserved=69.9/854.0
2026-04-07 12:14:32 | INFO | [Round 7] Epoch 47/80 time=00:00.39 avg=00:00.34 ETA=00:11.21 | GPU MB alloc/reserved=69.9/854.0
2026-04-07 12:14:32 | INFO | [Round 7] epoch=48/80 loss=1.0812 acc=58.58 val_acc=nan data_t=0.0044s batch_t=0.0343s epoch_t=00:00.39 lr=0.000352 | GPU MB alloc/reserved=69.9/854.0
2026-04-07 12:14:32 | INFO | [Round 7] Epoch 48/80 time=00:00.39 avg=00:00.34 ETA=00:10.91 | GPU MB alloc/reserved=69.9/854.0
2026-04-07 12:14:33 | INFO | [Round 7] epoch=49/80 loss=1.1066 acc=59.42 val_acc=nan data_t=0.0027s batch_t=0.0322s epoch_t=00:00.35 lr=0.000334 | GPU MB alloc/reserved=69.9/854.0
2026-04-07 12:14:33 | INFO | [Round 7] Epoch 49/80 time=00:00.35 avg=00:00.34 ETA=00:10.57 | GPU MB alloc/reserved=69.9/854.0
2026-04-07 12:14:33 | INFO | [Round 7] epoch=50/80 loss=1.0606 acc=60.67 val_acc=nan data_t=0.0049s batch_t=0.0103s epoch_t=00:00.15 lr=0.000316 | GPU MB alloc/reserved=69.9/854.0
2026-04-07 12:14:33 | INFO | [Round 7] Epoch 50/80 time=00:00.15 avg=00:00.34 ETA=00:10.12 | GPU MB alloc/reserved=69.9/854.0
2026-04-07 12:14:33 | INFO | [Round 7] epoch=51/80 loss=1.0547 acc=60.75 val_acc=nan data_t=0.0039s batch_t=0.0341s epoch_t=00:00.38 lr=0.000298 | GPU MB alloc/reserved=69.9/854.0
2026-04-07 12:14:33 | INFO | [Round 7] Epoch 51/80 time=00:00.38 avg=00:00.34 ETA=00:09.80 | GPU MB alloc/reserved=69.9/854.0
2026-04-07 12:14:34 | INFO | [Round 7] epoch=52/80 loss=1.0495 acc=61.08 val_acc=nan data_t=0.0025s batch_t=0.0340s epoch_t=00:00.37 lr=0.000280 | GPU MB alloc/reserved=69.9/854.0
2026-04-07 12:14:34 | INFO | [Round 7] Epoch 52/80 time=00:00.37 avg=00:00.34 ETA=00:09.48 | GPU MB alloc/reserved=69.9/854.0
2026-04-07 12:14:34 | INFO | [Round 7] epoch=53/80 loss=1.0573 acc=61.17 val_acc=nan data_t=0.0032s batch_t=0.0339s epoch_t=00:00.37 lr=0.000263 | GPU MB alloc/reserved=69.9/854.0
2026-04-07 12:14:34 | INFO | [Round 7] Epoch 53/80 time=00:00.37 avg=00:00.34 ETA=00:09.16 | GPU MB alloc/reserved=69.9/854.0
2026-04-07 12:14:34 | INFO | [Round 7] epoch=54/80 loss=1.0275 acc=61.42 val_acc=nan data_t=0.0037s batch_t=0.0341s epoch_t=00:00.38 lr=0.000246 | GPU MB alloc/reserved=69.9/854.0
2026-04-07 12:14:34 | INFO | [Round 7] Epoch 54/80 time=00:00.38 avg=00:00.34 ETA=00:08.84 | GPU MB alloc/reserved=69.9/854.0
2026-04-07 12:14:35 | INFO | [Round 7] epoch=55/80 loss=1.0220 acc=61.92 val_acc=nan data_t=0.0028s batch_t=0.0341s epoch_t=00:00.37 lr=0.000230 | GPU MB alloc/reserved=69.9/854.0
2026-04-07 12:14:35 | INFO | [Round 7] Epoch 55/80 time=00:00.37 avg=00:00.34 ETA=00:08.51 | GPU MB alloc/reserved=69.9/854.0
2026-04-07 12:14:35 | INFO | [Round 7] epoch=56/80 loss=1.0092 acc=63.83 val_acc=nan data_t=0.0040s batch_t=0.0341s epoch_t=00:00.38 lr=0.000214 | GPU MB alloc/reserved=69.9/854.0
2026-04-07 12:14:35 | INFO | [Round 7] Epoch 56/80 time=00:00.38 avg=00:00.34 ETA=00:08.19 | GPU MB alloc/reserved=69.9/854.0
2026-04-07 12:14:35 | INFO | [Round 7] epoch=57/80 loss=1.0203 acc=63.25 val_acc=nan data_t=0.0042s batch_t=0.0124s epoch_t=00:00.17 lr=0.000199 | GPU MB alloc/reserved=69.9/854.0
2026-04-07 12:14:35 | INFO | [Round 7] Epoch 57/80 time=00:00.17 avg=00:00.34 ETA=00:07.78 | GPU MB alloc/reserved=69.9/854.0
2026-04-07 12:14:36 | INFO | [Round 7] epoch=58/80 loss=1.0267 acc=61.67 val_acc=nan data_t=0.0027s batch_t=0.0257s epoch_t=00:00.28 lr=0.000184 | GPU MB alloc/reserved=69.9/854.0
2026-04-07 12:14:36 | INFO | [Round 7] Epoch 58/80 time=00:00.28 avg=00:00.34 ETA=00:07.42 | GPU MB alloc/reserved=69.9/854.0
2026-04-07 12:14:36 | INFO | [Round 7] epoch=59/80 loss=0.9706 acc=64.33 val_acc=nan data_t=0.0026s batch_t=0.0339s epoch_t=00:00.37 lr=0.000169 | GPU MB alloc/reserved=69.9/854.0
2026-04-07 12:14:36 | INFO | [Round 7] Epoch 59/80 time=00:00.37 avg=00:00.34 ETA=00:07.09 | GPU MB alloc/reserved=69.9/854.0
2026-04-07 12:14:36 | INFO | [Round 7] epoch=60/80 loss=1.0233 acc=63.50 val_acc=nan data_t=0.0041s batch_t=0.0341s epoch_t=00:00.38 lr=0.000155 | GPU MB alloc/reserved=69.9/854.0
2026-04-07 12:14:36 | INFO | [Round 7] Epoch 60/80 time=00:00.38 avg=00:00.34 ETA=00:06.77 | GPU MB alloc/reserved=69.9/854.0
2026-04-07 12:14:37 | INFO | [Round 7] epoch=61/80 loss=0.9479 acc=65.50 val_acc=nan data_t=0.0041s batch_t=0.0340s epoch_t=00:00.38 lr=0.000142 | GPU MB alloc/reserved=69.9/854.0
2026-04-07 12:14:37 | INFO | [Round 7] Epoch 61/80 time=00:00.38 avg=00:00.34 ETA=00:06.44 | GPU MB alloc/reserved=69.9/854.0
2026-04-07 12:14:37 | INFO | [Round 7] epoch=62/80 loss=0.9739 acc=64.58 val_acc=nan data_t=0.0042s batch_t=0.0340s epoch_t=00:00.38 lr=0.000129 | GPU MB alloc/reserved=69.9/854.0
2026-04-07 12:14:37 | INFO | [Round 7] Epoch 62/80 time=00:00.38 avg=00:00.34 ETA=00:06.12 | GPU MB alloc/reserved=69.9/854.0
2026-04-07 12:14:37 | INFO | [Round 7] epoch=63/80 loss=0.9740 acc=64.67 val_acc=nan data_t=0.0042s batch_t=0.0341s epoch_t=00:00.38 lr=0.000116 | GPU MB alloc/reserved=69.9/854.0
2026-04-07 12:14:37 | INFO | [Round 7] Epoch 63/80 time=00:00.38 avg=00:00.34 ETA=00:05.79 | GPU MB alloc/reserved=69.9/854.0
2026-04-07 12:14:38 | INFO | [Round 7] epoch=64/80 loss=0.9708 acc=63.17 val_acc=nan data_t=0.0027s batch_t=0.0167s epoch_t=00:00.19 lr=0.000105 | GPU MB alloc/reserved=69.9/854.0
2026-04-07 12:14:38 | INFO | [Round 7] Epoch 64/80 time=00:00.19 avg=00:00.34 ETA=00:05.41 | GPU MB alloc/reserved=69.9/854.0
2026-04-07 12:14:38 | INFO | [Round 7] epoch=65/80 loss=0.9840 acc=63.33 val_acc=nan data_t=0.0049s batch_t=0.0149s epoch_t=00:00.20 lr=0.000093 | GPU MB alloc/reserved=69.9/854.0
2026-04-07 12:14:38 | INFO | [Round 7] Epoch 65/80 time=00:00.20 avg=00:00.34 ETA=00:05.04 | GPU MB alloc/reserved=69.9/854.0
2026-04-07 12:14:38 | INFO | [Round 7] epoch=66/80 loss=0.9208 acc=66.17 val_acc=nan data_t=0.0027s batch_t=0.0341s epoch_t=00:00.37 lr=0.000083 | GPU MB alloc/reserved=69.9/854.0
2026-04-07 12:14:38 | INFO | [Round 7] Epoch 66/80 time=00:00.37 avg=00:00.34 ETA=00:04.71 | GPU MB alloc/reserved=69.9/854.0
2026-04-07 12:14:39 | INFO | [Round 7] epoch=67/80 loss=0.9183 acc=65.58 val_acc=nan data_t=0.0039s batch_t=0.0340s epoch_t=00:00.38 lr=0.000073 | GPU MB alloc/reserved=69.9/854.0
2026-04-07 12:14:39 | INFO | [Round 7] Epoch 67/80 time=00:00.38 avg=00:00.34 ETA=00:04.38 | GPU MB alloc/reserved=69.9/854.0
2026-04-07 12:14:39 | INFO | [Round 7] epoch=68/80 loss=0.9288 acc=66.92 val_acc=nan data_t=0.0043s batch_t=0.0339s epoch_t=00:00.38 lr=0.000064 | GPU MB alloc/reserved=69.9/854.0
2026-04-07 12:14:39 | INFO | [Round 7] Epoch 68/80 time=00:00.38 avg=00:00.34 ETA=00:04.05 | GPU MB alloc/reserved=69.9/854.0
2026-04-07 12:14:39 | INFO | [Round 7] epoch=69/80 loss=0.9114 acc=67.50 val_acc=nan data_t=0.0043s batch_t=0.0339s epoch_t=00:00.38 lr=0.000055 | GPU MB alloc/reserved=69.9/854.0
2026-04-07 12:14:39 | INFO | [Round 7] Epoch 69/80 time=00:00.38 avg=00:00.34 ETA=00:03.72 | GPU MB alloc/reserved=69.9/854.0
2026-04-07 12:14:40 | INFO | [Round 7] epoch=70/80 loss=0.9275 acc=65.00 val_acc=nan data_t=0.0045s batch_t=0.0341s epoch_t=00:00.39 lr=0.000048 | GPU MB alloc/reserved=69.9/854.0
2026-04-07 12:14:40 | INFO | [Round 7] Epoch 70/80 time=00:00.39 avg=00:00.34 ETA=00:03.39 | GPU MB alloc/reserved=69.9/854.0
2026-04-07 12:14:40 | INFO | [Round 7] epoch=71/80 loss=0.9308 acc=65.33 val_acc=nan data_t=0.0039s batch_t=0.0234s epoch_t=00:00.27 lr=0.000041 | GPU MB alloc/reserved=69.9/854.0
2026-04-07 12:14:40 | INFO | [Round 7] Epoch 71/80 time=00:00.27 avg=00:00.34 ETA=00:03.04 | GPU MB alloc/reserved=69.9/854.0
2026-04-07 12:14:40 | INFO | [Round 7] epoch=72/80 loss=0.9027 acc=68.33 val_acc=nan data_t=0.0042s batch_t=0.0093s epoch_t=00:00.14 lr=0.000034 | GPU MB alloc/reserved=69.9/854.0
2026-04-07 12:14:40 | INFO | [Round 7] Epoch 72/80 time=00:00.14 avg=00:00.34 ETA=00:02.68 | GPU MB alloc/reserved=69.9/854.0
2026-04-07 12:14:41 | INFO | [Round 7] epoch=73/80 loss=0.8954 acc=67.00 val_acc=nan data_t=0.0027s batch_t=0.0340s epoch_t=00:00.37 lr=0.000029 | GPU MB alloc/reserved=69.9/854.0
2026-04-07 12:14:41 | INFO | [Round 7] Epoch 73/80 time=00:00.37 avg=00:00.34 ETA=00:02.35 | GPU MB alloc/reserved=69.9/854.0
2026-04-07 12:14:41 | INFO | [Round 7] epoch=74/80 loss=0.9183 acc=64.42 val_acc=nan data_t=0.0026s batch_t=0.0340s epoch_t=00:00.37 lr=0.000024 | GPU MB alloc/reserved=69.9/854.0
2026-04-07 12:14:41 | INFO | [Round 7] Epoch 74/80 time=00:00.37 avg=00:00.34 ETA=00:02.02 | GPU MB alloc/reserved=69.9/854.0
2026-04-07 12:14:41 | INFO | [Round 7] epoch=75/80 loss=0.9159 acc=66.33 val_acc=nan data_t=0.0027s batch_t=0.0339s epoch_t=00:00.37 lr=0.000020 | GPU MB alloc/reserved=69.9/854.0
2026-04-07 12:14:41 | INFO | [Round 7] Epoch 75/80 time=00:00.37 avg=00:00.34 ETA=00:01.68 | GPU MB alloc/reserved=69.9/854.0
2026-04-07 12:14:42 | INFO | [Round 7] epoch=76/80 loss=0.9151 acc=66.75 val_acc=nan data_t=0.0029s batch_t=0.0339s epoch_t=00:00.37 lr=0.000016 | GPU MB alloc/reserved=69.9/854.0
2026-04-07 12:14:42 | INFO | [Round 7] Epoch 76/80 time=00:00.37 avg=00:00.34 ETA=00:01.35 | GPU MB alloc/reserved=69.9/854.0
2026-04-07 12:14:42 | INFO | [Round 7] epoch=77/80 loss=0.8967 acc=66.75 val_acc=nan data_t=0.0027s batch_t=0.0339s epoch_t=00:00.37 lr=0.000013 | GPU MB alloc/reserved=69.9/854.0
2026-04-07 12:14:42 | INFO | [Round 7] Epoch 77/80 time=00:00.37 avg=00:00.34 ETA=00:01.01 | GPU MB alloc/reserved=69.9/854.0
2026-04-07 12:14:42 | INFO | [Round 7] epoch=78/80 loss=0.9199 acc=66.58 val_acc=nan data_t=0.0027s batch_t=0.0339s epoch_t=00:00.37 lr=0.000012 | GPU MB alloc/reserved=69.9/854.0
2026-04-07 12:14:42 | INFO | [Round 7] Epoch 78/80 time=00:00.37 avg=00:00.34 ETA=00:00.68 | GPU MB alloc/reserved=69.9/854.0
2026-04-07 12:14:42 | INFO | [Round 7] epoch=79/80 loss=0.9173 acc=66.17 val_acc=nan data_t=0.0032s batch_t=0.0092s epoch_t=00:00.12 lr=0.000010 | GPU MB alloc/reserved=69.9/854.0
2026-04-07 12:14:42 | INFO | [Round 7] Epoch 79/80 time=00:00.12 avg=00:00.34 ETA=00:00.34 | GPU MB alloc/reserved=69.9/854.0
2026-04-07 12:14:43 | INFO | [Round 7] epoch=80/80 loss=0.9083 acc=65.75 val_acc=nan data_t=0.0050s batch_t=0.0267s epoch_t=00:00.32 lr=0.000010 | GPU MB alloc/reserved=69.9/854.0
2026-04-07 12:14:43 | INFO | [Round 7] Epoch 80/80 time=00:00.32 avg=00:00.33 ETA=00:00.00 | GPU MB alloc/reserved=69.9/854.0
2026-04-07 12:14:43 | INFO | [Round 7] training complete in 00:26.90 (best monitor=68.333) | GPU MB alloc/reserved=69.9/854.0
2026-04-07 12:14:43 | INFO | [Round 7] evaluation started | GPU MB alloc/reserved=52.0/854.0
2026-04-07 12:14:45 | INFO | [Round 7] clean=50.77 fgsm=42.83 pgd=42.70 grad_disp_mean=nan grad_disp_sel=nan round_t=30.65s | GPU MB alloc/reserved=52.0/854.0
2026-04-07 12:14:45 | INFO | [Round 8/21] elapsed=00:30.65 avg_round=00:24.89 projected_remaining=05:23.57 | GPU MB alloc/reserved=52.0/854.0
2026-04-07 12:14:46 | INFO | [Round 8] acquisition on pool_size=48800 scored_pool=5000 budget=100 | GPU MB alloc/reserved=34.1/854.0
2026-04-07 12:14:46 | INFO | [CoreSet-unlabeled-feat] scoring progress 10/20 elapsed=00:00.21 avg/batch=0.021s ETA=00:00.21 | GPU MB alloc/reserved=40.6/854.0
2026-04-07 12:14:46 | INFO | [CoreSet-unlabeled-feat] scoring progress 20/20 elapsed=00:00.23 avg/batch=0.012s ETA=00:00.00 | GPU MB alloc/reserved=40.6/854.0
2026-04-07 12:14:47 | INFO | [CoreSet-labeled-feat] scoring progress 5/5 elapsed=00:00.21 avg/batch=0.042s ETA=00:00.00 | GPU MB alloc/reserved=43.2/854.0
2026-04-07 12:14:47 | INFO | [CoreSet] greedy 10/100 cover_radius=26.027910 | GPU: n/a
2026-04-07 12:14:47 | INFO | [CoreSet] greedy 20/100 cover_radius=25.123634 | GPU: n/a
2026-04-07 12:14:47 | INFO | [CoreSet] greedy 30/100 cover_radius=24.313494 | GPU: n/a
2026-04-07 12:14:47 | INFO | [CoreSet] greedy 40/100 cover_radius=23.898413 | GPU: n/a
2026-04-07 12:14:47 | INFO | [CoreSet] greedy 50/100 cover_radius=23.528692 | GPU: n/a
2026-04-07 12:14:47 | INFO | [CoreSet] greedy 60/100 cover_radius=22.987436 | GPU: n/a
2026-04-07 12:14:47 | INFO | [CoreSet] greedy 70/100 cover_radius=22.679417 | GPU: n/a
2026-04-07 12:14:47 | INFO | [CoreSet] greedy 80/100 cover_radius=22.315756 | GPU: n/a
2026-04-07 12:14:47 | INFO | [CoreSet] greedy 90/100 cover_radius=22.145224 | GPU: n/a
2026-04-07 12:14:47 | INFO | [CoreSet] greedy 100/100 cover_radius=22.035683 | GPU: n/a
2026-04-07 12:14:47 | INFO | [Round 8] labeled=1300 train=1300 val_fixed=0 | GPU MB alloc/reserved=43.1/854.0
2026-04-07 12:14:48 | INFO | [Round 8] epoch=1/80 loss=5.7350 acc=14.38 val_acc=nan data_t=0.0163s batch_t=0.0367s epoch_t=00:00.58 lr=0.001000 | GPU MB alloc/reserved=69.9/854.0
2026-04-07 12:14:48 | INFO | [Round 8] Epoch 1/80 time=00:00.58 avg=00:00.58 ETA=00:46.09 | GPU MB alloc/reserved=69.9/854.0
2026-04-07 12:14:48 | INFO | [Round 8] epoch=2/80 loss=2.3171 acc=17.92 val_acc=nan data_t=0.0037s batch_t=0.0340s epoch_t=00:00.41 lr=0.000998 | GPU MB alloc/reserved=69.9/854.0
2026-04-07 12:14:48 | INFO | [Round 8] Epoch 2/80 time=00:00.41 avg=00:00.50 ETA=00:38.92 | GPU MB alloc/reserved=69.9/854.0
2026-04-07 12:14:49 | INFO | [Round 8] epoch=3/80 loss=2.1280 acc=21.38 val_acc=nan data_t=0.0043s batch_t=0.0339s epoch_t=00:00.42 lr=0.000997 | GPU MB alloc/reserved=69.9/854.0
2026-04-07 12:14:49 | INFO | [Round 8] Epoch 3/80 time=00:00.42 avg=00:00.47 ETA=00:36.41 | GPU MB alloc/reserved=69.9/854.0
2026-04-07 12:14:49 | INFO | [Round 8] epoch=4/80 loss=2.0593 acc=24.15 val_acc=nan data_t=0.0038s batch_t=0.0339s epoch_t=00:00.42 lr=0.000994 | GPU MB alloc/reserved=69.9/854.0
2026-04-07 12:14:49 | INFO | [Round 8] Epoch 4/80 time=00:00.42 avg=00:00.46 ETA=00:34.84 | GPU MB alloc/reserved=69.9/854.0
2026-04-07 12:14:49 | INFO | [Round 8] epoch=5/80 loss=1.9685 acc=28.85 val_acc=nan data_t=0.0037s batch_t=0.0202s epoch_t=00:00.26 lr=0.000990 | GPU MB alloc/reserved=69.9/854.0
2026-04-07 12:14:49 | INFO | [Round 8] Epoch 5/80 time=00:00.26 avg=00:00.42 ETA=00:31.45 | GPU MB alloc/reserved=69.9/854.0
2026-04-07 12:14:50 | INFO | [Round 8] epoch=6/80 loss=1.9642 acc=27.92 val_acc=nan data_t=0.0038s batch_t=0.0167s epoch_t=00:00.23 lr=0.000986 | GPU MB alloc/reserved=69.9/854.0
2026-04-07 12:14:50 | INFO | [Round 8] Epoch 6/80 time=00:00.23 avg=00:00.39 ETA=00:28.65 | GPU MB alloc/reserved=69.9/854.0
2026-04-07 12:14:50 | INFO | [Round 8] epoch=7/80 loss=1.9029 acc=28.85 val_acc=nan data_t=0.0036s batch_t=0.0338s epoch_t=00:00.41 lr=0.000981 | GPU MB alloc/reserved=69.9/854.0
2026-04-07 12:14:50 | INFO | [Round 8] Epoch 7/80 time=00:00.41 avg=00:00.39 ETA=00:28.52 | GPU MB alloc/reserved=69.9/854.0
2026-04-07 12:14:50 | INFO | [Round 8] epoch=8/80 loss=1.8861 acc=30.77 val_acc=nan data_t=0.0037s batch_t=0.0339s epoch_t=00:00.41 lr=0.000976 | GPU MB alloc/reserved=69.9/854.0
2026-04-07 12:14:50 | INFO | [Round 8] Epoch 8/80 time=00:00.41 avg=00:00.39 ETA=00:28.34 | GPU MB alloc/reserved=69.9/854.0
2026-04-07 12:14:51 | INFO | [Round 8] epoch=9/80 loss=1.8348 acc=33.31 val_acc=nan data_t=0.0036s batch_t=0.0340s epoch_t=00:00.41 lr=0.000969 | GPU MB alloc/reserved=69.9/854.0
2026-04-07 12:14:51 | INFO | [Round 8] Epoch 9/80 time=00:00.41 avg=00:00.40 ETA=00:28.09 | GPU MB alloc/reserved=69.9/854.0
2026-04-07 12:14:51 | INFO | [Round 8] epoch=10/80 loss=1.7932 acc=33.08 val_acc=nan data_t=0.0027s batch_t=0.0339s epoch_t=00:00.40 lr=0.000962 | GPU MB alloc/reserved=69.9/854.0
2026-04-07 12:14:51 | INFO | [Round 8] Epoch 10/80 time=00:00.40 avg=00:00.40 ETA=00:27.75 | GPU MB alloc/reserved=69.9/854.0
2026-04-07 12:14:52 | INFO | [Round 8] epoch=11/80 loss=1.8031 acc=34.08 val_acc=nan data_t=0.0043s batch_t=0.0339s epoch_t=00:00.42 lr=0.000955 | GPU MB alloc/reserved=69.9/854.0
2026-04-07 12:14:52 | INFO | [Round 8] Epoch 11/80 time=00:00.42 avg=00:00.40 ETA=00:27.50 | GPU MB alloc/reserved=69.9/854.0
2026-04-07 12:14:52 | INFO | [Round 8] epoch=12/80 loss=1.7348 acc=36.15 val_acc=nan data_t=0.0042s batch_t=0.0084s epoch_t=00:00.14 lr=0.000946 | GPU MB alloc/reserved=69.9/854.0
2026-04-07 12:14:52 | INFO | [Round 8] Epoch 12/80 time=00:00.14 avg=00:00.38 ETA=00:25.63 | GPU MB alloc/reserved=69.9/854.0
2026-04-07 12:14:52 | INFO | [Round 8] epoch=13/80 loss=1.6918 acc=35.77 val_acc=nan data_t=0.0038s batch_t=0.0338s epoch_t=00:00.41 lr=0.000937 | GPU MB alloc/reserved=69.9/854.0
2026-04-07 12:14:52 | INFO | [Round 8] Epoch 13/80 time=00:00.41 avg=00:00.38 ETA=00:25.45 | GPU MB alloc/reserved=69.9/854.0
2026-04-07 12:14:53 | INFO | [Round 8] epoch=14/80 loss=1.6963 acc=37.15 val_acc=nan data_t=0.0038s batch_t=0.0340s epoch_t=00:00.42 lr=0.000927 | GPU MB alloc/reserved=69.9/854.0
2026-04-07 12:14:53 | INFO | [Round 8] Epoch 14/80 time=00:00.42 avg=00:00.38 ETA=00:25.24 | GPU MB alloc/reserved=69.9/854.0
2026-04-07 12:14:53 | INFO | [Round 8] epoch=15/80 loss=1.6487 acc=37.85 val_acc=nan data_t=0.0024s batch_t=0.0341s epoch_t=00:00.40 lr=0.000917 | GPU MB alloc/reserved=69.9/854.0
2026-04-07 12:14:53 | INFO | [Round 8] Epoch 15/80 time=00:00.40 avg=00:00.38 ETA=00:24.94 | GPU MB alloc/reserved=69.9/854.0
2026-04-07 12:14:53 | INFO | [Round 8] epoch=16/80 loss=1.6596 acc=39.23 val_acc=nan data_t=0.0025s batch_t=0.0339s epoch_t=00:00.40 lr=0.000905 | GPU MB alloc/reserved=69.9/854.0
2026-04-07 12:14:53 | INFO | [Round 8] Epoch 16/80 time=00:00.40 avg=00:00.38 ETA=00:24.62 | GPU MB alloc/reserved=69.9/854.0
2026-04-07 12:14:54 | INFO | [Round 8] epoch=17/80 loss=1.6388 acc=40.54 val_acc=nan data_t=0.0040s batch_t=0.0339s epoch_t=00:00.42 lr=0.000894 | GPU MB alloc/reserved=69.9/854.0
2026-04-07 12:14:54 | INFO | [Round 8] Epoch 17/80 time=00:00.42 avg=00:00.39 ETA=00:24.36 | GPU MB alloc/reserved=69.9/854.0
2026-04-07 12:14:54 | INFO | [Round 8] epoch=18/80 loss=1.6190 acc=41.08 val_acc=nan data_t=0.0024s batch_t=0.0201s epoch_t=00:00.25 lr=0.000881 | GPU MB alloc/reserved=69.9/854.0
2026-04-07 12:14:54 | INFO | [Round 8] Epoch 18/80 time=00:00.25 avg=00:00.38 ETA=00:23.49 | GPU MB alloc/reserved=69.9/854.0
2026-04-07 12:14:54 | INFO | [Round 8] epoch=19/80 loss=1.5925 acc=39.62 val_acc=nan data_t=0.0025s batch_t=0.0085s epoch_t=00:00.12 lr=0.000868 | GPU MB alloc/reserved=69.9/854.0
2026-04-07 12:14:54 | INFO | [Round 8] Epoch 19/80 time=00:00.12 avg=00:00.37 ETA=00:22.29 | GPU MB alloc/reserved=69.9/854.0
2026-04-07 12:14:55 | INFO | [Round 8] epoch=20/80 loss=1.5764 acc=40.92 val_acc=nan data_t=0.0024s batch_t=0.0338s epoch_t=00:00.40 lr=0.000855 | GPU MB alloc/reserved=69.9/854.0
2026-04-07 12:14:55 | INFO | [Round 8] Epoch 20/80 time=00:00.40 avg=00:00.37 ETA=00:22.02 | GPU MB alloc/reserved=69.9/854.0
2026-04-07 12:14:55 | INFO | [Round 8] epoch=21/80 loss=1.5871 acc=39.92 val_acc=nan data_t=0.0038s batch_t=0.0339s epoch_t=00:00.41 lr=0.000841 | GPU MB alloc/reserved=69.9/854.0
2026-04-07 12:14:55 | INFO | [Round 8] Epoch 21/80 time=00:00.41 avg=00:00.37 ETA=00:21.79 | GPU MB alloc/reserved=69.9/854.0
2026-04-07 12:14:55 | INFO | [Round 8] epoch=22/80 loss=1.5564 acc=43.38 val_acc=nan data_t=0.0045s batch_t=0.0339s epoch_t=00:00.42 lr=0.000826 | GPU MB alloc/reserved=69.9/854.0
2026-04-07 12:14:55 | INFO | [Round 8] Epoch 22/80 time=00:00.42 avg=00:00.37 ETA=00:21.56 | GPU MB alloc/reserved=69.9/854.0
2026-04-07 12:14:56 | INFO | [Round 8] epoch=23/80 loss=1.5070 acc=44.38 val_acc=nan data_t=0.0024s batch_t=0.0339s epoch_t=00:00.40 lr=0.000811 | GPU MB alloc/reserved=69.9/854.0
2026-04-07 12:14:56 | INFO | [Round 8] Epoch 23/80 time=00:00.40 avg=00:00.37 ETA=00:21.25 | GPU MB alloc/reserved=69.9/854.0
2026-04-07 12:14:56 | INFO | [Round 8] epoch=24/80 loss=1.4764 acc=43.38 val_acc=nan data_t=0.0033s batch_t=0.0340s epoch_t=00:00.41 lr=0.000796 | GPU MB alloc/reserved=69.9/854.0
2026-04-07 12:14:56 | INFO | [Round 8] Epoch 24/80 time=00:00.41 avg=00:00.37 ETA=00:20.97 | GPU MB alloc/reserved=69.9/854.0
2026-04-07 12:14:56 | INFO | [Round 8] epoch=25/80 loss=1.5361 acc=42.31 val_acc=nan data_t=0.0044s batch_t=0.0156s epoch_t=00:00.22 lr=0.000780 | GPU MB alloc/reserved=69.9/854.0
2026-04-07 12:14:56 | INFO | [Round 8] Epoch 25/80 time=00:00.22 avg=00:00.37 ETA=00:20.26 | GPU MB alloc/reserved=69.9/854.0
2026-04-07 12:14:57 | INFO | [Round 8] epoch=26/80 loss=1.5194 acc=42.23 val_acc=nan data_t=0.0049s batch_t=0.0217s epoch_t=00:00.29 lr=0.000764 | GPU MB alloc/reserved=69.9/854.0
2026-04-07 12:14:57 | INFO | [Round 8] Epoch 26/80 time=00:00.29 avg=00:00.37 ETA=00:19.73 | GPU MB alloc/reserved=69.9/854.0
2026-04-07 12:14:57 | INFO | [Round 8] epoch=27/80 loss=1.4779 acc=44.69 val_acc=nan data_t=0.0035s batch_t=0.0339s epoch_t=00:00.41 lr=0.000747 | GPU MB alloc/reserved=69.9/854.0
2026-04-07 12:14:57 | INFO | [Round 8] Epoch 27/80 time=00:00.41 avg=00:00.37 ETA=00:19.46 | GPU MB alloc/reserved=69.9/854.0
2026-04-07 12:14:58 | INFO | [Round 8] epoch=28/80 loss=1.4737 acc=42.92 val_acc=nan data_t=0.0038s batch_t=0.0339s epoch_t=00:00.41 lr=0.000730 | GPU MB alloc/reserved=69.9/854.0
2026-04-07 12:14:58 | INFO | [Round 8] Epoch 28/80 time=00:00.41 avg=00:00.37 ETA=00:19.18 | GPU MB alloc/reserved=69.9/854.0
2026-04-07 12:14:58 | INFO | [Round 8] epoch=29/80 loss=1.4505 acc=45.38 val_acc=nan data_t=0.0038s batch_t=0.0344s epoch_t=00:00.42 lr=0.000712 | GPU MB alloc/reserved=69.9/854.0
2026-04-07 12:14:58 | INFO | [Round 8] Epoch 29/80 time=00:00.42 avg=00:00.37 ETA=00:18.90 | GPU MB alloc/reserved=69.9/854.0
2026-04-07 12:14:58 | INFO | [Round 8] epoch=30/80 loss=1.4007 acc=46.31 val_acc=nan data_t=0.0025s batch_t=0.0339s epoch_t=00:00.40 lr=0.000694 | GPU MB alloc/reserved=69.9/854.0
2026-04-07 12:14:58 | INFO | [Round 8] Epoch 30/80 time=00:00.40 avg=00:00.37 ETA=00:18.58 | GPU MB alloc/reserved=69.9/854.0
2026-04-07 12:14:59 | INFO | [Round 8] epoch=31/80 loss=1.4542 acc=44.31 val_acc=nan data_t=0.0038s batch_t=0.0311s epoch_t=00:00.38 lr=0.000676 | GPU MB alloc/reserved=69.9/854.0
2026-04-07 12:14:59 | INFO | [Round 8] Epoch 31/80 time=00:00.38 avg=00:00.37 ETA=00:18.23 | GPU MB alloc/reserved=69.9/854.0
2026-04-07 12:14:59 | INFO | [Round 8] epoch=32/80 loss=1.3674 acc=47.77 val_acc=nan data_t=0.0045s batch_t=0.0098s epoch_t=00:00.16 lr=0.000658 | GPU MB alloc/reserved=69.9/854.0
2026-04-07 12:14:59 | INFO | [Round 8] Epoch 32/80 time=00:00.16 avg=00:00.37 ETA=00:17.53 | GPU MB alloc/reserved=69.9/854.0
2026-04-07 12:14:59 | INFO | [Round 8] epoch=33/80 loss=1.3862 acc=48.46 val_acc=nan data_t=0.0036s batch_t=0.0322s epoch_t=00:00.39 lr=0.000639 | GPU MB alloc/reserved=69.9/854.0
2026-04-07 12:14:59 | INFO | [Round 8] Epoch 33/80 time=00:00.39 avg=00:00.37 ETA=00:17.21 | GPU MB alloc/reserved=69.9/854.0
2026-04-07 12:15:00 | INFO | [Round 8] epoch=34/80 loss=1.3470 acc=49.08 val_acc=nan data_t=0.0039s batch_t=0.0339s epoch_t=00:00.42 lr=0.000621 | GPU MB alloc/reserved=69.9/854.0
2026-04-07 12:15:00 | INFO | [Round 8] Epoch 34/80 time=00:00.42 avg=00:00.37 ETA=00:16.91 | GPU MB alloc/reserved=69.9/854.0
2026-04-07 12:15:00 | INFO | [Round 8] epoch=35/80 loss=1.3700 acc=49.62 val_acc=nan data_t=0.0024s batch_t=0.0340s epoch_t=00:00.40 lr=0.000602 | GPU MB alloc/reserved=69.9/854.0
2026-04-07 12:15:00 | INFO | [Round 8] Epoch 35/80 time=00:00.40 avg=00:00.37 ETA=00:16.58 | GPU MB alloc/reserved=69.9/854.0
2026-04-07 12:15:01 | INFO | [Round 8] epoch=36/80 loss=1.3434 acc=48.85 val_acc=nan data_t=0.0038s batch_t=0.0339s epoch_t=00:00.42 lr=0.000582 | GPU MB alloc/reserved=69.9/854.0
2026-04-07 12:15:01 | INFO | [Round 8] Epoch 36/80 time=00:00.42 avg=00:00.37 ETA=00:16.27 | GPU MB alloc/reserved=69.9/854.0
2026-04-07 12:15:01 | INFO | [Round 8] epoch=37/80 loss=1.3290 acc=49.31 val_acc=nan data_t=0.0038s batch_t=0.0340s epoch_t=00:00.42 lr=0.000563 | GPU MB alloc/reserved=69.9/854.0
2026-04-07 12:15:01 | INFO | [Round 8] Epoch 37/80 time=00:00.42 avg=00:00.37 ETA=00:15.96 | GPU MB alloc/reserved=69.9/854.0
2026-04-07 12:15:01 | INFO | [Round 8] epoch=38/80 loss=1.3508 acc=48.38 val_acc=nan data_t=0.0039s batch_t=0.0208s epoch_t=00:00.27 lr=0.000544 | GPU MB alloc/reserved=69.9/854.0
2026-04-07 12:15:01 | INFO | [Round 8] Epoch 38/80 time=00:00.27 avg=00:00.37 ETA=00:15.48 | GPU MB alloc/reserved=69.9/854.0
2026-04-07 12:15:02 | INFO | [Round 8] epoch=39/80 loss=1.2967 acc=51.92 val_acc=nan data_t=0.0046s batch_t=0.0287s epoch_t=00:00.37 lr=0.000524 | GPU MB alloc/reserved=69.9/854.0
2026-04-07 12:15:02 | INFO | [Round 8] Epoch 39/80 time=00:00.37 avg=00:00.37 ETA=00:15.11 | GPU MB alloc/reserved=69.9/854.0
2026-04-07 12:15:02 | INFO | [Round 8] epoch=40/80 loss=1.3134 acc=50.38 val_acc=nan data_t=0.0030s batch_t=0.0339s epoch_t=00:00.41 lr=0.000505 | GPU MB alloc/reserved=69.9/854.0
2026-04-07 12:15:02 | INFO | [Round 8] Epoch 40/80 time=00:00.41 avg=00:00.37 ETA=00:14.78 | GPU MB alloc/reserved=69.9/854.0
2026-04-07 12:15:02 | INFO | [Round 8] epoch=41/80 loss=1.2730 acc=52.38 val_acc=nan data_t=0.0038s batch_t=0.0340s epoch_t=00:00.42 lr=0.000486 | GPU MB alloc/reserved=69.9/854.0
2026-04-07 12:15:02 | INFO | [Round 8] Epoch 41/80 time=00:00.42 avg=00:00.37 ETA=00:14.45 | GPU MB alloc/reserved=69.9/854.0
2026-04-07 12:15:03 | INFO | [Round 8] epoch=42/80 loss=1.2444 acc=53.23 val_acc=nan data_t=0.0035s batch_t=0.0340s epoch_t=00:00.41 lr=0.000466 | GPU MB alloc/reserved=69.9/854.0
2026-04-07 12:15:03 | INFO | [Round 8] Epoch 42/80 time=00:00.41 avg=00:00.37 ETA=00:14.12 | GPU MB alloc/reserved=69.9/854.0
2026-04-07 12:15:03 | INFO | [Round 8] epoch=43/80 loss=1.2820 acc=51.85 val_acc=nan data_t=0.0026s batch_t=0.0339s epoch_t=00:00.40 lr=0.000447 | GPU MB alloc/reserved=69.9/854.0
2026-04-07 12:15:03 | INFO | [Round 8] Epoch 43/80 time=00:00.40 avg=00:00.37 ETA=00:13.77 | GPU MB alloc/reserved=69.9/854.0
2026-04-07 12:15:04 | INFO | [Round 8] epoch=44/80 loss=1.2091 acc=54.54 val_acc=nan data_t=0.0039s batch_t=0.0272s epoch_t=00:00.34 lr=0.000428 | GPU MB alloc/reserved=69.9/854.0
2026-04-07 12:15:04 | INFO | [Round 8] Epoch 44/80 time=00:00.34 avg=00:00.37 ETA=00:13.38 | GPU MB alloc/reserved=69.9/854.0
2026-04-07 12:15:04 | INFO | [Round 8] epoch=45/80 loss=1.2516 acc=54.00 val_acc=nan data_t=0.0033s batch_t=0.0092s epoch_t=00:00.14 lr=0.000408 | GPU MB alloc/reserved=69.9/854.0
2026-04-07 12:15:04 | INFO | [Round 8] Epoch 45/80 time=00:00.14 avg=00:00.37 ETA=00:12.82 | GPU MB alloc/reserved=69.9/854.0
2026-04-07 12:15:04 | INFO | [Round 8] epoch=46/80 loss=1.2252 acc=51.23 val_acc=nan data_t=0.0030s batch_t=0.0337s epoch_t=00:00.40 lr=0.000389 | GPU MB alloc/reserved=69.9/854.0
2026-04-07 12:15:04 | INFO | [Round 8] Epoch 46/80 time=00:00.40 avg=00:00.37 ETA=00:12.48 | GPU MB alloc/reserved=69.9/854.0
2026-04-07 12:15:05 | INFO | [Round 8] epoch=47/80 loss=1.2173 acc=54.69 val_acc=nan data_t=0.0036s batch_t=0.0340s epoch_t=00:00.41 lr=0.000371 | GPU MB alloc/reserved=69.9/854.0
2026-04-07 12:15:05 | INFO | [Round 8] Epoch 47/80 time=00:00.41 avg=00:00.37 ETA=00:12.15 | GPU MB alloc/reserved=69.9/854.0
2026-04-07 12:15:05 | INFO | [Round 8] epoch=48/80 loss=1.2200 acc=54.85 val_acc=nan data_t=0.0025s batch_t=0.0338s epoch_t=00:00.40 lr=0.000352 | GPU MB alloc/reserved=69.9/854.0
2026-04-07 12:15:05 | INFO | [Round 8] Epoch 48/80 time=00:00.40 avg=00:00.37 ETA=00:11.80 | GPU MB alloc/reserved=69.9/854.0
2026-04-07 12:15:05 | INFO | [Round 8] epoch=49/80 loss=1.2311 acc=54.08 val_acc=nan data_t=0.0043s batch_t=0.0340s epoch_t=00:00.42 lr=0.000334 | GPU MB alloc/reserved=69.9/854.0
2026-04-07 12:15:05 | INFO | [Round 8] Epoch 49/80 time=00:00.42 avg=00:00.37 ETA=00:11.47 | GPU MB alloc/reserved=69.9/854.0
2026-04-07 12:15:06 | INFO | [Round 8] epoch=50/80 loss=1.2026 acc=53.92 val_acc=nan data_t=0.0035s batch_t=0.0340s epoch_t=00:00.41 lr=0.000316 | GPU MB alloc/reserved=69.9/854.0
2026-04-07 12:15:06 | INFO | [Round 8] Epoch 50/80 time=00:00.41 avg=00:00.37 ETA=00:11.12 | GPU MB alloc/reserved=69.9/854.0
2026-04-07 12:15:06 | INFO | [Round 8] epoch=51/80 loss=1.1909 acc=54.00 val_acc=nan data_t=0.0040s batch_t=0.0161s epoch_t=00:00.22 lr=0.000298 | GPU MB alloc/reserved=69.9/854.0
2026-04-07 12:15:06 | INFO | [Round 8] Epoch 51/80 time=00:00.22 avg=00:00.37 ETA=00:10.67 | GPU MB alloc/reserved=69.9/854.0
2026-04-07 12:15:06 | INFO | [Round 8] epoch=52/80 loss=1.1765 acc=55.38 val_acc=nan data_t=0.0039s batch_t=0.0229s epoch_t=00:00.29 lr=0.000280 | GPU MB alloc/reserved=69.9/854.0
2026-04-07 12:15:06 | INFO | [Round 8] Epoch 52/80 time=00:00.29 avg=00:00.37 ETA=00:10.26 | GPU MB alloc/reserved=69.9/854.0
2026-04-07 12:15:07 | INFO | [Round 8] epoch=53/80 loss=1.1880 acc=54.00 val_acc=nan data_t=0.0025s batch_t=0.0338s epoch_t=00:00.40 lr=0.000263 | GPU MB alloc/reserved=69.9/854.0
2026-04-07 12:15:07 | INFO | [Round 8] Epoch 53/80 time=00:00.40 avg=00:00.37 ETA=00:09.91 | GPU MB alloc/reserved=69.9/854.0
2026-04-07 12:15:07 | INFO | [Round 8] epoch=54/80 loss=1.1265 acc=57.77 val_acc=nan data_t=0.0025s batch_t=0.0338s epoch_t=00:00.40 lr=0.000246 | GPU MB alloc/reserved=69.9/854.0
2026-04-07 12:15:07 | INFO | [Round 8] Epoch 54/80 time=00:00.40 avg=00:00.37 ETA=00:09.56 | GPU MB alloc/reserved=69.9/854.0
2026-04-07 12:15:08 | INFO | [Round 8] epoch=55/80 loss=1.1593 acc=56.46 val_acc=nan data_t=0.0025s batch_t=0.0340s epoch_t=00:00.40 lr=0.000230 | GPU MB alloc/reserved=69.9/854.0
2026-04-07 12:15:08 | INFO | [Round 8] Epoch 55/80 time=00:00.40 avg=00:00.37 ETA=00:09.21 | GPU MB alloc/reserved=69.9/854.0
2026-04-07 12:15:08 | INFO | [Round 8] epoch=56/80 loss=1.1492 acc=56.77 val_acc=nan data_t=0.0025s batch_t=0.0339s epoch_t=00:00.40 lr=0.000214 | GPU MB alloc/reserved=69.9/854.0
2026-04-07 12:15:08 | INFO | [Round 8] Epoch 56/80 time=00:00.40 avg=00:00.37 ETA=00:08.85 | GPU MB alloc/reserved=69.9/854.0
2026-04-07 12:15:08 | INFO | [Round 8] epoch=57/80 loss=1.1206 acc=58.54 val_acc=nan data_t=0.0026s batch_t=0.0341s epoch_t=00:00.40 lr=0.000199 | GPU MB alloc/reserved=69.9/854.0
2026-04-07 12:15:08 | INFO | [Round 8] Epoch 57/80 time=00:00.40 avg=00:00.37 ETA=00:08.50 | GPU MB alloc/reserved=69.9/854.0
2026-04-07 12:15:09 | INFO | [Round 8] epoch=58/80 loss=1.1325 acc=57.46 val_acc=nan data_t=0.0039s batch_t=0.0096s epoch_t=00:00.15 lr=0.000184 | GPU MB alloc/reserved=69.9/854.0
2026-04-07 12:15:09 | INFO | [Round 8] Epoch 58/80 time=00:00.15 avg=00:00.37 ETA=00:08.04 | GPU MB alloc/reserved=69.9/854.0
2026-04-07 12:15:09 | INFO | [Round 8] epoch=59/80 loss=1.1360 acc=57.00 val_acc=nan data_t=0.0039s batch_t=0.0338s epoch_t=00:00.42 lr=0.000169 | GPU MB alloc/reserved=69.9/854.0
2026-04-07 12:15:09 | INFO | [Round 8] Epoch 59/80 time=00:00.42 avg=00:00.37 ETA=00:07.70 | GPU MB alloc/reserved=69.9/854.0
2026-04-07 12:15:09 | INFO | [Round 8] epoch=60/80 loss=1.1414 acc=56.85 val_acc=nan data_t=0.0026s batch_t=0.0339s epoch_t=00:00.40 lr=0.000155 | GPU MB alloc/reserved=69.9/854.0
2026-04-07 12:15:09 | INFO | [Round 8] Epoch 60/80 time=00:00.40 avg=00:00.37 ETA=00:07.34 | GPU MB alloc/reserved=69.9/854.0
2026-04-07 12:15:10 | INFO | [Round 8] epoch=61/80 loss=1.1142 acc=57.92 val_acc=nan data_t=0.0041s batch_t=0.0339s epoch_t=00:00.42 lr=0.000142 | GPU MB alloc/reserved=69.9/854.0
2026-04-07 12:15:10 | INFO | [Round 8] Epoch 61/80 time=00:00.42 avg=00:00.37 ETA=00:06.99 | GPU MB alloc/reserved=69.9/854.0
2026-04-07 12:15:10 | INFO | [Round 8] epoch=62/80 loss=1.0941 acc=58.54 val_acc=nan data_t=0.0026s batch_t=0.0340s epoch_t=00:00.40 lr=0.000129 | GPU MB alloc/reserved=69.9/854.0
2026-04-07 12:15:10 | INFO | [Round 8] Epoch 62/80 time=00:00.40 avg=00:00.37 ETA=00:06.63 | GPU MB alloc/reserved=69.9/854.0
2026-04-07 12:15:11 | INFO | [Round 8] epoch=63/80 loss=1.1237 acc=56.85 val_acc=nan data_t=0.0038s batch_t=0.0339s epoch_t=00:00.41 lr=0.000116 | GPU MB alloc/reserved=69.9/854.0
2026-04-07 12:15:11 | INFO | [Round 8] Epoch 63/80 time=00:00.41 avg=00:00.37 ETA=00:06.28 | GPU MB alloc/reserved=69.9/854.0
2026-04-07 12:15:11 | INFO | [Round 8] epoch=64/80 loss=1.0932 acc=57.31 val_acc=nan data_t=0.0037s batch_t=0.0176s epoch_t=00:00.23 lr=0.000105 | GPU MB alloc/reserved=69.9/854.0
2026-04-07 12:15:11 | INFO | [Round 8] Epoch 64/80 time=00:00.23 avg=00:00.37 ETA=00:05.87 | GPU MB alloc/reserved=69.9/854.0
2026-04-07 12:15:11 | INFO | [Round 8] epoch=65/80 loss=1.0765 acc=58.15 val_acc=nan data_t=0.0029s batch_t=0.0177s epoch_t=00:00.23 lr=0.000093 | GPU MB alloc/reserved=69.9/854.0
2026-04-07 12:15:11 | INFO | [Round 8] Epoch 65/80 time=00:00.23 avg=00:00.36 ETA=00:05.47 | GPU MB alloc/reserved=69.9/854.0
2026-04-07 12:15:11 | INFO | [Round 8] epoch=66/80 loss=1.1031 acc=58.77 val_acc=nan data_t=0.0024s batch_t=0.0339s epoch_t=00:00.40 lr=0.000083 | GPU MB alloc/reserved=69.9/854.0
2026-04-07 12:15:11 | INFO | [Round 8] Epoch 66/80 time=00:00.40 avg=00:00.37 ETA=00:05.12 | GPU MB alloc/reserved=69.9/854.0
2026-04-07 12:15:12 | INFO | [Round 8] epoch=67/80 loss=1.0839 acc=57.62 val_acc=nan data_t=0.0041s batch_t=0.0339s epoch_t=00:00.42 lr=0.000073 | GPU MB alloc/reserved=69.9/854.0
2026-04-07 12:15:12 | INFO | [Round 8] Epoch 67/80 time=00:00.42 avg=00:00.37 ETA=00:04.76 | GPU MB alloc/reserved=69.9/854.0
2026-04-07 12:15:12 | INFO | [Round 8] epoch=68/80 loss=1.0982 acc=58.92 val_acc=nan data_t=0.0036s batch_t=0.0339s epoch_t=00:00.41 lr=0.000064 | GPU MB alloc/reserved=69.9/854.0
2026-04-07 12:15:12 | INFO | [Round 8] Epoch 68/80 time=00:00.41 avg=00:00.37 ETA=00:04.40 | GPU MB alloc/reserved=69.9/854.0
2026-04-07 12:15:13 | INFO | [Round 8] epoch=69/80 loss=1.0752 acc=59.92 val_acc=nan data_t=0.0025s batch_t=0.0338s epoch_t=00:00.40 lr=0.000055 | GPU MB alloc/reserved=69.9/854.0
2026-04-07 12:15:13 | INFO | [Round 8] Epoch 69/80 time=00:00.40 avg=00:00.37 ETA=00:04.04 | GPU MB alloc/reserved=69.9/854.0
2026-04-07 12:15:13 | INFO | [Round 8] epoch=70/80 loss=1.0648 acc=60.08 val_acc=nan data_t=0.0029s batch_t=0.0339s epoch_t=00:00.40 lr=0.000048 | GPU MB alloc/reserved=69.9/854.0
2026-04-07 12:15:13 | INFO | [Round 8] Epoch 70/80 time=00:00.40 avg=00:00.37 ETA=00:03.68 | GPU MB alloc/reserved=69.9/854.0
2026-04-07 12:15:13 | INFO | [Round 8] epoch=71/80 loss=1.0628 acc=60.00 val_acc=nan data_t=0.0030s batch_t=0.0093s epoch_t=00:00.14 lr=0.000041 | GPU MB alloc/reserved=69.9/854.0
2026-04-07 12:15:13 | INFO | [Round 8] Epoch 71/80 time=00:00.14 avg=00:00.36 ETA=00:03.28 | GPU MB alloc/reserved=69.9/854.0
2026-04-07 12:15:14 | INFO | [Round 8] epoch=72/80 loss=1.0777 acc=59.92 val_acc=nan data_t=0.0030s batch_t=0.0270s epoch_t=00:00.33 lr=0.000034 | GPU MB alloc/reserved=69.9/854.0
2026-04-07 12:15:14 | INFO | [Round 8] Epoch 72/80 time=00:00.33 avg=00:00.36 ETA=00:02.91 | GPU MB alloc/reserved=69.9/854.0
2026-04-07 12:15:14 | INFO | [Round 8] epoch=73/80 loss=1.0472 acc=59.92 val_acc=nan data_t=0.0040s batch_t=0.0340s epoch_t=00:00.42 lr=0.000029 | GPU MB alloc/reserved=69.9/854.0
2026-04-07 12:15:14 | INFO | [Round 8] Epoch 73/80 time=00:00.42 avg=00:00.36 ETA=00:02.55 | GPU MB alloc/reserved=69.9/854.0
2026-04-07 12:15:14 | INFO | [Round 8] epoch=74/80 loss=1.0726 acc=59.08 val_acc=nan data_t=0.0046s batch_t=0.0340s epoch_t=00:00.42 lr=0.000024 | GPU MB alloc/reserved=69.9/854.0
2026-04-07 12:15:14 | INFO | [Round 8] Epoch 74/80 time=00:00.42 avg=00:00.37 ETA=00:02.19 | GPU MB alloc/reserved=69.9/854.0
2026-04-07 12:15:15 | INFO | [Round 8] epoch=75/80 loss=1.0312 acc=60.69 val_acc=nan data_t=0.0040s batch_t=0.0340s epoch_t=00:00.42 lr=0.000020 | GPU MB alloc/reserved=69.9/854.0
2026-04-07 12:15:15 | INFO | [Round 8] Epoch 75/80 time=00:00.42 avg=00:00.37 ETA=00:01.83 | GPU MB alloc/reserved=69.9/854.0
2026-04-07 12:15:15 | INFO | [Round 8] epoch=76/80 loss=1.0311 acc=60.54 val_acc=nan data_t=0.0034s batch_t=0.0339s epoch_t=00:00.41 lr=0.000016 | GPU MB alloc/reserved=69.9/854.0
2026-04-07 12:15:15 | INFO | [Round 8] Epoch 76/80 time=00:00.41 avg=00:00.37 ETA=00:01.47 | GPU MB alloc/reserved=69.9/854.0
2026-04-07 12:15:16 | INFO | [Round 8] epoch=77/80 loss=1.0318 acc=60.23 val_acc=nan data_t=0.0023s batch_t=0.0250s epoch_t=00:00.30 lr=0.000013 | GPU MB alloc/reserved=69.9/854.0
2026-04-07 12:15:16 | INFO | [Round 8] Epoch 77/80 time=00:00.30 avg=00:00.37 ETA=00:01.10 | GPU MB alloc/reserved=69.9/854.0
2026-04-07 12:15:16 | INFO | [Round 8] epoch=78/80 loss=1.0609 acc=58.62 val_acc=nan data_t=0.0039s batch_t=0.0193s epoch_t=00:00.26 lr=0.000012 | GPU MB alloc/reserved=69.9/854.0
2026-04-07 12:15:16 | INFO | [Round 8] Epoch 78/80 time=00:00.26 avg=00:00.36 ETA=00:00.73 | GPU MB alloc/reserved=69.9/854.0
2026-04-07 12:15:16 | INFO | [Round 8] epoch=79/80 loss=1.0752 acc=59.23 val_acc=nan data_t=0.0037s batch_t=0.0339s epoch_t=00:00.41 lr=0.000010 | GPU MB alloc/reserved=69.9/854.0
2026-04-07 12:15:16 | INFO | [Round 8] Epoch 79/80 time=00:00.41 avg=00:00.37 ETA=00:00.37 | GPU MB alloc/reserved=69.9/854.0
2026-04-07 12:15:17 | INFO | [Round 8] epoch=80/80 loss=1.0380 acc=60.08 val_acc=nan data_t=0.0036s batch_t=0.0340s epoch_t=00:00.41 lr=0.000010 | GPU MB alloc/reserved=69.9/854.0
2026-04-07 12:15:17 | INFO | [Round 8] Epoch 80/80 time=00:00.41 avg=00:00.37 ETA=00:00.00 | GPU MB alloc/reserved=69.9/854.0
2026-04-07 12:15:17 | INFO | [Round 8] training complete in 00:29.38 (best monitor=60.692) | GPU MB alloc/reserved=69.9/854.0
2026-04-07 12:15:17 | INFO | [Round 8] evaluation started | GPU MB alloc/reserved=52.0/854.0
2026-04-07 12:15:19 | INFO | [Round 8] clean=50.52 fgsm=42.19 pgd=42.06 grad_disp_mean=nan grad_disp_sel=nan round_t=32.93s | GPU MB alloc/reserved=52.0/854.0
2026-04-07 12:15:19 | INFO | [Round 9/21] elapsed=00:32.93 avg_round=00:25.78 projected_remaining=05:09.40 | GPU MB alloc/reserved=52.0/854.0
2026-04-07 12:15:20 | INFO | [Round 9] acquisition on pool_size=48700 scored_pool=5000 budget=100 | GPU MB alloc/reserved=34.1/854.0
2026-04-07 12:15:20 | INFO | [CoreSet-unlabeled-feat] scoring progress 10/20 elapsed=00:00.22 avg/batch=0.022s ETA=00:00.22 | GPU MB alloc/reserved=40.6/854.0
2026-04-07 12:15:20 | INFO | [CoreSet-unlabeled-feat] scoring progress 20/20 elapsed=00:00.26 avg/batch=0.013s ETA=00:00.00 | GPU MB alloc/reserved=40.6/854.0
2026-04-07 12:15:20 | INFO | [CoreSet-labeled-feat] scoring progress 6/6 elapsed=00:00.20 avg/batch=0.034s ETA=00:00.00 | GPU MB alloc/reserved=40.5/854.0
2026-04-07 12:15:21 | INFO | [CoreSet] greedy 10/100 cover_radius=23.897497 | GPU: n/a
2026-04-07 12:15:21 | INFO | [CoreSet] greedy 20/100 cover_radius=22.792683 | GPU: n/a
2026-04-07 12:15:21 | INFO | [CoreSet] greedy 30/100 cover_radius=22.243536 | GPU: n/a
2026-04-07 12:15:21 | INFO | [CoreSet] greedy 40/100 cover_radius=21.631136 | GPU: n/a
2026-04-07 12:15:21 | INFO | [CoreSet] greedy 50/100 cover_radius=21.330465 | GPU: n/a
2026-04-07 12:15:21 | INFO | [CoreSet] greedy 60/100 cover_radius=21.012896 | GPU: n/a
2026-04-07 12:15:21 | INFO | [CoreSet] greedy 70/100 cover_radius=20.722019 | GPU: n/a
2026-04-07 12:15:21 | INFO | [CoreSet] greedy 80/100 cover_radius=20.456478 | GPU: n/a
2026-04-07 12:15:21 | INFO | [CoreSet] greedy 90/100 cover_radius=20.239683 | GPU: n/a
2026-04-07 12:15:21 | INFO | [CoreSet] greedy 100/100 cover_radius=20.013729 | GPU: n/a
2026-04-07 12:15:21 | INFO | [Round 9] labeled=1400 train=1400 val_fixed=0 | GPU MB alloc/reserved=43.1/854.0
2026-04-07 12:15:22 | INFO | [Round 9] epoch=1/80 loss=5.3891 acc=14.00 val_acc=nan data_t=0.0167s batch_t=0.0302s epoch_t=00:00.52 lr=0.001000 | GPU MB alloc/reserved=69.9/854.0
2026-04-07 12:15:22 | INFO | [Round 9] Epoch 1/80 time=00:00.52 avg=00:00.52 ETA=00:40.78 | GPU MB alloc/reserved=69.9/854.0
2026-04-07 12:15:22 | INFO | [Round 9] epoch=2/80 loss=2.2589 acc=18.71 val_acc=nan data_t=0.0031s batch_t=0.0272s epoch_t=00:00.33 lr=0.000998 | GPU MB alloc/reserved=69.9/854.0
2026-04-07 12:15:22 | INFO | [Round 9] Epoch 2/80 time=00:00.33 avg=00:00.43 ETA=00:33.15 | GPU MB alloc/reserved=69.9/854.0
2026-04-07 12:15:23 | INFO | [Round 9] epoch=3/80 loss=2.1070 acc=24.50 val_acc=nan data_t=0.0038s batch_t=0.0265s epoch_t=00:00.33 lr=0.000997 | GPU MB alloc/reserved=69.9/854.0
2026-04-07 12:15:23 | INFO | [Round 9] Epoch 3/80 time=00:00.33 avg=00:00.39 ETA=00:30.36 | GPU MB alloc/reserved=69.9/854.0
2026-04-07 12:15:23 | INFO | [Round 9] epoch=4/80 loss=2.0102 acc=27.86 val_acc=nan data_t=0.0041s batch_t=0.0283s epoch_t=00:00.36 lr=0.000994 | GPU MB alloc/reserved=69.9/854.0
2026-04-07 12:15:23 | INFO | [Round 9] Epoch 4/80 time=00:00.36 avg=00:00.38 ETA=00:29.25 | GPU MB alloc/reserved=69.9/854.0
2026-04-07 12:15:23 | INFO | [Round 9] epoch=5/80 loss=1.9782 acc=27.93 val_acc=nan data_t=0.0047s batch_t=0.0281s epoch_t=00:00.36 lr=0.000990 | GPU MB alloc/reserved=69.9/854.0
2026-04-07 12:15:23 | INFO | [Round 9] Epoch 5/80 time=00:00.36 avg=00:00.38 ETA=00:28.52 | GPU MB alloc/reserved=69.9/854.0
2026-04-07 12:15:24 | INFO | [Round 9] epoch=6/80 loss=1.9230 acc=30.14 val_acc=nan data_t=0.0036s batch_t=0.0283s epoch_t=00:00.35 lr=0.000986 | GPU MB alloc/reserved=69.9/854.0
2026-04-07 12:15:24 | INFO | [Round 9] Epoch 6/80 time=00:00.35 avg=00:00.38 ETA=00:27.77 | GPU MB alloc/reserved=69.9/854.0
2026-04-07 12:15:24 | INFO | [Round 9] epoch=7/80 loss=1.8757 acc=32.43 val_acc=nan data_t=0.0043s batch_t=0.0278s epoch_t=00:00.35 lr=0.000981 | GPU MB alloc/reserved=69.9/854.0
2026-04-07 12:15:24 | INFO | [Round 9] Epoch 7/80 time=00:00.35 avg=00:00.37 ETA=00:27.17 | GPU MB alloc/reserved=69.9/854.0
2026-04-07 12:15:24 | INFO | [Round 9] epoch=8/80 loss=1.8384 acc=34.21 val_acc=nan data_t=0.0025s batch_t=0.0095s epoch_t=00:00.13 lr=0.000976 | GPU MB alloc/reserved=69.9/854.0
2026-04-07 12:15:24 | INFO | [Round 9] Epoch 8/80 time=00:00.13 avg=00:00.34 ETA=00:24.64 | GPU MB alloc/reserved=69.9/854.0
2026-04-07 12:15:24 | INFO | [Round 9] epoch=9/80 loss=1.8025 acc=34.57 val_acc=nan data_t=0.0032s batch_t=0.0303s epoch_t=00:00.37 lr=0.000969 | GPU MB alloc/reserved=69.9/854.0
2026-04-07 12:15:24 | INFO | [Round 9] Epoch 9/80 time=00:00.37 avg=00:00.35 ETA=00:24.51 | GPU MB alloc/reserved=69.9/854.0
2026-04-07 12:15:25 | INFO | [Round 9] epoch=10/80 loss=1.7457 acc=37.57 val_acc=nan data_t=0.0037s batch_t=0.0344s epoch_t=00:00.42 lr=0.000962 | GPU MB alloc/reserved=69.9/854.0
2026-04-07 12:15:25 | INFO | [Round 9] Epoch 10/80 time=00:00.42 avg=00:00.35 ETA=00:24.68 | GPU MB alloc/reserved=69.9/854.0
2026-04-07 12:15:25 | INFO | [Round 9] epoch=11/80 loss=1.7235 acc=37.07 val_acc=nan data_t=0.0041s batch_t=0.0344s epoch_t=00:00.42 lr=0.000955 | GPU MB alloc/reserved=69.9/854.0
2026-04-07 12:15:25 | INFO | [Round 9] Epoch 11/80 time=00:00.42 avg=00:00.36 ETA=00:24.77 | GPU MB alloc/reserved=69.9/854.0
2026-04-07 12:15:26 | INFO | [Round 9] epoch=12/80 loss=1.6950 acc=37.64 val_acc=nan data_t=0.0035s batch_t=0.0342s epoch_t=00:00.42 lr=0.000946 | GPU MB alloc/reserved=69.9/854.0
2026-04-07 12:15:26 | INFO | [Round 9] Epoch 12/80 time=00:00.42 avg=00:00.36 ETA=00:24.73 | GPU MB alloc/reserved=69.9/854.0
2026-04-07 12:15:26 | INFO | [Round 9] epoch=13/80 loss=1.6333 acc=39.50 val_acc=nan data_t=0.0038s batch_t=0.0343s epoch_t=00:00.42 lr=0.000937 | GPU MB alloc/reserved=69.9/854.0
2026-04-07 12:15:26 | INFO | [Round 9] Epoch 13/80 time=00:00.42 avg=00:00.37 ETA=00:24.65 | GPU MB alloc/reserved=69.9/854.0
2026-04-07 12:15:26 | INFO | [Round 9] epoch=14/80 loss=1.6228 acc=40.86 val_acc=nan data_t=0.0038s batch_t=0.0219s epoch_t=00:00.28 lr=0.000927 | GPU MB alloc/reserved=69.9/854.0
2026-04-07 12:15:26 | INFO | [Round 9] Epoch 14/80 time=00:00.28 avg=00:00.36 ETA=00:23.88 | GPU MB alloc/reserved=69.9/854.0
2026-04-07 12:15:27 | INFO | [Round 9] epoch=15/80 loss=1.5924 acc=41.36 val_acc=nan data_t=0.0048s batch_t=0.0269s epoch_t=00:00.35 lr=0.000917 | GPU MB alloc/reserved=69.9/854.0
2026-04-07 12:15:27 | INFO | [Round 9] Epoch 15/80 time=00:00.35 avg=00:00.36 ETA=00:23.46 | GPU MB alloc/reserved=69.9/854.0
2026-04-07 12:15:27 | INFO | [Round 9] epoch=16/80 loss=1.5822 acc=42.50 val_acc=nan data_t=0.0036s batch_t=0.0343s epoch_t=00:00.42 lr=0.000905 | GPU MB alloc/reserved=69.9/854.0
2026-04-07 12:15:27 | INFO | [Round 9] Epoch 16/80 time=00:00.42 avg=00:00.36 ETA=00:23.33 | GPU MB alloc/reserved=69.9/854.0
2026-04-07 12:15:28 | INFO | [Round 9] epoch=17/80 loss=1.5434 acc=43.50 val_acc=nan data_t=0.0038s batch_t=0.0343s epoch_t=00:00.42 lr=0.000894 | GPU MB alloc/reserved=69.9/854.0
2026-04-07 12:15:28 | INFO | [Round 9] Epoch 17/80 time=00:00.42 avg=00:00.37 ETA=00:23.16 | GPU MB alloc/reserved=69.9/854.0
2026-04-07 12:15:28 | INFO | [Round 9] epoch=18/80 loss=1.5284 acc=43.64 val_acc=nan data_t=0.0038s batch_t=0.0343s epoch_t=00:00.42 lr=0.000881 | GPU MB alloc/reserved=69.9/854.0
2026-04-07 12:15:28 | INFO | [Round 9] Epoch 18/80 time=00:00.42 avg=00:00.37 ETA=00:22.97 | GPU MB alloc/reserved=69.9/854.0
2026-04-07 12:15:28 | INFO | [Round 9] epoch=19/80 loss=1.5141 acc=42.86 val_acc=nan data_t=0.0037s batch_t=0.0344s epoch_t=00:00.42 lr=0.000868 | GPU MB alloc/reserved=69.9/854.0
2026-04-07 12:15:28 | INFO | [Round 9] Epoch 19/80 time=00:00.42 avg=00:00.37 ETA=00:22.76 | GPU MB alloc/reserved=69.9/854.0
2026-04-07 12:15:29 | INFO | [Round 9] epoch=20/80 loss=1.4830 acc=45.64 val_acc=nan data_t=0.0028s batch_t=0.0285s epoch_t=00:00.34 lr=0.000855 | GPU MB alloc/reserved=69.9/854.0
2026-04-07 12:15:29 | INFO | [Round 9] Epoch 20/80 time=00:00.34 avg=00:00.37 ETA=00:22.30 | GPU MB alloc/reserved=69.9/854.0
2026-04-07 12:15:29 | INFO | [Round 9] epoch=21/80 loss=1.4811 acc=46.57 val_acc=nan data_t=0.0038s batch_t=0.0100s epoch_t=00:00.15 lr=0.000841 | GPU MB alloc/reserved=69.9/854.0
2026-04-07 12:15:29 | INFO | [Round 9] Epoch 21/80 time=00:00.15 avg=00:00.36 ETA=00:21.31 | GPU MB alloc/reserved=69.9/854.0
2026-04-07 12:15:29 | INFO | [Round 9] epoch=22/80 loss=1.4860 acc=45.64 val_acc=nan data_t=0.0024s batch_t=0.0342s epoch_t=00:00.40 lr=0.000826 | GPU MB alloc/reserved=69.9/854.0
2026-04-07 12:15:29 | INFO | [Round 9] Epoch 22/80 time=00:00.40 avg=00:00.36 ETA=00:21.06 | GPU MB alloc/reserved=69.9/854.0
2026-04-07 12:15:30 | INFO | [Round 9] epoch=23/80 loss=1.4540 acc=44.14 val_acc=nan data_t=0.0036s batch_t=0.0344s epoch_t=00:00.42 lr=0.000811 | GPU MB alloc/reserved=69.9/854.0
2026-04-07 12:15:30 | INFO | [Round 9] Epoch 23/80 time=00:00.42 avg=00:00.37 ETA=00:20.83 | GPU MB alloc/reserved=69.9/854.0
2026-04-07 12:15:30 | INFO | [Round 9] epoch=24/80 loss=1.3863 acc=49.79 val_acc=nan data_t=0.0037s batch_t=0.0343s epoch_t=00:00.42 lr=0.000796 | GPU MB alloc/reserved=69.9/854.0
2026-04-07 12:15:30 | INFO | [Round 9] Epoch 24/80 time=00:00.42 avg=00:00.37 ETA=00:20.59 | GPU MB alloc/reserved=69.9/854.0
2026-04-07 12:15:31 | INFO | [Round 9] epoch=25/80 loss=1.3856 acc=48.57 val_acc=nan data_t=0.0026s batch_t=0.0343s epoch_t=00:00.41 lr=0.000780 | GPU MB alloc/reserved=69.9/854.0
2026-04-07 12:15:31 | INFO | [Round 9] Epoch 25/80 time=00:00.41 avg=00:00.37 ETA=00:20.31 | GPU MB alloc/reserved=69.9/854.0
2026-04-07 12:15:31 | INFO | [Round 9] epoch=26/80 loss=1.3666 acc=48.71 val_acc=nan data_t=0.0037s batch_t=0.0343s epoch_t=00:00.42 lr=0.000764 | GPU MB alloc/reserved=69.9/854.0
2026-04-07 12:15:31 | INFO | [Round 9] Epoch 26/80 time=00:00.42 avg=00:00.37 ETA=00:20.04 | GPU MB alloc/reserved=69.9/854.0
2026-04-07 12:15:31 | INFO | [Round 9] epoch=27/80 loss=1.3384 acc=50.00 val_acc=nan data_t=0.0032s batch_t=0.0168s epoch_t=00:00.22 lr=0.000747 | GPU MB alloc/reserved=69.9/854.0
2026-04-07 12:15:31 | INFO | [Round 9] Epoch 27/80 time=00:00.22 avg=00:00.37 ETA=00:19.37 | GPU MB alloc/reserved=69.9/854.0
2026-04-07 12:15:31 | INFO | [Round 9] epoch=28/80 loss=1.3047 acc=52.29 val_acc=nan data_t=0.0034s batch_t=0.0100s epoch_t=00:00.15 lr=0.000730 | GPU MB alloc/reserved=69.9/854.0
2026-04-07 12:15:31 | INFO | [Round 9] Epoch 28/80 time=00:00.15 avg=00:00.36 ETA=00:18.60 | GPU MB alloc/reserved=69.9/854.0
2026-04-07 12:15:32 | INFO | [Round 9] epoch=29/80 loss=1.3031 acc=52.00 val_acc=nan data_t=0.0029s batch_t=0.0342s epoch_t=00:00.41 lr=0.000712 | GPU MB alloc/reserved=69.9/854.0
2026-04-07 12:15:32 | INFO | [Round 9] Epoch 29/80 time=00:00.41 avg=00:00.36 ETA=00:18.34 | GPU MB alloc/reserved=69.9/854.0
2026-04-07 12:15:32 | INFO | [Round 9] epoch=30/80 loss=1.3001 acc=51.14 val_acc=nan data_t=0.0038s batch_t=0.0344s epoch_t=00:00.42 lr=0.000694 | GPU MB alloc/reserved=69.9/854.0
2026-04-07 12:15:32 | INFO | [Round 9] Epoch 30/80 time=00:00.42 avg=00:00.36 ETA=00:18.08 | GPU MB alloc/reserved=69.9/854.0
2026-04-07 12:15:33 | INFO | [Round 9] epoch=31/80 loss=1.3035 acc=52.29 val_acc=nan data_t=0.0033s batch_t=0.0343s epoch_t=00:00.41 lr=0.000676 | GPU MB alloc/reserved=69.9/854.0
2026-04-07 12:15:33 | INFO | [Round 9] Epoch 31/80 time=00:00.41 avg=00:00.36 ETA=00:17.80 | GPU MB alloc/reserved=69.9/854.0
2026-04-07 12:15:33 | INFO | [Round 9] epoch=32/80 loss=1.2517 acc=52.43 val_acc=nan data_t=0.0042s batch_t=0.0343s epoch_t=00:00.42 lr=0.000658 | GPU MB alloc/reserved=69.9/854.0
2026-04-07 12:15:33 | INFO | [Round 9] Epoch 32/80 time=00:00.42 avg=00:00.37 ETA=00:17.53 | GPU MB alloc/reserved=69.9/854.0
2026-04-07 12:15:33 | INFO | [Round 9] epoch=33/80 loss=1.2703 acc=53.43 val_acc=nan data_t=0.0035s batch_t=0.0343s epoch_t=00:00.42 lr=0.000639 | GPU MB alloc/reserved=69.9/854.0
2026-04-07 12:15:33 | INFO | [Round 9] Epoch 33/80 time=00:00.42 avg=00:00.37 ETA=00:17.23 | GPU MB alloc/reserved=69.9/854.0
2026-04-07 12:15:34 | INFO | [Round 9] epoch=34/80 loss=1.2358 acc=53.71 val_acc=nan data_t=0.0041s batch_t=0.0174s epoch_t=00:00.24 lr=0.000621 | GPU MB alloc/reserved=69.9/854.0
2026-04-07 12:15:34 | INFO | [Round 9] Epoch 34/80 time=00:00.24 avg=00:00.36 ETA=00:16.69 | GPU MB alloc/reserved=69.9/854.0
2026-04-07 12:15:34 | INFO | [Round 9] epoch=35/80 loss=1.2260 acc=54.07 val_acc=nan data_t=0.0042s batch_t=0.0254s epoch_t=00:00.33 lr=0.000602 | GPU MB alloc/reserved=69.9/854.0
2026-04-07 12:15:34 | INFO | [Round 9] Epoch 35/80 time=00:00.33 avg=00:00.36 ETA=00:16.28 | GPU MB alloc/reserved=69.9/854.0
2026-04-07 12:15:34 | INFO | [Round 9] epoch=36/80 loss=1.2195 acc=54.29 val_acc=nan data_t=0.0044s batch_t=0.0343s epoch_t=00:00.43 lr=0.000582 | GPU MB alloc/reserved=69.9/854.0
2026-04-07 12:15:34 | INFO | [Round 9] Epoch 36/80 time=00:00.43 avg=00:00.36 ETA=00:16.00 | GPU MB alloc/reserved=69.9/854.0
2026-04-07 12:15:35 | INFO | [Round 9] epoch=37/80 loss=1.1725 acc=56.14 val_acc=nan data_t=0.0042s batch_t=0.0343s epoch_t=00:00.42 lr=0.000563 | GPU MB alloc/reserved=69.9/854.0
2026-04-07 12:15:35 | INFO | [Round 9] Epoch 37/80 time=00:00.42 avg=00:00.37 ETA=00:15.70 | GPU MB alloc/reserved=69.9/854.0
2026-04-07 12:15:35 | INFO | [Round 9] epoch=38/80 loss=1.1825 acc=55.86 val_acc=nan data_t=0.0043s batch_t=0.0344s epoch_t=00:00.43 lr=0.000544 | GPU MB alloc/reserved=69.9/854.0
2026-04-07 12:15:35 | INFO | [Round 9] Epoch 38/80 time=00:00.43 avg=00:00.37 ETA=00:15.40 | GPU MB alloc/reserved=69.9/854.0
2026-04-07 12:15:36 | INFO | [Round 9] epoch=39/80 loss=1.1554 acc=58.86 val_acc=nan data_t=0.0038s batch_t=0.0344s epoch_t=00:00.42 lr=0.000524 | GPU MB alloc/reserved=69.9/854.0
2026-04-07 12:15:36 | INFO | [Round 9] Epoch 39/80 time=00:00.42 avg=00:00.37 ETA=00:15.09 | GPU MB alloc/reserved=69.9/854.0
2026-04-07 12:15:36 | INFO | [Round 9] epoch=40/80 loss=1.1247 acc=59.14 val_acc=nan data_t=0.0043s batch_t=0.0266s epoch_t=00:00.34 lr=0.000505 | GPU MB alloc/reserved=69.9/854.0
2026-04-07 12:15:36 | INFO | [Round 9] Epoch 40/80 time=00:00.34 avg=00:00.37 ETA=00:14.70 | GPU MB alloc/reserved=69.9/854.0
2026-04-07 12:15:36 | INFO | [Round 9] epoch=41/80 loss=1.1099 acc=59.36 val_acc=nan data_t=0.0041s batch_t=0.0146s epoch_t=00:00.21 lr=0.000486 | GPU MB alloc/reserved=69.9/854.0
2026-04-07 12:15:36 | INFO | [Round 9] Epoch 41/80 time=00:00.21 avg=00:00.36 ETA=00:14.18 | GPU MB alloc/reserved=69.9/854.0
2026-04-07 12:15:37 | INFO | [Round 9] epoch=42/80 loss=1.1003 acc=60.29 val_acc=nan data_t=0.0027s batch_t=0.0342s epoch_t=00:00.41 lr=0.000466 | GPU MB alloc/reserved=69.9/854.0
2026-04-07 12:15:37 | INFO | [Round 9] Epoch 42/80 time=00:00.41 avg=00:00.36 ETA=00:13.85 | GPU MB alloc/reserved=69.9/854.0
2026-04-07 12:15:37 | INFO | [Round 9] epoch=43/80 loss=1.0764 acc=59.79 val_acc=nan data_t=0.0033s batch_t=0.0342s epoch_t=00:00.41 lr=0.000447 | GPU MB alloc/reserved=69.9/854.0
2026-04-07 12:15:37 | INFO | [Round 9] Epoch 43/80 time=00:00.41 avg=00:00.37 ETA=00:13.53 | GPU MB alloc/reserved=69.9/854.0
2026-04-07 12:15:38 | INFO | [Round 9] epoch=44/80 loss=1.0784 acc=59.36 val_acc=nan data_t=0.0024s batch_t=0.0342s epoch_t=00:00.40 lr=0.000428 | GPU MB alloc/reserved=69.9/854.0
2026-04-07 12:15:38 | INFO | [Round 9] Epoch 44/80 time=00:00.40 avg=00:00.37 ETA=00:13.19 | GPU MB alloc/reserved=69.9/854.0
2026-04-07 12:15:38 | INFO | [Round 9] epoch=45/80 loss=1.0728 acc=60.00 val_acc=nan data_t=0.0036s batch_t=0.0344s epoch_t=00:00.42 lr=0.000408 | GPU MB alloc/reserved=69.9/854.0
2026-04-07 12:15:38 | INFO | [Round 9] Epoch 45/80 time=00:00.42 avg=00:00.37 ETA=00:12.87 | GPU MB alloc/reserved=69.9/854.0
2026-04-07 12:15:38 | INFO | [Round 9] epoch=46/80 loss=1.0406 acc=61.86 val_acc=nan data_t=0.0036s batch_t=0.0344s epoch_t=00:00.42 lr=0.000389 | GPU MB alloc/reserved=69.9/854.0
2026-04-07 12:15:38 | INFO | [Round 9] Epoch 46/80 time=00:00.42 avg=00:00.37 ETA=00:12.54 | GPU MB alloc/reserved=69.9/854.0
2026-04-07 12:15:39 | INFO | [Round 9] epoch=47/80 loss=1.0484 acc=60.21 val_acc=nan data_t=0.0024s batch_t=0.0155s epoch_t=00:00.20 lr=0.000371 | GPU MB alloc/reserved=69.9/854.0
2026-04-07 12:15:39 | INFO | [Round 9] Epoch 47/80 time=00:00.20 avg=00:00.37 ETA=00:12.05 | GPU MB alloc/reserved=69.9/854.0
2026-04-07 12:15:39 | INFO | [Round 9] epoch=48/80 loss=1.0600 acc=61.43 val_acc=nan data_t=0.0048s batch_t=0.0247s epoch_t=00:00.32 lr=0.000352 | GPU MB alloc/reserved=69.9/854.0
2026-04-07 12:15:39 | INFO | [Round 9] Epoch 48/80 time=00:00.32 avg=00:00.36 ETA=00:11.66 | GPU MB alloc/reserved=69.9/854.0
2026-04-07 12:15:39 | INFO | [Round 9] epoch=49/80 loss=1.0189 acc=63.07 val_acc=nan data_t=0.0035s batch_t=0.0342s epoch_t=00:00.42 lr=0.000334 | GPU MB alloc/reserved=69.9/854.0
2026-04-07 12:15:39 | INFO | [Round 9] Epoch 49/80 time=00:00.42 avg=00:00.37 ETA=00:11.32 | GPU MB alloc/reserved=69.9/854.0
2026-04-07 12:15:40 | INFO | [Round 9] epoch=50/80 loss=1.0132 acc=63.07 val_acc=nan data_t=0.0037s batch_t=0.0343s epoch_t=00:00.42 lr=0.000316 | GPU MB alloc/reserved=69.9/854.0
2026-04-07 12:15:40 | INFO | [Round 9] Epoch 50/80 time=00:00.42 avg=00:00.37 ETA=00:10.99 | GPU MB alloc/reserved=69.9/854.0
2026-04-07 12:15:40 | INFO | [Round 9] epoch=51/80 loss=1.0075 acc=62.93 val_acc=nan data_t=0.0035s batch_t=0.0342s epoch_t=00:00.41 lr=0.000298 | GPU MB alloc/reserved=69.9/854.0
2026-04-07 12:15:40 | INFO | [Round 9] Epoch 51/80 time=00:00.41 avg=00:00.37 ETA=00:10.65 | GPU MB alloc/reserved=69.9/854.0
2026-04-07 12:15:41 | INFO | [Round 9] epoch=52/80 loss=0.9813 acc=64.14 val_acc=nan data_t=0.0033s batch_t=0.0345s epoch_t=00:00.42 lr=0.000280 | GPU MB alloc/reserved=69.9/854.0
2026-04-07 12:15:41 | INFO | [Round 9] Epoch 52/80 time=00:00.42 avg=00:00.37 ETA=00:10.31 | GPU MB alloc/reserved=69.9/854.0
2026-04-07 12:15:41 | INFO | [Round 9] epoch=53/80 loss=0.9984 acc=61.64 val_acc=nan data_t=0.0025s batch_t=0.0301s epoch_t=00:00.36 lr=0.000263 | GPU MB alloc/reserved=69.9/854.0
2026-04-07 12:15:41 | INFO | [Round 9] Epoch 53/80 time=00:00.36 avg=00:00.37 ETA=00:09.94 | GPU MB alloc/reserved=69.9/854.0
2026-04-07 12:15:41 | INFO | [Round 9] epoch=54/80 loss=0.9542 acc=65.86 val_acc=nan data_t=0.0040s batch_t=0.0226s epoch_t=00:00.29 lr=0.000246 | GPU MB alloc/reserved=69.9/854.0
2026-04-07 12:15:41 | INFO | [Round 9] Epoch 54/80 time=00:00.29 avg=00:00.37 ETA=00:09.53 | GPU MB alloc/reserved=69.9/854.0
2026-04-07 12:15:42 | INFO | [Round 9] epoch=55/80 loss=0.9313 acc=65.64 val_acc=nan data_t=0.0036s batch_t=0.0345s epoch_t=00:00.42 lr=0.000230 | GPU MB alloc/reserved=69.9/854.0
2026-04-07 12:15:42 | INFO | [Round 9] Epoch 55/80 time=00:00.42 avg=00:00.37 ETA=00:09.19 | GPU MB alloc/reserved=69.9/854.0
2026-04-07 12:15:42 | INFO | [Round 9] epoch=56/80 loss=0.9449 acc=65.93 val_acc=nan data_t=0.0028s batch_t=0.0342s epoch_t=00:00.41 lr=0.000214 | GPU MB alloc/reserved=69.9/854.0
2026-04-07 12:15:42 | INFO | [Round 9] Epoch 56/80 time=00:00.41 avg=00:00.37 ETA=00:08.84 | GPU MB alloc/reserved=69.9/854.0
2026-04-07 12:15:42 | INFO | [Round 9] epoch=57/80 loss=0.9218 acc=66.07 val_acc=nan data_t=0.0039s batch_t=0.0346s epoch_t=00:00.42 lr=0.000199 | GPU MB alloc/reserved=69.9/854.0
2026-04-07 12:15:42 | INFO | [Round 9] Epoch 57/80 time=00:00.42 avg=00:00.37 ETA=00:08.49 | GPU MB alloc/reserved=69.9/854.0
2026-04-07 12:15:43 | INFO | [Round 9] epoch=58/80 loss=0.9075 acc=67.00 val_acc=nan data_t=0.0031s batch_t=0.0344s epoch_t=00:00.41 lr=0.000184 | GPU MB alloc/reserved=69.9/854.0
2026-04-07 12:15:43 | INFO | [Round 9] Epoch 58/80 time=00:00.41 avg=00:00.37 ETA=00:08.14 | GPU MB alloc/reserved=69.9/854.0
2026-04-07 12:15:43 | INFO | [Round 9] epoch=59/80 loss=0.8850 acc=67.86 val_acc=nan data_t=0.0025s batch_t=0.0344s epoch_t=00:00.41 lr=0.000169 | GPU MB alloc/reserved=69.9/854.0
2026-04-07 12:15:43 | INFO | [Round 9] Epoch 59/80 time=00:00.41 avg=00:00.37 ETA=00:07.78 | GPU MB alloc/reserved=69.9/854.0
2026-04-07 12:15:43 | INFO | [Round 9] epoch=60/80 loss=0.8982 acc=66.50 val_acc=nan data_t=0.0038s batch_t=0.0106s epoch_t=00:00.16 lr=0.000155 | GPU MB alloc/reserved=69.9/854.0
2026-04-07 12:15:43 | INFO | [Round 9] Epoch 60/80 time=00:00.16 avg=00:00.37 ETA=00:07.34 | GPU MB alloc/reserved=69.9/854.0
2026-04-07 12:15:44 | INFO | [Round 9] epoch=61/80 loss=0.9104 acc=66.57 val_acc=nan data_t=0.0026s batch_t=0.0317s epoch_t=00:00.38 lr=0.000142 | GPU MB alloc/reserved=69.9/854.0
2026-04-07 12:15:44 | INFO | [Round 9] Epoch 61/80 time=00:00.38 avg=00:00.37 ETA=00:06.98 | GPU MB alloc/reserved=69.9/854.0
2026-04-07 12:15:44 | INFO | [Round 9] epoch=62/80 loss=0.8827 acc=68.86 val_acc=nan data_t=0.0025s batch_t=0.0343s epoch_t=00:00.41 lr=0.000129 | GPU MB alloc/reserved=69.9/854.0
2026-04-07 12:15:44 | INFO | [Round 9] Epoch 62/80 time=00:00.41 avg=00:00.37 ETA=00:06.62 | GPU MB alloc/reserved=69.9/854.0
2026-04-07 12:15:45 | INFO | [Round 9] epoch=63/80 loss=0.8501 acc=69.14 val_acc=nan data_t=0.0039s batch_t=0.0343s epoch_t=00:00.42 lr=0.000116 | GPU MB alloc/reserved=69.9/854.0
2026-04-07 12:15:45 | INFO | [Round 9] Epoch 63/80 time=00:00.42 avg=00:00.37 ETA=00:06.27 | GPU MB alloc/reserved=69.9/854.0
2026-04-07 12:15:45 | INFO | [Round 9] epoch=64/80 loss=0.8630 acc=68.21 val_acc=nan data_t=0.0040s batch_t=0.0343s epoch_t=00:00.42 lr=0.000105 | GPU MB alloc/reserved=69.9/854.0
2026-04-07 12:15:45 | INFO | [Round 9] Epoch 64/80 time=00:00.42 avg=00:00.37 ETA=00:05.91 | GPU MB alloc/reserved=69.9/854.0
2026-04-07 12:15:46 | INFO | [Round 9] epoch=65/80 loss=0.8678 acc=67.21 val_acc=nan data_t=0.0038s batch_t=0.0342s epoch_t=00:00.42 lr=0.000093 | GPU MB alloc/reserved=69.9/854.0
2026-04-07 12:15:46 | INFO | [Round 9] Epoch 65/80 time=00:00.42 avg=00:00.37 ETA=00:05.55 | GPU MB alloc/reserved=69.9/854.0
2026-04-07 12:15:46 | INFO | [Round 9] epoch=66/80 loss=0.8638 acc=68.29 val_acc=nan data_t=0.0036s batch_t=0.0229s epoch_t=00:00.29 lr=0.000083 | GPU MB alloc/reserved=69.9/854.0
2026-04-07 12:15:46 | INFO | [Round 9] Epoch 66/80 time=00:00.29 avg=00:00.37 ETA=00:05.17 | GPU MB alloc/reserved=69.9/854.0
2026-04-07 12:15:46 | INFO | [Round 9] epoch=67/80 loss=0.8571 acc=68.00 val_acc=nan data_t=0.0043s batch_t=0.0196s epoch_t=00:00.26 lr=0.000073 | GPU MB alloc/reserved=69.9/854.0
2026-04-07 12:15:46 | INFO | [Round 9] Epoch 67/80 time=00:00.26 avg=00:00.37 ETA=00:04.78 | GPU MB alloc/reserved=69.9/854.0
2026-04-07 12:15:46 | INFO | [Round 9] epoch=68/80 loss=0.8442 acc=69.21 val_acc=nan data_t=0.0035s batch_t=0.0343s epoch_t=00:00.42 lr=0.000064 | GPU MB alloc/reserved=69.9/854.0
2026-04-07 12:15:46 | INFO | [Round 9] Epoch 68/80 time=00:00.42 avg=00:00.37 ETA=00:04.42 | GPU MB alloc/reserved=69.9/854.0
2026-04-07 12:15:47 | INFO | [Round 9] epoch=69/80 loss=0.8611 acc=68.71 val_acc=nan data_t=0.0042s batch_t=0.0343s epoch_t=00:00.42 lr=0.000055 | GPU MB alloc/reserved=69.9/854.0
2026-04-07 12:15:47 | INFO | [Round 9] Epoch 69/80 time=00:00.42 avg=00:00.37 ETA=00:04.06 | GPU MB alloc/reserved=69.9/854.0
2026-04-07 12:15:47 | INFO | [Round 9] epoch=70/80 loss=0.8076 acc=72.21 val_acc=nan data_t=0.0039s batch_t=0.0344s epoch_t=00:00.42 lr=0.000048 | GPU MB alloc/reserved=69.9/854.0
2026-04-07 12:15:47 | INFO | [Round 9] Epoch 70/80 time=00:00.42 avg=00:00.37 ETA=00:03.70 | GPU MB alloc/reserved=69.9/854.0
2026-04-07 12:15:48 | INFO | [Round 9] epoch=71/80 loss=0.8058 acc=70.14 val_acc=nan data_t=0.0038s batch_t=0.0343s epoch_t=00:00.42 lr=0.000041 | GPU MB alloc/reserved=69.9/854.0
2026-04-07 12:15:48 | INFO | [Round 9] Epoch 71/80 time=00:00.42 avg=00:00.37 ETA=00:03.33 | GPU MB alloc/reserved=69.9/854.0
2026-04-07 12:15:48 | INFO | [Round 9] epoch=72/80 loss=0.8103 acc=70.71 val_acc=nan data_t=0.0030s batch_t=0.0343s epoch_t=00:00.41 lr=0.000034 | GPU MB alloc/reserved=69.9/854.0
2026-04-07 12:15:48 | INFO | [Round 9] Epoch 72/80 time=00:00.41 avg=00:00.37 ETA=00:02.97 | GPU MB alloc/reserved=69.9/854.0
2026-04-07 12:15:48 | INFO | [Round 9] epoch=73/80 loss=0.8273 acc=69.57 val_acc=nan data_t=0.0031s batch_t=0.0084s epoch_t=00:00.13 lr=0.000029 | GPU MB alloc/reserved=69.9/854.0
2026-04-07 12:15:48 | INFO | [Round 9] Epoch 73/80 time=00:00.13 avg=00:00.37 ETA=00:02.57 | GPU MB alloc/reserved=69.9/854.0
2026-04-07 12:15:49 | INFO | [Round 9] epoch=74/80 loss=0.8438 acc=69.21 val_acc=nan data_t=0.0026s batch_t=0.0329s epoch_t=00:00.39 lr=0.000024 | GPU MB alloc/reserved=69.9/854.0
2026-04-07 12:15:49 | INFO | [Round 9] Epoch 74/80 time=00:00.39 avg=00:00.37 ETA=00:02.21 | GPU MB alloc/reserved=69.9/854.0
2026-04-07 12:15:49 | INFO | [Round 9] epoch=75/80 loss=0.8118 acc=70.43 val_acc=nan data_t=0.0035s batch_t=0.0344s epoch_t=00:00.42 lr=0.000020 | GPU MB alloc/reserved=69.9/854.0
2026-04-07 12:15:49 | INFO | [Round 9] Epoch 75/80 time=00:00.42 avg=00:00.37 ETA=00:01.84 | GPU MB alloc/reserved=69.9/854.0
2026-04-07 12:15:50 | INFO | [Round 9] epoch=76/80 loss=0.8100 acc=70.29 val_acc=nan data_t=0.0036s batch_t=0.0344s epoch_t=00:00.42 lr=0.000016 | GPU MB alloc/reserved=69.9/854.0
2026-04-07 12:15:50 | INFO | [Round 9] Epoch 76/80 time=00:00.42 avg=00:00.37 ETA=00:01.48 | GPU MB alloc/reserved=69.9/854.0
2026-04-07 12:15:50 | INFO | [Round 9] epoch=77/80 loss=0.8070 acc=71.43 val_acc=nan data_t=0.0036s batch_t=0.0344s epoch_t=00:00.42 lr=0.000013 | GPU MB alloc/reserved=69.9/854.0
2026-04-07 12:15:50 | INFO | [Round 9] Epoch 77/80 time=00:00.42 avg=00:00.37 ETA=00:01.11 | GPU MB alloc/reserved=69.9/854.0
2026-04-07 12:15:50 | INFO | [Round 9] epoch=78/80 loss=0.8378 acc=68.86 val_acc=nan data_t=0.0030s batch_t=0.0343s epoch_t=00:00.41 lr=0.000012 | GPU MB alloc/reserved=69.9/854.0
2026-04-07 12:15:50 | INFO | [Round 9] Epoch 78/80 time=00:00.41 avg=00:00.37 ETA=00:00.74 | GPU MB alloc/reserved=69.9/854.0
2026-04-07 12:15:51 | INFO | [Round 9] epoch=79/80 loss=0.8221 acc=70.57 val_acc=nan data_t=0.0025s batch_t=0.0220s epoch_t=00:00.27 lr=0.000010 | GPU MB alloc/reserved=69.9/854.0
2026-04-07 12:15:51 | INFO | [Round 9] Epoch 79/80 time=00:00.27 avg=00:00.37 ETA=00:00.37 | GPU MB alloc/reserved=69.9/854.0
2026-04-07 12:15:51 | INFO | [Round 9] epoch=80/80 loss=0.8327 acc=68.64 val_acc=nan data_t=0.0037s batch_t=0.0094s epoch_t=00:00.14 lr=0.000010 | GPU MB alloc/reserved=69.9/854.0
2026-04-07 12:15:51 | INFO | [Round 9] Epoch 80/80 time=00:00.14 avg=00:00.37 ETA=00:00.00 | GPU MB alloc/reserved=69.9/854.0
2026-04-07 12:15:51 | INFO | [Round 9] training complete in 00:29.43 (best monitor=72.214) | GPU MB alloc/reserved=69.9/854.0
2026-04-07 12:15:51 | INFO | [Round 9] evaluation started | GPU MB alloc/reserved=52.0/854.0
2026-04-07 12:15:53 | INFO | [Round 9] clean=53.40 fgsm=44.45 pgd=44.27 grad_disp_mean=nan grad_disp_sel=nan round_t=33.46s | GPU MB alloc/reserved=52.0/854.0
2026-04-07 12:15:53 | INFO | [Round 10/21] elapsed=00:33.46 avg_round=00:26.55 projected_remaining=04:52.06 | GPU MB alloc/reserved=52.0/854.0
2026-04-07 12:15:54 | INFO | [Round 10] acquisition on pool_size=48600 scored_pool=5000 budget=100 | GPU MB alloc/reserved=34.1/854.0
2026-04-07 12:15:55 | INFO | [CoreSet-unlabeled-feat] scoring progress 10/20 elapsed=00:00.21 avg/batch=0.021s ETA=00:00.21 | GPU MB alloc/reserved=40.6/854.0
2026-04-07 12:15:55 | INFO | [CoreSet-unlabeled-feat] scoring progress 20/20 elapsed=00:00.25 avg/batch=0.013s ETA=00:00.00 | GPU MB alloc/reserved=40.6/854.0
2026-04-07 12:15:55 | INFO | [CoreSet-labeled-feat] scoring progress 6/6 elapsed=00:00.20 avg/batch=0.034s ETA=00:00.00 | GPU MB alloc/reserved=41.8/854.0
2026-04-07 12:15:55 | INFO | [CoreSet] greedy 10/100 cover_radius=22.988182 | GPU: n/a
2026-04-07 12:15:55 | INFO | [CoreSet] greedy 20/100 cover_radius=22.383411 | GPU: n/a
2026-04-07 12:15:55 | INFO | [CoreSet] greedy 30/100 cover_radius=22.038851 | GPU: n/a
2026-04-07 12:15:55 | INFO | [CoreSet] greedy 40/100 cover_radius=21.680519 | GPU: n/a
2026-04-07 12:15:55 | INFO | [CoreSet] greedy 50/100 cover_radius=21.364119 | GPU: n/a
2026-04-07 12:15:55 | INFO | [CoreSet] greedy 60/100 cover_radius=21.002653 | GPU: n/a
2026-04-07 12:15:55 | INFO | [CoreSet] greedy 70/100 cover_radius=20.831577 | GPU: n/a
2026-04-07 12:15:55 | INFO | [CoreSet] greedy 80/100 cover_radius=20.659077 | GPU: n/a
2026-04-07 12:15:55 | INFO | [CoreSet] greedy 90/100 cover_radius=20.458752 | GPU: n/a
2026-04-07 12:15:55 | INFO | [CoreSet] greedy 100/100 cover_radius=20.286547 | GPU: n/a
2026-04-07 12:15:55 | INFO | [Round 10] labeled=1500 train=1500 val_fixed=0 | GPU MB alloc/reserved=43.1/854.0
2026-04-07 12:15:56 | INFO | [Round 10] epoch=1/80 loss=4.5744 acc=15.40 val_acc=nan data_t=0.0155s batch_t=0.0366s epoch_t=00:00.62 lr=0.001000 | GPU MB alloc/reserved=69.9/854.0
2026-04-07 12:15:56 | INFO | [Round 10] Epoch 1/80 time=00:00.62 avg=00:00.62 ETA=00:49.35 | GPU MB alloc/reserved=69.9/854.0
2026-04-07 12:15:56 | INFO | [Round 10] epoch=2/80 loss=2.2933 acc=23.53 val_acc=nan data_t=0.0027s batch_t=0.0342s epoch_t=00:00.44 lr=0.000998 | GPU MB alloc/reserved=69.9/854.0
2026-04-07 12:15:56 | INFO | [Round 10] Epoch 2/80 time=00:00.44 avg=00:00.53 ETA=00:41.59 | GPU MB alloc/reserved=69.9/854.0
2026-04-07 12:15:57 | INFO | [Round 10] epoch=3/80 loss=2.0927 acc=25.13 val_acc=nan data_t=0.0043s batch_t=0.0343s epoch_t=00:00.46 lr=0.000997 | GPU MB alloc/reserved=69.9/854.0
2026-04-07 12:15:57 | INFO | [Round 10] Epoch 3/80 time=00:00.46 avg=00:00.51 ETA=00:39.24 | GPU MB alloc/reserved=69.9/854.0
2026-04-07 12:15:57 | INFO | [Round 10] epoch=4/80 loss=2.0233 acc=27.00 val_acc=nan data_t=0.0025s batch_t=0.0341s epoch_t=00:00.44 lr=0.000994 | GPU MB alloc/reserved=69.9/854.0
2026-04-07 12:15:57 | INFO | [Round 10] Epoch 4/80 time=00:00.44 avg=00:00.49 ETA=00:37.40 | GPU MB alloc/reserved=69.9/854.0
2026-04-07 12:15:58 | INFO | [Round 10] epoch=5/80 loss=1.9609 acc=30.20 val_acc=nan data_t=0.0033s batch_t=0.0136s epoch_t=00:00.20 lr=0.000990 | GPU MB alloc/reserved=69.9/854.0
2026-04-07 12:15:58 | INFO | [Round 10] Epoch 5/80 time=00:00.20 avg=00:00.43 ETA=00:32.57 | GPU MB alloc/reserved=69.9/854.0
2026-04-07 12:15:58 | INFO | [Round 10] epoch=6/80 loss=1.9031 acc=31.87 val_acc=nan data_t=0.0026s batch_t=0.0219s epoch_t=00:00.29 lr=0.000986 | GPU MB alloc/reserved=69.9/854.0
2026-04-07 12:15:58 | INFO | [Round 10] Epoch 6/80 time=00:00.29 avg=00:00.41 ETA=00:30.39 | GPU MB alloc/reserved=69.9/854.0
2026-04-07 12:15:58 | INFO | [Round 10] epoch=7/80 loss=1.8395 acc=33.20 val_acc=nan data_t=0.0034s batch_t=0.0341s epoch_t=00:00.45 lr=0.000981 | GPU MB alloc/reserved=69.9/854.0
2026-04-07 12:15:58 | INFO | [Round 10] Epoch 7/80 time=00:00.45 avg=00:00.42 ETA=00:30.40 | GPU MB alloc/reserved=69.9/854.0
2026-04-07 12:15:59 | INFO | [Round 10] epoch=8/80 loss=1.8226 acc=34.20 val_acc=nan data_t=0.0034s batch_t=0.0346s epoch_t=00:00.46 lr=0.000976 | GPU MB alloc/reserved=69.9/854.0
2026-04-07 12:15:59 | INFO | [Round 10] Epoch 8/80 time=00:00.46 avg=00:00.42 ETA=00:30.33 | GPU MB alloc/reserved=69.9/854.0
2026-04-07 12:15:59 | INFO | [Round 10] epoch=9/80 loss=1.7425 acc=37.00 val_acc=nan data_t=0.0030s batch_t=0.0341s epoch_t=00:00.45 lr=0.000969 | GPU MB alloc/reserved=69.9/854.0
2026-04-07 12:15:59 | INFO | [Round 10] Epoch 9/80 time=00:00.45 avg=00:00.42 ETA=00:30.11 | GPU MB alloc/reserved=69.9/854.0
2026-04-07 12:16:00 | INFO | [Round 10] epoch=10/80 loss=1.7331 acc=36.93 val_acc=nan data_t=0.0024s batch_t=0.0342s epoch_t=00:00.44 lr=0.000962 | GPU MB alloc/reserved=69.9/854.0
2026-04-07 12:16:00 | INFO | [Round 10] Epoch 10/80 time=00:00.44 avg=00:00.43 ETA=00:29.80 | GPU MB alloc/reserved=69.9/854.0
2026-04-07 12:16:00 | INFO | [Round 10] epoch=11/80 loss=1.7015 acc=37.47 val_acc=nan data_t=0.0037s batch_t=0.0203s epoch_t=00:00.29 lr=0.000955 | GPU MB alloc/reserved=69.9/854.0
2026-04-07 12:16:00 | INFO | [Round 10] Epoch 11/80 time=00:00.29 avg=00:00.41 ETA=00:28.51 | GPU MB alloc/reserved=69.9/854.0
2026-04-07 12:16:00 | INFO | [Round 10] epoch=12/80 loss=1.7163 acc=36.00 val_acc=nan data_t=0.0029s batch_t=0.0189s epoch_t=00:00.26 lr=0.000946 | GPU MB alloc/reserved=69.9/854.0
2026-04-07 12:16:00 | INFO | [Round 10] Epoch 12/80 time=00:00.26 avg=00:00.40 ETA=00:27.25 | GPU MB alloc/reserved=69.9/854.0
2026-04-07 12:16:01 | INFO | [Round 10] epoch=13/80 loss=1.6780 acc=38.47 val_acc=nan data_t=0.0020s batch_t=0.0343s epoch_t=00:00.44 lr=0.000937 | GPU MB alloc/reserved=69.9/854.0
2026-04-07 12:16:01 | INFO | [Round 10] Epoch 13/80 time=00:00.44 avg=00:00.40 ETA=00:27.03 | GPU MB alloc/reserved=69.9/854.0
2026-04-07 12:16:01 | INFO | [Round 10] epoch=14/80 loss=1.6357 acc=39.33 val_acc=nan data_t=0.0033s batch_t=0.0343s epoch_t=00:00.45 lr=0.000927 | GPU MB alloc/reserved=69.9/854.0
2026-04-07 12:16:01 | INFO | [Round 10] Epoch 14/80 time=00:00.45 avg=00:00.41 ETA=00:26.85 | GPU MB alloc/reserved=69.9/854.0
2026-04-07 12:16:02 | INFO | [Round 10] epoch=15/80 loss=1.6130 acc=40.20 val_acc=nan data_t=0.0032s batch_t=0.0341s epoch_t=00:00.45 lr=0.000917 | GPU MB alloc/reserved=69.9/854.0
2026-04-07 12:16:02 | INFO | [Round 10] Epoch 15/80 time=00:00.45 avg=00:00.41 ETA=00:26.62 | GPU MB alloc/reserved=69.9/854.0
2026-04-07 12:16:02 | INFO | [Round 10] epoch=16/80 loss=1.5424 acc=43.80 val_acc=nan data_t=0.0031s batch_t=0.0342s epoch_t=00:00.45 lr=0.000905 | GPU MB alloc/reserved=69.9/854.0
2026-04-07 12:16:02 | INFO | [Round 10] Epoch 16/80 time=00:00.45 avg=00:00.41 ETA=00:26.37 | GPU MB alloc/reserved=69.9/854.0
2026-04-07 12:16:02 | INFO | [Round 10] epoch=17/80 loss=1.5597 acc=41.80 val_acc=nan data_t=0.0032s batch_t=0.0246s epoch_t=00:00.33 lr=0.000894 | GPU MB alloc/reserved=69.9/854.0
2026-04-07 12:16:02 | INFO | [Round 10] Epoch 17/80 time=00:00.33 avg=00:00.41 ETA=00:25.66 | GPU MB alloc/reserved=69.9/854.0
2026-04-07 12:16:03 | INFO | [Round 10] epoch=18/80 loss=1.5052 acc=43.47 val_acc=nan data_t=0.0042s batch_t=0.0156s epoch_t=00:00.24 lr=0.000881 | GPU MB alloc/reserved=69.9/854.0
2026-04-07 12:16:03 | INFO | [Round 10] Epoch 18/80 time=00:00.24 avg=00:00.40 ETA=00:24.67 | GPU MB alloc/reserved=69.9/854.0
2026-04-07 12:16:03 | INFO | [Round 10] epoch=19/80 loss=1.5214 acc=43.73 val_acc=nan data_t=0.0022s batch_t=0.0342s epoch_t=00:00.44 lr=0.000868 | GPU MB alloc/reserved=69.9/854.0
2026-04-07 12:16:03 | INFO | [Round 10] Epoch 19/80 time=00:00.44 avg=00:00.40 ETA=00:24.40 | GPU MB alloc/reserved=69.9/854.0
2026-04-07 12:16:03 | INFO | [Round 10] epoch=20/80 loss=1.4924 acc=45.07 val_acc=nan data_t=0.0033s batch_t=0.0342s epoch_t=00:00.45 lr=0.000855 | GPU MB alloc/reserved=69.9/854.0
2026-04-07 12:16:03 | INFO | [Round 10] Epoch 20/80 time=00:00.45 avg=00:00.40 ETA=00:24.15 | GPU MB alloc/reserved=69.9/854.0
2026-04-07 12:16:04 | INFO | [Round 10] epoch=21/80 loss=1.4972 acc=44.33 val_acc=nan data_t=0.0040s batch_t=0.0344s epoch_t=00:00.46 lr=0.000841 | GPU MB alloc/reserved=69.9/854.0
2026-04-07 12:16:04 | INFO | [Round 10] Epoch 21/80 time=00:00.46 avg=00:00.41 ETA=00:23.91 | GPU MB alloc/reserved=69.9/854.0
2026-04-07 12:16:04 | INFO | [Round 10] epoch=22/80 loss=1.4323 acc=46.40 val_acc=nan data_t=0.0023s batch_t=0.0346s epoch_t=00:00.44 lr=0.000826 | GPU MB alloc/reserved=69.9/854.0
2026-04-07 12:16:04 | INFO | [Round 10] Epoch 22/80 time=00:00.44 avg=00:00.41 ETA=00:23.60 | GPU MB alloc/reserved=69.9/854.0
2026-04-07 12:16:05 | INFO | [Round 10] epoch=23/80 loss=1.4380 acc=45.93 val_acc=nan data_t=0.0024s batch_t=0.0303s epoch_t=00:00.39 lr=0.000811 | GPU MB alloc/reserved=69.9/854.0
2026-04-07 12:16:05 | INFO | [Round 10] Epoch 23/80 time=00:00.39 avg=00:00.41 ETA=00:23.16 | GPU MB alloc/reserved=69.9/854.0
2026-04-07 12:16:05 | INFO | [Round 10] epoch=24/80 loss=1.3952 acc=48.80 val_acc=nan data_t=0.0035s batch_t=0.0095s epoch_t=00:00.16 lr=0.000796 | GPU MB alloc/reserved=69.9/854.0
2026-04-07 12:16:05 | INFO | [Round 10] Epoch 24/80 time=00:00.16 avg=00:00.40 ETA=00:22.17 | GPU MB alloc/reserved=69.9/854.0
2026-04-07 12:16:05 | INFO | [Round 10] epoch=25/80 loss=1.4008 acc=47.07 val_acc=nan data_t=0.0030s batch_t=0.0342s epoch_t=00:00.45 lr=0.000780 | GPU MB alloc/reserved=69.9/854.0
2026-04-07 12:16:05 | INFO | [Round 10] Epoch 25/80 time=00:00.45 avg=00:00.40 ETA=00:21.88 | GPU MB alloc/reserved=69.9/854.0
2026-04-07 12:16:06 | INFO | [Round 10] epoch=26/80 loss=1.4004 acc=46.80 val_acc=nan data_t=0.0049s batch_t=0.0345s epoch_t=00:00.47 lr=0.000764 | GPU MB alloc/reserved=69.9/854.0
2026-04-07 12:16:06 | INFO | [Round 10] Epoch 26/80 time=00:00.47 avg=00:00.40 ETA=00:21.64 | GPU MB alloc/reserved=69.9/854.0
2026-04-07 12:16:06 | INFO | [Round 10] epoch=27/80 loss=1.3575 acc=50.07 val_acc=nan data_t=0.0037s batch_t=0.0342s epoch_t=00:00.46 lr=0.000747 | GPU MB alloc/reserved=69.9/854.0
2026-04-07 12:16:06 | INFO | [Round 10] Epoch 27/80 time=00:00.46 avg=00:00.40 ETA=00:21.35 | GPU MB alloc/reserved=69.9/854.0
2026-04-07 12:16:07 | INFO | [Round 10] epoch=28/80 loss=1.3369 acc=50.33 val_acc=nan data_t=0.0035s batch_t=0.0342s epoch_t=00:00.45 lr=0.000730 | GPU MB alloc/reserved=69.9/854.0
2026-04-07 12:16:07 | INFO | [Round 10] Epoch 28/80 time=00:00.45 avg=00:00.40 ETA=00:21.04 | GPU MB alloc/reserved=69.9/854.0
2026-04-07 12:16:07 | INFO | [Round 10] epoch=29/80 loss=1.3190 acc=50.33 val_acc=nan data_t=0.0042s batch_t=0.0296s epoch_t=00:00.41 lr=0.000712 | GPU MB alloc/reserved=69.9/854.0
2026-04-07 12:16:07 | INFO | [Round 10] Epoch 29/80 time=00:00.41 avg=00:00.40 ETA=00:20.63 | GPU MB alloc/reserved=69.9/854.0
2026-04-07 12:16:08 | INFO | [Round 10] epoch=30/80 loss=1.3264 acc=49.00 val_acc=nan data_t=0.0054s batch_t=0.0257s epoch_t=00:00.37 lr=0.000694 | GPU MB alloc/reserved=69.9/854.0
2026-04-07 12:16:08 | INFO | [Round 10] Epoch 30/80 time=00:00.37 avg=00:00.40 ETA=00:20.17 | GPU MB alloc/reserved=69.9/854.0
2026-04-07 12:16:08 | INFO | [Round 10] epoch=31/80 loss=1.3145 acc=52.00 val_acc=nan data_t=0.0033s batch_t=0.0341s epoch_t=00:00.45 lr=0.000676 | GPU MB alloc/reserved=69.9/854.0
2026-04-07 12:16:08 | INFO | [Round 10] Epoch 31/80 time=00:00.45 avg=00:00.40 ETA=00:19.84 | GPU MB alloc/reserved=69.9/854.0
2026-04-07 12:16:08 | INFO | [Round 10] epoch=32/80 loss=1.2804 acc=52.07 val_acc=nan data_t=0.0034s batch_t=0.0341s epoch_t=00:00.45 lr=0.000658 | GPU MB alloc/reserved=69.9/854.0
2026-04-07 12:16:08 | INFO | [Round 10] Epoch 32/80 time=00:00.45 avg=00:00.41 ETA=00:19.51 | GPU MB alloc/reserved=69.9/854.0
2026-04-07 12:16:09 | INFO | [Round 10] epoch=33/80 loss=1.2856 acc=52.07 val_acc=nan data_t=0.0022s batch_t=0.0343s epoch_t=00:00.44 lr=0.000639 | GPU MB alloc/reserved=69.9/854.0
2026-04-07 12:16:09 | INFO | [Round 10] Epoch 33/80 time=00:00.44 avg=00:00.41 ETA=00:19.15 | GPU MB alloc/reserved=69.9/854.0
2026-04-07 12:16:09 | INFO | [Round 10] epoch=34/80 loss=1.2777 acc=54.00 val_acc=nan data_t=0.0033s batch_t=0.0352s epoch_t=00:00.46 lr=0.000621 | GPU MB alloc/reserved=69.9/854.0
2026-04-07 12:16:09 | INFO | [Round 10] Epoch 34/80 time=00:00.46 avg=00:00.41 ETA=00:18.81 | GPU MB alloc/reserved=69.9/854.0
2026-04-07 12:16:10 | INFO | [Round 10] epoch=35/80 loss=1.2454 acc=54.40 val_acc=nan data_t=0.0039s batch_t=0.0194s epoch_t=00:00.28 lr=0.000602 | GPU MB alloc/reserved=69.9/854.0
2026-04-07 12:16:10 | INFO | [Round 10] Epoch 35/80 time=00:00.28 avg=00:00.41 ETA=00:18.24 | GPU MB alloc/reserved=69.9/854.0
2026-04-07 12:16:10 | INFO | [Round 10] epoch=36/80 loss=1.2173 acc=53.60 val_acc=nan data_t=0.0027s batch_t=0.0114s epoch_t=00:00.17 lr=0.000582 | GPU MB alloc/reserved=69.9/854.0
2026-04-07 12:16:10 | INFO | [Round 10] Epoch 36/80 time=00:00.17 avg=00:00.40 ETA=00:17.54 | GPU MB alloc/reserved=69.9/854.0
2026-04-07 12:16:10 | INFO | [Round 10] epoch=37/80 loss=1.2337 acc=54.00 val_acc=nan data_t=0.0035s batch_t=0.0343s epoch_t=00:00.45 lr=0.000563 | GPU MB alloc/reserved=69.9/854.0
2026-04-07 12:16:10 | INFO | [Round 10] Epoch 37/80 time=00:00.45 avg=00:00.40 ETA=00:17.21 | GPU MB alloc/reserved=69.9/854.0
2026-04-07 12:16:11 | INFO | [Round 10] epoch=38/80 loss=1.1730 acc=56.20 val_acc=nan data_t=0.0039s batch_t=0.0342s epoch_t=00:00.46 lr=0.000544 | GPU MB alloc/reserved=69.9/854.0
2026-04-07 12:16:11 | INFO | [Round 10] Epoch 38/80 time=00:00.46 avg=00:00.40 ETA=00:16.87 | GPU MB alloc/reserved=69.9/854.0
2026-04-07 12:16:11 | INFO | [Round 10] epoch=39/80 loss=1.1927 acc=55.87 val_acc=nan data_t=0.0024s batch_t=0.0343s epoch_t=00:00.44 lr=0.000524 | GPU MB alloc/reserved=69.9/854.0
2026-04-07 12:16:11 | INFO | [Round 10] Epoch 39/80 time=00:00.44 avg=00:00.40 ETA=00:16.51 | GPU MB alloc/reserved=69.9/854.0
2026-04-07 12:16:12 | INFO | [Round 10] epoch=40/80 loss=1.1654 acc=55.60 val_acc=nan data_t=0.0023s batch_t=0.0343s epoch_t=00:00.44 lr=0.000505 | GPU MB alloc/reserved=69.9/854.0
2026-04-07 12:16:12 | INFO | [Round 10] Epoch 40/80 time=00:00.44 avg=00:00.40 ETA=00:16.14 | GPU MB alloc/reserved=69.9/854.0
2026-04-07 12:16:12 | INFO | [Round 10] epoch=41/80 loss=1.1785 acc=56.00 val_acc=nan data_t=0.0032s batch_t=0.0321s epoch_t=00:00.42 lr=0.000486 | GPU MB alloc/reserved=69.9/854.0
2026-04-07 12:16:12 | INFO | [Round 10] Epoch 41/80 time=00:00.42 avg=00:00.40 ETA=00:15.76 | GPU MB alloc/reserved=69.9/854.0
2026-04-07 12:16:12 | INFO | [Round 10] epoch=42/80 loss=1.1391 acc=58.20 val_acc=nan data_t=0.0035s batch_t=0.0100s epoch_t=00:00.16 lr=0.000466 | GPU MB alloc/reserved=69.9/854.0
2026-04-07 12:16:12 | INFO | [Round 10] Epoch 42/80 time=00:00.16 avg=00:00.40 ETA=00:15.14 | GPU MB alloc/reserved=69.9/854.0
2026-04-07 12:16:13 | INFO | [Round 10] epoch=43/80 loss=1.1321 acc=59.07 val_acc=nan data_t=0.0024s batch_t=0.0341s epoch_t=00:00.44 lr=0.000447 | GPU MB alloc/reserved=69.9/854.0
2026-04-07 12:16:13 | INFO | [Round 10] Epoch 43/80 time=00:00.44 avg=00:00.40 ETA=00:14.77 | GPU MB alloc/reserved=69.9/854.0
2026-04-07 12:16:13 | INFO | [Round 10] epoch=44/80 loss=1.1288 acc=58.73 val_acc=nan data_t=0.0032s batch_t=0.0342s epoch_t=00:00.45 lr=0.000428 | GPU MB alloc/reserved=69.9/854.0
2026-04-07 12:16:13 | INFO | [Round 10] Epoch 44/80 time=00:00.45 avg=00:00.40 ETA=00:14.41 | GPU MB alloc/reserved=69.9/854.0
2026-04-07 12:16:14 | INFO | [Round 10] epoch=45/80 loss=1.0765 acc=59.47 val_acc=nan data_t=0.0021s batch_t=0.0343s epoch_t=00:00.44 lr=0.000408 | GPU MB alloc/reserved=69.9/854.0
2026-04-07 12:16:14 | INFO | [Round 10] Epoch 45/80 time=00:00.44 avg=00:00.40 ETA=00:14.04 | GPU MB alloc/reserved=69.9/854.0
2026-04-07 12:16:14 | INFO | [Round 10] epoch=46/80 loss=1.0872 acc=57.53 val_acc=nan data_t=0.0033s batch_t=0.0343s epoch_t=00:00.45 lr=0.000389 | GPU MB alloc/reserved=69.9/854.0
2026-04-07 12:16:14 | INFO | [Round 10] Epoch 46/80 time=00:00.45 avg=00:00.40 ETA=00:13.68 | GPU MB alloc/reserved=69.9/854.0
2026-04-07 12:16:14 | INFO | [Round 10] epoch=47/80 loss=1.0917 acc=58.80 val_acc=nan data_t=0.0032s batch_t=0.0342s epoch_t=00:00.45 lr=0.000371 | GPU MB alloc/reserved=69.9/854.0
2026-04-07 12:16:14 | INFO | [Round 10] Epoch 47/80 time=00:00.45 avg=00:00.40 ETA=00:13.31 | GPU MB alloc/reserved=69.9/854.0
2026-04-07 12:16:15 | INFO | [Round 10] epoch=48/80 loss=1.0910 acc=60.00 val_acc=nan data_t=0.0036s batch_t=0.0090s epoch_t=00:00.15 lr=0.000352 | GPU MB alloc/reserved=69.9/854.0
2026-04-07 12:16:15 | INFO | [Round 10] Epoch 48/80 time=00:00.15 avg=00:00.40 ETA=00:12.74 | GPU MB alloc/reserved=69.9/854.0
2026-04-07 12:16:15 | INFO | [Round 10] epoch=49/80 loss=1.0431 acc=60.27 val_acc=nan data_t=0.0023s batch_t=0.0341s epoch_t=00:00.44 lr=0.000334 | GPU MB alloc/reserved=69.9/854.0
2026-04-07 12:16:15 | INFO | [Round 10] Epoch 49/80 time=00:00.44 avg=00:00.40 ETA=00:12.36 | GPU MB alloc/reserved=69.9/854.0
2026-04-07 12:16:15 | INFO | [Round 10] epoch=50/80 loss=1.0511 acc=61.73 val_acc=nan data_t=0.0024s batch_t=0.0342s epoch_t=00:00.44 lr=0.000316 | GPU MB alloc/reserved=69.9/854.0
2026-04-07 12:16:15 | INFO | [Round 10] Epoch 50/80 time=00:00.44 avg=00:00.40 ETA=00:11.99 | GPU MB alloc/reserved=69.9/854.0
2026-04-07 12:16:16 | INFO | [Round 10] epoch=51/80 loss=1.0165 acc=62.80 val_acc=nan data_t=0.0022s batch_t=0.0342s epoch_t=00:00.44 lr=0.000298 | GPU MB alloc/reserved=69.9/854.0
2026-04-07 12:16:16 | INFO | [Round 10] Epoch 51/80 time=00:00.44 avg=00:00.40 ETA=00:11.61 | GPU MB alloc/reserved=69.9/854.0
2026-04-07 12:16:16 | INFO | [Round 10] epoch=52/80 loss=1.0268 acc=61.80 val_acc=nan data_t=0.0027s batch_t=0.0343s epoch_t=00:00.44 lr=0.000280 | GPU MB alloc/reserved=69.9/854.0
2026-04-07 12:16:16 | INFO | [Round 10] Epoch 52/80 time=00:00.44 avg=00:00.40 ETA=00:11.23 | GPU MB alloc/reserved=69.9/854.0
2026-04-07 12:16:17 | INFO | [Round 10] epoch=53/80 loss=1.0077 acc=62.93 val_acc=nan data_t=0.0033s batch_t=0.0342s epoch_t=00:00.45 lr=0.000263 | GPU MB alloc/reserved=69.9/854.0
2026-04-07 12:16:17 | INFO | [Round 10] Epoch 53/80 time=00:00.45 avg=00:00.40 ETA=00:10.86 | GPU MB alloc/reserved=69.9/854.0
2026-04-07 12:16:17 | INFO | [Round 10] epoch=54/80 loss=1.0080 acc=63.07 val_acc=nan data_t=0.0035s batch_t=0.0095s epoch_t=00:00.16 lr=0.000246 | GPU MB alloc/reserved=69.9/854.0
2026-04-07 12:16:17 | INFO | [Round 10] Epoch 54/80 time=00:00.16 avg=00:00.40 ETA=00:10.34 | GPU MB alloc/reserved=69.9/854.0
2026-04-07 12:16:17 | INFO | [Round 10] epoch=55/80 loss=0.9747 acc=64.27 val_acc=nan data_t=0.0023s batch_t=0.0223s epoch_t=00:00.29 lr=0.000230 | GPU MB alloc/reserved=69.9/854.0
2026-04-07 12:16:17 | INFO | [Round 10] Epoch 55/80 time=00:00.29 avg=00:00.40 ETA=00:09.89 | GPU MB alloc/reserved=69.9/854.0
2026-04-07 12:16:18 | INFO | [Round 10] epoch=56/80 loss=0.9692 acc=63.47 val_acc=nan data_t=0.0022s batch_t=0.0344s epoch_t=00:00.44 lr=0.000214 | GPU MB alloc/reserved=69.9/854.0
2026-04-07 12:16:18 | INFO | [Round 10] Epoch 56/80 time=00:00.44 avg=00:00.40 ETA=00:09.52 | GPU MB alloc/reserved=69.9/854.0
2026-04-07 12:16:18 | INFO | [Round 10] epoch=57/80 loss=0.9917 acc=63.80 val_acc=nan data_t=0.0033s batch_t=0.0341s epoch_t=00:00.45 lr=0.000199 | GPU MB alloc/reserved=69.9/854.0
2026-04-07 12:16:18 | INFO | [Round 10] Epoch 57/80 time=00:00.45 avg=00:00.40 ETA=00:09.14 | GPU MB alloc/reserved=69.9/854.0
2026-04-07 12:16:19 | INFO | [Round 10] epoch=58/80 loss=0.9576 acc=65.13 val_acc=nan data_t=0.0023s batch_t=0.0343s epoch_t=00:00.44 lr=0.000184 | GPU MB alloc/reserved=69.9/854.0
2026-04-07 12:16:19 | INFO | [Round 10] Epoch 58/80 time=00:00.44 avg=00:00.40 ETA=00:08.76 | GPU MB alloc/reserved=69.9/854.0
2026-04-07 12:16:19 | INFO | [Round 10] epoch=59/80 loss=0.9485 acc=65.13 val_acc=nan data_t=0.0035s batch_t=0.0342s epoch_t=00:00.45 lr=0.000169 | GPU MB alloc/reserved=69.9/854.0
2026-04-07 12:16:19 | INFO | [Round 10] Epoch 59/80 time=00:00.45 avg=00:00.40 ETA=00:08.38 | GPU MB alloc/reserved=69.9/854.0
2026-04-07 12:16:19 | INFO | [Round 10] epoch=60/80 loss=0.9712 acc=63.87 val_acc=nan data_t=0.0021s batch_t=0.0234s epoch_t=00:00.31 lr=0.000155 | GPU MB alloc/reserved=69.9/854.0
2026-04-07 12:16:19 | INFO | [Round 10] Epoch 60/80 time=00:00.31 avg=00:00.40 ETA=00:07.95 | GPU MB alloc/reserved=69.9/854.0
2026-04-07 12:16:20 | INFO | [Round 10] epoch=61/80 loss=0.9432 acc=65.33 val_acc=nan data_t=0.0025s batch_t=0.0118s epoch_t=00:00.17 lr=0.000142 | GPU MB alloc/reserved=69.9/854.0
2026-04-07 12:16:20 | INFO | [Round 10] Epoch 61/80 time=00:00.17 avg=00:00.39 ETA=00:07.48 | GPU MB alloc/reserved=69.9/854.0
2026-04-07 12:16:20 | INFO | [Round 10] epoch=62/80 loss=0.9133 acc=65.67 val_acc=nan data_t=0.0026s batch_t=0.0342s epoch_t=00:00.44 lr=0.000129 | GPU MB alloc/reserved=69.9/854.0
2026-04-07 12:16:20 | INFO | [Round 10] Epoch 62/80 time=00:00.44 avg=00:00.39 ETA=00:07.10 | GPU MB alloc/reserved=69.9/854.0
2026-04-07 12:16:20 | INFO | [Round 10] epoch=63/80 loss=0.9285 acc=65.47 val_acc=nan data_t=0.0033s batch_t=0.0344s epoch_t=00:00.45 lr=0.000116 | GPU MB alloc/reserved=69.9/854.0
2026-04-07 12:16:20 | INFO | [Round 10] Epoch 63/80 time=00:00.45 avg=00:00.40 ETA=00:06.72 | GPU MB alloc/reserved=69.9/854.0
2026-04-07 12:16:21 | INFO | [Round 10] epoch=64/80 loss=0.9201 acc=66.20 val_acc=nan data_t=0.0040s batch_t=0.0343s epoch_t=00:00.46 lr=0.000105 | GPU MB alloc/reserved=69.9/854.0
2026-04-07 12:16:21 | INFO | [Round 10] Epoch 64/80 time=00:00.46 avg=00:00.40 ETA=00:06.34 | GPU MB alloc/reserved=69.9/854.0
2026-04-07 12:16:21 | INFO | [Round 10] epoch=65/80 loss=0.9191 acc=65.93 val_acc=nan data_t=0.0024s batch_t=0.0345s epoch_t=00:00.44 lr=0.000093 | GPU MB alloc/reserved=69.9/854.0
2026-04-07 12:16:21 | INFO | [Round 10] Epoch 65/80 time=00:00.44 avg=00:00.40 ETA=00:05.96 | GPU MB alloc/reserved=69.9/854.0
2026-04-07 12:16:22 | INFO | [Round 10] epoch=66/80 loss=0.9089 acc=66.93 val_acc=nan data_t=0.0034s batch_t=0.0305s epoch_t=00:00.41 lr=0.000083 | GPU MB alloc/reserved=69.9/854.0
2026-04-07 12:16:22 | INFO | [Round 10] Epoch 66/80 time=00:00.41 avg=00:00.40 ETA=00:05.56 | GPU MB alloc/reserved=69.9/854.0
2026-04-07 12:16:22 | INFO | [Round 10] epoch=67/80 loss=0.9039 acc=67.60 val_acc=nan data_t=0.0032s batch_t=0.0131s epoch_t=00:00.20 lr=0.000073 | GPU MB alloc/reserved=69.9/854.0
2026-04-07 12:16:22 | INFO | [Round 10] Epoch 67/80 time=00:00.20 avg=00:00.39 ETA=00:05.13 | GPU MB alloc/reserved=69.9/854.0
2026-04-07 12:16:22 | INFO | [Round 10] epoch=68/80 loss=0.8879 acc=67.93 val_acc=nan data_t=0.0025s batch_t=0.0343s epoch_t=00:00.44 lr=0.000064 | GPU MB alloc/reserved=69.9/854.0
2026-04-07 12:16:22 | INFO | [Round 10] Epoch 68/80 time=00:00.44 avg=00:00.40 ETA=00:04.74 | GPU MB alloc/reserved=69.9/854.0
2026-04-07 12:16:23 | INFO | [Round 10] epoch=69/80 loss=0.8977 acc=65.87 val_acc=nan data_t=0.0022s batch_t=0.0344s epoch_t=00:00.44 lr=0.000055 | GPU MB alloc/reserved=69.9/854.0
2026-04-07 12:16:23 | INFO | [Round 10] Epoch 69/80 time=00:00.44 avg=00:00.40 ETA=00:04.35 | GPU MB alloc/reserved=69.9/854.0
2026-04-07 12:16:23 | INFO | [Round 10] epoch=70/80 loss=0.8869 acc=67.40 val_acc=nan data_t=0.0038s batch_t=0.0343s epoch_t=00:00.46 lr=0.000048 | GPU MB alloc/reserved=69.9/854.0
2026-04-07 12:16:23 | INFO | [Round 10] Epoch 70/80 time=00:00.46 avg=00:00.40 ETA=00:03.97 | GPU MB alloc/reserved=69.9/854.0
2026-04-07 12:16:24 | INFO | [Round 10] epoch=71/80 loss=0.8739 acc=69.13 val_acc=nan data_t=0.0039s batch_t=0.0342s epoch_t=00:00.46 lr=0.000041 | GPU MB alloc/reserved=69.9/854.0
2026-04-07 12:16:24 | INFO | [Round 10] Epoch 71/80 time=00:00.46 avg=00:00.40 ETA=00:03.58 | GPU MB alloc/reserved=69.9/854.0
2026-04-07 12:16:24 | INFO | [Round 10] epoch=72/80 loss=0.8859 acc=66.73 val_acc=nan data_t=0.0024s batch_t=0.0319s epoch_t=00:00.41 lr=0.000034 | GPU MB alloc/reserved=69.9/854.0
2026-04-07 12:16:24 | INFO | [Round 10] Epoch 72/80 time=00:00.41 avg=00:00.40 ETA=00:03.18 | GPU MB alloc/reserved=69.9/854.0
2026-04-07 12:16:24 | INFO | [Round 10] epoch=73/80 loss=0.8664 acc=68.40 val_acc=nan data_t=0.0024s batch_t=0.0087s epoch_t=00:00.13 lr=0.000029 | GPU MB alloc/reserved=69.9/854.0
2026-04-07 12:16:24 | INFO | [Round 10] Epoch 73/80 time=00:00.13 avg=00:00.39 ETA=00:02.76 | GPU MB alloc/reserved=69.9/854.0
2026-04-07 12:16:25 | INFO | [Round 10] epoch=74/80 loss=0.8877 acc=67.27 val_acc=nan data_t=0.0035s batch_t=0.0343s epoch_t=00:00.45 lr=0.000024 | GPU MB alloc/reserved=69.9/854.0
2026-04-07 12:16:25 | INFO | [Round 10] Epoch 74/80 time=00:00.45 avg=00:00.39 ETA=00:02.37 | GPU MB alloc/reserved=69.9/854.0
2026-04-07 12:16:25 | INFO | [Round 10] epoch=75/80 loss=0.8830 acc=67.20 val_acc=nan data_t=0.0034s batch_t=0.0342s epoch_t=00:00.45 lr=0.000020 | GPU MB alloc/reserved=69.9/854.0
2026-04-07 12:16:25 | INFO | [Round 10] Epoch 75/80 time=00:00.45 avg=00:00.40 ETA=00:01.98 | GPU MB alloc/reserved=69.9/854.0
2026-04-07 12:16:26 | INFO | [Round 10] epoch=76/80 loss=0.8849 acc=67.07 val_acc=nan data_t=0.0023s batch_t=0.0344s epoch_t=00:00.44 lr=0.000016 | GPU MB alloc/reserved=69.9/854.0
2026-04-07 12:16:26 | INFO | [Round 10] Epoch 76/80 time=00:00.44 avg=00:00.40 ETA=00:01.58 | GPU MB alloc/reserved=69.9/854.0
2026-04-07 12:16:26 | INFO | [Round 10] epoch=77/80 loss=0.8617 acc=68.07 val_acc=nan data_t=0.0025s batch_t=0.0342s epoch_t=00:00.44 lr=0.000013 | GPU MB alloc/reserved=69.9/854.0
2026-04-07 12:16:26 | INFO | [Round 10] Epoch 77/80 time=00:00.44 avg=00:00.40 ETA=00:01.19 | GPU MB alloc/reserved=69.9/854.0
2026-04-07 12:16:27 | INFO | [Round 10] epoch=78/80 loss=0.8715 acc=67.13 val_acc=nan data_t=0.0036s batch_t=0.0342s epoch_t=00:00.45 lr=0.000012 | GPU MB alloc/reserved=69.9/854.0
2026-04-07 12:16:27 | INFO | [Round 10] Epoch 78/80 time=00:00.45 avg=00:00.40 ETA=00:00.79 | GPU MB alloc/reserved=69.9/854.0
2026-04-07 12:16:27 | INFO | [Round 10] epoch=79/80 loss=0.8629 acc=68.60 val_acc=nan data_t=0.0036s batch_t=0.0089s epoch_t=00:00.15 lr=0.000010 | GPU MB alloc/reserved=69.9/854.0
2026-04-07 12:16:27 | INFO | [Round 10] Epoch 79/80 time=00:00.15 avg=00:00.39 ETA=00:00.39 | GPU MB alloc/reserved=69.9/854.0
2026-04-07 12:16:27 | INFO | [Round 10] epoch=80/80 loss=0.8659 acc=67.80 val_acc=nan data_t=0.0026s batch_t=0.0325s epoch_t=00:00.42 lr=0.000010 | GPU MB alloc/reserved=69.9/854.0
2026-04-07 12:16:27 | INFO | [Round 10] Epoch 80/80 time=00:00.42 avg=00:00.39 ETA=00:00.00 | GPU MB alloc/reserved=69.9/854.0
2026-04-07 12:16:27 | INFO | [Round 10] training complete in 00:31.69 (best monitor=69.133) | GPU MB alloc/reserved=69.9/854.0
2026-04-07 12:16:27 | INFO | [Round 10] evaluation started | GPU MB alloc/reserved=52.0/854.0
2026-04-07 12:16:30 | INFO | [Round 10] clean=53.87 fgsm=45.21 pgd=44.94 grad_disp_mean=nan grad_disp_sel=nan round_t=35.32s | GPU MB alloc/reserved=52.0/854.0
2026-04-07 12:16:30 | INFO | [Round 11/21] elapsed=00:35.32 avg_round=00:27.35 projected_remaining=04:33.48 | GPU MB alloc/reserved=52.0/854.0
2026-04-07 12:16:30 | INFO | [Round 11] acquisition on pool_size=48500 scored_pool=5000 budget=100 | GPU MB alloc/reserved=34.1/854.0
2026-04-07 12:16:31 | INFO | [CoreSet-unlabeled-feat] scoring progress 10/20 elapsed=00:00.21 avg/batch=0.021s ETA=00:00.21 | GPU MB alloc/reserved=40.6/854.0
2026-04-07 12:16:31 | INFO | [CoreSet-unlabeled-feat] scoring progress 20/20 elapsed=00:00.24 avg/batch=0.012s ETA=00:00.00 | GPU MB alloc/reserved=41.3/854.0
2026-04-07 12:16:31 | INFO | [CoreSet-labeled-feat] scoring progress 6/6 elapsed=00:00.20 avg/batch=0.034s ETA=00:00.00 | GPU MB alloc/reserved=43.9/854.0
2026-04-07 12:16:31 | INFO | [CoreSet] greedy 10/100 cover_radius=23.139759 | GPU: n/a
2026-04-07 12:16:31 | INFO | [CoreSet] greedy 20/100 cover_radius=22.211233 | GPU: n/a
2026-04-07 12:16:31 | INFO | [CoreSet] greedy 30/100 cover_radius=21.849773 | GPU: n/a
2026-04-07 12:16:31 | INFO | [CoreSet] greedy 40/100 cover_radius=21.396450 | GPU: n/a
2026-04-07 12:16:31 | INFO | [CoreSet] greedy 50/100 cover_radius=20.928961 | GPU: n/a
2026-04-07 12:16:31 | INFO | [CoreSet] greedy 60/100 cover_radius=20.666832 | GPU: n/a
2026-04-07 12:16:31 | INFO | [CoreSet] greedy 70/100 cover_radius=20.511326 | GPU: n/a
2026-04-07 12:16:31 | INFO | [CoreSet] greedy 80/100 cover_radius=20.208870 | GPU: n/a
2026-04-07 12:16:31 | INFO | [CoreSet] greedy 90/100 cover_radius=20.119637 | GPU: n/a
2026-04-07 12:16:31 | INFO | [CoreSet] greedy 100/100 cover_radius=19.963333 | GPU: n/a
2026-04-07 12:16:31 | INFO | [Round 11] labeled=1600 train=1600 val_fixed=0 | GPU MB alloc/reserved=43.1/854.0
2026-04-07 12:16:32 | INFO | [Round 11] epoch=1/80 loss=5.7698 acc=13.75 val_acc=nan data_t=0.0137s batch_t=0.0359s epoch_t=00:00.65 lr=0.001000 | GPU MB alloc/reserved=69.9/854.0
2026-04-07 12:16:32 | INFO | [Round 11] Epoch 1/80 time=00:00.65 avg=00:00.65 ETA=00:50.96 | GPU MB alloc/reserved=69.9/854.0
2026-04-07 12:16:33 | INFO | [Round 11] epoch=2/80 loss=2.1862 acc=21.00 val_acc=nan data_t=0.0032s batch_t=0.0342s epoch_t=00:00.49 lr=0.000998 | GPU MB alloc/reserved=69.9/854.0
2026-04-07 12:16:33 | INFO | [Round 11] Epoch 2/80 time=00:00.49 avg=00:00.57 ETA=00:44.09 | GPU MB alloc/reserved=69.9/854.0
2026-04-07 12:16:33 | INFO | [Round 11] epoch=3/80 loss=2.0769 acc=25.25 val_acc=nan data_t=0.0032s batch_t=0.0341s epoch_t=00:00.49 lr=0.000997 | GPU MB alloc/reserved=69.9/854.0
2026-04-07 12:16:33 | INFO | [Round 11] Epoch 3/80 time=00:00.49 avg=00:00.54 ETA=00:41.48 | GPU MB alloc/reserved=69.9/854.0
2026-04-07 12:16:34 | INFO | [Round 11] epoch=4/80 loss=2.0060 acc=26.69 val_acc=nan data_t=0.0033s batch_t=0.0327s epoch_t=00:00.47 lr=0.000994 | GPU MB alloc/reserved=69.9/854.0
2026-04-07 12:16:34 | INFO | [Round 11] Epoch 4/80 time=00:00.47 avg=00:00.52 ETA=00:39.59 | GPU MB alloc/reserved=69.9/854.0
2026-04-07 12:16:34 | INFO | [Round 11] epoch=5/80 loss=1.9694 acc=30.38 val_acc=nan data_t=0.0031s batch_t=0.0109s epoch_t=00:00.18 lr=0.000990 | GPU MB alloc/reserved=69.9/854.0
2026-04-07 12:16:34 | INFO | [Round 11] Epoch 5/80 time=00:00.18 avg=00:00.45 ETA=00:33.98 | GPU MB alloc/reserved=69.9/854.0
2026-04-07 12:16:34 | INFO | [Round 11] epoch=6/80 loss=1.9308 acc=31.06 val_acc=nan data_t=0.0027s batch_t=0.0342s epoch_t=00:00.48 lr=0.000986 | GPU MB alloc/reserved=69.9/854.0
2026-04-07 12:16:34 | INFO | [Round 11] Epoch 6/80 time=00:00.48 avg=00:00.46 ETA=00:33.87 | GPU MB alloc/reserved=69.9/854.0
2026-04-07 12:16:35 | INFO | [Round 11] epoch=7/80 loss=1.8740 acc=32.81 val_acc=nan data_t=0.0032s batch_t=0.0341s epoch_t=00:00.49 lr=0.000981 | GPU MB alloc/reserved=69.9/854.0
2026-04-07 12:16:35 | INFO | [Round 11] Epoch 7/80 time=00:00.49 avg=00:00.46 ETA=00:33.70 | GPU MB alloc/reserved=69.9/854.0
2026-04-07 12:16:35 | INFO | [Round 11] epoch=8/80 loss=1.8352 acc=34.88 val_acc=nan data_t=0.0030s batch_t=0.0340s epoch_t=00:00.48 lr=0.000976 | GPU MB alloc/reserved=69.9/854.0
2026-04-07 12:16:35 | INFO | [Round 11] Epoch 8/80 time=00:00.48 avg=00:00.46 ETA=00:33.41 | GPU MB alloc/reserved=69.9/854.0
2026-04-07 12:16:36 | INFO | [Round 11] epoch=9/80 loss=1.7670 acc=34.81 val_acc=nan data_t=0.0031s batch_t=0.0341s epoch_t=00:00.48 lr=0.000969 | GPU MB alloc/reserved=69.9/854.0
2026-04-07 12:16:36 | INFO | [Round 11] Epoch 9/80 time=00:00.48 avg=00:00.47 ETA=00:33.10 | GPU MB alloc/reserved=69.9/854.0
2026-04-07 12:16:36 | INFO | [Round 11] epoch=10/80 loss=1.7194 acc=37.56 val_acc=nan data_t=0.0030s batch_t=0.0227s epoch_t=00:00.33 lr=0.000962 | GPU MB alloc/reserved=69.9/854.0
2026-04-07 12:16:36 | INFO | [Round 11] Epoch 10/80 time=00:00.33 avg=00:00.45 ETA=00:31.71 | GPU MB alloc/reserved=69.9/854.0
2026-04-07 12:16:36 | INFO | [Round 11] epoch=11/80 loss=1.7176 acc=37.81 val_acc=nan data_t=0.0030s batch_t=0.0176s epoch_t=00:00.27 lr=0.000955 | GPU MB alloc/reserved=69.9/854.0
2026-04-07 12:16:36 | INFO | [Round 11] Epoch 11/80 time=00:00.27 avg=00:00.44 ETA=00:30.10 | GPU MB alloc/reserved=69.9/854.0
2026-04-07 12:16:37 | INFO | [Round 11] epoch=12/80 loss=1.6728 acc=39.44 val_acc=nan data_t=0.0033s batch_t=0.0340s epoch_t=00:00.49 lr=0.000946 | GPU MB alloc/reserved=69.9/854.0
2026-04-07 12:16:37 | INFO | [Round 11] Epoch 12/80 time=00:00.49 avg=00:00.44 ETA=00:29.94 | GPU MB alloc/reserved=69.9/854.0
2026-04-07 12:16:37 | INFO | [Round 11] epoch=13/80 loss=1.6130 acc=40.81 val_acc=nan data_t=0.0024s batch_t=0.0341s epoch_t=00:00.48 lr=0.000937 | GPU MB alloc/reserved=69.9/854.0
2026-04-07 12:16:37 | INFO | [Round 11] Epoch 13/80 time=00:00.48 avg=00:00.44 ETA=00:29.68 | GPU MB alloc/reserved=69.9/854.0
2026-04-07 12:16:38 | INFO | [Round 11] epoch=14/80 loss=1.6258 acc=41.19 val_acc=nan data_t=0.0032s batch_t=0.0341s epoch_t=00:00.49 lr=0.000927 | GPU MB alloc/reserved=69.9/854.0
2026-04-07 12:16:38 | INFO | [Round 11] Epoch 14/80 time=00:00.49 avg=00:00.45 ETA=00:29.43 | GPU MB alloc/reserved=69.9/854.0
2026-04-07 12:16:38 | INFO | [Round 11] epoch=15/80 loss=1.5807 acc=41.62 val_acc=nan data_t=0.0032s batch_t=0.0342s epoch_t=00:00.49 lr=0.000917 | GPU MB alloc/reserved=69.9/854.0
2026-04-07 12:16:38 | INFO | [Round 11] Epoch 15/80 time=00:00.49 avg=00:00.45 ETA=00:29.16 | GPU MB alloc/reserved=69.9/854.0
2026-04-07 12:16:38 | INFO | [Round 11] epoch=16/80 loss=1.5342 acc=44.12 val_acc=nan data_t=0.0020s batch_t=0.0162s epoch_t=00:00.24 lr=0.000905 | GPU MB alloc/reserved=69.9/854.0
2026-04-07 12:16:38 | INFO | [Round 11] Epoch 16/80 time=00:00.24 avg=00:00.44 ETA=00:27.86 | GPU MB alloc/reserved=69.9/854.0
2026-04-07 12:16:39 | INFO | [Round 11] epoch=17/80 loss=1.5404 acc=42.12 val_acc=nan data_t=0.0034s batch_t=0.0261s epoch_t=00:00.38 lr=0.000894 | GPU MB alloc/reserved=69.9/854.0
2026-04-07 12:16:39 | INFO | [Round 11] Epoch 17/80 time=00:00.38 avg=00:00.43 ETA=00:27.24 | GPU MB alloc/reserved=69.9/854.0
2026-04-07 12:16:39 | INFO | [Round 11] epoch=18/80 loss=1.5181 acc=45.19 val_acc=nan data_t=0.0021s batch_t=0.0340s epoch_t=00:00.47 lr=0.000881 | GPU MB alloc/reserved=69.9/854.0
2026-04-07 12:16:39 | INFO | [Round 11] Epoch 18/80 time=00:00.47 avg=00:00.43 ETA=00:26.93 | GPU MB alloc/reserved=69.9/854.0
2026-04-07 12:16:40 | INFO | [Round 11] epoch=19/80 loss=1.4611 acc=46.06 val_acc=nan data_t=0.0031s batch_t=0.0341s epoch_t=00:00.48 lr=0.000868 | GPU MB alloc/reserved=69.9/854.0
2026-04-07 12:16:40 | INFO | [Round 11] Epoch 19/80 time=00:00.48 avg=00:00.44 ETA=00:26.65 | GPU MB alloc/reserved=69.9/854.0
2026-04-07 12:16:40 | INFO | [Round 11] epoch=20/80 loss=1.4419 acc=45.75 val_acc=nan data_t=0.0025s batch_t=0.0341s epoch_t=00:00.48 lr=0.000855 | GPU MB alloc/reserved=69.9/854.0
2026-04-07 12:16:40 | INFO | [Round 11] Epoch 20/80 time=00:00.48 avg=00:00.44 ETA=00:26.33 | GPU MB alloc/reserved=69.9/854.0
2026-04-07 12:16:41 | INFO | [Round 11] epoch=21/80 loss=1.4314 acc=46.31 val_acc=nan data_t=0.0031s batch_t=0.0342s epoch_t=00:00.48 lr=0.000841 | GPU MB alloc/reserved=69.9/854.0
2026-04-07 12:16:41 | INFO | [Round 11] Epoch 21/80 time=00:00.48 avg=00:00.44 ETA=00:26.02 | GPU MB alloc/reserved=69.9/854.0
2026-04-07 12:16:41 | INFO | [Round 11] epoch=22/80 loss=1.4246 acc=46.31 val_acc=nan data_t=0.0031s batch_t=0.0108s epoch_t=00:00.18 lr=0.000826 | GPU MB alloc/reserved=69.9/854.0
2026-04-07 12:16:41 | INFO | [Round 11] Epoch 22/80 time=00:00.18 avg=00:00.43 ETA=00:24.89 | GPU MB alloc/reserved=69.9/854.0
2026-04-07 12:16:41 | INFO | [Round 11] epoch=23/80 loss=1.3941 acc=48.31 val_acc=nan data_t=0.0024s batch_t=0.0307s epoch_t=00:00.43 lr=0.000811 | GPU MB alloc/reserved=69.9/854.0
2026-04-07 12:16:41 | INFO | [Round 11] Epoch 23/80 time=00:00.43 avg=00:00.43 ETA=00:24.47 | GPU MB alloc/reserved=69.9/854.0
2026-04-07 12:16:42 | INFO | [Round 11] epoch=24/80 loss=1.3847 acc=48.44 val_acc=nan data_t=0.0021s batch_t=0.0341s epoch_t=00:00.47 lr=0.000796 | GPU MB alloc/reserved=69.9/854.0
2026-04-07 12:16:42 | INFO | [Round 11] Epoch 24/80 time=00:00.47 avg=00:00.43 ETA=00:24.13 | GPU MB alloc/reserved=69.9/854.0
2026-04-07 12:16:42 | INFO | [Round 11] epoch=25/80 loss=1.3666 acc=50.81 val_acc=nan data_t=0.0029s batch_t=0.0341s epoch_t=00:00.48 lr=0.000780 | GPU MB alloc/reserved=69.9/854.0
2026-04-07 12:16:42 | INFO | [Round 11] Epoch 25/80 time=00:00.48 avg=00:00.43 ETA=00:23.81 | GPU MB alloc/reserved=69.9/854.0
2026-04-07 12:16:43 | INFO | [Round 11] epoch=26/80 loss=1.3448 acc=49.44 val_acc=nan data_t=0.0021s batch_t=0.0341s epoch_t=00:00.47 lr=0.000764 | GPU MB alloc/reserved=69.9/854.0
2026-04-07 12:16:43 | INFO | [Round 11] Epoch 26/80 time=00:00.47 avg=00:00.43 ETA=00:23.46 | GPU MB alloc/reserved=69.9/854.0
2026-04-07 12:16:43 | INFO | [Round 11] epoch=27/80 loss=1.3413 acc=51.75 val_acc=nan data_t=0.0022s batch_t=0.0331s epoch_t=00:00.46 lr=0.000747 | GPU MB alloc/reserved=69.9/854.0
2026-04-07 12:16:43 | INFO | [Round 11] Epoch 27/80 time=00:00.46 avg=00:00.44 ETA=00:23.07 | GPU MB alloc/reserved=69.9/854.0
2026-04-07 12:16:44 | INFO | [Round 11] epoch=28/80 loss=1.3260 acc=50.38 val_acc=nan data_t=0.0040s batch_t=0.0255s epoch_t=00:00.38 lr=0.000730 | GPU MB alloc/reserved=69.9/854.0
2026-04-07 12:16:44 | INFO | [Round 11] Epoch 28/80 time=00:00.38 avg=00:00.43 ETA=00:22.54 | GPU MB alloc/reserved=69.9/854.0
2026-04-07 12:16:44 | INFO | [Round 11] epoch=29/80 loss=1.3041 acc=52.56 val_acc=nan data_t=0.0029s batch_t=0.0340s epoch_t=00:00.48 lr=0.000712 | GPU MB alloc/reserved=69.9/854.0
2026-04-07 12:16:44 | INFO | [Round 11] Epoch 29/80 time=00:00.48 avg=00:00.44 ETA=00:22.19 | GPU MB alloc/reserved=69.9/854.0
2026-04-07 12:16:45 | INFO | [Round 11] epoch=30/80 loss=1.2986 acc=51.56 val_acc=nan data_t=0.0037s batch_t=0.0341s epoch_t=00:00.49 lr=0.000694 | GPU MB alloc/reserved=69.9/854.0
2026-04-07 12:16:45 | INFO | [Round 11] Epoch 30/80 time=00:00.49 avg=00:00.44 ETA=00:21.85 | GPU MB alloc/reserved=69.9/854.0
2026-04-07 12:16:45 | INFO | [Round 11] epoch=31/80 loss=1.2609 acc=53.50 val_acc=nan data_t=0.0026s batch_t=0.0342s epoch_t=00:00.48 lr=0.000676 | GPU MB alloc/reserved=69.9/854.0
2026-04-07 12:16:45 | INFO | [Round 11] Epoch 31/80 time=00:00.48 avg=00:00.44 ETA=00:21.48 | GPU MB alloc/reserved=69.9/854.0
2026-04-07 12:16:46 | INFO | [Round 11] epoch=32/80 loss=1.2399 acc=55.44 val_acc=nan data_t=0.0022s batch_t=0.0341s epoch_t=00:00.47 lr=0.000658 | GPU MB alloc/reserved=69.9/854.0
2026-04-07 12:16:46 | INFO | [Round 11] Epoch 32/80 time=00:00.47 avg=00:00.44 ETA=00:21.09 | GPU MB alloc/reserved=69.9/854.0
2026-04-07 12:16:46 | INFO | [Round 11] epoch=33/80 loss=1.1930 acc=56.69 val_acc=nan data_t=0.0021s batch_t=0.0134s epoch_t=00:00.20 lr=0.000639 | GPU MB alloc/reserved=69.9/854.0
2026-04-07 12:16:46 | INFO | [Round 11] Epoch 33/80 time=00:00.20 avg=00:00.43 ETA=00:20.31 | GPU MB alloc/reserved=69.9/854.0
2026-04-07 12:16:46 | INFO | [Round 11] epoch=34/80 loss=1.2169 acc=55.69 val_acc=nan data_t=0.0022s batch_t=0.0245s epoch_t=00:00.35 lr=0.000621 | GPU MB alloc/reserved=69.9/854.0
2026-04-07 12:16:46 | INFO | [Round 11] Epoch 34/80 time=00:00.35 avg=00:00.43 ETA=00:19.77 | GPU MB alloc/reserved=69.9/854.0
2026-04-07 12:16:47 | INFO | [Round 11] epoch=35/80 loss=1.1893 acc=56.19 val_acc=nan data_t=0.0025s batch_t=0.0341s epoch_t=00:00.48 lr=0.000602 | GPU MB alloc/reserved=69.9/854.0
2026-04-07 12:16:47 | INFO | [Round 11] Epoch 35/80 time=00:00.48 avg=00:00.43 ETA=00:19.40 | GPU MB alloc/reserved=69.9/854.0
2026-04-07 12:16:47 | INFO | [Round 11] epoch=36/80 loss=1.1827 acc=57.25 val_acc=nan data_t=0.0033s batch_t=0.0341s epoch_t=00:00.49 lr=0.000582 | GPU MB alloc/reserved=69.9/854.0
2026-04-07 12:16:47 | INFO | [Round 11] Epoch 36/80 time=00:00.49 avg=00:00.43 ETA=00:19.03 | GPU MB alloc/reserved=69.9/854.0
2026-04-07 12:16:48 | INFO | [Round 11] epoch=37/80 loss=1.1983 acc=55.19 val_acc=nan data_t=0.0029s batch_t=0.0341s epoch_t=00:00.48 lr=0.000563 | GPU MB alloc/reserved=69.9/854.0
2026-04-07 12:16:48 | INFO | [Round 11] Epoch 37/80 time=00:00.48 avg=00:00.43 ETA=00:18.66 | GPU MB alloc/reserved=69.9/854.0
2026-04-07 12:16:48 | INFO | [Round 11] epoch=38/80 loss=1.1355 acc=56.50 val_acc=nan data_t=0.0034s batch_t=0.0341s epoch_t=00:00.49 lr=0.000544 | GPU MB alloc/reserved=69.9/854.0
2026-04-07 12:16:48 | INFO | [Round 11] Epoch 38/80 time=00:00.49 avg=00:00.44 ETA=00:18.28 | GPU MB alloc/reserved=69.9/854.0
2026-04-07 12:16:48 | INFO | [Round 11] epoch=39/80 loss=1.1114 acc=59.62 val_acc=nan data_t=0.0029s batch_t=0.0113s epoch_t=00:00.18 lr=0.000524 | GPU MB alloc/reserved=69.9/854.0
2026-04-07 12:16:48 | INFO | [Round 11] Epoch 39/80 time=00:00.18 avg=00:00.43 ETA=00:17.58 | GPU MB alloc/reserved=69.9/854.0
2026-04-07 12:16:49 | INFO | [Round 11] epoch=40/80 loss=1.1254 acc=58.06 val_acc=nan data_t=0.0033s batch_t=0.0321s epoch_t=00:00.46 lr=0.000505 | GPU MB alloc/reserved=69.9/854.0
2026-04-07 12:16:49 | INFO | [Round 11] Epoch 40/80 time=00:00.46 avg=00:00.43 ETA=00:17.19 | GPU MB alloc/reserved=69.9/854.0
2026-04-07 12:16:49 | INFO | [Round 11] epoch=41/80 loss=1.0955 acc=60.12 val_acc=nan data_t=0.0021s batch_t=0.0341s epoch_t=00:00.47 lr=0.000486 | GPU MB alloc/reserved=69.9/854.0
2026-04-07 12:16:49 | INFO | [Round 11] Epoch 41/80 time=00:00.47 avg=00:00.43 ETA=00:16.80 | GPU MB alloc/reserved=69.9/854.0
2026-04-07 12:16:50 | INFO | [Round 11] epoch=42/80 loss=1.0710 acc=61.31 val_acc=nan data_t=0.0026s batch_t=0.0341s epoch_t=00:00.48 lr=0.000466 | GPU MB alloc/reserved=69.9/854.0
2026-04-07 12:16:50 | INFO | [Round 11] Epoch 42/80 time=00:00.48 avg=00:00.43 ETA=00:16.41 | GPU MB alloc/reserved=69.9/854.0
2026-04-07 12:16:50 | INFO | [Round 11] epoch=43/80 loss=1.0680 acc=61.31 val_acc=nan data_t=0.0031s batch_t=0.0341s epoch_t=00:00.48 lr=0.000447 | GPU MB alloc/reserved=69.9/854.0
2026-04-07 12:16:50 | INFO | [Round 11] Epoch 43/80 time=00:00.48 avg=00:00.43 ETA=00:16.02 | GPU MB alloc/reserved=69.9/854.0
2026-04-07 12:16:51 | INFO | [Round 11] epoch=44/80 loss=1.0648 acc=60.50 val_acc=nan data_t=0.0033s batch_t=0.0300s epoch_t=00:00.43 lr=0.000428 | GPU MB alloc/reserved=69.9/854.0
2026-04-07 12:16:51 | INFO | [Round 11] Epoch 44/80 time=00:00.43 avg=00:00.43 ETA=00:15.59 | GPU MB alloc/reserved=69.9/854.0
2026-04-07 12:16:51 | INFO | [Round 11] epoch=45/80 loss=1.0252 acc=63.12 val_acc=nan data_t=0.0031s batch_t=0.0089s epoch_t=00:00.16 lr=0.000408 | GPU MB alloc/reserved=69.9/854.0
2026-04-07 12:16:51 | INFO | [Round 11] Epoch 45/80 time=00:00.16 avg=00:00.43 ETA=00:14.94 | GPU MB alloc/reserved=69.9/854.0
2026-04-07 12:16:51 | INFO | [Round 11] epoch=46/80 loss=0.9920 acc=62.12 val_acc=nan data_t=0.0023s batch_t=0.0341s epoch_t=00:00.47 lr=0.000389 | GPU MB alloc/reserved=69.9/854.0
2026-04-07 12:16:51 | INFO | [Round 11] Epoch 46/80 time=00:00.47 avg=00:00.43 ETA=00:14.55 | GPU MB alloc/reserved=69.9/854.0
2026-04-07 12:16:52 | INFO | [Round 11] epoch=47/80 loss=0.9894 acc=63.94 val_acc=nan data_t=0.0038s batch_t=0.0341s epoch_t=00:00.49 lr=0.000371 | GPU MB alloc/reserved=69.9/854.0
2026-04-07 12:16:52 | INFO | [Round 11] Epoch 47/80 time=00:00.49 avg=00:00.43 ETA=00:14.16 | GPU MB alloc/reserved=69.9/854.0
2026-04-07 12:16:52 | INFO | [Round 11] epoch=48/80 loss=1.0199 acc=62.31 val_acc=nan data_t=0.0020s batch_t=0.0341s epoch_t=00:00.47 lr=0.000352 | GPU MB alloc/reserved=69.9/854.0
2026-04-07 12:16:52 | INFO | [Round 11] Epoch 48/80 time=00:00.47 avg=00:00.43 ETA=00:13.76 | GPU MB alloc/reserved=69.9/854.0
2026-04-07 12:16:53 | INFO | [Round 11] epoch=49/80 loss=0.9975 acc=62.81 val_acc=nan data_t=0.0034s batch_t=0.0342s epoch_t=00:00.49 lr=0.000334 | GPU MB alloc/reserved=69.9/854.0
2026-04-07 12:16:53 | INFO | [Round 11] Epoch 49/80 time=00:00.49 avg=00:00.43 ETA=00:13.37 | GPU MB alloc/reserved=69.9/854.0
2026-04-07 12:16:53 | INFO | [Round 11] epoch=50/80 loss=0.9586 acc=65.50 val_acc=nan data_t=0.0045s batch_t=0.0228s epoch_t=00:00.36 lr=0.000316 | GPU MB alloc/reserved=69.9/854.0
2026-04-07 12:16:53 | INFO | [Round 11] Epoch 50/80 time=00:00.36 avg=00:00.43 ETA=00:12.89 | GPU MB alloc/reserved=69.9/854.0
2026-04-07 12:16:53 | INFO | [Round 11] epoch=51/80 loss=0.9751 acc=64.38 val_acc=nan data_t=0.0022s batch_t=0.0146s epoch_t=00:00.22 lr=0.000298 | GPU MB alloc/reserved=69.9/854.0
2026-04-07 12:16:53 | INFO | [Round 11] Epoch 51/80 time=00:00.22 avg=00:00.43 ETA=00:12.34 | GPU MB alloc/reserved=69.9/854.0
2026-04-07 12:16:54 | INFO | [Round 11] epoch=52/80 loss=0.9722 acc=64.62 val_acc=nan data_t=0.0045s batch_t=0.0341s epoch_t=00:00.50 lr=0.000280 | GPU MB alloc/reserved=69.9/854.0
2026-04-07 12:16:54 | INFO | [Round 11] Epoch 52/80 time=00:00.50 avg=00:00.43 ETA=00:11.96 | GPU MB alloc/reserved=69.9/854.0
2026-04-07 12:16:54 | INFO | [Round 11] epoch=53/80 loss=0.9467 acc=64.38 val_acc=nan data_t=0.0042s batch_t=0.0341s epoch_t=00:00.50 lr=0.000263 | GPU MB alloc/reserved=69.9/854.0
2026-04-07 12:16:54 | INFO | [Round 11] Epoch 53/80 time=00:00.50 avg=00:00.43 ETA=00:11.57 | GPU MB alloc/reserved=69.9/854.0
2026-04-07 12:16:55 | INFO | [Round 11] epoch=54/80 loss=0.8965 acc=66.88 val_acc=nan data_t=0.0034s batch_t=0.0341s epoch_t=00:00.49 lr=0.000246 | GPU MB alloc/reserved=69.9/854.0
2026-04-07 12:16:55 | INFO | [Round 11] Epoch 54/80 time=00:00.49 avg=00:00.43 ETA=00:11.17 | GPU MB alloc/reserved=69.9/854.0
2026-04-07 12:16:55 | INFO | [Round 11] epoch=55/80 loss=0.9130 acc=65.62 val_acc=nan data_t=0.0048s batch_t=0.0341s epoch_t=00:00.51 lr=0.000230 | GPU MB alloc/reserved=69.9/854.0
2026-04-07 12:16:55 | INFO | [Round 11] Epoch 55/80 time=00:00.51 avg=00:00.43 ETA=00:10.77 | GPU MB alloc/reserved=69.9/854.0
2026-04-07 12:16:55 | INFO | [Round 11] epoch=56/80 loss=0.8901 acc=67.06 val_acc=nan data_t=0.0040s batch_t=0.0123s epoch_t=00:00.21 lr=0.000214 | GPU MB alloc/reserved=69.9/854.0
2026-04-07 12:16:55 | INFO | [Round 11] Epoch 56/80 time=00:00.21 avg=00:00.43 ETA=00:10.25 | GPU MB alloc/reserved=69.9/854.0
2026-04-07 12:16:56 | INFO | [Round 11] epoch=57/80 loss=0.9084 acc=67.62 val_acc=nan data_t=0.0022s batch_t=0.0295s epoch_t=00:00.41 lr=0.000199 | GPU MB alloc/reserved=69.9/854.0
2026-04-07 12:16:56 | INFO | [Round 11] Epoch 57/80 time=00:00.41 avg=00:00.43 ETA=00:09.81 | GPU MB alloc/reserved=69.9/854.0
2026-04-07 12:16:56 | INFO | [Round 11] epoch=58/80 loss=0.8961 acc=66.69 val_acc=nan data_t=0.0039s batch_t=0.0341s epoch_t=00:00.49 lr=0.000184 | GPU MB alloc/reserved=69.9/854.0
2026-04-07 12:16:56 | INFO | [Round 11] Epoch 58/80 time=00:00.49 avg=00:00.43 ETA=00:09.41 | GPU MB alloc/reserved=69.9/854.0
2026-04-07 12:16:57 | INFO | [Round 11] epoch=59/80 loss=0.8507 acc=69.25 val_acc=nan data_t=0.0036s batch_t=0.0342s epoch_t=00:00.49 lr=0.000169 | GPU MB alloc/reserved=69.9/854.0
2026-04-07 12:16:57 | INFO | [Round 11] Epoch 59/80 time=00:00.49 avg=00:00.43 ETA=00:09.01 | GPU MB alloc/reserved=69.9/854.0
2026-04-07 12:16:57 | INFO | [Round 11] epoch=60/80 loss=0.8422 acc=68.12 val_acc=nan data_t=0.0021s batch_t=0.0343s epoch_t=00:00.47 lr=0.000155 | GPU MB alloc/reserved=69.9/854.0
2026-04-07 12:16:57 | INFO | [Round 11] Epoch 60/80 time=00:00.47 avg=00:00.43 ETA=00:08.59 | GPU MB alloc/reserved=69.9/854.0
2026-04-07 12:16:58 | INFO | [Round 11] epoch=61/80 loss=0.8328 acc=70.31 val_acc=nan data_t=0.0031s batch_t=0.0314s epoch_t=00:00.45 lr=0.000142 | GPU MB alloc/reserved=69.9/854.0
2026-04-07 12:16:58 | INFO | [Round 11] Epoch 61/80 time=00:00.45 avg=00:00.43 ETA=00:08.17 | GPU MB alloc/reserved=69.9/854.0
2026-04-07 12:16:58 | INFO | [Round 11] epoch=62/80 loss=0.8468 acc=68.88 val_acc=nan data_t=0.0031s batch_t=0.0114s epoch_t=00:00.19 lr=0.000129 | GPU MB alloc/reserved=69.9/854.0
2026-04-07 12:16:58 | INFO | [Round 11] Epoch 62/80 time=00:00.19 avg=00:00.43 ETA=00:07.67 | GPU MB alloc/reserved=69.9/854.0
2026-04-07 12:16:58 | INFO | [Round 11] epoch=63/80 loss=0.8329 acc=70.00 val_acc=nan data_t=0.0022s batch_t=0.0340s epoch_t=00:00.47 lr=0.000116 | GPU MB alloc/reserved=69.9/854.0
2026-04-07 12:16:58 | INFO | [Round 11] Epoch 63/80 time=00:00.47 avg=00:00.43 ETA=00:07.26 | GPU MB alloc/reserved=69.9/854.0
2026-04-07 12:16:59 | INFO | [Round 11] epoch=64/80 loss=0.8217 acc=70.31 val_acc=nan data_t=0.0030s batch_t=0.0342s epoch_t=00:00.48 lr=0.000105 | GPU MB alloc/reserved=69.9/854.0
2026-04-07 12:16:59 | INFO | [Round 11] Epoch 64/80 time=00:00.48 avg=00:00.43 ETA=00:06.84 | GPU MB alloc/reserved=69.9/854.0
2026-04-07 12:16:59 | INFO | [Round 11] epoch=65/80 loss=0.8053 acc=70.12 val_acc=nan data_t=0.0034s batch_t=0.0344s epoch_t=00:00.49 lr=0.000093 | GPU MB alloc/reserved=69.9/854.0
2026-04-07 12:16:59 | INFO | [Round 11] Epoch 65/80 time=00:00.49 avg=00:00.43 ETA=00:06.43 | GPU MB alloc/reserved=69.9/854.0
2026-04-07 12:17:00 | INFO | [Round 11] epoch=66/80 loss=0.8068 acc=69.94 val_acc=nan data_t=0.0032s batch_t=0.0342s epoch_t=00:00.49 lr=0.000083 | GPU MB alloc/reserved=69.9/854.0
2026-04-07 12:17:00 | INFO | [Round 11] Epoch 66/80 time=00:00.49 avg=00:00.43 ETA=00:06.01 | GPU MB alloc/reserved=69.9/854.0
2026-04-07 12:17:00 | INFO | [Round 11] epoch=67/80 loss=0.8026 acc=70.62 val_acc=nan data_t=0.0031s batch_t=0.0222s epoch_t=00:00.33 lr=0.000073 | GPU MB alloc/reserved=69.9/854.0
2026-04-07 12:17:00 | INFO | [Round 11] Epoch 67/80 time=00:00.33 avg=00:00.43 ETA=00:05.56 | GPU MB alloc/reserved=69.9/854.0
2026-04-07 12:17:00 | INFO | [Round 11] epoch=68/80 loss=0.7849 acc=72.00 val_acc=nan data_t=0.0029s batch_t=0.0183s epoch_t=00:00.28 lr=0.000064 | GPU MB alloc/reserved=69.9/854.0
2026-04-07 12:17:00 | INFO | [Round 11] Epoch 68/80 time=00:00.28 avg=00:00.43 ETA=00:05.11 | GPU MB alloc/reserved=69.9/854.0
2026-04-07 12:17:01 | INFO | [Round 11] epoch=69/80 loss=0.8003 acc=70.38 val_acc=nan data_t=0.0032s batch_t=0.0344s epoch_t=00:00.49 lr=0.000055 | GPU MB alloc/reserved=69.9/854.0
2026-04-07 12:17:01 | INFO | [Round 11] Epoch 69/80 time=00:00.49 avg=00:00.43 ETA=00:04.69 | GPU MB alloc/reserved=69.9/854.0
2026-04-07 12:17:01 | INFO | [Round 11] epoch=70/80 loss=0.8103 acc=70.25 val_acc=nan data_t=0.0031s batch_t=0.0341s epoch_t=00:00.48 lr=0.000048 | GPU MB alloc/reserved=69.9/854.0
2026-04-07 12:17:01 | INFO | [Round 11] Epoch 70/80 time=00:00.48 avg=00:00.43 ETA=00:04.27 | GPU MB alloc/reserved=69.9/854.0
2026-04-07 12:17:02 | INFO | [Round 11] epoch=71/80 loss=0.7813 acc=71.25 val_acc=nan data_t=0.0030s batch_t=0.0341s epoch_t=00:00.48 lr=0.000041 | GPU MB alloc/reserved=69.9/854.0
2026-04-07 12:17:02 | INFO | [Round 11] Epoch 71/80 time=00:00.48 avg=00:00.43 ETA=00:03.85 | GPU MB alloc/reserved=69.9/854.0
2026-04-07 12:17:02 | INFO | [Round 11] epoch=72/80 loss=0.7776 acc=71.56 val_acc=nan data_t=0.0020s batch_t=0.0342s epoch_t=00:00.47 lr=0.000034 | GPU MB alloc/reserved=69.9/854.0
2026-04-07 12:17:02 | INFO | [Round 11] Epoch 72/80 time=00:00.47 avg=00:00.43 ETA=00:03.43 | GPU MB alloc/reserved=69.9/854.0
2026-04-07 12:17:03 | INFO | [Round 11] epoch=73/80 loss=0.7698 acc=72.25 val_acc=nan data_t=0.0025s batch_t=0.0161s epoch_t=00:00.24 lr=0.000029 | GPU MB alloc/reserved=69.9/854.0
2026-04-07 12:17:03 | INFO | [Round 11] Epoch 73/80 time=00:00.24 avg=00:00.43 ETA=00:02.98 | GPU MB alloc/reserved=69.9/854.0
2026-04-07 12:17:03 | INFO | [Round 11] epoch=74/80 loss=0.7649 acc=73.06 val_acc=nan data_t=0.0024s batch_t=0.0234s epoch_t=00:00.34 lr=0.000024 | GPU MB alloc/reserved=69.9/854.0
2026-04-07 12:17:03 | INFO | [Round 11] Epoch 74/80 time=00:00.34 avg=00:00.43 ETA=00:02.55 | GPU MB alloc/reserved=69.9/854.0
2026-04-07 12:17:03 | INFO | [Round 11] epoch=75/80 loss=0.7606 acc=71.88 val_acc=nan data_t=0.0030s batch_t=0.0342s epoch_t=00:00.48 lr=0.000020 | GPU MB alloc/reserved=69.9/854.0
2026-04-07 12:17:03 | INFO | [Round 11] Epoch 75/80 time=00:00.48 avg=00:00.43 ETA=00:02.13 | GPU MB alloc/reserved=69.9/854.0
2026-04-07 12:17:04 | INFO | [Round 11] epoch=76/80 loss=0.7795 acc=72.00 val_acc=nan data_t=0.0031s batch_t=0.0342s epoch_t=00:00.48 lr=0.000016 | GPU MB alloc/reserved=69.9/854.0
2026-04-07 12:17:04 | INFO | [Round 11] Epoch 76/80 time=00:00.48 avg=00:00.43 ETA=00:01.71 | GPU MB alloc/reserved=69.9/854.0
2026-04-07 12:17:04 | INFO | [Round 11] epoch=77/80 loss=0.7947 acc=70.19 val_acc=nan data_t=0.0024s batch_t=0.0342s epoch_t=00:00.48 lr=0.000013 | GPU MB alloc/reserved=69.9/854.0
2026-04-07 12:17:04 | INFO | [Round 11] Epoch 77/80 time=00:00.48 avg=00:00.43 ETA=00:01.28 | GPU MB alloc/reserved=69.9/854.0
2026-04-07 12:17:05 | INFO | [Round 11] epoch=78/80 loss=0.7466 acc=73.31 val_acc=nan data_t=0.0035s batch_t=0.0341s epoch_t=00:00.49 lr=0.000012 | GPU MB alloc/reserved=69.9/854.0
2026-04-07 12:17:05 | INFO | [Round 11] Epoch 78/80 time=00:00.49 avg=00:00.43 ETA=00:00.86 | GPU MB alloc/reserved=69.9/854.0
2026-04-07 12:17:05 | INFO | [Round 11] epoch=79/80 loss=0.7542 acc=72.56 val_acc=nan data_t=0.0023s batch_t=0.0109s epoch_t=00:00.17 lr=0.000010 | GPU MB alloc/reserved=69.9/854.0
2026-04-07 12:17:05 | INFO | [Round 11] Epoch 79/80 time=00:00.17 avg=00:00.42 ETA=00:00.42 | GPU MB alloc/reserved=69.9/854.0
2026-04-07 12:17:05 | INFO | [Round 11] epoch=80/80 loss=0.7926 acc=71.00 val_acc=nan data_t=0.0030s batch_t=0.0288s epoch_t=00:00.41 lr=0.000010 | GPU MB alloc/reserved=69.9/854.0
2026-04-07 12:17:05 | INFO | [Round 11] Epoch 80/80 time=00:00.41 avg=00:00.42 ETA=00:00.00 | GPU MB alloc/reserved=69.9/854.0
2026-04-07 12:17:06 | INFO | [Round 11] training complete in 00:34.09 (best monitor=73.312) | GPU MB alloc/reserved=69.9/854.0
2026-04-07 12:17:06 | INFO | [Round 11] evaluation started | GPU MB alloc/reserved=52.0/854.0
2026-04-07 12:17:08 | INFO | [Round 11] clean=55.84 fgsm=45.72 pgd=45.51 grad_disp_mean=nan grad_disp_sel=nan round_t=37.69s | GPU MB alloc/reserved=52.0/854.0
2026-04-07 12:17:08 | INFO | [Round 12/21] elapsed=00:37.69 avg_round=00:28.21 projected_remaining=04:13.89 | GPU MB alloc/reserved=52.0/854.0
2026-04-07 12:17:09 | INFO | [Round 12] acquisition on pool_size=48400 scored_pool=5000 budget=100 | GPU MB alloc/reserved=34.1/854.0
2026-04-07 12:17:09 | INFO | [CoreSet-unlabeled-feat] scoring progress 10/20 elapsed=00:00.20 avg/batch=0.020s ETA=00:00.20 | GPU MB alloc/reserved=40.6/854.0
2026-04-07 12:17:09 | INFO | [CoreSet-unlabeled-feat] scoring progress 20/20 elapsed=00:00.24 avg/batch=0.012s ETA=00:00.00 | GPU MB alloc/reserved=40.6/854.0
2026-04-07 12:17:09 | INFO | [CoreSet-labeled-feat] scoring progress 7/7 elapsed=00:00.18 avg/batch=0.026s ETA=00:00.00 | GPU MB alloc/reserved=41.3/854.0
2026-04-07 12:17:10 | INFO | [CoreSet] greedy 10/100 cover_radius=25.802410 | GPU: n/a
2026-04-07 12:17:10 | INFO | [CoreSet] greedy 20/100 cover_radius=24.651737 | GPU: n/a
2026-04-07 12:17:10 | INFO | [CoreSet] greedy 30/100 cover_radius=23.932848 | GPU: n/a
2026-04-07 12:17:10 | INFO | [CoreSet] greedy 40/100 cover_radius=23.212240 | GPU: n/a
2026-04-07 12:17:10 | INFO | [CoreSet] greedy 50/100 cover_radius=23.021702 | GPU: n/a
2026-04-07 12:17:10 | INFO | [CoreSet] greedy 60/100 cover_radius=22.658232 | GPU: n/a
2026-04-07 12:17:10 | INFO | [CoreSet] greedy 70/100 cover_radius=22.466799 | GPU: n/a
2026-04-07 12:17:10 | INFO | [CoreSet] greedy 80/100 cover_radius=22.241066 | GPU: n/a
2026-04-07 12:17:10 | INFO | [CoreSet] greedy 90/100 cover_radius=21.973072 | GPU: n/a
2026-04-07 12:17:10 | INFO | [CoreSet] greedy 100/100 cover_radius=21.763376 | GPU: n/a
2026-04-07 12:17:10 | INFO | [Round 12] labeled=1700 train=1700 val_fixed=0 | GPU MB alloc/reserved=43.1/854.0
2026-04-07 12:17:11 | INFO | [Round 12] epoch=1/80 loss=4.9838 acc=14.71 val_acc=nan data_t=0.0125s batch_t=0.0362s epoch_t=00:00.68 lr=0.001000 | GPU MB alloc/reserved=69.9/854.0
2026-04-07 12:17:11 | INFO | [Round 12] Epoch 1/80 time=00:00.68 avg=00:00.68 ETA=00:53.82 | GPU MB alloc/reserved=69.9/854.0
2026-04-07 12:17:11 | INFO | [Round 12] epoch=2/80 loss=2.1965 acc=22.41 val_acc=nan data_t=0.0024s batch_t=0.0344s epoch_t=00:00.52 lr=0.000998 | GPU MB alloc/reserved=69.9/854.0
2026-04-07 12:17:11 | INFO | [Round 12] Epoch 2/80 time=00:00.52 avg=00:00.60 ETA=00:46.66 | GPU MB alloc/reserved=69.9/854.0
2026-04-07 12:17:12 | INFO | [Round 12] epoch=3/80 loss=2.0592 acc=23.94 val_acc=nan data_t=0.0031s batch_t=0.0340s epoch_t=00:00.52 lr=0.000997 | GPU MB alloc/reserved=69.9/854.0
2026-04-07 12:17:12 | INFO | [Round 12] Epoch 3/80 time=00:00.52 avg=00:00.57 ETA=00:44.04 | GPU MB alloc/reserved=69.9/854.0
2026-04-07 12:17:12 | INFO | [Round 12] epoch=4/80 loss=1.9998 acc=26.65 val_acc=nan data_t=0.0035s batch_t=0.0232s epoch_t=00:00.37 lr=0.000994 | GPU MB alloc/reserved=69.9/854.0
2026-04-07 12:17:12 | INFO | [Round 12] Epoch 4/80 time=00:00.37 avg=00:00.52 ETA=00:39.70 | GPU MB alloc/reserved=69.9/854.0
2026-04-07 12:17:12 | INFO | [Round 12] epoch=5/80 loss=1.9283 acc=29.88 val_acc=nan data_t=0.0028s batch_t=0.0227s epoch_t=00:00.36 lr=0.000990 | GPU MB alloc/reserved=69.9/854.0
2026-04-07 12:17:12 | INFO | [Round 12] Epoch 5/80 time=00:00.36 avg=00:00.49 ETA=00:36.69 | GPU MB alloc/reserved=69.9/854.0
2026-04-07 12:17:13 | INFO | [Round 12] epoch=6/80 loss=1.8787 acc=32.29 val_acc=nan data_t=0.0029s batch_t=0.0342s epoch_t=00:00.52 lr=0.000986 | GPU MB alloc/reserved=69.9/854.0
2026-04-07 12:17:13 | INFO | [Round 12] Epoch 6/80 time=00:00.52 avg=00:00.49 ETA=00:36.58 | GPU MB alloc/reserved=69.9/854.0
2026-04-07 12:17:13 | INFO | [Round 12] epoch=7/80 loss=1.8094 acc=35.18 val_acc=nan data_t=0.0024s batch_t=0.0341s epoch_t=00:00.51 lr=0.000981 | GPU MB alloc/reserved=69.9/854.0
2026-04-07 12:17:13 | INFO | [Round 12] Epoch 7/80 time=00:00.51 avg=00:00.50 ETA=00:36.25 | GPU MB alloc/reserved=69.9/854.0
2026-04-07 12:17:14 | INFO | [Round 12] epoch=8/80 loss=1.7699 acc=35.88 val_acc=nan data_t=0.0031s batch_t=0.0341s epoch_t=00:00.52 lr=0.000976 | GPU MB alloc/reserved=69.9/854.0
2026-04-07 12:17:14 | INFO | [Round 12] Epoch 8/80 time=00:00.52 avg=00:00.50 ETA=00:35.98 | GPU MB alloc/reserved=69.9/854.0
2026-04-07 12:17:14 | INFO | [Round 12] epoch=9/80 loss=1.7608 acc=35.35 val_acc=nan data_t=0.0032s batch_t=0.0299s epoch_t=00:00.46 lr=0.000969 | GPU MB alloc/reserved=69.9/854.0
2026-04-07 12:17:14 | INFO | [Round 12] Epoch 9/80 time=00:00.46 avg=00:00.50 ETA=00:35.18 | GPU MB alloc/reserved=69.9/854.0
2026-04-07 12:17:15 | INFO | [Round 12] epoch=10/80 loss=1.6999 acc=38.00 val_acc=nan data_t=0.0022s batch_t=0.0160s epoch_t=00:00.26 lr=0.000962 | GPU MB alloc/reserved=69.9/854.0
2026-04-07 12:17:15 | INFO | [Round 12] Epoch 10/80 time=00:00.26 avg=00:00.47 ETA=00:33.01 | GPU MB alloc/reserved=69.9/854.0
2026-04-07 12:17:15 | INFO | [Round 12] epoch=11/80 loss=1.6627 acc=37.65 val_acc=nan data_t=0.0019s batch_t=0.0340s epoch_t=00:00.50 lr=0.000955 | GPU MB alloc/reserved=69.9/854.0
2026-04-07 12:17:15 | INFO | [Round 12] Epoch 11/80 time=00:00.50 avg=00:00.47 ETA=00:32.74 | GPU MB alloc/reserved=69.9/854.0
2026-04-07 12:17:16 | INFO | [Round 12] epoch=12/80 loss=1.6722 acc=39.82 val_acc=nan data_t=0.0021s batch_t=0.0341s epoch_t=00:00.51 lr=0.000946 | GPU MB alloc/reserved=69.9/854.0
2026-04-07 12:17:16 | INFO | [Round 12] Epoch 12/80 time=00:00.51 avg=00:00.48 ETA=00:32.45 | GPU MB alloc/reserved=69.9/854.0
2026-04-07 12:17:16 | INFO | [Round 12] epoch=13/80 loss=1.5903 acc=41.12 val_acc=nan data_t=0.0028s batch_t=0.0340s epoch_t=00:00.52 lr=0.000937 | GPU MB alloc/reserved=69.9/854.0
2026-04-07 12:17:16 | INFO | [Round 12] Epoch 13/80 time=00:00.52 avg=00:00.48 ETA=00:32.17 | GPU MB alloc/reserved=69.9/854.0
2026-04-07 12:17:17 | INFO | [Round 12] epoch=14/80 loss=1.6254 acc=39.53 val_acc=nan data_t=0.0030s batch_t=0.0340s epoch_t=00:00.52 lr=0.000927 | GPU MB alloc/reserved=69.9/854.0
2026-04-07 12:17:17 | INFO | [Round 12] Epoch 14/80 time=00:00.52 avg=00:00.48 ETA=00:31.88 | GPU MB alloc/reserved=69.9/854.0
2026-04-07 12:17:17 | INFO | [Round 12] epoch=15/80 loss=1.5737 acc=42.35 val_acc=nan data_t=0.0021s batch_t=0.0110s epoch_t=00:00.18 lr=0.000917 | GPU MB alloc/reserved=69.9/854.0
2026-04-07 12:17:17 | INFO | [Round 12] Epoch 15/80 time=00:00.18 avg=00:00.46 ETA=00:30.09 | GPU MB alloc/reserved=69.9/854.0
2026-04-07 12:17:17 | INFO | [Round 12] epoch=16/80 loss=1.5416 acc=44.76 val_acc=nan data_t=0.0018s batch_t=0.0293s epoch_t=00:00.44 lr=0.000905 | GPU MB alloc/reserved=69.9/854.0
2026-04-07 12:17:17 | INFO | [Round 12] Epoch 16/80 time=00:00.44 avg=00:00.46 ETA=00:29.52 | GPU MB alloc/reserved=69.9/854.0
2026-04-07 12:17:18 | INFO | [Round 12] epoch=17/80 loss=1.4991 acc=44.12 val_acc=nan data_t=0.0019s batch_t=0.0341s epoch_t=00:00.50 lr=0.000894 | GPU MB alloc/reserved=69.9/854.0
2026-04-07 12:17:18 | INFO | [Round 12] Epoch 17/80 time=00:00.50 avg=00:00.46 ETA=00:29.22 | GPU MB alloc/reserved=69.9/854.0
2026-04-07 12:17:18 | INFO | [Round 12] epoch=18/80 loss=1.5288 acc=41.59 val_acc=nan data_t=0.0031s batch_t=0.0340s epoch_t=00:00.52 lr=0.000881 | GPU MB alloc/reserved=69.9/854.0
2026-04-07 12:17:18 | INFO | [Round 12] Epoch 18/80 time=00:00.52 avg=00:00.47 ETA=00:28.95 | GPU MB alloc/reserved=69.9/854.0
2026-04-07 12:17:19 | INFO | [Round 12] epoch=19/80 loss=1.5075 acc=44.71 val_acc=nan data_t=0.0029s batch_t=0.0341s epoch_t=00:00.52 lr=0.000868 | GPU MB alloc/reserved=69.9/854.0
2026-04-07 12:17:19 | INFO | [Round 12] Epoch 19/80 time=00:00.52 avg=00:00.47 ETA=00:28.65 | GPU MB alloc/reserved=69.9/854.0
2026-04-07 12:17:19 | INFO | [Round 12] epoch=20/80 loss=1.4841 acc=45.00 val_acc=nan data_t=0.0029s batch_t=0.0239s epoch_t=00:00.38 lr=0.000855 | GPU MB alloc/reserved=69.9/854.0
2026-04-07 12:17:19 | INFO | [Round 12] Epoch 20/80 time=00:00.38 avg=00:00.46 ETA=00:27.90 | GPU MB alloc/reserved=69.9/854.0
2026-04-07 12:17:20 | INFO | [Round 12] epoch=21/80 loss=1.4376 acc=46.76 val_acc=nan data_t=0.0028s batch_t=0.0193s epoch_t=00:00.31 lr=0.000841 | GPU MB alloc/reserved=69.9/854.0
2026-04-07 12:17:20 | INFO | [Round 12] Epoch 21/80 time=00:00.31 avg=00:00.46 ETA=00:26.99 | GPU MB alloc/reserved=69.9/854.0
2026-04-07 12:17:20 | INFO | [Round 12] epoch=22/80 loss=1.4314 acc=46.12 val_acc=nan data_t=0.0031s batch_t=0.0343s epoch_t=00:00.52 lr=0.000826 | GPU MB alloc/reserved=69.9/854.0
2026-04-07 12:17:20 | INFO | [Round 12] Epoch 22/80 time=00:00.52 avg=00:00.46 ETA=00:26.71 | GPU MB alloc/reserved=69.9/854.0
2026-04-07 12:17:21 | INFO | [Round 12] epoch=23/80 loss=1.4715 acc=45.65 val_acc=nan data_t=0.0028s batch_t=0.0342s epoch_t=00:00.52 lr=0.000811 | GPU MB alloc/reserved=69.9/854.0
2026-04-07 12:17:21 | INFO | [Round 12] Epoch 23/80 time=00:00.52 avg=00:00.46 ETA=00:26.39 | GPU MB alloc/reserved=69.9/854.0
2026-04-07 12:17:21 | INFO | [Round 12] epoch=24/80 loss=1.3987 acc=46.76 val_acc=nan data_t=0.0021s batch_t=0.0344s epoch_t=00:00.51 lr=0.000796 | GPU MB alloc/reserved=69.9/854.0
2026-04-07 12:17:21 | INFO | [Round 12] Epoch 24/80 time=00:00.51 avg=00:00.47 ETA=00:26.04 | GPU MB alloc/reserved=69.9/854.0
2026-04-07 12:17:22 | INFO | [Round 12] epoch=25/80 loss=1.4208 acc=46.94 val_acc=nan data_t=0.0041s batch_t=0.0328s epoch_t=00:00.52 lr=0.000780 | GPU MB alloc/reserved=69.9/854.0
2026-04-07 12:17:22 | INFO | [Round 12] Epoch 25/80 time=00:00.52 avg=00:00.47 ETA=00:25.69 | GPU MB alloc/reserved=69.9/854.0
2026-04-07 12:17:22 | INFO | [Round 12] epoch=26/80 loss=1.3826 acc=49.47 val_acc=nan data_t=0.0020s batch_t=0.0135s epoch_t=00:00.22 lr=0.000764 | GPU MB alloc/reserved=69.9/854.0
2026-04-07 12:17:22 | INFO | [Round 12] Epoch 26/80 time=00:00.22 avg=00:00.46 ETA=00:24.71 | GPU MB alloc/reserved=69.9/854.0
2026-04-07 12:17:22 | INFO | [Round 12] epoch=27/80 loss=1.3444 acc=50.47 val_acc=nan data_t=0.0030s batch_t=0.0341s epoch_t=00:00.52 lr=0.000747 | GPU MB alloc/reserved=69.9/854.0
2026-04-07 12:17:22 | INFO | [Round 12] Epoch 27/80 time=00:00.52 avg=00:00.46 ETA=00:24.37 | GPU MB alloc/reserved=69.9/854.0
2026-04-07 12:17:23 | INFO | [Round 12] epoch=28/80 loss=1.3574 acc=50.76 val_acc=nan data_t=0.0028s batch_t=0.0342s epoch_t=00:00.52 lr=0.000730 | GPU MB alloc/reserved=69.9/854.0
2026-04-07 12:17:23 | INFO | [Round 12] Epoch 28/80 time=00:00.52 avg=00:00.46 ETA=00:24.01 | GPU MB alloc/reserved=69.9/854.0
2026-04-07 12:17:23 | INFO | [Round 12] epoch=29/80 loss=1.3584 acc=48.35 val_acc=nan data_t=0.0032s batch_t=0.0341s epoch_t=00:00.52 lr=0.000712 | GPU MB alloc/reserved=69.9/854.0
2026-04-07 12:17:23 | INFO | [Round 12] Epoch 29/80 time=00:00.52 avg=00:00.46 ETA=00:23.66 | GPU MB alloc/reserved=69.9/854.0
2026-04-07 12:17:24 | INFO | [Round 12] epoch=30/80 loss=1.3174 acc=51.29 val_acc=nan data_t=0.0031s batch_t=0.0341s epoch_t=00:00.52 lr=0.000694 | GPU MB alloc/reserved=69.9/854.0
2026-04-07 12:17:24 | INFO | [Round 12] Epoch 30/80 time=00:00.52 avg=00:00.47 ETA=00:23.29 | GPU MB alloc/reserved=69.9/854.0
2026-04-07 12:17:24 | INFO | [Round 12] epoch=31/80 loss=1.3111 acc=50.76 val_acc=nan data_t=0.0030s batch_t=0.0113s epoch_t=00:00.20 lr=0.000676 | GPU MB alloc/reserved=69.9/854.0
2026-04-07 12:17:24 | INFO | [Round 12] Epoch 31/80 time=00:00.20 avg=00:00.46 ETA=00:22.40 | GPU MB alloc/reserved=69.9/854.0
2026-04-07 12:17:24 | INFO | [Round 12] epoch=32/80 loss=1.3081 acc=48.88 val_acc=nan data_t=0.0020s batch_t=0.0166s epoch_t=00:00.26 lr=0.000658 | GPU MB alloc/reserved=69.9/854.0
2026-04-07 12:17:24 | INFO | [Round 12] Epoch 32/80 time=00:00.26 avg=00:00.45 ETA=00:21.65 | GPU MB alloc/reserved=69.9/854.0
2026-04-07 12:17:25 | INFO | [Round 12] epoch=33/80 loss=1.2605 acc=53.65 val_acc=nan data_t=0.0019s batch_t=0.0341s epoch_t=00:00.50 lr=0.000639 | GPU MB alloc/reserved=69.9/854.0
2026-04-07 12:17:25 | INFO | [Round 12] Epoch 33/80 time=00:00.50 avg=00:00.45 ETA=00:21.27 | GPU MB alloc/reserved=69.9/854.0
2026-04-07 12:17:25 | INFO | [Round 12] epoch=34/80 loss=1.2460 acc=52.18 val_acc=nan data_t=0.0029s batch_t=0.0341s epoch_t=00:00.52 lr=0.000621 | GPU MB alloc/reserved=69.9/854.0
2026-04-07 12:17:25 | INFO | [Round 12] Epoch 34/80 time=00:00.52 avg=00:00.45 ETA=00:20.91 | GPU MB alloc/reserved=69.9/854.0
2026-04-07 12:17:26 | INFO | [Round 12] epoch=35/80 loss=1.2578 acc=53.06 val_acc=nan data_t=0.0031s batch_t=0.0341s epoch_t=00:00.52 lr=0.000602 | GPU MB alloc/reserved=69.9/854.0
2026-04-07 12:17:26 | INFO | [Round 12] Epoch 35/80 time=00:00.52 avg=00:00.46 ETA=00:20.54 | GPU MB alloc/reserved=69.9/854.0
2026-04-07 12:17:26 | INFO | [Round 12] epoch=36/80 loss=1.2134 acc=53.71 val_acc=nan data_t=0.0030s batch_t=0.0341s epoch_t=00:00.52 lr=0.000582 | GPU MB alloc/reserved=69.9/854.0
2026-04-07 12:17:26 | INFO | [Round 12] Epoch 36/80 time=00:00.52 avg=00:00.46 ETA=00:20.16 | GPU MB alloc/reserved=69.9/854.0
2026-04-07 12:17:27 | INFO | [Round 12] epoch=37/80 loss=1.2362 acc=53.06 val_acc=nan data_t=0.0029s batch_t=0.0092s epoch_t=00:00.17 lr=0.000563 | GPU MB alloc/reserved=69.9/854.0
2026-04-07 12:17:27 | INFO | [Round 12] Epoch 37/80 time=00:00.17 avg=00:00.45 ETA=00:19.37 | GPU MB alloc/reserved=69.9/854.0
2026-04-07 12:17:27 | INFO | [Round 12] epoch=38/80 loss=1.2229 acc=55.12 val_acc=nan data_t=0.0021s batch_t=0.0339s epoch_t=00:00.50 lr=0.000544 | GPU MB alloc/reserved=69.9/854.0
2026-04-07 12:17:27 | INFO | [Round 12] Epoch 38/80 time=00:00.50 avg=00:00.45 ETA=00:18.98 | GPU MB alloc/reserved=69.9/854.0
2026-04-07 12:17:28 | INFO | [Round 12] epoch=39/80 loss=1.1755 acc=54.65 val_acc=nan data_t=0.0019s batch_t=0.0341s epoch_t=00:00.50 lr=0.000524 | GPU MB alloc/reserved=69.9/854.0
2026-04-07 12:17:28 | INFO | [Round 12] Epoch 39/80 time=00:00.50 avg=00:00.45 ETA=00:18.58 | GPU MB alloc/reserved=69.9/854.0
2026-04-07 12:17:28 | INFO | [Round 12] epoch=40/80 loss=1.1525 acc=55.65 val_acc=nan data_t=0.0029s batch_t=0.0341s epoch_t=00:00.52 lr=0.000505 | GPU MB alloc/reserved=69.9/854.0
2026-04-07 12:17:28 | INFO | [Round 12] Epoch 40/80 time=00:00.52 avg=00:00.45 ETA=00:18.19 | GPU MB alloc/reserved=69.9/854.0
2026-04-07 12:17:29 | INFO | [Round 12] epoch=41/80 loss=1.1310 acc=56.94 val_acc=nan data_t=0.0019s batch_t=0.0341s epoch_t=00:00.50 lr=0.000486 | GPU MB alloc/reserved=69.9/854.0
2026-04-07 12:17:29 | INFO | [Round 12] Epoch 41/80 time=00:00.50 avg=00:00.46 ETA=00:17.79 | GPU MB alloc/reserved=69.9/854.0
2026-04-07 12:17:29 | INFO | [Round 12] epoch=42/80 loss=1.1372 acc=56.82 val_acc=nan data_t=0.0020s batch_t=0.0210s epoch_t=00:00.32 lr=0.000466 | GPU MB alloc/reserved=69.9/854.0
2026-04-07 12:17:29 | INFO | [Round 12] Epoch 42/80 time=00:00.32 avg=00:00.45 ETA=00:17.21 | GPU MB alloc/reserved=69.9/854.0
2026-04-07 12:17:29 | INFO | [Round 12] epoch=43/80 loss=1.1200 acc=59.06 val_acc=nan data_t=0.0022s batch_t=0.0204s epoch_t=00:00.32 lr=0.000447 | GPU MB alloc/reserved=69.9/854.0
2026-04-07 12:17:29 | INFO | [Round 12] Epoch 43/80 time=00:00.32 avg=00:00.45 ETA=00:16.64 | GPU MB alloc/reserved=69.9/854.0
2026-04-07 12:17:30 | INFO | [Round 12] epoch=44/80 loss=1.1160 acc=57.94 val_acc=nan data_t=0.0036s batch_t=0.0341s epoch_t=00:00.53 lr=0.000428 | GPU MB alloc/reserved=69.9/854.0
2026-04-07 12:17:30 | INFO | [Round 12] Epoch 44/80 time=00:00.53 avg=00:00.45 ETA=00:16.25 | GPU MB alloc/reserved=69.9/854.0
2026-04-07 12:17:30 | INFO | [Round 12] epoch=45/80 loss=1.1063 acc=58.94 val_acc=nan data_t=0.0031s batch_t=0.0340s epoch_t=00:00.52 lr=0.000408 | GPU MB alloc/reserved=69.9/854.0
2026-04-07 12:17:30 | INFO | [Round 12] Epoch 45/80 time=00:00.52 avg=00:00.45 ETA=00:15.85 | GPU MB alloc/reserved=69.9/854.0
2026-04-07 12:17:31 | INFO | [Round 12] epoch=46/80 loss=1.0755 acc=60.41 val_acc=nan data_t=0.0024s batch_t=0.0342s epoch_t=00:00.51 lr=0.000389 | GPU MB alloc/reserved=69.9/854.0
2026-04-07 12:17:31 | INFO | [Round 12] Epoch 46/80 time=00:00.51 avg=00:00.45 ETA=00:15.44 | GPU MB alloc/reserved=69.9/854.0
2026-04-07 12:17:31 | INFO | [Round 12] epoch=47/80 loss=1.0847 acc=59.53 val_acc=nan data_t=0.0029s batch_t=0.0306s epoch_t=00:00.47 lr=0.000371 | GPU MB alloc/reserved=69.9/854.0
2026-04-07 12:17:31 | INFO | [Round 12] Epoch 47/80 time=00:00.47 avg=00:00.45 ETA=00:15.00 | GPU MB alloc/reserved=69.9/854.0
2026-04-07 12:17:32 | INFO | [Round 12] epoch=48/80 loss=1.0845 acc=59.82 val_acc=nan data_t=0.0036s batch_t=0.0161s epoch_t=00:00.28 lr=0.000352 | GPU MB alloc/reserved=69.9/854.0
2026-04-07 12:17:32 | INFO | [Round 12] Epoch 48/80 time=00:00.28 avg=00:00.45 ETA=00:14.43 | GPU MB alloc/reserved=69.9/854.0
2026-04-07 12:17:32 | INFO | [Round 12] epoch=49/80 loss=1.0681 acc=59.41 val_acc=nan data_t=0.0020s batch_t=0.0341s epoch_t=00:00.51 lr=0.000334 | GPU MB alloc/reserved=69.9/854.0
2026-04-07 12:17:32 | INFO | [Round 12] Epoch 49/80 time=00:00.51 avg=00:00.45 ETA=00:14.01 | GPU MB alloc/reserved=69.9/854.0
2026-04-07 12:17:33 | INFO | [Round 12] epoch=50/80 loss=1.0690 acc=60.94 val_acc=nan data_t=0.0032s batch_t=0.0343s epoch_t=00:00.53 lr=0.000316 | GPU MB alloc/reserved=69.9/854.0
2026-04-07 12:17:33 | INFO | [Round 12] Epoch 50/80 time=00:00.53 avg=00:00.45 ETA=00:13.60 | GPU MB alloc/reserved=69.9/854.0
2026-04-07 12:17:33 | INFO | [Round 12] epoch=51/80 loss=1.0233 acc=62.47 val_acc=nan data_t=0.0029s batch_t=0.0341s epoch_t=00:00.52 lr=0.000298 | GPU MB alloc/reserved=69.9/854.0
2026-04-07 12:17:33 | INFO | [Round 12] Epoch 51/80 time=00:00.52 avg=00:00.45 ETA=00:13.19 | GPU MB alloc/reserved=69.9/854.0
2026-04-07 12:17:34 | INFO | [Round 12] epoch=52/80 loss=1.0129 acc=61.47 val_acc=nan data_t=0.0031s batch_t=0.0342s epoch_t=00:00.52 lr=0.000280 | GPU MB alloc/reserved=69.9/854.0
2026-04-07 12:17:34 | INFO | [Round 12] Epoch 52/80 time=00:00.52 avg=00:00.46 ETA=00:12.77 | GPU MB alloc/reserved=69.9/854.0
2026-04-07 12:17:34 | INFO | [Round 12] epoch=53/80 loss=1.0283 acc=62.41 val_acc=nan data_t=0.0034s batch_t=0.0100s epoch_t=00:00.19 lr=0.000263 | GPU MB alloc/reserved=69.9/854.0
2026-04-07 12:17:34 | INFO | [Round 12] Epoch 53/80 time=00:00.19 avg=00:00.45 ETA=00:12.18 | GPU MB alloc/reserved=69.9/854.0
2026-04-07 12:17:34 | INFO | [Round 12] epoch=54/80 loss=0.9690 acc=63.65 val_acc=nan data_t=0.0021s batch_t=0.0341s epoch_t=00:00.51 lr=0.000246 | GPU MB alloc/reserved=69.9/854.0
2026-04-07 12:17:34 | INFO | [Round 12] Epoch 54/80 time=00:00.51 avg=00:00.45 ETA=00:11.75 | GPU MB alloc/reserved=69.9/854.0
2026-04-07 12:17:35 | INFO | [Round 12] epoch=55/80 loss=0.9962 acc=63.41 val_acc=nan data_t=0.0033s batch_t=0.0341s epoch_t=00:00.52 lr=0.000230 | GPU MB alloc/reserved=69.9/854.0
2026-04-07 12:17:35 | INFO | [Round 12] Epoch 55/80 time=00:00.52 avg=00:00.45 ETA=00:11.33 | GPU MB alloc/reserved=69.9/854.0
2026-04-07 12:17:35 | INFO | [Round 12] epoch=56/80 loss=1.0009 acc=63.35 val_acc=nan data_t=0.0036s batch_t=0.0341s epoch_t=00:00.53 lr=0.000214 | GPU MB alloc/reserved=69.9/854.0
2026-04-07 12:17:35 | INFO | [Round 12] Epoch 56/80 time=00:00.53 avg=00:00.45 ETA=00:10.91 | GPU MB alloc/reserved=69.9/854.0
2026-04-07 12:17:36 | INFO | [Round 12] epoch=57/80 loss=0.9606 acc=62.94 val_acc=nan data_t=0.0019s batch_t=0.0340s epoch_t=00:00.50 lr=0.000199 | GPU MB alloc/reserved=69.9/854.0
2026-04-07 12:17:36 | INFO | [Round 12] Epoch 57/80 time=00:00.50 avg=00:00.46 ETA=00:10.48 | GPU MB alloc/reserved=69.9/854.0
2026-04-07 12:17:36 | INFO | [Round 12] epoch=58/80 loss=0.9602 acc=64.88 val_acc=nan data_t=0.0022s batch_t=0.0181s epoch_t=00:00.28 lr=0.000184 | GPU MB alloc/reserved=69.9/854.0
2026-04-07 12:17:36 | INFO | [Round 12] Epoch 58/80 time=00:00.28 avg=00:00.45 ETA=00:09.96 | GPU MB alloc/reserved=69.9/854.0
2026-04-07 12:17:37 | INFO | [Round 12] epoch=59/80 loss=0.9644 acc=64.18 val_acc=nan data_t=0.0024s batch_t=0.0191s epoch_t=00:00.30 lr=0.000169 | GPU MB alloc/reserved=69.9/854.0
2026-04-07 12:17:37 | INFO | [Round 12] Epoch 59/80 time=00:00.30 avg=00:00.45 ETA=00:09.45 | GPU MB alloc/reserved=69.9/854.0
2026-04-07 12:17:37 | INFO | [Round 12] epoch=60/80 loss=0.9317 acc=64.59 val_acc=nan data_t=0.0026s batch_t=0.0341s epoch_t=00:00.51 lr=0.000155 | GPU MB alloc/reserved=69.9/854.0
2026-04-07 12:17:37 | INFO | [Round 12] Epoch 60/80 time=00:00.51 avg=00:00.45 ETA=00:09.02 | GPU MB alloc/reserved=69.9/854.0
2026-04-07 12:17:38 | INFO | [Round 12] epoch=61/80 loss=0.9357 acc=64.00 val_acc=nan data_t=0.0019s batch_t=0.0342s epoch_t=00:00.51 lr=0.000142 | GPU MB alloc/reserved=69.9/854.0
2026-04-07 12:17:38 | INFO | [Round 12] Epoch 61/80 time=00:00.51 avg=00:00.45 ETA=00:08.59 | GPU MB alloc/reserved=69.9/854.0
2026-04-07 12:17:38 | INFO | [Round 12] epoch=62/80 loss=0.9011 acc=67.35 val_acc=nan data_t=0.0022s batch_t=0.0342s epoch_t=00:00.51 lr=0.000129 | GPU MB alloc/reserved=69.9/854.0
2026-04-07 12:17:38 | INFO | [Round 12] Epoch 62/80 time=00:00.51 avg=00:00.45 ETA=00:08.15 | GPU MB alloc/reserved=69.9/854.0
2026-04-07 12:17:39 | INFO | [Round 12] epoch=63/80 loss=0.9172 acc=66.53 val_acc=nan data_t=0.0021s batch_t=0.0341s epoch_t=00:00.51 lr=0.000116 | GPU MB alloc/reserved=69.9/854.0
2026-04-07 12:17:39 | INFO | [Round 12] Epoch 63/80 time=00:00.51 avg=00:00.45 ETA=00:07.71 | GPU MB alloc/reserved=69.9/854.0
2026-04-07 12:17:39 | INFO | [Round 12] epoch=64/80 loss=0.9472 acc=62.94 val_acc=nan data_t=0.0037s batch_t=0.0087s epoch_t=00:00.17 lr=0.000105 | GPU MB alloc/reserved=69.9/854.0
2026-04-07 12:17:39 | INFO | [Round 12] Epoch 64/80 time=00:00.17 avg=00:00.45 ETA=00:07.19 | GPU MB alloc/reserved=69.9/854.0
2026-04-07 12:17:39 | INFO | [Round 12] epoch=65/80 loss=0.8978 acc=66.65 val_acc=nan data_t=0.0021s batch_t=0.0293s epoch_t=00:00.44 lr=0.000093 | GPU MB alloc/reserved=69.9/854.0
2026-04-07 12:17:39 | INFO | [Round 12] Epoch 65/80 time=00:00.44 avg=00:00.45 ETA=00:06.74 | GPU MB alloc/reserved=69.9/854.0
2026-04-07 12:17:40 | INFO | [Round 12] epoch=66/80 loss=0.9067 acc=66.24 val_acc=nan data_t=0.0029s batch_t=0.0340s epoch_t=00:00.52 lr=0.000083 | GPU MB alloc/reserved=69.9/854.0
2026-04-07 12:17:40 | INFO | [Round 12] Epoch 66/80 time=00:00.52 avg=00:00.45 ETA=00:06.30 | GPU MB alloc/reserved=69.9/854.0
2026-04-07 12:17:40 | INFO | [Round 12] epoch=67/80 loss=0.8696 acc=68.71 val_acc=nan data_t=0.0029s batch_t=0.0341s epoch_t=00:00.52 lr=0.000073 | GPU MB alloc/reserved=69.9/854.0
2026-04-07 12:17:40 | INFO | [Round 12] Epoch 67/80 time=00:00.52 avg=00:00.45 ETA=00:05.87 | GPU MB alloc/reserved=69.9/854.0
2026-04-07 12:17:41 | INFO | [Round 12] epoch=68/80 loss=0.8790 acc=68.24 val_acc=nan data_t=0.0029s batch_t=0.0341s epoch_t=00:00.52 lr=0.000064 | GPU MB alloc/reserved=69.9/854.0
2026-04-07 12:17:41 | INFO | [Round 12] Epoch 68/80 time=00:00.52 avg=00:00.45 ETA=00:05.43 | GPU MB alloc/reserved=69.9/854.0
2026-04-07 12:17:41 | INFO | [Round 12] epoch=69/80 loss=0.8703 acc=67.94 val_acc=nan data_t=0.0031s batch_t=0.0222s epoch_t=00:00.35 lr=0.000055 | GPU MB alloc/reserved=69.9/854.0
2026-04-07 12:17:41 | INFO | [Round 12] Epoch 69/80 time=00:00.35 avg=00:00.45 ETA=00:04.96 | GPU MB alloc/reserved=69.9/854.0
2026-04-07 12:17:41 | INFO | [Round 12] epoch=70/80 loss=0.8607 acc=68.00 val_acc=nan data_t=0.0032s batch_t=0.0184s epoch_t=00:00.30 lr=0.000048 | GPU MB alloc/reserved=69.9/854.0
2026-04-07 12:17:41 | INFO | [Round 12] Epoch 70/80 time=00:00.30 avg=00:00.45 ETA=00:04.49 | GPU MB alloc/reserved=69.9/854.0
2026-04-07 12:17:42 | INFO | [Round 12] epoch=71/80 loss=0.8671 acc=67.41 val_acc=nan data_t=0.0022s batch_t=0.0341s epoch_t=00:00.51 lr=0.000041 | GPU MB alloc/reserved=69.9/854.0
2026-04-07 12:17:42 | INFO | [Round 12] Epoch 71/80 time=00:00.51 avg=00:00.45 ETA=00:04.05 | GPU MB alloc/reserved=69.9/854.0
2026-04-07 12:17:42 | INFO | [Round 12] epoch=72/80 loss=0.8895 acc=67.06 val_acc=nan data_t=0.0031s batch_t=0.0340s epoch_t=00:00.52 lr=0.000034 | GPU MB alloc/reserved=69.9/854.0
2026-04-07 12:17:42 | INFO | [Round 12] Epoch 72/80 time=00:00.52 avg=00:00.45 ETA=00:03.60 | GPU MB alloc/reserved=69.9/854.0
2026-04-07 12:17:43 | INFO | [Round 12] epoch=73/80 loss=0.8762 acc=66.12 val_acc=nan data_t=0.0029s batch_t=0.0341s epoch_t=00:00.52 lr=0.000029 | GPU MB alloc/reserved=69.9/854.0
2026-04-07 12:17:43 | INFO | [Round 12] Epoch 73/80 time=00:00.52 avg=00:00.45 ETA=00:03.16 | GPU MB alloc/reserved=69.9/854.0
2026-04-07 12:17:43 | INFO | [Round 12] epoch=74/80 loss=0.8795 acc=66.53 val_acc=nan data_t=0.0028s batch_t=0.0340s epoch_t=00:00.52 lr=0.000024 | GPU MB alloc/reserved=69.9/854.0
2026-04-07 12:17:43 | INFO | [Round 12] Epoch 74/80 time=00:00.52 avg=00:00.45 ETA=00:02.71 | GPU MB alloc/reserved=69.9/854.0
2026-04-07 12:17:44 | INFO | [Round 12] epoch=75/80 loss=0.8508 acc=68.24 val_acc=nan data_t=0.0036s batch_t=0.0100s epoch_t=00:00.19 lr=0.000020 | GPU MB alloc/reserved=69.9/854.0
2026-04-07 12:17:44 | INFO | [Round 12] Epoch 75/80 time=00:00.19 avg=00:00.45 ETA=00:02.24 | GPU MB alloc/reserved=69.9/854.0
2026-04-07 12:17:44 | INFO | [Round 12] epoch=76/80 loss=0.8657 acc=67.12 val_acc=nan data_t=0.0021s batch_t=0.0340s epoch_t=00:00.50 lr=0.000016 | GPU MB alloc/reserved=69.9/854.0
2026-04-07 12:17:44 | INFO | [Round 12] Epoch 76/80 time=00:00.50 avg=00:00.45 ETA=00:01.80 | GPU MB alloc/reserved=69.9/854.0
2026-04-07 12:17:45 | INFO | [Round 12] epoch=77/80 loss=0.8272 acc=69.06 val_acc=nan data_t=0.0029s batch_t=0.0343s epoch_t=00:00.52 lr=0.000013 | GPU MB alloc/reserved=69.9/854.0
2026-04-07 12:17:45 | INFO | [Round 12] Epoch 77/80 time=00:00.52 avg=00:00.45 ETA=00:01.35 | GPU MB alloc/reserved=69.9/854.0
2026-04-07 12:17:45 | INFO | [Round 12] epoch=78/80 loss=0.8712 acc=68.41 val_acc=nan data_t=0.0019s batch_t=0.0341s epoch_t=00:00.50 lr=0.000012 | GPU MB alloc/reserved=69.9/854.0
2026-04-07 12:17:45 | INFO | [Round 12] Epoch 78/80 time=00:00.50 avg=00:00.45 ETA=00:00.90 | GPU MB alloc/reserved=69.9/854.0
2026-04-07 12:17:46 | INFO | [Round 12] epoch=79/80 loss=0.8614 acc=67.18 val_acc=nan data_t=0.0019s batch_t=0.0340s epoch_t=00:00.50 lr=0.000010 | GPU MB alloc/reserved=69.9/854.0
2026-04-07 12:17:46 | INFO | [Round 12] Epoch 79/80 time=00:00.50 avg=00:00.45 ETA=00:00.45 | GPU MB alloc/reserved=69.9/854.0
2026-04-07 12:17:46 | INFO | [Round 12] epoch=80/80 loss=0.8733 acc=67.88 val_acc=nan data_t=0.0019s batch_t=0.0176s epoch_t=00:00.27 lr=0.000010 | GPU MB alloc/reserved=69.9/854.0
2026-04-07 12:17:46 | INFO | [Round 12] Epoch 80/80 time=00:00.27 avg=00:00.45 ETA=00:00.00 | GPU MB alloc/reserved=69.9/854.0
2026-04-07 12:17:46 | INFO | [Round 12] training complete in 00:36.07 (best monitor=69.059) | GPU MB alloc/reserved=69.9/854.0
2026-04-07 12:17:46 | INFO | [Round 12] evaluation started | GPU MB alloc/reserved=52.0/854.0
2026-04-07 12:17:49 | INFO | [Round 12] clean=56.11 fgsm=47.15 pgd=47.09 grad_disp_mean=nan grad_disp_sel=nan round_t=39.81s | GPU MB alloc/reserved=52.0/854.0
2026-04-07 12:17:49 | INFO | [Round 13/21] elapsed=00:39.81 avg_round=00:29.10 projected_remaining=03:52.82 | GPU MB alloc/reserved=52.0/854.0
2026-04-07 12:17:50 | INFO | [Round 13] acquisition on pool_size=48300 scored_pool=5000 budget=100 | GPU MB alloc/reserved=34.1/854.0
2026-04-07 12:17:50 | INFO | [CoreSet-unlabeled-feat] scoring progress 10/20 elapsed=00:00.22 avg/batch=0.022s ETA=00:00.22 | GPU MB alloc/reserved=40.6/854.0
2026-04-07 12:17:50 | INFO | [CoreSet-unlabeled-feat] scoring progress 20/20 elapsed=00:00.24 avg/batch=0.012s ETA=00:00.00 | GPU MB alloc/reserved=40.6/854.0
2026-04-07 12:17:50 | INFO | [CoreSet-labeled-feat] scoring progress 7/7 elapsed=00:00.21 avg/batch=0.030s ETA=00:00.00 | GPU MB alloc/reserved=42.6/854.0
2026-04-07 12:17:50 | INFO | [CoreSet] greedy 10/100 cover_radius=24.927267 | GPU: n/a
2026-04-07 12:17:50 | INFO | [CoreSet] greedy 20/100 cover_radius=24.004112 | GPU: n/a
2026-04-07 12:17:50 | INFO | [CoreSet] greedy 30/100 cover_radius=23.153509 | GPU: n/a
2026-04-07 12:17:50 | INFO | [CoreSet] greedy 40/100 cover_radius=22.718513 | GPU: n/a
2026-04-07 12:17:51 | INFO | [CoreSet] greedy 50/100 cover_radius=22.317165 | GPU: n/a
2026-04-07 12:17:51 | INFO | [CoreSet] greedy 60/100 cover_radius=22.097435 | GPU: n/a
2026-04-07 12:17:51 | INFO | [CoreSet] greedy 70/100 cover_radius=21.730993 | GPU: n/a
2026-04-07 12:17:51 | INFO | [CoreSet] greedy 80/100 cover_radius=21.483665 | GPU: n/a
2026-04-07 12:17:51 | INFO | [CoreSet] greedy 90/100 cover_radius=21.289692 | GPU: n/a
2026-04-07 12:17:51 | INFO | [CoreSet] greedy 100/100 cover_radius=21.186579 | GPU: n/a
2026-04-07 12:17:51 | INFO | [Round 13] labeled=1800 train=1800 val_fixed=0 | GPU MB alloc/reserved=43.1/854.0
2026-04-07 12:17:52 | INFO | [Round 13] epoch=1/80 loss=4.7336 acc=14.11 val_acc=nan data_t=0.0129s batch_t=0.0361s epoch_t=00:00.74 lr=0.001000 | GPU MB alloc/reserved=69.9/856.0
2026-04-07 12:17:52 | INFO | [Round 13] Epoch 1/80 time=00:00.74 avg=00:00.74 ETA=00:58.08 | GPU MB alloc/reserved=69.9/856.0
2026-04-07 12:17:52 | INFO | [Round 13] epoch=2/80 loss=2.2154 acc=20.67 val_acc=nan data_t=0.0031s batch_t=0.0340s epoch_t=00:00.56 lr=0.000998 | GPU MB alloc/reserved=69.9/856.0
2026-04-07 12:17:52 | INFO | [Round 13] Epoch 2/80 time=00:00.56 avg=00:00.65 ETA=00:50.36 | GPU MB alloc/reserved=69.9/856.0
2026-04-07 12:17:53 | INFO | [Round 13] epoch=3/80 loss=2.1177 acc=22.67 val_acc=nan data_t=0.0020s batch_t=0.0339s epoch_t=00:00.54 lr=0.000997 | GPU MB alloc/reserved=69.9/856.0
2026-04-07 12:17:53 | INFO | [Round 13] Epoch 3/80 time=00:00.54 avg=00:00.61 ETA=00:46.98 | GPU MB alloc/reserved=69.9/856.0
2026-04-07 12:17:53 | INFO | [Round 13] epoch=4/80 loss=2.0650 acc=26.22 val_acc=nan data_t=0.0033s batch_t=0.0174s epoch_t=00:00.31 lr=0.000994 | GPU MB alloc/reserved=69.9/856.0
2026-04-07 12:17:53 | INFO | [Round 13] Epoch 4/80 time=00:00.31 avg=00:00.54 ETA=00:40.70 | GPU MB alloc/reserved=69.9/856.0
2026-04-07 12:17:53 | INFO | [Round 13] epoch=5/80 loss=2.0302 acc=28.33 val_acc=nan data_t=0.0025s batch_t=0.0243s epoch_t=00:00.40 lr=0.000990 | GPU MB alloc/reserved=69.9/856.0
2026-04-07 12:17:53 | INFO | [Round 13] Epoch 5/80 time=00:00.40 avg=00:00.51 ETA=00:38.18 | GPU MB alloc/reserved=69.9/856.0
2026-04-07 12:17:54 | INFO | [Round 13] epoch=6/80 loss=1.9885 acc=27.61 val_acc=nan data_t=0.0018s batch_t=0.0339s epoch_t=00:00.54 lr=0.000986 | GPU MB alloc/reserved=69.9/856.0
2026-04-07 12:17:54 | INFO | [Round 13] Epoch 6/80 time=00:00.54 avg=00:00.51 ETA=00:38.00 | GPU MB alloc/reserved=69.9/856.0
2026-04-07 12:17:54 | INFO | [Round 13] epoch=7/80 loss=1.9357 acc=28.83 val_acc=nan data_t=0.0033s batch_t=0.0340s epoch_t=00:00.56 lr=0.000981 | GPU MB alloc/reserved=69.9/856.0
2026-04-07 12:17:54 | INFO | [Round 13] Epoch 7/80 time=00:00.56 avg=00:00.52 ETA=00:37.96 | GPU MB alloc/reserved=69.9/856.0
2026-04-07 12:17:55 | INFO | [Round 13] epoch=8/80 loss=1.9290 acc=29.72 val_acc=nan data_t=0.0021s batch_t=0.0340s epoch_t=00:00.54 lr=0.000976 | GPU MB alloc/reserved=69.9/856.0
2026-04-07 12:17:55 | INFO | [Round 13] Epoch 8/80 time=00:00.54 avg=00:00.52 ETA=00:37.64 | GPU MB alloc/reserved=69.9/856.0
2026-04-07 12:17:55 | INFO | [Round 13] epoch=9/80 loss=1.8681 acc=31.72 val_acc=nan data_t=0.0032s batch_t=0.0207s epoch_t=00:00.36 lr=0.000969 | GPU MB alloc/reserved=69.9/856.0
2026-04-07 12:17:55 | INFO | [Round 13] Epoch 9/80 time=00:00.36 avg=00:00.50 ETA=00:35.82 | GPU MB alloc/reserved=69.9/856.0
2026-04-07 12:17:56 | INFO | [Round 13] epoch=10/80 loss=1.8770 acc=31.06 val_acc=nan data_t=0.0020s batch_t=0.0227s epoch_t=00:00.37 lr=0.000962 | GPU MB alloc/reserved=69.9/856.0
2026-04-07 12:17:56 | INFO | [Round 13] Epoch 10/80 time=00:00.37 avg=00:00.49 ETA=00:34.38 | GPU MB alloc/reserved=69.9/856.0
2026-04-07 12:17:56 | INFO | [Round 13] epoch=11/80 loss=1.7975 acc=33.44 val_acc=nan data_t=0.0034s batch_t=0.0342s epoch_t=00:00.56 lr=0.000955 | GPU MB alloc/reserved=69.9/856.0
2026-04-07 12:17:56 | INFO | [Round 13] Epoch 11/80 time=00:00.56 avg=00:00.50 ETA=00:34.35 | GPU MB alloc/reserved=69.9/856.0
2026-04-07 12:17:57 | INFO | [Round 13] epoch=12/80 loss=1.8385 acc=31.17 val_acc=nan data_t=0.0033s batch_t=0.0344s epoch_t=00:00.57 lr=0.000946 | GPU MB alloc/reserved=69.9/856.0
2026-04-07 12:17:57 | INFO | [Round 13] Epoch 12/80 time=00:00.57 avg=00:00.50 ETA=00:34.23 | GPU MB alloc/reserved=69.9/856.0
2026-04-07 12:17:57 | INFO | [Round 13] epoch=13/80 loss=1.7803 acc=33.50 val_acc=nan data_t=0.0026s batch_t=0.0339s epoch_t=00:00.55 lr=0.000937 | GPU MB alloc/reserved=69.9/856.0
2026-04-07 12:17:57 | INFO | [Round 13] Epoch 13/80 time=00:00.55 avg=00:00.51 ETA=00:33.96 | GPU MB alloc/reserved=69.9/856.0
2026-04-07 12:17:58 | INFO | [Round 13] epoch=14/80 loss=1.8049 acc=33.28 val_acc=nan data_t=0.0030s batch_t=0.0207s epoch_t=00:00.35 lr=0.000927 | GPU MB alloc/reserved=69.9/856.0
2026-04-07 12:17:58 | INFO | [Round 13] Epoch 14/80 time=00:00.35 avg=00:00.50 ETA=00:32.74 | GPU MB alloc/reserved=69.9/856.0
2026-04-07 12:17:58 | INFO | [Round 13] epoch=15/80 loss=1.7633 acc=33.17 val_acc=nan data_t=0.0022s batch_t=0.0243s epoch_t=00:00.40 lr=0.000917 | GPU MB alloc/reserved=69.9/856.0
2026-04-07 12:17:58 | INFO | [Round 13] Epoch 15/80 time=00:00.40 avg=00:00.49 ETA=00:31.82 | GPU MB alloc/reserved=69.9/856.0
2026-04-07 12:17:59 | INFO | [Round 13] epoch=16/80 loss=1.7767 acc=34.17 val_acc=nan data_t=0.0017s batch_t=0.0340s epoch_t=00:00.54 lr=0.000905 | GPU MB alloc/reserved=69.9/856.0
2026-04-07 12:17:59 | INFO | [Round 13] Epoch 16/80 time=00:00.54 avg=00:00.49 ETA=00:31.51 | GPU MB alloc/reserved=69.9/856.0
2026-04-07 12:17:59 | INFO | [Round 13] epoch=17/80 loss=1.7355 acc=35.83 val_acc=nan data_t=0.0030s batch_t=0.0341s epoch_t=00:00.56 lr=0.000894 | GPU MB alloc/reserved=69.9/856.0
2026-04-07 12:17:59 | INFO | [Round 13] Epoch 17/80 time=00:00.56 avg=00:00.50 ETA=00:31.26 | GPU MB alloc/reserved=69.9/856.0
2026-04-07 12:18:00 | INFO | [Round 13] epoch=18/80 loss=1.7230 acc=37.06 val_acc=nan data_t=0.0032s batch_t=0.0340s epoch_t=00:00.56 lr=0.000881 | GPU MB alloc/reserved=69.9/856.0
2026-04-07 12:18:00 | INFO | [Round 13] Epoch 18/80 time=00:00.56 avg=00:00.50 ETA=00:30.98 | GPU MB alloc/reserved=69.9/856.0
2026-04-07 12:18:00 | INFO | [Round 13] epoch=19/80 loss=1.6892 acc=37.44 val_acc=nan data_t=0.0027s batch_t=0.0201s epoch_t=00:00.34 lr=0.000868 | GPU MB alloc/reserved=69.9/856.0
2026-04-07 12:18:00 | INFO | [Round 13] Epoch 19/80 time=00:00.34 avg=00:00.49 ETA=00:29.97 | GPU MB alloc/reserved=69.9/856.0
2026-04-07 12:18:00 | INFO | [Round 13] epoch=20/80 loss=1.6776 acc=37.50 val_acc=nan data_t=0.0043s batch_t=0.0154s epoch_t=00:00.30 lr=0.000855 | GPU MB alloc/reserved=69.9/856.0
2026-04-07 12:18:00 | INFO | [Round 13] Epoch 20/80 time=00:00.30 avg=00:00.48 ETA=00:28.89 | GPU MB alloc/reserved=69.9/856.0
2026-04-07 12:18:01 | INFO | [Round 13] epoch=21/80 loss=1.6834 acc=37.33 val_acc=nan data_t=0.0017s batch_t=0.0339s epoch_t=00:00.53 lr=0.000841 | GPU MB alloc/reserved=69.9/856.0
2026-04-07 12:18:01 | INFO | [Round 13] Epoch 21/80 time=00:00.53 avg=00:00.48 ETA=00:28.56 | GPU MB alloc/reserved=69.9/856.0
2026-04-07 12:18:02 | INFO | [Round 13] epoch=22/80 loss=1.6661 acc=38.72 val_acc=nan data_t=0.0019s batch_t=0.0340s epoch_t=00:00.54 lr=0.000826 | GPU MB alloc/reserved=69.9/856.0
2026-04-07 12:18:02 | INFO | [Round 13] Epoch 22/80 time=00:00.54 avg=00:00.49 ETA=00:28.22 | GPU MB alloc/reserved=69.9/856.0
2026-04-07 12:18:02 | INFO | [Round 13] epoch=23/80 loss=1.6537 acc=38.83 val_acc=nan data_t=0.0017s batch_t=0.0339s epoch_t=00:00.53 lr=0.000811 | GPU MB alloc/reserved=69.9/856.0
2026-04-07 12:18:02 | INFO | [Round 13] Epoch 23/80 time=00:00.53 avg=00:00.49 ETA=00:27.85 | GPU MB alloc/reserved=69.9/856.0
2026-04-07 12:18:03 | INFO | [Round 13] epoch=24/80 loss=1.6223 acc=40.72 val_acc=nan data_t=0.0031s batch_t=0.0317s epoch_t=00:00.52 lr=0.000796 | GPU MB alloc/reserved=69.9/856.0
2026-04-07 12:18:03 | INFO | [Round 13] Epoch 24/80 time=00:00.52 avg=00:00.49 ETA=00:27.44 | GPU MB alloc/reserved=69.9/856.0
2026-04-07 12:18:03 | INFO | [Round 13] epoch=25/80 loss=1.6123 acc=39.28 val_acc=nan data_t=0.0028s batch_t=0.0111s epoch_t=00:00.21 lr=0.000780 | GPU MB alloc/reserved=69.9/856.0
2026-04-07 12:18:03 | INFO | [Round 13] Epoch 25/80 time=00:00.21 avg=00:00.48 ETA=00:26.33 | GPU MB alloc/reserved=69.9/856.0
2026-04-07 12:18:03 | INFO | [Round 13] epoch=26/80 loss=1.6205 acc=40.44 val_acc=nan data_t=0.0029s batch_t=0.0339s epoch_t=00:00.55 lr=0.000764 | GPU MB alloc/reserved=69.9/856.0
2026-04-07 12:18:03 | INFO | [Round 13] Epoch 26/80 time=00:00.55 avg=00:00.48 ETA=00:26.01 | GPU MB alloc/reserved=69.9/856.0
2026-04-07 12:18:04 | INFO | [Round 13] epoch=27/80 loss=1.5864 acc=41.33 val_acc=nan data_t=0.0025s batch_t=0.0340s epoch_t=00:00.55 lr=0.000747 | GPU MB alloc/reserved=69.9/856.0
2026-04-07 12:18:04 | INFO | [Round 13] Epoch 27/80 time=00:00.55 avg=00:00.48 ETA=00:25.66 | GPU MB alloc/reserved=69.9/856.0
2026-04-07 12:18:05 | INFO | [Round 13] epoch=28/80 loss=1.5758 acc=40.50 val_acc=nan data_t=0.0032s batch_t=0.0341s epoch_t=00:00.56 lr=0.000730 | GPU MB alloc/reserved=69.9/856.0
2026-04-07 12:18:05 | INFO | [Round 13] Epoch 28/80 time=00:00.56 avg=00:00.49 ETA=00:25.31 | GPU MB alloc/reserved=69.9/856.0
2026-04-07 12:18:05 | INFO | [Round 13] epoch=29/80 loss=1.5912 acc=39.94 val_acc=nan data_t=0.0028s batch_t=0.0228s epoch_t=00:00.38 lr=0.000712 | GPU MB alloc/reserved=69.9/856.0
2026-04-07 12:18:05 | INFO | [Round 13] Epoch 29/80 time=00:00.38 avg=00:00.48 ETA=00:24.64 | GPU MB alloc/reserved=69.9/856.0
2026-04-07 12:18:05 | INFO | [Round 13] epoch=30/80 loss=1.5782 acc=40.44 val_acc=nan data_t=0.0024s batch_t=0.0178s epoch_t=00:00.30 lr=0.000694 | GPU MB alloc/reserved=69.9/856.0
2026-04-07 12:18:05 | INFO | [Round 13] Epoch 30/80 time=00:00.30 avg=00:00.48 ETA=00:23.86 | GPU MB alloc/reserved=69.9/856.0
2026-04-07 12:18:06 | INFO | [Round 13] epoch=31/80 loss=1.6070 acc=40.61 val_acc=nan data_t=0.0018s batch_t=0.0340s epoch_t=00:00.54 lr=0.000676 | GPU MB alloc/reserved=69.9/856.0
2026-04-07 12:18:06 | INFO | [Round 13] Epoch 31/80 time=00:00.54 avg=00:00.48 ETA=00:23.48 | GPU MB alloc/reserved=69.9/856.0
2026-04-07 12:18:06 | INFO | [Round 13] epoch=32/80 loss=1.5763 acc=41.44 val_acc=nan data_t=0.0029s batch_t=0.0339s epoch_t=00:00.55 lr=0.000658 | GPU MB alloc/reserved=69.9/856.0
2026-04-07 12:18:06 | INFO | [Round 13] Epoch 32/80 time=00:00.55 avg=00:00.48 ETA=00:23.11 | GPU MB alloc/reserved=69.9/856.0
2026-04-07 12:18:07 | INFO | [Round 13] epoch=33/80 loss=1.5462 acc=43.11 val_acc=nan data_t=0.0029s batch_t=0.0340s epoch_t=00:00.55 lr=0.000639 | GPU MB alloc/reserved=69.9/856.0
2026-04-07 12:18:07 | INFO | [Round 13] Epoch 33/80 time=00:00.55 avg=00:00.48 ETA=00:22.73 | GPU MB alloc/reserved=69.9/856.0
2026-04-07 12:18:07 | INFO | [Round 13] epoch=34/80 loss=1.5427 acc=42.22 val_acc=nan data_t=0.0028s batch_t=0.0262s epoch_t=00:00.44 lr=0.000621 | GPU MB alloc/reserved=69.9/856.0
2026-04-07 12:18:07 | INFO | [Round 13] Epoch 34/80 time=00:00.44 avg=00:00.48 ETA=00:22.18 | GPU MB alloc/reserved=69.9/856.0
2026-04-07 12:18:08 | INFO | [Round 13] epoch=35/80 loss=1.5159 acc=43.28 val_acc=nan data_t=0.0018s batch_t=0.0140s epoch_t=00:00.24 lr=0.000602 | GPU MB alloc/reserved=69.9/856.0
2026-04-07 12:18:08 | INFO | [Round 13] Epoch 35/80 time=00:00.24 avg=00:00.48 ETA=00:21.38 | GPU MB alloc/reserved=69.9/856.0
2026-04-07 12:18:08 | INFO | [Round 13] epoch=36/80 loss=1.5064 acc=43.11 val_acc=nan data_t=0.0018s batch_t=0.0341s epoch_t=00:00.54 lr=0.000582 | GPU MB alloc/reserved=69.9/856.0
2026-04-07 12:18:08 | INFO | [Round 13] Epoch 36/80 time=00:00.54 avg=00:00.48 ETA=00:20.99 | GPU MB alloc/reserved=69.9/856.0
2026-04-07 12:18:09 | INFO | [Round 13] epoch=37/80 loss=1.4722 acc=45.17 val_acc=nan data_t=0.0026s batch_t=0.0340s epoch_t=00:00.55 lr=0.000563 | GPU MB alloc/reserved=69.9/856.0
2026-04-07 12:18:09 | INFO | [Round 13] Epoch 37/80 time=00:00.55 avg=00:00.48 ETA=00:20.59 | GPU MB alloc/reserved=69.9/856.0
2026-04-07 12:18:09 | INFO | [Round 13] epoch=38/80 loss=1.5220 acc=42.17 val_acc=nan data_t=0.0028s batch_t=0.0340s epoch_t=00:00.55 lr=0.000544 | GPU MB alloc/reserved=69.9/856.0
2026-04-07 12:18:09 | INFO | [Round 13] Epoch 38/80 time=00:00.55 avg=00:00.48 ETA=00:20.19 | GPU MB alloc/reserved=69.9/856.0
2026-04-07 12:18:10 | INFO | [Round 13] epoch=39/80 loss=1.4708 acc=44.83 val_acc=nan data_t=0.0027s batch_t=0.0311s epoch_t=00:00.51 lr=0.000524 | GPU MB alloc/reserved=69.9/856.0
2026-04-07 12:18:10 | INFO | [Round 13] Epoch 39/80 time=00:00.51 avg=00:00.48 ETA=00:19.74 | GPU MB alloc/reserved=69.9/856.0
2026-04-07 12:18:10 | INFO | [Round 13] epoch=40/80 loss=1.4346 acc=46.22 val_acc=nan data_t=0.0026s batch_t=0.0097s epoch_t=00:00.18 lr=0.000505 | GPU MB alloc/reserved=69.9/856.0
2026-04-07 12:18:10 | INFO | [Round 13] Epoch 40/80 time=00:00.18 avg=00:00.47 ETA=00:18.96 | GPU MB alloc/reserved=69.9/856.0
2026-04-07 12:18:10 | INFO | [Round 13] epoch=41/80 loss=1.4476 acc=44.89 val_acc=nan data_t=0.0018s batch_t=0.0340s epoch_t=00:00.54 lr=0.000486 | GPU MB alloc/reserved=69.9/856.0
2026-04-07 12:18:10 | INFO | [Round 13] Epoch 41/80 time=00:00.54 avg=00:00.48 ETA=00:18.55 | GPU MB alloc/reserved=69.9/856.0
2026-04-07 12:18:11 | INFO | [Round 13] epoch=42/80 loss=1.4464 acc=44.78 val_acc=nan data_t=0.0022s batch_t=0.0340s epoch_t=00:00.54 lr=0.000466 | GPU MB alloc/reserved=69.9/856.0
2026-04-07 12:18:11 | INFO | [Round 13] Epoch 42/80 time=00:00.54 avg=00:00.48 ETA=00:18.13 | GPU MB alloc/reserved=69.9/856.0
2026-04-07 12:18:12 | INFO | [Round 13] epoch=43/80 loss=1.4678 acc=42.50 val_acc=nan data_t=0.0022s batch_t=0.0340s epoch_t=00:00.54 lr=0.000447 | GPU MB alloc/reserved=69.9/856.0
2026-04-07 12:18:12 | INFO | [Round 13] Epoch 43/80 time=00:00.54 avg=00:00.48 ETA=00:17.71 | GPU MB alloc/reserved=69.9/856.0
2026-04-07 12:18:12 | INFO | [Round 13] epoch=44/80 loss=1.4582 acc=45.67 val_acc=nan data_t=0.0029s batch_t=0.0340s epoch_t=00:00.55 lr=0.000428 | GPU MB alloc/reserved=69.9/856.0
2026-04-07 12:18:12 | INFO | [Round 13] Epoch 44/80 time=00:00.55 avg=00:00.48 ETA=00:17.29 | GPU MB alloc/reserved=69.9/856.0
2026-04-07 12:18:12 | INFO | [Round 13] epoch=45/80 loss=1.4350 acc=47.06 val_acc=nan data_t=0.0027s batch_t=0.0090s epoch_t=00:00.17 lr=0.000408 | GPU MB alloc/reserved=69.9/856.0
2026-04-07 12:18:12 | INFO | [Round 13] Epoch 45/80 time=00:00.17 avg=00:00.47 ETA=00:16.58 | GPU MB alloc/reserved=69.9/856.0
2026-04-07 12:18:13 | INFO | [Round 13] epoch=46/80 loss=1.4425 acc=44.56 val_acc=nan data_t=0.0020s batch_t=0.0313s epoch_t=00:00.50 lr=0.000389 | GPU MB alloc/reserved=69.9/856.0
2026-04-07 12:18:13 | INFO | [Round 13] Epoch 46/80 time=00:00.50 avg=00:00.47 ETA=00:16.12 | GPU MB alloc/reserved=69.9/856.0
2026-04-07 12:18:13 | INFO | [Round 13] epoch=47/80 loss=1.4302 acc=46.11 val_acc=nan data_t=0.0019s batch_t=0.0341s epoch_t=00:00.54 lr=0.000371 | GPU MB alloc/reserved=69.9/856.0
2026-04-07 12:18:13 | INFO | [Round 13] Epoch 47/80 time=00:00.54 avg=00:00.48 ETA=00:15.69 | GPU MB alloc/reserved=69.9/856.0
2026-04-07 12:18:14 | INFO | [Round 13] epoch=48/80 loss=1.4000 acc=47.67 val_acc=nan data_t=0.0030s batch_t=0.0342s epoch_t=00:00.56 lr=0.000352 | GPU MB alloc/reserved=69.9/856.0
2026-04-07 12:18:14 | INFO | [Round 13] Epoch 48/80 time=00:00.56 avg=00:00.48 ETA=00:15.27 | GPU MB alloc/reserved=69.9/856.0
2026-04-07 12:18:15 | INFO | [Round 13] epoch=49/80 loss=1.3741 acc=48.67 val_acc=nan data_t=0.0145s batch_t=0.0300s epoch_t=00:00.67 lr=0.000334 | GPU MB alloc/reserved=69.9/856.0
2026-04-07 12:18:15 | INFO | [Round 13] Epoch 49/80 time=00:00.67 avg=00:00.48 ETA=00:14.92 | GPU MB alloc/reserved=69.9/856.0
2026-04-07 12:18:15 | INFO | [Round 13] epoch=50/80 loss=1.3894 acc=48.50 val_acc=nan data_t=0.0032s batch_t=0.0138s epoch_t=00:00.25 lr=0.000316 | GPU MB alloc/reserved=69.9/856.0
2026-04-07 12:18:15 | INFO | [Round 13] Epoch 50/80 time=00:00.25 avg=00:00.48 ETA=00:14.30 | GPU MB alloc/reserved=69.9/856.0
2026-04-07 12:18:15 | INFO | [Round 13] epoch=51/80 loss=1.3594 acc=46.94 val_acc=nan data_t=0.0029s batch_t=0.0341s epoch_t=00:00.56 lr=0.000298 | GPU MB alloc/reserved=69.9/856.0
2026-04-07 12:18:15 | INFO | [Round 13] Epoch 51/80 time=00:00.56 avg=00:00.48 ETA=00:13.87 | GPU MB alloc/reserved=69.9/856.0
2026-04-07 12:18:16 | INFO | [Round 13] epoch=52/80 loss=1.3415 acc=47.78 val_acc=nan data_t=0.0022s batch_t=0.0341s epoch_t=00:00.54 lr=0.000280 | GPU MB alloc/reserved=69.9/856.0
2026-04-07 12:18:16 | INFO | [Round 13] Epoch 52/80 time=00:00.54 avg=00:00.48 ETA=00:13.43 | GPU MB alloc/reserved=69.9/856.0
2026-04-07 12:18:16 | INFO | [Round 13] epoch=53/80 loss=1.3643 acc=49.67 val_acc=nan data_t=0.0027s batch_t=0.0341s epoch_t=00:00.55 lr=0.000263 | GPU MB alloc/reserved=69.9/856.0
2026-04-07 12:18:16 | INFO | [Round 13] Epoch 53/80 time=00:00.55 avg=00:00.48 ETA=00:12.98 | GPU MB alloc/reserved=69.9/856.0
2026-04-07 12:18:17 | INFO | [Round 13] epoch=54/80 loss=1.3655 acc=48.39 val_acc=nan data_t=0.0030s batch_t=0.0299s epoch_t=00:00.49 lr=0.000246 | GPU MB alloc/reserved=69.9/856.0
2026-04-07 12:18:17 | INFO | [Round 13] Epoch 54/80 time=00:00.49 avg=00:00.48 ETA=00:12.51 | GPU MB alloc/reserved=69.9/856.0
2026-04-07 12:18:17 | INFO | [Round 13] epoch=55/80 loss=1.3683 acc=48.72 val_acc=nan data_t=0.0030s batch_t=0.0128s epoch_t=00:00.24 lr=0.000230 | GPU MB alloc/reserved=69.9/856.0
2026-04-07 12:18:17 | INFO | [Round 13] Epoch 55/80 time=00:00.24 avg=00:00.48 ETA=00:11.92 | GPU MB alloc/reserved=69.9/856.0
2026-04-07 12:18:18 | INFO | [Round 13] epoch=56/80 loss=1.3593 acc=48.94 val_acc=nan data_t=0.0034s batch_t=0.0341s epoch_t=00:00.56 lr=0.000214 | GPU MB alloc/reserved=69.9/856.0
2026-04-07 12:18:18 | INFO | [Round 13] Epoch 56/80 time=00:00.56 avg=00:00.48 ETA=00:11.48 | GPU MB alloc/reserved=69.9/856.0
2026-04-07 12:18:18 | INFO | [Round 13] epoch=57/80 loss=1.3269 acc=49.50 val_acc=nan data_t=0.0021s batch_t=0.0340s epoch_t=00:00.54 lr=0.000199 | GPU MB alloc/reserved=69.9/856.0
2026-04-07 12:18:18 | INFO | [Round 13] Epoch 57/80 time=00:00.54 avg=00:00.48 ETA=00:11.02 | GPU MB alloc/reserved=69.9/856.0
2026-04-07 12:18:19 | INFO | [Round 13] epoch=58/80 loss=1.3419 acc=49.44 val_acc=nan data_t=0.0029s batch_t=0.0340s epoch_t=00:00.55 lr=0.000184 | GPU MB alloc/reserved=69.9/856.0
2026-04-07 12:18:19 | INFO | [Round 13] Epoch 58/80 time=00:00.55 avg=00:00.48 ETA=00:10.57 | GPU MB alloc/reserved=69.9/856.0
2026-04-07 12:18:19 | INFO | [Round 13] epoch=59/80 loss=1.3221 acc=49.28 val_acc=nan data_t=0.0027s batch_t=0.0308s epoch_t=00:00.50 lr=0.000169 | GPU MB alloc/reserved=69.9/856.0
2026-04-07 12:18:19 | INFO | [Round 13] Epoch 59/80 time=00:00.50 avg=00:00.48 ETA=00:10.10 | GPU MB alloc/reserved=69.9/856.0
2026-04-07 12:18:20 | INFO | [Round 13] epoch=60/80 loss=1.3148 acc=49.50 val_acc=nan data_t=0.0028s batch_t=0.0219s epoch_t=00:00.37 lr=0.000155 | GPU MB alloc/reserved=69.9/856.0
2026-04-07 12:18:20 | INFO | [Round 13] Epoch 60/80 time=00:00.37 avg=00:00.48 ETA=00:09.58 | GPU MB alloc/reserved=69.9/856.0
2026-04-07 12:18:20 | INFO | [Round 13] epoch=61/80 loss=1.3066 acc=50.17 val_acc=nan data_t=0.0023s batch_t=0.0342s epoch_t=00:00.55 lr=0.000142 | GPU MB alloc/reserved=69.9/856.0
2026-04-07 12:18:20 | INFO | [Round 13] Epoch 61/80 time=00:00.55 avg=00:00.48 ETA=00:09.12 | GPU MB alloc/reserved=69.9/856.0
2026-04-07 12:18:21 | INFO | [Round 13] epoch=62/80 loss=1.2780 acc=51.00 val_acc=nan data_t=0.0029s batch_t=0.0343s epoch_t=00:00.56 lr=0.000129 | GPU MB alloc/reserved=69.9/856.0
2026-04-07 12:18:21 | INFO | [Round 13] Epoch 62/80 time=00:00.56 avg=00:00.48 ETA=00:08.67 | GPU MB alloc/reserved=69.9/856.0
2026-04-07 12:18:21 | INFO | [Round 13] epoch=63/80 loss=1.2872 acc=50.17 val_acc=nan data_t=0.0028s batch_t=0.0340s epoch_t=00:00.55 lr=0.000116 | GPU MB alloc/reserved=69.9/856.0
2026-04-07 12:18:21 | INFO | [Round 13] Epoch 63/80 time=00:00.55 avg=00:00.48 ETA=00:08.20 | GPU MB alloc/reserved=69.9/856.0
2026-04-07 12:18:22 | INFO | [Round 13] epoch=64/80 loss=1.2931 acc=49.56 val_acc=nan data_t=0.0024s batch_t=0.0247s epoch_t=00:00.41 lr=0.000105 | GPU MB alloc/reserved=69.9/856.0
2026-04-07 12:18:22 | INFO | [Round 13] Epoch 64/80 time=00:00.41 avg=00:00.48 ETA=00:07.70 | GPU MB alloc/reserved=69.9/856.0
2026-04-07 12:18:22 | INFO | [Round 13] epoch=65/80 loss=1.2818 acc=51.56 val_acc=nan data_t=0.0021s batch_t=0.0239s epoch_t=00:00.39 lr=0.000093 | GPU MB alloc/reserved=69.9/856.0
2026-04-07 12:18:22 | INFO | [Round 13] Epoch 65/80 time=00:00.39 avg=00:00.48 ETA=00:07.20 | GPU MB alloc/reserved=69.9/856.0
2026-04-07 12:18:23 | INFO | [Round 13] epoch=66/80 loss=1.2623 acc=51.67 val_acc=nan data_t=0.0026s batch_t=0.0342s epoch_t=00:00.55 lr=0.000083 | GPU MB alloc/reserved=69.9/856.0
2026-04-07 12:18:23 | INFO | [Round 13] Epoch 66/80 time=00:00.55 avg=00:00.48 ETA=00:06.74 | GPU MB alloc/reserved=69.9/856.0
2026-04-07 12:18:23 | INFO | [Round 13] epoch=67/80 loss=1.2794 acc=52.11 val_acc=nan data_t=0.0027s batch_t=0.0341s epoch_t=00:00.55 lr=0.000073 | GPU MB alloc/reserved=69.9/856.0
2026-04-07 12:18:23 | INFO | [Round 13] Epoch 67/80 time=00:00.55 avg=00:00.48 ETA=00:06.27 | GPU MB alloc/reserved=69.9/856.0
2026-04-07 12:18:24 | INFO | [Round 13] epoch=68/80 loss=1.2540 acc=51.89 val_acc=nan data_t=0.0026s batch_t=0.0341s epoch_t=00:00.55 lr=0.000064 | GPU MB alloc/reserved=69.9/856.0
2026-04-07 12:18:24 | INFO | [Round 13] Epoch 68/80 time=00:00.55 avg=00:00.48 ETA=00:05.80 | GPU MB alloc/reserved=69.9/856.0
2026-04-07 12:18:24 | INFO | [Round 13] epoch=69/80 loss=1.2836 acc=51.56 val_acc=nan data_t=0.0022s batch_t=0.0242s epoch_t=00:00.40 lr=0.000055 | GPU MB alloc/reserved=69.9/856.0
2026-04-07 12:18:24 | INFO | [Round 13] Epoch 69/80 time=00:00.40 avg=00:00.48 ETA=00:05.30 | GPU MB alloc/reserved=69.9/856.0
2026-04-07 12:18:25 | INFO | [Round 13] epoch=70/80 loss=1.2694 acc=52.11 val_acc=nan data_t=0.0045s batch_t=0.0142s epoch_t=00:00.28 lr=0.000048 | GPU MB alloc/reserved=69.9/856.0
2026-04-07 12:18:25 | INFO | [Round 13] Epoch 70/80 time=00:00.28 avg=00:00.48 ETA=00:04.79 | GPU MB alloc/reserved=69.9/856.0
2026-04-07 12:18:25 | INFO | [Round 13] epoch=71/80 loss=1.2606 acc=52.89 val_acc=nan data_t=0.0026s batch_t=0.0340s epoch_t=00:00.55 lr=0.000041 | GPU MB alloc/reserved=69.9/856.0
2026-04-07 12:18:25 | INFO | [Round 13] Epoch 71/80 time=00:00.55 avg=00:00.48 ETA=00:04.32 | GPU MB alloc/reserved=69.9/856.0
2026-04-07 12:18:26 | INFO | [Round 13] epoch=72/80 loss=1.2456 acc=52.50 val_acc=nan data_t=0.0018s batch_t=0.0340s epoch_t=00:00.54 lr=0.000034 | GPU MB alloc/reserved=69.9/856.0
2026-04-07 12:18:26 | INFO | [Round 13] Epoch 72/80 time=00:00.54 avg=00:00.48 ETA=00:03.85 | GPU MB alloc/reserved=69.9/856.0
2026-04-07 12:18:26 | INFO | [Round 13] epoch=73/80 loss=1.2511 acc=52.94 val_acc=nan data_t=0.0030s batch_t=0.0340s epoch_t=00:00.56 lr=0.000029 | GPU MB alloc/reserved=69.9/856.0
2026-04-07 12:18:26 | INFO | [Round 13] Epoch 73/80 time=00:00.56 avg=00:00.48 ETA=00:03.37 | GPU MB alloc/reserved=69.9/856.0
2026-04-07 12:18:27 | INFO | [Round 13] epoch=74/80 loss=1.2758 acc=51.50 val_acc=nan data_t=0.0022s batch_t=0.0308s epoch_t=00:00.50 lr=0.000024 | GPU MB alloc/reserved=69.9/856.0
2026-04-07 12:18:27 | INFO | [Round 13] Epoch 74/80 time=00:00.50 avg=00:00.48 ETA=00:02.89 | GPU MB alloc/reserved=69.9/856.0
2026-04-07 12:18:27 | INFO | [Round 13] epoch=75/80 loss=1.2769 acc=51.78 val_acc=nan data_t=0.0021s batch_t=0.0110s epoch_t=00:00.20 lr=0.000020 | GPU MB alloc/reserved=69.9/856.0
2026-04-07 12:18:27 | INFO | [Round 13] Epoch 75/80 time=00:00.20 avg=00:00.48 ETA=00:02.39 | GPU MB alloc/reserved=69.9/856.0
2026-04-07 12:18:27 | INFO | [Round 13] epoch=76/80 loss=1.2477 acc=52.39 val_acc=nan data_t=0.0026s batch_t=0.0342s epoch_t=00:00.55 lr=0.000016 | GPU MB alloc/reserved=69.9/856.0
2026-04-07 12:18:27 | INFO | [Round 13] Epoch 76/80 time=00:00.55 avg=00:00.48 ETA=00:01.92 | GPU MB alloc/reserved=69.9/856.0
2026-04-07 12:18:28 | INFO | [Round 13] epoch=77/80 loss=1.2616 acc=53.33 val_acc=nan data_t=0.0030s batch_t=0.0340s epoch_t=00:00.56 lr=0.000013 | GPU MB alloc/reserved=69.9/856.0
2026-04-07 12:18:28 | INFO | [Round 13] Epoch 77/80 time=00:00.56 avg=00:00.48 ETA=00:01.44 | GPU MB alloc/reserved=69.9/856.0
2026-04-07 12:18:29 | INFO | [Round 13] epoch=78/80 loss=1.2419 acc=52.61 val_acc=nan data_t=0.0017s batch_t=0.0340s epoch_t=00:00.54 lr=0.000012 | GPU MB alloc/reserved=69.9/856.0
2026-04-07 12:18:29 | INFO | [Round 13] Epoch 78/80 time=00:00.54 avg=00:00.48 ETA=00:00.96 | GPU MB alloc/reserved=69.9/856.0
2026-04-07 12:18:29 | INFO | [Round 13] epoch=79/80 loss=1.2564 acc=52.39 val_acc=nan data_t=0.0020s batch_t=0.0341s epoch_t=00:00.54 lr=0.000010 | GPU MB alloc/reserved=69.9/856.0
2026-04-07 12:18:29 | INFO | [Round 13] Epoch 79/80 time=00:00.54 avg=00:00.48 ETA=00:00.48 | GPU MB alloc/reserved=69.9/856.0
2026-04-07 12:18:29 | INFO | [Round 13] epoch=80/80 loss=1.2514 acc=52.44 val_acc=nan data_t=0.0032s batch_t=0.0107s epoch_t=00:00.21 lr=0.000010 | GPU MB alloc/reserved=69.9/856.0
2026-04-07 12:18:29 | INFO | [Round 13] Epoch 80/80 time=00:00.21 avg=00:00.48 ETA=00:00.00 | GPU MB alloc/reserved=69.9/856.0
2026-04-07 12:18:29 | INFO | [Round 13] training complete in 00:38.51 (best monitor=53.333) | GPU MB alloc/reserved=69.9/856.0
2026-04-07 12:18:29 | INFO | [Round 13] evaluation started | GPU MB alloc/reserved=52.0/856.0
2026-04-07 12:18:32 | INFO | [Round 13] clean=51.07 fgsm=43.68 pgd=43.56 grad_disp_mean=nan grad_disp_sel=nan round_t=42.39s | GPU MB alloc/reserved=52.0/856.0
2026-04-07 12:18:32 | INFO | [Round 14/21] elapsed=00:42.39 avg_round=00:30.05 projected_remaining=03:30.36 | GPU MB alloc/reserved=52.0/856.0
2026-04-07 12:18:33 | INFO | [Round 14] acquisition on pool_size=48200 scored_pool=5000 budget=100 | GPU MB alloc/reserved=34.1/856.0
2026-04-07 12:18:33 | INFO | [CoreSet-unlabeled-feat] scoring progress 10/20 elapsed=00:00.22 avg/batch=0.022s ETA=00:00.22 | GPU MB alloc/reserved=40.6/856.0
2026-04-07 12:18:33 | INFO | [CoreSet-unlabeled-feat] scoring progress 20/20 elapsed=00:00.25 avg/batch=0.012s ETA=00:00.00 | GPU MB alloc/reserved=40.6/856.0
2026-04-07 12:18:33 | INFO | [CoreSet-labeled-feat] scoring progress 8/8 elapsed=00:00.21 avg/batch=0.027s ETA=00:00.00 | GPU MB alloc/reserved=40.9/856.0
2026-04-07 12:18:33 | INFO | [CoreSet] greedy 10/100 cover_radius=17.271267 | GPU: n/a
2026-04-07 12:18:34 | INFO | [CoreSet] greedy 20/100 cover_radius=16.363882 | GPU: n/a
2026-04-07 12:18:34 | INFO | [CoreSet] greedy 30/100 cover_radius=15.923063 | GPU: n/a
2026-04-07 12:18:34 | INFO | [CoreSet] greedy 40/100 cover_radius=15.601576 | GPU: n/a
2026-04-07 12:18:34 | INFO | [CoreSet] greedy 50/100 cover_radius=15.190096 | GPU: n/a
2026-04-07 12:18:34 | INFO | [CoreSet] greedy 60/100 cover_radius=15.009079 | GPU: n/a
2026-04-07 12:18:34 | INFO | [CoreSet] greedy 70/100 cover_radius=14.734056 | GPU: n/a
2026-04-07 12:18:34 | INFO | [CoreSet] greedy 80/100 cover_radius=14.477083 | GPU: n/a
2026-04-07 12:18:34 | INFO | [CoreSet] greedy 90/100 cover_radius=14.338285 | GPU: n/a
2026-04-07 12:18:34 | INFO | [CoreSet] greedy 100/100 cover_radius=14.246196 | GPU: n/a
2026-04-07 12:18:34 | INFO | [Round 14] labeled=1900 train=1900 val_fixed=0 | GPU MB alloc/reserved=43.1/856.0
2026-04-07 12:18:35 | INFO | [Round 14] epoch=1/80 loss=4.4818 acc=14.32 val_acc=nan data_t=0.0113s batch_t=0.0360s epoch_t=00:00.71 lr=0.001000 | GPU MB alloc/reserved=69.9/856.0
2026-04-07 12:18:35 | INFO | [Round 14] Epoch 1/80 time=00:00.71 avg=00:00.71 ETA=00:56.10 | GPU MB alloc/reserved=69.9/856.0
2026-04-07 12:18:35 | INFO | [Round 14] epoch=2/80 loss=2.2340 acc=21.89 val_acc=nan data_t=0.0021s batch_t=0.0343s epoch_t=00:00.55 lr=0.000998 | GPU MB alloc/reserved=69.9/856.0
2026-04-07 12:18:35 | INFO | [Round 14] Epoch 2/80 time=00:00.55 avg=00:00.63 ETA=00:48.98 | GPU MB alloc/reserved=69.9/856.0
2026-04-07 12:18:36 | INFO | [Round 14] epoch=3/80 loss=2.0579 acc=26.16 val_acc=nan data_t=0.0032s batch_t=0.0348s epoch_t=00:00.57 lr=0.000997 | GPU MB alloc/reserved=69.9/856.0
2026-04-07 12:18:36 | INFO | [Round 14] Epoch 3/80 time=00:00.57 avg=00:00.61 ETA=00:46.86 | GPU MB alloc/reserved=69.9/856.0
2026-04-07 12:18:36 | INFO | [Round 14] epoch=4/80 loss=2.0009 acc=27.89 val_acc=nan data_t=0.0032s batch_t=0.0193s epoch_t=00:00.34 lr=0.000994 | GPU MB alloc/reserved=69.9/856.0
2026-04-07 12:18:36 | INFO | [Round 14] Epoch 4/80 time=00:00.34 avg=00:00.54 ETA=00:41.09 | GPU MB alloc/reserved=69.9/856.0
2026-04-07 12:18:36 | INFO | [Round 14] epoch=5/80 loss=1.9445 acc=30.47 val_acc=nan data_t=0.0018s batch_t=0.0248s epoch_t=00:00.40 lr=0.000990 | GPU MB alloc/reserved=69.9/856.0
2026-04-07 12:18:36 | INFO | [Round 14] Epoch 5/80 time=00:00.40 avg=00:00.51 ETA=00:38.44 | GPU MB alloc/reserved=69.9/856.0
2026-04-07 12:18:37 | INFO | [Round 14] epoch=6/80 loss=1.8619 acc=31.68 val_acc=nan data_t=0.0026s batch_t=0.0343s epoch_t=00:00.55 lr=0.000986 | GPU MB alloc/reserved=69.9/856.0
2026-04-07 12:18:37 | INFO | [Round 14] Epoch 6/80 time=00:00.55 avg=00:00.52 ETA=00:38.43 | GPU MB alloc/reserved=69.9/856.0
2026-04-07 12:18:38 | INFO | [Round 14] epoch=7/80 loss=1.8468 acc=34.21 val_acc=nan data_t=0.0029s batch_t=0.0343s epoch_t=00:00.56 lr=0.000981 | GPU MB alloc/reserved=69.9/856.0
2026-04-07 12:18:38 | INFO | [Round 14] Epoch 7/80 time=00:00.56 avg=00:00.52 ETA=00:38.32 | GPU MB alloc/reserved=69.9/856.0
2026-04-07 12:18:38 | INFO | [Round 14] epoch=8/80 loss=1.7956 acc=34.47 val_acc=nan data_t=0.0027s batch_t=0.0342s epoch_t=00:00.55 lr=0.000976 | GPU MB alloc/reserved=69.9/856.0
2026-04-07 12:18:38 | INFO | [Round 14] Epoch 8/80 time=00:00.55 avg=00:00.53 ETA=00:38.06 | GPU MB alloc/reserved=69.9/856.0
2026-04-07 12:18:39 | INFO | [Round 14] epoch=9/80 loss=1.7862 acc=35.05 val_acc=nan data_t=0.0026s batch_t=0.0195s epoch_t=00:00.33 lr=0.000969 | GPU MB alloc/reserved=69.9/856.0
2026-04-07 12:18:39 | INFO | [Round 14] Epoch 9/80 time=00:00.33 avg=00:00.51 ETA=00:35.97 | GPU MB alloc/reserved=69.9/856.0
2026-04-07 12:18:39 | INFO | [Round 14] epoch=10/80 loss=1.7515 acc=36.53 val_acc=nan data_t=0.0024s batch_t=0.0247s epoch_t=00:00.41 lr=0.000962 | GPU MB alloc/reserved=69.9/856.0
2026-04-07 12:18:39 | INFO | [Round 14] Epoch 10/80 time=00:00.41 avg=00:00.50 ETA=00:34.76 | GPU MB alloc/reserved=69.9/856.0
2026-04-07 12:18:39 | INFO | [Round 14] epoch=11/80 loss=1.7073 acc=38.11 val_acc=nan data_t=0.0018s batch_t=0.0343s epoch_t=00:00.54 lr=0.000955 | GPU MB alloc/reserved=69.9/856.0
2026-04-07 12:18:39 | INFO | [Round 14] Epoch 11/80 time=00:00.54 avg=00:00.50 ETA=00:34.55 | GPU MB alloc/reserved=69.9/856.0
2026-04-07 12:18:40 | INFO | [Round 14] epoch=12/80 loss=1.6652 acc=38.32 val_acc=nan data_t=0.0027s batch_t=0.0342s epoch_t=00:00.55 lr=0.000946 | GPU MB alloc/reserved=69.9/856.0
2026-04-07 12:18:40 | INFO | [Round 14] Epoch 12/80 time=00:00.55 avg=00:00.51 ETA=00:34.35 | GPU MB alloc/reserved=69.9/856.0
2026-04-07 12:18:41 | INFO | [Round 14] epoch=13/80 loss=1.6389 acc=38.11 val_acc=nan data_t=0.0029s batch_t=0.0343s epoch_t=00:00.56 lr=0.000937 | GPU MB alloc/reserved=69.9/856.0
2026-04-07 12:18:41 | INFO | [Round 14] Epoch 13/80 time=00:00.56 avg=00:00.51 ETA=00:34.12 | GPU MB alloc/reserved=69.9/856.0
2026-04-07 12:18:41 | INFO | [Round 14] epoch=14/80 loss=1.6342 acc=39.89 val_acc=nan data_t=0.0027s batch_t=0.0208s epoch_t=00:00.35 lr=0.000927 | GPU MB alloc/reserved=69.9/856.0
2026-04-07 12:18:41 | INFO | [Round 14] Epoch 14/80 time=00:00.35 avg=00:00.50 ETA=00:32.87 | GPU MB alloc/reserved=69.9/856.0
2026-04-07 12:18:41 | INFO | [Round 14] epoch=15/80 loss=1.5984 acc=40.37 val_acc=nan data_t=0.0020s batch_t=0.0254s epoch_t=00:00.41 lr=0.000917 | GPU MB alloc/reserved=69.9/856.0
2026-04-07 12:18:41 | INFO | [Round 14] Epoch 15/80 time=00:00.41 avg=00:00.49 ETA=00:31.99 | GPU MB alloc/reserved=69.9/856.0
2026-04-07 12:18:42 | INFO | [Round 14] epoch=16/80 loss=1.5922 acc=40.63 val_acc=nan data_t=0.0017s batch_t=0.0342s epoch_t=00:00.54 lr=0.000905 | GPU MB alloc/reserved=69.9/856.0
2026-04-07 12:18:42 | INFO | [Round 14] Epoch 16/80 time=00:00.54 avg=00:00.50 ETA=00:31.69 | GPU MB alloc/reserved=69.9/856.0
2026-04-07 12:18:42 | INFO | [Round 14] epoch=17/80 loss=1.5404 acc=42.89 val_acc=nan data_t=0.0020s batch_t=0.0342s epoch_t=00:00.54 lr=0.000894 | GPU MB alloc/reserved=69.9/856.0
2026-04-07 12:18:42 | INFO | [Round 14] Epoch 17/80 time=00:00.54 avg=00:00.50 ETA=00:31.37 | GPU MB alloc/reserved=69.9/856.0
2026-04-07 12:18:43 | INFO | [Round 14] epoch=18/80 loss=1.5332 acc=41.74 val_acc=nan data_t=0.0031s batch_t=0.0343s epoch_t=00:00.56 lr=0.000881 | GPU MB alloc/reserved=69.9/856.0
2026-04-07 12:18:43 | INFO | [Round 14] Epoch 18/80 time=00:00.56 avg=00:00.50 ETA=00:31.09 | GPU MB alloc/reserved=69.9/856.0
2026-04-07 12:18:43 | INFO | [Round 14] epoch=19/80 loss=1.5037 acc=45.26 val_acc=nan data_t=0.0019s batch_t=0.0225s epoch_t=00:00.37 lr=0.000868 | GPU MB alloc/reserved=69.9/856.0
2026-04-07 12:18:43 | INFO | [Round 14] Epoch 19/80 time=00:00.37 avg=00:00.49 ETA=00:30.15 | GPU MB alloc/reserved=69.9/856.0
2026-04-07 12:18:44 | INFO | [Round 14] epoch=20/80 loss=1.4806 acc=43.74 val_acc=nan data_t=0.0030s batch_t=0.0231s epoch_t=00:00.39 lr=0.000855 | GPU MB alloc/reserved=69.9/856.0
2026-04-07 12:18:44 | INFO | [Round 14] Epoch 20/80 time=00:00.39 avg=00:00.49 ETA=00:29.35 | GPU MB alloc/reserved=69.9/856.0
2026-04-07 12:18:44 | INFO | [Round 14] epoch=21/80 loss=1.4634 acc=45.16 val_acc=nan data_t=0.0022s batch_t=0.0343s epoch_t=00:00.55 lr=0.000841 | GPU MB alloc/reserved=69.9/856.0
2026-04-07 12:18:44 | INFO | [Round 14] Epoch 21/80 time=00:00.55 avg=00:00.49 ETA=00:29.02 | GPU MB alloc/reserved=69.9/856.0
2026-04-07 12:18:45 | INFO | [Round 14] epoch=22/80 loss=1.4634 acc=44.47 val_acc=nan data_t=0.0027s batch_t=0.0343s epoch_t=00:00.56 lr=0.000826 | GPU MB alloc/reserved=69.9/856.0
2026-04-07 12:18:45 | INFO | [Round 14] Epoch 22/80 time=00:00.56 avg=00:00.49 ETA=00:28.70 | GPU MB alloc/reserved=69.9/856.0
2026-04-07 12:18:45 | INFO | [Round 14] epoch=23/80 loss=1.4307 acc=47.42 val_acc=nan data_t=0.0027s batch_t=0.0342s epoch_t=00:00.55 lr=0.000811 | GPU MB alloc/reserved=69.9/856.0
2026-04-07 12:18:45 | INFO | [Round 14] Epoch 23/80 time=00:00.55 avg=00:00.50 ETA=00:28.35 | GPU MB alloc/reserved=69.9/856.0
2026-04-07 12:18:46 | INFO | [Round 14] epoch=24/80 loss=1.4143 acc=47.37 val_acc=nan data_t=0.0034s batch_t=0.0257s epoch_t=00:00.44 lr=0.000796 | GPU MB alloc/reserved=69.9/856.0
2026-04-07 12:18:46 | INFO | [Round 14] Epoch 24/80 time=00:00.44 avg=00:00.49 ETA=00:27.71 | GPU MB alloc/reserved=69.9/856.0
2026-04-07 12:18:46 | INFO | [Round 14] epoch=25/80 loss=1.4054 acc=47.32 val_acc=nan data_t=0.0035s batch_t=0.0091s epoch_t=00:00.19 lr=0.000780 | GPU MB alloc/reserved=69.9/856.0
2026-04-07 12:18:46 | INFO | [Round 14] Epoch 25/80 time=00:00.19 avg=00:00.48 ETA=00:26.54 | GPU MB alloc/reserved=69.9/856.0
2026-04-07 12:18:46 | INFO | [Round 14] epoch=26/80 loss=1.3815 acc=48.32 val_acc=nan data_t=0.0019s batch_t=0.0188s epoch_t=00:00.31 lr=0.000764 | GPU MB alloc/reserved=69.9/856.0
2026-04-07 12:18:46 | INFO | [Round 14] Epoch 26/80 time=00:00.31 avg=00:00.48 ETA=00:25.70 | GPU MB alloc/reserved=69.9/856.0
2026-04-07 12:18:47 | INFO | [Round 14] epoch=27/80 loss=1.3692 acc=49.26 val_acc=nan data_t=0.0019s batch_t=0.0352s epoch_t=00:00.56 lr=0.000747 | GPU MB alloc/reserved=69.9/856.0
2026-04-07 12:18:47 | INFO | [Round 14] Epoch 27/80 time=00:00.56 avg=00:00.48 ETA=00:25.39 | GPU MB alloc/reserved=69.9/856.0
2026-04-07 12:18:47 | INFO | [Round 14] epoch=28/80 loss=1.3772 acc=49.26 val_acc=nan data_t=0.0024s batch_t=0.0343s epoch_t=00:00.55 lr=0.000730 | GPU MB alloc/reserved=69.9/856.0
2026-04-07 12:18:47 | INFO | [Round 14] Epoch 28/80 time=00:00.55 avg=00:00.48 ETA=00:25.04 | GPU MB alloc/reserved=69.9/856.0
2026-04-07 12:18:48 | INFO | [Round 14] epoch=29/80 loss=1.3490 acc=48.63 val_acc=nan data_t=0.0017s batch_t=0.0344s epoch_t=00:00.54 lr=0.000712 | GPU MB alloc/reserved=69.9/856.0
2026-04-07 12:18:48 | INFO | [Round 14] Epoch 29/80 time=00:00.54 avg=00:00.48 ETA=00:24.66 | GPU MB alloc/reserved=69.9/856.0
2026-04-07 12:18:48 | INFO | [Round 14] epoch=30/80 loss=1.3451 acc=49.42 val_acc=nan data_t=0.0034s batch_t=0.0273s epoch_t=00:00.46 lr=0.000694 | GPU MB alloc/reserved=69.9/856.0
2026-04-07 12:18:48 | INFO | [Round 14] Epoch 30/80 time=00:00.46 avg=00:00.48 ETA=00:24.14 | GPU MB alloc/reserved=69.9/856.0
2026-04-07 12:18:49 | INFO | [Round 14] epoch=31/80 loss=1.3276 acc=49.95 val_acc=nan data_t=0.0018s batch_t=0.0158s epoch_t=00:00.26 lr=0.000676 | GPU MB alloc/reserved=69.9/856.0
2026-04-07 12:18:49 | INFO | [Round 14] Epoch 31/80 time=00:00.26 avg=00:00.48 ETA=00:23.31 | GPU MB alloc/reserved=69.9/856.0
2026-04-07 12:18:49 | INFO | [Round 14] epoch=32/80 loss=1.2950 acc=50.79 val_acc=nan data_t=0.0018s batch_t=0.0343s epoch_t=00:00.54 lr=0.000658 | GPU MB alloc/reserved=69.9/856.0
2026-04-07 12:18:49 | INFO | [Round 14] Epoch 32/80 time=00:00.54 avg=00:00.48 ETA=00:22.93 | GPU MB alloc/reserved=69.9/856.0
2026-04-07 12:18:50 | INFO | [Round 14] epoch=33/80 loss=1.2854 acc=52.32 val_acc=nan data_t=0.0018s batch_t=0.0343s epoch_t=00:00.54 lr=0.000639 | GPU MB alloc/reserved=69.9/856.0
2026-04-07 12:18:50 | INFO | [Round 14] Epoch 33/80 time=00:00.54 avg=00:00.48 ETA=00:22.55 | GPU MB alloc/reserved=69.9/856.0
2026-04-07 12:18:50 | INFO | [Round 14] epoch=34/80 loss=1.2730 acc=50.89 val_acc=nan data_t=0.0030s batch_t=0.0343s epoch_t=00:00.56 lr=0.000621 | GPU MB alloc/reserved=69.9/856.0
2026-04-07 12:18:50 | INFO | [Round 14] Epoch 34/80 time=00:00.56 avg=00:00.48 ETA=00:22.18 | GPU MB alloc/reserved=69.9/856.0
2026-04-07 12:18:51 | INFO | [Round 14] epoch=35/80 loss=1.2363 acc=53.47 val_acc=nan data_t=0.0029s batch_t=0.0293s epoch_t=00:00.48 lr=0.000602 | GPU MB alloc/reserved=69.9/856.0
2026-04-07 12:18:51 | INFO | [Round 14] Epoch 35/80 time=00:00.48 avg=00:00.48 ETA=00:21.70 | GPU MB alloc/reserved=69.9/856.0
2026-04-07 12:18:51 | INFO | [Round 14] epoch=36/80 loss=1.2488 acc=52.21 val_acc=nan data_t=0.0031s batch_t=0.0203s epoch_t=00:00.35 lr=0.000582 | GPU MB alloc/reserved=69.9/856.0
2026-04-07 12:18:51 | INFO | [Round 14] Epoch 36/80 time=00:00.35 avg=00:00.48 ETA=00:21.05 | GPU MB alloc/reserved=69.9/856.0
2026-04-07 12:18:52 | INFO | [Round 14] epoch=37/80 loss=1.2043 acc=54.00 val_acc=nan data_t=0.0027s batch_t=0.0342s epoch_t=00:00.55 lr=0.000563 | GPU MB alloc/reserved=69.9/856.0
2026-04-07 12:18:52 | INFO | [Round 14] Epoch 37/80 time=00:00.55 avg=00:00.48 ETA=00:20.66 | GPU MB alloc/reserved=69.9/856.0
2026-04-07 12:18:52 | INFO | [Round 14] epoch=38/80 loss=1.2054 acc=54.79 val_acc=nan data_t=0.0020s batch_t=0.0343s epoch_t=00:00.55 lr=0.000544 | GPU MB alloc/reserved=69.9/856.0
2026-04-07 12:18:52 | INFO | [Round 14] Epoch 38/80 time=00:00.55 avg=00:00.48 ETA=00:20.25 | GPU MB alloc/reserved=69.9/856.0
2026-04-07 12:18:53 | INFO | [Round 14] epoch=39/80 loss=1.1975 acc=55.05 val_acc=nan data_t=0.0026s batch_t=0.0343s epoch_t=00:00.55 lr=0.000524 | GPU MB alloc/reserved=69.9/856.0
2026-04-07 12:18:53 | INFO | [Round 14] Epoch 39/80 time=00:00.55 avg=00:00.48 ETA=00:19.85 | GPU MB alloc/reserved=69.9/856.0
2026-04-07 12:18:53 | INFO | [Round 14] epoch=40/80 loss=1.1641 acc=55.26 val_acc=nan data_t=0.0026s batch_t=0.0255s epoch_t=00:00.42 lr=0.000505 | GPU MB alloc/reserved=69.9/856.0
2026-04-07 12:18:53 | INFO | [Round 14] Epoch 40/80 time=00:00.42 avg=00:00.48 ETA=00:19.30 | GPU MB alloc/reserved=69.9/856.0
2026-04-07 12:18:54 | INFO | [Round 14] epoch=41/80 loss=1.1607 acc=56.00 val_acc=nan data_t=0.0030s batch_t=0.0192s epoch_t=00:00.33 lr=0.000486 | GPU MB alloc/reserved=69.9/856.0
2026-04-07 12:18:54 | INFO | [Round 14] Epoch 41/80 time=00:00.33 avg=00:00.48 ETA=00:18.68 | GPU MB alloc/reserved=69.9/856.0
2026-04-07 12:18:54 | INFO | [Round 14] epoch=42/80 loss=1.1462 acc=57.58 val_acc=nan data_t=0.0018s batch_t=0.0343s epoch_t=00:00.54 lr=0.000466 | GPU MB alloc/reserved=69.9/856.0
2026-04-07 12:18:54 | INFO | [Round 14] Epoch 42/80 time=00:00.54 avg=00:00.48 ETA=00:18.26 | GPU MB alloc/reserved=69.9/856.0
2026-04-07 12:18:55 | INFO | [Round 14] epoch=43/80 loss=1.1572 acc=56.26 val_acc=nan data_t=0.0018s batch_t=0.0343s epoch_t=00:00.54 lr=0.000447 | GPU MB alloc/reserved=69.9/856.0
2026-04-07 12:18:55 | INFO | [Round 14] Epoch 43/80 time=00:00.54 avg=00:00.48 ETA=00:17.83 | GPU MB alloc/reserved=69.9/856.0
2026-04-07 12:18:55 | INFO | [Round 14] epoch=44/80 loss=1.0951 acc=59.05 val_acc=nan data_t=0.0020s batch_t=0.0343s epoch_t=00:00.54 lr=0.000428 | GPU MB alloc/reserved=69.9/856.0
2026-04-07 12:18:55 | INFO | [Round 14] Epoch 44/80 time=00:00.54 avg=00:00.48 ETA=00:17.40 | GPU MB alloc/reserved=69.9/856.0
2026-04-07 12:18:56 | INFO | [Round 14] epoch=45/80 loss=1.1005 acc=57.42 val_acc=nan data_t=0.0034s batch_t=0.0271s epoch_t=00:00.46 lr=0.000408 | GPU MB alloc/reserved=69.9/856.0
2026-04-07 12:18:56 | INFO | [Round 14] Epoch 45/80 time=00:00.46 avg=00:00.48 ETA=00:16.89 | GPU MB alloc/reserved=69.9/856.0
2026-04-07 12:18:56 | INFO | [Round 14] epoch=46/80 loss=1.1034 acc=57.21 val_acc=nan data_t=0.0046s batch_t=0.0181s epoch_t=00:00.34 lr=0.000389 | GPU MB alloc/reserved=69.9/856.0
2026-04-07 12:18:56 | INFO | [Round 14] Epoch 46/80 time=00:00.34 avg=00:00.48 ETA=00:16.31 | GPU MB alloc/reserved=69.9/856.0
2026-04-07 12:18:57 | INFO | [Round 14] epoch=47/80 loss=1.1010 acc=59.05 val_acc=nan data_t=0.0031s batch_t=0.0344s epoch_t=00:00.56 lr=0.000371 | GPU MB alloc/reserved=69.9/856.0
2026-04-07 12:18:57 | INFO | [Round 14] Epoch 47/80 time=00:00.56 avg=00:00.48 ETA=00:15.88 | GPU MB alloc/reserved=69.9/856.0
2026-04-07 12:18:57 | INFO | [Round 14] epoch=48/80 loss=1.0487 acc=61.63 val_acc=nan data_t=0.0027s batch_t=0.0343s epoch_t=00:00.56 lr=0.000352 | GPU MB alloc/reserved=69.9/856.0
2026-04-07 12:18:57 | INFO | [Round 14] Epoch 48/80 time=00:00.56 avg=00:00.48 ETA=00:15.45 | GPU MB alloc/reserved=69.9/856.0
2026-04-07 12:18:58 | INFO | [Round 14] epoch=49/80 loss=1.0520 acc=61.21 val_acc=nan data_t=0.0031s batch_t=0.0344s epoch_t=00:00.56 lr=0.000334 | GPU MB alloc/reserved=69.9/856.0
2026-04-07 12:18:58 | INFO | [Round 14] Epoch 49/80 time=00:00.56 avg=00:00.48 ETA=00:15.02 | GPU MB alloc/reserved=69.9/856.0
2026-04-07 12:18:58 | INFO | [Round 14] epoch=50/80 loss=1.0694 acc=59.53 val_acc=nan data_t=0.0025s batch_t=0.0256s epoch_t=00:00.42 lr=0.000316 | GPU MB alloc/reserved=69.9/856.0
2026-04-07 12:18:58 | INFO | [Round 14] Epoch 50/80 time=00:00.42 avg=00:00.48 ETA=00:14.50 | GPU MB alloc/reserved=69.9/856.0
2026-04-07 12:18:58 | INFO | [Round 14] epoch=51/80 loss=1.0080 acc=62.05 val_acc=nan data_t=0.0029s batch_t=0.0161s epoch_t=00:00.29 lr=0.000298 | GPU MB alloc/reserved=69.9/856.0
2026-04-07 12:18:58 | INFO | [Round 14] Epoch 51/80 time=00:00.29 avg=00:00.48 ETA=00:13.90 | GPU MB alloc/reserved=69.9/856.0
2026-04-07 12:18:59 | INFO | [Round 14] epoch=52/80 loss=1.0132 acc=61.63 val_acc=nan data_t=0.0026s batch_t=0.0344s epoch_t=00:00.55 lr=0.000280 | GPU MB alloc/reserved=69.9/856.0
2026-04-07 12:18:59 | INFO | [Round 14] Epoch 52/80 time=00:00.55 avg=00:00.48 ETA=00:13.46 | GPU MB alloc/reserved=69.9/856.0
2026-04-07 12:19:00 | INFO | [Round 14] epoch=53/80 loss=0.9927 acc=63.53 val_acc=nan data_t=0.0018s batch_t=0.0344s epoch_t=00:00.54 lr=0.000263 | GPU MB alloc/reserved=69.9/856.0
2026-04-07 12:19:00 | INFO | [Round 14] Epoch 53/80 time=00:00.54 avg=00:00.48 ETA=00:13.01 | GPU MB alloc/reserved=69.9/856.0
2026-04-07 12:19:00 | INFO | [Round 14] epoch=54/80 loss=1.0000 acc=63.32 val_acc=nan data_t=0.0034s batch_t=0.0342s epoch_t=00:00.57 lr=0.000246 | GPU MB alloc/reserved=69.9/856.0
2026-04-07 12:19:00 | INFO | [Round 14] Epoch 54/80 time=00:00.57 avg=00:00.48 ETA=00:12.57 | GPU MB alloc/reserved=69.9/856.0
2026-04-07 12:19:01 | INFO | [Round 14] epoch=55/80 loss=0.9851 acc=63.47 val_acc=nan data_t=0.0026s batch_t=0.0291s epoch_t=00:00.48 lr=0.000230 | GPU MB alloc/reserved=69.9/856.0
2026-04-07 12:19:01 | INFO | [Round 14] Epoch 55/80 time=00:00.48 avg=00:00.48 ETA=00:12.09 | GPU MB alloc/reserved=69.9/856.0
2026-04-07 12:19:01 | INFO | [Round 14] epoch=56/80 loss=0.9891 acc=63.05 val_acc=nan data_t=0.0022s batch_t=0.0131s epoch_t=00:00.23 lr=0.000214 | GPU MB alloc/reserved=69.9/856.0
2026-04-07 12:19:01 | INFO | [Round 14] Epoch 56/80 time=00:00.23 avg=00:00.48 ETA=00:11.49 | GPU MB alloc/reserved=69.9/856.0
2026-04-07 12:19:01 | INFO | [Round 14] epoch=57/80 loss=0.9698 acc=62.79 val_acc=nan data_t=0.0019s batch_t=0.0343s epoch_t=00:00.54 lr=0.000199 | GPU MB alloc/reserved=69.9/856.0
2026-04-07 12:19:01 | INFO | [Round 14] Epoch 57/80 time=00:00.54 avg=00:00.48 ETA=00:11.04 | GPU MB alloc/reserved=69.9/856.0
2026-04-07 12:19:02 | INFO | [Round 14] epoch=58/80 loss=0.9615 acc=64.68 val_acc=nan data_t=0.0032s batch_t=0.0344s epoch_t=00:00.56 lr=0.000184 | GPU MB alloc/reserved=69.9/856.0
2026-04-07 12:19:02 | INFO | [Round 14] Epoch 58/80 time=00:00.56 avg=00:00.48 ETA=00:10.59 | GPU MB alloc/reserved=69.9/856.0
2026-04-07 12:19:02 | INFO | [Round 14] epoch=59/80 loss=0.9622 acc=63.63 val_acc=nan data_t=0.0031s batch_t=0.0343s epoch_t=00:00.56 lr=0.000169 | GPU MB alloc/reserved=69.9/856.0
2026-04-07 12:19:02 | INFO | [Round 14] Epoch 59/80 time=00:00.56 avg=00:00.48 ETA=00:10.14 | GPU MB alloc/reserved=69.9/856.0
2026-04-07 12:19:03 | INFO | [Round 14] epoch=60/80 loss=0.9600 acc=63.89 val_acc=nan data_t=0.0027s batch_t=0.0313s epoch_t=00:00.51 lr=0.000155 | GPU MB alloc/reserved=69.9/856.0
2026-04-07 12:19:03 | INFO | [Round 14] Epoch 60/80 time=00:00.51 avg=00:00.48 ETA=00:09.67 | GPU MB alloc/reserved=69.9/856.0
2026-04-07 12:19:03 | INFO | [Round 14] epoch=61/80 loss=0.9170 acc=65.42 val_acc=nan data_t=0.0021s batch_t=0.0105s epoch_t=00:00.19 lr=0.000142 | GPU MB alloc/reserved=69.9/856.0
2026-04-07 12:19:03 | INFO | [Round 14] Epoch 61/80 time=00:00.19 avg=00:00.48 ETA=00:09.09 | GPU MB alloc/reserved=69.9/856.0
2026-04-07 12:19:04 | INFO | [Round 14] epoch=62/80 loss=0.9216 acc=65.42 val_acc=nan data_t=0.0020s batch_t=0.0343s epoch_t=00:00.54 lr=0.000129 | GPU MB alloc/reserved=69.9/856.0
2026-04-07 12:19:04 | INFO | [Round 14] Epoch 62/80 time=00:00.54 avg=00:00.48 ETA=00:08.63 | GPU MB alloc/reserved=69.9/856.0
2026-04-07 12:19:04 | INFO | [Round 14] epoch=63/80 loss=0.9366 acc=63.95 val_acc=nan data_t=0.0019s batch_t=0.0343s epoch_t=00:00.54 lr=0.000116 | GPU MB alloc/reserved=69.9/856.0
2026-04-07 12:19:04 | INFO | [Round 14] Epoch 63/80 time=00:00.54 avg=00:00.48 ETA=00:08.17 | GPU MB alloc/reserved=69.9/856.0
2026-04-07 12:19:05 | INFO | [Round 14] epoch=64/80 loss=0.8980 acc=67.53 val_acc=nan data_t=0.0027s batch_t=0.0344s epoch_t=00:00.56 lr=0.000105 | GPU MB alloc/reserved=69.9/856.0
2026-04-07 12:19:05 | INFO | [Round 14] Epoch 64/80 time=00:00.56 avg=00:00.48 ETA=00:07.71 | GPU MB alloc/reserved=69.9/856.0
2026-04-07 12:19:05 | INFO | [Round 14] epoch=65/80 loss=0.9107 acc=65.74 val_acc=nan data_t=0.0025s batch_t=0.0343s epoch_t=00:00.55 lr=0.000093 | GPU MB alloc/reserved=69.9/856.0
2026-04-07 12:19:05 | INFO | [Round 14] Epoch 65/80 time=00:00.55 avg=00:00.48 ETA=00:07.24 | GPU MB alloc/reserved=69.9/856.0
2026-04-07 12:19:06 | INFO | [Round 14] epoch=66/80 loss=0.9003 acc=65.47 val_acc=nan data_t=0.0030s batch_t=0.0197s epoch_t=00:00.34 lr=0.000083 | GPU MB alloc/reserved=69.9/856.0
2026-04-07 12:19:06 | INFO | [Round 14] Epoch 66/80 time=00:00.34 avg=00:00.48 ETA=00:06.73 | GPU MB alloc/reserved=69.9/856.0
2026-04-07 12:19:06 | INFO | [Round 14] epoch=67/80 loss=0.8861 acc=66.79 val_acc=nan data_t=0.0018s batch_t=0.0342s epoch_t=00:00.54 lr=0.000073 | GPU MB alloc/reserved=69.9/856.0
2026-04-07 12:19:06 | INFO | [Round 14] Epoch 67/80 time=00:00.54 avg=00:00.48 ETA=00:06.26 | GPU MB alloc/reserved=69.9/856.0
2026-04-07 12:19:07 | INFO | [Round 14] epoch=68/80 loss=0.8813 acc=67.37 val_acc=nan data_t=0.0026s batch_t=0.0344s epoch_t=00:00.55 lr=0.000064 | GPU MB alloc/reserved=69.9/856.0
2026-04-07 12:19:07 | INFO | [Round 14] Epoch 68/80 time=00:00.55 avg=00:00.48 ETA=00:05.79 | GPU MB alloc/reserved=69.9/856.0
2026-04-07 12:19:07 | INFO | [Round 14] epoch=69/80 loss=0.8907 acc=66.63 val_acc=nan data_t=0.0028s batch_t=0.0344s epoch_t=00:00.56 lr=0.000055 | GPU MB alloc/reserved=69.9/856.0
2026-04-07 12:19:07 | INFO | [Round 14] Epoch 69/80 time=00:00.56 avg=00:00.48 ETA=00:05.32 | GPU MB alloc/reserved=69.9/856.0
2026-04-07 12:19:08 | INFO | [Round 14] epoch=70/80 loss=0.8862 acc=67.84 val_acc=nan data_t=0.0025s batch_t=0.0293s epoch_t=00:00.48 lr=0.000048 | GPU MB alloc/reserved=69.9/856.0
2026-04-07 12:19:08 | INFO | [Round 14] Epoch 70/80 time=00:00.48 avg=00:00.48 ETA=00:04.84 | GPU MB alloc/reserved=69.9/856.0
2026-04-07 12:19:08 | INFO | [Round 14] epoch=71/80 loss=0.8750 acc=66.74 val_acc=nan data_t=0.0033s batch_t=0.0171s epoch_t=00:00.31 lr=0.000041 | GPU MB alloc/reserved=69.9/856.0
2026-04-07 12:19:08 | INFO | [Round 14] Epoch 71/80 time=00:00.31 avg=00:00.48 ETA=00:04.33 | GPU MB alloc/reserved=69.9/856.0
2026-04-07 12:19:09 | INFO | [Round 14] epoch=72/80 loss=0.8616 acc=67.37 val_acc=nan data_t=0.0018s batch_t=0.0344s epoch_t=00:00.54 lr=0.000034 | GPU MB alloc/reserved=69.9/856.0
2026-04-07 12:19:09 | INFO | [Round 14] Epoch 72/80 time=00:00.54 avg=00:00.48 ETA=00:03.86 | GPU MB alloc/reserved=69.9/856.0
2026-04-07 12:19:09 | INFO | [Round 14] epoch=73/80 loss=0.8684 acc=67.11 val_acc=nan data_t=0.0026s batch_t=0.0343s epoch_t=00:00.55 lr=0.000029 | GPU MB alloc/reserved=69.9/856.0
2026-04-07 12:19:09 | INFO | [Round 14] Epoch 73/80 time=00:00.55 avg=00:00.48 ETA=00:03.38 | GPU MB alloc/reserved=69.9/856.0
2026-04-07 12:19:10 | INFO | [Round 14] epoch=74/80 loss=0.8511 acc=68.68 val_acc=nan data_t=0.0037s batch_t=0.0342s epoch_t=00:00.57 lr=0.000024 | GPU MB alloc/reserved=69.9/856.0
2026-04-07 12:19:10 | INFO | [Round 14] Epoch 74/80 time=00:00.57 avg=00:00.48 ETA=00:02.90 | GPU MB alloc/reserved=69.9/856.0
2026-04-07 12:19:10 | INFO | [Round 14] epoch=75/80 loss=0.8654 acc=67.74 val_acc=nan data_t=0.0029s batch_t=0.0282s epoch_t=00:00.47 lr=0.000020 | GPU MB alloc/reserved=69.9/856.0
2026-04-07 12:19:10 | INFO | [Round 14] Epoch 75/80 time=00:00.47 avg=00:00.48 ETA=00:02.42 | GPU MB alloc/reserved=69.9/856.0
2026-04-07 12:19:11 | INFO | [Round 14] epoch=76/80 loss=0.8479 acc=68.47 val_acc=nan data_t=0.0038s batch_t=0.0225s epoch_t=00:00.40 lr=0.000016 | GPU MB alloc/reserved=69.9/856.0
2026-04-07 12:19:11 | INFO | [Round 14] Epoch 76/80 time=00:00.40 avg=00:00.48 ETA=00:01.93 | GPU MB alloc/reserved=69.9/856.0
2026-04-07 12:19:11 | INFO | [Round 14] epoch=77/80 loss=0.8791 acc=66.16 val_acc=nan data_t=0.0018s batch_t=0.0343s epoch_t=00:00.54 lr=0.000013 | GPU MB alloc/reserved=69.9/856.0
2026-04-07 12:19:11 | INFO | [Round 14] Epoch 77/80 time=00:00.54 avg=00:00.48 ETA=00:01.45 | GPU MB alloc/reserved=69.9/856.0
2026-04-07 12:19:12 | INFO | [Round 14] epoch=78/80 loss=0.8684 acc=67.47 val_acc=nan data_t=0.0018s batch_t=0.0343s epoch_t=00:00.54 lr=0.000012 | GPU MB alloc/reserved=69.9/856.0
2026-04-07 12:19:12 | INFO | [Round 14] Epoch 78/80 time=00:00.54 avg=00:00.48 ETA=00:00.97 | GPU MB alloc/reserved=69.9/856.0
2026-04-07 12:19:12 | INFO | [Round 14] epoch=79/80 loss=0.8391 acc=68.37 val_acc=nan data_t=0.0018s batch_t=0.0344s epoch_t=00:00.54 lr=0.000010 | GPU MB alloc/reserved=69.9/856.0
2026-04-07 12:19:12 | INFO | [Round 14] Epoch 79/80 time=00:00.54 avg=00:00.48 ETA=00:00.48 | GPU MB alloc/reserved=69.9/856.0
2026-04-07 12:19:13 | INFO | [Round 14] epoch=80/80 loss=0.8636 acc=67.47 val_acc=nan data_t=0.0039s batch_t=0.0244s epoch_t=00:00.42 lr=0.000010 | GPU MB alloc/reserved=69.9/856.0
2026-04-07 12:19:13 | INFO | [Round 14] Epoch 80/80 time=00:00.42 avg=00:00.48 ETA=00:00.00 | GPU MB alloc/reserved=69.9/856.0
2026-04-07 12:19:13 | INFO | [Round 14] training complete in 00:38.86 (best monitor=68.684) | GPU MB alloc/reserved=69.9/856.0
2026-04-07 12:19:13 | INFO | [Round 14] evaluation started | GPU MB alloc/reserved=52.0/856.0
2026-04-07 12:19:15 | INFO | [Round 14] clean=57.00 fgsm=47.81 pgd=47.47 grad_disp_mean=nan grad_disp_sel=nan round_t=42.84s | GPU MB alloc/reserved=52.0/856.0
2026-04-07 12:19:15 | INFO | [Round 15/21] elapsed=00:42.84 avg_round=00:30.90 projected_remaining=03:05.42 | GPU MB alloc/reserved=52.0/856.0
2026-04-07 12:19:16 | INFO | [Round 15] acquisition on pool_size=48100 scored_pool=5000 budget=100 | GPU MB alloc/reserved=34.1/856.0
2026-04-07 12:19:17 | INFO | [CoreSet-unlabeled-feat] scoring progress 10/20 elapsed=00:00.22 avg/batch=0.022s ETA=00:00.22 | GPU MB alloc/reserved=40.6/856.0
2026-04-07 12:19:17 | INFO | [CoreSet-unlabeled-feat] scoring progress 20/20 elapsed=00:00.25 avg/batch=0.013s ETA=00:00.00 | GPU MB alloc/reserved=40.6/856.0
2026-04-07 12:19:17 | INFO | [CoreSet-labeled-feat] scoring progress 8/8 elapsed=00:00.21 avg/batch=0.027s ETA=00:00.00 | GPU MB alloc/reserved=42.1/856.0
2026-04-07 12:19:17 | INFO | [CoreSet] greedy 10/100 cover_radius=22.835037 | GPU: n/a
2026-04-07 12:19:17 | INFO | [CoreSet] greedy 20/100 cover_radius=22.108177 | GPU: n/a
2026-04-07 12:19:17 | INFO | [CoreSet] greedy 30/100 cover_radius=21.728853 | GPU: n/a
2026-04-07 12:19:17 | INFO | [CoreSet] greedy 40/100 cover_radius=21.367517 | GPU: n/a
2026-04-07 12:19:17 | INFO | [CoreSet] greedy 50/100 cover_radius=21.160738 | GPU: n/a
2026-04-07 12:19:17 | INFO | [CoreSet] greedy 60/100 cover_radius=20.782032 | GPU: n/a
2026-04-07 12:19:17 | INFO | [CoreSet] greedy 70/100 cover_radius=20.575502 | GPU: n/a
2026-04-07 12:19:17 | INFO | [CoreSet] greedy 80/100 cover_radius=20.225483 | GPU: n/a
2026-04-07 12:19:17 | INFO | [CoreSet] greedy 90/100 cover_radius=20.015131 | GPU: n/a
2026-04-07 12:19:17 | INFO | [CoreSet] greedy 100/100 cover_radius=19.859774 | GPU: n/a
2026-04-07 12:19:18 | INFO | [Round 15] labeled=2000 train=2000 val_fixed=0 | GPU MB alloc/reserved=43.1/856.0
2026-04-07 12:19:18 | INFO | [Round 15] epoch=1/80 loss=4.4873 acc=15.05 val_acc=nan data_t=0.0114s batch_t=0.0354s epoch_t=00:00.75 lr=0.001000 | GPU MB alloc/reserved=69.9/856.0
2026-04-07 12:19:18 | INFO | [Round 15] Epoch 1/80 time=00:00.75 avg=00:00.75 ETA=00:59.16 | GPU MB alloc/reserved=69.9/856.0
2026-04-07 12:19:19 | INFO | [Round 15] epoch=2/80 loss=2.1410 acc=23.75 val_acc=nan data_t=0.0024s batch_t=0.0342s epoch_t=00:00.59 lr=0.000998 | GPU MB alloc/reserved=69.9/856.0
2026-04-07 12:19:19 | INFO | [Round 15] Epoch 2/80 time=00:00.59 avg=00:00.67 ETA=00:52.03 | GPU MB alloc/reserved=69.9/856.0
2026-04-07 12:19:20 | INFO | [Round 15] epoch=3/80 loss=2.0259 acc=26.10 val_acc=nan data_t=0.0017s batch_t=0.0343s epoch_t=00:00.58 lr=0.000997 | GPU MB alloc/reserved=69.9/856.0
2026-04-07 12:19:20 | INFO | [Round 15] Epoch 3/80 time=00:00.58 avg=00:00.64 ETA=00:49.06 | GPU MB alloc/reserved=69.9/856.0
2026-04-07 12:19:20 | INFO | [Round 15] epoch=4/80 loss=1.9622 acc=28.50 val_acc=nan data_t=0.0031s batch_t=0.0135s epoch_t=00:00.27 lr=0.000994 | GPU MB alloc/reserved=69.9/856.0
2026-04-07 12:19:20 | INFO | [Round 15] Epoch 4/80 time=00:00.27 avg=00:00.54 ETA=00:41.36 | GPU MB alloc/reserved=69.9/856.0
2026-04-07 12:19:20 | INFO | [Round 15] epoch=5/80 loss=1.9036 acc=31.10 val_acc=nan data_t=0.0020s batch_t=0.0312s epoch_t=00:00.53 lr=0.000990 | GPU MB alloc/reserved=69.9/856.0
2026-04-07 12:19:20 | INFO | [Round 15] Epoch 5/80 time=00:00.53 avg=00:00.54 ETA=00:40.62 | GPU MB alloc/reserved=69.9/856.0
2026-04-07 12:19:21 | INFO | [Round 15] epoch=6/80 loss=1.8561 acc=33.90 val_acc=nan data_t=0.0025s batch_t=0.0343s epoch_t=00:00.59 lr=0.000986 | GPU MB alloc/reserved=69.9/856.0
2026-04-07 12:19:21 | INFO | [Round 15] Epoch 6/80 time=00:00.59 avg=00:00.55 ETA=00:40.65 | GPU MB alloc/reserved=69.9/856.0
2026-04-07 12:19:22 | INFO | [Round 15] epoch=7/80 loss=1.8130 acc=32.50 val_acc=nan data_t=0.0028s batch_t=0.0342s epoch_t=00:00.59 lr=0.000981 | GPU MB alloc/reserved=69.9/856.0
2026-04-07 12:19:22 | INFO | [Round 15] Epoch 7/80 time=00:00.59 avg=00:00.56 ETA=00:40.54 | GPU MB alloc/reserved=69.9/856.0
2026-04-07 12:19:22 | INFO | [Round 15] epoch=8/80 loss=1.7432 acc=36.15 val_acc=nan data_t=0.0025s batch_t=0.0342s epoch_t=00:00.59 lr=0.000976 | GPU MB alloc/reserved=69.9/856.0
2026-04-07 12:19:22 | INFO | [Round 15] Epoch 8/80 time=00:00.59 avg=00:00.56 ETA=00:40.27 | GPU MB alloc/reserved=69.9/856.0
2026-04-07 12:19:22 | INFO | [Round 15] epoch=9/80 loss=1.7378 acc=35.50 val_acc=nan data_t=0.0027s batch_t=0.0087s epoch_t=00:00.18 lr=0.000969 | GPU MB alloc/reserved=69.9/856.0
2026-04-07 12:19:22 | INFO | [Round 15] Epoch 9/80 time=00:00.18 avg=00:00.52 ETA=00:36.74 | GPU MB alloc/reserved=69.9/856.0
2026-04-07 12:19:23 | INFO | [Round 15] epoch=10/80 loss=1.6928 acc=39.00 val_acc=nan data_t=0.0018s batch_t=0.0329s epoch_t=00:00.56 lr=0.000962 | GPU MB alloc/reserved=69.9/856.0
2026-04-07 12:19:23 | INFO | [Round 15] Epoch 10/80 time=00:00.56 avg=00:00.52 ETA=00:36.49 | GPU MB alloc/reserved=69.9/856.0
2026-04-07 12:19:23 | INFO | [Round 15] epoch=11/80 loss=1.6501 acc=38.05 val_acc=nan data_t=0.0031s batch_t=0.0342s epoch_t=00:00.60 lr=0.000955 | GPU MB alloc/reserved=69.9/856.0
2026-04-07 12:19:23 | INFO | [Round 15] Epoch 11/80 time=00:00.60 avg=00:00.53 ETA=00:36.44 | GPU MB alloc/reserved=69.9/856.0
2026-04-07 12:19:24 | INFO | [Round 15] epoch=12/80 loss=1.6386 acc=39.05 val_acc=nan data_t=0.0027s batch_t=0.0342s epoch_t=00:00.59 lr=0.000946 | GPU MB alloc/reserved=69.9/856.0
2026-04-07 12:19:24 | INFO | [Round 15] Epoch 12/80 time=00:00.59 avg=00:00.53 ETA=00:36.26 | GPU MB alloc/reserved=69.9/856.0
2026-04-07 12:19:25 | INFO | [Round 15] epoch=13/80 loss=1.6162 acc=39.10 val_acc=nan data_t=0.0026s batch_t=0.0325s epoch_t=00:00.56 lr=0.000937 | GPU MB alloc/reserved=69.9/856.0
2026-04-07 12:19:25 | INFO | [Round 15] Epoch 13/80 time=00:00.56 avg=00:00.54 ETA=00:35.87 | GPU MB alloc/reserved=69.9/856.0
2026-04-07 12:19:25 | INFO | [Round 15] epoch=14/80 loss=1.5878 acc=42.00 val_acc=nan data_t=0.0021s batch_t=0.0107s epoch_t=00:00.20 lr=0.000927 | GPU MB alloc/reserved=69.9/856.0
2026-04-07 12:19:25 | INFO | [Round 15] Epoch 14/80 time=00:00.20 avg=00:00.51 ETA=00:33.78 | GPU MB alloc/reserved=69.9/856.0
2026-04-07 12:19:25 | INFO | [Round 15] epoch=15/80 loss=1.5419 acc=43.85 val_acc=nan data_t=0.0024s batch_t=0.0341s epoch_t=00:00.58 lr=0.000917 | GPU MB alloc/reserved=69.9/856.0
2026-04-07 12:19:25 | INFO | [Round 15] Epoch 15/80 time=00:00.58 avg=00:00.52 ETA=00:33.58 | GPU MB alloc/reserved=69.9/856.0
2026-04-07 12:19:26 | INFO | [Round 15] epoch=16/80 loss=1.5421 acc=43.50 val_acc=nan data_t=0.0028s batch_t=0.0343s epoch_t=00:00.59 lr=0.000905 | GPU MB alloc/reserved=69.9/856.0
2026-04-07 12:19:26 | INFO | [Round 15] Epoch 16/80 time=00:00.59 avg=00:00.52 ETA=00:33.37 | GPU MB alloc/reserved=69.9/856.0
2026-04-07 12:19:27 | INFO | [Round 15] epoch=17/80 loss=1.5100 acc=44.45 val_acc=nan data_t=0.0026s batch_t=0.0343s epoch_t=00:00.59 lr=0.000894 | GPU MB alloc/reserved=69.9/856.0
2026-04-07 12:19:27 | INFO | [Round 15] Epoch 17/80 time=00:00.59 avg=00:00.53 ETA=00:33.11 | GPU MB alloc/reserved=69.9/856.0
2026-04-07 12:19:27 | INFO | [Round 15] epoch=18/80 loss=1.4963 acc=44.80 val_acc=nan data_t=0.0025s batch_t=0.0271s epoch_t=00:00.47 lr=0.000881 | GPU MB alloc/reserved=69.9/856.0
2026-04-07 12:19:27 | INFO | [Round 15] Epoch 18/80 time=00:00.47 avg=00:00.52 ETA=00:32.40 | GPU MB alloc/reserved=69.9/856.0
2026-04-07 12:19:27 | INFO | [Round 15] epoch=19/80 loss=1.4758 acc=45.00 val_acc=nan data_t=0.0025s batch_t=0.0207s epoch_t=00:00.37 lr=0.000868 | GPU MB alloc/reserved=69.9/856.0
2026-04-07 12:19:27 | INFO | [Round 15] Epoch 19/80 time=00:00.37 avg=00:00.51 ETA=00:31.40 | GPU MB alloc/reserved=69.9/856.0
2026-04-07 12:19:28 | INFO | [Round 15] epoch=20/80 loss=1.4731 acc=45.00 val_acc=nan data_t=0.0016s batch_t=0.0342s epoch_t=00:00.57 lr=0.000855 | GPU MB alloc/reserved=69.9/856.0
2026-04-07 12:19:28 | INFO | [Round 15] Epoch 20/80 time=00:00.57 avg=00:00.52 ETA=00:31.05 | GPU MB alloc/reserved=69.9/856.0
2026-04-07 12:19:29 | INFO | [Round 15] epoch=21/80 loss=1.4578 acc=45.70 val_acc=nan data_t=0.0036s batch_t=0.0342s epoch_t=00:00.60 lr=0.000841 | GPU MB alloc/reserved=69.9/856.0
2026-04-07 12:19:29 | INFO | [Round 15] Epoch 21/80 time=00:00.60 avg=00:00.52 ETA=00:30.78 | GPU MB alloc/reserved=69.9/856.0
2026-04-07 12:19:29 | INFO | [Round 15] epoch=22/80 loss=1.4279 acc=46.55 val_acc=nan data_t=0.0018s batch_t=0.0342s epoch_t=00:00.58 lr=0.000826 | GPU MB alloc/reserved=69.9/856.0
2026-04-07 12:19:29 | INFO | [Round 15] Epoch 22/80 time=00:00.58 avg=00:00.52 ETA=00:30.40 | GPU MB alloc/reserved=69.9/856.0
2026-04-07 12:19:30 | INFO | [Round 15] epoch=23/80 loss=1.3974 acc=48.90 val_acc=nan data_t=0.0019s batch_t=0.0190s epoch_t=00:00.33 lr=0.000811 | GPU MB alloc/reserved=69.9/856.0
2026-04-07 12:19:30 | INFO | [Round 15] Epoch 23/80 time=00:00.33 avg=00:00.52 ETA=00:29.41 | GPU MB alloc/reserved=69.9/856.0
2026-04-07 12:19:30 | INFO | [Round 15] epoch=24/80 loss=1.4189 acc=45.90 val_acc=nan data_t=0.0028s batch_t=0.0268s epoch_t=00:00.47 lr=0.000796 | GPU MB alloc/reserved=69.9/856.0
2026-04-07 12:19:30 | INFO | [Round 15] Epoch 24/80 time=00:00.47 avg=00:00.51 ETA=00:28.79 | GPU MB alloc/reserved=69.9/856.0
2026-04-07 12:19:31 | INFO | [Round 15] epoch=25/80 loss=1.3586 acc=48.80 val_acc=nan data_t=0.0016s batch_t=0.0342s epoch_t=00:00.57 lr=0.000780 | GPU MB alloc/reserved=69.9/856.0
2026-04-07 12:19:31 | INFO | [Round 15] Epoch 25/80 time=00:00.57 avg=00:00.52 ETA=00:28.41 | GPU MB alloc/reserved=69.9/856.0
2026-04-07 12:19:31 | INFO | [Round 15] epoch=26/80 loss=1.3473 acc=50.60 val_acc=nan data_t=0.0017s batch_t=0.0343s epoch_t=00:00.58 lr=0.000764 | GPU MB alloc/reserved=69.9/856.0
2026-04-07 12:19:31 | INFO | [Round 15] Epoch 26/80 time=00:00.58 avg=00:00.52 ETA=00:28.01 | GPU MB alloc/reserved=69.9/856.0
2026-04-07 12:19:32 | INFO | [Round 15] epoch=27/80 loss=1.3663 acc=48.75 val_acc=nan data_t=0.0017s batch_t=0.0342s epoch_t=00:00.57 lr=0.000747 | GPU MB alloc/reserved=69.9/856.0
2026-04-07 12:19:32 | INFO | [Round 15] Epoch 27/80 time=00:00.57 avg=00:00.52 ETA=00:27.61 | GPU MB alloc/reserved=69.9/856.0
2026-04-07 12:19:32 | INFO | [Round 15] epoch=28/80 loss=1.3135 acc=51.45 val_acc=nan data_t=0.0028s batch_t=0.0134s epoch_t=00:00.26 lr=0.000730 | GPU MB alloc/reserved=69.9/856.0
2026-04-07 12:19:32 | INFO | [Round 15] Epoch 28/80 time=00:00.26 avg=00:00.51 ETA=00:26.60 | GPU MB alloc/reserved=69.9/856.0
2026-04-07 12:19:33 | INFO | [Round 15] epoch=29/80 loss=1.2964 acc=52.30 val_acc=nan data_t=0.0021s batch_t=0.0312s epoch_t=00:00.53 lr=0.000712 | GPU MB alloc/reserved=69.9/856.0
2026-04-07 12:19:33 | INFO | [Round 15] Epoch 29/80 time=00:00.53 avg=00:00.51 ETA=00:26.13 | GPU MB alloc/reserved=69.9/856.0
2026-04-07 12:19:33 | INFO | [Round 15] epoch=30/80 loss=1.2920 acc=51.90 val_acc=nan data_t=0.0017s batch_t=0.0343s epoch_t=00:00.58 lr=0.000694 | GPU MB alloc/reserved=69.9/856.0
2026-04-07 12:19:33 | INFO | [Round 15] Epoch 30/80 time=00:00.58 avg=00:00.51 ETA=00:25.72 | GPU MB alloc/reserved=69.9/856.0
2026-04-07 12:19:34 | INFO | [Round 15] epoch=31/80 loss=1.2436 acc=52.65 val_acc=nan data_t=0.0026s batch_t=0.0343s epoch_t=00:00.59 lr=0.000676 | GPU MB alloc/reserved=69.9/856.0
2026-04-07 12:19:34 | INFO | [Round 15] Epoch 31/80 time=00:00.59 avg=00:00.52 ETA=00:25.32 | GPU MB alloc/reserved=69.9/856.0
2026-04-07 12:19:34 | INFO | [Round 15] epoch=32/80 loss=1.2448 acc=53.55 val_acc=nan data_t=0.0016s batch_t=0.0344s epoch_t=00:00.58 lr=0.000658 | GPU MB alloc/reserved=69.9/856.0
2026-04-07 12:19:34 | INFO | [Round 15] Epoch 32/80 time=00:00.58 avg=00:00.52 ETA=00:24.90 | GPU MB alloc/reserved=69.9/856.0
2026-04-07 12:19:34 | INFO | [Round 15] epoch=33/80 loss=1.2295 acc=52.30 val_acc=nan data_t=0.0016s batch_t=0.0104s epoch_t=00:00.19 lr=0.000639 | GPU MB alloc/reserved=69.9/856.0
2026-04-07 12:19:34 | INFO | [Round 15] Epoch 33/80 time=00:00.19 avg=00:00.51 ETA=00:23.91 | GPU MB alloc/reserved=69.9/856.0
2026-04-07 12:19:35 | INFO | [Round 15] epoch=34/80 loss=1.1869 acc=56.15 val_acc=nan data_t=0.0020s batch_t=0.0335s epoch_t=00:00.57 lr=0.000621 | GPU MB alloc/reserved=69.9/856.0
2026-04-07 12:19:35 | INFO | [Round 15] Epoch 34/80 time=00:00.57 avg=00:00.51 ETA=00:23.49 | GPU MB alloc/reserved=69.9/856.0
2026-04-07 12:19:36 | INFO | [Round 15] epoch=35/80 loss=1.1996 acc=54.65 val_acc=nan data_t=0.0032s batch_t=0.0342s epoch_t=00:00.60 lr=0.000602 | GPU MB alloc/reserved=69.9/856.0
2026-04-07 12:19:36 | INFO | [Round 15] Epoch 35/80 time=00:00.60 avg=00:00.51 ETA=00:23.09 | GPU MB alloc/reserved=69.9/856.0
2026-04-07 12:19:36 | INFO | [Round 15] epoch=36/80 loss=1.1756 acc=56.25 val_acc=nan data_t=0.0033s batch_t=0.0343s epoch_t=00:00.60 lr=0.000582 | GPU MB alloc/reserved=69.9/856.0
2026-04-07 12:19:36 | INFO | [Round 15] Epoch 36/80 time=00:00.60 avg=00:00.52 ETA=00:22.68 | GPU MB alloc/reserved=69.9/856.0
2026-04-07 12:19:37 | INFO | [Round 15] epoch=37/80 loss=1.1411 acc=57.50 val_acc=nan data_t=0.0017s batch_t=0.0318s epoch_t=00:00.54 lr=0.000563 | GPU MB alloc/reserved=69.9/856.0
2026-04-07 12:19:37 | INFO | [Round 15] Epoch 37/80 time=00:00.54 avg=00:00.52 ETA=00:22.19 | GPU MB alloc/reserved=69.9/856.0
2026-04-07 12:19:37 | INFO | [Round 15] epoch=38/80 loss=1.1387 acc=56.50 val_acc=nan data_t=0.0018s batch_t=0.0132s epoch_t=00:00.24 lr=0.000544 | GPU MB alloc/reserved=69.9/856.0
2026-04-07 12:19:37 | INFO | [Round 15] Epoch 38/80 time=00:00.24 avg=00:00.51 ETA=00:21.37 | GPU MB alloc/reserved=69.9/856.0
2026-04-07 12:19:38 | INFO | [Round 15] epoch=39/80 loss=1.0978 acc=58.60 val_acc=nan data_t=0.0018s batch_t=0.0342s epoch_t=00:00.58 lr=0.000524 | GPU MB alloc/reserved=69.9/856.0
2026-04-07 12:19:38 | INFO | [Round 15] Epoch 39/80 time=00:00.58 avg=00:00.51 ETA=00:20.93 | GPU MB alloc/reserved=69.9/856.0
2026-04-07 12:19:38 | INFO | [Round 15] epoch=40/80 loss=1.1110 acc=58.65 val_acc=nan data_t=0.0020s batch_t=0.0342s epoch_t=00:00.58 lr=0.000505 | GPU MB alloc/reserved=69.9/856.0
2026-04-07 12:19:38 | INFO | [Round 15] Epoch 40/80 time=00:00.58 avg=00:00.51 ETA=00:20.49 | GPU MB alloc/reserved=69.9/856.0
2026-04-07 12:19:39 | INFO | [Round 15] epoch=41/80 loss=1.0923 acc=58.95 val_acc=nan data_t=0.0020s batch_t=0.0343s epoch_t=00:00.58 lr=0.000486 | GPU MB alloc/reserved=69.9/856.0
2026-04-07 12:19:39 | INFO | [Round 15] Epoch 41/80 time=00:00.58 avg=00:00.51 ETA=00:20.04 | GPU MB alloc/reserved=69.9/856.0
2026-04-07 12:19:39 | INFO | [Round 15] epoch=42/80 loss=1.0824 acc=60.25 val_acc=nan data_t=0.0039s batch_t=0.0261s epoch_t=00:00.48 lr=0.000466 | GPU MB alloc/reserved=69.9/856.0
2026-04-07 12:19:39 | INFO | [Round 15] Epoch 42/80 time=00:00.48 avg=00:00.51 ETA=00:19.50 | GPU MB alloc/reserved=69.9/856.0
2026-04-07 12:19:40 | INFO | [Round 15] epoch=43/80 loss=1.0539 acc=60.45 val_acc=nan data_t=0.0030s batch_t=0.0278s epoch_t=00:00.49 lr=0.000447 | GPU MB alloc/reserved=69.9/856.0
2026-04-07 12:19:40 | INFO | [Round 15] Epoch 43/80 time=00:00.49 avg=00:00.51 ETA=00:18.97 | GPU MB alloc/reserved=69.9/856.0
2026-04-07 12:19:40 | INFO | [Round 15] epoch=44/80 loss=1.0583 acc=60.00 val_acc=nan data_t=0.0027s batch_t=0.0343s epoch_t=00:00.59 lr=0.000428 | GPU MB alloc/reserved=69.9/856.0
2026-04-07 12:19:40 | INFO | [Round 15] Epoch 44/80 time=00:00.59 avg=00:00.51 ETA=00:18.52 | GPU MB alloc/reserved=69.9/856.0
2026-04-07 12:19:41 | INFO | [Round 15] epoch=45/80 loss=1.0439 acc=60.50 val_acc=nan data_t=0.0019s batch_t=0.0342s epoch_t=00:00.58 lr=0.000408 | GPU MB alloc/reserved=69.9/856.0
2026-04-07 12:19:41 | INFO | [Round 15] Epoch 45/80 time=00:00.58 avg=00:00.52 ETA=00:18.06 | GPU MB alloc/reserved=69.9/856.0
2026-04-07 12:19:42 | INFO | [Round 15] epoch=46/80 loss=1.0274 acc=61.35 val_acc=nan data_t=0.0033s batch_t=0.0343s epoch_t=00:00.60 lr=0.000389 | GPU MB alloc/reserved=69.9/856.0
2026-04-07 12:19:42 | INFO | [Round 15] Epoch 46/80 time=00:00.60 avg=00:00.52 ETA=00:17.60 | GPU MB alloc/reserved=69.9/856.0
2026-04-07 12:19:42 | INFO | [Round 15] epoch=47/80 loss=1.0126 acc=62.00 val_acc=nan data_t=0.0029s batch_t=0.0128s epoch_t=00:00.25 lr=0.000371 | GPU MB alloc/reserved=69.9/856.0
2026-04-07 12:19:42 | INFO | [Round 15] Epoch 47/80 time=00:00.25 avg=00:00.51 ETA=00:16.90 | GPU MB alloc/reserved=69.9/856.0
2026-04-07 12:19:42 | INFO | [Round 15] epoch=48/80 loss=0.9888 acc=62.20 val_acc=nan data_t=0.0020s batch_t=0.0330s epoch_t=00:00.56 lr=0.000352 | GPU MB alloc/reserved=69.9/856.0
2026-04-07 12:19:42 | INFO | [Round 15] Epoch 48/80 time=00:00.56 avg=00:00.51 ETA=00:16.42 | GPU MB alloc/reserved=69.9/856.0
2026-04-07 12:19:43 | INFO | [Round 15] epoch=49/80 loss=0.9936 acc=62.25 val_acc=nan data_t=0.0029s batch_t=0.0344s epoch_t=00:00.60 lr=0.000334 | GPU MB alloc/reserved=69.9/856.0
2026-04-07 12:19:43 | INFO | [Round 15] Epoch 49/80 time=00:00.60 avg=00:00.51 ETA=00:15.96 | GPU MB alloc/reserved=69.9/856.0
2026-04-07 12:19:44 | INFO | [Round 15] epoch=50/80 loss=0.9700 acc=63.15 val_acc=nan data_t=0.0027s batch_t=0.0343s epoch_t=00:00.59 lr=0.000316 | GPU MB alloc/reserved=69.9/856.0
2026-04-07 12:19:44 | INFO | [Round 15] Epoch 50/80 time=00:00.59 avg=00:00.52 ETA=00:15.49 | GPU MB alloc/reserved=69.9/856.0
2026-04-07 12:19:44 | INFO | [Round 15] epoch=51/80 loss=0.9464 acc=65.20 val_acc=nan data_t=0.0020s batch_t=0.0342s epoch_t=00:00.58 lr=0.000298 | GPU MB alloc/reserved=69.9/856.0
2026-04-07 12:19:44 | INFO | [Round 15] Epoch 51/80 time=00:00.58 avg=00:00.52 ETA=00:15.01 | GPU MB alloc/reserved=69.9/856.0
2026-04-07 12:19:44 | INFO | [Round 15] epoch=52/80 loss=0.9711 acc=64.30 val_acc=nan data_t=0.0030s batch_t=0.0112s epoch_t=00:00.23 lr=0.000280 | GPU MB alloc/reserved=69.9/856.0
2026-04-07 12:19:44 | INFO | [Round 15] Epoch 52/80 time=00:00.23 avg=00:00.51 ETA=00:14.34 | GPU MB alloc/reserved=69.9/856.0
2026-04-07 12:19:45 | INFO | [Round 15] epoch=53/80 loss=0.9596 acc=64.85 val_acc=nan data_t=0.0025s batch_t=0.0343s epoch_t=00:00.59 lr=0.000263 | GPU MB alloc/reserved=69.9/856.0
2026-04-07 12:19:45 | INFO | [Round 15] Epoch 53/80 time=00:00.59 avg=00:00.51 ETA=00:13.86 | GPU MB alloc/reserved=69.9/856.0
2026-04-07 12:19:46 | INFO | [Round 15] epoch=54/80 loss=0.9134 acc=66.30 val_acc=nan data_t=0.0033s batch_t=0.0343s epoch_t=00:00.60 lr=0.000246 | GPU MB alloc/reserved=69.9/856.0
2026-04-07 12:19:46 | INFO | [Round 15] Epoch 54/80 time=00:00.60 avg=00:00.52 ETA=00:13.39 | GPU MB alloc/reserved=69.9/856.0
2026-04-07 12:19:46 | INFO | [Round 15] epoch=55/80 loss=0.9189 acc=66.35 val_acc=nan data_t=0.0033s batch_t=0.0344s epoch_t=00:00.60 lr=0.000230 | GPU MB alloc/reserved=69.9/856.0
2026-04-07 12:19:46 | INFO | [Round 15] Epoch 55/80 time=00:00.60 avg=00:00.52 ETA=00:12.92 | GPU MB alloc/reserved=69.9/856.0
2026-04-07 12:19:47 | INFO | [Round 15] epoch=56/80 loss=0.9122 acc=66.35 val_acc=nan data_t=0.0035s batch_t=0.0244s epoch_t=00:00.45 lr=0.000214 | GPU MB alloc/reserved=69.9/856.0
2026-04-07 12:19:47 | INFO | [Round 15] Epoch 56/80 time=00:00.45 avg=00:00.52 ETA=00:12.37 | GPU MB alloc/reserved=69.9/856.0
2026-04-07 12:19:47 | INFO | [Round 15] epoch=57/80 loss=0.9068 acc=65.35 val_acc=nan data_t=0.0033s batch_t=0.0182s epoch_t=00:00.34 lr=0.000199 | GPU MB alloc/reserved=69.9/856.0
2026-04-07 12:19:47 | INFO | [Round 15] Epoch 57/80 time=00:00.34 avg=00:00.51 ETA=00:11.79 | GPU MB alloc/reserved=69.9/856.0
2026-04-07 12:19:48 | INFO | [Round 15] epoch=58/80 loss=0.8768 acc=67.30 val_acc=nan data_t=0.0026s batch_t=0.0343s epoch_t=00:00.59 lr=0.000184 | GPU MB alloc/reserved=69.9/856.0
2026-04-07 12:19:48 | INFO | [Round 15] Epoch 58/80 time=00:00.59 avg=00:00.51 ETA=00:11.30 | GPU MB alloc/reserved=69.9/856.0
2026-04-07 12:19:48 | INFO | [Round 15] epoch=59/80 loss=0.8614 acc=67.50 val_acc=nan data_t=0.0020s batch_t=0.0342s epoch_t=00:00.58 lr=0.000169 | GPU MB alloc/reserved=69.9/856.0
2026-04-07 12:19:48 | INFO | [Round 15] Epoch 59/80 time=00:00.58 avg=00:00.51 ETA=00:10.81 | GPU MB alloc/reserved=69.9/856.0
2026-04-07 12:19:49 | INFO | [Round 15] epoch=60/80 loss=0.8664 acc=67.90 val_acc=nan data_t=0.0017s batch_t=0.0343s epoch_t=00:00.58 lr=0.000155 | GPU MB alloc/reserved=69.9/856.0
2026-04-07 12:19:49 | INFO | [Round 15] Epoch 60/80 time=00:00.58 avg=00:00.52 ETA=00:10.32 | GPU MB alloc/reserved=69.9/856.0
2026-04-07 12:19:49 | INFO | [Round 15] epoch=61/80 loss=0.8643 acc=67.80 val_acc=nan data_t=0.0025s batch_t=0.0208s epoch_t=00:00.37 lr=0.000142 | GPU MB alloc/reserved=69.9/856.0
2026-04-07 12:19:49 | INFO | [Round 15] Epoch 61/80 time=00:00.37 avg=00:00.51 ETA=00:09.76 | GPU MB alloc/reserved=69.9/856.0
2026-04-07 12:19:49 | INFO | [Round 15] epoch=62/80 loss=0.8582 acc=67.80 val_acc=nan data_t=0.0025s batch_t=0.0226s epoch_t=00:00.40 lr=0.000129 | GPU MB alloc/reserved=69.9/856.0
2026-04-07 12:19:49 | INFO | [Round 15] Epoch 62/80 time=00:00.40 avg=00:00.51 ETA=00:09.21 | GPU MB alloc/reserved=69.9/856.0
2026-04-07 12:19:50 | INFO | [Round 15] epoch=63/80 loss=0.8528 acc=68.85 val_acc=nan data_t=0.0029s batch_t=0.0343s epoch_t=00:00.60 lr=0.000116 | GPU MB alloc/reserved=69.9/856.0
2026-04-07 12:19:50 | INFO | [Round 15] Epoch 63/80 time=00:00.60 avg=00:00.51 ETA=00:08.72 | GPU MB alloc/reserved=69.9/856.0
2026-04-07 12:19:51 | INFO | [Round 15] epoch=64/80 loss=0.8337 acc=68.15 val_acc=nan data_t=0.0029s batch_t=0.0343s epoch_t=00:00.59 lr=0.000105 | GPU MB alloc/reserved=69.9/856.0
2026-04-07 12:19:51 | INFO | [Round 15] Epoch 64/80 time=00:00.59 avg=00:00.51 ETA=00:08.23 | GPU MB alloc/reserved=69.9/856.0
2026-04-07 12:19:51 | INFO | [Round 15] epoch=65/80 loss=0.8257 acc=68.95 val_acc=nan data_t=0.0037s batch_t=0.0343s epoch_t=00:00.61 lr=0.000093 | GPU MB alloc/reserved=69.9/856.0
2026-04-07 12:19:51 | INFO | [Round 15] Epoch 65/80 time=00:00.61 avg=00:00.52 ETA=00:07.74 | GPU MB alloc/reserved=69.9/856.0
2026-04-07 12:19:52 | INFO | [Round 15] epoch=66/80 loss=0.8273 acc=70.35 val_acc=nan data_t=0.0033s batch_t=0.0124s epoch_t=00:00.25 lr=0.000083 | GPU MB alloc/reserved=69.9/856.0
2026-04-07 12:19:52 | INFO | [Round 15] Epoch 66/80 time=00:00.25 avg=00:00.51 ETA=00:07.16 | GPU MB alloc/reserved=69.9/856.0
2026-04-07 12:19:52 | INFO | [Round 15] epoch=67/80 loss=0.8173 acc=70.50 val_acc=nan data_t=0.0021s batch_t=0.0312s epoch_t=00:00.53 lr=0.000073 | GPU MB alloc/reserved=69.9/856.0
2026-04-07 12:19:52 | INFO | [Round 15] Epoch 67/80 time=00:00.53 avg=00:00.51 ETA=00:06.66 | GPU MB alloc/reserved=69.9/856.0
2026-04-07 12:19:53 | INFO | [Round 15] epoch=68/80 loss=0.8269 acc=70.15 val_acc=nan data_t=0.0024s batch_t=0.0342s epoch_t=00:00.59 lr=0.000064 | GPU MB alloc/reserved=69.9/856.0
2026-04-07 12:19:53 | INFO | [Round 15] Epoch 68/80 time=00:00.59 avg=00:00.51 ETA=00:06.16 | GPU MB alloc/reserved=69.9/856.0
2026-04-07 12:19:53 | INFO | [Round 15] epoch=69/80 loss=0.8031 acc=70.40 val_acc=nan data_t=0.0030s batch_t=0.0343s epoch_t=00:00.60 lr=0.000055 | GPU MB alloc/reserved=69.9/856.0
2026-04-07 12:19:53 | INFO | [Round 15] Epoch 69/80 time=00:00.60 avg=00:00.51 ETA=00:05.66 | GPU MB alloc/reserved=69.9/856.0
2026-04-07 12:19:54 | INFO | [Round 15] epoch=70/80 loss=0.7957 acc=69.75 val_acc=nan data_t=0.0016s batch_t=0.0342s epoch_t=00:00.57 lr=0.000048 | GPU MB alloc/reserved=69.9/856.0
2026-04-07 12:19:54 | INFO | [Round 15] Epoch 70/80 time=00:00.57 avg=00:00.52 ETA=00:05.15 | GPU MB alloc/reserved=69.9/856.0
2026-04-07 12:19:54 | INFO | [Round 15] epoch=71/80 loss=0.7995 acc=70.40 val_acc=nan data_t=0.0029s batch_t=0.0099s epoch_t=00:00.20 lr=0.000041 | GPU MB alloc/reserved=69.9/856.0
2026-04-07 12:19:54 | INFO | [Round 15] Epoch 71/80 time=00:00.20 avg=00:00.51 ETA=00:04.60 | GPU MB alloc/reserved=69.9/856.0
2026-04-07 12:19:55 | INFO | [Round 15] epoch=72/80 loss=0.8081 acc=69.25 val_acc=nan data_t=0.0018s batch_t=0.0341s epoch_t=00:00.57 lr=0.000034 | GPU MB alloc/reserved=69.9/856.0
2026-04-07 12:19:55 | INFO | [Round 15] Epoch 72/80 time=00:00.57 avg=00:00.51 ETA=00:04.09 | GPU MB alloc/reserved=69.9/856.0
2026-04-07 12:19:55 | INFO | [Round 15] epoch=73/80 loss=0.7862 acc=71.40 val_acc=nan data_t=0.0029s batch_t=0.0343s epoch_t=00:00.60 lr=0.000029 | GPU MB alloc/reserved=69.9/856.0
2026-04-07 12:19:55 | INFO | [Round 15] Epoch 73/80 time=00:00.60 avg=00:00.51 ETA=00:03.59 | GPU MB alloc/reserved=69.9/856.0
2026-04-07 12:19:56 | INFO | [Round 15] epoch=74/80 loss=0.7873 acc=70.15 val_acc=nan data_t=0.0025s batch_t=0.0343s epoch_t=00:00.59 lr=0.000024 | GPU MB alloc/reserved=69.9/856.0
2026-04-07 12:19:56 | INFO | [Round 15] Epoch 74/80 time=00:00.59 avg=00:00.51 ETA=00:03.08 | GPU MB alloc/reserved=69.9/856.0
2026-04-07 12:19:56 | INFO | [Round 15] epoch=75/80 loss=0.7950 acc=70.15 val_acc=nan data_t=0.0023s batch_t=0.0306s epoch_t=00:00.53 lr=0.000020 | GPU MB alloc/reserved=69.9/856.0
2026-04-07 12:19:56 | INFO | [Round 15] Epoch 75/80 time=00:00.53 avg=00:00.51 ETA=00:02.57 | GPU MB alloc/reserved=69.9/856.0
2026-04-07 12:19:57 | INFO | [Round 15] epoch=76/80 loss=0.7829 acc=70.25 val_acc=nan data_t=0.0025s batch_t=0.0176s epoch_t=00:00.32 lr=0.000016 | GPU MB alloc/reserved=69.9/856.0
2026-04-07 12:19:57 | INFO | [Round 15] Epoch 76/80 time=00:00.32 avg=00:00.51 ETA=00:02.05 | GPU MB alloc/reserved=69.9/856.0
2026-04-07 12:19:57 | INFO | [Round 15] epoch=77/80 loss=0.7812 acc=71.40 val_acc=nan data_t=0.0027s batch_t=0.0343s epoch_t=00:00.59 lr=0.000013 | GPU MB alloc/reserved=69.9/856.0
2026-04-07 12:19:57 | INFO | [Round 15] Epoch 77/80 time=00:00.59 avg=00:00.51 ETA=00:01.54 | GPU MB alloc/reserved=69.9/856.0
2026-04-07 12:19:58 | INFO | [Round 15] epoch=78/80 loss=0.7940 acc=70.70 val_acc=nan data_t=0.0017s batch_t=0.0342s epoch_t=00:00.57 lr=0.000012 | GPU MB alloc/reserved=69.9/856.0
2026-04-07 12:19:58 | INFO | [Round 15] Epoch 78/80 time=00:00.57 avg=00:00.51 ETA=00:01.03 | GPU MB alloc/reserved=69.9/856.0
2026-04-07 12:19:58 | INFO | [Round 15] epoch=79/80 loss=0.7599 acc=72.40 val_acc=nan data_t=0.0026s batch_t=0.0342s epoch_t=00:00.59 lr=0.000010 | GPU MB alloc/reserved=69.9/856.0
2026-04-07 12:19:58 | INFO | [Round 15] Epoch 79/80 time=00:00.59 avg=00:00.51 ETA=00:00.51 | GPU MB alloc/reserved=69.9/856.0
2026-04-07 12:19:59 | INFO | [Round 15] epoch=80/80 loss=0.7887 acc=70.70 val_acc=nan data_t=0.0030s batch_t=0.0216s epoch_t=00:00.39 lr=0.000010 | GPU MB alloc/reserved=69.9/856.0
2026-04-07 12:19:59 | INFO | [Round 15] Epoch 80/80 time=00:00.39 avg=00:00.51 ETA=00:00.00 | GPU MB alloc/reserved=69.9/856.0
2026-04-07 12:19:59 | INFO | [Round 15] training complete in 00:41.15 (best monitor=72.400) | GPU MB alloc/reserved=69.9/856.0
2026-04-07 12:19:59 | INFO | [Round 15] evaluation started | GPU MB alloc/reserved=52.0/856.0
2026-04-07 12:20:01 | INFO | [Round 15] clean=58.63 fgsm=48.35 pgd=48.12 grad_disp_mean=nan grad_disp_sel=nan round_t=45.14s | GPU MB alloc/reserved=52.0/856.0
2026-04-07 12:20:01 | INFO | [Round 16/21] elapsed=00:45.14 avg_round=00:31.79 projected_remaining=02:38.97 | GPU MB alloc/reserved=52.0/856.0
2026-04-07 12:20:02 | INFO | [Round 16] acquisition on pool_size=48000 scored_pool=5000 budget=100 | GPU MB alloc/reserved=34.1/856.0
2026-04-07 12:20:03 | INFO | [CoreSet-unlabeled-feat] scoring progress 10/20 elapsed=00:00.22 avg/batch=0.022s ETA=00:00.22 | GPU MB alloc/reserved=40.6/856.0
2026-04-07 12:20:03 | INFO | [CoreSet-unlabeled-feat] scoring progress 20/20 elapsed=00:00.24 avg/batch=0.012s ETA=00:00.00 | GPU MB alloc/reserved=40.6/856.0
2026-04-07 12:20:03 | INFO | [CoreSet-labeled-feat] scoring progress 8/8 elapsed=00:00.22 avg/batch=0.028s ETA=00:00.00 | GPU MB alloc/reserved=44.0/856.0
2026-04-07 12:20:03 | INFO | [CoreSet] greedy 10/100 cover_radius=25.652901 | GPU: n/a
2026-04-07 12:20:03 | INFO | [CoreSet] greedy 20/100 cover_radius=23.279940 | GPU: n/a
2026-04-07 12:20:03 | INFO | [CoreSet] greedy 30/100 cover_radius=22.832890 | GPU: n/a
2026-04-07 12:20:03 | INFO | [CoreSet] greedy 40/100 cover_radius=22.497602 | GPU: n/a
2026-04-07 12:20:03 | INFO | [CoreSet] greedy 50/100 cover_radius=22.251307 | GPU: n/a
2026-04-07 12:20:03 | INFO | [CoreSet] greedy 60/100 cover_radius=22.023636 | GPU: n/a
2026-04-07 12:20:03 | INFO | [CoreSet] greedy 70/100 cover_radius=21.842566 | GPU: n/a
2026-04-07 12:20:03 | INFO | [CoreSet] greedy 80/100 cover_radius=21.522177 | GPU: n/a
2026-04-07 12:20:03 | INFO | [CoreSet] greedy 90/100 cover_radius=21.329269 | GPU: n/a
2026-04-07 12:20:03 | INFO | [CoreSet] greedy 100/100 cover_radius=21.201887 | GPU: n/a
2026-04-07 12:20:04 | INFO | [Round 16] labeled=2100 train=2100 val_fixed=0 | GPU MB alloc/reserved=43.1/856.0
2026-04-07 12:20:04 | INFO | [Round 16] epoch=1/80 loss=4.3671 acc=16.81 val_acc=nan data_t=0.0107s batch_t=0.0355s epoch_t=00:00.78 lr=0.001000 | GPU MB alloc/reserved=69.9/856.0
2026-04-07 12:20:04 | INFO | [Round 16] Epoch 1/80 time=00:00.78 avg=00:00.78 ETA=01:01.98 | GPU MB alloc/reserved=69.9/856.0
2026-04-07 12:20:05 | INFO | [Round 16] epoch=2/80 loss=2.1097 acc=25.29 val_acc=nan data_t=0.0018s batch_t=0.0342s epoch_t=00:00.61 lr=0.000998 | GPU MB alloc/reserved=69.9/856.0
2026-04-07 12:20:05 | INFO | [Round 16] Epoch 2/80 time=00:00.61 avg=00:00.70 ETA=00:54.47 | GPU MB alloc/reserved=69.9/856.0
2026-04-07 12:20:06 | INFO | [Round 16] epoch=3/80 loss=2.0010 acc=28.43 val_acc=nan data_t=0.0025s batch_t=0.0341s epoch_t=00:00.62 lr=0.000997 | GPU MB alloc/reserved=69.9/856.0
2026-04-07 12:20:06 | INFO | [Round 16] Epoch 3/80 time=00:00.62 avg=00:00.67 ETA=00:51.83 | GPU MB alloc/reserved=69.9/856.0
2026-04-07 12:20:06 | INFO | [Round 16] epoch=4/80 loss=1.9520 acc=29.33 val_acc=nan data_t=0.0028s batch_t=0.0084s epoch_t=00:00.19 lr=0.000994 | GPU MB alloc/reserved=69.9/856.0
2026-04-07 12:20:06 | INFO | [Round 16] Epoch 4/80 time=00:00.19 avg=00:00.55 ETA=00:41.97 | GPU MB alloc/reserved=69.9/856.0
2026-04-07 12:20:06 | INFO | [Round 16] epoch=5/80 loss=1.9059 acc=31.43 val_acc=nan data_t=0.0026s batch_t=0.0341s epoch_t=00:00.62 lr=0.000990 | GPU MB alloc/reserved=69.9/856.0
2026-04-07 12:20:06 | INFO | [Round 16] Epoch 5/80 time=00:00.62 avg=00:00.57 ETA=00:42.50 | GPU MB alloc/reserved=69.9/856.0
2026-04-07 12:20:07 | INFO | [Round 16] epoch=6/80 loss=1.8385 acc=32.33 val_acc=nan data_t=0.0034s batch_t=0.0342s epoch_t=00:00.64 lr=0.000986 | GPU MB alloc/reserved=69.9/856.0
2026-04-07 12:20:07 | INFO | [Round 16] Epoch 6/80 time=00:00.64 avg=00:00.58 ETA=00:42.83 | GPU MB alloc/reserved=69.9/856.0
2026-04-07 12:20:08 | INFO | [Round 16] epoch=7/80 loss=1.7968 acc=33.52 val_acc=nan data_t=0.0025s batch_t=0.0341s epoch_t=00:00.62 lr=0.000981 | GPU MB alloc/reserved=69.9/856.0
2026-04-07 12:20:08 | INFO | [Round 16] Epoch 7/80 time=00:00.62 avg=00:00.59 ETA=00:42.71 | GPU MB alloc/reserved=69.9/856.0
2026-04-07 12:20:08 | INFO | [Round 16] epoch=8/80 loss=1.7457 acc=37.48 val_acc=nan data_t=0.0020s batch_t=0.0235s epoch_t=00:00.43 lr=0.000976 | GPU MB alloc/reserved=69.9/856.0
2026-04-07 12:20:08 | INFO | [Round 16] Epoch 8/80 time=00:00.43 avg=00:00.57 ETA=00:40.75 | GPU MB alloc/reserved=69.9/856.0
2026-04-07 12:20:09 | INFO | [Round 16] epoch=9/80 loss=1.6767 acc=38.95 val_acc=nan data_t=0.0025s batch_t=0.0247s epoch_t=00:00.46 lr=0.000969 | GPU MB alloc/reserved=69.9/856.0
2026-04-07 12:20:09 | INFO | [Round 16] Epoch 9/80 time=00:00.46 avg=00:00.55 ETA=00:39.37 | GPU MB alloc/reserved=69.9/856.0
2026-04-07 12:20:09 | INFO | [Round 16] epoch=10/80 loss=1.6444 acc=40.48 val_acc=nan data_t=0.0016s batch_t=0.0343s epoch_t=00:00.61 lr=0.000962 | GPU MB alloc/reserved=69.9/856.0
2026-04-07 12:20:09 | INFO | [Round 16] Epoch 10/80 time=00:00.61 avg=00:00.56 ETA=00:39.21 | GPU MB alloc/reserved=69.9/856.0
2026-04-07 12:20:10 | INFO | [Round 16] epoch=11/80 loss=1.6469 acc=39.90 val_acc=nan data_t=0.0019s batch_t=0.0342s epoch_t=00:00.61 lr=0.000955 | GPU MB alloc/reserved=69.9/856.0
2026-04-07 12:20:10 | INFO | [Round 16] Epoch 11/80 time=00:00.61 avg=00:00.56 ETA=00:38.98 | GPU MB alloc/reserved=69.9/856.0
2026-04-07 12:20:10 | INFO | [Round 16] epoch=12/80 loss=1.6005 acc=41.81 val_acc=nan data_t=0.0016s batch_t=0.0342s epoch_t=00:00.61 lr=0.000946 | GPU MB alloc/reserved=69.9/856.0
2026-04-07 12:20:10 | INFO | [Round 16] Epoch 12/80 time=00:00.61 avg=00:00.57 ETA=00:38.67 | GPU MB alloc/reserved=69.9/856.0
2026-04-07 12:20:11 | INFO | [Round 16] epoch=13/80 loss=1.5548 acc=42.38 val_acc=nan data_t=0.0029s batch_t=0.0097s epoch_t=00:00.21 lr=0.000937 | GPU MB alloc/reserved=69.9/856.0
2026-04-07 12:20:11 | INFO | [Round 16] Epoch 13/80 time=00:00.21 avg=00:00.54 ETA=00:36.28 | GPU MB alloc/reserved=69.9/856.0
2026-04-07 12:20:11 | INFO | [Round 16] epoch=14/80 loss=1.5452 acc=43.76 val_acc=nan data_t=0.0025s batch_t=0.0342s epoch_t=00:00.62 lr=0.000927 | GPU MB alloc/reserved=69.9/856.0
2026-04-07 12:20:11 | INFO | [Round 16] Epoch 14/80 time=00:00.62 avg=00:00.55 ETA=00:36.12 | GPU MB alloc/reserved=69.9/856.0
2026-04-07 12:20:12 | INFO | [Round 16] epoch=15/80 loss=1.5138 acc=43.48 val_acc=nan data_t=0.0016s batch_t=0.0341s epoch_t=00:00.61 lr=0.000917 | GPU MB alloc/reserved=69.9/856.0
2026-04-07 12:20:12 | INFO | [Round 16] Epoch 15/80 time=00:00.61 avg=00:00.55 ETA=00:35.84 | GPU MB alloc/reserved=69.9/856.0
2026-04-07 12:20:13 | INFO | [Round 16] epoch=16/80 loss=1.4901 acc=44.67 val_acc=nan data_t=0.0018s batch_t=0.0341s epoch_t=00:00.61 lr=0.000905 | GPU MB alloc/reserved=69.9/856.0
2026-04-07 12:20:13 | INFO | [Round 16] Epoch 16/80 time=00:00.61 avg=00:00.56 ETA=00:35.53 | GPU MB alloc/reserved=69.9/856.0
2026-04-07 12:20:13 | INFO | [Round 16] epoch=17/80 loss=1.4733 acc=44.52 val_acc=nan data_t=0.0026s batch_t=0.0242s epoch_t=00:00.45 lr=0.000894 | GPU MB alloc/reserved=69.9/856.0
2026-04-07 12:20:13 | INFO | [Round 16] Epoch 17/80 time=00:00.45 avg=00:00.55 ETA=00:34.60 | GPU MB alloc/reserved=69.9/856.0
2026-04-07 12:20:13 | INFO | [Round 16] epoch=18/80 loss=1.4785 acc=46.05 val_acc=nan data_t=0.0021s batch_t=0.0170s epoch_t=00:00.32 lr=0.000881 | GPU MB alloc/reserved=69.9/856.0
2026-04-07 12:20:13 | INFO | [Round 16] Epoch 18/80 time=00:00.32 avg=00:00.54 ETA=00:33.27 | GPU MB alloc/reserved=69.9/856.0
2026-04-07 12:20:14 | INFO | [Round 16] epoch=19/80 loss=1.4289 acc=47.43 val_acc=nan data_t=0.0025s batch_t=0.0342s epoch_t=00:00.62 lr=0.000868 | GPU MB alloc/reserved=69.9/856.0
2026-04-07 12:20:14 | INFO | [Round 16] Epoch 19/80 time=00:00.62 avg=00:00.54 ETA=00:33.01 | GPU MB alloc/reserved=69.9/856.0
2026-04-07 12:20:15 | INFO | [Round 16] epoch=20/80 loss=1.3955 acc=48.29 val_acc=nan data_t=0.0023s batch_t=0.0342s epoch_t=00:00.62 lr=0.000855 | GPU MB alloc/reserved=69.9/856.0
2026-04-07 12:20:15 | INFO | [Round 16] Epoch 20/80 time=00:00.62 avg=00:00.55 ETA=00:32.71 | GPU MB alloc/reserved=69.9/856.0
2026-04-07 12:20:15 | INFO | [Round 16] epoch=21/80 loss=1.3712 acc=48.62 val_acc=nan data_t=0.0024s batch_t=0.0341s epoch_t=00:00.62 lr=0.000841 | GPU MB alloc/reserved=69.9/856.0
2026-04-07 12:20:15 | INFO | [Round 16] Epoch 21/80 time=00:00.62 avg=00:00.55 ETA=00:32.37 | GPU MB alloc/reserved=69.9/856.0
2026-04-07 12:20:15 | INFO | [Round 16] epoch=22/80 loss=1.3464 acc=49.71 val_acc=nan data_t=0.0029s batch_t=0.0147s epoch_t=00:00.30 lr=0.000826 | GPU MB alloc/reserved=69.9/856.0
2026-04-07 12:20:15 | INFO | [Round 16] Epoch 22/80 time=00:00.30 avg=00:00.54 ETA=00:31.17 | GPU MB alloc/reserved=69.9/856.0
2026-04-07 12:20:16 | INFO | [Round 16] epoch=23/80 loss=1.3691 acc=48.10 val_acc=nan data_t=0.0033s batch_t=0.0291s epoch_t=00:00.55 lr=0.000811 | GPU MB alloc/reserved=69.9/856.0
2026-04-07 12:20:16 | INFO | [Round 16] Epoch 23/80 time=00:00.55 avg=00:00.54 ETA=00:30.66 | GPU MB alloc/reserved=69.9/856.0
2026-04-07 12:20:17 | INFO | [Round 16] epoch=24/80 loss=1.3239 acc=52.14 val_acc=nan data_t=0.0026s batch_t=0.0342s epoch_t=00:00.63 lr=0.000796 | GPU MB alloc/reserved=69.9/856.0
2026-04-07 12:20:17 | INFO | [Round 16] Epoch 24/80 time=00:00.63 avg=00:00.54 ETA=00:30.33 | GPU MB alloc/reserved=69.9/856.0
2026-04-07 12:20:17 | INFO | [Round 16] epoch=25/80 loss=1.2829 acc=52.90 val_acc=nan data_t=0.0016s batch_t=0.0341s epoch_t=00:00.61 lr=0.000780 | GPU MB alloc/reserved=69.9/856.0
2026-04-07 12:20:17 | INFO | [Round 16] Epoch 25/80 time=00:00.61 avg=00:00.54 ETA=00:29.93 | GPU MB alloc/reserved=69.9/856.0
2026-04-07 12:20:18 | INFO | [Round 16] epoch=26/80 loss=1.2679 acc=52.14 val_acc=nan data_t=0.0027s batch_t=0.0314s epoch_t=00:00.58 lr=0.000764 | GPU MB alloc/reserved=69.9/856.0
2026-04-07 12:20:18 | INFO | [Round 16] Epoch 26/80 time=00:00.58 avg=00:00.55 ETA=00:29.46 | GPU MB alloc/reserved=69.9/856.0
2026-04-07 12:20:18 | INFO | [Round 16] epoch=27/80 loss=1.2578 acc=53.52 val_acc=nan data_t=0.0024s batch_t=0.0202s epoch_t=00:00.38 lr=0.000747 | GPU MB alloc/reserved=69.9/856.0
2026-04-07 12:20:18 | INFO | [Round 16] Epoch 27/80 time=00:00.38 avg=00:00.54 ETA=00:28.60 | GPU MB alloc/reserved=69.9/856.0
2026-04-07 12:20:19 | INFO | [Round 16] epoch=28/80 loss=1.2424 acc=53.95 val_acc=nan data_t=0.0025s batch_t=0.0341s epoch_t=00:00.62 lr=0.000730 | GPU MB alloc/reserved=69.9/856.0
2026-04-07 12:20:19 | INFO | [Round 16] Epoch 28/80 time=00:00.62 avg=00:00.54 ETA=00:28.21 | GPU MB alloc/reserved=69.9/856.0
2026-04-07 12:20:19 | INFO | [Round 16] epoch=29/80 loss=1.2335 acc=54.05 val_acc=nan data_t=0.0016s batch_t=0.0341s epoch_t=00:00.61 lr=0.000712 | GPU MB alloc/reserved=69.9/856.0
2026-04-07 12:20:19 | INFO | [Round 16] Epoch 29/80 time=00:00.61 avg=00:00.54 ETA=00:27.78 | GPU MB alloc/reserved=69.9/856.0
2026-04-07 12:20:20 | INFO | [Round 16] epoch=30/80 loss=1.2310 acc=53.90 val_acc=nan data_t=0.0016s batch_t=0.0341s epoch_t=00:00.61 lr=0.000694 | GPU MB alloc/reserved=69.9/856.0
2026-04-07 12:20:20 | INFO | [Round 16] Epoch 30/80 time=00:00.61 avg=00:00.55 ETA=00:27.34 | GPU MB alloc/reserved=69.9/856.0
2026-04-07 12:20:20 | INFO | [Round 16] epoch=31/80 loss=1.1745 acc=55.29 val_acc=nan data_t=0.0019s batch_t=0.0157s epoch_t=00:00.30 lr=0.000676 | GPU MB alloc/reserved=69.9/856.0
2026-04-07 12:20:20 | INFO | [Round 16] Epoch 31/80 time=00:00.30 avg=00:00.54 ETA=00:26.41 | GPU MB alloc/reserved=69.9/856.0
2026-04-07 12:20:21 | INFO | [Round 16] epoch=32/80 loss=1.2182 acc=54.19 val_acc=nan data_t=0.0017s batch_t=0.0299s epoch_t=00:00.54 lr=0.000658 | GPU MB alloc/reserved=69.9/856.0
2026-04-07 12:20:21 | INFO | [Round 16] Epoch 32/80 time=00:00.54 avg=00:00.54 ETA=00:25.87 | GPU MB alloc/reserved=69.9/856.0
2026-04-07 12:20:22 | INFO | [Round 16] epoch=33/80 loss=1.1966 acc=55.67 val_acc=nan data_t=0.0025s batch_t=0.0342s epoch_t=00:00.62 lr=0.000639 | GPU MB alloc/reserved=69.9/856.0
2026-04-07 12:20:22 | INFO | [Round 16] Epoch 33/80 time=00:00.62 avg=00:00.54 ETA=00:25.45 | GPU MB alloc/reserved=69.9/856.0
2026-04-07 12:20:22 | INFO | [Round 16] epoch=34/80 loss=1.1560 acc=56.52 val_acc=nan data_t=0.0022s batch_t=0.0342s epoch_t=00:00.62 lr=0.000621 | GPU MB alloc/reserved=69.9/856.0
2026-04-07 12:20:22 | INFO | [Round 16] Epoch 34/80 time=00:00.62 avg=00:00.54 ETA=00:25.01 | GPU MB alloc/reserved=69.9/856.0
2026-04-07 12:20:23 | INFO | [Round 16] epoch=35/80 loss=1.1429 acc=58.00 val_acc=nan data_t=0.0017s batch_t=0.0306s epoch_t=00:00.55 lr=0.000602 | GPU MB alloc/reserved=69.9/856.0
2026-04-07 12:20:23 | INFO | [Round 16] Epoch 35/80 time=00:00.55 avg=00:00.54 ETA=00:24.48 | GPU MB alloc/reserved=69.9/856.0
2026-04-07 12:20:23 | INFO | [Round 16] epoch=36/80 loss=1.1156 acc=57.57 val_acc=nan data_t=0.0023s batch_t=0.0174s epoch_t=00:00.33 lr=0.000582 | GPU MB alloc/reserved=69.9/856.0
2026-04-07 12:20:23 | INFO | [Round 16] Epoch 36/80 time=00:00.33 avg=00:00.54 ETA=00:23.68 | GPU MB alloc/reserved=69.9/856.0
2026-04-07 12:20:24 | INFO | [Round 16] epoch=37/80 loss=1.0992 acc=59.05 val_acc=nan data_t=0.0022s batch_t=0.0341s epoch_t=00:00.62 lr=0.000563 | GPU MB alloc/reserved=69.9/856.0
2026-04-07 12:20:24 | INFO | [Round 16] Epoch 37/80 time=00:00.62 avg=00:00.54 ETA=00:23.23 | GPU MB alloc/reserved=69.9/856.0
2026-04-07 12:20:24 | INFO | [Round 16] epoch=38/80 loss=1.0826 acc=59.76 val_acc=nan data_t=0.0026s batch_t=0.0342s epoch_t=00:00.63 lr=0.000544 | GPU MB alloc/reserved=69.9/856.0
2026-04-07 12:20:24 | INFO | [Round 16] Epoch 38/80 time=00:00.63 avg=00:00.54 ETA=00:22.78 | GPU MB alloc/reserved=69.9/856.0
2026-04-07 12:20:25 | INFO | [Round 16] epoch=39/80 loss=1.0563 acc=61.52 val_acc=nan data_t=0.0027s batch_t=0.0343s epoch_t=00:00.63 lr=0.000524 | GPU MB alloc/reserved=69.9/856.0
2026-04-07 12:20:25 | INFO | [Round 16] Epoch 39/80 time=00:00.63 avg=00:00.54 ETA=00:22.33 | GPU MB alloc/reserved=69.9/856.0
2026-04-07 12:20:25 | INFO | [Round 16] epoch=40/80 loss=1.0652 acc=60.10 val_acc=nan data_t=0.0020s batch_t=0.0150s epoch_t=00:00.29 lr=0.000505 | GPU MB alloc/reserved=69.9/856.0
2026-04-07 12:20:25 | INFO | [Round 16] Epoch 40/80 time=00:00.29 avg=00:00.54 ETA=00:21.53 | GPU MB alloc/reserved=69.9/856.0
2026-04-07 12:20:26 | INFO | [Round 16] epoch=41/80 loss=1.0315 acc=61.43 val_acc=nan data_t=0.0019s batch_t=0.0288s epoch_t=00:00.52 lr=0.000486 | GPU MB alloc/reserved=69.9/856.0
2026-04-07 12:20:26 | INFO | [Round 16] Epoch 41/80 time=00:00.52 avg=00:00.54 ETA=00:20.98 | GPU MB alloc/reserved=69.9/856.0
2026-04-07 12:20:26 | INFO | [Round 16] epoch=42/80 loss=1.0003 acc=62.67 val_acc=nan data_t=0.0015s batch_t=0.0342s epoch_t=00:00.61 lr=0.000466 | GPU MB alloc/reserved=69.9/856.0
2026-04-07 12:20:26 | INFO | [Round 16] Epoch 42/80 time=00:00.61 avg=00:00.54 ETA=00:20.50 | GPU MB alloc/reserved=69.9/856.0
2026-04-07 12:20:27 | INFO | [Round 16] epoch=43/80 loss=0.9952 acc=62.76 val_acc=nan data_t=0.0019s batch_t=0.0342s epoch_t=00:00.61 lr=0.000447 | GPU MB alloc/reserved=69.9/856.0
2026-04-07 12:20:27 | INFO | [Round 16] Epoch 43/80 time=00:00.61 avg=00:00.54 ETA=00:20.03 | GPU MB alloc/reserved=69.9/856.0
2026-04-07 12:20:28 | INFO | [Round 16] epoch=44/80 loss=1.0155 acc=62.29 val_acc=nan data_t=0.0019s batch_t=0.0331s epoch_t=00:00.59 lr=0.000428 | GPU MB alloc/reserved=69.9/856.0
2026-04-07 12:20:28 | INFO | [Round 16] Epoch 44/80 time=00:00.59 avg=00:00.54 ETA=00:19.53 | GPU MB alloc/reserved=69.9/856.0
2026-04-07 12:20:28 | INFO | [Round 16] epoch=45/80 loss=0.9702 acc=63.76 val_acc=nan data_t=0.0018s batch_t=0.0129s epoch_t=00:00.25 lr=0.000408 | GPU MB alloc/reserved=69.9/856.0
2026-04-07 12:20:28 | INFO | [Round 16] Epoch 45/80 time=00:00.25 avg=00:00.54 ETA=00:18.76 | GPU MB alloc/reserved=69.9/856.0
2026-04-07 12:20:28 | INFO | [Round 16] epoch=46/80 loss=0.9611 acc=65.19 val_acc=nan data_t=0.0023s batch_t=0.0341s epoch_t=00:00.62 lr=0.000389 | GPU MB alloc/reserved=69.9/856.0
2026-04-07 12:20:28 | INFO | [Round 16] Epoch 46/80 time=00:00.62 avg=00:00.54 ETA=00:18.29 | GPU MB alloc/reserved=69.9/856.0
2026-04-07 12:20:29 | INFO | [Round 16] epoch=47/80 loss=0.9677 acc=64.00 val_acc=nan data_t=0.0026s batch_t=0.0341s epoch_t=00:00.63 lr=0.000371 | GPU MB alloc/reserved=69.9/856.0
2026-04-07 12:20:29 | INFO | [Round 16] Epoch 47/80 time=00:00.63 avg=00:00.54 ETA=00:17.81 | GPU MB alloc/reserved=69.9/856.0
2026-04-07 12:20:30 | INFO | [Round 16] epoch=48/80 loss=0.9429 acc=64.67 val_acc=nan data_t=0.0027s batch_t=0.0341s epoch_t=00:00.63 lr=0.000352 | GPU MB alloc/reserved=69.9/856.0
2026-04-07 12:20:30 | INFO | [Round 16] Epoch 48/80 time=00:00.63 avg=00:00.54 ETA=00:17.33 | GPU MB alloc/reserved=69.9/856.0
2026-04-07 12:20:30 | INFO | [Round 16] epoch=49/80 loss=0.9444 acc=65.05 val_acc=nan data_t=0.0019s batch_t=0.0201s epoch_t=00:00.37 lr=0.000334 | GPU MB alloc/reserved=69.9/856.0
2026-04-07 12:20:30 | INFO | [Round 16] Epoch 49/80 time=00:00.37 avg=00:00.54 ETA=00:16.68 | GPU MB alloc/reserved=69.9/856.0
2026-04-07 12:20:31 | INFO | [Round 16] epoch=50/80 loss=0.9215 acc=65.57 val_acc=nan data_t=0.0023s batch_t=0.0260s epoch_t=00:00.48 lr=0.000316 | GPU MB alloc/reserved=69.9/856.0
2026-04-07 12:20:31 | INFO | [Round 16] Epoch 50/80 time=00:00.48 avg=00:00.54 ETA=00:16.11 | GPU MB alloc/reserved=69.9/856.0
2026-04-07 12:20:31 | INFO | [Round 16] epoch=51/80 loss=0.9025 acc=66.62 val_acc=nan data_t=0.0016s batch_t=0.0342s epoch_t=00:00.61 lr=0.000298 | GPU MB alloc/reserved=69.9/856.0
2026-04-07 12:20:31 | INFO | [Round 16] Epoch 51/80 time=00:00.61 avg=00:00.54 ETA=00:15.61 | GPU MB alloc/reserved=69.9/856.0
2026-04-07 12:20:32 | INFO | [Round 16] epoch=52/80 loss=0.9157 acc=66.19 val_acc=nan data_t=0.0020s batch_t=0.0342s epoch_t=00:00.61 lr=0.000280 | GPU MB alloc/reserved=69.9/856.0
2026-04-07 12:20:32 | INFO | [Round 16] Epoch 52/80 time=00:00.61 avg=00:00.54 ETA=00:15.11 | GPU MB alloc/reserved=69.9/856.0
2026-04-07 12:20:32 | INFO | [Round 16] epoch=53/80 loss=0.8782 acc=67.43 val_acc=nan data_t=0.0024s batch_t=0.0342s epoch_t=00:00.62 lr=0.000263 | GPU MB alloc/reserved=69.9/856.0
2026-04-07 12:20:32 | INFO | [Round 16] Epoch 53/80 time=00:00.62 avg=00:00.54 ETA=00:14.62 | GPU MB alloc/reserved=69.9/856.0
2026-04-07 12:20:33 | INFO | [Round 16] epoch=54/80 loss=0.8856 acc=66.29 val_acc=nan data_t=0.0027s batch_t=0.0283s epoch_t=00:00.53 lr=0.000246 | GPU MB alloc/reserved=69.9/856.0
2026-04-07 12:20:33 | INFO | [Round 16] Epoch 54/80 time=00:00.53 avg=00:00.54 ETA=00:14.07 | GPU MB alloc/reserved=69.9/856.0
2026-04-07 12:20:33 | INFO | [Round 16] epoch=55/80 loss=0.8706 acc=66.62 val_acc=nan data_t=0.0023s batch_t=0.0275s epoch_t=00:00.51 lr=0.000230 | GPU MB alloc/reserved=69.9/856.0
2026-04-07 12:20:33 | INFO | [Round 16] Epoch 55/80 time=00:00.51 avg=00:00.54 ETA=00:13.51 | GPU MB alloc/reserved=69.9/856.0
2026-04-07 12:20:34 | INFO | [Round 16] epoch=56/80 loss=0.8306 acc=69.90 val_acc=nan data_t=0.0017s batch_t=0.0282s epoch_t=00:00.51 lr=0.000214 | GPU MB alloc/reserved=69.9/856.0
2026-04-07 12:20:34 | INFO | [Round 16] Epoch 56/80 time=00:00.51 avg=00:00.54 ETA=00:12.96 | GPU MB alloc/reserved=69.9/856.0
2026-04-07 12:20:34 | INFO | [Round 16] epoch=57/80 loss=0.8339 acc=68.67 val_acc=nan data_t=0.0024s batch_t=0.0281s epoch_t=00:00.52 lr=0.000199 | GPU MB alloc/reserved=69.9/856.0
2026-04-07 12:20:34 | INFO | [Round 16] Epoch 57/80 time=00:00.52 avg=00:00.54 ETA=00:12.41 | GPU MB alloc/reserved=69.9/856.0
2026-04-07 12:20:35 | INFO | [Round 16] epoch=58/80 loss=0.8164 acc=69.57 val_acc=nan data_t=0.0017s batch_t=0.0285s epoch_t=00:00.51 lr=0.000184 | GPU MB alloc/reserved=69.9/856.0
2026-04-07 12:20:35 | INFO | [Round 16] Epoch 58/80 time=00:00.51 avg=00:00.54 ETA=00:11.86 | GPU MB alloc/reserved=69.9/856.0
2026-04-07 12:20:35 | INFO | [Round 16] epoch=59/80 loss=0.8241 acc=69.38 val_acc=nan data_t=0.0035s batch_t=0.0285s epoch_t=00:00.54 lr=0.000169 | GPU MB alloc/reserved=69.9/856.0
2026-04-07 12:20:35 | INFO | [Round 16] Epoch 59/80 time=00:00.54 avg=00:00.54 ETA=00:11.32 | GPU MB alloc/reserved=69.9/856.0
2026-04-07 12:20:36 | INFO | [Round 16] epoch=60/80 loss=0.8126 acc=69.05 val_acc=nan data_t=0.0018s batch_t=0.0282s epoch_t=00:00.51 lr=0.000155 | GPU MB alloc/reserved=69.9/856.0
2026-04-07 12:20:36 | INFO | [Round 16] Epoch 60/80 time=00:00.51 avg=00:00.54 ETA=00:10.77 | GPU MB alloc/reserved=69.9/856.0
2026-04-07 12:20:37 | INFO | [Round 16] epoch=61/80 loss=0.7871 acc=70.67 val_acc=nan data_t=0.0033s batch_t=0.0261s epoch_t=00:00.50 lr=0.000142 | GPU MB alloc/reserved=69.9/856.0
2026-04-07 12:20:37 | INFO | [Round 16] Epoch 61/80 time=00:00.50 avg=00:00.54 ETA=00:10.22 | GPU MB alloc/reserved=69.9/856.0
2026-04-07 12:20:37 | INFO | [Round 16] epoch=62/80 loss=0.7953 acc=70.14 val_acc=nan data_t=0.0035s batch_t=0.0101s epoch_t=00:00.23 lr=0.000129 | GPU MB alloc/reserved=69.9/856.0
2026-04-07 12:20:37 | INFO | [Round 16] Epoch 62/80 time=00:00.23 avg=00:00.53 ETA=00:09.59 | GPU MB alloc/reserved=69.9/856.0
2026-04-07 12:20:37 | INFO | [Round 16] epoch=63/80 loss=0.7890 acc=70.24 val_acc=nan data_t=0.0032s batch_t=0.0342s epoch_t=00:00.64 lr=0.000116 | GPU MB alloc/reserved=69.9/856.0
2026-04-07 12:20:37 | INFO | [Round 16] Epoch 63/80 time=00:00.64 avg=00:00.53 ETA=00:09.09 | GPU MB alloc/reserved=69.9/856.0
2026-04-07 12:20:38 | INFO | [Round 16] epoch=64/80 loss=0.7650 acc=71.57 val_acc=nan data_t=0.0018s batch_t=0.0341s epoch_t=00:00.61 lr=0.000105 | GPU MB alloc/reserved=69.9/856.0
2026-04-07 12:20:38 | INFO | [Round 16] Epoch 64/80 time=00:00.61 avg=00:00.54 ETA=00:08.57 | GPU MB alloc/reserved=69.9/856.0
2026-04-07 12:20:39 | INFO | [Round 16] epoch=65/80 loss=0.7746 acc=71.95 val_acc=nan data_t=0.0022s batch_t=0.0341s epoch_t=00:00.62 lr=0.000093 | GPU MB alloc/reserved=69.9/856.0
2026-04-07 12:20:39 | INFO | [Round 16] Epoch 65/80 time=00:00.62 avg=00:00.54 ETA=00:08.06 | GPU MB alloc/reserved=69.9/856.0
2026-04-07 12:20:39 | INFO | [Round 16] epoch=66/80 loss=0.7738 acc=70.90 val_acc=nan data_t=0.0025s batch_t=0.0248s epoch_t=00:00.47 lr=0.000083 | GPU MB alloc/reserved=69.9/856.0
2026-04-07 12:20:39 | INFO | [Round 16] Epoch 66/80 time=00:00.47 avg=00:00.54 ETA=00:07.50 | GPU MB alloc/reserved=69.9/856.0
2026-04-07 12:20:40 | INFO | [Round 16] epoch=67/80 loss=0.7526 acc=72.19 val_acc=nan data_t=0.0026s batch_t=0.0245s epoch_t=00:00.46 lr=0.000073 | GPU MB alloc/reserved=69.9/856.0
2026-04-07 12:20:40 | INFO | [Round 16] Epoch 67/80 time=00:00.46 avg=00:00.53 ETA=00:06.95 | GPU MB alloc/reserved=69.9/856.0
2026-04-07 12:20:40 | INFO | [Round 16] epoch=68/80 loss=0.7660 acc=72.05 val_acc=nan data_t=0.0017s batch_t=0.0341s epoch_t=00:00.61 lr=0.000064 | GPU MB alloc/reserved=69.9/856.0
2026-04-07 12:20:40 | INFO | [Round 16] Epoch 68/80 time=00:00.61 avg=00:00.54 ETA=00:06.43 | GPU MB alloc/reserved=69.9/856.0
2026-04-07 12:20:41 | INFO | [Round 16] epoch=69/80 loss=0.7508 acc=71.71 val_acc=nan data_t=0.0025s batch_t=0.0342s epoch_t=00:00.62 lr=0.000055 | GPU MB alloc/reserved=69.9/856.0
2026-04-07 12:20:41 | INFO | [Round 16] Epoch 69/80 time=00:00.62 avg=00:00.54 ETA=00:05.91 | GPU MB alloc/reserved=69.9/856.0
2026-04-07 12:20:41 | INFO | [Round 16] epoch=70/80 loss=0.7415 acc=73.05 val_acc=nan data_t=0.0029s batch_t=0.0344s epoch_t=00:00.63 lr=0.000048 | GPU MB alloc/reserved=69.9/856.0
2026-04-07 12:20:41 | INFO | [Round 16] Epoch 70/80 time=00:00.63 avg=00:00.54 ETA=00:05.39 | GPU MB alloc/reserved=69.9/856.0
2026-04-07 12:20:42 | INFO | [Round 16] epoch=71/80 loss=0.7641 acc=70.62 val_acc=nan data_t=0.0020s batch_t=0.0124s epoch_t=00:00.24 lr=0.000041 | GPU MB alloc/reserved=69.9/856.0
2026-04-07 12:20:42 | INFO | [Round 16] Epoch 71/80 time=00:00.24 avg=00:00.53 ETA=00:04.81 | GPU MB alloc/reserved=69.9/856.0
2026-04-07 12:20:42 | INFO | [Round 16] epoch=72/80 loss=0.7197 acc=73.62 val_acc=nan data_t=0.0015s batch_t=0.0342s epoch_t=00:00.61 lr=0.000034 | GPU MB alloc/reserved=69.9/856.0
2026-04-07 12:20:42 | INFO | [Round 16] Epoch 72/80 time=00:00.61 avg=00:00.54 ETA=00:04.28 | GPU MB alloc/reserved=69.9/856.0
2026-04-07 12:20:43 | INFO | [Round 16] epoch=73/80 loss=0.7335 acc=71.90 val_acc=nan data_t=0.0027s batch_t=0.0342s epoch_t=00:00.63 lr=0.000029 | GPU MB alloc/reserved=69.9/856.0
2026-04-07 12:20:43 | INFO | [Round 16] Epoch 73/80 time=00:00.63 avg=00:00.54 ETA=00:03.76 | GPU MB alloc/reserved=69.9/856.0
2026-04-07 12:20:44 | INFO | [Round 16] epoch=74/80 loss=0.7400 acc=72.19 val_acc=nan data_t=0.0026s batch_t=0.0342s epoch_t=00:00.63 lr=0.000024 | GPU MB alloc/reserved=69.9/856.0
2026-04-07 12:20:44 | INFO | [Round 16] Epoch 74/80 time=00:00.63 avg=00:00.54 ETA=00:03.23 | GPU MB alloc/reserved=69.9/856.0
2026-04-07 12:20:44 | INFO | [Round 16] epoch=75/80 loss=0.7327 acc=72.86 val_acc=nan data_t=0.0024s batch_t=0.0205s epoch_t=00:00.39 lr=0.000020 | GPU MB alloc/reserved=69.9/856.0
2026-04-07 12:20:44 | INFO | [Round 16] Epoch 75/80 time=00:00.39 avg=00:00.54 ETA=00:02.68 | GPU MB alloc/reserved=69.9/856.0
2026-04-07 12:20:44 | INFO | [Round 16] epoch=76/80 loss=0.7247 acc=72.90 val_acc=nan data_t=0.0037s batch_t=0.0309s epoch_t=00:00.59 lr=0.000016 | GPU MB alloc/reserved=69.9/856.0
2026-04-07 12:20:44 | INFO | [Round 16] Epoch 76/80 time=00:00.59 avg=00:00.54 ETA=00:02.15 | GPU MB alloc/reserved=69.9/856.0
2026-04-07 12:20:45 | INFO | [Round 16] epoch=77/80 loss=0.7243 acc=73.05 val_acc=nan data_t=0.0025s batch_t=0.0342s epoch_t=00:00.62 lr=0.000013 | GPU MB alloc/reserved=69.9/856.0
2026-04-07 12:20:45 | INFO | [Round 16] Epoch 77/80 time=00:00.62 avg=00:00.54 ETA=00:01.61 | GPU MB alloc/reserved=69.9/856.0
2026-04-07 12:20:46 | INFO | [Round 16] epoch=78/80 loss=0.7404 acc=72.48 val_acc=nan data_t=0.0022s batch_t=0.0342s epoch_t=00:00.62 lr=0.000012 | GPU MB alloc/reserved=69.9/856.0
2026-04-07 12:20:46 | INFO | [Round 16] Epoch 78/80 time=00:00.62 avg=00:00.54 ETA=00:01.08 | GPU MB alloc/reserved=69.9/856.0
2026-04-07 12:20:46 | INFO | [Round 16] epoch=79/80 loss=0.7070 acc=74.33 val_acc=nan data_t=0.0028s batch_t=0.0297s epoch_t=00:00.55 lr=0.000010 | GPU MB alloc/reserved=69.9/856.0
2026-04-07 12:20:46 | INFO | [Round 16] Epoch 79/80 time=00:00.55 avg=00:00.54 ETA=00:00.54 | GPU MB alloc/reserved=69.9/856.0
2026-04-07 12:20:47 | INFO | [Round 16] epoch=80/80 loss=0.7048 acc=73.71 val_acc=nan data_t=0.0026s batch_t=0.0204s epoch_t=00:00.39 lr=0.000010 | GPU MB alloc/reserved=69.9/856.0
2026-04-07 12:20:47 | INFO | [Round 16] Epoch 80/80 time=00:00.39 avg=00:00.54 ETA=00:00.00 | GPU MB alloc/reserved=69.9/856.0
2026-04-07 12:20:47 | INFO | [Round 16] training complete in 00:43.09 (best monitor=74.333) | GPU MB alloc/reserved=69.9/856.0
2026-04-07 12:20:47 | INFO | [Round 16] evaluation started | GPU MB alloc/reserved=52.0/856.0
2026-04-07 12:20:49 | INFO | [Round 16] clean=60.08 fgsm=49.95 pgd=49.70 grad_disp_mean=nan grad_disp_sel=nan round_t=46.83s | GPU MB alloc/reserved=52.0/856.0
2026-04-07 12:20:49 | INFO | [Round 17/21] elapsed=00:46.83 avg_round=00:32.68 projected_remaining=02:10.71 | GPU MB alloc/reserved=52.0/856.0
2026-04-07 12:20:50 | INFO | [Round 17] acquisition on pool_size=47900 scored_pool=5000 budget=100 | GPU MB alloc/reserved=34.1/856.0
2026-04-07 12:20:50 | INFO | [CoreSet-unlabeled-feat] scoring progress 10/20 elapsed=00:00.24 avg/batch=0.024s ETA=00:00.24 | GPU MB alloc/reserved=40.6/856.0
2026-04-07 12:20:51 | INFO | [CoreSet-unlabeled-feat] scoring progress 20/20 elapsed=00:00.26 avg/batch=0.013s ETA=00:00.00 | GPU MB alloc/reserved=40.6/856.0
2026-04-07 12:20:51 | INFO | [CoreSet-labeled-feat] scoring progress 9/9 elapsed=00:00.22 avg/batch=0.024s ETA=00:00.00 | GPU MB alloc/reserved=41.7/856.0
2026-04-07 12:20:51 | INFO | [CoreSet] greedy 10/100 cover_radius=25.494059 | GPU: n/a
2026-04-07 12:20:51 | INFO | [CoreSet] greedy 20/100 cover_radius=25.010916 | GPU: n/a
2026-04-07 12:20:51 | INFO | [CoreSet] greedy 30/100 cover_radius=24.662411 | GPU: n/a
2026-04-07 12:20:51 | INFO | [CoreSet] greedy 40/100 cover_radius=24.100431 | GPU: n/a
2026-04-07 12:20:51 | INFO | [CoreSet] greedy 50/100 cover_radius=23.712986 | GPU: n/a
2026-04-07 12:20:51 | INFO | [CoreSet] greedy 60/100 cover_radius=23.276226 | GPU: n/a
2026-04-07 12:20:51 | INFO | [CoreSet] greedy 70/100 cover_radius=23.055693 | GPU: n/a
2026-04-07 12:20:51 | INFO | [CoreSet] greedy 80/100 cover_radius=22.901720 | GPU: n/a
2026-04-07 12:20:51 | INFO | [CoreSet] greedy 90/100 cover_radius=22.776550 | GPU: n/a
2026-04-07 12:20:51 | INFO | [CoreSet] greedy 100/100 cover_radius=22.656961 | GPU: n/a
2026-04-07 12:20:51 | INFO | [Round 17] labeled=2200 train=2200 val_fixed=0 | GPU MB alloc/reserved=43.1/856.0
2026-04-07 12:20:52 | INFO | [Round 17] epoch=1/80 loss=4.4799 acc=16.55 val_acc=nan data_t=0.0100s batch_t=0.0360s epoch_t=00:00.83 lr=0.001000 | GPU MB alloc/reserved=69.9/856.0
2026-04-07 12:20:52 | INFO | [Round 17] Epoch 1/80 time=00:00.83 avg=00:00.83 ETA=01:05.51 | GPU MB alloc/reserved=69.9/856.0
2026-04-07 12:20:53 | INFO | [Round 17] epoch=2/80 loss=2.1507 acc=24.82 val_acc=nan data_t=0.0019s batch_t=0.0341s epoch_t=00:00.65 lr=0.000998 | GPU MB alloc/reserved=69.9/856.0
2026-04-07 12:20:53 | INFO | [Round 17] Epoch 2/80 time=00:00.65 avg=00:00.74 ETA=00:57.60 | GPU MB alloc/reserved=69.9/856.0
2026-04-07 12:20:53 | INFO | [Round 17] epoch=3/80 loss=2.0372 acc=27.09 val_acc=nan data_t=0.0018s batch_t=0.0319s epoch_t=00:00.61 lr=0.000997 | GPU MB alloc/reserved=69.9/856.0
2026-04-07 12:20:53 | INFO | [Round 17] Epoch 3/80 time=00:00.61 avg=00:00.69 ETA=00:53.46 | GPU MB alloc/reserved=69.9/856.0
2026-04-07 12:20:54 | INFO | [Round 17] epoch=4/80 loss=1.9701 acc=28.36 val_acc=nan data_t=0.0026s batch_t=0.0163s epoch_t=00:00.34 lr=0.000994 | GPU MB alloc/reserved=69.9/856.0
2026-04-07 12:20:54 | INFO | [Round 17] Epoch 4/80 time=00:00.34 avg=00:00.61 ETA=00:46.02 | GPU MB alloc/reserved=69.9/856.0
2026-04-07 12:20:54 | INFO | [Round 17] epoch=5/80 loss=1.9046 acc=31.41 val_acc=nan data_t=0.0017s batch_t=0.0341s epoch_t=00:00.64 lr=0.000990 | GPU MB alloc/reserved=69.9/856.0
2026-04-07 12:20:54 | INFO | [Round 17] Epoch 5/80 time=00:00.64 avg=00:00.61 ETA=00:46.01 | GPU MB alloc/reserved=69.9/856.0
2026-04-07 12:20:55 | INFO | [Round 17] epoch=6/80 loss=1.8531 acc=32.59 val_acc=nan data_t=0.0016s batch_t=0.0341s epoch_t=00:00.64 lr=0.000986 | GPU MB alloc/reserved=69.9/856.0
2026-04-07 12:20:55 | INFO | [Round 17] Epoch 6/80 time=00:00.64 avg=00:00.62 ETA=00:45.76 | GPU MB alloc/reserved=69.9/856.0
2026-04-07 12:20:55 | INFO | [Round 17] epoch=7/80 loss=1.7775 acc=35.09 val_acc=nan data_t=0.0019s batch_t=0.0341s epoch_t=00:00.65 lr=0.000981 | GPU MB alloc/reserved=69.9/856.0
2026-04-07 12:20:55 | INFO | [Round 17] Epoch 7/80 time=00:00.65 avg=00:00.62 ETA=00:45.44 | GPU MB alloc/reserved=69.9/856.0
2026-04-07 12:20:56 | INFO | [Round 17] epoch=8/80 loss=1.7395 acc=36.23 val_acc=nan data_t=0.0015s batch_t=0.0137s epoch_t=00:00.27 lr=0.000976 | GPU MB alloc/reserved=69.9/856.0
2026-04-07 12:20:56 | INFO | [Round 17] Epoch 8/80 time=00:00.27 avg=00:00.58 ETA=00:41.67 | GPU MB alloc/reserved=69.9/856.0
2026-04-07 12:20:56 | INFO | [Round 17] epoch=9/80 loss=1.7269 acc=36.05 val_acc=nan data_t=0.0015s batch_t=0.0331s epoch_t=00:00.62 lr=0.000969 | GPU MB alloc/reserved=69.9/856.0
2026-04-07 12:20:56 | INFO | [Round 17] Epoch 9/80 time=00:00.62 avg=00:00.58 ETA=00:41.44 | GPU MB alloc/reserved=69.9/856.0
2026-04-07 12:20:57 | INFO | [Round 17] epoch=10/80 loss=1.6558 acc=39.95 val_acc=nan data_t=0.0015s batch_t=0.0341s epoch_t=00:00.64 lr=0.000962 | GPU MB alloc/reserved=69.9/856.0
2026-04-07 12:20:57 | INFO | [Round 17] Epoch 10/80 time=00:00.64 avg=00:00.59 ETA=00:41.26 | GPU MB alloc/reserved=69.9/856.0
2026-04-07 12:20:58 | INFO | [Round 17] epoch=11/80 loss=1.6523 acc=39.32 val_acc=nan data_t=0.0023s batch_t=0.0340s epoch_t=00:00.65 lr=0.000955 | GPU MB alloc/reserved=69.9/856.0
2026-04-07 12:20:58 | INFO | [Round 17] Epoch 11/80 time=00:00.65 avg=00:00.60 ETA=00:41.07 | GPU MB alloc/reserved=69.9/856.0
2026-04-07 12:20:58 | INFO | [Round 17] epoch=12/80 loss=1.6312 acc=39.73 val_acc=nan data_t=0.0014s batch_t=0.0231s epoch_t=00:00.44 lr=0.000946 | GPU MB alloc/reserved=69.9/856.0
2026-04-07 12:20:58 | INFO | [Round 17] Epoch 12/80 time=00:00.44 avg=00:00.58 ETA=00:39.61 | GPU MB alloc/reserved=69.9/856.0
2026-04-07 12:20:59 | INFO | [Round 17] epoch=13/80 loss=1.6068 acc=39.73 val_acc=nan data_t=0.0016s batch_t=0.0272s epoch_t=00:00.52 lr=0.000937 | GPU MB alloc/reserved=69.9/856.0
2026-04-07 12:20:59 | INFO | [Round 17] Epoch 13/80 time=00:00.52 avg=00:00.58 ETA=00:38.69 | GPU MB alloc/reserved=69.9/856.0
2026-04-07 12:20:59 | INFO | [Round 17] epoch=14/80 loss=1.5613 acc=42.55 val_acc=nan data_t=0.0015s batch_t=0.0341s epoch_t=00:00.64 lr=0.000927 | GPU MB alloc/reserved=69.9/856.0
2026-04-07 12:20:59 | INFO | [Round 17] Epoch 14/80 time=00:00.64 avg=00:00.58 ETA=00:38.42 | GPU MB alloc/reserved=69.9/856.0
2026-04-07 12:21:00 | INFO | [Round 17] epoch=15/80 loss=1.5560 acc=42.50 val_acc=nan data_t=0.0019s batch_t=0.0342s epoch_t=00:00.65 lr=0.000917 | GPU MB alloc/reserved=69.9/856.0
2026-04-07 12:21:00 | INFO | [Round 17] Epoch 15/80 time=00:00.65 avg=00:00.59 ETA=00:38.13 | GPU MB alloc/reserved=69.9/856.0
2026-04-07 12:21:01 | INFO | [Round 17] epoch=16/80 loss=1.5226 acc=43.95 val_acc=nan data_t=0.0017s batch_t=0.0301s epoch_t=00:00.57 lr=0.000905 | GPU MB alloc/reserved=69.9/856.0
2026-04-07 12:21:01 | INFO | [Round 17] Epoch 16/80 time=00:00.57 avg=00:00.59 ETA=00:37.49 | GPU MB alloc/reserved=69.9/856.0
2026-04-07 12:21:01 | INFO | [Round 17] epoch=17/80 loss=1.4967 acc=44.05 val_acc=nan data_t=0.0029s batch_t=0.0157s epoch_t=00:00.34 lr=0.000894 | GPU MB alloc/reserved=69.9/856.0
2026-04-07 12:21:01 | INFO | [Round 17] Epoch 17/80 time=00:00.34 avg=00:00.57 ETA=00:35.97 | GPU MB alloc/reserved=69.9/856.0
2026-04-07 12:21:01 | INFO | [Round 17] epoch=18/80 loss=1.4662 acc=45.68 val_acc=nan data_t=0.0018s batch_t=0.0341s epoch_t=00:00.64 lr=0.000881 | GPU MB alloc/reserved=69.9/856.0
2026-04-07 12:21:01 | INFO | [Round 17] Epoch 18/80 time=00:00.64 avg=00:00.58 ETA=00:35.66 | GPU MB alloc/reserved=69.9/856.0
2026-04-07 12:21:02 | INFO | [Round 17] epoch=19/80 loss=1.4669 acc=45.41 val_acc=nan data_t=0.0016s batch_t=0.0341s epoch_t=00:00.64 lr=0.000868 | GPU MB alloc/reserved=69.9/856.0
2026-04-07 12:21:02 | INFO | [Round 17] Epoch 19/80 time=00:00.64 avg=00:00.58 ETA=00:35.30 | GPU MB alloc/reserved=69.9/856.0
2026-04-07 12:21:03 | INFO | [Round 17] epoch=20/80 loss=1.4381 acc=46.91 val_acc=nan data_t=0.0018s batch_t=0.0340s epoch_t=00:00.65 lr=0.000855 | GPU MB alloc/reserved=69.9/856.0
2026-04-07 12:21:03 | INFO | [Round 17] Epoch 20/80 time=00:00.65 avg=00:00.58 ETA=00:34.92 | GPU MB alloc/reserved=69.9/856.0
2026-04-07 12:21:03 | INFO | [Round 17] epoch=21/80 loss=1.4736 acc=45.68 val_acc=nan data_t=0.0022s batch_t=0.0132s epoch_t=00:00.28 lr=0.000841 | GPU MB alloc/reserved=69.9/856.0
2026-04-07 12:21:03 | INFO | [Round 17] Epoch 21/80 time=00:00.28 avg=00:00.57 ETA=00:33.49 | GPU MB alloc/reserved=69.9/856.0
2026-04-07 12:21:04 | INFO | [Round 17] epoch=22/80 loss=1.4184 acc=47.00 val_acc=nan data_t=0.0023s batch_t=0.0341s epoch_t=00:00.65 lr=0.000826 | GPU MB alloc/reserved=69.9/856.0
2026-04-07 12:21:04 | INFO | [Round 17] Epoch 22/80 time=00:00.65 avg=00:00.57 ETA=00:33.15 | GPU MB alloc/reserved=69.9/856.0
2026-04-07 12:21:04 | INFO | [Round 17] epoch=23/80 loss=1.3926 acc=47.77 val_acc=nan data_t=0.0018s batch_t=0.0341s epoch_t=00:00.65 lr=0.000811 | GPU MB alloc/reserved=69.9/856.0
2026-04-07 12:21:04 | INFO | [Round 17] Epoch 23/80 time=00:00.65 avg=00:00.57 ETA=00:32.77 | GPU MB alloc/reserved=69.9/856.0
2026-04-07 12:21:05 | INFO | [Round 17] epoch=24/80 loss=1.4022 acc=47.82 val_acc=nan data_t=0.0017s batch_t=0.0340s epoch_t=00:00.64 lr=0.000796 | GPU MB alloc/reserved=69.9/856.0
2026-04-07 12:21:05 | INFO | [Round 17] Epoch 24/80 time=00:00.64 avg=00:00.58 ETA=00:32.35 | GPU MB alloc/reserved=69.9/856.0
2026-04-07 12:21:05 | INFO | [Round 17] epoch=25/80 loss=1.3644 acc=48.36 val_acc=nan data_t=0.0020s batch_t=0.0210s epoch_t=00:00.41 lr=0.000780 | GPU MB alloc/reserved=69.9/856.0
2026-04-07 12:21:05 | INFO | [Round 17] Epoch 25/80 time=00:00.41 avg=00:00.57 ETA=00:31.41 | GPU MB alloc/reserved=69.9/856.0
2026-04-07 12:21:06 | INFO | [Round 17] epoch=26/80 loss=1.3639 acc=48.09 val_acc=nan data_t=0.0017s batch_t=0.0276s epoch_t=00:00.53 lr=0.000764 | GPU MB alloc/reserved=69.9/856.0
2026-04-07 12:21:06 | INFO | [Round 17] Epoch 26/80 time=00:00.53 avg=00:00.57 ETA=00:30.75 | GPU MB alloc/reserved=69.9/856.0
2026-04-07 12:21:07 | INFO | [Round 17] epoch=27/80 loss=1.3451 acc=50.36 val_acc=nan data_t=0.0014s batch_t=0.0342s epoch_t=00:00.64 lr=0.000747 | GPU MB alloc/reserved=69.9/856.0
2026-04-07 12:21:07 | INFO | [Round 17] Epoch 27/80 time=00:00.64 avg=00:00.57 ETA=00:30.32 | GPU MB alloc/reserved=69.9/856.0
2026-04-07 12:21:07 | INFO | [Round 17] epoch=28/80 loss=1.3370 acc=50.55 val_acc=nan data_t=0.0017s batch_t=0.0341s epoch_t=00:00.64 lr=0.000730 | GPU MB alloc/reserved=69.9/856.0
2026-04-07 12:21:07 | INFO | [Round 17] Epoch 28/80 time=00:00.64 avg=00:00.57 ETA=00:29.88 | GPU MB alloc/reserved=69.9/856.0
2026-04-07 12:21:08 | INFO | [Round 17] epoch=29/80 loss=1.3139 acc=51.09 val_acc=nan data_t=0.0015s batch_t=0.0291s epoch_t=00:00.55 lr=0.000712 | GPU MB alloc/reserved=69.9/856.0
2026-04-07 12:21:08 | INFO | [Round 17] Epoch 29/80 time=00:00.55 avg=00:00.57 ETA=00:29.27 | GPU MB alloc/reserved=69.9/856.0
2026-04-07 12:21:08 | INFO | [Round 17] epoch=30/80 loss=1.2942 acc=53.23 val_acc=nan data_t=0.0035s batch_t=0.0192s epoch_t=00:00.41 lr=0.000694 | GPU MB alloc/reserved=69.9/856.0
2026-04-07 12:21:08 | INFO | [Round 17] Epoch 30/80 time=00:00.41 avg=00:00.57 ETA=00:28.42 | GPU MB alloc/reserved=69.9/856.0
2026-04-07 12:21:09 | INFO | [Round 17] epoch=31/80 loss=1.2439 acc=52.55 val_acc=nan data_t=0.0016s batch_t=0.0342s epoch_t=00:00.65 lr=0.000676 | GPU MB alloc/reserved=69.9/856.0
2026-04-07 12:21:09 | INFO | [Round 17] Epoch 31/80 time=00:00.65 avg=00:00.57 ETA=00:27.97 | GPU MB alloc/reserved=69.9/856.0
2026-04-07 12:21:09 | INFO | [Round 17] epoch=32/80 loss=1.2870 acc=51.45 val_acc=nan data_t=0.0015s batch_t=0.0341s epoch_t=00:00.64 lr=0.000658 | GPU MB alloc/reserved=69.9/856.0
2026-04-07 12:21:09 | INFO | [Round 17] Epoch 32/80 time=00:00.64 avg=00:00.57 ETA=00:27.51 | GPU MB alloc/reserved=69.9/856.0
2026-04-07 12:21:10 | INFO | [Round 17] epoch=33/80 loss=1.2619 acc=53.91 val_acc=nan data_t=0.0014s batch_t=0.0341s epoch_t=00:00.64 lr=0.000639 | GPU MB alloc/reserved=69.9/856.0
2026-04-07 12:21:10 | INFO | [Round 17] Epoch 33/80 time=00:00.64 avg=00:00.58 ETA=00:27.03 | GPU MB alloc/reserved=69.9/856.0
2026-04-07 12:21:10 | INFO | [Round 17] epoch=34/80 loss=1.2222 acc=54.18 val_acc=nan data_t=0.0014s batch_t=0.0142s epoch_t=00:00.28 lr=0.000621 | GPU MB alloc/reserved=69.9/856.0
2026-04-07 12:21:10 | INFO | [Round 17] Epoch 34/80 time=00:00.28 avg=00:00.57 ETA=00:26.05 | GPU MB alloc/reserved=69.9/856.0
2026-04-07 12:21:11 | INFO | [Round 17] epoch=35/80 loss=1.2378 acc=54.27 val_acc=nan data_t=0.0015s batch_t=0.0340s epoch_t=00:00.64 lr=0.000602 | GPU MB alloc/reserved=69.9/856.0
2026-04-07 12:21:11 | INFO | [Round 17] Epoch 35/80 time=00:00.64 avg=00:00.57 ETA=00:25.58 | GPU MB alloc/reserved=69.9/856.0
2026-04-07 12:21:12 | INFO | [Round 17] epoch=36/80 loss=1.2197 acc=54.73 val_acc=nan data_t=0.0015s batch_t=0.0342s epoch_t=00:00.64 lr=0.000582 | GPU MB alloc/reserved=69.9/856.0
2026-04-07 12:21:12 | INFO | [Round 17] Epoch 36/80 time=00:00.64 avg=00:00.57 ETA=00:25.10 | GPU MB alloc/reserved=69.9/856.0
2026-04-07 12:21:12 | INFO | [Round 17] epoch=37/80 loss=1.1930 acc=55.45 val_acc=nan data_t=0.0021s batch_t=0.0341s epoch_t=00:00.65 lr=0.000563 | GPU MB alloc/reserved=69.9/856.0
2026-04-07 12:21:12 | INFO | [Round 17] Epoch 37/80 time=00:00.65 avg=00:00.57 ETA=00:24.63 | GPU MB alloc/reserved=69.9/856.0
2026-04-07 12:21:13 | INFO | [Round 17] epoch=38/80 loss=1.1716 acc=56.64 val_acc=nan data_t=0.0017s batch_t=0.0186s epoch_t=00:00.37 lr=0.000544 | GPU MB alloc/reserved=69.9/856.0
2026-04-07 12:21:13 | INFO | [Round 17] Epoch 38/80 time=00:00.37 avg=00:00.57 ETA=00:23.83 | GPU MB alloc/reserved=69.9/856.0
2026-04-07 12:21:13 | INFO | [Round 17] epoch=39/80 loss=1.1726 acc=55.95 val_acc=nan data_t=0.0025s batch_t=0.0292s epoch_t=00:00.57 lr=0.000524 | GPU MB alloc/reserved=69.9/856.0
2026-04-07 12:21:13 | INFO | [Round 17] Epoch 39/80 time=00:00.57 avg=00:00.57 ETA=00:23.26 | GPU MB alloc/reserved=69.9/856.0
2026-04-07 12:21:14 | INFO | [Round 17] epoch=40/80 loss=1.1243 acc=58.05 val_acc=nan data_t=0.0018s batch_t=0.0341s epoch_t=00:00.65 lr=0.000505 | GPU MB alloc/reserved=69.9/856.0
2026-04-07 12:21:14 | INFO | [Round 17] Epoch 40/80 time=00:00.65 avg=00:00.57 ETA=00:22.77 | GPU MB alloc/reserved=69.9/856.0
2026-04-07 12:21:15 | INFO | [Round 17] epoch=41/80 loss=1.1396 acc=56.55 val_acc=nan data_t=0.0022s batch_t=0.0341s epoch_t=00:00.65 lr=0.000486 | GPU MB alloc/reserved=69.9/856.0
2026-04-07 12:21:15 | INFO | [Round 17] Epoch 41/80 time=00:00.65 avg=00:00.57 ETA=00:22.28 | GPU MB alloc/reserved=69.9/856.0
2026-04-07 12:21:15 | INFO | [Round 17] epoch=42/80 loss=1.1175 acc=58.41 val_acc=nan data_t=0.0019s batch_t=0.0263s epoch_t=00:00.51 lr=0.000466 | GPU MB alloc/reserved=69.9/856.0
2026-04-07 12:21:15 | INFO | [Round 17] Epoch 42/80 time=00:00.51 avg=00:00.57 ETA=00:21.65 | GPU MB alloc/reserved=69.9/856.0
2026-04-07 12:21:16 | INFO | [Round 17] epoch=43/80 loss=1.1268 acc=57.23 val_acc=nan data_t=0.0017s batch_t=0.0199s epoch_t=00:00.39 lr=0.000447 | GPU MB alloc/reserved=69.9/856.0
2026-04-07 12:21:16 | INFO | [Round 17] Epoch 43/80 time=00:00.39 avg=00:00.57 ETA=00:20.93 | GPU MB alloc/reserved=69.9/856.0
2026-04-07 12:21:16 | INFO | [Round 17] epoch=44/80 loss=1.1173 acc=57.91 val_acc=nan data_t=0.0017s batch_t=0.0345s epoch_t=00:00.65 lr=0.000428 | GPU MB alloc/reserved=69.9/856.0
2026-04-07 12:21:16 | INFO | [Round 17] Epoch 44/80 time=00:00.65 avg=00:00.57 ETA=00:20.43 | GPU MB alloc/reserved=69.9/856.0
2026-04-07 12:21:17 | INFO | [Round 17] epoch=45/80 loss=1.1079 acc=58.55 val_acc=nan data_t=0.0015s batch_t=0.0341s epoch_t=00:00.64 lr=0.000408 | GPU MB alloc/reserved=69.9/856.0
2026-04-07 12:21:17 | INFO | [Round 17] Epoch 45/80 time=00:00.64 avg=00:00.57 ETA=00:19.92 | GPU MB alloc/reserved=69.9/856.0
2026-04-07 12:21:17 | INFO | [Round 17] epoch=46/80 loss=1.0989 acc=58.82 val_acc=nan data_t=0.0023s batch_t=0.0342s epoch_t=00:00.66 lr=0.000389 | GPU MB alloc/reserved=69.9/856.0
2026-04-07 12:21:17 | INFO | [Round 17] Epoch 46/80 time=00:00.66 avg=00:00.57 ETA=00:19.42 | GPU MB alloc/reserved=69.9/856.0
2026-04-07 12:21:18 | INFO | [Round 17] epoch=47/80 loss=1.0726 acc=60.55 val_acc=nan data_t=0.0018s batch_t=0.0132s epoch_t=00:00.27 lr=0.000371 | GPU MB alloc/reserved=69.9/856.0
2026-04-07 12:21:18 | INFO | [Round 17] Epoch 47/80 time=00:00.27 avg=00:00.56 ETA=00:18.64 | GPU MB alloc/reserved=69.9/856.0
2026-04-07 12:21:18 | INFO | [Round 17] epoch=48/80 loss=1.0528 acc=60.00 val_acc=nan data_t=0.0017s batch_t=0.0341s epoch_t=00:00.64 lr=0.000352 | GPU MB alloc/reserved=69.9/856.0
2026-04-07 12:21:18 | INFO | [Round 17] Epoch 48/80 time=00:00.64 avg=00:00.57 ETA=00:18.13 | GPU MB alloc/reserved=69.9/856.0
2026-04-07 12:21:19 | INFO | [Round 17] epoch=49/80 loss=1.0502 acc=61.82 val_acc=nan data_t=0.0016s batch_t=0.0340s epoch_t=00:00.64 lr=0.000334 | GPU MB alloc/reserved=69.9/856.0
2026-04-07 12:21:19 | INFO | [Round 17] Epoch 49/80 time=00:00.64 avg=00:00.57 ETA=00:17.61 | GPU MB alloc/reserved=69.9/856.0
2026-04-07 12:21:20 | INFO | [Round 17] epoch=50/80 loss=1.0322 acc=61.32 val_acc=nan data_t=0.0016s batch_t=0.0342s epoch_t=00:00.64 lr=0.000316 | GPU MB alloc/reserved=69.9/856.0
2026-04-07 12:21:20 | INFO | [Round 17] Epoch 50/80 time=00:00.64 avg=00:00.57 ETA=00:17.09 | GPU MB alloc/reserved=69.9/856.0
2026-04-07 12:21:20 | INFO | [Round 17] epoch=51/80 loss=1.0266 acc=61.59 val_acc=nan data_t=0.0016s batch_t=0.0166s epoch_t=00:00.33 lr=0.000298 | GPU MB alloc/reserved=69.9/856.0
2026-04-07 12:21:20 | INFO | [Round 17] Epoch 51/80 time=00:00.33 avg=00:00.56 ETA=00:16.38 | GPU MB alloc/reserved=69.9/856.0
2026-04-07 12:21:21 | INFO | [Round 17] epoch=52/80 loss=1.0201 acc=63.32 val_acc=nan data_t=0.0022s batch_t=0.0298s epoch_t=00:00.58 lr=0.000280 | GPU MB alloc/reserved=69.9/856.0
2026-04-07 12:21:21 | INFO | [Round 17] Epoch 52/80 time=00:00.58 avg=00:00.56 ETA=00:15.82 | GPU MB alloc/reserved=69.9/856.0
2026-04-07 12:21:21 | INFO | [Round 17] epoch=53/80 loss=1.0008 acc=62.91 val_acc=nan data_t=0.0017s batch_t=0.0362s epoch_t=00:00.68 lr=0.000263 | GPU MB alloc/reserved=69.9/856.0
2026-04-07 12:21:21 | INFO | [Round 17] Epoch 53/80 time=00:00.68 avg=00:00.57 ETA=00:15.31 | GPU MB alloc/reserved=69.9/856.0
2026-04-07 12:21:22 | INFO | [Round 17] epoch=54/80 loss=0.9927 acc=61.45 val_acc=nan data_t=0.0022s batch_t=0.0342s epoch_t=00:00.66 lr=0.000246 | GPU MB alloc/reserved=69.9/856.0
2026-04-07 12:21:22 | INFO | [Round 17] Epoch 54/80 time=00:00.66 avg=00:00.57 ETA=00:14.79 | GPU MB alloc/reserved=69.9/856.0
2026-04-07 12:21:22 | INFO | [Round 17] epoch=55/80 loss=0.9731 acc=63.73 val_acc=nan data_t=0.0017s batch_t=0.0244s epoch_t=00:00.47 lr=0.000230 | GPU MB alloc/reserved=69.9/856.0
2026-04-07 12:21:22 | INFO | [Round 17] Epoch 55/80 time=00:00.47 avg=00:00.57 ETA=00:14.18 | GPU MB alloc/reserved=69.9/856.0
2026-04-07 12:21:23 | INFO | [Round 17] epoch=56/80 loss=0.9812 acc=63.45 val_acc=nan data_t=0.0019s batch_t=0.0207s epoch_t=00:00.41 lr=0.000214 | GPU MB alloc/reserved=69.9/856.0
2026-04-07 12:21:23 | INFO | [Round 17] Epoch 56/80 time=00:00.41 avg=00:00.56 ETA=00:13.54 | GPU MB alloc/reserved=69.9/856.0
2026-04-07 12:21:23 | INFO | [Round 17] epoch=57/80 loss=0.9685 acc=63.55 val_acc=nan data_t=0.0020s batch_t=0.0341s epoch_t=00:00.65 lr=0.000199 | GPU MB alloc/reserved=69.9/856.0
2026-04-07 12:21:23 | INFO | [Round 17] Epoch 57/80 time=00:00.65 avg=00:00.57 ETA=00:13.01 | GPU MB alloc/reserved=69.9/856.0
2026-04-07 12:21:24 | INFO | [Round 17] epoch=58/80 loss=0.9471 acc=64.73 val_acc=nan data_t=0.0015s batch_t=0.0342s epoch_t=00:00.64 lr=0.000184 | GPU MB alloc/reserved=69.9/856.0
2026-04-07 12:21:24 | INFO | [Round 17] Epoch 58/80 time=00:00.64 avg=00:00.57 ETA=00:12.47 | GPU MB alloc/reserved=69.9/856.0
2026-04-07 12:21:25 | INFO | [Round 17] epoch=59/80 loss=0.9513 acc=64.77 val_acc=nan data_t=0.0016s batch_t=0.0341s epoch_t=00:00.64 lr=0.000169 | GPU MB alloc/reserved=69.9/856.0
2026-04-07 12:21:25 | INFO | [Round 17] Epoch 59/80 time=00:00.64 avg=00:00.57 ETA=00:11.93 | GPU MB alloc/reserved=69.9/856.0
2026-04-07 12:21:25 | INFO | [Round 17] epoch=60/80 loss=0.9251 acc=65.36 val_acc=nan data_t=0.0019s batch_t=0.0096s epoch_t=00:00.21 lr=0.000155 | GPU MB alloc/reserved=69.9/856.0
2026-04-07 12:21:25 | INFO | [Round 17] Epoch 60/80 time=00:00.21 avg=00:00.56 ETA=00:11.25 | GPU MB alloc/reserved=69.9/856.0
2026-04-07 12:21:26 | INFO | [Round 17] epoch=61/80 loss=0.9182 acc=66.41 val_acc=nan data_t=0.0023s batch_t=0.0341s epoch_t=00:00.66 lr=0.000142 | GPU MB alloc/reserved=69.9/856.0
2026-04-07 12:21:26 | INFO | [Round 17] Epoch 61/80 time=00:00.66 avg=00:00.56 ETA=00:10.71 | GPU MB alloc/reserved=69.9/856.0
2026-04-07 12:21:26 | INFO | [Round 17] epoch=62/80 loss=0.9232 acc=65.59 val_acc=nan data_t=0.0026s batch_t=0.0341s epoch_t=00:00.66 lr=0.000129 | GPU MB alloc/reserved=69.9/856.0
2026-04-07 12:21:26 | INFO | [Round 17] Epoch 62/80 time=00:00.66 avg=00:00.57 ETA=00:10.18 | GPU MB alloc/reserved=69.9/856.0
2026-04-07 12:21:27 | INFO | [Round 17] epoch=63/80 loss=0.9217 acc=65.68 val_acc=nan data_t=0.0029s batch_t=0.0342s epoch_t=00:00.67 lr=0.000116 | GPU MB alloc/reserved=69.9/856.0
2026-04-07 12:21:27 | INFO | [Round 17] Epoch 63/80 time=00:00.67 avg=00:00.57 ETA=00:09.64 | GPU MB alloc/reserved=69.9/856.0
2026-04-07 12:21:27 | INFO | [Round 17] epoch=64/80 loss=0.9186 acc=65.68 val_acc=nan data_t=0.0015s batch_t=0.0183s epoch_t=00:00.36 lr=0.000105 | GPU MB alloc/reserved=69.9/856.0
2026-04-07 12:21:27 | INFO | [Round 17] Epoch 64/80 time=00:00.36 avg=00:00.56 ETA=00:09.02 | GPU MB alloc/reserved=69.9/856.0
2026-04-07 12:21:28 | INFO | [Round 17] epoch=65/80 loss=0.9150 acc=65.50 val_acc=nan data_t=0.0020s batch_t=0.0290s epoch_t=00:00.56 lr=0.000093 | GPU MB alloc/reserved=69.9/856.0
2026-04-07 12:21:28 | INFO | [Round 17] Epoch 65/80 time=00:00.56 avg=00:00.56 ETA=00:08.46 | GPU MB alloc/reserved=69.9/856.0
2026-04-07 12:21:28 | INFO | [Round 17] epoch=66/80 loss=0.8888 acc=66.32 val_acc=nan data_t=0.0018s batch_t=0.0341s epoch_t=00:00.65 lr=0.000083 | GPU MB alloc/reserved=69.9/856.0
2026-04-07 12:21:28 | INFO | [Round 17] Epoch 66/80 time=00:00.65 avg=00:00.56 ETA=00:07.91 | GPU MB alloc/reserved=69.9/856.0
2026-04-07 12:21:29 | INFO | [Round 17] epoch=67/80 loss=0.8666 acc=68.45 val_acc=nan data_t=0.0019s batch_t=0.0342s epoch_t=00:00.65 lr=0.000073 | GPU MB alloc/reserved=69.9/856.0
2026-04-07 12:21:29 | INFO | [Round 17] Epoch 67/80 time=00:00.65 avg=00:00.57 ETA=00:07.36 | GPU MB alloc/reserved=69.9/856.0
2026-04-07 12:21:30 | INFO | [Round 17] epoch=68/80 loss=0.8784 acc=66.68 val_acc=nan data_t=0.0015s batch_t=0.0271s epoch_t=00:00.51 lr=0.000064 | GPU MB alloc/reserved=69.9/856.0
2026-04-07 12:21:30 | INFO | [Round 17] Epoch 68/80 time=00:00.51 avg=00:00.57 ETA=00:06.79 | GPU MB alloc/reserved=69.9/856.0
2026-04-07 12:21:30 | INFO | [Round 17] epoch=69/80 loss=0.8828 acc=65.77 val_acc=nan data_t=0.0020s batch_t=0.0235s epoch_t=00:00.46 lr=0.000055 | GPU MB alloc/reserved=69.9/856.0
2026-04-07 12:21:30 | INFO | [Round 17] Epoch 69/80 time=00:00.46 avg=00:00.56 ETA=00:06.20 | GPU MB alloc/reserved=69.9/856.0
2026-04-07 12:21:31 | INFO | [Round 17] epoch=70/80 loss=0.8466 acc=68.86 val_acc=nan data_t=0.0019s batch_t=0.0340s epoch_t=00:00.65 lr=0.000048 | GPU MB alloc/reserved=69.9/856.0
2026-04-07 12:21:31 | INFO | [Round 17] Epoch 70/80 time=00:00.65 avg=00:00.57 ETA=00:05.65 | GPU MB alloc/reserved=69.9/856.0
2026-04-07 12:21:31 | INFO | [Round 17] epoch=71/80 loss=0.8612 acc=68.05 val_acc=nan data_t=0.0017s batch_t=0.0343s epoch_t=00:00.65 lr=0.000041 | GPU MB alloc/reserved=69.9/856.0
2026-04-07 12:21:31 | INFO | [Round 17] Epoch 71/80 time=00:00.65 avg=00:00.57 ETA=00:05.10 | GPU MB alloc/reserved=69.9/856.0
2026-04-07 12:21:32 | INFO | [Round 17] epoch=72/80 loss=0.8599 acc=67.50 val_acc=nan data_t=0.0016s batch_t=0.0330s epoch_t=00:00.62 lr=0.000034 | GPU MB alloc/reserved=69.9/856.0
2026-04-07 12:21:32 | INFO | [Round 17] Epoch 72/80 time=00:00.62 avg=00:00.57 ETA=00:04.54 | GPU MB alloc/reserved=69.9/856.0
2026-04-07 12:21:33 | INFO | [Round 17] epoch=73/80 loss=0.8584 acc=67.59 val_acc=nan data_t=0.0025s batch_t=0.0271s epoch_t=00:00.53 lr=0.000029 | GPU MB alloc/reserved=69.9/856.0
2026-04-07 12:21:33 | INFO | [Round 17] Epoch 73/80 time=00:00.53 avg=00:00.57 ETA=00:03.97 | GPU MB alloc/reserved=69.9/856.0
2026-04-07 12:21:33 | INFO | [Round 17] epoch=74/80 loss=0.8521 acc=67.86 val_acc=nan data_t=0.0018s batch_t=0.0342s epoch_t=00:00.65 lr=0.000024 | GPU MB alloc/reserved=69.9/856.0
2026-04-07 12:21:33 | INFO | [Round 17] Epoch 74/80 time=00:00.65 avg=00:00.57 ETA=00:03.41 | GPU MB alloc/reserved=69.9/856.0
2026-04-07 12:21:34 | INFO | [Round 17] epoch=75/80 loss=0.8594 acc=68.68 val_acc=nan data_t=0.0016s batch_t=0.0342s epoch_t=00:00.64 lr=0.000020 | GPU MB alloc/reserved=69.9/856.0
2026-04-07 12:21:34 | INFO | [Round 17] Epoch 75/80 time=00:00.64 avg=00:00.57 ETA=00:02.84 | GPU MB alloc/reserved=69.9/856.0
2026-04-07 12:21:34 | INFO | [Round 17] epoch=76/80 loss=0.8504 acc=67.91 val_acc=nan data_t=0.0017s batch_t=0.0316s epoch_t=00:00.60 lr=0.000016 | GPU MB alloc/reserved=69.9/856.0
2026-04-07 12:21:34 | INFO | [Round 17] Epoch 76/80 time=00:00.60 avg=00:00.57 ETA=00:02.28 | GPU MB alloc/reserved=69.9/856.0
2026-04-07 12:21:35 | INFO | [Round 17] epoch=77/80 loss=0.8329 acc=68.59 val_acc=nan data_t=0.0020s batch_t=0.0090s epoch_t=00:00.20 lr=0.000013 | GPU MB alloc/reserved=69.9/856.0
2026-04-07 12:21:35 | INFO | [Round 17] Epoch 77/80 time=00:00.20 avg=00:00.56 ETA=00:01.69 | GPU MB alloc/reserved=69.9/856.0
2026-04-07 12:21:35 | INFO | [Round 17] epoch=78/80 loss=0.8762 acc=67.41 val_acc=nan data_t=0.0021s batch_t=0.0090s epoch_t=00:00.20 lr=0.000012 | GPU MB alloc/reserved=69.9/856.0
2026-04-07 12:21:35 | INFO | [Round 17] Epoch 78/80 time=00:00.20 avg=00:00.56 ETA=00:01.12 | GPU MB alloc/reserved=69.9/856.0
2026-04-07 12:21:35 | INFO | [Round 17] epoch=79/80 loss=0.8554 acc=67.55 val_acc=nan data_t=0.0018s batch_t=0.0096s epoch_t=00:00.21 lr=0.000010 | GPU MB alloc/reserved=69.9/856.0
2026-04-07 12:21:35 | INFO | [Round 17] Epoch 79/80 time=00:00.21 avg=00:00.56 ETA=00:00.56 | GPU MB alloc/reserved=69.9/856.0
2026-04-07 12:21:36 | INFO | [Round 17] epoch=80/80 loss=0.8499 acc=68.09 val_acc=nan data_t=0.0015s batch_t=0.0294s epoch_t=00:00.56 lr=0.000010 | GPU MB alloc/reserved=69.9/856.0
2026-04-07 12:21:36 | INFO | [Round 17] Epoch 80/80 time=00:00.56 avg=00:00.56 ETA=00:00.00 | GPU MB alloc/reserved=69.9/856.0
2026-04-07 12:21:36 | INFO | [Round 17] training complete in 00:44.53 (best monitor=68.864) | GPU MB alloc/reserved=69.9/856.0
2026-04-07 12:21:36 | INFO | [Round 17] evaluation started | GPU MB alloc/reserved=52.0/856.0
2026-04-07 12:21:38 | INFO | [Round 17] clean=58.43 fgsm=49.28 pgd=48.99 grad_disp_mean=nan grad_disp_sel=nan round_t=48.00s | GPU MB alloc/reserved=52.0/856.0
2026-04-07 12:21:38 | INFO | [Round 18/21] elapsed=00:48.00 avg_round=00:33.53 projected_remaining=01:40.59 | GPU MB alloc/reserved=52.0/856.0
2026-04-07 12:21:39 | INFO | [Round 18] acquisition on pool_size=47800 scored_pool=5000 budget=100 | GPU MB alloc/reserved=34.1/856.0
2026-04-07 12:21:39 | INFO | [CoreSet-unlabeled-feat] scoring progress 10/20 elapsed=00:00.21 avg/batch=0.021s ETA=00:00.21 | GPU MB alloc/reserved=40.6/856.0
2026-04-07 12:21:39 | INFO | [CoreSet-unlabeled-feat] scoring progress 20/20 elapsed=00:00.26 avg/batch=0.013s ETA=00:00.00 | GPU MB alloc/reserved=40.6/856.0
2026-04-07 12:21:40 | INFO | [CoreSet-labeled-feat] scoring progress 9/9 elapsed=00:00.23 avg/batch=0.025s ETA=00:00.00 | GPU MB alloc/reserved=42.9/856.0
2026-04-07 12:21:40 | INFO | [CoreSet] greedy 10/100 cover_radius=22.531878 | GPU: n/a
2026-04-07 12:21:40 | INFO | [CoreSet] greedy 20/100 cover_radius=21.593344 | GPU: n/a
2026-04-07 12:21:40 | INFO | [CoreSet] greedy 30/100 cover_radius=21.061735 | GPU: n/a
2026-04-07 12:21:40 | INFO | [CoreSet] greedy 40/100 cover_radius=20.781462 | GPU: n/a
2026-04-07 12:21:40 | INFO | [CoreSet] greedy 50/100 cover_radius=20.612467 | GPU: n/a
2026-04-07 12:21:40 | INFO | [CoreSet] greedy 60/100 cover_radius=20.288267 | GPU: n/a
2026-04-07 12:21:40 | INFO | [CoreSet] greedy 70/100 cover_radius=19.986032 | GPU: n/a
2026-04-07 12:21:40 | INFO | [CoreSet] greedy 80/100 cover_radius=19.756723 | GPU: n/a
2026-04-07 12:21:40 | INFO | [CoreSet] greedy 90/100 cover_radius=19.661839 | GPU: n/a
2026-04-07 12:21:40 | INFO | [CoreSet] greedy 100/100 cover_radius=19.477024 | GPU: n/a
2026-04-07 12:21:40 | INFO | [Round 18] labeled=2300 train=2300 val_fixed=0 | GPU MB alloc/reserved=43.1/856.0
2026-04-07 12:21:41 | INFO | [Round 18] epoch=1/80 loss=4.6858 acc=17.17 val_acc=nan data_t=0.0102s batch_t=0.0359s epoch_t=00:00.83 lr=0.001000 | GPU MB alloc/reserved=69.9/856.0
2026-04-07 12:21:41 | INFO | [Round 18] Epoch 1/80 time=00:00.83 avg=00:00.83 ETA=01:05.46 | GPU MB alloc/reserved=69.9/856.0
2026-04-07 12:21:41 | INFO | [Round 18] epoch=2/80 loss=2.1737 acc=23.26 val_acc=nan data_t=0.0022s batch_t=0.0344s epoch_t=00:00.66 lr=0.000998 | GPU MB alloc/reserved=69.9/856.0
2026-04-07 12:21:41 | INFO | [Round 18] Epoch 2/80 time=00:00.66 avg=00:00.74 ETA=00:57.99 | GPU MB alloc/reserved=69.9/856.0
2026-04-07 12:21:42 | INFO | [Round 18] epoch=3/80 loss=2.0514 acc=26.35 val_acc=nan data_t=0.0017s batch_t=0.0320s epoch_t=00:00.61 lr=0.000997 | GPU MB alloc/reserved=69.9/856.0
2026-04-07 12:21:42 | INFO | [Round 18] Epoch 3/80 time=00:00.61 avg=00:00.70 ETA=00:53.72 | GPU MB alloc/reserved=69.9/856.0
2026-04-07 12:21:42 | INFO | [Round 18] epoch=4/80 loss=1.9822 acc=27.65 val_acc=nan data_t=0.0016s batch_t=0.0178s epoch_t=00:00.35 lr=0.000994 | GPU MB alloc/reserved=69.9/856.0
2026-04-07 12:21:42 | INFO | [Round 18] Epoch 4/80 time=00:00.35 avg=00:00.61 ETA=00:46.40 | GPU MB alloc/reserved=69.9/856.0
2026-04-07 12:21:43 | INFO | [Round 18] epoch=5/80 loss=1.9275 acc=29.30 val_acc=nan data_t=0.0015s batch_t=0.0343s epoch_t=00:00.65 lr=0.000990 | GPU MB alloc/reserved=69.9/856.0
2026-04-07 12:21:43 | INFO | [Round 18] Epoch 5/80 time=00:00.65 avg=00:00.62 ETA=00:46.32 | GPU MB alloc/reserved=69.9/856.0
2026-04-07 12:21:44 | INFO | [Round 18] epoch=6/80 loss=1.8747 acc=32.43 val_acc=nan data_t=0.0018s batch_t=0.0343s epoch_t=00:00.65 lr=0.000986 | GPU MB alloc/reserved=69.9/856.0
2026-04-07 12:21:44 | INFO | [Round 18] Epoch 6/80 time=00:00.65 avg=00:00.62 ETA=00:46.10 | GPU MB alloc/reserved=69.9/856.0
2026-04-07 12:21:44 | INFO | [Round 18] epoch=7/80 loss=1.8058 acc=33.83 val_acc=nan data_t=0.0017s batch_t=0.0343s epoch_t=00:00.65 lr=0.000981 | GPU MB alloc/reserved=69.9/856.0
2026-04-07 12:21:44 | INFO | [Round 18] Epoch 7/80 time=00:00.65 avg=00:00.63 ETA=00:45.73 | GPU MB alloc/reserved=69.9/856.0
2026-04-07 12:21:45 | INFO | [Round 18] epoch=8/80 loss=1.7595 acc=37.30 val_acc=nan data_t=0.0015s batch_t=0.0112s epoch_t=00:00.23 lr=0.000976 | GPU MB alloc/reserved=69.9/856.0
2026-04-07 12:21:45 | INFO | [Round 18] Epoch 8/80 time=00:00.23 avg=00:00.58 ETA=00:41.53 | GPU MB alloc/reserved=69.9/856.0
2026-04-07 12:21:45 | INFO | [Round 18] epoch=9/80 loss=1.7189 acc=36.39 val_acc=nan data_t=0.0019s batch_t=0.0331s epoch_t=00:00.63 lr=0.000969 | GPU MB alloc/reserved=69.9/856.0
2026-04-07 12:21:45 | INFO | [Round 18] Epoch 9/80 time=00:00.63 avg=00:00.58 ETA=00:41.38 | GPU MB alloc/reserved=69.9/856.0
2026-04-07 12:21:46 | INFO | [Round 18] epoch=10/80 loss=1.7117 acc=35.78 val_acc=nan data_t=0.0016s batch_t=0.0343s epoch_t=00:00.65 lr=0.000962 | GPU MB alloc/reserved=69.9/856.0
2026-04-07 12:21:46 | INFO | [Round 18] Epoch 10/80 time=00:00.65 avg=00:00.59 ETA=00:41.24 | GPU MB alloc/reserved=69.9/856.0
2026-04-07 12:21:46 | INFO | [Round 18] epoch=11/80 loss=1.6589 acc=37.91 val_acc=nan data_t=0.0016s batch_t=0.0343s epoch_t=00:00.65 lr=0.000955 | GPU MB alloc/reserved=69.9/856.0
2026-04-07 12:21:46 | INFO | [Round 18] Epoch 11/80 time=00:00.65 avg=00:00.59 ETA=00:41.02 | GPU MB alloc/reserved=69.9/856.0
2026-04-07 12:21:47 | INFO | [Round 18] epoch=12/80 loss=1.6363 acc=38.96 val_acc=nan data_t=0.0016s batch_t=0.0235s epoch_t=00:00.45 lr=0.000946 | GPU MB alloc/reserved=69.9/856.0
2026-04-07 12:21:47 | INFO | [Round 18] Epoch 12/80 time=00:00.45 avg=00:00.58 ETA=00:39.61 | GPU MB alloc/reserved=69.9/856.0
2026-04-07 12:21:47 | INFO | [Round 18] epoch=13/80 loss=1.5783 acc=41.39 val_acc=nan data_t=0.0017s batch_t=0.0189s epoch_t=00:00.37 lr=0.000937 | GPU MB alloc/reserved=69.9/856.0
2026-04-07 12:21:47 | INFO | [Round 18] Epoch 13/80 time=00:00.37 avg=00:00.57 ETA=00:37.94 | GPU MB alloc/reserved=69.9/856.0
2026-04-07 12:21:48 | INFO | [Round 18] epoch=14/80 loss=1.5618 acc=42.87 val_acc=nan data_t=0.0017s batch_t=0.0343s epoch_t=00:00.65 lr=0.000927 | GPU MB alloc/reserved=69.9/856.0
2026-04-07 12:21:48 | INFO | [Round 18] Epoch 14/80 time=00:00.65 avg=00:00.57 ETA=00:37.76 | GPU MB alloc/reserved=69.9/856.0
2026-04-07 12:21:49 | INFO | [Round 18] epoch=15/80 loss=1.5547 acc=44.30 val_acc=nan data_t=0.0015s batch_t=0.0345s epoch_t=00:00.65 lr=0.000917 | GPU MB alloc/reserved=69.9/856.0
2026-04-07 12:21:49 | INFO | [Round 18] Epoch 15/80 time=00:00.65 avg=00:00.58 ETA=00:37.51 | GPU MB alloc/reserved=69.9/856.0
2026-04-07 12:21:49 | INFO | [Round 18] epoch=16/80 loss=1.5367 acc=42.78 val_acc=nan data_t=0.0016s batch_t=0.0343s epoch_t=00:00.65 lr=0.000905 | GPU MB alloc/reserved=69.9/856.0
2026-04-07 12:21:49 | INFO | [Round 18] Epoch 16/80 time=00:00.65 avg=00:00.58 ETA=00:37.21 | GPU MB alloc/reserved=69.9/856.0
2026-04-07 12:21:49 | INFO | [Round 18] epoch=17/80 loss=1.5198 acc=44.65 val_acc=nan data_t=0.0017s batch_t=0.0107s epoch_t=00:00.22 lr=0.000894 | GPU MB alloc/reserved=69.9/856.0
2026-04-07 12:21:49 | INFO | [Round 18] Epoch 17/80 time=00:00.22 avg=00:00.56 ETA=00:35.30 | GPU MB alloc/reserved=69.9/856.0
2026-04-07 12:21:50 | INFO | [Round 18] epoch=18/80 loss=1.4797 acc=43.91 val_acc=nan data_t=0.0018s batch_t=0.0343s epoch_t=00:00.65 lr=0.000881 | GPU MB alloc/reserved=69.9/856.0
2026-04-07 12:21:50 | INFO | [Round 18] Epoch 18/80 time=00:00.65 avg=00:00.57 ETA=00:35.05 | GPU MB alloc/reserved=69.9/856.0
2026-04-07 12:21:51 | INFO | [Round 18] epoch=19/80 loss=1.4908 acc=44.52 val_acc=nan data_t=0.0019s batch_t=0.0345s epoch_t=00:00.65 lr=0.000868 | GPU MB alloc/reserved=69.9/856.0
2026-04-07 12:21:51 | INFO | [Round 18] Epoch 19/80 time=00:00.65 avg=00:00.57 ETA=00:34.77 | GPU MB alloc/reserved=69.9/856.0
2026-04-07 12:21:51 | INFO | [Round 18] epoch=20/80 loss=1.4476 acc=45.39 val_acc=nan data_t=0.0027s batch_t=0.0343s epoch_t=00:00.67 lr=0.000855 | GPU MB alloc/reserved=69.9/856.0
2026-04-07 12:21:51 | INFO | [Round 18] Epoch 20/80 time=00:00.67 avg=00:00.57 ETA=00:34.49 | GPU MB alloc/reserved=69.9/856.0
2026-04-07 12:21:52 | INFO | [Round 18] epoch=21/80 loss=1.4470 acc=46.43 val_acc=nan data_t=0.0027s batch_t=0.0197s epoch_t=00:00.40 lr=0.000841 | GPU MB alloc/reserved=69.9/856.0
2026-04-07 12:21:52 | INFO | [Round 18] Epoch 21/80 time=00:00.40 avg=00:00.57 ETA=00:33.44 | GPU MB alloc/reserved=69.9/856.0
2026-04-07 12:21:52 | INFO | [Round 18] epoch=22/80 loss=1.3951 acc=48.35 val_acc=nan data_t=0.0020s batch_t=0.0280s epoch_t=00:00.54 lr=0.000826 | GPU MB alloc/reserved=69.9/856.0
2026-04-07 12:21:52 | INFO | [Round 18] Epoch 22/80 time=00:00.54 avg=00:00.57 ETA=00:32.80 | GPU MB alloc/reserved=69.9/856.0
2026-04-07 12:21:53 | INFO | [Round 18] epoch=23/80 loss=1.3960 acc=47.52 val_acc=nan data_t=0.0027s batch_t=0.0343s epoch_t=00:00.67 lr=0.000811 | GPU MB alloc/reserved=69.9/856.0
2026-04-07 12:21:53 | INFO | [Round 18] Epoch 23/80 time=00:00.67 avg=00:00.57 ETA=00:32.49 | GPU MB alloc/reserved=69.9/856.0
2026-04-07 12:21:54 | INFO | [Round 18] epoch=24/80 loss=1.3823 acc=48.26 val_acc=nan data_t=0.0016s batch_t=0.0343s epoch_t=00:00.65 lr=0.000796 | GPU MB alloc/reserved=69.9/856.0
2026-04-07 12:21:54 | INFO | [Round 18] Epoch 24/80 time=00:00.65 avg=00:00.57 ETA=00:32.09 | GPU MB alloc/reserved=69.9/856.0
2026-04-07 12:21:54 | INFO | [Round 18] epoch=25/80 loss=1.3454 acc=51.61 val_acc=nan data_t=0.0016s batch_t=0.0274s epoch_t=00:00.52 lr=0.000780 | GPU MB alloc/reserved=69.9/856.0
2026-04-07 12:21:54 | INFO | [Round 18] Epoch 25/80 time=00:00.52 avg=00:00.57 ETA=00:31.41 | GPU MB alloc/reserved=69.9/856.0
2026-04-07 12:21:55 | INFO | [Round 18] epoch=26/80 loss=1.3226 acc=50.61 val_acc=nan data_t=0.0017s batch_t=0.0200s epoch_t=00:00.39 lr=0.000764 | GPU MB alloc/reserved=69.9/856.0
2026-04-07 12:21:55 | INFO | [Round 18] Epoch 26/80 time=00:00.39 avg=00:00.56 ETA=00:30.46 | GPU MB alloc/reserved=69.9/856.0
2026-04-07 12:21:55 | INFO | [Round 18] epoch=27/80 loss=1.3187 acc=50.43 val_acc=nan data_t=0.0017s batch_t=0.0344s epoch_t=00:00.65 lr=0.000747 | GPU MB alloc/reserved=69.9/856.0
2026-04-07 12:21:55 | INFO | [Round 18] Epoch 27/80 time=00:00.65 avg=00:00.57 ETA=00:30.07 | GPU MB alloc/reserved=69.9/856.0
2026-04-07 12:21:56 | INFO | [Round 18] epoch=28/80 loss=1.3219 acc=51.48 val_acc=nan data_t=0.0016s batch_t=0.0343s epoch_t=00:00.65 lr=0.000730 | GPU MB alloc/reserved=69.9/856.0
2026-04-07 12:21:56 | INFO | [Round 18] Epoch 28/80 time=00:00.65 avg=00:00.57 ETA=00:29.65 | GPU MB alloc/reserved=69.9/856.0
2026-04-07 12:21:57 | INFO | [Round 18] epoch=29/80 loss=1.3372 acc=49.87 val_acc=nan data_t=0.0015s batch_t=0.0343s epoch_t=00:00.65 lr=0.000712 | GPU MB alloc/reserved=69.9/856.0
2026-04-07 12:21:57 | INFO | [Round 18] Epoch 29/80 time=00:00.65 avg=00:00.57 ETA=00:29.21 | GPU MB alloc/reserved=69.9/856.0
2026-04-07 12:21:57 | INFO | [Round 18] epoch=30/80 loss=1.2757 acc=51.48 val_acc=nan data_t=0.0015s batch_t=0.0139s epoch_t=00:00.28 lr=0.000694 | GPU MB alloc/reserved=69.9/856.0
2026-04-07 12:21:57 | INFO | [Round 18] Epoch 30/80 time=00:00.28 avg=00:00.56 ETA=00:28.15 | GPU MB alloc/reserved=69.9/856.0
2026-04-07 12:21:57 | INFO | [Round 18] epoch=31/80 loss=1.2508 acc=53.57 val_acc=nan data_t=0.0015s batch_t=0.0343s epoch_t=00:00.64 lr=0.000676 | GPU MB alloc/reserved=69.9/856.0
2026-04-07 12:21:57 | INFO | [Round 18] Epoch 31/80 time=00:00.64 avg=00:00.57 ETA=00:27.71 | GPU MB alloc/reserved=69.9/856.0
2026-04-07 12:21:58 | INFO | [Round 18] epoch=32/80 loss=1.2456 acc=53.09 val_acc=nan data_t=0.0016s batch_t=0.0343s epoch_t=00:00.65 lr=0.000658 | GPU MB alloc/reserved=69.9/856.0
2026-04-07 12:21:58 | INFO | [Round 18] Epoch 32/80 time=00:00.65 avg=00:00.57 ETA=00:27.27 | GPU MB alloc/reserved=69.9/856.0
2026-04-07 12:21:59 | INFO | [Round 18] epoch=33/80 loss=1.2387 acc=52.83 val_acc=nan data_t=0.0016s batch_t=0.0343s epoch_t=00:00.65 lr=0.000639 | GPU MB alloc/reserved=69.9/856.0
2026-04-07 12:21:59 | INFO | [Round 18] Epoch 33/80 time=00:00.65 avg=00:00.57 ETA=00:26.81 | GPU MB alloc/reserved=69.9/856.0
2026-04-07 12:21:59 | INFO | [Round 18] epoch=34/80 loss=1.2232 acc=53.04 val_acc=nan data_t=0.0016s batch_t=0.0199s epoch_t=00:00.39 lr=0.000621 | GPU MB alloc/reserved=69.9/856.0
2026-04-07 12:21:59 | INFO | [Round 18] Epoch 34/80 time=00:00.39 avg=00:00.57 ETA=00:25.99 | GPU MB alloc/reserved=69.9/856.0
2026-04-07 12:22:00 | INFO | [Round 18] epoch=35/80 loss=1.2150 acc=54.91 val_acc=nan data_t=0.0018s batch_t=0.0293s epoch_t=00:00.56 lr=0.000602 | GPU MB alloc/reserved=69.9/856.0
2026-04-07 12:22:00 | INFO | [Round 18] Epoch 35/80 time=00:00.56 avg=00:00.56 ETA=00:25.42 | GPU MB alloc/reserved=69.9/856.0
2026-04-07 12:22:00 | INFO | [Round 18] epoch=36/80 loss=1.2142 acc=54.17 val_acc=nan data_t=0.0019s batch_t=0.0343s epoch_t=00:00.65 lr=0.000582 | GPU MB alloc/reserved=69.9/856.0
2026-04-07 12:22:00 | INFO | [Round 18] Epoch 36/80 time=00:00.65 avg=00:00.57 ETA=00:24.96 | GPU MB alloc/reserved=69.9/856.0
2026-04-07 12:22:01 | INFO | [Round 18] epoch=37/80 loss=1.2054 acc=54.74 val_acc=nan data_t=0.0026s batch_t=0.0343s epoch_t=00:00.67 lr=0.000563 | GPU MB alloc/reserved=69.9/856.0
2026-04-07 12:22:01 | INFO | [Round 18] Epoch 37/80 time=00:00.67 avg=00:00.57 ETA=00:24.51 | GPU MB alloc/reserved=69.9/856.0
2026-04-07 12:22:02 | INFO | [Round 18] epoch=38/80 loss=1.1682 acc=55.74 val_acc=nan data_t=0.0026s batch_t=0.0257s epoch_t=00:00.51 lr=0.000544 | GPU MB alloc/reserved=69.9/856.0
2026-04-07 12:22:02 | INFO | [Round 18] Epoch 38/80 time=00:00.51 avg=00:00.57 ETA=00:23.87 | GPU MB alloc/reserved=69.9/856.0
2026-04-07 12:22:02 | INFO | [Round 18] epoch=39/80 loss=1.1503 acc=56.65 val_acc=nan data_t=0.0024s batch_t=0.0237s epoch_t=00:00.47 lr=0.000524 | GPU MB alloc/reserved=69.9/856.0
2026-04-07 12:22:02 | INFO | [Round 18] Epoch 39/80 time=00:00.47 avg=00:00.57 ETA=00:23.20 | GPU MB alloc/reserved=69.9/856.0
2026-04-07 12:22:03 | INFO | [Round 18] epoch=40/80 loss=1.1366 acc=56.91 val_acc=nan data_t=0.0016s batch_t=0.0343s epoch_t=00:00.65 lr=0.000505 | GPU MB alloc/reserved=69.9/856.0
2026-04-07 12:22:03 | INFO | [Round 18] Epoch 40/80 time=00:00.65 avg=00:00.57 ETA=00:22.71 | GPU MB alloc/reserved=69.9/856.0
2026-04-07 12:22:03 | INFO | [Round 18] epoch=41/80 loss=1.1186 acc=58.35 val_acc=nan data_t=0.0015s batch_t=0.0343s epoch_t=00:00.64 lr=0.000486 | GPU MB alloc/reserved=69.9/856.0
2026-04-07 12:22:03 | INFO | [Round 18] Epoch 41/80 time=00:00.64 avg=00:00.57 ETA=00:22.22 | GPU MB alloc/reserved=69.9/856.0
2026-04-07 12:22:04 | INFO | [Round 18] epoch=42/80 loss=1.1026 acc=59.17 val_acc=nan data_t=0.0015s batch_t=0.0330s epoch_t=00:00.62 lr=0.000466 | GPU MB alloc/reserved=69.9/856.0
2026-04-07 12:22:04 | INFO | [Round 18] Epoch 42/80 time=00:00.62 avg=00:00.57 ETA=00:21.70 | GPU MB alloc/reserved=69.9/856.0
2026-04-07 12:22:04 | INFO | [Round 18] epoch=43/80 loss=1.0787 acc=60.39 val_acc=nan data_t=0.0018s batch_t=0.0218s epoch_t=00:00.42 lr=0.000447 | GPU MB alloc/reserved=69.9/856.0
2026-04-07 12:22:04 | INFO | [Round 18] Epoch 43/80 time=00:00.42 avg=00:00.57 ETA=00:21.00 | GPU MB alloc/reserved=69.9/856.0
2026-04-07 12:22:05 | INFO | [Round 18] epoch=44/80 loss=1.0837 acc=59.70 val_acc=nan data_t=0.0015s batch_t=0.0344s epoch_t=00:00.65 lr=0.000428 | GPU MB alloc/reserved=69.9/856.0
2026-04-07 12:22:05 | INFO | [Round 18] Epoch 44/80 time=00:00.65 avg=00:00.57 ETA=00:20.49 | GPU MB alloc/reserved=69.9/856.0
2026-04-07 12:22:06 | INFO | [Round 18] epoch=45/80 loss=1.0522 acc=60.70 val_acc=nan data_t=0.0020s batch_t=0.0344s epoch_t=00:00.65 lr=0.000408 | GPU MB alloc/reserved=69.9/856.0
2026-04-07 12:22:06 | INFO | [Round 18] Epoch 45/80 time=00:00.65 avg=00:00.57 ETA=00:19.99 | GPU MB alloc/reserved=69.9/856.0
2026-04-07 12:22:06 | INFO | [Round 18] epoch=46/80 loss=1.0359 acc=61.22 val_acc=nan data_t=0.0025s batch_t=0.0343s epoch_t=00:00.66 lr=0.000389 | GPU MB alloc/reserved=69.9/856.0
2026-04-07 12:22:06 | INFO | [Round 18] Epoch 46/80 time=00:00.66 avg=00:00.57 ETA=00:19.49 | GPU MB alloc/reserved=69.9/856.0
2026-04-07 12:22:06 | INFO | [Round 18] epoch=47/80 loss=1.0196 acc=61.96 val_acc=nan data_t=0.0014s batch_t=0.0087s epoch_t=00:00.18 lr=0.000371 | GPU MB alloc/reserved=69.9/856.0
2026-04-07 12:22:06 | INFO | [Round 18] Epoch 47/80 time=00:00.18 avg=00:00.56 ETA=00:18.64 | GPU MB alloc/reserved=69.9/856.0
2026-04-07 12:22:07 | INFO | [Round 18] epoch=48/80 loss=1.0076 acc=63.09 val_acc=nan data_t=0.0018s batch_t=0.0332s epoch_t=00:00.63 lr=0.000352 | GPU MB alloc/reserved=69.9/856.0
2026-04-07 12:22:07 | INFO | [Round 18] Epoch 48/80 time=00:00.63 avg=00:00.57 ETA=00:18.12 | GPU MB alloc/reserved=69.9/856.0
2026-04-07 12:22:08 | INFO | [Round 18] epoch=49/80 loss=0.9754 acc=63.35 val_acc=nan data_t=0.0017s batch_t=0.0342s epoch_t=00:00.65 lr=0.000334 | GPU MB alloc/reserved=69.9/856.0
2026-04-07 12:22:08 | INFO | [Round 18] Epoch 49/80 time=00:00.65 avg=00:00.57 ETA=00:17.60 | GPU MB alloc/reserved=69.9/856.0
2026-04-07 12:22:08 | INFO | [Round 18] epoch=50/80 loss=0.9850 acc=62.83 val_acc=nan data_t=0.0017s batch_t=0.0344s epoch_t=00:00.65 lr=0.000316 | GPU MB alloc/reserved=69.9/856.0
2026-04-07 12:22:08 | INFO | [Round 18] Epoch 50/80 time=00:00.65 avg=00:00.57 ETA=00:17.09 | GPU MB alloc/reserved=69.9/856.0
2026-04-07 12:22:09 | INFO | [Round 18] epoch=51/80 loss=0.9834 acc=62.17 val_acc=nan data_t=0.0016s batch_t=0.0231s epoch_t=00:00.44 lr=0.000298 | GPU MB alloc/reserved=69.9/856.0
2026-04-07 12:22:09 | INFO | [Round 18] Epoch 51/80 time=00:00.44 avg=00:00.57 ETA=00:16.44 | GPU MB alloc/reserved=69.9/856.0
2026-04-07 12:22:09 | INFO | [Round 18] epoch=52/80 loss=0.9503 acc=63.13 val_acc=nan data_t=0.0016s batch_t=0.0223s epoch_t=00:00.43 lr=0.000280 | GPU MB alloc/reserved=69.9/856.0
2026-04-07 12:22:09 | INFO | [Round 18] Epoch 52/80 time=00:00.43 avg=00:00.56 ETA=00:15.80 | GPU MB alloc/reserved=69.9/856.0
2026-04-07 12:22:10 | INFO | [Round 18] epoch=53/80 loss=0.9494 acc=64.43 val_acc=nan data_t=0.0015s batch_t=0.0344s epoch_t=00:00.65 lr=0.000263 | GPU MB alloc/reserved=69.9/856.0
2026-04-07 12:22:10 | INFO | [Round 18] Epoch 53/80 time=00:00.65 avg=00:00.57 ETA=00:15.28 | GPU MB alloc/reserved=69.9/856.0
2026-04-07 12:22:11 | INFO | [Round 18] epoch=54/80 loss=0.9477 acc=64.74 val_acc=nan data_t=0.0016s batch_t=0.0344s epoch_t=00:00.65 lr=0.000246 | GPU MB alloc/reserved=69.9/856.0
2026-04-07 12:22:11 | INFO | [Round 18] Epoch 54/80 time=00:00.65 avg=00:00.57 ETA=00:14.76 | GPU MB alloc/reserved=69.9/856.0
2026-04-07 12:22:11 | INFO | [Round 18] epoch=55/80 loss=0.9219 acc=66.48 val_acc=nan data_t=0.0021s batch_t=0.0338s epoch_t=00:00.65 lr=0.000230 | GPU MB alloc/reserved=69.9/856.0
2026-04-07 12:22:11 | INFO | [Round 18] Epoch 55/80 time=00:00.65 avg=00:00.57 ETA=00:14.22 | GPU MB alloc/reserved=69.9/856.0
2026-04-07 12:22:12 | INFO | [Round 18] epoch=56/80 loss=0.9312 acc=64.96 val_acc=nan data_t=0.0019s batch_t=0.0142s epoch_t=00:00.29 lr=0.000214 | GPU MB alloc/reserved=69.9/856.0
2026-04-07 12:22:12 | INFO | [Round 18] Epoch 56/80 time=00:00.29 avg=00:00.56 ETA=00:13.53 | GPU MB alloc/reserved=69.9/856.0
2026-04-07 12:22:12 | INFO | [Round 18] epoch=57/80 loss=0.9063 acc=66.30 val_acc=nan data_t=0.0022s batch_t=0.0344s epoch_t=00:00.66 lr=0.000199 | GPU MB alloc/reserved=69.9/856.0
2026-04-07 12:22:12 | INFO | [Round 18] Epoch 57/80 time=00:00.66 avg=00:00.57 ETA=00:13.01 | GPU MB alloc/reserved=69.9/856.0
2026-04-07 12:22:13 | INFO | [Round 18] epoch=58/80 loss=0.9131 acc=65.65 val_acc=nan data_t=0.0015s batch_t=0.0344s epoch_t=00:00.65 lr=0.000184 | GPU MB alloc/reserved=69.9/856.0
2026-04-07 12:22:13 | INFO | [Round 18] Epoch 58/80 time=00:00.65 avg=00:00.57 ETA=00:12.47 | GPU MB alloc/reserved=69.9/856.0
2026-04-07 12:22:13 | INFO | [Round 18] epoch=59/80 loss=0.8835 acc=67.65 val_acc=nan data_t=0.0016s batch_t=0.0343s epoch_t=00:00.65 lr=0.000169 | GPU MB alloc/reserved=69.9/856.0
2026-04-07 12:22:13 | INFO | [Round 18] Epoch 59/80 time=00:00.65 avg=00:00.57 ETA=00:11.94 | GPU MB alloc/reserved=69.9/856.0
2026-04-07 12:22:14 | INFO | [Round 18] epoch=60/80 loss=0.8941 acc=66.43 val_acc=nan data_t=0.0017s batch_t=0.0185s epoch_t=00:00.36 lr=0.000155 | GPU MB alloc/reserved=69.9/856.0
2026-04-07 12:22:14 | INFO | [Round 18] Epoch 60/80 time=00:00.36 avg=00:00.56 ETA=00:11.30 | GPU MB alloc/reserved=69.9/856.0
2026-04-07 12:22:15 | INFO | [Round 18] epoch=61/80 loss=0.8525 acc=68.52 val_acc=nan data_t=0.0016s batch_t=0.0343s epoch_t=00:00.65 lr=0.000142 | GPU MB alloc/reserved=69.9/856.0
2026-04-07 12:22:15 | INFO | [Round 18] Epoch 61/80 time=00:00.65 avg=00:00.57 ETA=00:10.76 | GPU MB alloc/reserved=69.9/856.0
2026-04-07 12:22:15 | INFO | [Round 18] epoch=62/80 loss=0.8573 acc=67.65 val_acc=nan data_t=0.0017s batch_t=0.0343s epoch_t=00:00.65 lr=0.000129 | GPU MB alloc/reserved=69.9/856.0
2026-04-07 12:22:15 | INFO | [Round 18] Epoch 62/80 time=00:00.65 avg=00:00.57 ETA=00:10.22 | GPU MB alloc/reserved=69.9/856.0
2026-04-07 12:22:16 | INFO | [Round 18] epoch=63/80 loss=0.8465 acc=67.61 val_acc=nan data_t=0.0017s batch_t=0.0343s epoch_t=00:00.65 lr=0.000116 | GPU MB alloc/reserved=69.9/856.0
2026-04-07 12:22:16 | INFO | [Round 18] Epoch 63/80 time=00:00.65 avg=00:00.57 ETA=00:09.67 | GPU MB alloc/reserved=69.9/856.0
2026-04-07 12:22:16 | INFO | [Round 18] epoch=64/80 loss=0.8604 acc=67.57 val_acc=nan data_t=0.0020s batch_t=0.0209s epoch_t=00:00.41 lr=0.000105 | GPU MB alloc/reserved=69.9/856.0
2026-04-07 12:22:16 | INFO | [Round 18] Epoch 64/80 time=00:00.41 avg=00:00.57 ETA=00:09.06 | GPU MB alloc/reserved=69.9/856.0
2026-04-07 12:22:17 | INFO | [Round 18] epoch=65/80 loss=0.8308 acc=68.17 val_acc=nan data_t=0.0016s batch_t=0.0300s epoch_t=00:00.57 lr=0.000093 | GPU MB alloc/reserved=69.9/856.0
2026-04-07 12:22:17 | INFO | [Round 18] Epoch 65/80 time=00:00.57 avg=00:00.57 ETA=00:08.50 | GPU MB alloc/reserved=69.9/856.0
2026-04-07 12:22:17 | INFO | [Round 18] epoch=66/80 loss=0.8230 acc=68.22 val_acc=nan data_t=0.0021s batch_t=0.0344s epoch_t=00:00.66 lr=0.000083 | GPU MB alloc/reserved=69.9/856.0
2026-04-07 12:22:17 | INFO | [Round 18] Epoch 66/80 time=00:00.66 avg=00:00.57 ETA=00:07.95 | GPU MB alloc/reserved=69.9/856.0
2026-04-07 12:22:18 | INFO | [Round 18] epoch=67/80 loss=0.8534 acc=66.96 val_acc=nan data_t=0.0015s batch_t=0.0343s epoch_t=00:00.64 lr=0.000073 | GPU MB alloc/reserved=69.9/856.0
2026-04-07 12:22:18 | INFO | [Round 18] Epoch 67/80 time=00:00.64 avg=00:00.57 ETA=00:07.40 | GPU MB alloc/reserved=69.9/856.0
2026-04-07 12:22:19 | INFO | [Round 18] epoch=68/80 loss=0.8171 acc=69.57 val_acc=nan data_t=0.0016s batch_t=0.0268s epoch_t=00:00.51 lr=0.000064 | GPU MB alloc/reserved=69.9/856.0
2026-04-07 12:22:19 | INFO | [Round 18] Epoch 68/80 time=00:00.51 avg=00:00.57 ETA=00:06.82 | GPU MB alloc/reserved=69.9/856.0
2026-04-07 12:22:19 | INFO | [Round 18] epoch=69/80 loss=0.8171 acc=69.96 val_acc=nan data_t=0.0027s batch_t=0.0186s epoch_t=00:00.38 lr=0.000055 | GPU MB alloc/reserved=69.9/856.0
2026-04-07 12:22:19 | INFO | [Round 18] Epoch 69/80 time=00:00.38 avg=00:00.57 ETA=00:06.22 | GPU MB alloc/reserved=69.9/856.0
2026-04-07 12:22:20 | INFO | [Round 18] epoch=70/80 loss=0.8262 acc=70.09 val_acc=nan data_t=0.0017s batch_t=0.0343s epoch_t=00:00.65 lr=0.000048 | GPU MB alloc/reserved=69.9/856.0
2026-04-07 12:22:20 | INFO | [Round 18] Epoch 70/80 time=00:00.65 avg=00:00.57 ETA=00:05.67 | GPU MB alloc/reserved=69.9/856.0
2026-04-07 12:22:20 | INFO | [Round 18] epoch=71/80 loss=0.8191 acc=70.09 val_acc=nan data_t=0.0015s batch_t=0.0343s epoch_t=00:00.65 lr=0.000041 | GPU MB alloc/reserved=69.9/856.0
2026-04-07 12:22:20 | INFO | [Round 18] Epoch 71/80 time=00:00.65 avg=00:00.57 ETA=00:05.11 | GPU MB alloc/reserved=69.9/856.0
2026-04-07 12:22:21 | INFO | [Round 18] epoch=72/80 loss=0.8244 acc=69.26 val_acc=nan data_t=0.0023s batch_t=0.0343s epoch_t=00:00.66 lr=0.000034 | GPU MB alloc/reserved=69.9/856.0
2026-04-07 12:22:21 | INFO | [Round 18] Epoch 72/80 time=00:00.66 avg=00:00.57 ETA=00:04.55 | GPU MB alloc/reserved=69.9/856.0
2026-04-07 12:22:21 | INFO | [Round 18] epoch=73/80 loss=0.7992 acc=70.65 val_acc=nan data_t=0.0027s batch_t=0.0094s epoch_t=00:00.22 lr=0.000029 | GPU MB alloc/reserved=69.9/856.0
2026-04-07 12:22:21 | INFO | [Round 18] Epoch 73/80 time=00:00.22 avg=00:00.56 ETA=00:03.95 | GPU MB alloc/reserved=69.9/856.0
2026-04-07 12:22:22 | INFO | [Round 18] epoch=74/80 loss=0.7830 acc=70.48 val_acc=nan data_t=0.0016s batch_t=0.0343s epoch_t=00:00.65 lr=0.000024 | GPU MB alloc/reserved=69.9/856.0
2026-04-07 12:22:22 | INFO | [Round 18] Epoch 74/80 time=00:00.65 avg=00:00.57 ETA=00:03.39 | GPU MB alloc/reserved=69.9/856.0
2026-04-07 12:22:22 | INFO | [Round 18] epoch=75/80 loss=0.8119 acc=68.52 val_acc=nan data_t=0.0024s batch_t=0.0343s epoch_t=00:00.66 lr=0.000020 | GPU MB alloc/reserved=69.9/856.0
2026-04-07 12:22:22 | INFO | [Round 18] Epoch 75/80 time=00:00.66 avg=00:00.57 ETA=00:02.83 | GPU MB alloc/reserved=69.9/856.0
2026-04-07 12:22:23 | INFO | [Round 18] epoch=76/80 loss=0.7921 acc=71.35 val_acc=nan data_t=0.0016s batch_t=0.0343s epoch_t=00:00.65 lr=0.000016 | GPU MB alloc/reserved=69.9/856.0
2026-04-07 12:22:23 | INFO | [Round 18] Epoch 76/80 time=00:00.65 avg=00:00.57 ETA=00:02.27 | GPU MB alloc/reserved=69.9/856.0
2026-04-07 12:22:24 | INFO | [Round 18] epoch=77/80 loss=0.8267 acc=70.61 val_acc=nan data_t=0.0017s batch_t=0.0199s epoch_t=00:00.39 lr=0.000013 | GPU MB alloc/reserved=69.9/856.0
2026-04-07 12:22:24 | INFO | [Round 18] Epoch 77/80 time=00:00.39 avg=00:00.57 ETA=00:01.70 | GPU MB alloc/reserved=69.9/856.0
2026-04-07 12:22:24 | INFO | [Round 18] epoch=78/80 loss=0.8185 acc=69.26 val_acc=nan data_t=0.0017s batch_t=0.0282s epoch_t=00:00.54 lr=0.000012 | GPU MB alloc/reserved=69.9/856.0
2026-04-07 12:22:24 | INFO | [Round 18] Epoch 78/80 time=00:00.54 avg=00:00.57 ETA=00:01.13 | GPU MB alloc/reserved=69.9/856.0
2026-04-07 12:22:25 | INFO | [Round 18] epoch=79/80 loss=0.8120 acc=69.43 val_acc=nan data_t=0.0018s batch_t=0.0343s epoch_t=00:00.65 lr=0.000010 | GPU MB alloc/reserved=69.9/856.0
2026-04-07 12:22:25 | INFO | [Round 18] Epoch 79/80 time=00:00.65 avg=00:00.57 ETA=00:00.57 | GPU MB alloc/reserved=69.9/856.0
2026-04-07 12:22:25 | INFO | [Round 18] epoch=80/80 loss=0.8103 acc=71.43 val_acc=nan data_t=0.0022s batch_t=0.0343s epoch_t=00:00.66 lr=0.000010 | GPU MB alloc/reserved=69.9/856.0
2026-04-07 12:22:25 | INFO | [Round 18] Epoch 80/80 time=00:00.66 avg=00:00.57 ETA=00:00.00 | GPU MB alloc/reserved=69.9/856.0
2026-04-07 12:22:25 | INFO | [Round 18] training complete in 00:45.50 (best monitor=71.435) | GPU MB alloc/reserved=69.9/856.0
2026-04-07 12:22:25 | INFO | [Round 18] evaluation started | GPU MB alloc/reserved=52.0/856.0
2026-04-07 12:22:28 | INFO | [Round 18] clean=60.89 fgsm=50.68 pgd=50.44 grad_disp_mean=nan grad_disp_sel=nan round_t=48.91s | GPU MB alloc/reserved=52.0/856.0
2026-04-07 12:22:28 | INFO | [Round 19/21] elapsed=00:48.91 avg_round=00:34.34 projected_remaining=01:08.68 | GPU MB alloc/reserved=52.0/856.0
2026-04-07 12:22:29 | INFO | [Round 19] acquisition on pool_size=47700 scored_pool=5000 budget=100 | GPU MB alloc/reserved=34.1/856.0
2026-04-07 12:22:29 | INFO | [CoreSet-unlabeled-feat] scoring progress 10/20 elapsed=00:00.23 avg/batch=0.023s ETA=00:00.23 | GPU MB alloc/reserved=40.6/856.0
2026-04-07 12:22:29 | INFO | [CoreSet-unlabeled-feat] scoring progress 20/20 elapsed=00:00.24 avg/batch=0.012s ETA=00:00.00 | GPU MB alloc/reserved=40.6/856.0
2026-04-07 12:22:29 | INFO | [CoreSet-labeled-feat] scoring progress 9/9 elapsed=00:00.22 avg/batch=0.024s ETA=00:00.00 | GPU MB alloc/reserved=44.3/856.0
2026-04-07 12:22:29 | INFO | [CoreSet] greedy 10/100 cover_radius=23.787922 | GPU: n/a
2026-04-07 12:22:30 | INFO | [CoreSet] greedy 20/100 cover_radius=22.677570 | GPU: n/a
2026-04-07 12:22:30 | INFO | [CoreSet] greedy 30/100 cover_radius=22.181953 | GPU: n/a
2026-04-07 12:22:30 | INFO | [CoreSet] greedy 40/100 cover_radius=20.975153 | GPU: n/a
2026-04-07 12:22:30 | INFO | [CoreSet] greedy 50/100 cover_radius=20.555565 | GPU: n/a
2026-04-07 12:22:30 | INFO | [CoreSet] greedy 60/100 cover_radius=20.293839 | GPU: n/a
2026-04-07 12:22:30 | INFO | [CoreSet] greedy 70/100 cover_radius=20.009556 | GPU: n/a
2026-04-07 12:22:30 | INFO | [CoreSet] greedy 80/100 cover_radius=19.838907 | GPU: n/a
2026-04-07 12:22:30 | INFO | [CoreSet] greedy 90/100 cover_radius=19.733255 | GPU: n/a
2026-04-07 12:22:30 | INFO | [CoreSet] greedy 100/100 cover_radius=19.625137 | GPU: n/a
2026-04-07 12:22:31 | INFO | [Round 19] labeled=2400 train=2400 val_fixed=0 | GPU MB alloc/reserved=43.1/856.0
2026-04-07 12:22:31 | INFO | [Round 19] epoch=1/80 loss=4.0495 acc=18.04 val_acc=nan data_t=0.0094s batch_t=0.0353s epoch_t=00:00.85 lr=0.001000 | GPU MB alloc/reserved=69.9/856.0
2026-04-07 12:22:31 | INFO | [Round 19] Epoch 1/80 time=00:00.85 avg=00:00.85 ETA=01:07.18 | GPU MB alloc/reserved=69.9/856.0
2026-04-07 12:22:32 | INFO | [Round 19] epoch=2/80 loss=2.1163 acc=23.42 val_acc=nan data_t=0.0020s batch_t=0.0343s epoch_t=00:00.69 lr=0.000998 | GPU MB alloc/reserved=69.9/856.0
2026-04-07 12:22:32 | INFO | [Round 19] Epoch 2/80 time=00:00.69 avg=00:00.77 ETA=01:00.02 | GPU MB alloc/reserved=69.9/856.0
2026-04-07 12:22:33 | INFO | [Round 19] epoch=3/80 loss=2.0351 acc=26.17 val_acc=nan data_t=0.0015s batch_t=0.0333s epoch_t=00:00.66 lr=0.000997 | GPU MB alloc/reserved=69.9/856.0
2026-04-07 12:22:33 | INFO | [Round 19] Epoch 3/80 time=00:00.66 avg=00:00.73 ETA=00:56.46 | GPU MB alloc/reserved=69.9/856.0
2026-04-07 12:22:33 | INFO | [Round 19] epoch=4/80 loss=1.9590 acc=28.33 val_acc=nan data_t=0.0015s batch_t=0.0132s epoch_t=00:00.28 lr=0.000994 | GPU MB alloc/reserved=69.9/856.0
2026-04-07 12:22:33 | INFO | [Round 19] Epoch 4/80 time=00:00.28 avg=00:00.62 ETA=00:47.11 | GPU MB alloc/reserved=69.9/856.0
2026-04-07 12:22:34 | INFO | [Round 19] epoch=5/80 loss=1.9044 acc=31.54 val_acc=nan data_t=0.0016s batch_t=0.0342s epoch_t=00:00.68 lr=0.000990 | GPU MB alloc/reserved=69.9/856.0
2026-04-07 12:22:34 | INFO | [Round 19] Epoch 5/80 time=00:00.68 avg=00:00.63 ETA=00:47.40 | GPU MB alloc/reserved=69.9/856.0
2026-04-07 12:22:34 | INFO | [Round 19] epoch=6/80 loss=1.8555 acc=32.38 val_acc=nan data_t=0.0015s batch_t=0.0343s epoch_t=00:00.68 lr=0.000986 | GPU MB alloc/reserved=69.9/856.0
2026-04-07 12:22:34 | INFO | [Round 19] Epoch 6/80 time=00:00.68 avg=00:00.64 ETA=00:47.36 | GPU MB alloc/reserved=69.9/856.0
2026-04-07 12:22:35 | INFO | [Round 19] epoch=7/80 loss=1.7904 acc=35.29 val_acc=nan data_t=0.0015s batch_t=0.0342s epoch_t=00:00.68 lr=0.000981 | GPU MB alloc/reserved=69.9/856.0
2026-04-07 12:22:35 | INFO | [Round 19] Epoch 7/80 time=00:00.68 avg=00:00.65 ETA=00:47.12 | GPU MB alloc/reserved=69.9/856.0
2026-04-07 12:22:35 | INFO | [Round 19] epoch=8/80 loss=1.7312 acc=36.75 val_acc=nan data_t=0.0018s batch_t=0.0103s epoch_t=00:00.23 lr=0.000976 | GPU MB alloc/reserved=69.9/856.0
2026-04-07 12:22:35 | INFO | [Round 19] Epoch 8/80 time=00:00.23 avg=00:00.59 ETA=00:42.73 | GPU MB alloc/reserved=69.9/856.0
2026-04-07 12:22:36 | INFO | [Round 19] epoch=9/80 loss=1.6892 acc=37.96 val_acc=nan data_t=0.0018s batch_t=0.0342s epoch_t=00:00.68 lr=0.000969 | GPU MB alloc/reserved=69.9/856.0
2026-04-07 12:22:36 | INFO | [Round 19] Epoch 9/80 time=00:00.68 avg=00:00.60 ETA=00:42.85 | GPU MB alloc/reserved=69.9/856.0
2026-04-07 12:22:37 | INFO | [Round 19] epoch=10/80 loss=1.6650 acc=38.83 val_acc=nan data_t=0.0018s batch_t=0.0343s epoch_t=00:00.68 lr=0.000962 | GPU MB alloc/reserved=69.9/856.0
2026-04-07 12:22:37 | INFO | [Round 19] Epoch 10/80 time=00:00.68 avg=00:00.61 ETA=00:42.82 | GPU MB alloc/reserved=69.9/856.0
2026-04-07 12:22:37 | INFO | [Round 19] epoch=11/80 loss=1.6212 acc=39.67 val_acc=nan data_t=0.0014s batch_t=0.0342s epoch_t=00:00.68 lr=0.000955 | GPU MB alloc/reserved=69.9/856.0
2026-04-07 12:22:37 | INFO | [Round 19] Epoch 11/80 time=00:00.68 avg=00:00.62 ETA=00:42.62 | GPU MB alloc/reserved=69.9/856.0
2026-04-07 12:22:38 | INFO | [Round 19] epoch=12/80 loss=1.5767 acc=41.42 val_acc=nan data_t=0.0018s batch_t=0.0162s epoch_t=00:00.34 lr=0.000946 | GPU MB alloc/reserved=69.9/856.0
2026-04-07 12:22:38 | INFO | [Round 19] Epoch 12/80 time=00:00.34 avg=00:00.59 ETA=00:40.44 | GPU MB alloc/reserved=69.9/856.0
2026-04-07 12:22:38 | INFO | [Round 19] epoch=13/80 loss=1.5724 acc=42.83 val_acc=nan data_t=0.0026s batch_t=0.0322s epoch_t=00:00.66 lr=0.000937 | GPU MB alloc/reserved=69.9/856.0
2026-04-07 12:22:38 | INFO | [Round 19] Epoch 13/80 time=00:00.66 avg=00:00.60 ETA=00:40.20 | GPU MB alloc/reserved=69.9/856.0
2026-04-07 12:22:39 | INFO | [Round 19] epoch=14/80 loss=1.5393 acc=43.46 val_acc=nan data_t=0.0018s batch_t=0.0342s epoch_t=00:00.69 lr=0.000927 | GPU MB alloc/reserved=69.9/856.0
2026-04-07 12:22:39 | INFO | [Round 19] Epoch 14/80 time=00:00.69 avg=00:00.61 ETA=00:40.00 | GPU MB alloc/reserved=69.9/856.0
2026-04-07 12:22:40 | INFO | [Round 19] epoch=15/80 loss=1.5085 acc=44.33 val_acc=nan data_t=0.0018s batch_t=0.0342s epoch_t=00:00.69 lr=0.000917 | GPU MB alloc/reserved=69.9/856.0
2026-04-07 12:22:40 | INFO | [Round 19] Epoch 15/80 time=00:00.69 avg=00:00.61 ETA=00:39.74 | GPU MB alloc/reserved=69.9/856.0
2026-04-07 12:22:40 | INFO | [Round 19] epoch=16/80 loss=1.4838 acc=44.79 val_acc=nan data_t=0.0015s batch_t=0.0194s epoch_t=00:00.40 lr=0.000905 | GPU MB alloc/reserved=69.9/856.0
2026-04-07 12:22:40 | INFO | [Round 19] Epoch 16/80 time=00:00.40 avg=00:00.60 ETA=00:38.27 | GPU MB alloc/reserved=69.9/856.0
2026-04-07 12:22:41 | INFO | [Round 19] epoch=17/80 loss=1.4743 acc=45.83 val_acc=nan data_t=0.0023s batch_t=0.0305s epoch_t=00:00.62 lr=0.000894 | GPU MB alloc/reserved=69.9/856.0
2026-04-07 12:22:41 | INFO | [Round 19] Epoch 17/80 time=00:00.62 avg=00:00.60 ETA=00:37.76 | GPU MB alloc/reserved=69.9/856.0
2026-04-07 12:22:41 | INFO | [Round 19] epoch=18/80 loss=1.4650 acc=46.00 val_acc=nan data_t=0.0020s batch_t=0.0342s epoch_t=00:00.69 lr=0.000881 | GPU MB alloc/reserved=69.9/856.0
2026-04-07 12:22:41 | INFO | [Round 19] Epoch 18/80 time=00:00.69 avg=00:00.60 ETA=00:37.46 | GPU MB alloc/reserved=69.9/856.0
2026-04-07 12:22:42 | INFO | [Round 19] epoch=19/80 loss=1.4487 acc=46.21 val_acc=nan data_t=0.0016s batch_t=0.0343s epoch_t=00:00.68 lr=0.000868 | GPU MB alloc/reserved=69.9/856.0
2026-04-07 12:22:42 | INFO | [Round 19] Epoch 19/80 time=00:00.68 avg=00:00.61 ETA=00:37.11 | GPU MB alloc/reserved=69.9/856.0
2026-04-07 12:22:43 | INFO | [Round 19] epoch=20/80 loss=1.4034 acc=49.21 val_acc=nan data_t=0.0016s batch_t=0.0212s epoch_t=00:00.43 lr=0.000855 | GPU MB alloc/reserved=69.9/856.0
2026-04-07 12:22:43 | INFO | [Round 19] Epoch 20/80 time=00:00.43 avg=00:00.60 ETA=00:35.97 | GPU MB alloc/reserved=69.9/856.0
2026-04-07 12:22:43 | INFO | [Round 19] epoch=21/80 loss=1.4005 acc=48.00 val_acc=nan data_t=0.0022s batch_t=0.0292s epoch_t=00:00.60 lr=0.000841 | GPU MB alloc/reserved=69.9/856.0
2026-04-07 12:22:43 | INFO | [Round 19] Epoch 21/80 time=00:00.60 avg=00:00.60 ETA=00:35.36 | GPU MB alloc/reserved=69.9/856.0
2026-04-07 12:22:44 | INFO | [Round 19] epoch=22/80 loss=1.4158 acc=48.58 val_acc=nan data_t=0.0017s batch_t=0.0342s epoch_t=00:00.68 lr=0.000826 | GPU MB alloc/reserved=69.9/856.0
2026-04-07 12:22:44 | INFO | [Round 19] Epoch 22/80 time=00:00.68 avg=00:00.60 ETA=00:34.99 | GPU MB alloc/reserved=69.9/856.0
2026-04-07 12:22:45 | INFO | [Round 19] epoch=23/80 loss=1.3628 acc=50.50 val_acc=nan data_t=0.0014s batch_t=0.0342s epoch_t=00:00.68 lr=0.000811 | GPU MB alloc/reserved=69.9/856.0
2026-04-07 12:22:45 | INFO | [Round 19] Epoch 23/80 time=00:00.68 avg=00:00.61 ETA=00:34.57 | GPU MB alloc/reserved=69.9/856.0
2026-04-07 12:22:45 | INFO | [Round 19] epoch=24/80 loss=1.3219 acc=49.71 val_acc=nan data_t=0.0015s batch_t=0.0229s epoch_t=00:00.46 lr=0.000796 | GPU MB alloc/reserved=69.9/856.0
2026-04-07 12:22:45 | INFO | [Round 19] Epoch 24/80 time=00:00.46 avg=00:00.60 ETA=00:33.63 | GPU MB alloc/reserved=69.9/856.0
2026-04-07 12:22:46 | INFO | [Round 19] epoch=25/80 loss=1.3189 acc=52.08 val_acc=nan data_t=0.0021s batch_t=0.0281s epoch_t=00:00.57 lr=0.000780 | GPU MB alloc/reserved=69.9/856.0
2026-04-07 12:22:46 | INFO | [Round 19] Epoch 25/80 time=00:00.57 avg=00:00.60 ETA=00:32.97 | GPU MB alloc/reserved=69.9/856.0
2026-04-07 12:22:46 | INFO | [Round 19] epoch=26/80 loss=1.2880 acc=52.58 val_acc=nan data_t=0.0018s batch_t=0.0343s epoch_t=00:00.68 lr=0.000764 | GPU MB alloc/reserved=69.9/856.0
2026-04-07 12:22:46 | INFO | [Round 19] Epoch 26/80 time=00:00.68 avg=00:00.60 ETA=00:32.55 | GPU MB alloc/reserved=69.9/856.0
2026-04-07 12:22:47 | INFO | [Round 19] epoch=27/80 loss=1.2826 acc=52.13 val_acc=nan data_t=0.0016s batch_t=0.0342s epoch_t=00:00.68 lr=0.000747 | GPU MB alloc/reserved=69.9/856.0
2026-04-07 12:22:47 | INFO | [Round 19] Epoch 27/80 time=00:00.68 avg=00:00.61 ETA=00:32.10 | GPU MB alloc/reserved=69.9/856.0
2026-04-07 12:22:47 | INFO | [Round 19] epoch=28/80 loss=1.2260 acc=54.62 val_acc=nan data_t=0.0021s batch_t=0.0237s epoch_t=00:00.49 lr=0.000730 | GPU MB alloc/reserved=69.9/856.0
2026-04-07 12:22:47 | INFO | [Round 19] Epoch 28/80 time=00:00.49 avg=00:00.60 ETA=00:31.28 | GPU MB alloc/reserved=69.9/856.0
2026-04-07 12:22:48 | INFO | [Round 19] epoch=29/80 loss=1.2382 acc=53.46 val_acc=nan data_t=0.0027s batch_t=0.0254s epoch_t=00:00.53 lr=0.000712 | GPU MB alloc/reserved=69.9/856.0
2026-04-07 12:22:48 | INFO | [Round 19] Epoch 29/80 time=00:00.53 avg=00:00.60 ETA=00:30.56 | GPU MB alloc/reserved=69.9/856.0
2026-04-07 12:22:49 | INFO | [Round 19] epoch=30/80 loss=1.2529 acc=53.67 val_acc=nan data_t=0.0014s batch_t=0.0342s epoch_t=00:00.68 lr=0.000694 | GPU MB alloc/reserved=69.9/856.0
2026-04-07 12:22:49 | INFO | [Round 19] Epoch 30/80 time=00:00.68 avg=00:00.60 ETA=00:30.09 | GPU MB alloc/reserved=69.9/856.0
2026-04-07 12:22:49 | INFO | [Round 19] epoch=31/80 loss=1.1959 acc=55.67 val_acc=nan data_t=0.0022s batch_t=0.0342s epoch_t=00:00.69 lr=0.000676 | GPU MB alloc/reserved=69.9/856.0
2026-04-07 12:22:49 | INFO | [Round 19] Epoch 31/80 time=00:00.69 avg=00:00.60 ETA=00:29.63 | GPU MB alloc/reserved=69.9/856.0
2026-04-07 12:22:50 | INFO | [Round 19] epoch=32/80 loss=1.1877 acc=55.17 val_acc=nan data_t=0.0015s batch_t=0.0266s epoch_t=00:00.53 lr=0.000658 | GPU MB alloc/reserved=69.9/856.0
2026-04-07 12:22:50 | INFO | [Round 19] Epoch 32/80 time=00:00.53 avg=00:00.60 ETA=00:28.92 | GPU MB alloc/reserved=69.9/856.0
2026-04-07 12:22:50 | INFO | [Round 19] epoch=33/80 loss=1.1819 acc=56.62 val_acc=nan data_t=0.0023s batch_t=0.0260s epoch_t=00:00.54 lr=0.000639 | GPU MB alloc/reserved=69.9/856.0
2026-04-07 12:22:50 | INFO | [Round 19] Epoch 33/80 time=00:00.54 avg=00:00.60 ETA=00:28.23 | GPU MB alloc/reserved=69.9/856.0
2026-04-07 12:22:51 | INFO | [Round 19] epoch=34/80 loss=1.1848 acc=56.17 val_acc=nan data_t=0.0026s batch_t=0.0342s epoch_t=00:00.70 lr=0.000621 | GPU MB alloc/reserved=69.9/856.0
2026-04-07 12:22:51 | INFO | [Round 19] Epoch 34/80 time=00:00.70 avg=00:00.60 ETA=00:27.76 | GPU MB alloc/reserved=69.9/856.0
2026-04-07 12:22:52 | INFO | [Round 19] epoch=35/80 loss=1.1537 acc=56.92 val_acc=nan data_t=0.0026s batch_t=0.0343s epoch_t=00:00.70 lr=0.000602 | GPU MB alloc/reserved=69.9/856.0
2026-04-07 12:22:52 | INFO | [Round 19] Epoch 35/80 time=00:00.70 avg=00:00.61 ETA=00:27.28 | GPU MB alloc/reserved=69.9/856.0
2026-04-07 12:22:52 | INFO | [Round 19] epoch=36/80 loss=1.1220 acc=58.25 val_acc=nan data_t=0.0015s batch_t=0.0244s epoch_t=00:00.49 lr=0.000582 | GPU MB alloc/reserved=69.9/856.0
2026-04-07 12:22:52 | INFO | [Round 19] Epoch 36/80 time=00:00.49 avg=00:00.60 ETA=00:26.53 | GPU MB alloc/reserved=69.9/856.0
2026-04-07 12:22:53 | INFO | [Round 19] epoch=37/80 loss=1.1124 acc=58.96 val_acc=nan data_t=0.0016s batch_t=0.0244s epoch_t=00:00.49 lr=0.000563 | GPU MB alloc/reserved=69.9/856.0
2026-04-07 12:22:53 | INFO | [Round 19] Epoch 37/80 time=00:00.49 avg=00:00.60 ETA=00:25.80 | GPU MB alloc/reserved=69.9/856.0
2026-04-07 12:22:54 | INFO | [Round 19] epoch=38/80 loss=1.0889 acc=59.13 val_acc=nan data_t=0.0016s batch_t=0.0343s epoch_t=00:00.68 lr=0.000544 | GPU MB alloc/reserved=69.9/856.0
2026-04-07 12:22:54 | INFO | [Round 19] Epoch 38/80 time=00:00.68 avg=00:00.60 ETA=00:25.29 | GPU MB alloc/reserved=69.9/856.0
2026-04-07 12:22:54 | INFO | [Round 19] epoch=39/80 loss=1.0623 acc=60.54 val_acc=nan data_t=0.0016s batch_t=0.0343s epoch_t=00:00.68 lr=0.000524 | GPU MB alloc/reserved=69.9/856.0
2026-04-07 12:22:54 | INFO | [Round 19] Epoch 39/80 time=00:00.68 avg=00:00.60 ETA=00:24.78 | GPU MB alloc/reserved=69.9/856.0
2026-04-07 12:22:55 | INFO | [Round 19] epoch=40/80 loss=1.0564 acc=60.33 val_acc=nan data_t=0.0018s batch_t=0.0271s epoch_t=00:00.55 lr=0.000505 | GPU MB alloc/reserved=69.9/856.0
2026-04-07 12:22:55 | INFO | [Round 19] Epoch 40/80 time=00:00.55 avg=00:00.60 ETA=00:24.12 | GPU MB alloc/reserved=69.9/856.0
2026-04-07 12:22:55 | INFO | [Round 19] epoch=41/80 loss=1.0530 acc=60.08 val_acc=nan data_t=0.0018s batch_t=0.0220s epoch_t=00:00.45 lr=0.000486 | GPU MB alloc/reserved=69.9/856.0
2026-04-07 12:22:55 | INFO | [Round 19] Epoch 41/80 time=00:00.45 avg=00:00.60 ETA=00:23.37 | GPU MB alloc/reserved=69.9/856.0
2026-04-07 12:22:56 | INFO | [Round 19] epoch=42/80 loss=1.0359 acc=60.92 val_acc=nan data_t=0.0016s batch_t=0.0342s epoch_t=00:00.68 lr=0.000466 | GPU MB alloc/reserved=69.9/856.0
2026-04-07 12:22:56 | INFO | [Round 19] Epoch 42/80 time=00:00.68 avg=00:00.60 ETA=00:22.85 | GPU MB alloc/reserved=69.9/856.0
2026-04-07 12:22:57 | INFO | [Round 19] epoch=43/80 loss=1.0129 acc=61.25 val_acc=nan data_t=0.0027s batch_t=0.0342s epoch_t=00:00.70 lr=0.000447 | GPU MB alloc/reserved=69.9/856.0
2026-04-07 12:22:57 | INFO | [Round 19] Epoch 43/80 time=00:00.70 avg=00:00.60 ETA=00:22.33 | GPU MB alloc/reserved=69.9/856.0
2026-04-07 12:22:57 | INFO | [Round 19] epoch=44/80 loss=1.0224 acc=62.58 val_acc=nan data_t=0.0016s batch_t=0.0293s epoch_t=00:00.59 lr=0.000428 | GPU MB alloc/reserved=69.9/856.0
2026-04-07 12:22:57 | INFO | [Round 19] Epoch 44/80 time=00:00.59 avg=00:00.60 ETA=00:21.72 | GPU MB alloc/reserved=69.9/856.0
2026-04-07 12:22:58 | INFO | [Round 19] epoch=45/80 loss=1.0011 acc=63.08 val_acc=nan data_t=0.0019s batch_t=0.0200s epoch_t=00:00.42 lr=0.000408 | GPU MB alloc/reserved=69.9/856.0
2026-04-07 12:22:58 | INFO | [Round 19] Epoch 45/80 time=00:00.42 avg=00:00.60 ETA=00:20.97 | GPU MB alloc/reserved=69.9/856.0
2026-04-07 12:22:58 | INFO | [Round 19] epoch=46/80 loss=0.9820 acc=64.12 val_acc=nan data_t=0.0019s batch_t=0.0342s epoch_t=00:00.69 lr=0.000389 | GPU MB alloc/reserved=69.9/856.0
2026-04-07 12:22:58 | INFO | [Round 19] Epoch 46/80 time=00:00.69 avg=00:00.60 ETA=00:20.43 | GPU MB alloc/reserved=69.9/856.0
2026-04-07 12:22:59 | INFO | [Round 19] epoch=47/80 loss=0.9517 acc=64.83 val_acc=nan data_t=0.0017s batch_t=0.0343s epoch_t=00:00.68 lr=0.000371 | GPU MB alloc/reserved=69.9/856.0
2026-04-07 12:22:59 | INFO | [Round 19] Epoch 47/80 time=00:00.68 avg=00:00.60 ETA=00:19.89 | GPU MB alloc/reserved=69.9/856.0
2026-04-07 12:23:00 | INFO | [Round 19] epoch=48/80 loss=0.9383 acc=64.54 val_acc=nan data_t=0.0021s batch_t=0.0321s epoch_t=00:00.65 lr=0.000352 | GPU MB alloc/reserved=69.9/856.0
2026-04-07 12:23:00 | INFO | [Round 19] Epoch 48/80 time=00:00.65 avg=00:00.60 ETA=00:19.32 | GPU MB alloc/reserved=69.9/856.0
2026-04-07 12:23:00 | INFO | [Round 19] epoch=49/80 loss=0.9474 acc=64.29 val_acc=nan data_t=0.0015s batch_t=0.0165s epoch_t=00:00.34 lr=0.000334 | GPU MB alloc/reserved=69.9/856.0
2026-04-07 12:23:00 | INFO | [Round 19] Epoch 49/80 time=00:00.34 avg=00:00.60 ETA=00:18.55 | GPU MB alloc/reserved=69.9/856.0
2026-04-07 12:23:01 | INFO | [Round 19] epoch=50/80 loss=0.9395 acc=64.88 val_acc=nan data_t=0.0015s batch_t=0.0343s epoch_t=00:00.68 lr=0.000316 | GPU MB alloc/reserved=69.9/856.0
2026-04-07 12:23:01 | INFO | [Round 19] Epoch 50/80 time=00:00.68 avg=00:00.60 ETA=00:18.00 | GPU MB alloc/reserved=69.9/856.0
2026-04-07 12:23:01 | INFO | [Round 19] epoch=51/80 loss=0.8903 acc=67.42 val_acc=nan data_t=0.0016s batch_t=0.0344s epoch_t=00:00.69 lr=0.000298 | GPU MB alloc/reserved=69.9/856.0
2026-04-07 12:23:01 | INFO | [Round 19] Epoch 51/80 time=00:00.69 avg=00:00.60 ETA=00:17.45 | GPU MB alloc/reserved=69.9/856.0
2026-04-07 12:23:02 | INFO | [Round 19] epoch=52/80 loss=0.9010 acc=66.92 val_acc=nan data_t=0.0017s batch_t=0.0344s epoch_t=00:00.69 lr=0.000280 | GPU MB alloc/reserved=69.9/856.0
2026-04-07 12:23:02 | INFO | [Round 19] Epoch 52/80 time=00:00.69 avg=00:00.60 ETA=00:16.89 | GPU MB alloc/reserved=69.9/856.0
2026-04-07 12:23:02 | INFO | [Round 19] epoch=53/80 loss=0.8854 acc=67.67 val_acc=nan data_t=0.0017s batch_t=0.0159s epoch_t=00:00.33 lr=0.000263 | GPU MB alloc/reserved=69.9/856.0
2026-04-07 12:23:02 | INFO | [Round 19] Epoch 53/80 time=00:00.33 avg=00:00.60 ETA=00:16.15 | GPU MB alloc/reserved=69.9/856.0
2026-04-07 12:23:03 | INFO | [Round 19] epoch=54/80 loss=0.8879 acc=66.17 val_acc=nan data_t=0.0016s batch_t=0.0342s epoch_t=00:00.68 lr=0.000246 | GPU MB alloc/reserved=69.9/856.0
2026-04-07 12:23:03 | INFO | [Round 19] Epoch 54/80 time=00:00.68 avg=00:00.60 ETA=00:15.59 | GPU MB alloc/reserved=69.9/856.0
2026-04-07 12:23:04 | INFO | [Round 19] epoch=55/80 loss=0.8513 acc=68.42 val_acc=nan data_t=0.0016s batch_t=0.0343s epoch_t=00:00.68 lr=0.000230 | GPU MB alloc/reserved=69.9/856.0
2026-04-07 12:23:04 | INFO | [Round 19] Epoch 55/80 time=00:00.68 avg=00:00.60 ETA=00:15.03 | GPU MB alloc/reserved=69.9/856.0
2026-04-07 12:23:04 | INFO | [Round 19] epoch=56/80 loss=0.8811 acc=67.54 val_acc=nan data_t=0.0015s batch_t=0.0342s epoch_t=00:00.68 lr=0.000214 | GPU MB alloc/reserved=69.9/856.0
2026-04-07 12:23:04 | INFO | [Round 19] Epoch 56/80 time=00:00.68 avg=00:00.60 ETA=00:14.46 | GPU MB alloc/reserved=69.9/856.0
2026-04-07 12:23:05 | INFO | [Round 19] epoch=57/80 loss=0.8698 acc=67.04 val_acc=nan data_t=0.0014s batch_t=0.0101s epoch_t=00:00.22 lr=0.000199 | GPU MB alloc/reserved=69.9/856.0
2026-04-07 12:23:05 | INFO | [Round 19] Epoch 57/80 time=00:00.22 avg=00:00.60 ETA=00:13.71 | GPU MB alloc/reserved=69.9/856.0
2026-04-07 12:23:05 | INFO | [Round 19] epoch=58/80 loss=0.8591 acc=67.92 val_acc=nan data_t=0.0020s batch_t=0.0306s epoch_t=00:00.62 lr=0.000184 | GPU MB alloc/reserved=69.9/856.0
2026-04-07 12:23:05 | INFO | [Round 19] Epoch 58/80 time=00:00.62 avg=00:00.60 ETA=00:13.12 | GPU MB alloc/reserved=69.9/856.0
2026-04-07 12:23:06 | INFO | [Round 19] epoch=59/80 loss=0.8386 acc=67.54 val_acc=nan data_t=0.0014s batch_t=0.0342s epoch_t=00:00.68 lr=0.000169 | GPU MB alloc/reserved=69.9/856.0
2026-04-07 12:23:06 | INFO | [Round 19] Epoch 59/80 time=00:00.68 avg=00:00.60 ETA=00:12.55 | GPU MB alloc/reserved=69.9/856.0
2026-04-07 12:23:07 | INFO | [Round 19] epoch=60/80 loss=0.8128 acc=69.92 val_acc=nan data_t=0.0015s batch_t=0.0343s epoch_t=00:00.68 lr=0.000155 | GPU MB alloc/reserved=69.9/856.0
2026-04-07 12:23:07 | INFO | [Round 19] Epoch 60/80 time=00:00.68 avg=00:00.60 ETA=00:11.98 | GPU MB alloc/reserved=69.9/856.0
2026-04-07 12:23:07 | INFO | [Round 19] epoch=61/80 loss=0.8165 acc=70.13 val_acc=nan data_t=0.0016s batch_t=0.0219s epoch_t=00:00.45 lr=0.000142 | GPU MB alloc/reserved=69.9/856.0
2026-04-07 12:23:07 | INFO | [Round 19] Epoch 61/80 time=00:00.45 avg=00:00.60 ETA=00:11.34 | GPU MB alloc/reserved=69.9/856.0
2026-04-07 12:23:08 | INFO | [Round 19] epoch=62/80 loss=0.8255 acc=69.13 val_acc=nan data_t=0.0018s batch_t=0.0279s epoch_t=00:00.56 lr=0.000129 | GPU MB alloc/reserved=69.9/856.0
2026-04-07 12:23:08 | INFO | [Round 19] Epoch 62/80 time=00:00.56 avg=00:00.60 ETA=00:10.73 | GPU MB alloc/reserved=69.9/856.0
2026-04-07 12:23:08 | INFO | [Round 19] epoch=63/80 loss=0.8125 acc=69.71 val_acc=nan data_t=0.0016s batch_t=0.0343s epoch_t=00:00.68 lr=0.000116 | GPU MB alloc/reserved=69.9/856.0
2026-04-07 12:23:08 | INFO | [Round 19] Epoch 63/80 time=00:00.68 avg=00:00.60 ETA=00:10.16 | GPU MB alloc/reserved=69.9/856.0
2026-04-07 12:23:09 | INFO | [Round 19] epoch=64/80 loss=0.7735 acc=71.83 val_acc=nan data_t=0.0015s batch_t=0.0342s epoch_t=00:00.68 lr=0.000105 | GPU MB alloc/reserved=69.9/856.0
2026-04-07 12:23:09 | INFO | [Round 19] Epoch 64/80 time=00:00.68 avg=00:00.60 ETA=00:09.58 | GPU MB alloc/reserved=69.9/856.0
2026-04-07 12:23:09 | INFO | [Round 19] epoch=65/80 loss=0.7652 acc=71.08 val_acc=nan data_t=0.0015s batch_t=0.0247s epoch_t=00:00.50 lr=0.000093 | GPU MB alloc/reserved=69.9/856.0
2026-04-07 12:23:09 | INFO | [Round 19] Epoch 65/80 time=00:00.50 avg=00:00.60 ETA=00:08.96 | GPU MB alloc/reserved=69.9/856.0
2026-04-07 12:23:10 | INFO | [Round 19] epoch=66/80 loss=0.7864 acc=71.46 val_acc=nan data_t=0.0025s batch_t=0.0265s epoch_t=00:00.55 lr=0.000083 | GPU MB alloc/reserved=69.9/856.0
2026-04-07 12:23:10 | INFO | [Round 19] Epoch 66/80 time=00:00.55 avg=00:00.60 ETA=00:08.35 | GPU MB alloc/reserved=69.9/856.0
2026-04-07 12:23:11 | INFO | [Round 19] epoch=67/80 loss=0.7708 acc=71.38 val_acc=nan data_t=0.0016s batch_t=0.0343s epoch_t=00:00.68 lr=0.000073 | GPU MB alloc/reserved=69.9/856.0
2026-04-07 12:23:11 | INFO | [Round 19] Epoch 67/80 time=00:00.68 avg=00:00.60 ETA=00:07.77 | GPU MB alloc/reserved=69.9/856.0
2026-04-07 12:23:11 | INFO | [Round 19] epoch=68/80 loss=0.7569 acc=71.71 val_acc=nan data_t=0.0018s batch_t=0.0344s epoch_t=00:00.69 lr=0.000064 | GPU MB alloc/reserved=69.9/856.0
2026-04-07 12:23:11 | INFO | [Round 19] Epoch 68/80 time=00:00.69 avg=00:00.60 ETA=00:07.19 | GPU MB alloc/reserved=69.9/856.0
2026-04-07 12:23:12 | INFO | [Round 19] epoch=69/80 loss=0.7436 acc=73.46 val_acc=nan data_t=0.0016s batch_t=0.0256s epoch_t=00:00.52 lr=0.000055 | GPU MB alloc/reserved=69.9/856.0
2026-04-07 12:23:12 | INFO | [Round 19] Epoch 69/80 time=00:00.52 avg=00:00.60 ETA=00:06.58 | GPU MB alloc/reserved=69.9/856.0
2026-04-07 12:23:12 | INFO | [Round 19] epoch=70/80 loss=0.7484 acc=71.96 val_acc=nan data_t=0.0024s batch_t=0.0256s epoch_t=00:00.53 lr=0.000048 | GPU MB alloc/reserved=69.9/856.0
2026-04-07 12:23:12 | INFO | [Round 19] Epoch 70/80 time=00:00.53 avg=00:00.60 ETA=00:05.97 | GPU MB alloc/reserved=69.9/856.0
2026-04-07 12:23:13 | INFO | [Round 19] epoch=71/80 loss=0.7645 acc=71.08 val_acc=nan data_t=0.0015s batch_t=0.0344s epoch_t=00:00.68 lr=0.000041 | GPU MB alloc/reserved=69.9/856.0
2026-04-07 12:23:13 | INFO | [Round 19] Epoch 71/80 time=00:00.68 avg=00:00.60 ETA=00:05.38 | GPU MB alloc/reserved=69.9/856.0
2026-04-07 12:23:14 | INFO | [Round 19] epoch=72/80 loss=0.7467 acc=72.08 val_acc=nan data_t=0.0028s batch_t=0.0343s epoch_t=00:00.70 lr=0.000034 | GPU MB alloc/reserved=69.9/856.0
2026-04-07 12:23:14 | INFO | [Round 19] Epoch 72/80 time=00:00.70 avg=00:00.60 ETA=00:04.80 | GPU MB alloc/reserved=69.9/856.0
2026-04-07 12:23:14 | INFO | [Round 19] epoch=73/80 loss=0.7515 acc=72.29 val_acc=nan data_t=0.0016s batch_t=0.0257s epoch_t=00:00.52 lr=0.000029 | GPU MB alloc/reserved=69.9/856.0
2026-04-07 12:23:14 | INFO | [Round 19] Epoch 73/80 time=00:00.52 avg=00:00.60 ETA=00:04.19 | GPU MB alloc/reserved=69.9/856.0
2026-04-07 12:23:15 | INFO | [Round 19] epoch=74/80 loss=0.7418 acc=72.54 val_acc=nan data_t=0.0023s batch_t=0.0262s epoch_t=00:00.54 lr=0.000024 | GPU MB alloc/reserved=69.9/856.0
2026-04-07 12:23:15 | INFO | [Round 19] Epoch 74/80 time=00:00.54 avg=00:00.60 ETA=00:03.59 | GPU MB alloc/reserved=69.9/856.0
2026-04-07 12:23:16 | INFO | [Round 19] epoch=75/80 loss=0.7448 acc=72.38 val_acc=nan data_t=0.0025s batch_t=0.0343s epoch_t=00:00.70 lr=0.000020 | GPU MB alloc/reserved=69.9/856.0
2026-04-07 12:23:16 | INFO | [Round 19] Epoch 75/80 time=00:00.70 avg=00:00.60 ETA=00:03.00 | GPU MB alloc/reserved=69.9/856.0
2026-04-07 12:23:16 | INFO | [Round 19] epoch=76/80 loss=0.7431 acc=73.08 val_acc=nan data_t=0.0022s batch_t=0.0344s epoch_t=00:00.70 lr=0.000016 | GPU MB alloc/reserved=69.9/856.0
2026-04-07 12:23:16 | INFO | [Round 19] Epoch 76/80 time=00:00.70 avg=00:00.60 ETA=00:02.40 | GPU MB alloc/reserved=69.9/856.0
2026-04-07 12:23:17 | INFO | [Round 19] epoch=77/80 loss=0.7603 acc=72.38 val_acc=nan data_t=0.0023s batch_t=0.0242s epoch_t=00:00.50 lr=0.000013 | GPU MB alloc/reserved=69.9/856.0
2026-04-07 12:23:17 | INFO | [Round 19] Epoch 77/80 time=00:00.50 avg=00:00.60 ETA=00:01.80 | GPU MB alloc/reserved=69.9/856.0
2026-04-07 12:23:17 | INFO | [Round 19] epoch=78/80 loss=0.7514 acc=71.50 val_acc=nan data_t=0.0026s batch_t=0.0279s epoch_t=00:00.58 lr=0.000012 | GPU MB alloc/reserved=69.9/856.0
2026-04-07 12:23:17 | INFO | [Round 19] Epoch 78/80 time=00:00.58 avg=00:00.60 ETA=00:01.20 | GPU MB alloc/reserved=69.9/856.0
2026-04-07 12:23:18 | INFO | [Round 19] epoch=79/80 loss=0.7317 acc=73.42 val_acc=nan data_t=0.0028s batch_t=0.0344s epoch_t=00:00.71 lr=0.000010 | GPU MB alloc/reserved=69.9/856.0
2026-04-07 12:23:18 | INFO | [Round 19] Epoch 79/80 time=00:00.71 avg=00:00.60 ETA=00:00.60 | GPU MB alloc/reserved=69.9/856.0
2026-04-07 12:23:19 | INFO | [Round 19] epoch=80/80 loss=0.7386 acc=72.29 val_acc=nan data_t=0.0017s batch_t=0.0342s epoch_t=00:00.68 lr=0.000010 | GPU MB alloc/reserved=69.9/856.0
2026-04-07 12:23:19 | INFO | [Round 19] Epoch 80/80 time=00:00.68 avg=00:00.60 ETA=00:00.00 | GPU MB alloc/reserved=69.9/856.0
2026-04-07 12:23:19 | INFO | [Round 19] training complete in 00:48.21 (best monitor=73.458) | GPU MB alloc/reserved=69.9/856.0
2026-04-07 12:23:19 | INFO | [Round 19] evaluation started | GPU MB alloc/reserved=52.0/856.0
2026-04-07 12:23:21 | INFO | [Round 19] clean=60.93 fgsm=50.74 pgd=50.52 grad_disp_mean=nan grad_disp_sel=nan round_t=52.71s | GPU MB alloc/reserved=52.0/856.0
2026-04-07 12:23:21 | INFO | [Round 20/21] elapsed=00:52.71 avg_round=00:35.26 projected_remaining=00:35.26 | GPU MB alloc/reserved=52.0/856.0
2026-04-07 12:23:22 | INFO | [Round 20] acquisition on pool_size=47600 scored_pool=5000 budget=100 | GPU MB alloc/reserved=34.1/856.0
2026-04-07 12:23:23 | INFO | [CoreSet-unlabeled-feat] scoring progress 10/20 elapsed=00:00.21 avg/batch=0.021s ETA=00:00.21 | GPU MB alloc/reserved=40.6/856.0
2026-04-07 12:23:23 | INFO | [CoreSet-unlabeled-feat] scoring progress 20/20 elapsed=00:00.24 avg/batch=0.012s ETA=00:00.00 | GPU MB alloc/reserved=40.6/856.0
2026-04-07 12:23:23 | INFO | [CoreSet-labeled-feat] scoring progress 10/10 elapsed=00:00.21 avg/batch=0.021s ETA=00:00.00 | GPU MB alloc/reserved=42.5/856.0
2026-04-07 12:23:23 | INFO | [CoreSet] greedy 10/100 cover_radius=23.887974 | GPU: n/a
2026-04-07 12:23:23 | INFO | [CoreSet] greedy 20/100 cover_radius=22.922461 | GPU: n/a
2026-04-07 12:23:23 | INFO | [CoreSet] greedy 30/100 cover_radius=22.600664 | GPU: n/a
2026-04-07 12:23:23 | INFO | [CoreSet] greedy 40/100 cover_radius=22.378208 | GPU: n/a
2026-04-07 12:23:23 | INFO | [CoreSet] greedy 50/100 cover_radius=22.208286 | GPU: n/a
2026-04-07 12:23:24 | INFO | [CoreSet] greedy 60/100 cover_radius=21.965132 | GPU: n/a
2026-04-07 12:23:24 | INFO | [CoreSet] greedy 70/100 cover_radius=21.767574 | GPU: n/a
2026-04-07 12:23:24 | INFO | [CoreSet] greedy 80/100 cover_radius=21.674370 | GPU: n/a
2026-04-07 12:23:24 | INFO | [CoreSet] greedy 90/100 cover_radius=21.546432 | GPU: n/a
2026-04-07 12:23:24 | INFO | [CoreSet] greedy 100/100 cover_radius=21.439651 | GPU: n/a
2026-04-07 12:23:24 | INFO | [Round 20] labeled=2500 train=2500 val_fixed=0 | GPU MB alloc/reserved=43.1/856.0
2026-04-07 12:23:25 | INFO | [Round 20] epoch=1/80 loss=4.0776 acc=17.24 val_acc=nan data_t=0.0089s batch_t=0.0355s epoch_t=00:00.89 lr=0.001000 | GPU MB alloc/reserved=69.9/856.0
2026-04-07 12:23:25 | INFO | [Round 20] Epoch 1/80 time=00:00.89 avg=00:00.89 ETA=01:10.19 | GPU MB alloc/reserved=69.9/856.0
2026-04-07 12:23:26 | INFO | [Round 20] epoch=2/80 loss=2.0877 acc=26.08 val_acc=nan data_t=0.0014s batch_t=0.0342s epoch_t=00:00.71 lr=0.000998 | GPU MB alloc/reserved=69.9/856.0
2026-04-07 12:23:26 | INFO | [Round 20] Epoch 2/80 time=00:00.71 avg=00:00.80 ETA=01:02.43 | GPU MB alloc/reserved=69.9/856.0
2026-04-07 12:23:26 | INFO | [Round 20] epoch=3/80 loss=1.9721 acc=29.00 val_acc=nan data_t=0.0015s batch_t=0.0261s epoch_t=00:00.55 lr=0.000997 | GPU MB alloc/reserved=69.9/856.0
2026-04-07 12:23:26 | INFO | [Round 20] Epoch 3/80 time=00:00.55 avg=00:00.72 ETA=00:55.21 | GPU MB alloc/reserved=69.9/856.0
2026-04-07 12:23:27 | INFO | [Round 20] epoch=4/80 loss=1.8874 acc=32.24 val_acc=nan data_t=0.0015s batch_t=0.0257s epoch_t=00:00.54 lr=0.000994 | GPU MB alloc/reserved=69.9/856.0
2026-04-07 12:23:27 | INFO | [Round 20] Epoch 4/80 time=00:00.54 avg=00:00.67 ETA=00:51.19 | GPU MB alloc/reserved=69.9/856.0
2026-04-07 12:23:27 | INFO | [Round 20] epoch=5/80 loss=1.8336 acc=34.00 val_acc=nan data_t=0.0017s batch_t=0.0342s epoch_t=00:00.72 lr=0.000990 | GPU MB alloc/reserved=69.9/856.0
2026-04-07 12:23:27 | INFO | [Round 20] Epoch 5/80 time=00:00.72 avg=00:00.68 ETA=00:51.19 | GPU MB alloc/reserved=69.9/856.0
2026-04-07 12:23:28 | INFO | [Round 20] epoch=6/80 loss=1.7731 acc=34.68 val_acc=nan data_t=0.0014s batch_t=0.0343s epoch_t=00:00.71 lr=0.000986 | GPU MB alloc/reserved=69.9/856.0
2026-04-07 12:23:28 | INFO | [Round 20] Epoch 6/80 time=00:00.71 avg=00:00.69 ETA=00:50.89 | GPU MB alloc/reserved=69.9/856.0
2026-04-07 12:23:29 | INFO | [Round 20] epoch=7/80 loss=1.7090 acc=38.48 val_acc=nan data_t=0.0014s batch_t=0.0222s epoch_t=00:00.47 lr=0.000981 | GPU MB alloc/reserved=69.9/856.0
2026-04-07 12:23:29 | INFO | [Round 20] Epoch 7/80 time=00:00.47 avg=00:00.66 ETA=00:47.95 | GPU MB alloc/reserved=69.9/856.0
2026-04-07 12:23:29 | INFO | [Round 20] epoch=8/80 loss=1.6696 acc=37.96 val_acc=nan data_t=0.0015s batch_t=0.0291s epoch_t=00:00.61 lr=0.000976 | GPU MB alloc/reserved=69.9/856.0
2026-04-07 12:23:29 | INFO | [Round 20] Epoch 8/80 time=00:00.61 avg=00:00.65 ETA=00:46.89 | GPU MB alloc/reserved=69.9/856.0
2026-04-07 12:23:30 | INFO | [Round 20] epoch=9/80 loss=1.6583 acc=38.12 val_acc=nan data_t=0.0022s batch_t=0.0342s epoch_t=00:00.73 lr=0.000969 | GPU MB alloc/reserved=69.9/856.0
2026-04-07 12:23:30 | INFO | [Round 20] Epoch 9/80 time=00:00.73 avg=00:00.66 ETA=00:46.84 | GPU MB alloc/reserved=69.9/856.0
2026-04-07 12:23:31 | INFO | [Round 20] epoch=10/80 loss=1.6210 acc=40.92 val_acc=nan data_t=0.0016s batch_t=0.0343s epoch_t=00:00.72 lr=0.000962 | GPU MB alloc/reserved=69.9/856.0
2026-04-07 12:23:31 | INFO | [Round 20] Epoch 10/80 time=00:00.72 avg=00:00.67 ETA=00:46.58 | GPU MB alloc/reserved=69.9/856.0
2026-04-07 12:23:31 | INFO | [Round 20] epoch=11/80 loss=1.5777 acc=41.56 val_acc=nan data_t=0.0014s batch_t=0.0193s epoch_t=00:00.41 lr=0.000955 | GPU MB alloc/reserved=69.9/856.0
2026-04-07 12:23:31 | INFO | [Round 20] Epoch 11/80 time=00:00.41 avg=00:00.64 ETA=00:44.34 | GPU MB alloc/reserved=69.9/856.0
2026-04-07 12:23:32 | INFO | [Round 20] epoch=12/80 loss=1.5618 acc=42.36 val_acc=nan data_t=0.0017s batch_t=0.0310s epoch_t=00:00.65 lr=0.000946 | GPU MB alloc/reserved=69.9/856.0
2026-04-07 12:23:32 | INFO | [Round 20] Epoch 12/80 time=00:00.65 avg=00:00.64 ETA=00:43.75 | GPU MB alloc/reserved=69.9/856.0
2026-04-07 12:23:32 | INFO | [Round 20] epoch=13/80 loss=1.5455 acc=43.20 val_acc=nan data_t=0.0016s batch_t=0.0342s epoch_t=00:00.72 lr=0.000937 | GPU MB alloc/reserved=69.9/856.0
2026-04-07 12:23:32 | INFO | [Round 20] Epoch 13/80 time=00:00.72 avg=00:00.65 ETA=00:43.48 | GPU MB alloc/reserved=69.9/856.0
2026-04-07 12:23:33 | INFO | [Round 20] epoch=14/80 loss=1.5155 acc=41.76 val_acc=nan data_t=0.0014s batch_t=0.0343s epoch_t=00:00.71 lr=0.000927 | GPU MB alloc/reserved=69.9/856.0
2026-04-07 12:23:33 | INFO | [Round 20] Epoch 14/80 time=00:00.71 avg=00:00.65 ETA=00:43.13 | GPU MB alloc/reserved=69.9/856.0
2026-04-07 12:23:34 | INFO | [Round 20] epoch=15/80 loss=1.4898 acc=44.32 val_acc=nan data_t=0.0017s batch_t=0.0167s epoch_t=00:00.37 lr=0.000917 | GPU MB alloc/reserved=69.9/856.0
2026-04-07 12:23:34 | INFO | [Round 20] Epoch 15/80 time=00:00.37 avg=00:00.63 ETA=00:41.24 | GPU MB alloc/reserved=69.9/856.0
2026-04-07 12:23:34 | INFO | [Round 20] epoch=16/80 loss=1.4515 acc=45.80 val_acc=nan data_t=0.0017s batch_t=0.0332s epoch_t=00:00.70 lr=0.000905 | GPU MB alloc/reserved=69.9/856.0
2026-04-07 12:23:34 | INFO | [Round 20] Epoch 16/80 time=00:00.70 avg=00:00.64 ETA=00:40.87 | GPU MB alloc/reserved=69.9/856.0
2026-04-07 12:23:35 | INFO | [Round 20] epoch=17/80 loss=1.4494 acc=47.24 val_acc=nan data_t=0.0016s batch_t=0.0343s epoch_t=00:00.72 lr=0.000894 | GPU MB alloc/reserved=69.9/856.0
2026-04-07 12:23:35 | INFO | [Round 20] Epoch 17/80 time=00:00.72 avg=00:00.64 ETA=00:40.52 | GPU MB alloc/reserved=69.9/856.0
2026-04-07 12:23:36 | INFO | [Round 20] epoch=18/80 loss=1.4313 acc=48.00 val_acc=nan data_t=0.0014s batch_t=0.0342s epoch_t=00:00.71 lr=0.000881 | GPU MB alloc/reserved=69.9/856.0
2026-04-07 12:23:36 | INFO | [Round 20] Epoch 18/80 time=00:00.71 avg=00:00.65 ETA=00:40.11 | GPU MB alloc/reserved=69.9/856.0
2026-04-07 12:23:36 | INFO | [Round 20] epoch=19/80 loss=1.4241 acc=47.44 val_acc=nan data_t=0.0014s batch_t=0.0157s epoch_t=00:00.34 lr=0.000868 | GPU MB alloc/reserved=69.9/856.0
2026-04-07 12:23:36 | INFO | [Round 20] Epoch 19/80 time=00:00.34 avg=00:00.63 ETA=00:38.48 | GPU MB alloc/reserved=69.9/856.0
2026-04-07 12:23:37 | INFO | [Round 20] epoch=20/80 loss=1.3905 acc=48.32 val_acc=nan data_t=0.0015s batch_t=0.0310s epoch_t=00:00.65 lr=0.000855 | GPU MB alloc/reserved=69.9/856.0
2026-04-07 12:23:37 | INFO | [Round 20] Epoch 20/80 time=00:00.65 avg=00:00.63 ETA=00:37.91 | GPU MB alloc/reserved=69.9/856.0
2026-04-07 12:23:37 | INFO | [Round 20] epoch=21/80 loss=1.3628 acc=48.72 val_acc=nan data_t=0.0021s batch_t=0.0343s epoch_t=00:00.73 lr=0.000841 | GPU MB alloc/reserved=69.9/856.0
2026-04-07 12:23:37 | INFO | [Round 20] Epoch 21/80 time=00:00.73 avg=00:00.64 ETA=00:37.54 | GPU MB alloc/reserved=69.9/856.0
2026-04-07 12:23:38 | INFO | [Round 20] epoch=22/80 loss=1.3518 acc=50.60 val_acc=nan data_t=0.0023s batch_t=0.0342s epoch_t=00:00.73 lr=0.000826 | GPU MB alloc/reserved=69.9/856.0
2026-04-07 12:23:38 | INFO | [Round 20] Epoch 22/80 time=00:00.73 avg=00:00.64 ETA=00:37.15 | GPU MB alloc/reserved=69.9/856.0
2026-04-07 12:23:38 | INFO | [Round 20] epoch=23/80 loss=1.3494 acc=49.16 val_acc=nan data_t=0.0016s batch_t=0.0162s epoch_t=00:00.36 lr=0.000811 | GPU MB alloc/reserved=69.9/856.0
2026-04-07 12:23:38 | INFO | [Round 20] Epoch 23/80 time=00:00.36 avg=00:00.63 ETA=00:35.80 | GPU MB alloc/reserved=69.9/856.0
2026-04-07 12:23:39 | INFO | [Round 20] epoch=24/80 loss=1.2986 acc=52.24 val_acc=nan data_t=0.0018s batch_t=0.0341s epoch_t=00:00.72 lr=0.000796 | GPU MB alloc/reserved=69.9/856.0
2026-04-07 12:23:39 | INFO | [Round 20] Epoch 24/80 time=00:00.72 avg=00:00.63 ETA=00:35.38 | GPU MB alloc/reserved=69.9/856.0
2026-04-07 12:23:40 | INFO | [Round 20] epoch=25/80 loss=1.2879 acc=53.08 val_acc=nan data_t=0.0014s batch_t=0.0341s epoch_t=00:00.71 lr=0.000780 | GPU MB alloc/reserved=69.9/856.0
2026-04-07 12:23:40 | INFO | [Round 20] Epoch 25/80 time=00:00.71 avg=00:00.64 ETA=00:34.93 | GPU MB alloc/reserved=69.9/856.0
2026-04-07 12:23:41 | INFO | [Round 20] epoch=26/80 loss=1.2889 acc=52.04 val_acc=nan data_t=0.0014s batch_t=0.0342s epoch_t=00:00.71 lr=0.000764 | GPU MB alloc/reserved=69.9/856.0
2026-04-07 12:23:41 | INFO | [Round 20] Epoch 26/80 time=00:00.71 avg=00:00.64 ETA=00:34.45 | GPU MB alloc/reserved=69.9/856.0
2026-04-07 12:23:41 | INFO | [Round 20] epoch=27/80 loss=1.2565 acc=54.32 val_acc=nan data_t=0.0017s batch_t=0.0137s epoch_t=00:00.31 lr=0.000747 | GPU MB alloc/reserved=69.9/856.0
2026-04-07 12:23:41 | INFO | [Round 20] Epoch 27/80 time=00:00.31 avg=00:00.63 ETA=00:33.17 | GPU MB alloc/reserved=69.9/856.0
2026-04-07 12:23:42 | INFO | [Round 20] epoch=28/80 loss=1.2371 acc=53.96 val_acc=nan data_t=0.0021s batch_t=0.0341s epoch_t=00:00.72 lr=0.000730 | GPU MB alloc/reserved=69.9/856.0
2026-04-07 12:23:42 | INFO | [Round 20] Epoch 28/80 time=00:00.72 avg=00:00.63 ETA=00:32.72 | GPU MB alloc/reserved=69.9/856.0
2026-04-07 12:23:42 | INFO | [Round 20] epoch=29/80 loss=1.1860 acc=55.64 val_acc=nan data_t=0.0015s batch_t=0.0343s epoch_t=00:00.72 lr=0.000712 | GPU MB alloc/reserved=69.9/856.0
2026-04-07 12:23:42 | INFO | [Round 20] Epoch 29/80 time=00:00.72 avg=00:00.63 ETA=00:32.25 | GPU MB alloc/reserved=69.9/856.0
2026-04-07 12:23:43 | INFO | [Round 20] epoch=30/80 loss=1.1801 acc=56.00 val_acc=nan data_t=0.0014s batch_t=0.0342s epoch_t=00:00.71 lr=0.000694 | GPU MB alloc/reserved=69.9/856.0
2026-04-07 12:23:43 | INFO | [Round 20] Epoch 30/80 time=00:00.71 avg=00:00.63 ETA=00:31.75 | GPU MB alloc/reserved=69.9/856.0
2026-04-07 12:23:43 | INFO | [Round 20] epoch=31/80 loss=1.1603 acc=57.16 val_acc=nan data_t=0.0016s batch_t=0.0169s epoch_t=00:00.37 lr=0.000676 | GPU MB alloc/reserved=69.9/856.0
2026-04-07 12:23:43 | INFO | [Round 20] Epoch 31/80 time=00:00.37 avg=00:00.63 ETA=00:30.69 | GPU MB alloc/reserved=69.9/856.0
2026-04-07 12:23:44 | INFO | [Round 20] epoch=32/80 loss=1.1626 acc=57.20 val_acc=nan data_t=0.0016s batch_t=0.0342s epoch_t=00:00.72 lr=0.000658 | GPU MB alloc/reserved=69.9/856.0
2026-04-07 12:23:44 | INFO | [Round 20] Epoch 32/80 time=00:00.72 avg=00:00.63 ETA=00:30.20 | GPU MB alloc/reserved=69.9/856.0
2026-04-07 12:23:45 | INFO | [Round 20] epoch=33/80 loss=1.1462 acc=58.44 val_acc=nan data_t=0.0016s batch_t=0.0342s epoch_t=00:00.72 lr=0.000639 | GPU MB alloc/reserved=69.9/856.0
2026-04-07 12:23:45 | INFO | [Round 20] Epoch 33/80 time=00:00.72 avg=00:00.63 ETA=00:29.70 | GPU MB alloc/reserved=69.9/856.0
2026-04-07 12:23:46 | INFO | [Round 20] epoch=34/80 loss=1.1258 acc=57.92 val_acc=nan data_t=0.0013s batch_t=0.0342s epoch_t=00:00.71 lr=0.000621 | GPU MB alloc/reserved=69.9/856.0
2026-04-07 12:23:46 | INFO | [Round 20] Epoch 34/80 time=00:00.71 avg=00:00.63 ETA=00:29.17 | GPU MB alloc/reserved=69.9/856.0
2026-04-07 12:23:46 | INFO | [Round 20] epoch=35/80 loss=1.1173 acc=57.96 val_acc=nan data_t=0.0013s batch_t=0.0103s epoch_t=00:00.23 lr=0.000602 | GPU MB alloc/reserved=69.9/856.0
2026-04-07 12:23:46 | INFO | [Round 20] Epoch 35/80 time=00:00.23 avg=00:00.62 ETA=00:28.02 | GPU MB alloc/reserved=69.9/856.0
2026-04-07 12:23:47 | INFO | [Round 20] epoch=36/80 loss=1.0618 acc=61.48 val_acc=nan data_t=0.0015s batch_t=0.0343s epoch_t=00:00.72 lr=0.000582 | GPU MB alloc/reserved=69.9/856.0
2026-04-07 12:23:47 | INFO | [Round 20] Epoch 36/80 time=00:00.72 avg=00:00.63 ETA=00:27.51 | GPU MB alloc/reserved=69.9/856.0
2026-04-07 12:23:47 | INFO | [Round 20] epoch=37/80 loss=1.0676 acc=60.48 val_acc=nan data_t=0.0017s batch_t=0.0342s epoch_t=00:00.72 lr=0.000563 | GPU MB alloc/reserved=69.9/856.0
2026-04-07 12:23:47 | INFO | [Round 20] Epoch 37/80 time=00:00.72 avg=00:00.63 ETA=00:26.99 | GPU MB alloc/reserved=69.9/856.0
2026-04-07 12:23:48 | INFO | [Round 20] epoch=38/80 loss=1.0631 acc=59.96 val_acc=nan data_t=0.0014s batch_t=0.0333s epoch_t=00:00.69 lr=0.000544 | GPU MB alloc/reserved=69.9/856.0
2026-04-07 12:23:48 | INFO | [Round 20] Epoch 38/80 time=00:00.69 avg=00:00.63 ETA=00:26.44 | GPU MB alloc/reserved=69.9/856.0
2026-04-07 12:23:49 | INFO | [Round 20] epoch=39/80 loss=1.0476 acc=60.72 val_acc=nan data_t=0.0023s batch_t=0.0176s epoch_t=00:00.40 lr=0.000524 | GPU MB alloc/reserved=69.9/856.0
2026-04-07 12:23:49 | INFO | [Round 20] Epoch 39/80 time=00:00.40 avg=00:00.62 ETA=00:25.57 | GPU MB alloc/reserved=69.9/856.0
2026-04-07 12:23:49 | INFO | [Round 20] epoch=40/80 loss=1.0268 acc=61.72 val_acc=nan data_t=0.0015s batch_t=0.0342s epoch_t=00:00.72 lr=0.000505 | GPU MB alloc/reserved=69.9/856.0
2026-04-07 12:23:49 | INFO | [Round 20] Epoch 40/80 time=00:00.72 avg=00:00.63 ETA=00:25.03 | GPU MB alloc/reserved=69.9/856.0
2026-04-07 12:23:50 | INFO | [Round 20] epoch=41/80 loss=0.9965 acc=62.80 val_acc=nan data_t=0.0019s batch_t=0.0344s epoch_t=00:00.73 lr=0.000486 | GPU MB alloc/reserved=69.9/856.0
2026-04-07 12:23:50 | INFO | [Round 20] Epoch 41/80 time=00:00.73 avg=00:00.63 ETA=00:24.50 | GPU MB alloc/reserved=69.9/856.0
2026-04-07 12:23:51 | INFO | [Round 20] epoch=42/80 loss=0.9943 acc=61.96 val_acc=nan data_t=0.0014s batch_t=0.0304s epoch_t=00:00.64 lr=0.000466 | GPU MB alloc/reserved=69.9/856.0
2026-04-07 12:23:51 | INFO | [Round 20] Epoch 42/80 time=00:00.64 avg=00:00.63 ETA=00:23.88 | GPU MB alloc/reserved=69.9/856.0
2026-04-07 12:23:51 | INFO | [Round 20] epoch=43/80 loss=0.9881 acc=63.92 val_acc=nan data_t=0.0017s batch_t=0.0226s epoch_t=00:00.48 lr=0.000447 | GPU MB alloc/reserved=69.9/856.0
2026-04-07 12:23:51 | INFO | [Round 20] Epoch 43/80 time=00:00.48 avg=00:00.63 ETA=00:23.13 | GPU MB alloc/reserved=69.9/856.0
2026-04-07 12:23:52 | INFO | [Round 20] epoch=44/80 loss=0.9737 acc=63.92 val_acc=nan data_t=0.0017s batch_t=0.0342s epoch_t=00:00.72 lr=0.000428 | GPU MB alloc/reserved=69.9/856.0
2026-04-07 12:23:52 | INFO | [Round 20] Epoch 44/80 time=00:00.72 avg=00:00.63 ETA=00:22.58 | GPU MB alloc/reserved=69.9/856.0
2026-04-07 12:23:53 | INFO | [Round 20] epoch=45/80 loss=0.9870 acc=62.88 val_acc=nan data_t=0.0014s batch_t=0.0343s epoch_t=00:00.71 lr=0.000408 | GPU MB alloc/reserved=69.9/856.0
2026-04-07 12:23:53 | INFO | [Round 20] Epoch 45/80 time=00:00.71 avg=00:00.63 ETA=00:22.02 | GPU MB alloc/reserved=69.9/856.0
2026-04-07 12:23:53 | INFO | [Round 20] epoch=46/80 loss=0.9443 acc=65.00 val_acc=nan data_t=0.0016s batch_t=0.0260s epoch_t=00:00.55 lr=0.000389 | GPU MB alloc/reserved=69.9/856.0
2026-04-07 12:23:53 | INFO | [Round 20] Epoch 46/80 time=00:00.55 avg=00:00.63 ETA=00:21.34 | GPU MB alloc/reserved=69.9/856.0
2026-04-07 12:23:54 | INFO | [Round 20] epoch=47/80 loss=0.9462 acc=64.52 val_acc=nan data_t=0.0014s batch_t=0.0292s epoch_t=00:00.61 lr=0.000371 | GPU MB alloc/reserved=69.9/856.0
2026-04-07 12:23:54 | INFO | [Round 20] Epoch 47/80 time=00:00.61 avg=00:00.63 ETA=00:20.70 | GPU MB alloc/reserved=69.9/856.0
2026-04-07 12:23:54 | INFO | [Round 20] epoch=48/80 loss=0.9229 acc=65.28 val_acc=nan data_t=0.0015s batch_t=0.0343s epoch_t=00:00.72 lr=0.000352 | GPU MB alloc/reserved=69.9/856.0
2026-04-07 12:23:54 | INFO | [Round 20] Epoch 48/80 time=00:00.72 avg=00:00.63 ETA=00:20.13 | GPU MB alloc/reserved=69.9/856.0
2026-04-07 12:23:55 | INFO | [Round 20] epoch=49/80 loss=0.9175 acc=66.08 val_acc=nan data_t=0.0013s batch_t=0.0343s epoch_t=00:00.71 lr=0.000334 | GPU MB alloc/reserved=69.9/856.0
2026-04-07 12:23:55 | INFO | [Round 20] Epoch 49/80 time=00:00.71 avg=00:00.63 ETA=00:19.55 | GPU MB alloc/reserved=69.9/856.0
2026-04-07 12:23:56 | INFO | [Round 20] epoch=50/80 loss=0.8768 acc=66.84 val_acc=nan data_t=0.0014s batch_t=0.0211s epoch_t=00:00.45 lr=0.000316 | GPU MB alloc/reserved=69.9/856.0
2026-04-07 12:23:56 | INFO | [Round 20] Epoch 50/80 time=00:00.45 avg=00:00.63 ETA=00:18.81 | GPU MB alloc/reserved=69.9/856.0
2026-04-07 12:23:56 | INFO | [Round 20] epoch=51/80 loss=0.8653 acc=68.44 val_acc=nan data_t=0.0023s batch_t=0.0306s epoch_t=00:00.66 lr=0.000298 | GPU MB alloc/reserved=69.9/856.0
2026-04-07 12:23:56 | INFO | [Round 20] Epoch 51/80 time=00:00.66 avg=00:00.63 ETA=00:18.20 | GPU MB alloc/reserved=69.9/856.0
2026-04-07 12:23:57 | INFO | [Round 20] epoch=52/80 loss=0.8676 acc=68.28 val_acc=nan data_t=0.0017s batch_t=0.0343s epoch_t=00:00.72 lr=0.000280 | GPU MB alloc/reserved=69.9/856.0
2026-04-07 12:23:57 | INFO | [Round 20] Epoch 52/80 time=00:00.72 avg=00:00.63 ETA=00:17.63 | GPU MB alloc/reserved=69.9/856.0
2026-04-07 12:23:58 | INFO | [Round 20] epoch=53/80 loss=0.8756 acc=66.68 val_acc=nan data_t=0.0026s batch_t=0.0342s epoch_t=00:00.74 lr=0.000263 | GPU MB alloc/reserved=69.9/856.0
2026-04-07 12:23:58 | INFO | [Round 20] Epoch 53/80 time=00:00.74 avg=00:00.63 ETA=00:17.05 | GPU MB alloc/reserved=69.9/856.0
2026-04-07 12:23:58 | INFO | [Round 20] epoch=54/80 loss=0.8317 acc=68.36 val_acc=nan data_t=0.0021s batch_t=0.0159s epoch_t=00:00.36 lr=0.000246 | GPU MB alloc/reserved=69.9/856.0
2026-04-07 12:23:58 | INFO | [Round 20] Epoch 54/80 time=00:00.36 avg=00:00.63 ETA=00:16.29 | GPU MB alloc/reserved=69.9/856.0
2026-04-07 12:23:59 | INFO | [Round 20] epoch=55/80 loss=0.8230 acc=69.60 val_acc=nan data_t=0.0015s batch_t=0.0332s epoch_t=00:00.69 lr=0.000230 | GPU MB alloc/reserved=69.9/856.0
2026-04-07 12:23:59 | INFO | [Round 20] Epoch 55/80 time=00:00.69 avg=00:00.63 ETA=00:15.69 | GPU MB alloc/reserved=69.9/856.0
2026-04-07 12:23:59 | INFO | [Round 20] epoch=56/80 loss=0.8436 acc=69.04 val_acc=nan data_t=0.0019s batch_t=0.0342s epoch_t=00:00.72 lr=0.000214 | GPU MB alloc/reserved=69.9/856.0
2026-04-07 12:23:59 | INFO | [Round 20] Epoch 56/80 time=00:00.72 avg=00:00.63 ETA=00:15.11 | GPU MB alloc/reserved=69.9/856.0
2026-04-07 12:24:00 | INFO | [Round 20] epoch=57/80 loss=0.8136 acc=70.24 val_acc=nan data_t=0.0016s batch_t=0.0344s epoch_t=00:00.72 lr=0.000199 | GPU MB alloc/reserved=69.9/856.0
2026-04-07 12:24:00 | INFO | [Round 20] Epoch 57/80 time=00:00.72 avg=00:00.63 ETA=00:14.51 | GPU MB alloc/reserved=69.9/856.0
2026-04-07 12:24:01 | INFO | [Round 20] epoch=58/80 loss=0.7957 acc=70.76 val_acc=nan data_t=0.0025s batch_t=0.0138s epoch_t=00:00.33 lr=0.000184 | GPU MB alloc/reserved=69.9/856.0
2026-04-07 12:24:01 | INFO | [Round 20] Epoch 58/80 time=00:00.33 avg=00:00.63 ETA=00:13.77 | GPU MB alloc/reserved=69.9/856.0
2026-04-07 12:24:01 | INFO | [Round 20] epoch=59/80 loss=0.8320 acc=69.56 val_acc=nan data_t=0.0019s batch_t=0.0309s epoch_t=00:00.66 lr=0.000169 | GPU MB alloc/reserved=69.9/856.0
2026-04-07 12:24:01 | INFO | [Round 20] Epoch 59/80 time=00:00.66 avg=00:00.63 ETA=00:13.15 | GPU MB alloc/reserved=69.9/856.0
2026-04-07 12:24:02 | INFO | [Round 20] epoch=60/80 loss=0.7916 acc=70.92 val_acc=nan data_t=0.0025s batch_t=0.0343s epoch_t=00:00.73 lr=0.000155 | GPU MB alloc/reserved=69.9/856.0
2026-04-07 12:24:02 | INFO | [Round 20] Epoch 60/80 time=00:00.73 avg=00:00.63 ETA=00:12.56 | GPU MB alloc/reserved=69.9/856.0
2026-04-07 12:24:03 | INFO | [Round 20] epoch=61/80 loss=0.7898 acc=72.24 val_acc=nan data_t=0.0013s batch_t=0.0342s epoch_t=00:00.71 lr=0.000142 | GPU MB alloc/reserved=69.9/856.0
2026-04-07 12:24:03 | INFO | [Round 20] Epoch 61/80 time=00:00.71 avg=00:00.63 ETA=00:11.96 | GPU MB alloc/reserved=69.9/856.0
2026-04-07 12:24:03 | INFO | [Round 20] epoch=62/80 loss=0.7869 acc=70.64 val_acc=nan data_t=0.0014s batch_t=0.0164s epoch_t=00:00.36 lr=0.000129 | GPU MB alloc/reserved=69.9/856.0
2026-04-07 12:24:03 | INFO | [Round 20] Epoch 62/80 time=00:00.36 avg=00:00.63 ETA=00:11.25 | GPU MB alloc/reserved=69.9/856.0
2026-04-07 12:24:04 | INFO | [Round 20] epoch=63/80 loss=0.7863 acc=70.44 val_acc=nan data_t=0.0021s batch_t=0.0321s epoch_t=00:00.68 lr=0.000116 | GPU MB alloc/reserved=69.9/856.0
2026-04-07 12:24:04 | INFO | [Round 20] Epoch 63/80 time=00:00.68 avg=00:00.63 ETA=00:10.64 | GPU MB alloc/reserved=69.9/856.0
2026-04-07 12:24:04 | INFO | [Round 20] epoch=64/80 loss=0.7748 acc=71.00 val_acc=nan data_t=0.0016s batch_t=0.0344s epoch_t=00:00.72 lr=0.000105 | GPU MB alloc/reserved=69.9/856.0
2026-04-07 12:24:04 | INFO | [Round 20] Epoch 64/80 time=00:00.72 avg=00:00.63 ETA=00:10.04 | GPU MB alloc/reserved=69.9/856.0
2026-04-07 12:24:05 | INFO | [Round 20] epoch=65/80 loss=0.7666 acc=71.68 val_acc=nan data_t=0.0017s batch_t=0.0343s epoch_t=00:00.72 lr=0.000093 | GPU MB alloc/reserved=69.9/856.0
2026-04-07 12:24:05 | INFO | [Round 20] Epoch 65/80 time=00:00.72 avg=00:00.63 ETA=00:09.43 | GPU MB alloc/reserved=69.9/856.0
2026-04-07 12:24:05 | INFO | [Round 20] epoch=66/80 loss=0.7713 acc=70.00 val_acc=nan data_t=0.0027s batch_t=0.0137s epoch_t=00:00.33 lr=0.000083 | GPU MB alloc/reserved=69.9/856.0
2026-04-07 12:24:05 | INFO | [Round 20] Epoch 66/80 time=00:00.33 avg=00:00.62 ETA=00:08.74 | GPU MB alloc/reserved=69.9/856.0
2026-04-07 12:24:06 | INFO | [Round 20] epoch=67/80 loss=0.7234 acc=73.00 val_acc=nan data_t=0.0103s batch_t=0.0319s epoch_t=00:00.84 lr=0.000073 | GPU MB alloc/reserved=69.9/856.0
2026-04-07 12:24:06 | INFO | [Round 20] Epoch 67/80 time=00:00.84 avg=00:00.63 ETA=00:08.16 | GPU MB alloc/reserved=69.9/856.0
2026-04-07 12:24:07 | INFO | [Round 20] epoch=68/80 loss=0.7450 acc=72.16 val_acc=nan data_t=0.0017s batch_t=0.0342s epoch_t=00:00.72 lr=0.000064 | GPU MB alloc/reserved=69.9/856.0
2026-04-07 12:24:07 | INFO | [Round 20] Epoch 68/80 time=00:00.72 avg=00:00.63 ETA=00:07.55 | GPU MB alloc/reserved=69.9/856.0
2026-04-07 12:24:08 | INFO | [Round 20] epoch=69/80 loss=0.7125 acc=73.80 val_acc=nan data_t=0.0025s batch_t=0.0334s epoch_t=00:00.72 lr=0.000055 | GPU MB alloc/reserved=69.9/856.0
2026-04-07 12:24:08 | INFO | [Round 20] Epoch 69/80 time=00:00.72 avg=00:00.63 ETA=00:06.93 | GPU MB alloc/reserved=69.9/856.0
2026-04-07 12:24:08 | INFO | [Round 20] epoch=70/80 loss=0.7197 acc=74.36 val_acc=nan data_t=0.0016s batch_t=0.0123s epoch_t=00:00.28 lr=0.000048 | GPU MB alloc/reserved=69.9/856.0
2026-04-07 12:24:08 | INFO | [Round 20] Epoch 70/80 time=00:00.28 avg=00:00.63 ETA=00:06.25 | GPU MB alloc/reserved=69.9/856.0
2026-04-07 12:24:09 | INFO | [Round 20] epoch=71/80 loss=0.7078 acc=73.32 val_acc=nan data_t=0.0013s batch_t=0.0343s epoch_t=00:00.71 lr=0.000041 | GPU MB alloc/reserved=69.9/856.0
2026-04-07 12:24:09 | INFO | [Round 20] Epoch 71/80 time=00:00.71 avg=00:00.63 ETA=00:05.64 | GPU MB alloc/reserved=69.9/856.0
2026-04-07 12:24:09 | INFO | [Round 20] epoch=72/80 loss=0.7040 acc=74.32 val_acc=nan data_t=0.0017s batch_t=0.0360s epoch_t=00:00.75 lr=0.000034 | GPU MB alloc/reserved=69.9/856.0
2026-04-07 12:24:09 | INFO | [Round 20] Epoch 72/80 time=00:00.75 avg=00:00.63 ETA=00:05.03 | GPU MB alloc/reserved=69.9/856.0
2026-04-07 12:24:10 | INFO | [Round 20] epoch=73/80 loss=0.7268 acc=72.88 val_acc=nan data_t=0.0021s batch_t=0.0340s epoch_t=00:00.72 lr=0.000029 | GPU MB alloc/reserved=69.9/856.0
2026-04-07 12:24:10 | INFO | [Round 20] Epoch 73/80 time=00:00.72 avg=00:00.63 ETA=00:04.41 | GPU MB alloc/reserved=69.9/856.0
2026-04-07 12:24:11 | INFO | [Round 20] epoch=74/80 loss=0.7007 acc=74.08 val_acc=nan data_t=0.0023s batch_t=0.0229s epoch_t=00:00.51 lr=0.000024 | GPU MB alloc/reserved=69.9/856.0
2026-04-07 12:24:11 | INFO | [Round 20] Epoch 74/80 time=00:00.51 avg=00:00.63 ETA=00:03.77 | GPU MB alloc/reserved=69.9/856.0
2026-04-07 12:24:11 | INFO | [Round 20] epoch=75/80 loss=0.7026 acc=74.04 val_acc=nan data_t=0.0015s batch_t=0.0342s epoch_t=00:00.72 lr=0.000020 | GPU MB alloc/reserved=69.9/856.0
2026-04-07 12:24:11 | INFO | [Round 20] Epoch 75/80 time=00:00.72 avg=00:00.63 ETA=00:03.14 | GPU MB alloc/reserved=69.9/856.0
2026-04-07 12:24:12 | INFO | [Round 20] epoch=76/80 loss=0.6887 acc=74.32 val_acc=nan data_t=0.0013s batch_t=0.0342s epoch_t=00:00.71 lr=0.000016 | GPU MB alloc/reserved=69.9/856.0
2026-04-07 12:24:12 | INFO | [Round 20] Epoch 76/80 time=00:00.71 avg=00:00.63 ETA=00:02.52 | GPU MB alloc/reserved=69.9/856.0
2026-04-07 12:24:13 | INFO | [Round 20] epoch=77/80 loss=0.7066 acc=73.68 val_acc=nan data_t=0.0019s batch_t=0.0271s epoch_t=00:00.58 lr=0.000013 | GPU MB alloc/reserved=69.9/856.0
2026-04-07 12:24:13 | INFO | [Round 20] Epoch 77/80 time=00:00.58 avg=00:00.63 ETA=00:01.89 | GPU MB alloc/reserved=69.9/856.0
2026-04-07 12:24:13 | INFO | [Round 20] epoch=78/80 loss=0.7162 acc=74.20 val_acc=nan data_t=0.0020s batch_t=0.0197s epoch_t=00:00.44 lr=0.000012 | GPU MB alloc/reserved=69.9/856.0
2026-04-07 12:24:13 | INFO | [Round 20] Epoch 78/80 time=00:00.44 avg=00:00.63 ETA=00:01.25 | GPU MB alloc/reserved=69.9/856.0
2026-04-07 12:24:14 | INFO | [Round 20] epoch=79/80 loss=0.6984 acc=73.72 val_acc=nan data_t=0.0019s batch_t=0.0342s epoch_t=00:00.72 lr=0.000010 | GPU MB alloc/reserved=69.9/856.0
2026-04-07 12:24:14 | INFO | [Round 20] Epoch 79/80 time=00:00.72 avg=00:00.63 ETA=00:00.63 | GPU MB alloc/reserved=69.9/856.0
2026-04-07 12:24:15 | INFO | [Round 20] epoch=80/80 loss=0.7085 acc=74.00 val_acc=nan data_t=0.0016s batch_t=0.0343s epoch_t=00:00.72 lr=0.000010 | GPU MB alloc/reserved=69.9/856.0
2026-04-07 12:24:15 | INFO | [Round 20] Epoch 80/80 time=00:00.72 avg=00:00.63 ETA=00:00.00 | GPU MB alloc/reserved=69.9/856.0
2026-04-07 12:24:15 | INFO | [Round 20] training complete in 00:50.60 (best monitor=74.360) | GPU MB alloc/reserved=69.9/856.0
2026-04-07 12:24:15 | INFO | [Round 20] evaluation started | GPU MB alloc/reserved=52.0/856.0
2026-04-07 12:24:17 | INFO | [Round 20] clean=62.17 fgsm=51.62 pgd=51.35 grad_disp_mean=nan grad_disp_sel=nan round_t=54.78s | GPU MB alloc/reserved=52.0/856.0
2026-04-07 12:24:17 | INFO | [Round 21/21] elapsed=00:54.78 avg_round=00:36.19 projected_remaining=00:00.00 | GPU MB alloc/reserved=52.0/856.0
2026-04-07 12:24:18 | INFO | Method coreset finished in 778.32s | GPU MB alloc/reserved=34.1/856.0
