2026-04-07 12:37:31 | INFO | Starting method=coreset seed=2 device=cuda run_dir=/data1/doyoung/ADV-AL/experiments/set_ADV_main_moreround/cifar10_small_cnn_coreset_b100_r20/seed_2 | GPU MB alloc/reserved=0.0/0.0
2026-04-07 12:37:31 | INFO | Data loaded in 0.65s (train_total=50000 al_train=50000 val_fixed=0 test=10000) | GPU: n/a
2026-04-07 12:37:32 | INFO | [Round 0] labeled=500 train=500 val_fixed=0 | GPU MB alloc/reserved=8.9/22.0
2026-04-07 12:37:33 | INFO | [Round 0] epoch=1/80 loss=4.9699 acc=11.00 val_acc=nan data_t=0.0410s batch_t=0.2166s epoch_t=00:01.03 lr=0.001000 | GPU MB alloc/reserved=52.0/394.0
2026-04-07 12:37:33 | INFO | [Round 0] Epoch 1/80 time=00:01.03 avg=00:01.03 ETA=01:21.40 | GPU MB alloc/reserved=52.0/394.0
2026-04-07 12:37:33 | INFO | [Round 0] epoch=2/80 loss=5.0293 acc=12.60 val_acc=nan data_t=0.0077s batch_t=0.0089s epoch_t=00:00.07 lr=0.000998 | GPU MB alloc/reserved=52.0/394.0
2026-04-07 12:37:33 | INFO | [Round 0] Epoch 2/80 time=00:00.07 avg=00:00.55 ETA=00:42.78 | GPU MB alloc/reserved=52.0/394.0
2026-04-07 12:37:33 | INFO | [Round 0] epoch=3/80 loss=3.4087 acc=15.80 val_acc=nan data_t=0.0073s batch_t=0.0336s epoch_t=00:00.16 lr=0.000997 | GPU MB alloc/reserved=52.0/394.0
2026-04-07 12:37:33 | INFO | [Round 0] Epoch 3/80 time=00:00.16 avg=00:00.42 ETA=00:32.36 | GPU MB alloc/reserved=52.0/394.0
2026-04-07 12:37:33 | INFO | [Round 0] epoch=4/80 loss=2.5611 acc=22.60 val_acc=nan data_t=0.0082s batch_t=0.0341s epoch_t=00:00.17 lr=0.000994 | GPU MB alloc/reserved=52.0/394.0
2026-04-07 12:37:33 | INFO | [Round 0] Epoch 4/80 time=00:00.17 avg=00:00.36 ETA=00:27.17 | GPU MB alloc/reserved=52.0/394.0
2026-04-07 12:37:33 | INFO | [Round 0] epoch=5/80 loss=2.1216 acc=22.00 val_acc=nan data_t=0.0065s batch_t=0.0344s epoch_t=00:00.16 lr=0.000990 | GPU MB alloc/reserved=52.0/394.0
2026-04-07 12:37:33 | INFO | [Round 0] Epoch 5/80 time=00:00.16 avg=00:00.32 ETA=00:23.91 | GPU MB alloc/reserved=52.0/394.0
2026-04-07 12:37:33 | INFO | [Round 0] epoch=6/80 loss=2.0698 acc=24.60 val_acc=nan data_t=0.0061s batch_t=0.0340s epoch_t=00:00.16 lr=0.000986 | GPU MB alloc/reserved=52.0/394.0
2026-04-07 12:37:33 | INFO | [Round 0] Epoch 6/80 time=00:00.16 avg=00:00.29 ETA=00:21.64 | GPU MB alloc/reserved=52.0/394.0
2026-04-07 12:37:33 | INFO | [Round 0] epoch=7/80 loss=1.9992 acc=27.00 val_acc=nan data_t=0.0097s batch_t=0.0344s epoch_t=00:00.18 lr=0.000981 | GPU MB alloc/reserved=52.0/394.0
2026-04-07 12:37:33 | INFO | [Round 0] Epoch 7/80 time=00:00.18 avg=00:00.28 ETA=00:20.14 | GPU MB alloc/reserved=52.0/394.0
2026-04-07 12:37:34 | INFO | [Round 0] epoch=8/80 loss=2.0062 acc=23.80 val_acc=nan data_t=0.0125s batch_t=0.0342s epoch_t=00:00.19 lr=0.000976 | GPU MB alloc/reserved=52.0/394.0
2026-04-07 12:37:34 | INFO | [Round 0] Epoch 8/80 time=00:00.19 avg=00:00.26 ETA=00:19.06 | GPU MB alloc/reserved=52.0/394.0
2026-04-07 12:37:34 | INFO | [Round 0] epoch=9/80 loss=1.9479 acc=28.20 val_acc=nan data_t=0.0124s batch_t=0.0345s epoch_t=00:00.19 lr=0.000969 | GPU MB alloc/reserved=52.0/394.0
2026-04-07 12:37:34 | INFO | [Round 0] Epoch 9/80 time=00:00.19 avg=00:00.26 ETA=00:18.19 | GPU MB alloc/reserved=52.0/394.0
2026-04-07 12:37:34 | INFO | [Round 0] epoch=10/80 loss=1.9336 acc=32.00 val_acc=nan data_t=0.0126s batch_t=0.0342s epoch_t=00:00.19 lr=0.000962 | GPU MB alloc/reserved=52.0/394.0
2026-04-07 12:37:34 | INFO | [Round 0] Epoch 10/80 time=00:00.19 avg=00:00.25 ETA=00:17.45 | GPU MB alloc/reserved=52.0/394.0
2026-04-07 12:37:34 | INFO | [Round 0] epoch=11/80 loss=1.9297 acc=31.20 val_acc=nan data_t=0.0124s batch_t=0.0343s epoch_t=00:00.19 lr=0.000955 | GPU MB alloc/reserved=52.0/394.0
2026-04-07 12:37:34 | INFO | [Round 0] Epoch 11/80 time=00:00.19 avg=00:00.24 ETA=00:16.81 | GPU MB alloc/reserved=52.0/394.0
2026-04-07 12:37:34 | INFO | [Round 0] epoch=12/80 loss=1.8725 acc=29.40 val_acc=nan data_t=0.0067s batch_t=0.0341s epoch_t=00:00.16 lr=0.000946 | GPU MB alloc/reserved=52.0/394.0
2026-04-07 12:37:34 | INFO | [Round 0] Epoch 12/80 time=00:00.16 avg=00:00.24 ETA=00:16.11 | GPU MB alloc/reserved=52.0/394.0
2026-04-07 12:37:35 | INFO | [Round 0] epoch=13/80 loss=1.8373 acc=31.20 val_acc=nan data_t=0.0100s batch_t=0.0344s epoch_t=00:00.18 lr=0.000937 | GPU MB alloc/reserved=52.0/394.0
2026-04-07 12:37:35 | INFO | [Round 0] Epoch 13/80 time=00:00.18 avg=00:00.23 ETA=00:15.57 | GPU MB alloc/reserved=52.0/394.0
2026-04-07 12:37:35 | INFO | [Round 0] epoch=14/80 loss=1.8209 acc=31.20 val_acc=nan data_t=0.0133s batch_t=0.0343s epoch_t=00:00.19 lr=0.000927 | GPU MB alloc/reserved=52.0/394.0
2026-04-07 12:37:35 | INFO | [Round 0] Epoch 14/80 time=00:00.19 avg=00:00.23 ETA=00:15.14 | GPU MB alloc/reserved=52.0/394.0
2026-04-07 12:37:35 | INFO | [Round 0] epoch=15/80 loss=1.7779 acc=35.80 val_acc=nan data_t=0.0129s batch_t=0.0130s epoch_t=00:00.10 lr=0.000917 | GPU MB alloc/reserved=52.0/394.0
2026-04-07 12:37:35 | INFO | [Round 0] Epoch 15/80 time=00:00.10 avg=00:00.22 ETA=00:14.36 | GPU MB alloc/reserved=52.0/394.0
2026-04-07 12:37:35 | INFO | [Round 0] epoch=16/80 loss=1.8036 acc=32.80 val_acc=nan data_t=0.0124s batch_t=0.0087s epoch_t=00:00.08 lr=0.000905 | GPU MB alloc/reserved=52.0/394.0
2026-04-07 12:37:35 | INFO | [Round 0] Epoch 16/80 time=00:00.08 avg=00:00.21 ETA=00:13.60 | GPU MB alloc/reserved=52.0/394.0
2026-04-07 12:37:35 | INFO | [Round 0] epoch=17/80 loss=1.7486 acc=37.20 val_acc=nan data_t=0.0101s batch_t=0.0239s epoch_t=00:00.14 lr=0.000894 | GPU MB alloc/reserved=52.0/394.0
2026-04-07 12:37:35 | INFO | [Round 0] Epoch 17/80 time=00:00.14 avg=00:00.21 ETA=00:13.10 | GPU MB alloc/reserved=52.0/394.0
2026-04-07 12:37:35 | INFO | [Round 0] epoch=18/80 loss=1.7709 acc=37.40 val_acc=nan data_t=0.0096s batch_t=0.0345s epoch_t=00:00.18 lr=0.000881 | GPU MB alloc/reserved=52.0/394.0
2026-04-07 12:37:35 | INFO | [Round 0] Epoch 18/80 time=00:00.18 avg=00:00.21 ETA=00:12.79 | GPU MB alloc/reserved=52.0/394.0
2026-04-07 12:37:35 | INFO | [Round 0] epoch=19/80 loss=1.6887 acc=38.40 val_acc=nan data_t=0.0102s batch_t=0.0344s epoch_t=00:00.18 lr=0.000868 | GPU MB alloc/reserved=52.0/394.0
2026-04-07 12:37:35 | INFO | [Round 0] Epoch 19/80 time=00:00.18 avg=00:00.20 ETA=00:12.49 | GPU MB alloc/reserved=52.0/394.0
2026-04-07 12:37:36 | INFO | [Round 0] epoch=20/80 loss=1.7139 acc=38.20 val_acc=nan data_t=0.0064s batch_t=0.0342s epoch_t=00:00.16 lr=0.000855 | GPU MB alloc/reserved=52.0/394.0
2026-04-07 12:37:36 | INFO | [Round 0] Epoch 20/80 time=00:00.16 avg=00:00.20 ETA=00:12.16 | GPU MB alloc/reserved=52.0/394.0
2026-04-07 12:37:36 | INFO | [Round 0] epoch=21/80 loss=1.6502 acc=40.00 val_acc=nan data_t=0.0095s batch_t=0.0343s epoch_t=00:00.18 lr=0.000841 | GPU MB alloc/reserved=52.0/394.0
2026-04-07 12:37:36 | INFO | [Round 0] Epoch 21/80 time=00:00.18 avg=00:00.20 ETA=00:11.88 | GPU MB alloc/reserved=52.0/394.0
2026-04-07 12:37:36 | INFO | [Round 0] epoch=22/80 loss=1.6749 acc=40.40 val_acc=nan data_t=0.0132s batch_t=0.0341s epoch_t=00:00.19 lr=0.000826 | GPU MB alloc/reserved=52.0/394.0
2026-04-07 12:37:36 | INFO | [Round 0] Epoch 22/80 time=00:00.19 avg=00:00.20 ETA=00:11.65 | GPU MB alloc/reserved=52.0/394.0
2026-04-07 12:37:36 | INFO | [Round 0] epoch=23/80 loss=1.6197 acc=40.80 val_acc=nan data_t=0.0134s batch_t=0.0344s epoch_t=00:00.19 lr=0.000811 | GPU MB alloc/reserved=52.0/394.0
2026-04-07 12:37:36 | INFO | [Round 0] Epoch 23/80 time=00:00.19 avg=00:00.20 ETA=00:11.42 | GPU MB alloc/reserved=52.0/394.0
2026-04-07 12:37:36 | INFO | [Round 0] epoch=24/80 loss=1.5523 acc=44.40 val_acc=nan data_t=0.0095s batch_t=0.0341s epoch_t=00:00.17 lr=0.000796 | GPU MB alloc/reserved=52.0/394.0
2026-04-07 12:37:36 | INFO | [Round 0] Epoch 24/80 time=00:00.17 avg=00:00.20 ETA=00:11.16 | GPU MB alloc/reserved=52.0/394.0
2026-04-07 12:37:37 | INFO | [Round 0] epoch=25/80 loss=1.5739 acc=43.00 val_acc=nan data_t=0.0136s batch_t=0.0342s epoch_t=00:00.19 lr=0.000780 | GPU MB alloc/reserved=52.0/394.0
2026-04-07 12:37:37 | INFO | [Round 0] Epoch 25/80 time=00:00.19 avg=00:00.20 ETA=00:10.95 | GPU MB alloc/reserved=52.0/394.0
2026-04-07 12:37:37 | INFO | [Round 0] epoch=26/80 loss=1.5386 acc=43.20 val_acc=nan data_t=0.0134s batch_t=0.0341s epoch_t=00:00.19 lr=0.000764 | GPU MB alloc/reserved=52.0/394.0
2026-04-07 12:37:37 | INFO | [Round 0] Epoch 26/80 time=00:00.19 avg=00:00.20 ETA=00:10.73 | GPU MB alloc/reserved=52.0/394.0
2026-04-07 12:37:37 | INFO | [Round 0] epoch=27/80 loss=1.5266 acc=45.60 val_acc=nan data_t=0.0126s batch_t=0.0344s epoch_t=00:00.19 lr=0.000747 | GPU MB alloc/reserved=52.0/394.0
2026-04-07 12:37:37 | INFO | [Round 0] Epoch 27/80 time=00:00.19 avg=00:00.20 ETA=00:10.51 | GPU MB alloc/reserved=52.0/394.0
2026-04-07 12:37:37 | INFO | [Round 0] epoch=28/80 loss=1.5175 acc=43.00 val_acc=nan data_t=0.0134s batch_t=0.0344s epoch_t=00:00.19 lr=0.000730 | GPU MB alloc/reserved=52.0/394.0
2026-04-07 12:37:37 | INFO | [Round 0] Epoch 28/80 time=00:00.19 avg=00:00.20 ETA=00:10.30 | GPU MB alloc/reserved=52.0/394.0
2026-04-07 12:37:37 | INFO | [Round 0] epoch=29/80 loss=1.5540 acc=41.00 val_acc=nan data_t=0.0071s batch_t=0.0135s epoch_t=00:00.08 lr=0.000712 | GPU MB alloc/reserved=52.0/394.0
2026-04-07 12:37:37 | INFO | [Round 0] Epoch 29/80 time=00:00.08 avg=00:00.19 ETA=00:09.90 | GPU MB alloc/reserved=52.0/394.0
2026-04-07 12:37:37 | INFO | [Round 0] epoch=30/80 loss=1.4461 acc=47.40 val_acc=nan data_t=0.0121s batch_t=0.0124s epoch_t=00:00.10 lr=0.000694 | GPU MB alloc/reserved=52.0/394.0
2026-04-07 12:37:37 | INFO | [Round 0] Epoch 30/80 time=00:00.10 avg=00:00.19 ETA=00:09.54 | GPU MB alloc/reserved=52.0/394.0
2026-04-07 12:37:37 | INFO | [Round 0] epoch=31/80 loss=1.4544 acc=45.00 val_acc=nan data_t=0.0123s batch_t=0.0277s epoch_t=00:00.16 lr=0.000676 | GPU MB alloc/reserved=52.0/394.0
2026-04-07 12:37:37 | INFO | [Round 0] Epoch 31/80 time=00:00.16 avg=00:00.19 ETA=00:09.30 | GPU MB alloc/reserved=52.0/394.0
2026-04-07 12:37:38 | INFO | [Round 0] epoch=32/80 loss=1.4056 acc=46.80 val_acc=nan data_t=0.0067s batch_t=0.0345s epoch_t=00:00.16 lr=0.000658 | GPU MB alloc/reserved=52.0/394.0
2026-04-07 12:37:38 | INFO | [Round 0] Epoch 32/80 time=00:00.16 avg=00:00.19 ETA=00:09.08 | GPU MB alloc/reserved=52.0/394.0
2026-04-07 12:37:38 | INFO | [Round 0] epoch=33/80 loss=1.3889 acc=50.60 val_acc=nan data_t=0.0094s batch_t=0.0343s epoch_t=00:00.17 lr=0.000639 | GPU MB alloc/reserved=52.0/394.0
2026-04-07 12:37:38 | INFO | [Round 0] Epoch 33/80 time=00:00.17 avg=00:00.19 ETA=00:08.87 | GPU MB alloc/reserved=52.0/394.0
2026-04-07 12:37:38 | INFO | [Round 0] epoch=34/80 loss=1.3948 acc=48.20 val_acc=nan data_t=0.0095s batch_t=0.0344s epoch_t=00:00.18 lr=0.000621 | GPU MB alloc/reserved=52.0/394.0
2026-04-07 12:37:38 | INFO | [Round 0] Epoch 34/80 time=00:00.18 avg=00:00.19 ETA=00:08.66 | GPU MB alloc/reserved=52.0/394.0
2026-04-07 12:37:38 | INFO | [Round 0] epoch=35/80 loss=1.3775 acc=49.40 val_acc=nan data_t=0.0142s batch_t=0.0347s epoch_t=00:00.20 lr=0.000602 | GPU MB alloc/reserved=52.0/394.0
2026-04-07 12:37:38 | INFO | [Round 0] Epoch 35/80 time=00:00.20 avg=00:00.19 ETA=00:08.48 | GPU MB alloc/reserved=52.0/394.0
2026-04-07 12:37:38 | INFO | [Round 0] epoch=36/80 loss=1.3562 acc=49.00 val_acc=nan data_t=0.0131s batch_t=0.0344s epoch_t=00:00.19 lr=0.000582 | GPU MB alloc/reserved=52.0/394.0
2026-04-07 12:37:38 | INFO | [Round 0] Epoch 36/80 time=00:00.19 avg=00:00.19 ETA=00:08.30 | GPU MB alloc/reserved=52.0/394.0
2026-04-07 12:37:39 | INFO | [Round 0] epoch=37/80 loss=1.3344 acc=51.00 val_acc=nan data_t=0.0103s batch_t=0.0340s epoch_t=00:00.18 lr=0.000563 | GPU MB alloc/reserved=52.0/394.0
2026-04-07 12:37:39 | INFO | [Round 0] Epoch 37/80 time=00:00.18 avg=00:00.19 ETA=00:08.09 | GPU MB alloc/reserved=52.0/394.0
2026-04-07 12:37:39 | INFO | [Round 0] epoch=38/80 loss=1.3103 acc=47.60 val_acc=nan data_t=0.0134s batch_t=0.0347s epoch_t=00:00.19 lr=0.000544 | GPU MB alloc/reserved=52.0/394.0
2026-04-07 12:37:39 | INFO | [Round 0] Epoch 38/80 time=00:00.19 avg=00:00.19 ETA=00:07.91 | GPU MB alloc/reserved=52.0/394.0
2026-04-07 12:37:39 | INFO | [Round 0] epoch=39/80 loss=1.3101 acc=50.00 val_acc=nan data_t=0.0144s batch_t=0.0341s epoch_t=00:00.19 lr=0.000524 | GPU MB alloc/reserved=52.0/394.0
2026-04-07 12:37:39 | INFO | [Round 0] Epoch 39/80 time=00:00.19 avg=00:00.19 ETA=00:07.73 | GPU MB alloc/reserved=52.0/394.0
2026-04-07 12:37:39 | INFO | [Round 0] epoch=40/80 loss=1.3050 acc=52.40 val_acc=nan data_t=0.0146s batch_t=0.0350s epoch_t=00:00.20 lr=0.000505 | GPU MB alloc/reserved=52.0/394.0
2026-04-07 12:37:39 | INFO | [Round 0] Epoch 40/80 time=00:00.20 avg=00:00.19 ETA=00:07.55 | GPU MB alloc/reserved=52.0/394.0
2026-04-07 12:37:39 | INFO | [Round 0] epoch=41/80 loss=1.2901 acc=51.60 val_acc=nan data_t=0.0126s batch_t=0.0342s epoch_t=00:00.19 lr=0.000486 | GPU MB alloc/reserved=52.0/394.0
2026-04-07 12:37:39 | INFO | [Round 0] Epoch 41/80 time=00:00.19 avg=00:00.19 ETA=00:07.36 | GPU MB alloc/reserved=52.0/394.0
2026-04-07 12:37:40 | INFO | [Round 0] epoch=42/80 loss=1.2628 acc=51.40 val_acc=nan data_t=0.0132s batch_t=0.0320s epoch_t=00:00.18 lr=0.000466 | GPU MB alloc/reserved=52.0/394.0
2026-04-07 12:37:40 | INFO | [Round 0] Epoch 42/80 time=00:00.18 avg=00:00.19 ETA=00:07.16 | GPU MB alloc/reserved=52.0/394.0
2026-04-07 12:37:40 | INFO | [Round 0] epoch=43/80 loss=1.3089 acc=49.00 val_acc=nan data_t=0.0141s batch_t=0.0106s epoch_t=00:00.10 lr=0.000447 | GPU MB alloc/reserved=52.0/394.0
2026-04-07 12:37:40 | INFO | [Round 0] Epoch 43/80 time=00:00.10 avg=00:00.19 ETA=00:06.90 | GPU MB alloc/reserved=52.0/394.0
2026-04-07 12:37:40 | INFO | [Round 0] epoch=44/80 loss=1.2411 acc=53.00 val_acc=nan data_t=0.0073s batch_t=0.0094s epoch_t=00:00.07 lr=0.000428 | GPU MB alloc/reserved=52.0/394.0
2026-04-07 12:37:40 | INFO | [Round 0] Epoch 44/80 time=00:00.07 avg=00:00.18 ETA=00:06.61 | GPU MB alloc/reserved=52.0/394.0
2026-04-07 12:37:40 | INFO | [Round 0] epoch=45/80 loss=1.2276 acc=54.80 val_acc=nan data_t=0.0062s batch_t=0.0340s epoch_t=00:00.16 lr=0.000408 | GPU MB alloc/reserved=52.0/394.0
2026-04-07 12:37:40 | INFO | [Round 0] Epoch 45/80 time=00:00.16 avg=00:00.18 ETA=00:06.41 | GPU MB alloc/reserved=52.0/394.0
2026-04-07 12:37:40 | INFO | [Round 0] epoch=46/80 loss=1.2076 acc=54.20 val_acc=nan data_t=0.0089s batch_t=0.0341s epoch_t=00:00.17 lr=0.000389 | GPU MB alloc/reserved=52.0/394.0
2026-04-07 12:37:40 | INFO | [Round 0] Epoch 46/80 time=00:00.17 avg=00:00.18 ETA=00:06.22 | GPU MB alloc/reserved=52.0/394.0
2026-04-07 12:37:40 | INFO | [Round 0] epoch=47/80 loss=1.2247 acc=51.40 val_acc=nan data_t=0.0124s batch_t=0.0340s epoch_t=00:00.19 lr=0.000371 | GPU MB alloc/reserved=52.0/394.0
2026-04-07 12:37:40 | INFO | [Round 0] Epoch 47/80 time=00:00.19 avg=00:00.18 ETA=00:06.04 | GPU MB alloc/reserved=52.0/394.0
2026-04-07 12:37:40 | INFO | [Round 0] epoch=48/80 loss=1.1797 acc=59.20 val_acc=nan data_t=0.0129s batch_t=0.0340s epoch_t=00:00.19 lr=0.000352 | GPU MB alloc/reserved=52.0/394.0
2026-04-07 12:37:40 | INFO | [Round 0] Epoch 48/80 time=00:00.19 avg=00:00.18 ETA=00:05.86 | GPU MB alloc/reserved=52.0/394.0
2026-04-07 12:37:41 | INFO | [Round 0] epoch=49/80 loss=1.2430 acc=52.00 val_acc=nan data_t=0.0136s batch_t=0.0342s epoch_t=00:00.19 lr=0.000334 | GPU MB alloc/reserved=52.0/394.0
2026-04-07 12:37:41 | INFO | [Round 0] Epoch 49/80 time=00:00.19 avg=00:00.18 ETA=00:05.68 | GPU MB alloc/reserved=52.0/394.0
2026-04-07 12:37:41 | INFO | [Round 0] epoch=50/80 loss=1.1899 acc=57.20 val_acc=nan data_t=0.0134s batch_t=0.0341s epoch_t=00:00.19 lr=0.000316 | GPU MB alloc/reserved=52.0/394.0
2026-04-07 12:37:41 | INFO | [Round 0] Epoch 50/80 time=00:00.19 avg=00:00.18 ETA=00:05.50 | GPU MB alloc/reserved=52.0/394.0
2026-04-07 12:37:41 | INFO | [Round 0] epoch=51/80 loss=1.2013 acc=54.60 val_acc=nan data_t=0.0129s batch_t=0.0340s epoch_t=00:00.19 lr=0.000298 | GPU MB alloc/reserved=52.0/394.0
2026-04-07 12:37:41 | INFO | [Round 0] Epoch 51/80 time=00:00.19 avg=00:00.18 ETA=00:05.32 | GPU MB alloc/reserved=52.0/394.0
2026-04-07 12:37:41 | INFO | [Round 0] epoch=52/80 loss=1.1384 acc=56.20 val_acc=nan data_t=0.0136s batch_t=0.0344s epoch_t=00:00.19 lr=0.000280 | GPU MB alloc/reserved=52.0/394.0
2026-04-07 12:37:41 | INFO | [Round 0] Epoch 52/80 time=00:00.19 avg=00:00.18 ETA=00:05.14 | GPU MB alloc/reserved=52.0/394.0
2026-04-07 12:37:41 | INFO | [Round 0] epoch=53/80 loss=1.1514 acc=55.40 val_acc=nan data_t=0.0135s batch_t=0.0345s epoch_t=00:00.19 lr=0.000263 | GPU MB alloc/reserved=52.0/394.0
2026-04-07 12:37:41 | INFO | [Round 0] Epoch 53/80 time=00:00.19 avg=00:00.18 ETA=00:04.96 | GPU MB alloc/reserved=52.0/394.0
2026-04-07 12:37:42 | INFO | [Round 0] epoch=54/80 loss=1.1337 acc=59.00 val_acc=nan data_t=0.0122s batch_t=0.0342s epoch_t=00:00.19 lr=0.000246 | GPU MB alloc/reserved=52.0/394.0
2026-04-07 12:37:42 | INFO | [Round 0] Epoch 54/80 time=00:00.19 avg=00:00.18 ETA=00:04.78 | GPU MB alloc/reserved=52.0/394.0
2026-04-07 12:37:42 | INFO | [Round 0] epoch=55/80 loss=1.1331 acc=57.40 val_acc=nan data_t=0.0134s batch_t=0.0342s epoch_t=00:00.19 lr=0.000230 | GPU MB alloc/reserved=52.0/394.0
2026-04-07 12:37:42 | INFO | [Round 0] Epoch 55/80 time=00:00.19 avg=00:00.18 ETA=00:04.60 | GPU MB alloc/reserved=52.0/394.0
2026-04-07 12:37:42 | INFO | [Round 0] epoch=56/80 loss=1.1335 acc=58.60 val_acc=nan data_t=0.0135s batch_t=0.0177s epoch_t=00:00.13 lr=0.000214 | GPU MB alloc/reserved=52.0/394.0
2026-04-07 12:37:42 | INFO | [Round 0] Epoch 56/80 time=00:00.13 avg=00:00.18 ETA=00:04.39 | GPU MB alloc/reserved=52.0/394.0
2026-04-07 12:37:42 | INFO | [Round 0] epoch=57/80 loss=1.0953 acc=60.40 val_acc=nan data_t=0.0128s batch_t=0.0099s epoch_t=00:00.09 lr=0.000199 | GPU MB alloc/reserved=52.0/394.0
2026-04-07 12:37:42 | INFO | [Round 0] Epoch 57/80 time=00:00.09 avg=00:00.18 ETA=00:04.17 | GPU MB alloc/reserved=52.0/394.0
2026-04-07 12:37:42 | INFO | [Round 0] epoch=58/80 loss=1.0967 acc=56.80 val_acc=nan data_t=0.0066s batch_t=0.0168s epoch_t=00:00.09 lr=0.000184 | GPU MB alloc/reserved=52.0/394.0
2026-04-07 12:37:42 | INFO | [Round 0] Epoch 58/80 time=00:00.09 avg=00:00.18 ETA=00:03.96 | GPU MB alloc/reserved=52.0/394.0
2026-04-07 12:37:42 | INFO | [Round 0] epoch=59/80 loss=1.0745 acc=59.00 val_acc=nan data_t=0.0096s batch_t=0.0341s epoch_t=00:00.17 lr=0.000169 | GPU MB alloc/reserved=52.0/394.0
2026-04-07 12:37:42 | INFO | [Round 0] Epoch 59/80 time=00:00.17 avg=00:00.18 ETA=00:03.78 | GPU MB alloc/reserved=52.0/394.0
2026-04-07 12:37:42 | INFO | [Round 0] epoch=60/80 loss=1.1078 acc=56.00 val_acc=nan data_t=0.0064s batch_t=0.0341s epoch_t=00:00.16 lr=0.000155 | GPU MB alloc/reserved=52.0/394.0
2026-04-07 12:37:42 | INFO | [Round 0] Epoch 60/80 time=00:00.16 avg=00:00.18 ETA=00:03.59 | GPU MB alloc/reserved=52.0/394.0
2026-04-07 12:37:43 | INFO | [Round 0] epoch=61/80 loss=1.1089 acc=58.00 val_acc=nan data_t=0.0074s batch_t=0.0342s epoch_t=00:00.17 lr=0.000142 | GPU MB alloc/reserved=52.0/394.0
2026-04-07 12:37:43 | INFO | [Round 0] Epoch 61/80 time=00:00.17 avg=00:00.18 ETA=00:03.41 | GPU MB alloc/reserved=52.0/394.0
2026-04-07 12:37:43 | INFO | [Round 0] epoch=62/80 loss=1.0401 acc=62.00 val_acc=nan data_t=0.0139s batch_t=0.0342s epoch_t=00:00.19 lr=0.000129 | GPU MB alloc/reserved=52.0/394.0
2026-04-07 12:37:43 | INFO | [Round 0] Epoch 62/80 time=00:00.19 avg=00:00.18 ETA=00:03.23 | GPU MB alloc/reserved=52.0/394.0
2026-04-07 12:37:43 | INFO | [Round 0] epoch=63/80 loss=1.0729 acc=62.00 val_acc=nan data_t=0.0129s batch_t=0.0344s epoch_t=00:00.19 lr=0.000116 | GPU MB alloc/reserved=52.0/394.0
2026-04-07 12:37:43 | INFO | [Round 0] Epoch 63/80 time=00:00.19 avg=00:00.18 ETA=00:03.05 | GPU MB alloc/reserved=52.0/394.0
2026-04-07 12:37:43 | INFO | [Round 0] epoch=64/80 loss=1.1064 acc=58.60 val_acc=nan data_t=0.0146s batch_t=0.0343s epoch_t=00:00.20 lr=0.000105 | GPU MB alloc/reserved=52.0/394.0
2026-04-07 12:37:43 | INFO | [Round 0] Epoch 64/80 time=00:00.20 avg=00:00.18 ETA=00:02.88 | GPU MB alloc/reserved=52.0/394.0
2026-04-07 12:37:43 | INFO | [Round 0] epoch=65/80 loss=1.0378 acc=63.00 val_acc=nan data_t=0.0132s batch_t=0.0343s epoch_t=00:00.19 lr=0.000093 | GPU MB alloc/reserved=52.0/394.0
2026-04-07 12:37:43 | INFO | [Round 0] Epoch 65/80 time=00:00.19 avg=00:00.18 ETA=00:02.70 | GPU MB alloc/reserved=52.0/394.0
2026-04-07 12:37:44 | INFO | [Round 0] epoch=66/80 loss=1.0581 acc=59.80 val_acc=nan data_t=0.0129s batch_t=0.0343s epoch_t=00:00.19 lr=0.000083 | GPU MB alloc/reserved=52.0/394.0
2026-04-07 12:37:44 | INFO | [Round 0] Epoch 66/80 time=00:00.19 avg=00:00.18 ETA=00:02.52 | GPU MB alloc/reserved=52.0/394.0
2026-04-07 12:37:44 | INFO | [Round 0] epoch=67/80 loss=1.0463 acc=60.00 val_acc=nan data_t=0.0140s batch_t=0.0345s epoch_t=00:00.19 lr=0.000073 | GPU MB alloc/reserved=52.0/394.0
2026-04-07 12:37:44 | INFO | [Round 0] Epoch 67/80 time=00:00.19 avg=00:00.18 ETA=00:02.35 | GPU MB alloc/reserved=52.0/394.0
2026-04-07 12:37:44 | INFO | [Round 0] epoch=68/80 loss=1.0359 acc=62.20 val_acc=nan data_t=0.0131s batch_t=0.0345s epoch_t=00:00.19 lr=0.000064 | GPU MB alloc/reserved=52.0/394.0
2026-04-07 12:37:44 | INFO | [Round 0] Epoch 68/80 time=00:00.19 avg=00:00.18 ETA=00:02.17 | GPU MB alloc/reserved=52.0/394.0
2026-04-07 12:37:44 | INFO | [Round 0] epoch=69/80 loss=1.0285 acc=60.60 val_acc=nan data_t=0.0134s batch_t=0.0341s epoch_t=00:00.19 lr=0.000055 | GPU MB alloc/reserved=52.0/394.0
2026-04-07 12:37:44 | INFO | [Round 0] Epoch 69/80 time=00:00.19 avg=00:00.18 ETA=00:01.99 | GPU MB alloc/reserved=52.0/394.0
2026-04-07 12:37:44 | INFO | [Round 0] epoch=70/80 loss=1.0235 acc=63.20 val_acc=nan data_t=0.0094s batch_t=0.0133s epoch_t=00:00.09 lr=0.000048 | GPU MB alloc/reserved=52.0/394.0
2026-04-07 12:37:44 | INFO | [Round 0] Epoch 70/80 time=00:00.09 avg=00:00.18 ETA=00:01.79 | GPU MB alloc/reserved=52.0/394.0
2026-04-07 12:37:44 | INFO | [Round 0] epoch=71/80 loss=1.0276 acc=63.20 val_acc=nan data_t=0.0131s batch_t=0.0127s epoch_t=00:00.10 lr=0.000041 | GPU MB alloc/reserved=52.0/394.0
2026-04-07 12:37:44 | INFO | [Round 0] Epoch 71/80 time=00:00.10 avg=00:00.18 ETA=00:01.60 | GPU MB alloc/reserved=52.0/394.0
2026-04-07 12:37:44 | INFO | [Round 0] epoch=72/80 loss=1.0425 acc=60.60 val_acc=nan data_t=0.0069s batch_t=0.0287s epoch_t=00:00.14 lr=0.000034 | GPU MB alloc/reserved=52.0/394.0
2026-04-07 12:37:44 | INFO | [Round 0] Epoch 72/80 time=00:00.14 avg=00:00.18 ETA=00:01.42 | GPU MB alloc/reserved=52.0/394.0
2026-04-07 12:37:45 | INFO | [Round 0] epoch=73/80 loss=1.0577 acc=61.40 val_acc=nan data_t=0.0093s batch_t=0.0343s epoch_t=00:00.17 lr=0.000029 | GPU MB alloc/reserved=52.0/394.0
2026-04-07 12:37:45 | INFO | [Round 0] Epoch 73/80 time=00:00.17 avg=00:00.18 ETA=00:01.24 | GPU MB alloc/reserved=52.0/394.0
2026-04-07 12:37:45 | INFO | [Round 0] epoch=74/80 loss=1.0245 acc=59.60 val_acc=nan data_t=0.0139s batch_t=0.0342s epoch_t=00:00.19 lr=0.000024 | GPU MB alloc/reserved=52.0/394.0
2026-04-07 12:37:45 | INFO | [Round 0] Epoch 74/80 time=00:00.19 avg=00:00.18 ETA=00:01.07 | GPU MB alloc/reserved=52.0/394.0
2026-04-07 12:37:45 | INFO | [Round 0] epoch=75/80 loss=1.0415 acc=60.60 val_acc=nan data_t=0.0135s batch_t=0.0348s epoch_t=00:00.19 lr=0.000020 | GPU MB alloc/reserved=52.0/394.0
2026-04-07 12:37:45 | INFO | [Round 0] Epoch 75/80 time=00:00.19 avg=00:00.18 ETA=00:00.89 | GPU MB alloc/reserved=52.0/394.0
2026-04-07 12:37:45 | INFO | [Round 0] epoch=76/80 loss=1.0491 acc=60.40 val_acc=nan data_t=0.0093s batch_t=0.0344s epoch_t=00:00.17 lr=0.000016 | GPU MB alloc/reserved=52.0/394.0
2026-04-07 12:37:45 | INFO | [Round 0] Epoch 76/80 time=00:00.17 avg=00:00.18 ETA=00:00.71 | GPU MB alloc/reserved=52.0/394.0
2026-04-07 12:37:45 | INFO | [Round 0] epoch=77/80 loss=1.0115 acc=63.80 val_acc=nan data_t=0.0142s batch_t=0.0344s epoch_t=00:00.19 lr=0.000013 | GPU MB alloc/reserved=52.0/394.0
2026-04-07 12:37:45 | INFO | [Round 0] Epoch 77/80 time=00:00.19 avg=00:00.18 ETA=00:00.54 | GPU MB alloc/reserved=52.0/394.0
2026-04-07 12:37:46 | INFO | [Round 0] epoch=78/80 loss=1.0063 acc=64.00 val_acc=nan data_t=0.0133s batch_t=0.0346s epoch_t=00:00.19 lr=0.000012 | GPU MB alloc/reserved=52.0/394.0
2026-04-07 12:37:46 | INFO | [Round 0] Epoch 78/80 time=00:00.19 avg=00:00.18 ETA=00:00.36 | GPU MB alloc/reserved=52.0/394.0
2026-04-07 12:37:46 | INFO | [Round 0] epoch=79/80 loss=1.0341 acc=61.00 val_acc=nan data_t=0.0131s batch_t=0.0340s epoch_t=00:00.19 lr=0.000010 | GPU MB alloc/reserved=52.0/394.0
2026-04-07 12:37:46 | INFO | [Round 0] Epoch 79/80 time=00:00.19 avg=00:00.18 ETA=00:00.18 | GPU MB alloc/reserved=52.0/394.0
2026-04-07 12:37:46 | INFO | [Round 0] epoch=80/80 loss=1.0207 acc=64.60 val_acc=nan data_t=0.0137s batch_t=0.0342s epoch_t=00:00.19 lr=0.000010 | GPU MB alloc/reserved=52.0/394.0
2026-04-07 12:37:46 | INFO | [Round 0] Epoch 80/80 time=00:00.19 avg=00:00.18 ETA=00:00.00 | GPU MB alloc/reserved=52.0/394.0
2026-04-07 12:37:46 | INFO | [Round 0] training complete in 00:14.40 (best monitor=64.600) | GPU MB alloc/reserved=52.0/394.0
2026-04-07 12:37:46 | INFO | [Round 0] evaluation started | GPU MB alloc/reserved=34.1/394.0
2026-04-07 12:37:49 | INFO | [Round 0] clean=44.56 fgsm=37.10 pgd=36.96 grad_disp_mean=nan grad_disp_sel=nan round_t=17.23s | GPU MB alloc/reserved=34.1/846.0
2026-04-07 12:37:49 | INFO | [Round 1/21] elapsed=00:17.23 avg_round=00:17.23 projected_remaining=05:44.61 | GPU MB alloc/reserved=34.1/846.0
2026-04-07 12:37:49 | INFO | [Round 1] acquisition on pool_size=49500 scored_pool=5000 budget=100 | GPU MB alloc/reserved=34.1/846.0
2026-04-07 12:37:50 | INFO | [CoreSet-unlabeled-feat] scoring progress 10/20 elapsed=00:00.19 avg/batch=0.019s ETA=00:00.19 | GPU MB alloc/reserved=40.6/846.0
2026-04-07 12:37:50 | INFO | [CoreSet-unlabeled-feat] scoring progress 20/20 elapsed=00:00.22 avg/batch=0.011s ETA=00:00.00 | GPU MB alloc/reserved=40.6/848.0
2026-04-07 12:37:50 | INFO | [CoreSet-labeled-feat] scoring progress 2/2 elapsed=00:00.14 avg/batch=0.071s ETA=00:00.00 | GPU MB alloc/reserved=42.5/848.0
2026-04-07 12:37:50 | INFO | [CoreSet] greedy 10/100 cover_radius=32.532894 | GPU: n/a
2026-04-07 12:37:50 | INFO | [CoreSet] greedy 20/100 cover_radius=29.092617 | GPU: n/a
2026-04-07 12:37:50 | INFO | [CoreSet] greedy 30/100 cover_radius=27.786503 | GPU: n/a
2026-04-07 12:37:50 | INFO | [CoreSet] greedy 40/100 cover_radius=26.858862 | GPU: n/a
2026-04-07 12:37:51 | INFO | [CoreSet] greedy 50/100 cover_radius=25.892467 | GPU: n/a
2026-04-07 12:37:51 | INFO | [CoreSet] greedy 60/100 cover_radius=25.350069 | GPU: n/a
2026-04-07 12:37:51 | INFO | [CoreSet] greedy 70/100 cover_radius=24.944304 | GPU: n/a
2026-04-07 12:37:51 | INFO | [CoreSet] greedy 80/100 cover_radius=24.378017 | GPU: n/a
2026-04-07 12:37:51 | INFO | [CoreSet] greedy 90/100 cover_radius=24.089808 | GPU: n/a
2026-04-07 12:37:51 | INFO | [CoreSet] greedy 100/100 cover_radius=23.628397 | GPU: n/a
2026-04-07 12:37:51 | INFO | [Round 1] labeled=600 train=600 val_fixed=0 | GPU MB alloc/reserved=43.1/848.0
2026-04-07 12:37:52 | INFO | [Round 1] epoch=1/80 loss=6.1791 acc=10.33 val_acc=nan data_t=0.0336s batch_t=0.0404s epoch_t=00:00.37 lr=0.001000 | GPU MB alloc/reserved=69.9/848.0
2026-04-07 12:37:52 | INFO | [Round 1] Epoch 1/80 time=00:00.37 avg=00:00.37 ETA=00:29.24 | GPU MB alloc/reserved=69.9/848.0
2026-04-07 12:37:52 | INFO | [Round 1] epoch=2/80 loss=3.6649 acc=12.67 val_acc=nan data_t=0.0068s batch_t=0.0341s epoch_t=00:00.20 lr=0.000998 | GPU MB alloc/reserved=69.9/848.0
2026-04-07 12:37:52 | INFO | [Round 1] Epoch 2/80 time=00:00.20 avg=00:00.29 ETA=00:22.41 | GPU MB alloc/reserved=69.9/848.0
2026-04-07 12:37:52 | INFO | [Round 1] epoch=3/80 loss=2.5839 acc=16.50 val_acc=nan data_t=0.0118s batch_t=0.0340s epoch_t=00:00.23 lr=0.000997 | GPU MB alloc/reserved=69.9/848.0
2026-04-07 12:37:52 | INFO | [Round 1] Epoch 3/80 time=00:00.23 avg=00:00.27 ETA=00:20.63 | GPU MB alloc/reserved=69.9/848.0
2026-04-07 12:37:52 | INFO | [Round 1] epoch=4/80 loss=2.2313 acc=21.17 val_acc=nan data_t=0.0111s batch_t=0.0338s epoch_t=00:00.22 lr=0.000994 | GPU MB alloc/reserved=69.9/848.0
2026-04-07 12:37:52 | INFO | [Round 1] Epoch 4/80 time=00:00.22 avg=00:00.26 ETA=00:19.54 | GPU MB alloc/reserved=69.9/848.0
2026-04-07 12:37:52 | INFO | [Round 1] epoch=5/80 loss=2.1517 acc=22.00 val_acc=nan data_t=0.0113s batch_t=0.0344s epoch_t=00:00.23 lr=0.000990 | GPU MB alloc/reserved=69.9/848.0
2026-04-07 12:37:52 | INFO | [Round 1] Epoch 5/80 time=00:00.23 avg=00:00.25 ETA=00:18.86 | GPU MB alloc/reserved=69.9/848.0
2026-04-07 12:37:53 | INFO | [Round 1] epoch=6/80 loss=2.0617 acc=26.50 val_acc=nan data_t=0.0107s batch_t=0.0342s epoch_t=00:00.22 lr=0.000986 | GPU MB alloc/reserved=69.9/848.0
2026-04-07 12:37:53 | INFO | [Round 1] Epoch 6/80 time=00:00.22 avg=00:00.25 ETA=00:18.28 | GPU MB alloc/reserved=69.9/848.0
2026-04-07 12:37:53 | INFO | [Round 1] epoch=7/80 loss=2.0300 acc=24.50 val_acc=nan data_t=0.0106s batch_t=0.0341s epoch_t=00:00.22 lr=0.000981 | GPU MB alloc/reserved=69.9/848.0
2026-04-07 12:37:53 | INFO | [Round 1] Epoch 7/80 time=00:00.22 avg=00:00.24 ETA=00:17.79 | GPU MB alloc/reserved=69.9/848.0
2026-04-07 12:37:53 | INFO | [Round 1] epoch=8/80 loss=1.9944 acc=26.33 val_acc=nan data_t=0.0105s batch_t=0.0340s epoch_t=00:00.22 lr=0.000976 | GPU MB alloc/reserved=69.9/848.0
2026-04-07 12:37:53 | INFO | [Round 1] Epoch 8/80 time=00:00.22 avg=00:00.24 ETA=00:17.36 | GPU MB alloc/reserved=69.9/848.0
2026-04-07 12:37:53 | INFO | [Round 1] epoch=9/80 loss=1.9682 acc=27.33 val_acc=nan data_t=0.0105s batch_t=0.0290s epoch_t=00:00.20 lr=0.000969 | GPU MB alloc/reserved=69.9/848.0
2026-04-07 12:37:53 | INFO | [Round 1] Epoch 9/80 time=00:00.20 avg=00:00.24 ETA=00:16.77 | GPU MB alloc/reserved=69.9/848.0
2026-04-07 12:37:53 | INFO | [Round 1] epoch=10/80 loss=1.9249 acc=30.33 val_acc=nan data_t=0.0100s batch_t=0.0101s epoch_t=00:00.10 lr=0.000962 | GPU MB alloc/reserved=69.9/848.0
2026-04-07 12:37:53 | INFO | [Round 1] Epoch 10/80 time=00:00.10 avg=00:00.22 ETA=00:15.59 | GPU MB alloc/reserved=69.9/848.0
2026-04-07 12:37:54 | INFO | [Round 1] epoch=11/80 loss=1.8995 acc=29.67 val_acc=nan data_t=0.0081s batch_t=0.0270s epoch_t=00:00.18 lr=0.000955 | GPU MB alloc/reserved=69.9/848.0
2026-04-07 12:37:54 | INFO | [Round 1] Epoch 11/80 time=00:00.18 avg=00:00.22 ETA=00:15.07 | GPU MB alloc/reserved=69.9/848.0
2026-04-07 12:37:54 | INFO | [Round 1] epoch=12/80 loss=1.8909 acc=28.83 val_acc=nan data_t=0.0080s batch_t=0.0340s epoch_t=00:00.21 lr=0.000946 | GPU MB alloc/reserved=69.9/848.0
2026-04-07 12:37:54 | INFO | [Round 1] Epoch 12/80 time=00:00.21 avg=00:00.22 ETA=00:14.81 | GPU MB alloc/reserved=69.9/848.0
2026-04-07 12:37:54 | INFO | [Round 1] epoch=13/80 loss=1.8633 acc=34.50 val_acc=nan data_t=0.0104s batch_t=0.0342s epoch_t=00:00.22 lr=0.000937 | GPU MB alloc/reserved=69.9/848.0
2026-04-07 12:37:54 | INFO | [Round 1] Epoch 13/80 time=00:00.22 avg=00:00.22 ETA=00:14.62 | GPU MB alloc/reserved=69.9/848.0
2026-04-07 12:37:54 | INFO | [Round 1] epoch=14/80 loss=1.8303 acc=33.83 val_acc=nan data_t=0.0103s batch_t=0.0341s epoch_t=00:00.22 lr=0.000927 | GPU MB alloc/reserved=69.9/848.0
2026-04-07 12:37:54 | INFO | [Round 1] Epoch 14/80 time=00:00.22 avg=00:00.22 ETA=00:14.42 | GPU MB alloc/reserved=69.9/848.0
2026-04-07 12:37:54 | INFO | [Round 1] epoch=15/80 loss=1.8165 acc=31.50 val_acc=nan data_t=0.0102s batch_t=0.0338s epoch_t=00:00.22 lr=0.000917 | GPU MB alloc/reserved=69.9/848.0
2026-04-07 12:37:54 | INFO | [Round 1] Epoch 15/80 time=00:00.22 avg=00:00.22 ETA=00:14.21 | GPU MB alloc/reserved=69.9/848.0
2026-04-07 12:37:55 | INFO | [Round 1] epoch=16/80 loss=1.7749 acc=34.83 val_acc=nan data_t=0.0110s batch_t=0.0345s epoch_t=00:00.23 lr=0.000905 | GPU MB alloc/reserved=69.9/848.0
2026-04-07 12:37:55 | INFO | [Round 1] Epoch 16/80 time=00:00.23 avg=00:00.22 ETA=00:14.02 | GPU MB alloc/reserved=69.9/848.0
2026-04-07 12:37:55 | INFO | [Round 1] epoch=17/80 loss=1.7574 acc=35.83 val_acc=nan data_t=0.0106s batch_t=0.0342s epoch_t=00:00.22 lr=0.000894 | GPU MB alloc/reserved=69.9/848.0
2026-04-07 12:37:55 | INFO | [Round 1] Epoch 17/80 time=00:00.22 avg=00:00.22 ETA=00:13.83 | GPU MB alloc/reserved=69.9/848.0
2026-04-07 12:37:55 | INFO | [Round 1] epoch=18/80 loss=1.7660 acc=37.00 val_acc=nan data_t=0.0114s batch_t=0.0343s epoch_t=00:00.23 lr=0.000881 | GPU MB alloc/reserved=69.9/848.0
2026-04-07 12:37:55 | INFO | [Round 1] Epoch 18/80 time=00:00.23 avg=00:00.22 ETA=00:13.64 | GPU MB alloc/reserved=69.9/848.0
2026-04-07 12:37:55 | INFO | [Round 1] epoch=19/80 loss=1.6852 acc=36.67 val_acc=nan data_t=0.0117s batch_t=0.0345s epoch_t=00:00.23 lr=0.000868 | GPU MB alloc/reserved=69.9/848.0
2026-04-07 12:37:55 | INFO | [Round 1] Epoch 19/80 time=00:00.23 avg=00:00.22 ETA=00:13.45 | GPU MB alloc/reserved=69.9/848.0
2026-04-07 12:37:56 | INFO | [Round 1] epoch=20/80 loss=1.6580 acc=39.83 val_acc=nan data_t=0.0111s batch_t=0.0339s epoch_t=00:00.23 lr=0.000855 | GPU MB alloc/reserved=69.9/848.0
2026-04-07 12:37:56 | INFO | [Round 1] Epoch 20/80 time=00:00.23 avg=00:00.22 ETA=00:13.25 | GPU MB alloc/reserved=69.9/848.0
2026-04-07 12:37:56 | INFO | [Round 1] epoch=21/80 loss=1.6347 acc=38.67 val_acc=nan data_t=0.0119s batch_t=0.0106s epoch_t=00:00.11 lr=0.000841 | GPU MB alloc/reserved=69.9/848.0
2026-04-07 12:37:56 | INFO | [Round 1] Epoch 21/80 time=00:00.11 avg=00:00.22 ETA=00:12.72 | GPU MB alloc/reserved=69.9/848.0
2026-04-07 12:37:56 | INFO | [Round 1] epoch=22/80 loss=1.5920 acc=40.67 val_acc=nan data_t=0.0054s batch_t=0.0168s epoch_t=00:00.11 lr=0.000826 | GPU MB alloc/reserved=69.9/848.0
2026-04-07 12:37:56 | INFO | [Round 1] Epoch 22/80 time=00:00.11 avg=00:00.21 ETA=00:12.23 | GPU MB alloc/reserved=69.9/848.0
2026-04-07 12:37:56 | INFO | [Round 1] epoch=23/80 loss=1.5618 acc=42.50 val_acc=nan data_t=0.0104s batch_t=0.0340s epoch_t=00:00.22 lr=0.000811 | GPU MB alloc/reserved=69.9/848.0
2026-04-07 12:37:56 | INFO | [Round 1] Epoch 23/80 time=00:00.22 avg=00:00.21 ETA=00:12.05 | GPU MB alloc/reserved=69.9/848.0
2026-04-07 12:37:56 | INFO | [Round 1] epoch=24/80 loss=1.5437 acc=43.83 val_acc=nan data_t=0.0118s batch_t=0.0339s epoch_t=00:00.23 lr=0.000796 | GPU MB alloc/reserved=69.9/848.0
2026-04-07 12:37:56 | INFO | [Round 1] Epoch 24/80 time=00:00.23 avg=00:00.21 ETA=00:11.88 | GPU MB alloc/reserved=69.9/848.0
2026-04-07 12:37:57 | INFO | [Round 1] epoch=25/80 loss=1.5264 acc=43.50 val_acc=nan data_t=0.0119s batch_t=0.0342s epoch_t=00:00.23 lr=0.000780 | GPU MB alloc/reserved=69.9/848.0
2026-04-07 12:37:57 | INFO | [Round 1] Epoch 25/80 time=00:00.23 avg=00:00.21 ETA=00:11.71 | GPU MB alloc/reserved=69.9/848.0
2026-04-07 12:37:57 | INFO | [Round 1] epoch=26/80 loss=1.4989 acc=44.33 val_acc=nan data_t=0.0111s batch_t=0.0340s epoch_t=00:00.23 lr=0.000764 | GPU MB alloc/reserved=69.9/848.0
2026-04-07 12:37:57 | INFO | [Round 1] Epoch 26/80 time=00:00.23 avg=00:00.21 ETA=00:11.52 | GPU MB alloc/reserved=69.9/848.0
2026-04-07 12:37:57 | INFO | [Round 1] epoch=27/80 loss=1.5076 acc=44.83 val_acc=nan data_t=0.0107s batch_t=0.0342s epoch_t=00:00.22 lr=0.000747 | GPU MB alloc/reserved=69.9/848.0
2026-04-07 12:37:57 | INFO | [Round 1] Epoch 27/80 time=00:00.22 avg=00:00.21 ETA=00:11.33 | GPU MB alloc/reserved=69.9/848.0
2026-04-07 12:37:57 | INFO | [Round 1] epoch=28/80 loss=1.4326 acc=48.00 val_acc=nan data_t=0.0124s batch_t=0.0342s epoch_t=00:00.23 lr=0.000730 | GPU MB alloc/reserved=69.9/848.0
2026-04-07 12:37:57 | INFO | [Round 1] Epoch 28/80 time=00:00.23 avg=00:00.21 ETA=00:11.15 | GPU MB alloc/reserved=69.9/848.0
2026-04-07 12:37:57 | INFO | [Round 1] epoch=29/80 loss=1.4252 acc=46.50 val_acc=nan data_t=0.0114s batch_t=0.0338s epoch_t=00:00.23 lr=0.000712 | GPU MB alloc/reserved=69.9/848.0
2026-04-07 12:37:57 | INFO | [Round 1] Epoch 29/80 time=00:00.23 avg=00:00.21 ETA=00:10.96 | GPU MB alloc/reserved=69.9/848.0
2026-04-07 12:37:58 | INFO | [Round 1] epoch=30/80 loss=1.4515 acc=45.50 val_acc=nan data_t=0.0116s batch_t=0.0339s epoch_t=00:00.23 lr=0.000694 | GPU MB alloc/reserved=69.9/848.0
2026-04-07 12:37:58 | INFO | [Round 1] Epoch 30/80 time=00:00.23 avg=00:00.22 ETA=00:10.76 | GPU MB alloc/reserved=69.9/848.0
2026-04-07 12:37:58 | INFO | [Round 1] epoch=31/80 loss=1.3831 acc=51.67 val_acc=nan data_t=0.0116s batch_t=0.0342s epoch_t=00:00.23 lr=0.000676 | GPU MB alloc/reserved=69.9/848.0
2026-04-07 12:37:58 | INFO | [Round 1] Epoch 31/80 time=00:00.23 avg=00:00.22 ETA=00:10.57 | GPU MB alloc/reserved=69.9/848.0
2026-04-07 12:37:58 | INFO | [Round 1] epoch=32/80 loss=1.4058 acc=48.50 val_acc=nan data_t=0.0117s batch_t=0.0100s epoch_t=00:00.11 lr=0.000658 | GPU MB alloc/reserved=69.9/848.0
2026-04-07 12:37:58 | INFO | [Round 1] Epoch 32/80 time=00:00.11 avg=00:00.21 ETA=00:10.19 | GPU MB alloc/reserved=69.9/848.0
2026-04-07 12:37:58 | INFO | [Round 1] epoch=33/80 loss=1.3723 acc=47.50 val_acc=nan data_t=0.0051s batch_t=0.0099s epoch_t=00:00.08 lr=0.000639 | GPU MB alloc/reserved=69.9/848.0
2026-04-07 12:37:58 | INFO | [Round 1] Epoch 33/80 time=00:00.08 avg=00:00.21 ETA=00:09.78 | GPU MB alloc/reserved=69.9/848.0
2026-04-07 12:37:58 | INFO | [Round 1] epoch=34/80 loss=1.3419 acc=48.67 val_acc=nan data_t=0.0047s batch_t=0.0340s epoch_t=00:00.19 lr=0.000621 | GPU MB alloc/reserved=69.9/848.0
2026-04-07 12:37:58 | INFO | [Round 1] Epoch 34/80 time=00:00.19 avg=00:00.21 ETA=00:09.56 | GPU MB alloc/reserved=69.9/848.0
2026-04-07 12:37:58 | INFO | [Round 1] epoch=35/80 loss=1.3510 acc=50.50 val_acc=nan data_t=0.0048s batch_t=0.0338s epoch_t=00:00.19 lr=0.000602 | GPU MB alloc/reserved=69.9/848.0
2026-04-07 12:37:58 | INFO | [Round 1] Epoch 35/80 time=00:00.19 avg=00:00.21 ETA=00:09.33 | GPU MB alloc/reserved=69.9/848.0
2026-04-07 12:37:59 | INFO | [Round 1] epoch=36/80 loss=1.3188 acc=50.50 val_acc=nan data_t=0.0113s batch_t=0.0341s epoch_t=00:00.23 lr=0.000582 | GPU MB alloc/reserved=69.9/848.0
2026-04-07 12:37:59 | INFO | [Round 1] Epoch 36/80 time=00:00.23 avg=00:00.21 ETA=00:09.15 | GPU MB alloc/reserved=69.9/848.0
2026-04-07 12:37:59 | INFO | [Round 1] epoch=37/80 loss=1.2962 acc=51.00 val_acc=nan data_t=0.0116s batch_t=0.0347s epoch_t=00:00.23 lr=0.000563 | GPU MB alloc/reserved=69.9/848.0
2026-04-07 12:37:59 | INFO | [Round 1] Epoch 37/80 time=00:00.23 avg=00:00.21 ETA=00:08.97 | GPU MB alloc/reserved=69.9/848.0
2026-04-07 12:37:59 | INFO | [Round 1] epoch=38/80 loss=1.2614 acc=53.50 val_acc=nan data_t=0.0112s batch_t=0.0343s epoch_t=00:00.23 lr=0.000544 | GPU MB alloc/reserved=69.9/848.0
2026-04-07 12:37:59 | INFO | [Round 1] Epoch 38/80 time=00:00.23 avg=00:00.21 ETA=00:08.78 | GPU MB alloc/reserved=69.9/848.0
2026-04-07 12:37:59 | INFO | [Round 1] epoch=39/80 loss=1.2711 acc=55.33 val_acc=nan data_t=0.0080s batch_t=0.0339s epoch_t=00:00.21 lr=0.000524 | GPU MB alloc/reserved=69.9/848.0
2026-04-07 12:37:59 | INFO | [Round 1] Epoch 39/80 time=00:00.21 avg=00:00.21 ETA=00:08.57 | GPU MB alloc/reserved=69.9/848.0
2026-04-07 12:38:00 | INFO | [Round 1] epoch=40/80 loss=1.2646 acc=53.17 val_acc=nan data_t=0.0115s batch_t=0.0342s epoch_t=00:00.23 lr=0.000505 | GPU MB alloc/reserved=69.9/848.0
2026-04-07 12:38:00 | INFO | [Round 1] Epoch 40/80 time=00:00.23 avg=00:00.21 ETA=00:08.38 | GPU MB alloc/reserved=69.9/848.0
2026-04-07 12:38:00 | INFO | [Round 1] epoch=41/80 loss=1.2000 acc=54.17 val_acc=nan data_t=0.0109s batch_t=0.0341s epoch_t=00:00.23 lr=0.000486 | GPU MB alloc/reserved=69.9/848.0
2026-04-07 12:38:00 | INFO | [Round 1] Epoch 41/80 time=00:00.23 avg=00:00.21 ETA=00:08.19 | GPU MB alloc/reserved=69.9/848.0
2026-04-07 12:38:00 | INFO | [Round 1] epoch=42/80 loss=1.2097 acc=54.50 val_acc=nan data_t=0.0107s batch_t=0.0339s epoch_t=00:00.22 lr=0.000466 | GPU MB alloc/reserved=69.9/848.0
2026-04-07 12:38:00 | INFO | [Round 1] Epoch 42/80 time=00:00.22 avg=00:00.21 ETA=00:07.99 | GPU MB alloc/reserved=69.9/848.0
2026-04-07 12:38:00 | INFO | [Round 1] epoch=43/80 loss=1.1842 acc=57.17 val_acc=nan data_t=0.0115s batch_t=0.0304s epoch_t=00:00.21 lr=0.000447 | GPU MB alloc/reserved=69.9/848.0
2026-04-07 12:38:00 | INFO | [Round 1] Epoch 43/80 time=00:00.21 avg=00:00.21 ETA=00:07.78 | GPU MB alloc/reserved=69.9/848.0
2026-04-07 12:38:00 | INFO | [Round 1] epoch=44/80 loss=1.1924 acc=56.17 val_acc=nan data_t=0.0121s batch_t=0.0096s epoch_t=00:00.11 lr=0.000428 | GPU MB alloc/reserved=69.9/848.0
2026-04-07 12:38:00 | INFO | [Round 1] Epoch 44/80 time=00:00.11 avg=00:00.21 ETA=00:07.49 | GPU MB alloc/reserved=69.9/848.0
2026-04-07 12:38:01 | INFO | [Round 1] epoch=45/80 loss=1.1815 acc=56.00 val_acc=nan data_t=0.0054s batch_t=0.0249s epoch_t=00:00.15 lr=0.000408 | GPU MB alloc/reserved=69.9/848.0
2026-04-07 12:38:01 | INFO | [Round 1] Epoch 45/80 time=00:00.15 avg=00:00.21 ETA=00:07.23 | GPU MB alloc/reserved=69.9/848.0
2026-04-07 12:38:01 | INFO | [Round 1] epoch=46/80 loss=1.1307 acc=57.50 val_acc=nan data_t=0.0079s batch_t=0.0341s epoch_t=00:00.21 lr=0.000389 | GPU MB alloc/reserved=69.9/848.0
2026-04-07 12:38:01 | INFO | [Round 1] Epoch 46/80 time=00:00.21 avg=00:00.21 ETA=00:07.03 | GPU MB alloc/reserved=69.9/848.0
2026-04-07 12:38:01 | INFO | [Round 1] epoch=47/80 loss=1.1327 acc=57.33 val_acc=nan data_t=0.0121s batch_t=0.0341s epoch_t=00:00.23 lr=0.000371 | GPU MB alloc/reserved=69.9/848.0
2026-04-07 12:38:01 | INFO | [Round 1] Epoch 47/80 time=00:00.23 avg=00:00.21 ETA=00:06.84 | GPU MB alloc/reserved=69.9/848.0
2026-04-07 12:38:01 | INFO | [Round 1] epoch=48/80 loss=1.1500 acc=58.00 val_acc=nan data_t=0.0099s batch_t=0.0339s epoch_t=00:00.22 lr=0.000352 | GPU MB alloc/reserved=69.9/848.0
2026-04-07 12:38:01 | INFO | [Round 1] Epoch 48/80 time=00:00.22 avg=00:00.21 ETA=00:06.64 | GPU MB alloc/reserved=69.9/848.0
2026-04-07 12:38:01 | INFO | [Round 1] epoch=49/80 loss=1.1176 acc=58.67 val_acc=nan data_t=0.0110s batch_t=0.0343s epoch_t=00:00.23 lr=0.000334 | GPU MB alloc/reserved=69.9/848.0
2026-04-07 12:38:01 | INFO | [Round 1] Epoch 49/80 time=00:00.23 avg=00:00.21 ETA=00:06.45 | GPU MB alloc/reserved=69.9/848.0
2026-04-07 12:38:02 | INFO | [Round 1] epoch=50/80 loss=1.0910 acc=60.17 val_acc=nan data_t=0.0083s batch_t=0.0340s epoch_t=00:00.21 lr=0.000316 | GPU MB alloc/reserved=69.9/848.0
2026-04-07 12:38:02 | INFO | [Round 1] Epoch 50/80 time=00:00.21 avg=00:00.21 ETA=00:06.24 | GPU MB alloc/reserved=69.9/848.0
2026-04-07 12:38:02 | INFO | [Round 1] epoch=51/80 loss=1.1010 acc=59.67 val_acc=nan data_t=0.0103s batch_t=0.0340s epoch_t=00:00.22 lr=0.000298 | GPU MB alloc/reserved=69.9/848.0
2026-04-07 12:38:02 | INFO | [Round 1] Epoch 51/80 time=00:00.22 avg=00:00.21 ETA=00:06.04 | GPU MB alloc/reserved=69.9/848.0
2026-04-07 12:38:02 | INFO | [Round 1] epoch=52/80 loss=1.0689 acc=61.67 val_acc=nan data_t=0.0052s batch_t=0.0339s epoch_t=00:00.20 lr=0.000280 | GPU MB alloc/reserved=69.9/848.0
2026-04-07 12:38:02 | INFO | [Round 1] Epoch 52/80 time=00:00.20 avg=00:00.21 ETA=00:05.82 | GPU MB alloc/reserved=69.9/848.0
2026-04-07 12:38:02 | INFO | [Round 1] epoch=53/80 loss=1.1029 acc=58.67 val_acc=nan data_t=0.0051s batch_t=0.0338s epoch_t=00:00.19 lr=0.000263 | GPU MB alloc/reserved=69.9/848.0
2026-04-07 12:38:02 | INFO | [Round 1] Epoch 53/80 time=00:00.19 avg=00:00.21 ETA=00:05.61 | GPU MB alloc/reserved=69.9/848.0
2026-04-07 12:38:02 | INFO | [Round 1] epoch=54/80 loss=1.0667 acc=60.83 val_acc=nan data_t=0.0051s batch_t=0.0341s epoch_t=00:00.20 lr=0.000246 | GPU MB alloc/reserved=69.9/848.0
2026-04-07 12:38:02 | INFO | [Round 1] Epoch 54/80 time=00:00.20 avg=00:00.21 ETA=00:05.40 | GPU MB alloc/reserved=69.9/848.0
2026-04-07 12:38:03 | INFO | [Round 1] epoch=55/80 loss=1.0387 acc=63.33 val_acc=nan data_t=0.0100s batch_t=0.0248s epoch_t=00:00.17 lr=0.000230 | GPU MB alloc/reserved=69.9/848.0
2026-04-07 12:38:03 | INFO | [Round 1] Epoch 55/80 time=00:00.17 avg=00:00.21 ETA=00:05.17 | GPU MB alloc/reserved=69.9/848.0
2026-04-07 12:38:03 | INFO | [Round 1] epoch=56/80 loss=1.0247 acc=60.83 val_acc=nan data_t=0.0089s batch_t=0.0097s epoch_t=00:00.09 lr=0.000214 | GPU MB alloc/reserved=69.9/848.0
2026-04-07 12:38:03 | INFO | [Round 1] Epoch 56/80 time=00:00.09 avg=00:00.20 ETA=00:04.92 | GPU MB alloc/reserved=69.9/848.0
2026-04-07 12:38:03 | INFO | [Round 1] epoch=57/80 loss=1.0109 acc=61.50 val_acc=nan data_t=0.0051s batch_t=0.0220s epoch_t=00:00.14 lr=0.000199 | GPU MB alloc/reserved=69.9/848.0
2026-04-07 12:38:03 | INFO | [Round 1] Epoch 57/80 time=00:00.14 avg=00:00.20 ETA=00:04.69 | GPU MB alloc/reserved=69.9/848.0
2026-04-07 12:38:03 | INFO | [Round 1] epoch=58/80 loss=1.0143 acc=60.67 val_acc=nan data_t=0.0080s batch_t=0.0342s epoch_t=00:00.21 lr=0.000184 | GPU MB alloc/reserved=69.9/848.0
2026-04-07 12:38:03 | INFO | [Round 1] Epoch 58/80 time=00:00.21 avg=00:00.20 ETA=00:04.48 | GPU MB alloc/reserved=69.9/848.0
2026-04-07 12:38:03 | INFO | [Round 1] epoch=59/80 loss=0.9655 acc=64.67 val_acc=nan data_t=0.0076s batch_t=0.0340s epoch_t=00:00.21 lr=0.000169 | GPU MB alloc/reserved=69.9/848.0
2026-04-07 12:38:03 | INFO | [Round 1] Epoch 59/80 time=00:00.21 avg=00:00.20 ETA=00:04.28 | GPU MB alloc/reserved=69.9/848.0
2026-04-07 12:38:03 | INFO | [Round 1] epoch=60/80 loss=1.0285 acc=63.50 val_acc=nan data_t=0.0080s batch_t=0.0339s epoch_t=00:00.21 lr=0.000155 | GPU MB alloc/reserved=69.9/848.0
2026-04-07 12:38:03 | INFO | [Round 1] Epoch 60/80 time=00:00.21 avg=00:00.20 ETA=00:04.08 | GPU MB alloc/reserved=69.9/848.0
2026-04-07 12:38:04 | INFO | [Round 1] epoch=61/80 loss=0.9822 acc=62.50 val_acc=nan data_t=0.0104s batch_t=0.0342s epoch_t=00:00.22 lr=0.000142 | GPU MB alloc/reserved=69.9/848.0
2026-04-07 12:38:04 | INFO | [Round 1] Epoch 61/80 time=00:00.22 avg=00:00.20 ETA=00:03.88 | GPU MB alloc/reserved=69.9/848.0
2026-04-07 12:38:04 | INFO | [Round 1] epoch=62/80 loss=1.0007 acc=63.83 val_acc=nan data_t=0.0100s batch_t=0.0341s epoch_t=00:00.22 lr=0.000129 | GPU MB alloc/reserved=69.9/848.0
2026-04-07 12:38:04 | INFO | [Round 1] Epoch 62/80 time=00:00.22 avg=00:00.20 ETA=00:03.68 | GPU MB alloc/reserved=69.9/848.0
2026-04-07 12:38:04 | INFO | [Round 1] epoch=63/80 loss=0.9840 acc=63.83 val_acc=nan data_t=0.0089s batch_t=0.0340s epoch_t=00:00.21 lr=0.000116 | GPU MB alloc/reserved=69.9/848.0
2026-04-07 12:38:04 | INFO | [Round 1] Epoch 63/80 time=00:00.21 avg=00:00.20 ETA=00:03.48 | GPU MB alloc/reserved=69.9/848.0
2026-04-07 12:38:04 | INFO | [Round 1] epoch=64/80 loss=0.9384 acc=64.50 val_acc=nan data_t=0.0114s batch_t=0.0341s epoch_t=00:00.23 lr=0.000105 | GPU MB alloc/reserved=69.9/848.0
2026-04-07 12:38:04 | INFO | [Round 1] Epoch 64/80 time=00:00.23 avg=00:00.21 ETA=00:03.28 | GPU MB alloc/reserved=69.9/848.0
2026-04-07 12:38:05 | INFO | [Round 1] epoch=65/80 loss=0.9471 acc=64.50 val_acc=nan data_t=0.0105s batch_t=0.0341s epoch_t=00:00.22 lr=0.000093 | GPU MB alloc/reserved=69.9/848.0
2026-04-07 12:38:05 | INFO | [Round 1] Epoch 65/80 time=00:00.22 avg=00:00.21 ETA=00:03.08 | GPU MB alloc/reserved=69.9/848.0
2026-04-07 12:38:05 | INFO | [Round 1] epoch=66/80 loss=0.9551 acc=64.17 val_acc=nan data_t=0.0075s batch_t=0.0341s epoch_t=00:00.21 lr=0.000083 | GPU MB alloc/reserved=69.9/848.0
2026-04-07 12:38:05 | INFO | [Round 1] Epoch 66/80 time=00:00.21 avg=00:00.21 ETA=00:02.88 | GPU MB alloc/reserved=69.9/848.0
2026-04-07 12:38:05 | INFO | [Round 1] epoch=67/80 loss=0.9340 acc=65.83 val_acc=nan data_t=0.0100s batch_t=0.0209s epoch_t=00:00.15 lr=0.000073 | GPU MB alloc/reserved=69.9/848.0
2026-04-07 12:38:05 | INFO | [Round 1] Epoch 67/80 time=00:00.15 avg=00:00.20 ETA=00:02.66 | GPU MB alloc/reserved=69.9/848.0
2026-04-07 12:38:05 | INFO | [Round 1] epoch=68/80 loss=0.9705 acc=61.83 val_acc=nan data_t=0.0098s batch_t=0.0096s epoch_t=00:00.10 lr=0.000064 | GPU MB alloc/reserved=69.9/848.0
2026-04-07 12:38:05 | INFO | [Round 1] Epoch 68/80 time=00:00.10 avg=00:00.20 ETA=00:02.44 | GPU MB alloc/reserved=69.9/848.0
2026-04-07 12:38:05 | INFO | [Round 1] epoch=69/80 loss=0.9883 acc=64.33 val_acc=nan data_t=0.0054s batch_t=0.0298s epoch_t=00:00.18 lr=0.000055 | GPU MB alloc/reserved=69.9/848.0
2026-04-07 12:38:05 | INFO | [Round 1] Epoch 69/80 time=00:00.18 avg=00:00.20 ETA=00:02.23 | GPU MB alloc/reserved=69.9/848.0
2026-04-07 12:38:05 | INFO | [Round 1] epoch=70/80 loss=0.9476 acc=65.00 val_acc=nan data_t=0.0046s batch_t=0.0340s epoch_t=00:00.19 lr=0.000048 | GPU MB alloc/reserved=69.9/848.0
2026-04-07 12:38:05 | INFO | [Round 1] Epoch 70/80 time=00:00.19 avg=00:00.20 ETA=00:02.03 | GPU MB alloc/reserved=69.9/848.0
2026-04-07 12:38:06 | INFO | [Round 1] epoch=71/80 loss=0.9406 acc=66.33 val_acc=nan data_t=0.0050s batch_t=0.0341s epoch_t=00:00.20 lr=0.000041 | GPU MB alloc/reserved=69.9/848.0
2026-04-07 12:38:06 | INFO | [Round 1] Epoch 71/80 time=00:00.20 avg=00:00.20 ETA=00:01.82 | GPU MB alloc/reserved=69.9/848.0
2026-04-07 12:38:06 | INFO | [Round 1] epoch=72/80 loss=0.9464 acc=64.83 val_acc=nan data_t=0.0101s batch_t=0.0339s epoch_t=00:00.22 lr=0.000034 | GPU MB alloc/reserved=69.9/848.0
2026-04-07 12:38:06 | INFO | [Round 1] Epoch 72/80 time=00:00.22 avg=00:00.20 ETA=00:01.62 | GPU MB alloc/reserved=69.9/848.0
2026-04-07 12:38:06 | INFO | [Round 1] epoch=73/80 loss=0.9300 acc=64.50 val_acc=nan data_t=0.0107s batch_t=0.0340s epoch_t=00:00.22 lr=0.000029 | GPU MB alloc/reserved=69.9/848.0
2026-04-07 12:38:06 | INFO | [Round 1] Epoch 73/80 time=00:00.22 avg=00:00.20 ETA=00:01.42 | GPU MB alloc/reserved=69.9/848.0
2026-04-07 12:38:06 | INFO | [Round 1] epoch=74/80 loss=0.9167 acc=67.67 val_acc=nan data_t=0.0077s batch_t=0.0340s epoch_t=00:00.21 lr=0.000024 | GPU MB alloc/reserved=69.9/848.0
2026-04-07 12:38:06 | INFO | [Round 1] Epoch 74/80 time=00:00.21 avg=00:00.20 ETA=00:01.22 | GPU MB alloc/reserved=69.9/848.0
2026-04-07 12:38:07 | INFO | [Round 1] epoch=75/80 loss=0.9208 acc=65.33 val_acc=nan data_t=0.0102s batch_t=0.0343s epoch_t=00:00.22 lr=0.000020 | GPU MB alloc/reserved=69.9/848.0
2026-04-07 12:38:07 | INFO | [Round 1] Epoch 75/80 time=00:00.22 avg=00:00.20 ETA=00:01.02 | GPU MB alloc/reserved=69.9/848.0
2026-04-07 12:38:07 | INFO | [Round 1] epoch=76/80 loss=0.9266 acc=65.67 val_acc=nan data_t=0.0101s batch_t=0.0341s epoch_t=00:00.22 lr=0.000016 | GPU MB alloc/reserved=69.9/848.0
2026-04-07 12:38:07 | INFO | [Round 1] Epoch 76/80 time=00:00.22 avg=00:00.20 ETA=00:00.81 | GPU MB alloc/reserved=69.9/848.0
2026-04-07 12:38:07 | INFO | [Round 1] epoch=77/80 loss=0.8689 acc=68.83 val_acc=nan data_t=0.0107s batch_t=0.0340s epoch_t=00:00.22 lr=0.000013 | GPU MB alloc/reserved=69.9/848.0
2026-04-07 12:38:07 | INFO | [Round 1] Epoch 77/80 time=00:00.22 avg=00:00.20 ETA=00:00.61 | GPU MB alloc/reserved=69.9/848.0
2026-04-07 12:38:07 | INFO | [Round 1] epoch=78/80 loss=0.9281 acc=65.50 val_acc=nan data_t=0.0102s batch_t=0.0343s epoch_t=00:00.22 lr=0.000012 | GPU MB alloc/reserved=69.9/848.0
2026-04-07 12:38:07 | INFO | [Round 1] Epoch 78/80 time=00:00.22 avg=00:00.20 ETA=00:00.41 | GPU MB alloc/reserved=69.9/848.0
2026-04-07 12:38:07 | INFO | [Round 1] epoch=79/80 loss=0.9064 acc=64.50 val_acc=nan data_t=0.0102s batch_t=0.0160s epoch_t=00:00.13 lr=0.000010 | GPU MB alloc/reserved=69.9/848.0
2026-04-07 12:38:07 | INFO | [Round 1] Epoch 79/80 time=00:00.13 avg=00:00.20 ETA=00:00.20 | GPU MB alloc/reserved=69.9/848.0
2026-04-07 12:38:07 | INFO | [Round 1] epoch=80/80 loss=0.9078 acc=64.83 val_acc=nan data_t=0.0102s batch_t=0.0088s epoch_t=00:00.10 lr=0.000010 | GPU MB alloc/reserved=69.9/848.0
2026-04-07 12:38:07 | INFO | [Round 1] Epoch 80/80 time=00:00.10 avg=00:00.20 ETA=00:00.00 | GPU MB alloc/reserved=69.9/848.0
2026-04-07 12:38:07 | INFO | [Round 1] training complete in 00:16.25 (best monitor=68.833) | GPU MB alloc/reserved=69.9/848.0
2026-04-07 12:38:07 | INFO | [Round 1] evaluation started | GPU MB alloc/reserved=52.0/848.0
2026-04-07 12:38:10 | INFO | [Round 1] clean=46.43 fgsm=38.08 pgd=38.00 grad_disp_mean=nan grad_disp_sel=nan round_t=20.73s | GPU MB alloc/reserved=52.0/848.0
2026-04-07 12:38:10 | INFO | [Round 2/21] elapsed=00:20.73 avg_round=00:18.98 projected_remaining=06:00.63 | GPU MB alloc/reserved=52.0/848.0
2026-04-07 12:38:11 | INFO | [Round 2] acquisition on pool_size=49400 scored_pool=5000 budget=100 | GPU MB alloc/reserved=34.1/848.0
2026-04-07 12:38:11 | INFO | [CoreSet-unlabeled-feat] scoring progress 10/20 elapsed=00:00.19 avg/batch=0.019s ETA=00:00.19 | GPU MB alloc/reserved=40.6/848.0
2026-04-07 12:38:11 | INFO | [CoreSet-unlabeled-feat] scoring progress 20/20 elapsed=00:00.21 avg/batch=0.011s ETA=00:00.00 | GPU MB alloc/reserved=41.5/848.0
2026-04-07 12:38:11 | INFO | [CoreSet-labeled-feat] scoring progress 3/3 elapsed=00:00.18 avg/batch=0.060s ETA=00:00.00 | GPU MB alloc/reserved=41.2/848.0
2026-04-07 12:38:11 | INFO | [CoreSet] greedy 10/100 cover_radius=33.359184 | GPU: n/a
2026-04-07 12:38:12 | INFO | [CoreSet] greedy 20/100 cover_radius=30.252357 | GPU: n/a
2026-04-07 12:38:12 | INFO | [CoreSet] greedy 30/100 cover_radius=28.676647 | GPU: n/a
2026-04-07 12:38:12 | INFO | [CoreSet] greedy 40/100 cover_radius=27.417820 | GPU: n/a
2026-04-07 12:38:12 | INFO | [CoreSet] greedy 50/100 cover_radius=26.117765 | GPU: n/a
2026-04-07 12:38:12 | INFO | [CoreSet] greedy 60/100 cover_radius=25.481928 | GPU: n/a
2026-04-07 12:38:12 | INFO | [CoreSet] greedy 70/100 cover_radius=24.831385 | GPU: n/a
2026-04-07 12:38:12 | INFO | [CoreSet] greedy 80/100 cover_radius=24.126276 | GPU: n/a
2026-04-07 12:38:12 | INFO | [CoreSet] greedy 90/100 cover_radius=23.797266 | GPU: n/a
2026-04-07 12:38:12 | INFO | [CoreSet] greedy 100/100 cover_radius=23.604517 | GPU: n/a
2026-04-07 12:38:12 | INFO | [Round 2] labeled=700 train=700 val_fixed=0 | GPU MB alloc/reserved=43.1/848.0
2026-04-07 12:38:13 | INFO | [Round 2] epoch=1/80 loss=6.2613 acc=8.86 val_acc=nan data_t=0.0262s batch_t=0.0384s epoch_t=00:00.39 lr=0.001000 | GPU MB alloc/reserved=69.9/852.0
2026-04-07 12:38:13 | INFO | [Round 2] Epoch 1/80 time=00:00.39 avg=00:00.39 ETA=00:30.66 | GPU MB alloc/reserved=69.9/852.0
2026-04-07 12:38:13 | INFO | [Round 2] epoch=2/80 loss=3.3125 acc=16.14 val_acc=nan data_t=0.0050s batch_t=0.0337s epoch_t=00:00.23 lr=0.000998 | GPU MB alloc/reserved=69.9/852.0
2026-04-07 12:38:13 | INFO | [Round 2] Epoch 2/80 time=00:00.23 avg=00:00.31 ETA=00:24.20 | GPU MB alloc/reserved=69.9/852.0
2026-04-07 12:38:13 | INFO | [Round 2] epoch=3/80 loss=2.4468 acc=16.71 val_acc=nan data_t=0.0043s batch_t=0.0337s epoch_t=00:00.23 lr=0.000997 | GPU MB alloc/reserved=69.9/852.0
2026-04-07 12:38:13 | INFO | [Round 2] Epoch 3/80 time=00:00.23 avg=00:00.28 ETA=00:21.78 | GPU MB alloc/reserved=69.9/852.0
2026-04-07 12:38:13 | INFO | [Round 2] epoch=4/80 loss=2.1256 acc=23.86 val_acc=nan data_t=0.0076s batch_t=0.0338s epoch_t=00:00.25 lr=0.000994 | GPU MB alloc/reserved=69.9/852.0
2026-04-07 12:38:13 | INFO | [Round 2] Epoch 4/80 time=00:00.25 avg=00:00.27 ETA=00:20.85 | GPU MB alloc/reserved=69.9/852.0
2026-04-07 12:38:14 | INFO | [Round 2] epoch=5/80 loss=2.0647 acc=25.00 val_acc=nan data_t=0.0067s batch_t=0.0339s epoch_t=00:00.24 lr=0.000990 | GPU MB alloc/reserved=69.9/852.0
2026-04-07 12:38:14 | INFO | [Round 2] Epoch 5/80 time=00:00.24 avg=00:00.27 ETA=00:20.11 | GPU MB alloc/reserved=69.9/852.0
2026-04-07 12:38:14 | INFO | [Round 2] epoch=6/80 loss=2.0189 acc=26.00 val_acc=nan data_t=0.0045s batch_t=0.0337s epoch_t=00:00.23 lr=0.000986 | GPU MB alloc/reserved=69.9/852.0
2026-04-07 12:38:14 | INFO | [Round 2] Epoch 6/80 time=00:00.23 avg=00:00.26 ETA=00:19.37 | GPU MB alloc/reserved=69.9/852.0
2026-04-07 12:38:14 | INFO | [Round 2] epoch=7/80 loss=2.0032 acc=27.43 val_acc=nan data_t=0.0044s batch_t=0.0339s epoch_t=00:00.23 lr=0.000981 | GPU MB alloc/reserved=69.9/852.0
2026-04-07 12:38:14 | INFO | [Round 2] Epoch 7/80 time=00:00.23 avg=00:00.26 ETA=00:18.77 | GPU MB alloc/reserved=69.9/852.0
2026-04-07 12:38:14 | INFO | [Round 2] epoch=8/80 loss=1.9459 acc=28.00 val_acc=nan data_t=0.0044s batch_t=0.0341s epoch_t=00:00.23 lr=0.000976 | GPU MB alloc/reserved=69.9/852.0
2026-04-07 12:38:14 | INFO | [Round 2] Epoch 8/80 time=00:00.23 avg=00:00.25 ETA=00:18.27 | GPU MB alloc/reserved=69.9/852.0
2026-04-07 12:38:14 | INFO | [Round 2] epoch=9/80 loss=1.9029 acc=30.57 val_acc=nan data_t=0.0072s batch_t=0.0115s epoch_t=00:00.11 lr=0.000969 | GPU MB alloc/reserved=69.9/852.0
2026-04-07 12:38:14 | INFO | [Round 2] Epoch 9/80 time=00:00.11 avg=00:00.24 ETA=00:16.90 | GPU MB alloc/reserved=69.9/852.0
2026-04-07 12:38:15 | INFO | [Round 2] epoch=10/80 loss=1.8961 acc=30.00 val_acc=nan data_t=0.0051s batch_t=0.0265s epoch_t=00:00.19 lr=0.000962 | GPU MB alloc/reserved=69.9/852.0
2026-04-07 12:38:15 | INFO | [Round 2] Epoch 10/80 time=00:00.19 avg=00:00.23 ETA=00:16.33 | GPU MB alloc/reserved=69.9/852.0
2026-04-07 12:38:15 | INFO | [Round 2] epoch=11/80 loss=1.8912 acc=30.71 val_acc=nan data_t=0.0085s batch_t=0.0339s epoch_t=00:00.25 lr=0.000955 | GPU MB alloc/reserved=69.9/852.0
2026-04-07 12:38:15 | INFO | [Round 2] Epoch 11/80 time=00:00.25 avg=00:00.24 ETA=00:16.22 | GPU MB alloc/reserved=69.9/852.0
2026-04-07 12:38:15 | INFO | [Round 2] epoch=12/80 loss=1.8735 acc=31.14 val_acc=nan data_t=0.0088s batch_t=0.0337s epoch_t=00:00.26 lr=0.000946 | GPU MB alloc/reserved=69.9/852.0
2026-04-07 12:38:15 | INFO | [Round 2] Epoch 12/80 time=00:00.26 avg=00:00.24 ETA=00:16.10 | GPU MB alloc/reserved=69.9/852.0
2026-04-07 12:38:15 | INFO | [Round 2] epoch=13/80 loss=1.8013 acc=34.71 val_acc=nan data_t=0.0091s batch_t=0.0338s epoch_t=00:00.26 lr=0.000937 | GPU MB alloc/reserved=69.9/852.0
2026-04-07 12:38:15 | INFO | [Round 2] Epoch 13/80 time=00:00.26 avg=00:00.24 ETA=00:15.97 | GPU MB alloc/reserved=69.9/852.0
2026-04-07 12:38:16 | INFO | [Round 2] epoch=14/80 loss=1.7757 acc=34.57 val_acc=nan data_t=0.0092s batch_t=0.0343s epoch_t=00:00.26 lr=0.000927 | GPU MB alloc/reserved=69.9/852.0
2026-04-07 12:38:16 | INFO | [Round 2] Epoch 14/80 time=00:00.26 avg=00:00.24 ETA=00:15.84 | GPU MB alloc/reserved=69.9/852.0
2026-04-07 12:38:16 | INFO | [Round 2] epoch=15/80 loss=1.7838 acc=34.86 val_acc=nan data_t=0.0096s batch_t=0.0337s epoch_t=00:00.26 lr=0.000917 | GPU MB alloc/reserved=69.9/852.0
2026-04-07 12:38:16 | INFO | [Round 2] Epoch 15/80 time=00:00.26 avg=00:00.24 ETA=00:15.68 | GPU MB alloc/reserved=69.9/852.0
2026-04-07 12:38:16 | INFO | [Round 2] epoch=16/80 loss=1.7704 acc=33.71 val_acc=nan data_t=0.0063s batch_t=0.0336s epoch_t=00:00.24 lr=0.000905 | GPU MB alloc/reserved=69.9/852.0
2026-04-07 12:38:16 | INFO | [Round 2] Epoch 16/80 time=00:00.24 avg=00:00.24 ETA=00:15.44 | GPU MB alloc/reserved=69.9/852.0
2026-04-07 12:38:16 | INFO | [Round 2] epoch=17/80 loss=1.7443 acc=35.14 val_acc=nan data_t=0.0092s batch_t=0.0338s epoch_t=00:00.26 lr=0.000894 | GPU MB alloc/reserved=69.9/852.0
2026-04-07 12:38:16 | INFO | [Round 2] Epoch 17/80 time=00:00.26 avg=00:00.24 ETA=00:15.26 | GPU MB alloc/reserved=69.9/852.0
2026-04-07 12:38:17 | INFO | [Round 2] epoch=18/80 loss=1.7176 acc=37.86 val_acc=nan data_t=0.0091s batch_t=0.0313s epoch_t=00:00.24 lr=0.000881 | GPU MB alloc/reserved=69.9/852.0
2026-04-07 12:38:17 | INFO | [Round 2] Epoch 18/80 time=00:00.24 avg=00:00.24 ETA=00:15.02 | GPU MB alloc/reserved=69.9/852.0
2026-04-07 12:38:17 | INFO | [Round 2] epoch=19/80 loss=1.6886 acc=35.57 val_acc=nan data_t=0.0092s batch_t=0.0098s epoch_t=00:00.11 lr=0.000868 | GPU MB alloc/reserved=69.9/852.0
2026-04-07 12:38:17 | INFO | [Round 2] Epoch 19/80 time=00:00.11 avg=00:00.24 ETA=00:14.36 | GPU MB alloc/reserved=69.9/852.0
2026-04-07 12:38:17 | INFO | [Round 2] epoch=20/80 loss=1.6637 acc=36.57 val_acc=nan data_t=0.0045s batch_t=0.0261s epoch_t=00:00.18 lr=0.000855 | GPU MB alloc/reserved=69.9/852.0
2026-04-07 12:38:17 | INFO | [Round 2] Epoch 20/80 time=00:00.18 avg=00:00.23 ETA=00:13.97 | GPU MB alloc/reserved=69.9/852.0
2026-04-07 12:38:17 | INFO | [Round 2] epoch=21/80 loss=1.6577 acc=37.29 val_acc=nan data_t=0.0062s batch_t=0.0340s epoch_t=00:00.24 lr=0.000841 | GPU MB alloc/reserved=69.9/852.0
2026-04-07 12:38:17 | INFO | [Round 2] Epoch 21/80 time=00:00.24 avg=00:00.23 ETA=00:13.76 | GPU MB alloc/reserved=69.9/852.0
2026-04-07 12:38:17 | INFO | [Round 2] epoch=22/80 loss=1.6044 acc=41.43 val_acc=nan data_t=0.0041s batch_t=0.0337s epoch_t=00:00.23 lr=0.000826 | GPU MB alloc/reserved=69.9/852.0
2026-04-07 12:38:17 | INFO | [Round 2] Epoch 22/80 time=00:00.23 avg=00:00.23 ETA=00:13.51 | GPU MB alloc/reserved=69.9/852.0
2026-04-07 12:38:18 | INFO | [Round 2] epoch=23/80 loss=1.5788 acc=42.71 val_acc=nan data_t=0.0081s batch_t=0.0338s epoch_t=00:00.25 lr=0.000811 | GPU MB alloc/reserved=69.9/852.0
2026-04-07 12:38:18 | INFO | [Round 2] Epoch 23/80 time=00:00.25 avg=00:00.23 ETA=00:13.33 | GPU MB alloc/reserved=69.9/852.0
2026-04-07 12:38:18 | INFO | [Round 2] epoch=24/80 loss=1.5777 acc=40.43 val_acc=nan data_t=0.0062s batch_t=0.0339s epoch_t=00:00.24 lr=0.000796 | GPU MB alloc/reserved=69.9/852.0
2026-04-07 12:38:18 | INFO | [Round 2] Epoch 24/80 time=00:00.24 avg=00:00.23 ETA=00:13.11 | GPU MB alloc/reserved=69.9/852.0
2026-04-07 12:38:18 | INFO | [Round 2] epoch=25/80 loss=1.5267 acc=43.29 val_acc=nan data_t=0.0100s batch_t=0.0337s epoch_t=00:00.26 lr=0.000780 | GPU MB alloc/reserved=69.9/852.0
2026-04-07 12:38:18 | INFO | [Round 2] Epoch 25/80 time=00:00.26 avg=00:00.24 ETA=00:12.94 | GPU MB alloc/reserved=69.9/852.0
2026-04-07 12:38:18 | INFO | [Round 2] epoch=26/80 loss=1.5050 acc=42.57 val_acc=nan data_t=0.0066s batch_t=0.0338s epoch_t=00:00.24 lr=0.000764 | GPU MB alloc/reserved=69.9/852.0
2026-04-07 12:38:18 | INFO | [Round 2] Epoch 26/80 time=00:00.24 avg=00:00.24 ETA=00:12.72 | GPU MB alloc/reserved=69.9/852.0
2026-04-07 12:38:19 | INFO | [Round 2] epoch=27/80 loss=1.5285 acc=40.71 val_acc=nan data_t=0.0042s batch_t=0.0338s epoch_t=00:00.23 lr=0.000747 | GPU MB alloc/reserved=69.9/852.0
2026-04-07 12:38:19 | INFO | [Round 2] Epoch 27/80 time=00:00.23 avg=00:00.24 ETA=00:12.47 | GPU MB alloc/reserved=69.9/852.0
2026-04-07 12:38:19 | INFO | [Round 2] epoch=28/80 loss=1.4949 acc=44.14 val_acc=nan data_t=0.0097s batch_t=0.0340s epoch_t=00:00.26 lr=0.000730 | GPU MB alloc/reserved=69.9/852.0
2026-04-07 12:38:19 | INFO | [Round 2] Epoch 28/80 time=00:00.26 avg=00:00.24 ETA=00:12.28 | GPU MB alloc/reserved=69.9/852.0
2026-04-07 12:38:19 | INFO | [Round 2] epoch=29/80 loss=1.4750 acc=43.29 val_acc=nan data_t=0.0091s batch_t=0.0120s epoch_t=00:00.13 lr=0.000712 | GPU MB alloc/reserved=69.9/852.0
2026-04-07 12:38:19 | INFO | [Round 2] Epoch 29/80 time=00:00.13 avg=00:00.23 ETA=00:11.85 | GPU MB alloc/reserved=69.9/852.0
2026-04-07 12:38:19 | INFO | [Round 2] epoch=30/80 loss=1.4291 acc=47.29 val_acc=nan data_t=0.0071s batch_t=0.0080s epoch_t=00:00.09 lr=0.000694 | GPU MB alloc/reserved=69.9/852.0
2026-04-07 12:38:19 | INFO | [Round 2] Epoch 30/80 time=00:00.09 avg=00:00.23 ETA=00:11.38 | GPU MB alloc/reserved=69.9/852.0
2026-04-07 12:38:19 | INFO | [Round 2] epoch=31/80 loss=1.4552 acc=44.86 val_acc=nan data_t=0.0044s batch_t=0.0336s epoch_t=00:00.23 lr=0.000676 | GPU MB alloc/reserved=69.9/852.0
2026-04-07 12:38:19 | INFO | [Round 2] Epoch 31/80 time=00:00.23 avg=00:00.23 ETA=00:11.16 | GPU MB alloc/reserved=69.9/852.0
2026-04-07 12:38:20 | INFO | [Round 2] epoch=32/80 loss=1.4279 acc=45.00 val_acc=nan data_t=0.0047s batch_t=0.0337s epoch_t=00:00.23 lr=0.000658 | GPU MB alloc/reserved=69.9/852.0
2026-04-07 12:38:20 | INFO | [Round 2] Epoch 32/80 time=00:00.23 avg=00:00.23 ETA=00:10.93 | GPU MB alloc/reserved=69.9/852.0
2026-04-07 12:38:20 | INFO | [Round 2] epoch=33/80 loss=1.3993 acc=48.43 val_acc=nan data_t=0.0086s batch_t=0.0337s epoch_t=00:00.25 lr=0.000639 | GPU MB alloc/reserved=69.9/852.0
2026-04-07 12:38:20 | INFO | [Round 2] Epoch 33/80 time=00:00.25 avg=00:00.23 ETA=00:10.74 | GPU MB alloc/reserved=69.9/852.0
2026-04-07 12:38:20 | INFO | [Round 2] epoch=34/80 loss=1.3803 acc=47.57 val_acc=nan data_t=0.0085s batch_t=0.0339s epoch_t=00:00.25 lr=0.000621 | GPU MB alloc/reserved=69.9/852.0
2026-04-07 12:38:20 | INFO | [Round 2] Epoch 34/80 time=00:00.25 avg=00:00.23 ETA=00:10.55 | GPU MB alloc/reserved=69.9/852.0
2026-04-07 12:38:20 | INFO | [Round 2] epoch=35/80 loss=1.3567 acc=48.00 val_acc=nan data_t=0.0042s batch_t=0.0338s epoch_t=00:00.23 lr=0.000602 | GPU MB alloc/reserved=69.9/852.0
2026-04-07 12:38:20 | INFO | [Round 2] Epoch 35/80 time=00:00.23 avg=00:00.23 ETA=00:10.32 | GPU MB alloc/reserved=69.9/852.0
2026-04-07 12:38:21 | INFO | [Round 2] epoch=36/80 loss=1.3303 acc=46.14 val_acc=nan data_t=0.0043s batch_t=0.0337s epoch_t=00:00.23 lr=0.000582 | GPU MB alloc/reserved=69.9/852.0
2026-04-07 12:38:21 | INFO | [Round 2] Epoch 36/80 time=00:00.23 avg=00:00.23 ETA=00:10.09 | GPU MB alloc/reserved=69.9/852.0
2026-04-07 12:38:21 | INFO | [Round 2] epoch=37/80 loss=1.3102 acc=49.71 val_acc=nan data_t=0.0092s batch_t=0.0338s epoch_t=00:00.26 lr=0.000563 | GPU MB alloc/reserved=69.9/852.0
2026-04-07 12:38:21 | INFO | [Round 2] Epoch 37/80 time=00:00.26 avg=00:00.23 ETA=00:09.89 | GPU MB alloc/reserved=69.9/852.0
2026-04-07 12:38:21 | INFO | [Round 2] epoch=38/80 loss=1.2862 acc=52.00 val_acc=nan data_t=0.0097s batch_t=0.0340s epoch_t=00:00.26 lr=0.000544 | GPU MB alloc/reserved=69.9/852.0
2026-04-07 12:38:21 | INFO | [Round 2] Epoch 38/80 time=00:00.26 avg=00:00.23 ETA=00:09.70 | GPU MB alloc/reserved=69.9/852.0
2026-04-07 12:38:21 | INFO | [Round 2] epoch=39/80 loss=1.2868 acc=51.57 val_acc=nan data_t=0.0093s batch_t=0.0340s epoch_t=00:00.26 lr=0.000524 | GPU MB alloc/reserved=69.9/852.0
2026-04-07 12:38:21 | INFO | [Round 2] Epoch 39/80 time=00:00.26 avg=00:00.23 ETA=00:09.50 | GPU MB alloc/reserved=69.9/852.0
2026-04-07 12:38:21 | INFO | [Round 2] epoch=40/80 loss=1.3093 acc=52.86 val_acc=nan data_t=0.0070s batch_t=0.0094s epoch_t=00:00.10 lr=0.000505 | GPU MB alloc/reserved=69.9/852.0
2026-04-07 12:38:21 | INFO | [Round 2] Epoch 40/80 time=00:00.10 avg=00:00.23 ETA=00:09.13 | GPU MB alloc/reserved=69.9/852.0
2026-04-07 12:38:22 | INFO | [Round 2] epoch=41/80 loss=1.2397 acc=51.57 val_acc=nan data_t=0.0063s batch_t=0.0218s epoch_t=00:00.17 lr=0.000486 | GPU MB alloc/reserved=69.9/852.0
2026-04-07 12:38:22 | INFO | [Round 2] Epoch 41/80 time=00:00.17 avg=00:00.23 ETA=00:08.85 | GPU MB alloc/reserved=69.9/852.0
2026-04-07 12:38:22 | INFO | [Round 2] epoch=42/80 loss=1.2173 acc=53.43 val_acc=nan data_t=0.0069s batch_t=0.0340s epoch_t=00:00.25 lr=0.000466 | GPU MB alloc/reserved=69.9/852.0
2026-04-07 12:38:22 | INFO | [Round 2] Epoch 42/80 time=00:00.25 avg=00:00.23 ETA=00:08.64 | GPU MB alloc/reserved=69.9/852.0
2026-04-07 12:38:22 | INFO | [Round 2] epoch=43/80 loss=1.2606 acc=51.29 val_acc=nan data_t=0.0095s batch_t=0.0337s epoch_t=00:00.26 lr=0.000447 | GPU MB alloc/reserved=69.9/852.0
2026-04-07 12:38:22 | INFO | [Round 2] Epoch 43/80 time=00:00.26 avg=00:00.23 ETA=00:08.44 | GPU MB alloc/reserved=69.9/852.0
2026-04-07 12:38:22 | INFO | [Round 2] epoch=44/80 loss=1.1711 acc=55.86 val_acc=nan data_t=0.0068s batch_t=0.0337s epoch_t=00:00.24 lr=0.000428 | GPU MB alloc/reserved=69.9/852.0
2026-04-07 12:38:22 | INFO | [Round 2] Epoch 44/80 time=00:00.24 avg=00:00.23 ETA=00:08.22 | GPU MB alloc/reserved=69.9/852.0
2026-04-07 12:38:23 | INFO | [Round 2] epoch=45/80 loss=1.2020 acc=50.71 val_acc=nan data_t=0.0060s batch_t=0.0337s epoch_t=00:00.24 lr=0.000408 | GPU MB alloc/reserved=69.9/852.0
2026-04-07 12:38:23 | INFO | [Round 2] Epoch 45/80 time=00:00.24 avg=00:00.23 ETA=00:08.00 | GPU MB alloc/reserved=69.9/852.0
2026-04-07 12:38:23 | INFO | [Round 2] epoch=46/80 loss=1.1838 acc=54.43 val_acc=nan data_t=0.0089s batch_t=0.0337s epoch_t=00:00.26 lr=0.000389 | GPU MB alloc/reserved=69.9/852.0
2026-04-07 12:38:23 | INFO | [Round 2] Epoch 46/80 time=00:00.26 avg=00:00.23 ETA=00:07.79 | GPU MB alloc/reserved=69.9/852.0
2026-04-07 12:38:23 | INFO | [Round 2] epoch=47/80 loss=1.1368 acc=58.14 val_acc=nan data_t=0.0080s batch_t=0.0340s epoch_t=00:00.25 lr=0.000371 | GPU MB alloc/reserved=69.9/852.0
2026-04-07 12:38:23 | INFO | [Round 2] Epoch 47/80 time=00:00.25 avg=00:00.23 ETA=00:07.58 | GPU MB alloc/reserved=69.9/852.0
2026-04-07 12:38:23 | INFO | [Round 2] epoch=48/80 loss=1.2016 acc=56.43 val_acc=nan data_t=0.0041s batch_t=0.0338s epoch_t=00:00.23 lr=0.000352 | GPU MB alloc/reserved=69.9/852.0
2026-04-07 12:38:23 | INFO | [Round 2] Epoch 48/80 time=00:00.23 avg=00:00.23 ETA=00:07.35 | GPU MB alloc/reserved=69.9/852.0
2026-04-07 12:38:24 | INFO | [Round 2] epoch=49/80 loss=1.1442 acc=55.14 val_acc=nan data_t=0.0091s batch_t=0.0339s epoch_t=00:00.26 lr=0.000334 | GPU MB alloc/reserved=69.9/852.0
2026-04-07 12:38:24 | INFO | [Round 2] Epoch 49/80 time=00:00.26 avg=00:00.23 ETA=00:07.14 | GPU MB alloc/reserved=69.9/852.0
2026-04-07 12:38:24 | INFO | [Round 2] epoch=50/80 loss=1.1229 acc=58.71 val_acc=nan data_t=0.0096s batch_t=0.0112s epoch_t=00:00.12 lr=0.000316 | GPU MB alloc/reserved=69.9/852.0
2026-04-07 12:38:24 | INFO | [Round 2] Epoch 50/80 time=00:00.12 avg=00:00.23 ETA=00:06.84 | GPU MB alloc/reserved=69.9/852.0
2026-04-07 12:38:24 | INFO | [Round 2] epoch=51/80 loss=1.1513 acc=55.43 val_acc=nan data_t=0.0062s batch_t=0.0082s epoch_t=00:00.09 lr=0.000298 | GPU MB alloc/reserved=69.9/852.0
2026-04-07 12:38:24 | INFO | [Round 2] Epoch 51/80 time=00:00.09 avg=00:00.23 ETA=00:06.54 | GPU MB alloc/reserved=69.9/852.0
2026-04-07 12:38:24 | INFO | [Round 2] epoch=52/80 loss=1.1145 acc=58.14 val_acc=nan data_t=0.0044s batch_t=0.0336s epoch_t=00:00.23 lr=0.000280 | GPU MB alloc/reserved=69.9/852.0
2026-04-07 12:38:24 | INFO | [Round 2] Epoch 52/80 time=00:00.23 avg=00:00.23 ETA=00:06.31 | GPU MB alloc/reserved=69.9/852.0
2026-04-07 12:38:24 | INFO | [Round 2] epoch=53/80 loss=1.1251 acc=56.00 val_acc=nan data_t=0.0068s batch_t=0.0349s epoch_t=00:00.25 lr=0.000263 | GPU MB alloc/reserved=69.9/852.0
2026-04-07 12:38:24 | INFO | [Round 2] Epoch 53/80 time=00:00.25 avg=00:00.23 ETA=00:06.10 | GPU MB alloc/reserved=69.9/852.0
2026-04-07 12:38:25 | INFO | [Round 2] epoch=54/80 loss=1.0607 acc=60.14 val_acc=nan data_t=0.0070s batch_t=0.0339s epoch_t=00:00.25 lr=0.000246 | GPU MB alloc/reserved=69.9/852.0
2026-04-07 12:38:25 | INFO | [Round 2] Epoch 54/80 time=00:00.25 avg=00:00.23 ETA=00:05.88 | GPU MB alloc/reserved=69.9/852.0
2026-04-07 12:38:25 | INFO | [Round 2] epoch=55/80 loss=1.0375 acc=60.86 val_acc=nan data_t=0.0046s batch_t=0.0337s epoch_t=00:00.23 lr=0.000230 | GPU MB alloc/reserved=69.9/852.0
2026-04-07 12:38:25 | INFO | [Round 2] Epoch 55/80 time=00:00.23 avg=00:00.23 ETA=00:05.66 | GPU MB alloc/reserved=69.9/852.0
2026-04-07 12:38:25 | INFO | [Round 2] epoch=56/80 loss=1.0920 acc=58.43 val_acc=nan data_t=0.0065s batch_t=0.0338s epoch_t=00:00.24 lr=0.000214 | GPU MB alloc/reserved=69.9/852.0
2026-04-07 12:38:25 | INFO | [Round 2] Epoch 56/80 time=00:00.24 avg=00:00.23 ETA=00:05.44 | GPU MB alloc/reserved=69.9/852.0
2026-04-07 12:38:25 | INFO | [Round 2] epoch=57/80 loss=1.0516 acc=61.29 val_acc=nan data_t=0.0066s batch_t=0.0339s epoch_t=00:00.24 lr=0.000199 | GPU MB alloc/reserved=69.9/852.0
2026-04-07 12:38:25 | INFO | [Round 2] Epoch 57/80 time=00:00.24 avg=00:00.23 ETA=00:05.22 | GPU MB alloc/reserved=69.9/852.0
2026-04-07 12:38:25 | INFO | [Round 2] epoch=58/80 loss=1.0393 acc=60.29 val_acc=nan data_t=0.0039s batch_t=0.0336s epoch_t=00:00.23 lr=0.000184 | GPU MB alloc/reserved=69.9/852.0
2026-04-07 12:38:25 | INFO | [Round 2] Epoch 58/80 time=00:00.23 avg=00:00.23 ETA=00:04.99 | GPU MB alloc/reserved=69.9/852.0
2026-04-07 12:38:26 | INFO | [Round 2] epoch=59/80 loss=1.0559 acc=59.71 val_acc=nan data_t=0.0085s batch_t=0.0339s epoch_t=00:00.25 lr=0.000169 | GPU MB alloc/reserved=69.9/852.0
2026-04-07 12:38:26 | INFO | [Round 2] Epoch 59/80 time=00:00.25 avg=00:00.23 ETA=00:04.77 | GPU MB alloc/reserved=69.9/852.0
2026-04-07 12:38:26 | INFO | [Round 2] epoch=60/80 loss=1.0239 acc=60.57 val_acc=nan data_t=0.0081s batch_t=0.0338s epoch_t=00:00.25 lr=0.000155 | GPU MB alloc/reserved=69.9/852.0
2026-04-07 12:38:26 | INFO | [Round 2] Epoch 60/80 time=00:00.25 avg=00:00.23 ETA=00:04.55 | GPU MB alloc/reserved=69.9/852.0
2026-04-07 12:38:26 | INFO | [Round 2] epoch=61/80 loss=1.0047 acc=62.29 val_acc=nan data_t=0.0066s batch_t=0.0117s epoch_t=00:00.11 lr=0.000142 | GPU MB alloc/reserved=69.9/852.0
2026-04-07 12:38:26 | INFO | [Round 2] Epoch 61/80 time=00:00.11 avg=00:00.23 ETA=00:04.29 | GPU MB alloc/reserved=69.9/852.0
2026-04-07 12:38:26 | INFO | [Round 2] epoch=62/80 loss=1.0285 acc=61.43 val_acc=nan data_t=0.0049s batch_t=0.0092s epoch_t=00:00.08 lr=0.000129 | GPU MB alloc/reserved=69.9/852.0
2026-04-07 12:38:26 | INFO | [Round 2] Epoch 62/80 time=00:00.08 avg=00:00.22 ETA=00:04.02 | GPU MB alloc/reserved=69.9/852.0
2026-04-07 12:38:26 | INFO | [Round 2] epoch=63/80 loss=0.9984 acc=61.14 val_acc=nan data_t=0.0041s batch_t=0.0338s epoch_t=00:00.23 lr=0.000116 | GPU MB alloc/reserved=69.9/852.0
2026-04-07 12:38:26 | INFO | [Round 2] Epoch 63/80 time=00:00.23 avg=00:00.22 ETA=00:03.80 | GPU MB alloc/reserved=69.9/852.0
2026-04-07 12:38:27 | INFO | [Round 2] epoch=64/80 loss=1.0063 acc=61.57 val_acc=nan data_t=0.0084s batch_t=0.0339s epoch_t=00:00.25 lr=0.000105 | GPU MB alloc/reserved=69.9/852.0
2026-04-07 12:38:27 | INFO | [Round 2] Epoch 64/80 time=00:00.25 avg=00:00.22 ETA=00:03.59 | GPU MB alloc/reserved=69.9/852.0
2026-04-07 12:38:27 | INFO | [Round 2] epoch=65/80 loss=0.9894 acc=64.29 val_acc=nan data_t=0.0063s batch_t=0.0339s epoch_t=00:00.24 lr=0.000093 | GPU MB alloc/reserved=69.9/852.0
2026-04-07 12:38:27 | INFO | [Round 2] Epoch 65/80 time=00:00.24 avg=00:00.22 ETA=00:03.37 | GPU MB alloc/reserved=69.9/852.0
2026-04-07 12:38:27 | INFO | [Round 2] epoch=66/80 loss=0.9851 acc=63.86 val_acc=nan data_t=0.0103s batch_t=0.0339s epoch_t=00:00.27 lr=0.000083 | GPU MB alloc/reserved=69.9/852.0
2026-04-07 12:38:27 | INFO | [Round 2] Epoch 66/80 time=00:00.27 avg=00:00.22 ETA=00:03.15 | GPU MB alloc/reserved=69.9/852.0
2026-04-07 12:38:27 | INFO | [Round 2] epoch=67/80 loss=0.9965 acc=62.43 val_acc=nan data_t=0.0101s batch_t=0.0340s epoch_t=00:00.26 lr=0.000073 | GPU MB alloc/reserved=69.9/852.0
2026-04-07 12:38:27 | INFO | [Round 2] Epoch 67/80 time=00:00.26 avg=00:00.23 ETA=00:02.93 | GPU MB alloc/reserved=69.9/852.0
2026-04-07 12:38:28 | INFO | [Round 2] epoch=68/80 loss=1.0361 acc=58.00 val_acc=nan data_t=0.0098s batch_t=0.0340s epoch_t=00:00.26 lr=0.000064 | GPU MB alloc/reserved=69.9/852.0
2026-04-07 12:38:28 | INFO | [Round 2] Epoch 68/80 time=00:00.26 avg=00:00.23 ETA=00:02.71 | GPU MB alloc/reserved=69.9/852.0
2026-04-07 12:38:28 | INFO | [Round 2] epoch=69/80 loss=1.0007 acc=61.14 val_acc=nan data_t=0.0064s batch_t=0.0338s epoch_t=00:00.24 lr=0.000055 | GPU MB alloc/reserved=69.9/852.0
2026-04-07 12:38:28 | INFO | [Round 2] Epoch 69/80 time=00:00.24 avg=00:00.23 ETA=00:02.49 | GPU MB alloc/reserved=69.9/852.0
2026-04-07 12:38:28 | INFO | [Round 2] epoch=70/80 loss=0.9621 acc=62.71 val_acc=nan data_t=0.0092s batch_t=0.0338s epoch_t=00:00.26 lr=0.000048 | GPU MB alloc/reserved=69.9/852.0
2026-04-07 12:38:28 | INFO | [Round 2] Epoch 70/80 time=00:00.26 avg=00:00.23 ETA=00:02.27 | GPU MB alloc/reserved=69.9/852.0
2026-04-07 12:38:28 | INFO | [Round 2] epoch=71/80 loss=0.9617 acc=64.86 val_acc=nan data_t=0.0101s batch_t=0.0201s epoch_t=00:00.18 lr=0.000041 | GPU MB alloc/reserved=69.9/852.0
2026-04-07 12:38:28 | INFO | [Round 2] Epoch 71/80 time=00:00.18 avg=00:00.23 ETA=00:02.04 | GPU MB alloc/reserved=69.9/852.0
2026-04-07 12:38:28 | INFO | [Round 2] epoch=72/80 loss=0.9796 acc=64.00 val_acc=nan data_t=0.0092s batch_t=0.0095s epoch_t=00:00.11 lr=0.000034 | GPU MB alloc/reserved=69.9/852.0
2026-04-07 12:38:28 | INFO | [Round 2] Epoch 72/80 time=00:00.11 avg=00:00.22 ETA=00:01.80 | GPU MB alloc/reserved=69.9/852.0
2026-04-07 12:38:29 | INFO | [Round 2] epoch=73/80 loss=0.9731 acc=63.71 val_acc=nan data_t=0.0044s batch_t=0.0335s epoch_t=00:00.23 lr=0.000029 | GPU MB alloc/reserved=69.9/852.0
2026-04-07 12:38:29 | INFO | [Round 2] Epoch 73/80 time=00:00.23 avg=00:00.22 ETA=00:01.57 | GPU MB alloc/reserved=69.9/852.0
2026-04-07 12:38:29 | INFO | [Round 2] epoch=74/80 loss=0.9366 acc=65.43 val_acc=nan data_t=0.0042s batch_t=0.0339s epoch_t=00:00.23 lr=0.000024 | GPU MB alloc/reserved=69.9/852.0
2026-04-07 12:38:29 | INFO | [Round 2] Epoch 74/80 time=00:00.23 avg=00:00.22 ETA=00:01.35 | GPU MB alloc/reserved=69.9/852.0
2026-04-07 12:38:29 | INFO | [Round 2] epoch=75/80 loss=0.9680 acc=61.57 val_acc=nan data_t=0.0044s batch_t=0.0339s epoch_t=00:00.23 lr=0.000020 | GPU MB alloc/reserved=69.9/852.0
2026-04-07 12:38:29 | INFO | [Round 2] Epoch 75/80 time=00:00.23 avg=00:00.22 ETA=00:01.12 | GPU MB alloc/reserved=69.9/852.0
2026-04-07 12:38:29 | INFO | [Round 2] epoch=76/80 loss=0.9734 acc=64.43 val_acc=nan data_t=0.0043s batch_t=0.0340s epoch_t=00:00.23 lr=0.000016 | GPU MB alloc/reserved=69.9/852.0
2026-04-07 12:38:29 | INFO | [Round 2] Epoch 76/80 time=00:00.23 avg=00:00.22 ETA=00:00.90 | GPU MB alloc/reserved=69.9/852.0
2026-04-07 12:38:30 | INFO | [Round 2] epoch=77/80 loss=0.9877 acc=62.29 val_acc=nan data_t=0.0087s batch_t=0.0340s epoch_t=00:00.26 lr=0.000013 | GPU MB alloc/reserved=69.9/852.0
2026-04-07 12:38:30 | INFO | [Round 2] Epoch 77/80 time=00:00.26 avg=00:00.23 ETA=00:00.68 | GPU MB alloc/reserved=69.9/852.0
2026-04-07 12:38:30 | INFO | [Round 2] epoch=78/80 loss=1.0083 acc=62.57 val_acc=nan data_t=0.0045s batch_t=0.0339s epoch_t=00:00.23 lr=0.000012 | GPU MB alloc/reserved=69.9/852.0
2026-04-07 12:38:30 | INFO | [Round 2] Epoch 78/80 time=00:00.23 avg=00:00.23 ETA=00:00.45 | GPU MB alloc/reserved=69.9/852.0
2026-04-07 12:38:30 | INFO | [Round 2] epoch=79/80 loss=1.0001 acc=64.00 val_acc=nan data_t=0.0047s batch_t=0.0337s epoch_t=00:00.23 lr=0.000010 | GPU MB alloc/reserved=69.9/852.0
2026-04-07 12:38:30 | INFO | [Round 2] Epoch 79/80 time=00:00.23 avg=00:00.23 ETA=00:00.23 | GPU MB alloc/reserved=69.9/852.0
2026-04-07 12:38:30 | INFO | [Round 2] epoch=80/80 loss=0.9402 acc=64.57 val_acc=nan data_t=0.0091s batch_t=0.0339s epoch_t=00:00.26 lr=0.000010 | GPU MB alloc/reserved=69.9/852.0
2026-04-07 12:38:30 | INFO | [Round 2] Epoch 80/80 time=00:00.26 avg=00:00.23 ETA=00:00.00 | GPU MB alloc/reserved=69.9/852.0
2026-04-07 12:38:30 | INFO | [Round 2] training complete in 00:18.17 (best monitor=65.429) | GPU MB alloc/reserved=69.9/852.0
2026-04-07 12:38:30 | INFO | [Round 2] evaluation started | GPU MB alloc/reserved=52.0/852.0
2026-04-07 12:38:33 | INFO | [Round 2] clean=46.66 fgsm=38.87 pgd=38.74 grad_disp_mean=nan grad_disp_sel=nan round_t=22.33s | GPU MB alloc/reserved=52.0/852.0
2026-04-07 12:38:33 | INFO | [Round 3/21] elapsed=00:22.33 avg_round=00:20.10 projected_remaining=06:01.72 | GPU MB alloc/reserved=52.0/852.0
2026-04-07 12:38:34 | INFO | [Round 3] acquisition on pool_size=49300 scored_pool=5000 budget=100 | GPU MB alloc/reserved=34.1/852.0
2026-04-07 12:38:34 | INFO | [CoreSet-unlabeled-feat] scoring progress 10/20 elapsed=00:00.20 avg/batch=0.020s ETA=00:00.20 | GPU MB alloc/reserved=40.6/852.0
2026-04-07 12:38:34 | INFO | [CoreSet-unlabeled-feat] scoring progress 20/20 elapsed=00:00.22 avg/batch=0.011s ETA=00:00.00 | GPU MB alloc/reserved=40.6/852.0
2026-04-07 12:38:35 | INFO | [CoreSet-labeled-feat] scoring progress 3/3 elapsed=00:00.17 avg/batch=0.057s ETA=00:00.00 | GPU MB alloc/reserved=42.7/852.0
2026-04-07 12:38:35 | INFO | [CoreSet] greedy 10/100 cover_radius=27.653318 | GPU: n/a
2026-04-07 12:38:35 | INFO | [CoreSet] greedy 20/100 cover_radius=26.018305 | GPU: n/a
2026-04-07 12:38:35 | INFO | [CoreSet] greedy 30/100 cover_radius=25.259638 | GPU: n/a
2026-04-07 12:38:35 | INFO | [CoreSet] greedy 40/100 cover_radius=24.581284 | GPU: n/a
2026-04-07 12:38:35 | INFO | [CoreSet] greedy 50/100 cover_radius=23.938059 | GPU: n/a
2026-04-07 12:38:35 | INFO | [CoreSet] greedy 60/100 cover_radius=23.446821 | GPU: n/a
2026-04-07 12:38:35 | INFO | [CoreSet] greedy 70/100 cover_radius=23.238194 | GPU: n/a
2026-04-07 12:38:35 | INFO | [CoreSet] greedy 80/100 cover_radius=22.899824 | GPU: n/a
2026-04-07 12:38:35 | INFO | [CoreSet] greedy 90/100 cover_radius=22.544975 | GPU: n/a
2026-04-07 12:38:35 | INFO | [CoreSet] greedy 100/100 cover_radius=22.092070 | GPU: n/a
2026-04-07 12:38:36 | INFO | [Round 3] labeled=800 train=800 val_fixed=0 | GPU MB alloc/reserved=43.1/852.0
2026-04-07 12:38:36 | INFO | [Round 3] epoch=1/80 loss=4.8790 acc=11.75 val_acc=nan data_t=0.0237s batch_t=0.0376s epoch_t=00:00.43 lr=0.001000 | GPU MB alloc/reserved=69.9/852.0
2026-04-07 12:38:36 | INFO | [Round 3] Epoch 1/80 time=00:00.43 avg=00:00.43 ETA=00:33.91 | GPU MB alloc/reserved=69.9/852.0
2026-04-07 12:38:36 | INFO | [Round 3] epoch=2/80 loss=3.0227 acc=17.12 val_acc=nan data_t=0.0059s batch_t=0.0337s epoch_t=00:00.28 lr=0.000998 | GPU MB alloc/reserved=69.9/852.0
2026-04-07 12:38:36 | INFO | [Round 3] Epoch 2/80 time=00:00.28 avg=00:00.35 ETA=00:27.56 | GPU MB alloc/reserved=69.9/852.0
2026-04-07 12:38:37 | INFO | [Round 3] epoch=3/80 loss=2.4028 acc=21.50 val_acc=nan data_t=0.0073s batch_t=0.0339s epoch_t=00:00.29 lr=0.000997 | GPU MB alloc/reserved=69.9/852.0
2026-04-07 12:38:37 | INFO | [Round 3] Epoch 3/80 time=00:00.29 avg=00:00.33 ETA=00:25.54 | GPU MB alloc/reserved=69.9/852.0
2026-04-07 12:38:37 | INFO | [Round 3] epoch=4/80 loss=2.1192 acc=23.62 val_acc=nan data_t=0.0092s batch_t=0.0336s epoch_t=00:00.30 lr=0.000994 | GPU MB alloc/reserved=69.9/852.0
2026-04-07 12:38:37 | INFO | [Round 3] Epoch 4/80 time=00:00.30 avg=00:00.32 ETA=00:24.60 | GPU MB alloc/reserved=69.9/852.0
2026-04-07 12:38:37 | INFO | [Round 3] epoch=5/80 loss=2.0376 acc=24.38 val_acc=nan data_t=0.0089s batch_t=0.0337s epoch_t=00:00.30 lr=0.000990 | GPU MB alloc/reserved=69.9/852.0
2026-04-07 12:38:37 | INFO | [Round 3] Epoch 5/80 time=00:00.30 avg=00:00.32 ETA=00:23.90 | GPU MB alloc/reserved=69.9/852.0
2026-04-07 12:38:38 | INFO | [Round 3] epoch=6/80 loss=1.9812 acc=28.00 val_acc=nan data_t=0.0083s batch_t=0.0338s epoch_t=00:00.29 lr=0.000986 | GPU MB alloc/reserved=69.9/852.0
2026-04-07 12:38:38 | INFO | [Round 3] Epoch 6/80 time=00:00.29 avg=00:00.31 ETA=00:23.29 | GPU MB alloc/reserved=69.9/852.0
2026-04-07 12:38:38 | INFO | [Round 3] epoch=7/80 loss=1.9599 acc=28.62 val_acc=nan data_t=0.0083s batch_t=0.0171s epoch_t=00:00.18 lr=0.000981 | GPU MB alloc/reserved=69.9/852.0
2026-04-07 12:38:38 | INFO | [Round 3] Epoch 7/80 time=00:00.18 avg=00:00.30 ETA=00:21.55 | GPU MB alloc/reserved=69.9/852.0
2026-04-07 12:38:38 | INFO | [Round 3] epoch=8/80 loss=1.9468 acc=27.88 val_acc=nan data_t=0.0061s batch_t=0.0087s epoch_t=00:00.10 lr=0.000976 | GPU MB alloc/reserved=69.9/852.0
2026-04-07 12:38:38 | INFO | [Round 3] Epoch 8/80 time=00:00.10 avg=00:00.27 ETA=00:19.53 | GPU MB alloc/reserved=69.9/852.0
2026-04-07 12:38:38 | INFO | [Round 3] epoch=9/80 loss=1.9143 acc=31.00 val_acc=nan data_t=0.0035s batch_t=0.0334s epoch_t=00:00.26 lr=0.000969 | GPU MB alloc/reserved=69.9/852.0
2026-04-07 12:38:38 | INFO | [Round 3] Epoch 9/80 time=00:00.26 avg=00:00.27 ETA=00:19.16 | GPU MB alloc/reserved=69.9/852.0
2026-04-07 12:38:38 | INFO | [Round 3] epoch=10/80 loss=1.8989 acc=30.50 val_acc=nan data_t=0.0082s batch_t=0.0342s epoch_t=00:00.30 lr=0.000962 | GPU MB alloc/reserved=69.9/852.0
2026-04-07 12:38:38 | INFO | [Round 3] Epoch 10/80 time=00:00.30 avg=00:00.27 ETA=00:19.08 | GPU MB alloc/reserved=69.9/852.0
2026-04-07 12:38:39 | INFO | [Round 3] epoch=11/80 loss=1.8559 acc=31.88 val_acc=nan data_t=0.0081s batch_t=0.0338s epoch_t=00:00.29 lr=0.000955 | GPU MB alloc/reserved=69.9/852.0
2026-04-07 12:38:39 | INFO | [Round 3] Epoch 11/80 time=00:00.29 avg=00:00.27 ETA=00:18.94 | GPU MB alloc/reserved=69.9/852.0
2026-04-07 12:38:39 | INFO | [Round 3] epoch=12/80 loss=1.8595 acc=32.12 val_acc=nan data_t=0.0053s batch_t=0.0338s epoch_t=00:00.27 lr=0.000946 | GPU MB alloc/reserved=69.9/852.0
2026-04-07 12:38:39 | INFO | [Round 3] Epoch 12/80 time=00:00.27 avg=00:00.27 ETA=00:18.66 | GPU MB alloc/reserved=69.9/852.0
2026-04-07 12:38:39 | INFO | [Round 3] epoch=13/80 loss=1.8409 acc=33.00 val_acc=nan data_t=0.0072s batch_t=0.0336s epoch_t=00:00.29 lr=0.000937 | GPU MB alloc/reserved=69.9/852.0
2026-04-07 12:38:39 | INFO | [Round 3] Epoch 13/80 time=00:00.29 avg=00:00.28 ETA=00:18.45 | GPU MB alloc/reserved=69.9/852.0
2026-04-07 12:38:39 | INFO | [Round 3] epoch=14/80 loss=1.7814 acc=35.12 val_acc=nan data_t=0.0079s batch_t=0.0340s epoch_t=00:00.29 lr=0.000927 | GPU MB alloc/reserved=69.9/852.0
2026-04-07 12:38:39 | INFO | [Round 3] Epoch 14/80 time=00:00.29 avg=00:00.28 ETA=00:18.26 | GPU MB alloc/reserved=69.9/852.0
2026-04-07 12:38:40 | INFO | [Round 3] epoch=15/80 loss=1.7730 acc=37.38 val_acc=nan data_t=0.0086s batch_t=0.0338s epoch_t=00:00.30 lr=0.000917 | GPU MB alloc/reserved=69.9/852.0
2026-04-07 12:38:40 | INFO | [Round 3] Epoch 15/80 time=00:00.30 avg=00:00.28 ETA=00:18.07 | GPU MB alloc/reserved=69.9/852.0
2026-04-07 12:38:40 | INFO | [Round 3] epoch=16/80 loss=1.7594 acc=36.38 val_acc=nan data_t=0.0081s batch_t=0.0229s epoch_t=00:00.22 lr=0.000905 | GPU MB alloc/reserved=69.9/852.0
2026-04-07 12:38:40 | INFO | [Round 3] Epoch 16/80 time=00:00.22 avg=00:00.27 ETA=00:17.55 | GPU MB alloc/reserved=69.9/852.0
2026-04-07 12:38:40 | INFO | [Round 3] epoch=17/80 loss=1.7333 acc=35.75 val_acc=nan data_t=0.0081s batch_t=0.0080s epoch_t=00:00.11 lr=0.000894 | GPU MB alloc/reserved=69.9/852.0
2026-04-07 12:38:40 | INFO | [Round 3] Epoch 17/80 time=00:00.11 avg=00:00.26 ETA=00:16.68 | GPU MB alloc/reserved=69.9/852.0
2026-04-07 12:38:40 | INFO | [Round 3] epoch=18/80 loss=1.7065 acc=37.12 val_acc=nan data_t=0.0042s batch_t=0.0337s epoch_t=00:00.27 lr=0.000881 | GPU MB alloc/reserved=69.9/852.0
2026-04-07 12:38:40 | INFO | [Round 3] Epoch 18/80 time=00:00.27 avg=00:00.26 ETA=00:16.41 | GPU MB alloc/reserved=69.9/852.0
2026-04-07 12:38:41 | INFO | [Round 3] epoch=19/80 loss=1.7064 acc=35.00 val_acc=nan data_t=0.0035s batch_t=0.0336s epoch_t=00:00.26 lr=0.000868 | GPU MB alloc/reserved=69.9/852.0
2026-04-07 12:38:41 | INFO | [Round 3] Epoch 19/80 time=00:00.26 avg=00:00.26 ETA=00:16.13 | GPU MB alloc/reserved=69.9/852.0
2026-04-07 12:38:41 | INFO | [Round 3] epoch=20/80 loss=1.6406 acc=38.00 val_acc=nan data_t=0.0038s batch_t=0.0342s epoch_t=00:00.27 lr=0.000855 | GPU MB alloc/reserved=69.9/852.0
2026-04-07 12:38:41 | INFO | [Round 3] Epoch 20/80 time=00:00.27 avg=00:00.26 ETA=00:15.87 | GPU MB alloc/reserved=69.9/852.0
2026-04-07 12:38:41 | INFO | [Round 3] epoch=21/80 loss=1.6490 acc=36.38 val_acc=nan data_t=0.0037s batch_t=0.0342s epoch_t=00:00.27 lr=0.000841 | GPU MB alloc/reserved=69.9/852.0
2026-04-07 12:38:41 | INFO | [Round 3] Epoch 21/80 time=00:00.27 avg=00:00.26 ETA=00:15.61 | GPU MB alloc/reserved=69.9/852.0
2026-04-07 12:38:41 | INFO | [Round 3] epoch=22/80 loss=1.5939 acc=40.00 val_acc=nan data_t=0.0061s batch_t=0.0341s epoch_t=00:00.28 lr=0.000826 | GPU MB alloc/reserved=69.9/852.0
2026-04-07 12:38:41 | INFO | [Round 3] Epoch 22/80 time=00:00.28 avg=00:00.27 ETA=00:15.39 | GPU MB alloc/reserved=69.9/852.0
2026-04-07 12:38:42 | INFO | [Round 3] epoch=23/80 loss=1.6073 acc=40.38 val_acc=nan data_t=0.0094s batch_t=0.0339s epoch_t=00:00.30 lr=0.000811 | GPU MB alloc/reserved=69.9/852.0
2026-04-07 12:38:42 | INFO | [Round 3] Epoch 23/80 time=00:00.30 avg=00:00.27 ETA=00:15.22 | GPU MB alloc/reserved=69.9/852.0
2026-04-07 12:38:42 | INFO | [Round 3] epoch=24/80 loss=1.6034 acc=42.00 val_acc=nan data_t=0.0078s batch_t=0.0337s epoch_t=00:00.29 lr=0.000796 | GPU MB alloc/reserved=69.9/852.0
2026-04-07 12:38:42 | INFO | [Round 3] Epoch 24/80 time=00:00.29 avg=00:00.27 ETA=00:15.01 | GPU MB alloc/reserved=69.9/852.0
2026-04-07 12:38:42 | INFO | [Round 3] epoch=25/80 loss=1.5524 acc=44.00 val_acc=nan data_t=0.0094s batch_t=0.0333s epoch_t=00:00.30 lr=0.000780 | GPU MB alloc/reserved=69.9/852.0
2026-04-07 12:38:42 | INFO | [Round 3] Epoch 25/80 time=00:00.30 avg=00:00.27 ETA=00:14.81 | GPU MB alloc/reserved=69.9/852.0
2026-04-07 12:38:42 | INFO | [Round 3] epoch=26/80 loss=1.5004 acc=44.50 val_acc=nan data_t=0.0056s batch_t=0.0124s epoch_t=00:00.13 lr=0.000764 | GPU MB alloc/reserved=69.9/852.0
2026-04-07 12:38:42 | INFO | [Round 3] Epoch 26/80 time=00:00.13 avg=00:00.26 ETA=00:14.24 | GPU MB alloc/reserved=69.9/852.0
2026-04-07 12:38:43 | INFO | [Round 3] epoch=27/80 loss=1.5064 acc=43.38 val_acc=nan data_t=0.0044s batch_t=0.0127s epoch_t=00:00.12 lr=0.000747 | GPU MB alloc/reserved=69.9/852.0
2026-04-07 12:38:43 | INFO | [Round 3] Epoch 27/80 time=00:00.12 avg=00:00.26 ETA=00:13.70 | GPU MB alloc/reserved=69.9/852.0
2026-04-07 12:38:43 | INFO | [Round 3] epoch=28/80 loss=1.4640 acc=45.88 val_acc=nan data_t=0.0042s batch_t=0.0124s epoch_t=00:00.12 lr=0.000730 | GPU MB alloc/reserved=69.9/852.0
2026-04-07 12:38:43 | INFO | [Round 3] Epoch 28/80 time=00:00.12 avg=00:00.25 ETA=00:13.17 | GPU MB alloc/reserved=69.9/852.0
2026-04-07 12:38:43 | INFO | [Round 3] epoch=29/80 loss=1.4461 acc=48.00 val_acc=nan data_t=0.0039s batch_t=0.0086s epoch_t=00:00.09 lr=0.000712 | GPU MB alloc/reserved=69.9/852.0
2026-04-07 12:38:43 | INFO | [Round 3] Epoch 29/80 time=00:00.09 avg=00:00.25 ETA=00:12.63 | GPU MB alloc/reserved=69.9/852.0
2026-04-07 12:38:43 | INFO | [Round 3] epoch=30/80 loss=1.4239 acc=45.50 val_acc=nan data_t=0.0039s batch_t=0.0085s epoch_t=00:00.09 lr=0.000694 | GPU MB alloc/reserved=69.9/852.0
2026-04-07 12:38:43 | INFO | [Round 3] Epoch 30/80 time=00:00.09 avg=00:00.24 ETA=00:12.12 | GPU MB alloc/reserved=69.9/852.0
2026-04-07 12:38:43 | INFO | [Round 3] epoch=31/80 loss=1.4087 acc=48.12 val_acc=nan data_t=0.0041s batch_t=0.0083s epoch_t=00:00.09 lr=0.000676 | GPU MB alloc/reserved=69.9/852.0
2026-04-07 12:38:43 | INFO | [Round 3] Epoch 31/80 time=00:00.09 avg=00:00.24 ETA=00:11.63 | GPU MB alloc/reserved=69.9/852.0
2026-04-07 12:38:43 | INFO | [Round 3] epoch=32/80 loss=1.4175 acc=46.12 val_acc=nan data_t=0.0044s batch_t=0.0084s epoch_t=00:00.09 lr=0.000658 | GPU MB alloc/reserved=69.9/852.0
2026-04-07 12:38:43 | INFO | [Round 3] Epoch 32/80 time=00:00.09 avg=00:00.23 ETA=00:11.17 | GPU MB alloc/reserved=69.9/852.0
2026-04-07 12:38:43 | INFO | [Round 3] epoch=33/80 loss=1.3952 acc=48.62 val_acc=nan data_t=0.0042s batch_t=0.0090s epoch_t=00:00.09 lr=0.000639 | GPU MB alloc/reserved=69.9/852.0
2026-04-07 12:38:43 | INFO | [Round 3] Epoch 33/80 time=00:00.09 avg=00:00.23 ETA=00:10.74 | GPU MB alloc/reserved=69.9/852.0
2026-04-07 12:38:43 | INFO | [Round 3] epoch=34/80 loss=1.3920 acc=47.12 val_acc=nan data_t=0.0040s batch_t=0.0087s epoch_t=00:00.09 lr=0.000621 | GPU MB alloc/reserved=69.9/852.0
2026-04-07 12:38:43 | INFO | [Round 3] Epoch 34/80 time=00:00.09 avg=00:00.22 ETA=00:10.32 | GPU MB alloc/reserved=69.9/852.0
2026-04-07 12:38:43 | INFO | [Round 3] epoch=35/80 loss=1.3316 acc=52.00 val_acc=nan data_t=0.0042s batch_t=0.0084s epoch_t=00:00.09 lr=0.000602 | GPU MB alloc/reserved=69.9/852.0
2026-04-07 12:38:43 | INFO | [Round 3] Epoch 35/80 time=00:00.09 avg=00:00.22 ETA=00:09.92 | GPU MB alloc/reserved=69.9/852.0
2026-04-07 12:38:44 | INFO | [Round 3] epoch=36/80 loss=1.3621 acc=51.00 val_acc=nan data_t=0.0039s batch_t=0.0155s epoch_t=00:00.14 lr=0.000582 | GPU MB alloc/reserved=69.9/852.0
2026-04-07 12:38:44 | INFO | [Round 3] Epoch 36/80 time=00:00.14 avg=00:00.22 ETA=00:09.60 | GPU MB alloc/reserved=69.9/852.0
2026-04-07 12:38:44 | INFO | [Round 3] epoch=37/80 loss=1.3271 acc=47.62 val_acc=nan data_t=0.0045s batch_t=0.0338s epoch_t=00:00.27 lr=0.000563 | GPU MB alloc/reserved=69.9/852.0
2026-04-07 12:38:44 | INFO | [Round 3] Epoch 37/80 time=00:00.27 avg=00:00.22 ETA=00:09.44 | GPU MB alloc/reserved=69.9/852.0
2026-04-07 12:38:44 | INFO | [Round 3] epoch=38/80 loss=1.3347 acc=51.00 val_acc=nan data_t=0.0036s batch_t=0.0338s epoch_t=00:00.26 lr=0.000544 | GPU MB alloc/reserved=69.9/852.0
2026-04-07 12:38:44 | INFO | [Round 3] Epoch 38/80 time=00:00.26 avg=00:00.22 ETA=00:09.26 | GPU MB alloc/reserved=69.9/852.0
2026-04-07 12:38:44 | INFO | [Round 3] epoch=39/80 loss=1.3067 acc=49.88 val_acc=nan data_t=0.0077s batch_t=0.0341s epoch_t=00:00.29 lr=0.000524 | GPU MB alloc/reserved=69.9/852.0
2026-04-07 12:38:44 | INFO | [Round 3] Epoch 39/80 time=00:00.29 avg=00:00.22 ETA=00:09.12 | GPU MB alloc/reserved=69.9/852.0
2026-04-07 12:38:45 | INFO | [Round 3] epoch=40/80 loss=1.2793 acc=50.25 val_acc=nan data_t=0.0046s batch_t=0.0343s epoch_t=00:00.27 lr=0.000505 | GPU MB alloc/reserved=69.9/852.0
2026-04-07 12:38:45 | INFO | [Round 3] Epoch 40/80 time=00:00.27 avg=00:00.22 ETA=00:08.95 | GPU MB alloc/reserved=69.9/852.0
2026-04-07 12:38:45 | INFO | [Round 3] epoch=41/80 loss=1.3078 acc=51.62 val_acc=nan data_t=0.0076s batch_t=0.0337s epoch_t=00:00.29 lr=0.000486 | GPU MB alloc/reserved=69.9/852.0
2026-04-07 12:38:45 | INFO | [Round 3] Epoch 41/80 time=00:00.29 avg=00:00.23 ETA=00:08.79 | GPU MB alloc/reserved=69.9/852.0
2026-04-07 12:38:45 | INFO | [Round 3] epoch=42/80 loss=1.3118 acc=50.38 val_acc=nan data_t=0.0077s batch_t=0.0343s epoch_t=00:00.29 lr=0.000466 | GPU MB alloc/reserved=69.9/852.0
2026-04-07 12:38:45 | INFO | [Round 3] Epoch 42/80 time=00:00.29 avg=00:00.23 ETA=00:08.62 | GPU MB alloc/reserved=69.9/852.0
2026-04-07 12:38:45 | INFO | [Round 3] epoch=43/80 loss=1.2422 acc=52.62 val_acc=nan data_t=0.0076s batch_t=0.0339s epoch_t=00:00.29 lr=0.000447 | GPU MB alloc/reserved=69.9/852.0
2026-04-07 12:38:45 | INFO | [Round 3] Epoch 43/80 time=00:00.29 avg=00:00.23 ETA=00:08.45 | GPU MB alloc/reserved=69.9/852.0
2026-04-07 12:38:46 | INFO | [Round 3] epoch=44/80 loss=1.2483 acc=53.00 val_acc=nan data_t=0.0078s batch_t=0.0214s epoch_t=00:00.20 lr=0.000428 | GPU MB alloc/reserved=69.9/852.0
2026-04-07 12:38:46 | INFO | [Round 3] Epoch 44/80 time=00:00.20 avg=00:00.23 ETA=00:08.20 | GPU MB alloc/reserved=69.9/852.0
2026-04-07 12:38:46 | INFO | [Round 3] epoch=45/80 loss=1.2648 acc=53.12 val_acc=nan data_t=0.0071s batch_t=0.0083s epoch_t=00:00.11 lr=0.000408 | GPU MB alloc/reserved=69.9/852.0
2026-04-07 12:38:46 | INFO | [Round 3] Epoch 45/80 time=00:00.11 avg=00:00.23 ETA=00:07.88 | GPU MB alloc/reserved=69.9/852.0
2026-04-07 12:38:46 | INFO | [Round 3] epoch=46/80 loss=1.2601 acc=55.25 val_acc=nan data_t=0.0037s batch_t=0.0335s epoch_t=00:00.26 lr=0.000389 | GPU MB alloc/reserved=69.9/852.0
2026-04-07 12:38:46 | INFO | [Round 3] Epoch 46/80 time=00:00.26 avg=00:00.23 ETA=00:07.68 | GPU MB alloc/reserved=69.9/852.0
2026-04-07 12:38:46 | INFO | [Round 3] epoch=47/80 loss=1.2386 acc=51.75 val_acc=nan data_t=0.0078s batch_t=0.0338s epoch_t=00:00.29 lr=0.000371 | GPU MB alloc/reserved=69.9/852.0
2026-04-07 12:38:46 | INFO | [Round 3] Epoch 47/80 time=00:00.29 avg=00:00.23 ETA=00:07.50 | GPU MB alloc/reserved=69.9/852.0
2026-04-07 12:38:47 | INFO | [Round 3] epoch=48/80 loss=1.1870 acc=55.88 val_acc=nan data_t=0.0043s batch_t=0.0337s epoch_t=00:00.27 lr=0.000352 | GPU MB alloc/reserved=69.9/852.0
2026-04-07 12:38:47 | INFO | [Round 3] Epoch 48/80 time=00:00.27 avg=00:00.23 ETA=00:07.30 | GPU MB alloc/reserved=69.9/852.0
2026-04-07 12:38:47 | INFO | [Round 3] epoch=49/80 loss=1.1968 acc=54.75 val_acc=nan data_t=0.0052s batch_t=0.0339s epoch_t=00:00.27 lr=0.000334 | GPU MB alloc/reserved=69.9/852.0
2026-04-07 12:38:47 | INFO | [Round 3] Epoch 49/80 time=00:00.27 avg=00:00.23 ETA=00:07.10 | GPU MB alloc/reserved=69.9/852.0
2026-04-07 12:38:47 | INFO | [Round 3] epoch=50/80 loss=1.2277 acc=51.75 val_acc=nan data_t=0.0040s batch_t=0.0337s epoch_t=00:00.26 lr=0.000316 | GPU MB alloc/reserved=69.9/852.0
2026-04-07 12:38:47 | INFO | [Round 3] Epoch 50/80 time=00:00.26 avg=00:00.23 ETA=00:06.89 | GPU MB alloc/reserved=69.9/852.0
2026-04-07 12:38:47 | INFO | [Round 3] epoch=51/80 loss=1.1998 acc=53.62 val_acc=nan data_t=0.0038s batch_t=0.0336s epoch_t=00:00.26 lr=0.000298 | GPU MB alloc/reserved=69.9/852.0
2026-04-07 12:38:47 | INFO | [Round 3] Epoch 51/80 time=00:00.26 avg=00:00.23 ETA=00:06.68 | GPU MB alloc/reserved=69.9/852.0
2026-04-07 12:38:48 | INFO | [Round 3] epoch=52/80 loss=1.1245 acc=59.38 val_acc=nan data_t=0.0052s batch_t=0.0338s epoch_t=00:00.27 lr=0.000280 | GPU MB alloc/reserved=69.9/852.0
2026-04-07 12:38:48 | INFO | [Round 3] Epoch 52/80 time=00:00.27 avg=00:00.23 ETA=00:06.47 | GPU MB alloc/reserved=69.9/852.0
2026-04-07 12:38:48 | INFO | [Round 3] epoch=53/80 loss=1.1258 acc=57.62 val_acc=nan data_t=0.0047s batch_t=0.0338s epoch_t=00:00.27 lr=0.000263 | GPU MB alloc/reserved=69.9/852.0
2026-04-07 12:38:48 | INFO | [Round 3] Epoch 53/80 time=00:00.27 avg=00:00.23 ETA=00:06.26 | GPU MB alloc/reserved=69.9/852.0
2026-04-07 12:38:48 | INFO | [Round 3] epoch=54/80 loss=1.1712 acc=55.75 val_acc=nan data_t=0.0076s batch_t=0.0122s epoch_t=00:00.14 lr=0.000246 | GPU MB alloc/reserved=69.9/852.0
2026-04-07 12:38:48 | INFO | [Round 3] Epoch 54/80 time=00:00.14 avg=00:00.23 ETA=00:05.99 | GPU MB alloc/reserved=69.9/852.0
2026-04-07 12:38:48 | INFO | [Round 3] epoch=55/80 loss=1.1397 acc=57.38 val_acc=nan data_t=0.0085s batch_t=0.0171s epoch_t=00:00.18 lr=0.000230 | GPU MB alloc/reserved=69.9/852.0
2026-04-07 12:38:48 | INFO | [Round 3] Epoch 55/80 time=00:00.18 avg=00:00.23 ETA=00:05.73 | GPU MB alloc/reserved=69.9/852.0
2026-04-07 12:38:49 | INFO | [Round 3] epoch=56/80 loss=1.1262 acc=57.50 val_acc=nan data_t=0.0084s batch_t=0.0337s epoch_t=00:00.30 lr=0.000214 | GPU MB alloc/reserved=69.9/852.0
2026-04-07 12:38:49 | INFO | [Round 3] Epoch 56/80 time=00:00.30 avg=00:00.23 ETA=00:05.53 | GPU MB alloc/reserved=69.9/852.0
2026-04-07 12:38:49 | INFO | [Round 3] epoch=57/80 loss=1.1205 acc=57.50 val_acc=nan data_t=0.0061s batch_t=0.0340s epoch_t=00:00.28 lr=0.000199 | GPU MB alloc/reserved=69.9/852.0
2026-04-07 12:38:49 | INFO | [Round 3] Epoch 57/80 time=00:00.28 avg=00:00.23 ETA=00:05.32 | GPU MB alloc/reserved=69.9/852.0
2026-04-07 12:38:49 | INFO | [Round 3] epoch=58/80 loss=1.1134 acc=57.12 val_acc=nan data_t=0.0086s batch_t=0.0337s epoch_t=00:00.30 lr=0.000184 | GPU MB alloc/reserved=69.9/852.0
2026-04-07 12:38:49 | INFO | [Round 3] Epoch 58/80 time=00:00.30 avg=00:00.23 ETA=00:05.11 | GPU MB alloc/reserved=69.9/852.0
2026-04-07 12:38:49 | INFO | [Round 3] epoch=59/80 loss=1.0885 acc=60.25 val_acc=nan data_t=0.0076s batch_t=0.0337s epoch_t=00:00.29 lr=0.000169 | GPU MB alloc/reserved=69.9/852.0
2026-04-07 12:38:49 | INFO | [Round 3] Epoch 59/80 time=00:00.29 avg=00:00.23 ETA=00:04.90 | GPU MB alloc/reserved=69.9/852.0
2026-04-07 12:38:50 | INFO | [Round 3] epoch=60/80 loss=1.1174 acc=56.62 val_acc=nan data_t=0.0054s batch_t=0.0337s epoch_t=00:00.27 lr=0.000155 | GPU MB alloc/reserved=69.9/852.0
2026-04-07 12:38:50 | INFO | [Round 3] Epoch 60/80 time=00:00.27 avg=00:00.23 ETA=00:04.68 | GPU MB alloc/reserved=69.9/852.0
2026-04-07 12:38:50 | INFO | [Round 3] epoch=61/80 loss=1.0493 acc=59.88 val_acc=nan data_t=0.0074s batch_t=0.0339s epoch_t=00:00.29 lr=0.000142 | GPU MB alloc/reserved=69.9/852.0
2026-04-07 12:38:50 | INFO | [Round 3] Epoch 61/80 time=00:00.29 avg=00:00.24 ETA=00:04.47 | GPU MB alloc/reserved=69.9/852.0
2026-04-07 12:38:50 | INFO | [Round 3] epoch=62/80 loss=1.0912 acc=59.12 val_acc=nan data_t=0.0075s batch_t=0.0338s epoch_t=00:00.29 lr=0.000129 | GPU MB alloc/reserved=69.9/852.0
2026-04-07 12:38:50 | INFO | [Round 3] Epoch 62/80 time=00:00.29 avg=00:00.24 ETA=00:04.25 | GPU MB alloc/reserved=69.9/852.0
2026-04-07 12:38:50 | INFO | [Round 3] epoch=63/80 loss=1.0666 acc=59.00 val_acc=nan data_t=0.0062s batch_t=0.0130s epoch_t=00:00.13 lr=0.000116 | GPU MB alloc/reserved=69.9/852.0
2026-04-07 12:38:50 | INFO | [Round 3] Epoch 63/80 time=00:00.13 avg=00:00.23 ETA=00:03.98 | GPU MB alloc/reserved=69.9/852.0
2026-04-07 12:38:51 | INFO | [Round 3] epoch=64/80 loss=1.0747 acc=61.00 val_acc=nan data_t=0.0071s batch_t=0.0080s epoch_t=00:00.11 lr=0.000105 | GPU MB alloc/reserved=69.9/852.0
2026-04-07 12:38:51 | INFO | [Round 3] Epoch 64/80 time=00:00.11 avg=00:00.23 ETA=00:03.72 | GPU MB alloc/reserved=69.9/852.0
2026-04-07 12:38:51 | INFO | [Round 3] epoch=65/80 loss=1.0361 acc=60.25 val_acc=nan data_t=0.0083s batch_t=0.0337s epoch_t=00:00.29 lr=0.000093 | GPU MB alloc/reserved=69.9/852.0
2026-04-07 12:38:51 | INFO | [Round 3] Epoch 65/80 time=00:00.29 avg=00:00.23 ETA=00:03.50 | GPU MB alloc/reserved=69.9/852.0
2026-04-07 12:38:51 | INFO | [Round 3] epoch=66/80 loss=1.0167 acc=62.75 val_acc=nan data_t=0.0058s batch_t=0.0336s epoch_t=00:00.28 lr=0.000083 | GPU MB alloc/reserved=69.9/852.0
2026-04-07 12:38:51 | INFO | [Round 3] Epoch 66/80 time=00:00.28 avg=00:00.23 ETA=00:03.27 | GPU MB alloc/reserved=69.9/852.0
2026-04-07 12:38:51 | INFO | [Round 3] epoch=67/80 loss=1.0465 acc=59.00 val_acc=nan data_t=0.0082s batch_t=0.0339s epoch_t=00:00.30 lr=0.000073 | GPU MB alloc/reserved=69.9/852.0
2026-04-07 12:38:51 | INFO | [Round 3] Epoch 67/80 time=00:00.30 avg=00:00.23 ETA=00:03.05 | GPU MB alloc/reserved=69.9/852.0
2026-04-07 12:38:52 | INFO | [Round 3] epoch=68/80 loss=1.0598 acc=60.00 val_acc=nan data_t=0.0079s batch_t=0.0338s epoch_t=00:00.29 lr=0.000064 | GPU MB alloc/reserved=69.9/852.0
2026-04-07 12:38:52 | INFO | [Round 3] Epoch 68/80 time=00:00.29 avg=00:00.24 ETA=00:02.83 | GPU MB alloc/reserved=69.9/852.0
2026-04-07 12:38:52 | INFO | [Round 3] epoch=69/80 loss=1.0291 acc=59.62 val_acc=nan data_t=0.0055s batch_t=0.0338s epoch_t=00:00.27 lr=0.000055 | GPU MB alloc/reserved=69.9/852.0
2026-04-07 12:38:52 | INFO | [Round 3] Epoch 69/80 time=00:00.27 avg=00:00.24 ETA=00:02.60 | GPU MB alloc/reserved=69.9/852.0
2026-04-07 12:38:52 | INFO | [Round 3] epoch=70/80 loss=1.0510 acc=61.50 val_acc=nan data_t=0.0086s batch_t=0.0339s epoch_t=00:00.30 lr=0.000048 | GPU MB alloc/reserved=69.9/852.0
2026-04-07 12:38:52 | INFO | [Round 3] Epoch 70/80 time=00:00.30 avg=00:00.24 ETA=00:02.37 | GPU MB alloc/reserved=69.9/852.0
2026-04-07 12:38:53 | INFO | [Round 3] epoch=71/80 loss=1.0088 acc=61.25 val_acc=nan data_t=0.0085s batch_t=0.0338s epoch_t=00:00.30 lr=0.000041 | GPU MB alloc/reserved=69.9/852.0
2026-04-07 12:38:53 | INFO | [Round 3] Epoch 71/80 time=00:00.30 avg=00:00.24 ETA=00:02.14 | GPU MB alloc/reserved=69.9/852.0
2026-04-07 12:38:53 | INFO | [Round 3] epoch=72/80 loss=1.0137 acc=60.25 val_acc=nan data_t=0.0088s batch_t=0.0196s epoch_t=00:00.20 lr=0.000034 | GPU MB alloc/reserved=69.9/852.0
2026-04-07 12:38:53 | INFO | [Round 3] Epoch 72/80 time=00:00.20 avg=00:00.24 ETA=00:01.90 | GPU MB alloc/reserved=69.9/852.0
2026-04-07 12:38:53 | INFO | [Round 3] epoch=73/80 loss=1.0452 acc=60.38 val_acc=nan data_t=0.0071s batch_t=0.0080s epoch_t=00:00.11 lr=0.000029 | GPU MB alloc/reserved=69.9/852.0
2026-04-07 12:38:53 | INFO | [Round 3] Epoch 73/80 time=00:00.11 avg=00:00.24 ETA=00:01.65 | GPU MB alloc/reserved=69.9/852.0
2026-04-07 12:38:53 | INFO | [Round 3] epoch=74/80 loss=1.0254 acc=62.38 val_acc=nan data_t=0.0040s batch_t=0.0334s epoch_t=00:00.26 lr=0.000024 | GPU MB alloc/reserved=69.9/852.0
2026-04-07 12:38:53 | INFO | [Round 3] Epoch 74/80 time=00:00.26 avg=00:00.24 ETA=00:01.42 | GPU MB alloc/reserved=69.9/852.0
2026-04-07 12:38:53 | INFO | [Round 3] epoch=75/80 loss=1.0079 acc=62.62 val_acc=nan data_t=0.0076s batch_t=0.0337s epoch_t=00:00.29 lr=0.000020 | GPU MB alloc/reserved=69.9/852.0
2026-04-07 12:38:53 | INFO | [Round 3] Epoch 75/80 time=00:00.29 avg=00:00.24 ETA=00:01.18 | GPU MB alloc/reserved=69.9/852.0
2026-04-07 12:38:54 | INFO | [Round 3] epoch=76/80 loss=1.0288 acc=61.75 val_acc=nan data_t=0.0075s batch_t=0.0338s epoch_t=00:00.29 lr=0.000016 | GPU MB alloc/reserved=69.9/852.0
2026-04-07 12:38:54 | INFO | [Round 3] Epoch 76/80 time=00:00.29 avg=00:00.24 ETA=00:00.95 | GPU MB alloc/reserved=69.9/852.0
2026-04-07 12:38:54 | INFO | [Round 3] epoch=77/80 loss=1.0527 acc=61.50 val_acc=nan data_t=0.0061s batch_t=0.0337s epoch_t=00:00.28 lr=0.000013 | GPU MB alloc/reserved=69.9/852.0
2026-04-07 12:38:54 | INFO | [Round 3] Epoch 77/80 time=00:00.28 avg=00:00.24 ETA=00:00.71 | GPU MB alloc/reserved=69.9/852.0
2026-04-07 12:38:54 | INFO | [Round 3] epoch=78/80 loss=1.0375 acc=61.00 val_acc=nan data_t=0.0077s batch_t=0.0339s epoch_t=00:00.29 lr=0.000012 | GPU MB alloc/reserved=69.9/852.0
2026-04-07 12:38:54 | INFO | [Round 3] Epoch 78/80 time=00:00.29 avg=00:00.24 ETA=00:00.48 | GPU MB alloc/reserved=69.9/852.0
2026-04-07 12:38:55 | INFO | [Round 3] epoch=79/80 loss=1.0369 acc=61.25 val_acc=nan data_t=0.0080s batch_t=0.0339s epoch_t=00:00.29 lr=0.000010 | GPU MB alloc/reserved=69.9/852.0
2026-04-07 12:38:55 | INFO | [Round 3] Epoch 79/80 time=00:00.29 avg=00:00.24 ETA=00:00.24 | GPU MB alloc/reserved=69.9/852.0
2026-04-07 12:38:55 | INFO | [Round 3] epoch=80/80 loss=1.0025 acc=60.50 val_acc=nan data_t=0.0080s batch_t=0.0338s epoch_t=00:00.29 lr=0.000010 | GPU MB alloc/reserved=69.9/852.0
2026-04-07 12:38:55 | INFO | [Round 3] Epoch 80/80 time=00:00.29 avg=00:00.24 ETA=00:00.00 | GPU MB alloc/reserved=69.9/852.0
2026-04-07 12:38:55 | INFO | [Round 3] training complete in 00:19.30 (best monitor=62.750) | GPU MB alloc/reserved=69.9/852.0
2026-04-07 12:38:55 | INFO | [Round 3] evaluation started | GPU MB alloc/reserved=52.0/852.0
2026-04-07 12:38:58 | INFO | [Round 3] clean=47.09 fgsm=39.67 pgd=39.61 grad_disp_mean=nan grad_disp_sel=nan round_t=23.64s | GPU MB alloc/reserved=52.0/852.0
2026-04-07 12:38:58 | INFO | [Round 4/21] elapsed=00:23.64 avg_round=00:20.98 projected_remaining=05:56.70 | GPU MB alloc/reserved=52.0/852.0
2026-04-07 12:38:59 | INFO | [Round 4] acquisition on pool_size=49200 scored_pool=5000 budget=100 | GPU MB alloc/reserved=34.1/852.0
2026-04-07 12:38:59 | INFO | [CoreSet-unlabeled-feat] scoring progress 10/20 elapsed=00:00.21 avg/batch=0.021s ETA=00:00.21 | GPU MB alloc/reserved=40.6/852.0
2026-04-07 12:38:59 | INFO | [CoreSet-unlabeled-feat] scoring progress 20/20 elapsed=00:00.23 avg/batch=0.012s ETA=00:00.00 | GPU MB alloc/reserved=40.6/852.0
2026-04-07 12:38:59 | INFO | [CoreSet-labeled-feat] scoring progress 4/4 elapsed=00:00.18 avg/batch=0.044s ETA=00:00.00 | GPU MB alloc/reserved=40.2/852.0
2026-04-07 12:38:59 | INFO | [CoreSet] greedy 10/100 cover_radius=25.572527 | GPU: n/a
2026-04-07 12:38:59 | INFO | [CoreSet] greedy 20/100 cover_radius=23.904207 | GPU: n/a
2026-04-07 12:38:59 | INFO | [CoreSet] greedy 30/100 cover_radius=23.249916 | GPU: n/a
2026-04-07 12:39:00 | INFO | [CoreSet] greedy 40/100 cover_radius=22.562181 | GPU: n/a
2026-04-07 12:39:00 | INFO | [CoreSet] greedy 50/100 cover_radius=21.975166 | GPU: n/a
2026-04-07 12:39:00 | INFO | [CoreSet] greedy 60/100 cover_radius=21.334665 | GPU: n/a
2026-04-07 12:39:00 | INFO | [CoreSet] greedy 70/100 cover_radius=20.998152 | GPU: n/a
2026-04-07 12:39:00 | INFO | [CoreSet] greedy 80/100 cover_radius=20.739138 | GPU: n/a
2026-04-07 12:39:00 | INFO | [CoreSet] greedy 90/100 cover_radius=20.561028 | GPU: n/a
2026-04-07 12:39:00 | INFO | [CoreSet] greedy 100/100 cover_radius=20.359470 | GPU: n/a
2026-04-07 12:39:00 | INFO | [Round 4] labeled=900 train=900 val_fixed=0 | GPU MB alloc/reserved=43.1/852.0
2026-04-07 12:39:01 | INFO | [Round 4] epoch=1/80 loss=7.1395 acc=17.78 val_acc=nan data_t=0.0198s batch_t=0.0389s epoch_t=00:00.47 lr=0.001000 | GPU MB alloc/reserved=69.9/852.0
2026-04-07 12:39:01 | INFO | [Round 4] Epoch 1/80 time=00:00.47 avg=00:00.47 ETA=00:37.14 | GPU MB alloc/reserved=69.9/852.0
2026-04-07 12:39:01 | INFO | [Round 4] epoch=2/80 loss=3.0107 acc=15.33 val_acc=nan data_t=0.0051s batch_t=0.0337s epoch_t=00:00.31 lr=0.000998 | GPU MB alloc/reserved=69.9/852.0
2026-04-07 12:39:01 | INFO | [Round 4] Epoch 2/80 time=00:00.31 avg=00:00.39 ETA=00:30.46 | GPU MB alloc/reserved=69.9/852.0
2026-04-07 12:39:01 | INFO | [Round 4] epoch=3/80 loss=2.1921 acc=25.11 val_acc=nan data_t=0.0073s batch_t=0.0337s epoch_t=00:00.33 lr=0.000997 | GPU MB alloc/reserved=69.9/852.0
2026-04-07 12:39:01 | INFO | [Round 4] Epoch 3/80 time=00:00.33 avg=00:00.37 ETA=00:28.48 | GPU MB alloc/reserved=69.9/852.0
2026-04-07 12:39:02 | INFO | [Round 4] epoch=4/80 loss=2.1153 acc=20.00 val_acc=nan data_t=0.0085s batch_t=0.0338s epoch_t=00:00.34 lr=0.000994 | GPU MB alloc/reserved=69.9/852.0
2026-04-07 12:39:02 | INFO | [Round 4] Epoch 4/80 time=00:00.34 avg=00:00.36 ETA=00:27.53 | GPU MB alloc/reserved=69.9/852.0
2026-04-07 12:39:02 | INFO | [Round 4] epoch=5/80 loss=2.0326 acc=28.00 val_acc=nan data_t=0.0092s batch_t=0.0337s epoch_t=00:00.34 lr=0.000990 | GPU MB alloc/reserved=69.9/852.0
2026-04-07 12:39:02 | INFO | [Round 4] Epoch 5/80 time=00:00.34 avg=00:00.36 ETA=00:26.89 | GPU MB alloc/reserved=69.9/852.0
2026-04-07 12:39:02 | INFO | [Round 4] epoch=6/80 loss=1.9756 acc=27.89 val_acc=nan data_t=0.0088s batch_t=0.0200s epoch_t=00:00.23 lr=0.000986 | GPU MB alloc/reserved=69.9/852.0
2026-04-07 12:39:02 | INFO | [Round 4] Epoch 6/80 time=00:00.23 avg=00:00.34 ETA=00:24.95 | GPU MB alloc/reserved=69.9/852.0
2026-04-07 12:39:02 | INFO | [Round 4] epoch=7/80 loss=1.9553 acc=29.89 val_acc=nan data_t=0.0070s batch_t=0.0132s epoch_t=00:00.16 lr=0.000981 | GPU MB alloc/reserved=69.9/852.0
2026-04-07 12:39:02 | INFO | [Round 4] Epoch 7/80 time=00:00.16 avg=00:00.31 ETA=00:22.79 | GPU MB alloc/reserved=69.9/852.0
2026-04-07 12:39:03 | INFO | [Round 4] epoch=8/80 loss=1.9278 acc=30.00 val_acc=nan data_t=0.0065s batch_t=0.0336s epoch_t=00:00.32 lr=0.000976 | GPU MB alloc/reserved=69.9/852.0
2026-04-07 12:39:03 | INFO | [Round 4] Epoch 8/80 time=00:00.32 avg=00:00.31 ETA=00:22.55 | GPU MB alloc/reserved=69.9/852.0
2026-04-07 12:39:03 | INFO | [Round 4] epoch=9/80 loss=1.8967 acc=30.11 val_acc=nan data_t=0.0050s batch_t=0.0339s epoch_t=00:00.31 lr=0.000969 | GPU MB alloc/reserved=69.9/852.0
2026-04-07 12:39:03 | INFO | [Round 4] Epoch 9/80 time=00:00.31 avg=00:00.31 ETA=00:22.23 | GPU MB alloc/reserved=69.9/852.0
2026-04-07 12:39:03 | INFO | [Round 4] epoch=10/80 loss=1.8763 acc=32.00 val_acc=nan data_t=0.0067s batch_t=0.0338s epoch_t=00:00.32 lr=0.000962 | GPU MB alloc/reserved=69.9/852.0
2026-04-07 12:39:03 | INFO | [Round 4] Epoch 10/80 time=00:00.32 avg=00:00.31 ETA=00:21.99 | GPU MB alloc/reserved=69.9/852.0
2026-04-07 12:39:04 | INFO | [Round 4] epoch=11/80 loss=1.8738 acc=32.33 val_acc=nan data_t=0.0075s batch_t=0.0340s epoch_t=00:00.33 lr=0.000955 | GPU MB alloc/reserved=69.9/852.0
2026-04-07 12:39:04 | INFO | [Round 4] Epoch 11/80 time=00:00.33 avg=00:00.32 ETA=00:21.79 | GPU MB alloc/reserved=69.9/852.0
2026-04-07 12:39:04 | INFO | [Round 4] epoch=12/80 loss=1.8728 acc=32.11 val_acc=nan data_t=0.0064s batch_t=0.0337s epoch_t=00:00.32 lr=0.000946 | GPU MB alloc/reserved=69.9/852.0
2026-04-07 12:39:04 | INFO | [Round 4] Epoch 12/80 time=00:00.32 avg=00:00.32 ETA=00:21.50 | GPU MB alloc/reserved=69.9/852.0
2026-04-07 12:39:04 | INFO | [Round 4] epoch=13/80 loss=1.8730 acc=33.11 val_acc=nan data_t=0.0083s batch_t=0.0336s epoch_t=00:00.33 lr=0.000937 | GPU MB alloc/reserved=69.9/852.0
2026-04-07 12:39:04 | INFO | [Round 4] Epoch 13/80 time=00:00.33 avg=00:00.32 ETA=00:21.28 | GPU MB alloc/reserved=69.9/852.0
2026-04-07 12:39:04 | INFO | [Round 4] epoch=14/80 loss=1.8485 acc=32.56 val_acc=nan data_t=0.0084s batch_t=0.0177s epoch_t=00:00.21 lr=0.000927 | GPU MB alloc/reserved=69.9/852.0
2026-04-07 12:39:04 | INFO | [Round 4] Epoch 14/80 time=00:00.21 avg=00:00.31 ETA=00:20.46 | GPU MB alloc/reserved=69.9/852.0
2026-04-07 12:39:05 | INFO | [Round 4] epoch=15/80 loss=1.8141 acc=32.44 val_acc=nan data_t=0.0064s batch_t=0.0177s epoch_t=00:00.19 lr=0.000917 | GPU MB alloc/reserved=69.9/852.0
2026-04-07 12:39:05 | INFO | [Round 4] Epoch 15/80 time=00:00.19 avg=00:00.30 ETA=00:19.64 | GPU MB alloc/reserved=69.9/852.0
2026-04-07 12:39:05 | INFO | [Round 4] epoch=16/80 loss=1.7826 acc=33.67 val_acc=nan data_t=0.0066s batch_t=0.0338s epoch_t=00:00.32 lr=0.000905 | GPU MB alloc/reserved=69.9/852.0
2026-04-07 12:39:05 | INFO | [Round 4] Epoch 16/80 time=00:00.32 avg=00:00.30 ETA=00:19.42 | GPU MB alloc/reserved=69.9/852.0
2026-04-07 12:39:05 | INFO | [Round 4] epoch=17/80 loss=1.8033 acc=34.33 val_acc=nan data_t=0.0073s batch_t=0.0337s epoch_t=00:00.33 lr=0.000894 | GPU MB alloc/reserved=69.9/852.0
2026-04-07 12:39:05 | INFO | [Round 4] Epoch 17/80 time=00:00.33 avg=00:00.30 ETA=00:19.21 | GPU MB alloc/reserved=69.9/852.0
2026-04-07 12:39:06 | INFO | [Round 4] epoch=18/80 loss=1.8500 acc=33.11 val_acc=nan data_t=0.0071s batch_t=0.0337s epoch_t=00:00.33 lr=0.000881 | GPU MB alloc/reserved=69.9/852.0
2026-04-07 12:39:06 | INFO | [Round 4] Epoch 18/80 time=00:00.33 avg=00:00.31 ETA=00:18.98 | GPU MB alloc/reserved=69.9/852.0
2026-04-07 12:39:06 | INFO | [Round 4] epoch=19/80 loss=1.8252 acc=33.33 val_acc=nan data_t=0.0070s batch_t=0.0339s epoch_t=00:00.33 lr=0.000868 | GPU MB alloc/reserved=69.9/852.0
2026-04-07 12:39:06 | INFO | [Round 4] Epoch 19/80 time=00:00.33 avg=00:00.31 ETA=00:18.74 | GPU MB alloc/reserved=69.9/852.0
2026-04-07 12:39:06 | INFO | [Round 4] epoch=20/80 loss=1.8195 acc=35.11 val_acc=nan data_t=0.0072s batch_t=0.0337s epoch_t=00:00.33 lr=0.000855 | GPU MB alloc/reserved=69.9/852.0
2026-04-07 12:39:06 | INFO | [Round 4] Epoch 20/80 time=00:00.33 avg=00:00.31 ETA=00:18.49 | GPU MB alloc/reserved=69.9/852.0
2026-04-07 12:39:07 | INFO | [Round 4] epoch=21/80 loss=1.7426 acc=36.22 val_acc=nan data_t=0.0034s batch_t=0.0339s epoch_t=00:00.30 lr=0.000841 | GPU MB alloc/reserved=69.9/852.0
2026-04-07 12:39:07 | INFO | [Round 4] Epoch 21/80 time=00:00.30 avg=00:00.31 ETA=00:18.15 | GPU MB alloc/reserved=69.9/852.0
2026-04-07 12:39:07 | INFO | [Round 4] epoch=22/80 loss=1.7294 acc=35.22 val_acc=nan data_t=0.0034s batch_t=0.0168s epoch_t=00:00.16 lr=0.000826 | GPU MB alloc/reserved=69.9/852.0
2026-04-07 12:39:07 | INFO | [Round 4] Epoch 22/80 time=00:00.16 avg=00:00.30 ETA=00:17.46 | GPU MB alloc/reserved=69.9/852.0
2026-04-07 12:39:07 | INFO | [Round 4] epoch=23/80 loss=1.7108 acc=38.56 val_acc=nan data_t=0.0037s batch_t=0.0092s epoch_t=00:00.10 lr=0.000811 | GPU MB alloc/reserved=69.9/852.0
2026-04-07 12:39:07 | INFO | [Round 4] Epoch 23/80 time=00:00.10 avg=00:00.29 ETA=00:16.67 | GPU MB alloc/reserved=69.9/852.0
2026-04-07 12:39:07 | INFO | [Round 4] epoch=24/80 loss=1.6634 acc=38.00 val_acc=nan data_t=0.0039s batch_t=0.0334s epoch_t=00:00.30 lr=0.000796 | GPU MB alloc/reserved=69.9/852.0
2026-04-07 12:39:07 | INFO | [Round 4] Epoch 24/80 time=00:00.30 avg=00:00.29 ETA=00:16.39 | GPU MB alloc/reserved=69.9/852.0
2026-04-07 12:39:07 | INFO | [Round 4] epoch=25/80 loss=1.6750 acc=38.78 val_acc=nan data_t=0.0046s batch_t=0.0336s epoch_t=00:00.31 lr=0.000780 | GPU MB alloc/reserved=69.9/852.0
2026-04-07 12:39:07 | INFO | [Round 4] Epoch 25/80 time=00:00.31 avg=00:00.29 ETA=00:16.13 | GPU MB alloc/reserved=69.9/852.0
2026-04-07 12:39:08 | INFO | [Round 4] epoch=26/80 loss=1.6069 acc=39.22 val_acc=nan data_t=0.0049s batch_t=0.0337s epoch_t=00:00.31 lr=0.000764 | GPU MB alloc/reserved=69.9/852.0
2026-04-07 12:39:08 | INFO | [Round 4] Epoch 26/80 time=00:00.31 avg=00:00.29 ETA=00:15.87 | GPU MB alloc/reserved=69.9/852.0
2026-04-07 12:39:08 | INFO | [Round 4] epoch=27/80 loss=1.6563 acc=37.56 val_acc=nan data_t=0.0064s batch_t=0.0337s epoch_t=00:00.32 lr=0.000747 | GPU MB alloc/reserved=69.9/852.0
2026-04-07 12:39:08 | INFO | [Round 4] Epoch 27/80 time=00:00.32 avg=00:00.29 ETA=00:15.63 | GPU MB alloc/reserved=69.9/852.0
2026-04-07 12:39:08 | INFO | [Round 4] epoch=28/80 loss=1.6568 acc=40.00 val_acc=nan data_t=0.0065s batch_t=0.0337s epoch_t=00:00.32 lr=0.000730 | GPU MB alloc/reserved=69.9/852.0
2026-04-07 12:39:08 | INFO | [Round 4] Epoch 28/80 time=00:00.32 avg=00:00.30 ETA=00:15.38 | GPU MB alloc/reserved=69.9/852.0
2026-04-07 12:39:09 | INFO | [Round 4] epoch=29/80 loss=1.7145 acc=39.00 val_acc=nan data_t=0.0067s batch_t=0.0341s epoch_t=00:00.33 lr=0.000712 | GPU MB alloc/reserved=69.9/852.0
2026-04-07 12:39:09 | INFO | [Round 4] Epoch 29/80 time=00:00.33 avg=00:00.30 ETA=00:15.14 | GPU MB alloc/reserved=69.9/852.0
2026-04-07 12:39:09 | INFO | [Round 4] epoch=30/80 loss=1.6745 acc=38.11 val_acc=nan data_t=0.0049s batch_t=0.0309s epoch_t=00:00.29 lr=0.000694 | GPU MB alloc/reserved=69.9/852.0
2026-04-07 12:39:09 | INFO | [Round 4] Epoch 30/80 time=00:00.29 avg=00:00.30 ETA=00:14.83 | GPU MB alloc/reserved=69.9/852.0
2026-04-07 12:39:09 | INFO | [Round 4] epoch=31/80 loss=1.6738 acc=38.78 val_acc=nan data_t=0.0048s batch_t=0.0097s epoch_t=00:00.12 lr=0.000676 | GPU MB alloc/reserved=69.9/852.0
2026-04-07 12:39:09 | INFO | [Round 4] Epoch 31/80 time=00:00.12 avg=00:00.29 ETA=00:14.24 | GPU MB alloc/reserved=69.9/852.0
2026-04-07 12:39:09 | INFO | [Round 4] epoch=32/80 loss=1.7100 acc=38.67 val_acc=nan data_t=0.0037s batch_t=0.0318s epoch_t=00:00.28 lr=0.000658 | GPU MB alloc/reserved=69.9/852.0
2026-04-07 12:39:09 | INFO | [Round 4] Epoch 32/80 time=00:00.28 avg=00:00.29 ETA=00:13.94 | GPU MB alloc/reserved=69.9/852.0
2026-04-07 12:39:10 | INFO | [Round 4] epoch=33/80 loss=1.7367 acc=37.56 val_acc=nan data_t=0.0030s batch_t=0.0336s epoch_t=00:00.29 lr=0.000639 | GPU MB alloc/reserved=69.9/852.0
2026-04-07 12:39:10 | INFO | [Round 4] Epoch 33/80 time=00:00.29 avg=00:00.29 ETA=00:13.66 | GPU MB alloc/reserved=69.9/852.0
2026-04-07 12:39:10 | INFO | [Round 4] epoch=34/80 loss=1.7417 acc=36.44 val_acc=nan data_t=0.0048s batch_t=0.0336s epoch_t=00:00.31 lr=0.000621 | GPU MB alloc/reserved=69.9/852.0
2026-04-07 12:39:10 | INFO | [Round 4] Epoch 34/80 time=00:00.31 avg=00:00.29 ETA=00:13.39 | GPU MB alloc/reserved=69.9/852.0
2026-04-07 12:39:10 | INFO | [Round 4] epoch=35/80 loss=1.6820 acc=39.22 val_acc=nan data_t=0.0048s batch_t=0.0336s epoch_t=00:00.31 lr=0.000602 | GPU MB alloc/reserved=69.9/852.0
2026-04-07 12:39:10 | INFO | [Round 4] Epoch 35/80 time=00:00.31 avg=00:00.29 ETA=00:13.12 | GPU MB alloc/reserved=69.9/852.0
2026-04-07 12:39:11 | INFO | [Round 4] epoch=36/80 loss=1.6508 acc=39.00 val_acc=nan data_t=0.0048s batch_t=0.0336s epoch_t=00:00.31 lr=0.000582 | GPU MB alloc/reserved=69.9/852.0
2026-04-07 12:39:11 | INFO | [Round 4] Epoch 36/80 time=00:00.31 avg=00:00.29 ETA=00:12.85 | GPU MB alloc/reserved=69.9/852.0
2026-04-07 12:39:11 | INFO | [Round 4] epoch=37/80 loss=1.5984 acc=40.56 val_acc=nan data_t=0.0064s batch_t=0.0336s epoch_t=00:00.32 lr=0.000563 | GPU MB alloc/reserved=69.9/852.0
2026-04-07 12:39:11 | INFO | [Round 4] Epoch 37/80 time=00:00.32 avg=00:00.29 ETA=00:12.59 | GPU MB alloc/reserved=69.9/852.0
2026-04-07 12:39:11 | INFO | [Round 4] epoch=38/80 loss=1.5676 acc=42.44 val_acc=nan data_t=0.0065s batch_t=0.0338s epoch_t=00:00.32 lr=0.000544 | GPU MB alloc/reserved=69.9/852.0
2026-04-07 12:39:11 | INFO | [Round 4] Epoch 38/80 time=00:00.32 avg=00:00.29 ETA=00:12.33 | GPU MB alloc/reserved=69.9/852.0
2026-04-07 12:39:11 | INFO | [Round 4] epoch=39/80 loss=1.5578 acc=42.89 val_acc=nan data_t=0.0048s batch_t=0.0092s epoch_t=00:00.11 lr=0.000524 | GPU MB alloc/reserved=69.9/852.0
2026-04-07 12:39:11 | INFO | [Round 4] Epoch 39/80 time=00:00.11 avg=00:00.29 ETA=00:11.84 | GPU MB alloc/reserved=69.9/852.0
2026-04-07 12:39:12 | INFO | [Round 4] epoch=40/80 loss=1.5619 acc=41.56 val_acc=nan data_t=0.0038s batch_t=0.0121s epoch_t=00:00.13 lr=0.000505 | GPU MB alloc/reserved=69.9/852.0
2026-04-07 12:39:12 | INFO | [Round 4] Epoch 40/80 time=00:00.13 avg=00:00.28 ETA=00:11.39 | GPU MB alloc/reserved=69.9/852.0
2026-04-07 12:39:12 | INFO | [Round 4] epoch=41/80 loss=1.5615 acc=40.22 val_acc=nan data_t=0.0049s batch_t=0.0339s epoch_t=00:00.31 lr=0.000486 | GPU MB alloc/reserved=69.9/852.0
2026-04-07 12:39:12 | INFO | [Round 4] Epoch 41/80 time=00:00.31 avg=00:00.29 ETA=00:11.13 | GPU MB alloc/reserved=69.9/852.0
2026-04-07 12:39:12 | INFO | [Round 4] epoch=42/80 loss=1.5489 acc=41.56 val_acc=nan data_t=0.0077s batch_t=0.0345s epoch_t=00:00.34 lr=0.000466 | GPU MB alloc/reserved=69.9/852.0
2026-04-07 12:39:12 | INFO | [Round 4] Epoch 42/80 time=00:00.34 avg=00:00.29 ETA=00:10.90 | GPU MB alloc/reserved=69.9/852.0
2026-04-07 12:39:13 | INFO | [Round 4] epoch=43/80 loss=1.5583 acc=41.56 val_acc=nan data_t=0.0087s batch_t=0.0345s epoch_t=00:00.35 lr=0.000447 | GPU MB alloc/reserved=69.9/852.0
2026-04-07 12:39:13 | INFO | [Round 4] Epoch 43/80 time=00:00.35 avg=00:00.29 ETA=00:10.66 | GPU MB alloc/reserved=69.9/852.0
2026-04-07 12:39:13 | INFO | [Round 4] epoch=44/80 loss=1.5080 acc=42.78 val_acc=nan data_t=0.0076s batch_t=0.0347s epoch_t=00:00.34 lr=0.000428 | GPU MB alloc/reserved=69.9/852.0
2026-04-07 12:39:13 | INFO | [Round 4] Epoch 44/80 time=00:00.34 avg=00:00.29 ETA=00:10.41 | GPU MB alloc/reserved=69.9/852.0
2026-04-07 12:39:13 | INFO | [Round 4] epoch=45/80 loss=1.5529 acc=44.11 val_acc=nan data_t=0.0082s batch_t=0.0342s epoch_t=00:00.34 lr=0.000408 | GPU MB alloc/reserved=69.9/852.0
2026-04-07 12:39:13 | INFO | [Round 4] Epoch 45/80 time=00:00.34 avg=00:00.29 ETA=00:10.16 | GPU MB alloc/reserved=69.9/852.0
2026-04-07 12:39:14 | INFO | [Round 4] epoch=46/80 loss=1.4744 acc=44.56 val_acc=nan data_t=0.0080s batch_t=0.0346s epoch_t=00:00.34 lr=0.000389 | GPU MB alloc/reserved=69.9/852.0
2026-04-07 12:39:14 | INFO | [Round 4] Epoch 46/80 time=00:00.34 avg=00:00.29 ETA=00:09.91 | GPU MB alloc/reserved=69.9/852.0
2026-04-07 12:39:14 | INFO | [Round 4] epoch=47/80 loss=1.5374 acc=42.33 val_acc=nan data_t=0.0072s batch_t=0.0111s epoch_t=00:00.15 lr=0.000371 | GPU MB alloc/reserved=69.9/852.0
2026-04-07 12:39:14 | INFO | [Round 4] Epoch 47/80 time=00:00.15 avg=00:00.29 ETA=00:09.52 | GPU MB alloc/reserved=69.9/852.0
2026-04-07 12:39:14 | INFO | [Round 4] epoch=48/80 loss=1.4699 acc=46.44 val_acc=nan data_t=0.0042s batch_t=0.0214s epoch_t=00:00.21 lr=0.000352 | GPU MB alloc/reserved=69.9/852.0
2026-04-07 12:39:14 | INFO | [Round 4] Epoch 48/80 time=00:00.21 avg=00:00.29 ETA=00:09.17 | GPU MB alloc/reserved=69.9/852.0
2026-04-07 12:39:14 | INFO | [Round 4] epoch=49/80 loss=1.4708 acc=44.78 val_acc=nan data_t=0.0048s batch_t=0.0341s epoch_t=00:00.31 lr=0.000334 | GPU MB alloc/reserved=69.9/852.0
2026-04-07 12:39:14 | INFO | [Round 4] Epoch 49/80 time=00:00.31 avg=00:00.29 ETA=00:08.90 | GPU MB alloc/reserved=69.9/852.0
2026-04-07 12:39:15 | INFO | [Round 4] epoch=50/80 loss=1.4756 acc=43.89 val_acc=nan data_t=0.0067s batch_t=0.0341s epoch_t=00:00.33 lr=0.000316 | GPU MB alloc/reserved=69.9/852.0
2026-04-07 12:39:15 | INFO | [Round 4] Epoch 50/80 time=00:00.33 avg=00:00.29 ETA=00:08.64 | GPU MB alloc/reserved=69.9/852.0
2026-04-07 12:39:15 | INFO | [Round 4] epoch=51/80 loss=1.5038 acc=44.67 val_acc=nan data_t=0.0072s batch_t=0.0339s epoch_t=00:00.33 lr=0.000298 | GPU MB alloc/reserved=69.9/852.0
2026-04-07 12:39:15 | INFO | [Round 4] Epoch 51/80 time=00:00.33 avg=00:00.29 ETA=00:08.37 | GPU MB alloc/reserved=69.9/852.0
2026-04-07 12:39:15 | INFO | [Round 4] epoch=52/80 loss=1.4488 acc=46.00 val_acc=nan data_t=0.0079s batch_t=0.0340s epoch_t=00:00.33 lr=0.000280 | GPU MB alloc/reserved=69.9/852.0
2026-04-07 12:39:15 | INFO | [Round 4] Epoch 52/80 time=00:00.33 avg=00:00.29 ETA=00:08.11 | GPU MB alloc/reserved=69.9/852.0
2026-04-07 12:39:16 | INFO | [Round 4] epoch=53/80 loss=1.5140 acc=43.78 val_acc=nan data_t=0.0082s batch_t=0.0339s epoch_t=00:00.34 lr=0.000263 | GPU MB alloc/reserved=69.9/852.0
2026-04-07 12:39:16 | INFO | [Round 4] Epoch 53/80 time=00:00.34 avg=00:00.29 ETA=00:07.84 | GPU MB alloc/reserved=69.9/852.0
2026-04-07 12:39:16 | INFO | [Round 4] epoch=54/80 loss=1.4622 acc=44.33 val_acc=nan data_t=0.0071s batch_t=0.0340s epoch_t=00:00.33 lr=0.000246 | GPU MB alloc/reserved=69.9/852.0
2026-04-07 12:39:16 | INFO | [Round 4] Epoch 54/80 time=00:00.33 avg=00:00.29 ETA=00:07.57 | GPU MB alloc/reserved=69.9/852.0
2026-04-07 12:39:16 | INFO | [Round 4] epoch=55/80 loss=1.4643 acc=45.22 val_acc=nan data_t=0.0081s batch_t=0.0097s epoch_t=00:00.14 lr=0.000230 | GPU MB alloc/reserved=69.9/852.0
2026-04-07 12:39:16 | INFO | [Round 4] Epoch 55/80 time=00:00.14 avg=00:00.29 ETA=00:07.21 | GPU MB alloc/reserved=69.9/852.0
2026-04-07 12:39:16 | INFO | [Round 4] epoch=56/80 loss=1.4447 acc=47.56 val_acc=nan data_t=0.0038s batch_t=0.0317s epoch_t=00:00.28 lr=0.000214 | GPU MB alloc/reserved=69.9/852.0
2026-04-07 12:39:16 | INFO | [Round 4] Epoch 56/80 time=00:00.28 avg=00:00.29 ETA=00:06.92 | GPU MB alloc/reserved=69.9/852.0
2026-04-07 12:39:17 | INFO | [Round 4] epoch=57/80 loss=1.4350 acc=45.00 val_acc=nan data_t=0.0034s batch_t=0.0338s epoch_t=00:00.30 lr=0.000199 | GPU MB alloc/reserved=69.9/852.0
2026-04-07 12:39:17 | INFO | [Round 4] Epoch 57/80 time=00:00.30 avg=00:00.29 ETA=00:06.64 | GPU MB alloc/reserved=69.9/852.0
2026-04-07 12:39:17 | INFO | [Round 4] epoch=58/80 loss=1.4197 acc=47.56 val_acc=nan data_t=0.0034s batch_t=0.0340s epoch_t=00:00.30 lr=0.000184 | GPU MB alloc/reserved=69.9/852.0
2026-04-07 12:39:17 | INFO | [Round 4] Epoch 58/80 time=00:00.30 avg=00:00.29 ETA=00:06.35 | GPU MB alloc/reserved=69.9/852.0
2026-04-07 12:39:17 | INFO | [Round 4] epoch=59/80 loss=1.4403 acc=43.44 val_acc=nan data_t=0.0032s batch_t=0.0339s epoch_t=00:00.30 lr=0.000169 | GPU MB alloc/reserved=69.9/852.0
2026-04-07 12:39:17 | INFO | [Round 4] Epoch 59/80 time=00:00.30 avg=00:00.29 ETA=00:06.07 | GPU MB alloc/reserved=69.9/852.0
2026-04-07 12:39:18 | INFO | [Round 4] epoch=60/80 loss=1.4318 acc=47.00 val_acc=nan data_t=0.0075s batch_t=0.0339s epoch_t=00:00.33 lr=0.000155 | GPU MB alloc/reserved=69.9/852.0
2026-04-07 12:39:18 | INFO | [Round 4] Epoch 60/80 time=00:00.33 avg=00:00.29 ETA=00:05.79 | GPU MB alloc/reserved=69.9/852.0
2026-04-07 12:39:18 | INFO | [Round 4] epoch=61/80 loss=1.4203 acc=46.00 val_acc=nan data_t=0.0075s batch_t=0.0339s epoch_t=00:00.33 lr=0.000142 | GPU MB alloc/reserved=69.9/852.0
2026-04-07 12:39:18 | INFO | [Round 4] Epoch 61/80 time=00:00.33 avg=00:00.29 ETA=00:05.52 | GPU MB alloc/reserved=69.9/852.0
2026-04-07 12:39:18 | INFO | [Round 4] epoch=62/80 loss=1.4050 acc=46.67 val_acc=nan data_t=0.0075s batch_t=0.0339s epoch_t=00:00.33 lr=0.000129 | GPU MB alloc/reserved=69.9/852.0
2026-04-07 12:39:18 | INFO | [Round 4] Epoch 62/80 time=00:00.33 avg=00:00.29 ETA=00:05.24 | GPU MB alloc/reserved=69.9/852.0
2026-04-07 12:39:18 | INFO | [Round 4] epoch=63/80 loss=1.4095 acc=46.78 val_acc=nan data_t=0.0076s batch_t=0.0089s epoch_t=00:00.13 lr=0.000116 | GPU MB alloc/reserved=69.9/852.0
2026-04-07 12:39:18 | INFO | [Round 4] Epoch 63/80 time=00:00.13 avg=00:00.29 ETA=00:04.90 | GPU MB alloc/reserved=69.9/852.0
2026-04-07 12:39:19 | INFO | [Round 4] epoch=64/80 loss=1.3988 acc=47.78 val_acc=nan data_t=0.0036s batch_t=0.0288s epoch_t=00:00.26 lr=0.000105 | GPU MB alloc/reserved=69.9/852.0
2026-04-07 12:39:19 | INFO | [Round 4] Epoch 64/80 time=00:00.26 avg=00:00.29 ETA=00:04.61 | GPU MB alloc/reserved=69.9/852.0
2026-04-07 12:39:19 | INFO | [Round 4] epoch=65/80 loss=1.4126 acc=47.11 val_acc=nan data_t=0.0060s batch_t=0.0340s epoch_t=00:00.32 lr=0.000093 | GPU MB alloc/reserved=69.9/852.0
2026-04-07 12:39:19 | INFO | [Round 4] Epoch 65/80 time=00:00.32 avg=00:00.29 ETA=00:04.33 | GPU MB alloc/reserved=69.9/852.0
2026-04-07 12:39:19 | INFO | [Round 4] epoch=66/80 loss=1.4031 acc=47.11 val_acc=nan data_t=0.0066s batch_t=0.0340s epoch_t=00:00.32 lr=0.000083 | GPU MB alloc/reserved=69.9/852.0
2026-04-07 12:39:19 | INFO | [Round 4] Epoch 66/80 time=00:00.32 avg=00:00.29 ETA=00:04.05 | GPU MB alloc/reserved=69.9/852.0
2026-04-07 12:39:20 | INFO | [Round 4] epoch=67/80 loss=1.3870 acc=47.67 val_acc=nan data_t=0.0065s batch_t=0.0341s epoch_t=00:00.32 lr=0.000073 | GPU MB alloc/reserved=69.9/852.0
2026-04-07 12:39:20 | INFO | [Round 4] Epoch 67/80 time=00:00.32 avg=00:00.29 ETA=00:03.76 | GPU MB alloc/reserved=69.9/852.0
2026-04-07 12:39:20 | INFO | [Round 4] epoch=68/80 loss=1.3684 acc=49.56 val_acc=nan data_t=0.0039s batch_t=0.0338s epoch_t=00:00.30 lr=0.000064 | GPU MB alloc/reserved=69.9/852.0
2026-04-07 12:39:20 | INFO | [Round 4] Epoch 68/80 time=00:00.30 avg=00:00.29 ETA=00:03.48 | GPU MB alloc/reserved=69.9/852.0
2026-04-07 12:39:20 | INFO | [Round 4] epoch=69/80 loss=1.3718 acc=49.22 val_acc=nan data_t=0.0064s batch_t=0.0339s epoch_t=00:00.32 lr=0.000055 | GPU MB alloc/reserved=69.9/852.0
2026-04-07 12:39:20 | INFO | [Round 4] Epoch 69/80 time=00:00.32 avg=00:00.29 ETA=00:03.19 | GPU MB alloc/reserved=69.9/852.0
2026-04-07 12:39:21 | INFO | [Round 4] epoch=70/80 loss=1.4155 acc=46.56 val_acc=nan data_t=0.0078s batch_t=0.0337s epoch_t=00:00.33 lr=0.000048 | GPU MB alloc/reserved=69.9/852.0
2026-04-07 12:39:21 | INFO | [Round 4] Epoch 70/80 time=00:00.33 avg=00:00.29 ETA=00:02.91 | GPU MB alloc/reserved=69.9/852.0
2026-04-07 12:39:21 | INFO | [Round 4] epoch=71/80 loss=1.3805 acc=48.67 val_acc=nan data_t=0.0075s batch_t=0.0099s epoch_t=00:00.14 lr=0.000041 | GPU MB alloc/reserved=69.9/852.0
2026-04-07 12:39:21 | INFO | [Round 4] Epoch 71/80 time=00:00.14 avg=00:00.29 ETA=00:02.60 | GPU MB alloc/reserved=69.9/852.0
2026-04-07 12:39:21 | INFO | [Round 4] epoch=72/80 loss=1.3809 acc=48.44 val_acc=nan data_t=0.0037s batch_t=0.0336s epoch_t=00:00.30 lr=0.000034 | GPU MB alloc/reserved=69.9/852.0
2026-04-07 12:39:21 | INFO | [Round 4] Epoch 72/80 time=00:00.30 avg=00:00.29 ETA=00:02.31 | GPU MB alloc/reserved=69.9/852.0
2026-04-07 12:39:21 | INFO | [Round 4] epoch=73/80 loss=1.3735 acc=49.89 val_acc=nan data_t=0.0047s batch_t=0.0340s epoch_t=00:00.31 lr=0.000029 | GPU MB alloc/reserved=69.9/852.0
2026-04-07 12:39:21 | INFO | [Round 4] Epoch 73/80 time=00:00.31 avg=00:00.29 ETA=00:02.02 | GPU MB alloc/reserved=69.9/852.0
2026-04-07 12:39:22 | INFO | [Round 4] epoch=74/80 loss=1.4137 acc=45.89 val_acc=nan data_t=0.0072s batch_t=0.0339s epoch_t=00:00.33 lr=0.000024 | GPU MB alloc/reserved=69.9/852.0
2026-04-07 12:39:22 | INFO | [Round 4] Epoch 74/80 time=00:00.33 avg=00:00.29 ETA=00:01.74 | GPU MB alloc/reserved=69.9/852.0
2026-04-07 12:39:22 | INFO | [Round 4] epoch=75/80 loss=1.3616 acc=48.56 val_acc=nan data_t=0.0073s batch_t=0.0340s epoch_t=00:00.33 lr=0.000020 | GPU MB alloc/reserved=69.9/852.0
2026-04-07 12:39:22 | INFO | [Round 4] Epoch 75/80 time=00:00.33 avg=00:00.29 ETA=00:01.45 | GPU MB alloc/reserved=69.9/852.0
2026-04-07 12:39:22 | INFO | [Round 4] epoch=76/80 loss=1.4032 acc=47.78 val_acc=nan data_t=0.0069s batch_t=0.0339s epoch_t=00:00.33 lr=0.000016 | GPU MB alloc/reserved=69.9/852.0
2026-04-07 12:39:22 | INFO | [Round 4] Epoch 76/80 time=00:00.33 avg=00:00.29 ETA=00:01.16 | GPU MB alloc/reserved=69.9/852.0
2026-04-07 12:39:23 | INFO | [Round 4] epoch=77/80 loss=1.3486 acc=48.67 val_acc=nan data_t=0.0070s batch_t=0.0338s epoch_t=00:00.33 lr=0.000013 | GPU MB alloc/reserved=69.9/852.0
2026-04-07 12:39:23 | INFO | [Round 4] Epoch 77/80 time=00:00.33 avg=00:00.29 ETA=00:00.87 | GPU MB alloc/reserved=69.9/852.0
2026-04-07 12:39:23 | INFO | [Round 4] epoch=78/80 loss=1.3840 acc=46.33 val_acc=nan data_t=0.0069s batch_t=0.0264s epoch_t=00:00.27 lr=0.000012 | GPU MB alloc/reserved=69.9/852.0
2026-04-07 12:39:23 | INFO | [Round 4] Epoch 78/80 time=00:00.27 avg=00:00.29 ETA=00:00.58 | GPU MB alloc/reserved=69.9/852.0
2026-04-07 12:39:23 | INFO | [Round 4] epoch=79/80 loss=1.3721 acc=49.56 val_acc=nan data_t=0.0064s batch_t=0.0084s epoch_t=00:00.12 lr=0.000010 | GPU MB alloc/reserved=69.9/852.0
2026-04-07 12:39:23 | INFO | [Round 4] Epoch 79/80 time=00:00.12 avg=00:00.29 ETA=00:00.29 | GPU MB alloc/reserved=69.9/852.0
2026-04-07 12:39:23 | INFO | [Round 4] epoch=80/80 loss=1.4043 acc=47.89 val_acc=nan data_t=0.0032s batch_t=0.0334s epoch_t=00:00.29 lr=0.000010 | GPU MB alloc/reserved=69.9/852.0
2026-04-07 12:39:23 | INFO | [Round 4] Epoch 80/80 time=00:00.29 avg=00:00.29 ETA=00:00.00 | GPU MB alloc/reserved=69.9/852.0
2026-04-07 12:39:23 | INFO | [Round 4] training complete in 00:23.20 (best monitor=49.889) | GPU MB alloc/reserved=69.9/852.0
2026-04-07 12:39:23 | INFO | [Round 4] evaluation started | GPU MB alloc/reserved=52.0/852.0
2026-04-07 12:39:26 | INFO | [Round 4] clean=42.59 fgsm=36.62 pgd=36.59 grad_disp_mean=nan grad_disp_sel=nan round_t=27.18s | GPU MB alloc/reserved=52.0/852.0
2026-04-07 12:39:26 | INFO | [Round 5/21] elapsed=00:27.18 avg_round=00:22.22 projected_remaining=05:55.55 | GPU MB alloc/reserved=52.0/852.0
2026-04-07 12:39:27 | INFO | [Round 5] acquisition on pool_size=49100 scored_pool=5000 budget=100 | GPU MB alloc/reserved=34.1/852.0
2026-04-07 12:39:27 | INFO | [CoreSet-unlabeled-feat] scoring progress 10/20 elapsed=00:00.21 avg/batch=0.021s ETA=00:00.21 | GPU MB alloc/reserved=40.6/852.0
2026-04-07 12:39:27 | INFO | [CoreSet-unlabeled-feat] scoring progress 20/20 elapsed=00:00.23 avg/batch=0.012s ETA=00:00.00 | GPU MB alloc/reserved=40.6/852.0
2026-04-07 12:39:27 | INFO | [CoreSet-labeled-feat] scoring progress 4/4 elapsed=00:00.19 avg/batch=0.048s ETA=00:00.00 | GPU MB alloc/reserved=41.4/852.0
2026-04-07 12:39:27 | INFO | [CoreSet] greedy 10/100 cover_radius=20.236444 | GPU: n/a
2026-04-07 12:39:27 | INFO | [CoreSet] greedy 20/100 cover_radius=19.761721 | GPU: n/a
2026-04-07 12:39:27 | INFO | [CoreSet] greedy 30/100 cover_radius=18.858110 | GPU: n/a
2026-04-07 12:39:27 | INFO | [CoreSet] greedy 40/100 cover_radius=18.546011 | GPU: n/a
2026-04-07 12:39:27 | INFO | [CoreSet] greedy 50/100 cover_radius=18.056116 | GPU: n/a
2026-04-07 12:39:27 | INFO | [CoreSet] greedy 60/100 cover_radius=17.738298 | GPU: n/a
2026-04-07 12:39:27 | INFO | [CoreSet] greedy 70/100 cover_radius=17.380409 | GPU: n/a
2026-04-07 12:39:27 | INFO | [CoreSet] greedy 80/100 cover_radius=17.190397 | GPU: n/a
2026-04-07 12:39:27 | INFO | [CoreSet] greedy 90/100 cover_radius=16.964146 | GPU: n/a
2026-04-07 12:39:27 | INFO | [CoreSet] greedy 100/100 cover_radius=16.773785 | GPU: n/a
2026-04-07 12:39:28 | INFO | [Round 5] labeled=1000 train=1000 val_fixed=0 | GPU MB alloc/reserved=43.1/852.0
2026-04-07 12:39:28 | INFO | [Round 5] epoch=1/80 loss=8.5785 acc=16.40 val_acc=nan data_t=0.0217s batch_t=0.0357s epoch_t=00:00.46 lr=0.001000 | GPU MB alloc/reserved=69.9/852.0
2026-04-07 12:39:28 | INFO | [Round 5] Epoch 1/80 time=00:00.46 avg=00:00.46 ETA=00:36.30 | GPU MB alloc/reserved=69.9/852.0
2026-04-07 12:39:28 | INFO | [Round 5] epoch=2/80 loss=2.2705 acc=23.90 val_acc=nan data_t=0.0058s batch_t=0.0341s epoch_t=00:00.32 lr=0.000998 | GPU MB alloc/reserved=69.9/852.0
2026-04-07 12:39:28 | INFO | [Round 5] Epoch 2/80 time=00:00.32 avg=00:00.39 ETA=00:30.39 | GPU MB alloc/reserved=69.9/852.0
2026-04-07 12:39:29 | INFO | [Round 5] epoch=3/80 loss=2.0715 acc=24.00 val_acc=nan data_t=0.0068s batch_t=0.0342s epoch_t=00:00.33 lr=0.000997 | GPU MB alloc/reserved=69.9/852.0
2026-04-07 12:39:29 | INFO | [Round 5] Epoch 3/80 time=00:00.33 avg=00:00.37 ETA=00:28.42 | GPU MB alloc/reserved=69.9/852.0
2026-04-07 12:39:29 | INFO | [Round 5] epoch=4/80 loss=1.9984 acc=28.70 val_acc=nan data_t=0.0055s batch_t=0.0342s epoch_t=00:00.32 lr=0.000994 | GPU MB alloc/reserved=69.9/852.0
2026-04-07 12:39:29 | INFO | [Round 5] Epoch 4/80 time=00:00.32 avg=00:00.36 ETA=00:27.08 | GPU MB alloc/reserved=69.9/852.0
2026-04-07 12:39:29 | INFO | [Round 5] epoch=5/80 loss=1.9779 acc=30.90 val_acc=nan data_t=0.0072s batch_t=0.0342s epoch_t=00:00.33 lr=0.000990 | GPU MB alloc/reserved=69.9/852.0
2026-04-07 12:39:29 | INFO | [Round 5] Epoch 5/80 time=00:00.33 avg=00:00.35 ETA=00:26.35 | GPU MB alloc/reserved=69.9/852.0
2026-04-07 12:39:30 | INFO | [Round 5] epoch=6/80 loss=1.9468 acc=31.60 val_acc=nan data_t=0.0050s batch_t=0.0285s epoch_t=00:00.27 lr=0.000986 | GPU MB alloc/reserved=69.9/852.0
2026-04-07 12:39:30 | INFO | [Round 5] Epoch 6/80 time=00:00.27 avg=00:00.34 ETA=00:24.98 | GPU MB alloc/reserved=69.9/852.0
2026-04-07 12:39:30 | INFO | [Round 5] epoch=7/80 loss=1.8737 acc=33.70 val_acc=nan data_t=0.0075s batch_t=0.0135s epoch_t=00:00.17 lr=0.000981 | GPU MB alloc/reserved=69.9/852.0
2026-04-07 12:39:30 | INFO | [Round 5] Epoch 7/80 time=00:00.17 avg=00:00.31 ETA=00:22.87 | GPU MB alloc/reserved=69.9/852.0
2026-04-07 12:39:30 | INFO | [Round 5] epoch=8/80 loss=1.8317 acc=32.60 val_acc=nan data_t=0.0034s batch_t=0.0341s epoch_t=00:00.30 lr=0.000976 | GPU MB alloc/reserved=69.9/852.0
2026-04-07 12:39:30 | INFO | [Round 5] Epoch 8/80 time=00:00.30 avg=00:00.31 ETA=00:22.44 | GPU MB alloc/reserved=69.9/852.0
2026-04-07 12:39:30 | INFO | [Round 5] epoch=9/80 loss=1.8169 acc=34.20 val_acc=nan data_t=0.0034s batch_t=0.0343s epoch_t=00:00.30 lr=0.000969 | GPU MB alloc/reserved=69.9/852.0
2026-04-07 12:39:30 | INFO | [Round 5] Epoch 9/80 time=00:00.30 avg=00:00.31 ETA=00:22.05 | GPU MB alloc/reserved=69.9/852.0
2026-04-07 12:39:31 | INFO | [Round 5] epoch=10/80 loss=1.7524 acc=36.80 val_acc=nan data_t=0.0078s batch_t=0.0345s epoch_t=00:00.34 lr=0.000962 | GPU MB alloc/reserved=69.9/852.0
2026-04-07 12:39:31 | INFO | [Round 5] Epoch 10/80 time=00:00.34 avg=00:00.31 ETA=00:21.93 | GPU MB alloc/reserved=69.9/852.0
2026-04-07 12:39:31 | INFO | [Round 5] epoch=11/80 loss=1.7277 acc=37.60 val_acc=nan data_t=0.0078s batch_t=0.0345s epoch_t=00:00.34 lr=0.000955 | GPU MB alloc/reserved=69.9/852.0
2026-04-07 12:39:31 | INFO | [Round 5] Epoch 11/80 time=00:00.34 avg=00:00.32 ETA=00:21.78 | GPU MB alloc/reserved=69.9/852.0
2026-04-07 12:39:31 | INFO | [Round 5] epoch=12/80 loss=1.6837 acc=39.00 val_acc=nan data_t=0.0079s batch_t=0.0345s epoch_t=00:00.34 lr=0.000946 | GPU MB alloc/reserved=69.9/852.0
2026-04-07 12:39:31 | INFO | [Round 5] Epoch 12/80 time=00:00.34 avg=00:00.32 ETA=00:21.60 | GPU MB alloc/reserved=69.9/852.0
2026-04-07 12:39:32 | INFO | [Round 5] epoch=13/80 loss=1.6473 acc=40.40 val_acc=nan data_t=0.0079s batch_t=0.0343s epoch_t=00:00.34 lr=0.000937 | GPU MB alloc/reserved=69.9/852.0
2026-04-07 12:39:32 | INFO | [Round 5] Epoch 13/80 time=00:00.34 avg=00:00.32 ETA=00:21.38 | GPU MB alloc/reserved=69.9/852.0
2026-04-07 12:39:32 | INFO | [Round 5] epoch=14/80 loss=1.5782 acc=42.60 val_acc=nan data_t=0.0074s batch_t=0.0202s epoch_t=00:00.22 lr=0.000927 | GPU MB alloc/reserved=69.9/852.0
2026-04-07 12:39:32 | INFO | [Round 5] Epoch 14/80 time=00:00.22 avg=00:00.31 ETA=00:20.60 | GPU MB alloc/reserved=69.9/852.0
2026-04-07 12:39:32 | INFO | [Round 5] epoch=15/80 loss=1.5700 acc=43.10 val_acc=nan data_t=0.0066s batch_t=0.0147s epoch_t=00:00.17 lr=0.000917 | GPU MB alloc/reserved=69.9/852.0
2026-04-07 12:39:32 | INFO | [Round 5] Epoch 15/80 time=00:00.17 avg=00:00.30 ETA=00:19.67 | GPU MB alloc/reserved=69.9/852.0
2026-04-07 12:39:33 | INFO | [Round 5] epoch=16/80 loss=1.5241 acc=45.90 val_acc=nan data_t=0.0068s batch_t=0.0342s epoch_t=00:00.33 lr=0.000905 | GPU MB alloc/reserved=69.9/852.0
2026-04-07 12:39:33 | INFO | [Round 5] Epoch 16/80 time=00:00.33 avg=00:00.30 ETA=00:19.47 | GPU MB alloc/reserved=69.9/852.0
2026-04-07 12:39:33 | INFO | [Round 5] epoch=17/80 loss=1.4972 acc=46.40 val_acc=nan data_t=0.0074s batch_t=0.0343s epoch_t=00:00.33 lr=0.000894 | GPU MB alloc/reserved=69.9/852.0
2026-04-07 12:39:33 | INFO | [Round 5] Epoch 17/80 time=00:00.33 avg=00:00.31 ETA=00:19.28 | GPU MB alloc/reserved=69.9/852.0
2026-04-07 12:39:33 | INFO | [Round 5] epoch=18/80 loss=1.4837 acc=45.70 val_acc=nan data_t=0.0049s batch_t=0.0342s epoch_t=00:00.31 lr=0.000881 | GPU MB alloc/reserved=69.9/852.0
2026-04-07 12:39:33 | INFO | [Round 5] Epoch 18/80 time=00:00.31 avg=00:00.31 ETA=00:19.00 | GPU MB alloc/reserved=69.9/852.0
2026-04-07 12:39:34 | INFO | [Round 5] epoch=19/80 loss=1.4713 acc=44.80 val_acc=nan data_t=0.0049s batch_t=0.0344s epoch_t=00:00.31 lr=0.000868 | GPU MB alloc/reserved=69.9/852.0
2026-04-07 12:39:34 | INFO | [Round 5] Epoch 19/80 time=00:00.31 avg=00:00.31 ETA=00:18.72 | GPU MB alloc/reserved=69.9/852.0
2026-04-07 12:39:34 | INFO | [Round 5] epoch=20/80 loss=1.4493 acc=47.00 val_acc=nan data_t=0.0073s batch_t=0.0341s epoch_t=00:00.33 lr=0.000855 | GPU MB alloc/reserved=69.9/852.0
2026-04-07 12:39:34 | INFO | [Round 5] Epoch 20/80 time=00:00.33 avg=00:00.31 ETA=00:18.48 | GPU MB alloc/reserved=69.9/852.0
2026-04-07 12:39:34 | INFO | [Round 5] epoch=21/80 loss=1.4201 acc=48.10 val_acc=nan data_t=0.0051s batch_t=0.0341s epoch_t=00:00.31 lr=0.000841 | GPU MB alloc/reserved=69.9/852.0
2026-04-07 12:39:34 | INFO | [Round 5] Epoch 21/80 time=00:00.31 avg=00:00.31 ETA=00:18.19 | GPU MB alloc/reserved=69.9/852.0
2026-04-07 12:39:34 | INFO | [Round 5] epoch=22/80 loss=1.3894 acc=46.40 val_acc=nan data_t=0.0049s batch_t=0.0219s epoch_t=00:00.21 lr=0.000826 | GPU MB alloc/reserved=69.9/852.0
2026-04-07 12:39:34 | INFO | [Round 5] Epoch 22/80 time=00:00.21 avg=00:00.30 ETA=00:17.63 | GPU MB alloc/reserved=69.9/852.0
2026-04-07 12:39:34 | INFO | [Round 5] epoch=23/80 loss=1.3509 acc=49.00 val_acc=nan data_t=0.0061s batch_t=0.0090s epoch_t=00:00.12 lr=0.000811 | GPU MB alloc/reserved=69.9/852.0
2026-04-07 12:39:34 | INFO | [Round 5] Epoch 23/80 time=00:00.12 avg=00:00.30 ETA=00:16.87 | GPU MB alloc/reserved=69.9/852.0
2026-04-07 12:39:35 | INFO | [Round 5] epoch=24/80 loss=1.3450 acc=49.40 val_acc=nan data_t=0.0031s batch_t=0.0341s epoch_t=00:00.30 lr=0.000796 | GPU MB alloc/reserved=69.9/852.0
2026-04-07 12:39:35 | INFO | [Round 5] Epoch 24/80 time=00:00.30 avg=00:00.30 ETA=00:16.58 | GPU MB alloc/reserved=69.9/852.0
2026-04-07 12:39:35 | INFO | [Round 5] epoch=25/80 loss=1.3432 acc=51.00 val_acc=nan data_t=0.0067s batch_t=0.0343s epoch_t=00:00.33 lr=0.000780 | GPU MB alloc/reserved=69.9/852.0
2026-04-07 12:39:35 | INFO | [Round 5] Epoch 25/80 time=00:00.33 avg=00:00.30 ETA=00:16.36 | GPU MB alloc/reserved=69.9/852.0
2026-04-07 12:39:35 | INFO | [Round 5] epoch=26/80 loss=1.2954 acc=52.80 val_acc=nan data_t=0.0065s batch_t=0.0342s epoch_t=00:00.33 lr=0.000764 | GPU MB alloc/reserved=69.9/852.0
2026-04-07 12:39:35 | INFO | [Round 5] Epoch 26/80 time=00:00.33 avg=00:00.30 ETA=00:16.12 | GPU MB alloc/reserved=69.9/852.0
2026-04-07 12:39:36 | INFO | [Round 5] epoch=27/80 loss=1.2652 acc=53.80 val_acc=nan data_t=0.0033s batch_t=0.0342s epoch_t=00:00.30 lr=0.000747 | GPU MB alloc/reserved=69.9/852.0
2026-04-07 12:39:36 | INFO | [Round 5] Epoch 27/80 time=00:00.30 avg=00:00.30 ETA=00:15.82 | GPU MB alloc/reserved=69.9/852.0
2026-04-07 12:39:36 | INFO | [Round 5] epoch=28/80 loss=1.2863 acc=51.00 val_acc=nan data_t=0.0076s batch_t=0.0341s epoch_t=00:00.33 lr=0.000730 | GPU MB alloc/reserved=69.9/852.0
2026-04-07 12:39:36 | INFO | [Round 5] Epoch 28/80 time=00:00.33 avg=00:00.30 ETA=00:15.59 | GPU MB alloc/reserved=69.9/852.0
2026-04-07 12:39:36 | INFO | [Round 5] epoch=29/80 loss=1.2446 acc=53.30 val_acc=nan data_t=0.0079s batch_t=0.0342s epoch_t=00:00.34 lr=0.000712 | GPU MB alloc/reserved=69.9/852.0
2026-04-07 12:39:36 | INFO | [Round 5] Epoch 29/80 time=00:00.34 avg=00:00.30 ETA=00:15.36 | GPU MB alloc/reserved=69.9/852.0
2026-04-07 12:39:37 | INFO | [Round 5] epoch=30/80 loss=1.2447 acc=53.00 val_acc=nan data_t=0.0076s batch_t=0.0260s epoch_t=00:00.27 lr=0.000694 | GPU MB alloc/reserved=69.9/852.0
2026-04-07 12:39:37 | INFO | [Round 5] Epoch 30/80 time=00:00.27 avg=00:00.30 ETA=00:15.00 | GPU MB alloc/reserved=69.9/852.0
2026-04-07 12:39:37 | INFO | [Round 5] epoch=31/80 loss=1.2602 acc=54.20 val_acc=nan data_t=0.0033s batch_t=0.0109s epoch_t=00:00.11 lr=0.000676 | GPU MB alloc/reserved=69.9/852.0
2026-04-07 12:39:37 | INFO | [Round 5] Epoch 31/80 time=00:00.11 avg=00:00.29 ETA=00:14.41 | GPU MB alloc/reserved=69.9/852.0
2026-04-07 12:39:37 | INFO | [Round 5] epoch=32/80 loss=1.2209 acc=55.40 val_acc=nan data_t=0.0035s batch_t=0.0339s epoch_t=00:00.30 lr=0.000658 | GPU MB alloc/reserved=69.9/852.0
2026-04-07 12:39:37 | INFO | [Round 5] Epoch 32/80 time=00:00.30 avg=00:00.29 ETA=00:14.12 | GPU MB alloc/reserved=69.9/852.0
2026-04-07 12:39:37 | INFO | [Round 5] epoch=33/80 loss=1.1697 acc=56.80 val_acc=nan data_t=0.0064s batch_t=0.0341s epoch_t=00:00.32 lr=0.000639 | GPU MB alloc/reserved=69.9/852.0
2026-04-07 12:39:37 | INFO | [Round 5] Epoch 33/80 time=00:00.32 avg=00:00.30 ETA=00:13.87 | GPU MB alloc/reserved=69.9/852.0
2026-04-07 12:39:38 | INFO | [Round 5] epoch=34/80 loss=1.1765 acc=55.20 val_acc=nan data_t=0.0075s batch_t=0.0343s epoch_t=00:00.33 lr=0.000621 | GPU MB alloc/reserved=69.9/852.0
2026-04-07 12:39:38 | INFO | [Round 5] Epoch 34/80 time=00:00.33 avg=00:00.30 ETA=00:13.63 | GPU MB alloc/reserved=69.9/852.0
2026-04-07 12:39:38 | INFO | [Round 5] epoch=35/80 loss=1.1600 acc=55.80 val_acc=nan data_t=0.0073s batch_t=0.0341s epoch_t=00:00.33 lr=0.000602 | GPU MB alloc/reserved=69.9/852.0
2026-04-07 12:39:38 | INFO | [Round 5] Epoch 35/80 time=00:00.33 avg=00:00.30 ETA=00:13.38 | GPU MB alloc/reserved=69.9/852.0
2026-04-07 12:39:38 | INFO | [Round 5] epoch=36/80 loss=1.1689 acc=54.70 val_acc=nan data_t=0.0080s batch_t=0.0342s epoch_t=00:00.34 lr=0.000582 | GPU MB alloc/reserved=69.9/852.0
2026-04-07 12:39:38 | INFO | [Round 5] Epoch 36/80 time=00:00.34 avg=00:00.30 ETA=00:13.13 | GPU MB alloc/reserved=69.9/852.0
2026-04-07 12:39:39 | INFO | [Round 5] epoch=37/80 loss=1.1639 acc=56.90 val_acc=nan data_t=0.0077s batch_t=0.0341s epoch_t=00:00.33 lr=0.000563 | GPU MB alloc/reserved=69.9/852.0
2026-04-07 12:39:39 | INFO | [Round 5] Epoch 37/80 time=00:00.33 avg=00:00.30 ETA=00:12.87 | GPU MB alloc/reserved=69.9/852.0
2026-04-07 12:39:39 | INFO | [Round 5] epoch=38/80 loss=1.1173 acc=58.10 val_acc=nan data_t=0.0076s batch_t=0.0229s epoch_t=00:00.24 lr=0.000544 | GPU MB alloc/reserved=69.9/852.0
2026-04-07 12:39:39 | INFO | [Round 5] Epoch 38/80 time=00:00.24 avg=00:00.30 ETA=00:12.51 | GPU MB alloc/reserved=69.9/852.0
2026-04-07 12:39:39 | INFO | [Round 5] epoch=39/80 loss=1.0995 acc=58.90 val_acc=nan data_t=0.0065s batch_t=0.0098s epoch_t=00:00.13 lr=0.000524 | GPU MB alloc/reserved=69.9/852.0
2026-04-07 12:39:39 | INFO | [Round 5] Epoch 39/80 time=00:00.13 avg=00:00.29 ETA=00:12.04 | GPU MB alloc/reserved=69.9/852.0
2026-04-07 12:39:39 | INFO | [Round 5] epoch=40/80 loss=1.0805 acc=57.50 val_acc=nan data_t=0.0030s batch_t=0.0344s epoch_t=00:00.30 lr=0.000505 | GPU MB alloc/reserved=69.9/852.0
2026-04-07 12:39:39 | INFO | [Round 5] Epoch 40/80 time=00:00.30 avg=00:00.29 ETA=00:11.75 | GPU MB alloc/reserved=69.9/852.0
2026-04-07 12:39:40 | INFO | [Round 5] epoch=41/80 loss=1.0671 acc=60.50 val_acc=nan data_t=0.0037s batch_t=0.0343s epoch_t=00:00.30 lr=0.000486 | GPU MB alloc/reserved=69.9/852.0
2026-04-07 12:39:40 | INFO | [Round 5] Epoch 41/80 time=00:00.30 avg=00:00.29 ETA=00:11.46 | GPU MB alloc/reserved=69.9/852.0
2026-04-07 12:39:40 | INFO | [Round 5] epoch=42/80 loss=0.9929 acc=64.30 val_acc=nan data_t=0.0064s batch_t=0.0343s epoch_t=00:00.33 lr=0.000466 | GPU MB alloc/reserved=69.9/852.0
2026-04-07 12:39:40 | INFO | [Round 5] Epoch 42/80 time=00:00.33 avg=00:00.29 ETA=00:11.20 | GPU MB alloc/reserved=69.9/852.0
2026-04-07 12:39:40 | INFO | [Round 5] epoch=43/80 loss=1.0362 acc=62.70 val_acc=nan data_t=0.0066s batch_t=0.0341s epoch_t=00:00.33 lr=0.000447 | GPU MB alloc/reserved=69.9/852.0
2026-04-07 12:39:40 | INFO | [Round 5] Epoch 43/80 time=00:00.33 avg=00:00.30 ETA=00:10.93 | GPU MB alloc/reserved=69.9/852.0
2026-04-07 12:39:41 | INFO | [Round 5] epoch=44/80 loss=1.0348 acc=59.10 val_acc=nan data_t=0.0063s batch_t=0.0342s epoch_t=00:00.32 lr=0.000428 | GPU MB alloc/reserved=69.9/852.0
2026-04-07 12:39:41 | INFO | [Round 5] Epoch 44/80 time=00:00.32 avg=00:00.30 ETA=00:10.66 | GPU MB alloc/reserved=69.9/852.0
2026-04-07 12:39:41 | INFO | [Round 5] epoch=45/80 loss=1.0340 acc=61.80 val_acc=nan data_t=0.0065s batch_t=0.0342s epoch_t=00:00.33 lr=0.000408 | GPU MB alloc/reserved=69.9/852.0
2026-04-07 12:39:41 | INFO | [Round 5] Epoch 45/80 time=00:00.33 avg=00:00.30 ETA=00:10.39 | GPU MB alloc/reserved=69.9/852.0
2026-04-07 12:39:41 | INFO | [Round 5] epoch=46/80 loss=0.9709 acc=64.20 val_acc=nan data_t=0.0069s batch_t=0.0289s epoch_t=00:00.29 lr=0.000389 | GPU MB alloc/reserved=69.9/852.0
2026-04-07 12:39:41 | INFO | [Round 5] Epoch 46/80 time=00:00.29 avg=00:00.30 ETA=00:10.08 | GPU MB alloc/reserved=69.9/852.0
2026-04-07 12:39:41 | INFO | [Round 5] epoch=47/80 loss=0.9813 acc=63.40 val_acc=nan data_t=0.0076s batch_t=0.0095s epoch_t=00:00.14 lr=0.000371 | GPU MB alloc/reserved=69.9/852.0
2026-04-07 12:39:41 | INFO | [Round 5] Epoch 47/80 time=00:00.14 avg=00:00.29 ETA=00:09.67 | GPU MB alloc/reserved=69.9/852.0
2026-04-07 12:39:42 | INFO | [Round 5] epoch=48/80 loss=0.9948 acc=63.90 val_acc=nan data_t=0.0048s batch_t=0.0341s epoch_t=00:00.31 lr=0.000352 | GPU MB alloc/reserved=69.9/852.0
2026-04-07 12:39:42 | INFO | [Round 5] Epoch 48/80 time=00:00.31 avg=00:00.29 ETA=00:09.39 | GPU MB alloc/reserved=69.9/852.0
2026-04-07 12:39:42 | INFO | [Round 5] epoch=49/80 loss=0.9713 acc=64.30 val_acc=nan data_t=0.0078s batch_t=0.0342s epoch_t=00:00.34 lr=0.000334 | GPU MB alloc/reserved=69.9/852.0
2026-04-07 12:39:42 | INFO | [Round 5] Epoch 49/80 time=00:00.34 avg=00:00.29 ETA=00:09.13 | GPU MB alloc/reserved=69.9/852.0
2026-04-07 12:39:42 | INFO | [Round 5] epoch=50/80 loss=0.9713 acc=62.80 val_acc=nan data_t=0.0032s batch_t=0.0341s epoch_t=00:00.30 lr=0.000316 | GPU MB alloc/reserved=69.9/852.0
2026-04-07 12:39:42 | INFO | [Round 5] Epoch 50/80 time=00:00.30 avg=00:00.29 ETA=00:08.83 | GPU MB alloc/reserved=69.9/852.0
2026-04-07 12:39:43 | INFO | [Round 5] epoch=51/80 loss=0.9639 acc=64.90 val_acc=nan data_t=0.0079s batch_t=0.0342s epoch_t=00:00.34 lr=0.000298 | GPU MB alloc/reserved=69.9/852.0
2026-04-07 12:39:43 | INFO | [Round 5] Epoch 51/80 time=00:00.34 avg=00:00.30 ETA=00:08.56 | GPU MB alloc/reserved=69.9/852.0
2026-04-07 12:39:43 | INFO | [Round 5] epoch=52/80 loss=0.9344 acc=66.30 val_acc=nan data_t=0.0085s batch_t=0.0344s epoch_t=00:00.34 lr=0.000280 | GPU MB alloc/reserved=69.9/852.0
2026-04-07 12:39:43 | INFO | [Round 5] Epoch 52/80 time=00:00.34 avg=00:00.30 ETA=00:08.29 | GPU MB alloc/reserved=69.9/852.0
2026-04-07 12:39:43 | INFO | [Round 5] epoch=53/80 loss=0.9195 acc=65.30 val_acc=nan data_t=0.0079s batch_t=0.0343s epoch_t=00:00.34 lr=0.000263 | GPU MB alloc/reserved=69.9/852.0
2026-04-07 12:39:43 | INFO | [Round 5] Epoch 53/80 time=00:00.34 avg=00:00.30 ETA=00:08.02 | GPU MB alloc/reserved=69.9/852.0
2026-04-07 12:39:44 | INFO | [Round 5] epoch=54/80 loss=0.9181 acc=64.40 val_acc=nan data_t=0.0086s batch_t=0.0200s epoch_t=00:00.23 lr=0.000246 | GPU MB alloc/reserved=69.9/852.0
2026-04-07 12:39:44 | INFO | [Round 5] Epoch 54/80 time=00:00.23 avg=00:00.30 ETA=00:07.69 | GPU MB alloc/reserved=69.9/852.0
2026-04-07 12:39:44 | INFO | [Round 5] epoch=55/80 loss=0.9008 acc=66.70 val_acc=nan data_t=0.0073s batch_t=0.0131s epoch_t=00:00.16 lr=0.000230 | GPU MB alloc/reserved=69.9/852.0
2026-04-07 12:39:44 | INFO | [Round 5] Epoch 55/80 time=00:00.16 avg=00:00.29 ETA=00:07.33 | GPU MB alloc/reserved=69.9/852.0
2026-04-07 12:39:44 | INFO | [Round 5] epoch=56/80 loss=0.8683 acc=67.80 val_acc=nan data_t=0.0038s batch_t=0.0343s epoch_t=00:00.30 lr=0.000214 | GPU MB alloc/reserved=69.9/852.0
2026-04-07 12:39:44 | INFO | [Round 5] Epoch 56/80 time=00:00.30 avg=00:00.29 ETA=00:07.05 | GPU MB alloc/reserved=69.9/852.0
2026-04-07 12:39:45 | INFO | [Round 5] epoch=57/80 loss=0.8770 acc=66.80 val_acc=nan data_t=0.0089s batch_t=0.0342s epoch_t=00:00.35 lr=0.000199 | GPU MB alloc/reserved=69.9/852.0
2026-04-07 12:39:45 | INFO | [Round 5] Epoch 57/80 time=00:00.35 avg=00:00.29 ETA=00:06.77 | GPU MB alloc/reserved=69.9/852.0
2026-04-07 12:39:45 | INFO | [Round 5] epoch=58/80 loss=0.8913 acc=67.80 val_acc=nan data_t=0.0073s batch_t=0.0341s epoch_t=00:00.33 lr=0.000184 | GPU MB alloc/reserved=69.9/852.0
2026-04-07 12:39:45 | INFO | [Round 5] Epoch 58/80 time=00:00.33 avg=00:00.30 ETA=00:06.49 | GPU MB alloc/reserved=69.9/852.0
2026-04-07 12:39:45 | INFO | [Round 5] epoch=59/80 loss=0.8510 acc=69.50 val_acc=nan data_t=0.0066s batch_t=0.0343s epoch_t=00:00.33 lr=0.000169 | GPU MB alloc/reserved=69.9/852.0
2026-04-07 12:39:45 | INFO | [Round 5] Epoch 59/80 time=00:00.33 avg=00:00.30 ETA=00:06.21 | GPU MB alloc/reserved=69.9/852.0
2026-04-07 12:39:46 | INFO | [Round 5] epoch=60/80 loss=0.8531 acc=67.90 val_acc=nan data_t=0.0073s batch_t=0.0341s epoch_t=00:00.33 lr=0.000155 | GPU MB alloc/reserved=69.9/852.0
2026-04-07 12:39:46 | INFO | [Round 5] Epoch 60/80 time=00:00.33 avg=00:00.30 ETA=00:05.92 | GPU MB alloc/reserved=69.9/852.0
2026-04-07 12:39:46 | INFO | [Round 5] epoch=61/80 loss=0.8607 acc=70.80 val_acc=nan data_t=0.0088s batch_t=0.0347s epoch_t=00:00.35 lr=0.000142 | GPU MB alloc/reserved=69.9/852.0
2026-04-07 12:39:46 | INFO | [Round 5] Epoch 61/80 time=00:00.35 avg=00:00.30 ETA=00:05.64 | GPU MB alloc/reserved=69.9/852.0
2026-04-07 12:39:46 | INFO | [Round 5] epoch=62/80 loss=0.8124 acc=70.00 val_acc=nan data_t=0.0067s batch_t=0.0152s epoch_t=00:00.18 lr=0.000129 | GPU MB alloc/reserved=69.9/852.0
2026-04-07 12:39:46 | INFO | [Round 5] Epoch 62/80 time=00:00.18 avg=00:00.30 ETA=00:05.31 | GPU MB alloc/reserved=69.9/852.0
2026-04-07 12:39:46 | INFO | [Round 5] epoch=63/80 loss=0.8272 acc=69.00 val_acc=nan data_t=0.0053s batch_t=0.0128s epoch_t=00:00.15 lr=0.000116 | GPU MB alloc/reserved=69.9/852.0
2026-04-07 12:39:46 | INFO | [Round 5] Epoch 63/80 time=00:00.15 avg=00:00.29 ETA=00:04.98 | GPU MB alloc/reserved=69.9/852.0
2026-04-07 12:39:46 | INFO | [Round 5] epoch=64/80 loss=0.8115 acc=69.90 val_acc=nan data_t=0.0040s batch_t=0.0341s epoch_t=00:00.31 lr=0.000105 | GPU MB alloc/reserved=69.9/852.0
2026-04-07 12:39:46 | INFO | [Round 5] Epoch 64/80 time=00:00.31 avg=00:00.29 ETA=00:04.69 | GPU MB alloc/reserved=69.9/852.0
2026-04-07 12:39:47 | INFO | [Round 5] epoch=65/80 loss=0.7965 acc=70.80 val_acc=nan data_t=0.0071s batch_t=0.0341s epoch_t=00:00.33 lr=0.000093 | GPU MB alloc/reserved=69.9/852.0
2026-04-07 12:39:47 | INFO | [Round 5] Epoch 65/80 time=00:00.33 avg=00:00.29 ETA=00:04.40 | GPU MB alloc/reserved=69.9/852.0
2026-04-07 12:39:47 | INFO | [Round 5] epoch=66/80 loss=0.8182 acc=69.30 val_acc=nan data_t=0.0049s batch_t=0.0346s epoch_t=00:00.32 lr=0.000083 | GPU MB alloc/reserved=69.9/852.0
2026-04-07 12:39:47 | INFO | [Round 5] Epoch 66/80 time=00:00.32 avg=00:00.29 ETA=00:04.11 | GPU MB alloc/reserved=69.9/852.0
2026-04-07 12:39:47 | INFO | [Round 5] epoch=67/80 loss=0.7942 acc=71.30 val_acc=nan data_t=0.0076s batch_t=0.0343s epoch_t=00:00.34 lr=0.000073 | GPU MB alloc/reserved=69.9/852.0
2026-04-07 12:39:47 | INFO | [Round 5] Epoch 67/80 time=00:00.34 avg=00:00.29 ETA=00:03.83 | GPU MB alloc/reserved=69.9/852.0
2026-04-07 12:39:48 | INFO | [Round 5] epoch=68/80 loss=0.8074 acc=68.00 val_acc=nan data_t=0.0084s batch_t=0.0347s epoch_t=00:00.35 lr=0.000064 | GPU MB alloc/reserved=69.9/852.0
2026-04-07 12:39:48 | INFO | [Round 5] Epoch 68/80 time=00:00.35 avg=00:00.30 ETA=00:03.54 | GPU MB alloc/reserved=69.9/852.0
2026-04-07 12:39:48 | INFO | [Round 5] epoch=69/80 loss=0.7986 acc=70.60 val_acc=nan data_t=0.0056s batch_t=0.0343s epoch_t=00:00.32 lr=0.000055 | GPU MB alloc/reserved=69.9/852.0
2026-04-07 12:39:48 | INFO | [Round 5] Epoch 69/80 time=00:00.32 avg=00:00.30 ETA=00:03.25 | GPU MB alloc/reserved=69.9/852.0
2026-04-07 12:39:48 | INFO | [Round 5] epoch=70/80 loss=0.8041 acc=69.80 val_acc=nan data_t=0.0049s batch_t=0.0222s epoch_t=00:00.22 lr=0.000048 | GPU MB alloc/reserved=69.9/852.0
2026-04-07 12:39:48 | INFO | [Round 5] Epoch 70/80 time=00:00.22 avg=00:00.29 ETA=00:02.94 | GPU MB alloc/reserved=69.9/852.0
2026-04-07 12:39:48 | INFO | [Round 5] epoch=71/80 loss=0.7918 acc=70.20 val_acc=nan data_t=0.0071s batch_t=0.0102s epoch_t=00:00.14 lr=0.000041 | GPU MB alloc/reserved=69.9/852.0
2026-04-07 12:39:48 | INFO | [Round 5] Epoch 71/80 time=00:00.14 avg=00:00.29 ETA=00:02.63 | GPU MB alloc/reserved=69.9/852.0
2026-04-07 12:39:49 | INFO | [Round 5] epoch=72/80 loss=0.8049 acc=69.50 val_acc=nan data_t=0.0056s batch_t=0.0342s epoch_t=00:00.32 lr=0.000034 | GPU MB alloc/reserved=69.9/852.0
2026-04-07 12:39:49 | INFO | [Round 5] Epoch 72/80 time=00:00.32 avg=00:00.29 ETA=00:02.34 | GPU MB alloc/reserved=69.9/852.0
2026-04-07 12:39:49 | INFO | [Round 5] epoch=73/80 loss=0.7913 acc=70.80 val_acc=nan data_t=0.0063s batch_t=0.0343s epoch_t=00:00.33 lr=0.000029 | GPU MB alloc/reserved=69.9/852.0
2026-04-07 12:39:49 | INFO | [Round 5] Epoch 73/80 time=00:00.33 avg=00:00.29 ETA=00:02.05 | GPU MB alloc/reserved=69.9/852.0
2026-04-07 12:39:49 | INFO | [Round 5] epoch=74/80 loss=0.8053 acc=70.80 val_acc=nan data_t=0.0047s batch_t=0.0343s epoch_t=00:00.31 lr=0.000024 | GPU MB alloc/reserved=69.9/852.0
2026-04-07 12:39:49 | INFO | [Round 5] Epoch 74/80 time=00:00.31 avg=00:00.29 ETA=00:01.76 | GPU MB alloc/reserved=69.9/852.0
2026-04-07 12:39:50 | INFO | [Round 5] epoch=75/80 loss=0.7656 acc=70.80 val_acc=nan data_t=0.0064s batch_t=0.0341s epoch_t=00:00.32 lr=0.000020 | GPU MB alloc/reserved=69.9/852.0
2026-04-07 12:39:50 | INFO | [Round 5] Epoch 75/80 time=00:00.32 avg=00:00.29 ETA=00:01.47 | GPU MB alloc/reserved=69.9/852.0
2026-04-07 12:39:50 | INFO | [Round 5] epoch=76/80 loss=0.7659 acc=71.70 val_acc=nan data_t=0.0079s batch_t=0.0346s epoch_t=00:00.34 lr=0.000016 | GPU MB alloc/reserved=69.9/852.0
2026-04-07 12:39:50 | INFO | [Round 5] Epoch 76/80 time=00:00.34 avg=00:00.29 ETA=00:01.18 | GPU MB alloc/reserved=69.9/852.0
2026-04-07 12:39:50 | INFO | [Round 5] epoch=77/80 loss=0.7807 acc=71.50 val_acc=nan data_t=0.0074s batch_t=0.0344s epoch_t=00:00.33 lr=0.000013 | GPU MB alloc/reserved=69.9/852.0
2026-04-07 12:39:50 | INFO | [Round 5] Epoch 77/80 time=00:00.33 avg=00:00.29 ETA=00:00.88 | GPU MB alloc/reserved=69.9/852.0
2026-04-07 12:39:51 | INFO | [Round 5] epoch=78/80 loss=0.7720 acc=69.50 val_acc=nan data_t=0.0065s batch_t=0.0230s epoch_t=00:00.24 lr=0.000012 | GPU MB alloc/reserved=69.9/852.0
2026-04-07 12:39:51 | INFO | [Round 5] Epoch 78/80 time=00:00.24 avg=00:00.29 ETA=00:00.59 | GPU MB alloc/reserved=69.9/852.0
2026-04-07 12:39:51 | INFO | [Round 5] epoch=79/80 loss=0.7668 acc=70.90 val_acc=nan data_t=0.0066s batch_t=0.0092s epoch_t=00:00.13 lr=0.000010 | GPU MB alloc/reserved=69.9/852.0
2026-04-07 12:39:51 | INFO | [Round 5] Epoch 79/80 time=00:00.13 avg=00:00.29 ETA=00:00.29 | GPU MB alloc/reserved=69.9/852.0
2026-04-07 12:39:51 | INFO | [Round 5] epoch=80/80 loss=0.7636 acc=72.80 val_acc=nan data_t=0.0060s batch_t=0.0342s epoch_t=00:00.32 lr=0.000010 | GPU MB alloc/reserved=69.9/852.0
2026-04-07 12:39:51 | INFO | [Round 5] Epoch 80/80 time=00:00.32 avg=00:00.29 ETA=00:00.00 | GPU MB alloc/reserved=69.9/852.0
2026-04-07 12:39:51 | INFO | [Round 5] training complete in 00:23.50 (best monitor=72.800) | GPU MB alloc/reserved=69.9/852.0
2026-04-07 12:39:51 | INFO | [Round 5] evaluation started | GPU MB alloc/reserved=52.0/852.0
2026-04-07 12:39:54 | INFO | [Round 5] clean=50.77 fgsm=42.40 pgd=42.31 grad_disp_mean=nan grad_disp_sel=nan round_t=27.07s | GPU MB alloc/reserved=52.0/852.0
2026-04-07 12:39:54 | INFO | [Round 6/21] elapsed=00:27.07 avg_round=00:23.03 projected_remaining=05:45.45 | GPU MB alloc/reserved=52.0/852.0
2026-04-07 12:39:55 | INFO | [Round 6] acquisition on pool_size=49000 scored_pool=5000 budget=100 | GPU MB alloc/reserved=34.1/852.0
2026-04-07 12:39:55 | INFO | [CoreSet-unlabeled-feat] scoring progress 10/20 elapsed=00:00.20 avg/batch=0.020s ETA=00:00.20 | GPU MB alloc/reserved=40.6/852.0
2026-04-07 12:39:55 | INFO | [CoreSet-unlabeled-feat] scoring progress 20/20 elapsed=00:00.23 avg/batch=0.012s ETA=00:00.00 | GPU MB alloc/reserved=40.6/852.0
2026-04-07 12:39:55 | INFO | [CoreSet-labeled-feat] scoring progress 4/4 elapsed=00:00.19 avg/batch=0.048s ETA=00:00.00 | GPU MB alloc/reserved=42.7/852.0
2026-04-07 12:39:55 | INFO | [CoreSet] greedy 10/100 cover_radius=29.627785 | GPU: n/a
2026-04-07 12:39:55 | INFO | [CoreSet] greedy 20/100 cover_radius=27.968981 | GPU: n/a
2026-04-07 12:39:55 | INFO | [CoreSet] greedy 30/100 cover_radius=27.454384 | GPU: n/a
2026-04-07 12:39:55 | INFO | [CoreSet] greedy 40/100 cover_radius=26.489803 | GPU: n/a
2026-04-07 12:39:55 | INFO | [CoreSet] greedy 50/100 cover_radius=26.066317 | GPU: n/a
2026-04-07 12:39:55 | INFO | [CoreSet] greedy 60/100 cover_radius=25.689243 | GPU: n/a
2026-04-07 12:39:55 | INFO | [CoreSet] greedy 70/100 cover_radius=25.374462 | GPU: n/a
2026-04-07 12:39:55 | INFO | [CoreSet] greedy 80/100 cover_radius=25.155298 | GPU: n/a
2026-04-07 12:39:55 | INFO | [CoreSet] greedy 90/100 cover_radius=24.807756 | GPU: n/a
2026-04-07 12:39:55 | INFO | [CoreSet] greedy 100/100 cover_radius=24.636215 | GPU: n/a
2026-04-07 12:39:55 | INFO | [Round 6] labeled=1100 train=1100 val_fixed=0 | GPU MB alloc/reserved=43.1/852.0
2026-04-07 12:39:56 | INFO | [Round 6] epoch=1/80 loss=5.7667 acc=15.73 val_acc=nan data_t=0.0178s batch_t=0.0373s epoch_t=00:00.50 lr=0.001000 | GPU MB alloc/reserved=69.9/854.0
2026-04-07 12:39:56 | INFO | [Round 6] Epoch 1/80 time=00:00.50 avg=00:00.50 ETA=00:39.18 | GPU MB alloc/reserved=69.9/854.0
2026-04-07 12:39:56 | INFO | [Round 6] epoch=2/80 loss=2.3949 acc=17.18 val_acc=nan data_t=0.0053s batch_t=0.0341s epoch_t=00:00.35 lr=0.000998 | GPU MB alloc/reserved=69.9/854.0
2026-04-07 12:39:56 | INFO | [Round 6] Epoch 2/80 time=00:00.35 avg=00:00.43 ETA=00:33.17 | GPU MB alloc/reserved=69.9/854.0
2026-04-07 12:39:57 | INFO | [Round 6] epoch=3/80 loss=2.0561 acc=25.64 val_acc=nan data_t=0.0055s batch_t=0.0341s epoch_t=00:00.36 lr=0.000997 | GPU MB alloc/reserved=69.9/854.0
2026-04-07 12:39:57 | INFO | [Round 6] Epoch 3/80 time=00:00.36 avg=00:00.40 ETA=00:30.98 | GPU MB alloc/reserved=69.9/854.0
2026-04-07 12:39:57 | INFO | [Round 6] epoch=4/80 loss=2.0144 acc=25.91 val_acc=nan data_t=0.0050s batch_t=0.0342s epoch_t=00:00.35 lr=0.000994 | GPU MB alloc/reserved=69.9/854.0
2026-04-07 12:39:57 | INFO | [Round 6] Epoch 4/80 time=00:00.35 avg=00:00.39 ETA=00:29.63 | GPU MB alloc/reserved=69.9/854.0
2026-04-07 12:39:57 | INFO | [Round 6] epoch=5/80 loss=1.9702 acc=28.82 val_acc=nan data_t=0.0046s batch_t=0.0340s epoch_t=00:00.35 lr=0.000990 | GPU MB alloc/reserved=69.9/854.0
2026-04-07 12:39:57 | INFO | [Round 6] Epoch 5/80 time=00:00.35 avg=00:00.38 ETA=00:28.61 | GPU MB alloc/reserved=69.9/854.0
2026-04-07 12:39:58 | INFO | [Round 6] epoch=6/80 loss=1.9456 acc=28.64 val_acc=nan data_t=0.0046s batch_t=0.0115s epoch_t=00:00.14 lr=0.000986 | GPU MB alloc/reserved=69.9/854.0
2026-04-07 12:39:58 | INFO | [Round 6] Epoch 6/80 time=00:00.14 avg=00:00.34 ETA=00:25.31 | GPU MB alloc/reserved=69.9/854.0
2026-04-07 12:39:58 | INFO | [Round 6] epoch=7/80 loss=1.8914 acc=30.73 val_acc=nan data_t=0.0031s batch_t=0.0185s epoch_t=00:00.19 lr=0.000981 | GPU MB alloc/reserved=69.9/854.0
2026-04-07 12:39:58 | INFO | [Round 6] Epoch 7/80 time=00:00.19 avg=00:00.32 ETA=00:23.44 | GPU MB alloc/reserved=69.9/854.0
2026-04-07 12:39:58 | INFO | [Round 6] epoch=8/80 loss=1.8688 acc=31.18 val_acc=nan data_t=0.0043s batch_t=0.0341s epoch_t=00:00.35 lr=0.000976 | GPU MB alloc/reserved=69.9/854.0
2026-04-07 12:39:58 | INFO | [Round 6] Epoch 8/80 time=00:00.35 avg=00:00.32 ETA=00:23.34 | GPU MB alloc/reserved=69.9/854.0
2026-04-07 12:39:58 | INFO | [Round 6] epoch=9/80 loss=1.8354 acc=31.55 val_acc=nan data_t=0.0045s batch_t=0.0339s epoch_t=00:00.35 lr=0.000969 | GPU MB alloc/reserved=69.9/854.0
2026-04-07 12:39:58 | INFO | [Round 6] Epoch 9/80 time=00:00.35 avg=00:00.33 ETA=00:23.18 | GPU MB alloc/reserved=69.9/854.0
2026-04-07 12:39:59 | INFO | [Round 6] epoch=10/80 loss=1.8027 acc=33.09 val_acc=nan data_t=0.0045s batch_t=0.0342s epoch_t=00:00.35 lr=0.000962 | GPU MB alloc/reserved=69.9/854.0
2026-04-07 12:39:59 | INFO | [Round 6] Epoch 10/80 time=00:00.35 avg=00:00.33 ETA=00:23.01 | GPU MB alloc/reserved=69.9/854.0
2026-04-07 12:39:59 | INFO | [Round 6] epoch=11/80 loss=1.7658 acc=35.27 val_acc=nan data_t=0.0049s batch_t=0.0341s epoch_t=00:00.35 lr=0.000955 | GPU MB alloc/reserved=69.9/854.0
2026-04-07 12:39:59 | INFO | [Round 6] Epoch 11/80 time=00:00.35 avg=00:00.33 ETA=00:22.82 | GPU MB alloc/reserved=69.9/854.0
2026-04-07 12:40:00 | INFO | [Round 6] epoch=12/80 loss=1.7272 acc=37.45 val_acc=nan data_t=0.0049s batch_t=0.0340s epoch_t=00:00.35 lr=0.000946 | GPU MB alloc/reserved=69.9/854.0
2026-04-07 12:40:00 | INFO | [Round 6] Epoch 12/80 time=00:00.35 avg=00:00.33 ETA=00:22.60 | GPU MB alloc/reserved=69.9/854.0
2026-04-07 12:40:00 | INFO | [Round 6] epoch=13/80 loss=1.7309 acc=37.09 val_acc=nan data_t=0.0047s batch_t=0.0325s epoch_t=00:00.34 lr=0.000937 | GPU MB alloc/reserved=69.9/854.0
2026-04-07 12:40:00 | INFO | [Round 6] Epoch 13/80 time=00:00.34 avg=00:00.33 ETA=00:22.29 | GPU MB alloc/reserved=69.9/854.0
2026-04-07 12:40:00 | INFO | [Round 6] epoch=14/80 loss=1.6836 acc=37.18 val_acc=nan data_t=0.0072s batch_t=0.0085s epoch_t=00:00.14 lr=0.000927 | GPU MB alloc/reserved=69.9/854.0
2026-04-07 12:40:00 | INFO | [Round 6] Epoch 14/80 time=00:00.14 avg=00:00.32 ETA=00:21.05 | GPU MB alloc/reserved=69.9/854.0
2026-04-07 12:40:00 | INFO | [Round 6] epoch=15/80 loss=1.6751 acc=38.82 val_acc=nan data_t=0.0044s batch_t=0.0340s epoch_t=00:00.35 lr=0.000917 | GPU MB alloc/reserved=69.9/854.0
2026-04-07 12:40:00 | INFO | [Round 6] Epoch 15/80 time=00:00.35 avg=00:00.32 ETA=00:20.85 | GPU MB alloc/reserved=69.9/854.0
2026-04-07 12:40:01 | INFO | [Round 6] epoch=16/80 loss=1.6189 acc=40.64 val_acc=nan data_t=0.0047s batch_t=0.0341s epoch_t=00:00.35 lr=0.000905 | GPU MB alloc/reserved=69.9/854.0
2026-04-07 12:40:01 | INFO | [Round 6] Epoch 16/80 time=00:00.35 avg=00:00.32 ETA=00:20.64 | GPU MB alloc/reserved=69.9/854.0
2026-04-07 12:40:01 | INFO | [Round 6] epoch=17/80 loss=1.6288 acc=41.55 val_acc=nan data_t=0.0062s batch_t=0.0341s epoch_t=00:00.36 lr=0.000894 | GPU MB alloc/reserved=69.9/854.0
2026-04-07 12:40:01 | INFO | [Round 6] Epoch 17/80 time=00:00.36 avg=00:00.32 ETA=00:20.47 | GPU MB alloc/reserved=69.9/854.0
2026-04-07 12:40:01 | INFO | [Round 6] epoch=18/80 loss=1.6402 acc=41.64 val_acc=nan data_t=0.0031s batch_t=0.0342s epoch_t=00:00.34 lr=0.000881 | GPU MB alloc/reserved=69.9/854.0
2026-04-07 12:40:01 | INFO | [Round 6] Epoch 18/80 time=00:00.34 avg=00:00.33 ETA=00:20.18 | GPU MB alloc/reserved=69.9/854.0
2026-04-07 12:40:02 | INFO | [Round 6] epoch=19/80 loss=1.5988 acc=41.55 val_acc=nan data_t=0.0048s batch_t=0.0342s epoch_t=00:00.35 lr=0.000868 | GPU MB alloc/reserved=69.9/854.0
2026-04-07 12:40:02 | INFO | [Round 6] Epoch 19/80 time=00:00.35 avg=00:00.33 ETA=00:19.94 | GPU MB alloc/reserved=69.9/854.0
2026-04-07 12:40:02 | INFO | [Round 6] epoch=20/80 loss=1.5368 acc=44.18 val_acc=nan data_t=0.0047s batch_t=0.0342s epoch_t=00:00.35 lr=0.000855 | GPU MB alloc/reserved=69.9/854.0
2026-04-07 12:40:02 | INFO | [Round 6] Epoch 20/80 time=00:00.35 avg=00:00.33 ETA=00:19.68 | GPU MB alloc/reserved=69.9/854.0
2026-04-07 12:40:02 | INFO | [Round 6] epoch=21/80 loss=1.5614 acc=43.27 val_acc=nan data_t=0.0045s batch_t=0.0144s epoch_t=00:00.17 lr=0.000841 | GPU MB alloc/reserved=69.9/854.0
2026-04-07 12:40:02 | INFO | [Round 6] Epoch 21/80 time=00:00.17 avg=00:00.32 ETA=00:18.91 | GPU MB alloc/reserved=69.9/854.0
2026-04-07 12:40:02 | INFO | [Round 6] epoch=22/80 loss=1.5189 acc=44.00 val_acc=nan data_t=0.0035s batch_t=0.0114s epoch_t=00:00.13 lr=0.000826 | GPU MB alloc/reserved=69.9/854.0
2026-04-07 12:40:02 | INFO | [Round 6] Epoch 22/80 time=00:00.13 avg=00:00.31 ETA=00:18.10 | GPU MB alloc/reserved=69.9/854.0
2026-04-07 12:40:03 | INFO | [Round 6] epoch=23/80 loss=1.4671 acc=46.36 val_acc=nan data_t=0.0041s batch_t=0.0341s epoch_t=00:00.34 lr=0.000811 | GPU MB alloc/reserved=69.9/854.0
2026-04-07 12:40:03 | INFO | [Round 6] Epoch 23/80 time=00:00.34 avg=00:00.31 ETA=00:17.86 | GPU MB alloc/reserved=69.9/854.0
2026-04-07 12:40:03 | INFO | [Round 6] epoch=24/80 loss=1.4808 acc=45.27 val_acc=nan data_t=0.0030s batch_t=0.0341s epoch_t=00:00.33 lr=0.000796 | GPU MB alloc/reserved=69.9/854.0
2026-04-07 12:40:03 | INFO | [Round 6] Epoch 24/80 time=00:00.33 avg=00:00.31 ETA=00:17.60 | GPU MB alloc/reserved=69.9/854.0
2026-04-07 12:40:03 | INFO | [Round 6] epoch=25/80 loss=1.4972 acc=45.91 val_acc=nan data_t=0.0045s batch_t=0.0341s epoch_t=00:00.35 lr=0.000780 | GPU MB alloc/reserved=69.9/854.0
2026-04-07 12:40:03 | INFO | [Round 6] Epoch 25/80 time=00:00.35 avg=00:00.32 ETA=00:17.36 | GPU MB alloc/reserved=69.9/854.0
2026-04-07 12:40:04 | INFO | [Round 6] epoch=26/80 loss=1.4077 acc=48.91 val_acc=nan data_t=0.0038s batch_t=0.0341s epoch_t=00:00.34 lr=0.000764 | GPU MB alloc/reserved=69.9/854.0
2026-04-07 12:40:04 | INFO | [Round 6] Epoch 26/80 time=00:00.34 avg=00:00.32 ETA=00:17.09 | GPU MB alloc/reserved=69.9/854.0
2026-04-07 12:40:04 | INFO | [Round 6] epoch=27/80 loss=1.4178 acc=45.64 val_acc=nan data_t=0.0047s batch_t=0.0340s epoch_t=00:00.35 lr=0.000747 | GPU MB alloc/reserved=69.9/854.0
2026-04-07 12:40:04 | INFO | [Round 6] Epoch 27/80 time=00:00.35 avg=00:00.32 ETA=00:16.84 | GPU MB alloc/reserved=69.9/854.0
2026-04-07 12:40:04 | INFO | [Round 6] epoch=28/80 loss=1.4425 acc=45.73 val_acc=nan data_t=0.0070s batch_t=0.0342s epoch_t=00:00.37 lr=0.000730 | GPU MB alloc/reserved=69.9/854.0
2026-04-07 12:40:04 | INFO | [Round 6] Epoch 28/80 time=00:00.37 avg=00:00.32 ETA=00:16.62 | GPU MB alloc/reserved=69.9/854.0
2026-04-07 12:40:05 | INFO | [Round 6] epoch=29/80 loss=1.3902 acc=48.09 val_acc=nan data_t=0.0033s batch_t=0.0125s epoch_t=00:00.14 lr=0.000712 | GPU MB alloc/reserved=69.9/854.0
2026-04-07 12:40:05 | INFO | [Round 6] Epoch 29/80 time=00:00.14 avg=00:00.31 ETA=00:15.99 | GPU MB alloc/reserved=69.9/854.0
2026-04-07 12:40:05 | INFO | [Round 6] epoch=30/80 loss=1.3886 acc=48.00 val_acc=nan data_t=0.0058s batch_t=0.0207s epoch_t=00:00.24 lr=0.000694 | GPU MB alloc/reserved=69.9/854.0
2026-04-07 12:40:05 | INFO | [Round 6] Epoch 30/80 time=00:00.24 avg=00:00.31 ETA=00:15.55 | GPU MB alloc/reserved=69.9/854.0
2026-04-07 12:40:05 | INFO | [Round 6] epoch=31/80 loss=1.3998 acc=46.36 val_acc=nan data_t=0.0043s batch_t=0.0340s epoch_t=00:00.34 lr=0.000676 | GPU MB alloc/reserved=69.9/854.0
2026-04-07 12:40:05 | INFO | [Round 6] Epoch 31/80 time=00:00.34 avg=00:00.31 ETA=00:15.29 | GPU MB alloc/reserved=69.9/854.0
2026-04-07 12:40:06 | INFO | [Round 6] epoch=32/80 loss=1.3685 acc=48.91 val_acc=nan data_t=0.0044s batch_t=0.0342s epoch_t=00:00.35 lr=0.000658 | GPU MB alloc/reserved=69.9/854.0
2026-04-07 12:40:06 | INFO | [Round 6] Epoch 32/80 time=00:00.35 avg=00:00.31 ETA=00:15.04 | GPU MB alloc/reserved=69.9/854.0
2026-04-07 12:40:06 | INFO | [Round 6] epoch=33/80 loss=1.3374 acc=50.64 val_acc=nan data_t=0.0045s batch_t=0.0341s epoch_t=00:00.35 lr=0.000639 | GPU MB alloc/reserved=69.9/854.0
2026-04-07 12:40:06 | INFO | [Round 6] Epoch 33/80 time=00:00.35 avg=00:00.31 ETA=00:14.77 | GPU MB alloc/reserved=69.9/854.0
2026-04-07 12:40:06 | INFO | [Round 6] epoch=34/80 loss=1.3037 acc=53.00 val_acc=nan data_t=0.0043s batch_t=0.0342s epoch_t=00:00.35 lr=0.000621 | GPU MB alloc/reserved=69.9/854.0
2026-04-07 12:40:06 | INFO | [Round 6] Epoch 34/80 time=00:00.35 avg=00:00.32 ETA=00:14.50 | GPU MB alloc/reserved=69.9/854.0
2026-04-07 12:40:07 | INFO | [Round 6] epoch=35/80 loss=1.2948 acc=50.91 val_acc=nan data_t=0.0042s batch_t=0.0340s epoch_t=00:00.34 lr=0.000602 | GPU MB alloc/reserved=69.9/854.0
2026-04-07 12:40:07 | INFO | [Round 6] Epoch 35/80 time=00:00.34 avg=00:00.32 ETA=00:14.22 | GPU MB alloc/reserved=69.9/854.0
2026-04-07 12:40:07 | INFO | [Round 6] epoch=36/80 loss=1.3078 acc=51.00 val_acc=nan data_t=0.0044s batch_t=0.0326s epoch_t=00:00.33 lr=0.000582 | GPU MB alloc/reserved=69.9/854.0
2026-04-07 12:40:07 | INFO | [Round 6] Epoch 36/80 time=00:00.33 avg=00:00.32 ETA=00:13.93 | GPU MB alloc/reserved=69.9/854.0
2026-04-07 12:40:07 | INFO | [Round 6] epoch=37/80 loss=1.3219 acc=53.18 val_acc=nan data_t=0.0062s batch_t=0.0098s epoch_t=00:00.14 lr=0.000563 | GPU MB alloc/reserved=69.9/854.0
2026-04-07 12:40:07 | INFO | [Round 6] Epoch 37/80 time=00:00.14 avg=00:00.31 ETA=00:13.41 | GPU MB alloc/reserved=69.9/854.0
2026-04-07 12:40:07 | INFO | [Round 6] epoch=38/80 loss=1.2939 acc=53.36 val_acc=nan data_t=0.0030s batch_t=0.0341s epoch_t=00:00.33 lr=0.000544 | GPU MB alloc/reserved=69.9/854.0
2026-04-07 12:40:07 | INFO | [Round 6] Epoch 38/80 time=00:00.33 avg=00:00.31 ETA=00:13.12 | GPU MB alloc/reserved=69.9/854.0
2026-04-07 12:40:08 | INFO | [Round 6] epoch=39/80 loss=1.2931 acc=51.91 val_acc=nan data_t=0.0039s batch_t=0.0341s epoch_t=00:00.34 lr=0.000524 | GPU MB alloc/reserved=69.9/854.0
2026-04-07 12:40:08 | INFO | [Round 6] Epoch 39/80 time=00:00.34 avg=00:00.31 ETA=00:12.84 | GPU MB alloc/reserved=69.9/854.0
2026-04-07 12:40:08 | INFO | [Round 6] epoch=40/80 loss=1.2762 acc=53.09 val_acc=nan data_t=0.0044s batch_t=0.0342s epoch_t=00:00.35 lr=0.000505 | GPU MB alloc/reserved=69.9/854.0
2026-04-07 12:40:08 | INFO | [Round 6] Epoch 40/80 time=00:00.35 avg=00:00.31 ETA=00:12.56 | GPU MB alloc/reserved=69.9/854.0
2026-04-07 12:40:08 | INFO | [Round 6] epoch=41/80 loss=1.2677 acc=52.64 val_acc=nan data_t=0.0050s batch_t=0.0342s epoch_t=00:00.35 lr=0.000486 | GPU MB alloc/reserved=69.9/854.0
2026-04-07 12:40:08 | INFO | [Round 6] Epoch 41/80 time=00:00.35 avg=00:00.31 ETA=00:12.28 | GPU MB alloc/reserved=69.9/854.0
2026-04-07 12:40:09 | INFO | [Round 6] epoch=42/80 loss=1.2439 acc=53.27 val_acc=nan data_t=0.0047s batch_t=0.0341s epoch_t=00:00.35 lr=0.000466 | GPU MB alloc/reserved=69.9/854.0
2026-04-07 12:40:09 | INFO | [Round 6] Epoch 42/80 time=00:00.35 avg=00:00.32 ETA=00:12.00 | GPU MB alloc/reserved=69.9/854.0
2026-04-07 12:40:09 | INFO | [Round 6] epoch=43/80 loss=1.2209 acc=52.55 val_acc=nan data_t=0.0045s batch_t=0.0341s epoch_t=00:00.35 lr=0.000447 | GPU MB alloc/reserved=69.9/854.0
2026-04-07 12:40:09 | INFO | [Round 6] Epoch 43/80 time=00:00.35 avg=00:00.32 ETA=00:11.71 | GPU MB alloc/reserved=69.9/854.0
2026-04-07 12:40:09 | INFO | [Round 6] epoch=44/80 loss=1.2409 acc=53.82 val_acc=nan data_t=0.0045s batch_t=0.0171s epoch_t=00:00.19 lr=0.000428 | GPU MB alloc/reserved=69.9/854.0
2026-04-07 12:40:09 | INFO | [Round 6] Epoch 44/80 time=00:00.19 avg=00:00.31 ETA=00:11.30 | GPU MB alloc/reserved=69.9/854.0
2026-04-07 12:40:10 | INFO | [Round 6] epoch=45/80 loss=1.1863 acc=57.18 val_acc=nan data_t=0.0065s batch_t=0.0206s epoch_t=00:00.24 lr=0.000408 | GPU MB alloc/reserved=69.9/854.0
2026-04-07 12:40:10 | INFO | [Round 6] Epoch 45/80 time=00:00.24 avg=00:00.31 ETA=00:10.93 | GPU MB alloc/reserved=69.9/854.0
2026-04-07 12:40:10 | INFO | [Round 6] epoch=46/80 loss=1.2031 acc=55.91 val_acc=nan data_t=0.0046s batch_t=0.0340s epoch_t=00:00.35 lr=0.000389 | GPU MB alloc/reserved=69.9/854.0
2026-04-07 12:40:10 | INFO | [Round 6] Epoch 46/80 time=00:00.35 avg=00:00.31 ETA=00:10.64 | GPU MB alloc/reserved=69.9/854.0
2026-04-07 12:40:10 | INFO | [Round 6] epoch=47/80 loss=1.1901 acc=55.64 val_acc=nan data_t=0.0071s batch_t=0.0340s epoch_t=00:00.37 lr=0.000371 | GPU MB alloc/reserved=69.9/854.0
2026-04-07 12:40:10 | INFO | [Round 6] Epoch 47/80 time=00:00.37 avg=00:00.31 ETA=00:10.37 | GPU MB alloc/reserved=69.9/854.0
2026-04-07 12:40:11 | INFO | [Round 6] epoch=48/80 loss=1.1917 acc=55.64 val_acc=nan data_t=0.0051s batch_t=0.0342s epoch_t=00:00.35 lr=0.000352 | GPU MB alloc/reserved=69.9/854.0
2026-04-07 12:40:11 | INFO | [Round 6] Epoch 48/80 time=00:00.35 avg=00:00.32 ETA=00:10.08 | GPU MB alloc/reserved=69.9/854.0
2026-04-07 12:40:11 | INFO | [Round 6] epoch=49/80 loss=1.1631 acc=56.64 val_acc=nan data_t=0.0069s batch_t=0.0341s epoch_t=00:00.37 lr=0.000334 | GPU MB alloc/reserved=69.9/854.0
2026-04-07 12:40:11 | INFO | [Round 6] Epoch 49/80 time=00:00.37 avg=00:00.32 ETA=00:09.80 | GPU MB alloc/reserved=69.9/854.0
2026-04-07 12:40:11 | INFO | [Round 6] epoch=50/80 loss=1.1768 acc=55.45 val_acc=nan data_t=0.0051s batch_t=0.0343s epoch_t=00:00.35 lr=0.000316 | GPU MB alloc/reserved=69.9/854.0
2026-04-07 12:40:11 | INFO | [Round 6] Epoch 50/80 time=00:00.35 avg=00:00.32 ETA=00:09.51 | GPU MB alloc/reserved=69.9/854.0
2026-04-07 12:40:12 | INFO | [Round 6] epoch=51/80 loss=1.1465 acc=56.45 val_acc=nan data_t=0.0057s batch_t=0.0250s epoch_t=00:00.28 lr=0.000298 | GPU MB alloc/reserved=69.9/854.0
2026-04-07 12:40:12 | INFO | [Round 6] Epoch 51/80 time=00:00.28 avg=00:00.32 ETA=00:09.17 | GPU MB alloc/reserved=69.9/854.0
2026-04-07 12:40:12 | INFO | [Round 6] epoch=52/80 loss=1.1244 acc=57.64 val_acc=nan data_t=0.0051s batch_t=0.0088s epoch_t=00:00.13 lr=0.000280 | GPU MB alloc/reserved=69.9/854.0
2026-04-07 12:40:12 | INFO | [Round 6] Epoch 52/80 time=00:00.13 avg=00:00.31 ETA=00:08.75 | GPU MB alloc/reserved=69.9/854.0
2026-04-07 12:40:12 | INFO | [Round 6] epoch=53/80 loss=1.1331 acc=57.18 val_acc=nan data_t=0.0032s batch_t=0.0340s epoch_t=00:00.33 lr=0.000263 | GPU MB alloc/reserved=69.9/854.0
2026-04-07 12:40:12 | INFO | [Round 6] Epoch 53/80 time=00:00.33 avg=00:00.31 ETA=00:08.45 | GPU MB alloc/reserved=69.9/854.0
2026-04-07 12:40:12 | INFO | [Round 6] epoch=54/80 loss=1.1382 acc=57.91 val_acc=nan data_t=0.0046s batch_t=0.0340s epoch_t=00:00.35 lr=0.000246 | GPU MB alloc/reserved=69.9/854.0
2026-04-07 12:40:12 | INFO | [Round 6] Epoch 54/80 time=00:00.35 avg=00:00.31 ETA=00:08.15 | GPU MB alloc/reserved=69.9/854.0
2026-04-07 12:40:13 | INFO | [Round 6] epoch=55/80 loss=1.1212 acc=58.18 val_acc=nan data_t=0.0056s batch_t=0.0341s epoch_t=00:00.36 lr=0.000230 | GPU MB alloc/reserved=69.9/854.0
2026-04-07 12:40:13 | INFO | [Round 6] Epoch 55/80 time=00:00.36 avg=00:00.31 ETA=00:07.86 | GPU MB alloc/reserved=69.9/854.0
2026-04-07 12:40:13 | INFO | [Round 6] epoch=56/80 loss=1.1221 acc=58.36 val_acc=nan data_t=0.0043s batch_t=0.0342s epoch_t=00:00.35 lr=0.000214 | GPU MB alloc/reserved=69.9/854.0
2026-04-07 12:40:13 | INFO | [Round 6] Epoch 56/80 time=00:00.35 avg=00:00.31 ETA=00:07.56 | GPU MB alloc/reserved=69.9/854.0
2026-04-07 12:40:14 | INFO | [Round 6] epoch=57/80 loss=1.0683 acc=60.09 val_acc=nan data_t=0.0030s batch_t=0.0341s epoch_t=00:00.33 lr=0.000199 | GPU MB alloc/reserved=69.9/854.0
2026-04-07 12:40:14 | INFO | [Round 6] Epoch 57/80 time=00:00.33 avg=00:00.32 ETA=00:07.25 | GPU MB alloc/reserved=69.9/854.0
2026-04-07 12:40:14 | INFO | [Round 6] epoch=58/80 loss=1.0797 acc=58.82 val_acc=nan data_t=0.0050s batch_t=0.0342s epoch_t=00:00.35 lr=0.000184 | GPU MB alloc/reserved=69.9/854.0
2026-04-07 12:40:14 | INFO | [Round 6] Epoch 58/80 time=00:00.35 avg=00:00.32 ETA=00:06.95 | GPU MB alloc/reserved=69.9/854.0
2026-04-07 12:40:14 | INFO | [Round 6] epoch=59/80 loss=1.0614 acc=61.18 val_acc=nan data_t=0.0056s batch_t=0.0144s epoch_t=00:00.18 lr=0.000169 | GPU MB alloc/reserved=69.9/854.0
2026-04-07 12:40:14 | INFO | [Round 6] Epoch 59/80 time=00:00.18 avg=00:00.31 ETA=00:06.58 | GPU MB alloc/reserved=69.9/854.0
2026-04-07 12:40:14 | INFO | [Round 6] epoch=60/80 loss=1.0729 acc=60.55 val_acc=nan data_t=0.0028s batch_t=0.0121s epoch_t=00:00.13 lr=0.000155 | GPU MB alloc/reserved=69.9/854.0
2026-04-07 12:40:14 | INFO | [Round 6] Epoch 60/80 time=00:00.13 avg=00:00.31 ETA=00:06.21 | GPU MB alloc/reserved=69.9/854.0
2026-04-07 12:40:15 | INFO | [Round 6] epoch=61/80 loss=1.0328 acc=62.36 val_acc=nan data_t=0.0042s batch_t=0.0341s epoch_t=00:00.34 lr=0.000142 | GPU MB alloc/reserved=69.9/854.0
2026-04-07 12:40:15 | INFO | [Round 6] Epoch 61/80 time=00:00.34 avg=00:00.31 ETA=00:05.91 | GPU MB alloc/reserved=69.9/854.0
2026-04-07 12:40:15 | INFO | [Round 6] epoch=62/80 loss=1.0433 acc=60.82 val_acc=nan data_t=0.0047s batch_t=0.0342s epoch_t=00:00.35 lr=0.000129 | GPU MB alloc/reserved=69.9/854.0
2026-04-07 12:40:15 | INFO | [Round 6] Epoch 62/80 time=00:00.35 avg=00:00.31 ETA=00:05.61 | GPU MB alloc/reserved=69.9/854.0
2026-04-07 12:40:15 | INFO | [Round 6] epoch=63/80 loss=1.0395 acc=61.73 val_acc=nan data_t=0.0044s batch_t=0.0342s epoch_t=00:00.35 lr=0.000116 | GPU MB alloc/reserved=69.9/854.0
2026-04-07 12:40:15 | INFO | [Round 6] Epoch 63/80 time=00:00.35 avg=00:00.31 ETA=00:05.31 | GPU MB alloc/reserved=69.9/854.0
2026-04-07 12:40:16 | INFO | [Round 6] epoch=64/80 loss=1.0432 acc=60.82 val_acc=nan data_t=0.0044s batch_t=0.0341s epoch_t=00:00.35 lr=0.000105 | GPU MB alloc/reserved=69.9/854.0
2026-04-07 12:40:16 | INFO | [Round 6] Epoch 64/80 time=00:00.35 avg=00:00.31 ETA=00:05.01 | GPU MB alloc/reserved=69.9/854.0
2026-04-07 12:40:16 | INFO | [Round 6] epoch=65/80 loss=1.0173 acc=61.55 val_acc=nan data_t=0.0046s batch_t=0.0342s epoch_t=00:00.35 lr=0.000093 | GPU MB alloc/reserved=69.9/854.0
2026-04-07 12:40:16 | INFO | [Round 6] Epoch 65/80 time=00:00.35 avg=00:00.31 ETA=00:04.70 | GPU MB alloc/reserved=69.9/854.0
2026-04-07 12:40:16 | INFO | [Round 6] epoch=66/80 loss=1.0185 acc=62.27 val_acc=nan data_t=0.0067s batch_t=0.0342s epoch_t=00:00.37 lr=0.000083 | GPU MB alloc/reserved=69.9/854.0
2026-04-07 12:40:16 | INFO | [Round 6] Epoch 66/80 time=00:00.37 avg=00:00.31 ETA=00:04.40 | GPU MB alloc/reserved=69.9/854.0
2026-04-07 12:40:16 | INFO | [Round 6] epoch=67/80 loss=1.0571 acc=60.45 val_acc=nan data_t=0.0062s batch_t=0.0093s epoch_t=00:00.14 lr=0.000073 | GPU MB alloc/reserved=69.9/854.0
2026-04-07 12:40:16 | INFO | [Round 6] Epoch 67/80 time=00:00.14 avg=00:00.31 ETA=00:04.05 | GPU MB alloc/reserved=69.9/854.0
2026-04-07 12:40:17 | INFO | [Round 6] epoch=68/80 loss=1.0278 acc=61.09 val_acc=nan data_t=0.0031s batch_t=0.0259s epoch_t=00:00.26 lr=0.000064 | GPU MB alloc/reserved=69.9/854.0
2026-04-07 12:40:17 | INFO | [Round 6] Epoch 68/80 time=00:00.26 avg=00:00.31 ETA=00:03.73 | GPU MB alloc/reserved=69.9/854.0
2026-04-07 12:40:17 | INFO | [Round 6] epoch=69/80 loss=1.0571 acc=60.73 val_acc=nan data_t=0.0030s batch_t=0.0340s epoch_t=00:00.33 lr=0.000055 | GPU MB alloc/reserved=69.9/854.0
2026-04-07 12:40:17 | INFO | [Round 6] Epoch 69/80 time=00:00.33 avg=00:00.31 ETA=00:03.42 | GPU MB alloc/reserved=69.9/854.0
2026-04-07 12:40:17 | INFO | [Round 6] epoch=70/80 loss=1.0260 acc=60.91 val_acc=nan data_t=0.0042s batch_t=0.0341s epoch_t=00:00.35 lr=0.000048 | GPU MB alloc/reserved=69.9/854.0
2026-04-07 12:40:17 | INFO | [Round 6] Epoch 70/80 time=00:00.35 avg=00:00.31 ETA=00:03.12 | GPU MB alloc/reserved=69.9/854.0
2026-04-07 12:40:18 | INFO | [Round 6] epoch=71/80 loss=1.0388 acc=59.18 val_acc=nan data_t=0.0068s batch_t=0.0340s epoch_t=00:00.37 lr=0.000041 | GPU MB alloc/reserved=69.9/854.0
2026-04-07 12:40:18 | INFO | [Round 6] Epoch 71/80 time=00:00.37 avg=00:00.31 ETA=00:02.81 | GPU MB alloc/reserved=69.9/854.0
2026-04-07 12:40:18 | INFO | [Round 6] epoch=72/80 loss=0.9824 acc=63.82 val_acc=nan data_t=0.0058s batch_t=0.0343s epoch_t=00:00.36 lr=0.000034 | GPU MB alloc/reserved=69.9/854.0
2026-04-07 12:40:18 | INFO | [Round 6] Epoch 72/80 time=00:00.36 avg=00:00.31 ETA=00:02.51 | GPU MB alloc/reserved=69.9/854.0
2026-04-07 12:40:18 | INFO | [Round 6] epoch=73/80 loss=0.9884 acc=62.36 val_acc=nan data_t=0.0033s batch_t=0.0340s epoch_t=00:00.34 lr=0.000029 | GPU MB alloc/reserved=69.9/854.0
2026-04-07 12:40:18 | INFO | [Round 6] Epoch 73/80 time=00:00.34 avg=00:00.31 ETA=00:02.19 | GPU MB alloc/reserved=69.9/854.0
2026-04-07 12:40:19 | INFO | [Round 6] epoch=74/80 loss=1.0155 acc=61.55 val_acc=nan data_t=0.0042s batch_t=0.0271s epoch_t=00:00.28 lr=0.000024 | GPU MB alloc/reserved=69.9/854.0
2026-04-07 12:40:19 | INFO | [Round 6] Epoch 74/80 time=00:00.28 avg=00:00.31 ETA=00:01.88 | GPU MB alloc/reserved=69.9/854.0
2026-04-07 12:40:19 | INFO | [Round 6] epoch=75/80 loss=1.0496 acc=60.64 val_acc=nan data_t=0.0035s batch_t=0.0090s epoch_t=00:00.11 lr=0.000020 | GPU MB alloc/reserved=69.9/854.0
2026-04-07 12:40:19 | INFO | [Round 6] Epoch 75/80 time=00:00.11 avg=00:00.31 ETA=00:01.55 | GPU MB alloc/reserved=69.9/854.0
2026-04-07 12:40:19 | INFO | [Round 6] epoch=76/80 loss=0.9962 acc=63.00 val_acc=nan data_t=0.0037s batch_t=0.0341s epoch_t=00:00.34 lr=0.000016 | GPU MB alloc/reserved=69.9/854.0
2026-04-07 12:40:19 | INFO | [Round 6] Epoch 76/80 time=00:00.34 avg=00:00.31 ETA=00:01.24 | GPU MB alloc/reserved=69.9/854.0
2026-04-07 12:40:20 | INFO | [Round 6] epoch=77/80 loss=0.9816 acc=63.73 val_acc=nan data_t=0.0029s batch_t=0.0340s epoch_t=00:00.33 lr=0.000013 | GPU MB alloc/reserved=69.9/854.0
2026-04-07 12:40:20 | INFO | [Round 6] Epoch 77/80 time=00:00.33 avg=00:00.31 ETA=00:00.93 | GPU MB alloc/reserved=69.9/854.0
2026-04-07 12:40:20 | INFO | [Round 6] epoch=78/80 loss=0.9890 acc=63.18 val_acc=nan data_t=0.0062s batch_t=0.0343s epoch_t=00:00.36 lr=0.000012 | GPU MB alloc/reserved=69.9/854.0
2026-04-07 12:40:20 | INFO | [Round 6] Epoch 78/80 time=00:00.36 avg=00:00.31 ETA=00:00.62 | GPU MB alloc/reserved=69.9/854.0
2026-04-07 12:40:20 | INFO | [Round 6] epoch=79/80 loss=0.9885 acc=62.91 val_acc=nan data_t=0.0046s batch_t=0.0341s epoch_t=00:00.35 lr=0.000010 | GPU MB alloc/reserved=69.9/854.0
2026-04-07 12:40:20 | INFO | [Round 6] Epoch 79/80 time=00:00.35 avg=00:00.31 ETA=00:00.31 | GPU MB alloc/reserved=69.9/854.0
2026-04-07 12:40:21 | INFO | [Round 6] epoch=80/80 loss=0.9934 acc=62.64 val_acc=nan data_t=0.0047s batch_t=0.0342s epoch_t=00:00.35 lr=0.000010 | GPU MB alloc/reserved=69.9/854.0
2026-04-07 12:40:21 | INFO | [Round 6] Epoch 80/80 time=00:00.35 avg=00:00.31 ETA=00:00.00 | GPU MB alloc/reserved=69.9/854.0
2026-04-07 12:40:21 | INFO | [Round 6] training complete in 00:25.13 (best monitor=63.818) | GPU MB alloc/reserved=69.9/854.0
2026-04-07 12:40:21 | INFO | [Round 6] evaluation started | GPU MB alloc/reserved=52.0/854.0
2026-04-07 12:40:23 | INFO | [Round 6] clean=50.37 fgsm=42.51 pgd=42.35 grad_disp_mean=nan grad_disp_sel=nan round_t=28.62s | GPU MB alloc/reserved=52.0/854.0
2026-04-07 12:40:23 | INFO | [Round 7/21] elapsed=00:28.62 avg_round=00:23.83 projected_remaining=05:33.60 | GPU MB alloc/reserved=52.0/854.0
2026-04-07 12:40:24 | INFO | [Round 7] acquisition on pool_size=48900 scored_pool=5000 budget=100 | GPU MB alloc/reserved=34.1/854.0
2026-04-07 12:40:24 | INFO | [CoreSet-unlabeled-feat] scoring progress 10/20 elapsed=00:00.20 avg/batch=0.020s ETA=00:00.20 | GPU MB alloc/reserved=40.6/854.0
2026-04-07 12:40:24 | INFO | [CoreSet-unlabeled-feat] scoring progress 20/20 elapsed=00:00.23 avg/batch=0.011s ETA=00:00.00 | GPU MB alloc/reserved=40.6/854.0
2026-04-07 12:40:24 | INFO | [CoreSet-labeled-feat] scoring progress 5/5 elapsed=00:00.18 avg/batch=0.035s ETA=00:00.00 | GPU MB alloc/reserved=41.0/854.0
2026-04-07 12:40:25 | INFO | [CoreSet] greedy 10/100 cover_radius=20.807165 | GPU: n/a
2026-04-07 12:40:25 | INFO | [CoreSet] greedy 20/100 cover_radius=20.216776 | GPU: n/a
2026-04-07 12:40:25 | INFO | [CoreSet] greedy 30/100 cover_radius=19.704395 | GPU: n/a
2026-04-07 12:40:25 | INFO | [CoreSet] greedy 40/100 cover_radius=19.363682 | GPU: n/a
2026-04-07 12:40:25 | INFO | [CoreSet] greedy 50/100 cover_radius=19.092497 | GPU: n/a
2026-04-07 12:40:25 | INFO | [CoreSet] greedy 60/100 cover_radius=18.910666 | GPU: n/a
2026-04-07 12:40:25 | INFO | [CoreSet] greedy 70/100 cover_radius=18.640062 | GPU: n/a
2026-04-07 12:40:25 | INFO | [CoreSet] greedy 80/100 cover_radius=18.340721 | GPU: n/a
2026-04-07 12:40:26 | INFO | [CoreSet] greedy 90/100 cover_radius=18.112038 | GPU: n/a
2026-04-07 12:40:26 | INFO | [CoreSet] greedy 100/100 cover_radius=17.974531 | GPU: n/a
2026-04-07 12:40:26 | INFO | [Round 7] labeled=1200 train=1200 val_fixed=0 | GPU MB alloc/reserved=43.1/854.0
2026-04-07 12:40:26 | INFO | [Round 7] epoch=1/80 loss=4.3656 acc=15.67 val_acc=nan data_t=0.0163s batch_t=0.0370s epoch_t=00:00.53 lr=0.001000 | GPU MB alloc/reserved=69.9/854.0
2026-04-07 12:40:26 | INFO | [Round 7] Epoch 1/80 time=00:00.53 avg=00:00.53 ETA=00:42.12 | GPU MB alloc/reserved=69.9/854.0
2026-04-07 12:40:27 | INFO | [Round 7] epoch=2/80 loss=2.2970 acc=21.67 val_acc=nan data_t=0.0040s batch_t=0.0339s epoch_t=00:00.38 lr=0.000998 | GPU MB alloc/reserved=69.9/854.0
2026-04-07 12:40:27 | INFO | [Round 7] Epoch 2/80 time=00:00.38 avg=00:00.46 ETA=00:35.59 | GPU MB alloc/reserved=69.9/854.0
2026-04-07 12:40:27 | INFO | [Round 7] epoch=3/80 loss=2.0290 acc=27.25 val_acc=nan data_t=0.0041s batch_t=0.0340s epoch_t=00:00.38 lr=0.000997 | GPU MB alloc/reserved=69.9/854.0
2026-04-07 12:40:27 | INFO | [Round 7] Epoch 3/80 time=00:00.38 avg=00:00.43 ETA=00:33.22 | GPU MB alloc/reserved=69.9/854.0
2026-04-07 12:40:28 | INFO | [Round 7] epoch=4/80 loss=1.9937 acc=28.17 val_acc=nan data_t=0.0033s batch_t=0.0338s epoch_t=00:00.37 lr=0.000994 | GPU MB alloc/reserved=69.9/854.0
2026-04-07 12:40:28 | INFO | [Round 7] Epoch 4/80 time=00:00.37 avg=00:00.42 ETA=00:31.66 | GPU MB alloc/reserved=69.9/854.0
2026-04-07 12:40:28 | INFO | [Round 7] epoch=5/80 loss=1.9025 acc=32.00 val_acc=nan data_t=0.0041s batch_t=0.0334s epoch_t=00:00.38 lr=0.000990 | GPU MB alloc/reserved=69.9/854.0
2026-04-07 12:40:28 | INFO | [Round 7] Epoch 5/80 time=00:00.38 avg=00:00.41 ETA=00:30.63 | GPU MB alloc/reserved=69.9/854.0
2026-04-07 12:40:28 | INFO | [Round 7] epoch=6/80 loss=1.8711 acc=33.00 val_acc=nan data_t=0.0055s batch_t=0.0089s epoch_t=00:00.14 lr=0.000986 | GPU MB alloc/reserved=69.9/854.0
2026-04-07 12:40:28 | INFO | [Round 7] Epoch 6/80 time=00:00.14 avg=00:00.36 ETA=00:26.97 | GPU MB alloc/reserved=69.9/854.0
2026-04-07 12:40:28 | INFO | [Round 7] epoch=7/80 loss=1.8163 acc=33.00 val_acc=nan data_t=0.0028s batch_t=0.0337s epoch_t=00:00.37 lr=0.000981 | GPU MB alloc/reserved=69.9/854.0
2026-04-07 12:40:28 | INFO | [Round 7] Epoch 7/80 time=00:00.37 avg=00:00.36 ETA=00:26.62 | GPU MB alloc/reserved=69.9/854.0
2026-04-07 12:40:29 | INFO | [Round 7] epoch=8/80 loss=1.8107 acc=33.75 val_acc=nan data_t=0.0039s batch_t=0.0339s epoch_t=00:00.38 lr=0.000976 | GPU MB alloc/reserved=69.9/854.0
2026-04-07 12:40:29 | INFO | [Round 7] Epoch 8/80 time=00:00.38 avg=00:00.37 ETA=00:26.37 | GPU MB alloc/reserved=69.9/854.0
2026-04-07 12:40:29 | INFO | [Round 7] epoch=9/80 loss=1.7624 acc=34.75 val_acc=nan data_t=0.0043s batch_t=0.0340s epoch_t=00:00.38 lr=0.000969 | GPU MB alloc/reserved=69.9/854.0
2026-04-07 12:40:29 | INFO | [Round 7] Epoch 9/80 time=00:00.38 avg=00:00.37 ETA=00:26.14 | GPU MB alloc/reserved=69.9/854.0
2026-04-07 12:40:30 | INFO | [Round 7] epoch=10/80 loss=1.7162 acc=36.08 val_acc=nan data_t=0.0034s batch_t=0.0338s epoch_t=00:00.37 lr=0.000962 | GPU MB alloc/reserved=69.9/854.0
2026-04-07 12:40:30 | INFO | [Round 7] Epoch 10/80 time=00:00.37 avg=00:00.37 ETA=00:25.81 | GPU MB alloc/reserved=69.9/854.0
2026-04-07 12:40:30 | INFO | [Round 7] epoch=11/80 loss=1.6970 acc=37.33 val_acc=nan data_t=0.0058s batch_t=0.0343s epoch_t=00:00.40 lr=0.000955 | GPU MB alloc/reserved=69.9/854.0
2026-04-07 12:40:30 | INFO | [Round 7] Epoch 11/80 time=00:00.40 avg=00:00.37 ETA=00:25.64 | GPU MB alloc/reserved=69.9/854.0
2026-04-07 12:40:30 | INFO | [Round 7] epoch=12/80 loss=1.6550 acc=38.00 val_acc=nan data_t=0.0039s batch_t=0.0291s epoch_t=00:00.33 lr=0.000946 | GPU MB alloc/reserved=69.9/854.0
2026-04-07 12:40:30 | INFO | [Round 7] Epoch 12/80 time=00:00.33 avg=00:00.37 ETA=00:25.03 | GPU MB alloc/reserved=69.9/854.0
2026-04-07 12:40:30 | INFO | [Round 7] epoch=13/80 loss=1.6603 acc=39.42 val_acc=nan data_t=0.0051s batch_t=0.0085s epoch_t=00:00.14 lr=0.000937 | GPU MB alloc/reserved=69.9/854.0
2026-04-07 12:40:30 | INFO | [Round 7] Epoch 13/80 time=00:00.14 avg=00:00.35 ETA=00:23.47 | GPU MB alloc/reserved=69.9/854.0
2026-04-07 12:40:31 | INFO | [Round 7] epoch=14/80 loss=1.5942 acc=43.00 val_acc=nan data_t=0.0029s batch_t=0.0337s epoch_t=00:00.37 lr=0.000927 | GPU MB alloc/reserved=69.9/854.0
2026-04-07 12:40:31 | INFO | [Round 7] Epoch 14/80 time=00:00.37 avg=00:00.35 ETA=00:23.19 | GPU MB alloc/reserved=69.9/854.0
2026-04-07 12:40:31 | INFO | [Round 7] epoch=15/80 loss=1.5825 acc=43.00 val_acc=nan data_t=0.0031s batch_t=0.0339s epoch_t=00:00.37 lr=0.000917 | GPU MB alloc/reserved=69.9/854.0
2026-04-07 12:40:31 | INFO | [Round 7] Epoch 15/80 time=00:00.37 avg=00:00.35 ETA=00:22.92 | GPU MB alloc/reserved=69.9/854.0
2026-04-07 12:40:32 | INFO | [Round 7] epoch=16/80 loss=1.5364 acc=44.17 val_acc=nan data_t=0.0070s batch_t=0.0342s epoch_t=00:00.41 lr=0.000905 | GPU MB alloc/reserved=69.9/854.0
2026-04-07 12:40:32 | INFO | [Round 7] Epoch 16/80 time=00:00.41 avg=00:00.36 ETA=00:22.81 | GPU MB alloc/reserved=69.9/854.0
2026-04-07 12:40:32 | INFO | [Round 7] epoch=17/80 loss=1.5223 acc=44.83 val_acc=nan data_t=0.0066s batch_t=0.0339s epoch_t=00:00.41 lr=0.000894 | GPU MB alloc/reserved=69.9/854.0
2026-04-07 12:40:32 | INFO | [Round 7] Epoch 17/80 time=00:00.41 avg=00:00.36 ETA=00:22.63 | GPU MB alloc/reserved=69.9/854.0
2026-04-07 12:40:32 | INFO | [Round 7] epoch=18/80 loss=1.5192 acc=44.33 val_acc=nan data_t=0.0044s batch_t=0.0339s epoch_t=00:00.38 lr=0.000881 | GPU MB alloc/reserved=69.9/854.0
2026-04-07 12:40:32 | INFO | [Round 7] Epoch 18/80 time=00:00.38 avg=00:00.36 ETA=00:22.36 | GPU MB alloc/reserved=69.9/854.0
2026-04-07 12:40:33 | INFO | [Round 7] epoch=19/80 loss=1.4821 acc=45.67 val_acc=nan data_t=0.0039s batch_t=0.0252s epoch_t=00:00.29 lr=0.000868 | GPU MB alloc/reserved=69.9/854.0
2026-04-07 12:40:33 | INFO | [Round 7] Epoch 19/80 time=00:00.29 avg=00:00.36 ETA=00:21.77 | GPU MB alloc/reserved=69.9/854.0
2026-04-07 12:40:33 | INFO | [Round 7] epoch=20/80 loss=1.4693 acc=45.25 val_acc=nan data_t=0.0028s batch_t=0.0086s epoch_t=00:00.11 lr=0.000855 | GPU MB alloc/reserved=69.9/854.0
2026-04-07 12:40:33 | INFO | [Round 7] Epoch 20/80 time=00:00.11 avg=00:00.34 ETA=00:20.68 | GPU MB alloc/reserved=69.9/854.0
2026-04-07 12:40:33 | INFO | [Round 7] epoch=21/80 loss=1.4000 acc=48.33 val_acc=nan data_t=0.0034s batch_t=0.0341s epoch_t=00:00.38 lr=0.000841 | GPU MB alloc/reserved=69.9/854.0
2026-04-07 12:40:33 | INFO | [Round 7] Epoch 21/80 time=00:00.38 avg=00:00.35 ETA=00:20.43 | GPU MB alloc/reserved=69.9/854.0
2026-04-07 12:40:34 | INFO | [Round 7] epoch=22/80 loss=1.4090 acc=46.58 val_acc=nan data_t=0.0043s batch_t=0.0340s epoch_t=00:00.38 lr=0.000826 | GPU MB alloc/reserved=69.9/854.0
2026-04-07 12:40:34 | INFO | [Round 7] Epoch 22/80 time=00:00.38 avg=00:00.35 ETA=00:20.18 | GPU MB alloc/reserved=69.9/854.0
2026-04-07 12:40:34 | INFO | [Round 7] epoch=23/80 loss=1.4012 acc=47.67 val_acc=nan data_t=0.0050s batch_t=0.0341s epoch_t=00:00.39 lr=0.000811 | GPU MB alloc/reserved=69.9/854.0
2026-04-07 12:40:34 | INFO | [Round 7] Epoch 23/80 time=00:00.39 avg=00:00.35 ETA=00:19.94 | GPU MB alloc/reserved=69.9/854.0
2026-04-07 12:40:34 | INFO | [Round 7] epoch=24/80 loss=1.3783 acc=49.50 val_acc=nan data_t=0.0045s batch_t=0.0339s epoch_t=00:00.38 lr=0.000796 | GPU MB alloc/reserved=69.9/854.0
2026-04-07 12:40:34 | INFO | [Round 7] Epoch 24/80 time=00:00.38 avg=00:00.35 ETA=00:19.67 | GPU MB alloc/reserved=69.9/854.0
2026-04-07 12:40:35 | INFO | [Round 7] epoch=25/80 loss=1.3300 acc=49.58 val_acc=nan data_t=0.0043s batch_t=0.0340s epoch_t=00:00.38 lr=0.000780 | GPU MB alloc/reserved=69.9/854.0
2026-04-07 12:40:35 | INFO | [Round 7] Epoch 25/80 time=00:00.38 avg=00:00.35 ETA=00:19.39 | GPU MB alloc/reserved=69.9/854.0
2026-04-07 12:40:35 | INFO | [Round 7] epoch=26/80 loss=1.3382 acc=50.92 val_acc=nan data_t=0.0044s batch_t=0.0278s epoch_t=00:00.32 lr=0.000764 | GPU MB alloc/reserved=69.9/854.0
2026-04-07 12:40:35 | INFO | [Round 7] Epoch 26/80 time=00:00.32 avg=00:00.35 ETA=00:18.97 | GPU MB alloc/reserved=69.9/854.0
2026-04-07 12:40:35 | INFO | [Round 7] epoch=27/80 loss=1.3119 acc=49.83 val_acc=nan data_t=0.0049s batch_t=0.0098s epoch_t=00:00.15 lr=0.000747 | GPU MB alloc/reserved=69.9/854.0
2026-04-07 12:40:35 | INFO | [Round 7] Epoch 27/80 time=00:00.15 avg=00:00.34 ETA=00:18.22 | GPU MB alloc/reserved=69.9/854.0
2026-04-07 12:40:36 | INFO | [Round 7] epoch=28/80 loss=1.2883 acc=52.17 val_acc=nan data_t=0.0040s batch_t=0.0341s epoch_t=00:00.38 lr=0.000730 | GPU MB alloc/reserved=69.9/854.0
2026-04-07 12:40:36 | INFO | [Round 7] Epoch 28/80 time=00:00.38 avg=00:00.35 ETA=00:17.94 | GPU MB alloc/reserved=69.9/854.0
2026-04-07 12:40:36 | INFO | [Round 7] epoch=29/80 loss=1.3028 acc=51.08 val_acc=nan data_t=0.0045s batch_t=0.0341s epoch_t=00:00.39 lr=0.000712 | GPU MB alloc/reserved=69.9/854.0
2026-04-07 12:40:36 | INFO | [Round 7] Epoch 29/80 time=00:00.39 avg=00:00.35 ETA=00:17.67 | GPU MB alloc/reserved=69.9/854.0
2026-04-07 12:40:36 | INFO | [Round 7] epoch=30/80 loss=1.2771 acc=51.08 val_acc=nan data_t=0.0027s batch_t=0.0340s epoch_t=00:00.37 lr=0.000694 | GPU MB alloc/reserved=69.9/854.0
2026-04-07 12:40:36 | INFO | [Round 7] Epoch 30/80 time=00:00.37 avg=00:00.35 ETA=00:17.36 | GPU MB alloc/reserved=69.9/854.0
2026-04-07 12:40:37 | INFO | [Round 7] epoch=31/80 loss=1.2576 acc=54.00 val_acc=nan data_t=0.0046s batch_t=0.0340s epoch_t=00:00.39 lr=0.000676 | GPU MB alloc/reserved=69.9/854.0
2026-04-07 12:40:37 | INFO | [Round 7] Epoch 31/80 time=00:00.39 avg=00:00.35 ETA=00:17.07 | GPU MB alloc/reserved=69.9/854.0
2026-04-07 12:40:37 | INFO | [Round 7] epoch=32/80 loss=1.2133 acc=55.08 val_acc=nan data_t=0.0044s batch_t=0.0339s epoch_t=00:00.38 lr=0.000658 | GPU MB alloc/reserved=69.9/854.0
2026-04-07 12:40:37 | INFO | [Round 7] Epoch 32/80 time=00:00.38 avg=00:00.35 ETA=00:16.78 | GPU MB alloc/reserved=69.9/854.0
2026-04-07 12:40:37 | INFO | [Round 7] epoch=33/80 loss=1.1991 acc=54.00 val_acc=nan data_t=0.0028s batch_t=0.0284s epoch_t=00:00.31 lr=0.000639 | GPU MB alloc/reserved=69.9/854.0
2026-04-07 12:40:37 | INFO | [Round 7] Epoch 33/80 time=00:00.31 avg=00:00.35 ETA=00:16.37 | GPU MB alloc/reserved=69.9/854.0
2026-04-07 12:40:38 | INFO | [Round 7] epoch=34/80 loss=1.2096 acc=55.08 val_acc=nan data_t=0.0048s batch_t=0.0084s epoch_t=00:00.13 lr=0.000621 | GPU MB alloc/reserved=69.9/854.0
2026-04-07 12:40:38 | INFO | [Round 7] Epoch 34/80 time=00:00.13 avg=00:00.34 ETA=00:15.73 | GPU MB alloc/reserved=69.9/854.0
2026-04-07 12:40:38 | INFO | [Round 7] epoch=35/80 loss=1.1404 acc=58.50 val_acc=nan data_t=0.0028s batch_t=0.0340s epoch_t=00:00.37 lr=0.000602 | GPU MB alloc/reserved=69.9/854.0
2026-04-07 12:40:38 | INFO | [Round 7] Epoch 35/80 time=00:00.37 avg=00:00.34 ETA=00:15.43 | GPU MB alloc/reserved=69.9/854.0
2026-04-07 12:40:38 | INFO | [Round 7] epoch=36/80 loss=1.1906 acc=56.17 val_acc=nan data_t=0.0028s batch_t=0.0340s epoch_t=00:00.37 lr=0.000582 | GPU MB alloc/reserved=69.9/854.0
2026-04-07 12:40:38 | INFO | [Round 7] Epoch 36/80 time=00:00.37 avg=00:00.34 ETA=00:15.11 | GPU MB alloc/reserved=69.9/854.0
2026-04-07 12:40:39 | INFO | [Round 7] epoch=37/80 loss=1.1523 acc=56.08 val_acc=nan data_t=0.0044s batch_t=0.0340s epoch_t=00:00.38 lr=0.000563 | GPU MB alloc/reserved=69.9/854.0
2026-04-07 12:40:39 | INFO | [Round 7] Epoch 37/80 time=00:00.38 avg=00:00.34 ETA=00:14.82 | GPU MB alloc/reserved=69.9/854.0
2026-04-07 12:40:39 | INFO | [Round 7] epoch=38/80 loss=1.1286 acc=57.58 val_acc=nan data_t=0.0049s batch_t=0.0339s epoch_t=00:00.39 lr=0.000544 | GPU MB alloc/reserved=69.9/854.0
2026-04-07 12:40:39 | INFO | [Round 7] Epoch 38/80 time=00:00.39 avg=00:00.35 ETA=00:14.52 | GPU MB alloc/reserved=69.9/854.0
2026-04-07 12:40:39 | INFO | [Round 7] epoch=39/80 loss=1.1160 acc=59.00 val_acc=nan data_t=0.0040s batch_t=0.0340s epoch_t=00:00.38 lr=0.000524 | GPU MB alloc/reserved=69.9/854.0
2026-04-07 12:40:39 | INFO | [Round 7] Epoch 39/80 time=00:00.38 avg=00:00.35 ETA=00:14.21 | GPU MB alloc/reserved=69.9/854.0
2026-04-07 12:40:40 | INFO | [Round 7] epoch=40/80 loss=1.1051 acc=59.50 val_acc=nan data_t=0.0045s batch_t=0.0296s epoch_t=00:00.34 lr=0.000505 | GPU MB alloc/reserved=69.9/854.0
2026-04-07 12:40:40 | INFO | [Round 7] Epoch 40/80 time=00:00.34 avg=00:00.35 ETA=00:13.86 | GPU MB alloc/reserved=69.9/854.0
2026-04-07 12:40:40 | INFO | [Round 7] epoch=41/80 loss=1.1319 acc=56.42 val_acc=nan data_t=0.0050s batch_t=0.0084s epoch_t=00:00.13 lr=0.000486 | GPU MB alloc/reserved=69.9/854.0
2026-04-07 12:40:40 | INFO | [Round 7] Epoch 41/80 time=00:00.13 avg=00:00.34 ETA=00:13.31 | GPU MB alloc/reserved=69.9/854.0
2026-04-07 12:40:40 | INFO | [Round 7] epoch=42/80 loss=1.1001 acc=58.75 val_acc=nan data_t=0.0027s batch_t=0.0338s epoch_t=00:00.37 lr=0.000466 | GPU MB alloc/reserved=69.9/854.0
2026-04-07 12:40:40 | INFO | [Round 7] Epoch 42/80 time=00:00.37 avg=00:00.34 ETA=00:12.99 | GPU MB alloc/reserved=69.9/854.0
2026-04-07 12:40:41 | INFO | [Round 7] epoch=43/80 loss=1.0652 acc=60.75 val_acc=nan data_t=0.0030s batch_t=0.0339s epoch_t=00:00.37 lr=0.000447 | GPU MB alloc/reserved=69.9/854.0
2026-04-07 12:40:41 | INFO | [Round 7] Epoch 43/80 time=00:00.37 avg=00:00.34 ETA=00:12.67 | GPU MB alloc/reserved=69.9/854.0
2026-04-07 12:40:41 | INFO | [Round 7] epoch=44/80 loss=1.0584 acc=60.92 val_acc=nan data_t=0.0045s batch_t=0.0340s epoch_t=00:00.39 lr=0.000428 | GPU MB alloc/reserved=69.9/854.0
2026-04-07 12:40:41 | INFO | [Round 7] Epoch 44/80 time=00:00.39 avg=00:00.34 ETA=00:12.37 | GPU MB alloc/reserved=69.9/854.0
2026-04-07 12:40:41 | INFO | [Round 7] epoch=45/80 loss=1.0442 acc=61.17 val_acc=nan data_t=0.0044s batch_t=0.0340s epoch_t=00:00.38 lr=0.000408 | GPU MB alloc/reserved=69.9/854.0
2026-04-07 12:40:41 | INFO | [Round 7] Epoch 45/80 time=00:00.38 avg=00:00.34 ETA=00:12.05 | GPU MB alloc/reserved=69.9/854.0
2026-04-07 12:40:42 | INFO | [Round 7] epoch=46/80 loss=1.0216 acc=60.83 val_acc=nan data_t=0.0045s batch_t=0.0340s epoch_t=00:00.39 lr=0.000389 | GPU MB alloc/reserved=69.9/854.0
2026-04-07 12:40:42 | INFO | [Round 7] Epoch 46/80 time=00:00.39 avg=00:00.35 ETA=00:11.74 | GPU MB alloc/reserved=69.9/854.0
2026-04-07 12:40:42 | INFO | [Round 7] epoch=47/80 loss=1.0140 acc=61.17 val_acc=nan data_t=0.0043s batch_t=0.0310s epoch_t=00:00.35 lr=0.000371 | GPU MB alloc/reserved=69.9/854.0
2026-04-07 12:40:42 | INFO | [Round 7] Epoch 47/80 time=00:00.35 avg=00:00.35 ETA=00:11.40 | GPU MB alloc/reserved=69.9/854.0
2026-04-07 12:40:42 | INFO | [Round 7] epoch=48/80 loss=1.0069 acc=63.83 val_acc=nan data_t=0.0047s batch_t=0.0086s epoch_t=00:00.13 lr=0.000352 | GPU MB alloc/reserved=69.9/854.0
2026-04-07 12:40:42 | INFO | [Round 7] Epoch 48/80 time=00:00.13 avg=00:00.34 ETA=00:10.91 | GPU MB alloc/reserved=69.9/854.0
2026-04-07 12:40:43 | INFO | [Round 7] epoch=49/80 loss=0.9407 acc=64.92 val_acc=nan data_t=0.0028s batch_t=0.0336s epoch_t=00:00.36 lr=0.000334 | GPU MB alloc/reserved=69.9/854.0
2026-04-07 12:40:43 | INFO | [Round 7] Epoch 49/80 time=00:00.36 avg=00:00.34 ETA=00:10.59 | GPU MB alloc/reserved=69.9/854.0
2026-04-07 12:40:43 | INFO | [Round 7] epoch=50/80 loss=0.9787 acc=62.50 val_acc=nan data_t=0.0044s batch_t=0.0339s epoch_t=00:00.38 lr=0.000316 | GPU MB alloc/reserved=69.9/854.0
2026-04-07 12:40:43 | INFO | [Round 7] Epoch 50/80 time=00:00.38 avg=00:00.34 ETA=00:10.27 | GPU MB alloc/reserved=69.9/854.0
2026-04-07 12:40:43 | INFO | [Round 7] epoch=51/80 loss=0.9680 acc=62.67 val_acc=nan data_t=0.0041s batch_t=0.0340s epoch_t=00:00.38 lr=0.000298 | GPU MB alloc/reserved=69.9/854.0
2026-04-07 12:40:43 | INFO | [Round 7] Epoch 51/80 time=00:00.38 avg=00:00.34 ETA=00:09.95 | GPU MB alloc/reserved=69.9/854.0
2026-04-07 12:40:44 | INFO | [Round 7] epoch=52/80 loss=0.9810 acc=62.42 val_acc=nan data_t=0.0041s batch_t=0.0339s epoch_t=00:00.38 lr=0.000280 | GPU MB alloc/reserved=69.9/854.0
2026-04-07 12:40:44 | INFO | [Round 7] Epoch 52/80 time=00:00.38 avg=00:00.34 ETA=00:09.63 | GPU MB alloc/reserved=69.9/854.0
2026-04-07 12:40:44 | INFO | [Round 7] epoch=53/80 loss=0.9781 acc=63.33 val_acc=nan data_t=0.0039s batch_t=0.0339s epoch_t=00:00.38 lr=0.000263 | GPU MB alloc/reserved=69.9/854.0
2026-04-07 12:40:44 | INFO | [Round 7] Epoch 53/80 time=00:00.38 avg=00:00.34 ETA=00:09.30 | GPU MB alloc/reserved=69.9/854.0
2026-04-07 12:40:45 | INFO | [Round 7] epoch=54/80 loss=0.9282 acc=65.17 val_acc=nan data_t=0.0041s batch_t=0.0324s epoch_t=00:00.37 lr=0.000246 | GPU MB alloc/reserved=69.9/854.0
2026-04-07 12:40:45 | INFO | [Round 7] Epoch 54/80 time=00:00.37 avg=00:00.34 ETA=00:08.97 | GPU MB alloc/reserved=69.9/854.0
2026-04-07 12:40:45 | INFO | [Round 7] epoch=55/80 loss=0.9177 acc=65.83 val_acc=nan data_t=0.0045s batch_t=0.0084s epoch_t=00:00.13 lr=0.000230 | GPU MB alloc/reserved=69.9/854.0
2026-04-07 12:40:45 | INFO | [Round 7] Epoch 55/80 time=00:00.13 avg=00:00.34 ETA=00:08.52 | GPU MB alloc/reserved=69.9/854.0
2026-04-07 12:40:45 | INFO | [Round 7] epoch=56/80 loss=0.9529 acc=64.08 val_acc=nan data_t=0.0036s batch_t=0.0337s epoch_t=00:00.37 lr=0.000214 | GPU MB alloc/reserved=69.9/854.0
2026-04-07 12:40:45 | INFO | [Round 7] Epoch 56/80 time=00:00.37 avg=00:00.34 ETA=00:08.20 | GPU MB alloc/reserved=69.9/854.0
2026-04-07 12:40:45 | INFO | [Round 7] epoch=57/80 loss=0.8595 acc=68.00 val_acc=nan data_t=0.0039s batch_t=0.0339s epoch_t=00:00.38 lr=0.000199 | GPU MB alloc/reserved=69.9/854.0
2026-04-07 12:40:45 | INFO | [Round 7] Epoch 57/80 time=00:00.38 avg=00:00.34 ETA=00:07.87 | GPU MB alloc/reserved=69.9/854.0
2026-04-07 12:40:46 | INFO | [Round 7] epoch=58/80 loss=0.9052 acc=66.83 val_acc=nan data_t=0.0042s batch_t=0.0340s epoch_t=00:00.38 lr=0.000184 | GPU MB alloc/reserved=69.9/854.0
2026-04-07 12:40:46 | INFO | [Round 7] Epoch 58/80 time=00:00.38 avg=00:00.34 ETA=00:07.54 | GPU MB alloc/reserved=69.9/854.0
2026-04-07 12:40:46 | INFO | [Round 7] epoch=59/80 loss=0.8894 acc=67.50 val_acc=nan data_t=0.0030s batch_t=0.0339s epoch_t=00:00.37 lr=0.000169 | GPU MB alloc/reserved=69.9/854.0
2026-04-07 12:40:46 | INFO | [Round 7] Epoch 59/80 time=00:00.37 avg=00:00.34 ETA=00:07.21 | GPU MB alloc/reserved=69.9/854.0
2026-04-07 12:40:47 | INFO | [Round 7] epoch=60/80 loss=0.8618 acc=66.58 val_acc=nan data_t=0.0042s batch_t=0.0340s epoch_t=00:00.38 lr=0.000155 | GPU MB alloc/reserved=69.9/854.0
2026-04-07 12:40:47 | INFO | [Round 7] Epoch 60/80 time=00:00.38 avg=00:00.34 ETA=00:06.88 | GPU MB alloc/reserved=69.9/854.0
2026-04-07 12:40:47 | INFO | [Round 7] epoch=61/80 loss=0.8612 acc=67.58 val_acc=nan data_t=0.0043s batch_t=0.0326s epoch_t=00:00.37 lr=0.000142 | GPU MB alloc/reserved=69.9/854.0
2026-04-07 12:40:47 | INFO | [Round 7] Epoch 61/80 time=00:00.37 avg=00:00.34 ETA=00:06.54 | GPU MB alloc/reserved=69.9/854.0
2026-04-07 12:40:47 | INFO | [Round 7] epoch=62/80 loss=0.8630 acc=67.58 val_acc=nan data_t=0.0047s batch_t=0.0086s epoch_t=00:00.13 lr=0.000129 | GPU MB alloc/reserved=69.9/854.0
2026-04-07 12:40:47 | INFO | [Round 7] Epoch 62/80 time=00:00.13 avg=00:00.34 ETA=00:06.14 | GPU MB alloc/reserved=69.9/854.0
2026-04-07 12:40:47 | INFO | [Round 7] epoch=63/80 loss=0.8512 acc=68.58 val_acc=nan data_t=0.0027s batch_t=0.0326s epoch_t=00:00.35 lr=0.000116 | GPU MB alloc/reserved=69.9/854.0
2026-04-07 12:40:47 | INFO | [Round 7] Epoch 63/80 time=00:00.35 avg=00:00.34 ETA=00:05.80 | GPU MB alloc/reserved=69.9/854.0
2026-04-07 12:40:48 | INFO | [Round 7] epoch=64/80 loss=0.8569 acc=68.42 val_acc=nan data_t=0.0029s batch_t=0.0340s epoch_t=00:00.37 lr=0.000105 | GPU MB alloc/reserved=69.9/854.0
2026-04-07 12:40:48 | INFO | [Round 7] Epoch 64/80 time=00:00.37 avg=00:00.34 ETA=00:05.46 | GPU MB alloc/reserved=69.9/854.0
2026-04-07 12:40:48 | INFO | [Round 7] epoch=65/80 loss=0.8657 acc=67.67 val_acc=nan data_t=0.0039s batch_t=0.0338s epoch_t=00:00.38 lr=0.000093 | GPU MB alloc/reserved=69.9/854.0
2026-04-07 12:40:48 | INFO | [Round 7] Epoch 65/80 time=00:00.38 avg=00:00.34 ETA=00:05.13 | GPU MB alloc/reserved=69.9/854.0
2026-04-07 12:40:49 | INFO | [Round 7] epoch=66/80 loss=0.8281 acc=69.17 val_acc=nan data_t=0.0040s batch_t=0.0340s epoch_t=00:00.38 lr=0.000083 | GPU MB alloc/reserved=69.9/854.0
2026-04-07 12:40:49 | INFO | [Round 7] Epoch 66/80 time=00:00.38 avg=00:00.34 ETA=00:04.80 | GPU MB alloc/reserved=69.9/854.0
2026-04-07 12:40:49 | INFO | [Round 7] epoch=67/80 loss=0.8662 acc=68.83 val_acc=nan data_t=0.0040s batch_t=0.0340s epoch_t=00:00.38 lr=0.000073 | GPU MB alloc/reserved=69.9/854.0
2026-04-07 12:40:49 | INFO | [Round 7] Epoch 67/80 time=00:00.38 avg=00:00.34 ETA=00:04.46 | GPU MB alloc/reserved=69.9/854.0
2026-04-07 12:40:49 | INFO | [Round 7] epoch=68/80 loss=0.8431 acc=68.67 val_acc=nan data_t=0.0040s batch_t=0.0340s epoch_t=00:00.38 lr=0.000064 | GPU MB alloc/reserved=69.9/854.0
2026-04-07 12:40:49 | INFO | [Round 7] Epoch 68/80 time=00:00.38 avg=00:00.34 ETA=00:04.13 | GPU MB alloc/reserved=69.9/854.0
2026-04-07 12:40:49 | INFO | [Round 7] epoch=69/80 loss=0.8222 acc=70.33 val_acc=nan data_t=0.0043s batch_t=0.0091s epoch_t=00:00.13 lr=0.000055 | GPU MB alloc/reserved=69.9/854.0
2026-04-07 12:40:49 | INFO | [Round 7] Epoch 69/80 time=00:00.13 avg=00:00.34 ETA=00:03.75 | GPU MB alloc/reserved=69.9/854.0
2026-04-07 12:40:50 | INFO | [Round 7] epoch=70/80 loss=0.8175 acc=69.75 val_acc=nan data_t=0.0028s batch_t=0.0295s epoch_t=00:00.32 lr=0.000048 | GPU MB alloc/reserved=69.9/854.0
2026-04-07 12:40:50 | INFO | [Round 7] Epoch 70/80 time=00:00.32 avg=00:00.34 ETA=00:03.41 | GPU MB alloc/reserved=69.9/854.0
2026-04-07 12:40:50 | INFO | [Round 7] epoch=71/80 loss=0.8276 acc=69.25 val_acc=nan data_t=0.0041s batch_t=0.0339s epoch_t=00:00.38 lr=0.000041 | GPU MB alloc/reserved=69.9/854.0
2026-04-07 12:40:50 | INFO | [Round 7] Epoch 71/80 time=00:00.38 avg=00:00.34 ETA=00:03.07 | GPU MB alloc/reserved=69.9/854.0
2026-04-07 12:40:51 | INFO | [Round 7] epoch=72/80 loss=0.8115 acc=71.00 val_acc=nan data_t=0.0041s batch_t=0.0339s epoch_t=00:00.38 lr=0.000034 | GPU MB alloc/reserved=69.9/854.0
2026-04-07 12:40:51 | INFO | [Round 7] Epoch 72/80 time=00:00.38 avg=00:00.34 ETA=00:02.73 | GPU MB alloc/reserved=69.9/854.0
2026-04-07 12:40:51 | INFO | [Round 7] epoch=73/80 loss=0.8155 acc=70.08 val_acc=nan data_t=0.0040s batch_t=0.0341s epoch_t=00:00.38 lr=0.000029 | GPU MB alloc/reserved=69.9/854.0
2026-04-07 12:40:51 | INFO | [Round 7] Epoch 73/80 time=00:00.38 avg=00:00.34 ETA=00:02.40 | GPU MB alloc/reserved=69.9/854.0
2026-04-07 12:40:51 | INFO | [Round 7] epoch=74/80 loss=0.7892 acc=71.92 val_acc=nan data_t=0.0040s batch_t=0.0341s epoch_t=00:00.38 lr=0.000024 | GPU MB alloc/reserved=69.9/854.0
2026-04-07 12:40:51 | INFO | [Round 7] Epoch 74/80 time=00:00.38 avg=00:00.34 ETA=00:02.06 | GPU MB alloc/reserved=69.9/854.0
2026-04-07 12:40:52 | INFO | [Round 7] epoch=75/80 loss=0.8163 acc=70.92 val_acc=nan data_t=0.0040s batch_t=0.0342s epoch_t=00:00.38 lr=0.000020 | GPU MB alloc/reserved=69.9/854.0
2026-04-07 12:40:52 | INFO | [Round 7] Epoch 75/80 time=00:00.38 avg=00:00.34 ETA=00:01.72 | GPU MB alloc/reserved=69.9/854.0
2026-04-07 12:40:52 | INFO | [Round 7] epoch=76/80 loss=0.8149 acc=70.67 val_acc=nan data_t=0.0040s batch_t=0.0086s epoch_t=00:00.13 lr=0.000016 | GPU MB alloc/reserved=69.9/854.0
2026-04-07 12:40:52 | INFO | [Round 7] Epoch 76/80 time=00:00.13 avg=00:00.34 ETA=00:01.36 | GPU MB alloc/reserved=69.9/854.0
2026-04-07 12:40:52 | INFO | [Round 7] epoch=77/80 loss=0.7723 acc=70.75 val_acc=nan data_t=0.0033s batch_t=0.0241s epoch_t=00:00.27 lr=0.000013 | GPU MB alloc/reserved=69.9/854.0
2026-04-07 12:40:52 | INFO | [Round 7] Epoch 77/80 time=00:00.27 avg=00:00.34 ETA=00:01.02 | GPU MB alloc/reserved=69.9/854.0
2026-04-07 12:40:52 | INFO | [Round 7] epoch=78/80 loss=0.7923 acc=70.25 val_acc=nan data_t=0.0029s batch_t=0.0339s epoch_t=00:00.37 lr=0.000012 | GPU MB alloc/reserved=69.9/854.0
2026-04-07 12:40:52 | INFO | [Round 7] Epoch 78/80 time=00:00.37 avg=00:00.34 ETA=00:00.68 | GPU MB alloc/reserved=69.9/854.0
2026-04-07 12:40:53 | INFO | [Round 7] epoch=79/80 loss=0.8077 acc=69.75 val_acc=nan data_t=0.0040s batch_t=0.0340s epoch_t=00:00.38 lr=0.000010 | GPU MB alloc/reserved=69.9/854.0
2026-04-07 12:40:53 | INFO | [Round 7] Epoch 79/80 time=00:00.38 avg=00:00.34 ETA=00:00.34 | GPU MB alloc/reserved=69.9/854.0
2026-04-07 12:40:53 | INFO | [Round 7] epoch=80/80 loss=0.7885 acc=70.67 val_acc=nan data_t=0.0040s batch_t=0.0341s epoch_t=00:00.38 lr=0.000010 | GPU MB alloc/reserved=69.9/854.0
2026-04-07 12:40:53 | INFO | [Round 7] Epoch 80/80 time=00:00.38 avg=00:00.34 ETA=00:00.00 | GPU MB alloc/reserved=69.9/854.0
2026-04-07 12:40:53 | INFO | [Round 7] training complete in 00:27.38 (best monitor=71.917) | GPU MB alloc/reserved=69.9/854.0
2026-04-07 12:40:53 | INFO | [Round 7] evaluation started | GPU MB alloc/reserved=52.0/854.0
2026-04-07 12:40:56 | INFO | [Round 7] clean=53.44 fgsm=44.31 pgd=44.21 grad_disp_mean=nan grad_disp_sel=nan round_t=31.80s | GPU MB alloc/reserved=52.0/854.0
2026-04-07 12:40:56 | INFO | [Round 8/21] elapsed=00:31.80 avg_round=00:24.83 projected_remaining=05:22.73 | GPU MB alloc/reserved=52.0/854.0
2026-04-07 12:40:57 | INFO | [Round 8] acquisition on pool_size=48800 scored_pool=5000 budget=100 | GPU MB alloc/reserved=34.1/854.0
2026-04-07 12:40:57 | INFO | [CoreSet-unlabeled-feat] scoring progress 10/20 elapsed=00:00.20 avg/batch=0.020s ETA=00:00.20 | GPU MB alloc/reserved=40.6/854.0
2026-04-07 12:40:57 | INFO | [CoreSet-unlabeled-feat] scoring progress 20/20 elapsed=00:00.22 avg/batch=0.011s ETA=00:00.00 | GPU MB alloc/reserved=40.6/854.0
2026-04-07 12:40:57 | INFO | [CoreSet-labeled-feat] scoring progress 5/5 elapsed=00:00.19 avg/batch=0.038s ETA=00:00.00 | GPU MB alloc/reserved=43.2/854.0
2026-04-07 12:40:57 | INFO | [CoreSet] greedy 10/100 cover_radius=26.731184 | GPU: n/a
2026-04-07 12:40:57 | INFO | [CoreSet] greedy 20/100 cover_radius=25.526592 | GPU: n/a
2026-04-07 12:40:58 | INFO | [CoreSet] greedy 30/100 cover_radius=24.770653 | GPU: n/a
2026-04-07 12:40:58 | INFO | [CoreSet] greedy 40/100 cover_radius=24.441126 | GPU: n/a
2026-04-07 12:40:58 | INFO | [CoreSet] greedy 50/100 cover_radius=24.032820 | GPU: n/a
2026-04-07 12:40:58 | INFO | [CoreSet] greedy 60/100 cover_radius=23.855364 | GPU: n/a
2026-04-07 12:40:58 | INFO | [CoreSet] greedy 70/100 cover_radius=23.622108 | GPU: n/a
2026-04-07 12:40:58 | INFO | [CoreSet] greedy 80/100 cover_radius=23.447269 | GPU: n/a
2026-04-07 12:40:58 | INFO | [CoreSet] greedy 90/100 cover_radius=23.308474 | GPU: n/a
2026-04-07 12:40:58 | INFO | [CoreSet] greedy 100/100 cover_radius=23.196558 | GPU: n/a
2026-04-07 12:40:59 | INFO | [Round 8] labeled=1300 train=1300 val_fixed=0 | GPU MB alloc/reserved=43.1/854.0
2026-04-07 12:40:59 | INFO | [Round 8] epoch=1/80 loss=6.5793 acc=18.31 val_acc=nan data_t=0.0172s batch_t=0.0368s epoch_t=00:00.59 lr=0.001000 | GPU MB alloc/reserved=69.9/854.0
2026-04-07 12:40:59 | INFO | [Round 8] Epoch 1/80 time=00:00.59 avg=00:00.59 ETA=00:46.93 | GPU MB alloc/reserved=69.9/854.0
2026-04-07 12:41:00 | INFO | [Round 8] epoch=2/80 loss=2.2132 acc=23.62 val_acc=nan data_t=0.0030s batch_t=0.0342s epoch_t=00:00.41 lr=0.000998 | GPU MB alloc/reserved=69.9/854.0
2026-04-07 12:41:00 | INFO | [Round 8] Epoch 2/80 time=00:00.41 avg=00:00.50 ETA=00:39.11 | GPU MB alloc/reserved=69.9/854.0
2026-04-07 12:41:00 | INFO | [Round 8] epoch=3/80 loss=2.0416 acc=26.38 val_acc=nan data_t=0.0039s batch_t=0.0338s epoch_t=00:00.42 lr=0.000997 | GPU MB alloc/reserved=69.9/854.0
2026-04-07 12:41:00 | INFO | [Round 8] Epoch 3/80 time=00:00.42 avg=00:00.47 ETA=00:36.39 | GPU MB alloc/reserved=69.9/854.0
2026-04-07 12:41:00 | INFO | [Round 8] epoch=4/80 loss=1.9926 acc=27.31 val_acc=nan data_t=0.0040s batch_t=0.0342s epoch_t=00:00.42 lr=0.000994 | GPU MB alloc/reserved=69.9/854.0
2026-04-07 12:41:00 | INFO | [Round 8] Epoch 4/80 time=00:00.42 avg=00:00.46 ETA=00:34.93 | GPU MB alloc/reserved=69.9/854.0
2026-04-07 12:41:01 | INFO | [Round 8] epoch=5/80 loss=1.9608 acc=28.46 val_acc=nan data_t=0.0037s batch_t=0.0340s epoch_t=00:00.42 lr=0.000990 | GPU MB alloc/reserved=69.9/854.0
2026-04-07 12:41:01 | INFO | [Round 8] Epoch 5/80 time=00:00.42 avg=00:00.45 ETA=00:33.80 | GPU MB alloc/reserved=69.9/854.0
2026-04-07 12:41:01 | INFO | [Round 8] epoch=6/80 loss=1.9046 acc=30.85 val_acc=nan data_t=0.0036s batch_t=0.0116s epoch_t=00:00.17 lr=0.000986 | GPU MB alloc/reserved=69.9/854.0
2026-04-07 12:41:01 | INFO | [Round 8] Epoch 6/80 time=00:00.17 avg=00:00.40 ETA=00:29.87 | GPU MB alloc/reserved=69.9/854.0
2026-04-07 12:41:01 | INFO | [Round 8] epoch=7/80 loss=1.8586 acc=32.77 val_acc=nan data_t=0.0031s batch_t=0.0205s epoch_t=00:00.26 lr=0.000981 | GPU MB alloc/reserved=69.9/854.0
2026-04-07 12:41:01 | INFO | [Round 8] Epoch 7/80 time=00:00.26 avg=00:00.38 ETA=00:27.96 | GPU MB alloc/reserved=69.9/854.0
2026-04-07 12:41:02 | INFO | [Round 8] epoch=8/80 loss=1.8576 acc=32.85 val_acc=nan data_t=0.0052s batch_t=0.0338s epoch_t=00:00.43 lr=0.000976 | GPU MB alloc/reserved=69.9/854.0
2026-04-07 12:41:02 | INFO | [Round 8] Epoch 8/80 time=00:00.43 avg=00:00.39 ETA=00:28.00 | GPU MB alloc/reserved=69.9/854.0
2026-04-07 12:41:02 | INFO | [Round 8] epoch=9/80 loss=1.8268 acc=31.77 val_acc=nan data_t=0.0034s batch_t=0.0339s epoch_t=00:00.41 lr=0.000969 | GPU MB alloc/reserved=69.9/854.0
2026-04-07 12:41:02 | INFO | [Round 8] Epoch 9/80 time=00:00.41 avg=00:00.39 ETA=00:27.78 | GPU MB alloc/reserved=69.9/854.0
2026-04-07 12:41:02 | INFO | [Round 8] epoch=10/80 loss=1.7731 acc=33.92 val_acc=nan data_t=0.0034s batch_t=0.0340s epoch_t=00:00.41 lr=0.000962 | GPU MB alloc/reserved=69.9/854.0
2026-04-07 12:41:02 | INFO | [Round 8] Epoch 10/80 time=00:00.41 avg=00:00.39 ETA=00:27.53 | GPU MB alloc/reserved=69.9/854.0
2026-04-07 12:41:03 | INFO | [Round 8] epoch=11/80 loss=1.7422 acc=35.85 val_acc=nan data_t=0.0041s batch_t=0.0340s epoch_t=00:00.42 lr=0.000955 | GPU MB alloc/reserved=69.9/854.0
2026-04-07 12:41:03 | INFO | [Round 8] Epoch 11/80 time=00:00.42 avg=00:00.40 ETA=00:27.29 | GPU MB alloc/reserved=69.9/854.0
2026-04-07 12:41:03 | INFO | [Round 8] epoch=12/80 loss=1.6993 acc=36.46 val_acc=nan data_t=0.0036s batch_t=0.0308s epoch_t=00:00.38 lr=0.000946 | GPU MB alloc/reserved=69.9/854.0
2026-04-07 12:41:03 | INFO | [Round 8] Epoch 12/80 time=00:00.38 avg=00:00.39 ETA=00:26.80 | GPU MB alloc/reserved=69.9/854.0
2026-04-07 12:41:03 | INFO | [Round 8] epoch=13/80 loss=1.6739 acc=37.38 val_acc=nan data_t=0.0034s batch_t=0.0089s epoch_t=00:00.14 lr=0.000937 | GPU MB alloc/reserved=69.9/854.0
2026-04-07 12:41:03 | INFO | [Round 8] Epoch 13/80 time=00:00.14 avg=00:00.37 ETA=00:25.07 | GPU MB alloc/reserved=69.9/854.0
2026-04-07 12:41:04 | INFO | [Round 8] epoch=14/80 loss=1.6547 acc=37.31 val_acc=nan data_t=0.0025s batch_t=0.0337s epoch_t=00:00.40 lr=0.000927 | GPU MB alloc/reserved=69.9/854.0
2026-04-07 12:41:04 | INFO | [Round 8] Epoch 14/80 time=00:00.40 avg=00:00.38 ETA=00:24.81 | GPU MB alloc/reserved=69.9/854.0
2026-04-07 12:41:04 | INFO | [Round 8] epoch=15/80 loss=1.6245 acc=40.69 val_acc=nan data_t=0.0038s batch_t=0.0340s epoch_t=00:00.42 lr=0.000917 | GPU MB alloc/reserved=69.9/854.0
2026-04-07 12:41:04 | INFO | [Round 8] Epoch 15/80 time=00:00.42 avg=00:00.38 ETA=00:24.61 | GPU MB alloc/reserved=69.9/854.0
2026-04-07 12:41:05 | INFO | [Round 8] epoch=16/80 loss=1.6052 acc=39.85 val_acc=nan data_t=0.0038s batch_t=0.0339s epoch_t=00:00.41 lr=0.000905 | GPU MB alloc/reserved=69.9/854.0
2026-04-07 12:41:05 | INFO | [Round 8] Epoch 16/80 time=00:00.41 avg=00:00.38 ETA=00:24.37 | GPU MB alloc/reserved=69.9/854.0
2026-04-07 12:41:05 | INFO | [Round 8] epoch=17/80 loss=1.5711 acc=42.08 val_acc=nan data_t=0.0035s batch_t=0.0339s epoch_t=00:00.41 lr=0.000894 | GPU MB alloc/reserved=69.9/854.0
2026-04-07 12:41:05 | INFO | [Round 8] Epoch 17/80 time=00:00.41 avg=00:00.38 ETA=00:24.11 | GPU MB alloc/reserved=69.9/854.0
2026-04-07 12:41:05 | INFO | [Round 8] epoch=18/80 loss=1.5400 acc=42.46 val_acc=nan data_t=0.0040s batch_t=0.0338s epoch_t=00:00.42 lr=0.000881 | GPU MB alloc/reserved=69.9/854.0
2026-04-07 12:41:05 | INFO | [Round 8] Epoch 18/80 time=00:00.42 avg=00:00.38 ETA=00:23.84 | GPU MB alloc/reserved=69.9/854.0
2026-04-07 12:41:06 | INFO | [Round 8] epoch=19/80 loss=1.5252 acc=42.00 val_acc=nan data_t=0.0036s batch_t=0.0171s epoch_t=00:00.23 lr=0.000868 | GPU MB alloc/reserved=69.9/854.0
2026-04-07 12:41:06 | INFO | [Round 8] Epoch 19/80 time=00:00.23 avg=00:00.38 ETA=00:22.95 | GPU MB alloc/reserved=69.9/854.0
2026-04-07 12:41:06 | INFO | [Round 8] epoch=20/80 loss=1.5323 acc=41.85 val_acc=nan data_t=0.0025s batch_t=0.0114s epoch_t=00:00.15 lr=0.000855 | GPU MB alloc/reserved=69.9/854.0
2026-04-07 12:41:06 | INFO | [Round 8] Epoch 20/80 time=00:00.15 avg=00:00.37 ETA=00:21.91 | GPU MB alloc/reserved=69.9/854.0
2026-04-07 12:41:06 | INFO | [Round 8] epoch=21/80 loss=1.5024 acc=43.31 val_acc=nan data_t=0.0028s batch_t=0.0339s epoch_t=00:00.40 lr=0.000841 | GPU MB alloc/reserved=69.9/854.0
2026-04-07 12:41:06 | INFO | [Round 8] Epoch 21/80 time=00:00.40 avg=00:00.37 ETA=00:21.65 | GPU MB alloc/reserved=69.9/854.0
2026-04-07 12:41:07 | INFO | [Round 8] epoch=22/80 loss=1.4701 acc=44.46 val_acc=nan data_t=0.0026s batch_t=0.0340s epoch_t=00:00.40 lr=0.000826 | GPU MB alloc/reserved=69.9/854.0
2026-04-07 12:41:07 | INFO | [Round 8] Epoch 22/80 time=00:00.40 avg=00:00.37 ETA=00:21.37 | GPU MB alloc/reserved=69.9/854.0
2026-04-07 12:41:07 | INFO | [Round 8] epoch=23/80 loss=1.4620 acc=46.54 val_acc=nan data_t=0.0037s batch_t=0.0339s epoch_t=00:00.41 lr=0.000811 | GPU MB alloc/reserved=69.9/854.0
2026-04-07 12:41:07 | INFO | [Round 8] Epoch 23/80 time=00:00.41 avg=00:00.37 ETA=00:21.12 | GPU MB alloc/reserved=69.9/854.0
2026-04-07 12:41:08 | INFO | [Round 8] epoch=24/80 loss=1.4866 acc=44.69 val_acc=nan data_t=0.0036s batch_t=0.0338s epoch_t=00:00.41 lr=0.000796 | GPU MB alloc/reserved=69.9/854.0
2026-04-07 12:41:08 | INFO | [Round 8] Epoch 24/80 time=00:00.41 avg=00:00.37 ETA=00:20.84 | GPU MB alloc/reserved=69.9/854.0
2026-04-07 12:41:08 | INFO | [Round 8] epoch=25/80 loss=1.4584 acc=45.69 val_acc=nan data_t=0.0024s batch_t=0.0339s epoch_t=00:00.40 lr=0.000780 | GPU MB alloc/reserved=69.9/854.0
2026-04-07 12:41:08 | INFO | [Round 8] Epoch 25/80 time=00:00.40 avg=00:00.37 ETA=00:20.53 | GPU MB alloc/reserved=69.9/854.0
2026-04-07 12:41:08 | INFO | [Round 8] epoch=26/80 loss=1.4306 acc=46.92 val_acc=nan data_t=0.0025s batch_t=0.0151s epoch_t=00:00.19 lr=0.000764 | GPU MB alloc/reserved=69.9/854.0
2026-04-07 12:41:08 | INFO | [Round 8] Epoch 26/80 time=00:00.19 avg=00:00.37 ETA=00:19.78 | GPU MB alloc/reserved=69.9/854.0
2026-04-07 12:41:08 | INFO | [Round 8] epoch=27/80 loss=1.4330 acc=45.85 val_acc=nan data_t=0.0045s batch_t=0.0204s epoch_t=00:00.27 lr=0.000747 | GPU MB alloc/reserved=69.9/854.0
2026-04-07 12:41:08 | INFO | [Round 8] Epoch 27/80 time=00:00.27 avg=00:00.36 ETA=00:19.24 | GPU MB alloc/reserved=69.9/854.0
2026-04-07 12:41:09 | INFO | [Round 8] epoch=28/80 loss=1.3880 acc=49.08 val_acc=nan data_t=0.0024s batch_t=0.0338s epoch_t=00:00.40 lr=0.000730 | GPU MB alloc/reserved=69.9/854.0
2026-04-07 12:41:09 | INFO | [Round 8] Epoch 28/80 time=00:00.40 avg=00:00.36 ETA=00:18.94 | GPU MB alloc/reserved=69.9/854.0
2026-04-07 12:41:09 | INFO | [Round 8] epoch=29/80 loss=1.3482 acc=50.31 val_acc=nan data_t=0.0034s batch_t=0.0339s epoch_t=00:00.41 lr=0.000712 | GPU MB alloc/reserved=69.9/854.0
2026-04-07 12:41:09 | INFO | [Round 8] Epoch 29/80 time=00:00.41 avg=00:00.37 ETA=00:18.66 | GPU MB alloc/reserved=69.9/854.0
2026-04-07 12:41:10 | INFO | [Round 8] epoch=30/80 loss=1.3694 acc=48.46 val_acc=nan data_t=0.0035s batch_t=0.0338s epoch_t=00:00.41 lr=0.000694 | GPU MB alloc/reserved=69.9/854.0
2026-04-07 12:41:10 | INFO | [Round 8] Epoch 30/80 time=00:00.41 avg=00:00.37 ETA=00:18.37 | GPU MB alloc/reserved=69.9/854.0
2026-04-07 12:41:10 | INFO | [Round 8] epoch=31/80 loss=1.3924 acc=47.46 val_acc=nan data_t=0.0030s batch_t=0.0340s epoch_t=00:00.41 lr=0.000676 | GPU MB alloc/reserved=69.9/854.0
2026-04-07 12:41:10 | INFO | [Round 8] Epoch 31/80 time=00:00.41 avg=00:00.37 ETA=00:18.06 | GPU MB alloc/reserved=69.9/854.0
2026-04-07 12:41:10 | INFO | [Round 8] epoch=32/80 loss=1.3686 acc=51.85 val_acc=nan data_t=0.0028s batch_t=0.0338s epoch_t=00:00.40 lr=0.000658 | GPU MB alloc/reserved=69.9/854.0
2026-04-07 12:41:10 | INFO | [Round 8] Epoch 32/80 time=00:00.40 avg=00:00.37 ETA=00:17.74 | GPU MB alloc/reserved=69.9/854.0
2026-04-07 12:41:11 | INFO | [Round 8] epoch=33/80 loss=1.3322 acc=50.77 val_acc=nan data_t=0.0028s batch_t=0.0086s epoch_t=00:00.13 lr=0.000639 | GPU MB alloc/reserved=69.9/854.0
2026-04-07 12:41:11 | INFO | [Round 8] Epoch 33/80 time=00:00.13 avg=00:00.36 ETA=00:17.03 | GPU MB alloc/reserved=69.9/854.0
2026-04-07 12:41:11 | INFO | [Round 8] epoch=34/80 loss=1.3042 acc=52.23 val_acc=nan data_t=0.0027s batch_t=0.0298s epoch_t=00:00.36 lr=0.000621 | GPU MB alloc/reserved=69.9/854.0
2026-04-07 12:41:11 | INFO | [Round 8] Epoch 34/80 time=00:00.36 avg=00:00.36 ETA=00:16.66 | GPU MB alloc/reserved=69.9/854.0
2026-04-07 12:41:11 | INFO | [Round 8] epoch=35/80 loss=1.3014 acc=51.46 val_acc=nan data_t=0.0026s batch_t=0.0339s epoch_t=00:00.40 lr=0.000602 | GPU MB alloc/reserved=69.9/854.0
2026-04-07 12:41:11 | INFO | [Round 8] Epoch 35/80 time=00:00.40 avg=00:00.36 ETA=00:16.35 | GPU MB alloc/reserved=69.9/854.0
2026-04-07 12:41:12 | INFO | [Round 8] epoch=36/80 loss=1.2899 acc=51.00 val_acc=nan data_t=0.0040s batch_t=0.0339s epoch_t=00:00.42 lr=0.000582 | GPU MB alloc/reserved=69.9/854.0
2026-04-07 12:41:12 | INFO | [Round 8] Epoch 36/80 time=00:00.42 avg=00:00.36 ETA=00:16.05 | GPU MB alloc/reserved=69.9/854.0
2026-04-07 12:41:12 | INFO | [Round 8] epoch=37/80 loss=1.2307 acc=54.23 val_acc=nan data_t=0.0037s batch_t=0.0339s epoch_t=00:00.41 lr=0.000563 | GPU MB alloc/reserved=69.9/854.0
2026-04-07 12:41:12 | INFO | [Round 8] Epoch 37/80 time=00:00.41 avg=00:00.37 ETA=00:15.74 | GPU MB alloc/reserved=69.9/854.0
2026-04-07 12:41:13 | INFO | [Round 8] epoch=38/80 loss=1.2214 acc=54.46 val_acc=nan data_t=0.0037s batch_t=0.0346s epoch_t=00:00.42 lr=0.000544 | GPU MB alloc/reserved=69.9/854.0
2026-04-07 12:41:13 | INFO | [Round 8] Epoch 38/80 time=00:00.42 avg=00:00.37 ETA=00:15.44 | GPU MB alloc/reserved=69.9/854.0
2026-04-07 12:41:13 | INFO | [Round 8] epoch=39/80 loss=1.2517 acc=52.69 val_acc=nan data_t=0.0037s batch_t=0.0233s epoch_t=00:00.30 lr=0.000524 | GPU MB alloc/reserved=69.9/854.0
2026-04-07 12:41:13 | INFO | [Round 8] Epoch 39/80 time=00:00.30 avg=00:00.37 ETA=00:14.99 | GPU MB alloc/reserved=69.9/854.0
2026-04-07 12:41:13 | INFO | [Round 8] epoch=40/80 loss=1.2220 acc=55.08 val_acc=nan data_t=0.0035s batch_t=0.0138s epoch_t=00:00.19 lr=0.000505 | GPU MB alloc/reserved=69.9/854.0
2026-04-07 12:41:13 | INFO | [Round 8] Epoch 40/80 time=00:00.19 avg=00:00.36 ETA=00:14.45 | GPU MB alloc/reserved=69.9/854.0
2026-04-07 12:41:13 | INFO | [Round 8] epoch=41/80 loss=1.2430 acc=54.00 val_acc=nan data_t=0.0052s batch_t=0.0340s epoch_t=00:00.43 lr=0.000486 | GPU MB alloc/reserved=69.9/854.0
2026-04-07 12:41:13 | INFO | [Round 8] Epoch 41/80 time=00:00.43 avg=00:00.36 ETA=00:14.16 | GPU MB alloc/reserved=69.9/854.0
2026-04-07 12:41:14 | INFO | [Round 8] epoch=42/80 loss=1.2151 acc=52.69 val_acc=nan data_t=0.0038s batch_t=0.0338s epoch_t=00:00.41 lr=0.000466 | GPU MB alloc/reserved=69.9/854.0
2026-04-07 12:41:14 | INFO | [Round 8] Epoch 42/80 time=00:00.41 avg=00:00.36 ETA=00:13.84 | GPU MB alloc/reserved=69.9/854.0
2026-04-07 12:41:14 | INFO | [Round 8] epoch=43/80 loss=1.1795 acc=55.23 val_acc=nan data_t=0.0039s batch_t=0.0338s epoch_t=00:00.42 lr=0.000447 | GPU MB alloc/reserved=69.9/854.0
2026-04-07 12:41:14 | INFO | [Round 8] Epoch 43/80 time=00:00.42 avg=00:00.37 ETA=00:13.52 | GPU MB alloc/reserved=69.9/854.0
2026-04-07 12:41:15 | INFO | [Round 8] epoch=44/80 loss=1.1720 acc=56.08 val_acc=nan data_t=0.0025s batch_t=0.0339s epoch_t=00:00.40 lr=0.000428 | GPU MB alloc/reserved=69.9/854.0
2026-04-07 12:41:15 | INFO | [Round 8] Epoch 44/80 time=00:00.40 avg=00:00.37 ETA=00:13.18 | GPU MB alloc/reserved=69.9/854.0
2026-04-07 12:41:15 | INFO | [Round 8] epoch=45/80 loss=1.2077 acc=54.62 val_acc=nan data_t=0.0033s batch_t=0.0343s epoch_t=00:00.41 lr=0.000408 | GPU MB alloc/reserved=69.9/854.0
2026-04-07 12:41:15 | INFO | [Round 8] Epoch 45/80 time=00:00.41 avg=00:00.37 ETA=00:12.85 | GPU MB alloc/reserved=69.9/854.0
2026-04-07 12:41:15 | INFO | [Round 8] epoch=46/80 loss=1.1426 acc=58.08 val_acc=nan data_t=0.0040s batch_t=0.0282s epoch_t=00:00.35 lr=0.000389 | GPU MB alloc/reserved=69.9/854.0
2026-04-07 12:41:15 | INFO | [Round 8] Epoch 46/80 time=00:00.35 avg=00:00.37 ETA=00:12.48 | GPU MB alloc/reserved=69.9/854.0
2026-04-07 12:41:16 | INFO | [Round 8] epoch=47/80 loss=1.1369 acc=56.77 val_acc=nan data_t=0.0038s batch_t=0.0262s epoch_t=00:00.33 lr=0.000371 | GPU MB alloc/reserved=69.9/854.0
2026-04-07 12:41:16 | INFO | [Round 8] Epoch 47/80 time=00:00.33 avg=00:00.37 ETA=00:12.08 | GPU MB alloc/reserved=69.9/854.0
2026-04-07 12:41:16 | INFO | [Round 8] epoch=48/80 loss=1.1536 acc=55.23 val_acc=nan data_t=0.0042s batch_t=0.0277s epoch_t=00:00.35 lr=0.000352 | GPU MB alloc/reserved=69.9/854.0
2026-04-07 12:41:16 | INFO | [Round 8] Epoch 48/80 time=00:00.35 avg=00:00.37 ETA=00:11.71 | GPU MB alloc/reserved=69.9/854.0
2026-04-07 12:41:17 | INFO | [Round 8] epoch=49/80 loss=1.1392 acc=56.85 val_acc=nan data_t=0.0038s batch_t=0.0271s epoch_t=00:00.34 lr=0.000334 | GPU MB alloc/reserved=69.9/854.0
2026-04-07 12:41:17 | INFO | [Round 8] Epoch 49/80 time=00:00.34 avg=00:00.37 ETA=00:11.33 | GPU MB alloc/reserved=69.9/854.0
2026-04-07 12:41:17 | INFO | [Round 8] epoch=50/80 loss=1.1170 acc=58.15 val_acc=nan data_t=0.0042s batch_t=0.0282s epoch_t=00:00.36 lr=0.000316 | GPU MB alloc/reserved=69.9/854.0
2026-04-07 12:41:17 | INFO | [Round 8] Epoch 50/80 time=00:00.36 avg=00:00.37 ETA=00:10.96 | GPU MB alloc/reserved=69.9/854.0
2026-04-07 12:41:17 | INFO | [Round 8] epoch=51/80 loss=1.0979 acc=58.62 val_acc=nan data_t=0.0038s batch_t=0.0266s epoch_t=00:00.33 lr=0.000298 | GPU MB alloc/reserved=69.9/854.0
2026-04-07 12:41:17 | INFO | [Round 8] Epoch 51/80 time=00:00.33 avg=00:00.36 ETA=00:10.57 | GPU MB alloc/reserved=69.9/854.0
2026-04-07 12:41:18 | INFO | [Round 8] epoch=52/80 loss=1.0694 acc=59.31 val_acc=nan data_t=0.0036s batch_t=0.0272s epoch_t=00:00.34 lr=0.000280 | GPU MB alloc/reserved=69.9/854.0
2026-04-07 12:41:18 | INFO | [Round 8] Epoch 52/80 time=00:00.34 avg=00:00.36 ETA=00:10.19 | GPU MB alloc/reserved=69.9/854.0
2026-04-07 12:41:18 | INFO | [Round 8] epoch=53/80 loss=1.0704 acc=60.85 val_acc=nan data_t=0.0038s batch_t=0.0264s epoch_t=00:00.33 lr=0.000263 | GPU MB alloc/reserved=69.9/854.0
2026-04-07 12:41:18 | INFO | [Round 8] Epoch 53/80 time=00:00.33 avg=00:00.36 ETA=00:09.81 | GPU MB alloc/reserved=69.9/854.0
2026-04-07 12:41:18 | INFO | [Round 8] epoch=54/80 loss=1.0710 acc=58.85 val_acc=nan data_t=0.0039s batch_t=0.0260s epoch_t=00:00.33 lr=0.000246 | GPU MB alloc/reserved=69.9/854.0
2026-04-07 12:41:18 | INFO | [Round 8] Epoch 54/80 time=00:00.33 avg=00:00.36 ETA=00:09.43 | GPU MB alloc/reserved=69.9/854.0
2026-04-07 12:41:19 | INFO | [Round 8] epoch=55/80 loss=1.0494 acc=59.69 val_acc=nan data_t=0.0039s batch_t=0.0281s epoch_t=00:00.35 lr=0.000230 | GPU MB alloc/reserved=69.9/854.0
2026-04-07 12:41:19 | INFO | [Round 8] Epoch 55/80 time=00:00.35 avg=00:00.36 ETA=00:09.07 | GPU MB alloc/reserved=69.9/854.0
2026-04-07 12:41:19 | INFO | [Round 8] epoch=56/80 loss=1.0521 acc=60.62 val_acc=nan data_t=0.0037s batch_t=0.0289s epoch_t=00:00.36 lr=0.000214 | GPU MB alloc/reserved=69.9/854.0
2026-04-07 12:41:19 | INFO | [Round 8] Epoch 56/80 time=00:00.36 avg=00:00.36 ETA=00:08.70 | GPU MB alloc/reserved=69.9/854.0
2026-04-07 12:41:19 | INFO | [Round 8] epoch=57/80 loss=1.0389 acc=60.46 val_acc=nan data_t=0.0035s batch_t=0.0290s epoch_t=00:00.36 lr=0.000199 | GPU MB alloc/reserved=69.9/854.0
2026-04-07 12:41:19 | INFO | [Round 8] Epoch 57/80 time=00:00.36 avg=00:00.36 ETA=00:08.34 | GPU MB alloc/reserved=69.9/854.0
2026-04-07 12:41:19 | INFO | [Round 8] epoch=58/80 loss=1.0316 acc=60.00 val_acc=nan data_t=0.0036s batch_t=0.0105s epoch_t=00:00.16 lr=0.000184 | GPU MB alloc/reserved=69.9/854.0
2026-04-07 12:41:19 | INFO | [Round 8] Epoch 58/80 time=00:00.16 avg=00:00.36 ETA=00:07.90 | GPU MB alloc/reserved=69.9/854.0
2026-04-07 12:41:20 | INFO | [Round 8] epoch=59/80 loss=1.0492 acc=61.77 val_acc=nan data_t=0.0031s batch_t=0.0281s epoch_t=00:00.34 lr=0.000169 | GPU MB alloc/reserved=69.9/854.0
2026-04-07 12:41:20 | INFO | [Round 8] Epoch 59/80 time=00:00.34 avg=00:00.36 ETA=00:07.53 | GPU MB alloc/reserved=69.9/854.0
2026-04-07 12:41:20 | INFO | [Round 8] epoch=60/80 loss=0.9982 acc=63.92 val_acc=nan data_t=0.0036s batch_t=0.0344s epoch_t=00:00.42 lr=0.000155 | GPU MB alloc/reserved=69.9/854.0
2026-04-07 12:41:20 | INFO | [Round 8] Epoch 60/80 time=00:00.42 avg=00:00.36 ETA=00:07.19 | GPU MB alloc/reserved=69.9/854.0
2026-04-07 12:41:21 | INFO | [Round 8] epoch=61/80 loss=0.9929 acc=63.00 val_acc=nan data_t=0.0039s batch_t=0.0340s epoch_t=00:00.42 lr=0.000142 | GPU MB alloc/reserved=69.9/854.0
2026-04-07 12:41:21 | INFO | [Round 8] Epoch 61/80 time=00:00.42 avg=00:00.36 ETA=00:06.85 | GPU MB alloc/reserved=69.9/854.0
2026-04-07 12:41:21 | INFO | [Round 8] epoch=62/80 loss=0.9979 acc=62.31 val_acc=nan data_t=0.0037s batch_t=0.0341s epoch_t=00:00.42 lr=0.000129 | GPU MB alloc/reserved=69.9/854.0
2026-04-07 12:41:21 | INFO | [Round 8] Epoch 62/80 time=00:00.42 avg=00:00.36 ETA=00:06.51 | GPU MB alloc/reserved=69.9/854.0
2026-04-07 12:41:21 | INFO | [Round 8] epoch=63/80 loss=1.0126 acc=62.46 val_acc=nan data_t=0.0041s batch_t=0.0341s epoch_t=00:00.42 lr=0.000116 | GPU MB alloc/reserved=69.9/854.0
2026-04-07 12:41:21 | INFO | [Round 8] Epoch 63/80 time=00:00.42 avg=00:00.36 ETA=00:06.16 | GPU MB alloc/reserved=69.9/854.0
2026-04-07 12:41:22 | INFO | [Round 8] epoch=64/80 loss=0.9743 acc=63.00 val_acc=nan data_t=0.0041s batch_t=0.0233s epoch_t=00:00.30 lr=0.000105 | GPU MB alloc/reserved=69.9/854.0
2026-04-07 12:41:22 | INFO | [Round 8] Epoch 64/80 time=00:00.30 avg=00:00.36 ETA=00:05.78 | GPU MB alloc/reserved=69.9/854.0
2026-04-07 12:41:22 | INFO | [Round 8] epoch=65/80 loss=1.0052 acc=60.62 val_acc=nan data_t=0.0025s batch_t=0.0122s epoch_t=00:00.16 lr=0.000093 | GPU MB alloc/reserved=69.9/854.0
2026-04-07 12:41:22 | INFO | [Round 8] Epoch 65/80 time=00:00.16 avg=00:00.36 ETA=00:05.38 | GPU MB alloc/reserved=69.9/854.0
2026-04-07 12:41:22 | INFO | [Round 8] epoch=66/80 loss=0.9849 acc=63.54 val_acc=nan data_t=0.0041s batch_t=0.0339s epoch_t=00:00.42 lr=0.000083 | GPU MB alloc/reserved=69.9/854.0
2026-04-07 12:41:22 | INFO | [Round 8] Epoch 66/80 time=00:00.42 avg=00:00.36 ETA=00:05.03 | GPU MB alloc/reserved=69.9/854.0
2026-04-07 12:41:23 | INFO | [Round 8] epoch=67/80 loss=0.9929 acc=63.77 val_acc=nan data_t=0.0040s batch_t=0.0342s epoch_t=00:00.42 lr=0.000073 | GPU MB alloc/reserved=69.9/854.0
2026-04-07 12:41:23 | INFO | [Round 8] Epoch 67/80 time=00:00.42 avg=00:00.36 ETA=00:04.68 | GPU MB alloc/reserved=69.9/854.0
2026-04-07 12:41:23 | INFO | [Round 8] epoch=68/80 loss=0.9599 acc=64.08 val_acc=nan data_t=0.0036s batch_t=0.0342s epoch_t=00:00.42 lr=0.000064 | GPU MB alloc/reserved=69.9/854.0
2026-04-07 12:41:23 | INFO | [Round 8] Epoch 68/80 time=00:00.42 avg=00:00.36 ETA=00:04.33 | GPU MB alloc/reserved=69.9/854.0
2026-04-07 12:41:24 | INFO | [Round 8] epoch=69/80 loss=0.9799 acc=63.69 val_acc=nan data_t=0.0036s batch_t=0.0339s epoch_t=00:00.41 lr=0.000055 | GPU MB alloc/reserved=69.9/854.0
2026-04-07 12:41:24 | INFO | [Round 8] Epoch 69/80 time=00:00.41 avg=00:00.36 ETA=00:03.98 | GPU MB alloc/reserved=69.9/854.0
2026-04-07 12:41:24 | INFO | [Round 8] epoch=70/80 loss=0.9537 acc=64.46 val_acc=nan data_t=0.0037s batch_t=0.0339s epoch_t=00:00.41 lr=0.000048 | GPU MB alloc/reserved=69.9/854.0
2026-04-07 12:41:24 | INFO | [Round 8] Epoch 70/80 time=00:00.41 avg=00:00.36 ETA=00:03.62 | GPU MB alloc/reserved=69.9/854.0
2026-04-07 12:41:24 | INFO | [Round 8] epoch=71/80 loss=0.9315 acc=66.31 val_acc=nan data_t=0.0034s batch_t=0.0118s epoch_t=00:00.17 lr=0.000041 | GPU MB alloc/reserved=69.9/854.0
2026-04-07 12:41:24 | INFO | [Round 8] Epoch 71/80 time=00:00.17 avg=00:00.36 ETA=00:03.24 | GPU MB alloc/reserved=69.9/854.0
2026-04-07 12:41:24 | INFO | [Round 8] epoch=72/80 loss=0.9378 acc=65.54 val_acc=nan data_t=0.0027s batch_t=0.0253s epoch_t=00:00.31 lr=0.000034 | GPU MB alloc/reserved=69.9/854.0
2026-04-07 12:41:24 | INFO | [Round 8] Epoch 72/80 time=00:00.31 avg=00:00.36 ETA=00:02.87 | GPU MB alloc/reserved=69.9/854.0
2026-04-07 12:41:25 | INFO | [Round 8] epoch=73/80 loss=0.9638 acc=63.31 val_acc=nan data_t=0.0036s batch_t=0.0340s epoch_t=00:00.41 lr=0.000029 | GPU MB alloc/reserved=69.9/854.0
2026-04-07 12:41:25 | INFO | [Round 8] Epoch 73/80 time=00:00.41 avg=00:00.36 ETA=00:02.52 | GPU MB alloc/reserved=69.9/854.0
2026-04-07 12:41:25 | INFO | [Round 8] epoch=74/80 loss=0.9524 acc=64.38 val_acc=nan data_t=0.0025s batch_t=0.0339s epoch_t=00:00.40 lr=0.000024 | GPU MB alloc/reserved=69.9/854.0
2026-04-07 12:41:25 | INFO | [Round 8] Epoch 74/80 time=00:00.40 avg=00:00.36 ETA=00:02.16 | GPU MB alloc/reserved=69.9/854.0
2026-04-07 12:41:26 | INFO | [Round 8] epoch=75/80 loss=0.9610 acc=65.69 val_acc=nan data_t=0.0037s batch_t=0.0339s epoch_t=00:00.41 lr=0.000020 | GPU MB alloc/reserved=69.9/854.0
2026-04-07 12:41:26 | INFO | [Round 8] Epoch 75/80 time=00:00.41 avg=00:00.36 ETA=00:01.81 | GPU MB alloc/reserved=69.9/854.0
2026-04-07 12:41:26 | INFO | [Round 8] epoch=76/80 loss=0.9333 acc=65.38 val_acc=nan data_t=0.0039s batch_t=0.0339s epoch_t=00:00.42 lr=0.000016 | GPU MB alloc/reserved=69.9/854.0
2026-04-07 12:41:26 | INFO | [Round 8] Epoch 76/80 time=00:00.42 avg=00:00.36 ETA=00:01.45 | GPU MB alloc/reserved=69.9/854.0
2026-04-07 12:41:26 | INFO | [Round 8] epoch=77/80 loss=0.9227 acc=66.08 val_acc=nan data_t=0.0041s batch_t=0.0282s epoch_t=00:00.36 lr=0.000013 | GPU MB alloc/reserved=69.9/854.0
2026-04-07 12:41:26 | INFO | [Round 8] Epoch 77/80 time=00:00.36 avg=00:00.36 ETA=00:01.09 | GPU MB alloc/reserved=69.9/854.0
2026-04-07 12:41:27 | INFO | [Round 8] epoch=78/80 loss=0.9378 acc=64.00 val_acc=nan data_t=0.0054s batch_t=0.0134s epoch_t=00:00.21 lr=0.000012 | GPU MB alloc/reserved=69.9/854.0
2026-04-07 12:41:27 | INFO | [Round 8] Epoch 78/80 time=00:00.21 avg=00:00.36 ETA=00:00.72 | GPU MB alloc/reserved=69.9/854.0
2026-04-07 12:41:27 | INFO | [Round 8] epoch=79/80 loss=0.9240 acc=65.08 val_acc=nan data_t=0.0041s batch_t=0.0339s epoch_t=00:00.42 lr=0.000010 | GPU MB alloc/reserved=69.9/854.0
2026-04-07 12:41:27 | INFO | [Round 8] Epoch 79/80 time=00:00.42 avg=00:00.36 ETA=00:00.36 | GPU MB alloc/reserved=69.9/854.0
2026-04-07 12:41:28 | INFO | [Round 8] epoch=80/80 loss=0.9298 acc=66.54 val_acc=nan data_t=0.0041s batch_t=0.0339s epoch_t=00:00.42 lr=0.000010 | GPU MB alloc/reserved=69.9/854.0
2026-04-07 12:41:28 | INFO | [Round 8] Epoch 80/80 time=00:00.42 avg=00:00.36 ETA=00:00.00 | GPU MB alloc/reserved=69.9/854.0
2026-04-07 12:41:28 | INFO | [Round 8] training complete in 00:29.00 (best monitor=66.538) | GPU MB alloc/reserved=69.9/854.0
2026-04-07 12:41:28 | INFO | [Round 8] evaluation started | GPU MB alloc/reserved=52.0/854.0
2026-04-07 12:41:30 | INFO | [Round 8] clean=53.07 fgsm=44.69 pgd=44.51 grad_disp_mean=nan grad_disp_sel=nan round_t=33.43s | GPU MB alloc/reserved=52.0/854.0
2026-04-07 12:41:30 | INFO | [Round 9/21] elapsed=00:33.43 avg_round=00:25.78 projected_remaining=05:09.38 | GPU MB alloc/reserved=52.0/854.0
2026-04-07 12:41:31 | INFO | [Round 9] acquisition on pool_size=48700 scored_pool=5000 budget=100 | GPU MB alloc/reserved=34.1/854.0
2026-04-07 12:41:31 | INFO | [CoreSet-unlabeled-feat] scoring progress 10/20 elapsed=00:00.29 avg/batch=0.029s ETA=00:00.29 | GPU MB alloc/reserved=40.6/854.0
2026-04-07 12:41:31 | INFO | [CoreSet-unlabeled-feat] scoring progress 20/20 elapsed=00:00.30 avg/batch=0.015s ETA=00:00.00 | GPU MB alloc/reserved=40.6/854.0
2026-04-07 12:41:32 | INFO | [CoreSet-labeled-feat] scoring progress 6/6 elapsed=00:00.19 avg/batch=0.032s ETA=00:00.00 | GPU MB alloc/reserved=40.5/854.0
2026-04-07 12:41:32 | INFO | [CoreSet] greedy 10/100 cover_radius=25.248066 | GPU: n/a
2026-04-07 12:41:32 | INFO | [CoreSet] greedy 20/100 cover_radius=23.906153 | GPU: n/a
2026-04-07 12:41:32 | INFO | [CoreSet] greedy 30/100 cover_radius=23.350552 | GPU: n/a
2026-04-07 12:41:32 | INFO | [CoreSet] greedy 40/100 cover_radius=22.577827 | GPU: n/a
2026-04-07 12:41:32 | INFO | [CoreSet] greedy 50/100 cover_radius=22.190437 | GPU: n/a
2026-04-07 12:41:32 | INFO | [CoreSet] greedy 60/100 cover_radius=21.914362 | GPU: n/a
2026-04-07 12:41:32 | INFO | [CoreSet] greedy 70/100 cover_radius=21.582994 | GPU: n/a
2026-04-07 12:41:32 | INFO | [CoreSet] greedy 80/100 cover_radius=21.456663 | GPU: n/a
2026-04-07 12:41:33 | INFO | [CoreSet] greedy 90/100 cover_radius=21.290535 | GPU: n/a
2026-04-07 12:41:33 | INFO | [CoreSet] greedy 100/100 cover_radius=21.093124 | GPU: n/a
2026-04-07 12:41:33 | INFO | [Round 9] labeled=1400 train=1400 val_fixed=0 | GPU MB alloc/reserved=43.1/854.0
2026-04-07 12:41:33 | INFO | [Round 9] epoch=1/80 loss=4.2996 acc=16.71 val_acc=nan data_t=0.0159s batch_t=0.0161s epoch_t=00:00.35 lr=0.001000 | GPU MB alloc/reserved=69.9/854.0
2026-04-07 12:41:33 | INFO | [Round 9] Epoch 1/80 time=00:00.35 avg=00:00.35 ETA=00:27.79 | GPU MB alloc/reserved=69.9/854.0
2026-04-07 12:41:34 | INFO | [Round 9] epoch=2/80 loss=2.3524 acc=23.29 val_acc=nan data_t=0.0025s batch_t=0.0298s epoch_t=00:00.36 lr=0.000998 | GPU MB alloc/reserved=69.9/854.0
2026-04-07 12:41:34 | INFO | [Round 9] Epoch 2/80 time=00:00.36 avg=00:00.35 ETA=00:27.61 | GPU MB alloc/reserved=69.9/854.0
2026-04-07 12:41:34 | INFO | [Round 9] epoch=3/80 loss=2.0573 acc=24.50 val_acc=nan data_t=0.0045s batch_t=0.0346s epoch_t=00:00.43 lr=0.000997 | GPU MB alloc/reserved=69.9/854.0
2026-04-07 12:41:34 | INFO | [Round 9] Epoch 3/80 time=00:00.43 avg=00:00.38 ETA=00:29.21 | GPU MB alloc/reserved=69.9/854.0
2026-04-07 12:41:34 | INFO | [Round 9] epoch=4/80 loss=1.9915 acc=27.93 val_acc=nan data_t=0.0027s batch_t=0.0349s epoch_t=00:00.41 lr=0.000994 | GPU MB alloc/reserved=69.9/854.0
2026-04-07 12:41:34 | INFO | [Round 9] Epoch 4/80 time=00:00.41 avg=00:00.39 ETA=00:29.49 | GPU MB alloc/reserved=69.9/854.0
2026-04-07 12:41:35 | INFO | [Round 9] epoch=5/80 loss=1.9493 acc=28.64 val_acc=nan data_t=0.0035s batch_t=0.0344s epoch_t=00:00.42 lr=0.000990 | GPU MB alloc/reserved=69.9/854.0
2026-04-07 12:41:35 | INFO | [Round 9] Epoch 5/80 time=00:00.42 avg=00:00.39 ETA=00:29.53 | GPU MB alloc/reserved=69.9/854.0
2026-04-07 12:41:35 | INFO | [Round 9] epoch=6/80 loss=1.9130 acc=30.14 val_acc=nan data_t=0.0039s batch_t=0.0344s epoch_t=00:00.42 lr=0.000986 | GPU MB alloc/reserved=69.9/854.0
2026-04-07 12:41:35 | INFO | [Round 9] Epoch 6/80 time=00:00.42 avg=00:00.40 ETA=00:29.48 | GPU MB alloc/reserved=69.9/854.0
2026-04-07 12:41:36 | INFO | [Round 9] epoch=7/80 loss=1.8642 acc=33.00 val_acc=nan data_t=0.0036s batch_t=0.0213s epoch_t=00:00.27 lr=0.000981 | GPU MB alloc/reserved=69.9/854.0
2026-04-07 12:41:36 | INFO | [Round 9] Epoch 7/80 time=00:00.27 avg=00:00.38 ETA=00:27.79 | GPU MB alloc/reserved=69.9/854.0
2026-04-07 12:41:36 | INFO | [Round 9] epoch=8/80 loss=1.8467 acc=31.86 val_acc=nan data_t=0.0033s batch_t=0.0134s epoch_t=00:00.18 lr=0.000976 | GPU MB alloc/reserved=69.9/854.0
2026-04-07 12:41:36 | INFO | [Round 9] Epoch 8/80 time=00:00.18 avg=00:00.36 ETA=00:25.64 | GPU MB alloc/reserved=69.9/854.0
2026-04-07 12:41:36 | INFO | [Round 9] epoch=9/80 loss=1.7999 acc=32.93 val_acc=nan data_t=0.0026s batch_t=0.0342s epoch_t=00:00.40 lr=0.000969 | GPU MB alloc/reserved=69.9/854.0
2026-04-07 12:41:36 | INFO | [Round 9] Epoch 9/80 time=00:00.40 avg=00:00.36 ETA=00:25.66 | GPU MB alloc/reserved=69.9/854.0
2026-04-07 12:41:37 | INFO | [Round 9] epoch=10/80 loss=1.7740 acc=34.71 val_acc=nan data_t=0.0042s batch_t=0.0343s epoch_t=00:00.42 lr=0.000962 | GPU MB alloc/reserved=69.9/854.0
2026-04-07 12:41:37 | INFO | [Round 9] Epoch 10/80 time=00:00.42 avg=00:00.37 ETA=00:25.74 | GPU MB alloc/reserved=69.9/854.0
2026-04-07 12:41:37 | INFO | [Round 9] epoch=11/80 loss=1.7306 acc=36.36 val_acc=nan data_t=0.0026s batch_t=0.0343s epoch_t=00:00.41 lr=0.000955 | GPU MB alloc/reserved=69.9/854.0
2026-04-07 12:41:37 | INFO | [Round 9] Epoch 11/80 time=00:00.41 avg=00:00.37 ETA=00:25.61 | GPU MB alloc/reserved=69.9/854.0
2026-04-07 12:41:37 | INFO | [Round 9] epoch=12/80 loss=1.7071 acc=37.93 val_acc=nan data_t=0.0026s batch_t=0.0342s epoch_t=00:00.40 lr=0.000946 | GPU MB alloc/reserved=69.9/854.0
2026-04-07 12:41:37 | INFO | [Round 9] Epoch 12/80 time=00:00.40 avg=00:00.37 ETA=00:25.43 | GPU MB alloc/reserved=69.9/854.0
2026-04-07 12:41:38 | INFO | [Round 9] epoch=13/80 loss=1.6298 acc=40.64 val_acc=nan data_t=0.0043s batch_t=0.0344s epoch_t=00:00.43 lr=0.000937 | GPU MB alloc/reserved=69.9/854.0
2026-04-07 12:41:38 | INFO | [Round 9] Epoch 13/80 time=00:00.43 avg=00:00.38 ETA=00:25.32 | GPU MB alloc/reserved=69.9/854.0
2026-04-07 12:41:38 | INFO | [Round 9] epoch=14/80 loss=1.6228 acc=42.36 val_acc=nan data_t=0.0043s batch_t=0.0114s epoch_t=00:00.17 lr=0.000927 | GPU MB alloc/reserved=69.9/854.0
2026-04-07 12:41:38 | INFO | [Round 9] Epoch 14/80 time=00:00.17 avg=00:00.36 ETA=00:23.97 | GPU MB alloc/reserved=69.9/854.0
2026-04-07 12:41:38 | INFO | [Round 9] epoch=15/80 loss=1.5731 acc=43.50 val_acc=nan data_t=0.0029s batch_t=0.0235s epoch_t=00:00.29 lr=0.000917 | GPU MB alloc/reserved=69.9/854.0
2026-04-07 12:41:38 | INFO | [Round 9] Epoch 15/80 time=00:00.29 avg=00:00.36 ETA=00:23.30 | GPU MB alloc/reserved=69.9/854.0
2026-04-07 12:41:39 | INFO | [Round 9] epoch=16/80 loss=1.5662 acc=41.93 val_acc=nan data_t=0.0035s batch_t=0.0343s epoch_t=00:00.42 lr=0.000905 | GPU MB alloc/reserved=69.9/854.0
2026-04-07 12:41:39 | INFO | [Round 9] Epoch 16/80 time=00:00.42 avg=00:00.36 ETA=00:23.17 | GPU MB alloc/reserved=69.9/854.0
2026-04-07 12:41:39 | INFO | [Round 9] epoch=17/80 loss=1.5289 acc=43.71 val_acc=nan data_t=0.0036s batch_t=0.0342s epoch_t=00:00.42 lr=0.000894 | GPU MB alloc/reserved=69.9/854.0
2026-04-07 12:41:39 | INFO | [Round 9] Epoch 17/80 time=00:00.42 avg=00:00.37 ETA=00:23.01 | GPU MB alloc/reserved=69.9/854.0
2026-04-07 12:41:40 | INFO | [Round 9] epoch=18/80 loss=1.5008 acc=44.86 val_acc=nan data_t=0.0037s batch_t=0.0344s epoch_t=00:00.42 lr=0.000881 | GPU MB alloc/reserved=69.9/854.0
2026-04-07 12:41:40 | INFO | [Round 9] Epoch 18/80 time=00:00.42 avg=00:00.37 ETA=00:22.83 | GPU MB alloc/reserved=69.9/854.0
2026-04-07 12:41:40 | INFO | [Round 9] epoch=19/80 loss=1.4963 acc=46.00 val_acc=nan data_t=0.0040s batch_t=0.0342s epoch_t=00:00.42 lr=0.000868 | GPU MB alloc/reserved=69.9/854.0
2026-04-07 12:41:40 | INFO | [Round 9] Epoch 19/80 time=00:00.42 avg=00:00.37 ETA=00:22.63 | GPU MB alloc/reserved=69.9/854.0
2026-04-07 12:41:40 | INFO | [Round 9] epoch=20/80 loss=1.4681 acc=45.50 val_acc=nan data_t=0.0038s batch_t=0.0291s epoch_t=00:00.36 lr=0.000855 | GPU MB alloc/reserved=69.9/854.0
2026-04-07 12:41:40 | INFO | [Round 9] Epoch 20/80 time=00:00.36 avg=00:00.37 ETA=00:22.23 | GPU MB alloc/reserved=69.9/854.0
2026-04-07 12:41:40 | INFO | [Round 9] epoch=21/80 loss=1.4543 acc=46.36 val_acc=nan data_t=0.0039s batch_t=0.0086s epoch_t=00:00.14 lr=0.000841 | GPU MB alloc/reserved=69.9/854.0
2026-04-07 12:41:40 | INFO | [Round 9] Epoch 21/80 time=00:00.14 avg=00:00.36 ETA=00:21.21 | GPU MB alloc/reserved=69.9/854.0
2026-04-07 12:41:41 | INFO | [Round 9] epoch=22/80 loss=1.4460 acc=47.36 val_acc=nan data_t=0.0029s batch_t=0.0345s epoch_t=00:00.41 lr=0.000826 | GPU MB alloc/reserved=69.9/854.0
2026-04-07 12:41:41 | INFO | [Round 9] Epoch 22/80 time=00:00.41 avg=00:00.36 ETA=00:20.98 | GPU MB alloc/reserved=69.9/854.0
2026-04-07 12:41:41 | INFO | [Round 9] epoch=23/80 loss=1.4210 acc=47.43 val_acc=nan data_t=0.0038s batch_t=0.0343s epoch_t=00:00.42 lr=0.000811 | GPU MB alloc/reserved=69.9/854.0
2026-04-07 12:41:41 | INFO | [Round 9] Epoch 23/80 time=00:00.42 avg=00:00.36 ETA=00:20.76 | GPU MB alloc/reserved=69.9/854.0
2026-04-07 12:41:42 | INFO | [Round 9] epoch=24/80 loss=1.3793 acc=49.00 val_acc=nan data_t=0.0026s batch_t=0.0343s epoch_t=00:00.41 lr=0.000796 | GPU MB alloc/reserved=69.9/854.0
2026-04-07 12:41:42 | INFO | [Round 9] Epoch 24/80 time=00:00.41 avg=00:00.37 ETA=00:20.50 | GPU MB alloc/reserved=69.9/854.0
2026-04-07 12:41:42 | INFO | [Round 9] epoch=25/80 loss=1.3793 acc=47.79 val_acc=nan data_t=0.0024s batch_t=0.0343s epoch_t=00:00.40 lr=0.000780 | GPU MB alloc/reserved=69.9/854.0
2026-04-07 12:41:42 | INFO | [Round 9] Epoch 25/80 time=00:00.40 avg=00:00.37 ETA=00:20.21 | GPU MB alloc/reserved=69.9/854.0
2026-04-07 12:41:43 | INFO | [Round 9] epoch=26/80 loss=1.3624 acc=49.29 val_acc=nan data_t=0.0026s batch_t=0.0342s epoch_t=00:00.40 lr=0.000764 | GPU MB alloc/reserved=69.9/854.0
2026-04-07 12:41:43 | INFO | [Round 9] Epoch 26/80 time=00:00.40 avg=00:00.37 ETA=00:19.92 | GPU MB alloc/reserved=69.9/854.0
2026-04-07 12:41:43 | INFO | [Round 9] epoch=27/80 loss=1.3452 acc=49.79 val_acc=nan data_t=0.0029s batch_t=0.0193s epoch_t=00:00.24 lr=0.000747 | GPU MB alloc/reserved=69.9/854.0
2026-04-07 12:41:43 | INFO | [Round 9] Epoch 27/80 time=00:00.24 avg=00:00.36 ETA=00:19.31 | GPU MB alloc/reserved=69.9/854.0
2026-04-07 12:41:43 | INFO | [Round 9] epoch=28/80 loss=1.3114 acc=51.43 val_acc=nan data_t=0.0038s batch_t=0.0183s epoch_t=00:00.24 lr=0.000730 | GPU MB alloc/reserved=69.9/854.0
2026-04-07 12:41:43 | INFO | [Round 9] Epoch 28/80 time=00:00.24 avg=00:00.36 ETA=00:18.72 | GPU MB alloc/reserved=69.9/854.0
2026-04-07 12:41:43 | INFO | [Round 9] epoch=29/80 loss=1.3088 acc=51.14 val_acc=nan data_t=0.0029s batch_t=0.0342s epoch_t=00:00.41 lr=0.000712 | GPU MB alloc/reserved=69.9/854.0
2026-04-07 12:41:43 | INFO | [Round 9] Epoch 29/80 time=00:00.41 avg=00:00.36 ETA=00:18.45 | GPU MB alloc/reserved=69.9/854.0
2026-04-07 12:41:44 | INFO | [Round 9] epoch=30/80 loss=1.2563 acc=53.14 val_acc=nan data_t=0.0036s batch_t=0.0343s epoch_t=00:00.42 lr=0.000694 | GPU MB alloc/reserved=69.9/854.0
2026-04-07 12:41:44 | INFO | [Round 9] Epoch 30/80 time=00:00.42 avg=00:00.36 ETA=00:18.18 | GPU MB alloc/reserved=69.9/854.0
2026-04-07 12:41:44 | INFO | [Round 9] epoch=31/80 loss=1.2778 acc=53.64 val_acc=nan data_t=0.0031s batch_t=0.0342s epoch_t=00:00.41 lr=0.000676 | GPU MB alloc/reserved=69.9/854.0
2026-04-07 12:41:44 | INFO | [Round 9] Epoch 31/80 time=00:00.41 avg=00:00.37 ETA=00:17.89 | GPU MB alloc/reserved=69.9/854.0
2026-04-07 12:41:45 | INFO | [Round 9] epoch=32/80 loss=1.2470 acc=53.00 val_acc=nan data_t=0.0026s batch_t=0.0344s epoch_t=00:00.41 lr=0.000658 | GPU MB alloc/reserved=69.9/854.0
2026-04-07 12:41:45 | INFO | [Round 9] Epoch 32/80 time=00:00.41 avg=00:00.37 ETA=00:17.59 | GPU MB alloc/reserved=69.9/854.0
2026-04-07 12:41:45 | INFO | [Round 9] epoch=33/80 loss=1.2359 acc=54.86 val_acc=nan data_t=0.0030s batch_t=0.0342s epoch_t=00:00.41 lr=0.000639 | GPU MB alloc/reserved=69.9/854.0
2026-04-07 12:41:45 | INFO | [Round 9] Epoch 33/80 time=00:00.41 avg=00:00.37 ETA=00:17.28 | GPU MB alloc/reserved=69.9/854.0
2026-04-07 12:41:45 | INFO | [Round 9] epoch=34/80 loss=1.2288 acc=53.21 val_acc=nan data_t=0.0025s batch_t=0.0103s epoch_t=00:00.14 lr=0.000621 | GPU MB alloc/reserved=69.9/854.0
2026-04-07 12:41:45 | INFO | [Round 9] Epoch 34/80 time=00:00.14 avg=00:00.36 ETA=00:16.61 | GPU MB alloc/reserved=69.9/854.0
2026-04-07 12:41:46 | INFO | [Round 9] epoch=35/80 loss=1.2090 acc=55.50 val_acc=nan data_t=0.0029s batch_t=0.0262s epoch_t=00:00.32 lr=0.000602 | GPU MB alloc/reserved=69.9/854.0
2026-04-07 12:41:46 | INFO | [Round 9] Epoch 35/80 time=00:00.32 avg=00:00.36 ETA=00:16.19 | GPU MB alloc/reserved=69.9/854.0
2026-04-07 12:41:46 | INFO | [Round 9] epoch=36/80 loss=1.2046 acc=55.43 val_acc=nan data_t=0.0041s batch_t=0.0342s epoch_t=00:00.42 lr=0.000582 | GPU MB alloc/reserved=69.9/854.0
2026-04-07 12:41:46 | INFO | [Round 9] Epoch 36/80 time=00:00.42 avg=00:00.36 ETA=00:15.91 | GPU MB alloc/reserved=69.9/854.0
2026-04-07 12:41:46 | INFO | [Round 9] epoch=37/80 loss=1.1907 acc=56.57 val_acc=nan data_t=0.0034s batch_t=0.0343s epoch_t=00:00.42 lr=0.000563 | GPU MB alloc/reserved=69.9/854.0
2026-04-07 12:41:46 | INFO | [Round 9] Epoch 37/80 time=00:00.42 avg=00:00.36 ETA=00:15.61 | GPU MB alloc/reserved=69.9/854.0
2026-04-07 12:41:47 | INFO | [Round 9] epoch=38/80 loss=1.1736 acc=57.64 val_acc=nan data_t=0.0038s batch_t=0.0343s epoch_t=00:00.42 lr=0.000544 | GPU MB alloc/reserved=69.9/854.0
2026-04-07 12:41:47 | INFO | [Round 9] Epoch 38/80 time=00:00.42 avg=00:00.36 ETA=00:15.31 | GPU MB alloc/reserved=69.9/854.0
2026-04-07 12:41:47 | INFO | [Round 9] epoch=39/80 loss=1.1651 acc=55.64 val_acc=nan data_t=0.0045s batch_t=0.0344s epoch_t=00:00.43 lr=0.000524 | GPU MB alloc/reserved=69.9/854.0
2026-04-07 12:41:47 | INFO | [Round 9] Epoch 39/80 time=00:00.43 avg=00:00.37 ETA=00:15.01 | GPU MB alloc/reserved=69.9/854.0
2026-04-07 12:41:48 | INFO | [Round 9] epoch=40/80 loss=1.1462 acc=56.93 val_acc=nan data_t=0.0042s batch_t=0.0248s epoch_t=00:00.32 lr=0.000505 | GPU MB alloc/reserved=69.9/854.0
2026-04-07 12:41:48 | INFO | [Round 9] Epoch 40/80 time=00:00.32 avg=00:00.36 ETA=00:14.60 | GPU MB alloc/reserved=69.9/854.0
2026-04-07 12:41:48 | INFO | [Round 9] epoch=41/80 loss=1.1422 acc=57.71 val_acc=nan data_t=0.0043s batch_t=0.0134s epoch_t=00:00.19 lr=0.000486 | GPU MB alloc/reserved=69.9/854.0
2026-04-07 12:41:48 | INFO | [Round 9] Epoch 41/80 time=00:00.19 avg=00:00.36 ETA=00:14.07 | GPU MB alloc/reserved=69.9/854.0
2026-04-07 12:41:48 | INFO | [Round 9] epoch=42/80 loss=1.1009 acc=60.29 val_acc=nan data_t=0.0036s batch_t=0.0342s epoch_t=00:00.42 lr=0.000466 | GPU MB alloc/reserved=69.9/854.0
2026-04-07 12:41:48 | INFO | [Round 9] Epoch 42/80 time=00:00.42 avg=00:00.36 ETA=00:13.76 | GPU MB alloc/reserved=69.9/854.0
2026-04-07 12:41:49 | INFO | [Round 9] epoch=43/80 loss=1.1172 acc=59.00 val_acc=nan data_t=0.0038s batch_t=0.0343s epoch_t=00:00.42 lr=0.000447 | GPU MB alloc/reserved=69.9/854.0
2026-04-07 12:41:49 | INFO | [Round 9] Epoch 43/80 time=00:00.42 avg=00:00.36 ETA=00:13.45 | GPU MB alloc/reserved=69.9/854.0
2026-04-07 12:41:49 | INFO | [Round 9] epoch=44/80 loss=1.0699 acc=60.50 val_acc=nan data_t=0.0026s batch_t=0.0343s epoch_t=00:00.41 lr=0.000428 | GPU MB alloc/reserved=69.9/854.0
2026-04-07 12:41:49 | INFO | [Round 9] Epoch 44/80 time=00:00.41 avg=00:00.36 ETA=00:13.12 | GPU MB alloc/reserved=69.9/854.0
2026-04-07 12:41:49 | INFO | [Round 9] epoch=45/80 loss=1.0620 acc=59.07 val_acc=nan data_t=0.0036s batch_t=0.0343s epoch_t=00:00.42 lr=0.000408 | GPU MB alloc/reserved=69.9/854.0
2026-04-07 12:41:49 | INFO | [Round 9] Epoch 45/80 time=00:00.42 avg=00:00.37 ETA=00:12.79 | GPU MB alloc/reserved=69.9/854.0
2026-04-07 12:41:50 | INFO | [Round 9] epoch=46/80 loss=1.0421 acc=59.64 val_acc=nan data_t=0.0042s batch_t=0.0344s epoch_t=00:00.42 lr=0.000389 | GPU MB alloc/reserved=69.9/854.0
2026-04-07 12:41:50 | INFO | [Round 9] Epoch 46/80 time=00:00.42 avg=00:00.37 ETA=00:12.47 | GPU MB alloc/reserved=69.9/854.0
2026-04-07 12:41:50 | INFO | [Round 9] epoch=47/80 loss=1.0246 acc=61.21 val_acc=nan data_t=0.0039s batch_t=0.0106s epoch_t=00:00.16 lr=0.000371 | GPU MB alloc/reserved=69.9/854.0
2026-04-07 12:41:50 | INFO | [Round 9] Epoch 47/80 time=00:00.16 avg=00:00.36 ETA=00:11.96 | GPU MB alloc/reserved=69.9/854.0
2026-04-07 12:41:50 | INFO | [Round 9] epoch=48/80 loss=0.9979 acc=62.50 val_acc=nan data_t=0.0028s batch_t=0.0260s epoch_t=00:00.32 lr=0.000352 | GPU MB alloc/reserved=69.9/854.0
2026-04-07 12:41:50 | INFO | [Round 9] Epoch 48/80 time=00:00.32 avg=00:00.36 ETA=00:11.57 | GPU MB alloc/reserved=69.9/854.0
2026-04-07 12:41:51 | INFO | [Round 9] epoch=49/80 loss=1.0165 acc=61.93 val_acc=nan data_t=0.0036s batch_t=0.0343s epoch_t=00:00.42 lr=0.000334 | GPU MB alloc/reserved=69.9/854.0
2026-04-07 12:41:51 | INFO | [Round 9] Epoch 49/80 time=00:00.42 avg=00:00.36 ETA=00:11.24 | GPU MB alloc/reserved=69.9/854.0
2026-04-07 12:41:51 | INFO | [Round 9] epoch=50/80 loss=0.9789 acc=62.93 val_acc=nan data_t=0.0036s batch_t=0.0344s epoch_t=00:00.42 lr=0.000316 | GPU MB alloc/reserved=69.9/854.0
2026-04-07 12:41:51 | INFO | [Round 9] Epoch 50/80 time=00:00.42 avg=00:00.36 ETA=00:10.91 | GPU MB alloc/reserved=69.9/854.0
2026-04-07 12:41:52 | INFO | [Round 9] epoch=51/80 loss=0.9991 acc=62.71 val_acc=nan data_t=0.0025s batch_t=0.0341s epoch_t=00:00.40 lr=0.000298 | GPU MB alloc/reserved=69.9/854.0
2026-04-07 12:41:52 | INFO | [Round 9] Epoch 51/80 time=00:00.40 avg=00:00.36 ETA=00:10.57 | GPU MB alloc/reserved=69.9/854.0
2026-04-07 12:41:52 | INFO | [Round 9] epoch=52/80 loss=0.9554 acc=64.71 val_acc=nan data_t=0.0043s batch_t=0.0344s epoch_t=00:00.43 lr=0.000280 | GPU MB alloc/reserved=69.9/854.0
2026-04-07 12:41:52 | INFO | [Round 9] Epoch 52/80 time=00:00.43 avg=00:00.37 ETA=00:10.24 | GPU MB alloc/reserved=69.9/854.0
2026-04-07 12:41:52 | INFO | [Round 9] epoch=53/80 loss=0.9599 acc=62.93 val_acc=nan data_t=0.0042s batch_t=0.0270s epoch_t=00:00.34 lr=0.000263 | GPU MB alloc/reserved=69.9/854.0
2026-04-07 12:41:52 | INFO | [Round 9] Epoch 53/80 time=00:00.34 avg=00:00.37 ETA=00:09.86 | GPU MB alloc/reserved=69.9/854.0
2026-04-07 12:41:53 | INFO | [Round 9] epoch=54/80 loss=0.9690 acc=62.50 val_acc=nan data_t=0.0041s batch_t=0.0120s epoch_t=00:00.18 lr=0.000246 | GPU MB alloc/reserved=69.9/854.0
2026-04-07 12:41:53 | INFO | [Round 9] Epoch 54/80 time=00:00.18 avg=00:00.36 ETA=00:09.41 | GPU MB alloc/reserved=69.9/854.0
2026-04-07 12:41:53 | INFO | [Round 9] epoch=55/80 loss=0.9424 acc=64.50 val_acc=nan data_t=0.0034s batch_t=0.0342s epoch_t=00:00.41 lr=0.000230 | GPU MB alloc/reserved=69.9/854.0
2026-04-07 12:41:53 | INFO | [Round 9] Epoch 55/80 time=00:00.41 avg=00:00.36 ETA=00:09.07 | GPU MB alloc/reserved=69.9/854.0
2026-04-07 12:41:53 | INFO | [Round 9] epoch=56/80 loss=0.9029 acc=67.00 val_acc=nan data_t=0.0036s batch_t=0.0344s epoch_t=00:00.42 lr=0.000214 | GPU MB alloc/reserved=69.9/854.0
2026-04-07 12:41:53 | INFO | [Round 9] Epoch 56/80 time=00:00.42 avg=00:00.36 ETA=00:08.73 | GPU MB alloc/reserved=69.9/854.0
2026-04-07 12:41:54 | INFO | [Round 9] epoch=57/80 loss=0.9013 acc=65.43 val_acc=nan data_t=0.0039s batch_t=0.0344s epoch_t=00:00.42 lr=0.000199 | GPU MB alloc/reserved=69.9/854.0
2026-04-07 12:41:54 | INFO | [Round 9] Epoch 57/80 time=00:00.42 avg=00:00.36 ETA=00:08.39 | GPU MB alloc/reserved=69.9/854.0
2026-04-07 12:41:54 | INFO | [Round 9] epoch=58/80 loss=0.9022 acc=66.36 val_acc=nan data_t=0.0039s batch_t=0.0344s epoch_t=00:00.42 lr=0.000184 | GPU MB alloc/reserved=69.9/854.0
2026-04-07 12:41:54 | INFO | [Round 9] Epoch 58/80 time=00:00.42 avg=00:00.37 ETA=00:08.04 | GPU MB alloc/reserved=69.9/854.0
2026-04-07 12:41:55 | INFO | [Round 9] epoch=59/80 loss=0.8977 acc=65.86 val_acc=nan data_t=0.0039s batch_t=0.0343s epoch_t=00:00.42 lr=0.000169 | GPU MB alloc/reserved=69.9/854.0
2026-04-07 12:41:55 | INFO | [Round 9] Epoch 59/80 time=00:00.42 avg=00:00.37 ETA=00:07.70 | GPU MB alloc/reserved=69.9/854.0
2026-04-07 12:41:55 | INFO | [Round 9] epoch=60/80 loss=0.9090 acc=65.21 val_acc=nan data_t=0.0039s batch_t=0.0113s epoch_t=00:00.17 lr=0.000155 | GPU MB alloc/reserved=69.9/854.0
2026-04-07 12:41:55 | INFO | [Round 9] Epoch 60/80 time=00:00.17 avg=00:00.36 ETA=00:07.26 | GPU MB alloc/reserved=69.9/854.0
2026-04-07 12:41:55 | INFO | [Round 9] epoch=61/80 loss=0.8772 acc=66.71 val_acc=nan data_t=0.0048s batch_t=0.0302s epoch_t=00:00.38 lr=0.000142 | GPU MB alloc/reserved=69.9/854.0
2026-04-07 12:41:55 | INFO | [Round 9] Epoch 61/80 time=00:00.38 avg=00:00.36 ETA=00:06.91 | GPU MB alloc/reserved=69.9/854.0
2026-04-07 12:41:56 | INFO | [Round 9] epoch=62/80 loss=0.8598 acc=67.79 val_acc=nan data_t=0.0023s batch_t=0.0344s epoch_t=00:00.40 lr=0.000129 | GPU MB alloc/reserved=69.9/854.0
2026-04-07 12:41:56 | INFO | [Round 9] Epoch 62/80 time=00:00.40 avg=00:00.36 ETA=00:06.56 | GPU MB alloc/reserved=69.9/854.0
2026-04-07 12:41:56 | INFO | [Round 9] epoch=63/80 loss=0.8530 acc=67.57 val_acc=nan data_t=0.0035s batch_t=0.0344s epoch_t=00:00.42 lr=0.000116 | GPU MB alloc/reserved=69.9/854.0
2026-04-07 12:41:56 | INFO | [Round 9] Epoch 63/80 time=00:00.42 avg=00:00.37 ETA=00:06.21 | GPU MB alloc/reserved=69.9/854.0
2026-04-07 12:41:56 | INFO | [Round 9] epoch=64/80 loss=0.8624 acc=68.43 val_acc=nan data_t=0.0039s batch_t=0.0343s epoch_t=00:00.42 lr=0.000105 | GPU MB alloc/reserved=69.9/854.0
2026-04-07 12:41:56 | INFO | [Round 9] Epoch 64/80 time=00:00.42 avg=00:00.37 ETA=00:05.85 | GPU MB alloc/reserved=69.9/854.0
2026-04-07 12:41:57 | INFO | [Round 9] epoch=65/80 loss=0.8461 acc=68.00 val_acc=nan data_t=0.0035s batch_t=0.0342s epoch_t=00:00.41 lr=0.000093 | GPU MB alloc/reserved=69.9/854.0
2026-04-07 12:41:57 | INFO | [Round 9] Epoch 65/80 time=00:00.41 avg=00:00.37 ETA=00:05.50 | GPU MB alloc/reserved=69.9/854.0
2026-04-07 12:41:57 | INFO | [Round 9] epoch=66/80 loss=0.8436 acc=68.79 val_acc=nan data_t=0.0035s batch_t=0.0246s epoch_t=00:00.31 lr=0.000083 | GPU MB alloc/reserved=69.9/854.0
2026-04-07 12:41:57 | INFO | [Round 9] Epoch 66/80 time=00:00.31 avg=00:00.37 ETA=00:05.12 | GPU MB alloc/reserved=69.9/854.0
2026-04-07 12:41:57 | INFO | [Round 9] epoch=67/80 loss=0.8432 acc=67.93 val_acc=nan data_t=0.0035s batch_t=0.0114s epoch_t=00:00.16 lr=0.000073 | GPU MB alloc/reserved=69.9/854.0
2026-04-07 12:41:57 | INFO | [Round 9] Epoch 67/80 time=00:00.16 avg=00:00.36 ETA=00:04.72 | GPU MB alloc/reserved=69.9/854.0
2026-04-07 12:41:58 | INFO | [Round 9] epoch=68/80 loss=0.8372 acc=68.00 val_acc=nan data_t=0.0022s batch_t=0.0344s epoch_t=00:00.40 lr=0.000064 | GPU MB alloc/reserved=69.9/854.0
2026-04-07 12:41:58 | INFO | [Round 9] Epoch 68/80 time=00:00.40 avg=00:00.36 ETA=00:04.36 | GPU MB alloc/reserved=69.9/854.0
2026-04-07 12:41:58 | INFO | [Round 9] epoch=69/80 loss=0.8197 acc=70.36 val_acc=nan data_t=0.0046s batch_t=0.0344s epoch_t=00:00.43 lr=0.000055 | GPU MB alloc/reserved=69.9/854.0
2026-04-07 12:41:58 | INFO | [Round 9] Epoch 69/80 time=00:00.43 avg=00:00.36 ETA=00:04.01 | GPU MB alloc/reserved=69.9/854.0
2026-04-07 12:41:59 | INFO | [Round 9] epoch=70/80 loss=0.8507 acc=67.07 val_acc=nan data_t=0.0042s batch_t=0.0343s epoch_t=00:00.42 lr=0.000048 | GPU MB alloc/reserved=69.9/854.0
2026-04-07 12:41:59 | INFO | [Round 9] Epoch 70/80 time=00:00.42 avg=00:00.37 ETA=00:03.65 | GPU MB alloc/reserved=69.9/854.0
2026-04-07 12:41:59 | INFO | [Round 9] epoch=71/80 loss=0.8263 acc=69.21 val_acc=nan data_t=0.0037s batch_t=0.0343s epoch_t=00:00.42 lr=0.000041 | GPU MB alloc/reserved=69.9/854.0
2026-04-07 12:41:59 | INFO | [Round 9] Epoch 71/80 time=00:00.42 avg=00:00.37 ETA=00:03.29 | GPU MB alloc/reserved=69.9/854.0
2026-04-07 12:41:59 | INFO | [Round 9] epoch=72/80 loss=0.8156 acc=68.93 val_acc=nan data_t=0.0025s batch_t=0.0342s epoch_t=00:00.40 lr=0.000034 | GPU MB alloc/reserved=69.9/854.0
2026-04-07 12:41:59 | INFO | [Round 9] Epoch 72/80 time=00:00.40 avg=00:00.37 ETA=00:02.93 | GPU MB alloc/reserved=69.9/854.0
2026-04-07 12:42:00 | INFO | [Round 9] epoch=73/80 loss=0.8338 acc=69.00 val_acc=nan data_t=0.0035s batch_t=0.0136s epoch_t=00:00.19 lr=0.000029 | GPU MB alloc/reserved=69.9/854.0
2026-04-07 12:42:00 | INFO | [Round 9] Epoch 73/80 time=00:00.19 avg=00:00.36 ETA=00:02.55 | GPU MB alloc/reserved=69.9/854.0
2026-04-07 12:42:00 | INFO | [Round 9] epoch=74/80 loss=0.8036 acc=69.50 val_acc=nan data_t=0.0035s batch_t=0.0236s epoch_t=00:00.30 lr=0.000024 | GPU MB alloc/reserved=69.9/854.0
2026-04-07 12:42:00 | INFO | [Round 9] Epoch 74/80 time=00:00.30 avg=00:00.36 ETA=00:02.18 | GPU MB alloc/reserved=69.9/854.0
2026-04-07 12:42:00 | INFO | [Round 9] epoch=75/80 loss=0.7777 acc=72.50 val_acc=nan data_t=0.0024s batch_t=0.0342s epoch_t=00:00.40 lr=0.000020 | GPU MB alloc/reserved=69.9/854.0
2026-04-07 12:42:00 | INFO | [Round 9] Epoch 75/80 time=00:00.40 avg=00:00.36 ETA=00:01.82 | GPU MB alloc/reserved=69.9/854.0
2026-04-07 12:42:01 | INFO | [Round 9] epoch=76/80 loss=0.8083 acc=69.21 val_acc=nan data_t=0.0037s batch_t=0.0344s epoch_t=00:00.42 lr=0.000016 | GPU MB alloc/reserved=69.9/854.0
2026-04-07 12:42:01 | INFO | [Round 9] Epoch 76/80 time=00:00.42 avg=00:00.36 ETA=00:01.46 | GPU MB alloc/reserved=69.9/854.0
2026-04-07 12:42:01 | INFO | [Round 9] epoch=77/80 loss=0.7949 acc=71.14 val_acc=nan data_t=0.0033s batch_t=0.0343s epoch_t=00:00.41 lr=0.000013 | GPU MB alloc/reserved=69.9/854.0
2026-04-07 12:42:01 | INFO | [Round 9] Epoch 77/80 time=00:00.41 avg=00:00.37 ETA=00:01.10 | GPU MB alloc/reserved=69.9/854.0
2026-04-07 12:42:02 | INFO | [Round 9] epoch=78/80 loss=0.7797 acc=71.43 val_acc=nan data_t=0.0044s batch_t=0.0343s epoch_t=00:00.43 lr=0.000012 | GPU MB alloc/reserved=69.9/854.0
2026-04-07 12:42:02 | INFO | [Round 9] Epoch 78/80 time=00:00.43 avg=00:00.37 ETA=00:00.73 | GPU MB alloc/reserved=69.9/854.0
2026-04-07 12:42:02 | INFO | [Round 9] epoch=79/80 loss=0.8333 acc=68.57 val_acc=nan data_t=0.0041s batch_t=0.0296s epoch_t=00:00.37 lr=0.000010 | GPU MB alloc/reserved=69.9/854.0
2026-04-07 12:42:02 | INFO | [Round 9] Epoch 79/80 time=00:00.37 avg=00:00.37 ETA=00:00.37 | GPU MB alloc/reserved=69.9/854.0
2026-04-07 12:42:02 | INFO | [Round 9] epoch=80/80 loss=0.7968 acc=70.64 val_acc=nan data_t=0.0040s batch_t=0.0086s epoch_t=00:00.14 lr=0.000010 | GPU MB alloc/reserved=69.9/854.0
2026-04-07 12:42:02 | INFO | [Round 9] Epoch 80/80 time=00:00.14 avg=00:00.36 ETA=00:00.00 | GPU MB alloc/reserved=69.9/854.0
2026-04-07 12:42:02 | INFO | [Round 9] training complete in 00:29.16 (best monitor=72.500) | GPU MB alloc/reserved=69.9/854.0
2026-04-07 12:42:02 | INFO | [Round 9] evaluation started | GPU MB alloc/reserved=52.0/854.0
2026-04-07 12:42:05 | INFO | [Round 9] clean=54.78 fgsm=45.59 pgd=45.44 grad_disp_mean=nan grad_disp_sel=nan round_t=33.78s | GPU MB alloc/reserved=52.0/854.0
2026-04-07 12:42:05 | INFO | [Round 10/21] elapsed=00:33.78 avg_round=00:26.58 projected_remaining=04:52.39 | GPU MB alloc/reserved=52.0/854.0
2026-04-07 12:42:06 | INFO | [Round 10] acquisition on pool_size=48600 scored_pool=5000 budget=100 | GPU MB alloc/reserved=34.1/854.0
2026-04-07 12:42:06 | INFO | [CoreSet-unlabeled-feat] scoring progress 10/20 elapsed=00:00.22 avg/batch=0.022s ETA=00:00.22 | GPU MB alloc/reserved=40.6/854.0
2026-04-07 12:42:06 | INFO | [CoreSet-unlabeled-feat] scoring progress 20/20 elapsed=00:00.23 avg/batch=0.012s ETA=00:00.00 | GPU MB alloc/reserved=40.6/854.0
2026-04-07 12:42:06 | INFO | [CoreSet-labeled-feat] scoring progress 6/6 elapsed=00:00.19 avg/batch=0.031s ETA=00:00.00 | GPU MB alloc/reserved=41.8/854.0
2026-04-07 12:42:06 | INFO | [CoreSet] greedy 10/100 cover_radius=26.508982 | GPU: n/a
2026-04-07 12:42:06 | INFO | [CoreSet] greedy 20/100 cover_radius=25.660908 | GPU: n/a
2026-04-07 12:42:06 | INFO | [CoreSet] greedy 30/100 cover_radius=24.777910 | GPU: n/a
2026-04-07 12:42:06 | INFO | [CoreSet] greedy 40/100 cover_radius=24.004152 | GPU: n/a
2026-04-07 12:42:07 | INFO | [CoreSet] greedy 50/100 cover_radius=23.697361 | GPU: n/a
2026-04-07 12:42:07 | INFO | [CoreSet] greedy 60/100 cover_radius=23.524008 | GPU: n/a
2026-04-07 12:42:07 | INFO | [CoreSet] greedy 70/100 cover_radius=23.281847 | GPU: n/a
2026-04-07 12:42:07 | INFO | [CoreSet] greedy 80/100 cover_radius=23.130613 | GPU: n/a
2026-04-07 12:42:07 | INFO | [CoreSet] greedy 90/100 cover_radius=22.933865 | GPU: n/a
2026-04-07 12:42:07 | INFO | [CoreSet] greedy 100/100 cover_radius=22.753584 | GPU: n/a
2026-04-07 12:42:07 | INFO | [Round 10] labeled=1500 train=1500 val_fixed=0 | GPU MB alloc/reserved=43.1/854.0
2026-04-07 12:42:07 | INFO | [Round 10] epoch=1/80 loss=4.6135 acc=15.00 val_acc=nan data_t=0.0147s batch_t=0.0365s epoch_t=00:00.61 lr=0.001000 | GPU MB alloc/reserved=69.9/854.0
2026-04-07 12:42:07 | INFO | [Round 10] Epoch 1/80 time=00:00.61 avg=00:00.61 ETA=00:48.55 | GPU MB alloc/reserved=69.9/854.0
2026-04-07 12:42:08 | INFO | [Round 10] epoch=2/80 loss=2.2871 acc=20.20 val_acc=nan data_t=0.0027s batch_t=0.0342s epoch_t=00:00.44 lr=0.000998 | GPU MB alloc/reserved=69.9/854.0
2026-04-07 12:42:08 | INFO | [Round 10] Epoch 2/80 time=00:00.44 avg=00:00.53 ETA=00:41.27 | GPU MB alloc/reserved=69.9/854.0
2026-04-07 12:42:08 | INFO | [Round 10] epoch=3/80 loss=2.0576 acc=25.53 val_acc=nan data_t=0.0031s batch_t=0.0342s epoch_t=00:00.45 lr=0.000997 | GPU MB alloc/reserved=69.9/854.0
2026-04-07 12:42:08 | INFO | [Round 10] Epoch 3/80 time=00:00.45 avg=00:00.50 ETA=00:38.66 | GPU MB alloc/reserved=69.9/854.0
2026-04-07 12:42:09 | INFO | [Round 10] epoch=4/80 loss=2.0073 acc=25.73 val_acc=nan data_t=0.0037s batch_t=0.0343s epoch_t=00:00.46 lr=0.000994 | GPU MB alloc/reserved=69.9/854.0
2026-04-07 12:42:09 | INFO | [Round 10] Epoch 4/80 time=00:00.46 avg=00:00.49 ETA=00:37.29 | GPU MB alloc/reserved=69.9/854.0
2026-04-07 12:42:09 | INFO | [Round 10] epoch=5/80 loss=1.9634 acc=28.00 val_acc=nan data_t=0.0037s batch_t=0.0118s epoch_t=00:00.19 lr=0.000990 | GPU MB alloc/reserved=69.9/854.0
2026-04-07 12:42:09 | INFO | [Round 10] Epoch 5/80 time=00:00.19 avg=00:00.43 ETA=00:32.22 | GPU MB alloc/reserved=69.9/854.0
2026-04-07 12:42:09 | INFO | [Round 10] epoch=6/80 loss=1.9218 acc=31.27 val_acc=nan data_t=0.0025s batch_t=0.0260s epoch_t=00:00.34 lr=0.000986 | GPU MB alloc/reserved=69.9/854.0
2026-04-07 12:42:09 | INFO | [Round 10] Epoch 6/80 time=00:00.34 avg=00:00.42 ETA=00:30.72 | GPU MB alloc/reserved=69.9/854.0
2026-04-07 12:42:10 | INFO | [Round 10] epoch=7/80 loss=1.8766 acc=31.07 val_acc=nan data_t=0.0034s batch_t=0.0341s epoch_t=00:00.45 lr=0.000981 | GPU MB alloc/reserved=69.9/854.0
2026-04-07 12:42:10 | INFO | [Round 10] Epoch 7/80 time=00:00.45 avg=00:00.42 ETA=00:30.67 | GPU MB alloc/reserved=69.9/854.0
2026-04-07 12:42:10 | INFO | [Round 10] epoch=8/80 loss=1.8691 acc=31.60 val_acc=nan data_t=0.0039s batch_t=0.0342s epoch_t=00:00.46 lr=0.000976 | GPU MB alloc/reserved=69.9/854.0
2026-04-07 12:42:10 | INFO | [Round 10] Epoch 8/80 time=00:00.46 avg=00:00.42 ETA=00:30.58 | GPU MB alloc/reserved=69.9/854.0
2026-04-07 12:42:11 | INFO | [Round 10] epoch=9/80 loss=1.8038 acc=34.27 val_acc=nan data_t=0.0040s batch_t=0.0342s epoch_t=00:00.46 lr=0.000969 | GPU MB alloc/reserved=69.9/854.0
2026-04-07 12:42:11 | INFO | [Round 10] Epoch 9/80 time=00:00.46 avg=00:00.43 ETA=00:30.42 | GPU MB alloc/reserved=69.9/854.0
2026-04-07 12:42:11 | INFO | [Round 10] epoch=10/80 loss=1.7618 acc=35.33 val_acc=nan data_t=0.0035s batch_t=0.0341s epoch_t=00:00.45 lr=0.000962 | GPU MB alloc/reserved=69.9/854.0
2026-04-07 12:42:11 | INFO | [Round 10] Epoch 10/80 time=00:00.45 avg=00:00.43 ETA=00:30.16 | GPU MB alloc/reserved=69.9/854.0
2026-04-07 12:42:11 | INFO | [Round 10] epoch=11/80 loss=1.7551 acc=36.27 val_acc=nan data_t=0.0038s batch_t=0.0128s epoch_t=00:00.20 lr=0.000955 | GPU MB alloc/reserved=69.9/854.0
2026-04-07 12:42:11 | INFO | [Round 10] Epoch 11/80 time=00:00.20 avg=00:00.41 ETA=00:28.28 | GPU MB alloc/reserved=69.9/854.0
2026-04-07 12:42:12 | INFO | [Round 10] epoch=12/80 loss=1.6899 acc=36.67 val_acc=nan data_t=0.0024s batch_t=0.0219s epoch_t=00:00.29 lr=0.000946 | GPU MB alloc/reserved=69.9/854.0
2026-04-07 12:42:12 | INFO | [Round 10] Epoch 12/80 time=00:00.29 avg=00:00.40 ETA=00:27.20 | GPU MB alloc/reserved=69.9/854.0
2026-04-07 12:42:12 | INFO | [Round 10] epoch=13/80 loss=1.6508 acc=40.00 val_acc=nan data_t=0.0025s batch_t=0.0341s epoch_t=00:00.44 lr=0.000937 | GPU MB alloc/reserved=69.9/854.0
2026-04-07 12:42:12 | INFO | [Round 10] Epoch 13/80 time=00:00.44 avg=00:00.40 ETA=00:27.01 | GPU MB alloc/reserved=69.9/854.0
2026-04-07 12:42:12 | INFO | [Round 10] epoch=14/80 loss=1.6285 acc=39.87 val_acc=nan data_t=0.0028s batch_t=0.0341s epoch_t=00:00.44 lr=0.000927 | GPU MB alloc/reserved=69.9/854.0
2026-04-07 12:42:12 | INFO | [Round 10] Epoch 14/80 time=00:00.44 avg=00:00.41 ETA=00:26.79 | GPU MB alloc/reserved=69.9/854.0
2026-04-07 12:42:13 | INFO | [Round 10] epoch=15/80 loss=1.6009 acc=41.87 val_acc=nan data_t=0.0029s batch_t=0.0342s epoch_t=00:00.45 lr=0.000917 | GPU MB alloc/reserved=69.9/854.0
2026-04-07 12:42:13 | INFO | [Round 10] Epoch 15/80 time=00:00.45 avg=00:00.41 ETA=00:26.56 | GPU MB alloc/reserved=69.9/854.0
2026-04-07 12:42:13 | INFO | [Round 10] epoch=16/80 loss=1.5849 acc=40.07 val_acc=nan data_t=0.0033s batch_t=0.0342s epoch_t=00:00.45 lr=0.000905 | GPU MB alloc/reserved=69.9/854.0
2026-04-07 12:42:13 | INFO | [Round 10] Epoch 16/80 time=00:00.45 avg=00:00.41 ETA=00:26.32 | GPU MB alloc/reserved=69.9/854.0
2026-04-07 12:42:14 | INFO | [Round 10] epoch=17/80 loss=1.5605 acc=42.33 val_acc=nan data_t=0.0023s batch_t=0.0222s epoch_t=00:00.29 lr=0.000894 | GPU MB alloc/reserved=69.9/854.0
2026-04-07 12:42:14 | INFO | [Round 10] Epoch 17/80 time=00:00.29 avg=00:00.40 ETA=00:25.47 | GPU MB alloc/reserved=69.9/854.0
2026-04-07 12:42:14 | INFO | [Round 10] epoch=18/80 loss=1.5381 acc=43.00 val_acc=nan data_t=0.0039s batch_t=0.0154s epoch_t=00:00.23 lr=0.000881 | GPU MB alloc/reserved=69.9/854.0
2026-04-07 12:42:14 | INFO | [Round 10] Epoch 18/80 time=00:00.23 avg=00:00.39 ETA=00:24.47 | GPU MB alloc/reserved=69.9/854.0
2026-04-07 12:42:14 | INFO | [Round 10] epoch=19/80 loss=1.5155 acc=45.20 val_acc=nan data_t=0.0022s batch_t=0.0342s epoch_t=00:00.44 lr=0.000868 | GPU MB alloc/reserved=69.9/854.0
2026-04-07 12:42:14 | INFO | [Round 10] Epoch 19/80 time=00:00.44 avg=00:00.40 ETA=00:24.21 | GPU MB alloc/reserved=69.9/854.0
2026-04-07 12:42:15 | INFO | [Round 10] epoch=20/80 loss=1.4863 acc=44.00 val_acc=nan data_t=0.0038s batch_t=0.0342s epoch_t=00:00.46 lr=0.000855 | GPU MB alloc/reserved=69.9/854.0
2026-04-07 12:42:15 | INFO | [Round 10] Epoch 20/80 time=00:00.46 avg=00:00.40 ETA=00:23.99 | GPU MB alloc/reserved=69.9/854.0
2026-04-07 12:42:15 | INFO | [Round 10] epoch=21/80 loss=1.4755 acc=46.27 val_acc=nan data_t=0.0026s batch_t=0.0343s epoch_t=00:00.44 lr=0.000841 | GPU MB alloc/reserved=69.9/854.0
2026-04-07 12:42:15 | INFO | [Round 10] Epoch 21/80 time=00:00.44 avg=00:00.40 ETA=00:23.71 | GPU MB alloc/reserved=69.9/854.0
2026-04-07 12:42:16 | INFO | [Round 10] epoch=22/80 loss=1.4364 acc=46.20 val_acc=nan data_t=0.0036s batch_t=0.0343s epoch_t=00:00.45 lr=0.000826 | GPU MB alloc/reserved=69.9/854.0
2026-04-07 12:42:16 | INFO | [Round 10] Epoch 22/80 time=00:00.45 avg=00:00.40 ETA=00:23.45 | GPU MB alloc/reserved=69.9/854.0
2026-04-07 12:42:16 | INFO | [Round 10] epoch=23/80 loss=1.4213 acc=48.00 val_acc=nan data_t=0.0038s batch_t=0.0263s epoch_t=00:00.36 lr=0.000811 | GPU MB alloc/reserved=69.9/854.0
2026-04-07 12:42:16 | INFO | [Round 10] Epoch 23/80 time=00:00.36 avg=00:00.40 ETA=00:22.94 | GPU MB alloc/reserved=69.9/854.0
2026-04-07 12:42:16 | INFO | [Round 10] epoch=24/80 loss=1.4388 acc=46.60 val_acc=nan data_t=0.0024s batch_t=0.0127s epoch_t=00:00.18 lr=0.000796 | GPU MB alloc/reserved=69.9/854.0
2026-04-07 12:42:16 | INFO | [Round 10] Epoch 24/80 time=00:00.18 avg=00:00.39 ETA=00:22.02 | GPU MB alloc/reserved=69.9/854.0
2026-04-07 12:42:17 | INFO | [Round 10] epoch=25/80 loss=1.3864 acc=47.73 val_acc=nan data_t=0.0022s batch_t=0.0341s epoch_t=00:00.44 lr=0.000780 | GPU MB alloc/reserved=69.9/854.0
2026-04-07 12:42:17 | INFO | [Round 10] Epoch 25/80 time=00:00.44 avg=00:00.39 ETA=00:21.72 | GPU MB alloc/reserved=69.9/854.0
2026-04-07 12:42:17 | INFO | [Round 10] epoch=26/80 loss=1.3979 acc=47.13 val_acc=nan data_t=0.0022s batch_t=0.0343s epoch_t=00:00.44 lr=0.000764 | GPU MB alloc/reserved=69.9/854.0
2026-04-07 12:42:17 | INFO | [Round 10] Epoch 26/80 time=00:00.44 avg=00:00.40 ETA=00:21.42 | GPU MB alloc/reserved=69.9/854.0
2026-04-07 12:42:18 | INFO | [Round 10] epoch=27/80 loss=1.3701 acc=49.00 val_acc=nan data_t=0.0023s batch_t=0.0342s epoch_t=00:00.44 lr=0.000747 | GPU MB alloc/reserved=69.9/854.0
2026-04-07 12:42:18 | INFO | [Round 10] Epoch 27/80 time=00:00.44 avg=00:00.40 ETA=00:21.10 | GPU MB alloc/reserved=69.9/854.0
2026-04-07 12:42:18 | INFO | [Round 10] epoch=28/80 loss=1.3677 acc=48.80 val_acc=nan data_t=0.0026s batch_t=0.0342s epoch_t=00:00.44 lr=0.000730 | GPU MB alloc/reserved=69.9/854.0
2026-04-07 12:42:18 | INFO | [Round 10] Epoch 28/80 time=00:00.44 avg=00:00.40 ETA=00:20.78 | GPU MB alloc/reserved=69.9/854.0
2026-04-07 12:42:18 | INFO | [Round 10] epoch=29/80 loss=1.3365 acc=49.60 val_acc=nan data_t=0.0026s batch_t=0.0341s epoch_t=00:00.44 lr=0.000712 | GPU MB alloc/reserved=69.9/854.0
2026-04-07 12:42:18 | INFO | [Round 10] Epoch 29/80 time=00:00.44 avg=00:00.40 ETA=00:20.45 | GPU MB alloc/reserved=69.9/854.0
2026-04-07 12:42:19 | INFO | [Round 10] epoch=30/80 loss=1.3266 acc=50.60 val_acc=nan data_t=0.0035s batch_t=0.0093s epoch_t=00:00.15 lr=0.000694 | GPU MB alloc/reserved=69.9/854.0
2026-04-07 12:42:19 | INFO | [Round 10] Epoch 30/80 time=00:00.15 avg=00:00.39 ETA=00:19.64 | GPU MB alloc/reserved=69.9/854.0
2026-04-07 12:42:19 | INFO | [Round 10] epoch=31/80 loss=1.3099 acc=51.67 val_acc=nan data_t=0.0023s batch_t=0.0340s epoch_t=00:00.44 lr=0.000676 | GPU MB alloc/reserved=69.9/854.0
2026-04-07 12:42:19 | INFO | [Round 10] Epoch 31/80 time=00:00.44 avg=00:00.39 ETA=00:19.32 | GPU MB alloc/reserved=69.9/854.0
2026-04-07 12:42:19 | INFO | [Round 10] epoch=32/80 loss=1.2877 acc=49.93 val_acc=nan data_t=0.0025s batch_t=0.0343s epoch_t=00:00.44 lr=0.000658 | GPU MB alloc/reserved=69.9/854.0
2026-04-07 12:42:19 | INFO | [Round 10] Epoch 32/80 time=00:00.44 avg=00:00.40 ETA=00:18.99 | GPU MB alloc/reserved=69.9/854.0
2026-04-07 12:42:20 | INFO | [Round 10] epoch=33/80 loss=1.2646 acc=52.67 val_acc=nan data_t=0.0037s batch_t=0.0342s epoch_t=00:00.46 lr=0.000639 | GPU MB alloc/reserved=69.9/854.0
2026-04-07 12:42:20 | INFO | [Round 10] Epoch 33/80 time=00:00.46 avg=00:00.40 ETA=00:18.68 | GPU MB alloc/reserved=69.9/854.0
2026-04-07 12:42:20 | INFO | [Round 10] epoch=34/80 loss=1.2419 acc=52.53 val_acc=nan data_t=0.0037s batch_t=0.0341s epoch_t=00:00.45 lr=0.000621 | GPU MB alloc/reserved=69.9/854.0
2026-04-07 12:42:20 | INFO | [Round 10] Epoch 34/80 time=00:00.45 avg=00:00.40 ETA=00:18.36 | GPU MB alloc/reserved=69.9/854.0
2026-04-07 12:42:21 | INFO | [Round 10] epoch=35/80 loss=1.2395 acc=55.13 val_acc=nan data_t=0.0035s batch_t=0.0341s epoch_t=00:00.45 lr=0.000602 | GPU MB alloc/reserved=69.9/854.0
2026-04-07 12:42:21 | INFO | [Round 10] Epoch 35/80 time=00:00.45 avg=00:00.40 ETA=00:18.03 | GPU MB alloc/reserved=69.9/854.0
2026-04-07 12:42:21 | INFO | [Round 10] epoch=36/80 loss=1.2327 acc=54.07 val_acc=nan data_t=0.0032s batch_t=0.0096s epoch_t=00:00.15 lr=0.000582 | GPU MB alloc/reserved=69.9/854.0
2026-04-07 12:42:21 | INFO | [Round 10] Epoch 36/80 time=00:00.15 avg=00:00.39 ETA=00:17.33 | GPU MB alloc/reserved=69.9/854.0
2026-04-07 12:42:21 | INFO | [Round 10] epoch=37/80 loss=1.2140 acc=55.47 val_acc=nan data_t=0.0033s batch_t=0.0341s epoch_t=00:00.45 lr=0.000563 | GPU MB alloc/reserved=69.9/854.0
2026-04-07 12:42:21 | INFO | [Round 10] Epoch 37/80 time=00:00.45 avg=00:00.40 ETA=00:17.00 | GPU MB alloc/reserved=69.9/854.0
2026-04-07 12:42:22 | INFO | [Round 10] epoch=38/80 loss=1.2410 acc=53.87 val_acc=nan data_t=0.0025s batch_t=0.0341s epoch_t=00:00.44 lr=0.000544 | GPU MB alloc/reserved=69.9/854.0
2026-04-07 12:42:22 | INFO | [Round 10] Epoch 38/80 time=00:00.44 avg=00:00.40 ETA=00:16.65 | GPU MB alloc/reserved=69.9/854.0
2026-04-07 12:42:22 | INFO | [Round 10] epoch=39/80 loss=1.1892 acc=53.40 val_acc=nan data_t=0.0038s batch_t=0.0341s epoch_t=00:00.46 lr=0.000524 | GPU MB alloc/reserved=69.9/854.0
2026-04-07 12:42:22 | INFO | [Round 10] Epoch 39/80 time=00:00.46 avg=00:00.40 ETA=00:16.32 | GPU MB alloc/reserved=69.9/854.0
2026-04-07 12:42:23 | INFO | [Round 10] epoch=40/80 loss=1.1887 acc=55.27 val_acc=nan data_t=0.0034s batch_t=0.0342s epoch_t=00:00.45 lr=0.000505 | GPU MB alloc/reserved=69.9/854.0
2026-04-07 12:42:23 | INFO | [Round 10] Epoch 40/80 time=00:00.45 avg=00:00.40 ETA=00:15.97 | GPU MB alloc/reserved=69.9/854.0
2026-04-07 12:42:23 | INFO | [Round 10] epoch=41/80 loss=1.1799 acc=56.00 val_acc=nan data_t=0.0039s batch_t=0.0327s epoch_t=00:00.44 lr=0.000486 | GPU MB alloc/reserved=69.9/854.0
2026-04-07 12:42:23 | INFO | [Round 10] Epoch 41/80 time=00:00.44 avg=00:00.40 ETA=00:15.61 | GPU MB alloc/reserved=69.9/854.0
2026-04-07 12:42:23 | INFO | [Round 10] epoch=42/80 loss=1.1738 acc=56.20 val_acc=nan data_t=0.0041s batch_t=0.0142s epoch_t=00:00.22 lr=0.000466 | GPU MB alloc/reserved=69.9/854.0
2026-04-07 12:42:23 | INFO | [Round 10] Epoch 42/80 time=00:00.22 avg=00:00.40 ETA=00:15.05 | GPU MB alloc/reserved=69.9/854.0
2026-04-07 12:42:24 | INFO | [Round 10] epoch=43/80 loss=1.1337 acc=57.07 val_acc=nan data_t=0.0024s batch_t=0.0342s epoch_t=00:00.44 lr=0.000447 | GPU MB alloc/reserved=69.9/854.0
2026-04-07 12:42:24 | INFO | [Round 10] Epoch 43/80 time=00:00.44 avg=00:00.40 ETA=00:14.69 | GPU MB alloc/reserved=69.9/854.0
2026-04-07 12:42:24 | INFO | [Round 10] epoch=44/80 loss=1.1194 acc=59.13 val_acc=nan data_t=0.0023s batch_t=0.0341s epoch_t=00:00.44 lr=0.000428 | GPU MB alloc/reserved=69.9/854.0
2026-04-07 12:42:24 | INFO | [Round 10] Epoch 44/80 time=00:00.44 avg=00:00.40 ETA=00:14.32 | GPU MB alloc/reserved=69.9/854.0
2026-04-07 12:42:25 | INFO | [Round 10] epoch=45/80 loss=1.0967 acc=59.13 val_acc=nan data_t=0.0023s batch_t=0.0342s epoch_t=00:00.44 lr=0.000408 | GPU MB alloc/reserved=69.9/854.0
2026-04-07 12:42:25 | INFO | [Round 10] Epoch 45/80 time=00:00.44 avg=00:00.40 ETA=00:13.96 | GPU MB alloc/reserved=69.9/854.0
2026-04-07 12:42:25 | INFO | [Round 10] epoch=46/80 loss=1.1124 acc=57.47 val_acc=nan data_t=0.0027s batch_t=0.0341s epoch_t=00:00.44 lr=0.000389 | GPU MB alloc/reserved=69.9/854.0
2026-04-07 12:42:25 | INFO | [Round 10] Epoch 46/80 time=00:00.44 avg=00:00.40 ETA=00:13.59 | GPU MB alloc/reserved=69.9/854.0
2026-04-07 12:42:26 | INFO | [Round 10] epoch=47/80 loss=1.0904 acc=58.73 val_acc=nan data_t=0.0038s batch_t=0.0310s epoch_t=00:00.42 lr=0.000371 | GPU MB alloc/reserved=69.9/854.0
2026-04-07 12:42:26 | INFO | [Round 10] Epoch 47/80 time=00:00.42 avg=00:00.40 ETA=00:13.20 | GPU MB alloc/reserved=69.9/854.0
2026-04-07 12:42:26 | INFO | [Round 10] epoch=48/80 loss=1.0880 acc=59.27 val_acc=nan data_t=0.0028s batch_t=0.0089s epoch_t=00:00.14 lr=0.000352 | GPU MB alloc/reserved=69.9/854.0
2026-04-07 12:42:26 | INFO | [Round 10] Epoch 48/80 time=00:00.14 avg=00:00.39 ETA=00:12.63 | GPU MB alloc/reserved=69.9/854.0
2026-04-07 12:42:26 | INFO | [Round 10] epoch=49/80 loss=1.0755 acc=60.60 val_acc=nan data_t=0.0022s batch_t=0.0343s epoch_t=00:00.44 lr=0.000334 | GPU MB alloc/reserved=69.9/854.0
2026-04-07 12:42:26 | INFO | [Round 10] Epoch 49/80 time=00:00.44 avg=00:00.40 ETA=00:12.26 | GPU MB alloc/reserved=69.9/854.0
2026-04-07 12:42:27 | INFO | [Round 10] epoch=50/80 loss=1.0839 acc=58.20 val_acc=nan data_t=0.0024s batch_t=0.0342s epoch_t=00:00.44 lr=0.000316 | GPU MB alloc/reserved=69.9/854.0
2026-04-07 12:42:27 | INFO | [Round 10] Epoch 50/80 time=00:00.44 avg=00:00.40 ETA=00:11.89 | GPU MB alloc/reserved=69.9/854.0
2026-04-07 12:42:27 | INFO | [Round 10] epoch=51/80 loss=1.0723 acc=59.60 val_acc=nan data_t=0.0022s batch_t=0.0342s epoch_t=00:00.44 lr=0.000298 | GPU MB alloc/reserved=69.9/854.0
2026-04-07 12:42:27 | INFO | [Round 10] Epoch 51/80 time=00:00.44 avg=00:00.40 ETA=00:11.52 | GPU MB alloc/reserved=69.9/854.0
2026-04-07 12:42:28 | INFO | [Round 10] epoch=52/80 loss=1.0563 acc=60.47 val_acc=nan data_t=0.0043s batch_t=0.0342s epoch_t=00:00.46 lr=0.000280 | GPU MB alloc/reserved=69.9/854.0
2026-04-07 12:42:28 | INFO | [Round 10] Epoch 52/80 time=00:00.46 avg=00:00.40 ETA=00:11.16 | GPU MB alloc/reserved=69.9/854.0
2026-04-07 12:42:28 | INFO | [Round 10] epoch=53/80 loss=1.0313 acc=60.00 val_acc=nan data_t=0.0043s batch_t=0.0335s epoch_t=00:00.45 lr=0.000263 | GPU MB alloc/reserved=69.9/854.0
2026-04-07 12:42:28 | INFO | [Round 10] Epoch 53/80 time=00:00.45 avg=00:00.40 ETA=00:10.79 | GPU MB alloc/reserved=69.9/854.0
2026-04-07 12:42:28 | INFO | [Round 10] epoch=54/80 loss=1.0321 acc=62.13 val_acc=nan data_t=0.0032s batch_t=0.0084s epoch_t=00:00.14 lr=0.000246 | GPU MB alloc/reserved=69.9/854.0
2026-04-07 12:42:28 | INFO | [Round 10] Epoch 54/80 time=00:00.14 avg=00:00.39 ETA=00:10.26 | GPU MB alloc/reserved=69.9/854.0
2026-04-07 12:42:29 | INFO | [Round 10] epoch=55/80 loss=0.9964 acc=64.20 val_acc=nan data_t=0.0029s batch_t=0.0341s epoch_t=00:00.44 lr=0.000230 | GPU MB alloc/reserved=69.9/854.0
2026-04-07 12:42:29 | INFO | [Round 10] Epoch 55/80 time=00:00.44 avg=00:00.40 ETA=00:09.89 | GPU MB alloc/reserved=69.9/854.0
2026-04-07 12:42:29 | INFO | [Round 10] epoch=56/80 loss=0.9691 acc=63.67 val_acc=nan data_t=0.0032s batch_t=0.0343s epoch_t=00:00.45 lr=0.000214 | GPU MB alloc/reserved=69.9/854.0
2026-04-07 12:42:29 | INFO | [Round 10] Epoch 56/80 time=00:00.45 avg=00:00.40 ETA=00:09.52 | GPU MB alloc/reserved=69.9/854.0
2026-04-07 12:42:29 | INFO | [Round 10] epoch=57/80 loss=0.9980 acc=64.00 val_acc=nan data_t=0.0034s batch_t=0.0343s epoch_t=00:00.45 lr=0.000199 | GPU MB alloc/reserved=69.9/854.0
2026-04-07 12:42:30 | INFO | [Round 10] Epoch 57/80 time=00:00.45 avg=00:00.40 ETA=00:09.14 | GPU MB alloc/reserved=69.9/854.0
2026-04-07 12:42:30 | INFO | [Round 10] epoch=58/80 loss=1.0147 acc=62.13 val_acc=nan data_t=0.0035s batch_t=0.0343s epoch_t=00:00.45 lr=0.000184 | GPU MB alloc/reserved=69.9/854.0
2026-04-07 12:42:30 | INFO | [Round 10] Epoch 58/80 time=00:00.45 avg=00:00.40 ETA=00:08.77 | GPU MB alloc/reserved=69.9/854.0
2026-04-07 12:42:30 | INFO | [Round 10] epoch=59/80 loss=0.9425 acc=64.67 val_acc=nan data_t=0.0031s batch_t=0.0341s epoch_t=00:00.45 lr=0.000169 | GPU MB alloc/reserved=69.9/854.0
2026-04-07 12:42:30 | INFO | [Round 10] Epoch 59/80 time=00:00.45 avg=00:00.40 ETA=00:08.39 | GPU MB alloc/reserved=69.9/854.0
2026-04-07 12:42:31 | INFO | [Round 10] epoch=60/80 loss=0.9640 acc=63.13 val_acc=nan data_t=0.0031s batch_t=0.0091s epoch_t=00:00.15 lr=0.000155 | GPU MB alloc/reserved=69.9/854.0
2026-04-07 12:42:31 | INFO | [Round 10] Epoch 60/80 time=00:00.15 avg=00:00.40 ETA=00:07.90 | GPU MB alloc/reserved=69.9/854.0
2026-04-07 12:42:31 | INFO | [Round 10] epoch=61/80 loss=0.9294 acc=66.27 val_acc=nan data_t=0.0022s batch_t=0.0341s epoch_t=00:00.44 lr=0.000142 | GPU MB alloc/reserved=69.9/854.0
2026-04-07 12:42:31 | INFO | [Round 10] Epoch 61/80 time=00:00.44 avg=00:00.40 ETA=00:07.52 | GPU MB alloc/reserved=69.9/854.0
2026-04-07 12:42:31 | INFO | [Round 10] epoch=62/80 loss=0.9361 acc=65.07 val_acc=nan data_t=0.0032s batch_t=0.0342s epoch_t=00:00.45 lr=0.000129 | GPU MB alloc/reserved=69.9/854.0
2026-04-07 12:42:31 | INFO | [Round 10] Epoch 62/80 time=00:00.45 avg=00:00.40 ETA=00:07.14 | GPU MB alloc/reserved=69.9/854.0
2026-04-07 12:42:32 | INFO | [Round 10] epoch=63/80 loss=0.9366 acc=64.93 val_acc=nan data_t=0.0033s batch_t=0.0343s epoch_t=00:00.45 lr=0.000116 | GPU MB alloc/reserved=69.9/854.0
2026-04-07 12:42:32 | INFO | [Round 10] Epoch 63/80 time=00:00.45 avg=00:00.40 ETA=00:06.76 | GPU MB alloc/reserved=69.9/854.0
2026-04-07 12:42:32 | INFO | [Round 10] epoch=64/80 loss=0.9405 acc=65.07 val_acc=nan data_t=0.0033s batch_t=0.0343s epoch_t=00:00.45 lr=0.000105 | GPU MB alloc/reserved=69.9/854.0
2026-04-07 12:42:32 | INFO | [Round 10] Epoch 64/80 time=00:00.45 avg=00:00.40 ETA=00:06.37 | GPU MB alloc/reserved=69.9/854.0
2026-04-07 12:42:33 | INFO | [Round 10] epoch=65/80 loss=0.9266 acc=64.93 val_acc=nan data_t=0.0035s batch_t=0.0341s epoch_t=00:00.45 lr=0.000093 | GPU MB alloc/reserved=69.9/854.0
2026-04-07 12:42:33 | INFO | [Round 10] Epoch 65/80 time=00:00.45 avg=00:00.40 ETA=00:05.99 | GPU MB alloc/reserved=69.9/854.0
2026-04-07 12:42:33 | INFO | [Round 10] epoch=66/80 loss=0.9222 acc=65.13 val_acc=nan data_t=0.0033s batch_t=0.0091s epoch_t=00:00.15 lr=0.000083 | GPU MB alloc/reserved=69.9/854.0
2026-04-07 12:42:33 | INFO | [Round 10] Epoch 66/80 time=00:00.15 avg=00:00.40 ETA=00:05.54 | GPU MB alloc/reserved=69.9/854.0
2026-04-07 12:42:33 | INFO | [Round 10] epoch=67/80 loss=0.9231 acc=65.73 val_acc=nan data_t=0.0022s batch_t=0.0340s epoch_t=00:00.43 lr=0.000073 | GPU MB alloc/reserved=69.9/854.0
2026-04-07 12:42:33 | INFO | [Round 10] Epoch 67/80 time=00:00.43 avg=00:00.40 ETA=00:05.15 | GPU MB alloc/reserved=69.9/854.0
2026-04-07 12:42:34 | INFO | [Round 10] epoch=68/80 loss=0.9395 acc=65.80 val_acc=nan data_t=0.0035s batch_t=0.0343s epoch_t=00:00.45 lr=0.000064 | GPU MB alloc/reserved=69.9/854.0
2026-04-07 12:42:34 | INFO | [Round 10] Epoch 68/80 time=00:00.45 avg=00:00.40 ETA=00:04.76 | GPU MB alloc/reserved=69.9/854.0
2026-04-07 12:42:34 | INFO | [Round 10] epoch=69/80 loss=0.9014 acc=65.67 val_acc=nan data_t=0.0033s batch_t=0.0342s epoch_t=00:00.45 lr=0.000055 | GPU MB alloc/reserved=69.9/854.0
2026-04-07 12:42:34 | INFO | [Round 10] Epoch 69/80 time=00:00.45 avg=00:00.40 ETA=00:04.37 | GPU MB alloc/reserved=69.9/854.0
2026-04-07 12:42:35 | INFO | [Round 10] epoch=70/80 loss=0.9127 acc=65.93 val_acc=nan data_t=0.0033s batch_t=0.0343s epoch_t=00:00.45 lr=0.000048 | GPU MB alloc/reserved=69.9/854.0
2026-04-07 12:42:35 | INFO | [Round 10] Epoch 70/80 time=00:00.45 avg=00:00.40 ETA=00:03.98 | GPU MB alloc/reserved=69.9/854.0
2026-04-07 12:42:35 | INFO | [Round 10] epoch=71/80 loss=0.8709 acc=67.40 val_acc=nan data_t=0.0033s batch_t=0.0342s epoch_t=00:00.45 lr=0.000041 | GPU MB alloc/reserved=69.9/854.0
2026-04-07 12:42:35 | INFO | [Round 10] Epoch 71/80 time=00:00.45 avg=00:00.40 ETA=00:03.59 | GPU MB alloc/reserved=69.9/854.0
2026-04-07 12:42:35 | INFO | [Round 10] epoch=72/80 loss=0.9056 acc=68.13 val_acc=nan data_t=0.0040s batch_t=0.0084s epoch_t=00:00.15 lr=0.000034 | GPU MB alloc/reserved=69.9/854.0
2026-04-07 12:42:35 | INFO | [Round 10] Epoch 72/80 time=00:00.15 avg=00:00.40 ETA=00:03.16 | GPU MB alloc/reserved=69.9/854.0
2026-04-07 12:42:36 | INFO | [Round 10] epoch=73/80 loss=0.9122 acc=65.73 val_acc=nan data_t=0.0023s batch_t=0.0342s epoch_t=00:00.44 lr=0.000029 | GPU MB alloc/reserved=69.9/854.0
2026-04-07 12:42:36 | INFO | [Round 10] Epoch 73/80 time=00:00.44 avg=00:00.40 ETA=00:02.77 | GPU MB alloc/reserved=69.9/854.0
2026-04-07 12:42:36 | INFO | [Round 10] epoch=74/80 loss=0.9044 acc=66.40 val_acc=nan data_t=0.0023s batch_t=0.0345s epoch_t=00:00.44 lr=0.000024 | GPU MB alloc/reserved=69.9/854.0
2026-04-07 12:42:36 | INFO | [Round 10] Epoch 74/80 time=00:00.44 avg=00:00.40 ETA=00:02.38 | GPU MB alloc/reserved=69.9/854.0
2026-04-07 12:42:37 | INFO | [Round 10] epoch=75/80 loss=0.8900 acc=67.80 val_acc=nan data_t=0.0032s batch_t=0.0342s epoch_t=00:00.45 lr=0.000020 | GPU MB alloc/reserved=69.9/854.0
2026-04-07 12:42:37 | INFO | [Round 10] Epoch 75/80 time=00:00.45 avg=00:00.40 ETA=00:01.99 | GPU MB alloc/reserved=69.9/854.0
2026-04-07 12:42:37 | INFO | [Round 10] epoch=76/80 loss=0.9027 acc=67.00 val_acc=nan data_t=0.0040s batch_t=0.0343s epoch_t=00:00.46 lr=0.000016 | GPU MB alloc/reserved=69.9/854.0
2026-04-07 12:42:37 | INFO | [Round 10] Epoch 76/80 time=00:00.46 avg=00:00.40 ETA=00:01.59 | GPU MB alloc/reserved=69.9/854.0
2026-04-07 12:42:38 | INFO | [Round 10] epoch=77/80 loss=0.8858 acc=66.20 val_acc=nan data_t=0.0052s batch_t=0.0326s epoch_t=00:00.45 lr=0.000013 | GPU MB alloc/reserved=69.9/854.0
2026-04-07 12:42:38 | INFO | [Round 10] Epoch 77/80 time=00:00.45 avg=00:00.40 ETA=00:01.20 | GPU MB alloc/reserved=69.9/854.0
2026-04-07 12:42:38 | INFO | [Round 10] epoch=78/80 loss=0.8842 acc=67.27 val_acc=nan data_t=0.0033s batch_t=0.0085s epoch_t=00:00.14 lr=0.000012 | GPU MB alloc/reserved=69.9/854.0
2026-04-07 12:42:38 | INFO | [Round 10] Epoch 78/80 time=00:00.14 avg=00:00.40 ETA=00:00.79 | GPU MB alloc/reserved=69.9/854.0
2026-04-07 12:42:38 | INFO | [Round 10] epoch=79/80 loss=0.8891 acc=68.93 val_acc=nan data_t=0.0023s batch_t=0.0342s epoch_t=00:00.44 lr=0.000010 | GPU MB alloc/reserved=69.9/854.0
2026-04-07 12:42:38 | INFO | [Round 10] Epoch 79/80 time=00:00.44 avg=00:00.40 ETA=00:00.40 | GPU MB alloc/reserved=69.9/854.0
2026-04-07 12:42:39 | INFO | [Round 10] epoch=80/80 loss=0.8823 acc=67.13 val_acc=nan data_t=0.0037s batch_t=0.0342s epoch_t=00:00.45 lr=0.000010 | GPU MB alloc/reserved=69.9/854.0
2026-04-07 12:42:39 | INFO | [Round 10] Epoch 80/80 time=00:00.45 avg=00:00.40 ETA=00:00.00 | GPU MB alloc/reserved=69.9/854.0
2026-04-07 12:42:39 | INFO | [Round 10] training complete in 00:31.87 (best monitor=68.933) | GPU MB alloc/reserved=69.9/854.0
2026-04-07 12:42:39 | INFO | [Round 10] evaluation started | GPU MB alloc/reserved=52.0/854.0
2026-04-07 12:42:41 | INFO | [Round 10] clean=54.59 fgsm=46.05 pgd=45.86 grad_disp_mean=nan grad_disp_sel=nan round_t=35.57s | GPU MB alloc/reserved=52.0/854.0
2026-04-07 12:42:41 | INFO | [Round 11/21] elapsed=00:35.57 avg_round=00:27.40 projected_remaining=04:33.98 | GPU MB alloc/reserved=52.0/854.0
2026-04-07 12:42:42 | INFO | [Round 11] acquisition on pool_size=48500 scored_pool=5000 budget=100 | GPU MB alloc/reserved=34.1/854.0
2026-04-07 12:42:42 | INFO | [CoreSet-unlabeled-feat] scoring progress 10/20 elapsed=00:00.21 avg/batch=0.021s ETA=00:00.21 | GPU MB alloc/reserved=40.6/854.0
2026-04-07 12:42:42 | INFO | [CoreSet-unlabeled-feat] scoring progress 20/20 elapsed=00:00.23 avg/batch=0.012s ETA=00:00.00 | GPU MB alloc/reserved=41.3/854.0
2026-04-07 12:42:42 | INFO | [CoreSet-labeled-feat] scoring progress 6/6 elapsed=00:00.22 avg/batch=0.036s ETA=00:00.00 | GPU MB alloc/reserved=43.9/854.0
2026-04-07 12:42:43 | INFO | [CoreSet] greedy 10/100 cover_radius=24.845331 | GPU: n/a
2026-04-07 12:42:43 | INFO | [CoreSet] greedy 20/100 cover_radius=23.233477 | GPU: n/a
2026-04-07 12:42:43 | INFO | [CoreSet] greedy 30/100 cover_radius=22.855064 | GPU: n/a
2026-04-07 12:42:43 | INFO | [CoreSet] greedy 40/100 cover_radius=22.243103 | GPU: n/a
2026-04-07 12:42:43 | INFO | [CoreSet] greedy 50/100 cover_radius=21.646294 | GPU: n/a
2026-04-07 12:42:43 | INFO | [CoreSet] greedy 60/100 cover_radius=21.395510 | GPU: n/a
2026-04-07 12:42:43 | INFO | [CoreSet] greedy 70/100 cover_radius=21.154802 | GPU: n/a
2026-04-07 12:42:43 | INFO | [CoreSet] greedy 80/100 cover_radius=20.973465 | GPU: n/a
2026-04-07 12:42:44 | INFO | [CoreSet] greedy 90/100 cover_radius=20.819279 | GPU: n/a
2026-04-07 12:42:44 | INFO | [CoreSet] greedy 100/100 cover_radius=20.694603 | GPU: n/a
2026-04-07 12:42:44 | INFO | [Round 11] labeled=1600 train=1600 val_fixed=0 | GPU MB alloc/reserved=43.1/854.0
2026-04-07 12:42:44 | INFO | [Round 11] epoch=1/80 loss=4.6599 acc=17.75 val_acc=nan data_t=0.0133s batch_t=0.0246s epoch_t=00:00.49 lr=0.001000 | GPU MB alloc/reserved=69.9/854.0
2026-04-07 12:42:44 | INFO | [Round 11] Epoch 1/80 time=00:00.49 avg=00:00.49 ETA=00:38.94 | GPU MB alloc/reserved=69.9/854.0
2026-04-07 12:42:45 | INFO | [Round 11] epoch=2/80 loss=2.1381 acc=22.94 val_acc=nan data_t=0.0025s batch_t=0.0260s epoch_t=00:00.37 lr=0.000998 | GPU MB alloc/reserved=69.9/854.0
2026-04-07 12:42:45 | INFO | [Round 11] Epoch 2/80 time=00:00.37 avg=00:00.43 ETA=00:33.67 | GPU MB alloc/reserved=69.9/854.0
2026-04-07 12:42:45 | INFO | [Round 11] epoch=3/80 loss=2.0199 acc=27.56 val_acc=nan data_t=0.0033s batch_t=0.0342s epoch_t=00:00.49 lr=0.000997 | GPU MB alloc/reserved=69.9/854.0
2026-04-07 12:42:45 | INFO | [Round 11] Epoch 3/80 time=00:00.49 avg=00:00.45 ETA=00:34.67 | GPU MB alloc/reserved=69.9/854.0
2026-04-07 12:42:46 | INFO | [Round 11] epoch=4/80 loss=1.9692 acc=29.19 val_acc=nan data_t=0.0035s batch_t=0.0342s epoch_t=00:00.49 lr=0.000994 | GPU MB alloc/reserved=69.9/854.0
2026-04-07 12:42:46 | INFO | [Round 11] Epoch 4/80 time=00:00.49 avg=00:00.46 ETA=00:34.97 | GPU MB alloc/reserved=69.9/854.0
2026-04-07 12:42:46 | INFO | [Round 11] epoch=5/80 loss=1.9354 acc=30.38 val_acc=nan data_t=0.0033s batch_t=0.0340s epoch_t=00:00.48 lr=0.000990 | GPU MB alloc/reserved=69.9/854.0
2026-04-07 12:42:46 | INFO | [Round 11] Epoch 5/80 time=00:00.48 avg=00:00.47 ETA=00:34.88 | GPU MB alloc/reserved=69.9/854.0
2026-04-07 12:42:47 | INFO | [Round 11] epoch=6/80 loss=1.8872 acc=31.56 val_acc=nan data_t=0.0031s batch_t=0.0325s epoch_t=00:00.46 lr=0.000986 | GPU MB alloc/reserved=69.9/854.0
2026-04-07 12:42:47 | INFO | [Round 11] Epoch 6/80 time=00:00.46 avg=00:00.46 ETA=00:34.39 | GPU MB alloc/reserved=69.9/854.0
2026-04-07 12:42:47 | INFO | [Round 11] epoch=7/80 loss=1.8553 acc=33.69 val_acc=nan data_t=0.0022s batch_t=0.0092s epoch_t=00:00.15 lr=0.000981 | GPU MB alloc/reserved=69.9/854.0
2026-04-07 12:42:47 | INFO | [Round 11] Epoch 7/80 time=00:00.15 avg=00:00.42 ETA=00:30.62 | GPU MB alloc/reserved=69.9/854.0
2026-04-07 12:42:47 | INFO | [Round 11] epoch=8/80 loss=1.8004 acc=33.62 val_acc=nan data_t=0.0020s batch_t=0.0340s epoch_t=00:00.47 lr=0.000976 | GPU MB alloc/reserved=69.9/854.0
2026-04-07 12:42:47 | INFO | [Round 11] Epoch 8/80 time=00:00.47 avg=00:00.43 ETA=00:30.63 | GPU MB alloc/reserved=69.9/854.0
2026-04-07 12:42:48 | INFO | [Round 11] epoch=9/80 loss=1.7710 acc=35.06 val_acc=nan data_t=0.0031s batch_t=0.0341s epoch_t=00:00.48 lr=0.000969 | GPU MB alloc/reserved=69.9/854.0
2026-04-07 12:42:48 | INFO | [Round 11] Epoch 9/80 time=00:00.48 avg=00:00.43 ETA=00:30.67 | GPU MB alloc/reserved=69.9/854.0
2026-04-07 12:42:48 | INFO | [Round 11] epoch=10/80 loss=1.7303 acc=35.44 val_acc=nan data_t=0.0036s batch_t=0.0340s epoch_t=00:00.49 lr=0.000962 | GPU MB alloc/reserved=69.9/854.0
2026-04-07 12:42:48 | INFO | [Round 11] Epoch 10/80 time=00:00.49 avg=00:00.44 ETA=00:30.64 | GPU MB alloc/reserved=69.9/854.0
2026-04-07 12:42:49 | INFO | [Round 11] epoch=11/80 loss=1.6787 acc=36.31 val_acc=nan data_t=0.0023s batch_t=0.0340s epoch_t=00:00.47 lr=0.000955 | GPU MB alloc/reserved=69.9/854.0
2026-04-07 12:42:49 | INFO | [Round 11] Epoch 11/80 time=00:00.47 avg=00:00.44 ETA=00:30.42 | GPU MB alloc/reserved=69.9/854.0
2026-04-07 12:42:49 | INFO | [Round 11] epoch=12/80 loss=1.6653 acc=38.44 val_acc=nan data_t=0.0038s batch_t=0.0243s epoch_t=00:00.37 lr=0.000946 | GPU MB alloc/reserved=69.9/854.0
2026-04-07 12:42:49 | INFO | [Round 11] Epoch 12/80 time=00:00.37 avg=00:00.43 ETA=00:29.55 | GPU MB alloc/reserved=69.9/854.0
2026-04-07 12:42:49 | INFO | [Round 11] epoch=13/80 loss=1.6038 acc=40.62 val_acc=nan data_t=0.0025s batch_t=0.0171s epoch_t=00:00.25 lr=0.000937 | GPU MB alloc/reserved=69.9/854.0
2026-04-07 12:42:49 | INFO | [Round 11] Epoch 13/80 time=00:00.25 avg=00:00.42 ETA=00:28.18 | GPU MB alloc/reserved=69.9/854.0
2026-04-07 12:42:50 | INFO | [Round 11] epoch=14/80 loss=1.6525 acc=38.50 val_acc=nan data_t=0.0023s batch_t=0.0341s epoch_t=00:00.47 lr=0.000927 | GPU MB alloc/reserved=69.9/854.0
2026-04-07 12:42:50 | INFO | [Round 11] Epoch 14/80 time=00:00.47 avg=00:00.42 ETA=00:28.02 | GPU MB alloc/reserved=69.9/854.0
2026-04-07 12:42:50 | INFO | [Round 11] epoch=15/80 loss=1.5940 acc=40.25 val_acc=nan data_t=0.0021s batch_t=0.0341s epoch_t=00:00.47 lr=0.000917 | GPU MB alloc/reserved=69.9/854.0
2026-04-07 12:42:50 | INFO | [Round 11] Epoch 15/80 time=00:00.47 avg=00:00.43 ETA=00:27.79 | GPU MB alloc/reserved=69.9/854.0
2026-04-07 12:42:51 | INFO | [Round 11] epoch=16/80 loss=1.5429 acc=43.88 val_acc=nan data_t=0.0021s batch_t=0.0341s epoch_t=00:00.47 lr=0.000905 | GPU MB alloc/reserved=69.9/854.0
2026-04-07 12:42:51 | INFO | [Round 11] Epoch 16/80 time=00:00.47 avg=00:00.43 ETA=00:27.54 | GPU MB alloc/reserved=69.9/854.0
2026-04-07 12:42:51 | INFO | [Round 11] epoch=17/80 loss=1.5076 acc=42.00 val_acc=nan data_t=0.0031s batch_t=0.0342s epoch_t=00:00.49 lr=0.000894 | GPU MB alloc/reserved=69.9/854.0
2026-04-07 12:42:51 | INFO | [Round 11] Epoch 17/80 time=00:00.49 avg=00:00.43 ETA=00:27.31 | GPU MB alloc/reserved=69.9/854.0
2026-04-07 12:42:52 | INFO | [Round 11] epoch=18/80 loss=1.4784 acc=45.44 val_acc=nan data_t=0.0039s batch_t=0.0163s epoch_t=00:00.26 lr=0.000881 | GPU MB alloc/reserved=69.9/854.0
2026-04-07 12:42:52 | INFO | [Round 11] Epoch 18/80 time=00:00.26 avg=00:00.42 ETA=00:26.29 | GPU MB alloc/reserved=69.9/854.0
2026-04-07 12:42:52 | INFO | [Round 11] epoch=19/80 loss=1.4487 acc=46.81 val_acc=nan data_t=0.0023s batch_t=0.0254s epoch_t=00:00.36 lr=0.000868 | GPU MB alloc/reserved=69.9/854.0
2026-04-07 12:42:52 | INFO | [Round 11] Epoch 19/80 time=00:00.36 avg=00:00.42 ETA=00:25.67 | GPU MB alloc/reserved=69.9/854.0
2026-04-07 12:42:52 | INFO | [Round 11] epoch=20/80 loss=1.4505 acc=45.06 val_acc=nan data_t=0.0025s batch_t=0.0342s epoch_t=00:00.48 lr=0.000855 | GPU MB alloc/reserved=69.9/854.0
2026-04-07 12:42:52 | INFO | [Round 11] Epoch 20/80 time=00:00.48 avg=00:00.42 ETA=00:25.41 | GPU MB alloc/reserved=69.9/854.0
2026-04-07 12:42:53 | INFO | [Round 11] epoch=21/80 loss=1.4518 acc=46.00 val_acc=nan data_t=0.0029s batch_t=0.0341s epoch_t=00:00.48 lr=0.000841 | GPU MB alloc/reserved=69.9/854.0
2026-04-07 12:42:53 | INFO | [Round 11] Epoch 21/80 time=00:00.48 avg=00:00.43 ETA=00:25.15 | GPU MB alloc/reserved=69.9/854.0
2026-04-07 12:42:53 | INFO | [Round 11] epoch=22/80 loss=1.4263 acc=46.00 val_acc=nan data_t=0.0021s batch_t=0.0341s epoch_t=00:00.47 lr=0.000826 | GPU MB alloc/reserved=69.9/854.0
2026-04-07 12:42:53 | INFO | [Round 11] Epoch 22/80 time=00:00.47 avg=00:00.43 ETA=00:24.84 | GPU MB alloc/reserved=69.9/854.0
2026-04-07 12:42:54 | INFO | [Round 11] epoch=23/80 loss=1.4337 acc=44.69 val_acc=nan data_t=0.0031s batch_t=0.0342s epoch_t=00:00.48 lr=0.000811 | GPU MB alloc/reserved=69.9/854.0
2026-04-07 12:42:54 | INFO | [Round 11] Epoch 23/80 time=00:00.48 avg=00:00.43 ETA=00:24.55 | GPU MB alloc/reserved=69.9/854.0
2026-04-07 12:42:54 | INFO | [Round 11] epoch=24/80 loss=1.4328 acc=46.44 val_acc=nan data_t=0.0040s batch_t=0.0092s epoch_t=00:00.17 lr=0.000796 | GPU MB alloc/reserved=69.9/854.0
2026-04-07 12:42:54 | INFO | [Round 11] Epoch 24/80 time=00:00.17 avg=00:00.42 ETA=00:23.52 | GPU MB alloc/reserved=69.9/854.0
2026-04-07 12:42:54 | INFO | [Round 11] epoch=25/80 loss=1.3775 acc=49.00 val_acc=nan data_t=0.0023s batch_t=0.0339s epoch_t=00:00.47 lr=0.000780 | GPU MB alloc/reserved=69.9/854.0
2026-04-07 12:42:54 | INFO | [Round 11] Epoch 25/80 time=00:00.47 avg=00:00.42 ETA=00:23.21 | GPU MB alloc/reserved=69.9/854.0
2026-04-07 12:42:55 | INFO | [Round 11] epoch=26/80 loss=1.3881 acc=48.19 val_acc=nan data_t=0.0035s batch_t=0.0341s epoch_t=00:00.49 lr=0.000764 | GPU MB alloc/reserved=69.9/854.0
2026-04-07 12:42:55 | INFO | [Round 11] Epoch 26/80 time=00:00.49 avg=00:00.42 ETA=00:22.93 | GPU MB alloc/reserved=69.9/854.0
2026-04-07 12:42:55 | INFO | [Round 11] epoch=27/80 loss=1.3704 acc=49.19 val_acc=nan data_t=0.0021s batch_t=0.0341s epoch_t=00:00.47 lr=0.000747 | GPU MB alloc/reserved=69.9/854.0
2026-04-07 12:42:55 | INFO | [Round 11] Epoch 27/80 time=00:00.47 avg=00:00.43 ETA=00:22.59 | GPU MB alloc/reserved=69.9/854.0
2026-04-07 12:42:56 | INFO | [Round 11] epoch=28/80 loss=1.3359 acc=49.19 val_acc=nan data_t=0.0022s batch_t=0.0341s epoch_t=00:00.47 lr=0.000730 | GPU MB alloc/reserved=69.9/854.0
2026-04-07 12:42:56 | INFO | [Round 11] Epoch 28/80 time=00:00.47 avg=00:00.43 ETA=00:22.25 | GPU MB alloc/reserved=69.9/854.0
2026-04-07 12:42:56 | INFO | [Round 11] epoch=29/80 loss=1.3231 acc=50.94 val_acc=nan data_t=0.0029s batch_t=0.0260s epoch_t=00:00.38 lr=0.000712 | GPU MB alloc/reserved=69.9/854.0
2026-04-07 12:42:56 | INFO | [Round 11] Epoch 29/80 time=00:00.38 avg=00:00.43 ETA=00:21.73 | GPU MB alloc/reserved=69.9/854.0
2026-04-07 12:42:57 | INFO | [Round 11] epoch=30/80 loss=1.3050 acc=50.31 val_acc=nan data_t=0.0035s batch_t=0.0146s epoch_t=00:00.24 lr=0.000694 | GPU MB alloc/reserved=69.9/854.0
2026-04-07 12:42:57 | INFO | [Round 11] Epoch 30/80 time=00:00.24 avg=00:00.42 ETA=00:20.99 | GPU MB alloc/reserved=69.9/854.0
2026-04-07 12:42:57 | INFO | [Round 11] epoch=31/80 loss=1.2883 acc=52.06 val_acc=nan data_t=0.0020s batch_t=0.0341s epoch_t=00:00.47 lr=0.000676 | GPU MB alloc/reserved=69.9/854.0
2026-04-07 12:42:57 | INFO | [Round 11] Epoch 31/80 time=00:00.47 avg=00:00.42 ETA=00:20.65 | GPU MB alloc/reserved=69.9/854.0
2026-04-07 12:42:57 | INFO | [Round 11] epoch=32/80 loss=1.2716 acc=53.38 val_acc=nan data_t=0.0032s batch_t=0.0341s epoch_t=00:00.48 lr=0.000658 | GPU MB alloc/reserved=69.9/854.0
2026-04-07 12:42:57 | INFO | [Round 11] Epoch 32/80 time=00:00.48 avg=00:00.42 ETA=00:20.32 | GPU MB alloc/reserved=69.9/854.0
2026-04-07 12:42:58 | INFO | [Round 11] epoch=33/80 loss=1.2850 acc=52.19 val_acc=nan data_t=0.0033s batch_t=0.0341s epoch_t=00:00.49 lr=0.000639 | GPU MB alloc/reserved=69.9/854.0
2026-04-07 12:42:58 | INFO | [Round 11] Epoch 33/80 time=00:00.49 avg=00:00.43 ETA=00:19.99 | GPU MB alloc/reserved=69.9/854.0
2026-04-07 12:42:58 | INFO | [Round 11] epoch=34/80 loss=1.2401 acc=53.50 val_acc=nan data_t=0.0030s batch_t=0.0340s epoch_t=00:00.48 lr=0.000621 | GPU MB alloc/reserved=69.9/854.0
2026-04-07 12:42:58 | INFO | [Round 11] Epoch 34/80 time=00:00.48 avg=00:00.43 ETA=00:19.64 | GPU MB alloc/reserved=69.9/854.0
2026-04-07 12:42:59 | INFO | [Round 11] epoch=35/80 loss=1.2539 acc=52.56 val_acc=nan data_t=0.0033s batch_t=0.0177s epoch_t=00:00.27 lr=0.000602 | GPU MB alloc/reserved=69.9/854.0
2026-04-07 12:42:59 | INFO | [Round 11] Epoch 35/80 time=00:00.27 avg=00:00.42 ETA=00:19.01 | GPU MB alloc/reserved=69.9/854.0
2026-04-07 12:42:59 | INFO | [Round 11] epoch=36/80 loss=1.2434 acc=53.12 val_acc=nan data_t=0.0025s batch_t=0.0203s epoch_t=00:00.30 lr=0.000582 | GPU MB alloc/reserved=69.9/854.0
2026-04-07 12:42:59 | INFO | [Round 11] Epoch 36/80 time=00:00.30 avg=00:00.42 ETA=00:18.44 | GPU MB alloc/reserved=69.9/854.0
2026-04-07 12:43:00 | INFO | [Round 11] epoch=37/80 loss=1.2594 acc=54.00 val_acc=nan data_t=0.0037s batch_t=0.0342s epoch_t=00:00.49 lr=0.000563 | GPU MB alloc/reserved=69.9/854.0
2026-04-07 12:43:00 | INFO | [Round 11] Epoch 37/80 time=00:00.49 avg=00:00.42 ETA=00:18.10 | GPU MB alloc/reserved=69.9/854.0
2026-04-07 12:43:00 | INFO | [Round 11] epoch=38/80 loss=1.2080 acc=55.06 val_acc=nan data_t=0.0034s batch_t=0.0341s epoch_t=00:00.49 lr=0.000544 | GPU MB alloc/reserved=69.9/854.0
2026-04-07 12:43:00 | INFO | [Round 11] Epoch 38/80 time=00:00.49 avg=00:00.42 ETA=00:17.76 | GPU MB alloc/reserved=69.9/854.0
2026-04-07 12:43:00 | INFO | [Round 11] epoch=39/80 loss=1.1661 acc=55.94 val_acc=nan data_t=0.0035s batch_t=0.0341s epoch_t=00:00.49 lr=0.000524 | GPU MB alloc/reserved=69.9/854.0
2026-04-07 12:43:00 | INFO | [Round 11] Epoch 39/80 time=00:00.49 avg=00:00.42 ETA=00:17.40 | GPU MB alloc/reserved=69.9/854.0
2026-04-07 12:43:01 | INFO | [Round 11] epoch=40/80 loss=1.1330 acc=57.19 val_acc=nan data_t=0.0032s batch_t=0.0341s epoch_t=00:00.48 lr=0.000505 | GPU MB alloc/reserved=69.9/854.0
2026-04-07 12:43:01 | INFO | [Round 11] Epoch 40/80 time=00:00.48 avg=00:00.43 ETA=00:17.04 | GPU MB alloc/reserved=69.9/854.0
2026-04-07 12:43:01 | INFO | [Round 11] epoch=41/80 loss=1.1455 acc=55.44 val_acc=nan data_t=0.0031s batch_t=0.0090s epoch_t=00:00.16 lr=0.000486 | GPU MB alloc/reserved=69.9/854.0
2026-04-07 12:43:01 | INFO | [Round 11] Epoch 41/80 time=00:00.16 avg=00:00.42 ETA=00:16.36 | GPU MB alloc/reserved=69.9/854.0
2026-04-07 12:43:02 | INFO | [Round 11] epoch=42/80 loss=1.1362 acc=56.38 val_acc=nan data_t=0.0022s batch_t=0.0296s epoch_t=00:00.41 lr=0.000466 | GPU MB alloc/reserved=69.9/854.0
2026-04-07 12:43:02 | INFO | [Round 11] Epoch 42/80 time=00:00.41 avg=00:00.42 ETA=00:15.93 | GPU MB alloc/reserved=69.9/854.0
2026-04-07 12:43:02 | INFO | [Round 11] epoch=43/80 loss=1.1311 acc=56.69 val_acc=nan data_t=0.0034s batch_t=0.0341s epoch_t=00:00.49 lr=0.000447 | GPU MB alloc/reserved=69.9/854.0
2026-04-07 12:43:02 | INFO | [Round 11] Epoch 43/80 time=00:00.49 avg=00:00.42 ETA=00:15.57 | GPU MB alloc/reserved=69.9/854.0
2026-04-07 12:43:03 | INFO | [Round 11] epoch=44/80 loss=1.1307 acc=58.56 val_acc=nan data_t=0.0030s batch_t=0.0340s epoch_t=00:00.48 lr=0.000428 | GPU MB alloc/reserved=69.9/854.0
2026-04-07 12:43:03 | INFO | [Round 11] Epoch 44/80 time=00:00.48 avg=00:00.42 ETA=00:15.20 | GPU MB alloc/reserved=69.9/854.0
2026-04-07 12:43:03 | INFO | [Round 11] epoch=45/80 loss=1.0926 acc=60.25 val_acc=nan data_t=0.0035s batch_t=0.0342s epoch_t=00:00.49 lr=0.000408 | GPU MB alloc/reserved=69.9/854.0
2026-04-07 12:43:03 | INFO | [Round 11] Epoch 45/80 time=00:00.49 avg=00:00.42 ETA=00:14.83 | GPU MB alloc/reserved=69.9/854.0
2026-04-07 12:43:03 | INFO | [Round 11] epoch=46/80 loss=1.1103 acc=58.44 val_acc=nan data_t=0.0032s batch_t=0.0298s epoch_t=00:00.43 lr=0.000389 | GPU MB alloc/reserved=69.9/854.0
2026-04-07 12:43:03 | INFO | [Round 11] Epoch 46/80 time=00:00.43 avg=00:00.42 ETA=00:14.41 | GPU MB alloc/reserved=69.9/854.0
2026-04-07 12:43:04 | INFO | [Round 11] epoch=47/80 loss=1.0784 acc=58.62 val_acc=nan data_t=0.0038s batch_t=0.0123s epoch_t=00:00.21 lr=0.000371 | GPU MB alloc/reserved=69.9/854.0
2026-04-07 12:43:04 | INFO | [Round 11] Epoch 47/80 time=00:00.21 avg=00:00.42 ETA=00:13.84 | GPU MB alloc/reserved=69.9/854.0
2026-04-07 12:43:04 | INFO | [Round 11] epoch=48/80 loss=1.0855 acc=59.69 val_acc=nan data_t=0.0020s batch_t=0.0341s epoch_t=00:00.47 lr=0.000352 | GPU MB alloc/reserved=69.9/854.0
2026-04-07 12:43:04 | INFO | [Round 11] Epoch 48/80 time=00:00.47 avg=00:00.42 ETA=00:13.45 | GPU MB alloc/reserved=69.9/854.0
2026-04-07 12:43:05 | INFO | [Round 11] epoch=49/80 loss=1.0714 acc=60.19 val_acc=nan data_t=0.0030s batch_t=0.0341s epoch_t=00:00.48 lr=0.000334 | GPU MB alloc/reserved=69.9/854.0
2026-04-07 12:43:05 | INFO | [Round 11] Epoch 49/80 time=00:00.48 avg=00:00.42 ETA=00:13.07 | GPU MB alloc/reserved=69.9/854.0
2026-04-07 12:43:05 | INFO | [Round 11] epoch=50/80 loss=1.0341 acc=61.06 val_acc=nan data_t=0.0028s batch_t=0.0341s epoch_t=00:00.48 lr=0.000316 | GPU MB alloc/reserved=69.9/854.0
2026-04-07 12:43:05 | INFO | [Round 11] Epoch 50/80 time=00:00.48 avg=00:00.42 ETA=00:12.68 | GPU MB alloc/reserved=69.9/854.0
2026-04-07 12:43:06 | INFO | [Round 11] epoch=51/80 loss=1.0390 acc=60.56 val_acc=nan data_t=0.0021s batch_t=0.0340s epoch_t=00:00.47 lr=0.000298 | GPU MB alloc/reserved=69.9/854.0
2026-04-07 12:43:06 | INFO | [Round 11] Epoch 51/80 time=00:00.47 avg=00:00.42 ETA=00:12.29 | GPU MB alloc/reserved=69.9/854.0
2026-04-07 12:43:06 | INFO | [Round 11] epoch=52/80 loss=1.0126 acc=60.25 val_acc=nan data_t=0.0030s batch_t=0.0236s epoch_t=00:00.35 lr=0.000280 | GPU MB alloc/reserved=69.9/854.0
2026-04-07 12:43:06 | INFO | [Round 11] Epoch 52/80 time=00:00.35 avg=00:00.42 ETA=00:11.82 | GPU MB alloc/reserved=69.9/854.0
2026-04-07 12:43:06 | INFO | [Round 11] epoch=53/80 loss=1.0188 acc=61.19 val_acc=nan data_t=0.0032s batch_t=0.0199s epoch_t=00:00.30 lr=0.000263 | GPU MB alloc/reserved=69.9/854.0
2026-04-07 12:43:06 | INFO | [Round 11] Epoch 53/80 time=00:00.30 avg=00:00.42 ETA=00:11.34 | GPU MB alloc/reserved=69.9/854.0
2026-04-07 12:43:07 | INFO | [Round 11] epoch=54/80 loss=1.0146 acc=61.44 val_acc=nan data_t=0.0030s batch_t=0.0341s epoch_t=00:00.48 lr=0.000246 | GPU MB alloc/reserved=69.9/854.0
2026-04-07 12:43:07 | INFO | [Round 11] Epoch 54/80 time=00:00.48 avg=00:00.42 ETA=00:10.95 | GPU MB alloc/reserved=69.9/854.0
2026-04-07 12:43:07 | INFO | [Round 11] epoch=55/80 loss=0.9784 acc=61.31 val_acc=nan data_t=0.0024s batch_t=0.0341s epoch_t=00:00.48 lr=0.000230 | GPU MB alloc/reserved=69.9/854.0
2026-04-07 12:43:07 | INFO | [Round 11] Epoch 55/80 time=00:00.48 avg=00:00.42 ETA=00:10.55 | GPU MB alloc/reserved=69.9/854.0
2026-04-07 12:43:08 | INFO | [Round 11] epoch=56/80 loss=1.0165 acc=61.50 val_acc=nan data_t=0.0031s batch_t=0.0341s epoch_t=00:00.48 lr=0.000214 | GPU MB alloc/reserved=69.9/854.0
2026-04-07 12:43:08 | INFO | [Round 11] Epoch 56/80 time=00:00.48 avg=00:00.42 ETA=00:10.15 | GPU MB alloc/reserved=69.9/854.0
2026-04-07 12:43:08 | INFO | [Round 11] epoch=57/80 loss=0.9943 acc=60.62 val_acc=nan data_t=0.0032s batch_t=0.0341s epoch_t=00:00.48 lr=0.000199 | GPU MB alloc/reserved=69.9/854.0
2026-04-07 12:43:08 | INFO | [Round 11] Epoch 57/80 time=00:00.48 avg=00:00.42 ETA=00:09.76 | GPU MB alloc/reserved=69.9/854.0
2026-04-07 12:43:08 | INFO | [Round 11] epoch=58/80 loss=0.9738 acc=63.81 val_acc=nan data_t=0.0030s batch_t=0.0125s epoch_t=00:00.20 lr=0.000184 | GPU MB alloc/reserved=69.9/854.0
2026-04-07 12:43:08 | INFO | [Round 11] Epoch 58/80 time=00:00.20 avg=00:00.42 ETA=00:09.25 | GPU MB alloc/reserved=69.9/854.0
2026-04-07 12:43:09 | INFO | [Round 11] epoch=59/80 loss=0.9522 acc=63.62 val_acc=nan data_t=0.0031s batch_t=0.0305s epoch_t=00:00.44 lr=0.000169 | GPU MB alloc/reserved=69.9/854.0
2026-04-07 12:43:09 | INFO | [Round 11] Epoch 59/80 time=00:00.44 avg=00:00.42 ETA=00:08.83 | GPU MB alloc/reserved=69.9/854.0
2026-04-07 12:43:09 | INFO | [Round 11] epoch=60/80 loss=0.9827 acc=62.62 val_acc=nan data_t=0.0031s batch_t=0.0341s epoch_t=00:00.48 lr=0.000155 | GPU MB alloc/reserved=69.9/854.0
2026-04-07 12:43:09 | INFO | [Round 11] Epoch 60/80 time=00:00.48 avg=00:00.42 ETA=00:08.43 | GPU MB alloc/reserved=69.9/854.0
2026-04-07 12:43:10 | INFO | [Round 11] epoch=61/80 loss=0.9252 acc=65.00 val_acc=nan data_t=0.0027s batch_t=0.0341s epoch_t=00:00.48 lr=0.000142 | GPU MB alloc/reserved=69.9/854.0
2026-04-07 12:43:10 | INFO | [Round 11] Epoch 61/80 time=00:00.48 avg=00:00.42 ETA=00:08.03 | GPU MB alloc/reserved=69.9/854.0
2026-04-07 12:43:10 | INFO | [Round 11] epoch=62/80 loss=0.9547 acc=62.94 val_acc=nan data_t=0.0023s batch_t=0.0341s epoch_t=00:00.47 lr=0.000129 | GPU MB alloc/reserved=69.9/854.0
2026-04-07 12:43:10 | INFO | [Round 11] Epoch 62/80 time=00:00.47 avg=00:00.42 ETA=00:07.62 | GPU MB alloc/reserved=69.9/854.0
2026-04-07 12:43:11 | INFO | [Round 11] epoch=63/80 loss=0.9257 acc=65.00 val_acc=nan data_t=0.0030s batch_t=0.0309s epoch_t=00:00.44 lr=0.000116 | GPU MB alloc/reserved=69.9/854.0
2026-04-07 12:43:11 | INFO | [Round 11] Epoch 63/80 time=00:00.44 avg=00:00.42 ETA=00:07.20 | GPU MB alloc/reserved=69.9/854.0
2026-04-07 12:43:11 | INFO | [Round 11] epoch=64/80 loss=0.9510 acc=65.12 val_acc=nan data_t=0.0030s batch_t=0.0091s epoch_t=00:00.16 lr=0.000105 | GPU MB alloc/reserved=69.9/854.0
2026-04-07 12:43:11 | INFO | [Round 11] Epoch 64/80 time=00:00.16 avg=00:00.42 ETA=00:06.71 | GPU MB alloc/reserved=69.9/854.0
2026-04-07 12:43:11 | INFO | [Round 11] epoch=65/80 loss=0.9002 acc=65.25 val_acc=nan data_t=0.0019s batch_t=0.0341s epoch_t=00:00.47 lr=0.000093 | GPU MB alloc/reserved=69.9/854.0
2026-04-07 12:43:11 | INFO | [Round 11] Epoch 65/80 time=00:00.47 avg=00:00.42 ETA=00:06.30 | GPU MB alloc/reserved=69.9/854.0
2026-04-07 12:43:12 | INFO | [Round 11] epoch=66/80 loss=0.8900 acc=66.75 val_acc=nan data_t=0.0036s batch_t=0.0340s epoch_t=00:00.49 lr=0.000083 | GPU MB alloc/reserved=69.9/854.0
2026-04-07 12:43:12 | INFO | [Round 11] Epoch 66/80 time=00:00.49 avg=00:00.42 ETA=00:05.90 | GPU MB alloc/reserved=69.9/854.0
2026-04-07 12:43:12 | INFO | [Round 11] epoch=67/80 loss=0.8731 acc=67.06 val_acc=nan data_t=0.0046s batch_t=0.0344s epoch_t=00:00.51 lr=0.000073 | GPU MB alloc/reserved=69.9/854.0
2026-04-07 12:43:12 | INFO | [Round 11] Epoch 67/80 time=00:00.51 avg=00:00.42 ETA=00:05.49 | GPU MB alloc/reserved=69.9/854.0
2026-04-07 12:43:13 | INFO | [Round 11] epoch=68/80 loss=0.8777 acc=66.81 val_acc=nan data_t=0.0036s batch_t=0.0341s epoch_t=00:00.49 lr=0.000064 | GPU MB alloc/reserved=69.9/854.0
2026-04-07 12:43:13 | INFO | [Round 11] Epoch 68/80 time=00:00.49 avg=00:00.42 ETA=00:05.08 | GPU MB alloc/reserved=69.9/854.0
2026-04-07 12:43:13 | INFO | [Round 11] epoch=69/80 loss=0.8912 acc=65.38 val_acc=nan data_t=0.0037s batch_t=0.0207s epoch_t=00:00.32 lr=0.000055 | GPU MB alloc/reserved=69.9/854.0
2026-04-07 12:43:13 | INFO | [Round 11] Epoch 69/80 time=00:00.32 avg=00:00.42 ETA=00:04.64 | GPU MB alloc/reserved=69.9/854.0
2026-04-07 12:43:13 | INFO | [Round 11] epoch=70/80 loss=0.9123 acc=64.56 val_acc=nan data_t=0.0035s batch_t=0.0194s epoch_t=00:00.30 lr=0.000048 | GPU MB alloc/reserved=69.9/854.0
2026-04-07 12:43:13 | INFO | [Round 11] Epoch 70/80 time=00:00.30 avg=00:00.42 ETA=00:04.20 | GPU MB alloc/reserved=69.9/854.0
2026-04-07 12:43:14 | INFO | [Round 11] epoch=71/80 loss=0.8876 acc=66.50 val_acc=nan data_t=0.0021s batch_t=0.0340s epoch_t=00:00.47 lr=0.000041 | GPU MB alloc/reserved=69.9/854.0
2026-04-07 12:43:14 | INFO | [Round 11] Epoch 71/80 time=00:00.47 avg=00:00.42 ETA=00:03.79 | GPU MB alloc/reserved=69.9/854.0
2026-04-07 12:43:14 | INFO | [Round 11] epoch=72/80 loss=0.8726 acc=67.62 val_acc=nan data_t=0.0030s batch_t=0.0341s epoch_t=00:00.48 lr=0.000034 | GPU MB alloc/reserved=69.9/854.0
2026-04-07 12:43:14 | INFO | [Round 11] Epoch 72/80 time=00:00.48 avg=00:00.42 ETA=00:03.37 | GPU MB alloc/reserved=69.9/854.0
2026-04-07 12:43:15 | INFO | [Round 11] epoch=73/80 loss=0.9014 acc=64.69 val_acc=nan data_t=0.0030s batch_t=0.0343s epoch_t=00:00.49 lr=0.000029 | GPU MB alloc/reserved=69.9/854.0
2026-04-07 12:43:15 | INFO | [Round 11] Epoch 73/80 time=00:00.49 avg=00:00.42 ETA=00:02.96 | GPU MB alloc/reserved=69.9/854.0
2026-04-07 12:43:15 | INFO | [Round 11] epoch=74/80 loss=0.8811 acc=64.69 val_acc=nan data_t=0.0031s batch_t=0.0342s epoch_t=00:00.48 lr=0.000024 | GPU MB alloc/reserved=69.9/854.0
2026-04-07 12:43:15 | INFO | [Round 11] Epoch 74/80 time=00:00.48 avg=00:00.42 ETA=00:02.54 | GPU MB alloc/reserved=69.9/854.0
2026-04-07 12:43:16 | INFO | [Round 11] epoch=75/80 loss=0.8950 acc=65.38 val_acc=nan data_t=0.0032s batch_t=0.0123s epoch_t=00:00.20 lr=0.000020 | GPU MB alloc/reserved=69.9/854.0
2026-04-07 12:43:16 | INFO | [Round 11] Epoch 75/80 time=00:00.20 avg=00:00.42 ETA=00:02.10 | GPU MB alloc/reserved=69.9/854.0
2026-04-07 12:43:16 | INFO | [Round 11] epoch=76/80 loss=0.8552 acc=68.06 val_acc=nan data_t=0.0040s batch_t=0.0269s epoch_t=00:00.40 lr=0.000016 | GPU MB alloc/reserved=69.9/854.0
2026-04-07 12:43:16 | INFO | [Round 11] Epoch 76/80 time=00:00.40 avg=00:00.42 ETA=00:01.68 | GPU MB alloc/reserved=69.9/854.0
2026-04-07 12:43:16 | INFO | [Round 11] epoch=77/80 loss=0.8881 acc=65.69 val_acc=nan data_t=0.0039s batch_t=0.0341s epoch_t=00:00.49 lr=0.000013 | GPU MB alloc/reserved=69.9/854.0
2026-04-07 12:43:16 | INFO | [Round 11] Epoch 77/80 time=00:00.49 avg=00:00.42 ETA=00:01.26 | GPU MB alloc/reserved=69.9/854.0
2026-04-07 12:43:17 | INFO | [Round 11] epoch=78/80 loss=0.8851 acc=66.25 val_acc=nan data_t=0.0037s batch_t=0.0341s epoch_t=00:00.49 lr=0.000012 | GPU MB alloc/reserved=69.9/854.0
2026-04-07 12:43:17 | INFO | [Round 11] Epoch 78/80 time=00:00.49 avg=00:00.42 ETA=00:00.84 | GPU MB alloc/reserved=69.9/854.0
2026-04-07 12:43:17 | INFO | [Round 11] epoch=79/80 loss=0.8926 acc=65.25 val_acc=nan data_t=0.0030s batch_t=0.0344s epoch_t=00:00.49 lr=0.000010 | GPU MB alloc/reserved=69.9/854.0
2026-04-07 12:43:17 | INFO | [Round 11] Epoch 79/80 time=00:00.49 avg=00:00.42 ETA=00:00.42 | GPU MB alloc/reserved=69.9/854.0
2026-04-07 12:43:18 | INFO | [Round 11] epoch=80/80 loss=0.8637 acc=66.75 val_acc=nan data_t=0.0031s batch_t=0.0318s epoch_t=00:00.45 lr=0.000010 | GPU MB alloc/reserved=69.9/854.0
2026-04-07 12:43:18 | INFO | [Round 11] Epoch 80/80 time=00:00.45 avg=00:00.42 ETA=00:00.00 | GPU MB alloc/reserved=69.9/854.0
2026-04-07 12:43:18 | INFO | [Round 11] training complete in 00:33.98 (best monitor=68.062) | GPU MB alloc/reserved=69.9/854.0
2026-04-07 12:43:18 | INFO | [Round 11] evaluation started | GPU MB alloc/reserved=52.0/854.0
2026-04-07 12:43:21 | INFO | [Round 11] clean=55.90 fgsm=46.90 pgd=46.75 grad_disp_mean=nan grad_disp_sel=nan round_t=38.72s | GPU MB alloc/reserved=52.0/854.0
2026-04-07 12:43:21 | INFO | [Round 12/21] elapsed=00:38.72 avg_round=00:28.34 projected_remaining=04:15.07 | GPU MB alloc/reserved=52.0/854.0
2026-04-07 12:43:22 | INFO | [Round 12] acquisition on pool_size=48400 scored_pool=5000 budget=100 | GPU MB alloc/reserved=34.1/854.0
2026-04-07 12:43:22 | INFO | [CoreSet-unlabeled-feat] scoring progress 10/20 elapsed=00:00.20 avg/batch=0.020s ETA=00:00.20 | GPU MB alloc/reserved=40.6/854.0
2026-04-07 12:43:22 | INFO | [CoreSet-unlabeled-feat] scoring progress 20/20 elapsed=00:00.23 avg/batch=0.011s ETA=00:00.00 | GPU MB alloc/reserved=40.6/854.0
2026-04-07 12:43:22 | INFO | [CoreSet-labeled-feat] scoring progress 7/7 elapsed=00:00.18 avg/batch=0.026s ETA=00:00.00 | GPU MB alloc/reserved=41.3/854.0
2026-04-07 12:43:22 | INFO | [CoreSet] greedy 10/100 cover_radius=25.348528 | GPU: n/a
2026-04-07 12:43:22 | INFO | [CoreSet] greedy 20/100 cover_radius=24.305138 | GPU: n/a
2026-04-07 12:43:22 | INFO | [CoreSet] greedy 30/100 cover_radius=23.557402 | GPU: n/a
2026-04-07 12:43:22 | INFO | [CoreSet] greedy 40/100 cover_radius=22.959511 | GPU: n/a
2026-04-07 12:43:23 | INFO | [CoreSet] greedy 50/100 cover_radius=22.367088 | GPU: n/a
2026-04-07 12:43:23 | INFO | [CoreSet] greedy 60/100 cover_radius=22.136677 | GPU: n/a
2026-04-07 12:43:23 | INFO | [CoreSet] greedy 70/100 cover_radius=21.708675 | GPU: n/a
2026-04-07 12:43:23 | INFO | [CoreSet] greedy 80/100 cover_radius=21.487255 | GPU: n/a
2026-04-07 12:43:23 | INFO | [CoreSet] greedy 90/100 cover_radius=21.289204 | GPU: n/a
2026-04-07 12:43:23 | INFO | [CoreSet] greedy 100/100 cover_radius=21.209290 | GPU: n/a
2026-04-07 12:43:23 | INFO | [Round 12] labeled=1700 train=1700 val_fixed=0 | GPU MB alloc/reserved=43.1/854.0
2026-04-07 12:43:23 | INFO | [Round 12] epoch=1/80 loss=4.5876 acc=18.47 val_acc=nan data_t=0.0116s batch_t=0.0356s epoch_t=00:00.66 lr=0.001000 | GPU MB alloc/reserved=69.9/854.0
2026-04-07 12:43:23 | INFO | [Round 12] Epoch 1/80 time=00:00.66 avg=00:00.66 ETA=00:52.24 | GPU MB alloc/reserved=69.9/854.0
2026-04-07 12:43:24 | INFO | [Round 12] epoch=2/80 loss=2.2278 acc=22.00 val_acc=nan data_t=0.0030s batch_t=0.0340s epoch_t=00:00.52 lr=0.000998 | GPU MB alloc/reserved=69.9/854.0
2026-04-07 12:43:24 | INFO | [Round 12] Epoch 2/80 time=00:00.52 avg=00:00.59 ETA=00:46.01 | GPU MB alloc/reserved=69.9/854.0
2026-04-07 12:43:24 | INFO | [Round 12] epoch=3/80 loss=2.0595 acc=24.59 val_acc=nan data_t=0.0020s batch_t=0.0340s epoch_t=00:00.50 lr=0.000997 | GPU MB alloc/reserved=69.9/854.0
2026-04-07 12:43:24 | INFO | [Round 12] Epoch 3/80 time=00:00.50 avg=00:00.56 ETA=00:43.23 | GPU MB alloc/reserved=69.9/854.0
2026-04-07 12:43:25 | INFO | [Round 12] epoch=4/80 loss=2.0215 acc=25.65 val_acc=nan data_t=0.0029s batch_t=0.0257s epoch_t=00:00.40 lr=0.000994 | GPU MB alloc/reserved=69.9/854.0
2026-04-07 12:43:25 | INFO | [Round 12] Epoch 4/80 time=00:00.40 avg=00:00.52 ETA=00:39.61 | GPU MB alloc/reserved=69.9/854.0
2026-04-07 12:43:25 | INFO | [Round 12] epoch=5/80 loss=1.9840 acc=27.41 val_acc=nan data_t=0.0029s batch_t=0.0166s epoch_t=00:00.27 lr=0.000990 | GPU MB alloc/reserved=69.9/854.0
2026-04-07 12:43:25 | INFO | [Round 12] Epoch 5/80 time=00:00.27 avg=00:00.47 ETA=00:35.38 | GPU MB alloc/reserved=69.9/854.0
2026-04-07 12:43:26 | INFO | [Round 12] epoch=6/80 loss=1.9425 acc=29.00 val_acc=nan data_t=0.0028s batch_t=0.0340s epoch_t=00:00.52 lr=0.000986 | GPU MB alloc/reserved=69.9/854.0
2026-04-07 12:43:26 | INFO | [Round 12] Epoch 6/80 time=00:00.52 avg=00:00.48 ETA=00:35.46 | GPU MB alloc/reserved=69.9/854.0
2026-04-07 12:43:26 | INFO | [Round 12] epoch=7/80 loss=1.9195 acc=30.53 val_acc=nan data_t=0.0031s batch_t=0.0341s epoch_t=00:00.52 lr=0.000981 | GPU MB alloc/reserved=69.9/854.0
2026-04-07 12:43:26 | INFO | [Round 12] Epoch 7/80 time=00:00.52 avg=00:00.49 ETA=00:35.41 | GPU MB alloc/reserved=69.9/854.0
2026-04-07 12:43:27 | INFO | [Round 12] epoch=8/80 loss=1.8721 acc=33.29 val_acc=nan data_t=0.0029s batch_t=0.0340s epoch_t=00:00.52 lr=0.000976 | GPU MB alloc/reserved=69.9/854.0
2026-04-07 12:43:27 | INFO | [Round 12] Epoch 8/80 time=00:00.52 avg=00:00.49 ETA=00:35.21 | GPU MB alloc/reserved=69.9/854.0
2026-04-07 12:43:27 | INFO | [Round 12] epoch=9/80 loss=1.8251 acc=33.59 val_acc=nan data_t=0.0027s batch_t=0.0341s epoch_t=00:00.51 lr=0.000969 | GPU MB alloc/reserved=69.9/854.0
2026-04-07 12:43:27 | INFO | [Round 12] Epoch 9/80 time=00:00.51 avg=00:00.49 ETA=00:34.92 | GPU MB alloc/reserved=69.9/854.0
2026-04-07 12:43:27 | INFO | [Round 12] epoch=10/80 loss=1.7964 acc=36.06 val_acc=nan data_t=0.0029s batch_t=0.0086s epoch_t=00:00.16 lr=0.000962 | GPU MB alloc/reserved=69.9/854.0
2026-04-07 12:43:27 | INFO | [Round 12] Epoch 10/80 time=00:00.16 avg=00:00.46 ETA=00:32.10 | GPU MB alloc/reserved=69.9/854.0
2026-04-07 12:43:28 | INFO | [Round 12] epoch=11/80 loss=1.7340 acc=35.76 val_acc=nan data_t=0.0023s batch_t=0.0341s epoch_t=00:00.51 lr=0.000955 | GPU MB alloc/reserved=69.9/854.0
2026-04-07 12:43:28 | INFO | [Round 12] Epoch 11/80 time=00:00.51 avg=00:00.46 ETA=00:31.97 | GPU MB alloc/reserved=69.9/854.0
2026-04-07 12:43:28 | INFO | [Round 12] epoch=12/80 loss=1.6719 acc=37.59 val_acc=nan data_t=0.0018s batch_t=0.0341s epoch_t=00:00.50 lr=0.000946 | GPU MB alloc/reserved=69.9/854.0
2026-04-07 12:43:28 | INFO | [Round 12] Epoch 12/80 time=00:00.50 avg=00:00.47 ETA=00:31.73 | GPU MB alloc/reserved=69.9/854.0
2026-04-07 12:43:29 | INFO | [Round 12] epoch=13/80 loss=1.6377 acc=38.53 val_acc=nan data_t=0.0030s batch_t=0.0341s epoch_t=00:00.52 lr=0.000937 | GPU MB alloc/reserved=69.9/854.0
2026-04-07 12:43:29 | INFO | [Round 12] Epoch 13/80 time=00:00.52 avg=00:00.47 ETA=00:31.53 | GPU MB alloc/reserved=69.9/854.0
2026-04-07 12:43:29 | INFO | [Round 12] epoch=14/80 loss=1.6174 acc=41.29 val_acc=nan data_t=0.0032s batch_t=0.0341s epoch_t=00:00.52 lr=0.000927 | GPU MB alloc/reserved=69.9/854.0
2026-04-07 12:43:29 | INFO | [Round 12] Epoch 14/80 time=00:00.52 avg=00:00.47 ETA=00:31.30 | GPU MB alloc/reserved=69.9/854.0
2026-04-07 12:43:30 | INFO | [Round 12] epoch=15/80 loss=1.5953 acc=41.53 val_acc=nan data_t=0.0035s batch_t=0.0152s epoch_t=00:00.26 lr=0.000917 | GPU MB alloc/reserved=69.9/854.0
2026-04-07 12:43:30 | INFO | [Round 12] Epoch 15/80 time=00:00.26 avg=00:00.46 ETA=00:29.90 | GPU MB alloc/reserved=69.9/854.0
2026-04-07 12:43:30 | INFO | [Round 12] epoch=16/80 loss=1.5731 acc=42.88 val_acc=nan data_t=0.0021s batch_t=0.0247s epoch_t=00:00.37 lr=0.000905 | GPU MB alloc/reserved=69.9/854.0
2026-04-07 12:43:30 | INFO | [Round 12] Epoch 16/80 time=00:00.37 avg=00:00.45 ETA=00:29.10 | GPU MB alloc/reserved=69.9/854.0
2026-04-07 12:43:31 | INFO | [Round 12] epoch=17/80 loss=1.5413 acc=43.12 val_acc=nan data_t=0.0030s batch_t=0.0342s epoch_t=00:00.52 lr=0.000894 | GPU MB alloc/reserved=69.9/854.0
2026-04-07 12:43:31 | INFO | [Round 12] Epoch 17/80 time=00:00.52 avg=00:00.46 ETA=00:28.89 | GPU MB alloc/reserved=69.9/854.0
2026-04-07 12:43:31 | INFO | [Round 12] epoch=18/80 loss=1.5421 acc=44.24 val_acc=nan data_t=0.0034s batch_t=0.0341s epoch_t=00:00.53 lr=0.000881 | GPU MB alloc/reserved=69.9/854.0
2026-04-07 12:43:31 | INFO | [Round 12] Epoch 18/80 time=00:00.53 avg=00:00.46 ETA=00:28.66 | GPU MB alloc/reserved=69.9/854.0
2026-04-07 12:43:32 | INFO | [Round 12] epoch=19/80 loss=1.4974 acc=43.29 val_acc=nan data_t=0.0023s batch_t=0.0340s epoch_t=00:00.51 lr=0.000868 | GPU MB alloc/reserved=69.9/854.0
2026-04-07 12:43:32 | INFO | [Round 12] Epoch 19/80 time=00:00.51 avg=00:00.46 ETA=00:28.35 | GPU MB alloc/reserved=69.9/854.0
2026-04-07 12:43:32 | INFO | [Round 12] epoch=20/80 loss=1.4614 acc=46.59 val_acc=nan data_t=0.0027s batch_t=0.0272s epoch_t=00:00.42 lr=0.000855 | GPU MB alloc/reserved=69.9/854.0
2026-04-07 12:43:32 | INFO | [Round 12] Epoch 20/80 time=00:00.42 avg=00:00.46 ETA=00:27.75 | GPU MB alloc/reserved=69.9/854.0
2026-04-07 12:43:32 | INFO | [Round 12] epoch=21/80 loss=1.4301 acc=47.35 val_acc=nan data_t=0.0033s batch_t=0.0181s epoch_t=00:00.30 lr=0.000841 | GPU MB alloc/reserved=69.9/854.0
2026-04-07 12:43:32 | INFO | [Round 12] Epoch 21/80 time=00:00.30 avg=00:00.45 ETA=00:26.82 | GPU MB alloc/reserved=69.9/854.0
2026-04-07 12:43:33 | INFO | [Round 12] epoch=22/80 loss=1.4421 acc=46.12 val_acc=nan data_t=0.0028s batch_t=0.0342s epoch_t=00:00.52 lr=0.000826 | GPU MB alloc/reserved=69.9/854.0
2026-04-07 12:43:33 | INFO | [Round 12] Epoch 22/80 time=00:00.52 avg=00:00.46 ETA=00:26.53 | GPU MB alloc/reserved=69.9/854.0
2026-04-07 12:43:33 | INFO | [Round 12] epoch=23/80 loss=1.4371 acc=48.35 val_acc=nan data_t=0.0042s batch_t=0.0341s epoch_t=00:00.54 lr=0.000811 | GPU MB alloc/reserved=69.9/854.0
2026-04-07 12:43:33 | INFO | [Round 12] Epoch 23/80 time=00:00.54 avg=00:00.46 ETA=00:26.27 | GPU MB alloc/reserved=69.9/854.0
2026-04-07 12:43:34 | INFO | [Round 12] epoch=24/80 loss=1.3845 acc=49.18 val_acc=nan data_t=0.0020s batch_t=0.0340s epoch_t=00:00.50 lr=0.000796 | GPU MB alloc/reserved=69.9/854.0
2026-04-07 12:43:34 | INFO | [Round 12] Epoch 24/80 time=00:00.50 avg=00:00.46 ETA=00:25.91 | GPU MB alloc/reserved=69.9/854.0
2026-04-07 12:43:34 | INFO | [Round 12] epoch=25/80 loss=1.3961 acc=50.00 val_acc=nan data_t=0.0030s batch_t=0.0330s epoch_t=00:00.50 lr=0.000780 | GPU MB alloc/reserved=69.9/854.0
2026-04-07 12:43:34 | INFO | [Round 12] Epoch 25/80 time=00:00.50 avg=00:00.46 ETA=00:25.54 | GPU MB alloc/reserved=69.9/854.0
2026-04-07 12:43:35 | INFO | [Round 12] epoch=26/80 loss=1.3629 acc=48.82 val_acc=nan data_t=0.0031s batch_t=0.0107s epoch_t=00:00.19 lr=0.000764 | GPU MB alloc/reserved=69.9/854.0
2026-04-07 12:43:35 | INFO | [Round 12] Epoch 26/80 time=00:00.19 avg=00:00.45 ETA=00:24.51 | GPU MB alloc/reserved=69.9/854.0
2026-04-07 12:43:35 | INFO | [Round 12] epoch=27/80 loss=1.3398 acc=49.06 val_acc=nan data_t=0.0027s batch_t=0.0341s epoch_t=00:00.52 lr=0.000747 | GPU MB alloc/reserved=69.9/854.0
2026-04-07 12:43:35 | INFO | [Round 12] Epoch 27/80 time=00:00.52 avg=00:00.46 ETA=00:24.18 | GPU MB alloc/reserved=69.9/854.0
2026-04-07 12:43:36 | INFO | [Round 12] epoch=28/80 loss=1.3434 acc=51.18 val_acc=nan data_t=0.0031s batch_t=0.0340s epoch_t=00:00.52 lr=0.000730 | GPU MB alloc/reserved=69.9/854.0
2026-04-07 12:43:36 | INFO | [Round 12] Epoch 28/80 time=00:00.52 avg=00:00.46 ETA=00:23.84 | GPU MB alloc/reserved=69.9/854.0
2026-04-07 12:43:36 | INFO | [Round 12] epoch=29/80 loss=1.3054 acc=52.65 val_acc=nan data_t=0.0038s batch_t=0.0342s epoch_t=00:00.53 lr=0.000712 | GPU MB alloc/reserved=69.9/854.0
2026-04-07 12:43:36 | INFO | [Round 12] Epoch 29/80 time=00:00.53 avg=00:00.46 ETA=00:23.51 | GPU MB alloc/reserved=69.9/854.0
2026-04-07 12:43:37 | INFO | [Round 12] epoch=30/80 loss=1.2981 acc=50.00 val_acc=nan data_t=0.0030s batch_t=0.0340s epoch_t=00:00.52 lr=0.000694 | GPU MB alloc/reserved=69.9/854.0
2026-04-07 12:43:37 | INFO | [Round 12] Epoch 30/80 time=00:00.52 avg=00:00.46 ETA=00:23.15 | GPU MB alloc/reserved=69.9/854.0
2026-04-07 12:43:37 | INFO | [Round 12] epoch=31/80 loss=1.2864 acc=52.18 val_acc=nan data_t=0.0034s batch_t=0.0107s epoch_t=00:00.20 lr=0.000676 | GPU MB alloc/reserved=69.9/854.0
2026-04-07 12:43:37 | INFO | [Round 12] Epoch 31/80 time=00:00.20 avg=00:00.45 ETA=00:22.27 | GPU MB alloc/reserved=69.9/854.0
2026-04-07 12:43:37 | INFO | [Round 12] epoch=32/80 loss=1.2540 acc=54.53 val_acc=nan data_t=0.0023s batch_t=0.0309s epoch_t=00:00.47 lr=0.000658 | GPU MB alloc/reserved=69.9/854.0
2026-04-07 12:43:37 | INFO | [Round 12] Epoch 32/80 time=00:00.47 avg=00:00.45 ETA=00:21.83 | GPU MB alloc/reserved=69.9/854.0
2026-04-07 12:43:38 | INFO | [Round 12] epoch=33/80 loss=1.2542 acc=53.00 val_acc=nan data_t=0.0021s batch_t=0.0342s epoch_t=00:00.51 lr=0.000639 | GPU MB alloc/reserved=69.9/854.0
2026-04-07 12:43:38 | INFO | [Round 12] Epoch 33/80 time=00:00.51 avg=00:00.46 ETA=00:21.45 | GPU MB alloc/reserved=69.9/854.0
2026-04-07 12:43:38 | INFO | [Round 12] epoch=34/80 loss=1.2310 acc=54.29 val_acc=nan data_t=0.0028s batch_t=0.0340s epoch_t=00:00.51 lr=0.000621 | GPU MB alloc/reserved=69.9/854.0
2026-04-07 12:43:38 | INFO | [Round 12] Epoch 34/80 time=00:00.51 avg=00:00.46 ETA=00:21.07 | GPU MB alloc/reserved=69.9/854.0
2026-04-07 12:43:39 | INFO | [Round 12] epoch=35/80 loss=1.2120 acc=54.35 val_acc=nan data_t=0.0030s batch_t=0.0341s epoch_t=00:00.52 lr=0.000602 | GPU MB alloc/reserved=69.9/854.0
2026-04-07 12:43:39 | INFO | [Round 12] Epoch 35/80 time=00:00.52 avg=00:00.46 ETA=00:20.69 | GPU MB alloc/reserved=69.9/854.0
2026-04-07 12:43:39 | INFO | [Round 12] epoch=36/80 loss=1.1881 acc=56.35 val_acc=nan data_t=0.0031s batch_t=0.0212s epoch_t=00:00.34 lr=0.000582 | GPU MB alloc/reserved=69.9/854.0
2026-04-07 12:43:39 | INFO | [Round 12] Epoch 36/80 time=00:00.34 avg=00:00.46 ETA=00:20.09 | GPU MB alloc/reserved=69.9/854.0
2026-04-07 12:43:40 | INFO | [Round 12] epoch=37/80 loss=1.1951 acc=55.18 val_acc=nan data_t=0.0021s batch_t=0.0203s epoch_t=00:00.31 lr=0.000563 | GPU MB alloc/reserved=69.9/854.0
2026-04-07 12:43:40 | INFO | [Round 12] Epoch 37/80 time=00:00.31 avg=00:00.45 ETA=00:19.47 | GPU MB alloc/reserved=69.9/854.0
2026-04-07 12:43:40 | INFO | [Round 12] epoch=38/80 loss=1.1754 acc=56.59 val_acc=nan data_t=0.0019s batch_t=0.0340s epoch_t=00:00.50 lr=0.000544 | GPU MB alloc/reserved=69.9/854.0
2026-04-07 12:43:40 | INFO | [Round 12] Epoch 38/80 time=00:00.50 avg=00:00.45 ETA=00:19.07 | GPU MB alloc/reserved=69.9/854.0
2026-04-07 12:43:41 | INFO | [Round 12] epoch=39/80 loss=1.1776 acc=57.71 val_acc=nan data_t=0.0027s batch_t=0.0341s epoch_t=00:00.51 lr=0.000524 | GPU MB alloc/reserved=69.9/854.0
2026-04-07 12:43:41 | INFO | [Round 12] Epoch 39/80 time=00:00.51 avg=00:00.46 ETA=00:18.68 | GPU MB alloc/reserved=69.9/854.0
2026-04-07 12:43:41 | INFO | [Round 12] epoch=40/80 loss=1.1272 acc=60.12 val_acc=nan data_t=0.0029s batch_t=0.0341s epoch_t=00:00.52 lr=0.000505 | GPU MB alloc/reserved=69.9/854.0
2026-04-07 12:43:41 | INFO | [Round 12] Epoch 40/80 time=00:00.52 avg=00:00.46 ETA=00:18.29 | GPU MB alloc/reserved=69.9/854.0
2026-04-07 12:43:42 | INFO | [Round 12] epoch=41/80 loss=1.1379 acc=57.53 val_acc=nan data_t=0.0037s batch_t=0.0315s epoch_t=00:00.49 lr=0.000486 | GPU MB alloc/reserved=69.9/854.0
2026-04-07 12:43:42 | INFO | [Round 12] Epoch 41/80 time=00:00.49 avg=00:00.46 ETA=00:17.86 | GPU MB alloc/reserved=69.9/854.0
2026-04-07 12:43:42 | INFO | [Round 12] epoch=42/80 loss=1.1397 acc=56.41 val_acc=nan data_t=0.0021s batch_t=0.0107s epoch_t=00:00.18 lr=0.000466 | GPU MB alloc/reserved=69.9/854.0
2026-04-07 12:43:42 | INFO | [Round 12] Epoch 42/80 time=00:00.18 avg=00:00.45 ETA=00:17.15 | GPU MB alloc/reserved=69.9/854.0
2026-04-07 12:43:42 | INFO | [Round 12] epoch=43/80 loss=1.1097 acc=59.18 val_acc=nan data_t=0.0030s batch_t=0.0340s epoch_t=00:00.52 lr=0.000447 | GPU MB alloc/reserved=69.9/854.0
2026-04-07 12:43:42 | INFO | [Round 12] Epoch 43/80 time=00:00.52 avg=00:00.45 ETA=00:16.76 | GPU MB alloc/reserved=69.9/854.0
2026-04-07 12:43:43 | INFO | [Round 12] epoch=44/80 loss=1.1018 acc=59.53 val_acc=nan data_t=0.0032s batch_t=0.0342s epoch_t=00:00.52 lr=0.000428 | GPU MB alloc/reserved=69.9/854.0
2026-04-07 12:43:43 | INFO | [Round 12] Epoch 44/80 time=00:00.52 avg=00:00.45 ETA=00:16.36 | GPU MB alloc/reserved=69.9/854.0
2026-04-07 12:43:43 | INFO | [Round 12] epoch=45/80 loss=1.1211 acc=59.41 val_acc=nan data_t=0.0034s batch_t=0.0342s epoch_t=00:00.53 lr=0.000408 | GPU MB alloc/reserved=69.9/854.0
2026-04-07 12:43:43 | INFO | [Round 12] Epoch 45/80 time=00:00.53 avg=00:00.46 ETA=00:15.97 | GPU MB alloc/reserved=69.9/854.0
2026-04-07 12:43:44 | INFO | [Round 12] epoch=46/80 loss=1.0699 acc=58.71 val_acc=nan data_t=0.0029s batch_t=0.0340s epoch_t=00:00.52 lr=0.000389 | GPU MB alloc/reserved=69.9/854.0
2026-04-07 12:43:44 | INFO | [Round 12] Epoch 46/80 time=00:00.52 avg=00:00.46 ETA=00:15.55 | GPU MB alloc/reserved=69.9/854.0
2026-04-07 12:43:44 | INFO | [Round 12] epoch=47/80 loss=1.0580 acc=61.00 val_acc=nan data_t=0.0029s batch_t=0.0117s epoch_t=00:00.20 lr=0.000371 | GPU MB alloc/reserved=69.9/854.0
2026-04-07 12:43:44 | INFO | [Round 12] Epoch 47/80 time=00:00.20 avg=00:00.45 ETA=00:14.92 | GPU MB alloc/reserved=69.9/854.0
2026-04-07 12:43:45 | INFO | [Round 12] epoch=48/80 loss=1.0389 acc=60.18 val_acc=nan data_t=0.0022s batch_t=0.0293s epoch_t=00:00.44 lr=0.000352 | GPU MB alloc/reserved=69.9/854.0
2026-04-07 12:43:45 | INFO | [Round 12] Epoch 48/80 time=00:00.44 avg=00:00.45 ETA=00:14.46 | GPU MB alloc/reserved=69.9/854.0
2026-04-07 12:43:45 | INFO | [Round 12] epoch=49/80 loss=1.0033 acc=63.12 val_acc=nan data_t=0.0022s batch_t=0.0340s epoch_t=00:00.51 lr=0.000334 | GPU MB alloc/reserved=69.9/854.0
2026-04-07 12:43:45 | INFO | [Round 12] Epoch 49/80 time=00:00.51 avg=00:00.45 ETA=00:14.04 | GPU MB alloc/reserved=69.9/854.0
2026-04-07 12:43:46 | INFO | [Round 12] epoch=50/80 loss=1.0265 acc=61.53 val_acc=nan data_t=0.0024s batch_t=0.0340s epoch_t=00:00.51 lr=0.000316 | GPU MB alloc/reserved=69.9/854.0
2026-04-07 12:43:46 | INFO | [Round 12] Epoch 50/80 time=00:00.51 avg=00:00.45 ETA=00:13.62 | GPU MB alloc/reserved=69.9/854.0
2026-04-07 12:43:46 | INFO | [Round 12] epoch=51/80 loss=1.0123 acc=61.71 val_acc=nan data_t=0.0020s batch_t=0.0340s epoch_t=00:00.50 lr=0.000298 | GPU MB alloc/reserved=69.9/854.0
2026-04-07 12:43:46 | INFO | [Round 12] Epoch 51/80 time=00:00.50 avg=00:00.46 ETA=00:13.20 | GPU MB alloc/reserved=69.9/854.0
2026-04-07 12:43:46 | INFO | [Round 12] epoch=52/80 loss=0.9950 acc=62.88 val_acc=nan data_t=0.0022s batch_t=0.0252s epoch_t=00:00.38 lr=0.000280 | GPU MB alloc/reserved=69.9/854.0
2026-04-07 12:43:46 | INFO | [Round 12] Epoch 52/80 time=00:00.38 avg=00:00.45 ETA=00:12.70 | GPU MB alloc/reserved=69.9/854.0
2026-04-07 12:43:47 | INFO | [Round 12] epoch=53/80 loss=0.9781 acc=62.29 val_acc=nan data_t=0.0021s batch_t=0.0180s epoch_t=00:00.28 lr=0.000263 | GPU MB alloc/reserved=69.9/854.0
2026-04-07 12:43:47 | INFO | [Round 12] Epoch 53/80 time=00:00.28 avg=00:00.45 ETA=00:12.16 | GPU MB alloc/reserved=69.9/854.0
2026-04-07 12:43:47 | INFO | [Round 12] epoch=54/80 loss=0.9578 acc=65.06 val_acc=nan data_t=0.0028s batch_t=0.0340s epoch_t=00:00.52 lr=0.000246 | GPU MB alloc/reserved=69.9/854.0
2026-04-07 12:43:47 | INFO | [Round 12] Epoch 54/80 time=00:00.52 avg=00:00.45 ETA=00:11.74 | GPU MB alloc/reserved=69.9/854.0
2026-04-07 12:43:48 | INFO | [Round 12] epoch=55/80 loss=0.9495 acc=63.47 val_acc=nan data_t=0.0032s batch_t=0.0342s epoch_t=00:00.52 lr=0.000230 | GPU MB alloc/reserved=69.9/854.0
2026-04-07 12:43:48 | INFO | [Round 12] Epoch 55/80 time=00:00.52 avg=00:00.45 ETA=00:11.33 | GPU MB alloc/reserved=69.9/854.0
2026-04-07 12:43:48 | INFO | [Round 12] epoch=56/80 loss=0.9626 acc=64.24 val_acc=nan data_t=0.0022s batch_t=0.0340s epoch_t=00:00.51 lr=0.000214 | GPU MB alloc/reserved=69.9/854.0
2026-04-07 12:43:48 | INFO | [Round 12] Epoch 56/80 time=00:00.51 avg=00:00.45 ETA=00:10.90 | GPU MB alloc/reserved=69.9/854.0
2026-04-07 12:43:49 | INFO | [Round 12] epoch=57/80 loss=0.9639 acc=64.00 val_acc=nan data_t=0.0034s batch_t=0.0338s epoch_t=00:00.52 lr=0.000199 | GPU MB alloc/reserved=69.9/854.0
2026-04-07 12:43:49 | INFO | [Round 12] Epoch 57/80 time=00:00.52 avg=00:00.46 ETA=00:10.47 | GPU MB alloc/reserved=69.9/854.0
2026-04-07 12:43:49 | INFO | [Round 12] epoch=58/80 loss=0.9518 acc=65.06 val_acc=nan data_t=0.0028s batch_t=0.0093s epoch_t=00:00.17 lr=0.000184 | GPU MB alloc/reserved=69.9/854.0
2026-04-07 12:43:49 | INFO | [Round 12] Epoch 58/80 time=00:00.17 avg=00:00.45 ETA=00:09.91 | GPU MB alloc/reserved=69.9/854.0
2026-04-07 12:43:50 | INFO | [Round 12] epoch=59/80 loss=0.9272 acc=64.47 val_acc=nan data_t=0.0022s batch_t=0.0341s epoch_t=00:00.51 lr=0.000169 | GPU MB alloc/reserved=69.9/854.0
2026-04-07 12:43:50 | INFO | [Round 12] Epoch 59/80 time=00:00.51 avg=00:00.45 ETA=00:09.48 | GPU MB alloc/reserved=69.9/854.0
2026-04-07 12:43:50 | INFO | [Round 12] epoch=60/80 loss=0.9499 acc=63.59 val_acc=nan data_t=0.0028s batch_t=0.0340s epoch_t=00:00.52 lr=0.000155 | GPU MB alloc/reserved=69.9/854.0
2026-04-07 12:43:50 | INFO | [Round 12] Epoch 60/80 time=00:00.52 avg=00:00.45 ETA=00:09.05 | GPU MB alloc/reserved=69.9/854.0
2026-04-07 12:43:51 | INFO | [Round 12] epoch=61/80 loss=0.8888 acc=67.53 val_acc=nan data_t=0.0035s batch_t=0.0340s epoch_t=00:00.53 lr=0.000142 | GPU MB alloc/reserved=69.9/854.0
2026-04-07 12:43:51 | INFO | [Round 12] Epoch 61/80 time=00:00.53 avg=00:00.45 ETA=00:08.62 | GPU MB alloc/reserved=69.9/854.0
2026-04-07 12:43:51 | INFO | [Round 12] epoch=62/80 loss=0.9169 acc=64.76 val_acc=nan data_t=0.0022s batch_t=0.0340s epoch_t=00:00.51 lr=0.000129 | GPU MB alloc/reserved=69.9/854.0
2026-04-07 12:43:51 | INFO | [Round 12] Epoch 62/80 time=00:00.51 avg=00:00.45 ETA=00:08.18 | GPU MB alloc/reserved=69.9/854.0
2026-04-07 12:43:51 | INFO | [Round 12] epoch=63/80 loss=0.8989 acc=66.47 val_acc=nan data_t=0.0027s batch_t=0.0159s epoch_t=00:00.26 lr=0.000116 | GPU MB alloc/reserved=69.9/854.0
2026-04-07 12:43:51 | INFO | [Round 12] Epoch 63/80 time=00:00.26 avg=00:00.45 ETA=00:07.67 | GPU MB alloc/reserved=69.9/854.0
2026-04-07 12:43:52 | INFO | [Round 12] epoch=64/80 loss=0.9099 acc=65.59 val_acc=nan data_t=0.0025s batch_t=0.0259s epoch_t=00:00.40 lr=0.000105 | GPU MB alloc/reserved=69.9/854.0
2026-04-07 12:43:52 | INFO | [Round 12] Epoch 64/80 time=00:00.40 avg=00:00.45 ETA=00:07.21 | GPU MB alloc/reserved=69.9/854.0
2026-04-07 12:43:52 | INFO | [Round 12] epoch=65/80 loss=0.8803 acc=67.71 val_acc=nan data_t=0.0020s batch_t=0.0340s epoch_t=00:00.50 lr=0.000093 | GPU MB alloc/reserved=69.9/854.0
2026-04-07 12:43:52 | INFO | [Round 12] Epoch 65/80 time=00:00.50 avg=00:00.45 ETA=00:06.77 | GPU MB alloc/reserved=69.9/854.0
2026-04-07 12:43:53 | INFO | [Round 12] epoch=66/80 loss=0.8778 acc=67.12 val_acc=nan data_t=0.0019s batch_t=0.0341s epoch_t=00:00.50 lr=0.000083 | GPU MB alloc/reserved=69.9/854.0
2026-04-07 12:43:53 | INFO | [Round 12] Epoch 66/80 time=00:00.50 avg=00:00.45 ETA=00:06.33 | GPU MB alloc/reserved=69.9/854.0
2026-04-07 12:43:53 | INFO | [Round 12] epoch=67/80 loss=0.8741 acc=67.00 val_acc=nan data_t=0.0026s batch_t=0.0340s epoch_t=00:00.51 lr=0.000073 | GPU MB alloc/reserved=69.9/854.0
2026-04-07 12:43:53 | INFO | [Round 12] Epoch 67/80 time=00:00.51 avg=00:00.45 ETA=00:05.89 | GPU MB alloc/reserved=69.9/854.0
2026-04-07 12:43:54 | INFO | [Round 12] epoch=68/80 loss=0.8572 acc=68.12 val_acc=nan data_t=0.0028s batch_t=0.0280s epoch_t=00:00.43 lr=0.000064 | GPU MB alloc/reserved=69.9/854.0
2026-04-07 12:43:54 | INFO | [Round 12] Epoch 68/80 time=00:00.43 avg=00:00.45 ETA=00:05.43 | GPU MB alloc/reserved=69.9/854.0
2026-04-07 12:43:54 | INFO | [Round 12] epoch=69/80 loss=0.8824 acc=66.53 val_acc=nan data_t=0.0028s batch_t=0.0161s epoch_t=00:00.27 lr=0.000055 | GPU MB alloc/reserved=69.9/854.0
2026-04-07 12:43:54 | INFO | [Round 12] Epoch 69/80 time=00:00.27 avg=00:00.45 ETA=00:04.95 | GPU MB alloc/reserved=69.9/854.0
2026-04-07 12:43:54 | INFO | [Round 12] epoch=70/80 loss=0.8383 acc=69.82 val_acc=nan data_t=0.0027s batch_t=0.0341s epoch_t=00:00.52 lr=0.000048 | GPU MB alloc/reserved=69.9/854.0
2026-04-07 12:43:54 | INFO | [Round 12] Epoch 70/80 time=00:00.52 avg=00:00.45 ETA=00:04.51 | GPU MB alloc/reserved=69.9/854.0
2026-04-07 12:43:55 | INFO | [Round 12] epoch=71/80 loss=0.8489 acc=69.35 val_acc=nan data_t=0.0033s batch_t=0.0340s epoch_t=00:00.52 lr=0.000041 | GPU MB alloc/reserved=69.9/854.0
2026-04-07 12:43:55 | INFO | [Round 12] Epoch 71/80 time=00:00.52 avg=00:00.45 ETA=00:04.07 | GPU MB alloc/reserved=69.9/854.0
2026-04-07 12:43:55 | INFO | [Round 12] epoch=72/80 loss=0.8739 acc=67.71 val_acc=nan data_t=0.0031s batch_t=0.0341s epoch_t=00:00.52 lr=0.000034 | GPU MB alloc/reserved=69.9/854.0
2026-04-07 12:43:56 | INFO | [Round 12] Epoch 72/80 time=00:00.52 avg=00:00.45 ETA=00:03.62 | GPU MB alloc/reserved=69.9/854.0
2026-04-07 12:43:56 | INFO | [Round 12] epoch=73/80 loss=0.8303 acc=68.76 val_acc=nan data_t=0.0029s batch_t=0.0341s epoch_t=00:00.52 lr=0.000029 | GPU MB alloc/reserved=69.9/854.0
2026-04-07 12:43:56 | INFO | [Round 12] Epoch 73/80 time=00:00.52 avg=00:00.45 ETA=00:03.18 | GPU MB alloc/reserved=69.9/854.0
2026-04-07 12:43:56 | INFO | [Round 12] epoch=74/80 loss=0.8485 acc=67.59 val_acc=nan data_t=0.0030s batch_t=0.0093s epoch_t=00:00.17 lr=0.000024 | GPU MB alloc/reserved=69.9/854.0
2026-04-07 12:43:56 | INFO | [Round 12] Epoch 74/80 time=00:00.17 avg=00:00.45 ETA=00:02.70 | GPU MB alloc/reserved=69.9/854.0
2026-04-07 12:43:57 | INFO | [Round 12] epoch=75/80 loss=0.8538 acc=67.41 val_acc=nan data_t=0.0022s batch_t=0.0341s epoch_t=00:00.51 lr=0.000020 | GPU MB alloc/reserved=69.9/854.0
2026-04-07 12:43:57 | INFO | [Round 12] Epoch 75/80 time=00:00.51 avg=00:00.45 ETA=00:02.25 | GPU MB alloc/reserved=69.9/854.0
2026-04-07 12:43:57 | INFO | [Round 12] epoch=76/80 loss=0.8281 acc=68.65 val_acc=nan data_t=0.0030s batch_t=0.0341s epoch_t=00:00.52 lr=0.000016 | GPU MB alloc/reserved=69.9/854.0
2026-04-07 12:43:57 | INFO | [Round 12] Epoch 76/80 time=00:00.52 avg=00:00.45 ETA=00:01.81 | GPU MB alloc/reserved=69.9/854.0
2026-04-07 12:43:58 | INFO | [Round 12] epoch=77/80 loss=0.8507 acc=67.76 val_acc=nan data_t=0.0031s batch_t=0.0342s epoch_t=00:00.52 lr=0.000013 | GPU MB alloc/reserved=69.9/854.0
2026-04-07 12:43:58 | INFO | [Round 12] Epoch 77/80 time=00:00.52 avg=00:00.45 ETA=00:01.36 | GPU MB alloc/reserved=69.9/854.0
2026-04-07 12:43:58 | INFO | [Round 12] epoch=78/80 loss=0.8461 acc=68.82 val_acc=nan data_t=0.0035s batch_t=0.0341s epoch_t=00:00.53 lr=0.000012 | GPU MB alloc/reserved=69.9/854.0
2026-04-07 12:43:58 | INFO | [Round 12] Epoch 78/80 time=00:00.53 avg=00:00.45 ETA=00:00.91 | GPU MB alloc/reserved=69.9/854.0
2026-04-07 12:43:59 | INFO | [Round 12] epoch=79/80 loss=0.8374 acc=69.00 val_acc=nan data_t=0.0028s batch_t=0.0157s epoch_t=00:00.26 lr=0.000010 | GPU MB alloc/reserved=69.9/854.0
2026-04-07 12:43:59 | INFO | [Round 12] Epoch 79/80 time=00:00.26 avg=00:00.45 ETA=00:00.45 | GPU MB alloc/reserved=69.9/854.0
2026-04-07 12:43:59 | INFO | [Round 12] epoch=80/80 loss=0.8562 acc=67.00 val_acc=nan data_t=0.0029s batch_t=0.0274s epoch_t=00:00.42 lr=0.000010 | GPU MB alloc/reserved=69.9/854.0
2026-04-07 12:43:59 | INFO | [Round 12] Epoch 80/80 time=00:00.42 avg=00:00.45 ETA=00:00.00 | GPU MB alloc/reserved=69.9/854.0
2026-04-07 12:43:59 | INFO | [Round 12] training complete in 00:36.16 (best monitor=69.824) | GPU MB alloc/reserved=69.9/854.0
2026-04-07 12:43:59 | INFO | [Round 12] evaluation started | GPU MB alloc/reserved=52.0/854.0
2026-04-07 12:44:01 | INFO | [Round 12] clean=57.17 fgsm=48.21 pgd=48.04 grad_disp_mean=nan grad_disp_sel=nan round_t=40.09s | GPU MB alloc/reserved=52.0/854.0
2026-04-07 12:44:01 | INFO | [Round 13/21] elapsed=00:40.09 avg_round=00:29.24 projected_remaining=03:53.96 | GPU MB alloc/reserved=52.0/854.0
2026-04-07 12:44:02 | INFO | [Round 13] acquisition on pool_size=48300 scored_pool=5000 budget=100 | GPU MB alloc/reserved=34.1/854.0
2026-04-07 12:44:03 | INFO | [CoreSet-unlabeled-feat] scoring progress 10/20 elapsed=00:00.21 avg/batch=0.021s ETA=00:00.21 | GPU MB alloc/reserved=40.6/854.0
2026-04-07 12:44:03 | INFO | [CoreSet-unlabeled-feat] scoring progress 20/20 elapsed=00:00.24 avg/batch=0.012s ETA=00:00.00 | GPU MB alloc/reserved=40.6/854.0
2026-04-07 12:44:03 | INFO | [CoreSet-labeled-feat] scoring progress 7/7 elapsed=00:00.20 avg/batch=0.028s ETA=00:00.00 | GPU MB alloc/reserved=42.6/854.0
2026-04-07 12:44:03 | INFO | [CoreSet] greedy 10/100 cover_radius=22.118223 | GPU: n/a
2026-04-07 12:44:03 | INFO | [CoreSet] greedy 20/100 cover_radius=21.160496 | GPU: n/a
2026-04-07 12:44:03 | INFO | [CoreSet] greedy 30/100 cover_radius=20.652031 | GPU: n/a
2026-04-07 12:44:03 | INFO | [CoreSet] greedy 40/100 cover_radius=20.237059 | GPU: n/a
2026-04-07 12:44:03 | INFO | [CoreSet] greedy 50/100 cover_radius=20.071283 | GPU: n/a
2026-04-07 12:44:03 | INFO | [CoreSet] greedy 60/100 cover_radius=19.789459 | GPU: n/a
2026-04-07 12:44:03 | INFO | [CoreSet] greedy 70/100 cover_radius=19.614149 | GPU: n/a
2026-04-07 12:44:03 | INFO | [CoreSet] greedy 80/100 cover_radius=19.445505 | GPU: n/a
2026-04-07 12:44:03 | INFO | [CoreSet] greedy 90/100 cover_radius=19.263292 | GPU: n/a
2026-04-07 12:44:03 | INFO | [CoreSet] greedy 100/100 cover_radius=19.130022 | GPU: n/a
2026-04-07 12:44:03 | INFO | [Round 13] labeled=1800 train=1800 val_fixed=0 | GPU MB alloc/reserved=43.1/854.0
2026-04-07 12:44:04 | INFO | [Round 13] epoch=1/80 loss=4.5592 acc=15.83 val_acc=nan data_t=0.0115s batch_t=0.0352s epoch_t=00:00.70 lr=0.001000 | GPU MB alloc/reserved=69.9/856.0
2026-04-07 12:44:04 | INFO | [Round 13] Epoch 1/80 time=00:00.70 avg=00:00.70 ETA=00:55.31 | GPU MB alloc/reserved=69.9/856.0
2026-04-07 12:44:05 | INFO | [Round 13] epoch=2/80 loss=2.2228 acc=20.33 val_acc=nan data_t=0.0018s batch_t=0.0339s epoch_t=00:00.54 lr=0.000998 | GPU MB alloc/reserved=69.9/856.0
2026-04-07 12:44:05 | INFO | [Round 13] Epoch 2/80 time=00:00.54 avg=00:00.62 ETA=00:48.22 | GPU MB alloc/reserved=69.9/856.0
2026-04-07 12:44:05 | INFO | [Round 13] epoch=3/80 loss=2.0844 acc=23.22 val_acc=nan data_t=0.0032s batch_t=0.0345s epoch_t=00:00.57 lr=0.000997 | GPU MB alloc/reserved=69.9/856.0
2026-04-07 12:44:05 | INFO | [Round 13] Epoch 3/80 time=00:00.57 avg=00:00.60 ETA=00:46.26 | GPU MB alloc/reserved=69.9/856.0
2026-04-07 12:44:05 | INFO | [Round 13] epoch=4/80 loss=2.0497 acc=25.67 val_acc=nan data_t=0.0032s batch_t=0.0178s epoch_t=00:00.31 lr=0.000994 | GPU MB alloc/reserved=69.9/856.0
2026-04-07 12:44:05 | INFO | [Round 13] Epoch 4/80 time=00:00.31 avg=00:00.53 ETA=00:40.22 | GPU MB alloc/reserved=69.9/856.0
2026-04-07 12:44:06 | INFO | [Round 13] epoch=5/80 loss=1.9966 acc=27.61 val_acc=nan data_t=0.0022s batch_t=0.0207s epoch_t=00:00.34 lr=0.000990 | GPU MB alloc/reserved=69.9/856.0
2026-04-07 12:44:06 | INFO | [Round 13] Epoch 5/80 time=00:00.34 avg=00:00.49 ETA=00:36.92 | GPU MB alloc/reserved=69.9/856.0
2026-04-07 12:44:06 | INFO | [Round 13] epoch=6/80 loss=1.9689 acc=27.78 val_acc=nan data_t=0.0027s batch_t=0.0340s epoch_t=00:00.55 lr=0.000986 | GPU MB alloc/reserved=69.9/856.0
2026-04-07 12:44:06 | INFO | [Round 13] Epoch 6/80 time=00:00.55 avg=00:00.50 ETA=00:37.14 | GPU MB alloc/reserved=69.9/856.0
2026-04-07 12:44:07 | INFO | [Round 13] epoch=7/80 loss=1.9494 acc=28.44 val_acc=nan data_t=0.0033s batch_t=0.0342s epoch_t=00:00.56 lr=0.000981 | GPU MB alloc/reserved=69.9/856.0
2026-04-07 12:44:07 | INFO | [Round 13] Epoch 7/80 time=00:00.56 avg=00:00.51 ETA=00:37.26 | GPU MB alloc/reserved=69.9/856.0
2026-04-07 12:44:08 | INFO | [Round 13] epoch=8/80 loss=1.9251 acc=29.89 val_acc=nan data_t=0.0102s batch_t=0.0341s epoch_t=00:00.66 lr=0.000976 | GPU MB alloc/reserved=69.9/856.0
2026-04-07 12:44:08 | INFO | [Round 13] Epoch 8/80 time=00:00.66 avg=00:00.53 ETA=00:38.14 | GPU MB alloc/reserved=69.9/856.0
2026-04-07 12:44:08 | INFO | [Round 13] epoch=9/80 loss=1.9134 acc=31.06 val_acc=nan data_t=0.0018s batch_t=0.0159s epoch_t=00:00.27 lr=0.000969 | GPU MB alloc/reserved=69.9/856.0
2026-04-07 12:44:08 | INFO | [Round 13] Epoch 9/80 time=00:00.27 avg=00:00.50 ETA=00:35.53 | GPU MB alloc/reserved=69.9/856.0
2026-04-07 12:44:08 | INFO | [Round 13] epoch=10/80 loss=1.8648 acc=31.56 val_acc=nan data_t=0.0019s batch_t=0.0284s epoch_t=00:00.46 lr=0.000962 | GPU MB alloc/reserved=69.9/856.0
2026-04-07 12:44:08 | INFO | [Round 13] Epoch 10/80 time=00:00.46 avg=00:00.50 ETA=00:34.72 | GPU MB alloc/reserved=69.9/856.0
2026-04-07 12:44:09 | INFO | [Round 13] epoch=11/80 loss=1.8076 acc=33.17 val_acc=nan data_t=0.0037s batch_t=0.0340s epoch_t=00:00.57 lr=0.000955 | GPU MB alloc/reserved=69.9/856.0
2026-04-07 12:44:09 | INFO | [Round 13] Epoch 11/80 time=00:00.57 avg=00:00.50 ETA=00:34.66 | GPU MB alloc/reserved=69.9/856.0
2026-04-07 12:44:09 | INFO | [Round 13] epoch=12/80 loss=1.7779 acc=34.22 val_acc=nan data_t=0.0040s batch_t=0.0341s epoch_t=00:00.57 lr=0.000946 | GPU MB alloc/reserved=69.9/856.0
2026-04-07 12:44:09 | INFO | [Round 13] Epoch 12/80 time=00:00.57 avg=00:00.51 ETA=00:34.55 | GPU MB alloc/reserved=69.9/856.0
2026-04-07 12:44:10 | INFO | [Round 13] epoch=13/80 loss=1.7311 acc=35.44 val_acc=nan data_t=0.0027s batch_t=0.0339s epoch_t=00:00.55 lr=0.000937 | GPU MB alloc/reserved=69.9/856.0
2026-04-07 12:44:10 | INFO | [Round 13] Epoch 13/80 time=00:00.55 avg=00:00.51 ETA=00:34.25 | GPU MB alloc/reserved=69.9/856.0
2026-04-07 12:44:10 | INFO | [Round 13] epoch=14/80 loss=1.7256 acc=36.22 val_acc=nan data_t=0.0029s batch_t=0.0125s epoch_t=00:00.23 lr=0.000927 | GPU MB alloc/reserved=69.9/856.0
2026-04-07 12:44:10 | INFO | [Round 13] Epoch 14/80 time=00:00.23 avg=00:00.49 ETA=00:32.42 | GPU MB alloc/reserved=69.9/856.0
2026-04-07 12:44:11 | INFO | [Round 13] epoch=15/80 loss=1.7081 acc=36.06 val_acc=nan data_t=0.0026s batch_t=0.0339s epoch_t=00:00.55 lr=0.000917 | GPU MB alloc/reserved=69.9/856.0
2026-04-07 12:44:11 | INFO | [Round 13] Epoch 15/80 time=00:00.55 avg=00:00.50 ETA=00:32.18 | GPU MB alloc/reserved=69.9/856.0
2026-04-07 12:44:11 | INFO | [Round 13] epoch=16/80 loss=1.6643 acc=37.50 val_acc=nan data_t=0.0035s batch_t=0.0340s epoch_t=00:00.56 lr=0.000905 | GPU MB alloc/reserved=69.9/856.0
2026-04-07 12:44:11 | INFO | [Round 13] Epoch 16/80 time=00:00.56 avg=00:00.50 ETA=00:31.96 | GPU MB alloc/reserved=69.9/856.0
2026-04-07 12:44:12 | INFO | [Round 13] epoch=17/80 loss=1.6635 acc=37.89 val_acc=nan data_t=0.0029s batch_t=0.0342s epoch_t=00:00.56 lr=0.000894 | GPU MB alloc/reserved=69.9/856.0
2026-04-07 12:44:12 | INFO | [Round 13] Epoch 17/80 time=00:00.56 avg=00:00.50 ETA=00:31.67 | GPU MB alloc/reserved=69.9/856.0
2026-04-07 12:44:13 | INFO | [Round 13] epoch=18/80 loss=1.6187 acc=40.50 val_acc=nan data_t=0.0026s batch_t=0.0292s epoch_t=00:00.48 lr=0.000881 | GPU MB alloc/reserved=69.9/856.0
2026-04-07 12:44:13 | INFO | [Round 13] Epoch 18/80 time=00:00.48 avg=00:00.50 ETA=00:31.08 | GPU MB alloc/reserved=69.9/856.0
2026-04-07 12:44:13 | INFO | [Round 13] epoch=19/80 loss=1.6445 acc=39.11 val_acc=nan data_t=0.0029s batch_t=0.0202s epoch_t=00:00.35 lr=0.000868 | GPU MB alloc/reserved=69.9/856.0
2026-04-07 12:44:13 | INFO | [Round 13] Epoch 19/80 time=00:00.35 avg=00:00.49 ETA=00:30.09 | GPU MB alloc/reserved=69.9/856.0
2026-04-07 12:44:13 | INFO | [Round 13] epoch=20/80 loss=1.6000 acc=39.67 val_acc=nan data_t=0.0030s batch_t=0.0340s epoch_t=00:00.56 lr=0.000855 | GPU MB alloc/reserved=69.9/856.0
2026-04-07 12:44:13 | INFO | [Round 13] Epoch 20/80 time=00:00.56 avg=00:00.50 ETA=00:29.78 | GPU MB alloc/reserved=69.9/856.0
2026-04-07 12:44:14 | INFO | [Round 13] epoch=21/80 loss=1.5974 acc=40.78 val_acc=nan data_t=0.0021s batch_t=0.0340s epoch_t=00:00.54 lr=0.000841 | GPU MB alloc/reserved=69.9/856.0
2026-04-07 12:44:14 | INFO | [Round 13] Epoch 21/80 time=00:00.54 avg=00:00.50 ETA=00:29.41 | GPU MB alloc/reserved=69.9/856.0
2026-04-07 12:44:15 | INFO | [Round 13] epoch=22/80 loss=1.6102 acc=41.50 val_acc=nan data_t=0.0026s batch_t=0.0340s epoch_t=00:00.55 lr=0.000826 | GPU MB alloc/reserved=69.9/856.0
2026-04-07 12:44:15 | INFO | [Round 13] Epoch 22/80 time=00:00.55 avg=00:00.50 ETA=00:29.05 | GPU MB alloc/reserved=69.9/856.0
2026-04-07 12:44:15 | INFO | [Round 13] epoch=23/80 loss=1.6102 acc=39.61 val_acc=nan data_t=0.0034s batch_t=0.0243s epoch_t=00:00.42 lr=0.000811 | GPU MB alloc/reserved=69.9/856.0
2026-04-07 12:44:15 | INFO | [Round 13] Epoch 23/80 time=00:00.42 avg=00:00.50 ETA=00:28.33 | GPU MB alloc/reserved=69.9/856.0
2026-04-07 12:44:15 | INFO | [Round 13] epoch=24/80 loss=1.6293 acc=39.39 val_acc=nan data_t=0.0029s batch_t=0.0176s epoch_t=00:00.31 lr=0.000796 | GPU MB alloc/reserved=69.9/856.0
2026-04-07 12:44:15 | INFO | [Round 13] Epoch 24/80 time=00:00.31 avg=00:00.49 ETA=00:27.39 | GPU MB alloc/reserved=69.9/856.0
2026-04-07 12:44:16 | INFO | [Round 13] epoch=25/80 loss=1.5779 acc=41.39 val_acc=nan data_t=0.0020s batch_t=0.0340s epoch_t=00:00.54 lr=0.000780 | GPU MB alloc/reserved=69.9/856.0
2026-04-07 12:44:16 | INFO | [Round 13] Epoch 25/80 time=00:00.54 avg=00:00.49 ETA=00:27.02 | GPU MB alloc/reserved=69.9/856.0
2026-04-07 12:44:16 | INFO | [Round 13] epoch=26/80 loss=1.5376 acc=41.89 val_acc=nan data_t=0.0032s batch_t=0.0341s epoch_t=00:00.56 lr=0.000764 | GPU MB alloc/reserved=69.9/856.0
2026-04-07 12:44:16 | INFO | [Round 13] Epoch 26/80 time=00:00.56 avg=00:00.49 ETA=00:26.67 | GPU MB alloc/reserved=69.9/856.0
2026-04-07 12:44:17 | INFO | [Round 13] epoch=27/80 loss=1.5146 acc=43.83 val_acc=nan data_t=0.0028s batch_t=0.0339s epoch_t=00:00.55 lr=0.000747 | GPU MB alloc/reserved=69.9/856.0
2026-04-07 12:44:17 | INFO | [Round 13] Epoch 27/80 time=00:00.55 avg=00:00.50 ETA=00:26.29 | GPU MB alloc/reserved=69.9/856.0
2026-04-07 12:44:17 | INFO | [Round 13] epoch=28/80 loss=1.5181 acc=43.39 val_acc=nan data_t=0.0027s batch_t=0.0259s epoch_t=00:00.43 lr=0.000730 | GPU MB alloc/reserved=69.9/856.0
2026-04-07 12:44:17 | INFO | [Round 13] Epoch 28/80 time=00:00.43 avg=00:00.49 ETA=00:25.66 | GPU MB alloc/reserved=69.9/856.0
2026-04-07 12:44:18 | INFO | [Round 13] epoch=29/80 loss=1.5092 acc=43.17 val_acc=nan data_t=0.0031s batch_t=0.0191s epoch_t=00:00.33 lr=0.000712 | GPU MB alloc/reserved=69.9/856.0
2026-04-07 12:44:18 | INFO | [Round 13] Epoch 29/80 time=00:00.33 avg=00:00.49 ETA=00:24.89 | GPU MB alloc/reserved=69.9/856.0
2026-04-07 12:44:18 | INFO | [Round 13] epoch=30/80 loss=1.4877 acc=45.56 val_acc=nan data_t=0.0028s batch_t=0.0339s epoch_t=00:00.55 lr=0.000694 | GPU MB alloc/reserved=69.9/856.0
2026-04-07 12:44:18 | INFO | [Round 13] Epoch 30/80 time=00:00.55 avg=00:00.49 ETA=00:24.50 | GPU MB alloc/reserved=69.9/856.0
2026-04-07 12:44:19 | INFO | [Round 13] epoch=31/80 loss=1.4831 acc=43.67 val_acc=nan data_t=0.0019s batch_t=0.0340s epoch_t=00:00.54 lr=0.000676 | GPU MB alloc/reserved=69.9/856.0
2026-04-07 12:44:19 | INFO | [Round 13] Epoch 31/80 time=00:00.54 avg=00:00.49 ETA=00:24.09 | GPU MB alloc/reserved=69.9/856.0
2026-04-07 12:44:19 | INFO | [Round 13] epoch=32/80 loss=1.4841 acc=44.44 val_acc=nan data_t=0.0031s batch_t=0.0339s epoch_t=00:00.55 lr=0.000658 | GPU MB alloc/reserved=69.9/856.0
2026-04-07 12:44:19 | INFO | [Round 13] Epoch 32/80 time=00:00.55 avg=00:00.49 ETA=00:23.69 | GPU MB alloc/reserved=69.9/856.0
2026-04-07 12:44:20 | INFO | [Round 13] epoch=33/80 loss=1.4578 acc=45.39 val_acc=nan data_t=0.0018s batch_t=0.0264s epoch_t=00:00.42 lr=0.000639 | GPU MB alloc/reserved=69.9/856.0
2026-04-07 12:44:20 | INFO | [Round 13] Epoch 33/80 time=00:00.42 avg=00:00.49 ETA=00:23.10 | GPU MB alloc/reserved=69.9/856.0
2026-04-07 12:44:20 | INFO | [Round 13] epoch=34/80 loss=1.4314 acc=47.33 val_acc=nan data_t=0.0020s batch_t=0.0165s epoch_t=00:00.28 lr=0.000621 | GPU MB alloc/reserved=69.9/856.0
2026-04-07 12:44:20 | INFO | [Round 13] Epoch 34/80 time=00:00.28 avg=00:00.49 ETA=00:22.32 | GPU MB alloc/reserved=69.9/856.0
2026-04-07 12:44:21 | INFO | [Round 13] epoch=35/80 loss=1.4120 acc=46.56 val_acc=nan data_t=0.0017s batch_t=0.0339s epoch_t=00:00.53 lr=0.000602 | GPU MB alloc/reserved=69.9/856.0
2026-04-07 12:44:21 | INFO | [Round 13] Epoch 35/80 time=00:00.53 avg=00:00.49 ETA=00:21.90 | GPU MB alloc/reserved=69.9/856.0
2026-04-07 12:44:21 | INFO | [Round 13] epoch=36/80 loss=1.4238 acc=46.50 val_acc=nan data_t=0.0020s batch_t=0.0340s epoch_t=00:00.54 lr=0.000582 | GPU MB alloc/reserved=69.9/856.0
2026-04-07 12:44:21 | INFO | [Round 13] Epoch 36/80 time=00:00.54 avg=00:00.49 ETA=00:21.48 | GPU MB alloc/reserved=69.9/856.0
2026-04-07 12:44:22 | INFO | [Round 13] epoch=37/80 loss=1.3871 acc=45.50 val_acc=nan data_t=0.0029s batch_t=0.0341s epoch_t=00:00.56 lr=0.000563 | GPU MB alloc/reserved=69.9/856.0
2026-04-07 12:44:22 | INFO | [Round 13] Epoch 37/80 time=00:00.56 avg=00:00.49 ETA=00:21.07 | GPU MB alloc/reserved=69.9/856.0
2026-04-07 12:44:22 | INFO | [Round 13] epoch=38/80 loss=1.4335 acc=46.61 val_acc=nan data_t=0.0028s batch_t=0.0291s epoch_t=00:00.48 lr=0.000544 | GPU MB alloc/reserved=69.9/856.0
2026-04-07 12:44:22 | INFO | [Round 13] Epoch 38/80 time=00:00.48 avg=00:00.49 ETA=00:20.57 | GPU MB alloc/reserved=69.9/856.0
2026-04-07 12:44:22 | INFO | [Round 13] epoch=39/80 loss=1.4001 acc=47.50 val_acc=nan data_t=0.0030s batch_t=0.0179s epoch_t=00:00.31 lr=0.000524 | GPU MB alloc/reserved=69.9/856.0
2026-04-07 12:44:22 | INFO | [Round 13] Epoch 39/80 time=00:00.31 avg=00:00.49 ETA=00:19.89 | GPU MB alloc/reserved=69.9/856.0
2026-04-07 12:44:23 | INFO | [Round 13] epoch=40/80 loss=1.3742 acc=47.50 val_acc=nan data_t=0.0021s batch_t=0.0339s epoch_t=00:00.54 lr=0.000505 | GPU MB alloc/reserved=69.9/856.0
2026-04-07 12:44:23 | INFO | [Round 13] Epoch 40/80 time=00:00.54 avg=00:00.49 ETA=00:19.46 | GPU MB alloc/reserved=69.9/856.0
2026-04-07 12:44:24 | INFO | [Round 13] epoch=41/80 loss=1.3715 acc=49.44 val_acc=nan data_t=0.0017s batch_t=0.0342s epoch_t=00:00.54 lr=0.000486 | GPU MB alloc/reserved=69.9/856.0
2026-04-07 12:44:24 | INFO | [Round 13] Epoch 41/80 time=00:00.54 avg=00:00.49 ETA=00:19.02 | GPU MB alloc/reserved=69.9/856.0
2026-04-07 12:44:24 | INFO | [Round 13] epoch=42/80 loss=1.3692 acc=48.56 val_acc=nan data_t=0.0022s batch_t=0.0339s epoch_t=00:00.54 lr=0.000466 | GPU MB alloc/reserved=69.9/856.0
2026-04-07 12:44:24 | INFO | [Round 13] Epoch 42/80 time=00:00.54 avg=00:00.49 ETA=00:18.59 | GPU MB alloc/reserved=69.9/856.0
2026-04-07 12:44:25 | INFO | [Round 13] epoch=43/80 loss=1.3829 acc=48.17 val_acc=nan data_t=0.0023s batch_t=0.0288s epoch_t=00:00.47 lr=0.000447 | GPU MB alloc/reserved=69.9/856.0
2026-04-07 12:44:25 | INFO | [Round 13] Epoch 43/80 time=00:00.47 avg=00:00.49 ETA=00:18.08 | GPU MB alloc/reserved=69.9/856.0
2026-04-07 12:44:25 | INFO | [Round 13] epoch=44/80 loss=1.3549 acc=49.89 val_acc=nan data_t=0.0028s batch_t=0.0172s epoch_t=00:00.30 lr=0.000428 | GPU MB alloc/reserved=69.9/856.0
2026-04-07 12:44:25 | INFO | [Round 13] Epoch 44/80 time=00:00.30 avg=00:00.48 ETA=00:17.43 | GPU MB alloc/reserved=69.9/856.0
2026-04-07 12:44:25 | INFO | [Round 13] epoch=45/80 loss=1.3387 acc=49.94 val_acc=nan data_t=0.0018s batch_t=0.0344s epoch_t=00:00.54 lr=0.000408 | GPU MB alloc/reserved=69.9/856.0
2026-04-07 12:44:25 | INFO | [Round 13] Epoch 45/80 time=00:00.54 avg=00:00.49 ETA=00:17.00 | GPU MB alloc/reserved=69.9/856.0
2026-04-07 12:44:26 | INFO | [Round 13] epoch=46/80 loss=1.3342 acc=49.72 val_acc=nan data_t=0.0031s batch_t=0.0341s epoch_t=00:00.56 lr=0.000389 | GPU MB alloc/reserved=69.9/856.0
2026-04-07 12:44:26 | INFO | [Round 13] Epoch 46/80 time=00:00.56 avg=00:00.49 ETA=00:16.56 | GPU MB alloc/reserved=69.9/856.0
2026-04-07 12:44:26 | INFO | [Round 13] epoch=47/80 loss=1.2948 acc=51.83 val_acc=nan data_t=0.0020s batch_t=0.0340s epoch_t=00:00.54 lr=0.000371 | GPU MB alloc/reserved=69.9/856.0
2026-04-07 12:44:26 | INFO | [Round 13] Epoch 47/80 time=00:00.54 avg=00:00.49 ETA=00:16.11 | GPU MB alloc/reserved=69.9/856.0
2026-04-07 12:44:27 | INFO | [Round 13] epoch=48/80 loss=1.3072 acc=51.17 val_acc=nan data_t=0.0020s batch_t=0.0284s epoch_t=00:00.46 lr=0.000352 | GPU MB alloc/reserved=69.9/856.0
2026-04-07 12:44:27 | INFO | [Round 13] Epoch 48/80 time=00:00.46 avg=00:00.49 ETA=00:15.60 | GPU MB alloc/reserved=69.9/856.0
2026-04-07 12:44:27 | INFO | [Round 13] epoch=49/80 loss=1.3147 acc=51.28 val_acc=nan data_t=0.0022s batch_t=0.0140s epoch_t=00:00.24 lr=0.000334 | GPU MB alloc/reserved=69.9/856.0
2026-04-07 12:44:27 | INFO | [Round 13] Epoch 49/80 time=00:00.24 avg=00:00.48 ETA=00:14.96 | GPU MB alloc/reserved=69.9/856.0
2026-04-07 12:44:28 | INFO | [Round 13] epoch=50/80 loss=1.3188 acc=49.50 val_acc=nan data_t=0.0039s batch_t=0.0340s epoch_t=00:00.57 lr=0.000316 | GPU MB alloc/reserved=69.9/856.0
2026-04-07 12:44:28 | INFO | [Round 13] Epoch 50/80 time=00:00.57 avg=00:00.48 ETA=00:14.53 | GPU MB alloc/reserved=69.9/856.0
2026-04-07 12:44:28 | INFO | [Round 13] epoch=51/80 loss=1.2977 acc=50.94 val_acc=nan data_t=0.0031s batch_t=0.0341s epoch_t=00:00.56 lr=0.000298 | GPU MB alloc/reserved=69.9/856.0
2026-04-07 12:44:28 | INFO | [Round 13] Epoch 51/80 time=00:00.56 avg=00:00.49 ETA=00:14.09 | GPU MB alloc/reserved=69.9/856.0
2026-04-07 12:44:29 | INFO | [Round 13] epoch=52/80 loss=1.2531 acc=52.17 val_acc=nan data_t=0.0032s batch_t=0.0340s epoch_t=00:00.56 lr=0.000280 | GPU MB alloc/reserved=69.9/856.0
2026-04-07 12:44:29 | INFO | [Round 13] Epoch 52/80 time=00:00.56 avg=00:00.49 ETA=00:13.64 | GPU MB alloc/reserved=69.9/856.0
2026-04-07 12:44:29 | INFO | [Round 13] epoch=53/80 loss=1.2665 acc=51.61 val_acc=nan data_t=0.0030s batch_t=0.0278s epoch_t=00:00.46 lr=0.000263 | GPU MB alloc/reserved=69.9/856.0
2026-04-07 12:44:29 | INFO | [Round 13] Epoch 53/80 time=00:00.46 avg=00:00.49 ETA=00:13.14 | GPU MB alloc/reserved=69.9/856.0
2026-04-07 12:44:30 | INFO | [Round 13] epoch=54/80 loss=1.2306 acc=54.33 val_acc=nan data_t=0.0030s batch_t=0.0197s epoch_t=00:00.34 lr=0.000246 | GPU MB alloc/reserved=69.9/856.0
2026-04-07 12:44:30 | INFO | [Round 13] Epoch 54/80 time=00:00.34 avg=00:00.48 ETA=00:12.58 | GPU MB alloc/reserved=69.9/856.0
2026-04-07 12:44:30 | INFO | [Round 13] epoch=55/80 loss=1.2575 acc=52.33 val_acc=nan data_t=0.0035s batch_t=0.0340s epoch_t=00:00.56 lr=0.000230 | GPU MB alloc/reserved=69.9/856.0
2026-04-07 12:44:30 | INFO | [Round 13] Epoch 55/80 time=00:00.56 avg=00:00.49 ETA=00:12.14 | GPU MB alloc/reserved=69.9/856.0
2026-04-07 12:44:31 | INFO | [Round 13] epoch=56/80 loss=1.2141 acc=54.61 val_acc=nan data_t=0.0032s batch_t=0.0341s epoch_t=00:00.56 lr=0.000214 | GPU MB alloc/reserved=69.9/856.0
2026-04-07 12:44:31 | INFO | [Round 13] Epoch 56/80 time=00:00.56 avg=00:00.49 ETA=00:11.68 | GPU MB alloc/reserved=69.9/856.0
2026-04-07 12:44:31 | INFO | [Round 13] epoch=57/80 loss=1.2621 acc=53.28 val_acc=nan data_t=0.0033s batch_t=0.0340s epoch_t=00:00.56 lr=0.000199 | GPU MB alloc/reserved=69.9/856.0
2026-04-07 12:44:31 | INFO | [Round 13] Epoch 57/80 time=00:00.56 avg=00:00.49 ETA=00:11.23 | GPU MB alloc/reserved=69.9/856.0
2026-04-07 12:44:32 | INFO | [Round 13] epoch=58/80 loss=1.2310 acc=54.22 val_acc=nan data_t=0.0018s batch_t=0.0232s epoch_t=00:00.37 lr=0.000184 | GPU MB alloc/reserved=69.9/856.0
2026-04-07 12:44:32 | INFO | [Round 13] Epoch 58/80 time=00:00.37 avg=00:00.49 ETA=00:10.69 | GPU MB alloc/reserved=69.9/856.0
2026-04-07 12:44:32 | INFO | [Round 13] epoch=59/80 loss=1.2118 acc=52.83 val_acc=nan data_t=0.0042s batch_t=0.0267s epoch_t=00:00.46 lr=0.000169 | GPU MB alloc/reserved=69.9/856.0
2026-04-07 12:44:32 | INFO | [Round 13] Epoch 59/80 time=00:00.46 avg=00:00.49 ETA=00:10.20 | GPU MB alloc/reserved=69.9/856.0
2026-04-07 12:44:33 | INFO | [Round 13] epoch=60/80 loss=1.2178 acc=53.89 val_acc=nan data_t=0.0017s batch_t=0.0340s epoch_t=00:00.54 lr=0.000155 | GPU MB alloc/reserved=69.9/856.0
2026-04-07 12:44:33 | INFO | [Round 13] Epoch 60/80 time=00:00.54 avg=00:00.49 ETA=00:09.73 | GPU MB alloc/reserved=69.9/856.0
2026-04-07 12:44:33 | INFO | [Round 13] epoch=61/80 loss=1.2110 acc=52.78 val_acc=nan data_t=0.0028s batch_t=0.0340s epoch_t=00:00.55 lr=0.000142 | GPU MB alloc/reserved=69.9/856.0
2026-04-07 12:44:33 | INFO | [Round 13] Epoch 61/80 time=00:00.55 avg=00:00.49 ETA=00:09.27 | GPU MB alloc/reserved=69.9/856.0
2026-04-07 12:44:34 | INFO | [Round 13] epoch=62/80 loss=1.1899 acc=55.44 val_acc=nan data_t=0.0027s batch_t=0.0340s epoch_t=00:00.55 lr=0.000129 | GPU MB alloc/reserved=69.9/856.0
2026-04-07 12:44:34 | INFO | [Round 13] Epoch 62/80 time=00:00.55 avg=00:00.49 ETA=00:08.80 | GPU MB alloc/reserved=69.9/856.0
2026-04-07 12:44:34 | INFO | [Round 13] epoch=63/80 loss=1.1863 acc=56.00 val_acc=nan data_t=0.0018s batch_t=0.0200s epoch_t=00:00.33 lr=0.000116 | GPU MB alloc/reserved=69.9/856.0
2026-04-07 12:44:34 | INFO | [Round 13] Epoch 63/80 time=00:00.33 avg=00:00.49 ETA=00:08.26 | GPU MB alloc/reserved=69.9/856.0
2026-04-07 12:44:35 | INFO | [Round 13] epoch=64/80 loss=1.1806 acc=55.39 val_acc=nan data_t=0.0019s batch_t=0.0249s epoch_t=00:00.40 lr=0.000105 | GPU MB alloc/reserved=69.9/856.0
2026-04-07 12:44:35 | INFO | [Round 13] Epoch 64/80 time=00:00.40 avg=00:00.48 ETA=00:07.76 | GPU MB alloc/reserved=69.9/856.0
2026-04-07 12:44:35 | INFO | [Round 13] epoch=65/80 loss=1.2113 acc=54.39 val_acc=nan data_t=0.0024s batch_t=0.0340s epoch_t=00:00.55 lr=0.000093 | GPU MB alloc/reserved=69.9/856.0
2026-04-07 12:44:35 | INFO | [Round 13] Epoch 65/80 time=00:00.55 avg=00:00.49 ETA=00:07.29 | GPU MB alloc/reserved=69.9/856.0
2026-04-07 12:44:36 | INFO | [Round 13] epoch=66/80 loss=1.1746 acc=57.00 val_acc=nan data_t=0.0023s batch_t=0.0340s epoch_t=00:00.54 lr=0.000083 | GPU MB alloc/reserved=69.9/856.0
2026-04-07 12:44:36 | INFO | [Round 13] Epoch 66/80 time=00:00.54 avg=00:00.49 ETA=00:06.81 | GPU MB alloc/reserved=69.9/856.0
2026-04-07 12:44:36 | INFO | [Round 13] epoch=67/80 loss=1.1885 acc=56.00 val_acc=nan data_t=0.0021s batch_t=0.0339s epoch_t=00:00.54 lr=0.000073 | GPU MB alloc/reserved=69.9/856.0
2026-04-07 12:44:36 | INFO | [Round 13] Epoch 67/80 time=00:00.54 avg=00:00.49 ETA=00:06.34 | GPU MB alloc/reserved=69.9/856.0
2026-04-07 12:44:37 | INFO | [Round 13] epoch=68/80 loss=1.1724 acc=55.61 val_acc=nan data_t=0.0027s batch_t=0.0206s epoch_t=00:00.35 lr=0.000064 | GPU MB alloc/reserved=69.9/856.0
2026-04-07 12:44:37 | INFO | [Round 13] Epoch 68/80 time=00:00.35 avg=00:00.49 ETA=00:05.83 | GPU MB alloc/reserved=69.9/856.0
2026-04-07 12:44:37 | INFO | [Round 13] epoch=69/80 loss=1.1845 acc=55.28 val_acc=nan data_t=0.0022s batch_t=0.0268s epoch_t=00:00.44 lr=0.000055 | GPU MB alloc/reserved=69.9/856.0
2026-04-07 12:44:37 | INFO | [Round 13] Epoch 69/80 time=00:00.44 avg=00:00.48 ETA=00:05.33 | GPU MB alloc/reserved=69.9/856.0
2026-04-07 12:44:38 | INFO | [Round 13] epoch=70/80 loss=1.1866 acc=55.89 val_acc=nan data_t=0.0025s batch_t=0.0339s epoch_t=00:00.55 lr=0.000048 | GPU MB alloc/reserved=69.9/856.0
2026-04-07 12:44:38 | INFO | [Round 13] Epoch 70/80 time=00:00.55 avg=00:00.49 ETA=00:04.86 | GPU MB alloc/reserved=69.9/856.0
2026-04-07 12:44:38 | INFO | [Round 13] epoch=71/80 loss=1.1473 acc=58.28 val_acc=nan data_t=0.0031s batch_t=0.0340s epoch_t=00:00.56 lr=0.000041 | GPU MB alloc/reserved=69.9/856.0
2026-04-07 12:44:38 | INFO | [Round 13] Epoch 71/80 time=00:00.56 avg=00:00.49 ETA=00:04.38 | GPU MB alloc/reserved=69.9/856.0
2026-04-07 12:44:39 | INFO | [Round 13] epoch=72/80 loss=1.1709 acc=54.50 val_acc=nan data_t=0.0035s batch_t=0.0340s epoch_t=00:00.56 lr=0.000034 | GPU MB alloc/reserved=69.9/856.0
2026-04-07 12:44:39 | INFO | [Round 13] Epoch 72/80 time=00:00.56 avg=00:00.49 ETA=00:03.90 | GPU MB alloc/reserved=69.9/856.0
2026-04-07 12:44:39 | INFO | [Round 13] epoch=73/80 loss=1.1633 acc=55.94 val_acc=nan data_t=0.0027s batch_t=0.0166s epoch_t=00:00.29 lr=0.000029 | GPU MB alloc/reserved=69.9/856.0
2026-04-07 12:44:39 | INFO | [Round 13] Epoch 73/80 time=00:00.29 avg=00:00.48 ETA=00:03.39 | GPU MB alloc/reserved=69.9/856.0
2026-04-07 12:44:39 | INFO | [Round 13] epoch=74/80 loss=1.1780 acc=54.72 val_acc=nan data_t=0.0019s batch_t=0.0268s epoch_t=00:00.43 lr=0.000024 | GPU MB alloc/reserved=69.9/856.0
2026-04-07 12:44:39 | INFO | [Round 13] Epoch 74/80 time=00:00.43 avg=00:00.48 ETA=00:02.91 | GPU MB alloc/reserved=69.9/856.0
2026-04-07 12:44:40 | INFO | [Round 13] epoch=75/80 loss=1.1652 acc=55.72 val_acc=nan data_t=0.0018s batch_t=0.0340s epoch_t=00:00.54 lr=0.000020 | GPU MB alloc/reserved=69.9/856.0
2026-04-07 12:44:40 | INFO | [Round 13] Epoch 75/80 time=00:00.54 avg=00:00.48 ETA=00:02.42 | GPU MB alloc/reserved=69.9/856.0
2026-04-07 12:44:40 | INFO | [Round 13] epoch=76/80 loss=1.1445 acc=56.67 val_acc=nan data_t=0.0024s batch_t=0.0340s epoch_t=00:00.55 lr=0.000016 | GPU MB alloc/reserved=69.9/856.0
2026-04-07 12:44:40 | INFO | [Round 13] Epoch 76/80 time=00:00.55 avg=00:00.49 ETA=00:01.94 | GPU MB alloc/reserved=69.9/856.0
2026-04-07 12:44:41 | INFO | [Round 13] epoch=77/80 loss=1.1696 acc=55.11 val_acc=nan data_t=0.0023s batch_t=0.0339s epoch_t=00:00.54 lr=0.000013 | GPU MB alloc/reserved=69.9/856.0
2026-04-07 12:44:41 | INFO | [Round 13] Epoch 77/80 time=00:00.54 avg=00:00.49 ETA=00:01.46 | GPU MB alloc/reserved=69.9/856.0
2026-04-07 12:44:41 | INFO | [Round 13] epoch=78/80 loss=1.1578 acc=56.11 val_acc=nan data_t=0.0018s batch_t=0.0199s epoch_t=00:00.33 lr=0.000012 | GPU MB alloc/reserved=69.9/856.0
2026-04-07 12:44:41 | INFO | [Round 13] Epoch 78/80 time=00:00.33 avg=00:00.48 ETA=00:00.97 | GPU MB alloc/reserved=69.9/856.0
2026-04-07 12:44:42 | INFO | [Round 13] epoch=79/80 loss=1.1512 acc=56.89 val_acc=nan data_t=0.0023s batch_t=0.0259s epoch_t=00:00.42 lr=0.000010 | GPU MB alloc/reserved=69.9/856.0
2026-04-07 12:44:42 | INFO | [Round 13] Epoch 79/80 time=00:00.42 avg=00:00.48 ETA=00:00.48 | GPU MB alloc/reserved=69.9/856.0
2026-04-07 12:44:42 | INFO | [Round 13] epoch=80/80 loss=1.1377 acc=56.83 val_acc=nan data_t=0.0030s batch_t=0.0340s epoch_t=00:00.55 lr=0.000010 | GPU MB alloc/reserved=69.9/856.0
2026-04-07 12:44:42 | INFO | [Round 13] Epoch 80/80 time=00:00.55 avg=00:00.48 ETA=00:00.00 | GPU MB alloc/reserved=69.9/856.0
2026-04-07 12:44:42 | INFO | [Round 13] training complete in 00:39.01 (best monitor=58.278) | GPU MB alloc/reserved=69.9/856.0
2026-04-07 12:44:42 | INFO | [Round 13] evaluation started | GPU MB alloc/reserved=52.0/856.0
2026-04-07 12:44:45 | INFO | [Round 13] clean=53.04 fgsm=44.87 pgd=44.78 grad_disp_mean=nan grad_disp_sel=nan round_t=42.53s | GPU MB alloc/reserved=52.0/856.0
2026-04-07 12:44:45 | INFO | [Round 14/21] elapsed=00:42.53 avg_round=00:30.19 projected_remaining=03:31.35 | GPU MB alloc/reserved=52.0/856.0
2026-04-07 12:44:46 | INFO | [Round 14] acquisition on pool_size=48200 scored_pool=5000 budget=100 | GPU MB alloc/reserved=34.1/856.0
2026-04-07 12:44:46 | INFO | [CoreSet-unlabeled-feat] scoring progress 10/20 elapsed=00:00.21 avg/batch=0.021s ETA=00:00.21 | GPU MB alloc/reserved=40.6/856.0
2026-04-07 12:44:46 | INFO | [CoreSet-unlabeled-feat] scoring progress 20/20 elapsed=00:00.24 avg/batch=0.012s ETA=00:00.00 | GPU MB alloc/reserved=40.6/856.0
2026-04-07 12:44:46 | INFO | [CoreSet-labeled-feat] scoring progress 8/8 elapsed=00:00.21 avg/batch=0.026s ETA=00:00.00 | GPU MB alloc/reserved=40.9/856.0
2026-04-07 12:44:46 | INFO | [CoreSet] greedy 10/100 cover_radius=21.471956 | GPU: n/a
2026-04-07 12:44:46 | INFO | [CoreSet] greedy 20/100 cover_radius=20.679226 | GPU: n/a
2026-04-07 12:44:47 | INFO | [CoreSet] greedy 30/100 cover_radius=19.979605 | GPU: n/a
2026-04-07 12:44:47 | INFO | [CoreSet] greedy 40/100 cover_radius=19.579639 | GPU: n/a
2026-04-07 12:44:47 | INFO | [CoreSet] greedy 50/100 cover_radius=19.301359 | GPU: n/a
2026-04-07 12:44:47 | INFO | [CoreSet] greedy 60/100 cover_radius=18.990110 | GPU: n/a
2026-04-07 12:44:47 | INFO | [CoreSet] greedy 70/100 cover_radius=18.761013 | GPU: n/a
2026-04-07 12:44:47 | INFO | [CoreSet] greedy 80/100 cover_radius=18.564817 | GPU: n/a
2026-04-07 12:44:47 | INFO | [CoreSet] greedy 90/100 cover_radius=18.420858 | GPU: n/a
2026-04-07 12:44:47 | INFO | [CoreSet] greedy 100/100 cover_radius=18.227713 | GPU: n/a
2026-04-07 12:44:48 | INFO | [Round 14] labeled=1900 train=1900 val_fixed=0 | GPU MB alloc/reserved=43.1/856.0
2026-04-07 12:44:48 | INFO | [Round 14] epoch=1/80 loss=5.7517 acc=15.79 val_acc=nan data_t=0.0117s batch_t=0.0199s epoch_t=00:00.47 lr=0.001000 | GPU MB alloc/reserved=69.9/856.0
2026-04-07 12:44:48 | INFO | [Round 14] Epoch 1/80 time=00:00.47 avg=00:00.47 ETA=00:37.45 | GPU MB alloc/reserved=69.9/856.0
2026-04-07 12:44:49 | INFO | [Round 14] epoch=2/80 loss=2.2063 acc=23.11 val_acc=nan data_t=0.0021s batch_t=0.0327s epoch_t=00:00.52 lr=0.000998 | GPU MB alloc/reserved=69.9/856.0
2026-04-07 12:44:49 | INFO | [Round 14] Epoch 2/80 time=00:00.52 avg=00:00.50 ETA=00:38.84 | GPU MB alloc/reserved=69.9/856.0
2026-04-07 12:44:49 | INFO | [Round 14] epoch=3/80 loss=2.0431 acc=24.37 val_acc=nan data_t=0.0018s batch_t=0.0343s epoch_t=00:00.54 lr=0.000997 | GPU MB alloc/reserved=69.9/856.0
2026-04-07 12:44:49 | INFO | [Round 14] Epoch 3/80 time=00:00.54 avg=00:00.51 ETA=00:39.47 | GPU MB alloc/reserved=69.9/856.0
2026-04-07 12:44:50 | INFO | [Round 14] epoch=4/80 loss=2.0126 acc=26.26 val_acc=nan data_t=0.0026s batch_t=0.0345s epoch_t=00:00.56 lr=0.000994 | GPU MB alloc/reserved=69.9/856.0
2026-04-07 12:44:50 | INFO | [Round 14] Epoch 4/80 time=00:00.56 avg=00:00.52 ETA=00:39.78 | GPU MB alloc/reserved=69.9/856.0
2026-04-07 12:44:50 | INFO | [Round 14] epoch=5/80 loss=1.9456 acc=28.32 val_acc=nan data_t=0.0027s batch_t=0.0344s epoch_t=00:00.56 lr=0.000990 | GPU MB alloc/reserved=69.9/856.0
2026-04-07 12:44:50 | INFO | [Round 14] Epoch 5/80 time=00:00.56 avg=00:00.53 ETA=00:39.75 | GPU MB alloc/reserved=69.9/856.0
2026-04-07 12:44:50 | INFO | [Round 14] epoch=6/80 loss=1.9124 acc=28.68 val_acc=nan data_t=0.0026s batch_t=0.0110s epoch_t=00:00.20 lr=0.000986 | GPU MB alloc/reserved=69.9/856.0
2026-04-07 12:44:50 | INFO | [Round 14] Epoch 6/80 time=00:00.20 avg=00:00.48 ETA=00:35.21 | GPU MB alloc/reserved=69.9/856.0
2026-04-07 12:44:51 | INFO | [Round 14] epoch=7/80 loss=1.8876 acc=29.89 val_acc=nan data_t=0.0019s batch_t=0.0297s epoch_t=00:00.47 lr=0.000981 | GPU MB alloc/reserved=69.9/856.0
2026-04-07 12:44:51 | INFO | [Round 14] Epoch 7/80 time=00:00.47 avg=00:00.48 ETA=00:34.71 | GPU MB alloc/reserved=69.9/856.0
2026-04-07 12:44:51 | INFO | [Round 14] epoch=8/80 loss=1.8240 acc=32.47 val_acc=nan data_t=0.0025s batch_t=0.0342s epoch_t=00:00.55 lr=0.000976 | GPU MB alloc/reserved=69.9/856.0
2026-04-07 12:44:51 | INFO | [Round 14] Epoch 8/80 time=00:00.55 avg=00:00.49 ETA=00:34.92 | GPU MB alloc/reserved=69.9/856.0
2026-04-07 12:44:52 | INFO | [Round 14] epoch=9/80 loss=1.7889 acc=34.84 val_acc=nan data_t=0.0032s batch_t=0.0343s epoch_t=00:00.56 lr=0.000969 | GPU MB alloc/reserved=69.9/856.0
2026-04-07 12:44:52 | INFO | [Round 14] Epoch 9/80 time=00:00.56 avg=00:00.49 ETA=00:35.05 | GPU MB alloc/reserved=69.9/856.0
2026-04-07 12:44:53 | INFO | [Round 14] epoch=10/80 loss=1.7695 acc=34.63 val_acc=nan data_t=0.0027s batch_t=0.0343s epoch_t=00:00.55 lr=0.000962 | GPU MB alloc/reserved=69.9/856.0
2026-04-07 12:44:53 | INFO | [Round 14] Epoch 10/80 time=00:00.55 avg=00:00.50 ETA=00:34.98 | GPU MB alloc/reserved=69.9/856.0
2026-04-07 12:44:53 | INFO | [Round 14] epoch=11/80 loss=1.6992 acc=37.26 val_acc=nan data_t=0.0030s batch_t=0.0140s epoch_t=00:00.25 lr=0.000955 | GPU MB alloc/reserved=69.9/856.0
2026-04-07 12:44:53 | INFO | [Round 14] Epoch 11/80 time=00:00.25 avg=00:00.48 ETA=00:32.94 | GPU MB alloc/reserved=69.9/856.0
2026-04-07 12:44:53 | INFO | [Round 14] epoch=12/80 loss=1.6659 acc=38.74 val_acc=nan data_t=0.0020s batch_t=0.0284s epoch_t=00:00.46 lr=0.000946 | GPU MB alloc/reserved=69.9/856.0
2026-04-07 12:44:53 | INFO | [Round 14] Epoch 12/80 time=00:00.46 avg=00:00.48 ETA=00:32.34 | GPU MB alloc/reserved=69.9/856.0
2026-04-07 12:44:54 | INFO | [Round 14] epoch=13/80 loss=1.6212 acc=39.63 val_acc=nan data_t=0.0032s batch_t=0.0343s epoch_t=00:00.56 lr=0.000937 | GPU MB alloc/reserved=69.9/856.0
2026-04-07 12:44:54 | INFO | [Round 14] Epoch 13/80 time=00:00.56 avg=00:00.48 ETA=00:32.31 | GPU MB alloc/reserved=69.9/856.0
2026-04-07 12:44:54 | INFO | [Round 14] epoch=14/80 loss=1.6295 acc=38.58 val_acc=nan data_t=0.0029s batch_t=0.0343s epoch_t=00:00.56 lr=0.000927 | GPU MB alloc/reserved=69.9/856.0
2026-04-07 12:44:54 | INFO | [Round 14] Epoch 14/80 time=00:00.56 avg=00:00.49 ETA=00:32.19 | GPU MB alloc/reserved=69.9/856.0
2026-04-07 12:44:55 | INFO | [Round 14] epoch=15/80 loss=1.5914 acc=40.84 val_acc=nan data_t=0.0030s batch_t=0.0342s epoch_t=00:00.56 lr=0.000917 | GPU MB alloc/reserved=69.9/856.0
2026-04-07 12:44:55 | INFO | [Round 14] Epoch 15/80 time=00:00.56 avg=00:00.49 ETA=00:32.01 | GPU MB alloc/reserved=69.9/856.0
2026-04-07 12:44:55 | INFO | [Round 14] epoch=16/80 loss=1.5671 acc=41.21 val_acc=nan data_t=0.0030s batch_t=0.0144s epoch_t=00:00.26 lr=0.000905 | GPU MB alloc/reserved=69.9/856.0
2026-04-07 12:44:55 | INFO | [Round 14] Epoch 16/80 time=00:00.26 avg=00:00.48 ETA=00:30.58 | GPU MB alloc/reserved=69.9/856.0
2026-04-07 12:44:56 | INFO | [Round 14] epoch=17/80 loss=1.5570 acc=41.84 val_acc=nan data_t=0.0019s batch_t=0.0276s epoch_t=00:00.44 lr=0.000894 | GPU MB alloc/reserved=69.9/856.0
2026-04-07 12:44:56 | INFO | [Round 14] Epoch 17/80 time=00:00.44 avg=00:00.48 ETA=00:29.98 | GPU MB alloc/reserved=69.9/856.0
2026-04-07 12:44:56 | INFO | [Round 14] epoch=18/80 loss=1.4944 acc=44.05 val_acc=nan data_t=0.0020s batch_t=0.0342s epoch_t=00:00.54 lr=0.000881 | GPU MB alloc/reserved=69.9/856.0
2026-04-07 12:44:56 | INFO | [Round 14] Epoch 18/80 time=00:00.54 avg=00:00.48 ETA=00:29.73 | GPU MB alloc/reserved=69.9/856.0
2026-04-07 12:44:57 | INFO | [Round 14] epoch=19/80 loss=1.5103 acc=43.32 val_acc=nan data_t=0.0020s batch_t=0.0342s epoch_t=00:00.54 lr=0.000868 | GPU MB alloc/reserved=69.9/856.0
2026-04-07 12:44:57 | INFO | [Round 14] Epoch 19/80 time=00:00.54 avg=00:00.48 ETA=00:29.46 | GPU MB alloc/reserved=69.9/856.0
2026-04-07 12:44:57 | INFO | [Round 14] epoch=20/80 loss=1.4545 acc=43.84 val_acc=nan data_t=0.0020s batch_t=0.0342s epoch_t=00:00.54 lr=0.000855 | GPU MB alloc/reserved=69.9/856.0
2026-04-07 12:44:57 | INFO | [Round 14] Epoch 20/80 time=00:00.54 avg=00:00.49 ETA=00:29.16 | GPU MB alloc/reserved=69.9/856.0
2026-04-07 12:44:58 | INFO | [Round 14] epoch=21/80 loss=1.4883 acc=44.89 val_acc=nan data_t=0.0036s batch_t=0.0178s epoch_t=00:00.32 lr=0.000841 | GPU MB alloc/reserved=69.9/856.0
2026-04-07 12:44:58 | INFO | [Round 14] Epoch 21/80 time=00:00.32 avg=00:00.48 ETA=00:28.21 | GPU MB alloc/reserved=69.9/856.0
2026-04-07 12:44:58 | INFO | [Round 14] epoch=22/80 loss=1.4594 acc=44.95 val_acc=nan data_t=0.0020s batch_t=0.0260s epoch_t=00:00.42 lr=0.000826 | GPU MB alloc/reserved=69.9/856.0
2026-04-07 12:44:58 | INFO | [Round 14] Epoch 22/80 time=00:00.42 avg=00:00.48 ETA=00:27.58 | GPU MB alloc/reserved=69.9/856.0
2026-04-07 12:44:59 | INFO | [Round 14] epoch=23/80 loss=1.4431 acc=46.11 val_acc=nan data_t=0.0018s batch_t=0.0343s epoch_t=00:00.54 lr=0.000811 | GPU MB alloc/reserved=69.9/856.0
2026-04-07 12:44:59 | INFO | [Round 14] Epoch 23/80 time=00:00.54 avg=00:00.48 ETA=00:27.26 | GPU MB alloc/reserved=69.9/856.0
2026-04-07 12:44:59 | INFO | [Round 14] epoch=24/80 loss=1.4120 acc=47.00 val_acc=nan data_t=0.0018s batch_t=0.0343s epoch_t=00:00.54 lr=0.000796 | GPU MB alloc/reserved=69.9/856.0
2026-04-07 12:44:59 | INFO | [Round 14] Epoch 24/80 time=00:00.54 avg=00:00.48 ETA=00:26.93 | GPU MB alloc/reserved=69.9/856.0
2026-04-07 12:45:00 | INFO | [Round 14] epoch=25/80 loss=1.3697 acc=48.84 val_acc=nan data_t=0.0030s batch_t=0.0342s epoch_t=00:00.56 lr=0.000780 | GPU MB alloc/reserved=69.9/856.0
2026-04-07 12:45:00 | INFO | [Round 14] Epoch 25/80 time=00:00.56 avg=00:00.48 ETA=00:26.62 | GPU MB alloc/reserved=69.9/856.0
2026-04-07 12:45:00 | INFO | [Round 14] epoch=26/80 loss=1.3849 acc=48.21 val_acc=nan data_t=0.0027s batch_t=0.0187s epoch_t=00:00.32 lr=0.000764 | GPU MB alloc/reserved=69.9/856.0
2026-04-07 12:45:00 | INFO | [Round 14] Epoch 26/80 time=00:00.32 avg=00:00.48 ETA=00:25.80 | GPU MB alloc/reserved=69.9/856.0
2026-04-07 12:45:00 | INFO | [Round 14] epoch=27/80 loss=1.3744 acc=48.95 val_acc=nan data_t=0.0020s batch_t=0.0221s epoch_t=00:00.36 lr=0.000747 | GPU MB alloc/reserved=69.9/856.0
2026-04-07 12:45:00 | INFO | [Round 14] Epoch 27/80 time=00:00.36 avg=00:00.47 ETA=00:25.09 | GPU MB alloc/reserved=69.9/856.0
2026-04-07 12:45:01 | INFO | [Round 14] epoch=28/80 loss=1.3376 acc=50.84 val_acc=nan data_t=0.0028s batch_t=0.0343s epoch_t=00:00.56 lr=0.000730 | GPU MB alloc/reserved=69.9/856.0
2026-04-07 12:45:01 | INFO | [Round 14] Epoch 28/80 time=00:00.56 avg=00:00.48 ETA=00:24.77 | GPU MB alloc/reserved=69.9/856.0
2026-04-07 12:45:02 | INFO | [Round 14] epoch=29/80 loss=1.3209 acc=50.37 val_acc=nan data_t=0.0027s batch_t=0.0343s epoch_t=00:00.56 lr=0.000712 | GPU MB alloc/reserved=69.9/856.0
2026-04-07 12:45:02 | INFO | [Round 14] Epoch 29/80 time=00:00.56 avg=00:00.48 ETA=00:24.43 | GPU MB alloc/reserved=69.9/856.0
2026-04-07 12:45:02 | INFO | [Round 14] epoch=30/80 loss=1.3087 acc=50.74 val_acc=nan data_t=0.0027s batch_t=0.0344s epoch_t=00:00.56 lr=0.000694 | GPU MB alloc/reserved=69.9/856.0
2026-04-07 12:45:02 | INFO | [Round 14] Epoch 30/80 time=00:00.56 avg=00:00.48 ETA=00:24.09 | GPU MB alloc/reserved=69.9/856.0
2026-04-07 12:45:02 | INFO | [Round 14] epoch=31/80 loss=1.2987 acc=51.21 val_acc=nan data_t=0.0039s batch_t=0.0205s epoch_t=00:00.37 lr=0.000676 | GPU MB alloc/reserved=69.9/856.0
2026-04-07 12:45:02 | INFO | [Round 14] Epoch 31/80 time=00:00.37 avg=00:00.48 ETA=00:23.42 | GPU MB alloc/reserved=69.9/856.0
2026-04-07 12:45:03 | INFO | [Round 14] epoch=32/80 loss=1.3087 acc=51.47 val_acc=nan data_t=0.0019s batch_t=0.0235s epoch_t=00:00.38 lr=0.000658 | GPU MB alloc/reserved=69.9/856.0
2026-04-07 12:45:03 | INFO | [Round 14] Epoch 32/80 time=00:00.38 avg=00:00.47 ETA=00:22.80 | GPU MB alloc/reserved=69.9/856.0
2026-04-07 12:45:03 | INFO | [Round 14] epoch=33/80 loss=1.2256 acc=53.68 val_acc=nan data_t=0.0020s batch_t=0.0342s epoch_t=00:00.54 lr=0.000639 | GPU MB alloc/reserved=69.9/856.0
2026-04-07 12:45:03 | INFO | [Round 14] Epoch 33/80 time=00:00.54 avg=00:00.48 ETA=00:22.42 | GPU MB alloc/reserved=69.9/856.0
2026-04-07 12:45:04 | INFO | [Round 14] epoch=34/80 loss=1.2637 acc=52.84 val_acc=nan data_t=0.0020s batch_t=0.0343s epoch_t=00:00.55 lr=0.000621 | GPU MB alloc/reserved=69.9/856.0
2026-04-07 12:45:04 | INFO | [Round 14] Epoch 34/80 time=00:00.55 avg=00:00.48 ETA=00:22.03 | GPU MB alloc/reserved=69.9/856.0
2026-04-07 12:45:04 | INFO | [Round 14] epoch=35/80 loss=1.2654 acc=52.79 val_acc=nan data_t=0.0019s batch_t=0.0342s epoch_t=00:00.54 lr=0.000602 | GPU MB alloc/reserved=69.9/856.0
2026-04-07 12:45:04 | INFO | [Round 14] Epoch 35/80 time=00:00.54 avg=00:00.48 ETA=00:21.64 | GPU MB alloc/reserved=69.9/856.0
2026-04-07 12:45:05 | INFO | [Round 14] epoch=36/80 loss=1.2266 acc=53.11 val_acc=nan data_t=0.0029s batch_t=0.0227s epoch_t=00:00.38 lr=0.000582 | GPU MB alloc/reserved=69.9/856.0
2026-04-07 12:45:05 | INFO | [Round 14] Epoch 36/80 time=00:00.38 avg=00:00.48 ETA=00:21.04 | GPU MB alloc/reserved=69.9/856.0
2026-04-07 12:45:05 | INFO | [Round 14] epoch=37/80 loss=1.1909 acc=53.74 val_acc=nan data_t=0.0019s batch_t=0.0214s epoch_t=00:00.35 lr=0.000563 | GPU MB alloc/reserved=69.9/856.0
2026-04-07 12:45:05 | INFO | [Round 14] Epoch 37/80 time=00:00.35 avg=00:00.47 ETA=00:20.41 | GPU MB alloc/reserved=69.9/856.0
2026-04-07 12:45:06 | INFO | [Round 14] epoch=38/80 loss=1.1893 acc=56.00 val_acc=nan data_t=0.0018s batch_t=0.0343s epoch_t=00:00.54 lr=0.000544 | GPU MB alloc/reserved=69.9/856.0
2026-04-07 12:45:06 | INFO | [Round 14] Epoch 38/80 time=00:00.54 avg=00:00.48 ETA=00:20.01 | GPU MB alloc/reserved=69.9/856.0
2026-04-07 12:45:06 | INFO | [Round 14] epoch=39/80 loss=1.1590 acc=56.16 val_acc=nan data_t=0.0018s batch_t=0.0342s epoch_t=00:00.54 lr=0.000524 | GPU MB alloc/reserved=69.9/856.0
2026-04-07 12:45:06 | INFO | [Round 14] Epoch 39/80 time=00:00.54 avg=00:00.48 ETA=00:19.60 | GPU MB alloc/reserved=69.9/856.0
2026-04-07 12:45:07 | INFO | [Round 14] epoch=40/80 loss=1.1445 acc=56.95 val_acc=nan data_t=0.0021s batch_t=0.0342s epoch_t=00:00.54 lr=0.000505 | GPU MB alloc/reserved=69.9/856.0
2026-04-07 12:45:07 | INFO | [Round 14] Epoch 40/80 time=00:00.54 avg=00:00.48 ETA=00:19.19 | GPU MB alloc/reserved=69.9/856.0
2026-04-07 12:45:07 | INFO | [Round 14] epoch=41/80 loss=1.1584 acc=56.95 val_acc=nan data_t=0.0020s batch_t=0.0255s epoch_t=00:00.41 lr=0.000486 | GPU MB alloc/reserved=69.9/856.0
2026-04-07 12:45:07 | INFO | [Round 14] Epoch 41/80 time=00:00.41 avg=00:00.48 ETA=00:18.65 | GPU MB alloc/reserved=69.9/856.0
2026-04-07 12:45:08 | INFO | [Round 14] epoch=42/80 loss=1.1198 acc=57.79 val_acc=nan data_t=0.0019s batch_t=0.0183s epoch_t=00:00.30 lr=0.000466 | GPU MB alloc/reserved=69.9/856.0
2026-04-07 12:45:08 | INFO | [Round 14] Epoch 42/80 time=00:00.30 avg=00:00.47 ETA=00:18.01 | GPU MB alloc/reserved=69.9/856.0
2026-04-07 12:45:08 | INFO | [Round 14] epoch=43/80 loss=1.1267 acc=57.42 val_acc=nan data_t=0.0024s batch_t=0.0342s epoch_t=00:00.55 lr=0.000447 | GPU MB alloc/reserved=69.9/856.0
2026-04-07 12:45:08 | INFO | [Round 14] Epoch 43/80 time=00:00.55 avg=00:00.48 ETA=00:17.60 | GPU MB alloc/reserved=69.9/856.0
2026-04-07 12:45:09 | INFO | [Round 14] epoch=44/80 loss=1.0755 acc=61.00 val_acc=nan data_t=0.0026s batch_t=0.0344s epoch_t=00:00.55 lr=0.000428 | GPU MB alloc/reserved=69.9/856.0
2026-04-07 12:45:09 | INFO | [Round 14] Epoch 44/80 time=00:00.55 avg=00:00.48 ETA=00:17.19 | GPU MB alloc/reserved=69.9/856.0
2026-04-07 12:45:09 | INFO | [Round 14] epoch=45/80 loss=1.0834 acc=59.89 val_acc=nan data_t=0.0030s batch_t=0.0343s epoch_t=00:00.56 lr=0.000408 | GPU MB alloc/reserved=69.9/856.0
2026-04-07 12:45:09 | INFO | [Round 14] Epoch 45/80 time=00:00.56 avg=00:00.48 ETA=00:16.78 | GPU MB alloc/reserved=69.9/856.0
2026-04-07 12:45:10 | INFO | [Round 14] epoch=46/80 loss=1.0817 acc=59.89 val_acc=nan data_t=0.0030s batch_t=0.0257s epoch_t=00:00.43 lr=0.000389 | GPU MB alloc/reserved=69.9/856.0
2026-04-07 12:45:10 | INFO | [Round 14] Epoch 46/80 time=00:00.43 avg=00:00.48 ETA=00:16.26 | GPU MB alloc/reserved=69.9/856.0
2026-04-07 12:45:10 | INFO | [Round 14] epoch=47/80 loss=1.0410 acc=61.58 val_acc=nan data_t=0.0031s batch_t=0.0211s epoch_t=00:00.36 lr=0.000371 | GPU MB alloc/reserved=69.9/856.0
2026-04-07 12:45:10 | INFO | [Round 14] Epoch 47/80 time=00:00.36 avg=00:00.48 ETA=00:15.70 | GPU MB alloc/reserved=69.9/856.0
2026-04-07 12:45:11 | INFO | [Round 14] epoch=48/80 loss=1.0397 acc=60.47 val_acc=nan data_t=0.0018s batch_t=0.0343s epoch_t=00:00.54 lr=0.000352 | GPU MB alloc/reserved=69.9/856.0
2026-04-07 12:45:11 | INFO | [Round 14] Epoch 48/80 time=00:00.54 avg=00:00.48 ETA=00:15.27 | GPU MB alloc/reserved=69.9/856.0
2026-04-07 12:45:11 | INFO | [Round 14] epoch=49/80 loss=1.0466 acc=60.16 val_acc=nan data_t=0.0018s batch_t=0.0342s epoch_t=00:00.54 lr=0.000334 | GPU MB alloc/reserved=69.9/856.0
2026-04-07 12:45:11 | INFO | [Round 14] Epoch 49/80 time=00:00.54 avg=00:00.48 ETA=00:14.83 | GPU MB alloc/reserved=69.9/856.0
2026-04-07 12:45:12 | INFO | [Round 14] epoch=50/80 loss=1.0497 acc=60.16 val_acc=nan data_t=0.0019s batch_t=0.0344s epoch_t=00:00.54 lr=0.000316 | GPU MB alloc/reserved=69.9/856.0
2026-04-07 12:45:12 | INFO | [Round 14] Epoch 50/80 time=00:00.54 avg=00:00.48 ETA=00:14.39 | GPU MB alloc/reserved=69.9/856.0
2026-04-07 12:45:12 | INFO | [Round 14] epoch=51/80 loss=1.0104 acc=62.00 val_acc=nan data_t=0.0018s batch_t=0.0263s epoch_t=00:00.42 lr=0.000298 | GPU MB alloc/reserved=69.9/856.0
2026-04-07 12:45:12 | INFO | [Round 14] Epoch 51/80 time=00:00.42 avg=00:00.48 ETA=00:13.88 | GPU MB alloc/reserved=69.9/856.0
2026-04-07 12:45:12 | INFO | [Round 14] epoch=52/80 loss=1.0084 acc=62.32 val_acc=nan data_t=0.0028s batch_t=0.0194s epoch_t=00:00.33 lr=0.000280 | GPU MB alloc/reserved=69.9/856.0
2026-04-07 12:45:12 | INFO | [Round 14] Epoch 52/80 time=00:00.33 avg=00:00.48 ETA=00:13.32 | GPU MB alloc/reserved=69.9/856.0
2026-04-07 12:45:13 | INFO | [Round 14] epoch=53/80 loss=0.9705 acc=63.42 val_acc=nan data_t=0.0028s batch_t=0.0343s epoch_t=00:00.56 lr=0.000263 | GPU MB alloc/reserved=69.9/856.0
2026-04-07 12:45:13 | INFO | [Round 14] Epoch 53/80 time=00:00.56 avg=00:00.48 ETA=00:12.89 | GPU MB alloc/reserved=69.9/856.0
2026-04-07 12:45:14 | INFO | [Round 14] epoch=54/80 loss=0.9764 acc=62.21 val_acc=nan data_t=0.0018s batch_t=0.0344s epoch_t=00:00.54 lr=0.000246 | GPU MB alloc/reserved=69.9/856.0
2026-04-07 12:45:14 | INFO | [Round 14] Epoch 54/80 time=00:00.54 avg=00:00.48 ETA=00:12.44 | GPU MB alloc/reserved=69.9/856.0
2026-04-07 12:45:14 | INFO | [Round 14] epoch=55/80 loss=0.9647 acc=61.84 val_acc=nan data_t=0.0020s batch_t=0.0344s epoch_t=00:00.55 lr=0.000230 | GPU MB alloc/reserved=69.9/856.0
2026-04-07 12:45:14 | INFO | [Round 14] Epoch 55/80 time=00:00.55 avg=00:00.48 ETA=00:12.00 | GPU MB alloc/reserved=69.9/856.0
2026-04-07 12:45:15 | INFO | [Round 14] epoch=56/80 loss=0.9291 acc=64.37 val_acc=nan data_t=0.0035s batch_t=0.0252s epoch_t=00:00.43 lr=0.000214 | GPU MB alloc/reserved=69.9/856.0
2026-04-07 12:45:15 | INFO | [Round 14] Epoch 56/80 time=00:00.43 avg=00:00.48 ETA=00:11.50 | GPU MB alloc/reserved=69.9/856.0
2026-04-07 12:45:15 | INFO | [Round 14] epoch=57/80 loss=0.9353 acc=64.42 val_acc=nan data_t=0.0025s batch_t=0.0217s epoch_t=00:00.36 lr=0.000199 | GPU MB alloc/reserved=69.9/856.0
2026-04-07 12:45:15 | INFO | [Round 14] Epoch 57/80 time=00:00.36 avg=00:00.48 ETA=00:10.97 | GPU MB alloc/reserved=69.9/856.0
2026-04-07 12:45:15 | INFO | [Round 14] epoch=58/80 loss=0.9502 acc=64.42 val_acc=nan data_t=0.0030s batch_t=0.0343s epoch_t=00:00.56 lr=0.000184 | GPU MB alloc/reserved=69.9/856.0
2026-04-07 12:45:15 | INFO | [Round 14] Epoch 58/80 time=00:00.56 avg=00:00.48 ETA=00:10.52 | GPU MB alloc/reserved=69.9/856.0
2026-04-07 12:45:16 | INFO | [Round 14] epoch=59/80 loss=0.9062 acc=65.53 val_acc=nan data_t=0.0031s batch_t=0.0343s epoch_t=00:00.56 lr=0.000169 | GPU MB alloc/reserved=69.9/856.0
2026-04-07 12:45:16 | INFO | [Round 14] Epoch 59/80 time=00:00.56 avg=00:00.48 ETA=00:10.07 | GPU MB alloc/reserved=69.9/856.0
2026-04-07 12:45:17 | INFO | [Round 14] epoch=60/80 loss=0.9067 acc=65.00 val_acc=nan data_t=0.0036s batch_t=0.0343s epoch_t=00:00.57 lr=0.000155 | GPU MB alloc/reserved=69.9/856.0
2026-04-07 12:45:17 | INFO | [Round 14] Epoch 60/80 time=00:00.57 avg=00:00.48 ETA=00:09.62 | GPU MB alloc/reserved=69.9/856.0
2026-04-07 12:45:17 | INFO | [Round 14] epoch=61/80 loss=0.9009 acc=64.95 val_acc=nan data_t=0.0031s batch_t=0.0210s epoch_t=00:00.36 lr=0.000142 | GPU MB alloc/reserved=69.9/856.0
2026-04-07 12:45:17 | INFO | [Round 14] Epoch 61/80 time=00:00.36 avg=00:00.48 ETA=00:09.11 | GPU MB alloc/reserved=69.9/856.0
2026-04-07 12:45:17 | INFO | [Round 14] epoch=62/80 loss=0.9032 acc=65.42 val_acc=nan data_t=0.0021s batch_t=0.0240s epoch_t=00:00.39 lr=0.000129 | GPU MB alloc/reserved=69.9/856.0
2026-04-07 12:45:17 | INFO | [Round 14] Epoch 62/80 time=00:00.39 avg=00:00.48 ETA=00:08.60 | GPU MB alloc/reserved=69.9/856.0
2026-04-07 12:45:18 | INFO | [Round 14] epoch=63/80 loss=0.8884 acc=67.63 val_acc=nan data_t=0.0027s batch_t=0.0344s epoch_t=00:00.56 lr=0.000116 | GPU MB alloc/reserved=69.9/856.0
2026-04-07 12:45:18 | INFO | [Round 14] Epoch 63/80 time=00:00.56 avg=00:00.48 ETA=00:08.14 | GPU MB alloc/reserved=69.9/856.0
2026-04-07 12:45:18 | INFO | [Round 14] epoch=64/80 loss=0.8696 acc=68.89 val_acc=nan data_t=0.0026s batch_t=0.0343s epoch_t=00:00.55 lr=0.000105 | GPU MB alloc/reserved=69.9/856.0
2026-04-07 12:45:18 | INFO | [Round 14] Epoch 64/80 time=00:00.55 avg=00:00.48 ETA=00:07.68 | GPU MB alloc/reserved=69.9/856.0
2026-04-07 12:45:19 | INFO | [Round 14] epoch=65/80 loss=0.8752 acc=66.47 val_acc=nan data_t=0.0029s batch_t=0.0343s epoch_t=00:00.56 lr=0.000093 | GPU MB alloc/reserved=69.9/856.0
2026-04-07 12:45:19 | INFO | [Round 14] Epoch 65/80 time=00:00.56 avg=00:00.48 ETA=00:07.22 | GPU MB alloc/reserved=69.9/856.0
2026-04-07 12:45:19 | INFO | [Round 14] epoch=66/80 loss=0.8728 acc=68.74 val_acc=nan data_t=0.0028s batch_t=0.0204s epoch_t=00:00.35 lr=0.000083 | GPU MB alloc/reserved=69.9/856.0
2026-04-07 12:45:19 | INFO | [Round 14] Epoch 66/80 time=00:00.35 avg=00:00.48 ETA=00:06.71 | GPU MB alloc/reserved=69.9/856.0
2026-04-07 12:45:20 | INFO | [Round 14] epoch=67/80 loss=0.8764 acc=65.63 val_acc=nan data_t=0.0020s batch_t=0.0241s epoch_t=00:00.39 lr=0.000073 | GPU MB alloc/reserved=69.9/856.0
2026-04-07 12:45:20 | INFO | [Round 14] Epoch 67/80 time=00:00.39 avg=00:00.48 ETA=00:06.22 | GPU MB alloc/reserved=69.9/856.0
2026-04-07 12:45:20 | INFO | [Round 14] epoch=68/80 loss=0.8898 acc=66.63 val_acc=nan data_t=0.0029s batch_t=0.0342s epoch_t=00:00.56 lr=0.000064 | GPU MB alloc/reserved=69.9/856.0
2026-04-07 12:45:20 | INFO | [Round 14] Epoch 68/80 time=00:00.56 avg=00:00.48 ETA=00:05.75 | GPU MB alloc/reserved=69.9/856.0
2026-04-07 12:45:21 | INFO | [Round 14] epoch=69/80 loss=0.8477 acc=67.37 val_acc=nan data_t=0.0031s batch_t=0.0342s epoch_t=00:00.56 lr=0.000055 | GPU MB alloc/reserved=69.9/856.0
2026-04-07 12:45:21 | INFO | [Round 14] Epoch 69/80 time=00:00.56 avg=00:00.48 ETA=00:05.28 | GPU MB alloc/reserved=69.9/856.0
2026-04-07 12:45:21 | INFO | [Round 14] epoch=70/80 loss=0.8325 acc=69.42 val_acc=nan data_t=0.0032s batch_t=0.0343s epoch_t=00:00.56 lr=0.000048 | GPU MB alloc/reserved=69.9/856.0
2026-04-07 12:45:21 | INFO | [Round 14] Epoch 70/80 time=00:00.56 avg=00:00.48 ETA=00:04.82 | GPU MB alloc/reserved=69.9/856.0
2026-04-07 12:45:22 | INFO | [Round 14] epoch=71/80 loss=0.8498 acc=68.26 val_acc=nan data_t=0.0018s batch_t=0.0199s epoch_t=00:00.33 lr=0.000041 | GPU MB alloc/reserved=69.9/856.0
2026-04-07 12:45:22 | INFO | [Round 14] Epoch 71/80 time=00:00.33 avg=00:00.48 ETA=00:04.31 | GPU MB alloc/reserved=69.9/856.0
2026-04-07 12:45:22 | INFO | [Round 14] epoch=72/80 loss=0.8440 acc=68.05 val_acc=nan data_t=0.0026s batch_t=0.0248s epoch_t=00:00.41 lr=0.000034 | GPU MB alloc/reserved=69.9/856.0
2026-04-07 12:45:22 | INFO | [Round 14] Epoch 72/80 time=00:00.41 avg=00:00.48 ETA=00:03.83 | GPU MB alloc/reserved=69.9/856.0
2026-04-07 12:45:23 | INFO | [Round 14] epoch=73/80 loss=0.8459 acc=68.42 val_acc=nan data_t=0.0033s batch_t=0.0343s epoch_t=00:00.56 lr=0.000029 | GPU MB alloc/reserved=69.9/856.0
2026-04-07 12:45:23 | INFO | [Round 14] Epoch 73/80 time=00:00.56 avg=00:00.48 ETA=00:03.36 | GPU MB alloc/reserved=69.9/856.0
2026-04-07 12:45:23 | INFO | [Round 14] epoch=74/80 loss=0.8458 acc=68.05 val_acc=nan data_t=0.0031s batch_t=0.0343s epoch_t=00:00.56 lr=0.000024 | GPU MB alloc/reserved=69.9/856.0
2026-04-07 12:45:23 | INFO | [Round 14] Epoch 74/80 time=00:00.56 avg=00:00.48 ETA=00:02.88 | GPU MB alloc/reserved=69.9/856.0
2026-04-07 12:45:24 | INFO | [Round 14] epoch=75/80 loss=0.8323 acc=68.63 val_acc=nan data_t=0.0027s batch_t=0.0344s epoch_t=00:00.56 lr=0.000020 | GPU MB alloc/reserved=69.9/856.0
2026-04-07 12:45:24 | INFO | [Round 14] Epoch 75/80 time=00:00.56 avg=00:00.48 ETA=00:02.41 | GPU MB alloc/reserved=69.9/856.0
2026-04-07 12:45:24 | INFO | [Round 14] epoch=76/80 loss=0.8258 acc=70.47 val_acc=nan data_t=0.0030s batch_t=0.0182s epoch_t=00:00.32 lr=0.000016 | GPU MB alloc/reserved=69.9/856.0
2026-04-07 12:45:24 | INFO | [Round 14] Epoch 76/80 time=00:00.32 avg=00:00.48 ETA=00:01.92 | GPU MB alloc/reserved=69.9/856.0
2026-04-07 12:45:25 | INFO | [Round 14] epoch=77/80 loss=0.8243 acc=69.95 val_acc=nan data_t=0.0022s batch_t=0.0232s epoch_t=00:00.38 lr=0.000013 | GPU MB alloc/reserved=69.9/856.0
2026-04-07 12:45:25 | INFO | [Round 14] Epoch 77/80 time=00:00.38 avg=00:00.48 ETA=00:01.43 | GPU MB alloc/reserved=69.9/856.0
2026-04-07 12:45:25 | INFO | [Round 14] epoch=78/80 loss=0.8183 acc=68.47 val_acc=nan data_t=0.0026s batch_t=0.0342s epoch_t=00:00.55 lr=0.000012 | GPU MB alloc/reserved=69.9/856.0
2026-04-07 12:45:25 | INFO | [Round 14] Epoch 78/80 time=00:00.55 avg=00:00.48 ETA=00:00.96 | GPU MB alloc/reserved=69.9/856.0
2026-04-07 12:45:26 | INFO | [Round 14] epoch=79/80 loss=0.8159 acc=70.05 val_acc=nan data_t=0.0027s batch_t=0.0343s epoch_t=00:00.56 lr=0.000010 | GPU MB alloc/reserved=69.9/856.0
2026-04-07 12:45:26 | INFO | [Round 14] Epoch 79/80 time=00:00.56 avg=00:00.48 ETA=00:00.48 | GPU MB alloc/reserved=69.9/856.0
2026-04-07 12:45:26 | INFO | [Round 14] epoch=80/80 loss=0.8327 acc=69.16 val_acc=nan data_t=0.0028s batch_t=0.0343s epoch_t=00:00.56 lr=0.000010 | GPU MB alloc/reserved=69.9/856.0
2026-04-07 12:45:26 | INFO | [Round 14] Epoch 80/80 time=00:00.56 avg=00:00.48 ETA=00:00.00 | GPU MB alloc/reserved=69.9/856.0
2026-04-07 12:45:26 | INFO | [Round 14] training complete in 00:38.61 (best monitor=70.474) | GPU MB alloc/reserved=69.9/856.0
2026-04-07 12:45:26 | INFO | [Round 14] evaluation started | GPU MB alloc/reserved=52.0/856.0
2026-04-07 12:45:29 | INFO | [Round 14] clean=58.23 fgsm=48.64 pgd=48.46 grad_disp_mean=nan grad_disp_sel=nan round_t=43.52s | GPU MB alloc/reserved=52.0/856.0
2026-04-07 12:45:29 | INFO | [Round 15/21] elapsed=00:43.52 avg_round=00:31.08 projected_remaining=03:06.49 | GPU MB alloc/reserved=52.0/856.0
2026-04-07 12:45:30 | INFO | [Round 15] acquisition on pool_size=48100 scored_pool=5000 budget=100 | GPU MB alloc/reserved=34.1/856.0
2026-04-07 12:45:30 | INFO | [CoreSet-unlabeled-feat] scoring progress 10/20 elapsed=00:00.21 avg/batch=0.021s ETA=00:00.21 | GPU MB alloc/reserved=40.6/856.0
2026-04-07 12:45:30 | INFO | [CoreSet-unlabeled-feat] scoring progress 20/20 elapsed=00:00.24 avg/batch=0.012s ETA=00:00.00 | GPU MB alloc/reserved=40.6/856.0
2026-04-07 12:45:31 | INFO | [CoreSet-labeled-feat] scoring progress 8/8 elapsed=00:00.18 avg/batch=0.022s ETA=00:00.00 | GPU MB alloc/reserved=42.1/856.0
2026-04-07 12:45:31 | INFO | [CoreSet] greedy 10/100 cover_radius=21.342583 | GPU: n/a
2026-04-07 12:45:31 | INFO | [CoreSet] greedy 20/100 cover_radius=20.793804 | GPU: n/a
2026-04-07 12:45:31 | INFO | [CoreSet] greedy 30/100 cover_radius=20.338432 | GPU: n/a
2026-04-07 12:45:31 | INFO | [CoreSet] greedy 40/100 cover_radius=20.171066 | GPU: n/a
2026-04-07 12:45:31 | INFO | [CoreSet] greedy 50/100 cover_radius=19.920925 | GPU: n/a
2026-04-07 12:45:31 | INFO | [CoreSet] greedy 60/100 cover_radius=19.709312 | GPU: n/a
2026-04-07 12:45:31 | INFO | [CoreSet] greedy 70/100 cover_radius=19.552837 | GPU: n/a
2026-04-07 12:45:31 | INFO | [CoreSet] greedy 80/100 cover_radius=19.372725 | GPU: n/a
2026-04-07 12:45:31 | INFO | [CoreSet] greedy 90/100 cover_radius=19.172880 | GPU: n/a
2026-04-07 12:45:31 | INFO | [CoreSet] greedy 100/100 cover_radius=19.061476 | GPU: n/a
2026-04-07 12:45:31 | INFO | [Round 15] labeled=2000 train=2000 val_fixed=0 | GPU MB alloc/reserved=43.1/856.0
2026-04-07 12:45:32 | INFO | [Round 15] epoch=1/80 loss=4.9391 acc=17.55 val_acc=nan data_t=0.0110s batch_t=0.0361s epoch_t=00:00.75 lr=0.001000 | GPU MB alloc/reserved=69.9/856.0
2026-04-07 12:45:32 | INFO | [Round 15] Epoch 1/80 time=00:00.75 avg=00:00.75 ETA=00:59.53 | GPU MB alloc/reserved=69.9/856.0
2026-04-07 12:45:33 | INFO | [Round 15] epoch=2/80 loss=2.1289 acc=23.55 val_acc=nan data_t=0.0017s batch_t=0.0343s epoch_t=00:00.58 lr=0.000998 | GPU MB alloc/reserved=69.9/856.0
2026-04-07 12:45:33 | INFO | [Round 15] Epoch 2/80 time=00:00.58 avg=00:00.66 ETA=00:51.86 | GPU MB alloc/reserved=69.9/856.0
2026-04-07 12:45:33 | INFO | [Round 15] epoch=3/80 loss=2.0165 acc=25.30 val_acc=nan data_t=0.0028s batch_t=0.0344s epoch_t=00:00.59 lr=0.000997 | GPU MB alloc/reserved=69.9/856.0
2026-04-07 12:45:33 | INFO | [Round 15] Epoch 3/80 time=00:00.59 avg=00:00.64 ETA=00:49.38 | GPU MB alloc/reserved=69.9/856.0
2026-04-07 12:45:34 | INFO | [Round 15] epoch=4/80 loss=1.9726 acc=27.65 val_acc=nan data_t=0.0028s batch_t=0.0126s epoch_t=00:00.25 lr=0.000994 | GPU MB alloc/reserved=69.9/856.0
2026-04-07 12:45:34 | INFO | [Round 15] Epoch 4/80 time=00:00.25 avg=00:00.54 ETA=00:41.22 | GPU MB alloc/reserved=69.9/856.0
2026-04-07 12:45:34 | INFO | [Round 15] epoch=5/80 loss=1.9256 acc=30.30 val_acc=nan data_t=0.0017s batch_t=0.0316s epoch_t=00:00.53 lr=0.000990 | GPU MB alloc/reserved=69.9/856.0
2026-04-07 12:45:34 | INFO | [Round 15] Epoch 5/80 time=00:00.53 avg=00:00.54 ETA=00:40.53 | GPU MB alloc/reserved=69.9/856.0
2026-04-07 12:45:35 | INFO | [Round 15] epoch=6/80 loss=1.8909 acc=32.20 val_acc=nan data_t=0.0027s batch_t=0.0342s epoch_t=00:00.59 lr=0.000986 | GPU MB alloc/reserved=69.9/856.0
2026-04-07 12:45:35 | INFO | [Round 15] Epoch 6/80 time=00:00.59 avg=00:00.55 ETA=00:40.61 | GPU MB alloc/reserved=69.9/856.0
2026-04-07 12:45:35 | INFO | [Round 15] epoch=7/80 loss=1.8361 acc=34.10 val_acc=nan data_t=0.0033s batch_t=0.0342s epoch_t=00:00.60 lr=0.000981 | GPU MB alloc/reserved=69.9/856.0
2026-04-07 12:45:35 | INFO | [Round 15] Epoch 7/80 time=00:00.60 avg=00:00.56 ETA=00:40.59 | GPU MB alloc/reserved=69.9/856.0
2026-04-07 12:45:36 | INFO | [Round 15] epoch=8/80 loss=1.7775 acc=34.85 val_acc=nan data_t=0.0033s batch_t=0.0319s epoch_t=00:00.56 lr=0.000976 | GPU MB alloc/reserved=69.9/856.0
2026-04-07 12:45:36 | INFO | [Round 15] Epoch 8/80 time=00:00.56 avg=00:00.56 ETA=00:40.10 | GPU MB alloc/reserved=69.9/856.0
2026-04-07 12:45:36 | INFO | [Round 15] epoch=9/80 loss=1.7579 acc=35.20 val_acc=nan data_t=0.0034s batch_t=0.0150s epoch_t=00:00.29 lr=0.000969 | GPU MB alloc/reserved=69.9/856.0
2026-04-07 12:45:36 | INFO | [Round 15] Epoch 9/80 time=00:00.29 avg=00:00.53 ETA=00:37.48 | GPU MB alloc/reserved=69.9/856.0
2026-04-07 12:45:37 | INFO | [Round 15] epoch=10/80 loss=1.7247 acc=38.15 val_acc=nan data_t=0.0017s batch_t=0.0342s epoch_t=00:00.57 lr=0.000962 | GPU MB alloc/reserved=69.9/856.0
2026-04-07 12:45:37 | INFO | [Round 15] Epoch 10/80 time=00:00.57 avg=00:00.53 ETA=00:37.27 | GPU MB alloc/reserved=69.9/856.0
2026-04-07 12:45:37 | INFO | [Round 15] epoch=11/80 loss=1.6767 acc=39.80 val_acc=nan data_t=0.0036s batch_t=0.0343s epoch_t=00:00.61 lr=0.000955 | GPU MB alloc/reserved=69.9/856.0
2026-04-07 12:45:37 | INFO | [Round 15] Epoch 11/80 time=00:00.61 avg=00:00.54 ETA=00:37.20 | GPU MB alloc/reserved=69.9/856.0
2026-04-07 12:45:38 | INFO | [Round 15] epoch=12/80 loss=1.6292 acc=39.40 val_acc=nan data_t=0.0040s batch_t=0.0342s epoch_t=00:00.61 lr=0.000946 | GPU MB alloc/reserved=69.9/856.0
2026-04-07 12:45:38 | INFO | [Round 15] Epoch 12/80 time=00:00.61 avg=00:00.55 ETA=00:37.08 | GPU MB alloc/reserved=69.9/856.0
2026-04-07 12:45:38 | INFO | [Round 15] epoch=13/80 loss=1.6047 acc=41.30 val_acc=nan data_t=0.0028s batch_t=0.0203s epoch_t=00:00.37 lr=0.000937 | GPU MB alloc/reserved=69.9/856.0
2026-04-07 12:45:38 | INFO | [Round 15] Epoch 13/80 time=00:00.37 avg=00:00.53 ETA=00:35.63 | GPU MB alloc/reserved=69.9/856.0
2026-04-07 12:45:39 | INFO | [Round 15] epoch=14/80 loss=1.5569 acc=41.25 val_acc=nan data_t=0.0021s batch_t=0.0234s epoch_t=00:00.41 lr=0.000927 | GPU MB alloc/reserved=69.9/856.0
2026-04-07 12:45:39 | INFO | [Round 15] Epoch 14/80 time=00:00.41 avg=00:00.52 ETA=00:34.51 | GPU MB alloc/reserved=69.9/856.0
2026-04-07 12:45:39 | INFO | [Round 15] epoch=15/80 loss=1.5355 acc=42.30 val_acc=nan data_t=0.0034s batch_t=0.0342s epoch_t=00:00.60 lr=0.000917 | GPU MB alloc/reserved=69.9/856.0
2026-04-07 12:45:39 | INFO | [Round 15] Epoch 15/80 time=00:00.60 avg=00:00.53 ETA=00:34.34 | GPU MB alloc/reserved=69.9/856.0
2026-04-07 12:45:40 | INFO | [Round 15] epoch=16/80 loss=1.4993 acc=45.45 val_acc=nan data_t=0.0030s batch_t=0.0341s epoch_t=00:00.59 lr=0.000905 | GPU MB alloc/reserved=69.9/856.0
2026-04-07 12:45:40 | INFO | [Round 15] Epoch 16/80 time=00:00.59 avg=00:00.53 ETA=00:34.07 | GPU MB alloc/reserved=69.9/856.0
2026-04-07 12:45:40 | INFO | [Round 15] epoch=17/80 loss=1.4671 acc=45.10 val_acc=nan data_t=0.0017s batch_t=0.0342s epoch_t=00:00.57 lr=0.000894 | GPU MB alloc/reserved=69.9/856.0
2026-04-07 12:45:40 | INFO | [Round 15] Epoch 17/80 time=00:00.57 avg=00:00.53 ETA=00:33.70 | GPU MB alloc/reserved=69.9/856.0
2026-04-07 12:45:41 | INFO | [Round 15] epoch=18/80 loss=1.4455 acc=45.30 val_acc=nan data_t=0.0025s batch_t=0.0124s epoch_t=00:00.24 lr=0.000881 | GPU MB alloc/reserved=69.9/856.0
2026-04-07 12:45:41 | INFO | [Round 15] Epoch 18/80 time=00:00.24 avg=00:00.52 ETA=00:32.14 | GPU MB alloc/reserved=69.9/856.0
2026-04-07 12:45:41 | INFO | [Round 15] epoch=19/80 loss=1.4209 acc=46.95 val_acc=nan data_t=0.0022s batch_t=0.0287s epoch_t=00:00.49 lr=0.000868 | GPU MB alloc/reserved=69.9/856.0
2026-04-07 12:45:41 | INFO | [Round 15] Epoch 19/80 time=00:00.49 avg=00:00.52 ETA=00:31.55 | GPU MB alloc/reserved=69.9/856.0
2026-04-07 12:45:42 | INFO | [Round 15] epoch=20/80 loss=1.4106 acc=48.65 val_acc=nan data_t=0.0031s batch_t=0.0342s epoch_t=00:00.60 lr=0.000855 | GPU MB alloc/reserved=69.9/856.0
2026-04-07 12:45:42 | INFO | [Round 15] Epoch 20/80 time=00:00.60 avg=00:00.52 ETA=00:31.27 | GPU MB alloc/reserved=69.9/856.0
2026-04-07 12:45:42 | INFO | [Round 15] epoch=21/80 loss=1.3865 acc=49.70 val_acc=nan data_t=0.0026s batch_t=0.0341s epoch_t=00:00.59 lr=0.000841 | GPU MB alloc/reserved=69.9/856.0
2026-04-07 12:45:42 | INFO | [Round 15] Epoch 21/80 time=00:00.59 avg=00:00.52 ETA=00:30.94 | GPU MB alloc/reserved=69.9/856.0
2026-04-07 12:45:43 | INFO | [Round 15] epoch=22/80 loss=1.3670 acc=49.95 val_acc=nan data_t=0.0035s batch_t=0.0343s epoch_t=00:00.60 lr=0.000826 | GPU MB alloc/reserved=69.9/856.0
2026-04-07 12:45:43 | INFO | [Round 15] Epoch 22/80 time=00:00.60 avg=00:00.53 ETA=00:30.62 | GPU MB alloc/reserved=69.9/856.0
2026-04-07 12:45:43 | INFO | [Round 15] epoch=23/80 loss=1.3592 acc=49.45 val_acc=nan data_t=0.0023s batch_t=0.0084s epoch_t=00:00.17 lr=0.000811 | GPU MB alloc/reserved=69.9/856.0
2026-04-07 12:45:43 | INFO | [Round 15] Epoch 23/80 time=00:00.17 avg=00:00.51 ETA=00:29.22 | GPU MB alloc/reserved=69.9/856.0
2026-04-07 12:45:44 | INFO | [Round 15] epoch=24/80 loss=1.3261 acc=50.60 val_acc=nan data_t=0.0016s batch_t=0.0342s epoch_t=00:00.57 lr=0.000796 | GPU MB alloc/reserved=69.9/856.0
2026-04-07 12:45:44 | INFO | [Round 15] Epoch 24/80 time=00:00.57 avg=00:00.52 ETA=00:28.84 | GPU MB alloc/reserved=69.9/856.0
2026-04-07 12:45:44 | INFO | [Round 15] epoch=25/80 loss=1.2966 acc=52.85 val_acc=nan data_t=0.0031s batch_t=0.0341s epoch_t=00:00.60 lr=0.000780 | GPU MB alloc/reserved=69.9/856.0
2026-04-07 12:45:44 | INFO | [Round 15] Epoch 25/80 time=00:00.60 avg=00:00.52 ETA=00:28.50 | GPU MB alloc/reserved=69.9/856.0
2026-04-07 12:45:45 | INFO | [Round 15] epoch=26/80 loss=1.2809 acc=53.25 val_acc=nan data_t=0.0016s batch_t=0.0342s epoch_t=00:00.57 lr=0.000764 | GPU MB alloc/reserved=69.9/856.0
2026-04-07 12:45:45 | INFO | [Round 15] Epoch 26/80 time=00:00.57 avg=00:00.52 ETA=00:28.10 | GPU MB alloc/reserved=69.9/856.0
2026-04-07 12:45:45 | INFO | [Round 15] epoch=27/80 loss=1.2675 acc=53.05 val_acc=nan data_t=0.0022s batch_t=0.0300s epoch_t=00:00.52 lr=0.000747 | GPU MB alloc/reserved=69.9/856.0
2026-04-07 12:45:45 | INFO | [Round 15] Epoch 27/80 time=00:00.52 avg=00:00.52 ETA=00:27.57 | GPU MB alloc/reserved=69.9/856.0
2026-04-07 12:45:46 | INFO | [Round 15] epoch=28/80 loss=1.2329 acc=54.85 val_acc=nan data_t=0.0032s batch_t=0.0147s epoch_t=00:00.29 lr=0.000730 | GPU MB alloc/reserved=69.9/856.0
2026-04-07 12:45:46 | INFO | [Round 15] Epoch 28/80 time=00:00.29 avg=00:00.51 ETA=00:26.62 | GPU MB alloc/reserved=69.9/856.0
2026-04-07 12:45:46 | INFO | [Round 15] epoch=29/80 loss=1.2239 acc=54.50 val_acc=nan data_t=0.0023s batch_t=0.0342s epoch_t=00:00.58 lr=0.000712 | GPU MB alloc/reserved=69.9/856.0
2026-04-07 12:45:46 | INFO | [Round 15] Epoch 29/80 time=00:00.58 avg=00:00.51 ETA=00:26.23 | GPU MB alloc/reserved=69.9/856.0
2026-04-07 12:45:47 | INFO | [Round 15] epoch=30/80 loss=1.2006 acc=55.40 val_acc=nan data_t=0.0024s batch_t=0.0342s epoch_t=00:00.59 lr=0.000694 | GPU MB alloc/reserved=69.9/856.0
2026-04-07 12:45:47 | INFO | [Round 15] Epoch 30/80 time=00:00.59 avg=00:00.52 ETA=00:25.84 | GPU MB alloc/reserved=69.9/856.0
2026-04-07 12:45:48 | INFO | [Round 15] epoch=31/80 loss=1.2059 acc=55.25 val_acc=nan data_t=0.0025s batch_t=0.0342s epoch_t=00:00.59 lr=0.000676 | GPU MB alloc/reserved=69.9/856.0
2026-04-07 12:45:48 | INFO | [Round 15] Epoch 31/80 time=00:00.59 avg=00:00.52 ETA=00:25.43 | GPU MB alloc/reserved=69.9/856.0
2026-04-07 12:45:48 | INFO | [Round 15] epoch=32/80 loss=1.2022 acc=55.50 val_acc=nan data_t=0.0033s batch_t=0.0218s epoch_t=00:00.40 lr=0.000658 | GPU MB alloc/reserved=69.9/856.0
2026-04-07 12:45:48 | INFO | [Round 15] Epoch 32/80 time=00:00.40 avg=00:00.52 ETA=00:24.74 | GPU MB alloc/reserved=69.9/856.0
2026-04-07 12:45:48 | INFO | [Round 15] epoch=33/80 loss=1.1344 acc=58.10 val_acc=nan data_t=0.0017s batch_t=0.0185s epoch_t=00:00.32 lr=0.000639 | GPU MB alloc/reserved=69.9/856.0
2026-04-07 12:45:48 | INFO | [Round 15] Epoch 33/80 time=00:00.32 avg=00:00.51 ETA=00:23.95 | GPU MB alloc/reserved=69.9/856.0
2026-04-07 12:45:49 | INFO | [Round 15] epoch=34/80 loss=1.1298 acc=58.15 val_acc=nan data_t=0.0019s batch_t=0.0342s epoch_t=00:00.58 lr=0.000621 | GPU MB alloc/reserved=69.9/856.0
2026-04-07 12:45:49 | INFO | [Round 15] Epoch 34/80 time=00:00.58 avg=00:00.51 ETA=00:23.53 | GPU MB alloc/reserved=69.9/856.0
2026-04-07 12:45:49 | INFO | [Round 15] epoch=35/80 loss=1.1365 acc=58.55 val_acc=nan data_t=0.0017s batch_t=0.0342s epoch_t=00:00.57 lr=0.000602 | GPU MB alloc/reserved=69.9/856.0
2026-04-07 12:45:49 | INFO | [Round 15] Epoch 35/80 time=00:00.57 avg=00:00.51 ETA=00:23.10 | GPU MB alloc/reserved=69.9/856.0
2026-04-07 12:45:50 | INFO | [Round 15] epoch=36/80 loss=1.1099 acc=58.10 val_acc=nan data_t=0.0025s batch_t=0.0342s epoch_t=00:00.59 lr=0.000582 | GPU MB alloc/reserved=69.9/856.0
2026-04-07 12:45:50 | INFO | [Round 15] Epoch 36/80 time=00:00.59 avg=00:00.52 ETA=00:22.68 | GPU MB alloc/reserved=69.9/856.0
2026-04-07 12:45:50 | INFO | [Round 15] epoch=37/80 loss=1.0695 acc=60.70 val_acc=nan data_t=0.0029s batch_t=0.0199s epoch_t=00:00.36 lr=0.000563 | GPU MB alloc/reserved=69.9/856.0
2026-04-07 12:45:50 | INFO | [Round 15] Epoch 37/80 time=00:00.36 avg=00:00.51 ETA=00:21.98 | GPU MB alloc/reserved=69.9/856.0
2026-04-07 12:45:51 | INFO | [Round 15] epoch=38/80 loss=1.0483 acc=60.60 val_acc=nan data_t=0.0020s batch_t=0.0240s epoch_t=00:00.42 lr=0.000544 | GPU MB alloc/reserved=69.9/856.0
2026-04-07 12:45:51 | INFO | [Round 15] Epoch 38/80 time=00:00.42 avg=00:00.51 ETA=00:21.37 | GPU MB alloc/reserved=69.9/856.0
2026-04-07 12:45:51 | INFO | [Round 15] epoch=39/80 loss=1.0470 acc=61.10 val_acc=nan data_t=0.0018s batch_t=0.0343s epoch_t=00:00.58 lr=0.000524 | GPU MB alloc/reserved=69.9/856.0
2026-04-07 12:45:51 | INFO | [Round 15] Epoch 39/80 time=00:00.58 avg=00:00.51 ETA=00:20.93 | GPU MB alloc/reserved=69.9/856.0
2026-04-07 12:45:52 | INFO | [Round 15] epoch=40/80 loss=1.0590 acc=59.65 val_acc=nan data_t=0.0027s batch_t=0.0343s epoch_t=00:00.59 lr=0.000505 | GPU MB alloc/reserved=69.9/856.0
2026-04-07 12:45:52 | INFO | [Round 15] Epoch 40/80 time=00:00.59 avg=00:00.51 ETA=00:20.50 | GPU MB alloc/reserved=69.9/856.0
2026-04-07 12:45:53 | INFO | [Round 15] epoch=41/80 loss=1.0302 acc=61.65 val_acc=nan data_t=0.0026s batch_t=0.0343s epoch_t=00:00.59 lr=0.000486 | GPU MB alloc/reserved=69.9/856.0
2026-04-07 12:45:53 | INFO | [Round 15] Epoch 41/80 time=00:00.59 avg=00:00.51 ETA=00:20.06 | GPU MB alloc/reserved=69.9/856.0
2026-04-07 12:45:53 | INFO | [Round 15] epoch=42/80 loss=1.0188 acc=61.30 val_acc=nan data_t=0.0017s batch_t=0.0147s epoch_t=00:00.26 lr=0.000466 | GPU MB alloc/reserved=69.9/856.0
2026-04-07 12:45:53 | INFO | [Round 15] Epoch 42/80 time=00:00.26 avg=00:00.51 ETA=00:19.32 | GPU MB alloc/reserved=69.9/856.0
2026-04-07 12:45:53 | INFO | [Round 15] epoch=43/80 loss=0.9953 acc=63.75 val_acc=nan data_t=0.0021s batch_t=0.0307s epoch_t=00:00.52 lr=0.000447 | GPU MB alloc/reserved=69.9/856.0
2026-04-07 12:45:53 | INFO | [Round 15] Epoch 43/80 time=00:00.52 avg=00:00.51 ETA=00:18.82 | GPU MB alloc/reserved=69.9/856.0
2026-04-07 12:45:54 | INFO | [Round 15] epoch=44/80 loss=0.9829 acc=63.00 val_acc=nan data_t=0.0017s batch_t=0.0342s epoch_t=00:00.57 lr=0.000428 | GPU MB alloc/reserved=69.9/856.0
2026-04-07 12:45:54 | INFO | [Round 15] Epoch 44/80 time=00:00.57 avg=00:00.51 ETA=00:18.37 | GPU MB alloc/reserved=69.9/856.0
2026-04-07 12:45:54 | INFO | [Round 15] epoch=45/80 loss=0.9399 acc=65.35 val_acc=nan data_t=0.0018s batch_t=0.0342s epoch_t=00:00.58 lr=0.000408 | GPU MB alloc/reserved=69.9/856.0
2026-04-07 12:45:54 | INFO | [Round 15] Epoch 45/80 time=00:00.58 avg=00:00.51 ETA=00:17.91 | GPU MB alloc/reserved=69.9/856.0
2026-04-07 12:45:55 | INFO | [Round 15] epoch=46/80 loss=0.9644 acc=63.30 val_acc=nan data_t=0.0026s batch_t=0.0342s epoch_t=00:00.59 lr=0.000389 | GPU MB alloc/reserved=69.9/856.0
2026-04-07 12:45:55 | INFO | [Round 15] Epoch 46/80 time=00:00.59 avg=00:00.51 ETA=00:17.46 | GPU MB alloc/reserved=69.9/856.0
2026-04-07 12:45:55 | INFO | [Round 15] epoch=47/80 loss=0.9581 acc=64.00 val_acc=nan data_t=0.0037s batch_t=0.0089s epoch_t=00:00.20 lr=0.000371 | GPU MB alloc/reserved=69.9/856.0
2026-04-07 12:45:55 | INFO | [Round 15] Epoch 47/80 time=00:00.20 avg=00:00.51 ETA=00:16.73 | GPU MB alloc/reserved=69.9/856.0
2026-04-07 12:45:56 | INFO | [Round 15] epoch=48/80 loss=0.9395 acc=65.10 val_acc=nan data_t=0.0017s batch_t=0.0341s epoch_t=00:00.57 lr=0.000352 | GPU MB alloc/reserved=69.9/856.0
2026-04-07 12:45:56 | INFO | [Round 15] Epoch 48/80 time=00:00.57 avg=00:00.51 ETA=00:16.26 | GPU MB alloc/reserved=69.9/856.0
2026-04-07 12:45:56 | INFO | [Round 15] epoch=49/80 loss=0.9229 acc=66.15 val_acc=nan data_t=0.0028s batch_t=0.0342s epoch_t=00:00.59 lr=0.000334 | GPU MB alloc/reserved=69.9/856.0
2026-04-07 12:45:56 | INFO | [Round 15] Epoch 49/80 time=00:00.59 avg=00:00.51 ETA=00:15.81 | GPU MB alloc/reserved=69.9/856.0
2026-04-07 12:45:57 | INFO | [Round 15] epoch=50/80 loss=0.8878 acc=66.85 val_acc=nan data_t=0.0025s batch_t=0.0343s epoch_t=00:00.59 lr=0.000316 | GPU MB alloc/reserved=69.9/856.0
2026-04-07 12:45:57 | INFO | [Round 15] Epoch 50/80 time=00:00.59 avg=00:00.51 ETA=00:15.34 | GPU MB alloc/reserved=69.9/856.0
2026-04-07 12:45:58 | INFO | [Round 15] epoch=51/80 loss=0.9072 acc=67.40 val_acc=nan data_t=0.0036s batch_t=0.0281s epoch_t=00:00.51 lr=0.000298 | GPU MB alloc/reserved=69.9/856.0
2026-04-07 12:45:58 | INFO | [Round 15] Epoch 51/80 time=00:00.51 avg=00:00.51 ETA=00:14.83 | GPU MB alloc/reserved=69.9/856.0
2026-04-07 12:45:58 | INFO | [Round 15] epoch=52/80 loss=0.8943 acc=66.35 val_acc=nan data_t=0.0029s batch_t=0.0183s epoch_t=00:00.34 lr=0.000280 | GPU MB alloc/reserved=69.9/856.0
2026-04-07 12:45:58 | INFO | [Round 15] Epoch 52/80 time=00:00.34 avg=00:00.51 ETA=00:14.23 | GPU MB alloc/reserved=69.9/856.0
2026-04-07 12:45:58 | INFO | [Round 15] epoch=53/80 loss=0.8812 acc=67.90 val_acc=nan data_t=0.0029s batch_t=0.0342s epoch_t=00:00.59 lr=0.000263 | GPU MB alloc/reserved=69.9/856.0
2026-04-07 12:45:58 | INFO | [Round 15] Epoch 53/80 time=00:00.59 avg=00:00.51 ETA=00:13.76 | GPU MB alloc/reserved=69.9/856.0
2026-04-07 12:45:59 | INFO | [Round 15] epoch=54/80 loss=0.8748 acc=67.80 val_acc=nan data_t=0.0029s batch_t=0.0342s epoch_t=00:00.59 lr=0.000246 | GPU MB alloc/reserved=69.9/856.0
2026-04-07 12:45:59 | INFO | [Round 15] Epoch 54/80 time=00:00.59 avg=00:00.51 ETA=00:13.29 | GPU MB alloc/reserved=69.9/856.0
2026-04-07 12:46:00 | INFO | [Round 15] epoch=55/80 loss=0.8546 acc=68.70 val_acc=nan data_t=0.0027s batch_t=0.0343s epoch_t=00:00.59 lr=0.000230 | GPU MB alloc/reserved=69.9/856.0
2026-04-07 12:46:00 | INFO | [Round 15] Epoch 55/80 time=00:00.59 avg=00:00.51 ETA=00:12.82 | GPU MB alloc/reserved=69.9/856.0
2026-04-07 12:46:00 | INFO | [Round 15] epoch=56/80 loss=0.8567 acc=67.95 val_acc=nan data_t=0.0017s batch_t=0.0180s epoch_t=00:00.32 lr=0.000214 | GPU MB alloc/reserved=69.9/856.0
2026-04-07 12:46:00 | INFO | [Round 15] Epoch 56/80 time=00:00.32 avg=00:00.51 ETA=00:12.22 | GPU MB alloc/reserved=69.9/856.0
2026-04-07 12:46:00 | INFO | [Round 15] epoch=57/80 loss=0.8361 acc=68.90 val_acc=nan data_t=0.0018s batch_t=0.0215s epoch_t=00:00.37 lr=0.000199 | GPU MB alloc/reserved=69.9/856.0
2026-04-07 12:46:00 | INFO | [Round 15] Epoch 57/80 time=00:00.37 avg=00:00.51 ETA=00:11.66 | GPU MB alloc/reserved=69.9/856.0
2026-04-07 12:46:01 | INFO | [Round 15] epoch=58/80 loss=0.8393 acc=68.70 val_acc=nan data_t=0.0030s batch_t=0.0343s epoch_t=00:00.60 lr=0.000184 | GPU MB alloc/reserved=69.9/856.0
2026-04-07 12:46:01 | INFO | [Round 15] Epoch 58/80 time=00:00.60 avg=00:00.51 ETA=00:11.18 | GPU MB alloc/reserved=69.9/856.0
2026-04-07 12:46:02 | INFO | [Round 15] epoch=59/80 loss=0.8315 acc=68.55 val_acc=nan data_t=0.0026s batch_t=0.0343s epoch_t=00:00.59 lr=0.000169 | GPU MB alloc/reserved=69.9/856.0
2026-04-07 12:46:02 | INFO | [Round 15] Epoch 59/80 time=00:00.59 avg=00:00.51 ETA=00:10.70 | GPU MB alloc/reserved=69.9/856.0
2026-04-07 12:46:02 | INFO | [Round 15] epoch=60/80 loss=0.7895 acc=70.00 val_acc=nan data_t=0.0025s batch_t=0.0343s epoch_t=00:00.59 lr=0.000155 | GPU MB alloc/reserved=69.9/856.0
2026-04-07 12:46:02 | INFO | [Round 15] Epoch 60/80 time=00:00.59 avg=00:00.51 ETA=00:10.22 | GPU MB alloc/reserved=69.9/856.0
2026-04-07 12:46:02 | INFO | [Round 15] epoch=61/80 loss=0.7741 acc=71.60 val_acc=nan data_t=0.0031s batch_t=0.0138s epoch_t=00:00.27 lr=0.000142 | GPU MB alloc/reserved=69.9/856.0
2026-04-07 12:46:02 | INFO | [Round 15] Epoch 61/80 time=00:00.27 avg=00:00.51 ETA=00:09.64 | GPU MB alloc/reserved=69.9/856.0
2026-04-07 12:46:03 | INFO | [Round 15] epoch=62/80 loss=0.7860 acc=71.45 val_acc=nan data_t=0.0019s batch_t=0.0282s epoch_t=00:00.48 lr=0.000129 | GPU MB alloc/reserved=69.9/856.0
2026-04-07 12:46:03 | INFO | [Round 15] Epoch 62/80 time=00:00.48 avg=00:00.51 ETA=00:09.12 | GPU MB alloc/reserved=69.9/856.0
2026-04-07 12:46:03 | INFO | [Round 15] epoch=63/80 loss=0.7870 acc=70.40 val_acc=nan data_t=0.0025s batch_t=0.0343s epoch_t=00:00.59 lr=0.000116 | GPU MB alloc/reserved=69.9/856.0
2026-04-07 12:46:03 | INFO | [Round 15] Epoch 63/80 time=00:00.59 avg=00:00.51 ETA=00:08.64 | GPU MB alloc/reserved=69.9/856.0
2026-04-07 12:46:04 | INFO | [Round 15] epoch=64/80 loss=0.7879 acc=70.30 val_acc=nan data_t=0.0025s batch_t=0.0341s epoch_t=00:00.59 lr=0.000105 | GPU MB alloc/reserved=69.9/856.0
2026-04-07 12:46:04 | INFO | [Round 15] Epoch 64/80 time=00:00.59 avg=00:00.51 ETA=00:08.15 | GPU MB alloc/reserved=69.9/856.0
2026-04-07 12:46:05 | INFO | [Round 15] epoch=65/80 loss=0.7589 acc=70.75 val_acc=nan data_t=0.0019s batch_t=0.0342s epoch_t=00:00.58 lr=0.000093 | GPU MB alloc/reserved=69.9/856.0
2026-04-07 12:46:05 | INFO | [Round 15] Epoch 65/80 time=00:00.58 avg=00:00.51 ETA=00:07.65 | GPU MB alloc/reserved=69.9/856.0
2026-04-07 12:46:05 | INFO | [Round 15] epoch=66/80 loss=0.7571 acc=72.20 val_acc=nan data_t=0.0027s batch_t=0.0100s epoch_t=00:00.20 lr=0.000083 | GPU MB alloc/reserved=69.9/856.0
2026-04-07 12:46:05 | INFO | [Round 15] Epoch 66/80 time=00:00.20 avg=00:00.51 ETA=00:07.08 | GPU MB alloc/reserved=69.9/856.0
2026-04-07 12:46:05 | INFO | [Round 15] epoch=67/80 loss=0.7774 acc=71.05 val_acc=nan data_t=0.0018s batch_t=0.0330s epoch_t=00:00.56 lr=0.000073 | GPU MB alloc/reserved=69.9/856.0
2026-04-07 12:46:05 | INFO | [Round 15] Epoch 67/80 time=00:00.56 avg=00:00.51 ETA=00:06.58 | GPU MB alloc/reserved=69.9/856.0
2026-04-07 12:46:06 | INFO | [Round 15] epoch=68/80 loss=0.7684 acc=71.75 val_acc=nan data_t=0.0028s batch_t=0.0342s epoch_t=00:00.59 lr=0.000064 | GPU MB alloc/reserved=69.9/856.0
2026-04-07 12:46:06 | INFO | [Round 15] Epoch 68/80 time=00:00.59 avg=00:00.51 ETA=00:06.09 | GPU MB alloc/reserved=69.9/856.0
2026-04-07 12:46:07 | INFO | [Round 15] epoch=69/80 loss=0.7263 acc=74.05 val_acc=nan data_t=0.0028s batch_t=0.0343s epoch_t=00:00.59 lr=0.000055 | GPU MB alloc/reserved=69.9/856.0
2026-04-07 12:46:07 | INFO | [Round 15] Epoch 69/80 time=00:00.59 avg=00:00.51 ETA=00:05.60 | GPU MB alloc/reserved=69.9/856.0
2026-04-07 12:46:07 | INFO | [Round 15] epoch=70/80 loss=0.7223 acc=73.15 val_acc=nan data_t=0.0027s batch_t=0.0314s epoch_t=00:00.55 lr=0.000048 | GPU MB alloc/reserved=69.9/856.0
2026-04-07 12:46:07 | INFO | [Round 15] Epoch 70/80 time=00:00.55 avg=00:00.51 ETA=00:05.10 | GPU MB alloc/reserved=69.9/856.0
2026-04-07 12:46:07 | INFO | [Round 15] epoch=71/80 loss=0.7291 acc=71.80 val_acc=nan data_t=0.0025s batch_t=0.0136s epoch_t=00:00.26 lr=0.000041 | GPU MB alloc/reserved=69.9/856.0
2026-04-07 12:46:07 | INFO | [Round 15] Epoch 71/80 time=00:00.26 avg=00:00.51 ETA=00:04.55 | GPU MB alloc/reserved=69.9/856.0
2026-04-07 12:46:08 | INFO | [Round 15] epoch=72/80 loss=0.7409 acc=71.80 val_acc=nan data_t=0.0020s batch_t=0.0342s epoch_t=00:00.58 lr=0.000034 | GPU MB alloc/reserved=69.9/856.0
2026-04-07 12:46:08 | INFO | [Round 15] Epoch 72/80 time=00:00.58 avg=00:00.51 ETA=00:04.06 | GPU MB alloc/reserved=69.9/856.0
2026-04-07 12:46:09 | INFO | [Round 15] epoch=73/80 loss=0.7324 acc=72.75 val_acc=nan data_t=0.0025s batch_t=0.0343s epoch_t=00:00.59 lr=0.000029 | GPU MB alloc/reserved=69.9/856.0
2026-04-07 12:46:09 | INFO | [Round 15] Epoch 73/80 time=00:00.59 avg=00:00.51 ETA=00:03.56 | GPU MB alloc/reserved=69.9/856.0
2026-04-07 12:46:09 | INFO | [Round 15] epoch=74/80 loss=0.7446 acc=72.25 val_acc=nan data_t=0.0024s batch_t=0.0343s epoch_t=00:00.59 lr=0.000024 | GPU MB alloc/reserved=69.9/856.0
2026-04-07 12:46:09 | INFO | [Round 15] Epoch 74/80 time=00:00.59 avg=00:00.51 ETA=00:03.05 | GPU MB alloc/reserved=69.9/856.0
2026-04-07 12:46:10 | INFO | [Round 15] epoch=75/80 loss=0.7079 acc=73.45 val_acc=nan data_t=0.0027s batch_t=0.0248s epoch_t=00:00.44 lr=0.000020 | GPU MB alloc/reserved=69.9/856.0
2026-04-07 12:46:10 | INFO | [Round 15] Epoch 75/80 time=00:00.44 avg=00:00.51 ETA=00:02.54 | GPU MB alloc/reserved=69.9/856.0
2026-04-07 12:46:10 | INFO | [Round 15] epoch=76/80 loss=0.7215 acc=73.70 val_acc=nan data_t=0.0024s batch_t=0.0221s epoch_t=00:00.39 lr=0.000016 | GPU MB alloc/reserved=69.9/856.0
2026-04-07 12:46:10 | INFO | [Round 15] Epoch 76/80 time=00:00.39 avg=00:00.51 ETA=00:02.03 | GPU MB alloc/reserved=69.9/856.0
2026-04-07 12:46:11 | INFO | [Round 15] epoch=77/80 loss=0.7133 acc=74.25 val_acc=nan data_t=0.0016s batch_t=0.0343s epoch_t=00:00.57 lr=0.000013 | GPU MB alloc/reserved=69.9/856.0
2026-04-07 12:46:11 | INFO | [Round 15] Epoch 77/80 time=00:00.57 avg=00:00.51 ETA=00:01.52 | GPU MB alloc/reserved=69.9/856.0
2026-04-07 12:46:11 | INFO | [Round 15] epoch=78/80 loss=0.7118 acc=73.05 val_acc=nan data_t=0.0027s batch_t=0.0343s epoch_t=00:00.59 lr=0.000012 | GPU MB alloc/reserved=69.9/856.0
2026-04-07 12:46:11 | INFO | [Round 15] Epoch 78/80 time=00:00.59 avg=00:00.51 ETA=00:01.02 | GPU MB alloc/reserved=69.9/856.0
2026-04-07 12:46:12 | INFO | [Round 15] epoch=79/80 loss=0.7367 acc=72.75 val_acc=nan data_t=0.0025s batch_t=0.0343s epoch_t=00:00.59 lr=0.000010 | GPU MB alloc/reserved=69.9/856.0
2026-04-07 12:46:12 | INFO | [Round 15] Epoch 79/80 time=00:00.59 avg=00:00.51 ETA=00:00.51 | GPU MB alloc/reserved=69.9/856.0
2026-04-07 12:46:12 | INFO | [Round 15] epoch=80/80 loss=0.7105 acc=73.80 val_acc=nan data_t=0.0024s batch_t=0.0163s epoch_t=00:00.30 lr=0.000010 | GPU MB alloc/reserved=69.9/856.0
2026-04-07 12:46:12 | INFO | [Round 15] Epoch 80/80 time=00:00.30 avg=00:00.51 ETA=00:00.00 | GPU MB alloc/reserved=69.9/856.0
2026-04-07 12:46:12 | INFO | [Round 15] training complete in 00:40.68 (best monitor=74.250) | GPU MB alloc/reserved=69.9/856.0
2026-04-07 12:46:12 | INFO | [Round 15] evaluation started | GPU MB alloc/reserved=52.0/856.0
2026-04-07 12:46:15 | INFO | [Round 15] clean=60.51 fgsm=50.88 pgd=50.63 grad_disp_mean=nan grad_disp_sel=nan round_t=44.72s | GPU MB alloc/reserved=52.0/856.0
2026-04-07 12:46:15 | INFO | [Round 16/21] elapsed=00:44.72 avg_round=00:31.93 projected_remaining=02:39.67 | GPU MB alloc/reserved=52.0/856.0
2026-04-07 12:46:16 | INFO | [Round 16] acquisition on pool_size=48000 scored_pool=5000 budget=100 | GPU MB alloc/reserved=34.1/856.0
2026-04-07 12:46:16 | INFO | [CoreSet-unlabeled-feat] scoring progress 10/20 elapsed=00:00.23 avg/batch=0.023s ETA=00:00.23 | GPU MB alloc/reserved=40.6/856.0
2026-04-07 12:46:16 | INFO | [CoreSet-unlabeled-feat] scoring progress 20/20 elapsed=00:00.25 avg/batch=0.012s ETA=00:00.00 | GPU MB alloc/reserved=40.6/856.0
2026-04-07 12:46:16 | INFO | [CoreSet-labeled-feat] scoring progress 8/8 elapsed=00:00.19 avg/batch=0.024s ETA=00:00.00 | GPU MB alloc/reserved=44.0/856.0
2026-04-07 12:46:16 | INFO | [CoreSet] greedy 10/100 cover_radius=23.951967 | GPU: n/a
2026-04-07 12:46:16 | INFO | [CoreSet] greedy 20/100 cover_radius=23.158026 | GPU: n/a
2026-04-07 12:46:16 | INFO | [CoreSet] greedy 30/100 cover_radius=22.819916 | GPU: n/a
2026-04-07 12:46:17 | INFO | [CoreSet] greedy 40/100 cover_radius=22.382833 | GPU: n/a
2026-04-07 12:46:17 | INFO | [CoreSet] greedy 50/100 cover_radius=22.178640 | GPU: n/a
2026-04-07 12:46:17 | INFO | [CoreSet] greedy 60/100 cover_radius=21.969938 | GPU: n/a
2026-04-07 12:46:17 | INFO | [CoreSet] greedy 70/100 cover_radius=21.790487 | GPU: n/a
2026-04-07 12:46:17 | INFO | [CoreSet] greedy 80/100 cover_radius=21.538568 | GPU: n/a
2026-04-07 12:46:17 | INFO | [CoreSet] greedy 90/100 cover_radius=21.359478 | GPU: n/a
2026-04-07 12:46:17 | INFO | [CoreSet] greedy 100/100 cover_radius=21.204987 | GPU: n/a
2026-04-07 12:46:17 | INFO | [Round 16] labeled=2100 train=2100 val_fixed=0 | GPU MB alloc/reserved=43.1/856.0
2026-04-07 12:46:18 | INFO | [Round 16] epoch=1/80 loss=5.2509 acc=16.19 val_acc=nan data_t=0.0096s batch_t=0.0361s epoch_t=00:00.78 lr=0.001000 | GPU MB alloc/reserved=69.9/856.0
2026-04-07 12:46:18 | INFO | [Round 16] Epoch 1/80 time=00:00.78 avg=00:00.78 ETA=01:01.33 | GPU MB alloc/reserved=69.9/856.0
2026-04-07 12:46:18 | INFO | [Round 16] epoch=2/80 loss=2.0871 acc=24.52 val_acc=nan data_t=0.0024s batch_t=0.0341s epoch_t=00:00.62 lr=0.000998 | GPU MB alloc/reserved=69.9/856.0
2026-04-07 12:46:18 | INFO | [Round 16] Epoch 2/80 time=00:00.62 avg=00:00.70 ETA=00:54.52 | GPU MB alloc/reserved=69.9/856.0
2026-04-07 12:46:19 | INFO | [Round 16] epoch=3/80 loss=2.0110 acc=27.33 val_acc=nan data_t=0.0019s batch_t=0.0341s epoch_t=00:00.61 lr=0.000997 | GPU MB alloc/reserved=69.9/856.0
2026-04-07 12:46:19 | INFO | [Round 16] Epoch 3/80 time=00:00.61 avg=00:00.67 ETA=00:51.58 | GPU MB alloc/reserved=69.9/856.0
2026-04-07 12:46:19 | INFO | [Round 16] epoch=4/80 loss=1.9940 acc=28.43 val_acc=nan data_t=0.0027s batch_t=0.0093s epoch_t=00:00.20 lr=0.000994 | GPU MB alloc/reserved=69.9/856.0
2026-04-07 12:46:19 | INFO | [Round 16] Epoch 4/80 time=00:00.20 avg=00:00.55 ETA=00:42.06 | GPU MB alloc/reserved=69.9/856.0
2026-04-07 12:46:20 | INFO | [Round 16] epoch=5/80 loss=1.9518 acc=28.86 val_acc=nan data_t=0.0028s batch_t=0.0339s epoch_t=00:00.62 lr=0.000990 | GPU MB alloc/reserved=69.9/856.0
2026-04-07 12:46:20 | INFO | [Round 16] Epoch 5/80 time=00:00.62 avg=00:00.57 ETA=00:42.58 | GPU MB alloc/reserved=69.9/856.0
2026-04-07 12:46:20 | INFO | [Round 16] epoch=6/80 loss=1.9044 acc=31.38 val_acc=nan data_t=0.0016s batch_t=0.0341s epoch_t=00:00.61 lr=0.000986 | GPU MB alloc/reserved=69.9/856.0
2026-04-07 12:46:20 | INFO | [Round 16] Epoch 6/80 time=00:00.61 avg=00:00.57 ETA=00:42.50 | GPU MB alloc/reserved=69.9/856.0
2026-04-07 12:46:21 | INFO | [Round 16] epoch=7/80 loss=1.8560 acc=32.33 val_acc=nan data_t=0.0031s batch_t=0.0341s epoch_t=00:00.63 lr=0.000981 | GPU MB alloc/reserved=69.9/856.0
2026-04-07 12:46:21 | INFO | [Round 16] Epoch 7/80 time=00:00.63 avg=00:00.58 ETA=00:42.53 | GPU MB alloc/reserved=69.9/856.0
2026-04-07 12:46:21 | INFO | [Round 16] epoch=8/80 loss=1.8154 acc=34.33 val_acc=nan data_t=0.0027s batch_t=0.0237s epoch_t=00:00.45 lr=0.000976 | GPU MB alloc/reserved=69.9/856.0
2026-04-07 12:46:21 | INFO | [Round 16] Epoch 8/80 time=00:00.45 avg=00:00.57 ETA=00:40.75 | GPU MB alloc/reserved=69.9/856.0
2026-04-07 12:46:22 | INFO | [Round 16] epoch=9/80 loss=1.7791 acc=34.38 val_acc=nan data_t=0.0024s batch_t=0.0225s epoch_t=00:00.42 lr=0.000969 | GPU MB alloc/reserved=69.9/856.0
2026-04-07 12:46:22 | INFO | [Round 16] Epoch 9/80 time=00:00.42 avg=00:00.55 ETA=00:39.06 | GPU MB alloc/reserved=69.9/856.0
2026-04-07 12:46:22 | INFO | [Round 16] epoch=10/80 loss=1.7188 acc=36.67 val_acc=nan data_t=0.0030s batch_t=0.0341s epoch_t=00:00.63 lr=0.000962 | GPU MB alloc/reserved=69.9/856.0
2026-04-07 12:46:22 | INFO | [Round 16] Epoch 10/80 time=00:00.63 avg=00:00.56 ETA=00:39.07 | GPU MB alloc/reserved=69.9/856.0
2026-04-07 12:46:23 | INFO | [Round 16] epoch=11/80 loss=1.6785 acc=37.90 val_acc=nan data_t=0.0035s batch_t=0.0342s epoch_t=00:00.64 lr=0.000955 | GPU MB alloc/reserved=69.9/856.0
2026-04-07 12:46:23 | INFO | [Round 16] Epoch 11/80 time=00:00.64 avg=00:00.57 ETA=00:39.03 | GPU MB alloc/reserved=69.9/856.0
2026-04-07 12:46:24 | INFO | [Round 16] epoch=12/80 loss=1.6144 acc=39.52 val_acc=nan data_t=0.0028s batch_t=0.0342s epoch_t=00:00.63 lr=0.000946 | GPU MB alloc/reserved=69.9/856.0
2026-04-07 12:46:24 | INFO | [Round 16] Epoch 12/80 time=00:00.63 avg=00:00.57 ETA=00:38.82 | GPU MB alloc/reserved=69.9/856.0
2026-04-07 12:46:24 | INFO | [Round 16] epoch=13/80 loss=1.5999 acc=41.76 val_acc=nan data_t=0.0033s batch_t=0.0286s epoch_t=00:00.54 lr=0.000937 | GPU MB alloc/reserved=69.9/856.0
2026-04-07 12:46:24 | INFO | [Round 16] Epoch 13/80 time=00:00.54 avg=00:00.57 ETA=00:38.10 | GPU MB alloc/reserved=69.9/856.0
2026-04-07 12:46:25 | INFO | [Round 16] epoch=14/80 loss=1.5749 acc=41.00 val_acc=nan data_t=0.0029s batch_t=0.0278s epoch_t=00:00.52 lr=0.000927 | GPU MB alloc/reserved=69.9/856.0
2026-04-07 12:46:25 | INFO | [Round 16] Epoch 14/80 time=00:00.52 avg=00:00.57 ETA=00:37.32 | GPU MB alloc/reserved=69.9/856.0
2026-04-07 12:46:25 | INFO | [Round 16] epoch=15/80 loss=1.5454 acc=42.19 val_acc=nan data_t=0.0036s batch_t=0.0282s epoch_t=00:00.54 lr=0.000917 | GPU MB alloc/reserved=69.9/856.0
2026-04-07 12:46:25 | INFO | [Round 16] Epoch 15/80 time=00:00.54 avg=00:00.56 ETA=00:36.64 | GPU MB alloc/reserved=69.9/856.0
2026-04-07 12:46:26 | INFO | [Round 16] epoch=16/80 loss=1.5395 acc=42.76 val_acc=nan data_t=0.0039s batch_t=0.0279s epoch_t=00:00.54 lr=0.000905 | GPU MB alloc/reserved=69.9/856.0
2026-04-07 12:46:26 | INFO | [Round 16] Epoch 16/80 time=00:00.54 avg=00:00.56 ETA=00:35.98 | GPU MB alloc/reserved=69.9/856.0
2026-04-07 12:46:26 | INFO | [Round 16] epoch=17/80 loss=1.5038 acc=45.19 val_acc=nan data_t=0.0028s batch_t=0.0281s epoch_t=00:00.53 lr=0.000894 | GPU MB alloc/reserved=69.9/856.0
2026-04-07 12:46:26 | INFO | [Round 16] Epoch 17/80 time=00:00.53 avg=00:00.56 ETA=00:35.29 | GPU MB alloc/reserved=69.9/856.0
2026-04-07 12:46:27 | INFO | [Round 16] epoch=18/80 loss=1.4622 acc=45.38 val_acc=nan data_t=0.0038s batch_t=0.0288s epoch_t=00:00.55 lr=0.000881 | GPU MB alloc/reserved=69.9/856.0
2026-04-07 12:46:27 | INFO | [Round 16] Epoch 18/80 time=00:00.55 avg=00:00.56 ETA=00:34.71 | GPU MB alloc/reserved=69.9/856.0
2026-04-07 12:46:27 | INFO | [Round 16] epoch=19/80 loss=1.4598 acc=46.71 val_acc=nan data_t=0.0028s batch_t=0.0281s epoch_t=00:00.53 lr=0.000868 | GPU MB alloc/reserved=69.9/856.0
2026-04-07 12:46:27 | INFO | [Round 16] Epoch 19/80 time=00:00.53 avg=00:00.56 ETA=00:34.04 | GPU MB alloc/reserved=69.9/856.0
2026-04-07 12:46:28 | INFO | [Round 16] epoch=20/80 loss=1.4458 acc=47.33 val_acc=nan data_t=0.0036s batch_t=0.0251s epoch_t=00:00.49 lr=0.000855 | GPU MB alloc/reserved=69.9/856.0
2026-04-07 12:46:28 | INFO | [Round 16] Epoch 20/80 time=00:00.49 avg=00:00.55 ETA=00:33.27 | GPU MB alloc/reserved=69.9/856.0
2026-04-07 12:46:28 | INFO | [Round 16] epoch=21/80 loss=1.4168 acc=48.29 val_acc=nan data_t=0.0031s batch_t=0.0180s epoch_t=00:00.36 lr=0.000841 | GPU MB alloc/reserved=69.9/856.0
2026-04-07 12:46:28 | INFO | [Round 16] Epoch 21/80 time=00:00.36 avg=00:00.55 ETA=00:32.17 | GPU MB alloc/reserved=69.9/856.0
2026-04-07 12:46:29 | INFO | [Round 16] epoch=22/80 loss=1.3999 acc=49.29 val_acc=nan data_t=0.0023s batch_t=0.0341s epoch_t=00:00.62 lr=0.000826 | GPU MB alloc/reserved=69.9/856.0
2026-04-07 12:46:29 | INFO | [Round 16] Epoch 22/80 time=00:00.62 avg=00:00.55 ETA=00:31.82 | GPU MB alloc/reserved=69.9/856.0
2026-04-07 12:46:30 | INFO | [Round 16] epoch=23/80 loss=1.3716 acc=49.38 val_acc=nan data_t=0.0017s batch_t=0.0341s epoch_t=00:00.61 lr=0.000811 | GPU MB alloc/reserved=69.9/856.0
2026-04-07 12:46:30 | INFO | [Round 16] Epoch 23/80 time=00:00.61 avg=00:00.55 ETA=00:31.42 | GPU MB alloc/reserved=69.9/856.0
2026-04-07 12:46:30 | INFO | [Round 16] epoch=24/80 loss=1.3522 acc=50.05 val_acc=nan data_t=0.0025s batch_t=0.0341s epoch_t=00:00.62 lr=0.000796 | GPU MB alloc/reserved=69.9/856.0
2026-04-07 12:46:30 | INFO | [Round 16] Epoch 24/80 time=00:00.62 avg=00:00.55 ETA=00:31.03 | GPU MB alloc/reserved=69.9/856.0
2026-04-07 12:46:30 | INFO | [Round 16] epoch=25/80 loss=1.3310 acc=51.05 val_acc=nan data_t=0.0028s batch_t=0.0131s epoch_t=00:00.27 lr=0.000780 | GPU MB alloc/reserved=69.9/856.0
2026-04-07 12:46:30 | INFO | [Round 16] Epoch 25/80 time=00:00.27 avg=00:00.54 ETA=00:29.85 | GPU MB alloc/reserved=69.9/856.0
2026-04-07 12:46:31 | INFO | [Round 16] epoch=26/80 loss=1.3136 acc=51.29 val_acc=nan data_t=0.0017s batch_t=0.0306s epoch_t=00:00.55 lr=0.000764 | GPU MB alloc/reserved=69.9/856.0
2026-04-07 12:46:31 | INFO | [Round 16] Epoch 26/80 time=00:00.55 avg=00:00.54 ETA=00:29.32 | GPU MB alloc/reserved=69.9/856.0
2026-04-07 12:46:32 | INFO | [Round 16] epoch=27/80 loss=1.2957 acc=53.00 val_acc=nan data_t=0.0017s batch_t=0.0340s epoch_t=00:00.61 lr=0.000747 | GPU MB alloc/reserved=69.9/856.0
2026-04-07 12:46:32 | INFO | [Round 16] Epoch 27/80 time=00:00.61 avg=00:00.55 ETA=00:28.91 | GPU MB alloc/reserved=69.9/856.0
2026-04-07 12:46:32 | INFO | [Round 16] epoch=28/80 loss=1.2512 acc=53.52 val_acc=nan data_t=0.0025s batch_t=0.0341s epoch_t=00:00.62 lr=0.000730 | GPU MB alloc/reserved=69.9/856.0
2026-04-07 12:46:32 | INFO | [Round 16] Epoch 28/80 time=00:00.62 avg=00:00.55 ETA=00:28.51 | GPU MB alloc/reserved=69.9/856.0
2026-04-07 12:46:33 | INFO | [Round 16] epoch=29/80 loss=1.2841 acc=52.57 val_acc=nan data_t=0.0025s batch_t=0.0287s epoch_t=00:00.53 lr=0.000712 | GPU MB alloc/reserved=69.9/856.0
2026-04-07 12:46:33 | INFO | [Round 16] Epoch 29/80 time=00:00.53 avg=00:00.55 ETA=00:27.93 | GPU MB alloc/reserved=69.9/856.0
2026-04-07 12:46:33 | INFO | [Round 16] epoch=30/80 loss=1.2577 acc=52.52 val_acc=nan data_t=0.0022s batch_t=0.0166s epoch_t=00:00.32 lr=0.000694 | GPU MB alloc/reserved=69.9/856.0
2026-04-07 12:46:33 | INFO | [Round 16] Epoch 30/80 time=00:00.32 avg=00:00.54 ETA=00:27.00 | GPU MB alloc/reserved=69.9/856.0
2026-04-07 12:46:34 | INFO | [Round 16] epoch=31/80 loss=1.2331 acc=53.76 val_acc=nan data_t=0.0015s batch_t=0.0341s epoch_t=00:00.61 lr=0.000676 | GPU MB alloc/reserved=69.9/856.0
2026-04-07 12:46:34 | INFO | [Round 16] Epoch 31/80 time=00:00.61 avg=00:00.54 ETA=00:26.56 | GPU MB alloc/reserved=69.9/856.0
2026-04-07 12:46:34 | INFO | [Round 16] epoch=32/80 loss=1.1937 acc=55.29 val_acc=nan data_t=0.0026s batch_t=0.0341s epoch_t=00:00.62 lr=0.000658 | GPU MB alloc/reserved=69.9/856.0
2026-04-07 12:46:34 | INFO | [Round 16] Epoch 32/80 time=00:00.62 avg=00:00.54 ETA=00:26.15 | GPU MB alloc/reserved=69.9/856.0
2026-04-07 12:46:35 | INFO | [Round 16] epoch=33/80 loss=1.1896 acc=55.57 val_acc=nan data_t=0.0024s batch_t=0.0341s epoch_t=00:00.62 lr=0.000639 | GPU MB alloc/reserved=69.9/856.0
2026-04-07 12:46:35 | INFO | [Round 16] Epoch 33/80 time=00:00.62 avg=00:00.55 ETA=00:25.71 | GPU MB alloc/reserved=69.9/856.0
2026-04-07 12:46:35 | INFO | [Round 16] epoch=34/80 loss=1.1746 acc=57.90 val_acc=nan data_t=0.0026s batch_t=0.0149s epoch_t=00:00.30 lr=0.000621 | GPU MB alloc/reserved=69.9/856.0
2026-04-07 12:46:35 | INFO | [Round 16] Epoch 34/80 time=00:00.30 avg=00:00.54 ETA=00:24.83 | GPU MB alloc/reserved=69.9/856.0
2026-04-07 12:46:36 | INFO | [Round 16] epoch=35/80 loss=1.1614 acc=57.14 val_acc=nan data_t=0.0020s batch_t=0.0307s epoch_t=00:00.56 lr=0.000602 | GPU MB alloc/reserved=69.9/856.0
2026-04-07 12:46:36 | INFO | [Round 16] Epoch 35/80 time=00:00.56 avg=00:00.54 ETA=00:24.31 | GPU MB alloc/reserved=69.9/856.0
2026-04-07 12:46:36 | INFO | [Round 16] epoch=36/80 loss=1.1805 acc=55.67 val_acc=nan data_t=0.0016s batch_t=0.0343s epoch_t=00:00.61 lr=0.000582 | GPU MB alloc/reserved=69.9/856.0
2026-04-07 12:46:36 | INFO | [Round 16] Epoch 36/80 time=00:00.61 avg=00:00.54 ETA=00:23.85 | GPU MB alloc/reserved=69.9/856.0
2026-04-07 12:46:37 | INFO | [Round 16] epoch=37/80 loss=1.1188 acc=59.29 val_acc=nan data_t=0.0017s batch_t=0.0341s epoch_t=00:00.61 lr=0.000563 | GPU MB alloc/reserved=69.9/856.0
2026-04-07 12:46:37 | INFO | [Round 16] Epoch 37/80 time=00:00.61 avg=00:00.54 ETA=00:23.39 | GPU MB alloc/reserved=69.9/856.0
2026-04-07 12:46:38 | INFO | [Round 16] epoch=38/80 loss=1.1127 acc=59.48 val_acc=nan data_t=0.0017s batch_t=0.0308s epoch_t=00:00.55 lr=0.000544 | GPU MB alloc/reserved=69.9/856.0
2026-04-07 12:46:38 | INFO | [Round 16] Epoch 38/80 time=00:00.55 avg=00:00.54 ETA=00:22.85 | GPU MB alloc/reserved=69.9/856.0
2026-04-07 12:46:38 | INFO | [Round 16] epoch=39/80 loss=1.0734 acc=59.38 val_acc=nan data_t=0.0020s batch_t=0.0137s epoch_t=00:00.27 lr=0.000524 | GPU MB alloc/reserved=69.9/856.0
2026-04-07 12:46:38 | INFO | [Round 16] Epoch 39/80 time=00:00.27 avg=00:00.54 ETA=00:22.02 | GPU MB alloc/reserved=69.9/856.0
2026-04-07 12:46:38 | INFO | [Round 16] epoch=40/80 loss=1.0469 acc=61.19 val_acc=nan data_t=0.0027s batch_t=0.0342s epoch_t=00:00.63 lr=0.000505 | GPU MB alloc/reserved=69.9/856.0
2026-04-07 12:46:38 | INFO | [Round 16] Epoch 40/80 time=00:00.63 avg=00:00.54 ETA=00:21.57 | GPU MB alloc/reserved=69.9/856.0
2026-04-07 12:46:39 | INFO | [Round 16] epoch=41/80 loss=1.0583 acc=60.62 val_acc=nan data_t=0.0025s batch_t=0.0341s epoch_t=00:00.62 lr=0.000486 | GPU MB alloc/reserved=69.9/856.0
2026-04-07 12:46:39 | INFO | [Round 16] Epoch 41/80 time=00:00.62 avg=00:00.54 ETA=00:21.11 | GPU MB alloc/reserved=69.9/856.0
2026-04-07 12:46:40 | INFO | [Round 16] epoch=42/80 loss=1.0250 acc=62.67 val_acc=nan data_t=0.0016s batch_t=0.0342s epoch_t=00:00.61 lr=0.000466 | GPU MB alloc/reserved=69.9/856.0
2026-04-07 12:46:40 | INFO | [Round 16] Epoch 42/80 time=00:00.61 avg=00:00.54 ETA=00:20.63 | GPU MB alloc/reserved=69.9/856.0
2026-04-07 12:46:40 | INFO | [Round 16] epoch=43/80 loss=1.0462 acc=62.00 val_acc=nan data_t=0.0027s batch_t=0.0168s epoch_t=00:00.33 lr=0.000447 | GPU MB alloc/reserved=69.9/856.0
2026-04-07 12:46:40 | INFO | [Round 16] Epoch 43/80 time=00:00.33 avg=00:00.54 ETA=00:19.90 | GPU MB alloc/reserved=69.9/856.0
2026-04-07 12:46:40 | INFO | [Round 16] epoch=44/80 loss=1.0150 acc=62.05 val_acc=nan data_t=0.0018s batch_t=0.0270s epoch_t=00:00.49 lr=0.000428 | GPU MB alloc/reserved=69.9/856.0
2026-04-07 12:46:40 | INFO | [Round 16] Epoch 44/80 time=00:00.49 avg=00:00.54 ETA=00:19.33 | GPU MB alloc/reserved=69.9/856.0
2026-04-07 12:46:41 | INFO | [Round 16] epoch=45/80 loss=0.9921 acc=63.81 val_acc=nan data_t=0.0021s batch_t=0.0342s epoch_t=00:00.62 lr=0.000408 | GPU MB alloc/reserved=69.9/856.0
2026-04-07 12:46:41 | INFO | [Round 16] Epoch 45/80 time=00:00.62 avg=00:00.54 ETA=00:18.85 | GPU MB alloc/reserved=69.9/856.0
2026-04-07 12:46:42 | INFO | [Round 16] epoch=46/80 loss=0.9444 acc=65.05 val_acc=nan data_t=0.0023s batch_t=0.0341s epoch_t=00:00.62 lr=0.000389 | GPU MB alloc/reserved=69.9/856.0
2026-04-07 12:46:42 | INFO | [Round 16] Epoch 46/80 time=00:00.62 avg=00:00.54 ETA=00:18.37 | GPU MB alloc/reserved=69.9/856.0
2026-04-07 12:46:42 | INFO | [Round 16] epoch=47/80 loss=0.9557 acc=65.43 val_acc=nan data_t=0.0029s batch_t=0.0322s epoch_t=00:00.60 lr=0.000371 | GPU MB alloc/reserved=69.9/856.0
2026-04-07 12:46:42 | INFO | [Round 16] Epoch 47/80 time=00:00.60 avg=00:00.54 ETA=00:17.87 | GPU MB alloc/reserved=69.9/856.0
2026-04-07 12:46:43 | INFO | [Round 16] epoch=48/80 loss=0.9391 acc=64.90 val_acc=nan data_t=0.0025s batch_t=0.0144s epoch_t=00:00.29 lr=0.000352 | GPU MB alloc/reserved=69.9/856.0
2026-04-07 12:46:43 | INFO | [Round 16] Epoch 48/80 time=00:00.29 avg=00:00.54 ETA=00:17.16 | GPU MB alloc/reserved=69.9/856.0
2026-04-07 12:46:43 | INFO | [Round 16] epoch=49/80 loss=0.9405 acc=64.67 val_acc=nan data_t=0.0025s batch_t=0.0342s epoch_t=00:00.62 lr=0.000334 | GPU MB alloc/reserved=69.9/856.0
2026-04-07 12:46:43 | INFO | [Round 16] Epoch 49/80 time=00:00.62 avg=00:00.54 ETA=00:16.68 | GPU MB alloc/reserved=69.9/856.0
2026-04-07 12:46:44 | INFO | [Round 16] epoch=50/80 loss=0.9250 acc=64.76 val_acc=nan data_t=0.0031s batch_t=0.0343s epoch_t=00:00.64 lr=0.000316 | GPU MB alloc/reserved=69.9/856.0
2026-04-07 12:46:44 | INFO | [Round 16] Epoch 50/80 time=00:00.64 avg=00:00.54 ETA=00:16.20 | GPU MB alloc/reserved=69.9/856.0
2026-04-07 12:46:45 | INFO | [Round 16] epoch=51/80 loss=0.8831 acc=66.43 val_acc=nan data_t=0.0039s batch_t=0.0342s epoch_t=00:00.65 lr=0.000298 | GPU MB alloc/reserved=69.9/856.0
2026-04-07 12:46:45 | INFO | [Round 16] Epoch 51/80 time=00:00.65 avg=00:00.54 ETA=00:15.72 | GPU MB alloc/reserved=69.9/856.0
2026-04-07 12:46:45 | INFO | [Round 16] epoch=52/80 loss=0.8904 acc=67.00 val_acc=nan data_t=0.0034s batch_t=0.0132s epoch_t=00:00.28 lr=0.000280 | GPU MB alloc/reserved=69.9/856.0
2026-04-07 12:46:45 | INFO | [Round 16] Epoch 52/80 time=00:00.28 avg=00:00.54 ETA=00:15.04 | GPU MB alloc/reserved=69.9/856.0
2026-04-07 12:46:45 | INFO | [Round 16] epoch=53/80 loss=0.9067 acc=65.38 val_acc=nan data_t=0.0020s batch_t=0.0306s epoch_t=00:00.56 lr=0.000263 | GPU MB alloc/reserved=69.9/856.0
2026-04-07 12:46:45 | INFO | [Round 16] Epoch 53/80 time=00:00.56 avg=00:00.54 ETA=00:14.51 | GPU MB alloc/reserved=69.9/856.0
2026-04-07 12:46:46 | INFO | [Round 16] epoch=54/80 loss=0.8934 acc=66.52 val_acc=nan data_t=0.0017s batch_t=0.0342s epoch_t=00:00.61 lr=0.000246 | GPU MB alloc/reserved=69.9/856.0
2026-04-07 12:46:46 | INFO | [Round 16] Epoch 54/80 time=00:00.61 avg=00:00.54 ETA=00:14.01 | GPU MB alloc/reserved=69.9/856.0
2026-04-07 12:46:47 | INFO | [Round 16] epoch=55/80 loss=0.8689 acc=68.48 val_acc=nan data_t=0.0030s batch_t=0.0343s epoch_t=00:00.63 lr=0.000230 | GPU MB alloc/reserved=69.9/856.0
2026-04-07 12:46:47 | INFO | [Round 16] Epoch 55/80 time=00:00.63 avg=00:00.54 ETA=00:13.52 | GPU MB alloc/reserved=69.9/856.0
2026-04-07 12:46:47 | INFO | [Round 16] epoch=56/80 loss=0.8519 acc=69.14 val_acc=nan data_t=0.0032s batch_t=0.0280s epoch_t=00:00.53 lr=0.000214 | GPU MB alloc/reserved=69.9/856.0
2026-04-07 12:46:47 | INFO | [Round 16] Epoch 56/80 time=00:00.53 avg=00:00.54 ETA=00:12.97 | GPU MB alloc/reserved=69.9/856.0
2026-04-07 12:46:48 | INFO | [Round 16] epoch=57/80 loss=0.8376 acc=68.90 val_acc=nan data_t=0.0027s batch_t=0.0197s epoch_t=00:00.38 lr=0.000199 | GPU MB alloc/reserved=69.9/856.0
2026-04-07 12:46:48 | INFO | [Round 16] Epoch 57/80 time=00:00.38 avg=00:00.54 ETA=00:12.37 | GPU MB alloc/reserved=69.9/856.0
2026-04-07 12:46:48 | INFO | [Round 16] epoch=58/80 loss=0.8235 acc=69.67 val_acc=nan data_t=0.0024s batch_t=0.0341s epoch_t=00:00.62 lr=0.000184 | GPU MB alloc/reserved=69.9/856.0
2026-04-07 12:46:48 | INFO | [Round 16] Epoch 58/80 time=00:00.62 avg=00:00.54 ETA=00:11.86 | GPU MB alloc/reserved=69.9/856.0
2026-04-07 12:46:49 | INFO | [Round 16] epoch=59/80 loss=0.8075 acc=68.76 val_acc=nan data_t=0.0026s batch_t=0.0341s epoch_t=00:00.62 lr=0.000169 | GPU MB alloc/reserved=69.9/856.0
2026-04-07 12:46:49 | INFO | [Round 16] Epoch 59/80 time=00:00.62 avg=00:00.54 ETA=00:11.35 | GPU MB alloc/reserved=69.9/856.0
2026-04-07 12:46:49 | INFO | [Round 16] epoch=60/80 loss=0.8123 acc=68.76 val_acc=nan data_t=0.0028s batch_t=0.0341s epoch_t=00:00.63 lr=0.000155 | GPU MB alloc/reserved=69.9/856.0
2026-04-07 12:46:49 | INFO | [Round 16] Epoch 60/80 time=00:00.63 avg=00:00.54 ETA=00:10.84 | GPU MB alloc/reserved=69.9/856.0
2026-04-07 12:46:50 | INFO | [Round 16] epoch=61/80 loss=0.8187 acc=69.29 val_acc=nan data_t=0.0018s batch_t=0.0112s epoch_t=00:00.22 lr=0.000142 | GPU MB alloc/reserved=69.9/856.0
2026-04-07 12:46:50 | INFO | [Round 16] Epoch 61/80 time=00:00.22 avg=00:00.54 ETA=00:10.20 | GPU MB alloc/reserved=69.9/856.0
2026-04-07 12:46:50 | INFO | [Round 16] epoch=62/80 loss=0.7960 acc=71.00 val_acc=nan data_t=0.0016s batch_t=0.0323s epoch_t=00:00.58 lr=0.000129 | GPU MB alloc/reserved=69.9/856.0
2026-04-07 12:46:50 | INFO | [Round 16] Epoch 62/80 time=00:00.58 avg=00:00.54 ETA=00:09.67 | GPU MB alloc/reserved=69.9/856.0
2026-04-07 12:46:51 | INFO | [Round 16] epoch=63/80 loss=0.7813 acc=70.67 val_acc=nan data_t=0.0016s batch_t=0.0343s epoch_t=00:00.61 lr=0.000116 | GPU MB alloc/reserved=69.9/856.0
2026-04-07 12:46:51 | INFO | [Round 16] Epoch 63/80 time=00:00.61 avg=00:00.54 ETA=00:09.16 | GPU MB alloc/reserved=69.9/856.0
2026-04-07 12:46:51 | INFO | [Round 16] epoch=64/80 loss=0.7867 acc=71.81 val_acc=nan data_t=0.0018s batch_t=0.0341s epoch_t=00:00.61 lr=0.000105 | GPU MB alloc/reserved=69.9/856.0
2026-04-07 12:46:51 | INFO | [Round 16] Epoch 64/80 time=00:00.61 avg=00:00.54 ETA=00:08.63 | GPU MB alloc/reserved=69.9/856.0
2026-04-07 12:46:52 | INFO | [Round 16] epoch=65/80 loss=0.7644 acc=70.71 val_acc=nan data_t=0.0027s batch_t=0.0282s epoch_t=00:00.53 lr=0.000093 | GPU MB alloc/reserved=69.9/856.0
2026-04-07 12:46:52 | INFO | [Round 16] Epoch 65/80 time=00:00.53 avg=00:00.54 ETA=00:08.09 | GPU MB alloc/reserved=69.9/856.0
2026-04-07 12:46:52 | INFO | [Round 16] epoch=66/80 loss=0.7614 acc=70.57 val_acc=nan data_t=0.0024s batch_t=0.0178s epoch_t=00:00.34 lr=0.000083 | GPU MB alloc/reserved=69.9/856.0
2026-04-07 12:46:52 | INFO | [Round 16] Epoch 66/80 time=00:00.34 avg=00:00.54 ETA=00:07.51 | GPU MB alloc/reserved=69.9/856.0
2026-04-07 12:46:53 | INFO | [Round 16] epoch=67/80 loss=0.7618 acc=71.67 val_acc=nan data_t=0.0023s batch_t=0.0343s epoch_t=00:00.62 lr=0.000073 | GPU MB alloc/reserved=69.9/856.0
2026-04-07 12:46:53 | INFO | [Round 16] Epoch 67/80 time=00:00.62 avg=00:00.54 ETA=00:06.99 | GPU MB alloc/reserved=69.9/856.0
2026-04-07 12:46:54 | INFO | [Round 16] epoch=68/80 loss=0.7816 acc=70.86 val_acc=nan data_t=0.0035s batch_t=0.0342s epoch_t=00:00.64 lr=0.000064 | GPU MB alloc/reserved=69.9/856.0
2026-04-07 12:46:54 | INFO | [Round 16] Epoch 68/80 time=00:00.64 avg=00:00.54 ETA=00:06.47 | GPU MB alloc/reserved=69.9/856.0
2026-04-07 12:46:54 | INFO | [Round 16] epoch=69/80 loss=0.7728 acc=71.10 val_acc=nan data_t=0.0018s batch_t=0.0341s epoch_t=00:00.61 lr=0.000055 | GPU MB alloc/reserved=69.9/856.0
2026-04-07 12:46:54 | INFO | [Round 16] Epoch 69/80 time=00:00.61 avg=00:00.54 ETA=00:05.94 | GPU MB alloc/reserved=69.9/856.0
2026-04-07 12:46:54 | INFO | [Round 16] epoch=70/80 loss=0.7594 acc=72.71 val_acc=nan data_t=0.0020s batch_t=0.0138s epoch_t=00:00.27 lr=0.000048 | GPU MB alloc/reserved=69.9/856.0
2026-04-07 12:46:54 | INFO | [Round 16] Epoch 70/80 time=00:00.27 avg=00:00.54 ETA=00:05.36 | GPU MB alloc/reserved=69.9/856.0
2026-04-07 12:46:55 | INFO | [Round 16] epoch=71/80 loss=0.7386 acc=72.38 val_acc=nan data_t=0.0019s batch_t=0.0316s epoch_t=00:00.57 lr=0.000041 | GPU MB alloc/reserved=69.9/856.0
2026-04-07 12:46:55 | INFO | [Round 16] Epoch 71/80 time=00:00.57 avg=00:00.54 ETA=00:04.83 | GPU MB alloc/reserved=69.9/856.0
2026-04-07 12:46:56 | INFO | [Round 16] epoch=72/80 loss=0.7468 acc=72.24 val_acc=nan data_t=0.0015s batch_t=0.0342s epoch_t=00:00.61 lr=0.000034 | GPU MB alloc/reserved=69.9/856.0
2026-04-07 12:46:56 | INFO | [Round 16] Epoch 72/80 time=00:00.61 avg=00:00.54 ETA=00:04.30 | GPU MB alloc/reserved=69.9/856.0
2026-04-07 12:46:56 | INFO | [Round 16] epoch=73/80 loss=0.7427 acc=72.29 val_acc=nan data_t=0.0037s batch_t=0.0341s epoch_t=00:00.64 lr=0.000029 | GPU MB alloc/reserved=69.9/856.0
2026-04-07 12:46:56 | INFO | [Round 16] Epoch 73/80 time=00:00.64 avg=00:00.54 ETA=00:03.78 | GPU MB alloc/reserved=69.9/856.0
2026-04-07 12:46:57 | INFO | [Round 16] epoch=74/80 loss=0.7312 acc=73.24 val_acc=nan data_t=0.0032s batch_t=0.0270s epoch_t=00:00.51 lr=0.000024 | GPU MB alloc/reserved=69.9/856.0
2026-04-07 12:46:57 | INFO | [Round 16] Epoch 74/80 time=00:00.51 avg=00:00.54 ETA=00:03.23 | GPU MB alloc/reserved=69.9/856.0
2026-04-07 12:46:57 | INFO | [Round 16] epoch=75/80 loss=0.7380 acc=72.24 val_acc=nan data_t=0.0026s batch_t=0.0221s epoch_t=00:00.42 lr=0.000020 | GPU MB alloc/reserved=69.9/856.0
2026-04-07 12:46:57 | INFO | [Round 16] Epoch 75/80 time=00:00.42 avg=00:00.54 ETA=00:02.69 | GPU MB alloc/reserved=69.9/856.0
2026-04-07 12:46:58 | INFO | [Round 16] epoch=76/80 loss=0.7465 acc=72.14 val_acc=nan data_t=0.0017s batch_t=0.0341s epoch_t=00:00.61 lr=0.000016 | GPU MB alloc/reserved=69.9/856.0
2026-04-07 12:46:58 | INFO | [Round 16] Epoch 76/80 time=00:00.61 avg=00:00.54 ETA=00:02.15 | GPU MB alloc/reserved=69.9/856.0
2026-04-07 12:46:58 | INFO | [Round 16] epoch=77/80 loss=0.7225 acc=73.62 val_acc=nan data_t=0.0026s batch_t=0.0344s epoch_t=00:00.63 lr=0.000013 | GPU MB alloc/reserved=69.9/856.0
2026-04-07 12:46:58 | INFO | [Round 16] Epoch 77/80 time=00:00.63 avg=00:00.54 ETA=00:01.62 | GPU MB alloc/reserved=69.9/856.0
2026-04-07 12:46:59 | INFO | [Round 16] epoch=78/80 loss=0.7323 acc=74.10 val_acc=nan data_t=0.0018s batch_t=0.0344s epoch_t=00:00.61 lr=0.000012 | GPU MB alloc/reserved=69.9/856.0
2026-04-07 12:46:59 | INFO | [Round 16] Epoch 78/80 time=00:00.61 avg=00:00.54 ETA=00:01.08 | GPU MB alloc/reserved=69.9/856.0
2026-04-07 12:46:59 | INFO | [Round 16] epoch=79/80 loss=0.7347 acc=72.38 val_acc=nan data_t=0.0015s batch_t=0.0110s epoch_t=00:00.21 lr=0.000010 | GPU MB alloc/reserved=69.9/856.0
2026-04-07 12:46:59 | INFO | [Round 16] Epoch 79/80 time=00:00.21 avg=00:00.54 ETA=00:00.54 | GPU MB alloc/reserved=69.9/856.0
2026-04-07 12:47:00 | INFO | [Round 16] epoch=80/80 loss=0.7483 acc=71.62 val_acc=nan data_t=0.0032s batch_t=0.0341s epoch_t=00:00.64 lr=0.000010 | GPU MB alloc/reserved=69.9/856.0
2026-04-07 12:47:00 | INFO | [Round 16] Epoch 80/80 time=00:00.64 avg=00:00.54 ETA=00:00.00 | GPU MB alloc/reserved=69.9/856.0
2026-04-07 12:47:00 | INFO | [Round 16] training complete in 00:43.12 (best monitor=74.095) | GPU MB alloc/reserved=69.9/856.0
2026-04-07 12:47:00 | INFO | [Round 16] evaluation started | GPU MB alloc/reserved=52.0/856.0
2026-04-07 12:47:02 | INFO | [Round 16] clean=60.39 fgsm=50.08 pgd=49.88 grad_disp_mean=nan grad_disp_sel=nan round_t=46.89s | GPU MB alloc/reserved=52.0/856.0
2026-04-07 12:47:02 | INFO | [Round 17/21] elapsed=00:46.89 avg_round=00:32.81 projected_remaining=02:11.25 | GPU MB alloc/reserved=52.0/856.0
2026-04-07 12:47:04 | INFO | [Round 17] acquisition on pool_size=47900 scored_pool=5000 budget=100 | GPU MB alloc/reserved=34.1/856.0
2026-04-07 12:47:04 | INFO | [CoreSet-unlabeled-feat] scoring progress 10/20 elapsed=00:00.20 avg/batch=0.020s ETA=00:00.20 | GPU MB alloc/reserved=40.6/856.0
2026-04-07 12:47:04 | INFO | [CoreSet-unlabeled-feat] scoring progress 20/20 elapsed=00:00.23 avg/batch=0.012s ETA=00:00.00 | GPU MB alloc/reserved=40.6/856.0
2026-04-07 12:47:04 | INFO | [CoreSet-labeled-feat] scoring progress 9/9 elapsed=00:00.23 avg/batch=0.025s ETA=00:00.00 | GPU MB alloc/reserved=41.7/856.0
2026-04-07 12:47:04 | INFO | [CoreSet] greedy 10/100 cover_radius=25.835167 | GPU: n/a
2026-04-07 12:47:04 | INFO | [CoreSet] greedy 20/100 cover_radius=24.888384 | GPU: n/a
2026-04-07 12:47:04 | INFO | [CoreSet] greedy 30/100 cover_radius=24.476381 | GPU: n/a
2026-04-07 12:47:04 | INFO | [CoreSet] greedy 40/100 cover_radius=24.052443 | GPU: n/a
2026-04-07 12:47:05 | INFO | [CoreSet] greedy 50/100 cover_radius=23.842239 | GPU: n/a
2026-04-07 12:47:05 | INFO | [CoreSet] greedy 60/100 cover_radius=23.619801 | GPU: n/a
2026-04-07 12:47:05 | INFO | [CoreSet] greedy 70/100 cover_radius=23.437084 | GPU: n/a
2026-04-07 12:47:05 | INFO | [CoreSet] greedy 80/100 cover_radius=23.258955 | GPU: n/a
2026-04-07 12:47:05 | INFO | [CoreSet] greedy 90/100 cover_radius=23.104092 | GPU: n/a
2026-04-07 12:47:05 | INFO | [CoreSet] greedy 100/100 cover_radius=22.862167 | GPU: n/a
2026-04-07 12:47:05 | INFO | [Round 17] labeled=2200 train=2200 val_fixed=0 | GPU MB alloc/reserved=43.1/856.0
2026-04-07 12:47:06 | INFO | [Round 17] epoch=1/80 loss=4.2080 acc=16.23 val_acc=nan data_t=0.0102s batch_t=0.0157s epoch_t=00:00.47 lr=0.001000 | GPU MB alloc/reserved=69.9/856.0
2026-04-07 12:47:06 | INFO | [Round 17] Epoch 1/80 time=00:00.47 avg=00:00.47 ETA=00:36.90 | GPU MB alloc/reserved=69.9/856.0
2026-04-07 12:47:07 | INFO | [Round 17] epoch=2/80 loss=2.0805 acc=24.50 val_acc=nan data_t=0.0015s batch_t=0.0339s epoch_t=00:00.64 lr=0.000998 | GPU MB alloc/reserved=69.9/856.0
2026-04-07 12:47:07 | INFO | [Round 17] Epoch 2/80 time=00:00.64 avg=00:00.55 ETA=00:43.10 | GPU MB alloc/reserved=69.9/856.0
2026-04-07 12:47:07 | INFO | [Round 17] epoch=3/80 loss=2.0147 acc=25.23 val_acc=nan data_t=0.0015s batch_t=0.0341s epoch_t=00:00.64 lr=0.000997 | GPU MB alloc/reserved=69.9/856.0
2026-04-07 12:47:07 | INFO | [Round 17] Epoch 3/80 time=00:00.64 avg=00:00.58 ETA=00:44.81 | GPU MB alloc/reserved=69.9/856.0
2026-04-07 12:47:08 | INFO | [Round 17] epoch=4/80 loss=1.9657 acc=28.77 val_acc=nan data_t=0.0015s batch_t=0.0340s epoch_t=00:00.64 lr=0.000994 | GPU MB alloc/reserved=69.9/856.0
2026-04-07 12:47:08 | INFO | [Round 17] Epoch 4/80 time=00:00.64 avg=00:00.60 ETA=00:45.32 | GPU MB alloc/reserved=69.9/856.0
2026-04-07 12:47:08 | INFO | [Round 17] epoch=5/80 loss=1.9175 acc=29.09 val_acc=nan data_t=0.0018s batch_t=0.0214s epoch_t=00:00.42 lr=0.000990 | GPU MB alloc/reserved=69.9/856.0
2026-04-07 12:47:08 | INFO | [Round 17] Epoch 5/80 time=00:00.42 avg=00:00.56 ETA=00:42.06 | GPU MB alloc/reserved=69.9/856.0
2026-04-07 12:47:09 | INFO | [Round 17] epoch=6/80 loss=1.8306 acc=32.36 val_acc=nan data_t=0.0015s batch_t=0.0218s epoch_t=00:00.42 lr=0.000986 | GPU MB alloc/reserved=69.9/856.0
2026-04-07 12:47:09 | INFO | [Round 17] Epoch 6/80 time=00:00.42 avg=00:00.54 ETA=00:39.76 | GPU MB alloc/reserved=69.9/856.0
2026-04-07 12:47:09 | INFO | [Round 17] epoch=7/80 loss=1.7927 acc=34.23 val_acc=nan data_t=0.0019s batch_t=0.0341s epoch_t=00:00.65 lr=0.000981 | GPU MB alloc/reserved=69.9/856.0
2026-04-07 12:47:09 | INFO | [Round 17] Epoch 7/80 time=00:00.65 avg=00:00.55 ETA=00:40.37 | GPU MB alloc/reserved=69.9/856.0
2026-04-07 12:47:10 | INFO | [Round 17] epoch=8/80 loss=1.7577 acc=35.27 val_acc=nan data_t=0.0015s batch_t=0.0340s epoch_t=00:00.64 lr=0.000976 | GPU MB alloc/reserved=69.9/856.0
2026-04-07 12:47:10 | INFO | [Round 17] Epoch 8/80 time=00:00.64 avg=00:00.56 ETA=00:40.60 | GPU MB alloc/reserved=69.9/856.0
2026-04-07 12:47:11 | INFO | [Round 17] epoch=9/80 loss=1.7092 acc=36.59 val_acc=nan data_t=0.0015s batch_t=0.0340s epoch_t=00:00.64 lr=0.000969 | GPU MB alloc/reserved=69.9/856.0
2026-04-07 12:47:11 | INFO | [Round 17] Epoch 9/80 time=00:00.64 avg=00:00.57 ETA=00:40.63 | GPU MB alloc/reserved=69.9/856.0
2026-04-07 12:47:11 | INFO | [Round 17] epoch=10/80 loss=1.6833 acc=37.64 val_acc=nan data_t=0.0017s batch_t=0.0132s epoch_t=00:00.27 lr=0.000962 | GPU MB alloc/reserved=69.9/856.0
2026-04-07 12:47:11 | INFO | [Round 17] Epoch 10/80 time=00:00.27 avg=00:00.54 ETA=00:37.93 | GPU MB alloc/reserved=69.9/856.0
2026-04-07 12:47:12 | INFO | [Round 17] epoch=11/80 loss=1.6254 acc=39.55 val_acc=nan data_t=0.0015s batch_t=0.0340s epoch_t=00:00.64 lr=0.000955 | GPU MB alloc/reserved=69.9/856.0
2026-04-07 12:47:12 | INFO | [Round 17] Epoch 11/80 time=00:00.64 avg=00:00.55 ETA=00:38.00 | GPU MB alloc/reserved=69.9/856.0
2026-04-07 12:47:12 | INFO | [Round 17] epoch=12/80 loss=1.6334 acc=38.68 val_acc=nan data_t=0.0016s batch_t=0.0341s epoch_t=00:00.64 lr=0.000946 | GPU MB alloc/reserved=69.9/856.0
2026-04-07 12:47:12 | INFO | [Round 17] Epoch 12/80 time=00:00.64 avg=00:00.56 ETA=00:37.97 | GPU MB alloc/reserved=69.9/856.0
2026-04-07 12:47:13 | INFO | [Round 17] epoch=13/80 loss=1.6000 acc=39.82 val_acc=nan data_t=0.0016s batch_t=0.0340s epoch_t=00:00.64 lr=0.000937 | GPU MB alloc/reserved=69.9/856.0
2026-04-07 12:47:13 | INFO | [Round 17] Epoch 13/80 time=00:00.64 avg=00:00.56 ETA=00:37.84 | GPU MB alloc/reserved=69.9/856.0
2026-04-07 12:47:13 | INFO | [Round 17] epoch=14/80 loss=1.5993 acc=41.00 val_acc=nan data_t=0.0015s batch_t=0.0168s epoch_t=00:00.33 lr=0.000927 | GPU MB alloc/reserved=69.9/856.0
2026-04-07 12:47:13 | INFO | [Round 17] Epoch 14/80 time=00:00.33 avg=00:00.55 ETA=00:36.17 | GPU MB alloc/reserved=69.9/856.0
2026-04-07 12:47:14 | INFO | [Round 17] epoch=15/80 loss=1.5877 acc=41.82 val_acc=nan data_t=0.0019s batch_t=0.0318s epoch_t=00:00.61 lr=0.000917 | GPU MB alloc/reserved=69.9/856.0
2026-04-07 12:47:14 | INFO | [Round 17] Epoch 15/80 time=00:00.61 avg=00:00.55 ETA=00:35.87 | GPU MB alloc/reserved=69.9/856.0
2026-04-07 12:47:14 | INFO | [Round 17] epoch=16/80 loss=1.5331 acc=42.68 val_acc=nan data_t=0.0020s batch_t=0.0340s epoch_t=00:00.65 lr=0.000905 | GPU MB alloc/reserved=69.9/856.0
2026-04-07 12:47:14 | INFO | [Round 17] Epoch 16/80 time=00:00.65 avg=00:00.56 ETA=00:35.71 | GPU MB alloc/reserved=69.9/856.0
2026-04-07 12:47:15 | INFO | [Round 17] epoch=17/80 loss=1.5146 acc=44.27 val_acc=nan data_t=0.0017s batch_t=0.0342s epoch_t=00:00.65 lr=0.000894 | GPU MB alloc/reserved=69.9/856.0
2026-04-07 12:47:15 | INFO | [Round 17] Epoch 17/80 time=00:00.65 avg=00:00.56 ETA=00:35.48 | GPU MB alloc/reserved=69.9/856.0
2026-04-07 12:47:15 | INFO | [Round 17] epoch=18/80 loss=1.4580 acc=45.41 val_acc=nan data_t=0.0020s batch_t=0.0232s epoch_t=00:00.46 lr=0.000881 | GPU MB alloc/reserved=69.9/856.0
2026-04-07 12:47:15 | INFO | [Round 17] Epoch 18/80 time=00:00.46 avg=00:00.56 ETA=00:34.54 | GPU MB alloc/reserved=69.9/856.0
2026-04-07 12:47:16 | INFO | [Round 17] epoch=19/80 loss=1.4394 acc=45.55 val_acc=nan data_t=0.0019s batch_t=0.0186s epoch_t=00:00.37 lr=0.000868 | GPU MB alloc/reserved=69.9/856.0
2026-04-07 12:47:16 | INFO | [Round 17] Epoch 19/80 time=00:00.37 avg=00:00.55 ETA=00:33.38 | GPU MB alloc/reserved=69.9/856.0
2026-04-07 12:47:17 | INFO | [Round 17] epoch=20/80 loss=1.4360 acc=45.77 val_acc=nan data_t=0.0024s batch_t=0.0341s epoch_t=00:00.66 lr=0.000855 | GPU MB alloc/reserved=69.9/856.0
2026-04-07 12:47:17 | INFO | [Round 17] Epoch 20/80 time=00:00.66 avg=00:00.55 ETA=00:33.17 | GPU MB alloc/reserved=69.9/856.0
2026-04-07 12:47:17 | INFO | [Round 17] epoch=21/80 loss=1.4357 acc=46.59 val_acc=nan data_t=0.0026s batch_t=0.0343s epoch_t=00:00.66 lr=0.000841 | GPU MB alloc/reserved=69.9/856.0
2026-04-07 12:47:17 | INFO | [Round 17] Epoch 21/80 time=00:00.66 avg=00:00.56 ETA=00:32.93 | GPU MB alloc/reserved=69.9/856.0
2026-04-07 12:47:18 | INFO | [Round 17] epoch=22/80 loss=1.4059 acc=46.91 val_acc=nan data_t=0.0019s batch_t=0.0342s epoch_t=00:00.65 lr=0.000826 | GPU MB alloc/reserved=69.9/856.0
2026-04-07 12:47:18 | INFO | [Round 17] Epoch 22/80 time=00:00.65 avg=00:00.56 ETA=00:32.61 | GPU MB alloc/reserved=69.9/856.0
2026-04-07 12:47:18 | INFO | [Round 17] epoch=23/80 loss=1.3964 acc=47.82 val_acc=nan data_t=0.0016s batch_t=0.0086s epoch_t=00:00.18 lr=0.000811 | GPU MB alloc/reserved=69.9/856.0
2026-04-07 12:47:18 | INFO | [Round 17] Epoch 23/80 time=00:00.18 avg=00:00.55 ETA=00:31.11 | GPU MB alloc/reserved=69.9/856.0
2026-04-07 12:47:19 | INFO | [Round 17] epoch=24/80 loss=1.4016 acc=48.27 val_acc=nan data_t=0.0019s batch_t=0.0340s epoch_t=00:00.65 lr=0.000796 | GPU MB alloc/reserved=69.9/856.0
2026-04-07 12:47:19 | INFO | [Round 17] Epoch 24/80 time=00:00.65 avg=00:00.55 ETA=00:30.80 | GPU MB alloc/reserved=69.9/856.0
2026-04-07 12:47:19 | INFO | [Round 17] epoch=25/80 loss=1.3780 acc=47.73 val_acc=nan data_t=0.0020s batch_t=0.0341s epoch_t=00:00.65 lr=0.000780 | GPU MB alloc/reserved=69.9/856.0
2026-04-07 12:47:19 | INFO | [Round 17] Epoch 25/80 time=00:00.65 avg=00:00.55 ETA=00:30.47 | GPU MB alloc/reserved=69.9/856.0
2026-04-07 12:47:20 | INFO | [Round 17] epoch=26/80 loss=1.3590 acc=49.59 val_acc=nan data_t=0.0016s batch_t=0.0340s epoch_t=00:00.64 lr=0.000764 | GPU MB alloc/reserved=69.9/856.0
2026-04-07 12:47:20 | INFO | [Round 17] Epoch 26/80 time=00:00.64 avg=00:00.56 ETA=00:30.10 | GPU MB alloc/reserved=69.9/856.0
2026-04-07 12:47:20 | INFO | [Round 17] epoch=27/80 loss=1.3356 acc=51.14 val_acc=nan data_t=0.0019s batch_t=0.0202s epoch_t=00:00.40 lr=0.000747 | GPU MB alloc/reserved=69.9/856.0
2026-04-07 12:47:20 | INFO | [Round 17] Epoch 27/80 time=00:00.40 avg=00:00.55 ETA=00:29.22 | GPU MB alloc/reserved=69.9/856.0
2026-04-07 12:47:21 | INFO | [Round 17] epoch=28/80 loss=1.3224 acc=50.50 val_acc=nan data_t=0.0019s batch_t=0.0243s epoch_t=00:00.47 lr=0.000730 | GPU MB alloc/reserved=69.9/856.0
2026-04-07 12:47:21 | INFO | [Round 17] Epoch 28/80 time=00:00.47 avg=00:00.55 ETA=00:28.53 | GPU MB alloc/reserved=69.9/856.0
2026-04-07 12:47:21 | INFO | [Round 17] epoch=29/80 loss=1.2951 acc=52.14 val_acc=nan data_t=0.0015s batch_t=0.0340s epoch_t=00:00.64 lr=0.000712 | GPU MB alloc/reserved=69.9/856.0
2026-04-07 12:47:21 | INFO | [Round 17] Epoch 29/80 time=00:00.64 avg=00:00.55 ETA=00:28.14 | GPU MB alloc/reserved=69.9/856.0
2026-04-07 12:47:22 | INFO | [Round 17] epoch=30/80 loss=1.3007 acc=50.45 val_acc=nan data_t=0.0016s batch_t=0.0341s epoch_t=00:00.64 lr=0.000694 | GPU MB alloc/reserved=69.9/856.0
2026-04-07 12:47:22 | INFO | [Round 17] Epoch 30/80 time=00:00.64 avg=00:00.55 ETA=00:27.74 | GPU MB alloc/reserved=69.9/856.0
2026-04-07 12:47:23 | INFO | [Round 17] epoch=31/80 loss=1.2758 acc=51.77 val_acc=nan data_t=0.0015s batch_t=0.0324s epoch_t=00:00.61 lr=0.000676 | GPU MB alloc/reserved=69.9/856.0
2026-04-07 12:47:23 | INFO | [Round 17] Epoch 31/80 time=00:00.61 avg=00:00.56 ETA=00:27.27 | GPU MB alloc/reserved=69.9/856.0
2026-04-07 12:47:23 | INFO | [Round 17] epoch=32/80 loss=1.2687 acc=51.45 val_acc=nan data_t=0.0016s batch_t=0.0121s epoch_t=00:00.25 lr=0.000658 | GPU MB alloc/reserved=69.9/856.0
2026-04-07 12:47:23 | INFO | [Round 17] Epoch 32/80 time=00:00.25 avg=00:00.55 ETA=00:26.25 | GPU MB alloc/reserved=69.9/856.0
2026-04-07 12:47:24 | INFO | [Round 17] epoch=33/80 loss=1.2246 acc=53.27 val_acc=nan data_t=0.0015s batch_t=0.0342s epoch_t=00:00.64 lr=0.000639 | GPU MB alloc/reserved=69.9/856.0
2026-04-07 12:47:24 | INFO | [Round 17] Epoch 33/80 time=00:00.64 avg=00:00.55 ETA=00:25.84 | GPU MB alloc/reserved=69.9/856.0
2026-04-07 12:47:24 | INFO | [Round 17] epoch=34/80 loss=1.2295 acc=54.41 val_acc=nan data_t=0.0018s batch_t=0.0341s epoch_t=00:00.65 lr=0.000621 | GPU MB alloc/reserved=69.9/856.0
2026-04-07 12:47:24 | INFO | [Round 17] Epoch 34/80 time=00:00.65 avg=00:00.55 ETA=00:25.42 | GPU MB alloc/reserved=69.9/856.0
2026-04-07 12:47:25 | INFO | [Round 17] epoch=35/80 loss=1.2116 acc=54.36 val_acc=nan data_t=0.0034s batch_t=0.0340s epoch_t=00:00.67 lr=0.000602 | GPU MB alloc/reserved=69.9/856.0
2026-04-07 12:47:25 | INFO | [Round 17] Epoch 35/80 time=00:00.67 avg=00:00.56 ETA=00:25.02 | GPU MB alloc/reserved=69.9/856.0
2026-04-07 12:47:25 | INFO | [Round 17] epoch=36/80 loss=1.1916 acc=55.18 val_acc=nan data_t=0.0034s batch_t=0.0131s epoch_t=00:00.30 lr=0.000582 | GPU MB alloc/reserved=69.9/856.0
2026-04-07 12:47:25 | INFO | [Round 17] Epoch 36/80 time=00:00.30 avg=00:00.55 ETA=00:24.15 | GPU MB alloc/reserved=69.9/856.0
2026-04-07 12:47:26 | INFO | [Round 17] epoch=37/80 loss=1.1762 acc=56.32 val_acc=nan data_t=0.0023s batch_t=0.0333s epoch_t=00:00.64 lr=0.000563 | GPU MB alloc/reserved=69.9/856.0
2026-04-07 12:47:26 | INFO | [Round 17] Epoch 37/80 time=00:00.64 avg=00:00.55 ETA=00:23.71 | GPU MB alloc/reserved=69.9/856.0
2026-04-07 12:47:27 | INFO | [Round 17] epoch=38/80 loss=1.1665 acc=55.59 val_acc=nan data_t=0.0016s batch_t=0.0340s epoch_t=00:00.64 lr=0.000544 | GPU MB alloc/reserved=69.9/856.0
2026-04-07 12:47:27 | INFO | [Round 17] Epoch 38/80 time=00:00.64 avg=00:00.55 ETA=00:23.26 | GPU MB alloc/reserved=69.9/856.0
2026-04-07 12:47:27 | INFO | [Round 17] epoch=39/80 loss=1.1405 acc=57.77 val_acc=nan data_t=0.0017s batch_t=0.0341s epoch_t=00:00.64 lr=0.000524 | GPU MB alloc/reserved=69.9/856.0
2026-04-07 12:47:27 | INFO | [Round 17] Epoch 39/80 time=00:00.64 avg=00:00.56 ETA=00:22.80 | GPU MB alloc/reserved=69.9/856.0
2026-04-07 12:47:28 | INFO | [Round 17] epoch=40/80 loss=1.1462 acc=57.64 val_acc=nan data_t=0.0016s batch_t=0.0227s epoch_t=00:00.44 lr=0.000505 | GPU MB alloc/reserved=69.9/856.0
2026-04-07 12:47:28 | INFO | [Round 17] Epoch 40/80 time=00:00.44 avg=00:00.55 ETA=00:22.12 | GPU MB alloc/reserved=69.9/856.0
2026-04-07 12:47:28 | INFO | [Round 17] epoch=41/80 loss=1.1284 acc=57.41 val_acc=nan data_t=0.0020s batch_t=0.0236s epoch_t=00:00.46 lr=0.000486 | GPU MB alloc/reserved=69.9/856.0
2026-04-07 12:47:28 | INFO | [Round 17] Epoch 41/80 time=00:00.46 avg=00:00.55 ETA=00:21.48 | GPU MB alloc/reserved=69.9/856.0
2026-04-07 12:47:29 | INFO | [Round 17] epoch=42/80 loss=1.1156 acc=58.36 val_acc=nan data_t=0.0016s batch_t=0.0341s epoch_t=00:00.64 lr=0.000466 | GPU MB alloc/reserved=69.9/856.0
2026-04-07 12:47:29 | INFO | [Round 17] Epoch 42/80 time=00:00.64 avg=00:00.55 ETA=00:21.02 | GPU MB alloc/reserved=69.9/856.0
2026-04-07 12:47:29 | INFO | [Round 17] epoch=43/80 loss=1.0917 acc=59.91 val_acc=nan data_t=0.0017s batch_t=0.0340s epoch_t=00:00.64 lr=0.000447 | GPU MB alloc/reserved=69.9/856.0
2026-04-07 12:47:29 | INFO | [Round 17] Epoch 43/80 time=00:00.64 avg=00:00.56 ETA=00:20.54 | GPU MB alloc/reserved=69.9/856.0
2026-04-07 12:47:30 | INFO | [Round 17] epoch=44/80 loss=1.0804 acc=60.09 val_acc=nan data_t=0.0016s batch_t=0.0330s epoch_t=00:00.62 lr=0.000428 | GPU MB alloc/reserved=69.9/856.0
2026-04-07 12:47:30 | INFO | [Round 17] Epoch 44/80 time=00:00.62 avg=00:00.56 ETA=00:20.04 | GPU MB alloc/reserved=69.9/856.0
2026-04-07 12:47:30 | INFO | [Round 17] epoch=45/80 loss=1.0909 acc=59.45 val_acc=nan data_t=0.0016s batch_t=0.0140s epoch_t=00:00.28 lr=0.000408 | GPU MB alloc/reserved=69.9/856.0
2026-04-07 12:47:30 | INFO | [Round 17] Epoch 45/80 time=00:00.28 avg=00:00.55 ETA=00:19.27 | GPU MB alloc/reserved=69.9/856.0
2026-04-07 12:47:31 | INFO | [Round 17] epoch=46/80 loss=1.0344 acc=62.09 val_acc=nan data_t=0.0016s batch_t=0.0341s epoch_t=00:00.64 lr=0.000389 | GPU MB alloc/reserved=69.9/856.0
2026-04-07 12:47:31 | INFO | [Round 17] Epoch 46/80 time=00:00.64 avg=00:00.55 ETA=00:18.78 | GPU MB alloc/reserved=69.9/856.0
2026-04-07 12:47:32 | INFO | [Round 17] epoch=47/80 loss=1.0724 acc=58.27 val_acc=nan data_t=0.0015s batch_t=0.0340s epoch_t=00:00.64 lr=0.000371 | GPU MB alloc/reserved=69.9/856.0
2026-04-07 12:47:32 | INFO | [Round 17] Epoch 47/80 time=00:00.64 avg=00:00.55 ETA=00:18.29 | GPU MB alloc/reserved=69.9/856.0
2026-04-07 12:47:32 | INFO | [Round 17] epoch=48/80 loss=1.0254 acc=60.23 val_acc=nan data_t=0.0017s batch_t=0.0341s epoch_t=00:00.64 lr=0.000352 | GPU MB alloc/reserved=69.9/856.0
2026-04-07 12:47:32 | INFO | [Round 17] Epoch 48/80 time=00:00.64 avg=00:00.56 ETA=00:17.80 | GPU MB alloc/reserved=69.9/856.0
2026-04-07 12:47:33 | INFO | [Round 17] epoch=49/80 loss=1.0149 acc=61.27 val_acc=nan data_t=0.0016s batch_t=0.0159s epoch_t=00:00.31 lr=0.000334 | GPU MB alloc/reserved=69.9/856.0
2026-04-07 12:47:33 | INFO | [Round 17] Epoch 49/80 time=00:00.31 avg=00:00.55 ETA=00:17.09 | GPU MB alloc/reserved=69.9/856.0
2026-04-07 12:47:33 | INFO | [Round 17] epoch=50/80 loss=1.0249 acc=61.64 val_acc=nan data_t=0.0017s batch_t=0.0300s epoch_t=00:00.57 lr=0.000316 | GPU MB alloc/reserved=69.9/856.0
2026-04-07 12:47:33 | INFO | [Round 17] Epoch 50/80 time=00:00.57 avg=00:00.55 ETA=00:16.55 | GPU MB alloc/reserved=69.9/856.0
2026-04-07 12:47:34 | INFO | [Round 17] epoch=51/80 loss=0.9651 acc=63.95 val_acc=nan data_t=0.0026s batch_t=0.0341s epoch_t=00:00.66 lr=0.000298 | GPU MB alloc/reserved=69.9/856.0
2026-04-07 12:47:34 | INFO | [Round 17] Epoch 51/80 time=00:00.66 avg=00:00.55 ETA=00:16.06 | GPU MB alloc/reserved=69.9/856.0
2026-04-07 12:47:34 | INFO | [Round 17] epoch=52/80 loss=0.9829 acc=61.86 val_acc=nan data_t=0.0015s batch_t=0.0341s epoch_t=00:00.64 lr=0.000280 | GPU MB alloc/reserved=69.9/856.0
2026-04-07 12:47:34 | INFO | [Round 17] Epoch 52/80 time=00:00.64 avg=00:00.56 ETA=00:15.55 | GPU MB alloc/reserved=69.9/856.0
2026-04-07 12:47:35 | INFO | [Round 17] epoch=53/80 loss=0.9650 acc=64.05 val_acc=nan data_t=0.0017s batch_t=0.0255s epoch_t=00:00.49 lr=0.000263 | GPU MB alloc/reserved=69.9/856.0
2026-04-07 12:47:35 | INFO | [Round 17] Epoch 53/80 time=00:00.49 avg=00:00.55 ETA=00:14.97 | GPU MB alloc/reserved=69.9/856.0
2026-04-07 12:47:35 | INFO | [Round 17] epoch=54/80 loss=0.9750 acc=63.55 val_acc=nan data_t=0.0017s batch_t=0.0212s epoch_t=00:00.41 lr=0.000246 | GPU MB alloc/reserved=69.9/856.0
2026-04-07 12:47:35 | INFO | [Round 17] Epoch 54/80 time=00:00.41 avg=00:00.55 ETA=00:14.34 | GPU MB alloc/reserved=69.9/856.0
2026-04-07 12:47:36 | INFO | [Round 17] epoch=55/80 loss=0.9595 acc=62.91 val_acc=nan data_t=0.0015s batch_t=0.0341s epoch_t=00:00.64 lr=0.000230 | GPU MB alloc/reserved=69.9/856.0
2026-04-07 12:47:36 | INFO | [Round 17] Epoch 55/80 time=00:00.64 avg=00:00.55 ETA=00:13.83 | GPU MB alloc/reserved=69.9/856.0
2026-04-07 12:47:37 | INFO | [Round 17] epoch=56/80 loss=0.9347 acc=64.91 val_acc=nan data_t=0.0015s batch_t=0.0342s epoch_t=00:00.64 lr=0.000214 | GPU MB alloc/reserved=69.9/856.0
2026-04-07 12:47:37 | INFO | [Round 17] Epoch 56/80 time=00:00.64 avg=00:00.55 ETA=00:13.32 | GPU MB alloc/reserved=69.9/856.0
2026-04-07 12:47:37 | INFO | [Round 17] epoch=57/80 loss=0.9208 acc=66.09 val_acc=nan data_t=0.0018s batch_t=0.0341s epoch_t=00:00.65 lr=0.000199 | GPU MB alloc/reserved=69.9/856.0
2026-04-07 12:47:37 | INFO | [Round 17] Epoch 57/80 time=00:00.65 avg=00:00.56 ETA=00:12.80 | GPU MB alloc/reserved=69.9/856.0
2026-04-07 12:47:37 | INFO | [Round 17] epoch=58/80 loss=0.9296 acc=64.73 val_acc=nan data_t=0.0016s batch_t=0.0109s epoch_t=00:00.22 lr=0.000184 | GPU MB alloc/reserved=69.9/856.0
2026-04-07 12:47:37 | INFO | [Round 17] Epoch 58/80 time=00:00.22 avg=00:00.55 ETA=00:12.12 | GPU MB alloc/reserved=69.9/856.0
2026-04-07 12:47:38 | INFO | [Round 17] epoch=59/80 loss=0.9137 acc=66.41 val_acc=nan data_t=0.0016s batch_t=0.0341s epoch_t=00:00.64 lr=0.000169 | GPU MB alloc/reserved=69.9/856.0
2026-04-07 12:47:38 | INFO | [Round 17] Epoch 59/80 time=00:00.64 avg=00:00.55 ETA=00:11.60 | GPU MB alloc/reserved=69.9/856.0
2026-04-07 12:47:39 | INFO | [Round 17] epoch=60/80 loss=0.9253 acc=64.45 val_acc=nan data_t=0.0020s batch_t=0.0340s epoch_t=00:00.65 lr=0.000155 | GPU MB alloc/reserved=69.9/856.0
2026-04-07 12:47:39 | INFO | [Round 17] Epoch 60/80 time=00:00.65 avg=00:00.55 ETA=00:11.08 | GPU MB alloc/reserved=69.9/856.0
2026-04-07 12:47:39 | INFO | [Round 17] epoch=61/80 loss=0.9101 acc=66.50 val_acc=nan data_t=0.0015s batch_t=0.0340s epoch_t=00:00.64 lr=0.000142 | GPU MB alloc/reserved=69.9/856.0
2026-04-07 12:47:39 | INFO | [Round 17] Epoch 61/80 time=00:00.64 avg=00:00.56 ETA=00:10.55 | GPU MB alloc/reserved=69.9/856.0
2026-04-07 12:47:40 | INFO | [Round 17] epoch=62/80 loss=0.9024 acc=65.59 val_acc=nan data_t=0.0021s batch_t=0.0185s epoch_t=00:00.37 lr=0.000129 | GPU MB alloc/reserved=69.9/856.0
2026-04-07 12:47:40 | INFO | [Round 17] Epoch 62/80 time=00:00.37 avg=00:00.55 ETA=00:09.94 | GPU MB alloc/reserved=69.9/856.0
2026-04-07 12:47:40 | INFO | [Round 17] epoch=63/80 loss=0.8841 acc=67.05 val_acc=nan data_t=0.0024s batch_t=0.0303s epoch_t=00:00.59 lr=0.000116 | GPU MB alloc/reserved=69.9/856.0
2026-04-07 12:47:40 | INFO | [Round 17] Epoch 63/80 time=00:00.59 avg=00:00.55 ETA=00:09.40 | GPU MB alloc/reserved=69.9/856.0
2026-04-07 12:47:41 | INFO | [Round 17] epoch=64/80 loss=0.8695 acc=66.86 val_acc=nan data_t=0.0016s batch_t=0.0342s epoch_t=00:00.64 lr=0.000105 | GPU MB alloc/reserved=69.9/856.0
2026-04-07 12:47:41 | INFO | [Round 17] Epoch 64/80 time=00:00.64 avg=00:00.55 ETA=00:08.87 | GPU MB alloc/reserved=69.9/856.0
2026-04-07 12:47:42 | INFO | [Round 17] epoch=65/80 loss=0.8583 acc=67.32 val_acc=nan data_t=0.0016s batch_t=0.0342s epoch_t=00:00.64 lr=0.000093 | GPU MB alloc/reserved=69.9/856.0
2026-04-07 12:47:42 | INFO | [Round 17] Epoch 65/80 time=00:00.64 avg=00:00.56 ETA=00:08.34 | GPU MB alloc/reserved=69.9/856.0
2026-04-07 12:47:42 | INFO | [Round 17] epoch=66/80 loss=0.8783 acc=67.73 val_acc=nan data_t=0.0024s batch_t=0.0258s epoch_t=00:00.51 lr=0.000083 | GPU MB alloc/reserved=69.9/856.0
2026-04-07 12:47:42 | INFO | [Round 17] Epoch 66/80 time=00:00.51 avg=00:00.56 ETA=00:07.77 | GPU MB alloc/reserved=69.9/856.0
2026-04-07 12:47:43 | INFO | [Round 17] epoch=67/80 loss=0.8526 acc=67.14 val_acc=nan data_t=0.0024s batch_t=0.0259s epoch_t=00:00.51 lr=0.000073 | GPU MB alloc/reserved=69.9/856.0
2026-04-07 12:47:43 | INFO | [Round 17] Epoch 67/80 time=00:00.51 avg=00:00.55 ETA=00:07.21 | GPU MB alloc/reserved=69.9/856.0
2026-04-07 12:47:43 | INFO | [Round 17] epoch=68/80 loss=0.8518 acc=67.05 val_acc=nan data_t=0.0017s batch_t=0.0341s epoch_t=00:00.64 lr=0.000064 | GPU MB alloc/reserved=69.9/856.0
2026-04-07 12:47:43 | INFO | [Round 17] Epoch 68/80 time=00:00.64 avg=00:00.56 ETA=00:06.67 | GPU MB alloc/reserved=69.9/856.0
2026-04-07 12:47:44 | INFO | [Round 17] epoch=69/80 loss=0.8584 acc=67.73 val_acc=nan data_t=0.0022s batch_t=0.0341s epoch_t=00:00.65 lr=0.000055 | GPU MB alloc/reserved=69.9/856.0
2026-04-07 12:47:44 | INFO | [Round 17] Epoch 69/80 time=00:00.65 avg=00:00.56 ETA=00:06.13 | GPU MB alloc/reserved=69.9/856.0
2026-04-07 12:47:45 | INFO | [Round 17] epoch=70/80 loss=0.8419 acc=68.73 val_acc=nan data_t=0.0016s batch_t=0.0306s epoch_t=00:00.58 lr=0.000048 | GPU MB alloc/reserved=69.9/856.0
2026-04-07 12:47:45 | INFO | [Round 17] Epoch 70/80 time=00:00.58 avg=00:00.56 ETA=00:05.57 | GPU MB alloc/reserved=69.9/856.0
2026-04-07 12:47:45 | INFO | [Round 17] epoch=71/80 loss=0.8580 acc=67.45 val_acc=nan data_t=0.0021s batch_t=0.0141s epoch_t=00:00.29 lr=0.000041 | GPU MB alloc/reserved=69.9/856.0
2026-04-07 12:47:45 | INFO | [Round 17] Epoch 71/80 time=00:00.29 avg=00:00.55 ETA=00:04.98 | GPU MB alloc/reserved=69.9/856.0
2026-04-07 12:47:45 | INFO | [Round 17] epoch=72/80 loss=0.8452 acc=68.41 val_acc=nan data_t=0.0016s batch_t=0.0341s epoch_t=00:00.64 lr=0.000034 | GPU MB alloc/reserved=69.9/856.0
2026-04-07 12:47:45 | INFO | [Round 17] Epoch 72/80 time=00:00.64 avg=00:00.55 ETA=00:04.44 | GPU MB alloc/reserved=69.9/856.0
2026-04-07 12:47:46 | INFO | [Round 17] epoch=73/80 loss=0.8449 acc=69.32 val_acc=nan data_t=0.0017s batch_t=0.0340s epoch_t=00:00.64 lr=0.000029 | GPU MB alloc/reserved=69.9/856.0
2026-04-07 12:47:46 | INFO | [Round 17] Epoch 73/80 time=00:00.64 avg=00:00.56 ETA=00:03.89 | GPU MB alloc/reserved=69.9/856.0
2026-04-07 12:47:47 | INFO | [Round 17] epoch=74/80 loss=0.8259 acc=68.23 val_acc=nan data_t=0.0015s batch_t=0.0342s epoch_t=00:00.64 lr=0.000024 | GPU MB alloc/reserved=69.9/856.0
2026-04-07 12:47:47 | INFO | [Round 17] Epoch 74/80 time=00:00.64 avg=00:00.56 ETA=00:03.34 | GPU MB alloc/reserved=69.9/856.0
2026-04-07 12:47:47 | INFO | [Round 17] epoch=75/80 loss=0.8123 acc=69.32 val_acc=nan data_t=0.0031s batch_t=0.0139s epoch_t=00:00.31 lr=0.000020 | GPU MB alloc/reserved=69.9/856.0
2026-04-07 12:47:47 | INFO | [Round 17] Epoch 75/80 time=00:00.31 avg=00:00.55 ETA=00:02.77 | GPU MB alloc/reserved=69.9/856.0
2026-04-07 12:47:48 | INFO | [Round 17] epoch=76/80 loss=0.8434 acc=67.64 val_acc=nan data_t=0.0026s batch_t=0.0339s epoch_t=00:00.66 lr=0.000016 | GPU MB alloc/reserved=69.9/856.0
2026-04-07 12:47:48 | INFO | [Round 17] Epoch 76/80 time=00:00.66 avg=00:00.56 ETA=00:02.22 | GPU MB alloc/reserved=69.9/856.0
2026-04-07 12:47:48 | INFO | [Round 17] epoch=77/80 loss=0.8193 acc=69.77 val_acc=nan data_t=0.0016s batch_t=0.0341s epoch_t=00:00.64 lr=0.000013 | GPU MB alloc/reserved=69.9/856.0
2026-04-07 12:47:48 | INFO | [Round 17] Epoch 77/80 time=00:00.64 avg=00:00.56 ETA=00:01.67 | GPU MB alloc/reserved=69.9/856.0
2026-04-07 12:47:49 | INFO | [Round 17] epoch=78/80 loss=0.8320 acc=67.59 val_acc=nan data_t=0.0018s batch_t=0.0341s epoch_t=00:00.65 lr=0.000012 | GPU MB alloc/reserved=69.9/856.0
2026-04-07 12:47:49 | INFO | [Round 17] Epoch 78/80 time=00:00.65 avg=00:00.56 ETA=00:01.12 | GPU MB alloc/reserved=69.9/856.0
2026-04-07 12:47:49 | INFO | [Round 17] epoch=79/80 loss=0.8209 acc=67.95 val_acc=nan data_t=0.0019s batch_t=0.0223s epoch_t=00:00.44 lr=0.000010 | GPU MB alloc/reserved=69.9/856.0
2026-04-07 12:47:49 | INFO | [Round 17] Epoch 79/80 time=00:00.44 avg=00:00.56 ETA=00:00.56 | GPU MB alloc/reserved=69.9/856.0
2026-04-07 12:47:50 | INFO | [Round 17] epoch=80/80 loss=0.8186 acc=69.77 val_acc=nan data_t=0.0019s batch_t=0.0265s epoch_t=00:00.51 lr=0.000010 | GPU MB alloc/reserved=69.9/856.0
2026-04-07 12:47:50 | INFO | [Round 17] Epoch 80/80 time=00:00.51 avg=00:00.56 ETA=00:00.00 | GPU MB alloc/reserved=69.9/856.0
2026-04-07 12:47:50 | INFO | [Round 17] training complete in 00:44.56 (best monitor=69.773) | GPU MB alloc/reserved=69.9/856.0
2026-04-07 12:47:50 | INFO | [Round 17] evaluation started | GPU MB alloc/reserved=52.0/856.0
2026-04-07 12:47:52 | INFO | [Round 17] clean=60.09 fgsm=50.44 pgd=50.12 grad_disp_mean=nan grad_disp_sel=nan round_t=49.02s | GPU MB alloc/reserved=52.0/856.0
2026-04-07 12:47:52 | INFO | [Round 18/21] elapsed=00:49.02 avg_round=00:33.71 projected_remaining=01:41.14 | GPU MB alloc/reserved=52.0/856.0
2026-04-07 12:47:53 | INFO | [Round 18] acquisition on pool_size=47800 scored_pool=5000 budget=100 | GPU MB alloc/reserved=34.1/856.0
2026-04-07 12:47:54 | INFO | [CoreSet-unlabeled-feat] scoring progress 10/20 elapsed=00:00.21 avg/batch=0.021s ETA=00:00.21 | GPU MB alloc/reserved=40.6/856.0
2026-04-07 12:47:54 | INFO | [CoreSet-unlabeled-feat] scoring progress 20/20 elapsed=00:00.23 avg/batch=0.012s ETA=00:00.00 | GPU MB alloc/reserved=40.6/856.0
2026-04-07 12:47:54 | INFO | [CoreSet-labeled-feat] scoring progress 9/9 elapsed=00:00.20 avg/batch=0.022s ETA=00:00.00 | GPU MB alloc/reserved=42.9/856.0
2026-04-07 12:47:54 | INFO | [CoreSet] greedy 10/100 cover_radius=23.960438 | GPU: n/a
2026-04-07 12:47:54 | INFO | [CoreSet] greedy 20/100 cover_radius=22.923807 | GPU: n/a
2026-04-07 12:47:54 | INFO | [CoreSet] greedy 30/100 cover_radius=22.335461 | GPU: n/a
2026-04-07 12:47:54 | INFO | [CoreSet] greedy 40/100 cover_radius=21.958212 | GPU: n/a
2026-04-07 12:47:54 | INFO | [CoreSet] greedy 50/100 cover_radius=21.709778 | GPU: n/a
2026-04-07 12:47:54 | INFO | [CoreSet] greedy 60/100 cover_radius=21.463085 | GPU: n/a
2026-04-07 12:47:54 | INFO | [CoreSet] greedy 70/100 cover_radius=21.243841 | GPU: n/a
2026-04-07 12:47:54 | INFO | [CoreSet] greedy 80/100 cover_radius=21.058645 | GPU: n/a
2026-04-07 12:47:54 | INFO | [CoreSet] greedy 90/100 cover_radius=20.970869 | GPU: n/a
2026-04-07 12:47:54 | INFO | [CoreSet] greedy 100/100 cover_radius=20.855482 | GPU: n/a
2026-04-07 12:47:54 | INFO | [Round 18] labeled=2300 train=2300 val_fixed=0 | GPU MB alloc/reserved=43.1/856.0
2026-04-07 12:47:55 | INFO | [Round 18] epoch=1/80 loss=4.7991 acc=17.52 val_acc=nan data_t=0.0090s batch_t=0.0358s epoch_t=00:00.81 lr=0.001000 | GPU MB alloc/reserved=69.9/856.0
2026-04-07 12:47:55 | INFO | [Round 18] Epoch 1/80 time=00:00.81 avg=00:00.81 ETA=01:03.72 | GPU MB alloc/reserved=69.9/856.0
2026-04-07 12:47:56 | INFO | [Round 18] epoch=2/80 loss=2.0755 acc=24.39 val_acc=nan data_t=0.0023s batch_t=0.0343s epoch_t=00:00.66 lr=0.000998 | GPU MB alloc/reserved=69.9/856.0
2026-04-07 12:47:56 | INFO | [Round 18] Epoch 2/80 time=00:00.66 avg=00:00.73 ETA=00:57.16 | GPU MB alloc/reserved=69.9/856.0
2026-04-07 12:47:56 | INFO | [Round 18] epoch=3/80 loss=2.0105 acc=25.57 val_acc=nan data_t=0.0016s batch_t=0.0341s epoch_t=00:00.64 lr=0.000997 | GPU MB alloc/reserved=69.9/856.0
2026-04-07 12:47:56 | INFO | [Round 18] Epoch 3/80 time=00:00.64 avg=00:00.70 ETA=00:54.12 | GPU MB alloc/reserved=69.9/856.0
2026-04-07 12:47:57 | INFO | [Round 18] epoch=4/80 loss=1.9776 acc=27.00 val_acc=nan data_t=0.0020s batch_t=0.0132s epoch_t=00:00.27 lr=0.000994 | GPU MB alloc/reserved=69.9/856.0
2026-04-07 12:47:57 | INFO | [Round 18] Epoch 4/80 time=00:00.27 avg=00:00.60 ETA=00:45.26 | GPU MB alloc/reserved=69.9/856.0
2026-04-07 12:47:57 | INFO | [Round 18] epoch=5/80 loss=1.9370 acc=28.91 val_acc=nan data_t=0.0016s batch_t=0.0343s epoch_t=00:00.64 lr=0.000990 | GPU MB alloc/reserved=69.9/856.0
2026-04-07 12:47:57 | INFO | [Round 18] Epoch 5/80 time=00:00.64 avg=00:00.61 ETA=00:45.41 | GPU MB alloc/reserved=69.9/856.0
2026-04-07 12:47:58 | INFO | [Round 18] epoch=6/80 loss=1.9127 acc=29.70 val_acc=nan data_t=0.0015s batch_t=0.0343s epoch_t=00:00.65 lr=0.000986 | GPU MB alloc/reserved=69.9/856.0
2026-04-07 12:47:58 | INFO | [Round 18] Epoch 6/80 time=00:00.65 avg=00:00.61 ETA=00:45.29 | GPU MB alloc/reserved=69.9/856.0
2026-04-07 12:47:59 | INFO | [Round 18] epoch=7/80 loss=1.8693 acc=31.30 val_acc=nan data_t=0.0029s batch_t=0.0343s epoch_t=00:00.67 lr=0.000981 | GPU MB alloc/reserved=69.9/856.0
2026-04-07 12:47:59 | INFO | [Round 18] Epoch 7/80 time=00:00.67 avg=00:00.62 ETA=00:45.28 | GPU MB alloc/reserved=69.9/856.0
2026-04-07 12:47:59 | INFO | [Round 18] epoch=8/80 loss=1.7988 acc=32.91 val_acc=nan data_t=0.0017s batch_t=0.0156s epoch_t=00:00.31 lr=0.000976 | GPU MB alloc/reserved=69.9/856.0
2026-04-07 12:47:59 | INFO | [Round 18] Epoch 8/80 time=00:00.31 avg=00:00.58 ETA=00:41.88 | GPU MB alloc/reserved=69.9/856.0
2026-04-07 12:48:00 | INFO | [Round 18] epoch=9/80 loss=1.7480 acc=34.91 val_acc=nan data_t=0.0017s batch_t=0.0324s epoch_t=00:00.61 lr=0.000969 | GPU MB alloc/reserved=69.9/856.0
2026-04-07 12:48:00 | INFO | [Round 18] Epoch 9/80 time=00:00.61 avg=00:00.59 ETA=00:41.56 | GPU MB alloc/reserved=69.9/856.0
2026-04-07 12:48:00 | INFO | [Round 18] epoch=10/80 loss=1.7348 acc=34.70 val_acc=nan data_t=0.0016s batch_t=0.0343s epoch_t=00:00.65 lr=0.000962 | GPU MB alloc/reserved=69.9/856.0
2026-04-07 12:48:00 | INFO | [Round 18] Epoch 10/80 time=00:00.65 avg=00:00.59 ETA=00:41.40 | GPU MB alloc/reserved=69.9/856.0
2026-04-07 12:48:01 | INFO | [Round 18] epoch=11/80 loss=1.6952 acc=37.61 val_acc=nan data_t=0.0020s batch_t=0.0343s epoch_t=00:00.65 lr=0.000955 | GPU MB alloc/reserved=69.9/856.0
2026-04-07 12:48:01 | INFO | [Round 18] Epoch 11/80 time=00:00.65 avg=00:00.60 ETA=00:41.20 | GPU MB alloc/reserved=69.9/856.0
2026-04-07 12:48:01 | INFO | [Round 18] epoch=12/80 loss=1.6670 acc=37.74 val_acc=nan data_t=0.0020s batch_t=0.0243s epoch_t=00:00.47 lr=0.000946 | GPU MB alloc/reserved=69.9/856.0
2026-04-07 12:48:01 | INFO | [Round 18] Epoch 12/80 time=00:00.47 avg=00:00.59 ETA=00:39.90 | GPU MB alloc/reserved=69.9/856.0
2026-04-07 12:48:02 | INFO | [Round 18] epoch=13/80 loss=1.6218 acc=39.74 val_acc=nan data_t=0.0015s batch_t=0.0237s epoch_t=00:00.45 lr=0.000937 | GPU MB alloc/reserved=69.9/856.0
2026-04-07 12:48:02 | INFO | [Round 18] Epoch 13/80 time=00:00.45 avg=00:00.58 ETA=00:38.63 | GPU MB alloc/reserved=69.9/856.0
2026-04-07 12:48:02 | INFO | [Round 18] epoch=14/80 loss=1.5849 acc=39.48 val_acc=nan data_t=0.0016s batch_t=0.0342s epoch_t=00:00.64 lr=0.000927 | GPU MB alloc/reserved=69.9/856.0
2026-04-07 12:48:02 | INFO | [Round 18] Epoch 14/80 time=00:00.64 avg=00:00.58 ETA=00:38.37 | GPU MB alloc/reserved=69.9/856.0
2026-04-07 12:48:03 | INFO | [Round 18] epoch=15/80 loss=1.5673 acc=42.39 val_acc=nan data_t=0.0017s batch_t=0.0343s epoch_t=00:00.65 lr=0.000917 | GPU MB alloc/reserved=69.9/856.0
2026-04-07 12:48:03 | INFO | [Round 18] Epoch 15/80 time=00:00.65 avg=00:00.59 ETA=00:38.08 | GPU MB alloc/reserved=69.9/856.0
2026-04-07 12:48:04 | INFO | [Round 18] epoch=16/80 loss=1.5584 acc=41.87 val_acc=nan data_t=0.0016s batch_t=0.0338s epoch_t=00:00.64 lr=0.000905 | GPU MB alloc/reserved=69.9/856.0
2026-04-07 12:48:04 | INFO | [Round 18] Epoch 16/80 time=00:00.64 avg=00:00.59 ETA=00:37.70 | GPU MB alloc/reserved=69.9/856.0
2026-04-07 12:48:04 | INFO | [Round 18] epoch=17/80 loss=1.5199 acc=41.96 val_acc=nan data_t=0.0019s batch_t=0.0117s epoch_t=00:00.24 lr=0.000894 | GPU MB alloc/reserved=69.9/856.0
2026-04-07 12:48:04 | INFO | [Round 18] Epoch 17/80 time=00:00.24 avg=00:00.57 ETA=00:35.83 | GPU MB alloc/reserved=69.9/856.0
2026-04-07 12:48:05 | INFO | [Round 18] epoch=18/80 loss=1.5223 acc=42.83 val_acc=nan data_t=0.0018s batch_t=0.0343s epoch_t=00:00.65 lr=0.000881 | GPU MB alloc/reserved=69.9/856.0
2026-04-07 12:48:05 | INFO | [Round 18] Epoch 18/80 time=00:00.65 avg=00:00.57 ETA=00:35.54 | GPU MB alloc/reserved=69.9/856.0
2026-04-07 12:48:05 | INFO | [Round 18] epoch=19/80 loss=1.4833 acc=44.61 val_acc=nan data_t=0.0016s batch_t=0.0342s epoch_t=00:00.64 lr=0.000868 | GPU MB alloc/reserved=69.9/856.0
2026-04-07 12:48:05 | INFO | [Round 18] Epoch 19/80 time=00:00.64 avg=00:00.58 ETA=00:35.19 | GPU MB alloc/reserved=69.9/856.0
2026-04-07 12:48:06 | INFO | [Round 18] epoch=20/80 loss=1.4715 acc=45.61 val_acc=nan data_t=0.0018s batch_t=0.0342s epoch_t=00:00.65 lr=0.000855 | GPU MB alloc/reserved=69.9/856.0
2026-04-07 12:48:06 | INFO | [Round 18] Epoch 20/80 time=00:00.65 avg=00:00.58 ETA=00:34.83 | GPU MB alloc/reserved=69.9/856.0
2026-04-07 12:48:06 | INFO | [Round 18] epoch=21/80 loss=1.4330 acc=47.61 val_acc=nan data_t=0.0016s batch_t=0.0173s epoch_t=00:00.34 lr=0.000841 | GPU MB alloc/reserved=69.9/856.0
2026-04-07 12:48:06 | INFO | [Round 18] Epoch 21/80 time=00:00.34 avg=00:00.57 ETA=00:33.58 | GPU MB alloc/reserved=69.9/856.0
2026-04-07 12:48:07 | INFO | [Round 18] epoch=22/80 loss=1.4348 acc=45.83 val_acc=nan data_t=0.0021s batch_t=0.0294s epoch_t=00:00.57 lr=0.000826 | GPU MB alloc/reserved=69.9/856.0
2026-04-07 12:48:07 | INFO | [Round 18] Epoch 22/80 time=00:00.57 avg=00:00.57 ETA=00:33.01 | GPU MB alloc/reserved=69.9/856.0
2026-04-07 12:48:08 | INFO | [Round 18] epoch=23/80 loss=1.4225 acc=47.22 val_acc=nan data_t=0.0030s batch_t=0.0342s epoch_t=00:00.67 lr=0.000811 | GPU MB alloc/reserved=69.9/856.0
2026-04-07 12:48:08 | INFO | [Round 18] Epoch 23/80 time=00:00.67 avg=00:00.57 ETA=00:32.69 | GPU MB alloc/reserved=69.9/856.0
2026-04-07 12:48:08 | INFO | [Round 18] epoch=24/80 loss=1.4248 acc=46.78 val_acc=nan data_t=0.0030s batch_t=0.0344s epoch_t=00:00.67 lr=0.000796 | GPU MB alloc/reserved=69.9/856.0
2026-04-07 12:48:08 | INFO | [Round 18] Epoch 24/80 time=00:00.67 avg=00:00.58 ETA=00:32.35 | GPU MB alloc/reserved=69.9/856.0
2026-04-07 12:48:09 | INFO | [Round 18] epoch=25/80 loss=1.4071 acc=46.96 val_acc=nan data_t=0.0033s batch_t=0.0237s epoch_t=00:00.48 lr=0.000780 | GPU MB alloc/reserved=69.9/856.0
2026-04-07 12:48:09 | INFO | [Round 18] Epoch 25/80 time=00:00.48 avg=00:00.57 ETA=00:31.57 | GPU MB alloc/reserved=69.9/856.0
2026-04-07 12:48:09 | INFO | [Round 18] epoch=26/80 loss=1.3402 acc=50.43 val_acc=nan data_t=0.0022s batch_t=0.0252s epoch_t=00:00.49 lr=0.000764 | GPU MB alloc/reserved=69.9/856.0
2026-04-07 12:48:09 | INFO | [Round 18] Epoch 26/80 time=00:00.49 avg=00:00.57 ETA=00:30.83 | GPU MB alloc/reserved=69.9/856.0
2026-04-07 12:48:10 | INFO | [Round 18] epoch=27/80 loss=1.3434 acc=50.04 val_acc=nan data_t=0.0028s batch_t=0.0344s epoch_t=00:00.67 lr=0.000747 | GPU MB alloc/reserved=69.9/856.0
2026-04-07 12:48:10 | INFO | [Round 18] Epoch 27/80 time=00:00.67 avg=00:00.57 ETA=00:30.45 | GPU MB alloc/reserved=69.9/856.0
2026-04-07 12:48:10 | INFO | [Round 18] epoch=28/80 loss=1.3077 acc=50.39 val_acc=nan data_t=0.0018s batch_t=0.0343s epoch_t=00:00.65 lr=0.000730 | GPU MB alloc/reserved=69.9/856.0
2026-04-07 12:48:10 | INFO | [Round 18] Epoch 28/80 time=00:00.65 avg=00:00.58 ETA=00:30.01 | GPU MB alloc/reserved=69.9/856.0
2026-04-07 12:48:11 | INFO | [Round 18] epoch=29/80 loss=1.3151 acc=51.22 val_acc=nan data_t=0.0016s batch_t=0.0310s epoch_t=00:00.59 lr=0.000712 | GPU MB alloc/reserved=69.9/856.0
2026-04-07 12:48:11 | INFO | [Round 18] Epoch 29/80 time=00:00.59 avg=00:00.58 ETA=00:29.45 | GPU MB alloc/reserved=69.9/856.0
2026-04-07 12:48:11 | INFO | [Round 18] epoch=30/80 loss=1.2764 acc=51.43 val_acc=nan data_t=0.0017s batch_t=0.0161s epoch_t=00:00.32 lr=0.000694 | GPU MB alloc/reserved=69.9/856.0
2026-04-07 12:48:11 | INFO | [Round 18] Epoch 30/80 time=00:00.32 avg=00:00.57 ETA=00:28.44 | GPU MB alloc/reserved=69.9/856.0
2026-04-07 12:48:12 | INFO | [Round 18] epoch=31/80 loss=1.2741 acc=52.39 val_acc=nan data_t=0.0015s batch_t=0.0343s epoch_t=00:00.64 lr=0.000676 | GPU MB alloc/reserved=69.9/856.0
2026-04-07 12:48:12 | INFO | [Round 18] Epoch 31/80 time=00:00.64 avg=00:00.57 ETA=00:28.00 | GPU MB alloc/reserved=69.9/856.0
2026-04-07 12:48:13 | INFO | [Round 18] epoch=32/80 loss=1.2544 acc=53.52 val_acc=nan data_t=0.0021s batch_t=0.0342s epoch_t=00:00.65 lr=0.000658 | GPU MB alloc/reserved=69.9/856.0
2026-04-07 12:48:13 | INFO | [Round 18] Epoch 32/80 time=00:00.65 avg=00:00.57 ETA=00:27.55 | GPU MB alloc/reserved=69.9/856.0
2026-04-07 12:48:13 | INFO | [Round 18] epoch=33/80 loss=1.2543 acc=52.74 val_acc=nan data_t=0.0022s batch_t=0.0343s epoch_t=00:00.66 lr=0.000639 | GPU MB alloc/reserved=69.9/856.0
2026-04-07 12:48:13 | INFO | [Round 18] Epoch 33/80 time=00:00.66 avg=00:00.58 ETA=00:27.09 | GPU MB alloc/reserved=69.9/856.0
2026-04-07 12:48:14 | INFO | [Round 18] epoch=34/80 loss=1.2147 acc=55.13 val_acc=nan data_t=0.0027s batch_t=0.0116s epoch_t=00:00.26 lr=0.000621 | GPU MB alloc/reserved=69.9/856.0
2026-04-07 12:48:14 | INFO | [Round 18] Epoch 34/80 time=00:00.26 avg=00:00.57 ETA=00:26.08 | GPU MB alloc/reserved=69.9/856.0
2026-04-07 12:48:14 | INFO | [Round 18] epoch=35/80 loss=1.2183 acc=54.04 val_acc=nan data_t=0.0021s batch_t=0.0330s epoch_t=00:00.63 lr=0.000602 | GPU MB alloc/reserved=69.9/856.0
2026-04-07 12:48:14 | INFO | [Round 18] Epoch 35/80 time=00:00.63 avg=00:00.57 ETA=00:25.60 | GPU MB alloc/reserved=69.9/856.0
2026-04-07 12:48:15 | INFO | [Round 18] epoch=36/80 loss=1.2140 acc=54.57 val_acc=nan data_t=0.0025s batch_t=0.0344s epoch_t=00:00.66 lr=0.000582 | GPU MB alloc/reserved=69.9/856.0
2026-04-07 12:48:15 | INFO | [Round 18] Epoch 36/80 time=00:00.66 avg=00:00.57 ETA=00:25.15 | GPU MB alloc/reserved=69.9/856.0
2026-04-07 12:48:16 | INFO | [Round 18] epoch=37/80 loss=1.1757 acc=56.22 val_acc=nan data_t=0.0024s batch_t=0.0343s epoch_t=00:00.66 lr=0.000563 | GPU MB alloc/reserved=69.9/856.0
2026-04-07 12:48:16 | INFO | [Round 18] Epoch 37/80 time=00:00.66 avg=00:00.57 ETA=00:24.68 | GPU MB alloc/reserved=69.9/856.0
2026-04-07 12:48:16 | INFO | [Round 18] epoch=38/80 loss=1.1843 acc=55.83 val_acc=nan data_t=0.0022s batch_t=0.0214s epoch_t=00:00.43 lr=0.000544 | GPU MB alloc/reserved=69.9/856.0
2026-04-07 12:48:16 | INFO | [Round 18] Epoch 38/80 time=00:00.43 avg=00:00.57 ETA=00:23.94 | GPU MB alloc/reserved=69.9/856.0
2026-04-07 12:48:17 | INFO | [Round 18] epoch=39/80 loss=1.1383 acc=57.00 val_acc=nan data_t=0.0023s batch_t=0.0272s epoch_t=00:00.53 lr=0.000524 | GPU MB alloc/reserved=69.9/856.0
2026-04-07 12:48:17 | INFO | [Round 18] Epoch 39/80 time=00:00.53 avg=00:00.57 ETA=00:23.33 | GPU MB alloc/reserved=69.9/856.0
2026-04-07 12:48:17 | INFO | [Round 18] epoch=40/80 loss=1.1377 acc=58.17 val_acc=nan data_t=0.0024s batch_t=0.0343s epoch_t=00:00.66 lr=0.000505 | GPU MB alloc/reserved=69.9/856.0
2026-04-07 12:48:17 | INFO | [Round 18] Epoch 40/80 time=00:00.66 avg=00:00.57 ETA=00:22.85 | GPU MB alloc/reserved=69.9/856.0
2026-04-07 12:48:18 | INFO | [Round 18] epoch=41/80 loss=1.1146 acc=59.26 val_acc=nan data_t=0.0026s batch_t=0.0343s epoch_t=00:00.66 lr=0.000486 | GPU MB alloc/reserved=69.9/856.0
2026-04-07 12:48:18 | INFO | [Round 18] Epoch 41/80 time=00:00.66 avg=00:00.57 ETA=00:22.37 | GPU MB alloc/reserved=69.9/856.0
2026-04-07 12:48:18 | INFO | [Round 18] epoch=42/80 loss=1.0946 acc=58.78 val_acc=nan data_t=0.0027s batch_t=0.0276s epoch_t=00:00.55 lr=0.000466 | GPU MB alloc/reserved=69.9/856.0
2026-04-07 12:48:18 | INFO | [Round 18] Epoch 42/80 time=00:00.55 avg=00:00.57 ETA=00:21.77 | GPU MB alloc/reserved=69.9/856.0
2026-04-07 12:48:19 | INFO | [Round 18] epoch=43/80 loss=1.1063 acc=58.61 val_acc=nan data_t=0.0023s batch_t=0.0212s epoch_t=00:00.42 lr=0.000447 | GPU MB alloc/reserved=69.9/856.0
2026-04-07 12:48:19 | INFO | [Round 18] Epoch 43/80 time=00:00.42 avg=00:00.57 ETA=00:21.07 | GPU MB alloc/reserved=69.9/856.0
2026-04-07 12:48:19 | INFO | [Round 18] epoch=44/80 loss=1.0755 acc=60.30 val_acc=nan data_t=0.0023s batch_t=0.0343s epoch_t=00:00.66 lr=0.000428 | GPU MB alloc/reserved=69.9/856.0
2026-04-07 12:48:19 | INFO | [Round 18] Epoch 44/80 time=00:00.66 avg=00:00.57 ETA=00:20.57 | GPU MB alloc/reserved=69.9/856.0
2026-04-07 12:48:20 | INFO | [Round 18] epoch=45/80 loss=1.0781 acc=60.48 val_acc=nan data_t=0.0022s batch_t=0.0344s epoch_t=00:00.66 lr=0.000408 | GPU MB alloc/reserved=69.9/856.0
2026-04-07 12:48:20 | INFO | [Round 18] Epoch 45/80 time=00:00.66 avg=00:00.57 ETA=00:20.07 | GPU MB alloc/reserved=69.9/856.0
2026-04-07 12:48:21 | INFO | [Round 18] epoch=46/80 loss=1.0724 acc=60.39 val_acc=nan data_t=0.0027s batch_t=0.0336s epoch_t=00:00.65 lr=0.000389 | GPU MB alloc/reserved=69.9/856.0
2026-04-07 12:48:21 | INFO | [Round 18] Epoch 46/80 time=00:00.65 avg=00:00.58 ETA=00:19.56 | GPU MB alloc/reserved=69.9/856.0
2026-04-07 12:48:21 | INFO | [Round 18] epoch=47/80 loss=1.0332 acc=60.78 val_acc=nan data_t=0.0026s batch_t=0.0148s epoch_t=00:00.31 lr=0.000371 | GPU MB alloc/reserved=69.9/856.0
2026-04-07 12:48:21 | INFO | [Round 18] Epoch 47/80 time=00:00.31 avg=00:00.57 ETA=00:18.80 | GPU MB alloc/reserved=69.9/856.0
2026-04-07 12:48:22 | INFO | [Round 18] epoch=48/80 loss=1.0300 acc=60.61 val_acc=nan data_t=0.0024s batch_t=0.0342s epoch_t=00:00.66 lr=0.000352 | GPU MB alloc/reserved=69.9/856.0
2026-04-07 12:48:22 | INFO | [Round 18] Epoch 48/80 time=00:00.66 avg=00:00.57 ETA=00:18.29 | GPU MB alloc/reserved=69.9/856.0
2026-04-07 12:48:22 | INFO | [Round 18] epoch=49/80 loss=1.0502 acc=60.96 val_acc=nan data_t=0.0024s batch_t=0.0344s epoch_t=00:00.66 lr=0.000334 | GPU MB alloc/reserved=69.9/856.0
2026-04-07 12:48:22 | INFO | [Round 18] Epoch 49/80 time=00:00.66 avg=00:00.57 ETA=00:17.77 | GPU MB alloc/reserved=69.9/856.0
2026-04-07 12:48:23 | INFO | [Round 18] epoch=50/80 loss=1.0066 acc=63.04 val_acc=nan data_t=0.0024s batch_t=0.0343s epoch_t=00:00.66 lr=0.000316 | GPU MB alloc/reserved=69.9/856.0
2026-04-07 12:48:23 | INFO | [Round 18] Epoch 50/80 time=00:00.66 avg=00:00.58 ETA=00:17.25 | GPU MB alloc/reserved=69.9/856.0
2026-04-07 12:48:23 | INFO | [Round 18] epoch=51/80 loss=0.9776 acc=63.83 val_acc=nan data_t=0.0027s batch_t=0.0118s epoch_t=00:00.26 lr=0.000298 | GPU MB alloc/reserved=69.9/856.0
2026-04-07 12:48:23 | INFO | [Round 18] Epoch 51/80 time=00:00.26 avg=00:00.57 ETA=00:16.50 | GPU MB alloc/reserved=69.9/856.0
2026-04-07 12:48:24 | INFO | [Round 18] epoch=52/80 loss=1.0135 acc=62.00 val_acc=nan data_t=0.0024s batch_t=0.0343s epoch_t=00:00.66 lr=0.000280 | GPU MB alloc/reserved=69.9/856.0
2026-04-07 12:48:24 | INFO | [Round 18] Epoch 52/80 time=00:00.66 avg=00:00.57 ETA=00:15.98 | GPU MB alloc/reserved=69.9/856.0
2026-04-07 12:48:25 | INFO | [Round 18] epoch=53/80 loss=0.9897 acc=63.09 val_acc=nan data_t=0.0015s batch_t=0.0343s epoch_t=00:00.64 lr=0.000263 | GPU MB alloc/reserved=69.9/856.0
2026-04-07 12:48:25 | INFO | [Round 18] Epoch 53/80 time=00:00.64 avg=00:00.57 ETA=00:15.45 | GPU MB alloc/reserved=69.9/856.0
2026-04-07 12:48:25 | INFO | [Round 18] epoch=54/80 loss=0.9696 acc=64.26 val_acc=nan data_t=0.0018s batch_t=0.0343s epoch_t=00:00.65 lr=0.000246 | GPU MB alloc/reserved=69.9/856.0
2026-04-07 12:48:25 | INFO | [Round 18] Epoch 54/80 time=00:00.65 avg=00:00.57 ETA=00:14.91 | GPU MB alloc/reserved=69.9/856.0
2026-04-07 12:48:26 | INFO | [Round 18] epoch=55/80 loss=0.9516 acc=63.70 val_acc=nan data_t=0.0017s batch_t=0.0215s epoch_t=00:00.42 lr=0.000230 | GPU MB alloc/reserved=69.9/856.0
2026-04-07 12:48:26 | INFO | [Round 18] Epoch 55/80 time=00:00.42 avg=00:00.57 ETA=00:14.27 | GPU MB alloc/reserved=69.9/856.0
2026-04-07 12:48:26 | INFO | [Round 18] epoch=56/80 loss=0.9554 acc=64.26 val_acc=nan data_t=0.0017s batch_t=0.0240s epoch_t=00:00.46 lr=0.000214 | GPU MB alloc/reserved=69.9/856.0
2026-04-07 12:48:26 | INFO | [Round 18] Epoch 56/80 time=00:00.46 avg=00:00.57 ETA=00:13.65 | GPU MB alloc/reserved=69.9/856.0
2026-04-07 12:48:27 | INFO | [Round 18] epoch=57/80 loss=0.9501 acc=64.91 val_acc=nan data_t=0.0020s batch_t=0.0343s epoch_t=00:00.65 lr=0.000199 | GPU MB alloc/reserved=69.9/856.0
2026-04-07 12:48:27 | INFO | [Round 18] Epoch 57/80 time=00:00.65 avg=00:00.57 ETA=00:13.11 | GPU MB alloc/reserved=69.9/856.0
2026-04-07 12:48:28 | INFO | [Round 18] epoch=58/80 loss=0.9604 acc=64.74 val_acc=nan data_t=0.0019s batch_t=0.0343s epoch_t=00:00.65 lr=0.000184 | GPU MB alloc/reserved=69.9/856.0
2026-04-07 12:48:28 | INFO | [Round 18] Epoch 58/80 time=00:00.65 avg=00:00.57 ETA=00:12.57 | GPU MB alloc/reserved=69.9/856.0
2026-04-07 12:48:28 | INFO | [Round 18] epoch=59/80 loss=0.9341 acc=65.74 val_acc=nan data_t=0.0016s batch_t=0.0327s epoch_t=00:00.62 lr=0.000169 | GPU MB alloc/reserved=69.9/856.0
2026-04-07 12:48:28 | INFO | [Round 18] Epoch 59/80 time=00:00.62 avg=00:00.57 ETA=00:12.02 | GPU MB alloc/reserved=69.9/856.0
2026-04-07 12:48:28 | INFO | [Round 18] epoch=60/80 loss=0.9229 acc=64.78 val_acc=nan data_t=0.0015s batch_t=0.0117s epoch_t=00:00.24 lr=0.000155 | GPU MB alloc/reserved=69.9/856.0
2026-04-07 12:48:28 | INFO | [Round 18] Epoch 60/80 time=00:00.24 avg=00:00.57 ETA=00:11.34 | GPU MB alloc/reserved=69.9/856.0
2026-04-07 12:48:29 | INFO | [Round 18] epoch=61/80 loss=0.9078 acc=66.00 val_acc=nan data_t=0.0018s batch_t=0.0343s epoch_t=00:00.65 lr=0.000142 | GPU MB alloc/reserved=69.9/856.0
2026-04-07 12:48:29 | INFO | [Round 18] Epoch 61/80 time=00:00.65 avg=00:00.57 ETA=00:10.79 | GPU MB alloc/reserved=69.9/856.0
2026-04-07 12:48:30 | INFO | [Round 18] epoch=62/80 loss=0.8995 acc=65.91 val_acc=nan data_t=0.0019s batch_t=0.0343s epoch_t=00:00.65 lr=0.000129 | GPU MB alloc/reserved=69.9/856.0
2026-04-07 12:48:30 | INFO | [Round 18] Epoch 62/80 time=00:00.65 avg=00:00.57 ETA=00:10.25 | GPU MB alloc/reserved=69.9/856.0
2026-04-07 12:48:30 | INFO | [Round 18] epoch=63/80 loss=0.8838 acc=67.78 val_acc=nan data_t=0.0019s batch_t=0.0343s epoch_t=00:00.65 lr=0.000116 | GPU MB alloc/reserved=69.9/856.0
2026-04-07 12:48:30 | INFO | [Round 18] Epoch 63/80 time=00:00.65 avg=00:00.57 ETA=00:09.70 | GPU MB alloc/reserved=69.9/856.0
2026-04-07 12:48:31 | INFO | [Round 18] epoch=64/80 loss=0.8839 acc=67.22 val_acc=nan data_t=0.0016s batch_t=0.0167s epoch_t=00:00.33 lr=0.000105 | GPU MB alloc/reserved=69.9/856.0
2026-04-07 12:48:31 | INFO | [Round 18] Epoch 64/80 time=00:00.33 avg=00:00.57 ETA=00:09.07 | GPU MB alloc/reserved=69.9/856.0
2026-04-07 12:48:31 | INFO | [Round 18] epoch=65/80 loss=0.8770 acc=66.57 val_acc=nan data_t=0.0023s batch_t=0.0303s epoch_t=00:00.59 lr=0.000093 | GPU MB alloc/reserved=69.9/856.0
2026-04-07 12:48:31 | INFO | [Round 18] Epoch 65/80 time=00:00.59 avg=00:00.57 ETA=00:08.51 | GPU MB alloc/reserved=69.9/856.0
2026-04-07 12:48:32 | INFO | [Round 18] epoch=66/80 loss=0.8917 acc=66.83 val_acc=nan data_t=0.0016s batch_t=0.0343s epoch_t=00:00.65 lr=0.000083 | GPU MB alloc/reserved=69.9/856.0
2026-04-07 12:48:32 | INFO | [Round 18] Epoch 66/80 time=00:00.65 avg=00:00.57 ETA=00:07.96 | GPU MB alloc/reserved=69.9/856.0
2026-04-07 12:48:33 | INFO | [Round 18] epoch=67/80 loss=0.8652 acc=67.22 val_acc=nan data_t=0.0017s batch_t=0.0343s epoch_t=00:00.65 lr=0.000073 | GPU MB alloc/reserved=69.9/856.0
2026-04-07 12:48:33 | INFO | [Round 18] Epoch 67/80 time=00:00.65 avg=00:00.57 ETA=00:07.41 | GPU MB alloc/reserved=69.9/856.0
2026-04-07 12:48:33 | INFO | [Round 18] epoch=68/80 loss=0.8547 acc=67.57 val_acc=nan data_t=0.0015s batch_t=0.0269s epoch_t=00:00.51 lr=0.000064 | GPU MB alloc/reserved=69.9/856.0
2026-04-07 12:48:33 | INFO | [Round 18] Epoch 68/80 time=00:00.51 avg=00:00.57 ETA=00:06.83 | GPU MB alloc/reserved=69.9/856.0
2026-04-07 12:48:33 | INFO | [Round 18] epoch=69/80 loss=0.8758 acc=67.17 val_acc=nan data_t=0.0019s batch_t=0.0224s epoch_t=00:00.44 lr=0.000055 | GPU MB alloc/reserved=69.9/856.0
2026-04-07 12:48:33 | INFO | [Round 18] Epoch 69/80 time=00:00.44 avg=00:00.57 ETA=00:06.24 | GPU MB alloc/reserved=69.9/856.0
2026-04-07 12:48:34 | INFO | [Round 18] epoch=70/80 loss=0.8713 acc=67.78 val_acc=nan data_t=0.0025s batch_t=0.0344s epoch_t=00:00.66 lr=0.000048 | GPU MB alloc/reserved=69.9/856.0
2026-04-07 12:48:34 | INFO | [Round 18] Epoch 70/80 time=00:00.66 avg=00:00.57 ETA=00:05.68 | GPU MB alloc/reserved=69.9/856.0
2026-04-07 12:48:35 | INFO | [Round 18] epoch=71/80 loss=0.8518 acc=68.61 val_acc=nan data_t=0.0016s batch_t=0.0343s epoch_t=00:00.65 lr=0.000041 | GPU MB alloc/reserved=69.9/856.0
2026-04-07 12:48:35 | INFO | [Round 18] Epoch 71/80 time=00:00.65 avg=00:00.57 ETA=00:05.12 | GPU MB alloc/reserved=69.9/856.0
2026-04-07 12:48:35 | INFO | [Round 18] epoch=72/80 loss=0.8508 acc=69.22 val_acc=nan data_t=0.0023s batch_t=0.0335s epoch_t=00:00.64 lr=0.000034 | GPU MB alloc/reserved=69.9/856.0
2026-04-07 12:48:35 | INFO | [Round 18] Epoch 72/80 time=00:00.64 avg=00:00.57 ETA=00:04.56 | GPU MB alloc/reserved=69.9/856.0
2026-04-07 12:48:36 | INFO | [Round 18] epoch=73/80 loss=0.8463 acc=69.39 val_acc=nan data_t=0.0018s batch_t=0.0158s epoch_t=00:00.32 lr=0.000029 | GPU MB alloc/reserved=69.9/856.0
2026-04-07 12:48:36 | INFO | [Round 18] Epoch 73/80 time=00:00.32 avg=00:00.57 ETA=00:03.97 | GPU MB alloc/reserved=69.9/856.0
2026-04-07 12:48:36 | INFO | [Round 18] epoch=74/80 loss=0.8499 acc=67.00 val_acc=nan data_t=0.0022s batch_t=0.0344s epoch_t=00:00.66 lr=0.000024 | GPU MB alloc/reserved=69.9/856.0
2026-04-07 12:48:36 | INFO | [Round 18] Epoch 74/80 time=00:00.66 avg=00:00.57 ETA=00:03.41 | GPU MB alloc/reserved=69.9/856.0
2026-04-07 12:48:37 | INFO | [Round 18] epoch=75/80 loss=0.8501 acc=67.87 val_acc=nan data_t=0.0017s batch_t=0.0344s epoch_t=00:00.65 lr=0.000020 | GPU MB alloc/reserved=69.9/856.0
2026-04-07 12:48:37 | INFO | [Round 18] Epoch 75/80 time=00:00.65 avg=00:00.57 ETA=00:02.85 | GPU MB alloc/reserved=69.9/856.0
2026-04-07 12:48:38 | INFO | [Round 18] epoch=76/80 loss=0.8181 acc=70.00 val_acc=nan data_t=0.0017s batch_t=0.0343s epoch_t=00:00.65 lr=0.000016 | GPU MB alloc/reserved=69.9/856.0
2026-04-07 12:48:38 | INFO | [Round 18] Epoch 76/80 time=00:00.65 avg=00:00.57 ETA=00:02.28 | GPU MB alloc/reserved=69.9/856.0
2026-04-07 12:48:38 | INFO | [Round 18] epoch=77/80 loss=0.8386 acc=67.61 val_acc=nan data_t=0.0018s batch_t=0.0134s epoch_t=00:00.27 lr=0.000013 | GPU MB alloc/reserved=69.9/856.0
2026-04-07 12:48:38 | INFO | [Round 18] Epoch 77/80 time=00:00.27 avg=00:00.57 ETA=00:01.70 | GPU MB alloc/reserved=69.9/856.0
2026-04-07 12:48:39 | INFO | [Round 18] epoch=78/80 loss=0.8362 acc=68.74 val_acc=nan data_t=0.0020s batch_t=0.0329s epoch_t=00:00.63 lr=0.000012 | GPU MB alloc/reserved=69.9/856.0
2026-04-07 12:48:39 | INFO | [Round 18] Epoch 78/80 time=00:00.63 avg=00:00.57 ETA=00:01.13 | GPU MB alloc/reserved=69.9/856.0
2026-04-07 12:48:39 | INFO | [Round 18] epoch=79/80 loss=0.8340 acc=69.43 val_acc=nan data_t=0.0020s batch_t=0.0344s epoch_t=00:00.66 lr=0.000010 | GPU MB alloc/reserved=69.9/856.0
2026-04-07 12:48:39 | INFO | [Round 18] Epoch 79/80 time=00:00.66 avg=00:00.57 ETA=00:00.57 | GPU MB alloc/reserved=69.9/856.0
2026-04-07 12:48:40 | INFO | [Round 18] epoch=80/80 loss=0.8086 acc=69.35 val_acc=nan data_t=0.0018s batch_t=0.0342s epoch_t=00:00.65 lr=0.000010 | GPU MB alloc/reserved=69.9/856.0
2026-04-07 12:48:40 | INFO | [Round 18] Epoch 80/80 time=00:00.65 avg=00:00.57 ETA=00:00.00 | GPU MB alloc/reserved=69.9/856.0
2026-04-07 12:48:40 | INFO | [Round 18] training complete in 00:45.67 (best monitor=70.000) | GPU MB alloc/reserved=69.9/856.0
2026-04-07 12:48:40 | INFO | [Round 18] evaluation started | GPU MB alloc/reserved=52.0/856.0
2026-04-07 12:48:43 | INFO | [Round 18] clean=61.23 fgsm=50.82 pgd=50.61 grad_disp_mean=nan grad_disp_sel=nan round_t=49.32s | GPU MB alloc/reserved=52.0/856.0
2026-04-07 12:48:43 | INFO | [Round 19/21] elapsed=00:49.32 avg_round=00:34.54 projected_remaining=01:09.07 | GPU MB alloc/reserved=52.0/856.0
2026-04-07 12:48:44 | INFO | [Round 19] acquisition on pool_size=47700 scored_pool=5000 budget=100 | GPU MB alloc/reserved=34.1/856.0
2026-04-07 12:48:44 | INFO | [CoreSet-unlabeled-feat] scoring progress 10/20 elapsed=00:00.21 avg/batch=0.021s ETA=00:00.21 | GPU MB alloc/reserved=40.6/856.0
2026-04-07 12:48:44 | INFO | [CoreSet-unlabeled-feat] scoring progress 20/20 elapsed=00:00.24 avg/batch=0.012s ETA=00:00.00 | GPU MB alloc/reserved=40.6/856.0
2026-04-07 12:48:44 | INFO | [CoreSet-labeled-feat] scoring progress 9/9 elapsed=00:00.21 avg/batch=0.023s ETA=00:00.00 | GPU MB alloc/reserved=44.3/856.0
2026-04-07 12:48:44 | INFO | [CoreSet] greedy 10/100 cover_radius=20.532795 | GPU: n/a
2026-04-07 12:48:44 | INFO | [CoreSet] greedy 20/100 cover_radius=19.669226 | GPU: n/a
2026-04-07 12:48:44 | INFO | [CoreSet] greedy 30/100 cover_radius=18.840345 | GPU: n/a
2026-04-07 12:48:45 | INFO | [CoreSet] greedy 40/100 cover_radius=18.526573 | GPU: n/a
2026-04-07 12:48:45 | INFO | [CoreSet] greedy 50/100 cover_radius=18.333845 | GPU: n/a
2026-04-07 12:48:45 | INFO | [CoreSet] greedy 60/100 cover_radius=18.264662 | GPU: n/a
2026-04-07 12:48:45 | INFO | [CoreSet] greedy 70/100 cover_radius=18.044378 | GPU: n/a
2026-04-07 12:48:45 | INFO | [CoreSet] greedy 80/100 cover_radius=17.810873 | GPU: n/a
2026-04-07 12:48:45 | INFO | [CoreSet] greedy 90/100 cover_radius=17.609303 | GPU: n/a
2026-04-07 12:48:45 | INFO | [CoreSet] greedy 100/100 cover_radius=17.443037 | GPU: n/a
2026-04-07 12:48:45 | INFO | [Round 19] labeled=2400 train=2400 val_fixed=0 | GPU MB alloc/reserved=43.1/856.0
2026-04-07 12:48:46 | INFO | [Round 19] epoch=1/80 loss=3.5733 acc=16.83 val_acc=nan data_t=0.0090s batch_t=0.0358s epoch_t=00:00.85 lr=0.001000 | GPU MB alloc/reserved=69.9/856.0
2026-04-07 12:48:46 | INFO | [Round 19] Epoch 1/80 time=00:00.85 avg=00:00.85 ETA=01:07.26 | GPU MB alloc/reserved=69.9/856.0
2026-04-07 12:48:47 | INFO | [Round 19] epoch=2/80 loss=2.1198 acc=21.83 val_acc=nan data_t=0.0020s batch_t=0.0343s epoch_t=00:00.69 lr=0.000998 | GPU MB alloc/reserved=69.9/856.0
2026-04-07 12:48:47 | INFO | [Round 19] Epoch 2/80 time=00:00.69 avg=00:00.77 ETA=01:00.04 | GPU MB alloc/reserved=69.9/856.0
2026-04-07 12:48:47 | INFO | [Round 19] epoch=3/80 loss=2.0247 acc=24.83 val_acc=nan data_t=0.0014s batch_t=0.0292s epoch_t=00:00.58 lr=0.000997 | GPU MB alloc/reserved=69.9/856.0
2026-04-07 12:48:47 | INFO | [Round 19] Epoch 3/80 time=00:00.58 avg=00:00.71 ETA=00:54.43 | GPU MB alloc/reserved=69.9/856.0
2026-04-07 12:48:48 | INFO | [Round 19] epoch=4/80 loss=1.9774 acc=26.92 val_acc=nan data_t=0.0020s batch_t=0.0204s epoch_t=00:00.43 lr=0.000994 | GPU MB alloc/reserved=69.9/856.0
2026-04-07 12:48:48 | INFO | [Round 19] Epoch 4/80 time=00:00.43 avg=00:00.64 ETA=00:48.38 | GPU MB alloc/reserved=69.9/856.0
2026-04-07 12:48:48 | INFO | [Round 19] epoch=5/80 loss=1.9135 acc=29.13 val_acc=nan data_t=0.0018s batch_t=0.0342s epoch_t=00:00.68 lr=0.000990 | GPU MB alloc/reserved=69.9/856.0
2026-04-07 12:48:48 | INFO | [Round 19] Epoch 5/80 time=00:00.68 avg=00:00.65 ETA=00:48.47 | GPU MB alloc/reserved=69.9/856.0
2026-04-07 12:48:49 | INFO | [Round 19] epoch=6/80 loss=1.8465 acc=31.38 val_acc=nan data_t=0.0016s batch_t=0.0343s epoch_t=00:00.68 lr=0.000986 | GPU MB alloc/reserved=69.9/856.0
2026-04-07 12:48:49 | INFO | [Round 19] Epoch 6/80 time=00:00.68 avg=00:00.65 ETA=00:48.26 | GPU MB alloc/reserved=69.9/856.0
2026-04-07 12:48:50 | INFO | [Round 19] epoch=7/80 loss=1.7849 acc=33.29 val_acc=nan data_t=0.0016s batch_t=0.0314s epoch_t=00:00.63 lr=0.000981 | GPU MB alloc/reserved=69.9/856.0
2026-04-07 12:48:50 | INFO | [Round 19] Epoch 7/80 time=00:00.63 avg=00:00.65 ETA=00:47.34 | GPU MB alloc/reserved=69.9/856.0
2026-04-07 12:48:50 | INFO | [Round 19] epoch=8/80 loss=1.7477 acc=34.38 val_acc=nan data_t=0.0024s batch_t=0.0207s epoch_t=00:00.44 lr=0.000976 | GPU MB alloc/reserved=69.9/856.0
2026-04-07 12:48:50 | INFO | [Round 19] Epoch 8/80 time=00:00.44 avg=00:00.62 ETA=00:44.81 | GPU MB alloc/reserved=69.9/856.0
2026-04-07 12:48:51 | INFO | [Round 19] epoch=9/80 loss=1.6995 acc=37.54 val_acc=nan data_t=0.0016s batch_t=0.0342s epoch_t=00:00.68 lr=0.000969 | GPU MB alloc/reserved=69.9/856.0
2026-04-07 12:48:51 | INFO | [Round 19] Epoch 9/80 time=00:00.68 avg=00:00.63 ETA=00:44.65 | GPU MB alloc/reserved=69.9/856.0
2026-04-07 12:48:51 | INFO | [Round 19] epoch=10/80 loss=1.6585 acc=37.92 val_acc=nan data_t=0.0018s batch_t=0.0343s epoch_t=00:00.69 lr=0.000962 | GPU MB alloc/reserved=69.9/856.0
2026-04-07 12:48:51 | INFO | [Round 19] Epoch 10/80 time=00:00.69 avg=00:00.63 ETA=00:44.41 | GPU MB alloc/reserved=69.9/856.0
2026-04-07 12:48:52 | INFO | [Round 19] epoch=11/80 loss=1.6193 acc=37.88 val_acc=nan data_t=0.0017s batch_t=0.0313s epoch_t=00:00.63 lr=0.000955 | GPU MB alloc/reserved=69.9/856.0
2026-04-07 12:48:52 | INFO | [Round 19] Epoch 11/80 time=00:00.63 avg=00:00.63 ETA=00:43.73 | GPU MB alloc/reserved=69.9/856.0
2026-04-07 12:48:52 | INFO | [Round 19] epoch=12/80 loss=1.5883 acc=41.13 val_acc=nan data_t=0.0015s batch_t=0.0162s epoch_t=00:00.34 lr=0.000946 | GPU MB alloc/reserved=69.9/856.0
2026-04-07 12:48:52 | INFO | [Round 19] Epoch 12/80 time=00:00.34 avg=00:00.61 ETA=00:41.41 | GPU MB alloc/reserved=69.9/856.0
2026-04-07 12:48:53 | INFO | [Round 19] epoch=13/80 loss=1.5559 acc=41.67 val_acc=nan data_t=0.0018s batch_t=0.0343s epoch_t=00:00.68 lr=0.000937 | GPU MB alloc/reserved=69.9/856.0
2026-04-07 12:48:53 | INFO | [Round 19] Epoch 13/80 time=00:00.68 avg=00:00.61 ETA=00:41.19 | GPU MB alloc/reserved=69.9/856.0
2026-04-07 12:48:54 | INFO | [Round 19] epoch=14/80 loss=1.5408 acc=43.21 val_acc=nan data_t=0.0015s batch_t=0.0342s epoch_t=00:00.68 lr=0.000927 | GPU MB alloc/reserved=69.9/856.0
2026-04-07 12:48:54 | INFO | [Round 19] Epoch 14/80 time=00:00.68 avg=00:00.62 ETA=00:40.88 | GPU MB alloc/reserved=69.9/856.0
2026-04-07 12:48:55 | INFO | [Round 19] epoch=15/80 loss=1.5015 acc=44.21 val_acc=nan data_t=0.0015s batch_t=0.0342s epoch_t=00:00.68 lr=0.000917 | GPU MB alloc/reserved=69.9/856.0
2026-04-07 12:48:55 | INFO | [Round 19] Epoch 15/80 time=00:00.68 avg=00:00.62 ETA=00:40.51 | GPU MB alloc/reserved=69.9/856.0
2026-04-07 12:48:55 | INFO | [Round 19] epoch=16/80 loss=1.5124 acc=43.96 val_acc=nan data_t=0.0016s batch_t=0.0096s epoch_t=00:00.21 lr=0.000905 | GPU MB alloc/reserved=69.9/856.0
2026-04-07 12:48:55 | INFO | [Round 19] Epoch 16/80 time=00:00.21 avg=00:00.60 ETA=00:38.24 | GPU MB alloc/reserved=69.9/856.0
2026-04-07 12:48:55 | INFO | [Round 19] epoch=17/80 loss=1.4869 acc=44.88 val_acc=nan data_t=0.0017s batch_t=0.0343s epoch_t=00:00.68 lr=0.000894 | GPU MB alloc/reserved=69.9/856.0
2026-04-07 12:48:55 | INFO | [Round 19] Epoch 17/80 time=00:00.68 avg=00:00.60 ETA=00:37.97 | GPU MB alloc/reserved=69.9/856.0
2026-04-07 12:48:56 | INFO | [Round 19] epoch=18/80 loss=1.4669 acc=45.38 val_acc=nan data_t=0.0015s batch_t=0.0341s epoch_t=00:00.68 lr=0.000881 | GPU MB alloc/reserved=69.9/856.0
2026-04-07 12:48:56 | INFO | [Round 19] Epoch 18/80 time=00:00.68 avg=00:00.61 ETA=00:37.62 | GPU MB alloc/reserved=69.9/856.0
2026-04-07 12:48:57 | INFO | [Round 19] epoch=19/80 loss=1.4614 acc=45.83 val_acc=nan data_t=0.0018s batch_t=0.0343s epoch_t=00:00.68 lr=0.000868 | GPU MB alloc/reserved=69.9/856.0
2026-04-07 12:48:57 | INFO | [Round 19] Epoch 19/80 time=00:00.68 avg=00:00.61 ETA=00:37.26 | GPU MB alloc/reserved=69.9/856.0
2026-04-07 12:48:57 | INFO | [Round 19] epoch=20/80 loss=1.4082 acc=47.46 val_acc=nan data_t=0.0018s batch_t=0.0153s epoch_t=00:00.32 lr=0.000855 | GPU MB alloc/reserved=69.9/856.0
2026-04-07 12:48:57 | INFO | [Round 19] Epoch 20/80 time=00:00.32 avg=00:00.60 ETA=00:35.79 | GPU MB alloc/reserved=69.9/856.0
2026-04-07 12:48:58 | INFO | [Round 19] epoch=21/80 loss=1.3840 acc=48.71 val_acc=nan data_t=0.0026s batch_t=0.0342s epoch_t=00:00.70 lr=0.000841 | GPU MB alloc/reserved=69.9/856.0
2026-04-07 12:48:58 | INFO | [Round 19] Epoch 21/80 time=00:00.70 avg=00:00.60 ETA=00:35.49 | GPU MB alloc/reserved=69.9/856.0
2026-04-07 12:48:59 | INFO | [Round 19] epoch=22/80 loss=1.3811 acc=47.75 val_acc=nan data_t=0.0029s batch_t=0.0342s epoch_t=00:00.71 lr=0.000826 | GPU MB alloc/reserved=69.9/856.0
2026-04-07 12:48:59 | INFO | [Round 19] Epoch 22/80 time=00:00.71 avg=00:00.61 ETA=00:35.16 | GPU MB alloc/reserved=69.9/856.0
2026-04-07 12:48:59 | INFO | [Round 19] epoch=23/80 loss=1.3567 acc=48.46 val_acc=nan data_t=0.0025s batch_t=0.0343s epoch_t=00:00.70 lr=0.000811 | GPU MB alloc/reserved=69.9/856.0
2026-04-07 12:48:59 | INFO | [Round 19] Epoch 23/80 time=00:00.70 avg=00:00.61 ETA=00:34.78 | GPU MB alloc/reserved=69.9/856.0
2026-04-07 12:49:00 | INFO | [Round 19] epoch=24/80 loss=1.3378 acc=49.17 val_acc=nan data_t=0.0017s batch_t=0.0146s epoch_t=00:00.31 lr=0.000796 | GPU MB alloc/reserved=69.9/856.0
2026-04-07 12:49:00 | INFO | [Round 19] Epoch 24/80 time=00:00.31 avg=00:00.60 ETA=00:33.47 | GPU MB alloc/reserved=69.9/856.0
2026-04-07 12:49:00 | INFO | [Round 19] epoch=25/80 loss=1.3120 acc=51.08 val_acc=nan data_t=0.0014s batch_t=0.0334s epoch_t=00:00.66 lr=0.000780 | GPU MB alloc/reserved=69.9/856.0
2026-04-07 12:49:00 | INFO | [Round 19] Epoch 25/80 time=00:00.66 avg=00:00.60 ETA=00:33.01 | GPU MB alloc/reserved=69.9/856.0
2026-04-07 12:49:01 | INFO | [Round 19] epoch=26/80 loss=1.2921 acc=51.42 val_acc=nan data_t=0.0024s batch_t=0.0343s epoch_t=00:00.70 lr=0.000764 | GPU MB alloc/reserved=69.9/856.0
2026-04-07 12:49:01 | INFO | [Round 19] Epoch 26/80 time=00:00.70 avg=00:00.60 ETA=00:32.61 | GPU MB alloc/reserved=69.9/856.0
2026-04-07 12:49:02 | INFO | [Round 19] epoch=27/80 loss=1.2521 acc=52.42 val_acc=nan data_t=0.0029s batch_t=0.0342s epoch_t=00:00.71 lr=0.000747 | GPU MB alloc/reserved=69.9/856.0
2026-04-07 12:49:02 | INFO | [Round 19] Epoch 27/80 time=00:00.71 avg=00:00.61 ETA=00:32.21 | GPU MB alloc/reserved=69.9/856.0
2026-04-07 12:49:02 | INFO | [Round 19] epoch=28/80 loss=1.2422 acc=53.88 val_acc=nan data_t=0.0017s batch_t=0.0168s epoch_t=00:00.35 lr=0.000730 | GPU MB alloc/reserved=69.9/856.0
2026-04-07 12:49:02 | INFO | [Round 19] Epoch 28/80 time=00:00.35 avg=00:00.60 ETA=00:31.12 | GPU MB alloc/reserved=69.9/856.0
2026-04-07 12:49:03 | INFO | [Round 19] epoch=29/80 loss=1.2231 acc=54.42 val_acc=nan data_t=0.0016s batch_t=0.0318s epoch_t=00:00.63 lr=0.000712 | GPU MB alloc/reserved=69.9/856.0
2026-04-07 12:49:03 | INFO | [Round 19] Epoch 29/80 time=00:00.63 avg=00:00.60 ETA=00:30.59 | GPU MB alloc/reserved=69.9/856.0
2026-04-07 12:49:03 | INFO | [Round 19] epoch=30/80 loss=1.2152 acc=54.25 val_acc=nan data_t=0.0016s batch_t=0.0342s epoch_t=00:00.68 lr=0.000694 | GPU MB alloc/reserved=69.9/856.0
2026-04-07 12:49:03 | INFO | [Round 19] Epoch 30/80 time=00:00.68 avg=00:00.60 ETA=00:30.12 | GPU MB alloc/reserved=69.9/856.0
2026-04-07 12:49:04 | INFO | [Round 19] epoch=31/80 loss=1.2291 acc=53.67 val_acc=nan data_t=0.0019s batch_t=0.0343s epoch_t=00:00.69 lr=0.000676 | GPU MB alloc/reserved=69.9/856.0
2026-04-07 12:49:04 | INFO | [Round 19] Epoch 31/80 time=00:00.69 avg=00:00.61 ETA=00:29.65 | GPU MB alloc/reserved=69.9/856.0
2026-04-07 12:49:04 | INFO | [Round 19] epoch=32/80 loss=1.1801 acc=56.63 val_acc=nan data_t=0.0018s batch_t=0.0194s epoch_t=00:00.40 lr=0.000658 | GPU MB alloc/reserved=69.9/856.0
2026-04-07 12:49:04 | INFO | [Round 19] Epoch 32/80 time=00:00.40 avg=00:00.60 ETA=00:28.74 | GPU MB alloc/reserved=69.9/856.0
2026-04-07 12:49:05 | INFO | [Round 19] epoch=33/80 loss=1.1745 acc=56.63 val_acc=nan data_t=0.0019s batch_t=0.0295s epoch_t=00:00.60 lr=0.000639 | GPU MB alloc/reserved=69.9/856.0
2026-04-07 12:49:05 | INFO | [Round 19] Epoch 33/80 time=00:00.60 avg=00:00.60 ETA=00:28.14 | GPU MB alloc/reserved=69.9/856.0
2026-04-07 12:49:06 | INFO | [Round 19] epoch=34/80 loss=1.1234 acc=57.75 val_acc=nan data_t=0.0015s batch_t=0.0342s epoch_t=00:00.68 lr=0.000621 | GPU MB alloc/reserved=69.9/856.0
2026-04-07 12:49:06 | INFO | [Round 19] Epoch 34/80 time=00:00.68 avg=00:00.60 ETA=00:27.65 | GPU MB alloc/reserved=69.9/856.0
2026-04-07 12:49:06 | INFO | [Round 19] epoch=35/80 loss=1.1514 acc=57.33 val_acc=nan data_t=0.0018s batch_t=0.0343s epoch_t=00:00.69 lr=0.000602 | GPU MB alloc/reserved=69.9/856.0
2026-04-07 12:49:06 | INFO | [Round 19] Epoch 35/80 time=00:00.69 avg=00:00.60 ETA=00:27.16 | GPU MB alloc/reserved=69.9/856.0
2026-04-07 12:49:07 | INFO | [Round 19] epoch=36/80 loss=1.1257 acc=57.13 val_acc=nan data_t=0.0015s batch_t=0.0226s epoch_t=00:00.46 lr=0.000582 | GPU MB alloc/reserved=69.9/856.0
2026-04-07 12:49:07 | INFO | [Round 19] Epoch 36/80 time=00:00.46 avg=00:00.60 ETA=00:26.38 | GPU MB alloc/reserved=69.9/856.0
2026-04-07 12:49:07 | INFO | [Round 19] epoch=37/80 loss=1.1300 acc=56.38 val_acc=nan data_t=0.0021s batch_t=0.0268s epoch_t=00:00.55 lr=0.000563 | GPU MB alloc/reserved=69.9/856.0
2026-04-07 12:49:07 | INFO | [Round 19] Epoch 37/80 time=00:00.55 avg=00:00.60 ETA=00:25.72 | GPU MB alloc/reserved=69.9/856.0
2026-04-07 12:49:08 | INFO | [Round 19] epoch=38/80 loss=1.0970 acc=58.08 val_acc=nan data_t=0.0021s batch_t=0.0342s epoch_t=00:00.69 lr=0.000544 | GPU MB alloc/reserved=69.9/856.0
2026-04-07 12:49:08 | INFO | [Round 19] Epoch 38/80 time=00:00.69 avg=00:00.60 ETA=00:25.23 | GPU MB alloc/reserved=69.9/856.0
2026-04-07 12:49:09 | INFO | [Round 19] epoch=39/80 loss=1.1097 acc=57.46 val_acc=nan data_t=0.0018s batch_t=0.0343s epoch_t=00:00.68 lr=0.000524 | GPU MB alloc/reserved=69.9/856.0
2026-04-07 12:49:09 | INFO | [Round 19] Epoch 39/80 time=00:00.68 avg=00:00.60 ETA=00:24.71 | GPU MB alloc/reserved=69.9/856.0
2026-04-07 12:49:09 | INFO | [Round 19] epoch=40/80 loss=1.0670 acc=59.38 val_acc=nan data_t=0.0017s batch_t=0.0246s epoch_t=00:00.50 lr=0.000505 | GPU MB alloc/reserved=69.9/856.0
2026-04-07 12:49:09 | INFO | [Round 19] Epoch 40/80 time=00:00.50 avg=00:00.60 ETA=00:24.01 | GPU MB alloc/reserved=69.9/856.0
2026-04-07 12:49:10 | INFO | [Round 19] epoch=41/80 loss=1.0495 acc=61.46 val_acc=nan data_t=0.0016s batch_t=0.0229s epoch_t=00:00.47 lr=0.000486 | GPU MB alloc/reserved=69.9/856.0
2026-04-07 12:49:10 | INFO | [Round 19] Epoch 41/80 time=00:00.47 avg=00:00.60 ETA=00:23.28 | GPU MB alloc/reserved=69.9/856.0
2026-04-07 12:49:10 | INFO | [Round 19] epoch=42/80 loss=1.0344 acc=60.67 val_acc=nan data_t=0.0020s batch_t=0.0342s epoch_t=00:00.69 lr=0.000466 | GPU MB alloc/reserved=69.9/856.0
2026-04-07 12:49:10 | INFO | [Round 19] Epoch 42/80 time=00:00.69 avg=00:00.60 ETA=00:22.76 | GPU MB alloc/reserved=69.9/856.0
2026-04-07 12:49:11 | INFO | [Round 19] epoch=43/80 loss=1.0120 acc=62.13 val_acc=nan data_t=0.0014s batch_t=0.0342s epoch_t=00:00.68 lr=0.000447 | GPU MB alloc/reserved=69.9/856.0
2026-04-07 12:49:11 | INFO | [Round 19] Epoch 43/80 time=00:00.68 avg=00:00.60 ETA=00:22.23 | GPU MB alloc/reserved=69.9/856.0
2026-04-07 12:49:12 | INFO | [Round 19] epoch=44/80 loss=1.0060 acc=62.79 val_acc=nan data_t=0.0016s batch_t=0.0287s epoch_t=00:00.58 lr=0.000428 | GPU MB alloc/reserved=69.9/856.0
2026-04-07 12:49:12 | INFO | [Round 19] Epoch 44/80 time=00:00.58 avg=00:00.60 ETA=00:21.61 | GPU MB alloc/reserved=69.9/856.0
2026-04-07 12:49:12 | INFO | [Round 19] epoch=45/80 loss=1.0115 acc=62.63 val_acc=nan data_t=0.0027s batch_t=0.0230s epoch_t=00:00.49 lr=0.000408 | GPU MB alloc/reserved=69.9/856.0
2026-04-07 12:49:12 | INFO | [Round 19] Epoch 45/80 time=00:00.49 avg=00:00.60 ETA=00:20.93 | GPU MB alloc/reserved=69.9/856.0
2026-04-07 12:49:13 | INFO | [Round 19] epoch=46/80 loss=1.0084 acc=61.21 val_acc=nan data_t=0.0021s batch_t=0.0342s epoch_t=00:00.69 lr=0.000389 | GPU MB alloc/reserved=69.9/856.0
2026-04-07 12:49:13 | INFO | [Round 19] Epoch 46/80 time=00:00.69 avg=00:00.60 ETA=00:20.39 | GPU MB alloc/reserved=69.9/856.0
2026-04-07 12:49:13 | INFO | [Round 19] epoch=47/80 loss=0.9965 acc=62.71 val_acc=nan data_t=0.0018s batch_t=0.0343s epoch_t=00:00.69 lr=0.000371 | GPU MB alloc/reserved=69.9/856.0
2026-04-07 12:49:13 | INFO | [Round 19] Epoch 47/80 time=00:00.69 avg=00:00.60 ETA=00:19.86 | GPU MB alloc/reserved=69.9/856.0
2026-04-07 12:49:14 | INFO | [Round 19] epoch=48/80 loss=0.9622 acc=63.21 val_acc=nan data_t=0.0017s batch_t=0.0284s epoch_t=00:00.57 lr=0.000352 | GPU MB alloc/reserved=69.9/856.0
2026-04-07 12:49:14 | INFO | [Round 19] Epoch 48/80 time=00:00.57 avg=00:00.60 ETA=00:19.23 | GPU MB alloc/reserved=69.9/856.0
2026-04-07 12:49:15 | INFO | [Round 19] epoch=49/80 loss=0.9752 acc=63.50 val_acc=nan data_t=0.0018s batch_t=0.0220s epoch_t=00:00.45 lr=0.000334 | GPU MB alloc/reserved=69.9/856.0
2026-04-07 12:49:15 | INFO | [Round 19] Epoch 49/80 time=00:00.45 avg=00:00.60 ETA=00:18.54 | GPU MB alloc/reserved=69.9/856.0
2026-04-07 12:49:15 | INFO | [Round 19] epoch=50/80 loss=0.9561 acc=64.29 val_acc=nan data_t=0.0016s batch_t=0.0342s epoch_t=00:00.68 lr=0.000316 | GPU MB alloc/reserved=69.9/856.0
2026-04-07 12:49:15 | INFO | [Round 19] Epoch 50/80 time=00:00.68 avg=00:00.60 ETA=00:17.99 | GPU MB alloc/reserved=69.9/856.0
2026-04-07 12:49:16 | INFO | [Round 19] epoch=51/80 loss=0.9432 acc=64.50 val_acc=nan data_t=0.0016s batch_t=0.0342s epoch_t=00:00.68 lr=0.000298 | GPU MB alloc/reserved=69.9/856.0
2026-04-07 12:49:16 | INFO | [Round 19] Epoch 51/80 time=00:00.68 avg=00:00.60 ETA=00:17.44 | GPU MB alloc/reserved=69.9/856.0
2026-04-07 12:49:16 | INFO | [Round 19] epoch=52/80 loss=0.9364 acc=64.96 val_acc=nan data_t=0.0015s batch_t=0.0302s epoch_t=00:00.60 lr=0.000280 | GPU MB alloc/reserved=69.9/856.0
2026-04-07 12:49:16 | INFO | [Round 19] Epoch 52/80 time=00:00.60 avg=00:00.60 ETA=00:16.84 | GPU MB alloc/reserved=69.9/856.0
2026-04-07 12:49:17 | INFO | [Round 19] epoch=53/80 loss=0.9187 acc=65.04 val_acc=nan data_t=0.0019s batch_t=0.0205s epoch_t=00:00.43 lr=0.000263 | GPU MB alloc/reserved=69.9/856.0
2026-04-07 12:49:17 | INFO | [Round 19] Epoch 53/80 time=00:00.43 avg=00:00.60 ETA=00:16.15 | GPU MB alloc/reserved=69.9/856.0
2026-04-07 12:49:18 | INFO | [Round 19] epoch=54/80 loss=0.9188 acc=64.75 val_acc=nan data_t=0.0017s batch_t=0.0342s epoch_t=00:00.68 lr=0.000246 | GPU MB alloc/reserved=69.9/856.0
2026-04-07 12:49:18 | INFO | [Round 19] Epoch 54/80 time=00:00.68 avg=00:00.60 ETA=00:15.59 | GPU MB alloc/reserved=69.9/856.0
2026-04-07 12:49:18 | INFO | [Round 19] epoch=55/80 loss=0.8837 acc=66.96 val_acc=nan data_t=0.0014s batch_t=0.0342s epoch_t=00:00.68 lr=0.000230 | GPU MB alloc/reserved=69.9/856.0
2026-04-07 12:49:18 | INFO | [Round 19] Epoch 55/80 time=00:00.68 avg=00:00.60 ETA=00:15.03 | GPU MB alloc/reserved=69.9/856.0
2026-04-07 12:49:19 | INFO | [Round 19] epoch=56/80 loss=0.8614 acc=67.42 val_acc=nan data_t=0.0014s batch_t=0.0317s epoch_t=00:00.63 lr=0.000214 | GPU MB alloc/reserved=69.9/856.0
2026-04-07 12:49:19 | INFO | [Round 19] Epoch 56/80 time=00:00.63 avg=00:00.60 ETA=00:14.44 | GPU MB alloc/reserved=69.9/856.0
2026-04-07 12:49:19 | INFO | [Round 19] epoch=57/80 loss=0.8755 acc=66.00 val_acc=nan data_t=0.0025s batch_t=0.0186s epoch_t=00:00.40 lr=0.000199 | GPU MB alloc/reserved=69.9/856.0
2026-04-07 12:49:19 | INFO | [Round 19] Epoch 57/80 time=00:00.40 avg=00:00.60 ETA=00:13.75 | GPU MB alloc/reserved=69.9/856.0
2026-04-07 12:49:20 | INFO | [Round 19] epoch=58/80 loss=0.8668 acc=67.58 val_acc=nan data_t=0.0016s batch_t=0.0342s epoch_t=00:00.68 lr=0.000184 | GPU MB alloc/reserved=69.9/856.0
2026-04-07 12:49:20 | INFO | [Round 19] Epoch 58/80 time=00:00.68 avg=00:00.60 ETA=00:13.19 | GPU MB alloc/reserved=69.9/856.0
2026-04-07 12:49:21 | INFO | [Round 19] epoch=59/80 loss=0.8511 acc=67.58 val_acc=nan data_t=0.0015s batch_t=0.0342s epoch_t=00:00.68 lr=0.000169 | GPU MB alloc/reserved=69.9/856.0
2026-04-07 12:49:21 | INFO | [Round 19] Epoch 59/80 time=00:00.68 avg=00:00.60 ETA=00:12.62 | GPU MB alloc/reserved=69.9/856.0
2026-04-07 12:49:21 | INFO | [Round 19] epoch=60/80 loss=0.8384 acc=68.50 val_acc=nan data_t=0.0016s batch_t=0.0331s epoch_t=00:00.66 lr=0.000155 | GPU MB alloc/reserved=69.9/856.0
2026-04-07 12:49:21 | INFO | [Round 19] Epoch 60/80 time=00:00.66 avg=00:00.60 ETA=00:12.04 | GPU MB alloc/reserved=69.9/856.0
2026-04-07 12:49:22 | INFO | [Round 19] epoch=61/80 loss=0.8440 acc=68.67 val_acc=nan data_t=0.0016s batch_t=0.0145s epoch_t=00:00.31 lr=0.000142 | GPU MB alloc/reserved=69.9/856.0
2026-04-07 12:49:22 | INFO | [Round 19] Epoch 61/80 time=00:00.31 avg=00:00.60 ETA=00:11.34 | GPU MB alloc/reserved=69.9/856.0
2026-04-07 12:49:22 | INFO | [Round 19] epoch=62/80 loss=0.8386 acc=69.17 val_acc=nan data_t=0.0018s batch_t=0.0343s epoch_t=00:00.69 lr=0.000129 | GPU MB alloc/reserved=69.9/856.0
2026-04-07 12:49:22 | INFO | [Round 19] Epoch 62/80 time=00:00.69 avg=00:00.60 ETA=00:10.77 | GPU MB alloc/reserved=69.9/856.0
2026-04-07 12:49:23 | INFO | [Round 19] epoch=63/80 loss=0.8241 acc=68.96 val_acc=nan data_t=0.0014s batch_t=0.0342s epoch_t=00:00.68 lr=0.000116 | GPU MB alloc/reserved=69.9/856.0
2026-04-07 12:49:23 | INFO | [Round 19] Epoch 63/80 time=00:00.68 avg=00:00.60 ETA=00:10.19 | GPU MB alloc/reserved=69.9/856.0
2026-04-07 12:49:24 | INFO | [Round 19] epoch=64/80 loss=0.8336 acc=67.79 val_acc=nan data_t=0.0016s batch_t=0.0343s epoch_t=00:00.68 lr=0.000105 | GPU MB alloc/reserved=69.9/856.0
2026-04-07 12:49:24 | INFO | [Round 19] Epoch 64/80 time=00:00.68 avg=00:00.60 ETA=00:09.61 | GPU MB alloc/reserved=69.9/856.0
2026-04-07 12:49:24 | INFO | [Round 19] epoch=65/80 loss=0.8281 acc=68.38 val_acc=nan data_t=0.0019s batch_t=0.0097s epoch_t=00:00.22 lr=0.000093 | GPU MB alloc/reserved=69.9/856.0
2026-04-07 12:49:24 | INFO | [Round 19] Epoch 65/80 time=00:00.22 avg=00:00.60 ETA=00:08.93 | GPU MB alloc/reserved=69.9/856.0
2026-04-07 12:49:25 | INFO | [Round 19] epoch=66/80 loss=0.8157 acc=68.75 val_acc=nan data_t=0.0018s batch_t=0.0343s epoch_t=00:00.69 lr=0.000083 | GPU MB alloc/reserved=69.9/856.0
2026-04-07 12:49:25 | INFO | [Round 19] Epoch 66/80 time=00:00.69 avg=00:00.60 ETA=00:08.35 | GPU MB alloc/reserved=69.9/856.0
2026-04-07 12:49:25 | INFO | [Round 19] epoch=67/80 loss=0.8211 acc=68.96 val_acc=nan data_t=0.0022s batch_t=0.0343s epoch_t=00:00.69 lr=0.000073 | GPU MB alloc/reserved=69.9/856.0
2026-04-07 12:49:25 | INFO | [Round 19] Epoch 67/80 time=00:00.69 avg=00:00.60 ETA=00:07.77 | GPU MB alloc/reserved=69.9/856.0
2026-04-07 12:49:26 | INFO | [Round 19] epoch=68/80 loss=0.7983 acc=69.17 val_acc=nan data_t=0.0031s batch_t=0.0343s epoch_t=00:00.71 lr=0.000064 | GPU MB alloc/reserved=69.9/856.0
2026-04-07 12:49:26 | INFO | [Round 19] Epoch 68/80 time=00:00.71 avg=00:00.60 ETA=00:07.19 | GPU MB alloc/reserved=69.9/856.0
2026-04-07 12:49:26 | INFO | [Round 19] epoch=69/80 loss=0.7889 acc=70.92 val_acc=nan data_t=0.0015s batch_t=0.0137s epoch_t=00:00.29 lr=0.000055 | GPU MB alloc/reserved=69.9/856.0
2026-04-07 12:49:26 | INFO | [Round 19] Epoch 69/80 time=00:00.29 avg=00:00.59 ETA=00:06.54 | GPU MB alloc/reserved=69.9/856.0
2026-04-07 12:49:27 | INFO | [Round 19] epoch=70/80 loss=0.7923 acc=69.83 val_acc=nan data_t=0.0023s batch_t=0.0343s epoch_t=00:00.69 lr=0.000048 | GPU MB alloc/reserved=69.9/856.0
2026-04-07 12:49:27 | INFO | [Round 19] Epoch 70/80 time=00:00.69 avg=00:00.60 ETA=00:05.96 | GPU MB alloc/reserved=69.9/856.0
2026-04-07 12:49:28 | INFO | [Round 19] epoch=71/80 loss=0.8004 acc=69.67 val_acc=nan data_t=0.0017s batch_t=0.0343s epoch_t=00:00.68 lr=0.000041 | GPU MB alloc/reserved=69.9/856.0
2026-04-07 12:49:28 | INFO | [Round 19] Epoch 71/80 time=00:00.68 avg=00:00.60 ETA=00:05.38 | GPU MB alloc/reserved=69.9/856.0
2026-04-07 12:49:28 | INFO | [Round 19] epoch=72/80 loss=0.7903 acc=70.17 val_acc=nan data_t=0.0016s batch_t=0.0343s epoch_t=00:00.68 lr=0.000034 | GPU MB alloc/reserved=69.9/856.0
2026-04-07 12:49:28 | INFO | [Round 19] Epoch 72/80 time=00:00.68 avg=00:00.60 ETA=00:04.79 | GPU MB alloc/reserved=69.9/856.0
2026-04-07 12:49:29 | INFO | [Round 19] epoch=73/80 loss=0.7802 acc=70.79 val_acc=nan data_t=0.0016s batch_t=0.0170s epoch_t=00:00.35 lr=0.000029 | GPU MB alloc/reserved=69.9/856.0
2026-04-07 12:49:29 | INFO | [Round 19] Epoch 73/80 time=00:00.35 avg=00:00.60 ETA=00:04.17 | GPU MB alloc/reserved=69.9/856.0
2026-04-07 12:49:29 | INFO | [Round 19] epoch=74/80 loss=0.7741 acc=70.08 val_acc=nan data_t=0.0022s batch_t=0.0332s epoch_t=00:00.67 lr=0.000024 | GPU MB alloc/reserved=69.9/856.0
2026-04-07 12:49:29 | INFO | [Round 19] Epoch 74/80 time=00:00.67 avg=00:00.60 ETA=00:03.58 | GPU MB alloc/reserved=69.9/856.0
2026-04-07 12:49:30 | INFO | [Round 19] epoch=75/80 loss=0.7649 acc=70.42 val_acc=nan data_t=0.0016s batch_t=0.0343s epoch_t=00:00.68 lr=0.000020 | GPU MB alloc/reserved=69.9/856.0
2026-04-07 12:49:30 | INFO | [Round 19] Epoch 75/80 time=00:00.68 avg=00:00.60 ETA=00:02.99 | GPU MB alloc/reserved=69.9/856.0
2026-04-07 12:49:31 | INFO | [Round 19] epoch=76/80 loss=0.7949 acc=69.21 val_acc=nan data_t=0.0017s batch_t=0.0343s epoch_t=00:00.68 lr=0.000016 | GPU MB alloc/reserved=69.9/856.0
2026-04-07 12:49:31 | INFO | [Round 19] Epoch 76/80 time=00:00.68 avg=00:00.60 ETA=00:02.40 | GPU MB alloc/reserved=69.9/856.0
2026-04-07 12:49:31 | INFO | [Round 19] epoch=77/80 loss=0.7661 acc=72.33 val_acc=nan data_t=0.0016s batch_t=0.0206s epoch_t=00:00.42 lr=0.000013 | GPU MB alloc/reserved=69.9/856.0
2026-04-07 12:49:31 | INFO | [Round 19] Epoch 77/80 time=00:00.42 avg=00:00.60 ETA=00:01.79 | GPU MB alloc/reserved=69.9/856.0
2026-04-07 12:49:32 | INFO | [Round 19] epoch=78/80 loss=0.7636 acc=70.63 val_acc=nan data_t=0.0023s batch_t=0.0305s epoch_t=00:00.62 lr=0.000012 | GPU MB alloc/reserved=69.9/856.0
2026-04-07 12:49:32 | INFO | [Round 19] Epoch 78/80 time=00:00.62 avg=00:00.60 ETA=00:01.19 | GPU MB alloc/reserved=69.9/856.0
2026-04-07 12:49:32 | INFO | [Round 19] epoch=79/80 loss=0.7578 acc=71.17 val_acc=nan data_t=0.0014s batch_t=0.0342s epoch_t=00:00.68 lr=0.000010 | GPU MB alloc/reserved=69.9/856.0
2026-04-07 12:49:32 | INFO | [Round 19] Epoch 79/80 time=00:00.68 avg=00:00.60 ETA=00:00.60 | GPU MB alloc/reserved=69.9/856.0
2026-04-07 12:49:33 | INFO | [Round 19] epoch=80/80 loss=0.7572 acc=70.08 val_acc=nan data_t=0.0015s batch_t=0.0343s epoch_t=00:00.68 lr=0.000010 | GPU MB alloc/reserved=69.9/856.0
2026-04-07 12:49:33 | INFO | [Round 19] Epoch 80/80 time=00:00.68 avg=00:00.60 ETA=00:00.00 | GPU MB alloc/reserved=69.9/856.0
2026-04-07 12:49:33 | INFO | [Round 19] training complete in 00:48.03 (best monitor=72.333) | GPU MB alloc/reserved=69.9/856.0
2026-04-07 12:49:33 | INFO | [Round 19] evaluation started | GPU MB alloc/reserved=52.0/856.0
2026-04-07 12:49:36 | INFO | [Round 19] clean=61.97 fgsm=51.95 pgd=51.65 grad_disp_mean=nan grad_disp_sel=nan round_t=52.32s | GPU MB alloc/reserved=52.0/856.0
2026-04-07 12:49:36 | INFO | [Round 20/21] elapsed=00:52.32 avg_round=00:35.42 projected_remaining=00:35.42 | GPU MB alloc/reserved=52.0/856.0
2026-04-07 12:49:37 | INFO | [Round 20] acquisition on pool_size=47600 scored_pool=5000 budget=100 | GPU MB alloc/reserved=34.1/856.0
2026-04-07 12:49:37 | INFO | [CoreSet-unlabeled-feat] scoring progress 10/20 elapsed=00:00.21 avg/batch=0.021s ETA=00:00.21 | GPU MB alloc/reserved=40.6/856.0
2026-04-07 12:49:37 | INFO | [CoreSet-unlabeled-feat] scoring progress 20/20 elapsed=00:00.24 avg/batch=0.012s ETA=00:00.00 | GPU MB alloc/reserved=40.6/856.0
2026-04-07 12:49:37 | INFO | [CoreSet-labeled-feat] scoring progress 10/10 elapsed=00:00.20 avg/batch=0.020s ETA=00:00.00 | GPU MB alloc/reserved=42.5/856.0
2026-04-07 12:49:37 | INFO | [CoreSet] greedy 10/100 cover_radius=22.577671 | GPU: n/a
2026-04-07 12:49:37 | INFO | [CoreSet] greedy 20/100 cover_radius=21.736706 | GPU: n/a
2026-04-07 12:49:38 | INFO | [CoreSet] greedy 30/100 cover_radius=21.119116 | GPU: n/a
2026-04-07 12:49:38 | INFO | [CoreSet] greedy 40/100 cover_radius=20.986895 | GPU: n/a
2026-04-07 12:49:38 | INFO | [CoreSet] greedy 50/100 cover_radius=20.768147 | GPU: n/a
2026-04-07 12:49:38 | INFO | [CoreSet] greedy 60/100 cover_radius=20.536886 | GPU: n/a
2026-04-07 12:49:38 | INFO | [CoreSet] greedy 70/100 cover_radius=20.226761 | GPU: n/a
2026-04-07 12:49:38 | INFO | [CoreSet] greedy 80/100 cover_radius=20.030300 | GPU: n/a
2026-04-07 12:49:38 | INFO | [CoreSet] greedy 90/100 cover_radius=19.845055 | GPU: n/a
2026-04-07 12:49:38 | INFO | [CoreSet] greedy 100/100 cover_radius=19.717424 | GPU: n/a
2026-04-07 12:49:38 | INFO | [Round 20] labeled=2500 train=2500 val_fixed=0 | GPU MB alloc/reserved=43.1/856.0
2026-04-07 12:49:39 | INFO | [Round 20] epoch=1/80 loss=5.0496 acc=18.52 val_acc=nan data_t=0.0086s batch_t=0.0355s epoch_t=00:00.88 lr=0.001000 | GPU MB alloc/reserved=69.9/856.0
2026-04-07 12:49:39 | INFO | [Round 20] Epoch 1/80 time=00:00.88 avg=00:00.88 ETA=01:09.72 | GPU MB alloc/reserved=69.9/856.0
2026-04-07 12:49:40 | INFO | [Round 20] epoch=2/80 loss=2.0678 acc=24.04 val_acc=nan data_t=0.0016s batch_t=0.0341s epoch_t=00:00.72 lr=0.000998 | GPU MB alloc/reserved=69.9/856.0
2026-04-07 12:49:40 | INFO | [Round 20] Epoch 2/80 time=00:00.72 avg=00:00.80 ETA=01:02.34 | GPU MB alloc/reserved=69.9/856.0
2026-04-07 12:49:41 | INFO | [Round 20] epoch=3/80 loss=2.0210 acc=26.00 val_acc=nan data_t=0.0017s batch_t=0.0272s epoch_t=00:00.58 lr=0.000997 | GPU MB alloc/reserved=69.9/856.0
2026-04-07 12:49:41 | INFO | [Round 20] Epoch 3/80 time=00:00.58 avg=00:00.73 ETA=00:55.84 | GPU MB alloc/reserved=69.9/856.0
2026-04-07 12:49:41 | INFO | [Round 20] epoch=4/80 loss=1.9607 acc=27.84 val_acc=nan data_t=0.0017s batch_t=0.0250s epoch_t=00:00.53 lr=0.000994 | GPU MB alloc/reserved=69.9/856.0
2026-04-07 12:49:41 | INFO | [Round 20] Epoch 4/80 time=00:00.53 avg=00:00.68 ETA=00:51.49 | GPU MB alloc/reserved=69.9/856.0
2026-04-07 12:49:42 | INFO | [Round 20] epoch=5/80 loss=1.8849 acc=30.20 val_acc=nan data_t=0.0016s batch_t=0.0342s epoch_t=00:00.72 lr=0.000990 | GPU MB alloc/reserved=69.9/856.0
2026-04-07 12:49:42 | INFO | [Round 20] Epoch 5/80 time=00:00.72 avg=00:00.69 ETA=00:51.39 | GPU MB alloc/reserved=69.9/856.0
2026-04-07 12:49:43 | INFO | [Round 20] epoch=6/80 loss=1.8322 acc=32.20 val_acc=nan data_t=0.0019s batch_t=0.0342s epoch_t=00:00.72 lr=0.000986 | GPU MB alloc/reserved=69.9/856.0
2026-04-07 12:49:43 | INFO | [Round 20] Epoch 6/80 time=00:00.72 avg=00:00.69 ETA=00:51.16 | GPU MB alloc/reserved=69.9/856.0
2026-04-07 12:49:43 | INFO | [Round 20] epoch=7/80 loss=1.7832 acc=33.80 val_acc=nan data_t=0.0024s batch_t=0.0231s epoch_t=00:00.51 lr=0.000981 | GPU MB alloc/reserved=69.9/856.0
2026-04-07 12:49:43 | INFO | [Round 20] Epoch 7/80 time=00:00.51 avg=00:00.67 ETA=00:48.58 | GPU MB alloc/reserved=69.9/856.0
2026-04-07 12:49:44 | INFO | [Round 20] epoch=8/80 loss=1.7289 acc=35.36 val_acc=nan data_t=0.0014s batch_t=0.0234s epoch_t=00:00.50 lr=0.000976 | GPU MB alloc/reserved=69.9/856.0
2026-04-07 12:49:44 | INFO | [Round 20] Epoch 8/80 time=00:00.50 avg=00:00.64 ETA=00:46.39 | GPU MB alloc/reserved=69.9/856.0
2026-04-07 12:49:44 | INFO | [Round 20] epoch=9/80 loss=1.6906 acc=37.04 val_acc=nan data_t=0.0017s batch_t=0.0342s epoch_t=00:00.72 lr=0.000969 | GPU MB alloc/reserved=69.9/856.0
2026-04-07 12:49:44 | INFO | [Round 20] Epoch 9/80 time=00:00.72 avg=00:00.65 ETA=00:46.33 | GPU MB alloc/reserved=69.9/856.0
2026-04-07 12:49:45 | INFO | [Round 20] epoch=10/80 loss=1.6335 acc=39.04 val_acc=nan data_t=0.0015s batch_t=0.0342s epoch_t=00:00.71 lr=0.000962 | GPU MB alloc/reserved=69.9/856.0
2026-04-07 12:49:45 | INFO | [Round 20] Epoch 10/80 time=00:00.71 avg=00:00.66 ETA=00:46.10 | GPU MB alloc/reserved=69.9/856.0
2026-04-07 12:49:46 | INFO | [Round 20] epoch=11/80 loss=1.6172 acc=39.96 val_acc=nan data_t=0.0018s batch_t=0.0252s epoch_t=00:00.54 lr=0.000955 | GPU MB alloc/reserved=69.9/856.0
2026-04-07 12:49:46 | INFO | [Round 20] Epoch 11/80 time=00:00.54 avg=00:00.65 ETA=00:44.70 | GPU MB alloc/reserved=69.9/856.0
2026-04-07 12:49:46 | INFO | [Round 20] epoch=12/80 loss=1.5660 acc=40.44 val_acc=nan data_t=0.0017s batch_t=0.0224s epoch_t=00:00.48 lr=0.000946 | GPU MB alloc/reserved=69.9/856.0
2026-04-07 12:49:46 | INFO | [Round 20] Epoch 12/80 time=00:00.48 avg=00:00.63 ETA=00:43.10 | GPU MB alloc/reserved=69.9/856.0
2026-04-07 12:49:47 | INFO | [Round 20] epoch=13/80 loss=1.5651 acc=41.68 val_acc=nan data_t=0.0014s batch_t=0.0345s epoch_t=00:00.72 lr=0.000937 | GPU MB alloc/reserved=69.9/856.0
2026-04-07 12:49:47 | INFO | [Round 20] Epoch 13/80 time=00:00.72 avg=00:00.64 ETA=00:42.91 | GPU MB alloc/reserved=69.9/856.0
2026-04-07 12:49:47 | INFO | [Round 20] epoch=14/80 loss=1.5393 acc=42.52 val_acc=nan data_t=0.0020s batch_t=0.0343s epoch_t=00:00.72 lr=0.000927 | GPU MB alloc/reserved=69.9/856.0
2026-04-07 12:49:47 | INFO | [Round 20] Epoch 14/80 time=00:00.72 avg=00:00.65 ETA=00:42.67 | GPU MB alloc/reserved=69.9/856.0
2026-04-07 12:49:48 | INFO | [Round 20] epoch=15/80 loss=1.5140 acc=43.60 val_acc=nan data_t=0.0016s batch_t=0.0262s epoch_t=00:00.56 lr=0.000917 | GPU MB alloc/reserved=69.9/856.0
2026-04-07 12:49:48 | INFO | [Round 20] Epoch 15/80 time=00:00.56 avg=00:00.64 ETA=00:41.63 | GPU MB alloc/reserved=69.9/856.0
2026-04-07 12:49:48 | INFO | [Round 20] epoch=16/80 loss=1.5011 acc=42.80 val_acc=nan data_t=0.0015s batch_t=0.0208s epoch_t=00:00.45 lr=0.000905 | GPU MB alloc/reserved=69.9/856.0
2026-04-07 12:49:48 | INFO | [Round 20] Epoch 16/80 time=00:00.45 avg=00:00.63 ETA=00:40.21 | GPU MB alloc/reserved=69.9/856.0
2026-04-07 12:49:49 | INFO | [Round 20] epoch=17/80 loss=1.4697 acc=44.60 val_acc=nan data_t=0.0017s batch_t=0.0342s epoch_t=00:00.72 lr=0.000894 | GPU MB alloc/reserved=69.9/856.0
2026-04-07 12:49:49 | INFO | [Round 20] Epoch 17/80 time=00:00.72 avg=00:00.63 ETA=00:39.91 | GPU MB alloc/reserved=69.9/856.0
2026-04-07 12:49:50 | INFO | [Round 20] epoch=18/80 loss=1.4579 acc=44.64 val_acc=nan data_t=0.0013s batch_t=0.0341s epoch_t=00:00.71 lr=0.000881 | GPU MB alloc/reserved=69.9/856.0
2026-04-07 12:49:50 | INFO | [Round 20] Epoch 18/80 time=00:00.71 avg=00:00.64 ETA=00:39.54 | GPU MB alloc/reserved=69.9/856.0
2026-04-07 12:49:50 | INFO | [Round 20] epoch=19/80 loss=1.4408 acc=45.76 val_acc=nan data_t=0.0014s batch_t=0.0288s epoch_t=00:00.60 lr=0.000868 | GPU MB alloc/reserved=69.9/856.0
2026-04-07 12:49:50 | INFO | [Round 20] Epoch 19/80 time=00:00.60 avg=00:00.64 ETA=00:38.79 | GPU MB alloc/reserved=69.9/856.0
2026-04-07 12:49:51 | INFO | [Round 20] epoch=20/80 loss=1.4026 acc=47.16 val_acc=nan data_t=0.0018s batch_t=0.0204s epoch_t=00:00.45 lr=0.000855 | GPU MB alloc/reserved=69.9/856.0
2026-04-07 12:49:51 | INFO | [Round 20] Epoch 20/80 time=00:00.45 avg=00:00.63 ETA=00:37.59 | GPU MB alloc/reserved=69.9/856.0
2026-04-07 12:49:52 | INFO | [Round 20] epoch=21/80 loss=1.3774 acc=47.84 val_acc=nan data_t=0.0020s batch_t=0.0342s epoch_t=00:00.72 lr=0.000841 | GPU MB alloc/reserved=69.9/856.0
2026-04-07 12:49:52 | INFO | [Round 20] Epoch 21/80 time=00:00.72 avg=00:00.63 ETA=00:37.24 | GPU MB alloc/reserved=69.9/856.0
2026-04-07 12:49:52 | INFO | [Round 20] epoch=22/80 loss=1.3977 acc=47.12 val_acc=nan data_t=0.0017s batch_t=0.0342s epoch_t=00:00.72 lr=0.000826 | GPU MB alloc/reserved=69.9/856.0
2026-04-07 12:49:52 | INFO | [Round 20] Epoch 22/80 time=00:00.72 avg=00:00.64 ETA=00:36.84 | GPU MB alloc/reserved=69.9/856.0
2026-04-07 12:49:53 | INFO | [Round 20] epoch=23/80 loss=1.3499 acc=49.68 val_acc=nan data_t=0.0014s batch_t=0.0281s epoch_t=00:00.59 lr=0.000811 | GPU MB alloc/reserved=69.9/856.0
2026-04-07 12:49:53 | INFO | [Round 20] Epoch 23/80 time=00:00.59 avg=00:00.63 ETA=00:36.09 | GPU MB alloc/reserved=69.9/856.0
2026-04-07 12:49:53 | INFO | [Round 20] epoch=24/80 loss=1.3306 acc=50.44 val_acc=nan data_t=0.0015s batch_t=0.0197s epoch_t=00:00.43 lr=0.000796 | GPU MB alloc/reserved=69.9/856.0
2026-04-07 12:49:53 | INFO | [Round 20] Epoch 24/80 time=00:00.43 avg=00:00.62 ETA=00:34.97 | GPU MB alloc/reserved=69.9/856.0
2026-04-07 12:49:54 | INFO | [Round 20] epoch=25/80 loss=1.3138 acc=51.72 val_acc=nan data_t=0.0013s batch_t=0.0341s epoch_t=00:00.71 lr=0.000780 | GPU MB alloc/reserved=69.9/856.0
2026-04-07 12:49:54 | INFO | [Round 20] Epoch 25/80 time=00:00.71 avg=00:00.63 ETA=00:34.53 | GPU MB alloc/reserved=69.9/856.0
2026-04-07 12:49:55 | INFO | [Round 20] epoch=26/80 loss=1.2938 acc=51.36 val_acc=nan data_t=0.0014s batch_t=0.0342s epoch_t=00:00.71 lr=0.000764 | GPU MB alloc/reserved=69.9/856.0
2026-04-07 12:49:55 | INFO | [Round 20] Epoch 26/80 time=00:00.71 avg=00:00.63 ETA=00:34.08 | GPU MB alloc/reserved=69.9/856.0
2026-04-07 12:49:55 | INFO | [Round 20] epoch=27/80 loss=1.2904 acc=51.32 val_acc=nan data_t=0.0013s batch_t=0.0304s epoch_t=00:00.63 lr=0.000747 | GPU MB alloc/reserved=69.9/856.0
2026-04-07 12:49:55 | INFO | [Round 20] Epoch 27/80 time=00:00.63 avg=00:00.63 ETA=00:33.45 | GPU MB alloc/reserved=69.9/856.0
2026-04-07 12:49:56 | INFO | [Round 20] epoch=28/80 loss=1.2750 acc=51.88 val_acc=nan data_t=0.0026s batch_t=0.0204s epoch_t=00:00.46 lr=0.000730 | GPU MB alloc/reserved=69.9/856.0
2026-04-07 12:49:56 | INFO | [Round 20] Epoch 28/80 time=00:00.46 avg=00:00.63 ETA=00:32.50 | GPU MB alloc/reserved=69.9/856.0
2026-04-07 12:49:57 | INFO | [Round 20] epoch=29/80 loss=1.2320 acc=53.44 val_acc=nan data_t=0.0026s batch_t=0.0342s epoch_t=00:00.74 lr=0.000712 | GPU MB alloc/reserved=69.9/856.0
2026-04-07 12:49:57 | INFO | [Round 20] Epoch 29/80 time=00:00.74 avg=00:00.63 ETA=00:32.07 | GPU MB alloc/reserved=69.9/856.0
2026-04-07 12:49:57 | INFO | [Round 20] epoch=30/80 loss=1.1886 acc=56.20 val_acc=nan data_t=0.0026s batch_t=0.0343s epoch_t=00:00.74 lr=0.000694 | GPU MB alloc/reserved=69.9/856.0
2026-04-07 12:49:57 | INFO | [Round 20] Epoch 30/80 time=00:00.74 avg=00:00.63 ETA=00:31.63 | GPU MB alloc/reserved=69.9/856.0
2026-04-07 12:49:58 | INFO | [Round 20] epoch=31/80 loss=1.2172 acc=54.20 val_acc=nan data_t=0.0014s batch_t=0.0270s epoch_t=00:00.57 lr=0.000676 | GPU MB alloc/reserved=69.9/856.0
2026-04-07 12:49:58 | INFO | [Round 20] Epoch 31/80 time=00:00.57 avg=00:00.63 ETA=00:30.89 | GPU MB alloc/reserved=69.9/856.0
2026-04-07 12:49:59 | INFO | [Round 20] epoch=32/80 loss=1.1844 acc=55.52 val_acc=nan data_t=0.0014s batch_t=0.0298s epoch_t=00:00.63 lr=0.000658 | GPU MB alloc/reserved=69.9/856.0
2026-04-07 12:49:59 | INFO | [Round 20] Epoch 32/80 time=00:00.63 avg=00:00.63 ETA=00:30.25 | GPU MB alloc/reserved=69.9/856.0
2026-04-07 12:49:59 | INFO | [Round 20] epoch=33/80 loss=1.1605 acc=57.36 val_acc=nan data_t=0.0015s batch_t=0.0343s epoch_t=00:00.72 lr=0.000639 | GPU MB alloc/reserved=69.9/856.0
2026-04-07 12:49:59 | INFO | [Round 20] Epoch 33/80 time=00:00.72 avg=00:00.63 ETA=00:29.74 | GPU MB alloc/reserved=69.9/856.0
2026-04-07 12:50:00 | INFO | [Round 20] epoch=34/80 loss=1.1680 acc=55.72 val_acc=nan data_t=0.0016s batch_t=0.0342s epoch_t=00:00.72 lr=0.000621 | GPU MB alloc/reserved=69.9/856.0
2026-04-07 12:50:00 | INFO | [Round 20] Epoch 34/80 time=00:00.72 avg=00:00.64 ETA=00:29.22 | GPU MB alloc/reserved=69.9/856.0
2026-04-07 12:50:00 | INFO | [Round 20] epoch=35/80 loss=1.1400 acc=57.80 val_acc=nan data_t=0.0014s batch_t=0.0191s epoch_t=00:00.41 lr=0.000602 | GPU MB alloc/reserved=69.9/856.0
2026-04-07 12:50:00 | INFO | [Round 20] Epoch 35/80 time=00:00.41 avg=00:00.63 ETA=00:28.30 | GPU MB alloc/reserved=69.9/856.0
2026-04-07 12:50:01 | INFO | [Round 20] epoch=36/80 loss=1.1132 acc=58.40 val_acc=nan data_t=0.0020s batch_t=0.0289s epoch_t=00:00.62 lr=0.000582 | GPU MB alloc/reserved=69.9/856.0
2026-04-07 12:50:01 | INFO | [Round 20] Epoch 36/80 time=00:00.62 avg=00:00.63 ETA=00:27.66 | GPU MB alloc/reserved=69.9/856.0
2026-04-07 12:50:02 | INFO | [Round 20] epoch=37/80 loss=1.1231 acc=57.88 val_acc=nan data_t=0.0017s batch_t=0.0342s epoch_t=00:00.72 lr=0.000563 | GPU MB alloc/reserved=69.9/856.0
2026-04-07 12:50:02 | INFO | [Round 20] Epoch 37/80 time=00:00.72 avg=00:00.63 ETA=00:27.13 | GPU MB alloc/reserved=69.9/856.0
2026-04-07 12:50:03 | INFO | [Round 20] epoch=38/80 loss=1.1006 acc=59.48 val_acc=nan data_t=0.0016s batch_t=0.0342s epoch_t=00:00.72 lr=0.000544 | GPU MB alloc/reserved=69.9/856.0
2026-04-07 12:50:03 | INFO | [Round 20] Epoch 38/80 time=00:00.72 avg=00:00.63 ETA=00:26.60 | GPU MB alloc/reserved=69.9/856.0
2026-04-07 12:50:03 | INFO | [Round 20] epoch=39/80 loss=1.0885 acc=60.08 val_acc=nan data_t=0.0013s batch_t=0.0206s epoch_t=00:00.44 lr=0.000524 | GPU MB alloc/reserved=69.9/856.0
2026-04-07 12:50:03 | INFO | [Round 20] Epoch 39/80 time=00:00.44 avg=00:00.63 ETA=00:25.76 | GPU MB alloc/reserved=69.9/856.0
2026-04-07 12:50:04 | INFO | [Round 20] epoch=40/80 loss=1.0797 acc=59.88 val_acc=nan data_t=0.0016s batch_t=0.0281s epoch_t=00:00.59 lr=0.000505 | GPU MB alloc/reserved=69.9/856.0
2026-04-07 12:50:04 | INFO | [Round 20] Epoch 40/80 time=00:00.59 avg=00:00.63 ETA=00:25.10 | GPU MB alloc/reserved=69.9/856.0
2026-04-07 12:50:04 | INFO | [Round 20] epoch=41/80 loss=1.0605 acc=59.84 val_acc=nan data_t=0.0023s batch_t=0.0343s epoch_t=00:00.73 lr=0.000486 | GPU MB alloc/reserved=69.9/856.0
2026-04-07 12:50:04 | INFO | [Round 20] Epoch 41/80 time=00:00.73 avg=00:00.63 ETA=00:24.57 | GPU MB alloc/reserved=69.9/856.0
2026-04-07 12:50:05 | INFO | [Round 20] epoch=42/80 loss=1.0366 acc=60.64 val_acc=nan data_t=0.0015s batch_t=0.0342s epoch_t=00:00.71 lr=0.000466 | GPU MB alloc/reserved=69.9/856.0
2026-04-07 12:50:05 | INFO | [Round 20] Epoch 42/80 time=00:00.71 avg=00:00.63 ETA=00:24.02 | GPU MB alloc/reserved=69.9/856.0
2026-04-07 12:50:05 | INFO | [Round 20] epoch=43/80 loss=1.0280 acc=61.72 val_acc=nan data_t=0.0016s batch_t=0.0203s epoch_t=00:00.44 lr=0.000447 | GPU MB alloc/reserved=69.9/856.0
2026-04-07 12:50:05 | INFO | [Round 20] Epoch 43/80 time=00:00.44 avg=00:00.63 ETA=00:23.22 | GPU MB alloc/reserved=69.9/856.0
2026-04-07 12:50:06 | INFO | [Round 20] epoch=44/80 loss=1.0182 acc=61.44 val_acc=nan data_t=0.0021s batch_t=0.0134s epoch_t=00:00.31 lr=0.000428 | GPU MB alloc/reserved=69.9/856.0
2026-04-07 12:50:06 | INFO | [Round 20] Epoch 44/80 time=00:00.31 avg=00:00.62 ETA=00:22.33 | GPU MB alloc/reserved=69.9/856.0
2026-04-07 12:50:06 | INFO | [Round 20] epoch=45/80 loss=0.9940 acc=62.60 val_acc=nan data_t=0.0019s batch_t=0.0341s epoch_t=00:00.72 lr=0.000408 | GPU MB alloc/reserved=69.9/856.0
2026-04-07 12:50:06 | INFO | [Round 20] Epoch 45/80 time=00:00.72 avg=00:00.62 ETA=00:21.79 | GPU MB alloc/reserved=69.9/856.0
2026-04-07 12:50:07 | INFO | [Round 20] epoch=46/80 loss=1.0000 acc=63.28 val_acc=nan data_t=0.0022s batch_t=0.0349s epoch_t=00:00.74 lr=0.000389 | GPU MB alloc/reserved=69.9/856.0
2026-04-07 12:50:07 | INFO | [Round 20] Epoch 46/80 time=00:00.74 avg=00:00.63 ETA=00:21.26 | GPU MB alloc/reserved=69.9/856.0
2026-04-07 12:50:08 | INFO | [Round 20] epoch=47/80 loss=0.9916 acc=62.28 val_acc=nan data_t=0.0013s batch_t=0.0345s epoch_t=00:00.72 lr=0.000371 | GPU MB alloc/reserved=69.9/856.0
2026-04-07 12:50:08 | INFO | [Round 20] Epoch 47/80 time=00:00.72 avg=00:00.63 ETA=00:20.69 | GPU MB alloc/reserved=69.9/856.0
2026-04-07 12:50:08 | INFO | [Round 20] epoch=48/80 loss=0.9995 acc=61.44 val_acc=nan data_t=0.0014s batch_t=0.0139s epoch_t=00:00.31 lr=0.000352 | GPU MB alloc/reserved=69.9/856.0
2026-04-07 12:50:08 | INFO | [Round 20] Epoch 48/80 time=00:00.31 avg=00:00.62 ETA=00:19.85 | GPU MB alloc/reserved=69.9/856.0
2026-04-07 12:50:09 | INFO | [Round 20] epoch=49/80 loss=0.9616 acc=64.08 val_acc=nan data_t=0.0019s batch_t=0.0342s epoch_t=00:00.72 lr=0.000334 | GPU MB alloc/reserved=69.9/856.0
2026-04-07 12:50:09 | INFO | [Round 20] Epoch 49/80 time=00:00.72 avg=00:00.62 ETA=00:19.30 | GPU MB alloc/reserved=69.9/856.0
2026-04-07 12:50:10 | INFO | [Round 20] epoch=50/80 loss=0.9522 acc=65.00 val_acc=nan data_t=0.0016s batch_t=0.0344s epoch_t=00:00.72 lr=0.000316 | GPU MB alloc/reserved=69.9/856.0
2026-04-07 12:50:10 | INFO | [Round 20] Epoch 50/80 time=00:00.72 avg=00:00.62 ETA=00:18.73 | GPU MB alloc/reserved=69.9/856.0
2026-04-07 12:50:10 | INFO | [Round 20] epoch=51/80 loss=0.9329 acc=65.24 val_acc=nan data_t=0.0015s batch_t=0.0342s epoch_t=00:00.71 lr=0.000298 | GPU MB alloc/reserved=69.9/856.0
2026-04-07 12:50:10 | INFO | [Round 20] Epoch 51/80 time=00:00.71 avg=00:00.63 ETA=00:18.16 | GPU MB alloc/reserved=69.9/856.0
2026-04-07 12:50:11 | INFO | [Round 20] epoch=52/80 loss=0.9282 acc=64.80 val_acc=nan data_t=0.0020s batch_t=0.0141s epoch_t=00:00.32 lr=0.000280 | GPU MB alloc/reserved=69.9/856.0
2026-04-07 12:50:11 | INFO | [Round 20] Epoch 52/80 time=00:00.32 avg=00:00.62 ETA=00:17.37 | GPU MB alloc/reserved=69.9/856.0
2026-04-07 12:50:12 | INFO | [Round 20] epoch=53/80 loss=0.9219 acc=66.28 val_acc=nan data_t=0.0084s batch_t=0.0340s epoch_t=00:00.85 lr=0.000263 | GPU MB alloc/reserved=69.9/856.0
2026-04-07 12:50:12 | INFO | [Round 20] Epoch 53/80 time=00:00.85 avg=00:00.62 ETA=00:16.87 | GPU MB alloc/reserved=69.9/856.0
2026-04-07 12:50:12 | INFO | [Round 20] epoch=54/80 loss=0.9089 acc=65.52 val_acc=nan data_t=0.0015s batch_t=0.0343s epoch_t=00:00.71 lr=0.000246 | GPU MB alloc/reserved=69.9/856.0
2026-04-07 12:50:12 | INFO | [Round 20] Epoch 54/80 time=00:00.71 avg=00:00.63 ETA=00:16.28 | GPU MB alloc/reserved=69.9/856.0
2026-04-07 12:50:13 | INFO | [Round 20] epoch=55/80 loss=0.8932 acc=66.56 val_acc=nan data_t=0.0016s batch_t=0.0343s epoch_t=00:00.72 lr=0.000230 | GPU MB alloc/reserved=69.9/856.0
2026-04-07 12:50:13 | INFO | [Round 20] Epoch 55/80 time=00:00.72 avg=00:00.63 ETA=00:15.70 | GPU MB alloc/reserved=69.9/856.0
2026-04-07 12:50:13 | INFO | [Round 20] epoch=56/80 loss=0.8897 acc=66.92 val_acc=nan data_t=0.0021s batch_t=0.0129s epoch_t=00:00.30 lr=0.000214 | GPU MB alloc/reserved=69.9/856.0
2026-04-07 12:50:13 | INFO | [Round 20] Epoch 56/80 time=00:00.30 avg=00:00.62 ETA=00:14.93 | GPU MB alloc/reserved=69.9/856.0
2026-04-07 12:50:14 | INFO | [Round 20] epoch=57/80 loss=0.8883 acc=66.48 val_acc=nan data_t=0.0016s batch_t=0.0342s epoch_t=00:00.72 lr=0.000199 | GPU MB alloc/reserved=69.9/856.0
2026-04-07 12:50:14 | INFO | [Round 20] Epoch 57/80 time=00:00.72 avg=00:00.62 ETA=00:14.35 | GPU MB alloc/reserved=69.9/856.0
2026-04-07 12:50:15 | INFO | [Round 20] epoch=58/80 loss=0.8724 acc=67.56 val_acc=nan data_t=0.0014s batch_t=0.0343s epoch_t=00:00.71 lr=0.000184 | GPU MB alloc/reserved=69.9/856.0
2026-04-07 12:50:15 | INFO | [Round 20] Epoch 58/80 time=00:00.71 avg=00:00.63 ETA=00:13.76 | GPU MB alloc/reserved=69.9/856.0
2026-04-07 12:50:15 | INFO | [Round 20] epoch=59/80 loss=0.8498 acc=68.28 val_acc=nan data_t=0.0013s batch_t=0.0343s epoch_t=00:00.71 lr=0.000169 | GPU MB alloc/reserved=69.9/856.0
2026-04-07 12:50:15 | INFO | [Round 20] Epoch 59/80 time=00:00.71 avg=00:00.63 ETA=00:13.16 | GPU MB alloc/reserved=69.9/856.0
2026-04-07 12:50:16 | INFO | [Round 20] epoch=60/80 loss=0.8526 acc=67.68 val_acc=nan data_t=0.0014s batch_t=0.0103s epoch_t=00:00.23 lr=0.000155 | GPU MB alloc/reserved=69.9/856.0
2026-04-07 12:50:16 | INFO | [Round 20] Epoch 60/80 time=00:00.23 avg=00:00.62 ETA=00:12.41 | GPU MB alloc/reserved=69.9/856.0
2026-04-07 12:50:16 | INFO | [Round 20] epoch=61/80 loss=0.8439 acc=67.52 val_acc=nan data_t=0.0017s batch_t=0.0342s epoch_t=00:00.72 lr=0.000142 | GPU MB alloc/reserved=69.9/856.0
2026-04-07 12:50:16 | INFO | [Round 20] Epoch 61/80 time=00:00.72 avg=00:00.62 ETA=00:11.82 | GPU MB alloc/reserved=69.9/856.0
2026-04-07 12:50:17 | INFO | [Round 20] epoch=62/80 loss=0.8242 acc=68.80 val_acc=nan data_t=0.0015s batch_t=0.0343s epoch_t=00:00.72 lr=0.000129 | GPU MB alloc/reserved=69.9/856.0
2026-04-07 12:50:17 | INFO | [Round 20] Epoch 62/80 time=00:00.72 avg=00:00.62 ETA=00:11.22 | GPU MB alloc/reserved=69.9/856.0
2026-04-07 12:50:18 | INFO | [Round 20] epoch=63/80 loss=0.8227 acc=69.24 val_acc=nan data_t=0.0014s batch_t=0.0342s epoch_t=00:00.71 lr=0.000116 | GPU MB alloc/reserved=69.9/856.0
2026-04-07 12:50:18 | INFO | [Round 20] Epoch 63/80 time=00:00.71 avg=00:00.62 ETA=00:10.62 | GPU MB alloc/reserved=69.9/856.0
2026-04-07 12:50:18 | INFO | [Round 20] epoch=64/80 loss=0.8207 acc=69.64 val_acc=nan data_t=0.0014s batch_t=0.0130s epoch_t=00:00.29 lr=0.000105 | GPU MB alloc/reserved=69.9/856.0
2026-04-07 12:50:18 | INFO | [Round 20] Epoch 64/80 time=00:00.29 avg=00:00.62 ETA=00:09.91 | GPU MB alloc/reserved=69.9/856.0
2026-04-07 12:50:19 | INFO | [Round 20] epoch=65/80 loss=0.8250 acc=68.60 val_acc=nan data_t=0.0019s batch_t=0.0341s epoch_t=00:00.72 lr=0.000093 | GPU MB alloc/reserved=69.9/856.0
2026-04-07 12:50:19 | INFO | [Round 20] Epoch 65/80 time=00:00.72 avg=00:00.62 ETA=00:09.32 | GPU MB alloc/reserved=69.9/856.0
2026-04-07 12:50:20 | INFO | [Round 20] epoch=66/80 loss=0.8256 acc=68.48 val_acc=nan data_t=0.0018s batch_t=0.0343s epoch_t=00:00.72 lr=0.000083 | GPU MB alloc/reserved=69.9/856.0
2026-04-07 12:50:20 | INFO | [Round 20] Epoch 66/80 time=00:00.72 avg=00:00.62 ETA=00:08.72 | GPU MB alloc/reserved=69.9/856.0
2026-04-07 12:50:20 | INFO | [Round 20] epoch=67/80 loss=0.7963 acc=69.12 val_acc=nan data_t=0.0015s batch_t=0.0342s epoch_t=00:00.72 lr=0.000073 | GPU MB alloc/reserved=69.9/856.0
2026-04-07 12:50:20 | INFO | [Round 20] Epoch 67/80 time=00:00.72 avg=00:00.62 ETA=00:08.11 | GPU MB alloc/reserved=69.9/856.0
2026-04-07 12:50:21 | INFO | [Round 20] epoch=68/80 loss=0.8161 acc=70.08 val_acc=nan data_t=0.0016s batch_t=0.0138s epoch_t=00:00.31 lr=0.000064 | GPU MB alloc/reserved=69.9/856.0
2026-04-07 12:50:21 | INFO | [Round 20] Epoch 68/80 time=00:00.31 avg=00:00.62 ETA=00:07.43 | GPU MB alloc/reserved=69.9/856.0
2026-04-07 12:50:21 | INFO | [Round 20] epoch=69/80 loss=0.8079 acc=71.08 val_acc=nan data_t=0.0022s batch_t=0.0341s epoch_t=00:00.73 lr=0.000055 | GPU MB alloc/reserved=69.9/856.0
2026-04-07 12:50:21 | INFO | [Round 20] Epoch 69/80 time=00:00.73 avg=00:00.62 ETA=00:06.83 | GPU MB alloc/reserved=69.9/856.0
2026-04-07 12:50:22 | INFO | [Round 20] epoch=70/80 loss=0.8009 acc=69.72 val_acc=nan data_t=0.0014s batch_t=0.0344s epoch_t=00:00.72 lr=0.000048 | GPU MB alloc/reserved=69.9/856.0
2026-04-07 12:50:22 | INFO | [Round 20] Epoch 70/80 time=00:00.72 avg=00:00.62 ETA=00:06.22 | GPU MB alloc/reserved=69.9/856.0
2026-04-07 12:50:23 | INFO | [Round 20] epoch=71/80 loss=0.8032 acc=70.08 val_acc=nan data_t=0.0015s batch_t=0.0343s epoch_t=00:00.72 lr=0.000041 | GPU MB alloc/reserved=69.9/856.0
2026-04-07 12:50:23 | INFO | [Round 20] Epoch 71/80 time=00:00.72 avg=00:00.62 ETA=00:05.61 | GPU MB alloc/reserved=69.9/856.0
2026-04-07 12:50:23 | INFO | [Round 20] epoch=72/80 loss=0.8148 acc=70.00 val_acc=nan data_t=0.0016s batch_t=0.0141s epoch_t=00:00.31 lr=0.000034 | GPU MB alloc/reserved=69.9/856.0
2026-04-07 12:50:23 | INFO | [Round 20] Epoch 72/80 time=00:00.31 avg=00:00.62 ETA=00:04.95 | GPU MB alloc/reserved=69.9/856.0
2026-04-07 12:50:24 | INFO | [Round 20] epoch=73/80 loss=0.7821 acc=71.60 val_acc=nan data_t=0.0020s batch_t=0.0341s epoch_t=00:00.72 lr=0.000029 | GPU MB alloc/reserved=69.9/856.0
2026-04-07 12:50:24 | INFO | [Round 20] Epoch 73/80 time=00:00.72 avg=00:00.62 ETA=00:04.35 | GPU MB alloc/reserved=69.9/856.0
2026-04-07 12:50:25 | INFO | [Round 20] epoch=74/80 loss=0.8003 acc=69.52 val_acc=nan data_t=0.0029s batch_t=0.0342s epoch_t=00:00.74 lr=0.000024 | GPU MB alloc/reserved=69.9/856.0
2026-04-07 12:50:25 | INFO | [Round 20] Epoch 74/80 time=00:00.74 avg=00:00.62 ETA=00:03.73 | GPU MB alloc/reserved=69.9/856.0
2026-04-07 12:50:25 | INFO | [Round 20] epoch=75/80 loss=0.7757 acc=71.04 val_acc=nan data_t=0.0020s batch_t=0.0343s epoch_t=00:00.73 lr=0.000020 | GPU MB alloc/reserved=69.9/856.0
2026-04-07 12:50:25 | INFO | [Round 20] Epoch 75/80 time=00:00.73 avg=00:00.62 ETA=00:03.12 | GPU MB alloc/reserved=69.9/856.0
2026-04-07 12:50:26 | INFO | [Round 20] epoch=76/80 loss=0.7760 acc=70.76 val_acc=nan data_t=0.0014s batch_t=0.0129s epoch_t=00:00.29 lr=0.000016 | GPU MB alloc/reserved=69.9/856.0
2026-04-07 12:50:26 | INFO | [Round 20] Epoch 76/80 time=00:00.29 avg=00:00.62 ETA=00:02.48 | GPU MB alloc/reserved=69.9/856.0
2026-04-07 12:50:26 | INFO | [Round 20] epoch=77/80 loss=0.8022 acc=70.80 val_acc=nan data_t=0.0018s batch_t=0.0343s epoch_t=00:00.72 lr=0.000013 | GPU MB alloc/reserved=69.9/856.0
2026-04-07 12:50:26 | INFO | [Round 20] Epoch 77/80 time=00:00.72 avg=00:00.62 ETA=00:01.86 | GPU MB alloc/reserved=69.9/856.0
2026-04-07 12:50:27 | INFO | [Round 20] epoch=78/80 loss=0.7556 acc=72.40 val_acc=nan data_t=0.0020s batch_t=0.0342s epoch_t=00:00.72 lr=0.000012 | GPU MB alloc/reserved=69.9/856.0
2026-04-07 12:50:27 | INFO | [Round 20] Epoch 78/80 time=00:00.72 avg=00:00.62 ETA=00:01.24 | GPU MB alloc/reserved=69.9/856.0
2026-04-07 12:50:28 | INFO | [Round 20] epoch=79/80 loss=0.7828 acc=71.08 val_acc=nan data_t=0.0024s batch_t=0.0342s epoch_t=00:00.73 lr=0.000010 | GPU MB alloc/reserved=69.9/856.0
2026-04-07 12:50:28 | INFO | [Round 20] Epoch 79/80 time=00:00.73 avg=00:00.62 ETA=00:00.62 | GPU MB alloc/reserved=69.9/856.0
2026-04-07 12:50:28 | INFO | [Round 20] epoch=80/80 loss=0.7606 acc=71.68 val_acc=nan data_t=0.0016s batch_t=0.0115s epoch_t=00:00.26 lr=0.000010 | GPU MB alloc/reserved=69.9/856.0
2026-04-07 12:50:28 | INFO | [Round 20] Epoch 80/80 time=00:00.26 avg=00:00.62 ETA=00:00.00 | GPU MB alloc/reserved=69.9/856.0
2026-04-07 12:50:28 | INFO | [Round 20] training complete in 00:49.63 (best monitor=72.400) | GPU MB alloc/reserved=69.9/856.0
2026-04-07 12:50:28 | INFO | [Round 20] evaluation started | GPU MB alloc/reserved=52.0/856.0
2026-04-07 12:50:31 | INFO | [Round 20] clean=62.01 fgsm=51.93 pgd=51.67 grad_disp_mean=nan grad_disp_sel=nan round_t=53.99s | GPU MB alloc/reserved=52.0/856.0
2026-04-07 12:50:31 | INFO | [Round 21/21] elapsed=00:53.99 avg_round=00:36.31 projected_remaining=00:00.00 | GPU MB alloc/reserved=52.0/856.0
2026-04-07 12:50:32 | INFO | Method coreset finished in 780.85s | GPU MB alloc/reserved=34.1/856.0
