avg_batch_time_sec,avg_data_time_sec,epoch,epoch_time_sec,lr,round,train_acc,train_loss,val_acc
0.27412010956322774,0.046656212711241096,1,1.283419594867155,0.000999618372939158,0,2.9999999940395354,4.803691356658936,-1.0
0.0947764664888382,0.008355484751518816,2,0.41283003403805196,0.0009984740801978985,0,5.199999994039535,4.280135776519775,-1.0
0.1051612805458717,0.006288684206083417,3,0.44605826400220394,0.0009965688861926887,0,10.399999952316284,3.962094367980957,-1.0
0.10416877473471686,0.006477760500274599,4,0.44282598700374365,0.0009939057285945933,0,14.600000035762786,3.700927505493164,-1.0
0.10357413679594174,0.010036054474767298,5,0.45467255008406937,0.0009904887137995992,0,14.799999904632568,3.4775585861206055,-1.0
0.09890053438721225,0.01283471385249868,6,0.447195190936327,0.00098632311059685,0,21.199999964237215,3.2676000728607177,-1.0
0.10338271094951779,0.007279234589077532,7,0.44294258183799684,0.0009814153420445555,0,22.6,3.0350519790649413,-1.0
0.10230755229713395,0.009951649466529489,8,0.44932099990546703,0.0009757729755661012,0,28.6,2.832933961868286,-1.0
0.10122191096888855,0.012758598488289863,9,0.4562119198963046,0.0009694047112816298,0,31.40000021457672,2.638577983856201,-1.0
0.05334307282464579,0.012773708440363407,10,0.2647571270354092,0.0009623203685930871,0,33.19999997615814,2.514231210708618,-1.0
0.06772848794935271,0.006337965547572821,11,0.2964997119270265,0.0009545308710434153,0,36.99999966621399,2.431121208190918,-1.0
0.06792126753134653,0.006123781728092581,12,0.29645942291244864,0.0009460482294732422,0,37.19999990463257,2.284160539627075,-1.0
0.06416799948783591,0.012814804736990482,13,0.3082108530215919,0.0009368855235010348,0,43.19999990463257,2.04521594619751,-1.0
0.04845435329480097,0.013529592950362712,14,0.24820396397262812,0.0009270568813552758,0,48.59999983310699,1.9512192687988281,-1.0
0.032798706204630435,0.009471082536038011,15,0.1693023971747607,0.0009165774580897602,0,57.39999947547913,1.7061428127288818,-1.0
0.07036382844671607,0.00891879852861166,16,0.31736575812101364,0.0009054634122155992,0,57.60000042915344,1.6430222444534301,-1.0
0.08948658546432853,0.012295981054194272,17,0.40741494996473193,0.0008937318807859689,0,61.399999904632566,1.4522392177581787,-1.0
0.10196003544842824,0.006494798813946545,18,0.434139602817595,0.0008814009529720156,0,66.80000004768371,1.369357744216919,-1.0
0.09552025230368599,0.010792359942570329,19,0.42553426092490554,0.0008684896421706646,0,70.60000004768372,1.1939639348983764,-1.0
0.09523832320701331,0.013915093790274113,20,0.4369083058554679,0.0008550178566873412,0,73.00000028610229,1.0420319776535034,-1.0
0.0880735440296121,0.014603229763451964,21,0.41101639391854405,0.0008410063690388064,0,76.60000023841857,0.9527060432434082,-1.0
0.09772989724297076,0.005921621457673609,22,0.41493870015256107,0.0008264767839234412,0,83.80000014305115,0.8085105013847351,-1.0
0.10084960225503892,0.014107558235991746,23,0.46012802701443434,0.000811451504908368,0,79.79999980926513,0.7951931161880493,-1.0
0.10187228687573224,0.009412252868060023,24,0.44542504590936005,0.0007959536998847743,0,83.79999947547913,0.7171294536590577,-1.0
0.09743690304458141,0.00934620969928801,25,0.4274147008545697,0.0007800072653447032,0,87.40000014305114,0.6524351754188538,-1.0
0.0955957739497535,0.0075865930411964655,26,0.4130215218756348,0.0007636367895343947,0,87.79999966621399,0.5690943279266357,-1.0
0.10044104477856308,0.005917040223721415,27,0.42573129502125084,0.0007468675145409928,0,91.8000005722046,0.48713614892959595,-1.0
0.09811212751083076,0.013900007237680256,28,0.4483368778601289,0.0007297252973710758,0,89.79999966621399,0.4529135637283325,-1.0
0.09697686927393079,0.010207385465037078,29,0.42903707595542073,0.0007122365700810271,0,93.59999942779541,0.3779007863998413,-1.0
0.10248514200793579,0.01076889323303476,30,0.4533170689828694,0.0006944282990207196,0,94.79999985694886,0.31819327020645144,-1.0
0.09682515228632838,0.006853432976640761,31,0.4150243119802326,0.0006763279432533592,0,95.00000052452087,0.3106252057552338,-1.0
0.0962193317245692,0.009852843533735722,32,0.4245895389467478,0.0006579634122155992,0,94.60000004768372,0.2924609751701355,-1.0
0.096604548569303,0.014904524432495236,33,0.4463384309783578,0.000639363022683212,0,95.99999961853027,0.24436933708190917,-1.0
0.10025219625094905,0.009472397505305707,34,0.43917511706240475,0.0006205554551086735,0,95.99999985694885,0.23951055788993836,-1.0
0.056283599173184484,0.009608823049347848,35,0.26384326606057584,0.0006015697093979838,0,97.59999933242798,0.18775496244430542,-1.0
0.06271708250278607,0.00876188650727272,36,0.2865381899755448,0.0005824350601949146,0,97.00000023841858,0.18018420135974883,-1.0
0.06055593799101189,0.0124993352801539,37,0.2924992060288787,0.0005631810117416299,0,98.60000023841857,0.16368622314929962,-1.0
0.05042725120438263,0.009439366753213108,38,0.23974441597238183,0.0005438372523852835,0,97.59999980926514,0.1531884036064148,-1.0
0.053357317694462836,0.01252127776388079,39,0.26379764289595187,0.0005244336088007391,0,96.99999957084655,0.13587370765209197,-1.0
0.049630620284006,0.00888075795955956,40,0.234329205006361,0.0005050000000000001,0,97.59999980926514,0.1332464883327484,-1.0
0.05816001328639686,0.013150643731933087,41,0.2854833761230111,0.0004855663911992613,0,97.99999933242798,0.13978893387317656,-1.0
0.06366810575127602,0.009325462277047336,42,0.29219740396365523,0.00046616274761471693,0,98.60000047683715,0.12342458355426789,-1.0
0.057738724979572,0.006509644270408899,43,0.2572224179748446,0.00044681898825837057,0,98.79999957084655,0.10347030425071717,-1.0
0.05539780581602827,0.006025511946063489,44,0.24593529989942908,0.000427564939805086,0,99.00000023841858,0.09632156616449356,-1.0
0.05405654100468382,0.007516894780565053,45,0.24652674002572894,0.00040843029060201667,0,98.8,0.0877218234539032,-1.0
0.05025912850396708,0.009528481750749052,46,0.23942708293907344,0.000389444544891327,0,99.40000023841858,0.07551549398899078,-1.0
0.05659705278230831,0.012375651742331684,47,0.2761729769408703,0.0003706369773167883,0,98.60000023841857,0.0868625389933586,-1.0
0.06153216800885275,0.013738378242123872,48,0.3013653471134603,0.0003520365877844012,0,99.20000047683716,0.06397504395246506,-1.0
0.060880480799824,0.013270016701426357,49,0.2968841299880296,0.0003336720567466412,0,99.8,0.05805166232585907,-1.0
0.052416580729186535,0.010054389538709074,50,0.25018237507902086,0.0003155717009792807,0,99.8,0.04561852911114693,-1.0
0.058025345439091325,0.012740914768073708,51,0.2833822329994291,0.00029776342991897335,0,99.6,0.06914133247733116,-1.0
0.053678044700063765,0.012739267549477518,52,0.2659417937975377,0.00028027470262892445,0,99.8,0.03517252951860428,-1.0
0.055523267306853086,0.009592396672815084,53,0.2607367029413581,0.0002631324854590073,0,99.8,0.04258235666155815,-1.0
0.053738773276563734,0.006226665980648249,54,0.24013332114554942,0.0002463632104656054,0,99.60000047683715,0.04256380796432495,-1.0
0.06260695104720071,0.006593754456844181,55,0.2770323930308223,0.0002299927346552969,0,99.8,0.03902080166339874,-1.0
0.06661783653544262,0.010469339205883443,56,0.30859842291101813,0.00021404630011522587,0,100.0,0.028199721053242685,-1.0
0.04813797050155699,0.006101750710513443,57,0.21718065394088626,0.00019854849509163232,0,99.20000023841858,0.04240800192952156,-1.0
0.05560285149840638,0.012357419996988028,58,0.2720659710466862,0.00018352321607655918,0,99.8,0.03452548286318779,-1.0
0.06286735646426678,0.00628061406314373,59,0.27682267501950264,0.00016899363096119395,0,100.0,0.027626298308372498,-1.0
0.08173190773231909,0.012718935031443834,60,0.378081674920395,0.000154982143312659,0,100.0,0.02703007110953331,-1.0
0.0845457439427264,0.012896501750219613,61,0.3899917150847614,0.0001415103578293356,0,100.0,0.023969563901424407,-1.0
0.08206467854324728,0.013454086205456406,62,0.3823524019680917,0.0001285990470279847,0,100.0,0.023986369982361793,-1.0
0.08521936903707683,0.009002196951769292,63,0.37718216492794454,0.0001162681192140312,0,100.0,0.023281864032149314,-1.0
0.08240559208206832,0.012936964631080627,64,0.3816950300242752,0.00010453658778440107,0,100.0,0.020823475509881974,-1.0
0.084721160819754,0.013087463972624391,65,0.3915219272021204,9.342254191024022e-05,0,100.0,0.022995459273457527,-1.0
0.08720403752522543,0.009471357974689454,66,0.38693380798213184,8.294311864472437e-05,0,100.0,0.022058769300580025,-1.0
0.08562411030288786,0.0060156649560667574,67,0.3667862799484283,7.311447649896551e-05,0,100.0,0.0202028179615736,-1.0
0.08615026576444507,0.01130390603793785,68,0.39006088906899095,6.395177052675794e-05,0,100.0,0.02152526956796646,-1.0
0.08873092051362619,0.00792296975851059,69,0.3868642100133002,5.546912895658472e-05,0,100.0,0.019846536695957182,-1.0
0.08445465727709234,0.007101640454493463,70,0.3664730079472065,4.767963140691306e-05,0,100.0,0.019837316125631332,-1.0
0.08416966121876612,0.006403717794455588,71,0.36252918699756265,4.059528871837034e-05,0,100.0,0.020009613379836082,-1.0
0.08912266953848302,0.012290443468373269,72,0.4059137599542737,3.4227024433899e-05,0,100.0,0.020137406811118128,-1.0
0.08821821643505245,0.012255208799615502,73,0.40214840904809535,2.8584657955444653e-05,0,100.0,0.01770520693063736,-1.0
0.08535520400619134,0.01270118250977248,74,0.392498912056908,2.367688940315011e-05,0,99.8,0.024170251935720442,-1.0
0.08805770875187591,0.006821043498348445,75,0.3798510399647057,1.951128620040094e-05,0,100.0,0.018567148253321647,-1.0
0.08480434567900375,0.009494329569861293,76,0.3774552878458053,1.6094271405406862e-05,0,100.0,0.021352115228772162,-1.0
0.0840328962658532,0.012661786284297705,77,0.38702568714506924,1.3431113807311488e-05,0,100.0,0.018697110697627067,-1.0
0.08486363402334973,0.006479693460278213,78,0.3656142479740083,1.1525919802101659e-05,0,100.0,0.01984807315468788,-1.0
0.08914928272133693,0.006425550032872707,79,0.38255850598216057,1.0381627060842164e-05,0,100.0,0.019945546329021454,-1.0
0.08608703524805605,0.00643520726589486,80,0.3703791608568281,1e-05,0,100.0,0.01948613053560257,-1.0
0.09733455581590533,0.033931673783808944,1,0.6566094518639147,0.000999618372939158,1,2.000000004967054,4.808385009765625,-1.0
0.06095904763787985,0.006441654963418841,2,0.3373171000275761,0.0009984740801978985,1,5.000000024835269,4.34443603515625,-1.0
0.07488297242671252,0.004975966364145279,3,0.3995696329511702,0.0009965688861926887,1,9.666666646798452,4.04629976272583,-1.0
0.0908614450134337,0.005049662198871374,4,0.47979227802716196,0.0009939057285945933,1,12.16666672627131,3.8018505986531577,-1.0
0.0958956852555275,0.007690222375094891,5,0.5181891948450357,0.0009904887137995992,1,14.499999980131784,3.5664771588643394,-1.0
0.09520670659840107,0.010343317640945315,6,0.527989667840302,0.00098632311059685,1,17.166666726271313,3.3255283705393475,-1.0
0.09455272485502064,0.005263961153104901,7,0.49932984611950815,0.0009814153420445555,1,19.833333383003872,3.1364711570739745,-1.0
0.08588440720923245,0.010297427559271455,8,0.48115512006916106,0.0009757729755661012,1,25.666666865348816,2.9053278255462645,-1.0
0.09574125842191279,0.011622240394353866,9,0.5370628689415753,0.0009694047112816298,1,26.500000019868214,2.76002415339152,-1.0
0.09523991686291992,0.004912033537402749,10,0.5010135599877685,0.0009623203685930871,1,26.833333412806194,2.6497734610239663,-1.0
0.09455971042625606,0.012698112986981869,11,0.5365368640050292,0.0009545308710434153,1,32.50000015894572,2.459505729675293,-1.0
0.09615244995802641,0.005527234822511673,12,0.5086687160655856,0.0009460482294732422,1,40.33333349227905,2.2294408321380614,-1.0
0.09825341440737248,0.00797027200460434,13,0.5313654087949544,0.0009368855235010348,1,41.50000003973643,2.1853937180836995,-1.0
0.09613081314601005,0.010171073628589511,14,0.5317651638761163,0.0009270568813552758,1,45.666666746139526,1.9709477519989014,-1.0
0.09436307386495173,0.009736519772559404,15,0.5207542900461704,0.0009165774580897602,1,50.50000015894572,1.8363242117563883,-1.0
0.09487491771578789,0.008573918091133236,16,0.5174815419595689,0.0009054634122155992,1,56.33333353201548,1.67542573928833,-1.0
0.09811735306866468,0.006020116526633501,17,0.5209525329992175,0.0008937318807859689,1,61.33333373069763,1.5272495762507121,-1.0
0.097938791802153,0.01077517499215901,18,0.5438298310618848,0.0008814009529720156,1,61.99999992052714,1.4355726051330566,-1.0
0.06934374812990426,0.008653836650773883,19,0.3902207310311496,0.0008684896421706646,1,66.16666706403096,1.2976040108998617,-1.0
0.05816278904676438,0.008232434140518307,20,0.3322107649873942,0.0008550178566873412,1,70.83333365122478,1.1462467130025227,-1.0
0.05709861419163644,0.010076467832550406,21,0.33610458206385374,0.0008410063690388064,1,75.1666665871938,0.9981824509302775,-1.0
0.060427814023569226,0.00799588798545301,22,0.34234342514537275,0.0008264767839234412,1,74.83333349227905,0.9753973627090454,-1.0
0.09654546556994319,0.009427858609706163,23,0.5301121161319315,0.000811451504908368,1,77.1666669845581,0.875401009718577,-1.0
0.09061924340203405,0.00671372301876545,24,0.486904056975618,0.0007959536998847743,1,77.83333357175191,0.8610716915130615,-1.0
0.08741616220213473,0.011119729792699217,25,0.492917976109311,0.0007800072653447032,1,84.66666738192241,0.729436145623525,-1.0
0.09993613860569894,0.009339232975617052,26,0.5466314670629799,0.0007636367895343947,1,86.16666746139526,0.6133510549863179,-1.0
0.10754868919029832,0.01237261020578444,27,0.5998459628317505,0.0007468675145409928,1,87.33333404858907,0.556123046875,-1.0
0.10775168617255985,0.005615166388452053,28,0.5670891429763287,0.0007297252973710758,1,90.33333388964336,0.5208987085024516,-1.0
0.07289669178426265,0.007274573808535934,29,0.40109132789075375,0.0007122365700810271,1,91.50000071525574,0.3997725423177083,-1.0
0.05465135877020657,0.010036508413031697,30,0.3236709509510547,0.0006944282990207196,1,94.5000003973643,0.3505507711569468,-1.0
0.07127749165520073,0.008027081144973636,31,0.3967527658678591,0.0006763279432533592,1,93.50000071525574,0.34335274577140806,-1.0
0.07159895882941783,0.0050754495430737736,32,0.38359753717668355,0.0006579634122155992,1,95.16666690508525,0.265735688606898,-1.0
0.07021483755670488,0.004848349653184414,33,0.3755362341180444,0.000639363022683212,1,96.6666669845581,0.2300153664747874,-1.0
0.08213133784011006,0.005715638166293502,34,0.4394750881474465,0.0006205554551086735,1,97.33333396911621,0.21269732236862182,-1.0
0.08930006297305226,0.0077795227989554405,35,0.4856370647903532,0.0006015697093979838,1,97.33333365122478,0.19842745741208395,-1.0
0.10050059617497027,0.006312774820253253,36,0.5343533409759402,0.0005824350601949146,1,97.00000063578288,0.1942849044005076,-1.0
0.09506033677607775,0.009950158605352043,37,0.5253491788171232,0.0005631810117416299,1,97.66666666666667,0.15154692033926645,-1.0
0.0939696844201535,0.005261985212564468,38,0.49645892600528896,0.0005438372523852835,1,98.00000047683716,0.1554797104994456,-1.0
0.09509907397441567,0.010275234049186111,39,0.5272409901954234,0.0005244336088007391,1,98.33333365122478,0.13489618241786958,-1.0
0.08892539241351187,0.005415655998513102,40,0.4720150239299983,0.0005050000000000001,1,99.33333333333333,0.10991599291563034,-1.0
0.05513100177049637,0.011327450443059207,41,0.3325300947763026,0.0004855663911992613,1,98.16666666666667,0.11831170688072841,-1.0
0.05041983583942056,0.004805852985009551,42,0.27636009897105396,0.00046616274761471693,1,98.66666730244954,0.09577324767907461,-1.0
0.055164482165127995,0.009448879212141038,43,0.3233105191029608,0.00044681898825837057,1,98.83333396911621,0.10465008954207103,-1.0
0.08370856805704534,0.010964171960949898,44,0.47360061202198267,0.000427564939805086,1,99.66666666666667,0.08815876841545105,-1.0
0.10102519425563514,0.005318952351808548,45,0.5319573539309204,0.00040843029060201667,1,99.16666666666667,0.0964440432190895,-1.0
0.09713572775945067,0.01099548302590847,46,0.5409226699266583,0.000389444544891327,1,99.33333333333333,0.08258096784353257,-1.0
0.09696689113043248,0.007998137036338449,47,0.5250840461812913,0.0003706369773167883,1,99.00000015894572,0.08341928094625473,-1.0
0.09644012413918972,0.007802197244018316,48,0.5214576029684395,0.0003520365877844012,1,99.66666682561238,0.06059134085973104,-1.0
0.09778343373909593,0.010386602859944105,49,0.5410914118401706,0.0003336720567466412,1,100.0,0.047938066472609835,-1.0
0.08723650500178337,0.01072081201709807,50,0.4900398920290172,0.0003155717009792807,1,99.33333349227905,0.05842736552158991,-1.0
0.05040521360933781,0.010534420795738696,51,0.3049237569794059,0.00029776342991897335,1,99.83333333333333,0.05109301596879959,-1.0
0.06291552479378879,0.00884149419143796,52,0.3590390831232071,0.00028027470262892445,1,100.0,0.03994852726658185,-1.0
0.0661190674174577,0.004942774958908558,53,0.3556686269585043,0.0002631324854590073,1,99.33333349227905,0.05211425801118215,-1.0
0.05802177176810801,0.0047762968577444555,54,0.3143520609010011,0.0002463632104656054,1,99.33333349227905,0.040715505927801134,-1.0
0.059227918600663544,0.004804907599464059,55,0.32044834387488663,0.0002299927346552969,1,99.66666666666667,0.0400182277460893,-1.0
0.0674617463722825,0.01048055118881166,56,0.39000502484850585,0.00021404630011522587,1,100.0,0.03520558342337608,-1.0
0.08344900221563875,0.010096659790724516,57,0.4680460130330175,0.00019854849509163232,1,99.33333333333333,0.04513233040769895,-1.0
0.0905150287784636,0.008007990010082722,58,0.4929249749984592,0.00018352321607655918,1,100.0,0.024358257527152698,-1.0
0.08382748658768832,0.005620000418275595,59,0.4475260740146041,0.00016899363096119395,1,99.83333349227905,0.030541355113188427,-1.0
0.08045904873870313,0.006378531269729137,60,0.4344378621317446,0.000154982143312659,1,99.83333333333333,0.03274725218613943,-1.0
0.08071843516081571,0.008116401033475995,61,0.44441813393495977,0.0001415103578293356,1,100.0,0.02350608952343464,-1.0
0.08404922178015113,0.006165983201935887,62,0.4513165329117328,0.0001285990470279847,1,100.0,0.0251092462738355,-1.0
0.08210412161424756,0.0075524701736867424,63,0.4485193907748908,0.0001162681192140312,1,100.0,0.023510990937550862,-1.0
0.0868861261755228,0.012255565263330936,64,0.49595630588009953,0.00010453658778440107,1,99.83333333333333,0.026389269133408864,-1.0
0.07552995416335762,0.007904336042702197,65,0.4174181579146534,9.342254191024022e-05,1,100.0,0.025089885915319125,-1.0
0.08283373937010766,0.010138490609824658,66,0.46510903909802437,8.294311864472437e-05,1,99.33333396911621,0.03528131683667501,-1.0
0.08276146752759814,0.01042183069512248,67,0.4661615351215005,7.311447649896551e-05,1,100.0,0.02155409929653009,-1.0
0.08098062700591982,0.010015763761475682,68,0.45522290212102234,6.395177052675794e-05,1,99.83333333333333,0.03064663879573345,-1.0
0.08070339816622436,0.011056030401960015,69,0.4590365788899362,5.546912895658472e-05,1,99.66666682561238,0.03143431201577187,-1.0
0.08487947518005967,0.007757818419486284,70,0.4634249231312424,4.767963140691306e-05,1,100.0,0.024686236505707105,-1.0
0.08380036405287683,0.012423555366694927,71,0.481364221079275,4.059528871837034e-05,1,99.83333333333333,0.021634304821491243,-1.0
0.07712961775250733,0.007471464248374105,72,0.423256604000926,3.4227024433899e-05,1,100.0,0.022095913961529733,-1.0
0.08272087927907705,0.008108143135905266,73,0.45440469891764224,2.8584657955444653e-05,1,100.0,0.023066604857643447,-1.0
0.08170114941895008,0.009314857376739382,74,0.4553452900145203,2.367688940315011e-05,1,100.0,0.02054603618880113,-1.0
0.08378000804223121,0.0106073887553066,75,0.4722269659396261,1.951128620040094e-05,1,100.0,0.019889613911509514,-1.0
0.08442595917731524,0.008244404615834356,76,0.463762269821018,1.6094271405406862e-05,1,100.0,0.01907228894531727,-1.0
0.08719468456692994,0.006097001023590565,77,0.4667125470004976,1.3431113807311488e-05,1,100.0,0.02168256084124247,-1.0
0.08384770378470421,0.006739078601822257,78,0.45317315799184144,1.1525919802101659e-05,1,100.0,0.019957878986994426,-1.0
0.08005191427655518,0.005214848322793841,79,0.42659805715084076,1.0381627060842164e-05,1,100.0,0.0227006234228611,-1.0
0.07798589779995382,0.006121908221393824,80,0.42082986305467784,1e-05,1,100.0,0.01906814215083917,-1.0
0.09555259346961975,0.03802165536520382,1,0.8018578169867396,0.000999618372939158,2,1.571428578879152,4.85470146724156,-1.0
0.08538994068900745,0.007531874657919009,2,0.5578061118721962,0.0009984740801978985,2,5.142857181174414,4.384235907963344,-1.0
0.0831482766661793,0.004224068524005513,3,0.5244966610334814,0.0009965688861926887,2,9.571428631033216,4.063928572790963,-1.0
0.08365593819568555,0.00864110712427646,4,0.5540205470751971,0.0009939057285945933,2,11.714285782405309,3.809485915047782,-1.0
0.0818883494939655,0.008826586689489583,5,0.5445334389805794,0.0009904887137995992,2,13.714285782405309,3.6247669669560025,-1.0
0.08421554878198852,0.004431971232406795,6,0.5321512559894472,0.00098632311059685,2,18.000000051089696,3.4020819977351597,-1.0
0.08529321267269552,0.007267121186790367,7,0.5556561010889709,0.0009814153420445555,2,17.71428577389036,3.294018253598894,-1.0
0.0852393787742282,0.010690562892705202,8,0.5758626309689134,0.0009757729755661012,2,22.71428575686046,3.0915954671587262,-1.0
0.08390744333155453,0.010362367805403968,9,0.5658542681485415,0.0009694047112816298,2,24.714285850524902,2.9613779163360596,-1.0
0.0844902282115072,0.005350029445253313,10,0.5392658200580627,0.0009623203685930871,2,28.285714507102966,2.7882776764460973,-1.0
0.0784351349575445,0.008510735390397409,11,0.5219082590192556,0.0009545308710434153,2,31.000000102179392,2.63273973601205,-1.0
0.0799736453530689,0.007151225348934531,12,0.5229941990692168,0.0009460482294732422,2,33.285714507102966,2.530494203567505,-1.0
0.08117642436021318,0.0051243836448217435,13,0.5180431827902794,0.0009368855235010348,2,35.57142869063786,2.3846884223393032,-1.0
0.08221104814826201,0.007132696181846161,14,0.5363008310087025,0.0009270568813552758,2,40.28571443898337,2.2282374886104037,-1.0
0.08069529097216825,0.0063617536798119545,15,0.5225794210564345,0.0009165774580897602,2,44.714285952704294,2.053790932382856,-1.0
0.08416452666278929,0.006182214982497196,16,0.5423289800528437,0.0009054634122155992,2,47.85714292526245,1.9261425822121756,-1.0
0.08465171931311488,0.00420418765861541,17,0.5333791540469974,0.0008937318807859689,2,51.7142858505249,1.778155755996704,-1.0
0.07541044498793781,0.008206192326421538,18,0.5019332710653543,0.0008814009529720156,2,55.28571443898337,1.651809652873448,-1.0
0.08128149597905576,0.008624620153568685,19,0.5396664189174771,0.0008684896421706646,2,53.57142884390695,1.646646317073277,-1.0
0.0812293467267106,0.0045540032830710215,20,0.5149468369781971,0.0008550178566873412,2,57.57142857142857,1.4918932655879429,-1.0
0.06582144085162629,0.009337447971726457,21,0.4511879428755492,0.0008410063690388064,2,64.4285717351096,1.3409818152018955,-1.0
0.08961753776141752,0.005776146077550948,22,0.57259242516011,0.0008264767839234412,2,67.42857163293021,1.2826194313594272,-1.0
0.09422523233418663,0.008658010318564871,23,0.6175378509797156,0.000811451504908368,2,75.00000054495675,1.035902716091701,-1.0
0.09511604202756037,0.0063821829777831835,24,0.609234054107219,0.0007959536998847743,2,76.1428575515747,0.9439731550216675,-1.0
0.08770513864389311,0.006404855016929408,25,0.5648983069695532,0.0007800072653447032,2,79.28571476255145,0.8674596091679164,-1.0
0.09307889287204792,0.00921465246938169,26,0.614002742106095,0.0007636367895343947,2,83.57142894608634,0.7608946125847953,-1.0
0.06987895079267521,0.007465572523263593,27,0.46429335605353117,0.0007468675145409928,2,83.71428625924247,0.7127666929789952,-1.0
0.09500815789215267,0.0043061179264138145,28,0.5961650100070983,0.0007297252973710758,2,82.14285751751491,0.7168039192472185,-1.0
0.10361142902790259,0.007377471309155226,29,0.6661879909224808,0.0007122365700810271,2,86.28571449007306,0.6349406637464251,-1.0
0.1058696146743993,0.004352790807994704,30,0.6616226120386273,0.0006944282990207196,2,86.28571476255145,0.5882493802479335,-1.0
0.10527685998628537,0.003909335859740774,31,0.6554052729625255,0.0006763279432533592,2,89.85714329992022,0.5004161323819841,-1.0
0.09822895502050717,0.008661475808670124,32,0.6415900629945099,0.0006579634122155992,2,90.8571434361594,0.44212114572525024,-1.0
0.105145235817569,0.004312457516789436,33,0.6570098220836371,0.000639363022683212,2,92.71428625924247,0.38187351192746843,-1.0
0.1036557061985756,0.00810364579471449,34,0.6707942858338356,0.0006205554551086735,2,92.57142915044513,0.36190207072666714,-1.0
0.08421782120907058,0.008142864137577513,35,0.5544250400271267,0.0006015697093979838,2,96.42857197352818,0.27099097643579756,-1.0
0.06820792378857732,0.004836240705723564,36,0.4385895999148488,0.0005824350601949146,2,95.71428615706307,0.2757420756135668,-1.0
0.06708593883862098,0.00644920483076324,37,0.4414381901733577,0.0005631810117416299,2,95.28571493285042,0.246568842955998,-1.0
0.10384644630054633,0.004208603020136555,38,0.6485678700264543,0.0005438372523852835,2,96.28571483067104,0.2313337572983333,-1.0
0.10537646237450342,0.008881235456404587,39,0.6857855531852692,0.0005244336088007391,2,98.42857142857143,0.18365770374025617,-1.0
0.10501725366339087,0.008513763508138558,40,0.6814501360058784,0.0005050000000000001,2,98.28571483067104,0.17272868582180567,-1.0
0.10442750706958275,0.006308717575545113,41,0.6646485230885446,0.0004855663911992613,2,98.85714312962124,0.1321007786478315,-1.0
0.06810512661468238,0.009012871538288891,42,0.4629599640611559,0.00046616274761471693,2,99.00000064713615,0.14118827853884017,-1.0
0.05152826469081143,0.006365002986664574,43,0.3476371301803738,0.00044681898825837057,2,98.57142884390694,0.13142559673104967,-1.0
0.0335461045227324,0.004096428320432703,44,0.22612723102793097,0.000427564939805086,2,98.00000027247837,0.1260201222555978,-1.0
0.059834105389503144,0.0039647486216078205,45,0.3830621629022062,0.00040843029060201667,2,99.0,0.11538508687700544,-1.0
0.08289946654501061,0.008969785645604134,46,0.5514636929146945,0.000389444544891327,2,99.71428636142186,0.08115329908473151,-1.0
0.0902946381829679,0.008577508813080689,47,0.5934659091290087,0.0003706369773167883,2,99.42857142857143,0.0830742050920214,-1.0
0.09522443769189219,0.006416670318382482,48,0.6100737061351538,0.0003520365877844012,2,99.71428636142186,0.07443365275859833,-1.0
0.09848208469338715,0.006599597632884979,49,0.6307275970466435,0.0003336720567466412,2,99.857143504279,0.06615897855588368,-1.0
0.08044979154753189,0.009231128458244106,50,0.5383288019802421,0.0003155717009792807,2,99.85714285714286,0.05691056741135461,-1.0
0.057941175531595945,0.004237803320089976,51,0.37331546284258366,0.00029776342991897335,2,99.71428571428571,0.058558581514017924,-1.0
0.056775673486602805,0.005689312820322812,52,0.3750266700517386,0.00028027470262892445,2,99.85714285714286,0.05975528849022729,-1.0
0.05021048232447356,0.004082100000232458,53,0.3259858170058578,0.0002631324854590073,2,99.57142921856472,0.0534145359482084,-1.0
0.05542122099238137,0.0064287473214790225,54,0.37131718290038407,0.0002463632104656054,2,99.71428636142186,0.05428942505802427,-1.0
0.07330066431313753,0.008513637158709267,55,0.49112701788544655,0.0002299927346552969,2,99.85714285714286,0.054304800842489516,-1.0
0.07468036209077884,0.006398078209410111,56,0.4867045101709664,0.00021404630011522587,2,100.0,0.040487267800739836,-1.0
0.07820343703497201,0.006064266121635835,57,0.5058421799913049,0.00019854849509163232,2,99.85714285714286,0.040034600815602714,-1.0
0.07669976291557153,0.006509693921543658,58,0.4994942150078714,0.00018352321607655918,2,100.0,0.03919371196201869,-1.0
0.0814015338352571,0.004605771818508704,59,0.5163748860359192,0.00016899363096119395,2,100.0,0.03925861643893378,-1.0
0.0850926999701187,0.005992869846522808,60,0.5468173008412123,0.000154982143312659,2,99.85714285714286,0.03694076263478824,-1.0
0.08162149926647544,0.006596838706173003,61,0.5295960640069097,0.0001415103578293356,2,100.0,0.031179548863853726,-1.0
0.0803333626439174,0.005422585837853451,62,0.5148143458645791,0.0001285990470279847,2,100.0,0.030110510289669035,-1.0
0.08114313633025934,0.005322643982556959,63,0.5190821799915284,0.0001162681192140312,2,100.0,0.031140173801354,-1.0
0.07712643748770158,0.0073028585175052285,64,0.5068758630659431,0.00010453658778440107,2,100.0,0.030799231507948468,-1.0
0.08092257415410131,0.011828484168897072,65,0.5567877090070397,9.342254191024022e-05,2,99.71428571428571,0.030150481313467026,-1.0
0.08032022478679816,0.007879189875287315,66,0.5294943109620363,8.294311864472437e-05,2,100.0,0.028704801308257238,-1.0
0.08618841448333114,0.004376667512891193,67,0.5437042079865932,7.311447649896551e-05,2,99.71428636142186,0.032689512925488606,-1.0
0.08397244444737832,0.0053967280546203256,68,0.536504726158455,6.395177052675794e-05,2,100.0,0.028521434387990405,-1.0
0.07895605017741521,0.004113342302540938,69,0.49869371694512665,5.546912895658472e-05,2,100.0,0.02703642176730292,-1.0
0.08247833768837154,0.004643748630769551,70,0.5230036219581962,4.767963140691306e-05,2,100.0,0.02689965860119888,-1.0
0.08479979133699089,0.0073995259978498025,71,0.5534850750118494,4.059528871837034e-05,2,99.85714285714286,0.0321370615703719,-1.0
0.08228839964916308,0.007152426483420034,72,0.5369201658759266,3.4227024433899e-05,2,100.0,0.027697992622852326,-1.0
0.08168534100210915,0.008049405024697384,73,0.5386916080024093,2.8584657955444653e-05,2,100.0,0.02313182954277311,-1.0
0.08157350119048108,0.010581091162748635,74,0.5531802501063794,2.367688940315011e-05,2,100.0,0.02505366095474788,-1.0
0.089624123997055,0.006230634675982098,75,0.5754598849453032,1.951128620040094e-05,2,100.0,0.027076377528054373,-1.0
0.08867611150102069,0.010167238496554395,76,0.5933343090582639,1.6094271405406862e-05,2,100.0,0.030285338546548572,-1.0
0.08370776753872633,0.006907086314943929,77,0.5440903399139643,1.3431113807311488e-05,2,100.0,0.024494439767939705,-1.0
0.08217240509111434,0.006007585596914093,78,0.5293628659565002,1.1525919802101659e-05,2,100.0,0.025639564096927643,-1.0
0.08486317024411012,0.004270684750129779,79,0.5350814340636134,1.0381627060842164e-05,2,100.0,0.02539871428694044,-1.0
0.08477753136927883,0.006665797477277617,80,0.5489420129451901,1e-05,2,100.0,0.024722288485084263,-1.0
0.09447575636607196,0.025601578510499427,1,0.8408783359918743,0.000999618372939158,3,2.25,4.730904769897461,-1.0
0.08602000087765711,0.004731690111969199,2,0.6355519799981266,0.0009984740801978985,3,3.125,4.38524169921875,-1.0
0.08396034222096205,0.007968772635129946,3,0.64378448179923,0.0009965688861926887,3,6.5,4.134336395263672,-1.0
0.08476085219133113,0.007729769218713045,4,0.6478962888941169,0.0009939057285945933,3,9.5,3.927701644897461,-1.0
0.08394629265447813,0.003864979205120887,5,0.6149473639670759,0.0009904887137995992,3,12.25,3.7721289443969725,-1.0
0.07929200871980616,0.00791715584429247,6,0.610699953045696,0.00098632311059685,3,10.75,3.6924455642700194,-1.0
0.08103078986251992,0.006154408013182027,7,0.6105321261566132,0.0009814153420445555,3,15.375,3.5024413299560546,-1.0
0.08412130795685309,0.0043280088741864476,8,0.6194293817970902,0.0009757729755661012,3,18.375,3.374556884765625,-1.0
0.0817108407084431,0.007965124445036054,9,0.6279756289441139,0.0009694047112816298,3,16.5,3.3337874603271485,-1.0
0.0816016343222665,0.0041556192362414935,10,0.600546901114285,0.0009623203685930871,3,21.5,3.1233088684082033,-1.0
0.08447957175251629,0.0036863405257463455,11,0.6174359552096575,0.0009545308710434153,3,23.75,2.9907933044433594,-1.0
0.08244387090339192,0.008723342358799917,12,0.6384079561103135,0.0009460482294732422,3,25.5,2.8331285095214844,-1.0
0.08236550187159862,0.0064453319646418095,13,0.6219100570306182,0.0009368855235010348,3,25.875,2.7500439071655274,-1.0
0.08099308387110275,0.007975340953895025,14,0.6230148051399738,0.0009270568813552758,3,31.5,2.5845067596435545,-1.0
0.08387719124688633,0.009497182044599737,15,0.6538565740920603,0.0009165774580897602,3,33.25,2.4844543075561525,-1.0
0.08322911553217896,0.0056099967498864445,16,0.6221100979018956,0.0009054634122155992,3,34.75,2.3518133544921875,-1.0
0.08333295384155852,0.008920966714088405,17,0.6460067350417376,0.0008937318807859689,3,37.875,2.2284121704101563,-1.0
0.08302578253538481,0.0036457901754017386,18,0.606937712058425,0.0008814009529720156,3,41.125,2.12805061340332,-1.0
0.07795796081024621,0.005684048602623599,19,0.5857267831452191,0.0008684896421706646,3,44.75,2.00960262298584,-1.0
0.08497717500930387,0.008849211702389377,20,0.6570196070242673,0.0008550178566873412,3,45.125,1.9519050216674805,-1.0
0.08786209912172385,0.007939332430916173,21,0.6708590530324727,0.0008410063690388064,3,49.5,1.7788031578063965,-1.0
0.08555234602785536,0.006236093251832894,22,0.6427523230668157,0.0008264767839234412,3,55.75,1.6306489944458007,-1.0
0.08195799978316895,0.00840262376836368,23,0.6327640321105719,0.000811451504908368,3,58.25,1.521562786102295,-1.0
0.07736613571510784,0.008117074279912881,24,0.5986230389680713,0.0007959536998847743,3,59.875,1.4307960510253905,-1.0
0.08073172043077648,0.005550208002594965,25,0.6042774829547852,0.0007800072653447032,3,63.625,1.3577215576171875,-1.0
0.08222124649078719,0.007009238936007023,26,0.624904871918261,0.0007636367895343947,3,64.875,1.3023800468444824,-1.0
0.0668968466842281,0.008143785908552153,27,0.5255265089217573,0.0007468675145409928,3,65.625,1.2415696239471437,-1.0
0.07289853848383895,0.0037784239144197534,28,0.5369773909915239,0.0007297252973710758,3,71.875,1.1111883544921874,-1.0
0.08945563415597592,0.007129647137065019,29,0.6763287140056491,0.0007122365700810271,3,74.875,1.0413121223449706,-1.0
0.07648397503154618,0.005074532236903906,30,0.571141857188195,0.0006944282990207196,3,73.125,0.9855654048919678,-1.0
0.09952799313967782,0.005853449726211173,31,0.7378973490558565,0.0006763279432533592,3,78.875,0.8617931842803955,-1.0
0.10568853697207357,0.008124823748533214,32,0.796938779996708,0.0006579634122155992,3,80.25,0.7996708273887634,-1.0
0.10518504266760179,0.0041652540343680555,33,0.7656931059900671,0.000639363022683212,3,84.0,0.7109064483642578,-1.0
0.09903357244495835,0.006589902298791068,34,0.7396010160446167,0.0006205554551086735,3,85.75,0.677814245223999,-1.0
0.10427415311070425,0.005686328180932573,35,0.7699683639220893,0.0006015697093979838,3,87.125,0.6193236923217773,-1.0
0.10411367931270174,0.009183390564950449,36,0.7933106229174882,0.0005824350601949146,3,86.875,0.6063777875900268,-1.0
0.1033070908659803,0.0058209629995482305,37,0.764132868964225,0.0005631810117416299,3,87.75,0.5428403568267822,-1.0
0.1042632025866104,0.005401765861149345,38,0.7679087368305773,0.0005438372523852835,3,90.5,0.47901103019714353,-1.0
0.1046068912172424,0.0069835270821516,39,0.7813915030565113,0.0005244336088007391,3,92.75,0.40915149688720703,-1.0
0.08116901532879897,0.004110857944137284,40,0.5972009229008108,0.0005050000000000001,3,93.0,0.3942069387435913,-1.0
0.06963672548798579,0.005371061951986381,41,0.5252800681628287,0.0004855663911992613,3,93.625,0.3561107301712036,-1.0
0.04361687986446278,0.007157822571960943,42,0.35565335117280483,0.00046616274761471693,3,95.375,0.30480453491210935,-1.0
0.06575665386792805,0.005662604268374187,43,0.500206392025575,0.00044681898825837057,3,95.75,0.26861326813697817,-1.0
0.06875338282303087,0.006664021472845759,44,0.5281673460267484,0.000427564939805086,3,97.125,0.22841198921203612,-1.0
0.10751361958682537,0.004392897843250206,45,0.7835859709884971,0.00040843029060201667,3,97.125,0.20815890789031982,-1.0
0.10785939953556019,0.0046805750379072765,46,0.788038537139073,0.000389444544891327,3,97.875,0.19205639600753785,-1.0
0.10488786355459265,0.005661042440416557,47,0.7740784229245037,0.0003706369773167883,3,98.0,0.17451874613761903,-1.0
0.07031994625659925,0.0037633050233125687,48,0.5188113090116531,0.0003520365877844012,3,98.75,0.15497079730033875,-1.0
0.05992943058455629,0.007214686267876199,49,0.47025379282422364,0.0003336720567466412,3,98.125,0.17546271443367004,-1.0
0.03323532960244587,0.007024747685396245,50,0.2820394360460341,0.0003155717009792807,3,98.125,0.1678573501110077,-1.0
0.033958569302090576,0.005992706565718565,51,0.2798962539527565,0.00029776342991897335,3,98.5,0.15009570717811585,-1.0
0.06926573743112385,0.005328928120434284,52,0.5224477341398597,0.00028027470262892445,3,99.125,0.12160931944847107,-1.0
0.07700992618421358,0.005506344671760287,53,0.5779349850490689,0.0002631324854590073,3,99.875,0.1074968159198761,-1.0
0.08400011268843498,0.004044968734628388,54,0.6166232589166611,0.0002463632104656054,3,99.125,0.09763855814933776,-1.0
0.08048702673321324,0.00871585083327123,55,0.6247039958834648,0.0002299927346552969,3,99.25,0.10578352808952332,-1.0
0.08365908627664405,0.005248611293999212,56,0.6226457168813795,0.00021404630011522587,3,99.625,0.08839542984962463,-1.0
0.08702644615966294,0.003933121982429709,57,0.6370168831199408,0.00019854849509163232,3,99.875,0.07055272579193116,-1.0
0.08418984917391624,0.005346674405570541,58,0.6270491518080235,0.00018352321607655918,3,99.375,0.08872367143630981,-1.0
0.0834582747359361,0.0060840984141188005,59,0.6270813860464841,0.00016899363096119395,3,99.5,0.07917602062225342,-1.0
0.08361679797859065,0.007177470019087195,60,0.6357997439336032,0.000154982143312659,3,99.625,0.07496907114982605,-1.0
0.08295709766181451,0.006038485028381858,61,0.6232030570972711,0.0001415103578293356,3,99.5,0.07669037520885467,-1.0
0.08319094657365765,0.00889389928696411,62,0.6448317549657077,0.0001285990470279847,3,99.625,0.07524822473526001,-1.0
0.08110332336010677,0.0065089571954948565,63,0.6135148049797863,0.0001162681192140312,3,99.75,0.06959373593330383,-1.0
0.08153483248315752,0.00458710637342717,64,0.6030898741446435,0.00010453658778440107,3,99.875,0.06456829071044921,-1.0
0.08432595009383347,0.003963529065783534,65,0.6182677228935063,9.342254191024022e-05,3,99.875,0.06397172331809997,-1.0
0.08282750442491046,0.0076867730157183746,66,0.6338354530744255,8.294311864472437e-05,3,99.75,0.06041420876979828,-1.0
0.08460044737772218,0.0045360860614372155,67,0.6242627911269665,7.311447649896551e-05,3,99.625,0.059941393733024595,-1.0
0.08723096742427774,0.007436989440715739,68,0.6629570960067213,6.395177052675794e-05,3,99.875,0.05771238625049591,-1.0
0.08692417962343565,0.006123606248625687,69,0.6516242621000856,5.546912895658472e-05,3,99.875,0.052684779167175295,-1.0
0.08407858892210893,0.004364783775859645,70,0.6193900560028851,4.767963140691306e-05,3,99.875,0.052481448650360106,-1.0
0.08606252400204539,0.003493968430640442,71,0.627129535889253,4.059528871837034e-05,3,99.875,0.05783503830432892,-1.0
0.08261271083860525,0.0038693876205278294,72,0.6056150880176574,3.4227024433899e-05,3,99.875,0.05123261272907257,-1.0
0.08384132285469345,0.004615357145667076,73,0.6194315901957452,2.8584657955444653e-05,3,99.875,0.054526481032371524,-1.0
0.0845497626744743,0.0046440470365009135,74,0.6245947128627449,2.367688940315011e-05,3,99.875,0.04765306532382965,-1.0
0.08287706814839371,0.0050602667366287536,75,0.6158950810786337,1.951128620040094e-05,3,100.0,0.04678195804357529,-1.0
0.082787485926279,0.007489110808819532,76,0.6322697140276432,1.6094271405406862e-05,3,99.75,0.054119279980659483,-1.0
0.08375769760459661,0.004473510264818158,77,0.6178663440514356,1.3431113807311488e-05,3,99.875,0.0446977573633194,-1.0
0.0817940822869007,0.00672532687895,78,0.619872888084501,1.1525919802101659e-05,3,99.875,0.04907094717025757,-1.0
0.08767979771697096,0.0041291531441467145,79,0.6429241457954049,1.0381627060842164e-05,3,99.625,0.05000400960445404,-1.0
0.086467554293839,0.006974196427368692,80,0.654324441915378,1e-05,3,100.0,0.044755460619926454,-1.0
0.09151090422528796,0.022548848151927814,1,0.9128002398647368,0.000999618372939158,4,2.111111111111111,4.754956597222222,-1.0
0.08218956954078749,0.0056415788421873,2,0.7030261280015111,0.0009984740801978985,4,3.4444444444444446,4.377662896050348,-1.0
0.08276018759352155,0.006016531406203285,3,0.7104914460796863,0.0009965688861926887,4,6.888888888888889,4.132943996853299,-1.0
0.08033346949378029,0.004673237766837701,4,0.6803127848543227,0.0009939057285945933,4,6.777777777777778,4.017456597222222,-1.0
0.0808271402202081,0.006535443273605779,5,0.6991444111336023,0.0009904887137995992,4,8.222222222222221,3.921929660373264,-1.0
0.08155204058857635,0.0037309317849576473,6,0.6825098560657352,0.00098632311059685,4,8.444444444444445,3.8673853217230905,-1.0
0.08172956225462258,0.007451133365975693,7,0.7136854031123221,0.0009814153420445555,4,9.777777777777779,3.8111221991644966,-1.0
0.08167596050770953,0.0052630138816311955,8,0.6957531441003084,0.0009757729755661012,4,10.444444444444445,3.783103502061632,-1.0
0.08217435464030132,0.0032262071035802364,9,0.6834465952124447,0.0009694047112816298,4,11.222222222222221,3.6906756591796874,-1.0
0.082472269248683,0.006596499239094555,10,0.7127867199014872,0.0009623203685930871,4,10.777777777777779,3.6719922553168405,-1.0
0.08494072206667624,0.004837410058826208,11,0.7184595060534775,0.0009545308710434153,4,13.11111111111111,3.5575731065538196,-1.0
0.08162186088156886,0.0034338629920966923,12,0.6807123280595988,0.0009460482294732422,4,12.333333333333334,3.594682074652778,-1.0
0.0774707221717108,0.004991105437511578,13,0.6599821699783206,0.0009368855235010348,4,12.777777777777779,3.5381527370876737,-1.0
0.08285796505515464,0.0077353470842354,14,0.724998202174902,0.0009270568813552758,4,14.666666666666666,3.434057210286458,-1.0
0.08145896013593301,0.004954125091899186,15,0.6915566970128566,0.0009165774580897602,4,13.555555555555555,3.380868225097656,-1.0
0.08035603474127129,0.006633593642618507,16,0.6966541749425232,0.0009054634122155992,4,13.777777777777779,3.430503200954861,-1.0
0.07954810553928837,0.005857041833223775,17,0.6834924740251154,0.0008937318807859689,4,14.11111111111111,3.4159413316514757,-1.0
0.08343876383150928,0.006880046654259786,18,0.7227885690517724,0.0008814009529720156,4,15.11111111111111,3.345400797526042,-1.0
0.07981904625194147,0.006516683351946995,19,0.6909357998520136,0.0008684896421706646,4,17.333333333333332,3.3343739827473957,-1.0
0.0783701011678204,0.0031279134564101696,20,0.6522848659660667,0.0008550178566873412,4,17.444444444444443,3.286796603732639,-1.0
0.07686654664576054,0.007086176716256887,21,0.6718567667994648,0.0008410063690388064,4,15.333333333333334,3.254114176432292,-1.0
0.0825592867040541,0.007137833803426474,22,0.7178059150464833,0.0008264767839234412,4,16.333333333333332,3.1661167399088543,-1.0
0.08029195075505413,0.006584867631318048,23,0.6953134229406714,0.000811451504908368,4,17.88888888888889,3.109059075249566,-1.0
0.0821468337380793,0.005720110377296805,24,0.7032115529291332,0.0007959536998847743,4,18.11111111111111,3.0954192776150173,-1.0
0.08388763628317975,0.002978543605422601,25,0.6951709289569408,0.0007800072653447032,4,20.11111111111111,3.018595987955729,-1.0
0.07996132737025619,0.004653304989915341,26,0.677200861973688,0.0007636367895343947,4,21.88888888888889,2.9930746120876734,-1.0
0.07597620956948958,0.00644889019895345,27,0.6596860531717539,0.0007468675145409928,4,21.0,3.0051292588975693,-1.0
0.06199454452143982,0.0062827238580212,28,0.5464805180672556,0.0007297252973710758,4,21.0,2.880129597981771,-1.0
0.08619326623738743,0.004821913636988029,29,0.7285169579554349,0.0007122365700810271,4,24.11111111111111,2.8405748833550346,-1.0
0.09313640344771557,0.007605821301694959,30,0.8062400168273598,0.0006944282990207196,4,22.333333333333332,2.827653639051649,-1.0
0.09350398412789218,0.003229657857446,31,0.7741881620604545,0.0006763279432533592,4,21.666666666666668,2.9364472113715276,-1.0
0.08698340773116797,0.006502710399217904,32,0.7481274700257927,0.0006579634122155992,4,24.22222222222222,2.7628204345703127,-1.0
0.09453106310684234,0.0030885666492395103,33,0.781195682939142,0.000639363022683212,4,26.11111111111111,2.6981331041124132,-1.0
0.09091785227064975,0.0067097864812240005,34,0.7812789441086352,0.0006205554551086735,4,27.444444444444443,2.620953131781684,-1.0
0.09142360478290357,0.006624350848142058,35,0.784625835949555,0.0006015697093979838,4,30.444444444444443,2.5711585489908853,-1.0
0.09138960254495032,0.0062783513276372105,36,0.7816027170047164,0.0005824350601949146,4,28.444444444444443,2.6632007514105904,-1.0
0.08135572212631814,0.004148240608628839,37,0.6842712590005249,0.0005631810117416299,4,30.555555555555557,2.579321797688802,-1.0
0.08676741574890912,0.003990898752817884,38,0.7263172902166843,0.0005438372523852835,4,30.11111111111111,2.5481829833984375,-1.0
0.0930472353938967,0.00427070923615247,39,0.7787724679801613,0.0005244336088007391,4,31.88888888888889,2.4720198228624133,-1.0
0.06554031651467085,0.005591608758550137,40,0.5692885878961533,0.0005050000000000001,4,34.111111111111114,2.4174158393012153,-1.0
0.06519756035413593,0.007367040001554415,41,0.5808394940104336,0.0004855663911992613,4,35.111111111111114,2.3579388427734376,-1.0
0.10433152096811682,0.0031657956715207547,42,0.8602588009089231,0.00046616274761471693,4,34.22222222222222,2.366568874782986,-1.0
0.10481024498585612,0.005027915147366002,43,0.8789919579867274,0.00044681898825837057,4,35.55555555555556,2.2929967244466147,-1.0
0.10321539267897606,0.007319299969822168,44,0.8845584499649704,0.000427564939805086,4,39.333333333333336,2.202026163736979,-1.0
0.10543704967130907,0.007098865578882396,45,0.9005248059984297,0.00040843029060201667,4,38.111111111111114,2.2297935994466145,-1.0
0.07318379453499801,0.003422493115067482,46,0.6130872028879821,0.000389444544891327,4,38.44444444444444,2.192193128797743,-1.0
0.06958323906292208,0.0074577716877684,47,0.616567401913926,0.0003706369773167883,4,41.888888888888886,2.120173577202691,-1.0
0.06429504344123416,0.004702061181887984,48,0.5522577250376344,0.0003520365877844012,4,42.888888888888886,2.0589246622721356,-1.0
0.030785395676502958,0.0029838434420526028,49,0.270380969857797,0.0003336720567466412,4,44.888888888888886,2.0178396775987415,-1.0
0.05881673694238998,0.0047976470668800175,50,0.5091896099038422,0.0003155717009792807,4,46.44444444444444,2.0163535732693143,-1.0
0.06461354947532527,0.006688673252938315,51,0.570700763957575,0.00029776342991897335,4,42.111111111111114,2.0571747334798176,-1.0
0.09222756410599686,0.004060732899233699,52,0.7705916820559651,0.00028027470262892445,4,47.0,1.9656402757432725,-1.0
0.09437433365383185,0.005153746576979756,53,0.7965093760285527,0.0002631324854590073,4,43.888888888888886,1.9649370998806424,-1.0
0.0930090700276196,0.005552714836085215,54,0.78877745103091,0.0002463632104656054,4,47.888888888888886,1.9117796834309895,-1.0
0.09420932148350403,0.003258124750573188,55,0.7800187359098345,0.0002299927346552969,4,48.0,1.8799850124782986,-1.0
0.054095750936539844,0.005540491547435522,56,0.4773828668985516,0.00021404630011522587,4,47.333333333333336,1.8733656650119357,-1.0
0.057270370482001454,0.005297129013342783,57,0.5008902167901397,0.00019854849509163232,4,50.888888888888886,1.7822552490234376,-1.0
0.05872331027057953,0.0038175845984369516,58,0.5006393240764737,0.00018352321607655918,4,54.0,1.7431524658203126,-1.0
0.06960771777085029,0.004654202348319814,59,0.594383672112599,0.00016899363096119395,4,50.0,1.7720067003038193,-1.0
0.07881298297434114,0.005053921777289361,60,0.6712610530667007,0.000154982143312659,4,52.77777777777778,1.7407549879286024,-1.0
0.0832853099273052,0.0057458153169136494,61,0.7125380120705813,0.0001415103578293356,4,51.77777777777778,1.67440673828125,-1.0
0.07930216926615685,0.0049556980084162205,62,0.6743672511074692,0.0001285990470279847,4,54.77777777777778,1.685072513156467,-1.0
0.07990292951581068,0.0031322186114266515,63,0.66453254991211,0.0001162681192140312,4,54.333333333333336,1.6801156446668837,-1.0
0.08426460073678754,0.003217157383915037,64,0.700164127163589,0.00010453658778440107,4,55.0,1.6624029710557726,-1.0
0.08608830740558915,0.005978186847642064,65,0.7367949159815907,9.342254191024022e-05,4,57.22222222222222,1.6188328213161893,-1.0
0.08559960126876831,0.0052983023633714765,66,0.727479669963941,8.294311864472437e-05,4,56.666666666666664,1.6089381578233506,-1.0
0.08565306290984154,0.007817373203579336,67,0.7480055701453239,7.311447649896551e-05,4,59.888888888888886,1.5825604417588977,-1.0
0.07523183856392279,0.0031712678028270602,68,0.627463337033987,6.395177052675794e-05,4,59.77777777777778,1.5352962070041232,-1.0
0.08271376142511144,0.003192509844666347,69,0.6874826662242413,5.546912895658472e-05,4,59.55555555555556,1.559893781873915,-1.0
0.08278850713395514,0.006284433096880093,70,0.7128159969579428,4.767963140691306e-05,4,58.55555555555556,1.5579664950900607,-1.0
0.0805434248468373,0.006673582916846499,71,0.6980197939556092,4.059528871837034e-05,4,61.44444444444444,1.4829577128092448,-1.0
0.0826980808924418,0.003981509333243594,72,0.6937258020043373,3.4227024433899e-05,4,60.77777777777778,1.4979338582356772,-1.0
0.08291544701205567,0.007659081224119291,73,0.7248926279135048,2.8584657955444653e-05,4,62.333333333333336,1.4835659790039062,-1.0
0.0822227947646752,0.005776711972430348,74,0.7042813492007554,2.367688940315011e-05,4,61.111111111111114,1.4987168884277344,-1.0
0.08357076943502761,0.006954041076824069,75,0.7244424580130726,1.951128620040094e-05,4,61.111111111111114,1.458731909857856,-1.0
0.08156297652749345,0.0036089491040911525,76,0.6816113670356572,1.6094271405406862e-05,4,61.55555555555556,1.4486380343967014,-1.0
0.0845783153490629,0.00384508102433756,77,0.7076667980290949,1.3431113807311488e-05,4,62.0,1.455804443359375,-1.0
0.08099364134250209,0.005746773880673572,78,0.6941674069967121,1.1525919802101659e-05,4,64.55555555555556,1.4351982794867622,-1.0
0.08312179634231143,0.006628473638556898,79,0.7182381520979106,1.0381627060842164e-05,4,63.666666666666664,1.4335535515679254,-1.0
0.08398324792506173,0.005300688819261268,80,0.7145330330822617,1e-05,4,62.22222222222222,1.451873762342665,-1.0
0.09339711235952564,0.02212858499842696,1,0.9245184550527483,0.000999618372939158,5,2.2000000037252905,4.729470191955566,-1.0
0.09043261627084576,0.00478698022197932,2,0.7621011140290648,0.0009984740801978985,5,5.500000011920929,4.366180675506592,-1.0
0.08984707566560246,0.0051291376003064215,3,0.7601360231637955,0.0009965688861926887,5,8.400000023841859,4.044904281616211,-1.0
0.08848867448978126,0.0033443927532061934,4,0.7349661269690841,0.0009939057285945933,5,11.200000035762788,3.79000146484375,-1.0
0.08992701827082783,0.006854654231574386,5,0.7745409589260817,0.0009904887137995992,5,13.60000001192093,3.6179395065307616,-1.0
0.08680381666636094,0.0057484208373352885,6,0.7406642069108784,0.00098632311059685,5,15.000000011920928,3.45741162109375,-1.0
0.09034264041110873,0.007196652702987194,7,0.7805624050088227,0.0009814153420445555,5,17.19999998807907,3.263237617492676,-1.0
0.08722972037503496,0.005034570611314848,8,0.7383518221322447,0.0009757729755661012,5,20.400000035762787,3.1322606143951415,-1.0
0.08702298259595409,0.0033528895291965455,9,0.7232448819559067,0.0009694047112816298,5,24.000000131130218,2.965735046386719,-1.0
0.08799719146918505,0.00787896101246588,10,0.7672373701352626,0.0009623203685930871,5,25.1,2.840102478027344,-1.0
0.08721456726198085,0.0048191983660217375,11,0.7365182340145111,0.0009545308710434153,5,27.400000071525575,2.6801255378723146,-1.0
0.08589241115259938,0.005647590471198782,12,0.7325562450569123,0.0009460482294732422,5,28.800000107288362,2.5729605960845947,-1.0
0.088868271704996,0.006524730182718486,13,0.7633901529479772,0.0009368855235010348,5,32.600000214576724,2.4733832035064696,-1.0
0.0882645899837371,0.004191815882222727,14,0.7399036840070039,0.0009270568813552758,5,39.500000190734866,2.220213436126709,-1.0
0.08947077210177667,0.0058749657473526895,15,0.7630060201045126,0.0009165774580897602,5,43.300000071525574,2.096391227722168,-1.0
0.08784840334556065,0.0075551976333372295,16,0.7634653099812567,0.0009054634122155992,5,45.60000026226044,1.9273978252410888,-1.0
0.09061934376950376,0.00812297873198986,17,0.7902250268962234,0.0008937318807859689,5,53.00000028610229,1.7326074829101563,-1.0
0.08547466163872741,0.005418044980615377,18,0.727429331978783,0.0008814009529720156,5,54.00000009536743,1.6472556171417236,-1.0
0.08799050058587454,0.004043168417410925,19,0.7365499099250883,0.0008684896421706646,5,59.59999990463257,1.4741596231460572,-1.0
0.09014190497691743,0.0033681487548165023,20,0.7483655151445419,0.0008550178566873412,5,63.40000047683716,1.3706193580627442,-1.0
0.08865850488655269,0.004771791864186525,21,0.747753247153014,0.0008410063690388064,5,65.90000004768372,1.261405499458313,-1.0
0.08767199097201228,0.004267446784069762,22,0.7358028108719736,0.0008264767839234412,5,65.19999995231629,1.2111903820037841,-1.0
0.08895126968855038,0.004012664430774748,23,0.7440112100448459,0.000811451504908368,5,72.20000038146972,1.0481860694885254,-1.0
0.09028580578160472,0.0035028556012548506,24,0.750589749077335,0.0007959536998847743,5,78.40000014305114,0.9074036769866943,-1.0
0.08966479563969187,0.00684087848640047,25,0.7723310471046716,0.0007800072653447032,5,82.00000019073487,0.7660001583099365,-1.0
0.08777940471190959,0.00680826001917012,26,0.7569986721500754,0.0007636367895343947,5,84.20000023841858,0.6755201778411866,-1.0
0.08801733501604758,0.005321968492353335,27,0.7470168478321284,0.0007468675145409928,5,86.500000333786,0.6363369579315186,-1.0
0.08820687100524083,0.005022367869969457,28,0.7461287998594344,0.0007297252973710758,5,89.50000023841858,0.5146243844032288,-1.0
0.09030704162432812,0.007113821629900485,29,0.7796586700715125,0.0007122365700810271,5,90.70000023841858,0.4728097939491272,-1.0
0.07964013607124798,0.0038537350483238697,30,0.6683109949808568,0.0006944282990207196,5,89.70000057220459,0.4412258739471436,-1.0
0.08358143214718439,0.007849945104680955,31,0.7317539991345257,0.0006763279432533592,5,93.20000014305114,0.3767167229652405,-1.0
0.08703651136602275,0.00393680389970541,32,0.7280766039621085,0.0006579634122155992,5,92.60000014305115,0.3421044931411743,-1.0
0.08183545447536744,0.003973513783421367,33,0.686763001140207,0.000639363022683212,5,93.20000066757203,0.3191923050880432,-1.0
0.09948068388621323,0.004113372240681201,34,0.8290524869225919,0.0006205554551086735,5,95.20000019073487,0.27137722063064573,-1.0
0.100314889481524,0.0034854310215450823,35,0.8308114630635828,0.0006015697093979838,5,97.20000047683716,0.2296609170436859,-1.0
0.09584599040681496,0.0072297897131647915,36,0.8248502849601209,0.0005824350601949146,5,97.70000047683716,0.19564731955528258,-1.0
0.0984074741427321,0.003162296983646229,37,0.8127984271850437,0.0005631810117416299,5,98.00000009536743,0.1743196007013321,-1.0
0.0998929025081452,0.006291871890425682,38,0.8497385929804295,0.0005438372523852835,5,98.00000057220458,0.1446413197517395,-1.0
0.10091285363887437,0.006179044867167249,39,0.8569851301144809,0.0005244336088007391,5,97.90000009536743,0.13303935408592224,-1.0
0.10262389807030559,0.006702727056108415,40,0.8748981659300625,0.0005050000000000001,5,98.50000023841858,0.10712208580970764,-1.0
0.10021657188190147,0.003237351746065542,41,0.827878138050437,0.0004855663911992613,5,98.90000009536743,0.09496838402748108,-1.0
0.1010638891311828,0.0032139319810085,42,0.8344725421629846,0.00046616274761471693,5,99.4,0.07462565112113953,-1.0
0.08103575222776271,0.004716231022030115,43,0.6863063080236316,0.00044681898825837057,5,99.5,0.08480362260341644,-1.0
0.06115398500696756,0.007667506375582889,44,0.5508788279257715,0.000427564939805086,5,99.5,0.06893778687715531,-1.0
0.03918288098066114,0.004849585995543748,45,0.3525026880670339,0.00040843029060201667,5,99.70000023841858,0.07017771363258361,-1.0
0.10591709925211035,0.005113888997584581,46,0.8884893758222461,0.000389444544891327,5,99.6,0.059093145668506625,-1.0
0.11295665698708035,0.005034426634665579,47,0.9442383300047368,0.0003706369773167883,5,99.3,0.060949607968330384,-1.0
0.1098901383811608,0.0052837957337033,48,0.921697397949174,0.0003520365877844012,5,99.30000023841858,0.059905061572790144,-1.0
0.11221419565845281,0.0075001283548772335,49,0.9580739680677652,0.0003336720567466412,5,99.8,0.04348839282989502,-1.0
0.0783002657990437,0.004667614848585799,50,0.6641500920522958,0.0003155717009792807,5,99.7,0.04193287068605423,-1.0
0.07582678805920295,0.0030379820673260838,51,0.6312070309650153,0.00029776342991897335,5,99.8,0.043073271095752715,-1.0
0.07515295999473892,0.004574124526698142,52,0.6381092017982155,0.00028027470262892445,5,99.60000023841857,0.03846623092889786,-1.0
0.07822469685925171,0.003876403148751706,53,0.6570960481185466,0.0002631324854590073,5,99.9,0.03061117449402809,-1.0
0.09807489774539135,0.003925179626094177,54,0.8162442920729518,0.0002463632104656054,5,99.9,0.03097850027680397,-1.0
0.08551713940687478,0.004851456586038694,55,0.7231852309778333,0.0002299927346552969,5,100.0,0.027152189552783965,-1.0
0.05939638314885087,0.006447836349252611,56,0.5269806140568107,0.00021404630011522587,5,100.0,0.029803531020879747,-1.0
0.05982032680185512,0.004873359459452331,57,0.5177822769619524,0.00019854849509163232,5,100.0,0.024294516295194624,-1.0
0.10332974651828408,0.003391253878362477,58,0.8540001390501857,0.00018352321607655918,5,100.0,0.02652690774202347,-1.0
0.10246044254745357,0.006781480187783018,59,0.8741750090848655,0.00016899363096119395,5,100.0,0.023009061083197592,-1.0
0.10237569830496795,0.003007240215083584,60,0.8433134111110121,0.000154982143312659,5,100.0,0.025679825022816658,-1.0
0.10079393003252335,0.00708033557748422,61,0.8632417351473123,0.0001415103578293356,5,100.0,0.023722908705472945,-1.0
0.06493997049983591,0.005035991867771372,62,0.5600462639704347,0.0001285990470279847,5,100.0,0.02014653015136719,-1.0
0.06392577878432348,0.0034921819751616567,63,0.5395753618795425,0.0001162681192140312,5,100.0,0.020822510689496993,-1.0
0.06012908564298414,0.006981469719903544,64,0.5371132250875235,0.00010453658778440107,5,100.0,0.01921487122774124,-1.0
0.08605021989205852,0.004711280460469425,65,0.7263339848723263,9.342254191024022e-05,5,100.0,0.01835509429872036,-1.0
0.08332101808628067,0.004704710911028087,66,0.7044499658513814,8.294311864472437e-05,5,99.9,0.02085783477127552,-1.0
0.08959905646042898,0.007422573398798704,67,0.7764733270741999,7.311447649896551e-05,5,99.80000023841858,0.018658492118120193,-1.0
0.08368255474488251,0.0038558852684218436,68,0.7006171920802444,6.395177052675794e-05,5,100.0,0.018723704427480697,-1.0
0.09165510709863156,0.006120604142779484,69,0.7824447960592806,5.546912895658472e-05,5,100.0,0.017852314710617066,-1.0
0.09144287658273242,0.004908927658107132,70,0.771064235130325,4.767963140691306e-05,5,100.0,0.018000843793153764,-1.0
0.0900876404484734,0.0065773687965702266,71,0.7736083751078695,4.059528871837034e-05,5,100.0,0.019422676652669908,-1.0
0.08955617263563909,0.00482565735001117,72,0.7553099209908396,3.4227024433899e-05,5,100.0,0.020171087324619294,-1.0
0.08801291364943609,0.0050830124819185585,73,0.7450256941374391,2.8584657955444653e-05,5,100.0,0.018029201343655585,-1.0
0.08856819180073217,0.004942679690429941,74,0.7483951810281724,2.367688940315011e-05,5,100.0,0.01630191369354725,-1.0
0.09092249124660157,0.005147365620359778,75,0.7688681269064546,1.951128620040094e-05,5,99.9,0.01853546716272831,-1.0
0.090753896482056,0.003166908514685929,76,0.7516739189159125,1.6094271405406862e-05,5,100.0,0.01731267186999321,-1.0
0.08597328275209293,0.004031553864479065,77,0.7202802018728107,1.3431113807311488e-05,5,100.0,0.020510011442005635,-1.0
0.09143067637342028,0.00440608337521553,78,0.7669359091669321,1.1525919802101659e-05,5,100.0,0.016818007037043572,-1.0
0.09369118823087774,0.007027980784187093,79,0.8060002699494362,1.0381627060842164e-05,5,100.0,0.0165078739374876,-1.0
0.09402998277801089,0.0069895935885142535,80,0.8084087860770524,1e-05,5,100.0,0.01793923833966255,-1.0
0.09319425741624501,0.02294260925716824,1,1.0455501049291342,0.000999618372939158,6,2.1818181831728327,4.72308326547796,-1.0
0.0902198427874181,0.0033953687590029505,2,0.8428356889635324,0.0009984740801978985,6,3.9090909104455602,4.384364251223477,-1.0
0.08810094433526199,0.005233571554223697,3,0.8402809668332338,0.0009965688861926887,6,6.909090914509513,4.086223376880993,-1.0
0.08783309785131779,0.005158690942658318,4,0.8372333771549165,0.0009939057285945933,6,9.54545452378013,3.906807192889127,-1.0
0.08940310007892549,0.0035529672685596678,5,0.8369002270046622,0.0009904887137995992,6,13.54545455087315,3.6364648515527898,-1.0
0.08563396484694547,0.006046335471587049,6,0.8253667368553579,0.00098632311059685,6,16.000000005418602,3.508592870018699,-1.0
0.08759589120745659,0.004122432036739256,7,0.8257403702009469,0.0009814153420445555,6,15.272727305238897,3.367059164914218,-1.0
0.08905208405728142,0.004811143269762397,8,0.8451101540122181,0.0009757729755661012,6,22.18181821974841,3.1224956798553465,-1.0
0.08932739320314592,0.00416809079858164,9,0.8416990840341896,0.0009694047112816298,6,21.909090930765327,3.018931962793524,-1.0
0.09016573209212059,0.004668586344147722,10,0.8537497050128877,0.0009623203685930871,6,24.727272738109935,2.8767227935791015,-1.0
0.08738646886518432,0.005014874894792835,11,0.8318681558594108,0.0009545308710434153,6,26.18181813846935,2.7467697221582585,-1.0
0.08821397036727932,0.006771887523225612,12,0.8551215620245785,0.0009460482294732422,6,31.000000037930228,2.5843716716766356,-1.0
0.08966452581807971,0.004155928501859307,13,0.8446326800622046,0.0009368855235010348,6,32.090909074653275,2.4463469687375157,-1.0
0.08743098295397228,0.004435709030884836,14,0.8270354580599815,0.0009270568813552758,6,36.63636362552643,2.3184244858134875,-1.0
0.0896365874602149,0.005125087996323903,15,0.853109278017655,0.0009165774580897602,6,38.99999991330233,2.2107813644409178,-1.0
0.087231638841331,0.004570180808918344,16,0.8264664388261735,0.0009054634122155992,6,45.00000003251162,1.984737419648604,-1.0
0.09064742573536932,0.004333849375446637,17,0.8550861468538642,0.0008937318807859689,6,48.36363637447357,1.8767085534876042,-1.0
0.08962512877769768,0.004672812685991327,18,0.8489210188854486,0.0008814009529720156,6,51.272727218541235,1.7479180049896241,-1.0
0.09057171860088904,0.004712645404247774,19,0.8578083768952638,0.0008684896421706646,6,55.72727277062156,1.6021607997200706,-1.0
0.08880804843890171,0.004726648460038834,20,0.8420574779156595,0.0008550178566873412,6,60.27272724021565,1.4808303780989214,-1.0
0.08735007404660185,0.005754332963584198,21,0.838188034016639,0.0008410063690388064,6,61.63636367971247,1.3665397266908126,-1.0
0.08831999611316456,0.0032387846666905615,22,0.8243666009511799,0.0008264767839234412,6,65.54545471884988,1.2476434209130027,-1.0
0.08908950858232048,0.006093241740018129,23,0.856886173132807,0.000811451504908368,6,70.99999982660466,1.1002795314788818,-1.0
0.08831032474214832,0.0035976189085178906,24,0.8274057419039309,0.0007959536998847743,6,74.36363632028753,0.9879270484230736,-1.0
0.08815569407306612,0.004688370481340421,25,0.8358389229979366,0.0007800072653447032,6,77.90909110416065,0.8690646585551175,-1.0
0.08957360131252143,0.0043298400317629175,26,0.8454210751224309,0.0007636367895343947,6,81.36363658038053,0.7713023528185757,-1.0
0.08693064402581917,0.004672702764057451,27,0.8247400128748268,0.0007468675145409928,6,82.90909097411416,0.7088362451033159,-1.0
0.08800116160677539,0.00578971305448148,28,0.8444217739161104,0.0007297252973710758,6,86.90909110416065,0.6052333305098794,-1.0
0.08782236479843657,0.005747134771404995,29,0.8423773508984596,0.0007122365700810271,6,87.45454547621988,0.5678605641018261,-1.0
0.08804214836305214,0.0043401717622247,30,0.8316846650559455,0.0006944282990207196,6,86.9090908874165,0.5276255193623629,-1.0
0.08803290858243902,0.0030932534330834946,31,0.8203742238692939,0.0006763279432533592,6,91.72727261890064,0.4682519303668629,-1.0
0.08696858760797316,0.004317858385749989,32,0.8218126141000539,0.0006579634122155992,6,91.2727274461226,0.4184133984825828,-1.0
0.0874421657063067,0.004267402950467335,33,0.8256185038480908,0.000639363022683212,6,93.09090898253702,0.36269544742324134,-1.0
0.07112691277224156,0.004354618903663423,34,0.67957802885212,0.0006205554551086735,6,94.7272726839239,0.32394710172306407,-1.0
0.09906872273940179,0.004310984914708469,35,0.9306563450954854,0.0006015697093979838,6,95.1818183335391,0.2741778885234486,-1.0
0.09761981102120545,0.004488842975762155,36,0.9192269479390234,0.0005824350601949146,6,97.09090902588584,0.23265275245363062,-1.0
0.09383037453517318,0.004241240573012167,37,0.8833703689742833,0.0005631810117416299,6,96.63636378808455,0.19661660319024865,-1.0
0.0988664779967318,0.004860387002635334,38,0.9337843169923872,0.0005438372523852835,6,97.18181818181819,0.186056055968458,-1.0
0.09808286913256678,0.005231587216258049,39,0.9300726789515465,0.0005244336088007391,6,97.9999998699535,0.14415693895383314,-1.0
0.10018450914261241,0.006035014210889737,40,0.9562206459231675,0.0005050000000000001,6,98.18181839856234,0.14154606694524938,-1.0
0.09920360585157242,0.004417202021512721,41,0.9328320759814233,0.0004855663911992613,6,99.18181818181819,0.11156515468250622,-1.0
0.10003429519323011,0.004420559361783994,42,0.9408356279600412,0.00046616274761471693,6,98.81818181818181,0.11509577550671317,-1.0
0.09106966835032734,0.006727869855239987,43,0.8804190140217543,0.00044681898825837057,6,98.9090909090909,0.10189965155991641,-1.0
0.059352118651279144,0.00662198755890131,44,0.5940116308629513,0.000427564939805086,6,99.09090902588584,0.08933088031682102,-1.0
0.06614295281987223,0.004265975621011522,45,0.6339189319405705,0.00040843029060201667,6,99.18181811679493,0.086411778439175,-1.0
0.10126979731851155,0.002978549364747273,46,0.9384782731067389,0.000389444544891327,6,99.09090896086259,0.08422113142230293,-1.0
0.099608309334144,0.004038931646694739,47,0.9330625429283828,0.0003706369773167883,6,98.9999998699535,0.07275056112896312,-1.0
0.09889484178792271,0.006596346204686496,48,0.9496683420147747,0.0003520365877844012,6,99.18181818181819,0.07408465623855591,-1.0
0.08078596777179176,0.006163917016237974,49,0.7827804370317608,0.0003336720567466412,6,99.45454532449895,0.06855122430758043,-1.0
0.06121052302316659,0.004458274640556838,50,0.5912540890276432,0.0003155717009792807,6,99.72727272727273,0.05161160260438919,-1.0
0.035670658754598766,0.0032119271345436573,51,0.35016965097747743,0.00029776342991897335,6,99.72727272727273,0.055872544849460776,-1.0
0.06593045491414766,0.004125181533810165,52,0.6307782409712672,0.00028027470262892445,6,100.0,0.03515787147662856,-1.0
0.09506860854000682,0.0029564641364332703,53,0.8825108390301466,0.0002631324854590073,6,99.72727272727273,0.038363299762660806,-1.0
0.09688844953456686,0.004595582916711767,54,0.9136452018283308,0.0002463632104656054,6,99.72727266224948,0.03637127575549212,-1.0
0.09488266553833252,0.004755551693961024,55,0.8970424900762737,0.0002299927346552969,6,99.5454544804313,0.043834813995794815,-1.0
0.10006107379578882,0.0026842529833730725,56,0.9249949790537357,0.00021404630011522587,6,99.9090909090909,0.03299518262798136,-1.0
0.10104136642379065,0.004363784023250143,57,0.9489851198159158,0.00019854849509163232,6,100.0,0.029338748129931362,-1.0
0.09971883041887647,0.002837568236928847,58,0.9233453110791743,0.00018352321607655918,6,100.0,0.0277859396555207,-1.0
0.09749954522380398,0.0063696083509259755,59,0.9350598258897662,0.00016899363096119395,6,100.0,0.026660380580208518,-1.0
0.09864489007223812,0.0032336801652693087,60,0.9171482420060784,0.000154982143312659,6,99.9090909090909,0.02574752627448602,-1.0
0.08208330692205992,0.0043130305130034685,61,0.7777957681100816,0.0001415103578293356,6,100.0,0.02353213755921884,-1.0
0.06081033578246004,0.004828380550154381,62,0.5909695771988481,0.0001285990470279847,6,100.0,0.02629925767129118,-1.0
0.08199271707174678,0.0059329664800316095,63,0.7915623257867992,0.0001162681192140312,6,99.81818181818181,0.024416212425990538,-1.0
0.10015359797721936,0.004960635366539161,64,0.9462722430471331,0.00010453658778440107,6,100.0,0.022402920817786998,-1.0
0.09930843497729963,0.003750313694278399,65,0.9277838780544698,9.342254191024022e-05,6,100.0,0.0221325107189742,-1.0
0.10099671755193008,0.004319266881793737,66,0.9481405620463192,8.294311864472437e-05,6,100.0,0.02390238274227489,-1.0
0.07012902233853108,0.0030766860064533022,67,0.6590900300070643,7.311447649896551e-05,6,100.0,0.021817042285745793,-1.0
0.06206694982635478,0.0030373339541256428,68,0.5861649019643664,6.395177052675794e-05,6,100.0,0.022724250162189655,-1.0
0.06127679389384058,0.003018299997266796,69,0.5788777559064329,5.546912895658472e-05,6,100.0,0.01856165215373039,-1.0
0.08545110056487222,0.0030774985336595112,70,0.7970334140118212,4.767963140691306e-05,6,100.0,0.0195823612538251,-1.0
0.08634296354527275,0.004211416131713324,71,0.8152727999258786,4.059528871837034e-05,6,100.0,0.023006926388903098,-1.0
0.08982922778361374,0.004431883545799388,72,0.848637550836429,3.4227024433899e-05,6,100.0,0.019304840192198754,-1.0
0.08880559062688714,0.004581265358461274,73,0.8407632829621434,2.8584657955444653e-05,6,100.0,0.019042876647277312,-1.0
0.089303055131394,0.007260813662368391,74,0.8693593330681324,2.367688940315011e-05,6,100.0,0.0182216754284772,-1.0
0.08834368458742069,0.004560371214109991,75,0.83642005501315,1.951128620040094e-05,6,100.0,0.017744920897212895,-1.0
0.09076271847718292,0.0038783571993311248,76,0.8520570800174028,1.6094271405406862e-05,6,100.0,0.01793000270019878,-1.0
0.0891286587704801,0.0072355016600340605,77,0.8675664751790464,1.3431113807311488e-05,6,99.9090909090909,0.01814615895124999,-1.0
0.08896621057970656,0.005786480537305276,78,0.853073317091912,1.1525919802101659e-05,6,100.0,0.019206034527583557,-1.0
0.08211937350117499,0.004705706507795387,79,0.7817145709414035,1.0381627060842164e-05,6,100.0,0.019557484009049154,-1.0
0.0900391324992395,0.004767570153085722,80,0.853544328128919,1e-05,6,99.9090909090909,0.01915232608264143,-1.0
0.09592162885237485,0.017603199044242502,1,1.1355203550774604,0.000999618372939158,7,2.500000004967054,4.748103230794271,-1.0
0.08903346110600978,0.0026694353902712463,2,0.917344706133008,0.0009984740801978985,7,3.83333333581686,4.364740810394287,-1.0
0.08681686765048653,0.002770234760828316,3,0.896184632088989,0.0009965688861926887,7,6.75,4.145914605458578,-1.0
0.0879397387849167,0.0026091125095263124,4,0.9057356920093298,0.0009939057285945933,7,7.916666666666667,3.962468064626058,-1.0
0.0815974427619949,0.0048048697412014,5,0.8642550399526954,0.0009904887137995992,7,10.75000003973643,3.785655721028646,-1.0
0.0873760691843927,0.004015021305531263,6,0.914155239937827,0.00098632311059685,7,11.666666686534882,3.6627467823028566,-1.0
0.08709665311034769,0.0026955903973430394,7,0.8981625929009169,0.0009814153420445555,7,14.0,3.5472760327657062,-1.0
0.08585908273234963,0.004666579165495932,8,0.905497336992994,0.0009757729755661012,7,15.833333373069763,3.4033594226837156,-1.0
0.08621150881517678,0.004453640570864082,9,0.9068902898579836,0.0009694047112816298,7,18.000000019868214,3.274359992345174,-1.0
0.08699213785585017,0.004355056444182992,10,0.9142236839979887,0.0009623203685930871,7,20.75,3.1675107606252033,-1.0
0.0873332331655547,0.003992909332737327,11,0.9135076210368425,0.0009545308710434153,7,21.75000003973643,3.0724508953094483,-1.0
0.0879003954352811,0.003959692968055606,12,0.9188453890383244,0.0009460482294732422,7,24.916666706403095,2.8889772764841717,-1.0
0.08826948658097536,0.003887726622633636,13,0.9218066812027246,0.0009368855235010348,7,28.083333373069763,2.7563791433970133,-1.0
0.08635830751154572,0.003766642976552248,14,0.9014979351777583,0.0009270568813552758,7,27.25,2.6536638863881428,-1.0
0.08725052059162408,0.0042394493008032445,15,0.9151497918646783,0.0009165774580897602,7,32.50000003973643,2.483891166051229,-1.0
0.08890151355881244,0.003809136524796486,16,0.9273449380416423,0.0009054634122155992,7,38.00000007947286,2.3513311545054116,-1.0
0.08797583868727088,0.0043456877116113905,17,0.9234521670732647,0.0008937318807859689,7,38.75000003973643,2.2210993734995523,-1.0
0.08882565752137453,0.0029936552746221423,18,0.918530872091651,0.0008814009529720156,7,43.416666746139526,2.0829256470998128,-1.0
0.08807859397493303,0.0028571936301887034,19,0.909652475034818,0.0008684896421706646,7,47.083333333333336,1.9034795983632407,-1.0
0.08834791639819742,0.003942117607221007,20,0.9232394660357386,0.0008550178566873412,7,48.75,1.8395259380340576,-1.0
0.08738397390116007,0.003453859593719244,21,0.9086229498498142,0.0008410063690388064,7,54.1666667064031,1.6827545817693075,-1.0
0.08872133500408382,0.0031071136007085444,22,0.9185513029806316,0.0008264767839234412,7,56.50000015894572,1.572811328570048,-1.0
0.08751484786625952,0.002697152248583734,23,0.9023806490004063,0.000811451504908368,7,58.25000015894572,1.5133392333984375,-1.0
0.0880236486904323,0.004237060830928385,24,0.9229804608039558,0.0007959536998847743,7,61.25000015894572,1.386879283587138,-1.0
0.08877171073108911,0.0035031653707846997,25,0.9230894302017987,0.0007800072653447032,7,61.0,1.3951217889785767,-1.0
0.08897321471013128,0.004016183805651963,26,0.930145881138742,0.0007636367895343947,7,65.33333349227905,1.2457215627034506,-1.0
0.08886704298201949,0.004022194701246917,27,0.9291268060915172,0.0007468675145409928,7,66.8333334128062,1.1871827840805054,-1.0
0.08754146255087107,0.004006807459518313,28,0.9157265240792185,0.0007297252973710758,7,74.75000015894572,1.0072997029622395,-1.0
0.08755712208803743,0.0026967285899445414,29,0.9027791859116405,0.0007122365700810271,7,77.00000015894572,0.8960183024406433,-1.0
0.0872763669816777,0.004142986726947129,30,0.9144323829095811,0.0006944282990207196,7,82.5833334128062,0.7618227513631185,-1.0
0.08752464798744768,0.003877945197746158,31,0.9142615240998566,0.0006763279432533592,7,82.33333349227905,0.7076456570625305,-1.0
0.08892912219744176,0.004150599217973649,32,0.9310355288907886,0.0006579634122155992,7,85.00000007947285,0.6466368873914082,-1.0
0.0863615470007062,0.003265164396725595,33,0.8965059102047235,0.000639363022683212,7,86.16666682561238,0.5709781320889791,-1.0
0.07582105277106166,0.004179733619093895,34,0.8002587179653347,0.0006205554551086735,7,88.75000015894572,0.5311172167460124,-1.0
0.09756694117095321,0.004233348835259676,35,1.018242547987029,0.0006015697093979838,7,89.91666674613953,0.4657145567735036,-1.0
0.09552988549694419,0.004410245385952294,36,0.9996396449860185,0.0005824350601949146,7,93.00000015894572,0.35523996432622273,-1.0
0.09720154940150678,0.0043835188029333946,37,1.0161153280641884,0.0005631810117416299,7,94.66666682561238,0.33232054670651756,-1.0
0.09718818028923124,0.0040137360105291005,38,1.0123045700602233,0.0005438372523852835,7,94.41666666666667,0.2932329285144806,-1.0
0.09677843358367681,0.004564969404600561,39,1.0142516400665045,0.0005244336088007391,7,95.25,0.26865819613138836,-1.0
0.09718849889468402,0.00358403529971838,40,1.0080124789383262,0.0005050000000000001,7,96.16666674613953,0.24081253846486408,-1.0
0.09874398391693831,0.002705033984966576,41,1.0147919489536434,0.0004855663911992613,7,97.16666666666667,0.21323492070039113,-1.0
0.09510103221982717,0.004438961576670408,42,0.9957206060644239,0.00046616274761471693,7,98.08333349227905,0.16762911180655163,-1.0
0.05587793169543147,0.004423326486721635,43,0.6033169850707054,0.00044681898825837057,7,97.58333349227905,0.17052031795183817,-1.0
0.06508952889125794,0.0039838748052716255,44,0.6909895879216492,0.000427564939805086,7,98.3333334128062,0.16378310044606526,-1.0
0.09951356686651706,0.0025835919193923475,45,1.021212066989392,0.00040843029060201667,7,98.25000007947285,0.1367156841357549,-1.0
0.0966141662793234,0.0031825675163418055,46,0.9982036810833961,0.000389444544891327,7,98.0,0.12902169108390807,-1.0
0.09908721714746208,0.0029520525597035883,47,1.0206305519677699,0.0003706369773167883,7,98.91666674613953,0.12163935522238413,-1.0
0.07236657291650772,0.003840365679934621,48,0.7623030540999025,0.0003520365877844012,7,98.91666674613953,0.10141859908898672,-1.0
0.061662489618174735,0.004001189675182104,49,0.6568835510406643,0.0003336720567466412,7,99.33333333333333,0.0956106819709142,-1.0
0.05899502469692379,0.0057449908927083015,50,0.6476344261318445,0.0003155717009792807,7,99.41666674613953,0.08520970086256663,-1.0
0.0808074071770534,0.004165381705388427,51,0.8499647220596671,0.00029776342991897335,7,99.5,0.07264380266269048,-1.0
0.08311128038913011,0.002497433521784842,52,0.8563181948848069,0.00028027470262892445,7,99.25,0.07258671760559082,-1.0
0.08578431326895952,0.006018245848827064,53,0.9182758431416005,0.0002631324854590073,7,99.66666666666667,0.06963997602462768,-1.0
0.08708113629836589,0.002692824206314981,54,0.8979771481826901,0.0002463632104656054,7,99.50000007947285,0.06000171512365341,-1.0
0.08776359814219177,0.004203393263742328,55,0.9199087189044803,0.0002299927346552969,7,99.83333333333333,0.05224685311317444,-1.0
0.06895814505405724,0.0026638749521225693,56,0.7164570840541273,0.00021404630011522587,7,99.75,0.0484760220348835,-1.0
0.09404597650282084,0.0027531961910426616,57,0.968227650038898,0.00019854849509163232,7,99.8333334128062,0.04420281489690145,-1.0
0.09734290740452707,0.0038137082010507584,58,1.0118075769860297,0.00018352321607655918,7,99.75,0.044541999499003095,-1.0
0.08779329813551158,0.004354313667863608,59,0.92171022715047,0.00016899363096119395,7,100.0,0.04156834840774536,-1.0
0.09707019787747413,0.002865978330373764,60,0.9995944590773433,0.000154982143312659,7,99.91666666666667,0.03867880215247472,-1.0
0.09760577741544693,0.003067617188207805,61,1.0069647401105613,0.0001415103578293356,7,100.0,0.03534415036439895,-1.0
0.09753561927936971,0.002743283426389098,62,1.0030211328994483,0.0001285990470279847,7,99.83333333333333,0.033720838924249014,-1.0
0.09743704067077488,0.0027962435269728303,63,1.002577698091045,0.0001162681192140312,7,100.0,0.0337139001985391,-1.0
0.09774004640057683,0.0024604555917903783,64,1.0022612810134888,0.00010453658778440107,7,100.0,0.0310979167620341,-1.0
0.0788548658369109,0.002567755547352135,65,0.814479221124202,9.342254191024022e-05,7,99.91666666666667,0.03535199289520582,-1.0
0.05853062402456999,0.0024913355708122255,66,0.6104677661787719,8.294311864472437e-05,7,100.0,0.0327497058113416,-1.0
0.08198905219323933,0.004723808006383478,67,0.8673675081226975,7.311447649896551e-05,7,99.91666666666667,0.03090457394719124,-1.0
0.09853917642030866,0.003995790076442063,68,1.025591084966436,6.395177052675794e-05,7,100.0,0.029135874956846237,-1.0
0.09737508143298328,0.0032146466663107278,69,1.0066507260780782,5.546912895658472e-05,7,99.91666666666667,0.03152066841721535,-1.0
0.09479833911173045,0.005724237579852342,70,1.0054600259754807,4.767963140691306e-05,7,99.8333334128062,0.031148944149414697,-1.0
0.06026808461174369,0.004492943896912039,71,0.6478556108195335,4.059528871837034e-05,7,100.0,0.026031158020099004,-1.0
0.06099571697413921,0.003157472820021212,72,0.6418640739284456,3.4227024433899e-05,7,99.91666666666667,0.02549136703213056,-1.0
0.07909699520096183,0.004060357296839357,73,0.8318391910288483,2.8584657955444653e-05,7,100.0,0.028078442066907884,-1.0
0.07836445069406181,0.004275323124602437,74,0.8266932182013988,2.367688940315011e-05,7,99.91666666666667,0.030121354684233666,-1.0
0.08532488311175257,0.00383969119284302,75,0.891890968894586,1.951128620040094e-05,7,100.0,0.025113155394792558,-1.0
0.08621230730786919,0.004076201212592423,76,0.9031161400489509,1.6094271405406862e-05,7,100.0,0.027773989886045455,-1.0
0.08648792100138962,0.0038398956879973412,77,0.9035096620209515,1.3431113807311488e-05,7,100.0,0.028836712141831717,-1.0
0.09001808410976082,0.004699150496162474,78,0.9474082479719073,1.1525919802101659e-05,7,100.0,0.02608321890234947,-1.0
0.08678555176593364,0.0030631039291620253,79,0.8987252940423787,1.0381627060842164e-05,7,100.0,0.027281277179718018,-1.0
0.08367721287067979,0.004323948035016656,80,0.8802478821016848,1e-05,7,100.0,0.02520214840769768,-1.0
0.0939115654592487,0.016223778800022872,1,1.2117669719737023,0.000999618372939158,8,1.6923076923076923,4.725981068244347,-1.0
0.08677298099395227,0.003686584743925116,2,0.9953389561269432,0.0009984740801978985,8,3.6923076923076925,4.4058907860976,-1.0
0.08853037983433089,0.005000906530767679,3,1.0291074041742831,0.0009965688861926887,8,6.307692308838551,4.176829927884615,-1.0
0.0896728893276304,0.004070401318709959,4,1.0314518080558628,0.0009939057285945933,8,6.769230769230769,3.963309043003963,-1.0
0.08968735854564742,0.002626675646752119,5,1.0157926809042692,0.0009904887137995992,8,9.076923079215563,3.91168177824754,-1.0
0.08920794319022786,0.0038922425486486068,6,1.0243368339724839,0.00098632311059685,8,9.692307701477638,3.8269651691730204,-1.0
0.08936630699529567,0.0024898322934115476,7,1.0106549570336938,0.0009814153420445555,8,10.538461540754025,3.71770479789147,-1.0
0.0870723261455582,0.002511802954937924,8,0.9856595480814576,0.0009757729755661012,8,13.15384615613864,3.5884206911233756,-1.0
0.08839790620417758,0.002694259694015438,9,1.0022421260364354,0.0009694047112816298,8,13.92307692536941,3.4864138097029467,-1.0
0.08923181430013342,0.0023872418837113814,10,1.0080356651451439,0.0009623203685930871,8,14.615384616530859,3.4301100496145396,-1.0
0.08863363770598714,0.002451893026855859,11,1.002184220822528,0.0009545308710434153,8,17.230769233061718,3.2892507215646596,-1.0
0.08906604711559009,0.0038096341516145253,12,1.0218656319193542,0.0009460482294732422,8,18.30769230883855,3.213295241135817,-1.0
0.0885114637626843,0.005581969501111995,13,1.0352567869704217,0.0009368855235010348,8,21.307692309984795,3.0746143275040847,-1.0
0.08996655099855905,0.0052633457393808794,14,1.047810564050451,0.0009270568813552758,8,23.07692308609302,2.9927096315530632,-1.0
0.08680460087701002,0.003926394655453888,15,0.9983207988552749,0.0009165774580897602,8,24.46153846153846,2.813648470365084,-1.0
0.0864334768107669,0.0024901908314363523,16,0.9784700360614806,0.0009054634122155992,8,26.615384615384617,2.7499554458031286,-1.0
0.08719401196999983,0.0036779558497735047,17,0.9998900010250509,0.0008937318807859689,8,29.84615385532379,2.6471517951671895,-1.0
0.08513112709095533,0.0036721464500508523,18,0.9771349150687456,0.0008814009529720156,8,30.692307692307693,2.5237340376927304,-1.0
0.08651966656642882,0.005586755059828813,19,1.0134374350309372,0.0008684896421706646,8,36.61538462455456,2.3919473728766807,-1.0
0.08861776498485018,0.002548893109302629,20,1.0030657860916108,0.0008550178566873412,8,35.76923078757066,2.315225266676683,-1.0
0.08773358238183639,0.0023598028981888838,21,0.9912644731812179,0.0008410063690388064,8,40.30769229852236,2.169853891959557,-1.0
0.08662574983794581,0.004212620265951211,22,0.9994549390394241,0.0008264767839234412,8,41.0,2.1180938735375037,-1.0
0.08663931615989316,0.004032398468222131,23,0.9976241530384868,0.000811451504908368,8,40.53846154304651,2.113982425102821,-1.0
0.08529330201616342,0.0038534477988088674,24,0.9808600139804184,0.0007959536998847743,8,43.92307693224687,1.997878043101384,-1.0
0.08673913387412374,0.003846120046959682,25,0.9966688670683652,0.0007800072653447032,8,45.38461539378533,1.931125829403217,-1.0
0.08608292481354014,0.005528136537494985,26,1.0079583378974348,0.0007636367895343947,8,48.76923076006082,1.8193185190054086,-1.0
0.08715073745274408,0.005625665907494046,27,1.0207712419796735,0.0007468675145409928,8,51.6153846520644,1.7032416006234976,-1.0
0.08587256916375323,0.0028987186537547545,28,0.9767189470585436,0.0007297252973710758,8,55.61538462455456,1.5875311638758733,-1.0
0.08723474757491866,0.003216971791434017,29,0.9952168229501694,0.0007122365700810271,8,57.07692309526297,1.5233639530035166,-1.0
0.08471379249187355,0.0030011146075346255,30,0.9651482619810849,0.0006944282990207196,8,59.38461539378533,1.4470917925467859,-1.0
0.08605812001042068,0.004967923614789139,31,1.0015885210596025,0.0006763279432533592,8,63.30769233520214,1.3274304789763232,-1.0
0.08631712253290144,0.0025146993893114004,32,0.9774481051135808,0.0006579634122155992,8,64.61538467040428,1.2686998924842248,-1.0
0.07018680218607187,0.003471254180608825,33,0.8104702960699797,0.000639363022683212,8,66.23076922159929,1.1838109471247746,-1.0
0.0923539253840731,0.0038386716253378176,34,1.0583477590698749,0.0006205554551086735,8,70.84615384615384,1.0903360748291016,-1.0
0.09683659579604864,0.004186972107907588,35,1.1114951190538704,0.0006015697093979838,8,70.84615388283363,1.0946109720376822,-1.0
0.09348357576792213,0.0025274595034054733,36,1.056357430992648,0.0005824350601949146,8,74.15384615384616,0.9471255672894991,-1.0
0.09658605021170595,0.003070178505202586,37,1.0964543379377574,0.0005631810117416299,8,81.00000003667978,0.778213870708759,-1.0
0.09705317045815966,0.002578639637001536,38,1.0962025090120733,0.0005438372523852835,8,82.23076923993918,0.7482752220447246,-1.0
0.09685605421492999,0.0037224336992949247,39,1.106597085017711,0.0005244336088007391,8,79.07692313194275,0.7929392832976121,-1.0
0.097000389338725,0.0028338139368729157,40,1.098460238892585,0.0005050000000000001,8,85.23076923076923,0.6439837529109075,-1.0
0.09409576684067195,0.0037295321764593773,41,1.0763897029682994,0.0004855663911992613,8,85.4615384707084,0.6400281106508695,-1.0
0.05747516120953316,0.002741355978121812,42,0.6626479770056903,0.00046616274761471693,8,86.38461540295528,0.5845425770832942,-1.0
0.06844435661861842,0.0030206101946532726,43,0.7863494658377022,0.00044681898825837057,8,90.76923080591055,0.5042976700342618,-1.0
0.0989406739403917,0.003911641257053072,44,1.1316117700189352,0.000427564939805086,8,92.53846155680142,0.4204900803932777,-1.0
0.09785177198831331,0.0038067578253420916,45,1.1184930498711765,0.00040843029060201667,8,92.15384619052594,0.4311801321689899,-1.0
0.09448288645679978,0.002473537450317632,46,1.06675567291677,0.000389444544891327,8,93.15384617218605,0.38624319443335897,-1.0
0.06007090966555883,0.003685900073667819,47,0.7015551999211311,0.0003706369773167883,8,94.23076921242934,0.3833239481999324,-1.0
0.059033846969462254,0.00381553994322365,48,0.6916201689746231,0.0003520365877844012,8,95.00000005501967,0.33274161668924185,-1.0
0.07953511506573042,0.003255801106041128,49,0.9109842318575829,0.0003336720567466412,8,95.76923080591055,0.31165244304216827,-1.0
0.07911358280530707,0.002964873290197416,50,0.9030968160368502,0.0003155717009792807,8,94.3076923076923,0.31237201415575466,-1.0
0.08454415661452169,0.0024527238512581043,51,0.9572092278394848,0.00029776342991897335,8,95.53846153846153,0.29139458417892455,-1.0
0.08496245951391757,0.004019094673408704,52,0.9790493829641491,0.00028027470262892445,8,96.38461538461539,0.25639520360873297,-1.0
0.07751007847995921,0.00249339606274258,53,0.8802751540206373,0.0002631324854590073,8,98.61538459704472,0.1887827625641456,-1.0
0.0875550418118523,0.003666481384160844,54,1.0036994069814682,0.0002463632104656054,8,98.46153846153847,0.18113245028715869,-1.0
0.08696903495795348,0.0027347838463769717,55,0.9869887649547309,0.0002299927346552969,8,98.3076923260322,0.17263206445253812,-1.0
0.08735121227800846,0.005627297351814129,56,1.0230019520968199,0.00021404630011522587,8,96.99999998166011,0.19179680008154648,-1.0
0.08714319494637576,0.0022901138714091344,57,0.9839983428828418,0.00019854849509163232,8,98.15384613550626,0.17437346696853637,-1.0
0.08629033443602649,0.003925033739175309,58,0.9926066640764475,0.00018352321607655918,8,97.6923076923077,0.1851209838115252,-1.0
0.08720185719853775,0.0043259143448350105,59,1.0070475691463798,0.00016899363096119395,8,98.53846152012164,0.15519438065015354,-1.0
0.08487221219746227,0.002461125164038756,60,0.9609066089615226,0.000154982143312659,8,98.30769234437209,0.15182316541671753,-1.0
0.08115675243210387,0.003395529654385014,61,0.9303142498247325,0.0001415103578293356,8,99.0,0.12797505314533528,-1.0
0.09654884271069684,0.003773018019273877,62,1.1037718539591879,0.0001285990470279847,8,99.30769236271198,0.11496313150112446,-1.0
0.09264134962789038,0.003505479544401169,63,1.0578436120413244,0.0001162681192140312,8,99.53846152012164,0.10476214573933527,-1.0
0.09594515871933916,0.0036780550991269674,64,1.096088661113754,0.00010453658778440107,8,99.38461543963506,0.10910871368188124,-1.0
0.09582580321214416,0.003943233242766423,65,1.0976945429574698,9.342254191024022e-05,8,99.38461543963506,0.11827354797950158,-1.0
0.09775778287175027,0.002295899861068888,66,1.1008320699911565,8.294311864472437e-05,8,99.23076928578891,0.11079392634905301,-1.0
0.09751250393773345,0.002494633515280756,67,1.1003313190303743,7.311447649896551e-05,8,99.38461543963506,0.1049081538273738,-1.0
0.09138050169514661,0.003743754932656884,68,1.0466425539925694,6.395177052675794e-05,8,99.61538459704472,0.0930341662810399,-1.0
0.06630753046324984,0.0028533608102324333,69,0.7609994581434876,5.546912895658472e-05,8,99.61538459704472,0.09681827535996071,-1.0
0.05659092748960988,0.003676519517532804,70,0.6632100271526724,4.767963140691306e-05,8,99.84615384615384,0.08455629573418544,-1.0
0.09800249407999218,0.0038220865694297986,71,1.1203176251146942,4.059528871837034e-05,8,99.84615384615384,0.08255009949207306,-1.0
0.09850957204418426,0.002503852127119899,72,1.1114247099030763,3.4227024433899e-05,8,99.6923076739678,0.08349597128537985,-1.0
0.09826655271039768,0.0035836817485026336,73,1.1205888919066638,2.8584657955444653e-05,8,99.53846153846153,0.08106366065832285,-1.0
0.06667094436389479,0.004369019192050804,74,0.7817148289177567,2.367688940315011e-05,8,99.92307692307692,0.08626596175707303,-1.0
0.05990185552615334,0.003908033927225254,75,0.7021843448746949,1.951128620040094e-05,8,100.0,0.07663699874511132,-1.0
0.06703671512447974,0.004050010518932884,76,0.782253909856081,1.6094271405406862e-05,8,99.53846152012164,0.07605420222649208,-1.0
0.08500172045420516,0.0024458526379682803,77,0.962182680843398,1.3431113807311488e-05,8,99.84615384615384,0.0793811694933818,-1.0
0.08521637654947964,0.0036405229052020745,78,0.9776613048743457,1.1525919802101659e-05,8,99.6923076739678,0.0738296052125784,-1.0
0.08750347757119346,0.002440740523690527,79,0.9896303231362253,1.0381627060842164e-05,8,99.92307690473703,0.079037854212981,-1.0
0.08883047156797891,0.00323255897753618,80,1.0129496389999986,1e-05,8,99.84615384615384,0.07335074874070975,-1.0
0.09398554475046694,0.016959876076064327,1,1.220701339887455,0.000999618372939158,9,2.21428573344435,4.717738562992641,-1.0
0.09264740157364444,0.0030781969809058037,2,1.0533171750139445,0.0009984740801978985,9,4.8571429295199255,4.3208324895586285,-1.0
0.09146444948220794,0.0039212741592729635,3,1.0495643890462816,0.0009965688861926887,9,8.714285752602986,4.031819013868059,-1.0
0.09127015931616453,0.0039544033140621404,4,1.0477708079852164,0.0009939057285945933,9,10.285714362348829,3.8623421914236884,-1.0
0.09135948373428122,0.004092432346872308,5,1.0502841130364686,0.0009904887137995992,9,12.142857215234212,3.703014087677002,-1.0
0.09248847817070782,0.004126004366712136,6,1.0630674480926245,0.00098632311059685,9,13.928571505205971,3.538717133658273,-1.0
0.09101763359186324,0.004030370597981594,7,1.0457838280126452,0.0009814153420445555,9,14.14285718543189,3.4545157255445207,-1.0
0.09163391655734317,0.004264105809852481,8,1.0551222409121692,0.0009757729755661012,9,19.214285807950155,3.2743115438733783,-1.0
0.09171104390936141,0.0040106640028005295,9,1.0531873879954219,0.0009694047112816298,9,22.500000102179392,3.096680214745658,-1.0
0.09086323438466272,0.0026193430689586835,10,1.028572766110301,0.0009623203685930871,9,23.642857228006637,2.972198238372803,-1.0
0.08293164062144404,0.0038978566457940774,11,0.9553863310720772,0.0009545308710434153,9,25.000000076634542,2.85381144796099,-1.0
0.09318110861138186,0.0037940604908561163,12,1.0669830618426204,0.0009460482294732422,9,28.428571547780717,2.713642952782767,-1.0
0.09104795148596168,0.0044284647711637344,13,1.0504754798021168,0.0009368855235010348,9,32.14285717691694,2.517129498890468,-1.0
0.09152414808473126,0.003996024903079326,14,1.0509631128516048,0.0009270568813552758,9,34.78571435383388,2.4047733701978413,-1.0
0.09132938700812784,0.0039504495322365656,15,1.0483345149550587,0.0009165774580897602,9,39.42857166699001,2.2350372886657714,-1.0
0.09046365422281352,0.0026275006927211175,16,1.0242433638777584,0.0009054634122155992,9,41.78571443898337,2.1462479046412875,-1.0
0.08737905619835312,0.0025763863443650985,17,0.9897572379559278,0.0008937318807859689,9,48.28571460928236,1.9156220054626465,-1.0
0.08916155638342554,0.0057085455310615625,18,1.043809044873342,0.0008814009529720156,9,52.14285741533552,1.739727110181536,-1.0
0.09238653090274469,0.0026353533718396316,19,1.0454917820170522,0.0008684896421706646,9,54.785714456013274,1.6394269248417446,-1.0
0.09171491626396099,0.004231312650848518,20,1.0556508989538997,0.0008550178566873412,9,57.78571466037205,1.5537210123879568,-1.0
0.09298803242431446,0.003514082044024359,21,1.0617673830129206,0.0008410063690388064,9,60.42857183728899,1.4551136595862253,-1.0
0.09167615396224639,0.003903969402678988,22,1.051620724145323,0.0008264767839234412,9,66.7142858505249,1.265793993132455,-1.0
0.09041647416200828,0.0022790597497739577,23,1.0198940159752965,0.000811451504908368,9,67.9285717010498,1.1863304880687169,-1.0
0.09226448281498795,0.003900557184930552,24,1.058100014925003,0.0007959536998847743,9,73.07142877578735,1.0451887845993042,-1.0
0.09210794607431373,0.0023601178333840585,25,1.039450303884223,0.0007800072653447032,9,75.5000001362392,0.9690056126458304,-1.0
0.08988234553147446,0.00246819737367332,26,1.0161413790192455,0.0007636367895343947,9,78.4285718713488,0.8537105924742563,-1.0
0.09044485467232087,0.0024501450613818383,27,1.0221407590433955,0.0007468675145409928,9,82.928571837289,0.7249991774559021,-1.0
0.09034461610611867,0.004305349811064926,28,1.0414425621274859,0.0007297252973710758,9,85.28571486473083,0.6149740747043064,-1.0
0.09150224428793247,0.004042407434264367,29,1.051278738072142,0.0007122365700810271,9,89.71428602082389,0.5207243609428406,-1.0
0.09169362811371684,0.0025295497934249315,30,1.036749737104401,0.0006944282990207196,9,91.14285751751491,0.44427584869521003,-1.0
0.09229932225901973,0.0023745442952283406,31,1.041664909105748,0.0006763279432533592,9,91.64285744939532,0.40203808886664255,-1.0
0.09111500607634132,0.00468612601980567,32,1.0541019060183316,0.0006579634122155992,9,93.78571493285042,0.32807298421859743,-1.0
0.09189725582572547,0.004972495540807193,33,1.0658504380844533,0.000639363022683212,9,94.07142918450492,0.29274142810276577,-1.0
0.08972701961597936,0.0037313348359682345,34,1.0282907008659095,0.0006205554551086735,9,96.28571455819267,0.25117621302604676,-1.0
0.07688736640424891,0.005050195232880386,35,0.9020311899948865,0.0006015697093979838,9,95.92857197352818,0.23074477127620152,-1.0
0.0884657186371359,0.002450933806936849,36,1.0003757639788091,0.0005824350601949146,9,97.857143504279,0.18085474031312124,-1.0
0.10113935769450935,0.0035301592116328802,37,1.151665234938264,0.0005631810117416299,9,98.92857207570758,0.15080860563686915,-1.0
0.09909668111835014,0.002371521603146737,38,1.1163946948945522,0.0005438372523852835,9,98.8571434361594,0.13216264230864389,-1.0
0.10220087226480246,0.0026037527290596204,39,1.1531675979495049,0.0005244336088007391,9,98.92857207570758,0.10647097630160196,-1.0
0.10246207065541636,0.0023793352513828063,40,1.1535552330315113,0.0005050000000000001,9,99.14285778999329,0.09414404541254044,-1.0
0.10118638472208245,0.003951802003112706,41,1.156817127019167,0.0004855663911992613,9,99.42857142857143,0.08542237545762743,-1.0
0.1012734531594271,0.0036265649197792463,42,1.1541878778953105,0.00046616274761471693,9,99.5,0.08259143160922186,-1.0
0.09612864785065706,0.0033791721586815334,43,1.0948717170394957,0.00044681898825837057,9,99.42857142857143,0.07160457155534199,-1.0
0.06164376111701131,0.00256495668806813,44,0.7065894750412554,0.000427564939805086,9,99.71428629330227,0.060415244783673966,-1.0
0.08220914979888634,0.004763737109235742,45,0.9570047378074378,0.00040843029060201667,9,99.42857142857143,0.05848553789513452,-1.0
0.10235304249958559,0.004005847583440217,46,1.170243602944538,0.000389444544891327,9,99.57142857142857,0.052375572153500145,-1.0
0.10394176561385393,0.0028625690293583002,47,1.1751437128987163,0.0003706369773167883,9,99.78571428571429,0.044596080822604044,-1.0
0.08659587157043544,0.0026056823236021128,48,0.981499443994835,0.0003520365877844012,9,99.78571486473083,0.040089147367647716,-1.0
0.06557257407852872,0.0036119514525952664,49,0.7613281069789082,0.0003336720567466412,9,99.64285714285714,0.03965622848698071,-1.0
0.069016618759964,0.003731993323361332,50,0.8004649358335882,0.0003155717009792807,9,99.78571428571429,0.04208379424044064,-1.0
0.08899565936404873,0.0038779784544286404,51,1.0218943101353943,0.00029776342991897335,9,99.85714285714286,0.03245714609112058,-1.0
0.09173233110711655,0.0023850582497702403,52,1.035536248004064,0.00028027470262892445,9,99.92857142857143,0.031943695044943266,-1.0
0.09286399589936165,0.004045142813331701,53,1.0662423770409077,0.0002631324854590073,9,99.71428636142186,0.034448777735233305,-1.0
0.09205841855145991,0.0040615571832115,54,1.0575711289420724,0.0002463632104656054,9,100.0,0.027096610548240797,-1.0
0.09051959413442422,0.0035335687835785475,55,1.0348219859879464,0.0002299927346552969,9,99.92857142857143,0.02427910237440041,-1.0
0.09329027371396395,0.002626448552208868,56,1.0553367829415947,0.00021404630011522587,9,100.0,0.022241623241986547,-1.0
0.09185753802938218,0.003636104054749012,57,1.050682540051639,0.00019854849509163232,9,99.92857142857143,0.02568192879004138,-1.0
0.09116990021853284,0.00326262751001526,58,1.0390016781166196,0.00018352321607655918,9,99.92857142857143,0.022188175937959125,-1.0
0.0925426038871096,0.00376350455917418,59,1.0596208518836647,0.00016899363096119395,9,100.0,0.0214766763150692,-1.0
0.09247016117230734,0.003688612381335009,60,1.058023001998663,0.000154982143312659,9,100.0,0.01952994320009436,-1.0
0.09245844583281061,0.0035332796290855517,61,1.056150701828301,0.0001415103578293356,9,100.0,0.020164660524044718,-1.0
0.0939031418370591,0.002262010260231116,62,1.0580599959939718,0.0001285990470279847,9,100.0,0.019823381347315653,-1.0
0.09215136553922837,0.003571951910006729,63,1.0532045031432062,0.0001162681192140312,9,100.0,0.020861781910061838,-1.0
0.07362046803940427,0.004252343057570132,64,0.856897183926776,0.00010453658778440107,9,100.0,0.018015338980725833,-1.0
0.10116617931899699,0.005770760588347912,65,1.1765955910086632,9.342254191024022e-05,9,100.0,0.017391899419682368,-1.0
0.09983096229420467,0.0029598927887325936,66,1.130988416960463,8.294311864472437e-05,9,100.0,0.017599146318222795,-1.0
0.10283358329483731,0.0035247966985810886,67,1.1702061651740223,7.311447649896551e-05,9,100.0,0.018407750502228738,-1.0
0.10152278499762443,0.003646334739063274,68,1.1571233111899346,6.395177052675794e-05,9,100.0,0.018750249349645205,-1.0
0.10296630848791789,0.00379256032068621,69,1.1746194527950138,5.546912895658472e-05,9,100.0,0.017464247313993316,-1.0
0.10217854226092724,0.00338449564085088,70,1.1614626289810985,4.767963140691306e-05,9,100.0,0.01712770679167339,-1.0
0.10298832383176143,0.0024277934254231777,71,1.1598508190363646,4.059528871837034e-05,9,100.0,0.01659772591399295,-1.0
0.06781076993369921,0.0040279255163940516,72,0.7904978359583765,3.4227024433899e-05,9,100.0,0.014461836367845536,-1.0
0.07586864403195002,0.003158865708180449,73,0.8697181059978902,2.8584657955444653e-05,9,100.0,0.016155309900641443,-1.0
0.10459314805286174,0.002417682775888931,74,1.177411476150155,2.367688940315011e-05,9,100.0,0.017108802087605,-1.0
0.10327686172571372,0.0036657086404209786,75,1.1766529290471226,1.951128620040094e-05,9,100.0,0.015001372897199222,-1.0
0.090092208892615,0.005784690655259924,76,1.0549293980002403,1.6094271405406862e-05,9,100.0,0.014216362807367528,-1.0
0.06410701513629068,0.0037451707758009434,77,0.7466083848848939,1.3431113807311488e-05,9,100.0,0.01640005173427718,-1.0
0.06646905327215791,0.0024468271823769264,78,0.7583040171302855,1.1525919802101659e-05,9,100.0,0.01590836016195161,-1.0
0.09230064490640705,0.003737498095936396,79,1.056647352874279,1.0381627060842164e-05,9,100.0,0.014815526200192315,-1.0
0.09286586783657019,0.003472338980910453,80,1.0599732617847621,1e-05,9,100.0,0.01693549623446805,-1.0
0.09536208431624497,0.01587396503115694,1,1.335145358927548,0.000999618372939158,10,2.3999999980131785,4.674464202880859,-1.0
0.09030154838304345,0.0024410701977709928,2,1.1132346850354224,0.0009984740801978985,10,4.399999998013178,4.337789807637533,-1.0
0.09099712019087747,0.0034448690712451935,3,1.1335920819547027,0.0009965688861926887,10,5.800000011920929,4.090584958394368,-1.0
0.09054031651855136,0.0038301104796119034,4,1.1326888068579137,0.0009939057285945933,10,8.399999996026358,3.9110371907552084,-1.0
0.09149609308224171,0.0022995011725773415,5,1.125795140862465,0.0009904887137995992,10,10.533333345254261,3.7740892588297528,-1.0
0.09217572639075418,0.0028293096111156046,6,1.1403244570828974,0.00098632311059685,10,11.999999994039536,3.623593428293864,-1.0
0.08974881367369865,0.0024074082418034473,7,1.1066610370762646,0.0009814153420445555,10,14.999999992052715,3.5387537027994793,-1.0
0.09171808404304709,0.0032063391214857497,8,1.1393457357771695,0.0009757729755661012,10,16.199999992052714,3.408440144220988,-1.0
0.0905922592501156,0.003290410832657168,9,1.1268933601677418,0.0009694047112816298,10,20.13333336909612,3.2104089419047037,-1.0
0.09180633506427209,0.0035473121873413524,10,1.1445867388974875,0.0009623203685930871,10,20.600000031789143,3.086221170425415,-1.0
0.09126564237521961,0.003399393967508028,11,1.1362736341543496,0.0009545308710434153,10,24.46666669845581,2.9263064734141033,-1.0
0.09147127651764701,0.0034002543931516507,12,1.138750646961853,0.0009460482294732422,10,28.466666785875955,2.7773516896565753,-1.0
0.09161648526787758,0.0022282932380524776,13,1.126381115987897,0.0009368855235010348,10,31.133333317438762,2.6383810634613036,-1.0
0.09253639042920743,0.003226544572195659,14,1.1494575520046055,0.0009270568813552758,10,32.46666661898295,2.533349484761556,-1.0
0.09124692486754309,0.0032911261271995804,15,1.1347440998069942,0.0009165774580897602,10,34.733333452542624,2.4022622674306233,-1.0
0.09038828367677827,0.0035459237406030297,16,1.1274940920993686,0.0009054634122155992,10,40.20000008742014,2.2147577521006268,-1.0
0.09185874491231516,0.003628225182183087,17,1.1461335641797632,0.0008937318807859689,10,44.533333309491475,2.043919392267863,-1.0
0.09110743798858796,0.002925827264940987,18,1.1286394910421222,0.0008814009529720156,10,46.13333335717519,1.9355344060262045,-1.0
0.09008231964738418,0.0022334285119237998,19,1.1080501382239163,0.0008684896421706646,10,47.599999992052716,1.8435908037821451,-1.0
0.0907322745770216,0.0024471265884737172,20,1.1183935550507158,0.0008550178566873412,10,53.20000011126201,1.6932928345998128,-1.0
0.08850139847102885,0.0022232875344343483,21,1.0889442630577832,0.0008410063690388064,10,57.333333555857344,1.544010942776998,-1.0
0.09041948661130543,0.0032856143855800233,22,1.1246980149298906,0.0008264767839234412,10,64.80000020662943,1.333826820373535,-1.0
0.09141914098290727,0.0026214930112473667,23,1.1287418769206852,0.000811451504908368,10,68.7333335240682,1.1830821987787883,-1.0
0.0919299698046719,0.00257272853438432,24,1.134281673002988,0.0007959536998847743,10,71.93333333333334,1.0652540562947592,-1.0
0.09000394400209188,0.002831419735836486,25,1.114268850069493,0.0007800072653447032,10,76.86666671435039,0.9293087151845296,-1.0
0.09210920075808342,0.002733252321680387,26,1.1383659599814564,0.0007636367895343947,10,76.8,0.8817366520563762,-1.0
0.0917025200324133,0.0027106383931823075,27,1.1332609630189836,0.0007468675145409928,10,79.60000017484029,0.7900868428548177,-1.0
0.0928103651967831,0.0023939264744209745,28,1.1427565650083125,0.0007297252973710758,10,82.39999996821085,0.7398493517239888,-1.0
0.09167717358407874,0.0031904465868137777,29,1.1386597040109336,0.0007122365700810271,10,84.53333350817363,0.6240708964665731,-1.0
0.09043154184473678,0.0024009228218346834,30,1.1142525780014694,0.0006944282990207196,10,87.79999992052714,0.5563131837844849,-1.0
0.08974975029317041,0.002164833538699895,31,1.1032178290188313,0.0006763279432533592,10,90.26666692097982,0.45477069489161176,-1.0
0.09252760860060032,0.0022177702242818973,32,1.1371827118564397,0.0006579634122155992,10,91.600000111262,0.4045903344154358,-1.0
0.09153994362956534,0.002214436128269881,33,1.1253402750007808,0.000639363022683212,10,93.66666677792867,0.3350057040055593,-1.0
0.09103510862526794,0.0032860334613360465,34,1.1321095069870353,0.0006205554551086735,10,94.33333344459534,0.31115101448694865,-1.0
0.07846182627448191,0.003286262295053651,35,0.9812139258719981,0.0006015697093979838,10,95.46666671435038,0.2539002226193746,-1.0
0.09059959582130735,0.0033377549261786044,36,1.1274963999167085,0.0005824350601949146,10,96.93333341280619,0.22099253741900127,-1.0
0.09897316373341407,0.00258780102012679,37,1.2190193661954254,0.0005631810117416299,10,97.40000004768372,0.19412148622671763,-1.0
0.09740361819664638,0.00320562863877664,38,1.2075602440163493,0.0005438372523852835,10,98.0666666984558,0.16534403391679128,-1.0
0.10257967332533251,0.00244807576139768,39,1.2605742290616035,0.0005244336088007391,10,98.33333339691163,0.13022227676709494,-1.0
0.10051740054041147,0.0028818134645310542,40,1.2410280520562083,0.0005050000000000001,10,99.13333334922791,0.10110138156016668,-1.0
0.09965687778700764,0.0030335468084861836,41,1.2325279370415956,0.0004855663911992613,10,99.13333334922791,0.09058174697558086,-1.0
0.10162732833608364,0.0023474450766419372,42,1.2479426369536668,0.00046616274761471693,10,99.26666668256124,0.08384824200471243,-1.0
0.06909656062877427,0.002159050044914087,43,0.8552948678843677,0.00044681898825837057,10,99.33333333333333,0.0810278278986613,-1.0
0.07259623830517133,0.0021803820466933153,44,0.8975528429728001,0.000427564939805086,10,99.46666668256124,0.07410082296530406,-1.0
0.10265986539889127,0.0026261651849684617,45,1.2636855151504278,0.00040843029060201667,10,99.66666666666667,0.057418814142545065,-1.0
0.10213999997358769,0.002200151289192339,46,1.2523204220924526,0.000389444544891327,10,99.93333333333334,0.04570508008201917,-1.0
0.08383780921576545,0.003210207117566218,47,1.0448066100943834,0.0003706369773167883,10,99.8,0.04259114784995715,-1.0
0.06447156508996461,0.003478232150276502,48,0.8156724870204926,0.0003520365877844012,10,99.40000001589458,0.046512307365735375,-1.0
0.06941550900228322,0.002137205156031996,49,0.8588796788826585,0.0003336720567466412,10,99.66666666666667,0.03896736201643944,-1.0
0.08869539437970768,0.0036409261131969592,50,1.1082808410283178,0.0003155717009792807,10,99.66666666666667,0.039697420398394266,-1.0
0.09029837984902163,0.0032804544122579196,51,1.1231768759898841,0.00029776342991897335,10,99.86666666666666,0.03203476585944494,-1.0
0.09146366313022251,0.0021764913690276444,52,1.1244396350812167,0.00028027470262892445,10,99.86666666666666,0.027073405861854555,-1.0
0.09140756718503933,0.0038719754084013402,53,1.143615610897541,0.0002631324854590073,10,99.93333333333334,0.02876030243933201,-1.0
0.09009500461009641,0.00278920695806543,54,1.1149845970794559,0.0002463632104656054,10,100.0,0.028313022563854852,-1.0
0.0918209861847572,0.003737614742324998,55,1.1469463731627911,0.0002299927346552969,10,100.0,0.02292719206213951,-1.0
0.09024359375083198,0.002081270834120611,56,1.1081408380996436,0.00021404630011522587,10,100.0,0.022119573881228764,-1.0
0.09006149482835706,0.003612900172205021,57,1.1243217510636896,0.00019854849509163232,10,100.0,0.02243185191353162,-1.0
0.09101866005221382,0.003948293432282905,58,1.1398515328764915,0.00018352321607655918,10,99.93333333333334,0.022933509985605876,-1.0
0.09038457055188094,0.003270684857852757,59,1.1240964538883418,0.00016899363096119395,10,100.0,0.01880304550131162,-1.0
0.0921231124860545,0.0023175067617557943,60,1.1335094929672778,0.000154982143312659,10,100.0,0.018734241897861163,-1.0
0.09283383400179446,0.00224714926055943,61,1.1412039059214294,0.0001415103578293356,10,99.93333333333334,0.019878809655706087,-1.0
0.0917499207619888,0.003636498896715542,62,1.144876783946529,0.0001285990470279847,10,100.0,0.018895055448015532,-1.0
0.09141366321515913,0.0024127416933576265,63,1.1262600009795278,0.0001162681192140312,10,100.0,0.01841677745183309,-1.0
0.0924981187369364,0.0034359101749335728,64,1.1516069329809397,0.00010453658778440107,10,99.93333333333334,0.01711821433901787,-1.0
0.09092592905896406,0.0035411431842173138,65,1.1338977341074497,9.342254191024022e-05,10,100.0,0.01878125507136186,-1.0
0.09173450188245624,0.00255938054760918,66,1.131868900032714,8.294311864472437e-05,10,100.0,0.016346728935837745,-1.0
0.091940693227419,0.00330758118070662,67,1.143372941063717,7.311447649896551e-05,10,100.0,0.01629107197622458,-1.0
0.07857031417855372,0.0025321959013429782,68,0.9735060629900545,6.395177052675794e-05,10,100.0,0.015845765881240367,-1.0
0.09989053253472473,0.004932406300213188,69,1.2581624139565974,5.546912895658472e-05,10,100.0,0.01678075727323691,-1.0
0.09749840347406764,0.0034281111826809743,70,1.2114634020254016,4.767963140691306e-05,10,100.0,0.01652513189117114,-1.0
0.10144162672804669,0.0034480191922436156,71,1.258980737067759,4.059528871837034e-05,10,100.0,0.014618646154801051,-1.0
0.09992004523519427,0.0033769571843246617,72,1.2398555150721222,3.4227024433899e-05,10,100.0,0.014665219614903132,-1.0
0.1000700523533548,0.003872094734106213,73,1.2476132840383798,2.8584657955444653e-05,10,100.0,0.015087080786625543,-1.0
0.09915676872090746,0.0023949553724378347,74,1.218917272053659,2.367688940315011e-05,10,100.0,0.016974735458691916,-1.0
0.08017154984797041,0.0037365549748453,75,1.0072029947768897,1.951128620040094e-05,10,100.0,0.017423590873678525,-1.0
0.06047788770714154,0.0027099522024703524,76,0.7584974328055978,1.6094271405406862e-05,10,100.0,0.013615159884095191,-1.0
0.09830771803778286,0.003598204212418447,77,1.2231204689014703,1.3431113807311488e-05,10,100.0,0.015687640756368637,-1.0
0.10169882009116311,0.003704412995527188,78,1.265094940084964,1.1525919802101659e-05,10,100.0,0.016272776092092198,-1.0
0.10001230876271923,0.0022160299122333527,79,1.2269892150070518,1.0381627060842164e-05,10,100.0,0.01701688808699449,-1.0
0.06257981056114659,0.0022411372628994286,80,0.7781154979020357,1e-05,10,100.0,0.01644529937952757,-1.0
0.09634925048941603,0.014602666344636908,1,1.4427203838713467,0.000999618372939158,11,2.5625,4.697330932617188,-1.0
0.09103432924558337,0.0036165624355467465,2,1.2308050349820405,0.0009984740801978985,11,4.4375,4.349687194824218,-1.0
0.0907638086579167,0.001967290649190545,3,1.205831459024921,0.0009965688861926887,11,7.625,4.083995056152344,-1.0
0.08943882059807387,0.0038866103949168553,4,1.2135466251056641,0.0009939057285945933,11,9.125,3.9004465103149415,-1.0
0.0901681392883452,0.003188332327856467,5,1.2139270270708948,0.0009904887137995992,11,11.0,3.770865631103516,-1.0
0.09092424444567698,0.0021509666962978933,6,1.210266575915739,0.00098632311059685,11,12.375,3.6433425903320313,-1.0
0.0908137270464347,0.0025671231023107585,7,1.2141888081096113,0.0009814153420445555,11,14.5625,3.47084602355957,-1.0
0.09040258708409965,0.00210374454036355,8,1.2028105321805924,0.0009757729755661012,11,17.75,3.358815860748291,-1.0
0.0902237265657347,0.002357566514267371,9,1.2037863440345973,0.0009694047112816298,11,21.1875,3.169287109375,-1.0
0.09013914148538159,0.002119896969256493,10,1.199610122013837,0.0009623203685930871,11,23.5625,3.0443216514587403,-1.0
0.0901635040779813,0.001909134855780464,11,1.1971956209745258,0.0009545308710434153,11,24.6875,2.9160114669799806,-1.0
0.0909005010034889,0.002529286385442202,12,1.2148462228942662,0.0009460482294732422,11,27.875,2.797604351043701,-1.0
0.08944892924493895,0.0026073990604625298,13,1.196980059146881,0.0009368855235010348,11,29.5,2.652822608947754,-1.0
0.09023733096770369,0.002068977874632065,14,1.2002169259358197,0.0009270568813552758,11,35.1875,2.494034366607666,-1.0
0.09103075742649917,0.002155578175846201,15,1.211657474981621,0.0009165774580897602,11,36.5625,2.377933158874512,-1.0
0.09062319093097287,0.002215098374738143,16,1.2071835678070784,0.0009054634122155992,11,38.0625,2.2485991382598876,-1.0
0.09088896116456734,0.0023173519159452273,17,1.2119289480615407,0.0008937318807859689,11,41.3125,2.113335647583008,-1.0
0.08992287722559503,0.0033607746904286053,18,1.2129649899434298,0.0008814009529720156,11,45.375,2.0061856842041017,-1.0
0.09114341464681694,0.0020583885041280435,19,1.211904602125287,0.0008684896421706646,11,48.875,1.8379517936706542,-1.0
0.09045075406678595,0.002132078238691275,20,1.2038512700237334,0.0008550178566873412,11,51.625,1.7163405418395996,-1.0
0.09029258037200914,0.003115936863021209,21,1.2150791310705245,0.0008410063690388064,11,56.4375,1.571027364730835,-1.0
0.09031505657073396,0.0033486851204473237,22,1.217874679947272,0.0008264767839234412,11,62.3125,1.3985142803192139,-1.0
0.09098567672145481,0.0033637091983109713,23,1.2267868730705231,0.000811451504908368,11,63.625,1.304894552230835,-1.0
0.09089694455122718,0.002161814455086222,24,1.2100057590287179,0.0007959536998847743,11,68.625,1.1616778469085693,-1.0
0.09046552763678707,0.0021439022921885434,25,1.2041861219331622,0.0007800072653447032,11,71.125,1.0496661472320556,-1.0
0.09012217148063847,0.0028935639689174984,26,1.209451809991151,0.0007636367895343947,11,74.8125,0.9547989225387573,-1.0
0.08949362778534684,0.003412161452265886,27,1.2080131149850786,0.0007468675145409928,11,79.4375,0.8067500209808349,-1.0
0.09081453525532897,0.002965474447522026,28,1.2193839100655168,0.0007297252973710758,11,81.1875,0.7530012130737305,-1.0
0.09017848733884211,0.0036999597393262843,29,1.220658308127895,0.0007122365700810271,11,84.4375,0.6601180934906006,-1.0
0.09064371771035859,0.0024409936740994453,30,1.2103486459236592,0.0006944282990207196,11,85.8125,0.5794988131523132,-1.0
0.09014945294564733,0.002941362434425033,31,1.2104231819976121,0.0006763279432533592,11,89.625,0.48999889850616457,-1.0
0.09013306363843955,0.0034780128178401636,32,1.2171827510464936,0.0006579634122155992,11,91.1875,0.44364109039306643,-1.0
0.08973650919058575,0.003055298038256856,33,1.2065350050106645,0.000639363022683212,11,93.5,0.37430639505386354,-1.0
0.08851598538100146,0.002165530862000126,34,1.1791233448311687,0.0006205554551086735,11,93.9375,0.3224266815185547,-1.0
0.08131676099191491,0.0019580201568225254,35,1.0828282069414854,0.0006015697093979838,11,94.875,0.283673928976059,-1.0
0.0981671793672901,0.002254742394702939,36,1.3058050218969584,0.0005824350601949146,11,95.5625,0.26081797838211057,-1.0
0.09727199511745802,0.0033161083522897502,37,1.307931100949645,0.0005631810117416299,11,97.5,0.20529945611953734,-1.0
0.09968718777124125,0.003471165161150006,38,1.3413490420207381,0.0005438372523852835,11,97.75,0.1734607535600662,-1.0
0.09921927726827562,0.001986198127269745,39,1.3160117689985782,0.0005244336088007391,11,97.1875,0.172758526802063,-1.0
0.09906412625255492,0.0023532143722359952,40,1.3187567731365561,0.0005050000000000001,11,98.0625,0.14170425057411193,-1.0
0.09830063443559293,0.0025089621149863186,41,1.3107509929686785,0.0004855663911992613,11,98.125,0.1439616024494171,-1.0
0.060038319699322946,0.002755505767149421,42,0.8165557140018791,0.00046616274761471693,11,98.625,0.11946970075368882,-1.0
0.08872815878846897,0.0034344537506023278,43,1.1983544521499425,0.00044681898825837057,11,98.9375,0.1028089028596878,-1.0
0.10007628017606643,0.0026152061405949867,44,1.3352270869072527,0.000427564939805086,11,98.6875,0.10380175590515137,-1.0
0.10040685330302669,0.0023312599290735447,45,1.335838614962995,0.00040843029060201667,11,99.1875,0.08790032178163529,-1.0
0.0637289745410761,0.0028298143834735337,46,0.8654951099306345,0.000389444544891327,11,99.5,0.07641506135463715,-1.0
0.06641072860489097,0.00290766700457495,47,0.9013720299117267,0.0003706369773167883,11,99.75,0.0566178098320961,-1.0
0.08783415301989478,0.0020106002115286314,48,1.1682100428733975,0.0003520365877844012,11,99.6875,0.054944340884685514,-1.0
0.08944265779036169,0.0030277631281373594,49,1.2023616589140147,0.0003336720567466412,11,99.875,0.051630800068378446,-1.0
0.0892620576509776,0.003051965425793941,50,1.2003159481100738,0.0003155717009792807,11,99.625,0.04629556030035019,-1.0
0.09018368501431094,0.002943273060596906,51,1.2108851859811693,0.00029776342991897335,11,99.6875,0.04173132672905922,-1.0
0.09090267748643573,0.00192806704972799,52,1.2070342500228435,0.00028027470262892445,11,99.9375,0.03516299918293953,-1.0
0.08912481723998028,0.00223656021989882,53,1.1879319460131228,0.0002631324854590073,11,100.0,0.029325514435768127,-1.0
0.09048524554460667,0.002317249757022812,54,1.2066685510799289,0.0002463632104656054,11,99.875,0.0324928779900074,-1.0
0.09056695928582205,0.0031961747982467595,55,1.2191648678854108,0.0002299927346552969,11,100.0,0.026929246336221693,-1.0
0.09019342876182726,0.0022720246969793853,56,1.202310441993177,0.00021404630011522587,11,100.0,0.026409288346767427,-1.0
0.09014261307982871,0.0021092407763577425,57,1.1995579339563847,0.00019854849509163232,11,100.0,0.023966014534235,-1.0
0.09019111832962014,0.0021607722155749798,58,1.2008666128385812,0.00018352321607655918,11,100.0,0.02296822249889374,-1.0
0.08989514646908411,0.0021983792897886955,59,1.1975024831481278,0.00016899363096119395,11,100.0,0.022972080260515212,-1.0
0.09052974831026334,0.002673050549884255,60,1.2119232439436018,0.000154982143312659,11,100.0,0.02219995602965355,-1.0
0.08978263208141121,0.002993992153698435,61,1.2063775351271033,0.0001415103578293356,11,100.0,0.020409968569874763,-1.0
0.09091532798125766,0.0031982277914022026,62,1.2237608798313886,0.0001285990470279847,11,99.9375,0.023767595738172533,-1.0
0.0900418352908813,0.003413040925247165,63,1.2152012311853468,0.0001162681192140312,11,100.0,0.018368434011936188,-1.0
0.09035353274801029,0.0031490212557120966,64,1.215820390963927,0.00010453658778440107,11,99.9375,0.022781921029090883,-1.0
0.09160659412065378,0.0035055038841584553,65,1.2367521449923515,9.342254191024022e-05,11,100.0,0.018472158685326576,-1.0
0.09000988304615021,0.0023443666465867022,66,1.200914547080174,8.294311864472437e-05,11,100.0,0.017940186038613318,-1.0
0.09006565581792249,0.002673542879235286,67,1.2059071369003505,7.311447649896551e-05,11,100.0,0.015558594763278961,-1.0
0.08993308033006123,0.0029376095805603722,68,1.2076244847849011,6.395177052675794e-05,11,100.0,0.01782906152307987,-1.0
0.09050115762063517,0.002145880994458611,69,1.2047355161048472,5.546912895658472e-05,11,100.0,0.018427152633666993,-1.0
0.08969516805014931,0.0031270554933983544,70,1.2069726900663227,4.767963140691306e-05,11,100.0,0.017610258162021636,-1.0
0.0677242380244514,0.0033383848360524727,71,0.9240951268002391,4.059528871837034e-05,11,100.0,0.01697591282427311,-1.0
0.09947078734134826,0.0030966462710729013,72,1.3337550519499928,3.4227024433899e-05,11,100.0,0.018478847295045852,-1.0
0.09694901004863474,0.002150543177357087,73,1.2885376759804785,2.8584657955444653e-05,11,100.0,0.017018878236413,-1.0
0.09839925986643021,0.002940651996491047,74,1.317655598046258,2.367688940315011e-05,11,100.0,0.017824565172195436,-1.0
0.10058966560217623,0.0020139060842876253,75,1.3340870619285852,1.951128620040094e-05,11,100.0,0.0198044553399086,-1.0
0.0990624360453624,0.0035539744063638723,76,1.3342509609647095,1.6094271405406862e-05,11,100.0,0.015990678444504736,-1.0
0.09851206036714408,0.0035082487067064415,77,1.3265024949796498,1.3431113807311488e-05,11,99.9375,0.019421891272068025,-1.0
0.06998266344173597,0.003413132642610715,78,0.9543694138992578,1.1525919802101659e-05,11,100.0,0.014871385246515274,-1.0
0.06503050661502549,0.0023971917645002785,79,0.877333614975214,1.0381627060842164e-05,11,100.0,0.017045394480228425,-1.0
0.10107360672778808,0.0030806340241374876,80,1.354247712995857,1e-05,11,99.9375,0.017331913113594055,-1.0
0.0936848903740091,0.01366821097742234,1,1.5032570480834693,0.000999618372939158,12,2.176470589111833,4.717052212883444,-1.0
0.08982516010291874,0.002901854392673288,2,1.2985121509991586,0.0009984740801978985,12,3.705882353379446,4.381877588384292,-1.0
0.09084782470017672,0.00318079416839672,3,1.3167272710707039,0.0009965688861926887,12,5.176470588235294,4.235318066092098,-1.0
0.09062061415586088,0.0025218156931389657,4,1.3043061438947916,0.0009939057285945933,12,7.411764706320622,4.058558422537411,-1.0
0.08844877789462251,0.0027497331611812115,5,1.2770218572113663,0.0009904887137995992,12,7.411764706320622,3.979175614749684,-1.0
0.09003448594428066,0.0029836310506133096,6,1.3025034710299224,0.00098632311059685,12,8.647058825282489,3.8583621053134696,-1.0
0.09014592326379248,0.0022627823720020907,7,1.2939878159668297,0.0009814153420445555,12,10.76470588410602,3.759528813081629,-1.0
0.08944256242830306,0.0024344887185309616,8,1.286540828179568,0.0009757729755661012,12,13.41176471640082,3.6442753169115853,-1.0
0.08722856466192752,0.0024815919044028434,9,1.2561828400939703,0.0009694047112816298,12,14.294117648811902,3.5022718710057874,-1.0
0.08847983929860805,0.0031231088297707693,10,1.2826881930232048,0.0009623203685930871,12,17.29411765757729,3.3404035523358515,-1.0
0.08855829446110874,0.0022714204720354508,11,1.2718477749731392,0.0009545308710434153,12,17.823529422283173,3.233440246582031,-1.0
0.09017452878677952,0.00273390972454633,12,1.3009702351409942,0.0009460482294732422,12,21.470588228281805,3.1016177014743582,-1.0
0.09118775183534515,0.0018050300921978696,13,1.3021500220056623,0.0009368855235010348,12,22.29411765757729,3.0430889892578126,-1.0
0.08955201105813362,0.002168847863296313,14,1.2843322937842458,0.0009270568813552758,12,25.000000010518466,2.9476832109339095,-1.0
0.08884140709415078,0.0031951007632804768,15,1.2887502058874816,0.0009165774580897602,12,26.176470589988373,2.780337203530704,-1.0
0.08962042393561985,0.0028169028560764025,16,1.2943606509361416,0.0009054634122155992,12,30.352941183482898,2.6167385123757754,-1.0
0.08905608646039452,0.003307752394383507,17,1.2933365870267153,0.0008937318807859689,12,32.294117647058826,2.5004841546451346,-1.0
0.09023022292447942,0.004189797144915376,18,1.322129342937842,0.0008814009529720156,12,35.94117646357592,2.326357115016264,-1.0
0.08867786327443485,0.002659980074635574,19,1.2789666610769928,0.0008684896421706646,12,39.76470587534063,2.2214448979321646,-1.0
0.08931830863002688,0.0036132175176005277,20,1.3012815539259464,0.0008550178566873412,12,40.76470586131601,2.171199908537023,-1.0
0.08915377310144582,0.0030310265387275387,21,1.290833462961018,0.0008410063690388064,12,45.11764704479891,1.9955878768247717,-1.0
0.08778298541437835,0.0027221228727804764,22,1.267339636106044,0.0008264767839234412,12,48.4117647339316,1.8635408014409682,-1.0
0.08944952847169978,0.0030546430997284396,23,1.2953072939999402,0.000811451504908368,12,53.76470589637756,1.701562847810633,-1.0
0.08915679562570793,0.0019183232382472073,24,1.2752874158322811,0.0007959536998847743,12,54.41176468484542,1.6663762412351721,-1.0
0.08866968118984785,0.0017994199546852282,25,1.2667965379077941,0.0007800072653447032,12,60.23529411764706,1.4937921599780812,-1.0
0.08924280248382795,0.0035038815112784505,26,1.29871022910811,0.0007636367895343947,12,62.4117647339316,1.3975569332347197,-1.0
0.08944439698409822,0.002691726017344211,27,1.2901478130370378,0.0007468675145409928,12,65.47058819322025,1.2503762548110064,-1.0
0.0898897530278191,0.002374983043409884,28,1.291951511055231,0.0007297252973710758,12,67.00000002804924,1.2029059373631197,-1.0
0.09049953355653477,0.0026278240839019418,29,1.304089224198833,0.0007122365700810271,12,71.23529418777017,1.075958621081184,-1.0
0.08899474749341607,0.0019307982209803803,30,1.2732460708357394,0.0006944282990207196,12,73.70588239501504,1.0226941804324878,-1.0
0.09016397705168597,0.0018527973775884935,31,1.2884923359379172,0.0006763279432533592,12,76.64705879548016,0.8969889696906594,-1.0
0.08996019928183939,0.0018537603651306459,32,1.2859529179986566,0.0006579634122155992,12,80.1176471008974,0.7945196544422822,-1.0
0.08959354545056288,0.002622665338484304,33,1.291284155100584,0.000639363022683212,12,82.4705882913926,0.7038318179635441,-1.0
0.0758616175901677,0.002643295264403735,34,1.0992999551817775,0.0006205554551086735,12,86.70588242306428,0.5902259077745325,-1.0
0.09762774095205325,0.0019752506133435027,35,1.3946714650373906,0.0006015697093979838,12,89.88235296922572,0.48089429055943206,-1.0
0.09634792224304485,0.00365307554602623,36,1.4002560710068792,0.0005824350601949146,12,90.7058823669658,0.4635617465131423,-1.0
0.09879161161370575,0.0028555603099188636,37,1.4233041098341346,0.0005631810117416299,12,92.64705880950478,0.38521577407332025,-1.0
0.09889433197011906,0.0018956871769790138,38,1.4113220479339361,0.0005438372523852835,12,94.17647056018605,0.3351059745339786,-1.0
0.09843647391867957,0.0031237288078825387,39,1.422092349966988,0.0005244336088007391,12,94.64705886560328,0.29730877637863157,-1.0
0.09894682673205223,0.003102441135394786,40,1.4289278350770473,0.0005050000000000001,12,94.52941175068126,0.31492181876126457,-1.0
0.060285808851144145,0.0029706463517088976,41,0.8858318419661373,0.0004855663911992613,12,94.88235301129959,0.2702580062080832,-1.0
0.08048408034457159,0.001894569007812866,42,1.1535348610486835,0.00046616274761471693,12,96.88235301129959,0.21961159727152657,-1.0
0.09932557458523661,0.00288588206084179,43,1.4312018740456551,0.00044681898825837057,12,96.64705886560328,0.2133444807809942,-1.0
0.09842283672852707,0.0029637059196829796,44,1.4196466789580882,0.000427564939805086,12,97.41176477600547,0.1913404271181892,-1.0
0.07308094890322536,0.0018244665947609714,45,1.0489226561039686,0.00040843029060201667,12,97.70588242306428,0.17304245847112992,-1.0
0.08877736305086208,0.0017547673113378032,46,1.2677012409549206,0.000389444544891327,12,97.94117647058823,0.15987099877175162,-1.0
0.08542183542158455,0.0022280486466895255,47,1.2273437939584255,0.0003706369773167883,12,99.11764712894664,0.11931042734314413,-1.0
0.08822171639518014,0.0031148338790184687,48,1.278953885892406,0.0003520365877844012,12,99.17647058823529,0.10582562509705039,-1.0
0.0900353905578543,0.0033655449348901,49,1.3078486490994692,0.0003336720567466412,12,98.82352941176471,0.096747445639442,-1.0
0.08961243556612837,0.0018297924460577114,50,1.2804356969427317,0.0003155717009792807,12,99.47058823529412,0.08401652620119207,-1.0
0.09070774558598974,0.003398624914033072,51,1.3177300461102277,0.00029776342991897335,12,99.76470588235294,0.08062694461906658,-1.0
0.09074354782101832,0.0028506621685145156,52,1.310571817914024,0.00028027470262892445,12,99.70588235294117,0.06574107483905904,-1.0
0.08923032924732459,0.0018613731122708746,53,1.2755475169979036,0.0002631324854590073,12,99.7647058543037,0.062204957919962264,-1.0
0.09136908542963543,0.0020007915029834423,54,1.3075106430333108,0.0002463632104656054,12,99.6470588235294,0.060613276783157796,-1.0
0.09023103924534683,0.002422634611970612,55,1.2974441908299923,0.0002299927346552969,12,99.88235294117646,0.05296861701151904,-1.0
0.08959541454844709,0.002361297806990998,56,1.2876318080816418,0.00021404630011522587,12,99.94117647058823,0.04934498394236845,-1.0
0.09001116848750305,0.0018514250072517566,57,1.2863215049728751,0.00019854849509163232,12,99.76470588235294,0.04665693654733546,-1.0
0.09015402384102345,0.0018724009527691773,58,1.2886450190562755,0.00018352321607655918,12,99.88235294117646,0.04414205019964891,-1.0
0.09143760993278452,0.0022273605656144874,59,1.3116331291384995,0.00016899363096119395,12,99.94117647058823,0.03923121839761734,-1.0
0.09095173600196306,0.0023428944238860694,60,1.3063645940274,0.000154982143312659,12,99.82352941176471,0.04004506638821433,-1.0
0.08985653025696852,0.003140475817157754,61,1.3021966821979731,0.0001415103578293356,12,99.88235291312722,0.03804360430030262,-1.0
0.09032627986744046,0.0029770112097529428,62,1.3065005750395358,0.0001285990470279847,12,99.82352938371547,0.03808249668163412,-1.0
0.09004721042167928,0.00202698857590024,63,1.2892908118665218,0.0001162681192140312,12,99.70588232489193,0.0373223629769157,-1.0
0.0906867375929973,0.0038702573427664383,64,1.3240667209029198,0.00010453658778440107,12,99.76470588235294,0.036922586034325994,-1.0
0.09015226784893977,0.002263049012981355,65,1.2940606840420514,9.342254191024022e-05,12,99.88235294117646,0.034856339333688514,-1.0
0.09013128328868854,0.0033659828560692923,66,1.3092106280382723,8.294311864472437e-05,12,99.88235291312722,0.033560204751351304,-1.0
0.09033077586043094,0.002800013853370079,67,1.3040707241743803,7.311447649896551e-05,12,99.94117647058823,0.03234311329967835,-1.0
0.09019115178047546,0.002098760733913098,68,1.292352844029665,6.395177052675794e-05,12,99.94117647058823,0.03453154856667799,-1.0
0.08787379984278232,0.002036074226322983,69,1.2590368329547346,5.546912895658472e-05,12,99.94117647058823,0.03104386312120101,-1.0
0.08896221514857773,0.0023415748395824005,70,1.278550374088809,4.767963140691306e-05,12,100.0,0.030107706969275193,-1.0
0.08902313156119947,0.0034557332318010075,71,1.2949967349413782,4.059528871837034e-05,12,99.94117647058823,0.030928740676711586,-1.0
0.08746633891548429,0.0018681821612907307,72,1.2509332690387964,3.4227024433899e-05,12,100.0,0.02917659983915441,-1.0
0.08913627521334481,0.0028069700014644434,73,1.287464130204171,2.8584657955444653e-05,12,100.0,0.02934533541693407,-1.0
0.07541387679520994,0.002466860709578863,74,1.090600037947297,2.367688940315011e-05,12,100.0,0.029526911255191354,-1.0
0.09959179370863629,0.0021048211492598057,75,1.4239982650615275,1.951128620040094e-05,12,100.0,0.0278680418344105,-1.0
0.09673105331603438,0.0020499801861920525,76,1.3831876770127565,1.6094271405406862e-05,12,100.0,0.027988556421854917,-1.0
0.09891866576591772,0.0018918595908741867,77,1.411608305061236,1.3431113807311488e-05,12,99.94117644253899,0.029805522788973415,-1.0
0.09860874318318176,0.0022531055978366305,78,1.4123121199663728,1.1525919802101659e-05,12,100.0,0.026254737587536082,-1.0
0.09801769125208791,0.003364171034523419,79,1.4196346930693835,1.0381627060842164e-05,12,100.0,0.027547552129801582,-1.0
0.090531892276236,0.002792211798285799,80,1.3068255779799074,1e-05,12,100.0,0.025327217421110937,-1.0
0.09398442902602255,0.012579318772380551,1,1.5987379781436175,0.000999618372939158,13,2.1666666666666665,4.671611192491319,-1.0
0.0894764879407982,0.0026525296581288178,2,1.3822680918965489,0.0009984740801978985,13,3.388888888888889,4.445484483506944,-1.0
0.08795179664157331,0.0017577530816197395,3,1.3459635039325804,0.0009965688861926887,13,4.444444444444445,4.28310777452257,-1.0
0.08904629546838502,0.001940644004692634,4,1.3650492480956018,0.0009939057285945933,13,6.5,4.137054578993055,-1.0
0.08939628358930349,0.002189509275679787,5,1.3740215748548508,0.0009904887137995992,13,5.666666666666667,4.107139010959202,-1.0
0.08929127808660269,0.002860957911858956,6,1.3827479740139097,0.00098632311059685,13,7.166666666666667,4.023827039930556,-1.0
0.08846067500611146,0.0032281670719385147,7,1.3756006499752402,0.0009814153420445555,13,7.055555555555555,3.9846805148654516,-1.0
0.08820989133479694,0.0035669270592431227,8,1.3768953189719468,0.0009757729755661012,13,8.38888888888889,3.8885228983561198,-1.0
0.08876725307976206,0.0022968155176689227,9,1.3662255839444697,0.0009694047112816298,13,9.222222222222221,3.842778795030382,-1.0
0.0879576184321195,0.0032930685672909023,10,1.3690071129240096,0.0009623203685930871,13,10.944444444444445,3.7447454833984377,-1.0
0.08656469319636623,0.0018262841428319614,11,1.32618446694687,0.0009545308710434153,13,10.166666666666666,3.7176062689887153,-1.0
0.0903685569918404,0.0017257006062815587,12,1.3817022449802607,0.0009460482294732422,13,11.333333333333334,3.6610919189453126,-1.0
0.08761797392119965,0.001842984277755022,13,1.342198217054829,0.0009368855235010348,13,12.11111111111111,3.5797020806206596,-1.0
0.0897453491265575,0.002448016343017419,14,1.3832190579269081,0.0009270568813552758,13,14.944444444444445,3.4894996473524307,-1.0
0.0890682466328144,0.0023204189725220203,15,1.3710930268280208,0.0009165774580897602,13,15.444444444444445,3.4154361979166667,-1.0
0.09056049672265848,0.001720765217517813,16,1.3844462488777936,0.0009054634122155992,13,16.11111111111111,3.3336676364474824,-1.0
0.0902040633217742,0.0027489450139304003,17,1.394649154972285,0.0008937318807859689,13,17.88888888888889,3.2151841566297743,-1.0
0.08971583908423782,0.003406493846947948,18,1.3971385068725795,0.0008814009529720156,13,18.166666666666668,3.250066206190321,-1.0
0.08920856461239358,0.003124076190094153,19,1.385279085021466,0.0008684896421706646,13,20.555555555555557,3.1250267706976995,-1.0
0.08830700347510477,0.00291286859040459,20,1.36853713914752,0.0008550178566873412,13,21.27777777777778,3.0544212510850692,-1.0
0.08835656698793173,0.0017711378168314695,21,1.3521465170197189,0.0008410063690388064,13,21.833333333333332,3.0345099046495227,-1.0
0.08882039124146104,0.0030078100971877575,22,1.3776641800068319,0.0008264767839234412,13,22.666666666666668,2.926525607638889,-1.0
0.08904825461407502,0.0021715681223819653,23,1.3685283958911896,0.000811451504908368,13,25.666666666666668,2.8656371392144098,-1.0
0.08910231028373043,0.0026753714463363092,24,1.3768981338944286,0.0007959536998847743,13,26.333333333333332,2.789314727783203,-1.0
0.0893238443415612,0.003355398401618004,25,1.3904483991209418,0.0007800072653447032,13,27.88888888888889,2.6992547437879773,-1.0
0.09010182529067,0.0019489828962832689,26,1.381219845963642,0.0007636367895343947,13,29.77777777777778,2.5865460035536025,-1.0
0.089363829838112,0.0035676474993427596,27,1.3942126401234418,0.0007468675145409928,13,31.27777777777778,2.5628233846028645,-1.0
0.09017496906841795,0.0027375048026442527,28,1.393927977886051,0.0007297252973710758,13,35.0,2.4159130859375,-1.0
0.08930327054113149,0.0023821765867372354,29,1.3755938929971308,0.0007122365700810271,13,35.27777777777778,2.4006605021158856,-1.0
0.08901831697051724,0.0017646928938726584,30,1.3620069089811295,0.0006944282990207196,13,35.5,2.381126183403863,-1.0
0.09089720682241023,0.0021655903042604526,31,1.3961847899481654,0.0006763279432533592,13,38.333333333333336,2.2534513007269967,-1.0
0.09047089085603753,0.0027234470782180626,32,1.398146814899519,0.0006579634122155992,13,41.05555555555556,2.1541018507215712,-1.0
0.07552124870320161,0.002959937167664369,33,1.1774471609387547,0.000639363022683212,13,41.22222222222222,2.0998865763346353,-1.0
0.09835624696376423,0.003272900031879544,34,1.524675080087036,0.0006205554551086735,13,42.666666666666664,2.0352646128336587,-1.0
0.0965690135024488,0.0021088896319270134,35,1.4804562968201935,0.0006015697093979838,13,43.333333333333336,2.0011779361301,-1.0
0.09861607048660517,0.0023102419916540386,36,1.5141862318851054,0.0005824350601949146,13,47.833333333333336,1.8894149780273437,-1.0
0.09660171282788117,0.0026195639123519263,37,1.4885496059432626,0.0005631810117416299,13,51.388888888888886,1.7638812001546225,-1.0
0.0980491533720245,0.0025956942855070034,38,1.5099163500126451,0.0005438372523852835,13,50.44444444444444,1.7680807410346138,-1.0
0.0743265432616075,0.002710312868778904,39,1.1557774369139224,0.0005244336088007391,13,58.72222222222222,1.5294305504692924,-1.0
0.07571700126864016,0.002104180057843526,40,1.1675543941091746,0.0005050000000000001,13,57.77777777777778,1.530252668592665,-1.0
0.10031968817735712,0.002059387679522236,41,1.5359247729647905,0.0004855663911992613,13,57.77777777777778,1.5092393493652343,-1.0
0.09842921329351763,0.0024573344426850477,42,1.5135273188352585,0.00046616274761471693,13,58.833333333333336,1.467498762342665,-1.0
0.06288056954120597,0.0029265318531543016,43,0.9874264691025019,0.00044681898825837057,13,63.0,1.373268754747179,-1.0
0.08413025733704368,0.0020267677182952562,44,1.2925864111166447,0.000427564939805086,13,61.666666666666664,1.3868883344862195,-1.0
0.08786072701526185,0.0017928851768374443,45,1.3450507509987801,0.00040843029060201667,13,65.77777777777777,1.2585346476236978,-1.0
0.08875988656654954,0.003691924099499981,46,1.3870124409440905,0.000389444544891327,13,65.94444444444444,1.2256834326850043,-1.0
0.08759964685887098,0.00260570195193092,47,1.3533125899266452,0.0003706369773167883,13,72.38888888888889,1.0934817123413085,-1.0
0.0892951973558714,0.0029250404487053553,48,1.3835447679739445,0.0003520365877844012,13,71.66666666666667,1.1094707658555774,-1.0
0.08972263432418306,0.002690046544497212,49,1.3864256450906396,0.0003336720567466412,13,72.22222222222223,1.0437444474962023,-1.0
0.08980953895176451,0.0026730411841223638,50,1.3874766579829156,0.0003155717009792807,13,74.72222222222223,0.9849689102172852,-1.0
0.08847196367569268,0.0026481620656947295,51,1.3675313349813223,0.00029776342991897335,13,76.11111111111111,0.9385788981119791,-1.0
0.08887110662957033,0.001787635978932182,52,1.3601168610621244,0.00028027470262892445,13,79.33333333333333,0.8460529285007053,-1.0
0.09023980490552883,0.0018606998957693577,53,1.3817973751574755,0.0002631324854590073,13,81.88888888888889,0.784841439988878,-1.0
0.08930716055134932,0.0022919433812300365,54,1.3742241240106523,0.0002463632104656054,13,83.77777777777777,0.7843122100830078,-1.0
0.09040502957068383,0.0023358068894594906,55,1.3913423700723797,0.0002299927346552969,13,82.55555555555556,0.7464249250623914,-1.0
0.08925151214934886,0.002090975595638156,56,1.3704168130643666,0.00021404630011522587,13,85.66666666666667,0.6634924274020725,-1.0
0.08691910331447919,0.0019241742168863614,57,1.3329308039974421,0.00019854849509163232,13,84.5,0.6950154791937934,-1.0
0.08758213102507094,0.0027356643074502546,58,1.3550594570115209,0.00018352321607655918,13,86.83333333333333,0.6533663516574436,-1.0
0.08775542390843233,0.003619813360273838,59,1.3709247310180217,0.00016899363096119395,13,87.33333333333333,0.6280624347262912,-1.0
0.08767507361869017,0.0018703268530468147,60,1.3434145459905267,0.000154982143312659,13,87.66666666666667,0.6005290900336372,-1.0
0.08595351395197212,0.0030966628498087325,61,1.3359884249512106,0.0001415103578293356,13,90.72222222222223,0.54236664030287,-1.0
0.08573367220039169,0.0018387572063754002,62,1.3138207311276346,0.0001285990470279847,13,91.27777777777777,0.5117512003580729,-1.0
0.08764721519934635,0.0022037350572645664,63,1.347999834921211,0.0001162681192140312,13,93.11111111111111,0.4718987528483073,-1.0
0.08918305390203993,0.002531181570763389,64,1.3759530698880553,0.00010453658778440107,13,93.27777777777777,0.4643999608357747,-1.0
0.08585969978012145,0.002180714687953393,65,1.3208531260024756,9.342254191024022e-05,13,93.83333333333333,0.44980630026923285,-1.0
0.08636369101392725,0.002905093443890413,66,1.339274110039696,8.294311864472437e-05,13,93.77777777777777,0.44063417222764756,-1.0
0.08878190534499784,0.0022892767873903116,67,1.366352726938203,7.311447649896551e-05,13,93.66666666666667,0.42093121210734047,-1.0
0.08708319097446898,0.002528412826359272,68,1.3444183110259473,6.395177052675794e-05,13,94.33333333333333,0.39775703642103405,-1.0
0.0873378823356082,0.0023166985406229894,69,1.3450592518784106,5.546912895658472e-05,13,95.33333333333333,0.38280468834771053,-1.0
0.08859731825068592,0.0017143417615443468,70,1.3549062050879002,4.767963140691306e-05,13,96.0,0.3650135019090441,-1.0
0.08770816808876893,0.0029580965793381134,71,1.360235010040924,4.059528871837034e-05,13,95.5,0.3619069692823622,-1.0
0.08881121119484306,0.0019618165368835132,72,1.3618342319969088,3.4227024433899e-05,13,96.16666666666667,0.3622878413730197,-1.0
0.08808585087147852,0.001794898665199677,73,1.3484446820802987,2.8584657955444653e-05,13,95.44444444444444,0.35722690794203016,-1.0
0.08901642085984349,0.002064421074464917,74,1.3665067190304399,2.367688940315011e-05,13,96.05555555555556,0.35621416091918945,-1.0
0.08982167448848485,0.0017446363189568123,75,1.3737959030549973,1.951128620040094e-05,13,96.11111111111111,0.33949300554063583,-1.0
0.08735514983224373,0.00222818935289979,76,1.3446252748835832,1.6094271405406862e-05,13,96.77777777777777,0.34044207043117947,-1.0
0.07538225973645846,0.002273720937470595,77,1.1650769049301744,1.3431113807311488e-05,13,96.66666666666667,0.338192810482449,-1.0
0.09601808489921192,0.0021907029673457145,78,1.473373268963769,1.1525919802101659e-05,13,97.38888888888889,0.314327515496148,-1.0
0.095219034065182,0.002783170078570644,79,1.4702708770055324,1.0381627060842164e-05,13,96.27777777777777,0.33716417100694446,-1.0
0.09709600037895143,0.0033384644271185,80,1.5067557191941887,1e-05,13,96.72222222222223,0.32703702290852865,-1.0
0.09607152299334605,0.012670435601224501,1,1.6314160770270973,0.000999618372939158,14,2.2105263181422887,4.671351764076634,-1.0
0.0933909031872948,0.0018438870863368114,2,1.42880766117014,0.0009984740801978985,14,4.210526316573746,4.3101038340518345,-1.0
0.09272693642415106,0.0035379951198895774,3,1.4442398399114609,0.0009965688861926887,14,6.7368421084002446,4.097726916262978,-1.0
0.09356862877806028,0.001829741025964419,4,1.431232200935483,0.0009939057285945933,14,9.157894752527538,3.9213131613480416,-1.0
0.09277571433534225,0.0017803238704800605,5,1.4185876029077917,0.0009904887137995992,14,11.00000000470563,3.781227062124955,-1.0
0.09309480652833978,0.0018225911383827527,6,1.4240525199566036,0.00098632311059685,14,12.684210542001223,3.662713559301276,-1.0
0.09322875626385212,0.003736602608114481,7,1.454781292937696,0.0009814153420445555,14,17.052631607181148,3.460896971351222,-1.0
0.09194428734481334,0.002577776725714405,8,1.418125072028488,0.0009757729755661012,14,18.368421090276616,3.3421139897798238,-1.0
0.09201522219615678,0.001776434201747179,9,1.407128636026755,0.0009694047112816298,14,18.631578997561807,3.2142294351678147,-1.0
0.0926248065661639,0.002499899035319686,10,1.4271480180323124,0.0009623203685930871,14,21.789473712444305,3.06132298670317,-1.0
0.09162227928948899,0.0025404966436326504,11,1.4126912630163133,0.0009545308710434153,14,26.210526344023254,2.8826535370475366,-1.0
0.09200246124528348,0.0026362326306601366,12,1.4198607259895653,0.0009460482294732422,14,25.263157863365976,2.803097159737035,-1.0
0.09189889069336156,0.001734925371905168,13,1.4047485229093581,0.0009368855235010348,14,30.15789476821297,2.6484018290670295,-1.0
0.09062236299117406,0.0017520664104570946,14,1.3859075258951634,0.0009270568813552758,14,32.210526296966954,2.5498043627487985,-1.0
0.09115459917423625,0.0024175952188670636,15,1.4038727490697056,0.0009165774580897602,14,35.94736847752019,2.344981642271343,-1.0
0.09163480005227029,0.0018266571375230949,16,1.4022258420009166,0.0009054634122155992,14,41.526315814570374,2.1780515635641,-1.0
0.09095300033998986,0.0017300793901085854,17,1.3905422289390117,0.0008937318807859689,14,42.57894739979192,2.0902139181839794,-1.0
0.09088472107735773,0.001932494652767976,18,1.392559696920216,0.0008814009529720156,14,49.684210557686654,1.8734630860780415,-1.0
0.09193170961613456,0.002037767181172967,19,1.4098406280390918,0.0008684896421706646,14,49.57894739979192,1.7834332847595216,-1.0
0.09163256627507507,0.0030401714611798525,20,1.4203965419437736,0.0008550178566873412,14,56.89473693621786,1.5941503396787142,-1.0
0.09121266485502323,0.00198732673500975,21,1.3983377378899604,0.0008410063690388064,14,60.63157882188496,1.4698460453434994,-1.0
0.09178536062439283,0.0021004297770559786,22,1.40858559217304,0.0008264767839234412,14,64.05263174207587,1.306721030034517,-1.0
0.09151515605238576,0.0018051757477223873,23,1.4000961321871728,0.000811451504908368,14,65.2631578570918,1.2696546233327766,-1.0
0.0928559521989276,0.0018865265262623628,24,1.421440162928775,0.0007959536998847743,14,67.52631585221542,1.1727755714717665,-1.0
0.09156637960113585,0.0017754453389594953,25,1.4004222040530294,0.0007800072653447032,14,74.63157888462669,0.9753102140677603,-1.0
0.09247596808709205,0.003065986248354117,26,1.4333822820335627,0.0007636367895343947,14,77.78947372185557,0.8451423868380095,-1.0
0.09145357275071243,0.0025467691166947285,27,1.4102549511007965,0.0007468675145409928,14,81.73684225584331,0.7382216132314582,-1.0
0.09032399589195847,0.0018290715136875708,28,1.3825770821422338,0.0007297252973710758,14,84.00000001254834,0.6572335910797119,-1.0
0.0905085090858241,0.0019120455098648867,29,1.3865984329022467,0.0007122365700810271,14,85.63157911049693,0.5802116501958746,-1.0
0.0899220444727689,0.002329326250279943,30,1.3841563060414046,0.0006944282990207196,14,87.26315805786534,0.5261379563181023,-1.0
0.09216315660936138,0.0021202202575902143,31,1.4150911888573319,0.0006763279432533592,14,91.15789491251896,0.42048014879226686,-1.0
0.09250407804114123,0.0020735199563205243,32,1.4189628059975803,0.0006579634122155992,14,92.5263159024088,0.3630781294797596,-1.0
0.08348305402323604,0.0019130996428430081,33,1.2812303258106112,0.000639363022683212,14,94.47368439875152,0.3062740283890774,-1.0
0.09421388828195632,0.0017597144469618797,34,1.4399152158293873,0.0006205554551086735,14,96.05263162914075,0.24615367625889026,-1.0
0.09837857824750244,0.0024247487541288137,35,1.512293569976464,0.0006015697093979838,14,97.47368427326805,0.19486007950807874,-1.0
0.10121807575536271,0.003113692719489336,36,1.565343305002898,0.0005824350601949146,14,97.47368426071971,0.17839376518600866,-1.0
0.10140108846438428,0.0028276167965183654,37,1.5636778390035033,0.0005631810117416299,14,97.89473676681519,0.14284808902364027,-1.0
0.10138458240156373,0.002602105541154742,38,1.5600371528416872,0.0005438372523852835,14,98.15789486232556,0.14622477553392713,-1.0
0.0922438819737484,0.0024003342880556983,39,1.4199015009216964,0.0005244336088007391,14,98.894736904847,0.1100970595604495,-1.0
0.0603899986948818,0.002805710583925247,40,0.9481587719637901,0.0005050000000000001,14,98.42105263157895,0.10466742584579869,-1.0
0.09735954481487473,0.0021226803151269753,41,1.4924634909257293,0.0004855663911992613,14,99.42105269432068,0.08832338402145787,-1.0
0.10285071957235535,0.0029713361679265895,42,1.5875760619528592,0.00046616274761471693,14,99.73684230603669,0.07034523872952712,-1.0
0.07886923030018807,0.003228452227388819,43,1.231749702943489,0.00044681898825837057,14,99.36842125340512,0.05857292214506551,-1.0
0.06398596844325463,0.0023171494870136184,44,0.9947954001836479,0.000427564939805086,14,99.89473684210526,0.04721214647355833,-1.0
0.09398872186429799,0.0020314593488971393,45,1.4405323409009725,0.00040843029060201667,14,99.89473684210526,0.04256572285765096,-1.0
0.09247782275391121,0.0028225211892277,46,1.4298101239837706,0.000389444544891327,14,99.94736842105263,0.03454111409814734,-1.0
0.08931860059189299,0.002009107203533252,47,1.3701712591573596,0.0003706369773167883,14,99.94736842105263,0.030765599106487476,-1.0
0.09227318339981139,0.0021848103341956934,48,1.417127241147682,0.0003520365877844012,14,99.89473684210526,0.030708662949894605,-1.0
0.09287185923506816,0.0023354575658837955,49,1.4284083279781044,0.0003336720567466412,14,99.94736842105263,0.027492091279280814,-1.0
0.09227278817755481,0.0029472464850793284,50,1.4285599880386144,0.0003155717009792807,14,99.84210526315789,0.027521880182780716,-1.0
0.09284885052281121,0.0032877424110968907,51,1.4423056379891932,0.00029776342991897335,14,99.84210526315789,0.02502089360434758,-1.0
0.09287679588111739,0.001992250715071956,52,1.4233039401005954,0.00028027470262892445,14,99.94736842105263,0.022983992774235573,-1.0
0.09222194308725497,0.0022281023828933638,53,1.4170454018749297,0.0002631324854590073,14,99.94736842105263,0.022046096622943878,-1.0
0.09400912141427398,0.002968257044752439,54,1.4549196341540664,0.0002463632104656054,14,100.0,0.02226214222217861,-1.0
0.09401207948103547,0.003240759453425805,55,1.4590424769558012,0.0002299927346552969,14,99.94736842105263,0.02389558003136986,-1.0
0.09205953748896718,0.003174799696231882,56,1.4293436950538307,0.00021404630011522587,14,100.0,0.017495316668952765,-1.0
0.0913542454286168,0.00195997110567987,57,1.3999762500170618,0.00019854849509163232,14,100.0,0.016818625946578226,-1.0
0.09319289138851067,0.0018767948262393475,58,1.4262963780201972,0.00018352321607655918,14,99.94736842105263,0.017988453707412668,-1.0
0.09326015456269185,0.003359557113920649,59,1.4495438961312175,0.00016899363096119395,14,100.0,0.017248124558674662,-1.0
0.0919218474222968,0.0021442229859530925,60,1.4112366430927068,0.000154982143312659,14,100.0,0.016315179333875055,-1.0
0.09369099689647556,0.00171214803121984,61,1.431298199109733,0.0001415103578293356,14,100.0,0.014818934359048542,-1.0
0.09225945081561804,0.0017409992559502521,62,1.4103060180786997,0.0001285990470279847,14,100.0,0.015510036168914092,-1.0
0.0931596825675418,0.004204483485470215,63,1.4608208169229329,0.0001162681192140312,14,100.0,0.01512893408536911,-1.0
0.09238602739448348,0.002984418673440814,64,1.4308156471233815,0.00010453658778440107,14,100.0,0.015079112805818256,-1.0
0.0928291346412152,0.003836466760064165,65,1.4502378089819103,9.342254191024022e-05,14,100.0,0.014314337553162323,-1.0
0.09243566002696753,0.0018359485703210035,66,1.414327837061137,8.294311864472437e-05,14,100.0,0.016119953597846785,-1.0
0.0929965418142577,0.0027771920431405306,67,1.436897423118353,7.311447649896551e-05,14,100.0,0.014429405611988745,-1.0
0.09382619263293843,0.0032426591652135054,68,1.456352546112612,6.395177052675794e-05,14,100.0,0.01459203502065257,-1.0
0.09326935503631831,0.002815000635261337,69,1.4415250830352306,5.546912895658472e-05,14,100.0,0.013318824438672317,-1.0
0.0932645780655245,0.004389352273816863,70,1.465139359002933,4.767963140691306e-05,14,100.0,0.014274283202463075,-1.0
0.09244408214775225,0.003107674714798729,71,1.4335662769153714,4.059528871837034e-05,14,100.0,0.013914196965725798,-1.0
0.09265688699670135,0.003704243463774522,72,1.4456738200969994,3.4227024433899e-05,14,100.0,0.012717437824528468,-1.0
0.09272837211998801,0.00319916393297414,73,1.4391603800468147,2.8584657955444653e-05,14,100.0,0.015294180971227193,-1.0
0.0925399771736314,0.002343107822040717,74,1.4235823471099138,2.367688940315011e-05,14,100.0,0.01425820606319528,-1.0
0.09186588888987898,0.002031683052579562,75,1.4087541438639164,1.951128620040094e-05,14,100.0,0.013405249314872842,-1.0
0.09076198381371796,0.0018001729777703682,76,1.3887418450322002,1.6094271405406862e-05,14,100.0,0.012796709419865358,-1.0
0.09222102273876469,0.00312879152285556,77,1.4305149640422314,1.3431113807311488e-05,14,100.0,0.013587682164813342,-1.0
0.09306508521549403,0.0031261070476224025,78,1.4431257490068674,1.1525919802101659e-05,14,100.0,0.013349496259501105,-1.0
0.08322453868264953,0.0028130798445393642,79,1.2908366851042956,1.0381627060842164e-05,14,100.0,0.013437691883821237,-1.0
0.10234369202516973,0.0018568539836754403,80,1.5632703909650445,1e-05,14,100.0,0.014195961638500816,-1.0
0.09300606614851858,0.01364617797662504,1,1.7066993198823184,0.000999618372939158,15,2.2000000029802322,4.65520240020752,-1.0
0.0915354035969358,0.002893324533943087,2,1.5111492041032761,0.0009984740801978985,15,4.1,4.364419929504394,-1.0
0.09145065586199053,0.0020728836389025673,3,1.4966488888021559,0.0009965688861926887,15,6.649999994039535,4.132566524505616,-1.0
0.09210112251457758,0.0026569256151560694,4,1.516389638883993,0.0009939057285945933,15,7.250000002980232,3.988670713424683,-1.0
0.09268510169931687,0.0019164702389389277,5,1.5139311889652163,0.0009904887137995992,15,10.500000017881394,3.8166221294403075,-1.0
0.09373979315569159,0.0025690155889606103,6,1.5412349989637733,0.00098632311059685,15,11.900000011920929,3.6918232135772704,-1.0
0.09251457400387153,0.002545516559621319,7,1.521210711915046,0.0009814153420445555,15,13.599999994039536,3.5571995887756347,-1.0
0.09219385928008705,0.00268515465722885,8,1.5183009568136185,0.0009757729755661012,15,16.699999994039537,3.3995537395477293,-1.0
0.09245953647769056,0.0016532189620193094,9,1.5060429028235376,0.0009694047112816298,15,18.55,3.265771987915039,-1.0
0.09240847463661339,0.002741358053754084,10,1.5226379120722413,0.0009623203685930871,15,19.050000035762785,3.173367887496948,-1.0
0.0923819670570083,0.001704463138594292,11,1.5056222500279546,0.0009545308710434153,15,22.1,3.0469687786102293,-1.0
0.09151372931955848,0.0025055306759895757,12,1.5045444928109646,0.0009460482294732422,15,26.700000071525572,2.8553135375976564,-1.0
0.09217088755394798,0.0016732503281673416,13,1.5017604460008442,0.0009368855235010348,15,27.700000035762788,2.7620992622375486,-1.0
0.09241825486242305,0.002071456503472291,14,1.5120732879731804,0.0009270568813552758,15,30.500000071525573,2.5900714073181152,-1.0
0.09271652073948644,0.0018202642677351832,15,1.5128554590046406,0.0009165774580897602,15,33.35,2.445004789352417,-1.0
0.0925512132816948,0.0033174214186146855,16,1.5341375030111521,0.0009054634122155992,15,37.0,2.2928284606933595,-1.0
0.0926751443039393,0.0025529910053592175,17,1.523897634120658,0.0008937318807859689,15,41.2,2.1804106159210206,-1.0
0.09328066757007036,0.0016216780059039593,18,1.5186930000782013,0.0008814009529720156,15,43.45000002384186,2.0328099613189696,-1.0
0.09366388770285994,0.0031357041734736413,19,1.5490399887785316,0.0008684896421706646,15,46.89999997615814,1.9121785354614258,-1.0
0.09264225368679035,0.0028006561915390193,20,1.527328330092132,0.0008550178566873412,15,51.20000014305115,1.764373498916626,-1.0
0.09303629896021448,0.0015819426043890417,21,1.5141384941525757,0.0008410063690388064,15,53.90000004768372,1.6604420223236085,-1.0
0.09266351879341528,0.0024037338298512623,22,1.5213237919379026,0.0008264767839234412,15,59.55000009536743,1.5011027202606202,-1.0
0.09255772548203822,0.001874678084277548,23,1.5112230421509594,0.000811451504908368,15,64.0,1.3368814220428467,-1.0
0.0924588170601055,0.002416558563709259,24,1.5182574859354645,0.0007959536998847743,15,66.05000014305115,1.2019723834991456,-1.0
0.09229364489146974,0.0015834373625693843,25,1.5023267539218068,0.0007800072653447032,15,70.89999995231628,1.0879533138275146,-1.0
0.09152066511160228,0.0018516393174650148,26,1.4942556670866907,0.0007636367895343947,15,73.1,0.9732409601211548,-1.0
0.09113582845020574,0.0016052379360189661,27,1.4840964700561017,0.0007468675145409928,15,80.79999995231628,0.7965341987609863,-1.0
0.09150028928706888,0.001602488337084651,28,1.4898827879223973,0.0007297252973710758,15,82.00000004768371,0.7296049890518188,-1.0
0.09209280238428619,0.0024248176923720166,29,1.5125784338451922,0.0007122365700810271,15,85.1,0.6215013689994812,-1.0
0.09197297864011489,0.0021651432325597852,30,1.506502517964691,0.0006944282990207196,15,86.40000009536743,0.5462628073692322,-1.0
0.09226334358390886,0.0016593002219451591,31,1.5030112129170448,0.0006763279432533592,15,89.35000009536743,0.47722882103919984,-1.0
0.09249581579933874,0.001791567585314624,32,1.5088682579807937,0.0006579634122155992,15,92.05000009536744,0.3920265126228333,-1.0
0.08441510671400465,0.0027577390428632498,33,1.3950102180242538,0.000639363022683212,15,92.60000004768372,0.3567041473388672,-1.0
0.09040461234690156,0.0032043645333033055,34,1.4979865020141006,0.0006205554551086735,15,95.40000014305114,0.28131797575950623,-1.0
0.09848794696154073,0.0022020283504389226,35,1.6112861731089652,0.0006015697093979838,15,96.15000004768372,0.2534753661155701,-1.0
0.10173110583855305,0.0017489907331764698,36,1.655975593952462,0.0005824350601949146,15,96.49999995231629,0.2250660400390625,-1.0
0.1000410252599977,0.0025218109221896157,37,1.641293999971822,0.0005631810117416299,15,96.0,0.2090543818473816,-1.0
0.10044722438033205,0.003018078554305248,38,1.6557464189827442,0.0005438372523852835,15,97.60000004768372,0.18208297753334046,-1.0
0.08381344395456836,0.001592360422364436,39,1.3667340900283307,0.0005244336088007391,15,97.95000014305114,0.16440452098846436,-1.0
0.0712377649906557,0.003130891447653994,40,1.1901469440199435,0.0005050000000000001,15,97.95000009536743,0.13622393584251405,-1.0
0.1024270087655168,0.0034612458548508584,41,1.694464080967009,0.0004855663911992613,15,98.80000009536744,0.10946273714303971,-1.0
0.09917222363583278,0.001584324985742569,42,1.6123465590644628,0.00046616274761471693,15,99.30000009536744,0.0901820170879364,-1.0
0.06513634757720865,0.0025105827226070687,43,1.0825828011147678,0.00044681898825837057,15,99.4,0.07819260984659195,-1.0
0.0740935493959114,0.002358982674195431,44,1.2234869410749525,0.000427564939805086,15,99.6,0.06197663879394531,-1.0
0.09014828360523097,0.002135016518877819,45,1.476775495102629,0.00040843029060201667,15,99.85,0.048226434171199796,-1.0
0.09155444343923591,0.0021021282445872203,46,1.4987593470141292,0.000389444544891327,15,99.85,0.04844614580273628,-1.0
0.09283831086941063,0.003233004317735322,47,1.5373851777985692,0.0003706369773167883,15,99.8,0.04442094069719314,-1.0
0.09270776106859557,0.002231227306765504,48,1.5192712328862399,0.0003520365877844012,15,99.75,0.03910674864053726,-1.0
0.0933883966790745,0.0029131584451533854,49,1.5410633981227875,0.0003336720567466412,15,99.9,0.03688996356725693,-1.0
0.09199894488847349,0.0016138558567035943,50,1.4980439590290189,0.0003155717009792807,15,99.85000009536743,0.03472695696353913,-1.0
0.09262403537286445,0.002544313683756627,51,1.522994474042207,0.00029776342991897335,15,99.85000004768372,0.031847682178020476,-1.0
0.0928897437552223,0.0033721676154527813,52,1.5404373309575021,0.00028027470262892445,15,99.95000004768372,0.028727408111095427,-1.0
0.09208700152521487,0.003018272982444614,53,1.5219796930905432,0.0002631324854590073,15,100.0,0.024195017158985137,-1.0
0.0917979630175978,0.0029657674895133823,54,1.5164633020758629,0.0002463632104656054,15,100.0,0.02541636124253273,-1.0
0.091710004984634,0.002549227516283281,55,1.5083953191060573,0.0002299927346552969,15,100.0,0.02261220169067383,-1.0
0.09275427433021832,0.0018463584128767252,56,1.5138516849838197,0.00021404630011522587,15,99.95000004768372,0.02048519840836525,-1.0
0.09142817414249294,0.0030464874289464206,57,1.511835193959996,0.00019854849509163232,15,100.0,0.020394357413053513,-1.0
0.09298348533047829,0.0017135649250121787,58,1.5154068439733237,0.00018352321607655918,15,99.95,0.01817730739712715,-1.0
0.09210718610847834,0.002692798138014041,59,1.5170531559269875,0.00016899363096119395,15,99.95,0.01983062307536602,-1.0
0.09136635286267847,0.002609028699225746,60,1.5038542051333934,0.000154982143312659,15,100.0,0.017405582189559936,-1.0
0.09261997824069113,0.002415242823190056,61,1.5208043979946524,0.0001415103578293356,15,99.95,0.01709442137181759,-1.0
0.09200298333598766,0.002539944733143784,62,1.5129254451021552,0.0001285990470279847,15,100.0,0.01610860416293144,-1.0
0.09080694887961727,0.0019692110654432327,63,1.4846662699710578,0.0001162681192140312,15,100.0,0.015773927450180053,-1.0
0.09244829157250933,0.0032700876181479543,64,1.531737350858748,0.00010453658778440107,15,100.0,0.01641632643342018,-1.0
0.09232825782964937,0.003256950047216378,65,1.5296155728865415,9.342254191024022e-05,15,100.0,0.016533505231142043,-1.0
0.09224844428536016,0.0025921610358636826,66,1.517693730071187,8.294311864472437e-05,15,100.0,0.015936667382717134,-1.0
0.09203855048690457,0.002835509381839074,67,1.5182304449845105,7.311447649896551e-05,15,100.0,0.015172388046979905,-1.0
0.09136918696458451,0.00292027072282508,68,1.5088718829210848,6.395177052675794e-05,15,100.0,0.016263691797852517,-1.0
0.09158848359948024,0.002574740588897839,69,1.5068608100991696,5.546912895658472e-05,15,100.0,0.015553168505430221,-1.0
0.09160782388062216,0.002720109056099318,70,1.509491633856669,4.767963140691306e-05,15,100.0,0.014875318720936776,-1.0
0.09160974928818177,0.0016939658380579203,71,1.4931170570198447,4.059528871837034e-05,15,100.0,0.014351837635040283,-1.0
0.09170429572986905,0.0030236897146096453,72,1.5158978910185397,3.4227024433899e-05,15,100.0,0.013881746642291547,-1.0
0.09143901278730482,0.0016544409008929506,73,1.4897459840867668,2.8584657955444653e-05,15,100.0,0.01559424951672554,-1.0
0.09285584118333645,0.0029765317594865337,74,1.5335584660060704,2.367688940315011e-05,15,99.95,0.015198517858982087,-1.0
0.091967741784174,0.0028353926463751122,75,1.5171488379128277,1.951128620040094e-05,15,100.0,0.01604668594151735,-1.0
0.09231325099244714,0.002621560386614874,76,1.519807161996141,1.6094271405406862e-05,15,100.0,0.013256434187293052,-1.0
0.09226809909159783,0.001954265288077295,77,1.5078613329678774,1.3431113807311488e-05,15,100.0,0.01517866050451994,-1.0
0.09270906973688398,0.0036184255150146782,78,1.5415327718947083,1.1525919802101659e-05,15,100.0,0.013569792397320271,-1.0
0.09154082060558721,0.003008903906447813,79,1.513060487108305,1.0381627060842164e-05,15,99.95,0.01547996400296688,-1.0
0.09162729937816039,0.0023033363686408848,80,1.5031751170754433,1e-05,15,100.0,0.013851154521107674,-1.0
0.06483458771425135,0.011808468631523497,1,1.3032462981063873,0.000999618372939158,16,2.0952380987859907,4.66569057010469,-1.0
0.07319934696287793,0.0020533264477682464,2,1.2796366289258003,0.0009984740801978985,16,5.0476190493929955,4.350105215708415,-1.0
0.08851788464166663,0.0016656190649989772,3,1.5334691249299794,0.0009965688861926887,16,5.809523813071705,4.16336635135469,-1.0
0.09081747407531914,0.002110662856413161,4,1.5800871108658612,0.0009939057285945933,16,7.380952388048172,4.019872637249175,-1.0
0.09157861641827314,0.0015741139924263254,5,1.5838842561934143,0.0009904887137995992,16,10.238095248029346,3.860594361623128,-1.0
0.09116843448239653,0.0025072398677687437,6,1.5927634378895164,0.00098632311059685,16,10.57142858845847,3.7278172088804697,-1.0
0.09104082596433513,0.002699717797119828,7,1.593837695196271,0.0009814153420445555,16,13.428571432119323,3.6099181502205986,-1.0
0.09058344843523468,0.00327398838913616,8,1.595849493984133,0.0009757729755661012,16,16.666666676600773,3.4323258890424455,-1.0
0.09225691186592859,0.0015368270139922114,9,1.5947484520729631,0.0009694047112816298,16,16.47619048186711,3.34645565759568,-1.0
0.09134392291033532,0.002222476910580607,10,1.590875486144796,0.0009623203685930871,16,19.476190493220376,3.2144717670622325,-1.0
0.09103237024015363,0.0027653695741558775,11,1.5948022168595344,0.0009545308710434153,16,21.285714302744186,3.0704677064078196,-1.0
0.09187832282965674,0.0018141338711275773,12,1.593011962948367,0.0009460482294732422,16,25.000000028383162,2.9255656778244745,-1.0
0.09170463683960192,0.0020492913420586023,13,1.5940539529547095,0.0009368855235010348,16,27.3333333276567,2.818806716828119,-1.0
0.09247116428142522,0.0017237824743942304,14,1.6015438279137015,0.0009270568813552758,16,30.14285717124031,2.682121015276228,-1.0
0.09108661730116342,0.002615352941896109,15,1.5931655201129615,0.0009165774580897602,16,31.9047619388217,2.5436238752092635,-1.0
0.09082695219994467,0.0020356061594451174,16,1.578894336009398,0.0009054634122155992,16,37.857142913909186,2.354849032901582,-1.0
0.09200024285682422,0.002035842208630022,17,1.5988463438116014,0.0008937318807859689,16,38.428571439924696,2.287293656212943,-1.0
0.08974526613019407,0.0016563598696580704,18,1.5540617019869387,0.0008814009529720156,16,39.9047619217918,2.1366362707955497,-1.0
0.0911710775210796,0.0016836224206011085,19,1.5787658218760043,0.0008684896421706646,16,45.00000002270653,1.9903632104964484,-1.0
0.09138776602990487,0.0023724972681306742,20,1.5941639139782637,0.0008550178566873412,16,49.09523817471096,1.8386159024919781,-1.0
0.09133805563289892,0.0016203807694289613,21,1.580533446976915,0.0008410063690388064,16,51.4285714228948,1.6812727573939732,-1.0
0.09138345241765766,0.0019461087033371715,22,1.586833423934877,0.0008264767839234412,16,56.523809523809526,1.5842483095895676,-1.0
0.0917291341431658,0.0015905964982641093,23,1.586796741001308,0.000811451504908368,16,56.38095248313177,1.5034451961517334,-1.0
0.09118109586758211,0.0016561733723125037,24,1.5786775411106646,0.0007959536998847743,16,64.33333343551273,1.318406809398106,-1.0
0.09123804903698757,0.002220115843502914,25,1.5891294919420034,0.0007800072653447032,16,69.00000006811959,1.138510513305664,-1.0
0.09155450868146385,0.00206497626598267,26,1.5917670561466366,0.0007636367895343947,16,70.80952382087708,1.104363734154474,-1.0
0.0908644091721405,0.0016406464171321953,27,1.572817059000954,0.0007468675145409928,16,72.3333333446866,0.9823856996354603,-1.0
0.09086378589820336,0.0021077998749473516,28,1.580776056041941,0.0007297252973710758,16,78.71428575969878,0.8465197241873968,-1.0
0.09145523709080675,0.002397665206123801,29,1.5957392388954759,0.0007122365700810271,16,82.1428572563898,0.727645255724589,-1.0
0.09167071656488321,0.0024129796691019743,30,1.599667350994423,0.0006944282990207196,16,83.8095239117032,0.640234340940203,-1.0
0.09109044044881183,0.003058069262324887,31,1.6007715628948063,0.0006763279432533592,16,86.71428581646511,0.5672077146030607,-1.0
0.08111607494270977,0.0023005896467058096,32,1.4183749340008944,0.0006579634122155992,16,89.0000000340598,0.4813974912961324,-1.0
0.09871622783077114,0.0015733032761251226,33,1.7052097690757364,0.000639363022683212,16,90.04761917250497,0.4508175224349612,-1.0
0.09983624635702547,0.0016696579370866803,34,1.725888384040445,0.0006205554551086735,16,92.85714293661572,0.36138325112206593,-1.0
0.09998256924069103,0.0027361706529250916,35,1.74651576182805,0.0006015697093979838,16,94.76190487543742,0.29286708383333115,-1.0
0.09916984834982191,0.0024058205239913043,36,1.727057115873322,0.0005824350601949146,16,96.33333346957252,0.23374133700416203,-1.0
0.08033207023297162,0.001887299818918109,37,1.3979643520433456,0.0005631810117416299,16,95.5714286622547,0.24945519152141754,-1.0
0.07219924739397623,0.0023001201916486025,38,1.2667279460001737,0.0005438372523852835,16,96.76190484137763,0.20252289902596246,-1.0
0.09996750845354707,0.0018428851412061382,39,1.7310164801310748,0.0005244336088007391,16,97.80952380952381,0.16637483415149507,-1.0
0.0919802382670562,0.0033239096211379066,40,1.6204088099766523,0.0005050000000000001,16,98.42857150804429,0.1367597492535909,-1.0
0.06318875814459342,0.0021533998523784034,41,1.1110507249832153,0.0004855663911992613,16,98.57142857142857,0.11589817277022771,-1.0
0.07512901704210569,0.0019358536091578357,42,1.3103484879247844,0.00046616274761471693,16,98.76190487543742,0.10731780730542682,-1.0
0.08987910755197792,0.003244238152333042,43,1.583337645046413,0.00044681898825837057,16,98.95238095238095,0.10595087048553285,-1.0
0.09032016555669115,0.001528418732478338,44,1.561712791910395,0.000427564939805086,16,99.2380952835083,0.0774106862999144,-1.0
0.09047751187566011,0.001745693536256166,45,1.5680803500581533,0.00040843029060201667,16,99.2380953175681,0.07606753837494623,-1.0
0.09051209792275638,0.0020093633656335227,46,1.5731505490839481,0.000389444544891327,16,99.47619058972313,0.06859617622125716,-1.0
0.09156124986817732,0.001612873309675385,47,1.584252401953563,0.0003706369773167883,16,99.52380952380952,0.06582259545014019,-1.0
0.09086632573812761,0.0018451179049032576,48,1.5764228131156415,0.0003520365877844012,16,99.76190476190476,0.050961827898309345,-1.0
0.09067648976548191,0.0017540660577223582,49,1.5716628818772733,0.0003336720567466412,16,99.9047619047619,0.042588221026318415,-1.0
0.09107743961024373,0.002398854327004622,50,1.5894252879079431,0.0003155717009792807,16,99.95238095238095,0.04263422798542749,-1.0
0.09192174782647806,0.0016120127128327593,51,1.5903629211243242,0.00029776342991897335,16,99.85714285714286,0.03788623025019964,-1.0
0.09082050291437875,0.002126179265734904,52,1.5803822779562324,0.00028027470262892445,16,99.9047619047619,0.03162423761827605,-1.0
0.09095180685193661,0.0019693202065194353,53,1.5798876320477575,0.0002631324854590073,16,99.90476201829456,0.028524049350193568,-1.0
0.09293651004212305,0.0016343383775914416,54,1.6079439809545875,0.0002463632104656054,16,99.85714285714286,0.031212461789449055,-1.0
0.09070410401396015,0.002195458092233714,55,1.57953141303733,0.0002299927346552969,16,99.9047619047619,0.028176614024809428,-1.0
0.09124576897524736,0.002201767432886888,56,1.5888452641665936,0.00021404630011522587,16,99.95238095238095,0.026462850826127187,-1.0
0.09090663683052887,0.0028813101679963224,57,1.5946273058652878,0.00019854849509163232,16,100.0,0.023516192336877188,-1.0
0.09090278783867903,0.002622797811294303,58,1.5901681650429964,0.00018352321607655918,16,100.0,0.022029911031325657,-1.0
0.09091272521490122,0.0024672135546365205,59,1.5876998079475015,0.00016899363096119395,16,99.95238095238095,0.0228079140824931,-1.0
0.09076758093364976,0.0029194927774369717,60,1.5929309881757945,0.000154982143312659,16,99.95238095238095,0.02054269971237296,-1.0
0.09056942657951046,0.0020529272938695025,61,1.5748210460878909,0.0001415103578293356,16,100.0,0.020687700566791353,-1.0
0.09066961286589503,0.0028821995399673193,62,1.5906156518030912,0.0001285990470279847,16,99.90476201829456,0.021850049609229677,-1.0
0.09051653014167267,0.002054831273305942,63,1.5739473749417812,0.0001162681192140312,16,100.0,0.01985338508373215,-1.0
0.09066439247416223,0.0026422749848707635,64,1.5864508519880474,0.00010453658778440107,16,99.9047619047619,0.019828942141362597,-1.0
0.09076748825335766,0.0016771758742192213,65,1.571800319943577,9.342254191024022e-05,16,100.0,0.017621446429263977,-1.0
0.09149918665506822,0.0017954807536786094,66,1.586246781051159,8.294311864472437e-05,16,100.0,0.01739482449988524,-1.0
0.09128524686264641,0.0015776029596214786,67,1.5789169890340418,7.311447649896551e-05,16,100.0,0.018402489895621935,-1.0
0.09157043626970228,0.001829977024017888,68,1.5880598539952189,6.395177052675794e-05,16,100.0,0.01694660078201975,-1.0
0.0909862555700409,0.001843663548831554,69,1.5783825740218163,5.546912895658472e-05,16,100.0,0.015863125987705732,-1.0
0.09062171943814439,0.0022611259756719366,70,1.5792366829700768,4.767963140691306e-05,16,100.0,0.015712153010425115,-1.0
0.09055198624949246,0.001813202685512164,71,1.570449783001095,4.059528871837034e-05,16,100.0,0.015880147892804373,-1.0
0.09030414609621991,0.0020752400844631824,72,1.5706900039222091,3.4227024433899e-05,16,100.0,0.016321826724424247,-1.0
0.09056058938286322,0.002193300080869128,73,1.5770497401244938,2.8584657955444653e-05,16,100.0,0.017422743844134468,-1.0
0.09132643808227252,0.0017920104403267888,74,1.583298551151529,2.367688940315011e-05,16,100.0,0.014052474988358361,-1.0
0.08983523315092658,0.0023445739164291057,75,1.5673349860589951,1.951128620040094e-05,16,100.0,0.016721156037279538,-1.0
0.09055991926887895,0.0022237927324193366,76,1.577576802810654,1.6094271405406862e-05,16,100.0,0.015981390930357435,-1.0
0.09042598675552975,0.00269513252629515,77,1.5833004999440163,1.3431113807311488e-05,16,100.0,0.015272557107465608,-1.0
0.08938085611033089,0.0026338534183142815,78,1.5645018469076604,1.1525919802101659e-05,16,100.0,0.016811639985867908,-1.0
0.08992217116824844,0.0033123254200772326,79,1.5852237271610647,1.0381627060842164e-05,16,100.0,0.01564191456706751,-1.0
0.09013482403722317,0.0015671777895049138,80,1.5591699329670519,1e-05,16,100.0,0.0151310526934408,-1.0
0.08741515097467022,0.01077510169448538,1,1.7677144519984722,0.000999618372939158,17,1.9545454545454546,4.668430952592329,-1.0
0.10062833765469906,0.001510569062601361,2,1.838784595951438,0.0009984740801978985,17,3.9545454545454546,4.386800759055398,-1.0
0.0738640966721707,0.0019404577194816535,3,1.3647704208269715,0.0009965688861926887,17,5.045454545454546,4.223396606445313,-1.0
0.06485217316852261,0.0014639244958137472,4,1.1939313390757889,0.0009939057285945933,17,6.863636363636363,4.101396486108953,-1.0
0.08940604920240326,0.0017052168518097864,5,1.640245852060616,0.0009904887137995992,17,8.772727274081923,3.943443213376132,-1.0
0.089175043718165,0.0017315158879177438,6,1.6365566810127348,0.00098632311059685,17,9.72727273269133,3.8387957200137053,-1.0
0.09047379151969734,0.00153414870146662,7,1.6563944700174034,0.0009814153420445555,17,11.454545455900105,3.749943735816262,-1.0
0.08932774638136227,0.001997008454054594,8,1.6440929370000958,0.0009757729755661012,17,12.772727272727273,3.6164346036044033,-1.0
0.09096755008471923,0.001544255530461669,9,1.665458729956299,0.0009694047112816298,17,14.545454545454545,3.481089976917614,-1.0
0.09062010133897679,0.0016028338836299048,10,1.660270539112389,0.0009623203685930871,17,16.636363636363637,3.39368596943942,-1.0
0.09098446008283645,0.002307587975843085,11,1.6794888321310282,0.0009545308710434153,17,17.090909093618393,3.282750022194602,-1.0
0.09138929114366572,0.0018653755800591575,12,1.6788270350079983,0.0009460482294732422,17,18.636363658038054,3.2087814608487215,-1.0
0.09157136897556484,0.001594663196657267,13,1.6773283460643142,0.0009368855235010348,17,20.63636364178224,3.0997777071866124,-1.0
0.09198101197317657,0.001815206022001803,14,1.6887258819770068,0.0009270568813552758,17,23.181818187236786,2.9718746679479424,-1.0
0.09135706669702712,0.0018496325808680719,15,1.678009889088571,0.0009165774580897602,17,25.63636364178224,2.8262115331129594,-1.0
0.0914912318241679,0.0017161819462974866,16,1.6780224000103772,0.0009054634122155992,17,29.04545456712896,2.700125662196766,-1.0
0.0922131195742016,0.0024594295407748884,17,1.7043427880853415,0.0008937318807859689,17,31.954545454545453,2.6055004050514916,-1.0
0.09206571449370433,0.0014205807302561072,18,1.6829946739599109,0.0008814009529720156,17,31.95454547621987,2.532367192181674,-1.0
0.09179076821439797,0.001476681222104364,19,1.679048129124567,0.0008684896421706646,17,37.86363636363637,2.324509513161399,-1.0
0.0912072056800955,0.0021554867659385004,20,1.6808243959676474,0.0008550178566873412,17,38.77272727814588,2.2054718572443184,-1.0
0.0906661686539236,0.002232951073286434,21,1.6724697810132056,0.0008410063690388064,17,43.18181819265539,2.0715718980269,-1.0
0.09201016847509891,0.002397454072100421,22,1.6995650280732661,0.0008264767839234412,17,43.00000002167442,2.0343265455419366,-1.0
0.0913376707661276,0.001586918343996836,23,1.6728756218217313,0.000811451504908368,17,49.13636365803805,1.854701427112926,-1.0
0.09127475929239558,0.002797271422524419,24,1.6935310228727758,0.0007959536998847743,17,51.81818181818182,1.7382109000466086,-1.0
0.09091163883244412,0.0022306597222470576,25,1.676797977881506,0.0007800072653447032,17,54.81818183985624,1.6267586235566573,-1.0
0.09094828910504778,0.0017164548367468847,26,1.6682012430392206,0.0007636367895343947,17,56.81818181818182,1.5347813146764582,-1.0
0.08977765097127606,0.0016746098667176233,27,1.6463812740985304,0.0007468675145409928,17,60.86363636363637,1.4138811081106013,-1.0
0.09045350146738605,0.0017133835289213392,28,1.6592460528481752,0.0007297252973710758,17,63.45454547621987,1.2860412393916736,-1.0
0.09185603332136655,0.0018505417845315402,29,1.6869853008538485,0.0007122365700810271,17,68.72727272727273,1.149869266423312,-1.0
0.09164844824570334,0.0017046458605262968,30,1.6805953739676625,0.0006944282990207196,17,72.18181822516702,1.015467511957342,-1.0
0.09147767141823554,0.002161563244751758,31,1.6857433379627764,0.0006763279432533592,17,69.5,1.099530999877236,-1.0
0.07888773815809852,0.0014484524597517317,32,1.4462931519374251,0.0006579634122155992,17,73.22727272727273,0.9819750374013727,-1.0
0.09949734963528398,0.002580266368264953,33,1.8376433970406651,0.000639363022683212,17,80.31818181818181,0.8015415052934126,-1.0
0.09714313877177322,0.001575619228080743,34,1.777187516912818,0.0006205554551086735,17,82.5909090909091,0.7201752127300609,-1.0
0.09968634104977052,0.0015567547331253688,35,1.8226253069005907,0.0006015697093979838,17,85.90909095243974,0.6110988961566578,-1.0
0.09960706675580393,0.001658994575134582,36,1.8230280210264027,0.0005824350601949146,17,87.36363638531078,0.5464115472273393,-1.0
0.08057576280811594,0.002747312757290072,37,1.5000545671209693,0.0005631810117416299,17,89.50000002167441,0.4887122136896307,-1.0
0.07527031458448619,0.0015967953691465987,38,1.3838552879169583,0.0005438372523852835,17,92.45454547621988,0.38861947319724344,-1.0
0.10040738535786255,0.0015970419756033355,39,1.8363235159777105,0.0005244336088007391,17,94.86363638531078,0.3243663412874395,-1.0
0.08419324751270728,0.0014792918227612972,40,1.5423416199628264,0.0005050000000000001,17,92.36363636363636,0.35525589574467054,-1.0
0.06226115592289716,0.001995523964675764,41,1.1568528858479112,0.0004855663911992613,17,93.45454547621988,0.350868814425035,-1.0
0.08269123567475213,0.0015988866022477548,42,1.5174541280139238,0.00046616274761471693,17,94.04545456712896,0.3103589701652527,-1.0
0.08891556405514064,0.0021168124965495532,43,1.6388219150248915,0.00044681898825837057,17,95.6818182034926,0.2593342486294833,-1.0
0.09029802588176811,0.0024194197289438713,44,1.6691502330359071,0.000427564939805086,17,95.0,0.2670921282334761,-1.0
0.088898902771891,0.001654873718507588,45,1.6302303990814835,0.00040843029060201667,17,95.2727273160761,0.2589527104117654,-1.0
0.09015642717066738,0.0014372168289911416,46,1.6489338630344719,0.000389444544891327,17,97.63636365803805,0.18740129644220527,-1.0
0.09061690157331112,0.0015403292555775908,47,1.6590821219142526,0.0003706369773167883,17,98.27272727272727,0.1587830050425096,-1.0
0.09046576014305982,0.001521410524017281,48,1.6560053951106966,0.0003520365877844012,17,96.95454547621988,0.1949976521730423,-1.0
0.09063724160660058,0.0028116091723657316,49,1.6823188620619476,0.0003336720567466412,17,98.40909095243974,0.14386191666126252,-1.0
0.09004267528911845,0.002643487442077862,50,1.6685923601035029,0.0003155717009792807,17,99.00000002167441,0.1128438541022214,-1.0
0.09083780379862422,0.0028675583113605776,51,1.6869323311839253,0.00029776342991897335,17,98.81818186153065,0.10956949618729678,-1.0
0.09063924329044919,0.002539684983073837,52,1.6774645640980452,0.00028027470262892445,17,99.45454545454545,0.09470666671341116,-1.0
0.09092584339022222,0.0019288998899153536,53,1.6716261489782482,0.0002631324854590073,17,99.5,0.07709589765830474,-1.0
0.09119918928222938,0.00151253927550796,54,1.669044011970982,0.0002463632104656054,17,99.86363636363636,0.05991285318678076,-1.0
0.09077798198753347,0.001625390231816305,55,1.6634960121009499,0.0002299927346552969,17,99.63636367971247,0.06356530173258348,-1.0
0.09158538501813179,0.001682194493090113,56,1.6791046119760722,0.00021404630011522587,17,99.63636363636364,0.06199991529638117,-1.0
0.0913220991820304,0.0015418526535439822,57,1.6718437508679926,0.00019854849509163232,17,99.81818186153065,0.05379651524803855,-1.0
0.09026907626280768,0.0026542984026794634,58,1.6729386299848557,0.00018352321607655918,17,99.54545454545455,0.057515443644740365,-1.0
0.09129412262700498,0.0017041986057948736,59,1.6742927951272577,0.00016899363096119395,17,99.9090909090909,0.04755918956615708,-1.0
0.0908246414296122,0.0025599110716332993,60,1.6812204108573496,0.000154982143312659,17,99.86363636363636,0.04606535142118281,-1.0
0.0911329574494933,0.0017386557172156042,61,1.6719342740252614,0.0001415103578293356,17,99.86363636363636,0.04310017215934667,-1.0
0.09083396687896715,0.0023477025743987826,62,1.6775166189763695,0.0001285990470279847,17,100.0,0.038754954554817894,-1.0
0.09166411254813688,0.0019324036159863074,63,1.6849670649971813,0.0001162681192140312,17,99.86363636363636,0.03705925578420812,-1.0
0.08993261042309718,0.0017233322400392757,64,1.6500964111182839,0.00010453658778440107,17,99.81818181818181,0.03718737862326882,-1.0
0.09049323452119198,0.0015887139339206947,65,1.6577114739920944,9.342254191024022e-05,17,99.86363636363636,0.04367521754719994,-1.0
0.09014684740557438,0.0021126497562767733,66,1.6609059199690819,8.294311864472437e-05,17,99.9090909090909,0.04145310943776911,-1.0
0.09013535862322897,0.0020003230440326864,67,1.6586818678770214,7.311447649896551e-05,17,100.0,0.03537451591004025,-1.0
0.09017836581915617,0.0018653406813326809,68,1.6570240820292383,6.395177052675794e-05,17,99.95454545454545,0.0351735479045998,-1.0
0.09093437473186189,0.0018818859373115832,69,1.670974673004821,5.546912895658472e-05,17,99.95454545454545,0.032839266684922305,-1.0
0.08939692705300534,0.0014486829491539134,70,1.6354996948502958,4.767963140691306e-05,17,99.90909093076533,0.034370197057724,-1.0
0.09114499678576572,0.001689585326756868,71,1.6712649811524898,4.059528871837034e-05,17,99.86363636363636,0.03467217206954956,-1.0
0.09123440185147855,0.001892270766095155,72,1.6765245231799781,3.4227024433899e-05,17,99.9090909090909,0.0345427236773751,-1.0
0.09098069382727975,0.0014916075678128335,73,1.6647428770083934,2.8584657955444653e-05,17,99.9090909090909,0.03286516652865843,-1.0
0.09088964725378901,0.001996631798748341,74,1.672209857031703,2.367688940315011e-05,17,99.90909093076533,0.03316385382955724,-1.0
0.09129548555291775,0.0018672306194073623,75,1.6771977939642966,1.951128620040094e-05,17,99.95454545454545,0.031796726069667124,-1.0
0.09012784503607287,0.0026566036847523516,76,1.6703732458408922,1.6094271405406862e-05,17,100.0,0.030494559651071375,-1.0
0.08994006824731413,0.002288198253760735,77,1.660358679946512,1.3431113807311488e-05,17,99.86363638531078,0.032465181946754455,-1.0
0.09131932942869349,0.0015796000629456507,78,1.6724229629617184,1.1525919802101659e-05,17,100.0,0.030229361842979086,-1.0
0.09151016460317704,0.0016137178366382916,79,1.6764745290856808,1.0381627060842164e-05,17,99.95454549789429,0.02898395592516119,-1.0
0.09137854469008744,0.0014664032108460863,80,1.6714624201413244,1e-05,17,99.95454549789429,0.03157845415852287,-1.0
0.10415174394276822,0.011162316051518751,1,2.0759855560027063,0.000999618372939158,18,2.3478260856607687,4.647535655809485,-1.0
0.06989118644398534,0.0015442662794763844,2,1.286167160142213,0.0009984740801978985,18,4.347826081773509,4.36463145048722,-1.0
0.09043866408885354,0.0018468213060663806,3,1.661422881996259,0.0009965688861926887,18,4.956521727468656,4.191924985802692,-1.0
0.1035703960676781,0.0018696658727195528,4,1.8981755648273975,0.0009939057285945933,18,7.1304347683554115,4.0392907822650415,-1.0
0.07283656680697782,0.0017940358051823245,5,1.3435920679476112,0.0009904887137995992,18,7.7826086852861485,3.9444132108273715,-1.0
0.06739632619751824,0.0019445162421713273,6,1.2483974660281092,0.00098632311059685,18,10.47826085401618,3.7969113540649415,-1.0
0.09280291354904573,0.001855892569033636,7,1.7041120289359242,0.0009814153420445555,18,12.956521715806877,3.6395793516739556,-1.0
0.09271283000190225,0.0020184289508809647,8,1.7054117431398481,0.0009757729755661012,18,14.434782577597577,3.546292777268783,-1.0
0.09421663777902722,0.0022286329444290865,9,1.7362549928948283,0.0009694047112816298,18,16.347826014394347,3.373635197929714,-1.0
0.09389381595732023,0.0027082302711076206,10,1.7391046630218625,0.0009623203685930871,18,18.434782536133476,3.254645290374756,-1.0
0.09425613747185303,0.00207582019114246,11,1.7342318808659911,0.0009545308710434153,18,21.652173879353896,3.085619139464005,-1.0
0.0939299004773299,0.0018722760206502345,12,1.7246842531021684,0.0009460482294732422,18,24.739130393318508,2.9354103614972984,-1.0
0.09441765603454162,0.0021284307456678813,13,1.7380767909344286,0.0009368855235010348,18,26.782608659371085,2.863969941761183,-1.0
0.09435093151922855,0.0017938360364900695,14,1.7308554400224239,0.0009270568813552758,18,28.56521739648736,2.7330837175120477,-1.0
0.09382869949978259,0.0019063085653922623,15,1.72347367904149,0.0009165774580897602,18,28.913043467894845,2.6287863366500193,-1.0
0.09406736694897215,0.0015150982136320737,16,1.7207717131823301,0.0009054634122155992,18,36.34782595219819,2.421941715738048,-1.0
0.09219199290964752,0.0015330274149568544,17,1.6872879709117115,0.0008937318807859689,18,37.08695650619009,2.3225343894958494,-1.0
0.09319472986842608,0.0014810314039803213,18,1.7044947589747608,0.0008814009529720156,18,41.9130434886269,2.1630451003364897,-1.0
0.08778856236798067,0.0016113121916229527,19,1.6095039299689233,0.0008684896421706646,18,45.30434781053792,1.9980516935431438,-1.0
0.09269604618505885,0.0020296633140080506,20,1.7053503098431975,0.0008550178566873412,18,49.78260861272397,1.8253828904939735,-1.0
0.0933384095163395,0.0018351560898332132,21,1.7133721311111003,0.0008410063690388064,18,53.521738974944405,1.7061581595047661,-1.0
0.0904329443971316,0.0020836223718813723,22,1.6655349771026522,0.0008264767839234412,18,56.99999996371891,1.5640890200241753,-1.0
0.0921298388339993,0.0015701417190333207,23,1.6868282030336559,0.000811451504908368,18,59.30434771206068,1.4459303466133449,-1.0
0.09427447147512187,0.0015125785204064515,24,1.7243996779434383,0.0007959536998847743,18,64.60869558997776,1.3034003446413123,-1.0
0.09392597369797942,0.0022923960221103495,25,1.7321593058295548,0.0007800072653447032,18,69.17391301238018,1.1488433332028596,-1.0
0.0941811483224026,0.00250998196295566,26,1.7406722109299153,0.0007636367895343947,18,73.52173917189889,1.0224316980527794,-1.0
0.09320746914535347,0.002448278130032122,27,1.7225954150781035,0.0007468675145409928,18,74.652173716089,0.9229612420952839,-1.0
0.09478345420211554,0.00291899047119336,28,1.7588938381522894,0.0007297252973710758,18,80.21739101409912,0.7853438175242881,-1.0
0.09367351037346655,0.0027670935184384384,29,1.73617406305857,0.0007122365700810271,18,82.13043460638627,0.7128269234947536,-1.0
0.09341197356116027,0.0016855557656122579,30,1.7120485659688711,0.0006944282990207196,18,85.26086931643279,0.6090925665523695,-1.0
0.0936951544911911,0.0025478308477128544,31,1.7326721318531781,0.0006763279432533592,18,90.47826068297677,0.4859549578376438,-1.0
0.09438145555193639,0.0014610473946150807,32,1.7254632690455765,0.0006579634122155992,18,92.69565194586049,0.3837986604027126,-1.0
0.08443349645110881,0.0015384937222633096,33,1.547793097095564,0.000639363022683212,18,93.9130433642346,0.3317896619050399,-1.0
0.09823311834285657,0.0019950217101722956,34,1.8044024331029505,0.0006205554551086735,18,95.43478253613348,0.2791238782716834,-1.0
0.10082741690954815,0.0017737827600083416,35,1.8471168060787022,0.0006015697093979838,18,95.73913012380186,0.2540845484837242,-1.0
0.1021831995005616,0.0019128043851297763,36,1.8740407170262188,0.0005824350601949146,18,97.21739110739335,0.20360937613507976,-1.0
0.10180677249768956,0.0015613986696634027,37,1.8608818019274622,0.0005631810117416299,18,97.3913042752639,0.17996024567147959,-1.0
0.09433559198967284,0.0019949242317428193,38,1.7341900109313428,0.0005438372523852835,18,98.34782580707385,0.1455031620937845,-1.0
0.06464920909557906,0.0018546380128504501,39,1.1973560960032046,0.0005244336088007391,18,98.73913015489993,0.11784285270649454,-1.0
0.10368679044768214,0.0014602479964701666,40,1.8929401109926403,0.0005050000000000001,18,99.21739102446514,0.1056106882121252,-1.0
0.09732571499060011,0.0014857338456850913,41,1.778913188027218,0.0004855663911992613,18,99.21739102446514,0.08521973258775213,-1.0
0.06502129419499801,0.0019467529685546954,42,1.205806759884581,0.00046616274761471693,18,99.08695652173913,0.08279336403245512,-1.0
0.07352962075836128,0.0014795084070000383,43,1.3505918050650507,0.00044681898825837057,18,99.34782584853794,0.06979886026486107,-1.0
0.09280838420252419,0.001557117237502502,44,1.698855889029801,0.000427564939805086,18,99.43478232881297,0.06711999685867973,-1.0
0.09306056547858235,0.0018747442971087163,45,1.7091403410304338,0.00040843029060201667,18,99.2608692853347,0.06973539747621701,-1.0
0.09379360664428936,0.0024875730741769075,46,1.7334001511335373,0.000389444544891327,18,99.78260841576949,0.053011394641969516,-1.0
0.09411547896969649,0.002031780080869794,47,1.7309065558947623,0.0003706369773167883,18,99.73913043478261,0.04595603949997736,-1.0
0.09374237042437825,0.0024155479623004794,48,1.7310938178561628,0.0003520365877844012,18,99.69565189403036,0.04272619307689045,-1.0
0.09531789962461011,0.0014818325483550627,49,1.7426462639123201,0.0003336720567466412,18,99.8695652173913,0.037996653098127116,-1.0
0.09253374529847254,0.001597402914841142,50,1.694608940044418,0.0003155717009792807,18,99.8695652173913,0.03162043881481109,-1.0
0.09450481011946169,0.0015547643156929149,51,1.7293375171720982,0.00029776342991897335,18,99.91304347826087,0.02992631303227466,-1.0
0.0942964460183349,0.0016256958737762438,52,1.72688719490543,0.00028027470262892445,18,99.95652173913044,0.02581863379024941,-1.0
0.09405123161721146,0.0016336096062635381,53,1.722577887121588,0.0002631324854590073,18,100.0,0.023735498594849008,-1.0
0.0934724557834367,0.0023880458255815837,54,1.7257276461459696,0.0002463632104656054,18,99.91304347826087,0.023439079892376195,-1.0
0.09448490181886074,0.0015558436797517869,55,1.7289913150016218,0.0002299927346552969,18,100.0,0.019775131555355114,-1.0
0.09387578136132409,0.0020119287979064714,56,1.7262338139116764,0.00021404630011522587,18,100.0,0.021404694438628528,-1.0
0.0941740772428198,0.0018695477499730056,57,1.7290424439124763,0.00019854849509163232,18,99.95652173913044,0.01957288126906623,-1.0
0.09425477539965262,0.0018169266016532977,58,1.7295405899640173,0.00018352321607655918,18,99.95652173913044,0.01910917525706084,-1.0
0.09398110534271432,0.0020182753214612603,59,1.7282499519642442,0.00016899363096119395,18,100.0,0.019707244867863863,-1.0
0.09400557475681934,0.0016683567987961902,60,1.7224148919340223,0.000154982143312659,18,100.0,0.017605227212543074,-1.0
0.09372944876344667,0.001789466684891118,61,1.7195965319406241,0.0001415103578293356,18,100.0,0.017216698025231778,-1.0
0.09479846890705328,0.0014835543697699904,62,1.733373983995989,0.0001285990470279847,18,100.0,0.015993888459127883,-1.0
0.09364301691918324,0.0018717620340693328,63,1.7195107359439135,0.0001162681192140312,18,100.0,0.014543402710038683,-1.0
0.09378120852893011,0.0016636893592981829,64,1.7182538888882846,0.00010453658778440107,18,100.0,0.015791183779744998,-1.0
0.0938830275942261,0.0025143088488322166,65,1.7354262250009924,9.342254191024022e-05,18,100.0,0.015830055902833522,-1.0
0.09408074863151544,0.0025555166519350475,66,1.7397769498638809,8.294311864472437e-05,18,100.0,0.0144887489663518,-1.0
0.09393336102625148,0.0017491031903773546,67,1.722577054053545,7.311447649896551e-05,18,100.0,0.014090582793173583,-1.0
0.09391275913609813,0.0021350935308469664,68,1.7292094980366528,6.395177052675794e-05,18,100.0,0.01431297737295213,-1.0
0.09322368547630806,0.002106052797494663,69,1.7161868561524898,5.546912895658472e-05,18,100.0,0.013247437998652458,-1.0
0.09372632252052426,0.0018718404333210653,70,1.7209991300478578,4.767963140691306e-05,18,100.0,0.014941019341349601,-1.0
0.09350797333495899,0.0028150586618317496,71,1.734056165907532,4.059528871837034e-05,18,99.95652173913044,0.01488675904824682,-1.0
0.09456876559286481,0.0016126375800619523,72,1.7315580239519477,3.4227024433899e-05,18,99.95652173913044,0.01405625534122405,-1.0
0.09468586726062414,0.0015923450700938702,73,1.7333043250255287,2.8584657955444653e-05,18,100.0,0.013244611109080522,-1.0
0.09403975799472795,0.0014637196177823676,74,1.7193712920416147,2.367688940315011e-05,18,100.0,0.01323351703422225,-1.0
0.09406177103260739,0.002563471362615625,75,1.73952980292961,1.951128620040094e-05,18,100.0,0.013071357844316442,-1.0
0.09378941544693792,0.002278487275665005,76,1.729469466023147,1.6094271405406862e-05,18,100.0,0.0124437376079352,-1.0
0.09367457255979793,0.002144026156100962,77,1.7249780669808388,1.3431113807311488e-05,18,100.0,0.013540335148572922,-1.0
0.09450547748969661,0.0018224090130792724,78,1.7341527589596808,1.1525919802101659e-05,18,100.0,0.014099686523170575,-1.0
0.09360340436817044,0.003045393632621401,79,1.7399330020416528,1.0381627060842164e-05,18,100.0,0.012927577064737029,-1.0
0.09402242481398086,0.0014615186309028002,80,1.7189551040064543,1e-05,18,100.0,0.012522230111062526,-1.0
0.10316489400391124,0.010165226155597912,1,2.1535500360187143,0.000999618372939158,19,1.9583333333333333,4.663682250976563,-1.0
0.1029450039893977,0.0014089289072312806,2,1.9830787230748683,0.0009984740801978985,19,4.666666686534882,4.320977369944255,-1.0
0.08316159880671062,0.0014584514582039493,3,1.6080620929133147,0.0009965688861926887,19,5.833333333333333,4.138087927500407,-1.0
0.08288669162184785,0.0016316173255051438,4,1.606111431028694,0.0009939057285945933,19,7.041666676600774,4.0242440795898435,-1.0
0.10328394987032209,0.0024090169095679335,5,2.008433426031843,0.0009904887137995992,19,9.45833334326744,3.867192891438802,-1.0
0.0756995850977929,0.0015392501740471313,6,1.4677971240598708,0.00098632311059685,19,11.416666706403097,3.6918249766031903,-1.0
0.06761174141674449,0.0017211861589825467,7,1.3176021240651608,0.0009814153420445555,19,13.916666666666666,3.545978364944458,-1.0
0.09316151058546414,0.0020891041985075724,8,1.8100190630648285,0.0009757729755661012,19,14.708333353201548,3.4600116952260334,-1.0
0.09262439195605877,0.001490862942055652,9,1.7884362579789013,0.0009694047112816298,19,16.291666666666668,3.358590701421102,-1.0
0.09230720472375029,0.0017686470681311268,10,1.7876809879671782,0.0009623203685930871,19,19.125,3.212901153564453,-1.0
0.09405763512232194,0.0017869258176927503,11,1.8212846289388835,0.0009545308710434153,19,24.00000003973643,3.01066486676534,-1.0
0.09394649562033776,0.0016382407936218538,12,1.8163670429494232,0.0009460482294732422,19,25.708333333333332,2.8864804871877037,-1.0
0.0939977404073273,0.0014552564825862646,13,1.813853746978566,0.0009368855235010348,19,27.37500003973643,2.781418472925822,-1.0
0.09411478901625071,0.0015837147243713077,14,1.8185208090581,0.0009270568813552758,19,28.62500003973643,2.675192937850952,-1.0
0.09347347398043464,0.001463612443522403,15,1.8040534099563956,0.0009165774580897602,19,30.958333373069763,2.525057280858358,-1.0
0.09264943716851504,0.0013739708811044693,16,1.786683005047962,0.0009054634122155992,19,34.16666668653488,2.4265510686238607,-1.0
0.09256484214902709,0.0022361944919746172,17,1.8014600020833313,0.0008937318807859689,19,40.166666666666664,2.2185257371266682,-1.0
0.09358469341685505,0.001455277425089949,18,1.8060000019613653,0.0008814009529720156,19,42.125,2.0855769729614257,-1.0
0.09381298101997297,0.0015738202430503933,19,1.8126496400218457,0.0008684896421706646,19,44.791666746139526,1.993214594523112,-1.0
0.09381815548496027,0.0014754598837737973,20,1.8108709261287004,0.0008550178566873412,19,49.45833337306976,1.8377880557378132,-1.0
0.09307489073590229,0.0020399434786093863,21,1.8074252810329199,0.0008410063690388064,19,52.0416667064031,1.7221371189753214,-1.0
0.09227410433078675,0.0021539170319508564,22,1.7943727520760149,0.0008264767839234412,19,56.916666666666664,1.5700827105840047,-1.0
0.09395185720763709,0.001872457637402572,23,1.820947616128251,0.000811451504908368,19,59.45833341280619,1.4241516558329264,-1.0
0.0937766395509243,0.0017136625553432264,24,1.8151768378447741,0.0007959536998847743,19,65.54166666666667,1.2608677991231283,-1.0
0.09422132978215814,0.0017039906846261338,25,1.8228335729800165,0.0007800072653447032,19,69.58333333333333,1.121587233543396,-1.0
0.09244249589545162,0.0027084222651625935,26,1.8081302449572831,0.0007636367895343947,19,71.16666674613953,1.034110205968221,-1.0
0.09358214164201759,0.0027235812434044326,27,1.8300467361696064,0.0007468675145409928,19,75.04166682561238,0.9207470162709555,-1.0
0.09403050864899629,0.0014068324510988436,28,1.8135594909545034,0.0007297252973710758,19,79.00000007947285,0.8027635097503663,-1.0
0.09465800777175709,0.002268564911853326,29,1.8418669891543686,0.0007122365700810271,19,84.45833349227905,0.6376504071553548,-1.0
0.0929772504360268,0.0026218573023614133,30,1.8166641138959676,0.0006944282990207196,19,87.04166666666667,0.56945414463679,-1.0
0.09364594814465627,0.0026875437531424197,31,1.8305713520385325,0.0006763279432533592,19,90.04166682561238,0.46536031166712444,-1.0
0.0935906125110035,0.001442612969855729,32,1.8058771879877895,0.0006579634122155992,19,92.00000015894572,0.39338399092356363,-1.0
0.08332557071882643,0.0022988300157808944,33,1.627094313967973,0.000639363022683212,19,92.75000015894572,0.36423366745313007,-1.0
0.10087536041330743,0.001349424428649639,34,1.942568473983556,0.0006205554551086735,19,94.16666674613953,0.30046943386395775,-1.0
0.10006781622130227,0.0015529115733347442,35,1.9311269239988178,0.0006015697093979838,19,95.75,0.2639569115638733,-1.0
0.10207750497532911,0.001931586033223491,36,1.9764669260475785,0.0005824350601949146,19,96.04166674613953,0.2222357036670049,-1.0
0.10197995320011519,0.0015744769602621857,37,1.9677903521806002,0.0005631810117416299,19,97.29166682561238,0.18061555822690328,-1.0
0.07698688485757693,0.0019246024128637817,38,1.4995522338431329,0.0005438372523852835,19,98.04166682561238,0.15202975650628409,-1.0
0.08871494747061086,0.0015831792138909038,39,1.7168474739883095,0.0005244336088007391,19,98.20833349227905,0.1372064063946406,-1.0
0.10258291696051233,0.0016054515114152118,40,1.9798928070813417,0.0005050000000000001,19,99.20833333333333,0.10242332408825557,-1.0
0.07222176625050213,0.0015778837382401292,41,1.4024237401317805,0.0004855663911992613,19,99.12500007947285,0.09389935324589412,-1.0
0.07006471428873115,0.001772990805636111,42,1.3651628911029547,0.00046616274761471693,19,99.45833349227905,0.08140714138746262,-1.0
0.09149778387999456,0.001607907114942607,43,1.7692520387936383,0.00044681898825837057,19,99.375,0.07135962873697281,-1.0
0.09240928626815348,0.001572741783763233,44,1.7859512669965625,0.000427564939805086,19,99.54166666666667,0.060004026939471565,-1.0
0.09325580197190375,0.0015311808153790863,45,1.801192588172853,0.00040843029060201667,19,99.70833349227905,0.05118773301442464,-1.0
0.09408808167484638,0.0013645456883272058,46,1.8138811269309372,0.000389444544891327,19,99.91666666666667,0.045616742372512814,-1.0
0.09274776822789327,0.0017213616152539064,47,1.7951501170173287,0.0003706369773167883,19,99.79166666666667,0.039434239317973456,-1.0
0.09339839114660495,0.0017164354335124556,48,1.8074369120877236,0.0003520365877844012,19,99.66666666666667,0.03747161043186983,-1.0
0.09306253117852305,0.0026123060869347107,49,1.8180634339805692,0.0003336720567466412,19,99.75,0.03489162012934685,-1.0
0.09322939686918337,0.0021581792787305617,50,1.8126081281807274,0.0003155717009792807,19,99.79166666666667,0.036646191999316215,-1.0
0.093095054886745,0.0020197155934415364,51,1.8074218148831278,0.00029776342991897335,19,99.95833333333333,0.029403362572193146,-1.0
0.09327633378684129,0.0025589618905398404,52,1.8211102320346981,0.00028027470262892445,19,99.875,0.029755977168679237,-1.0
0.09343703349709119,0.0023328363405246484,53,1.8198802708648145,0.0002631324854590073,19,100.0,0.024038499320546785,-1.0
0.09381820000463019,0.0014540054222666903,54,1.81042151292786,0.0002463632104656054,19,100.0,0.02205991672972838,-1.0
0.09381025415649147,0.0021540391087335976,55,1.8235908809583634,0.0002299927346552969,19,100.0,0.018866444205244384,-1.0
0.09395095543004572,0.0026279652466703403,56,1.8352832139935344,0.00021404630011522587,19,99.95833333333333,0.02122929143408934,-1.0
0.09389304760598431,0.0023285451859823966,57,1.8284624749794602,0.00019854849509163232,19,99.95833333333333,0.019938888226946196,-1.0
0.09326334607689396,0.001810793029634576,58,1.8066520909778774,0.00018352321607655918,19,100.0,0.018754591395457584,-1.0
0.09383956595372997,0.0014376168408872265,59,1.8110532271675766,0.00016899363096119395,19,100.0,0.017228210493922234,-1.0
0.0937371279333571,0.0017242959185846541,60,1.814004012849182,0.000154982143312659,19,100.0,0.0158673657476902,-1.0
0.09298959724899185,0.0019131874861685854,61,1.8033925842028111,0.0001415103578293356,19,100.0,0.01586176037788391,-1.0
0.09317152376139634,0.0014129758224283393,62,1.7973444040399045,0.0001285990470279847,19,100.0,0.017028776407241823,-1.0
0.092695652580771,0.0014308803641286335,63,1.7886536149308085,0.0001162681192140312,19,100.0,0.016818402682741485,-1.0
0.09414070865482484,0.0017940459258266185,64,1.823010226013139,0.00010453658778440107,19,100.0,0.017115063394109408,-1.0
0.0927475517321574,0.0014710806457227782,65,1.7904211999848485,9.342254191024022e-05,19,100.0,0.01698419537395239,-1.0
0.09343794794557125,0.0017360835336148739,66,1.8085705090779811,8.294311864472437e-05,19,100.0,0.015356207340955734,-1.0
0.09365121199210223,0.002260237111170825,67,1.8225787291303277,7.311447649896551e-05,19,100.0,0.014016969253619511,-1.0
0.09439071645273973,0.0014909964397941764,68,1.8220162151847035,6.395177052675794e-05,19,100.0,0.014285402918855349,-1.0
0.09339697048754285,0.0015503883018697564,69,1.8042546031065285,5.546912895658472e-05,19,100.0,0.012520379337171714,-1.0
0.09432150522786144,0.0019109660367432394,70,1.8286797020118684,4.767963140691306e-05,19,100.0,0.013080479055643081,-1.0
0.09349966766067634,0.0017279305519830239,71,1.8095658430829644,4.059528871837034e-05,19,100.0,0.012425076278547446,-1.0
0.09461931927178643,0.0020168826204577557,72,1.8363415708299726,3.4227024433899e-05,19,100.0,0.012898262639840443,-1.0
0.09296100864824104,0.0015590747720316837,73,1.796128397807479,2.8584657955444653e-05,19,100.0,0.013094353241225083,-1.0
0.09371469216421247,0.0016845065218053367,74,1.8128374279476702,2.367688940315011e-05,19,100.0,0.012839521070321401,-1.0
0.09368957169844132,0.0018292986175143405,75,1.8151233869139105,1.951128620040094e-05,19,100.0,0.01267538484185934,-1.0
0.09405974596493731,0.0018072123026573344,76,1.8217193521559238,1.6094271405406862e-05,19,100.0,0.013288254390160242,-1.0
0.09367105142997675,0.0014247423111412086,77,1.8070673060137779,1.3431113807311488e-05,19,99.95833333333333,0.013359976212183634,-1.0
0.09358242399206287,0.0023195644301411355,78,1.8223860459402204,1.1525919802101659e-05,19,100.0,0.012073356782396634,-1.0
0.09437797479576578,0.0019644798931518666,79,1.8308075859677047,1.0381627060842164e-05,19,100.0,0.013447342130045096,-1.0
0.09260817128233612,0.0015047244041373855,80,1.788411611923948,1e-05,19,100.0,0.012222217035790284,-1.0
0.10278405174612999,0.0097053486504592,1,2.250122183933854,0.000999618372939158,20,1.6000000001490116,4.65744658126831,-1.0
0.10008720288751646,0.0017111597582697869,2,2.036303651984781,0.0009984740801978985,20,4.04000000834465,4.332911224365234,-1.0
0.10126406188355759,0.001605560618918389,3,2.0577418508473784,0.0009965688861926887,20,5.400000000298023,4.173948973846436,-1.0
0.10109373386949301,0.001666092686355114,4,2.05547448201105,0.0009939057285945933,20,7.1600000083446504,4.005928179168701,-1.0
0.06436037061503157,0.0013512901379726828,5,1.3144642149563879,0.0009904887137995992,20,8.640000019073486,3.9007761253356934,-1.0
0.1030785012175329,0.0019370279274880885,6,2.10055484296754,0.00098632311059685,20,11.20000000834465,3.7764703575134275,-1.0
0.09264958457788453,0.002464512723963708,7,1.9025237618479878,0.0009814153420445555,20,12.840000019073486,3.6269599742889405,-1.0
0.063920542888809,0.0016656391089782119,8,1.311970243928954,0.0009757729755661012,20,13.720000001192092,3.4995442859649657,-1.0
0.08903880624566227,0.0016958327498286963,9,1.8149435811210424,0.0009694047112816298,20,17.240000014305114,3.374732167816162,-1.0
0.09035294528584928,0.0014201243640854955,10,1.8357042109128088,0.0009623203685930871,20,19.360000014305115,3.2297216285705566,-1.0
0.09231299348175526,0.0021835981751792133,11,1.8901810101233423,0.0009545308710434153,20,20.400000014305114,3.128106346511841,-1.0
0.0927569811581634,0.0013390760868787766,12,1.8821665360592306,0.0009460482294732422,20,23.64000000953674,3.0231922233581545,-1.0
0.09224279068876058,0.0016309646074660123,13,1.8777202269993722,0.0009368855235010348,20,26.12000000715256,2.8603040767669676,-1.0
0.09187496323138475,0.0014964081230573357,14,1.8676680619828403,0.0009270568813552758,20,28.64000000953674,2.714952963638306,-1.0
0.0928239141474478,0.0018072959035634994,15,1.8928748010657728,0.0009165774580897602,20,32.360000023841856,2.5845053356170653,-1.0
0.0932491809478961,0.0018492458038963377,16,1.9022061449941248,0.0009054634122155992,20,33.39999998569488,2.4809101428985594,-1.0
0.09363603420788422,0.0017156713409349322,17,1.9072956258896738,0.0008937318807859689,20,37.39999999523163,2.3305905521392822,-1.0
0.09288188194623218,0.0015348160522989929,18,1.8885719908867031,0.0008814009529720156,20,39.999999985694885,2.1926401863098146,-1.0
0.09482291206950322,0.002063375327270478,19,1.938029136043042,0.0008684896421706646,20,43.20000002384186,2.080570557785034,-1.0
0.09233142705634237,0.0013115449459291995,20,1.8731209251563996,0.0008550178566873412,20,47.279999976158145,1.8934798736572265,-1.0
0.09293630538741127,0.002261154563166201,21,1.904214029898867,0.0008410063690388064,20,50.87999995231628,1.7901319583892823,-1.0
0.09263400282943621,0.002323079528287053,22,1.8994875510688871,0.0008264767839234412,20,54.72000002861023,1.6244605909347534,-1.0
0.09315988175803795,0.002491150388959795,23,1.9132596759591252,0.000811451504908368,20,59.119999952316284,1.4961081916809083,-1.0
0.0933654822409153,0.0015041049104183913,24,1.897645927965641,0.0007959536998847743,20,63.479999990463256,1.3554215354919434,-1.0
0.09305793618550524,0.0021205389057286084,25,1.9038014630787075,0.0007800072653447032,20,64.99999994277954,1.2585777048110962,-1.0
0.09281262869480997,0.002123256155755371,26,1.8989577000029385,0.0007636367895343947,20,67.64000007629394,1.1532259393692017,-1.0
0.09340974007500336,0.00227350692730397,27,1.9139171920251101,0.0007468675145409928,20,73.47999998092651,0.9833661502838135,-1.0
0.09344876625109463,0.002044245693832636,28,1.9101076440420002,0.0007297252973710758,20,77.48000004768372,0.8712700045585632,-1.0
0.0933536895783618,0.0015128631726838647,29,1.8975757660809904,0.0007122365700810271,20,80.75999996185303,0.7591153166770935,-1.0
0.0932494892156683,0.0016885911347344518,30,1.8990053159650415,0.0006944282990207196,20,83.48000002861023,0.6621218903541565,-1.0
0.09335374213987961,0.0015084189595654606,31,1.8975056379567832,0.0006763279432533592,20,87.08000006675721,0.5515985068321227,-1.0
0.09305201072711497,0.0013538558734580875,32,1.8883550008758903,0.0006579634122155992,20,89.08000002861023,0.484637331867218,-1.0
0.08026032155612484,0.0013119713868945837,33,1.631708636879921,0.000639363022683212,20,91.4000000667572,0.4111090641975403,-1.0
0.10071256075752899,0.0016574455890804528,34,2.0476767651271075,0.0006205554551086735,20,93.03999996185303,0.3669144992828369,-1.0
0.10170830086572095,0.0013674576417542993,35,2.061832970008254,0.0006015697093979838,20,94.20000005722046,0.29723784446716306,-1.0
0.10134241339983419,0.0013033321010880172,36,2.0531522990204394,0.0005824350601949146,20,95.36000005722046,0.2597419058322907,-1.0
0.10217603849014267,0.0019711489672772585,37,2.083179206121713,0.0005631810117416299,20,96.24000000953674,0.21985416603088379,-1.0
0.06523972600698472,0.0016873198910616338,38,1.3387829139828682,0.0005438372523852835,20,96.32000008583069,0.209483811378479,-1.0
0.10184528029058129,0.0019777922541834416,39,2.0767212440259755,0.0005244336088007391,20,97.2000000858307,0.182961523103714,-1.0
0.08957210971275345,0.0013886222266592085,40,1.8194565358571708,0.0005050000000000001,20,98.4,0.14228672524690628,-1.0
0.06352445897646249,0.0019079770194366575,41,1.3089117279741913,0.0004855663911992613,20,98.44000008583069,0.11906878919601441,-1.0
0.08735309902112931,0.0017468533711507916,42,1.7823004031088203,0.00046616274761471693,20,99.15999996185303,0.09500337545871734,-1.0
0.08990541280945763,0.002178416040260345,43,1.8419864459428936,0.00044681898825837057,20,99.28,0.08284678883552551,-1.0
0.09280502675101161,0.0016762401442974805,44,1.8899227280635387,0.000427564939805086,20,99.47999996185303,0.06997539649009704,-1.0
0.09284214893123136,0.0013271294650621713,45,1.8836833380628377,0.00040843029060201667,20,99.56,0.06509657039642334,-1.0
0.09378152772551403,0.0014929938246496023,46,1.9057820620946586,0.000389444544891327,20,99.64,0.054604823052883146,-1.0
0.09363157987827435,0.001332750217989087,47,1.8995193250011653,0.0003706369773167883,20,99.71999996185303,0.050861982357501986,-1.0
0.09286396539537237,0.001380697696004063,48,1.885133916977793,0.0003520365877844012,20,99.92,0.04328017973899841,-1.0
0.09138506980380043,0.0014007068937644362,49,1.8559554868843406,0.0003336720567466412,20,99.6,0.045173758327960965,-1.0
0.09334220053860917,0.0014128230046480893,50,1.895349367056042,0.0003155717009792807,20,99.8,0.03733413041830063,-1.0
0.09341195322340354,0.0014686294714920222,51,1.897870704997331,0.00029776342991897335,20,99.88,0.033671915173530576,-1.0
0.09233372230082751,0.001524015050381422,52,1.877410963876173,0.00028027470262892445,20,99.92,0.02939387331008911,-1.0
0.09291841688100248,0.0017041726619936525,53,1.8926971419714391,0.0002631324854590073,20,100.0,0.024486394745111467,-1.0
0.09385649565374479,0.001554418948944658,54,1.9084807590115815,0.0002463632104656054,20,99.96,0.024741325497627257,-1.0
0.09282242452027276,0.0015105496277101338,55,1.8869172420818359,0.0002299927346552969,20,99.79999996185303,0.026077359914779663,-1.0
0.09326717864023522,0.0014922413509339094,56,1.8954835161566734,0.00021404630011522587,20,99.92,0.02581828688979149,-1.0
0.09332829664926975,0.0014748399960808456,57,1.8963117599487305,0.00019854849509163232,20,99.92,0.02405371923446655,-1.0
0.09272766282083467,0.0037984283757396043,58,1.9307965990155935,0.00018352321607655918,20,100.0,0.020148974961042405,-1.0
0.09298381268745289,0.0026863654144108295,59,1.913662624079734,0.00016899363096119395,20,99.92,0.018581782349944113,-1.0
0.09165261136367917,0.0028321195859462023,60,1.8899419631343335,0.000154982143312659,20,100.0,0.019466761818528175,-1.0
0.09312628032639622,0.0015503989183343948,61,1.8937715750653297,0.0001415103578293356,20,100.0,0.019157096028327943,-1.0
0.0931339816073887,0.001383308251388371,62,1.8905969860497862,0.0001285990470279847,20,100.0,0.015865115505456925,-1.0
0.09276630269596353,0.0018153497017920016,63,1.8918711179867387,0.0001162681192140312,20,100.0,0.01673470904529095,-1.0
0.09293762649176643,0.0017272733966819942,64,1.8935415570158511,0.00010453658778440107,20,100.0,0.018479499739408493,-1.0
0.09337859885999933,0.0013526826980523766,65,1.8948797739576548,9.342254191024022e-05,20,100.0,0.016208970075845718,-1.0
0.09358325586654245,0.00230120433261618,66,1.9179386519826949,8.294311864472437e-05,20,99.92,0.016344876500964164,-1.0
0.09350148123921827,0.001762951002456248,67,1.9055494989734143,7.311447649896551e-05,20,99.92,0.016777051690220833,-1.0
0.09259728646138683,0.001989830797538161,68,1.8919941058848053,6.395177052675794e-05,20,100.0,0.015529177641868591,-1.0
0.09229164568241685,0.0026173052610829473,69,1.8984194530639797,5.546912895658472e-05,20,100.0,0.014377329155802726,-1.0
0.09334588490892201,0.0014458151417784393,70,1.896075215889141,4.767963140691306e-05,20,100.0,0.014922518667578696,-1.0
0.0935102116316557,0.002472369372844696,71,1.9199008059222251,4.059528871837034e-05,20,100.0,0.013986026406288148,-1.0
0.09239042050903663,0.002582107239868492,72,1.8997022260446101,3.4227024433899e-05,20,99.96,0.015476072227954864,-1.0
0.09226466118125246,0.002664378215558827,73,1.8988287418615073,2.8584657955444653e-05,20,100.0,0.014847351491451263,-1.0
0.09368134321412072,0.0015749880345538258,74,1.9053679700009525,2.367688940315011e-05,20,100.0,0.014684710204601287,-1.0
0.0928229566430673,0.0018501282087527216,75,1.8937653750181198,1.951128620040094e-05,20,100.0,0.013452288913726808,-1.0
0.0930574749596417,0.001432952785398811,76,1.890069318935275,1.6094271405406862e-05,20,100.0,0.01422283432483673,-1.0
0.09324961873935536,0.0015340805519372224,77,1.8959470079280436,1.3431113807311488e-05,20,99.95999996185303,0.014068400710821152,-1.0
0.09316347049316391,0.0023111446644179523,78,1.9097444240469486,1.1525919802101659e-05,20,100.0,0.014266208815574647,-1.0
0.09286798916291446,0.002102772134821862,79,1.8996606059372425,1.0381627060842164e-05,20,100.0,0.014708331486582757,-1.0
0.09316182617330923,0.001399054832290858,80,1.8914649540092796,1e-05,20,100.0,0.01433992910683155,-1.0
