avg_batch_time_sec,avg_data_time_sec,epoch,epoch_time_sec,lr,round,train_acc,train_loss,val_acc
0.21658685174770653,0.040960598504170775,1,1.0303859449923038,0.000999618372939158,0,10.999999970197678,4.969872089385986,-1.0
0.008864196483045816,0.007712148770224303,2,0.06644522189162672,0.0009984740801978985,0,12.600000071525574,5.02926524925232,-1.0
0.03359253314556554,0.007337203831411898,3,0.163865536917001,0.0009965688861926887,0,15.799999809265136,3.408676761627197,-1.0
0.034112064517103136,0.008179502212442458,4,0.16929412889294326,0.0009939057285945933,0,22.600000023841858,2.5611330375671386,-1.0
0.034387603285722435,0.006518538459204137,5,0.16375262895599008,0.0009904887137995992,0,22.000000071525573,2.1215961742401124,-1.0
0.03397228248650208,0.0061147455126047134,6,0.1604944618884474,0.00098632311059685,0,24.600000190734864,2.069787586212158,-1.0
0.03438476880546659,0.009745155170094222,7,0.17664599511772394,0.0009814153420445555,0,26.999999976158144,1.9991625843048095,-1.0
0.03419179673073813,0.012508426734711975,8,0.18693152000196278,0.0009757729755661012,0,23.800000023841857,2.0062343616485596,-1.0
0.034506332653108984,0.012446049076970667,9,0.18794891703873873,0.0009694047112816298,0,28.19999976158142,1.9478603572845459,-1.0
0.03421818622155115,0.012596529035363346,10,0.1873872138094157,0.0009623203685930871,0,31.999999690055848,1.9336279335021973,-1.0
0.034277725499123335,0.012398504535667598,11,0.1868345751427114,0.0009545308710434153,0,31.199999928474426,1.929670904159546,-1.0
0.034058559278491884,0.006652619689702988,12,0.16298104100860655,0.0009460482294732422,0,29.40000002384186,1.872520269393921,-1.0
0.03438298590481281,0.010010843572672457,13,0.17770263878628612,0.0009368855235010348,0,31.199999737739564,1.8373342218399047,-1.0
0.034347194188740104,0.01328049530275166,14,0.19063819898292422,0.0009270568813552758,0,31.200000190734862,1.8208846569061279,-1.0
0.012974142737220973,0.012872766004875302,15,0.10351234301924706,0.0009165774580897602,0,35.79999988079071,1.7779433631896973,-1.0
0.008714767755009234,0.012433206255082041,16,0.08471627300605178,0.0009054634122155992,0,32.79999997615814,1.803554799079895,-1.0
0.023884133028332144,0.010090795694850385,17,0.13603173312731087,0.0008937318807859689,0,37.20000014305115,1.7486030359268188,-1.0
0.03450711152981967,0.009630428510718048,18,0.17667595786042511,0.0008814009529720156,0,37.40000016689301,1.77089098072052,-1.0
0.03437537146965042,0.01019490003818646,19,0.17840627511031926,0.0008684896421706646,0,38.40000009536743,1.6886581964492797,-1.0
0.03422557149315253,0.00644271046621725,20,0.16281187604181468,0.0008550178566873412,0,38.200000047683716,1.7139079570770264,-1.0
0.034311786002945155,0.0094529899652116,21,0.17518719495274127,0.0008410063690388064,0,40.00000007152558,1.6501950578689575,-1.0
0.034066300780978054,0.013231699005700648,22,0.18931550392881036,0.0008264767839234412,0,40.40000004768372,1.6748834533691406,-1.0
0.034351188223809004,0.013435316795948893,23,0.1913052478339523,0.000811451504908368,0,40.79999980926514,1.619707332611084,-1.0
0.03412282303906977,0.009494030964560807,24,0.1745943771675229,0.0007959536998847743,0,44.39999961853027,1.5522613611221314,-1.0
0.0342210927628912,0.013618391705676913,25,0.19148610881529748,0.0007800072653447032,0,43.00000004768371,1.5738966121673583,-1.0
0.03413436276605353,0.013413564476650208,26,0.1903021540492773,0.0007636367895343947,0,43.200000286102295,1.5385961990356445,-1.0
0.0344430708209984,0.012550204177387059,27,0.18808606918901205,0.0007468675145409928,0,45.60000026226044,1.5265718336105347,-1.0
0.03444574971217662,0.013404022494796664,28,0.19151086593046784,0.0007297252973710758,0,42.999999833107,1.5174861421585084,-1.0
0.013522430032026023,0.007120837224647403,29,0.08268870180472732,0.0007122365700810271,0,40.99999966621399,1.5540318002700806,-1.0
0.012444147665519267,0.012102588545531034,30,0.09834668505936861,0.0006944282990207196,0,47.40000004768372,1.446067735671997,-1.0
0.027686026936862618,0.012263817305210978,31,0.16000488493591547,0.0006763279432533592,0,45.00000007152558,1.4543896503448486,-1.0
0.03451889147982001,0.006667271780315787,32,0.1648760309908539,0.0006579634122155992,0,46.80000002384186,1.4055789289474487,-1.0
0.034270293661393225,0.009383740834891796,33,0.17475373507477343,0.000639363022683212,0,50.5999997138977,1.3889236497879027,-1.0
0.03439607273321599,0.009476464474573731,34,0.17561892187222838,0.0006205554551086735,0,48.20000023841858,1.3948248348236083,-1.0
0.03470430226298049,0.01423632598016411,35,0.19590763002634048,0.0006015697093979838,0,49.40000004768372,1.3775352125167846,-1.0
0.03444483270868659,0.013132703548762947,36,0.19044607901014388,0.0005824350601949146,0,48.99999947547913,1.3561559095382691,-1.0
0.03402826876845211,0.010257402958814055,37,0.17727598804049194,0.0005631810117416299,0,50.99999971389771,1.3343559074401856,-1.0
0.03465951478574425,0.013369643711484969,38,0.19224502611905336,0.0005438372523852835,0,47.600000047683714,1.3102647514343262,-1.0
0.034130599291529506,0.014428276219405234,39,0.19436755985952914,0.0005244336088007391,0,49.99999978542328,1.3101107864379882,-1.0
0.03504452249035239,0.014610158745199442,40,0.19875584007240832,0.0005050000000000001,0,52.40000004768372,1.3049719829559325,-1.0
0.03423261229181662,0.01255969371413812,41,0.18730319384485483,0.0004855663911992613,0,51.599999284744264,1.2901244287490845,-1.0
0.03198292071465403,0.013152818253729492,42,0.18067954084835947,0.00046616274761471693,0,51.39999928474426,1.262782283782959,-1.0
0.01061843748902902,0.014071873796638101,43,0.09888824610970914,0.00044681898825837057,0,49.00000007152558,1.3088999767303466,-1.0
0.009358655544929206,0.0072852232260629535,44,0.06672270596027374,0.000427564939805086,0,52.99999966621399,1.241095332145691,-1.0
0.034025494067464024,0.0062228424358181655,45,0.16112595610320568,0.00040843029060201667,0,54.79999961853027,1.2276346702575684,-1.0
0.03405226650647819,0.008873796032276005,46,0.17183577711693943,0.000389444544891327,0,54.199999284744266,1.2075646982192993,-1.0
0.03402448777342215,0.012409167713485658,47,0.185877206036821,0.0003706369773167883,0,51.39999971389771,1.2247011299133301,-1.0
0.03404953749850392,0.012932838755659759,48,0.18805935909040272,0.0003520365877844012,0,59.20000019073486,1.1797146520614623,-1.0
0.0342264057835564,0.013596047414466739,49,0.19142024801112711,0.0003336720567466412,0,52.000000619888304,1.2429794435501098,-1.0
0.03409550146898255,0.013372402521781623,50,0.18999609211459756,0.0003155717009792807,0,57.20000014305115,1.1899419498443604,-1.0
0.03403228905517608,0.012926693947520107,51,0.18798059900291264,0.00029776342991897335,0,54.59999942779541,1.2013331174850463,-1.0
0.03442156797973439,0.013647001760546118,52,0.1924054769333452,0.00028027470262892445,0,56.19999966621399,1.1383999919891357,-1.0
0.03454845800297335,0.013509893731679767,53,0.1923637529835105,0.0002631324854590073,0,55.400000429153444,1.1514376392364503,-1.0
0.03424866124987602,0.012222698249388486,54,0.1860204110853374,0.0002463632104656054,0,59.00000057220459,1.133653573989868,-1.0
0.03416182548971847,0.013372848276048899,55,0.19027073308825493,0.0002299927346552969,0,57.4000006198883,1.133061951637268,-1.0
0.01774384855525568,0.013535341713577509,56,0.12524537416175008,0.00021404630011522587,0,58.60000019073486,1.1335327053070068,-1.0
0.009851872979197651,0.012848999758716673,57,0.09094199794344604,0.00019854849509163232,0,60.39999971389771,1.0952879991531372,-1.0
0.016828780993819237,0.006638070219196379,58,0.09401000896468759,0.00018352321607655918,0,56.80000019073486,1.096676323890686,-1.0
0.03410055150743574,0.009585167746990919,59,0.17486791405826807,0.00016899363096119395,0,59.00000002384186,1.0744730911254883,-1.0
0.03411132743349299,0.006379357539117336,60,0.16210053698159754,0.000154982143312659,0,56.00000057220459,1.1077503724098205,-1.0
0.03416200901847333,0.0074330169591121376,61,0.1666066339239478,0.0001415103578293356,0,57.99999952316284,1.108915030479431,-1.0
0.03424396621994674,0.013856593752279878,62,0.19252254092134535,0.0001285990470279847,0,61.999999809265134,1.0400704050064087,-1.0
0.034380588738713413,0.012875567248556763,63,0.18913792516104877,0.0001162681192140312,0,62.000000619888304,1.072922384262085,-1.0
0.034280977211892605,0.014615889522247016,64,0.1957169610541314,0.00010453658778440107,0,58.600000619888306,1.1063879833221435,-1.0
0.03427318250760436,0.013212715741246939,65,0.19004964199848473,9.342254191024022e-05,0,62.99999971389771,1.037804654121399,-1.0
0.03429383126785979,0.01292084768647328,66,0.1889700519386679,8.294311864472437e-05,0,59.79999985694885,1.0580683755874634,-1.0
0.03448024077806622,0.014040664245840162,67,0.1941978819668293,7.311447649896551e-05,0,60.000000190734866,1.0463009872436524,-1.0
0.034459063957910985,0.013108887011185288,68,0.19038441288284957,6.395177052675794e-05,0,62.20000014305115,1.0358878145217896,-1.0
0.03414306719787419,0.013373316556680948,69,0.1901799370534718,5.546912895658472e-05,0,60.60000057220459,1.0284686846733093,-1.0
0.013305749511346221,0.009401121991686523,70,0.09093117108568549,4.767963140691306e-05,0,63.19999957084656,1.0235431189537048,-1.0
0.012727808207273483,0.01314573228592053,71,0.10365200904197991,4.059528871837034e-05,0,63.20000057220459,1.0276297302246094,-1.0
0.028654519002884626,0.006853410741314292,72,0.14222017000429332,3.4227024433899e-05,0,60.600000047683714,1.0425100841522217,-1.0
0.03434917872073129,0.009336396993603557,73,0.17485606390982866,2.8584657955444653e-05,0,61.40000033378601,1.057682608604431,-1.0
0.03415719128679484,0.013860291452147067,74,0.1921901109162718,2.367688940315011e-05,0,59.59999966621399,1.0244999904632568,-1.0
0.03478916099993512,0.013514087477233261,75,0.1933252029120922,1.951128620040094e-05,0,60.59999942779541,1.0415147981643678,-1.0
0.03439028828870505,0.009326429455541074,76,0.1749766559805721,1.6094271405406862e-05,0,60.39999971389771,1.0490554618835448,-1.0
0.03442113701021299,0.014150088478345424,77,0.19440023391507566,1.3431113807311488e-05,0,63.79999942779541,1.0114636516571045,-1.0
0.03457483748206869,0.013337702490389347,78,0.19178696582093835,1.1525919802101659e-05,0,64.00000009536743,1.006263635635376,-1.0
0.034026320034172386,0.01314504345646128,79,0.18881664099171758,1.0381627060842164e-05,0,60.99999995231629,1.0340992813110352,-1.0
0.03422924893675372,0.013728479039855301,80,0.1919710310176015,1e-05,0,64.5999993801117,1.0207444634437561,-1.0
0.04038423039019108,0.03362128157168627,1,0.3701847461052239,0.000999618372939158,1,10.333333313465118,6.179124266306559,-1.0
0.034102983819320795,0.006760456785559654,2,0.20443517109379172,0.0009984740801978985,1,12.666666666666666,3.6649089654286704,-1.0
0.034006713842973116,0.011785418540239335,3,0.22907462297007442,0.0009965688861926887,1,16.500000139077503,2.583859926859538,-1.0
0.033776325779035686,0.01112846382893622,4,0.2246357649564743,0.0009939057285945933,1,21.166666626930237,2.2312972132364908,-1.0
0.03444332256913185,0.011343844421207904,5,0.2290504069533199,0.0009904887137995992,1,22.000000139077503,2.1516648292541505,-1.0
0.03415905223228037,0.010706476354971527,6,0.22443702700547874,0.00098632311059685,1,26.50000023841858,2.061696513493856,-1.0
0.03411066741682589,0.01063064280897379,7,0.22384519898332655,0.0009814153420445555,1,24.49999996026357,2.0300278806686403,-1.0
0.034049135213717815,0.01052400078624487,8,0.22298073302954435,0.0009757729755661012,1,26.33333345254262,1.9944010416666667,-1.0
0.029007011791691184,0.010456655593588948,9,0.19742727000266314,0.0009694047112816298,1,27.33333357175191,1.9681644694010416,-1.0
0.010094790998846293,0.009999760799109936,10,0.10060677002184093,0.0009623203685930871,1,30.333333532015484,1.9248994398117065,-1.0
0.027017946634441615,0.008062096731737255,11,0.17555455793626606,0.0009545308710434153,1,29.666666865348816,1.8994921302795411,-1.0
0.03403007639572024,0.008048446383327246,12,0.21050961897708476,0.0009460482294732422,1,28.833333492279053,1.8909418773651123,-1.0
0.0342364601790905,0.010403882618993521,13,0.22331672604195774,0.0009368855235010348,1,34.500000397364296,1.8632851123809815,-1.0
0.034119314327836034,0.010289937863126397,14,0.22218767320737243,0.0009270568813552758,1,33.833333452542625,1.830284924507141,-1.0
0.033836800837889314,0.01020456557162106,15,0.2203547339886427,0.0009165774580897602,1,31.500000317891438,1.8164512141545615,-1.0
0.034492540452629325,0.010988002363592386,16,0.2275355930905789,0.0009054634122155992,1,34.833333452542625,1.774913641611735,-1.0
0.0342159032355994,0.010645769396796822,17,0.2244507558643818,0.0008937318807859689,1,35.83333353201548,1.7573631207148235,-1.0
0.034348281705752014,0.011379249300807715,18,0.22877085395157337,0.0008814009529720156,1,37.00000003973643,1.766007800102234,-1.0
0.034541735984385015,0.011661332240328193,19,0.2311484708916396,0.0008684896421706646,1,36.666666984558105,1.6852266518274943,-1.0
0.03393324720673263,0.011122498195618391,20,0.22542242310009897,0.0008550178566873412,1,39.83333353201548,1.6580499776204427,-1.0
0.010617707250639796,0.011880947323516012,21,0.1126328429672867,0.0008410063690388064,1,38.666666785875954,1.6346563800175984,-1.0
0.016829462815076114,0.005384811572730542,22,0.11121034994721413,0.0008264767839234412,1,40.6666667064031,1.5920208231608073,-1.0
0.03404146335087717,0.010370200267061591,23,0.22218664991669357,0.000811451504908368,1,42.50000023841858,1.561781358718872,-1.0
0.03385400804691017,0.011814906960353255,24,0.22848048899322748,0.0007959536998847743,1,43.83333317438761,1.543678534825643,-1.0
0.03424796513281762,0.011862331861630082,25,0.23068035789765418,0.0007800072653447032,1,43.50000011920929,1.52638396581014,-1.0
0.03397906362079084,0.0110544643830508,26,0.2252971138805151,0.0007636367895343947,1,44.33333373069763,1.4988760328292847,-1.0
0.034150569466874,0.01068735313601792,27,0.2243250971660018,0.0007468675145409928,1,44.83333341280619,1.5076116355260214,-1.0
0.03416444575414061,0.012368771247565746,28,0.23280837899073958,0.0007297252973710758,1,48.00000035762787,1.4326084931691487,-1.0
0.033847271976992485,0.01136817061342299,29,0.22620853106491268,0.0007122365700810271,1,46.50000035762787,1.425229433377584,-1.0
0.033885930012911555,0.011577632790431381,30,0.22746102907694876,0.0006944282990207196,1,45.50000003973643,1.4515320539474488,-1.0
0.034175029629841445,0.011582548171281815,31,0.2289274779614061,0.0006763279432533592,1,51.666666865348816,1.3831025123596192,-1.0
0.0100336953997612,0.011682267626747489,32,0.10871369508095086,0.0006579634122155992,1,48.50000015894572,1.4058323129018149,-1.0
0.009856994403526187,0.005138784367591143,33,0.07511994615197182,0.000639363022683212,1,47.50000019868215,1.3723341814676921,-1.0
0.03401248743757605,0.00470461375080049,34,0.19372287299484015,0.0006205554551086735,1,48.666666865348816,1.3418940003712971,-1.0
0.0338218760676682,0.004841650929301977,35,0.19344880199059844,0.0006015697093979838,1,50.49999984105428,1.3510260232289633,-1.0
0.03407923593185842,0.01130863707512617,36,0.22707361704669893,0.0005824350601949146,1,50.5,1.3187821737925212,-1.0
0.034738935390487315,0.011627303017303348,37,0.23196303891018033,0.0005631810117416299,1,51.00000003973643,1.29617258866628,-1.0
0.03428664077073336,0.011202598456293344,38,0.22758100810460746,0.0005438372523852835,1,53.49999984105428,1.26138578414917,-1.0
0.03387229377403855,0.007988936640322209,39,0.2094401130452752,0.0005244336088007391,1,55.333333253860474,1.271117049853007,-1.0
0.03418883597478271,0.01154152862727642,40,0.22878629504702985,0.0005050000000000001,1,53.16666706403097,1.2645503791173298,-1.0
0.03410388664342463,0.010886269947513938,41,0.22509054210968316,0.0004855663911992613,1,54.16666690508524,1.1999978176752726,-1.0
0.03393557844683528,0.010695171169936657,42,0.22328897006809711,0.00046616274761471693,1,54.50000055631002,1.2097393004099528,-1.0
0.030416635051369666,0.011456697341054678,43,0.20950091304257512,0.00044681898825837057,1,57.166666984558105,1.1842019859949748,-1.0
0.0095812585670501,0.012124272622168064,44,0.10865980410017073,0.000427564939805086,1,56.166666746139526,1.1924431784947713,-1.0
0.02489184937439859,0.005396497249603271,45,0.15157863800413907,0.00040843029060201667,1,56.000000397364296,1.18152898311615,-1.0
0.03410884831100702,0.007941731670871376,46,0.21038870397023857,0.000389444544891327,1,57.50000023841858,1.130696291923523,-1.0
0.03406919864937663,0.012080893339589237,47,0.2308923730161041,0.0003706369773167883,1,57.33333341280619,1.1326938152313233,-1.0
0.033908842224627735,0.009902510372921825,48,0.21918771881610155,0.0003520365877844012,1,58.00000015894572,1.1499893919626871,-1.0
0.0343356242403388,0.011019705981016158,49,0.22690577409230173,0.0003336720567466412,1,58.66666706403097,1.1176244370142618,-1.0
0.03403678182512522,0.008266130601987243,50,0.21165519300848246,0.0003155717009792807,1,60.166666666666664,1.0910385465621948,-1.0
0.03401079881004989,0.010338211990892887,51,0.22187936608679593,0.00029776342991897335,1,59.66666682561239,1.1010355679194133,-1.0
0.03394556539133191,0.005199404992163181,52,0.19586707605049014,0.00028027470262892445,1,61.6666667064031,1.0688693936665852,-1.0
0.03377964841201901,0.005109268007799983,53,0.19458343996666372,0.0002631324854590073,1,58.66666706403097,1.1028565645217896,-1.0
0.03413344258442521,0.005113004008308053,54,0.19636960909701884,0.0002463632104656054,1,60.83333353201548,1.06673121770223,-1.0
0.02477442314848304,0.010045845434069634,55,0.17423183913342655,0.0002299927346552969,1,63.333333333333336,1.0387131309509277,-1.0
0.009672773815691472,0.008866094192489982,56,0.09282520599663258,0.00021404630011522587,1,60.833333253860474,1.0247456343968708,-1.0
0.021999930404126643,0.005137536814436317,57,0.13582535297609866,0.00019854849509163232,1,61.50000055631002,1.0109312264124553,-1.0
0.034155241400003436,0.007968229614198208,58,0.21074586804024875,0.00018352321607655918,1,60.666666746139526,1.01430317401886,-1.0
0.03400072543881834,0.007630579546093941,59,0.20828678994439542,0.00016899363096119395,1,64.66666650772095,0.9654674410820008,-1.0
0.03389119547791779,0.00800937730818987,60,0.20963147701695561,0.000154982143312659,1,63.50000023841858,1.0284599526723226,-1.0
0.034150926815345886,0.010446688765659929,61,0.22312146704643965,0.0001415103578293356,1,62.500000635782875,0.9822315462430318,-1.0
0.03410711889155209,0.010010326327756048,62,0.220720075070858,0.0001285990470279847,1,63.833333810170494,1.000738677183787,-1.0
0.03403379134833813,0.008858092036098242,63,0.21459883591160178,0.0001162681192140312,1,63.833333253860474,0.9839653261502583,-1.0
0.03410665621049702,0.011370974779129028,64,0.22751980205066502,0.00010453658778440107,1,64.50000063578288,0.9384216078122457,-1.0
0.03412358756177127,0.010490398248657584,65,0.22321064118295908,9.342254191024022e-05,1,64.50000023841858,0.9470723621050516,-1.0
0.034145809011533856,0.007493782183155417,66,0.20833390997722745,8.294311864472437e-05,1,64.16666682561238,0.9550623710950216,-1.0
0.020916693843901157,0.009964729752391576,67,0.1545323261525482,7.311447649896551e-05,1,65.83333333333333,0.9340247591336568,-1.0
0.009623053204268216,0.009830608777701855,68,0.09739948599599302,6.395177052675794e-05,1,61.83333388964335,0.9704781254132588,-1.0
0.029801033437252045,0.0053847773466259245,69,0.17607074603438377,5.546912895658472e-05,1,64.33333365122478,0.9882786059379578,-1.0
0.03397630876861513,0.004640397243201732,70,0.19321416597813368,4.767963140691306e-05,1,65.00000023841858,0.9475615938504537,-1.0
0.034125903295353054,0.005005298089236021,71,0.19581311289221048,4.059528871837034e-05,1,66.33333373069763,0.9405687228838603,-1.0
0.033931962307542564,0.010052996082231402,72,0.22005468583665788,3.4227024433899e-05,1,64.83333357175191,0.9463994081815084,-1.0
0.0339546122122556,0.010657957196235657,73,0.22319598705507815,2.8584657955444653e-05,1,64.5000003973643,0.9300421277681986,-1.0
0.03396535031497479,0.007704750495031476,74,0.20848931302316487,2.367688940315011e-05,1,67.66666730244954,0.916663625240326,-1.0
0.034305859031155704,0.010190344182774425,75,0.22261700895614922,1.951128620040094e-05,1,65.33333317438762,0.9208181134859721,-1.0
0.03414953276515007,0.010101895220577717,76,0.22138657397590578,1.6094271405406862e-05,1,65.66666682561238,0.9265653530756632,-1.0
0.03396462672390044,0.010659469850361347,77,0.2232522200793028,1.3431113807311488e-05,1,68.83333381017049,0.8688790527979533,-1.0
0.034303793637081983,0.010224519576877356,78,0.22277333191595972,1.1525919802101659e-05,1,65.49999984105428,0.9280818112691244,-1.0
0.015960136614739894,0.010184927983209491,79,0.13085618894547224,1.0381627060842164e-05,1,64.49999992052715,0.9063666184743245,-1.0
0.008820168999955058,0.010170784778892994,80,0.09507941594347358,1e-05,1,64.83333357175191,0.9078312412897745,-1.0
0.03841610536134491,0.026242851473701496,1,0.3881157839205116,0.000999618372939158,2,8.85714287843023,6.261330648149763,-1.0
0.03373045474290848,0.0049658605906491475,2,0.23232454294338822,0.0009984740801978985,2,16.142857219491685,3.3125165680476596,-1.0
0.03374403858712564,0.004271472571417689,3,0.22822547610849142,0.0009965688861926887,2,16.71428576537541,2.4468247781481063,-1.0
0.03380345297046006,0.0076485566872482496,4,0.2488510359544307,0.0009939057285945933,2,23.857142993382045,2.125616246632167,-1.0
0.033856757644874357,0.0066993168244759245,5,0.24346595094539225,0.0009904887137995992,2,25.000000042574747,2.0647190598079135,-1.0
0.03370913444086909,0.004477942207207282,6,0.22925204480998218,0.00098632311059685,2,26.00000008514949,2.0188571119308474,-1.0
0.033871364508134626,0.004355555167421699,7,0.22948979097418487,0.0009814153420445555,2,27.428571428571427,2.003174873079572,-1.0
0.03407890260374794,0.004352108420183261,8,0.23072466207668185,0.0009757729755661012,2,28.000000136239187,1.9458624308449881,-1.0
0.011500697039688626,0.007196830818429589,9,0.11235895683057606,0.0009694047112816298,2,30.571428690637863,1.9029140778950282,-1.0
0.026472561061382294,0.005077103618532419,10,0.18949996097944677,0.0009623203685930871,2,30.000000144754136,1.896098884854998,-1.0
0.03385607983606557,0.008454795810393989,11,0.25400028587318957,0.0009545308710434153,2,30.714285952704294,1.8912091057641165,-1.0
0.03372849178655694,0.008766748709604144,12,0.25512475287541747,0.0009460482294732422,2,31.142857364245824,1.8735347250529697,-1.0
0.03375481301918626,0.009055945673026145,13,0.25699637993238866,0.0009368855235010348,2,34.714285714285715,1.8012761538369315,-1.0
0.034321769839152694,0.009189292361649374,14,0.2612009351141751,0.0009270568813552758,2,34.57142877578735,1.775728212084089,-1.0
0.033697269818124674,0.009595151020524403,15,0.2598861630540341,0.0009165774580897602,2,34.857143078531536,1.7838285384859358,-1.0
0.03364826932859918,0.006345192668959498,16,0.2400896749459207,0.0009054634122155992,2,33.7142859186445,1.7704079811913627,-1.0
0.03383071216133734,0.009200974522779385,17,0.2583198039792478,0.0008937318807859689,2,35.142857210976736,1.7443466172899518,-1.0
0.03125131211709231,0.00912557487996916,18,0.2423964140471071,0.0008814009529720156,2,37.85714299338205,1.717614791733878,-1.0
0.009782238009696206,0.009199701171989242,19,0.11400149995461106,0.0008684896421706646,2,35.57142863954817,1.6885547712871007,-1.0
0.026050377481927473,0.004522782517597079,20,0.18355745705775917,0.0008550178566873412,2,36.571428758757456,1.6636761488233294,-1.0
0.03395019782086214,0.00622406698918591,21,0.2411523088812828,0.0008410063690388064,2,37.28571447304317,1.657687726020813,-1.0
0.033698662145373724,0.004058045529139538,22,0.2266493490897119,0.0008264767839234412,2,41.42857159887041,1.604354658808027,-1.0
0.03375286337298652,0.008090636149669686,23,0.2511670761741698,0.000811451504908368,2,42.7142858675548,1.5788230916431971,-1.0
0.033916628803126514,0.006178031365076701,24,0.24067655415274203,0.0007959536998847743,2,40.428571581840515,1.5777359478814261,-1.0
0.033729433198459446,0.009968485644397637,25,0.2623064711224288,0.0007800072653447032,2,43.28571459225246,1.5267254407065256,-1.0
0.033790047629736364,0.006641609710641205,26,0.24269427987746894,0.0007636367895343947,2,42.571428758757456,1.504979922430856,-1.0
0.033847666811197996,0.0042179438363139825,27,0.22850829595699906,0.0007468675145409928,2,40.7142858505249,1.5285352638789587,-1.0
0.034009267731259264,0.009729689103551209,28,0.2625617131125182,0.0007297252973710758,2,44.14285731315613,1.494894369670323,-1.0
0.01196750319407632,0.009072533808648586,29,0.12634392804466188,0.0007122365700810271,2,43.28571438789368,1.4749654047829763,-1.0
0.008022512658499181,0.007084644011532267,30,0.09074808796867728,0.0006944282990207196,2,47.28571447304317,1.42909524168287,-1.0
0.033608214502843715,0.0044384509868298965,31,0.2284176500979811,0.0006763279432533592,2,44.857143129621235,1.455169916152954,-1.0
0.03369309869594872,0.004726133968991538,32,0.23064329801127315,0.0006579634122155992,2,45.000000374657766,1.4279467521395002,-1.0
0.03371799077528218,0.008581599065413078,33,0.25392611185088754,0.000639363022683212,2,48.4285717180797,1.3993082734516689,-1.0
0.0339325158080707,0.008528521206850806,34,0.2549015951808542,0.0006205554551086735,2,47.57142886093685,1.3803026056289673,-1.0
0.03381274116691202,0.00424927050092568,35,0.2285005240701139,0.0006015697093979838,2,48.0,1.3567017221450806,-1.0
0.03371117232988278,0.004276948670546214,36,0.2280346651095897,0.0005824350601949146,2,46.14285741533552,1.3303241450445993,-1.0
0.03376099498321613,0.00924453504073123,37,0.2581394000444561,0.0005631810117416299,2,49.71428598676409,1.3101740196772984,-1.0
0.033970050203303494,0.009667088626883924,38,0.2619303250685334,0.0005438372523852835,2,52.0000000681196,1.2861572967256818,-1.0
0.03396787548748156,0.00928605553538849,39,0.2596301648300141,0.0005244336088007391,2,51.57142886093685,1.2867544957569668,-1.0
0.009371690840149919,0.007047653469877939,40,0.09861969109624624,0.0005050000000000001,2,52.85714306150164,1.3093442378725324,-1.0
0.021779235491218667,0.006344903144054115,41,0.16888561309315264,0.0004855663911992613,2,51.57142874172756,1.2397471448353359,-1.0
0.03398122036984811,0.00691925462645789,42,0.24553195293992758,0.00046616274761471693,2,53.4285718032292,1.2173371267318727,-1.0
0.033666289683120944,0.009515956975519657,43,0.25920417509041727,0.00044681898825837057,2,51.28571435383388,1.2605572319030762,-1.0
0.03367985016666353,0.006791335996240377,44,0.24294015602208674,0.000427564939805086,2,55.85714302744184,1.1711019263948712,-1.0
0.033701260263721146,0.00598288222681731,45,0.23820921080186963,0.00040843029060201667,2,50.7142858505249,1.201965480531965,-1.0
0.033706413310331605,0.008852007721240321,46,0.25545641500502825,0.000389444544891327,2,54.428571581840515,1.1837590292521885,-1.0
0.033999554347246885,0.007998499631260833,47,0.25209465296939015,0.0003706369773167883,2,58.14285734721592,1.136846523284912,-1.0
0.03384274760416398,0.004107049045463403,48,0.22780602099373937,0.0003520365877844012,2,56.42857166699001,1.2015560443060738,-1.0
0.03391759633086622,0.009090123504089812,49,0.25815572310239077,0.0003336720567466412,2,55.142857142857146,1.1442050429752895,-1.0
0.011163115384988487,0.00961552777638038,50,0.12477558385580778,0.0003155717009792807,2,58.714285952704294,1.1229274872371129,-1.0
0.00819104517965267,0.006231608140903215,51,0.08663839404471219,0.00029776342991897335,2,55.42857197352818,1.1513374332019262,-1.0
0.03358428335438172,0.004445028995784621,52,0.22828283486887813,0.00028027470262892445,2,58.1428575856345,1.1145284026009696,-1.0
0.0348856879863888,0.0068063738678271575,53,0.25026674196124077,0.0002631324854590073,2,56.00000040871756,1.1250949331692286,-1.0
0.03389306835985432,0.006994141498580575,54,0.24543582694604993,0.0002463632104656054,2,60.14285727909633,1.0607300533567157,-1.0
0.033731493672045566,0.004594755475409329,55,0.23006852203980088,0.0002299927346552969,2,60.85714299338205,1.0374538217272078,-1.0
0.03383204131387174,0.006507632206194103,56,0.24214676395058632,0.00021404630011522587,2,58.42857190540859,1.0920482233592441,-1.0
0.03392228340574851,0.006599623593501747,57,0.24323935410939157,0.00019854849509163232,2,61.28571449007307,1.0515947600773403,-1.0
0.03363486748033514,0.003909909826082488,58,0.22537953103892505,0.00018352321607655918,2,60.285714524132864,1.0392641305923462,-1.0
0.03386028196352223,0.008458210543418923,59,0.2540209998842329,0.00016899363096119395,2,59.714285782405305,1.0559429475239346,-1.0
0.033796537783928216,0.008118236049388846,60,0.2515991381369531,0.000154982143312659,2,60.57142901420593,1.0238631122452873,-1.0
0.011732699194302162,0.00655167499401917,61,0.10983861400745809,0.0001415103578293356,2,62.285714285714285,1.004680745942252,-1.0
0.009188393907000622,0.004932631932509442,62,0.08486735704354942,0.0001285990470279847,2,61.428571701049805,1.02848794903074,-1.0
0.033768694809017084,0.004145741850758593,63,0.22761384001933038,0.0001162681192140312,2,61.14285731315613,0.9984270017487662,-1.0
0.03392071269142131,0.008439761004410684,64,0.2542741501238197,0.00010453658778440107,2,61.57142874172756,1.0062755250930786,-1.0
0.03393246683602532,0.006325891163821022,65,0.24165758909657598,9.342254191024022e-05,2,64.28571459225246,0.9894448658398219,-1.0
0.03394554159604013,0.010306937891679505,66,0.2656238698400557,8.294311864472437e-05,2,63.85714306150164,0.9850573836054121,-1.0
0.03398850882270684,0.010051732184365392,67,0.26435282290913165,7.311447649896551e-05,2,62.42857149669102,0.9965315113748823,-1.0
0.033998395510328315,0.009763102318781117,68,0.2626837589778006,6.395177052675794e-05,2,58.0000000681196,1.0360731261117118,-1.0
0.03379538950199882,0.006441199181911846,69,0.24153068917803466,5.546912895658472e-05,2,61.142857449395315,1.0006739286014013,-1.0
0.03384976279145727,0.009175703045912087,70,0.2582649039104581,4.767963140691306e-05,2,62.71428615706308,0.9620926117897034,-1.0
0.020083074845994513,0.010094254006010791,71,0.18116894108243287,4.059528871837034e-05,2,64.85714336803981,0.9617014244624547,-1.0
0.009473828715272248,0.009213830266768733,72,0.11225556908175349,3.4227024433899e-05,2,64.00000020435878,0.9796457958221435,-1.0
0.033461899030953646,0.004363239975646138,73,0.22709677298553288,2.8584657955444653e-05,2,63.71428605488369,0.9730619151251657,-1.0
0.0338505853433162,0.0042401586736862855,74,0.228655711049214,2.367688940315011e-05,2,65.4285718713488,0.9365651498522077,-1.0
0.03385802482565244,0.004370707863320907,75,0.22948750806972384,1.951128620040094e-05,2,61.571428877966746,0.9680025928361076,-1.0
0.03397006483282894,0.004330559012790521,76,0.22994264005683362,1.6094271405406862e-05,2,64.42857197352818,0.973436086177826,-1.0
0.034002407997225724,0.008700011492085954,77,0.25632451195269823,1.3431113807311488e-05,2,62.28571476255144,0.9876832008361817,-1.0
0.033916365704499185,0.004505409626290202,78,0.23064222908578813,1.1525919802101659e-05,2,62.571428877966746,1.0082562555585588,-1.0
0.03372176398988813,0.004738140152767301,79,0.2308708019554615,1.0381627060842164e-05,2,64.00000023841858,1.0001321595055717,-1.0
0.03393758581175158,0.009123486505510906,80,0.25847737095318735,1e-05,2,64.57142911638532,0.9402121533666338,-1.0
0.0376012473965862,0.023698662174865603,1,0.42926034796983004,0.000999618372939158,3,11.75,4.879029235839844,-1.0
0.03371809835412672,0.005854964489117265,2,0.2772946038749069,0.0009984740801978985,3,17.125,3.022701759338379,-1.0
0.033874481417504806,0.007307246427184769,3,0.2884046039544046,0.0009965688861926887,3,21.5,2.4027947616577148,-1.0
0.03362671428892229,0.009185812003644449,4,0.2998333021532744,0.0009939057285945933,3,23.625,2.119248046875,-1.0
0.03374358396311956,0.00891771403673504,5,0.29876542021520436,0.0009904887137995992,3,24.375,2.037618064880371,-1.0
0.033818252850323915,0.008280048013797827,6,0.2948294379748404,0.00098632311059685,3,28.0,1.9812331771850586,-1.0
0.017106071646724428,0.008309229077505214,7,0.1780477249994874,0.0009814153420445555,3,28.625,1.959925422668457,-1.0
0.008703718959753002,0.006149508757516742,8,0.1041091289371252,0.0009757729755661012,3,27.875,1.9467852210998535,-1.0
0.033412832101540904,0.003535573171185596,9,0.25877635297365487,0.0009694047112816298,3,31.0,1.9142533874511718,-1.0
0.03421953902579844,0.00820049284292119,10,0.2970817550085485,0.0009623203685930871,3,30.5,1.89888671875,-1.0
0.03383064013905823,0.008054712720747505,11,0.29333448503166437,0.0009545308710434153,3,31.875,1.8559142684936523,-1.0
0.033806171833670566,0.005318315167512212,12,0.2739819339476526,0.0009460482294732422,3,32.125,1.8594626235961913,-1.0
0.03362711302803031,0.007203708402812481,13,0.28592790896072984,0.0009368855235010348,3,33.0,1.8409092712402344,-1.0
0.03395078431016633,0.007895587145217828,14,0.2930365379434079,0.0009270568813552758,3,35.125,1.7814250373840332,-1.0
0.03379699391578989,0.008579090237617493,15,0.2967563448473811,0.0009165774580897602,3,37.375,1.7729985237121582,-1.0
0.0229166735828455,0.00809743840779577,16,0.2172022289596498,0.0009054634122155992,3,36.375,1.7593840980529785,-1.0
0.00802767087173249,0.008128330410857285,17,0.11321819806471467,0.0008937318807859689,3,35.75,1.7332760429382323,-1.0
0.033719010883942246,0.00417263583014054,18,0.26537490682676435,0.0008814009529720156,3,37.125,1.7064731788635255,-1.0
0.03357008771438684,0.003478772273021085,19,0.25947545003145933,0.0008684896421706646,3,35.0,1.7064142417907715,-1.0
0.0341630625605051,0.0037827909857566866,20,0.265752692008391,0.0008550178566873412,3,38.0,1.6406372451782227,-1.0
0.03424495219119957,0.0036910982536418097,21,0.26568714482709765,0.0008410063690388064,3,36.375,1.6490081214904786,-1.0
0.03406401976410832,0.006136501939701182,22,0.2815444238949567,0.0008264767839234412,3,40.0,1.593915843963623,-1.0
0.03393443500889199,0.009397163122360195,23,0.3034538358915597,0.000811451504908368,3,40.375,1.6073491477966309,-1.0
0.0337115782645664,0.007847230316006712,24,0.29105305206030607,0.0007959536998847743,3,42.0,1.6033702564239503,-1.0
0.03331815085506865,0.009440591126414282,25,0.2994517751503736,0.0007800072653447032,3,44.0,1.5523859882354736,-1.0
0.01242014073899814,0.005640954411189471,26,0.12657837220467627,0.0007636367895343947,3,44.5,1.500383129119873,-1.0
0.012654895295522042,0.004406221709879381,27,0.11955219483934343,0.0007468675145409928,3,43.375,1.5063723182678224,-1.0
0.01237610328410353,0.00416843915757324,28,0.11594947404228151,0.0007297252973710758,3,45.875,1.4639699935913086,-1.0
0.008613749972677656,0.003941375595916595,29,0.08799879881553352,0.0007122365700810271,3,48.0,1.4461374855041504,-1.0
0.008514300787023135,0.003946914204529354,30,0.08734130300581455,0.0006944282990207196,3,45.5,1.4238613414764405,-1.0
0.008348500588908792,0.004105803822832448,31,0.08730159420520067,0.0006763279432533592,3,48.125,1.4086750221252442,-1.0
0.008387139865330287,0.004444114265165159,32,0.08993455208837986,0.0006579634122155992,3,46.125,1.4175130605697632,-1.0
0.008956782719386476,0.004209198855928012,33,0.09227656410075724,0.000639363022683212,3,48.625,1.3951760864257812,-1.0
0.008686343008386237,0.004025555016206843,34,0.08909848798066378,0.0006205554551086735,3,47.125,1.3919969558715821,-1.0
0.008383328427693673,0.004247317556291819,35,0.08853159798309207,0.0006015697093979838,3,52.0,1.3315559387207032,-1.0
0.015480408012600881,0.00394484557078353,36,0.1361033138819039,0.0005824350601949146,3,51.0,1.3621152877807616,-1.0
0.033754775466929586,0.004490624248449292,37,0.26783596514724195,0.0005631810117416299,3,47.625,1.3271186351776123,-1.0
0.033784255385398865,0.0035681078942226513,38,0.26157389394938946,0.0005438372523852835,3,51.0,1.3347140502929689,-1.0
0.034050323135618656,0.007667700893112591,39,0.2921379159670323,0.0005244336088007391,3,49.875,1.3067471122741698,-1.0
0.0342872481394027,0.004587664002818721,40,0.2722312551923096,0.0005050000000000001,3,50.25,1.2793426322937012,-1.0
0.0337435344367155,0.007613450987264514,41,0.28961017495021224,0.0004855663911992613,3,51.625,1.3078192472457886,-1.0
0.03428606529320989,0.007731005715738449,42,0.29423944698646665,0.00046616274761471693,3,50.375,1.3117938423156739,-1.0
0.03392464853823185,0.007649737310462764,43,0.29113854793831706,0.00044681898825837057,3,52.625,1.242221736907959,-1.0
0.0213874772723232,0.007816747296601534,44,0.20455365884117782,0.000427564939805086,3,53.0,1.24828182220459,-1.0
0.008328800588580114,0.007111036385010395,45,0.10820742091163993,0.00040843029060201667,3,53.125,1.264813823699951,-1.0
0.033466456923633814,0.003698093084884541,46,0.26028787391260266,0.000389444544891327,3,55.25,1.2600858879089356,-1.0
0.033791318868419955,0.0077515652935419765,47,0.29092890303581953,0.0003706369773167883,3,51.75,1.2385638809204103,-1.0
0.03369820789833154,0.00431073982534664,48,0.2662438261322677,0.0003520365877844012,3,55.875,1.1870158576965333,-1.0
0.03389898770754891,0.005169859289058617,49,0.2736412480007857,0.0003336720567466412,3,54.75,1.1967517280578612,-1.0
0.033712083008140326,0.003975313855335116,50,0.2639622238930315,0.0003155717009792807,3,51.75,1.2276782989501953,-1.0
0.03358559746162167,0.003788814414292574,51,0.26177327102050185,0.00029776342991897335,3,53.625,1.1997678756713868,-1.0
0.03379530047199556,0.005155964388645121,52,0.27281033084727824,0.00028027470262892445,3,59.375,1.1244993591308594,-1.0
0.03376933014286416,0.004711839703044721,53,0.2695142978336662,0.0002631324854590073,3,57.625,1.1258150482177733,-1.0
0.012219828586759312,0.007563151153070586,54,0.13863031193614006,0.0002463632104656054,3,55.75,1.171186351776123,-1.0
0.017111326401521052,0.008517093158193998,55,0.17954663909040391,0.0002299927346552969,3,57.375,1.1396571350097657,-1.0
0.03373696408899767,0.008443863630028707,56,0.2953952581156045,0.00021404630011522587,3,57.5,1.126187915802002,-1.0
0.03404460720983999,0.0061430973666054866,57,0.2814491540193558,0.00019854849509163232,3,57.5,1.120460319519043,-1.0
0.033688485921759694,0.00855618023446628,58,0.295848075998947,0.00018352321607655918,3,57.125,1.1133609771728517,-1.0
0.03369460071969245,0.007614126295915672,59,0.28927824506536126,0.00016899363096119395,3,60.25,1.0884997749328613,-1.0
0.03371516741546137,0.005403113451653293,60,0.27394451084546745,0.000154982143312659,3,56.625,1.1173976516723634,-1.0
0.033941847105909674,0.007411356449925474,61,0.2895843430887908,0.0001415103578293356,3,59.875,1.0493077087402343,-1.0
0.03384780195275588,0.007512569460751755,62,0.28963577118702233,0.0001285990470279847,3,59.125,1.0912134552001953,-1.0
0.013002926683319467,0.006193855311721563,63,0.13448555604554713,0.0001162681192140312,3,59.0,1.0666244697570801,-1.0
0.007990771305880376,0.007148014248481819,64,0.1060771660413593,0.00010453658778440107,3,61.0,1.0746841049194336,-1.0
0.03365857772795217,0.008267001149111561,65,0.29359709983691573,9.342254191024022e-05,3,60.25,1.0361272621154785,-1.0
0.03361400825503681,0.005845412478915283,66,0.2763286151457578,8.294311864472437e-05,3,62.75,1.0167380523681642,-1.0
0.03391962674712496,0.008221180710409368,67,0.29509282298386097,7.311447649896551e-05,3,59.0,1.0464544200897217,-1.0
0.03377495400075402,0.007863183838448353,68,0.2915842409711331,6.395177052675794e-05,3,60.0,1.0597542190551759,-1.0
0.03380774171091616,0.00545511714049748,69,0.27495580492541194,5.546912895658472e-05,3,59.625,1.029113426208496,-1.0
0.03385957224028451,0.008591826472963606,70,0.2972910578828305,4.767963140691306e-05,3,61.5,1.0509520530700684,-1.0
0.033751667610236576,0.008482782968452998,71,0.2957566580735147,4.059528871837034e-05,3,61.25,1.00881591796875,-1.0
0.019631555270669714,0.008790036596890007,72,0.1990580940619111,3.4227024433899e-05,3,60.25,1.0136518573760986,-1.0
0.007993057403447372,0.007131025893613696,73,0.10597628494724631,2.8584657955444653e-05,3,60.375,1.0451740837097168,-1.0
0.033434095759210844,0.004034571083528655,74,0.26240479410625994,2.367688940315011e-05,3,62.375,1.0254144382476806,-1.0
0.033738240133970976,0.007644733580361519,75,0.28981262305751443,1.951128620040094e-05,3,62.625,1.0078538703918456,-1.0
0.03383116517215967,0.007477861829102039,76,0.2892986519727856,1.6094271405406862e-05,3,61.75,1.0288346576690675,-1.0
0.033687750077141185,0.006108119352055448,77,0.27870546700432897,1.3431113807311488e-05,3,61.5,1.0526781272888184,-1.0
0.03391867772942143,0.007719199572290693,78,0.2915942440740764,1.1525919802101659e-05,3,61.0,1.0374914836883544,-1.0
0.03391085142668869,0.008040401286312513,79,0.29379057697951794,1.0381627060842164e-05,3,61.25,1.0368687629699707,-1.0
0.03380325024149248,0.008042203894417201,80,0.2930284740868956,1e-05,3,60.5,1.0024845218658447,-1.0
0.03892038913909346,0.019826040719635785,1,0.47014453704468906,0.000999618372939158,4,17.77777777777778,7.139511311848958,-1.0
0.033730929950252175,0.005125006282469258,2,0.31097396998666227,0.0009984740801978985,4,15.333333333333334,3.0106576877170137,-1.0
0.03373002595617436,0.007338969910051674,3,0.3286657079588622,0.0009965688861926887,4,25.11111111111111,2.192074449327257,-1.0
0.03383428236702457,0.00853619136614725,4,0.339082607999444,0.0009939057285945933,4,20.0,2.1153024631076387,-1.0
0.03370534026180394,0.009237126243533567,5,0.34366153297014534,0.0009904887137995992,4,28.0,2.032585228814019,-1.0
0.01996036063064821,0.008835156011627987,6,0.23047017212957144,0.00098632311059685,4,27.88888888888889,1.9756125895182293,-1.0
0.013204964488977566,0.0070388223975896835,7,0.16206045099534094,0.0009814153420445555,4,29.88888888888889,1.9552622307671441,-1.0
0.033555606787558645,0.006542495597386733,8,0.3208971777930856,0.0009757729755661012,4,30.0,1.9277559068467882,-1.0
0.033930347504792735,0.005023859615903348,9,0.3117445129901171,0.0009694047112816298,4,30.11111111111111,1.8967159016927084,-1.0
0.03379134036367759,0.006669081485597417,10,0.3237937409430742,0.0009623203685930871,4,32.0,1.8763255479600693,-1.0
0.03403956149122678,0.0074559775239322335,11,0.3320760990027338,0.0009545308710434153,4,32.333333333333336,1.873816901312934,-1.0
0.033700382424285635,0.006444591475883499,12,0.32127024699002504,0.0009460482294732422,4,32.111111111111114,1.872771945529514,-1.0
0.03358401800505817,0.00826910586329177,13,0.33493377384729683,0.0009368855235010348,4,33.111111111111114,1.8730485026041668,-1.0
0.017739836126565933,0.008436068514129147,14,0.2095450540073216,0.0009270568813552758,4,32.55555555555556,1.8485487026638454,-1.0
0.01770772520103492,0.006388247915310785,15,0.19292447087354958,0.0009165774580897602,4,32.44444444444444,1.8140674506293404,-1.0
0.033767086220905185,0.006570516270585358,16,0.3228195880074054,0.0009054634122155992,4,33.666666666666664,1.7826269361707898,-1.0
0.033703398396028206,0.007262790342792869,17,0.3278394849039614,0.0008937318807859689,4,34.333333333333336,1.8033192782931857,-1.0
0.03365813032723963,0.007090849045198411,18,0.32610166002996266,0.0008814009529720156,4,33.111111111111114,1.8499569532606337,-1.0
0.03392731017083861,0.006979463214520365,19,0.3273672368377447,0.0008684896421706646,4,33.333333333333336,1.8251834106445313,-1.0
0.033690373616991565,0.0071820107696112245,20,0.3270917038898915,0.0008550178566873412,4,35.111111111111114,1.8194849141438802,-1.0
0.03387362198554911,0.003409984754398465,21,0.29838020098395646,0.0008410063690388064,4,36.22222222222222,1.7426409912109375,-1.0
0.016792774375062436,0.0034213252656627446,22,0.16181716392748058,0.0008264767839234412,4,35.22222222222222,1.7294034491644965,-1.0
0.00919049239018932,0.0037325693701859564,23,0.10353430896066129,0.000811451504908368,4,38.55555555555556,1.7108313157823352,-1.0
0.033354237384628505,0.003872724366374314,24,0.2979611619375646,0.0007959536998847743,4,38.0,1.6633918762207032,-1.0
0.03359275727416389,0.004616621212335303,25,0.3057868860196322,0.0007800072653447032,4,38.77777777777778,1.6750084092881945,-1.0
0.0337166991957929,0.004862868168856949,26,0.30874783592298627,0.0007636367895343947,4,39.22222222222222,1.6068687269422743,-1.0
0.03372031686012633,0.006426623120205477,27,0.32128292112611234,0.0007468675145409928,4,37.55555555555556,1.656266852484809,-1.0
0.033721581363352016,0.006525601493194699,28,0.32209023204632103,0.0007297252973710758,4,40.0,1.6568136935763889,-1.0
0.034056216914905235,0.006697784585412592,29,0.3261406652163714,0.0007122365700810271,4,39.0,1.7145003085666233,-1.0
0.030942990066250786,0.004852089303312823,30,0.286471261177212,0.0006944282990207196,4,38.111111111111114,1.6745116339789496,-1.0
0.009720887668663636,0.00479926509433426,31,0.11626434721983969,0.0006763279432533592,4,38.77777777777778,1.6737899441189237,-1.0
0.031752971903188154,0.003656240238342434,32,0.28338667610660195,0.0006579634122155992,4,38.666666666666664,1.7100060865614148,-1.0
0.033606462326133624,0.0030278704361990094,33,0.2931854580529034,0.000639363022683212,4,37.55555555555556,1.7366722785101996,-1.0
0.0336282804782968,0.004821587150217965,34,0.3077289969660342,0.0006205554551086735,4,36.44444444444444,1.7416511535644532,-1.0
0.03361023840261623,0.0048241522454191,35,0.3076060719322413,0.0006015697093979838,4,39.22222222222222,1.6820172966851128,-1.0
0.03362116575590335,0.004824658244615421,36,0.3076977990567684,0.0005824350601949146,4,39.0,1.6508485921223959,-1.0
0.03360622448963113,0.006406540400348604,37,0.3202292500063777,0.0005631810117416299,4,40.55555555555556,1.5983704630533855,-1.0
0.033761007885914296,0.00646416048402898,38,0.3219291290733963,0.0005438372523852835,4,42.44444444444444,1.5676138814290363,-1.0
0.009224882494891062,0.004825418145628646,39,0.11252486915327609,0.0005244336088007391,4,42.888888888888886,1.5577918328179254,-1.0
0.012135590863181278,0.0038285646587610245,40,0.1278584620449692,0.0005050000000000001,4,41.55555555555556,1.5619291687011718,-1.0
0.03388194675790146,0.004901558480923995,41,0.31040049996227026,0.0004855663911992613,4,40.22222222222222,1.5615004306369358,-1.0
0.03446461065323092,0.0077176572231110185,42,0.33759123203344643,0.00046616274761471693,4,41.55555555555556,1.548913845486111,-1.0
0.03451294545084238,0.008660801686346531,43,0.34552015201188624,0.00044681898825837057,4,41.55555555555556,1.5583016120062934,-1.0
0.03465212252922356,0.007568693079520017,44,0.33789874287322164,0.000427564939805086,4,42.77777777777778,1.5079756673177083,-1.0
0.03417172850458883,0.008221571973990649,45,0.33928453107364476,0.00040843029060201667,4,44.111111111111114,1.5528885057237414,-1.0
0.03460715775145218,0.00799065810861066,46,0.34091229108162224,0.000389444544891327,4,44.55555555555556,1.4744205898708767,-1.0
0.011053045018343255,0.007244060980156064,47,0.14650639309547842,0.0003706369773167883,4,42.333333333333336,1.537439490424262,-1.0
0.02141916987602599,0.004203073855023831,48,0.2051114800851792,0.0003520365877844012,4,46.44444444444444,1.4698557705349393,-1.0
0.03406184239429422,0.004821291979169473,49,0.3111929870210588,0.0003336720567466412,4,44.77777777777778,1.4707609388563367,-1.0
0.034121481905458495,0.006720025354297832,50,0.3268673799466342,0.0003155717009792807,4,43.888888888888886,1.47559816148546,-1.0
0.03390195535030216,0.007191565906396136,51,0.32888080878183246,0.00029776342991897335,4,44.666666666666664,1.5038099839952257,-1.0
0.033977920102188364,0.007870838628150523,52,0.33492590417154133,0.00028027470262892445,4,46.0,1.4487508477105036,-1.0
0.0339397179777734,0.00817774364259094,53,0.33709330298006535,0.0002631324854590073,4,43.77777777777778,1.5140252516004775,-1.0
0.03402072301832959,0.0070946709893178195,54,0.3290611889678985,0.0002463632104656054,4,44.333333333333336,1.4621903483072918,-1.0
0.009687879355624318,0.00814512450597249,55,0.14280786598101258,0.0002299927346552969,4,45.22222222222222,1.4643402099609375,-1.0
0.031724676402518526,0.0037553362199105322,56,0.283973520854488,0.00021404630011522587,4,47.55555555555556,1.44469970703125,-1.0
0.033838164497865364,0.0034389515058137476,57,0.2983524219598621,0.00019854849509163232,4,45.0,1.4349518330891926,-1.0
0.033976446866290644,0.003356978530064225,58,0.29880222491919994,0.00018352321607655918,4,47.55555555555556,1.4196726650661893,-1.0
0.03391109625226818,0.0031977225153241307,59,0.2970057320781052,0.00016899363096119395,4,43.44444444444444,1.4402692498101128,-1.0
0.03385273885214701,0.007498571299947798,60,0.33094322006218135,0.000154982143312659,4,47.0,1.431848602294922,-1.0
0.033874606393510476,0.0074994539900217205,61,0.33112973906099796,0.0001415103578293356,4,46.0,1.4202517700195312,-1.0
0.0338917369954288,0.007469025993486866,62,0.3310205650050193,0.0001285990470279847,4,46.666666666666664,1.4049954562717013,-1.0
0.00892865186324343,0.007603033154737204,63,0.1323850080370903,0.0001162681192140312,4,46.77777777777778,1.4095467631022136,-1.0
0.028840004844823852,0.0036401367688085884,64,0.2599758659489453,0.00010453658778440107,4,47.77777777777778,1.3987736172146268,-1.0
0.033971477882005274,0.005963585979770869,65,0.3196110068820417,9.342254191024022e-05,4,47.111111111111114,1.4126458062065972,-1.0
0.033996976213529706,0.006559382891282439,66,0.3245857050642371,8.294311864472437e-05,4,47.111111111111114,1.4030559624565972,-1.0
0.03405598588869907,0.006501834228402004,67,0.32460037688724697,7.311447649896551e-05,4,47.666666666666664,1.3870245869954427,-1.0
0.03377261964487843,0.0038737609575036913,68,0.3013053659815341,6.395177052675794e-05,4,49.55555555555556,1.368354034423828,-1.0
0.03393508936278522,0.006417068507289514,69,0.3229484499897808,5.546912895658472e-05,4,49.22222222222222,1.3717806837293838,-1.0
0.033675377402687445,0.007819875725544989,70,0.3320926008746028,4.767963140691306e-05,4,46.55555555555556,1.4155480109320746,-1.0
0.009886768879368901,0.007471518008969724,71,0.13899805187247694,4.059528871837034e-05,4,48.666666666666664,1.3805113050672744,-1.0
0.03358284765272401,0.0036547024501487613,72,0.2980337399058044,3.4227024433899e-05,4,48.44444444444444,1.3808669704861112,-1.0
0.034046063403366134,0.0047246993344742805,73,0.3102996021043509,2.8584657955444653e-05,4,49.888888888888886,1.3734983147515192,-1.0
0.03390658655553125,0.007241682440508157,74,0.32932011294178665,2.367688940315011e-05,4,45.888888888888886,1.4136849975585937,-1.0
0.03404981043422595,0.00733169331215322,75,0.3311859001405537,1.951128620040094e-05,4,48.55555555555556,1.36155025906033,-1.0
0.03387255911366083,0.006942755630007014,76,0.3266594831366092,1.6094271405406862e-05,4,47.77777777777778,1.403184577094184,-1.0
0.033788910310249776,0.007000857323873788,77,0.3264526519924402,1.3431113807311488e-05,4,48.666666666666664,1.3485668606228298,-1.0
0.02642439113697037,0.006934149743756279,78,0.2669988330453634,1.1525919802101659e-05,4,46.333333333333336,1.38401611328125,-1.0
0.008434787392616272,0.006385712855262682,79,0.1186904008500278,1.0381627060842164e-05,4,49.55555555555556,1.372118648952908,-1.0
0.03341163927689195,0.003162177832564339,80,0.2927360550966114,1e-05,4,47.888888888888886,1.4042550489637586,-1.0
0.03573766024783254,0.021673089009709656,1,0.45943591999821365,0.000999618372939158,5,16.400000017881393,8.578484508514403,-1.0
0.034131892665755004,0.005831368820508942,2,0.31984014296904206,0.0009984740801978985,5,23.900000083446503,2.270480976104736,-1.0
0.03419487574137747,0.006771446001948789,3,0.3278634729795158,0.0009965688861926887,5,24.00000003576279,2.0714926204681396,-1.0
0.034200325375422835,0.0055202207586262375,4,0.31789519591256976,0.0009939057285945933,5,28.700000166893005,1.9984183521270753,-1.0
0.034230981284053996,0.007224222208606079,5,0.331775879021734,0.0009904887137995992,5,30.900000071525575,1.9778843088150024,-1.0
0.028548775881063193,0.005001646000891924,6,0.26853248896077275,0.00098632311059685,5,31.60000023841858,1.9468085584640502,-1.0
0.013485730974934995,0.007457265513949096,7,0.1676971719134599,0.0009814153420445555,5,33.70000011920929,1.8737463998794555,-1.0
0.034121517033781856,0.0033697214676067233,8,0.3000946252141148,0.0009757729755661012,5,32.6,1.831722074508667,-1.0
0.034271038632141426,0.0033914213709067553,9,0.3014270120766014,0.0009694047112816298,5,34.200000083446504,1.8169323101043702,-1.0
0.03445873997407034,0.00782569166040048,10,0.3384199400898069,0.0009623203685930871,5,36.80000004768372,1.7524295091629027,-1.0
0.03447041008621454,0.007833510782802477,11,0.3385771759785712,0.0009545308710434153,5,37.60000026226044,1.7276832227706909,-1.0
0.03452367632417008,0.007919524650787935,12,0.3396773550193757,0.0009460482294732422,5,39.00000028610229,1.683655987739563,-1.0
0.03426460863556713,0.007926601974759251,13,0.3376807109452784,0.0009368855235010348,5,40.4000002861023,1.6473044996261597,-1.0
0.020180141407763585,0.007371331594185904,14,0.22053947392851114,0.0009270568813552758,5,42.60000011920929,1.5781879177093505,-1.0
0.014670588745502755,0.00657314361887984,15,0.17007584706880152,0.0009165774580897602,5,43.100000047683714,1.569999505996704,-1.0
0.03417963272659108,0.006839075882453471,16,0.32828088593669236,0.0009054634122155992,5,45.90000004768372,1.5240703992843627,-1.0
0.03434632139396854,0.007433718856191263,17,0.3343686838634312,0.0008937318807859689,5,46.40000016689301,1.497174961090088,-1.0
0.03418820520164445,0.004893435048870742,18,0.3127641589380801,0.0008814009529720156,5,45.70000011920929,1.4836811246871948,-1.0
0.034364415711024776,0.004936453304253519,19,0.3145209231879562,0.0008684896421706646,5,44.80000026226044,1.47128932762146,-1.0
0.03413952625123784,0.007254111988004297,20,0.33126256591640413,0.0008550178566873412,5,47.00000009536743,1.4493432111740112,-1.0
0.03408632523496635,0.005060206021880731,21,0.3132819638121873,0.0008410063690388064,5,48.10000014305115,1.4201436347961425,-1.0
0.02186510036699474,0.0048670939868316054,22,0.21396086015738547,0.0008264767839234412,5,46.40000009536743,1.3894161825180054,-1.0
0.008978856756584719,0.006115186988608912,23,0.12085640500299633,0.000811451504908368,5,49.000000166893,1.3509082326889037,-1.0
0.034080434998031706,0.003103174123680219,24,0.29757831688039005,0.0007959536998847743,5,49.400000262260434,1.3449778718948364,-1.0
0.03433127093012445,0.006696775177260861,25,0.3283468128647655,0.0007800072653447032,5,50.99999990463257,1.3432142181396485,-1.0
0.03422598834731616,0.006507752783363685,26,0.32597984396852553,0.0007636367895343947,5,52.8,1.2953555936813355,-1.0
0.034213951556012034,0.003338021197123453,27,0.3005255958996713,0.0007468675145409928,5,53.80000038146973,1.2651522226333618,-1.0
0.03412453463533893,0.007626315113157034,28,0.33411662303842604,0.0007297252973710758,5,51.00000028610229,1.2863279314041138,-1.0
0.03421187322237529,0.007900607655756176,29,0.3370137580204755,0.0007122365700810271,5,53.300000286102296,1.244570056915283,-1.0
0.025980691018048674,0.007569453737232834,30,0.26851881411857903,0.0006944282990207196,5,53.00000028610229,1.2446623363494873,-1.0
0.010948069393634796,0.0033209396060556173,31,0.11429119110107422,0.0006763279432533592,5,54.20000033378601,1.2601795482635498,-1.0
0.03388367223669775,0.003502335282973945,32,0.2992376440670341,0.0006579634122155992,5,55.4000002861023,1.2209431171417235,-1.0
0.034078153723385185,0.006367064663209021,33,0.32367465598508716,0.000639363022683212,5,56.80000042915344,1.1697246885299684,-1.0
0.03427607667981647,0.007500694307964295,34,0.33434178913012147,0.0006205554551086735,5,55.20000033378601,1.1765307941436767,-1.0
0.034107981104170904,0.0072570851480122656,35,0.33103228686377406,0.0006015697093979838,5,55.799999952316284,1.1599961881637573,-1.0
0.034155080473283306,0.007991965772816911,36,0.337288707960397,0.0005824350601949146,5,54.70000009536743,1.1689142236709595,-1.0
0.03412677181768231,0.007707447686698288,37,0.3347883780952543,0.0005631810117416299,5,56.899999952316286,1.1638761882781983,-1.0
0.02285308638238348,0.007564487343188375,38,0.24344341387040913,0.0005438372523852835,5,58.09999995231628,1.1173352937698364,-1.0
0.009757767402334139,0.006460793461883441,39,0.1298790129367262,0.0005244336088007391,5,58.900000143051145,1.099486515045166,-1.0
0.03444666642462835,0.003025561454705894,40,0.29992616595700383,0.0005050000000000001,5,57.50000004768371,1.0805489511489867,-1.0
0.03429658227832988,0.0036759819777216762,41,0.3039006441831589,0.0004855663911992613,5,60.50000009536743,1.0670626077651977,-1.0
0.03433138961554505,0.006408555374946445,42,0.32603351096622646,0.00046616274761471693,5,64.30000042915344,0.9929364738464356,-1.0
0.034098868287401274,0.006577356107300147,43,0.32552013103850186,0.00044681898825837057,5,62.70000042915344,1.036151002407074,-1.0
0.03419267188291997,0.006288548873271793,44,0.32396273501217365,0.000427564939805086,5,59.100000047683714,1.0348123188018798,-1.0
0.03415359670179896,0.006486369558842853,45,0.3252311961259693,0.00040843029060201667,5,61.80000033378601,1.0340366878509522,-1.0
0.028872536873677745,0.006872867757920176,46,0.2860695170238614,0.000389444544891327,5,64.20000057220459,0.9708997850418091,-1.0
0.009539742779452354,0.0075524504645727575,47,0.13684001984074712,0.0003706369773167883,5,63.400000381469724,0.9813071031570435,-1.0
0.034083449019817635,0.004832851234823465,48,0.31146136904135346,0.0003520365877844012,5,63.90000009536743,0.9948115272521972,-1.0
0.03423773645772599,0.007811445160768926,49,0.33652764395810664,0.0003336720567466412,5,64.30000047683716,0.9713259334564209,-1.0
0.0341122510144487,0.003203659609425813,50,0.2986610261723399,0.0003155717009792807,5,62.79999990463257,0.9712765779495239,-1.0
0.03417005488881841,0.007925606361823156,51,0.33690741285681725,0.00029776342991897335,5,64.90000023841858,0.9639006786346436,-1.0
0.03436093215714209,0.00849063872010447,52,0.34294581692665815,0.00028027470262892445,5,66.30000004768371,0.9344067101478577,-1.0
0.03433635551482439,0.007945134246256202,53,0.3384003310929984,0.0002631324854590073,5,65.30000014305115,0.9195332908630371,-1.0
0.02001636041677557,0.008584780705859885,54,0.22894172696396708,0.0002463632104656054,5,64.40000014305114,0.918104347705841,-1.0
0.013081165147013962,0.007301815989194438,55,0.16319638793356717,0.0002299927346552969,5,66.70000009536743,0.9008401079177857,-1.0
0.03428878774866462,0.0038105061394162476,56,0.30493222712539136,0.00021404630011522587,5,67.80000042915344,0.8682866206169129,-1.0
0.03420876667951234,0.008909164695069194,57,0.34507939498871565,0.00019854849509163232,5,66.80000028610229,0.8769896879196167,-1.0
0.03411193497595377,0.007262319384608418,58,0.33113591792061925,0.00018352321607655918,5,67.80000047683716,0.8912557897567749,-1.0
0.03433245955966413,0.006627370836213231,59,0.3278163999784738,0.00016899363096119395,5,69.500000333786,0.8510094470977784,-1.0
0.034136871283408254,0.007310396205866709,60,0.33171835099346936,0.000154982143312659,5,67.90000014305114,0.8530838017463684,-1.0
0.03473926830338314,0.00876176095334813,61,0.3481487960088998,0.0001415103578293356,5,70.80000004768371,0.8607498388290405,-1.0
0.015198294480796903,0.006673291005427018,62,0.1751031898893416,0.0001285990470279847,5,70.00000014305115,0.8123765888214112,-1.0
0.012819105962989852,0.005314101668773219,63,0.1451955169904977,0.0001162681192140312,5,69.00000004768371,0.8271698169708251,-1.0
0.034111638233298436,0.004031112010125071,64,0.30527469981461763,0.00010453658778440107,5,69.90000047683716,0.8114683961868286,-1.0
0.03411215657251887,0.007146246294723824,65,0.33019937109202147,9.342254191024022e-05,5,70.80000038146973,0.7965487685203553,-1.0
0.034583031258080155,0.004870338860200718,66,0.31576732196845114,8.294311864472437e-05,5,69.30000023841858,0.8182165584564209,-1.0
0.034321266459301114,0.007553128903964534,67,0.3351357029750943,7.311447649896551e-05,5,71.3,0.7942028741836548,-1.0
0.034734237589873374,0.008385138033190742,68,0.34509144886396825,6.395177052675794e-05,5,68.00000042915345,0.8074425115585327,-1.0
0.03429321525618434,0.0055505826021544635,69,0.31888469494879246,5.546912895658472e-05,5,70.60000033378601,0.7986393127441406,-1.0
0.02215051365783438,0.004911952593829483,70,0.21662790211848915,4.767963140691306e-05,5,69.80000023841858,0.8041247048377991,-1.0
0.010173649643547833,0.007148519478505477,71,0.13870301097631454,4.059528871837034e-05,5,70.20000023841858,0.7917556047439576,-1.0
0.03419617345207371,0.005585015547694638,72,0.3183825621381402,3.4227024433899e-05,5,69.50000047683716,0.8049368004798889,-1.0
0.0343468232313171,0.0062984852702356875,73,0.32529428601264954,2.8584657955444653e-05,5,70.80000033378602,0.7912838525772095,-1.0
0.03428421955322847,0.004728134343167767,74,0.3122356061358005,2.367688940315011e-05,5,70.80000042915344,0.8052682108879089,-1.0
0.034148852922953665,0.0064437050896231085,75,0.3248766178730875,1.951128620040094e-05,5,70.80000028610229,0.7656204323768616,-1.0
0.03461208226508461,0.00786100048571825,76,0.3399196940008551,1.6094271405406862e-05,5,71.70000014305114,0.7658967723846436,-1.0
0.03444624086841941,0.007374608889222145,77,0.33469660207629204,1.3431113807311488e-05,5,71.5,0.7807019500732422,-1.0
0.022951449442189187,0.006491134176030755,78,0.23567296704277396,1.1525919802101659e-05,5,69.50000047683716,0.7719905619621277,-1.0
0.009202903718687594,0.006648479786235839,79,0.12695217016153038,1.0381627060842164e-05,5,70.9000002861023,0.7668183951377868,-1.0
0.034202790731796995,0.00604816252598539,80,0.3221428389661014,1e-05,5,72.80000014305115,0.7635658893585205,-1.0
0.03727831652698418,0.01781566146140297,1,0.4960000228602439,0.000999618372939158,6,15.727272748947144,5.76669489773837,-1.0
0.03406538045965135,0.00530515655150844,2,0.3545054690912366,0.0009984740801978985,6,17.18181823058562,2.394898656498302,-1.0
0.03412837586883041,0.005470480019640591,3,0.3565365739632398,0.0009965688861926887,6,25.63636356050318,2.0561189131303266,-1.0
0.03418073083998428,0.0049557082561983,4,0.3523789488244802,0.0009939057285945933,6,25.909090903672304,2.0144242789528586,-1.0
0.0340247903433111,0.004637193115842011,5,0.3481179408263415,0.0009904887137995992,6,28.818181856112048,1.9701620804179798,-1.0
0.01152713591646817,0.004550344750492109,6,0.14484915300272405,0.00098632311059685,6,28.636363625526428,1.9456360119039362,-1.0
0.01853159026035832,0.003110573859885335,7,0.19492938183248043,0.0009814153420445555,6,30.727272835644808,1.8913521805676548,-1.0
0.034124002455630235,0.004271706100553274,8,0.3456709310412407,0.0009757729755661012,6,31.181818105957724,1.8687663407759232,-1.0
0.03391658364691668,0.004482353028530876,9,0.3457269340287894,0.0009694047112816298,6,31.545454529198732,1.8354492447592996,-1.0
0.03417458706017998,0.004539930494502187,10,0.34855759888887405,0.0009623203685930871,6,33.09090913425792,1.802693259932778,-1.0
0.03410400695995324,0.004865507362410426,11,0.3508568061515689,0.0009545308710434153,6,35.27272722937844,1.7657849988070402,-1.0
0.03404504619538784,0.004928619807793034,12,0.3508917079307139,0.0009460482294732422,6,37.45454544370825,1.7271681651202115,-1.0
0.03253969123276571,0.004671998528970612,13,0.3350326989311725,0.0009368855235010348,6,37.09090919928117,1.730853979804299,-1.0
0.00848670376257764,0.00720425167431434,14,0.14134414796717465,0.0009270568813552758,6,37.18181827935305,1.6836088549007069,-1.0
0.033982307727759085,0.004399843591575821,15,0.3455556759145111,0.0009165774580897602,6,38.8181817965074,1.6751148973811756,-1.0
0.03406400326639414,0.004707290402924021,16,0.34905801713466644,0.0009054634122155992,6,40.636363593014806,1.6189338718761097,-1.0
0.03410435392935243,0.006241004293163617,17,0.3632173480000347,0.0008937318807859689,6,41.54545457796617,1.6287992880561135,-1.0
0.034166204303296074,0.0031343140225443575,18,0.33581844600848854,0.0008814009529720156,6,41.63636373389851,1.6402315577593716,-1.0
0.03418127579304079,0.004759677530576785,19,0.3505791558418423,0.0008684896421706646,6,41.545454567128964,1.5987751748345116,-1.0
0.03421585993944771,0.004661030705190367,20,0.35000857105478644,0.0008550178566873412,6,44.18181819265539,1.536795946901495,-1.0
0.014401761478640966,0.004486271982184715,21,0.1700979599263519,0.0008410063690388064,6,43.27272724021565,1.561350334340876,-1.0
0.011395542804772655,0.0035283168674343163,22,0.1344223979394883,0.0008264767839234412,6,43.999999956651166,1.5188923957131126,-1.0
0.034094059322443276,0.0041041571077787215,23,0.34389733895659447,0.000811451504908368,6,46.36363637447357,1.467112746672197,-1.0
0.03409320144500169,0.003045042355855306,24,0.3343606188427657,0.0007959536998847743,6,45.27272720770402,1.4807802404056896,-1.0
0.034108894023423396,0.004465517432739337,25,0.3472805288620293,0.0007800072653447032,6,45.909090995788574,1.4972302402149547,-1.0
0.03413270519942873,0.0037556543635825315,26,0.3411098679061979,0.0007636367895343947,6,48.90909103913741,1.4076535159891301,-1.0
0.03399287314257688,0.004700929650829898,27,0.34836093010380864,0.0007468675145409928,6,45.63636373389851,1.4178392046148127,-1.0
0.03420539717707369,0.0070279798108256524,28,0.3712127320468426,0.0007297252973710758,6,45.727272662249476,1.4424706615101208,-1.0
0.012454438230229748,0.0033089746721088886,29,0.1419726291205734,0.0007122365700810271,6,48.09090922095559,1.3902104850248858,-1.0
0.020746514227034316,0.005761646665632725,30,0.238685515942052,0.0006944282990207196,6,48.000000130046494,1.388646766055714,-1.0
0.034029869776633054,0.004274039451653759,31,0.34484669007360935,0.0006763279432533592,6,46.36363649368286,1.3998350806669755,-1.0
0.034213713008082576,0.004382161552914315,32,0.3474768730811775,0.0006579634122155992,6,48.909090822393246,1.36854989788749,-1.0
0.034100273080791034,0.0045200238107807105,33,0.34769686311483383,0.000639363022683212,6,50.636363831433385,1.3373694974725896,-1.0
0.03415672990700437,0.004344326883761419,34,0.346621880074963,0.0006205554551086735,6,52.99999993497675,1.3036698358709162,-1.0
0.034036146787305675,0.004204579784224431,35,0.3442799400072545,0.0006015697093979838,6,50.90909091992812,1.2947593944722955,-1.0
0.032580536557361484,0.004415833003198107,36,0.33307386585511267,0.0005824350601949146,6,51.00000002167442,1.3077753977342086,-1.0
0.009806123898468085,0.006210788877473937,37,0.14429046190343797,0.0005631810117416299,6,53.181818376887925,1.3219099426269532,-1.0
0.034076738714550935,0.002964192173547215,38,0.3335682980250567,0.0005438372523852835,6,53.363636298613116,1.2939216626774181,-1.0
0.03410835613289641,0.003894086435644163,39,0.34215415082871914,0.0005244336088007391,6,51.90909084406766,1.2931112787940287,-1.0
0.03419834189116955,0.004403375761790408,40,0.34755329601466656,0.0005050000000000001,6,53.09090909090909,1.2761892596158115,-1.0
0.034157566622727446,0.004953679499319858,41,0.35213697818107903,0.0004855663911992613,6,52.636363647200845,1.2676702156933872,-1.0
0.03407214589727422,0.0047269353332618875,42,0.349327655043453,0.00046616274761471693,6,53.27272734858773,1.2438714439218694,-1.0
0.034084700539501175,0.004532025118047993,43,0.3476832800079137,0.00044681898825837057,6,52.545454567128964,1.2208977543223989,-1.0
0.017092634587445192,0.004494832621680366,44,0.1944147958420217,0.000427564939805086,6,53.818181774832986,1.240853312665766,-1.0
0.020616670578925148,0.006523529869607753,45,0.24438734212890267,0.00040843029060201667,6,57.18181831186468,1.1862818782979792,-1.0
0.034007396548986435,0.004647440561610792,46,0.3480260430369526,0.000389444544891327,6,55.909090822393246,1.2030656042965975,-1.0
0.0340364347729418,0.007148471324601107,47,0.3707969640381634,0.0003706369773167883,6,55.63636361468922,1.1901074812629007,-1.0
0.03420413262210786,0.005136856602297889,48,0.3542007200885564,0.0003520365877844012,6,55.636363527991556,1.1916901501742276,-1.0
0.0340602902126395,0.0068944640095449155,49,0.3687268500216305,0.0003336720567466412,6,56.636363831433385,1.163096903887662,-1.0
0.03426107140775356,0.005082892253994942,50,0.35423383000306785,0.0003155717009792807,6,55.45454536784779,1.176799204566262,-1.0
0.024954210423553985,0.00572895312992235,51,0.2762743909843266,0.00029776342991897335,6,56.45454553040591,1.1464613910154864,-1.0
0.008789107850235369,0.005136738479551341,52,0.1254655858501792,0.00028027470262892445,6,57.63636363636363,1.1244053727930243,-1.0
0.033950026302287974,0.00319112790748477,53,0.3344030261505395,0.0002631324854590073,6,57.18181831186468,1.133084005876021,-1.0
0.03397085753062533,0.0045807279077255065,54,0.3470963970758021,0.0002463632104656054,6,57.909090757369995,1.1381967167420821,-1.0
0.03410527787895666,0.005553601128566597,55,0.35706010600551963,0.0002299927346552969,6,58.181818138469346,1.121192987832156,-1.0
0.03418393345135781,0.004266238667898708,56,0.34618069301359355,0.00021404630011522587,6,58.36363634196195,1.1221076787601818,-1.0
0.03406566916964948,0.0030297784962587887,57,0.33398881391622126,0.00019854849509163232,6,60.09090926430442,1.06831101287495,-1.0
0.03422659203513629,0.005008660619043642,58,0.3532506439369172,0.00018352321607655918,6,58.81818173148415,1.0797473296252165,-1.0
0.014364934655734234,0.005596324102953076,59,0.1797742429189384,0.00016899363096119395,6,61.18181803009727,1.0613541282307017,-1.0
0.012108013991059529,0.0027552109936045278,60,0.13387910113669932,0.000154982143312659,6,60.54545452378013,1.0729103261774235,-1.0
0.034081196102003254,0.004190344906722506,61,0.3445547451265156,0.0001415103578293356,6,62.36363638531078,1.0327727150917054,-1.0
0.034239006616796054,0.004749765153974295,62,0.35101457010023296,0.0001285990470279847,6,60.818181861530654,1.0432805308428679,-1.0
0.03419403390338024,0.0044098419861661065,63,0.3475466400850564,0.0001162681192140312,6,61.72727261890065,1.039495836171237,-1.0
0.03414141611816982,0.004432285540840692,64,0.34727452183142304,0.00010453658778440107,6,60.8181817965074,1.0432226037979127,-1.0
0.03421001133715941,0.004648107905975646,65,0.3498324060346931,9.342254191024022e-05,6,61.545454718849875,1.017292779792439,-1.0
0.03422965150740412,0.0066895523729423685,66,0.36837995587848127,8.294311864472437e-05,6,62.272727489471436,1.0184813406250695,-1.0
0.009272689543043574,0.006231046902636687,67,0.1396423620171845,7.311447649896551e-05,6,60.454545519568704,1.0571252965927125,-1.0
0.025855571678322222,0.003118630214076903,68,0.26088429195806384,6.395177052675794e-05,6,61.09090902588584,1.0277581483667546,-1.0
0.033995224706207715,0.002950153313577175,69,0.3326187878847122,5.546912895658472e-05,6,60.72727264057506,1.0571473399075595,-1.0
0.03414369265859326,0.0041999061229742235,70,0.3452058988623321,4.767963140691306e-05,6,60.90909093076532,1.0259894990921021,-1.0
0.03402711699406306,0.0067929392163124346,71,0.3674910708796233,4.059528871837034e-05,6,59.181818290190265,1.0388077501817183,-1.0
0.034256264877816044,0.005785166001361277,72,0.3604830331169069,3.4227024433899e-05,6,63.81818203492598,0.982408903945576,-1.0
0.034006844093609184,0.0033377601195954615,73,0.33621424715965986,2.8584657955444653e-05,6,62.36363625526428,0.9884368837963451,-1.0
0.027074060997822218,0.00420305699420472,74,0.2815968869253993,2.367688940315011e-05,6,61.545454480431296,1.0154723102396184,-1.0
0.008963207559039196,0.0035384676626159083,75,0.11262579285539687,1.951128620040094e-05,6,60.63636367971247,1.0495935331691395,-1.0
0.03413156867544684,0.0037220954481098386,76,0.34079894004389644,1.6094271405406862e-05,6,62.99999997832558,0.9962255508249456,-1.0
0.03402537200599909,0.002914324997820788,77,0.3325683590956032,1.3431113807311488e-05,6,63.727272900668055,0.9815821036425504,-1.0
0.034272437889335886,0.006245658681210544,78,0.3647748080547899,1.1525919802101659e-05,6,63.18181809512052,0.9889956309578636,-1.0
0.03410468643738164,0.004557405106930269,79,0.3480778429657221,1.0381627060842164e-05,6,62.909090822393246,0.9884545590660789,-1.0
0.03417112810226778,0.004658772894698713,80,0.34958725585602224,1e-05,6,62.636363527991556,0.9933655459230596,-1.0
0.03702203892171383,0.016281746281310915,1,0.5331768898759037,0.000999618372939158,7,15.666666746139526,4.365602439244588,-1.0
0.03389582452364266,0.0040347202681005005,2,0.37943050591275096,0.0009984740801978985,7,21.666666706403095,2.2970453135172524,-1.0
0.0340230799280107,0.004124114685691893,3,0.3815833628177643,0.0009965688861926887,7,27.25,2.0289766041437787,-1.0
0.0338483564555645,0.003334529441781342,4,0.37194870808161795,0.0009939057285945933,7,28.166666706403095,1.9936641454696655,-1.0
0.03342778761871159,0.004123330186121166,5,0.37563757807947695,0.0009904887137995992,7,32.00000007947286,1.9025056060155232,-1.0
0.008931664191186428,0.0055320032872259615,6,0.1447446478996426,0.00098632311059685,7,33.00000003973643,1.8711383549372356,-1.0
0.03374937998596579,0.0028447820106521247,7,0.3660597479902208,0.0009814153420445555,7,33.0,1.816332449913025,-1.0
0.03386500624474138,0.0038957127369940283,8,0.37771859602071345,0.0009757729755661012,7,33.75000003973643,1.8106703678766887,-1.0
0.034046625276096164,0.004300066316500306,9,0.383581638103351,0.0009694047112816298,7,34.75,1.7623656193415325,-1.0
0.03384722422342747,0.0034492156701162457,10,0.3730795511510223,0.0009623203685930871,7,36.08333341280619,1.7161967468261718,-1.0
0.03429560775402933,0.005760561744682491,11,0.400676537072286,0.0009545308710434153,7,37.333333333333336,1.6970212809244791,-1.0
0.02911108238622546,0.0038565370952710508,12,0.32978614093735814,0.0009460482294732422,7,38.00000003973643,1.6549542872111003,-1.0
0.008477329090237618,0.005076489318162203,13,0.1356421688105911,0.0009368855235010348,7,39.416666666666664,1.660257822672526,-1.0
0.03368464855011553,0.0028620151337236167,14,0.3655853949021548,0.0009270568813552758,7,43.00000007947286,1.5941552591323853,-1.0
0.03394499667920172,0.003146658022888005,15,0.37102648080326617,0.0009165774580897602,7,43.0,1.5824812173843383,-1.0
0.034169565560296176,0.007036763243377209,16,0.41218203702010214,0.0009054634122155992,7,44.166666666666664,1.536375765800476,-1.0
0.03392956384923309,0.0065593072446063164,17,0.4050049060024321,0.0008937318807859689,7,44.83333337306976,1.5223137664794921,-1.0
0.03393477939534932,0.004443874815478921,18,0.3839027259964496,0.0008814009529720156,7,44.33333341280619,1.519239249229431,-1.0
0.025171199394389988,0.0038501113187521694,19,0.2903195971157402,0.0008684896421706646,7,45.666666746139526,1.4821039692560831,-1.0
0.008593293768353761,0.0027793191373348238,20,0.11382979503832757,0.0008550178566873412,7,45.25000007947286,1.4693093252182008,-1.0
0.0340961811831221,0.0034244646318256854,21,0.37533993693068624,0.0008410063690388064,7,48.333333333333336,1.3999976523717244,-1.0
0.03398987802211195,0.004343706462532282,22,0.38347220001742244,0.0008264767839234412,7,46.58333349227905,1.409019242922465,-1.0
0.034089979832060635,0.005015196464955807,23,0.39118283009156585,0.000811451504908368,7,47.666666666666664,1.401206309000651,-1.0
0.033935596630908546,0.004464155063033104,24,0.3841328090056777,0.0007959536998847743,7,49.50000007947286,1.3782648849487305,-1.0
0.033985400456003845,0.004346790933050215,25,0.38345363084226847,0.0007800072653447032,7,49.583333333333336,1.3299512354532879,-1.0
0.027758866595104337,0.004376193392090499,26,0.32147438498213887,0.0007636367895343947,7,50.916666746139526,1.3382341782251994,-1.0
0.009832706139422952,0.004880063654854894,27,0.1472368910908699,0.0007468675145409928,7,49.83333349227905,1.3119067335128785,-1.0
0.03407669400330633,0.003956423886120319,28,0.38044106401503086,0.0007297252973710758,7,52.166666666666664,1.2883374532063803,-1.0
0.03406474890653044,0.0044951426796615125,29,0.385712567018345,0.0007122365700810271,7,51.08333349227905,1.302837823232015,-1.0
0.034006828418932857,0.002736247284337878,30,0.3675439760554582,0.0006944282990207196,7,51.08333341280619,1.2770923980077107,-1.0
0.03402123893611133,0.004585918551310897,31,0.38618535501882434,0.0006763279432533592,7,54.0,1.2575900506973268,-1.0
0.03392830551601946,0.004375348798930645,32,0.3831470189616084,0.0006579634122155992,7,55.083333333333336,1.2133174753189087,-1.0
0.028383753448724746,0.002839385159313679,33,0.3123344611376524,0.000639363022683212,7,54.00000015894572,1.199132882754008,-1.0
0.008435642416588961,0.004787106369622052,34,0.13233499904163182,0.0006205554551086735,7,55.08333349227905,1.209645767211914,-1.0
0.033980147121474145,0.0028418437810614704,35,0.3683381660375744,0.0006015697093979838,7,58.5,1.1403846247990925,-1.0
0.0340470215305686,0.0027907118666917084,36,0.3685054159723222,0.0005824350601949146,7,56.166666746139526,1.1906027603149414,-1.0
0.03400566838681698,0.004413862619549036,37,0.38430683710612357,0.0005631810117416299,7,56.08333349227905,1.1522871192296347,-1.0
0.033928832155652344,0.004915550840087235,38,0.3885551660787314,0.0005438372523852835,7,57.583333333333336,1.1285533380508423,-1.0
0.03402542273979634,0.0040179633535444735,39,0.3805447658523917,0.0005244336088007391,7,59.00000007947286,1.116020933787028,-1.0
0.029572136187925934,0.00452940771356225,40,0.34116925997659564,0.0005050000000000001,7,59.5,1.1051385879516602,-1.0
0.00843771540094167,0.005000129784457385,41,0.1344857329968363,0.0004855663911992613,7,56.416666746139526,1.1319323468208313,-1.0
0.03377952605951577,0.0027285119285807014,42,0.36519737518392503,0.00046616274761471693,7,58.75000007947286,1.1000694417953492,-1.0
0.03389068671967834,0.003049109480343759,43,0.3695118031464517,0.00044681898825837057,7,60.75000003973643,1.0651954539616904,-1.0
0.03401284485589713,0.004519019345752895,44,0.3854456131812185,0.000427564939805086,7,60.91666682561239,1.0584398253758749,-1.0
0.03395330247003585,0.004397480236366391,45,0.3836187438573688,0.00040843029060201667,7,61.166666666666664,1.0442026996612548,-1.0
0.034020900772884485,0.004545067530125379,46,0.3857715099584311,0.000389444544891327,7,60.83333341280619,1.0216006851196289,-1.0
0.03102072172332555,0.004256830387748778,47,0.3528838229831308,0.0003706369773167883,7,61.16666682561239,1.0139522218704224,-1.0
0.008617423893883824,0.004734332207590342,48,0.13362296810373664,0.0003520365877844012,7,63.833333333333336,1.0069064990679424,-1.0
0.03362177673261613,0.0028364955680444835,49,0.3647179650142789,0.0003336720567466412,7,64.91666674613953,0.9406820869445801,-1.0
0.03392818991560489,0.004373478982597589,50,0.38312610308639705,0.0003155717009792807,7,62.50000007947286,0.9786756253242492,-1.0
0.033950013434514405,0.004072963655926287,51,0.3803407868836075,0.00029776342991897335,7,62.666666666666664,0.9680451941490174,-1.0
0.03393423401284963,0.004101465083658695,52,0.38047133293002844,0.00028027470262892445,7,62.416666746139526,0.9810484528541565,-1.0
0.03390322520863265,0.00390773790422827,53,0.37822288111783564,0.0002631324854590073,7,63.333333333333336,0.9781095703442891,-1.0
0.03244136068969965,0.004052642011083662,54,0.3650463060475886,0.0002463632104656054,7,65.16666682561238,0.9281636436780294,-1.0
0.008434920152649284,0.004534445540048182,55,0.12980027706362307,0.0002299927346552969,7,65.8333334128062,0.9176830800374349,-1.0
0.03367611367721111,0.0035960907116532326,56,0.37284113094210625,0.00021404630011522587,7,64.08333349227905,0.9529143905639649,-1.0
0.03385956082493067,0.0038629756541922688,57,0.37733669113367796,0.00019854849509163232,7,68.0,0.8595109152793884,-1.0
0.03397683424409479,0.00417360367719084,58,0.38161627715453506,0.00018352321607655918,7,66.8333334128062,0.9052047340075174,-1.0
0.03391943534370512,0.0030215262668207288,59,0.36952121392823756,0.00016899363096119395,7,67.50000007947285,0.8894430279731751,-1.0
0.03398220767267048,0.004233369929715991,60,0.38226726301945746,0.000154982143312659,7,66.58333349227905,0.8618082936604817,-1.0
0.032578346831724045,0.004282478569075465,61,0.3687402119394392,0.0001415103578293356,7,67.5833334128062,0.861216406027476,-1.0
0.008560663810931146,0.004735539807006717,62,0.13308446994051337,0.0001285990470279847,7,67.5833334128062,0.8629589533805847,-1.0
0.03256534526590258,0.0026641673175618052,63,0.35241218213923275,0.0001162681192140312,7,68.58333349227905,0.8512458372116088,-1.0
0.03400834174826741,0.002891218662261963,64,0.36910533788613975,0.00010453658778440107,7,68.41666674613953,0.8568695012728373,-1.0
0.03384674366097897,0.003938066051341593,65,0.37796335900202394,9.342254191024022e-05,7,67.66666682561238,0.8657277941703796,-1.0
0.03401234378106892,0.004003632417879999,66,0.380271801026538,8.294311864472437e-05,7,69.16666682561238,0.8280898380279541,-1.0
0.033960444992408155,0.003999884705990553,67,0.37971553578972816,7.311447649896551e-05,7,68.83333333333333,0.8662106641133627,-1.0
0.034042338584549726,0.003973247902467847,68,0.3802727600559592,6.395177052675794e-05,7,68.66666666666667,0.8431216915448506,-1.0
0.009146125405095518,0.00425051967613399,69,0.13407111796550453,5.546912895658472e-05,7,70.3333334128062,0.8221575554211934,-1.0
0.02949342248030007,0.0028339879121631385,70,0.32339255209080875,4.767963140691306e-05,7,69.75,0.8174761772155762,-1.0
0.033881562389433385,0.004148048022761941,71,0.3804153138771653,4.059528871837034e-05,7,69.25000015894572,0.8276400923728943,-1.0
0.03386114269960672,0.004102461808361113,72,0.37975263106636703,3.4227024433899e-05,7,71.0,0.8114973123868306,-1.0
0.03408660765271634,0.004029879043810069,73,0.3812790079973638,2.8584657955444653e-05,7,70.0833334128062,0.8155406761169434,-1.0
0.03409160438459367,0.003952806210145354,74,0.38056506705470383,2.367688940315011e-05,7,71.91666682561238,0.7892443466186524,-1.0
0.03416630609426648,0.003968987707048654,75,0.3814674799796194,1.951128620040094e-05,7,70.91666674613953,0.8163061086336771,-1.0
0.008577871485613286,0.003999490314163268,76,0.12588474503718317,1.6094271405406862e-05,7,70.66666674613953,0.8148982755343119,-1.0
0.024069681810215116,0.0033477110788226127,77,0.27430214104242623,1.3431113807311488e-05,7,70.75,0.7722698243459066,-1.0
0.03390297160949558,0.002863647206686437,78,0.36777922697365284,1.1525919802101659e-05,7,70.25000007947285,0.7923402206103007,-1.0
0.03400443317368627,0.004030646220780909,79,0.3804713150020689,1.0381627060842164e-05,7,69.75000007947285,0.8076697500546773,-1.0
0.03405570723116398,0.003985814983025193,80,0.38053466007113457,1e-05,7,70.66666666666667,0.7885144813855489,-1.0
0.03679931129921566,0.01718835496682335,1,0.5940199419856071,0.000999618372939158,8,18.307692309984795,6.579326593692486,-1.0
0.03417241107672453,0.0029849588278342376,2,0.40887878998182714,0.0009984740801978985,8,23.615384615384617,2.2132459908265334,-1.0
0.03384519679556516,0.003876144934276288,3,0.4150739279575646,0.0009965688861926887,8,26.384615389200356,2.041587338080773,-1.0
0.034212572161446915,0.003999342379922216,4,0.4204880448523909,0.0009939057285945933,8,27.30769231686225,1.9925554026090182,-1.0
0.03397695061920041,0.0037379214667122474,5,0.41500458400696516,0.0009904887137995992,8,28.461538479878353,1.9607816256009616,-1.0
0.011635974240065976,0.0036457248497754335,6,0.1682330819312483,0.00098632311059685,8,30.846153846153847,1.904610994045551,-1.0
0.020513283512131733,0.003064623652872714,7,0.2594914110377431,0.0009814153420445555,8,32.76923077840071,1.8586479770220243,-1.0
0.033831796630031684,0.005212988281114535,8,0.429607244906947,0.0009757729755661012,8,32.84615385532379,1.8575504251626822,-1.0
0.033949811519546944,0.0033568019386042247,9,0.41048911213874817,0.0009694047112816298,8,31.76923078757066,1.8267623189779427,-1.0
0.03395985784432427,0.0034183457028120756,10,0.41129365912638605,0.0009623203685930871,8,33.92307692307692,1.7731346713579619,-1.0
0.03395653628236191,0.0041053776248273525,11,0.41879294090904295,0.0009545308710434153,8,35.84615387366368,1.7422227360652043,-1.0
0.030785931993953207,0.0036023151849142528,12,0.37838187511079013,0.0009460482294732422,8,36.461538489048294,1.6993355971116286,-1.0
0.008902714439583096,0.0033754406454549594,13,0.13519083405844867,0.0009368855235010348,8,37.38461538461539,1.673878666804387,-1.0
0.033655435630035674,0.002528203185647726,14,0.39814599603414536,0.0009270568813552758,8,37.307692326032196,1.6547419511354886,-1.0
0.03396557159298523,0.0037937075830996037,15,0.4154676250182092,0.0009165774580897602,8,40.69230770147764,1.6245177056239202,-1.0
0.033896019237793305,0.003781460945240476,16,0.4145717609208077,0.0009054634122155992,8,39.8461538369839,1.6051626696953407,-1.0
0.03387234901840037,0.00352025307206945,17,0.4114310219883919,0.0008937318807859689,8,42.07692309526297,1.5711083756960356,-1.0
0.033845370381393215,0.004031145437197251,18,0.41675352212041616,0.0008814009529720156,8,42.461538470708405,1.5400353886530949,-1.0
0.017094587864862246,0.0035838203250684523,19,0.22757403692230582,0.0008684896421706646,8,42.000000009169945,1.5251921782126794,-1.0
0.011422285598448732,0.002517797497355125,20,0.1534446890000254,0.0008550178566873412,8,41.8461538369839,1.5322557658415574,-1.0
0.03388485325161706,0.002771007934246551,21,0.40332568902522326,0.0008410063690388064,8,43.307692326032196,1.5023725186861479,-1.0
0.03397507027892226,0.002554124623367732,22,0.401930927997455,0.0008264767839234412,8,44.46153846153846,1.4701200631948619,-1.0
0.03386590282686732,0.0036730267192152414,23,0.41304050385951996,0.000811451504908368,8,46.53846154075403,1.4619691705703735,-1.0
0.03380754183639179,0.00363440233790739,24,0.4119713900145143,0.0007959536998847743,8,44.69230771981753,1.486627102631789,-1.0
0.033895663705400446,0.0023571192921901293,25,0.39888979704119265,0.0007800072653447032,8,45.69230770147764,1.4583509830328134,-1.0
0.01511781067926098,0.002540708053857088,26,0.19434538902714849,0.0007636367895343947,8,46.923076959756706,1.4306274538773758,-1.0
0.02043959276158024,0.004478837511586872,27,0.2742147909011692,0.0007468675145409928,8,45.846153864493736,1.4330084345890926,-1.0
0.03383999218402261,0.0023623406252061777,28,0.39833687781356275,0.0007297252973710758,8,49.07692311360286,1.3879662381685698,-1.0
0.033902102573351425,0.0034126725936816497,29,0.4105773998890072,0.0007122365700810271,8,50.30769233520214,1.3481906010554388,-1.0
0.03383090658198026,0.0034713880370625043,30,0.41043332405388355,0.0006944282990207196,8,48.461538452368515,1.3694457773061899,-1.0
0.03398297089998695,0.0030226398217068477,31,0.4071750270668417,0.0006763279432533592,8,47.461538489048294,1.3924065215771015,-1.0
0.033824767197736284,0.0028128890659321437,32,0.40312635782174766,0.0006579634122155992,8,51.84615384615385,1.3685600757598877,-1.0
0.008587220472029665,0.0027827592566609383,33,0.12517482601106167,0.000639363022683212,8,50.76923077840071,1.3321839552659256,-1.0
0.029751447452740235,0.002710957270623608,34,0.35720417904667556,0.0006205554551086735,8,52.23076925827907,1.304233680505019,-1.0
0.033941618696024474,0.0026019319299269805,35,0.402088631875813,0.0006015697093979838,8,51.46153844319857,1.3014467088992778,-1.0
0.033911906140433115,0.004048771754076535,36,0.41770752682350576,0.0005824350601949146,8,51.00000003667978,1.2899326977363,-1.0
0.03386137043972584,0.0037231853824447503,37,0.4135440441314131,0.0005631810117416299,8,54.23076921242934,1.2306853195337148,-1.0
0.03456310959617523,0.0036627667617391457,38,0.4205961071420461,0.0005438372523852835,8,54.461538489048294,1.2213856983184814,-1.0
0.023345092205669393,0.003661467524414713,39,0.2971750309225172,0.0005244336088007391,8,52.69230770147764,1.2516530557779166,-1.0
0.01377073999240317,0.0034891354682093315,40,0.18996848398819566,0.0005050000000000001,8,55.07692307692308,1.2219781373097347,-1.0
0.03399586451070553,0.005242686295373874,41,0.4317405039910227,0.0004855663911992613,8,54.00000001833989,1.2429691952925461,-1.0
0.03383252572860907,0.0037668621675534682,42,0.4137044239323586,0.00046616274761471693,8,52.69230768313775,1.2151173819028414,-1.0
0.03384950687177479,0.003933034689080986,43,0.41572142695076764,0.00044681898825837057,8,55.23076923993918,1.17949951171875,-1.0
0.033873922530223026,0.0024686137383634395,44,0.3999191259499639,0.000427564939805086,8,56.07692307692308,1.1719911901767437,-1.0
0.034276922191069883,0.0032549735412678933,45,0.41298410296440125,0.00040843029060201667,8,54.61538462455456,1.2076649119303777,-1.0
0.028177175734361463,0.004000348991460421,46,0.354087193030864,0.000389444544891327,8,58.076923086093025,1.1425623846054078,-1.0
0.02621751941147853,0.003761530134149573,47,0.32990184309892356,0.0003706369773167883,8,56.76923078757066,1.1369073834786048,-1.0
0.027715724469585853,0.0042162247171456165,48,0.35138519178144634,0.0003520365877844012,8,55.23076924910912,1.153640535061176,-1.0
0.027058923363008282,0.0038406325461850925,49,0.34002419910393655,0.0003336720567466412,8,56.84615384615385,1.1392133397322435,-1.0
0.02815628341737796,0.004238303750753403,50,0.35647322912700474,0.0003155717009792807,8,58.153846135506264,1.1170165663499099,-1.0
0.026603109372610397,0.0037601270755244927,51,0.3341294110286981,0.00029776342991897335,8,58.6153846520644,1.097859379695012,-1.0
0.02724491061896763,0.0035822102800011635,52,0.3392070329282433,0.00028027470262892445,8,59.307692326032196,1.0694257523463322,-1.0
0.026382278227670627,0.003783354578031735,53,0.33192597702145576,0.0002631324854590073,8,60.84615382781396,1.0703624087113601,-1.0
0.025997078575363212,0.0038545908067714085,54,0.32847759686410427,0.0002463632104656054,8,58.846153882833626,1.0710248156694266,-1.0
0.02808166784234345,0.003875751175325025,55,0.35164437908679247,0.0002299927346552969,8,59.69230771064758,1.049386672606835,-1.0
0.02893884558315304,0.0036701903128149834,56,0.3588324550073594,0.00021404630011522587,8,60.615384597044724,1.0521234130859376,-1.0
0.02904649944552644,0.003477363381534815,57,0.3578945090994239,0.00019854849509163232,8,60.461538470708405,1.0388807208721453,-1.0
0.010491494512693449,0.0036214782898737626,58,0.15536666801199317,0.00018352321607655918,8,60.00000001833989,1.0315501346954932,-1.0
0.028110496001318097,0.003146438287909735,59,0.3439574530348182,0.00016899363096119395,8,61.76923078757066,1.0491574452473567,-1.0
0.03436959877779538,0.0035596759354865008,60,0.4173586769029498,0.000154982143312659,8,63.92307694141682,0.9981670203575721,-1.0
0.03399974998848682,0.0038859849287704988,61,0.4168895629700273,0.0001415103578293356,8,63.00000003667978,0.9928856130746695,-1.0
0.034056951122527775,0.0037255343261428857,62,0.41574118100106716,0.0001285990470279847,8,62.30769236271198,0.9978691808994,-1.0
0.03405901793898507,0.004137221512130715,63,0.4202921239193529,0.0001162681192140312,8,62.461538516558136,1.0126487610890316,-1.0
0.023275417191061108,0.004132466538893906,64,0.3016161641571671,0.00010453658778440107,8,63.0,0.974287198140071,-1.0
0.01216927407817407,0.0024920324583283878,65,0.16139946086332202,9.342254191024022e-05,8,60.6153846337245,1.0052308361346904,-1.0
0.03393301537091082,0.004051116993650794,66,0.4179580039344728,8.294311864472437e-05,8,63.53846155680143,0.9849461478453416,-1.0
0.034197808539664205,0.003980789820409634,67,0.42010524310171604,7.311447649896551e-05,8,63.76923075089088,0.9928866518460787,-1.0
0.034199098675427114,0.003616609229621562,68,0.4161098918411881,6.395177052675794e-05,8,64.07692307692308,0.9598676714530358,-1.0
0.03388093602420254,0.0036188246131959286,69,0.4126277221366763,5.546912895658472e-05,8,63.69230771064758,0.9798624541209294,-1.0
0.03386650245044042,0.0037353830200365997,70,0.41375308809801936,4.767963140691306e-05,8,64.46153847987836,0.9537454632612375,-1.0
0.011758759723637591,0.0034437956584786825,71,0.1673510419204831,4.059528871837034e-05,8,66.3076923076923,0.931489721261538,-1.0
0.02528877200728113,0.002716666447337378,72,0.3081671840045601,3.4227024433899e-05,8,65.53846153846153,0.9377721984569843,-1.0
0.034005035561594094,0.003598901887678287,73,0.4137599370442331,2.8584657955444653e-05,8,63.30769230769231,0.9638104427777804,-1.0
0.033933292756873096,0.00251517432149161,74,0.40105003281496465,2.367688940315011e-05,8,64.38461542129517,0.9523521867165199,-1.0
0.03391334653662687,0.003717163556509397,75,0.41405079304240644,1.951128620040094e-05,8,65.69230774732736,0.9610436835655799,-1.0
0.03392502927983349,0.003905198367481882,76,0.4162542161066085,1.6094271405406862e-05,8,65.38461540295528,0.9333117706959064,-1.0
0.028175960697064347,0.0041084008460695095,77,0.355239343829453,1.3431113807311488e-05,8,66.07692313194275,0.9226626825332641,-1.0
0.013399445557628165,0.00543762754056264,78,0.20732054393738508,1.1525919802101659e-05,8,64.00000002750984,0.9378159445982713,-1.0
0.033873940013687716,0.0040920838840644465,79,0.4177403338253498,1.0381627060842164e-05,8,65.07692305858319,0.9239738759627709,-1.0
0.03391631508500061,0.004090043821964751,80,0.4181810449808836,1e-05,8,66.53846157514133,0.9298429525815524,-1.0
0.016080709851600906,0.015890174884010445,1,0.3518180891405791,0.000999618372939158,9,16.7142858675548,4.299564181736537,-1.0
0.029844614253802734,0.0025164418303492394,2,0.3561036139726639,0.0009984740801978985,9,23.28571436234883,2.3523654692513603,-1.0
0.0346062428063967,0.004498934754255143,3,0.4302958510816097,0.0009965688861926887,9,24.50000023841858,2.057339085170201,-1.0
0.034853436814790424,0.0027455026283860207,4,0.4137100160587579,0.0009939057285945933,9,27.928571615900314,1.9915197604043142,-1.0
0.03438130097294396,0.003499779575081034,5,0.41680339304730296,0.0009904887137995992,9,28.642857142857142,1.9492670161383492,-1.0
0.03441076880236241,0.0038895620964467525,6,0.4214124020654708,0.00098632311059685,9,30.142857330186025,1.9130421876907349,-1.0
0.021325269481167197,0.0035942365119064398,7,0.2742183019872755,0.0009814153420445555,9,33.000000204358784,1.8642396347863333,-1.0
0.013421895469284871,0.0033062001563269982,8,0.18411904713138938,0.0009757729755661012,9,31.85714294229235,1.8467312669754028,-1.0
0.034157326106320725,0.0026059057140214877,9,0.40450985194183886,0.0009694047112816298,9,32.92857154778072,1.7998509754453387,-1.0
0.03430025298571722,0.004226134835996411,10,0.4239170460496098,0.0009623203685930871,9,34.7142859186445,1.7740461444854736,-1.0
0.034303895832801405,0.0026247130749239163,11,0.4063401650637388,0.0009545308710434153,9,36.35714316368103,1.7306299441201347,-1.0
0.03416368303905157,0.002562142675742507,12,0.4041011880617589,0.0009460482294732422,9,37.92857149669102,1.7070742845535278,-1.0
0.03441793035546487,0.004260109293020584,13,0.4255694830790162,0.0009368855235010348,9,40.64285734721592,1.6298441668919155,-1.0
0.011415281862189824,0.004273903408003124,14,0.17268665693700314,0.0009270568813552758,9,42.35714302744184,1.6228393765858242,-1.0
0.023494508540765804,0.0029099052771925926,15,0.29056696011684835,0.0009165774580897602,9,43.50000011920929,1.5730658435821534,-1.0
0.03431871050799435,0.0035304601134901695,16,0.416449679993093,0.0009054634122155992,9,41.928571701049805,1.5662310028076172,-1.0
0.03422646764242514,0.0035721134521405806,17,0.41589716100133955,0.0008937318807859689,9,43.714285952704294,1.528852231843131,-1.0
0.034375846068459476,0.0037068509158085694,18,0.4190239279996604,0.0008814009529720156,9,44.85714314665113,1.5008052321842738,-1.0
0.03424985804171725,0.004018814133649523,19,0.421073901001364,0.0008684896421706646,9,46.000000085149495,1.4962557547433035,-1.0
0.029103648700666698,0.003808978394689885,20,0.3621421030256897,0.0008550178566873412,9,45.500000306538176,1.468108412878854,-1.0
0.008554569487883286,0.003891877978193489,21,0.13701720209792256,0.0008410063690388064,9,46.35714311259134,1.4543172706876482,-1.0
0.03446414194662462,0.0028678640426898546,22,0.41077036410570145,0.0008264767839234412,9,47.35714309556143,1.4459925522123065,-1.0
0.03426401287486607,0.0038142710373821583,23,0.41897069686092436,0.000811451504908368,9,47.42857151372092,1.4210367700031825,-1.0
0.034346427260474724,0.002605162010612813,24,0.4065758939832449,0.0007959536998847743,9,49.000000085149495,1.379323170525687,-1.0
0.03431165817363018,0.0023815865543755617,25,0.4037383310496807,0.0007800072653447032,9,47.78571442195347,1.3792697170802526,-1.0
0.0342286152722822,0.0025541810107163406,26,0.40472426917403936,0.0007636367895343947,9,49.28571449007307,1.3623505640029907,-1.0
0.019297992429611357,0.0029413197401233697,27,0.2447331459261477,0.0007468675145409928,9,49.78571437086378,1.3451697070258004,-1.0
0.018293700731274756,0.0038044717035848985,28,0.2431899409275502,0.0007297252973710758,9,51.42857166699001,1.3113968740190778,-1.0
0.03421693301590329,0.0028933204329487953,29,0.4083218809682876,0.0007122365700810271,9,51.14285751751491,1.3087536212376185,-1.0
0.03434176374734803,0.0036138197068463673,30,0.4176237948704511,0.0006944282990207196,9,53.14285748345511,1.2562881585529873,-1.0
0.03419219215654514,0.003121780210428617,31,0.4105636610183865,0.0006763279432533592,9,53.64285731315613,1.2778475420815605,-1.0
0.03438425684263083,0.0025645390745591035,32,0.406547550810501,0.0006579634122155992,9,53.000000204358784,1.2469838646480016,-1.0
0.03420384348878129,0.003018020779233087,33,0.4095559499692172,0.000639363022683212,9,54.85714318071093,1.2359330572400775,-1.0
0.010320077713748271,0.0024778692856092343,34,0.14087955001741648,0.0006205554551086735,9,53.21428615706308,1.2287576505116053,-1.0
0.026212558467787774,0.0029415108940818095,35,0.3208111980929971,0.0006015697093979838,9,55.50000010217939,1.209045878819057,-1.0
0.034195150291039186,0.0040538410698487,36,0.4208509619347751,0.0005824350601949146,9,55.4285717691694,1.204567107473101,-1.0
0.03431461668911983,0.0034344278656962242,37,0.41535047604702413,0.0005631810117416299,9,56.57142863954817,1.1906639691761562,-1.0
0.03425140098922632,0.003839387558400631,38,0.4191097910515964,0.0005438372523852835,9,57.64285741533552,1.1735887009756907,-1.0
0.0343824499075047,0.004489214815707369,39,0.4277002301532775,0.0005244336088007391,9,55.642857142857146,1.165071426800319,-1.0
0.02478143659589643,0.004176295595243573,40,0.31863863905891776,0.0005050000000000001,9,56.928571701049805,1.146217955180577,-1.0
0.013370800530537963,0.004295548656955361,41,0.19443871406838298,0.0004855663911992613,9,57.714286123003276,1.1422164351599557,-1.0
0.034239814447408375,0.003636701096018607,42,0.4167508839163929,0.00046616274761471693,9,60.28571476255144,1.1008506550107684,-1.0
0.03429136516272344,0.0037976270118220286,43,0.41909050196409225,0.00044681898825837057,9,59.000000204358784,1.1172475842067173,-1.0
0.03431987709535116,0.0025507521773265166,44,0.4056902420707047,0.000427564939805086,9,60.500000544956755,1.0698850464820862,-1.0
0.03427128790115768,0.0036208281843838367,45,0.4169291809666902,0.00040843029060201667,9,59.07142891202654,1.0620318794250487,-1.0
0.03439225895668973,0.004178620959547433,46,0.424389555118978,0.000389444544891327,9,59.642857210976736,1.0420717351777213,-1.0
0.010571945987811143,0.0038551915733313017,47,0.15880476287566125,0.0003706369773167883,9,61.214285782405305,1.0246391003472464,-1.0
0.02602838614786213,0.0027676908595656805,48,0.3168742030393332,0.0003520365877844012,9,62.50000047683716,0.9979465654918126,-1.0
0.03433331893756986,0.0035663009621202946,49,0.41700549400411546,0.0003336720567466412,9,61.928571462631226,1.01645270551954,-1.0
0.03437541395595128,0.0036226999522610145,50,0.41808998910710216,0.0003155717009792807,9,62.92857183728899,0.9788933982167926,-1.0
0.03412180381234397,0.002514684297652407,51,0.4031135269906372,0.00029776342991897335,9,62.7142859186445,0.9991289928981236,-1.0
0.034391242820261556,0.004307289269160141,52,0.4263416789472103,0.00028027470262892445,9,64.71428595270429,0.9554347808020456,-1.0
0.027001063297079367,0.0041526279793205586,53,0.34279271704144776,0.0002631324854590073,9,62.92857187134879,0.9599194577762059,-1.0
0.011991905006156727,0.004069063727828589,54,0.17678180313669145,0.0002463632104656054,9,62.50000013623919,0.9689687773159572,-1.0
0.03418598317710513,0.003393772460350936,55,0.41349114407785237,0.0002299927346552969,9,64.50000023841858,0.942391129221235,-1.0
0.03436430617743595,0.003623483998870308,56,0.4179822560399771,0.00021404630011522587,9,67.00000017029899,0.9028566752161299,-1.0
0.03436508192680776,0.003933264704590494,57,0.4213932801503688,0.00019854849509163232,9,65.42857180322919,0.9013155845233373,-1.0
0.034396036485718054,0.0039192108776081695,58,0.42158185108564794,0.00018352321607655918,9,66.35714306150165,0.9022148094858442,-1.0
0.03430813102220947,0.0038606749889864163,59,0.4199667100328952,0.00016899363096119395,9,65.85714295932225,0.8977035648482187,-1.0
0.011275870619680394,0.0038959604730321603,60,0.1670146589167416,0.000154982143312659,9,65.21428619112287,0.9090244095666068,-1.0
0.030174960276450623,0.004762183642014861,61,0.3844225250650197,0.0001415103578293356,9,66.71428595270429,0.8771637163843428,-1.0
0.03435749693943018,0.002282253064384515,62,0.40314933797344565,0.0001285990470279847,9,67.78571459225246,0.8598379564285278,-1.0
0.03435871303504841,0.003508903149684722,63,0.41665427293628454,0.0001162681192140312,9,67.57142874172756,0.8529945649419512,-1.0
0.034323657799342815,0.0038630830928344617,64,0.42016359395347536,0.00010453658778440107,9,68.42857156481061,0.8624306518690926,-1.0
0.03422356379980391,0.003462992650880055,65,0.4146627369336784,9.342254191024022e-05,9,68.00000020435878,0.8461162982668196,-1.0
0.024582677626643668,0.0034918827428059144,66,0.3089260528795421,8.294311864472437e-05,9,68.78571469443185,0.843576660496848,-1.0
0.011393951908261939,0.0035348866261880507,67,0.16432758001610637,7.311447649896551e-05,9,67.92857193946838,0.8432185724803379,-1.0
0.03443336499516259,0.002249251902950081,68,0.40363079821690917,6.395177052675794e-05,9,68.00000017029899,0.8372458638463701,-1.0
0.03435942884111269,0.004603440894491293,69,0.4287059491034597,5.546912895658472e-05,9,70.35714306150165,0.8196872864450727,-1.0
0.03426260896958411,0.004228560846637596,70,0.4235132241155952,4.767963140691306e-05,9,67.07142874172756,0.8507066457612174,-1.0
0.034262086264789104,0.003729148640890013,71,0.4180165429133922,4.059528871837034e-05,9,69.21428595270429,0.8262777284213475,-1.0
0.034245537699792876,0.002450653034347025,72,0.40377144794911146,3.4227024433899e-05,9,68.9285717351096,0.8155649978773934,-1.0
0.013564272804863074,0.003491949544034221,73,0.18772753817029297,2.8584657955444653e-05,9,69.00000051089695,0.8337661320822579,-1.0
0.023559163811362603,0.003505200274627317,74,0.2978238977957517,2.367688940315011e-05,9,69.5000001362392,0.8035655215808324,-1.0
0.034239735306155955,0.002418728799305179,75,0.4033561940304935,1.951128620040094e-05,9,72.50000020435878,0.7777140324456351,-1.0
0.03437532499347898,0.0037467887371101165,76,0.4194519240409136,1.6094271405406862e-05,9,69.21428622518268,0.8082981933866228,-1.0
0.03430562968027185,0.0033125221432948656,77,0.41391960112378,1.3431113807311488e-05,9,71.14285724503654,0.7948865839413234,-1.0
0.03433402214961296,0.004440800942988558,78,0.42663550190627575,1.1525919802101659e-05,9,71.42857180322919,0.7796888971328735,-1.0
0.02963898261077702,0.004113119836388664,79,0.3713800080586225,1.0381627060842164e-05,9,68.57142901420593,0.8333270668983459,-1.0
0.008645977719094266,0.004022927277467467,80,0.1394759921822697,1e-05,9,70.6428576878139,0.7968383748190744,-1.0
0.03654254573242118,0.014655590678254763,1,0.6145315878093243,0.000999618372939158,10,15.000000003973643,4.613548136393229,-1.0
0.034215098208126925,0.002741193709274133,2,0.443602133076638,0.0009984740801978985,10,20.200000063578287,2.28706760597229,-1.0
0.03417990979505703,0.003143778711091727,3,0.44800328998826444,0.0009965688861926887,10,25.533333365122477,2.0575791975657145,-1.0
0.03431561647448689,0.0037372793497828147,4,0.456747748889029,0.0009939057285945933,10,25.73333338101705,2.0073319889704386,-1.0
0.011764921073336154,0.003664759841437141,5,0.1852650640066713,0.0009904887137995992,10,28.000000047683717,1.9634123299916586,-1.0
0.02598837553523481,0.002540196292102337,6,0.34246490499936044,0.00098632311059685,10,31.266666634877524,1.9218289756774902,-1.0
0.034143375659671925,0.0033624149315680065,7,0.45019199000671506,0.0009814153420445555,10,31.06666661898295,1.8765909042358397,-1.0
0.03420843081160759,0.0038882380079788468,8,0.4572760700248182,0.0009757729755661012,10,31.599999952316285,1.869147967338562,-1.0
0.034226669483662896,0.003962878506475438,9,0.45839801197871566,0.0009694047112816298,10,34.26666662693024,1.8038287359873453,-1.0
0.03410637186607346,0.0035376575542613864,10,0.4518467499874532,0.0009623203685930871,10,35.333333420753476,1.761817237218221,-1.0
0.012825670302845538,0.003824050286008666,11,0.1999019361101091,0.0009545308710434153,10,36.26666672229767,1.755107525507609,-1.0
0.021938816217395168,0.0023967932017209628,12,0.29216262605041265,0.0009460482294732422,10,36.66666676998138,1.6899024670918783,-1.0
0.03413606629086038,0.00250090912838156,13,0.43976901308633387,0.0009368855235010348,10,40.0,1.6507749207814535,-1.0
0.034128017781767994,0.0028118249610997736,14,0.44338875892572105,0.0009270568813552758,10,39.86666679382324,1.6284565658569337,-1.0
0.034230318444315344,0.002873449217683325,15,0.4453613059595227,0.0009165774580897602,10,41.866666769981386,1.6009023529688517,-1.0
0.034224285142651446,0.0032871461977871754,16,0.4502493741456419,0.0009054634122155992,10,40.066666746139525,1.584859744389852,-1.0
0.022153955573836964,0.002329156423608462,17,0.2939045650418848,0.0008937318807859689,10,42.33333330154419,1.5604581979115804,-1.0
0.015397144597955048,0.003862100401117156,18,0.23122475086711347,0.0008814009529720156,10,42.999999992052715,1.5380500373840331,-1.0
0.03421007048261041,0.002168412262108177,19,0.43665350205264986,0.0008684896421706646,10,45.19999996026357,1.5155282926559448,-1.0
0.03424710671727856,0.0037969228578731418,20,0.4566427969839424,0.0008550178566873412,10,44.00000009536743,1.4862827240626018,-1.0
0.03429431316908449,0.002605436835438013,21,0.4429259938187897,0.0008410063690388064,10,46.26666665871938,1.4754563423792522,-1.0
0.03427155424530307,0.0035699692477161684,22,0.45421270397491753,0.0008264767839234412,10,46.20000007947286,1.4363955783843994,-1.0
0.026332141967335094,0.0037671508616767824,23,0.3613013990689069,0.000811451504908368,10,48.00000003178914,1.4213463815053304,-1.0
0.012687763606663793,0.002400081391291072,24,0.18119823606684804,0.0007959536998847743,10,46.60000023841858,1.438784162203471,-1.0
0.03413551677173624,0.0021684608072973788,25,0.43578183301724494,0.0007800072653447032,10,47.73333326975504,1.3864226411183675,-1.0
0.034329719783272594,0.0022145998664200306,26,0.4386673478875309,0.0007636367895343947,10,47.133333381017046,1.3978585697809855,-1.0
0.03420925068591411,0.0023040941450744867,27,0.43829038296826184,0.0007468675145409928,10,48.999999888737996,1.3701135431925455,-1.0
0.03422173855748648,0.0025526967753345766,28,0.4414251421112567,0.0007297252973710758,10,48.80000007947286,1.3676821524302165,-1.0
0.034074476008148245,0.0025616093965557716,29,0.4397659250535071,0.0007122365700810271,10,49.600000079472856,1.3365062583287557,-1.0
0.009310577375193438,0.0034690764538633325,30,0.15348985698074102,0.0006944282990207196,10,50.60000003178914,1.3266144644419353,-1.0
0.034042254575372986,0.0023282242473214865,31,0.4365833818446845,0.0006763279432533592,10,51.66666685740153,1.3099045130411784,-1.0
0.034294722854004554,0.002519669806739936,32,0.4419063329696655,0.0006579634122155992,10,49.93333333333333,1.2876506748199463,-1.0
0.034193016840921096,0.003736186074092984,33,0.455289303092286,0.000639363022683212,10,52.666666682561235,1.264565590540568,-1.0
0.03414815885480493,0.003723886717731754,34,0.4545826939865947,0.0006205554551086735,10,52.53333331743876,1.2419482148488363,-1.0
0.03408829258599629,0.0034809164935722947,35,0.45094423997215927,0.0006015697093979838,10,55.13333330154419,1.2395216700236003,-1.0
0.009584203634100655,0.003190677108553549,36,0.15340519906021655,0.0005824350601949146,10,54.06666663487752,1.2327202863693236,-1.0
0.03413231350714341,0.0032820626705264053,37,0.44908272894099355,0.0005631810117416299,10,55.466666825612386,1.2140431095759074,-1.0
0.03409922041464597,0.002485381749769052,38,0.43912767409347,0.0005438372523852835,10,53.86666668256124,1.240966518719991,-1.0
0.03414492235363772,0.003801239227565626,39,0.45547239598818123,0.0005244336088007391,10,53.399999952316286,1.1892302570343019,-1.0
0.03418531367788091,0.00338988172976921,40,0.4510187900159508,0.0005050000000000001,10,55.26666669845581,1.1886922238667805,-1.0
0.032666843791957945,0.00392627945014586,41,0.4392574490047991,0.0004855663911992613,10,55.99999998410543,1.179889936765035,-1.0
0.014212139474693686,0.004141970013733953,42,0.22036242415197194,0.00046616274761471693,10,56.199999968210854,1.173782203356425,-1.0
0.03418479295214638,0.0023760526285817227,43,0.43884155503474176,0.00044681898825837057,10,57.066666555404666,1.133714020729065,-1.0
0.03414033450341473,0.002307051831545929,44,0.43748011300340295,0.000427564939805086,10,59.13333355585734,1.1194156398773194,-1.0
0.034176105710988246,0.0023273989597025015,45,0.43816024204716086,0.00040843029060201667,10,59.13333328564962,1.0966557286580403,-1.0
0.03411130824436744,0.002747723425272852,46,0.4424287499859929,0.000389444544891327,10,57.4666666507721,1.1123641395568848,-1.0
0.030959283040526014,0.0037753372259127596,47,0.4169229038525373,0.0003706369773167883,10,58.73333326975504,1.090405117670695,-1.0
0.008886409904031703,0.0027978283469565213,48,0.14031916204839945,0.0003520365877844012,10,59.266666650772095,1.0879822454452515,-1.0
0.03430203511379659,0.0022332370669270554,49,0.43853590404614806,0.0003336720567466412,10,60.600000111262005,1.075534086227417,-1.0
0.03424905665451661,0.002377387097415825,50,0.43963322904892266,0.0003155717009792807,10,58.20000023841858,1.083933439572652,-1.0
0.03420521677859748,0.0021751154757415256,51,0.4366815129760653,0.00029776342991897335,10,59.60000023841858,1.0722872432072956,-1.0
0.03416894558661928,0.004302888759411871,52,0.4618004788644612,0.00028027470262892445,10,60.46666658719381,1.0563157221476236,-1.0
0.03351927253728112,0.004296360556812336,53,0.4539174099918455,0.0002631324854590073,10,60.000000190734866,1.0313235155741374,-1.0
0.008444540784694254,0.0031612823950126767,54,0.13940443913452327,0.0002463632104656054,10,62.13333355585734,1.0321241310437521,-1.0
0.03414149764770021,0.0028942003458117447,55,0.4445477949921042,0.0002299927346552969,10,64.20000009536743,0.9963938700358073,-1.0
0.034322800929658115,0.0032147643117544553,56,0.4505830619018525,0.00021404630011522587,10,63.66666690508524,0.9690612675348917,-1.0
0.034256652754265815,0.0033542884048074484,57,0.45144510408863425,0.00019854849509163232,10,64.00000019073487,0.9980241082509359,-1.0
0.03429574468949189,0.0034737397994225225,58,0.453351641073823,0.00018352321607655918,10,62.13333349227905,1.0147030553817749,-1.0
0.03409583567796896,0.003061217488721013,59,0.4460021851118654,0.00016899363096119395,10,64.66666677792867,0.9425320545832316,-1.0
0.009148665568015227,0.003091581088180343,60,0.1469921530224383,0.000154982143312659,10,63.13333344459534,0.9639843093554179,-1.0
0.03414434274115289,0.002220219001173973,61,0.43649617303162813,0.0001415103578293356,10,66.26666690508524,0.929448621749878,-1.0
0.034154109618005656,0.0031845373838829496,62,0.44817458000034094,0.0001285990470279847,10,65.06666673024496,0.936129800637563,-1.0
0.034300058672670275,0.0033017402553620436,63,0.45134145696647465,0.0001162681192140312,10,64.93333341280619,0.9365760560035705,-1.0
0.03429304352418209,0.0033054828915434578,64,0.4513023979961872,0.00010453658778440107,10,65.06666674613953,0.9404983064333597,-1.0
0.034085903180918344,0.0034673913226773343,65,0.4507582918740809,9.342254191024022e-05,10,64.93333349227905,0.9266336057980855,-1.0
0.00910565173641468,0.0033384587538118162,66,0.14943871996365488,8.294311864472437e-05,10,65.13333346048991,0.9221802005767822,-1.0
0.03399983991403133,0.002162025348904232,67,0.4340638860594481,7.311447649896551e-05,10,65.7333333492279,0.9230704739888509,-1.0
0.034263046885219715,0.003495768120046705,68,0.4532203620765358,6.395177052675794e-05,10,65.80000020662943,0.93947279103597,-1.0
0.03424282682438692,0.003343968496968349,69,0.4511590211186558,5.546912895658472e-05,10,65.66666682561238,0.901393815835317,-1.0
0.03425439476268366,0.003348825227779647,70,0.45135453389957547,4.767963140691306e-05,10,65.93333353996277,0.9127433489163717,-1.0
0.0341919245547615,0.0032762071932666004,71,0.44973733997903764,4.059528871837034e-05,10,67.40000017484029,0.8709453598658243,-1.0
0.008428006956819445,0.003977719286922365,72,0.1489776091184467,3.4227024433899e-05,10,68.13333346048991,0.9056486460367839,-1.0
0.03418591209144021,0.002348493163784345,73,0.4385533130262047,2.8584657955444653e-05,10,65.73333349227906,0.9121708529790242,-1.0
0.03447028926651304,0.0022581134883997342,74,0.44087651604786515,2.367688940315011e-05,10,66.40000003178915,0.904439280351003,-1.0
0.0341816849152868,0.0032123973360285163,75,0.44886189606040716,1.951128620040094e-05,10,67.80000011126201,0.8899966785113017,-1.0
0.03432063308234016,0.004000303490708272,76,0.4599846398923546,1.6094271405406862e-05,10,67.000000111262,0.9026984666188558,-1.0
0.03263844487567743,0.005188955207510541,77,0.4540372740011662,1.3431113807311488e-05,10,66.20000003178914,0.8857991827329,-1.0
0.008528541560129574,0.0033354516878413656,78,0.14247076422907412,1.1525919802101659e-05,10,67.26666668256124,0.8841802434921264,-1.0
0.03422063239850104,0.002280670606220762,79,0.43814886501058936,1.0381627060842164e-05,10,68.93333339691162,0.8890922756195069,-1.0
0.034175525477621704,0.003661708440631628,80,0.45417990698479116,1e-05,10,67.13333355585733,0.88232080078125,-1.0
0.02462024023183263,0.013278748696813216,1,0.49284853995777667,0.000999618372939158,11,17.75,4.659896621704101,-1.0
0.02600686250326152,0.00247406203729602,2,0.3703978480771184,0.0009984740801978985,11,22.9375,2.138091583251953,-1.0
0.03415403355701038,0.0033284078280513105,3,0.4874025129247457,0.0009965688861926887,11,27.5625,2.0199127197265625,-1.0
0.034211717617626376,0.003465266916184471,4,0.4899259670637548,0.0009939057285945933,11,29.1875,1.9692349910736084,-1.0
0.03399585703244576,0.003288221599247593,5,0.48482813499867916,0.0009904887137995992,11,30.375,1.9353668212890625,-1.0
0.03245374993779338,0.003131793220885671,6,0.4627325108740479,0.00098632311059685,11,31.5625,1.88722975730896,-1.0
0.009210603240017708,0.002164799845419251,7,0.14801858691498637,0.0009814153420445555,11,33.6875,1.8552677726745606,-1.0
0.0339908309173412,0.001957796478214172,8,0.46746656810864806,0.0009757729755661012,11,33.625,1.8003570175170898,-1.0
0.03409514049641215,0.003125956658130655,9,0.4840069718193263,0.0009694047112816298,11,35.0625,1.7710055351257323,-1.0
0.034028097037942365,0.003563654268733584,10,0.4888266269117594,0.0009623203685930871,11,35.4375,1.7302837085723877,-1.0
0.03401465420253002,0.0023117371154232668,11,0.472393092000857,0.0009545308710434153,11,36.3125,1.6786931991577148,-1.0
0.024261828959704593,0.0038046324983812296,12,0.3650075839832425,0.0009460482294732422,11,38.4375,1.6653495407104493,-1.0
0.017119592163138665,0.0024628844470358812,13,0.25471871602348983,0.0009368855235010348,11,40.625,1.603790168762207,-1.0
0.03413279659043138,0.0023490407217580537,14,0.47439307905733585,0.0009270568813552758,11,38.5,1.652473030090332,-1.0
0.03407732587164411,0.0021342031227854583,15,0.4708932628855109,0.0009165774580897602,11,40.25,1.594015769958496,-1.0
0.03408460908282835,0.002132370387418912,16,0.4709581390488893,0.0009054634122155992,11,43.875,1.542893180847168,-1.0
0.034246943049276106,0.0030588740303825876,17,0.4851022521033883,0.0008937318807859689,11,42.0,1.507613525390625,-1.0
0.016335050127683923,0.003920012332785588,18,0.2634502141736448,0.0008814009529720156,11,45.4375,1.4784316635131836,-1.0
0.025418062748100895,0.002322111028031661,19,0.36075738188810647,0.0008684896421706646,11,46.8125,1.4486542320251465,-1.0
0.034168063215194985,0.00251652946910606,20,0.47705008112825453,0.0008550178566873412,11,45.0625,1.450480546951294,-1.0
0.03413533335193419,0.002909916041132349,21,0.48171699489466846,0.0008410063690388064,11,46.0,1.451772403717041,-1.0
0.03406656805712443,0.0021214664089851654,22,0.4705923891160637,0.0008264767839234412,11,46.0,1.4262810134887696,-1.0
0.034154022828890726,0.0030805749388841484,23,0.48421346698887646,0.000811451504908368,11,44.6875,1.4336520195007325,-1.0
0.009150803375702638,0.003964549396187067,24,0.17064952105283737,0.0007959536998847743,11,46.4375,1.4328305053710937,-1.0
0.03393113271046717,0.002295484820094246,25,0.4710777150467038,0.0007800072653447032,11,49.0,1.3774851894378661,-1.0
0.0341330838138954,0.0035197023266496565,26,0.4896136708557606,0.0007636367895343947,11,48.1875,1.3880551719665528,-1.0
0.034124578814953566,0.0021096285647497727,27,0.4711871291510761,0.0007468675145409928,11,49.1875,1.37044207572937,-1.0
0.034110367513046816,0.0022050607233093334,28,0.47223320603370667,0.0007297252973710758,11,49.1875,1.335877866744995,-1.0
0.02595251460129825,0.0029157161748466585,29,0.3754093030001968,0.0007122365700810271,11,50.9375,1.3230978965759277,-1.0
0.01457397688108568,0.0035388295789464163,30,0.23559332313016057,0.0006944282990207196,11,50.3125,1.3049920463562013,-1.0
0.03407384562664307,0.002015993679658725,31,0.4692769949324429,0.0006763279432533592,11,52.0625,1.2883275985717773,-1.0
0.03410114109731065,0.003154777742635745,32,0.4844527628738433,0.0006579634122155992,11,53.375,1.271621389389038,-1.0
0.0341409132636797,0.00330659573396238,33,0.48692791210487485,0.000639363022683212,11,52.1875,1.284975938796997,-1.0
0.03400546149350703,0.003039557271851943,34,0.48171269497834146,0.0006205554551086735,11,53.5,1.2401206970214844,-1.0
0.017651257588743016,0.0032550224031393346,35,0.2718924570363015,0.0006015697093979838,11,52.5625,1.2538886737823487,-1.0
0.02031340518106635,0.002533357500886688,36,0.29712602286599576,0.0005824350601949146,11,53.125,1.2434051465988158,-1.0
0.03417290949549239,0.003694267818131126,37,0.49238659511320293,0.0005631810117416299,11,54.0,1.2593924808502197,-1.0
0.03409504503584825,0.0033936510399843636,38,0.4874630637932569,0.0005438372523852835,11,55.0625,1.2079646873474121,-1.0
0.034119919032001726,0.0034714717274675,39,0.4888002290390432,0.0005244336088007391,11,55.9375,1.1660539531707763,-1.0
0.034070767605533965,0.0032141929349073996,40,0.4848117381334305,0.0005050000000000001,11,57.1875,1.1329711723327636,-1.0
0.008977980585768819,0.0031023967939500627,41,0.15714806993491948,0.0004855663911992613,11,55.4375,1.1455152988433839,-1.0
0.029574605009446923,0.0021891236806718204,42,0.4130571361165494,0.00046616274761471693,11,56.375,1.136199836730957,-1.0
0.03410913712846545,0.0034091570235502263,43,0.48787150508724153,0.00044681898825837057,11,56.6875,1.1310798501968384,-1.0
0.03404717396299999,0.0030059197451919317,44,0.48182497010566294,0.000427564939805086,11,58.5625,1.1306561279296874,-1.0
0.03418240508136268,0.0034704831464645956,45,0.48962398106232285,0.00040843029060201667,11,60.25,1.092618317604065,-1.0
0.029758200676252063,0.003191881705648624,46,0.42847647913731635,0.000389444544891327,11,58.4375,1.1102890014648437,-1.0
0.012300233159644099,0.003764525306626008,47,0.20896937092766166,0.0003706369773167883,11,58.625,1.0783961772918702,-1.0
0.034050615110362954,0.0020311215820793924,48,0.4691936441231519,0.0003520365877844012,11,59.6875,1.085536732673645,-1.0
0.03410854964302136,0.002962159601828227,49,0.4820462600328028,0.0003336720567466412,11,60.1875,1.0713671493530272,-1.0
0.03408231890688722,0.0028335020089378725,50,0.4800359969958663,0.0003155717009792807,11,61.0625,1.0340553998947144,-1.0
0.03402350678180273,0.0021450176763419923,51,0.47031750809401274,0.00029776342991897335,11,60.5625,1.039048879146576,-1.0
0.02360730698833672,0.002985936947740041,52,0.3458375988993794,0.00028027470262892445,11,60.25,1.0125786137580872,-1.0
0.01990495862152714,0.003206896613566921,53,0.30058309179730713,0.0002631324854590073,11,61.1875,1.0188176012039185,-1.0
0.034136563270854264,0.003005532888122476,54,0.48297600192017853,0.0002463632104656054,11,61.4375,1.0146304273605347,-1.0
0.034083683778030366,0.002447384069315516,55,0.4750406560488045,0.0002299927346552969,11,61.3125,0.9784082913398743,-1.0
0.03411097613234933,0.003063661028416111,56,0.483405414968729,0.00021404630011522587,11,61.5,1.016481122970581,-1.0
0.03410468741248433,0.0031810392661450002,57,0.48484260006807745,0.00019854849509163232,11,60.625,0.9943487310409546,-1.0
0.012536379132563105,0.003018734475167898,58,0.2023411630652845,0.00018352321607655918,11,63.8125,0.9737645840644836,-1.0
0.03049090662254737,0.0030668841388363103,59,0.43638183595612645,0.00016899363096119395,11,63.625,0.9522074556350708,-1.0
0.034143209690228105,0.0031019923850320852,60,0.4843187730293721,0.000154982143312659,11,62.625,0.9826780891418457,-1.0
0.03406076389364898,0.002704290655226662,61,0.47808010084554553,0.0001415103578293356,11,65.0,0.9252062511444091,-1.0
0.034068131676087014,0.0022798853998000804,62,0.4726506120059639,0.0001285990470279847,11,62.9375,0.9546956110000611,-1.0
0.03091364706723163,0.0030062032433656547,63,0.4410866559483111,0.0001162681192140312,11,65.0,0.9256526470184326,-1.0
0.009140318922268657,0.00299760984041943,64,0.15792057500220835,0.00010453658778440107,11,65.125,0.9509769916534424,-1.0
0.03406632229542503,0.0018910407088696957,65,0.4675901548471302,9.342254191024022e-05,11,65.25,0.9002259182929992,-1.0
0.034041106629257016,0.003560427916594423,66,0.4889519370626658,8.294311864472437e-05,11,66.75,0.890013976097107,-1.0
0.03442494275693137,0.004587773251562164,67,0.5072769259568304,7.311447649896551e-05,11,67.0625,0.8731049847602844,-1.0
0.03412167421685389,0.003567992405106242,68,0.4900778438895941,6.395177052675794e-05,11,66.8125,0.8777197194099426,-1.0
0.02065162337385118,0.0036572429458968914,69,0.31612096005119383,5.546912895658472e-05,11,65.375,0.8911990213394165,-1.0
0.019353935727849603,0.003461826897154634,70,0.29671326698735356,4.767963140691306e-05,11,64.5625,0.9123052000999451,-1.0
0.034011398997301094,0.0020683041522995783,71,0.4691458251327276,4.059528871837034e-05,11,66.5,0.887634744644165,-1.0
0.034092238531089746,0.003010694618121936,72,0.4824480451643467,3.4227024433899e-05,11,67.625,0.8726494550704956,-1.0
0.03429221059195697,0.0030175340361893177,73,0.48513702512718737,2.8584657955444653e-05,11,64.6875,0.9014024829864502,-1.0
0.034199557141759075,0.0030712460776647697,74,0.4846298850607127,2.367688940315011e-05,11,64.6875,0.8811302947998046,-1.0
0.01228616709032884,0.0032170493012437453,75,0.20164546906016767,1.951128620040094e-05,11,65.375,0.8949876070022583,-1.0
0.026896142221700687,0.004032242774533538,76,0.40218298602849245,1.6094271405406862e-05,11,68.0625,0.8551975059509277,-1.0
0.034123283416892476,0.003907485041194237,77,0.4945148420520127,1.3431113807311488e-05,11,65.6875,0.8881316137313843,-1.0
0.034075497989900984,0.0036572390235960484,78,0.49063358386047184,1.1525919802101659e-05,11,66.25,0.8851179766654969,-1.0
0.034412345078845434,0.0030479536105233887,79,0.48709708196111023,1.0381627060842164e-05,11,65.25,0.8925707244873047,-1.0
0.03182433106793234,0.0030716150963249114,80,0.4537513458635658,1e-05,11,66.75,0.8636517095565795,-1.0
0.03557893710343966,0.011647854332945176,1,0.6613082599360496,0.000999618372939158,12,18.47058824230643,4.587637761620914,-1.0
0.03404762499433543,0.0029837542180238025,2,0.5185618130490184,0.0009984740801978985,12,22.0,2.2277881773780375,-1.0
0.034033746674789915,0.0019770240344639334,3,0.5042642808984965,0.0009965688861926887,12,24.588235304636115,2.0595014869465547,-1.0
0.02571345601297383,0.002900043352773147,4,0.4006920959800482,0.0009939057285945933,12,25.647058830541724,2.0215494840285357,-1.0
0.016612758028454015,0.002936318832715707,5,0.2737948668655008,0.0009904887137995992,12,27.411764733931598,1.983995109726401,-1.0
0.034036776749417186,0.0028492358812530127,6,0.5165182580240071,0.00098632311059685,12,28.99999999298769,1.9425204291063196,-1.0
0.03409519136351134,0.003086784205931638,7,0.520659055095166,0.0009814153420445555,12,30.52941176821204,1.9194906975241268,-1.0
0.034001145528496375,0.0028653342576165286,8,0.5162417930550873,0.0009757729755661012,12,33.29411766809576,1.872067466062658,-1.0
0.03406153309957257,0.0026717534055933356,9,0.5143769881688058,0.0009694047112816298,12,33.588235301129956,1.82510244846344,-1.0
0.008555538270489446,0.0028612761525437236,10,0.15994036989286542,0.0009623203685930871,12,36.05882350837483,1.7964485611635095,-1.0
0.034135324165358076,0.0023179668434230344,11,0.5104560698382556,0.0009545308710434153,12,35.764705903389874,1.7339622326458202,-1.0
0.03405667698409941,0.001808712791119303,12,0.5022279450204223,0.0009460482294732422,12,37.58823531515458,1.6719176887063418,-1.0
0.034095660517258305,0.0029527217681918827,13,0.5187863949686289,0.0009368855235010348,12,38.529411771718195,1.637651691156275,-1.0
0.03405672063984509,0.0031520513584837317,14,0.5210298378951848,0.0009270568813552758,12,41.294117633034205,1.617360624145059,-1.0
0.015218404288004552,0.0034536527735846384,15,0.26151353493332863,0.0009165774580897602,12,41.529411771718195,1.595295220823849,-1.0
0.02465851152581828,0.002064642612822354,16,0.37425876990891993,0.0009054634122155992,12,42.88235299727496,1.5731392995048972,-1.0
0.03421571258721607,0.0030050029745325446,17,0.521233812905848,0.0008937318807859689,12,43.1176470377866,1.541252451503978,-1.0
0.03410925501624921,0.0034035539886515054,18,0.5252920149359852,0.0008814009529720156,12,44.23529417374555,1.5420775020823758,-1.0
0.03399667847302875,0.0022910413099452853,19,0.5081383709330112,0.0008684896421706646,12,43.29411767510807,1.4973997764026417,-1.0
0.02721023837304009,0.0027240698358842303,20,0.419186735060066,0.0008550178566873412,12,46.588235322166895,1.4613517323662253,-1.0
0.01809182214284582,0.0032629933474319322,21,0.2990783641580492,0.0008410063690388064,12,47.35294113439672,1.430084388957304,-1.0
0.03415110396287803,0.0027808063896372914,22,0.5171579520683736,0.0008264767839234412,12,46.11764704479891,1.4420550259421854,-1.0
0.03408367728947529,0.004199334719617452,23,0.5360737252049148,0.000811451504908368,12,48.35294119049521,1.43710623292362,-1.0
0.03403087073404874,0.001990993191221995,24,0.5044211791828275,0.0007959536998847743,12,49.17647062329685,1.3844522016188678,-1.0
0.03296418990274625,0.0030457769420796205,25,0.5042421701364219,0.0007800072653447032,12,49.99999998597538,1.3960670462776632,-1.0
0.010685607258762633,0.003133696104798998,26,0.19358050194568932,0.0007636367895343947,12,48.8235294117647,1.3628762102127074,-1.0
0.03407015189129327,0.0027360706756423625,27,0.5153965200297534,0.0007468675145409928,12,49.0588235504487,1.339811555077048,-1.0
0.03402613815186279,0.003078377206942865,28,0.5195725080557168,0.0007297252973710758,12,51.1764705882353,1.343424017569598,-1.0
0.0341797497323049,0.003800908203369805,29,0.5318567520007491,0.0007122365700810271,12,52.647058851578656,1.3053794243756462,-1.0
0.03399256786464581,0.0030470737755032523,30,0.518664336996153,0.0006944282990207196,12,49.99999997896307,1.298090271949768,-1.0
0.010704159254341252,0.00343790725206158,31,0.19809864507988095,0.0006763279432533592,12,52.17647061628454,1.2864151719037225,-1.0
0.03094282533441271,0.002302314088280712,32,0.4655586408916861,0.0006579634122155992,12,54.52941179976744,1.253958641501034,-1.0
0.03420329433200615,0.0020843885972031523,33,0.5081399199552834,0.000639363022683212,12,53.0,1.2541774974149815,-1.0
0.034005487620431395,0.0027704372436606456,34,0.5149895881768316,0.0006205554551086735,12,54.29411766108345,1.2309708903817569,-1.0
0.034108336083590984,0.002992872697567301,35,0.5195304420776665,0.0006015697093979838,12,54.35294120451983,1.2119813719917747,-1.0
0.021245984443729476,0.0031392505625262856,36,0.34149910788983107,0.0005824350601949146,12,56.352941162445966,1.1881469378751868,-1.0
0.020294009957329502,0.002119515906088054,37,0.3138983950484544,0.0005631810117416299,12,55.17647057421067,1.1950681175905116,-1.0
0.034009653758922856,0.0018758963061762707,38,0.5025112919975072,0.0005438372523852835,12,56.588235308142266,1.1754034241508036,-1.0
0.03410034482034722,0.0026634358967255268,39,0.5148071520961821,0.0005244336088007391,12,57.70588231086731,1.1775962748247035,-1.0
0.03409917529539338,0.002933671564928123,40,0.5185682491865009,0.0005050000000000001,12,60.11764704479891,1.127234434520497,-1.0
0.03149960484422211,0.003685079514980316,41,0.4926889459602535,0.0004855663911992613,12,57.529411764705884,1.1378693263670978,-1.0
0.010655975085683167,0.0021426117746159434,42,0.17929158313199878,0.00046616274761471693,12,56.41176468484542,1.1397445917129516,-1.0
0.034001104633456895,0.0029607715883425306,43,0.5175771228969097,0.00044681898825837057,12,59.17647060225992,1.1097184938542983,-1.0
0.03424358140078506,0.003209701390005648,44,0.5244626530911773,0.000427564939805086,12,59.52941175068126,1.1018125999675077,-1.0
0.034238156862556934,0.003355611498201532,45,0.5264245138969272,0.00040843029060201667,12,59.41176476198084,1.1211046737783095,-1.0
0.034019475520056276,0.002943861348155354,46,0.5175972220022231,0.000389444544891327,12,58.70588233891655,1.0698859341004316,-1.0
0.011686292826198041,0.0029315073043107986,47,0.2047591172158718,0.0003706369773167883,12,61.000000042073864,1.0580218090730555,-1.0
0.029328598973474333,0.002216663444414735,48,0.4417522819712758,0.0003520365877844012,12,60.17647060225992,1.038869691175573,-1.0
0.03404427274862038,0.0021823905408382416,49,0.5073073070961982,0.0003336720567466412,12,63.117647016749665,1.0032920925757465,-1.0
0.03398840452012207,0.002405676757916808,50,0.5096498569473624,0.0003155717009792807,12,61.52941175068126,1.0265251347597908,-1.0
0.03403844466499452,0.0019715638398858054,51,0.5042742597870529,0.00029776342991897335,12,61.70588240903967,1.0122594463123995,-1.0
0.02515178667714021,0.0021819069682221326,52,0.38280008384026587,0.00028027470262892445,12,62.88235295520109,0.9949575396145092,-1.0
0.018026468360663524,0.0021323769220284055,53,0.2823535280767828,0.0002631324854590073,12,62.294117633034205,0.9780883026123047,-1.0
0.03402106407364564,0.002819385562491204,54,0.515900514787063,0.0002463632104656054,12,65.05882357148563,0.9578222785276526,-1.0
0.034180656857123334,0.0031968177229698214,55,0.5234178840182722,0.0002299927346552969,12,63.47058819322025,0.9494816116725697,-1.0
0.034036043216474354,0.002159089714820896,56,0.5068670939654112,0.00021404630011522587,12,64.23529417374554,0.9625703079560224,-1.0
0.033838418345632296,0.0033738958050629924,57,0.5211021320428699,0.00019854849509163232,12,63.999999957926136,0.9638872264413273,-1.0
0.009314270407360579,0.002834244747646153,58,0.17020533117465675,0.00018352321607655918,12,65.05882351538715,0.9517525369980756,-1.0
0.03406417223491839,0.002153799919012402,59,0.5071838889271021,0.00016899363096119395,12,64.4705882212695,0.9271520731028389,-1.0
0.03404823684000543,0.0027575971658474635,60,0.5154146458953619,0.000154982143312659,12,63.588235322166895,0.9498706009808708,-1.0
0.03402627276123634,0.003530612015830619,61,0.5259283741470426,0.0001415103578293356,12,67.52941183482899,0.8887571543805739,-1.0
0.034036088502034545,0.002158834715373814,62,0.5068797320127487,0.0001285990470279847,12,64.76470584027908,0.9168875352074118,-1.0
0.015907212709342793,0.0027206282164635403,63,0.26092229108326137,0.0001162681192140312,12,66.47058823529412,0.8989178149840411,-1.0
0.02589714290973331,0.0025296053915683714,64,0.39811136201024055,0.00010453658778440107,12,65.5882353221669,0.9099343651883742,-1.0
0.03399185861261295,0.002029572314183627,65,0.5044294879771769,9.342254191024022e-05,12,67.70588233891655,0.8802885442621567,-1.0
0.03408656508794853,0.0019303584205252783,66,0.5043647999409586,8.294311864472437e-05,12,67.11764712894664,0.877773585319519,-1.0
0.03401429600281907,0.002631236848953579,67,0.5131714609451592,7.311447649896551e-05,12,67.00000004207386,0.8741007370107314,-1.0
0.028035876424317912,0.0028325990008722457,68,0.4322847949806601,6.395177052675794e-05,12,68.11764707284816,0.8572099180782542,-1.0
0.01611458947549441,0.0028119998751208186,69,0.2651024570222944,5.546912895658472e-05,12,66.52941183482899,0.8824322435435127,-1.0
0.03412999054749629,0.0027275285184649484,70,0.5161428339779377,4.767963140691306e-05,12,69.82352939774009,0.8382792562596938,-1.0
0.03401130727226181,0.0033406007901898454,71,0.523037948878482,4.059528871837034e-05,12,69.35294123256908,0.8488976085887235,-1.0
0.034061530172558765,0.003053750260733068,72,0.5197295099496841,3.4227024433899e-05,12,67.70588239501504,0.8738911718480727,-1.0
0.03414314238554133,0.0028505714643480523,73,0.5180319538339972,2.8584657955444653e-05,12,68.76470588235294,0.8302917777790743,-1.0
0.009338368378978754,0.0030341545519019875,74,0.17333181598223746,2.367688940315011e-05,12,67.58823525204377,0.8484641798804788,-1.0
0.03408641256724617,0.0021928439382463694,75,0.5080281991977245,1.951128620040094e-05,12,67.41176471990697,0.8537685837465174,-1.0
0.0341153707621353,0.0030020205969257014,76,0.5197547560092062,1.6094271405406862e-05,12,68.6470588235294,0.8280964479726903,-1.0
0.03417450804928584,0.003130017380629267,77,0.52237958018668,1.3431113807311488e-05,12,67.7647059244268,0.8506574337622699,-1.0
0.03407493519729802,0.0035263464420235585,78,0.5265468470752239,1.1525919802101659e-05,12,68.82352939774009,0.8460799183565028,-1.0
0.015680822626953677,0.0027765733788588215,79,0.258511234074831,1.0381627060842164e-05,12,69.00000002804924,0.8373737647954156,-1.0
0.027369526298051432,0.0028794374084100127,80,0.4236008650623262,1e-05,12,67.0,0.8561679164101096,-1.0
0.035201426750669874,0.011466094323744376,1,0.7001434620469809,0.000999618372939158,13,15.833333333333334,4.559214579264323,-1.0
0.03391289558882515,0.0018230884180714688,2,0.5361708870623261,0.0009984740801978985,13,20.333333333333332,2.2228465270996094,-1.0
0.03451150458616515,0.0032262098820259174,3,0.5661771341692656,0.0009965688861926887,13,23.22222222222222,2.0844031778971353,-1.0
0.01775438655167818,0.0032002751870701712,4,0.3144296610262245,0.0009939057285945933,13,25.666666666666668,2.0496532694498697,-1.0
0.020726819057017565,0.0022433518121639886,5,0.34467716910876334,0.0009904887137995992,13,27.61111111111111,1.9965548790825738,-1.0
0.033961949466417236,0.0026584602737178406,6,0.5494316329713911,0.00098632311059685,13,27.77777777777778,1.968876190185547,-1.0
0.034175545799856384,0.0032937055919319393,7,0.5621897969394922,0.0009814153420445555,13,28.444444444444443,1.949402126736111,-1.0
0.034073696952934066,0.010196477857728798,8,0.6641629568766803,0.0009757729755661012,13,29.88888888888889,1.9250633239746093,-1.0
0.015903635788708924,0.001827206943805019,9,0.26607454800978303,0.0009694047112816298,13,31.055555555555557,1.9133524322509765,-1.0
0.028435941009471815,0.0019463379867374897,10,0.4558519721031189,0.0009623203685930871,13,31.555555555555557,1.8647899542914497,-1.0
0.034033364476636054,0.0036910585903873047,11,0.5659802157897502,0.0009545308710434153,13,33.166666666666664,1.8075892723931206,-1.0
0.03406852330081165,0.004005433029184739,12,0.571232469053939,0.0009460482294732422,13,34.22222222222222,1.7779054599338107,-1.0
0.03394812649736802,0.002693080094953378,13,0.5497499480843544,0.0009368855235010348,13,35.44444444444444,1.7311106533474392,-1.0
0.012518421715746323,0.0029077424046893914,14,0.23149805911816657,0.0009270568813552758,13,36.22222222222222,1.7255545976426867,-1.0
0.033937413866321244,0.0026449178035060565,15,0.5488844588398933,0.0009165774580897602,13,36.05555555555556,1.7081198120117187,-1.0
0.03404930209120115,0.003502321833123763,16,0.5634001179132611,0.0009054634122155992,13,37.5,1.6642799377441406,-1.0
0.034192950014645854,0.0029107129977395136,17,0.5566787109710276,0.0008937318807859689,13,37.888888888888886,1.66347164577908,-1.0
0.029214421131958563,0.0026187531960507235,18,0.4776018811389804,0.0008814009529720156,13,40.5,1.6186592441134984,-1.0
0.020211918170874317,0.002908845494190852,19,0.34691997710615396,0.0008684896421706646,13,39.111111111111114,1.6444971296522353,-1.0
0.034036207804456355,0.0029622816015034913,20,0.5550908609293401,0.0008550178566873412,13,39.666666666666664,1.5999622684054904,-1.0
0.033996415929868816,0.0021220650679121414,21,0.5418944600969553,0.0008410063690388064,13,40.77777777777778,1.597374530368381,-1.0
0.033986184171711405,0.0026072459605832893,22,0.5490111471153796,0.0008264767839234412,13,41.5,1.6101947021484375,-1.0
0.024320471053943037,0.003371694746116797,23,0.41549864085391164,0.000811451504908368,13,39.611111111111114,1.6102340952555338,-1.0
0.01762224701233208,0.002865286249046524,24,0.3074272000230849,0.0007959536998847743,13,39.388888888888886,1.6292862786187066,-1.0
0.03396122640309234,0.0020131958648562432,25,0.5397321581840515,0.0007800072653447032,13,41.388888888888886,1.577923787434896,-1.0
0.034088832698762415,0.0032480530285586913,26,0.5601672870106995,0.0007636367895343947,13,41.888888888888886,1.5376255713568794,-1.0
0.03393695276851456,0.0027999676298350097,27,0.5511878768447787,0.0007468675145409928,13,43.833333333333336,1.514572050306532,-1.0
0.02585496040992439,0.0026628068493058286,28,0.4278883310034871,0.0007297252973710758,13,43.388888888888886,1.518107952541775,-1.0
0.019051851208011308,0.0030850335800399384,29,0.33216073201037943,0.0007122365700810271,13,43.166666666666664,1.5092237345377604,-1.0
0.033917491572598615,0.0027808890212327243,30,0.5505887090694159,0.0006944282990207196,13,45.55555555555556,1.487655749850803,-1.0
0.034036852745339276,0.0018946483886490265,31,0.5390811399556696,0.0006763279432533592,13,43.666666666666664,1.4831051974826388,-1.0
0.033927279602115355,0.0030599732572833696,32,0.5549202400725335,0.0006579634122155992,13,44.44444444444444,1.4840691036648221,-1.0
0.0264406256377697,0.001841926962758104,33,0.42436313605867326,0.000639363022683212,13,45.388888888888886,1.4577996910942925,-1.0
0.016504334037502608,0.0020060020964592696,34,0.27776668895967305,0.0006205554551086735,13,47.333333333333336,1.4313648817274305,-1.0
0.033921869456147155,0.0017246704082936049,35,0.5348083439748734,0.0006015697093979838,13,46.55555555555556,1.4119998084174261,-1.0
0.03398380020322899,0.001993359858170152,36,0.5397838109638542,0.0005824350601949146,13,46.5,1.4237691836886937,-1.0
0.034055290681620436,0.002919033371532957,37,0.5550638141576201,0.0005631810117416299,13,45.5,1.3870786794026693,-1.0
0.029144843124474087,0.002817783551290631,38,0.47956642997451127,0.0005438372523852835,13,46.611111111111114,1.4335442691379123,-1.0
0.017871846491470934,0.0030221745061377683,39,0.3135421220213175,0.0005244336088007391,13,47.5,1.4001099226209852,-1.0
0.0339311932058384,0.0021480851961920657,40,0.5413011540658772,0.0005050000000000001,13,47.5,1.3742097473144532,-1.0
0.03415283369831741,0.0017340322956442833,41,0.5384246332105249,0.0004855663911992613,13,49.44444444444444,1.3714646911621093,-1.0
0.033907764591276646,0.0021593468729406593,42,0.5411486651282758,0.00046616274761471693,13,48.55555555555556,1.3691530100504556,-1.0
0.02883599541770915,0.0022914158490796883,43,0.4670316791161895,0.00044681898825837057,13,48.166666666666664,1.3828536478678386,-1.0
0.017190267192199828,0.002832073128471772,44,0.30044603208079934,0.000427564939805086,13,49.888888888888886,1.3548822869194879,-1.0
0.03442842373624444,0.0017895611313482125,45,0.5433765728957951,0.00040843029060201667,13,49.94444444444444,1.3386823187934027,-1.0
0.0341092811897397,0.0031110640770445268,46,0.5584151539951563,0.000389444544891327,13,49.72222222222222,1.3342234632703993,-1.0
0.03399263333218793,0.0019786670648803315,47,0.5396790700033307,0.0003706369773167883,13,51.833333333333336,1.2948333231608073,-1.0
0.02842357031380137,0.0019672788213938473,48,0.4559713900089264,0.0003520365877844012,13,51.166666666666664,1.3072371334499784,-1.0
0.014037570264190436,0.002180919066692392,49,0.24338948889635503,0.0003336720567466412,13,51.27777777777778,1.3147117360432943,-1.0
0.03402475857486328,0.003934807283803821,50,0.5695048649795353,0.0003155717009792807,13,49.5,1.3188149091932508,-1.0
0.03408949156291783,0.0030658675047258535,51,0.5574672219809145,0.00029776342991897335,13,50.94444444444444,1.2977451917860243,-1.0
0.03404729839724799,0.0032005186037470895,52,0.5588250970467925,0.00028027470262892445,13,52.166666666666664,1.2530884636773003,-1.0
0.02781117713699738,0.002965046868969997,53,0.4617706099525094,0.0002631324854590073,13,51.611111111111114,1.2664786699083117,-1.0
0.019659939066817362,0.0030292631903042397,54,0.34045079280622303,0.0002463632104656054,13,54.333333333333336,1.230639173719618,-1.0
0.034027551487088206,0.0034720641871293385,55,0.5626076050102711,0.0002299927346552969,13,52.333333333333336,1.25745603773329,-1.0
0.03407464794193705,0.003215078450739384,56,0.5594731359742582,0.00021404630011522587,13,54.611111111111114,1.21412840101454,-1.0
0.03401853178317348,0.003346307808533311,57,0.5605833500158042,0.00019854849509163232,13,53.27777777777778,1.2620955573187933,-1.0
0.023153678451975187,0.0017624384102722008,58,0.37384742102585733,0.00018352321607655918,13,54.22222222222222,1.2309766387939454,-1.0
0.026687134010717272,0.004241766718526681,59,0.46405716589652,0.00016899363096119395,13,52.833333333333336,1.2117933485243055,-1.0
0.0339967076977094,0.001705577845374743,60,0.5356479720212519,0.000154982143312659,13,53.888888888888886,1.2177849494086372,-1.0
0.03404666845065852,0.002826213681449493,61,0.5532071830239147,0.0001415103578293356,13,52.77777777777778,1.2110463968912761,-1.0
0.033990416970724864,0.0027237718924880026,62,0.5508475948590785,0.0001285990470279847,13,55.44444444444444,1.189856457180447,-1.0
0.01998900541414817,0.001808845391497016,63,0.3270948820281774,0.0001162681192140312,13,56.0,1.1862936316596138,-1.0
0.02493099027002851,0.0018884807204206785,64,0.4024078589864075,0.00010453658778440107,13,55.388888888888886,1.180594974093967,-1.0
0.03401462701149285,0.002399808509896199,65,0.5463361218571663,9.342254191024022e-05,13,54.388888888888886,1.2113486480712892,-1.0
0.03403093903325498,0.0022540897751847904,66,0.5443859379738569,8.294311864472437e-05,13,57.0,1.1746102650960286,-1.0
0.03394026883567373,0.002142831295107802,67,0.5413645701482892,7.311447649896551e-05,13,56.0,1.1884658643934463,-1.0
0.020582167943939567,0.0027150294588257867,68,0.349567084107548,6.395177052675794e-05,13,55.611111111111114,1.1724283006456164,-1.0
0.026810722503190238,0.002190809091553092,69,0.43514403607696295,5.546912895658472e-05,13,55.27777777777778,1.1844508361816406,-1.0
0.0339204792243739,0.002496384580930074,70,0.5463708930183202,4.767963140691306e-05,13,55.888888888888886,1.1865665774875218,-1.0
0.034034477282936376,0.003137918779005607,71,0.5577026871033013,4.059528871837034e-05,13,58.27777777777778,1.1473071797688803,-1.0
0.03395434319972992,0.0035211386003841955,72,0.5622423621825874,3.4227024433899e-05,13,54.5,1.1709331851535374,-1.0
0.01657965386596819,0.00272792538938423,73,0.2897232840768993,2.8584657955444653e-05,13,55.94444444444444,1.1632621086968316,-1.0
0.026810629479587077,0.0019371055997908116,74,0.43133271089755,2.367688940315011e-05,13,54.72222222222222,1.1779795922173395,-1.0
0.03400648126068215,0.0018478638026863336,75,0.5379312899895012,1.951128620040094e-05,13,55.72222222222222,1.1651549445258247,-1.0
0.0340117279595385,0.002443270105868578,76,0.546943558845669,1.6094271405406862e-05,13,56.666666666666664,1.1445396550496418,-1.0
0.0339277278787146,0.002297669400771459,77,0.5434922459535301,1.3431113807311488e-05,13,55.111111111111114,1.1696182250976563,-1.0
0.019928184788053235,0.0017903823405504226,78,0.3258942400570959,1.1525919802101659e-05,13,56.111111111111114,1.157764875623915,-1.0
0.025881444724897545,0.002327351737767458,79,0.42324312403798103,1.0381627060842164e-05,13,56.888888888888886,1.1512266710069445,-1.0
0.03395359402832886,0.0030224842485040426,80,0.5547582108993083,1e-05,13,56.833333333333336,1.1376747385660808,-1.0
0.019896370839948455,0.011694906760628026,1,0.47400051006115973,0.000999618372939158,14,15.789473668525094,5.751678986800345,-1.0
0.03267581135345002,0.002108229044824839,2,0.5218998859636486,0.0009984740801978985,14,23.105263198676862,2.206302813479775,-1.0
0.03433258368944128,0.001788912775615851,3,0.5419555869884789,0.0009965688861926887,14,24.368421093413705,2.043092390863519,-1.0
0.03448559756701191,0.002555602028345068,4,0.55574896116741,0.0009939057285945933,14,26.263157995123613,2.0126455987127203,-1.0
0.03437485094182193,0.002731684579824408,5,0.5567228400614113,0.0009904887137995992,14,28.315789423490827,1.9455693749377603,-1.0
0.011038938614850244,0.0026063573857148486,6,0.2047987780533731,0.00098632311059685,14,28.68421050749327,1.9123551371223049,-1.0
0.02969324109144509,0.001857978974779447,7,0.47338274307549,0.0009814153420445555,14,29.894736917395342,1.8875528124759071,-1.0
0.03424104137035708,0.002534833224490285,8,0.5517453690990806,0.0009757729755661012,14,32.473684191703796,1.8240404786561666,-1.0
0.034257088384280605,0.0032368878057847422,9,0.562520318897441,0.0009694047112816298,14,34.842105206690334,1.788940083353143,-1.0
0.034271085464085145,0.0026750301476567984,10,0.5543024099897593,0.0009623203685930871,14,34.63157890972338,1.7694966539583707,-1.0
0.013955819373950362,0.003000216294700901,11,0.25444786506704986,0.0009545308710434153,14,37.263157857091805,1.699177353758561,-1.0
0.028380988957360388,0.001958247770865758,12,0.4552063571754843,0.0009460482294732422,14,38.73684206761812,1.6659217425396569,-1.0
0.03431066341387729,0.003200226649641991,13,0.5627808070275933,0.0009368855235010348,14,39.63157903520685,1.6212496145148025,-1.0
0.03433636180125177,0.002870450463766853,14,0.5582115580327809,0.0009270568813552758,14,38.57894745625948,1.6294858412993583,-1.0
0.03422802877612412,0.002978872957949837,15,0.5582192700821906,0.0009165774580897602,14,40.8421053321738,1.5913929477490878,-1.0
0.01438093613833189,0.002952433718989293,16,0.26012060698121786,0.0009054634122155992,14,41.21052641617624,1.5670977316404644,-1.0
0.027569182744870583,0.0019247789246340592,17,0.4425276720430702,0.0008937318807859689,14,41.84210536354467,1.5569722499345477,-1.0
0.03420194957094888,0.0019900142370412746,18,0.5429936980362982,0.0008814009529720156,14,44.05263167305996,1.4943512374476382,-1.0
0.03421544581651688,0.002014815978085001,19,0.5435639219358563,0.0008684896421706646,14,43.315789567796806,1.5103104970329686,-1.0
0.03418660651271542,0.0020415066896627347,20,0.5435345980804414,0.0008550178566873412,14,43.84210531962545,1.454532238056785,-1.0
0.017830232391133904,0.0036056878821303447,21,0.32164936093613505,0.0008410063690388064,14,44.894736904846994,1.4882592946604678,-1.0
0.025963167194277048,0.002020296935612957,22,0.4198683479335159,0.0008264767839234412,14,44.947368471246016,1.459366814964696,-1.0
0.034301337832584974,0.0017763979577769837,23,0.5412772928830236,0.000811451504908368,14,46.10526310142718,1.4430674633226896,-1.0
0.03429783578030765,0.0017538128265490135,24,0.5408908538520336,0.0007959536998847743,14,46.99999998745165,1.4119741173794396,-1.0
0.03423147049422066,0.002956329705193639,25,0.5579326271545142,0.0007800072653447032,14,48.84210529452876,1.3697328828510484,-1.0
0.018737932931010923,0.002658198991169532,26,0.32104573398828506,0.0007636367895343947,14,48.21052636598286,1.3848945713043213,-1.0
0.02210699279482166,0.0019677158755560717,27,0.36123105604201555,0.0007468675145409928,14,48.947368370859245,1.3743807629535072,-1.0
0.034308236790820956,0.002756392133111755,28,0.556078857043758,0.0007297252973710758,14,50.84210529452876,1.3375855112075805,-1.0
0.03427625338857373,0.0027483615403374037,29,0.5554797991644591,0.0007122365700810271,14,50.36842112792166,1.32094261872141,-1.0
0.03438392885339757,0.0027394560165703297,30,0.5569654561113566,0.0006944282990207196,14,50.736842124085676,1.3087017827284964,-1.0
0.02052068573733171,0.0038908685247103373,31,0.3662872139830142,0.0006763279432533592,14,51.21052619030601,1.298667005488747,-1.0
0.023478854804610212,0.001853818663706382,32,0.3801207090727985,0.0006579634122155992,14,51.47368427326805,1.308653870632774,-1.0
0.034240296793480715,0.002003052271902561,33,0.5437799207866192,0.000639363022683212,14,53.684210551412484,1.2255773371144345,-1.0
0.03429917780061563,0.00202987240627408,34,0.5450650369748473,0.0006205554551086735,14,52.8421052380612,1.2636694732465241,-1.0
0.034242396662011745,0.0018650974767903488,35,0.5417421360034496,0.0006015697093979838,14,52.78947364029131,1.2653556437241404,-1.0
0.022693011599282425,0.0029231561347842216,36,0.38436947599984705,0.0005824350601949146,14,53.10526303241127,1.226580635371961,-1.0
0.02138061124520997,0.0019348513490209977,37,0.3498625650536269,0.0005631810117416299,14,53.736842124085676,1.1908911822971544,-1.0
0.03427470908500254,0.001834028773009777,38,0.541763928020373,0.0005438372523852835,14,56.000000075290075,1.1893477158797414,-1.0
0.03424153202213347,0.0018288697736958662,39,0.541185820940882,0.0005244336088007391,14,56.15789483722887,1.1590368998678107,-1.0
0.03424885532197853,0.0020528350646297137,40,0.5446575339883566,0.0005050000000000001,14,56.94736850889105,1.1444645236667834,-1.0
0.02552957587564985,0.0020096281232933203,41,0.4132096420507878,0.0004855663911992613,14,56.947368571632786,1.1583982362245258,-1.0
0.018272731546312572,0.001853965517754356,42,0.3020300299394876,0.00046616274761471693,14,57.78947355872706,1.1197908772920306,-1.0
0.03422570211502413,0.0024301070099075634,43,0.5499483440071344,0.00044681898825837057,14,57.42105259393391,1.1266545421198795,-1.0
0.03442405730796357,0.0025598856154829264,44,0.5548796651419252,0.000427564939805086,14,60.99999996235496,1.075479174664146,-1.0
0.03431078974778454,0.0030354047815004987,45,0.560309753054753,0.00040843029060201667,14,59.89473693621786,1.083362952533521,-1.0
0.0256893419350187,0.0030142532661557196,46,0.430668449960649,0.000389444544891327,14,59.89473694249203,1.081731202476903,-1.0
0.021084156089151897,0.0030633808424075444,47,0.36232881783507764,0.0003706369773167883,14,61.578947393517744,1.0410117397810283,-1.0
0.034287979112317166,0.0017997370877613625,48,0.5414463388733566,0.0003520365877844012,14,60.47368437365482,1.0397312041332847,-1.0
0.034215295733883974,0.0017949790072937807,49,0.5402745518367738,0.0003336720567466412,14,60.15789483722887,1.046625033554278,-1.0
0.03442935453106959,0.001850889545554916,50,0.5443186131305993,0.0003155717009792807,14,60.15789489997061,1.0496663833919324,-1.0
0.026346027463053662,0.001827529864385724,51,0.42270874697715044,0.00029776342991897335,14,62.00000003764504,1.0104340939772756,-1.0
0.019435758609324692,0.0028061513944218556,52,0.33374507492408156,0.00028027470262892445,14,62.31578937329744,1.0083955639287046,-1.0
0.0342725673224777,0.0028218964114785196,53,0.5565329389646649,0.0002631324854590073,14,63.4210528072558,0.9704715206748561,-1.0
0.034371419654538236,0.0017615629515300194,54,0.54210698697716,0.0002463632104656054,14,62.21052649146632,0.9763540525185435,-1.0
0.03439841121435165,0.0020078269143899282,55,0.5462070121429861,0.0002299927346552969,14,61.84210528825459,0.9647276378932752,-1.0
0.025217617877448598,0.003541095042601228,56,0.4314935230650008,0.00021404630011522587,14,64.36842110282497,0.9291488780473408,-1.0
0.021703187888488174,0.002505590720102191,57,0.3632426660042256,0.00019854849509163232,14,64.42105274451406,0.9352755606801886,-1.0
0.03426502126579483,0.0029916594581057628,58,0.5589623688720167,0.00018352321607655918,14,64.4210526190306,0.9501876271398444,-1.0
0.03428366812877357,0.003131556200484435,59,0.5613627270795405,0.00016899363096119395,14,65.52631570163526,0.9062241871733414,-1.0
0.03427501365852852,0.0036165633394072455,60,0.5684859741013497,0.000154982143312659,14,65.00000003764504,0.9066846975527312,-1.0
0.020959691858539978,0.0030653820217897494,61,0.36048308783210814,0.0001415103578293356,14,64.94736845869767,0.9008953617748461,-1.0
0.023983062307039896,0.002136208489537239,62,0.3919005380012095,0.0001285990470279847,14,65.42105251864383,0.9031741159840634,-1.0
0.034368601224074764,0.002656103717163205,63,0.5554862769786268,0.0001162681192140312,14,67.63157906030354,0.8883585252259907,-1.0
0.034329226799309255,0.0025959396113952,64,0.5540048771072179,0.00010453658778440107,14,68.89473689229865,0.869581344378622,-1.0
0.03432605930914481,0.002872243756428361,65,0.5580838299356401,9.342254191024022e-05,14,66.47368411013954,0.8751563426067954,-1.0
0.0203679369452099,0.00283334751923879,66,0.34813593211583793,8.294311864472437e-05,14,68.73684221819828,0.872832014184249,-1.0
0.02406508846518894,0.0020431443427999813,67,0.3917370419949293,7.311447649896551e-05,14,65.6315790477552,0.8764263322478847,-1.0
0.034236089993889135,0.0029157000128179787,68,0.557393595110625,6.395177052675794e-05,14,66.63157893482007,0.8898461980568735,-1.0
0.03423279137350619,0.0030516807610789934,69,0.5593988690525293,5.546912895658472e-05,14,67.36842096479316,0.8476913945298445,-1.0
0.03434975954393546,0.003213978527734677,70,0.563573987223208,4.767963140691306e-05,14,69.42105268177234,0.8325160788234911,-1.0
0.01991486569556097,0.0018130743720879158,71,0.3260208230931312,4.059528871837034e-05,14,68.26315800767196,0.8497827857419065,-1.0
0.024800088085855047,0.0025741701790442067,72,0.41072583198547363,3.4227024433899e-05,14,68.05263161659241,0.8439865343194258,-1.0
0.03425730359740555,0.003314668731763959,73,0.5636927550658584,2.8584657955444653e-05,14,68.42105254374053,0.8458653690940455,-1.0
0.03430960791495939,0.003107202472165227,74,0.561389422044158,2.367688940315011e-05,14,68.05263169188248,0.8457604895139995,-1.0
0.03436090409134825,0.002658278246720632,75,0.5554347049910575,1.951128620040094e-05,14,68.63157893482007,0.8322506242049368,-1.0
0.01818895824253559,0.0030203991569578647,76,0.31827749591320753,1.6094271405406862e-05,14,70.47368413523624,0.8257848207574142,-1.0
0.023187765385955572,0.0021617700811475517,77,0.380377063062042,1.3431113807311488e-05,14,69.94736840850429,0.8243100713428698,-1.0
0.034241194107259315,0.0026118766361226636,78,0.5529117740225047,1.1525919802101659e-05,14,68.47368426071971,0.8182851077380934,-1.0
0.03432888692865769,0.0026731884106993677,79,0.5551779100205749,1.0381627060842164e-05,14,70.05263156639903,0.8159115973271822,-1.0
0.03431607950478792,0.0028094562236219644,80,0.5570326899178326,1e-05,14,69.15789472429375,0.8327339788487083,-1.0
0.036079680154216476,0.011005687731085345,1,0.7535244340542704,0.000999618372939158,15,17.55,4.939108425140381,-1.0
0.03431883282610215,0.0016932717990130186,2,0.5763295870274305,0.0009984740801978985,15,23.55000001192093,2.1288822650909425,-1.0
0.03436616569524631,0.0027617639425443485,3,0.5941802731249481,0.0009965688861926887,15,25.300000071525574,2.016450424194336,-1.0
0.012552786924061365,0.0027689533308148384,4,0.24527836916968226,0.0009939057285945933,15,27.650000071525575,1.9725592937469483,-1.0
0.03157393547007814,0.0016960742213996127,5,0.5324553870595992,0.0009904887137995992,15,30.3,1.925551300048828,-1.0
0.03420469080447219,0.0027168800734216347,6,0.5908756800927222,0.00098632311059685,15,32.200000047683716,1.8909296808242797,-1.0
0.034212648155516945,0.003271013905759901,7,0.5998459428083152,0.0009814153420445555,15,34.10000007152557,1.8360932636260987,-1.0
0.03185895396745764,0.0033348359138472006,8,0.5632128161378205,0.0009757729755661012,15,34.85000002384186,1.7775018787384034,-1.0
0.015016493285656907,0.0034100698976544663,9,0.2949354858137667,0.0009694047112816298,15,35.20000007152557,1.757870542526245,-1.0
0.034207774690003134,0.0016597588110016659,10,0.5739918919280171,0.0009623203685930871,15,38.15000004768372,1.7246621866226197,-1.0
0.03427124643349089,0.0035845032543875277,11,0.6058056850451976,0.0009545308710434153,15,39.8,1.6767314291000366,-1.0
0.03423613580525853,0.004037520760903135,12,0.6124938589055091,0.0009460482294732422,15,39.40000004768372,1.6291798868179321,-1.0
0.020258287258911878,0.0028494089347077534,13,0.36983034992590547,0.0009368855235010348,15,41.30000002384186,1.6047283325195312,-1.0
0.023432082947692834,0.0020894197950838134,14,0.4084508940577507,0.0009270568813552758,15,41.25,1.5568739318847655,-1.0
0.03419540148752276,0.0034414462716085836,15,0.6023019221611321,0.0009165774580897602,15,42.30000002384186,1.5354690170288086,-1.0
0.034123452875064686,0.003036041191080585,16,0.5946607089135796,0.0009054634122155992,15,45.45000002384186,1.499258752822876,-1.0
0.034170099257607944,0.0017484799172962084,17,0.5748070019762963,0.0008937318807859689,15,45.09999995231628,1.467051070213318,-1.0
0.012448724533896893,0.002485391465597786,18,0.23905882495455444,0.0008814009529720156,15,45.30000002384186,1.4455090885162354,-1.0
0.028700732204015367,0.0021557247382588685,19,0.4938139670994133,0.0008684896421706646,15,46.94999995231628,1.4208746576309204,-1.0
0.034241958550410345,0.0031350308272521943,20,0.5981536030303687,0.0008550178566873412,15,48.64999997615814,1.4105791912078858,-1.0
0.03413971865666099,0.0026287642249371856,21,0.588405802147463,0.0008410063690388064,15,49.70000009536743,1.386481382369995,-1.0
0.03426804262562655,0.0034680142416618764,22,0.6038962989114225,0.0008264767839234412,15,49.95,1.36703408908844,-1.0
0.008447070198599249,0.0023238377907546237,23,0.17243860405869782,0.000811451504908368,15,49.45000002384186,1.3591985626220704,-1.0
0.03416793940414209,0.0015969692904036492,24,0.572348543908447,0.0007959536998847743,15,50.59999995231628,1.3261408071517944,-1.0
0.03413996705785394,0.003068940874072723,25,0.5954625271260738,0.0007800072653447032,15,52.85000007152557,1.2966389598846435,-1.0
0.03424835923942737,0.0016449349495815113,26,0.5744187459349632,0.0007636367895343947,15,53.25000009536743,1.2808702297210692,-1.0
0.03000319424609188,0.0021814719948451966,27,0.5150582250207663,0.0007468675145409928,15,53.05,1.2674764575958253,-1.0
0.01474377716658637,0.003172039025230333,28,0.28676529694348574,0.0007297252973710758,15,54.85000002384186,1.2329222793579102,-1.0
0.03420603596896399,0.002341913103009574,29,0.5848771398887038,0.0007122365700810271,15,54.50000009536743,1.2238659830093384,-1.0
0.034165820776252076,0.002441156728309579,30,0.5858460920862854,0.0006944282990207196,15,55.400000143051145,1.2006152067184448,-1.0
0.034218042506836355,0.0024601004843134433,31,0.5869627969805151,0.0006763279432533592,15,55.25000007152558,1.2058541917800902,-1.0
0.021808252015034668,0.0032779524190118536,32,0.40150936506688595,0.0006579634122155992,15,55.49999997615814,1.2021709041595459,-1.0
0.01847709338471759,0.0017040011152857915,33,0.3230097498744726,0.000639363022683212,15,58.10000014305115,1.1344191217422486,-1.0
0.03417674562660977,0.0018597373709781095,34,0.5767170381732285,0.0006205554551086735,15,58.149999952316286,1.1297772178649903,-1.0
0.034171008883276954,0.0016931346181081608,35,0.5739367411006242,0.0006015697093979838,15,58.55000014305115,1.1364735107421875,-1.0
0.03418148134369403,0.0025099664053414017,36,0.5871743510942906,0.0005824350601949146,15,58.09999995231628,1.1098870573043824,-1.0
0.019880307983839884,0.002860567517927848,37,0.3639576018322259,0.0005631810117416299,15,60.70000014305115,1.0695323610305787,-1.0
0.024000753764994442,0.001999539425014518,38,0.4161189408041537,0.0005438372523852835,15,60.60000014305115,1.0483308506011964,-1.0
0.03425333209452219,0.0018346017168369144,39,0.5775204610545188,0.0005244336088007391,15,61.10000014305115,1.0469616298675537,-1.0
0.03429515360039659,0.0026704493939178064,40,0.5915657619480044,0.0005050000000000001,15,59.65000009536743,1.0589966106414794,-1.0
0.03426353691611439,0.0025865579082164913,41,0.589715558104217,0.0004855663911992613,15,61.65,1.0301970100402833,-1.0
0.014690575102576986,0.001669748337008059,42,0.2618677581194788,0.00046616274761471693,15,61.3,1.0188158359527588,-1.0
0.030674967551021837,0.0020639203867176548,43,0.5239349459297955,0.00044681898825837057,15,63.750000143051146,0.9952906637191773,-1.0
0.03422024185420014,0.0016865684592630714,44,0.5746199921704829,0.000427564939805086,15,62.99999995231629,0.9828669857978821,-1.0
0.034227533935336396,0.001843931881012395,45,0.5772774738725275,0.00040843029060201667,15,65.34999995231628,0.9398660411834717,-1.0
0.03422620764467865,0.0025988214183598757,46,0.589307185029611,0.000389444544891327,15,63.3,0.96443359375,-1.0
0.008946706831920892,0.003684956725919619,47,0.2022187749389559,0.0003706369773167883,15,64.00000004768371,0.9581338243484497,-1.0
0.034116352384444326,0.0017427226266590878,48,0.5738533018156886,0.0003520365877844012,15,65.09999995231628,0.9394857859611512,-1.0
0.034236563835293055,0.0027769682346843183,49,0.5923313160892576,0.0003336720567466412,15,66.15000004768372,0.9229221959114075,-1.0
0.034264795423951,0.002451935564749874,50,0.587585462955758,0.0003155717009792807,15,66.84999995231628,0.8877804946899414,-1.0
0.028057952717063017,0.0035855495370924473,51,0.5063995209056884,0.00029776342991897335,15,67.40000004768372,0.9071694049835205,-1.0
0.018298135328222997,0.0028952304855920374,52,0.3392042890191078,0.00028027470262892445,15,66.35,0.8942751812934876,-1.0
0.034158730108174495,0.00286582532862667,53,0.5925059469882399,0.0002631324854590073,15,67.89999995231628,0.8812456889152527,-1.0
0.03420203003042843,0.002935927899670787,54,0.594319845084101,0.0002463632104656054,15,67.8,0.8748024096488952,-1.0
0.034309102440602146,0.002747965438175015,55,0.5930381030775607,0.0002299927346552969,15,68.70000004768372,0.8545560865402222,-1.0
0.018039549366221763,0.0017101514531532302,56,0.31609701504930854,0.00021404630011522587,15,67.94999995231629,0.8566899356842042,-1.0
0.021464653545990586,0.0018207264511147514,57,0.3726845779456198,0.00019854849509163232,15,68.89999995231628,0.8360896306037903,-1.0
0.03425611862621736,0.0029823736258549616,58,0.5959243890829384,0.00018352321607655918,15,68.70000009536743,0.8392743945121766,-1.0
0.0342636071582092,0.002636436533066444,59,0.5905295719858259,0.00016899363096119395,15,68.55000009536744,0.8314789080619812,-1.0
0.03429013767163269,0.002499621332390234,60,0.5887496350333095,0.000154982143312659,15,70.0,0.7895462493896485,-1.0
0.013841851672623307,0.003095060135819949,61,0.2710986309684813,0.0001415103578293356,15,71.6,0.7741175489425659,-1.0
0.028219492131029256,0.0019333338714204729,62,0.48258151998743415,0.0001285990470279847,15,71.45,0.7859538087844848,-1.0
0.03430468928127084,0.0024909252824727446,63,0.5888747798744589,0.0001162681192140312,15,70.40000009536743,0.7869732317924499,-1.0
0.034141521697165444,0.0024809121241560206,64,0.5861070619430393,0.00010453658778440107,15,70.3,0.7879476718902588,-1.0
0.03419305606803391,0.0019203622941859066,65,0.5779664719011635,9.342254191024022e-05,15,70.75000009536743,0.7589227890968323,-1.0
0.010021466339821927,0.0027354805351933464,66,0.2042336631566286,8.294311864472437e-05,15,72.19999995231629,0.7571229357719421,-1.0
0.03303177852649242,0.001781240789568983,67,0.5571415880694985,7.311447649896551e-05,15,71.05000014305115,0.7774377069473266,-1.0
0.034231428246130235,0.002826964497216977,68,0.5930619859136641,6.395177052675794e-05,15,71.75000014305115,0.7684330940246582,-1.0
0.034345547304837964,0.0028148388082627207,69,0.5946947310585529,5.546912895658472e-05,15,74.05,0.726329833984375,-1.0
0.031443667321582325,0.0027284099342068657,70,0.5468762109521776,4.767963140691306e-05,15,73.15000009536743,0.7222683305740356,-1.0
0.01361618094961159,0.002535978361265734,71,0.2585704531520605,4.059528871837034e-05,15,71.80000014305115,0.7290834994316101,-1.0
0.03416865269537084,0.0019505284872138873,72,0.5780379648786038,3.4227024433899e-05,15,71.80000014305115,0.7409165167808532,-1.0
0.03425219743803609,0.0025151258741971105,73,0.5884111630730331,2.8584657955444653e-05,15,72.74999995231629,0.7324312596321106,-1.0
0.03427535876107868,0.0023574171791551635,74,0.5862642549909651,2.367688940315011e-05,15,72.25000009536743,0.7445833926200867,-1.0
0.024754585581831634,0.002735365356784314,75,0.4399871260393411,1.951128620040094e-05,15,73.45,0.7078789563179017,-1.0
0.02208980600698851,0.002403296995908022,76,0.3920180299319327,1.6094271405406862e-05,15,73.7,0.7214817228317261,-1.0
0.034253905454534106,0.0016057785978773609,77,0.5738717999774963,1.3431113807311488e-05,15,74.25000014305115,0.7133399043083191,-1.0
0.03426496684551239,0.00270416252897121,78,0.5916186680551618,1.1525919802101659e-05,15,73.05000014305115,0.7118304529190064,-1.0
0.034264807487488724,0.002517755958251655,79,0.5886334229726344,1.0381627060842164e-05,15,72.75000014305115,0.7367259788513184,-1.0
0.016313657935825177,0.002432399633107707,80,0.3000456830486655,1e-05,15,73.8,0.7104744958877564,-1.0
0.03609960300245268,0.00955376063254388,1,0.7762725900392979,0.000999618372939158,16,16.190476201829455,5.250851844605945,-1.0
0.034143497989348626,0.002424559898345786,2,0.6217849059030414,0.0009984740801978985,16,24.523809552192688,2.0871414173217047,-1.0
0.03408117184196325,0.0018823876812615816,3,0.6115165159571916,0.0009965688861926887,16,27.33333336739313,2.0109798034032185,-1.0
0.009252864853752887,0.0027412392664700747,4,0.2040361340623349,0.0009939057285945933,16,28.42857145127796,1.9939659182230631,-1.0
0.03392600257168798,0.002825571539099602,5,0.624902507988736,0.0009904887137995992,16,28.857142874172755,1.9518409583682106,-1.0
0.03407724022262675,0.001640522660797133,6,0.6073122031521052,0.00098632311059685,16,31.38095238095238,1.9043517984662737,-1.0
0.03412064636016593,0.0030965378699714646,7,0.6328087970614433,0.0009814153420445555,16,32.33333336739313,1.855997053782145,-1.0
0.023719850283883074,0.002696983187514193,8,0.44918933301232755,0.0009757729755661012,16,34.33333339577629,1.8153645917347498,-1.0
0.022513654589762584,0.002360801226185525,9,0.42299415194429457,0.0009694047112816298,16,34.380952392305645,1.7790570070630027,-1.0
0.034067251431920076,0.0030228622832938153,10,0.6306643520947546,0.0009623203685930871,16,36.6666666893732,1.7187711429595947,-1.0
0.03423079470282092,0.003493667415836278,11,0.6414249991066754,0.0009545308710434153,16,37.90476191611517,1.678451481092544,-1.0
0.03416763006380814,0.0027946202248773154,12,0.6284680699463934,0.0009460482294732422,16,39.523809523809526,1.6144236755371093,-1.0
0.028560147908351877,0.003319359206430176,13,0.5420589519198984,0.0009368855235010348,16,41.761904807317826,1.59990189461481,-1.0
0.02783451448468601,0.0029140440473223433,14,0.5228506829589605,0.0009270568813552758,16,41.0000000170299,1.5749470799309866,-1.0
0.02817712791318841,0.0035872884396025363,15,0.5401032099034637,0.0009165774580897602,16,42.19047621318272,1.5454419531141008,-1.0
0.02789862247129135,0.003851029939730378,16,0.5398516519926488,0.0009054634122155992,16,42.76190481299446,1.539491279011681,-1.0
0.02812650755924337,0.002830171081073144,17,0.526370326988399,0.0008937318807859689,16,45.19047619047619,1.5038319601331438,-1.0
0.028833659516428325,0.0037547364173566595,18,0.5541142481379211,0.0008814009529720156,16,45.38095242636545,1.4622091593061175,-1.0
0.028083484715727323,0.002834360402844408,19,0.5257115890271962,0.0008684896421706646,16,46.71428572563898,1.4598215155374437,-1.0
0.025145990226198647,0.003576555782381226,20,0.48839672189205885,0.0008550178566873412,16,47.33333338442303,1.4458081277211507,-1.0
0.018034294055884376,0.003058145644471926,21,0.3587114948313683,0.0008410063690388064,16,48.28571429706755,1.4167952337719145,-1.0
0.034147609888082915,0.0022994775242884367,22,0.6197328341659158,0.0008264767839234412,16,49.28571430274418,1.3999109908512661,-1.0
0.03410131548640921,0.0016779356964809053,23,0.608358405996114,0.000811451504908368,16,49.380952415012175,1.3716032909211657,-1.0
0.03410624397699447,0.002466787433470873,24,0.6218536319211125,0.0007959536998847743,16,50.047619127091906,1.352239154179891,-1.0
0.013069112278411494,0.002768976435832241,25,0.2693524050991982,0.0007800072653447032,16,51.04761909303211,1.3309531436647688,-1.0
0.030591285787522793,0.0017414597986156449,26,0.5497677309904248,0.0007636367895343947,16,51.285714336803984,1.3136325590951101,-1.0
0.034048092852839655,0.0016677419737200527,27,0.6072782159317285,0.0007468675145409928,16,53.00000003973643,1.2957030073801676,-1.0
0.034118414281264824,0.0025377404218649164,28,0.6232633129693568,0.0007297252973710758,16,53.52380951245626,1.2512372144063313,-1.0
0.02868960643022814,0.0025120585581616442,29,0.5305309998802841,0.0007122365700810271,16,52.57142860548837,1.2840584391639347,-1.0
0.016624690006103587,0.0022354709970600463,30,0.3207347239367664,0.0006944282990207196,16,52.523809591929115,1.2577262599127634,-1.0
0.03410560206290992,0.0015259075307232492,31,0.6058469288982451,0.0006763279432533592,16,53.761904784611296,1.2331271173840477,-1.0
0.034093561582267284,0.0026094262378618996,32,0.6240615579299629,0.0006579634122155992,16,55.28571432545071,1.1936547056833904,-1.0
0.03411364056827391,0.0024326894267955247,33,0.6213967241346836,0.000639363022683212,16,55.57142860548837,1.1896454552241733,-1.0
0.014882948098923354,0.002627829322591424,34,0.2977856188081205,0.0006205554551086735,16,57.90476191611517,1.1746487413133895,-1.0
0.03069180915789569,0.0019924413166282806,35,0.5557375049684197,0.0006015697093979838,16,57.142857210976736,1.161390780040196,-1.0
0.03429337894982275,0.001607966102550135,36,0.6104353240225464,0.0005824350601949146,16,55.6666667064031,1.1804542171387444,-1.0
0.03407780731589917,0.0016739706180113204,37,0.6078907509800047,0.0005631810117416299,16,59.285714308420815,1.1188403792608352,-1.0
0.030839913935564896,0.0016947782406692997,38,0.5531922210939229,0.0005438372523852835,16,59.47619046483721,1.1126614193689255,-1.0
0.013689444866031408,0.001958373892942772,39,0.26612546714022756,0.0005244336088007391,16,59.38095243771871,1.073350593249003,-1.0
0.03416392208515283,0.0027128000305417705,40,0.6270247870124876,0.0005050000000000001,16,61.19047629265558,1.0469385646638416,-1.0
0.0340762712773593,0.002519948668230106,41,0.6222482579760253,0.0004855663911992613,16,60.61904764175415,1.0582772432054792,-1.0
0.03418790329905117,0.001622090581804514,42,0.6088798409327865,0.00046616274761471693,16,62.6666667064031,1.0249731590634301,-1.0
0.016780320801498258,0.0027232007260489114,43,0.33166338107548654,0.00044681898825837057,16,62.00000012488592,1.0462429130645026,-1.0
0.02697418216506348,0.0018330698367208242,44,0.48983259685337543,0.000427564939805086,16,62.0476191611517,1.0149781369027637,-1.0
0.03416641342782361,0.002108309869928395,45,0.6167843870352954,0.00040843029060201667,16,63.80952393440973,0.992050302369254,-1.0
0.03413883500787265,0.0023390851668356094,46,0.6202342170290649,0.000389444544891327,16,65.04761907032558,0.9444399220602853,-1.0
0.03219177860164029,0.0028580989250365425,47,0.5959540568292141,0.0003706369773167883,16,65.42857141721817,0.9557303887321835,-1.0
0.014367056777700782,0.002548260395141209,48,0.28766988520510495,0.0003520365877844012,16,64.90476192746844,0.9391365232921782,-1.0
0.03417273053406354,0.0025152932879898477,49,0.6238090638071299,0.0003336720567466412,16,64.666666723433,0.9404696939105079,-1.0
0.034310693838907516,0.003115838571615955,50,0.6363740449305624,0.0003155717009792807,16,64.76190484137763,0.9249800588971092,-1.0
0.03415967797970071,0.003867123495129978,51,0.6465696261730045,0.00029776342991897335,16,66.42857153075082,0.8831415614627657,-1.0
0.013211825246210484,0.003445990041227025,52,0.2833247820381075,0.00028027470262892445,16,67.00000002270653,0.8904433709099179,-1.0
0.030622103771961787,0.0020321826998363525,53,0.5552413968835026,0.0002631324854590073,16,65.38095244907197,0.9067401268368676,-1.0
0.03417317563777461,0.0017473148318993695,54,0.6107613269705325,0.0002463632104656054,16,66.52380953516278,0.893350837684813,-1.0
0.03425856241408516,0.0030434485935770415,55,0.6342453430406749,0.0002299927346552969,16,68.47619046483722,0.8688818820317586,-1.0
0.028048695448566887,0.0031932236161082983,56,0.5312326941639185,0.00021404630011522587,16,69.1428571542104,0.851901288940793,-1.0
0.019749968422248083,0.002660511568298235,57,0.3810881138779223,0.00019854849509163232,16,68.90476201829456,0.8375763924916585,-1.0
0.034060790217207634,0.0024288779069833897,58,0.620438639074564,0.00018352321607655918,16,69.66666679155259,0.823523927189055,-1.0
0.03410991738714716,0.0026074260856737107,59,0.6243080189451575,0.00016899363096119395,16,68.7619048527309,0.8074893749327887,-1.0
0.03414927021709874,0.0027629817178582445,60,0.6276163058355451,0.000154982143312659,16,68.76190481867108,0.8123238588514782,-1.0
0.01123916928875534,0.001825298648327589,61,0.22220299509353936,0.0001415103578293356,16,69.28571437654041,0.8186927818116687,-1.0
0.032335562069955116,0.0016381581697393866,62,0.5776891179848462,0.0001285990470279847,16,71.00000001135326,0.7960133327756609,-1.0
0.034296455067198944,0.0015503318213364657,63,0.6095230779610574,0.0001162681192140312,16,70.66666671207973,0.7813277477309817,-1.0
0.034062784767764455,0.0018191553570111008,64,0.6101019058842212,0.00010453658778440107,16,71.80952390034993,0.7867351335570926,-1.0
0.028221162816728738,0.0027284768327851504,65,0.5262481009121984,9.342254191024022e-05,16,70.71428580511184,0.7643656595547994,-1.0
0.017779175931697384,0.0023888218326165397,66,0.3429874889552593,8.294311864472437e-05,16,70.5714286281949,0.7614294870694478,-1.0
0.034276615431094,0.002303385572946247,67,0.621967287035659,7.311447649896551e-05,16,71.66666673478626,0.7618242134366716,-1.0
0.03419388599200722,0.0034529827124274827,68,0.6401051501743495,6.395177052675794e-05,16,70.85714298202878,0.7816185903549194,-1.0
0.03410358311991919,0.001800279174109592,69,0.6104726099874824,5.546912895658472e-05,16,71.09523816335769,0.772798638684409,-1.0
0.013797366252059446,0.0019535614478894893,70,0.2678706089500338,4.767963140691306e-05,16,72.71428571428571,0.7594298584120615,-1.0
0.031638374730177665,0.0019005365560159965,71,0.5703232849482447,4.059528871837034e-05,16,72.3809524717785,0.7385860846156166,-1.0
0.03415561197599506,0.0015163432587595547,72,0.6065335851162672,3.4227024433899e-05,16,72.23809529486157,0.7467693190347581,-1.0
0.034135140821009,0.0037498877055066474,73,0.6441542878746986,2.8584657955444653e-05,16,72.2857144106002,0.742703975836436,-1.0
0.02696943426888217,0.003204171491019866,74,0.51305668707937,2.367688940315011e-05,16,73.23809523809524,0.7312416400228228,-1.0
0.022134864565861577,0.002580343499122297,75,0.4202731391415,1.951128620040094e-05,16,72.2380952835083,0.7379928491229103,-1.0
0.03410402118392727,0.0016956425217144629,76,0.6087092950474471,1.6094271405406862e-05,16,72.1428571542104,0.7465321320579166,-1.0
0.0343752122237621,0.0025647928363040965,77,0.6281226999126375,1.3431113807311488e-05,16,73.619047721227,0.7224718805721828,-1.0
0.034360001726514273,0.001792589038172189,78,0.6147450190037489,1.1525919802101659e-05,16,74.09523817471096,0.7323051965804327,-1.0
0.011043286635814345,0.001520245719481917,79,0.21370987500995398,1.0381627060842164e-05,16,72.38095246042523,0.7347499054954165,-1.0
0.034142861581024,0.003204718355418128,80,0.6350295909214765,1e-05,16,71.61904767581395,0.7483339213189625,-1.0
0.01571776729542762,0.010222297032467194,1,0.46705781295895576,0.000999618372939158,17,16.227272732691333,4.2080108772624625,-1.0
0.033931245354728565,0.0015053405271222193,2,0.6379888909868896,0.0009984740801978985,17,24.50000001083721,2.0804823992469093,-1.0
0.034084567282762795,0.0015185915528693134,3,0.6409697181079537,0.0009965688861926887,17,25.227272738109935,2.01467145096172,-1.0
0.033990565299366914,0.0015226275297916597,4,0.6393489690963179,0.0009939057285945933,17,28.772727272727273,1.9657295985655352,-1.0
0.021421432042390935,0.001840885133585996,5,0.418833696981892,0.0009904887137995992,17,29.09090909090909,1.9175425577163696,-1.0
0.021785221838702757,0.0015070791511485975,6,0.41937190294265747,0.00098632311059685,17,32.36363637447357,1.830569152398543,-1.0
0.0340554803972029,0.0018959826039564279,7,0.6472396240569651,0.0009814153420445555,17,34.22727272727273,1.7927296313372525,-1.0
0.034026794963412814,0.0015226093690014547,8,0.640003097942099,0.0009757729755661012,17,35.27272727272727,1.7576857965642756,-1.0
0.034000090206973255,0.001526899351220992,9,0.6396046900190413,0.0009694047112816298,17,36.5909091017463,1.7092498987371272,-1.0
0.013173535686089761,0.0016920787618599003,10,0.26769161503762007,0.0009623203685930871,17,37.636363647200845,1.6832899058948865,-1.0
0.03399369753121088,0.0015432357969176439,11,0.6397941440809518,0.0009545308710434153,17,39.54545454545455,1.6254381491921164,-1.0
0.03410204856966933,0.0015958203649562267,12,0.6426739990711212,0.0009460482294732422,17,38.68181819265539,1.63342088916085,-1.0
0.0339797697443929,0.001620126254339185,13,0.6409121390897781,0.0009368855235010348,17,39.81818183985624,1.6000379870154642,-1.0
0.016832244595409267,0.0015497971843514177,14,0.3310017487965524,0.0009270568813552758,17,41.0,1.599335105635903,-1.0
0.03179459136703776,0.0018837552957443728,15,0.6063415270764381,0.0009165774580897602,17,41.818181829019025,1.5877079430493442,-1.0
0.03403038559998903,0.0019925805067436565,16,0.6485227739904076,0.0009054634122155992,17,42.681818225167014,1.5331189315969294,-1.0
0.034167292708944946,0.0017025566711607906,17,0.6457851098384708,0.0008937318807859689,17,44.27272727272727,1.514602383700284,-1.0
0.023235682165250182,0.002047225341407789,18,0.45523529895581305,0.0008814009529720156,17,45.40909090909091,1.4579970277439465,-1.0
0.01861186299680008,0.0018854305639656053,19,0.36907939589582384,0.0008684896421706646,17,45.545454567128964,1.4393904941732234,-1.0
0.03409886569716036,0.0024404865172174242,20,0.6578402370214462,0.0008550178566873412,17,45.77272728356448,1.4360277834805575,-1.0
0.03430378553457558,0.002573890352828635,21,0.6639200081117451,0.0008410063690388064,17,46.59090911258351,1.4356813183697787,-1.0
0.034205093656459615,0.0018944554548296663,22,0.6498997649177909,0.0008264767839234412,17,46.90909090909091,1.405947889848189,-1.0
0.008610458397823904,0.001580649094345669,23,0.18355423584580421,0.000811451504908368,17,47.818181861530654,1.3963893680139021,-1.0
0.033968152387792036,0.0019291101618566448,24,0.6462674611248076,0.0007959536998847743,17,48.27272729440169,1.4016157744147562,-1.0
0.03411774515795211,0.002048538402757711,25,0.6511052609421313,0.0007800072653447032,17,47.727272748947144,1.3780465910651467,-1.0
0.034043862872446574,0.0015862587347833647,26,0.6414571108762175,0.0007636367895343947,17,49.59090909090909,1.3589644063602795,-1.0
0.020158985823703308,0.0018651765098588334,27,0.39655985007993877,0.0007468675145409928,17,51.13636367971247,1.335634897405451,-1.0
0.024325797994000215,0.0018793532831801309,28,0.4718083159532398,0.0007297252973710758,17,50.500000010837205,1.3223825485056098,-1.0
0.033983344069889024,0.001518452928091089,29,0.6391480390448123,0.0007122365700810271,17,52.136363647200845,1.2951469078930942,-1.0
0.034130936837755144,0.0016010695576874746,30,0.6433063310105354,0.0006944282990207196,17,50.45454547621987,1.300740106756037,-1.0
0.032397006560737886,0.0015078976672763627,31,0.6104153469204903,0.0006763279432533592,17,51.77272728356448,1.2757542076977817,-1.0
0.012082883881198036,0.0016033322317525744,32,0.2464863220229745,0.0006579634122155992,17,51.45454545454545,1.2687427655133334,-1.0
0.03415546585650494,0.0014733725822427208,33,0.6414505699649453,0.000639363022683212,17,53.27272727272727,1.2245551573146474,-1.0
0.03410424562429802,0.0018341489808840884,34,0.6470262750517577,0.0006205554551086735,17,54.40909093076532,1.2295366950468583,-1.0
0.03402865300368932,0.003426401280901498,35,0.6743147820234299,0.0006015697093979838,17,54.36363638531078,1.2116137068921868,-1.0
0.013138830506553253,0.0034225484899555645,36,0.29821510799229145,0.0005824350601949146,17,55.1818182034926,1.1916360963474621,-1.0
0.03331053893392285,0.0022804009624653393,37,0.6407651910558343,0.0005631810117416299,17,56.31818181818182,1.1762169642881914,-1.0
0.033989198079022266,0.001565541968577438,38,0.640094846021384,0.0005438372523852835,17,55.5909091017463,1.1664683389663697,-1.0
0.03405379331929402,0.001718062622886565,39,0.6440048750955611,0.0005244336088007391,17,57.77272731607611,1.1404992400516163,-1.0
0.022725567338056862,0.0015943294468646247,40,0.43786257808096707,0.0005050000000000001,17,57.63636367971247,1.1462402135675605,-1.0
0.02361482265405357,0.001969576955565976,41,0.46062978892587125,0.0004855663911992613,17,57.40909093076532,1.128398042158647,-1.0
0.03414858195982459,0.001642034880609976,42,0.6443409980274737,0.00046616274761471693,17,58.36363636363637,1.115586516640403,-1.0
0.0340475829757957,0.0016532977008157307,43,0.6427440450061113,0.00044681898825837057,17,59.90909095243974,1.0917191275683316,-1.0
0.032962372487721346,0.0015795734555770953,44,0.6218804051168263,0.000427564939805086,17,60.09090911258351,1.0803903263265435,-1.0
0.013999269550873173,0.0015618697766007648,45,0.28020691801793873,0.00040843029060201667,17,59.45454547621987,1.0909241381558505,-1.0
0.034082986466172666,0.0015600252016964885,46,0.6416866290383041,0.000389444544891327,17,62.09090913425792,1.0344407822869042,-1.0
0.03403259037683407,0.0015457827313285735,47,0.6405330691486597,0.0003706369773167883,17,58.27272729440169,1.0723554680564187,-1.0
0.03407568152114335,0.0016883531352505088,48,0.6438608849421144,0.0003520365877844012,17,60.22727272727273,1.0254383332079107,-1.0
0.015875568315904174,0.001577114738110039,49,0.3142629370559007,0.0003336720567466412,17,61.27272728356448,1.0148726762424816,-1.0
0.030033980185786884,0.0017202772562288577,50,0.5721571240574121,0.0003155717009792807,17,61.63636363636363,1.024899002421986,-1.0
0.034136356165011726,0.002588315944497784,51,0.661158740054816,0.00029776342991897335,17,63.95454545454545,0.9650570258227261,-1.0
0.03408244344043649,0.0015200885116226142,52,0.6409571941476315,0.00028027470262892445,17,61.863636406985194,0.9829032130674883,-1.0
0.025463490979745984,0.0016985618017820849,53,0.489036780083552,0.0002631324854590073,17,64.04545455629176,0.9650403386896307,-1.0
0.021233668990640178,0.001669344621606999,54,0.4123634488787502,0.0002463632104656054,17,63.54545458880338,0.97501558824019,-1.0
0.03410573969853835,0.0015073057471050157,55,0.6411681280005723,0.0002299927346552969,17,62.90909090909091,0.9594734397801485,-1.0
0.034212432504217655,0.0015475882165547875,56,0.6438211740460247,0.00021404630011522587,17,64.90909095243974,0.9347493778575551,-1.0
0.03410930231782711,0.0017584731879954536,57,0.6457405399996787,0.00019854849509163232,17,66.0909091125835,0.9207735984975641,-1.0
0.010888990467517741,0.001587671033727626,58,0.2247048639692366,0.00018352321607655918,17,64.72727274894714,0.9296470434015447,-1.0
0.03406105780353149,0.001644152358898686,59,0.6428277851082385,0.00016899363096119395,17,66.40909095243974,0.9136848399855874,-1.0
0.034013320109806955,0.0020107596646994352,60,0.6485412770416588,0.000154982143312659,17,64.45454549789429,0.9253091365640813,-1.0
0.034044247107683785,0.0014739734017186696,61,0.6394370310008526,0.0001415103578293356,17,66.50000002167441,0.9101223100315441,-1.0
0.0184650196461007,0.0021362587318031322,62,0.37092867912724614,0.0001285990470279847,17,65.5909091125835,0.9023810022527521,-1.0
0.030314073923768267,0.0024356729635554883,63,0.5896236069966108,0.0001162681192140312,17,67.04545456712896,0.8841371950236234,-1.0
0.03416039490710116,0.00156499820554422,64,0.643190406030044,0.00010453658778440107,17,66.86363638531078,0.86952331868085,-1.0
0.03423992002434614,0.0015583556895661685,65,0.6445024718996137,9.342254191024022e-05,17,67.31818186153065,0.8583262632109903,-1.0
0.02576759819769197,0.0024146989712284673,66,0.5074144578538835,8.294311864472437e-05,17,67.72727274894714,0.8782660818099975,-1.0
0.025919530941690836,0.0024043701640847656,67,0.509960865136236,7.311447649896551e-05,17,67.13636365803805,0.8526176695390181,-1.0
0.03410005550055454,0.001703351115187009,68,0.6445734580047429,6.395177052675794e-05,17,67.04545456712896,0.8517658716982062,-1.0
0.034093312621634037,0.002232602590488063,69,0.6539744960609823,5.546912895658472e-05,17,67.72727277062155,0.858431940945712,-1.0
0.030646902599578932,0.0015785005590361026,70,0.580160953104496,4.767963140691306e-05,17,68.72727277062155,0.8418511134927923,-1.0
0.014144721492711041,0.002080738234023253,71,0.2921679390128702,4.059528871837034e-05,17,67.45454549789429,0.8579716489531777,-1.0
0.034086633771140545,0.0015898103334216608,72,0.6422871709801257,3.4227024433899e-05,17,68.4090909090909,0.8451851582527161,-1.0
0.034023309760313064,0.0017362510811330543,73,0.6437820489518344,2.8584657955444653e-05,17,69.31818186153065,0.8449075802889737,-1.0
0.0342493363423273,0.0015140914409938785,74,0.6438518748618662,2.367688940315011e-05,17,68.22727272727273,0.8258615502444181,-1.0
0.013914128661983542,0.0031475837264830866,75,0.30721719306893647,1.951128620040094e-05,17,69.31818181818181,0.8123133956302296,-1.0
0.0339229566226196,0.002621327992528677,76,0.6579253550153226,1.6094271405406862e-05,17,67.63636363636364,0.8434377735311335,-1.0
0.03405741250349416,0.0016065316611073082,77,0.6420840651262552,1.3431113807311488e-05,17,69.77272727272727,0.8193238787217574,-1.0
0.03412618122011837,0.0018213695665407511,78,0.647188353119418,1.1525919802101659e-05,17,67.5909091125835,0.8320182590051131,-1.0
0.0223237125772155,0.0018586247590266997,79,0.4354168730787933,1.0381627060842164e-05,17,67.95454545454545,0.8208775355599144,-1.0
0.026474397487214044,0.0019243450757736962,80,0.5113135289866477,1e-05,17,69.77272729440169,0.8185515037449923,-1.0
0.03582375512147943,0.00898186699487269,1,0.8066395858768374,0.000999618372939158,18,17.52173908378767,4.799122483626656,-1.0
0.03429542124892274,0.0023141615222104723,2,0.6591015639714897,0.0009984740801978985,18,24.391304306361985,2.0755112747524094,-1.0
0.03411272914511048,0.001601710411099096,3,0.6429688460193574,0.0009965688861926887,18,25.56521731355916,2.0105435804698777,-1.0
0.01315789267472509,0.0020277184925766457,4,0.27345640398561954,0.0009939057285945933,18,26.999999989633974,1.9776104761206585,-1.0
0.034266198765383,0.0015539970740468965,5,0.6448741101194173,0.0009904887137995992,18,28.91304340051568,1.9369890059595523,-1.0
0.0343149783115627,0.001521823462098837,6,0.6451746909879148,0.00098632311059685,18,29.69565216873003,1.9126711086604906,-1.0
0.03428069619824075,0.002936023080514537,7,0.6700171208940446,0.0009814153420445555,18,31.30434773279273,1.86926542904066,-1.0
0.015593972613310648,0.0016661281180050638,8,0.31078576808795333,0.0009757729755661012,18,32.913043473077856,1.7987932505814925,-1.0
0.032424568987658456,0.0017217848475815521,9,0.6147514851763844,0.0009694047112816298,18,34.91304342124773,1.747965669217317,-1.0
0.03430764995411866,0.0016392417148583466,10,0.6471570190042257,0.0009623203685930871,18,34.69565207025279,1.7348108453335969,-1.0
0.034258677792321474,0.002039201544701225,11,0.6534983329474926,0.0009545308710434153,18,37.60869555369668,1.69515752211861,-1.0
0.024262198932572372,0.001996888792038792,12,0.4727721221279353,0.0009460482294732422,18,37.73913045551466,1.6669886321606844,-1.0
0.023667477782712214,0.0015222734978629483,13,0.4535270200576633,0.0009368855235010348,18,39.73913037776947,1.6217844401235166,-1.0
0.034238154637730785,0.0015751829681297143,14,0.6447727950289845,0.0009270568813552758,18,39.478260848833166,1.584947364019311,-1.0
0.03429975585701565,0.0016889700847160486,15,0.6479301769286394,0.0009165774580897602,18,42.39130424416584,1.5672709987474525,-1.0
0.03377727060837464,0.0015836517171313365,16,0.6366169720422477,0.0009054634122155992,18,41.86956507226695,1.55844280678293,-1.0
0.011652501649223268,0.0018732929602265358,17,0.2435791650786996,0.0008937318807859689,18,41.95652175986248,1.5198962528809257,-1.0
0.03430041886814353,0.0018073070742603806,18,0.6500774847809225,0.0008814009529720156,18,42.82608692542367,1.522299311057381,-1.0
0.03422711194596357,0.0015745391655299398,19,0.6445415369234979,0.0008684896421706646,18,44.608695532964624,1.4833208998389866,-1.0
0.03424874221026483,0.0017745054016510646,20,0.6485331591684371,0.0008550178566873412,18,45.60869562625885,1.4714691276135652,-1.0
0.01731506993787156,0.0015737810689542028,21,0.3401056870352477,0.0008410063690388064,18,47.60869550704956,1.4330046322034753,-1.0
0.02943203465030011,0.002147758082072768,22,0.5685495890211314,0.0008264767839234412,18,45.82608693060668,1.4348222827911377,-1.0
0.034243121419826314,0.0030165191403486663,23,0.6707960539497435,0.000811451504908368,18,47.21739118513854,1.4225056065683779,-1.0
0.03440897535377493,0.002990955370478332,24,0.6733114621601999,0.0007959536998847743,18,46.7826086645541,1.4247905044970306,-1.0
0.023667451563394733,0.0032507955976244477,25,0.4846352192107588,0.0007800072653447032,18,46.95652163028717,1.4071198069530986,-1.0
0.025215489078416593,0.002212276643452545,26,0.4938113100361079,0.0007636367895343947,18,50.43478245320527,1.3402153222457223,-1.0
0.03436055408221566,0.0027797297031308212,27,0.6686398501042277,0.0007468675145409928,18,50.04347827123559,1.3433724596189416,-1.0
0.03432775328918877,0.001779884539751543,28,0.650053515098989,0.0007297252973710758,18,50.39130418196969,1.3076611110438472,-1.0
0.031019017139139276,0.0015543028065520856,29,0.5864287118893117,0.0007122365700810271,18,51.21739114885745,1.3150768159783406,-1.0
0.016075811413530674,0.0016646512473622959,30,0.31944169709458947,0.0006944282990207196,18,51.43478263979373,1.2764226606617803,-1.0
0.034316209584681526,0.0014920723624527454,31,0.6446841470897198,0.0006763279432533592,18,52.39130426489788,1.2741454808608346,-1.0
0.034240779337576695,0.002055755945750409,32,0.6534513360820711,0.0006579634122155992,18,53.52173904750658,1.2543856143951415,-1.0
0.034284122740953334,0.0022218008137618503,33,0.657224039779976,0.000639363022683212,18,52.7391302689262,1.2543003571551778,-1.0
0.011608954363813003,0.0027151960724343858,34,0.25794705585576594,0.0006205554551086735,18,55.13043461675229,1.2146518643006035,-1.0
0.03301931279970126,0.0021083173730100193,35,0.6324101120699197,0.0006015697093979838,18,54.04347805354906,1.2182817983627319,-1.0
0.034357115716880396,0.002463097114943796,36,0.6629000341054052,0.0005824350601949146,18,54.56521739130435,1.2139934655894404,-1.0
0.03432514693122357,0.002401342628420227,37,0.6612147488631308,0.0005631810117416299,18,56.2173912110536,1.1757394131370213,-1.0
0.02140263870306727,0.0022405060784270367,38,0.4256845680065453,0.0005438372523852835,18,55.82608693578969,1.1842974424362183,-1.0
0.02723437903397199,0.0023001383006986645,39,0.5317326681688428,0.0005244336088007391,18,56.999999792679496,1.13834112416143,-1.0
0.034261830422716834,0.002372556081455615,40,0.6595310950651765,0.0005050000000000001,18,58.17391310567441,1.1377275274110876,-1.0
0.034289719886146486,0.002586552446397642,41,0.6639005930628628,0.0004855663911992613,18,59.26086962741354,1.1145974273266999,-1.0
0.027637428565261263,0.0027006452049439154,42,0.5462064591702074,0.00046616274761471693,18,58.78260856089385,1.0946328554982725,-1.0
0.02122932146044655,0.002336859599583679,43,0.424304970074445,0.00044681898825837057,18,58.608695475951485,1.1062600399100262,-1.0
0.0342806212655786,0.0023304869601916936,44,0.6591364920604974,0.000427564939805086,18,60.30434780535491,1.0755060301656307,-1.0
0.03435224915544192,0.002211205350855986,45,0.6582884809467942,0.00040843029060201667,18,60.47826086956522,1.078119950087174,-1.0
0.03355387814291236,0.0027320487942132684,46,0.6532574610318989,0.000389444544891327,18,60.391304285629936,1.0723842884146648,-1.0
0.01478445646353066,0.0025893437106990153,47,0.31285494309850037,0.0003706369773167883,18,60.78260852979577,1.0331788396835326,-1.0
0.03424778474598295,0.002403799651397599,48,0.6598426699638367,0.0003520365877844012,18,60.60869563144186,1.0299920271790546,-1.0
0.034366249404330224,0.0023689163176135886,49,0.6613507089205086,0.0003336720567466412,18,60.95652175986248,1.0501754930745,-1.0
0.034296104684472084,0.002402552920911047,50,0.6606846500653774,0.0003155717009792807,18,63.04347803281701,1.0066134833252949,-1.0
0.011773461553578576,0.0026938155060634017,51,0.2605168358422816,0.00029776342991897335,18,63.82608676993328,0.977621421088343,-1.0
0.03426758717331621,0.0024056784912115997,52,0.6602318009827286,0.00028027470262892445,18,61.9999997512154,1.0135378474774568,-1.0
0.03427635734745612,0.001505630375403497,53,0.6441960500087589,0.0002631324854590073,18,63.086956335150674,0.9897452231075453,-1.0
0.03432459918419934,0.0017758524304048882,54,0.6499502318911254,0.0002463632104656054,18,64.26086945119111,0.9696061402818431,-1.0
0.021473782990748685,0.0017436558328982857,55,0.41806272091344,0.0002299927346552969,18,63.69565211171689,0.9516021925470103,-1.0
0.023959038572178945,0.001693087927479711,56,0.4618721480946988,0.00021404630011522587,18,64.26086934753086,0.9554379383377407,-1.0
0.03427176830720984,0.001962040977862974,57,0.6523474450223148,0.00019854849509163232,18,64.91304320874421,0.9500912678760031,-1.0
0.03426638285681191,0.0018980356528320247,58,0.651104771066457,0.00018352321607655918,18,64.73913044514863,0.9604119007483772,-1.0
0.03270834522684001,0.0015519368850315611,59,0.6167919381987303,0.00016899363096119395,18,65.73913037258646,0.934106810507567,-1.0
0.011662144110434584,0.0014995518269845182,60,0.23702132306061685,0.000154982143312659,18,64.78260860235795,0.9228527747029843,-1.0
0.03431538959395968,0.0018205161258164379,61,0.6505823768675327,0.0001415103578293356,18,65.99999986524168,0.9077582176871922,-1.0
0.03429097179064734,0.001882105212037762,62,0.6512502990663052,0.0001285990470279847,18,65.91304328130639,0.8995357827518298,-1.0
0.03434403655895343,0.0019105837758009632,63,0.6527367359958589,0.0001162681192140312,18,67.78260867492013,0.883787175676097,-1.0
0.01672050644022723,0.0016042687930166721,64,0.32997419708408415,0.00010453658778440107,18,67.21739107629527,0.8838593699621118,-1.0
0.03034624215474145,0.0023377525180371273,65,0.588444353081286,9.342254191024022e-05,18,66.56521727727807,0.8770053171074909,-1.0
0.03428643906954676,0.0016034568220170008,66,0.6461336088832468,8.294311864472437e-05,18,66.82608680103137,0.8916932506146639,-1.0
0.03433930086127172,0.0016803372418507934,67,0.6484659030102193,7.311447649896551e-05,18,67.21739131471385,0.8652419565034949,-1.0
0.026900342950183485,0.0014657679453699125,68,0.5106961249839514,6.395177052675794e-05,18,67.5652173291082,0.8546865044469418,-1.0
0.022390727600496676,0.001872645794517464,69,0.4368548619095236,5.546912895658472e-05,18,67.17391305384429,0.8758059291217638,-1.0
0.03437024895619187,0.002483355605767833,70,0.6634790420066565,4.767963140691306e-05,18,67.78260855052783,0.8712584515239882,-1.0
0.034314338428278766,0.001583840904964341,71,0.6462784740142524,4.059528871837034e-05,18,68.60869566253994,0.8517710550971653,-1.0
0.033480615626710154,0.00226383938247131,72,0.6435065600089729,3.4227024433899e-05,18,69.21739120068757,0.8507998061180114,-1.0
0.01582094446186804,0.0017762914843236406,73,0.31688457797281444,2.8584657955444653e-05,18,69.39130428562994,0.8463304858622344,-1.0
0.03436806171925531,0.002182359496752421,74,0.6580459689721465,2.367688940315011e-05,18,66.99999981341155,0.8498777655933214,-1.0
0.034360214511656925,0.0016676913170764844,75,0.6486416340339929,1.951128620040094e-05,18,67.86956522775733,0.8500705385208129,-1.0
0.03430286563363754,0.0016953808177883427,76,0.6481111301109195,1.6094271405406862e-05,18,69.99999977194744,0.8181379710073057,-1.0
0.013353765256599419,0.0018111371254134509,77,0.27307734615169466,1.3431113807311488e-05,18,67.60869542412136,0.8386200866491899,-1.0
0.03294474022307744,0.0019637679991622767,78,0.6284719959367067,1.1525919802101659e-05,18,68.73913044514863,0.8362141922245855,-1.0
0.034365023913172386,0.0020443625334236356,79,0.6554864319041371,1.0381627060842164e-05,18,69.43478249466938,0.8340296647859656,-1.0
0.034244685511415206,0.0017767261015251279,80,0.6485012818593532,1e-05,18,69.34782605585845,0.8086392435820207,-1.0
0.03575528269682668,0.00904442966719599,1,0.8513351848814636,0.000999618372939158,19,16.833333333333332,3.5733111476898194,-1.0
0.03426344914508885,0.0019527801165455266,2,0.6882414461579174,0.0009984740801978985,19,21.833333373069763,2.119781281153361,-1.0
0.029197284559670248,0.0013774595909604901,3,0.5810536299832165,0.0009965688861926887,19,24.83333335320155,2.024743169148763,-1.0
0.02043523045109683,0.001967718175269271,4,0.42579353018663824,0.0009939057285945933,19,26.916666666666668,1.977424619992574,-1.0
0.034241155267840155,0.0017833966810844447,5,0.6845982649829239,0.0009904887137995992,19,29.12500003973643,1.9134739049275715,-1.0
0.03427823968721848,0.0016036331531052526,6,0.681877066148445,0.00098632311059685,19,31.37500007947286,1.8465491851170859,-1.0
0.03142432056024278,0.001570997441089467,7,0.6270204859320074,0.0009814153420445555,19,33.2916667064031,1.7849315516153972,-1.0
0.020696695232273715,0.002401524296912708,8,0.43899912014603615,0.0009757729755661012,19,34.375,1.747662836710612,-1.0
0.03421690246384395,0.0016147034904478413,9,0.6809100660029799,0.0009694047112816298,19,37.541666666666664,1.6995401128133139,-1.0
0.034274758574993985,0.0017733702092970673,10,0.6850315718911588,0.0009623203685930871,19,37.9166667064031,1.6584558550516764,-1.0
0.03130708911799287,0.001655472356728033,11,0.626392083009705,0.0009545308710434153,19,37.87500003973643,1.6193247207005819,-1.0
0.01618613485295914,0.001545598509868509,12,0.33703658496961,0.0009460482294732422,19,41.12500003973643,1.5882738129297893,-1.0
0.03427529091162509,0.0017541234602073306,13,0.6846917821094394,0.0009368855235010348,19,41.666666746139526,1.555915641784668,-1.0
0.03423675996447472,0.001456590773733823,14,0.6783098080195487,0.0009270568813552758,19,43.208333333333336,1.5407587480545044,-1.0
0.03415428299309784,0.001482559318997358,15,0.6772317010909319,0.0009165774580897602,19,44.208333333333336,1.501486481030782,-1.0
0.009613259928300977,0.0015691526013573533,16,0.21259219804778695,0.0009054634122155992,19,43.95833341280619,1.5124381573994954,-1.0
0.03430297584763091,0.0016735244762936705,17,0.6836875558365136,0.0008937318807859689,19,44.87500007947286,1.4868754132588704,-1.0
0.03414596647857443,0.0014774809885574015,18,0.6769798728637397,0.0008814009529720156,19,45.375,1.4669410785039265,-1.0
0.034277556611126976,0.0017563032819644402,19,0.6847767881117761,0.0008684896421706646,19,45.83333341280619,1.4614271672566732,-1.0
0.015268800731160138,0.0017704774233463564,20,0.3238715829793364,0.0008550178566873412,19,47.45833337306976,1.4081923564275105,-1.0
0.03423061901948562,0.002604079971972265,21,0.6999903270043433,0.0008410063690388064,19,48.70833341280619,1.3839723412195841,-1.0
0.034222999734706,0.0028786234263526765,22,0.7050659130327404,0.0008264767839234412,19,47.75000007947286,1.3810920842488608,-1.0
0.03427375628809003,0.0024510241897874757,23,0.6979047399945557,0.000811451504908368,19,48.45833349227905,1.3566846354802449,-1.0
0.014575259147309944,0.001701015586915769,24,0.30937409796752036,0.0007959536998847743,19,49.16666682561239,1.3377630599339803,-1.0
0.03337059424895989,0.0014085778476376283,25,0.6609346650075167,0.0007800072653447032,19,51.083333333333336,1.3120175758997599,-1.0
0.034271380998880455,0.002429475162276312,26,0.6974613349884748,0.0007636367895343947,19,51.416666746139526,1.2921023321151734,-1.0
0.034249125195569115,0.0028676622253107397,27,0.705334804020822,0.0007468675145409928,19,52.416666666666664,1.252106006940206,-1.0
0.016801472875828807,0.0017212425897780218,28,0.3520368509925902,0.0007297252973710758,19,53.87500007947286,1.2421795511245728,-1.0
0.03179379322222973,0.001574696298982752,29,0.6341159141156822,0.0007122365700810271,19,54.41666682561239,1.2231229861577353,-1.0
0.0341993345462374,0.001588703035131881,30,0.6800839509814978,0.0006944282990207196,19,54.25000007947286,1.215164564450582,-1.0
0.034257845609988034,0.0019016339149522153,31,0.6871627299115062,0.0006763279432533592,19,53.666666666666664,1.2291417074203492,-1.0
0.01938796374260595,0.0017718500457704067,32,0.4021705030463636,0.0006579634122155992,19,56.62500015894572,1.1800693305333456,-1.0
0.029535301936496245,0.0019349191141755956,33,0.598070713924244,0.000639363022683212,19,56.62500015894572,1.1744646135965984,-1.0
0.03422189059079086,0.001527158041043501,34,0.6793600260280073,0.0006205554551086735,19,57.75000007947286,1.123368034362793,-1.0
0.03427963431826547,0.0017726972061944636,35,0.685123312054202,0.0006015697093979838,19,57.33333349227905,1.1513583024342855,-1.0
0.022589235823895586,0.0015373771863156243,36,0.45851368899457157,0.0005824350601949146,19,57.12500007947286,1.125659609635671,-1.0
0.026835678463899774,0.0021035668538197092,37,0.549965530866757,0.0005631810117416299,19,56.37500007947286,1.129953950246175,-1.0
0.034235246834884346,0.002095515055483893,38,0.6904099339153618,0.0005438372523852835,19,58.083333333333336,1.0970067501068115,-1.0
0.034280871053373345,0.0017549894186423014,39,0.6847921051084995,0.0005244336088007391,19,57.45833341280619,1.1096588532129923,-1.0
0.024608049786796694,0.001655162532666796,40,0.4991063510533422,0.0005050000000000001,19,59.375,1.066963922182719,-1.0
0.022920378900476192,0.0015990522592083405,41,0.4659802489914,0.0004855663911992613,19,61.45833349227905,1.0495287593205769,-1.0
0.03422725689597428,0.0019521617918814484,42,0.6875253501348197,0.00046616274761471693,19,60.666666666666664,1.034444743792216,-1.0
0.03423297694443088,0.001384461114771272,43,0.6768453239928931,0.00044681898825837057,19,62.12500007947286,1.0120230372746786,-1.0
0.028732324092599907,0.0016257632278690213,44,0.576907014939934,0.000427564939805086,19,62.791666666666664,1.0059630497296652,-1.0
0.02304171909284043,0.0027033893366981494,45,0.4892701501958072,0.00040843029060201667,19,62.62500015894572,1.0115278959274292,-1.0
0.03421843504092019,0.0020528423207762992,46,0.6892660378944129,0.000389444544891327,19,61.20833349227905,1.008424648443858,-1.0
0.034273410081177166,0.0018406173974079522,47,0.6862811539322138,0.0003706369773167883,19,62.70833341280619,0.9964759961764018,-1.0
0.02836405424597232,0.0016795759652986338,48,0.570936696138233,0.0003520365877844012,19,63.20833349227905,0.9621782620747884,-1.0
0.022028019467956926,0.0018068957510159204,49,0.4529940648935735,0.0003336720567466412,19,63.50000007947286,0.9752329365412394,-1.0
0.03424062566390555,0.0015599214422859643,50,0.6803483217954636,0.0003155717009792807,19,64.29166666666667,0.9560802300771077,-1.0
0.03423423622734845,0.0016341862562847765,51,0.6816301720682532,0.00029776342991897335,19,64.5,0.9431574853261312,-1.0
0.030232708227183474,0.001493267886536686,52,0.602922088932246,0.00028027470262892445,19,64.95833349227905,0.9363549073537191,-1.0
0.020505271055490562,0.0019435220961704065,53,0.4266522079706192,0.0002631324854590073,19,65.04166682561238,0.9187053934733073,-1.0
0.03418498391922759,0.0017303103507545433,54,0.6825216668657959,0.0002463632104656054,19,64.75,0.9187973658243815,-1.0
0.03422797509273024,0.001430340907781532,55,0.6776249189861119,0.0002299927346552969,19,66.95833349227905,0.8837172857920329,-1.0
0.03170952562389797,0.00143733768919973,56,0.6298931171186268,0.00021404630011522587,19,67.41666666666667,0.8614055784543355,-1.0
0.018596280807335126,0.0024672426209834063,57,0.40032763592898846,0.00019854849509163232,19,66.00000015894572,0.8755377904574076,-1.0
0.03424211799804317,0.0016275515265174601,58,0.6816400550305843,0.00018352321607655918,19,67.58333349227905,0.8668358103434245,-1.0
0.03422437459965678,0.0014842577082546133,59,0.6785741101484746,0.00016899363096119395,19,67.58333333333333,0.8511116568247478,-1.0
0.033105891737106596,0.001608114787622502,60,0.6596724027767777,0.000154982143312659,19,68.50000007947285,0.838405663172404,-1.0
0.014532964897194975,0.0015688623718329165,61,0.30604628403671086,0.0001415103578293356,19,68.66666674613953,0.8440475948651631,-1.0
0.03433129867832912,0.0018468219541797513,62,0.6874951089266688,0.0001285990470279847,19,69.16666674613953,0.8385627174377441,-1.0
0.034242336577000584,0.0014200311056093166,63,0.677695601945743,0.0001162681192140312,19,68.95833349227905,0.8241161386171977,-1.0
0.03427458902526843,0.0016156606572239024,64,0.6820282549597323,0.00010453658778440107,19,67.79166666666667,0.8335717582702636,-1.0
0.009730313157074545,0.001852195575147083,65,0.2201770800165832,9.342254191024022e-05,19,68.375,0.8280768609046936,-1.0
0.03434789452799841,0.0017641654213596332,66,0.6862486980389804,8.294311864472437e-05,19,68.75000007947285,0.8156627170244852,-1.0
0.03426364199013302,0.002163588755617016,67,0.6922293219249696,7.311447649896551e-05,19,68.9583334128062,0.821101438999176,-1.0
0.034257593000993916,0.003059472778419915,68,0.709138821111992,6.395177052675794e-05,19,69.16666674613953,0.7982802144686381,-1.0
0.013707146403918924,0.0014813493839219997,69,0.28869308810681105,5.546912895658472e-05,19,70.91666674613953,0.7889072648684183,-1.0
0.03426548815332353,0.002278523311313046,70,0.6944637300912291,4.767963140691306e-05,19,69.8333334128062,0.7923035399119059,-1.0
0.034250388265048205,0.0017079296276757592,71,0.6833361329045147,4.059528871837034e-05,19,69.66666682561238,0.8003832530975342,-1.0
0.034303979654061165,0.00156949587950581,72,0.681711837882176,3.4227024433899e-05,19,70.16666666666667,0.7902816104888916,-1.0
0.01702961347703087,0.0015776520472412046,73,0.3536676191724837,2.8584657955444653e-05,19,70.79166666666667,0.7801971085866293,-1.0
0.03324304139976831,0.002241029489883467,74,0.6743075519334525,2.367688940315011e-05,19,70.0833334128062,0.7741382765769959,-1.0
0.034254413931385466,0.0016145479595778805,75,0.6816394291818142,1.951128620040094e-05,19,70.41666682561238,0.7648565125465393,-1.0
0.034266943687965214,0.001730598202955566,76,0.6840779120102525,1.6094271405406862e-05,19,69.20833333333333,0.7948581687609355,-1.0
0.020629643033699768,0.0016319583856353635,77,0.4230998498387635,1.3431113807311488e-05,19,72.33333349227905,0.7661475912729899,-1.0
0.030455850898043105,0.002321310684477028,78,0.6228853280190378,1.1525919802101659e-05,19,70.62500015894572,0.7636384836832683,-1.0
0.03424990908732932,0.0014121178660149638,79,0.6776940249837935,1.0381627060842164e-05,19,71.16666674613953,0.7577750364939372,-1.0
0.0342880668314664,0.0015067507047206163,80,0.68025290989317,1e-05,19,70.08333333333333,0.7572025736172994,-1.0
0.035544799466151744,0.008577255334239453,1,0.8825780018232763,0.000999618372939158,20,18.520000002384187,5.049578905105591,-1.0
0.03414928303100169,0.0016402125707827508,2,0.7159052940551192,0.0009984740801978985,20,24.040000002384186,2.0678267932891847,-1.0
0.027155390579719097,0.001686801773030311,3,0.5769499170128256,0.0009965688861926887,20,26.000000002384187,2.0209939559936525,-1.0
0.025027514703106137,0.001686296600382775,4,0.5343845379538834,0.0009939057285945933,20,27.8400000333786,1.9606845600128173,-1.0
0.03419541816692799,0.0016093081794679165,5,0.7162069359328598,0.0009904887137995992,20,30.20000002384186,1.884868981742859,-1.0
0.03421192212263122,0.0018964242772199214,6,0.7222780250012875,0.00098632311059685,20,32.200000019073485,1.8321740718841553,-1.0
0.023131491639651357,0.0023583077592775224,7,0.5099027778487653,0.0009814153420445555,20,33.80000002861023,1.7832210029602051,-1.0
0.023375140922144055,0.0014314826228655874,8,0.4962408139836043,0.0009757729755661012,20,35.35999997615814,1.728925495147705,-1.0
0.034213891625404357,0.0016900783753953873,9,0.7181866918690503,0.0009694047112816298,20,37.04000001907349,1.6905962646484376,-1.0
0.03417056027101353,0.0015068212291225792,10,0.7136561220977455,0.0009623203685930871,20,39.04000001907349,1.633506622505188,-1.0
0.025160537858027965,0.0017853490891866386,11,0.5390193008352071,0.0009545308710434153,20,39.95999998092651,1.617163610649109,-1.0
0.02239261190406978,0.0016745835542678832,12,0.48145352280698717,0.0009460482294732422,20,40.44000001907349,1.5660050430297852,-1.0
0.03453870698576793,0.0014169044094160198,13,0.71922189113684,0.0009368855235010348,20,41.68000002861023,1.5651341796875,-1.0
0.034268411493394525,0.00196771725313738,14,0.7248473910149187,0.0009270568813552758,20,42.520000009536744,1.5392651847839356,-1.0
0.02615596562391147,0.0015943598235026001,15,0.5551093630492687,0.0009165774580897602,20,43.59999997138977,1.5140117542266847,-1.0
0.020823329128324984,0.0015149598708376288,16,0.4468760259915143,0.0009054634122155992,20,42.80000004291534,1.501102012825012,-1.0
0.03419597942847759,0.0016713024699129165,17,0.717455703066662,0.0008937318807859689,20,44.60000004291535,1.469748066329956,-1.0
0.03413916080025956,0.0013332823989912867,18,0.7095612739212811,0.0008814009529720156,20,44.64,1.457876689338684,-1.0
0.02879525232128799,0.001373068185057491,19,0.6034697941504419,0.0008684896421706646,20,45.7599999666214,1.4408130359649658,-1.0
0.020402724388986826,0.0018443508655764163,20,0.4450515699572861,0.0008550178566873412,20,47.160000009536745,1.4025538999557494,-1.0
0.03422678153729066,0.0020108638564124703,21,0.7248666079249233,0.0008410063690388064,20,47.84,1.3774161117553712,-1.0
0.034225168614648284,0.0017057240824215115,22,0.7187313039321452,0.0008264767839234412,20,47.120000009536746,1.3976562433242798,-1.0
0.02808851266745478,0.0013925688341259955,23,0.5897245150990784,0.000811451504908368,20,49.68000003814697,1.3499289316177367,-1.0
0.01973225661786273,0.0015198445878922939,24,0.42514908383600414,0.0007959536998847743,20,50.439999952316285,1.33062739944458,-1.0
0.034122400009073316,0.0013401682954281569,25,0.7093600300140679,0.0007800072653447032,20,51.72000001907349,1.3137795053482055,-1.0
0.0341544960741885,0.0014112238306552172,26,0.7114268259610981,0.0007636367895343947,20,51.36,1.2937981618881225,-1.0
0.030406498780939727,0.0013168254285119475,27,0.6345726940780878,0.0007468675145409928,20,51.31999995231629,1.2903777450561524,-1.0
0.020371601020451637,0.0026472947793081403,28,0.4604993180837482,0.0007297252973710758,20,51.880000076293946,1.275048439025879,-1.0
0.0341898235026747,0.002580877102445811,29,0.7355241060722619,0.0007122365700810271,20,53.44000000476837,1.232015672492981,-1.0
0.034291538840625434,0.0026047389023005963,30,0.7380347491707653,0.0006944282990207196,20,56.200000019073485,1.1886262365341187,-1.0
0.026972434693016113,0.0013955707079730928,31,0.5674690108280629,0.0006763279432533592,20,54.199999990463255,1.2172426519393922,-1.0
0.029804330330807715,0.0014428628142923116,32,0.625059945974499,0.0006579634122155992,20,55.52000005722046,1.1843816337585449,-1.0
0.03428429585183039,0.0014921096502803267,33,0.7156402280088514,0.000639363022683212,20,57.36000002861023,1.1604923343658446,-1.0
0.03423325427575037,0.0015515557723119854,34,0.7158060369547457,0.0006205554551086735,20,55.71999994277954,1.168034140586853,-1.0
0.01914370753802359,0.0014080044580623507,35,0.4111381149850786,0.0006015697093979838,20,57.79999994277954,1.140012757873535,-1.0
0.02892856262624264,0.0019563424750231205,36,0.617806765018031,0.0005824350601949146,20,58.399999942779544,1.1131981629371643,-1.0
0.03422231830190867,0.0017103928956203162,37,0.7187750940211117,0.0005631810117416299,20,57.88000004291534,1.1231489152908325,-1.0
0.034236685885116455,0.0016119072097353637,38,0.7170878360047936,0.0005438372523852835,20,59.480000019073486,1.100569729423523,-1.0
0.020592897816095503,0.0013460895395837724,39,0.4388865272048861,0.0005244336088007391,20,60.079999933242796,1.088474947834015,-1.0
0.028094585018698125,0.0016437919344753026,40,0.5948755911085755,0.0005050000000000001,20,59.880000066757205,1.0796593397140504,-1.0
0.03426780554000288,0.002263476559892297,41,0.7307405739556998,0.0004855663911992613,20,59.8400000667572,1.0605286066055297,-1.0
0.03422672161832452,0.0015169661841355265,42,0.7149891490116715,0.00046616274761471693,20,60.63999994277954,1.0365740505218506,-1.0
0.02034630359848961,0.0016399421030655504,43,0.4398291199468076,0.00044681898825837057,20,61.72000002861023,1.02802098236084,-1.0
0.013385596452280879,0.0020631116931326687,44,0.3091148629318923,0.000427564939805086,20,61.43999997138977,1.0182077019691467,-1.0
0.034127394517417996,0.0019429682870395482,45,0.7215445719193667,0.00040843029060201667,20,62.600000076293945,0.9940001781463623,-1.0
0.03491146230371669,0.002215367741882801,46,0.7426645020022988,0.000389444544891327,20,63.28000001907348,1.0000007287979127,-1.0
0.03445468872087076,0.0013455417240038515,47,0.7161304778419435,0.0003706369773167883,20,62.280000047683714,0.9915601444244385,-1.0
0.013934232154861092,0.001435140089597553,48,0.3075138139538467,0.0003520365877844012,20,61.44000005722046,0.9995444923400879,-1.0
0.03420127725694329,0.0019048486021347344,49,0.7222578190267086,0.0003336720567466412,20,64.08000006675721,0.9615550914764405,-1.0
0.034382303839083764,0.00157630096655339,50,0.7192824410740286,0.0003155717009792807,20,64.99999999046325,0.9522425689697266,-1.0
0.034248452400788665,0.001489598851185292,51,0.7148726820014417,0.00029776342991897335,20,65.2400000667572,0.9328575754165649,-1.0
0.014129920257255435,0.00196323903510347,52,0.32197002694010735,0.00028027470262892445,20,64.80000004768371,0.9282251805305481,-1.0
0.03397995512932539,0.008370502816978842,53,0.8471274559851736,0.0002631324854590073,20,66.28000005722046,0.9218591924667359,-1.0
0.034260656731203196,0.0014751841663382947,54,0.7148264818824828,0.0002463632104656054,20,65.52000005722046,0.9088648647308349,-1.0
0.034277264238335194,0.0015840071137063205,55,0.7173398779705167,0.0002299927346552969,20,66.55999993324279,0.8932350761413574,-1.0
0.0129176756599918,0.002056584390811622,56,0.29959745006635785,0.00021404630011522587,20,66.92000001907348,0.8896512994766236,-1.0
0.034214413247536865,0.0016098330495879054,57,0.7165968439076096,0.00019854849509163232,20,66.47999997138977,0.8882660575866699,-1.0
0.03427987990435213,0.0013845048495568335,58,0.7133990118745714,0.00018352321607655918,20,67.56000005722046,0.8723566708564758,-1.0
0.03428341476246714,0.0013392088934779168,59,0.7125814768951386,0.00016899363096119395,20,68.28000000953675,0.849785611152649,-1.0
0.010307969630230219,0.0014093221281655133,60,0.23445294494740665,0.000154982143312659,20,67.68000000953674,0.8526044659614563,-1.0
0.03421706921653822,0.0016770306858234108,61,0.7179936761967838,0.0001415103578293356,20,67.52000000953674,0.8439016840934753,-1.0
0.03425091454992071,0.0015439766924828292,62,0.7160275899805129,0.0001285990470279847,20,68.80000007629394,0.8242039321899414,-1.0
0.03418992122169584,0.0014183633727952838,63,0.7122762580402195,0.0001162681192140312,20,69.23999997138976,0.8227050575256347,-1.0
0.013043320272117853,0.0014187251217663288,64,0.28934734710492194,0.00010453658778440107,20,69.63999997138977,0.8206557289123535,-1.0
0.0341115060611628,0.0018662186339497566,65,0.7196718701161444,9.342254191024022e-05,20,68.60000001907349,0.8249617663383484,-1.0
0.034278069715946914,0.0018083303235471248,66,0.7218377450481057,8.294311864472437e-05,20,68.48000008583068,0.8255537045478821,-1.0
0.034249752562027426,0.0015197290340438485,67,0.7155010791029781,7.311447649896551e-05,20,69.12000007629395,0.7963312164306641,-1.0
0.013845781737472862,0.0015812252066098153,68,0.3086451960261911,6.395177052675794e-05,20,70.07999999046325,0.8161404726982117,-1.0
0.03414414981380105,0.002154313982464373,69,0.7261021449230611,5.546912895658472e-05,20,71.08,0.807894607257843,-1.0
0.034433330362662676,0.001411434542387724,70,0.7170205749571323,4.767963140691306e-05,20,69.71999995231629,0.8009111514091491,-1.0
0.03426895986776799,0.0015214990824460983,71,0.7159439709503204,4.059528871837034e-05,20,70.08000004768371,0.8032434734344482,-1.0
0.014144815295003355,0.0015541021013632417,72,0.31408390612341464,3.4227024433899e-05,20,70.0000000667572,0.8147867055892944,-1.0
0.03412492957431823,0.0020152439828962088,73,0.722937841899693,2.8584657955444653e-05,20,71.60000004768372,0.7820583661079407,-1.0
0.03422570104012266,0.002867748506832868,74,0.7420036618132144,2.367688940315011e-05,20,69.51999996185303,0.8003035896301269,-1.0
0.03430108212633058,0.0019749514758586884,75,0.725654010893777,1.951128620040094e-05,20,71.04000003814697,0.7757255613327027,-1.0
0.012902876909356565,0.001431795535609126,76,0.28683362901210785,1.6094271405406862e-05,20,70.76000005722045,0.7760350096702575,-1.0
0.03429444450885057,0.0017598627833649515,77,0.7212339180987328,1.3431113807311488e-05,20,70.80000008583069,0.8021619846343994,-1.0
0.03421573296654969,0.001969964732415974,78,0.7238268330693245,1.1525919802101659e-05,20,72.39999997138978,0.7555595772743225,-1.0
0.0342084803734906,0.002411380922421813,79,0.7325214219745249,1.0381627060842164e-05,20,71.08,0.782775801563263,-1.0
0.011531179118901492,0.0015691184788011014,80,0.26211591716855764,1e-05,20,71.6800000667572,0.7606246455192566,-1.0
