avg_batch_time_sec,avg_data_time_sec,epoch,epoch_time_sec,lr,round,train_acc,train_loss,val_acc
0.22931269207037985,0.0347847486846149,1,1.0565737881697714,0.000999618372939158,0,9.19999988079071,6.080597072601319,-1.0
0.03422388050239533,0.010972923482768238,2,0.18092595296911895,0.0009984740801978985,0,10.79999994635582,5.264499280929566,-1.0
0.03436627541668713,0.006607526098378003,3,0.164030377054587,0.0009965688861926887,0,14.599999946355819,2.85113561630249,-1.0
0.027588267403189093,0.006620027299504727,4,0.13696224219165742,0.0009939057285945933,0,15.400000047683715,2.524979564666748,-1.0
0.008381346764508635,0.006518313195556402,5,0.05972125311382115,0.0009904887137995992,0,20.599999809265135,2.248713844299316,-1.0
0.008436662086751312,0.011099875206127763,6,0.0782592969480902,0.00098632311059685,0,17.60000013113022,2.174319316864014,-1.0
0.008803503529634327,0.006816950684878975,7,0.06259267195127904,0.0009814153420445555,0,21.19999998807907,2.127645980834961,-1.0
0.008372511132620275,0.00713428360177204,8,0.06214017700403929,0.0009757729755661012,0,23.000000190734863,2.1111484394073488,-1.0
0.008441579062491655,0.006867160729598254,9,0.061352354008704424,0.0009694047112816298,0,22.599999940395357,2.0620546913146973,-1.0
0.016430739080533385,0.009562654420733452,10,0.10411434504203498,0.0009623203685930871,0,26.200000131130217,2.0312946605682374,-1.0
0.008829016704112291,0.012776746531017125,11,0.08653517998754978,0.0009545308710434153,0,24.599999761581422,2.0525556564331056,-1.0
0.011237365426495671,0.010414416319690645,12,0.08675145194865763,0.0009460482294732422,0,24.999999737739564,1.9824119186401368,-1.0
0.028547469701152295,0.006582381029147655,13,0.14068172499537468,0.0009368855235010348,0,27.200000131130217,1.968897213935852,-1.0
0.0341297906707041,0.009402008028700948,14,0.17425749893300235,0.0009270568813552758,0,31.799999713897705,1.9006794452667237,-1.0
0.034245375252794474,0.006649035727605224,15,0.16372511396184564,0.0009165774580897602,0,30.60000011920929,1.8876486902236937,-1.0
0.034415391681250185,0.006754705042112619,16,0.16483554895967245,0.0009054634122155992,0,32.399999666213986,1.853004753112793,-1.0
0.036143757053650916,0.012688532995525748,17,0.19549149204976857,0.0008937318807859689,0,30.999999904632567,1.807865348815918,-1.0
0.03424726356752217,0.006890860968269408,18,0.16469993791542947,0.0008814009529720156,0,30.79999976158142,1.7828564348220826,-1.0
0.034504631999880075,0.006658785219769925,19,0.1647994350641966,0.0008684896421706646,0,33.400000190734865,1.7511556282043457,-1.0
0.03450556623283774,0.006727126543410122,20,0.16507464600726962,0.0008550178566873412,0,34.199999642372134,1.747491590499878,-1.0
0.035075928550213575,0.0065392067190259695,21,0.16661271802149713,0.0008410063690388064,0,33.79999992847443,1.7120545082092284,-1.0
0.03483572567347437,0.013211569807026535,22,0.1923275189474225,0.0008264767839234412,0,35.19999988079071,1.7282110052108766,-1.0
0.0343886170303449,0.01282827096292749,23,0.18899941793642938,0.000811451504908368,0,35.59999966621399,1.688515483856201,-1.0
0.03420234192162752,0.012541601317934692,24,0.18710456509143114,0.0007959536998847743,0,36.19999988079071,1.672571484565735,-1.0
0.017224256473127753,0.01261279551545158,25,0.11947166197933257,0.0007800072653447032,0,36.20000009536743,1.6602839269638061,-1.0
0.008858139801304787,0.013008206966333091,26,0.08761055301874876,0.0007636367895343947,0,35.99999992847442,1.6804948749542237,-1.0
0.017533995967824012,0.007529465015977621,27,0.10038788290694356,0.0007468675145409928,0,34.800000071525574,1.619334713935852,-1.0
0.034282145788893104,0.006269675737712532,28,0.1623535838443786,0.0007297252973710758,0,38.99999988079071,1.608737832069397,-1.0
0.034193379047792405,0.009403439937159419,29,0.17455084901303053,0.0007122365700810271,0,36.19999990463257,1.632010869026184,-1.0
0.03429598675575107,0.012626342999283224,30,0.18781958310864866,0.0006944282990207196,0,39.80000004768372,1.5868360328674316,-1.0
0.03422619012417272,0.014596458873711526,31,0.19540039892308414,0.0006763279432533592,0,40.999999618530275,1.5691142683029176,-1.0
0.0343931742827408,0.00976153346709907,32,0.1767278229817748,0.0006579634122155992,0,38.39999961853027,1.6100380115509034,-1.0
0.033945113711524755,0.013471690297592431,33,0.18977879197336733,0.000639363022683212,0,42.19999980926514,1.504323676109314,-1.0
0.03421866201097146,0.009761291032191366,34,0.1760304558556527,0.0006205554551086735,0,39.399999952316286,1.526589231491089,-1.0
0.034361569909378886,0.012541709060315043,35,0.18772476282902062,0.0006015697093979838,0,38.800000071525574,1.5368107833862306,-1.0
0.034497321874368936,0.012489293876569718,36,0.1880543241277337,0.0005824350601949146,0,41.20000009536743,1.5153761568069457,-1.0
0.03401436726562679,0.012932872225064784,37,0.18790155602619052,0.0005631810117416299,0,41.79999980926514,1.5172340812683105,-1.0
0.03435344743775204,0.01291879900963977,38,0.189204707974568,0.0005438372523852835,0,40.59999990463257,1.522411129951477,-1.0
0.010722523264121264,0.012309406010899693,39,0.09226999920792878,0.0005244336088007391,0,44.60000002384186,1.5070862236022948,-1.0
0.008623280213214457,0.01288592757191509,40,0.08618282899260521,0.0005050000000000001,0,42.39999985694885,1.4846456079483032,-1.0
0.03375748253893107,0.006242109229788184,41,0.1601131281349808,0.0004855663911992613,0,44.39999980926514,1.4739813585281372,-1.0
0.0343954605050385,0.009471494005993009,42,0.17557747196406126,0.00046616274761471693,0,39.60000007152557,1.480216067314148,-1.0
0.03426053933799267,0.012695523677393794,43,0.18794957897625864,0.00044681898825837057,0,43.80000002384186,1.4447519235610962,-1.0
0.03429240424884483,0.014831787499133497,44,0.19660860300064087,0.000427564939805086,0,44.19999988079071,1.445507007598877,-1.0
0.034266015281900764,0.012691893440205604,45,0.1879434019792825,0.00040843029060201667,0,44.999999809265134,1.4356197624206544,-1.0
0.03440330782905221,0.013345872925128788,46,0.19110344117507339,0.000389444544891327,0,44.800000071525574,1.4276426944732665,-1.0
0.03450762270949781,0.013475596497301012,47,0.19204007694497705,0.0003706369773167883,0,43.799999833106995,1.425995122909546,-1.0
0.03458601230522618,0.012988122238311917,48,0.19040875509381294,0.0003520365877844012,0,45.800000286102296,1.3823518152236938,-1.0
0.034072637266945094,0.013700308743864298,49,0.1912083171773702,0.0003336720567466412,0,45.600000095367434,1.3975045280456544,-1.0
0.03408415982266888,0.013768369914032519,50,0.1915262918919325,0.0003155717009792807,0,47.19999978542328,1.3991166677474975,-1.0
0.03422860475257039,0.009830044000409544,51,0.17634520982392132,0.00029776342991897335,0,47.99999976158142,1.3810255155563353,-1.0
0.01348371827043593,0.010063008463475853,52,0.0942948090378195,0.00028027470262892445,0,49.59999952316284,1.3562397079467774,-1.0
0.008797302201855928,0.009593571245204657,53,0.07366846106015146,0.0002631324854590073,0,49.99999976158142,1.3692133798599244,-1.0
0.015741655486635864,0.006764477991964668,54,0.09015890397131443,0.0002463632104656054,0,49.399999785423276,1.359208062171936,-1.0
0.034030382230412215,0.009622857556678355,55,0.1747422618791461,0.0002299927346552969,0,47.20000002384186,1.3992396802902223,-1.0
0.03430634585674852,0.00948927114950493,56,0.1753214041236788,0.00021404630011522587,0,49.800000238418576,1.28649924659729,-1.0
0.034346223052125424,0.014743072737473994,57,0.19648671499453485,0.00019854849509163232,0,50.19999978542328,1.306986925125122,-1.0
0.034900150960311294,0.01503340300405398,58,0.19986030412837863,0.00018352321607655918,0,49.600000619888306,1.3236040630340575,-1.0
0.03422795707592741,0.00961689866380766,59,0.17551257112063468,0.00016899363096119395,0,51.00000002384186,1.292741696357727,-1.0
0.03444941673660651,0.014335778541862965,60,0.19528525695204735,0.000154982143312659,0,53.60000023841858,1.275294979095459,-1.0
0.03427205525804311,0.009811230702325702,61,0.17646532086655498,0.0001415103578293356,0,50.0,1.329257315635681,-1.0
0.03416400897549465,0.0138954947469756,62,0.1923653760459274,0.0001285990470279847,0,50.99999952316284,1.300507287979126,-1.0
0.03426990972366184,0.013779837521724403,63,0.19232780020684004,0.0001162681192140312,0,50.199999761581424,1.283326777458191,-1.0
0.03429660445544869,0.014894766500219703,64,0.1968974608462304,0.00010453658778440107,0,50.4,1.2982869157791137,-1.0
0.03332718746969476,0.01502770179649815,65,0.19355165492743254,9.342254191024022e-05,0,48.60000042915344,1.3389243249893188,-1.0
0.011238883540499955,0.010138826444745064,66,0.08563979202881455,8.294311864472437e-05,0,51.59999978542328,1.330996579170227,-1.0
0.015912172675598413,0.011434036772698164,67,0.10952767985872924,7.311447649896551e-05,0,50.79999928474426,1.2920201206207276,-1.0
0.03417636803351343,0.006394424010068178,68,0.16242118389345706,6.395177052675794e-05,0,50.799999952316284,1.266336317062378,-1.0
0.033962852554395795,0.014462677703704685,69,0.19383420702069998,5.546912895658472e-05,0,52.39999947547913,1.2672450580596923,-1.0
0.03433193953242153,0.014677768456749618,70,0.19616772513836622,4.767963140691306e-05,0,51.000000262260436,1.2911983413696289,-1.0
0.034545903792604804,0.013545433175750077,71,0.1924989081453532,4.059528871837034e-05,0,52.40000023841858,1.2429710712432862,-1.0
0.034141493786592036,0.013459652720484883,72,0.19054593704640865,3.4227024433899e-05,0,53.199999713897704,1.257048062324524,-1.0
0.0344652037601918,0.013534814701415598,73,0.19213513587601483,2.8584657955444653e-05,0,50.80000004768372,1.2691967029571534,-1.0
0.0343494662665762,0.009902093734126538,74,0.17713558417744935,2.367688940315011e-05,0,50.59999995231628,1.2932934331893922,-1.0
0.034436626301612705,0.009852462448179722,75,0.17728702002204955,1.951128620040094e-05,0,51.799999952316284,1.2774723234176635,-1.0
0.0341677155229263,0.013194966013543308,76,0.18958320398814976,1.6094271405406862e-05,0,48.39999976158142,1.294603045463562,-1.0
0.03448976797517389,0.013011648028623313,77,0.1901495191268623,1.3431113807311488e-05,0,51.79999990463257,1.246670862197876,-1.0
0.03407399321440607,0.01337496453197673,78,0.18994073593057692,1.1525919802101659e-05,0,51.199999523162845,1.2781038103103637,-1.0
0.010200666321907192,0.012864060699939728,79,0.09239148604683578,1.0381627060842164e-05,0,51.40000004768372,1.2942349948883056,-1.0
0.00884343369398266,0.006385543558280915,80,0.06107108015567064,1e-05,0,53.399999904632566,1.261461802482605,-1.0
0.04068035697564483,0.03905633902177215,1,0.3988400539383292,0.000999618372939158,1,8.500000019868216,8.141443481445313,-1.0
0.03392978305928409,0.006168060330674052,2,0.2006170079112053,0.0009984740801978985,1,13.666666666666666,3.2181628545125327,-1.0
0.0342099548317492,0.010238508367910982,3,0.22236673207953572,0.0009965688861926887,1,19.33333335320155,2.4157966963450113,-1.0
0.034113170206546785,0.007887601014226675,4,0.21011848794296384,0.0009939057285945933,1,24.166666944821674,2.074054756164551,-1.0
0.03401309945620597,0.010449979547411203,5,0.22243572305887938,0.0009904887137995992,1,24.666666905085247,2.0248937050501508,-1.0
0.03407399640418589,0.011086095590144396,6,0.22592323180288076,0.00098632311059685,1,28.666666785875957,1.9592338069279989,-1.0
0.0342227382119745,0.011456499574705958,7,0.22851644805632532,0.0009814153420445555,1,30.333333651224773,1.9122953224182129,-1.0
0.0341822377871722,0.011970303393900395,8,0.23088665097020566,0.0009757729755661012,1,29.666666706403095,1.9097106965382893,-1.0
0.020394954644143582,0.011148131964728237,9,0.15782292280346155,0.0009694047112816298,1,31.99999992052714,1.828830771446228,-1.0
0.010236505465582014,0.007926482753828169,10,0.09095974685624242,0.0009623203685930871,1,32.666666984558105,1.7931700436274212,-1.0
0.024909194000065325,0.0053782933857291935,11,0.15161781501956284,0.0009545308710434153,1,36.00000015894572,1.7235307757059732,-1.0
0.03402139418758452,0.008277674438431859,12,0.21162638789974153,0.0009460482294732422,1,35.33333341280619,1.7268461068471272,-1.0
0.033922855323180554,0.010694321850314737,13,0.2232283188495785,0.0009368855235010348,1,36.5,1.7124448680877686,-1.0
0.03400488561019301,0.010738399624824525,14,0.22384430700913072,0.0009270568813552758,1,35.166666746139526,1.6851117022832234,-1.0
0.03411326319910586,0.011758722178637982,15,0.22948108706623316,0.0009165774580897602,1,39.66666694482168,1.6429484065373738,-1.0
0.0342521607875824,0.010957850189879537,16,0.226178877055645,0.0009054634122155992,1,40.00000035762787,1.6242736784617107,-1.0
0.03405976640060544,0.01068127597682178,17,0.223834432894364,0.0008937318807859689,1,37.833333333333336,1.6523352591196696,-1.0
0.03409957722760737,0.010527397179976106,18,0.22326604812406003,0.0008814009529720156,1,38.66666694482168,1.6185494057337444,-1.0
0.034061482176184654,0.010504507226869464,19,0.22296663117595017,0.0008684896421706646,1,41.833333571751915,1.5726801077524821,-1.0
0.03316857945173979,0.010161487944424152,20,0.21677624597214162,0.0008550178566873412,1,41.16666690508524,1.547977860768636,-1.0
0.010015319846570492,0.010709116142243147,21,0.10377422696910799,0.0008410063690388064,1,41.33333337306976,1.5431196657816568,-1.0
0.02127463216893375,0.0053955050185322765,22,0.1335325271356851,0.0008264767839234412,1,42.50000007947286,1.5187911224365234,-1.0
0.03397677280008793,0.004961642203852534,23,0.19482644484378397,0.000811451504908368,1,43.166666865348816,1.533172558148702,-1.0
0.03381640333682299,0.01141424705274403,24,0.22629399201832712,0.0007959536998847743,1,44.00000019868215,1.4480542786916097,-1.0
0.034237220603972676,0.010201120981946588,25,0.22232256294228137,0.0007800072653447032,1,43.33333361148834,1.493728388150533,-1.0
0.034108985727652905,0.010395250283181667,26,0.22265222505666316,0.0007636367895343947,1,43.666666746139526,1.462039737701416,-1.0
0.03380866418592632,0.011106768809258937,27,0.22472055908292532,0.0007468675145409928,1,49.50000019868215,1.390374903678894,-1.0
0.03402379103936255,0.010335196787491441,28,0.22192858811467886,0.0007297252973710758,1,43.166666746139526,1.442799555460612,-1.0
0.034211324201896785,0.010342503990978002,29,0.2229049529414624,0.0007122365700810271,1,49.50000003973643,1.3435786215464274,-1.0
0.03418987621553242,0.010427919402718543,30,0.2231999619398266,0.0006944282990207196,1,48.166666666666664,1.378837431271871,-1.0
0.034145562630146745,0.007818632386624813,31,0.20993356313556433,0.0006763279432533592,1,48.166667222976685,1.3671561606725058,-1.0
0.012434607651084662,0.010241086734458804,32,0.11352884699590504,0.0006579634122155992,1,47.833333571751915,1.3976068258285523,-1.0
0.009263193560764193,0.007193316239863634,33,0.08242525206878781,0.000639363022683212,1,49.16666682561239,1.3610786247253417,-1.0
0.03421997120603919,0.011643545189872383,34,0.22943305387161672,0.0006205554551086735,1,48.00000027815501,1.3494202899932861,-1.0
0.03401974500156939,0.007467555208131671,35,0.20756957004778087,0.0006015697093979838,1,50.66666650772095,1.3054398425420126,-1.0
0.034185991063714026,0.007729106768965721,36,0.20970584405586123,0.0005824350601949146,1,49.83333349227905,1.3295618438720702,-1.0
0.03390288315713406,0.011506819212809206,37,0.22718056896701455,0.0005631810117416299,1,53.5,1.2625326363245646,-1.0
0.03415937954559922,0.012353324657306075,38,0.23269725101999938,0.0005438372523852835,1,48.16666690508524,1.2953456735610962,-1.0
0.033908335771411655,0.011536481045186519,39,0.22735786298289895,0.0005244336088007391,1,51.83333388964335,1.2445886945724487,-1.0
0.03382152398116887,0.011121941637247801,40,0.2248480028938502,0.0005050000000000001,1,53.833333571751915,1.2579005750020344,-1.0
0.03402227540500462,0.01167464917525649,41,0.2286169610451907,0.0004855663911992613,1,52.16666706403097,1.225587738355001,-1.0
0.034200980048626664,0.007992569357156754,42,0.21110879792831838,0.00046616274761471693,1,52.00000023841858,1.253422950108846,-1.0
0.019664946012198925,0.011759587982669472,43,0.15724920900538564,0.00044681898825837057,1,52.49999992052714,1.2138939666748048,-1.0
0.010113117983564734,0.010826629819348454,44,0.10485031502321362,0.000427564939805086,1,55.49999992052714,1.2386376937230428,-1.0
0.03403123081661761,0.009851169819012285,45,0.21961376396939158,0.00040843029060201667,1,51.83333365122477,1.2136368481318156,-1.0
0.03393078469671309,0.010674118902534247,46,0.22316075093112886,0.000389444544891327,1,54.83333373069763,1.192902668317159,-1.0
0.0340462114661932,0.011392008140683174,47,0.2273249481804669,0.0003706369773167883,1,54.66666706403097,1.1627143303553262,-1.0
0.03402238381095231,0.011464556585997343,48,0.22756919194944203,0.0003520365877844012,1,59.33333349227905,1.1434378242492675,-1.0
0.03385124458000064,0.011767061380669474,49,0.228231759974733,0.0003336720567466412,1,55.1666667064031,1.1536665407816569,-1.0
0.033815803751349446,0.011594618670642376,50,0.2271949949208647,0.0003155717009792807,1,54.16666658719381,1.1649845838546753,-1.0
0.03392973048612476,0.01243581371381879,51,0.23196458513848484,0.00029776342991897335,1,59.166666746139526,1.1383019177118938,-1.0
0.03454742855392397,0.005069537879899144,52,0.19821718893945217,0.00028027470262892445,1,56.666667222976685,1.1081660477320354,-1.0
0.033976279431954026,0.010640238132327794,53,0.22321433410979807,0.0002631324854590073,1,56.166667222976685,1.1210006221135458,-1.0
0.020087470393627883,0.011804620828479528,54,0.15958928898908198,0.0002463632104656054,1,56.500000397364296,1.1389208984375,-1.0
0.008704925794154406,0.011781849013641477,55,0.10256520099937916,0.0002299927346552969,1,60.16666690508524,1.0599799251556397,-1.0
0.03361535994336009,0.005527760460972786,56,0.19585434789769351,0.00021404630011522587,1,57.66666714350382,1.1107264375686645,-1.0
0.033851586002856496,0.005281539401039481,57,0.1958002680912614,0.00019854849509163232,1,58.50000055631002,1.1126317008336386,-1.0
0.034561972785741094,0.005419036420062184,58,0.20003531011752784,0.00018352321607655918,1,59.83333349227905,1.0712250566482544,-1.0
0.0337396708317101,0.005322747165337205,59,0.195446701021865,0.00016899363096119395,1,61.16666714350382,1.0415830914179485,-1.0
0.034372244216501716,0.005432430189102888,60,0.19915731088258326,0.000154982143312659,1,57.83333388964335,1.0716472053527832,-1.0
0.033933281991630794,0.0055633031763136385,61,0.19761902000755072,0.0001415103578293356,1,58.833333810170494,1.0921937624613445,-1.0
0.03426390653476119,0.005097221024334431,62,0.19694412499666214,0.0001285990470279847,1,60.5,1.055271045366923,-1.0
0.03407029220834375,0.010556014580652117,63,0.22326626488938928,0.0001162681192140312,1,58.000000397364296,1.0462790822982788,-1.0
0.0341128256637603,0.010519990930333734,64,0.2233077969867736,0.00010453658778440107,1,60.66666650772095,1.072754793961843,-1.0
0.03459846954792738,0.005415767477825284,65,0.2002073680050671,9.342254191024022e-05,1,60.000000397364296,1.0357453187306722,-1.0
0.029661882622167467,0.005397384008392692,66,0.17542503378354013,8.294311864472437e-05,1,60.16666706403097,1.004079229036967,-1.0
0.009603849798440933,0.006143205612897873,67,0.07886644219979644,7.311447649896551e-05,1,61.66666650772095,1.0219155844052632,-1.0
0.009390905871987343,0.005748547939583659,68,0.07583210011944175,6.395177052675794e-05,1,61.33333341280619,1.0384612735112508,-1.0
0.0341603949200362,0.005405173683539033,69,0.1979524390771985,5.546912895658472e-05,1,61.16666650772095,1.0266773184140523,-1.0
0.033895652554929254,0.008934736251831055,70,0.21428289893083274,4.767963140691306e-05,1,61.000000635782875,1.024618379275004,-1.0
0.0341221496462822,0.007956304168328644,71,0.21053263801150024,4.059528871837034e-05,1,59.50000047683716,1.0354190540313721,-1.0
0.034176250593736766,0.010723233968019486,72,0.22463252395391464,3.4227024433899e-05,1,60.83333388964335,1.0134627532958984,-1.0
0.033971531642600895,0.011372483754530548,73,0.22685100184753537,2.8584657955444653e-05,1,63.00000031789144,0.9812254548072815,-1.0
0.033859474631026384,0.008446536771953107,74,0.21167108695954084,2.367688940315011e-05,1,61.833333810170494,1.0167519823710123,-1.0
0.03426210880279541,0.011302537377923727,75,0.22795817209407687,1.951128620040094e-05,1,62.50000007947286,1.0161119675636292,-1.0
0.03466334254480898,0.01209168964996934,76,0.23391712293960154,1.6094271405406862e-05,1,61.16666658719381,1.018584410349528,-1.0
0.03418230786919594,0.008072854159399867,77,0.21140653500333428,1.3431113807311488e-05,1,61.16666714350382,1.0018109464645386,-1.0
0.02693756646476686,0.00817448515444994,78,0.17569124302826822,1.1525919802101659e-05,1,60.50000007947286,1.017472653388977,-1.0
0.008830719627439976,0.01090101096779108,79,0.09879981400445104,1.0381627060842164e-05,1,62.00000047683716,0.9846914609273275,-1.0
0.023783629667013882,0.005593033926561475,80,0.14701817906461656,1e-05,1,62.16666714350382,1.024975804487864,-1.0
0.03871592254533122,0.02798876162463178,1,0.40036765299737453,0.000999618372939158,2,9.428571479661125,5.831646807534354,-1.0
0.033960849357148014,0.0071039294901614385,2,0.24651523190550506,0.0009984740801978985,2,15.571428716182709,3.180186722619193,-1.0
0.033888877097827695,0.00926401256583631,3,0.25904361600987613,0.0009965688861926887,2,19.571428622518265,2.3688155691964288,-1.0
0.03375506750307977,0.00989058850488315,4,0.2619992629624903,0.0009939057285945933,2,24.71428574834551,2.05290561744145,-1.0
0.03371456905733794,0.010167013620957732,5,0.26340039097703993,0.0009904887137995992,2,26.57142879281725,2.0162629059382846,-1.0
0.033938008438174926,0.00989560088297973,6,0.26311045815236866,0.00098632311059685,2,30.28571437086378,1.9473287521089826,-1.0
0.0337386685423553,0.010162817275462052,7,0.26351969107054174,0.0009814153420445555,2,31.85714295932225,1.8728558833258493,-1.0
0.009136686373191575,0.009968726468893388,8,0.1147541778627783,0.0009757729755661012,2,31.28571437086378,1.869019295828683,-1.0
0.02258404918635885,0.004926279342422883,9,0.16518203099258244,0.0009694047112816298,2,33.857142959322246,1.776695557321821,-1.0
0.03385559112454454,0.006496043875813484,10,0.24222001410089433,0.0009623203685930871,2,35.28571449007307,1.7423052958079748,-1.0
0.033976454520598054,0.008831605121182898,11,0.256960233906284,0.0009545308710434153,2,38.57142874172756,1.6884135866165162,-1.0
0.033692830513852336,0.010175524977967143,12,0.2633225000463426,0.0009460482294732422,2,37.7142859186445,1.6643302249908447,-1.0
0.033973360007318355,0.009723302481385568,13,0.26229955395683646,0.0009368855235010348,2,37.14285729612623,1.6478486851283483,-1.0
0.03396808262914419,0.010084051677646736,14,0.26442427188158035,0.0009270568813552758,2,40.714286020823884,1.5590318087169102,-1.0
0.03374143127196779,0.010157382891823849,15,0.26350691402330995,0.0009165774580897602,2,39.285714456013274,1.5707647030694145,-1.0
0.03371961733015875,0.01034366882716616,16,0.2644920749589801,0.0009054634122155992,2,40.42857161590031,1.5646068055289133,-1.0
0.029301264982980985,0.004795838186206917,17,0.20469362498261034,0.0008937318807859689,2,41.85714314665113,1.5470441538946968,-1.0
0.008222024965410432,0.009765789223213991,18,0.1080444201361388,0.0008814009529720156,2,43.857143078531536,1.5100794771739414,-1.0
0.03042156664499392,0.005087724848029514,19,0.2131746259983629,0.0008684896421706646,2,40.714285782405305,1.5194011892591204,-1.0
0.03386261903991302,0.004786894811938207,20,0.2320068757981062,0.0008550178566873412,2,43.28571459225246,1.4875645848682948,-1.0
0.033682597374233104,0.009241681468362609,21,0.2576586708892137,0.0008410063690388064,2,42.28571435383388,1.4656533936091831,-1.0
0.033877761491263904,0.009129495980838934,22,0.25815687398426235,0.0008264767839234412,2,46.85714299338205,1.4170875501632691,-1.0
0.03394294211951395,0.006523902217547099,23,0.24291109992191195,0.000811451504908368,2,47.142857449395315,1.4406904567990984,-1.0
0.033886887055511274,0.009658045445879301,24,0.2613820219412446,0.0007959536998847743,2,46.14285743236542,1.4286254249300276,-1.0
0.033864244973907866,0.009818960330449045,25,0.26221966091543436,0.0007800072653447032,2,46.714285714285715,1.4021788229261125,-1.0
0.03385879495181143,0.010172173730097711,26,0.26429385389201343,0.0007636367895343947,2,48.00000034059797,1.3350272001538959,-1.0
0.023632130508000653,0.009233870155488452,27,0.1973004499450326,0.0007468675145409928,2,48.14285727909633,1.3352637120655604,-1.0
0.008879001019522548,0.00944763181420664,28,0.1100661049131304,0.0007297252973710758,2,48.571428946086336,1.358181412560599,-1.0
0.03324202952596048,0.004889986982258658,29,0.22892651008442044,0.0007122365700810271,2,47.285714456013274,1.326802498953683,-1.0
0.0339069141773507,0.008696139828922847,30,0.25575173390097916,0.0006944282990207196,2,50.857142857142854,1.3055391168594361,-1.0
0.03375029043915371,0.010354617222522696,31,0.2647623240482062,0.0006763279432533592,2,50.285714456013274,1.3226178666523525,-1.0
0.03393315151333809,0.006357654502304892,32,0.2418968330603093,0.0006579634122155992,2,50.57142874172756,1.2969244820731027,-1.0
0.033890838346754514,0.006384977139532566,33,0.24178753118030727,0.000639363022683212,2,50.71428615706308,1.3083075366701398,-1.0
0.03389741515275091,0.006254534159476559,34,0.24104976211674511,0.0006205554551086735,2,50.28571466037205,1.2781293753215244,-1.0
0.03369343796900163,0.007536857000862558,35,0.24751763185486197,0.0006015697093979838,2,54.00000047683716,1.2541918775013514,-1.0
0.03377737962485602,0.006500637702022989,36,0.24179981090128422,0.0005824350601949146,2,52.7142858675548,1.2592958729607717,-1.0
0.02634225917669634,0.010130873648449779,37,0.2189715951681137,0.0005631810117416299,2,53.714285714285715,1.2101749345234463,-1.0
0.00882463347321997,0.009410535218194127,38,0.10954361991025507,0.0005438372523852835,2,55.28571466037205,1.2070660012108938,-1.0
0.03061109851114452,0.00486039649695158,39,0.21296499203890562,0.0005244336088007391,2,53.42857142857143,1.20034713608878,-1.0
0.03362159621125708,0.006532930807831387,40,0.24106031004339457,0.0005050000000000001,2,53.857143129621235,1.1914894996370589,-1.0
0.033739311659398176,0.009833964325177172,41,0.26156893791630864,0.0004855663911992613,2,53.857142959322246,1.1990953935895647,-1.0
0.03389871752976129,0.00763169361744076,42,0.2493153060786426,0.00046616274761471693,2,54.57142867360796,1.174770919254848,-1.0
0.033834323519840837,0.008851623473068079,43,0.2562538681086153,0.00044681898825837057,2,57.142857210976736,1.1209182337352208,-1.0
0.03383344850347688,0.008983380161225796,44,0.2570369050372392,0.000427564939805086,2,58.57142891202654,1.1098655251094274,-1.0
0.03393721836619079,0.010316605640885731,45,0.26565473014488816,0.00040843029060201667,2,57.85714323180063,1.1217437165124076,-1.0
0.03381250278713802,0.010215785393180946,46,0.26430760510265827,0.000389444544891327,2,58.571429116385325,1.0988384328569685,-1.0
0.020956905364679795,0.009826128332254788,47,0.18482970795594156,0.0003706369773167883,2,59.28571459225246,1.0838550431387766,-1.0
0.008944971137680113,0.008873696865824362,48,0.10704411519691348,0.0003520365877844012,2,57.57142877578735,1.0978443499973842,-1.0
0.03333958960138261,0.00438261404633522,49,0.22646757191978395,0.0003336720567466412,2,58.28571435383388,1.102200301715306,-1.0
0.033929248650868736,0.004844559162544708,50,0.2327853988390416,0.0003155717009792807,2,57.285714524132864,1.0581006274904523,-1.0
0.033827104954980314,0.009841170355988046,51,0.262139594880864,0.00029776342991897335,2,59.71428581646511,1.088278806550162,-1.0
0.03372806562886884,0.0065778128725166125,52,0.24197503901086748,0.00028027470262892445,2,62.4285717351096,1.0368051794597082,-1.0
0.03368297483151158,0.00982389315807571,53,0.2611743768211454,0.0002631324854590073,2,61.57142877578735,1.0193050336837768,-1.0
0.03383598616346717,0.01018476280538986,54,0.26425599004141986,0.0002463632104656054,2,62.42857190540859,1.0231802320480348,-1.0
0.03366723839038362,0.011570663618234297,55,0.27156115090474486,0.0002299927346552969,2,62.00000034059797,1.026032141957964,-1.0
0.03385405541242411,0.00656427276165535,56,0.24264479894191027,0.00021404630011522587,2,63.142857210976736,0.9790133241244725,-1.0
0.019025011531387765,0.009915432776324451,57,0.17376889404840767,0.00019854849509163232,2,60.00000023841858,1.0417023025240217,-1.0
0.008412933520351848,0.0083535131222258,58,0.10072823287919164,0.00018352321607655918,2,62.142857687813894,1.0042910344260079,-1.0
0.03341248712968081,0.0045285935436065,59,0.22779849008657038,0.00016899363096119395,2,59.285714626312256,1.020243958745684,-1.0
0.03391191017969201,0.004869933822192252,60,0.23281830293126404,0.000154982143312659,2,63.28571466037205,0.9889496326446533,-1.0
0.03376392946423342,0.004471339867450297,61,0.22953717387281358,0.0001415103578293356,2,62.85714292526245,0.9824298810958862,-1.0
0.03397807696213325,0.00445961420579503,62,0.2307419090066105,0.0001285990470279847,2,62.4285718032292,0.9836418165479388,-1.0
0.033911765087395906,0.00455600256100297,63,0.23091852199286222,0.0001162681192140312,2,62.000000204358784,0.9408706304005214,-1.0
0.033890127980460726,0.0045537860520804925,64,0.230777895078063,0.00010453658778440107,2,63.857142959322246,0.9596639047350203,-1.0
0.03397944938236227,0.004307485806445281,65,0.22983283689245582,9.342254191024022e-05,2,65.71428602082389,0.9398108853612628,-1.0
0.03388257778715342,0.010022062536639472,66,0.26353950798511505,8.294311864472437e-05,2,62.28571449007307,0.9365174017633711,-1.0
0.033978162527394794,0.009057001792825758,67,0.2583254270721227,7.311447649896551e-05,2,65.28571445601327,0.953987547329494,-1.0
0.009804080512064198,0.00902060450365146,68,0.11306830891408026,6.395177052675794e-05,2,64.71428612300328,0.9422067822728838,-1.0
0.009191374255654713,0.004374066406550507,69,0.081498091109097,5.546912895658472e-05,2,64.57142880984715,0.9443968643460955,-1.0
0.033222765273724995,0.004330227733589709,70,0.22543258918449283,4.767963140691306e-05,2,64.85714312962124,0.9239594064440046,-1.0
0.03388681681826711,0.008736814527461926,71,0.25585017912089825,4.059528871837034e-05,2,65.4285717351096,0.9037389445304871,-1.0
0.03378207178320736,0.009893225195507208,72,0.2621705799829215,3.4227024433899e-05,2,68.14285744939532,0.8971511401448931,-1.0
0.03390268205354611,0.0066119707965602475,73,0.24319972400553524,2.8584657955444653e-05,2,66.00000044277736,0.9191016108649117,-1.0
0.0339668330270797,0.008703309654568633,74,0.25613224203698337,2.367688940315011e-05,2,65.28571459225246,0.9214269372395106,-1.0
0.03373300423845649,0.009271918951223293,75,0.25813914299942553,1.951128620040094e-05,2,67.28571472849164,0.8890848660469055,-1.0
0.03371864646517982,0.009181016706861556,76,0.2575288540683687,1.6094271405406862e-05,2,63.571428877966746,0.9434402704238891,-1.0
0.033651704977576934,0.009637549170292914,77,0.25985928904265165,1.3431113807311488e-05,2,63.28571449007307,0.9265703524862017,-1.0
0.01680223911534995,0.009263134406258663,78,0.15649680700153112,1.1525919802101659e-05,2,67.71428608894348,0.9029429912567138,-1.0
0.007921054144389927,0.008804079843685031,79,0.10045247594825923,1.0381627060842164e-05,2,63.428571939468384,0.9490582261766706,-1.0
0.03358027870611598,0.004607302641185622,80,0.2292504741344601,1e-05,2,67.85714329992022,0.9204885121754237,-1.0
0.03832244127988815,0.022674989121566926,1,0.42714528599753976,0.000999618372939158,3,14.5,6.141145477294922,-1.0
0.0340741210550602,0.006786211792911802,2,0.2863120820838958,0.0009984740801978985,3,11.625,3.296534118652344,-1.0
0.03474558510684541,0.008991673488968186,3,0.3062954710330814,0.0009965688861926887,3,18.25,2.3420648193359375,-1.0
0.034395277400368025,0.003813762018190963,4,0.26760628004558384,0.0009939057285945933,3,20.5,2.1510775756835936,-1.0
0.033660612268639464,0.007616156013682485,5,0.2890752630773932,0.0009904887137995992,3,22.0,2.0843426513671877,-1.0
0.0343633573169687,0.008500133408233523,6,0.3001927260775119,0.00098632311059685,3,23.375,2.0528167724609374,-1.0
0.01363173030715968,0.007604500112522926,7,0.1487832060083747,0.0009814153420445555,3,26.25,2.019357147216797,-1.0
0.00818148158889796,0.006141564975093518,8,0.10038527101278305,0.0009757729755661012,3,28.125,1.9855455017089845,-1.0
0.03348577042509403,0.0038402045611292124,9,0.2614116379991174,0.0009694047112816298,3,30.25,1.9484635925292968,-1.0
0.03374374777610813,0.004051074651735169,10,0.26469999994151294,0.0009623203685930871,3,28.875,1.9385150146484376,-1.0
0.03364218658368502,0.008228697714262776,11,0.29322894802317023,0.0009545308710434153,3,29.375,1.9066000366210938,-1.0
0.034474704980051944,0.008998667023011617,12,0.3044415540061891,0.0009460482294732422,3,29.625,1.8671438598632812,-1.0
0.03398478703041162,0.007919147976541094,13,0.29346226691268384,0.0009368855235010348,3,29.375,1.8619863891601562,-1.0
0.03449342290072569,0.007774257533518332,14,0.2960078630130738,0.0009270568813552758,3,33.625,1.798948745727539,-1.0
0.03369414294138551,0.009497396348576461,15,0.30247362283989787,0.0009165774580897602,3,34.5,1.7621482849121093,-1.0
0.015396718900384647,0.008386494392263038,16,0.1666086409240961,0.0009054634122155992,3,35.625,1.7532975769042969,-1.0
0.008368400324668204,0.005926471669226885,17,0.1001931659411639,0.0008937318807859689,3,37.875,1.694346694946289,-1.0
0.03337777711983238,0.0037440110131033827,18,0.25999087397940457,0.0008814009529720156,3,35.5,1.708531379699707,-1.0
0.03362919044281755,0.0037431328424385618,19,0.26175301196053624,0.0008684896421706646,3,40.125,1.688427391052246,-1.0
0.03397626689236079,0.00898883368686906,20,0.30090402509085834,0.0008550178566873412,3,36.625,1.7087898254394531,-1.0
0.03387545664528651,0.008339292635875089,21,0.29563676402904093,0.0008410063690388064,3,38.75,1.6401983642578124,-1.0
0.033605102150301845,0.008585782987730843,22,0.29547997983172536,0.0008264767839234412,3,36.875,1.648519515991211,-1.0
0.033789192392889945,0.008111848163285426,23,0.2934176579583436,0.000811451504908368,3,38.5,1.6348083877563477,-1.0
0.03383177325927785,0.0077428807437952074,24,0.29113497491925955,0.0007959536998847743,3,40.25,1.6035317230224608,-1.0
0.016923180116074427,0.008787719898724131,25,0.18007941381074488,0.0007800072653447032,3,43.0,1.5248347473144532,-1.0
0.00838444581521409,0.007134582747572235,26,0.10873728501610458,0.0007636367895343947,3,44.25,1.5170637130737306,-1.0
0.033565368968993425,0.005441212594243032,27,0.27315522311255336,0.0007468675145409928,3,43.75,1.5287405586242675,-1.0
0.03377522458322346,0.0057083784070398125,28,0.27649649581871927,0.0007297252973710758,3,45.0,1.490448112487793,-1.0
0.03384108758265419,0.008217420828129565,29,0.2945203138515353,0.0007122365700810271,3,43.75,1.4962972259521485,-1.0
0.03376265744944768,0.0078082726935723,30,0.2911142569500953,0.0006944282990207196,3,46.875,1.4471510696411132,-1.0
0.03374198132327625,0.008314690386344279,31,0.2945061649661511,0.0006763279432533592,3,44.5,1.4532208824157715,-1.0
0.03378121212257871,0.007842579989561014,32,0.29147703014314175,0.0006579634122155992,3,45.375,1.422901554107666,-1.0
0.03368216663199876,0.007596769935584494,33,0.2890639412216842,0.000639363022683212,3,45.5,1.443009490966797,-1.0
0.01547850831411779,0.00906648297261979,34,0.17191838310100138,0.0006205554551086735,3,45.625,1.4057597732543945,-1.0
0.00986495301393526,0.007005287267799888,35,0.1182211849372834,0.0006015697093979838,3,46.5,1.4144747543334961,-1.0
0.034456865662442784,0.005782677625705089,36,0.2818445130251348,0.0005824350601949146,3,47.625,1.3967035484313965,-1.0
0.03369213707212891,0.0047058064956218,37,0.26896139699965715,0.0005631810117416299,3,49.75,1.3513655471801758,-1.0
0.03384731989353895,0.003668245393782854,38,0.2627592410426587,0.0005438372523852835,3,48.625,1.3707091903686524,-1.0
0.03378979981477771,0.0062575143362794605,39,0.2804860700853169,0.0005244336088007391,3,49.0,1.3519403839111328,-1.0
0.03406320515620921,0.0056113074201026136,40,0.2778752369340509,0.0005050000000000001,3,48.0,1.3615165615081788,-1.0
0.03431327281785863,0.008884806751406618,41,0.302548989886418,0.0004855663911992613,3,50.0,1.309773006439209,-1.0
0.03404360853268632,0.008951286885089107,42,0.30109603493474424,0.00046616274761471693,3,48.625,1.3245489883422852,-1.0
0.023598460414047753,0.00616759031877986,43,0.20848773093894124,0.00044681898825837057,3,52.5,1.2767454147338868,-1.0
0.009519720017643911,0.008680820997272218,44,0.12754226219840348,0.000427564939805086,3,50.875,1.300769100189209,-1.0
0.033794626161190014,0.00418710768488901,45,0.2660111638251692,0.00040843029060201667,3,52.25,1.2833662986755372,-1.0
0.03370137715579143,0.00696144625544548,46,0.28477536607533693,0.000389444544891327,3,51.125,1.3012752532958984,-1.0
0.0336434082793338,0.0037042405788919757,47,0.26156992511823773,0.0003706369773167883,3,50.75,1.286747989654541,-1.0
0.03380167547480336,0.0038204854021647145,48,0.26349614607170224,0.0003520365877844012,3,52.125,1.23606689453125,-1.0
0.03388175800708788,0.008311156848711627,49,0.2954923438373953,0.0003336720567466412,3,53.375,1.2451031303405762,-1.0
0.0341488005526896,0.007614099021468844,50,0.29247913393191993,0.0003155717009792807,3,55.0,1.1771084594726562,-1.0
0.03402884464178767,0.008105493084128414,51,0.29507951089181006,0.00029776342991897335,3,52.75,1.2202622985839844,-1.0
0.023297150253451297,0.007886724446767144,52,0.21841219905763865,0.00028027470262892445,3,53.375,1.2228879356384277,-1.0
0.011114373137908322,0.006492125302819269,53,0.1233949619345367,0.0002631324854590073,3,54.0,1.2306132125854492,-1.0
0.03365993785804936,0.007300691845427666,54,0.28688773000612855,0.0002463632104656054,3,55.25,1.190805435180664,-1.0
0.033694264445719976,0.0035334646901381867,55,0.26072889496572316,0.0002299927346552969,3,55.375,1.1771953392028809,-1.0
0.033818823152354786,0.008274662574487073,56,0.29478899110108614,0.00021404630011522587,3,55.125,1.1707437133789063,-1.0
0.03383308968373707,0.005651043328855719,57,0.27652210905216634,0.00019854849509163232,3,54.25,1.1748739051818848,-1.0
0.034108738148851056,0.0075550815755767485,58,0.2917806177865714,0.00018352321607655918,3,56.25,1.174832248687744,-1.0
0.03406997780049486,0.00563862148140158,59,0.2780934232287109,0.00016899363096119395,3,57.0,1.1678832054138184,-1.0
0.03392348228953779,0.008167043727423464,60,0.29478519782423973,0.000154982143312659,3,56.875,1.1686239433288574,-1.0
0.021980891403342997,0.008522717016083854,61,0.21366057987324893,0.0001415103578293356,3,55.25,1.1666527938842775,-1.0
0.008574210972126042,0.0070339116001767775,62,0.10939193912781775,0.0001285990470279847,3,57.125,1.136551513671875,-1.0
0.03344340372963676,0.0036539861134120394,63,0.2598257130011916,0.0001162681192140312,3,57.0,1.1379660415649413,-1.0
0.03368994873017073,0.004570753845785346,64,0.26796431583352387,0.00010453658778440107,3,56.875,1.134757537841797,-1.0
0.03377731287452791,0.007831686974636145,65,0.29139462509192526,9.342254191024022e-05,3,59.125,1.1420958709716797,-1.0
0.033916699600272944,0.007591042534581253,66,0.2906884541735053,8.294311864472437e-05,3,56.25,1.1426745986938476,-1.0
0.03386930223288281,0.005631682496251804,67,0.2766365159768611,7.311447649896551e-05,3,59.375,1.1095388317108155,-1.0
0.03391507331148854,0.007536442118829915,68,0.29029424698092043,6.395177052675794e-05,3,61.125,1.0553233909606934,-1.0
0.03387577329496188,0.005793073281113591,69,0.277816355926916,5.546912895658472e-05,3,60.625,1.055839786529541,-1.0
0.028419170129512037,0.005768322153016925,70,0.23944110702723265,4.767963140691306e-05,3,58.75,1.0916537284851073,-1.0
0.008792994277817863,0.007738127439681973,71,0.11582776485010982,4.059528871837034e-05,3,59.125,1.071569290161133,-1.0
0.032384201019470184,0.0037479889911732505,72,0.2530433051288128,3.4227024433899e-05,3,59.0,1.0853448390960694,-1.0
0.03373587630423052,0.005721236279766474,73,0.27632547402754426,2.8584657955444653e-05,3,56.625,1.1212564849853515,-1.0
0.03363128658384085,0.007408517113487635,74,0.28738833917304873,2.367688940315011e-05,3,60.75,1.0848423099517823,-1.0
0.033831600731770904,0.007419522286259702,75,0.2888663930352777,1.951128620040094e-05,3,62.0,1.0746250438690186,-1.0
0.03371112544222602,0.007495306698339326,76,0.2885590752121061,1.6094271405406862e-05,3,58.0,1.1180904197692871,-1.0
0.03381507311548505,0.008937929191493563,77,0.2993807790335268,1.3431113807311488e-05,3,59.0,1.1054585075378418,-1.0
0.03380199069423335,0.008112697462950434,78,0.293528274865821,1.1525919802101659e-05,3,58.375,1.0814623069763183,-1.0
0.02296876361859696,0.008421065518632531,79,0.2198480621445924,1.0381627060842164e-05,3,57.0,1.1234736633300781,-1.0
0.008003225849409188,0.007544454286939332,80,0.10893831704743207,1e-05,3,60.0,1.0615538120269776,-1.0
0.0384770457749255,0.01995767035987228,1,0.46762679098173976,0.000999618372939158,4,15.222222222222221,5.4714021131727435,-1.0
0.03386492017307319,0.005763962079072371,2,0.3171685829292983,0.0009984740801978985,4,13.777777777777779,2.7469669596354165,-1.0
0.033696248749038205,0.006846030271844938,3,0.32446861709468067,0.0009965688861926887,4,16.88888888888889,2.2881431749131944,-1.0
0.03391065850155428,0.007825927226804197,4,0.3340353190433234,0.0009939057285945933,4,22.77777777777778,2.1595741102430557,-1.0
0.03408437650068663,0.007378924638032913,5,0.33184105018153787,0.0009904887137995992,4,20.0,2.1280213758680557,-1.0
0.02401882500271313,0.006794619868742302,6,0.2466141281183809,0.00098632311059685,4,23.11111111111111,2.097095675998264,-1.0
0.008478062140056863,0.005433718382846564,7,0.11139804893173277,0.0009814153420445555,4,24.88888888888889,2.0818771701388887,-1.0
0.03386544392560609,0.0038357295852620155,8,0.30174702405929565,0.0009757729755661012,4,24.77777777777778,2.0754770236545137,-1.0
0.0340089196106419,0.005025454389397055,9,0.3124129681382328,0.0009694047112816298,4,26.333333333333332,2.0157743326822914,-1.0
0.03395793336676434,0.005085345241241157,10,0.31247488991357386,0.0009623203685930871,4,26.22222222222222,2.0019049750434026,-1.0
0.03348773226025514,0.0033344186085741967,11,0.29470876208506525,0.0009545308710434153,4,26.333333333333332,1.9827435980902777,-1.0
0.03393327270168811,0.0049667862767819315,12,0.31133075593970716,0.0009460482294732422,4,26.666666666666668,1.9810146755642362,-1.0
0.03406521846773103,0.00743931601755321,13,0.3321663299575448,0.0009368855235010348,4,28.0,1.9523881022135416,-1.0
0.033469448011601344,0.006052961369277909,14,0.3163090688176453,0.0009270568813552758,4,27.11111111111111,1.9780122884114584,-1.0
0.008781982731306925,0.006930743023985997,15,0.12583229085430503,0.0009165774580897602,4,27.333333333333332,1.93653564453125,-1.0
0.03249594784574583,0.003920432267477736,16,0.29144681501202285,0.0009054634122155992,4,28.22222222222222,1.9212186686197916,-1.0
0.0337502128968481,0.007664458127692342,17,0.3314339208882302,0.0008937318807859689,4,31.444444444444443,1.8964520941840277,-1.0
0.03388565580826253,0.006594374048290774,18,0.32395367813296616,0.0008814009529720156,4,28.444444444444443,1.91207763671875,-1.0
0.033604802505578846,0.0077156443730928,19,0.3306870188098401,0.0008684896421706646,4,27.555555555555557,1.9155465359157986,-1.0
0.033586109639145434,0.0032649388595018536,20,0.29492204799316823,0.0008550178566873412,4,31.444444444444443,1.8582036675347222,-1.0
0.03375153613160364,0.006842550355941057,21,0.3248642780818045,0.0008410063690388064,4,31.333333333333332,1.855267605251736,-1.0
0.030842261505313218,0.007886969862738624,22,0.30994075001217425,0.0008264767839234412,4,31.22222222222222,1.8217237684461804,-1.0
0.008374252531211823,0.007191553333541378,23,0.1246326151303947,0.000811451504908368,4,32.0,1.8229665798611112,-1.0
0.033402836619643494,0.0038513157633133233,24,0.29814903112128377,0.0007959536998847743,4,30.555555555555557,1.8357200792100694,-1.0
0.03361107228556648,0.006960085331229493,25,0.32467921497300267,0.0007800072653447032,4,31.333333333333332,1.8339000108506944,-1.0
0.033781855570850894,0.0049790607881732285,26,0.31020258413627744,0.0007636367895343947,4,31.88888888888889,1.8128755696614582,-1.0
0.033713718032231554,0.005004696489777416,27,0.30987350293435156,0.0007468675145409928,4,33.111111111111114,1.7919086371527777,-1.0
0.033609444857575,0.007374352018814534,28,0.3279863279312849,0.0007297252973710758,4,33.666666666666664,1.80466064453125,-1.0
0.033618343353737146,0.00762155550182797,29,0.3300381989683956,0.0007122365700810271,4,33.333333333333336,1.784110107421875,-1.0
0.03059170753112994,0.007216608966700733,30,0.3025772881228477,0.0006944282990207196,4,33.55555555555556,1.768412136501736,-1.0
0.008244600758189335,0.0066752698621712625,31,0.1194722328800708,0.0006763279432533592,4,33.22222222222222,1.7598099093967015,-1.0
0.03299589303787798,0.003611372987506911,32,0.292972297873348,0.0006579634122155992,4,35.55555555555556,1.7546723090277778,-1.0
0.03355604349053465,0.0068641199031844735,33,0.323476379038766,0.000639363022683212,4,34.333333333333336,1.7272941080729167,-1.0
0.03361971824779175,0.007961167022585869,34,0.33275820687413216,0.0006205554551086735,4,36.333333333333336,1.7201649305555555,-1.0
0.033657006337307394,0.007336823648074642,35,0.3280615648254752,0.0006015697093979838,4,33.22222222222222,1.7487910970052083,-1.0
0.03379961178870872,0.008584344701375812,36,0.33918187697418034,0.0005824350601949146,4,35.888888888888886,1.7139360894097222,-1.0
0.03369974784436636,0.004987253283616155,37,0.3096058110240847,0.0005631810117416299,4,36.111111111111114,1.7069923231336805,-1.0
0.02736331825144589,0.0074261467379983515,38,0.2784332560840994,0.0005438372523852835,4,36.77777777777778,1.6890850151909722,-1.0
0.007971070532221347,0.0075416379841044545,39,0.12421294301748276,0.0005244336088007391,4,36.111111111111114,1.6831382242838542,-1.0
0.03359081078087911,0.004806914075743407,40,0.3073047921061516,0.0005050000000000001,4,37.22222222222222,1.6546268717447916,-1.0
0.03374992523458786,0.006643075757892802,41,0.3232537619769573,0.0004855663911992613,4,37.77777777777778,1.6596065945095486,-1.0
0.03357940862770192,0.007885983883170411,42,0.33183487597852945,0.00046616274761471693,4,36.55555555555556,1.6826896158854168,-1.0
0.033780527068302035,0.007774864818202332,43,0.33255635295063257,0.00044681898825837057,4,36.77777777777778,1.670569322374132,-1.0
0.033609027886996046,0.007205906236777082,44,0.32663183007389307,0.000427564939805086,4,38.111111111111114,1.656945326063368,-1.0
0.03391956991981715,0.008404212712775916,45,0.33870832715183496,0.00040843029060201667,4,36.666666666666664,1.64764404296875,-1.0
0.023675795877352357,0.005150115874130279,46,0.23072009207680821,0.000389444544891327,4,36.666666666666664,1.6552951388888888,-1.0
0.008053576108068228,0.0064215268939733505,47,0.11591276107355952,0.0003706369773167883,4,37.55555555555556,1.6329583740234375,-1.0
0.0336032269988209,0.0034406136255711317,48,0.29646750912070274,0.0003520365877844012,4,40.0,1.6240747748480904,-1.0
0.033659613894997165,0.0073429841140750796,49,0.32813240005634725,0.0003336720567466412,4,37.111111111111114,1.615108167860243,-1.0
0.0336521866847761,0.005348380305804312,50,0.3121166031342,0.0003155717009792807,4,38.333333333333336,1.5869854058159722,-1.0
0.03407094714930281,0.007804530090652406,51,0.3351154951378703,0.00029776342991897335,4,37.888888888888886,1.605471394856771,-1.0
0.03407491435064003,0.008395874145207927,52,0.3398827619384974,0.00028027470262892445,4,40.55555555555556,1.586053992377387,-1.0
0.033701883105095476,0.00825070301652886,53,0.33573075314052403,0.0002631324854590073,4,40.44444444444444,1.5861365085177952,-1.0
0.023206609446788207,0.006938564794836566,54,0.24126687203533947,0.0002463632104656054,4,37.22222222222222,1.6237830946180556,-1.0
0.008273844752693549,0.006271778605878353,55,0.11647168593481183,0.0002299927346552969,4,38.888888888888886,1.6034156290690105,-1.0
0.03394343875697814,0.003797482990194112,56,0.3020750139839947,0.00021404630011522587,4,41.111111111111114,1.5764520263671875,-1.0
0.03385838062968105,0.006583485985174775,57,0.3236600789241493,0.00019854849509163232,4,41.0,1.5930810885959201,-1.0
0.03390549888717942,0.007385508855804801,58,0.3304539800155908,0.00018352321607655918,4,40.888888888888886,1.5822746446397569,-1.0
0.033964311092859134,0.0031649854208808392,59,0.29717408982105553,0.00016899363096119395,4,40.666666666666664,1.521531982421875,-1.0
0.03386492934077978,0.007744028902379796,60,0.3330027509946376,0.000154982143312659,4,42.77777777777778,1.5251877848307291,-1.0
0.033981351618422195,0.008351285621756688,61,0.338794216979295,0.0001415103578293356,4,39.77777777777778,1.556767578125,-1.0
0.02539968560449779,0.00789388464181684,62,0.2664759319741279,0.0001285990470279847,4,42.55555555555556,1.5449308946397569,-1.0
0.008690105489222333,0.005101771763293073,63,0.11046186718158424,0.0001162681192140312,4,39.111111111111114,1.5731743706597223,-1.0
0.03341419174103066,0.00401937376591377,64,0.299608452944085,0.00010453658778440107,4,42.111111111111114,1.5332488335503471,-1.0
0.034008702903520316,0.00496116085560061,65,0.31189023586921394,9.342254191024022e-05,4,41.44444444444444,1.526232672797309,-1.0
0.033978382823988795,0.006854597566416487,66,0.32679880410432816,8.294311864472437e-05,4,41.666666666666664,1.512993401421441,-1.0
0.034216212516184896,0.007550607871962711,67,0.33426610892638564,7.311447649896551e-05,4,43.888888888888886,1.517340596516927,-1.0
0.033873628126457334,0.007636898983037099,68,0.3322115570772439,6.395177052675794e-05,4,43.55555555555556,1.5012586805555554,-1.0
0.03398122623912059,0.007857192395022139,69,0.3348348690196872,5.546912895658472e-05,4,43.666666666666664,1.4699207221137154,-1.0
0.02542781046940945,0.007736003142781556,70,0.2654374490957707,4.767963140691306e-05,4,41.333333333333336,1.5212715996636286,-1.0
0.008237103960709646,0.006790382059989497,71,0.12034412380307913,4.059528871837034e-05,4,43.44444444444444,1.5043558756510416,-1.0
0.0339907655143179,0.0030787741125095636,72,0.2966843880712986,3.4227024433899e-05,4,43.44444444444444,1.4986997816297742,-1.0
0.03392940168851055,0.006405328953405842,73,0.32280683680437505,2.8584657955444653e-05,4,44.44444444444444,1.475626254611545,-1.0
0.03383748809574172,0.007853219518437982,74,0.33365542395040393,2.367688940315011e-05,4,43.0,1.5237860785590278,-1.0
0.03407368311309256,0.004930725524900481,75,0.31216837698593736,1.951128620040094e-05,4,40.888888888888886,1.5168226793077257,-1.0
0.033983088011154905,0.007084924989612773,76,0.3286751890555024,1.6094271405406862e-05,4,42.333333333333336,1.508384992811415,-1.0
0.033880991162732244,0.008268406963907182,77,0.3373292039614171,1.3431113807311488e-05,4,41.77777777777778,1.5331635538736978,-1.0
0.02474837173940614,0.007796691119438037,78,0.26048560882918537,1.1525919802101659e-05,4,43.22222222222222,1.5239971584743923,-1.0
0.008443072583759204,0.007334055291721597,79,0.126346074976027,1.0381627060842164e-05,4,42.22222222222222,1.5113995022243925,-1.0
0.03395007536164485,0.00529667001683265,80,0.3141104062087834,1e-05,4,43.55555555555556,1.4898383585611978,-1.0
0.0377505568030756,0.02117271881434135,1,0.47154612303711474,0.000999618372939158,5,14.700000017881393,5.8972481269836425,-1.0
0.03419717508950271,0.0036222235357854515,2,0.3027258429210633,0.0009984740801978985,5,13.500000107288361,2.675151542663574,-1.0
0.03424689918756485,0.0036994463007431477,3,0.3036892400123179,0.0009965688861926887,5,22.00000003576279,2.157961307525635,-1.0
0.03427907609147951,0.008112915646051988,4,0.3392560330685228,0.0009939057285945933,5,27.500000071525573,2.011729009628296,-1.0
0.03411647884058766,0.007440636894898489,5,0.33257296797819436,0.0009904887137995992,5,27.10000021457672,1.9863824558258056,-1.0
0.027843623334774747,0.007386568788206205,6,0.28195627802051604,0.00098632311059685,5,29.100000143051147,1.924410761833191,-1.0
0.00829370433348231,0.007917890790849924,7,0.12980782287195325,0.0009814153420445555,5,31.500000047683717,1.8974332942962646,-1.0
0.034013494121609256,0.003912896878318861,8,0.3035570359788835,0.0009757729755661012,5,32.30000002384186,1.842479253768921,-1.0
0.0342383120150771,0.006530447251861915,9,0.3263127258978784,0.0009694047112816298,5,33.70000026226044,1.8093476552963257,-1.0
0.034107907616999,0.00688213188550435,10,0.32804736495018005,0.0009623203685930871,5,33.9000002861023,1.790564824104309,-1.0
0.03419233829481527,0.005224446591455489,11,0.31546211894601583,0.0009545308710434153,5,34.30000011920929,1.7744058818817139,-1.0
0.03438305665622465,0.007419710949761793,12,0.33455249504186213,0.0009460482294732422,5,35.50000028610229,1.730316710472107,-1.0
0.03419554699212313,0.008313773025292903,13,0.3402032421436161,0.0009368855235010348,5,37.30000014305115,1.6705780057907105,-1.0
0.027812857704702765,0.004906720045255497,14,0.2618816781323403,0.0009270568813552758,5,39.4000002861023,1.643365785598755,-1.0
0.008809516177279875,0.007179141801316291,15,0.1280385060235858,0.0009165774580897602,5,36.00000023841858,1.6656100482940674,-1.0
0.034033170115435496,0.0033992511162068695,16,0.2995938810054213,0.0009054634122155992,5,39.10000028610229,1.614011444091797,-1.0
0.034191763086710125,0.0037620671500917524,17,0.3037561899982393,0.0008937318807859689,5,41.00000011920929,1.559580807685852,-1.0
0.034344832733040676,0.006099317135522142,18,0.3236841540783644,0.0008814009529720156,5,41.50000021457672,1.5423952083587646,-1.0
0.03427578986156732,0.007502950029447675,19,0.3343609238509089,0.0008684896421706646,5,41.80000014305115,1.5281832008361815,-1.0
0.03434680451755412,0.007694829982938245,20,0.3364684779662639,0.0008550178566873412,5,42.00000007152558,1.5578808689117432,-1.0
0.03419447995838709,0.0060479781532194465,21,0.32207002001814544,0.0008410063690388064,5,44.200000047683716,1.479569818496704,-1.0
0.031283265503589064,0.005109856749186292,22,0.2912674502003938,0.0008264767839234412,5,43.60000028610229,1.460638747215271,-1.0
0.008938885264797136,0.006989589484874159,23,0.12755156308412552,0.000811451504908368,5,47.400000429153444,1.439260012626648,-1.0
0.03403164219344035,0.0036629745445679873,24,0.3016851549036801,0.0007959536998847743,5,46.69999990463257,1.4244631385803224,-1.0
0.03409144526813179,0.0033429710019845515,25,0.2995845330879092,0.0007800072653447032,5,46.80000016689301,1.407287317276001,-1.0
0.03460178000386804,0.003643912263214588,26,0.30608166102319956,0.0007636367895343947,5,45.00000007152558,1.4326158180236817,-1.0
0.03430950196343474,0.0033698372717481107,27,0.3015484041534364,0.0007468675145409928,5,46.3,1.4025279178619385,-1.0
0.03435922984499484,0.008004423027159646,28,0.3390205390751362,0.0007297252973710758,5,48.90000023841858,1.4177594413757324,-1.0
0.03431460325373337,0.007475391757907346,29,0.3344321269541979,0.0007122365700810271,5,47.30000009536743,1.3748554048538209,-1.0
0.034164645010605454,0.00722909061005339,30,0.3312633640598506,0.0006944282990207196,5,49.70000021457672,1.3420295572280885,-1.0
0.009337484632851556,0.006174568232381716,31,0.1242085408885032,0.0006763279432533592,5,48.50000028610229,1.3572078857421874,-1.0
0.029592203005449846,0.003997027757577598,32,0.26883070007897913,0.0006579634122155992,5,50.70000014305115,1.3099483280181885,-1.0
0.034381906647467986,0.006130170600954443,33,0.3242114200256765,0.000639363022683212,5,49.60000038146973,1.3154550924301147,-1.0
0.034151693660533056,0.006444824830396101,34,0.32488427497446537,0.0006205554551086735,5,51.600000166893004,1.2520391902923584,-1.0
0.03392380473087542,0.0038974378840066493,35,0.30269421613775194,0.0006015697093979838,5,51.40000023841858,1.2657204875946044,-1.0
0.034167411911766976,0.0037955445877742022,36,0.30381469801068306,0.0005824350601949146,5,50.700000166893005,1.2849441795349121,-1.0
0.03413916114368476,0.006440145603846759,37,0.32475234009325504,0.0005631810117416299,5,49.90000011920929,1.2858847904205322,-1.0
0.03434796357760206,0.003101938054896891,38,0.29971622698940337,0.0005438372523852835,5,52.10000023841858,1.2512793436050416,-1.0
0.01592554451781325,0.003395980253117159,39,0.15467911795713007,0.0005244336088007391,5,53.60000019073486,1.1896148567199707,-1.0
0.014031163649633527,0.0052156873571220785,40,0.15408616396598518,0.0005050000000000001,5,55.10000019073486,1.1809833812713624,-1.0
0.03406330558937043,0.003956055530579761,41,0.30426595313474536,0.0004855663911992613,5,56.10000042915344,1.1633014345169068,-1.0
0.03432034532306716,0.007735646300716326,42,0.3365581170655787,0.00046616274761471693,5,55.50000004768371,1.1659139204025268,-1.0
0.034266040776856244,0.005084362608613446,43,0.3149160349275917,0.00044681898825837057,5,54.80000042915344,1.148412685394287,-1.0
0.034183466545073316,0.005870792840141803,44,0.32054214691743255,0.000427564939805086,5,56.400000143051145,1.1257584056854248,-1.0
0.03416637991904281,0.007568643457489088,45,0.3340200739912689,0.00040843029060201667,5,55.30000042915344,1.1319794778823853,-1.0
0.034376474388409406,0.008124335727188736,46,0.34013703488744795,0.000389444544891327,5,57.00000023841858,1.1153811073303224,-1.0
0.02090490746195428,0.006416948657715693,47,0.21868332102894783,0.0003706369773167883,5,57.40000009536743,1.1147651224136352,-1.0
0.010234569082967937,0.004950525559252128,48,0.12162324995733798,0.0003520365877844012,5,57.800000286102296,1.107131766319275,-1.0
0.03409283913788386,0.003740367479622364,49,0.30279527604579926,0.0003336720567466412,5,60.000000190734866,1.0910615949630738,-1.0
0.03428986531798728,0.0032876537006814033,50,0.30074805300682783,0.0003155717009792807,5,59.30000009536743,1.1051559629440308,-1.0
0.03414740547304973,0.004875567916315049,51,0.3123213220387697,0.00029776342991897335,5,59.500000429153445,1.0514949173927308,-1.0
0.034127081715269014,0.004878951527643949,52,0.3121808229479939,0.00028027470262892445,5,58.500000190734866,1.0549129962921142,-1.0
0.03415171103551984,0.0053730794752482325,53,0.3163283378817141,0.0002631324854590073,5,57.500000143051146,1.05565700340271,-1.0
0.034364402992650867,0.006766909529687837,54,0.32917213113978505,0.0002463632104656054,5,61.29999990463257,1.0118795413970947,-1.0
0.03425642222282477,0.004922049643937498,55,0.3135436379816383,0.0002299927346552969,5,57.7,1.0566101884841919,-1.0
0.008523911790689453,0.005321798205841333,56,0.11088895401917398,0.00021404630011522587,5,60.70000038146973,0.9874101505279541,-1.0
0.021711698500439525,0.0030220613698475063,57,0.1979995109140873,0.00019854849509163232,5,62.200000524520874,0.9983841547966004,-1.0
0.03419691711314954,0.004913304263027385,58,0.3130124059971422,0.00018352321607655918,5,61.9,1.0079216547012328,-1.0
0.034149784507462755,0.00613860524026677,59,0.32242648489773273,0.00016899363096119395,5,62.00000028610229,0.9858629331588745,-1.0
0.034232922247610986,0.006304982001893222,60,0.32441623299382627,0.000154982143312659,5,60.700000047683716,0.9777594895362854,-1.0
0.034078014170518145,0.0062195729406084865,61,0.322501638205722,0.0001415103578293356,5,62.80000019073486,0.9734381809234619,-1.0
0.034181464958237484,0.006275925901718438,62,0.3237770921550691,0.0001285990470279847,5,61.500000143051146,0.979098699092865,-1.0
0.03410579904448241,0.006461548095103353,63,0.3246515369974077,0.0001162681192140312,5,62.80000004768372,0.9754520492553711,-1.0
0.014169704605592415,0.006451027264120057,64,0.16507649002596736,0.00010453658778440107,5,60.70000019073486,0.9653119277954102,-1.0
0.008048474410315976,0.003946582321077585,65,0.096064219949767,9.342254191024022e-05,5,65.70000004768372,0.9322479786872864,-1.0
0.03424771220306866,0.0032528409210499376,66,0.3001420199871063,8.294311864472437e-05,5,62.9,0.9753119201660156,-1.0
0.034242572146467865,0.0031686151050962508,67,0.29939849209040403,7.311447649896551e-05,5,64.9,0.9327456102371215,-1.0
0.03425883414456621,0.0031045919749885798,68,0.29901944706216455,6.395177052675794e-05,5,64.0,0.9276888418197632,-1.0
0.03419774820213206,0.0037455253186635673,69,0.3036621802020818,5.546912895658472e-05,5,64.20000009536743,0.9174810171127319,-1.0
0.034151631902204826,0.004247536475304514,70,0.30730622517876327,4.767963140691306e-05,5,66.2,0.9179635324478149,-1.0
0.03414009741391055,0.0033817690855357796,71,0.3002873689401895,4.059528871837034e-05,5,67.00000052452087,0.8846994872093201,-1.0
0.034407220635330305,0.003738669998710975,72,0.30528260814026,3.4227024433899e-05,5,67.10000042915344,0.8820581912994385,-1.0
0.015509496501181275,0.003928376885596663,73,0.15560656203888357,2.8584657955444653e-05,5,67.00000038146973,0.8771054439544678,-1.0
0.008222766919061542,0.003239331708755344,74,0.09179910202510655,2.367688940315011e-05,5,66.20000004768372,0.9118833389282227,-1.0
0.03397842377307825,0.0030055933457333595,75,0.29598497482948005,1.951128620040094e-05,5,65.20000047683716,0.918705174446106,-1.0
0.03414016996975988,0.006443979422328994,76,0.32478139689192176,1.6094271405406862e-05,5,63.100000333786014,0.9378582382202149,-1.0
0.03432754092500545,0.006299539061728865,77,0.32512988802045584,1.3431113807311488e-05,5,66.40000004768372,0.8886257009506225,-1.0
0.034091295063262805,0.006982865335885435,78,0.32870572013780475,1.1525919802101659e-05,5,64.60000057220459,0.9236681456565857,-1.0
0.034260751388501376,0.006335745478281751,79,0.32488749688491225,1.0381627060842164e-05,5,64.60000009536743,0.9085233755111695,-1.0
0.03439758569584228,0.006927698181243613,80,0.3307125950232148,1e-05,5,67.9000002861023,0.8801775426864624,-1.0
0.03797848675296538,0.01903611556109455,1,0.5132884841877967,0.000999618372939158,6,15.272727294401689,6.278668818907304,-1.0
0.03416295277161731,0.004555798239178128,2,0.34861487778835,0.0009984740801978985,6,16.363636428659614,2.5273952380093663,-1.0
0.034218538656002946,0.004947960014558501,3,0.35264176200143993,0.0009965688861926887,6,21.09090904756026,2.104748306274414,-1.0
0.034291861578822136,0.005091201203564803,4,0.3545787699986249,0.0009939057285945933,6,23.727272716435518,2.044362466985529,-1.0
0.034529188052854605,0.004664391279220581,5,0.3528691742103547,0.0009904887137995992,6,26.99999998916279,1.9833786804025824,-1.0
0.011861347334666384,0.004636951670464542,6,0.14863888104446232,0.00098632311059685,6,30.27272718602961,1.9147356583855368,-1.0
0.018313098698854446,0.003109715206341611,7,0.19292241893708706,0.0009814153420445555,6,31.000000054186042,1.882802625135942,-1.0
0.03416076607795225,0.0045536598190665245,8,0.34853854496032,0.0009757729755661012,6,30.27272733775052,1.8644734304601496,-1.0
0.03414930279056231,0.004957194647027386,9,0.3520664591342211,0.0009694047112816298,6,32.363636472008444,1.8317583634636618,-1.0
0.03412485831520624,0.002953140815306041,10,0.3338180559221655,0.0009623203685930871,6,33.72727267308669,1.7987246946855024,-1.0
0.034209399225397244,0.0030874162136266627,11,0.33579697692766786,0.0009545308710434153,6,32.54545455629175,1.7659246999567206,-1.0
0.033935631909925074,0.004603021312505007,12,0.346968328114599,0.0009460482294732422,6,35.09090904756026,1.7140401909568093,-1.0
0.03421820030133757,0.0031161123834964302,13,0.33611988998018205,0.0009368855235010348,6,37.727272694761105,1.6877169834483754,-1.0
0.010462400063665377,0.004702211383523213,14,0.13658874202519655,0.0009270568813552758,6,38.72727268392389,1.6342210843346336,-1.0
0.026274818771829207,0.003486154575107826,15,0.26796657498925924,0.0009165774580897602,6,38.72727264057506,1.6359723208167336,-1.0
0.03406157911134263,0.004307499233012398,16,0.34542990708723664,0.0009054634122155992,6,38.909090822393246,1.6303465990586714,-1.0
0.03420331911183894,0.004788846217302812,17,0.35103901103138924,0.0008937318807859689,6,41.090909004211426,1.5482663371346213,-1.0
0.03420934958073,0.004515801090747118,18,0.34863723115995526,0.0008814009529720156,6,42.45454548705708,1.5569591201435435,-1.0
0.03405135179248949,0.004674433083790872,19,0.34865117189474404,0.0008684896421706646,6,42.54545445875688,1.5247045382586393,-1.0
0.03422769042663276,0.004534929550977217,20,0.34897428494878113,0.0008550178566873412,6,42.181818257678636,1.5311816974119707,-1.0
0.025278969823072355,0.004939946734036009,21,0.27207801095210016,0.0008410063690388064,6,43.818182013251565,1.49293879032135,-1.0
0.008572843805369403,0.006382985402726465,22,0.13474482507444918,0.0008264767839234412,6,43.09090903672305,1.4757772371985696,-1.0
0.0339769065224876,0.0028464728190253177,23,0.33154536387883127,0.000811451504908368,6,44.0909091017463,1.4675562758879228,-1.0
0.034024972934275866,0.003297716508516007,24,0.33604452409781516,0.0007959536998847743,6,45.45454554124312,1.4210846744884145,-1.0
0.03421124164015055,0.005249122700964411,25,0.35527894110418856,0.0007800072653447032,6,47.818182013251565,1.4092243948849765,-1.0
0.0340079932163159,0.005659564682799909,26,0.3571561819408089,0.0007636367895343947,6,47.454545519568704,1.3813528177954935,-1.0
0.03445077475367321,0.006976609790904654,27,0.3729784970637411,0.0007468675145409928,6,45.90909100662578,1.3842214298248292,-1.0
0.034063882323809795,0.004800811694521043,28,0.3499098769389093,0.0007297252973710758,6,47.272727186029606,1.3792762860384855,-1.0
0.014839728750909368,0.004672272130846977,29,0.17573473695665598,0.0007122365700810271,6,48.545454621315,1.3658524964072487,-1.0
0.029282066789973114,0.00723793944861326,30,0.3288051642011851,0.0006944282990207196,6,50.09090906923468,1.3639046148820357,-1.0
0.03420902359195881,0.003614960859219233,31,0.34054326987825334,0.0006763279432533592,6,48.27272734858773,1.3609094949202103,-1.0
0.03399773733690381,0.004809277675425013,32,0.34939431119710207,0.0006579634122155992,6,50.54545463215221,1.3311532605778087,-1.0
0.03404765617516306,0.005139286500505275,33,0.3528153121005744,0.000639363022683212,6,52.545454621315,1.300887616330927,-1.0
0.03402361379832857,0.0068085872206009096,34,0.36762245697900653,0.0006205554551086735,6,50.000000195069745,1.2806867265701294,-1.0
0.03424437183679806,0.006260505489384134,35,0.3646555421873927,0.0006015697093979838,6,50.54545474052429,1.2772794857892122,-1.0
0.01840456179343164,0.006095337888432873,36,0.22060213098302484,0.0005824350601949146,6,50.54545474052429,1.2599651523069901,-1.0
0.008290559519082308,0.0033982691303309468,37,0.10530776903033257,0.0005631810117416299,6,52.36363649368286,1.237845774563876,-1.0
0.0338997604428894,0.00355231112593578,38,0.3371957829222083,0.0005438372523852835,6,52.909090757369995,1.2320372265035455,-1.0
0.03415026533831325,0.004382521095168259,39,0.34692426095716655,0.0005244336088007391,6,54.99999993497675,1.1736748443950307,-1.0
0.03413731366809872,0.0048462774397598374,40,0.35096928384155035,0.0005050000000000001,6,52.636363831433385,1.24935556715185,-1.0
0.03418046722395553,0.004650859084601204,41,0.3495951460208744,0.0004855663911992613,6,54.27272735942494,1.1852591629461808,-1.0
0.03417774765855736,0.0046725348931633765,42,0.349774754839018,0.00046616274761471693,6,52.27272734858773,1.2003973843834617,-1.0
0.0341818370959825,0.0046463214740571045,43,0.34956786688417196,0.00044681898825837057,6,54.09090926430442,1.1621249105713585,-1.0
0.014498966357981166,0.004653368636758791,44,0.17247495101764798,0.000427564939805086,6,56.45454562794078,1.163775902227922,-1.0
0.009602653224849038,0.0036348485543082156,45,0.11924869194626808,0.00040843029060201667,6,57.36363649368286,1.099487703930248,-1.0
0.033961958122543164,0.0032419737738867602,46,0.33494528103619814,0.000389444544891327,6,55.090909004211426,1.1486569313569504,-1.0
0.034119829173303313,0.0035015877025822797,47,0.33870495902374387,0.0003706369773167883,6,58.000000195069745,1.1006537433104082,-1.0
0.0341102237192293,0.00464411395498448,48,0.3489060839638114,0.0003520365877844012,6,57.636363462968305,1.095847872387279,-1.0
0.03409238927997649,0.005198169163324767,49,0.3537479240912944,0.0003336720567466412,6,58.27272729440169,1.083835865801031,-1.0
0.034279037163489394,0.007533866498205397,50,0.3764331678394228,0.0003155717009792807,6,58.090909004211426,1.0727214089306918,-1.0
0.034166953086646065,0.004479790028805534,51,0.34793577902019024,0.00029776342991897335,6,59.09090913425792,1.0664634110710838,-1.0
0.012802601222776704,0.0029254973503864473,52,0.14165692101232708,0.00028027470262892445,6,59.27272727272727,1.0473883169347589,-1.0
0.009129527878637115,0.0032917822245508432,53,0.11189864203333855,0.0002631324854590073,6,59.99999984827909,1.0357389094612814,-1.0
0.0339862870104197,0.0027369987736973497,54,0.33061749301850796,0.0002463632104656054,6,60.90909097411416,1.0145415882630782,-1.0
0.03420410341479712,0.004574557818058465,55,0.34912830009125173,0.0002299927346552969,6,59.454545432871036,1.046889556537975,-1.0
0.03418607854594787,0.004923916809881727,56,0.35210621100850403,0.00021404630011522587,6,61.363636472008444,1.0205559916929765,-1.0
0.03415185246720082,0.004757175532480081,57,0.35029043396934867,0.00019854849509163232,6,61.99999991330233,1.0132586006684736,-1.0
0.03408666275855568,0.004663052114968498,58,0.3488645488396287,0.00018352321607655918,6,62.09090891751376,1.004407148361206,-1.0
0.03422073608574768,0.004767426677669088,59,0.35100975912064314,0.00016899363096119395,6,62.54545452378013,0.9804561190171676,-1.0
0.013379837800231244,0.004567485199206405,60,0.161633157171309,0.000154982143312659,6,62.63636365803805,0.9863383882695979,-1.0
0.018036126780013245,0.0045288540164215695,61,0.20320403506048024,0.0001415103578293356,6,63.63636365803805,0.9549418087439103,-1.0
0.0342735281576299,0.006326996178055803,62,0.3655161049682647,0.0001285990470279847,6,63.000000043348834,0.9420484252409501,-1.0
0.03416355890739295,0.0030294746263987487,63,0.33485442702658474,0.0001162681192140312,6,64.81818196990274,0.9539087109132246,-1.0
0.03420475689280364,0.005747301659236352,64,0.35968771507032216,0.00010453658778440107,6,64.63636378808455,0.9377943988279863,-1.0
0.03407216273869077,0.004561727711309989,65,0.34782051597721875,9.342254191024022e-05,6,63.36363619024103,0.945463369326158,-1.0
0.03410537007989155,0.003160555821119083,66,0.33550942689180374,8.294311864472437e-05,6,63.727272813970394,0.9195467844876376,-1.0
0.0340441256088929,0.003364557840137018,67,0.3367979200556874,7.311447649896551e-05,6,66.36363636363636,0.9049265211278742,-1.0
0.008938393012310067,0.0037672173283580276,68,0.11446983111090958,6.395177052675794e-05,6,64.45454543287104,0.91979483127594,-1.0
0.00919612748030987,0.004769313847646117,69,0.12580619589425623,5.546912895658472e-05,6,64.8181819265539,0.9318360593102195,-1.0
0.01606589648872614,0.0031043049465450975,70,0.1726894690655172,4.767963140691306e-05,6,64.18181837688793,0.9128545067527077,-1.0
0.034147293901898794,0.0030221873118231692,71,0.33465714706107974,4.059528871837034e-05,6,65.72727266224948,0.9067941091277383,-1.0
0.03566411823137767,0.003095658211451438,72,0.34897144697606564,3.4227024433899e-05,6,66.90909086574207,0.8945164483243769,-1.0
0.03418991520690421,0.003109437801564733,73,0.3358419160358608,2.8584657955444653e-05,6,64.2727274461226,0.9154181595282121,-1.0
0.03418300192182263,0.004440287852452861,74,0.3477406329475343,2.367688940315011e-05,6,64.36363651535727,0.9066572070121766,-1.0
0.03432978531863126,0.004833892686292529,75,0.3526105771306902,1.951128620040094e-05,6,65.90909097411416,0.8946603452075611,-1.0
0.03421646736872693,0.004600568182973398,76,0.3494823819492012,1.6094271405406862e-05,6,63.63636374473572,0.9183485885099931,-1.0
0.009160115952707,0.005923024818508161,77,0.1358794930856675,1.3431113807311488e-05,6,64.09090926430441,0.9081323953108354,-1.0
0.01866400896364616,0.003341213282611635,78,0.19818172208033502,1.1525919802101659e-05,6,64.8181819265539,0.9072350801121105,-1.0
0.034107115869927734,0.0042708250176575445,79,0.345534706953913,1.0381627060842164e-05,6,66.36363645033403,0.8961246759241277,-1.0
0.03410234861075878,0.004539890835682551,80,0.3479211460798979,1e-05,6,65.27272709933195,0.8866777742992747,-1.0
0.019118386995978655,0.016421749512664972,1,0.35554899484850466,0.000999618372939158,7,14.750000019868216,5.9652006053924564,-1.0
0.017900337278842927,0.0028453209204599263,2,0.20759489899501204,0.0009984740801978985,7,16.833333373069763,2.5973706086476644,-1.0
0.034010388003662226,0.0026427146978676317,3,0.3666633639950305,0.0009965688861926887,7,23.16666668653488,2.139192501703898,-1.0
0.03394709499552846,0.0031580579932779075,4,0.3711830850224942,0.0009939057285945933,7,26.333333333333332,2.048442284266154,-1.0
0.0340332233114168,0.003848957596346736,5,0.3789518428966403,0.0009904887137995992,7,27.41666668653488,1.9680228201548258,-1.0
0.033956803590990604,0.004380306019447744,6,0.38350258208811283,0.00098632311059685,7,30.0,1.905136006673177,-1.0
0.03393524538259953,0.00413410181645304,7,0.3808273719623685,0.0009814153420445555,7,31.00000007947286,1.8833328262964883,-1.0
0.017947336798533796,0.004166804812848568,8,0.2212664431426674,0.0009757729755661012,7,32.83333341280619,1.8214102188746135,-1.0
0.011995829502120614,0.0035917469998821617,9,0.15600404585711658,0.0009694047112816298,7,32.9166667064031,1.8075340763727823,-1.0
0.033979333378374575,0.0035101774148643015,10,0.37502529099583626,0.0009623203685930871,7,33.50000007947286,1.7641112263997396,-1.0
0.033895920892246065,0.004040153906680643,11,0.3794910819269717,0.0009545308710434153,7,38.333333333333336,1.7138862085342408,-1.0
0.03425788218155503,0.003054781910032034,12,0.37326424685306847,0.0009460482294732422,7,36.25,1.7068074560165405,-1.0
0.03386266343295574,0.004107456258498132,13,0.3798346358817071,0.0009368855235010348,7,37.6666667064031,1.6566746918360393,-1.0
0.03394390868488699,0.004081902210600674,14,0.3803923190571368,0.0009270568813552758,7,38.25000007947286,1.6486376969019572,-1.0
0.02493679488543421,0.004142056917771697,15,0.2908952869474888,0.0009165774580897602,7,39.08333349227905,1.6291502364476522,-1.0
0.008533556782640516,0.004642321821302175,16,0.1318653360940516,0.0009054634122155992,7,40.58333341280619,1.5859496545791627,-1.0
0.03386392581742257,0.0032687311992049216,17,0.37144758994691074,0.0008937318807859689,7,41.166666746139526,1.574608597755432,-1.0
0.033949969126842915,0.002729899575933814,18,0.3669114450458437,0.0008814009529720156,7,41.5,1.5370172373453777,-1.0
0.033863834803923965,0.002985465805977583,19,0.3686142270453274,0.0008684896421706646,7,41.75000003973643,1.5281904617945352,-1.0
0.033933106274344024,0.004384321928955615,20,0.38329259888269007,0.0008550178566873412,7,42.916666746139526,1.4977202240626017,-1.0
0.03397481038700789,0.003330031712539494,21,0.3731638740282506,0.0008410063690388064,7,44.33333341280619,1.501470783551534,-1.0
0.031022601504810156,0.004152015596628189,22,0.351848792983219,0.0008264767839234412,7,44.08333341280619,1.4551453145345052,-1.0
0.008434327971190213,0.004473106539808214,23,0.1291800020262599,0.000811451504908368,7,46.08333341280619,1.4764109786351522,-1.0
0.03247190376278013,0.0027781618526205422,24,0.3526180519256741,0.0007959536998847743,7,45.83333337306976,1.4388265339533488,-1.0
0.03397113815881312,0.005091697350144387,25,0.3907580589875579,0.0007800072653447032,7,45.58333349227905,1.4109167337417603,-1.0
0.033929098513908684,0.004293604986742139,26,0.3823684258386493,0.0007636367895343947,7,47.416666666666664,1.4186002604166668,-1.0
0.03386873994022608,0.004859602870419621,27,0.38741585589013994,0.0007468675145409928,7,46.583333333333336,1.3992489608128866,-1.0
0.03400795145425946,0.0027382440399378537,28,0.3675984088331461,0.0007297252973710758,7,47.083333333333336,1.3800401576360066,-1.0
0.029950768779963256,0.006637843628413975,29,0.366017339983955,0.0007122365700810271,7,48.33333341280619,1.3378763341903686,-1.0
0.009090978465974332,0.004328318824991584,30,0.13432382815517485,0.0006944282990207196,7,49.50000007947286,1.3129825989405315,-1.0
0.03377174537163228,0.003390037245117128,31,0.37177703296765685,0.0006763279432533592,7,50.25000015894572,1.2920549901326497,-1.0
0.03406208613887429,0.0030143961543217302,32,0.3708943270612508,0.0006579634122155992,7,49.4166667064031,1.304734280904134,-1.0
0.03389645556453615,0.00430491273291409,33,0.3821454690769315,0.000639363022683212,7,51.25000015894572,1.301120327313741,-1.0
0.03402807102538645,0.00388408696744591,34,0.3792346687987447,0.0006205554551086735,7,50.166666666666664,1.311505519549052,-1.0
0.034038184816017746,0.0031537610804662107,35,0.3720322069711983,0.0006015697093979838,7,51.66666682561239,1.2622182591756186,-1.0
0.031469760136678814,0.0043244200758636,36,0.35804483597166836,0.0005824350601949146,7,53.25,1.2360141881306965,-1.0
0.009000764787197113,0.004851859924383461,37,0.13864379189908504,0.0005631810117416299,7,52.50000003973643,1.2473313887914022,-1.0
0.033735114987939595,0.002839794824831188,38,0.36587805883027613,0.0005438372523852835,7,52.83333341280619,1.2230804204940795,-1.0
0.03409701702184975,0.003771551395766437,39,0.37879980518482625,0.0005244336088007391,7,54.75,1.1909379688898722,-1.0
0.03396069360896945,0.0037926850840449334,40,0.3776445009279996,0.0005050000000000001,7,54.58333349227905,1.1983041874567668,-1.0
0.03388867261819541,0.0032946338644251226,41,0.37194654415361583,0.0004855663911992613,7,52.75,1.1912195094426472,-1.0
0.0340763644548133,0.0052030606428161265,42,0.39290594798512757,0.00046616274761471693,7,53.50000007947286,1.1564486201604207,-1.0
0.030210454342886807,0.004258331470191478,43,0.34479316393844783,0.00044681898825837057,7,53.66666682561239,1.1642866627375286,-1.0
0.008563950494863092,0.005293097905814647,44,0.13867767388001084,0.000427564939805086,7,56.0,1.13537193775177,-1.0
0.03386866389773786,0.0037412543082609774,45,0.37621845002286136,0.00040843029060201667,7,56.83333341280619,1.120819079875946,-1.0
0.03387935578357428,0.0038416451308876274,46,0.3773372389841825,0.000389444544891327,7,57.83333341280619,1.1098694356282552,-1.0
0.03393721943721175,0.004441324155777693,47,0.38389687216840684,0.0003706369773167883,7,58.33333341280619,1.1028421417872112,-1.0
0.0340653131948784,0.004074637801386416,48,0.3815081329084933,0.0003520365877844012,7,58.16666682561239,1.075809375445048,-1.0
0.03405956279020757,0.003985248412936926,49,0.3805587461683899,0.0003336720567466412,7,59.5,1.0602067311604817,-1.0
0.02864353349432349,0.003940954315476119,50,0.3259496740065515,0.0003155717009792807,7,59.66666682561239,1.0575673802693686,-1.0
0.008428942412137985,0.004817534587346017,51,0.13257189001888037,0.00029776342991897335,7,59.16666682561239,1.0631215159098308,-1.0
0.033631730894558134,0.0029922751011326907,52,0.3663565448950976,0.00028027470262892445,7,60.833333333333336,1.0523543938000997,-1.0
0.034066681703552606,0.0038766141980886458,53,0.3795476909726858,0.0002631324854590073,7,62.25000007947286,1.0305413357416788,-1.0
0.03403117791749537,0.003878373885527253,54,0.37921116105280817,0.0002463632104656054,7,61.08333341280619,1.0293636242548625,-1.0
0.033936581038869915,0.004040071880444885,55,0.3798864979762584,0.0002299927346552969,7,63.25,0.9913284095128377,-1.0
0.03387064877897501,0.0032138976268470286,56,0.37096250895410776,0.00021404630011522587,7,61.25000015894572,0.9975943175951639,-1.0
0.03086247481405735,0.004173375875689089,57,0.35046626813709736,0.00019854849509163232,7,62.333333333333336,0.99995454788208,-1.0
0.0084679787280038,0.005011506984010339,58,0.13490226794965565,0.00018352321607655918,7,62.41666682561239,0.9754949299494425,-1.0
0.03386465136427432,0.004192762239836156,59,0.3807122530415654,0.00016899363096119395,7,64.16666674613953,0.9726608331998189,-1.0
0.03391808851156384,0.003361669392324984,60,0.37292866385541856,0.000154982143312659,7,62.416666746139526,0.9479879760742187,-1.0
0.03412504920270294,0.0034868439892306925,61,0.3762558370362967,0.0001415103578293356,7,62.833333333333336,0.9682454093297322,-1.0
0.03388309960719198,0.004700616397894919,62,0.3859732730779797,0.0001285990470279847,7,64.25000007947285,0.9347228614489237,-1.0
0.033915301971137526,0.004442253732122481,63,0.38370689400471747,0.0001162681192140312,7,63.58333349227905,0.9548793776830038,-1.0
0.029166763881221414,0.004172126110643148,64,0.33351685106754303,0.00010453658778440107,7,64.83333333333333,0.92219083070755,-1.0
0.009087445726618171,0.0041215077741071585,65,0.1322188670746982,9.342254191024022e-05,7,67.0,0.9017810885111491,-1.0
0.033988112839870153,0.0025942833628505467,66,0.36596307903528214,8.294311864472437e-05,7,65.33333349227905,0.8971980285644531,-1.0
0.03397685782983899,0.004050386464223265,67,0.38040482997894287,7.311447649896551e-05,7,66.25000015894572,0.9132231903076172,-1.0
0.03393958921078592,0.004121326399035752,68,0.3807452288456261,6.395177052675794e-05,7,65.00000015894572,0.901492067972819,-1.0
0.03400282659567892,0.004443804523907602,69,0.3846028749831021,5.546912895658472e-05,7,65.50000015894572,0.8915439947446188,-1.0
0.03413404659368098,0.0028475403087213635,70,0.3699330829549581,4.767963140691306e-05,7,65.08333349227905,0.9259963353474935,-1.0
0.032595856278203425,0.004166705021634698,71,0.3677352471277118,4.059528871837034e-05,7,66.75,0.8777633595466614,-1.0
0.027812862931750715,0.004055721568875015,72,0.318796579958871,3.4227024433899e-05,7,66.25000015894572,0.8975681908925375,-1.0
0.027475377381779253,0.004500825610011816,73,0.31986876018345356,2.8584657955444653e-05,7,66.08333349227905,0.8934977666536967,-1.0
0.02775386325083673,0.00439491025172174,74,0.3216071240603924,2.367688940315011e-05,7,67.75000015894572,0.8766462190945943,-1.0
0.02787207739893347,0.004335982701741159,75,0.3221901128999889,1.951128620040094e-05,7,66.75000015894572,0.8870142165819804,-1.0
0.028123632492497563,0.004421690618619323,76,0.3255577569361776,1.6094271405406862e-05,7,68.50000015894572,0.8705688381195068,-1.0
0.027594871120527387,0.002985121589154005,77,0.30591191397979856,1.3431113807311488e-05,7,65.91666674613953,0.8990038251876831,-1.0
0.02755181703250855,0.004255445371381938,78,0.31818303908221424,1.1525919802101659e-05,7,67.91666666666667,0.8774121340115865,-1.0
0.028741934103891253,0.0031820433912798764,79,0.31935052014887333,1.0381627060842164e-05,7,68.25,0.8603633236885071,-1.0
0.027366188098676504,0.004155220021493733,80,0.3153245060238987,1e-05,7,68.41666666666667,0.8906531461079915,-1.0
0.03677596795287999,0.01603208596564152,1,0.5810441458597779,0.000999618372939158,8,17.30769231686225,4.80309455211346,-1.0
0.03393933843736621,0.0031919467305256562,2,0.40859280922450125,0.0009984740801978985,8,20.000000004584972,2.2594221386542688,-1.0
0.03386279743757437,0.003836457935077223,3,0.4148333789780736,0.0009965688861926887,8,22.461538466123436,2.1016432549403263,-1.0
0.028108283200047234,0.0038126391697336326,4,0.35125797684304416,0.0009939057285945933,8,26.61538460621467,2.0329713784731354,-1.0
0.015414616325870156,0.004231558308343996,5,0.21623532101511955,0.0009904887137995992,8,27.46153847070841,1.9688521649287296,-1.0
0.03391778761182319,0.00300913403572684,6,0.40632391907274723,0.00098632311059685,8,29.46153846153846,1.927634936112624,-1.0
0.033961644607850096,0.002421947471289472,7,0.40035066800192,0.0009814153420445555,8,33.46153847987835,1.8605260291466346,-1.0
0.034134241646494375,0.00414671998640353,8,0.4212322789244354,0.0009757729755661012,8,33.8461538369839,1.8271460437774658,-1.0
0.03405979703265158,0.004209139426662164,9,0.42109064804390073,0.0009694047112816298,8,35.00000001833989,1.800253154681279,-1.0
0.03434605868956582,0.003773302940482443,10,0.41944578709080815,0.0009623203685930871,8,35.8461538369839,1.7858650097480187,-1.0
0.011632078750567003,0.0039518355095589704,11,0.1715725800022483,0.0009545308710434153,8,35.69230769689266,1.7376083377691416,-1.0
0.03384159892712804,0.0025433192495256662,12,0.40039973706007004,0.0009460482294732422,8,35.23076923993918,1.744902049944951,-1.0
0.033806698163971305,0.002978473478420214,13,0.40476611093617976,0.0009368855235010348,8,38.53846155680143,1.6862393892728365,-1.0
0.03389930854212831,0.002983755643733523,14,0.4058423980604857,0.0009270568813552758,8,35.61538461538461,1.7093436369529138,-1.0
0.03413568437099457,0.002464988628741015,15,0.40273378090932965,0.0009165774580897602,8,35.46153846153846,1.6707658965771015,-1.0
0.03388078434562141,0.0037039531056176534,16,0.41356412903405726,0.0009054634122155992,8,38.46153847987835,1.6275152822641226,-1.0
0.020219941665841776,0.003724764503369277,17,0.2635176368057728,0.0008937318807859689,8,40.84615387366368,1.6026647941882795,-1.0
0.016857965785840697,0.0037141495638272977,18,0.22642886103130877,0.0008814009529720156,8,41.6153846337245,1.592722096809974,-1.0
0.033920710144395176,0.003555122403089296,19,0.4123613969422877,0.0008684896421706646,8,39.92307694141682,1.565698147553664,-1.0
0.03424140218306671,0.0033506937325000763,20,0.4136482661124319,0.0008550178566873412,8,41.1538461630161,1.567431346453153,-1.0
0.03407958736219867,0.0042986349964683705,21,0.4222940250765532,0.0008410063690388064,8,41.1538461630161,1.5521476397147544,-1.0
0.03403759017502042,0.003931962652131915,22,0.41780014312826097,0.0008264767839234412,8,42.846153864493736,1.5249470868477455,-1.0
0.0335357963446189,0.0038074330977079544,23,0.41090491809882224,0.000811451504908368,8,42.23076925827907,1.478331650220431,-1.0
0.009374755201861262,0.003929573619230227,24,0.14647614886052907,0.0007959536998847743,8,44.30769233520214,1.499903917312622,-1.0
0.034095756307413634,0.002352406418966976,25,0.40106587298214436,0.0007800072653447032,8,45.15384617218604,1.481306505203247,-1.0
0.034068483795801345,0.0036468773826279425,26,0.4150044550187886,0.0007636367895343947,8,45.69230768313775,1.4537703415063712,-1.0
0.03409910544922406,0.003984516274861314,27,0.4190545189194381,0.0007468675145409928,8,46.07692306775313,1.4333680611390334,-1.0
0.03398953805762259,0.003304516663774848,28,0.4103684020228684,0.0007297252973710758,8,45.38461541212522,1.4246910212590145,-1.0
0.03406567048196765,0.0037128361450000243,29,0.41569771291688085,0.0007122365700810271,8,47.000000027509834,1.395744558114272,-1.0
0.01611321736973795,0.004025966458191926,30,0.22165526682510972,0.0006944282990207196,8,46.07692311360286,1.387989020714393,-1.0
0.023332332578403028,0.002716188149696047,31,0.2866438520140946,0.0006763279432533592,8,45.30769233520214,1.4042966864659236,-1.0
0.033942945216867054,0.0024720011490651154,32,0.4006766080856323,0.0006579634122155992,8,47.76923079674061,1.373929443359375,-1.0
0.03387513782151721,0.004400784827091477,33,0.42114636511541903,0.000639363022683212,8,47.76923079674061,1.3913679265975951,-1.0
0.03380345637825402,0.0054962288757616825,34,0.432406070176512,0.0006205554551086735,8,46.84615384615385,1.3610959573892447,-1.0
0.03381581039337272,0.004343578613109209,35,0.4198762630112469,0.0006015697093979838,8,49.15384615384615,1.3359378752341637,-1.0
0.027440400010990827,0.004096227698028088,36,0.3470089740585536,0.0005824350601949146,8,51.15384620886583,1.3144292281224177,-1.0
0.009267623049461028,0.002888275691392747,37,0.13382995803840458,0.0005631810117416299,8,50.84615385532379,1.2801331149614774,-1.0
0.033898941982029515,0.0023970056579194284,38,0.39937105611898005,0.0005438372523852835,8,47.538461565971375,1.3478800029021043,-1.0
0.03387217481874607,0.003668231000615792,39,0.41305609093979,0.0005244336088007391,8,50.846153864493736,1.2920204742138202,-1.0
0.033900287743149835,0.004061779070814902,40,0.4177023330703378,0.0005050000000000001,8,52.07692305858318,1.2480253485532908,-1.0
0.03384252711707218,0.004401107064702294,41,0.42079174309037626,0.0004855663911992613,8,52.53846155680143,1.237764024734497,-1.0
0.033992711920291185,0.004300143802538514,42,0.4213346429169178,0.00046616274761471693,8,54.53846153846154,1.239017967077402,-1.0
0.01462297827344049,0.002537731991403482,43,0.18887049704790115,0.00044681898825837057,8,51.923076913906975,1.2194087332945605,-1.0
0.015642695996741004,0.0028092907318337398,44,0.2030824578832835,0.000427564939805086,8,53.23076926744901,1.226458095403818,-1.0
0.03383112933740697,0.003564473559063944,45,0.4114635898731649,0.00040843029060201667,8,54.076923086093025,1.2068868075884305,-1.0
0.03392302928577093,0.0038461893669922242,46,0.4155766081530601,0.000389444544891327,8,55.307692344372086,1.1788481734349177,-1.0
0.0338838592975993,0.0037601699798621917,47,0.4141953680664301,0.0003706369773167883,8,54.38461539378533,1.1939574967897855,-1.0
0.03397521264427765,0.002471522364596074,48,0.40102384891361,0.0003520365877844012,8,55.846153901173516,1.1787472413136408,-1.0
0.03397417773323303,0.0037282734516669402,49,0.4148374979849905,0.0003336720567466412,8,56.15384615384615,1.1610192632675171,-1.0
0.008706368823451075,0.003572488267144019,50,0.1351746281143278,0.0003155717009792807,8,55.53846157514132,1.1595552407778227,-1.0
0.031640052096918225,0.00455048089762303,51,0.3982150407973677,0.00029776342991897335,8,56.53846159348121,1.1186039726550763,-1.0
0.03391389356164092,0.002421482169831341,52,0.3997987669426948,0.00028027470262892445,8,57.69230774732736,1.0999577925755428,-1.0
0.033812768080017784,0.002536909824067896,53,0.3999571120366454,0.0002631324854590073,8,58.00000001833989,1.117882947921753,-1.0
0.033791209465231405,0.004205619365992871,54,0.41807594313286245,0.0002463632104656054,8,58.461538489048294,1.0904302094532894,-1.0
0.03384954848496074,0.004068852508101951,55,0.4172134669497609,0.0002299927346552969,8,58.23076924910912,1.1013276206530058,-1.0
0.021963023009117354,0.0027008180675858803,56,0.2714146291837096,0.00021404630011522587,8,57.38461539378533,1.095019073853126,-1.0
0.013996143571355125,0.004764183424413204,57,0.20647039683535695,0.00019854849509163232,8,57.76923080591055,1.0850445206348713,-1.0
0.03386834299784492,0.003774509998038411,58,0.41418500198051333,0.00018352321607655918,8,59.00000003667978,1.090566094471858,-1.0
0.0339325126260519,0.0036208203739740634,59,0.4131998319644481,0.00016899363096119395,8,57.46153847987835,1.0792939343819252,-1.0
0.03394728477790274,0.0036491436714475804,60,0.41367140715010464,0.000154982143312659,8,60.53846159348121,1.0342926615935106,-1.0
0.033880536084656014,0.00362580800852315,61,0.41268133115954697,0.0001415103578293356,8,58.92307692307692,1.0495603187267597,-1.0
0.033843136837028644,0.0037223974412137813,62,0.41333379480056465,0.0001285990470279847,8,59.76923075089088,1.0286241678091197,-1.0
0.009084549584341321,0.004007051233202219,63,0.1441155110951513,0.0001162681192140312,8,58.76923080591055,1.0478090434807998,-1.0
0.027218915860761295,0.0031560544263232837,64,0.3342390537727624,0.00010453658778440107,8,61.0,0.9959801545509925,-1.0
0.033869550711559976,0.003071366555311463,65,0.40645842091180384,9.342254191024022e-05,8,60.46153847987835,1.008842737858112,-1.0
0.03400386793708259,0.004787786800244992,66,0.4268164730165154,8.294311864472437e-05,8,61.846153864493736,1.007315228168781,-1.0
0.033904294462197206,0.002657822354442694,67,0.4022982460446656,7.311447649896551e-05,8,61.76923078757066,0.9846533371851994,-1.0
0.03385770835236392,0.003946326821195808,68,0.41595821594819427,6.395177052675794e-05,8,61.23076923076923,1.0079421171775231,-1.0
0.02602833448062566,0.003650494978170503,69,0.3265718088950962,5.546912895658472e-05,8,61.76923076923077,0.9954491362204918,-1.0
0.011878772702237422,0.003849158486859365,70,0.17311566416174173,4.767963140691306e-05,8,63.384615402955276,0.9807705637124868,-1.0
0.0339112771590325,0.0035656975709240546,71,0.41235673520714045,4.059528871837034e-05,8,62.6153846337245,0.9608796046330379,-1.0
0.033840499839491466,0.0037480567962947216,72,0.4135845578275621,3.4227024433899e-05,8,62.07692309526297,0.9876916027069091,-1.0
0.03390961584889076,0.003667000321332704,73,0.41345409397035837,2.8584657955444653e-05,8,62.46153846153846,0.9834778833389283,-1.0
0.033925299448045815,0.002736650640144944,74,0.4033928969874978,2.367688940315011e-05,8,62.23076921242934,0.9977820412929241,-1.0
0.03388113441707736,0.0037725368641655555,75,0.41430020797997713,1.951128620040094e-05,8,64.84615384615384,0.973763715670659,-1.0
0.014476333300329068,0.0025608739603988147,76,0.18751639896072447,1.6094271405406862e-05,8,62.84615384615385,0.9692177295684814,-1.0
0.020164935913106256,0.003315211273729801,77,0.25839857291430235,1.3431113807311488e-05,8,62.15384617218604,1.0008558535575867,-1.0
0.03396250203844498,0.002493831498379057,78,0.40112946298904717,1.1525919802101659e-05,8,62.53846157514132,0.997237255023076,-1.0
0.03391026722436601,0.0037063700570301576,79,0.4138944169972092,1.0381627060842164e-05,8,63.30769228935242,0.971256837294652,-1.0
0.033904750789092344,0.003660480851646174,80,0.4133294748608023,1e-05,8,63.38461538461539,0.9781226462584276,-1.0
0.036715820114212955,0.017007160529663615,1,0.5911030808929354,0.000999618372939158,9,15.000000076634544,6.079882946014404,-1.0
0.034324587492102925,0.002601564692502672,2,0.40630883583799005,0.0009984740801978985,9,15.214285824980054,2.386757995060512,-1.0
0.034346592062237585,0.003400190839205276,3,0.4153555429074913,0.0009965688861926887,9,22.571428690637863,2.1396737207685197,-1.0
0.03420645955272696,0.003830702996558764,4,0.4185410160571337,0.0009939057285945933,9,25.14285717691694,2.066563538142613,-1.0
0.03417022111402317,0.0036884771490638905,5,0.41657915082760155,0.0009904887137995992,9,26.285714473043168,2.0115213428224834,-1.0
0.013380998110567982,0.009780974804677746,6,0.25491112493909895,0.00098632311059685,9,27.14285719394684,1.9807454109191895,-1.0
0.03429092595946382,0.0024920431262051516,7,0.40473341988399625,0.0009814153420445555,9,29.21428578240531,1.9422288703918458,-1.0
0.034282161981206045,0.004020257662473755,8,0.42143691005185246,0.0009757729755661012,9,30.071428809847152,1.916077789579119,-1.0
0.03433800247413191,0.0029735052534802394,9,0.41055991407483816,0.0009694047112816298,9,29.571428724697657,1.8921735443387713,-1.0
0.034302938390861855,0.003784259336746552,10,0.4190893180202693,0.0009623203685930871,9,33.000000306538176,1.8317752974373953,-1.0
0.03429847024381161,0.008762003578753634,11,0.47380824596621096,0.0009545308710434153,9,34.714285782405305,1.7972344085148402,-1.0
0.02146969646723433,0.0032551755324344745,12,0.40848108590580523,0.0009460482294732422,9,36.071428707667756,1.7534357118606567,-1.0
0.03420188536190174,0.002432581820440563,13,0.4031112161464989,0.0009368855235010348,9,36.714285782405305,1.7270166969299316,-1.0
0.03462372563610023,0.002699408891864798,14,0.4106684208381921,0.0009270568813552758,9,36.214286020823884,1.7140472200938635,-1.0
0.03424363327212632,0.0025786032730882816,15,0.4051591621246189,0.0009165774580897602,9,37.28571437086378,1.6615566124234882,-1.0
0.03421629241413691,0.0025372445075349374,16,0.40441433317027986,0.0009054634122155992,9,39.285714507102966,1.6379983697618756,-1.0
0.03429939928041263,0.002812457630749453,17,0.4083447470329702,0.0008937318807859689,9,38.92857151372092,1.6323284721374511,-1.0
0.009854675926776095,0.002704663054001602,18,0.13825891795568168,0.0008814009529720156,9,41.00000013623919,1.5496605157852172,-1.0
0.03153219912201166,0.002538963326845657,19,0.37494777399115264,0.0008684896421706646,9,40.50000028950827,1.5847219828196935,-1.0
0.0343371403445913,0.0026841590138660235,20,0.4074048069305718,0.0008550178566873412,9,42.214285782405305,1.5542941086632864,-1.0
0.03428257521326569,0.0041260185058821335,21,0.4226478389464319,0.0008410063690388064,9,43.14285734721592,1.5371461037227085,-1.0
0.034384319876236,0.003915854856710543,22,0.4214549500029534,0.0008264767839234412,9,43.50000010217939,1.547246914591108,-1.0
0.034655099396001206,0.004089087882841175,23,0.42633678391575813,0.000811451504908368,9,43.85714302744184,1.5244869470596314,-1.0
0.02118309420025484,0.003948879534039985,24,0.2765590709168464,0.0007959536998847743,9,43.50000028950827,1.5010891464778355,-1.0
0.009229102701118047,0.0024265401192348113,25,0.128321073949337,0.0007800072653447032,9,44.64285741533552,1.4770536817823137,-1.0
0.03420806991529058,0.0022696779871528797,26,0.4013676238246262,0.0007636367895343947,9,46.14285734721592,1.4662677942003524,-1.0
0.034227903530170974,0.0036730514839291573,27,0.417024414986372,0.0007468675145409928,9,44.85714316368103,1.4509159510476248,-1.0
0.03430701138197698,0.004024856512180783,28,0.4217657479457557,0.0007297252973710758,9,45.42857164996011,1.428891897201538,-1.0
0.03431281652724878,0.0038597201081839476,29,0.42001427593640983,0.0007122365700810271,9,45.85714302744184,1.4093867533547537,-1.0
0.03424754355695437,0.0043175880881873045,30,0.42432991601526737,0.0006944282990207196,9,47.28571449007307,1.3793218530927385,-1.0
0.01447886146012355,0.003985777264460921,31,0.2032142300158739,0.0006763279432533592,9,46.000000323568074,1.4118633937835694,-1.0
0.018612527500160715,0.0028036974201148205,32,0.23568977997638285,0.0006579634122155992,9,48.50000022138868,1.3671910095214843,-1.0
0.03432665191675452,0.004950482990931381,33,0.4321634960360825,0.000639363022683212,9,47.64285734721592,1.3532695068631853,-1.0
0.03425622672181238,0.003761561185290868,34,0.41830916586332023,0.0006205554551086735,9,48.5,1.34566082068852,-1.0
0.03425677774728022,0.003934578356248411,35,0.4202401691582054,0.0006015697093979838,9,50.42857163293021,1.332934992653983,-1.0
0.03428979533385824,0.004420691677792506,36,0.42593036917969584,0.0005824350601949146,9,50.28571455819266,1.2969547939300536,-1.0
0.0315475924025205,0.004304324509575963,37,0.3944764630869031,0.0005631810117416299,9,50.500000204358784,1.2836959620884487,-1.0
0.008813556580042297,0.0025624876037578692,38,0.12523846793919802,0.0005438372523852835,9,50.64285734721592,1.2914880309786116,-1.0
0.0341698964422738,0.003748950654302131,39,0.417218382935971,0.0005244336088007391,9,53.142857381275725,1.252087574005127,-1.0
0.03436596750874411,0.002775550756434148,40,0.40867279493249953,0.0005050000000000001,9,51.50000011920929,1.2521936791283743,-1.0
0.0344554192005572,0.0025442567950283938,41,0.40710528800264,0.0004855663911992613,9,52.07142857142857,1.272626965386527,-1.0
0.03425654813393273,0.0027347052342851052,42,0.40701811807230115,0.00046616274761471693,9,52.35714333398001,1.2360266290392194,-1.0
0.03439779969101602,0.0024833705022253775,43,0.4058094071224332,0.00044681898825837057,9,54.00000023841858,1.2291795492172242,-1.0
0.02289078289388933,0.0026702883822674103,44,0.2812809969764203,0.000427564939805086,9,51.71428603785379,1.2278986651556834,-1.0
0.013025254730812529,0.0033780418082394385,45,0.18054760713130236,0.00040843029060201667,9,56.000000306538176,1.1802443320410592,-1.0
0.03428218452344564,0.002376814309338277,46,0.4033622669521719,0.000389444544891327,9,52.142857142857146,1.2029255894252233,-1.0
0.03429891600866209,0.002517206530848687,47,0.40508938510902226,0.0003706369773167883,9,57.35714333398001,1.1671442372458323,-1.0
0.03421469043347646,0.002539122752337293,48,0.4044050241354853,0.0003520365877844012,9,56.14285717691694,1.1439147615432739,-1.0
0.03439773261462423,0.002463021188635718,49,0.40558134112507105,0.0003336720567466412,9,56.14285751751491,1.1574220071520125,-1.0
0.03429286192509939,0.0025573043491352687,50,0.40546601894311607,0.0003155717009792807,9,56.2142858675548,1.1462323590687342,-1.0
0.018488841215995224,0.002504447242245078,51,0.2310326020233333,0.00029776342991897335,9,57.35714323180063,1.1184030164991106,-1.0
0.014043927743014965,0.002472467805174264,52,0.1817905749194324,0.00028027470262892445,9,56.14285734721592,1.1152890743528094,-1.0
0.03429703094827181,0.0024988763246007943,53,0.40486957086250186,0.0002631324854590073,9,60.07142901420593,1.1002977766309465,-1.0
0.03435007283802737,0.0025737808847969227,54,0.4062760400120169,0.0002463632104656054,9,57.642857449395315,1.1035473149163382,-1.0
0.0342806684572927,0.0025627908974208617,55,0.40539000020362437,0.0002299927346552969,9,60.42857187134879,1.061835537637983,-1.0
0.03427581129256974,0.002484490354122086,56,0.40447684680111706,0.00021404630011522587,9,60.00000017029898,1.0603232152121407,-1.0
0.034337708303196865,0.0025246402418071575,57,0.40559641900472343,0.00019854849509163232,9,57.85714309556143,1.1034035553250994,-1.0
0.01623317493464459,0.0025072644295340233,58,0.20625449693761766,0.00018352321607655918,9,60.500000034059795,1.054462571144104,-1.0
0.013617836341092532,0.0026603321206163278,59,0.1791731519624591,0.00016899363096119395,9,59.42857149669102,1.0569793394633702,-1.0
0.03424444466575303,0.0025591026060283184,60,0.4049537021201104,0.000154982143312659,9,59.21428619112287,1.0224411303656442,-1.0
0.03432996943593025,0.0025120636405931277,61,0.40537796588614583,0.0001415103578293356,9,58.714285952704294,1.040878381729126,-1.0
0.034298240757462656,0.002538048323582519,62,0.40531929885037243,0.0001285990470279847,9,60.4285717691694,1.0416636896133422,-1.0
0.03438036943870512,0.0024593494705517182,63,0.4053525999188423,0.0001162681192140312,9,61.928571462631226,1.0212326172419957,-1.0
0.034336378670890226,0.002591310598125512,64,0.40631967410445213,0.00010453658778440107,9,63.00000010217939,0.9986969903537205,-1.0
0.016878493553535504,0.0025624675379896707,65,0.2139562100637704,9.342254191024022e-05,9,63.7142859186445,0.9907414306913104,-1.0
0.016091480004516514,0.003027950646355748,66,0.21042743581347167,8.294311864472437e-05,9,62.500000374657766,0.9927546116283962,-1.0
0.034201947443017904,0.0035680059174245052,67,0.41558266594074667,7.311447649896551e-05,9,64.07142887796674,0.9765101834705898,-1.0
0.03421818680891937,0.0025465294761075215,68,0.40452526905573905,6.395177052675794e-05,9,62.285714626312256,1.0006855855669294,-1.0
0.034291419983756816,0.00352770873260769,69,0.4161244258284569,5.546912895658472e-05,9,63.07142867360796,0.996689007963453,-1.0
0.034300599839876995,0.003902140327475288,70,0.4203468160703778,4.767963140691306e-05,9,63.00000023841858,0.991150016103472,-1.0
0.03431887099180709,0.0037067095452750273,71,0.41840087389573455,4.059528871837034e-05,9,63.9285717691694,0.9711248901912144,-1.0
0.010851321890103545,0.004046329932118004,72,0.1640144200064242,3.4227024433899e-05,9,61.14285731315613,0.9865054985455104,-1.0
0.0342304445379837,0.0035575425506315446,73,0.41581638995558023,2.8584657955444653e-05,9,61.714285782405305,0.9778135630062649,-1.0
0.03426911061714319,0.003762372578917579,74,0.41846028598956764,2.367688940315011e-05,9,65.35714333398002,0.9449697351455688,-1.0
0.034278193446384234,0.0035865939095277677,75,0.4166252890136093,1.951128620040094e-05,9,65.00000044277736,0.9427814388275146,-1.0
0.03429065022448247,0.002540030580183322,76,0.4052509879693389,1.6094271405406862e-05,9,63.00000013623919,0.9685816761425563,-1.0
0.03430864174680954,0.004281648244200783,77,0.42460390483029187,1.3431113807311488e-05,9,64.71428578240531,0.9501187290464129,-1.0
0.01906038105318492,0.003893265225501223,78,0.25260134506970644,1.1525919802101659e-05,9,63.35714323180063,0.971459036895207,-1.0
0.01828285814686255,0.0038768698630685158,79,0.24388632108457386,1.0381627060842164e-05,9,62.500000374657766,0.9774051192828587,-1.0
0.03431780280714685,0.0038942012046887116,80,0.420465893112123,1e-05,9,65.21428612300328,0.9150244178090776,-1.0
0.03666242683539167,0.015221044595818967,1,0.6227528841700405,0.000999618372939158,10,16.199999992052714,5.261459191640218,-1.0
0.034168892462427415,0.002226832458594193,2,0.4368963190354407,0.0009984740801978985,10,20.200000035762788,2.299198174794515,-1.0
0.03438629516555617,0.003833381245688846,3,0.45878318697214127,0.0009965688861926887,10,22.933333321412405,2.1130355688730877,-1.0
0.03421210883728539,0.0037122879875823855,4,0.4552327499259263,0.0009939057285945933,10,26.60000011920929,2.030911861737569,-1.0
0.010350603726692498,0.0037578660218665996,5,0.1694439488928765,0.0009904887137995992,10,27.80000010331472,2.006038575808207,-1.0
0.033004651486407965,0.003017831845985105,6,0.43238648399710655,0.00098632311059685,10,29.866666769981386,1.9251076679229737,-1.0
0.03420350842255478,0.0036713655766410134,7,0.45462293294258416,0.0009814153420445555,10,30.199999952316283,1.8998406947453816,-1.0
0.034195266547612846,0.0033093608605364957,8,0.4501659539528191,0.0009757729755661012,10,30.866666762034097,1.857551129023234,-1.0
0.03415409782125304,0.003886956760349373,9,0.4566018679179251,0.0009694047112816298,10,33.800000103314716,1.8061759064992269,-1.0
0.03438715458226701,0.0036917055840604007,10,0.4570779788773507,0.0009623203685930871,10,34.86666667461395,1.7934530464808147,-1.0
0.008869293630899241,0.0035824210305387774,11,0.14952898700721562,0.0009545308710434153,10,34.59999996026357,1.7541818866729737,-1.0
0.033993427137223385,0.0029470413574017584,12,0.4434031678829342,0.0009460482294732422,10,37.33333332538605,1.7004903993606568,-1.0
0.03421531984349713,0.002233177151841422,13,0.4374942819122225,0.0009368855235010348,10,37.133333428700766,1.675198768933614,-1.0
0.034163673020278416,0.002507483819499612,14,0.4401668810751289,0.0009270568813552758,10,40.86666679382324,1.628426350593567,-1.0
0.03419776804124316,0.003836637867304186,15,0.4565367461182177,0.0009165774580897602,10,39.866666738192244,1.6012499157587687,-1.0
0.034180562458156295,0.004101407209721704,16,0.45949709485284984,0.0009054634122155992,10,42.53333346048991,1.5709218111038208,-1.0
0.009268681169487536,0.003839840336392323,17,0.15741108008660376,0.0008937318807859689,10,40.600000111262005,1.5644973462422689,-1.0
0.03404648322612047,0.002504563017282635,18,0.4392931598704308,0.0008814009529720156,10,43.26666673024496,1.543113444328308,-1.0
0.034124574449379,0.0038408864638768137,19,0.45583893987350166,0.0008684896421706646,10,43.86666665871938,1.5171163447697957,-1.0
0.03420619594786937,0.0031492256287795803,20,0.4484162039589137,0.0008550178566873412,10,42.400000111262,1.5455954421361286,-1.0
0.034131844411604106,0.00397556434230258,21,0.4574331399053335,0.0008410063690388064,10,44.80000007947286,1.5006770826975504,-1.0
0.03420138244594758,0.003360025817528367,22,0.45086978701874614,0.0008264767839234412,10,45.26666677792867,1.4862568658192952,-1.0
0.009253926982637495,0.002855066617485136,23,0.1454328577965498,0.000811451504908368,10,45.799999952316284,1.4793655602137248,-1.0
0.0340821729041636,0.002412804344203323,24,0.4380696411244571,0.0007959536998847743,10,45.46666677792867,1.4349965801239013,-1.0
0.03416135945978264,0.0033996917967063687,25,0.4508692901581526,0.0007800072653447032,10,46.999999992052715,1.4160333684285482,-1.0
0.03428817878011614,0.003929241967853159,26,0.4588378709740937,0.0007636367895343947,10,47.20000011126201,1.3916525802612305,-1.0
0.03412998954687888,0.0023239232832565904,27,0.43758981698192656,0.0007468675145409928,10,48.66666669845581,1.3749669262568156,-1.0
0.03426576475612819,0.0036215310877499482,28,0.4547885109204799,0.0007297252973710758,10,48.13333328564962,1.3344121090571086,-1.0
0.009913867805153131,0.00264820111139367,29,0.15086271311156452,0.0007122365700810271,10,49.33333330949147,1.3470685761769612,-1.0
0.0341345287548999,0.0029220000724308193,30,0.4447981249541044,0.0006944282990207196,10,49.06666668256124,1.3399047323862712,-1.0
0.03415427929333722,0.0036171714503628514,31,0.4533704670611769,0.0006763279432533592,10,49.5333332379659,1.3633141479492188,-1.0
0.03415768238482997,0.004083238949533552,32,0.45900584710761905,0.0006579634122155992,10,48.73333330154419,1.3396075067520141,-1.0
0.034128870989661664,0.0023587935138493776,33,0.43796660494990647,0.000639363022683212,10,49.60000015894572,1.2970371109644572,-1.0
0.03421499519996966,0.0034790920520511768,34,0.45244052284397185,0.0006205554551086735,10,51.399999920527144,1.285266887664795,-1.0
0.00929267234945049,0.003723550238646567,35,0.1563017109874636,0.0006015697093979838,10,50.133333428700766,1.2827856645584106,-1.0
0.03400710256149372,0.002514052922682216,36,0.4383692580740899,0.0005824350601949146,10,51.20000007947286,1.2566851917902628,-1.0
0.034135862137191,0.0034343304578214884,37,0.45095758186653256,0.0005631810117416299,10,55.19999992052714,1.235575928370158,-1.0
0.034119622878885515,0.003175289796975752,38,0.4476523119956255,0.0005438372523852835,10,55.799999952316284,1.1867725140253702,-1.0
0.03425506428660204,0.0023839540469149747,39,0.4397816490381956,0.0005244336088007391,10,55.200000031789145,1.2063301391601562,-1.0
0.03423702008634185,0.003707090664344529,40,0.45544569194316864,0.0005050000000000001,10,54.53333341280619,1.184218355178833,-1.0
0.008620481259034326,0.0022602516692131758,41,0.13068078295327723,0.0004855663911992613,10,54.866666571299234,1.1548113368352255,-1.0
0.03198902584457149,0.00419061299180612,42,0.43427294096909463,0.00046616274761471693,10,55.466666555404665,1.156524477005005,-1.0
0.03428665534981216,0.002731199221064647,43,0.44432834605686367,0.00044681898825837057,10,56.466666555404665,1.1500078109105427,-1.0
0.03416747999532769,0.0038566654936100044,44,0.45639667590148747,0.000427564939805086,10,56.800000238418576,1.1272294540405274,-1.0
0.03422528061006839,0.003985968224393825,45,0.4586518909782171,0.00040843029060201667,10,58.06666666666667,1.1068765023549398,-1.0
0.034255673720811806,0.004147676945043107,46,0.46095680189318955,0.000389444544891327,10,57.600000079472856,1.1181681385040283,-1.0
0.010199113302708914,0.003847362706437707,47,0.16867439704947174,0.0003706369773167883,10,59.13333347638448,1.1085269552866617,-1.0
0.03413965116487816,0.003295297831452141,48,0.4493347208481282,0.0003520365877844012,10,58.266666889190674,1.0737453327178954,-1.0
0.034236151239989944,0.0024768156775583825,49,0.4406748909968883,0.0003336720567466412,10,59.333333285649616,1.069044293085734,-1.0
0.03432729037012905,0.003924357452585052,50,0.45913174212910235,0.0003155717009792807,10,60.399999936421715,1.0594609057108562,-1.0
0.03422960074385628,0.003434771846514195,51,0.45208512898534536,0.00029776342991897335,10,59.0666668732961,1.0606155217488606,-1.0
0.033691426913719624,0.0023436512565240264,52,0.4325259141623974,0.00028027470262892445,10,61.26666684150696,1.0066812235514322,-1.0
0.008885431685484946,0.0024263429804705083,53,0.13635457190684974,0.0002631324854590073,10,62.533333444595335,1.0136645442644756,-1.0
0.03354967928801974,0.0022494017806214592,54,0.4297011310700327,0.0002463632104656054,10,61.800000111262,1.0060264848073324,-1.0
0.03426671718868116,0.0024459679843857884,55,0.4406683659180999,0.0002299927346552969,10,62.46666685740153,0.9911128787994384,-1.0
0.034227806667331606,0.002474341250490397,56,0.44054250908084214,0.00021404630011522587,10,62.26666682561238,0.9818821729024251,-1.0
0.0342559478400896,0.0024679501463348665,57,0.44080531294457614,0.00019854849509163232,10,61.73333325386047,0.9805402396519979,-1.0
0.03422621356245751,0.0024956180326019726,58,0.44077522912994027,0.00018352321607655918,10,63.66666690508524,0.9587566347122193,-1.0
0.01088676848060762,0.002686254777169476,59,0.16298133600503206,0.00016899363096119395,10,63.80000019073486,0.97553111743927,-1.0
0.022175365942530334,0.0026553330632547536,60,0.29807648016139865,0.000154982143312659,10,64.53333355585734,0.9279043617248535,-1.0
0.03407704612861077,0.0028412872149298587,61,0.44313655397854745,0.0001415103578293356,10,64.400000111262,0.9274906630516052,-1.0
0.03429524107680967,0.0025983829982578754,62,0.4428377100266516,0.0001285990470279847,10,68.33333344459534,0.8947254317601522,-1.0
0.034256430711441986,0.0038341820472851396,63,0.4571994401048869,0.0001162681192140312,10,64.66666685740152,0.9116626294453939,-1.0
0.03418172100403657,0.0034305948259619377,64,0.4514607391320169,0.00010453658778440107,10,66.93333347638448,0.9180848151842753,-1.0
0.01950559070489059,0.0033943693075949946,65,0.274905227124691,9.342254191024022e-05,10,64.60000007947286,0.911587958017985,-1.0
0.01820228925983732,0.0037686844201137624,66,0.26375992596149445,8.294311864472437e-05,10,65.13333331743875,0.9121058781941732,-1.0
0.034225676771408566,0.003213419889410337,67,0.449386304942891,7.311447649896551e-05,10,66.40000017484029,0.887310760974884,-1.0
0.03417061473010108,0.003513875669644525,68,0.452328615821898,6.395177052675794e-05,10,68.20000012715657,0.8669505515098572,-1.0
0.03427643094134206,0.0038568118082669875,69,0.45770716294646263,5.546912895658472e-05,10,66.73333353996277,0.8772142113049824,-1.0
0.0342094877269119,0.003895483697609355,70,0.4573685198556632,4.767963140691306e-05,10,67.20000007947286,0.8803025868733724,-1.0
0.021521616048024345,0.0035140593730223677,71,0.3005319111980498,4.059528871837034e-05,10,65.86666669845582,0.8823859316507975,-1.0
0.014617280064461132,0.0034168369408386448,72,0.21652088081464171,3.4227024433899e-05,10,67.00000004768371,0.867251968383789,-1.0
0.03433689393568784,0.003348939644638449,73,0.45233878609724343,2.8584657955444653e-05,10,67.86666668256125,0.8820353597005208,-1.0
0.03430298673144231,0.004535122270074983,74,0.46618630993179977,2.367688940315011e-05,10,69.73333336512248,0.8587414585749308,-1.0
0.03427539255547648,0.00257237486463661,75,0.44230986293405294,1.951128620040094e-05,10,66.86666669845582,0.8877914799054464,-1.0
0.034141129561855145,0.0036300183661902943,76,0.45338530093431473,1.6094271405406862e-05,10,66.80000006357828,0.8724595322608948,-1.0
0.025591289799194783,0.004054354115699728,77,0.3558769600931555,1.3431113807311488e-05,10,68.20000009536743,0.856334476629893,-1.0
0.014831034000962973,0.003366184091040244,78,0.21849161386489868,1.1525919802101659e-05,10,66.53333349227906,0.8862985091209412,-1.0
0.03424031945178285,0.0031871875592817864,79,0.44926603604108095,1.0381627060842164e-05,10,68.80000003178914,0.8716950418154399,-1.0
0.03418603097088635,0.003434338936737428,80,0.45155816804617643,1e-05,10,67.00000015894572,0.8589858605066936,-1.0
0.01582559533059024,0.01340255605128522,1,0.38012475497089326,0.000999618372939158,11,15.6875,4.377363319396973,-1.0
0.02921296571954512,0.0022609739635999384,2,0.409286712994799,0.0009984740801978985,11,20.125,2.248118019104004,-1.0
0.03402984285583863,0.0023372893651517537,3,0.47289615287445486,0.0009965688861926887,11,25.75,2.041614532470703,-1.0
0.03435111864326665,0.002173232971332394,4,0.4749346380122006,0.0009939057285945933,11,27.3125,1.97337890625,-1.0
0.034085425172144405,0.0037115856002156553,5,0.49147920589894056,0.0009904887137995992,11,30.1875,1.9257672595977784,-1.0
0.029856165763563834,0.0031389356232606447,6,0.4290422569029033,0.00098632311059685,11,30.75,1.8777458190917968,-1.0
0.008851621908923754,0.0031388006889476227,7,0.15598655096255243,0.0009814153420445555,11,32.8125,1.8314384460449218,-1.0
0.03407180980922511,0.0023631016508891033,8,0.4737769530620426,0.0009757729755661012,11,34.375,1.8188441848754884,-1.0
0.03407065959002536,0.0024998358701570677,9,0.47553064092062414,0.0009694047112816298,11,34.875,1.779724006652832,-1.0
0.03398473091566792,0.003137825379291406,10,0.4827192099764943,0.0009623203685930871,11,35.625,1.732724485397339,-1.0
0.034031677937421664,0.0033941655957068387,11,0.48664706107228994,0.0009545308710434153,11,37.6875,1.6980619430541992,-1.0
0.023667370076649465,0.00241534669811909,12,0.33918056497350335,0.0009460482294732422,11,37.625,1.6789507675170898,-1.0
0.018767140017679103,0.003224475667453729,13,0.286018735030666,0.0009368855235010348,11,38.5625,1.6649462127685546,-1.0
0.034050491387740925,0.003084712464792224,14,0.48286833497695625,0.0009270568813552758,11,37.9375,1.6183733558654785,-1.0
0.03406769805587828,0.0031344866236815085,15,0.483751435065642,0.0009165774580897602,11,41.375,1.6063097381591798,-1.0
0.03410494433214458,0.0031604154501110315,16,0.48456116393208504,0.0009054634122155992,11,41.1875,1.5772548961639403,-1.0
0.03412141985833072,0.0031253516029279968,17,0.48432006500661373,0.0008937318807859689,11,42.8125,1.5394669151306153,-1.0
0.012497099170174737,0.0031233993717111074,18,0.20318051101639867,0.0008814009529720156,11,41.25,1.545692024230957,-1.0
0.02506869091079212,0.0025315676959088216,19,0.35891807405278087,0.0008684896421706646,11,42.4375,1.5183604526519776,-1.0
0.03410166831543812,0.002132870453911332,20,0.4711692640557885,0.0008550178566873412,11,44.4375,1.4895398235321045,-1.0
0.03402965087801791,0.0021565203519108202,21,0.47053597890771925,0.0008410063690388064,11,44.1875,1.464047384262085,-1.0
0.034038678384744205,0.0030149483086111453,22,0.4818119779229164,0.0008264767839234412,11,45.375,1.464450054168701,-1.0
0.034102840116247535,0.0034271575009020474,23,0.4880082050804049,0.000811451504908368,11,46.0625,1.4426009368896484,-1.0
0.00932137231127574,0.0033175793046561573,24,0.16441644518636167,0.0007959536998847743,11,48.25,1.407322587966919,-1.0
0.03304497089881737,0.00226592688033214,25,0.45915323798544705,0.0007800072653447032,11,47.75,1.3993956470489501,-1.0
0.034166060137347534,0.004460860706435947,26,0.5022637508809566,0.0007636367895343947,11,47.6875,1.4074443435668946,-1.0
0.03408630955247925,0.0031838267504309234,27,0.4846315709874034,0.0007468675145409928,11,49.6875,1.3474144268035888,-1.0
0.03406730446463021,0.0030910412315279245,28,0.4831736551132053,0.0007297252973710758,11,48.9375,1.3465961265563964,-1.0
0.026350060459942773,0.002095949388324068,29,0.36990830092690885,0.0007122365700810271,11,48.5,1.345880651473999,-1.0
0.012969016007935772,0.0028451919878044953,30,0.20569256413728,0.0006944282990207196,11,53.375,1.2888964653015136,-1.0
0.03403048122373338,0.0030433962372346567,31,0.4820731058716774,0.0006763279432533592,11,51.5625,1.2962464714050292,-1.0
0.03416355842581162,0.003605629890584029,32,0.49111270694993436,0.0006579634122155992,11,52.0,1.3073970985412597,-1.0
0.03400822510369695,0.0033200537391866627,33,0.48538401909172535,0.000639363022683212,11,53.3125,1.2522695636749268,-1.0
0.034263242716686085,0.0033266806007864382,34,0.4888101629912853,0.0006205554551086735,11,53.1875,1.2488182544708253,-1.0
0.016617480092323743,0.003754888679115818,35,0.2649473729543388,0.0006015697093979838,11,52.8125,1.2163127517700196,-1.0
0.02039676048577978,0.002288729274788728,36,0.29502676986157894,0.0005824350601949146,11,54.3125,1.1863820266723633,-1.0
0.03405435044819919,0.004895249095100623,37,0.5064581020269543,0.0005631810117416299,11,55.125,1.1767048835754395,-1.0
0.03399693844123529,0.00232813826117378,38,0.47235485003329813,0.0005438372523852835,11,55.3125,1.1896220970153808,-1.0
0.034230994794947595,0.0023381208212902914,39,0.47551087103784084,0.0005244336088007391,11,56.3125,1.1838688373565673,-1.0
0.03449497810708216,0.0021467605928102364,40,0.4764557620510459,0.0005050000000000001,11,56.375,1.1440987586975098,-1.0
0.01030328581467844,0.003465307500356665,41,0.17909618793055415,0.0004855663911992613,11,57.0625,1.176442289352417,-1.0
0.031930712320340365,0.003905527526512742,42,0.4659898760728538,0.00046616274761471693,11,58.9375,1.0941006517410279,-1.0
0.03408963817100112,0.002076654211403086,43,0.47027378901839256,0.00044681898825837057,11,59.5,1.0706856060028076,-1.0
0.03410367449172414,0.002115709581770576,44,0.4709651430603117,0.000427564939805086,11,58.625,1.093717246055603,-1.0
0.03405249806550833,0.0031568087064302885,45,0.48384279082529247,0.00040843029060201667,11,59.75,1.0698418235778808,-1.0
0.02959622901219588,0.0035262836788136223,46,0.43071451713331044,0.000389444544891327,11,57.5,1.1022965812683105,-1.0
0.008499838232707519,0.0021278170618013693,47,0.13829259807243943,0.0003706369773167883,11,59.8125,1.0607239246368407,-1.0
0.034097326740335956,0.002083835944246787,48,0.47049446310848,0.0003520365877844012,11,60.75,1.049899287223816,-1.0
0.034304376548299424,0.0034134918465637243,49,0.4904665690846741,0.0003336720567466412,11,61.875,1.0014922952651977,-1.0
0.03418222676890974,0.003635784163354681,50,0.4917474212124944,0.0003155717009792807,11,62.4375,1.0083698081970214,-1.0
0.034171795150121816,0.003321662384013717,51,0.4875268649775535,0.00029776342991897335,11,62.4375,0.9864108228683471,-1.0
0.02252602344378829,0.002950704871461942,52,0.331303637009114,0.00028027470262892445,11,62.4375,0.977970473766327,-1.0
0.018925898386022218,0.0024791813742082855,53,0.2783968518488109,0.0002631324854590073,11,63.0625,0.958271632194519,-1.0
0.03410102267606327,0.00288598001218186,54,0.48096582596190274,0.0002463632104656054,11,62.75,0.9686049461364746,-1.0
0.03407985025730271,0.00216573066651248,55,0.47132747317664325,0.0002299927346552969,11,62.8125,0.9598802900314332,-1.0
0.034167061327025294,0.00223355174351197,56,0.47334356303326786,0.00021404630011522587,11,64.5,0.9419773769378662,-1.0
0.0342548716132744,0.0021281861521017095,57,0.47311518294736743,0.00019854849509163232,11,65.1875,0.9270364165306091,-1.0
0.016491109899316844,0.00213951741058666,58,0.24233100283890963,0.00018352321607655918,11,63.75,0.9431083059310913,-1.0
0.024766066577285528,0.002188919040446098,59,0.35055011510849,0.00016899363096119395,11,64.5625,0.922838282585144,-1.0
0.034104847779067665,0.002151061906121098,60,0.47146076592616737,0.000154982143312659,11,65.75,0.9151796078681946,-1.0
0.034256068541883275,0.0022160501505893012,61,0.4742712820880115,0.0001415103578293356,11,66.6875,0.9055477857589722,-1.0
0.03406001217305087,0.002285566897346423,62,0.4726301529444754,0.0001285990470279847,11,67.1875,0.8932308721542358,-1.0
0.03428303434226949,0.003717170276034337,63,0.49413847317919135,0.0001162681192140312,11,66.875,0.8939652061462402,-1.0
0.009728600145675816,0.0037661358499183105,64,0.17556601809337735,0.00010453658778440107,11,68.0625,0.8648919868469238,-1.0
0.03408271226530465,0.0021320110401855065,65,0.4709296990185976,9.342254191024022e-05,11,68.25,0.8442790985107422,-1.0
0.03413426476674011,0.0027049305454756203,66,0.47904496104456484,8.294311864472437e-05,11,68.1875,0.8543990087509156,-1.0
0.034247226314619184,0.003301247524527403,67,0.4882647409103811,7.311447649896551e-05,11,68.25,0.8404804515838623,-1.0
0.03413664691078548,0.0021697826182039883,68,0.47212437517009676,6.395177052675794e-05,11,69.5625,0.8343110704421997,-1.0
0.025398001719552737,0.0031932432097024643,69,0.37182076508179307,5.546912895658472e-05,11,70.3125,0.8175252723693848,-1.0
0.01671472000173078,0.002841428226719682,70,0.2543644579127431,4.767963140691306e-05,11,68.0625,0.852902626991272,-1.0
0.03420274111872109,0.002199406108747308,71,0.4733643678482622,4.059528871837034e-05,11,70.3125,0.8073607063293458,-1.0
0.03438452935705964,0.0030520524865446184,72,0.4868164930958301,3.4227024433899e-05,11,68.6875,0.8303146553039551,-1.0
0.0343252218220956,0.003422909720729177,73,0.4908618829213083,2.8584657955444653e-05,11,69.3125,0.8294202899932861,-1.0
0.034277975774155214,0.003464514300083885,74,0.49078813404776156,2.367688940315011e-05,11,70.1875,0.8012389039993286,-1.0
0.014466153475670861,0.0031558407578044212,75,0.22922058613039553,1.951128620040094e-05,11,70.5,0.8020799589157105,-1.0
0.0273236336473089,0.002674751574746691,76,0.39012806094251573,1.6094271405406862e-05,11,69.375,0.8081534838676453,-1.0
0.03403363598940464,0.0020179870144392434,77,0.46878938493318856,1.3431113807311488e-05,11,69.5625,0.825870373249054,-1.0
0.034154382444774874,0.0037383151849588524,78,0.4927184379193932,1.1525919802101659e-05,11,69.25,0.8217788195610046,-1.0
0.0340895417612046,0.0031671097788673183,79,0.48445068090222776,1.0381627060842164e-05,11,69.4375,0.8098794174194336,-1.0
0.032935736127770864,0.0030471868813037872,80,0.4678848299663514,1e-05,11,70.1875,0.8095209217071533,-1.0
0.03627015908049153,0.012051339061664683,1,0.6766335521824658,0.000999618372939158,12,13.058823529411764,4.91737362020156,-1.0
0.033973995063986094,0.0020184408640488982,2,0.5040166459511966,0.0009984740801978985,12,21.058823522399454,2.1949712035235236,-1.0
0.03404156886972487,0.0030146275613723056,3,0.5189036650117487,0.0009965688861926887,12,25.117647069341995,2.0945933801987593,-1.0
0.025408586487174034,0.002850194860781942,4,0.3957300679758191,0.0009939057285945933,12,27.470588214257184,2.0113870065352497,-1.0
0.01853962686644601,0.002693821842383061,5,0.2973806499503553,0.0009904887137995992,12,29.647058851578656,1.9625191006940954,-1.0
0.03400708131292569,0.0019425989095387714,6,0.5034060589969158,0.00098632311059685,12,29.352941183482898,1.9251070984672098,-1.0
0.03403779849343534,0.0030684522186805096,7,0.5196054058615118,0.0009814153420445555,12,31.235294152708615,1.8789348649978637,-1.0
0.03406923841352442,0.0032187580197517362,8,0.5221519179176539,0.0009757729755661012,12,32.470588228281805,1.8467892643984627,-1.0
0.03216220016059067,0.0035449734090694358,9,0.5000069888774306,0.0009694047112816298,12,33.58823528009302,1.8118888221067542,-1.0
0.013332826102019421,0.0029343159569959554,10,0.22785065392963588,0.0009623203685930871,12,33.70588235644733,1.7909962368011474,-1.0
0.03403154810491417,0.0027590003197214435,11,0.5151769309304655,0.0009545308710434153,12,33.294117647058826,1.7889069680606617,-1.0
0.03419684169680944,0.002924407599493861,12,0.5198166370391846,0.0009460482294732422,12,34.647058837554034,1.7531558777304257,-1.0
0.034024393801311295,0.002830348476501448,13,0.5160781699232757,0.0009368855235010348,12,36.05882350837483,1.7346873925713933,-1.0
0.03404886757821909,0.0029824182856827974,14,0.5185534739866853,0.0009270568813552758,12,37.88235293416416,1.6837053902008954,-1.0
0.00933719877087112,0.003076068075772907,15,0.17390196002088487,0.0009165774580897602,12,38.0588235504487,1.6587749896329993,-1.0
0.033925978716329803,0.0030023836464221987,16,0.5171141079626977,0.0009054634122155992,12,40.82352939072777,1.6245636788536522,-1.0
0.03404716681689024,0.002530074545315334,17,0.512196599971503,0.0008937318807859689,12,39.9411764495513,1.5860637709673713,-1.0
0.03407272980881056,0.002878977551258036,18,0.517436491092667,0.0008814009529720156,12,40.99999999298769,1.6031300892549403,-1.0
0.03409097227267921,0.002814728733418243,19,0.5168092169333249,0.0008684896421706646,12,40.17647062329685,1.5904999685287475,-1.0
0.01714899261215968,0.0021864533191546798,20,0.2708041148725897,0.0008550178566873412,12,42.05882356447332,1.5687124824523926,-1.0
0.02441268149829869,0.0018566279904916883,21,0.3678794458974153,0.0008410063690388064,12,41.41176472691929,1.5404487876331106,-1.0
0.03401731100997755,0.0023592146379607065,22,0.5093871019780636,0.0008264767839234412,12,43.23529413167168,1.5238850217707016,-1.0
0.034030096871512275,0.0019494406213717802,23,0.5038255830295384,0.000811451504908368,12,44.23529415972092,1.4655918612199672,-1.0
0.033975247626325915,0.0019875443041590707,24,0.5035893311724067,0.0007959536998847743,12,44.823529467863196,1.4632580120423262,-1.0
0.028619503003678153,0.003285663784481585,25,0.44677708204835653,0.0007800072653447032,12,45.64705885859097,1.4451881863089169,-1.0
0.021109422968168343,0.0035706713762400405,26,0.34563134517520666,0.0007636367895343947,12,47.52941179976744,1.4361394007065718,-1.0
0.0340586201221283,0.0028311740939638446,27,0.5165877940598875,0.0007468675145409928,12,46.17647060225992,1.409916579022127,-1.0
0.03414714720565826,0.0020668734962652835,28,0.5071286479942501,0.0007297252973710758,12,45.17647057421067,1.4191329498852001,-1.0
0.034227162516409795,0.002116207066657288,29,0.5089637779165059,0.0007122365700810271,12,45.647058830541724,1.4144855190725887,-1.0
0.032357656762802174,0.002210102160461247,30,0.48407818796113133,0.0006944282990207196,12,47.882352969225714,1.3662290517021627,-1.0
0.011413557405051376,0.002283004461787641,31,0.19188216095790267,0.0006763279432533592,12,46.23529412465937,1.3585980664982515,-1.0
0.03413817559235862,0.0025389515462198426,32,0.5136074109468609,0.0006579634122155992,12,47.6470588796279,1.3820307392232558,-1.0
0.033975852703276486,0.002201048008698438,33,0.5066124021541327,0.000639363022683212,12,47.47058824230643,1.3701775318033556,-1.0
0.03394930252605783,0.0023574355457510266,34,0.5084258390124887,0.0006205554551086735,12,48.176470546161426,1.3565156117607566,-1.0
0.03400467677108411,0.0025551305817706244,35,0.5119506120681763,0.0006015697093979838,12,49.411764705882355,1.3422698264963486,-1.0
0.013499000176255192,0.0022483246866613626,36,0.2205707491375506,0.0005824350601949146,12,49.17647056719836,1.3144501192429487,-1.0
0.022159949194506874,0.0027374106658888714,37,0.34868067502975464,0.0005631810117416299,12,50.17647057421067,1.300801410114064,-1.0
0.03406443899231298,0.002550266866040017,38,0.5127136032097042,0.0005438372523852835,12,52.117647016749665,1.2534392508338479,-1.0
0.03424972854554653,0.0020628872360768063,39,0.5084856338799,0.0005244336088007391,12,51.94117647760055,1.2766385616975673,-1.0
0.03400336071250162,0.0030711336460496697,40,0.5191561600659043,0.0005050000000000001,12,50.764705910402185,1.2611257396024815,-1.0
0.028616080293431878,0.003293748778690185,41,0.4468561739195138,0.0004855663911992613,12,52.94117648461286,1.2254432148091934,-1.0
0.013578009492318546,0.0029943397967144847,42,0.2321367950644344,0.00046616274761471693,12,51.2352941456963,1.238165436071508,-1.0
0.03398977254983038,0.002227054809087089,43,0.5071478299796581,0.00044681898825837057,12,53.588235322166895,1.2079081108990837,-1.0
0.03399538652904864,0.00335155419140522,44,0.5229690270498395,0.000427564939805086,12,54.94117648461286,1.1977498306947596,-1.0
0.033972283775386004,0.0036481228723589864,45,0.5267969090491533,0.00040843029060201667,12,52.882353011299585,1.2213938084770652,-1.0
0.03397857063516442,0.003716585592233709,46,0.5278456469532102,0.000389444544891327,12,54.29411766108345,1.1893208857143627,-1.0
0.008529850231882716,0.0038583371954570922,47,0.17355095804668963,0.0003706369773167883,12,54.82352936969084,1.1911057876138127,-1.0
0.03411174169741571,0.002604508589554046,48,0.5141634570900351,0.0003520365877844012,12,54.705882352941174,1.1637285785114064,-1.0
0.034152843739970455,0.0034371291985735297,49,0.5263937921263278,0.0003336720567466412,12,55.88235299727496,1.1447346844392665,-1.0
0.034035321491371305,0.0020513300052178757,50,0.5053432250861079,0.0003155717009792807,12,57.000000035061554,1.1306493610494277,-1.0
0.03425727521867624,0.0020499862896810684,51,0.5084351100958884,0.00029776342991897335,12,58.76470589637756,1.1035922157063203,-1.0
0.015804682675349926,0.0022503484672467622,52,0.2529069499578327,0.00028027470262892445,12,56.352941148421344,1.146412434016957,-1.0
0.02361381779025708,0.002156533716645624,53,0.3609215149190277,0.0002631324854590073,12,58.88235295520109,1.0998203055998859,-1.0
0.03405773125788463,0.003438847671662058,54,0.525079966057092,0.0002463632104656054,12,59.23529413167168,1.0857492609585033,-1.0
0.03408764334329005,0.0019162428798153996,55,0.5041837699245661,0.0002299927346552969,12,56.99999998597538,1.096959234125474,-1.0
0.03398181122195508,0.0031118894195450203,56,0.5194536510389298,0.00021404630011522587,12,58.76470586131601,1.0843822257659015,-1.0
0.02755443866564227,0.0032160939050040077,57,0.430921965977177,0.00019854849509163232,12,58.647058851578656,1.0526222624498256,-1.0
0.01646403520966747,0.0031916579963373287,58,0.2753149070776999,0.00018352321607655918,12,58.88235289910261,1.0572150244432337,-1.0
0.03416051449520247,0.003151133856070893,59,0.5224945831578225,0.00016899363096119395,12,60.705882352941174,1.0291451037631316,-1.0
0.03401675632423056,0.0028941381689427154,60,0.5169045501388609,0.000154982143312659,12,60.000000056098486,1.046109133608201,-1.0
0.03422674140892923,0.0028888773771801163,61,0.5197654908988625,0.0001415103578293356,12,61.294117604984955,1.0087497896306654,-1.0
0.03383585434806134,0.00289117094195847,62,0.5143140258733183,0.0001285990470279847,12,60.294117604984955,1.0326635960971609,-1.0
0.014477961181130792,0.0029256988117205246,63,0.2437908079009503,0.0001162681192140312,12,59.41176476198084,1.0176664329977596,-1.0
0.034163487858937254,0.0031255213543772697,64,0.5221597489435226,0.00010453658778440107,12,59.647058830541724,1.036022315866807,-1.0
0.034136206892851205,0.002197108813561499,65,0.5087801900226623,9.342254191024022e-05,12,59.588235322166895,1.0432002039516672,-1.0
0.034119155939801464,0.0030195527111313175,66,0.5200607879087329,8.294311864472437e-05,12,62.35294120451983,0.9951819386201747,-1.0
0.03423321408419205,0.003437568699674947,67,0.5275288240518421,7.311447649896551e-05,12,62.52941175068126,0.9962798051273122,-1.0
0.0098365702267204,0.0029696315593485323,68,0.17941841203719378,6.395177052675794e-05,12,61.88235289910261,1.0003245766022626,-1.0
0.03393579480637397,0.0034880531186770114,69,0.5240782459732145,5.546912895658472e-05,12,62.17647057421067,0.9969335404564352,-1.0
0.0341196248939793,0.002117999812721142,70,0.5074605459813029,4.767963140691306e-05,12,63.000000042073864,1.000247995853424,-1.0
0.03424417307334287,0.0034145877829619815,71,0.527356862090528,4.059528871837034e-05,12,61.647058837554034,0.9959147994658526,-1.0
0.034094830126767714,0.003658516365768654,72,0.5286632040515542,3.4227024433899e-05,12,62.94117642851437,0.9712585892396814,-1.0
0.01380802009121648,0.003529730485752225,73,0.2428398251067847,2.8584657955444653e-05,12,63.1764705882353,0.9646133149371428,-1.0
0.02840249760941203,0.0023226166875766857,74,0.4302887648809701,2.367688940315011e-05,12,62.235294075573194,0.987534875308766,-1.0
0.03407736490147987,0.002903755587924804,75,0.5178709388710558,1.951128620040094e-05,12,63.70588232489193,0.9635755606258617,-1.0
0.03407013218384236,0.0031212865308459315,76,0.5208153640851378,1.6094271405406862e-05,12,63.1764705882353,0.9779227144577924,-1.0
0.03403137000610253,0.004002263004492436,77,0.5326133149210364,1.3431113807311488e-05,12,62.294117640046515,0.9578818966360653,-1.0
0.021666626878348843,0.003429611911997199,78,0.3514745731372386,1.1525919802101659e-05,12,63.4117647339316,0.9566895564864664,-1.0
0.023305969778448343,0.002470869155201529,79,0.3609852788504213,1.0381627060842164e-05,12,63.76470588235294,0.96128262127147,-1.0
0.03409278193222625,0.0029191441468096207,80,0.5182795729488134,1e-05,12,62.352941148421344,0.9680498730435091,-1.0
0.0153646527013431,0.01118554489997526,1,0.3984112299513072,0.000999618372939158,13,14.055555555555555,4.603916659884983,-1.0
0.03390944401423136,0.0019127751234918832,2,0.5374857049901038,0.0009984740801978985,13,23.11111111111111,2.1932042100694447,-1.0
0.03426466387075682,0.0028238961938768627,3,0.5564726949669421,0.0009965688861926887,13,25.38888888888889,2.0080172390407984,-1.0
0.03423624347584943,0.0031532525240133206,4,0.5609826489817351,0.0009939057285945933,13,29.833333333333332,1.9381690131293403,-1.0
0.03416856440405051,0.0027693082578480245,5,0.5542098209261894,0.0009904887137995992,13,31.166666666666668,1.8831865776909722,-1.0
0.01301551031259199,0.0030390363652259113,6,0.24094960605725646,0.00098632311059685,13,31.333333333333332,1.8372205437554254,-1.0
0.033950178790837525,0.002105462473506729,7,0.5409671969246119,0.0009814153420445555,13,36.05555555555556,1.7872727966308595,-1.0
0.034133786149322984,0.003484587122996648,8,0.5643872460350394,0.0009757729755661012,13,34.5,1.7753795539008246,-1.0
0.03398212046983341,0.0018641564063727855,9,0.5378049488645047,0.0009694047112816298,13,36.611111111111114,1.7410602145724827,-1.0
0.03102938733063638,0.0029212469390283028,10,0.5093637390527874,0.0009623203685930871,13,34.94444444444444,1.7574002922905816,-1.0
0.013550887179250518,0.0033965736938019594,11,0.25433608796447515,0.0009545308710434153,13,36.0,1.703880123562283,-1.0
0.03400140890541176,0.0018577314292391141,12,0.5379995519760996,0.0009460482294732422,13,38.333333333333336,1.6606890530056424,-1.0
0.03401634378048281,0.0029006750167657933,13,0.553865676978603,0.0009368855235010348,13,37.94444444444444,1.6666541883680555,-1.0
0.03396436780070265,0.002724873802314202,14,0.5504543059505522,0.0009270568813552758,13,38.5,1.640814938015408,-1.0
0.029214885411784054,0.0038456431900461513,15,0.4960110620595515,0.0009165774580897602,13,40.611111111111114,1.621576673719618,-1.0
0.017012838538115225,0.0037835141954322654,16,0.3120776789728552,0.0009054634122155992,13,39.888888888888886,1.5871829054090711,-1.0
0.03423510588084658,0.0029315691751738387,17,0.5576336758676916,0.0008937318807859689,13,40.27777777777778,1.6104319593641494,-1.0
0.034200132343297204,0.003631626861169934,18,0.5676115090027452,0.0008814009529720156,13,37.77777777777778,1.6463671196831597,-1.0
0.03434752511481444,0.0029531400961180527,19,0.5596487750299275,0.0008684896421706646,13,39.44444444444444,1.590527631971571,-1.0
0.02316687659670909,0.004095440326879422,20,0.4090639469213784,0.0008550178566873412,13,40.666666666666664,1.5559009467230902,-1.0
0.021013339422643183,0.0020577382451544206,21,0.3461942858994007,0.0008410063690388064,13,41.5,1.5269602033827039,-1.0
0.03433906015319129,0.0028965641278773544,22,0.5586640681140125,0.0008264767839234412,13,43.833333333333336,1.5062781863742405,-1.0
0.034305709212397534,0.003223675722256303,23,0.5630736819002777,0.000811451504908368,13,43.333333333333336,1.4997593349880642,-1.0
0.03413856766807536,0.003698883857578039,24,0.5677176548633724,0.0007959536998847743,13,43.888888888888886,1.506537365383572,-1.0
0.019119390302027264,0.00351943902981778,25,0.3396851629950106,0.0007800072653447032,13,45.0,1.448099416097005,-1.0
0.020574424571047228,0.00221539003153642,26,0.34196031792089343,0.0007636367895343947,13,44.94444444444444,1.4442053900824652,-1.0
0.03404111120228966,0.003216892930989464,27,0.5589835920836776,0.0007468675145409928,13,44.888888888888886,1.4604945458306207,-1.0
0.03403904267276327,0.003654940923055013,28,0.5655238749459386,0.0007297252973710758,13,43.888888888888886,1.4865452745225693,-1.0
0.03410976310260594,0.003439316355312864,29,0.5633477489463985,0.0007122365700810271,13,47.166666666666664,1.4262093353271483,-1.0
0.01990061692583064,0.003418494015932083,30,0.34989670803770423,0.0006944282990207196,13,48.22222222222222,1.401606920030382,-1.0
0.021276922523975374,0.001899677732338508,31,0.3477668189443648,0.0006763279432533592,13,47.333333333333336,1.3962379879421658,-1.0
0.0340078075726827,0.001983277825638652,32,0.5399776871781796,0.0006579634122155992,13,48.333333333333336,1.3715749952528211,-1.0
0.033927407053609686,0.002696700021624565,33,0.5494744437746704,0.000639363022683212,13,46.888888888888886,1.3647054121229383,-1.0
0.03402986712753773,0.003489175143962105,34,0.5629013071302325,0.0006205554551086735,13,49.44444444444444,1.360780249701606,-1.0
0.021742178111647567,0.003009044099599123,35,0.37137315003201365,0.0006015697093979838,13,47.666666666666664,1.3733130391438801,-1.0
0.02053481647744775,0.0022614022561659414,36,0.3420522129163146,0.0005824350601949146,13,50.611111111111114,1.3317072211371528,-1.0
0.03405932819781204,0.0028746796616663534,37,0.5541225061751902,0.0005631810117416299,13,49.77777777777778,1.315200678507487,-1.0
0.034032514520610374,0.0025142026909937463,38,0.5483124540187418,0.0005438372523852835,13,50.0,1.3264822557237412,-1.0
0.0340053106037279,0.002960375463590026,39,0.5545972269028425,0.0005244336088007391,13,51.05555555555556,1.310928700764974,-1.0
0.02146669360809028,0.003312640730291605,40,0.3717958531342447,0.0005050000000000001,13,51.333333333333336,1.2990591006808812,-1.0
0.021422333472097915,0.0022512503278752168,41,0.3552139620296657,0.0004855663911992613,13,52.72222222222222,1.2786204698350694,-1.0
0.03398978067561984,0.0018078226440896592,42,0.5370768480934203,0.00046616274761471693,13,52.111111111111114,1.258770014444987,-1.0
0.034018985880538824,0.0035025941984107097,43,0.5629345558118075,0.00044681898825837057,13,53.27777777777778,1.2617623477511937,-1.0
0.03401822415180504,0.003585999986777703,44,0.5641758199781179,0.000427564939805086,13,53.166666666666664,1.2197117360432943,-1.0
0.02057316596619785,0.002939091296866536,45,0.35278911609202623,0.00040843029060201667,13,51.77777777777778,1.2706036037868924,-1.0
0.0193484533422937,0.0020918839300672213,46,0.32171832700259984,0.000389444544891327,13,53.5,1.2062728881835938,-1.0
0.03404059892830749,0.0031604956680287917,47,0.5581289459951222,0.0003706369773167883,13,55.94444444444444,1.1911935763888888,-1.0
0.033998231729492547,0.00306849773041904,48,0.5561123888473958,0.0003520365877844012,13,55.55555555555556,1.1941283671061198,-1.0
0.03406246318481863,0.003366326152657469,49,0.5615433761849999,0.0003336720567466412,13,54.0,1.1836535538567436,-1.0
0.02173189582924048,0.0029831971817960343,50,0.37083134101703763,0.0003155717009792807,13,55.333333333333336,1.1541629452175564,-1.0
0.02045265062091251,0.002918711910024285,51,0.35067847883328795,0.00029776342991897335,13,56.611111111111114,1.1437632581922743,-1.0
0.034024508638928336,0.0027949994274725515,52,0.5524026150815189,0.00028027470262892445,13,54.833333333333336,1.15629150390625,-1.0
0.03418419510126114,0.0029700493595252436,53,0.5574233999941498,0.0002631324854590073,13,55.888888888888886,1.163998760647244,-1.0
0.0339618687517941,0.0028594395766655604,54,0.5524324921425432,0.0002463632104656054,13,57.77777777777778,1.1507090504964193,-1.0
0.022314252766470113,0.002680223435163498,55,0.375022369902581,0.0002299927346552969,13,57.05555555555556,1.1478528255886502,-1.0
0.021272060554474594,0.0022647812496870757,56,0.35316249215975404,0.00021404630011522587,13,58.611111111111114,1.1067841169569228,-1.0
0.03395213161905607,0.00327853310542802,57,0.558569504879415,0.00019854849509163232,13,57.55555555555556,1.1094959004720053,-1.0
0.03396075443985561,0.0028796366260697443,58,0.552717061014846,0.00018352321607655918,13,56.833333333333336,1.1257240464952256,-1.0
0.03405048179750641,0.003125481540337205,59,0.5577509859576821,0.00016899363096119395,13,58.888888888888886,1.103070305718316,-1.0
0.020836962542186182,0.003185484930872917,60,0.3604420500341803,0.000154982143312659,13,59.166666666666664,1.109041879442003,-1.0
0.021508587105199695,0.0020641631601999205,61,0.3537065559066832,0.0001415103578293356,13,58.27777777777778,1.1103050316704643,-1.0
0.03408445340270797,0.0029385344746212165,62,0.5554563829209656,0.0001285990470279847,13,58.22222222222222,1.0933184687296549,-1.0
0.034085811426242195,0.00192377509859701,63,0.5402566359844059,0.0001162681192140312,13,58.22222222222222,1.07592527601454,-1.0
0.033972276669616504,0.0030565266652653614,64,0.5555649679154158,0.00010453658778440107,13,60.166666666666664,1.0624174669053819,-1.0
0.02229368849657476,0.002896165909866492,65,0.37797390413470566,9.342254191024022e-05,13,61.55555555555556,1.0508390765719944,-1.0
0.02155544244063397,0.0023489770945161583,66,0.3586910900194198,8.294311864472437e-05,13,60.888888888888886,1.0486181301540798,-1.0
0.03418588371326526,0.002954006365810831,67,0.5572410640306771,7.311447649896551e-05,13,61.77777777777778,1.0421612803141276,-1.0
0.034226588594416775,0.0021545501425862313,68,0.5458662149030715,6.395177052675794e-05,13,60.77777777777778,1.041863013373481,-1.0
0.03416069376592835,0.003132182111342748,69,0.5595266569871455,5.546912895658472e-05,13,60.611111111111114,1.0324978468153212,-1.0
0.022497685998678206,0.0018709881231188774,70,0.36565946508198977,4.767963140691306e-05,13,60.611111111111114,1.0324606068929036,-1.0
0.022565127862617374,0.0024793758677939576,71,0.37579551595263183,4.059528871837034e-05,13,62.388888888888886,1.027657699584961,-1.0
0.03439705134369433,0.0018952764570713044,72,0.5445185168646276,3.4227024433899e-05,13,61.5,1.0364328002929688,-1.0
0.03426126926206052,0.0019241818071653446,73,0.5429179898928851,2.8584657955444653e-05,13,61.611111111111114,1.0472157965766058,-1.0
0.03416903119844695,0.003968024471153815,74,0.57219048589468,2.367688940315011e-05,13,62.44444444444444,1.0111217244466146,-1.0
0.020663957375412188,0.0027826298804332814,75,0.3518288831692189,1.951128620040094e-05,13,60.72222222222222,1.0425650872124566,-1.0
0.022940636643519006,0.002221057548498114,76,0.3775774191599339,1.6094271405406862e-05,13,62.611111111111114,1.0190669631958007,-1.0
0.034194450033828615,0.0025966960936784746,77,0.5519977968651801,1.3431113807311488e-05,13,60.888888888888886,1.023825052049425,-1.0
0.034205570522074895,0.0028113112784922123,78,0.5553903619293123,1.1525919802101659e-05,13,61.22222222222222,1.014476530287001,-1.0
0.034275303361937404,0.0027548056406279404,79,0.5555859161540866,1.0381627060842164e-05,13,60.388888888888886,1.043529904683431,-1.0
0.020353997560838857,0.002753858904664715,80,0.34675203799270093,1e-05,13,61.0,1.0353587044609918,-1.0
0.03548738310734431,0.012204874291395147,1,0.7155317219439894,0.000999618372939158,14,15.368421090276618,4.743617018147519,-1.0
0.03421840214480956,0.0032132572494447233,2,0.5616113040596247,0.0009984740801978985,14,22.10526314534639,2.1614036489787853,-1.0
0.03420559441049894,0.002720100401590268,3,0.5540182609111071,0.0009965688861926887,14,25.684210463574058,2.01083278154072,-1.0
0.01794694303534925,0.0037769634276628495,4,0.32599837705492973,0.0009939057285945933,14,27.578947456259478,1.9610047669159738,-1.0
0.02730313902720809,0.0020431988251705963,5,0.4403234899509698,0.0009904887137995992,14,32.368421021260716,1.8995359747033371,-1.0
0.034320340414221086,0.0017617599728206794,6,0.5413706831168383,0.00098632311059685,14,33.57894733077601,1.8425061356393915,-1.0
0.034226984390988945,0.0031054051437725623,7,0.5601147960405797,0.0009814153420445555,14,35.63157901638433,1.784701990579304,-1.0
0.034342843340709805,0.00315573966751496,8,0.5626043630763888,0.0009757729755661012,14,34.73684209898899,1.7708847060956454,-1.0
0.016728434742738805,0.0026823763269931077,9,0.2912913290783763,0.0009694047112816298,14,38.000000069015904,1.7190975768942582,-1.0
0.024401345709338784,0.0021847873615721864,10,0.3989190149586648,0.0009623203685930871,14,39.94736845869767,1.6600860806515343,-1.0
0.03425945653580129,0.003204688662663102,11,0.5620933540631086,0.0009545308710434153,14,40.315789429765,1.6446084682564985,-1.0
0.034320371054733796,0.002746841016535958,12,0.5561563321389258,0.0009460482294732422,14,40.31578947995838,1.6126883117776167,-1.0
0.03430821931300064,0.0027402608189731835,13,0.5558555838651955,0.0009368855235010348,14,40.842105325899624,1.5979700720937628,-1.0
0.019010741946597895,0.0026686712478597957,14,0.32532113092020154,0.0009270568813552758,14,43.15789478703549,1.5566151433241995,-1.0
0.024591692661245664,0.001916117671256264,15,0.3977527969982475,0.0009165774580897602,14,42.684210563960825,1.5316202713313856,-1.0
0.03423161126362781,0.0027218846138566733,16,0.5544760269112885,0.0009054634122155992,14,43.894736904846994,1.4965441743951096,-1.0
0.03443772788159549,0.003437043990318974,17,0.56827084091492,0.0008937318807859689,14,43.57894732450184,1.478262306765506,-1.0
0.034479263812924425,0.002902477513998747,18,0.5608539201784879,0.0008814009529720156,14,44.15789473056793,1.4710082789471275,-1.0
0.01853017701456944,0.002608481049537659,19,0.31720391591079533,0.0008684896421706646,14,47.89473684210526,1.4227177717811184,-1.0
0.027026927874734003,0.0018959921163817248,20,0.43396999896503985,0.0008550178566873412,14,47.526315795747855,1.446228636189511,-1.0
0.03432593564502895,0.0032324688819547493,21,0.5635051089338958,0.0008410063690388064,14,48.42105258765974,1.38153911113739,-1.0
0.03431494870843987,0.0030385934126873813,22,0.5604322450235486,0.0008264767839234412,14,48.947368358310904,1.3707464120262547,-1.0
0.03428323618136346,0.0018650047636280457,23,0.5423519262112677,0.000811451504908368,14,48.21052640990207,1.3515823411941528,-1.0
0.018469343023995558,0.002052616033082207,24,0.30795960989780724,0.0007959536998847743,14,50.15789478703549,1.3410560472388016,-1.0
0.02715872332143287,0.0022358690078059834,25,0.44103185390122235,0.0007800072653447032,14,51.10526314534639,1.3040598206771048,-1.0
0.03426889558322728,0.0017847884135941663,26,0.540912670083344,0.0007636367895343947,14,52.1052631892656,1.2839301470706337,-1.0
0.03427406121045351,0.003208281534413497,27,0.5623492419254035,0.0007468675145409928,14,51.05263167305996,1.265785268231442,-1.0
0.03433096967637539,0.003627662919461727,28,0.5694936090148985,0.0007297252973710758,14,51.94736837713342,1.2561769447828595,-1.0
0.015719479244823257,0.002957363488773505,29,0.28027783893048763,0.0007122365700810271,14,54.473684304638915,1.2348242817426982,-1.0
0.026530254709844787,0.002601088893910249,30,0.437076783971861,0.0006944282990207196,14,54.894736892298646,1.194626703764263,-1.0
0.034239094067985816,0.001978504921620091,31,0.5433752711396664,0.0006763279432533592,14,56.0526314785606,1.2061678507453517,-1.0
0.03421920101779203,0.002698407042771578,32,0.5538739350158721,0.0006579634122155992,14,54.42105258138556,1.1793932279787565,-1.0
0.03429468232207,0.001982511083285014,33,0.5442672439385206,0.000639363022683212,14,56.473684097591196,1.1729095599525854,-1.0
0.019374618555108705,0.0027080700422326726,34,0.3313478399068117,0.0006205554551086735,14,57.57894731822767,1.120376323398791,-1.0
0.025457016037156183,0.0020111823764940103,35,0.41214649099856615,0.0006015697093979838,14,56.736842243294966,1.1281184447439094,-1.0
0.034230632971351344,0.0017580973605314891,36,0.5399396358989179,0.0005824350601949146,14,57.631578834433306,1.1313898121683221,-1.0
0.03424703894803922,0.0029346717211107412,37,0.5578370960429311,0.0005631810117416299,14,56.947368370859245,1.1270213280226056,-1.0
0.03457420286722481,0.0028242568019777536,38,0.5610874202102423,0.0005438372523852835,14,60.21052635343451,1.088740828288229,-1.0
0.019756777258589864,0.001836129076158007,39,0.324001677101478,0.0005244336088007391,14,60.47368437365482,1.0691761807391518,-1.0
0.02360765466776987,0.0021912292577326298,40,0.38711059815250337,0.0005050000000000001,14,60.6842104761224,1.0444250279978702,-1.0
0.03454115972854197,0.0028738461279620726,41,0.5613545821979642,0.0004855663911992613,14,61.47368438620316,1.0288876933800546,-1.0
0.034277546250571805,0.0019533232940981784,42,0.5435727259609848,0.00046616274761471693,14,60.947368584181135,1.0439197680824681,-1.0
0.03420041912856201,0.0019058464715878169,43,0.5417095459997654,0.00044681898825837057,14,62.10526324573316,1.0079853556030676,-1.0
0.02190398423311611,0.0028242909659941993,44,0.3710316480137408,0.000427564939805086,14,62.631578834433306,0.9845584964752198,-1.0
0.02319537685252726,0.0020676741531739633,45,0.37907473696395755,0.00040843029060201667,14,63.999999949806615,0.9492598834790682,-1.0
0.03434586101211608,0.0033022403872261445,46,0.5648552619386464,0.000389444544891327,14,62.84210546393143,0.9578538879595305,-1.0
0.034341581321010985,0.00208683207941552,47,0.546562384814024,0.0003706369773167883,14,65.10526333357159,0.9354480787327415,-1.0
0.03424910659280916,0.0028013608728845916,48,0.5558899601455778,0.0003520365877844012,14,63.368421165566694,0.97686405081498,-1.0
0.020074256975203753,0.0037212894142915807,49,0.3570438700262457,0.0003336720567466412,14,66.0000001631285,0.9124939750370227,-1.0
0.026157317512358228,0.00266329989147683,50,0.43242493411526084,0.0003155717009792807,14,65.84210536354466,0.88777465657184,-1.0
0.0342346527458479,0.0031935755784312883,51,0.5615357831120491,0.00029776342991897335,14,65.78947385988738,0.9028229640659533,-1.0
0.034381105269615846,0.003235396137461066,52,0.5643607899546623,0.00028027470262892445,14,67.36842109027661,0.8641149567302905,-1.0
0.03430610802024603,0.0018065845128148795,53,0.5418045290280133,0.0002631324854590073,14,66.42105281980415,0.8617474535891885,-1.0
0.017610181837032238,0.0030852045708646375,54,0.3105379561893642,0.0002463632104656054,14,67.21052650401467,0.8545790213032772,-1.0
0.029324482148513197,0.0027555721811950208,55,0.4813119010068476,0.0002299927346552969,14,68.15789478703549,0.8373869789274115,-1.0
0.03428688026033342,0.0017836074034372966,56,0.5411681099794805,0.00021404630011522587,14,69.05263175462422,0.8449993641752945,-1.0
0.03421874074265361,0.002839982323348522,57,0.5559974110219628,0.00019854849509163232,14,67.99999991216157,0.8480055570602417,-1.0
0.03426176281645894,0.002602481981739402,58,0.5530832300428301,0.00018352321607655918,14,69.47368427326805,0.8108604926812021,-1.0
0.016731778051083286,0.0019072926758478086,59,0.279690477065742,0.00016899363096119395,14,71.3684209773415,0.7926633421998275,-1.0
0.031122316777085265,0.002853977416331569,60,0.5097553180530667,0.000154982143312659,14,69.63157893482007,0.8027731229129591,-1.0
0.03433839607362946,0.0019773140549659727,61,0.544843572890386,0.0001415103578293356,14,70.94736853398774,0.7930605880837691,-1.0
0.034298843160892524,0.0027092119057973226,62,0.5552347048651427,0.0001285990470279847,14,70.31578937329743,0.793693047573692,-1.0
0.03429343920821945,0.003013054188340902,63,0.5597092281095684,0.0001162681192140312,14,70.57894749390452,0.7807888990954349,-1.0
0.012890106672421098,0.003110883136590322,64,0.24012325890362263,0.00010453658778440107,14,71.47368428581639,0.7598384899842112,-1.0
0.03143158477420608,0.002223691095908483,65,0.5049470441881567,9.342254191024022e-05,14,70.68421065179925,0.769272350010119,-1.0
0.03435244881547987,0.00198358657459418,66,0.5451716769021004,8.294311864472437e-05,14,72.42105275706241,0.7418109851134451,-1.0
0.03434459449102481,0.0028962477886428435,67,0.5587269340176135,7.311447649896551e-05,14,72.2631580202203,0.7301552675899706,-1.0
0.03436438666346173,0.002908928800995151,68,0.5592117088381201,6.395177052675794e-05,14,71.94736848379436,0.7363931755015725,-1.0
0.013239940737063687,0.0028651125418643155,69,0.24167857319116592,5.546912895658472e-05,14,73.63157894736842,0.7201229402893468,-1.0
0.03148744581267238,0.0024141161236912014,70,0.5086332429200411,4.767963140691306e-05,14,70.99999987451653,0.7424039489344547,-1.0
0.034346210506434244,0.002965450364475449,71,0.5597882529255003,4.059528871837034e-05,14,72.84210531335128,0.7251321943182695,-1.0
0.034270148972670236,0.0039902464331438145,72,0.5740194900427014,3.4227024433899e-05,14,73.68421065179925,0.717934127983294,-1.0
0.03423821112761895,0.0018628993382056554,73,0.5416257500182837,2.8584657955444653e-05,14,72.31578946113586,0.7154766574658845,-1.0
0.013005787211780747,0.0017905431178708872,74,0.22204976086504757,2.367688940315011e-05,14,71.52631570163526,0.7254133111552188,-1.0
0.02809971912453572,0.0020397338860978684,75,0.45220401301048696,1.951128620040094e-05,14,72.47368433600978,0.7240716702059695,-1.0
0.03433410849732657,0.0026784883035967746,76,0.5553025319240987,1.6094271405406862e-05,14,74.6842106392509,0.7178913825436642,-1.0
0.03425367516465485,0.0026947845704853534,77,0.5543425781652331,1.3431113807311488e-05,14,72.73684215545654,0.7202407164322703,-1.0
0.03421969208866358,0.002042531905074914,78,0.5440510159824044,1.1525919802101659e-05,14,74.10526322063647,0.705477680030622,-1.0
0.01628575084420542,0.003198410818974177,79,0.2923957649618387,1.0381627060842164e-05,14,72.94736859672948,0.7116661419366536,-1.0
0.026555986143648624,0.0021587715949863196,80,0.43087119795382023,1e-05,14,72.15789486232556,0.7281528135349876,-1.0
0.03513122769072652,0.01084180737962015,1,0.7356967721134424,0.000999618372939158,15,16.50000001192093,3.590018159866333,-1.0
0.034186355289421044,0.0019723777077160776,2,0.5786628909409046,0.0009984740801978985,15,25.65000001192093,2.059553590774536,-1.0
0.03422889446665067,0.0026682140887714922,3,0.5904852140229195,0.0009965688861926887,15,28.850000047683714,1.9432755136489868,-1.0
0.01505836310388986,0.0017727517697494477,4,0.2694087130948901,0.0009939057285945933,15,33.400000023841855,1.8446013813018798,-1.0
0.024141293790307827,0.001831280707847327,5,0.41568881180137396,0.0009904887137995992,15,34.00000004768371,1.7796427917480468,-1.0
0.034308350092032924,0.003455548358033411,6,0.6043799200560898,0.00098632311059685,15,35.9,1.7429510326385498,-1.0
0.03437350862077437,0.003204465436283499,7,0.6013969781342894,0.0009814153420445555,15,36.60000007152557,1.7022675189971923,-1.0
0.034320619379286654,0.0028704814903903753,8,0.5957194820512086,0.0009757729755661012,15,37.85000002384186,1.6732020864486694,-1.0
0.010754063448985107,0.003423708360060118,9,0.22698179516009986,0.0009694047112816298,15,37.850000047683714,1.6437846355438233,-1.0
0.03406593772524502,0.0017971938359551132,10,0.5739508050028235,0.0009623203685930871,15,40.75000007152558,1.6050907907485963,-1.0
0.03424449643353,0.0018079190631397069,11,0.5769897229038179,0.0009545308710434153,15,40.9,1.5895255126953125,-1.0
0.03420088590064552,0.0027386878500692546,12,0.5911694939713925,0.0009460482294732422,15,42.75000002384186,1.530598219871521,-1.0
0.032010749651817605,0.0025893445854308084,13,0.5537330838851631,0.0009368855235010348,15,43.69999997615814,1.4982175760269165,-1.0
0.01845425293140579,0.0024738094507483765,14,0.3349780112039298,0.0009270568813552758,15,44.9,1.5037964944839477,-1.0
0.03413477438152768,0.0026819105551112443,15,0.5891973031684756,0.0009165774580897602,15,44.60000014305115,1.461229528427124,-1.0
0.034219349108752795,0.0021591628901660442,16,0.5821958109736443,0.0009054634122155992,15,44.25,1.4769856929779053,-1.0
0.03435921235359274,0.0030418413371080533,17,0.5985524121206254,0.0008937318807859689,15,45.19999997615814,1.4238198862075806,-1.0
0.0192258578754263,0.0029688676295336336,18,0.3552471448201686,0.0008814009529720156,15,46.65,1.3977425317764283,-1.0
0.025546403965563513,0.001988510033697821,19,0.44069811212830245,0.0008684896421706646,15,49.800000071525574,1.3689837656021118,-1.0
0.03412584854231682,0.0030717284535057843,20,0.5952880010008812,0.0008550178566873412,15,48.9,1.3632128820419311,-1.0
0.03422210615826771,0.002769199214526452,21,0.5919956970028579,0.0008410063690388064,15,49.6,1.3420330028533936,-1.0
0.03436717772274278,0.0034780788409989327,22,0.6056584259495139,0.0008264767839234412,15,47.85,1.3520575866699218,-1.0
0.010464883947861381,0.003111955418717116,23,0.2173634199425578,0.000811451504908368,15,50.09999995231628,1.3144623937606812,-1.0
0.034115651083993725,0.0021430099732242525,24,0.5802798680961132,0.0007959536998847743,15,49.90000009536743,1.2897500133514403,-1.0
0.03425788096501492,0.0029138334066374227,25,0.5948598680552095,0.0007800072653447032,15,51.95,1.2627608709335327,-1.0
0.034204507057438605,0.003548933382262476,26,0.604165521916002,0.0007636367895343947,15,52.200000047683716,1.2489409093856811,-1.0
0.028867048997199163,0.0034132151340600103,27,0.5165910250507295,0.0007468675145409928,15,53.05000014305115,1.2242555904388428,-1.0
0.02040914521785453,0.0034614214673638344,28,0.3820460010319948,0.0007297252973710758,15,55.099999976158145,1.2302822341918946,-1.0
0.03426050450070761,0.0020490360620897263,29,0.5810673900414258,0.0007122365700810271,15,54.15,1.2032547073364257,-1.0
0.03426617485820316,0.003195748198777437,30,0.5995027360040694,0.0006944282990207196,15,56.2,1.1714276657104492,-1.0
0.03419863093586173,0.0039706168754491955,31,0.6108449099119753,0.0006763279432533592,15,56.3,1.1761693572998047,-1.0
0.014711948853801005,0.003727959454408847,32,0.2951626079156995,0.0006579634122155992,15,56.30000014305115,1.1412294483184815,-1.0
0.030175020699971355,0.0019145941187161952,33,0.5135523439384997,0.000639363022683212,15,56.09999995231628,1.1423007197380066,-1.0
0.0342793835880002,0.00251347704033833,34,0.5888005800079554,0.0006205554551086735,15,57.85000014305115,1.12459112739563,-1.0
0.03432063579384703,0.0033141537569463253,35,0.6022660350427032,0.0006015697093979838,15,57.350000095367434,1.0977276382446288,-1.0
0.03422515655984171,0.002946571126813069,36,0.5948606610763818,0.0005824350601949146,15,60.40000004768372,1.042959836959839,-1.0
0.013820986554492265,0.0025444271304877475,37,0.26195846614427865,0.0005631810117416299,15,61.399999952316286,1.0587417936325074,-1.0
0.03410521612386219,0.0017266649956582114,38,0.5734220740851015,0.0005438372523852835,15,59.750000143051146,1.0531349391937257,-1.0
0.03442448488203809,0.0026256282289978117,39,0.5929308431223035,0.0005244336088007391,15,60.799999952316284,1.0577277889251708,-1.0
0.034204212395707145,0.0025708145403768867,40,0.5885394781362265,0.0005050000000000001,15,63.80000014305115,0.9865720829963684,-1.0
0.025332221295684576,0.002477867645211518,41,0.44506557914428413,0.0004855663911992613,15,62.000000143051146,0.9897263622283936,-1.0
0.020036912872456014,0.0025237750087399036,42,0.36108329403214157,0.00046616274761471693,15,63.40000009536743,0.9864443264007569,-1.0
0.034224287534016185,0.0031795426475582644,43,0.5985902461688966,0.00044681898825837057,15,63.25000004768371,0.9574013462066651,-1.0
0.03418380091898143,0.0031304995209211484,44,0.5971411939244717,0.000427564939805086,15,65.65000004768372,0.9376466412544251,-1.0
0.03423795684648212,0.0033946263429243118,45,0.6022403291426599,0.00040843029060201667,15,65.45,0.9226562023162842,-1.0
0.015928130451356992,0.002500121481716633,46,0.294962105108425,0.000389444544891327,15,64.4,0.9352634153366088,-1.0
0.029252153559355065,0.002153900873963721,47,0.5026170499622822,0.0003706369773167883,15,66.55000004768371,0.9125025510787964,-1.0
0.034217464504763484,0.003104562681983225,48,0.5972624390851706,0.0003520365877844012,15,65.9,0.907262128829956,-1.0
0.03441425091295969,0.0033057273976737633,49,0.6036352559458464,0.0003336720567466412,15,66.1,0.8666838912963867,-1.0
0.03425785052240826,0.003319056660984643,50,0.6013410810846835,0.0003155717009792807,15,68.05000014305115,0.8458397216796875,-1.0
0.015493258732021786,0.00349163576902356,51,0.30387015896849334,0.00029776342991897335,15,68.45,0.8392343301773071,-1.0
0.034209493300295435,0.0018716251943260431,52,0.5774101340211928,0.00028027470262892445,15,68.35000004768372,0.8458538556098938,-1.0
0.034377958028926514,0.0036277627805247903,53,0.6082027689553797,0.0002631324854590073,15,69.40000014305114,0.8165526742935181,-1.0
0.034384857324766926,0.0034083400532836094,54,0.6048044259659946,0.0002463632104656054,15,68.7,0.8321549983024598,-1.0
0.02984582495992072,0.0037801769794896245,55,0.5381251240614802,0.0002299927346552969,15,69.05000009536744,0.820862443447113,-1.0
0.026039105985546485,0.0025088904512813315,56,0.45687845814973116,0.00021404630011522587,15,71.00000009536743,0.7671099581718445,-1.0
0.0269401089171879,0.0037042863841634244,57,0.4904191568493843,0.00019854849509163232,15,71.90000014305114,0.7729117932319641,-1.0
0.02657262909633573,0.0037871895328862593,58,0.4858696651645005,0.00018352321607655918,15,71.65000004768372,0.7546048402786255,-1.0
0.026062735487357713,0.003016908696736209,59,0.4653881271369755,0.00016899363096119395,15,70.25000014305115,0.7605719347000122,-1.0
0.026371009022113867,0.0029749039822490886,60,0.4696461239363998,0.000154982143312659,15,69.95000009536743,0.7677376599311828,-1.0
0.026102697520400397,0.0025728240434546024,61,0.4589180878829211,0.0001415103578293356,15,71.34999995231628,0.7576190609931945,-1.0
0.02609814722381998,0.0035902190284105018,62,0.4751206098590046,0.0001285990470279847,15,72.75,0.7505272917747497,-1.0
0.026318648946471512,0.003186910689692013,63,0.47219997993670404,0.0001162681192140312,15,72.49999995231629,0.7263147821426391,-1.0
0.01577290493878536,0.0028014576237183064,64,0.2972967610694468,0.00010453658778440107,15,71.55,0.7249649696350098,-1.0
0.02324028345174156,0.0020803642401006073,65,0.4052449339069426,9.342254191024022e-05,15,73.45,0.7289629912376404,-1.0
0.03421750810230151,0.001861067401478067,66,0.5773663609288633,8.294311864472437e-05,15,72.20000014305114,0.7164250040054321,-1.0
0.03427246019418817,0.0030261876236181706,67,0.5968924760818481,7.311447649896551e-05,15,75.05000014305115,0.6935925178527832,-1.0
0.03424433835607488,0.0018253440939588472,68,0.5772269449662417,6.395177052675794e-05,15,72.85000004768372,0.7092730059623719,-1.0
0.016528551626834087,0.0018153407436329871,69,0.29360750410705805,5.546912895658472e-05,15,72.04999995231628,0.7173452534675598,-1.0
0.027978844780591317,0.0020953316561644897,70,0.4812981591094285,4.767963140691306e-05,15,73.00000009536743,0.6970101289749145,-1.0
0.034243676214828156,0.0025403234612895176,71,0.5886572340968996,4.059528871837034e-05,15,74.80000014305115,0.6875647439956665,-1.0
0.03422571366536431,0.002524749157601036,72,0.5881180102005601,3.4227024433899e-05,15,75.40000009536743,0.6749500970840454,-1.0
0.034174181884736754,0.0032059242366813123,73,0.5981937348842621,2.8584657955444653e-05,15,75.30000009536744,0.6639101338386536,-1.0
0.008701451326487586,0.003826881293207407,74,0.20056031085550785,2.367688940315011e-05,15,75.00000014305115,0.6774640407562256,-1.0
0.03409862780245021,0.0018881887081079185,75,0.5759073600638658,1.951128620040094e-05,15,74.55000009536744,0.6835509781837463,-1.0
0.034230735909659415,0.0029582350252894685,76,0.5951380860060453,1.6094271405406862e-05,15,74.85000009536743,0.6915441083908082,-1.0
0.03430257132276893,0.002894583740271628,77,0.5952689331024885,1.3431113807311488e-05,15,75.15,0.6730490026473999,-1.0
0.02996738368528895,0.002913361749961041,78,0.5261978360358626,1.1525919802101659e-05,15,75.8,0.669104636669159,-1.0
0.01846092482446693,0.003249345361837186,79,0.3474734148476273,1.0381627060842164e-05,15,74.20000014305114,0.6663437905311584,-1.0
0.034283339700778015,0.0018265402904944494,80,0.5778772179037333,1e-05,15,74.59999995231628,0.6715517950057983,-1.0
0.024284146342645672,0.009969882543801385,1,0.5824497758876532,0.000999618372939158,16,18.047619064648945,4.287890931084043,-1.0
0.02425208906917011,0.0018685128786327207,2,0.444187899120152,0.0009984740801978985,16,24.190476218859356,2.0987509291512625,-1.0
0.03406449892174672,0.0016886642586220713,3,0.607935561100021,0.0009965688861926887,16,26.571428599811735,1.9801917521158854,-1.0
0.03406250367269797,0.001697767265688847,4,0.6080573538783938,0.0009939057285945933,16,30.000000011353265,1.9155505084991455,-1.0
0.0341680570752086,0.002559174153515521,5,0.6244928049854934,0.0009904887137995992,16,32.904761904761905,1.833376756849743,-1.0
0.009911414181046626,0.002484293408034479,6,0.2108418010175228,0.00098632311059685,16,33.238095249448506,1.8213520079567318,-1.0
0.034072877044844276,0.0016527305329766344,7,0.6074505508877337,0.0009814153420445555,16,35.61904763607752,1.7572850554330008,-1.0
0.03409284020445364,0.001714068916900193,8,0.6088265278376639,0.0009757729755661012,16,35.71428574834551,1.722803410348438,-1.0
0.0341512994183337,0.00317083386813893,9,0.6345910669770092,0.0009694047112816298,16,37.52380953516279,1.7109093954449608,-1.0
0.022700015058302703,0.0032539290019913633,10,0.4413287260103971,0.0009623203685930871,16,37.23809528918493,1.6653476238250733,-1.0
0.02470043079708429,0.002427536788780023,11,0.4612869049888104,0.0009545308710434153,16,37.52380955786932,1.6558380117870513,-1.0
0.034149696571095026,0.0027142716708647855,12,0.6267986369784921,0.0009460482294732422,16,38.761904824347724,1.621045314470927,-1.0
0.03409767320708317,0.0024651071494993042,13,0.6216807251330465,0.0009368855235010348,16,39.523809546516055,1.588689632869902,-1.0
0.034199925303897434,0.0017815359922892908,14,0.611804059939459,0.0009270568813552758,16,41.76190484137762,1.5542028517950148,-1.0
0.008754224091877831,0.0018957877285121119,15,0.18115665018558502,0.0009165774580897602,16,42.095238117944625,1.5262156234468733,-1.0
0.03409456738325603,0.0015598497873939136,16,0.6062358468770981,0.0009054634122155992,16,44.85714287417276,1.4892493983677455,-1.0
0.034106660867109895,0.0020077690098653823,17,0.6140724190045148,0.0008937318807859689,16,44.80952383223034,1.4700849760146368,-1.0
0.03432437252965482,0.00242984393501983,18,0.6249352609738708,0.0008814009529720156,16,46.476190498897004,1.4634889654886154,-1.0
0.02351392571376089,0.0034584947587812647,19,0.45865606400184333,0.0008684896421706646,16,44.57142865090143,1.451275117510841,-1.0
0.022403373150154948,0.0019274825531551067,20,0.4137737490236759,0.0008550178566873412,16,46.66666673478626,1.4383988593873525,-1.0
0.034131503020248866,0.001843058326117256,21,0.6117102259304374,0.0008410063690388064,16,47.95238103185381,1.37969683828808,-1.0
0.03425845029928228,0.003346687004737118,22,0.6394244679249823,0.0008264767839234412,16,50.095238140651155,1.3494784988675799,-1.0
0.03426433273810236,0.003054535372511429,23,0.63455616007559,0.000811451504908368,16,49.61904772122701,1.3683316319329397,-1.0
0.01022938810124555,0.0027749893009005222,24,0.2212101889308542,0.0007959536998847743,16,51.09523819741749,1.3358943539574033,-1.0
0.03409475823590422,0.0016617671696140485,25,0.6080072009935975,0.0007800072653447032,16,49.761904801641194,1.345798186347598,-1.0
0.03411762840936289,0.001777553533696953,26,0.6103510519023985,0.0007636367895343947,16,51.33333339009966,1.2810743506749471,-1.0
0.03433796704527648,0.0032819656600408696,27,0.6396753001026809,0.0007468675145409928,16,52.19047624724252,1.272037541979835,-1.0
0.02270563700072029,0.002614766003235298,28,0.4305521680507809,0.0007297252973710758,16,52.38095242636545,1.2690233714239938,-1.0
0.02437534007956,0.0022157178506912556,29,0.4521587509661913,0.0007122365700810271,16,52.619047653107415,1.2686601098378498,-1.0
0.034154533792067975,0.001693047911805265,30,0.6095217477995902,0.0006944282990207196,16,53.142857142857146,1.243376188051133,-1.0
0.03411363154266249,0.003848401624161531,31,0.6454791589640081,0.0006763279432533592,16,53.38095243771871,1.2383194839386713,-1.0
0.03416735352948308,0.002414580119554611,32,0.6220049699768424,0.0006579634122155992,16,54.80952393440973,1.1956743408384778,-1.0
0.014772293253746979,0.0032321325201979455,33,0.3061891379766166,0.000639363022683212,16,54.66666667801993,1.186853529385158,-1.0
0.034098821253899264,0.0016934758545283008,34,0.608581718057394,0.0006205554551086735,16,56.80952393440973,1.1575576355343773,-1.0
0.034162469399983394,0.0015940166571561027,35,0.6079741721041501,0.0006015697093979838,16,56.38095242636545,1.1303600270407541,-1.0
0.034068060258184284,0.0034466281478457593,36,0.6378628520760685,0.0005824350601949146,16,58.047619149798436,1.120971753483727,-1.0
0.01868942232035539,0.0016142149209318793,37,0.34526898292824626,0.0005631810117416299,16,57.619047653107415,1.1224592372349331,-1.0
0.02709482118542142,0.0018554869354428614,38,0.4922975820954889,0.0005438372523852835,16,59.809523843583605,1.085522846267337,-1.0
0.03412843581891673,0.0017410167629885323,39,0.6099169279914349,0.0005244336088007391,16,59.476190476190474,1.063116699173337,-1.0
0.034118775072891044,0.0020423130515743702,40,0.6148900450207293,0.0005050000000000001,16,57.85714294796898,1.092775536945888,-1.0
0.03334395182045067,0.003017685773289379,41,0.6182817199733108,0.0004855663911992613,16,61.28571429706755,1.0462778690883092,-1.0
0.018922640750294224,0.003287598298972144,42,0.37771024694666266,0.00046616274761471693,16,59.00000009082613,1.0455727774756296,-1.0
0.03420836619539734,0.0027998322757947095,43,0.6292712409049273,0.00044681898825837057,16,61.28571427436102,1.0317004056203933,-1.0
0.03411792874719728,0.003651613602414727,44,0.6422210480086505,0.000427564939805086,16,61.5714286622547,1.0117080992744083,-1.0
0.03411867353133857,0.00284121059538687,45,0.6284548849798739,0.00040843029060201667,16,61.19047628130232,1.0177279236203147,-1.0
0.010910977540975985,0.002842501230428324,46,0.23393149091862142,0.000389444544891327,16,61.85714292526245,0.9820667096546718,-1.0
0.03422214334611507,0.0016357018338406786,47,0.6097170780412853,0.0003706369773167883,16,63.57142861684164,0.9678247685659499,-1.0
0.03407163468792158,0.001627078786601915,48,0.6070115780457854,0.0003520365877844012,16,63.761904807317826,0.9277310222671146,-1.0
0.03407134725164403,0.0016554936985759175,49,0.6075277521740645,0.0003336720567466412,16,62.80952385493687,0.9704540763582502,-1.0
0.027409510522642556,0.0017745708361925447,50,0.4962772538419813,0.0003155717009792807,16,64.61904774393354,0.9424056205295381,-1.0
0.02236417924766155,0.0025884909281397566,51,0.42433611303567886,0.00029776342991897335,16,64.33333345821926,0.926517326037089,-1.0
0.034145763595862424,0.001799465882975389,52,0.6112306530121714,0.00028027470262892445,16,65.61904767581395,0.8951802414939517,-1.0
0.03419080223230755,0.0022759554798112195,53,0.6200880398973823,0.0002631324854590073,16,65.61904761904762,0.9068136144819714,-1.0
0.03411827461027047,0.0023913059712332837,54,0.6208041198551655,0.0002463632104656054,16,66.2380952835083,0.9012512708845593,-1.0
0.009810543783447322,0.0029733756228404887,55,0.2174654679838568,0.0002299927346552969,16,67.04761905897232,0.878326735837119,-1.0
0.03408943880897235,0.002144900835393106,56,0.6161145188380033,0.00021404630011522587,16,68.85714285714286,0.8448313878831409,-1.0
0.03418156278648359,0.0019140768631854478,57,0.6137722621206194,0.00019854849509163232,16,68.19047631536212,0.8662021741412935,-1.0
0.034163857454105336,0.002850373316665783,58,0.6293758838437498,0.00018352321607655918,16,67.85714290255592,0.8572381614503406,-1.0
0.02478963877622257,0.00256777840995175,59,0.46520772809162736,0.00016899363096119395,16,69.47619054431007,0.8424700205666679,-1.0
0.025578466709703207,0.0025967834654318936,60,0.47911185096018016,0.000154982143312659,16,68.8095238776434,0.8210763556616647,-1.0
0.03417772034128361,0.0017463521867552225,61,0.6108455660287291,0.0001415103578293356,16,68.38095250583831,0.8353057781855265,-1.0
0.034113787607673335,0.002677791628657895,62,0.625590625917539,0.0001285990470279847,16,69.61904764175415,0.7981652142888024,-1.0
0.03424574334777015,0.0026866231141064096,63,0.6280015171505511,0.0001162681192140312,16,71.28571442195347,0.7916988504500616,-1.0
0.018163532963679993,0.003557947628638324,64,0.36939278012141585,0.00010453658778440107,16,68.42857150804429,0.8227667448634193,-1.0
0.03409216077724362,0.0019486928632592455,65,0.6128429840318859,9.342254191024022e-05,16,69.666666723433,0.8008375263214111,-1.0
0.03430679081665242,0.0027208616546190835,66,0.6296140179038048,8.294311864472437e-05,16,70.76190484137763,0.7995276515824454,-1.0
0.0340751902994645,0.001711033284664154,67,0.6084994610864669,7.311447649896551e-05,16,71.57142865090142,0.7816384629976182,-1.0
0.01610509378780775,0.0016503277344300466,68,0.30197405302897096,6.395177052675794e-05,16,69.7619048527309,0.7765172974268595,-1.0
0.033594191129155015,0.002204772742355571,69,0.6086976879741997,5.546912895658472e-05,16,70.66666675749279,0.7631913835661752,-1.0
0.03408572874853716,0.001839293961358421,70,0.6108512640930712,4.767963140691306e-05,16,70.42857155345735,0.7664301594098409,-1.0
0.03414858206558753,0.003492234576055232,71,0.6400069119408727,4.059528871837034e-05,16,70.47619058972313,0.7685479184559413,-1.0
0.02575959829503999,0.002645715413724675,72,0.48300343193113804,3.4227024433899e-05,16,70.90476195017497,0.7573566477639334,-1.0
0.02418965762755012,0.002310925437247052,73,0.45064337202347815,2.8584657955444653e-05,16,72.90476195017497,0.7600597993532816,-1.0
0.034143151742789674,0.0018671638989711508,74,0.6123160270508379,2.367688940315011e-05,16,72.09523814065116,0.7564806766737076,-1.0
0.03408133376882795,0.0017073887044235187,75,0.6085474900901318,1.951128620040094e-05,16,72.95238098644074,0.7451988913899377,-1.0
0.0341619983288076,0.002962464083205251,76,0.6312548080459237,1.6094271405406862e-05,16,71.52380953516278,0.7419961880502247,-1.0
0.012934731196283418,0.0034673384472946912,77,0.2789681542199105,1.3431113807311488e-05,16,71.7619048527309,0.7481705497560047,-1.0
0.034168821266468835,0.002853510504150215,78,0.6295147109776735,1.1525919802101659e-05,16,72.23809526080177,0.7443541170301892,-1.0
0.03406370029894307,0.0018422992297393434,79,0.610538535984233,1.0381627060842164e-05,16,71.57142860548836,0.7682454444113231,-1.0
0.03411858820575563,0.0018218947464928908,80,0.611104334006086,1e-05,16,72.42857150804429,0.7273684090659732,-1.0
0.03568173872513904,0.009519596105544932,1,0.8137579071335495,0.000999618372939158,17,15.954545454545455,4.073949556350708,-1.0
0.03409307290955136,0.0020731747564342287,2,0.6511093520093709,0.0009984740801978985,17,22.863636363636363,2.0794779829545456,-1.0
0.03257442316195617,0.0018843020079657435,3,0.6203645439818501,0.0009965688861926887,17,27.545454545454547,1.9788642194054344,-1.0
0.017057948590566713,0.0027835888581143487,4,0.3572622761130333,0.0009939057285945933,17,29.181818181818183,1.9059942067753184,-1.0
0.034098927578371435,0.0014591938686660593,5,0.6401604360435158,0.0009904887137995992,17,33.18181818181818,1.8471005114642056,-1.0
0.03406200414368262,0.0017533108540293244,6,0.6447866149246693,0.00098632311059685,17,32.77272727272727,1.8064905474402688,-1.0
0.034027130433565214,0.001722113733800749,7,0.6435984729323536,0.0009814153420445555,17,36.1818182034926,1.7453973666104403,-1.0
0.011479953523828752,0.0015793580354915725,8,0.23541764193214476,0.0009757729755661012,17,35.90909090909091,1.7556682374260641,-1.0
0.0332928360827888,0.0016106830314836567,9,0.6284144790843129,0.0009694047112816298,17,37.227272748947144,1.694497673294761,-1.0
0.034071290309333965,0.0015132163599547413,10,0.6406477689743042,0.0009623203685930871,17,40.818181829019025,1.634140514460477,-1.0
0.03404111880809069,0.0015887461938998764,11,0.6414688569493592,0.0009545308710434153,17,39.00000002167442,1.618149483420632,-1.0
0.023220879504353635,0.0016411290529908405,12,0.4476399489212781,0.0009460482294732422,17,41.00000002167442,1.6095030489834872,-1.0
0.02480006543919444,0.0018709511754827367,13,0.48021592386066914,0.0009368855235010348,17,42.36363638531078,1.577161532315341,-1.0
0.03411353153124866,0.0020861239689919683,14,0.6517235720530152,0.0009270568813552758,17,42.54545455629175,1.5563794846968217,-1.0
0.03409496595203462,0.0016060211023108827,15,0.642748462036252,0.0009165774580897602,17,44.27272728356448,1.5373415647853506,-1.0
0.03081927015187426,0.0015828307433467773,16,0.5833629230037332,0.0009054634122155992,17,44.31818183985624,1.4957384699041194,-1.0
0.015297314734198153,0.001834947434771392,17,0.3085194060113281,0.0008937318807859689,17,44.22727272727273,1.5082554002241655,-1.0
0.03407463811648389,0.0015575151580075424,18,0.6415109459776431,0.0008814009529720156,17,45.1818182034926,1.483730635209517,-1.0
0.03407585703664356,0.0016133292940341765,19,0.6425322629511356,0.0008684896421706646,17,44.1818182034926,1.4730789041519166,-1.0
0.03419261377873934,0.0015812556569774945,20,0.6440638909116387,0.0008550178566873412,17,46.318181829019025,1.4106810626116666,-1.0
0.014081043165384067,0.0015640583329109682,21,0.2817457071505487,0.0008410063690388064,17,47.90909091992812,1.395375088778409,-1.0
0.033002979523088366,0.0017911297553736302,22,0.6264112920034677,0.0008264767839234412,17,48.68181819265539,1.377773195180026,-1.0
0.03405269223731011,0.0024658215956555474,23,0.6574442440178245,0.000811451504908368,17,48.545454567128964,1.3620696674693715,-1.0
0.03402265286745711,0.0016399929688001673,24,0.642035337164998,0.0007959536998847743,17,50.86363636363637,1.3216745961796155,-1.0
0.02164694516816073,0.0019004357745870948,25,0.4239585839677602,0.0007800072653447032,17,49.00000002167442,1.3406764633005315,-1.0
0.021442879263001185,0.0016129298989350598,26,0.41511311708018184,0.0007636367895343947,17,50.86363638531078,1.2982013149694962,-1.0
0.034053306819664106,0.0015271876343629425,27,0.6405579932034016,0.0007468675145409928,17,51.09090911258351,1.2937036830728705,-1.0
0.03410458823459016,0.001717859258254369,28,0.6449164028745145,0.0007297252973710758,17,50.77272727272727,1.288595476584001,-1.0
0.03405338913823167,0.0015984848659071657,29,0.641844566911459,0.0007122365700810271,17,51.90909090909091,1.261795799515464,-1.0
0.01451006495497293,0.0017945621576574114,30,0.29361269203945994,0.0006944282990207196,17,53.5,1.2292386904629795,-1.0
0.03410512095110284,0.0015052544315242106,31,0.641116940882057,0.0006763279432533592,17,54.18181818181818,1.229010828625072,-1.0
0.03406787307984713,0.0016332451486960053,32,0.6427497111726552,0.0006579634122155992,17,54.22727272727273,1.2168572930856185,-1.0
0.034227389260195196,0.0016127276855210464,33,0.6452523090410978,0.000639363022683212,17,55.318181861530654,1.1980510364879262,-1.0
0.015436832663706608,0.0015750412777480152,34,0.30633722618222237,0.0006205554551086735,17,56.90909090909091,1.1594991579922762,-1.0
0.03322108956571254,0.0025526928818888133,35,0.6440591001883149,0.0006015697093979838,17,56.00000002167442,1.1687904565984553,-1.0
0.03409750876016915,0.001555503915167517,36,0.6418934960383922,0.0005824350601949146,17,56.22727273810994,1.1757962452281605,-1.0
0.0340322041625364,0.0017367734496171276,37,0.6439739749766886,0.0005631810117416299,17,57.40909090909091,1.1270058714259754,-1.0
0.023342506119257048,0.001579577607723574,38,0.4487011518795043,0.0005438372523852835,17,56.50000002167442,1.1494484502618962,-1.0
0.024869574738355976,0.001958368371965157,39,0.48301823902875185,0.0005244336088007391,17,58.727272748947144,1.0954577914151278,-1.0
0.03403831394906673,0.0027384499424240654,40,0.6620952289085835,0.0005050000000000001,17,59.59090909090909,1.095931888927113,-1.0
0.03410480325368957,0.0017580653075128794,41,0.6456608369480819,0.0004855663911992613,17,58.36363636363637,1.0905875825881959,-1.0
0.03225874816740139,0.0016272834424550335,42,0.610055377939716,0.00046616274761471693,17,58.09090911258351,1.107330006686124,-1.0
0.011795510964778563,0.0019336404770405756,43,0.24772220896556973,0.00044681898825837057,17,60.36363638531078,1.0514369414069435,-1.0
0.0341082664930986,0.0014890284510329366,44,0.6408812131267041,0.000427564939805086,17,61.04545454545455,1.0374975481900301,-1.0
0.03408011658272395,0.001535343303759065,45,0.6411978059913963,0.00040843029060201667,17,62.0,1.0087886899167842,-1.0
0.03412715809988893,0.0016088825133111742,46,0.6433628909289837,0.000389444544891327,17,62.13636365803805,0.9892992227727717,-1.0
0.01889913372643706,0.0016443072171467873,47,0.3698911489918828,0.0003706369773167883,17,61.18181818181818,1.0257816449078647,-1.0
0.025945931996425822,0.0014971167288927569,48,0.49408946791663766,0.0003520365877844012,17,64.27272727272727,0.9793179186907681,-1.0
0.03407803528373026,0.0015769004951127702,49,0.6419004101771861,0.0003336720567466412,17,63.545454567128964,0.9657040301236239,-1.0
0.034099453943781555,0.0017134182206872436,50,0.6447592400945723,0.0003155717009792807,17,63.40909090909091,0.9684704451127486,-1.0
0.03218311908292688,0.0016354311438691285,51,0.6088691749610007,0.00029776342991897335,17,65.50000004334883,0.9237087696248835,-1.0
0.014453206741664972,0.002277462769092785,52,0.30128584196791053,0.00028027470262892445,17,64.72727277062155,0.9381586248224432,-1.0
0.03404479486764305,0.001837833849195805,53,0.6460014788899571,0.0002631324854590073,17,64.13636367971247,0.9418049621582031,-1.0
0.03408451070491639,0.0017359079534394874,54,0.6448788628913462,0.0002463632104656054,17,66.36363638531078,0.9070039280978116,-1.0
0.0341047166665602,0.0015561789429436128,55,0.6420104498974979,0.0002299927346552969,17,65.2727273160761,0.9264559932188554,-1.0
0.01651491241581324,0.0015720225896479355,56,0.32567054801620543,0.00021404630011522587,17,66.5,0.8827194729718295,-1.0
0.029540918172440596,0.0014879035556481944,57,0.5586335719563067,0.00019854849509163232,17,67.36363636363636,0.8542913217978044,-1.0
0.034050455782562494,0.0017904520500451326,58,0.6452523341868073,0.00018352321607655918,17,67.45454545454545,0.8715144144405018,-1.0
0.03425856267050323,0.0025563141744997767,59,0.66278037102893,0.00016899363096119395,17,68.5909091125835,0.8597799340161411,-1.0
0.027180649547113314,0.0022596756850058832,60,0.5300295988563448,0.000154982143312659,17,67.63636365803805,0.8683407560261813,-1.0
0.017737231993426878,0.0015587670625083977,61,0.3474320468958467,0.0001415103578293356,17,67.95454547621988,0.8569810696081682,-1.0
0.034080989400131836,0.001535188044524855,62,0.641210061032325,0.0001285990470279847,17,69.27272727272727,0.8205134198882363,-1.0
0.03416523367114779,0.001580329327326682,63,0.6435293660033494,0.0001162681192140312,17,68.90909095243974,0.8237386326356367,-1.0
0.03410311706829816,0.0019475649912945097,64,0.6490200581029058,0.00010453658778440107,17,69.0909091125835,0.8173002251711758,-1.0
0.01147219373120202,0.002768482715408835,65,0.2564400869887322,9.342254191024022e-05,17,68.86363636363636,0.8219264455275103,-1.0
0.03293708180232594,0.0021482392524679503,66,0.6316616670228541,8.294311864472437e-05,17,68.72727274894714,0.8318525466051969,-1.0
0.03411293284605361,0.002121178316883743,67,0.6523459770251065,7.311447649896551e-05,17,70.36363638531078,0.8100086645646529,-1.0
0.034313218771583505,0.0025243296210343638,68,0.6632104120217264,6.395177052675794e-05,17,69.72727277062155,0.811920412236994,-1.0
0.023979162292865414,0.0016484707593917847,69,0.4614014308899641,5.546912895658472e-05,17,69.3636364069852,0.7969748444990679,-1.0
0.02236149977478716,0.001630473946635094,70,0.43198435893282294,4.767963140691306e-05,17,71.00000004334883,0.7872848959402604,-1.0
0.034140041473114655,0.0025597152481269506,71,0.6607258548028767,4.059528871837034e-05,17,69.90909095243974,0.796048103462566,-1.0
0.034364813770581454,0.0019129544574146469,72,0.6531302630901337,3.4227024433899e-05,17,70.68181818181819,0.7767540914362128,-1.0
0.0339648041020458,0.002110246517178085,73,0.6494582400191575,2.8584657955444653e-05,17,69.40909093076533,0.7926621359044855,-1.0
0.01447265029936615,0.002957296868165334,74,0.31385005405172706,2.367688940315011e-05,17,70.40909095243974,0.7878505951708014,-1.0
0.03405992112432917,0.0014871054251367848,75,0.6399572340305895,1.951128620040094e-05,17,71.13636367971247,0.7688177611611107,-1.0
0.03402435938672473,0.0021448175086536342,76,0.6511548480484635,1.6094271405406862e-05,17,69.86363638531078,0.7828614568710327,-1.0
0.03410727596686532,0.00184904253627691,77,0.6473266109824181,1.3431113807311488e-05,17,70.63636365803805,0.7803988096930764,-1.0
0.016097233954092696,0.0016744213256364067,78,0.31999810808338225,1.1525919802101659e-05,17,70.40909095243974,0.7752819822051308,-1.0
0.030212819757353928,0.001746291126538482,79,0.5753806398715824,1.0381627060842164e-05,17,70.77272729440169,0.7811363083666021,-1.0
0.0340438158923967,0.0016276946731118693,80,0.6421993970870972,1e-05,17,71.63636365803805,0.7791706295446916,-1.0
0.00999806232802156,0.009458653176099889,1,0.35034859902225435,0.000999618372939158,18,19.217391268066738,4.37813795628755,-1.0
0.03431767408943011,0.0018773984112259415,2,0.6516441118437797,0.0009984740801978985,18,26.565217344657235,2.037317578274271,-1.0
0.03453916350069145,0.001701831558926238,3,0.6524707090575248,0.0009965688861926887,18,29.04347825568655,1.9248167610168456,-1.0
0.03425199969206005,0.001590166473761201,4,0.6452972670085728,0.0009939057285945933,18,33.26086958594944,1.8301412165683248,-1.0
0.020774928697695334,0.0017318679666560558,5,0.40524940099567175,0.0009904887137995992,18,36.130434725595556,1.7831054867868839,-1.0
0.02900294753878067,0.0019500644541242057,6,0.5572936940006912,0.00098632311059685,18,35.217391159223475,1.7277804316645082,-1.0
0.03425598316567226,0.00175395416509774,7,0.6482937440741807,0.0009814153420445555,18,36.78260856089385,1.6772516263049582,-1.0
0.034243927207878895,0.001712798063332836,8,0.6473482239525765,0.0009757729755661012,18,39.13043468413146,1.6604733010996944,-1.0
0.029596655927081075,0.0015829712954453295,9,0.5613407408818603,0.0009694047112816298,18,39.65217376791912,1.61785589363264,-1.0
0.019435949351948995,0.0024209875975632006,10,0.39355252496898174,0.0009623203685930871,18,41.130434720412545,1.575097282036491,-1.0
0.0343086541009446,0.0015157614446555574,11,0.6449712468311191,0.0009545308710434153,18,41.47826080736907,1.5550346855495287,-1.0
0.03425267506908211,0.0015662445479796992,12,0.6448790309950709,0.0009460482294732422,18,42.69565213763195,1.5298701767299485,-1.0
0.034350875027788184,0.0016183725868662198,13,0.6475873359013349,0.0009368855235010348,18,44.17391300719717,1.4803073771103568,-1.0
0.012069674376915727,0.0017989349499758747,14,0.24974985094740987,0.0009270568813552758,18,44.260869534119315,1.4776128401963606,-1.0
0.008872345503833558,0.00274115767226451,15,0.20915690809488297,0.0009165774580897602,18,45.65217381456624,1.453097211588984,-1.0
0.03430980226645867,0.0023412992272319067,16,0.6598419400397688,0.0009054634122155992,18,46.69565206506978,1.4328725512131402,-1.0
0.034434907384113304,0.0017833477274204295,17,0.6520445260684937,0.0008937318807859689,18,47.30434780535491,1.4060634138273156,-1.0
0.03441626369021833,0.0015778117037067811,18,0.6480287089943886,0.0008814009529720156,18,48.826086966887765,1.3738216858324797,-1.0
0.02379284995711512,0.0016096945877911316,19,0.4573796009644866,0.0008684896421706646,18,49.08695643881093,1.3373496642320053,-1.0
0.024959689342520304,0.0016888492714820637,20,0.47980312909930944,0.0008550178566873412,18,50.86956520702528,1.307224643126778,-1.0
0.0342874589195061,0.0017800374060041374,21,0.649352930020541,0.0008410063690388064,18,48.30434782608695,1.333912359320599,-1.0
0.03426754874332497,0.001753437578574651,22,0.6485155310947448,0.0008264767839234412,18,51.04347810537919,1.2801851173069165,-1.0
0.03269375356224676,0.002175544556747708,23,0.627775798086077,0.000811451504908368,18,51.39130431672801,1.2744150383576103,-1.0
0.0174086898073761,0.001791401973201169,24,0.34573248703964055,0.0007959536998847743,18,52.52173888165018,1.269247106883837,-1.0
0.03424044953296996,0.0019052409722159307,25,0.6507601661141962,0.0007800072653447032,18,54.391304347826086,1.228792672364608,-1.0
0.034371641671491995,0.0016034407696376245,26,0.6476883878931403,0.0007636367895343947,18,53.95652180132659,1.223229476472606,-1.0
0.034309387840848,0.0015672882760150565,27,0.6459182160906494,0.0007468675145409928,18,54.999999844509624,1.1847802835962047,-1.0
0.014955684969512125,0.0017069602488643592,28,0.30005337088368833,0.0007297252973710758,18,55.86956512409708,1.1546306554130885,-1.0
0.033223035861738026,0.001608576250469519,29,0.627102066995576,0.0007122365700810271,18,56.91304331240447,1.157453523926113,-1.0
0.034293537105744086,0.0018737682322454122,30,0.6511464859358966,0.0006944282990207196,18,57.999999906705774,1.1013070983472077,-1.0
0.03430216732279708,0.0017590179599614607,31,0.6492384190205485,0.0006763279432533592,18,58.782608654188074,1.1032130295297373,-1.0
0.025060352351930406,0.0017961807574869858,32,0.4835475399158895,0.0006579634122155992,18,58.7826087060182,1.095204615800277,-1.0
0.02365417665957163,0.0017796812785996331,33,0.45794395403936505,0.000639363022683212,18,59.04347832306571,1.0696960024211717,-1.0
0.0343385350295446,0.0022023990232911375,34,0.6578798959963024,0.0006205554551086735,18,60.43478251540142,1.0872754654677017,-1.0
0.03427530719070799,0.0016737541364919809,35,0.6472157519310713,0.0006015697093979838,18,59.95652156290801,1.0477744077599567,-1.0
0.03237589499137054,0.003652027510623965,36,0.6486334200017154,0.0005824350601949146,18,61.26086954448534,1.0343632646228955,-1.0
0.016954042276160583,0.002086931102288266,37,0.3428703888785094,0.0005631810117416299,18,61.26086958594944,1.01558047823284,-1.0
0.03432512730877432,0.0017737645733480651,38,0.6499082760419697,0.0005438372523852835,18,62.39130430636199,1.0052944898605347,-1.0
0.03437045498544143,0.0016101575715260373,39,0.647787329973653,0.0005244336088007391,18,63.30434783645298,0.9747483146708945,-1.0
0.0343495584351735,0.0016287919004551238,40,0.6477198600769043,0.0005050000000000001,18,63.82608689432559,0.9733435139448746,-1.0
0.014645554539230134,0.001615007084587382,41,0.29279679898172617,0.0004855663911992613,18,64.26086931643279,0.936537330876226,-1.0
0.03350312987135516,0.0019854490722840032,42,0.6389163639396429,0.00046616274761471693,18,65.56521719434987,0.9215835376407789,-1.0
0.0342937990402182,0.0022819864615384075,43,0.6584787801839411,0.00044681898825837057,18,64.78260847796564,0.9419687954239223,-1.0
0.03437972703896877,0.0015531377866864204,44,0.646923054009676,0.000427564939805086,18,63.60869551741558,0.9382792236493981,-1.0
0.024195261855816677,0.0016348844833879007,45,0.4650680108461529,0.00040843029060201667,18,65.8695650515349,0.898024319773135,-1.0
0.023351224773149524,0.0017596217803657055,46,0.45212757494300604,0.000389444544891327,18,66.34782590036806,0.8738974326589833,-1.0
0.034348470314095415,0.001882898233210047,47,0.6522943570744246,0.0003706369773167883,18,68.26086940972701,0.851090507818305,-1.0
0.03439243401711186,0.0018185625473658245,48,0.6519319869112223,0.0003520365877844012,18,66.60869557961173,0.8680664698973946,-1.0
0.034365063067525625,0.0015680095982841319,49,0.6469320908654481,0.0003336720567466412,18,68.99999997926795,0.8149761039277782,-1.0
0.01361687648265312,0.0022882072436105874,50,0.2864241851493716,0.0003155717009792807,18,69.34782590036806,0.8191106471808061,-1.0
0.03430282001176642,0.0018620177094514172,51,0.6510986171197146,0.00029776342991897335,18,68.95652163547018,0.8054039346653482,-1.0
0.03434990253299475,0.0015682635259711081,52,0.6466599481645972,0.00028027470262892445,18,68.86956510336503,0.8043323390380196,-1.0
0.03434112596894718,0.001575952977873385,53,0.6466389270499349,0.0002631324854590073,18,71.043478032817,0.7813195582058119,-1.0
0.017360675549652014,0.0017286132270884183,54,0.34372944105416536,0.0002463632104656054,18,71.56521731874217,0.7591675980194755,-1.0
0.02901794145711594,0.0018259224792321522,55,0.555851249024272,0.0002299927346552969,18,71.43478257759757,0.7614053826746733,-1.0
0.03428575825980968,0.0016292577428329322,56,0.64657978201285,0.00021404630011522587,18,71.34782585890397,0.7491347566894863,-1.0
0.03436393232550472,0.0016705332867180307,57,0.6487331090029329,0.00019854849509163232,18,72.78260862309,0.7351321288813716,-1.0
0.029234852835846443,0.0018920740500713389,58,0.5603911229409277,0.00018352321607655918,18,72.26086940972701,0.7298903289048568,-1.0
0.018423332173066836,0.002179815990125967,59,0.3709694049321115,0.00016899363096119395,18,70.30434758766837,0.739067341244739,-1.0
0.03430253309973826,0.001590293909733494,60,0.646187620004639,0.000154982143312659,18,72.86956514482912,0.721289832799331,-1.0
0.03431987088535809,0.001657695457753208,61,0.6477090229745954,0.0001415103578293356,18,73.91304320874421,0.6992748832702637,-1.0
0.03440368571318686,0.0016171825635764333,62,0.6484890191350132,0.0001285990470279847,18,73.78260865418807,0.7088709884104522,-1.0
0.013407582468870614,0.0018965407507494092,63,0.275585071882233,0.0001162681192140312,18,73.56521719434987,0.7083859256039495,-1.0
0.03427896120895942,0.0022915308493086034,64,0.6584108490496874,0.00010453658778440107,18,74.69565188366434,0.6707233442430911,-1.0
0.034331995631671615,0.0016134645945082109,65,0.6471543489024043,9.342254191024022e-05,18,74.13043463748434,0.66645634620086,-1.0
0.03442732083042049,0.0017335912885351314,66,0.6510362671688199,8.294311864472437e-05,18,74.43478252576745,0.6616568705309992,-1.0
0.02442456505054401,0.0018181410074854891,67,0.47249781200662255,7.311447649896551e-05,18,74.86956502043682,0.6603293490409851,-1.0
0.02662353251232869,0.001637718265151812,68,0.5088333701714873,6.395177052675794e-05,18,75.34782597293024,0.6548525069070898,-1.0
0.03452163126267907,0.0016049152343637412,69,0.6504139499738812,5.546912895658472e-05,18,76.17391304347827,0.6477107290599657,-1.0
0.034339509710359074,0.0016577520614696874,70,0.648087076144293,4.767963140691306e-05,18,74.73913031039031,0.6560750185925027,-1.0
0.032558924440915384,0.0016219730023294687,71,0.6153860879130661,4.059528871837034e-05,18,76.78260864382204,0.6262821083483489,-1.0
0.017982206902363233,0.001892854265558223,72,0.3578872550278902,3.4227024433899e-05,18,75.13043466858242,0.6482614050740781,-1.0
0.03430353614708616,0.0017343091830197307,73,0.6488218358717859,2.8584657955444653e-05,18,75.56521723581398,0.6413521734527919,-1.0
0.03449364240643465,0.0016556522136347161,74,0.6508254089858383,2.367688940315011e-05,18,75.95652149034584,0.6462313640635946,-1.0
0.03430708839247624,0.0017432796691233914,75,0.6490369990933686,1.951128620040094e-05,18,76.34782581743987,0.63393021117086,-1.0
0.013820765307173133,0.001623502466827631,76,0.27812818507663906,1.6094271405406862e-05,18,76.56521726691204,0.6259792116413946,-1.0
0.03348808683868912,0.001837964557732145,77,0.6359850780572742,1.3431113807311488e-05,18,76.91304339533266,0.6279093943471494,-1.0
0.03427311950104518,0.0019358833863710363,78,0.6518754009157419,1.1525919802101659e-05,18,76.78260862309,0.6382638497974562,-1.0
0.03436630132556376,0.0018070393966303931,79,0.6512544339057058,1.0381627060842164e-05,18,76.8695651759272,0.6328244458074155,-1.0
0.02485983340173132,0.0017636935485319959,80,0.4793285629712045,1e-05,18,77.47826082810111,0.6295068001747132,-1.0
0.03565015600945212,0.009141803461764204,1,0.8511840039864182,0.000999618372939158,19,17.416666666666668,4.079832582473755,-1.0
0.03424256154041933,0.001572151876691925,2,0.6805986519902945,0.0009984740801978985,19,24.708333333333332,2.072122292518616,-1.0
0.03202093527407238,0.0015491995176202373,3,0.6379480639006943,0.0009965688861926887,19,28.666666666666668,1.9490958182017009,-1.0
0.017434078317723777,0.0014448827377667552,4,0.35881929798051715,0.0009939057285945933,19,31.62500003973643,1.8732682784398398,-1.0
0.03428773404295115,0.001633806386962533,5,0.6826220278162509,0.0009904887137995992,19,33.166666666666664,1.8082514953613282,-1.0
0.03441206434447514,0.001521463505923748,6,0.682849797885865,0.00098632311059685,19,34.20833337306976,1.7796413294474285,-1.0
0.034194787425038065,0.0015033242096634287,7,0.6783752259798348,0.0009814153420445555,19,34.58333337306976,1.7478267367680866,-1.0
0.009492715538822506,0.0017668768322389376,8,0.21403877390548587,0.0009757729755661012,19,36.75000007947286,1.7128611675898233,-1.0
0.03420566941464418,0.0020569558990629097,9,0.689104852033779,0.0009694047112816298,19,37.416666666666664,1.6722527424494424,-1.0
0.034279195751112546,0.0026670290328758327,10,0.7020968080032617,0.0009623203685930871,19,38.458333333333336,1.642624691327413,-1.0
0.034286731645758996,0.0025257170935602566,11,0.6995459299068898,0.0009545308710434153,19,39.791666666666664,1.6152147722244263,-1.0
0.01490258420572469,0.0015394689613266995,12,0.31250295508652925,0.0009460482294732422,19,41.041666746139526,1.6052189763387044,-1.0
0.03081198324645428,0.001446049121257506,13,0.6130307270213962,0.0009368855235010348,19,41.62500003973643,1.571619381904602,-1.0
0.034262620513082334,0.0014644995405289688,14,0.678951313951984,0.0009270568813552758,19,42.25,1.5187434196472167,-1.0
0.03428175239088504,0.0014618185569385165,15,0.6792490989901125,0.0009165774580897602,19,43.833333333333336,1.4983988523483276,-1.0
0.023513297709685407,0.0015003339779612265,16,0.47537405299954116,0.0009054634122155992,19,44.58333337306976,1.4808535385131836,-1.0
0.026294382448357186,0.0018340692928943195,17,0.5345520989503711,0.0008937318807859689,19,43.75,1.4667126337687175,-1.0
0.034223930223992,0.002063098829239607,18,0.689570986898616,0.0008814009529720156,19,45.70833341280619,1.4443938334782918,-1.0
0.03426722045007505,0.001456290226135599,19,0.6788618250284344,0.0008684896421706646,19,45.95833341280619,1.437783195177714,-1.0
0.027487685830381355,0.0015614811625135573,20,0.5520404211711138,0.0008550178566873412,19,46.9166667064031,1.3862902975082398,-1.0
0.023073243344888875,0.0020324275461270623,21,0.4771207650192082,0.0008410063690388064,19,48.95833337306976,1.3805577166875203,-1.0
0.03427894153681241,0.002984089666585389,22,0.7081115231849253,0.0008264767839234412,19,48.54166682561239,1.3566710392634074,-1.0
0.03427486821371866,0.0014901019412239915,23,0.679648423101753,0.000811451504908368,19,49.91666682561239,1.3353812472025552,-1.0
0.02958634719987841,0.0015576919050593126,24,0.5918427309952676,0.0007959536998847743,19,49.5416667064031,1.33544637521108,-1.0
0.020126577466726303,0.0022628308445411293,25,0.42553037498146296,0.0007800072653447032,19,51.166666746139526,1.3136041132609049,-1.0
0.03424090559986469,0.001686480974680499,26,0.6827540548983961,0.0007636367895343947,19,50.708333333333336,1.2764948606491089,-1.0
0.034290649499254006,0.0019134493471172295,27,0.6880080229602754,0.0007468675145409928,19,50.833333333333336,1.3012165117263794,-1.0
0.03188582979093649,0.0016451856292980281,28,0.6372224218212068,0.0007297252973710758,19,53.08333349227905,1.2693502235412597,-1.0
0.01938088237013864,0.001805749207146858,29,0.4026786480098963,0.0007122365700810271,19,52.833333333333336,1.2532004372278849,-1.0
0.0342960382051962,0.002379907062277198,30,0.6970001060981303,0.0006944282990207196,19,53.625,1.2149206145604452,-1.0
0.03430214614950513,0.001485855110283745,31,0.6801043429877609,0.0006763279432533592,19,54.08333349227905,1.2303157822291055,-1.0
0.03200862593458671,0.0017239501650788281,32,0.6410810488741845,0.0006579634122155992,19,54.791666666666664,1.1798935508728028,-1.0
0.023407269857431714,0.002626685254079731,33,0.4948145500384271,0.000639363022683212,19,55.83333341280619,1.1494428714116414,-1.0
0.03428790512445726,0.0014964292365077295,34,0.6800567950122058,0.0006205554551086735,19,57.75000015894572,1.1239979219436647,-1.0
0.034204553016216346,0.0018186076715784637,35,0.6846069518942386,0.0006015697093979838,19,56.58333341280619,1.130329926808675,-1.0
0.02917278490617479,0.0014910522578774315,36,0.5827749678865075,0.0005824350601949146,19,57.87500015894572,1.1188545322418213,-1.0
0.021541329014948325,0.001782484303571676,37,0.4433093569241464,0.0005631810117416299,19,59.791666666666664,1.0906669696172078,-1.0
0.034230202387430166,0.001825403140269612,38,0.6852092228364199,0.0005438372523852835,19,59.29166682561239,1.092675477663676,-1.0
0.03422954147926679,0.001731519722134659,39,0.6834201710298657,0.0005244336088007391,19,58.5,1.0821195522944131,-1.0
0.03010943331020443,0.0015808102723799255,40,0.6022420979570597,0.0005050000000000001,19,58.45833349227905,1.0809038003285727,-1.0
0.020219235570709173,0.0016652717941293591,41,0.4159380269702524,0.0004855663911992613,19,60.166666746139526,1.0502632824579874,-1.0
0.0344167885395061,0.001628682568767353,42,0.6850183818023652,0.00046616274761471693,19,60.62500015894572,1.0316060702006022,-1.0
0.034227042949121246,0.001483320368845996,43,0.6786512639373541,0.00044681898825837057,19,62.541666666666664,0.9811190191904704,-1.0
0.031014956178535755,0.0020795897090513456,44,0.62892433302477,0.000427564939805086,19,62.33333341280619,0.9933927162488302,-1.0
0.020759730636583346,0.0016266927858324426,45,0.42545054689981043,0.00040843029060201667,19,63.916666746139526,0.9547031593322753,-1.0
0.034268788858561924,0.0017323409893402928,46,0.6846662298776209,0.000389444544891327,19,62.20833349227905,1.0042276016871134,-1.0
0.03421435068900648,0.0014266603087124072,47,0.6772918470669538,0.0003706369773167883,19,63.70833349227905,0.9492166686058044,-1.0
0.031153136594711167,0.0016901426164335326,48,0.6241299849934876,0.0003520365877844012,19,62.708333333333336,0.9618181618054708,-1.0
0.02076321546184389,0.001810452018521334,49,0.42901301104575396,0.0003336720567466412,19,64.8333334128062,0.9446736884117126,-1.0
0.034215800856289114,0.001799610516938724,50,0.684406375978142,0.0003155717009792807,19,65.04166666666667,0.9013526439666748,-1.0
0.0342902225858875,0.0017682336221792195,51,0.6852197018451989,0.00029776342991897335,19,65.75000015894572,0.9176412582397461,-1.0
0.029398275514770495,0.0027484877990852845,52,0.6108940499834716,0.00028027470262892445,19,65.75000015894572,0.9036477080980937,-1.0
0.022815112514715446,0.002194106480792949,53,0.4752850951626897,0.0002631324854590073,19,66.5,0.8792666220664977,-1.0
0.03425591834820807,0.001906037440915641,54,0.6871898379176855,0.0002463632104656054,19,67.87500015894572,0.8564681943257649,-1.0
0.03427471018298284,0.0017683100273930713,55,0.6849302321206778,0.0002299927346552969,19,68.08333333333333,0.8512269242604573,-1.0
0.027743698489901266,0.0018674271965497418,56,0.5627159441355616,0.00021404630011522587,19,68.41666682561238,0.8382186961174011,-1.0
0.020876341352337284,0.0019762698609970117,57,0.4343118299730122,0.00019854849509163232,19,68.25000015894572,0.8259391085306803,-1.0
0.03424827646660177,0.0014025665280458174,58,0.6774778340477496,0.00018352321607655918,19,69.9583334128062,0.8117170842488607,-1.0
0.03430345968196267,0.0016525756371648687,59,0.6832757359370589,0.00016899363096119395,19,68.62500007947285,0.8392872166633606,-1.0
0.03030243931387208,0.001665756045105426,60,0.6075031021609902,0.000154982143312659,19,68.62500015894572,0.8121405506134033,-1.0
0.021051627142648948,0.0019262264923829782,61,0.436712697846815,0.0001415103578293356,19,70.83333333333333,0.7935629757245382,-1.0
0.034415455498291475,0.0019851887083955503,62,0.691752920858562,0.0001285990470279847,19,70.25000007947285,0.7759331202507019,-1.0
0.03424089042911012,0.0014312462513580133,63,0.6779052980709821,0.0001162681192140312,19,70.79166682561238,0.7881073705355326,-1.0
0.030768930887509333,0.0015110982778040987,64,0.6134490061085671,0.00010453658778440107,19,70.91666674613953,0.7745503584543864,-1.0
0.020862184011524443,0.0014926033511169646,65,0.42486665793694556,9.342254191024022e-05,19,70.83333333333333,0.7607783436775207,-1.0
0.03426601450988337,0.0018215612753441459,66,0.6858248389326036,8.294311864472437e-05,19,71.91666682561238,0.7562134464581808,-1.0
0.034319027866187846,0.0015138997083627864,67,0.6809770490508527,7.311447649896551e-05,19,71.5,0.74128786166509,-1.0
0.030586991275317575,0.002018311783965481,68,0.619654627982527,6.395177052675794e-05,19,72.41666666666667,0.752875124613444,-1.0
0.019727680378740554,0.0017431520391255617,69,0.40809758310206234,5.546912895658472e-05,19,72.16666666666667,0.7444221838315328,-1.0
0.034278301019711716,0.002871096710135278,70,0.7059698218945414,4.767963140691306e-05,19,71.4583334128062,0.7493216427167256,-1.0
0.03431982636500738,0.0017809509422237937,71,0.6860706419683993,4.059528871837034e-05,19,71.2083334128062,0.7654389826456706,-1.0
0.030173867769343287,0.0018363893399701307,72,0.6083416750188917,3.4227024433899e-05,19,72.29166682561238,0.7411647280057271,-1.0
0.020835418768815304,0.0015828747571887153,73,0.42610214790329337,2.8584657955444653e-05,19,73.75000015894572,0.730145267645518,-1.0
0.03422650522062261,0.001543914041432895,74,0.6797905641142279,2.367688940315011e-05,19,73.20833349227905,0.7374317828814189,-1.0
0.03434520970882946,0.0017453962936997414,75,0.6858866098336875,1.951128620040094e-05,19,74.08333349227905,0.7165865159034729,-1.0
0.03078222329924373,0.0015797208700525133,76,0.6150272430386394,1.6094271405406862e-05,19,72.79166666666667,0.7239069803555807,-1.0
0.02125392465754167,0.002417900758844457,77,0.4498930850531906,1.3431113807311488e-05,19,72.16666674613953,0.7353160087267557,-1.0
0.03431207587403294,0.0023370649739119565,78,0.6964714429341257,1.1525919802101659e-05,19,72.41666682561238,0.7348182940483093,-1.0
0.03424377618112454,0.0016232049215192858,79,0.6816104759927839,1.0381627060842164e-05,19,73.25000015894572,0.7202210688591003,-1.0
0.029460923427617865,0.0015080766752362251,80,0.5885401049163193,1e-05,19,73.625,0.720924953619639,-1.0
0.03569169833790511,0.00851368096191436,1,0.8842396638356149,0.000999618372939158,20,18.52000002861023,3.6871790031433105,-1.0
0.034186013543512674,0.0018888676539063453,2,0.7216186060104519,0.0009984740801978985,20,24.399999995231628,2.067179246902466,-1.0
0.023840731219388546,0.0015069163287989794,3,0.5070608928799629,0.0009965688861926887,20,26.959999995231627,1.985752392578125,-1.0
0.027669171628076583,0.0020699362736195325,4,0.5949242301285267,0.0009939057285945933,20,31.00000002861023,1.900074220275879,-1.0
0.03413861027220264,0.0015339837758801878,5,0.7135864710435271,0.0009904887137995992,20,32.43999999046326,1.851575732421875,-1.0
0.034356246527750045,0.0014477763208560646,6,0.7162118840496987,0.00098632311059685,20,34.80000002384186,1.7953896486282348,-1.0
0.019486643292475493,0.0013531436561606824,7,0.4169292899314314,0.0009814153420445555,20,34.600000002384185,1.7650671634674073,-1.0
0.030292553675826638,0.001407305570319295,8,0.6341570648364723,0.0009757729755661012,20,37.23999998092651,1.716137476158142,-1.0
0.0341188209829852,0.00141761937411502,9,0.7108640088699758,0.0009694047112816298,20,36.92000002384186,1.6744388790130615,-1.0
0.034187924745492634,0.001442125008907169,10,0.7127487550023943,0.0009623203685930871,20,39.08000000238419,1.6346347398757934,-1.0
0.017262684158049525,0.001417709095403552,11,0.37373216985724866,0.0009545308710434153,20,39.87999998569489,1.61085278339386,-1.0
0.03328205023426563,0.0019212757237255574,12,0.7041982950177044,0.0009460482294732422,20,40.64000002384186,1.5780345460891723,-1.0
0.034215029852930456,0.0015756824985146522,13,0.7159489279147238,0.0009368855235010348,20,41.39999998569488,1.5658982366561889,-1.0
0.034223988268058746,0.001447396888397634,14,0.7135551541578025,0.0009270568813552758,20,43.160000019073486,1.5380429201126098,-1.0
0.013870903989300132,0.0014298913069069386,15,0.30614078301005065,0.0009165774580897602,20,42.96000002384186,1.5121367610931395,-1.0
0.03413002645829692,0.0015685088466852904,16,0.7141046361066401,0.0009054634122155992,20,43.880000009536744,1.50527348651886,-1.0
0.03430564252194017,0.0014859343296848237,17,0.7159616709686816,0.0008937318807859689,20,45.32000003814697,1.4660198961257935,-1.0
0.034244044381193814,0.001434147113468498,18,0.7136979210190475,0.0008814009529720156,20,44.44000003814697,1.4437802242279052,-1.0
0.012273871607612818,0.0014845704892650247,19,0.27532339305616915,0.0008684896421706646,20,45.60000000953674,1.4263706680297852,-1.0
0.03407751270569861,0.0014612801955081523,20,0.7109197119716555,0.0008550178566873412,20,45.52000007629395,1.4130769718170166,-1.0
0.034160561312455685,0.0014486387954093516,21,0.7123413670342416,0.0008410063690388064,20,47.52,1.4135301092147827,-1.0
0.034204858529847115,0.0015709875733591616,22,0.715669889934361,0.0008264767839234412,20,47.479999990463256,1.3982600452423095,-1.0
0.011642951192334295,0.0014788154629059135,23,0.2625691539142281,0.000811451504908368,20,48.92000000476837,1.357459771156311,-1.0
0.03416127199307084,0.001519335911143571,24,0.7137509149033576,0.0007959536998847743,20,47.4400000333786,1.3436982130050659,-1.0
0.03411583366105333,0.001370210142340511,25,0.709860784932971,0.0007800072653447032,20,49.48000004291534,1.3126576774597167,-1.0
0.03414376080036163,0.0014384582405909895,26,0.711781415855512,0.0007636367895343947,20,50.28000003814697,1.3081763189315796,-1.0
0.012350781226996333,0.0015635032788850368,27,0.27841908019036055,0.0007468675145409928,20,49.400000042915345,1.3437346548080444,-1.0
0.034128400578629224,0.0015280338702723384,28,0.7132720840163529,0.0007297252973710758,20,51.320000076293944,1.2858875316619873,-1.0
0.03416848696069792,0.0014100857311859726,29,0.7117058448493481,0.0007122365700810271,20,52.72000003814697,1.2515090085983276,-1.0
0.034166166640352456,0.0013860257575288415,30,0.7111801209393889,0.0006944282990207196,20,52.63999995231629,1.2304161558151245,-1.0
0.012065125966910274,0.0014662546804174782,31,0.2707497759256512,0.0006763279432533592,20,53.44000003814697,1.2427741565704347,-1.0
0.03415434759808704,0.0016659663058817386,32,0.7165343600790948,0.0006579634122155992,20,53.880000076293946,1.2294131057739257,-1.0
0.034167900192551316,0.0014941078610718251,33,0.7133755329996347,0.000639363022683212,20,53.200000028610226,1.238281921195984,-1.0
0.03433401660295203,0.001517001842148602,34,0.7171489209868014,0.0006205554551086735,20,54.4800000667572,1.1811004627227784,-1.0
0.012659661762882024,0.0015058211400173604,35,0.28343267110176384,0.0006015697093979838,20,55.3599999332428,1.1635306201934814,-1.0
0.03421280949842185,0.001718223001807928,36,0.7187286610715091,0.0005824350601949146,20,55.19999998092651,1.1551362253189086,-1.0
0.03430896564386785,0.0015510007506236434,37,0.7173296520486474,0.0005631810117416299,20,57.640000004768375,1.1322055265426636,-1.0
0.03424957593670115,0.002386844309512526,38,0.7328577081207186,0.0005438372523852835,20,57.2799999332428,1.1452136177062988,-1.0
0.009656498464755714,0.00221642212709412,39,0.23758894600905478,0.0005244336088007391,20,58.40000001907349,1.1119957488059997,-1.0
0.03429767057532444,0.0016489849193021655,40,0.7190383770503104,0.0005050000000000001,20,58.28000001430512,1.1038743991851807,-1.0
0.03419033369282261,0.0018539652577601374,41,0.7210285710170865,0.0004855663911992613,20,59.560000066757205,1.0667505502700805,-1.0
0.0341806793701835,0.00172664598794654,42,0.7182796059641987,0.00046616274761471693,20,59.399999980926516,1.0978635213851928,-1.0
0.010480805195402353,0.001617872656788677,43,0.24210745701566339,0.00044681898825837057,20,60.12000000476837,1.0423935766220094,-1.0
0.03422165953088552,0.0017489544698037207,44,0.7195498859509826,0.000427564939805086,20,60.32,1.0405329057693482,-1.0
0.034367862483486535,0.0027247925172559917,45,0.7419892239850014,0.00040843029060201667,20,60.8,1.0203938530921937,-1.0
0.03443875394295901,0.0017060248530469835,46,0.7230278730858117,0.000389444544891327,20,60.72000001907349,1.0247525148391723,-1.0
0.010367251653224229,0.0014115479425527155,47,0.23571244603954256,0.0003706369773167883,20,63.47999994277954,0.9825084812164306,-1.0
0.03416582701029256,0.0019001175416633487,48,0.7214373080059886,0.0003520365877844012,20,63.000000076293944,0.9827219055175781,-1.0
0.034218367759604004,0.0016790741356089711,49,0.7180825679097325,0.0003336720567466412,20,62.600000047683714,0.965889988231659,-1.0
0.03423947399714962,0.001710519497282803,50,0.719153048004955,0.0003155717009792807,20,63.96,0.9732755578041077,-1.0
0.011107109603472054,0.001409446040634066,51,0.2504604870919138,0.00029776342991897335,20,62.80000004768372,0.9655341491699219,-1.0
0.03423651948105544,0.001714902720414102,52,0.7191564650274813,0.00028027470262892445,20,64.19999999046325,0.9397926595687867,-1.0
0.03423054032027721,0.0014501920901238917,53,0.7137478769291192,0.0002631324854590073,20,64.55999996185302,0.9388393097877502,-1.0
0.03420180347748101,0.001595140073914081,54,0.7160805421881378,0.0002463632104656054,20,65.24000007629394,0.9129079483032226,-1.0
0.010669292905367911,0.0014010683400556446,55,0.24151466507464647,0.0002299927346552969,20,64.6,0.9247430740356445,-1.0
0.03412414580816403,0.0014749843394383788,56,0.7120985451620072,0.00021404630011522587,20,65.40000000953674,0.9246140287399292,-1.0
0.03420828024391085,0.0014681494561955334,57,0.7136414221022278,0.00019854849509163232,20,65.47999997138977,0.904617729473114,-1.0
0.03421035890933126,0.0014689250383526087,58,0.7136977859772742,0.00018352321607655918,20,64.5199999332428,0.9048140446662902,-1.0
0.011925919633358716,0.0014637714135460555,59,0.2679029640275985,0.00016899363096119395,20,66.76000004768372,0.882747080039978,-1.0
0.03418802551459521,0.002003312890883535,60,0.7239477790426463,0.000154982143312659,20,66.00000001907348,0.887164043521881,-1.0
0.03419496689457446,0.001445134647656232,61,0.7129332169424742,0.0001415103578293356,20,67.48,0.8615060424804688,-1.0
0.034196112072095275,0.0016031282255426049,62,0.7161140597891062,0.0001285990470279847,20,67.28000005722046,0.872788041973114,-1.0
0.011906981677748263,0.0014519614749588072,63,0.2673071038443595,0.0001162681192140312,20,67.7199999332428,0.8496076044082641,-1.0
0.03420310536166653,0.00150107053341344,64,0.7141979089938104,0.00010453658778440107,20,67.52000004768371,0.8508427772521973,-1.0
0.03420833310810849,0.0016319030895829202,65,0.7169187648687512,9.342254191024022e-05,20,68.28000001907348,0.8355373809814454,-1.0
0.03424838077044114,0.0014598266803659498,66,0.7142782800365239,8.294311864472437e-05,20,69.28000004768371,0.8233108709335327,-1.0
0.012403846718370914,0.0014626166317611932,67,0.27743509504944086,7.311447649896551e-05,20,68.55999997138977,0.8298837883949279,-1.0
0.03420332809910178,0.0013788752490654587,68,0.7117799997795373,6.395177052675794e-05,20,67.52000002861023,0.8212674663543701,-1.0
0.0342216454911977,0.0018628011690452694,69,0.721829361980781,5.546912895658472e-05,20,68.23999996185303,0.8186336359977722,-1.0
0.0342472507734783,0.0014000705210492014,70,0.7130683679133654,4.767963140691306e-05,20,67.48000008583068,0.8146507204055786,-1.0
0.010118852939922363,0.0026561646605841815,71,0.2556064589880407,4.059528871837034e-05,20,70.12000002861024,0.7923205200195312,-1.0
0.03412915810476989,0.0022121844463981687,72,0.7269778158515692,3.4227024433899e-05,20,69.4399999332428,0.8026494275093079,-1.0
0.03431603866629303,0.0029435780365020038,73,0.7453131040092558,2.8584657955444653e-05,20,70.03999997138978,0.7937469194412231,-1.0
0.03421223527984694,0.0014142400235868991,74,0.7126426950562745,2.367688940315011e-05,20,67.36000001907348,0.8157616166114807,-1.0
0.010165952274110168,0.0015018013771623373,75,0.2334602391347289,1.951128620040094e-05,20,68.08000004768371,0.8230526883125305,-1.0
0.03423178457887843,0.002134278020821512,76,0.7274373760446906,1.6094271405406862e-05,20,69.23999996185303,0.811459209537506,-1.0
0.034137124405242504,0.001798972999677062,77,0.7188463229686022,1.3431113807311488e-05,20,70.8,0.7756132442474365,-1.0
0.03451639306731522,0.001348352327477187,78,0.7174050228204578,1.1525919802101659e-05,20,70.88000000953674,0.7896606336593628,-1.0
0.011337572266347707,0.0015997317852452398,79,0.25884979707188904,1.0381627060842164e-05,20,69.55999996185302,0.8066361555099487,-1.0
0.03456796937389299,0.0018469138769432903,80,0.7284329270478338,1e-05,20,69.07999994277954,0.803449005317688,-1.0
