2026-04-07 13:03:38 | INFO | Starting method=coreset seed=4 device=cuda run_dir=/data1/doyoung/ADV-AL/experiments/set_ADV_main_moreround/cifar10_small_cnn_coreset_b100_r20/seed_4 | GPU MB alloc/reserved=0.0/0.0
2026-04-07 13:03:39 | INFO | Data loaded in 0.67s (train_total=50000 al_train=50000 val_fixed=0 test=10000) | GPU: n/a
2026-04-07 13:03:39 | INFO | [Round 0] labeled=500 train=500 val_fixed=0 | GPU MB alloc/reserved=8.9/22.0
2026-04-07 13:03:40 | INFO | [Round 0] epoch=1/80 loss=6.0806 acc=9.20 val_acc=nan data_t=0.0348s batch_t=0.2293s epoch_t=00:01.06 lr=0.001000 | GPU MB alloc/reserved=52.0/394.0
2026-04-07 13:03:40 | INFO | [Round 0] Epoch 1/80 time=00:01.06 avg=00:01.06 ETA=01:23.47 | GPU MB alloc/reserved=52.0/394.0
2026-04-07 13:03:40 | INFO | [Round 0] epoch=2/80 loss=5.2645 acc=10.80 val_acc=nan data_t=0.0110s batch_t=0.0342s epoch_t=00:00.18 lr=0.000998 | GPU MB alloc/reserved=52.0/394.0
2026-04-07 13:03:40 | INFO | [Round 0] Epoch 2/80 time=00:00.18 avg=00:00.62 ETA=00:48.26 | GPU MB alloc/reserved=52.0/394.0
2026-04-07 13:03:40 | INFO | [Round 0] epoch=3/80 loss=2.8511 acc=14.60 val_acc=nan data_t=0.0066s batch_t=0.0344s epoch_t=00:00.16 lr=0.000997 | GPU MB alloc/reserved=52.0/394.0
2026-04-07 13:03:40 | INFO | [Round 0] Epoch 3/80 time=00:00.16 avg=00:00.47 ETA=00:35.97 | GPU MB alloc/reserved=52.0/394.0
2026-04-07 13:03:40 | INFO | [Round 0] epoch=4/80 loss=2.5250 acc=15.40 val_acc=nan data_t=0.0066s batch_t=0.0276s epoch_t=00:00.14 lr=0.000994 | GPU MB alloc/reserved=52.0/394.0
2026-04-07 13:03:40 | INFO | [Round 0] Epoch 4/80 time=00:00.14 avg=00:00.38 ETA=00:29.23 | GPU MB alloc/reserved=52.0/394.0
2026-04-07 13:03:41 | INFO | [Round 0] epoch=5/80 loss=2.2487 acc=20.60 val_acc=nan data_t=0.0065s batch_t=0.0084s epoch_t=00:00.06 lr=0.000990 | GPU MB alloc/reserved=52.0/394.0
2026-04-07 13:03:41 | INFO | [Round 0] Epoch 5/80 time=00:00.06 avg=00:00.32 ETA=00:23.97 | GPU MB alloc/reserved=52.0/394.0
2026-04-07 13:03:41 | INFO | [Round 0] epoch=6/80 loss=2.1743 acc=17.60 val_acc=nan data_t=0.0111s batch_t=0.0084s epoch_t=00:00.08 lr=0.000986 | GPU MB alloc/reserved=52.0/394.0
2026-04-07 13:03:41 | INFO | [Round 0] Epoch 6/80 time=00:00.08 avg=00:00.28 ETA=00:20.68 | GPU MB alloc/reserved=52.0/394.0
2026-04-07 13:03:41 | INFO | [Round 0] epoch=7/80 loss=2.1276 acc=21.20 val_acc=nan data_t=0.0068s batch_t=0.0088s epoch_t=00:00.06 lr=0.000981 | GPU MB alloc/reserved=52.0/394.0
2026-04-07 13:03:41 | INFO | [Round 0] Epoch 7/80 time=00:00.06 avg=00:00.25 ETA=00:18.14 | GPU MB alloc/reserved=52.0/394.0
2026-04-07 13:03:41 | INFO | [Round 0] epoch=8/80 loss=2.1111 acc=23.00 val_acc=nan data_t=0.0071s batch_t=0.0084s epoch_t=00:00.06 lr=0.000976 | GPU MB alloc/reserved=52.0/394.0
2026-04-07 13:03:41 | INFO | [Round 0] Epoch 8/80 time=00:00.06 avg=00:00.23 ETA=00:16.21 | GPU MB alloc/reserved=52.0/394.0
2026-04-07 13:03:41 | INFO | [Round 0] epoch=9/80 loss=2.0621 acc=22.60 val_acc=nan data_t=0.0069s batch_t=0.0084s epoch_t=00:00.06 lr=0.000969 | GPU MB alloc/reserved=52.0/394.0
2026-04-07 13:03:41 | INFO | [Round 0] Epoch 9/80 time=00:00.06 avg=00:00.21 ETA=00:14.69 | GPU MB alloc/reserved=52.0/394.0
2026-04-07 13:03:41 | INFO | [Round 0] epoch=10/80 loss=2.0313 acc=26.20 val_acc=nan data_t=0.0096s batch_t=0.0164s epoch_t=00:00.10 lr=0.000962 | GPU MB alloc/reserved=52.0/394.0
2026-04-07 13:03:41 | INFO | [Round 0] Epoch 10/80 time=00:00.10 avg=00:00.20 ETA=00:13.77 | GPU MB alloc/reserved=52.0/394.0
2026-04-07 13:03:41 | INFO | [Round 0] epoch=11/80 loss=2.0526 acc=24.60 val_acc=nan data_t=0.0128s batch_t=0.0088s epoch_t=00:00.09 lr=0.000955 | GPU MB alloc/reserved=52.0/394.0
2026-04-07 13:03:41 | INFO | [Round 0] Epoch 11/80 time=00:00.09 avg=00:00.19 ETA=00:12.88 | GPU MB alloc/reserved=52.0/394.0
2026-04-07 13:03:41 | INFO | [Round 0] epoch=12/80 loss=1.9824 acc=25.00 val_acc=nan data_t=0.0104s batch_t=0.0112s epoch_t=00:00.09 lr=0.000946 | GPU MB alloc/reserved=52.0/394.0
2026-04-07 13:03:41 | INFO | [Round 0] Epoch 12/80 time=00:00.09 avg=00:00.18 ETA=00:12.13 | GPU MB alloc/reserved=52.0/394.0
2026-04-07 13:03:41 | INFO | [Round 0] epoch=13/80 loss=1.9689 acc=27.20 val_acc=nan data_t=0.0066s batch_t=0.0285s epoch_t=00:00.14 lr=0.000937 | GPU MB alloc/reserved=52.0/394.0
2026-04-07 13:03:41 | INFO | [Round 0] Epoch 13/80 time=00:00.14 avg=00:00.18 ETA=00:11.75 | GPU MB alloc/reserved=52.0/394.0
2026-04-07 13:03:41 | INFO | [Round 0] epoch=14/80 loss=1.9007 acc=31.80 val_acc=nan data_t=0.0094s batch_t=0.0341s epoch_t=00:00.17 lr=0.000927 | GPU MB alloc/reserved=52.0/394.0
2026-04-07 13:03:41 | INFO | [Round 0] Epoch 14/80 time=00:00.17 avg=00:00.18 ETA=00:11.57 | GPU MB alloc/reserved=52.0/394.0
2026-04-07 13:03:42 | INFO | [Round 0] epoch=15/80 loss=1.8876 acc=30.60 val_acc=nan data_t=0.0066s batch_t=0.0342s epoch_t=00:00.16 lr=0.000917 | GPU MB alloc/reserved=52.0/394.0
2026-04-07 13:03:42 | INFO | [Round 0] Epoch 15/80 time=00:00.16 avg=00:00.17 ETA=00:11.35 | GPU MB alloc/reserved=52.0/394.0
2026-04-07 13:03:42 | INFO | [Round 0] epoch=16/80 loss=1.8530 acc=32.40 val_acc=nan data_t=0.0068s batch_t=0.0344s epoch_t=00:00.16 lr=0.000905 | GPU MB alloc/reserved=52.0/394.0
2026-04-07 13:03:42 | INFO | [Round 0] Epoch 16/80 time=00:00.16 avg=00:00.17 ETA=00:11.13 | GPU MB alloc/reserved=52.0/394.0
2026-04-07 13:03:42 | INFO | [Round 0] epoch=17/80 loss=1.8079 acc=31.00 val_acc=nan data_t=0.0127s batch_t=0.0361s epoch_t=00:00.20 lr=0.000894 | GPU MB alloc/reserved=52.0/394.0
2026-04-07 13:03:42 | INFO | [Round 0] Epoch 17/80 time=00:00.20 avg=00:00.18 ETA=00:11.04 | GPU MB alloc/reserved=52.0/394.0
2026-04-07 13:03:42 | INFO | [Round 0] epoch=18/80 loss=1.7829 acc=30.80 val_acc=nan data_t=0.0069s batch_t=0.0342s epoch_t=00:00.16 lr=0.000881 | GPU MB alloc/reserved=52.0/394.0
2026-04-07 13:03:42 | INFO | [Round 0] Epoch 18/80 time=00:00.16 avg=00:00.17 ETA=00:10.83 | GPU MB alloc/reserved=52.0/394.0
2026-04-07 13:03:42 | INFO | [Round 0] epoch=19/80 loss=1.7512 acc=33.40 val_acc=nan data_t=0.0067s batch_t=0.0345s epoch_t=00:00.16 lr=0.000868 | GPU MB alloc/reserved=52.0/394.0
2026-04-07 13:03:42 | INFO | [Round 0] Epoch 19/80 time=00:00.16 avg=00:00.17 ETA=00:10.62 | GPU MB alloc/reserved=52.0/394.0
2026-04-07 13:03:42 | INFO | [Round 0] epoch=20/80 loss=1.7475 acc=34.20 val_acc=nan data_t=0.0067s batch_t=0.0345s epoch_t=00:00.17 lr=0.000855 | GPU MB alloc/reserved=52.0/394.0
2026-04-07 13:03:42 | INFO | [Round 0] Epoch 20/80 time=00:00.17 avg=00:00.17 ETA=00:10.42 | GPU MB alloc/reserved=52.0/394.0
2026-04-07 13:03:43 | INFO | [Round 0] epoch=21/80 loss=1.7121 acc=33.80 val_acc=nan data_t=0.0065s batch_t=0.0351s epoch_t=00:00.17 lr=0.000841 | GPU MB alloc/reserved=52.0/394.0
2026-04-07 13:03:43 | INFO | [Round 0] Epoch 21/80 time=00:00.17 avg=00:00.17 ETA=00:10.23 | GPU MB alloc/reserved=52.0/394.0
2026-04-07 13:03:43 | INFO | [Round 0] epoch=22/80 loss=1.7282 acc=35.20 val_acc=nan data_t=0.0132s batch_t=0.0348s epoch_t=00:00.19 lr=0.000826 | GPU MB alloc/reserved=52.0/394.0
2026-04-07 13:03:43 | INFO | [Round 0] Epoch 22/80 time=00:00.19 avg=00:00.17 ETA=00:10.10 | GPU MB alloc/reserved=52.0/394.0
2026-04-07 13:03:43 | INFO | [Round 0] epoch=23/80 loss=1.6885 acc=35.60 val_acc=nan data_t=0.0128s batch_t=0.0344s epoch_t=00:00.19 lr=0.000811 | GPU MB alloc/reserved=52.0/394.0
2026-04-07 13:03:43 | INFO | [Round 0] Epoch 23/80 time=00:00.19 avg=00:00.17 ETA=00:09.97 | GPU MB alloc/reserved=52.0/394.0
2026-04-07 13:03:43 | INFO | [Round 0] epoch=24/80 loss=1.6726 acc=36.20 val_acc=nan data_t=0.0125s batch_t=0.0342s epoch_t=00:00.19 lr=0.000796 | GPU MB alloc/reserved=52.0/394.0
2026-04-07 13:03:43 | INFO | [Round 0] Epoch 24/80 time=00:00.19 avg=00:00.18 ETA=00:09.82 | GPU MB alloc/reserved=52.0/394.0
2026-04-07 13:03:43 | INFO | [Round 0] epoch=25/80 loss=1.6603 acc=36.20 val_acc=nan data_t=0.0126s batch_t=0.0172s epoch_t=00:00.12 lr=0.000780 | GPU MB alloc/reserved=52.0/394.0
2026-04-07 13:03:43 | INFO | [Round 0] Epoch 25/80 time=00:00.12 avg=00:00.17 ETA=00:09.52 | GPU MB alloc/reserved=52.0/394.0
2026-04-07 13:03:43 | INFO | [Round 0] epoch=26/80 loss=1.6805 acc=36.00 val_acc=nan data_t=0.0130s batch_t=0.0089s epoch_t=00:00.09 lr=0.000764 | GPU MB alloc/reserved=52.0/394.0
2026-04-07 13:03:43 | INFO | [Round 0] Epoch 26/80 time=00:00.09 avg=00:00.17 ETA=00:09.17 | GPU MB alloc/reserved=52.0/394.0
2026-04-07 13:03:43 | INFO | [Round 0] epoch=27/80 loss=1.6193 acc=34.80 val_acc=nan data_t=0.0075s batch_t=0.0175s epoch_t=00:00.10 lr=0.000747 | GPU MB alloc/reserved=52.0/394.0
2026-04-07 13:03:43 | INFO | [Round 0] Epoch 27/80 time=00:00.10 avg=00:00.17 ETA=00:08.86 | GPU MB alloc/reserved=52.0/394.0
2026-04-07 13:03:44 | INFO | [Round 0] epoch=28/80 loss=1.6087 acc=39.00 val_acc=nan data_t=0.0063s batch_t=0.0343s epoch_t=00:00.16 lr=0.000730 | GPU MB alloc/reserved=52.0/394.0
2026-04-07 13:03:44 | INFO | [Round 0] Epoch 28/80 time=00:00.16 avg=00:00.17 ETA=00:08.69 | GPU MB alloc/reserved=52.0/394.0
2026-04-07 13:03:44 | INFO | [Round 0] epoch=29/80 loss=1.6320 acc=36.20 val_acc=nan data_t=0.0094s batch_t=0.0342s epoch_t=00:00.17 lr=0.000712 | GPU MB alloc/reserved=52.0/394.0
2026-04-07 13:03:44 | INFO | [Round 0] Epoch 29/80 time=00:00.17 avg=00:00.17 ETA=00:08.53 | GPU MB alloc/reserved=52.0/394.0
2026-04-07 13:03:44 | INFO | [Round 0] epoch=30/80 loss=1.5868 acc=39.80 val_acc=nan data_t=0.0126s batch_t=0.0343s epoch_t=00:00.19 lr=0.000694 | GPU MB alloc/reserved=52.0/394.0
2026-04-07 13:03:44 | INFO | [Round 0] Epoch 30/80 time=00:00.19 avg=00:00.17 ETA=00:08.40 | GPU MB alloc/reserved=52.0/394.0
2026-04-07 13:03:44 | INFO | [Round 0] epoch=31/80 loss=1.5691 acc=41.00 val_acc=nan data_t=0.0146s batch_t=0.0342s epoch_t=00:00.20 lr=0.000676 | GPU MB alloc/reserved=52.0/394.0
2026-04-07 13:03:44 | INFO | [Round 0] Epoch 31/80 time=00:00.20 avg=00:00.17 ETA=00:08.28 | GPU MB alloc/reserved=52.0/394.0
2026-04-07 13:03:44 | INFO | [Round 0] epoch=32/80 loss=1.6100 acc=38.40 val_acc=nan data_t=0.0098s batch_t=0.0344s epoch_t=00:00.18 lr=0.000658 | GPU MB alloc/reserved=52.0/394.0
2026-04-07 13:03:44 | INFO | [Round 0] Epoch 32/80 time=00:00.18 avg=00:00.17 ETA=00:08.12 | GPU MB alloc/reserved=52.0/394.0
2026-04-07 13:03:45 | INFO | [Round 0] epoch=33/80 loss=1.5043 acc=42.20 val_acc=nan data_t=0.0135s batch_t=0.0339s epoch_t=00:00.19 lr=0.000639 | GPU MB alloc/reserved=52.0/394.0
2026-04-07 13:03:45 | INFO | [Round 0] Epoch 33/80 time=00:00.19 avg=00:00.17 ETA=00:07.98 | GPU MB alloc/reserved=52.0/394.0
2026-04-07 13:03:45 | INFO | [Round 0] epoch=34/80 loss=1.5266 acc=39.40 val_acc=nan data_t=0.0098s batch_t=0.0342s epoch_t=00:00.18 lr=0.000621 | GPU MB alloc/reserved=52.0/394.0
2026-04-07 13:03:45 | INFO | [Round 0] Epoch 34/80 time=00:00.18 avg=00:00.17 ETA=00:07.82 | GPU MB alloc/reserved=52.0/394.0
2026-04-07 13:03:45 | INFO | [Round 0] epoch=35/80 loss=1.5368 acc=38.80 val_acc=nan data_t=0.0125s batch_t=0.0344s epoch_t=00:00.19 lr=0.000602 | GPU MB alloc/reserved=52.0/394.0
2026-04-07 13:03:45 | INFO | [Round 0] Epoch 35/80 time=00:00.19 avg=00:00.17 ETA=00:07.67 | GPU MB alloc/reserved=52.0/394.0
2026-04-07 13:03:45 | INFO | [Round 0] epoch=36/80 loss=1.5154 acc=41.20 val_acc=nan data_t=0.0125s batch_t=0.0345s epoch_t=00:00.19 lr=0.000582 | GPU MB alloc/reserved=52.0/394.0
2026-04-07 13:03:45 | INFO | [Round 0] Epoch 36/80 time=00:00.19 avg=00:00.17 ETA=00:07.52 | GPU MB alloc/reserved=52.0/394.0
2026-04-07 13:03:45 | INFO | [Round 0] epoch=37/80 loss=1.5172 acc=41.80 val_acc=nan data_t=0.0129s batch_t=0.0340s epoch_t=00:00.19 lr=0.000563 | GPU MB alloc/reserved=52.0/394.0
2026-04-07 13:03:45 | INFO | [Round 0] Epoch 37/80 time=00:00.19 avg=00:00.17 ETA=00:07.37 | GPU MB alloc/reserved=52.0/394.0
2026-04-07 13:03:46 | INFO | [Round 0] epoch=38/80 loss=1.5224 acc=40.60 val_acc=nan data_t=0.0129s batch_t=0.0344s epoch_t=00:00.19 lr=0.000544 | GPU MB alloc/reserved=52.0/394.0
2026-04-07 13:03:46 | INFO | [Round 0] Epoch 38/80 time=00:00.19 avg=00:00.17 ETA=00:07.22 | GPU MB alloc/reserved=52.0/394.0
2026-04-07 13:03:46 | INFO | [Round 0] epoch=39/80 loss=1.5071 acc=44.60 val_acc=nan data_t=0.0123s batch_t=0.0107s epoch_t=00:00.09 lr=0.000524 | GPU MB alloc/reserved=52.0/394.0
2026-04-07 13:03:46 | INFO | [Round 0] Epoch 39/80 time=00:00.09 avg=00:00.17 ETA=00:06.96 | GPU MB alloc/reserved=52.0/394.0
2026-04-07 13:03:46 | INFO | [Round 0] epoch=40/80 loss=1.4846 acc=42.40 val_acc=nan data_t=0.0129s batch_t=0.0086s epoch_t=00:00.09 lr=0.000505 | GPU MB alloc/reserved=52.0/394.0
2026-04-07 13:03:46 | INFO | [Round 0] Epoch 40/80 time=00:00.09 avg=00:00.17 ETA=00:06.71 | GPU MB alloc/reserved=52.0/394.0
2026-04-07 13:03:46 | INFO | [Round 0] epoch=41/80 loss=1.4740 acc=44.40 val_acc=nan data_t=0.0062s batch_t=0.0338s epoch_t=00:00.16 lr=0.000486 | GPU MB alloc/reserved=52.0/394.0
2026-04-07 13:03:46 | INFO | [Round 0] Epoch 41/80 time=00:00.16 avg=00:00.17 ETA=00:06.54 | GPU MB alloc/reserved=52.0/394.0
2026-04-07 13:03:46 | INFO | [Round 0] epoch=42/80 loss=1.4802 acc=39.60 val_acc=nan data_t=0.0095s batch_t=0.0344s epoch_t=00:00.18 lr=0.000466 | GPU MB alloc/reserved=52.0/394.0
2026-04-07 13:03:46 | INFO | [Round 0] Epoch 42/80 time=00:00.18 avg=00:00.17 ETA=00:06.37 | GPU MB alloc/reserved=52.0/394.0
2026-04-07 13:03:46 | INFO | [Round 0] epoch=43/80 loss=1.4448 acc=43.80 val_acc=nan data_t=0.0127s batch_t=0.0343s epoch_t=00:00.19 lr=0.000447 | GPU MB alloc/reserved=52.0/394.0
2026-04-07 13:03:46 | INFO | [Round 0] Epoch 43/80 time=00:00.19 avg=00:00.17 ETA=00:06.22 | GPU MB alloc/reserved=52.0/394.0
2026-04-07 13:03:46 | INFO | [Round 0] epoch=44/80 loss=1.4455 acc=44.20 val_acc=nan data_t=0.0148s batch_t=0.0343s epoch_t=00:00.20 lr=0.000428 | GPU MB alloc/reserved=52.0/394.0
2026-04-07 13:03:46 | INFO | [Round 0] Epoch 44/80 time=00:00.20 avg=00:00.17 ETA=00:06.08 | GPU MB alloc/reserved=52.0/394.0
2026-04-07 13:03:47 | INFO | [Round 0] epoch=45/80 loss=1.4356 acc=45.00 val_acc=nan data_t=0.0127s batch_t=0.0343s epoch_t=00:00.19 lr=0.000408 | GPU MB alloc/reserved=52.0/394.0
2026-04-07 13:03:47 | INFO | [Round 0] Epoch 45/80 time=00:00.19 avg=00:00.17 ETA=00:05.93 | GPU MB alloc/reserved=52.0/394.0
2026-04-07 13:03:47 | INFO | [Round 0] epoch=46/80 loss=1.4276 acc=44.80 val_acc=nan data_t=0.0133s batch_t=0.0344s epoch_t=00:00.19 lr=0.000389 | GPU MB alloc/reserved=52.0/394.0
2026-04-07 13:03:47 | INFO | [Round 0] Epoch 46/80 time=00:00.19 avg=00:00.17 ETA=00:05.77 | GPU MB alloc/reserved=52.0/394.0
2026-04-07 13:03:47 | INFO | [Round 0] epoch=47/80 loss=1.4260 acc=43.80 val_acc=nan data_t=0.0135s batch_t=0.0345s epoch_t=00:00.19 lr=0.000371 | GPU MB alloc/reserved=52.0/394.0
2026-04-07 13:03:47 | INFO | [Round 0] Epoch 47/80 time=00:00.19 avg=00:00.17 ETA=00:05.62 | GPU MB alloc/reserved=52.0/394.0
2026-04-07 13:03:47 | INFO | [Round 0] epoch=48/80 loss=1.3824 acc=45.80 val_acc=nan data_t=0.0130s batch_t=0.0346s epoch_t=00:00.19 lr=0.000352 | GPU MB alloc/reserved=52.0/394.0
2026-04-07 13:03:47 | INFO | [Round 0] Epoch 48/80 time=00:00.19 avg=00:00.17 ETA=00:05.46 | GPU MB alloc/reserved=52.0/394.0
2026-04-07 13:03:47 | INFO | [Round 0] epoch=49/80 loss=1.3975 acc=45.60 val_acc=nan data_t=0.0137s batch_t=0.0341s epoch_t=00:00.19 lr=0.000334 | GPU MB alloc/reserved=52.0/394.0
2026-04-07 13:03:47 | INFO | [Round 0] Epoch 49/80 time=00:00.19 avg=00:00.17 ETA=00:05.30 | GPU MB alloc/reserved=52.0/394.0
2026-04-07 13:03:48 | INFO | [Round 0] epoch=50/80 loss=1.3991 acc=47.20 val_acc=nan data_t=0.0138s batch_t=0.0341s epoch_t=00:00.19 lr=0.000316 | GPU MB alloc/reserved=52.0/394.0
2026-04-07 13:03:48 | INFO | [Round 0] Epoch 50/80 time=00:00.19 avg=00:00.17 ETA=00:05.14 | GPU MB alloc/reserved=52.0/394.0
2026-04-07 13:03:48 | INFO | [Round 0] epoch=51/80 loss=1.3810 acc=48.00 val_acc=nan data_t=0.0098s batch_t=0.0342s epoch_t=00:00.18 lr=0.000298 | GPU MB alloc/reserved=52.0/394.0
2026-04-07 13:03:48 | INFO | [Round 0] Epoch 51/80 time=00:00.18 avg=00:00.17 ETA=00:04.98 | GPU MB alloc/reserved=52.0/394.0
2026-04-07 13:03:48 | INFO | [Round 0] epoch=52/80 loss=1.3562 acc=49.60 val_acc=nan data_t=0.0101s batch_t=0.0135s epoch_t=00:00.09 lr=0.000280 | GPU MB alloc/reserved=52.0/394.0
2026-04-07 13:03:48 | INFO | [Round 0] Epoch 52/80 time=00:00.09 avg=00:00.17 ETA=00:04.76 | GPU MB alloc/reserved=52.0/394.0
2026-04-07 13:03:48 | INFO | [Round 0] epoch=53/80 loss=1.3692 acc=50.00 val_acc=nan data_t=0.0096s batch_t=0.0088s epoch_t=00:00.07 lr=0.000263 | GPU MB alloc/reserved=52.0/394.0
2026-04-07 13:03:48 | INFO | [Round 0] Epoch 53/80 time=00:00.07 avg=00:00.17 ETA=00:04.54 | GPU MB alloc/reserved=52.0/394.0
2026-04-07 13:03:48 | INFO | [Round 0] epoch=54/80 loss=1.3592 acc=49.40 val_acc=nan data_t=0.0068s batch_t=0.0157s epoch_t=00:00.09 lr=0.000246 | GPU MB alloc/reserved=52.0/394.0
2026-04-07 13:03:48 | INFO | [Round 0] Epoch 54/80 time=00:00.09 avg=00:00.17 ETA=00:04.34 | GPU MB alloc/reserved=52.0/394.0
2026-04-07 13:03:48 | INFO | [Round 0] epoch=55/80 loss=1.3992 acc=47.20 val_acc=nan data_t=0.0096s batch_t=0.0340s epoch_t=00:00.17 lr=0.000230 | GPU MB alloc/reserved=52.0/394.0
2026-04-07 13:03:48 | INFO | [Round 0] Epoch 55/80 time=00:00.17 avg=00:00.17 ETA=00:04.17 | GPU MB alloc/reserved=52.0/394.0
2026-04-07 13:03:48 | INFO | [Round 0] epoch=56/80 loss=1.2865 acc=49.80 val_acc=nan data_t=0.0095s batch_t=0.0343s epoch_t=00:00.18 lr=0.000214 | GPU MB alloc/reserved=52.0/394.0
2026-04-07 13:03:48 | INFO | [Round 0] Epoch 56/80 time=00:00.18 avg=00:00.17 ETA=00:04.01 | GPU MB alloc/reserved=52.0/394.0
2026-04-07 13:03:49 | INFO | [Round 0] epoch=57/80 loss=1.3070 acc=50.20 val_acc=nan data_t=0.0147s batch_t=0.0343s epoch_t=00:00.20 lr=0.000199 | GPU MB alloc/reserved=52.0/394.0
2026-04-07 13:03:49 | INFO | [Round 0] Epoch 57/80 time=00:00.20 avg=00:00.17 ETA=00:03.86 | GPU MB alloc/reserved=52.0/394.0
2026-04-07 13:03:49 | INFO | [Round 0] epoch=58/80 loss=1.3236 acc=49.60 val_acc=nan data_t=0.0150s batch_t=0.0349s epoch_t=00:00.20 lr=0.000184 | GPU MB alloc/reserved=52.0/394.0
2026-04-07 13:03:49 | INFO | [Round 0] Epoch 58/80 time=00:00.20 avg=00:00.17 ETA=00:03.70 | GPU MB alloc/reserved=52.0/394.0
2026-04-07 13:03:49 | INFO | [Round 0] epoch=59/80 loss=1.2927 acc=51.00 val_acc=nan data_t=0.0096s batch_t=0.0342s epoch_t=00:00.18 lr=0.000169 | GPU MB alloc/reserved=52.0/394.0
2026-04-07 13:03:49 | INFO | [Round 0] Epoch 59/80 time=00:00.18 avg=00:00.17 ETA=00:03.53 | GPU MB alloc/reserved=52.0/394.0
2026-04-07 13:03:49 | INFO | [Round 0] epoch=60/80 loss=1.2753 acc=53.60 val_acc=nan data_t=0.0143s batch_t=0.0344s epoch_t=00:00.20 lr=0.000155 | GPU MB alloc/reserved=52.0/394.0
2026-04-07 13:03:49 | INFO | [Round 0] Epoch 60/80 time=00:00.20 avg=00:00.17 ETA=00:03.38 | GPU MB alloc/reserved=52.0/394.0
2026-04-07 13:03:49 | INFO | [Round 0] epoch=61/80 loss=1.3293 acc=50.00 val_acc=nan data_t=0.0098s batch_t=0.0343s epoch_t=00:00.18 lr=0.000142 | GPU MB alloc/reserved=52.0/394.0
2026-04-07 13:03:49 | INFO | [Round 0] Epoch 61/80 time=00:00.18 avg=00:00.17 ETA=00:03.21 | GPU MB alloc/reserved=52.0/394.0
2026-04-07 13:03:50 | INFO | [Round 0] epoch=62/80 loss=1.3005 acc=51.00 val_acc=nan data_t=0.0139s batch_t=0.0342s epoch_t=00:00.19 lr=0.000129 | GPU MB alloc/reserved=52.0/394.0
2026-04-07 13:03:50 | INFO | [Round 0] Epoch 62/80 time=00:00.19 avg=00:00.17 ETA=00:03.05 | GPU MB alloc/reserved=52.0/394.0
2026-04-07 13:03:50 | INFO | [Round 0] epoch=63/80 loss=1.2833 acc=50.20 val_acc=nan data_t=0.0138s batch_t=0.0343s epoch_t=00:00.19 lr=0.000116 | GPU MB alloc/reserved=52.0/394.0
2026-04-07 13:03:50 | INFO | [Round 0] Epoch 63/80 time=00:00.19 avg=00:00.17 ETA=00:02.88 | GPU MB alloc/reserved=52.0/394.0
2026-04-07 13:03:50 | INFO | [Round 0] epoch=64/80 loss=1.2983 acc=50.40 val_acc=nan data_t=0.0149s batch_t=0.0343s epoch_t=00:00.20 lr=0.000105 | GPU MB alloc/reserved=52.0/394.0
2026-04-07 13:03:50 | INFO | [Round 0] Epoch 64/80 time=00:00.20 avg=00:00.17 ETA=00:02.72 | GPU MB alloc/reserved=52.0/394.0
2026-04-07 13:03:50 | INFO | [Round 0] epoch=65/80 loss=1.3389 acc=48.60 val_acc=nan data_t=0.0150s batch_t=0.0333s epoch_t=00:00.19 lr=0.000093 | GPU MB alloc/reserved=52.0/394.0
2026-04-07 13:03:50 | INFO | [Round 0] Epoch 65/80 time=00:00.19 avg=00:00.17 ETA=00:02.56 | GPU MB alloc/reserved=52.0/394.0
2026-04-07 13:03:50 | INFO | [Round 0] epoch=66/80 loss=1.3310 acc=51.60 val_acc=nan data_t=0.0101s batch_t=0.0112s epoch_t=00:00.09 lr=0.000083 | GPU MB alloc/reserved=52.0/394.0
2026-04-07 13:03:50 | INFO | [Round 0] Epoch 66/80 time=00:00.09 avg=00:00.17 ETA=00:02.37 | GPU MB alloc/reserved=52.0/394.0
2026-04-07 13:03:50 | INFO | [Round 0] epoch=67/80 loss=1.2920 acc=50.80 val_acc=nan data_t=0.0114s batch_t=0.0159s epoch_t=00:00.11 lr=0.000073 | GPU MB alloc/reserved=52.0/394.0
2026-04-07 13:03:50 | INFO | [Round 0] Epoch 67/80 time=00:00.11 avg=00:00.17 ETA=00:02.19 | GPU MB alloc/reserved=52.0/394.0
2026-04-07 13:03:50 | INFO | [Round 0] epoch=68/80 loss=1.2663 acc=50.80 val_acc=nan data_t=0.0064s batch_t=0.0342s epoch_t=00:00.16 lr=0.000064 | GPU MB alloc/reserved=52.0/394.0
2026-04-07 13:03:50 | INFO | [Round 0] Epoch 68/80 time=00:00.16 avg=00:00.17 ETA=00:02.02 | GPU MB alloc/reserved=52.0/394.0
2026-04-07 13:03:51 | INFO | [Round 0] epoch=69/80 loss=1.2672 acc=52.40 val_acc=nan data_t=0.0145s batch_t=0.0340s epoch_t=00:00.19 lr=0.000055 | GPU MB alloc/reserved=52.0/394.0
2026-04-07 13:03:51 | INFO | [Round 0] Epoch 69/80 time=00:00.19 avg=00:00.17 ETA=00:01.85 | GPU MB alloc/reserved=52.0/394.0
2026-04-07 13:03:51 | INFO | [Round 0] epoch=70/80 loss=1.2912 acc=51.00 val_acc=nan data_t=0.0147s batch_t=0.0343s epoch_t=00:00.20 lr=0.000048 | GPU MB alloc/reserved=52.0/394.0
2026-04-07 13:03:51 | INFO | [Round 0] Epoch 70/80 time=00:00.20 avg=00:00.17 ETA=00:01.69 | GPU MB alloc/reserved=52.0/394.0
2026-04-07 13:03:51 | INFO | [Round 0] epoch=71/80 loss=1.2430 acc=52.40 val_acc=nan data_t=0.0135s batch_t=0.0345s epoch_t=00:00.19 lr=0.000041 | GPU MB alloc/reserved=52.0/394.0
2026-04-07 13:03:51 | INFO | [Round 0] Epoch 71/80 time=00:00.19 avg=00:00.17 ETA=00:01.52 | GPU MB alloc/reserved=52.0/394.0
2026-04-07 13:03:51 | INFO | [Round 0] epoch=72/80 loss=1.2570 acc=53.20 val_acc=nan data_t=0.0135s batch_t=0.0341s epoch_t=00:00.19 lr=0.000034 | GPU MB alloc/reserved=52.0/394.0
2026-04-07 13:03:51 | INFO | [Round 0] Epoch 72/80 time=00:00.19 avg=00:00.17 ETA=00:01.36 | GPU MB alloc/reserved=52.0/394.0
2026-04-07 13:03:51 | INFO | [Round 0] epoch=73/80 loss=1.2692 acc=50.80 val_acc=nan data_t=0.0135s batch_t=0.0345s epoch_t=00:00.19 lr=0.000029 | GPU MB alloc/reserved=52.0/394.0
2026-04-07 13:03:51 | INFO | [Round 0] Epoch 73/80 time=00:00.19 avg=00:00.17 ETA=00:01.19 | GPU MB alloc/reserved=52.0/394.0
2026-04-07 13:03:52 | INFO | [Round 0] epoch=74/80 loss=1.2933 acc=50.60 val_acc=nan data_t=0.0099s batch_t=0.0343s epoch_t=00:00.18 lr=0.000024 | GPU MB alloc/reserved=52.0/394.0
2026-04-07 13:03:52 | INFO | [Round 0] Epoch 74/80 time=00:00.18 avg=00:00.17 ETA=00:01.02 | GPU MB alloc/reserved=52.0/394.0
2026-04-07 13:03:52 | INFO | [Round 0] epoch=75/80 loss=1.2775 acc=51.80 val_acc=nan data_t=0.0099s batch_t=0.0344s epoch_t=00:00.18 lr=0.000020 | GPU MB alloc/reserved=52.0/394.0
2026-04-07 13:03:52 | INFO | [Round 0] Epoch 75/80 time=00:00.18 avg=00:00.17 ETA=00:00.85 | GPU MB alloc/reserved=52.0/394.0
2026-04-07 13:03:52 | INFO | [Round 0] epoch=76/80 loss=1.2946 acc=48.40 val_acc=nan data_t=0.0132s batch_t=0.0342s epoch_t=00:00.19 lr=0.000016 | GPU MB alloc/reserved=52.0/394.0
2026-04-07 13:03:52 | INFO | [Round 0] Epoch 76/80 time=00:00.19 avg=00:00.17 ETA=00:00.68 | GPU MB alloc/reserved=52.0/394.0
2026-04-07 13:03:52 | INFO | [Round 0] epoch=77/80 loss=1.2467 acc=51.80 val_acc=nan data_t=0.0130s batch_t=0.0345s epoch_t=00:00.19 lr=0.000013 | GPU MB alloc/reserved=52.0/394.0
2026-04-07 13:03:52 | INFO | [Round 0] Epoch 77/80 time=00:00.19 avg=00:00.17 ETA=00:00.51 | GPU MB alloc/reserved=52.0/394.0
2026-04-07 13:03:52 | INFO | [Round 0] epoch=78/80 loss=1.2781 acc=51.20 val_acc=nan data_t=0.0134s batch_t=0.0341s epoch_t=00:00.19 lr=0.000012 | GPU MB alloc/reserved=52.0/394.0
2026-04-07 13:03:52 | INFO | [Round 0] Epoch 78/80 time=00:00.19 avg=00:00.17 ETA=00:00.34 | GPU MB alloc/reserved=52.0/394.0
2026-04-07 13:03:52 | INFO | [Round 0] epoch=79/80 loss=1.2942 acc=51.40 val_acc=nan data_t=0.0129s batch_t=0.0102s epoch_t=00:00.09 lr=0.000010 | GPU MB alloc/reserved=52.0/394.0
2026-04-07 13:03:52 | INFO | [Round 0] Epoch 79/80 time=00:00.09 avg=00:00.17 ETA=00:00.17 | GPU MB alloc/reserved=52.0/394.0
2026-04-07 13:03:53 | INFO | [Round 0] epoch=80/80 loss=1.2615 acc=53.40 val_acc=nan data_t=0.0064s batch_t=0.0088s epoch_t=00:00.06 lr=0.000010 | GPU MB alloc/reserved=52.0/394.0
2026-04-07 13:03:53 | INFO | [Round 0] Epoch 80/80 time=00:00.06 avg=00:00.17 ETA=00:00.00 | GPU MB alloc/reserved=52.0/394.0
2026-04-07 13:03:53 | INFO | [Round 0] training complete in 00:13.57 (best monitor=53.600) | GPU MB alloc/reserved=52.0/394.0
2026-04-07 13:03:53 | INFO | [Round 0] evaluation started | GPU MB alloc/reserved=34.1/394.0
2026-04-07 13:03:55 | INFO | [Round 0] clean=39.95 fgsm=33.96 pgd=33.91 grad_disp_mean=nan grad_disp_sel=nan round_t=16.37s | GPU MB alloc/reserved=34.1/846.0
2026-04-07 13:03:55 | INFO | [Round 1/21] elapsed=00:16.37 avg_round=00:16.37 projected_remaining=05:27.49 | GPU MB alloc/reserved=34.1/846.0
2026-04-07 13:03:56 | INFO | [Round 1] acquisition on pool_size=49500 scored_pool=5000 budget=100 | GPU MB alloc/reserved=34.1/846.0
2026-04-07 13:03:56 | INFO | [CoreSet-unlabeled-feat] scoring progress 10/20 elapsed=00:00.22 avg/batch=0.022s ETA=00:00.22 | GPU MB alloc/reserved=40.6/846.0
2026-04-07 13:03:56 | INFO | [CoreSet-unlabeled-feat] scoring progress 20/20 elapsed=00:00.25 avg/batch=0.013s ETA=00:00.00 | GPU MB alloc/reserved=40.6/848.0
2026-04-07 13:03:56 | INFO | [CoreSet-labeled-feat] scoring progress 2/2 elapsed=00:00.15 avg/batch=0.074s ETA=00:00.00 | GPU MB alloc/reserved=42.5/848.0
2026-04-07 13:03:57 | INFO | [CoreSet] greedy 10/100 cover_radius=28.625849 | GPU: n/a
2026-04-07 13:03:57 | INFO | [CoreSet] greedy 20/100 cover_radius=26.424633 | GPU: n/a
2026-04-07 13:03:57 | INFO | [CoreSet] greedy 30/100 cover_radius=25.039095 | GPU: n/a
2026-04-07 13:03:57 | INFO | [CoreSet] greedy 40/100 cover_radius=24.088623 | GPU: n/a
2026-04-07 13:03:57 | INFO | [CoreSet] greedy 50/100 cover_radius=23.453787 | GPU: n/a
2026-04-07 13:03:57 | INFO | [CoreSet] greedy 60/100 cover_radius=23.108286 | GPU: n/a
2026-04-07 13:03:57 | INFO | [CoreSet] greedy 70/100 cover_radius=22.443005 | GPU: n/a
2026-04-07 13:03:57 | INFO | [CoreSet] greedy 80/100 cover_radius=21.987089 | GPU: n/a
2026-04-07 13:03:57 | INFO | [CoreSet] greedy 90/100 cover_radius=21.316921 | GPU: n/a
2026-04-07 13:03:57 | INFO | [CoreSet] greedy 100/100 cover_radius=21.098206 | GPU: n/a
2026-04-07 13:03:57 | INFO | [Round 1] labeled=600 train=600 val_fixed=0 | GPU MB alloc/reserved=43.1/848.0
2026-04-07 13:03:57 | INFO | [Round 1] epoch=1/80 loss=8.1414 acc=8.50 val_acc=nan data_t=0.0391s batch_t=0.0407s epoch_t=00:00.40 lr=0.001000 | GPU MB alloc/reserved=69.9/848.0
2026-04-07 13:03:57 | INFO | [Round 1] Epoch 1/80 time=00:00.40 avg=00:00.40 ETA=00:31.51 | GPU MB alloc/reserved=69.9/848.0
2026-04-07 13:03:58 | INFO | [Round 1] epoch=2/80 loss=3.2182 acc=13.67 val_acc=nan data_t=0.0062s batch_t=0.0339s epoch_t=00:00.20 lr=0.000998 | GPU MB alloc/reserved=69.9/848.0
2026-04-07 13:03:58 | INFO | [Round 1] Epoch 2/80 time=00:00.20 avg=00:00.30 ETA=00:23.38 | GPU MB alloc/reserved=69.9/848.0
2026-04-07 13:03:58 | INFO | [Round 1] epoch=3/80 loss=2.4158 acc=19.33 val_acc=nan data_t=0.0102s batch_t=0.0342s epoch_t=00:00.22 lr=0.000997 | GPU MB alloc/reserved=69.9/848.0
2026-04-07 13:03:58 | INFO | [Round 1] Epoch 3/80 time=00:00.22 avg=00:00.27 ETA=00:21.09 | GPU MB alloc/reserved=69.9/848.0
2026-04-07 13:03:58 | INFO | [Round 1] epoch=4/80 loss=2.0741 acc=24.17 val_acc=nan data_t=0.0079s batch_t=0.0341s epoch_t=00:00.21 lr=0.000994 | GPU MB alloc/reserved=69.9/848.0
2026-04-07 13:03:58 | INFO | [Round 1] Epoch 4/80 time=00:00.21 avg=00:00.26 ETA=00:19.61 | GPU MB alloc/reserved=69.9/848.0
2026-04-07 13:03:58 | INFO | [Round 1] epoch=5/80 loss=2.0249 acc=24.67 val_acc=nan data_t=0.0104s batch_t=0.0340s epoch_t=00:00.22 lr=0.000990 | GPU MB alloc/reserved=69.9/848.0
2026-04-07 13:03:58 | INFO | [Round 1] Epoch 5/80 time=00:00.22 avg=00:00.25 ETA=00:18.82 | GPU MB alloc/reserved=69.9/848.0
2026-04-07 13:03:59 | INFO | [Round 1] epoch=6/80 loss=1.9592 acc=28.67 val_acc=nan data_t=0.0111s batch_t=0.0341s epoch_t=00:00.23 lr=0.000986 | GPU MB alloc/reserved=69.9/848.0
2026-04-07 13:03:59 | INFO | [Round 1] Epoch 6/80 time=00:00.23 avg=00:00.25 ETA=00:18.26 | GPU MB alloc/reserved=69.9/848.0
2026-04-07 13:03:59 | INFO | [Round 1] epoch=7/80 loss=1.9123 acc=30.33 val_acc=nan data_t=0.0115s batch_t=0.0342s epoch_t=00:00.23 lr=0.000981 | GPU MB alloc/reserved=69.9/848.0
2026-04-07 13:03:59 | INFO | [Round 1] Epoch 7/80 time=00:00.23 avg=00:00.24 ETA=00:17.82 | GPU MB alloc/reserved=69.9/848.0
2026-04-07 13:03:59 | INFO | [Round 1] epoch=8/80 loss=1.9097 acc=29.67 val_acc=nan data_t=0.0120s batch_t=0.0342s epoch_t=00:00.23 lr=0.000976 | GPU MB alloc/reserved=69.9/848.0
2026-04-07 13:03:59 | INFO | [Round 1] Epoch 8/80 time=00:00.23 avg=00:00.24 ETA=00:17.46 | GPU MB alloc/reserved=69.9/848.0
2026-04-07 13:03:59 | INFO | [Round 1] epoch=9/80 loss=1.8288 acc=32.00 val_acc=nan data_t=0.0111s batch_t=0.0204s epoch_t=00:00.16 lr=0.000969 | GPU MB alloc/reserved=69.9/848.0
2026-04-07 13:03:59 | INFO | [Round 1] Epoch 9/80 time=00:00.16 avg=00:00.23 ETA=00:16.55 | GPU MB alloc/reserved=69.9/848.0
2026-04-07 13:03:59 | INFO | [Round 1] epoch=10/80 loss=1.7932 acc=32.67 val_acc=nan data_t=0.0079s batch_t=0.0102s epoch_t=00:00.09 lr=0.000962 | GPU MB alloc/reserved=69.9/848.0
2026-04-07 13:03:59 | INFO | [Round 1] Epoch 10/80 time=00:00.09 avg=00:00.22 ETA=00:15.32 | GPU MB alloc/reserved=69.9/848.0
2026-04-07 13:03:59 | INFO | [Round 1] epoch=11/80 loss=1.7235 acc=36.00 val_acc=nan data_t=0.0054s batch_t=0.0249s epoch_t=00:00.15 lr=0.000955 | GPU MB alloc/reserved=69.9/848.0
2026-04-07 13:03:59 | INFO | [Round 1] Epoch 11/80 time=00:00.15 avg=00:00.21 ETA=00:14.68 | GPU MB alloc/reserved=69.9/848.0
2026-04-07 13:04:00 | INFO | [Round 1] epoch=12/80 loss=1.7268 acc=35.33 val_acc=nan data_t=0.0083s batch_t=0.0340s epoch_t=00:00.21 lr=0.000946 | GPU MB alloc/reserved=69.9/848.0
2026-04-07 13:04:00 | INFO | [Round 1] Epoch 12/80 time=00:00.21 avg=00:00.21 ETA=00:14.46 | GPU MB alloc/reserved=69.9/848.0
2026-04-07 13:04:00 | INFO | [Round 1] epoch=13/80 loss=1.7124 acc=36.50 val_acc=nan data_t=0.0107s batch_t=0.0339s epoch_t=00:00.22 lr=0.000937 | GPU MB alloc/reserved=69.9/848.0
2026-04-07 13:04:00 | INFO | [Round 1] Epoch 13/80 time=00:00.22 avg=00:00.21 ETA=00:14.30 | GPU MB alloc/reserved=69.9/848.0
2026-04-07 13:04:00 | INFO | [Round 1] epoch=14/80 loss=1.6851 acc=35.17 val_acc=nan data_t=0.0107s batch_t=0.0340s epoch_t=00:00.22 lr=0.000927 | GPU MB alloc/reserved=69.9/848.0
2026-04-07 13:04:00 | INFO | [Round 1] Epoch 14/80 time=00:00.22 avg=00:00.21 ETA=00:14.14 | GPU MB alloc/reserved=69.9/848.0
2026-04-07 13:04:00 | INFO | [Round 1] epoch=15/80 loss=1.6429 acc=39.67 val_acc=nan data_t=0.0118s batch_t=0.0341s epoch_t=00:00.23 lr=0.000917 | GPU MB alloc/reserved=69.9/848.0
2026-04-07 13:04:00 | INFO | [Round 1] Epoch 15/80 time=00:00.23 avg=00:00.22 ETA=00:13.99 | GPU MB alloc/reserved=69.9/848.0
2026-04-07 13:04:01 | INFO | [Round 1] epoch=16/80 loss=1.6243 acc=40.00 val_acc=nan data_t=0.0110s batch_t=0.0343s epoch_t=00:00.23 lr=0.000905 | GPU MB alloc/reserved=69.9/848.0
2026-04-07 13:04:01 | INFO | [Round 1] Epoch 16/80 time=00:00.23 avg=00:00.22 ETA=00:13.82 | GPU MB alloc/reserved=69.9/848.0
2026-04-07 13:04:01 | INFO | [Round 1] epoch=17/80 loss=1.6523 acc=37.83 val_acc=nan data_t=0.0107s batch_t=0.0341s epoch_t=00:00.22 lr=0.000894 | GPU MB alloc/reserved=69.9/848.0
2026-04-07 13:04:01 | INFO | [Round 1] Epoch 17/80 time=00:00.22 avg=00:00.22 ETA=00:13.63 | GPU MB alloc/reserved=69.9/848.0
2026-04-07 13:04:01 | INFO | [Round 1] epoch=18/80 loss=1.6185 acc=38.67 val_acc=nan data_t=0.0105s batch_t=0.0341s epoch_t=00:00.22 lr=0.000881 | GPU MB alloc/reserved=69.9/848.0
2026-04-07 13:04:01 | INFO | [Round 1] Epoch 18/80 time=00:00.22 avg=00:00.22 ETA=00:13.44 | GPU MB alloc/reserved=69.9/848.0
2026-04-07 13:04:01 | INFO | [Round 1] epoch=19/80 loss=1.5727 acc=41.83 val_acc=nan data_t=0.0105s batch_t=0.0341s epoch_t=00:00.22 lr=0.000868 | GPU MB alloc/reserved=69.9/848.0
2026-04-07 13:04:01 | INFO | [Round 1] Epoch 19/80 time=00:00.22 avg=00:00.22 ETA=00:13.24 | GPU MB alloc/reserved=69.9/848.0
2026-04-07 13:04:01 | INFO | [Round 1] epoch=20/80 loss=1.5480 acc=41.17 val_acc=nan data_t=0.0102s batch_t=0.0332s epoch_t=00:00.22 lr=0.000855 | GPU MB alloc/reserved=69.9/848.0
2026-04-07 13:04:01 | INFO | [Round 1] Epoch 20/80 time=00:00.22 avg=00:00.22 ETA=00:13.02 | GPU MB alloc/reserved=69.9/848.0
2026-04-07 13:04:02 | INFO | [Round 1] epoch=21/80 loss=1.5431 acc=41.33 val_acc=nan data_t=0.0107s batch_t=0.0100s epoch_t=00:00.10 lr=0.000841 | GPU MB alloc/reserved=69.9/848.0
2026-04-07 13:04:02 | INFO | [Round 1] Epoch 21/80 time=00:00.10 avg=00:00.21 ETA=00:12.49 | GPU MB alloc/reserved=69.9/848.0
2026-04-07 13:04:02 | INFO | [Round 1] epoch=22/80 loss=1.5188 acc=42.50 val_acc=nan data_t=0.0054s batch_t=0.0213s epoch_t=00:00.13 lr=0.000826 | GPU MB alloc/reserved=69.9/848.0
2026-04-07 13:04:02 | INFO | [Round 1] Epoch 22/80 time=00:00.13 avg=00:00.21 ETA=00:12.07 | GPU MB alloc/reserved=69.9/848.0
2026-04-07 13:04:02 | INFO | [Round 1] epoch=23/80 loss=1.5332 acc=43.17 val_acc=nan data_t=0.0050s batch_t=0.0340s epoch_t=00:00.19 lr=0.000811 | GPU MB alloc/reserved=69.9/848.0
2026-04-07 13:04:02 | INFO | [Round 1] Epoch 23/80 time=00:00.19 avg=00:00.21 ETA=00:11.83 | GPU MB alloc/reserved=69.9/848.0
2026-04-07 13:04:02 | INFO | [Round 1] epoch=24/80 loss=1.4481 acc=44.00 val_acc=nan data_t=0.0114s batch_t=0.0338s epoch_t=00:00.23 lr=0.000796 | GPU MB alloc/reserved=69.9/848.0
2026-04-07 13:04:02 | INFO | [Round 1] Epoch 24/80 time=00:00.23 avg=00:00.21 ETA=00:11.67 | GPU MB alloc/reserved=69.9/848.0
2026-04-07 13:04:02 | INFO | [Round 1] epoch=25/80 loss=1.4937 acc=43.33 val_acc=nan data_t=0.0102s batch_t=0.0342s epoch_t=00:00.22 lr=0.000780 | GPU MB alloc/reserved=69.9/848.0
2026-04-07 13:04:02 | INFO | [Round 1] Epoch 25/80 time=00:00.22 avg=00:00.21 ETA=00:11.49 | GPU MB alloc/reserved=69.9/848.0
2026-04-07 13:04:03 | INFO | [Round 1] epoch=26/80 loss=1.4620 acc=43.67 val_acc=nan data_t=0.0104s batch_t=0.0341s epoch_t=00:00.22 lr=0.000764 | GPU MB alloc/reserved=69.9/848.0
2026-04-07 13:04:03 | INFO | [Round 1] Epoch 26/80 time=00:00.22 avg=00:00.21 ETA=00:11.31 | GPU MB alloc/reserved=69.9/848.0
2026-04-07 13:04:03 | INFO | [Round 1] epoch=27/80 loss=1.3904 acc=49.50 val_acc=nan data_t=0.0111s batch_t=0.0338s epoch_t=00:00.22 lr=0.000747 | GPU MB alloc/reserved=69.9/848.0
2026-04-07 13:04:03 | INFO | [Round 1] Epoch 27/80 time=00:00.22 avg=00:00.21 ETA=00:11.13 | GPU MB alloc/reserved=69.9/848.0
2026-04-07 13:04:03 | INFO | [Round 1] epoch=28/80 loss=1.4428 acc=43.17 val_acc=nan data_t=0.0103s batch_t=0.0340s epoch_t=00:00.22 lr=0.000730 | GPU MB alloc/reserved=69.9/848.0
2026-04-07 13:04:03 | INFO | [Round 1] Epoch 28/80 time=00:00.22 avg=00:00.21 ETA=00:10.94 | GPU MB alloc/reserved=69.9/848.0
2026-04-07 13:04:03 | INFO | [Round 1] epoch=29/80 loss=1.3436 acc=49.50 val_acc=nan data_t=0.0103s batch_t=0.0342s epoch_t=00:00.22 lr=0.000712 | GPU MB alloc/reserved=69.9/848.0
2026-04-07 13:04:03 | INFO | [Round 1] Epoch 29/80 time=00:00.22 avg=00:00.21 ETA=00:10.75 | GPU MB alloc/reserved=69.9/848.0
2026-04-07 13:04:03 | INFO | [Round 1] epoch=30/80 loss=1.3788 acc=48.17 val_acc=nan data_t=0.0104s batch_t=0.0342s epoch_t=00:00.22 lr=0.000694 | GPU MB alloc/reserved=69.9/848.0
2026-04-07 13:04:03 | INFO | [Round 1] Epoch 30/80 time=00:00.22 avg=00:00.21 ETA=00:10.56 | GPU MB alloc/reserved=69.9/848.0
2026-04-07 13:04:04 | INFO | [Round 1] epoch=31/80 loss=1.3672 acc=48.17 val_acc=nan data_t=0.0078s batch_t=0.0341s epoch_t=00:00.21 lr=0.000676 | GPU MB alloc/reserved=69.9/848.0
2026-04-07 13:04:04 | INFO | [Round 1] Epoch 31/80 time=00:00.21 avg=00:00.21 ETA=00:10.35 | GPU MB alloc/reserved=69.9/848.0
2026-04-07 13:04:04 | INFO | [Round 1] epoch=32/80 loss=1.3976 acc=47.83 val_acc=nan data_t=0.0102s batch_t=0.0124s epoch_t=00:00.11 lr=0.000658 | GPU MB alloc/reserved=69.9/848.0
2026-04-07 13:04:04 | INFO | [Round 1] Epoch 32/80 time=00:00.11 avg=00:00.21 ETA=00:09.99 | GPU MB alloc/reserved=69.9/848.0
2026-04-07 13:04:04 | INFO | [Round 1] epoch=33/80 loss=1.3611 acc=49.17 val_acc=nan data_t=0.0072s batch_t=0.0093s epoch_t=00:00.08 lr=0.000639 | GPU MB alloc/reserved=69.9/848.0
2026-04-07 13:04:04 | INFO | [Round 1] Epoch 33/80 time=00:00.08 avg=00:00.20 ETA=00:09.60 | GPU MB alloc/reserved=69.9/848.0
2026-04-07 13:04:04 | INFO | [Round 1] epoch=34/80 loss=1.3494 acc=48.00 val_acc=nan data_t=0.0116s batch_t=0.0342s epoch_t=00:00.23 lr=0.000621 | GPU MB alloc/reserved=69.9/848.0
2026-04-07 13:04:04 | INFO | [Round 1] Epoch 34/80 time=00:00.23 avg=00:00.21 ETA=00:09.43 | GPU MB alloc/reserved=69.9/848.0
2026-04-07 13:04:04 | INFO | [Round 1] epoch=35/80 loss=1.3054 acc=50.67 val_acc=nan data_t=0.0075s batch_t=0.0340s epoch_t=00:00.21 lr=0.000602 | GPU MB alloc/reserved=69.9/848.0
2026-04-07 13:04:04 | INFO | [Round 1] Epoch 35/80 time=00:00.21 avg=00:00.21 ETA=00:09.23 | GPU MB alloc/reserved=69.9/848.0
2026-04-07 13:04:05 | INFO | [Round 1] epoch=36/80 loss=1.3296 acc=49.83 val_acc=nan data_t=0.0077s batch_t=0.0342s epoch_t=00:00.21 lr=0.000582 | GPU MB alloc/reserved=69.9/848.0
2026-04-07 13:04:05 | INFO | [Round 1] Epoch 36/80 time=00:00.21 avg=00:00.21 ETA=00:09.03 | GPU MB alloc/reserved=69.9/848.0
2026-04-07 13:04:05 | INFO | [Round 1] epoch=37/80 loss=1.2625 acc=53.50 val_acc=nan data_t=0.0115s batch_t=0.0339s epoch_t=00:00.23 lr=0.000563 | GPU MB alloc/reserved=69.9/848.0
2026-04-07 13:04:05 | INFO | [Round 1] Epoch 37/80 time=00:00.23 avg=00:00.21 ETA=00:08.85 | GPU MB alloc/reserved=69.9/848.0
2026-04-07 13:04:05 | INFO | [Round 1] epoch=38/80 loss=1.2953 acc=48.17 val_acc=nan data_t=0.0124s batch_t=0.0342s epoch_t=00:00.23 lr=0.000544 | GPU MB alloc/reserved=69.9/848.0
2026-04-07 13:04:05 | INFO | [Round 1] Epoch 38/80 time=00:00.23 avg=00:00.21 ETA=00:08.68 | GPU MB alloc/reserved=69.9/848.0
2026-04-07 13:04:05 | INFO | [Round 1] epoch=39/80 loss=1.2446 acc=51.83 val_acc=nan data_t=0.0115s batch_t=0.0339s epoch_t=00:00.23 lr=0.000524 | GPU MB alloc/reserved=69.9/848.0
2026-04-07 13:04:05 | INFO | [Round 1] Epoch 39/80 time=00:00.23 avg=00:00.21 ETA=00:08.49 | GPU MB alloc/reserved=69.9/848.0
2026-04-07 13:04:05 | INFO | [Round 1] epoch=40/80 loss=1.2579 acc=53.83 val_acc=nan data_t=0.0111s batch_t=0.0338s epoch_t=00:00.22 lr=0.000505 | GPU MB alloc/reserved=69.9/848.0
2026-04-07 13:04:05 | INFO | [Round 1] Epoch 40/80 time=00:00.22 avg=00:00.21 ETA=00:08.30 | GPU MB alloc/reserved=69.9/848.0
2026-04-07 13:04:06 | INFO | [Round 1] epoch=41/80 loss=1.2256 acc=52.17 val_acc=nan data_t=0.0117s batch_t=0.0340s epoch_t=00:00.23 lr=0.000486 | GPU MB alloc/reserved=69.9/848.0
2026-04-07 13:04:06 | INFO | [Round 1] Epoch 41/80 time=00:00.23 avg=00:00.21 ETA=00:08.11 | GPU MB alloc/reserved=69.9/848.0
2026-04-07 13:04:06 | INFO | [Round 1] epoch=42/80 loss=1.2534 acc=52.00 val_acc=nan data_t=0.0080s batch_t=0.0342s epoch_t=00:00.21 lr=0.000466 | GPU MB alloc/reserved=69.9/848.0
2026-04-07 13:04:06 | INFO | [Round 1] Epoch 42/80 time=00:00.21 avg=00:00.21 ETA=00:07.91 | GPU MB alloc/reserved=69.9/848.0
2026-04-07 13:04:06 | INFO | [Round 1] epoch=43/80 loss=1.2139 acc=52.50 val_acc=nan data_t=0.0118s batch_t=0.0197s epoch_t=00:00.16 lr=0.000447 | GPU MB alloc/reserved=69.9/848.0
2026-04-07 13:04:06 | INFO | [Round 1] Epoch 43/80 time=00:00.16 avg=00:00.21 ETA=00:07.66 | GPU MB alloc/reserved=69.9/848.0
2026-04-07 13:04:06 | INFO | [Round 1] epoch=44/80 loss=1.2386 acc=55.50 val_acc=nan data_t=0.0108s batch_t=0.0101s epoch_t=00:00.10 lr=0.000428 | GPU MB alloc/reserved=69.9/848.0
2026-04-07 13:04:06 | INFO | [Round 1] Epoch 44/80 time=00:00.10 avg=00:00.20 ETA=00:07.37 | GPU MB alloc/reserved=69.9/848.0
2026-04-07 13:04:06 | INFO | [Round 1] epoch=45/80 loss=1.2136 acc=51.83 val_acc=nan data_t=0.0099s batch_t=0.0340s epoch_t=00:00.22 lr=0.000408 | GPU MB alloc/reserved=69.9/848.0
2026-04-07 13:04:06 | INFO | [Round 1] Epoch 45/80 time=00:00.22 avg=00:00.20 ETA=00:07.17 | GPU MB alloc/reserved=69.9/848.0
2026-04-07 13:04:07 | INFO | [Round 1] epoch=46/80 loss=1.1929 acc=54.83 val_acc=nan data_t=0.0107s batch_t=0.0339s epoch_t=00:00.22 lr=0.000389 | GPU MB alloc/reserved=69.9/848.0
2026-04-07 13:04:07 | INFO | [Round 1] Epoch 46/80 time=00:00.22 avg=00:00.21 ETA=00:06.98 | GPU MB alloc/reserved=69.9/848.0
2026-04-07 13:04:07 | INFO | [Round 1] epoch=47/80 loss=1.1627 acc=54.67 val_acc=nan data_t=0.0114s batch_t=0.0340s epoch_t=00:00.23 lr=0.000371 | GPU MB alloc/reserved=69.9/848.0
2026-04-07 13:04:07 | INFO | [Round 1] Epoch 47/80 time=00:00.23 avg=00:00.21 ETA=00:06.79 | GPU MB alloc/reserved=69.9/848.0
2026-04-07 13:04:07 | INFO | [Round 1] epoch=48/80 loss=1.1434 acc=59.33 val_acc=nan data_t=0.0115s batch_t=0.0340s epoch_t=00:00.23 lr=0.000352 | GPU MB alloc/reserved=69.9/848.0
2026-04-07 13:04:07 | INFO | [Round 1] Epoch 48/80 time=00:00.23 avg=00:00.21 ETA=00:06.60 | GPU MB alloc/reserved=69.9/848.0
2026-04-07 13:04:07 | INFO | [Round 1] epoch=49/80 loss=1.1537 acc=55.17 val_acc=nan data_t=0.0118s batch_t=0.0339s epoch_t=00:00.23 lr=0.000334 | GPU MB alloc/reserved=69.9/848.0
2026-04-07 13:04:07 | INFO | [Round 1] Epoch 49/80 time=00:00.23 avg=00:00.21 ETA=00:06.41 | GPU MB alloc/reserved=69.9/848.0
2026-04-07 13:04:08 | INFO | [Round 1] epoch=50/80 loss=1.1650 acc=54.17 val_acc=nan data_t=0.0116s batch_t=0.0338s epoch_t=00:00.23 lr=0.000316 | GPU MB alloc/reserved=69.9/848.0
2026-04-07 13:04:08 | INFO | [Round 1] Epoch 50/80 time=00:00.23 avg=00:00.21 ETA=00:06.21 | GPU MB alloc/reserved=69.9/848.0
2026-04-07 13:04:08 | INFO | [Round 1] epoch=51/80 loss=1.1383 acc=59.17 val_acc=nan data_t=0.0124s batch_t=0.0339s epoch_t=00:00.23 lr=0.000298 | GPU MB alloc/reserved=69.9/848.0
2026-04-07 13:04:08 | INFO | [Round 1] Epoch 51/80 time=00:00.23 avg=00:00.21 ETA=00:06.02 | GPU MB alloc/reserved=69.9/848.0
2026-04-07 13:04:08 | INFO | [Round 1] epoch=52/80 loss=1.1082 acc=56.67 val_acc=nan data_t=0.0051s batch_t=0.0345s epoch_t=00:00.20 lr=0.000280 | GPU MB alloc/reserved=69.9/848.0
2026-04-07 13:04:08 | INFO | [Round 1] Epoch 52/80 time=00:00.20 avg=00:00.21 ETA=00:05.81 | GPU MB alloc/reserved=69.9/848.0
2026-04-07 13:04:08 | INFO | [Round 1] epoch=53/80 loss=1.1210 acc=56.17 val_acc=nan data_t=0.0106s batch_t=0.0340s epoch_t=00:00.22 lr=0.000263 | GPU MB alloc/reserved=69.9/848.0
2026-04-07 13:04:08 | INFO | [Round 1] Epoch 53/80 time=00:00.22 avg=00:00.21 ETA=00:05.61 | GPU MB alloc/reserved=69.9/848.0
2026-04-07 13:04:08 | INFO | [Round 1] epoch=54/80 loss=1.1389 acc=56.50 val_acc=nan data_t=0.0118s batch_t=0.0201s epoch_t=00:00.16 lr=0.000246 | GPU MB alloc/reserved=69.9/848.0
2026-04-07 13:04:08 | INFO | [Round 1] Epoch 54/80 time=00:00.16 avg=00:00.21 ETA=00:05.38 | GPU MB alloc/reserved=69.9/848.0
2026-04-07 13:04:08 | INFO | [Round 1] epoch=55/80 loss=1.0600 acc=60.17 val_acc=nan data_t=0.0118s batch_t=0.0087s epoch_t=00:00.10 lr=0.000230 | GPU MB alloc/reserved=69.9/848.0
2026-04-07 13:04:08 | INFO | [Round 1] Epoch 55/80 time=00:00.10 avg=00:00.20 ETA=00:05.12 | GPU MB alloc/reserved=69.9/848.0
2026-04-07 13:04:09 | INFO | [Round 1] epoch=56/80 loss=1.1107 acc=57.67 val_acc=nan data_t=0.0055s batch_t=0.0336s epoch_t=00:00.20 lr=0.000214 | GPU MB alloc/reserved=69.9/848.0
2026-04-07 13:04:09 | INFO | [Round 1] Epoch 56/80 time=00:00.20 avg=00:00.20 ETA=00:04.92 | GPU MB alloc/reserved=69.9/848.0
2026-04-07 13:04:09 | INFO | [Round 1] epoch=57/80 loss=1.1126 acc=58.50 val_acc=nan data_t=0.0053s batch_t=0.0339s epoch_t=00:00.20 lr=0.000199 | GPU MB alloc/reserved=69.9/848.0
2026-04-07 13:04:09 | INFO | [Round 1] Epoch 57/80 time=00:00.20 avg=00:00.20 ETA=00:04.71 | GPU MB alloc/reserved=69.9/848.0
2026-04-07 13:04:09 | INFO | [Round 1] epoch=58/80 loss=1.0712 acc=59.83 val_acc=nan data_t=0.0054s batch_t=0.0346s epoch_t=00:00.20 lr=0.000184 | GPU MB alloc/reserved=69.9/848.0
2026-04-07 13:04:09 | INFO | [Round 1] Epoch 58/80 time=00:00.20 avg=00:00.20 ETA=00:04.50 | GPU MB alloc/reserved=69.9/848.0
2026-04-07 13:04:09 | INFO | [Round 1] epoch=59/80 loss=1.0416 acc=61.17 val_acc=nan data_t=0.0053s batch_t=0.0337s epoch_t=00:00.20 lr=0.000169 | GPU MB alloc/reserved=69.9/848.0
2026-04-07 13:04:09 | INFO | [Round 1] Epoch 59/80 time=00:00.20 avg=00:00.20 ETA=00:04.29 | GPU MB alloc/reserved=69.9/848.0
2026-04-07 13:04:09 | INFO | [Round 1] epoch=60/80 loss=1.0716 acc=57.83 val_acc=nan data_t=0.0054s batch_t=0.0344s epoch_t=00:00.20 lr=0.000155 | GPU MB alloc/reserved=69.9/848.0
2026-04-07 13:04:09 | INFO | [Round 1] Epoch 60/80 time=00:00.20 avg=00:00.20 ETA=00:04.09 | GPU MB alloc/reserved=69.9/848.0
2026-04-07 13:04:10 | INFO | [Round 1] epoch=61/80 loss=1.0922 acc=58.83 val_acc=nan data_t=0.0056s batch_t=0.0339s epoch_t=00:00.20 lr=0.000142 | GPU MB alloc/reserved=69.9/848.0
2026-04-07 13:04:10 | INFO | [Round 1] Epoch 61/80 time=00:00.20 avg=00:00.20 ETA=00:03.88 | GPU MB alloc/reserved=69.9/848.0
2026-04-07 13:04:10 | INFO | [Round 1] epoch=62/80 loss=1.0553 acc=60.50 val_acc=nan data_t=0.0051s batch_t=0.0343s epoch_t=00:00.20 lr=0.000129 | GPU MB alloc/reserved=69.9/848.0
2026-04-07 13:04:10 | INFO | [Round 1] Epoch 62/80 time=00:00.20 avg=00:00.20 ETA=00:03.67 | GPU MB alloc/reserved=69.9/848.0
2026-04-07 13:04:10 | INFO | [Round 1] epoch=63/80 loss=1.0463 acc=58.00 val_acc=nan data_t=0.0106s batch_t=0.0341s epoch_t=00:00.22 lr=0.000116 | GPU MB alloc/reserved=69.9/848.0
2026-04-07 13:04:10 | INFO | [Round 1] Epoch 63/80 time=00:00.22 avg=00:00.20 ETA=00:03.47 | GPU MB alloc/reserved=69.9/848.0
2026-04-07 13:04:10 | INFO | [Round 1] epoch=64/80 loss=1.0728 acc=60.67 val_acc=nan data_t=0.0105s batch_t=0.0341s epoch_t=00:00.22 lr=0.000105 | GPU MB alloc/reserved=69.9/848.0
2026-04-07 13:04:10 | INFO | [Round 1] Epoch 64/80 time=00:00.22 avg=00:00.20 ETA=00:03.28 | GPU MB alloc/reserved=69.9/848.0
2026-04-07 13:04:10 | INFO | [Round 1] epoch=65/80 loss=1.0357 acc=60.00 val_acc=nan data_t=0.0054s batch_t=0.0346s epoch_t=00:00.20 lr=0.000093 | GPU MB alloc/reserved=69.9/848.0
2026-04-07 13:04:10 | INFO | [Round 1] Epoch 65/80 time=00:00.20 avg=00:00.20 ETA=00:03.07 | GPU MB alloc/reserved=69.9/848.0
2026-04-07 13:04:11 | INFO | [Round 1] epoch=66/80 loss=1.0041 acc=60.17 val_acc=nan data_t=0.0054s batch_t=0.0297s epoch_t=00:00.18 lr=0.000083 | GPU MB alloc/reserved=69.9/848.0
2026-04-07 13:04:11 | INFO | [Round 1] Epoch 66/80 time=00:00.18 avg=00:00.20 ETA=00:02.86 | GPU MB alloc/reserved=69.9/848.0
2026-04-07 13:04:11 | INFO | [Round 1] epoch=67/80 loss=1.0219 acc=61.67 val_acc=nan data_t=0.0061s batch_t=0.0096s epoch_t=00:00.08 lr=0.000073 | GPU MB alloc/reserved=69.9/848.0
2026-04-07 13:04:11 | INFO | [Round 1] Epoch 67/80 time=00:00.08 avg=00:00.20 ETA=00:02.63 | GPU MB alloc/reserved=69.9/848.0
2026-04-07 13:04:11 | INFO | [Round 1] epoch=68/80 loss=1.0385 acc=61.33 val_acc=nan data_t=0.0057s batch_t=0.0094s epoch_t=00:00.08 lr=0.000064 | GPU MB alloc/reserved=69.9/848.0
2026-04-07 13:04:11 | INFO | [Round 1] Epoch 68/80 time=00:00.08 avg=00:00.20 ETA=00:02.41 | GPU MB alloc/reserved=69.9/848.0
2026-04-07 13:04:11 | INFO | [Round 1] epoch=69/80 loss=1.0267 acc=61.17 val_acc=nan data_t=0.0054s batch_t=0.0342s epoch_t=00:00.20 lr=0.000055 | GPU MB alloc/reserved=69.9/848.0
2026-04-07 13:04:11 | INFO | [Round 1] Epoch 69/80 time=00:00.20 avg=00:00.20 ETA=00:02.20 | GPU MB alloc/reserved=69.9/848.0
2026-04-07 13:04:11 | INFO | [Round 1] epoch=70/80 loss=1.0246 acc=61.00 val_acc=nan data_t=0.0089s batch_t=0.0339s epoch_t=00:00.21 lr=0.000048 | GPU MB alloc/reserved=69.9/848.0
2026-04-07 13:04:11 | INFO | [Round 1] Epoch 70/80 time=00:00.21 avg=00:00.20 ETA=00:02.01 | GPU MB alloc/reserved=69.9/848.0
2026-04-07 13:04:11 | INFO | [Round 1] epoch=71/80 loss=1.0354 acc=59.50 val_acc=nan data_t=0.0080s batch_t=0.0341s epoch_t=00:00.21 lr=0.000041 | GPU MB alloc/reserved=69.9/848.0
2026-04-07 13:04:11 | INFO | [Round 1] Epoch 71/80 time=00:00.21 avg=00:00.20 ETA=00:01.81 | GPU MB alloc/reserved=69.9/848.0
2026-04-07 13:04:12 | INFO | [Round 1] epoch=72/80 loss=1.0135 acc=60.83 val_acc=nan data_t=0.0107s batch_t=0.0342s epoch_t=00:00.22 lr=0.000034 | GPU MB alloc/reserved=69.9/848.0
2026-04-07 13:04:12 | INFO | [Round 1] Epoch 72/80 time=00:00.22 avg=00:00.20 ETA=00:01.61 | GPU MB alloc/reserved=69.9/848.0
2026-04-07 13:04:12 | INFO | [Round 1] epoch=73/80 loss=0.9812 acc=63.00 val_acc=nan data_t=0.0114s batch_t=0.0340s epoch_t=00:00.23 lr=0.000029 | GPU MB alloc/reserved=69.9/848.0
2026-04-07 13:04:12 | INFO | [Round 1] Epoch 73/80 time=00:00.23 avg=00:00.20 ETA=00:01.41 | GPU MB alloc/reserved=69.9/848.0
2026-04-07 13:04:12 | INFO | [Round 1] epoch=74/80 loss=1.0168 acc=61.83 val_acc=nan data_t=0.0084s batch_t=0.0339s epoch_t=00:00.21 lr=0.000024 | GPU MB alloc/reserved=69.9/848.0
2026-04-07 13:04:12 | INFO | [Round 1] Epoch 74/80 time=00:00.21 avg=00:00.20 ETA=00:01.21 | GPU MB alloc/reserved=69.9/848.0
2026-04-07 13:04:12 | INFO | [Round 1] epoch=75/80 loss=1.0161 acc=62.50 val_acc=nan data_t=0.0113s batch_t=0.0343s epoch_t=00:00.23 lr=0.000020 | GPU MB alloc/reserved=69.9/848.0
2026-04-07 13:04:12 | INFO | [Round 1] Epoch 75/80 time=00:00.23 avg=00:00.20 ETA=00:01.01 | GPU MB alloc/reserved=69.9/848.0
2026-04-07 13:04:13 | INFO | [Round 1] epoch=76/80 loss=1.0186 acc=61.17 val_acc=nan data_t=0.0121s batch_t=0.0347s epoch_t=00:00.23 lr=0.000016 | GPU MB alloc/reserved=69.9/848.0
2026-04-07 13:04:13 | INFO | [Round 1] Epoch 76/80 time=00:00.23 avg=00:00.20 ETA=00:00.81 | GPU MB alloc/reserved=69.9/848.0
2026-04-07 13:04:13 | INFO | [Round 1] epoch=77/80 loss=1.0018 acc=61.17 val_acc=nan data_t=0.0081s batch_t=0.0342s epoch_t=00:00.21 lr=0.000013 | GPU MB alloc/reserved=69.9/848.0
2026-04-07 13:04:13 | INFO | [Round 1] Epoch 77/80 time=00:00.21 avg=00:00.20 ETA=00:00.61 | GPU MB alloc/reserved=69.9/848.0
2026-04-07 13:04:13 | INFO | [Round 1] epoch=78/80 loss=1.0175 acc=60.50 val_acc=nan data_t=0.0082s batch_t=0.0269s epoch_t=00:00.18 lr=0.000012 | GPU MB alloc/reserved=69.9/848.0
2026-04-07 13:04:13 | INFO | [Round 1] Epoch 78/80 time=00:00.18 avg=00:00.20 ETA=00:00.40 | GPU MB alloc/reserved=69.9/848.0
2026-04-07 13:04:13 | INFO | [Round 1] epoch=79/80 loss=0.9847 acc=62.00 val_acc=nan data_t=0.0109s batch_t=0.0088s epoch_t=00:00.10 lr=0.000010 | GPU MB alloc/reserved=69.9/848.0
2026-04-07 13:04:13 | INFO | [Round 1] Epoch 79/80 time=00:00.10 avg=00:00.20 ETA=00:00.20 | GPU MB alloc/reserved=69.9/848.0
2026-04-07 13:04:13 | INFO | [Round 1] epoch=80/80 loss=1.0250 acc=62.17 val_acc=nan data_t=0.0056s batch_t=0.0238s epoch_t=00:00.15 lr=0.000010 | GPU MB alloc/reserved=69.9/848.0
2026-04-07 13:04:13 | INFO | [Round 1] Epoch 80/80 time=00:00.15 avg=00:00.20 ETA=00:00.00 | GPU MB alloc/reserved=69.9/848.0
2026-04-07 13:04:13 | INFO | [Round 1] training complete in 00:16.11 (best monitor=63.000) | GPU MB alloc/reserved=69.9/848.0
2026-04-07 13:04:13 | INFO | [Round 1] evaluation started | GPU MB alloc/reserved=52.0/848.0
2026-04-07 13:04:16 | INFO | [Round 1] clean=45.13 fgsm=37.36 pgd=37.23 grad_disp_mean=nan grad_disp_sel=nan round_t=19.81s | GPU MB alloc/reserved=52.0/848.0
2026-04-07 13:04:16 | INFO | [Round 2/21] elapsed=00:19.81 avg_round=00:18.09 projected_remaining=05:43.74 | GPU MB alloc/reserved=52.0/848.0
2026-04-07 13:04:17 | INFO | [Round 2] acquisition on pool_size=49400 scored_pool=5000 budget=100 | GPU MB alloc/reserved=34.1/848.0
2026-04-07 13:04:17 | INFO | [CoreSet-unlabeled-feat] scoring progress 10/20 elapsed=00:00.20 avg/batch=0.020s ETA=00:00.20 | GPU MB alloc/reserved=40.6/848.0
2026-04-07 13:04:17 | INFO | [CoreSet-unlabeled-feat] scoring progress 20/20 elapsed=00:00.23 avg/batch=0.011s ETA=00:00.00 | GPU MB alloc/reserved=41.5/848.0
2026-04-07 13:04:17 | INFO | [CoreSet-labeled-feat] scoring progress 3/3 elapsed=00:00.18 avg/batch=0.060s ETA=00:00.00 | GPU MB alloc/reserved=41.2/848.0
2026-04-07 13:04:17 | INFO | [CoreSet] greedy 10/100 cover_radius=29.913559 | GPU: n/a
2026-04-07 13:04:17 | INFO | [CoreSet] greedy 20/100 cover_radius=28.096127 | GPU: n/a
2026-04-07 13:04:17 | INFO | [CoreSet] greedy 30/100 cover_radius=26.472897 | GPU: n/a
2026-04-07 13:04:17 | INFO | [CoreSet] greedy 40/100 cover_radius=25.239719 | GPU: n/a
2026-04-07 13:04:17 | INFO | [CoreSet] greedy 50/100 cover_radius=24.724319 | GPU: n/a
2026-04-07 13:04:17 | INFO | [CoreSet] greedy 60/100 cover_radius=23.977467 | GPU: n/a
2026-04-07 13:04:17 | INFO | [CoreSet] greedy 70/100 cover_radius=23.592880 | GPU: n/a
2026-04-07 13:04:18 | INFO | [CoreSet] greedy 80/100 cover_radius=23.324053 | GPU: n/a
2026-04-07 13:04:18 | INFO | [CoreSet] greedy 90/100 cover_radius=22.987429 | GPU: n/a
2026-04-07 13:04:18 | INFO | [CoreSet] greedy 100/100 cover_radius=22.752018 | GPU: n/a
2026-04-07 13:04:18 | INFO | [Round 2] labeled=700 train=700 val_fixed=0 | GPU MB alloc/reserved=43.1/848.0
2026-04-07 13:04:18 | INFO | [Round 2] epoch=1/80 loss=5.8316 acc=9.43 val_acc=nan data_t=0.0280s batch_t=0.0387s epoch_t=00:00.40 lr=0.001000 | GPU MB alloc/reserved=69.9/852.0
2026-04-07 13:04:18 | INFO | [Round 2] Epoch 1/80 time=00:00.40 avg=00:00.40 ETA=00:31.63 | GPU MB alloc/reserved=69.9/852.0
2026-04-07 13:04:18 | INFO | [Round 2] epoch=2/80 loss=3.1802 acc=15.57 val_acc=nan data_t=0.0071s batch_t=0.0340s epoch_t=00:00.25 lr=0.000998 | GPU MB alloc/reserved=69.9/852.0
2026-04-07 13:04:18 | INFO | [Round 2] Epoch 2/80 time=00:00.25 avg=00:00.32 ETA=00:25.23 | GPU MB alloc/reserved=69.9/852.0
2026-04-07 13:04:19 | INFO | [Round 2] epoch=3/80 loss=2.3688 acc=19.57 val_acc=nan data_t=0.0093s batch_t=0.0339s epoch_t=00:00.26 lr=0.000997 | GPU MB alloc/reserved=69.9/852.0
2026-04-07 13:04:19 | INFO | [Round 2] Epoch 3/80 time=00:00.26 avg=00:00.30 ETA=00:23.25 | GPU MB alloc/reserved=69.9/852.0
2026-04-07 13:04:19 | INFO | [Round 2] epoch=4/80 loss=2.0529 acc=24.71 val_acc=nan data_t=0.0099s batch_t=0.0338s epoch_t=00:00.26 lr=0.000994 | GPU MB alloc/reserved=69.9/852.0
2026-04-07 13:04:19 | INFO | [Round 2] Epoch 4/80 time=00:00.26 avg=00:00.29 ETA=00:22.19 | GPU MB alloc/reserved=69.9/852.0
2026-04-07 13:04:19 | INFO | [Round 2] epoch=5/80 loss=2.0163 acc=26.57 val_acc=nan data_t=0.0102s batch_t=0.0337s epoch_t=00:00.26 lr=0.000990 | GPU MB alloc/reserved=69.9/852.0
2026-04-07 13:04:19 | INFO | [Round 2] Epoch 5/80 time=00:00.26 avg=00:00.29 ETA=00:21.47 | GPU MB alloc/reserved=69.9/852.0
2026-04-07 13:04:19 | INFO | [Round 2] epoch=6/80 loss=1.9473 acc=30.29 val_acc=nan data_t=0.0099s batch_t=0.0339s epoch_t=00:00.26 lr=0.000986 | GPU MB alloc/reserved=69.9/852.0
2026-04-07 13:04:19 | INFO | [Round 2] Epoch 6/80 time=00:00.26 avg=00:00.28 ETA=00:20.90 | GPU MB alloc/reserved=69.9/852.0
2026-04-07 13:04:20 | INFO | [Round 2] epoch=7/80 loss=1.8729 acc=31.86 val_acc=nan data_t=0.0102s batch_t=0.0337s epoch_t=00:00.26 lr=0.000981 | GPU MB alloc/reserved=69.9/852.0
2026-04-07 13:04:20 | INFO | [Round 2] Epoch 7/80 time=00:00.26 avg=00:00.28 ETA=00:20.42 | GPU MB alloc/reserved=69.9/852.0
2026-04-07 13:04:20 | INFO | [Round 2] epoch=8/80 loss=1.8690 acc=31.29 val_acc=nan data_t=0.0100s batch_t=0.0091s epoch_t=00:00.11 lr=0.000976 | GPU MB alloc/reserved=69.9/852.0
2026-04-07 13:04:20 | INFO | [Round 2] Epoch 8/80 time=00:00.11 avg=00:00.26 ETA=00:18.65 | GPU MB alloc/reserved=69.9/852.0
2026-04-07 13:04:20 | INFO | [Round 2] epoch=9/80 loss=1.7767 acc=33.86 val_acc=nan data_t=0.0049s batch_t=0.0226s epoch_t=00:00.17 lr=0.000969 | GPU MB alloc/reserved=69.9/852.0
2026-04-07 13:04:20 | INFO | [Round 2] Epoch 9/80 time=00:00.17 avg=00:00.25 ETA=00:17.65 | GPU MB alloc/reserved=69.9/852.0
2026-04-07 13:04:20 | INFO | [Round 2] epoch=10/80 loss=1.7423 acc=35.29 val_acc=nan data_t=0.0065s batch_t=0.0339s epoch_t=00:00.24 lr=0.000962 | GPU MB alloc/reserved=69.9/852.0
2026-04-07 13:04:20 | INFO | [Round 2] Epoch 10/80 time=00:00.24 avg=00:00.25 ETA=00:17.36 | GPU MB alloc/reserved=69.9/852.0
2026-04-07 13:04:21 | INFO | [Round 2] epoch=11/80 loss=1.6884 acc=38.57 val_acc=nan data_t=0.0088s batch_t=0.0340s epoch_t=00:00.26 lr=0.000955 | GPU MB alloc/reserved=69.9/852.0
2026-04-07 13:04:21 | INFO | [Round 2] Epoch 11/80 time=00:00.26 avg=00:00.25 ETA=00:17.17 | GPU MB alloc/reserved=69.9/852.0
2026-04-07 13:04:21 | INFO | [Round 2] epoch=12/80 loss=1.6643 acc=37.71 val_acc=nan data_t=0.0102s batch_t=0.0337s epoch_t=00:00.26 lr=0.000946 | GPU MB alloc/reserved=69.9/852.0
2026-04-07 13:04:21 | INFO | [Round 2] Epoch 12/80 time=00:00.26 avg=00:00.25 ETA=00:17.00 | GPU MB alloc/reserved=69.9/852.0
2026-04-07 13:04:21 | INFO | [Round 2] epoch=13/80 loss=1.6478 acc=37.14 val_acc=nan data_t=0.0097s batch_t=0.0340s epoch_t=00:00.26 lr=0.000937 | GPU MB alloc/reserved=69.9/852.0
2026-04-07 13:04:21 | INFO | [Round 2] Epoch 13/80 time=00:00.26 avg=00:00.25 ETA=00:16.82 | GPU MB alloc/reserved=69.9/852.0
2026-04-07 13:04:21 | INFO | [Round 2] epoch=14/80 loss=1.5590 acc=40.71 val_acc=nan data_t=0.0101s batch_t=0.0340s epoch_t=00:00.26 lr=0.000927 | GPU MB alloc/reserved=69.9/852.0
2026-04-07 13:04:21 | INFO | [Round 2] Epoch 14/80 time=00:00.26 avg=00:00.25 ETA=00:16.63 | GPU MB alloc/reserved=69.9/852.0
2026-04-07 13:04:22 | INFO | [Round 2] epoch=15/80 loss=1.5708 acc=39.29 val_acc=nan data_t=0.0102s batch_t=0.0337s epoch_t=00:00.26 lr=0.000917 | GPU MB alloc/reserved=69.9/852.0
2026-04-07 13:04:22 | INFO | [Round 2] Epoch 15/80 time=00:00.26 avg=00:00.25 ETA=00:16.43 | GPU MB alloc/reserved=69.9/852.0
2026-04-07 13:04:22 | INFO | [Round 2] epoch=16/80 loss=1.5646 acc=40.43 val_acc=nan data_t=0.0103s batch_t=0.0337s epoch_t=00:00.26 lr=0.000905 | GPU MB alloc/reserved=69.9/852.0
2026-04-07 13:04:22 | INFO | [Round 2] Epoch 16/80 time=00:00.26 avg=00:00.25 ETA=00:16.22 | GPU MB alloc/reserved=69.9/852.0
2026-04-07 13:04:22 | INFO | [Round 2] epoch=17/80 loss=1.5470 acc=41.86 val_acc=nan data_t=0.0048s batch_t=0.0293s epoch_t=00:00.20 lr=0.000894 | GPU MB alloc/reserved=69.9/852.0
2026-04-07 13:04:22 | INFO | [Round 2] Epoch 17/80 time=00:00.20 avg=00:00.25 ETA=00:15.79 | GPU MB alloc/reserved=69.9/852.0
2026-04-07 13:04:22 | INFO | [Round 2] epoch=18/80 loss=1.5101 acc=43.86 val_acc=nan data_t=0.0098s batch_t=0.0082s epoch_t=00:00.11 lr=0.000881 | GPU MB alloc/reserved=69.9/852.0
2026-04-07 13:04:22 | INFO | [Round 2] Epoch 18/80 time=00:00.11 avg=00:00.24 ETA=00:15.04 | GPU MB alloc/reserved=69.9/852.0
2026-04-07 13:04:22 | INFO | [Round 2] epoch=19/80 loss=1.5194 acc=40.71 val_acc=nan data_t=0.0051s batch_t=0.0304s epoch_t=00:00.21 lr=0.000868 | GPU MB alloc/reserved=69.9/852.0
2026-04-07 13:04:22 | INFO | [Round 2] Epoch 19/80 time=00:00.21 avg=00:00.24 ETA=00:14.71 | GPU MB alloc/reserved=69.9/852.0
2026-04-07 13:04:23 | INFO | [Round 2] epoch=20/80 loss=1.4876 acc=43.29 val_acc=nan data_t=0.0048s batch_t=0.0339s epoch_t=00:00.23 lr=0.000855 | GPU MB alloc/reserved=69.9/852.0
2026-04-07 13:04:23 | INFO | [Round 2] Epoch 20/80 time=00:00.23 avg=00:00.24 ETA=00:14.44 | GPU MB alloc/reserved=69.9/852.0
2026-04-07 13:04:23 | INFO | [Round 2] epoch=21/80 loss=1.4657 acc=42.29 val_acc=nan data_t=0.0092s batch_t=0.0337s epoch_t=00:00.26 lr=0.000841 | GPU MB alloc/reserved=69.9/852.0
2026-04-07 13:04:23 | INFO | [Round 2] Epoch 21/80 time=00:00.26 avg=00:00.24 ETA=00:14.25 | GPU MB alloc/reserved=69.9/852.0
2026-04-07 13:04:23 | INFO | [Round 2] epoch=22/80 loss=1.4171 acc=46.86 val_acc=nan data_t=0.0091s batch_t=0.0339s epoch_t=00:00.26 lr=0.000826 | GPU MB alloc/reserved=69.9/852.0
2026-04-07 13:04:23 | INFO | [Round 2] Epoch 22/80 time=00:00.26 avg=00:00.24 ETA=00:14.05 | GPU MB alloc/reserved=69.9/852.0
2026-04-07 13:04:23 | INFO | [Round 2] epoch=23/80 loss=1.4407 acc=47.14 val_acc=nan data_t=0.0065s batch_t=0.0339s epoch_t=00:00.24 lr=0.000811 | GPU MB alloc/reserved=69.9/852.0
2026-04-07 13:04:23 | INFO | [Round 2] Epoch 23/80 time=00:00.24 avg=00:00.24 ETA=00:13.81 | GPU MB alloc/reserved=69.9/852.0
2026-04-07 13:04:24 | INFO | [Round 2] epoch=24/80 loss=1.4286 acc=46.14 val_acc=nan data_t=0.0097s batch_t=0.0339s epoch_t=00:00.26 lr=0.000796 | GPU MB alloc/reserved=69.9/852.0
2026-04-07 13:04:24 | INFO | [Round 2] Epoch 24/80 time=00:00.26 avg=00:00.24 ETA=00:13.61 | GPU MB alloc/reserved=69.9/852.0
2026-04-07 13:04:24 | INFO | [Round 2] epoch=25/80 loss=1.4022 acc=46.71 val_acc=nan data_t=0.0098s batch_t=0.0339s epoch_t=00:00.26 lr=0.000780 | GPU MB alloc/reserved=69.9/852.0
2026-04-07 13:04:24 | INFO | [Round 2] Epoch 25/80 time=00:00.26 avg=00:00.24 ETA=00:13.41 | GPU MB alloc/reserved=69.9/852.0
2026-04-07 13:04:24 | INFO | [Round 2] epoch=26/80 loss=1.3350 acc=48.00 val_acc=nan data_t=0.0102s batch_t=0.0339s epoch_t=00:00.26 lr=0.000764 | GPU MB alloc/reserved=69.9/852.0
2026-04-07 13:04:24 | INFO | [Round 2] Epoch 26/80 time=00:00.26 avg=00:00.24 ETA=00:13.21 | GPU MB alloc/reserved=69.9/852.0
2026-04-07 13:04:24 | INFO | [Round 2] epoch=27/80 loss=1.3353 acc=48.14 val_acc=nan data_t=0.0092s batch_t=0.0236s epoch_t=00:00.20 lr=0.000747 | GPU MB alloc/reserved=69.9/852.0
2026-04-07 13:04:24 | INFO | [Round 2] Epoch 27/80 time=00:00.20 avg=00:00.24 ETA=00:12.87 | GPU MB alloc/reserved=69.9/852.0
2026-04-07 13:04:24 | INFO | [Round 2] epoch=28/80 loss=1.3582 acc=48.57 val_acc=nan data_t=0.0094s batch_t=0.0089s epoch_t=00:00.11 lr=0.000730 | GPU MB alloc/reserved=69.9/852.0
2026-04-07 13:04:24 | INFO | [Round 2] Epoch 28/80 time=00:00.11 avg=00:00.24 ETA=00:12.38 | GPU MB alloc/reserved=69.9/852.0
2026-04-07 13:04:25 | INFO | [Round 2] epoch=29/80 loss=1.3268 acc=47.29 val_acc=nan data_t=0.0049s batch_t=0.0332s epoch_t=00:00.23 lr=0.000712 | GPU MB alloc/reserved=69.9/852.0
2026-04-07 13:04:25 | INFO | [Round 2] Epoch 29/80 time=00:00.23 avg=00:00.24 ETA=00:12.13 | GPU MB alloc/reserved=69.9/852.0
2026-04-07 13:04:25 | INFO | [Round 2] epoch=30/80 loss=1.3055 acc=50.86 val_acc=nan data_t=0.0087s batch_t=0.0339s epoch_t=00:00.26 lr=0.000694 | GPU MB alloc/reserved=69.9/852.0
2026-04-07 13:04:25 | INFO | [Round 2] Epoch 30/80 time=00:00.26 avg=00:00.24 ETA=00:11.92 | GPU MB alloc/reserved=69.9/852.0
2026-04-07 13:04:25 | INFO | [Round 2] epoch=31/80 loss=1.3226 acc=50.29 val_acc=nan data_t=0.0104s batch_t=0.0338s epoch_t=00:00.26 lr=0.000676 | GPU MB alloc/reserved=69.9/852.0
2026-04-07 13:04:25 | INFO | [Round 2] Epoch 31/80 time=00:00.26 avg=00:00.24 ETA=00:11.72 | GPU MB alloc/reserved=69.9/852.0
2026-04-07 13:04:25 | INFO | [Round 2] epoch=32/80 loss=1.2969 acc=50.57 val_acc=nan data_t=0.0064s batch_t=0.0339s epoch_t=00:00.24 lr=0.000658 | GPU MB alloc/reserved=69.9/852.0
2026-04-07 13:04:25 | INFO | [Round 2] Epoch 32/80 time=00:00.24 avg=00:00.24 ETA=00:11.49 | GPU MB alloc/reserved=69.9/852.0
2026-04-07 13:04:26 | INFO | [Round 2] epoch=33/80 loss=1.3083 acc=50.71 val_acc=nan data_t=0.0064s batch_t=0.0339s epoch_t=00:00.24 lr=0.000639 | GPU MB alloc/reserved=69.9/852.0
2026-04-07 13:04:26 | INFO | [Round 2] Epoch 33/80 time=00:00.24 avg=00:00.24 ETA=00:11.25 | GPU MB alloc/reserved=69.9/852.0
2026-04-07 13:04:26 | INFO | [Round 2] epoch=34/80 loss=1.2781 acc=50.29 val_acc=nan data_t=0.0063s batch_t=0.0339s epoch_t=00:00.24 lr=0.000621 | GPU MB alloc/reserved=69.9/852.0
2026-04-07 13:04:26 | INFO | [Round 2] Epoch 34/80 time=00:00.24 avg=00:00.24 ETA=00:11.01 | GPU MB alloc/reserved=69.9/852.0
2026-04-07 13:04:26 | INFO | [Round 2] epoch=35/80 loss=1.2542 acc=54.00 val_acc=nan data_t=0.0075s batch_t=0.0337s epoch_t=00:00.25 lr=0.000602 | GPU MB alloc/reserved=69.9/852.0
2026-04-07 13:04:26 | INFO | [Round 2] Epoch 35/80 time=00:00.25 avg=00:00.24 ETA=00:10.79 | GPU MB alloc/reserved=69.9/852.0
2026-04-07 13:04:26 | INFO | [Round 2] epoch=36/80 loss=1.2593 acc=52.71 val_acc=nan data_t=0.0065s batch_t=0.0338s epoch_t=00:00.24 lr=0.000582 | GPU MB alloc/reserved=69.9/852.0
2026-04-07 13:04:26 | INFO | [Round 2] Epoch 36/80 time=00:00.24 avg=00:00.24 ETA=00:10.55 | GPU MB alloc/reserved=69.9/852.0
2026-04-07 13:04:27 | INFO | [Round 2] epoch=37/80 loss=1.2102 acc=53.71 val_acc=nan data_t=0.0101s batch_t=0.0263s epoch_t=00:00.22 lr=0.000563 | GPU MB alloc/reserved=69.9/852.0
2026-04-07 13:04:27 | INFO | [Round 2] Epoch 37/80 time=00:00.22 avg=00:00.24 ETA=00:10.28 | GPU MB alloc/reserved=69.9/852.0
2026-04-07 13:04:27 | INFO | [Round 2] epoch=38/80 loss=1.2071 acc=55.29 val_acc=nan data_t=0.0094s batch_t=0.0088s epoch_t=00:00.11 lr=0.000544 | GPU MB alloc/reserved=69.9/852.0
2026-04-07 13:04:27 | INFO | [Round 2] Epoch 38/80 time=00:00.11 avg=00:00.24 ETA=00:09.90 | GPU MB alloc/reserved=69.9/852.0
2026-04-07 13:04:27 | INFO | [Round 2] epoch=39/80 loss=1.2003 acc=53.43 val_acc=nan data_t=0.0049s batch_t=0.0306s epoch_t=00:00.21 lr=0.000524 | GPU MB alloc/reserved=69.9/852.0
2026-04-07 13:04:27 | INFO | [Round 2] Epoch 39/80 time=00:00.21 avg=00:00.24 ETA=00:09.64 | GPU MB alloc/reserved=69.9/852.0
2026-04-07 13:04:27 | INFO | [Round 2] epoch=40/80 loss=1.1915 acc=53.86 val_acc=nan data_t=0.0065s batch_t=0.0336s epoch_t=00:00.24 lr=0.000505 | GPU MB alloc/reserved=69.9/852.0
2026-04-07 13:04:27 | INFO | [Round 2] Epoch 40/80 time=00:00.24 avg=00:00.24 ETA=00:09.41 | GPU MB alloc/reserved=69.9/852.0
2026-04-07 13:04:27 | INFO | [Round 2] epoch=41/80 loss=1.1991 acc=53.86 val_acc=nan data_t=0.0098s batch_t=0.0337s epoch_t=00:00.26 lr=0.000486 | GPU MB alloc/reserved=69.9/852.0
2026-04-07 13:04:27 | INFO | [Round 2] Epoch 41/80 time=00:00.26 avg=00:00.24 ETA=00:09.20 | GPU MB alloc/reserved=69.9/852.0
2026-04-07 13:04:28 | INFO | [Round 2] epoch=42/80 loss=1.1748 acc=54.57 val_acc=nan data_t=0.0076s batch_t=0.0339s epoch_t=00:00.25 lr=0.000466 | GPU MB alloc/reserved=69.9/852.0
2026-04-07 13:04:28 | INFO | [Round 2] Epoch 42/80 time=00:00.25 avg=00:00.24 ETA=00:08.98 | GPU MB alloc/reserved=69.9/852.0
2026-04-07 13:04:28 | INFO | [Round 2] epoch=43/80 loss=1.1209 acc=57.14 val_acc=nan data_t=0.0089s batch_t=0.0338s epoch_t=00:00.26 lr=0.000447 | GPU MB alloc/reserved=69.9/852.0
2026-04-07 13:04:28 | INFO | [Round 2] Epoch 43/80 time=00:00.26 avg=00:00.24 ETA=00:08.76 | GPU MB alloc/reserved=69.9/852.0
2026-04-07 13:04:28 | INFO | [Round 2] epoch=44/80 loss=1.1099 acc=58.57 val_acc=nan data_t=0.0090s batch_t=0.0338s epoch_t=00:00.26 lr=0.000428 | GPU MB alloc/reserved=69.9/852.0
2026-04-07 13:04:28 | INFO | [Round 2] Epoch 44/80 time=00:00.26 avg=00:00.24 ETA=00:08.54 | GPU MB alloc/reserved=69.9/852.0
2026-04-07 13:04:29 | INFO | [Round 2] epoch=45/80 loss=1.1217 acc=57.86 val_acc=nan data_t=0.0103s batch_t=0.0339s epoch_t=00:00.27 lr=0.000408 | GPU MB alloc/reserved=69.9/852.0
2026-04-07 13:04:29 | INFO | [Round 2] Epoch 45/80 time=00:00.27 avg=00:00.24 ETA=00:08.32 | GPU MB alloc/reserved=69.9/852.0
2026-04-07 13:04:29 | INFO | [Round 2] epoch=46/80 loss=1.0988 acc=58.57 val_acc=nan data_t=0.0102s batch_t=0.0338s epoch_t=00:00.26 lr=0.000389 | GPU MB alloc/reserved=69.9/852.0
2026-04-07 13:04:29 | INFO | [Round 2] Epoch 46/80 time=00:00.26 avg=00:00.24 ETA=00:08.11 | GPU MB alloc/reserved=69.9/852.0
2026-04-07 13:04:29 | INFO | [Round 2] epoch=47/80 loss=1.0839 acc=59.29 val_acc=nan data_t=0.0098s batch_t=0.0210s epoch_t=00:00.18 lr=0.000371 | GPU MB alloc/reserved=69.9/852.0
2026-04-07 13:04:29 | INFO | [Round 2] Epoch 47/80 time=00:00.18 avg=00:00.24 ETA=00:07.83 | GPU MB alloc/reserved=69.9/852.0
2026-04-07 13:04:29 | INFO | [Round 2] epoch=48/80 loss=1.0978 acc=57.57 val_acc=nan data_t=0.0089s batch_t=0.0089s epoch_t=00:00.11 lr=0.000352 | GPU MB alloc/reserved=69.9/852.0
2026-04-07 13:04:29 | INFO | [Round 2] Epoch 48/80 time=00:00.11 avg=00:00.23 ETA=00:07.51 | GPU MB alloc/reserved=69.9/852.0
2026-04-07 13:04:29 | INFO | [Round 2] epoch=49/80 loss=1.1022 acc=58.29 val_acc=nan data_t=0.0044s batch_t=0.0333s epoch_t=00:00.23 lr=0.000334 | GPU MB alloc/reserved=69.9/852.0
2026-04-07 13:04:29 | INFO | [Round 2] Epoch 49/80 time=00:00.23 avg=00:00.23 ETA=00:07.27 | GPU MB alloc/reserved=69.9/852.0
2026-04-07 13:04:30 | INFO | [Round 2] epoch=50/80 loss=1.0581 acc=57.29 val_acc=nan data_t=0.0048s batch_t=0.0339s epoch_t=00:00.23 lr=0.000316 | GPU MB alloc/reserved=69.9/852.0
2026-04-07 13:04:30 | INFO | [Round 2] Epoch 50/80 time=00:00.23 avg=00:00.23 ETA=00:07.03 | GPU MB alloc/reserved=69.9/852.0
2026-04-07 13:04:30 | INFO | [Round 2] epoch=51/80 loss=1.0883 acc=59.71 val_acc=nan data_t=0.0098s batch_t=0.0338s epoch_t=00:00.26 lr=0.000298 | GPU MB alloc/reserved=69.9/852.0
2026-04-07 13:04:30 | INFO | [Round 2] Epoch 51/80 time=00:00.26 avg=00:00.23 ETA=00:06.81 | GPU MB alloc/reserved=69.9/852.0
2026-04-07 13:04:30 | INFO | [Round 2] epoch=52/80 loss=1.0368 acc=62.43 val_acc=nan data_t=0.0066s batch_t=0.0337s epoch_t=00:00.24 lr=0.000280 | GPU MB alloc/reserved=69.9/852.0
2026-04-07 13:04:30 | INFO | [Round 2] Epoch 52/80 time=00:00.24 avg=00:00.24 ETA=00:06.58 | GPU MB alloc/reserved=69.9/852.0
2026-04-07 13:04:30 | INFO | [Round 2] epoch=53/80 loss=1.0193 acc=61.57 val_acc=nan data_t=0.0098s batch_t=0.0337s epoch_t=00:00.26 lr=0.000263 | GPU MB alloc/reserved=69.9/852.0
2026-04-07 13:04:30 | INFO | [Round 2] Epoch 53/80 time=00:00.26 avg=00:00.24 ETA=00:06.36 | GPU MB alloc/reserved=69.9/852.0
2026-04-07 13:04:31 | INFO | [Round 2] epoch=54/80 loss=1.0232 acc=62.43 val_acc=nan data_t=0.0102s batch_t=0.0338s epoch_t=00:00.26 lr=0.000246 | GPU MB alloc/reserved=69.9/852.0
2026-04-07 13:04:31 | INFO | [Round 2] Epoch 54/80 time=00:00.26 avg=00:00.24 ETA=00:06.14 | GPU MB alloc/reserved=69.9/852.0
2026-04-07 13:04:31 | INFO | [Round 2] epoch=55/80 loss=1.0260 acc=62.00 val_acc=nan data_t=0.0116s batch_t=0.0337s epoch_t=00:00.27 lr=0.000230 | GPU MB alloc/reserved=69.9/852.0
2026-04-07 13:04:31 | INFO | [Round 2] Epoch 55/80 time=00:00.27 avg=00:00.24 ETA=00:05.92 | GPU MB alloc/reserved=69.9/852.0
2026-04-07 13:04:31 | INFO | [Round 2] epoch=56/80 loss=0.9790 acc=63.14 val_acc=nan data_t=0.0066s batch_t=0.0339s epoch_t=00:00.24 lr=0.000214 | GPU MB alloc/reserved=69.9/852.0
2026-04-07 13:04:31 | INFO | [Round 2] Epoch 56/80 time=00:00.24 avg=00:00.24 ETA=00:05.68 | GPU MB alloc/reserved=69.9/852.0
2026-04-07 13:04:31 | INFO | [Round 2] epoch=57/80 loss=1.0417 acc=60.00 val_acc=nan data_t=0.0099s batch_t=0.0190s epoch_t=00:00.17 lr=0.000199 | GPU MB alloc/reserved=69.9/852.0
2026-04-07 13:04:31 | INFO | [Round 2] Epoch 57/80 time=00:00.17 avg=00:00.24 ETA=00:05.42 | GPU MB alloc/reserved=69.9/852.0
2026-04-07 13:04:31 | INFO | [Round 2] epoch=58/80 loss=1.0043 acc=62.14 val_acc=nan data_t=0.0084s batch_t=0.0084s epoch_t=00:00.10 lr=0.000184 | GPU MB alloc/reserved=69.9/852.0
2026-04-07 13:04:31 | INFO | [Round 2] Epoch 58/80 time=00:00.10 avg=00:00.23 ETA=00:05.13 | GPU MB alloc/reserved=69.9/852.0
2026-04-07 13:04:32 | INFO | [Round 2] epoch=59/80 loss=1.0202 acc=59.29 val_acc=nan data_t=0.0045s batch_t=0.0334s epoch_t=00:00.23 lr=0.000169 | GPU MB alloc/reserved=69.9/852.0
2026-04-07 13:04:32 | INFO | [Round 2] Epoch 59/80 time=00:00.23 avg=00:00.23 ETA=00:04.90 | GPU MB alloc/reserved=69.9/852.0
2026-04-07 13:04:32 | INFO | [Round 2] epoch=60/80 loss=0.9889 acc=63.29 val_acc=nan data_t=0.0049s batch_t=0.0339s epoch_t=00:00.23 lr=0.000155 | GPU MB alloc/reserved=69.9/852.0
2026-04-07 13:04:32 | INFO | [Round 2] Epoch 60/80 time=00:00.23 avg=00:00.23 ETA=00:04.67 | GPU MB alloc/reserved=69.9/852.0
2026-04-07 13:04:32 | INFO | [Round 2] epoch=61/80 loss=0.9824 acc=62.86 val_acc=nan data_t=0.0045s batch_t=0.0338s epoch_t=00:00.23 lr=0.000142 | GPU MB alloc/reserved=69.9/852.0
2026-04-07 13:04:32 | INFO | [Round 2] Epoch 61/80 time=00:00.23 avg=00:00.23 ETA=00:04.43 | GPU MB alloc/reserved=69.9/852.0
2026-04-07 13:04:32 | INFO | [Round 2] epoch=62/80 loss=0.9836 acc=62.43 val_acc=nan data_t=0.0045s batch_t=0.0340s epoch_t=00:00.23 lr=0.000129 | GPU MB alloc/reserved=69.9/852.0
2026-04-07 13:04:32 | INFO | [Round 2] Epoch 62/80 time=00:00.23 avg=00:00.23 ETA=00:04.20 | GPU MB alloc/reserved=69.9/852.0
2026-04-07 13:04:33 | INFO | [Round 2] epoch=63/80 loss=0.9409 acc=62.00 val_acc=nan data_t=0.0046s batch_t=0.0339s epoch_t=00:00.23 lr=0.000116 | GPU MB alloc/reserved=69.9/852.0
2026-04-07 13:04:33 | INFO | [Round 2] Epoch 63/80 time=00:00.23 avg=00:00.23 ETA=00:03.96 | GPU MB alloc/reserved=69.9/852.0
2026-04-07 13:04:33 | INFO | [Round 2] epoch=64/80 loss=0.9597 acc=63.86 val_acc=nan data_t=0.0046s batch_t=0.0339s epoch_t=00:00.23 lr=0.000105 | GPU MB alloc/reserved=69.9/852.0
2026-04-07 13:04:33 | INFO | [Round 2] Epoch 64/80 time=00:00.23 avg=00:00.23 ETA=00:03.73 | GPU MB alloc/reserved=69.9/852.0
2026-04-07 13:04:33 | INFO | [Round 2] epoch=65/80 loss=0.9398 acc=65.71 val_acc=nan data_t=0.0043s batch_t=0.0340s epoch_t=00:00.23 lr=0.000093 | GPU MB alloc/reserved=69.9/852.0
2026-04-07 13:04:33 | INFO | [Round 2] Epoch 65/80 time=00:00.23 avg=00:00.23 ETA=00:03.50 | GPU MB alloc/reserved=69.9/852.0
2026-04-07 13:04:33 | INFO | [Round 2] epoch=66/80 loss=0.9365 acc=62.29 val_acc=nan data_t=0.0100s batch_t=0.0339s epoch_t=00:00.26 lr=0.000083 | GPU MB alloc/reserved=69.9/852.0
2026-04-07 13:04:33 | INFO | [Round 2] Epoch 66/80 time=00:00.26 avg=00:00.23 ETA=00:03.27 | GPU MB alloc/reserved=69.9/852.0
2026-04-07 13:04:33 | INFO | [Round 2] epoch=67/80 loss=0.9540 acc=65.29 val_acc=nan data_t=0.0091s batch_t=0.0340s epoch_t=00:00.26 lr=0.000073 | GPU MB alloc/reserved=69.9/852.0
2026-04-07 13:04:33 | INFO | [Round 2] Epoch 67/80 time=00:00.26 avg=00:00.23 ETA=00:03.04 | GPU MB alloc/reserved=69.9/852.0
2026-04-07 13:04:34 | INFO | [Round 2] epoch=68/80 loss=0.9422 acc=64.71 val_acc=nan data_t=0.0090s batch_t=0.0098s epoch_t=00:00.11 lr=0.000064 | GPU MB alloc/reserved=69.9/852.0
2026-04-07 13:04:34 | INFO | [Round 2] Epoch 68/80 time=00:00.11 avg=00:00.23 ETA=00:02.79 | GPU MB alloc/reserved=69.9/852.0
2026-04-07 13:04:34 | INFO | [Round 2] epoch=69/80 loss=0.9444 acc=64.57 val_acc=nan data_t=0.0044s batch_t=0.0092s epoch_t=00:00.08 lr=0.000055 | GPU MB alloc/reserved=69.9/852.0
2026-04-07 13:04:34 | INFO | [Round 2] Epoch 69/80 time=00:00.08 avg=00:00.23 ETA=00:02.53 | GPU MB alloc/reserved=69.9/852.0
2026-04-07 13:04:34 | INFO | [Round 2] epoch=70/80 loss=0.9240 acc=64.86 val_acc=nan data_t=0.0043s batch_t=0.0332s epoch_t=00:00.23 lr=0.000048 | GPU MB alloc/reserved=69.9/852.0
2026-04-07 13:04:34 | INFO | [Round 2] Epoch 70/80 time=00:00.23 avg=00:00.23 ETA=00:02.30 | GPU MB alloc/reserved=69.9/852.0
2026-04-07 13:04:34 | INFO | [Round 2] epoch=71/80 loss=0.9037 acc=65.43 val_acc=nan data_t=0.0087s batch_t=0.0339s epoch_t=00:00.26 lr=0.000041 | GPU MB alloc/reserved=69.9/852.0
2026-04-07 13:04:34 | INFO | [Round 2] Epoch 71/80 time=00:00.26 avg=00:00.23 ETA=00:02.07 | GPU MB alloc/reserved=69.9/852.0
2026-04-07 13:04:34 | INFO | [Round 2] epoch=72/80 loss=0.8972 acc=68.14 val_acc=nan data_t=0.0099s batch_t=0.0338s epoch_t=00:00.26 lr=0.000034 | GPU MB alloc/reserved=69.9/852.0
2026-04-07 13:04:34 | INFO | [Round 2] Epoch 72/80 time=00:00.26 avg=00:00.23 ETA=00:01.85 | GPU MB alloc/reserved=69.9/852.0
2026-04-07 13:04:35 | INFO | [Round 2] epoch=73/80 loss=0.9191 acc=66.00 val_acc=nan data_t=0.0066s batch_t=0.0339s epoch_t=00:00.24 lr=0.000029 | GPU MB alloc/reserved=69.9/852.0
2026-04-07 13:04:35 | INFO | [Round 2] Epoch 73/80 time=00:00.24 avg=00:00.23 ETA=00:01.62 | GPU MB alloc/reserved=69.9/852.0
2026-04-07 13:04:35 | INFO | [Round 2] epoch=74/80 loss=0.9214 acc=65.29 val_acc=nan data_t=0.0087s batch_t=0.0340s epoch_t=00:00.26 lr=0.000024 | GPU MB alloc/reserved=69.9/852.0
2026-04-07 13:04:35 | INFO | [Round 2] Epoch 74/80 time=00:00.26 avg=00:00.23 ETA=00:01.39 | GPU MB alloc/reserved=69.9/852.0
2026-04-07 13:04:35 | INFO | [Round 2] epoch=75/80 loss=0.8891 acc=67.29 val_acc=nan data_t=0.0093s batch_t=0.0337s epoch_t=00:00.26 lr=0.000020 | GPU MB alloc/reserved=69.9/852.0
2026-04-07 13:04:35 | INFO | [Round 2] Epoch 75/80 time=00:00.26 avg=00:00.23 ETA=00:01.16 | GPU MB alloc/reserved=69.9/852.0
2026-04-07 13:04:35 | INFO | [Round 2] epoch=76/80 loss=0.9434 acc=63.57 val_acc=nan data_t=0.0092s batch_t=0.0337s epoch_t=00:00.26 lr=0.000016 | GPU MB alloc/reserved=69.9/852.0
2026-04-07 13:04:35 | INFO | [Round 2] Epoch 76/80 time=00:00.26 avg=00:00.23 ETA=00:00.93 | GPU MB alloc/reserved=69.9/852.0
2026-04-07 13:04:36 | INFO | [Round 2] epoch=77/80 loss=0.9266 acc=63.29 val_acc=nan data_t=0.0096s batch_t=0.0337s epoch_t=00:00.26 lr=0.000013 | GPU MB alloc/reserved=69.9/852.0
2026-04-07 13:04:36 | INFO | [Round 2] Epoch 77/80 time=00:00.26 avg=00:00.23 ETA=00:00.70 | GPU MB alloc/reserved=69.9/852.0
2026-04-07 13:04:36 | INFO | [Round 2] epoch=78/80 loss=0.9029 acc=67.71 val_acc=nan data_t=0.0093s batch_t=0.0168s epoch_t=00:00.16 lr=0.000012 | GPU MB alloc/reserved=69.9/852.0
2026-04-07 13:04:36 | INFO | [Round 2] Epoch 78/80 time=00:00.16 avg=00:00.23 ETA=00:00.46 | GPU MB alloc/reserved=69.9/852.0
2026-04-07 13:04:36 | INFO | [Round 2] epoch=79/80 loss=0.9491 acc=63.43 val_acc=nan data_t=0.0088s batch_t=0.0079s epoch_t=00:00.10 lr=0.000010 | GPU MB alloc/reserved=69.9/852.0
2026-04-07 13:04:36 | INFO | [Round 2] Epoch 79/80 time=00:00.10 avg=00:00.23 ETA=00:00.23 | GPU MB alloc/reserved=69.9/852.0
2026-04-07 13:04:36 | INFO | [Round 2] epoch=80/80 loss=0.9205 acc=67.86 val_acc=nan data_t=0.0046s batch_t=0.0336s epoch_t=00:00.23 lr=0.000010 | GPU MB alloc/reserved=69.9/852.0
2026-04-07 13:04:36 | INFO | [Round 2] Epoch 80/80 time=00:00.23 avg=00:00.23 ETA=00:00.00 | GPU MB alloc/reserved=69.9/852.0
2026-04-07 13:04:36 | INFO | [Round 2] training complete in 00:18.47 (best monitor=68.143) | GPU MB alloc/reserved=69.9/852.0
2026-04-07 13:04:36 | INFO | [Round 2] evaluation started | GPU MB alloc/reserved=52.0/852.0
2026-04-07 13:04:39 | INFO | [Round 2] clean=47.24 fgsm=38.37 pgd=38.28 grad_disp_mean=nan grad_disp_sel=nan round_t=22.25s | GPU MB alloc/reserved=52.0/852.0
2026-04-07 13:04:39 | INFO | [Round 3/21] elapsed=00:22.25 avg_round=00:19.48 projected_remaining=05:50.61 | GPU MB alloc/reserved=52.0/852.0
2026-04-07 13:04:40 | INFO | [Round 3] acquisition on pool_size=49300 scored_pool=5000 budget=100 | GPU MB alloc/reserved=34.1/852.0
2026-04-07 13:04:40 | INFO | [CoreSet-unlabeled-feat] scoring progress 10/20 elapsed=00:00.20 avg/batch=0.020s ETA=00:00.20 | GPU MB alloc/reserved=40.6/852.0
2026-04-07 13:04:40 | INFO | [CoreSet-unlabeled-feat] scoring progress 20/20 elapsed=00:00.23 avg/batch=0.011s ETA=00:00.00 | GPU MB alloc/reserved=40.6/852.0
2026-04-07 13:04:40 | INFO | [CoreSet-labeled-feat] scoring progress 3/3 elapsed=00:00.18 avg/batch=0.060s ETA=00:00.00 | GPU MB alloc/reserved=42.7/852.0
2026-04-07 13:04:40 | INFO | [CoreSet] greedy 10/100 cover_radius=28.313494 | GPU: n/a
2026-04-07 13:04:40 | INFO | [CoreSet] greedy 20/100 cover_radius=26.904499 | GPU: n/a
2026-04-07 13:04:40 | INFO | [CoreSet] greedy 30/100 cover_radius=25.912355 | GPU: n/a
2026-04-07 13:04:40 | INFO | [CoreSet] greedy 40/100 cover_radius=25.422005 | GPU: n/a
2026-04-07 13:04:40 | INFO | [CoreSet] greedy 50/100 cover_radius=25.046858 | GPU: n/a
2026-04-07 13:04:40 | INFO | [CoreSet] greedy 60/100 cover_radius=24.411354 | GPU: n/a
2026-04-07 13:04:40 | INFO | [CoreSet] greedy 70/100 cover_radius=24.183483 | GPU: n/a
2026-04-07 13:04:40 | INFO | [CoreSet] greedy 80/100 cover_radius=23.885138 | GPU: n/a
2026-04-07 13:04:40 | INFO | [CoreSet] greedy 90/100 cover_radius=23.648838 | GPU: n/a
2026-04-07 13:04:40 | INFO | [CoreSet] greedy 100/100 cover_radius=23.253963 | GPU: n/a
2026-04-07 13:04:41 | INFO | [Round 3] labeled=800 train=800 val_fixed=0 | GPU MB alloc/reserved=43.1/852.0
2026-04-07 13:04:41 | INFO | [Round 3] epoch=1/80 loss=6.1411 acc=14.50 val_acc=nan data_t=0.0227s batch_t=0.0383s epoch_t=00:00.43 lr=0.001000 | GPU MB alloc/reserved=69.9/852.0
2026-04-07 13:04:41 | INFO | [Round 3] Epoch 1/80 time=00:00.43 avg=00:00.43 ETA=00:33.74 | GPU MB alloc/reserved=69.9/852.0
2026-04-07 13:04:41 | INFO | [Round 3] epoch=2/80 loss=3.2965 acc=11.62 val_acc=nan data_t=0.0068s batch_t=0.0341s epoch_t=00:00.29 lr=0.000998 | GPU MB alloc/reserved=69.9/852.0
2026-04-07 13:04:41 | INFO | [Round 3] Epoch 2/80 time=00:00.29 avg=00:00.36 ETA=00:27.82 | GPU MB alloc/reserved=69.9/852.0
2026-04-07 13:04:42 | INFO | [Round 3] epoch=3/80 loss=2.3421 acc=18.25 val_acc=nan data_t=0.0090s batch_t=0.0347s epoch_t=00:00.31 lr=0.000997 | GPU MB alloc/reserved=69.9/852.0
2026-04-07 13:04:42 | INFO | [Round 3] Epoch 3/80 time=00:00.31 avg=00:00.34 ETA=00:26.17 | GPU MB alloc/reserved=69.9/852.0
2026-04-07 13:04:42 | INFO | [Round 3] epoch=4/80 loss=2.1511 acc=20.50 val_acc=nan data_t=0.0038s batch_t=0.0344s epoch_t=00:00.27 lr=0.000994 | GPU MB alloc/reserved=69.9/852.0
2026-04-07 13:04:42 | INFO | [Round 3] Epoch 4/80 time=00:00.27 avg=00:00.32 ETA=00:24.46 | GPU MB alloc/reserved=69.9/852.0
2026-04-07 13:04:42 | INFO | [Round 3] epoch=5/80 loss=2.0843 acc=22.00 val_acc=nan data_t=0.0076s batch_t=0.0337s epoch_t=00:00.29 lr=0.000990 | GPU MB alloc/reserved=69.9/852.0
2026-04-07 13:04:42 | INFO | [Round 3] Epoch 5/80 time=00:00.29 avg=00:00.32 ETA=00:23.65 | GPU MB alloc/reserved=69.9/852.0
2026-04-07 13:04:43 | INFO | [Round 3] epoch=6/80 loss=2.0528 acc=23.38 val_acc=nan data_t=0.0085s batch_t=0.0344s epoch_t=00:00.30 lr=0.000986 | GPU MB alloc/reserved=69.9/852.0
2026-04-07 13:04:43 | INFO | [Round 3] Epoch 6/80 time=00:00.30 avg=00:00.31 ETA=00:23.15 | GPU MB alloc/reserved=69.9/852.0
2026-04-07 13:04:43 | INFO | [Round 3] epoch=7/80 loss=2.0194 acc=26.25 val_acc=nan data_t=0.0076s batch_t=0.0136s epoch_t=00:00.15 lr=0.000981 | GPU MB alloc/reserved=69.9/852.0
2026-04-07 13:04:43 | INFO | [Round 3] Epoch 7/80 time=00:00.15 avg=00:00.29 ETA=00:21.12 | GPU MB alloc/reserved=69.9/852.0
2026-04-07 13:04:43 | INFO | [Round 3] epoch=8/80 loss=1.9855 acc=28.12 val_acc=nan data_t=0.0061s batch_t=0.0082s epoch_t=00:00.10 lr=0.000976 | GPU MB alloc/reserved=69.9/852.0
2026-04-07 13:04:43 | INFO | [Round 3] Epoch 8/80 time=00:00.10 avg=00:00.27 ETA=00:19.13 | GPU MB alloc/reserved=69.9/852.0
2026-04-07 13:04:43 | INFO | [Round 3] epoch=9/80 loss=1.9485 acc=30.25 val_acc=nan data_t=0.0038s batch_t=0.0335s epoch_t=00:00.26 lr=0.000969 | GPU MB alloc/reserved=69.9/852.0
2026-04-07 13:04:43 | INFO | [Round 3] Epoch 9/80 time=00:00.26 avg=00:00.27 ETA=00:18.83 | GPU MB alloc/reserved=69.9/852.0
2026-04-07 13:04:43 | INFO | [Round 3] epoch=10/80 loss=1.9385 acc=28.88 val_acc=nan data_t=0.0041s batch_t=0.0337s epoch_t=00:00.26 lr=0.000962 | GPU MB alloc/reserved=69.9/852.0
2026-04-07 13:04:43 | INFO | [Round 3] Epoch 10/80 time=00:00.26 avg=00:00.27 ETA=00:18.56 | GPU MB alloc/reserved=69.9/852.0
2026-04-07 13:04:44 | INFO | [Round 3] epoch=11/80 loss=1.9066 acc=29.38 val_acc=nan data_t=0.0082s batch_t=0.0336s epoch_t=00:00.29 lr=0.000955 | GPU MB alloc/reserved=69.9/852.0
2026-04-07 13:04:44 | INFO | [Round 3] Epoch 11/80 time=00:00.29 avg=00:00.27 ETA=00:18.47 | GPU MB alloc/reserved=69.9/852.0
2026-04-07 13:04:44 | INFO | [Round 3] epoch=12/80 loss=1.8671 acc=29.62 val_acc=nan data_t=0.0090s batch_t=0.0345s epoch_t=00:00.30 lr=0.000946 | GPU MB alloc/reserved=69.9/852.0
2026-04-07 13:04:44 | INFO | [Round 3] Epoch 12/80 time=00:00.30 avg=00:00.27 ETA=00:18.41 | GPU MB alloc/reserved=69.9/852.0
2026-04-07 13:04:44 | INFO | [Round 3] epoch=13/80 loss=1.8620 acc=29.38 val_acc=nan data_t=0.0079s batch_t=0.0340s epoch_t=00:00.29 lr=0.000937 | GPU MB alloc/reserved=69.9/852.0
2026-04-07 13:04:44 | INFO | [Round 3] Epoch 13/80 time=00:00.29 avg=00:00.27 ETA=00:18.26 | GPU MB alloc/reserved=69.9/852.0
2026-04-07 13:04:45 | INFO | [Round 3] epoch=14/80 loss=1.7989 acc=33.62 val_acc=nan data_t=0.0078s batch_t=0.0345s epoch_t=00:00.30 lr=0.000927 | GPU MB alloc/reserved=69.9/852.0
2026-04-07 13:04:45 | INFO | [Round 3] Epoch 14/80 time=00:00.30 avg=00:00.27 ETA=00:18.10 | GPU MB alloc/reserved=69.9/852.0
2026-04-07 13:04:45 | INFO | [Round 3] epoch=15/80 loss=1.7621 acc=34.50 val_acc=nan data_t=0.0095s batch_t=0.0337s epoch_t=00:00.30 lr=0.000917 | GPU MB alloc/reserved=69.9/852.0
2026-04-07 13:04:45 | INFO | [Round 3] Epoch 15/80 time=00:00.30 avg=00:00.28 ETA=00:17.95 | GPU MB alloc/reserved=69.9/852.0
2026-04-07 13:04:45 | INFO | [Round 3] epoch=16/80 loss=1.7533 acc=35.62 val_acc=nan data_t=0.0084s batch_t=0.0154s epoch_t=00:00.17 lr=0.000905 | GPU MB alloc/reserved=69.9/852.0
2026-04-07 13:04:45 | INFO | [Round 3] Epoch 16/80 time=00:00.17 avg=00:00.27 ETA=00:17.23 | GPU MB alloc/reserved=69.9/852.0
2026-04-07 13:04:45 | INFO | [Round 3] epoch=17/80 loss=1.6943 acc=37.88 val_acc=nan data_t=0.0059s batch_t=0.0084s epoch_t=00:00.10 lr=0.000894 | GPU MB alloc/reserved=69.9/852.0
2026-04-07 13:04:45 | INFO | [Round 3] Epoch 17/80 time=00:00.10 avg=00:00.26 ETA=00:16.34 | GPU MB alloc/reserved=69.9/852.0
2026-04-07 13:04:45 | INFO | [Round 3] epoch=18/80 loss=1.7085 acc=35.50 val_acc=nan data_t=0.0037s batch_t=0.0334s epoch_t=00:00.26 lr=0.000881 | GPU MB alloc/reserved=69.9/852.0
2026-04-07 13:04:45 | INFO | [Round 3] Epoch 18/80 time=00:00.26 avg=00:00.26 ETA=00:16.08 | GPU MB alloc/reserved=69.9/852.0
2026-04-07 13:04:46 | INFO | [Round 3] epoch=19/80 loss=1.6884 acc=40.12 val_acc=nan data_t=0.0037s batch_t=0.0336s epoch_t=00:00.26 lr=0.000868 | GPU MB alloc/reserved=69.9/852.0
2026-04-07 13:04:46 | INFO | [Round 3] Epoch 19/80 time=00:00.26 avg=00:00.26 ETA=00:15.83 | GPU MB alloc/reserved=69.9/852.0
2026-04-07 13:04:46 | INFO | [Round 3] epoch=20/80 loss=1.7088 acc=36.62 val_acc=nan data_t=0.0090s batch_t=0.0340s epoch_t=00:00.30 lr=0.000855 | GPU MB alloc/reserved=69.9/852.0
2026-04-07 13:04:46 | INFO | [Round 3] Epoch 20/80 time=00:00.30 avg=00:00.26 ETA=00:15.69 | GPU MB alloc/reserved=69.9/852.0
2026-04-07 13:04:46 | INFO | [Round 3] epoch=21/80 loss=1.6402 acc=38.75 val_acc=nan data_t=0.0083s batch_t=0.0339s epoch_t=00:00.30 lr=0.000841 | GPU MB alloc/reserved=69.9/852.0
2026-04-07 13:04:46 | INFO | [Round 3] Epoch 21/80 time=00:00.30 avg=00:00.26 ETA=00:15.53 | GPU MB alloc/reserved=69.9/852.0
2026-04-07 13:04:47 | INFO | [Round 3] epoch=22/80 loss=1.6485 acc=36.88 val_acc=nan data_t=0.0086s batch_t=0.0336s epoch_t=00:00.30 lr=0.000826 | GPU MB alloc/reserved=69.9/852.0
2026-04-07 13:04:47 | INFO | [Round 3] Epoch 22/80 time=00:00.30 avg=00:00.26 ETA=00:15.35 | GPU MB alloc/reserved=69.9/852.0
2026-04-07 13:04:47 | INFO | [Round 3] epoch=23/80 loss=1.6348 acc=38.50 val_acc=nan data_t=0.0081s batch_t=0.0338s epoch_t=00:00.29 lr=0.000811 | GPU MB alloc/reserved=69.9/852.0
2026-04-07 13:04:47 | INFO | [Round 3] Epoch 23/80 time=00:00.29 avg=00:00.27 ETA=00:15.16 | GPU MB alloc/reserved=69.9/852.0
2026-04-07 13:04:47 | INFO | [Round 3] epoch=24/80 loss=1.6035 acc=40.25 val_acc=nan data_t=0.0077s batch_t=0.0338s epoch_t=00:00.29 lr=0.000796 | GPU MB alloc/reserved=69.9/852.0
2026-04-07 13:04:47 | INFO | [Round 3] Epoch 24/80 time=00:00.29 avg=00:00.27 ETA=00:14.95 | GPU MB alloc/reserved=69.9/852.0
2026-04-07 13:04:47 | INFO | [Round 3] epoch=25/80 loss=1.5248 acc=43.00 val_acc=nan data_t=0.0088s batch_t=0.0169s epoch_t=00:00.18 lr=0.000780 | GPU MB alloc/reserved=69.9/852.0
2026-04-07 13:04:47 | INFO | [Round 3] Epoch 25/80 time=00:00.18 avg=00:00.26 ETA=00:14.49 | GPU MB alloc/reserved=69.9/852.0
2026-04-07 13:04:47 | INFO | [Round 3] epoch=26/80 loss=1.5171 acc=44.25 val_acc=nan data_t=0.0071s batch_t=0.0084s epoch_t=00:00.11 lr=0.000764 | GPU MB alloc/reserved=69.9/852.0
2026-04-07 13:04:47 | INFO | [Round 3] Epoch 26/80 time=00:00.11 avg=00:00.26 ETA=00:13.91 | GPU MB alloc/reserved=69.9/852.0
2026-04-07 13:04:48 | INFO | [Round 3] epoch=27/80 loss=1.5287 acc=43.75 val_acc=nan data_t=0.0054s batch_t=0.0336s epoch_t=00:00.27 lr=0.000747 | GPU MB alloc/reserved=69.9/852.0
2026-04-07 13:04:48 | INFO | [Round 3] Epoch 27/80 time=00:00.27 avg=00:00.26 ETA=00:13.68 | GPU MB alloc/reserved=69.9/852.0
2026-04-07 13:04:48 | INFO | [Round 3] epoch=28/80 loss=1.4904 acc=45.00 val_acc=nan data_t=0.0057s batch_t=0.0338s epoch_t=00:00.28 lr=0.000730 | GPU MB alloc/reserved=69.9/852.0
2026-04-07 13:04:48 | INFO | [Round 3] Epoch 28/80 time=00:00.28 avg=00:00.26 ETA=00:13.46 | GPU MB alloc/reserved=69.9/852.0
2026-04-07 13:04:48 | INFO | [Round 3] epoch=29/80 loss=1.4963 acc=43.75 val_acc=nan data_t=0.0082s batch_t=0.0338s epoch_t=00:00.29 lr=0.000712 | GPU MB alloc/reserved=69.9/852.0
2026-04-07 13:04:48 | INFO | [Round 3] Epoch 29/80 time=00:00.29 avg=00:00.26 ETA=00:13.26 | GPU MB alloc/reserved=69.9/852.0
2026-04-07 13:04:49 | INFO | [Round 3] epoch=30/80 loss=1.4472 acc=46.88 val_acc=nan data_t=0.0078s batch_t=0.0338s epoch_t=00:00.29 lr=0.000694 | GPU MB alloc/reserved=69.9/852.0
2026-04-07 13:04:49 | INFO | [Round 3] Epoch 30/80 time=00:00.29 avg=00:00.26 ETA=00:13.05 | GPU MB alloc/reserved=69.9/852.0
2026-04-07 13:04:49 | INFO | [Round 3] epoch=31/80 loss=1.4532 acc=44.50 val_acc=nan data_t=0.0083s batch_t=0.0337s epoch_t=00:00.29 lr=0.000676 | GPU MB alloc/reserved=69.9/852.0
2026-04-07 13:04:49 | INFO | [Round 3] Epoch 31/80 time=00:00.29 avg=00:00.26 ETA=00:12.84 | GPU MB alloc/reserved=69.9/852.0
2026-04-07 13:04:49 | INFO | [Round 3] epoch=32/80 loss=1.4229 acc=45.38 val_acc=nan data_t=0.0078s batch_t=0.0338s epoch_t=00:00.29 lr=0.000658 | GPU MB alloc/reserved=69.9/852.0
2026-04-07 13:04:49 | INFO | [Round 3] Epoch 32/80 time=00:00.29 avg=00:00.26 ETA=00:12.63 | GPU MB alloc/reserved=69.9/852.0
2026-04-07 13:04:49 | INFO | [Round 3] epoch=33/80 loss=1.4430 acc=45.50 val_acc=nan data_t=0.0076s batch_t=0.0337s epoch_t=00:00.29 lr=0.000639 | GPU MB alloc/reserved=69.9/852.0
2026-04-07 13:04:49 | INFO | [Round 3] Epoch 33/80 time=00:00.29 avg=00:00.26 ETA=00:12.40 | GPU MB alloc/reserved=69.9/852.0
2026-04-07 13:04:50 | INFO | [Round 3] epoch=34/80 loss=1.4058 acc=45.62 val_acc=nan data_t=0.0091s batch_t=0.0155s epoch_t=00:00.17 lr=0.000621 | GPU MB alloc/reserved=69.9/852.0
2026-04-07 13:04:50 | INFO | [Round 3] Epoch 34/80 time=00:00.17 avg=00:00.26 ETA=00:12.01 | GPU MB alloc/reserved=69.9/852.0
2026-04-07 13:04:50 | INFO | [Round 3] epoch=35/80 loss=1.4145 acc=46.50 val_acc=nan data_t=0.0070s batch_t=0.0099s epoch_t=00:00.12 lr=0.000602 | GPU MB alloc/reserved=69.9/852.0
2026-04-07 13:04:50 | INFO | [Round 3] Epoch 35/80 time=00:00.12 avg=00:00.26 ETA=00:11.57 | GPU MB alloc/reserved=69.9/852.0
2026-04-07 13:04:50 | INFO | [Round 3] epoch=36/80 loss=1.3967 acc=47.62 val_acc=nan data_t=0.0058s batch_t=0.0345s epoch_t=00:00.28 lr=0.000582 | GPU MB alloc/reserved=69.9/852.0
2026-04-07 13:04:50 | INFO | [Round 3] Epoch 36/80 time=00:00.28 avg=00:00.26 ETA=00:11.34 | GPU MB alloc/reserved=69.9/852.0
2026-04-07 13:04:50 | INFO | [Round 3] epoch=37/80 loss=1.3514 acc=49.75 val_acc=nan data_t=0.0047s batch_t=0.0337s epoch_t=00:00.27 lr=0.000563 | GPU MB alloc/reserved=69.9/852.0
2026-04-07 13:04:50 | INFO | [Round 3] Epoch 37/80 time=00:00.27 avg=00:00.26 ETA=00:11.09 | GPU MB alloc/reserved=69.9/852.0
2026-04-07 13:04:51 | INFO | [Round 3] epoch=38/80 loss=1.3707 acc=48.62 val_acc=nan data_t=0.0037s batch_t=0.0338s epoch_t=00:00.26 lr=0.000544 | GPU MB alloc/reserved=69.9/852.0
2026-04-07 13:04:51 | INFO | [Round 3] Epoch 38/80 time=00:00.26 avg=00:00.26 ETA=00:10.84 | GPU MB alloc/reserved=69.9/852.0
2026-04-07 13:04:51 | INFO | [Round 3] epoch=39/80 loss=1.3519 acc=49.00 val_acc=nan data_t=0.0063s batch_t=0.0338s epoch_t=00:00.28 lr=0.000524 | GPU MB alloc/reserved=69.9/852.0
2026-04-07 13:04:51 | INFO | [Round 3] Epoch 39/80 time=00:00.28 avg=00:00.26 ETA=00:10.61 | GPU MB alloc/reserved=69.9/852.0
2026-04-07 13:04:51 | INFO | [Round 3] epoch=40/80 loss=1.3615 acc=48.00 val_acc=nan data_t=0.0056s batch_t=0.0341s epoch_t=00:00.28 lr=0.000505 | GPU MB alloc/reserved=69.9/852.0
2026-04-07 13:04:51 | INFO | [Round 3] Epoch 40/80 time=00:00.28 avg=00:00.26 ETA=00:10.37 | GPU MB alloc/reserved=69.9/852.0
2026-04-07 13:04:51 | INFO | [Round 3] epoch=41/80 loss=1.3098 acc=50.00 val_acc=nan data_t=0.0089s batch_t=0.0343s epoch_t=00:00.30 lr=0.000486 | GPU MB alloc/reserved=69.9/852.0
2026-04-07 13:04:51 | INFO | [Round 3] Epoch 41/80 time=00:00.30 avg=00:00.26 ETA=00:10.15 | GPU MB alloc/reserved=69.9/852.0
2026-04-07 13:04:52 | INFO | [Round 3] epoch=42/80 loss=1.3245 acc=48.62 val_acc=nan data_t=0.0090s batch_t=0.0340s epoch_t=00:00.30 lr=0.000466 | GPU MB alloc/reserved=69.9/852.0
2026-04-07 13:04:52 | INFO | [Round 3] Epoch 42/80 time=00:00.30 avg=00:00.26 ETA=00:09.93 | GPU MB alloc/reserved=69.9/852.0
2026-04-07 13:04:52 | INFO | [Round 3] epoch=43/80 loss=1.2767 acc=52.50 val_acc=nan data_t=0.0062s batch_t=0.0236s epoch_t=00:00.21 lr=0.000447 | GPU MB alloc/reserved=69.9/852.0
2026-04-07 13:04:52 | INFO | [Round 3] Epoch 43/80 time=00:00.21 avg=00:00.26 ETA=00:09.62 | GPU MB alloc/reserved=69.9/852.0
2026-04-07 13:04:52 | INFO | [Round 3] epoch=44/80 loss=1.3008 acc=50.88 val_acc=nan data_t=0.0087s batch_t=0.0095s epoch_t=00:00.13 lr=0.000428 | GPU MB alloc/reserved=69.9/852.0
2026-04-07 13:04:52 | INFO | [Round 3] Epoch 44/80 time=00:00.13 avg=00:00.26 ETA=00:09.25 | GPU MB alloc/reserved=69.9/852.0
2026-04-07 13:04:52 | INFO | [Round 3] epoch=45/80 loss=1.2834 acc=52.25 val_acc=nan data_t=0.0042s batch_t=0.0338s epoch_t=00:00.27 lr=0.000408 | GPU MB alloc/reserved=69.9/852.0
2026-04-07 13:04:52 | INFO | [Round 3] Epoch 45/80 time=00:00.27 avg=00:00.26 ETA=00:09.00 | GPU MB alloc/reserved=69.9/852.0
2026-04-07 13:04:53 | INFO | [Round 3] epoch=46/80 loss=1.3013 acc=51.12 val_acc=nan data_t=0.0070s batch_t=0.0337s epoch_t=00:00.28 lr=0.000389 | GPU MB alloc/reserved=69.9/852.0
2026-04-07 13:04:53 | INFO | [Round 3] Epoch 46/80 time=00:00.28 avg=00:00.26 ETA=00:08.76 | GPU MB alloc/reserved=69.9/852.0
2026-04-07 13:04:53 | INFO | [Round 3] epoch=47/80 loss=1.2867 acc=50.75 val_acc=nan data_t=0.0037s batch_t=0.0336s epoch_t=00:00.26 lr=0.000371 | GPU MB alloc/reserved=69.9/852.0
2026-04-07 13:04:53 | INFO | [Round 3] Epoch 47/80 time=00:00.26 avg=00:00.26 ETA=00:08.51 | GPU MB alloc/reserved=69.9/852.0
2026-04-07 13:04:53 | INFO | [Round 3] epoch=48/80 loss=1.2361 acc=52.12 val_acc=nan data_t=0.0038s batch_t=0.0338s epoch_t=00:00.26 lr=0.000352 | GPU MB alloc/reserved=69.9/852.0
2026-04-07 13:04:53 | INFO | [Round 3] Epoch 48/80 time=00:00.26 avg=00:00.26 ETA=00:08.26 | GPU MB alloc/reserved=69.9/852.0
2026-04-07 13:04:53 | INFO | [Round 3] epoch=49/80 loss=1.2451 acc=53.38 val_acc=nan data_t=0.0083s batch_t=0.0339s epoch_t=00:00.30 lr=0.000334 | GPU MB alloc/reserved=69.9/852.0
2026-04-07 13:04:53 | INFO | [Round 3] Epoch 49/80 time=00:00.30 avg=00:00.26 ETA=00:08.02 | GPU MB alloc/reserved=69.9/852.0
2026-04-07 13:04:54 | INFO | [Round 3] epoch=50/80 loss=1.1771 acc=55.00 val_acc=nan data_t=0.0076s batch_t=0.0341s epoch_t=00:00.29 lr=0.000316 | GPU MB alloc/reserved=69.9/852.0
2026-04-07 13:04:54 | INFO | [Round 3] Epoch 50/80 time=00:00.29 avg=00:00.26 ETA=00:07.78 | GPU MB alloc/reserved=69.9/852.0
2026-04-07 13:04:54 | INFO | [Round 3] epoch=51/80 loss=1.2203 acc=52.75 val_acc=nan data_t=0.0081s batch_t=0.0340s epoch_t=00:00.30 lr=0.000298 | GPU MB alloc/reserved=69.9/852.0
2026-04-07 13:04:54 | INFO | [Round 3] Epoch 51/80 time=00:00.30 avg=00:00.26 ETA=00:07.54 | GPU MB alloc/reserved=69.9/852.0
2026-04-07 13:04:54 | INFO | [Round 3] epoch=52/80 loss=1.2229 acc=53.38 val_acc=nan data_t=0.0079s batch_t=0.0233s epoch_t=00:00.22 lr=0.000280 | GPU MB alloc/reserved=69.9/852.0
2026-04-07 13:04:54 | INFO | [Round 3] Epoch 52/80 time=00:00.22 avg=00:00.26 ETA=00:07.26 | GPU MB alloc/reserved=69.9/852.0
2026-04-07 13:04:54 | INFO | [Round 3] epoch=53/80 loss=1.2306 acc=54.00 val_acc=nan data_t=0.0065s batch_t=0.0111s epoch_t=00:00.12 lr=0.000263 | GPU MB alloc/reserved=69.9/852.0
2026-04-07 13:04:54 | INFO | [Round 3] Epoch 53/80 time=00:00.12 avg=00:00.26 ETA=00:06.93 | GPU MB alloc/reserved=69.9/852.0
2026-04-07 13:04:55 | INFO | [Round 3] epoch=54/80 loss=1.1908 acc=55.25 val_acc=nan data_t=0.0073s batch_t=0.0337s epoch_t=00:00.29 lr=0.000246 | GPU MB alloc/reserved=69.9/852.0
2026-04-07 13:04:55 | INFO | [Round 3] Epoch 54/80 time=00:00.29 avg=00:00.26 ETA=00:06.69 | GPU MB alloc/reserved=69.9/852.0
2026-04-07 13:04:55 | INFO | [Round 3] epoch=55/80 loss=1.1772 acc=55.38 val_acc=nan data_t=0.0035s batch_t=0.0337s epoch_t=00:00.26 lr=0.000230 | GPU MB alloc/reserved=69.9/852.0
2026-04-07 13:04:55 | INFO | [Round 3] Epoch 55/80 time=00:00.26 avg=00:00.26 ETA=00:06.43 | GPU MB alloc/reserved=69.9/852.0
2026-04-07 13:04:55 | INFO | [Round 3] epoch=56/80 loss=1.1707 acc=55.12 val_acc=nan data_t=0.0083s batch_t=0.0338s epoch_t=00:00.29 lr=0.000214 | GPU MB alloc/reserved=69.9/852.0
2026-04-07 13:04:55 | INFO | [Round 3] Epoch 56/80 time=00:00.29 avg=00:00.26 ETA=00:06.19 | GPU MB alloc/reserved=69.9/852.0
2026-04-07 13:04:55 | INFO | [Round 3] epoch=57/80 loss=1.1749 acc=54.25 val_acc=nan data_t=0.0057s batch_t=0.0338s epoch_t=00:00.28 lr=0.000199 | GPU MB alloc/reserved=69.9/852.0
2026-04-07 13:04:55 | INFO | [Round 3] Epoch 57/80 time=00:00.28 avg=00:00.26 ETA=00:05.94 | GPU MB alloc/reserved=69.9/852.0
2026-04-07 13:04:56 | INFO | [Round 3] epoch=58/80 loss=1.1748 acc=56.25 val_acc=nan data_t=0.0076s batch_t=0.0341s epoch_t=00:00.29 lr=0.000184 | GPU MB alloc/reserved=69.9/852.0
2026-04-07 13:04:56 | INFO | [Round 3] Epoch 58/80 time=00:00.29 avg=00:00.26 ETA=00:05.70 | GPU MB alloc/reserved=69.9/852.0
2026-04-07 13:04:56 | INFO | [Round 3] epoch=59/80 loss=1.1679 acc=57.00 val_acc=nan data_t=0.0056s batch_t=0.0341s epoch_t=00:00.28 lr=0.000169 | GPU MB alloc/reserved=69.9/852.0
2026-04-07 13:04:56 | INFO | [Round 3] Epoch 59/80 time=00:00.28 avg=00:00.26 ETA=00:05.44 | GPU MB alloc/reserved=69.9/852.0
2026-04-07 13:04:56 | INFO | [Round 3] epoch=60/80 loss=1.1686 acc=56.88 val_acc=nan data_t=0.0082s batch_t=0.0339s epoch_t=00:00.29 lr=0.000155 | GPU MB alloc/reserved=69.9/852.0
2026-04-07 13:04:56 | INFO | [Round 3] Epoch 60/80 time=00:00.29 avg=00:00.26 ETA=00:05.20 | GPU MB alloc/reserved=69.9/852.0
2026-04-07 13:04:57 | INFO | [Round 3] epoch=61/80 loss=1.1667 acc=55.25 val_acc=nan data_t=0.0085s batch_t=0.0220s epoch_t=00:00.21 lr=0.000142 | GPU MB alloc/reserved=69.9/852.0
2026-04-07 13:04:57 | INFO | [Round 3] Epoch 61/80 time=00:00.21 avg=00:00.26 ETA=00:04.92 | GPU MB alloc/reserved=69.9/852.0
2026-04-07 13:04:57 | INFO | [Round 3] epoch=62/80 loss=1.1366 acc=57.12 val_acc=nan data_t=0.0070s batch_t=0.0086s epoch_t=00:00.11 lr=0.000129 | GPU MB alloc/reserved=69.9/852.0
2026-04-07 13:04:57 | INFO | [Round 3] Epoch 62/80 time=00:00.11 avg=00:00.26 ETA=00:04.62 | GPU MB alloc/reserved=69.9/852.0
2026-04-07 13:04:57 | INFO | [Round 3] epoch=63/80 loss=1.1380 acc=57.00 val_acc=nan data_t=0.0037s batch_t=0.0334s epoch_t=00:00.26 lr=0.000116 | GPU MB alloc/reserved=69.9/852.0
2026-04-07 13:04:57 | INFO | [Round 3] Epoch 63/80 time=00:00.26 avg=00:00.26 ETA=00:04.36 | GPU MB alloc/reserved=69.9/852.0
2026-04-07 13:04:57 | INFO | [Round 3] epoch=64/80 loss=1.1348 acc=56.88 val_acc=nan data_t=0.0046s batch_t=0.0337s epoch_t=00:00.27 lr=0.000105 | GPU MB alloc/reserved=69.9/852.0
2026-04-07 13:04:57 | INFO | [Round 3] Epoch 64/80 time=00:00.27 avg=00:00.26 ETA=00:04.11 | GPU MB alloc/reserved=69.9/852.0
2026-04-07 13:04:57 | INFO | [Round 3] epoch=65/80 loss=1.1421 acc=59.12 val_acc=nan data_t=0.0078s batch_t=0.0338s epoch_t=00:00.29 lr=0.000093 | GPU MB alloc/reserved=69.9/852.0
2026-04-07 13:04:57 | INFO | [Round 3] Epoch 65/80 time=00:00.29 avg=00:00.26 ETA=00:03.86 | GPU MB alloc/reserved=69.9/852.0
2026-04-07 13:04:58 | INFO | [Round 3] epoch=66/80 loss=1.1427 acc=56.25 val_acc=nan data_t=0.0076s batch_t=0.0339s epoch_t=00:00.29 lr=0.000083 | GPU MB alloc/reserved=69.9/852.0
2026-04-07 13:04:58 | INFO | [Round 3] Epoch 66/80 time=00:00.29 avg=00:00.26 ETA=00:03.61 | GPU MB alloc/reserved=69.9/852.0
2026-04-07 13:04:58 | INFO | [Round 3] epoch=67/80 loss=1.1095 acc=59.38 val_acc=nan data_t=0.0056s batch_t=0.0339s epoch_t=00:00.28 lr=0.000073 | GPU MB alloc/reserved=69.9/852.0
2026-04-07 13:04:58 | INFO | [Round 3] Epoch 67/80 time=00:00.28 avg=00:00.26 ETA=00:03.36 | GPU MB alloc/reserved=69.9/852.0
2026-04-07 13:04:58 | INFO | [Round 3] epoch=68/80 loss=1.0553 acc=61.12 val_acc=nan data_t=0.0075s batch_t=0.0339s epoch_t=00:00.29 lr=0.000064 | GPU MB alloc/reserved=69.9/852.0
2026-04-07 13:04:58 | INFO | [Round 3] Epoch 68/80 time=00:00.29 avg=00:00.26 ETA=00:03.10 | GPU MB alloc/reserved=69.9/852.0
2026-04-07 13:04:59 | INFO | [Round 3] epoch=69/80 loss=1.0558 acc=60.62 val_acc=nan data_t=0.0058s batch_t=0.0339s epoch_t=00:00.28 lr=0.000055 | GPU MB alloc/reserved=69.9/852.0
2026-04-07 13:04:59 | INFO | [Round 3] Epoch 69/80 time=00:00.28 avg=00:00.26 ETA=00:02.85 | GPU MB alloc/reserved=69.9/852.0
2026-04-07 13:04:59 | INFO | [Round 3] epoch=70/80 loss=1.0917 acc=58.75 val_acc=nan data_t=0.0058s batch_t=0.0284s epoch_t=00:00.24 lr=0.000048 | GPU MB alloc/reserved=69.9/852.0
2026-04-07 13:04:59 | INFO | [Round 3] Epoch 70/80 time=00:00.24 avg=00:00.26 ETA=00:02.59 | GPU MB alloc/reserved=69.9/852.0
2026-04-07 13:04:59 | INFO | [Round 3] epoch=71/80 loss=1.0716 acc=59.12 val_acc=nan data_t=0.0077s batch_t=0.0088s epoch_t=00:00.12 lr=0.000041 | GPU MB alloc/reserved=69.9/852.0
2026-04-07 13:04:59 | INFO | [Round 3] Epoch 71/80 time=00:00.12 avg=00:00.26 ETA=00:02.31 | GPU MB alloc/reserved=69.9/852.0
2026-04-07 13:04:59 | INFO | [Round 3] epoch=72/80 loss=1.0853 acc=59.00 val_acc=nan data_t=0.0037s batch_t=0.0324s epoch_t=00:00.25 lr=0.000034 | GPU MB alloc/reserved=69.9/852.0
2026-04-07 13:04:59 | INFO | [Round 3] Epoch 72/80 time=00:00.25 avg=00:00.26 ETA=00:02.05 | GPU MB alloc/reserved=69.9/852.0
2026-04-07 13:05:00 | INFO | [Round 3] epoch=73/80 loss=1.1213 acc=56.62 val_acc=nan data_t=0.0057s batch_t=0.0337s epoch_t=00:00.28 lr=0.000029 | GPU MB alloc/reserved=69.9/852.0
2026-04-07 13:05:00 | INFO | [Round 3] Epoch 73/80 time=00:00.28 avg=00:00.26 ETA=00:01.80 | GPU MB alloc/reserved=69.9/852.0
2026-04-07 13:05:00 | INFO | [Round 3] epoch=74/80 loss=1.0848 acc=60.75 val_acc=nan data_t=0.0074s batch_t=0.0336s epoch_t=00:00.29 lr=0.000024 | GPU MB alloc/reserved=69.9/852.0
2026-04-07 13:05:00 | INFO | [Round 3] Epoch 74/80 time=00:00.29 avg=00:00.26 ETA=00:01.54 | GPU MB alloc/reserved=69.9/852.0
2026-04-07 13:05:00 | INFO | [Round 3] epoch=75/80 loss=1.0746 acc=62.00 val_acc=nan data_t=0.0074s batch_t=0.0338s epoch_t=00:00.29 lr=0.000020 | GPU MB alloc/reserved=69.9/852.0
2026-04-07 13:05:00 | INFO | [Round 3] Epoch 75/80 time=00:00.29 avg=00:00.26 ETA=00:01.29 | GPU MB alloc/reserved=69.9/852.0
2026-04-07 13:05:00 | INFO | [Round 3] epoch=76/80 loss=1.1181 acc=58.00 val_acc=nan data_t=0.0075s batch_t=0.0337s epoch_t=00:00.29 lr=0.000016 | GPU MB alloc/reserved=69.9/852.0
2026-04-07 13:05:00 | INFO | [Round 3] Epoch 76/80 time=00:00.29 avg=00:00.26 ETA=00:01.03 | GPU MB alloc/reserved=69.9/852.0
2026-04-07 13:05:01 | INFO | [Round 3] epoch=77/80 loss=1.1055 acc=59.00 val_acc=nan data_t=0.0089s batch_t=0.0338s epoch_t=00:00.30 lr=0.000013 | GPU MB alloc/reserved=69.9/852.0
2026-04-07 13:05:01 | INFO | [Round 3] Epoch 77/80 time=00:00.30 avg=00:00.26 ETA=00:00.78 | GPU MB alloc/reserved=69.9/852.0
2026-04-07 13:05:01 | INFO | [Round 3] epoch=78/80 loss=1.0815 acc=58.38 val_acc=nan data_t=0.0081s batch_t=0.0338s epoch_t=00:00.29 lr=0.000012 | GPU MB alloc/reserved=69.9/852.0
2026-04-07 13:05:01 | INFO | [Round 3] Epoch 78/80 time=00:00.29 avg=00:00.26 ETA=00:00.52 | GPU MB alloc/reserved=69.9/852.0
2026-04-07 13:05:01 | INFO | [Round 3] epoch=79/80 loss=1.1235 acc=57.00 val_acc=nan data_t=0.0084s batch_t=0.0230s epoch_t=00:00.22 lr=0.000010 | GPU MB alloc/reserved=69.9/852.0
2026-04-07 13:05:01 | INFO | [Round 3] Epoch 79/80 time=00:00.22 avg=00:00.26 ETA=00:00.26 | GPU MB alloc/reserved=69.9/852.0
2026-04-07 13:05:01 | INFO | [Round 3] epoch=80/80 loss=1.0616 acc=60.00 val_acc=nan data_t=0.0075s batch_t=0.0080s epoch_t=00:00.11 lr=0.000010 | GPU MB alloc/reserved=69.9/852.0
2026-04-07 13:05:01 | INFO | [Round 3] Epoch 80/80 time=00:00.11 avg=00:00.26 ETA=00:00.00 | GPU MB alloc/reserved=69.9/852.0
2026-04-07 13:05:01 | INFO | [Round 3] training complete in 00:20.65 (best monitor=62.000) | GPU MB alloc/reserved=69.9/852.0
2026-04-07 13:05:01 | INFO | [Round 3] evaluation started | GPU MB alloc/reserved=52.0/852.0
2026-04-07 13:05:04 | INFO | [Round 3] clean=46.13 fgsm=38.18 pgd=38.05 grad_disp_mean=nan grad_disp_sel=nan round_t=24.25s | GPU MB alloc/reserved=52.0/852.0
2026-04-07 13:05:04 | INFO | [Round 4/21] elapsed=00:24.25 avg_round=00:20.67 projected_remaining=05:51.42 | GPU MB alloc/reserved=52.0/852.0
2026-04-07 13:05:05 | INFO | [Round 4] acquisition on pool_size=49200 scored_pool=5000 budget=100 | GPU MB alloc/reserved=34.1/852.0
2026-04-07 13:05:05 | INFO | [CoreSet-unlabeled-feat] scoring progress 10/20 elapsed=00:00.21 avg/batch=0.021s ETA=00:00.21 | GPU MB alloc/reserved=40.6/852.0
2026-04-07 13:05:05 | INFO | [CoreSet-unlabeled-feat] scoring progress 20/20 elapsed=00:00.23 avg/batch=0.012s ETA=00:00.00 | GPU MB alloc/reserved=40.6/852.0
2026-04-07 13:05:05 | INFO | [CoreSet-labeled-feat] scoring progress 4/4 elapsed=00:00.17 avg/batch=0.043s ETA=00:00.00 | GPU MB alloc/reserved=40.2/852.0
2026-04-07 13:05:05 | INFO | [CoreSet] greedy 10/100 cover_radius=26.140825 | GPU: n/a
2026-04-07 13:05:05 | INFO | [CoreSet] greedy 20/100 cover_radius=24.806133 | GPU: n/a
2026-04-07 13:05:06 | INFO | [CoreSet] greedy 30/100 cover_radius=23.988115 | GPU: n/a
2026-04-07 13:05:06 | INFO | [CoreSet] greedy 40/100 cover_radius=23.488581 | GPU: n/a
2026-04-07 13:05:06 | INFO | [CoreSet] greedy 50/100 cover_radius=23.145672 | GPU: n/a
2026-04-07 13:05:06 | INFO | [CoreSet] greedy 60/100 cover_radius=22.766747 | GPU: n/a
2026-04-07 13:05:06 | INFO | [CoreSet] greedy 70/100 cover_radius=22.503082 | GPU: n/a
2026-04-07 13:05:06 | INFO | [CoreSet] greedy 80/100 cover_radius=22.154716 | GPU: n/a
2026-04-07 13:05:06 | INFO | [CoreSet] greedy 90/100 cover_radius=21.793196 | GPU: n/a
2026-04-07 13:05:06 | INFO | [CoreSet] greedy 100/100 cover_radius=21.506052 | GPU: n/a
2026-04-07 13:05:06 | INFO | [Round 4] labeled=900 train=900 val_fixed=0 | GPU MB alloc/reserved=43.1/852.0
2026-04-07 13:05:06 | INFO | [Round 4] epoch=1/80 loss=5.4714 acc=15.22 val_acc=nan data_t=0.0200s batch_t=0.0385s epoch_t=00:00.47 lr=0.001000 | GPU MB alloc/reserved=69.9/852.0
2026-04-07 13:05:06 | INFO | [Round 4] Epoch 1/80 time=00:00.47 avg=00:00.47 ETA=00:36.94 | GPU MB alloc/reserved=69.9/852.0
2026-04-07 13:05:07 | INFO | [Round 4] epoch=2/80 loss=2.7470 acc=13.78 val_acc=nan data_t=0.0058s batch_t=0.0339s epoch_t=00:00.32 lr=0.000998 | GPU MB alloc/reserved=69.9/852.0
2026-04-07 13:05:07 | INFO | [Round 4] Epoch 2/80 time=00:00.32 avg=00:00.39 ETA=00:30.61 | GPU MB alloc/reserved=69.9/852.0
2026-04-07 13:05:07 | INFO | [Round 4] epoch=3/80 loss=2.2881 acc=16.89 val_acc=nan data_t=0.0068s batch_t=0.0337s epoch_t=00:00.32 lr=0.000997 | GPU MB alloc/reserved=69.9/852.0
2026-04-07 13:05:07 | INFO | [Round 4] Epoch 3/80 time=00:00.32 avg=00:00.37 ETA=00:28.47 | GPU MB alloc/reserved=69.9/852.0
2026-04-07 13:05:07 | INFO | [Round 4] epoch=4/80 loss=2.1596 acc=22.78 val_acc=nan data_t=0.0078s batch_t=0.0339s epoch_t=00:00.33 lr=0.000994 | GPU MB alloc/reserved=69.9/852.0
2026-04-07 13:05:07 | INFO | [Round 4] Epoch 4/80 time=00:00.33 avg=00:00.36 ETA=00:27.42 | GPU MB alloc/reserved=69.9/852.0
2026-04-07 13:05:08 | INFO | [Round 4] epoch=5/80 loss=2.1280 acc=20.00 val_acc=nan data_t=0.0074s batch_t=0.0341s epoch_t=00:00.33 lr=0.000990 | GPU MB alloc/reserved=69.9/852.0
2026-04-07 13:05:08 | INFO | [Round 4] Epoch 5/80 time=00:00.33 avg=00:00.36 ETA=00:26.63 | GPU MB alloc/reserved=69.9/852.0
2026-04-07 13:05:08 | INFO | [Round 4] epoch=6/80 loss=2.0971 acc=23.11 val_acc=nan data_t=0.0068s batch_t=0.0240s epoch_t=00:00.25 lr=0.000986 | GPU MB alloc/reserved=69.9/852.0
2026-04-07 13:05:08 | INFO | [Round 4] Epoch 6/80 time=00:00.25 avg=00:00.34 ETA=00:24.93 | GPU MB alloc/reserved=69.9/852.0
2026-04-07 13:05:08 | INFO | [Round 4] epoch=7/80 loss=2.0819 acc=24.89 val_acc=nan data_t=0.0054s batch_t=0.0085s epoch_t=00:00.11 lr=0.000981 | GPU MB alloc/reserved=69.9/852.0
2026-04-07 13:05:08 | INFO | [Round 4] Epoch 7/80 time=00:00.11 avg=00:00.30 ETA=00:22.25 | GPU MB alloc/reserved=69.9/852.0
2026-04-07 13:05:08 | INFO | [Round 4] epoch=8/80 loss=2.0755 acc=24.78 val_acc=nan data_t=0.0038s batch_t=0.0339s epoch_t=00:00.30 lr=0.000976 | GPU MB alloc/reserved=69.9/852.0
2026-04-07 13:05:08 | INFO | [Round 4] Epoch 8/80 time=00:00.30 avg=00:00.30 ETA=00:21.91 | GPU MB alloc/reserved=69.9/852.0
2026-04-07 13:05:09 | INFO | [Round 4] epoch=9/80 loss=2.0158 acc=26.33 val_acc=nan data_t=0.0050s batch_t=0.0340s epoch_t=00:00.31 lr=0.000969 | GPU MB alloc/reserved=69.9/852.0
2026-04-07 13:05:09 | INFO | [Round 4] Epoch 9/80 time=00:00.31 avg=00:00.31 ETA=00:21.67 | GPU MB alloc/reserved=69.9/852.0
2026-04-07 13:05:09 | INFO | [Round 4] epoch=10/80 loss=2.0019 acc=26.22 val_acc=nan data_t=0.0051s batch_t=0.0340s epoch_t=00:00.31 lr=0.000962 | GPU MB alloc/reserved=69.9/852.0
2026-04-07 13:05:09 | INFO | [Round 4] Epoch 10/80 time=00:00.31 avg=00:00.31 ETA=00:21.42 | GPU MB alloc/reserved=69.9/852.0
2026-04-07 13:05:09 | INFO | [Round 4] epoch=11/80 loss=1.9827 acc=26.33 val_acc=nan data_t=0.0033s batch_t=0.0335s epoch_t=00:00.29 lr=0.000955 | GPU MB alloc/reserved=69.9/852.0
2026-04-07 13:05:09 | INFO | [Round 4] Epoch 11/80 time=00:00.29 avg=00:00.30 ETA=00:21.04 | GPU MB alloc/reserved=69.9/852.0
2026-04-07 13:05:10 | INFO | [Round 4] epoch=12/80 loss=1.9810 acc=26.67 val_acc=nan data_t=0.0050s batch_t=0.0339s epoch_t=00:00.31 lr=0.000946 | GPU MB alloc/reserved=69.9/852.0
2026-04-07 13:05:10 | INFO | [Round 4] Epoch 12/80 time=00:00.31 avg=00:00.31 ETA=00:20.77 | GPU MB alloc/reserved=69.9/852.0
2026-04-07 13:05:10 | INFO | [Round 4] epoch=13/80 loss=1.9524 acc=28.00 val_acc=nan data_t=0.0074s batch_t=0.0341s epoch_t=00:00.33 lr=0.000937 | GPU MB alloc/reserved=69.9/852.0
2026-04-07 13:05:10 | INFO | [Round 4] Epoch 13/80 time=00:00.33 avg=00:00.31 ETA=00:20.61 | GPU MB alloc/reserved=69.9/852.0
2026-04-07 13:05:10 | INFO | [Round 4] epoch=14/80 loss=1.9780 acc=27.11 val_acc=nan data_t=0.0061s batch_t=0.0335s epoch_t=00:00.32 lr=0.000927 | GPU MB alloc/reserved=69.9/852.0
2026-04-07 13:05:10 | INFO | [Round 4] Epoch 14/80 time=00:00.32 avg=00:00.31 ETA=00:20.34 | GPU MB alloc/reserved=69.9/852.0
2026-04-07 13:05:10 | INFO | [Round 4] epoch=15/80 loss=1.9365 acc=27.33 val_acc=nan data_t=0.0069s batch_t=0.0088s epoch_t=00:00.13 lr=0.000917 | GPU MB alloc/reserved=69.9/852.0
2026-04-07 13:05:10 | INFO | [Round 4] Epoch 15/80 time=00:00.13 avg=00:00.30 ETA=00:19.24 | GPU MB alloc/reserved=69.9/852.0
2026-04-07 13:05:11 | INFO | [Round 4] epoch=16/80 loss=1.9212 acc=28.22 val_acc=nan data_t=0.0039s batch_t=0.0325s epoch_t=00:00.29 lr=0.000905 | GPU MB alloc/reserved=69.9/852.0
2026-04-07 13:05:11 | INFO | [Round 4] Epoch 16/80 time=00:00.29 avg=00:00.30 ETA=00:18.93 | GPU MB alloc/reserved=69.9/852.0
2026-04-07 13:05:11 | INFO | [Round 4] epoch=17/80 loss=1.8965 acc=31.44 val_acc=nan data_t=0.0077s batch_t=0.0338s epoch_t=00:00.33 lr=0.000894 | GPU MB alloc/reserved=69.9/852.0
2026-04-07 13:05:11 | INFO | [Round 4] Epoch 17/80 time=00:00.33 avg=00:00.30 ETA=00:18.76 | GPU MB alloc/reserved=69.9/852.0
2026-04-07 13:05:11 | INFO | [Round 4] epoch=18/80 loss=1.9121 acc=28.44 val_acc=nan data_t=0.0066s batch_t=0.0339s epoch_t=00:00.32 lr=0.000881 | GPU MB alloc/reserved=69.9/852.0
2026-04-07 13:05:11 | INFO | [Round 4] Epoch 18/80 time=00:00.32 avg=00:00.30 ETA=00:18.56 | GPU MB alloc/reserved=69.9/852.0
2026-04-07 13:05:12 | INFO | [Round 4] epoch=19/80 loss=1.9155 acc=27.56 val_acc=nan data_t=0.0077s batch_t=0.0336s epoch_t=00:00.33 lr=0.000868 | GPU MB alloc/reserved=69.9/852.0
2026-04-07 13:05:12 | INFO | [Round 4] Epoch 19/80 time=00:00.33 avg=00:00.30 ETA=00:18.36 | GPU MB alloc/reserved=69.9/852.0
2026-04-07 13:05:12 | INFO | [Round 4] epoch=20/80 loss=1.8582 acc=31.44 val_acc=nan data_t=0.0033s batch_t=0.0336s epoch_t=00:00.29 lr=0.000855 | GPU MB alloc/reserved=69.9/852.0
2026-04-07 13:05:12 | INFO | [Round 4] Epoch 20/80 time=00:00.29 avg=00:00.30 ETA=00:18.04 | GPU MB alloc/reserved=69.9/852.0
2026-04-07 13:05:12 | INFO | [Round 4] epoch=21/80 loss=1.8553 acc=31.33 val_acc=nan data_t=0.0068s batch_t=0.0338s epoch_t=00:00.32 lr=0.000841 | GPU MB alloc/reserved=69.9/852.0
2026-04-07 13:05:12 | INFO | [Round 4] Epoch 21/80 time=00:00.32 avg=00:00.30 ETA=00:17.81 | GPU MB alloc/reserved=69.9/852.0
2026-04-07 13:05:13 | INFO | [Round 4] epoch=22/80 loss=1.8217 acc=31.22 val_acc=nan data_t=0.0079s batch_t=0.0308s epoch_t=00:00.31 lr=0.000826 | GPU MB alloc/reserved=69.9/852.0
2026-04-07 13:05:13 | INFO | [Round 4] Epoch 22/80 time=00:00.31 avg=00:00.30 ETA=00:17.52 | GPU MB alloc/reserved=69.9/852.0
2026-04-07 13:05:13 | INFO | [Round 4] epoch=23/80 loss=1.8230 acc=32.00 val_acc=nan data_t=0.0072s batch_t=0.0084s epoch_t=00:00.12 lr=0.000811 | GPU MB alloc/reserved=69.9/852.0
2026-04-07 13:05:13 | INFO | [Round 4] Epoch 23/80 time=00:00.12 avg=00:00.29 ETA=00:16.78 | GPU MB alloc/reserved=69.9/852.0
2026-04-07 13:05:13 | INFO | [Round 4] epoch=24/80 loss=1.8357 acc=30.56 val_acc=nan data_t=0.0039s batch_t=0.0334s epoch_t=00:00.30 lr=0.000796 | GPU MB alloc/reserved=69.9/852.0
2026-04-07 13:05:13 | INFO | [Round 4] Epoch 24/80 time=00:00.30 avg=00:00.29 ETA=00:16.50 | GPU MB alloc/reserved=69.9/852.0
2026-04-07 13:05:13 | INFO | [Round 4] epoch=25/80 loss=1.8339 acc=31.33 val_acc=nan data_t=0.0070s batch_t=0.0336s epoch_t=00:00.32 lr=0.000780 | GPU MB alloc/reserved=69.9/852.0
2026-04-07 13:05:13 | INFO | [Round 4] Epoch 25/80 time=00:00.32 avg=00:00.30 ETA=00:16.27 | GPU MB alloc/reserved=69.9/852.0
2026-04-07 13:05:14 | INFO | [Round 4] epoch=26/80 loss=1.8129 acc=31.89 val_acc=nan data_t=0.0050s batch_t=0.0338s epoch_t=00:00.31 lr=0.000764 | GPU MB alloc/reserved=69.9/852.0
2026-04-07 13:05:14 | INFO | [Round 4] Epoch 26/80 time=00:00.31 avg=00:00.30 ETA=00:16.00 | GPU MB alloc/reserved=69.9/852.0
2026-04-07 13:05:14 | INFO | [Round 4] epoch=27/80 loss=1.7919 acc=33.11 val_acc=nan data_t=0.0050s batch_t=0.0337s epoch_t=00:00.31 lr=0.000747 | GPU MB alloc/reserved=69.9/852.0
2026-04-07 13:05:14 | INFO | [Round 4] Epoch 27/80 time=00:00.31 avg=00:00.30 ETA=00:15.73 | GPU MB alloc/reserved=69.9/852.0
2026-04-07 13:05:14 | INFO | [Round 4] epoch=28/80 loss=1.8047 acc=33.67 val_acc=nan data_t=0.0074s batch_t=0.0336s epoch_t=00:00.33 lr=0.000730 | GPU MB alloc/reserved=69.9/852.0
2026-04-07 13:05:14 | INFO | [Round 4] Epoch 28/80 time=00:00.33 avg=00:00.30 ETA=00:15.49 | GPU MB alloc/reserved=69.9/852.0
2026-04-07 13:05:15 | INFO | [Round 4] epoch=29/80 loss=1.7841 acc=33.33 val_acc=nan data_t=0.0076s batch_t=0.0336s epoch_t=00:00.33 lr=0.000712 | GPU MB alloc/reserved=69.9/852.0
2026-04-07 13:05:15 | INFO | [Round 4] Epoch 29/80 time=00:00.33 avg=00:00.30 ETA=00:15.25 | GPU MB alloc/reserved=69.9/852.0
2026-04-07 13:05:15 | INFO | [Round 4] epoch=30/80 loss=1.7684 acc=33.56 val_acc=nan data_t=0.0072s batch_t=0.0306s epoch_t=00:00.30 lr=0.000694 | GPU MB alloc/reserved=69.9/852.0
2026-04-07 13:05:15 | INFO | [Round 4] Epoch 30/80 time=00:00.30 avg=00:00.30 ETA=00:14.96 | GPU MB alloc/reserved=69.9/852.0
2026-04-07 13:05:15 | INFO | [Round 4] epoch=31/80 loss=1.7598 acc=33.22 val_acc=nan data_t=0.0067s batch_t=0.0082s epoch_t=00:00.12 lr=0.000676 | GPU MB alloc/reserved=69.9/852.0
2026-04-07 13:05:15 | INFO | [Round 4] Epoch 31/80 time=00:00.12 avg=00:00.29 ETA=00:14.38 | GPU MB alloc/reserved=69.9/852.0
2026-04-07 13:05:15 | INFO | [Round 4] epoch=32/80 loss=1.7547 acc=35.56 val_acc=nan data_t=0.0036s batch_t=0.0330s epoch_t=00:00.29 lr=0.000658 | GPU MB alloc/reserved=69.9/852.0
2026-04-07 13:05:15 | INFO | [Round 4] Epoch 32/80 time=00:00.29 avg=00:00.29 ETA=00:14.08 | GPU MB alloc/reserved=69.9/852.0
2026-04-07 13:05:16 | INFO | [Round 4] epoch=33/80 loss=1.7273 acc=34.33 val_acc=nan data_t=0.0069s batch_t=0.0336s epoch_t=00:00.32 lr=0.000639 | GPU MB alloc/reserved=69.9/852.0
2026-04-07 13:05:16 | INFO | [Round 4] Epoch 33/80 time=00:00.32 avg=00:00.29 ETA=00:13.83 | GPU MB alloc/reserved=69.9/852.0
2026-04-07 13:05:16 | INFO | [Round 4] epoch=34/80 loss=1.7202 acc=36.33 val_acc=nan data_t=0.0080s batch_t=0.0336s epoch_t=00:00.33 lr=0.000621 | GPU MB alloc/reserved=69.9/852.0
2026-04-07 13:05:16 | INFO | [Round 4] Epoch 34/80 time=00:00.33 avg=00:00.30 ETA=00:13.59 | GPU MB alloc/reserved=69.9/852.0
2026-04-07 13:05:16 | INFO | [Round 4] epoch=35/80 loss=1.7488 acc=33.22 val_acc=nan data_t=0.0073s batch_t=0.0337s epoch_t=00:00.33 lr=0.000602 | GPU MB alloc/reserved=69.9/852.0
2026-04-07 13:05:16 | INFO | [Round 4] Epoch 35/80 time=00:00.33 avg=00:00.30 ETA=00:13.34 | GPU MB alloc/reserved=69.9/852.0
2026-04-07 13:05:17 | INFO | [Round 4] epoch=36/80 loss=1.7139 acc=35.89 val_acc=nan data_t=0.0086s batch_t=0.0338s epoch_t=00:00.34 lr=0.000582 | GPU MB alloc/reserved=69.9/852.0
2026-04-07 13:05:17 | INFO | [Round 4] Epoch 36/80 time=00:00.34 avg=00:00.30 ETA=00:13.09 | GPU MB alloc/reserved=69.9/852.0
2026-04-07 13:05:17 | INFO | [Round 4] epoch=37/80 loss=1.7070 acc=36.11 val_acc=nan data_t=0.0050s batch_t=0.0337s epoch_t=00:00.31 lr=0.000563 | GPU MB alloc/reserved=69.9/852.0
2026-04-07 13:05:17 | INFO | [Round 4] Epoch 37/80 time=00:00.31 avg=00:00.30 ETA=00:12.81 | GPU MB alloc/reserved=69.9/852.0
2026-04-07 13:05:17 | INFO | [Round 4] epoch=38/80 loss=1.6891 acc=36.78 val_acc=nan data_t=0.0074s batch_t=0.0274s epoch_t=00:00.28 lr=0.000544 | GPU MB alloc/reserved=69.9/852.0
2026-04-07 13:05:17 | INFO | [Round 4] Epoch 38/80 time=00:00.28 avg=00:00.30 ETA=00:12.49 | GPU MB alloc/reserved=69.9/852.0
2026-04-07 13:05:17 | INFO | [Round 4] epoch=39/80 loss=1.6831 acc=36.11 val_acc=nan data_t=0.0075s batch_t=0.0080s epoch_t=00:00.12 lr=0.000524 | GPU MB alloc/reserved=69.9/852.0
2026-04-07 13:05:17 | INFO | [Round 4] Epoch 39/80 time=00:00.12 avg=00:00.29 ETA=00:12.01 | GPU MB alloc/reserved=69.9/852.0
2026-04-07 13:05:18 | INFO | [Round 4] epoch=40/80 loss=1.6546 acc=37.22 val_acc=nan data_t=0.0048s batch_t=0.0336s epoch_t=00:00.31 lr=0.000505 | GPU MB alloc/reserved=69.9/852.0
2026-04-07 13:05:18 | INFO | [Round 4] Epoch 40/80 time=00:00.31 avg=00:00.29 ETA=00:11.73 | GPU MB alloc/reserved=69.9/852.0
2026-04-07 13:05:18 | INFO | [Round 4] epoch=41/80 loss=1.6596 acc=37.78 val_acc=nan data_t=0.0066s batch_t=0.0337s epoch_t=00:00.32 lr=0.000486 | GPU MB alloc/reserved=69.9/852.0
2026-04-07 13:05:18 | INFO | [Round 4] Epoch 41/80 time=00:00.32 avg=00:00.29 ETA=00:11.47 | GPU MB alloc/reserved=69.9/852.0
2026-04-07 13:05:18 | INFO | [Round 4] epoch=42/80 loss=1.6827 acc=36.56 val_acc=nan data_t=0.0079s batch_t=0.0336s epoch_t=00:00.33 lr=0.000466 | GPU MB alloc/reserved=69.9/852.0
2026-04-07 13:05:18 | INFO | [Round 4] Epoch 42/80 time=00:00.33 avg=00:00.29 ETA=00:11.21 | GPU MB alloc/reserved=69.9/852.0
2026-04-07 13:05:19 | INFO | [Round 4] epoch=43/80 loss=1.6706 acc=36.78 val_acc=nan data_t=0.0078s batch_t=0.0338s epoch_t=00:00.33 lr=0.000447 | GPU MB alloc/reserved=69.9/852.0
2026-04-07 13:05:19 | INFO | [Round 4] Epoch 43/80 time=00:00.33 avg=00:00.30 ETA=00:10.94 | GPU MB alloc/reserved=69.9/852.0
2026-04-07 13:05:19 | INFO | [Round 4] epoch=44/80 loss=1.6569 acc=38.11 val_acc=nan data_t=0.0072s batch_t=0.0336s epoch_t=00:00.33 lr=0.000428 | GPU MB alloc/reserved=69.9/852.0
2026-04-07 13:05:19 | INFO | [Round 4] Epoch 44/80 time=00:00.33 avg=00:00.30 ETA=00:10.67 | GPU MB alloc/reserved=69.9/852.0
2026-04-07 13:05:19 | INFO | [Round 4] epoch=45/80 loss=1.6476 acc=36.67 val_acc=nan data_t=0.0084s batch_t=0.0339s epoch_t=00:00.34 lr=0.000408 | GPU MB alloc/reserved=69.9/852.0
2026-04-07 13:05:19 | INFO | [Round 4] Epoch 45/80 time=00:00.34 avg=00:00.30 ETA=00:10.41 | GPU MB alloc/reserved=69.9/852.0
2026-04-07 13:05:20 | INFO | [Round 4] epoch=46/80 loss=1.6553 acc=36.67 val_acc=nan data_t=0.0052s batch_t=0.0237s epoch_t=00:00.23 lr=0.000389 | GPU MB alloc/reserved=69.9/852.0
2026-04-07 13:05:20 | INFO | [Round 4] Epoch 46/80 time=00:00.23 avg=00:00.30 ETA=00:10.06 | GPU MB alloc/reserved=69.9/852.0
2026-04-07 13:05:20 | INFO | [Round 4] epoch=47/80 loss=1.6330 acc=37.56 val_acc=nan data_t=0.0064s batch_t=0.0081s epoch_t=00:00.12 lr=0.000371 | GPU MB alloc/reserved=69.9/852.0
2026-04-07 13:05:20 | INFO | [Round 4] Epoch 47/80 time=00:00.12 avg=00:00.29 ETA=00:09.64 | GPU MB alloc/reserved=69.9/852.0
2026-04-07 13:05:20 | INFO | [Round 4] epoch=48/80 loss=1.6241 acc=40.00 val_acc=nan data_t=0.0034s batch_t=0.0336s epoch_t=00:00.30 lr=0.000352 | GPU MB alloc/reserved=69.9/852.0
2026-04-07 13:05:20 | INFO | [Round 4] Epoch 48/80 time=00:00.30 avg=00:00.29 ETA=00:09.35 | GPU MB alloc/reserved=69.9/852.0
2026-04-07 13:05:20 | INFO | [Round 4] epoch=49/80 loss=1.6151 acc=37.11 val_acc=nan data_t=0.0073s batch_t=0.0337s epoch_t=00:00.33 lr=0.000334 | GPU MB alloc/reserved=69.9/852.0
2026-04-07 13:05:20 | INFO | [Round 4] Epoch 49/80 time=00:00.33 avg=00:00.29 ETA=00:09.08 | GPU MB alloc/reserved=69.9/852.0
2026-04-07 13:05:21 | INFO | [Round 4] epoch=50/80 loss=1.5870 acc=38.33 val_acc=nan data_t=0.0053s batch_t=0.0337s epoch_t=00:00.31 lr=0.000316 | GPU MB alloc/reserved=69.9/852.0
2026-04-07 13:05:21 | INFO | [Round 4] Epoch 50/80 time=00:00.31 avg=00:00.29 ETA=00:08.80 | GPU MB alloc/reserved=69.9/852.0
2026-04-07 13:05:21 | INFO | [Round 4] epoch=51/80 loss=1.6055 acc=37.89 val_acc=nan data_t=0.0078s batch_t=0.0341s epoch_t=00:00.34 lr=0.000298 | GPU MB alloc/reserved=69.9/852.0
2026-04-07 13:05:21 | INFO | [Round 4] Epoch 51/80 time=00:00.34 avg=00:00.29 ETA=00:08.53 | GPU MB alloc/reserved=69.9/852.0
2026-04-07 13:05:21 | INFO | [Round 4] epoch=52/80 loss=1.5861 acc=40.56 val_acc=nan data_t=0.0084s batch_t=0.0341s epoch_t=00:00.34 lr=0.000280 | GPU MB alloc/reserved=69.9/852.0
2026-04-07 13:05:21 | INFO | [Round 4] Epoch 52/80 time=00:00.34 avg=00:00.30 ETA=00:08.26 | GPU MB alloc/reserved=69.9/852.0
2026-04-07 13:05:22 | INFO | [Round 4] epoch=53/80 loss=1.5861 acc=40.44 val_acc=nan data_t=0.0083s batch_t=0.0337s epoch_t=00:00.34 lr=0.000263 | GPU MB alloc/reserved=69.9/852.0
2026-04-07 13:05:22 | INFO | [Round 4] Epoch 53/80 time=00:00.34 avg=00:00.30 ETA=00:07.99 | GPU MB alloc/reserved=69.9/852.0
2026-04-07 13:05:22 | INFO | [Round 4] epoch=54/80 loss=1.6238 acc=37.22 val_acc=nan data_t=0.0069s batch_t=0.0232s epoch_t=00:00.24 lr=0.000246 | GPU MB alloc/reserved=69.9/852.0
2026-04-07 13:05:22 | INFO | [Round 4] Epoch 54/80 time=00:00.24 avg=00:00.29 ETA=00:07.66 | GPU MB alloc/reserved=69.9/852.0
2026-04-07 13:05:22 | INFO | [Round 4] epoch=55/80 loss=1.6034 acc=38.89 val_acc=nan data_t=0.0063s batch_t=0.0083s epoch_t=00:00.12 lr=0.000230 | GPU MB alloc/reserved=69.9/852.0
2026-04-07 13:05:22 | INFO | [Round 4] Epoch 55/80 time=00:00.12 avg=00:00.29 ETA=00:07.29 | GPU MB alloc/reserved=69.9/852.0
2026-04-07 13:05:22 | INFO | [Round 4] epoch=56/80 loss=1.5765 acc=41.11 val_acc=nan data_t=0.0038s batch_t=0.0339s epoch_t=00:00.30 lr=0.000214 | GPU MB alloc/reserved=69.9/852.0
2026-04-07 13:05:22 | INFO | [Round 4] Epoch 56/80 time=00:00.30 avg=00:00.29 ETA=00:07.00 | GPU MB alloc/reserved=69.9/852.0
2026-04-07 13:05:23 | INFO | [Round 4] epoch=57/80 loss=1.5931 acc=41.00 val_acc=nan data_t=0.0066s batch_t=0.0339s epoch_t=00:00.32 lr=0.000199 | GPU MB alloc/reserved=69.9/852.0
2026-04-07 13:05:23 | INFO | [Round 4] Epoch 57/80 time=00:00.32 avg=00:00.29 ETA=00:06.72 | GPU MB alloc/reserved=69.9/852.0
2026-04-07 13:05:23 | INFO | [Round 4] epoch=58/80 loss=1.5823 acc=40.89 val_acc=nan data_t=0.0074s batch_t=0.0339s epoch_t=00:00.33 lr=0.000184 | GPU MB alloc/reserved=69.9/852.0
2026-04-07 13:05:23 | INFO | [Round 4] Epoch 58/80 time=00:00.33 avg=00:00.29 ETA=00:06.45 | GPU MB alloc/reserved=69.9/852.0
2026-04-07 13:05:23 | INFO | [Round 4] epoch=59/80 loss=1.5215 acc=40.67 val_acc=nan data_t=0.0032s batch_t=0.0340s epoch_t=00:00.30 lr=0.000169 | GPU MB alloc/reserved=69.9/852.0
2026-04-07 13:05:23 | INFO | [Round 4] Epoch 59/80 time=00:00.30 avg=00:00.29 ETA=00:06.15 | GPU MB alloc/reserved=69.9/852.0
2026-04-07 13:05:24 | INFO | [Round 4] epoch=60/80 loss=1.5252 acc=42.78 val_acc=nan data_t=0.0077s batch_t=0.0339s epoch_t=00:00.33 lr=0.000155 | GPU MB alloc/reserved=69.9/852.0
2026-04-07 13:05:24 | INFO | [Round 4] Epoch 60/80 time=00:00.33 avg=00:00.29 ETA=00:05.87 | GPU MB alloc/reserved=69.9/852.0
2026-04-07 13:05:24 | INFO | [Round 4] epoch=61/80 loss=1.5568 acc=39.78 val_acc=nan data_t=0.0084s batch_t=0.0340s epoch_t=00:00.34 lr=0.000142 | GPU MB alloc/reserved=69.9/852.0
2026-04-07 13:05:24 | INFO | [Round 4] Epoch 61/80 time=00:00.34 avg=00:00.29 ETA=00:05.59 | GPU MB alloc/reserved=69.9/852.0
2026-04-07 13:05:24 | INFO | [Round 4] epoch=62/80 loss=1.5449 acc=42.56 val_acc=nan data_t=0.0079s batch_t=0.0254s epoch_t=00:00.27 lr=0.000129 | GPU MB alloc/reserved=69.9/852.0
2026-04-07 13:05:24 | INFO | [Round 4] Epoch 62/80 time=00:00.27 avg=00:00.29 ETA=00:05.29 | GPU MB alloc/reserved=69.9/852.0
2026-04-07 13:05:24 | INFO | [Round 4] epoch=63/80 loss=1.5732 acc=39.11 val_acc=nan data_t=0.0051s batch_t=0.0087s epoch_t=00:00.11 lr=0.000116 | GPU MB alloc/reserved=69.9/852.0
2026-04-07 13:05:24 | INFO | [Round 4] Epoch 63/80 time=00:00.11 avg=00:00.29 ETA=00:04.95 | GPU MB alloc/reserved=69.9/852.0
2026-04-07 13:05:25 | INFO | [Round 4] epoch=64/80 loss=1.5332 acc=42.11 val_acc=nan data_t=0.0040s batch_t=0.0334s epoch_t=00:00.30 lr=0.000105 | GPU MB alloc/reserved=69.9/852.0
2026-04-07 13:05:25 | INFO | [Round 4] Epoch 64/80 time=00:00.30 avg=00:00.29 ETA=00:04.66 | GPU MB alloc/reserved=69.9/852.0
2026-04-07 13:05:25 | INFO | [Round 4] epoch=65/80 loss=1.5262 acc=41.44 val_acc=nan data_t=0.0050s batch_t=0.0340s epoch_t=00:00.31 lr=0.000093 | GPU MB alloc/reserved=69.9/852.0
2026-04-07 13:05:25 | INFO | [Round 4] Epoch 65/80 time=00:00.31 avg=00:00.29 ETA=00:04.37 | GPU MB alloc/reserved=69.9/852.0
2026-04-07 13:05:25 | INFO | [Round 4] epoch=66/80 loss=1.5130 acc=41.67 val_acc=nan data_t=0.0069s batch_t=0.0340s epoch_t=00:00.33 lr=0.000083 | GPU MB alloc/reserved=69.9/852.0
2026-04-07 13:05:25 | INFO | [Round 4] Epoch 66/80 time=00:00.33 avg=00:00.29 ETA=00:04.09 | GPU MB alloc/reserved=69.9/852.0
2026-04-07 13:05:26 | INFO | [Round 4] epoch=67/80 loss=1.5173 acc=43.89 val_acc=nan data_t=0.0076s batch_t=0.0342s epoch_t=00:00.33 lr=0.000073 | GPU MB alloc/reserved=69.9/852.0
2026-04-07 13:05:26 | INFO | [Round 4] Epoch 67/80 time=00:00.33 avg=00:00.29 ETA=00:03.81 | GPU MB alloc/reserved=69.9/852.0
2026-04-07 13:05:26 | INFO | [Round 4] epoch=68/80 loss=1.5013 acc=43.56 val_acc=nan data_t=0.0076s batch_t=0.0339s epoch_t=00:00.33 lr=0.000064 | GPU MB alloc/reserved=69.9/852.0
2026-04-07 13:05:26 | INFO | [Round 4] Epoch 68/80 time=00:00.33 avg=00:00.29 ETA=00:03.52 | GPU MB alloc/reserved=69.9/852.0
2026-04-07 13:05:26 | INFO | [Round 4] epoch=69/80 loss=1.4699 acc=43.67 val_acc=nan data_t=0.0079s batch_t=0.0340s epoch_t=00:00.33 lr=0.000055 | GPU MB alloc/reserved=69.9/852.0
2026-04-07 13:05:26 | INFO | [Round 4] Epoch 69/80 time=00:00.33 avg=00:00.29 ETA=00:03.23 | GPU MB alloc/reserved=69.9/852.0
2026-04-07 13:05:27 | INFO | [Round 4] epoch=70/80 loss=1.5213 acc=41.33 val_acc=nan data_t=0.0077s batch_t=0.0254s epoch_t=00:00.27 lr=0.000048 | GPU MB alloc/reserved=69.9/852.0
2026-04-07 13:05:27 | INFO | [Round 4] Epoch 70/80 time=00:00.27 avg=00:00.29 ETA=00:02.93 | GPU MB alloc/reserved=69.9/852.0
2026-04-07 13:05:27 | INFO | [Round 4] epoch=71/80 loss=1.5044 acc=43.44 val_acc=nan data_t=0.0068s batch_t=0.0082s epoch_t=00:00.12 lr=0.000041 | GPU MB alloc/reserved=69.9/852.0
2026-04-07 13:05:27 | INFO | [Round 4] Epoch 71/80 time=00:00.12 avg=00:00.29 ETA=00:02.62 | GPU MB alloc/reserved=69.9/852.0
2026-04-07 13:05:27 | INFO | [Round 4] epoch=72/80 loss=1.4987 acc=43.44 val_acc=nan data_t=0.0031s batch_t=0.0340s epoch_t=00:00.30 lr=0.000034 | GPU MB alloc/reserved=69.9/852.0
2026-04-07 13:05:27 | INFO | [Round 4] Epoch 72/80 time=00:00.30 avg=00:00.29 ETA=00:02.33 | GPU MB alloc/reserved=69.9/852.0
2026-04-07 13:05:27 | INFO | [Round 4] epoch=73/80 loss=1.4756 acc=44.44 val_acc=nan data_t=0.0064s batch_t=0.0339s epoch_t=00:00.32 lr=0.000029 | GPU MB alloc/reserved=69.9/852.0
2026-04-07 13:05:27 | INFO | [Round 4] Epoch 73/80 time=00:00.32 avg=00:00.29 ETA=00:02.04 | GPU MB alloc/reserved=69.9/852.0
2026-04-07 13:05:28 | INFO | [Round 4] epoch=74/80 loss=1.5238 acc=43.00 val_acc=nan data_t=0.0079s batch_t=0.0338s epoch_t=00:00.33 lr=0.000024 | GPU MB alloc/reserved=69.9/852.0
2026-04-07 13:05:28 | INFO | [Round 4] Epoch 74/80 time=00:00.33 avg=00:00.29 ETA=00:01.75 | GPU MB alloc/reserved=69.9/852.0
2026-04-07 13:05:28 | INFO | [Round 4] epoch=75/80 loss=1.5168 acc=40.89 val_acc=nan data_t=0.0049s batch_t=0.0341s epoch_t=00:00.31 lr=0.000020 | GPU MB alloc/reserved=69.9/852.0
2026-04-07 13:05:28 | INFO | [Round 4] Epoch 75/80 time=00:00.31 avg=00:00.29 ETA=00:01.46 | GPU MB alloc/reserved=69.9/852.0
2026-04-07 13:05:28 | INFO | [Round 4] epoch=76/80 loss=1.5084 acc=42.33 val_acc=nan data_t=0.0071s batch_t=0.0340s epoch_t=00:00.33 lr=0.000016 | GPU MB alloc/reserved=69.9/852.0
2026-04-07 13:05:28 | INFO | [Round 4] Epoch 76/80 time=00:00.33 avg=00:00.29 ETA=00:01.17 | GPU MB alloc/reserved=69.9/852.0
2026-04-07 13:05:29 | INFO | [Round 4] epoch=77/80 loss=1.5332 acc=41.78 val_acc=nan data_t=0.0083s batch_t=0.0339s epoch_t=00:00.34 lr=0.000013 | GPU MB alloc/reserved=69.9/852.0
2026-04-07 13:05:29 | INFO | [Round 4] Epoch 77/80 time=00:00.34 avg=00:00.29 ETA=00:00.88 | GPU MB alloc/reserved=69.9/852.0
2026-04-07 13:05:29 | INFO | [Round 4] epoch=78/80 loss=1.5240 acc=43.22 val_acc=nan data_t=0.0078s batch_t=0.0247s epoch_t=00:00.26 lr=0.000012 | GPU MB alloc/reserved=69.9/852.0
2026-04-07 13:05:29 | INFO | [Round 4] Epoch 78/80 time=00:00.26 avg=00:00.29 ETA=00:00.59 | GPU MB alloc/reserved=69.9/852.0
2026-04-07 13:05:29 | INFO | [Round 4] epoch=79/80 loss=1.5114 acc=42.22 val_acc=nan data_t=0.0073s batch_t=0.0084s epoch_t=00:00.13 lr=0.000010 | GPU MB alloc/reserved=69.9/852.0
2026-04-07 13:05:29 | INFO | [Round 4] Epoch 79/80 time=00:00.13 avg=00:00.29 ETA=00:00.29 | GPU MB alloc/reserved=69.9/852.0
2026-04-07 13:05:29 | INFO | [Round 4] epoch=80/80 loss=1.4898 acc=43.56 val_acc=nan data_t=0.0053s batch_t=0.0340s epoch_t=00:00.31 lr=0.000010 | GPU MB alloc/reserved=69.9/852.0
2026-04-07 13:05:29 | INFO | [Round 4] Epoch 80/80 time=00:00.31 avg=00:00.29 ETA=00:00.00 | GPU MB alloc/reserved=69.9/852.0
2026-04-07 13:05:29 | INFO | [Round 4] training complete in 00:23.39 (best monitor=44.444) | GPU MB alloc/reserved=69.9/852.0
2026-04-07 13:05:29 | INFO | [Round 4] evaluation started | GPU MB alloc/reserved=52.0/852.0
2026-04-07 13:05:32 | INFO | [Round 4] clean=40.56 fgsm=35.70 pgd=35.66 grad_disp_mean=nan grad_disp_sel=nan round_t=27.18s | GPU MB alloc/reserved=52.0/852.0
2026-04-07 13:05:32 | INFO | [Round 5/21] elapsed=00:27.18 avg_round=00:21.97 projected_remaining=05:51.56 | GPU MB alloc/reserved=52.0/852.0
2026-04-07 13:05:33 | INFO | [Round 5] acquisition on pool_size=49100 scored_pool=5000 budget=100 | GPU MB alloc/reserved=34.1/852.0
2026-04-07 13:05:33 | INFO | [CoreSet-unlabeled-feat] scoring progress 10/20 elapsed=00:00.20 avg/batch=0.020s ETA=00:00.20 | GPU MB alloc/reserved=40.6/852.0
2026-04-07 13:05:33 | INFO | [CoreSet-unlabeled-feat] scoring progress 20/20 elapsed=00:00.23 avg/batch=0.012s ETA=00:00.00 | GPU MB alloc/reserved=40.6/852.0
2026-04-07 13:05:33 | INFO | [CoreSet-labeled-feat] scoring progress 4/4 elapsed=00:00.18 avg/batch=0.045s ETA=00:00.00 | GPU MB alloc/reserved=41.4/852.0
2026-04-07 13:05:33 | INFO | [CoreSet] greedy 10/100 cover_radius=19.315756 | GPU: n/a
2026-04-07 13:05:33 | INFO | [CoreSet] greedy 20/100 cover_radius=18.168388 | GPU: n/a
2026-04-07 13:05:33 | INFO | [CoreSet] greedy 30/100 cover_radius=17.384230 | GPU: n/a
2026-04-07 13:05:33 | INFO | [CoreSet] greedy 40/100 cover_radius=16.634998 | GPU: n/a
2026-04-07 13:05:33 | INFO | [CoreSet] greedy 50/100 cover_radius=16.369379 | GPU: n/a
2026-04-07 13:05:34 | INFO | [CoreSet] greedy 60/100 cover_radius=15.995452 | GPU: n/a
2026-04-07 13:05:34 | INFO | [CoreSet] greedy 70/100 cover_radius=15.865924 | GPU: n/a
2026-04-07 13:05:34 | INFO | [CoreSet] greedy 80/100 cover_radius=15.483874 | GPU: n/a
2026-04-07 13:05:34 | INFO | [CoreSet] greedy 90/100 cover_radius=15.311360 | GPU: n/a
2026-04-07 13:05:34 | INFO | [CoreSet] greedy 100/100 cover_radius=15.112243 | GPU: n/a
2026-04-07 13:05:34 | INFO | [Round 5] labeled=1000 train=1000 val_fixed=0 | GPU MB alloc/reserved=43.1/852.0
2026-04-07 13:05:34 | INFO | [Round 5] epoch=1/80 loss=5.8972 acc=14.70 val_acc=nan data_t=0.0212s batch_t=0.0378s epoch_t=00:00.47 lr=0.001000 | GPU MB alloc/reserved=69.9/852.0
2026-04-07 13:05:34 | INFO | [Round 5] Epoch 1/80 time=00:00.47 avg=00:00.47 ETA=00:37.25 | GPU MB alloc/reserved=69.9/852.0
2026-04-07 13:05:35 | INFO | [Round 5] epoch=2/80 loss=2.6752 acc=13.50 val_acc=nan data_t=0.0036s batch_t=0.0342s epoch_t=00:00.30 lr=0.000998 | GPU MB alloc/reserved=69.9/852.0
2026-04-07 13:05:35 | INFO | [Round 5] Epoch 2/80 time=00:00.30 avg=00:00.39 ETA=00:30.20 | GPU MB alloc/reserved=69.9/852.0
2026-04-07 13:05:35 | INFO | [Round 5] epoch=3/80 loss=2.1580 acc=22.00 val_acc=nan data_t=0.0037s batch_t=0.0342s epoch_t=00:00.30 lr=0.000997 | GPU MB alloc/reserved=69.9/852.0
2026-04-07 13:05:35 | INFO | [Round 5] Epoch 3/80 time=00:00.30 avg=00:00.36 ETA=00:27.67 | GPU MB alloc/reserved=69.9/852.0
2026-04-07 13:05:35 | INFO | [Round 5] epoch=4/80 loss=2.0117 acc=27.50 val_acc=nan data_t=0.0081s batch_t=0.0343s epoch_t=00:00.34 lr=0.000994 | GPU MB alloc/reserved=69.9/852.0
2026-04-07 13:05:35 | INFO | [Round 5] Epoch 4/80 time=00:00.34 avg=00:00.35 ETA=00:26.93 | GPU MB alloc/reserved=69.9/852.0
2026-04-07 13:05:36 | INFO | [Round 5] epoch=5/80 loss=1.9864 acc=27.10 val_acc=nan data_t=0.0074s batch_t=0.0341s epoch_t=00:00.33 lr=0.000990 | GPU MB alloc/reserved=69.9/852.0
2026-04-07 13:05:36 | INFO | [Round 5] Epoch 5/80 time=00:00.33 avg=00:00.35 ETA=00:26.25 | GPU MB alloc/reserved=69.9/852.0
2026-04-07 13:05:36 | INFO | [Round 5] epoch=6/80 loss=1.9244 acc=29.10 val_acc=nan data_t=0.0074s batch_t=0.0278s epoch_t=00:00.28 lr=0.000986 | GPU MB alloc/reserved=69.9/852.0
2026-04-07 13:05:36 | INFO | [Round 5] Epoch 6/80 time=00:00.28 avg=00:00.34 ETA=00:25.06 | GPU MB alloc/reserved=69.9/852.0
2026-04-07 13:05:36 | INFO | [Round 5] epoch=7/80 loss=1.8974 acc=31.50 val_acc=nan data_t=0.0079s batch_t=0.0083s epoch_t=00:00.13 lr=0.000981 | GPU MB alloc/reserved=69.9/852.0
2026-04-07 13:05:36 | INFO | [Round 5] Epoch 7/80 time=00:00.13 avg=00:00.31 ETA=00:22.54 | GPU MB alloc/reserved=69.9/852.0
2026-04-07 13:05:36 | INFO | [Round 5] epoch=8/80 loss=1.8425 acc=32.30 val_acc=nan data_t=0.0039s batch_t=0.0340s epoch_t=00:00.30 lr=0.000976 | GPU MB alloc/reserved=69.9/852.0
2026-04-07 13:05:36 | INFO | [Round 5] Epoch 8/80 time=00:00.30 avg=00:00.31 ETA=00:22.19 | GPU MB alloc/reserved=69.9/852.0
2026-04-07 13:05:37 | INFO | [Round 5] epoch=9/80 loss=1.8093 acc=33.70 val_acc=nan data_t=0.0065s batch_t=0.0342s epoch_t=00:00.33 lr=0.000969 | GPU MB alloc/reserved=69.9/852.0
2026-04-07 13:05:37 | INFO | [Round 5] Epoch 9/80 time=00:00.33 avg=00:00.31 ETA=00:22.02 | GPU MB alloc/reserved=69.9/852.0
2026-04-07 13:05:37 | INFO | [Round 5] epoch=10/80 loss=1.7906 acc=33.90 val_acc=nan data_t=0.0069s batch_t=0.0341s epoch_t=00:00.33 lr=0.000962 | GPU MB alloc/reserved=69.9/852.0
2026-04-07 13:05:37 | INFO | [Round 5] Epoch 10/80 time=00:00.33 avg=00:00.31 ETA=00:21.84 | GPU MB alloc/reserved=69.9/852.0
2026-04-07 13:05:37 | INFO | [Round 5] epoch=11/80 loss=1.7744 acc=34.30 val_acc=nan data_t=0.0052s batch_t=0.0342s epoch_t=00:00.32 lr=0.000955 | GPU MB alloc/reserved=69.9/852.0
2026-04-07 13:05:37 | INFO | [Round 5] Epoch 11/80 time=00:00.32 avg=00:00.31 ETA=00:21.55 | GPU MB alloc/reserved=69.9/852.0
2026-04-07 13:05:38 | INFO | [Round 5] epoch=12/80 loss=1.7303 acc=35.50 val_acc=nan data_t=0.0074s batch_t=0.0344s epoch_t=00:00.33 lr=0.000946 | GPU MB alloc/reserved=69.9/852.0
2026-04-07 13:05:38 | INFO | [Round 5] Epoch 12/80 time=00:00.33 avg=00:00.31 ETA=00:21.36 | GPU MB alloc/reserved=69.9/852.0
2026-04-07 13:05:38 | INFO | [Round 5] epoch=13/80 loss=1.6706 acc=37.30 val_acc=nan data_t=0.0083s batch_t=0.0342s epoch_t=00:00.34 lr=0.000937 | GPU MB alloc/reserved=69.9/852.0
2026-04-07 13:05:38 | INFO | [Round 5] Epoch 13/80 time=00:00.34 avg=00:00.32 ETA=00:21.18 | GPU MB alloc/reserved=69.9/852.0
2026-04-07 13:05:38 | INFO | [Round 5] epoch=14/80 loss=1.6434 acc=39.40 val_acc=nan data_t=0.0049s batch_t=0.0278s epoch_t=00:00.26 lr=0.000927 | GPU MB alloc/reserved=69.9/852.0
2026-04-07 13:05:38 | INFO | [Round 5] Epoch 14/80 time=00:00.26 avg=00:00.31 ETA=00:20.61 | GPU MB alloc/reserved=69.9/852.0
2026-04-07 13:05:38 | INFO | [Round 5] epoch=15/80 loss=1.6656 acc=36.00 val_acc=nan data_t=0.0072s batch_t=0.0088s epoch_t=00:00.13 lr=0.000917 | GPU MB alloc/reserved=69.9/852.0
2026-04-07 13:05:38 | INFO | [Round 5] Epoch 15/80 time=00:00.13 avg=00:00.30 ETA=00:19.50 | GPU MB alloc/reserved=69.9/852.0
2026-04-07 13:05:39 | INFO | [Round 5] epoch=16/80 loss=1.6140 acc=39.10 val_acc=nan data_t=0.0034s batch_t=0.0340s epoch_t=00:00.30 lr=0.000905 | GPU MB alloc/reserved=69.9/852.0
2026-04-07 13:05:39 | INFO | [Round 5] Epoch 16/80 time=00:00.30 avg=00:00.30 ETA=00:19.20 | GPU MB alloc/reserved=69.9/852.0
2026-04-07 13:05:39 | INFO | [Round 5] epoch=17/80 loss=1.5596 acc=41.00 val_acc=nan data_t=0.0038s batch_t=0.0342s epoch_t=00:00.30 lr=0.000894 | GPU MB alloc/reserved=69.9/852.0
2026-04-07 13:05:39 | INFO | [Round 5] Epoch 17/80 time=00:00.30 avg=00:00.30 ETA=00:18.91 | GPU MB alloc/reserved=69.9/852.0
2026-04-07 13:05:39 | INFO | [Round 5] epoch=18/80 loss=1.5424 acc=41.50 val_acc=nan data_t=0.0061s batch_t=0.0343s epoch_t=00:00.32 lr=0.000881 | GPU MB alloc/reserved=69.9/852.0
2026-04-07 13:05:39 | INFO | [Round 5] Epoch 18/80 time=00:00.32 avg=00:00.30 ETA=00:18.69 | GPU MB alloc/reserved=69.9/852.0
2026-04-07 13:05:40 | INFO | [Round 5] epoch=19/80 loss=1.5282 acc=41.80 val_acc=nan data_t=0.0075s batch_t=0.0343s epoch_t=00:00.33 lr=0.000868 | GPU MB alloc/reserved=69.9/852.0
2026-04-07 13:05:40 | INFO | [Round 5] Epoch 19/80 time=00:00.33 avg=00:00.30 ETA=00:18.50 | GPU MB alloc/reserved=69.9/852.0
2026-04-07 13:05:40 | INFO | [Round 5] epoch=20/80 loss=1.5579 acc=42.00 val_acc=nan data_t=0.0077s batch_t=0.0343s epoch_t=00:00.34 lr=0.000855 | GPU MB alloc/reserved=69.9/852.0
2026-04-07 13:05:40 | INFO | [Round 5] Epoch 20/80 time=00:00.34 avg=00:00.30 ETA=00:18.29 | GPU MB alloc/reserved=69.9/852.0
2026-04-07 13:05:40 | INFO | [Round 5] epoch=21/80 loss=1.4796 acc=44.20 val_acc=nan data_t=0.0060s batch_t=0.0342s epoch_t=00:00.32 lr=0.000841 | GPU MB alloc/reserved=69.9/852.0
2026-04-07 13:05:40 | INFO | [Round 5] Epoch 21/80 time=00:00.32 avg=00:00.31 ETA=00:18.04 | GPU MB alloc/reserved=69.9/852.0
2026-04-07 13:05:41 | INFO | [Round 5] epoch=22/80 loss=1.4606 acc=43.60 val_acc=nan data_t=0.0051s batch_t=0.0313s epoch_t=00:00.29 lr=0.000826 | GPU MB alloc/reserved=69.9/852.0
2026-04-07 13:05:41 | INFO | [Round 5] Epoch 22/80 time=00:00.29 avg=00:00.31 ETA=00:17.69 | GPU MB alloc/reserved=69.9/852.0
2026-04-07 13:05:41 | INFO | [Round 5] epoch=23/80 loss=1.4393 acc=47.40 val_acc=nan data_t=0.0070s batch_t=0.0089s epoch_t=00:00.13 lr=0.000811 | GPU MB alloc/reserved=69.9/852.0
2026-04-07 13:05:41 | INFO | [Round 5] Epoch 23/80 time=00:00.13 avg=00:00.30 ETA=00:16.95 | GPU MB alloc/reserved=69.9/852.0
2026-04-07 13:05:41 | INFO | [Round 5] epoch=24/80 loss=1.4245 acc=46.70 val_acc=nan data_t=0.0037s batch_t=0.0340s epoch_t=00:00.30 lr=0.000796 | GPU MB alloc/reserved=69.9/852.0
2026-04-07 13:05:41 | INFO | [Round 5] Epoch 24/80 time=00:00.30 avg=00:00.30 ETA=00:16.66 | GPU MB alloc/reserved=69.9/852.0
2026-04-07 13:05:41 | INFO | [Round 5] epoch=25/80 loss=1.4073 acc=46.80 val_acc=nan data_t=0.0033s batch_t=0.0341s epoch_t=00:00.30 lr=0.000780 | GPU MB alloc/reserved=69.9/852.0
2026-04-07 13:05:41 | INFO | [Round 5] Epoch 25/80 time=00:00.30 avg=00:00.30 ETA=00:16.37 | GPU MB alloc/reserved=69.9/852.0
2026-04-07 13:05:42 | INFO | [Round 5] epoch=26/80 loss=1.4326 acc=45.00 val_acc=nan data_t=0.0036s batch_t=0.0346s epoch_t=00:00.31 lr=0.000764 | GPU MB alloc/reserved=69.9/852.0
2026-04-07 13:05:42 | INFO | [Round 5] Epoch 26/80 time=00:00.31 avg=00:00.30 ETA=00:16.09 | GPU MB alloc/reserved=69.9/852.0
2026-04-07 13:05:42 | INFO | [Round 5] epoch=27/80 loss=1.4025 acc=46.30 val_acc=nan data_t=0.0034s batch_t=0.0343s epoch_t=00:00.30 lr=0.000747 | GPU MB alloc/reserved=69.9/852.0
2026-04-07 13:05:42 | INFO | [Round 5] Epoch 27/80 time=00:00.30 avg=00:00.30 ETA=00:15.80 | GPU MB alloc/reserved=69.9/852.0
2026-04-07 13:05:42 | INFO | [Round 5] epoch=28/80 loss=1.4178 acc=48.90 val_acc=nan data_t=0.0080s batch_t=0.0344s epoch_t=00:00.34 lr=0.000730 | GPU MB alloc/reserved=69.9/852.0
2026-04-07 13:05:42 | INFO | [Round 5] Epoch 28/80 time=00:00.34 avg=00:00.30 ETA=00:15.57 | GPU MB alloc/reserved=69.9/852.0
2026-04-07 13:05:43 | INFO | [Round 5] epoch=29/80 loss=1.3749 acc=47.30 val_acc=nan data_t=0.0075s batch_t=0.0343s epoch_t=00:00.33 lr=0.000712 | GPU MB alloc/reserved=69.9/852.0
2026-04-07 13:05:43 | INFO | [Round 5] Epoch 29/80 time=00:00.33 avg=00:00.30 ETA=00:15.34 | GPU MB alloc/reserved=69.9/852.0
2026-04-07 13:05:43 | INFO | [Round 5] epoch=30/80 loss=1.3420 acc=49.70 val_acc=nan data_t=0.0072s batch_t=0.0342s epoch_t=00:00.33 lr=0.000694 | GPU MB alloc/reserved=69.9/852.0
2026-04-07 13:05:43 | INFO | [Round 5] Epoch 30/80 time=00:00.33 avg=00:00.30 ETA=00:15.09 | GPU MB alloc/reserved=69.9/852.0
2026-04-07 13:05:43 | INFO | [Round 5] epoch=31/80 loss=1.3572 acc=48.50 val_acc=nan data_t=0.0062s batch_t=0.0093s epoch_t=00:00.12 lr=0.000676 | GPU MB alloc/reserved=69.9/852.0
2026-04-07 13:05:43 | INFO | [Round 5] Epoch 31/80 time=00:00.12 avg=00:00.30 ETA=00:14.50 | GPU MB alloc/reserved=69.9/852.0
2026-04-07 13:05:43 | INFO | [Round 5] epoch=32/80 loss=1.3099 acc=50.70 val_acc=nan data_t=0.0040s batch_t=0.0296s epoch_t=00:00.27 lr=0.000658 | GPU MB alloc/reserved=69.9/852.0
2026-04-07 13:05:43 | INFO | [Round 5] Epoch 32/80 time=00:00.27 avg=00:00.30 ETA=00:14.17 | GPU MB alloc/reserved=69.9/852.0
2026-04-07 13:05:44 | INFO | [Round 5] epoch=33/80 loss=1.3155 acc=49.60 val_acc=nan data_t=0.0061s batch_t=0.0344s epoch_t=00:00.32 lr=0.000639 | GPU MB alloc/reserved=69.9/852.0
2026-04-07 13:05:44 | INFO | [Round 5] Epoch 33/80 time=00:00.32 avg=00:00.30 ETA=00:13.91 | GPU MB alloc/reserved=69.9/852.0
2026-04-07 13:05:44 | INFO | [Round 5] epoch=34/80 loss=1.2520 acc=51.60 val_acc=nan data_t=0.0064s batch_t=0.0342s epoch_t=00:00.32 lr=0.000621 | GPU MB alloc/reserved=69.9/852.0
2026-04-07 13:05:44 | INFO | [Round 5] Epoch 34/80 time=00:00.32 avg=00:00.30 ETA=00:13.66 | GPU MB alloc/reserved=69.9/852.0
2026-04-07 13:05:44 | INFO | [Round 5] epoch=35/80 loss=1.2657 acc=51.40 val_acc=nan data_t=0.0039s batch_t=0.0339s epoch_t=00:00.30 lr=0.000602 | GPU MB alloc/reserved=69.9/852.0
2026-04-07 13:05:44 | INFO | [Round 5] Epoch 35/80 time=00:00.30 avg=00:00.30 ETA=00:13.37 | GPU MB alloc/reserved=69.9/852.0
2026-04-07 13:05:45 | INFO | [Round 5] epoch=36/80 loss=1.2849 acc=50.70 val_acc=nan data_t=0.0038s batch_t=0.0342s epoch_t=00:00.30 lr=0.000582 | GPU MB alloc/reserved=69.9/852.0
2026-04-07 13:05:45 | INFO | [Round 5] Epoch 36/80 time=00:00.30 avg=00:00.30 ETA=00:13.08 | GPU MB alloc/reserved=69.9/852.0
2026-04-07 13:05:45 | INFO | [Round 5] epoch=37/80 loss=1.2859 acc=49.90 val_acc=nan data_t=0.0064s batch_t=0.0341s epoch_t=00:00.32 lr=0.000563 | GPU MB alloc/reserved=69.9/852.0
2026-04-07 13:05:45 | INFO | [Round 5] Epoch 37/80 time=00:00.32 avg=00:00.30 ETA=00:12.81 | GPU MB alloc/reserved=69.9/852.0
2026-04-07 13:05:45 | INFO | [Round 5] epoch=38/80 loss=1.2513 acc=52.10 val_acc=nan data_t=0.0031s batch_t=0.0343s epoch_t=00:00.30 lr=0.000544 | GPU MB alloc/reserved=69.9/852.0
2026-04-07 13:05:45 | INFO | [Round 5] Epoch 38/80 time=00:00.30 avg=00:00.30 ETA=00:12.52 | GPU MB alloc/reserved=69.9/852.0
2026-04-07 13:05:45 | INFO | [Round 5] epoch=39/80 loss=1.1896 acc=53.60 val_acc=nan data_t=0.0034s batch_t=0.0159s epoch_t=00:00.15 lr=0.000524 | GPU MB alloc/reserved=69.9/852.0
2026-04-07 13:05:45 | INFO | [Round 5] Epoch 39/80 time=00:00.15 avg=00:00.29 ETA=00:12.07 | GPU MB alloc/reserved=69.9/852.0
2026-04-07 13:05:45 | INFO | [Round 5] epoch=40/80 loss=1.1810 acc=55.10 val_acc=nan data_t=0.0052s batch_t=0.0140s epoch_t=00:00.15 lr=0.000505 | GPU MB alloc/reserved=69.9/852.0
2026-04-07 13:05:45 | INFO | [Round 5] Epoch 40/80 time=00:00.15 avg=00:00.29 ETA=00:11.63 | GPU MB alloc/reserved=69.9/852.0
2026-04-07 13:05:46 | INFO | [Round 5] epoch=41/80 loss=1.1633 acc=56.10 val_acc=nan data_t=0.0040s batch_t=0.0341s epoch_t=00:00.30 lr=0.000486 | GPU MB alloc/reserved=69.9/852.0
2026-04-07 13:05:46 | INFO | [Round 5] Epoch 41/80 time=00:00.30 avg=00:00.29 ETA=00:11.36 | GPU MB alloc/reserved=69.9/852.0
2026-04-07 13:05:46 | INFO | [Round 5] epoch=42/80 loss=1.1659 acc=55.50 val_acc=nan data_t=0.0077s batch_t=0.0343s epoch_t=00:00.34 lr=0.000466 | GPU MB alloc/reserved=69.9/852.0
2026-04-07 13:05:46 | INFO | [Round 5] Epoch 42/80 time=00:00.34 avg=00:00.29 ETA=00:11.11 | GPU MB alloc/reserved=69.9/852.0
2026-04-07 13:05:46 | INFO | [Round 5] epoch=43/80 loss=1.1484 acc=54.80 val_acc=nan data_t=0.0051s batch_t=0.0343s epoch_t=00:00.31 lr=0.000447 | GPU MB alloc/reserved=69.9/852.0
2026-04-07 13:05:46 | INFO | [Round 5] Epoch 43/80 time=00:00.31 avg=00:00.29 ETA=00:10.83 | GPU MB alloc/reserved=69.9/852.0
2026-04-07 13:05:47 | INFO | [Round 5] epoch=44/80 loss=1.1258 acc=56.40 val_acc=nan data_t=0.0059s batch_t=0.0342s epoch_t=00:00.32 lr=0.000428 | GPU MB alloc/reserved=69.9/852.0
2026-04-07 13:05:47 | INFO | [Round 5] Epoch 44/80 time=00:00.32 avg=00:00.29 ETA=00:10.56 | GPU MB alloc/reserved=69.9/852.0
2026-04-07 13:05:47 | INFO | [Round 5] epoch=45/80 loss=1.1320 acc=55.30 val_acc=nan data_t=0.0076s batch_t=0.0342s epoch_t=00:00.33 lr=0.000408 | GPU MB alloc/reserved=69.9/852.0
2026-04-07 13:05:47 | INFO | [Round 5] Epoch 45/80 time=00:00.33 avg=00:00.29 ETA=00:10.30 | GPU MB alloc/reserved=69.9/852.0
2026-04-07 13:05:47 | INFO | [Round 5] epoch=46/80 loss=1.1154 acc=57.00 val_acc=nan data_t=0.0081s batch_t=0.0344s epoch_t=00:00.34 lr=0.000389 | GPU MB alloc/reserved=69.9/852.0
2026-04-07 13:05:47 | INFO | [Round 5] Epoch 46/80 time=00:00.34 avg=00:00.30 ETA=00:10.04 | GPU MB alloc/reserved=69.9/852.0
2026-04-07 13:05:48 | INFO | [Round 5] epoch=47/80 loss=1.1148 acc=57.40 val_acc=nan data_t=0.0064s batch_t=0.0209s epoch_t=00:00.22 lr=0.000371 | GPU MB alloc/reserved=69.9/852.0
2026-04-07 13:05:48 | INFO | [Round 5] Epoch 47/80 time=00:00.22 avg=00:00.29 ETA=00:09.69 | GPU MB alloc/reserved=69.9/852.0
2026-04-07 13:05:48 | INFO | [Round 5] epoch=48/80 loss=1.1071 acc=57.80 val_acc=nan data_t=0.0050s batch_t=0.0102s epoch_t=00:00.12 lr=0.000352 | GPU MB alloc/reserved=69.9/852.0
2026-04-07 13:05:48 | INFO | [Round 5] Epoch 48/80 time=00:00.12 avg=00:00.29 ETA=00:09.28 | GPU MB alloc/reserved=69.9/852.0
2026-04-07 13:05:48 | INFO | [Round 5] epoch=49/80 loss=1.0911 acc=60.00 val_acc=nan data_t=0.0037s batch_t=0.0341s epoch_t=00:00.30 lr=0.000334 | GPU MB alloc/reserved=69.9/852.0
2026-04-07 13:05:48 | INFO | [Round 5] Epoch 49/80 time=00:00.30 avg=00:00.29 ETA=00:09.00 | GPU MB alloc/reserved=69.9/852.0
2026-04-07 13:05:48 | INFO | [Round 5] epoch=50/80 loss=1.1052 acc=59.30 val_acc=nan data_t=0.0033s batch_t=0.0343s epoch_t=00:00.30 lr=0.000316 | GPU MB alloc/reserved=69.9/852.0
2026-04-07 13:05:48 | INFO | [Round 5] Epoch 50/80 time=00:00.30 avg=00:00.29 ETA=00:08.72 | GPU MB alloc/reserved=69.9/852.0
2026-04-07 13:05:49 | INFO | [Round 5] epoch=51/80 loss=1.0515 acc=59.50 val_acc=nan data_t=0.0049s batch_t=0.0341s epoch_t=00:00.31 lr=0.000298 | GPU MB alloc/reserved=69.9/852.0
2026-04-07 13:05:49 | INFO | [Round 5] Epoch 51/80 time=00:00.31 avg=00:00.29 ETA=00:08.44 | GPU MB alloc/reserved=69.9/852.0
2026-04-07 13:05:49 | INFO | [Round 5] epoch=52/80 loss=1.0549 acc=58.50 val_acc=nan data_t=0.0049s batch_t=0.0341s epoch_t=00:00.31 lr=0.000280 | GPU MB alloc/reserved=69.9/852.0
2026-04-07 13:05:49 | INFO | [Round 5] Epoch 52/80 time=00:00.31 avg=00:00.29 ETA=00:08.16 | GPU MB alloc/reserved=69.9/852.0
2026-04-07 13:05:49 | INFO | [Round 5] epoch=53/80 loss=1.0557 acc=57.50 val_acc=nan data_t=0.0054s batch_t=0.0342s epoch_t=00:00.32 lr=0.000263 | GPU MB alloc/reserved=69.9/852.0
2026-04-07 13:05:49 | INFO | [Round 5] Epoch 53/80 time=00:00.32 avg=00:00.29 ETA=00:07.88 | GPU MB alloc/reserved=69.9/852.0
2026-04-07 13:05:50 | INFO | [Round 5] epoch=54/80 loss=1.0119 acc=61.30 val_acc=nan data_t=0.0068s batch_t=0.0344s epoch_t=00:00.33 lr=0.000246 | GPU MB alloc/reserved=69.9/852.0
2026-04-07 13:05:50 | INFO | [Round 5] Epoch 54/80 time=00:00.33 avg=00:00.29 ETA=00:07.61 | GPU MB alloc/reserved=69.9/852.0
2026-04-07 13:05:50 | INFO | [Round 5] epoch=55/80 loss=1.0566 acc=57.70 val_acc=nan data_t=0.0049s batch_t=0.0343s epoch_t=00:00.31 lr=0.000230 | GPU MB alloc/reserved=69.9/852.0
2026-04-07 13:05:50 | INFO | [Round 5] Epoch 55/80 time=00:00.31 avg=00:00.29 ETA=00:07.32 | GPU MB alloc/reserved=69.9/852.0
2026-04-07 13:05:50 | INFO | [Round 5] epoch=56/80 loss=0.9874 acc=60.70 val_acc=nan data_t=0.0053s batch_t=0.0085s epoch_t=00:00.11 lr=0.000214 | GPU MB alloc/reserved=69.9/852.0
2026-04-07 13:05:50 | INFO | [Round 5] Epoch 56/80 time=00:00.11 avg=00:00.29 ETA=00:06.95 | GPU MB alloc/reserved=69.9/852.0
2026-04-07 13:05:50 | INFO | [Round 5] epoch=57/80 loss=0.9984 acc=62.20 val_acc=nan data_t=0.0030s batch_t=0.0217s epoch_t=00:00.20 lr=0.000199 | GPU MB alloc/reserved=69.9/852.0
2026-04-07 13:05:50 | INFO | [Round 5] Epoch 57/80 time=00:00.20 avg=00:00.29 ETA=00:06.63 | GPU MB alloc/reserved=69.9/852.0
2026-04-07 13:05:51 | INFO | [Round 5] epoch=58/80 loss=1.0079 acc=61.90 val_acc=nan data_t=0.0049s batch_t=0.0342s epoch_t=00:00.31 lr=0.000184 | GPU MB alloc/reserved=69.9/852.0
2026-04-07 13:05:51 | INFO | [Round 5] Epoch 58/80 time=00:00.31 avg=00:00.29 ETA=00:06.35 | GPU MB alloc/reserved=69.9/852.0
2026-04-07 13:05:51 | INFO | [Round 5] epoch=59/80 loss=0.9859 acc=62.00 val_acc=nan data_t=0.0061s batch_t=0.0341s epoch_t=00:00.32 lr=0.000169 | GPU MB alloc/reserved=69.9/852.0
2026-04-07 13:05:51 | INFO | [Round 5] Epoch 59/80 time=00:00.32 avg=00:00.29 ETA=00:06.07 | GPU MB alloc/reserved=69.9/852.0
2026-04-07 13:05:51 | INFO | [Round 5] epoch=60/80 loss=0.9778 acc=60.70 val_acc=nan data_t=0.0063s batch_t=0.0342s epoch_t=00:00.32 lr=0.000155 | GPU MB alloc/reserved=69.9/852.0
2026-04-07 13:05:51 | INFO | [Round 5] Epoch 60/80 time=00:00.32 avg=00:00.29 ETA=00:05.79 | GPU MB alloc/reserved=69.9/852.0
2026-04-07 13:05:52 | INFO | [Round 5] epoch=61/80 loss=0.9734 acc=62.80 val_acc=nan data_t=0.0062s batch_t=0.0341s epoch_t=00:00.32 lr=0.000142 | GPU MB alloc/reserved=69.9/852.0
2026-04-07 13:05:52 | INFO | [Round 5] Epoch 61/80 time=00:00.32 avg=00:00.29 ETA=00:05.51 | GPU MB alloc/reserved=69.9/852.0
2026-04-07 13:05:52 | INFO | [Round 5] epoch=62/80 loss=0.9791 acc=61.50 val_acc=nan data_t=0.0063s batch_t=0.0342s epoch_t=00:00.32 lr=0.000129 | GPU MB alloc/reserved=69.9/852.0
2026-04-07 13:05:52 | INFO | [Round 5] Epoch 62/80 time=00:00.32 avg=00:00.29 ETA=00:05.23 | GPU MB alloc/reserved=69.9/852.0
2026-04-07 13:05:52 | INFO | [Round 5] epoch=63/80 loss=0.9755 acc=62.80 val_acc=nan data_t=0.0065s batch_t=0.0341s epoch_t=00:00.32 lr=0.000116 | GPU MB alloc/reserved=69.9/852.0
2026-04-07 13:05:52 | INFO | [Round 5] Epoch 63/80 time=00:00.32 avg=00:00.29 ETA=00:04.95 | GPU MB alloc/reserved=69.9/852.0
2026-04-07 13:05:52 | INFO | [Round 5] epoch=64/80 loss=0.9653 acc=60.70 val_acc=nan data_t=0.0065s batch_t=0.0142s epoch_t=00:00.17 lr=0.000105 | GPU MB alloc/reserved=69.9/852.0
2026-04-07 13:05:52 | INFO | [Round 5] Epoch 64/80 time=00:00.17 avg=00:00.29 ETA=00:04.63 | GPU MB alloc/reserved=69.9/852.0
2026-04-07 13:05:52 | INFO | [Round 5] epoch=65/80 loss=0.9322 acc=65.70 val_acc=nan data_t=0.0039s batch_t=0.0080s epoch_t=00:00.10 lr=0.000093 | GPU MB alloc/reserved=69.9/852.0
2026-04-07 13:05:52 | INFO | [Round 5] Epoch 65/80 time=00:00.10 avg=00:00.29 ETA=00:04.30 | GPU MB alloc/reserved=69.9/852.0
2026-04-07 13:05:53 | INFO | [Round 5] epoch=66/80 loss=0.9753 acc=62.90 val_acc=nan data_t=0.0033s batch_t=0.0342s epoch_t=00:00.30 lr=0.000083 | GPU MB alloc/reserved=69.9/852.0
2026-04-07 13:05:53 | INFO | [Round 5] Epoch 66/80 time=00:00.30 avg=00:00.29 ETA=00:04.01 | GPU MB alloc/reserved=69.9/852.0
2026-04-07 13:05:53 | INFO | [Round 5] epoch=67/80 loss=0.9327 acc=64.90 val_acc=nan data_t=0.0032s batch_t=0.0342s epoch_t=00:00.30 lr=0.000073 | GPU MB alloc/reserved=69.9/852.0
2026-04-07 13:05:53 | INFO | [Round 5] Epoch 67/80 time=00:00.30 avg=00:00.29 ETA=00:03.73 | GPU MB alloc/reserved=69.9/852.0
2026-04-07 13:05:53 | INFO | [Round 5] epoch=68/80 loss=0.9277 acc=64.00 val_acc=nan data_t=0.0031s batch_t=0.0343s epoch_t=00:00.30 lr=0.000064 | GPU MB alloc/reserved=69.9/852.0
2026-04-07 13:05:53 | INFO | [Round 5] Epoch 68/80 time=00:00.30 avg=00:00.29 ETA=00:03.44 | GPU MB alloc/reserved=69.9/852.0
2026-04-07 13:05:54 | INFO | [Round 5] epoch=69/80 loss=0.9175 acc=64.20 val_acc=nan data_t=0.0037s batch_t=0.0342s epoch_t=00:00.30 lr=0.000055 | GPU MB alloc/reserved=69.9/852.0
2026-04-07 13:05:54 | INFO | [Round 5] Epoch 69/80 time=00:00.30 avg=00:00.29 ETA=00:03.16 | GPU MB alloc/reserved=69.9/852.0
2026-04-07 13:05:54 | INFO | [Round 5] epoch=70/80 loss=0.9180 acc=66.20 val_acc=nan data_t=0.0042s batch_t=0.0342s epoch_t=00:00.31 lr=0.000048 | GPU MB alloc/reserved=69.9/852.0
2026-04-07 13:05:54 | INFO | [Round 5] Epoch 70/80 time=00:00.31 avg=00:00.29 ETA=00:02.87 | GPU MB alloc/reserved=69.9/852.0
2026-04-07 13:05:54 | INFO | [Round 5] epoch=71/80 loss=0.8847 acc=67.00 val_acc=nan data_t=0.0034s batch_t=0.0341s epoch_t=00:00.30 lr=0.000041 | GPU MB alloc/reserved=69.9/852.0
2026-04-07 13:05:54 | INFO | [Round 5] Epoch 71/80 time=00:00.30 avg=00:00.29 ETA=00:02.59 | GPU MB alloc/reserved=69.9/852.0
2026-04-07 13:05:55 | INFO | [Round 5] epoch=72/80 loss=0.8821 acc=67.10 val_acc=nan data_t=0.0037s batch_t=0.0344s epoch_t=00:00.31 lr=0.000034 | GPU MB alloc/reserved=69.9/852.0
2026-04-07 13:05:55 | INFO | [Round 5] Epoch 72/80 time=00:00.31 avg=00:00.29 ETA=00:02.30 | GPU MB alloc/reserved=69.9/852.0
2026-04-07 13:05:55 | INFO | [Round 5] epoch=73/80 loss=0.8771 acc=67.00 val_acc=nan data_t=0.0039s batch_t=0.0155s epoch_t=00:00.16 lr=0.000029 | GPU MB alloc/reserved=69.9/852.0
2026-04-07 13:05:55 | INFO | [Round 5] Epoch 73/80 time=00:00.16 avg=00:00.29 ETA=00:02.00 | GPU MB alloc/reserved=69.9/852.0
2026-04-07 13:05:55 | INFO | [Round 5] epoch=74/80 loss=0.9119 acc=66.20 val_acc=nan data_t=0.0032s batch_t=0.0082s epoch_t=00:00.09 lr=0.000024 | GPU MB alloc/reserved=69.9/852.0
2026-04-07 13:05:55 | INFO | [Round 5] Epoch 74/80 time=00:00.09 avg=00:00.28 ETA=00:01.70 | GPU MB alloc/reserved=69.9/852.0
2026-04-07 13:05:55 | INFO | [Round 5] epoch=75/80 loss=0.9187 acc=65.20 val_acc=nan data_t=0.0030s batch_t=0.0340s epoch_t=00:00.30 lr=0.000020 | GPU MB alloc/reserved=69.9/852.0
2026-04-07 13:05:55 | INFO | [Round 5] Epoch 75/80 time=00:00.30 avg=00:00.28 ETA=00:01.42 | GPU MB alloc/reserved=69.9/852.0
2026-04-07 13:05:55 | INFO | [Round 5] epoch=76/80 loss=0.9379 acc=63.10 val_acc=nan data_t=0.0064s batch_t=0.0341s epoch_t=00:00.32 lr=0.000016 | GPU MB alloc/reserved=69.9/852.0
2026-04-07 13:05:55 | INFO | [Round 5] Epoch 76/80 time=00:00.32 avg=00:00.28 ETA=00:01.14 | GPU MB alloc/reserved=69.9/852.0
2026-04-07 13:05:56 | INFO | [Round 5] epoch=77/80 loss=0.8886 acc=66.40 val_acc=nan data_t=0.0063s batch_t=0.0343s epoch_t=00:00.33 lr=0.000013 | GPU MB alloc/reserved=69.9/852.0
2026-04-07 13:05:56 | INFO | [Round 5] Epoch 77/80 time=00:00.33 avg=00:00.28 ETA=00:00.85 | GPU MB alloc/reserved=69.9/852.0
2026-04-07 13:05:56 | INFO | [Round 5] epoch=78/80 loss=0.9237 acc=64.60 val_acc=nan data_t=0.0070s batch_t=0.0341s epoch_t=00:00.33 lr=0.000012 | GPU MB alloc/reserved=69.9/852.0
2026-04-07 13:05:56 | INFO | [Round 5] Epoch 78/80 time=00:00.33 avg=00:00.29 ETA=00:00.57 | GPU MB alloc/reserved=69.9/852.0
2026-04-07 13:05:56 | INFO | [Round 5] epoch=79/80 loss=0.9085 acc=64.60 val_acc=nan data_t=0.0063s batch_t=0.0343s epoch_t=00:00.32 lr=0.000010 | GPU MB alloc/reserved=69.9/852.0
2026-04-07 13:05:56 | INFO | [Round 5] Epoch 79/80 time=00:00.32 avg=00:00.29 ETA=00:00.29 | GPU MB alloc/reserved=69.9/852.0
2026-04-07 13:05:57 | INFO | [Round 5] epoch=80/80 loss=0.8802 acc=67.90 val_acc=nan data_t=0.0069s batch_t=0.0344s epoch_t=00:00.33 lr=0.000010 | GPU MB alloc/reserved=69.9/852.0
2026-04-07 13:05:57 | INFO | [Round 5] Epoch 80/80 time=00:00.33 avg=00:00.29 ETA=00:00.00 | GPU MB alloc/reserved=69.9/852.0
2026-04-07 13:05:57 | INFO | [Round 5] training complete in 00:23.02 (best monitor=67.900) | GPU MB alloc/reserved=69.9/852.0
2026-04-07 13:05:57 | INFO | [Round 5] evaluation started | GPU MB alloc/reserved=52.0/852.0
2026-04-07 13:06:00 | INFO | [Round 5] clean=49.69 fgsm=40.43 pgd=40.22 grad_disp_mean=nan grad_disp_sel=nan round_t=26.94s | GPU MB alloc/reserved=52.0/852.0
2026-04-07 13:06:00 | INFO | [Round 6/21] elapsed=00:26.94 avg_round=00:22.80 projected_remaining=05:42.01 | GPU MB alloc/reserved=52.0/852.0
2026-04-07 13:06:01 | INFO | [Round 6] acquisition on pool_size=49000 scored_pool=5000 budget=100 | GPU MB alloc/reserved=34.1/852.0
2026-04-07 13:06:01 | INFO | [CoreSet-unlabeled-feat] scoring progress 10/20 elapsed=00:00.23 avg/batch=0.023s ETA=00:00.23 | GPU MB alloc/reserved=40.6/852.0
2026-04-07 13:06:01 | INFO | [CoreSet-unlabeled-feat] scoring progress 20/20 elapsed=00:00.27 avg/batch=0.014s ETA=00:00.00 | GPU MB alloc/reserved=40.6/852.0
2026-04-07 13:06:01 | INFO | [CoreSet-labeled-feat] scoring progress 4/4 elapsed=00:00.20 avg/batch=0.050s ETA=00:00.00 | GPU MB alloc/reserved=42.7/852.0
2026-04-07 13:06:01 | INFO | [CoreSet] greedy 10/100 cover_radius=26.433981 | GPU: n/a
2026-04-07 13:06:01 | INFO | [CoreSet] greedy 20/100 cover_radius=25.182487 | GPU: n/a
2026-04-07 13:06:02 | INFO | [CoreSet] greedy 30/100 cover_radius=24.360542 | GPU: n/a
2026-04-07 13:06:02 | INFO | [CoreSet] greedy 40/100 cover_radius=23.919481 | GPU: n/a
2026-04-07 13:06:02 | INFO | [CoreSet] greedy 50/100 cover_radius=23.533792 | GPU: n/a
2026-04-07 13:06:02 | INFO | [CoreSet] greedy 60/100 cover_radius=23.162975 | GPU: n/a
2026-04-07 13:06:02 | INFO | [CoreSet] greedy 70/100 cover_radius=22.833830 | GPU: n/a
2026-04-07 13:06:02 | INFO | [CoreSet] greedy 80/100 cover_radius=22.623327 | GPU: n/a
2026-04-07 13:06:02 | INFO | [CoreSet] greedy 90/100 cover_radius=22.417267 | GPU: n/a
2026-04-07 13:06:02 | INFO | [CoreSet] greedy 100/100 cover_radius=22.245577 | GPU: n/a
2026-04-07 13:06:02 | INFO | [Round 6] labeled=1100 train=1100 val_fixed=0 | GPU MB alloc/reserved=43.1/852.0
2026-04-07 13:06:02 | INFO | [Round 6] epoch=1/80 loss=6.2787 acc=15.27 val_acc=nan data_t=0.0190s batch_t=0.0380s epoch_t=00:00.51 lr=0.001000 | GPU MB alloc/reserved=69.9/854.0
2026-04-07 13:06:02 | INFO | [Round 6] Epoch 1/80 time=00:00.51 avg=00:00.51 ETA=00:40.55 | GPU MB alloc/reserved=69.9/854.0
2026-04-07 13:06:03 | INFO | [Round 6] epoch=2/80 loss=2.5274 acc=16.36 val_acc=nan data_t=0.0046s batch_t=0.0342s epoch_t=00:00.35 lr=0.000998 | GPU MB alloc/reserved=69.9/854.0
2026-04-07 13:06:03 | INFO | [Round 6] Epoch 2/80 time=00:00.35 avg=00:00.43 ETA=00:33.61 | GPU MB alloc/reserved=69.9/854.0
2026-04-07 13:06:03 | INFO | [Round 6] epoch=3/80 loss=2.1047 acc=21.09 val_acc=nan data_t=0.0049s batch_t=0.0342s epoch_t=00:00.35 lr=0.000997 | GPU MB alloc/reserved=69.9/854.0
2026-04-07 13:06:03 | INFO | [Round 6] Epoch 3/80 time=00:00.35 avg=00:00.40 ETA=00:31.17 | GPU MB alloc/reserved=69.9/854.0
2026-04-07 13:06:04 | INFO | [Round 6] epoch=4/80 loss=2.0444 acc=23.73 val_acc=nan data_t=0.0051s batch_t=0.0343s epoch_t=00:00.35 lr=0.000994 | GPU MB alloc/reserved=69.9/854.0
2026-04-07 13:06:04 | INFO | [Round 6] Epoch 4/80 time=00:00.35 avg=00:00.39 ETA=00:29.81 | GPU MB alloc/reserved=69.9/854.0
2026-04-07 13:06:04 | INFO | [Round 6] epoch=5/80 loss=1.9834 acc=27.00 val_acc=nan data_t=0.0047s batch_t=0.0345s epoch_t=00:00.35 lr=0.000990 | GPU MB alloc/reserved=69.9/854.0
2026-04-07 13:06:04 | INFO | [Round 6] Epoch 5/80 time=00:00.35 avg=00:00.38 ETA=00:28.83 | GPU MB alloc/reserved=69.9/854.0
2026-04-07 13:06:04 | INFO | [Round 6] epoch=6/80 loss=1.9147 acc=30.27 val_acc=nan data_t=0.0046s batch_t=0.0119s epoch_t=00:00.15 lr=0.000986 | GPU MB alloc/reserved=69.9/854.0
2026-04-07 13:06:04 | INFO | [Round 6] Epoch 6/80 time=00:00.15 avg=00:00.35 ETA=00:25.54 | GPU MB alloc/reserved=69.9/854.0
2026-04-07 13:06:04 | INFO | [Round 6] epoch=7/80 loss=1.8828 acc=31.00 val_acc=nan data_t=0.0031s batch_t=0.0183s epoch_t=00:00.19 lr=0.000981 | GPU MB alloc/reserved=69.9/854.0
2026-04-07 13:06:04 | INFO | [Round 6] Epoch 7/80 time=00:00.19 avg=00:00.32 ETA=00:23.61 | GPU MB alloc/reserved=69.9/854.0
2026-04-07 13:06:05 | INFO | [Round 6] epoch=8/80 loss=1.8645 acc=30.27 val_acc=nan data_t=0.0046s batch_t=0.0342s epoch_t=00:00.35 lr=0.000976 | GPU MB alloc/reserved=69.9/854.0
2026-04-07 13:06:05 | INFO | [Round 6] Epoch 8/80 time=00:00.35 avg=00:00.33 ETA=00:23.51 | GPU MB alloc/reserved=69.9/854.0
2026-04-07 13:06:05 | INFO | [Round 6] epoch=9/80 loss=1.8318 acc=32.36 val_acc=nan data_t=0.0050s batch_t=0.0341s epoch_t=00:00.35 lr=0.000969 | GPU MB alloc/reserved=69.9/854.0
2026-04-07 13:06:05 | INFO | [Round 6] Epoch 9/80 time=00:00.35 avg=00:00.33 ETA=00:23.38 | GPU MB alloc/reserved=69.9/854.0
2026-04-07 13:06:05 | INFO | [Round 6] epoch=10/80 loss=1.7987 acc=33.73 val_acc=nan data_t=0.0030s batch_t=0.0341s epoch_t=00:00.33 lr=0.000962 | GPU MB alloc/reserved=69.9/854.0
2026-04-07 13:06:05 | INFO | [Round 6] Epoch 10/80 time=00:00.33 avg=00:00.33 ETA=00:23.09 | GPU MB alloc/reserved=69.9/854.0
2026-04-07 13:06:06 | INFO | [Round 6] epoch=11/80 loss=1.7659 acc=32.55 val_acc=nan data_t=0.0031s batch_t=0.0342s epoch_t=00:00.34 lr=0.000955 | GPU MB alloc/reserved=69.9/854.0
2026-04-07 13:06:06 | INFO | [Round 6] Epoch 11/80 time=00:00.34 avg=00:00.33 ETA=00:22.79 | GPU MB alloc/reserved=69.9/854.0
2026-04-07 13:06:06 | INFO | [Round 6] epoch=12/80 loss=1.7140 acc=35.09 val_acc=nan data_t=0.0046s batch_t=0.0339s epoch_t=00:00.35 lr=0.000946 | GPU MB alloc/reserved=69.9/854.0
2026-04-07 13:06:06 | INFO | [Round 6] Epoch 12/80 time=00:00.35 avg=00:00.33 ETA=00:22.56 | GPU MB alloc/reserved=69.9/854.0
2026-04-07 13:06:06 | INFO | [Round 6] epoch=13/80 loss=1.6877 acc=37.73 val_acc=nan data_t=0.0031s batch_t=0.0342s epoch_t=00:00.34 lr=0.000937 | GPU MB alloc/reserved=69.9/854.0
2026-04-07 13:06:06 | INFO | [Round 6] Epoch 13/80 time=00:00.34 avg=00:00.33 ETA=00:22.25 | GPU MB alloc/reserved=69.9/854.0
2026-04-07 13:06:06 | INFO | [Round 6] epoch=14/80 loss=1.6342 acc=38.73 val_acc=nan data_t=0.0047s batch_t=0.0105s epoch_t=00:00.14 lr=0.000927 | GPU MB alloc/reserved=69.9/854.0
2026-04-07 13:06:06 | INFO | [Round 6] Epoch 14/80 time=00:00.14 avg=00:00.32 ETA=00:20.99 | GPU MB alloc/reserved=69.9/854.0
2026-04-07 13:06:07 | INFO | [Round 6] epoch=15/80 loss=1.6360 acc=38.73 val_acc=nan data_t=0.0035s batch_t=0.0263s epoch_t=00:00.27 lr=0.000917 | GPU MB alloc/reserved=69.9/854.0
2026-04-07 13:06:07 | INFO | [Round 6] Epoch 15/80 time=00:00.27 avg=00:00.31 ETA=00:20.46 | GPU MB alloc/reserved=69.9/854.0
2026-04-07 13:06:07 | INFO | [Round 6] epoch=16/80 loss=1.6303 acc=38.91 val_acc=nan data_t=0.0043s batch_t=0.0341s epoch_t=00:00.35 lr=0.000905 | GPU MB alloc/reserved=69.9/854.0
2026-04-07 13:06:07 | INFO | [Round 6] Epoch 16/80 time=00:00.35 avg=00:00.32 ETA=00:20.27 | GPU MB alloc/reserved=69.9/854.0
2026-04-07 13:06:07 | INFO | [Round 6] epoch=17/80 loss=1.5483 acc=41.09 val_acc=nan data_t=0.0048s batch_t=0.0342s epoch_t=00:00.35 lr=0.000894 | GPU MB alloc/reserved=69.9/854.0
2026-04-07 13:06:07 | INFO | [Round 6] Epoch 17/80 time=00:00.35 avg=00:00.32 ETA=00:20.08 | GPU MB alloc/reserved=69.9/854.0
2026-04-07 13:06:08 | INFO | [Round 6] epoch=18/80 loss=1.5570 acc=42.45 val_acc=nan data_t=0.0045s batch_t=0.0342s epoch_t=00:00.35 lr=0.000881 | GPU MB alloc/reserved=69.9/854.0
2026-04-07 13:06:08 | INFO | [Round 6] Epoch 18/80 time=00:00.35 avg=00:00.32 ETA=00:19.86 | GPU MB alloc/reserved=69.9/854.0
2026-04-07 13:06:08 | INFO | [Round 6] epoch=19/80 loss=1.5247 acc=42.55 val_acc=nan data_t=0.0047s batch_t=0.0341s epoch_t=00:00.35 lr=0.000868 | GPU MB alloc/reserved=69.9/854.0
2026-04-07 13:06:08 | INFO | [Round 6] Epoch 19/80 time=00:00.35 avg=00:00.32 ETA=00:19.63 | GPU MB alloc/reserved=69.9/854.0
2026-04-07 13:06:08 | INFO | [Round 6] epoch=20/80 loss=1.5312 acc=42.18 val_acc=nan data_t=0.0045s batch_t=0.0342s epoch_t=00:00.35 lr=0.000855 | GPU MB alloc/reserved=69.9/854.0
2026-04-07 13:06:08 | INFO | [Round 6] Epoch 20/80 time=00:00.35 avg=00:00.32 ETA=00:19.39 | GPU MB alloc/reserved=69.9/854.0
2026-04-07 13:06:09 | INFO | [Round 6] epoch=21/80 loss=1.4929 acc=43.82 val_acc=nan data_t=0.0049s batch_t=0.0253s epoch_t=00:00.27 lr=0.000841 | GPU MB alloc/reserved=69.9/854.0
2026-04-07 13:06:09 | INFO | [Round 6] Epoch 21/80 time=00:00.27 avg=00:00.32 ETA=00:18.93 | GPU MB alloc/reserved=69.9/854.0
2026-04-07 13:06:09 | INFO | [Round 6] epoch=22/80 loss=1.4758 acc=43.09 val_acc=nan data_t=0.0064s batch_t=0.0086s epoch_t=00:00.13 lr=0.000826 | GPU MB alloc/reserved=69.9/854.0
2026-04-07 13:06:09 | INFO | [Round 6] Epoch 22/80 time=00:00.13 avg=00:00.31 ETA=00:18.11 | GPU MB alloc/reserved=69.9/854.0
2026-04-07 13:06:09 | INFO | [Round 6] epoch=23/80 loss=1.4676 acc=44.09 val_acc=nan data_t=0.0028s batch_t=0.0340s epoch_t=00:00.33 lr=0.000811 | GPU MB alloc/reserved=69.9/854.0
2026-04-07 13:06:09 | INFO | [Round 6] Epoch 23/80 time=00:00.33 avg=00:00.31 ETA=00:17.85 | GPU MB alloc/reserved=69.9/854.0
2026-04-07 13:06:10 | INFO | [Round 6] epoch=24/80 loss=1.4211 acc=45.45 val_acc=nan data_t=0.0033s batch_t=0.0340s epoch_t=00:00.34 lr=0.000796 | GPU MB alloc/reserved=69.9/854.0
2026-04-07 13:06:10 | INFO | [Round 6] Epoch 24/80 time=00:00.34 avg=00:00.31 ETA=00:17.59 | GPU MB alloc/reserved=69.9/854.0
2026-04-07 13:06:10 | INFO | [Round 6] epoch=25/80 loss=1.4092 acc=47.82 val_acc=nan data_t=0.0052s batch_t=0.0342s epoch_t=00:00.36 lr=0.000780 | GPU MB alloc/reserved=69.9/854.0
2026-04-07 13:06:10 | INFO | [Round 6] Epoch 25/80 time=00:00.36 avg=00:00.32 ETA=00:17.37 | GPU MB alloc/reserved=69.9/854.0
2026-04-07 13:06:10 | INFO | [Round 6] epoch=26/80 loss=1.3814 acc=47.45 val_acc=nan data_t=0.0057s batch_t=0.0340s epoch_t=00:00.36 lr=0.000764 | GPU MB alloc/reserved=69.9/854.0
2026-04-07 13:06:10 | INFO | [Round 6] Epoch 26/80 time=00:00.36 avg=00:00.32 ETA=00:17.14 | GPU MB alloc/reserved=69.9/854.0
2026-04-07 13:06:11 | INFO | [Round 6] epoch=27/80 loss=1.3842 acc=45.91 val_acc=nan data_t=0.0070s batch_t=0.0345s epoch_t=00:00.37 lr=0.000747 | GPU MB alloc/reserved=69.9/854.0
2026-04-07 13:06:11 | INFO | [Round 6] Epoch 27/80 time=00:00.37 avg=00:00.32 ETA=00:16.93 | GPU MB alloc/reserved=69.9/854.0
2026-04-07 13:06:11 | INFO | [Round 6] epoch=28/80 loss=1.3793 acc=47.27 val_acc=nan data_t=0.0048s batch_t=0.0341s epoch_t=00:00.35 lr=0.000730 | GPU MB alloc/reserved=69.9/854.0
2026-04-07 13:06:11 | INFO | [Round 6] Epoch 28/80 time=00:00.35 avg=00:00.32 ETA=00:16.67 | GPU MB alloc/reserved=69.9/854.0
2026-04-07 13:06:11 | INFO | [Round 6] epoch=29/80 loss=1.3659 acc=48.55 val_acc=nan data_t=0.0047s batch_t=0.0148s epoch_t=00:00.18 lr=0.000712 | GPU MB alloc/reserved=69.9/854.0
2026-04-07 13:06:11 | INFO | [Round 6] Epoch 29/80 time=00:00.18 avg=00:00.32 ETA=00:16.09 | GPU MB alloc/reserved=69.9/854.0
2026-04-07 13:06:11 | INFO | [Round 6] epoch=30/80 loss=1.3639 acc=50.09 val_acc=nan data_t=0.0072s batch_t=0.0293s epoch_t=00:00.33 lr=0.000694 | GPU MB alloc/reserved=69.9/854.0
2026-04-07 13:06:11 | INFO | [Round 6] Epoch 30/80 time=00:00.33 avg=00:00.32 ETA=00:15.80 | GPU MB alloc/reserved=69.9/854.0
2026-04-07 13:06:12 | INFO | [Round 6] epoch=31/80 loss=1.3609 acc=48.27 val_acc=nan data_t=0.0036s batch_t=0.0342s epoch_t=00:00.34 lr=0.000676 | GPU MB alloc/reserved=69.9/854.0
2026-04-07 13:06:12 | INFO | [Round 6] Epoch 31/80 time=00:00.34 avg=00:00.32 ETA=00:15.52 | GPU MB alloc/reserved=69.9/854.0
2026-04-07 13:06:12 | INFO | [Round 6] epoch=32/80 loss=1.3312 acc=50.55 val_acc=nan data_t=0.0048s batch_t=0.0340s epoch_t=00:00.35 lr=0.000658 | GPU MB alloc/reserved=69.9/854.0
2026-04-07 13:06:12 | INFO | [Round 6] Epoch 32/80 time=00:00.35 avg=00:00.32 ETA=00:15.25 | GPU MB alloc/reserved=69.9/854.0
2026-04-07 13:06:13 | INFO | [Round 6] epoch=33/80 loss=1.3009 acc=52.55 val_acc=nan data_t=0.0051s batch_t=0.0340s epoch_t=00:00.35 lr=0.000639 | GPU MB alloc/reserved=69.9/854.0
2026-04-07 13:06:13 | INFO | [Round 6] Epoch 33/80 time=00:00.35 avg=00:00.32 ETA=00:14.98 | GPU MB alloc/reserved=69.9/854.0
2026-04-07 13:06:13 | INFO | [Round 6] epoch=34/80 loss=1.2807 acc=50.00 val_acc=nan data_t=0.0068s batch_t=0.0340s epoch_t=00:00.37 lr=0.000621 | GPU MB alloc/reserved=69.9/854.0
2026-04-07 13:06:13 | INFO | [Round 6] Epoch 34/80 time=00:00.37 avg=00:00.32 ETA=00:14.73 | GPU MB alloc/reserved=69.9/854.0
2026-04-07 13:06:13 | INFO | [Round 6] epoch=35/80 loss=1.2773 acc=50.55 val_acc=nan data_t=0.0063s batch_t=0.0342s epoch_t=00:00.36 lr=0.000602 | GPU MB alloc/reserved=69.9/854.0
2026-04-07 13:06:13 | INFO | [Round 6] Epoch 35/80 time=00:00.36 avg=00:00.32 ETA=00:14.47 | GPU MB alloc/reserved=69.9/854.0
2026-04-07 13:06:13 | INFO | [Round 6] epoch=36/80 loss=1.2600 acc=50.55 val_acc=nan data_t=0.0061s batch_t=0.0184s epoch_t=00:00.22 lr=0.000582 | GPU MB alloc/reserved=69.9/854.0
2026-04-07 13:06:13 | INFO | [Round 6] Epoch 36/80 time=00:00.22 avg=00:00.32 ETA=00:14.02 | GPU MB alloc/reserved=69.9/854.0
2026-04-07 13:06:14 | INFO | [Round 6] epoch=37/80 loss=1.2378 acc=52.36 val_acc=nan data_t=0.0034s batch_t=0.0083s epoch_t=00:00.11 lr=0.000563 | GPU MB alloc/reserved=69.9/854.0
2026-04-07 13:06:14 | INFO | [Round 6] Epoch 37/80 time=00:00.11 avg=00:00.31 ETA=00:13.46 | GPU MB alloc/reserved=69.9/854.0
2026-04-07 13:06:14 | INFO | [Round 6] epoch=38/80 loss=1.2320 acc=52.91 val_acc=nan data_t=0.0036s batch_t=0.0339s epoch_t=00:00.34 lr=0.000544 | GPU MB alloc/reserved=69.9/854.0
2026-04-07 13:06:14 | INFO | [Round 6] Epoch 38/80 time=00:00.34 avg=00:00.31 ETA=00:13.17 | GPU MB alloc/reserved=69.9/854.0
2026-04-07 13:06:14 | INFO | [Round 6] epoch=39/80 loss=1.1737 acc=55.00 val_acc=nan data_t=0.0044s batch_t=0.0342s epoch_t=00:00.35 lr=0.000524 | GPU MB alloc/reserved=69.9/854.0
2026-04-07 13:06:14 | INFO | [Round 6] Epoch 39/80 time=00:00.35 avg=00:00.31 ETA=00:12.89 | GPU MB alloc/reserved=69.9/854.0
2026-04-07 13:06:15 | INFO | [Round 6] epoch=40/80 loss=1.2494 acc=52.64 val_acc=nan data_t=0.0048s batch_t=0.0341s epoch_t=00:00.35 lr=0.000505 | GPU MB alloc/reserved=69.9/854.0
2026-04-07 13:06:15 | INFO | [Round 6] Epoch 40/80 time=00:00.35 avg=00:00.32 ETA=00:12.61 | GPU MB alloc/reserved=69.9/854.0
2026-04-07 13:06:15 | INFO | [Round 6] epoch=41/80 loss=1.1853 acc=54.27 val_acc=nan data_t=0.0047s batch_t=0.0342s epoch_t=00:00.35 lr=0.000486 | GPU MB alloc/reserved=69.9/854.0
2026-04-07 13:06:15 | INFO | [Round 6] Epoch 41/80 time=00:00.35 avg=00:00.32 ETA=00:12.33 | GPU MB alloc/reserved=69.9/854.0
2026-04-07 13:06:15 | INFO | [Round 6] epoch=42/80 loss=1.2004 acc=52.27 val_acc=nan data_t=0.0047s batch_t=0.0342s epoch_t=00:00.35 lr=0.000466 | GPU MB alloc/reserved=69.9/854.0
2026-04-07 13:06:15 | INFO | [Round 6] Epoch 42/80 time=00:00.35 avg=00:00.32 ETA=00:12.05 | GPU MB alloc/reserved=69.9/854.0
2026-04-07 13:06:16 | INFO | [Round 6] epoch=43/80 loss=1.1621 acc=54.09 val_acc=nan data_t=0.0046s batch_t=0.0342s epoch_t=00:00.35 lr=0.000447 | GPU MB alloc/reserved=69.9/854.0
2026-04-07 13:06:16 | INFO | [Round 6] Epoch 43/80 time=00:00.35 avg=00:00.32 ETA=00:11.76 | GPU MB alloc/reserved=69.9/854.0
2026-04-07 13:06:16 | INFO | [Round 6] epoch=44/80 loss=1.1638 acc=56.45 val_acc=nan data_t=0.0047s batch_t=0.0145s epoch_t=00:00.17 lr=0.000428 | GPU MB alloc/reserved=69.9/854.0
2026-04-07 13:06:16 | INFO | [Round 6] Epoch 44/80 time=00:00.17 avg=00:00.31 ETA=00:11.32 | GPU MB alloc/reserved=69.9/854.0
2026-04-07 13:06:16 | INFO | [Round 6] epoch=45/80 loss=1.0995 acc=57.36 val_acc=nan data_t=0.0036s batch_t=0.0096s epoch_t=00:00.12 lr=0.000408 | GPU MB alloc/reserved=69.9/854.0
2026-04-07 13:06:16 | INFO | [Round 6] Epoch 45/80 time=00:00.12 avg=00:00.31 ETA=00:10.85 | GPU MB alloc/reserved=69.9/854.0
2026-04-07 13:06:16 | INFO | [Round 6] epoch=46/80 loss=1.1487 acc=55.09 val_acc=nan data_t=0.0032s batch_t=0.0340s epoch_t=00:00.33 lr=0.000389 | GPU MB alloc/reserved=69.9/854.0
2026-04-07 13:06:16 | INFO | [Round 6] Epoch 46/80 time=00:00.33 avg=00:00.31 ETA=00:10.56 | GPU MB alloc/reserved=69.9/854.0
2026-04-07 13:06:17 | INFO | [Round 6] epoch=47/80 loss=1.1007 acc=58.00 val_acc=nan data_t=0.0035s batch_t=0.0341s epoch_t=00:00.34 lr=0.000371 | GPU MB alloc/reserved=69.9/854.0
2026-04-07 13:06:17 | INFO | [Round 6] Epoch 47/80 time=00:00.34 avg=00:00.31 ETA=00:10.27 | GPU MB alloc/reserved=69.9/854.0
2026-04-07 13:06:17 | INFO | [Round 6] epoch=48/80 loss=1.0958 acc=57.64 val_acc=nan data_t=0.0046s batch_t=0.0341s epoch_t=00:00.35 lr=0.000352 | GPU MB alloc/reserved=69.9/854.0
2026-04-07 13:06:17 | INFO | [Round 6] Epoch 48/80 time=00:00.35 avg=00:00.31 ETA=00:09.99 | GPU MB alloc/reserved=69.9/854.0
2026-04-07 13:06:17 | INFO | [Round 6] epoch=49/80 loss=1.0838 acc=58.27 val_acc=nan data_t=0.0052s batch_t=0.0341s epoch_t=00:00.35 lr=0.000334 | GPU MB alloc/reserved=69.9/854.0
2026-04-07 13:06:17 | INFO | [Round 6] Epoch 49/80 time=00:00.35 avg=00:00.31 ETA=00:09.70 | GPU MB alloc/reserved=69.9/854.0
2026-04-07 13:06:18 | INFO | [Round 6] epoch=50/80 loss=1.0727 acc=58.09 val_acc=nan data_t=0.0075s batch_t=0.0343s epoch_t=00:00.38 lr=0.000316 | GPU MB alloc/reserved=69.9/854.0
2026-04-07 13:06:18 | INFO | [Round 6] Epoch 50/80 time=00:00.38 avg=00:00.31 ETA=00:09.42 | GPU MB alloc/reserved=69.9/854.0
2026-04-07 13:06:18 | INFO | [Round 6] epoch=51/80 loss=1.0665 acc=59.09 val_acc=nan data_t=0.0045s batch_t=0.0342s epoch_t=00:00.35 lr=0.000298 | GPU MB alloc/reserved=69.9/854.0
2026-04-07 13:06:18 | INFO | [Round 6] Epoch 51/80 time=00:00.35 avg=00:00.31 ETA=00:09.13 | GPU MB alloc/reserved=69.9/854.0
2026-04-07 13:06:18 | INFO | [Round 6] epoch=52/80 loss=1.0474 acc=59.27 val_acc=nan data_t=0.0029s batch_t=0.0128s epoch_t=00:00.14 lr=0.000280 | GPU MB alloc/reserved=69.9/854.0
2026-04-07 13:06:18 | INFO | [Round 6] Epoch 52/80 time=00:00.14 avg=00:00.31 ETA=00:08.72 | GPU MB alloc/reserved=69.9/854.0
2026-04-07 13:06:18 | INFO | [Round 6] epoch=53/80 loss=1.0357 acc=60.00 val_acc=nan data_t=0.0033s batch_t=0.0091s epoch_t=00:00.11 lr=0.000263 | GPU MB alloc/reserved=69.9/854.0
2026-04-07 13:06:18 | INFO | [Round 6] Epoch 53/80 time=00:00.11 avg=00:00.31 ETA=00:08.31 | GPU MB alloc/reserved=69.9/854.0
2026-04-07 13:06:19 | INFO | [Round 6] epoch=54/80 loss=1.0145 acc=60.91 val_acc=nan data_t=0.0027s batch_t=0.0340s epoch_t=00:00.33 lr=0.000246 | GPU MB alloc/reserved=69.9/854.0
2026-04-07 13:06:19 | INFO | [Round 6] Epoch 54/80 time=00:00.33 avg=00:00.31 ETA=00:08.01 | GPU MB alloc/reserved=69.9/854.0
2026-04-07 13:06:19 | INFO | [Round 6] epoch=55/80 loss=1.0469 acc=59.45 val_acc=nan data_t=0.0046s batch_t=0.0342s epoch_t=00:00.35 lr=0.000230 | GPU MB alloc/reserved=69.9/854.0
2026-04-07 13:06:19 | INFO | [Round 6] Epoch 55/80 time=00:00.35 avg=00:00.31 ETA=00:07.72 | GPU MB alloc/reserved=69.9/854.0
2026-04-07 13:06:19 | INFO | [Round 6] epoch=56/80 loss=1.0206 acc=61.36 val_acc=nan data_t=0.0049s batch_t=0.0342s epoch_t=00:00.35 lr=0.000214 | GPU MB alloc/reserved=69.9/854.0
2026-04-07 13:06:19 | INFO | [Round 6] Epoch 56/80 time=00:00.35 avg=00:00.31 ETA=00:07.43 | GPU MB alloc/reserved=69.9/854.0
2026-04-07 13:06:20 | INFO | [Round 6] epoch=57/80 loss=1.0133 acc=62.00 val_acc=nan data_t=0.0048s batch_t=0.0342s epoch_t=00:00.35 lr=0.000199 | GPU MB alloc/reserved=69.9/854.0
2026-04-07 13:06:20 | INFO | [Round 6] Epoch 57/80 time=00:00.35 avg=00:00.31 ETA=00:07.14 | GPU MB alloc/reserved=69.9/854.0
2026-04-07 13:06:20 | INFO | [Round 6] epoch=58/80 loss=1.0044 acc=62.09 val_acc=nan data_t=0.0047s batch_t=0.0341s epoch_t=00:00.35 lr=0.000184 | GPU MB alloc/reserved=69.9/854.0
2026-04-07 13:06:20 | INFO | [Round 6] Epoch 58/80 time=00:00.35 avg=00:00.31 ETA=00:06.84 | GPU MB alloc/reserved=69.9/854.0
2026-04-07 13:06:20 | INFO | [Round 6] epoch=59/80 loss=0.9805 acc=62.55 val_acc=nan data_t=0.0048s batch_t=0.0342s epoch_t=00:00.35 lr=0.000169 | GPU MB alloc/reserved=69.9/854.0
2026-04-07 13:06:20 | INFO | [Round 6] Epoch 59/80 time=00:00.35 avg=00:00.31 ETA=00:06.55 | GPU MB alloc/reserved=69.9/854.0
2026-04-07 13:06:21 | INFO | [Round 6] epoch=60/80 loss=0.9863 acc=62.64 val_acc=nan data_t=0.0046s batch_t=0.0134s epoch_t=00:00.16 lr=0.000155 | GPU MB alloc/reserved=69.9/854.0
2026-04-07 13:06:21 | INFO | [Round 6] Epoch 60/80 time=00:00.16 avg=00:00.31 ETA=00:06.18 | GPU MB alloc/reserved=69.9/854.0
2026-04-07 13:06:21 | INFO | [Round 6] epoch=61/80 loss=0.9549 acc=63.64 val_acc=nan data_t=0.0045s batch_t=0.0180s epoch_t=00:00.20 lr=0.000142 | GPU MB alloc/reserved=69.9/854.0
2026-04-07 13:06:21 | INFO | [Round 6] Epoch 61/80 time=00:00.20 avg=00:00.31 ETA=00:05.84 | GPU MB alloc/reserved=69.9/854.0
2026-04-07 13:06:21 | INFO | [Round 6] epoch=62/80 loss=0.9420 acc=63.00 val_acc=nan data_t=0.0063s batch_t=0.0343s epoch_t=00:00.37 lr=0.000129 | GPU MB alloc/reserved=69.9/854.0
2026-04-07 13:06:21 | INFO | [Round 6] Epoch 62/80 time=00:00.37 avg=00:00.31 ETA=00:05.55 | GPU MB alloc/reserved=69.9/854.0
2026-04-07 13:06:21 | INFO | [Round 6] epoch=63/80 loss=0.9539 acc=64.82 val_acc=nan data_t=0.0030s batch_t=0.0342s epoch_t=00:00.33 lr=0.000116 | GPU MB alloc/reserved=69.9/854.0
2026-04-07 13:06:21 | INFO | [Round 6] Epoch 63/80 time=00:00.33 avg=00:00.31 ETA=00:05.25 | GPU MB alloc/reserved=69.9/854.0
2026-04-07 13:06:22 | INFO | [Round 6] epoch=64/80 loss=0.9378 acc=64.64 val_acc=nan data_t=0.0057s batch_t=0.0342s epoch_t=00:00.36 lr=0.000105 | GPU MB alloc/reserved=69.9/854.0
2026-04-07 13:06:22 | INFO | [Round 6] Epoch 64/80 time=00:00.36 avg=00:00.31 ETA=00:04.95 | GPU MB alloc/reserved=69.9/854.0
2026-04-07 13:06:22 | INFO | [Round 6] epoch=65/80 loss=0.9455 acc=63.36 val_acc=nan data_t=0.0046s batch_t=0.0341s epoch_t=00:00.35 lr=0.000093 | GPU MB alloc/reserved=69.9/854.0
2026-04-07 13:06:22 | INFO | [Round 6] Epoch 65/80 time=00:00.35 avg=00:00.31 ETA=00:04.65 | GPU MB alloc/reserved=69.9/854.0
2026-04-07 13:06:23 | INFO | [Round 6] epoch=66/80 loss=0.9195 acc=63.73 val_acc=nan data_t=0.0032s batch_t=0.0341s epoch_t=00:00.34 lr=0.000083 | GPU MB alloc/reserved=69.9/854.0
2026-04-07 13:06:23 | INFO | [Round 6] Epoch 66/80 time=00:00.34 avg=00:00.31 ETA=00:04.35 | GPU MB alloc/reserved=69.9/854.0
2026-04-07 13:06:23 | INFO | [Round 6] epoch=67/80 loss=0.9049 acc=66.36 val_acc=nan data_t=0.0034s batch_t=0.0340s epoch_t=00:00.34 lr=0.000073 | GPU MB alloc/reserved=69.9/854.0
2026-04-07 13:06:23 | INFO | [Round 6] Epoch 67/80 time=00:00.34 avg=00:00.31 ETA=00:04.04 | GPU MB alloc/reserved=69.9/854.0
2026-04-07 13:06:23 | INFO | [Round 6] epoch=68/80 loss=0.9198 acc=64.45 val_acc=nan data_t=0.0038s batch_t=0.0089s epoch_t=00:00.11 lr=0.000064 | GPU MB alloc/reserved=69.9/854.0
2026-04-07 13:06:23 | INFO | [Round 6] Epoch 68/80 time=00:00.11 avg=00:00.31 ETA=00:03.70 | GPU MB alloc/reserved=69.9/854.0
2026-04-07 13:06:23 | INFO | [Round 6] epoch=69/80 loss=0.9318 acc=64.82 val_acc=nan data_t=0.0048s batch_t=0.0092s epoch_t=00:00.13 lr=0.000055 | GPU MB alloc/reserved=69.9/854.0
2026-04-07 13:06:23 | INFO | [Round 6] Epoch 69/80 time=00:00.13 avg=00:00.31 ETA=00:03.36 | GPU MB alloc/reserved=69.9/854.0
2026-04-07 13:06:23 | INFO | [Round 6] epoch=70/80 loss=0.9129 acc=64.18 val_acc=nan data_t=0.0031s batch_t=0.0161s epoch_t=00:00.17 lr=0.000048 | GPU MB alloc/reserved=69.9/854.0
2026-04-07 13:06:23 | INFO | [Round 6] Epoch 70/80 time=00:00.17 avg=00:00.30 ETA=00:03.04 | GPU MB alloc/reserved=69.9/854.0
2026-04-07 13:06:24 | INFO | [Round 6] epoch=71/80 loss=0.9068 acc=65.73 val_acc=nan data_t=0.0030s batch_t=0.0341s epoch_t=00:00.33 lr=0.000041 | GPU MB alloc/reserved=69.9/854.0
2026-04-07 13:06:24 | INFO | [Round 6] Epoch 71/80 time=00:00.33 avg=00:00.30 ETA=00:02.74 | GPU MB alloc/reserved=69.9/854.0
2026-04-07 13:06:24 | INFO | [Round 6] epoch=72/80 loss=0.8945 acc=66.91 val_acc=nan data_t=0.0031s batch_t=0.0357s epoch_t=00:00.35 lr=0.000034 | GPU MB alloc/reserved=69.9/854.0
2026-04-07 13:06:24 | INFO | [Round 6] Epoch 72/80 time=00:00.35 avg=00:00.30 ETA=00:02.44 | GPU MB alloc/reserved=69.9/854.0
2026-04-07 13:06:24 | INFO | [Round 6] epoch=73/80 loss=0.9154 acc=64.27 val_acc=nan data_t=0.0031s batch_t=0.0342s epoch_t=00:00.34 lr=0.000029 | GPU MB alloc/reserved=69.9/854.0
2026-04-07 13:06:24 | INFO | [Round 6] Epoch 73/80 time=00:00.34 avg=00:00.31 ETA=00:02.14 | GPU MB alloc/reserved=69.9/854.0
2026-04-07 13:06:25 | INFO | [Round 6] epoch=74/80 loss=0.9067 acc=64.36 val_acc=nan data_t=0.0044s batch_t=0.0342s epoch_t=00:00.35 lr=0.000024 | GPU MB alloc/reserved=69.9/854.0
2026-04-07 13:06:25 | INFO | [Round 6] Epoch 74/80 time=00:00.35 avg=00:00.31 ETA=00:01.83 | GPU MB alloc/reserved=69.9/854.0
2026-04-07 13:06:25 | INFO | [Round 6] epoch=75/80 loss=0.8947 acc=65.91 val_acc=nan data_t=0.0048s batch_t=0.0343s epoch_t=00:00.35 lr=0.000020 | GPU MB alloc/reserved=69.9/854.0
2026-04-07 13:06:25 | INFO | [Round 6] Epoch 75/80 time=00:00.35 avg=00:00.31 ETA=00:01.53 | GPU MB alloc/reserved=69.9/854.0
2026-04-07 13:06:25 | INFO | [Round 6] epoch=76/80 loss=0.9183 acc=63.64 val_acc=nan data_t=0.0046s batch_t=0.0342s epoch_t=00:00.35 lr=0.000016 | GPU MB alloc/reserved=69.9/854.0
2026-04-07 13:06:25 | INFO | [Round 6] Epoch 76/80 time=00:00.35 avg=00:00.31 ETA=00:01.23 | GPU MB alloc/reserved=69.9/854.0
2026-04-07 13:06:25 | INFO | [Round 6] epoch=77/80 loss=0.9081 acc=64.09 val_acc=nan data_t=0.0059s batch_t=0.0092s epoch_t=00:00.14 lr=0.000013 | GPU MB alloc/reserved=69.9/854.0
2026-04-07 13:06:25 | INFO | [Round 6] Epoch 77/80 time=00:00.14 avg=00:00.30 ETA=00:00.91 | GPU MB alloc/reserved=69.9/854.0
2026-04-07 13:06:26 | INFO | [Round 6] epoch=78/80 loss=0.9072 acc=64.82 val_acc=nan data_t=0.0033s batch_t=0.0187s epoch_t=00:00.20 lr=0.000012 | GPU MB alloc/reserved=69.9/854.0
2026-04-07 13:06:26 | INFO | [Round 6] Epoch 78/80 time=00:00.20 avg=00:00.30 ETA=00:00.61 | GPU MB alloc/reserved=69.9/854.0
2026-04-07 13:06:26 | INFO | [Round 6] epoch=79/80 loss=0.8961 acc=66.36 val_acc=nan data_t=0.0043s batch_t=0.0341s epoch_t=00:00.35 lr=0.000010 | GPU MB alloc/reserved=69.9/854.0
2026-04-07 13:06:26 | INFO | [Round 6] Epoch 79/80 time=00:00.35 avg=00:00.30 ETA=00:00.30 | GPU MB alloc/reserved=69.9/854.0
2026-04-07 13:06:26 | INFO | [Round 6] epoch=80/80 loss=0.8867 acc=65.27 val_acc=nan data_t=0.0045s batch_t=0.0341s epoch_t=00:00.35 lr=0.000010 | GPU MB alloc/reserved=69.9/854.0
2026-04-07 13:06:26 | INFO | [Round 6] Epoch 80/80 time=00:00.35 avg=00:00.30 ETA=00:00.00 | GPU MB alloc/reserved=69.9/854.0
2026-04-07 13:06:26 | INFO | [Round 6] training complete in 00:24.46 (best monitor=66.909) | GPU MB alloc/reserved=69.9/854.0
2026-04-07 13:06:26 | INFO | [Round 6] evaluation started | GPU MB alloc/reserved=52.0/854.0
2026-04-07 13:06:29 | INFO | [Round 6] clean=51.72 fgsm=42.00 pgd=41.88 grad_disp_mean=nan grad_disp_sel=nan round_t=28.36s | GPU MB alloc/reserved=52.0/854.0
2026-04-07 13:06:29 | INFO | [Round 7/21] elapsed=00:28.36 avg_round=00:23.59 projected_remaining=05:30.33 | GPU MB alloc/reserved=52.0/854.0
2026-04-07 13:06:30 | INFO | [Round 7] acquisition on pool_size=48900 scored_pool=5000 budget=100 | GPU MB alloc/reserved=34.1/854.0
2026-04-07 13:06:30 | INFO | [CoreSet-unlabeled-feat] scoring progress 10/20 elapsed=00:00.23 avg/batch=0.023s ETA=00:00.23 | GPU MB alloc/reserved=40.6/854.0
2026-04-07 13:06:30 | INFO | [CoreSet-unlabeled-feat] scoring progress 20/20 elapsed=00:00.26 avg/batch=0.013s ETA=00:00.00 | GPU MB alloc/reserved=40.6/854.0
2026-04-07 13:06:30 | INFO | [CoreSet-labeled-feat] scoring progress 5/5 elapsed=00:00.23 avg/batch=0.045s ETA=00:00.00 | GPU MB alloc/reserved=41.0/854.0
2026-04-07 13:06:31 | INFO | [CoreSet] greedy 10/100 cover_radius=24.772243 | GPU: n/a
2026-04-07 13:06:31 | INFO | [CoreSet] greedy 20/100 cover_radius=23.788031 | GPU: n/a
2026-04-07 13:06:31 | INFO | [CoreSet] greedy 30/100 cover_radius=23.233938 | GPU: n/a
2026-04-07 13:06:31 | INFO | [CoreSet] greedy 40/100 cover_radius=22.437456 | GPU: n/a
2026-04-07 13:06:31 | INFO | [CoreSet] greedy 50/100 cover_radius=22.131763 | GPU: n/a
2026-04-07 13:06:31 | INFO | [CoreSet] greedy 60/100 cover_radius=21.883871 | GPU: n/a
2026-04-07 13:06:31 | INFO | [CoreSet] greedy 70/100 cover_radius=21.621264 | GPU: n/a
2026-04-07 13:06:31 | INFO | [CoreSet] greedy 80/100 cover_radius=21.358479 | GPU: n/a
2026-04-07 13:06:31 | INFO | [CoreSet] greedy 90/100 cover_radius=20.967213 | GPU: n/a
2026-04-07 13:06:32 | INFO | [CoreSet] greedy 100/100 cover_radius=20.777843 | GPU: n/a
2026-04-07 13:06:32 | INFO | [Round 7] labeled=1200 train=1200 val_fixed=0 | GPU MB alloc/reserved=43.1/854.0
2026-04-07 13:06:32 | INFO | [Round 7] epoch=1/80 loss=5.9652 acc=14.75 val_acc=nan data_t=0.0164s batch_t=0.0191s epoch_t=00:00.36 lr=0.001000 | GPU MB alloc/reserved=69.9/854.0
2026-04-07 13:06:32 | INFO | [Round 7] Epoch 1/80 time=00:00.36 avg=00:00.36 ETA=00:28.09 | GPU MB alloc/reserved=69.9/854.0
2026-04-07 13:06:32 | INFO | [Round 7] epoch=2/80 loss=2.5974 acc=16.83 val_acc=nan data_t=0.0028s batch_t=0.0179s epoch_t=00:00.21 lr=0.000998 | GPU MB alloc/reserved=69.9/854.0
2026-04-07 13:06:32 | INFO | [Round 7] Epoch 2/80 time=00:00.21 avg=00:00.28 ETA=00:21.96 | GPU MB alloc/reserved=69.9/854.0
2026-04-07 13:06:33 | INFO | [Round 7] epoch=3/80 loss=2.1392 acc=23.17 val_acc=nan data_t=0.0026s batch_t=0.0340s epoch_t=00:00.37 lr=0.000997 | GPU MB alloc/reserved=69.9/854.0
2026-04-07 13:06:33 | INFO | [Round 7] Epoch 3/80 time=00:00.37 avg=00:00.31 ETA=00:23.87 | GPU MB alloc/reserved=69.9/854.0
2026-04-07 13:06:33 | INFO | [Round 7] epoch=4/80 loss=2.0484 acc=26.33 val_acc=nan data_t=0.0032s batch_t=0.0339s epoch_t=00:00.37 lr=0.000994 | GPU MB alloc/reserved=69.9/854.0
2026-04-07 13:06:33 | INFO | [Round 7] Epoch 4/80 time=00:00.37 avg=00:00.33 ETA=00:24.72 | GPU MB alloc/reserved=69.9/854.0
2026-04-07 13:06:33 | INFO | [Round 7] epoch=5/80 loss=1.9680 acc=27.42 val_acc=nan data_t=0.0038s batch_t=0.0340s epoch_t=00:00.38 lr=0.000990 | GPU MB alloc/reserved=69.9/854.0
2026-04-07 13:06:33 | INFO | [Round 7] Epoch 5/80 time=00:00.38 avg=00:00.34 ETA=00:25.20 | GPU MB alloc/reserved=69.9/854.0
2026-04-07 13:06:34 | INFO | [Round 7] epoch=6/80 loss=1.9051 acc=30.00 val_acc=nan data_t=0.0044s batch_t=0.0340s epoch_t=00:00.38 lr=0.000986 | GPU MB alloc/reserved=69.9/854.0
2026-04-07 13:06:34 | INFO | [Round 7] Epoch 6/80 time=00:00.38 avg=00:00.34 ETA=00:25.45 | GPU MB alloc/reserved=69.9/854.0
2026-04-07 13:06:34 | INFO | [Round 7] epoch=7/80 loss=1.8833 acc=31.00 val_acc=nan data_t=0.0041s batch_t=0.0339s epoch_t=00:00.38 lr=0.000981 | GPU MB alloc/reserved=69.9/854.0
2026-04-07 13:06:34 | INFO | [Round 7] Epoch 7/80 time=00:00.38 avg=00:00.35 ETA=00:25.49 | GPU MB alloc/reserved=69.9/854.0
2026-04-07 13:06:34 | INFO | [Round 7] epoch=8/80 loss=1.8214 acc=32.83 val_acc=nan data_t=0.0042s batch_t=0.0179s epoch_t=00:00.22 lr=0.000976 | GPU MB alloc/reserved=69.9/854.0
2026-04-07 13:06:34 | INFO | [Round 7] Epoch 8/80 time=00:00.22 avg=00:00.33 ETA=00:23.99 | GPU MB alloc/reserved=69.9/854.0
2026-04-07 13:06:35 | INFO | [Round 7] epoch=9/80 loss=1.8075 acc=32.92 val_acc=nan data_t=0.0036s batch_t=0.0120s epoch_t=00:00.16 lr=0.000969 | GPU MB alloc/reserved=69.9/854.0
2026-04-07 13:06:35 | INFO | [Round 7] Epoch 9/80 time=00:00.16 avg=00:00.31 ETA=00:22.26 | GPU MB alloc/reserved=69.9/854.0
2026-04-07 13:06:35 | INFO | [Round 7] epoch=10/80 loss=1.7641 acc=33.50 val_acc=nan data_t=0.0035s batch_t=0.0340s epoch_t=00:00.38 lr=0.000962 | GPU MB alloc/reserved=69.9/854.0
2026-04-07 13:06:35 | INFO | [Round 7] Epoch 10/80 time=00:00.38 avg=00:00.32 ETA=00:22.38 | GPU MB alloc/reserved=69.9/854.0
2026-04-07 13:06:35 | INFO | [Round 7] epoch=11/80 loss=1.7139 acc=38.33 val_acc=nan data_t=0.0040s batch_t=0.0339s epoch_t=00:00.38 lr=0.000955 | GPU MB alloc/reserved=69.9/854.0
2026-04-07 13:06:35 | INFO | [Round 7] Epoch 11/80 time=00:00.38 avg=00:00.33 ETA=00:22.43 | GPU MB alloc/reserved=69.9/854.0
2026-04-07 13:06:36 | INFO | [Round 7] epoch=12/80 loss=1.7068 acc=36.25 val_acc=nan data_t=0.0031s batch_t=0.0343s epoch_t=00:00.37 lr=0.000946 | GPU MB alloc/reserved=69.9/854.0
2026-04-07 13:06:36 | INFO | [Round 7] Epoch 12/80 time=00:00.37 avg=00:00.33 ETA=00:22.38 | GPU MB alloc/reserved=69.9/854.0
2026-04-07 13:06:36 | INFO | [Round 7] epoch=13/80 loss=1.6567 acc=37.67 val_acc=nan data_t=0.0041s batch_t=0.0339s epoch_t=00:00.38 lr=0.000937 | GPU MB alloc/reserved=69.9/854.0
2026-04-07 13:06:36 | INFO | [Round 7] Epoch 13/80 time=00:00.38 avg=00:00.33 ETA=00:22.31 | GPU MB alloc/reserved=69.9/854.0
2026-04-07 13:06:37 | INFO | [Round 7] epoch=14/80 loss=1.6486 acc=38.25 val_acc=nan data_t=0.0041s batch_t=0.0339s epoch_t=00:00.38 lr=0.000927 | GPU MB alloc/reserved=69.9/854.0
2026-04-07 13:06:37 | INFO | [Round 7] Epoch 14/80 time=00:00.38 avg=00:00.34 ETA=00:22.20 | GPU MB alloc/reserved=69.9/854.0
2026-04-07 13:06:37 | INFO | [Round 7] epoch=15/80 loss=1.6292 acc=39.08 val_acc=nan data_t=0.0041s batch_t=0.0249s epoch_t=00:00.29 lr=0.000917 | GPU MB alloc/reserved=69.9/854.0
2026-04-07 13:06:37 | INFO | [Round 7] Epoch 15/80 time=00:00.29 avg=00:00.33 ETA=00:21.67 | GPU MB alloc/reserved=69.9/854.0
2026-04-07 13:06:37 | INFO | [Round 7] epoch=16/80 loss=1.5859 acc=40.58 val_acc=nan data_t=0.0046s batch_t=0.0085s epoch_t=00:00.13 lr=0.000905 | GPU MB alloc/reserved=69.9/854.0
2026-04-07 13:06:37 | INFO | [Round 7] Epoch 16/80 time=00:00.13 avg=00:00.32 ETA=00:20.53 | GPU MB alloc/reserved=69.9/854.0
2026-04-07 13:06:37 | INFO | [Round 7] epoch=17/80 loss=1.5746 acc=41.17 val_acc=nan data_t=0.0033s batch_t=0.0339s epoch_t=00:00.37 lr=0.000894 | GPU MB alloc/reserved=69.9/854.0
2026-04-07 13:06:37 | INFO | [Round 7] Epoch 17/80 time=00:00.37 avg=00:00.32 ETA=00:20.40 | GPU MB alloc/reserved=69.9/854.0
2026-04-07 13:06:38 | INFO | [Round 7] epoch=18/80 loss=1.5370 acc=41.50 val_acc=nan data_t=0.0027s batch_t=0.0339s epoch_t=00:00.37 lr=0.000881 | GPU MB alloc/reserved=69.9/854.0
2026-04-07 13:06:38 | INFO | [Round 7] Epoch 18/80 time=00:00.37 avg=00:00.33 ETA=00:20.22 | GPU MB alloc/reserved=69.9/854.0
2026-04-07 13:06:38 | INFO | [Round 7] epoch=19/80 loss=1.5282 acc=41.75 val_acc=nan data_t=0.0030s batch_t=0.0339s epoch_t=00:00.37 lr=0.000868 | GPU MB alloc/reserved=69.9/854.0
2026-04-07 13:06:38 | INFO | [Round 7] Epoch 19/80 time=00:00.37 avg=00:00.33 ETA=00:20.03 | GPU MB alloc/reserved=69.9/854.0
2026-04-07 13:06:38 | INFO | [Round 7] epoch=20/80 loss=1.4977 acc=42.92 val_acc=nan data_t=0.0044s batch_t=0.0339s epoch_t=00:00.38 lr=0.000855 | GPU MB alloc/reserved=69.9/854.0
2026-04-07 13:06:38 | INFO | [Round 7] Epoch 20/80 time=00:00.38 avg=00:00.33 ETA=00:19.87 | GPU MB alloc/reserved=69.9/854.0
2026-04-07 13:06:39 | INFO | [Round 7] epoch=21/80 loss=1.5015 acc=44.33 val_acc=nan data_t=0.0033s batch_t=0.0340s epoch_t=00:00.37 lr=0.000841 | GPU MB alloc/reserved=69.9/854.0
2026-04-07 13:06:39 | INFO | [Round 7] Epoch 21/80 time=00:00.37 avg=00:00.33 ETA=00:19.65 | GPU MB alloc/reserved=69.9/854.0
2026-04-07 13:06:39 | INFO | [Round 7] epoch=22/80 loss=1.4551 acc=44.08 val_acc=nan data_t=0.0042s batch_t=0.0310s epoch_t=00:00.35 lr=0.000826 | GPU MB alloc/reserved=69.9/854.0
2026-04-07 13:06:39 | INFO | [Round 7] Epoch 22/80 time=00:00.35 avg=00:00.33 ETA=00:19.37 | GPU MB alloc/reserved=69.9/854.0
2026-04-07 13:06:39 | INFO | [Round 7] epoch=23/80 loss=1.4764 acc=46.08 val_acc=nan data_t=0.0045s batch_t=0.0084s epoch_t=00:00.13 lr=0.000811 | GPU MB alloc/reserved=69.9/854.0
2026-04-07 13:06:39 | INFO | [Round 7] Epoch 23/80 time=00:00.13 avg=00:00.33 ETA=00:18.53 | GPU MB alloc/reserved=69.9/854.0
2026-04-07 13:06:40 | INFO | [Round 7] epoch=24/80 loss=1.4388 acc=45.83 val_acc=nan data_t=0.0028s batch_t=0.0325s epoch_t=00:00.35 lr=0.000796 | GPU MB alloc/reserved=69.9/854.0
2026-04-07 13:06:40 | INFO | [Round 7] Epoch 24/80 time=00:00.35 avg=00:00.33 ETA=00:18.27 | GPU MB alloc/reserved=69.9/854.0
2026-04-07 13:06:40 | INFO | [Round 7] epoch=25/80 loss=1.4109 acc=45.58 val_acc=nan data_t=0.0051s batch_t=0.0340s epoch_t=00:00.39 lr=0.000780 | GPU MB alloc/reserved=69.9/854.0
2026-04-07 13:06:40 | INFO | [Round 7] Epoch 25/80 time=00:00.39 avg=00:00.33 ETA=00:18.08 | GPU MB alloc/reserved=69.9/854.0
2026-04-07 13:06:40 | INFO | [Round 7] epoch=26/80 loss=1.4186 acc=47.42 val_acc=nan data_t=0.0043s batch_t=0.0339s epoch_t=00:00.38 lr=0.000764 | GPU MB alloc/reserved=69.9/854.0
2026-04-07 13:06:40 | INFO | [Round 7] Epoch 26/80 time=00:00.38 avg=00:00.33 ETA=00:17.87 | GPU MB alloc/reserved=69.9/854.0
2026-04-07 13:06:41 | INFO | [Round 7] epoch=27/80 loss=1.3992 acc=46.58 val_acc=nan data_t=0.0049s batch_t=0.0339s epoch_t=00:00.39 lr=0.000747 | GPU MB alloc/reserved=69.9/854.0
2026-04-07 13:06:41 | INFO | [Round 7] Epoch 27/80 time=00:00.39 avg=00:00.33 ETA=00:17.65 | GPU MB alloc/reserved=69.9/854.0
2026-04-07 13:06:41 | INFO | [Round 7] epoch=28/80 loss=1.3800 acc=47.08 val_acc=nan data_t=0.0027s batch_t=0.0340s epoch_t=00:00.37 lr=0.000730 | GPU MB alloc/reserved=69.9/854.0
2026-04-07 13:06:41 | INFO | [Round 7] Epoch 28/80 time=00:00.37 avg=00:00.33 ETA=00:17.38 | GPU MB alloc/reserved=69.9/854.0
2026-04-07 13:06:42 | INFO | [Round 7] epoch=29/80 loss=1.3379 acc=48.33 val_acc=nan data_t=0.0066s batch_t=0.0300s epoch_t=00:00.37 lr=0.000712 | GPU MB alloc/reserved=69.9/854.0
2026-04-07 13:06:42 | INFO | [Round 7] Epoch 29/80 time=00:00.37 avg=00:00.34 ETA=00:17.10 | GPU MB alloc/reserved=69.9/854.0
2026-04-07 13:06:42 | INFO | [Round 7] epoch=30/80 loss=1.3130 acc=49.50 val_acc=nan data_t=0.0043s batch_t=0.0091s epoch_t=00:00.13 lr=0.000694 | GPU MB alloc/reserved=69.9/854.0
2026-04-07 13:06:42 | INFO | [Round 7] Epoch 30/80 time=00:00.13 avg=00:00.33 ETA=00:16.43 | GPU MB alloc/reserved=69.9/854.0
2026-04-07 13:06:42 | INFO | [Round 7] epoch=31/80 loss=1.2921 acc=50.25 val_acc=nan data_t=0.0034s batch_t=0.0338s epoch_t=00:00.37 lr=0.000676 | GPU MB alloc/reserved=69.9/854.0
2026-04-07 13:06:42 | INFO | [Round 7] Epoch 31/80 time=00:00.37 avg=00:00.33 ETA=00:16.17 | GPU MB alloc/reserved=69.9/854.0
2026-04-07 13:06:42 | INFO | [Round 7] epoch=32/80 loss=1.3047 acc=49.42 val_acc=nan data_t=0.0030s batch_t=0.0341s epoch_t=00:00.37 lr=0.000658 | GPU MB alloc/reserved=69.9/854.0
2026-04-07 13:06:42 | INFO | [Round 7] Epoch 32/80 time=00:00.37 avg=00:00.33 ETA=00:15.90 | GPU MB alloc/reserved=69.9/854.0
2026-04-07 13:06:43 | INFO | [Round 7] epoch=33/80 loss=1.3011 acc=51.25 val_acc=nan data_t=0.0043s batch_t=0.0339s epoch_t=00:00.38 lr=0.000639 | GPU MB alloc/reserved=69.9/854.0
2026-04-07 13:06:43 | INFO | [Round 7] Epoch 33/80 time=00:00.38 avg=00:00.33 ETA=00:15.64 | GPU MB alloc/reserved=69.9/854.0
2026-04-07 13:06:43 | INFO | [Round 7] epoch=34/80 loss=1.3115 acc=50.17 val_acc=nan data_t=0.0039s batch_t=0.0340s epoch_t=00:00.38 lr=0.000621 | GPU MB alloc/reserved=69.9/854.0
2026-04-07 13:06:43 | INFO | [Round 7] Epoch 34/80 time=00:00.38 avg=00:00.33 ETA=00:15.37 | GPU MB alloc/reserved=69.9/854.0
2026-04-07 13:06:44 | INFO | [Round 7] epoch=35/80 loss=1.2622 acc=51.67 val_acc=nan data_t=0.0032s batch_t=0.0340s epoch_t=00:00.37 lr=0.000602 | GPU MB alloc/reserved=69.9/854.0
2026-04-07 13:06:44 | INFO | [Round 7] Epoch 35/80 time=00:00.37 avg=00:00.34 ETA=00:15.09 | GPU MB alloc/reserved=69.9/854.0
2026-04-07 13:06:44 | INFO | [Round 7] epoch=36/80 loss=1.2360 acc=53.25 val_acc=nan data_t=0.0043s batch_t=0.0315s epoch_t=00:00.36 lr=0.000582 | GPU MB alloc/reserved=69.9/854.0
2026-04-07 13:06:44 | INFO | [Round 7] Epoch 36/80 time=00:00.36 avg=00:00.34 ETA=00:14.78 | GPU MB alloc/reserved=69.9/854.0
2026-04-07 13:06:44 | INFO | [Round 7] epoch=37/80 loss=1.2473 acc=52.50 val_acc=nan data_t=0.0049s batch_t=0.0090s epoch_t=00:00.14 lr=0.000563 | GPU MB alloc/reserved=69.9/854.0
2026-04-07 13:06:44 | INFO | [Round 7] Epoch 37/80 time=00:00.14 avg=00:00.33 ETA=00:14.21 | GPU MB alloc/reserved=69.9/854.0
2026-04-07 13:06:44 | INFO | [Round 7] epoch=38/80 loss=1.2231 acc=52.83 val_acc=nan data_t=0.0028s batch_t=0.0337s epoch_t=00:00.37 lr=0.000544 | GPU MB alloc/reserved=69.9/854.0
2026-04-07 13:06:44 | INFO | [Round 7] Epoch 38/80 time=00:00.37 avg=00:00.33 ETA=00:13.92 | GPU MB alloc/reserved=69.9/854.0
2026-04-07 13:06:45 | INFO | [Round 7] epoch=39/80 loss=1.1909 acc=54.75 val_acc=nan data_t=0.0038s batch_t=0.0341s epoch_t=00:00.38 lr=0.000524 | GPU MB alloc/reserved=69.9/854.0
2026-04-07 13:06:45 | INFO | [Round 7] Epoch 39/80 time=00:00.38 avg=00:00.33 ETA=00:13.64 | GPU MB alloc/reserved=69.9/854.0
2026-04-07 13:06:45 | INFO | [Round 7] epoch=40/80 loss=1.1983 acc=54.58 val_acc=nan data_t=0.0038s batch_t=0.0340s epoch_t=00:00.38 lr=0.000505 | GPU MB alloc/reserved=69.9/854.0
2026-04-07 13:06:45 | INFO | [Round 7] Epoch 40/80 time=00:00.38 avg=00:00.33 ETA=00:13.35 | GPU MB alloc/reserved=69.9/854.0
2026-04-07 13:06:46 | INFO | [Round 7] epoch=41/80 loss=1.1912 acc=52.75 val_acc=nan data_t=0.0033s batch_t=0.0339s epoch_t=00:00.37 lr=0.000486 | GPU MB alloc/reserved=69.9/854.0
2026-04-07 13:06:46 | INFO | [Round 7] Epoch 41/80 time=00:00.37 avg=00:00.33 ETA=00:13.06 | GPU MB alloc/reserved=69.9/854.0
2026-04-07 13:06:46 | INFO | [Round 7] epoch=42/80 loss=1.1564 acc=53.50 val_acc=nan data_t=0.0052s batch_t=0.0341s epoch_t=00:00.39 lr=0.000466 | GPU MB alloc/reserved=69.9/854.0
2026-04-07 13:06:46 | INFO | [Round 7] Epoch 42/80 time=00:00.39 avg=00:00.34 ETA=00:12.77 | GPU MB alloc/reserved=69.9/854.0
2026-04-07 13:06:46 | INFO | [Round 7] epoch=43/80 loss=1.1643 acc=53.67 val_acc=nan data_t=0.0043s batch_t=0.0302s epoch_t=00:00.34 lr=0.000447 | GPU MB alloc/reserved=69.9/854.0
2026-04-07 13:06:46 | INFO | [Round 7] Epoch 43/80 time=00:00.34 avg=00:00.34 ETA=00:12.44 | GPU MB alloc/reserved=69.9/854.0
2026-04-07 13:06:46 | INFO | [Round 7] epoch=44/80 loss=1.1354 acc=56.00 val_acc=nan data_t=0.0053s batch_t=0.0086s epoch_t=00:00.14 lr=0.000428 | GPU MB alloc/reserved=69.9/854.0
2026-04-07 13:06:46 | INFO | [Round 7] Epoch 44/80 time=00:00.14 avg=00:00.33 ETA=00:11.95 | GPU MB alloc/reserved=69.9/854.0
2026-04-07 13:06:47 | INFO | [Round 7] epoch=45/80 loss=1.1208 acc=56.83 val_acc=nan data_t=0.0037s batch_t=0.0339s epoch_t=00:00.38 lr=0.000408 | GPU MB alloc/reserved=69.9/854.0
2026-04-07 13:06:47 | INFO | [Round 7] Epoch 45/80 time=00:00.38 avg=00:00.33 ETA=00:11.65 | GPU MB alloc/reserved=69.9/854.0
2026-04-07 13:06:47 | INFO | [Round 7] epoch=46/80 loss=1.1099 acc=57.83 val_acc=nan data_t=0.0038s batch_t=0.0339s epoch_t=00:00.38 lr=0.000389 | GPU MB alloc/reserved=69.9/854.0
2026-04-07 13:06:47 | INFO | [Round 7] Epoch 46/80 time=00:00.38 avg=00:00.33 ETA=00:11.35 | GPU MB alloc/reserved=69.9/854.0
2026-04-07 13:06:48 | INFO | [Round 7] epoch=47/80 loss=1.1028 acc=58.33 val_acc=nan data_t=0.0044s batch_t=0.0339s epoch_t=00:00.38 lr=0.000371 | GPU MB alloc/reserved=69.9/854.0
2026-04-07 13:06:48 | INFO | [Round 7] Epoch 47/80 time=00:00.38 avg=00:00.33 ETA=00:11.05 | GPU MB alloc/reserved=69.9/854.0
2026-04-07 13:06:48 | INFO | [Round 7] epoch=48/80 loss=1.0758 acc=58.17 val_acc=nan data_t=0.0041s batch_t=0.0341s epoch_t=00:00.38 lr=0.000352 | GPU MB alloc/reserved=69.9/854.0
2026-04-07 13:06:48 | INFO | [Round 7] Epoch 48/80 time=00:00.38 avg=00:00.34 ETA=00:10.75 | GPU MB alloc/reserved=69.9/854.0
2026-04-07 13:06:48 | INFO | [Round 7] epoch=49/80 loss=1.0602 acc=59.50 val_acc=nan data_t=0.0040s batch_t=0.0341s epoch_t=00:00.38 lr=0.000334 | GPU MB alloc/reserved=69.9/854.0
2026-04-07 13:06:48 | INFO | [Round 7] Epoch 49/80 time=00:00.38 avg=00:00.34 ETA=00:10.44 | GPU MB alloc/reserved=69.9/854.0
2026-04-07 13:06:49 | INFO | [Round 7] epoch=50/80 loss=1.0576 acc=59.67 val_acc=nan data_t=0.0039s batch_t=0.0286s epoch_t=00:00.33 lr=0.000316 | GPU MB alloc/reserved=69.9/854.0
2026-04-07 13:06:49 | INFO | [Round 7] Epoch 50/80 time=00:00.33 avg=00:00.34 ETA=00:10.10 | GPU MB alloc/reserved=69.9/854.0
2026-04-07 13:06:49 | INFO | [Round 7] epoch=51/80 loss=1.0631 acc=59.17 val_acc=nan data_t=0.0048s batch_t=0.0084s epoch_t=00:00.13 lr=0.000298 | GPU MB alloc/reserved=69.9/854.0
2026-04-07 13:06:49 | INFO | [Round 7] Epoch 51/80 time=00:00.13 avg=00:00.33 ETA=00:09.64 | GPU MB alloc/reserved=69.9/854.0
2026-04-07 13:06:49 | INFO | [Round 7] epoch=52/80 loss=1.0524 acc=60.83 val_acc=nan data_t=0.0030s batch_t=0.0336s epoch_t=00:00.37 lr=0.000280 | GPU MB alloc/reserved=69.9/854.0
2026-04-07 13:06:49 | INFO | [Round 7] Epoch 52/80 time=00:00.37 avg=00:00.33 ETA=00:09.33 | GPU MB alloc/reserved=69.9/854.0
2026-04-07 13:06:50 | INFO | [Round 7] epoch=53/80 loss=1.0305 acc=62.25 val_acc=nan data_t=0.0039s batch_t=0.0341s epoch_t=00:00.38 lr=0.000263 | GPU MB alloc/reserved=69.9/854.0
2026-04-07 13:06:50 | INFO | [Round 7] Epoch 53/80 time=00:00.38 avg=00:00.33 ETA=00:09.02 | GPU MB alloc/reserved=69.9/854.0
2026-04-07 13:06:50 | INFO | [Round 7] epoch=54/80 loss=1.0294 acc=61.08 val_acc=nan data_t=0.0039s batch_t=0.0340s epoch_t=00:00.38 lr=0.000246 | GPU MB alloc/reserved=69.9/854.0
2026-04-07 13:06:50 | INFO | [Round 7] Epoch 54/80 time=00:00.38 avg=00:00.33 ETA=00:08.71 | GPU MB alloc/reserved=69.9/854.0
2026-04-07 13:06:50 | INFO | [Round 7] epoch=55/80 loss=0.9913 acc=63.25 val_acc=nan data_t=0.0040s batch_t=0.0339s epoch_t=00:00.38 lr=0.000230 | GPU MB alloc/reserved=69.9/854.0
2026-04-07 13:06:50 | INFO | [Round 7] Epoch 55/80 time=00:00.38 avg=00:00.34 ETA=00:08.39 | GPU MB alloc/reserved=69.9/854.0
2026-04-07 13:06:51 | INFO | [Round 7] epoch=56/80 loss=0.9976 acc=61.25 val_acc=nan data_t=0.0032s batch_t=0.0339s epoch_t=00:00.37 lr=0.000214 | GPU MB alloc/reserved=69.9/854.0
2026-04-07 13:06:51 | INFO | [Round 7] Epoch 56/80 time=00:00.37 avg=00:00.34 ETA=00:08.07 | GPU MB alloc/reserved=69.9/854.0
2026-04-07 13:06:51 | INFO | [Round 7] epoch=57/80 loss=1.0000 acc=62.33 val_acc=nan data_t=0.0042s batch_t=0.0309s epoch_t=00:00.35 lr=0.000199 | GPU MB alloc/reserved=69.9/854.0
2026-04-07 13:06:51 | INFO | [Round 7] Epoch 57/80 time=00:00.35 avg=00:00.34 ETA=00:07.74 | GPU MB alloc/reserved=69.9/854.0
2026-04-07 13:06:51 | INFO | [Round 7] epoch=58/80 loss=0.9755 acc=62.42 val_acc=nan data_t=0.0050s batch_t=0.0085s epoch_t=00:00.13 lr=0.000184 | GPU MB alloc/reserved=69.9/854.0
2026-04-07 13:06:51 | INFO | [Round 7] Epoch 58/80 time=00:00.13 avg=00:00.33 ETA=00:07.33 | GPU MB alloc/reserved=69.9/854.0
2026-04-07 13:06:52 | INFO | [Round 7] epoch=59/80 loss=0.9727 acc=64.17 val_acc=nan data_t=0.0042s batch_t=0.0339s epoch_t=00:00.38 lr=0.000169 | GPU MB alloc/reserved=69.9/854.0
2026-04-07 13:06:52 | INFO | [Round 7] Epoch 59/80 time=00:00.38 avg=00:00.33 ETA=00:07.01 | GPU MB alloc/reserved=69.9/854.0
2026-04-07 13:06:52 | INFO | [Round 7] epoch=60/80 loss=0.9480 acc=62.42 val_acc=nan data_t=0.0034s batch_t=0.0339s epoch_t=00:00.37 lr=0.000155 | GPU MB alloc/reserved=69.9/854.0
2026-04-07 13:06:52 | INFO | [Round 7] Epoch 60/80 time=00:00.37 avg=00:00.33 ETA=00:06.69 | GPU MB alloc/reserved=69.9/854.0
2026-04-07 13:06:52 | INFO | [Round 7] epoch=61/80 loss=0.9682 acc=62.83 val_acc=nan data_t=0.0035s batch_t=0.0341s epoch_t=00:00.38 lr=0.000142 | GPU MB alloc/reserved=69.9/854.0
2026-04-07 13:06:52 | INFO | [Round 7] Epoch 61/80 time=00:00.38 avg=00:00.34 ETA=00:06.37 | GPU MB alloc/reserved=69.9/854.0
2026-04-07 13:06:53 | INFO | [Round 7] epoch=62/80 loss=0.9347 acc=64.25 val_acc=nan data_t=0.0047s batch_t=0.0339s epoch_t=00:00.39 lr=0.000129 | GPU MB alloc/reserved=69.9/854.0
2026-04-07 13:06:53 | INFO | [Round 7] Epoch 62/80 time=00:00.39 avg=00:00.34 ETA=00:06.05 | GPU MB alloc/reserved=69.9/854.0
2026-04-07 13:06:53 | INFO | [Round 7] epoch=63/80 loss=0.9549 acc=63.58 val_acc=nan data_t=0.0044s batch_t=0.0339s epoch_t=00:00.38 lr=0.000116 | GPU MB alloc/reserved=69.9/854.0
2026-04-07 13:06:53 | INFO | [Round 7] Epoch 63/80 time=00:00.38 avg=00:00.34 ETA=00:05.73 | GPU MB alloc/reserved=69.9/854.0
2026-04-07 13:06:53 | INFO | [Round 7] epoch=64/80 loss=0.9222 acc=64.83 val_acc=nan data_t=0.0042s batch_t=0.0292s epoch_t=00:00.33 lr=0.000105 | GPU MB alloc/reserved=69.9/854.0
2026-04-07 13:06:53 | INFO | [Round 7] Epoch 64/80 time=00:00.33 avg=00:00.34 ETA=00:05.39 | GPU MB alloc/reserved=69.9/854.0
2026-04-07 13:06:54 | INFO | [Round 7] epoch=65/80 loss=0.9018 acc=67.00 val_acc=nan data_t=0.0041s batch_t=0.0091s epoch_t=00:00.13 lr=0.000093 | GPU MB alloc/reserved=69.9/854.0
2026-04-07 13:06:54 | INFO | [Round 7] Epoch 65/80 time=00:00.13 avg=00:00.33 ETA=00:05.00 | GPU MB alloc/reserved=69.9/854.0
2026-04-07 13:06:54 | INFO | [Round 7] epoch=66/80 loss=0.8972 acc=65.33 val_acc=nan data_t=0.0026s batch_t=0.0340s epoch_t=00:00.37 lr=0.000083 | GPU MB alloc/reserved=69.9/854.0
2026-04-07 13:06:54 | INFO | [Round 7] Epoch 66/80 time=00:00.37 avg=00:00.33 ETA=00:04.68 | GPU MB alloc/reserved=69.9/854.0
2026-04-07 13:06:54 | INFO | [Round 7] epoch=67/80 loss=0.9132 acc=66.25 val_acc=nan data_t=0.0041s batch_t=0.0340s epoch_t=00:00.38 lr=0.000073 | GPU MB alloc/reserved=69.9/854.0
2026-04-07 13:06:54 | INFO | [Round 7] Epoch 67/80 time=00:00.38 avg=00:00.33 ETA=00:04.35 | GPU MB alloc/reserved=69.9/854.0
2026-04-07 13:06:55 | INFO | [Round 7] epoch=68/80 loss=0.9015 acc=65.00 val_acc=nan data_t=0.0041s batch_t=0.0339s epoch_t=00:00.38 lr=0.000064 | GPU MB alloc/reserved=69.9/854.0
2026-04-07 13:06:55 | INFO | [Round 7] Epoch 68/80 time=00:00.38 avg=00:00.34 ETA=00:04.03 | GPU MB alloc/reserved=69.9/854.0
2026-04-07 13:06:55 | INFO | [Round 7] epoch=69/80 loss=0.8915 acc=65.50 val_acc=nan data_t=0.0044s batch_t=0.0340s epoch_t=00:00.38 lr=0.000055 | GPU MB alloc/reserved=69.9/854.0
2026-04-07 13:06:55 | INFO | [Round 7] Epoch 69/80 time=00:00.38 avg=00:00.34 ETA=00:03.70 | GPU MB alloc/reserved=69.9/854.0
2026-04-07 13:06:55 | INFO | [Round 7] epoch=70/80 loss=0.9260 acc=65.08 val_acc=nan data_t=0.0028s batch_t=0.0341s epoch_t=00:00.37 lr=0.000048 | GPU MB alloc/reserved=69.9/854.0
2026-04-07 13:06:55 | INFO | [Round 7] Epoch 70/80 time=00:00.37 avg=00:00.34 ETA=00:03.37 | GPU MB alloc/reserved=69.9/854.0
2026-04-07 13:06:56 | INFO | [Round 7] epoch=71/80 loss=0.8778 acc=66.75 val_acc=nan data_t=0.0042s batch_t=0.0326s epoch_t=00:00.37 lr=0.000041 | GPU MB alloc/reserved=69.9/854.0
2026-04-07 13:06:56 | INFO | [Round 7] Epoch 71/80 time=00:00.37 avg=00:00.34 ETA=00:03.03 | GPU MB alloc/reserved=69.9/854.0
2026-04-07 13:06:56 | INFO | [Round 7] epoch=72/80 loss=0.8976 acc=66.25 val_acc=nan data_t=0.0041s batch_t=0.0278s epoch_t=00:00.32 lr=0.000034 | GPU MB alloc/reserved=69.9/854.0
2026-04-07 13:06:56 | INFO | [Round 7] Epoch 72/80 time=00:00.32 avg=00:00.34 ETA=00:02.69 | GPU MB alloc/reserved=69.9/854.0
2026-04-07 13:06:56 | INFO | [Round 7] epoch=73/80 loss=0.8935 acc=66.08 val_acc=nan data_t=0.0045s batch_t=0.0275s epoch_t=00:00.32 lr=0.000029 | GPU MB alloc/reserved=69.9/854.0
2026-04-07 13:06:56 | INFO | [Round 7] Epoch 73/80 time=00:00.32 avg=00:00.34 ETA=00:02.36 | GPU MB alloc/reserved=69.9/854.0
2026-04-07 13:06:57 | INFO | [Round 7] epoch=74/80 loss=0.8766 acc=67.75 val_acc=nan data_t=0.0044s batch_t=0.0278s epoch_t=00:00.32 lr=0.000024 | GPU MB alloc/reserved=69.9/854.0
2026-04-07 13:06:57 | INFO | [Round 7] Epoch 74/80 time=00:00.32 avg=00:00.34 ETA=00:02.02 | GPU MB alloc/reserved=69.9/854.0
2026-04-07 13:06:57 | INFO | [Round 7] epoch=75/80 loss=0.8870 acc=66.75 val_acc=nan data_t=0.0043s batch_t=0.0279s epoch_t=00:00.32 lr=0.000020 | GPU MB alloc/reserved=69.9/854.0
2026-04-07 13:06:57 | INFO | [Round 7] Epoch 75/80 time=00:00.32 avg=00:00.34 ETA=00:01.68 | GPU MB alloc/reserved=69.9/854.0
2026-04-07 13:06:57 | INFO | [Round 7] epoch=76/80 loss=0.8706 acc=68.50 val_acc=nan data_t=0.0044s batch_t=0.0281s epoch_t=00:00.33 lr=0.000016 | GPU MB alloc/reserved=69.9/854.0
2026-04-07 13:06:57 | INFO | [Round 7] Epoch 76/80 time=00:00.33 avg=00:00.34 ETA=00:01.34 | GPU MB alloc/reserved=69.9/854.0
2026-04-07 13:06:58 | INFO | [Round 7] epoch=77/80 loss=0.8990 acc=65.92 val_acc=nan data_t=0.0030s batch_t=0.0276s epoch_t=00:00.31 lr=0.000013 | GPU MB alloc/reserved=69.9/854.0
2026-04-07 13:06:58 | INFO | [Round 7] Epoch 77/80 time=00:00.31 avg=00:00.34 ETA=00:01.01 | GPU MB alloc/reserved=69.9/854.0
2026-04-07 13:06:58 | INFO | [Round 7] epoch=78/80 loss=0.8774 acc=67.92 val_acc=nan data_t=0.0043s batch_t=0.0276s epoch_t=00:00.32 lr=0.000012 | GPU MB alloc/reserved=69.9/854.0
2026-04-07 13:06:58 | INFO | [Round 7] Epoch 78/80 time=00:00.32 avg=00:00.34 ETA=00:00.67 | GPU MB alloc/reserved=69.9/854.0
2026-04-07 13:06:58 | INFO | [Round 7] epoch=79/80 loss=0.8604 acc=68.25 val_acc=nan data_t=0.0032s batch_t=0.0287s epoch_t=00:00.32 lr=0.000010 | GPU MB alloc/reserved=69.9/854.0
2026-04-07 13:06:58 | INFO | [Round 7] Epoch 79/80 time=00:00.32 avg=00:00.34 ETA=00:00.34 | GPU MB alloc/reserved=69.9/854.0
2026-04-07 13:06:59 | INFO | [Round 7] epoch=80/80 loss=0.8907 acc=68.42 val_acc=nan data_t=0.0042s batch_t=0.0274s epoch_t=00:00.32 lr=0.000010 | GPU MB alloc/reserved=69.9/854.0
2026-04-07 13:06:59 | INFO | [Round 7] Epoch 80/80 time=00:00.32 avg=00:00.34 ETA=00:00.00 | GPU MB alloc/reserved=69.9/854.0
2026-04-07 13:06:59 | INFO | [Round 7] training complete in 00:26.91 (best monitor=68.500) | GPU MB alloc/reserved=69.9/854.0
2026-04-07 13:06:59 | INFO | [Round 7] evaluation started | GPU MB alloc/reserved=52.0/854.0
2026-04-07 13:07:01 | INFO | [Round 7] clean=51.42 fgsm=42.41 pgd=42.21 grad_disp_mean=nan grad_disp_sel=nan round_t=31.19s | GPU MB alloc/reserved=52.0/854.0
2026-04-07 13:07:01 | INFO | [Round 8/21] elapsed=00:31.19 avg_round=00:24.54 projected_remaining=05:19.07 | GPU MB alloc/reserved=52.0/854.0
2026-04-07 13:07:02 | INFO | [Round 8] acquisition on pool_size=48800 scored_pool=5000 budget=100 | GPU MB alloc/reserved=34.1/854.0
2026-04-07 13:07:02 | INFO | [CoreSet-unlabeled-feat] scoring progress 10/20 elapsed=00:00.23 avg/batch=0.023s ETA=00:00.23 | GPU MB alloc/reserved=40.6/854.0
2026-04-07 13:07:02 | INFO | [CoreSet-unlabeled-feat] scoring progress 20/20 elapsed=00:00.25 avg/batch=0.013s ETA=00:00.00 | GPU MB alloc/reserved=40.6/854.0
2026-04-07 13:07:02 | INFO | [CoreSet-labeled-feat] scoring progress 5/5 elapsed=00:00.20 avg/batch=0.039s ETA=00:00.00 | GPU MB alloc/reserved=43.2/854.0
2026-04-07 13:07:02 | INFO | [CoreSet] greedy 10/100 cover_radius=26.054125 | GPU: n/a
2026-04-07 13:07:02 | INFO | [CoreSet] greedy 20/100 cover_radius=25.172306 | GPU: n/a
2026-04-07 13:07:02 | INFO | [CoreSet] greedy 30/100 cover_radius=24.485079 | GPU: n/a
2026-04-07 13:07:02 | INFO | [CoreSet] greedy 40/100 cover_radius=24.033764 | GPU: n/a
2026-04-07 13:07:02 | INFO | [CoreSet] greedy 50/100 cover_radius=23.653963 | GPU: n/a
2026-04-07 13:07:02 | INFO | [CoreSet] greedy 60/100 cover_radius=23.379459 | GPU: n/a
2026-04-07 13:07:02 | INFO | [CoreSet] greedy 70/100 cover_radius=23.180986 | GPU: n/a
2026-04-07 13:07:02 | INFO | [CoreSet] greedy 80/100 cover_radius=22.993721 | GPU: n/a
2026-04-07 13:07:02 | INFO | [CoreSet] greedy 90/100 cover_radius=22.808550 | GPU: n/a
2026-04-07 13:07:02 | INFO | [CoreSet] greedy 100/100 cover_radius=22.714365 | GPU: n/a
2026-04-07 13:07:03 | INFO | [Round 8] labeled=1300 train=1300 val_fixed=0 | GPU MB alloc/reserved=43.1/854.0
2026-04-07 13:07:03 | INFO | [Round 8] epoch=1/80 loss=4.8031 acc=17.31 val_acc=nan data_t=0.0160s batch_t=0.0368s epoch_t=00:00.58 lr=0.001000 | GPU MB alloc/reserved=69.9/854.0
2026-04-07 13:07:03 | INFO | [Round 8] Epoch 1/80 time=00:00.58 avg=00:00.58 ETA=00:45.90 | GPU MB alloc/reserved=69.9/854.0
2026-04-07 13:07:04 | INFO | [Round 8] epoch=2/80 loss=2.2594 acc=20.00 val_acc=nan data_t=0.0032s batch_t=0.0339s epoch_t=00:00.41 lr=0.000998 | GPU MB alloc/reserved=69.9/854.0
2026-04-07 13:07:04 | INFO | [Round 8] Epoch 2/80 time=00:00.41 avg=00:00.49 ETA=00:38.60 | GPU MB alloc/reserved=69.9/854.0
2026-04-07 13:07:04 | INFO | [Round 8] epoch=3/80 loss=2.1016 acc=22.46 val_acc=nan data_t=0.0038s batch_t=0.0339s epoch_t=00:00.41 lr=0.000997 | GPU MB alloc/reserved=69.9/854.0
2026-04-07 13:07:04 | INFO | [Round 8] Epoch 3/80 time=00:00.41 avg=00:00.47 ETA=00:36.05 | GPU MB alloc/reserved=69.9/854.0
2026-04-07 13:07:04 | INFO | [Round 8] epoch=4/80 loss=2.0330 acc=26.62 val_acc=nan data_t=0.0038s batch_t=0.0281s epoch_t=00:00.35 lr=0.000994 | GPU MB alloc/reserved=69.9/854.0
2026-04-07 13:07:04 | INFO | [Round 8] Epoch 4/80 time=00:00.35 avg=00:00.44 ETA=00:33.36 | GPU MB alloc/reserved=69.9/854.0
2026-04-07 13:07:05 | INFO | [Round 8] epoch=5/80 loss=1.9689 acc=27.46 val_acc=nan data_t=0.0042s batch_t=0.0154s epoch_t=00:00.22 lr=0.000990 | GPU MB alloc/reserved=69.9/854.0
2026-04-07 13:07:05 | INFO | [Round 8] Epoch 5/80 time=00:00.22 avg=00:00.39 ETA=00:29.58 | GPU MB alloc/reserved=69.9/854.0
2026-04-07 13:07:05 | INFO | [Round 8] epoch=6/80 loss=1.9276 acc=29.46 val_acc=nan data_t=0.0030s batch_t=0.0339s epoch_t=00:00.41 lr=0.000986 | GPU MB alloc/reserved=69.9/854.0
2026-04-07 13:07:05 | INFO | [Round 8] Epoch 6/80 time=00:00.41 avg=00:00.40 ETA=00:29.33 | GPU MB alloc/reserved=69.9/854.0
2026-04-07 13:07:05 | INFO | [Round 8] epoch=7/80 loss=1.8605 acc=33.46 val_acc=nan data_t=0.0024s batch_t=0.0340s epoch_t=00:00.40 lr=0.000981 | GPU MB alloc/reserved=69.9/854.0
2026-04-07 13:07:05 | INFO | [Round 8] Epoch 7/80 time=00:00.40 avg=00:00.40 ETA=00:28.98 | GPU MB alloc/reserved=69.9/854.0
2026-04-07 13:07:06 | INFO | [Round 8] epoch=8/80 loss=1.8271 acc=33.85 val_acc=nan data_t=0.0041s batch_t=0.0341s epoch_t=00:00.42 lr=0.000976 | GPU MB alloc/reserved=69.9/854.0
2026-04-07 13:07:06 | INFO | [Round 8] Epoch 8/80 time=00:00.42 avg=00:00.40 ETA=00:28.80 | GPU MB alloc/reserved=69.9/854.0
2026-04-07 13:07:06 | INFO | [Round 8] epoch=9/80 loss=1.8003 acc=35.00 val_acc=nan data_t=0.0042s batch_t=0.0341s epoch_t=00:00.42 lr=0.000969 | GPU MB alloc/reserved=69.9/854.0
2026-04-07 13:07:06 | INFO | [Round 8] Epoch 9/80 time=00:00.42 avg=00:00.40 ETA=00:28.57 | GPU MB alloc/reserved=69.9/854.0
2026-04-07 13:07:07 | INFO | [Round 8] epoch=10/80 loss=1.7859 acc=35.85 val_acc=nan data_t=0.0038s batch_t=0.0343s epoch_t=00:00.42 lr=0.000962 | GPU MB alloc/reserved=69.9/854.0
2026-04-07 13:07:07 | INFO | [Round 8] Epoch 10/80 time=00:00.42 avg=00:00.40 ETA=00:28.28 | GPU MB alloc/reserved=69.9/854.0
2026-04-07 13:07:07 | INFO | [Round 8] epoch=11/80 loss=1.7376 acc=35.69 val_acc=nan data_t=0.0040s batch_t=0.0116s epoch_t=00:00.17 lr=0.000955 | GPU MB alloc/reserved=69.9/854.0
2026-04-07 13:07:07 | INFO | [Round 8] Epoch 11/80 time=00:00.17 avg=00:00.38 ETA=00:26.42 | GPU MB alloc/reserved=69.9/854.0
2026-04-07 13:07:07 | INFO | [Round 8] epoch=12/80 loss=1.7449 acc=35.23 val_acc=nan data_t=0.0025s batch_t=0.0338s epoch_t=00:00.40 lr=0.000946 | GPU MB alloc/reserved=69.9/854.0
2026-04-07 13:07:07 | INFO | [Round 8] Epoch 12/80 time=00:00.40 avg=00:00.38 ETA=00:26.14 | GPU MB alloc/reserved=69.9/854.0
2026-04-07 13:07:08 | INFO | [Round 8] epoch=13/80 loss=1.6862 acc=38.54 val_acc=nan data_t=0.0030s batch_t=0.0338s epoch_t=00:00.40 lr=0.000937 | GPU MB alloc/reserved=69.9/854.0
2026-04-07 13:07:08 | INFO | [Round 8] Epoch 13/80 time=00:00.40 avg=00:00.39 ETA=00:25.86 | GPU MB alloc/reserved=69.9/854.0
2026-04-07 13:07:08 | INFO | [Round 8] epoch=14/80 loss=1.7093 acc=35.62 val_acc=nan data_t=0.0030s batch_t=0.0339s epoch_t=00:00.41 lr=0.000927 | GPU MB alloc/reserved=69.9/854.0
2026-04-07 13:07:08 | INFO | [Round 8] Epoch 14/80 time=00:00.41 avg=00:00.39 ETA=00:25.57 | GPU MB alloc/reserved=69.9/854.0
2026-04-07 13:07:09 | INFO | [Round 8] epoch=15/80 loss=1.6708 acc=35.46 val_acc=nan data_t=0.0025s batch_t=0.0341s epoch_t=00:00.40 lr=0.000917 | GPU MB alloc/reserved=69.9/854.0
2026-04-07 13:07:09 | INFO | [Round 8] Epoch 15/80 time=00:00.40 avg=00:00.39 ETA=00:25.24 | GPU MB alloc/reserved=69.9/854.0
2026-04-07 13:07:09 | INFO | [Round 8] epoch=16/80 loss=1.6275 acc=38.46 val_acc=nan data_t=0.0037s batch_t=0.0339s epoch_t=00:00.41 lr=0.000905 | GPU MB alloc/reserved=69.9/854.0
2026-04-07 13:07:09 | INFO | [Round 8] Epoch 16/80 time=00:00.41 avg=00:00.39 ETA=00:24.96 | GPU MB alloc/reserved=69.9/854.0
2026-04-07 13:07:09 | INFO | [Round 8] epoch=17/80 loss=1.6027 acc=40.85 val_acc=nan data_t=0.0037s batch_t=0.0202s epoch_t=00:00.26 lr=0.000894 | GPU MB alloc/reserved=69.9/854.0
2026-04-07 13:07:09 | INFO | [Round 8] Epoch 17/80 time=00:00.26 avg=00:00.38 ETA=00:24.10 | GPU MB alloc/reserved=69.9/854.0
2026-04-07 13:07:09 | INFO | [Round 8] epoch=18/80 loss=1.5927 acc=41.62 val_acc=nan data_t=0.0037s batch_t=0.0169s epoch_t=00:00.23 lr=0.000881 | GPU MB alloc/reserved=69.9/854.0
2026-04-07 13:07:09 | INFO | [Round 8] Epoch 18/80 time=00:00.23 avg=00:00.37 ETA=00:23.18 | GPU MB alloc/reserved=69.9/854.0
2026-04-07 13:07:10 | INFO | [Round 8] epoch=19/80 loss=1.5657 acc=39.92 val_acc=nan data_t=0.0036s batch_t=0.0339s epoch_t=00:00.41 lr=0.000868 | GPU MB alloc/reserved=69.9/854.0
2026-04-07 13:07:10 | INFO | [Round 8] Epoch 19/80 time=00:00.41 avg=00:00.38 ETA=00:22.93 | GPU MB alloc/reserved=69.9/854.0
2026-04-07 13:07:10 | INFO | [Round 8] epoch=20/80 loss=1.5674 acc=41.15 val_acc=nan data_t=0.0034s batch_t=0.0342s epoch_t=00:00.41 lr=0.000855 | GPU MB alloc/reserved=69.9/854.0
2026-04-07 13:07:10 | INFO | [Round 8] Epoch 20/80 time=00:00.41 avg=00:00.38 ETA=00:22.67 | GPU MB alloc/reserved=69.9/854.0
2026-04-07 13:07:11 | INFO | [Round 8] epoch=21/80 loss=1.5521 acc=41.15 val_acc=nan data_t=0.0043s batch_t=0.0341s epoch_t=00:00.42 lr=0.000841 | GPU MB alloc/reserved=69.9/854.0
2026-04-07 13:07:11 | INFO | [Round 8] Epoch 21/80 time=00:00.42 avg=00:00.38 ETA=00:22.41 | GPU MB alloc/reserved=69.9/854.0
2026-04-07 13:07:11 | INFO | [Round 8] epoch=22/80 loss=1.5249 acc=42.85 val_acc=nan data_t=0.0039s batch_t=0.0340s epoch_t=00:00.42 lr=0.000826 | GPU MB alloc/reserved=69.9/854.0
2026-04-07 13:07:11 | INFO | [Round 8] Epoch 22/80 time=00:00.42 avg=00:00.38 ETA=00:22.13 | GPU MB alloc/reserved=69.9/854.0
2026-04-07 13:07:12 | INFO | [Round 8] epoch=23/80 loss=1.4783 acc=42.23 val_acc=nan data_t=0.0038s batch_t=0.0335s epoch_t=00:00.41 lr=0.000811 | GPU MB alloc/reserved=69.9/854.0
2026-04-07 13:07:12 | INFO | [Round 8] Epoch 23/80 time=00:00.41 avg=00:00.38 ETA=00:21.82 | GPU MB alloc/reserved=69.9/854.0
2026-04-07 13:07:12 | INFO | [Round 8] epoch=24/80 loss=1.4999 acc=44.31 val_acc=nan data_t=0.0039s batch_t=0.0094s epoch_t=00:00.15 lr=0.000796 | GPU MB alloc/reserved=69.9/854.0
2026-04-07 13:07:12 | INFO | [Round 8] Epoch 24/80 time=00:00.15 avg=00:00.37 ETA=00:20.89 | GPU MB alloc/reserved=69.9/854.0
2026-04-07 13:07:12 | INFO | [Round 8] epoch=25/80 loss=1.4813 acc=45.15 val_acc=nan data_t=0.0024s batch_t=0.0341s epoch_t=00:00.40 lr=0.000780 | GPU MB alloc/reserved=69.9/854.0
2026-04-07 13:07:12 | INFO | [Round 8] Epoch 25/80 time=00:00.40 avg=00:00.37 ETA=00:20.58 | GPU MB alloc/reserved=69.9/854.0
2026-04-07 13:07:13 | INFO | [Round 8] epoch=26/80 loss=1.4538 acc=45.69 val_acc=nan data_t=0.0036s batch_t=0.0341s epoch_t=00:00.42 lr=0.000764 | GPU MB alloc/reserved=69.9/854.0
2026-04-07 13:07:13 | INFO | [Round 8] Epoch 26/80 time=00:00.42 avg=00:00.38 ETA=00:20.29 | GPU MB alloc/reserved=69.9/854.0
2026-04-07 13:07:13 | INFO | [Round 8] epoch=27/80 loss=1.4334 acc=46.08 val_acc=nan data_t=0.0040s batch_t=0.0341s epoch_t=00:00.42 lr=0.000747 | GPU MB alloc/reserved=69.9/854.0
2026-04-07 13:07:13 | INFO | [Round 8] Epoch 27/80 time=00:00.42 avg=00:00.38 ETA=00:20.00 | GPU MB alloc/reserved=69.9/854.0
2026-04-07 13:07:13 | INFO | [Round 8] epoch=28/80 loss=1.4247 acc=45.38 val_acc=nan data_t=0.0033s batch_t=0.0340s epoch_t=00:00.41 lr=0.000730 | GPU MB alloc/reserved=69.9/854.0
2026-04-07 13:07:13 | INFO | [Round 8] Epoch 28/80 time=00:00.41 avg=00:00.38 ETA=00:19.68 | GPU MB alloc/reserved=69.9/854.0
2026-04-07 13:07:14 | INFO | [Round 8] epoch=29/80 loss=1.3957 acc=47.00 val_acc=nan data_t=0.0037s batch_t=0.0341s epoch_t=00:00.42 lr=0.000712 | GPU MB alloc/reserved=69.9/854.0
2026-04-07 13:07:14 | INFO | [Round 8] Epoch 29/80 time=00:00.42 avg=00:00.38 ETA=00:19.37 | GPU MB alloc/reserved=69.9/854.0
2026-04-07 13:07:14 | INFO | [Round 8] epoch=30/80 loss=1.3880 acc=46.08 val_acc=nan data_t=0.0040s batch_t=0.0161s epoch_t=00:00.22 lr=0.000694 | GPU MB alloc/reserved=69.9/854.0
2026-04-07 13:07:14 | INFO | [Round 8] Epoch 30/80 time=00:00.22 avg=00:00.37 ETA=00:18.73 | GPU MB alloc/reserved=69.9/854.0
2026-04-07 13:07:14 | INFO | [Round 8] epoch=31/80 loss=1.4043 acc=45.31 val_acc=nan data_t=0.0027s batch_t=0.0233s epoch_t=00:00.29 lr=0.000676 | GPU MB alloc/reserved=69.9/854.0
2026-04-07 13:07:14 | INFO | [Round 8] Epoch 31/80 time=00:00.29 avg=00:00.37 ETA=00:18.21 | GPU MB alloc/reserved=69.9/854.0
2026-04-07 13:07:15 | INFO | [Round 8] epoch=32/80 loss=1.3739 acc=47.77 val_acc=nan data_t=0.0025s batch_t=0.0339s epoch_t=00:00.40 lr=0.000658 | GPU MB alloc/reserved=69.9/854.0
2026-04-07 13:07:15 | INFO | [Round 8] Epoch 32/80 time=00:00.40 avg=00:00.37 ETA=00:17.88 | GPU MB alloc/reserved=69.9/854.0
2026-04-07 13:07:15 | INFO | [Round 8] epoch=33/80 loss=1.3914 acc=47.77 val_acc=nan data_t=0.0044s batch_t=0.0339s epoch_t=00:00.42 lr=0.000639 | GPU MB alloc/reserved=69.9/854.0
2026-04-07 13:07:15 | INFO | [Round 8] Epoch 33/80 time=00:00.42 avg=00:00.37 ETA=00:17.58 | GPU MB alloc/reserved=69.9/854.0
2026-04-07 13:07:16 | INFO | [Round 8] epoch=34/80 loss=1.3611 acc=46.85 val_acc=nan data_t=0.0055s batch_t=0.0338s epoch_t=00:00.43 lr=0.000621 | GPU MB alloc/reserved=69.9/854.0
2026-04-07 13:07:16 | INFO | [Round 8] Epoch 34/80 time=00:00.43 avg=00:00.38 ETA=00:17.29 | GPU MB alloc/reserved=69.9/854.0
2026-04-07 13:07:16 | INFO | [Round 8] epoch=35/80 loss=1.3359 acc=49.15 val_acc=nan data_t=0.0043s batch_t=0.0338s epoch_t=00:00.42 lr=0.000602 | GPU MB alloc/reserved=69.9/854.0
2026-04-07 13:07:16 | INFO | [Round 8] Epoch 35/80 time=00:00.42 avg=00:00.38 ETA=00:16.97 | GPU MB alloc/reserved=69.9/854.0
2026-04-07 13:07:16 | INFO | [Round 8] epoch=36/80 loss=1.3144 acc=51.15 val_acc=nan data_t=0.0041s batch_t=0.0274s epoch_t=00:00.35 lr=0.000582 | GPU MB alloc/reserved=69.9/854.0
2026-04-07 13:07:16 | INFO | [Round 8] Epoch 36/80 time=00:00.35 avg=00:00.38 ETA=00:16.55 | GPU MB alloc/reserved=69.9/854.0
2026-04-07 13:07:16 | INFO | [Round 8] epoch=37/80 loss=1.2801 acc=50.85 val_acc=nan data_t=0.0029s batch_t=0.0093s epoch_t=00:00.13 lr=0.000563 | GPU MB alloc/reserved=69.9/854.0
2026-04-07 13:07:16 | INFO | [Round 8] Epoch 37/80 time=00:00.13 avg=00:00.37 ETA=00:15.90 | GPU MB alloc/reserved=69.9/854.0
2026-04-07 13:07:17 | INFO | [Round 8] epoch=38/80 loss=1.3479 acc=47.54 val_acc=nan data_t=0.0024s batch_t=0.0339s epoch_t=00:00.40 lr=0.000544 | GPU MB alloc/reserved=69.9/854.0
2026-04-07 13:07:17 | INFO | [Round 8] Epoch 38/80 time=00:00.40 avg=00:00.37 ETA=00:15.56 | GPU MB alloc/reserved=69.9/854.0
2026-04-07 13:07:17 | INFO | [Round 8] epoch=39/80 loss=1.2920 acc=50.85 val_acc=nan data_t=0.0037s batch_t=0.0339s epoch_t=00:00.41 lr=0.000524 | GPU MB alloc/reserved=69.9/854.0
2026-04-07 13:07:17 | INFO | [Round 8] Epoch 39/80 time=00:00.41 avg=00:00.37 ETA=00:15.23 | GPU MB alloc/reserved=69.9/854.0
2026-04-07 13:07:18 | INFO | [Round 8] epoch=40/80 loss=1.2480 acc=52.08 val_acc=nan data_t=0.0041s batch_t=0.0339s epoch_t=00:00.42 lr=0.000505 | GPU MB alloc/reserved=69.9/854.0
2026-04-07 13:07:18 | INFO | [Round 8] Epoch 40/80 time=00:00.42 avg=00:00.37 ETA=00:14.91 | GPU MB alloc/reserved=69.9/854.0
2026-04-07 13:07:18 | INFO | [Round 8] epoch=41/80 loss=1.2378 acc=52.54 val_acc=nan data_t=0.0044s batch_t=0.0338s epoch_t=00:00.42 lr=0.000486 | GPU MB alloc/reserved=69.9/854.0
2026-04-07 13:07:18 | INFO | [Round 8] Epoch 41/80 time=00:00.42 avg=00:00.37 ETA=00:14.58 | GPU MB alloc/reserved=69.9/854.0
2026-04-07 13:07:19 | INFO | [Round 8] epoch=42/80 loss=1.2390 acc=54.54 val_acc=nan data_t=0.0043s batch_t=0.0340s epoch_t=00:00.42 lr=0.000466 | GPU MB alloc/reserved=69.9/854.0
2026-04-07 13:07:19 | INFO | [Round 8] Epoch 42/80 time=00:00.42 avg=00:00.37 ETA=00:14.25 | GPU MB alloc/reserved=69.9/854.0
2026-04-07 13:07:19 | INFO | [Round 8] epoch=43/80 loss=1.2194 acc=51.92 val_acc=nan data_t=0.0025s batch_t=0.0146s epoch_t=00:00.19 lr=0.000447 | GPU MB alloc/reserved=69.9/854.0
2026-04-07 13:07:19 | INFO | [Round 8] Epoch 43/80 time=00:00.19 avg=00:00.37 ETA=00:13.71 | GPU MB alloc/reserved=69.9/854.0
2026-04-07 13:07:19 | INFO | [Round 8] epoch=44/80 loss=1.2265 acc=53.23 val_acc=nan data_t=0.0028s batch_t=0.0156s epoch_t=00:00.20 lr=0.000428 | GPU MB alloc/reserved=69.9/854.0
2026-04-07 13:07:19 | INFO | [Round 8] Epoch 44/80 time=00:00.20 avg=00:00.37 ETA=00:13.21 | GPU MB alloc/reserved=69.9/854.0
2026-04-07 13:07:19 | INFO | [Round 8] epoch=45/80 loss=1.2069 acc=54.08 val_acc=nan data_t=0.0036s batch_t=0.0338s epoch_t=00:00.41 lr=0.000408 | GPU MB alloc/reserved=69.9/854.0
2026-04-07 13:07:19 | INFO | [Round 8] Epoch 45/80 time=00:00.41 avg=00:00.37 ETA=00:12.87 | GPU MB alloc/reserved=69.9/854.0
2026-04-07 13:07:20 | INFO | [Round 8] epoch=46/80 loss=1.1788 acc=55.31 val_acc=nan data_t=0.0038s batch_t=0.0339s epoch_t=00:00.42 lr=0.000389 | GPU MB alloc/reserved=69.9/854.0
2026-04-07 13:07:20 | INFO | [Round 8] Epoch 46/80 time=00:00.42 avg=00:00.37 ETA=00:12.54 | GPU MB alloc/reserved=69.9/854.0
2026-04-07 13:07:20 | INFO | [Round 8] epoch=47/80 loss=1.1940 acc=54.38 val_acc=nan data_t=0.0038s batch_t=0.0339s epoch_t=00:00.41 lr=0.000371 | GPU MB alloc/reserved=69.9/854.0
2026-04-07 13:07:20 | INFO | [Round 8] Epoch 47/80 time=00:00.41 avg=00:00.37 ETA=00:12.20 | GPU MB alloc/reserved=69.9/854.0
2026-04-07 13:07:21 | INFO | [Round 8] epoch=48/80 loss=1.1787 acc=55.85 val_acc=nan data_t=0.0025s batch_t=0.0340s epoch_t=00:00.40 lr=0.000352 | GPU MB alloc/reserved=69.9/854.0
2026-04-07 13:07:21 | INFO | [Round 8] Epoch 48/80 time=00:00.40 avg=00:00.37 ETA=00:11.86 | GPU MB alloc/reserved=69.9/854.0
2026-04-07 13:07:21 | INFO | [Round 8] epoch=49/80 loss=1.1610 acc=56.15 val_acc=nan data_t=0.0037s batch_t=0.0340s epoch_t=00:00.41 lr=0.000334 | GPU MB alloc/reserved=69.9/854.0
2026-04-07 13:07:21 | INFO | [Round 8] Epoch 49/80 time=00:00.41 avg=00:00.37 ETA=00:11.51 | GPU MB alloc/reserved=69.9/854.0
2026-04-07 13:07:21 | INFO | [Round 8] epoch=50/80 loss=1.1596 acc=55.54 val_acc=nan data_t=0.0036s batch_t=0.0087s epoch_t=00:00.14 lr=0.000316 | GPU MB alloc/reserved=69.9/854.0
2026-04-07 13:07:21 | INFO | [Round 8] Epoch 50/80 time=00:00.14 avg=00:00.37 ETA=00:11.00 | GPU MB alloc/reserved=69.9/854.0
2026-04-07 13:07:22 | INFO | [Round 8] epoch=51/80 loss=1.1186 acc=56.54 val_acc=nan data_t=0.0046s batch_t=0.0316s epoch_t=00:00.40 lr=0.000298 | GPU MB alloc/reserved=69.9/854.0
2026-04-07 13:07:22 | INFO | [Round 8] Epoch 51/80 time=00:00.40 avg=00:00.37 ETA=00:10.65 | GPU MB alloc/reserved=69.9/854.0
2026-04-07 13:07:22 | INFO | [Round 8] epoch=52/80 loss=1.1000 acc=57.69 val_acc=nan data_t=0.0024s batch_t=0.0339s epoch_t=00:00.40 lr=0.000280 | GPU MB alloc/reserved=69.9/854.0
2026-04-07 13:07:22 | INFO | [Round 8] Epoch 52/80 time=00:00.40 avg=00:00.37 ETA=00:10.30 | GPU MB alloc/reserved=69.9/854.0
2026-04-07 13:07:22 | INFO | [Round 8] epoch=53/80 loss=1.1179 acc=58.00 val_acc=nan data_t=0.0025s batch_t=0.0338s epoch_t=00:00.40 lr=0.000263 | GPU MB alloc/reserved=69.9/854.0
2026-04-07 13:07:22 | INFO | [Round 8] Epoch 53/80 time=00:00.40 avg=00:00.37 ETA=00:09.95 | GPU MB alloc/reserved=69.9/854.0
2026-04-07 13:07:23 | INFO | [Round 8] epoch=54/80 loss=1.0904 acc=58.46 val_acc=nan data_t=0.0042s batch_t=0.0338s epoch_t=00:00.42 lr=0.000246 | GPU MB alloc/reserved=69.9/854.0
2026-04-07 13:07:23 | INFO | [Round 8] Epoch 54/80 time=00:00.42 avg=00:00.37 ETA=00:09.61 | GPU MB alloc/reserved=69.9/854.0
2026-04-07 13:07:23 | INFO | [Round 8] epoch=55/80 loss=1.1013 acc=58.23 val_acc=nan data_t=0.0041s batch_t=0.0338s epoch_t=00:00.42 lr=0.000230 | GPU MB alloc/reserved=69.9/854.0
2026-04-07 13:07:23 | INFO | [Round 8] Epoch 55/80 time=00:00.42 avg=00:00.37 ETA=00:09.26 | GPU MB alloc/reserved=69.9/854.0
2026-04-07 13:07:23 | INFO | [Round 8] epoch=56/80 loss=1.0950 acc=57.38 val_acc=nan data_t=0.0027s batch_t=0.0220s epoch_t=00:00.27 lr=0.000214 | GPU MB alloc/reserved=69.9/854.0
2026-04-07 13:07:23 | INFO | [Round 8] Epoch 56/80 time=00:00.27 avg=00:00.37 ETA=00:08.84 | GPU MB alloc/reserved=69.9/854.0
2026-04-07 13:07:24 | INFO | [Round 8] epoch=57/80 loss=1.0850 acc=57.77 val_acc=nan data_t=0.0048s batch_t=0.0140s epoch_t=00:00.21 lr=0.000199 | GPU MB alloc/reserved=69.9/854.0
2026-04-07 13:07:24 | INFO | [Round 8] Epoch 57/80 time=00:00.21 avg=00:00.37 ETA=00:08.41 | GPU MB alloc/reserved=69.9/854.0
2026-04-07 13:07:24 | INFO | [Round 8] epoch=58/80 loss=1.0906 acc=59.00 val_acc=nan data_t=0.0038s batch_t=0.0339s epoch_t=00:00.41 lr=0.000184 | GPU MB alloc/reserved=69.9/854.0
2026-04-07 13:07:24 | INFO | [Round 8] Epoch 58/80 time=00:00.41 avg=00:00.37 ETA=00:08.06 | GPU MB alloc/reserved=69.9/854.0
2026-04-07 13:07:24 | INFO | [Round 8] epoch=59/80 loss=1.0793 acc=57.46 val_acc=nan data_t=0.0036s batch_t=0.0339s epoch_t=00:00.41 lr=0.000169 | GPU MB alloc/reserved=69.9/854.0
2026-04-07 13:07:24 | INFO | [Round 8] Epoch 59/80 time=00:00.41 avg=00:00.37 ETA=00:07.71 | GPU MB alloc/reserved=69.9/854.0
2026-04-07 13:07:25 | INFO | [Round 8] epoch=60/80 loss=1.0343 acc=60.54 val_acc=nan data_t=0.0036s batch_t=0.0339s epoch_t=00:00.41 lr=0.000155 | GPU MB alloc/reserved=69.9/854.0
2026-04-07 13:07:25 | INFO | [Round 8] Epoch 60/80 time=00:00.41 avg=00:00.37 ETA=00:07.36 | GPU MB alloc/reserved=69.9/854.0
2026-04-07 13:07:25 | INFO | [Round 8] epoch=61/80 loss=1.0496 acc=58.92 val_acc=nan data_t=0.0036s batch_t=0.0339s epoch_t=00:00.41 lr=0.000142 | GPU MB alloc/reserved=69.9/854.0
2026-04-07 13:07:25 | INFO | [Round 8] Epoch 61/80 time=00:00.41 avg=00:00.37 ETA=00:07.01 | GPU MB alloc/reserved=69.9/854.0
2026-04-07 13:07:26 | INFO | [Round 8] epoch=62/80 loss=1.0286 acc=59.77 val_acc=nan data_t=0.0037s batch_t=0.0338s epoch_t=00:00.41 lr=0.000129 | GPU MB alloc/reserved=69.9/854.0
2026-04-07 13:07:26 | INFO | [Round 8] Epoch 62/80 time=00:00.41 avg=00:00.37 ETA=00:06.65 | GPU MB alloc/reserved=69.9/854.0
2026-04-07 13:07:26 | INFO | [Round 8] epoch=63/80 loss=1.0478 acc=58.77 val_acc=nan data_t=0.0040s batch_t=0.0091s epoch_t=00:00.14 lr=0.000116 | GPU MB alloc/reserved=69.9/854.0
2026-04-07 13:07:26 | INFO | [Round 8] Epoch 63/80 time=00:00.14 avg=00:00.37 ETA=00:06.22 | GPU MB alloc/reserved=69.9/854.0
2026-04-07 13:07:26 | INFO | [Round 8] epoch=64/80 loss=0.9960 acc=61.00 val_acc=nan data_t=0.0032s batch_t=0.0272s epoch_t=00:00.33 lr=0.000105 | GPU MB alloc/reserved=69.9/854.0
2026-04-07 13:07:26 | INFO | [Round 8] Epoch 64/80 time=00:00.33 avg=00:00.37 ETA=00:05.85 | GPU MB alloc/reserved=69.9/854.0
2026-04-07 13:07:27 | INFO | [Round 8] epoch=65/80 loss=1.0088 acc=60.46 val_acc=nan data_t=0.0031s batch_t=0.0339s epoch_t=00:00.41 lr=0.000093 | GPU MB alloc/reserved=69.9/854.0
2026-04-07 13:07:27 | INFO | [Round 8] Epoch 65/80 time=00:00.41 avg=00:00.37 ETA=00:05.49 | GPU MB alloc/reserved=69.9/854.0
2026-04-07 13:07:27 | INFO | [Round 8] epoch=66/80 loss=1.0073 acc=61.85 val_acc=nan data_t=0.0048s batch_t=0.0340s epoch_t=00:00.43 lr=0.000083 | GPU MB alloc/reserved=69.9/854.0
2026-04-07 13:07:27 | INFO | [Round 8] Epoch 66/80 time=00:00.43 avg=00:00.37 ETA=00:05.14 | GPU MB alloc/reserved=69.9/854.0
2026-04-07 13:07:27 | INFO | [Round 8] epoch=67/80 loss=0.9847 acc=61.77 val_acc=nan data_t=0.0027s batch_t=0.0339s epoch_t=00:00.40 lr=0.000073 | GPU MB alloc/reserved=69.9/854.0
2026-04-07 13:07:27 | INFO | [Round 8] Epoch 67/80 time=00:00.40 avg=00:00.37 ETA=00:04.78 | GPU MB alloc/reserved=69.9/854.0
2026-04-07 13:07:28 | INFO | [Round 8] epoch=68/80 loss=1.0079 acc=61.23 val_acc=nan data_t=0.0039s batch_t=0.0339s epoch_t=00:00.42 lr=0.000064 | GPU MB alloc/reserved=69.9/854.0
2026-04-07 13:07:28 | INFO | [Round 8] Epoch 68/80 time=00:00.42 avg=00:00.37 ETA=00:04.42 | GPU MB alloc/reserved=69.9/854.0
2026-04-07 13:07:28 | INFO | [Round 8] epoch=69/80 loss=0.9954 acc=61.77 val_acc=nan data_t=0.0037s batch_t=0.0260s epoch_t=00:00.33 lr=0.000055 | GPU MB alloc/reserved=69.9/854.0
2026-04-07 13:07:28 | INFO | [Round 8] Epoch 69/80 time=00:00.33 avg=00:00.37 ETA=00:04.04 | GPU MB alloc/reserved=69.9/854.0
2026-04-07 13:07:28 | INFO | [Round 8] epoch=70/80 loss=0.9808 acc=63.38 val_acc=nan data_t=0.0038s batch_t=0.0119s epoch_t=00:00.17 lr=0.000048 | GPU MB alloc/reserved=69.9/854.0
2026-04-07 13:07:28 | INFO | [Round 8] Epoch 70/80 time=00:00.17 avg=00:00.36 ETA=00:03.65 | GPU MB alloc/reserved=69.9/854.0
2026-04-07 13:07:29 | INFO | [Round 8] epoch=71/80 loss=0.9609 acc=62.62 val_acc=nan data_t=0.0036s batch_t=0.0339s epoch_t=00:00.41 lr=0.000041 | GPU MB alloc/reserved=69.9/854.0
2026-04-07 13:07:29 | INFO | [Round 8] Epoch 71/80 time=00:00.41 avg=00:00.37 ETA=00:03.29 | GPU MB alloc/reserved=69.9/854.0
2026-04-07 13:07:29 | INFO | [Round 8] epoch=72/80 loss=0.9877 acc=62.08 val_acc=nan data_t=0.0037s batch_t=0.0338s epoch_t=00:00.41 lr=0.000034 | GPU MB alloc/reserved=69.9/854.0
2026-04-07 13:07:29 | INFO | [Round 8] Epoch 72/80 time=00:00.41 avg=00:00.37 ETA=00:02.93 | GPU MB alloc/reserved=69.9/854.0
2026-04-07 13:07:30 | INFO | [Round 8] epoch=73/80 loss=0.9835 acc=62.46 val_acc=nan data_t=0.0037s batch_t=0.0339s epoch_t=00:00.41 lr=0.000029 | GPU MB alloc/reserved=69.9/854.0
2026-04-07 13:07:30 | INFO | [Round 8] Epoch 73/80 time=00:00.41 avg=00:00.37 ETA=00:02.57 | GPU MB alloc/reserved=69.9/854.0
2026-04-07 13:07:30 | INFO | [Round 8] epoch=74/80 loss=0.9978 acc=62.23 val_acc=nan data_t=0.0027s batch_t=0.0339s epoch_t=00:00.40 lr=0.000024 | GPU MB alloc/reserved=69.9/854.0
2026-04-07 13:07:30 | INFO | [Round 8] Epoch 74/80 time=00:00.40 avg=00:00.37 ETA=00:02.20 | GPU MB alloc/reserved=69.9/854.0
2026-04-07 13:07:30 | INFO | [Round 8] epoch=75/80 loss=0.9738 acc=64.85 val_acc=nan data_t=0.0038s batch_t=0.0339s epoch_t=00:00.41 lr=0.000020 | GPU MB alloc/reserved=69.9/854.0
2026-04-07 13:07:30 | INFO | [Round 8] Epoch 75/80 time=00:00.41 avg=00:00.37 ETA=00:01.84 | GPU MB alloc/reserved=69.9/854.0
2026-04-07 13:07:31 | INFO | [Round 8] epoch=76/80 loss=0.9692 acc=62.85 val_acc=nan data_t=0.0026s batch_t=0.0145s epoch_t=00:00.19 lr=0.000016 | GPU MB alloc/reserved=69.9/854.0
2026-04-07 13:07:31 | INFO | [Round 8] Epoch 76/80 time=00:00.19 avg=00:00.37 ETA=00:01.46 | GPU MB alloc/reserved=69.9/854.0
2026-04-07 13:07:31 | INFO | [Round 8] epoch=77/80 loss=1.0009 acc=62.15 val_acc=nan data_t=0.0033s batch_t=0.0202s epoch_t=00:00.26 lr=0.000013 | GPU MB alloc/reserved=69.9/854.0
2026-04-07 13:07:31 | INFO | [Round 8] Epoch 77/80 time=00:00.26 avg=00:00.36 ETA=00:01.09 | GPU MB alloc/reserved=69.9/854.0
2026-04-07 13:07:31 | INFO | [Round 8] epoch=78/80 loss=0.9972 acc=62.54 val_acc=nan data_t=0.0025s batch_t=0.0340s epoch_t=00:00.40 lr=0.000012 | GPU MB alloc/reserved=69.9/854.0
2026-04-07 13:07:31 | INFO | [Round 8] Epoch 78/80 time=00:00.40 avg=00:00.36 ETA=00:00.73 | GPU MB alloc/reserved=69.9/854.0
2026-04-07 13:07:32 | INFO | [Round 8] epoch=79/80 loss=0.9713 acc=63.31 val_acc=nan data_t=0.0037s batch_t=0.0339s epoch_t=00:00.41 lr=0.000010 | GPU MB alloc/reserved=69.9/854.0
2026-04-07 13:07:32 | INFO | [Round 8] Epoch 79/80 time=00:00.41 avg=00:00.37 ETA=00:00.37 | GPU MB alloc/reserved=69.9/854.0
2026-04-07 13:07:32 | INFO | [Round 8] epoch=80/80 loss=0.9781 acc=63.38 val_acc=nan data_t=0.0037s batch_t=0.0339s epoch_t=00:00.41 lr=0.000010 | GPU MB alloc/reserved=69.9/854.0
2026-04-07 13:07:32 | INFO | [Round 8] Epoch 80/80 time=00:00.41 avg=00:00.37 ETA=00:00.00 | GPU MB alloc/reserved=69.9/854.0
2026-04-07 13:07:32 | INFO | [Round 8] training complete in 00:29.38 (best monitor=64.846) | GPU MB alloc/reserved=69.9/854.0
2026-04-07 13:07:32 | INFO | [Round 8] evaluation started | GPU MB alloc/reserved=52.0/854.0
2026-04-07 13:07:35 | INFO | [Round 8] clean=51.47 fgsm=42.40 pgd=42.23 grad_disp_mean=nan grad_disp_sel=nan round_t=32.87s | GPU MB alloc/reserved=52.0/854.0
2026-04-07 13:07:35 | INFO | [Round 9/21] elapsed=00:32.87 avg_round=00:25.47 projected_remaining=05:05.63 | GPU MB alloc/reserved=52.0/854.0
2026-04-07 13:07:36 | INFO | [Round 9] acquisition on pool_size=48700 scored_pool=5000 budget=100 | GPU MB alloc/reserved=34.1/854.0
2026-04-07 13:07:36 | INFO | [CoreSet-unlabeled-feat] scoring progress 10/20 elapsed=00:00.21 avg/batch=0.021s ETA=00:00.21 | GPU MB alloc/reserved=40.6/854.0
2026-04-07 13:07:36 | INFO | [CoreSet-unlabeled-feat] scoring progress 20/20 elapsed=00:00.24 avg/batch=0.012s ETA=00:00.00 | GPU MB alloc/reserved=40.6/854.0
2026-04-07 13:07:36 | INFO | [CoreSet-labeled-feat] scoring progress 6/6 elapsed=00:00.19 avg/batch=0.032s ETA=00:00.00 | GPU MB alloc/reserved=40.5/854.0
2026-04-07 13:07:36 | INFO | [CoreSet] greedy 10/100 cover_radius=24.506895 | GPU: n/a
2026-04-07 13:07:36 | INFO | [CoreSet] greedy 20/100 cover_radius=23.528448 | GPU: n/a
2026-04-07 13:07:36 | INFO | [CoreSet] greedy 30/100 cover_radius=23.181381 | GPU: n/a
2026-04-07 13:07:36 | INFO | [CoreSet] greedy 40/100 cover_radius=22.642561 | GPU: n/a
2026-04-07 13:07:37 | INFO | [CoreSet] greedy 50/100 cover_radius=22.271101 | GPU: n/a
2026-04-07 13:07:37 | INFO | [CoreSet] greedy 60/100 cover_radius=22.055943 | GPU: n/a
2026-04-07 13:07:37 | INFO | [CoreSet] greedy 70/100 cover_radius=21.868481 | GPU: n/a
2026-04-07 13:07:37 | INFO | [CoreSet] greedy 80/100 cover_radius=21.643225 | GPU: n/a
2026-04-07 13:07:37 | INFO | [CoreSet] greedy 90/100 cover_radius=21.501726 | GPU: n/a
2026-04-07 13:07:37 | INFO | [CoreSet] greedy 100/100 cover_radius=21.378426 | GPU: n/a
2026-04-07 13:07:37 | INFO | [Round 9] labeled=1400 train=1400 val_fixed=0 | GPU MB alloc/reserved=43.1/854.0
2026-04-07 13:07:38 | INFO | [Round 9] epoch=1/80 loss=6.0799 acc=15.00 val_acc=nan data_t=0.0170s batch_t=0.0367s epoch_t=00:00.59 lr=0.001000 | GPU MB alloc/reserved=69.9/854.0
2026-04-07 13:07:38 | INFO | [Round 9] Epoch 1/80 time=00:00.59 avg=00:00.59 ETA=00:46.70 | GPU MB alloc/reserved=69.9/854.0
2026-04-07 13:07:38 | INFO | [Round 9] epoch=2/80 loss=2.3868 acc=15.21 val_acc=nan data_t=0.0026s batch_t=0.0343s epoch_t=00:00.41 lr=0.000998 | GPU MB alloc/reserved=69.9/854.0
2026-04-07 13:07:38 | INFO | [Round 9] Epoch 2/80 time=00:00.41 avg=00:00.50 ETA=00:38.90 | GPU MB alloc/reserved=69.9/854.0
2026-04-07 13:07:39 | INFO | [Round 9] epoch=3/80 loss=2.1397 acc=22.57 val_acc=nan data_t=0.0034s batch_t=0.0343s epoch_t=00:00.42 lr=0.000997 | GPU MB alloc/reserved=69.9/854.0
2026-04-07 13:07:39 | INFO | [Round 9] Epoch 3/80 time=00:00.42 avg=00:00.47 ETA=00:36.26 | GPU MB alloc/reserved=69.9/854.0
2026-04-07 13:07:39 | INFO | [Round 9] epoch=4/80 loss=2.0666 acc=25.14 val_acc=nan data_t=0.0038s batch_t=0.0342s epoch_t=00:00.42 lr=0.000994 | GPU MB alloc/reserved=69.9/854.0
2026-04-07 13:07:39 | INFO | [Round 9] Epoch 4/80 time=00:00.42 avg=00:00.46 ETA=00:34.79 | GPU MB alloc/reserved=69.9/854.0
2026-04-07 13:07:40 | INFO | [Round 9] epoch=5/80 loss=2.0115 acc=26.29 val_acc=nan data_t=0.0037s batch_t=0.0342s epoch_t=00:00.42 lr=0.000990 | GPU MB alloc/reserved=69.9/854.0
2026-04-07 13:07:40 | INFO | [Round 9] Epoch 5/80 time=00:00.42 avg=00:00.45 ETA=00:33.72 | GPU MB alloc/reserved=69.9/854.0
2026-04-07 13:07:40 | INFO | [Round 9] epoch=6/80 loss=1.9807 acc=27.14 val_acc=nan data_t=0.0098s batch_t=0.0134s epoch_t=00:00.25 lr=0.000986 | GPU MB alloc/reserved=69.9/854.0
2026-04-07 13:07:40 | INFO | [Round 9] Epoch 6/80 time=00:00.25 avg=00:00.42 ETA=00:30.87 | GPU MB alloc/reserved=69.9/854.0
2026-04-07 13:07:40 | INFO | [Round 9] epoch=7/80 loss=1.9422 acc=29.21 val_acc=nan data_t=0.0025s batch_t=0.0343s epoch_t=00:00.40 lr=0.000981 | GPU MB alloc/reserved=69.9/854.0
2026-04-07 13:07:40 | INFO | [Round 9] Epoch 7/80 time=00:00.40 avg=00:00.42 ETA=00:30.32 | GPU MB alloc/reserved=69.9/854.0
2026-04-07 13:07:41 | INFO | [Round 9] epoch=8/80 loss=1.9161 acc=30.07 val_acc=nan data_t=0.0040s batch_t=0.0343s epoch_t=00:00.42 lr=0.000976 | GPU MB alloc/reserved=69.9/854.0
2026-04-07 13:07:41 | INFO | [Round 9] Epoch 8/80 time=00:00.42 avg=00:00.42 ETA=00:29.96 | GPU MB alloc/reserved=69.9/854.0
2026-04-07 13:07:41 | INFO | [Round 9] epoch=9/80 loss=1.8922 acc=29.57 val_acc=nan data_t=0.0030s batch_t=0.0343s epoch_t=00:00.41 lr=0.000969 | GPU MB alloc/reserved=69.9/854.0
2026-04-07 13:07:41 | INFO | [Round 9] Epoch 9/80 time=00:00.41 avg=00:00.42 ETA=00:29.50 | GPU MB alloc/reserved=69.9/854.0
2026-04-07 13:07:42 | INFO | [Round 9] epoch=10/80 loss=1.8318 acc=33.00 val_acc=nan data_t=0.0038s batch_t=0.0343s epoch_t=00:00.42 lr=0.000962 | GPU MB alloc/reserved=69.9/854.0
2026-04-07 13:07:42 | INFO | [Round 9] Epoch 10/80 time=00:00.42 avg=00:00.42 ETA=00:29.11 | GPU MB alloc/reserved=69.9/854.0
2026-04-07 13:07:42 | INFO | [Round 9] epoch=11/80 loss=1.7972 acc=34.71 val_acc=nan data_t=0.0088s batch_t=0.0343s epoch_t=00:00.47 lr=0.000955 | GPU MB alloc/reserved=69.9/854.0
2026-04-07 13:07:42 | INFO | [Round 9] Epoch 11/80 time=00:00.47 avg=00:00.42 ETA=00:29.06 | GPU MB alloc/reserved=69.9/854.0
2026-04-07 13:07:42 | INFO | [Round 9] epoch=12/80 loss=1.7534 acc=36.07 val_acc=nan data_t=0.0033s batch_t=0.0215s epoch_t=00:00.41 lr=0.000946 | GPU MB alloc/reserved=69.9/854.0
2026-04-07 13:07:42 | INFO | [Round 9] Epoch 12/80 time=00:00.41 avg=00:00.42 ETA=00:28.57 | GPU MB alloc/reserved=69.9/854.0
2026-04-07 13:07:43 | INFO | [Round 9] epoch=13/80 loss=1.7270 acc=36.71 val_acc=nan data_t=0.0024s batch_t=0.0342s epoch_t=00:00.40 lr=0.000937 | GPU MB alloc/reserved=69.9/854.0
2026-04-07 13:07:43 | INFO | [Round 9] Epoch 13/80 time=00:00.40 avg=00:00.42 ETA=00:28.06 | GPU MB alloc/reserved=69.9/854.0
2026-04-07 13:07:43 | INFO | [Round 9] epoch=14/80 loss=1.7140 acc=36.21 val_acc=nan data_t=0.0027s batch_t=0.0346s epoch_t=00:00.41 lr=0.000927 | GPU MB alloc/reserved=69.9/854.0
2026-04-07 13:07:43 | INFO | [Round 9] Epoch 14/80 time=00:00.41 avg=00:00.42 ETA=00:27.60 | GPU MB alloc/reserved=69.9/854.0
2026-04-07 13:07:44 | INFO | [Round 9] epoch=15/80 loss=1.6616 acc=37.29 val_acc=nan data_t=0.0026s batch_t=0.0342s epoch_t=00:00.41 lr=0.000917 | GPU MB alloc/reserved=69.9/854.0
2026-04-07 13:07:44 | INFO | [Round 9] Epoch 15/80 time=00:00.41 avg=00:00.42 ETA=00:27.13 | GPU MB alloc/reserved=69.9/854.0
2026-04-07 13:07:44 | INFO | [Round 9] epoch=16/80 loss=1.6380 acc=39.29 val_acc=nan data_t=0.0025s batch_t=0.0342s epoch_t=00:00.40 lr=0.000905 | GPU MB alloc/reserved=69.9/854.0
2026-04-07 13:07:44 | INFO | [Round 9] Epoch 16/80 time=00:00.40 avg=00:00.42 ETA=00:26.66 | GPU MB alloc/reserved=69.9/854.0
2026-04-07 13:07:44 | INFO | [Round 9] epoch=17/80 loss=1.6323 acc=38.93 val_acc=nan data_t=0.0028s batch_t=0.0343s epoch_t=00:00.41 lr=0.000894 | GPU MB alloc/reserved=69.9/854.0
2026-04-07 13:07:44 | INFO | [Round 9] Epoch 17/80 time=00:00.41 avg=00:00.42 ETA=00:26.21 | GPU MB alloc/reserved=69.9/854.0
2026-04-07 13:07:45 | INFO | [Round 9] epoch=18/80 loss=1.5497 acc=41.00 val_acc=nan data_t=0.0027s batch_t=0.0099s epoch_t=00:00.14 lr=0.000881 | GPU MB alloc/reserved=69.9/854.0
2026-04-07 13:07:45 | INFO | [Round 9] Epoch 18/80 time=00:00.14 avg=00:00.40 ETA=00:24.84 | GPU MB alloc/reserved=69.9/854.0
2026-04-07 13:07:45 | INFO | [Round 9] epoch=19/80 loss=1.5847 acc=40.50 val_acc=nan data_t=0.0025s batch_t=0.0315s epoch_t=00:00.37 lr=0.000868 | GPU MB alloc/reserved=69.9/854.0
2026-04-07 13:07:45 | INFO | [Round 9] Epoch 19/80 time=00:00.37 avg=00:00.40 ETA=00:24.35 | GPU MB alloc/reserved=69.9/854.0
2026-04-07 13:07:45 | INFO | [Round 9] epoch=20/80 loss=1.5543 acc=42.21 val_acc=nan data_t=0.0027s batch_t=0.0343s epoch_t=00:00.41 lr=0.000855 | GPU MB alloc/reserved=69.9/854.0
2026-04-07 13:07:45 | INFO | [Round 9] Epoch 20/80 time=00:00.41 avg=00:00.40 ETA=00:23.98 | GPU MB alloc/reserved=69.9/854.0
2026-04-07 13:07:46 | INFO | [Round 9] epoch=21/80 loss=1.5371 acc=43.14 val_acc=nan data_t=0.0041s batch_t=0.0343s epoch_t=00:00.42 lr=0.000841 | GPU MB alloc/reserved=69.9/854.0
2026-04-07 13:07:46 | INFO | [Round 9] Epoch 21/80 time=00:00.42 avg=00:00.40 ETA=00:23.64 | GPU MB alloc/reserved=69.9/854.0
2026-04-07 13:07:46 | INFO | [Round 9] epoch=22/80 loss=1.5472 acc=43.50 val_acc=nan data_t=0.0039s batch_t=0.0344s epoch_t=00:00.42 lr=0.000826 | GPU MB alloc/reserved=69.9/854.0
2026-04-07 13:07:46 | INFO | [Round 9] Epoch 22/80 time=00:00.42 avg=00:00.40 ETA=00:23.30 | GPU MB alloc/reserved=69.9/854.0
2026-04-07 13:07:47 | INFO | [Round 9] epoch=23/80 loss=1.5245 acc=43.86 val_acc=nan data_t=0.0041s batch_t=0.0347s epoch_t=00:00.43 lr=0.000811 | GPU MB alloc/reserved=69.9/854.0
2026-04-07 13:07:47 | INFO | [Round 9] Epoch 23/80 time=00:00.43 avg=00:00.40 ETA=00:22.96 | GPU MB alloc/reserved=69.9/854.0
2026-04-07 13:07:47 | INFO | [Round 9] epoch=24/80 loss=1.5011 acc=43.50 val_acc=nan data_t=0.0039s batch_t=0.0212s epoch_t=00:00.28 lr=0.000796 | GPU MB alloc/reserved=69.9/854.0
2026-04-07 13:07:47 | INFO | [Round 9] Epoch 24/80 time=00:00.28 avg=00:00.40 ETA=00:22.26 | GPU MB alloc/reserved=69.9/854.0
2026-04-07 13:07:47 | INFO | [Round 9] epoch=25/80 loss=1.4771 acc=44.64 val_acc=nan data_t=0.0024s batch_t=0.0092s epoch_t=00:00.13 lr=0.000780 | GPU MB alloc/reserved=69.9/854.0
2026-04-07 13:07:47 | INFO | [Round 9] Epoch 25/80 time=00:00.13 avg=00:00.39 ETA=00:21.27 | GPU MB alloc/reserved=69.9/854.0
2026-04-07 13:07:47 | INFO | [Round 9] epoch=26/80 loss=1.4663 acc=46.14 val_acc=nan data_t=0.0023s batch_t=0.0342s epoch_t=00:00.40 lr=0.000764 | GPU MB alloc/reserved=69.9/854.0
2026-04-07 13:07:47 | INFO | [Round 9] Epoch 26/80 time=00:00.40 avg=00:00.39 ETA=00:20.91 | GPU MB alloc/reserved=69.9/854.0
2026-04-07 13:07:48 | INFO | [Round 9] epoch=27/80 loss=1.4509 acc=44.86 val_acc=nan data_t=0.0037s batch_t=0.0342s epoch_t=00:00.42 lr=0.000747 | GPU MB alloc/reserved=69.9/854.0
2026-04-07 13:07:48 | INFO | [Round 9] Epoch 27/80 time=00:00.42 avg=00:00.39 ETA=00:20.59 | GPU MB alloc/reserved=69.9/854.0
2026-04-07 13:07:48 | INFO | [Round 9] epoch=28/80 loss=1.4289 acc=45.43 val_acc=nan data_t=0.0040s batch_t=0.0343s epoch_t=00:00.42 lr=0.000730 | GPU MB alloc/reserved=69.9/854.0
2026-04-07 13:07:48 | INFO | [Round 9] Epoch 28/80 time=00:00.42 avg=00:00.39 ETA=00:20.26 | GPU MB alloc/reserved=69.9/854.0
2026-04-07 13:07:49 | INFO | [Round 9] epoch=29/80 loss=1.4094 acc=45.86 val_acc=nan data_t=0.0039s batch_t=0.0343s epoch_t=00:00.42 lr=0.000712 | GPU MB alloc/reserved=69.9/854.0
2026-04-07 13:07:49 | INFO | [Round 9] Epoch 29/80 time=00:00.42 avg=00:00.39 ETA=00:19.92 | GPU MB alloc/reserved=69.9/854.0
2026-04-07 13:07:49 | INFO | [Round 9] epoch=30/80 loss=1.3793 acc=47.29 val_acc=nan data_t=0.0043s batch_t=0.0342s epoch_t=00:00.42 lr=0.000694 | GPU MB alloc/reserved=69.9/854.0
2026-04-07 13:07:49 | INFO | [Round 9] Epoch 30/80 time=00:00.42 avg=00:00.39 ETA=00:19.59 | GPU MB alloc/reserved=69.9/854.0
2026-04-07 13:07:49 | INFO | [Round 9] epoch=31/80 loss=1.4119 acc=46.00 val_acc=nan data_t=0.0040s batch_t=0.0145s epoch_t=00:00.20 lr=0.000676 | GPU MB alloc/reserved=69.9/854.0
2026-04-07 13:07:49 | INFO | [Round 9] Epoch 31/80 time=00:00.20 avg=00:00.39 ETA=00:18.90 | GPU MB alloc/reserved=69.9/854.0
2026-04-07 13:07:50 | INFO | [Round 9] epoch=32/80 loss=1.3672 acc=48.50 val_acc=nan data_t=0.0028s batch_t=0.0186s epoch_t=00:00.24 lr=0.000658 | GPU MB alloc/reserved=69.9/854.0
2026-04-07 13:07:50 | INFO | [Round 9] Epoch 32/80 time=00:00.24 avg=00:00.38 ETA=00:18.29 | GPU MB alloc/reserved=69.9/854.0
2026-04-07 13:07:50 | INFO | [Round 9] epoch=33/80 loss=1.3533 acc=47.64 val_acc=nan data_t=0.0050s batch_t=0.0343s epoch_t=00:00.43 lr=0.000639 | GPU MB alloc/reserved=69.9/854.0
2026-04-07 13:07:50 | INFO | [Round 9] Epoch 33/80 time=00:00.43 avg=00:00.38 ETA=00:17.98 | GPU MB alloc/reserved=69.9/854.0
2026-04-07 13:07:50 | INFO | [Round 9] epoch=34/80 loss=1.3457 acc=48.50 val_acc=nan data_t=0.0038s batch_t=0.0343s epoch_t=00:00.42 lr=0.000621 | GPU MB alloc/reserved=69.9/854.0
2026-04-07 13:07:50 | INFO | [Round 9] Epoch 34/80 time=00:00.42 avg=00:00.38 ETA=00:17.65 | GPU MB alloc/reserved=69.9/854.0
2026-04-07 13:07:51 | INFO | [Round 9] epoch=35/80 loss=1.3329 acc=50.43 val_acc=nan data_t=0.0039s batch_t=0.0343s epoch_t=00:00.42 lr=0.000602 | GPU MB alloc/reserved=69.9/854.0
2026-04-07 13:07:51 | INFO | [Round 9] Epoch 35/80 time=00:00.42 avg=00:00.38 ETA=00:17.31 | GPU MB alloc/reserved=69.9/854.0
2026-04-07 13:07:51 | INFO | [Round 9] epoch=36/80 loss=1.2970 acc=50.29 val_acc=nan data_t=0.0044s batch_t=0.0343s epoch_t=00:00.43 lr=0.000582 | GPU MB alloc/reserved=69.9/854.0
2026-04-07 13:07:51 | INFO | [Round 9] Epoch 36/80 time=00:00.43 avg=00:00.39 ETA=00:16.97 | GPU MB alloc/reserved=69.9/854.0
2026-04-07 13:07:52 | INFO | [Round 9] epoch=37/80 loss=1.2837 acc=50.50 val_acc=nan data_t=0.0043s batch_t=0.0315s epoch_t=00:00.39 lr=0.000563 | GPU MB alloc/reserved=69.9/854.0
2026-04-07 13:07:52 | INFO | [Round 9] Epoch 37/80 time=00:00.39 avg=00:00.39 ETA=00:16.60 | GPU MB alloc/reserved=69.9/854.0
2026-04-07 13:07:52 | INFO | [Round 9] epoch=38/80 loss=1.2915 acc=50.64 val_acc=nan data_t=0.0026s batch_t=0.0088s epoch_t=00:00.13 lr=0.000544 | GPU MB alloc/reserved=69.9/854.0
2026-04-07 13:07:52 | INFO | [Round 9] Epoch 38/80 time=00:00.13 avg=00:00.38 ETA=00:15.92 | GPU MB alloc/reserved=69.9/854.0
2026-04-07 13:07:52 | INFO | [Round 9] epoch=39/80 loss=1.2521 acc=53.14 val_acc=nan data_t=0.0037s batch_t=0.0342s epoch_t=00:00.42 lr=0.000524 | GPU MB alloc/reserved=69.9/854.0
2026-04-07 13:07:52 | INFO | [Round 9] Epoch 39/80 time=00:00.42 avg=00:00.38 ETA=00:15.59 | GPU MB alloc/reserved=69.9/854.0
2026-04-07 13:07:53 | INFO | [Round 9] epoch=40/80 loss=1.2522 acc=51.50 val_acc=nan data_t=0.0028s batch_t=0.0344s epoch_t=00:00.41 lr=0.000505 | GPU MB alloc/reserved=69.9/854.0
2026-04-07 13:07:53 | INFO | [Round 9] Epoch 40/80 time=00:00.41 avg=00:00.38 ETA=00:15.23 | GPU MB alloc/reserved=69.9/854.0
2026-04-07 13:07:53 | INFO | [Round 9] epoch=41/80 loss=1.2726 acc=52.07 val_acc=nan data_t=0.0025s batch_t=0.0345s epoch_t=00:00.41 lr=0.000486 | GPU MB alloc/reserved=69.9/854.0
2026-04-07 13:07:53 | INFO | [Round 9] Epoch 41/80 time=00:00.41 avg=00:00.38 ETA=00:14.88 | GPU MB alloc/reserved=69.9/854.0
2026-04-07 13:07:53 | INFO | [Round 9] epoch=42/80 loss=1.2360 acc=52.36 val_acc=nan data_t=0.0027s batch_t=0.0343s epoch_t=00:00.41 lr=0.000466 | GPU MB alloc/reserved=69.9/854.0
2026-04-07 13:07:53 | INFO | [Round 9] Epoch 42/80 time=00:00.41 avg=00:00.38 ETA=00:14.52 | GPU MB alloc/reserved=69.9/854.0
2026-04-07 13:07:54 | INFO | [Round 9] epoch=43/80 loss=1.2292 acc=54.00 val_acc=nan data_t=0.0025s batch_t=0.0344s epoch_t=00:00.41 lr=0.000447 | GPU MB alloc/reserved=69.9/854.0
2026-04-07 13:07:54 | INFO | [Round 9] Epoch 43/80 time=00:00.41 avg=00:00.38 ETA=00:14.16 | GPU MB alloc/reserved=69.9/854.0
2026-04-07 13:07:54 | INFO | [Round 9] epoch=44/80 loss=1.2279 acc=51.71 val_acc=nan data_t=0.0027s batch_t=0.0229s epoch_t=00:00.28 lr=0.000428 | GPU MB alloc/reserved=69.9/854.0
2026-04-07 13:07:54 | INFO | [Round 9] Epoch 44/80 time=00:00.28 avg=00:00.38 ETA=00:13.69 | GPU MB alloc/reserved=69.9/854.0
2026-04-07 13:07:54 | INFO | [Round 9] epoch=45/80 loss=1.1802 acc=56.00 val_acc=nan data_t=0.0034s batch_t=0.0130s epoch_t=00:00.18 lr=0.000408 | GPU MB alloc/reserved=69.9/854.0
2026-04-07 13:07:54 | INFO | [Round 9] Epoch 45/80 time=00:00.18 avg=00:00.38 ETA=00:13.16 | GPU MB alloc/reserved=69.9/854.0
2026-04-07 13:07:55 | INFO | [Round 9] epoch=46/80 loss=1.2029 acc=52.14 val_acc=nan data_t=0.0024s batch_t=0.0343s epoch_t=00:00.40 lr=0.000389 | GPU MB alloc/reserved=69.9/854.0
2026-04-07 13:07:55 | INFO | [Round 9] Epoch 46/80 time=00:00.40 avg=00:00.38 ETA=00:12.80 | GPU MB alloc/reserved=69.9/854.0
2026-04-07 13:07:55 | INFO | [Round 9] epoch=47/80 loss=1.1671 acc=57.36 val_acc=nan data_t=0.0025s batch_t=0.0343s epoch_t=00:00.41 lr=0.000371 | GPU MB alloc/reserved=69.9/854.0
2026-04-07 13:07:55 | INFO | [Round 9] Epoch 47/80 time=00:00.41 avg=00:00.38 ETA=00:12.44 | GPU MB alloc/reserved=69.9/854.0
2026-04-07 13:07:56 | INFO | [Round 9] epoch=48/80 loss=1.1439 acc=56.14 val_acc=nan data_t=0.0025s batch_t=0.0342s epoch_t=00:00.40 lr=0.000352 | GPU MB alloc/reserved=69.9/854.0
2026-04-07 13:07:56 | INFO | [Round 9] Epoch 48/80 time=00:00.40 avg=00:00.38 ETA=00:12.09 | GPU MB alloc/reserved=69.9/854.0
2026-04-07 13:07:56 | INFO | [Round 9] epoch=49/80 loss=1.1574 acc=56.14 val_acc=nan data_t=0.0025s batch_t=0.0344s epoch_t=00:00.41 lr=0.000334 | GPU MB alloc/reserved=69.9/854.0
2026-04-07 13:07:56 | INFO | [Round 9] Epoch 49/80 time=00:00.41 avg=00:00.38 ETA=00:11.73 | GPU MB alloc/reserved=69.9/854.0
2026-04-07 13:07:56 | INFO | [Round 9] epoch=50/80 loss=1.1462 acc=56.21 val_acc=nan data_t=0.0026s batch_t=0.0343s epoch_t=00:00.41 lr=0.000316 | GPU MB alloc/reserved=69.9/854.0
2026-04-07 13:07:56 | INFO | [Round 9] Epoch 50/80 time=00:00.41 avg=00:00.38 ETA=00:11.36 | GPU MB alloc/reserved=69.9/854.0
2026-04-07 13:07:57 | INFO | [Round 9] epoch=51/80 loss=1.1184 acc=57.36 val_acc=nan data_t=0.0025s batch_t=0.0185s epoch_t=00:00.23 lr=0.000298 | GPU MB alloc/reserved=69.9/854.0
2026-04-07 13:07:57 | INFO | [Round 9] Epoch 51/80 time=00:00.23 avg=00:00.38 ETA=00:10.90 | GPU MB alloc/reserved=69.9/854.0
2026-04-07 13:07:57 | INFO | [Round 9] epoch=52/80 loss=1.1153 acc=56.14 val_acc=nan data_t=0.0025s batch_t=0.0140s epoch_t=00:00.18 lr=0.000280 | GPU MB alloc/reserved=69.9/854.0
2026-04-07 13:07:57 | INFO | [Round 9] Epoch 52/80 time=00:00.18 avg=00:00.37 ETA=00:10.42 | GPU MB alloc/reserved=69.9/854.0
2026-04-07 13:07:57 | INFO | [Round 9] epoch=53/80 loss=1.1003 acc=60.07 val_acc=nan data_t=0.0025s batch_t=0.0343s epoch_t=00:00.40 lr=0.000263 | GPU MB alloc/reserved=69.9/854.0
2026-04-07 13:07:57 | INFO | [Round 9] Epoch 53/80 time=00:00.40 avg=00:00.37 ETA=00:10.07 | GPU MB alloc/reserved=69.9/854.0
2026-04-07 13:07:58 | INFO | [Round 9] epoch=54/80 loss=1.1035 acc=57.64 val_acc=nan data_t=0.0026s batch_t=0.0344s epoch_t=00:00.41 lr=0.000246 | GPU MB alloc/reserved=69.9/854.0
2026-04-07 13:07:58 | INFO | [Round 9] Epoch 54/80 time=00:00.41 avg=00:00.37 ETA=00:09.71 | GPU MB alloc/reserved=69.9/854.0
2026-04-07 13:07:58 | INFO | [Round 9] epoch=55/80 loss=1.0618 acc=60.43 val_acc=nan data_t=0.0026s batch_t=0.0343s epoch_t=00:00.41 lr=0.000230 | GPU MB alloc/reserved=69.9/854.0
2026-04-07 13:07:58 | INFO | [Round 9] Epoch 55/80 time=00:00.41 avg=00:00.37 ETA=00:09.35 | GPU MB alloc/reserved=69.9/854.0
2026-04-07 13:07:58 | INFO | [Round 9] epoch=56/80 loss=1.0603 acc=60.00 val_acc=nan data_t=0.0025s batch_t=0.0343s epoch_t=00:00.40 lr=0.000214 | GPU MB alloc/reserved=69.9/854.0
2026-04-07 13:07:58 | INFO | [Round 9] Epoch 56/80 time=00:00.40 avg=00:00.37 ETA=00:08.99 | GPU MB alloc/reserved=69.9/854.0
2026-04-07 13:07:59 | INFO | [Round 9] epoch=57/80 loss=1.1034 acc=57.86 val_acc=nan data_t=0.0025s batch_t=0.0343s epoch_t=00:00.41 lr=0.000199 | GPU MB alloc/reserved=69.9/854.0
2026-04-07 13:07:59 | INFO | [Round 9] Epoch 57/80 time=00:00.41 avg=00:00.38 ETA=00:08.63 | GPU MB alloc/reserved=69.9/854.0
2026-04-07 13:07:59 | INFO | [Round 9] epoch=58/80 loss=1.0545 acc=60.50 val_acc=nan data_t=0.0025s batch_t=0.0162s epoch_t=00:00.21 lr=0.000184 | GPU MB alloc/reserved=69.9/854.0
2026-04-07 13:07:59 | INFO | [Round 9] Epoch 58/80 time=00:00.21 avg=00:00.37 ETA=00:08.19 | GPU MB alloc/reserved=69.9/854.0
2026-04-07 13:07:59 | INFO | [Round 9] epoch=59/80 loss=1.0570 acc=59.43 val_acc=nan data_t=0.0027s batch_t=0.0136s epoch_t=00:00.18 lr=0.000169 | GPU MB alloc/reserved=69.9/854.0
2026-04-07 13:07:59 | INFO | [Round 9] Epoch 59/80 time=00:00.18 avg=00:00.37 ETA=00:07.75 | GPU MB alloc/reserved=69.9/854.0
2026-04-07 13:08:00 | INFO | [Round 9] epoch=60/80 loss=1.0224 acc=59.21 val_acc=nan data_t=0.0026s batch_t=0.0342s epoch_t=00:00.40 lr=0.000155 | GPU MB alloc/reserved=69.9/854.0
2026-04-07 13:08:00 | INFO | [Round 9] Epoch 60/80 time=00:00.40 avg=00:00.37 ETA=00:07.39 | GPU MB alloc/reserved=69.9/854.0
2026-04-07 13:08:00 | INFO | [Round 9] epoch=61/80 loss=1.0409 acc=58.71 val_acc=nan data_t=0.0025s batch_t=0.0343s epoch_t=00:00.41 lr=0.000142 | GPU MB alloc/reserved=69.9/854.0
2026-04-07 13:08:00 | INFO | [Round 9] Epoch 61/80 time=00:00.41 avg=00:00.37 ETA=00:07.03 | GPU MB alloc/reserved=69.9/854.0
2026-04-07 13:08:00 | INFO | [Round 9] epoch=62/80 loss=1.0417 acc=60.43 val_acc=nan data_t=0.0025s batch_t=0.0343s epoch_t=00:00.41 lr=0.000129 | GPU MB alloc/reserved=69.9/854.0
2026-04-07 13:08:00 | INFO | [Round 9] Epoch 62/80 time=00:00.41 avg=00:00.37 ETA=00:06.67 | GPU MB alloc/reserved=69.9/854.0
2026-04-07 13:08:01 | INFO | [Round 9] epoch=63/80 loss=1.0212 acc=61.93 val_acc=nan data_t=0.0025s batch_t=0.0344s epoch_t=00:00.41 lr=0.000116 | GPU MB alloc/reserved=69.9/854.0
2026-04-07 13:08:01 | INFO | [Round 9] Epoch 63/80 time=00:00.41 avg=00:00.37 ETA=00:06.31 | GPU MB alloc/reserved=69.9/854.0
2026-04-07 13:08:01 | INFO | [Round 9] epoch=64/80 loss=0.9987 acc=63.00 val_acc=nan data_t=0.0026s batch_t=0.0343s epoch_t=00:00.41 lr=0.000105 | GPU MB alloc/reserved=69.9/854.0
2026-04-07 13:08:01 | INFO | [Round 9] Epoch 64/80 time=00:00.41 avg=00:00.37 ETA=00:05.95 | GPU MB alloc/reserved=69.9/854.0
2026-04-07 13:08:01 | INFO | [Round 9] epoch=65/80 loss=0.9907 acc=63.71 val_acc=nan data_t=0.0026s batch_t=0.0169s epoch_t=00:00.21 lr=0.000093 | GPU MB alloc/reserved=69.9/854.0
2026-04-07 13:08:01 | INFO | [Round 9] Epoch 65/80 time=00:00.21 avg=00:00.37 ETA=00:05.54 | GPU MB alloc/reserved=69.9/854.0
2026-04-07 13:08:02 | INFO | [Round 9] epoch=66/80 loss=0.9928 acc=62.50 val_acc=nan data_t=0.0030s batch_t=0.0161s epoch_t=00:00.21 lr=0.000083 | GPU MB alloc/reserved=69.9/854.0
2026-04-07 13:08:02 | INFO | [Round 9] Epoch 66/80 time=00:00.21 avg=00:00.37 ETA=00:05.14 | GPU MB alloc/reserved=69.9/854.0
2026-04-07 13:08:02 | INFO | [Round 9] epoch=67/80 loss=0.9765 acc=64.07 val_acc=nan data_t=0.0036s batch_t=0.0342s epoch_t=00:00.42 lr=0.000073 | GPU MB alloc/reserved=69.9/854.0
2026-04-07 13:08:02 | INFO | [Round 9] Epoch 67/80 time=00:00.42 avg=00:00.37 ETA=00:04.78 | GPU MB alloc/reserved=69.9/854.0
2026-04-07 13:08:02 | INFO | [Round 9] epoch=68/80 loss=1.0007 acc=62.29 val_acc=nan data_t=0.0025s batch_t=0.0342s epoch_t=00:00.40 lr=0.000064 | GPU MB alloc/reserved=69.9/854.0
2026-04-07 13:08:02 | INFO | [Round 9] Epoch 68/80 time=00:00.40 avg=00:00.37 ETA=00:04.42 | GPU MB alloc/reserved=69.9/854.0
2026-04-07 13:08:03 | INFO | [Round 9] epoch=69/80 loss=0.9967 acc=63.07 val_acc=nan data_t=0.0035s batch_t=0.0343s epoch_t=00:00.42 lr=0.000055 | GPU MB alloc/reserved=69.9/854.0
2026-04-07 13:08:03 | INFO | [Round 9] Epoch 69/80 time=00:00.42 avg=00:00.37 ETA=00:04.06 | GPU MB alloc/reserved=69.9/854.0
2026-04-07 13:08:03 | INFO | [Round 9] epoch=70/80 loss=0.9912 acc=63.00 val_acc=nan data_t=0.0039s batch_t=0.0343s epoch_t=00:00.42 lr=0.000048 | GPU MB alloc/reserved=69.9/854.0
2026-04-07 13:08:03 | INFO | [Round 9] Epoch 70/80 time=00:00.42 avg=00:00.37 ETA=00:03.70 | GPU MB alloc/reserved=69.9/854.0
2026-04-07 13:08:04 | INFO | [Round 9] epoch=71/80 loss=0.9711 acc=63.93 val_acc=nan data_t=0.0037s batch_t=0.0343s epoch_t=00:00.42 lr=0.000041 | GPU MB alloc/reserved=69.9/854.0
2026-04-07 13:08:04 | INFO | [Round 9] Epoch 71/80 time=00:00.42 avg=00:00.37 ETA=00:03.33 | GPU MB alloc/reserved=69.9/854.0
2026-04-07 13:08:04 | INFO | [Round 9] epoch=72/80 loss=0.9865 acc=61.14 val_acc=nan data_t=0.0040s batch_t=0.0109s epoch_t=00:00.16 lr=0.000034 | GPU MB alloc/reserved=69.9/854.0
2026-04-07 13:08:04 | INFO | [Round 9] Epoch 72/80 time=00:00.16 avg=00:00.37 ETA=00:02.94 | GPU MB alloc/reserved=69.9/854.0
2026-04-07 13:08:04 | INFO | [Round 9] epoch=73/80 loss=0.9778 acc=61.71 val_acc=nan data_t=0.0036s batch_t=0.0342s epoch_t=00:00.42 lr=0.000029 | GPU MB alloc/reserved=69.9/854.0
2026-04-07 13:08:04 | INFO | [Round 9] Epoch 73/80 time=00:00.42 avg=00:00.37 ETA=00:02.58 | GPU MB alloc/reserved=69.9/854.0
2026-04-07 13:08:05 | INFO | [Round 9] epoch=74/80 loss=0.9450 acc=65.36 val_acc=nan data_t=0.0038s batch_t=0.0343s epoch_t=00:00.42 lr=0.000024 | GPU MB alloc/reserved=69.9/854.0
2026-04-07 13:08:05 | INFO | [Round 9] Epoch 74/80 time=00:00.42 avg=00:00.37 ETA=00:02.21 | GPU MB alloc/reserved=69.9/854.0
2026-04-07 13:08:05 | INFO | [Round 9] epoch=75/80 loss=0.9428 acc=65.00 val_acc=nan data_t=0.0036s batch_t=0.0343s epoch_t=00:00.42 lr=0.000020 | GPU MB alloc/reserved=69.9/854.0
2026-04-07 13:08:05 | INFO | [Round 9] Epoch 75/80 time=00:00.42 avg=00:00.37 ETA=00:01.85 | GPU MB alloc/reserved=69.9/854.0
2026-04-07 13:08:06 | INFO | [Round 9] epoch=76/80 loss=0.9686 acc=63.00 val_acc=nan data_t=0.0025s batch_t=0.0343s epoch_t=00:00.41 lr=0.000016 | GPU MB alloc/reserved=69.9/854.0
2026-04-07 13:08:06 | INFO | [Round 9] Epoch 76/80 time=00:00.41 avg=00:00.37 ETA=00:01.48 | GPU MB alloc/reserved=69.9/854.0
2026-04-07 13:08:06 | INFO | [Round 9] epoch=77/80 loss=0.9501 acc=64.71 val_acc=nan data_t=0.0043s batch_t=0.0343s epoch_t=00:00.42 lr=0.000013 | GPU MB alloc/reserved=69.9/854.0
2026-04-07 13:08:06 | INFO | [Round 9] Epoch 77/80 time=00:00.42 avg=00:00.37 ETA=00:01.11 | GPU MB alloc/reserved=69.9/854.0
2026-04-07 13:08:06 | INFO | [Round 9] epoch=78/80 loss=0.9715 acc=63.36 val_acc=nan data_t=0.0039s batch_t=0.0191s epoch_t=00:00.25 lr=0.000012 | GPU MB alloc/reserved=69.9/854.0
2026-04-07 13:08:06 | INFO | [Round 9] Epoch 78/80 time=00:00.25 avg=00:00.37 ETA=00:00.74 | GPU MB alloc/reserved=69.9/854.0
2026-04-07 13:08:06 | INFO | [Round 9] epoch=79/80 loss=0.9774 acc=62.50 val_acc=nan data_t=0.0039s batch_t=0.0183s epoch_t=00:00.24 lr=0.000010 | GPU MB alloc/reserved=69.9/854.0
2026-04-07 13:08:06 | INFO | [Round 9] Epoch 79/80 time=00:00.24 avg=00:00.37 ETA=00:00.37 | GPU MB alloc/reserved=69.9/854.0
2026-04-07 13:08:07 | INFO | [Round 9] epoch=80/80 loss=0.9150 acc=65.21 val_acc=nan data_t=0.0039s batch_t=0.0343s epoch_t=00:00.42 lr=0.000010 | GPU MB alloc/reserved=69.9/854.0
2026-04-07 13:08:07 | INFO | [Round 9] Epoch 80/80 time=00:00.42 avg=00:00.37 ETA=00:00.00 | GPU MB alloc/reserved=69.9/854.0
2026-04-07 13:08:07 | INFO | [Round 9] training complete in 00:29.56 (best monitor=65.357) | GPU MB alloc/reserved=69.9/854.0
2026-04-07 13:08:07 | INFO | [Round 9] evaluation started | GPU MB alloc/reserved=52.0/854.0
2026-04-07 13:08:09 | INFO | [Round 9] clean=52.54 fgsm=43.53 pgd=43.40 grad_disp_mean=nan grad_disp_sel=nan round_t=33.94s | GPU MB alloc/reserved=52.0/854.0
2026-04-07 13:08:09 | INFO | [Round 10/21] elapsed=00:33.94 avg_round=00:26.32 projected_remaining=04:49.48 | GPU MB alloc/reserved=52.0/854.0
2026-04-07 13:08:10 | INFO | [Round 10] acquisition on pool_size=48600 scored_pool=5000 budget=100 | GPU MB alloc/reserved=34.1/854.0
2026-04-07 13:08:11 | INFO | [CoreSet-unlabeled-feat] scoring progress 10/20 elapsed=00:00.21 avg/batch=0.021s ETA=00:00.21 | GPU MB alloc/reserved=40.6/854.0
2026-04-07 13:08:11 | INFO | [CoreSet-unlabeled-feat] scoring progress 20/20 elapsed=00:00.23 avg/batch=0.012s ETA=00:00.00 | GPU MB alloc/reserved=40.6/854.0
2026-04-07 13:08:11 | INFO | [CoreSet-labeled-feat] scoring progress 6/6 elapsed=00:00.19 avg/batch=0.031s ETA=00:00.00 | GPU MB alloc/reserved=41.8/854.0
2026-04-07 13:08:11 | INFO | [CoreSet] greedy 10/100 cover_radius=21.668789 | GPU: n/a
2026-04-07 13:08:11 | INFO | [CoreSet] greedy 20/100 cover_radius=20.680035 | GPU: n/a
2026-04-07 13:08:11 | INFO | [CoreSet] greedy 30/100 cover_radius=20.076687 | GPU: n/a
2026-04-07 13:08:11 | INFO | [CoreSet] greedy 40/100 cover_radius=19.772066 | GPU: n/a
2026-04-07 13:08:11 | INFO | [CoreSet] greedy 50/100 cover_radius=19.583305 | GPU: n/a
2026-04-07 13:08:11 | INFO | [CoreSet] greedy 60/100 cover_radius=19.393631 | GPU: n/a
2026-04-07 13:08:11 | INFO | [CoreSet] greedy 70/100 cover_radius=19.047068 | GPU: n/a
2026-04-07 13:08:11 | INFO | [CoreSet] greedy 80/100 cover_radius=18.839760 | GPU: n/a
2026-04-07 13:08:11 | INFO | [CoreSet] greedy 90/100 cover_radius=18.672817 | GPU: n/a
2026-04-07 13:08:11 | INFO | [CoreSet] greedy 100/100 cover_radius=18.574984 | GPU: n/a
2026-04-07 13:08:11 | INFO | [Round 10] labeled=1500 train=1500 val_fixed=0 | GPU MB alloc/reserved=43.1/854.0
2026-04-07 13:08:12 | INFO | [Round 10] epoch=1/80 loss=5.2615 acc=16.20 val_acc=nan data_t=0.0152s batch_t=0.0367s epoch_t=00:00.62 lr=0.001000 | GPU MB alloc/reserved=69.9/854.0
2026-04-07 13:08:12 | INFO | [Round 10] Epoch 1/80 time=00:00.62 avg=00:00.62 ETA=00:49.20 | GPU MB alloc/reserved=69.9/854.0
2026-04-07 13:08:12 | INFO | [Round 10] epoch=2/80 loss=2.2992 acc=20.20 val_acc=nan data_t=0.0022s batch_t=0.0342s epoch_t=00:00.44 lr=0.000998 | GPU MB alloc/reserved=69.9/854.0
2026-04-07 13:08:12 | INFO | [Round 10] Epoch 2/80 time=00:00.44 avg=00:00.53 ETA=00:41.33 | GPU MB alloc/reserved=69.9/854.0
2026-04-07 13:08:13 | INFO | [Round 10] epoch=3/80 loss=2.1130 acc=22.93 val_acc=nan data_t=0.0038s batch_t=0.0344s epoch_t=00:00.46 lr=0.000997 | GPU MB alloc/reserved=69.9/854.0
2026-04-07 13:08:13 | INFO | [Round 10] Epoch 3/80 time=00:00.46 avg=00:00.51 ETA=00:38.97 | GPU MB alloc/reserved=69.9/854.0
2026-04-07 13:08:13 | INFO | [Round 10] epoch=4/80 loss=2.0309 acc=26.60 val_acc=nan data_t=0.0037s batch_t=0.0342s epoch_t=00:00.46 lr=0.000994 | GPU MB alloc/reserved=69.9/854.0
2026-04-07 13:08:13 | INFO | [Round 10] Epoch 4/80 time=00:00.46 avg=00:00.49 ETA=00:37.50 | GPU MB alloc/reserved=69.9/854.0
2026-04-07 13:08:13 | INFO | [Round 10] epoch=5/80 loss=2.0060 acc=27.80 val_acc=nan data_t=0.0038s batch_t=0.0104s epoch_t=00:00.17 lr=0.000990 | GPU MB alloc/reserved=69.9/854.0
2026-04-07 13:08:13 | INFO | [Round 10] Epoch 5/80 time=00:00.17 avg=00:00.43 ETA=00:32.15 | GPU MB alloc/reserved=69.9/854.0
2026-04-07 13:08:14 | INFO | [Round 10] epoch=6/80 loss=1.9251 acc=29.87 val_acc=nan data_t=0.0030s batch_t=0.0330s epoch_t=00:00.43 lr=0.000986 | GPU MB alloc/reserved=69.9/854.0
2026-04-07 13:08:14 | INFO | [Round 10] Epoch 6/80 time=00:00.43 avg=00:00.43 ETA=00:31.76 | GPU MB alloc/reserved=69.9/854.0
2026-04-07 13:08:14 | INFO | [Round 10] epoch=7/80 loss=1.8998 acc=30.20 val_acc=nan data_t=0.0037s batch_t=0.0342s epoch_t=00:00.45 lr=0.000981 | GPU MB alloc/reserved=69.9/854.0
2026-04-07 13:08:14 | INFO | [Round 10] Epoch 7/80 time=00:00.45 avg=00:00.43 ETA=00:31.60 | GPU MB alloc/reserved=69.9/854.0
2026-04-07 13:08:15 | INFO | [Round 10] epoch=8/80 loss=1.8576 acc=30.87 val_acc=nan data_t=0.0033s batch_t=0.0342s epoch_t=00:00.45 lr=0.000976 | GPU MB alloc/reserved=69.9/854.0
2026-04-07 13:08:15 | INFO | [Round 10] Epoch 8/80 time=00:00.45 avg=00:00.44 ETA=00:31.32 | GPU MB alloc/reserved=69.9/854.0
2026-04-07 13:08:15 | INFO | [Round 10] epoch=9/80 loss=1.8062 acc=33.80 val_acc=nan data_t=0.0039s batch_t=0.0342s epoch_t=00:00.46 lr=0.000969 | GPU MB alloc/reserved=69.9/854.0
2026-04-07 13:08:15 | INFO | [Round 10] Epoch 9/80 time=00:00.46 avg=00:00.44 ETA=00:31.06 | GPU MB alloc/reserved=69.9/854.0
2026-04-07 13:08:16 | INFO | [Round 10] epoch=10/80 loss=1.7935 acc=34.87 val_acc=nan data_t=0.0037s batch_t=0.0344s epoch_t=00:00.46 lr=0.000962 | GPU MB alloc/reserved=69.9/854.0
2026-04-07 13:08:16 | INFO | [Round 10] Epoch 10/80 time=00:00.46 avg=00:00.44 ETA=00:30.76 | GPU MB alloc/reserved=69.9/854.0
2026-04-07 13:08:16 | INFO | [Round 10] epoch=11/80 loss=1.7542 acc=34.60 val_acc=nan data_t=0.0036s batch_t=0.0089s epoch_t=00:00.15 lr=0.000955 | GPU MB alloc/reserved=69.9/854.0
2026-04-07 13:08:16 | INFO | [Round 10] Epoch 11/80 time=00:00.15 avg=00:00.41 ETA=00:28.50 | GPU MB alloc/reserved=69.9/854.0
2026-04-07 13:08:16 | INFO | [Round 10] epoch=12/80 loss=1.7005 acc=37.33 val_acc=nan data_t=0.0029s batch_t=0.0340s epoch_t=00:00.44 lr=0.000946 | GPU MB alloc/reserved=69.9/854.0
2026-04-07 13:08:16 | INFO | [Round 10] Epoch 12/80 time=00:00.44 avg=00:00.42 ETA=00:28.26 | GPU MB alloc/reserved=69.9/854.0
2026-04-07 13:08:17 | INFO | [Round 10] epoch=13/80 loss=1.6752 acc=37.13 val_acc=nan data_t=0.0022s batch_t=0.0342s epoch_t=00:00.44 lr=0.000937 | GPU MB alloc/reserved=69.9/854.0
2026-04-07 13:08:17 | INFO | [Round 10] Epoch 13/80 time=00:00.44 avg=00:00.42 ETA=00:27.96 | GPU MB alloc/reserved=69.9/854.0
2026-04-07 13:08:17 | INFO | [Round 10] epoch=14/80 loss=1.6284 acc=40.87 val_acc=nan data_t=0.0025s batch_t=0.0342s epoch_t=00:00.44 lr=0.000927 | GPU MB alloc/reserved=69.9/854.0
2026-04-07 13:08:17 | INFO | [Round 10] Epoch 14/80 time=00:00.44 avg=00:00.42 ETA=00:27.65 | GPU MB alloc/reserved=69.9/854.0
2026-04-07 13:08:17 | INFO | [Round 10] epoch=15/80 loss=1.6012 acc=39.87 val_acc=nan data_t=0.0038s batch_t=0.0342s epoch_t=00:00.46 lr=0.000917 | GPU MB alloc/reserved=69.9/854.0
2026-04-07 13:08:17 | INFO | [Round 10] Epoch 15/80 time=00:00.46 avg=00:00.42 ETA=00:27.39 | GPU MB alloc/reserved=69.9/854.0
2026-04-07 13:08:18 | INFO | [Round 10] epoch=16/80 loss=1.5709 acc=42.53 val_acc=nan data_t=0.0041s batch_t=0.0342s epoch_t=00:00.46 lr=0.000905 | GPU MB alloc/reserved=69.9/854.0
2026-04-07 13:08:18 | INFO | [Round 10] Epoch 16/80 time=00:00.46 avg=00:00.42 ETA=00:27.12 | GPU MB alloc/reserved=69.9/854.0
2026-04-07 13:08:18 | INFO | [Round 10] epoch=17/80 loss=1.5645 acc=40.60 val_acc=nan data_t=0.0038s batch_t=0.0093s epoch_t=00:00.16 lr=0.000894 | GPU MB alloc/reserved=69.9/854.0
2026-04-07 13:08:18 | INFO | [Round 10] Epoch 17/80 time=00:00.16 avg=00:00.41 ETA=00:25.71 | GPU MB alloc/reserved=69.9/854.0
2026-04-07 13:08:19 | INFO | [Round 10] epoch=18/80 loss=1.5431 acc=43.27 val_acc=nan data_t=0.0025s batch_t=0.0340s epoch_t=00:00.44 lr=0.000881 | GPU MB alloc/reserved=69.9/854.0
2026-04-07 13:08:19 | INFO | [Round 10] Epoch 18/80 time=00:00.44 avg=00:00.41 ETA=00:25.41 | GPU MB alloc/reserved=69.9/854.0
2026-04-07 13:08:19 | INFO | [Round 10] epoch=19/80 loss=1.5171 acc=43.87 val_acc=nan data_t=0.0038s batch_t=0.0341s epoch_t=00:00.46 lr=0.000868 | GPU MB alloc/reserved=69.9/854.0
2026-04-07 13:08:19 | INFO | [Round 10] Epoch 19/80 time=00:00.46 avg=00:00.41 ETA=00:25.15 | GPU MB alloc/reserved=69.9/854.0
2026-04-07 13:08:19 | INFO | [Round 10] epoch=20/80 loss=1.5456 acc=42.40 val_acc=nan data_t=0.0031s batch_t=0.0342s epoch_t=00:00.45 lr=0.000855 | GPU MB alloc/reserved=69.9/854.0
2026-04-07 13:08:19 | INFO | [Round 10] Epoch 20/80 time=00:00.45 avg=00:00.41 ETA=00:24.84 | GPU MB alloc/reserved=69.9/854.0
2026-04-07 13:08:20 | INFO | [Round 10] epoch=21/80 loss=1.5007 acc=44.80 val_acc=nan data_t=0.0040s batch_t=0.0341s epoch_t=00:00.46 lr=0.000841 | GPU MB alloc/reserved=69.9/854.0
2026-04-07 13:08:20 | INFO | [Round 10] Epoch 21/80 time=00:00.46 avg=00:00.42 ETA=00:24.55 | GPU MB alloc/reserved=69.9/854.0
2026-04-07 13:08:20 | INFO | [Round 10] epoch=22/80 loss=1.4863 acc=45.27 val_acc=nan data_t=0.0034s batch_t=0.0342s epoch_t=00:00.45 lr=0.000826 | GPU MB alloc/reserved=69.9/854.0
2026-04-07 13:08:20 | INFO | [Round 10] Epoch 22/80 time=00:00.45 avg=00:00.42 ETA=00:24.23 | GPU MB alloc/reserved=69.9/854.0
2026-04-07 13:08:20 | INFO | [Round 10] epoch=23/80 loss=1.4794 acc=45.80 val_acc=nan data_t=0.0029s batch_t=0.0093s epoch_t=00:00.15 lr=0.000811 | GPU MB alloc/reserved=69.9/854.0
2026-04-07 13:08:20 | INFO | [Round 10] Epoch 23/80 time=00:00.15 avg=00:00.41 ETA=00:23.14 | GPU MB alloc/reserved=69.9/854.0
2026-04-07 13:08:21 | INFO | [Round 10] epoch=24/80 loss=1.4350 acc=45.47 val_acc=nan data_t=0.0024s batch_t=0.0341s epoch_t=00:00.44 lr=0.000796 | GPU MB alloc/reserved=69.9/854.0
2026-04-07 13:08:21 | INFO | [Round 10] Epoch 24/80 time=00:00.44 avg=00:00.41 ETA=00:22.80 | GPU MB alloc/reserved=69.9/854.0
2026-04-07 13:08:21 | INFO | [Round 10] epoch=25/80 loss=1.4160 acc=47.00 val_acc=nan data_t=0.0034s batch_t=0.0342s epoch_t=00:00.45 lr=0.000780 | GPU MB alloc/reserved=69.9/854.0
2026-04-07 13:08:21 | INFO | [Round 10] Epoch 25/80 time=00:00.45 avg=00:00.41 ETA=00:22.49 | GPU MB alloc/reserved=69.9/854.0
2026-04-07 13:08:22 | INFO | [Round 10] epoch=26/80 loss=1.3917 acc=47.20 val_acc=nan data_t=0.0039s batch_t=0.0343s epoch_t=00:00.46 lr=0.000764 | GPU MB alloc/reserved=69.9/854.0
2026-04-07 13:08:22 | INFO | [Round 10] Epoch 26/80 time=00:00.46 avg=00:00.41 ETA=00:22.19 | GPU MB alloc/reserved=69.9/854.0
2026-04-07 13:08:22 | INFO | [Round 10] epoch=27/80 loss=1.3750 acc=48.67 val_acc=nan data_t=0.0023s batch_t=0.0341s epoch_t=00:00.44 lr=0.000747 | GPU MB alloc/reserved=69.9/854.0
2026-04-07 13:08:22 | INFO | [Round 10] Epoch 27/80 time=00:00.44 avg=00:00.41 ETA=00:21.83 | GPU MB alloc/reserved=69.9/854.0
2026-04-07 13:08:23 | INFO | [Round 10] epoch=28/80 loss=1.3344 acc=48.13 val_acc=nan data_t=0.0036s batch_t=0.0343s epoch_t=00:00.45 lr=0.000730 | GPU MB alloc/reserved=69.9/854.0
2026-04-07 13:08:23 | INFO | [Round 10] Epoch 28/80 time=00:00.45 avg=00:00.41 ETA=00:21.50 | GPU MB alloc/reserved=69.9/854.0
2026-04-07 13:08:23 | INFO | [Round 10] epoch=29/80 loss=1.3471 acc=49.33 val_acc=nan data_t=0.0026s batch_t=0.0099s epoch_t=00:00.15 lr=0.000712 | GPU MB alloc/reserved=69.9/854.0
2026-04-07 13:08:23 | INFO | [Round 10] Epoch 29/80 time=00:00.15 avg=00:00.40 ETA=00:20.62 | GPU MB alloc/reserved=69.9/854.0
2026-04-07 13:08:23 | INFO | [Round 10] epoch=30/80 loss=1.3399 acc=49.07 val_acc=nan data_t=0.0029s batch_t=0.0341s epoch_t=00:00.44 lr=0.000694 | GPU MB alloc/reserved=69.9/854.0
2026-04-07 13:08:23 | INFO | [Round 10] Epoch 30/80 time=00:00.44 avg=00:00.41 ETA=00:20.29 | GPU MB alloc/reserved=69.9/854.0
2026-04-07 13:08:24 | INFO | [Round 10] epoch=31/80 loss=1.3633 acc=49.53 val_acc=nan data_t=0.0036s batch_t=0.0342s epoch_t=00:00.45 lr=0.000676 | GPU MB alloc/reserved=69.9/854.0
2026-04-07 13:08:24 | INFO | [Round 10] Epoch 31/80 time=00:00.45 avg=00:00.41 ETA=00:19.95 | GPU MB alloc/reserved=69.9/854.0
2026-04-07 13:08:24 | INFO | [Round 10] epoch=32/80 loss=1.3396 acc=48.73 val_acc=nan data_t=0.0041s batch_t=0.0342s epoch_t=00:00.46 lr=0.000658 | GPU MB alloc/reserved=69.9/854.0
2026-04-07 13:08:24 | INFO | [Round 10] Epoch 32/80 time=00:00.46 avg=00:00.41 ETA=00:19.63 | GPU MB alloc/reserved=69.9/854.0
2026-04-07 13:08:25 | INFO | [Round 10] epoch=33/80 loss=1.2970 acc=49.60 val_acc=nan data_t=0.0024s batch_t=0.0341s epoch_t=00:00.44 lr=0.000639 | GPU MB alloc/reserved=69.9/854.0
2026-04-07 13:08:25 | INFO | [Round 10] Epoch 33/80 time=00:00.44 avg=00:00.41 ETA=00:19.26 | GPU MB alloc/reserved=69.9/854.0
2026-04-07 13:08:25 | INFO | [Round 10] epoch=34/80 loss=1.2853 acc=51.40 val_acc=nan data_t=0.0035s batch_t=0.0342s epoch_t=00:00.45 lr=0.000621 | GPU MB alloc/reserved=69.9/854.0
2026-04-07 13:08:25 | INFO | [Round 10] Epoch 34/80 time=00:00.45 avg=00:00.41 ETA=00:18.91 | GPU MB alloc/reserved=69.9/854.0
2026-04-07 13:08:25 | INFO | [Round 10] epoch=35/80 loss=1.2828 acc=50.13 val_acc=nan data_t=0.0037s batch_t=0.0093s epoch_t=00:00.16 lr=0.000602 | GPU MB alloc/reserved=69.9/854.0
2026-04-07 13:08:25 | INFO | [Round 10] Epoch 35/80 time=00:00.16 avg=00:00.40 ETA=00:18.17 | GPU MB alloc/reserved=69.9/854.0
2026-04-07 13:08:26 | INFO | [Round 10] epoch=36/80 loss=1.2567 acc=51.20 val_acc=nan data_t=0.0025s batch_t=0.0340s epoch_t=00:00.44 lr=0.000582 | GPU MB alloc/reserved=69.9/854.0
2026-04-07 13:08:26 | INFO | [Round 10] Epoch 36/80 time=00:00.44 avg=00:00.40 ETA=00:17.81 | GPU MB alloc/reserved=69.9/854.0
2026-04-07 13:08:26 | INFO | [Round 10] epoch=37/80 loss=1.2356 acc=55.20 val_acc=nan data_t=0.0034s batch_t=0.0341s epoch_t=00:00.45 lr=0.000563 | GPU MB alloc/reserved=69.9/854.0
2026-04-07 13:08:26 | INFO | [Round 10] Epoch 37/80 time=00:00.45 avg=00:00.41 ETA=00:17.46 | GPU MB alloc/reserved=69.9/854.0
2026-04-07 13:08:27 | INFO | [Round 10] epoch=38/80 loss=1.1868 acc=55.80 val_acc=nan data_t=0.0032s batch_t=0.0341s epoch_t=00:00.45 lr=0.000544 | GPU MB alloc/reserved=69.9/854.0
2026-04-07 13:08:27 | INFO | [Round 10] Epoch 38/80 time=00:00.45 avg=00:00.41 ETA=00:17.10 | GPU MB alloc/reserved=69.9/854.0
2026-04-07 13:08:27 | INFO | [Round 10] epoch=39/80 loss=1.2063 acc=55.20 val_acc=nan data_t=0.0024s batch_t=0.0343s epoch_t=00:00.44 lr=0.000524 | GPU MB alloc/reserved=69.9/854.0
2026-04-07 13:08:27 | INFO | [Round 10] Epoch 39/80 time=00:00.44 avg=00:00.41 ETA=00:16.72 | GPU MB alloc/reserved=69.9/854.0
2026-04-07 13:08:28 | INFO | [Round 10] epoch=40/80 loss=1.1842 acc=54.53 val_acc=nan data_t=0.0037s batch_t=0.0342s epoch_t=00:00.46 lr=0.000505 | GPU MB alloc/reserved=69.9/854.0
2026-04-07 13:08:28 | INFO | [Round 10] Epoch 40/80 time=00:00.46 avg=00:00.41 ETA=00:16.36 | GPU MB alloc/reserved=69.9/854.0
2026-04-07 13:08:28 | INFO | [Round 10] epoch=41/80 loss=1.1548 acc=54.87 val_acc=nan data_t=0.0023s batch_t=0.0086s epoch_t=00:00.13 lr=0.000486 | GPU MB alloc/reserved=69.9/854.0
2026-04-07 13:08:28 | INFO | [Round 10] Epoch 41/80 time=00:00.13 avg=00:00.40 ETA=00:15.69 | GPU MB alloc/reserved=69.9/854.0
2026-04-07 13:08:28 | INFO | [Round 10] epoch=42/80 loss=1.1565 acc=55.47 val_acc=nan data_t=0.0042s batch_t=0.0320s epoch_t=00:00.43 lr=0.000466 | GPU MB alloc/reserved=69.9/854.0
2026-04-07 13:08:28 | INFO | [Round 10] Epoch 42/80 time=00:00.43 avg=00:00.40 ETA=00:15.32 | GPU MB alloc/reserved=69.9/854.0
2026-04-07 13:08:29 | INFO | [Round 10] epoch=43/80 loss=1.1500 acc=56.47 val_acc=nan data_t=0.0027s batch_t=0.0343s epoch_t=00:00.44 lr=0.000447 | GPU MB alloc/reserved=69.9/854.0
2026-04-07 13:08:29 | INFO | [Round 10] Epoch 43/80 time=00:00.44 avg=00:00.40 ETA=00:14.95 | GPU MB alloc/reserved=69.9/854.0
2026-04-07 13:08:29 | INFO | [Round 10] epoch=44/80 loss=1.1272 acc=56.80 val_acc=nan data_t=0.0039s batch_t=0.0342s epoch_t=00:00.46 lr=0.000428 | GPU MB alloc/reserved=69.9/854.0
2026-04-07 13:08:29 | INFO | [Round 10] Epoch 44/80 time=00:00.46 avg=00:00.41 ETA=00:14.59 | GPU MB alloc/reserved=69.9/854.0
2026-04-07 13:08:29 | INFO | [Round 10] epoch=45/80 loss=1.1069 acc=58.07 val_acc=nan data_t=0.0040s batch_t=0.0342s epoch_t=00:00.46 lr=0.000408 | GPU MB alloc/reserved=69.9/854.0
2026-04-07 13:08:29 | INFO | [Round 10] Epoch 45/80 time=00:00.46 avg=00:00.41 ETA=00:14.22 | GPU MB alloc/reserved=69.9/854.0
2026-04-07 13:08:30 | INFO | [Round 10] epoch=46/80 loss=1.1182 acc=57.60 val_acc=nan data_t=0.0041s batch_t=0.0343s epoch_t=00:00.46 lr=0.000389 | GPU MB alloc/reserved=69.9/854.0
2026-04-07 13:08:30 | INFO | [Round 10] Epoch 46/80 time=00:00.46 avg=00:00.41 ETA=00:13.86 | GPU MB alloc/reserved=69.9/854.0
2026-04-07 13:08:30 | INFO | [Round 10] epoch=47/80 loss=1.1085 acc=59.13 val_acc=nan data_t=0.0038s batch_t=0.0102s epoch_t=00:00.17 lr=0.000371 | GPU MB alloc/reserved=69.9/854.0
2026-04-07 13:08:30 | INFO | [Round 10] Epoch 47/80 time=00:00.17 avg=00:00.40 ETA=00:13.28 | GPU MB alloc/reserved=69.9/854.0
2026-04-07 13:08:31 | INFO | [Round 10] epoch=48/80 loss=1.0737 acc=58.27 val_acc=nan data_t=0.0033s batch_t=0.0341s epoch_t=00:00.45 lr=0.000352 | GPU MB alloc/reserved=69.9/854.0
2026-04-07 13:08:31 | INFO | [Round 10] Epoch 48/80 time=00:00.45 avg=00:00.40 ETA=00:12.91 | GPU MB alloc/reserved=69.9/854.0
2026-04-07 13:08:31 | INFO | [Round 10] epoch=49/80 loss=1.0690 acc=59.33 val_acc=nan data_t=0.0025s batch_t=0.0342s epoch_t=00:00.44 lr=0.000334 | GPU MB alloc/reserved=69.9/854.0
2026-04-07 13:08:31 | INFO | [Round 10] Epoch 49/80 time=00:00.44 avg=00:00.40 ETA=00:12.53 | GPU MB alloc/reserved=69.9/854.0
2026-04-07 13:08:31 | INFO | [Round 10] epoch=50/80 loss=1.0595 acc=60.40 val_acc=nan data_t=0.0039s batch_t=0.0343s epoch_t=00:00.46 lr=0.000316 | GPU MB alloc/reserved=69.9/854.0
2026-04-07 13:08:31 | INFO | [Round 10] Epoch 50/80 time=00:00.46 avg=00:00.41 ETA=00:12.16 | GPU MB alloc/reserved=69.9/854.0
2026-04-07 13:08:32 | INFO | [Round 10] epoch=51/80 loss=1.0606 acc=59.07 val_acc=nan data_t=0.0034s batch_t=0.0342s epoch_t=00:00.45 lr=0.000298 | GPU MB alloc/reserved=69.9/854.0
2026-04-07 13:08:32 | INFO | [Round 10] Epoch 51/80 time=00:00.45 avg=00:00.41 ETA=00:11.78 | GPU MB alloc/reserved=69.9/854.0
2026-04-07 13:08:32 | INFO | [Round 10] epoch=52/80 loss=1.0067 acc=61.27 val_acc=nan data_t=0.0023s batch_t=0.0337s epoch_t=00:00.43 lr=0.000280 | GPU MB alloc/reserved=69.9/854.0
2026-04-07 13:08:32 | INFO | [Round 10] Epoch 52/80 time=00:00.43 avg=00:00.41 ETA=00:11.39 | GPU MB alloc/reserved=69.9/854.0
2026-04-07 13:08:32 | INFO | [Round 10] epoch=53/80 loss=1.0137 acc=62.53 val_acc=nan data_t=0.0024s batch_t=0.0089s epoch_t=00:00.14 lr=0.000263 | GPU MB alloc/reserved=69.9/854.0
2026-04-07 13:08:32 | INFO | [Round 10] Epoch 53/80 time=00:00.14 avg=00:00.40 ETA=00:10.84 | GPU MB alloc/reserved=69.9/854.0
2026-04-07 13:08:33 | INFO | [Round 10] epoch=54/80 loss=1.0060 acc=61.80 val_acc=nan data_t=0.0022s batch_t=0.0335s epoch_t=00:00.43 lr=0.000246 | GPU MB alloc/reserved=69.9/854.0
2026-04-07 13:08:33 | INFO | [Round 10] Epoch 54/80 time=00:00.43 avg=00:00.40 ETA=00:10.46 | GPU MB alloc/reserved=69.9/854.0
2026-04-07 13:08:33 | INFO | [Round 10] epoch=55/80 loss=0.9911 acc=62.47 val_acc=nan data_t=0.0024s batch_t=0.0343s epoch_t=00:00.44 lr=0.000230 | GPU MB alloc/reserved=69.9/854.0
2026-04-07 13:08:33 | INFO | [Round 10] Epoch 55/80 time=00:00.44 avg=00:00.40 ETA=00:10.07 | GPU MB alloc/reserved=69.9/854.0
2026-04-07 13:08:34 | INFO | [Round 10] epoch=56/80 loss=0.9819 acc=62.27 val_acc=nan data_t=0.0025s batch_t=0.0342s epoch_t=00:00.44 lr=0.000214 | GPU MB alloc/reserved=69.9/854.0
2026-04-07 13:08:34 | INFO | [Round 10] Epoch 56/80 time=00:00.44 avg=00:00.40 ETA=00:09.68 | GPU MB alloc/reserved=69.9/854.0
2026-04-07 13:08:34 | INFO | [Round 10] epoch=57/80 loss=0.9805 acc=61.73 val_acc=nan data_t=0.0025s batch_t=0.0343s epoch_t=00:00.44 lr=0.000199 | GPU MB alloc/reserved=69.9/854.0
2026-04-07 13:08:34 | INFO | [Round 10] Epoch 57/80 time=00:00.44 avg=00:00.40 ETA=00:09.30 | GPU MB alloc/reserved=69.9/854.0
2026-04-07 13:08:35 | INFO | [Round 10] epoch=58/80 loss=0.9588 acc=63.67 val_acc=nan data_t=0.0025s batch_t=0.0342s epoch_t=00:00.44 lr=0.000184 | GPU MB alloc/reserved=69.9/854.0
2026-04-07 13:08:35 | INFO | [Round 10] Epoch 58/80 time=00:00.44 avg=00:00.40 ETA=00:08.91 | GPU MB alloc/reserved=69.9/854.0
2026-04-07 13:08:35 | INFO | [Round 10] epoch=59/80 loss=0.9755 acc=63.80 val_acc=nan data_t=0.0027s batch_t=0.0109s epoch_t=00:00.16 lr=0.000169 | GPU MB alloc/reserved=69.9/854.0
2026-04-07 13:08:35 | INFO | [Round 10] Epoch 59/80 time=00:00.16 avg=00:00.40 ETA=00:08.41 | GPU MB alloc/reserved=69.9/854.0
2026-04-07 13:08:35 | INFO | [Round 10] epoch=60/80 loss=0.9279 acc=64.53 val_acc=nan data_t=0.0027s batch_t=0.0222s epoch_t=00:00.30 lr=0.000155 | GPU MB alloc/reserved=69.9/854.0
2026-04-07 13:08:35 | INFO | [Round 10] Epoch 60/80 time=00:00.30 avg=00:00.40 ETA=00:07.98 | GPU MB alloc/reserved=69.9/854.0
2026-04-07 13:08:36 | INFO | [Round 10] epoch=61/80 loss=0.9275 acc=64.40 val_acc=nan data_t=0.0028s batch_t=0.0341s epoch_t=00:00.44 lr=0.000142 | GPU MB alloc/reserved=69.9/854.0
2026-04-07 13:08:36 | INFO | [Round 10] Epoch 61/80 time=00:00.44 avg=00:00.40 ETA=00:07.59 | GPU MB alloc/reserved=69.9/854.0
2026-04-07 13:08:36 | INFO | [Round 10] epoch=62/80 loss=0.8947 acc=68.33 val_acc=nan data_t=0.0026s batch_t=0.0343s epoch_t=00:00.44 lr=0.000129 | GPU MB alloc/reserved=69.9/854.0
2026-04-07 13:08:36 | INFO | [Round 10] Epoch 62/80 time=00:00.44 avg=00:00.40 ETA=00:07.21 | GPU MB alloc/reserved=69.9/854.0
2026-04-07 13:08:36 | INFO | [Round 10] epoch=63/80 loss=0.9117 acc=64.67 val_acc=nan data_t=0.0038s batch_t=0.0343s epoch_t=00:00.46 lr=0.000116 | GPU MB alloc/reserved=69.9/854.0
2026-04-07 13:08:36 | INFO | [Round 10] Epoch 63/80 time=00:00.46 avg=00:00.40 ETA=00:06.82 | GPU MB alloc/reserved=69.9/854.0
2026-04-07 13:08:37 | INFO | [Round 10] epoch=64/80 loss=0.9181 acc=66.93 val_acc=nan data_t=0.0034s batch_t=0.0342s epoch_t=00:00.45 lr=0.000105 | GPU MB alloc/reserved=69.9/854.0
2026-04-07 13:08:37 | INFO | [Round 10] Epoch 64/80 time=00:00.45 avg=00:00.40 ETA=00:06.43 | GPU MB alloc/reserved=69.9/854.0
2026-04-07 13:08:37 | INFO | [Round 10] epoch=65/80 loss=0.9116 acc=64.60 val_acc=nan data_t=0.0034s batch_t=0.0195s epoch_t=00:00.27 lr=0.000093 | GPU MB alloc/reserved=69.9/854.0
2026-04-07 13:08:37 | INFO | [Round 10] Epoch 65/80 time=00:00.27 avg=00:00.40 ETA=00:06.00 | GPU MB alloc/reserved=69.9/854.0
2026-04-07 13:08:37 | INFO | [Round 10] epoch=66/80 loss=0.9121 acc=65.13 val_acc=nan data_t=0.0038s batch_t=0.0182s epoch_t=00:00.26 lr=0.000083 | GPU MB alloc/reserved=69.9/854.0
2026-04-07 13:08:37 | INFO | [Round 10] Epoch 66/80 time=00:00.26 avg=00:00.40 ETA=00:05.57 | GPU MB alloc/reserved=69.9/854.0
2026-04-07 13:08:38 | INFO | [Round 10] epoch=67/80 loss=0.8873 acc=66.40 val_acc=nan data_t=0.0032s batch_t=0.0342s epoch_t=00:00.45 lr=0.000073 | GPU MB alloc/reserved=69.9/854.0
2026-04-07 13:08:38 | INFO | [Round 10] Epoch 67/80 time=00:00.45 avg=00:00.40 ETA=00:05.19 | GPU MB alloc/reserved=69.9/854.0
2026-04-07 13:08:38 | INFO | [Round 10] epoch=68/80 loss=0.8670 acc=68.20 val_acc=nan data_t=0.0035s batch_t=0.0342s epoch_t=00:00.45 lr=0.000064 | GPU MB alloc/reserved=69.9/854.0
2026-04-07 13:08:38 | INFO | [Round 10] Epoch 68/80 time=00:00.45 avg=00:00.40 ETA=00:04.80 | GPU MB alloc/reserved=69.9/854.0
2026-04-07 13:08:39 | INFO | [Round 10] epoch=69/80 loss=0.8772 acc=66.73 val_acc=nan data_t=0.0039s batch_t=0.0343s epoch_t=00:00.46 lr=0.000055 | GPU MB alloc/reserved=69.9/854.0
2026-04-07 13:08:39 | INFO | [Round 10] Epoch 69/80 time=00:00.46 avg=00:00.40 ETA=00:04.41 | GPU MB alloc/reserved=69.9/854.0
2026-04-07 13:08:39 | INFO | [Round 10] epoch=70/80 loss=0.8803 acc=67.20 val_acc=nan data_t=0.0039s batch_t=0.0342s epoch_t=00:00.46 lr=0.000048 | GPU MB alloc/reserved=69.9/854.0
2026-04-07 13:08:39 | INFO | [Round 10] Epoch 70/80 time=00:00.46 avg=00:00.40 ETA=00:04.01 | GPU MB alloc/reserved=69.9/854.0
2026-04-07 13:08:40 | INFO | [Round 10] epoch=71/80 loss=0.8824 acc=65.87 val_acc=nan data_t=0.0035s batch_t=0.0215s epoch_t=00:00.30 lr=0.000041 | GPU MB alloc/reserved=69.9/854.0
2026-04-07 13:08:40 | INFO | [Round 10] Epoch 71/80 time=00:00.30 avg=00:00.40 ETA=00:03.60 | GPU MB alloc/reserved=69.9/854.0
2026-04-07 13:08:40 | INFO | [Round 10] epoch=72/80 loss=0.8673 acc=67.00 val_acc=nan data_t=0.0034s batch_t=0.0146s epoch_t=00:00.22 lr=0.000034 | GPU MB alloc/reserved=69.9/854.0
2026-04-07 13:08:40 | INFO | [Round 10] Epoch 72/80 time=00:00.22 avg=00:00.40 ETA=00:03.18 | GPU MB alloc/reserved=69.9/854.0
2026-04-07 13:08:40 | INFO | [Round 10] epoch=73/80 loss=0.8820 acc=67.87 val_acc=nan data_t=0.0033s batch_t=0.0343s epoch_t=00:00.45 lr=0.000029 | GPU MB alloc/reserved=69.9/854.0
2026-04-07 13:08:40 | INFO | [Round 10] Epoch 73/80 time=00:00.45 avg=00:00.40 ETA=00:02.79 | GPU MB alloc/reserved=69.9/854.0
2026-04-07 13:08:41 | INFO | [Round 10] epoch=74/80 loss=0.8587 acc=69.73 val_acc=nan data_t=0.0045s batch_t=0.0343s epoch_t=00:00.47 lr=0.000024 | GPU MB alloc/reserved=69.9/854.0
2026-04-07 13:08:41 | INFO | [Round 10] Epoch 74/80 time=00:00.47 avg=00:00.40 ETA=00:02.39 | GPU MB alloc/reserved=69.9/854.0
2026-04-07 13:08:41 | INFO | [Round 10] epoch=75/80 loss=0.8878 acc=66.87 val_acc=nan data_t=0.0026s batch_t=0.0343s epoch_t=00:00.44 lr=0.000020 | GPU MB alloc/reserved=69.9/854.0
2026-04-07 13:08:41 | INFO | [Round 10] Epoch 75/80 time=00:00.44 avg=00:00.40 ETA=00:02.00 | GPU MB alloc/reserved=69.9/854.0
2026-04-07 13:08:42 | INFO | [Round 10] epoch=76/80 loss=0.8725 acc=66.80 val_acc=nan data_t=0.0036s batch_t=0.0341s epoch_t=00:00.45 lr=0.000016 | GPU MB alloc/reserved=69.9/854.0
2026-04-07 13:08:42 | INFO | [Round 10] Epoch 76/80 time=00:00.45 avg=00:00.40 ETA=00:01.60 | GPU MB alloc/reserved=69.9/854.0
2026-04-07 13:08:42 | INFO | [Round 10] epoch=77/80 loss=0.8563 acc=68.20 val_acc=nan data_t=0.0041s batch_t=0.0256s epoch_t=00:00.36 lr=0.000013 | GPU MB alloc/reserved=69.9/854.0
2026-04-07 13:08:42 | INFO | [Round 10] Epoch 77/80 time=00:00.36 avg=00:00.40 ETA=00:01.20 | GPU MB alloc/reserved=69.9/854.0
2026-04-07 13:08:42 | INFO | [Round 10] epoch=78/80 loss=0.8863 acc=66.53 val_acc=nan data_t=0.0034s batch_t=0.0148s epoch_t=00:00.22 lr=0.000012 | GPU MB alloc/reserved=69.9/854.0
2026-04-07 13:08:42 | INFO | [Round 10] Epoch 78/80 time=00:00.22 avg=00:00.40 ETA=00:00.79 | GPU MB alloc/reserved=69.9/854.0
2026-04-07 13:08:43 | INFO | [Round 10] epoch=79/80 loss=0.8717 acc=68.80 val_acc=nan data_t=0.0032s batch_t=0.0342s epoch_t=00:00.45 lr=0.000010 | GPU MB alloc/reserved=69.9/854.0
2026-04-07 13:08:43 | INFO | [Round 10] Epoch 79/80 time=00:00.45 avg=00:00.40 ETA=00:00.40 | GPU MB alloc/reserved=69.9/854.0
2026-04-07 13:08:43 | INFO | [Round 10] epoch=80/80 loss=0.8590 acc=67.00 val_acc=nan data_t=0.0034s batch_t=0.0342s epoch_t=00:00.45 lr=0.000010 | GPU MB alloc/reserved=69.9/854.0
2026-04-07 13:08:43 | INFO | [Round 10] Epoch 80/80 time=00:00.45 avg=00:00.40 ETA=00:00.00 | GPU MB alloc/reserved=69.9/854.0
2026-04-07 13:08:43 | INFO | [Round 10] training complete in 00:32.01 (best monitor=69.733) | GPU MB alloc/reserved=69.9/854.0
2026-04-07 13:08:43 | INFO | [Round 10] evaluation started | GPU MB alloc/reserved=52.0/854.0
2026-04-07 13:08:46 | INFO | [Round 10] clean=55.70 fgsm=45.40 pgd=45.14 grad_disp_mean=nan grad_disp_sel=nan round_t=35.44s | GPU MB alloc/reserved=52.0/854.0
2026-04-07 13:08:46 | INFO | [Round 11/21] elapsed=00:35.44 avg_round=00:27.15 projected_remaining=04:31.46 | GPU MB alloc/reserved=52.0/854.0
2026-04-07 13:08:47 | INFO | [Round 11] acquisition on pool_size=48500 scored_pool=5000 budget=100 | GPU MB alloc/reserved=34.1/854.0
2026-04-07 13:08:47 | INFO | [CoreSet-unlabeled-feat] scoring progress 10/20 elapsed=00:00.23 avg/batch=0.023s ETA=00:00.23 | GPU MB alloc/reserved=40.6/854.0
2026-04-07 13:08:47 | INFO | [CoreSet-unlabeled-feat] scoring progress 20/20 elapsed=00:00.25 avg/batch=0.013s ETA=00:00.00 | GPU MB alloc/reserved=41.3/854.0
2026-04-07 13:08:47 | INFO | [CoreSet-labeled-feat] scoring progress 6/6 elapsed=00:00.19 avg/batch=0.031s ETA=00:00.00 | GPU MB alloc/reserved=43.9/854.0
2026-04-07 13:08:47 | INFO | [CoreSet] greedy 10/100 cover_radius=22.711828 | GPU: n/a
2026-04-07 13:08:47 | INFO | [CoreSet] greedy 20/100 cover_radius=22.137018 | GPU: n/a
2026-04-07 13:08:47 | INFO | [CoreSet] greedy 30/100 cover_radius=21.358147 | GPU: n/a
2026-04-07 13:08:47 | INFO | [CoreSet] greedy 40/100 cover_radius=21.018930 | GPU: n/a
2026-04-07 13:08:48 | INFO | [CoreSet] greedy 50/100 cover_radius=20.859440 | GPU: n/a
2026-04-07 13:08:48 | INFO | [CoreSet] greedy 60/100 cover_radius=20.511572 | GPU: n/a
2026-04-07 13:08:48 | INFO | [CoreSet] greedy 70/100 cover_radius=20.362486 | GPU: n/a
2026-04-07 13:08:48 | INFO | [CoreSet] greedy 80/100 cover_radius=20.162607 | GPU: n/a
2026-04-07 13:08:48 | INFO | [CoreSet] greedy 90/100 cover_radius=19.915667 | GPU: n/a
2026-04-07 13:08:48 | INFO | [CoreSet] greedy 100/100 cover_radius=19.793510 | GPU: n/a
2026-04-07 13:08:48 | INFO | [Round 11] labeled=1600 train=1600 val_fixed=0 | GPU MB alloc/reserved=43.1/854.0
2026-04-07 13:08:49 | INFO | [Round 11] epoch=1/80 loss=4.3774 acc=15.69 val_acc=nan data_t=0.0134s batch_t=0.0158s epoch_t=00:00.38 lr=0.001000 | GPU MB alloc/reserved=69.9/854.0
2026-04-07 13:08:49 | INFO | [Round 11] Epoch 1/80 time=00:00.38 avg=00:00.38 ETA=00:30.03 | GPU MB alloc/reserved=69.9/854.0
2026-04-07 13:08:49 | INFO | [Round 11] epoch=2/80 loss=2.2481 acc=20.12 val_acc=nan data_t=0.0023s batch_t=0.0292s epoch_t=00:00.41 lr=0.000998 | GPU MB alloc/reserved=69.9/854.0
2026-04-07 13:08:49 | INFO | [Round 11] Epoch 2/80 time=00:00.41 avg=00:00.39 ETA=00:30.79 | GPU MB alloc/reserved=69.9/854.0
2026-04-07 13:08:50 | INFO | [Round 11] epoch=3/80 loss=2.0416 acc=25.75 val_acc=nan data_t=0.0023s batch_t=0.0340s epoch_t=00:00.47 lr=0.000997 | GPU MB alloc/reserved=69.9/854.0
2026-04-07 13:08:50 | INFO | [Round 11] Epoch 3/80 time=00:00.47 avg=00:00.42 ETA=00:32.40 | GPU MB alloc/reserved=69.9/854.0
2026-04-07 13:08:50 | INFO | [Round 11] epoch=4/80 loss=1.9734 acc=27.31 val_acc=nan data_t=0.0022s batch_t=0.0344s epoch_t=00:00.47 lr=0.000994 | GPU MB alloc/reserved=69.9/854.0
2026-04-07 13:08:50 | INFO | [Round 11] Epoch 4/80 time=00:00.47 avg=00:00.43 ETA=00:33.01 | GPU MB alloc/reserved=69.9/854.0
2026-04-07 13:08:51 | INFO | [Round 11] epoch=5/80 loss=1.9258 acc=30.19 val_acc=nan data_t=0.0037s batch_t=0.0341s epoch_t=00:00.49 lr=0.000990 | GPU MB alloc/reserved=69.9/854.0
2026-04-07 13:08:51 | INFO | [Round 11] Epoch 5/80 time=00:00.49 avg=00:00.45 ETA=00:33.43 | GPU MB alloc/reserved=69.9/854.0
2026-04-07 13:08:51 | INFO | [Round 11] epoch=6/80 loss=1.8777 acc=30.75 val_acc=nan data_t=0.0031s batch_t=0.0299s epoch_t=00:00.43 lr=0.000986 | GPU MB alloc/reserved=69.9/854.0
2026-04-07 13:08:51 | INFO | [Round 11] Epoch 6/80 time=00:00.43 avg=00:00.44 ETA=00:32.78 | GPU MB alloc/reserved=69.9/854.0
2026-04-07 13:08:51 | INFO | [Round 11] epoch=7/80 loss=1.8314 acc=32.81 val_acc=nan data_t=0.0031s batch_t=0.0089s epoch_t=00:00.16 lr=0.000981 | GPU MB alloc/reserved=69.9/854.0
2026-04-07 13:08:51 | INFO | [Round 11] Epoch 7/80 time=00:00.16 avg=00:00.40 ETA=00:29.34 | GPU MB alloc/reserved=69.9/854.0
2026-04-07 13:08:52 | INFO | [Round 11] epoch=8/80 loss=1.8188 acc=34.38 val_acc=nan data_t=0.0024s batch_t=0.0341s epoch_t=00:00.47 lr=0.000976 | GPU MB alloc/reserved=69.9/854.0
2026-04-07 13:08:52 | INFO | [Round 11] Epoch 8/80 time=00:00.47 avg=00:00.41 ETA=00:29.59 | GPU MB alloc/reserved=69.9/854.0
2026-04-07 13:08:52 | INFO | [Round 11] epoch=9/80 loss=1.7797 acc=34.88 val_acc=nan data_t=0.0025s batch_t=0.0341s epoch_t=00:00.48 lr=0.000969 | GPU MB alloc/reserved=69.9/854.0
2026-04-07 13:08:52 | INFO | [Round 11] Epoch 9/80 time=00:00.48 avg=00:00.42 ETA=00:29.69 | GPU MB alloc/reserved=69.9/854.0
2026-04-07 13:08:53 | INFO | [Round 11] epoch=10/80 loss=1.7327 acc=35.62 val_acc=nan data_t=0.0031s batch_t=0.0340s epoch_t=00:00.48 lr=0.000962 | GPU MB alloc/reserved=69.9/854.0
2026-04-07 13:08:53 | INFO | [Round 11] Epoch 10/80 time=00:00.48 avg=00:00.42 ETA=00:29.72 | GPU MB alloc/reserved=69.9/854.0
2026-04-07 13:08:53 | INFO | [Round 11] epoch=11/80 loss=1.6981 acc=37.69 val_acc=nan data_t=0.0034s batch_t=0.0340s epoch_t=00:00.49 lr=0.000955 | GPU MB alloc/reserved=69.9/854.0
2026-04-07 13:08:53 | INFO | [Round 11] Epoch 11/80 time=00:00.49 avg=00:00.43 ETA=00:29.69 | GPU MB alloc/reserved=69.9/854.0
2026-04-07 13:08:54 | INFO | [Round 11] epoch=12/80 loss=1.6790 acc=37.62 val_acc=nan data_t=0.0024s batch_t=0.0237s epoch_t=00:00.34 lr=0.000946 | GPU MB alloc/reserved=69.9/854.0
2026-04-07 13:08:54 | INFO | [Round 11] Epoch 12/80 time=00:00.34 avg=00:00.42 ETA=00:28.74 | GPU MB alloc/reserved=69.9/854.0
2026-04-07 13:08:54 | INFO | [Round 11] epoch=13/80 loss=1.6649 acc=38.56 val_acc=nan data_t=0.0032s batch_t=0.0188s epoch_t=00:00.29 lr=0.000937 | GPU MB alloc/reserved=69.9/854.0
2026-04-07 13:08:54 | INFO | [Round 11] Epoch 13/80 time=00:00.29 avg=00:00.41 ETA=00:27.61 | GPU MB alloc/reserved=69.9/854.0
2026-04-07 13:08:54 | INFO | [Round 11] epoch=14/80 loss=1.6184 acc=37.94 val_acc=nan data_t=0.0031s batch_t=0.0341s epoch_t=00:00.48 lr=0.000927 | GPU MB alloc/reserved=69.9/854.0
2026-04-07 13:08:54 | INFO | [Round 11] Epoch 14/80 time=00:00.48 avg=00:00.42 ETA=00:27.53 | GPU MB alloc/reserved=69.9/854.0
2026-04-07 13:08:55 | INFO | [Round 11] epoch=15/80 loss=1.6063 acc=41.38 val_acc=nan data_t=0.0031s batch_t=0.0341s epoch_t=00:00.48 lr=0.000917 | GPU MB alloc/reserved=69.9/854.0
2026-04-07 13:08:55 | INFO | [Round 11] Epoch 15/80 time=00:00.48 avg=00:00.42 ETA=00:27.41 | GPU MB alloc/reserved=69.9/854.0
2026-04-07 13:08:55 | INFO | [Round 11] epoch=16/80 loss=1.5773 acc=41.19 val_acc=nan data_t=0.0032s batch_t=0.0341s epoch_t=00:00.48 lr=0.000905 | GPU MB alloc/reserved=69.9/854.0
2026-04-07 13:08:55 | INFO | [Round 11] Epoch 16/80 time=00:00.48 avg=00:00.43 ETA=00:27.24 | GPU MB alloc/reserved=69.9/854.0
2026-04-07 13:08:56 | INFO | [Round 11] epoch=17/80 loss=1.5395 acc=42.81 val_acc=nan data_t=0.0031s batch_t=0.0341s epoch_t=00:00.48 lr=0.000894 | GPU MB alloc/reserved=69.9/854.0
2026-04-07 13:08:56 | INFO | [Round 11] Epoch 17/80 time=00:00.48 avg=00:00.43 ETA=00:27.03 | GPU MB alloc/reserved=69.9/854.0
2026-04-07 13:08:56 | INFO | [Round 11] epoch=18/80 loss=1.5457 acc=41.25 val_acc=nan data_t=0.0031s batch_t=0.0125s epoch_t=00:00.20 lr=0.000881 | GPU MB alloc/reserved=69.9/854.0
2026-04-07 13:08:56 | INFO | [Round 11] Epoch 18/80 time=00:00.20 avg=00:00.42 ETA=00:25.82 | GPU MB alloc/reserved=69.9/854.0
2026-04-07 13:08:56 | INFO | [Round 11] epoch=19/80 loss=1.5184 acc=42.44 val_acc=nan data_t=0.0025s batch_t=0.0251s epoch_t=00:00.36 lr=0.000868 | GPU MB alloc/reserved=69.9/854.0
2026-04-07 13:08:56 | INFO | [Round 11] Epoch 19/80 time=00:00.36 avg=00:00.41 ETA=00:25.22 | GPU MB alloc/reserved=69.9/854.0
2026-04-07 13:08:57 | INFO | [Round 11] epoch=20/80 loss=1.4895 acc=44.44 val_acc=nan data_t=0.0021s batch_t=0.0341s epoch_t=00:00.47 lr=0.000855 | GPU MB alloc/reserved=69.9/854.0
2026-04-07 13:08:57 | INFO | [Round 11] Epoch 20/80 time=00:00.47 avg=00:00.42 ETA=00:24.98 | GPU MB alloc/reserved=69.9/854.0
2026-04-07 13:08:57 | INFO | [Round 11] epoch=21/80 loss=1.4640 acc=44.19 val_acc=nan data_t=0.0022s batch_t=0.0340s epoch_t=00:00.47 lr=0.000841 | GPU MB alloc/reserved=69.9/854.0
2026-04-07 13:08:57 | INFO | [Round 11] Epoch 21/80 time=00:00.47 avg=00:00.42 ETA=00:24.72 | GPU MB alloc/reserved=69.9/854.0
2026-04-07 13:08:58 | INFO | [Round 11] epoch=22/80 loss=1.4645 acc=45.38 val_acc=nan data_t=0.0030s batch_t=0.0340s epoch_t=00:00.48 lr=0.000826 | GPU MB alloc/reserved=69.9/854.0
2026-04-07 13:08:58 | INFO | [Round 11] Epoch 22/80 time=00:00.48 avg=00:00.42 ETA=00:24.46 | GPU MB alloc/reserved=69.9/854.0
2026-04-07 13:08:58 | INFO | [Round 11] epoch=23/80 loss=1.4426 acc=46.06 val_acc=nan data_t=0.0034s batch_t=0.0341s epoch_t=00:00.49 lr=0.000811 | GPU MB alloc/reserved=69.9/854.0
2026-04-07 13:08:58 | INFO | [Round 11] Epoch 23/80 time=00:00.49 avg=00:00.42 ETA=00:24.20 | GPU MB alloc/reserved=69.9/854.0
2026-04-07 13:08:58 | INFO | [Round 11] epoch=24/80 loss=1.4073 acc=48.25 val_acc=nan data_t=0.0033s batch_t=0.0093s epoch_t=00:00.16 lr=0.000796 | GPU MB alloc/reserved=69.9/854.0
2026-04-07 13:08:58 | INFO | [Round 11] Epoch 24/80 time=00:00.16 avg=00:00.41 ETA=00:23.17 | GPU MB alloc/reserved=69.9/854.0
2026-04-07 13:08:59 | INFO | [Round 11] epoch=25/80 loss=1.3994 acc=47.75 val_acc=nan data_t=0.0023s batch_t=0.0330s epoch_t=00:00.46 lr=0.000780 | GPU MB alloc/reserved=69.9/854.0
2026-04-07 13:08:59 | INFO | [Round 11] Epoch 25/80 time=00:00.46 avg=00:00.42 ETA=00:22.86 | GPU MB alloc/reserved=69.9/854.0
2026-04-07 13:08:59 | INFO | [Round 11] epoch=26/80 loss=1.4074 acc=47.69 val_acc=nan data_t=0.0045s batch_t=0.0342s epoch_t=00:00.50 lr=0.000764 | GPU MB alloc/reserved=69.9/854.0
2026-04-07 13:08:59 | INFO | [Round 11] Epoch 26/80 time=00:00.50 avg=00:00.42 ETA=00:22.62 | GPU MB alloc/reserved=69.9/854.0
2026-04-07 13:09:00 | INFO | [Round 11] epoch=27/80 loss=1.3474 acc=49.69 val_acc=nan data_t=0.0032s batch_t=0.0341s epoch_t=00:00.48 lr=0.000747 | GPU MB alloc/reserved=69.9/854.0
2026-04-07 13:09:00 | INFO | [Round 11] Epoch 27/80 time=00:00.48 avg=00:00.42 ETA=00:22.33 | GPU MB alloc/reserved=69.9/854.0
2026-04-07 13:09:00 | INFO | [Round 11] epoch=28/80 loss=1.3466 acc=48.94 val_acc=nan data_t=0.0031s batch_t=0.0341s epoch_t=00:00.48 lr=0.000730 | GPU MB alloc/reserved=69.9/854.0
2026-04-07 13:09:00 | INFO | [Round 11] Epoch 28/80 time=00:00.48 avg=00:00.42 ETA=00:22.03 | GPU MB alloc/reserved=69.9/854.0
2026-04-07 13:09:01 | INFO | [Round 11] epoch=29/80 loss=1.3459 acc=48.50 val_acc=nan data_t=0.0021s batch_t=0.0264s epoch_t=00:00.37 lr=0.000712 | GPU MB alloc/reserved=69.9/854.0
2026-04-07 13:09:01 | INFO | [Round 11] Epoch 29/80 time=00:00.37 avg=00:00.42 ETA=00:21.51 | GPU MB alloc/reserved=69.9/854.0
2026-04-07 13:09:01 | INFO | [Round 11] epoch=30/80 loss=1.2889 acc=53.38 val_acc=nan data_t=0.0028s batch_t=0.0130s epoch_t=00:00.21 lr=0.000694 | GPU MB alloc/reserved=69.9/854.0
2026-04-07 13:09:01 | INFO | [Round 11] Epoch 30/80 time=00:00.21 avg=00:00.41 ETA=00:20.73 | GPU MB alloc/reserved=69.9/854.0
2026-04-07 13:09:01 | INFO | [Round 11] epoch=31/80 loss=1.2962 acc=51.56 val_acc=nan data_t=0.0030s batch_t=0.0340s epoch_t=00:00.48 lr=0.000676 | GPU MB alloc/reserved=69.9/854.0
2026-04-07 13:09:01 | INFO | [Round 11] Epoch 31/80 time=00:00.48 avg=00:00.42 ETA=00:20.42 | GPU MB alloc/reserved=69.9/854.0
2026-04-07 13:09:02 | INFO | [Round 11] epoch=32/80 loss=1.3074 acc=52.00 val_acc=nan data_t=0.0036s batch_t=0.0342s epoch_t=00:00.49 lr=0.000658 | GPU MB alloc/reserved=69.9/854.0
2026-04-07 13:09:02 | INFO | [Round 11] Epoch 32/80 time=00:00.49 avg=00:00.42 ETA=00:20.11 | GPU MB alloc/reserved=69.9/854.0
2026-04-07 13:09:02 | INFO | [Round 11] epoch=33/80 loss=1.2523 acc=53.31 val_acc=nan data_t=0.0033s batch_t=0.0340s epoch_t=00:00.49 lr=0.000639 | GPU MB alloc/reserved=69.9/854.0
2026-04-07 13:09:02 | INFO | [Round 11] Epoch 33/80 time=00:00.49 avg=00:00.42 ETA=00:19.79 | GPU MB alloc/reserved=69.9/854.0
2026-04-07 13:09:03 | INFO | [Round 11] epoch=34/80 loss=1.2488 acc=53.19 val_acc=nan data_t=0.0033s batch_t=0.0343s epoch_t=00:00.49 lr=0.000621 | GPU MB alloc/reserved=69.9/854.0
2026-04-07 13:09:03 | INFO | [Round 11] Epoch 34/80 time=00:00.49 avg=00:00.42 ETA=00:19.46 | GPU MB alloc/reserved=69.9/854.0
2026-04-07 13:09:03 | INFO | [Round 11] epoch=35/80 loss=1.2163 acc=52.81 val_acc=nan data_t=0.0038s batch_t=0.0166s epoch_t=00:00.26 lr=0.000602 | GPU MB alloc/reserved=69.9/854.0
2026-04-07 13:09:03 | INFO | [Round 11] Epoch 35/80 time=00:00.26 avg=00:00.42 ETA=00:18.83 | GPU MB alloc/reserved=69.9/854.0
2026-04-07 13:09:03 | INFO | [Round 11] epoch=36/80 loss=1.1864 acc=54.31 val_acc=nan data_t=0.0023s batch_t=0.0204s epoch_t=00:00.30 lr=0.000582 | GPU MB alloc/reserved=69.9/854.0
2026-04-07 13:09:03 | INFO | [Round 11] Epoch 36/80 time=00:00.30 avg=00:00.42 ETA=00:18.26 | GPU MB alloc/reserved=69.9/854.0
2026-04-07 13:09:04 | INFO | [Round 11] epoch=37/80 loss=1.1767 acc=55.12 val_acc=nan data_t=0.0049s batch_t=0.0341s epoch_t=00:00.51 lr=0.000563 | GPU MB alloc/reserved=69.9/854.0
2026-04-07 13:09:04 | INFO | [Round 11] Epoch 37/80 time=00:00.51 avg=00:00.42 ETA=00:17.96 | GPU MB alloc/reserved=69.9/854.0
2026-04-07 13:09:04 | INFO | [Round 11] epoch=38/80 loss=1.1896 acc=55.31 val_acc=nan data_t=0.0023s batch_t=0.0340s epoch_t=00:00.47 lr=0.000544 | GPU MB alloc/reserved=69.9/854.0
2026-04-07 13:09:04 | INFO | [Round 11] Epoch 38/80 time=00:00.47 avg=00:00.42 ETA=00:17.60 | GPU MB alloc/reserved=69.9/854.0
2026-04-07 13:09:05 | INFO | [Round 11] epoch=39/80 loss=1.1839 acc=56.31 val_acc=nan data_t=0.0023s batch_t=0.0342s epoch_t=00:00.48 lr=0.000524 | GPU MB alloc/reserved=69.9/854.0
2026-04-07 13:09:05 | INFO | [Round 11] Epoch 39/80 time=00:00.48 avg=00:00.42 ETA=00:17.24 | GPU MB alloc/reserved=69.9/854.0
2026-04-07 13:09:05 | INFO | [Round 11] epoch=40/80 loss=1.1441 acc=56.38 val_acc=nan data_t=0.0021s batch_t=0.0345s epoch_t=00:00.48 lr=0.000505 | GPU MB alloc/reserved=69.9/854.0
2026-04-07 13:09:05 | INFO | [Round 11] Epoch 40/80 time=00:00.48 avg=00:00.42 ETA=00:16.87 | GPU MB alloc/reserved=69.9/854.0
2026-04-07 13:09:06 | INFO | [Round 11] epoch=41/80 loss=1.1764 acc=57.06 val_acc=nan data_t=0.0035s batch_t=0.0103s epoch_t=00:00.18 lr=0.000486 | GPU MB alloc/reserved=69.9/854.0
2026-04-07 13:09:06 | INFO | [Round 11] Epoch 41/80 time=00:00.18 avg=00:00.42 ETA=00:16.22 | GPU MB alloc/reserved=69.9/854.0
2026-04-07 13:09:06 | INFO | [Round 11] epoch=42/80 loss=1.0941 acc=58.94 val_acc=nan data_t=0.0039s batch_t=0.0319s epoch_t=00:00.47 lr=0.000466 | GPU MB alloc/reserved=69.9/854.0
2026-04-07 13:09:06 | INFO | [Round 11] Epoch 42/80 time=00:00.47 avg=00:00.42 ETA=00:15.85 | GPU MB alloc/reserved=69.9/854.0
2026-04-07 13:09:06 | INFO | [Round 11] epoch=43/80 loss=1.0707 acc=59.50 val_acc=nan data_t=0.0021s batch_t=0.0341s epoch_t=00:00.47 lr=0.000447 | GPU MB alloc/reserved=69.9/854.0
2026-04-07 13:09:06 | INFO | [Round 11] Epoch 43/80 time=00:00.47 avg=00:00.42 ETA=00:15.48 | GPU MB alloc/reserved=69.9/854.0
2026-04-07 13:09:07 | INFO | [Round 11] epoch=44/80 loss=1.0937 acc=58.62 val_acc=nan data_t=0.0021s batch_t=0.0341s epoch_t=00:00.47 lr=0.000428 | GPU MB alloc/reserved=69.9/854.0
2026-04-07 13:09:07 | INFO | [Round 11] Epoch 44/80 time=00:00.47 avg=00:00.42 ETA=00:15.10 | GPU MB alloc/reserved=69.9/854.0
2026-04-07 13:09:07 | INFO | [Round 11] epoch=45/80 loss=1.0698 acc=59.75 val_acc=nan data_t=0.0032s batch_t=0.0341s epoch_t=00:00.48 lr=0.000408 | GPU MB alloc/reserved=69.9/854.0
2026-04-07 13:09:07 | INFO | [Round 11] Epoch 45/80 time=00:00.48 avg=00:00.42 ETA=00:14.73 | GPU MB alloc/reserved=69.9/854.0
2026-04-07 13:09:08 | INFO | [Round 11] epoch=46/80 loss=1.1023 acc=57.50 val_acc=nan data_t=0.0035s batch_t=0.0296s epoch_t=00:00.43 lr=0.000389 | GPU MB alloc/reserved=69.9/854.0
2026-04-07 13:09:08 | INFO | [Round 11] Epoch 46/80 time=00:00.43 avg=00:00.42 ETA=00:14.32 | GPU MB alloc/reserved=69.9/854.0
2026-04-07 13:09:08 | INFO | [Round 11] epoch=47/80 loss=1.0607 acc=59.81 val_acc=nan data_t=0.0021s batch_t=0.0085s epoch_t=00:00.14 lr=0.000371 | GPU MB alloc/reserved=69.9/854.0
2026-04-07 13:09:08 | INFO | [Round 11] Epoch 47/80 time=00:00.14 avg=00:00.42 ETA=00:13.70 | GPU MB alloc/reserved=69.9/854.0
2026-04-07 13:09:08 | INFO | [Round 11] epoch=48/80 loss=1.0499 acc=60.75 val_acc=nan data_t=0.0021s batch_t=0.0341s epoch_t=00:00.47 lr=0.000352 | GPU MB alloc/reserved=69.9/854.0
2026-04-07 13:09:08 | INFO | [Round 11] Epoch 48/80 time=00:00.47 avg=00:00.42 ETA=00:13.32 | GPU MB alloc/reserved=69.9/854.0
2026-04-07 13:09:09 | INFO | [Round 11] epoch=49/80 loss=1.0015 acc=61.88 val_acc=nan data_t=0.0034s batch_t=0.0343s epoch_t=00:00.49 lr=0.000334 | GPU MB alloc/reserved=69.9/854.0
2026-04-07 13:09:09 | INFO | [Round 11] Epoch 49/80 time=00:00.49 avg=00:00.42 ETA=00:12.95 | GPU MB alloc/reserved=69.9/854.0
2026-04-07 13:09:09 | INFO | [Round 11] epoch=50/80 loss=1.0084 acc=62.44 val_acc=nan data_t=0.0036s batch_t=0.0342s epoch_t=00:00.49 lr=0.000316 | GPU MB alloc/reserved=69.9/854.0
2026-04-07 13:09:09 | INFO | [Round 11] Epoch 50/80 time=00:00.49 avg=00:00.42 ETA=00:12.58 | GPU MB alloc/reserved=69.9/854.0
2026-04-07 13:09:10 | INFO | [Round 11] epoch=51/80 loss=0.9864 acc=62.44 val_acc=nan data_t=0.0033s batch_t=0.0342s epoch_t=00:00.49 lr=0.000298 | GPU MB alloc/reserved=69.9/854.0
2026-04-07 13:09:10 | INFO | [Round 11] Epoch 51/80 time=00:00.49 avg=00:00.42 ETA=00:12.20 | GPU MB alloc/reserved=69.9/854.0
2026-04-07 13:09:10 | INFO | [Round 11] epoch=52/80 loss=0.9780 acc=62.44 val_acc=nan data_t=0.0030s batch_t=0.0225s epoch_t=00:00.33 lr=0.000280 | GPU MB alloc/reserved=69.9/854.0
2026-04-07 13:09:10 | INFO | [Round 11] Epoch 52/80 time=00:00.33 avg=00:00.42 ETA=00:11.73 | GPU MB alloc/reserved=69.9/854.0
2026-04-07 13:09:11 | INFO | [Round 11] epoch=53/80 loss=0.9583 acc=63.06 val_acc=nan data_t=0.0025s batch_t=0.0189s epoch_t=00:00.28 lr=0.000263 | GPU MB alloc/reserved=69.9/854.0
2026-04-07 13:09:11 | INFO | [Round 11] Epoch 53/80 time=00:00.28 avg=00:00.42 ETA=00:11.24 | GPU MB alloc/reserved=69.9/854.0
2026-04-07 13:09:11 | INFO | [Round 11] epoch=54/80 loss=0.9686 acc=62.75 val_acc=nan data_t=0.0029s batch_t=0.0341s epoch_t=00:00.48 lr=0.000246 | GPU MB alloc/reserved=69.9/854.0
2026-04-07 13:09:11 | INFO | [Round 11] Epoch 54/80 time=00:00.48 avg=00:00.42 ETA=00:10.85 | GPU MB alloc/reserved=69.9/854.0
2026-04-07 13:09:11 | INFO | [Round 11] epoch=55/80 loss=0.9599 acc=62.81 val_acc=nan data_t=0.0022s batch_t=0.0341s epoch_t=00:00.47 lr=0.000230 | GPU MB alloc/reserved=69.9/854.0
2026-04-07 13:09:11 | INFO | [Round 11] Epoch 55/80 time=00:00.47 avg=00:00.42 ETA=00:10.46 | GPU MB alloc/reserved=69.9/854.0
2026-04-07 13:09:12 | INFO | [Round 11] epoch=56/80 loss=0.9420 acc=64.50 val_acc=nan data_t=0.0022s batch_t=0.0342s epoch_t=00:00.47 lr=0.000214 | GPU MB alloc/reserved=69.9/854.0
2026-04-07 13:09:12 | INFO | [Round 11] Epoch 56/80 time=00:00.47 avg=00:00.42 ETA=00:10.07 | GPU MB alloc/reserved=69.9/854.0
2026-04-07 13:09:12 | INFO | [Round 11] epoch=57/80 loss=0.9270 acc=65.19 val_acc=nan data_t=0.0021s batch_t=0.0343s epoch_t=00:00.47 lr=0.000199 | GPU MB alloc/reserved=69.9/854.0
2026-04-07 13:09:12 | INFO | [Round 11] Epoch 57/80 time=00:00.47 avg=00:00.42 ETA=00:09.67 | GPU MB alloc/reserved=69.9/854.0
2026-04-07 13:09:13 | INFO | [Round 11] epoch=58/80 loss=0.9431 acc=63.75 val_acc=nan data_t=0.0021s batch_t=0.0165s epoch_t=00:00.24 lr=0.000184 | GPU MB alloc/reserved=69.9/854.0
2026-04-07 13:09:13 | INFO | [Round 11] Epoch 58/80 time=00:00.24 avg=00:00.42 ETA=00:09.18 | GPU MB alloc/reserved=69.9/854.0
2026-04-07 13:09:13 | INFO | [Round 11] epoch=59/80 loss=0.9228 acc=64.56 val_acc=nan data_t=0.0022s batch_t=0.0248s epoch_t=00:00.35 lr=0.000169 | GPU MB alloc/reserved=69.9/854.0
2026-04-07 13:09:13 | INFO | [Round 11] Epoch 59/80 time=00:00.35 avg=00:00.42 ETA=00:08.74 | GPU MB alloc/reserved=69.9/854.0
2026-04-07 13:09:14 | INFO | [Round 11] epoch=60/80 loss=0.9152 acc=65.75 val_acc=nan data_t=0.0022s batch_t=0.0341s epoch_t=00:00.47 lr=0.000155 | GPU MB alloc/reserved=69.9/854.0
2026-04-07 13:09:14 | INFO | [Round 11] Epoch 60/80 time=00:00.47 avg=00:00.42 ETA=00:08.34 | GPU MB alloc/reserved=69.9/854.0
2026-04-07 13:09:14 | INFO | [Round 11] epoch=61/80 loss=0.9055 acc=66.69 val_acc=nan data_t=0.0022s batch_t=0.0343s epoch_t=00:00.47 lr=0.000142 | GPU MB alloc/reserved=69.9/854.0
2026-04-07 13:09:14 | INFO | [Round 11] Epoch 61/80 time=00:00.47 avg=00:00.42 ETA=00:07.94 | GPU MB alloc/reserved=69.9/854.0
2026-04-07 13:09:14 | INFO | [Round 11] epoch=62/80 loss=0.8932 acc=67.19 val_acc=nan data_t=0.0023s batch_t=0.0341s epoch_t=00:00.47 lr=0.000129 | GPU MB alloc/reserved=69.9/854.0
2026-04-07 13:09:14 | INFO | [Round 11] Epoch 62/80 time=00:00.47 avg=00:00.42 ETA=00:07.54 | GPU MB alloc/reserved=69.9/854.0
2026-04-07 13:09:15 | INFO | [Round 11] epoch=63/80 loss=0.8940 acc=66.88 val_acc=nan data_t=0.0037s batch_t=0.0343s epoch_t=00:00.49 lr=0.000116 | GPU MB alloc/reserved=69.9/854.0
2026-04-07 13:09:15 | INFO | [Round 11] Epoch 63/80 time=00:00.49 avg=00:00.42 ETA=00:07.14 | GPU MB alloc/reserved=69.9/854.0
2026-04-07 13:09:15 | INFO | [Round 11] epoch=64/80 loss=0.8649 acc=68.06 val_acc=nan data_t=0.0038s batch_t=0.0097s epoch_t=00:00.18 lr=0.000105 | GPU MB alloc/reserved=69.9/854.0
2026-04-07 13:09:15 | INFO | [Round 11] Epoch 64/80 time=00:00.18 avg=00:00.42 ETA=00:06.66 | GPU MB alloc/reserved=69.9/854.0
2026-04-07 13:09:16 | INFO | [Round 11] epoch=65/80 loss=0.8443 acc=68.25 val_acc=nan data_t=0.0021s batch_t=0.0341s epoch_t=00:00.47 lr=0.000093 | GPU MB alloc/reserved=69.9/854.0
2026-04-07 13:09:16 | INFO | [Round 11] Epoch 65/80 time=00:00.47 avg=00:00.42 ETA=00:06.26 | GPU MB alloc/reserved=69.9/854.0
2026-04-07 13:09:16 | INFO | [Round 11] epoch=66/80 loss=0.8544 acc=68.19 val_acc=nan data_t=0.0027s batch_t=0.0341s epoch_t=00:00.48 lr=0.000083 | GPU MB alloc/reserved=69.9/854.0
2026-04-07 13:09:16 | INFO | [Round 11] Epoch 66/80 time=00:00.48 avg=00:00.42 ETA=00:05.85 | GPU MB alloc/reserved=69.9/854.0
2026-04-07 13:09:17 | INFO | [Round 11] epoch=67/80 loss=0.8405 acc=68.25 val_acc=nan data_t=0.0033s batch_t=0.0342s epoch_t=00:00.49 lr=0.000073 | GPU MB alloc/reserved=69.9/854.0
2026-04-07 13:09:17 | INFO | [Round 11] Epoch 67/80 time=00:00.49 avg=00:00.42 ETA=00:05.45 | GPU MB alloc/reserved=69.9/854.0
2026-04-07 13:09:17 | INFO | [Round 11] epoch=68/80 loss=0.8343 acc=69.56 val_acc=nan data_t=0.0022s batch_t=0.0341s epoch_t=00:00.47 lr=0.000064 | GPU MB alloc/reserved=69.9/854.0
2026-04-07 13:09:17 | INFO | [Round 11] Epoch 68/80 time=00:00.47 avg=00:00.42 ETA=00:05.04 | GPU MB alloc/reserved=69.9/854.0
2026-04-07 13:09:17 | INFO | [Round 11] epoch=69/80 loss=0.8175 acc=70.31 val_acc=nan data_t=0.0032s batch_t=0.0254s epoch_t=00:00.37 lr=0.000055 | GPU MB alloc/reserved=69.9/854.0
2026-04-07 13:09:17 | INFO | [Round 11] Epoch 69/80 time=00:00.37 avg=00:00.42 ETA=00:04.61 | GPU MB alloc/reserved=69.9/854.0
2026-04-07 13:09:18 | INFO | [Round 11] epoch=70/80 loss=0.8529 acc=68.06 val_acc=nan data_t=0.0028s batch_t=0.0167s epoch_t=00:00.25 lr=0.000048 | GPU MB alloc/reserved=69.9/854.0
2026-04-07 13:09:18 | INFO | [Round 11] Epoch 70/80 time=00:00.25 avg=00:00.42 ETA=00:04.17 | GPU MB alloc/reserved=69.9/854.0
2026-04-07 13:09:18 | INFO | [Round 11] epoch=71/80 loss=0.8074 acc=70.31 val_acc=nan data_t=0.0022s batch_t=0.0342s epoch_t=00:00.47 lr=0.000041 | GPU MB alloc/reserved=69.9/854.0
2026-04-07 13:09:18 | INFO | [Round 11] Epoch 71/80 time=00:00.47 avg=00:00.42 ETA=00:03.76 | GPU MB alloc/reserved=69.9/854.0
2026-04-07 13:09:19 | INFO | [Round 11] epoch=72/80 loss=0.8303 acc=68.69 val_acc=nan data_t=0.0031s batch_t=0.0344s epoch_t=00:00.49 lr=0.000034 | GPU MB alloc/reserved=69.9/854.0
2026-04-07 13:09:19 | INFO | [Round 11] Epoch 72/80 time=00:00.49 avg=00:00.42 ETA=00:03.35 | GPU MB alloc/reserved=69.9/854.0
2026-04-07 13:09:19 | INFO | [Round 11] epoch=73/80 loss=0.8294 acc=69.31 val_acc=nan data_t=0.0034s batch_t=0.0343s epoch_t=00:00.49 lr=0.000029 | GPU MB alloc/reserved=69.9/854.0
2026-04-07 13:09:19 | INFO | [Round 11] Epoch 73/80 time=00:00.49 avg=00:00.42 ETA=00:02.94 | GPU MB alloc/reserved=69.9/854.0
2026-04-07 13:09:20 | INFO | [Round 11] epoch=74/80 loss=0.8012 acc=70.19 val_acc=nan data_t=0.0035s batch_t=0.0343s epoch_t=00:00.49 lr=0.000024 | GPU MB alloc/reserved=69.9/854.0
2026-04-07 13:09:20 | INFO | [Round 11] Epoch 74/80 time=00:00.49 avg=00:00.42 ETA=00:02.52 | GPU MB alloc/reserved=69.9/854.0
2026-04-07 13:09:20 | INFO | [Round 11] epoch=75/80 loss=0.8021 acc=70.50 val_acc=nan data_t=0.0032s batch_t=0.0145s epoch_t=00:00.23 lr=0.000020 | GPU MB alloc/reserved=69.9/854.0
2026-04-07 13:09:20 | INFO | [Round 11] Epoch 75/80 time=00:00.23 avg=00:00.42 ETA=00:02.09 | GPU MB alloc/reserved=69.9/854.0
2026-04-07 13:09:20 | INFO | [Round 11] epoch=76/80 loss=0.8082 acc=69.38 val_acc=nan data_t=0.0027s batch_t=0.0273s epoch_t=00:00.39 lr=0.000016 | GPU MB alloc/reserved=69.9/854.0
2026-04-07 13:09:20 | INFO | [Round 11] Epoch 76/80 time=00:00.39 avg=00:00.42 ETA=00:01.67 | GPU MB alloc/reserved=69.9/854.0
2026-04-07 13:09:21 | INFO | [Round 11] epoch=77/80 loss=0.8259 acc=69.56 val_acc=nan data_t=0.0020s batch_t=0.0340s epoch_t=00:00.47 lr=0.000013 | GPU MB alloc/reserved=69.9/854.0
2026-04-07 13:09:21 | INFO | [Round 11] Epoch 77/80 time=00:00.47 avg=00:00.42 ETA=00:01.25 | GPU MB alloc/reserved=69.9/854.0
2026-04-07 13:09:21 | INFO | [Round 11] epoch=78/80 loss=0.8218 acc=69.25 val_acc=nan data_t=0.0037s batch_t=0.0342s epoch_t=00:00.49 lr=0.000012 | GPU MB alloc/reserved=69.9/854.0
2026-04-07 13:09:21 | INFO | [Round 11] Epoch 78/80 time=00:00.49 avg=00:00.42 ETA=00:00.84 | GPU MB alloc/reserved=69.9/854.0
2026-04-07 13:09:22 | INFO | [Round 11] epoch=79/80 loss=0.8099 acc=69.44 val_acc=nan data_t=0.0032s batch_t=0.0341s epoch_t=00:00.48 lr=0.000010 | GPU MB alloc/reserved=69.9/854.0
2026-04-07 13:09:22 | INFO | [Round 11] Epoch 79/80 time=00:00.48 avg=00:00.42 ETA=00:00.42 | GPU MB alloc/reserved=69.9/854.0
2026-04-07 13:09:22 | INFO | [Round 11] epoch=80/80 loss=0.8095 acc=70.19 val_acc=nan data_t=0.0030s batch_t=0.0329s epoch_t=00:00.47 lr=0.000010 | GPU MB alloc/reserved=69.9/854.0
2026-04-07 13:09:22 | INFO | [Round 11] Epoch 80/80 time=00:00.47 avg=00:00.42 ETA=00:00.00 | GPU MB alloc/reserved=69.9/854.0
2026-04-07 13:09:22 | INFO | [Round 11] training complete in 00:33.78 (best monitor=70.500) | GPU MB alloc/reserved=69.9/854.0
2026-04-07 13:09:22 | INFO | [Round 11] evaluation started | GPU MB alloc/reserved=52.0/854.0
2026-04-07 13:09:25 | INFO | [Round 11] clean=55.92 fgsm=45.65 pgd=45.59 grad_disp_mean=nan grad_disp_sel=nan round_t=38.47s | GPU MB alloc/reserved=52.0/854.0
2026-04-07 13:09:25 | INFO | [Round 12/21] elapsed=00:38.47 avg_round=00:28.09 projected_remaining=04:12.80 | GPU MB alloc/reserved=52.0/854.0
2026-04-07 13:09:26 | INFO | [Round 12] acquisition on pool_size=48400 scored_pool=5000 budget=100 | GPU MB alloc/reserved=34.1/854.0
2026-04-07 13:09:26 | INFO | [CoreSet-unlabeled-feat] scoring progress 10/20 elapsed=00:00.21 avg/batch=0.021s ETA=00:00.21 | GPU MB alloc/reserved=40.6/854.0
2026-04-07 13:09:26 | INFO | [CoreSet-unlabeled-feat] scoring progress 20/20 elapsed=00:00.25 avg/batch=0.012s ETA=00:00.00 | GPU MB alloc/reserved=40.6/854.0
2026-04-07 13:09:26 | INFO | [CoreSet-labeled-feat] scoring progress 7/7 elapsed=00:00.19 avg/batch=0.027s ETA=00:00.00 | GPU MB alloc/reserved=41.3/854.0
2026-04-07 13:09:26 | INFO | [CoreSet] greedy 10/100 cover_radius=26.828575 | GPU: n/a
2026-04-07 13:09:27 | INFO | [CoreSet] greedy 20/100 cover_radius=24.851925 | GPU: n/a
2026-04-07 13:09:27 | INFO | [CoreSet] greedy 30/100 cover_radius=24.330929 | GPU: n/a
2026-04-07 13:09:27 | INFO | [CoreSet] greedy 40/100 cover_radius=23.851019 | GPU: n/a
2026-04-07 13:09:27 | INFO | [CoreSet] greedy 50/100 cover_radius=23.606915 | GPU: n/a
2026-04-07 13:09:27 | INFO | [CoreSet] greedy 60/100 cover_radius=23.336115 | GPU: n/a
2026-04-07 13:09:27 | INFO | [CoreSet] greedy 70/100 cover_radius=22.930048 | GPU: n/a
2026-04-07 13:09:27 | INFO | [CoreSet] greedy 80/100 cover_radius=22.658600 | GPU: n/a
2026-04-07 13:09:27 | INFO | [CoreSet] greedy 90/100 cover_radius=22.553095 | GPU: n/a
2026-04-07 13:09:27 | INFO | [CoreSet] greedy 100/100 cover_radius=22.442408 | GPU: n/a
2026-04-07 13:09:27 | INFO | [Round 12] labeled=1700 train=1700 val_fixed=0 | GPU MB alloc/reserved=43.1/854.0
2026-04-07 13:09:28 | INFO | [Round 12] epoch=1/80 loss=4.9174 acc=13.06 val_acc=nan data_t=0.0121s batch_t=0.0363s epoch_t=00:00.68 lr=0.001000 | GPU MB alloc/reserved=69.9/854.0
2026-04-07 13:09:28 | INFO | [Round 12] Epoch 1/80 time=00:00.68 avg=00:00.68 ETA=00:53.45 | GPU MB alloc/reserved=69.9/854.0
2026-04-07 13:09:28 | INFO | [Round 12] epoch=2/80 loss=2.1950 acc=21.06 val_acc=nan data_t=0.0020s batch_t=0.0340s epoch_t=00:00.50 lr=0.000998 | GPU MB alloc/reserved=69.9/854.0
2026-04-07 13:09:28 | INFO | [Round 12] Epoch 2/80 time=00:00.50 avg=00:00.59 ETA=00:46.05 | GPU MB alloc/reserved=69.9/854.0
2026-04-07 13:09:29 | INFO | [Round 12] epoch=3/80 loss=2.0946 acc=25.12 val_acc=nan data_t=0.0030s batch_t=0.0340s epoch_t=00:00.52 lr=0.000997 | GPU MB alloc/reserved=69.9/854.0
2026-04-07 13:09:29 | INFO | [Round 12] Epoch 3/80 time=00:00.52 avg=00:00.57 ETA=00:43.62 | GPU MB alloc/reserved=69.9/854.0
2026-04-07 13:09:29 | INFO | [Round 12] epoch=4/80 loss=2.0114 acc=27.47 val_acc=nan data_t=0.0029s batch_t=0.0254s epoch_t=00:00.40 lr=0.000994 | GPU MB alloc/reserved=69.9/854.0
2026-04-07 13:09:29 | INFO | [Round 12] Epoch 4/80 time=00:00.40 avg=00:00.52 ETA=00:39.81 | GPU MB alloc/reserved=69.9/854.0
2026-04-07 13:09:29 | INFO | [Round 12] epoch=5/80 loss=1.9625 acc=29.65 val_acc=nan data_t=0.0027s batch_t=0.0185s epoch_t=00:00.30 lr=0.000990 | GPU MB alloc/reserved=69.9/854.0
2026-04-07 13:09:29 | INFO | [Round 12] Epoch 5/80 time=00:00.30 avg=00:00.48 ETA=00:35.89 | GPU MB alloc/reserved=69.9/854.0
2026-04-07 13:09:30 | INFO | [Round 12] epoch=6/80 loss=1.9251 acc=29.35 val_acc=nan data_t=0.0019s batch_t=0.0340s epoch_t=00:00.50 lr=0.000986 | GPU MB alloc/reserved=69.9/854.0
2026-04-07 13:09:30 | INFO | [Round 12] Epoch 6/80 time=00:00.50 avg=00:00.48 ETA=00:35.72 | GPU MB alloc/reserved=69.9/854.0
2026-04-07 13:09:30 | INFO | [Round 12] epoch=7/80 loss=1.8789 acc=31.24 val_acc=nan data_t=0.0031s batch_t=0.0340s epoch_t=00:00.52 lr=0.000981 | GPU MB alloc/reserved=69.9/854.0
2026-04-07 13:09:30 | INFO | [Round 12] Epoch 7/80 time=00:00.52 avg=00:00.49 ETA=00:35.62 | GPU MB alloc/reserved=69.9/854.0
2026-04-07 13:09:31 | INFO | [Round 12] epoch=8/80 loss=1.8468 acc=32.47 val_acc=nan data_t=0.0032s batch_t=0.0341s epoch_t=00:00.52 lr=0.000976 | GPU MB alloc/reserved=69.9/854.0
2026-04-07 13:09:31 | INFO | [Round 12] Epoch 8/80 time=00:00.52 avg=00:00.49 ETA=00:35.44 | GPU MB alloc/reserved=69.9/854.0
2026-04-07 13:09:32 | INFO | [Round 12] epoch=9/80 loss=1.8119 acc=33.59 val_acc=nan data_t=0.0035s batch_t=0.0322s epoch_t=00:00.50 lr=0.000969 | GPU MB alloc/reserved=69.9/854.0
2026-04-07 13:09:32 | INFO | [Round 12] Epoch 9/80 time=00:00.50 avg=00:00.49 ETA=00:35.01 | GPU MB alloc/reserved=69.9/854.0
2026-04-07 13:09:32 | INFO | [Round 12] epoch=10/80 loss=1.7910 acc=33.71 val_acc=nan data_t=0.0029s batch_t=0.0133s epoch_t=00:00.23 lr=0.000962 | GPU MB alloc/reserved=69.9/854.0
2026-04-07 13:09:32 | INFO | [Round 12] Epoch 10/80 time=00:00.23 avg=00:00.47 ETA=00:32.66 | GPU MB alloc/reserved=69.9/854.0
2026-04-07 13:09:32 | INFO | [Round 12] epoch=11/80 loss=1.7889 acc=33.29 val_acc=nan data_t=0.0028s batch_t=0.0340s epoch_t=00:00.52 lr=0.000955 | GPU MB alloc/reserved=69.9/854.0
2026-04-07 13:09:32 | INFO | [Round 12] Epoch 11/80 time=00:00.52 avg=00:00.47 ETA=00:32.50 | GPU MB alloc/reserved=69.9/854.0
2026-04-07 13:09:33 | INFO | [Round 12] epoch=12/80 loss=1.7532 acc=34.65 val_acc=nan data_t=0.0029s batch_t=0.0342s epoch_t=00:00.52 lr=0.000946 | GPU MB alloc/reserved=69.9/854.0
2026-04-07 13:09:33 | INFO | [Round 12] Epoch 12/80 time=00:00.52 avg=00:00.48 ETA=00:32.30 | GPU MB alloc/reserved=69.9/854.0
2026-04-07 13:09:33 | INFO | [Round 12] epoch=13/80 loss=1.7347 acc=36.06 val_acc=nan data_t=0.0028s batch_t=0.0340s epoch_t=00:00.52 lr=0.000937 | GPU MB alloc/reserved=69.9/854.0
2026-04-07 13:09:33 | INFO | [Round 12] Epoch 13/80 time=00:00.52 avg=00:00.48 ETA=00:32.04 | GPU MB alloc/reserved=69.9/854.0
2026-04-07 13:09:34 | INFO | [Round 12] epoch=14/80 loss=1.6837 acc=37.88 val_acc=nan data_t=0.0030s batch_t=0.0340s epoch_t=00:00.52 lr=0.000927 | GPU MB alloc/reserved=69.9/854.0
2026-04-07 13:09:34 | INFO | [Round 12] Epoch 14/80 time=00:00.52 avg=00:00.48 ETA=00:31.75 | GPU MB alloc/reserved=69.9/854.0
2026-04-07 13:09:34 | INFO | [Round 12] epoch=15/80 loss=1.6588 acc=38.06 val_acc=nan data_t=0.0031s batch_t=0.0093s epoch_t=00:00.17 lr=0.000917 | GPU MB alloc/reserved=69.9/854.0
2026-04-07 13:09:34 | INFO | [Round 12] Epoch 15/80 time=00:00.17 avg=00:00.46 ETA=00:29.94 | GPU MB alloc/reserved=69.9/854.0
2026-04-07 13:09:35 | INFO | [Round 12] epoch=16/80 loss=1.6246 acc=40.82 val_acc=nan data_t=0.0030s batch_t=0.0339s epoch_t=00:00.52 lr=0.000905 | GPU MB alloc/reserved=69.9/854.0
2026-04-07 13:09:35 | INFO | [Round 12] Epoch 16/80 time=00:00.52 avg=00:00.46 ETA=00:29.71 | GPU MB alloc/reserved=69.9/854.0
2026-04-07 13:09:35 | INFO | [Round 12] epoch=17/80 loss=1.5861 acc=39.94 val_acc=nan data_t=0.0025s batch_t=0.0340s epoch_t=00:00.51 lr=0.000894 | GPU MB alloc/reserved=69.9/854.0
2026-04-07 13:09:35 | INFO | [Round 12] Epoch 17/80 time=00:00.51 avg=00:00.47 ETA=00:29.42 | GPU MB alloc/reserved=69.9/854.0
2026-04-07 13:09:36 | INFO | [Round 12] epoch=18/80 loss=1.6031 acc=41.00 val_acc=nan data_t=0.0029s batch_t=0.0341s epoch_t=00:00.52 lr=0.000881 | GPU MB alloc/reserved=69.9/854.0
2026-04-07 13:09:36 | INFO | [Round 12] Epoch 18/80 time=00:00.52 avg=00:00.47 ETA=00:29.13 | GPU MB alloc/reserved=69.9/854.0
2026-04-07 13:09:36 | INFO | [Round 12] epoch=19/80 loss=1.5905 acc=40.18 val_acc=nan data_t=0.0028s batch_t=0.0341s epoch_t=00:00.52 lr=0.000868 | GPU MB alloc/reserved=69.9/854.0
2026-04-07 13:09:36 | INFO | [Round 12] Epoch 19/80 time=00:00.52 avg=00:00.47 ETA=00:28.81 | GPU MB alloc/reserved=69.9/854.0
2026-04-07 13:09:36 | INFO | [Round 12] epoch=20/80 loss=1.5687 acc=42.06 val_acc=nan data_t=0.0022s batch_t=0.0171s epoch_t=00:00.27 lr=0.000855 | GPU MB alloc/reserved=69.9/854.0
2026-04-07 13:09:36 | INFO | [Round 12] Epoch 20/80 time=00:00.27 avg=00:00.46 ETA=00:27.73 | GPU MB alloc/reserved=69.9/854.0
2026-04-07 13:09:37 | INFO | [Round 12] epoch=21/80 loss=1.5404 acc=41.41 val_acc=nan data_t=0.0019s batch_t=0.0244s epoch_t=00:00.37 lr=0.000841 | GPU MB alloc/reserved=69.9/854.0
2026-04-07 13:09:37 | INFO | [Round 12] Epoch 21/80 time=00:00.37 avg=00:00.46 ETA=00:27.00 | GPU MB alloc/reserved=69.9/854.0
2026-04-07 13:09:37 | INFO | [Round 12] epoch=22/80 loss=1.5239 acc=43.24 val_acc=nan data_t=0.0024s batch_t=0.0340s epoch_t=00:00.51 lr=0.000826 | GPU MB alloc/reserved=69.9/854.0
2026-04-07 13:09:37 | INFO | [Round 12] Epoch 22/80 time=00:00.51 avg=00:00.46 ETA=00:26.68 | GPU MB alloc/reserved=69.9/854.0
2026-04-07 13:09:38 | INFO | [Round 12] epoch=23/80 loss=1.4656 acc=44.24 val_acc=nan data_t=0.0019s batch_t=0.0340s epoch_t=00:00.50 lr=0.000811 | GPU MB alloc/reserved=69.9/854.0
2026-04-07 13:09:38 | INFO | [Round 12] Epoch 23/80 time=00:00.50 avg=00:00.46 ETA=00:26.33 | GPU MB alloc/reserved=69.9/854.0
2026-04-07 13:09:38 | INFO | [Round 12] epoch=24/80 loss=1.4633 acc=44.82 val_acc=nan data_t=0.0020s batch_t=0.0340s epoch_t=00:00.50 lr=0.000796 | GPU MB alloc/reserved=69.9/854.0
2026-04-07 13:09:38 | INFO | [Round 12] Epoch 24/80 time=00:00.50 avg=00:00.46 ETA=00:25.97 | GPU MB alloc/reserved=69.9/854.0
2026-04-07 13:09:39 | INFO | [Round 12] epoch=25/80 loss=1.4452 acc=45.65 val_acc=nan data_t=0.0033s batch_t=0.0286s epoch_t=00:00.45 lr=0.000780 | GPU MB alloc/reserved=69.9/854.0
2026-04-07 13:09:39 | INFO | [Round 12] Epoch 25/80 time=00:00.45 avg=00:00.46 ETA=00:25.47 | GPU MB alloc/reserved=69.9/854.0
2026-04-07 13:09:39 | INFO | [Round 12] epoch=26/80 loss=1.4361 acc=47.53 val_acc=nan data_t=0.0036s batch_t=0.0211s epoch_t=00:00.35 lr=0.000764 | GPU MB alloc/reserved=69.9/854.0
2026-04-07 13:09:39 | INFO | [Round 12] Epoch 26/80 time=00:00.35 avg=00:00.46 ETA=00:24.76 | GPU MB alloc/reserved=69.9/854.0
2026-04-07 13:09:40 | INFO | [Round 12] epoch=27/80 loss=1.4099 acc=46.18 val_acc=nan data_t=0.0028s batch_t=0.0341s epoch_t=00:00.52 lr=0.000747 | GPU MB alloc/reserved=69.9/854.0
2026-04-07 13:09:40 | INFO | [Round 12] Epoch 27/80 time=00:00.52 avg=00:00.46 ETA=00:24.41 | GPU MB alloc/reserved=69.9/854.0
2026-04-07 13:09:40 | INFO | [Round 12] epoch=28/80 loss=1.4191 acc=45.18 val_acc=nan data_t=0.0021s batch_t=0.0341s epoch_t=00:00.51 lr=0.000730 | GPU MB alloc/reserved=69.9/854.0
2026-04-07 13:09:40 | INFO | [Round 12] Epoch 28/80 time=00:00.51 avg=00:00.46 ETA=00:24.04 | GPU MB alloc/reserved=69.9/854.0
2026-04-07 13:09:41 | INFO | [Round 12] epoch=29/80 loss=1.4145 acc=45.65 val_acc=nan data_t=0.0021s batch_t=0.0342s epoch_t=00:00.51 lr=0.000712 | GPU MB alloc/reserved=69.9/854.0
2026-04-07 13:09:41 | INFO | [Round 12] Epoch 29/80 time=00:00.51 avg=00:00.46 ETA=00:23.66 | GPU MB alloc/reserved=69.9/854.0
2026-04-07 13:09:41 | INFO | [Round 12] epoch=30/80 loss=1.3662 acc=47.88 val_acc=nan data_t=0.0022s batch_t=0.0324s epoch_t=00:00.48 lr=0.000694 | GPU MB alloc/reserved=69.9/854.0
2026-04-07 13:09:41 | INFO | [Round 12] Epoch 30/80 time=00:00.48 avg=00:00.46 ETA=00:23.23 | GPU MB alloc/reserved=69.9/854.0
2026-04-07 13:09:41 | INFO | [Round 12] epoch=31/80 loss=1.3586 acc=46.24 val_acc=nan data_t=0.0023s batch_t=0.0114s epoch_t=00:00.19 lr=0.000676 | GPU MB alloc/reserved=69.9/854.0
2026-04-07 13:09:41 | INFO | [Round 12] Epoch 31/80 time=00:00.19 avg=00:00.46 ETA=00:22.33 | GPU MB alloc/reserved=69.9/854.0
2026-04-07 13:09:42 | INFO | [Round 12] epoch=32/80 loss=1.3820 acc=47.65 val_acc=nan data_t=0.0025s batch_t=0.0341s epoch_t=00:00.51 lr=0.000658 | GPU MB alloc/reserved=69.9/854.0
2026-04-07 13:09:42 | INFO | [Round 12] Epoch 32/80 time=00:00.51 avg=00:00.46 ETA=00:21.96 | GPU MB alloc/reserved=69.9/854.0
2026-04-07 13:09:42 | INFO | [Round 12] epoch=33/80 loss=1.3702 acc=47.47 val_acc=nan data_t=0.0022s batch_t=0.0340s epoch_t=00:00.51 lr=0.000639 | GPU MB alloc/reserved=69.9/854.0
2026-04-07 13:09:42 | INFO | [Round 12] Epoch 33/80 time=00:00.51 avg=00:00.46 ETA=00:21.58 | GPU MB alloc/reserved=69.9/854.0
2026-04-07 13:09:43 | INFO | [Round 12] epoch=34/80 loss=1.3565 acc=48.18 val_acc=nan data_t=0.0024s batch_t=0.0339s epoch_t=00:00.51 lr=0.000621 | GPU MB alloc/reserved=69.9/854.0
2026-04-07 13:09:43 | INFO | [Round 12] Epoch 34/80 time=00:00.51 avg=00:00.46 ETA=00:21.18 | GPU MB alloc/reserved=69.9/854.0
2026-04-07 13:09:43 | INFO | [Round 12] epoch=35/80 loss=1.3423 acc=49.41 val_acc=nan data_t=0.0026s batch_t=0.0340s epoch_t=00:00.51 lr=0.000602 | GPU MB alloc/reserved=69.9/854.0
2026-04-07 13:09:43 | INFO | [Round 12] Epoch 35/80 time=00:00.51 avg=00:00.46 ETA=00:20.79 | GPU MB alloc/reserved=69.9/854.0
2026-04-07 13:09:43 | INFO | [Round 12] epoch=36/80 loss=1.3145 acc=49.18 val_acc=nan data_t=0.0022s batch_t=0.0135s epoch_t=00:00.22 lr=0.000582 | GPU MB alloc/reserved=69.9/854.0
2026-04-07 13:09:43 | INFO | [Round 12] Epoch 36/80 time=00:00.22 avg=00:00.46 ETA=00:20.03 | GPU MB alloc/reserved=69.9/854.0
2026-04-07 13:09:44 | INFO | [Round 12] epoch=37/80 loss=1.3008 acc=50.18 val_acc=nan data_t=0.0027s batch_t=0.0222s epoch_t=00:00.35 lr=0.000563 | GPU MB alloc/reserved=69.9/854.0
2026-04-07 13:09:44 | INFO | [Round 12] Epoch 37/80 time=00:00.35 avg=00:00.45 ETA=00:19.45 | GPU MB alloc/reserved=69.9/854.0
2026-04-07 13:09:44 | INFO | [Round 12] epoch=38/80 loss=1.2534 acc=52.12 val_acc=nan data_t=0.0026s batch_t=0.0341s epoch_t=00:00.51 lr=0.000544 | GPU MB alloc/reserved=69.9/854.0
2026-04-07 13:09:44 | INFO | [Round 12] Epoch 38/80 time=00:00.51 avg=00:00.45 ETA=00:19.07 | GPU MB alloc/reserved=69.9/854.0
2026-04-07 13:09:45 | INFO | [Round 12] epoch=39/80 loss=1.2766 acc=51.94 val_acc=nan data_t=0.0021s batch_t=0.0342s epoch_t=00:00.51 lr=0.000524 | GPU MB alloc/reserved=69.9/854.0
2026-04-07 13:09:45 | INFO | [Round 12] Epoch 39/80 time=00:00.51 avg=00:00.46 ETA=00:18.67 | GPU MB alloc/reserved=69.9/854.0
2026-04-07 13:09:45 | INFO | [Round 12] epoch=40/80 loss=1.2611 acc=50.76 val_acc=nan data_t=0.0031s batch_t=0.0340s epoch_t=00:00.52 lr=0.000505 | GPU MB alloc/reserved=69.9/854.0
2026-04-07 13:09:45 | INFO | [Round 12] Epoch 40/80 time=00:00.52 avg=00:00.46 ETA=00:18.28 | GPU MB alloc/reserved=69.9/854.0
2026-04-07 13:09:46 | INFO | [Round 12] epoch=41/80 loss=1.2254 acc=52.94 val_acc=nan data_t=0.0033s batch_t=0.0286s epoch_t=00:00.45 lr=0.000486 | GPU MB alloc/reserved=69.9/854.0
2026-04-07 13:09:46 | INFO | [Round 12] Epoch 41/80 time=00:00.45 avg=00:00.46 ETA=00:17.81 | GPU MB alloc/reserved=69.9/854.0
2026-04-07 13:09:46 | INFO | [Round 12] epoch=42/80 loss=1.2382 acc=51.24 val_acc=nan data_t=0.0030s batch_t=0.0136s epoch_t=00:00.23 lr=0.000466 | GPU MB alloc/reserved=69.9/854.0
2026-04-07 13:09:46 | INFO | [Round 12] Epoch 42/80 time=00:00.23 avg=00:00.45 ETA=00:17.15 | GPU MB alloc/reserved=69.9/854.0
2026-04-07 13:09:47 | INFO | [Round 12] epoch=43/80 loss=1.2079 acc=53.59 val_acc=nan data_t=0.0022s batch_t=0.0340s epoch_t=00:00.51 lr=0.000447 | GPU MB alloc/reserved=69.9/854.0
2026-04-07 13:09:47 | INFO | [Round 12] Epoch 43/80 time=00:00.51 avg=00:00.45 ETA=00:16.75 | GPU MB alloc/reserved=69.9/854.0
2026-04-07 13:09:47 | INFO | [Round 12] epoch=44/80 loss=1.1977 acc=54.94 val_acc=nan data_t=0.0034s batch_t=0.0340s epoch_t=00:00.52 lr=0.000428 | GPU MB alloc/reserved=69.9/854.0
2026-04-07 13:09:47 | INFO | [Round 12] Epoch 44/80 time=00:00.52 avg=00:00.45 ETA=00:16.35 | GPU MB alloc/reserved=69.9/854.0
2026-04-07 13:09:48 | INFO | [Round 12] epoch=45/80 loss=1.2214 acc=52.88 val_acc=nan data_t=0.0036s batch_t=0.0340s epoch_t=00:00.53 lr=0.000408 | GPU MB alloc/reserved=69.9/854.0
2026-04-07 13:09:48 | INFO | [Round 12] Epoch 45/80 time=00:00.53 avg=00:00.46 ETA=00:15.96 | GPU MB alloc/reserved=69.9/854.0
2026-04-07 13:09:48 | INFO | [Round 12] epoch=46/80 loss=1.1893 acc=54.29 val_acc=nan data_t=0.0037s batch_t=0.0340s epoch_t=00:00.53 lr=0.000389 | GPU MB alloc/reserved=69.9/854.0
2026-04-07 13:09:48 | INFO | [Round 12] Epoch 46/80 time=00:00.53 avg=00:00.46 ETA=00:15.55 | GPU MB alloc/reserved=69.9/854.0
2026-04-07 13:09:48 | INFO | [Round 12] epoch=47/80 loss=1.1911 acc=54.82 val_acc=nan data_t=0.0039s batch_t=0.0085s epoch_t=00:00.17 lr=0.000371 | GPU MB alloc/reserved=69.9/854.0
2026-04-07 13:09:48 | INFO | [Round 12] Epoch 47/80 time=00:00.17 avg=00:00.45 ETA=00:14.90 | GPU MB alloc/reserved=69.9/854.0
2026-04-07 13:09:49 | INFO | [Round 12] epoch=48/80 loss=1.1637 acc=54.71 val_acc=nan data_t=0.0026s batch_t=0.0341s epoch_t=00:00.51 lr=0.000352 | GPU MB alloc/reserved=69.9/854.0
2026-04-07 13:09:49 | INFO | [Round 12] Epoch 48/80 time=00:00.51 avg=00:00.45 ETA=00:14.49 | GPU MB alloc/reserved=69.9/854.0
2026-04-07 13:09:49 | INFO | [Round 12] epoch=49/80 loss=1.1447 acc=55.88 val_acc=nan data_t=0.0034s batch_t=0.0342s epoch_t=00:00.53 lr=0.000334 | GPU MB alloc/reserved=69.9/854.0
2026-04-07 13:09:49 | INFO | [Round 12] Epoch 49/80 time=00:00.53 avg=00:00.45 ETA=00:14.08 | GPU MB alloc/reserved=69.9/854.0
2026-04-07 13:09:50 | INFO | [Round 12] epoch=50/80 loss=1.1306 acc=57.00 val_acc=nan data_t=0.0021s batch_t=0.0340s epoch_t=00:00.51 lr=0.000316 | GPU MB alloc/reserved=69.9/854.0
2026-04-07 13:09:50 | INFO | [Round 12] Epoch 50/80 time=00:00.51 avg=00:00.46 ETA=00:13.66 | GPU MB alloc/reserved=69.9/854.0
2026-04-07 13:09:50 | INFO | [Round 12] epoch=51/80 loss=1.1036 acc=58.76 val_acc=nan data_t=0.0020s batch_t=0.0343s epoch_t=00:00.51 lr=0.000298 | GPU MB alloc/reserved=69.9/854.0
2026-04-07 13:09:50 | INFO | [Round 12] Epoch 51/80 time=00:00.51 avg=00:00.46 ETA=00:13.23 | GPU MB alloc/reserved=69.9/854.0
2026-04-07 13:09:51 | INFO | [Round 12] epoch=52/80 loss=1.1464 acc=56.35 val_acc=nan data_t=0.0023s batch_t=0.0158s epoch_t=00:00.25 lr=0.000280 | GPU MB alloc/reserved=69.9/854.0
2026-04-07 13:09:51 | INFO | [Round 12] Epoch 52/80 time=00:00.25 avg=00:00.45 ETA=00:12.67 | GPU MB alloc/reserved=69.9/854.0
2026-04-07 13:09:51 | INFO | [Round 12] epoch=53/80 loss=1.0998 acc=58.88 val_acc=nan data_t=0.0022s batch_t=0.0236s epoch_t=00:00.36 lr=0.000263 | GPU MB alloc/reserved=69.9/854.0
2026-04-07 13:09:51 | INFO | [Round 12] Epoch 53/80 time=00:00.36 avg=00:00.45 ETA=00:12.17 | GPU MB alloc/reserved=69.9/854.0
2026-04-07 13:09:52 | INFO | [Round 12] epoch=54/80 loss=1.0857 acc=59.24 val_acc=nan data_t=0.0034s batch_t=0.0341s epoch_t=00:00.53 lr=0.000246 | GPU MB alloc/reserved=69.9/854.0
2026-04-07 13:09:52 | INFO | [Round 12] Epoch 54/80 time=00:00.53 avg=00:00.45 ETA=00:11.75 | GPU MB alloc/reserved=69.9/854.0
2026-04-07 13:09:52 | INFO | [Round 12] epoch=55/80 loss=1.0970 acc=57.00 val_acc=nan data_t=0.0019s batch_t=0.0341s epoch_t=00:00.50 lr=0.000230 | GPU MB alloc/reserved=69.9/854.0
2026-04-07 13:09:52 | INFO | [Round 12] Epoch 55/80 time=00:00.50 avg=00:00.45 ETA=00:11.32 | GPU MB alloc/reserved=69.9/854.0
2026-04-07 13:09:53 | INFO | [Round 12] epoch=56/80 loss=1.0844 acc=58.76 val_acc=nan data_t=0.0031s batch_t=0.0340s epoch_t=00:00.52 lr=0.000214 | GPU MB alloc/reserved=69.9/854.0
2026-04-07 13:09:53 | INFO | [Round 12] Epoch 56/80 time=00:00.52 avg=00:00.45 ETA=00:10.90 | GPU MB alloc/reserved=69.9/854.0
2026-04-07 13:09:53 | INFO | [Round 12] epoch=57/80 loss=1.0526 acc=58.65 val_acc=nan data_t=0.0032s batch_t=0.0276s epoch_t=00:00.43 lr=0.000199 | GPU MB alloc/reserved=69.9/854.0
2026-04-07 13:09:53 | INFO | [Round 12] Epoch 57/80 time=00:00.43 avg=00:00.45 ETA=00:10.44 | GPU MB alloc/reserved=69.9/854.0
2026-04-07 13:09:53 | INFO | [Round 12] epoch=58/80 loss=1.0572 acc=58.88 val_acc=nan data_t=0.0032s batch_t=0.0165s epoch_t=00:00.28 lr=0.000184 | GPU MB alloc/reserved=69.9/854.0
2026-04-07 13:09:53 | INFO | [Round 12] Epoch 58/80 time=00:00.28 avg=00:00.45 ETA=00:09.92 | GPU MB alloc/reserved=69.9/854.0
2026-04-07 13:09:54 | INFO | [Round 12] epoch=59/80 loss=1.0291 acc=60.71 val_acc=nan data_t=0.0032s batch_t=0.0342s epoch_t=00:00.52 lr=0.000169 | GPU MB alloc/reserved=69.9/854.0
2026-04-07 13:09:54 | INFO | [Round 12] Epoch 59/80 time=00:00.52 avg=00:00.45 ETA=00:09.49 | GPU MB alloc/reserved=69.9/854.0
2026-04-07 13:09:54 | INFO | [Round 12] epoch=60/80 loss=1.0461 acc=60.00 val_acc=nan data_t=0.0029s batch_t=0.0340s epoch_t=00:00.52 lr=0.000155 | GPU MB alloc/reserved=69.9/854.0
2026-04-07 13:09:54 | INFO | [Round 12] Epoch 60/80 time=00:00.52 avg=00:00.45 ETA=00:09.06 | GPU MB alloc/reserved=69.9/854.0
2026-04-07 13:09:55 | INFO | [Round 12] epoch=61/80 loss=1.0087 acc=61.29 val_acc=nan data_t=0.0029s batch_t=0.0342s epoch_t=00:00.52 lr=0.000142 | GPU MB alloc/reserved=69.9/854.0
2026-04-07 13:09:55 | INFO | [Round 12] Epoch 61/80 time=00:00.52 avg=00:00.45 ETA=00:08.63 | GPU MB alloc/reserved=69.9/854.0
2026-04-07 13:09:55 | INFO | [Round 12] epoch=62/80 loss=1.0327 acc=60.29 val_acc=nan data_t=0.0029s batch_t=0.0338s epoch_t=00:00.51 lr=0.000129 | GPU MB alloc/reserved=69.9/854.0
2026-04-07 13:09:55 | INFO | [Round 12] Epoch 62/80 time=00:00.51 avg=00:00.46 ETA=00:08.19 | GPU MB alloc/reserved=69.9/854.0
2026-04-07 13:09:56 | INFO | [Round 12] epoch=63/80 loss=1.0177 acc=59.41 val_acc=nan data_t=0.0029s batch_t=0.0145s epoch_t=00:00.24 lr=0.000116 | GPU MB alloc/reserved=69.9/854.0
2026-04-07 13:09:56 | INFO | [Round 12] Epoch 63/80 time=00:00.24 avg=00:00.45 ETA=00:07.68 | GPU MB alloc/reserved=69.9/854.0
2026-04-07 13:09:56 | INFO | [Round 12] epoch=64/80 loss=1.0360 acc=59.65 val_acc=nan data_t=0.0031s batch_t=0.0342s epoch_t=00:00.52 lr=0.000105 | GPU MB alloc/reserved=69.9/854.0
2026-04-07 13:09:56 | INFO | [Round 12] Epoch 64/80 time=00:00.52 avg=00:00.45 ETA=00:07.24 | GPU MB alloc/reserved=69.9/854.0
2026-04-07 13:09:57 | INFO | [Round 12] epoch=65/80 loss=1.0432 acc=59.59 val_acc=nan data_t=0.0022s batch_t=0.0341s epoch_t=00:00.51 lr=0.000093 | GPU MB alloc/reserved=69.9/854.0
2026-04-07 13:09:57 | INFO | [Round 12] Epoch 65/80 time=00:00.51 avg=00:00.45 ETA=00:06.80 | GPU MB alloc/reserved=69.9/854.0
2026-04-07 13:09:57 | INFO | [Round 12] epoch=66/80 loss=0.9952 acc=62.35 val_acc=nan data_t=0.0030s batch_t=0.0341s epoch_t=00:00.52 lr=0.000083 | GPU MB alloc/reserved=69.9/854.0
2026-04-07 13:09:57 | INFO | [Round 12] Epoch 66/80 time=00:00.52 avg=00:00.45 ETA=00:06.37 | GPU MB alloc/reserved=69.9/854.0
2026-04-07 13:09:58 | INFO | [Round 12] epoch=67/80 loss=0.9963 acc=62.53 val_acc=nan data_t=0.0034s batch_t=0.0342s epoch_t=00:00.53 lr=0.000073 | GPU MB alloc/reserved=69.9/854.0
2026-04-07 13:09:58 | INFO | [Round 12] Epoch 67/80 time=00:00.53 avg=00:00.46 ETA=00:05.92 | GPU MB alloc/reserved=69.9/854.0
2026-04-07 13:09:58 | INFO | [Round 12] epoch=68/80 loss=1.0003 acc=61.88 val_acc=nan data_t=0.0030s batch_t=0.0098s epoch_t=00:00.18 lr=0.000064 | GPU MB alloc/reserved=69.9/854.0
2026-04-07 13:09:58 | INFO | [Round 12] Epoch 68/80 time=00:00.18 avg=00:00.45 ETA=00:05.42 | GPU MB alloc/reserved=69.9/854.0
2026-04-07 13:09:58 | INFO | [Round 12] epoch=69/80 loss=0.9969 acc=62.18 val_acc=nan data_t=0.0035s batch_t=0.0339s epoch_t=00:00.52 lr=0.000055 | GPU MB alloc/reserved=69.9/854.0
2026-04-07 13:09:58 | INFO | [Round 12] Epoch 69/80 time=00:00.52 avg=00:00.45 ETA=00:04.98 | GPU MB alloc/reserved=69.9/854.0
2026-04-07 13:09:59 | INFO | [Round 12] epoch=70/80 loss=1.0002 acc=63.00 val_acc=nan data_t=0.0021s batch_t=0.0341s epoch_t=00:00.51 lr=0.000048 | GPU MB alloc/reserved=69.9/854.0
2026-04-07 13:09:59 | INFO | [Round 12] Epoch 70/80 time=00:00.51 avg=00:00.45 ETA=00:04.54 | GPU MB alloc/reserved=69.9/854.0
2026-04-07 13:09:59 | INFO | [Round 12] epoch=71/80 loss=0.9959 acc=61.65 val_acc=nan data_t=0.0034s batch_t=0.0342s epoch_t=00:00.53 lr=0.000041 | GPU MB alloc/reserved=69.9/854.0
2026-04-07 13:09:59 | INFO | [Round 12] Epoch 71/80 time=00:00.53 avg=00:00.45 ETA=00:04.09 | GPU MB alloc/reserved=69.9/854.0
2026-04-07 13:10:00 | INFO | [Round 12] epoch=72/80 loss=0.9713 acc=62.94 val_acc=nan data_t=0.0037s batch_t=0.0341s epoch_t=00:00.53 lr=0.000034 | GPU MB alloc/reserved=69.9/854.0
2026-04-07 13:10:00 | INFO | [Round 12] Epoch 72/80 time=00:00.53 avg=00:00.46 ETA=00:03.64 | GPU MB alloc/reserved=69.9/854.0
2026-04-07 13:10:00 | INFO | [Round 12] epoch=73/80 loss=0.9646 acc=63.18 val_acc=nan data_t=0.0035s batch_t=0.0138s epoch_t=00:00.24 lr=0.000029 | GPU MB alloc/reserved=69.9/854.0
2026-04-07 13:10:00 | INFO | [Round 12] Epoch 73/80 time=00:00.24 avg=00:00.45 ETA=00:03.17 | GPU MB alloc/reserved=69.9/854.0
2026-04-07 13:10:01 | INFO | [Round 12] epoch=74/80 loss=0.9875 acc=62.24 val_acc=nan data_t=0.0023s batch_t=0.0284s epoch_t=00:00.43 lr=0.000024 | GPU MB alloc/reserved=69.9/854.0
2026-04-07 13:10:01 | INFO | [Round 12] Epoch 74/80 time=00:00.43 avg=00:00.45 ETA=00:02.71 | GPU MB alloc/reserved=69.9/854.0
2026-04-07 13:10:01 | INFO | [Round 12] epoch=75/80 loss=0.9636 acc=63.71 val_acc=nan data_t=0.0029s batch_t=0.0341s epoch_t=00:00.52 lr=0.000020 | GPU MB alloc/reserved=69.9/854.0
2026-04-07 13:10:01 | INFO | [Round 12] Epoch 75/80 time=00:00.52 avg=00:00.45 ETA=00:02.27 | GPU MB alloc/reserved=69.9/854.0
2026-04-07 13:10:02 | INFO | [Round 12] epoch=76/80 loss=0.9779 acc=63.18 val_acc=nan data_t=0.0031s batch_t=0.0341s epoch_t=00:00.52 lr=0.000016 | GPU MB alloc/reserved=69.9/854.0
2026-04-07 13:10:02 | INFO | [Round 12] Epoch 76/80 time=00:00.52 avg=00:00.45 ETA=00:01.82 | GPU MB alloc/reserved=69.9/854.0
2026-04-07 13:10:02 | INFO | [Round 12] epoch=77/80 loss=0.9579 acc=62.29 val_acc=nan data_t=0.0040s batch_t=0.0340s epoch_t=00:00.53 lr=0.000013 | GPU MB alloc/reserved=69.9/854.0
2026-04-07 13:10:02 | INFO | [Round 12] Epoch 77/80 time=00:00.53 avg=00:00.46 ETA=00:01.37 | GPU MB alloc/reserved=69.9/854.0
2026-04-07 13:10:03 | INFO | [Round 12] epoch=78/80 loss=0.9567 acc=63.41 val_acc=nan data_t=0.0034s batch_t=0.0217s epoch_t=00:00.35 lr=0.000012 | GPU MB alloc/reserved=69.9/854.0
2026-04-07 13:10:03 | INFO | [Round 12] Epoch 78/80 time=00:00.35 avg=00:00.45 ETA=00:00.91 | GPU MB alloc/reserved=69.9/854.0
2026-04-07 13:10:03 | INFO | [Round 12] epoch=79/80 loss=0.9613 acc=63.76 val_acc=nan data_t=0.0025s batch_t=0.0233s epoch_t=00:00.36 lr=0.000010 | GPU MB alloc/reserved=69.9/854.0
2026-04-07 13:10:03 | INFO | [Round 12] Epoch 79/80 time=00:00.36 avg=00:00.45 ETA=00:00.45 | GPU MB alloc/reserved=69.9/854.0
2026-04-07 13:10:03 | INFO | [Round 12] epoch=80/80 loss=0.9680 acc=62.35 val_acc=nan data_t=0.0029s batch_t=0.0341s epoch_t=00:00.52 lr=0.000010 | GPU MB alloc/reserved=69.9/854.0
2026-04-07 13:10:03 | INFO | [Round 12] Epoch 80/80 time=00:00.52 avg=00:00.45 ETA=00:00.00 | GPU MB alloc/reserved=69.9/854.0
2026-04-07 13:10:03 | INFO | [Round 12] training complete in 00:36.39 (best monitor=63.765) | GPU MB alloc/reserved=69.9/854.0
2026-04-07 13:10:03 | INFO | [Round 12] evaluation started | GPU MB alloc/reserved=52.0/854.0
2026-04-07 13:10:06 | INFO | [Round 12] clean=56.10 fgsm=46.32 pgd=46.17 grad_disp_mean=nan grad_disp_sel=nan round_t=40.22s | GPU MB alloc/reserved=52.0/854.0
2026-04-07 13:10:06 | INFO | [Round 13/21] elapsed=00:40.22 avg_round=00:29.02 projected_remaining=03:52.18 | GPU MB alloc/reserved=52.0/854.0
2026-04-07 13:10:07 | INFO | [Round 13] acquisition on pool_size=48300 scored_pool=5000 budget=100 | GPU MB alloc/reserved=34.1/854.0
2026-04-07 13:10:07 | INFO | [CoreSet-unlabeled-feat] scoring progress 10/20 elapsed=00:00.22 avg/batch=0.022s ETA=00:00.22 | GPU MB alloc/reserved=40.6/854.0
2026-04-07 13:10:07 | INFO | [CoreSet-unlabeled-feat] scoring progress 20/20 elapsed=00:00.26 avg/batch=0.013s ETA=00:00.00 | GPU MB alloc/reserved=40.6/854.0
2026-04-07 13:10:07 | INFO | [CoreSet-labeled-feat] scoring progress 7/7 elapsed=00:00.18 avg/batch=0.026s ETA=00:00.00 | GPU MB alloc/reserved=42.6/854.0
2026-04-07 13:10:08 | INFO | [CoreSet] greedy 10/100 cover_radius=20.493734 | GPU: n/a
2026-04-07 13:10:08 | INFO | [CoreSet] greedy 20/100 cover_radius=19.815729 | GPU: n/a
2026-04-07 13:10:08 | INFO | [CoreSet] greedy 30/100 cover_radius=19.360605 | GPU: n/a
2026-04-07 13:10:08 | INFO | [CoreSet] greedy 40/100 cover_radius=19.075815 | GPU: n/a
2026-04-07 13:10:08 | INFO | [CoreSet] greedy 50/100 cover_radius=18.660110 | GPU: n/a
2026-04-07 13:10:08 | INFO | [CoreSet] greedy 60/100 cover_radius=18.347492 | GPU: n/a
2026-04-07 13:10:08 | INFO | [CoreSet] greedy 70/100 cover_radius=18.223181 | GPU: n/a
2026-04-07 13:10:08 | INFO | [CoreSet] greedy 80/100 cover_radius=17.963148 | GPU: n/a
2026-04-07 13:10:08 | INFO | [CoreSet] greedy 90/100 cover_radius=17.758577 | GPU: n/a
2026-04-07 13:10:09 | INFO | [CoreSet] greedy 100/100 cover_radius=17.589476 | GPU: n/a
2026-04-07 13:10:09 | INFO | [Round 13] labeled=1800 train=1800 val_fixed=0 | GPU MB alloc/reserved=43.1/854.0
2026-04-07 13:10:09 | INFO | [Round 13] epoch=1/80 loss=4.6039 acc=14.06 val_acc=nan data_t=0.0112s batch_t=0.0154s epoch_t=00:00.40 lr=0.001000 | GPU MB alloc/reserved=69.9/856.0
2026-04-07 13:10:09 | INFO | [Round 13] Epoch 1/80 time=00:00.40 avg=00:00.40 ETA=00:31.47 | GPU MB alloc/reserved=69.9/856.0
2026-04-07 13:10:10 | INFO | [Round 13] epoch=2/80 loss=2.1932 acc=23.11 val_acc=nan data_t=0.0019s batch_t=0.0339s epoch_t=00:00.54 lr=0.000998 | GPU MB alloc/reserved=69.9/856.0
2026-04-07 13:10:10 | INFO | [Round 13] Epoch 2/80 time=00:00.54 avg=00:00.47 ETA=00:36.50 | GPU MB alloc/reserved=69.9/856.0
2026-04-07 13:10:10 | INFO | [Round 13] epoch=3/80 loss=2.0080 acc=25.39 val_acc=nan data_t=0.0028s batch_t=0.0343s epoch_t=00:00.56 lr=0.000997 | GPU MB alloc/reserved=69.9/856.0
2026-04-07 13:10:10 | INFO | [Round 13] Epoch 3/80 time=00:00.56 avg=00:00.50 ETA=00:38.30 | GPU MB alloc/reserved=69.9/856.0
2026-04-07 13:10:11 | INFO | [Round 13] epoch=4/80 loss=1.9382 acc=29.83 val_acc=nan data_t=0.0032s batch_t=0.0342s epoch_t=00:00.56 lr=0.000994 | GPU MB alloc/reserved=69.9/856.0
2026-04-07 13:10:11 | INFO | [Round 13] Epoch 4/80 time=00:00.56 avg=00:00.51 ETA=00:39.01 | GPU MB alloc/reserved=69.9/856.0
2026-04-07 13:10:11 | INFO | [Round 13] epoch=5/80 loss=1.8832 acc=31.17 val_acc=nan data_t=0.0028s batch_t=0.0342s epoch_t=00:00.55 lr=0.000990 | GPU MB alloc/reserved=69.9/856.0
2026-04-07 13:10:11 | INFO | [Round 13] Epoch 5/80 time=00:00.55 avg=00:00.52 ETA=00:39.11 | GPU MB alloc/reserved=69.9/856.0
2026-04-07 13:10:12 | INFO | [Round 13] epoch=6/80 loss=1.8372 acc=31.33 val_acc=nan data_t=0.0030s batch_t=0.0130s epoch_t=00:00.24 lr=0.000986 | GPU MB alloc/reserved=69.9/856.0
2026-04-07 13:10:12 | INFO | [Round 13] Epoch 6/80 time=00:00.24 avg=00:00.47 ETA=00:35.13 | GPU MB alloc/reserved=69.9/856.0
2026-04-07 13:10:12 | INFO | [Round 13] epoch=7/80 loss=1.7873 acc=36.06 val_acc=nan data_t=0.0021s batch_t=0.0340s epoch_t=00:00.54 lr=0.000981 | GPU MB alloc/reserved=69.9/856.0
2026-04-07 13:10:12 | INFO | [Round 13] Epoch 7/80 time=00:00.54 avg=00:00.48 ETA=00:35.35 | GPU MB alloc/reserved=69.9/856.0
2026-04-07 13:10:13 | INFO | [Round 13] epoch=8/80 loss=1.7754 acc=34.50 val_acc=nan data_t=0.0035s batch_t=0.0341s epoch_t=00:00.56 lr=0.000976 | GPU MB alloc/reserved=69.9/856.0
2026-04-07 13:10:13 | INFO | [Round 13] Epoch 8/80 time=00:00.56 avg=00:00.49 ETA=00:35.58 | GPU MB alloc/reserved=69.9/856.0
2026-04-07 13:10:13 | INFO | [Round 13] epoch=9/80 loss=1.7411 acc=36.61 val_acc=nan data_t=0.0019s batch_t=0.0340s epoch_t=00:00.54 lr=0.000969 | GPU MB alloc/reserved=69.9/856.0
2026-04-07 13:10:13 | INFO | [Round 13] Epoch 9/80 time=00:00.54 avg=00:00.50 ETA=00:35.43 | GPU MB alloc/reserved=69.9/856.0
2026-04-07 13:10:14 | INFO | [Round 13] epoch=10/80 loss=1.7574 acc=34.94 val_acc=nan data_t=0.0029s batch_t=0.0310s epoch_t=00:00.51 lr=0.000962 | GPU MB alloc/reserved=69.9/856.0
2026-04-07 13:10:14 | INFO | [Round 13] Epoch 10/80 time=00:00.51 avg=00:00.50 ETA=00:35.01 | GPU MB alloc/reserved=69.9/856.0
2026-04-07 13:10:14 | INFO | [Round 13] epoch=11/80 loss=1.7039 acc=36.00 val_acc=nan data_t=0.0034s batch_t=0.0136s epoch_t=00:00.25 lr=0.000955 | GPU MB alloc/reserved=69.9/856.0
2026-04-07 13:10:14 | INFO | [Round 13] Epoch 11/80 time=00:00.25 avg=00:00.48 ETA=00:32.97 | GPU MB alloc/reserved=69.9/856.0
2026-04-07 13:10:15 | INFO | [Round 13] epoch=12/80 loss=1.6607 acc=38.33 val_acc=nan data_t=0.0019s batch_t=0.0340s epoch_t=00:00.54 lr=0.000946 | GPU MB alloc/reserved=69.9/856.0
2026-04-07 13:10:15 | INFO | [Round 13] Epoch 12/80 time=00:00.54 avg=00:00.48 ETA=00:32.83 | GPU MB alloc/reserved=69.9/856.0
2026-04-07 13:10:15 | INFO | [Round 13] epoch=13/80 loss=1.6667 acc=37.94 val_acc=nan data_t=0.0029s batch_t=0.0340s epoch_t=00:00.55 lr=0.000937 | GPU MB alloc/reserved=69.9/856.0
2026-04-07 13:10:15 | INFO | [Round 13] Epoch 13/80 time=00:00.55 avg=00:00.49 ETA=00:32.71 | GPU MB alloc/reserved=69.9/856.0
2026-04-07 13:10:16 | INFO | [Round 13] epoch=14/80 loss=1.6408 acc=38.50 val_acc=nan data_t=0.0027s batch_t=0.0340s epoch_t=00:00.55 lr=0.000927 | GPU MB alloc/reserved=69.9/856.0
2026-04-07 13:10:16 | INFO | [Round 13] Epoch 14/80 time=00:00.55 avg=00:00.49 ETA=00:32.52 | GPU MB alloc/reserved=69.9/856.0
2026-04-07 13:10:16 | INFO | [Round 13] epoch=15/80 loss=1.6216 acc=40.61 val_acc=nan data_t=0.0038s batch_t=0.0292s epoch_t=00:00.50 lr=0.000917 | GPU MB alloc/reserved=69.9/856.0
2026-04-07 13:10:16 | INFO | [Round 13] Epoch 15/80 time=00:00.50 avg=00:00.49 ETA=00:32.04 | GPU MB alloc/reserved=69.9/856.0
2026-04-07 13:10:17 | INFO | [Round 13] epoch=16/80 loss=1.5872 acc=39.89 val_acc=nan data_t=0.0038s batch_t=0.0170s epoch_t=00:00.31 lr=0.000905 | GPU MB alloc/reserved=69.9/856.0
2026-04-07 13:10:17 | INFO | [Round 13] Epoch 16/80 time=00:00.31 avg=00:00.48 ETA=00:30.82 | GPU MB alloc/reserved=69.9/856.0
2026-04-07 13:10:17 | INFO | [Round 13] epoch=17/80 loss=1.6104 acc=40.28 val_acc=nan data_t=0.0029s batch_t=0.0342s epoch_t=00:00.56 lr=0.000894 | GPU MB alloc/reserved=69.9/856.0
2026-04-07 13:10:17 | INFO | [Round 13] Epoch 17/80 time=00:00.56 avg=00:00.49 ETA=00:30.62 | GPU MB alloc/reserved=69.9/856.0
2026-04-07 13:10:18 | INFO | [Round 13] epoch=18/80 loss=1.6464 acc=37.78 val_acc=nan data_t=0.0036s batch_t=0.0342s epoch_t=00:00.57 lr=0.000881 | GPU MB alloc/reserved=69.9/856.0
2026-04-07 13:10:18 | INFO | [Round 13] Epoch 18/80 time=00:00.57 avg=00:00.49 ETA=00:30.42 | GPU MB alloc/reserved=69.9/856.0
2026-04-07 13:10:18 | INFO | [Round 13] epoch=19/80 loss=1.5905 acc=39.44 val_acc=nan data_t=0.0030s batch_t=0.0343s epoch_t=00:00.56 lr=0.000868 | GPU MB alloc/reserved=69.9/856.0
2026-04-07 13:10:18 | INFO | [Round 13] Epoch 19/80 time=00:00.56 avg=00:00.49 ETA=00:30.15 | GPU MB alloc/reserved=69.9/856.0
2026-04-07 13:10:19 | INFO | [Round 13] epoch=20/80 loss=1.5559 acc=40.67 val_acc=nan data_t=0.0041s batch_t=0.0232s epoch_t=00:00.41 lr=0.000855 | GPU MB alloc/reserved=69.9/856.0
2026-04-07 13:10:19 | INFO | [Round 13] Epoch 20/80 time=00:00.41 avg=00:00.49 ETA=00:29.40 | GPU MB alloc/reserved=69.9/856.0
2026-04-07 13:10:19 | INFO | [Round 13] epoch=21/80 loss=1.5270 acc=41.50 val_acc=nan data_t=0.0021s batch_t=0.0210s epoch_t=00:00.35 lr=0.000841 | GPU MB alloc/reserved=69.9/856.0
2026-04-07 13:10:19 | INFO | [Round 13] Epoch 21/80 time=00:00.35 avg=00:00.48 ETA=00:28.51 | GPU MB alloc/reserved=69.9/856.0
2026-04-07 13:10:20 | INFO | [Round 13] epoch=22/80 loss=1.5063 acc=43.83 val_acc=nan data_t=0.0029s batch_t=0.0343s epoch_t=00:00.56 lr=0.000826 | GPU MB alloc/reserved=69.9/856.0
2026-04-07 13:10:20 | INFO | [Round 13] Epoch 22/80 time=00:00.56 avg=00:00.49 ETA=00:28.22 | GPU MB alloc/reserved=69.9/856.0
2026-04-07 13:10:20 | INFO | [Round 13] epoch=23/80 loss=1.4998 acc=43.33 val_acc=nan data_t=0.0032s batch_t=0.0343s epoch_t=00:00.56 lr=0.000811 | GPU MB alloc/reserved=69.9/856.0
2026-04-07 13:10:20 | INFO | [Round 13] Epoch 23/80 time=00:00.56 avg=00:00.49 ETA=00:27.92 | GPU MB alloc/reserved=69.9/856.0
2026-04-07 13:10:21 | INFO | [Round 13] epoch=24/80 loss=1.5065 acc=43.89 val_acc=nan data_t=0.0037s batch_t=0.0341s epoch_t=00:00.57 lr=0.000796 | GPU MB alloc/reserved=69.9/856.0
2026-04-07 13:10:21 | INFO | [Round 13] Epoch 24/80 time=00:00.57 avg=00:00.49 ETA=00:27.62 | GPU MB alloc/reserved=69.9/856.0
2026-04-07 13:10:21 | INFO | [Round 13] epoch=25/80 loss=1.4481 acc=45.00 val_acc=nan data_t=0.0035s batch_t=0.0191s epoch_t=00:00.34 lr=0.000780 | GPU MB alloc/reserved=69.9/856.0
2026-04-07 13:10:21 | INFO | [Round 13] Epoch 25/80 time=00:00.34 avg=00:00.49 ETA=00:26.79 | GPU MB alloc/reserved=69.9/856.0
2026-04-07 13:10:21 | INFO | [Round 13] epoch=26/80 loss=1.4442 acc=44.94 val_acc=nan data_t=0.0022s batch_t=0.0206s epoch_t=00:00.34 lr=0.000764 | GPU MB alloc/reserved=69.9/856.0
2026-04-07 13:10:21 | INFO | [Round 13] Epoch 26/80 time=00:00.34 avg=00:00.48 ETA=00:26.00 | GPU MB alloc/reserved=69.9/856.0
2026-04-07 13:10:22 | INFO | [Round 13] epoch=27/80 loss=1.4605 acc=44.89 val_acc=nan data_t=0.0032s batch_t=0.0340s epoch_t=00:00.56 lr=0.000747 | GPU MB alloc/reserved=69.9/856.0
2026-04-07 13:10:22 | INFO | [Round 13] Epoch 27/80 time=00:00.56 avg=00:00.48 ETA=00:25.67 | GPU MB alloc/reserved=69.9/856.0
2026-04-07 13:10:23 | INFO | [Round 13] epoch=28/80 loss=1.4865 acc=43.89 val_acc=nan data_t=0.0037s batch_t=0.0340s epoch_t=00:00.57 lr=0.000730 | GPU MB alloc/reserved=69.9/856.0
2026-04-07 13:10:23 | INFO | [Round 13] Epoch 28/80 time=00:00.57 avg=00:00.49 ETA=00:25.33 | GPU MB alloc/reserved=69.9/856.0
2026-04-07 13:10:23 | INFO | [Round 13] epoch=29/80 loss=1.4262 acc=47.17 val_acc=nan data_t=0.0034s batch_t=0.0341s epoch_t=00:00.56 lr=0.000712 | GPU MB alloc/reserved=69.9/856.0
2026-04-07 13:10:23 | INFO | [Round 13] Epoch 29/80 time=00:00.56 avg=00:00.49 ETA=00:24.98 | GPU MB alloc/reserved=69.9/856.0
2026-04-07 13:10:23 | INFO | [Round 13] epoch=30/80 loss=1.4016 acc=48.22 val_acc=nan data_t=0.0034s batch_t=0.0199s epoch_t=00:00.35 lr=0.000694 | GPU MB alloc/reserved=69.9/856.0
2026-04-07 13:10:23 | INFO | [Round 13] Epoch 30/80 time=00:00.35 avg=00:00.49 ETA=00:24.26 | GPU MB alloc/reserved=69.9/856.0
2026-04-07 13:10:24 | INFO | [Round 13] epoch=31/80 loss=1.3962 acc=47.33 val_acc=nan data_t=0.0019s batch_t=0.0213s epoch_t=00:00.35 lr=0.000676 | GPU MB alloc/reserved=69.9/856.0
2026-04-07 13:10:24 | INFO | [Round 13] Epoch 31/80 time=00:00.35 avg=00:00.48 ETA=00:23.56 | GPU MB alloc/reserved=69.9/856.0
2026-04-07 13:10:24 | INFO | [Round 13] epoch=32/80 loss=1.3716 acc=48.33 val_acc=nan data_t=0.0020s batch_t=0.0340s epoch_t=00:00.54 lr=0.000658 | GPU MB alloc/reserved=69.9/856.0
2026-04-07 13:10:24 | INFO | [Round 13] Epoch 32/80 time=00:00.54 avg=00:00.48 ETA=00:23.16 | GPU MB alloc/reserved=69.9/856.0
2026-04-07 13:10:25 | INFO | [Round 13] epoch=33/80 loss=1.3647 acc=46.89 val_acc=nan data_t=0.0027s batch_t=0.0339s epoch_t=00:00.55 lr=0.000639 | GPU MB alloc/reserved=69.9/856.0
2026-04-07 13:10:25 | INFO | [Round 13] Epoch 33/80 time=00:00.55 avg=00:00.48 ETA=00:22.78 | GPU MB alloc/reserved=69.9/856.0
2026-04-07 13:10:25 | INFO | [Round 13] epoch=34/80 loss=1.3608 acc=49.44 val_acc=nan data_t=0.0035s batch_t=0.0340s epoch_t=00:00.56 lr=0.000621 | GPU MB alloc/reserved=69.9/856.0
2026-04-07 13:10:25 | INFO | [Round 13] Epoch 34/80 time=00:00.56 avg=00:00.49 ETA=00:22.40 | GPU MB alloc/reserved=69.9/856.0
2026-04-07 13:10:26 | INFO | [Round 13] epoch=35/80 loss=1.3733 acc=47.67 val_acc=nan data_t=0.0030s batch_t=0.0217s epoch_t=00:00.37 lr=0.000602 | GPU MB alloc/reserved=69.9/856.0
2026-04-07 13:10:26 | INFO | [Round 13] Epoch 35/80 time=00:00.37 avg=00:00.48 ETA=00:21.76 | GPU MB alloc/reserved=69.9/856.0
2026-04-07 13:10:26 | INFO | [Round 13] epoch=36/80 loss=1.3317 acc=50.61 val_acc=nan data_t=0.0023s batch_t=0.0205s epoch_t=00:00.34 lr=0.000582 | GPU MB alloc/reserved=69.9/856.0
2026-04-07 13:10:26 | INFO | [Round 13] Epoch 36/80 time=00:00.34 avg=00:00.48 ETA=00:21.11 | GPU MB alloc/reserved=69.9/856.0
2026-04-07 13:10:27 | INFO | [Round 13] epoch=37/80 loss=1.3152 acc=49.78 val_acc=nan data_t=0.0029s batch_t=0.0341s epoch_t=00:00.55 lr=0.000563 | GPU MB alloc/reserved=69.9/856.0
2026-04-07 13:10:27 | INFO | [Round 13] Epoch 37/80 time=00:00.55 avg=00:00.48 ETA=00:20.71 | GPU MB alloc/reserved=69.9/856.0
2026-04-07 13:10:27 | INFO | [Round 13] epoch=38/80 loss=1.3265 acc=50.00 val_acc=nan data_t=0.0025s batch_t=0.0340s epoch_t=00:00.55 lr=0.000544 | GPU MB alloc/reserved=69.9/856.0
2026-04-07 13:10:27 | INFO | [Round 13] Epoch 38/80 time=00:00.55 avg=00:00.48 ETA=00:20.30 | GPU MB alloc/reserved=69.9/856.0
2026-04-07 13:10:28 | INFO | [Round 13] epoch=39/80 loss=1.3109 acc=51.06 val_acc=nan data_t=0.0030s batch_t=0.0340s epoch_t=00:00.55 lr=0.000524 | GPU MB alloc/reserved=69.9/856.0
2026-04-07 13:10:28 | INFO | [Round 13] Epoch 39/80 time=00:00.55 avg=00:00.49 ETA=00:19.90 | GPU MB alloc/reserved=69.9/856.0
2026-04-07 13:10:28 | INFO | [Round 13] epoch=40/80 loss=1.2991 acc=51.33 val_acc=nan data_t=0.0033s batch_t=0.0215s epoch_t=00:00.37 lr=0.000505 | GPU MB alloc/reserved=69.9/856.0
2026-04-07 13:10:28 | INFO | [Round 13] Epoch 40/80 time=00:00.37 avg=00:00.48 ETA=00:19.30 | GPU MB alloc/reserved=69.9/856.0
2026-04-07 13:10:29 | INFO | [Round 13] epoch=41/80 loss=1.2786 acc=52.72 val_acc=nan data_t=0.0023s batch_t=0.0214s epoch_t=00:00.36 lr=0.000486 | GPU MB alloc/reserved=69.9/856.0
2026-04-07 13:10:29 | INFO | [Round 13] Epoch 41/80 time=00:00.36 avg=00:00.48 ETA=00:18.69 | GPU MB alloc/reserved=69.9/856.0
2026-04-07 13:10:29 | INFO | [Round 13] epoch=42/80 loss=1.2588 acc=52.11 val_acc=nan data_t=0.0018s batch_t=0.0340s epoch_t=00:00.54 lr=0.000466 | GPU MB alloc/reserved=69.9/856.0
2026-04-07 13:10:29 | INFO | [Round 13] Epoch 42/80 time=00:00.54 avg=00:00.48 ETA=00:18.27 | GPU MB alloc/reserved=69.9/856.0
2026-04-07 13:10:30 | INFO | [Round 13] epoch=43/80 loss=1.2618 acc=53.28 val_acc=nan data_t=0.0035s batch_t=0.0340s epoch_t=00:00.56 lr=0.000447 | GPU MB alloc/reserved=69.9/856.0
2026-04-07 13:10:30 | INFO | [Round 13] Epoch 43/80 time=00:00.56 avg=00:00.48 ETA=00:17.86 | GPU MB alloc/reserved=69.9/856.0
2026-04-07 13:10:30 | INFO | [Round 13] epoch=44/80 loss=1.2197 acc=53.17 val_acc=nan data_t=0.0036s batch_t=0.0340s epoch_t=00:00.56 lr=0.000428 | GPU MB alloc/reserved=69.9/856.0
2026-04-07 13:10:30 | INFO | [Round 13] Epoch 44/80 time=00:00.56 avg=00:00.48 ETA=00:17.44 | GPU MB alloc/reserved=69.9/856.0
2026-04-07 13:10:31 | INFO | [Round 13] epoch=45/80 loss=1.2706 acc=51.78 val_acc=nan data_t=0.0029s batch_t=0.0206s epoch_t=00:00.35 lr=0.000408 | GPU MB alloc/reserved=69.9/856.0
2026-04-07 13:10:31 | INFO | [Round 13] Epoch 45/80 time=00:00.35 avg=00:00.48 ETA=00:16.85 | GPU MB alloc/reserved=69.9/856.0
2026-04-07 13:10:31 | INFO | [Round 13] epoch=46/80 loss=1.2063 acc=53.50 val_acc=nan data_t=0.0021s batch_t=0.0193s epoch_t=00:00.32 lr=0.000389 | GPU MB alloc/reserved=69.9/856.0
2026-04-07 13:10:31 | INFO | [Round 13] Epoch 46/80 time=00:00.32 avg=00:00.48 ETA=00:16.25 | GPU MB alloc/reserved=69.9/856.0
2026-04-07 13:10:31 | INFO | [Round 13] epoch=47/80 loss=1.1912 acc=55.94 val_acc=nan data_t=0.0032s batch_t=0.0340s epoch_t=00:00.56 lr=0.000371 | GPU MB alloc/reserved=69.9/856.0
2026-04-07 13:10:31 | INFO | [Round 13] Epoch 47/80 time=00:00.56 avg=00:00.48 ETA=00:15.83 | GPU MB alloc/reserved=69.9/856.0
2026-04-07 13:10:32 | INFO | [Round 13] epoch=48/80 loss=1.1941 acc=55.56 val_acc=nan data_t=0.0031s batch_t=0.0340s epoch_t=00:00.56 lr=0.000352 | GPU MB alloc/reserved=69.9/856.0
2026-04-07 13:10:32 | INFO | [Round 13] Epoch 48/80 time=00:00.56 avg=00:00.48 ETA=00:15.40 | GPU MB alloc/reserved=69.9/856.0
2026-04-07 13:10:33 | INFO | [Round 13] epoch=49/80 loss=1.1837 acc=54.00 val_acc=nan data_t=0.0034s batch_t=0.0341s epoch_t=00:00.56 lr=0.000334 | GPU MB alloc/reserved=69.9/856.0
2026-04-07 13:10:33 | INFO | [Round 13] Epoch 49/80 time=00:00.56 avg=00:00.48 ETA=00:14.97 | GPU MB alloc/reserved=69.9/856.0
2026-04-07 13:10:33 | INFO | [Round 13] epoch=50/80 loss=1.1542 acc=55.33 val_acc=nan data_t=0.0030s batch_t=0.0217s epoch_t=00:00.37 lr=0.000316 | GPU MB alloc/reserved=69.9/856.0
2026-04-07 13:10:33 | INFO | [Round 13] Epoch 50/80 time=00:00.37 avg=00:00.48 ETA=00:14.42 | GPU MB alloc/reserved=69.9/856.0
2026-04-07 13:10:33 | INFO | [Round 13] epoch=51/80 loss=1.1438 acc=56.61 val_acc=nan data_t=0.0029s batch_t=0.0205s epoch_t=00:00.35 lr=0.000298 | GPU MB alloc/reserved=69.9/856.0
2026-04-07 13:10:33 | INFO | [Round 13] Epoch 51/80 time=00:00.35 avg=00:00.48 ETA=00:13.87 | GPU MB alloc/reserved=69.9/856.0
2026-04-07 13:10:34 | INFO | [Round 13] epoch=52/80 loss=1.1563 acc=54.83 val_acc=nan data_t=0.0028s batch_t=0.0340s epoch_t=00:00.55 lr=0.000280 | GPU MB alloc/reserved=69.9/856.0
2026-04-07 13:10:34 | INFO | [Round 13] Epoch 52/80 time=00:00.55 avg=00:00.48 ETA=00:13.43 | GPU MB alloc/reserved=69.9/856.0
2026-04-07 13:10:34 | INFO | [Round 13] epoch=53/80 loss=1.1640 acc=55.89 val_acc=nan data_t=0.0030s batch_t=0.0342s epoch_t=00:00.56 lr=0.000263 | GPU MB alloc/reserved=69.9/856.0
2026-04-07 13:10:34 | INFO | [Round 13] Epoch 53/80 time=00:00.56 avg=00:00.48 ETA=00:12.99 | GPU MB alloc/reserved=69.9/856.0
2026-04-07 13:10:35 | INFO | [Round 13] epoch=54/80 loss=1.1507 acc=57.78 val_acc=nan data_t=0.0029s batch_t=0.0340s epoch_t=00:00.55 lr=0.000246 | GPU MB alloc/reserved=69.9/856.0
2026-04-07 13:10:35 | INFO | [Round 13] Epoch 54/80 time=00:00.55 avg=00:00.48 ETA=00:12.54 | GPU MB alloc/reserved=69.9/856.0
2026-04-07 13:10:35 | INFO | [Round 13] epoch=55/80 loss=1.1479 acc=57.06 val_acc=nan data_t=0.0027s batch_t=0.0223s epoch_t=00:00.38 lr=0.000230 | GPU MB alloc/reserved=69.9/856.0
2026-04-07 13:10:35 | INFO | [Round 13] Epoch 55/80 time=00:00.38 avg=00:00.48 ETA=00:12.01 | GPU MB alloc/reserved=69.9/856.0
2026-04-07 13:10:36 | INFO | [Round 13] epoch=56/80 loss=1.1068 acc=58.61 val_acc=nan data_t=0.0023s batch_t=0.0213s epoch_t=00:00.35 lr=0.000214 | GPU MB alloc/reserved=69.9/856.0
2026-04-07 13:10:36 | INFO | [Round 13] Epoch 56/80 time=00:00.35 avg=00:00.48 ETA=00:11.48 | GPU MB alloc/reserved=69.9/856.0
2026-04-07 13:10:36 | INFO | [Round 13] epoch=57/80 loss=1.1095 acc=57.56 val_acc=nan data_t=0.0033s batch_t=0.0340s epoch_t=00:00.56 lr=0.000199 | GPU MB alloc/reserved=69.9/856.0
2026-04-07 13:10:36 | INFO | [Round 13] Epoch 57/80 time=00:00.56 avg=00:00.48 ETA=00:11.03 | GPU MB alloc/reserved=69.9/856.0
2026-04-07 13:10:37 | INFO | [Round 13] epoch=58/80 loss=1.1257 acc=56.83 val_acc=nan data_t=0.0029s batch_t=0.0340s epoch_t=00:00.55 lr=0.000184 | GPU MB alloc/reserved=69.9/856.0
2026-04-07 13:10:37 | INFO | [Round 13] Epoch 58/80 time=00:00.55 avg=00:00.48 ETA=00:10.58 | GPU MB alloc/reserved=69.9/856.0
2026-04-07 13:10:37 | INFO | [Round 13] epoch=59/80 loss=1.1031 acc=58.89 val_acc=nan data_t=0.0031s batch_t=0.0341s epoch_t=00:00.56 lr=0.000169 | GPU MB alloc/reserved=69.9/856.0
2026-04-07 13:10:37 | INFO | [Round 13] Epoch 59/80 time=00:00.56 avg=00:00.48 ETA=00:10.13 | GPU MB alloc/reserved=69.9/856.0
2026-04-07 13:10:38 | INFO | [Round 13] epoch=60/80 loss=1.1090 acc=59.17 val_acc=nan data_t=0.0032s batch_t=0.0208s epoch_t=00:00.36 lr=0.000155 | GPU MB alloc/reserved=69.9/856.0
2026-04-07 13:10:38 | INFO | [Round 13] Epoch 60/80 time=00:00.36 avg=00:00.48 ETA=00:09.60 | GPU MB alloc/reserved=69.9/856.0
2026-04-07 13:10:38 | INFO | [Round 13] epoch=61/80 loss=1.1103 acc=58.28 val_acc=nan data_t=0.0021s batch_t=0.0215s epoch_t=00:00.35 lr=0.000142 | GPU MB alloc/reserved=69.9/856.0
2026-04-07 13:10:38 | INFO | [Round 13] Epoch 61/80 time=00:00.35 avg=00:00.48 ETA=00:09.08 | GPU MB alloc/reserved=69.9/856.0
2026-04-07 13:10:39 | INFO | [Round 13] epoch=62/80 loss=1.0933 acc=58.22 val_acc=nan data_t=0.0029s batch_t=0.0341s epoch_t=00:00.56 lr=0.000129 | GPU MB alloc/reserved=69.9/856.0
2026-04-07 13:10:39 | INFO | [Round 13] Epoch 62/80 time=00:00.56 avg=00:00.48 ETA=00:08.63 | GPU MB alloc/reserved=69.9/856.0
2026-04-07 13:10:39 | INFO | [Round 13] epoch=63/80 loss=1.0759 acc=58.22 val_acc=nan data_t=0.0019s batch_t=0.0341s epoch_t=00:00.54 lr=0.000116 | GPU MB alloc/reserved=69.9/856.0
2026-04-07 13:10:39 | INFO | [Round 13] Epoch 63/80 time=00:00.54 avg=00:00.48 ETA=00:08.16 | GPU MB alloc/reserved=69.9/856.0
2026-04-07 13:10:40 | INFO | [Round 13] epoch=64/80 loss=1.0624 acc=60.17 val_acc=nan data_t=0.0031s batch_t=0.0340s epoch_t=00:00.56 lr=0.000105 | GPU MB alloc/reserved=69.9/856.0
2026-04-07 13:10:40 | INFO | [Round 13] Epoch 64/80 time=00:00.56 avg=00:00.48 ETA=00:07.70 | GPU MB alloc/reserved=69.9/856.0
2026-04-07 13:10:40 | INFO | [Round 13] epoch=65/80 loss=1.0508 acc=61.56 val_acc=nan data_t=0.0029s batch_t=0.0223s epoch_t=00:00.38 lr=0.000093 | GPU MB alloc/reserved=69.9/856.0
2026-04-07 13:10:40 | INFO | [Round 13] Epoch 65/80 time=00:00.38 avg=00:00.48 ETA=00:07.20 | GPU MB alloc/reserved=69.9/856.0
2026-04-07 13:10:40 | INFO | [Round 13] epoch=66/80 loss=1.0486 acc=60.89 val_acc=nan data_t=0.0023s batch_t=0.0216s epoch_t=00:00.36 lr=0.000083 | GPU MB alloc/reserved=69.9/856.0
2026-04-07 13:10:40 | INFO | [Round 13] Epoch 66/80 time=00:00.36 avg=00:00.48 ETA=00:06.69 | GPU MB alloc/reserved=69.9/856.0
2026-04-07 13:10:41 | INFO | [Round 13] epoch=67/80 loss=1.0422 acc=61.78 val_acc=nan data_t=0.0030s batch_t=0.0342s epoch_t=00:00.56 lr=0.000073 | GPU MB alloc/reserved=69.9/856.0
2026-04-07 13:10:41 | INFO | [Round 13] Epoch 67/80 time=00:00.56 avg=00:00.48 ETA=00:06.23 | GPU MB alloc/reserved=69.9/856.0
2026-04-07 13:10:42 | INFO | [Round 13] epoch=68/80 loss=1.0419 acc=60.78 val_acc=nan data_t=0.0022s batch_t=0.0342s epoch_t=00:00.55 lr=0.000064 | GPU MB alloc/reserved=69.9/856.0
2026-04-07 13:10:42 | INFO | [Round 13] Epoch 68/80 time=00:00.55 avg=00:00.48 ETA=00:05.76 | GPU MB alloc/reserved=69.9/856.0
2026-04-07 13:10:42 | INFO | [Round 13] epoch=69/80 loss=1.0325 acc=60.61 val_acc=nan data_t=0.0031s batch_t=0.0342s epoch_t=00:00.56 lr=0.000055 | GPU MB alloc/reserved=69.9/856.0
2026-04-07 13:10:42 | INFO | [Round 13] Epoch 69/80 time=00:00.56 avg=00:00.48 ETA=00:05.29 | GPU MB alloc/reserved=69.9/856.0
2026-04-07 13:10:43 | INFO | [Round 13] epoch=70/80 loss=1.0325 acc=60.61 val_acc=nan data_t=0.0019s batch_t=0.0225s epoch_t=00:00.37 lr=0.000048 | GPU MB alloc/reserved=69.9/856.0
2026-04-07 13:10:43 | INFO | [Round 13] Epoch 70/80 time=00:00.37 avg=00:00.48 ETA=00:04.80 | GPU MB alloc/reserved=69.9/856.0
2026-04-07 13:10:43 | INFO | [Round 13] epoch=71/80 loss=1.0277 acc=62.39 val_acc=nan data_t=0.0025s batch_t=0.0226s epoch_t=00:00.38 lr=0.000041 | GPU MB alloc/reserved=69.9/856.0
2026-04-07 13:10:43 | INFO | [Round 13] Epoch 71/80 time=00:00.38 avg=00:00.48 ETA=00:04.30 | GPU MB alloc/reserved=69.9/856.0
2026-04-07 13:10:43 | INFO | [Round 13] epoch=72/80 loss=1.0364 acc=61.50 val_acc=nan data_t=0.0019s batch_t=0.0344s epoch_t=00:00.54 lr=0.000034 | GPU MB alloc/reserved=69.9/856.0
2026-04-07 13:10:43 | INFO | [Round 13] Epoch 72/80 time=00:00.54 avg=00:00.48 ETA=00:03.83 | GPU MB alloc/reserved=69.9/856.0
2026-04-07 13:10:44 | INFO | [Round 13] epoch=73/80 loss=1.0472 acc=61.61 val_acc=nan data_t=0.0019s batch_t=0.0343s epoch_t=00:00.54 lr=0.000029 | GPU MB alloc/reserved=69.9/856.0
2026-04-07 13:10:44 | INFO | [Round 13] Epoch 73/80 time=00:00.54 avg=00:00.48 ETA=00:03.36 | GPU MB alloc/reserved=69.9/856.0
2026-04-07 13:10:45 | INFO | [Round 13] epoch=74/80 loss=1.0111 acc=62.44 val_acc=nan data_t=0.0040s batch_t=0.0342s epoch_t=00:00.57 lr=0.000024 | GPU MB alloc/reserved=69.9/856.0
2026-04-07 13:10:45 | INFO | [Round 13] Epoch 74/80 time=00:00.57 avg=00:00.48 ETA=00:02.89 | GPU MB alloc/reserved=69.9/856.0
2026-04-07 13:10:45 | INFO | [Round 13] epoch=75/80 loss=1.0426 acc=60.72 val_acc=nan data_t=0.0028s batch_t=0.0207s epoch_t=00:00.35 lr=0.000020 | GPU MB alloc/reserved=69.9/856.0
2026-04-07 13:10:45 | INFO | [Round 13] Epoch 75/80 time=00:00.35 avg=00:00.48 ETA=00:02.40 | GPU MB alloc/reserved=69.9/856.0
2026-04-07 13:10:45 | INFO | [Round 13] epoch=76/80 loss=1.0191 acc=62.61 val_acc=nan data_t=0.0022s batch_t=0.0229s epoch_t=00:00.38 lr=0.000016 | GPU MB alloc/reserved=69.9/856.0
2026-04-07 13:10:45 | INFO | [Round 13] Epoch 76/80 time=00:00.38 avg=00:00.48 ETA=00:01.91 | GPU MB alloc/reserved=69.9/856.0
2026-04-07 13:10:46 | INFO | [Round 13] epoch=77/80 loss=1.0238 acc=60.89 val_acc=nan data_t=0.0026s batch_t=0.0342s epoch_t=00:00.55 lr=0.000013 | GPU MB alloc/reserved=69.9/856.0
2026-04-07 13:10:46 | INFO | [Round 13] Epoch 77/80 time=00:00.55 avg=00:00.48 ETA=00:01.44 | GPU MB alloc/reserved=69.9/856.0
2026-04-07 13:10:46 | INFO | [Round 13] epoch=78/80 loss=1.0145 acc=61.22 val_acc=nan data_t=0.0028s batch_t=0.0342s epoch_t=00:00.56 lr=0.000012 | GPU MB alloc/reserved=69.9/856.0
2026-04-07 13:10:46 | INFO | [Round 13] Epoch 78/80 time=00:00.56 avg=00:00.48 ETA=00:00.96 | GPU MB alloc/reserved=69.9/856.0
2026-04-07 13:10:47 | INFO | [Round 13] epoch=79/80 loss=1.0435 acc=60.39 val_acc=nan data_t=0.0028s batch_t=0.0343s epoch_t=00:00.56 lr=0.000010 | GPU MB alloc/reserved=69.9/856.0
2026-04-07 13:10:47 | INFO | [Round 13] Epoch 79/80 time=00:00.56 avg=00:00.48 ETA=00:00.48 | GPU MB alloc/reserved=69.9/856.0
2026-04-07 13:10:47 | INFO | [Round 13] epoch=80/80 loss=1.0354 acc=61.00 val_acc=nan data_t=0.0028s batch_t=0.0204s epoch_t=00:00.35 lr=0.000010 | GPU MB alloc/reserved=69.9/856.0
2026-04-07 13:10:47 | INFO | [Round 13] Epoch 80/80 time=00:00.35 avg=00:00.48 ETA=00:00.00 | GPU MB alloc/reserved=69.9/856.0
2026-04-07 13:10:47 | INFO | [Round 13] training complete in 00:38.46 (best monitor=62.611) | GPU MB alloc/reserved=69.9/856.0
2026-04-07 13:10:47 | INFO | [Round 13] evaluation started | GPU MB alloc/reserved=52.0/856.0
2026-04-07 13:10:50 | INFO | [Round 13] clean=54.47 fgsm=45.67 pgd=45.57 grad_disp_mean=nan grad_disp_sel=nan round_t=43.11s | GPU MB alloc/reserved=52.0/856.0
2026-04-07 13:10:50 | INFO | [Round 14/21] elapsed=00:43.11 avg_round=00:30.03 projected_remaining=03:30.20 | GPU MB alloc/reserved=52.0/856.0
2026-04-07 13:10:51 | INFO | [Round 14] acquisition on pool_size=48200 scored_pool=5000 budget=100 | GPU MB alloc/reserved=34.1/856.0
2026-04-07 13:10:51 | INFO | [CoreSet-unlabeled-feat] scoring progress 10/20 elapsed=00:00.21 avg/batch=0.021s ETA=00:00.21 | GPU MB alloc/reserved=40.6/856.0
2026-04-07 13:10:51 | INFO | [CoreSet-unlabeled-feat] scoring progress 20/20 elapsed=00:00.24 avg/batch=0.012s ETA=00:00.00 | GPU MB alloc/reserved=40.6/856.0
2026-04-07 13:10:51 | INFO | [CoreSet-labeled-feat] scoring progress 8/8 elapsed=00:00.21 avg/batch=0.026s ETA=00:00.00 | GPU MB alloc/reserved=40.9/856.0
2026-04-07 13:10:52 | INFO | [CoreSet] greedy 10/100 cover_radius=25.249174 | GPU: n/a
2026-04-07 13:10:52 | INFO | [CoreSet] greedy 20/100 cover_radius=24.201324 | GPU: n/a
2026-04-07 13:10:52 | INFO | [CoreSet] greedy 30/100 cover_radius=23.468397 | GPU: n/a
2026-04-07 13:10:52 | INFO | [CoreSet] greedy 40/100 cover_radius=22.928877 | GPU: n/a
2026-04-07 13:10:52 | INFO | [CoreSet] greedy 50/100 cover_radius=22.681204 | GPU: n/a
2026-04-07 13:10:52 | INFO | [CoreSet] greedy 60/100 cover_radius=22.486813 | GPU: n/a
2026-04-07 13:10:52 | INFO | [CoreSet] greedy 70/100 cover_radius=22.143112 | GPU: n/a
2026-04-07 13:10:52 | INFO | [CoreSet] greedy 80/100 cover_radius=22.019806 | GPU: n/a
2026-04-07 13:10:52 | INFO | [CoreSet] greedy 90/100 cover_radius=21.936676 | GPU: n/a
2026-04-07 13:10:52 | INFO | [CoreSet] greedy 100/100 cover_radius=21.809013 | GPU: n/a
2026-04-07 13:10:52 | INFO | [Round 14] labeled=1900 train=1900 val_fixed=0 | GPU MB alloc/reserved=43.1/856.0
2026-04-07 13:10:53 | INFO | [Round 14] epoch=1/80 loss=4.7436 acc=15.37 val_acc=nan data_t=0.0122s batch_t=0.0355s epoch_t=00:00.72 lr=0.001000 | GPU MB alloc/reserved=69.9/856.0
2026-04-07 13:10:53 | INFO | [Round 14] Epoch 1/80 time=00:00.72 avg=00:00.72 ETA=00:56.53 | GPU MB alloc/reserved=69.9/856.0
2026-04-07 13:10:53 | INFO | [Round 14] epoch=2/80 loss=2.1614 acc=22.11 val_acc=nan data_t=0.0032s batch_t=0.0342s epoch_t=00:00.56 lr=0.000998 | GPU MB alloc/reserved=69.9/856.0
2026-04-07 13:10:53 | INFO | [Round 14] Epoch 2/80 time=00:00.56 avg=00:00.64 ETA=00:49.81 | GPU MB alloc/reserved=69.9/856.0
2026-04-07 13:10:54 | INFO | [Round 14] epoch=3/80 loss=2.0108 acc=25.68 val_acc=nan data_t=0.0027s batch_t=0.0342s epoch_t=00:00.55 lr=0.000997 | GPU MB alloc/reserved=69.9/856.0
2026-04-07 13:10:54 | INFO | [Round 14] Epoch 3/80 time=00:00.55 avg=00:00.61 ETA=00:47.00 | GPU MB alloc/reserved=69.9/856.0
2026-04-07 13:10:54 | INFO | [Round 14] epoch=4/80 loss=1.9610 acc=27.58 val_acc=nan data_t=0.0038s batch_t=0.0179s epoch_t=00:00.33 lr=0.000994 | GPU MB alloc/reserved=69.9/856.0
2026-04-07 13:10:54 | INFO | [Round 14] Epoch 4/80 time=00:00.33 avg=00:00.54 ETA=00:40.99 | GPU MB alloc/reserved=69.9/856.0
2026-04-07 13:10:55 | INFO | [Round 14] epoch=5/80 loss=1.8995 acc=32.37 val_acc=nan data_t=0.0020s batch_t=0.0273s epoch_t=00:00.44 lr=0.000990 | GPU MB alloc/reserved=69.9/856.0
2026-04-07 13:10:55 | INFO | [Round 14] Epoch 5/80 time=00:00.44 avg=00:00.52 ETA=00:38.96 | GPU MB alloc/reserved=69.9/856.0
2026-04-07 13:10:55 | INFO | [Round 14] epoch=6/80 loss=1.8425 acc=33.58 val_acc=nan data_t=0.0018s batch_t=0.0343s epoch_t=00:00.54 lr=0.000986 | GPU MB alloc/reserved=69.9/856.0
2026-04-07 13:10:55 | INFO | [Round 14] Epoch 6/80 time=00:00.54 avg=00:00.52 ETA=00:38.71 | GPU MB alloc/reserved=69.9/856.0
2026-04-07 13:10:56 | INFO | [Round 14] epoch=7/80 loss=1.7847 acc=35.63 val_acc=nan data_t=0.0031s batch_t=0.0342s epoch_t=00:00.56 lr=0.000981 | GPU MB alloc/reserved=69.9/856.0
2026-04-07 13:10:56 | INFO | [Round 14] Epoch 7/80 time=00:00.56 avg=00:00.53 ETA=00:38.57 | GPU MB alloc/reserved=69.9/856.0
2026-04-07 13:10:56 | INFO | [Round 14] epoch=8/80 loss=1.7709 acc=34.74 val_acc=nan data_t=0.0032s batch_t=0.0343s epoch_t=00:00.56 lr=0.000976 | GPU MB alloc/reserved=69.9/856.0
2026-04-07 13:10:56 | INFO | [Round 14] Epoch 8/80 time=00:00.56 avg=00:00.53 ETA=00:38.35 | GPU MB alloc/reserved=69.9/856.0
2026-04-07 13:10:57 | INFO | [Round 14] epoch=9/80 loss=1.7191 acc=38.00 val_acc=nan data_t=0.0027s batch_t=0.0167s epoch_t=00:00.29 lr=0.000969 | GPU MB alloc/reserved=69.9/856.0
2026-04-07 13:10:57 | INFO | [Round 14] Epoch 9/80 time=00:00.29 avg=00:00.51 ETA=00:35.92 | GPU MB alloc/reserved=69.9/856.0
2026-04-07 13:10:57 | INFO | [Round 14] epoch=10/80 loss=1.6601 acc=39.95 val_acc=nan data_t=0.0022s batch_t=0.0244s epoch_t=00:00.40 lr=0.000962 | GPU MB alloc/reserved=69.9/856.0
2026-04-07 13:10:57 | INFO | [Round 14] Epoch 10/80 time=00:00.40 avg=00:00.50 ETA=00:34.66 | GPU MB alloc/reserved=69.9/856.0
2026-04-07 13:10:58 | INFO | [Round 14] epoch=11/80 loss=1.6446 acc=40.32 val_acc=nan data_t=0.0032s batch_t=0.0343s epoch_t=00:00.56 lr=0.000955 | GPU MB alloc/reserved=69.9/856.0
2026-04-07 13:10:58 | INFO | [Round 14] Epoch 11/80 time=00:00.56 avg=00:00.50 ETA=00:34.59 | GPU MB alloc/reserved=69.9/856.0
2026-04-07 13:10:58 | INFO | [Round 14] epoch=12/80 loss=1.6127 acc=40.32 val_acc=nan data_t=0.0027s batch_t=0.0343s epoch_t=00:00.56 lr=0.000946 | GPU MB alloc/reserved=69.9/856.0
2026-04-07 13:10:58 | INFO | [Round 14] Epoch 12/80 time=00:00.56 avg=00:00.51 ETA=00:34.40 | GPU MB alloc/reserved=69.9/856.0
2026-04-07 13:10:59 | INFO | [Round 14] epoch=13/80 loss=1.5980 acc=40.84 val_acc=nan data_t=0.0027s batch_t=0.0343s epoch_t=00:00.56 lr=0.000937 | GPU MB alloc/reserved=69.9/856.0
2026-04-07 13:10:59 | INFO | [Round 14] Epoch 13/80 time=00:00.56 avg=00:00.51 ETA=00:34.15 | GPU MB alloc/reserved=69.9/856.0
2026-04-07 13:10:59 | INFO | [Round 14] epoch=14/80 loss=1.5566 acc=43.16 val_acc=nan data_t=0.0027s batch_t=0.0190s epoch_t=00:00.33 lr=0.000927 | GPU MB alloc/reserved=69.9/856.0
2026-04-07 13:10:59 | INFO | [Round 14] Epoch 14/80 time=00:00.33 avg=00:00.50 ETA=00:32.77 | GPU MB alloc/reserved=69.9/856.0
2026-04-07 13:10:59 | INFO | [Round 14] epoch=15/80 loss=1.5316 acc=42.68 val_acc=nan data_t=0.0019s batch_t=0.0246s epoch_t=00:00.40 lr=0.000917 | GPU MB alloc/reserved=69.9/856.0
2026-04-07 13:10:59 | INFO | [Round 14] Epoch 15/80 time=00:00.40 avg=00:00.49 ETA=00:31.85 | GPU MB alloc/reserved=69.9/856.0
2026-04-07 13:11:00 | INFO | [Round 14] epoch=16/80 loss=1.4965 acc=43.89 val_acc=nan data_t=0.0027s batch_t=0.0342s epoch_t=00:00.55 lr=0.000905 | GPU MB alloc/reserved=69.9/856.0
2026-04-07 13:11:00 | INFO | [Round 14] Epoch 16/80 time=00:00.55 avg=00:00.49 ETA=00:31.61 | GPU MB alloc/reserved=69.9/856.0
2026-04-07 13:11:01 | INFO | [Round 14] epoch=17/80 loss=1.4783 acc=43.58 val_acc=nan data_t=0.0034s batch_t=0.0344s epoch_t=00:00.57 lr=0.000894 | GPU MB alloc/reserved=69.9/856.0
2026-04-07 13:11:01 | INFO | [Round 14] Epoch 17/80 time=00:00.57 avg=00:00.50 ETA=00:31.40 | GPU MB alloc/reserved=69.9/856.0
2026-04-07 13:11:01 | INFO | [Round 14] epoch=18/80 loss=1.4710 acc=44.16 val_acc=nan data_t=0.0029s batch_t=0.0345s epoch_t=00:00.56 lr=0.000881 | GPU MB alloc/reserved=69.9/856.0
2026-04-07 13:11:01 | INFO | [Round 14] Epoch 18/80 time=00:00.56 avg=00:00.50 ETA=00:31.11 | GPU MB alloc/reserved=69.9/856.0
2026-04-07 13:11:01 | INFO | [Round 14] epoch=19/80 loss=1.4227 acc=47.89 val_acc=nan data_t=0.0026s batch_t=0.0185s epoch_t=00:00.32 lr=0.000868 | GPU MB alloc/reserved=69.9/856.0
2026-04-07 13:11:01 | INFO | [Round 14] Epoch 19/80 time=00:00.32 avg=00:00.49 ETA=00:30.02 | GPU MB alloc/reserved=69.9/856.0
2026-04-07 13:11:02 | INFO | [Round 14] epoch=20/80 loss=1.4462 acc=47.53 val_acc=nan data_t=0.0019s batch_t=0.0270s epoch_t=00:00.43 lr=0.000855 | GPU MB alloc/reserved=69.9/856.0
2026-04-07 13:11:02 | INFO | [Round 14] Epoch 20/80 time=00:00.43 avg=00:00.49 ETA=00:29.35 | GPU MB alloc/reserved=69.9/856.0
2026-04-07 13:11:02 | INFO | [Round 14] epoch=21/80 loss=1.3815 acc=48.42 val_acc=nan data_t=0.0032s batch_t=0.0343s epoch_t=00:00.56 lr=0.000841 | GPU MB alloc/reserved=69.9/856.0
2026-04-07 13:11:02 | INFO | [Round 14] Epoch 21/80 time=00:00.56 avg=00:00.49 ETA=00:29.07 | GPU MB alloc/reserved=69.9/856.0
2026-04-07 13:11:03 | INFO | [Round 14] epoch=22/80 loss=1.3707 acc=48.95 val_acc=nan data_t=0.0030s batch_t=0.0343s epoch_t=00:00.56 lr=0.000826 | GPU MB alloc/reserved=69.9/856.0
2026-04-07 13:11:03 | INFO | [Round 14] Epoch 22/80 time=00:00.56 avg=00:00.50 ETA=00:28.76 | GPU MB alloc/reserved=69.9/856.0
2026-04-07 13:11:04 | INFO | [Round 14] epoch=23/80 loss=1.3516 acc=48.21 val_acc=nan data_t=0.0019s batch_t=0.0343s epoch_t=00:00.54 lr=0.000811 | GPU MB alloc/reserved=69.9/856.0
2026-04-07 13:11:04 | INFO | [Round 14] Epoch 23/80 time=00:00.54 avg=00:00.50 ETA=00:28.38 | GPU MB alloc/reserved=69.9/856.0
2026-04-07 13:11:04 | INFO | [Round 14] epoch=24/80 loss=1.3411 acc=50.16 val_acc=nan data_t=0.0021s batch_t=0.0185s epoch_t=00:00.31 lr=0.000796 | GPU MB alloc/reserved=69.9/856.0
2026-04-07 13:11:04 | INFO | [Round 14] Epoch 24/80 time=00:00.31 avg=00:00.49 ETA=00:27.44 | GPU MB alloc/reserved=69.9/856.0
2026-04-07 13:11:04 | INFO | [Round 14] epoch=25/80 loss=1.3041 acc=51.11 val_acc=nan data_t=0.0022s batch_t=0.0272s epoch_t=00:00.44 lr=0.000780 | GPU MB alloc/reserved=69.9/856.0
2026-04-07 13:11:04 | INFO | [Round 14] Epoch 25/80 time=00:00.44 avg=00:00.49 ETA=00:26.84 | GPU MB alloc/reserved=69.9/856.0
2026-04-07 13:11:05 | INFO | [Round 14] epoch=26/80 loss=1.2839 acc=52.11 val_acc=nan data_t=0.0018s batch_t=0.0343s epoch_t=00:00.54 lr=0.000764 | GPU MB alloc/reserved=69.9/856.0
2026-04-07 13:11:05 | INFO | [Round 14] Epoch 26/80 time=00:00.54 avg=00:00.49 ETA=00:26.46 | GPU MB alloc/reserved=69.9/856.0
2026-04-07 13:11:05 | INFO | [Round 14] epoch=27/80 loss=1.2658 acc=51.05 val_acc=nan data_t=0.0032s batch_t=0.0343s epoch_t=00:00.56 lr=0.000747 | GPU MB alloc/reserved=69.9/856.0
2026-04-07 13:11:05 | INFO | [Round 14] Epoch 27/80 time=00:00.56 avg=00:00.49 ETA=00:26.11 | GPU MB alloc/reserved=69.9/856.0
2026-04-07 13:11:06 | INFO | [Round 14] epoch=28/80 loss=1.2562 acc=51.95 val_acc=nan data_t=0.0036s batch_t=0.0343s epoch_t=00:00.57 lr=0.000730 | GPU MB alloc/reserved=69.9/856.0
2026-04-07 13:11:06 | INFO | [Round 14] Epoch 28/80 time=00:00.57 avg=00:00.50 ETA=00:25.76 | GPU MB alloc/reserved=69.9/856.0
2026-04-07 13:11:06 | INFO | [Round 14] epoch=29/80 loss=1.2348 acc=54.47 val_acc=nan data_t=0.0030s batch_t=0.0157s epoch_t=00:00.28 lr=0.000712 | GPU MB alloc/reserved=69.9/856.0
2026-04-07 13:11:06 | INFO | [Round 14] Epoch 29/80 time=00:00.28 avg=00:00.49 ETA=00:24.89 | GPU MB alloc/reserved=69.9/856.0
2026-04-07 13:11:07 | INFO | [Round 14] epoch=30/80 loss=1.1946 acc=54.89 val_acc=nan data_t=0.0026s batch_t=0.0265s epoch_t=00:00.44 lr=0.000694 | GPU MB alloc/reserved=69.9/856.0
2026-04-07 13:11:07 | INFO | [Round 14] Epoch 30/80 time=00:00.44 avg=00:00.49 ETA=00:24.32 | GPU MB alloc/reserved=69.9/856.0
2026-04-07 13:11:07 | INFO | [Round 14] epoch=31/80 loss=1.2062 acc=56.05 val_acc=nan data_t=0.0020s batch_t=0.0342s epoch_t=00:00.54 lr=0.000676 | GPU MB alloc/reserved=69.9/856.0
2026-04-07 13:11:07 | INFO | [Round 14] Epoch 31/80 time=00:00.54 avg=00:00.49 ETA=00:23.92 | GPU MB alloc/reserved=69.9/856.0
2026-04-07 13:11:08 | INFO | [Round 14] epoch=32/80 loss=1.1794 acc=54.42 val_acc=nan data_t=0.0027s batch_t=0.0342s epoch_t=00:00.55 lr=0.000658 | GPU MB alloc/reserved=69.9/856.0
2026-04-07 13:11:08 | INFO | [Round 14] Epoch 32/80 time=00:00.55 avg=00:00.49 ETA=00:23.53 | GPU MB alloc/reserved=69.9/856.0
2026-04-07 13:11:08 | INFO | [Round 14] epoch=33/80 loss=1.1729 acc=56.47 val_acc=nan data_t=0.0020s batch_t=0.0343s epoch_t=00:00.54 lr=0.000639 | GPU MB alloc/reserved=69.9/856.0
2026-04-07 13:11:08 | INFO | [Round 14] Epoch 33/80 time=00:00.54 avg=00:00.49 ETA=00:23.12 | GPU MB alloc/reserved=69.9/856.0
2026-04-07 13:11:09 | INFO | [Round 14] epoch=34/80 loss=1.1204 acc=57.58 val_acc=nan data_t=0.0027s batch_t=0.0194s epoch_t=00:00.33 lr=0.000621 | GPU MB alloc/reserved=69.9/856.0
2026-04-07 13:11:09 | INFO | [Round 14] Epoch 34/80 time=00:00.33 avg=00:00.49 ETA=00:22.41 | GPU MB alloc/reserved=69.9/856.0
2026-04-07 13:11:09 | INFO | [Round 14] epoch=35/80 loss=1.1281 acc=56.74 val_acc=nan data_t=0.0020s batch_t=0.0255s epoch_t=00:00.41 lr=0.000602 | GPU MB alloc/reserved=69.9/856.0
2026-04-07 13:11:09 | INFO | [Round 14] Epoch 35/80 time=00:00.41 avg=00:00.48 ETA=00:21.82 | GPU MB alloc/reserved=69.9/856.0
2026-04-07 13:11:10 | INFO | [Round 14] epoch=36/80 loss=1.1314 acc=57.63 val_acc=nan data_t=0.0018s batch_t=0.0342s epoch_t=00:00.54 lr=0.000582 | GPU MB alloc/reserved=69.9/856.0
2026-04-07 13:11:10 | INFO | [Round 14] Epoch 36/80 time=00:00.54 avg=00:00.49 ETA=00:21.41 | GPU MB alloc/reserved=69.9/856.0
2026-04-07 13:11:10 | INFO | [Round 14] epoch=37/80 loss=1.1270 acc=56.95 val_acc=nan data_t=0.0029s batch_t=0.0342s epoch_t=00:00.56 lr=0.000563 | GPU MB alloc/reserved=69.9/856.0
2026-04-07 13:11:10 | INFO | [Round 14] Epoch 37/80 time=00:00.56 avg=00:00.49 ETA=00:21.00 | GPU MB alloc/reserved=69.9/856.0
2026-04-07 13:11:11 | INFO | [Round 14] epoch=38/80 loss=1.0887 acc=60.21 val_acc=nan data_t=0.0028s batch_t=0.0346s epoch_t=00:00.56 lr=0.000544 | GPU MB alloc/reserved=69.9/856.0
2026-04-07 13:11:11 | INFO | [Round 14] Epoch 38/80 time=00:00.56 avg=00:00.49 ETA=00:20.59 | GPU MB alloc/reserved=69.9/856.0
2026-04-07 13:11:11 | INFO | [Round 14] epoch=39/80 loss=1.0692 acc=60.47 val_acc=nan data_t=0.0018s batch_t=0.0198s epoch_t=00:00.32 lr=0.000524 | GPU MB alloc/reserved=69.9/856.0
2026-04-07 13:11:11 | INFO | [Round 14] Epoch 39/80 time=00:00.32 avg=00:00.49 ETA=00:19.93 | GPU MB alloc/reserved=69.9/856.0
2026-04-07 13:11:12 | INFO | [Round 14] epoch=40/80 loss=1.0444 acc=60.68 val_acc=nan data_t=0.0022s batch_t=0.0236s epoch_t=00:00.39 lr=0.000505 | GPU MB alloc/reserved=69.9/856.0
2026-04-07 13:11:12 | INFO | [Round 14] Epoch 40/80 time=00:00.39 avg=00:00.48 ETA=00:19.34 | GPU MB alloc/reserved=69.9/856.0
2026-04-07 13:11:12 | INFO | [Round 14] epoch=41/80 loss=1.0289 acc=61.47 val_acc=nan data_t=0.0029s batch_t=0.0345s epoch_t=00:00.56 lr=0.000486 | GPU MB alloc/reserved=69.9/856.0
2026-04-07 13:11:12 | INFO | [Round 14] Epoch 41/80 time=00:00.56 avg=00:00.49 ETA=00:18.93 | GPU MB alloc/reserved=69.9/856.0
2026-04-07 13:11:13 | INFO | [Round 14] epoch=42/80 loss=1.0439 acc=60.95 val_acc=nan data_t=0.0020s batch_t=0.0343s epoch_t=00:00.54 lr=0.000466 | GPU MB alloc/reserved=69.9/856.0
2026-04-07 13:11:13 | INFO | [Round 14] Epoch 42/80 time=00:00.54 avg=00:00.49 ETA=00:18.50 | GPU MB alloc/reserved=69.9/856.0
2026-04-07 13:11:13 | INFO | [Round 14] epoch=43/80 loss=1.0080 acc=62.11 val_acc=nan data_t=0.0019s batch_t=0.0342s epoch_t=00:00.54 lr=0.000447 | GPU MB alloc/reserved=69.9/856.0
2026-04-07 13:11:13 | INFO | [Round 14] Epoch 43/80 time=00:00.54 avg=00:00.49 ETA=00:18.06 | GPU MB alloc/reserved=69.9/856.0
2026-04-07 13:11:14 | INFO | [Round 14] epoch=44/80 loss=0.9846 acc=62.63 val_acc=nan data_t=0.0028s batch_t=0.0219s epoch_t=00:00.37 lr=0.000428 | GPU MB alloc/reserved=69.9/856.0
2026-04-07 13:11:14 | INFO | [Round 14] Epoch 44/80 time=00:00.37 avg=00:00.49 ETA=00:17.48 | GPU MB alloc/reserved=69.9/856.0
2026-04-07 13:11:14 | INFO | [Round 14] epoch=45/80 loss=0.9493 acc=64.00 val_acc=nan data_t=0.0021s batch_t=0.0232s epoch_t=00:00.38 lr=0.000408 | GPU MB alloc/reserved=69.9/856.0
2026-04-07 13:11:14 | INFO | [Round 14] Epoch 45/80 time=00:00.38 avg=00:00.48 ETA=00:16.91 | GPU MB alloc/reserved=69.9/856.0
2026-04-07 13:11:14 | INFO | [Round 14] epoch=46/80 loss=0.9579 acc=62.84 val_acc=nan data_t=0.0033s batch_t=0.0343s epoch_t=00:00.56 lr=0.000389 | GPU MB alloc/reserved=69.9/856.0
2026-04-07 13:11:14 | INFO | [Round 14] Epoch 46/80 time=00:00.56 avg=00:00.48 ETA=00:16.49 | GPU MB alloc/reserved=69.9/856.0
2026-04-07 13:11:15 | INFO | [Round 14] epoch=47/80 loss=0.9354 acc=65.11 val_acc=nan data_t=0.0021s batch_t=0.0343s epoch_t=00:00.55 lr=0.000371 | GPU MB alloc/reserved=69.9/856.0
2026-04-07 13:11:15 | INFO | [Round 14] Epoch 47/80 time=00:00.55 avg=00:00.49 ETA=00:16.05 | GPU MB alloc/reserved=69.9/856.0
2026-04-07 13:11:16 | INFO | [Round 14] epoch=48/80 loss=0.9769 acc=63.37 val_acc=nan data_t=0.0028s batch_t=0.0342s epoch_t=00:00.56 lr=0.000352 | GPU MB alloc/reserved=69.9/856.0
2026-04-07 13:11:16 | INFO | [Round 14] Epoch 48/80 time=00:00.56 avg=00:00.49 ETA=00:15.61 | GPU MB alloc/reserved=69.9/856.0
2026-04-07 13:11:16 | INFO | [Round 14] epoch=49/80 loss=0.9125 acc=66.00 val_acc=nan data_t=0.0037s batch_t=0.0201s epoch_t=00:00.36 lr=0.000334 | GPU MB alloc/reserved=69.9/856.0
2026-04-07 13:11:16 | INFO | [Round 14] Epoch 49/80 time=00:00.36 avg=00:00.49 ETA=00:15.04 | GPU MB alloc/reserved=69.9/856.0
2026-04-07 13:11:16 | INFO | [Round 14] epoch=50/80 loss=0.8878 acc=65.84 val_acc=nan data_t=0.0027s batch_t=0.0262s epoch_t=00:00.43 lr=0.000316 | GPU MB alloc/reserved=69.9/856.0
2026-04-07 13:11:16 | INFO | [Round 14] Epoch 50/80 time=00:00.43 avg=00:00.48 ETA=00:14.52 | GPU MB alloc/reserved=69.9/856.0
2026-04-07 13:11:17 | INFO | [Round 14] epoch=51/80 loss=0.9028 acc=65.79 val_acc=nan data_t=0.0032s batch_t=0.0342s epoch_t=00:00.56 lr=0.000298 | GPU MB alloc/reserved=69.9/856.0
2026-04-07 13:11:17 | INFO | [Round 14] Epoch 51/80 time=00:00.56 avg=00:00.49 ETA=00:14.08 | GPU MB alloc/reserved=69.9/856.0
2026-04-07 13:11:18 | INFO | [Round 14] epoch=52/80 loss=0.8641 acc=67.37 val_acc=nan data_t=0.0032s batch_t=0.0344s epoch_t=00:00.56 lr=0.000280 | GPU MB alloc/reserved=69.9/856.0
2026-04-07 13:11:18 | INFO | [Round 14] Epoch 52/80 time=00:00.56 avg=00:00.49 ETA=00:13.64 | GPU MB alloc/reserved=69.9/856.0
2026-04-07 13:11:18 | INFO | [Round 14] epoch=53/80 loss=0.8617 acc=66.42 val_acc=nan data_t=0.0018s batch_t=0.0343s epoch_t=00:00.54 lr=0.000263 | GPU MB alloc/reserved=69.9/856.0
2026-04-07 13:11:18 | INFO | [Round 14] Epoch 53/80 time=00:00.54 avg=00:00.49 ETA=00:13.18 | GPU MB alloc/reserved=69.9/856.0
2026-04-07 13:11:18 | INFO | [Round 14] epoch=54/80 loss=0.8546 acc=67.21 val_acc=nan data_t=0.0031s batch_t=0.0176s epoch_t=00:00.31 lr=0.000246 | GPU MB alloc/reserved=69.9/856.0
2026-04-07 13:11:18 | INFO | [Round 14] Epoch 54/80 time=00:00.31 avg=00:00.48 ETA=00:12.60 | GPU MB alloc/reserved=69.9/856.0
2026-04-07 13:11:19 | INFO | [Round 14] epoch=55/80 loss=0.8374 acc=68.16 val_acc=nan data_t=0.0028s batch_t=0.0293s epoch_t=00:00.48 lr=0.000230 | GPU MB alloc/reserved=69.9/856.0
2026-04-07 13:11:19 | INFO | [Round 14] Epoch 55/80 time=00:00.48 avg=00:00.48 ETA=00:12.12 | GPU MB alloc/reserved=69.9/856.0
2026-04-07 13:11:19 | INFO | [Round 14] epoch=56/80 loss=0.8450 acc=69.05 val_acc=nan data_t=0.0018s batch_t=0.0343s epoch_t=00:00.54 lr=0.000214 | GPU MB alloc/reserved=69.9/856.0
2026-04-07 13:11:19 | INFO | [Round 14] Epoch 56/80 time=00:00.54 avg=00:00.49 ETA=00:11.66 | GPU MB alloc/reserved=69.9/856.0
2026-04-07 13:11:20 | INFO | [Round 14] epoch=57/80 loss=0.8480 acc=68.00 val_acc=nan data_t=0.0028s batch_t=0.0342s epoch_t=00:00.56 lr=0.000199 | GPU MB alloc/reserved=69.9/856.0
2026-04-07 13:11:20 | INFO | [Round 14] Epoch 57/80 time=00:00.56 avg=00:00.49 ETA=00:11.20 | GPU MB alloc/reserved=69.9/856.0
2026-04-07 13:11:21 | INFO | [Round 14] epoch=58/80 loss=0.8109 acc=69.47 val_acc=nan data_t=0.0026s batch_t=0.0343s epoch_t=00:00.55 lr=0.000184 | GPU MB alloc/reserved=69.9/856.0
2026-04-07 13:11:21 | INFO | [Round 14] Epoch 58/80 time=00:00.55 avg=00:00.49 ETA=00:10.74 | GPU MB alloc/reserved=69.9/856.0
2026-04-07 13:11:21 | INFO | [Round 14] epoch=59/80 loss=0.7927 acc=71.37 val_acc=nan data_t=0.0019s batch_t=0.0167s epoch_t=00:00.28 lr=0.000169 | GPU MB alloc/reserved=69.9/856.0
2026-04-07 13:11:21 | INFO | [Round 14] Epoch 59/80 time=00:00.28 avg=00:00.48 ETA=00:10.18 | GPU MB alloc/reserved=69.9/856.0
2026-04-07 13:11:21 | INFO | [Round 14] epoch=60/80 loss=0.8028 acc=69.63 val_acc=nan data_t=0.0029s batch_t=0.0311s epoch_t=00:00.51 lr=0.000155 | GPU MB alloc/reserved=69.9/856.0
2026-04-07 13:11:21 | INFO | [Round 14] Epoch 60/80 time=00:00.51 avg=00:00.48 ETA=00:09.70 | GPU MB alloc/reserved=69.9/856.0
2026-04-07 13:11:22 | INFO | [Round 14] epoch=61/80 loss=0.7931 acc=70.95 val_acc=nan data_t=0.0020s batch_t=0.0343s epoch_t=00:00.54 lr=0.000142 | GPU MB alloc/reserved=69.9/856.0
2026-04-07 13:11:22 | INFO | [Round 14] Epoch 61/80 time=00:00.54 avg=00:00.49 ETA=00:09.23 | GPU MB alloc/reserved=69.9/856.0
2026-04-07 13:11:22 | INFO | [Round 14] epoch=62/80 loss=0.7937 acc=70.32 val_acc=nan data_t=0.0027s batch_t=0.0343s epoch_t=00:00.56 lr=0.000129 | GPU MB alloc/reserved=69.9/856.0
2026-04-07 13:11:22 | INFO | [Round 14] Epoch 62/80 time=00:00.56 avg=00:00.49 ETA=00:08.77 | GPU MB alloc/reserved=69.9/856.0
2026-04-07 13:11:23 | INFO | [Round 14] epoch=63/80 loss=0.7808 acc=70.58 val_acc=nan data_t=0.0030s batch_t=0.0343s epoch_t=00:00.56 lr=0.000116 | GPU MB alloc/reserved=69.9/856.0
2026-04-07 13:11:23 | INFO | [Round 14] Epoch 63/80 time=00:00.56 avg=00:00.49 ETA=00:08.30 | GPU MB alloc/reserved=69.9/856.0
2026-04-07 13:11:23 | INFO | [Round 14] epoch=64/80 loss=0.7598 acc=71.47 val_acc=nan data_t=0.0031s batch_t=0.0129s epoch_t=00:00.24 lr=0.000105 | GPU MB alloc/reserved=69.9/856.0
2026-04-07 13:11:23 | INFO | [Round 14] Epoch 64/80 time=00:00.24 avg=00:00.48 ETA=00:07.75 | GPU MB alloc/reserved=69.9/856.0
2026-04-07 13:11:24 | INFO | [Round 14] epoch=65/80 loss=0.7693 acc=70.68 val_acc=nan data_t=0.0022s batch_t=0.0314s epoch_t=00:00.50 lr=0.000093 | GPU MB alloc/reserved=69.9/856.0
2026-04-07 13:11:24 | INFO | [Round 14] Epoch 65/80 time=00:00.50 avg=00:00.48 ETA=00:07.27 | GPU MB alloc/reserved=69.9/856.0
2026-04-07 13:11:24 | INFO | [Round 14] epoch=66/80 loss=0.7418 acc=72.42 val_acc=nan data_t=0.0020s batch_t=0.0344s epoch_t=00:00.55 lr=0.000083 | GPU MB alloc/reserved=69.9/856.0
2026-04-07 13:11:24 | INFO | [Round 14] Epoch 66/80 time=00:00.55 avg=00:00.49 ETA=00:06.80 | GPU MB alloc/reserved=69.9/856.0
2026-04-07 13:11:25 | INFO | [Round 14] epoch=67/80 loss=0.7302 acc=72.26 val_acc=nan data_t=0.0029s batch_t=0.0343s epoch_t=00:00.56 lr=0.000073 | GPU MB alloc/reserved=69.9/856.0
2026-04-07 13:11:25 | INFO | [Round 14] Epoch 67/80 time=00:00.56 avg=00:00.49 ETA=00:06.33 | GPU MB alloc/reserved=69.9/856.0
2026-04-07 13:11:25 | INFO | [Round 14] epoch=68/80 loss=0.7364 acc=71.95 val_acc=nan data_t=0.0029s batch_t=0.0344s epoch_t=00:00.56 lr=0.000064 | GPU MB alloc/reserved=69.9/856.0
2026-04-07 13:11:25 | INFO | [Round 14] Epoch 68/80 time=00:00.56 avg=00:00.49 ETA=00:05.85 | GPU MB alloc/reserved=69.9/856.0
2026-04-07 13:11:26 | INFO | [Round 14] epoch=69/80 loss=0.7201 acc=73.63 val_acc=nan data_t=0.0029s batch_t=0.0132s epoch_t=00:00.24 lr=0.000055 | GPU MB alloc/reserved=69.9/856.0
2026-04-07 13:11:26 | INFO | [Round 14] Epoch 69/80 time=00:00.24 avg=00:00.48 ETA=00:05.33 | GPU MB alloc/reserved=69.9/856.0
2026-04-07 13:11:26 | INFO | [Round 14] epoch=70/80 loss=0.7424 acc=71.00 val_acc=nan data_t=0.0024s batch_t=0.0315s epoch_t=00:00.51 lr=0.000048 | GPU MB alloc/reserved=69.9/856.0
2026-04-07 13:11:26 | INFO | [Round 14] Epoch 70/80 time=00:00.51 avg=00:00.48 ETA=00:04.85 | GPU MB alloc/reserved=69.9/856.0
2026-04-07 13:11:27 | INFO | [Round 14] epoch=71/80 loss=0.7251 acc=72.84 val_acc=nan data_t=0.0030s batch_t=0.0343s epoch_t=00:00.56 lr=0.000041 | GPU MB alloc/reserved=69.9/856.0
2026-04-07 13:11:27 | INFO | [Round 14] Epoch 71/80 time=00:00.56 avg=00:00.49 ETA=00:04.37 | GPU MB alloc/reserved=69.9/856.0
2026-04-07 13:11:27 | INFO | [Round 14] epoch=72/80 loss=0.7179 acc=73.68 val_acc=nan data_t=0.0040s batch_t=0.0343s epoch_t=00:00.57 lr=0.000034 | GPU MB alloc/reserved=69.9/856.0
2026-04-07 13:11:27 | INFO | [Round 14] Epoch 72/80 time=00:00.57 avg=00:00.49 ETA=00:03.89 | GPU MB alloc/reserved=69.9/856.0
2026-04-07 13:11:28 | INFO | [Round 14] epoch=73/80 loss=0.7155 acc=72.32 val_acc=nan data_t=0.0019s batch_t=0.0342s epoch_t=00:00.54 lr=0.000029 | GPU MB alloc/reserved=69.9/856.0
2026-04-07 13:11:28 | INFO | [Round 14] Epoch 73/80 time=00:00.54 avg=00:00.49 ETA=00:03.41 | GPU MB alloc/reserved=69.9/856.0
2026-04-07 13:11:28 | INFO | [Round 14] epoch=74/80 loss=0.7254 acc=71.53 val_acc=nan data_t=0.0018s batch_t=0.0130s epoch_t=00:00.22 lr=0.000024 | GPU MB alloc/reserved=69.9/856.0
2026-04-07 13:11:28 | INFO | [Round 14] Epoch 74/80 time=00:00.22 avg=00:00.48 ETA=00:02.90 | GPU MB alloc/reserved=69.9/856.0
2026-04-07 13:11:28 | INFO | [Round 14] epoch=75/80 loss=0.7241 acc=72.47 val_acc=nan data_t=0.0020s batch_t=0.0281s epoch_t=00:00.45 lr=0.000020 | GPU MB alloc/reserved=69.9/856.0
2026-04-07 13:11:28 | INFO | [Round 14] Epoch 75/80 time=00:00.45 avg=00:00.48 ETA=00:02.42 | GPU MB alloc/reserved=69.9/856.0
2026-04-07 13:11:29 | INFO | [Round 14] epoch=76/80 loss=0.7179 acc=74.68 val_acc=nan data_t=0.0027s batch_t=0.0343s epoch_t=00:00.56 lr=0.000016 | GPU MB alloc/reserved=69.9/856.0
2026-04-07 13:11:29 | INFO | [Round 14] Epoch 76/80 time=00:00.56 avg=00:00.48 ETA=00:01.94 | GPU MB alloc/reserved=69.9/856.0
2026-04-07 13:11:30 | INFO | [Round 14] epoch=77/80 loss=0.7202 acc=72.74 val_acc=nan data_t=0.0027s batch_t=0.0343s epoch_t=00:00.55 lr=0.000013 | GPU MB alloc/reserved=69.9/856.0
2026-04-07 13:11:30 | INFO | [Round 14] Epoch 77/80 time=00:00.55 avg=00:00.49 ETA=00:01.46 | GPU MB alloc/reserved=69.9/856.0
2026-04-07 13:11:30 | INFO | [Round 14] epoch=78/80 loss=0.7055 acc=74.11 val_acc=nan data_t=0.0020s batch_t=0.0342s epoch_t=00:00.54 lr=0.000012 | GPU MB alloc/reserved=69.9/856.0
2026-04-07 13:11:30 | INFO | [Round 14] Epoch 78/80 time=00:00.54 avg=00:00.49 ETA=00:00.97 | GPU MB alloc/reserved=69.9/856.0
2026-04-07 13:11:30 | INFO | [Round 14] epoch=79/80 loss=0.7117 acc=72.95 val_acc=nan data_t=0.0032s batch_t=0.0163s epoch_t=00:00.29 lr=0.000010 | GPU MB alloc/reserved=69.9/856.0
2026-04-07 13:11:30 | INFO | [Round 14] Epoch 79/80 time=00:00.29 avg=00:00.48 ETA=00:00.48 | GPU MB alloc/reserved=69.9/856.0
2026-04-07 13:11:31 | INFO | [Round 14] epoch=80/80 loss=0.7282 acc=72.16 val_acc=nan data_t=0.0022s batch_t=0.0266s epoch_t=00:00.43 lr=0.000010 | GPU MB alloc/reserved=69.9/856.0
2026-04-07 13:11:31 | INFO | [Round 14] Epoch 80/80 time=00:00.43 avg=00:00.48 ETA=00:00.00 | GPU MB alloc/reserved=69.9/856.0
2026-04-07 13:11:31 | INFO | [Round 14] training complete in 00:38.76 (best monitor=74.684) | GPU MB alloc/reserved=69.9/856.0
2026-04-07 13:11:31 | INFO | [Round 14] evaluation started | GPU MB alloc/reserved=52.0/856.0
2026-04-07 13:11:33 | INFO | [Round 14] clean=58.78 fgsm=48.32 pgd=48.04 grad_disp_mean=nan grad_disp_sel=nan round_t=42.53s | GPU MB alloc/reserved=52.0/856.0
2026-04-07 13:11:33 | INFO | [Round 15/21] elapsed=00:42.53 avg_round=00:30.86 projected_remaining=03:05.17 | GPU MB alloc/reserved=52.0/856.0
2026-04-07 13:11:34 | INFO | [Round 15] acquisition on pool_size=48100 scored_pool=5000 budget=100 | GPU MB alloc/reserved=34.1/856.0
2026-04-07 13:11:35 | INFO | [CoreSet-unlabeled-feat] scoring progress 10/20 elapsed=00:00.21 avg/batch=0.021s ETA=00:00.21 | GPU MB alloc/reserved=40.6/856.0
2026-04-07 13:11:35 | INFO | [CoreSet-unlabeled-feat] scoring progress 20/20 elapsed=00:00.24 avg/batch=0.012s ETA=00:00.00 | GPU MB alloc/reserved=40.6/856.0
2026-04-07 13:11:35 | INFO | [CoreSet-labeled-feat] scoring progress 8/8 elapsed=00:00.19 avg/batch=0.024s ETA=00:00.00 | GPU MB alloc/reserved=42.1/856.0
2026-04-07 13:11:35 | INFO | [CoreSet] greedy 10/100 cover_radius=27.338085 | GPU: n/a
2026-04-07 13:11:35 | INFO | [CoreSet] greedy 20/100 cover_radius=26.099831 | GPU: n/a
2026-04-07 13:11:35 | INFO | [CoreSet] greedy 30/100 cover_radius=25.260576 | GPU: n/a
2026-04-07 13:11:35 | INFO | [CoreSet] greedy 40/100 cover_radius=24.898241 | GPU: n/a
2026-04-07 13:11:35 | INFO | [CoreSet] greedy 50/100 cover_radius=24.553314 | GPU: n/a
2026-04-07 13:11:35 | INFO | [CoreSet] greedy 60/100 cover_radius=24.243536 | GPU: n/a
2026-04-07 13:11:35 | INFO | [CoreSet] greedy 70/100 cover_radius=24.067791 | GPU: n/a
2026-04-07 13:11:35 | INFO | [CoreSet] greedy 80/100 cover_radius=23.905949 | GPU: n/a
2026-04-07 13:11:35 | INFO | [CoreSet] greedy 90/100 cover_radius=23.696800 | GPU: n/a
2026-04-07 13:11:35 | INFO | [CoreSet] greedy 100/100 cover_radius=23.617662 | GPU: n/a
2026-04-07 13:11:35 | INFO | [Round 15] labeled=2000 train=2000 val_fixed=0 | GPU MB alloc/reserved=43.1/856.0
2026-04-07 13:11:36 | INFO | [Round 15] epoch=1/80 loss=3.5900 acc=16.50 val_acc=nan data_t=0.0108s batch_t=0.0351s epoch_t=00:00.74 lr=0.001000 | GPU MB alloc/reserved=69.9/856.0
2026-04-07 13:11:36 | INFO | [Round 15] Epoch 1/80 time=00:00.74 avg=00:00.74 ETA=00:58.12 | GPU MB alloc/reserved=69.9/856.0
2026-04-07 13:11:37 | INFO | [Round 15] epoch=2/80 loss=2.0596 acc=25.65 val_acc=nan data_t=0.0020s batch_t=0.0342s epoch_t=00:00.58 lr=0.000998 | GPU MB alloc/reserved=69.9/856.0
2026-04-07 13:11:37 | INFO | [Round 15] Epoch 2/80 time=00:00.58 avg=00:00.66 ETA=00:51.26 | GPU MB alloc/reserved=69.9/856.0
2026-04-07 13:11:37 | INFO | [Round 15] epoch=3/80 loss=1.9433 acc=28.85 val_acc=nan data_t=0.0027s batch_t=0.0342s epoch_t=00:00.59 lr=0.000997 | GPU MB alloc/reserved=69.9/856.0
2026-04-07 13:11:37 | INFO | [Round 15] Epoch 3/80 time=00:00.59 avg=00:00.63 ETA=00:48.89 | GPU MB alloc/reserved=69.9/856.0
2026-04-07 13:11:37 | INFO | [Round 15] epoch=4/80 loss=1.8446 acc=33.40 val_acc=nan data_t=0.0018s batch_t=0.0151s epoch_t=00:00.27 lr=0.000994 | GPU MB alloc/reserved=69.9/856.0
2026-04-07 13:11:37 | INFO | [Round 15] Epoch 4/80 time=00:00.27 avg=00:00.54 ETA=00:41.31 | GPU MB alloc/reserved=69.9/856.0
2026-04-07 13:11:38 | INFO | [Round 15] epoch=5/80 loss=1.7796 acc=34.00 val_acc=nan data_t=0.0018s batch_t=0.0241s epoch_t=00:00.42 lr=0.000990 | GPU MB alloc/reserved=69.9/856.0
2026-04-07 13:11:38 | INFO | [Round 15] Epoch 5/80 time=00:00.42 avg=00:00.52 ETA=00:38.85 | GPU MB alloc/reserved=69.9/856.0
2026-04-07 13:11:38 | INFO | [Round 15] epoch=6/80 loss=1.7430 acc=35.90 val_acc=nan data_t=0.0035s batch_t=0.0343s epoch_t=00:00.60 lr=0.000986 | GPU MB alloc/reserved=69.9/856.0
2026-04-07 13:11:38 | INFO | [Round 15] Epoch 6/80 time=00:00.60 avg=00:00.53 ETA=00:39.40 | GPU MB alloc/reserved=69.9/856.0
2026-04-07 13:11:39 | INFO | [Round 15] epoch=7/80 loss=1.7023 acc=36.60 val_acc=nan data_t=0.0032s batch_t=0.0344s epoch_t=00:00.60 lr=0.000981 | GPU MB alloc/reserved=69.9/856.0
2026-04-07 13:11:39 | INFO | [Round 15] Epoch 7/80 time=00:00.60 avg=00:00.54 ETA=00:39.58 | GPU MB alloc/reserved=69.9/856.0
2026-04-07 13:11:40 | INFO | [Round 15] epoch=8/80 loss=1.6732 acc=37.85 val_acc=nan data_t=0.0029s batch_t=0.0343s epoch_t=00:00.60 lr=0.000976 | GPU MB alloc/reserved=69.9/856.0
2026-04-07 13:11:40 | INFO | [Round 15] Epoch 8/80 time=00:00.60 avg=00:00.55 ETA=00:39.52 | GPU MB alloc/reserved=69.9/856.0
2026-04-07 13:11:40 | INFO | [Round 15] epoch=9/80 loss=1.6438 acc=37.85 val_acc=nan data_t=0.0034s batch_t=0.0108s epoch_t=00:00.23 lr=0.000969 | GPU MB alloc/reserved=69.9/856.0
2026-04-07 13:11:40 | INFO | [Round 15] Epoch 9/80 time=00:00.23 avg=00:00.51 ETA=00:36.43 | GPU MB alloc/reserved=69.9/856.0
2026-04-07 13:11:40 | INFO | [Round 15] epoch=10/80 loss=1.6051 acc=40.75 val_acc=nan data_t=0.0018s batch_t=0.0341s epoch_t=00:00.57 lr=0.000962 | GPU MB alloc/reserved=69.9/856.0
2026-04-07 13:11:40 | INFO | [Round 15] Epoch 10/80 time=00:00.57 avg=00:00.52 ETA=00:36.35 | GPU MB alloc/reserved=69.9/856.0
2026-04-07 13:11:41 | INFO | [Round 15] epoch=11/80 loss=1.5895 acc=40.90 val_acc=nan data_t=0.0018s batch_t=0.0342s epoch_t=00:00.58 lr=0.000955 | GPU MB alloc/reserved=69.9/856.0
2026-04-07 13:11:41 | INFO | [Round 15] Epoch 11/80 time=00:00.58 avg=00:00.52 ETA=00:36.19 | GPU MB alloc/reserved=69.9/856.0
2026-04-07 13:11:42 | INFO | [Round 15] epoch=12/80 loss=1.5306 acc=42.75 val_acc=nan data_t=0.0027s batch_t=0.0342s epoch_t=00:00.59 lr=0.000946 | GPU MB alloc/reserved=69.9/856.0
2026-04-07 13:11:42 | INFO | [Round 15] Epoch 12/80 time=00:00.59 avg=00:00.53 ETA=00:36.04 | GPU MB alloc/reserved=69.9/856.0
2026-04-07 13:11:42 | INFO | [Round 15] epoch=13/80 loss=1.4982 acc=43.70 val_acc=nan data_t=0.0026s batch_t=0.0320s epoch_t=00:00.55 lr=0.000937 | GPU MB alloc/reserved=69.9/856.0
2026-04-07 13:11:42 | INFO | [Round 15] Epoch 13/80 time=00:00.55 avg=00:00.53 ETA=00:35.64 | GPU MB alloc/reserved=69.9/856.0
2026-04-07 13:11:42 | INFO | [Round 15] epoch=14/80 loss=1.5038 acc=44.90 val_acc=nan data_t=0.0025s batch_t=0.0185s epoch_t=00:00.33 lr=0.000927 | GPU MB alloc/reserved=69.9/856.0
2026-04-07 13:11:42 | INFO | [Round 15] Epoch 14/80 time=00:00.33 avg=00:00.52 ETA=00:34.17 | GPU MB alloc/reserved=69.9/856.0
2026-04-07 13:11:43 | INFO | [Round 15] epoch=15/80 loss=1.4612 acc=44.60 val_acc=nan data_t=0.0027s batch_t=0.0341s epoch_t=00:00.59 lr=0.000917 | GPU MB alloc/reserved=69.9/856.0
2026-04-07 13:11:43 | INFO | [Round 15] Epoch 15/80 time=00:00.59 avg=00:00.52 ETA=00:33.97 | GPU MB alloc/reserved=69.9/856.0
2026-04-07 13:11:44 | INFO | [Round 15] epoch=16/80 loss=1.4770 acc=44.25 val_acc=nan data_t=0.0022s batch_t=0.0342s epoch_t=00:00.58 lr=0.000905 | GPU MB alloc/reserved=69.9/856.0
2026-04-07 13:11:44 | INFO | [Round 15] Epoch 16/80 time=00:00.58 avg=00:00.53 ETA=00:33.68 | GPU MB alloc/reserved=69.9/856.0
2026-04-07 13:11:44 | INFO | [Round 15] epoch=17/80 loss=1.4238 acc=45.20 val_acc=nan data_t=0.0030s batch_t=0.0344s epoch_t=00:00.60 lr=0.000894 | GPU MB alloc/reserved=69.9/856.0
2026-04-07 13:11:44 | INFO | [Round 15] Epoch 17/80 time=00:00.60 avg=00:00.53 ETA=00:33.42 | GPU MB alloc/reserved=69.9/856.0
2026-04-07 13:11:45 | INFO | [Round 15] epoch=18/80 loss=1.3977 acc=46.65 val_acc=nan data_t=0.0030s batch_t=0.0192s epoch_t=00:00.36 lr=0.000881 | GPU MB alloc/reserved=69.9/856.0
2026-04-07 13:11:45 | INFO | [Round 15] Epoch 18/80 time=00:00.36 avg=00:00.52 ETA=00:32.29 | GPU MB alloc/reserved=69.9/856.0
2026-04-07 13:11:45 | INFO | [Round 15] epoch=19/80 loss=1.3690 acc=49.80 val_acc=nan data_t=0.0020s batch_t=0.0255s epoch_t=00:00.44 lr=0.000868 | GPU MB alloc/reserved=69.9/856.0
2026-04-07 13:11:45 | INFO | [Round 15] Epoch 19/80 time=00:00.44 avg=00:00.52 ETA=00:31.51 | GPU MB alloc/reserved=69.9/856.0
2026-04-07 13:11:46 | INFO | [Round 15] epoch=20/80 loss=1.3632 acc=48.90 val_acc=nan data_t=0.0031s batch_t=0.0341s epoch_t=00:00.60 lr=0.000855 | GPU MB alloc/reserved=69.9/856.0
2026-04-07 13:11:46 | INFO | [Round 15] Epoch 20/80 time=00:00.60 avg=00:00.52 ETA=00:31.23 | GPU MB alloc/reserved=69.9/856.0
2026-04-07 13:11:46 | INFO | [Round 15] epoch=21/80 loss=1.3420 acc=49.60 val_acc=nan data_t=0.0028s batch_t=0.0342s epoch_t=00:00.59 lr=0.000841 | GPU MB alloc/reserved=69.9/856.0
2026-04-07 13:11:46 | INFO | [Round 15] Epoch 21/80 time=00:00.59 avg=00:00.52 ETA=00:30.91 | GPU MB alloc/reserved=69.9/856.0
2026-04-07 13:11:47 | INFO | [Round 15] epoch=22/80 loss=1.3521 acc=47.85 val_acc=nan data_t=0.0035s batch_t=0.0344s epoch_t=00:00.61 lr=0.000826 | GPU MB alloc/reserved=69.9/856.0
2026-04-07 13:11:47 | INFO | [Round 15] Epoch 22/80 time=00:00.61 avg=00:00.53 ETA=00:30.60 | GPU MB alloc/reserved=69.9/856.0
2026-04-07 13:11:47 | INFO | [Round 15] epoch=23/80 loss=1.3145 acc=50.10 val_acc=nan data_t=0.0031s batch_t=0.0105s epoch_t=00:00.22 lr=0.000811 | GPU MB alloc/reserved=69.9/856.0
2026-04-07 13:11:47 | INFO | [Round 15] Epoch 23/80 time=00:00.22 avg=00:00.51 ETA=00:29.31 | GPU MB alloc/reserved=69.9/856.0
2026-04-07 13:11:48 | INFO | [Round 15] epoch=24/80 loss=1.2898 acc=49.90 val_acc=nan data_t=0.0021s batch_t=0.0341s epoch_t=00:00.58 lr=0.000796 | GPU MB alloc/reserved=69.9/856.0
2026-04-07 13:11:48 | INFO | [Round 15] Epoch 24/80 time=00:00.58 avg=00:00.52 ETA=00:28.95 | GPU MB alloc/reserved=69.9/856.0
2026-04-07 13:11:48 | INFO | [Round 15] epoch=25/80 loss=1.2628 acc=51.95 val_acc=nan data_t=0.0029s batch_t=0.0343s epoch_t=00:00.59 lr=0.000780 | GPU MB alloc/reserved=69.9/856.0
2026-04-07 13:11:48 | INFO | [Round 15] Epoch 25/80 time=00:00.59 avg=00:00.52 ETA=00:28.60 | GPU MB alloc/reserved=69.9/856.0
2026-04-07 13:11:49 | INFO | [Round 15] epoch=26/80 loss=1.2489 acc=52.20 val_acc=nan data_t=0.0035s batch_t=0.0342s epoch_t=00:00.60 lr=0.000764 | GPU MB alloc/reserved=69.9/856.0
2026-04-07 13:11:49 | INFO | [Round 15] Epoch 26/80 time=00:00.60 avg=00:00.52 ETA=00:28.26 | GPU MB alloc/reserved=69.9/856.0
2026-04-07 13:11:49 | INFO | [Round 15] epoch=27/80 loss=1.2243 acc=53.05 val_acc=nan data_t=0.0034s batch_t=0.0289s epoch_t=00:00.52 lr=0.000747 | GPU MB alloc/reserved=69.9/856.0
2026-04-07 13:11:49 | INFO | [Round 15] Epoch 27/80 time=00:00.52 avg=00:00.52 ETA=00:27.72 | GPU MB alloc/reserved=69.9/856.0
2026-04-07 13:11:50 | INFO | [Round 15] epoch=28/80 loss=1.2303 acc=55.10 val_acc=nan data_t=0.0035s batch_t=0.0204s epoch_t=00:00.38 lr=0.000730 | GPU MB alloc/reserved=69.9/856.0
2026-04-07 13:11:50 | INFO | [Round 15] Epoch 28/80 time=00:00.38 avg=00:00.52 ETA=00:26.93 | GPU MB alloc/reserved=69.9/856.0
2026-04-07 13:11:50 | INFO | [Round 15] epoch=29/80 loss=1.2033 acc=54.15 val_acc=nan data_t=0.0020s batch_t=0.0343s epoch_t=00:00.58 lr=0.000712 | GPU MB alloc/reserved=69.9/856.0
2026-04-07 13:11:50 | INFO | [Round 15] Epoch 29/80 time=00:00.58 avg=00:00.52 ETA=00:26.53 | GPU MB alloc/reserved=69.9/856.0
2026-04-07 13:11:51 | INFO | [Round 15] epoch=30/80 loss=1.1714 acc=56.20 val_acc=nan data_t=0.0032s batch_t=0.0343s epoch_t=00:00.60 lr=0.000694 | GPU MB alloc/reserved=69.9/856.0
2026-04-07 13:11:51 | INFO | [Round 15] Epoch 30/80 time=00:00.60 avg=00:00.52 ETA=00:26.14 | GPU MB alloc/reserved=69.9/856.0
2026-04-07 13:11:52 | INFO | [Round 15] epoch=31/80 loss=1.1762 acc=56.30 val_acc=nan data_t=0.0040s batch_t=0.0342s epoch_t=00:00.61 lr=0.000676 | GPU MB alloc/reserved=69.9/856.0
2026-04-07 13:11:52 | INFO | [Round 15] Epoch 31/80 time=00:00.61 avg=00:00.53 ETA=00:25.76 | GPU MB alloc/reserved=69.9/856.0
2026-04-07 13:11:52 | INFO | [Round 15] epoch=32/80 loss=1.1412 acc=56.30 val_acc=nan data_t=0.0037s batch_t=0.0147s epoch_t=00:00.30 lr=0.000658 | GPU MB alloc/reserved=69.9/856.0
2026-04-07 13:11:52 | INFO | [Round 15] Epoch 32/80 time=00:00.30 avg=00:00.52 ETA=00:24.88 | GPU MB alloc/reserved=69.9/856.0
2026-04-07 13:11:52 | INFO | [Round 15] epoch=33/80 loss=1.1423 acc=56.10 val_acc=nan data_t=0.0019s batch_t=0.0302s epoch_t=00:00.51 lr=0.000639 | GPU MB alloc/reserved=69.9/856.0
2026-04-07 13:11:52 | INFO | [Round 15] Epoch 33/80 time=00:00.51 avg=00:00.52 ETA=00:24.36 | GPU MB alloc/reserved=69.9/856.0
2026-04-07 13:11:53 | INFO | [Round 15] epoch=34/80 loss=1.1246 acc=57.85 val_acc=nan data_t=0.0025s batch_t=0.0343s epoch_t=00:00.59 lr=0.000621 | GPU MB alloc/reserved=69.9/856.0
2026-04-07 13:11:53 | INFO | [Round 15] Epoch 34/80 time=00:00.59 avg=00:00.52 ETA=00:23.94 | GPU MB alloc/reserved=69.9/856.0
2026-04-07 13:11:54 | INFO | [Round 15] epoch=35/80 loss=1.0977 acc=57.35 val_acc=nan data_t=0.0033s batch_t=0.0343s epoch_t=00:00.60 lr=0.000602 | GPU MB alloc/reserved=69.9/856.0
2026-04-07 13:11:54 | INFO | [Round 15] Epoch 35/80 time=00:00.60 avg=00:00.52 ETA=00:23.52 | GPU MB alloc/reserved=69.9/856.0
2026-04-07 13:11:54 | INFO | [Round 15] epoch=36/80 loss=1.0430 acc=60.40 val_acc=nan data_t=0.0029s batch_t=0.0342s epoch_t=00:00.59 lr=0.000582 | GPU MB alloc/reserved=69.9/856.0
2026-04-07 13:11:54 | INFO | [Round 15] Epoch 36/80 time=00:00.59 avg=00:00.52 ETA=00:23.09 | GPU MB alloc/reserved=69.9/856.0
2026-04-07 13:11:54 | INFO | [Round 15] epoch=37/80 loss=1.0587 acc=61.40 val_acc=nan data_t=0.0025s batch_t=0.0138s epoch_t=00:00.26 lr=0.000563 | GPU MB alloc/reserved=69.9/856.0
2026-04-07 13:11:54 | INFO | [Round 15] Epoch 37/80 time=00:00.26 avg=00:00.52 ETA=00:22.26 | GPU MB alloc/reserved=69.9/856.0
2026-04-07 13:11:55 | INFO | [Round 15] epoch=38/80 loss=1.0531 acc=59.75 val_acc=nan data_t=0.0017s batch_t=0.0341s epoch_t=00:00.57 lr=0.000544 | GPU MB alloc/reserved=69.9/856.0
2026-04-07 13:11:55 | INFO | [Round 15] Epoch 38/80 time=00:00.57 avg=00:00.52 ETA=00:21.80 | GPU MB alloc/reserved=69.9/856.0
2026-04-07 13:11:56 | INFO | [Round 15] epoch=39/80 loss=1.0577 acc=60.80 val_acc=nan data_t=0.0026s batch_t=0.0344s epoch_t=00:00.59 lr=0.000524 | GPU MB alloc/reserved=69.9/856.0
2026-04-07 13:11:56 | INFO | [Round 15] Epoch 39/80 time=00:00.59 avg=00:00.52 ETA=00:21.36 | GPU MB alloc/reserved=69.9/856.0
2026-04-07 13:11:56 | INFO | [Round 15] epoch=40/80 loss=0.9866 acc=63.80 val_acc=nan data_t=0.0026s batch_t=0.0342s epoch_t=00:00.59 lr=0.000505 | GPU MB alloc/reserved=69.9/856.0
2026-04-07 13:11:56 | INFO | [Round 15] Epoch 40/80 time=00:00.59 avg=00:00.52 ETA=00:20.91 | GPU MB alloc/reserved=69.9/856.0
2026-04-07 13:11:57 | INFO | [Round 15] epoch=41/80 loss=0.9897 acc=62.00 val_acc=nan data_t=0.0025s batch_t=0.0253s epoch_t=00:00.45 lr=0.000486 | GPU MB alloc/reserved=69.9/856.0
2026-04-07 13:11:57 | INFO | [Round 15] Epoch 41/80 time=00:00.45 avg=00:00.52 ETA=00:20.31 | GPU MB alloc/reserved=69.9/856.0
2026-04-07 13:11:57 | INFO | [Round 15] epoch=42/80 loss=0.9864 acc=63.40 val_acc=nan data_t=0.0025s batch_t=0.0200s epoch_t=00:00.36 lr=0.000466 | GPU MB alloc/reserved=69.9/856.0
2026-04-07 13:11:57 | INFO | [Round 15] Epoch 42/80 time=00:00.36 avg=00:00.52 ETA=00:19.64 | GPU MB alloc/reserved=69.9/856.0
2026-04-07 13:11:58 | INFO | [Round 15] epoch=43/80 loss=0.9574 acc=63.25 val_acc=nan data_t=0.0032s batch_t=0.0342s epoch_t=00:00.60 lr=0.000447 | GPU MB alloc/reserved=69.9/856.0
2026-04-07 13:11:58 | INFO | [Round 15] Epoch 43/80 time=00:00.60 avg=00:00.52 ETA=00:19.20 | GPU MB alloc/reserved=69.9/856.0
2026-04-07 13:11:58 | INFO | [Round 15] epoch=44/80 loss=0.9376 acc=65.65 val_acc=nan data_t=0.0031s batch_t=0.0342s epoch_t=00:00.60 lr=0.000428 | GPU MB alloc/reserved=69.9/856.0
2026-04-07 13:11:58 | INFO | [Round 15] Epoch 44/80 time=00:00.60 avg=00:00.52 ETA=00:18.74 | GPU MB alloc/reserved=69.9/856.0
2026-04-07 13:11:59 | INFO | [Round 15] epoch=45/80 loss=0.9227 acc=65.45 val_acc=nan data_t=0.0034s batch_t=0.0342s epoch_t=00:00.60 lr=0.000408 | GPU MB alloc/reserved=69.9/856.0
2026-04-07 13:11:59 | INFO | [Round 15] Epoch 45/80 time=00:00.60 avg=00:00.52 ETA=00:18.29 | GPU MB alloc/reserved=69.9/856.0
2026-04-07 13:11:59 | INFO | [Round 15] epoch=46/80 loss=0.9353 acc=64.40 val_acc=nan data_t=0.0025s batch_t=0.0159s epoch_t=00:00.29 lr=0.000389 | GPU MB alloc/reserved=69.9/856.0
2026-04-07 13:11:59 | INFO | [Round 15] Epoch 46/80 time=00:00.29 avg=00:00.52 ETA=00:17.60 | GPU MB alloc/reserved=69.9/856.0
2026-04-07 13:12:00 | INFO | [Round 15] epoch=47/80 loss=0.9125 acc=66.55 val_acc=nan data_t=0.0022s batch_t=0.0293s epoch_t=00:00.50 lr=0.000371 | GPU MB alloc/reserved=69.9/856.0
2026-04-07 13:12:00 | INFO | [Round 15] Epoch 47/80 time=00:00.50 avg=00:00.52 ETA=00:17.07 | GPU MB alloc/reserved=69.9/856.0
2026-04-07 13:12:00 | INFO | [Round 15] epoch=48/80 loss=0.9073 acc=65.90 val_acc=nan data_t=0.0031s batch_t=0.0342s epoch_t=00:00.60 lr=0.000352 | GPU MB alloc/reserved=69.9/856.0
2026-04-07 13:12:00 | INFO | [Round 15] Epoch 48/80 time=00:00.60 avg=00:00.52 ETA=00:16.60 | GPU MB alloc/reserved=69.9/856.0
2026-04-07 13:12:01 | INFO | [Round 15] epoch=49/80 loss=0.8667 acc=66.10 val_acc=nan data_t=0.0033s batch_t=0.0344s epoch_t=00:00.60 lr=0.000334 | GPU MB alloc/reserved=69.9/856.0
2026-04-07 13:12:01 | INFO | [Round 15] Epoch 49/80 time=00:00.60 avg=00:00.52 ETA=00:16.14 | GPU MB alloc/reserved=69.9/856.0
2026-04-07 13:12:01 | INFO | [Round 15] epoch=50/80 loss=0.8458 acc=68.05 val_acc=nan data_t=0.0033s batch_t=0.0343s epoch_t=00:00.60 lr=0.000316 | GPU MB alloc/reserved=69.9/856.0
2026-04-07 13:12:01 | INFO | [Round 15] Epoch 50/80 time=00:00.60 avg=00:00.52 ETA=00:15.67 | GPU MB alloc/reserved=69.9/856.0
2026-04-07 13:12:02 | INFO | [Round 15] epoch=51/80 loss=0.8392 acc=68.45 val_acc=nan data_t=0.0035s batch_t=0.0155s epoch_t=00:00.30 lr=0.000298 | GPU MB alloc/reserved=69.9/856.0
2026-04-07 13:12:02 | INFO | [Round 15] Epoch 51/80 time=00:00.30 avg=00:00.52 ETA=00:15.02 | GPU MB alloc/reserved=69.9/856.0
2026-04-07 13:12:02 | INFO | [Round 15] epoch=52/80 loss=0.8459 acc=68.35 val_acc=nan data_t=0.0019s batch_t=0.0342s epoch_t=00:00.58 lr=0.000280 | GPU MB alloc/reserved=69.9/856.0
2026-04-07 13:12:02 | INFO | [Round 15] Epoch 52/80 time=00:00.58 avg=00:00.52 ETA=00:14.53 | GPU MB alloc/reserved=69.9/856.0
2026-04-07 13:12:03 | INFO | [Round 15] epoch=53/80 loss=0.8166 acc=69.40 val_acc=nan data_t=0.0036s batch_t=0.0344s epoch_t=00:00.61 lr=0.000263 | GPU MB alloc/reserved=69.9/856.0
2026-04-07 13:12:03 | INFO | [Round 15] Epoch 53/80 time=00:00.61 avg=00:00.52 ETA=00:14.06 | GPU MB alloc/reserved=69.9/856.0
2026-04-07 13:12:03 | INFO | [Round 15] epoch=54/80 loss=0.8322 acc=68.70 val_acc=nan data_t=0.0034s batch_t=0.0344s epoch_t=00:00.60 lr=0.000246 | GPU MB alloc/reserved=69.9/856.0
2026-04-07 13:12:03 | INFO | [Round 15] Epoch 54/80 time=00:00.60 avg=00:00.52 ETA=00:13.58 | GPU MB alloc/reserved=69.9/856.0
2026-04-07 13:12:04 | INFO | [Round 15] epoch=55/80 loss=0.8209 acc=69.05 val_acc=nan data_t=0.0038s batch_t=0.0298s epoch_t=00:00.54 lr=0.000230 | GPU MB alloc/reserved=69.9/856.0
2026-04-07 13:12:04 | INFO | [Round 15] Epoch 55/80 time=00:00.54 avg=00:00.52 ETA=00:13.06 | GPU MB alloc/reserved=69.9/856.0
2026-04-07 13:12:04 | INFO | [Round 15] epoch=56/80 loss=0.7671 acc=71.00 val_acc=nan data_t=0.0025s batch_t=0.0260s epoch_t=00:00.46 lr=0.000214 | GPU MB alloc/reserved=69.9/856.0
2026-04-07 13:12:04 | INFO | [Round 15] Epoch 56/80 time=00:00.46 avg=00:00.52 ETA=00:12.51 | GPU MB alloc/reserved=69.9/856.0
2026-04-07 13:12:05 | INFO | [Round 15] epoch=57/80 loss=0.7729 acc=71.90 val_acc=nan data_t=0.0037s batch_t=0.0269s epoch_t=00:00.49 lr=0.000199 | GPU MB alloc/reserved=69.9/856.0
2026-04-07 13:12:05 | INFO | [Round 15] Epoch 57/80 time=00:00.49 avg=00:00.52 ETA=00:11.98 | GPU MB alloc/reserved=69.9/856.0
2026-04-07 13:12:05 | INFO | [Round 15] epoch=58/80 loss=0.7546 acc=71.65 val_acc=nan data_t=0.0038s batch_t=0.0266s epoch_t=00:00.49 lr=0.000184 | GPU MB alloc/reserved=69.9/856.0
2026-04-07 13:12:05 | INFO | [Round 15] Epoch 58/80 time=00:00.49 avg=00:00.52 ETA=00:11.45 | GPU MB alloc/reserved=69.9/856.0
2026-04-07 13:12:06 | INFO | [Round 15] epoch=59/80 loss=0.7606 acc=70.25 val_acc=nan data_t=0.0030s batch_t=0.0261s epoch_t=00:00.47 lr=0.000169 | GPU MB alloc/reserved=69.9/856.0
2026-04-07 13:12:06 | INFO | [Round 15] Epoch 59/80 time=00:00.47 avg=00:00.52 ETA=00:10.91 | GPU MB alloc/reserved=69.9/856.0
2026-04-07 13:12:06 | INFO | [Round 15] epoch=60/80 loss=0.7677 acc=69.95 val_acc=nan data_t=0.0030s batch_t=0.0264s epoch_t=00:00.47 lr=0.000155 | GPU MB alloc/reserved=69.9/856.0
2026-04-07 13:12:06 | INFO | [Round 15] Epoch 60/80 time=00:00.47 avg=00:00.52 ETA=00:10.37 | GPU MB alloc/reserved=69.9/856.0
2026-04-07 13:12:07 | INFO | [Round 15] epoch=61/80 loss=0.7576 acc=71.35 val_acc=nan data_t=0.0026s batch_t=0.0261s epoch_t=00:00.46 lr=0.000142 | GPU MB alloc/reserved=69.9/856.0
2026-04-07 13:12:07 | INFO | [Round 15] Epoch 61/80 time=00:00.46 avg=00:00.52 ETA=00:09.83 | GPU MB alloc/reserved=69.9/856.0
2026-04-07 13:12:07 | INFO | [Round 15] epoch=62/80 loss=0.7505 acc=72.75 val_acc=nan data_t=0.0036s batch_t=0.0261s epoch_t=00:00.48 lr=0.000129 | GPU MB alloc/reserved=69.9/856.0
2026-04-07 13:12:07 | INFO | [Round 15] Epoch 62/80 time=00:00.48 avg=00:00.52 ETA=00:09.30 | GPU MB alloc/reserved=69.9/856.0
2026-04-07 13:12:08 | INFO | [Round 15] epoch=63/80 loss=0.7263 acc=72.50 val_acc=nan data_t=0.0032s batch_t=0.0263s epoch_t=00:00.47 lr=0.000116 | GPU MB alloc/reserved=69.9/856.0
2026-04-07 13:12:08 | INFO | [Round 15] Epoch 63/80 time=00:00.47 avg=00:00.52 ETA=00:08.77 | GPU MB alloc/reserved=69.9/856.0
2026-04-07 13:12:08 | INFO | [Round 15] epoch=64/80 loss=0.7250 acc=71.55 val_acc=nan data_t=0.0028s batch_t=0.0158s epoch_t=00:00.30 lr=0.000105 | GPU MB alloc/reserved=69.9/856.0
2026-04-07 13:12:08 | INFO | [Round 15] Epoch 64/80 time=00:00.30 avg=00:00.51 ETA=00:08.20 | GPU MB alloc/reserved=69.9/856.0
2026-04-07 13:12:09 | INFO | [Round 15] epoch=65/80 loss=0.7290 acc=73.45 val_acc=nan data_t=0.0021s batch_t=0.0232s epoch_t=00:00.41 lr=0.000093 | GPU MB alloc/reserved=69.9/856.0
2026-04-07 13:12:09 | INFO | [Round 15] Epoch 65/80 time=00:00.41 avg=00:00.51 ETA=00:07.67 | GPU MB alloc/reserved=69.9/856.0
2026-04-07 13:12:09 | INFO | [Round 15] epoch=66/80 loss=0.7164 acc=72.20 val_acc=nan data_t=0.0019s batch_t=0.0342s epoch_t=00:00.58 lr=0.000083 | GPU MB alloc/reserved=69.9/856.0
2026-04-07 13:12:09 | INFO | [Round 15] Epoch 66/80 time=00:00.58 avg=00:00.51 ETA=00:07.17 | GPU MB alloc/reserved=69.9/856.0
2026-04-07 13:12:10 | INFO | [Round 15] epoch=67/80 loss=0.6936 acc=75.05 val_acc=nan data_t=0.0030s batch_t=0.0343s epoch_t=00:00.60 lr=0.000073 | GPU MB alloc/reserved=69.9/856.0
2026-04-07 13:12:10 | INFO | [Round 15] Epoch 67/80 time=00:00.60 avg=00:00.51 ETA=00:06.67 | GPU MB alloc/reserved=69.9/856.0
2026-04-07 13:12:10 | INFO | [Round 15] epoch=68/80 loss=0.7093 acc=72.85 val_acc=nan data_t=0.0018s batch_t=0.0342s epoch_t=00:00.58 lr=0.000064 | GPU MB alloc/reserved=69.9/856.0
2026-04-07 13:12:10 | INFO | [Round 15] Epoch 68/80 time=00:00.58 avg=00:00.51 ETA=00:06.17 | GPU MB alloc/reserved=69.9/856.0
2026-04-07 13:12:11 | INFO | [Round 15] epoch=69/80 loss=0.7173 acc=72.05 val_acc=nan data_t=0.0018s batch_t=0.0165s epoch_t=00:00.29 lr=0.000055 | GPU MB alloc/reserved=69.9/856.0
2026-04-07 13:12:11 | INFO | [Round 15] Epoch 69/80 time=00:00.29 avg=00:00.51 ETA=00:05.62 | GPU MB alloc/reserved=69.9/856.0
2026-04-07 13:12:11 | INFO | [Round 15] epoch=70/80 loss=0.6970 acc=73.00 val_acc=nan data_t=0.0021s batch_t=0.0280s epoch_t=00:00.48 lr=0.000048 | GPU MB alloc/reserved=69.9/856.0
2026-04-07 13:12:11 | INFO | [Round 15] Epoch 70/80 time=00:00.48 avg=00:00.51 ETA=00:05.11 | GPU MB alloc/reserved=69.9/856.0
2026-04-07 13:12:12 | INFO | [Round 15] epoch=71/80 loss=0.6876 acc=74.80 val_acc=nan data_t=0.0025s batch_t=0.0342s epoch_t=00:00.59 lr=0.000041 | GPU MB alloc/reserved=69.9/856.0
2026-04-07 13:12:12 | INFO | [Round 15] Epoch 71/80 time=00:00.59 avg=00:00.51 ETA=00:04.61 | GPU MB alloc/reserved=69.9/856.0
2026-04-07 13:12:12 | INFO | [Round 15] epoch=72/80 loss=0.6750 acc=75.40 val_acc=nan data_t=0.0025s batch_t=0.0342s epoch_t=00:00.59 lr=0.000034 | GPU MB alloc/reserved=69.9/856.0
2026-04-07 13:12:12 | INFO | [Round 15] Epoch 72/80 time=00:00.59 avg=00:00.51 ETA=00:04.10 | GPU MB alloc/reserved=69.9/856.0
2026-04-07 13:12:13 | INFO | [Round 15] epoch=73/80 loss=0.6639 acc=75.30 val_acc=nan data_t=0.0032s batch_t=0.0342s epoch_t=00:00.60 lr=0.000029 | GPU MB alloc/reserved=69.9/856.0
2026-04-07 13:12:13 | INFO | [Round 15] Epoch 73/80 time=00:00.60 avg=00:00.51 ETA=00:03.60 | GPU MB alloc/reserved=69.9/856.0
2026-04-07 13:12:13 | INFO | [Round 15] epoch=74/80 loss=0.6775 acc=75.00 val_acc=nan data_t=0.0038s batch_t=0.0087s epoch_t=00:00.20 lr=0.000024 | GPU MB alloc/reserved=69.9/856.0
2026-04-07 13:12:13 | INFO | [Round 15] Epoch 74/80 time=00:00.20 avg=00:00.51 ETA=00:03.06 | GPU MB alloc/reserved=69.9/856.0
2026-04-07 13:12:14 | INFO | [Round 15] epoch=75/80 loss=0.6836 acc=74.55 val_acc=nan data_t=0.0019s batch_t=0.0341s epoch_t=00:00.58 lr=0.000020 | GPU MB alloc/reserved=69.9/856.0
2026-04-07 13:12:14 | INFO | [Round 15] Epoch 75/80 time=00:00.58 avg=00:00.51 ETA=00:02.55 | GPU MB alloc/reserved=69.9/856.0
2026-04-07 13:12:14 | INFO | [Round 15] epoch=76/80 loss=0.6915 acc=74.85 val_acc=nan data_t=0.0030s batch_t=0.0342s epoch_t=00:00.60 lr=0.000016 | GPU MB alloc/reserved=69.9/856.0
2026-04-07 13:12:14 | INFO | [Round 15] Epoch 76/80 time=00:00.60 avg=00:00.51 ETA=00:02.05 | GPU MB alloc/reserved=69.9/856.0
2026-04-07 13:12:15 | INFO | [Round 15] epoch=77/80 loss=0.6730 acc=75.15 val_acc=nan data_t=0.0029s batch_t=0.0343s epoch_t=00:00.60 lr=0.000013 | GPU MB alloc/reserved=69.9/856.0
2026-04-07 13:12:15 | INFO | [Round 15] Epoch 77/80 time=00:00.60 avg=00:00.51 ETA=00:01.54 | GPU MB alloc/reserved=69.9/856.0
2026-04-07 13:12:15 | INFO | [Round 15] epoch=78/80 loss=0.6691 acc=75.80 val_acc=nan data_t=0.0029s batch_t=0.0300s epoch_t=00:00.53 lr=0.000012 | GPU MB alloc/reserved=69.9/856.0
2026-04-07 13:12:15 | INFO | [Round 15] Epoch 78/80 time=00:00.53 avg=00:00.51 ETA=00:01.03 | GPU MB alloc/reserved=69.9/856.0
2026-04-07 13:12:16 | INFO | [Round 15] epoch=79/80 loss=0.6663 acc=74.20 val_acc=nan data_t=0.0032s batch_t=0.0185s epoch_t=00:00.35 lr=0.000010 | GPU MB alloc/reserved=69.9/856.0
2026-04-07 13:12:16 | INFO | [Round 15] Epoch 79/80 time=00:00.35 avg=00:00.51 ETA=00:00.51 | GPU MB alloc/reserved=69.9/856.0
2026-04-07 13:12:16 | INFO | [Round 15] epoch=80/80 loss=0.6716 acc=74.60 val_acc=nan data_t=0.0018s batch_t=0.0343s epoch_t=00:00.58 lr=0.000010 | GPU MB alloc/reserved=69.9/856.0
2026-04-07 13:12:16 | INFO | [Round 15] Epoch 80/80 time=00:00.58 avg=00:00.51 ETA=00:00.00 | GPU MB alloc/reserved=69.9/856.0
2026-04-07 13:12:16 | INFO | [Round 15] training complete in 00:41.05 (best monitor=75.800) | GPU MB alloc/reserved=69.9/856.0
2026-04-07 13:12:16 | INFO | [Round 15] evaluation started | GPU MB alloc/reserved=52.0/856.0
2026-04-07 13:12:19 | INFO | [Round 15] clean=60.49 fgsm=49.83 pgd=49.66 grad_disp_mean=nan grad_disp_sel=nan round_t=44.55s | GPU MB alloc/reserved=52.0/856.0
2026-04-07 13:12:19 | INFO | [Round 16/21] elapsed=00:44.55 avg_round=00:31.72 projected_remaining=02:38.59 | GPU MB alloc/reserved=52.0/856.0
2026-04-07 13:12:20 | INFO | [Round 16] acquisition on pool_size=48000 scored_pool=5000 budget=100 | GPU MB alloc/reserved=34.1/856.0
2026-04-07 13:12:20 | INFO | [CoreSet-unlabeled-feat] scoring progress 10/20 elapsed=00:00.22 avg/batch=0.022s ETA=00:00.22 | GPU MB alloc/reserved=40.6/856.0
2026-04-07 13:12:20 | INFO | [CoreSet-unlabeled-feat] scoring progress 20/20 elapsed=00:00.25 avg/batch=0.012s ETA=00:00.00 | GPU MB alloc/reserved=40.6/856.0
2026-04-07 13:12:20 | INFO | [CoreSet-labeled-feat] scoring progress 8/8 elapsed=00:00.20 avg/batch=0.026s ETA=00:00.00 | GPU MB alloc/reserved=44.0/856.0
2026-04-07 13:12:20 | INFO | [CoreSet] greedy 10/100 cover_radius=28.788561 | GPU: n/a
2026-04-07 13:12:20 | INFO | [CoreSet] greedy 20/100 cover_radius=27.131813 | GPU: n/a
2026-04-07 13:12:21 | INFO | [CoreSet] greedy 30/100 cover_radius=26.429539 | GPU: n/a
2026-04-07 13:12:21 | INFO | [CoreSet] greedy 40/100 cover_radius=25.722481 | GPU: n/a
2026-04-07 13:12:21 | INFO | [CoreSet] greedy 50/100 cover_radius=25.446117 | GPU: n/a
2026-04-07 13:12:21 | INFO | [CoreSet] greedy 60/100 cover_radius=25.097895 | GPU: n/a
2026-04-07 13:12:21 | INFO | [CoreSet] greedy 70/100 cover_radius=24.772480 | GPU: n/a
2026-04-07 13:12:21 | INFO | [CoreSet] greedy 80/100 cover_radius=24.515451 | GPU: n/a
2026-04-07 13:12:21 | INFO | [CoreSet] greedy 90/100 cover_radius=24.278133 | GPU: n/a
2026-04-07 13:12:21 | INFO | [CoreSet] greedy 100/100 cover_radius=24.073719 | GPU: n/a
2026-04-07 13:12:22 | INFO | [Round 16] labeled=2100 train=2100 val_fixed=0 | GPU MB alloc/reserved=43.1/856.0
2026-04-07 13:12:22 | INFO | [Round 16] epoch=1/80 loss=4.2879 acc=18.05 val_acc=nan data_t=0.0100s batch_t=0.0243s epoch_t=00:00.58 lr=0.001000 | GPU MB alloc/reserved=69.9/856.0
2026-04-07 13:12:22 | INFO | [Round 16] Epoch 1/80 time=00:00.58 avg=00:00.58 ETA=00:46.01 | GPU MB alloc/reserved=69.9/856.0
2026-04-07 13:12:23 | INFO | [Round 16] epoch=2/80 loss=2.0988 acc=24.19 val_acc=nan data_t=0.0019s batch_t=0.0243s epoch_t=00:00.44 lr=0.000998 | GPU MB alloc/reserved=69.9/856.0
2026-04-07 13:12:23 | INFO | [Round 16] Epoch 2/80 time=00:00.44 avg=00:00.51 ETA=00:40.04 | GPU MB alloc/reserved=69.9/856.0
2026-04-07 13:12:23 | INFO | [Round 16] epoch=3/80 loss=1.9802 acc=26.57 val_acc=nan data_t=0.0017s batch_t=0.0341s epoch_t=00:00.61 lr=0.000997 | GPU MB alloc/reserved=69.9/856.0
2026-04-07 13:12:23 | INFO | [Round 16] Epoch 3/80 time=00:00.61 avg=00:00.54 ETA=00:41.95 | GPU MB alloc/reserved=69.9/856.0
2026-04-07 13:12:24 | INFO | [Round 16] epoch=4/80 loss=1.9156 acc=30.00 val_acc=nan data_t=0.0017s batch_t=0.0341s epoch_t=00:00.61 lr=0.000994 | GPU MB alloc/reserved=69.9/856.0
2026-04-07 13:12:24 | INFO | [Round 16] Epoch 4/80 time=00:00.61 avg=00:00.56 ETA=00:42.61 | GPU MB alloc/reserved=69.9/856.0
2026-04-07 13:12:24 | INFO | [Round 16] epoch=5/80 loss=1.8334 acc=32.90 val_acc=nan data_t=0.0026s batch_t=0.0342s epoch_t=00:00.62 lr=0.000990 | GPU MB alloc/reserved=69.9/856.0
2026-04-07 13:12:24 | INFO | [Round 16] Epoch 5/80 time=00:00.62 avg=00:00.57 ETA=00:43.01 | GPU MB alloc/reserved=69.9/856.0
2026-04-07 13:12:25 | INFO | [Round 16] epoch=6/80 loss=1.8214 acc=33.24 val_acc=nan data_t=0.0025s batch_t=0.0099s epoch_t=00:00.21 lr=0.000986 | GPU MB alloc/reserved=69.9/856.0
2026-04-07 13:12:25 | INFO | [Round 16] Epoch 6/80 time=00:00.21 avg=00:00.51 ETA=00:37.96 | GPU MB alloc/reserved=69.9/856.0
2026-04-07 13:12:25 | INFO | [Round 16] epoch=7/80 loss=1.7573 acc=35.62 val_acc=nan data_t=0.0017s batch_t=0.0341s epoch_t=00:00.61 lr=0.000981 | GPU MB alloc/reserved=69.9/856.0
2026-04-07 13:12:25 | INFO | [Round 16] Epoch 7/80 time=00:00.61 avg=00:00.53 ETA=00:38.43 | GPU MB alloc/reserved=69.9/856.0
2026-04-07 13:12:26 | INFO | [Round 16] epoch=8/80 loss=1.7228 acc=35.71 val_acc=nan data_t=0.0017s batch_t=0.0341s epoch_t=00:00.61 lr=0.000976 | GPU MB alloc/reserved=69.9/856.0
2026-04-07 13:12:26 | INFO | [Round 16] Epoch 8/80 time=00:00.61 avg=00:00.54 ETA=00:38.65 | GPU MB alloc/reserved=69.9/856.0
2026-04-07 13:12:27 | INFO | [Round 16] epoch=9/80 loss=1.7109 acc=37.52 val_acc=nan data_t=0.0032s batch_t=0.0342s epoch_t=00:00.63 lr=0.000969 | GPU MB alloc/reserved=69.9/856.0
2026-04-07 13:12:27 | INFO | [Round 16] Epoch 9/80 time=00:00.63 avg=00:00.55 ETA=00:38.88 | GPU MB alloc/reserved=69.9/856.0
2026-04-07 13:12:27 | INFO | [Round 16] epoch=10/80 loss=1.6653 acc=37.24 val_acc=nan data_t=0.0033s batch_t=0.0227s epoch_t=00:00.44 lr=0.000962 | GPU MB alloc/reserved=69.9/856.0
2026-04-07 13:12:27 | INFO | [Round 16] Epoch 10/80 time=00:00.44 avg=00:00.54 ETA=00:37.59 | GPU MB alloc/reserved=69.9/856.0
2026-04-07 13:12:27 | INFO | [Round 16] epoch=11/80 loss=1.6558 acc=37.52 val_acc=nan data_t=0.0024s batch_t=0.0247s epoch_t=00:00.46 lr=0.000955 | GPU MB alloc/reserved=69.9/856.0
2026-04-07 13:12:27 | INFO | [Round 16] Epoch 11/80 time=00:00.46 avg=00:00.53 ETA=00:36.58 | GPU MB alloc/reserved=69.9/856.0
2026-04-07 13:12:28 | INFO | [Round 16] epoch=12/80 loss=1.6210 acc=38.76 val_acc=nan data_t=0.0027s batch_t=0.0341s epoch_t=00:00.63 lr=0.000946 | GPU MB alloc/reserved=69.9/856.0
2026-04-07 13:12:28 | INFO | [Round 16] Epoch 12/80 time=00:00.63 avg=00:00.54 ETA=00:36.60 | GPU MB alloc/reserved=69.9/856.0
2026-04-07 13:12:29 | INFO | [Round 16] epoch=13/80 loss=1.5887 acc=39.52 val_acc=nan data_t=0.0025s batch_t=0.0341s epoch_t=00:00.62 lr=0.000937 | GPU MB alloc/reserved=69.9/856.0
2026-04-07 13:12:29 | INFO | [Round 16] Epoch 13/80 time=00:00.62 avg=00:00.54 ETA=00:36.49 | GPU MB alloc/reserved=69.9/856.0
2026-04-07 13:12:29 | INFO | [Round 16] epoch=14/80 loss=1.5542 acc=41.76 val_acc=nan data_t=0.0018s batch_t=0.0342s epoch_t=00:00.61 lr=0.000927 | GPU MB alloc/reserved=69.9/856.0
2026-04-07 13:12:29 | INFO | [Round 16] Epoch 14/80 time=00:00.61 avg=00:00.55 ETA=00:36.26 | GPU MB alloc/reserved=69.9/856.0
2026-04-07 13:12:29 | INFO | [Round 16] epoch=15/80 loss=1.5262 acc=42.10 val_acc=nan data_t=0.0019s batch_t=0.0088s epoch_t=00:00.18 lr=0.000917 | GPU MB alloc/reserved=69.9/856.0
2026-04-07 13:12:29 | INFO | [Round 16] Epoch 15/80 time=00:00.18 avg=00:00.52 ETA=00:34.12 | GPU MB alloc/reserved=69.9/856.0
2026-04-07 13:12:30 | INFO | [Round 16] epoch=16/80 loss=1.4892 acc=44.86 val_acc=nan data_t=0.0016s batch_t=0.0341s epoch_t=00:00.61 lr=0.000905 | GPU MB alloc/reserved=69.9/856.0
2026-04-07 13:12:30 | INFO | [Round 16] Epoch 16/80 time=00:00.61 avg=00:00.53 ETA=00:33.92 | GPU MB alloc/reserved=69.9/856.0
2026-04-07 13:12:31 | INFO | [Round 16] epoch=17/80 loss=1.4701 acc=44.81 val_acc=nan data_t=0.0020s batch_t=0.0341s epoch_t=00:00.61 lr=0.000894 | GPU MB alloc/reserved=69.9/856.0
2026-04-07 13:12:31 | INFO | [Round 16] Epoch 17/80 time=00:00.61 avg=00:00.53 ETA=00:33.70 | GPU MB alloc/reserved=69.9/856.0
2026-04-07 13:12:31 | INFO | [Round 16] epoch=18/80 loss=1.4635 acc=46.48 val_acc=nan data_t=0.0024s batch_t=0.0343s epoch_t=00:00.62 lr=0.000881 | GPU MB alloc/reserved=69.9/856.0
2026-04-07 13:12:31 | INFO | [Round 16] Epoch 18/80 time=00:00.62 avg=00:00.54 ETA=00:33.47 | GPU MB alloc/reserved=69.9/856.0
2026-04-07 13:12:32 | INFO | [Round 16] epoch=19/80 loss=1.4513 acc=44.57 val_acc=nan data_t=0.0035s batch_t=0.0235s epoch_t=00:00.46 lr=0.000868 | GPU MB alloc/reserved=69.9/856.0
2026-04-07 13:12:32 | INFO | [Round 16] Epoch 19/80 time=00:00.46 avg=00:00.54 ETA=00:32.67 | GPU MB alloc/reserved=69.9/856.0
2026-04-07 13:12:32 | INFO | [Round 16] epoch=20/80 loss=1.4384 acc=46.67 val_acc=nan data_t=0.0019s batch_t=0.0224s epoch_t=00:00.41 lr=0.000855 | GPU MB alloc/reserved=69.9/856.0
2026-04-07 13:12:32 | INFO | [Round 16] Epoch 20/80 time=00:00.41 avg=00:00.53 ETA=00:31.77 | GPU MB alloc/reserved=69.9/856.0
2026-04-07 13:12:33 | INFO | [Round 16] epoch=21/80 loss=1.3797 acc=47.95 val_acc=nan data_t=0.0018s batch_t=0.0341s epoch_t=00:00.61 lr=0.000841 | GPU MB alloc/reserved=69.9/856.0
2026-04-07 13:12:33 | INFO | [Round 16] Epoch 21/80 time=00:00.61 avg=00:00.53 ETA=00:31.47 | GPU MB alloc/reserved=69.9/856.0
2026-04-07 13:12:33 | INFO | [Round 16] epoch=22/80 loss=1.3495 acc=50.10 val_acc=nan data_t=0.0033s batch_t=0.0343s epoch_t=00:00.64 lr=0.000826 | GPU MB alloc/reserved=69.9/856.0
2026-04-07 13:12:33 | INFO | [Round 16] Epoch 22/80 time=00:00.64 avg=00:00.54 ETA=00:31.22 | GPU MB alloc/reserved=69.9/856.0
2026-04-07 13:12:34 | INFO | [Round 16] epoch=23/80 loss=1.3683 acc=49.62 val_acc=nan data_t=0.0031s batch_t=0.0343s epoch_t=00:00.63 lr=0.000811 | GPU MB alloc/reserved=69.9/856.0
2026-04-07 13:12:34 | INFO | [Round 16] Epoch 23/80 time=00:00.63 avg=00:00.54 ETA=00:30.92 | GPU MB alloc/reserved=69.9/856.0
2026-04-07 13:12:34 | INFO | [Round 16] epoch=24/80 loss=1.3359 acc=51.10 val_acc=nan data_t=0.0028s batch_t=0.0102s epoch_t=00:00.22 lr=0.000796 | GPU MB alloc/reserved=69.9/856.0
2026-04-07 13:12:34 | INFO | [Round 16] Epoch 24/80 time=00:00.22 avg=00:00.53 ETA=00:29.63 | GPU MB alloc/reserved=69.9/856.0
2026-04-07 13:12:35 | INFO | [Round 16] epoch=25/80 loss=1.3458 acc=49.76 val_acc=nan data_t=0.0017s batch_t=0.0341s epoch_t=00:00.61 lr=0.000780 | GPU MB alloc/reserved=69.9/856.0
2026-04-07 13:12:35 | INFO | [Round 16] Epoch 25/80 time=00:00.61 avg=00:00.53 ETA=00:29.27 | GPU MB alloc/reserved=69.9/856.0
2026-04-07 13:12:36 | INFO | [Round 16] epoch=26/80 loss=1.2811 acc=51.33 val_acc=nan data_t=0.0018s batch_t=0.0341s epoch_t=00:00.61 lr=0.000764 | GPU MB alloc/reserved=69.9/856.0
2026-04-07 13:12:36 | INFO | [Round 16] Epoch 26/80 time=00:00.61 avg=00:00.54 ETA=00:28.90 | GPU MB alloc/reserved=69.9/856.0
2026-04-07 13:12:36 | INFO | [Round 16] epoch=27/80 loss=1.2720 acc=52.19 val_acc=nan data_t=0.0033s batch_t=0.0343s epoch_t=00:00.64 lr=0.000747 | GPU MB alloc/reserved=69.9/856.0
2026-04-07 13:12:36 | INFO | [Round 16] Epoch 27/80 time=00:00.64 avg=00:00.54 ETA=00:28.57 | GPU MB alloc/reserved=69.9/856.0
2026-04-07 13:12:37 | INFO | [Round 16] epoch=28/80 loss=1.2690 acc=52.38 val_acc=nan data_t=0.0026s batch_t=0.0227s epoch_t=00:00.43 lr=0.000730 | GPU MB alloc/reserved=69.9/856.0
2026-04-07 13:12:37 | INFO | [Round 16] Epoch 28/80 time=00:00.43 avg=00:00.54 ETA=00:27.83 | GPU MB alloc/reserved=69.9/856.0
2026-04-07 13:12:37 | INFO | [Round 16] epoch=29/80 loss=1.2687 acc=52.62 val_acc=nan data_t=0.0022s batch_t=0.0244s epoch_t=00:00.45 lr=0.000712 | GPU MB alloc/reserved=69.9/856.0
2026-04-07 13:12:37 | INFO | [Round 16] Epoch 29/80 time=00:00.45 avg=00:00.53 ETA=00:27.15 | GPU MB alloc/reserved=69.9/856.0
2026-04-07 13:12:38 | INFO | [Round 16] epoch=30/80 loss=1.2434 acc=53.14 val_acc=nan data_t=0.0017s batch_t=0.0342s epoch_t=00:00.61 lr=0.000694 | GPU MB alloc/reserved=69.9/856.0
2026-04-07 13:12:38 | INFO | [Round 16] Epoch 30/80 time=00:00.61 avg=00:00.53 ETA=00:26.75 | GPU MB alloc/reserved=69.9/856.0
2026-04-07 13:12:38 | INFO | [Round 16] epoch=31/80 loss=1.2383 acc=53.38 val_acc=nan data_t=0.0038s batch_t=0.0341s epoch_t=00:00.65 lr=0.000676 | GPU MB alloc/reserved=69.9/856.0
2026-04-07 13:12:38 | INFO | [Round 16] Epoch 31/80 time=00:00.65 avg=00:00.54 ETA=00:26.39 | GPU MB alloc/reserved=69.9/856.0
2026-04-07 13:12:39 | INFO | [Round 16] epoch=32/80 loss=1.1957 acc=54.81 val_acc=nan data_t=0.0024s batch_t=0.0342s epoch_t=00:00.62 lr=0.000658 | GPU MB alloc/reserved=69.9/856.0
2026-04-07 13:12:39 | INFO | [Round 16] Epoch 32/80 time=00:00.62 avg=00:00.54 ETA=00:25.97 | GPU MB alloc/reserved=69.9/856.0
2026-04-07 13:12:39 | INFO | [Round 16] epoch=33/80 loss=1.1869 acc=54.67 val_acc=nan data_t=0.0032s batch_t=0.0148s epoch_t=00:00.31 lr=0.000639 | GPU MB alloc/reserved=69.9/856.0
2026-04-07 13:12:39 | INFO | [Round 16] Epoch 33/80 time=00:00.31 avg=00:00.53 ETA=00:25.10 | GPU MB alloc/reserved=69.9/856.0
2026-04-07 13:12:40 | INFO | [Round 16] epoch=34/80 loss=1.1576 acc=56.81 val_acc=nan data_t=0.0017s batch_t=0.0341s epoch_t=00:00.61 lr=0.000621 | GPU MB alloc/reserved=69.9/856.0
2026-04-07 13:12:40 | INFO | [Round 16] Epoch 34/80 time=00:00.61 avg=00:00.54 ETA=00:24.66 | GPU MB alloc/reserved=69.9/856.0
2026-04-07 13:12:40 | INFO | [Round 16] epoch=35/80 loss=1.1304 acc=56.38 val_acc=nan data_t=0.0016s batch_t=0.0342s epoch_t=00:00.61 lr=0.000602 | GPU MB alloc/reserved=69.9/856.0
2026-04-07 13:12:40 | INFO | [Round 16] Epoch 35/80 time=00:00.61 avg=00:00.54 ETA=00:24.22 | GPU MB alloc/reserved=69.9/856.0
2026-04-07 13:12:41 | INFO | [Round 16] epoch=36/80 loss=1.1210 acc=58.05 val_acc=nan data_t=0.0034s batch_t=0.0341s epoch_t=00:00.64 lr=0.000582 | GPU MB alloc/reserved=69.9/856.0
2026-04-07 13:12:41 | INFO | [Round 16] Epoch 36/80 time=00:00.64 avg=00:00.54 ETA=00:23.80 | GPU MB alloc/reserved=69.9/856.0
2026-04-07 13:12:41 | INFO | [Round 16] epoch=37/80 loss=1.1225 acc=57.62 val_acc=nan data_t=0.0016s batch_t=0.0187s epoch_t=00:00.35 lr=0.000563 | GPU MB alloc/reserved=69.9/856.0
2026-04-07 13:12:41 | INFO | [Round 16] Epoch 37/80 time=00:00.35 avg=00:00.54 ETA=00:23.04 | GPU MB alloc/reserved=69.9/856.0
2026-04-07 13:12:42 | INFO | [Round 16] epoch=38/80 loss=1.0855 acc=59.81 val_acc=nan data_t=0.0019s batch_t=0.0271s epoch_t=00:00.49 lr=0.000544 | GPU MB alloc/reserved=69.9/856.0
2026-04-07 13:12:42 | INFO | [Round 16] Epoch 38/80 time=00:00.49 avg=00:00.53 ETA=00:22.45 | GPU MB alloc/reserved=69.9/856.0
2026-04-07 13:12:43 | INFO | [Round 16] epoch=39/80 loss=1.0631 acc=59.48 val_acc=nan data_t=0.0017s batch_t=0.0341s epoch_t=00:00.61 lr=0.000524 | GPU MB alloc/reserved=69.9/856.0
2026-04-07 13:12:43 | INFO | [Round 16] Epoch 39/80 time=00:00.61 avg=00:00.54 ETA=00:22.00 | GPU MB alloc/reserved=69.9/856.0
2026-04-07 13:12:43 | INFO | [Round 16] epoch=40/80 loss=1.0928 acc=57.86 val_acc=nan data_t=0.0020s batch_t=0.0341s epoch_t=00:00.61 lr=0.000505 | GPU MB alloc/reserved=69.9/856.0
2026-04-07 13:12:43 | INFO | [Round 16] Epoch 40/80 time=00:00.61 avg=00:00.54 ETA=00:21.54 | GPU MB alloc/reserved=69.9/856.0
2026-04-07 13:12:44 | INFO | [Round 16] epoch=41/80 loss=1.0463 acc=61.29 val_acc=nan data_t=0.0030s batch_t=0.0333s epoch_t=00:00.62 lr=0.000486 | GPU MB alloc/reserved=69.9/856.0
2026-04-07 13:12:44 | INFO | [Round 16] Epoch 41/80 time=00:00.62 avg=00:00.54 ETA=00:21.08 | GPU MB alloc/reserved=69.9/856.0
2026-04-07 13:12:44 | INFO | [Round 16] epoch=42/80 loss=1.0456 acc=59.00 val_acc=nan data_t=0.0033s batch_t=0.0189s epoch_t=00:00.38 lr=0.000466 | GPU MB alloc/reserved=69.9/856.0
2026-04-07 13:12:44 | INFO | [Round 16] Epoch 42/80 time=00:00.38 avg=00:00.54 ETA=00:20.39 | GPU MB alloc/reserved=69.9/856.0
2026-04-07 13:12:45 | INFO | [Round 16] epoch=43/80 loss=1.0317 acc=61.29 val_acc=nan data_t=0.0028s batch_t=0.0342s epoch_t=00:00.63 lr=0.000447 | GPU MB alloc/reserved=69.9/856.0
2026-04-07 13:12:45 | INFO | [Round 16] Epoch 43/80 time=00:00.63 avg=00:00.54 ETA=00:19.93 | GPU MB alloc/reserved=69.9/856.0
2026-04-07 13:12:45 | INFO | [Round 16] epoch=44/80 loss=1.0117 acc=61.57 val_acc=nan data_t=0.0037s batch_t=0.0341s epoch_t=00:00.64 lr=0.000428 | GPU MB alloc/reserved=69.9/856.0
2026-04-07 13:12:45 | INFO | [Round 16] Epoch 44/80 time=00:00.64 avg=00:00.54 ETA=00:19.48 | GPU MB alloc/reserved=69.9/856.0
2026-04-07 13:12:46 | INFO | [Round 16] epoch=45/80 loss=1.0177 acc=61.19 val_acc=nan data_t=0.0028s batch_t=0.0341s epoch_t=00:00.63 lr=0.000408 | GPU MB alloc/reserved=69.9/856.0
2026-04-07 13:12:46 | INFO | [Round 16] Epoch 45/80 time=00:00.63 avg=00:00.54 ETA=00:19.00 | GPU MB alloc/reserved=69.9/856.0
2026-04-07 13:12:46 | INFO | [Round 16] epoch=46/80 loss=0.9821 acc=61.86 val_acc=nan data_t=0.0028s batch_t=0.0109s epoch_t=00:00.23 lr=0.000389 | GPU MB alloc/reserved=69.9/856.0
2026-04-07 13:12:46 | INFO | [Round 16] Epoch 46/80 time=00:00.23 avg=00:00.54 ETA=00:18.23 | GPU MB alloc/reserved=69.9/856.0
2026-04-07 13:12:47 | INFO | [Round 16] epoch=47/80 loss=0.9678 acc=63.57 val_acc=nan data_t=0.0016s batch_t=0.0342s epoch_t=00:00.61 lr=0.000371 | GPU MB alloc/reserved=69.9/856.0
2026-04-07 13:12:47 | INFO | [Round 16] Epoch 47/80 time=00:00.61 avg=00:00.54 ETA=00:17.75 | GPU MB alloc/reserved=69.9/856.0
2026-04-07 13:12:48 | INFO | [Round 16] epoch=48/80 loss=0.9277 acc=63.76 val_acc=nan data_t=0.0016s batch_t=0.0341s epoch_t=00:00.61 lr=0.000352 | GPU MB alloc/reserved=69.9/856.0
2026-04-07 13:12:48 | INFO | [Round 16] Epoch 48/80 time=00:00.61 avg=00:00.54 ETA=00:17.26 | GPU MB alloc/reserved=69.9/856.0
2026-04-07 13:12:48 | INFO | [Round 16] epoch=49/80 loss=0.9705 acc=62.81 val_acc=nan data_t=0.0017s batch_t=0.0341s epoch_t=00:00.61 lr=0.000334 | GPU MB alloc/reserved=69.9/856.0
2026-04-07 13:12:48 | INFO | [Round 16] Epoch 49/80 time=00:00.61 avg=00:00.54 ETA=00:16.76 | GPU MB alloc/reserved=69.9/856.0
2026-04-07 13:12:49 | INFO | [Round 16] epoch=50/80 loss=0.9424 acc=64.62 val_acc=nan data_t=0.0018s batch_t=0.0274s epoch_t=00:00.50 lr=0.000316 | GPU MB alloc/reserved=69.9/856.0
2026-04-07 13:12:49 | INFO | [Round 16] Epoch 50/80 time=00:00.50 avg=00:00.54 ETA=00:16.19 | GPU MB alloc/reserved=69.9/856.0
2026-04-07 13:12:49 | INFO | [Round 16] epoch=51/80 loss=0.9265 acc=64.33 val_acc=nan data_t=0.0026s batch_t=0.0224s epoch_t=00:00.42 lr=0.000298 | GPU MB alloc/reserved=69.9/856.0
2026-04-07 13:12:49 | INFO | [Round 16] Epoch 51/80 time=00:00.42 avg=00:00.54 ETA=00:15.59 | GPU MB alloc/reserved=69.9/856.0
2026-04-07 13:12:50 | INFO | [Round 16] epoch=52/80 loss=0.8952 acc=65.62 val_acc=nan data_t=0.0018s batch_t=0.0341s epoch_t=00:00.61 lr=0.000280 | GPU MB alloc/reserved=69.9/856.0
2026-04-07 13:12:50 | INFO | [Round 16] Epoch 52/80 time=00:00.61 avg=00:00.54 ETA=00:15.09 | GPU MB alloc/reserved=69.9/856.0
2026-04-07 13:12:50 | INFO | [Round 16] epoch=53/80 loss=0.9068 acc=65.62 val_acc=nan data_t=0.0023s batch_t=0.0342s epoch_t=00:00.62 lr=0.000263 | GPU MB alloc/reserved=69.9/856.0
2026-04-07 13:12:50 | INFO | [Round 16] Epoch 53/80 time=00:00.62 avg=00:00.54 ETA=00:14.59 | GPU MB alloc/reserved=69.9/856.0
2026-04-07 13:12:51 | INFO | [Round 16] epoch=54/80 loss=0.9013 acc=66.24 val_acc=nan data_t=0.0024s batch_t=0.0341s epoch_t=00:00.62 lr=0.000246 | GPU MB alloc/reserved=69.9/856.0
2026-04-07 13:12:51 | INFO | [Round 16] Epoch 54/80 time=00:00.62 avg=00:00.54 ETA=00:14.09 | GPU MB alloc/reserved=69.9/856.0
2026-04-07 13:12:51 | INFO | [Round 16] epoch=55/80 loss=0.8783 acc=67.05 val_acc=nan data_t=0.0030s batch_t=0.0098s epoch_t=00:00.22 lr=0.000230 | GPU MB alloc/reserved=69.9/856.0
2026-04-07 13:12:51 | INFO | [Round 16] Epoch 55/80 time=00:00.22 avg=00:00.54 ETA=00:13.40 | GPU MB alloc/reserved=69.9/856.0
2026-04-07 13:12:52 | INFO | [Round 16] epoch=56/80 loss=0.8448 acc=68.86 val_acc=nan data_t=0.0021s batch_t=0.0341s epoch_t=00:00.62 lr=0.000214 | GPU MB alloc/reserved=69.9/856.0
2026-04-07 13:12:52 | INFO | [Round 16] Epoch 56/80 time=00:00.62 avg=00:00.54 ETA=00:12.90 | GPU MB alloc/reserved=69.9/856.0
2026-04-07 13:12:52 | INFO | [Round 16] epoch=57/80 loss=0.8662 acc=68.19 val_acc=nan data_t=0.0019s batch_t=0.0342s epoch_t=00:00.61 lr=0.000199 | GPU MB alloc/reserved=69.9/856.0
2026-04-07 13:12:52 | INFO | [Round 16] Epoch 57/80 time=00:00.61 avg=00:00.54 ETA=00:12.39 | GPU MB alloc/reserved=69.9/856.0
2026-04-07 13:12:53 | INFO | [Round 16] epoch=58/80 loss=0.8572 acc=67.86 val_acc=nan data_t=0.0029s batch_t=0.0342s epoch_t=00:00.63 lr=0.000184 | GPU MB alloc/reserved=69.9/856.0
2026-04-07 13:12:53 | INFO | [Round 16] Epoch 58/80 time=00:00.63 avg=00:00.54 ETA=00:11.89 | GPU MB alloc/reserved=69.9/856.0
2026-04-07 13:12:53 | INFO | [Round 16] epoch=59/80 loss=0.8425 acc=69.48 val_acc=nan data_t=0.0026s batch_t=0.0248s epoch_t=00:00.47 lr=0.000169 | GPU MB alloc/reserved=69.9/856.0
2026-04-07 13:12:53 | INFO | [Round 16] Epoch 59/80 time=00:00.47 avg=00:00.54 ETA=00:11.32 | GPU MB alloc/reserved=69.9/856.0
2026-04-07 13:12:54 | INFO | [Round 16] epoch=60/80 loss=0.8211 acc=68.81 val_acc=nan data_t=0.0026s batch_t=0.0256s epoch_t=00:00.48 lr=0.000155 | GPU MB alloc/reserved=69.9/856.0
2026-04-07 13:12:54 | INFO | [Round 16] Epoch 60/80 time=00:00.48 avg=00:00.54 ETA=00:10.76 | GPU MB alloc/reserved=69.9/856.0
2026-04-07 13:12:55 | INFO | [Round 16] epoch=61/80 loss=0.8353 acc=68.38 val_acc=nan data_t=0.0017s batch_t=0.0342s epoch_t=00:00.61 lr=0.000142 | GPU MB alloc/reserved=69.9/856.0
2026-04-07 13:12:55 | INFO | [Round 16] Epoch 61/80 time=00:00.61 avg=00:00.54 ETA=00:10.25 | GPU MB alloc/reserved=69.9/856.0
2026-04-07 13:12:55 | INFO | [Round 16] epoch=62/80 loss=0.7982 acc=69.62 val_acc=nan data_t=0.0027s batch_t=0.0341s epoch_t=00:00.63 lr=0.000129 | GPU MB alloc/reserved=69.9/856.0
2026-04-07 13:12:55 | INFO | [Round 16] Epoch 62/80 time=00:00.63 avg=00:00.54 ETA=00:09.73 | GPU MB alloc/reserved=69.9/856.0
2026-04-07 13:12:56 | INFO | [Round 16] epoch=63/80 loss=0.7917 acc=71.29 val_acc=nan data_t=0.0027s batch_t=0.0342s epoch_t=00:00.63 lr=0.000116 | GPU MB alloc/reserved=69.9/856.0
2026-04-07 13:12:56 | INFO | [Round 16] Epoch 63/80 time=00:00.63 avg=00:00.54 ETA=00:09.22 | GPU MB alloc/reserved=69.9/856.0
2026-04-07 13:12:56 | INFO | [Round 16] epoch=64/80 loss=0.8228 acc=68.43 val_acc=nan data_t=0.0036s batch_t=0.0182s epoch_t=00:00.37 lr=0.000105 | GPU MB alloc/reserved=69.9/856.0
2026-04-07 13:12:56 | INFO | [Round 16] Epoch 64/80 time=00:00.37 avg=00:00.54 ETA=00:08.63 | GPU MB alloc/reserved=69.9/856.0
2026-04-07 13:12:57 | INFO | [Round 16] epoch=65/80 loss=0.8008 acc=69.67 val_acc=nan data_t=0.0019s batch_t=0.0341s epoch_t=00:00.61 lr=0.000093 | GPU MB alloc/reserved=69.9/856.0
2026-04-07 13:12:57 | INFO | [Round 16] Epoch 65/80 time=00:00.61 avg=00:00.54 ETA=00:08.11 | GPU MB alloc/reserved=69.9/856.0
2026-04-07 13:12:57 | INFO | [Round 16] epoch=66/80 loss=0.7995 acc=70.76 val_acc=nan data_t=0.0027s batch_t=0.0343s epoch_t=00:00.63 lr=0.000083 | GPU MB alloc/reserved=69.9/856.0
2026-04-07 13:12:57 | INFO | [Round 16] Epoch 66/80 time=00:00.63 avg=00:00.54 ETA=00:07.59 | GPU MB alloc/reserved=69.9/856.0
2026-04-07 13:12:58 | INFO | [Round 16] epoch=67/80 loss=0.7816 acc=71.57 val_acc=nan data_t=0.0017s batch_t=0.0341s epoch_t=00:00.61 lr=0.000073 | GPU MB alloc/reserved=69.9/856.0
2026-04-07 13:12:58 | INFO | [Round 16] Epoch 67/80 time=00:00.61 avg=00:00.54 ETA=00:07.06 | GPU MB alloc/reserved=69.9/856.0
2026-04-07 13:12:58 | INFO | [Round 16] epoch=68/80 loss=0.7765 acc=69.76 val_acc=nan data_t=0.0017s batch_t=0.0161s epoch_t=00:00.30 lr=0.000064 | GPU MB alloc/reserved=69.9/856.0
2026-04-07 13:12:58 | INFO | [Round 16] Epoch 68/80 time=00:00.30 avg=00:00.54 ETA=00:06.47 | GPU MB alloc/reserved=69.9/856.0
2026-04-07 13:12:59 | INFO | [Round 16] epoch=69/80 loss=0.7632 acc=70.67 val_acc=nan data_t=0.0022s batch_t=0.0336s epoch_t=00:00.61 lr=0.000055 | GPU MB alloc/reserved=69.9/856.0
2026-04-07 13:12:59 | INFO | [Round 16] Epoch 69/80 time=00:00.61 avg=00:00.54 ETA=00:05.94 | GPU MB alloc/reserved=69.9/856.0
2026-04-07 13:13:00 | INFO | [Round 16] epoch=70/80 loss=0.7664 acc=70.43 val_acc=nan data_t=0.0018s batch_t=0.0341s epoch_t=00:00.61 lr=0.000048 | GPU MB alloc/reserved=69.9/856.0
2026-04-07 13:13:00 | INFO | [Round 16] Epoch 70/80 time=00:00.61 avg=00:00.54 ETA=00:05.41 | GPU MB alloc/reserved=69.9/856.0
2026-04-07 13:13:00 | INFO | [Round 16] epoch=71/80 loss=0.7685 acc=70.48 val_acc=nan data_t=0.0035s batch_t=0.0341s epoch_t=00:00.64 lr=0.000041 | GPU MB alloc/reserved=69.9/856.0
2026-04-07 13:13:00 | INFO | [Round 16] Epoch 71/80 time=00:00.64 avg=00:00.54 ETA=00:04.88 | GPU MB alloc/reserved=69.9/856.0
2026-04-07 13:13:01 | INFO | [Round 16] epoch=72/80 loss=0.7574 acc=70.90 val_acc=nan data_t=0.0026s batch_t=0.0258s epoch_t=00:00.48 lr=0.000034 | GPU MB alloc/reserved=69.9/856.0
2026-04-07 13:13:01 | INFO | [Round 16] Epoch 72/80 time=00:00.48 avg=00:00.54 ETA=00:04.34 | GPU MB alloc/reserved=69.9/856.0
2026-04-07 13:13:01 | INFO | [Round 16] epoch=73/80 loss=0.7601 acc=72.90 val_acc=nan data_t=0.0023s batch_t=0.0242s epoch_t=00:00.45 lr=0.000029 | GPU MB alloc/reserved=69.9/856.0
2026-04-07 13:13:01 | INFO | [Round 16] Epoch 73/80 time=00:00.45 avg=00:00.54 ETA=00:03.78 | GPU MB alloc/reserved=69.9/856.0
2026-04-07 13:13:02 | INFO | [Round 16] epoch=74/80 loss=0.7565 acc=72.10 val_acc=nan data_t=0.0019s batch_t=0.0341s epoch_t=00:00.61 lr=0.000024 | GPU MB alloc/reserved=69.9/856.0
2026-04-07 13:13:02 | INFO | [Round 16] Epoch 74/80 time=00:00.61 avg=00:00.54 ETA=00:03.25 | GPU MB alloc/reserved=69.9/856.0
2026-04-07 13:13:02 | INFO | [Round 16] epoch=75/80 loss=0.7452 acc=72.95 val_acc=nan data_t=0.0017s batch_t=0.0341s epoch_t=00:00.61 lr=0.000020 | GPU MB alloc/reserved=69.9/856.0
2026-04-07 13:13:02 | INFO | [Round 16] Epoch 75/80 time=00:00.61 avg=00:00.54 ETA=00:02.71 | GPU MB alloc/reserved=69.9/856.0
2026-04-07 13:13:03 | INFO | [Round 16] epoch=76/80 loss=0.7420 acc=71.52 val_acc=nan data_t=0.0030s batch_t=0.0342s epoch_t=00:00.63 lr=0.000016 | GPU MB alloc/reserved=69.9/856.0
2026-04-07 13:13:03 | INFO | [Round 16] Epoch 76/80 time=00:00.63 avg=00:00.54 ETA=00:02.17 | GPU MB alloc/reserved=69.9/856.0
2026-04-07 13:13:03 | INFO | [Round 16] epoch=77/80 loss=0.7482 acc=71.76 val_acc=nan data_t=0.0035s batch_t=0.0129s epoch_t=00:00.28 lr=0.000013 | GPU MB alloc/reserved=69.9/856.0
2026-04-07 13:13:03 | INFO | [Round 16] Epoch 77/80 time=00:00.28 avg=00:00.54 ETA=00:01.62 | GPU MB alloc/reserved=69.9/856.0
2026-04-07 13:13:04 | INFO | [Round 16] epoch=78/80 loss=0.7444 acc=72.24 val_acc=nan data_t=0.0029s batch_t=0.0342s epoch_t=00:00.63 lr=0.000012 | GPU MB alloc/reserved=69.9/856.0
2026-04-07 13:13:04 | INFO | [Round 16] Epoch 78/80 time=00:00.63 avg=00:00.54 ETA=00:01.08 | GPU MB alloc/reserved=69.9/856.0
2026-04-07 13:13:04 | INFO | [Round 16] epoch=79/80 loss=0.7682 acc=71.57 val_acc=nan data_t=0.0018s batch_t=0.0341s epoch_t=00:00.61 lr=0.000010 | GPU MB alloc/reserved=69.9/856.0
2026-04-07 13:13:05 | INFO | [Round 16] Epoch 79/80 time=00:00.61 avg=00:00.54 ETA=00:00.54 | GPU MB alloc/reserved=69.9/856.0
2026-04-07 13:13:05 | INFO | [Round 16] epoch=80/80 loss=0.7274 acc=72.43 val_acc=nan data_t=0.0018s batch_t=0.0341s epoch_t=00:00.61 lr=0.000010 | GPU MB alloc/reserved=69.9/856.0
2026-04-07 13:13:05 | INFO | [Round 16] Epoch 80/80 time=00:00.61 avg=00:00.54 ETA=00:00.00 | GPU MB alloc/reserved=69.9/856.0
2026-04-07 13:13:05 | INFO | [Round 16] training complete in 00:43.57 (best monitor=72.952) | GPU MB alloc/reserved=69.9/856.0
2026-04-07 13:13:05 | INFO | [Round 16] evaluation started | GPU MB alloc/reserved=52.0/856.0
2026-04-07 13:13:08 | INFO | [Round 16] clean=60.13 fgsm=49.28 pgd=48.92 grad_disp_mean=nan grad_disp_sel=nan round_t=48.42s | GPU MB alloc/reserved=52.0/856.0
2026-04-07 13:13:08 | INFO | [Round 17/21] elapsed=00:48.42 avg_round=00:32.70 projected_remaining=02:10.80 | GPU MB alloc/reserved=52.0/856.0
2026-04-07 13:13:09 | INFO | [Round 17] acquisition on pool_size=47900 scored_pool=5000 budget=100 | GPU MB alloc/reserved=34.1/856.0
2026-04-07 13:13:09 | INFO | [CoreSet-unlabeled-feat] scoring progress 10/20 elapsed=00:00.21 avg/batch=0.021s ETA=00:00.21 | GPU MB alloc/reserved=40.6/856.0
2026-04-07 13:13:09 | INFO | [CoreSet-unlabeled-feat] scoring progress 20/20 elapsed=00:00.24 avg/batch=0.012s ETA=00:00.00 | GPU MB alloc/reserved=40.6/856.0
2026-04-07 13:13:10 | INFO | [CoreSet-labeled-feat] scoring progress 9/9 elapsed=00:00.21 avg/batch=0.023s ETA=00:00.00 | GPU MB alloc/reserved=41.7/856.0
2026-04-07 13:13:10 | INFO | [CoreSet] greedy 10/100 cover_radius=25.234428 | GPU: n/a
2026-04-07 13:13:10 | INFO | [CoreSet] greedy 20/100 cover_radius=24.048595 | GPU: n/a
2026-04-07 13:13:10 | INFO | [CoreSet] greedy 30/100 cover_radius=23.531187 | GPU: n/a
2026-04-07 13:13:10 | INFO | [CoreSet] greedy 40/100 cover_radius=23.147972 | GPU: n/a
2026-04-07 13:13:10 | INFO | [CoreSet] greedy 50/100 cover_radius=22.578671 | GPU: n/a
2026-04-07 13:13:10 | INFO | [CoreSet] greedy 60/100 cover_radius=22.173124 | GPU: n/a
2026-04-07 13:13:10 | INFO | [CoreSet] greedy 70/100 cover_radius=21.847355 | GPU: n/a
2026-04-07 13:13:10 | INFO | [CoreSet] greedy 80/100 cover_radius=21.480028 | GPU: n/a
2026-04-07 13:13:10 | INFO | [CoreSet] greedy 90/100 cover_radius=21.299728 | GPU: n/a
2026-04-07 13:13:10 | INFO | [CoreSet] greedy 100/100 cover_radius=21.138103 | GPU: n/a
2026-04-07 13:13:10 | INFO | [Round 17] labeled=2200 train=2200 val_fixed=0 | GPU MB alloc/reserved=43.1/856.0
2026-04-07 13:13:11 | INFO | [Round 17] epoch=1/80 loss=4.0739 acc=15.95 val_acc=nan data_t=0.0095s batch_t=0.0357s epoch_t=00:00.81 lr=0.001000 | GPU MB alloc/reserved=69.9/856.0
2026-04-07 13:13:11 | INFO | [Round 17] Epoch 1/80 time=00:00.81 avg=00:00.81 ETA=01:04.29 | GPU MB alloc/reserved=69.9/856.0
2026-04-07 13:13:12 | INFO | [Round 17] epoch=2/80 loss=2.0795 acc=22.86 val_acc=nan data_t=0.0021s batch_t=0.0341s epoch_t=00:00.65 lr=0.000998 | GPU MB alloc/reserved=69.9/856.0
2026-04-07 13:13:12 | INFO | [Round 17] Epoch 2/80 time=00:00.65 avg=00:00.73 ETA=00:57.13 | GPU MB alloc/reserved=69.9/856.0
2026-04-07 13:13:12 | INFO | [Round 17] epoch=3/80 loss=1.9789 acc=27.55 val_acc=nan data_t=0.0019s batch_t=0.0326s epoch_t=00:00.62 lr=0.000997 | GPU MB alloc/reserved=69.9/856.0
2026-04-07 13:13:12 | INFO | [Round 17] Epoch 3/80 time=00:00.62 avg=00:00.70 ETA=00:53.52 | GPU MB alloc/reserved=69.9/856.0
2026-04-07 13:13:13 | INFO | [Round 17] epoch=4/80 loss=1.9060 acc=29.18 val_acc=nan data_t=0.0028s batch_t=0.0171s epoch_t=00:00.36 lr=0.000994 | GPU MB alloc/reserved=69.9/856.0
2026-04-07 13:13:13 | INFO | [Round 17] Epoch 4/80 time=00:00.36 avg=00:00.61 ETA=00:46.41 | GPU MB alloc/reserved=69.9/856.0
2026-04-07 13:13:13 | INFO | [Round 17] epoch=5/80 loss=1.8471 acc=33.18 val_acc=nan data_t=0.0015s batch_t=0.0341s epoch_t=00:00.64 lr=0.000990 | GPU MB alloc/reserved=69.9/856.0
2026-04-07 13:13:13 | INFO | [Round 17] Epoch 5/80 time=00:00.64 avg=00:00.62 ETA=00:46.24 | GPU MB alloc/reserved=69.9/856.0
2026-04-07 13:13:14 | INFO | [Round 17] epoch=6/80 loss=1.8065 acc=32.77 val_acc=nan data_t=0.0018s batch_t=0.0341s epoch_t=00:00.64 lr=0.000986 | GPU MB alloc/reserved=69.9/856.0
2026-04-07 13:13:14 | INFO | [Round 17] Epoch 6/80 time=00:00.64 avg=00:00.62 ETA=00:45.97 | GPU MB alloc/reserved=69.9/856.0
2026-04-07 13:13:15 | INFO | [Round 17] epoch=7/80 loss=1.7454 acc=36.18 val_acc=nan data_t=0.0017s batch_t=0.0340s epoch_t=00:00.64 lr=0.000981 | GPU MB alloc/reserved=69.9/856.0
2026-04-07 13:13:15 | INFO | [Round 17] Epoch 7/80 time=00:00.64 avg=00:00.62 ETA=00:45.58 | GPU MB alloc/reserved=69.9/856.0
2026-04-07 13:13:15 | INFO | [Round 17] epoch=8/80 loss=1.7557 acc=35.91 val_acc=nan data_t=0.0016s batch_t=0.0115s epoch_t=00:00.24 lr=0.000976 | GPU MB alloc/reserved=69.9/856.0
2026-04-07 13:13:15 | INFO | [Round 17] Epoch 8/80 time=00:00.24 avg=00:00.58 ETA=00:41.46 | GPU MB alloc/reserved=69.9/856.0
2026-04-07 13:13:16 | INFO | [Round 17] epoch=9/80 loss=1.6945 acc=37.23 val_acc=nan data_t=0.0016s batch_t=0.0333s epoch_t=00:00.63 lr=0.000969 | GPU MB alloc/reserved=69.9/856.0
2026-04-07 13:13:16 | INFO | [Round 17] Epoch 9/80 time=00:00.63 avg=00:00.58 ETA=00:41.30 | GPU MB alloc/reserved=69.9/856.0
2026-04-07 13:13:16 | INFO | [Round 17] epoch=10/80 loss=1.6341 acc=40.82 val_acc=nan data_t=0.0015s batch_t=0.0341s epoch_t=00:00.64 lr=0.000962 | GPU MB alloc/reserved=69.9/856.0
2026-04-07 13:13:16 | INFO | [Round 17] Epoch 10/80 time=00:00.64 avg=00:00.59 ETA=00:41.13 | GPU MB alloc/reserved=69.9/856.0
2026-04-07 13:13:17 | INFO | [Round 17] epoch=11/80 loss=1.6181 acc=39.00 val_acc=nan data_t=0.0016s batch_t=0.0340s epoch_t=00:00.64 lr=0.000955 | GPU MB alloc/reserved=69.9/856.0
2026-04-07 13:13:17 | INFO | [Round 17] Epoch 11/80 time=00:00.64 avg=00:00.59 ETA=00:40.88 | GPU MB alloc/reserved=69.9/856.0
2026-04-07 13:13:17 | INFO | [Round 17] epoch=12/80 loss=1.6095 acc=41.00 val_acc=nan data_t=0.0016s batch_t=0.0232s epoch_t=00:00.45 lr=0.000946 | GPU MB alloc/reserved=69.9/856.0
2026-04-07 13:13:17 | INFO | [Round 17] Epoch 12/80 time=00:00.45 avg=00:00.58 ETA=00:39.47 | GPU MB alloc/reserved=69.9/856.0
2026-04-07 13:13:18 | INFO | [Round 17] epoch=13/80 loss=1.5772 acc=42.36 val_acc=nan data_t=0.0019s batch_t=0.0248s epoch_t=00:00.48 lr=0.000937 | GPU MB alloc/reserved=69.9/856.0
2026-04-07 13:13:18 | INFO | [Round 17] Epoch 13/80 time=00:00.48 avg=00:00.57 ETA=00:38.37 | GPU MB alloc/reserved=69.9/856.0
2026-04-07 13:13:18 | INFO | [Round 17] epoch=14/80 loss=1.5564 acc=42.55 val_acc=nan data_t=0.0021s batch_t=0.0341s epoch_t=00:00.65 lr=0.000927 | GPU MB alloc/reserved=69.9/856.0
2026-04-07 13:13:18 | INFO | [Round 17] Epoch 14/80 time=00:00.65 avg=00:00.58 ETA=00:38.17 | GPU MB alloc/reserved=69.9/856.0
2026-04-07 13:13:19 | INFO | [Round 17] epoch=15/80 loss=1.5373 acc=44.27 val_acc=nan data_t=0.0016s batch_t=0.0341s epoch_t=00:00.64 lr=0.000917 | GPU MB alloc/reserved=69.9/856.0
2026-04-07 13:13:19 | INFO | [Round 17] Epoch 15/80 time=00:00.64 avg=00:00.58 ETA=00:37.87 | GPU MB alloc/reserved=69.9/856.0
2026-04-07 13:13:20 | INFO | [Round 17] epoch=16/80 loss=1.4957 acc=44.32 val_acc=nan data_t=0.0016s batch_t=0.0308s epoch_t=00:00.58 lr=0.000905 | GPU MB alloc/reserved=69.9/856.0
2026-04-07 13:13:20 | INFO | [Round 17] Epoch 16/80 time=00:00.58 avg=00:00.58 ETA=00:37.29 | GPU MB alloc/reserved=69.9/856.0
2026-04-07 13:13:20 | INFO | [Round 17] epoch=17/80 loss=1.5083 acc=44.23 val_acc=nan data_t=0.0018s batch_t=0.0153s epoch_t=00:00.31 lr=0.000894 | GPU MB alloc/reserved=69.9/856.0
2026-04-07 13:13:20 | INFO | [Round 17] Epoch 17/80 time=00:00.31 avg=00:00.57 ETA=00:35.69 | GPU MB alloc/reserved=69.9/856.0
2026-04-07 13:13:21 | INFO | [Round 17] epoch=18/80 loss=1.4837 acc=45.18 val_acc=nan data_t=0.0016s batch_t=0.0341s epoch_t=00:00.64 lr=0.000881 | GPU MB alloc/reserved=69.9/856.0
2026-04-07 13:13:21 | INFO | [Round 17] Epoch 18/80 time=00:00.64 avg=00:00.57 ETA=00:35.38 | GPU MB alloc/reserved=69.9/856.0
2026-04-07 13:13:21 | INFO | [Round 17] epoch=19/80 loss=1.4731 acc=44.18 val_acc=nan data_t=0.0016s batch_t=0.0341s epoch_t=00:00.64 lr=0.000868 | GPU MB alloc/reserved=69.9/856.0
2026-04-07 13:13:21 | INFO | [Round 17] Epoch 19/80 time=00:00.64 avg=00:00.57 ETA=00:35.04 | GPU MB alloc/reserved=69.9/856.0
2026-04-07 13:13:22 | INFO | [Round 17] epoch=20/80 loss=1.4107 acc=46.32 val_acc=nan data_t=0.0016s batch_t=0.0342s epoch_t=00:00.64 lr=0.000855 | GPU MB alloc/reserved=69.9/856.0
2026-04-07 13:13:22 | INFO | [Round 17] Epoch 20/80 time=00:00.64 avg=00:00.58 ETA=00:34.68 | GPU MB alloc/reserved=69.9/856.0
2026-04-07 13:13:22 | INFO | [Round 17] epoch=21/80 loss=1.3954 acc=47.91 val_acc=nan data_t=0.0016s batch_t=0.0141s epoch_t=00:00.28 lr=0.000841 | GPU MB alloc/reserved=69.9/856.0
2026-04-07 13:13:22 | INFO | [Round 17] Epoch 21/80 time=00:00.28 avg=00:00.56 ETA=00:33.27 | GPU MB alloc/reserved=69.9/856.0
2026-04-07 13:13:23 | INFO | [Round 17] epoch=22/80 loss=1.3778 acc=48.68 val_acc=nan data_t=0.0018s batch_t=0.0330s epoch_t=00:00.63 lr=0.000826 | GPU MB alloc/reserved=69.9/856.0
2026-04-07 13:13:23 | INFO | [Round 17] Epoch 22/80 time=00:00.63 avg=00:00.57 ETA=00:32.87 | GPU MB alloc/reserved=69.9/856.0
2026-04-07 13:13:23 | INFO | [Round 17] epoch=23/80 loss=1.3621 acc=48.55 val_acc=nan data_t=0.0025s batch_t=0.0341s epoch_t=00:00.66 lr=0.000811 | GPU MB alloc/reserved=69.9/856.0
2026-04-07 13:13:23 | INFO | [Round 17] Epoch 23/80 time=00:00.66 avg=00:00.57 ETA=00:32.53 | GPU MB alloc/reserved=69.9/856.0
2026-04-07 13:13:24 | INFO | [Round 17] epoch=24/80 loss=1.3217 acc=50.86 val_acc=nan data_t=0.0016s batch_t=0.0340s epoch_t=00:00.64 lr=0.000796 | GPU MB alloc/reserved=69.9/856.0
2026-04-07 13:13:24 | INFO | [Round 17] Epoch 24/80 time=00:00.64 avg=00:00.57 ETA=00:32.12 | GPU MB alloc/reserved=69.9/856.0
2026-04-07 13:13:25 | INFO | [Round 17] epoch=25/80 loss=1.3407 acc=49.00 val_acc=nan data_t=0.0019s batch_t=0.0216s epoch_t=00:00.42 lr=0.000780 | GPU MB alloc/reserved=69.9/856.0
2026-04-07 13:13:25 | INFO | [Round 17] Epoch 25/80 time=00:00.42 avg=00:00.57 ETA=00:31.22 | GPU MB alloc/reserved=69.9/856.0
2026-04-07 13:13:25 | INFO | [Round 17] epoch=26/80 loss=1.2982 acc=50.86 val_acc=nan data_t=0.0016s batch_t=0.0214s epoch_t=00:00.42 lr=0.000764 | GPU MB alloc/reserved=69.9/856.0
2026-04-07 13:13:25 | INFO | [Round 17] Epoch 26/80 time=00:00.42 avg=00:00.56 ETA=00:30.34 | GPU MB alloc/reserved=69.9/856.0
2026-04-07 13:13:26 | INFO | [Round 17] epoch=27/80 loss=1.2937 acc=51.09 val_acc=nan data_t=0.0015s batch_t=0.0341s epoch_t=00:00.64 lr=0.000747 | GPU MB alloc/reserved=69.9/856.0
2026-04-07 13:13:26 | INFO | [Round 17] Epoch 27/80 time=00:00.64 avg=00:00.56 ETA=00:29.93 | GPU MB alloc/reserved=69.9/856.0
2026-04-07 13:13:26 | INFO | [Round 17] epoch=28/80 loss=1.2886 acc=50.77 val_acc=nan data_t=0.0017s batch_t=0.0341s epoch_t=00:00.64 lr=0.000730 | GPU MB alloc/reserved=69.9/856.0
2026-04-07 13:13:26 | INFO | [Round 17] Epoch 28/80 time=00:00.64 avg=00:00.57 ETA=00:29.51 | GPU MB alloc/reserved=69.9/856.0
2026-04-07 13:13:27 | INFO | [Round 17] epoch=29/80 loss=1.2618 acc=51.91 val_acc=nan data_t=0.0016s batch_t=0.0341s epoch_t=00:00.64 lr=0.000712 | GPU MB alloc/reserved=69.9/856.0
2026-04-07 13:13:27 | INFO | [Round 17] Epoch 29/80 time=00:00.64 avg=00:00.57 ETA=00:29.08 | GPU MB alloc/reserved=69.9/856.0
2026-04-07 13:13:27 | INFO | [Round 17] epoch=30/80 loss=1.2292 acc=53.50 val_acc=nan data_t=0.0018s batch_t=0.0145s epoch_t=00:00.29 lr=0.000694 | GPU MB alloc/reserved=69.9/856.0
2026-04-07 13:13:27 | INFO | [Round 17] Epoch 30/80 time=00:00.29 avg=00:00.56 ETA=00:28.04 | GPU MB alloc/reserved=69.9/856.0
2026-04-07 13:13:28 | INFO | [Round 17] epoch=31/80 loss=1.2290 acc=54.18 val_acc=nan data_t=0.0015s batch_t=0.0341s epoch_t=00:00.64 lr=0.000676 | GPU MB alloc/reserved=69.9/856.0
2026-04-07 13:13:28 | INFO | [Round 17] Epoch 31/80 time=00:00.64 avg=00:00.56 ETA=00:27.61 | GPU MB alloc/reserved=69.9/856.0
2026-04-07 13:13:28 | INFO | [Round 17] epoch=32/80 loss=1.2169 acc=54.23 val_acc=nan data_t=0.0016s batch_t=0.0341s epoch_t=00:00.64 lr=0.000658 | GPU MB alloc/reserved=69.9/856.0
2026-04-07 13:13:28 | INFO | [Round 17] Epoch 32/80 time=00:00.64 avg=00:00.57 ETA=00:27.17 | GPU MB alloc/reserved=69.9/856.0
2026-04-07 13:13:29 | INFO | [Round 17] epoch=33/80 loss=1.1981 acc=55.32 val_acc=nan data_t=0.0016s batch_t=0.0342s epoch_t=00:00.65 lr=0.000639 | GPU MB alloc/reserved=69.9/856.0
2026-04-07 13:13:29 | INFO | [Round 17] Epoch 33/80 time=00:00.65 avg=00:00.57 ETA=00:26.71 | GPU MB alloc/reserved=69.9/856.0
2026-04-07 13:13:29 | INFO | [Round 17] epoch=34/80 loss=1.1595 acc=56.91 val_acc=nan data_t=0.0016s batch_t=0.0154s epoch_t=00:00.31 lr=0.000621 | GPU MB alloc/reserved=69.9/856.0
2026-04-07 13:13:29 | INFO | [Round 17] Epoch 34/80 time=00:00.31 avg=00:00.56 ETA=00:25.79 | GPU MB alloc/reserved=69.9/856.0
2026-04-07 13:13:30 | INFO | [Round 17] epoch=35/80 loss=1.1688 acc=56.00 val_acc=nan data_t=0.0026s batch_t=0.0332s epoch_t=00:00.64 lr=0.000602 | GPU MB alloc/reserved=69.9/856.0
2026-04-07 13:13:30 | INFO | [Round 17] Epoch 35/80 time=00:00.64 avg=00:00.56 ETA=00:25.34 | GPU MB alloc/reserved=69.9/856.0
2026-04-07 13:13:31 | INFO | [Round 17] epoch=36/80 loss=1.1758 acc=56.23 val_acc=nan data_t=0.0016s batch_t=0.0341s epoch_t=00:00.64 lr=0.000582 | GPU MB alloc/reserved=69.9/856.0
2026-04-07 13:13:31 | INFO | [Round 17] Epoch 36/80 time=00:00.64 avg=00:00.57 ETA=00:24.87 | GPU MB alloc/reserved=69.9/856.0
2026-04-07 13:13:31 | INFO | [Round 17] epoch=37/80 loss=1.1270 acc=57.41 val_acc=nan data_t=0.0017s batch_t=0.0340s epoch_t=00:00.64 lr=0.000563 | GPU MB alloc/reserved=69.9/856.0
2026-04-07 13:13:31 | INFO | [Round 17] Epoch 37/80 time=00:00.64 avg=00:00.57 ETA=00:24.40 | GPU MB alloc/reserved=69.9/856.0
2026-04-07 13:13:32 | INFO | [Round 17] epoch=38/80 loss=1.1494 acc=56.50 val_acc=nan data_t=0.0016s batch_t=0.0233s epoch_t=00:00.45 lr=0.000544 | GPU MB alloc/reserved=69.9/856.0
2026-04-07 13:13:32 | INFO | [Round 17] Epoch 38/80 time=00:00.45 avg=00:00.56 ETA=00:23.70 | GPU MB alloc/reserved=69.9/856.0
2026-04-07 13:13:32 | INFO | [Round 17] epoch=39/80 loss=1.0955 acc=58.73 val_acc=nan data_t=0.0020s batch_t=0.0249s epoch_t=00:00.48 lr=0.000524 | GPU MB alloc/reserved=69.9/856.0
2026-04-07 13:13:32 | INFO | [Round 17] Epoch 39/80 time=00:00.48 avg=00:00.56 ETA=00:23.05 | GPU MB alloc/reserved=69.9/856.0
2026-04-07 13:13:33 | INFO | [Round 17] epoch=40/80 loss=1.0959 acc=59.59 val_acc=nan data_t=0.0027s batch_t=0.0340s epoch_t=00:00.66 lr=0.000505 | GPU MB alloc/reserved=69.9/856.0
2026-04-07 13:13:33 | INFO | [Round 17] Epoch 40/80 time=00:00.66 avg=00:00.56 ETA=00:22.59 | GPU MB alloc/reserved=69.9/856.0
2026-04-07 13:13:34 | INFO | [Round 17] epoch=41/80 loss=1.0906 acc=58.36 val_acc=nan data_t=0.0018s batch_t=0.0341s epoch_t=00:00.65 lr=0.000486 | GPU MB alloc/reserved=69.9/856.0
2026-04-07 13:13:34 | INFO | [Round 17] Epoch 41/80 time=00:00.65 avg=00:00.57 ETA=00:22.10 | GPU MB alloc/reserved=69.9/856.0
2026-04-07 13:13:34 | INFO | [Round 17] epoch=42/80 loss=1.1073 acc=58.09 val_acc=nan data_t=0.0016s batch_t=0.0323s epoch_t=00:00.61 lr=0.000466 | GPU MB alloc/reserved=69.9/856.0
2026-04-07 13:13:34 | INFO | [Round 17] Epoch 42/80 time=00:00.61 avg=00:00.57 ETA=00:21.57 | GPU MB alloc/reserved=69.9/856.0
2026-04-07 13:13:34 | INFO | [Round 17] epoch=43/80 loss=1.0514 acc=60.36 val_acc=nan data_t=0.0019s batch_t=0.0118s epoch_t=00:00.25 lr=0.000447 | GPU MB alloc/reserved=69.9/856.0
2026-04-07 13:13:34 | INFO | [Round 17] Epoch 43/80 time=00:00.25 avg=00:00.56 ETA=00:20.73 | GPU MB alloc/reserved=69.9/856.0
2026-04-07 13:13:35 | INFO | [Round 17] epoch=44/80 loss=1.0375 acc=61.05 val_acc=nan data_t=0.0015s batch_t=0.0341s epoch_t=00:00.64 lr=0.000428 | GPU MB alloc/reserved=69.9/856.0
2026-04-07 13:13:35 | INFO | [Round 17] Epoch 44/80 time=00:00.64 avg=00:00.56 ETA=00:20.23 | GPU MB alloc/reserved=69.9/856.0
2026-04-07 13:13:36 | INFO | [Round 17] epoch=45/80 loss=1.0088 acc=62.00 val_acc=nan data_t=0.0015s batch_t=0.0341s epoch_t=00:00.64 lr=0.000408 | GPU MB alloc/reserved=69.9/856.0
2026-04-07 13:13:36 | INFO | [Round 17] Epoch 45/80 time=00:00.64 avg=00:00.56 ETA=00:19.73 | GPU MB alloc/reserved=69.9/856.0
2026-04-07 13:13:36 | INFO | [Round 17] epoch=46/80 loss=0.9893 acc=62.14 val_acc=nan data_t=0.0016s batch_t=0.0341s epoch_t=00:00.64 lr=0.000389 | GPU MB alloc/reserved=69.9/856.0
2026-04-07 13:13:36 | INFO | [Round 17] Epoch 46/80 time=00:00.64 avg=00:00.57 ETA=00:19.23 | GPU MB alloc/reserved=69.9/856.0
2026-04-07 13:13:37 | INFO | [Round 17] epoch=47/80 loss=1.0258 acc=61.18 val_acc=nan data_t=0.0016s batch_t=0.0189s epoch_t=00:00.37 lr=0.000371 | GPU MB alloc/reserved=69.9/856.0
2026-04-07 13:13:37 | INFO | [Round 17] Epoch 47/80 time=00:00.37 avg=00:00.56 ETA=00:18.53 | GPU MB alloc/reserved=69.9/856.0
2026-04-07 13:13:37 | INFO | [Round 17] epoch=48/80 loss=0.9793 acc=64.27 val_acc=nan data_t=0.0015s batch_t=0.0259s epoch_t=00:00.49 lr=0.000352 | GPU MB alloc/reserved=69.9/856.0
2026-04-07 13:13:37 | INFO | [Round 17] Epoch 48/80 time=00:00.49 avg=00:00.56 ETA=00:17.92 | GPU MB alloc/reserved=69.9/856.0
2026-04-07 13:13:38 | INFO | [Round 17] epoch=49/80 loss=0.9657 acc=63.55 val_acc=nan data_t=0.0016s batch_t=0.0341s epoch_t=00:00.64 lr=0.000334 | GPU MB alloc/reserved=69.9/856.0
2026-04-07 13:13:38 | INFO | [Round 17] Epoch 49/80 time=00:00.64 avg=00:00.56 ETA=00:17.41 | GPU MB alloc/reserved=69.9/856.0
2026-04-07 13:13:39 | INFO | [Round 17] epoch=50/80 loss=0.9685 acc=63.41 val_acc=nan data_t=0.0017s batch_t=0.0341s epoch_t=00:00.64 lr=0.000316 | GPU MB alloc/reserved=69.9/856.0
2026-04-07 13:13:39 | INFO | [Round 17] Epoch 50/80 time=00:00.64 avg=00:00.56 ETA=00:16.90 | GPU MB alloc/reserved=69.9/856.0
2026-04-07 13:13:39 | INFO | [Round 17] epoch=51/80 loss=0.9237 acc=65.50 val_acc=nan data_t=0.0016s batch_t=0.0322s epoch_t=00:00.61 lr=0.000298 | GPU MB alloc/reserved=69.9/856.0
2026-04-07 13:13:39 | INFO | [Round 17] Epoch 51/80 time=00:00.61 avg=00:00.56 ETA=00:16.36 | GPU MB alloc/reserved=69.9/856.0
2026-04-07 13:13:39 | INFO | [Round 17] epoch=52/80 loss=0.9382 acc=64.73 val_acc=nan data_t=0.0023s batch_t=0.0145s epoch_t=00:00.30 lr=0.000280 | GPU MB alloc/reserved=69.9/856.0
2026-04-07 13:13:39 | INFO | [Round 17] Epoch 52/80 time=00:00.30 avg=00:00.56 ETA=00:15.66 | GPU MB alloc/reserved=69.9/856.0
2026-04-07 13:13:40 | INFO | [Round 17] epoch=53/80 loss=0.9418 acc=64.14 val_acc=nan data_t=0.0018s batch_t=0.0340s epoch_t=00:00.65 lr=0.000263 | GPU MB alloc/reserved=69.9/856.0
2026-04-07 13:13:40 | INFO | [Round 17] Epoch 53/80 time=00:00.65 avg=00:00.56 ETA=00:15.14 | GPU MB alloc/reserved=69.9/856.0
2026-04-07 13:13:41 | INFO | [Round 17] epoch=54/80 loss=0.9070 acc=66.36 val_acc=nan data_t=0.0017s batch_t=0.0341s epoch_t=00:00.64 lr=0.000246 | GPU MB alloc/reserved=69.9/856.0
2026-04-07 13:13:41 | INFO | [Round 17] Epoch 54/80 time=00:00.64 avg=00:00.56 ETA=00:14.62 | GPU MB alloc/reserved=69.9/856.0
2026-04-07 13:13:41 | INFO | [Round 17] epoch=55/80 loss=0.9265 acc=65.27 val_acc=nan data_t=0.0016s batch_t=0.0341s epoch_t=00:00.64 lr=0.000230 | GPU MB alloc/reserved=69.9/856.0
2026-04-07 13:13:41 | INFO | [Round 17] Epoch 55/80 time=00:00.64 avg=00:00.56 ETA=00:14.09 | GPU MB alloc/reserved=69.9/856.0
2026-04-07 13:13:42 | INFO | [Round 17] epoch=56/80 loss=0.8827 acc=66.50 val_acc=nan data_t=0.0016s batch_t=0.0165s epoch_t=00:00.33 lr=0.000214 | GPU MB alloc/reserved=69.9/856.0
2026-04-07 13:13:42 | INFO | [Round 17] Epoch 56/80 time=00:00.33 avg=00:00.56 ETA=00:13.43 | GPU MB alloc/reserved=69.9/856.0
2026-04-07 13:13:42 | INFO | [Round 17] epoch=57/80 loss=0.8543 acc=67.36 val_acc=nan data_t=0.0015s batch_t=0.0295s epoch_t=00:00.56 lr=0.000199 | GPU MB alloc/reserved=69.9/856.0
2026-04-07 13:13:42 | INFO | [Round 17] Epoch 57/80 time=00:00.56 avg=00:00.56 ETA=00:12.87 | GPU MB alloc/reserved=69.9/856.0
2026-04-07 13:13:43 | INFO | [Round 17] epoch=58/80 loss=0.8715 acc=67.45 val_acc=nan data_t=0.0018s batch_t=0.0341s epoch_t=00:00.65 lr=0.000184 | GPU MB alloc/reserved=69.9/856.0
2026-04-07 13:13:43 | INFO | [Round 17] Epoch 58/80 time=00:00.65 avg=00:00.56 ETA=00:12.34 | GPU MB alloc/reserved=69.9/856.0
2026-04-07 13:13:44 | INFO | [Round 17] epoch=59/80 loss=0.8598 acc=68.59 val_acc=nan data_t=0.0026s batch_t=0.0343s epoch_t=00:00.66 lr=0.000169 | GPU MB alloc/reserved=69.9/856.0
2026-04-07 13:13:44 | INFO | [Round 17] Epoch 59/80 time=00:00.66 avg=00:00.56 ETA=00:11.82 | GPU MB alloc/reserved=69.9/856.0
2026-04-07 13:13:44 | INFO | [Round 17] epoch=60/80 loss=0.8683 acc=67.64 val_acc=nan data_t=0.0023s batch_t=0.0272s epoch_t=00:00.53 lr=0.000155 | GPU MB alloc/reserved=69.9/856.0
2026-04-07 13:13:44 | INFO | [Round 17] Epoch 60/80 time=00:00.53 avg=00:00.56 ETA=00:11.24 | GPU MB alloc/reserved=69.9/856.0
2026-04-07 13:13:44 | INFO | [Round 17] epoch=61/80 loss=0.8570 acc=67.95 val_acc=nan data_t=0.0016s batch_t=0.0177s epoch_t=00:00.35 lr=0.000142 | GPU MB alloc/reserved=69.9/856.0
2026-04-07 13:13:44 | INFO | [Round 17] Epoch 61/80 time=00:00.35 avg=00:00.56 ETA=00:10.61 | GPU MB alloc/reserved=69.9/856.0
2026-04-07 13:13:45 | INFO | [Round 17] epoch=62/80 loss=0.8205 acc=69.27 val_acc=nan data_t=0.0015s batch_t=0.0341s epoch_t=00:00.64 lr=0.000129 | GPU MB alloc/reserved=69.9/856.0
2026-04-07 13:13:45 | INFO | [Round 17] Epoch 62/80 time=00:00.64 avg=00:00.56 ETA=00:10.08 | GPU MB alloc/reserved=69.9/856.0
2026-04-07 13:13:46 | INFO | [Round 17] epoch=63/80 loss=0.8237 acc=68.91 val_acc=nan data_t=0.0016s batch_t=0.0342s epoch_t=00:00.64 lr=0.000116 | GPU MB alloc/reserved=69.9/856.0
2026-04-07 13:13:46 | INFO | [Round 17] Epoch 63/80 time=00:00.64 avg=00:00.56 ETA=00:09.54 | GPU MB alloc/reserved=69.9/856.0
2026-04-07 13:13:46 | INFO | [Round 17] epoch=64/80 loss=0.8173 acc=69.09 val_acc=nan data_t=0.0019s batch_t=0.0341s epoch_t=00:00.65 lr=0.000105 | GPU MB alloc/reserved=69.9/856.0
2026-04-07 13:13:46 | INFO | [Round 17] Epoch 64/80 time=00:00.65 avg=00:00.56 ETA=00:09.00 | GPU MB alloc/reserved=69.9/856.0
2026-04-07 13:13:47 | INFO | [Round 17] epoch=65/80 loss=0.8219 acc=68.86 val_acc=nan data_t=0.0028s batch_t=0.0115s epoch_t=00:00.26 lr=0.000093 | GPU MB alloc/reserved=69.9/856.0
2026-04-07 13:13:47 | INFO | [Round 17] Epoch 65/80 time=00:00.26 avg=00:00.56 ETA=00:08.37 | GPU MB alloc/reserved=69.9/856.0
2026-04-07 13:13:47 | INFO | [Round 17] epoch=66/80 loss=0.8319 acc=68.73 val_acc=nan data_t=0.0021s batch_t=0.0329s epoch_t=00:00.63 lr=0.000083 | GPU MB alloc/reserved=69.9/856.0
2026-04-07 13:13:47 | INFO | [Round 17] Epoch 66/80 time=00:00.63 avg=00:00.56 ETA=00:07.83 | GPU MB alloc/reserved=69.9/856.0
2026-04-07 13:13:48 | INFO | [Round 17] epoch=67/80 loss=0.8100 acc=70.36 val_acc=nan data_t=0.0021s batch_t=0.0341s epoch_t=00:00.65 lr=0.000073 | GPU MB alloc/reserved=69.9/856.0
2026-04-07 13:13:48 | INFO | [Round 17] Epoch 67/80 time=00:00.65 avg=00:00.56 ETA=00:07.29 | GPU MB alloc/reserved=69.9/856.0
2026-04-07 13:13:49 | INFO | [Round 17] epoch=68/80 loss=0.8119 acc=69.73 val_acc=nan data_t=0.0025s batch_t=0.0343s epoch_t=00:00.66 lr=0.000064 | GPU MB alloc/reserved=69.9/856.0
2026-04-07 13:13:49 | INFO | [Round 17] Epoch 68/80 time=00:00.66 avg=00:00.56 ETA=00:06.74 | GPU MB alloc/reserved=69.9/856.0
2026-04-07 13:13:49 | INFO | [Round 17] epoch=69/80 loss=0.7970 acc=69.36 val_acc=nan data_t=0.0016s batch_t=0.0240s epoch_t=00:00.46 lr=0.000055 | GPU MB alloc/reserved=69.9/856.0
2026-04-07 13:13:49 | INFO | [Round 17] Epoch 69/80 time=00:00.46 avg=00:00.56 ETA=00:06.17 | GPU MB alloc/reserved=69.9/856.0
2026-04-07 13:13:49 | INFO | [Round 17] epoch=70/80 loss=0.7873 acc=71.00 val_acc=nan data_t=0.0016s batch_t=0.0224s epoch_t=00:00.43 lr=0.000048 | GPU MB alloc/reserved=69.9/856.0
2026-04-07 13:13:49 | INFO | [Round 17] Epoch 70/80 time=00:00.43 avg=00:00.56 ETA=00:05.59 | GPU MB alloc/reserved=69.9/856.0
2026-04-07 13:13:50 | INFO | [Round 17] epoch=71/80 loss=0.7960 acc=69.91 val_acc=nan data_t=0.0026s batch_t=0.0341s epoch_t=00:00.66 lr=0.000041 | GPU MB alloc/reserved=69.9/856.0
2026-04-07 13:13:50 | INFO | [Round 17] Epoch 71/80 time=00:00.66 avg=00:00.56 ETA=00:05.04 | GPU MB alloc/reserved=69.9/856.0
2026-04-07 13:13:51 | INFO | [Round 17] epoch=72/80 loss=0.7768 acc=70.68 val_acc=nan data_t=0.0019s batch_t=0.0344s epoch_t=00:00.65 lr=0.000034 | GPU MB alloc/reserved=69.9/856.0
2026-04-07 13:13:51 | INFO | [Round 17] Epoch 72/80 time=00:00.65 avg=00:00.56 ETA=00:04.49 | GPU MB alloc/reserved=69.9/856.0
2026-04-07 13:13:51 | INFO | [Round 17] epoch=73/80 loss=0.7927 acc=69.41 val_acc=nan data_t=0.0021s batch_t=0.0340s epoch_t=00:00.65 lr=0.000029 | GPU MB alloc/reserved=69.9/856.0
2026-04-07 13:13:51 | INFO | [Round 17] Epoch 73/80 time=00:00.65 avg=00:00.56 ETA=00:03.94 | GPU MB alloc/reserved=69.9/856.0
2026-04-07 13:13:52 | INFO | [Round 17] epoch=74/80 loss=0.7879 acc=70.41 val_acc=nan data_t=0.0030s batch_t=0.0145s epoch_t=00:00.31 lr=0.000024 | GPU MB alloc/reserved=69.9/856.0
2026-04-07 13:13:52 | INFO | [Round 17] Epoch 74/80 time=00:00.31 avg=00:00.56 ETA=00:03.36 | GPU MB alloc/reserved=69.9/856.0
2026-04-07 13:13:52 | INFO | [Round 17] epoch=75/80 loss=0.7688 acc=71.14 val_acc=nan data_t=0.0015s batch_t=0.0341s epoch_t=00:00.64 lr=0.000020 | GPU MB alloc/reserved=69.9/856.0
2026-04-07 13:13:52 | INFO | [Round 17] Epoch 75/80 time=00:00.64 avg=00:00.56 ETA=00:02.80 | GPU MB alloc/reserved=69.9/856.0
2026-04-07 13:13:53 | INFO | [Round 17] epoch=76/80 loss=0.7829 acc=69.86 val_acc=nan data_t=0.0021s batch_t=0.0340s epoch_t=00:00.65 lr=0.000016 | GPU MB alloc/reserved=69.9/856.0
2026-04-07 13:13:53 | INFO | [Round 17] Epoch 76/80 time=00:00.65 avg=00:00.56 ETA=00:02.25 | GPU MB alloc/reserved=69.9/856.0
2026-04-07 13:13:54 | INFO | [Round 17] epoch=77/80 loss=0.7804 acc=70.64 val_acc=nan data_t=0.0018s batch_t=0.0341s epoch_t=00:00.65 lr=0.000013 | GPU MB alloc/reserved=69.9/856.0
2026-04-07 13:13:54 | INFO | [Round 17] Epoch 77/80 time=00:00.65 avg=00:00.56 ETA=00:01.69 | GPU MB alloc/reserved=69.9/856.0
2026-04-07 13:13:54 | INFO | [Round 17] epoch=78/80 loss=0.7753 acc=70.41 val_acc=nan data_t=0.0017s batch_t=0.0161s epoch_t=00:00.32 lr=0.000012 | GPU MB alloc/reserved=69.9/856.0
2026-04-07 13:13:54 | INFO | [Round 17] Epoch 78/80 time=00:00.32 avg=00:00.56 ETA=00:01.12 | GPU MB alloc/reserved=69.9/856.0
2026-04-07 13:13:55 | INFO | [Round 17] epoch=79/80 loss=0.7811 acc=70.77 val_acc=nan data_t=0.0017s batch_t=0.0302s epoch_t=00:00.58 lr=0.000010 | GPU MB alloc/reserved=69.9/856.0
2026-04-07 13:13:55 | INFO | [Round 17] Epoch 79/80 time=00:00.58 avg=00:00.56 ETA=00:00.56 | GPU MB alloc/reserved=69.9/856.0
2026-04-07 13:13:55 | INFO | [Round 17] epoch=80/80 loss=0.7792 acc=71.64 val_acc=nan data_t=0.0016s batch_t=0.0340s epoch_t=00:00.64 lr=0.000010 | GPU MB alloc/reserved=69.9/856.0
2026-04-07 13:13:55 | INFO | [Round 17] Epoch 80/80 time=00:00.64 avg=00:00.56 ETA=00:00.00 | GPU MB alloc/reserved=69.9/856.0
2026-04-07 13:13:55 | INFO | [Round 17] training complete in 00:44.98 (best monitor=71.636) | GPU MB alloc/reserved=69.9/856.0
2026-04-07 13:13:55 | INFO | [Round 17] evaluation started | GPU MB alloc/reserved=52.0/856.0
2026-04-07 13:13:58 | INFO | [Round 17] clean=60.16 fgsm=50.12 pgd=49.87 grad_disp_mean=nan grad_disp_sel=nan round_t=48.76s | GPU MB alloc/reserved=52.0/856.0
2026-04-07 13:13:58 | INFO | [Round 18/21] elapsed=00:48.76 avg_round=00:33.59 projected_remaining=01:40.78 | GPU MB alloc/reserved=52.0/856.0
2026-04-07 13:13:59 | INFO | [Round 18] acquisition on pool_size=47800 scored_pool=5000 budget=100 | GPU MB alloc/reserved=34.1/856.0
2026-04-07 13:13:59 | INFO | [CoreSet-unlabeled-feat] scoring progress 10/20 elapsed=00:00.23 avg/batch=0.023s ETA=00:00.23 | GPU MB alloc/reserved=40.6/856.0
2026-04-07 13:13:59 | INFO | [CoreSet-unlabeled-feat] scoring progress 20/20 elapsed=00:00.25 avg/batch=0.013s ETA=00:00.00 | GPU MB alloc/reserved=40.6/856.0
2026-04-07 13:13:59 | INFO | [CoreSet-labeled-feat] scoring progress 9/9 elapsed=00:00.21 avg/batch=0.023s ETA=00:00.00 | GPU MB alloc/reserved=42.9/856.0
2026-04-07 13:13:59 | INFO | [CoreSet] greedy 10/100 cover_radius=24.726116 | GPU: n/a
2026-04-07 13:13:59 | INFO | [CoreSet] greedy 20/100 cover_radius=23.991392 | GPU: n/a
2026-04-07 13:14:00 | INFO | [CoreSet] greedy 30/100 cover_radius=23.487177 | GPU: n/a
2026-04-07 13:14:00 | INFO | [CoreSet] greedy 40/100 cover_radius=22.941204 | GPU: n/a
2026-04-07 13:14:00 | INFO | [CoreSet] greedy 50/100 cover_radius=22.562521 | GPU: n/a
2026-04-07 13:14:00 | INFO | [CoreSet] greedy 60/100 cover_radius=22.381590 | GPU: n/a
2026-04-07 13:14:00 | INFO | [CoreSet] greedy 70/100 cover_radius=22.046963 | GPU: n/a
2026-04-07 13:14:00 | INFO | [CoreSet] greedy 80/100 cover_radius=21.851622 | GPU: n/a
2026-04-07 13:14:00 | INFO | [CoreSet] greedy 90/100 cover_radius=21.701128 | GPU: n/a
2026-04-07 13:14:00 | INFO | [CoreSet] greedy 100/100 cover_radius=21.498070 | GPU: n/a
2026-04-07 13:14:01 | INFO | [Round 18] labeled=2300 train=2300 val_fixed=0 | GPU MB alloc/reserved=43.1/856.0
2026-04-07 13:14:01 | INFO | [Round 18] epoch=1/80 loss=4.3781 acc=19.22 val_acc=nan data_t=0.0095s batch_t=0.0100s epoch_t=00:00.35 lr=0.001000 | GPU MB alloc/reserved=69.9/856.0
2026-04-07 13:14:01 | INFO | [Round 18] Epoch 1/80 time=00:00.35 avg=00:00.35 ETA=00:27.68 | GPU MB alloc/reserved=69.9/856.0
2026-04-07 13:14:02 | INFO | [Round 18] epoch=2/80 loss=2.0373 acc=26.57 val_acc=nan data_t=0.0019s batch_t=0.0343s epoch_t=00:00.65 lr=0.000998 | GPU MB alloc/reserved=69.9/856.0
2026-04-07 13:14:02 | INFO | [Round 18] Epoch 2/80 time=00:00.65 avg=00:00.50 ETA=00:39.08 | GPU MB alloc/reserved=69.9/856.0
2026-04-07 13:14:02 | INFO | [Round 18] epoch=3/80 loss=1.9248 acc=29.04 val_acc=nan data_t=0.0017s batch_t=0.0345s epoch_t=00:00.65 lr=0.000997 | GPU MB alloc/reserved=69.9/856.0
2026-04-07 13:14:02 | INFO | [Round 18] Epoch 3/80 time=00:00.65 avg=00:00.55 ETA=00:42.46 | GPU MB alloc/reserved=69.9/856.0
2026-04-07 13:14:03 | INFO | [Round 18] epoch=4/80 loss=1.8301 acc=33.26 val_acc=nan data_t=0.0016s batch_t=0.0343s epoch_t=00:00.65 lr=0.000994 | GPU MB alloc/reserved=69.9/856.0
2026-04-07 13:14:03 | INFO | [Round 18] Epoch 4/80 time=00:00.65 avg=00:00.57 ETA=00:43.70 | GPU MB alloc/reserved=69.9/856.0
2026-04-07 13:14:03 | INFO | [Round 18] epoch=5/80 loss=1.7831 acc=36.13 val_acc=nan data_t=0.0017s batch_t=0.0208s epoch_t=00:00.41 lr=0.000990 | GPU MB alloc/reserved=69.9/856.0
2026-04-07 13:14:03 | INFO | [Round 18] Epoch 5/80 time=00:00.41 avg=00:00.54 ETA=00:40.58 | GPU MB alloc/reserved=69.9/856.0
2026-04-07 13:14:04 | INFO | [Round 18] epoch=6/80 loss=1.7278 acc=35.22 val_acc=nan data_t=0.0020s batch_t=0.0290s epoch_t=00:00.56 lr=0.000986 | GPU MB alloc/reserved=69.9/856.0
2026-04-07 13:14:04 | INFO | [Round 18] Epoch 6/80 time=00:00.56 avg=00:00.54 ETA=00:40.24 | GPU MB alloc/reserved=69.9/856.0
2026-04-07 13:14:05 | INFO | [Round 18] epoch=7/80 loss=1.6773 acc=36.78 val_acc=nan data_t=0.0018s batch_t=0.0343s epoch_t=00:00.65 lr=0.000981 | GPU MB alloc/reserved=69.9/856.0
2026-04-07 13:14:05 | INFO | [Round 18] Epoch 7/80 time=00:00.65 avg=00:00.56 ETA=00:40.78 | GPU MB alloc/reserved=69.9/856.0
2026-04-07 13:14:05 | INFO | [Round 18] epoch=8/80 loss=1.6605 acc=39.13 val_acc=nan data_t=0.0017s batch_t=0.0342s epoch_t=00:00.65 lr=0.000976 | GPU MB alloc/reserved=69.9/856.0
2026-04-07 13:14:05 | INFO | [Round 18] Epoch 8/80 time=00:00.65 avg=00:00.57 ETA=00:41.02 | GPU MB alloc/reserved=69.9/856.0
2026-04-07 13:14:06 | INFO | [Round 18] epoch=9/80 loss=1.6179 acc=39.65 val_acc=nan data_t=0.0016s batch_t=0.0296s epoch_t=00:00.56 lr=0.000969 | GPU MB alloc/reserved=69.9/856.0
2026-04-07 13:14:06 | INFO | [Round 18] Epoch 9/80 time=00:00.56 avg=00:00.57 ETA=00:40.39 | GPU MB alloc/reserved=69.9/856.0
2026-04-07 13:14:06 | INFO | [Round 18] epoch=10/80 loss=1.5751 acc=41.13 val_acc=nan data_t=0.0024s batch_t=0.0194s epoch_t=00:00.39 lr=0.000962 | GPU MB alloc/reserved=69.9/856.0
2026-04-07 13:14:06 | INFO | [Round 18] Epoch 10/80 time=00:00.39 avg=00:00.55 ETA=00:38.59 | GPU MB alloc/reserved=69.9/856.0
2026-04-07 13:14:07 | INFO | [Round 18] epoch=11/80 loss=1.5550 acc=41.48 val_acc=nan data_t=0.0015s batch_t=0.0343s epoch_t=00:00.64 lr=0.000955 | GPU MB alloc/reserved=69.9/856.0
2026-04-07 13:14:07 | INFO | [Round 18] Epoch 11/80 time=00:00.64 avg=00:00.56 ETA=00:38.63 | GPU MB alloc/reserved=69.9/856.0
2026-04-07 13:14:07 | INFO | [Round 18] epoch=12/80 loss=1.5299 acc=42.70 val_acc=nan data_t=0.0016s batch_t=0.0343s epoch_t=00:00.64 lr=0.000946 | GPU MB alloc/reserved=69.9/856.0
2026-04-07 13:14:07 | INFO | [Round 18] Epoch 12/80 time=00:00.64 avg=00:00.57 ETA=00:38.55 | GPU MB alloc/reserved=69.9/856.0
2026-04-07 13:14:08 | INFO | [Round 18] epoch=13/80 loss=1.4803 acc=44.17 val_acc=nan data_t=0.0016s batch_t=0.0344s epoch_t=00:00.65 lr=0.000937 | GPU MB alloc/reserved=69.9/856.0
2026-04-07 13:14:08 | INFO | [Round 18] Epoch 13/80 time=00:00.65 avg=00:00.57 ETA=00:38.40 | GPU MB alloc/reserved=69.9/856.0
2026-04-07 13:14:08 | INFO | [Round 18] epoch=14/80 loss=1.4776 acc=44.26 val_acc=nan data_t=0.0018s batch_t=0.0121s epoch_t=00:00.25 lr=0.000927 | GPU MB alloc/reserved=69.9/856.0
2026-04-07 13:14:08 | INFO | [Round 18] Epoch 14/80 time=00:00.25 avg=00:00.55 ETA=00:36.30 | GPU MB alloc/reserved=69.9/856.0
2026-04-07 13:14:09 | INFO | [Round 18] epoch=15/80 loss=1.4531 acc=45.65 val_acc=nan data_t=0.0027s batch_t=0.0089s epoch_t=00:00.21 lr=0.000917 | GPU MB alloc/reserved=69.9/856.0
2026-04-07 13:14:09 | INFO | [Round 18] Epoch 15/80 time=00:00.21 avg=00:00.53 ETA=00:34.27 | GPU MB alloc/reserved=69.9/856.0
2026-04-07 13:14:09 | INFO | [Round 18] epoch=16/80 loss=1.4329 acc=46.70 val_acc=nan data_t=0.0023s batch_t=0.0343s epoch_t=00:00.66 lr=0.000905 | GPU MB alloc/reserved=69.9/856.0
2026-04-07 13:14:09 | INFO | [Round 18] Epoch 16/80 time=00:00.66 avg=00:00.54 ETA=00:34.28 | GPU MB alloc/reserved=69.9/856.0
2026-04-07 13:14:10 | INFO | [Round 18] epoch=17/80 loss=1.4061 acc=47.30 val_acc=nan data_t=0.0018s batch_t=0.0344s epoch_t=00:00.65 lr=0.000894 | GPU MB alloc/reserved=69.9/856.0
2026-04-07 13:14:10 | INFO | [Round 18] Epoch 17/80 time=00:00.65 avg=00:00.54 ETA=00:34.17 | GPU MB alloc/reserved=69.9/856.0
2026-04-07 13:14:10 | INFO | [Round 18] epoch=18/80 loss=1.3738 acc=48.83 val_acc=nan data_t=0.0016s batch_t=0.0344s epoch_t=00:00.65 lr=0.000881 | GPU MB alloc/reserved=69.9/856.0
2026-04-07 13:14:10 | INFO | [Round 18] Epoch 18/80 time=00:00.65 avg=00:00.55 ETA=00:33.99 | GPU MB alloc/reserved=69.9/856.0
2026-04-07 13:14:11 | INFO | [Round 18] epoch=19/80 loss=1.3373 acc=49.09 val_acc=nan data_t=0.0016s batch_t=0.0238s epoch_t=00:00.46 lr=0.000868 | GPU MB alloc/reserved=69.9/856.0
2026-04-07 13:14:11 | INFO | [Round 18] Epoch 19/80 time=00:00.46 avg=00:00.54 ETA=00:33.15 | GPU MB alloc/reserved=69.9/856.0
2026-04-07 13:14:11 | INFO | [Round 18] epoch=20/80 loss=1.3072 acc=50.87 val_acc=nan data_t=0.0017s batch_t=0.0250s epoch_t=00:00.48 lr=0.000855 | GPU MB alloc/reserved=69.9/856.0
2026-04-07 13:14:11 | INFO | [Round 18] Epoch 20/80 time=00:00.48 avg=00:00.54 ETA=00:32.42 | GPU MB alloc/reserved=69.9/856.0
2026-04-07 13:14:12 | INFO | [Round 18] epoch=21/80 loss=1.3339 acc=48.30 val_acc=nan data_t=0.0018s batch_t=0.0343s epoch_t=00:00.65 lr=0.000841 | GPU MB alloc/reserved=69.9/856.0
2026-04-07 13:14:12 | INFO | [Round 18] Epoch 21/80 time=00:00.65 avg=00:00.55 ETA=00:32.18 | GPU MB alloc/reserved=69.9/856.0
2026-04-07 13:14:13 | INFO | [Round 18] epoch=22/80 loss=1.2802 acc=51.04 val_acc=nan data_t=0.0018s batch_t=0.0343s epoch_t=00:00.65 lr=0.000826 | GPU MB alloc/reserved=69.9/856.0
2026-04-07 13:14:13 | INFO | [Round 18] Epoch 22/80 time=00:00.65 avg=00:00.55 ETA=00:31.91 | GPU MB alloc/reserved=69.9/856.0
2026-04-07 13:14:13 | INFO | [Round 18] epoch=23/80 loss=1.2744 acc=51.39 val_acc=nan data_t=0.0022s batch_t=0.0327s epoch_t=00:00.63 lr=0.000811 | GPU MB alloc/reserved=69.9/856.0
2026-04-07 13:14:13 | INFO | [Round 18] Epoch 23/80 time=00:00.63 avg=00:00.55 ETA=00:31.55 | GPU MB alloc/reserved=69.9/856.0
2026-04-07 13:14:14 | INFO | [Round 18] epoch=24/80 loss=1.2692 acc=52.52 val_acc=nan data_t=0.0018s batch_t=0.0174s epoch_t=00:00.35 lr=0.000796 | GPU MB alloc/reserved=69.9/856.0
2026-04-07 13:14:14 | INFO | [Round 18] Epoch 24/80 time=00:00.35 avg=00:00.54 ETA=00:30.51 | GPU MB alloc/reserved=69.9/856.0
2026-04-07 13:14:14 | INFO | [Round 18] epoch=25/80 loss=1.2288 acc=54.39 val_acc=nan data_t=0.0019s batch_t=0.0342s epoch_t=00:00.65 lr=0.000780 | GPU MB alloc/reserved=69.9/856.0
2026-04-07 13:14:14 | INFO | [Round 18] Epoch 25/80 time=00:00.65 avg=00:00.55 ETA=00:30.20 | GPU MB alloc/reserved=69.9/856.0
2026-04-07 13:14:15 | INFO | [Round 18] epoch=26/80 loss=1.2232 acc=53.96 val_acc=nan data_t=0.0016s batch_t=0.0344s epoch_t=00:00.65 lr=0.000764 | GPU MB alloc/reserved=69.9/856.0
2026-04-07 13:14:15 | INFO | [Round 18] Epoch 26/80 time=00:00.65 avg=00:00.55 ETA=00:29.86 | GPU MB alloc/reserved=69.9/856.0
2026-04-07 13:14:16 | INFO | [Round 18] epoch=27/80 loss=1.1848 acc=55.00 val_acc=nan data_t=0.0016s batch_t=0.0343s epoch_t=00:00.65 lr=0.000747 | GPU MB alloc/reserved=69.9/856.0
2026-04-07 13:14:16 | INFO | [Round 18] Epoch 27/80 time=00:00.65 avg=00:00.56 ETA=00:29.49 | GPU MB alloc/reserved=69.9/856.0
2026-04-07 13:14:16 | INFO | [Round 18] epoch=28/80 loss=1.1546 acc=55.87 val_acc=nan data_t=0.0017s batch_t=0.0150s epoch_t=00:00.30 lr=0.000730 | GPU MB alloc/reserved=69.9/856.0
2026-04-07 13:14:16 | INFO | [Round 18] Epoch 28/80 time=00:00.30 avg=00:00.55 ETA=00:28.46 | GPU MB alloc/reserved=69.9/856.0
2026-04-07 13:14:17 | INFO | [Round 18] epoch=29/80 loss=1.1575 acc=56.91 val_acc=nan data_t=0.0016s batch_t=0.0332s epoch_t=00:00.63 lr=0.000712 | GPU MB alloc/reserved=69.9/856.0
2026-04-07 13:14:17 | INFO | [Round 18] Epoch 29/80 time=00:00.63 avg=00:00.55 ETA=00:28.05 | GPU MB alloc/reserved=69.9/856.0
2026-04-07 13:14:17 | INFO | [Round 18] epoch=30/80 loss=1.1013 acc=58.00 val_acc=nan data_t=0.0019s batch_t=0.0343s epoch_t=00:00.65 lr=0.000694 | GPU MB alloc/reserved=69.9/856.0
2026-04-07 13:14:17 | INFO | [Round 18] Epoch 30/80 time=00:00.65 avg=00:00.55 ETA=00:27.67 | GPU MB alloc/reserved=69.9/856.0
2026-04-07 13:14:18 | INFO | [Round 18] epoch=31/80 loss=1.1032 acc=58.78 val_acc=nan data_t=0.0018s batch_t=0.0343s epoch_t=00:00.65 lr=0.000676 | GPU MB alloc/reserved=69.9/856.0
2026-04-07 13:14:18 | INFO | [Round 18] Epoch 31/80 time=00:00.65 avg=00:00.56 ETA=00:27.27 | GPU MB alloc/reserved=69.9/856.0
2026-04-07 13:14:18 | INFO | [Round 18] epoch=32/80 loss=1.0952 acc=58.78 val_acc=nan data_t=0.0018s batch_t=0.0251s epoch_t=00:00.48 lr=0.000658 | GPU MB alloc/reserved=69.9/856.0
2026-04-07 13:14:18 | INFO | [Round 18] Epoch 32/80 time=00:00.48 avg=00:00.55 ETA=00:26.60 | GPU MB alloc/reserved=69.9/856.0
2026-04-07 13:14:19 | INFO | [Round 18] epoch=33/80 loss=1.0697 acc=59.04 val_acc=nan data_t=0.0018s batch_t=0.0237s epoch_t=00:00.46 lr=0.000639 | GPU MB alloc/reserved=69.9/856.0
2026-04-07 13:14:19 | INFO | [Round 18] Epoch 33/80 time=00:00.46 avg=00:00.55 ETA=00:25.91 | GPU MB alloc/reserved=69.9/856.0
2026-04-07 13:14:19 | INFO | [Round 18] epoch=34/80 loss=1.0873 acc=60.43 val_acc=nan data_t=0.0022s batch_t=0.0343s epoch_t=00:00.66 lr=0.000621 | GPU MB alloc/reserved=69.9/856.0
2026-04-07 13:14:19 | INFO | [Round 18] Epoch 34/80 time=00:00.66 avg=00:00.55 ETA=00:25.50 | GPU MB alloc/reserved=69.9/856.0
2026-04-07 13:14:20 | INFO | [Round 18] epoch=35/80 loss=1.0478 acc=59.96 val_acc=nan data_t=0.0017s batch_t=0.0343s epoch_t=00:00.65 lr=0.000602 | GPU MB alloc/reserved=69.9/856.0
2026-04-07 13:14:20 | INFO | [Round 18] Epoch 35/80 time=00:00.65 avg=00:00.56 ETA=00:25.07 | GPU MB alloc/reserved=69.9/856.0
2026-04-07 13:14:21 | INFO | [Round 18] epoch=36/80 loss=1.0344 acc=61.26 val_acc=nan data_t=0.0037s batch_t=0.0324s epoch_t=00:00.65 lr=0.000582 | GPU MB alloc/reserved=69.9/856.0
2026-04-07 13:14:21 | INFO | [Round 18] Epoch 36/80 time=00:00.65 avg=00:00.56 ETA=00:24.62 | GPU MB alloc/reserved=69.9/856.0
2026-04-07 13:14:21 | INFO | [Round 18] epoch=37/80 loss=1.0156 acc=61.26 val_acc=nan data_t=0.0021s batch_t=0.0170s epoch_t=00:00.34 lr=0.000563 | GPU MB alloc/reserved=69.9/856.0
2026-04-07 13:14:21 | INFO | [Round 18] Epoch 37/80 time=00:00.34 avg=00:00.55 ETA=00:23.81 | GPU MB alloc/reserved=69.9/856.0
2026-04-07 13:14:22 | INFO | [Round 18] epoch=38/80 loss=1.0053 acc=62.39 val_acc=nan data_t=0.0018s batch_t=0.0343s epoch_t=00:00.65 lr=0.000544 | GPU MB alloc/reserved=69.9/856.0
2026-04-07 13:14:22 | INFO | [Round 18] Epoch 38/80 time=00:00.65 avg=00:00.56 ETA=00:23.36 | GPU MB alloc/reserved=69.9/856.0
2026-04-07 13:14:22 | INFO | [Round 18] epoch=39/80 loss=0.9747 acc=63.30 val_acc=nan data_t=0.0016s batch_t=0.0344s epoch_t=00:00.65 lr=0.000524 | GPU MB alloc/reserved=69.9/856.0
2026-04-07 13:14:22 | INFO | [Round 18] Epoch 39/80 time=00:00.65 avg=00:00.56 ETA=00:22.90 | GPU MB alloc/reserved=69.9/856.0
2026-04-07 13:14:23 | INFO | [Round 18] epoch=40/80 loss=0.9733 acc=63.83 val_acc=nan data_t=0.0016s batch_t=0.0343s epoch_t=00:00.65 lr=0.000505 | GPU MB alloc/reserved=69.9/856.0
2026-04-07 13:14:23 | INFO | [Round 18] Epoch 40/80 time=00:00.65 avg=00:00.56 ETA=00:22.43 | GPU MB alloc/reserved=69.9/856.0
2026-04-07 13:14:23 | INFO | [Round 18] epoch=41/80 loss=0.9365 acc=64.26 val_acc=nan data_t=0.0016s batch_t=0.0146s epoch_t=00:00.29 lr=0.000486 | GPU MB alloc/reserved=69.9/856.0
2026-04-07 13:14:23 | INFO | [Round 18] Epoch 41/80 time=00:00.29 avg=00:00.55 ETA=00:21.62 | GPU MB alloc/reserved=69.9/856.0
2026-04-07 13:14:24 | INFO | [Round 18] epoch=42/80 loss=0.9216 acc=65.57 val_acc=nan data_t=0.0020s batch_t=0.0335s epoch_t=00:00.64 lr=0.000466 | GPU MB alloc/reserved=69.9/856.0
2026-04-07 13:14:24 | INFO | [Round 18] Epoch 42/80 time=00:00.64 avg=00:00.56 ETA=00:21.14 | GPU MB alloc/reserved=69.9/856.0
2026-04-07 13:14:25 | INFO | [Round 18] epoch=43/80 loss=0.9420 acc=64.78 val_acc=nan data_t=0.0023s batch_t=0.0343s epoch_t=00:00.66 lr=0.000447 | GPU MB alloc/reserved=69.9/856.0
2026-04-07 13:14:25 | INFO | [Round 18] Epoch 43/80 time=00:00.66 avg=00:00.56 ETA=00:20.67 | GPU MB alloc/reserved=69.9/856.0
2026-04-07 13:14:25 | INFO | [Round 18] epoch=44/80 loss=0.9383 acc=63.61 val_acc=nan data_t=0.0016s batch_t=0.0344s epoch_t=00:00.65 lr=0.000428 | GPU MB alloc/reserved=69.9/856.0
2026-04-07 13:14:25 | INFO | [Round 18] Epoch 44/80 time=00:00.65 avg=00:00.56 ETA=00:20.18 | GPU MB alloc/reserved=69.9/856.0
2026-04-07 13:14:26 | INFO | [Round 18] epoch=45/80 loss=0.8980 acc=65.87 val_acc=nan data_t=0.0016s batch_t=0.0242s epoch_t=00:00.47 lr=0.000408 | GPU MB alloc/reserved=69.9/856.0
2026-04-07 13:14:26 | INFO | [Round 18] Epoch 45/80 time=00:00.47 avg=00:00.56 ETA=00:19.55 | GPU MB alloc/reserved=69.9/856.0
2026-04-07 13:14:26 | INFO | [Round 18] epoch=46/80 loss=0.8739 acc=66.35 val_acc=nan data_t=0.0018s batch_t=0.0234s epoch_t=00:00.45 lr=0.000389 | GPU MB alloc/reserved=69.9/856.0
2026-04-07 13:14:26 | INFO | [Round 18] Epoch 46/80 time=00:00.45 avg=00:00.56 ETA=00:18.91 | GPU MB alloc/reserved=69.9/856.0
2026-04-07 13:14:27 | INFO | [Round 18] epoch=47/80 loss=0.8511 acc=68.26 val_acc=nan data_t=0.0019s batch_t=0.0343s epoch_t=00:00.65 lr=0.000371 | GPU MB alloc/reserved=69.9/856.0
2026-04-07 13:14:27 | INFO | [Round 18] Epoch 47/80 time=00:00.65 avg=00:00.56 ETA=00:18.42 | GPU MB alloc/reserved=69.9/856.0
2026-04-07 13:14:28 | INFO | [Round 18] epoch=48/80 loss=0.8681 acc=66.61 val_acc=nan data_t=0.0018s batch_t=0.0344s epoch_t=00:00.65 lr=0.000352 | GPU MB alloc/reserved=69.9/856.0
2026-04-07 13:14:28 | INFO | [Round 18] Epoch 48/80 time=00:00.65 avg=00:00.56 ETA=00:17.93 | GPU MB alloc/reserved=69.9/856.0
2026-04-07 13:14:28 | INFO | [Round 18] epoch=49/80 loss=0.8150 acc=69.00 val_acc=nan data_t=0.0016s batch_t=0.0344s epoch_t=00:00.65 lr=0.000334 | GPU MB alloc/reserved=69.9/856.0
2026-04-07 13:14:28 | INFO | [Round 18] Epoch 49/80 time=00:00.65 avg=00:00.56 ETA=00:17.42 | GPU MB alloc/reserved=69.9/856.0
2026-04-07 13:14:28 | INFO | [Round 18] epoch=50/80 loss=0.8191 acc=69.35 val_acc=nan data_t=0.0023s batch_t=0.0136s epoch_t=00:00.29 lr=0.000316 | GPU MB alloc/reserved=69.9/856.0
2026-04-07 13:14:28 | INFO | [Round 18] Epoch 50/80 time=00:00.29 avg=00:00.56 ETA=00:16.69 | GPU MB alloc/reserved=69.9/856.0
2026-04-07 13:14:29 | INFO | [Round 18] epoch=51/80 loss=0.8054 acc=68.96 val_acc=nan data_t=0.0019s batch_t=0.0343s epoch_t=00:00.65 lr=0.000298 | GPU MB alloc/reserved=69.9/856.0
2026-04-07 13:14:29 | INFO | [Round 18] Epoch 51/80 time=00:00.65 avg=00:00.56 ETA=00:16.19 | GPU MB alloc/reserved=69.9/856.0
2026-04-07 13:14:30 | INFO | [Round 18] epoch=52/80 loss=0.8043 acc=68.87 val_acc=nan data_t=0.0016s batch_t=0.0343s epoch_t=00:00.65 lr=0.000280 | GPU MB alloc/reserved=69.9/856.0
2026-04-07 13:14:30 | INFO | [Round 18] Epoch 52/80 time=00:00.65 avg=00:00.56 ETA=00:15.68 | GPU MB alloc/reserved=69.9/856.0
2026-04-07 13:14:30 | INFO | [Round 18] epoch=53/80 loss=0.7813 acc=71.04 val_acc=nan data_t=0.0016s batch_t=0.0343s epoch_t=00:00.65 lr=0.000263 | GPU MB alloc/reserved=69.9/856.0
2026-04-07 13:14:30 | INFO | [Round 18] Epoch 53/80 time=00:00.65 avg=00:00.56 ETA=00:15.17 | GPU MB alloc/reserved=69.9/856.0
2026-04-07 13:14:31 | INFO | [Round 18] epoch=54/80 loss=0.7592 acc=71.57 val_acc=nan data_t=0.0017s batch_t=0.0174s epoch_t=00:00.34 lr=0.000246 | GPU MB alloc/reserved=69.9/856.0
2026-04-07 13:14:31 | INFO | [Round 18] Epoch 54/80 time=00:00.34 avg=00:00.56 ETA=00:14.50 | GPU MB alloc/reserved=69.9/856.0
2026-04-07 13:14:31 | INFO | [Round 18] epoch=55/80 loss=0.7614 acc=71.43 val_acc=nan data_t=0.0018s batch_t=0.0290s epoch_t=00:00.56 lr=0.000230 | GPU MB alloc/reserved=69.9/856.0
2026-04-07 13:14:31 | INFO | [Round 18] Epoch 55/80 time=00:00.56 avg=00:00.56 ETA=00:13.94 | GPU MB alloc/reserved=69.9/856.0
2026-04-07 13:14:32 | INFO | [Round 18] epoch=56/80 loss=0.7491 acc=71.35 val_acc=nan data_t=0.0016s batch_t=0.0343s epoch_t=00:00.65 lr=0.000214 | GPU MB alloc/reserved=69.9/856.0
2026-04-07 13:14:32 | INFO | [Round 18] Epoch 56/80 time=00:00.65 avg=00:00.56 ETA=00:13.42 | GPU MB alloc/reserved=69.9/856.0
2026-04-07 13:14:33 | INFO | [Round 18] epoch=57/80 loss=0.7351 acc=72.78 val_acc=nan data_t=0.0017s batch_t=0.0344s epoch_t=00:00.65 lr=0.000199 | GPU MB alloc/reserved=69.9/856.0
2026-04-07 13:14:33 | INFO | [Round 18] Epoch 57/80 time=00:00.65 avg=00:00.56 ETA=00:12.90 | GPU MB alloc/reserved=69.9/856.0
2026-04-07 13:14:33 | INFO | [Round 18] epoch=58/80 loss=0.7299 acc=72.26 val_acc=nan data_t=0.0019s batch_t=0.0292s epoch_t=00:00.56 lr=0.000184 | GPU MB alloc/reserved=69.9/856.0
2026-04-07 13:14:33 | INFO | [Round 18] Epoch 58/80 time=00:00.56 avg=00:00.56 ETA=00:12.34 | GPU MB alloc/reserved=69.9/856.0
2026-04-07 13:14:34 | INFO | [Round 18] epoch=59/80 loss=0.7391 acc=70.30 val_acc=nan data_t=0.0022s batch_t=0.0184s epoch_t=00:00.37 lr=0.000169 | GPU MB alloc/reserved=69.9/856.0
2026-04-07 13:14:34 | INFO | [Round 18] Epoch 59/80 time=00:00.37 avg=00:00.56 ETA=00:11.71 | GPU MB alloc/reserved=69.9/856.0
2026-04-07 13:14:34 | INFO | [Round 18] epoch=60/80 loss=0.7213 acc=72.87 val_acc=nan data_t=0.0016s batch_t=0.0343s epoch_t=00:00.65 lr=0.000155 | GPU MB alloc/reserved=69.9/856.0
2026-04-07 13:14:34 | INFO | [Round 18] Epoch 60/80 time=00:00.65 avg=00:00.56 ETA=00:11.18 | GPU MB alloc/reserved=69.9/856.0
2026-04-07 13:14:35 | INFO | [Round 18] epoch=61/80 loss=0.6993 acc=73.91 val_acc=nan data_t=0.0017s batch_t=0.0343s epoch_t=00:00.65 lr=0.000142 | GPU MB alloc/reserved=69.9/856.0
2026-04-07 13:14:35 | INFO | [Round 18] Epoch 61/80 time=00:00.65 avg=00:00.56 ETA=00:10.65 | GPU MB alloc/reserved=69.9/856.0
2026-04-07 13:14:36 | INFO | [Round 18] epoch=62/80 loss=0.7089 acc=73.78 val_acc=nan data_t=0.0016s batch_t=0.0344s epoch_t=00:00.65 lr=0.000129 | GPU MB alloc/reserved=69.9/856.0
2026-04-07 13:14:36 | INFO | [Round 18] Epoch 62/80 time=00:00.65 avg=00:00.56 ETA=00:10.11 | GPU MB alloc/reserved=69.9/856.0
2026-04-07 13:14:36 | INFO | [Round 18] epoch=63/80 loss=0.7084 acc=73.57 val_acc=nan data_t=0.0019s batch_t=0.0134s epoch_t=00:00.28 lr=0.000116 | GPU MB alloc/reserved=69.9/856.0
2026-04-07 13:14:36 | INFO | [Round 18] Epoch 63/80 time=00:00.28 avg=00:00.56 ETA=00:09.48 | GPU MB alloc/reserved=69.9/856.0
2026-04-07 13:14:36 | INFO | [Round 18] epoch=64/80 loss=0.6707 acc=74.70 val_acc=nan data_t=0.0023s batch_t=0.0343s epoch_t=00:00.66 lr=0.000105 | GPU MB alloc/reserved=69.9/856.0
2026-04-07 13:14:36 | INFO | [Round 18] Epoch 64/80 time=00:00.66 avg=00:00.56 ETA=00:08.94 | GPU MB alloc/reserved=69.9/856.0
2026-04-07 13:14:37 | INFO | [Round 18] epoch=65/80 loss=0.6665 acc=74.13 val_acc=nan data_t=0.0016s batch_t=0.0343s epoch_t=00:00.65 lr=0.000093 | GPU MB alloc/reserved=69.9/856.0
2026-04-07 13:14:37 | INFO | [Round 18] Epoch 65/80 time=00:00.65 avg=00:00.56 ETA=00:08.40 | GPU MB alloc/reserved=69.9/856.0
2026-04-07 13:14:38 | INFO | [Round 18] epoch=66/80 loss=0.6617 acc=74.43 val_acc=nan data_t=0.0017s batch_t=0.0344s epoch_t=00:00.65 lr=0.000083 | GPU MB alloc/reserved=69.9/856.0
2026-04-07 13:14:38 | INFO | [Round 18] Epoch 66/80 time=00:00.65 avg=00:00.56 ETA=00:07.86 | GPU MB alloc/reserved=69.9/856.0
2026-04-07 13:14:38 | INFO | [Round 18] epoch=67/80 loss=0.6603 acc=74.87 val_acc=nan data_t=0.0018s batch_t=0.0244s epoch_t=00:00.47 lr=0.000073 | GPU MB alloc/reserved=69.9/856.0
2026-04-07 13:14:38 | INFO | [Round 18] Epoch 67/80 time=00:00.47 avg=00:00.56 ETA=00:07.28 | GPU MB alloc/reserved=69.9/856.0
2026-04-07 13:14:39 | INFO | [Round 18] epoch=68/80 loss=0.6549 acc=75.35 val_acc=nan data_t=0.0016s batch_t=0.0266s epoch_t=00:00.51 lr=0.000064 | GPU MB alloc/reserved=69.9/856.0
2026-04-07 13:14:39 | INFO | [Round 18] Epoch 68/80 time=00:00.51 avg=00:00.56 ETA=00:06.71 | GPU MB alloc/reserved=69.9/856.0
2026-04-07 13:14:39 | INFO | [Round 18] epoch=69/80 loss=0.6477 acc=76.17 val_acc=nan data_t=0.0016s batch_t=0.0345s epoch_t=00:00.65 lr=0.000055 | GPU MB alloc/reserved=69.9/856.0
2026-04-07 13:14:39 | INFO | [Round 18] Epoch 69/80 time=00:00.65 avg=00:00.56 ETA=00:06.17 | GPU MB alloc/reserved=69.9/856.0
2026-04-07 13:14:40 | INFO | [Round 18] epoch=70/80 loss=0.6561 acc=74.74 val_acc=nan data_t=0.0017s batch_t=0.0343s epoch_t=00:00.65 lr=0.000048 | GPU MB alloc/reserved=69.9/856.0
2026-04-07 13:14:40 | INFO | [Round 18] Epoch 70/80 time=00:00.65 avg=00:00.56 ETA=00:05.62 | GPU MB alloc/reserved=69.9/856.0
2026-04-07 13:14:41 | INFO | [Round 18] epoch=71/80 loss=0.6263 acc=76.78 val_acc=nan data_t=0.0016s batch_t=0.0326s epoch_t=00:00.62 lr=0.000041 | GPU MB alloc/reserved=69.9/856.0
2026-04-07 13:14:41 | INFO | [Round 18] Epoch 71/80 time=00:00.62 avg=00:00.56 ETA=00:05.07 | GPU MB alloc/reserved=69.9/856.0
2026-04-07 13:14:41 | INFO | [Round 18] epoch=72/80 loss=0.6483 acc=75.13 val_acc=nan data_t=0.0019s batch_t=0.0180s epoch_t=00:00.36 lr=0.000034 | GPU MB alloc/reserved=69.9/856.0
2026-04-07 13:14:41 | INFO | [Round 18] Epoch 72/80 time=00:00.36 avg=00:00.56 ETA=00:04.48 | GPU MB alloc/reserved=69.9/856.0
2026-04-07 13:14:42 | INFO | [Round 18] epoch=73/80 loss=0.6414 acc=75.57 val_acc=nan data_t=0.0017s batch_t=0.0343s epoch_t=00:00.65 lr=0.000029 | GPU MB alloc/reserved=69.9/856.0
2026-04-07 13:14:42 | INFO | [Round 18] Epoch 73/80 time=00:00.65 avg=00:00.56 ETA=00:03.93 | GPU MB alloc/reserved=69.9/856.0
2026-04-07 13:14:42 | INFO | [Round 18] epoch=74/80 loss=0.6462 acc=75.96 val_acc=nan data_t=0.0017s batch_t=0.0345s epoch_t=00:00.65 lr=0.000024 | GPU MB alloc/reserved=69.9/856.0
2026-04-07 13:14:42 | INFO | [Round 18] Epoch 74/80 time=00:00.65 avg=00:00.56 ETA=00:03.37 | GPU MB alloc/reserved=69.9/856.0
2026-04-07 13:14:43 | INFO | [Round 18] epoch=75/80 loss=0.6339 acc=76.35 val_acc=nan data_t=0.0017s batch_t=0.0343s epoch_t=00:00.65 lr=0.000020 | GPU MB alloc/reserved=69.9/856.0
2026-04-07 13:14:43 | INFO | [Round 18] Epoch 75/80 time=00:00.65 avg=00:00.56 ETA=00:02.82 | GPU MB alloc/reserved=69.9/856.0
2026-04-07 13:14:43 | INFO | [Round 18] epoch=76/80 loss=0.6260 acc=76.57 val_acc=nan data_t=0.0016s batch_t=0.0138s epoch_t=00:00.28 lr=0.000016 | GPU MB alloc/reserved=69.9/856.0
2026-04-07 13:14:43 | INFO | [Round 18] Epoch 76/80 time=00:00.28 avg=00:00.56 ETA=00:02.24 | GPU MB alloc/reserved=69.9/856.0
2026-04-07 13:14:44 | INFO | [Round 18] epoch=77/80 loss=0.6279 acc=76.91 val_acc=nan data_t=0.0018s batch_t=0.0335s epoch_t=00:00.64 lr=0.000013 | GPU MB alloc/reserved=69.9/856.0
2026-04-07 13:14:44 | INFO | [Round 18] Epoch 77/80 time=00:00.64 avg=00:00.56 ETA=00:01.68 | GPU MB alloc/reserved=69.9/856.0
2026-04-07 13:14:45 | INFO | [Round 18] epoch=78/80 loss=0.6383 acc=76.78 val_acc=nan data_t=0.0019s batch_t=0.0343s epoch_t=00:00.65 lr=0.000012 | GPU MB alloc/reserved=69.9/856.0
2026-04-07 13:14:45 | INFO | [Round 18] Epoch 78/80 time=00:00.65 avg=00:00.56 ETA=00:01.12 | GPU MB alloc/reserved=69.9/856.0
2026-04-07 13:14:45 | INFO | [Round 18] epoch=79/80 loss=0.6328 acc=76.87 val_acc=nan data_t=0.0018s batch_t=0.0344s epoch_t=00:00.65 lr=0.000010 | GPU MB alloc/reserved=69.9/856.0
2026-04-07 13:14:45 | INFO | [Round 18] Epoch 79/80 time=00:00.65 avg=00:00.56 ETA=00:00.56 | GPU MB alloc/reserved=69.9/856.0
2026-04-07 13:14:46 | INFO | [Round 18] epoch=80/80 loss=0.6295 acc=77.48 val_acc=nan data_t=0.0018s batch_t=0.0249s epoch_t=00:00.48 lr=0.000010 | GPU MB alloc/reserved=69.9/856.0
2026-04-07 13:14:46 | INFO | [Round 18] Epoch 80/80 time=00:00.48 avg=00:00.56 ETA=00:00.00 | GPU MB alloc/reserved=69.9/856.0
2026-04-07 13:14:46 | INFO | [Round 18] training complete in 00:45.10 (best monitor=77.478) | GPU MB alloc/reserved=69.9/856.0
2026-04-07 13:14:46 | INFO | [Round 18] evaluation started | GPU MB alloc/reserved=52.0/856.0
2026-04-07 13:14:48 | INFO | [Round 18] clean=62.15 fgsm=50.83 pgd=50.50 grad_disp_mean=nan grad_disp_sel=nan round_t=49.81s | GPU MB alloc/reserved=52.0/856.0
2026-04-07 13:14:48 | INFO | [Round 19/21] elapsed=00:49.81 avg_round=00:34.45 projected_remaining=01:08.89 | GPU MB alloc/reserved=52.0/856.0
2026-04-07 13:14:49 | INFO | [Round 19] acquisition on pool_size=47700 scored_pool=5000 budget=100 | GPU MB alloc/reserved=34.1/856.0
2026-04-07 13:14:50 | INFO | [CoreSet-unlabeled-feat] scoring progress 10/20 elapsed=00:00.21 avg/batch=0.021s ETA=00:00.21 | GPU MB alloc/reserved=40.6/856.0
2026-04-07 13:14:50 | INFO | [CoreSet-unlabeled-feat] scoring progress 20/20 elapsed=00:00.24 avg/batch=0.012s ETA=00:00.00 | GPU MB alloc/reserved=40.6/856.0
2026-04-07 13:14:50 | INFO | [CoreSet-labeled-feat] scoring progress 9/9 elapsed=00:00.21 avg/batch=0.023s ETA=00:00.00 | GPU MB alloc/reserved=44.3/856.0
2026-04-07 13:14:50 | INFO | [CoreSet] greedy 10/100 cover_radius=26.828812 | GPU: n/a
2026-04-07 13:14:50 | INFO | [CoreSet] greedy 20/100 cover_radius=25.693050 | GPU: n/a
2026-04-07 13:14:50 | INFO | [CoreSet] greedy 30/100 cover_radius=25.142494 | GPU: n/a
2026-04-07 13:14:50 | INFO | [CoreSet] greedy 40/100 cover_radius=24.477320 | GPU: n/a
2026-04-07 13:14:50 | INFO | [CoreSet] greedy 50/100 cover_radius=23.899622 | GPU: n/a
2026-04-07 13:14:50 | INFO | [CoreSet] greedy 60/100 cover_radius=23.658175 | GPU: n/a
2026-04-07 13:14:50 | INFO | [CoreSet] greedy 70/100 cover_radius=23.482265 | GPU: n/a
2026-04-07 13:14:50 | INFO | [CoreSet] greedy 80/100 cover_radius=23.235315 | GPU: n/a
2026-04-07 13:14:50 | INFO | [CoreSet] greedy 90/100 cover_radius=23.097692 | GPU: n/a
2026-04-07 13:14:50 | INFO | [CoreSet] greedy 100/100 cover_radius=22.955704 | GPU: n/a
2026-04-07 13:14:51 | INFO | [Round 19] labeled=2400 train=2400 val_fixed=0 | GPU MB alloc/reserved=43.1/856.0
2026-04-07 13:14:51 | INFO | [Round 19] epoch=1/80 loss=4.0798 acc=17.42 val_acc=nan data_t=0.0091s batch_t=0.0357s epoch_t=00:00.85 lr=0.001000 | GPU MB alloc/reserved=69.9/856.0
2026-04-07 13:14:51 | INFO | [Round 19] Epoch 1/80 time=00:00.85 avg=00:00.85 ETA=01:07.24 | GPU MB alloc/reserved=69.9/856.0
2026-04-07 13:14:52 | INFO | [Round 19] epoch=2/80 loss=2.0721 acc=24.71 val_acc=nan data_t=0.0016s batch_t=0.0342s epoch_t=00:00.68 lr=0.000998 | GPU MB alloc/reserved=69.9/856.0
2026-04-07 13:14:52 | INFO | [Round 19] Epoch 2/80 time=00:00.68 avg=00:00.77 ETA=00:59.74 | GPU MB alloc/reserved=69.9/856.0
2026-04-07 13:14:53 | INFO | [Round 19] epoch=3/80 loss=1.9491 acc=28.67 val_acc=nan data_t=0.0015s batch_t=0.0320s epoch_t=00:00.64 lr=0.000997 | GPU MB alloc/reserved=69.9/856.0
2026-04-07 13:14:53 | INFO | [Round 19] Epoch 3/80 time=00:00.64 avg=00:00.72 ETA=00:55.69 | GPU MB alloc/reserved=69.9/856.0
2026-04-07 13:14:53 | INFO | [Round 19] epoch=4/80 loss=1.8733 acc=31.63 val_acc=nan data_t=0.0014s batch_t=0.0174s epoch_t=00:00.36 lr=0.000994 | GPU MB alloc/reserved=69.9/856.0
2026-04-07 13:14:53 | INFO | [Round 19] Epoch 4/80 time=00:00.36 avg=00:00.63 ETA=00:48.04 | GPU MB alloc/reserved=69.9/856.0
2026-04-07 13:14:54 | INFO | [Round 19] epoch=5/80 loss=1.8083 acc=33.17 val_acc=nan data_t=0.0016s batch_t=0.0343s epoch_t=00:00.68 lr=0.000990 | GPU MB alloc/reserved=69.9/856.0
2026-04-07 13:14:54 | INFO | [Round 19] Epoch 5/80 time=00:00.68 avg=00:00.64 ETA=00:48.17 | GPU MB alloc/reserved=69.9/856.0
2026-04-07 13:14:54 | INFO | [Round 19] epoch=6/80 loss=1.7796 acc=34.21 val_acc=nan data_t=0.0015s batch_t=0.0344s epoch_t=00:00.68 lr=0.000986 | GPU MB alloc/reserved=69.9/856.0
2026-04-07 13:14:54 | INFO | [Round 19] Epoch 6/80 time=00:00.68 avg=00:00.65 ETA=00:48.03 | GPU MB alloc/reserved=69.9/856.0
2026-04-07 13:14:55 | INFO | [Round 19] epoch=7/80 loss=1.7478 acc=34.58 val_acc=nan data_t=0.0015s batch_t=0.0342s epoch_t=00:00.68 lr=0.000981 | GPU MB alloc/reserved=69.9/856.0
2026-04-07 13:14:55 | INFO | [Round 19] Epoch 7/80 time=00:00.68 avg=00:00.65 ETA=00:47.68 | GPU MB alloc/reserved=69.9/856.0
2026-04-07 13:14:55 | INFO | [Round 19] epoch=8/80 loss=1.7129 acc=36.75 val_acc=nan data_t=0.0018s batch_t=0.0095s epoch_t=00:00.21 lr=0.000976 | GPU MB alloc/reserved=69.9/856.0
2026-04-07 13:14:55 | INFO | [Round 19] Epoch 8/80 time=00:00.21 avg=00:00.60 ETA=00:43.08 | GPU MB alloc/reserved=69.9/856.0
2026-04-07 13:14:56 | INFO | [Round 19] epoch=9/80 loss=1.6723 acc=37.42 val_acc=nan data_t=0.0021s batch_t=0.0342s epoch_t=00:00.69 lr=0.000969 | GPU MB alloc/reserved=69.9/856.0
2026-04-07 13:14:56 | INFO | [Round 19] Epoch 9/80 time=00:00.69 avg=00:00.61 ETA=00:43.20 | GPU MB alloc/reserved=69.9/856.0
2026-04-07 13:14:57 | INFO | [Round 19] epoch=10/80 loss=1.6426 acc=38.46 val_acc=nan data_t=0.0027s batch_t=0.0343s epoch_t=00:00.70 lr=0.000962 | GPU MB alloc/reserved=69.9/856.0
2026-04-07 13:14:57 | INFO | [Round 19] Epoch 10/80 time=00:00.70 avg=00:00.62 ETA=00:43.24 | GPU MB alloc/reserved=69.9/856.0
2026-04-07 13:14:57 | INFO | [Round 19] epoch=11/80 loss=1.6152 acc=39.79 val_acc=nan data_t=0.0025s batch_t=0.0343s epoch_t=00:00.70 lr=0.000955 | GPU MB alloc/reserved=69.9/856.0
2026-04-07 13:14:57 | INFO | [Round 19] Epoch 11/80 time=00:00.70 avg=00:00.63 ETA=00:43.14 | GPU MB alloc/reserved=69.9/856.0
2026-04-07 13:14:58 | INFO | [Round 19] epoch=12/80 loss=1.6052 acc=41.04 val_acc=nan data_t=0.0015s batch_t=0.0149s epoch_t=00:00.31 lr=0.000946 | GPU MB alloc/reserved=69.9/856.0
2026-04-07 13:14:58 | INFO | [Round 19] Epoch 12/80 time=00:00.31 avg=00:00.60 ETA=00:40.74 | GPU MB alloc/reserved=69.9/856.0
2026-04-07 13:14:58 | INFO | [Round 19] epoch=13/80 loss=1.5716 acc=41.63 val_acc=nan data_t=0.0014s batch_t=0.0308s epoch_t=00:00.61 lr=0.000937 | GPU MB alloc/reserved=69.9/856.0
2026-04-07 13:14:58 | INFO | [Round 19] Epoch 13/80 time=00:00.61 avg=00:00.60 ETA=00:40.21 | GPU MB alloc/reserved=69.9/856.0
2026-04-07 13:14:59 | INFO | [Round 19] epoch=14/80 loss=1.5187 acc=42.25 val_acc=nan data_t=0.0015s batch_t=0.0343s epoch_t=00:00.68 lr=0.000927 | GPU MB alloc/reserved=69.9/856.0
2026-04-07 13:14:59 | INFO | [Round 19] Epoch 14/80 time=00:00.68 avg=00:00.61 ETA=00:39.99 | GPU MB alloc/reserved=69.9/856.0
2026-04-07 13:15:00 | INFO | [Round 19] epoch=15/80 loss=1.4984 acc=43.83 val_acc=nan data_t=0.0015s batch_t=0.0343s epoch_t=00:00.68 lr=0.000917 | GPU MB alloc/reserved=69.9/856.0
2026-04-07 13:15:00 | INFO | [Round 19] Epoch 15/80 time=00:00.68 avg=00:00.61 ETA=00:39.70 | GPU MB alloc/reserved=69.9/856.0
2026-04-07 13:15:00 | INFO | [Round 19] epoch=16/80 loss=1.4809 acc=44.58 val_acc=nan data_t=0.0015s batch_t=0.0235s epoch_t=00:00.48 lr=0.000905 | GPU MB alloc/reserved=69.9/856.0
2026-04-07 13:15:00 | INFO | [Round 19] Epoch 16/80 time=00:00.48 avg=00:00.60 ETA=00:38.55 | GPU MB alloc/reserved=69.9/856.0
2026-04-07 13:15:01 | INFO | [Round 19] epoch=17/80 loss=1.4667 acc=43.75 val_acc=nan data_t=0.0018s batch_t=0.0263s epoch_t=00:00.53 lr=0.000894 | GPU MB alloc/reserved=69.9/856.0
2026-04-07 13:15:01 | INFO | [Round 19] Epoch 17/80 time=00:00.53 avg=00:00.60 ETA=00:37.69 | GPU MB alloc/reserved=69.9/856.0
2026-04-07 13:15:01 | INFO | [Round 19] epoch=18/80 loss=1.4444 acc=45.71 val_acc=nan data_t=0.0021s batch_t=0.0342s epoch_t=00:00.69 lr=0.000881 | GPU MB alloc/reserved=69.9/856.0
2026-04-07 13:15:01 | INFO | [Round 19] Epoch 18/80 time=00:00.69 avg=00:00.60 ETA=00:37.41 | GPU MB alloc/reserved=69.9/856.0
2026-04-07 13:15:02 | INFO | [Round 19] epoch=19/80 loss=1.4378 acc=45.96 val_acc=nan data_t=0.0015s batch_t=0.0343s epoch_t=00:00.68 lr=0.000868 | GPU MB alloc/reserved=69.9/856.0
2026-04-07 13:15:02 | INFO | [Round 19] Epoch 19/80 time=00:00.68 avg=00:00.61 ETA=00:37.05 | GPU MB alloc/reserved=69.9/856.0
2026-04-07 13:15:03 | INFO | [Round 19] epoch=20/80 loss=1.3863 acc=46.92 val_acc=nan data_t=0.0016s batch_t=0.0275s epoch_t=00:00.55 lr=0.000855 | GPU MB alloc/reserved=69.9/856.0
2026-04-07 13:15:03 | INFO | [Round 19] Epoch 20/80 time=00:00.55 avg=00:00.60 ETA=00:36.27 | GPU MB alloc/reserved=69.9/856.0
2026-04-07 13:15:03 | INFO | [Round 19] epoch=21/80 loss=1.3806 acc=48.96 val_acc=nan data_t=0.0020s batch_t=0.0231s epoch_t=00:00.48 lr=0.000841 | GPU MB alloc/reserved=69.9/856.0
2026-04-07 13:15:03 | INFO | [Round 19] Epoch 21/80 time=00:00.48 avg=00:00.60 ETA=00:35.31 | GPU MB alloc/reserved=69.9/856.0
2026-04-07 13:15:04 | INFO | [Round 19] epoch=22/80 loss=1.3567 acc=48.54 val_acc=nan data_t=0.0030s batch_t=0.0343s epoch_t=00:00.71 lr=0.000826 | GPU MB alloc/reserved=69.9/856.0
2026-04-07 13:15:04 | INFO | [Round 19] Epoch 22/80 time=00:00.71 avg=00:00.60 ETA=00:35.00 | GPU MB alloc/reserved=69.9/856.0
2026-04-07 13:15:05 | INFO | [Round 19] epoch=23/80 loss=1.3354 acc=49.92 val_acc=nan data_t=0.0015s batch_t=0.0343s epoch_t=00:00.68 lr=0.000811 | GPU MB alloc/reserved=69.9/856.0
2026-04-07 13:15:05 | INFO | [Round 19] Epoch 23/80 time=00:00.68 avg=00:00.61 ETA=00:34.59 | GPU MB alloc/reserved=69.9/856.0
2026-04-07 13:15:05 | INFO | [Round 19] epoch=24/80 loss=1.3354 acc=49.54 val_acc=nan data_t=0.0016s batch_t=0.0296s epoch_t=00:00.59 lr=0.000796 | GPU MB alloc/reserved=69.9/856.0
2026-04-07 13:15:05 | INFO | [Round 19] Epoch 24/80 time=00:00.59 avg=00:00.61 ETA=00:33.95 | GPU MB alloc/reserved=69.9/856.0
2026-04-07 13:15:06 | INFO | [Round 19] epoch=25/80 loss=1.3136 acc=51.17 val_acc=nan data_t=0.0023s batch_t=0.0201s epoch_t=00:00.43 lr=0.000780 | GPU MB alloc/reserved=69.9/856.0
2026-04-07 13:15:06 | INFO | [Round 19] Epoch 25/80 time=00:00.43 avg=00:00.60 ETA=00:32.94 | GPU MB alloc/reserved=69.9/856.0
2026-04-07 13:15:06 | INFO | [Round 19] epoch=26/80 loss=1.2765 acc=50.71 val_acc=nan data_t=0.0017s batch_t=0.0342s epoch_t=00:00.68 lr=0.000764 | GPU MB alloc/reserved=69.9/856.0
2026-04-07 13:15:06 | INFO | [Round 19] Epoch 26/80 time=00:00.68 avg=00:00.60 ETA=00:32.52 | GPU MB alloc/reserved=69.9/856.0
2026-04-07 13:15:07 | INFO | [Round 19] epoch=27/80 loss=1.3012 acc=50.83 val_acc=nan data_t=0.0019s batch_t=0.0343s epoch_t=00:00.69 lr=0.000747 | GPU MB alloc/reserved=69.9/856.0
2026-04-07 13:15:07 | INFO | [Round 19] Epoch 27/80 time=00:00.69 avg=00:00.61 ETA=00:32.08 | GPU MB alloc/reserved=69.9/856.0
2026-04-07 13:15:08 | INFO | [Round 19] epoch=28/80 loss=1.2694 acc=53.08 val_acc=nan data_t=0.0016s batch_t=0.0319s epoch_t=00:00.64 lr=0.000730 | GPU MB alloc/reserved=69.9/856.0
2026-04-07 13:15:08 | INFO | [Round 19] Epoch 28/80 time=00:00.64 avg=00:00.61 ETA=00:31.54 | GPU MB alloc/reserved=69.9/856.0
2026-04-07 13:15:08 | INFO | [Round 19] epoch=29/80 loss=1.2532 acc=52.83 val_acc=nan data_t=0.0018s batch_t=0.0194s epoch_t=00:00.40 lr=0.000712 | GPU MB alloc/reserved=69.9/856.0
2026-04-07 13:15:08 | INFO | [Round 19] Epoch 29/80 time=00:00.40 avg=00:00.60 ETA=00:30.57 | GPU MB alloc/reserved=69.9/856.0
2026-04-07 13:15:09 | INFO | [Round 19] epoch=30/80 loss=1.2149 acc=53.62 val_acc=nan data_t=0.0024s batch_t=0.0343s epoch_t=00:00.70 lr=0.000694 | GPU MB alloc/reserved=69.9/856.0
2026-04-07 13:15:09 | INFO | [Round 19] Epoch 30/80 time=00:00.70 avg=00:00.60 ETA=00:30.14 | GPU MB alloc/reserved=69.9/856.0
2026-04-07 13:15:09 | INFO | [Round 19] epoch=31/80 loss=1.2303 acc=54.08 val_acc=nan data_t=0.0015s batch_t=0.0343s epoch_t=00:00.68 lr=0.000676 | GPU MB alloc/reserved=69.9/856.0
2026-04-07 13:15:09 | INFO | [Round 19] Epoch 31/80 time=00:00.68 avg=00:00.61 ETA=00:29.66 | GPU MB alloc/reserved=69.9/856.0
2026-04-07 13:15:10 | INFO | [Round 19] epoch=32/80 loss=1.1799 acc=54.79 val_acc=nan data_t=0.0017s batch_t=0.0320s epoch_t=00:00.64 lr=0.000658 | GPU MB alloc/reserved=69.9/856.0
2026-04-07 13:15:10 | INFO | [Round 19] Epoch 32/80 time=00:00.64 avg=00:00.61 ETA=00:29.10 | GPU MB alloc/reserved=69.9/856.0
2026-04-07 13:15:11 | INFO | [Round 19] epoch=33/80 loss=1.1494 acc=55.83 val_acc=nan data_t=0.0026s batch_t=0.0234s epoch_t=00:00.49 lr=0.000639 | GPU MB alloc/reserved=69.9/856.0
2026-04-07 13:15:11 | INFO | [Round 19] Epoch 33/80 time=00:00.49 avg=00:00.60 ETA=00:28.34 | GPU MB alloc/reserved=69.9/856.0
2026-04-07 13:15:11 | INFO | [Round 19] epoch=34/80 loss=1.1240 acc=57.75 val_acc=nan data_t=0.0015s batch_t=0.0343s epoch_t=00:00.68 lr=0.000621 | GPU MB alloc/reserved=69.9/856.0
2026-04-07 13:15:11 | INFO | [Round 19] Epoch 34/80 time=00:00.68 avg=00:00.61 ETA=00:27.84 | GPU MB alloc/reserved=69.9/856.0
2026-04-07 13:15:12 | INFO | [Round 19] epoch=35/80 loss=1.1303 acc=56.58 val_acc=nan data_t=0.0018s batch_t=0.0342s epoch_t=00:00.68 lr=0.000602 | GPU MB alloc/reserved=69.9/856.0
2026-04-07 13:15:12 | INFO | [Round 19] Epoch 35/80 time=00:00.68 avg=00:00.61 ETA=00:27.34 | GPU MB alloc/reserved=69.9/856.0
2026-04-07 13:15:12 | INFO | [Round 19] epoch=36/80 loss=1.1189 acc=57.88 val_acc=nan data_t=0.0015s batch_t=0.0292s epoch_t=00:00.58 lr=0.000582 | GPU MB alloc/reserved=69.9/856.0
2026-04-07 13:15:12 | INFO | [Round 19] Epoch 36/80 time=00:00.58 avg=00:00.61 ETA=00:26.70 | GPU MB alloc/reserved=69.9/856.0
2026-04-07 13:15:13 | INFO | [Round 19] epoch=37/80 loss=1.0907 acc=59.79 val_acc=nan data_t=0.0018s batch_t=0.0215s epoch_t=00:00.44 lr=0.000563 | GPU MB alloc/reserved=69.9/856.0
2026-04-07 13:15:13 | INFO | [Round 19] Epoch 37/80 time=00:00.44 avg=00:00.60 ETA=00:25.90 | GPU MB alloc/reserved=69.9/856.0
2026-04-07 13:15:14 | INFO | [Round 19] epoch=38/80 loss=1.0927 acc=59.29 val_acc=nan data_t=0.0018s batch_t=0.0342s epoch_t=00:00.69 lr=0.000544 | GPU MB alloc/reserved=69.9/856.0
2026-04-07 13:15:14 | INFO | [Round 19] Epoch 38/80 time=00:00.69 avg=00:00.60 ETA=00:25.39 | GPU MB alloc/reserved=69.9/856.0
2026-04-07 13:15:14 | INFO | [Round 19] epoch=39/80 loss=1.0821 acc=58.50 val_acc=nan data_t=0.0017s batch_t=0.0342s epoch_t=00:00.68 lr=0.000524 | GPU MB alloc/reserved=69.9/856.0
2026-04-07 13:15:14 | INFO | [Round 19] Epoch 39/80 time=00:00.68 avg=00:00.61 ETA=00:24.87 | GPU MB alloc/reserved=69.9/856.0
2026-04-07 13:15:15 | INFO | [Round 19] epoch=40/80 loss=1.0809 acc=58.46 val_acc=nan data_t=0.0016s batch_t=0.0301s epoch_t=00:00.60 lr=0.000505 | GPU MB alloc/reserved=69.9/856.0
2026-04-07 13:15:15 | INFO | [Round 19] Epoch 40/80 time=00:00.60 avg=00:00.61 ETA=00:24.26 | GPU MB alloc/reserved=69.9/856.0
2026-04-07 13:15:15 | INFO | [Round 19] epoch=41/80 loss=1.0503 acc=60.17 val_acc=nan data_t=0.0017s batch_t=0.0202s epoch_t=00:00.42 lr=0.000486 | GPU MB alloc/reserved=69.9/856.0
2026-04-07 13:15:15 | INFO | [Round 19] Epoch 41/80 time=00:00.42 avg=00:00.60 ETA=00:23.47 | GPU MB alloc/reserved=69.9/856.0
2026-04-07 13:15:16 | INFO | [Round 19] epoch=42/80 loss=1.0316 acc=60.63 val_acc=nan data_t=0.0016s batch_t=0.0344s epoch_t=00:00.69 lr=0.000466 | GPU MB alloc/reserved=69.9/856.0
2026-04-07 13:15:16 | INFO | [Round 19] Epoch 42/80 time=00:00.69 avg=00:00.60 ETA=00:22.94 | GPU MB alloc/reserved=69.9/856.0
2026-04-07 13:15:17 | INFO | [Round 19] epoch=43/80 loss=0.9811 acc=62.54 val_acc=nan data_t=0.0015s batch_t=0.0342s epoch_t=00:00.68 lr=0.000447 | GPU MB alloc/reserved=69.9/856.0
2026-04-07 13:15:17 | INFO | [Round 19] Epoch 43/80 time=00:00.68 avg=00:00.61 ETA=00:22.41 | GPU MB alloc/reserved=69.9/856.0
2026-04-07 13:15:17 | INFO | [Round 19] epoch=44/80 loss=0.9934 acc=62.33 val_acc=nan data_t=0.0021s batch_t=0.0310s epoch_t=00:00.63 lr=0.000428 | GPU MB alloc/reserved=69.9/856.0
2026-04-07 13:15:17 | INFO | [Round 19] Epoch 44/80 time=00:00.63 avg=00:00.61 ETA=00:21.82 | GPU MB alloc/reserved=69.9/856.0
2026-04-07 13:15:18 | INFO | [Round 19] epoch=45/80 loss=0.9547 acc=63.92 val_acc=nan data_t=0.0016s batch_t=0.0208s epoch_t=00:00.43 lr=0.000408 | GPU MB alloc/reserved=69.9/856.0
2026-04-07 13:15:18 | INFO | [Round 19] Epoch 45/80 time=00:00.43 avg=00:00.60 ETA=00:21.07 | GPU MB alloc/reserved=69.9/856.0
2026-04-07 13:15:18 | INFO | [Round 19] epoch=46/80 loss=1.0042 acc=62.21 val_acc=nan data_t=0.0017s batch_t=0.0343s epoch_t=00:00.68 lr=0.000389 | GPU MB alloc/reserved=69.9/856.0
2026-04-07 13:15:18 | INFO | [Round 19] Epoch 46/80 time=00:00.68 avg=00:00.60 ETA=00:20.53 | GPU MB alloc/reserved=69.9/856.0
2026-04-07 13:15:19 | INFO | [Round 19] epoch=47/80 loss=0.9492 acc=63.71 val_acc=nan data_t=0.0014s batch_t=0.0342s epoch_t=00:00.68 lr=0.000371 | GPU MB alloc/reserved=69.9/856.0
2026-04-07 13:15:19 | INFO | [Round 19] Epoch 47/80 time=00:00.68 avg=00:00.61 ETA=00:19.98 | GPU MB alloc/reserved=69.9/856.0
2026-04-07 13:15:20 | INFO | [Round 19] epoch=48/80 loss=0.9618 acc=62.71 val_acc=nan data_t=0.0017s batch_t=0.0312s epoch_t=00:00.62 lr=0.000352 | GPU MB alloc/reserved=69.9/856.0
2026-04-07 13:15:20 | INFO | [Round 19] Epoch 48/80 time=00:00.62 avg=00:00.61 ETA=00:19.39 | GPU MB alloc/reserved=69.9/856.0
2026-04-07 13:15:20 | INFO | [Round 19] epoch=49/80 loss=0.9447 acc=64.83 val_acc=nan data_t=0.0018s batch_t=0.0208s epoch_t=00:00.43 lr=0.000334 | GPU MB alloc/reserved=69.9/856.0
2026-04-07 13:15:20 | INFO | [Round 19] Epoch 49/80 time=00:00.43 avg=00:00.60 ETA=00:18.67 | GPU MB alloc/reserved=69.9/856.0
2026-04-07 13:15:21 | INFO | [Round 19] epoch=50/80 loss=0.9014 acc=65.04 val_acc=nan data_t=0.0018s batch_t=0.0342s epoch_t=00:00.68 lr=0.000316 | GPU MB alloc/reserved=69.9/856.0
2026-04-07 13:15:21 | INFO | [Round 19] Epoch 50/80 time=00:00.68 avg=00:00.60 ETA=00:18.12 | GPU MB alloc/reserved=69.9/856.0
2026-04-07 13:15:22 | INFO | [Round 19] epoch=51/80 loss=0.9176 acc=65.75 val_acc=nan data_t=0.0018s batch_t=0.0343s epoch_t=00:00.69 lr=0.000298 | GPU MB alloc/reserved=69.9/856.0
2026-04-07 13:15:22 | INFO | [Round 19] Epoch 51/80 time=00:00.69 avg=00:00.61 ETA=00:17.56 | GPU MB alloc/reserved=69.9/856.0
2026-04-07 13:15:22 | INFO | [Round 19] epoch=52/80 loss=0.9036 acc=65.75 val_acc=nan data_t=0.0027s batch_t=0.0294s epoch_t=00:00.61 lr=0.000280 | GPU MB alloc/reserved=69.9/856.0
2026-04-07 13:15:22 | INFO | [Round 19] Epoch 52/80 time=00:00.61 avg=00:00.61 ETA=00:16.96 | GPU MB alloc/reserved=69.9/856.0
2026-04-07 13:15:23 | INFO | [Round 19] epoch=53/80 loss=0.8793 acc=66.50 val_acc=nan data_t=0.0022s batch_t=0.0228s epoch_t=00:00.48 lr=0.000263 | GPU MB alloc/reserved=69.9/856.0
2026-04-07 13:15:23 | INFO | [Round 19] Epoch 53/80 time=00:00.48 avg=00:00.60 ETA=00:16.28 | GPU MB alloc/reserved=69.9/856.0
2026-04-07 13:15:23 | INFO | [Round 19] epoch=54/80 loss=0.8565 acc=67.88 val_acc=nan data_t=0.0019s batch_t=0.0343s epoch_t=00:00.69 lr=0.000246 | GPU MB alloc/reserved=69.9/856.0
2026-04-07 13:15:23 | INFO | [Round 19] Epoch 54/80 time=00:00.69 avg=00:00.60 ETA=00:15.72 | GPU MB alloc/reserved=69.9/856.0
2026-04-07 13:15:24 | INFO | [Round 19] epoch=55/80 loss=0.8512 acc=68.08 val_acc=nan data_t=0.0018s batch_t=0.0343s epoch_t=00:00.68 lr=0.000230 | GPU MB alloc/reserved=69.9/856.0
2026-04-07 13:15:24 | INFO | [Round 19] Epoch 55/80 time=00:00.68 avg=00:00.61 ETA=00:15.15 | GPU MB alloc/reserved=69.9/856.0
2026-04-07 13:15:25 | INFO | [Round 19] epoch=56/80 loss=0.8382 acc=68.42 val_acc=nan data_t=0.0019s batch_t=0.0277s epoch_t=00:00.56 lr=0.000214 | GPU MB alloc/reserved=69.9/856.0
2026-04-07 13:15:25 | INFO | [Round 19] Epoch 56/80 time=00:00.56 avg=00:00.61 ETA=00:14.53 | GPU MB alloc/reserved=69.9/856.0
2026-04-07 13:15:25 | INFO | [Round 19] epoch=57/80 loss=0.8259 acc=68.25 val_acc=nan data_t=0.0020s batch_t=0.0209s epoch_t=00:00.43 lr=0.000199 | GPU MB alloc/reserved=69.9/856.0
2026-04-07 13:15:25 | INFO | [Round 19] Epoch 57/80 time=00:00.43 avg=00:00.60 ETA=00:13.85 | GPU MB alloc/reserved=69.9/856.0
2026-04-07 13:15:26 | INFO | [Round 19] epoch=58/80 loss=0.8117 acc=69.96 val_acc=nan data_t=0.0014s batch_t=0.0342s epoch_t=00:00.68 lr=0.000184 | GPU MB alloc/reserved=69.9/856.0
2026-04-07 13:15:26 | INFO | [Round 19] Epoch 58/80 time=00:00.68 avg=00:00.60 ETA=00:13.28 | GPU MB alloc/reserved=69.9/856.0
2026-04-07 13:15:26 | INFO | [Round 19] epoch=59/80 loss=0.8393 acc=68.63 val_acc=nan data_t=0.0017s batch_t=0.0343s epoch_t=00:00.68 lr=0.000169 | GPU MB alloc/reserved=69.9/856.0
2026-04-07 13:15:26 | INFO | [Round 19] Epoch 59/80 time=00:00.68 avg=00:00.60 ETA=00:12.70 | GPU MB alloc/reserved=69.9/856.0
2026-04-07 13:15:27 | INFO | [Round 19] epoch=60/80 loss=0.8121 acc=68.63 val_acc=nan data_t=0.0017s batch_t=0.0303s epoch_t=00:00.61 lr=0.000155 | GPU MB alloc/reserved=69.9/856.0
2026-04-07 13:15:27 | INFO | [Round 19] Epoch 60/80 time=00:00.61 avg=00:00.61 ETA=00:12.10 | GPU MB alloc/reserved=69.9/856.0
2026-04-07 13:15:27 | INFO | [Round 19] epoch=61/80 loss=0.7936 acc=70.83 val_acc=nan data_t=0.0019s batch_t=0.0211s epoch_t=00:00.44 lr=0.000142 | GPU MB alloc/reserved=69.9/856.0
2026-04-07 13:15:27 | INFO | [Round 19] Epoch 61/80 time=00:00.44 avg=00:00.60 ETA=00:11.44 | GPU MB alloc/reserved=69.9/856.0
2026-04-07 13:15:28 | INFO | [Round 19] epoch=62/80 loss=0.7759 acc=70.25 val_acc=nan data_t=0.0020s batch_t=0.0344s epoch_t=00:00.69 lr=0.000129 | GPU MB alloc/reserved=69.9/856.0
2026-04-07 13:15:28 | INFO | [Round 19] Epoch 62/80 time=00:00.69 avg=00:00.60 ETA=00:10.87 | GPU MB alloc/reserved=69.9/856.0
2026-04-07 13:15:29 | INFO | [Round 19] epoch=63/80 loss=0.7881 acc=70.79 val_acc=nan data_t=0.0014s batch_t=0.0342s epoch_t=00:00.68 lr=0.000116 | GPU MB alloc/reserved=69.9/856.0
2026-04-07 13:15:29 | INFO | [Round 19] Epoch 63/80 time=00:00.68 avg=00:00.60 ETA=00:10.28 | GPU MB alloc/reserved=69.9/856.0
2026-04-07 13:15:29 | INFO | [Round 19] epoch=64/80 loss=0.7746 acc=70.92 val_acc=nan data_t=0.0015s batch_t=0.0308s epoch_t=00:00.61 lr=0.000105 | GPU MB alloc/reserved=69.9/856.0
2026-04-07 13:15:29 | INFO | [Round 19] Epoch 64/80 time=00:00.61 avg=00:00.61 ETA=00:09.68 | GPU MB alloc/reserved=69.9/856.0
2026-04-07 13:15:30 | INFO | [Round 19] epoch=65/80 loss=0.7608 acc=70.83 val_acc=nan data_t=0.0015s batch_t=0.0209s epoch_t=00:00.42 lr=0.000093 | GPU MB alloc/reserved=69.9/856.0
2026-04-07 13:15:30 | INFO | [Round 19] Epoch 65/80 time=00:00.42 avg=00:00.60 ETA=00:09.03 | GPU MB alloc/reserved=69.9/856.0
2026-04-07 13:15:31 | INFO | [Round 19] epoch=66/80 loss=0.7562 acc=71.92 val_acc=nan data_t=0.0018s batch_t=0.0343s epoch_t=00:00.69 lr=0.000083 | GPU MB alloc/reserved=69.9/856.0
2026-04-07 13:15:31 | INFO | [Round 19] Epoch 66/80 time=00:00.69 avg=00:00.60 ETA=00:08.45 | GPU MB alloc/reserved=69.9/856.0
2026-04-07 13:15:31 | INFO | [Round 19] epoch=67/80 loss=0.7413 acc=71.50 val_acc=nan data_t=0.0015s batch_t=0.0343s epoch_t=00:00.68 lr=0.000073 | GPU MB alloc/reserved=69.9/856.0
2026-04-07 13:15:31 | INFO | [Round 19] Epoch 67/80 time=00:00.68 avg=00:00.60 ETA=00:07.86 | GPU MB alloc/reserved=69.9/856.0
2026-04-07 13:15:32 | INFO | [Round 19] epoch=68/80 loss=0.7529 acc=72.42 val_acc=nan data_t=0.0020s batch_t=0.0306s epoch_t=00:00.62 lr=0.000064 | GPU MB alloc/reserved=69.9/856.0
2026-04-07 13:15:32 | INFO | [Round 19] Epoch 68/80 time=00:00.62 avg=00:00.60 ETA=00:07.26 | GPU MB alloc/reserved=69.9/856.0
2026-04-07 13:15:32 | INFO | [Round 19] epoch=69/80 loss=0.7444 acc=72.17 val_acc=nan data_t=0.0017s batch_t=0.0197s epoch_t=00:00.41 lr=0.000055 | GPU MB alloc/reserved=69.9/856.0
2026-04-07 13:15:32 | INFO | [Round 19] Epoch 69/80 time=00:00.41 avg=00:00.60 ETA=00:06.62 | GPU MB alloc/reserved=69.9/856.0
2026-04-07 13:15:33 | INFO | [Round 19] epoch=70/80 loss=0.7493 acc=71.46 val_acc=nan data_t=0.0029s batch_t=0.0343s epoch_t=00:00.71 lr=0.000048 | GPU MB alloc/reserved=69.9/856.0
2026-04-07 13:15:33 | INFO | [Round 19] Epoch 70/80 time=00:00.71 avg=00:00.60 ETA=00:06.04 | GPU MB alloc/reserved=69.9/856.0
2026-04-07 13:15:34 | INFO | [Round 19] epoch=71/80 loss=0.7654 acc=71.21 val_acc=nan data_t=0.0018s batch_t=0.0343s epoch_t=00:00.69 lr=0.000041 | GPU MB alloc/reserved=69.9/856.0
2026-04-07 13:15:34 | INFO | [Round 19] Epoch 71/80 time=00:00.69 avg=00:00.60 ETA=00:05.44 | GPU MB alloc/reserved=69.9/856.0
2026-04-07 13:15:34 | INFO | [Round 19] epoch=72/80 loss=0.7412 acc=72.29 val_acc=nan data_t=0.0018s batch_t=0.0302s epoch_t=00:00.61 lr=0.000034 | GPU MB alloc/reserved=69.9/856.0
2026-04-07 13:15:34 | INFO | [Round 19] Epoch 72/80 time=00:00.61 avg=00:00.60 ETA=00:04.84 | GPU MB alloc/reserved=69.9/856.0
2026-04-07 13:15:35 | INFO | [Round 19] epoch=73/80 loss=0.7301 acc=73.75 val_acc=nan data_t=0.0016s batch_t=0.0208s epoch_t=00:00.43 lr=0.000029 | GPU MB alloc/reserved=69.9/856.0
2026-04-07 13:15:35 | INFO | [Round 19] Epoch 73/80 time=00:00.43 avg=00:00.60 ETA=00:04.22 | GPU MB alloc/reserved=69.9/856.0
2026-04-07 13:15:35 | INFO | [Round 19] epoch=74/80 loss=0.7374 acc=73.21 val_acc=nan data_t=0.0015s batch_t=0.0342s epoch_t=00:00.68 lr=0.000024 | GPU MB alloc/reserved=69.9/856.0
2026-04-07 13:15:35 | INFO | [Round 19] Epoch 74/80 time=00:00.68 avg=00:00.60 ETA=00:03.62 | GPU MB alloc/reserved=69.9/856.0
2026-04-07 13:15:36 | INFO | [Round 19] epoch=75/80 loss=0.7166 acc=74.08 val_acc=nan data_t=0.0017s batch_t=0.0343s epoch_t=00:00.69 lr=0.000020 | GPU MB alloc/reserved=69.9/856.0
2026-04-07 13:15:36 | INFO | [Round 19] Epoch 75/80 time=00:00.69 avg=00:00.60 ETA=00:03.02 | GPU MB alloc/reserved=69.9/856.0
2026-04-07 13:15:37 | INFO | [Round 19] epoch=76/80 loss=0.7239 acc=72.79 val_acc=nan data_t=0.0016s batch_t=0.0308s epoch_t=00:00.62 lr=0.000016 | GPU MB alloc/reserved=69.9/856.0
2026-04-07 13:15:37 | INFO | [Round 19] Epoch 76/80 time=00:00.62 avg=00:00.60 ETA=00:02.42 | GPU MB alloc/reserved=69.9/856.0
2026-04-07 13:15:37 | INFO | [Round 19] epoch=77/80 loss=0.7353 acc=72.17 val_acc=nan data_t=0.0024s batch_t=0.0213s epoch_t=00:00.45 lr=0.000013 | GPU MB alloc/reserved=69.9/856.0
2026-04-07 13:15:37 | INFO | [Round 19] Epoch 77/80 time=00:00.45 avg=00:00.60 ETA=00:01.81 | GPU MB alloc/reserved=69.9/856.0
2026-04-07 13:15:38 | INFO | [Round 19] epoch=78/80 loss=0.7348 acc=72.42 val_acc=nan data_t=0.0023s batch_t=0.0343s epoch_t=00:00.70 lr=0.000012 | GPU MB alloc/reserved=69.9/856.0
2026-04-07 13:15:38 | INFO | [Round 19] Epoch 78/80 time=00:00.70 avg=00:00.60 ETA=00:01.21 | GPU MB alloc/reserved=69.9/856.0
2026-04-07 13:15:38 | INFO | [Round 19] epoch=79/80 loss=0.7202 acc=73.25 val_acc=nan data_t=0.0016s batch_t=0.0342s epoch_t=00:00.68 lr=0.000010 | GPU MB alloc/reserved=69.9/856.0
2026-04-07 13:15:38 | INFO | [Round 19] Epoch 79/80 time=00:00.68 avg=00:00.60 ETA=00:00.60 | GPU MB alloc/reserved=69.9/856.0
2026-04-07 13:15:39 | INFO | [Round 19] epoch=80/80 loss=0.7209 acc=73.62 val_acc=nan data_t=0.0015s batch_t=0.0295s epoch_t=00:00.59 lr=0.000010 | GPU MB alloc/reserved=69.9/856.0
2026-04-07 13:15:39 | INFO | [Round 19] Epoch 80/80 time=00:00.59 avg=00:00.60 ETA=00:00.00 | GPU MB alloc/reserved=69.9/856.0
2026-04-07 13:15:39 | INFO | [Round 19] training complete in 00:48.48 (best monitor=74.083) | GPU MB alloc/reserved=69.9/856.0
2026-04-07 13:15:39 | INFO | [Round 19] evaluation started | GPU MB alloc/reserved=52.0/856.0
2026-04-07 13:15:42 | INFO | [Round 19] clean=61.55 fgsm=50.90 pgd=50.60 grad_disp_mean=nan grad_disp_sel=nan round_t=52.50s | GPU MB alloc/reserved=52.0/856.0
2026-04-07 13:15:42 | INFO | [Round 20/21] elapsed=00:52.50 avg_round=00:35.35 projected_remaining=00:35.35 | GPU MB alloc/reserved=52.0/856.0
2026-04-07 13:15:43 | INFO | [Round 20] acquisition on pool_size=47600 scored_pool=5000 budget=100 | GPU MB alloc/reserved=34.1/856.0
2026-04-07 13:15:43 | INFO | [CoreSet-unlabeled-feat] scoring progress 10/20 elapsed=00:00.21 avg/batch=0.021s ETA=00:00.21 | GPU MB alloc/reserved=40.6/856.0
2026-04-07 13:15:43 | INFO | [CoreSet-unlabeled-feat] scoring progress 20/20 elapsed=00:00.26 avg/batch=0.013s ETA=00:00.00 | GPU MB alloc/reserved=40.6/856.0
2026-04-07 13:15:43 | INFO | [CoreSet-labeled-feat] scoring progress 10/10 elapsed=00:00.20 avg/batch=0.020s ETA=00:00.00 | GPU MB alloc/reserved=42.5/856.0
2026-04-07 13:15:43 | INFO | [CoreSet] greedy 10/100 cover_radius=22.704006 | GPU: n/a
2026-04-07 13:15:44 | INFO | [CoreSet] greedy 20/100 cover_radius=21.926041 | GPU: n/a
2026-04-07 13:15:44 | INFO | [CoreSet] greedy 30/100 cover_radius=21.503792 | GPU: n/a
2026-04-07 13:15:44 | INFO | [CoreSet] greedy 40/100 cover_radius=21.250517 | GPU: n/a
2026-04-07 13:15:44 | INFO | [CoreSet] greedy 50/100 cover_radius=20.910080 | GPU: n/a
2026-04-07 13:15:44 | INFO | [CoreSet] greedy 60/100 cover_radius=20.504597 | GPU: n/a
2026-04-07 13:15:44 | INFO | [CoreSet] greedy 70/100 cover_radius=20.420557 | GPU: n/a
2026-04-07 13:15:44 | INFO | [CoreSet] greedy 80/100 cover_radius=20.297880 | GPU: n/a
2026-04-07 13:15:44 | INFO | [CoreSet] greedy 90/100 cover_radius=20.090361 | GPU: n/a
2026-04-07 13:15:44 | INFO | [CoreSet] greedy 100/100 cover_radius=19.931469 | GPU: n/a
2026-04-07 13:15:44 | INFO | [Round 20] labeled=2500 train=2500 val_fixed=0 | GPU MB alloc/reserved=43.1/856.0
2026-04-07 13:15:45 | INFO | [Round 20] epoch=1/80 loss=3.6872 acc=18.52 val_acc=nan data_t=0.0085s batch_t=0.0357s epoch_t=00:00.88 lr=0.001000 | GPU MB alloc/reserved=69.9/856.0
2026-04-07 13:15:45 | INFO | [Round 20] Epoch 1/80 time=00:00.88 avg=00:00.88 ETA=01:09.85 | GPU MB alloc/reserved=69.9/856.0
2026-04-07 13:15:46 | INFO | [Round 20] epoch=2/80 loss=2.0672 acc=24.40 val_acc=nan data_t=0.0019s batch_t=0.0342s epoch_t=00:00.72 lr=0.000998 | GPU MB alloc/reserved=69.9/856.0
2026-04-07 13:15:46 | INFO | [Round 20] Epoch 2/80 time=00:00.72 avg=00:00.80 ETA=01:02.63 | GPU MB alloc/reserved=69.9/856.0
2026-04-07 13:15:46 | INFO | [Round 20] epoch=3/80 loss=1.9858 acc=26.96 val_acc=nan data_t=0.0015s batch_t=0.0238s epoch_t=00:00.51 lr=0.000997 | GPU MB alloc/reserved=69.9/856.0
2026-04-07 13:15:46 | INFO | [Round 20] Epoch 3/80 time=00:00.51 avg=00:00.70 ETA=00:54.23 | GPU MB alloc/reserved=69.9/856.0
2026-04-07 13:15:47 | INFO | [Round 20] epoch=4/80 loss=1.9001 acc=31.00 val_acc=nan data_t=0.0021s batch_t=0.0277s epoch_t=00:00.59 lr=0.000994 | GPU MB alloc/reserved=69.9/856.0
2026-04-07 13:15:47 | INFO | [Round 20] Epoch 4/80 time=00:00.59 avg=00:00.68 ETA=00:51.45 | GPU MB alloc/reserved=69.9/856.0
2026-04-07 13:15:47 | INFO | [Round 20] epoch=5/80 loss=1.8516 acc=32.44 val_acc=nan data_t=0.0015s batch_t=0.0341s epoch_t=00:00.71 lr=0.000990 | GPU MB alloc/reserved=69.9/856.0
2026-04-07 13:15:47 | INFO | [Round 20] Epoch 5/80 time=00:00.71 avg=00:00.68 ETA=00:51.32 | GPU MB alloc/reserved=69.9/856.0
2026-04-07 13:15:48 | INFO | [Round 20] epoch=6/80 loss=1.7954 acc=34.80 val_acc=nan data_t=0.0014s batch_t=0.0344s epoch_t=00:00.72 lr=0.000986 | GPU MB alloc/reserved=69.9/856.0
2026-04-07 13:15:48 | INFO | [Round 20] Epoch 6/80 time=00:00.72 avg=00:00.69 ETA=00:51.03 | GPU MB alloc/reserved=69.9/856.0
2026-04-07 13:15:48 | INFO | [Round 20] epoch=7/80 loss=1.7651 acc=34.60 val_acc=nan data_t=0.0014s batch_t=0.0195s epoch_t=00:00.42 lr=0.000981 | GPU MB alloc/reserved=69.9/856.0
2026-04-07 13:15:48 | INFO | [Round 20] Epoch 7/80 time=00:00.42 avg=00:00.65 ETA=00:47.50 | GPU MB alloc/reserved=69.9/856.0
2026-04-07 13:15:49 | INFO | [Round 20] epoch=8/80 loss=1.7161 acc=37.24 val_acc=nan data_t=0.0014s batch_t=0.0303s epoch_t=00:00.63 lr=0.000976 | GPU MB alloc/reserved=69.9/856.0
2026-04-07 13:15:49 | INFO | [Round 20] Epoch 8/80 time=00:00.63 avg=00:00.65 ETA=00:46.70 | GPU MB alloc/reserved=69.9/856.0
2026-04-07 13:15:50 | INFO | [Round 20] epoch=9/80 loss=1.6744 acc=36.92 val_acc=nan data_t=0.0014s batch_t=0.0341s epoch_t=00:00.71 lr=0.000969 | GPU MB alloc/reserved=69.9/856.0
2026-04-07 13:15:50 | INFO | [Round 20] Epoch 9/80 time=00:00.71 avg=00:00.66 ETA=00:46.54 | GPU MB alloc/reserved=69.9/856.0
2026-04-07 13:15:51 | INFO | [Round 20] epoch=10/80 loss=1.6346 acc=39.08 val_acc=nan data_t=0.0014s batch_t=0.0342s epoch_t=00:00.71 lr=0.000962 | GPU MB alloc/reserved=69.9/856.0
2026-04-07 13:15:51 | INFO | [Round 20] Epoch 10/80 time=00:00.71 avg=00:00.66 ETA=00:46.29 | GPU MB alloc/reserved=69.9/856.0
2026-04-07 13:15:51 | INFO | [Round 20] epoch=11/80 loss=1.6109 acc=39.88 val_acc=nan data_t=0.0014s batch_t=0.0173s epoch_t=00:00.37 lr=0.000955 | GPU MB alloc/reserved=69.9/856.0
2026-04-07 13:15:51 | INFO | [Round 20] Epoch 11/80 time=00:00.37 avg=00:00.64 ETA=00:43.82 | GPU MB alloc/reserved=69.9/856.0
2026-04-07 13:15:52 | INFO | [Round 20] epoch=12/80 loss=1.5780 acc=40.64 val_acc=nan data_t=0.0019s batch_t=0.0333s epoch_t=00:00.70 lr=0.000946 | GPU MB alloc/reserved=69.9/856.0
2026-04-07 13:15:52 | INFO | [Round 20] Epoch 12/80 time=00:00.70 avg=00:00.64 ETA=00:43.58 | GPU MB alloc/reserved=69.9/856.0
2026-04-07 13:15:52 | INFO | [Round 20] epoch=13/80 loss=1.5659 acc=41.40 val_acc=nan data_t=0.0016s batch_t=0.0342s epoch_t=00:00.72 lr=0.000937 | GPU MB alloc/reserved=69.9/856.0
2026-04-07 13:15:52 | INFO | [Round 20] Epoch 13/80 time=00:00.72 avg=00:00.65 ETA=00:43.32 | GPU MB alloc/reserved=69.9/856.0
2026-04-07 13:15:53 | INFO | [Round 20] epoch=14/80 loss=1.5380 acc=43.16 val_acc=nan data_t=0.0014s batch_t=0.0342s epoch_t=00:00.71 lr=0.000927 | GPU MB alloc/reserved=69.9/856.0
2026-04-07 13:15:53 | INFO | [Round 20] Epoch 14/80 time=00:00.71 avg=00:00.65 ETA=00:42.99 | GPU MB alloc/reserved=69.9/856.0
2026-04-07 13:15:53 | INFO | [Round 20] epoch=15/80 loss=1.5121 acc=42.96 val_acc=nan data_t=0.0014s batch_t=0.0139s epoch_t=00:00.31 lr=0.000917 | GPU MB alloc/reserved=69.9/856.0
2026-04-07 13:15:53 | INFO | [Round 20] Epoch 15/80 time=00:00.31 avg=00:00.63 ETA=00:40.85 | GPU MB alloc/reserved=69.9/856.0
2026-04-07 13:15:54 | INFO | [Round 20] epoch=16/80 loss=1.5053 acc=43.88 val_acc=nan data_t=0.0016s batch_t=0.0341s epoch_t=00:00.71 lr=0.000905 | GPU MB alloc/reserved=69.9/856.0
2026-04-07 13:15:54 | INFO | [Round 20] Epoch 16/80 time=00:00.71 avg=00:00.63 ETA=00:40.56 | GPU MB alloc/reserved=69.9/856.0
2026-04-07 13:15:55 | INFO | [Round 20] epoch=17/80 loss=1.4660 acc=45.32 val_acc=nan data_t=0.0015s batch_t=0.0343s epoch_t=00:00.72 lr=0.000894 | GPU MB alloc/reserved=69.9/856.0
2026-04-07 13:15:55 | INFO | [Round 20] Epoch 17/80 time=00:00.72 avg=00:00.64 ETA=00:40.23 | GPU MB alloc/reserved=69.9/856.0
2026-04-07 13:15:56 | INFO | [Round 20] epoch=18/80 loss=1.4438 acc=44.44 val_acc=nan data_t=0.0014s batch_t=0.0342s epoch_t=00:00.71 lr=0.000881 | GPU MB alloc/reserved=69.9/856.0
2026-04-07 13:15:56 | INFO | [Round 20] Epoch 18/80 time=00:00.71 avg=00:00.64 ETA=00:39.85 | GPU MB alloc/reserved=69.9/856.0
2026-04-07 13:15:56 | INFO | [Round 20] epoch=19/80 loss=1.4264 acc=45.60 val_acc=nan data_t=0.0015s batch_t=0.0123s epoch_t=00:00.28 lr=0.000868 | GPU MB alloc/reserved=69.9/856.0
2026-04-07 13:15:56 | INFO | [Round 20] Epoch 19/80 time=00:00.28 avg=00:00.62 ETA=00:38.03 | GPU MB alloc/reserved=69.9/856.0
2026-04-07 13:15:56 | INFO | [Round 20] epoch=20/80 loss=1.4131 acc=45.52 val_acc=nan data_t=0.0015s batch_t=0.0341s epoch_t=00:00.71 lr=0.000855 | GPU MB alloc/reserved=69.9/856.0
2026-04-07 13:15:56 | INFO | [Round 20] Epoch 20/80 time=00:00.71 avg=00:00.63 ETA=00:37.67 | GPU MB alloc/reserved=69.9/856.0
2026-04-07 13:15:57 | INFO | [Round 20] epoch=21/80 loss=1.4135 acc=47.52 val_acc=nan data_t=0.0014s batch_t=0.0342s epoch_t=00:00.71 lr=0.000841 | GPU MB alloc/reserved=69.9/856.0
2026-04-07 13:15:57 | INFO | [Round 20] Epoch 21/80 time=00:00.71 avg=00:00.63 ETA=00:37.28 | GPU MB alloc/reserved=69.9/856.0
2026-04-07 13:15:58 | INFO | [Round 20] epoch=22/80 loss=1.3983 acc=47.48 val_acc=nan data_t=0.0016s batch_t=0.0342s epoch_t=00:00.72 lr=0.000826 | GPU MB alloc/reserved=69.9/856.0
2026-04-07 13:15:58 | INFO | [Round 20] Epoch 22/80 time=00:00.72 avg=00:00.64 ETA=00:36.87 | GPU MB alloc/reserved=69.9/856.0
2026-04-07 13:15:58 | INFO | [Round 20] epoch=23/80 loss=1.3575 acc=48.92 val_acc=nan data_t=0.0015s batch_t=0.0116s epoch_t=00:00.26 lr=0.000811 | GPU MB alloc/reserved=69.9/856.0
2026-04-07 13:15:58 | INFO | [Round 20] Epoch 23/80 time=00:00.26 avg=00:00.62 ETA=00:35.31 | GPU MB alloc/reserved=69.9/856.0
2026-04-07 13:15:59 | INFO | [Round 20] epoch=24/80 loss=1.3437 acc=47.44 val_acc=nan data_t=0.0015s batch_t=0.0342s epoch_t=00:00.71 lr=0.000796 | GPU MB alloc/reserved=69.9/856.0
2026-04-07 13:15:59 | INFO | [Round 20] Epoch 24/80 time=00:00.71 avg=00:00.62 ETA=00:34.91 | GPU MB alloc/reserved=69.9/856.0
2026-04-07 13:16:00 | INFO | [Round 20] epoch=25/80 loss=1.3127 acc=49.48 val_acc=nan data_t=0.0014s batch_t=0.0341s epoch_t=00:00.71 lr=0.000780 | GPU MB alloc/reserved=69.9/856.0
2026-04-07 13:16:00 | INFO | [Round 20] Epoch 25/80 time=00:00.71 avg=00:00.63 ETA=00:34.47 | GPU MB alloc/reserved=69.9/856.0
2026-04-07 13:16:00 | INFO | [Round 20] epoch=26/80 loss=1.3082 acc=50.28 val_acc=nan data_t=0.0014s batch_t=0.0341s epoch_t=00:00.71 lr=0.000764 | GPU MB alloc/reserved=69.9/856.0
2026-04-07 13:16:00 | INFO | [Round 20] Epoch 26/80 time=00:00.71 avg=00:00.63 ETA=00:34.02 | GPU MB alloc/reserved=69.9/856.0
2026-04-07 13:16:01 | INFO | [Round 20] epoch=27/80 loss=1.3437 acc=49.40 val_acc=nan data_t=0.0016s batch_t=0.0124s epoch_t=00:00.28 lr=0.000747 | GPU MB alloc/reserved=69.9/856.0
2026-04-07 13:16:01 | INFO | [Round 20] Epoch 27/80 time=00:00.28 avg=00:00.62 ETA=00:32.70 | GPU MB alloc/reserved=69.9/856.0
2026-04-07 13:16:01 | INFO | [Round 20] epoch=28/80 loss=1.2859 acc=51.32 val_acc=nan data_t=0.0015s batch_t=0.0341s epoch_t=00:00.71 lr=0.000730 | GPU MB alloc/reserved=69.9/856.0
2026-04-07 13:16:01 | INFO | [Round 20] Epoch 28/80 time=00:00.71 avg=00:00.62 ETA=00:32.27 | GPU MB alloc/reserved=69.9/856.0
2026-04-07 13:16:02 | INFO | [Round 20] epoch=29/80 loss=1.2515 acc=52.72 val_acc=nan data_t=0.0014s batch_t=0.0342s epoch_t=00:00.71 lr=0.000712 | GPU MB alloc/reserved=69.9/856.0
2026-04-07 13:16:02 | INFO | [Round 20] Epoch 29/80 time=00:00.71 avg=00:00.62 ETA=00:31.81 | GPU MB alloc/reserved=69.9/856.0
2026-04-07 13:16:03 | INFO | [Round 20] epoch=30/80 loss=1.2304 acc=52.64 val_acc=nan data_t=0.0014s batch_t=0.0342s epoch_t=00:00.71 lr=0.000694 | GPU MB alloc/reserved=69.9/856.0
2026-04-07 13:16:03 | INFO | [Round 20] Epoch 30/80 time=00:00.71 avg=00:00.63 ETA=00:31.33 | GPU MB alloc/reserved=69.9/856.0
2026-04-07 13:16:03 | INFO | [Round 20] epoch=31/80 loss=1.2428 acc=53.44 val_acc=nan data_t=0.0015s batch_t=0.0121s epoch_t=00:00.27 lr=0.000676 | GPU MB alloc/reserved=69.9/856.0
2026-04-07 13:16:03 | INFO | [Round 20] Epoch 31/80 time=00:00.27 avg=00:00.62 ETA=00:30.14 | GPU MB alloc/reserved=69.9/856.0
2026-04-07 13:16:04 | INFO | [Round 20] epoch=32/80 loss=1.2294 acc=53.88 val_acc=nan data_t=0.0017s batch_t=0.0342s epoch_t=00:00.72 lr=0.000658 | GPU MB alloc/reserved=69.9/856.0
2026-04-07 13:16:04 | INFO | [Round 20] Epoch 32/80 time=00:00.72 avg=00:00.62 ETA=00:29.68 | GPU MB alloc/reserved=69.9/856.0
2026-04-07 13:16:04 | INFO | [Round 20] epoch=33/80 loss=1.2383 acc=53.20 val_acc=nan data_t=0.0015s batch_t=0.0342s epoch_t=00:00.71 lr=0.000639 | GPU MB alloc/reserved=69.9/856.0
2026-04-07 13:16:04 | INFO | [Round 20] Epoch 33/80 time=00:00.71 avg=00:00.62 ETA=00:29.19 | GPU MB alloc/reserved=69.9/856.0
2026-04-07 13:16:05 | INFO | [Round 20] epoch=34/80 loss=1.1811 acc=54.48 val_acc=nan data_t=0.0015s batch_t=0.0343s epoch_t=00:00.72 lr=0.000621 | GPU MB alloc/reserved=69.9/856.0
2026-04-07 13:16:05 | INFO | [Round 20] Epoch 34/80 time=00:00.72 avg=00:00.62 ETA=00:28.70 | GPU MB alloc/reserved=69.9/856.0
2026-04-07 13:16:05 | INFO | [Round 20] epoch=35/80 loss=1.1635 acc=55.36 val_acc=nan data_t=0.0015s batch_t=0.0127s epoch_t=00:00.28 lr=0.000602 | GPU MB alloc/reserved=69.9/856.0
2026-04-07 13:16:05 | INFO | [Round 20] Epoch 35/80 time=00:00.28 avg=00:00.61 ETA=00:27.64 | GPU MB alloc/reserved=69.9/856.0
2026-04-07 13:16:06 | INFO | [Round 20] epoch=36/80 loss=1.1551 acc=55.20 val_acc=nan data_t=0.0017s batch_t=0.0342s epoch_t=00:00.72 lr=0.000582 | GPU MB alloc/reserved=69.9/856.0
2026-04-07 13:16:06 | INFO | [Round 20] Epoch 36/80 time=00:00.72 avg=00:00.62 ETA=00:27.15 | GPU MB alloc/reserved=69.9/856.0
2026-04-07 13:16:07 | INFO | [Round 20] epoch=37/80 loss=1.1322 acc=57.64 val_acc=nan data_t=0.0016s batch_t=0.0343s epoch_t=00:00.72 lr=0.000563 | GPU MB alloc/reserved=69.9/856.0
2026-04-07 13:16:07 | INFO | [Round 20] Epoch 37/80 time=00:00.72 avg=00:00.62 ETA=00:26.65 | GPU MB alloc/reserved=69.9/856.0
2026-04-07 13:16:08 | INFO | [Round 20] epoch=38/80 loss=1.1452 acc=57.28 val_acc=nan data_t=0.0024s batch_t=0.0342s epoch_t=00:00.73 lr=0.000544 | GPU MB alloc/reserved=69.9/856.0
2026-04-07 13:16:08 | INFO | [Round 20] Epoch 38/80 time=00:00.73 avg=00:00.62 ETA=00:26.16 | GPU MB alloc/reserved=69.9/856.0
2026-04-07 13:16:08 | INFO | [Round 20] epoch=39/80 loss=1.1120 acc=58.40 val_acc=nan data_t=0.0022s batch_t=0.0097s epoch_t=00:00.24 lr=0.000524 | GPU MB alloc/reserved=69.9/856.0
2026-04-07 13:16:08 | INFO | [Round 20] Epoch 39/80 time=00:00.24 avg=00:00.61 ETA=00:25.13 | GPU MB alloc/reserved=69.9/856.0
2026-04-07 13:16:09 | INFO | [Round 20] epoch=40/80 loss=1.1039 acc=58.28 val_acc=nan data_t=0.0016s batch_t=0.0343s epoch_t=00:00.72 lr=0.000505 | GPU MB alloc/reserved=69.9/856.0
2026-04-07 13:16:09 | INFO | [Round 20] Epoch 40/80 time=00:00.72 avg=00:00.62 ETA=00:24.62 | GPU MB alloc/reserved=69.9/856.0
2026-04-07 13:16:09 | INFO | [Round 20] epoch=41/80 loss=1.0668 acc=59.56 val_acc=nan data_t=0.0019s batch_t=0.0342s epoch_t=00:00.72 lr=0.000486 | GPU MB alloc/reserved=69.9/856.0
2026-04-07 13:16:09 | INFO | [Round 20] Epoch 41/80 time=00:00.72 avg=00:00.62 ETA=00:24.11 | GPU MB alloc/reserved=69.9/856.0
2026-04-07 13:16:10 | INFO | [Round 20] epoch=42/80 loss=1.0979 acc=59.40 val_acc=nan data_t=0.0017s batch_t=0.0342s epoch_t=00:00.72 lr=0.000466 | GPU MB alloc/reserved=69.9/856.0
2026-04-07 13:16:10 | INFO | [Round 20] Epoch 42/80 time=00:00.72 avg=00:00.62 ETA=00:23.58 | GPU MB alloc/reserved=69.9/856.0
2026-04-07 13:16:10 | INFO | [Round 20] epoch=43/80 loss=1.0424 acc=60.12 val_acc=nan data_t=0.0016s batch_t=0.0105s epoch_t=00:00.24 lr=0.000447 | GPU MB alloc/reserved=69.9/856.0
2026-04-07 13:16:10 | INFO | [Round 20] Epoch 43/80 time=00:00.24 avg=00:00.61 ETA=00:22.63 | GPU MB alloc/reserved=69.9/856.0
2026-04-07 13:16:11 | INFO | [Round 20] epoch=44/80 loss=1.0405 acc=60.32 val_acc=nan data_t=0.0017s batch_t=0.0342s epoch_t=00:00.72 lr=0.000428 | GPU MB alloc/reserved=69.9/856.0
2026-04-07 13:16:11 | INFO | [Round 20] Epoch 44/80 time=00:00.72 avg=00:00.61 ETA=00:22.11 | GPU MB alloc/reserved=69.9/856.0
2026-04-07 13:16:12 | INFO | [Round 20] epoch=45/80 loss=1.0204 acc=60.80 val_acc=nan data_t=0.0027s batch_t=0.0344s epoch_t=00:00.74 lr=0.000408 | GPU MB alloc/reserved=69.9/856.0
2026-04-07 13:16:12 | INFO | [Round 20] Epoch 45/80 time=00:00.74 avg=00:00.62 ETA=00:21.60 | GPU MB alloc/reserved=69.9/856.0
2026-04-07 13:16:12 | INFO | [Round 20] epoch=46/80 loss=1.0248 acc=60.72 val_acc=nan data_t=0.0017s batch_t=0.0344s epoch_t=00:00.72 lr=0.000389 | GPU MB alloc/reserved=69.9/856.0
2026-04-07 13:16:12 | INFO | [Round 20] Epoch 46/80 time=00:00.72 avg=00:00.62 ETA=00:21.06 | GPU MB alloc/reserved=69.9/856.0
2026-04-07 13:16:13 | INFO | [Round 20] epoch=47/80 loss=0.9825 acc=63.48 val_acc=nan data_t=0.0014s batch_t=0.0104s epoch_t=00:00.24 lr=0.000371 | GPU MB alloc/reserved=69.9/856.0
2026-04-07 13:16:13 | INFO | [Round 20] Epoch 47/80 time=00:00.24 avg=00:00.61 ETA=00:20.17 | GPU MB alloc/reserved=69.9/856.0
2026-04-07 13:16:13 | INFO | [Round 20] epoch=48/80 loss=0.9827 acc=63.00 val_acc=nan data_t=0.0019s batch_t=0.0342s epoch_t=00:00.72 lr=0.000352 | GPU MB alloc/reserved=69.9/856.0
2026-04-07 13:16:13 | INFO | [Round 20] Epoch 48/80 time=00:00.72 avg=00:00.61 ETA=00:19.63 | GPU MB alloc/reserved=69.9/856.0
2026-04-07 13:16:14 | INFO | [Round 20] epoch=49/80 loss=0.9659 acc=62.60 val_acc=nan data_t=0.0017s batch_t=0.0342s epoch_t=00:00.72 lr=0.000334 | GPU MB alloc/reserved=69.9/856.0
2026-04-07 13:16:14 | INFO | [Round 20] Epoch 49/80 time=00:00.72 avg=00:00.62 ETA=00:19.08 | GPU MB alloc/reserved=69.9/856.0
2026-04-07 13:16:15 | INFO | [Round 20] epoch=50/80 loss=0.9733 acc=63.96 val_acc=nan data_t=0.0017s batch_t=0.0342s epoch_t=00:00.72 lr=0.000316 | GPU MB alloc/reserved=69.9/856.0
2026-04-07 13:16:15 | INFO | [Round 20] Epoch 50/80 time=00:00.72 avg=00:00.62 ETA=00:18.53 | GPU MB alloc/reserved=69.9/856.0
2026-04-07 13:16:15 | INFO | [Round 20] epoch=51/80 loss=0.9655 acc=62.80 val_acc=nan data_t=0.0014s batch_t=0.0111s epoch_t=00:00.25 lr=0.000298 | GPU MB alloc/reserved=69.9/856.0
2026-04-07 13:16:15 | INFO | [Round 20] Epoch 51/80 time=00:00.25 avg=00:00.61 ETA=00:17.70 | GPU MB alloc/reserved=69.9/856.0
2026-04-07 13:16:16 | INFO | [Round 20] epoch=52/80 loss=0.9398 acc=64.20 val_acc=nan data_t=0.0017s batch_t=0.0342s epoch_t=00:00.72 lr=0.000280 | GPU MB alloc/reserved=69.9/856.0
2026-04-07 13:16:16 | INFO | [Round 20] Epoch 52/80 time=00:00.72 avg=00:00.61 ETA=00:17.15 | GPU MB alloc/reserved=69.9/856.0
2026-04-07 13:16:17 | INFO | [Round 20] epoch=53/80 loss=0.9388 acc=64.56 val_acc=nan data_t=0.0015s batch_t=0.0342s epoch_t=00:00.71 lr=0.000263 | GPU MB alloc/reserved=69.9/856.0
2026-04-07 13:16:17 | INFO | [Round 20] Epoch 53/80 time=00:00.71 avg=00:00.61 ETA=00:16.59 | GPU MB alloc/reserved=69.9/856.0
2026-04-07 13:16:17 | INFO | [Round 20] epoch=54/80 loss=0.9129 acc=65.24 val_acc=nan data_t=0.0016s batch_t=0.0342s epoch_t=00:00.72 lr=0.000246 | GPU MB alloc/reserved=69.9/856.0
2026-04-07 13:16:17 | INFO | [Round 20] Epoch 54/80 time=00:00.72 avg=00:00.62 ETA=00:16.03 | GPU MB alloc/reserved=69.9/856.0
2026-04-07 13:16:18 | INFO | [Round 20] epoch=55/80 loss=0.9247 acc=64.60 val_acc=nan data_t=0.0014s batch_t=0.0107s epoch_t=00:00.24 lr=0.000230 | GPU MB alloc/reserved=69.9/856.0
2026-04-07 13:16:18 | INFO | [Round 20] Epoch 55/80 time=00:00.24 avg=00:00.61 ETA=00:15.24 | GPU MB alloc/reserved=69.9/856.0
2026-04-07 13:16:18 | INFO | [Round 20] epoch=56/80 loss=0.9246 acc=65.40 val_acc=nan data_t=0.0015s batch_t=0.0341s epoch_t=00:00.71 lr=0.000214 | GPU MB alloc/reserved=69.9/856.0
2026-04-07 13:16:18 | INFO | [Round 20] Epoch 56/80 time=00:00.71 avg=00:00.61 ETA=00:14.67 | GPU MB alloc/reserved=69.9/856.0
2026-04-07 13:16:19 | INFO | [Round 20] epoch=57/80 loss=0.9046 acc=65.48 val_acc=nan data_t=0.0015s batch_t=0.0342s epoch_t=00:00.71 lr=0.000199 | GPU MB alloc/reserved=69.9/856.0
2026-04-07 13:16:19 | INFO | [Round 20] Epoch 57/80 time=00:00.71 avg=00:00.61 ETA=00:14.10 | GPU MB alloc/reserved=69.9/856.0
2026-04-07 13:16:20 | INFO | [Round 20] epoch=58/80 loss=0.9048 acc=64.52 val_acc=nan data_t=0.0015s batch_t=0.0342s epoch_t=00:00.71 lr=0.000184 | GPU MB alloc/reserved=69.9/856.0
2026-04-07 13:16:20 | INFO | [Round 20] Epoch 58/80 time=00:00.71 avg=00:00.61 ETA=00:13.53 | GPU MB alloc/reserved=69.9/856.0
2026-04-07 13:16:20 | INFO | [Round 20] epoch=59/80 loss=0.8827 acc=66.76 val_acc=nan data_t=0.0015s batch_t=0.0119s epoch_t=00:00.27 lr=0.000169 | GPU MB alloc/reserved=69.9/856.0
2026-04-07 13:16:20 | INFO | [Round 20] Epoch 59/80 time=00:00.27 avg=00:00.61 ETA=00:12.79 | GPU MB alloc/reserved=69.9/856.0
2026-04-07 13:16:21 | INFO | [Round 20] epoch=60/80 loss=0.8872 acc=66.00 val_acc=nan data_t=0.0020s batch_t=0.0342s epoch_t=00:00.72 lr=0.000155 | GPU MB alloc/reserved=69.9/856.0
2026-04-07 13:16:21 | INFO | [Round 20] Epoch 60/80 time=00:00.72 avg=00:00.61 ETA=00:12.22 | GPU MB alloc/reserved=69.9/856.0
2026-04-07 13:16:21 | INFO | [Round 20] epoch=61/80 loss=0.8615 acc=67.48 val_acc=nan data_t=0.0014s batch_t=0.0342s epoch_t=00:00.71 lr=0.000142 | GPU MB alloc/reserved=69.9/856.0
2026-04-07 13:16:21 | INFO | [Round 20] Epoch 61/80 time=00:00.71 avg=00:00.61 ETA=00:11.64 | GPU MB alloc/reserved=69.9/856.0
2026-04-07 13:16:22 | INFO | [Round 20] epoch=62/80 loss=0.8728 acc=67.28 val_acc=nan data_t=0.0016s batch_t=0.0342s epoch_t=00:00.72 lr=0.000129 | GPU MB alloc/reserved=69.9/856.0
2026-04-07 13:16:22 | INFO | [Round 20] Epoch 62/80 time=00:00.72 avg=00:00.61 ETA=00:11.06 | GPU MB alloc/reserved=69.9/856.0
2026-04-07 13:16:22 | INFO | [Round 20] epoch=63/80 loss=0.8496 acc=67.72 val_acc=nan data_t=0.0015s batch_t=0.0119s epoch_t=00:00.27 lr=0.000116 | GPU MB alloc/reserved=69.9/856.0
2026-04-07 13:16:22 | INFO | [Round 20] Epoch 63/80 time=00:00.27 avg=00:00.61 ETA=00:10.35 | GPU MB alloc/reserved=69.9/856.0
2026-04-07 13:16:23 | INFO | [Round 20] epoch=64/80 loss=0.8508 acc=67.52 val_acc=nan data_t=0.0015s batch_t=0.0342s epoch_t=00:00.71 lr=0.000105 | GPU MB alloc/reserved=69.9/856.0
2026-04-07 13:16:23 | INFO | [Round 20] Epoch 64/80 time=00:00.71 avg=00:00.61 ETA=00:09.77 | GPU MB alloc/reserved=69.9/856.0
2026-04-07 13:16:24 | INFO | [Round 20] epoch=65/80 loss=0.8355 acc=68.28 val_acc=nan data_t=0.0016s batch_t=0.0342s epoch_t=00:00.72 lr=0.000093 | GPU MB alloc/reserved=69.9/856.0
2026-04-07 13:16:24 | INFO | [Round 20] Epoch 65/80 time=00:00.72 avg=00:00.61 ETA=00:09.18 | GPU MB alloc/reserved=69.9/856.0
2026-04-07 13:16:24 | INFO | [Round 20] epoch=66/80 loss=0.8233 acc=69.28 val_acc=nan data_t=0.0015s batch_t=0.0342s epoch_t=00:00.71 lr=0.000083 | GPU MB alloc/reserved=69.9/856.0
2026-04-07 13:16:24 | INFO | [Round 20] Epoch 66/80 time=00:00.71 avg=00:00.61 ETA=00:08.59 | GPU MB alloc/reserved=69.9/856.0
2026-04-07 13:16:25 | INFO | [Round 20] epoch=67/80 loss=0.8299 acc=68.56 val_acc=nan data_t=0.0015s batch_t=0.0124s epoch_t=00:00.28 lr=0.000073 | GPU MB alloc/reserved=69.9/856.0
2026-04-07 13:16:25 | INFO | [Round 20] Epoch 67/80 time=00:00.28 avg=00:00.61 ETA=00:07.91 | GPU MB alloc/reserved=69.9/856.0
2026-04-07 13:16:25 | INFO | [Round 20] epoch=68/80 loss=0.8213 acc=67.52 val_acc=nan data_t=0.0014s batch_t=0.0342s epoch_t=00:00.71 lr=0.000064 | GPU MB alloc/reserved=69.9/856.0
2026-04-07 13:16:25 | INFO | [Round 20] Epoch 68/80 time=00:00.71 avg=00:00.61 ETA=00:07.32 | GPU MB alloc/reserved=69.9/856.0
2026-04-07 13:16:26 | INFO | [Round 20] epoch=69/80 loss=0.8186 acc=68.24 val_acc=nan data_t=0.0019s batch_t=0.0342s epoch_t=00:00.72 lr=0.000055 | GPU MB alloc/reserved=69.9/856.0
2026-04-07 13:16:26 | INFO | [Round 20] Epoch 69/80 time=00:00.72 avg=00:00.61 ETA=00:06.73 | GPU MB alloc/reserved=69.9/856.0
2026-04-07 13:16:27 | INFO | [Round 20] epoch=70/80 loss=0.8147 acc=67.48 val_acc=nan data_t=0.0014s batch_t=0.0342s epoch_t=00:00.71 lr=0.000048 | GPU MB alloc/reserved=69.9/856.0
2026-04-07 13:16:27 | INFO | [Round 20] Epoch 70/80 time=00:00.71 avg=00:00.61 ETA=00:06.13 | GPU MB alloc/reserved=69.9/856.0
2026-04-07 13:16:27 | INFO | [Round 20] epoch=71/80 loss=0.7923 acc=70.12 val_acc=nan data_t=0.0027s batch_t=0.0101s epoch_t=00:00.26 lr=0.000041 | GPU MB alloc/reserved=69.9/856.0
2026-04-07 13:16:27 | INFO | [Round 20] Epoch 71/80 time=00:00.26 avg=00:00.61 ETA=00:05.47 | GPU MB alloc/reserved=69.9/856.0
2026-04-07 13:16:28 | INFO | [Round 20] epoch=72/80 loss=0.8026 acc=69.44 val_acc=nan data_t=0.0022s batch_t=0.0341s epoch_t=00:00.73 lr=0.000034 | GPU MB alloc/reserved=69.9/856.0
2026-04-07 13:16:28 | INFO | [Round 20] Epoch 72/80 time=00:00.73 avg=00:00.61 ETA=00:04.88 | GPU MB alloc/reserved=69.9/856.0
2026-04-07 13:16:29 | INFO | [Round 20] epoch=73/80 loss=0.7937 acc=70.04 val_acc=nan data_t=0.0029s batch_t=0.0343s epoch_t=00:00.75 lr=0.000029 | GPU MB alloc/reserved=69.9/856.0
2026-04-07 13:16:29 | INFO | [Round 20] Epoch 73/80 time=00:00.75 avg=00:00.61 ETA=00:04.28 | GPU MB alloc/reserved=69.9/856.0
2026-04-07 13:16:29 | INFO | [Round 20] epoch=74/80 loss=0.8158 acc=67.36 val_acc=nan data_t=0.0014s batch_t=0.0342s epoch_t=00:00.71 lr=0.000024 | GPU MB alloc/reserved=69.9/856.0
2026-04-07 13:16:29 | INFO | [Round 20] Epoch 74/80 time=00:00.71 avg=00:00.61 ETA=00:03.68 | GPU MB alloc/reserved=69.9/856.0
2026-04-07 13:16:30 | INFO | [Round 20] epoch=75/80 loss=0.8231 acc=68.08 val_acc=nan data_t=0.0015s batch_t=0.0102s epoch_t=00:00.23 lr=0.000020 | GPU MB alloc/reserved=69.9/856.0
2026-04-07 13:16:30 | INFO | [Round 20] Epoch 75/80 time=00:00.23 avg=00:00.61 ETA=00:03.04 | GPU MB alloc/reserved=69.9/856.0
2026-04-07 13:16:30 | INFO | [Round 20] epoch=76/80 loss=0.8115 acc=69.24 val_acc=nan data_t=0.0021s batch_t=0.0342s epoch_t=00:00.73 lr=0.000016 | GPU MB alloc/reserved=69.9/856.0
2026-04-07 13:16:30 | INFO | [Round 20] Epoch 76/80 time=00:00.73 avg=00:00.61 ETA=00:02.44 | GPU MB alloc/reserved=69.9/856.0
2026-04-07 13:16:31 | INFO | [Round 20] epoch=77/80 loss=0.7756 acc=70.80 val_acc=nan data_t=0.0018s batch_t=0.0341s epoch_t=00:00.72 lr=0.000013 | GPU MB alloc/reserved=69.9/856.0
2026-04-07 13:16:31 | INFO | [Round 20] Epoch 77/80 time=00:00.72 avg=00:00.61 ETA=00:01.83 | GPU MB alloc/reserved=69.9/856.0
2026-04-07 13:16:32 | INFO | [Round 20] epoch=78/80 loss=0.7897 acc=70.88 val_acc=nan data_t=0.0013s batch_t=0.0345s epoch_t=00:00.72 lr=0.000012 | GPU MB alloc/reserved=69.9/856.0
2026-04-07 13:16:32 | INFO | [Round 20] Epoch 78/80 time=00:00.72 avg=00:00.61 ETA=00:01.22 | GPU MB alloc/reserved=69.9/856.0
2026-04-07 13:16:32 | INFO | [Round 20] epoch=79/80 loss=0.8066 acc=69.56 val_acc=nan data_t=0.0016s batch_t=0.0113s epoch_t=00:00.26 lr=0.000010 | GPU MB alloc/reserved=69.9/856.0
2026-04-07 13:16:32 | INFO | [Round 20] Epoch 79/80 time=00:00.26 avg=00:00.61 ETA=00:00.61 | GPU MB alloc/reserved=69.9/856.0
2026-04-07 13:16:33 | INFO | [Round 20] epoch=80/80 loss=0.8034 acc=69.08 val_acc=nan data_t=0.0018s batch_t=0.0346s epoch_t=00:00.73 lr=0.000010 | GPU MB alloc/reserved=69.9/856.0
2026-04-07 13:16:33 | INFO | [Round 20] Epoch 80/80 time=00:00.73 avg=00:00.61 ETA=00:00.00 | GPU MB alloc/reserved=69.9/856.0
2026-04-07 13:16:33 | INFO | [Round 20] training complete in 00:48.87 (best monitor=70.880) | GPU MB alloc/reserved=69.9/856.0
2026-04-07 13:16:33 | INFO | [Round 20] evaluation started | GPU MB alloc/reserved=52.0/856.0
2026-04-07 13:16:35 | INFO | [Round 20] clean=61.63 fgsm=51.39 pgd=50.85 grad_disp_mean=nan grad_disp_sel=nan round_t=52.51s | GPU MB alloc/reserved=52.0/856.0
2026-04-07 13:16:35 | INFO | [Round 21/21] elapsed=00:52.51 avg_round=00:36.17 projected_remaining=00:00.00 | GPU MB alloc/reserved=52.0/856.0
2026-04-07 13:16:36 | INFO | Method coreset finished in 778.05s | GPU MB alloc/reserved=34.1/856.0
