avg_batch_time_sec,avg_data_time_sec,epoch,epoch_time_sec,lr,round,train_acc,train_loss,val_acc
0.23452389863086864,0.041829841618891805,1,1.105599588016048,0.000999618372939158,0,9.99999994635582,5.275220737457276,-1.0
0.034328130597714335,0.010377693688496947,2,0.1789682439994067,0.0009984740801978985,0,11.39999998807907,4.4602556266784665,-1.0
0.03510068997275084,0.014338412263896316,3,0.19788969005458057,0.0009965688861926887,0,16.200000095367432,2.7038474044799803,-1.0
0.03465198806952685,0.013505631417501718,4,0.19277110905386508,0.0009939057285945933,0,18.799999809265138,2.401497667312622,-1.0
0.03406035149237141,0.010005804244428873,5,0.17639002110809088,0.0009904887137995992,0,26.0,2.1152016468048096,-1.0
0.03409315849421546,0.013200739223975688,6,0.18931568088009953,0.00098632311059685,0,23.199999964237215,2.076813747406006,-1.0
0.03498255094746128,0.013068078260403126,7,0.19234324805438519,0.0009814153420445555,0,25.000000131130218,2.0155859298706056,-1.0
0.014931953977793455,0.013603981002233922,8,0.11430046590976417,0.0009757729755661012,0,28.99999976158142,2.0087768325805664,-1.0
0.012075550970621407,0.009601135272532701,9,0.08689294382929802,0.0009694047112816298,0,29.200000131130217,1.9579833812713623,-1.0
0.029202534293290228,0.007282608421519399,10,0.14613165706396103,0.0009623203685930871,0,32.600000166893004,1.9014846172332764,-1.0
0.03441279468825087,0.006428325606975704,11,0.1635080659762025,0.0009545308710434153,0,34.39999969005585,1.8499277381896972,-1.0
0.03425777005031705,0.014085329952649772,12,0.19351425301283598,0.0009460482294732422,0,34.39999964237213,1.800313712120056,-1.0
0.034292679745703936,0.006830686004832387,13,0.16465446399524808,0.0009368855235010348,0,37.79999964237213,1.7663341693878174,-1.0
0.0344000180484727,0.01390384545084089,14,0.19336162297986448,0.0009270568813552758,0,33.199999761581424,1.815347650527954,-1.0
0.03432045626686886,0.009476168197579682,15,0.1753324158489704,0.0009165774580897602,0,36.59999990463257,1.7293143320083617,-1.0
0.033981107466388494,0.013961497286800295,16,0.1918956560548395,0.0009054634122155992,0,38.19999990463257,1.7310658082962036,-1.0
0.03433563653379679,0.013530300988350064,17,0.19160746480338275,0.0008937318807859689,0,39.39999988079071,1.6655553073883056,-1.0
0.034432143555022776,0.013922556187026203,18,0.19354099198244512,0.0008814009529720156,0,38.79999990463257,1.6511101083755493,-1.0
0.03407167352270335,0.013971922744531184,19,0.19230036297813058,0.0008684896421706646,0,41.199999642372134,1.5995485858917236,-1.0
0.03450120473280549,0.014745173510164022,20,0.19711170298978686,0.0008550178566873412,0,41.39999988079071,1.5962543964385987,-1.0
0.03160935133928433,0.013692819164134562,21,0.18134539597667754,0.0008410063690388064,0,38.599999690055846,1.620290638923645,-1.0
0.010773116257041693,0.01332167600048706,22,0.09653583401814103,0.0008264767839234412,0,43.80000026226044,1.5629867687225343,-1.0
0.012530755484476686,0.006910388299729675,23,0.07798938103951514,0.000811451504908368,0,43.999999833107,1.536106819152832,-1.0
0.03419434482930228,0.00603477843105793,24,0.16112505504861474,0.0007959536998847743,0,43.00000007152558,1.5571385517120362,-1.0
0.03442768950480968,0.009392422274686396,25,0.17542204004712403,0.0007800072653447032,0,44.200000047683716,1.5217416944503783,-1.0
0.034307248482946306,0.013508929288946092,26,0.1913908589631319,0.0007636367895343947,0,44.599999856948855,1.4772206392288207,-1.0
0.03420216095400974,0.01407869579270482,27,0.1932343328371644,0.0007468675145409928,0,47.00000007152558,1.4793429365158082,-1.0
0.03404570947168395,0.005870332010090351,28,0.15977021493017673,0.0007297252973710758,0,45.39999964237213,1.4652056875228883,-1.0
0.034011280455160886,0.009792126307729632,29,0.1753161009401083,0.0007122365700810271,0,44.80000002384186,1.4660801916122437,-1.0
0.034146692720241845,0.013313847011886537,30,0.18996498407796025,0.0006944282990207196,0,47.200000047683716,1.4544936914443969,-1.0
0.03442875895416364,0.013412741769570857,31,0.19147281302139163,0.0006763279432533592,0,46.79999961853027,1.4259424419403077,-1.0
0.034106500272173434,0.013449787744320929,32,0.19033448584377766,0.0006579634122155992,0,47.600000095367434,1.387684573173523,-1.0
0.03446495998650789,0.013387469516601413,33,0.19151670788414776,0.000639363022683212,0,49.39999976158142,1.3711834478378295,-1.0
0.034337546559982,0.013552186486776918,34,0.19166997796855867,0.0006205554551086735,0,50.799999475479126,1.3502405920028686,-1.0
0.020708162512164563,0.013476655527483672,35,0.13683734880760312,0.0006015697093979838,0,51.40000004768372,1.3597843799591065,-1.0
0.011578033037949353,0.014123524713795632,36,0.10294817411340773,0.0005824350601949146,0,52.2,1.3718895902633668,-1.0
0.028563791885972023,0.007739367836620659,37,0.14538492704741657,0.0005631810117416299,0,51.20000026226044,1.3525307693481445,-1.0
0.034322509018238634,0.009033097012434155,38,0.17357980902306736,0.0005438372523852835,0,52.8,1.2876273603439332,-1.0
0.034150055900681764,0.012521664320956916,39,0.18681520293466747,0.0005244336088007391,0,52.19999978542328,1.2795136518478394,-1.0
0.03429132024757564,0.012129205977544188,40,0.18582755303941667,0.0005050000000000001,0,52.60000026226044,1.2656969509124756,-1.0
0.03443806478753686,0.009421801485586911,41,0.1755697699263692,0.0004855663911992613,0,55.4,1.2432079248428345,-1.0
0.03438709338661283,0.013504099333658814,42,0.19169238186441362,0.00046616274761471693,0,53.99999947547913,1.279770372390747,-1.0
0.03451350028626621,0.009888223255984485,43,0.1777362881693989,0.00044681898825837057,0,55.4000006198883,1.1877728672027588,-1.0
0.03464282146887854,0.013242214277852327,44,0.19167169998399913,0.000427564939805086,0,56.20000061988831,1.198908115386963,-1.0
0.034139840048737824,0.014086256735026836,45,0.19303148798644543,0.00040843029060201667,0,56.199999284744266,1.1796354122161865,-1.0
0.03459414903772995,0.009270456968806684,46,0.17559377709403634,0.000389444544891327,0,54.799999952316284,1.222654179573059,-1.0
0.03413404949242249,0.007035950955469161,47,0.16480804281309247,0.0003706369773167883,0,55.199999713897704,1.2251910028457642,-1.0
0.0345867503201589,0.009264843945857137,48,0.1755357899237424,0.0003520365877844012,0,58.60000038146973,1.141095043182373,-1.0
0.01565053832018748,0.007041486969683319,49,0.09088855097070336,0.0003336720567466412,0,57.59999976158142,1.1431690101623535,-1.0
0.010044960246887058,0.011970661231316626,50,0.08821373293176293,0.0003155717009792807,0,57.59999952316284,1.1511650037765504,-1.0
0.015270413481630385,0.00712792674312368,51,0.08977311896160245,0.00029776342991897335,0,55.199999761581424,1.1134558954238891,-1.0
0.034018633770756423,0.005896563990972936,52,0.15978714008815587,0.00028027470262892445,0,57.5999997138977,1.1263051624298095,-1.0
0.033943273476324975,0.006075006036553532,53,0.1602035230025649,0.0002631324854590073,0,59.39999942779541,1.1114918718338012,-1.0
0.034369116474408656,0.006038937252014875,54,0.1617606971412897,0.0002463632104656054,0,60.20000061988831,1.1307686882019043,-1.0
0.034470020211301744,0.006971339287701994,55,0.16589369089342654,0.0002299927346552969,0,55.60000023841858,1.1302678966522217,-1.0
0.03449848049785942,0.008255764027126133,56,0.17115669790655375,0.00021404630011522587,0,59.79999990463257,1.0682905359268189,-1.0
0.03452862304402515,0.007197931234259158,57,0.16704206098802388,0.00019854849509163232,0,58.80000038146973,1.1351787090301513,-1.0
0.03411671327194199,0.008620688458904624,58,0.17107885098084807,0.00018352321607655918,0,61.39999942779541,1.0438258028030396,-1.0
0.03448768181260675,0.007011168927419931,59,0.16610527806915343,0.00016899363096119395,0,59.40000057220459,1.060949767112732,-1.0
0.03448915353510529,0.00872288946993649,60,0.17295633419416845,0.000154982143312659,0,62.400000190734865,1.0192491292953492,-1.0
0.03424335550516844,0.010463542770594358,61,0.17894329596310854,0.0001415103578293356,0,60.000000143051146,1.0683345289230346,-1.0
0.03431631496641785,0.007406714255921543,62,0.16700790985487401,0.0001285990470279847,0,61.20000061988831,1.0237374305725098,-1.0
0.03459131479030475,0.008753952977713197,63,0.17349518300034106,0.0001162681192140312,0,60.4000006198883,1.0547105808258057,-1.0
0.03143854468362406,0.006272825296036899,64,0.15095174801535904,0.00010453658778440107,0,60.999999618530275,1.0366646780967712,-1.0
0.009680631745141,0.007613068737555295,65,0.06928406585939229,9.342254191024022e-05,0,63.59999947547912,0.9962272396087647,-1.0
0.008347835042513907,0.006910928466822952,66,0.06114344717934728,8.294311864472437e-05,0,64.000000333786,0.9886670713424682,-1.0
0.02918181545101106,0.006696590280625969,67,0.14362673298455775,7.311447649896551e-05,0,63.800000524520875,1.0034007306098938,-1.0
0.03427111450582743,0.00749735749559477,68,0.1671843440271914,6.395177052675794e-05,0,62.999999570846555,1.0053709192276001,-1.0
0.03402788221137598,0.007118480280041695,69,0.1646976179908961,5.546912895658472e-05,0,61.59999990463257,1.0325212097167968,-1.0
0.03417094674659893,0.009596398507710546,70,0.17518026591278613,4.767963140691306e-05,0,66.39999985694885,1.0041419506072997,-1.0
0.03402306273346767,0.00952310353750363,71,0.17429497092962265,4.059528871837034e-05,0,62.79999961853027,1.0127580871582031,-1.0
0.03457277955021709,0.010332082747481763,72,0.1797295529395342,3.4227024433899e-05,0,63.79999966621399,0.984902382850647,-1.0
0.03453642228851095,0.009802386746741831,73,0.17747010802850127,2.8584657955444653e-05,0,62.599999856948855,0.9814263753890992,-1.0
0.034317554149311036,0.010553938103839755,74,0.17962169204838574,2.367688940315011e-05,0,65.39999985694885,1.0034585509300231,-1.0
0.03438177751377225,0.008937130507547408,75,0.17340365378186107,1.951128620040094e-05,0,61.99999990463257,1.0282238416671754,-1.0
0.03455647180089727,0.011390674975700676,76,0.18391749006696045,1.6094271405406862e-05,0,63.80000014305115,1.0100264873504639,-1.0
0.03445603424916044,0.009401381015777588,77,0.17556020617485046,1.3431113807311488e-05,0,63.400000381469724,0.9783956680297852,-1.0
0.034364511957392097,0.011168343829922378,78,0.1822639510501176,1.1525919802101659e-05,0,61.79999961853027,0.9993080878257752,-1.0
0.029046928219031543,0.007286917534656823,79,0.14545927802100778,1.0381627060842164e-05,0,61.80000014305115,0.9758610248565673,-1.0
0.009674863307736814,0.01130595023278147,80,0.08404652797617018,1e-05,0,64.60000038146973,0.9996689167022705,-1.0
0.038090916955843566,0.03286226983182132,1,0.35491002001799643,0.000999618372939158,1,11.500000099341074,4.779894116719563,-1.0
0.034102206211537124,0.009351861989125609,2,0.21739619015716016,0.0009984740801978985,1,14.16666672627131,3.8354752604166666,-1.0
0.03414388559758663,0.011605431791394949,3,0.2288701729848981,0.0009965688861926887,1,19.000000139077503,2.6692810026804605,-1.0
0.03400425910949707,0.012306960485875606,4,0.23167398502118886,0.0009939057285945933,1,24.333333611488342,2.1105767981211345,-1.0
0.034091435838490725,0.011193149164319039,5,0.22653159918263555,0.0009904887137995992,1,24.666666746139526,2.0348358233769734,-1.0
0.03384989537298679,0.011758639197796582,6,0.2281604299787432,0.00098632311059685,1,31.00000011920929,1.9407674980163574,-1.0
0.03426301698200405,0.008106704195961356,7,0.2119611541274935,0.0009814153420445555,1,30.00000007947286,1.9309015941619874,-1.0
0.03399242702871561,0.005138296168297529,8,0.1957638820167631,0.0009757729755661012,1,31.166666587193806,1.8880671469370525,-1.0
0.03262410485185683,0.011359156342223287,9,0.22004807298071682,0.0009694047112816298,1,32.833333253860474,1.828059229850769,-1.0
0.00894811125472188,0.011348145548254251,10,0.10162001196295023,0.0009623203685930871,1,32.833333333333336,1.7994890817006428,-1.0
0.011553341196849943,0.005309720803052187,11,0.08443556097336113,0.0009545308710434153,1,35.666666746139526,1.766030478477478,-1.0
0.03415713203139603,0.005462009180337191,12,0.19821496517397463,0.0009460482294732422,1,36.833333333333336,1.7677813402811686,-1.0
0.03412989717908203,0.007746104011312127,13,0.2094887790735811,0.0009368855235010348,1,37.00000007947286,1.7246712255477905,-1.0
0.03413240518420935,0.01071833581663668,14,0.22439136100001633,0.0009270568813552758,1,40.666666865348816,1.7108030732472737,-1.0
0.03416135217994452,0.011074589984491467,15,0.22630750318057835,0.0009165774580897602,1,38.833333333333336,1.6715339962641398,-1.0
0.03411114136688411,0.010812138253822923,16,0.22473870101384819,0.0009054634122155992,1,40.833333571751915,1.6339378881454467,-1.0
0.03423677766695619,0.012334026955068111,17,0.2329710579942912,0.0008937318807859689,1,41.50000027815501,1.5976947816212972,-1.0
0.034162698220461606,0.011594751384109259,18,0.22889715200290084,0.0008814009529720156,1,41.333333571751915,1.5544931348164877,-1.0
0.03402696857228875,0.01159142479300499,19,0.22820847108960152,0.0008684896421706646,1,42.666666984558105,1.5750363445281983,-1.0
0.03417798089794814,0.010244494071230292,20,0.22222168883308768,0.0008550178566873412,1,43.1666667064031,1.5091960446039836,-1.0
0.0187417674344033,0.011904102750122547,21,0.15333314682357013,0.0008410063690388064,1,44.16666706403097,1.5068117761611939,-1.0
0.008219683356583119,0.010515570221468807,22,0.09378702403046191,0.0008264767839234412,1,43.66666706403097,1.499972791671753,-1.0
0.021455165231600404,0.005210792971774935,23,0.13344670506194234,0.000811451504908368,1,46.6666667064031,1.468792462348938,-1.0
0.0341048619709909,0.00739699462428689,24,0.20762914302758873,0.0007959536998847743,1,47.50000011920929,1.4479102834065756,-1.0
0.0340061557944864,0.010037267208099365,25,0.22034854209050536,0.0007800072653447032,1,47.500000397364296,1.4542881011962892,-1.0
0.03422281863167882,0.011385757988318802,26,0.22815218707546592,0.0007636367895343947,1,46.83333373069763,1.4006661542256673,-1.0
0.03399113342165947,0.010199359990656376,27,0.22106992383487523,0.0007468675145409928,1,51.166666746139526,1.3611129236221313,-1.0
0.0341523646377027,0.011168040148913861,28,0.226716844830662,0.0007297252973710758,1,48.83333373069763,1.3819505246480306,-1.0
0.033951039286330344,0.01069667935371399,29,0.22335193282924592,0.0007122365700810271,1,50.50000003973643,1.3702543083826701,-1.0
0.03418897744268179,0.011262421542778612,30,0.22736961394548416,0.0006944282990207196,1,50.166666865348816,1.3665742270151775,-1.0
0.03423927263356745,0.011641990393400192,31,0.22951488802209496,0.0006763279432533592,1,51.16666650772095,1.334175140062968,-1.0
0.03410172499716282,0.011791173601523042,32,0.2295751590281725,0.0006579634122155992,1,52.33333349227905,1.3195285781224568,-1.0
0.011375550646334887,0.010552389360964299,33,0.10974608990363777,0.000639363022683212,1,52.166667222976685,1.3050690857569376,-1.0
0.0082192771602422,0.005562665639445186,34,0.06903498200699687,0.0006205554551086735,1,51.49999984105428,1.3223289966583252,-1.0
0.033862073859199884,0.005457742745056749,35,0.1967161379288882,0.0006015697093979838,1,55.166666746139526,1.2750687885284424,-1.0
0.03406042479909956,0.006115025794133544,36,0.2009877390228212,0.0005824350601949146,1,56.50000055631002,1.2263580640157064,-1.0
0.033924381528049705,0.010442540096119047,37,0.22194256098009646,0.0005631810117416299,1,57.33333388964335,1.2013349119822185,-1.0
0.03426281022839248,0.010991224972531199,38,0.22638090210966766,0.0005438372523852835,1,56.33333341280619,1.2159143050511678,-1.0
0.03407007162459195,0.010942179197445511,39,0.22518972610123456,0.0005244336088007391,1,58.83333349227905,1.1897778352101644,-1.0
0.03419814496301114,0.009870395623147487,40,0.22045113611966372,0.0005050000000000001,1,57.00000047683716,1.1720163520177205,-1.0
0.03418654599227011,0.01093012122437358,41,0.22569960006512702,0.0004855663911992613,1,59.50000023841858,1.1584805806477865,-1.0
0.03418760974891484,0.011097646225243807,42,0.22653866815380752,0.00046616274761471693,1,57.33333396911621,1.1477666680018108,-1.0
0.03413743223063648,0.01141636618413031,43,0.22789010289125144,0.00044681898825837057,1,57.000000635782875,1.1531917651494343,-1.0
0.02835797779262066,0.010319179622456431,44,0.19349787500686944,0.000427564939805086,1,59.83333388964335,1.1376546891530355,-1.0
0.008370998641476035,0.01159037034958601,45,0.09993103099986911,0.00040843029060201667,1,58.99999984105428,1.1028655544916788,-1.0
0.015228673070669174,0.005748786497861147,46,0.10500319208949804,0.000389444544891327,1,62.33333341280619,1.0617987330754597,-1.0
0.03391070100478828,0.005316496780142188,47,0.19626508210785687,0.0003706369773167883,1,61.66666650772095,1.047623184521993,-1.0
0.03383924141526222,0.009899873379617929,48,0.21882885484956205,0.0003520365877844012,1,60.83333396911621,1.0926135778427124,-1.0
0.03408254222013056,0.01092506954446435,49,0.22515283105894923,0.0003336720567466412,1,59.66666714350382,1.0872152678171794,-1.0
0.03386432938277721,0.011176406033337116,50,0.22531861998140812,0.0003155717009792807,1,63.16666682561239,1.0314093112945557,-1.0
0.03404256235808134,0.010824464866891504,51,0.22444146499037743,0.00029776342991897335,1,63.33333396911621,1.0356241289774577,-1.0
0.03393727238290012,0.010886117443442344,52,0.224233312997967,0.00028027470262892445,1,64.83333388964336,0.9824672285715739,-1.0
0.03403366282582283,0.011336508160457014,53,0.2269860280212015,0.0002631324854590073,1,63.00000007947286,1.0413385343551635,-1.0
0.03411415154114365,0.010923210671171546,54,0.22531783813610673,0.0002463632104656054,1,65.00000031789143,1.0102418041229249,-1.0
0.03417782261967659,0.011511753220111132,55,0.22855721204541624,0.0002299927346552969,1,66.6666665871938,0.9539575322469076,-1.0
0.011521661980077624,0.011491520423442125,56,0.11519581614993513,0.00021404630011522587,1,66.50000055631001,0.9476971832911173,-1.0
0.008262175461277365,0.006416118564084172,57,0.07356379786506295,0.00019854849509163232,1,63.16666658719381,1.0015872422854106,-1.0
0.032193102827295664,0.005935520399361849,58,0.19075945112854242,0.00018352321607655918,1,64.50000023841858,0.9726484028498331,-1.0
0.03390365820378065,0.008243022440001368,59,0.21084401803091168,0.00016899363096119395,1,67.16666690508525,0.9360413646697998,-1.0
0.034162515820935366,0.008618252770975231,60,0.21401069406419992,0.000154982143312659,1,66.1666669845581,0.9503112880388895,-1.0
0.0340806373860687,0.010146877216175198,61,0.2212509331293404,0.0001415103578293356,1,68.6666669845581,0.9158480755488078,-1.0
0.03402488762512803,0.010350634949281812,62,0.22198584489524364,0.0001285990470279847,1,66.33333333333333,0.9557198397318523,-1.0
0.03408749760128558,0.00796580477617681,63,0.21038547181524336,0.0001162681192140312,1,67.16666738192241,0.9160177985827128,-1.0
0.03409200240857899,0.009183880174532533,64,0.2165132339578122,0.00010453658778440107,1,65.00000047683716,0.9393189223607381,-1.0
0.034074007580056784,0.012604169640690088,65,0.23350098100490868,9.342254191024022e-05,1,68.33333388964336,0.9081421995162964,-1.0
0.03395019331946969,0.011906222300603985,66,0.22939625894650817,8.294311864472437e-05,1,67.66666690508525,0.9199791693687439,-1.0
0.033362194430083036,0.00843959916383028,67,0.20912150805816054,7.311447649896551e-05,1,67.83333396911621,0.8843488804499309,-1.0
0.009589832648634911,0.010278889583423734,68,0.09947925293818116,6.395177052675794e-05,1,69.00000063578288,0.8904702591896058,-1.0
0.016094636404886842,0.007674684794619679,69,0.1189598951023072,5.546912895658472e-05,1,67.66666706403096,0.9099145317077637,-1.0
0.03388412459753454,0.006869115820154548,70,0.20387787907384336,4.767963140691306e-05,1,66.83333388964336,0.9063439655303955,-1.0
0.03403261499479413,0.008021066011860967,71,0.21038605109788477,4.059528871837034e-05,1,67.49999992052715,0.8924966470400493,-1.0
0.03416520594619214,0.01038401066325605,72,0.2228558079805225,3.4227024433899e-05,1,67.83333396911621,0.8842611527442932,-1.0
0.03399695176631212,0.011030169250443578,73,0.22525244997814298,2.8584657955444653e-05,1,69.16666682561238,0.860754652818044,-1.0
0.03412776598706842,0.010232433583587408,74,0.22192712710238993,2.367688940315011e-05,1,64.50000047683716,0.9076400669415792,-1.0
0.034107974451035264,0.01091183559037745,75,0.22521604504436255,1.951128620040094e-05,1,66.83333396911621,0.8941477060317993,-1.0
0.03416880145668984,0.01168295512907207,76,0.22937473701313138,1.6094271405406862e-05,1,68.50000047683716,0.8588120810190837,-1.0
0.03387531540356577,0.010287480195984244,77,0.2209258850198239,1.3431113807311488e-05,1,68.66666722297668,0.8604893390337626,-1.0
0.03387161623686552,0.010756544768810272,78,0.22325458703562617,1.1525919802101659e-05,1,68.50000015894572,0.8805854058265686,-1.0
0.010663828160613776,0.010796184418722987,79,0.10740343783982098,1.0381627060842164e-05,1,67.6666669845581,0.8808204507827759,-1.0
0.008302545826882123,0.008204799192026258,80,0.08264548680745065,1e-05,1,68.49999992052715,0.8497300728162129,-1.0
0.03906808141618967,0.027004887931980193,1,0.3965862679760903,0.000999618372939158,2,10.571428622518267,4.847759391239711,-1.0
0.03367658382436881,0.004596593168874581,2,0.22976177698001266,0.0009984740801978985,2,12.714285859039851,3.289733845846994,-1.0
0.03403531154617667,0.00959980379169186,3,0.2619638021569699,0.0009965688861926887,2,20.857142976352147,2.205678409848894,-1.0
0.033707734158573054,0.004647225490771234,4,0.2302660420536995,0.0009939057285945933,2,24.571428656578064,2.10027631350926,-1.0
0.0338507613632828,0.01002233731560409,5,0.26337528694421053,0.0009904887137995992,2,26.857142857142858,2.011661380359105,-1.0
0.03389805900709083,0.009947062858069936,6,0.2632152969017625,0.00098632311059685,2,28.857142993382045,1.9583033875056675,-1.0
0.03378896900297453,0.009885208331979811,7,0.26218526414595544,0.0009814153420445555,2,29.7142858675548,1.891477462223598,-1.0
0.011954570965220531,0.009517575846984982,8,0.12900654086843133,0.0009757729755661012,2,35.28571459225246,1.7962969936643327,-1.0
0.008074930519796908,0.004733272983382146,9,0.07697001216001809,0.0009694047112816298,2,32.42857163293021,1.8054705783299037,-1.0
0.03348419066363325,0.004640931185955803,10,0.22886718506924808,0.0009623203685930871,2,34.285714524132864,1.7779274429593768,-1.0
0.03388973666975895,0.00446865800768137,11,0.23030115407891572,0.0009545308710434153,2,37.42857163293021,1.7262138189588274,-1.0
0.03397470728183786,0.009192077869859835,12,0.2591553730890155,0.0009460482294732422,2,37.85714304447174,1.7024121979304723,-1.0
0.033893353887833655,0.010325913627942404,13,0.2654776980634779,0.0009368855235010348,2,39.142857210976736,1.6454737165996007,-1.0
0.033983301759387054,0.009520233065510789,14,0.2611725958995521,0.0009270568813552758,2,38.7142859356744,1.6473739671707153,-1.0
0.0339856935509791,0.010028913772354523,15,0.26424970803782344,0.0009165774580897602,2,39.85714316368103,1.6527280964170183,-1.0
0.03401152417063713,0.009555744472891092,16,0.26155065186321735,0.0009054634122155992,2,40.28571466037205,1.6033050339562551,-1.0
0.03378730150870979,0.010113430325873196,17,0.26355979312211275,0.0008937318807859689,2,43.28571455819266,1.5376856797082084,-1.0
0.014591018320061266,0.009221886013013622,18,0.14305075607262552,0.0008814009529720156,2,41.42857149669102,1.5761900765555246,-1.0
0.008483833516947925,0.006737088978600998,19,0.09153493889607489,0.0008684896421706646,2,43.00000018732889,1.5421244178499494,-1.0
0.03353377497599771,0.004395601688884199,20,0.2277114330790937,0.0008550178566873412,2,41.28571443898337,1.552053439276559,-1.0
0.03386187646538019,0.007030890866493185,21,0.24550091102719307,0.0008410063690388064,2,46.4285718032292,1.4593508652278355,-1.0
0.03370622304889063,0.004538656445220113,22,0.22960349800996482,0.0008264767839234412,2,47.00000028950827,1.4455587761742728,-1.0
0.033977946965023875,0.009903991711325943,23,0.2634184011258185,0.000811451504908368,2,46.14285731315613,1.4502176128114972,-1.0
0.033828820334747434,0.006443138505953054,24,0.24176973896101117,0.0007959536998847743,2,46.00000013623919,1.4393433489118304,-1.0
0.033966157818213105,0.009744432211543122,25,0.2623763089068234,0.0007800072653447032,2,47.42857159887041,1.3941542312077113,-1.0
0.03377865689496199,0.008351623468721906,26,0.2528953708242625,0.0007636367895343947,2,48.285714285714285,1.37369094984872,-1.0
0.03393135049069921,0.008520521650401255,27,0.25481907511129975,0.0007468675145409928,2,47.85714299338205,1.3654466717583793,-1.0
0.023220874136313796,0.008435659382181862,28,0.19004724198020995,0.0007297252973710758,2,49.142857449395315,1.3471705607005529,-1.0
0.008173900656402111,0.008259213141476115,29,0.09872145694680512,0.0007122365700810271,2,48.285714626312256,1.3459817034857613,-1.0
0.025373240971627336,0.0043570791992048425,30,0.17849635309539735,0.0006944282990207196,2,48.428571581840515,1.3434437813077653,-1.0
0.033969170840767525,0.00790674650731186,31,0.2513655701186508,0.0006763279432533592,2,48.42857166699001,1.3426650149481638,-1.0
0.033893370147173606,0.008026451376887659,32,0.2516425549983978,0.0006579634122155992,2,53.57142857142857,1.2916983209337507,-1.0
0.03385599283501506,0.008646251517347991,33,0.25512706604786217,0.000639363022683212,2,53.285714524132864,1.256580332347325,-1.0
0.03395593383659919,0.00660223215042303,34,0.24346670298837125,0.0006205554551086735,2,53.00000023841858,1.2404939024788992,-1.0
0.03362314546635995,0.008285082022969922,35,0.2515655888710171,0.0006015697093979838,2,51.57142872469766,1.2736003746305193,-1.0
0.03394944740769764,0.008228397423711916,36,0.25318216090090573,0.0005824350601949146,2,53.85714323180063,1.224545397077288,-1.0
0.033823717618361115,0.008349904208444059,37,0.2531587569974363,0.0005631810117416299,2,53.142857381275725,1.2454243728092738,-1.0
0.03356780530884862,0.004853902384638786,38,0.23064226401038468,0.0005438372523852835,2,55.857143010411946,1.1928295878001622,-1.0
0.008608406642451882,0.00884047100165238,39,0.1048086890950799,0.0005244336088007391,2,58.000000204358784,1.1369823374067034,-1.0
0.012655040676084658,0.004423710634000599,40,0.10258967289701104,0.0005050000000000001,2,57.00000034059797,1.1610686125074114,-1.0
0.033767754988123976,0.0043095400324091315,41,0.22857582801952958,0.0004855663911992613,2,58.14285724503653,1.1175153289522444,-1.0
0.03386317833792418,0.009022922837175429,42,0.25742663093842566,0.00046616274761471693,2,56.42857142857143,1.148520555496216,-1.0
0.03395386436022818,0.00935989098312954,43,0.2599983050022274,0.00044681898825837057,2,58.28571466037205,1.1109985365186419,-1.0
0.03369358585526546,0.004184046488565703,44,0.22737432713620365,0.000427564939805086,2,58.57142880984715,1.1304035520553588,-1.0
0.03376391801672677,0.004161359160207212,45,0.2276645628735423,0.00040843029060201667,2,59.42857163293021,1.0863414662224906,-1.0
0.03374781044355283,0.004035271859417359,46,0.22680762805975974,0.000389444544891327,2,60.71428615706308,1.0547637047086442,-1.0
0.03368297157188257,0.00809227826539427,47,0.2507672228384763,0.0003706369773167883,2,57.85714302744184,1.0840550535065787,-1.0
0.03389172104652971,0.008073980609575907,48,0.2519129188731313,0.0003520365877844012,2,57.71428619112287,1.0606314965656825,-1.0
0.023750687677723665,0.008090687488826612,49,0.19115437008440495,0.0003336720567466412,2,62.14285741533552,1.0333095444951739,-1.0
0.008756069544081887,0.007134497980587184,50,0.09547789604403079,0.0003155717009792807,2,61.28571459225246,1.007502290861947,-1.0
0.027851346026485164,0.00649458565749228,51,0.20620016590692103,0.00029776342991897335,2,61.57142891202654,1.0226181186948504,-1.0
0.03360912417216847,0.003969313149961333,52,0.22557973698712885,0.00028027470262892445,2,63.857143197740825,0.9923382799965995,-1.0
0.03398061745489637,0.009879259703059992,53,0.26329851103946567,0.0002631324854590073,2,62.7142858505249,1.026133008343833,-1.0
0.033864358362431325,0.0066425473196431994,54,0.2431697971187532,0.0002463632104656054,2,64.00000010217938,0.9578163794108799,-1.0
0.03396938547181586,0.0067954735131934285,55,0.24470105208456516,0.0002299927346552969,2,63.71428625924246,0.9668675790514265,-1.0
0.03387763979844749,0.00861590118923535,56,0.2550726330373436,0.00021404630011522587,2,62.71428625924246,0.9941069163594927,-1.0
0.03384589578490704,0.006687324571733673,57,0.24331105803139508,0.00019854849509163232,2,64.28571445601327,0.984872157233102,-1.0
0.033701664535328746,0.004570449120365083,58,0.22974990704096854,0.00018352321607655918,2,65.00000040871757,0.9362264592306955,-1.0
0.0339197563395525,0.004672516991073887,59,0.23166029900312424,0.00016899363096119395,2,62.42857190540859,0.9732657759530203,-1.0
0.010980437548520664,0.005759282464471956,60,0.10054249712266028,0.000154982143312659,2,68.28571445601327,0.8822808963911873,-1.0
0.01003002852667123,0.007398995958889524,61,0.10470927995629609,0.0001415103578293356,2,66.85714326586042,0.9076250450951713,-1.0
0.03382853131430844,0.00820024668549498,62,0.2523248160723597,0.0001285990470279847,2,67.28571452413287,0.9114282318523952,-1.0
0.03362066469465693,0.006853969302028418,63,0.24296469893306494,0.0001162681192140312,2,65.57142867360797,0.9142869772229876,-1.0
0.03390744945500046,0.008442162536084652,64,0.25420635589398444,0.00010453658778440107,2,64.71428615706307,0.9209951462064471,-1.0
0.033932667380819716,0.00840687945795556,65,0.2541537871584296,9.342254191024022e-05,2,65.71428622518268,0.9192744680813381,-1.0
0.033895351303120456,0.009123658838992318,66,0.258230835897848,8.294311864472437e-05,2,68.71428578240531,0.8900822366986956,-1.0
0.033732782661293946,0.008966166176833212,67,0.2563268020749092,7.311447649896551e-05,2,65.28571472849164,0.9004493066242762,-1.0
0.03405092319007963,0.009346919638725618,68,0.26050346181727946,6.395177052675794e-05,2,69.28571479661124,0.8549190858432225,-1.0
0.03376966156065464,0.009459124606413146,69,0.2594819311052561,5.546912895658472e-05,2,66.57142877578735,0.8801509945733207,-1.0
0.011211182184827825,0.009424055111594498,70,0.12391387904062867,4.767963140691306e-05,2,66.14285731315613,0.8939272294725691,-1.0
0.008246545835087696,0.00707783301671346,71,0.09204995911568403,4.059528871837034e-05,2,66.7142858845847,0.8824519790921892,-1.0
0.031154379015788436,0.00446014862973243,72,0.21379802213050425,3.4227024433899e-05,2,65.4285717691694,0.8922871381895883,-1.0
0.03401745285373181,0.004440100126278897,73,0.23087193700484931,2.8584657955444653e-05,2,67.7142858845847,0.86647832938603,-1.0
0.03383013318913678,0.00530046996815751,74,0.23489256296306849,2.367688940315011e-05,2,67.00000044277736,0.8568909781319755,-1.0
0.033854972648744784,0.009452935347023109,75,0.25998009694740176,1.951128620040094e-05,2,69.14285734721592,0.8668519810267857,-1.0
0.033957085805013776,0.008959519366423288,76,0.25763003597967327,1.6094271405406862e-05,2,68.28571435383388,0.8469389339855738,-1.0
0.033856351394206285,0.008397153268257776,77,0.25365499779582024,1.3431113807311488e-05,2,66.71428612300328,0.9194383559908186,-1.0
0.03389067815927168,0.010167496007246276,78,0.2644654579926282,1.1525919802101659e-05,2,67.28571469443185,0.9069472033636911,-1.0
0.03376889512098084,0.007155581222226222,79,0.24566638702526689,1.0381627060842164e-05,2,71.85714299338204,0.8391299768856594,-1.0
0.031330644890355565,0.009092840792921683,80,0.2426566770300269,1e-05,2,68.28571442195347,0.8425190084321158,-1.0
0.03828064837892141,0.02335438019196902,1,0.43160512996837497,0.000999618372939158,3,13.375,5.000291061401367,-1.0
0.03378686335469995,0.006070605379396251,2,0.2792756110429764,0.0009984740801978985,3,13.625,3.0627403259277344,-1.0
0.03388148536240416,0.004295912937128118,3,0.2673773020505905,0.0009965688861926887,3,19.875,2.275900573730469,-1.0
0.033528690825083425,0.005808585589485509,4,0.2755044891964644,0.0009939057285945933,3,24.125,2.095953063964844,-1.0
0.033750558903973014,0.006514699530920812,5,0.28199313301593065,0.0009904887137995992,3,28.0,2.0118206787109374,-1.0
0.03372991783544421,0.00833189973075475,6,0.29455882287584245,0.00098632311059685,3,30.25,1.9111821746826172,-1.0
0.01798644016629883,0.008455626666545868,7,0.18522132793441415,0.0009814153420445555,3,29.75,1.9303129959106444,-1.0
0.012424073281830974,0.007307411869987845,8,0.13823077199049294,0.0009757729755661012,3,33.125,1.8588269805908204,-1.0
0.03381896557818566,0.003789258256022419,9,0.26336411689408123,0.0009694047112816298,3,34.5,1.7957047271728515,-1.0
0.03379300782190902,0.0037097651844045947,10,0.2626425758935511,0.0009623203685930871,3,35.5,1.7708933639526367,-1.0
0.033811369977359264,0.0040307243221572465,11,0.26501583214849234,0.0009545308710434153,3,33.125,1.748131637573242,-1.0
0.03368416817725769,0.0039433088220123735,12,0.2635109769180417,0.0009460482294732422,3,39.125,1.7180315017700196,-1.0
0.033689658789496334,0.007812741911038756,13,0.2906274611596018,0.0009368855235010348,3,38.75,1.702200050354004,-1.0
0.034131246452618925,0.007815304112487606,14,0.29373930394649506,0.0009270568813552758,3,37.75,1.6783708953857421,-1.0
0.03364485312652375,0.007668062312794583,15,0.2893203420098871,0.0009165774580897602,3,37.5,1.650861644744873,-1.0
0.02340419457427093,0.008183846582791634,16,0.22125204093754292,0.0009054634122155992,3,38.125,1.6257829856872559,-1.0
0.008882742508181505,0.006270772478144083,17,0.106181904906407,0.0008937318807859689,3,38.375,1.6241669464111328,-1.0
0.033453695476055145,0.004963463405147195,18,0.2690422560553998,0.0008814009529720156,3,40.5,1.5781795692443847,-1.0
0.03379989395450268,0.007651298639497587,19,0.2902650178875774,0.0008684896421706646,3,44.0,1.5487957000732422,-1.0
0.03371172667747097,0.008266593030254756,20,0.29395656986162066,0.0008550178566873412,3,41.75,1.5479669380187988,-1.0
0.03362904385929661,0.009163411433941551,21,0.29965973598882556,0.0008410063690388064,3,44.625,1.533669662475586,-1.0
0.03360623962778066,0.00901023338415793,22,0.2984234730247408,0.0008264767839234412,3,44.375,1.4920834350585936,-1.0
0.03372354665771127,0.00786000576668552,23,0.2911962231155485,0.000811451504908368,3,46.625,1.4856044387817382,-1.0
0.03370882194888379,0.007735232756073985,24,0.29023330099880695,0.0007959536998847743,3,46.125,1.473200626373291,-1.0
0.014419394678303174,0.009216158018846596,25,0.16557758091948926,0.0007800072653447032,3,45.625,1.4512383842468262,-1.0
0.00795688629815621,0.005418458255007863,26,0.09376687090843916,0.0007636367895343947,3,46.75,1.4288852310180664,-1.0
0.0334440308756062,0.003661841553236757,27,0.2598785830195993,0.0007468675145409928,3,45.75,1.4289952659606933,-1.0
0.033613538036921194,0.008544632533032979,28,0.2952336729504168,0.0007297252973710758,3,45.625,1.4124066543579101,-1.0
0.0338986878549414,0.008340864575334958,29,0.29580091312527657,0.0007122365700810271,3,49.5,1.3980996704101563,-1.0
0.03374162209885461,0.007696928755779352,30,0.29019665508531034,0.0006944282990207196,3,48.125,1.3733478164672852,-1.0
0.03386513905466667,0.008319692819246225,31,0.29542639199644327,0.0006763279432533592,3,47.5,1.3741591835021973,-1.0
0.03371755629112678,0.008747662849990385,32,0.2973993190098554,0.0006579634122155992,3,50.75,1.3261135864257811,-1.0
0.0336112428589591,0.007230776861043913,33,0.2860221490263939,0.000639363022683212,3,47.375,1.3433085250854493,-1.0
0.013892452166016613,0.007601355269019093,34,0.1505804369226098,0.0006205554551086735,3,46.125,1.3500271224975586,-1.0
0.008408650290220976,0.00683146299395178,35,0.1068094449583441,0.0006015697093979838,3,50.25,1.3242606925964355,-1.0
0.03371689937609647,0.004303662172917809,36,0.2662756680510938,0.0005824350601949146,3,48.25,1.313208694458008,-1.0
0.033624369551294615,0.00586321614017444,37,0.2765430740546435,0.0005631810117416299,3,49.625,1.292053394317627,-1.0
0.03379684663377702,0.00750067424295204,38,0.28920989600010216,0.0005438372523852835,3,51.375,1.2338532829284667,-1.0
0.03363605139644018,0.007536871192444648,39,0.28834087401628494,0.0005244336088007391,3,51.75,1.293344841003418,-1.0
0.033645712970090766,0.00861899574686374,40,0.2959785789716989,0.0005050000000000001,3,49.5,1.259672622680664,-1.0
0.03385533412386264,0.00803547858127526,41,0.2933632698841393,0.0004855663911992613,3,52.875,1.2629789543151855,-1.0
0.03373725030438176,0.00800425442866981,42,0.2923157799523324,0.00046616274761471693,3,54.25,1.1988346290588379,-1.0
0.015034632258383291,0.009347142751461692,43,0.17079444811679423,0.00044681898825837057,3,55.625,1.1859661293029786,-1.0
0.008482936437108688,0.005596587700503213,44,0.09869799111038446,0.000427564939805086,3,54.25,1.1865115356445313,-1.0
0.03339072220426585,0.004289230365040047,45,0.2638917160220444,0.00040843029060201667,3,53.5,1.2080882263183594,-1.0
0.033633278749350994,0.0036999214041445938,46,0.2614581489469856,0.000389444544891327,3,55.0,1.213623275756836,-1.0
0.033691923499905636,0.009071284905076027,47,0.29946875805035233,0.0003706369773167883,3,54.5,1.208123016357422,-1.0
0.0335880918760917,0.007676339275868875,48,0.2889932009857148,0.0003520365877844012,3,59.625,1.1412649536132813,-1.0
0.033638288865664175,0.008386430131005389,49,0.29429645789787173,0.0003336720567466412,3,56.5,1.1335744285583496,-1.0
0.03367602110042104,0.008777038327285222,50,0.29729924793355167,0.0003155717009792807,3,58.625,1.112196578979492,-1.0
0.03412503399886191,0.009045722295663186,51,0.30231983005069196,0.00029776342991897335,3,57.375,1.0982224082946777,-1.0
0.017646300406860455,0.00866100870605026,52,0.18427403806708753,0.00028027470262892445,3,56.375,1.1498620891571045,-1.0
0.008323588674621922,0.006412775455308812,53,0.10327908489853144,0.0002631324854590073,3,58.75,1.113522891998291,-1.0
0.03363000072671899,0.004286864007424031,54,0.26555156288668513,0.0002463632104656054,3,56.75,1.1455790710449218,-1.0
0.03368472317898912,0.005731997845162239,55,0.27604853291995823,0.0002299927346552969,3,58.0,1.0782012939453125,-1.0
0.033681433415040374,0.0073226561570273975,56,0.28715660818852484,0.00021404630011522587,3,60.125,1.0743404626846313,-1.0
0.0337038358141269,0.003775059777711119,57,0.2624794899020344,0.00019854849509163232,3,57.375,1.0626523399353027,-1.0
0.033741390465625694,0.007906500815546938,58,0.2916629610117525,0.00018352321607655918,3,58.25,1.087221908569336,-1.0
0.03376856396373894,0.007745050459301898,59,0.29072100995108485,0.00016899363096119395,3,58.75,1.0719124507904052,-1.0
0.0338226473956768,0.00804762332700193,60,0.2932158010080457,0.000154982143312659,3,62.0,1.052950258255005,-1.0
0.021503476459266885,0.008474815670134766,61,0.20996588096022606,0.0001415103578293356,3,61.0,1.0383030414581298,-1.0
0.008391852024942636,0.007757812705157059,62,0.11317839799448848,0.0001285990470279847,3,61.875,1.0349703311920166,-1.0
0.0334022639851485,0.0037860131290342125,63,0.2604507089126855,0.0001162681192140312,3,62.625,1.018200054168701,-1.0
0.03362798883712718,0.0035844857338815928,64,0.26060866191983223,0.00010453658778440107,3,63.625,1.0002662181854247,-1.0
0.033688025016869814,0.008115336698080813,65,0.29274900699965656,9.342254191024022e-05,3,61.875,0.9999028778076172,-1.0
0.03368426097689995,0.00819991871581546,66,0.29333117697387934,8.294311864472437e-05,3,61.75,1.0294545650482179,-1.0
0.033752658836809654,0.0038552748571549144,67,0.2633931990712881,7.311447649896551e-05,3,60.5,1.016265287399292,-1.0
0.03413540973061962,0.003829781265397157,68,0.2658827039413154,6.395177052675794e-05,3,64.0,0.9740260601043701,-1.0
0.033676948331828625,0.003833913244307041,69,0.2627088569570333,5.546912895658472e-05,3,63.375,0.9999732589721679,-1.0
0.03351824830419251,0.003782488838104265,70,0.26123241800814867,4.767963140691306e-05,3,62.0,1.0084602928161621,-1.0
0.010356289900041052,0.007506884235356536,71,0.12517245183698833,4.059528871837034e-05,3,62.0,1.0103056049346923,-1.0
0.02778379911822932,0.0053366216099155804,72,0.23195774387568235,3.4227024433899e-05,3,65.25,0.988137674331665,-1.0
0.03367266897112131,0.0038181558983134373,73,0.26254184101708233,2.8584657955444653e-05,3,63.875,0.9630419445037842,-1.0
0.033783949146579416,0.003911283133285386,74,0.2639786710496992,2.367688940315011e-05,3,64.875,0.9656968307495117,-1.0
0.03385510701420052,0.0086198751149433,75,0.2974335558246821,1.951128620040094e-05,3,64.625,0.9645030689239502,-1.0
0.03376298650567021,0.005640246073848435,76,0.27592967613600194,1.6094271405406862e-05,3,64.25,0.9828271961212158,-1.0
0.0338044475564467,0.005973803012498787,77,0.2785564949735999,1.3431113807311488e-05,3,62.25,0.9816628170013427,-1.0
0.033836801103981476,0.008072777751034923,78,0.29347803606651723,1.1525919802101659e-05,3,64.5,0.9691130161285401,-1.0
0.03363204118795693,0.00830218052890684,79,0.2936507149133831,1.0381627060842164e-05,3,63.625,0.9797941303253174,-1.0
0.00908329730321254,0.008547564436282431,80,0.12352001597173512,1e-05,3,64.375,0.961787052154541,-1.0
0.03828870810684748,0.022188909410033375,1,0.4839590140618384,0.000999618372939158,4,14.0,4.743920559353299,-1.0
0.03398886512150057,0.003536365751642734,2,0.3003240379039198,0.0009984740801978985,4,15.555555555555555,2.8024366929796005,-1.0
0.033955954655539244,0.005237064586253837,3,0.313661236083135,0.0009965688861926887,4,19.77777777777778,2.238181932237413,-1.0
0.03360568929929286,0.006703940947772935,4,0.3225980098359287,0.0009939057285945933,4,20.22222222222222,2.1367972819010417,-1.0
0.03373267166898586,0.005120577843626961,5,0.3109354870393872,0.0009904887137995992,4,21.88888888888889,2.097794731987847,-1.0
0.031043011491419747,0.00517394149210304,6,0.289840878918767,0.00098632311059685,4,25.11111111111111,2.0719502766927085,-1.0
0.00872095866361633,0.0064620463526807725,7,0.12156634102575481,0.0009814153420445555,4,28.333333333333332,2.012081976996528,-1.0
0.03116106931702234,0.0037803786690346897,8,0.2796704890206456,0.0009757729755661012,4,27.333333333333332,1.9974922349717883,-1.0
0.03370876525877975,0.0033898057299666107,9,0.296919880900532,0.0009694047112816298,4,29.555555555555557,1.98786373562283,-1.0
0.03384020322118886,0.004492551903240383,10,0.30679323384538293,0.0009623203685930871,4,29.22222222222222,1.9616610378689237,-1.0
0.034086804545950145,0.0038079471851233393,11,0.3032879959791899,0.0009545308710434153,4,26.88888888888889,1.9682073296440972,-1.0
0.03414988028816879,0.003521680715493858,12,0.30150369205512106,0.0009460482294732422,4,29.444444444444443,1.9255013699001735,-1.0
0.0338799694145564,0.004544711206108332,13,0.30753242410719395,0.0009368855235010348,4,31.444444444444443,1.892733154296875,-1.0
0.03398087085224688,0.0038919273938518018,14,0.3031107650604099,0.0009270568813552758,4,30.333333333333332,1.9024598524305556,-1.0
0.01786577800521627,0.0035800996411126107,15,0.17169286613352597,0.0009165774580897602,4,31.88888888888889,1.8919266086154514,-1.0
0.008470339002087712,0.004488192003918812,16,0.10379796894267201,0.0009054634122155992,4,31.11111111111111,1.8497935655381945,-1.0
0.03370341844856739,0.003582787176128477,17,0.29842705908231437,0.0008937318807859689,4,33.44444444444444,1.834439459906684,-1.0
0.03388807681039907,0.007881425699451938,18,0.33429205999709666,0.0008814009529720156,4,32.22222222222222,1.7988014729817707,-1.0
0.03406403190456331,0.00495822646189481,19,0.3123175329528749,0.0008684896421706646,4,32.55555555555556,1.800471971299913,-1.0
0.033946829120395705,0.007892294263001531,20,0.3348467240575701,0.0008550178566873412,4,34.888888888888886,1.7423419189453124,-1.0
0.0336258209135849,0.007849866582546383,21,0.3319327279459685,0.0008410063690388064,4,33.333333333333336,1.8455963812934029,-1.0
0.03420612806803547,0.008013956918148324,22,0.3378911418840289,0.0008264767839234412,4,35.55555555555556,1.7878394232855903,-1.0
0.023178916075266898,0.006699339166516438,23,0.23916764091700315,0.000811451504908368,4,36.111111111111114,1.727425062391493,-1.0
0.009884523373330012,0.00728592777159065,24,0.13748804293572903,0.0007959536998847743,4,35.888888888888886,1.7082415941026476,-1.0
0.03381150495260954,0.0039488295442424715,25,0.30220906203612685,0.0007800072653447032,4,38.111111111111114,1.7028096516927083,-1.0
0.03401682319235988,0.006492932181572542,26,0.32420801487751305,0.0007636367895343947,4,36.888888888888886,1.7365831502278646,-1.0
0.03388824360445142,0.006686938519123942,27,0.32473248103633523,0.0007468675145409928,4,35.77777777777778,1.7091184488932292,-1.0
0.033882146584801376,0.006650100403930992,28,0.3243923138361424,0.0007297252973710758,4,35.44444444444444,1.7187297566731772,-1.0
0.033912372833583504,0.007435730920406058,29,0.33091652602888644,0.0007122365700810271,4,39.22222222222222,1.667476806640625,-1.0
0.034280536812730134,0.007740544824628159,30,0.33629639097489417,0.0006944282990207196,4,37.22222222222222,1.7164190334743923,-1.0
0.01999543371493928,0.00879572716075927,31,0.23045231914147735,0.0006763279432533592,4,42.0,1.6201121860080294,-1.0
0.01340745753259398,0.0058185013476759195,32,0.15391676197759807,0.0006579634122155992,4,36.111111111111114,1.628652106391059,-1.0
0.03355968577670865,0.003424835973419249,33,0.2959909432101995,0.000639363022683212,4,36.22222222222222,1.6310918511284722,-1.0
0.033720177569193766,0.004718683281680569,34,0.30762206204235554,0.0006205554551086735,4,36.22222222222222,1.6552185736762153,-1.0
0.03364924242487177,0.00846615809132345,35,0.3370348790194839,0.0006015697093979838,4,39.22222222222222,1.6514021470811633,-1.0
0.03375436703208834,0.008675262099131942,36,0.3395497698802501,0.0005824350601949146,4,36.22222222222222,1.6849776034884982,-1.0
0.033737708639819175,0.0056620591203682125,37,0.3153079750481993,0.0005631810117416299,4,37.77777777777778,1.6596273464626736,-1.0
0.0337868228671141,0.00807698501739651,38,0.3350201351568103,0.0005438372523852835,4,39.333333333333336,1.6269013977050781,-1.0
0.018993102508829907,0.007866545609431341,39,0.21498275082558393,0.0005244336088007391,4,40.111111111111114,1.6242021009657117,-1.0
0.010064980218885466,0.0059940810315310955,40,0.12860852992162108,0.0005050000000000001,4,39.55555555555556,1.6087003241644966,-1.0
0.03361360903363675,0.0036057858378626406,41,0.29790407884866,0.0004855663911992613,4,41.666666666666664,1.5384837171766492,-1.0
0.03360538859851658,0.006868553900858387,42,0.3239019128959626,0.00046616274761471693,4,38.44444444444444,1.5948671129014758,-1.0
0.03397015534574166,0.007907145889475942,43,0.3351313369348645,0.00044681898825837057,4,40.0,1.5972319878472223,-1.0
0.03367377910763025,0.00764982178225182,44,0.33069922984577715,0.000427564939805086,4,41.22222222222222,1.5621542188856337,-1.0
0.03367760652326979,0.007927010126877576,45,0.33295018994249403,0.00040843029060201667,4,42.666666666666664,1.5420654975043402,-1.0
0.03384026724961586,0.007112550985766575,46,0.3277464699931443,0.000389444544891327,4,41.22222222222222,1.532947523328993,-1.0
0.02077608261606656,0.006859195505967364,47,0.22118756012059748,0.0003706369773167883,4,43.111111111111114,1.5217666286892362,-1.0
0.01016310730483383,0.00668973132269457,48,0.1349609128665179,0.0003520365877844012,4,42.888888888888886,1.5048559061686198,-1.0
0.033650313765974715,0.0034821696172002703,49,0.29721018811687827,0.0003336720567466412,4,43.22222222222222,1.4918646579318577,-1.0
0.03393281175522134,0.006779378862120211,50,0.32580678700469434,0.0003155717009792807,4,43.55555555555556,1.5283255004882812,-1.0
0.033980729727772996,0.00726149627007544,51,0.3300499541219324,0.00029776342991897335,4,41.77777777777778,1.5114570956759983,-1.0
0.03369360975921154,0.008434363990090787,52,0.3371388411615044,0.00028027470262892445,4,44.22222222222222,1.5062913513183593,-1.0
0.033559518749825656,0.00783184776082635,53,0.3312426870688796,0.0002631324854590073,4,41.44444444444444,1.5422341410319012,-1.0
0.03371123000397347,0.00789720588363707,54,0.33297834102995694,0.0002463632104656054,4,43.55555555555556,1.4977921379937067,-1.0
0.017996384005527943,0.008584566123317927,55,0.2127536570187658,0.0002299927346552969,4,43.111111111111114,1.4787481180826823,-1.0
0.00857945138704963,0.005793326592538506,56,0.11509322794154286,0.00021404630011522587,4,44.22222222222222,1.448258819580078,-1.0
0.0335775877465494,0.00368389327195473,57,0.29821093403734267,0.00019854849509163232,4,44.333333333333336,1.487872331407335,-1.0
0.033650258876150474,0.0067557797592598945,58,0.323355657979846,0.00018352321607655918,4,46.44444444444444,1.4503592258029514,-1.0
0.03355078975437209,0.0076687785040121526,59,0.3298679399304092,0.00016899363096119395,4,45.333333333333336,1.4515311008029514,-1.0
0.03371098346542567,0.00788419201853685,60,0.3328740100841969,0.000154982143312659,4,44.888888888888886,1.4443746439615885,-1.0
0.033731186005752534,0.008162431477103382,61,0.3352689780294895,0.0001415103578293356,4,45.0,1.4508769056532118,-1.0
0.03372762457001954,0.007599133445182815,62,0.330722413957119,0.0001285990470279847,4,44.888888888888886,1.4587306382921006,-1.0
0.020549161010421813,0.007561587874079123,63,0.2249900959432125,0.0001162681192140312,4,46.333333333333336,1.4428776041666667,-1.0
0.008501904958393425,0.006411736801965162,64,0.11941257701255381,0.00010453658778440107,4,45.55555555555556,1.4324582417805989,-1.0
0.03342313799657859,0.0034033141273539513,65,0.29472837992943823,9.342254191024022e-05,4,44.666666666666664,1.4527051628960503,-1.0
0.03392746715690009,0.007422858208883554,66,0.3309149988926947,8.294311864472437e-05,4,47.111111111111114,1.3835308837890625,-1.0
0.03365704134921543,0.007281135127414018,67,0.32761627598665655,7.311447649896551e-05,4,46.22222222222222,1.4240282864040799,-1.0
0.03378481726394966,0.00836336423526518,68,0.33729624608531594,6.395177052675794e-05,4,46.44444444444444,1.4017466905381943,-1.0
0.03402568123419769,0.008120486250845715,69,0.3372810250148177,5.546912895658472e-05,4,46.666666666666664,1.4200707668728298,-1.0
0.03368113888427615,0.007433112739818171,70,0.3290268301498145,4.767963140691306e-05,4,48.77777777777778,1.410049048529731,-1.0
0.021827803750056773,0.007097647001501173,71,0.2315072889905423,4.059528871837034e-05,4,45.55555555555556,1.4259086269802517,-1.0
0.008784222649410367,0.006359686725772917,72,0.12125345505774021,3.4227024433899e-05,4,46.0,1.3827064005533853,-1.0
0.03354304737877101,0.003482820757199079,73,0.2963164560496807,2.8584657955444653e-05,4,47.55555555555556,1.4086941867404514,-1.0
0.03364256315398961,0.005035295354900882,74,0.30953125818632543,2.367688940315011e-05,4,43.111111111111114,1.418465067545573,-1.0
0.0335782041947823,0.006969113921513781,75,0.3244886070024222,1.951128620040094e-05,4,48.333333333333336,1.4069887118869358,-1.0
0.03373087727231905,0.006803460244555026,76,0.3243857941124588,1.6094271405406862e-05,4,45.333333333333336,1.4188222927517362,-1.0
0.033587893209187314,0.006713997310725972,77,0.32252806099131703,1.3431113807311488e-05,4,46.44444444444444,1.4326097446017796,-1.0
0.034003789216512814,0.005263571656541899,78,0.3142484989948571,1.1525919802101659e-05,4,46.44444444444444,1.4112539672851563,-1.0
0.030019345082109794,0.0066156102984678,79,0.29318659100681543,1.0381627060842164e-05,4,48.55555555555556,1.3933451165093316,-1.0
0.00910362001741305,0.0064450171194039285,80,0.12449470395222306,1e-05,4,46.55555555555556,1.4125425550672743,-1.0
0.03556343948002905,0.02235581903369166,1,0.46348772500641644,0.000999618372939158,5,12.000000017881394,5.8302260093688965,-1.0
0.034150560706621036,0.003943746036384255,2,0.3048688529524952,0.0009984740801978985,5,16.70000010728836,2.8774393539428713,-1.0
0.0341251366189681,0.004022596491267905,3,0.30529619404114783,0.0009965688861926887,5,23.300000107288362,2.11086602973938,-1.0
0.0340850883803796,0.00560299537028186,4,0.31761982990428805,0.0009939057285945933,5,26.800000143051147,2.018628704071045,-1.0
0.03412701311754063,0.004000030778115615,5,0.30512427003122866,0.0009904887137995992,5,29.000000071525573,1.9527084693908692,-1.0
0.0342647765064612,0.007784448011079803,6,0.33650053292512894,0.00098632311059685,5,29.90000002384186,1.907963140487671,-1.0
0.010068026051158085,0.004957007215125486,7,0.12030246597714722,0.0009814153420445555,5,31.5,1.857410517692566,-1.0
0.027903201058506966,0.0053255733218975365,8,0.2659476581029594,0.0009757729755661012,5,31.900000262260438,1.8005063648223878,-1.0
0.034344708372373134,0.007961203140439466,9,0.33855566196143627,0.0009694047112816298,5,37.800000238418576,1.7681877002716064,-1.0
0.034187342127552256,0.006350067356834188,10,0.32440552301704884,0.0009623203685930871,5,35.20000007152557,1.7312512254714967,-1.0
0.03418929345207289,0.0068948046828154474,11,0.32879084907472134,0.0009545308710434153,5,37.90000023841858,1.6986246070861817,-1.0
0.034223618131363764,0.005520193750271574,12,0.3180552090052515,0.0009460482294732422,5,38.60000014305115,1.6650945301055908,-1.0
0.03422678803326562,0.0051387823186814785,13,0.3150689760223031,0.0009368855235010348,5,40.500000166893,1.6154755554199218,-1.0
0.03431054760585539,0.006969040900003165,14,0.3303687828592956,0.0009270568813552758,5,41.30000038146973,1.6220162506103515,-1.0
0.010918665095232427,0.007624817779287696,15,0.14850654802285135,0.0009165774580897602,5,41.60000011920929,1.5558890075683594,-1.0
0.03396708410582505,0.007158906519180164,16,0.32918771100230515,0.0009054634122155992,5,43.70000014305115,1.5248034086227418,-1.0
0.034181454277131706,0.004988083994248882,17,0.3134695829357952,0.0008937318807859689,5,44.30000004768372,1.4853343858718873,-1.0
0.03429377663997002,0.007767996983602643,18,0.3366046322043985,0.0008814009529720156,5,45.70000033378601,1.472355715751648,-1.0
0.03423621039837599,0.008326971728820354,19,0.3406339371576905,0.0008684896421706646,5,43.800000238418576,1.5052042274475097,-1.0
0.03479886817513034,0.008040980319492519,20,0.3428504830226302,0.0008550178566873412,5,47.8,1.4368986921310425,-1.0
0.03417864139191806,0.00735432087094523,21,0.3323909160681069,0.0008410063690388064,5,47.70000011920929,1.4199496183395386,-1.0
0.024399627145612612,0.00496849772753194,22,0.23507721396163106,0.0008264767839234412,5,46.80000038146973,1.4112129812240601,-1.0
0.011368720734026283,0.0069879822549410164,23,0.14701267890632153,0.000811451504908368,5,46.6,1.4039180574417114,-1.0
0.03419413819210604,0.003759380808332935,24,0.30380299990065396,0.0007959536998847743,5,47.09999990463257,1.3919481954574584,-1.0
0.034292952477699146,0.006249412253964692,25,0.3244512639939785,0.0007800072653447032,5,48.30000038146973,1.3847532300949097,-1.0
0.034254486759891734,0.006761151249520481,26,0.3282332131639123,0.0007636367895343947,5,48.400000381469724,1.3771195030212402,-1.0
0.03416204286622815,0.007634507870534435,27,0.33447869308292866,0.0007468675145409928,5,50.700000286102295,1.3402991647720337,-1.0
0.034084532235283405,0.007363295764662325,28,0.33169475896283984,0.0007297252973710758,5,48.70000021457672,1.331263840675354,-1.0
0.03421813063323498,0.008497243106830865,29,0.34183044894598424,0.0007122365700810271,5,51.300000286102296,1.2868871507644652,-1.0
0.021300728898495436,0.007059507101075724,30,0.22698301705531776,0.0006944282990207196,5,50.90000004768372,1.294021288871765,-1.0
0.008326480747200549,0.007102623232640326,31,0.12353758700191975,0.0006763279432533592,5,51.500000166893,1.3116817922592163,-1.0
0.0339185454940889,0.003228590387152508,32,0.29731346806511283,0.0006579634122155992,5,51.69999990463257,1.2790912885665893,-1.0
0.0344014426227659,0.005616438400465995,33,0.3202764359302819,0.000639363022683212,5,50.800000286102296,1.2839428300857545,-1.0
0.034139971365220845,0.007717569882515818,34,0.3349972818978131,0.0006205554551086735,5,53.30000038146973,1.2550481376647948,-1.0
0.03443844971479848,0.0068449717946350574,35,0.3304004690144211,0.0006015697093979838,5,51.70000021457672,1.2577951307296753,-1.0
0.03418397522182204,0.005043535289587453,36,0.3139476419892162,0.0005824350601949146,5,53.20000019073486,1.2064549398422242,-1.0
0.03448771627154201,0.006655957491602749,37,0.32925994298420846,0.0005631810117416299,5,55.69999995231628,1.206196717262268,-1.0
0.025534767511999235,0.009556204138789326,38,0.28083281801082194,0.0005438372523852835,5,54.30000033378601,1.1969644355773925,-1.0
0.009714973566588014,0.00519488553982228,39,0.11938243708573282,0.0005244336088007391,5,55.00000023841858,1.2021774158477783,-1.0
0.03244953881949186,0.0034502632915973663,40,0.2873248739633709,0.0005050000000000001,5,58.00000047683716,1.1512892484664916,-1.0
0.03423534444300458,0.0064893563103396446,41,0.32592615601606667,0.0004855663911992613,5,56.60000019073486,1.1442189855575562,-1.0
0.03409544250462204,0.0064700568618718535,42,0.3246546380687505,0.00046616274761471693,5,57.20000014305115,1.157735553741455,-1.0
0.03425989713286981,0.007348240760620683,43,0.33299727900885046,0.00044681898825837057,5,59.000000143051146,1.1150400190353393,-1.0
0.03416039512376301,0.007276204240042716,44,0.3316260620485991,0.000427564939805086,5,58.70000023841858,1.1027647981643676,-1.0
0.03429011401021853,0.007914196379715577,45,0.33776274300180376,0.00040843029060201667,5,58.60000023841858,1.1019706411361694,-1.0
0.031451701099285856,0.004956985532771796,46,0.29139642999507487,0.000389444544891327,5,60.10000052452087,1.1039451541900636,-1.0
0.009405622200574726,0.007298208307474852,47,0.1337794540449977,0.0003706369773167883,5,58.399999904632566,1.0738487558364869,-1.0
0.03394547360949218,0.0038459209026768804,48,0.30244946107268333,0.0003520365877844012,5,60.30000014305115,1.0611809968948365,-1.0
0.03435377910500392,0.0031706329027656466,49,0.30031480197794735,0.0003336720567466412,5,60.50000033378601,1.0394624137878419,-1.0
0.034175575885456055,0.0033999516163021326,50,0.30071453284472227,0.0003155717009792807,5,58.40000004768372,1.073603162765503,-1.0
0.03421363478992134,0.0032248764764517546,51,0.2996213280130178,0.00029776342991897335,5,63.50000028610229,1.0097363405227662,-1.0
0.034225897456053644,0.007826452289009467,52,0.3365510150324553,0.00028027470262892445,5,62.00000023841858,1.042398464202881,-1.0
0.03418423479888588,0.006929565191967413,53,0.32902158494107425,0.0002631324854590073,5,62.5,1.0244033336639404,-1.0
0.034234715363709256,0.007938803639262915,54,0.3375025209970772,0.0002463632104656054,5,62.4,0.974219648361206,-1.0
0.009846787521382794,0.00733669099281542,55,0.13757396512664855,0.0002299927346552969,5,63.60000042915344,0.9940733952522278,-1.0
0.03247965750051662,0.005471103359013796,56,0.30372351012192667,0.00021404630011522587,5,63.60000019073486,0.9732743148803711,-1.0
0.034167017962317914,0.0075199744023848325,57,0.3336070228833705,0.00019854849509163232,5,62.60000028610229,0.9999309577941895,-1.0
0.034232655132655054,0.007239588885568082,58,0.3318921821191907,0.00018352321607655918,5,61.900000143051145,0.9958604340553283,-1.0
0.034202043258119375,0.00647877439041622,59,0.3255689220968634,0.00016899363096119395,5,64.70000014305114,0.9615362024307251,-1.0
0.034218466258607805,0.006719488970702514,60,0.3276156880892813,0.000154982143312659,5,63.3,0.9537436838150024,-1.0
0.03438225752324797,0.006497699854662642,61,0.3271544792223722,0.0001415103578293356,5,63.200000524520874,0.9524188680648804,-1.0
0.030231327225919813,0.007528389891376719,62,0.302183915162459,0.0001285990470279847,5,65.7000002861023,0.9494603061676026,-1.0
0.010246312303934246,0.006472656939877197,63,0.13388217706233263,0.0001162681192140312,5,62.40000052452088,0.9552376112937927,-1.0
0.0339833338803146,0.003516678261803463,64,0.3001476749777794,0.00010453658778440107,5,66.40000042915344,0.9197317266464233,-1.0
0.03425790247274563,0.006404581276001409,65,0.32540970109403133,9.342254191024022e-05,5,66.00000023841858,0.908231653213501,-1.0
0.034127497870940715,0.006487018137704581,66,0.3250264311209321,8.294311864472437e-05,5,66.00000028610229,0.9485002899169922,-1.0
0.03427250808454119,0.0033983501489274204,67,0.3014806548599154,7.311447649896551e-05,5,65.40000033378601,0.9393663187026977,-1.0
0.034281949017895386,0.005015997361624613,68,0.3144954170566052,6.395177052675794e-05,5,66.00000023841858,0.926722020149231,-1.0
0.034234504360938445,0.0031574440363328904,69,0.2992492460180074,5.546912895658472e-05,5,65.4000002861023,0.909052261352539,-1.0
0.03431685027317144,0.0057055355864576995,70,0.3202923738863319,4.767963140691306e-05,5,67.30000042915344,0.923399525642395,-1.0
0.009795545571250841,0.007328439794946462,71,0.13709764904342592,4.059528871837034e-05,5,65.30000052452087,0.914136887550354,-1.0
0.01926151048974134,0.0037138777843210846,72,0.18392487498931587,3.4227024433899e-05,5,66.60000057220459,0.9105852513313294,-1.0
0.03428892238298431,0.003408985852729529,73,0.30169559200294316,2.8584657955444653e-05,5,67.30000033378602,0.900761248588562,-1.0
0.034208359313197434,0.006690608541248366,74,0.327300924109295,2.367688940315011e-05,5,66.80000038146973,0.8885655212402344,-1.0
0.034079277771525085,0.006954903859877959,75,0.32838439708575606,1.951128620040094e-05,5,65.30000052452087,0.9132995691299438,-1.0
0.034122721262974665,0.0067107059876434505,76,0.3267820079345256,1.6094271405406862e-05,5,65.20000052452087,0.9113498153686523,-1.0
0.034209061675937846,0.0064812779310159385,77,0.32563618407584727,1.3431113807311488e-05,5,65.60000038146973,0.9031198434829711,-1.0
0.034360166086116806,0.006252994266105816,78,0.32501959218643606,1.1525919802101659e-05,5,68.10000009536743,0.868848135471344,-1.0
0.016174560878425837,0.006687679357128218,79,0.18300357810221612,1.0381627060842164e-05,5,67.5,0.8967773871421814,-1.0
0.008239855378633365,0.0065636073995847255,80,0.1185349898878485,1e-05,5,68.20000014305114,0.8434698781967163,-1.0
0.03742688837357693,0.018163356179785397,1,0.5004617820959538,0.000999618372939158,6,14.36363638531078,4.779963995326649,-1.0
0.034079540339815945,0.003558046210350262,2,0.3388886309694499,0.0009984740801978985,6,16.818181774832986,2.6754457152973523,-1.0
0.034228384132600494,0.005020229430455301,3,0.3533530628774315,0.0009965688861926887,6,20.00000001083721,2.20634335864674,-1.0
0.03408516511424548,0.004610434666069018,4,0.3483883070293814,0.0009939057285945933,6,22.27272732149471,2.1079143966328013,-1.0
0.03421653607963688,0.004749358916241262,5,0.35081106005236506,0.0009904887137995992,6,26.818181818181817,2.0382178644700484,-1.0
0.015828953098712698,0.004658747464418411,6,0.1845012519042939,0.00098632311059685,6,28.45454536784779,1.9543157000975175,-1.0
0.00994488806463778,0.0037927700258377525,7,0.12374511011876166,0.0009814153420445555,6,29.81818187236786,1.9024662468650124,-1.0
0.03399492192289068,0.0030813214058677354,8,0.3338050248567015,0.0009757729755661012,6,32.000000043348834,1.839988542470065,-1.0
0.034096998188437685,0.00346357903132836,9,0.33815563889220357,0.0009694047112816298,6,34.00000002167442,1.7607000064849854,-1.0
0.03410467686545518,0.004597362234360642,10,0.3484371879603714,0.0009623203685930871,6,36.45454547621987,1.7100908981670033,-1.0
0.03416901099909511,0.004550384228221244,11,0.34858760400675237,0.0009545308710434153,6,38.909090941602535,1.6711929880489003,-1.0
0.034007488982751966,0.004490738139591283,12,0.3465953490231186,0.0009460482294732422,6,38.8181817965074,1.617690405845642,-1.0
0.03404191084620026,0.0048037999206119114,13,0.34972821921110153,0.0009368855235010348,6,40.0,1.6178365672718396,-1.0
0.014718208875921037,0.00459417222171194,14,0.17392319487407804,0.0009270568813552758,6,42.272727370262146,1.5625865333730524,-1.0
0.00809357449826267,0.0039282796076602405,15,0.10830313502810895,0.0009165774580897602,6,42.272727218541235,1.534129400253296,-1.0
0.03382128927235802,0.003476730961766508,16,0.33581091300584376,0.0009054634122155992,6,43.90909093076532,1.5193757473338734,-1.0
0.03407372565319141,0.003027264132267899,17,0.3340366368647665,0.0008937318807859689,6,42.727272813970394,1.5337280572544445,-1.0
0.03406292864949339,0.005016997560030884,18,0.35185186308808625,0.0008814009529720156,6,43.36363638531078,1.50010639147325,-1.0
0.03415184152416057,0.004482530367871125,19,0.3478408018127084,0.0008684896421706646,6,45.909090822393246,1.4441154740073465,-1.0
0.0340243684541848,0.004608207459871967,20,0.3478215329814702,0.0008550178566873412,6,46.818181763995774,1.4219320956143466,-1.0
0.03441969957202673,0.0045807504405577975,21,0.351135065080598,0.0008410063690388064,6,46.72727272727273,1.4217869186401366,-1.0
0.017214595754113462,0.00449830624792311,22,0.19554482796229422,0.0008264767839234412,6,50.090908939188175,1.393460183577104,-1.0
0.01236013718880713,0.0043723479223748045,23,0.15072137699462473,0.000811451504908368,6,49.000000130046494,1.3577589654922486,-1.0
0.0342419513552967,0.004434811106572549,24,0.34822291787713766,0.0007959536998847743,6,49.18181826851585,1.3587272076173262,-1.0
0.034133315086364746,0.004506330471485853,25,0.34789290092885494,0.0007800072653447032,6,48.90909091992812,1.358841424855319,-1.0
0.0341495816440632,0.004525439580902457,26,0.34821551898494363,0.0007636367895343947,6,49.99999993497675,1.3214850659803912,-1.0
0.03400213900022209,0.00436125698292421,27,0.34540981985628605,0.0007468675145409928,6,50.454545465382665,1.3326478121497414,-1.0
0.03430200106878248,0.004420406935322616,28,0.3486381941474974,0.0007297252973710758,6,51.45454548705708,1.3018040448969062,-1.0
0.03400073358271685,0.003321471882777082,29,0.336042219074443,0.0007122365700810271,6,50.27272722937844,1.3289694382927635,-1.0
0.014228165718830295,0.0030595253014730085,30,0.15571647696197033,0.0006944282990207196,6,53.272727099331945,1.252372779412703,-1.0
0.013766754211650955,0.0028799778988791835,31,0.14995985385030508,0.0006763279432533592,6,53.8181816664609,1.268756162036549,-1.0
0.034243803988728255,0.004769284019453658,32,0.35124447918497026,0.0006579634122155992,6,54.272727186029606,1.2163060314005072,-1.0
0.03418060283487042,0.005032186267069644,33,0.35306636593304574,0.000639363022683212,6,55.000000108372085,1.2559946788441052,-1.0
0.03406802932214406,0.005751587010713087,34,0.3585091040004045,0.0006205554551086735,6,53.36363630945032,1.2341990904374556,-1.0
0.03413534901725749,0.004674624082528883,35,0.3494212129153311,0.0006015697093979838,6,54.636363462968305,1.2147026805444197,-1.0
0.03416036646295753,0.007489549435882105,36,0.3749845330603421,0.0005824350601949146,6,54.09090915593234,1.201790851246227,-1.0
0.03408730441393951,0.004127644468098879,37,0.34406536305323243,0.0005631810117416299,6,56.63636348464272,1.1493436657298695,-1.0
0.009629553416743875,0.0034892478078189823,38,0.11820112681016326,0.0005438372523852835,6,58.09090928597884,1.1268140476400201,-1.0
0.031683486291310854,0.003612188699965676,39,0.317805697908625,0.0005244336088007391,6,59.54545458880338,1.1019233010031961,-1.0
0.0339872632175684,0.004487221801860465,40,0.34639958501793444,0.0005050000000000001,6,57.90909101746299,1.1123577707464045,-1.0
0.03422309546214011,0.006480057879040639,41,0.36646444094367325,0.0004855663911992613,6,61.36363642865961,1.0616355709596115,-1.0
0.034026428022318415,0.004432735421384375,42,0.3462634452152997,0.00046616274761471693,6,59.72727285731923,1.0945426910573786,-1.0
0.03420437999173171,0.004625697697823246,43,0.3496044969651848,0.00044681898825837057,6,57.45454536784779,1.0908515084873547,-1.0
0.034005947333450116,0.004583199663708608,44,0.3474147079978138,0.000427564939805086,6,61.90909093076532,1.063215936313976,-1.0
0.01990350651451283,0.004464311163044638,45,0.21941452310420573,0.00040843029060201667,6,62.363636406985194,1.0368906810066916,-1.0
0.01836399648648997,0.006986347052993046,46,0.22826222307048738,0.000389444544891327,6,60.818181644786485,1.0371643070741132,-1.0
0.03415265904429058,0.0068090425338596106,47,0.3687704550102353,0.0003706369773167883,6,62.72727264057506,1.0009044270081953,-1.0
0.03403562801476154,0.003448602639966541,48,0.3374703209847212,0.0003520365877844012,6,62.45454536784779,0.9915330457687378,-1.0
0.034172060873566404,0.004461303456789917,49,0.347814466804266,0.0003336720567466412,6,63.36363645033403,0.9798667472059076,-1.0
0.03421701074370907,0.004522867035120726,50,0.3487701250705868,0.0003155717009792807,6,63.18181800842285,0.9901793603463607,-1.0
0.034148810922892556,0.004485860208256377,51,0.34782654885202646,0.00029776342991897335,6,62.63636380975897,0.9876949076219038,-1.0
0.03336195774479873,0.00457639769754476,52,0.3415551020298153,0.00028027470262892445,6,62.90909112583507,0.9657591178200462,-1.0
0.010053721411774555,0.006273381567249696,53,0.14707870595157146,0.0002631324854590073,6,63.72727270559831,0.9689635805650191,-1.0
0.034260983371900186,0.004526865513374408,54,0.3492376268841326,0.0002463632104656054,6,65.45454549789429,0.9414560781825673,-1.0
0.034238343566863075,0.00527161132130358,55,0.35569894686341286,0.0002299927346552969,6,66.36363621191545,0.9300162488763982,-1.0
0.03416589153413144,0.00488147900129358,56,0.35153563716448843,0.00021404630011522587,6,65.81818186153065,0.9302268765189431,-1.0
0.034151994338673025,0.004692623003696402,57,0.3497154649812728,0.00019854849509163232,6,66.09090904756026,0.9181245636940002,-1.0
0.03412231013903187,0.004481744305748079,58,0.3475471830461174,0.00018352321607655918,6,66.63636365803805,0.9216821241378784,-1.0
0.034234022411207356,0.008066098257485364,59,0.3808115888386965,0.00016899363096119395,6,65.45454562794079,0.9306111348759044,-1.0
0.01179144197764496,0.0030958010142462123,60,0.134092606138438,0.000154982143312659,6,68.00000008669767,0.8674499507383867,-1.0
0.01486885472614732,0.004247479140758514,61,0.17215579701587558,0.0001415103578293356,6,67.1818180734461,0.8918213679573753,-1.0
0.03399865489660038,0.0028931693329165378,62,0.33213946502655745,0.0001285990470279847,6,66.36363623358987,0.8905572002584284,-1.0
0.03397189680900839,0.003190628175313274,63,0.33457796601578593,0.0001162681192140312,6,69.27272716435519,0.8759860914403742,-1.0
0.033894792638926044,0.003428690471789903,64,0.33602383406832814,0.00010453658778440107,6,66.2727274461226,0.8861779085072604,-1.0
0.03398685410825743,0.0031468322138405508,65,0.33431617403402925,9.342254191024022e-05,6,67.63636365803805,0.8809813677180897,-1.0
0.03415051296663781,0.00327450148243871,66,0.33693901798687875,8.294311864472437e-05,6,68.7272726839239,0.851625143181194,-1.0
0.03407762530777189,0.003316730467809571,67,0.3366609769873321,7.311447649896551e-05,6,69.99999995665117,0.8213493100079623,-1.0
0.01646327863757809,0.004564387154661947,68,0.18935427884571254,6.395177052675794e-05,6,66.45454541119662,0.8689666687358509,-1.0
0.016769491756955784,0.004594241475893391,69,0.19238826888613403,5.546912895658472e-05,6,68.72727259722623,0.8402019864862615,-1.0
0.03406261412116388,0.0031255699901117217,70,0.3348099389113486,4.767963140691306e-05,6,69.18181805177169,0.8341330875049938,-1.0
0.03414209968306952,0.0030447947792708874,71,0.33479818189516664,4.059528871837034e-05,6,66.7272725538774,0.8592155508561568,-1.0
0.03416932951141563,0.003250347941906916,72,0.3368925580289215,3.4227024433899e-05,6,67.36363625526428,0.8295145819403908,-1.0
0.03411135276676052,0.0033073367861409983,73,0.3368797800503671,2.8584657955444653e-05,6,69.63636363636364,0.8052750169147145,-1.0
0.034072244772687554,0.003814893231416742,74,0.3410979511681944,2.367688940315011e-05,6,69.36363632028753,0.8142442187395963,-1.0
0.0341517170632465,0.003053998367653953,75,0.33496350492350757,1.951128620040094e-05,6,68.27272729440169,0.8473938326402144,-1.0
0.016122284655769665,0.003084750690807899,76,0.1729688048362732,1.6094271405406862e-05,6,67.81818186153065,0.8297013562375849,-1.0
0.014832774927425716,0.004419148071772522,77,0.17337758000940084,1.3431113807311488e-05,6,69.00000008669767,0.8343830366568132,-1.0
0.03410988932268487,0.0028917889059003857,78,0.33312764996662736,1.1525919802101659e-05,6,69.99999995665117,0.8070348821986806,-1.0
0.034049573406163186,0.002895268585739864,79,0.3326208610087633,1.0381627060842164e-05,6,71.54545469717546,0.8032292238148776,-1.0
0.03416994149382743,0.003397610504180193,80,0.33821677998639643,1e-05,6,70.81818199157715,0.8003961474245245,-1.0
0.03599548889324069,0.01828178248833865,1,0.542906372109428,0.000999618372939158,7,14.083333353201548,4.939741923014323,-1.0
0.034039921942166984,0.0038459459552541374,2,0.3789707759860903,0.0009984740801978985,7,21.583333333333332,2.252479451497396,-1.0
0.033992351475171746,0.002685018535703421,3,0.3668851749971509,0.0009965688861926887,7,24.666666666666668,2.0708914216359458,-1.0
0.034046955336816606,0.0028853068593889474,4,0.3694345068652183,0.0009939057285945933,7,30.25000003973643,1.957744967142741,-1.0
0.033998247771523896,0.0028540264349430798,5,0.36863165302202106,0.0009904887137995992,7,33.583333333333336,1.9005858357747396,-1.0
0.033069964754395186,0.002876611123792827,6,0.35956647782586515,0.00098632311059685,7,33.58333341280619,1.8498110961914063,-1.0
0.008615382621064782,0.00537231657654047,7,0.13997802115045488,0.0009814153420445555,7,35.1666667064031,1.783521245320638,-1.0
0.03384623632300645,0.0029518263880163433,8,0.3680907099042088,0.0009757729755661012,7,38.75000007947286,1.728314782778422,-1.0
0.033935905806720255,0.002847406198270619,9,0.3679412300698459,0.0009694047112816298,7,36.583333333333336,1.7116399129231772,-1.0
0.03388243997469544,0.004315340821631253,10,0.3820916248951107,0.0009623203685930871,7,38.916666746139526,1.6762647247314453,-1.0
0.03401395103428513,0.004548806161619723,11,0.3857376149389893,0.0009545308710434153,7,40.00000003973643,1.6184930674235025,-1.0
0.03405980644747615,0.004279382666572929,12,0.3835018640384078,0.0009460482294732422,7,41.25000003973643,1.5846168390909832,-1.0
0.031170136923901737,0.004448651080019772,13,0.3562894510105252,0.0009368855235010348,7,42.0,1.5624935913085938,-1.0
0.00884088387247175,0.004893302125856281,14,0.1374440009240061,0.0009270568813552758,7,42.75,1.5462090412775675,-1.0
0.03381595453247428,0.002907645283266902,15,0.36734696314670146,0.0009165774580897602,7,45.833333333333336,1.5031206782658895,-1.0
0.034181193145923314,0.003970587765797973,16,0.38164625014178455,0.0009054634122155992,7,44.416666666666664,1.4987161779403686,-1.0
0.0345314027974382,0.003955391282215714,17,0.384998194873333,0.0008937318807859689,7,46.1666667064031,1.4632861598332723,-1.0
0.03393160393461585,0.004172325367107987,18,0.3811689340509474,0.0008814009529720156,7,44.25,1.4684534581502278,-1.0
0.03414867990650237,0.0038753421045839786,19,0.3803709230851382,0.0008684896421706646,7,48.08333349227905,1.4167450586954753,-1.0
0.03076334062498063,0.00404291816521436,20,0.3481976389884949,0.0008550178566873412,7,49.166666666666664,1.3889456303914387,-1.0
0.008472854108549654,0.004797373502515257,21,0.13282110216096044,0.0008410063690388064,7,49.25000007947286,1.40159232934316,-1.0
0.03383379091974348,0.0034767725970596074,22,0.3732299990952015,0.0008264767839234412,7,50.08333341280619,1.352075972557068,-1.0
0.03402063518296927,0.0032392357010394336,23,0.3727246760390699,0.000811451504908368,7,50.25,1.3466010936101278,-1.0
0.03395114871673286,0.003973858081735671,24,0.37937577394768596,0.0007959536998847743,7,50.416666666666664,1.3486539189020792,-1.0
0.034021196351386604,0.0039013206493109464,25,0.3793571761343628,0.0007800072653447032,7,51.00000003973643,1.3462458880742392,-1.0
0.03395321557763964,0.003975460608489812,26,0.3794163630809635,0.0007636367895343947,7,50.25000007947286,1.3096781651178995,-1.0
0.03163203697185964,0.00418646982870996,27,0.3583110251929611,0.0007468675145409928,7,53.33333337306976,1.2978765360514324,-1.0
0.00937112479005009,0.004957351507619024,28,0.14341089990921319,0.0007297252973710758,7,53.00000007947286,1.2842377853393554,-1.0
0.033657941757701336,0.0025608179392293097,29,0.3623238478321582,0.0007122365700810271,7,52.83333337306976,1.259072772661845,-1.0
0.03393727329093963,0.0040676990989595655,30,0.38017863500863314,0.0006944282990207196,7,54.0,1.2365700896581013,-1.0
0.03447817270644009,0.00285033059772104,31,0.3734161169268191,0.0006763279432533592,7,53.33333341280619,1.2066696802775065,-1.0
0.03409516038373113,0.003920997516252101,32,0.38029116997495294,0.0006579634122155992,7,55.66666682561239,1.233458113670349,-1.0
0.033792718104086815,0.0037077608052641154,33,0.3751309758517891,0.000639363022683212,7,53.58333341280619,1.2413226461410523,-1.0
0.03343684400897473,0.0027475264854729176,34,0.3619724758900702,0.0006205554551086735,7,56.1666667064031,1.2152795807520549,-1.0
0.009479453670792282,0.005287480726838112,35,0.1477715049404651,0.0006015697093979838,7,56.25000007947286,1.1693525838851928,-1.0
0.03388854581862688,0.00295717129483819,36,0.36856501013971865,0.0005824350601949146,7,58.583333333333336,1.1362503623962403,-1.0
0.033866390213370325,0.0038501374889165162,37,0.37727282592095435,0.0005631810117416299,7,56.00000015894572,1.1487968571980793,-1.0
0.03387512522749603,0.003923114365898072,38,0.37809585500508547,0.0005438372523852835,7,57.75,1.1034361338615417,-1.0
0.03405815719161183,0.004366322327405215,39,0.3843580421525985,0.0005244336088007391,7,58.41666682561239,1.0947771565119426,-1.0
0.034082797029986976,0.004158961470238864,40,0.38253350695595145,0.0005050000000000001,7,58.333333333333336,1.1106752395629882,-1.0
0.030700522055849434,0.004109886125661433,41,0.3482142249122262,0.0004855663911992613,7,59.333333333333336,1.0749446694056193,-1.0
0.01011829194612801,0.0055734299588948485,42,0.15705136698670685,0.00046616274761471693,7,60.5,1.0804019244511922,-1.0
0.03392698490060866,0.0035654872888699176,43,0.3750688259024173,0.00044681898825837057,7,60.41666682561239,1.0790325212478638,-1.0
0.03401674758642912,0.003610536316409707,44,0.3763985859695822,0.000427564939805086,7,61.75000015894572,1.0325368245442708,-1.0
0.033889901847578584,0.00401578804012388,45,0.3791633869986981,0.00040843029060201667,7,60.08333341280619,1.017770260175069,-1.0
0.03396499843802303,0.003816903755068779,46,0.3779292250983417,0.000389444544891327,7,60.08333349227905,1.030548667907715,-1.0
0.034105827659368516,0.003988335328176618,47,0.38105296483263373,0.0003706369773167883,7,63.083333333333336,0.9905530985196431,-1.0
0.02928769385907799,0.004195071547292173,48,0.33492888417094946,0.0003520365877844012,7,63.83333341280619,0.9772064773241679,-1.0
0.008385773375630378,0.004006753815338016,49,0.12402479001320899,0.0003336720567466412,7,62.58333341280619,0.9716691009203593,-1.0
0.03388715712353587,0.0038008948788046835,50,0.3769957101903856,0.0003155717009792807,7,63.916666666666664,0.9438776143391927,-1.0
0.033977817906998095,0.003947256971150637,51,0.379363255109638,0.00029776342991897335,7,65.00000015894572,0.9394316689173381,-1.0
0.03386750009376556,0.0038425408070906996,52,0.37721148296259344,0.00028027470262892445,7,63.83333341280619,0.9456885719299316,-1.0
0.03400922368746251,0.002685694699175656,53,0.3670618599280715,0.0002631324854590073,7,64.33333333333333,0.9495054006576538,-1.0
0.03390572294592857,0.004339921474456787,54,0.3825659160502255,0.0002463632104656054,7,65.00000015894572,0.9337329872449239,-1.0
0.03227892024442554,0.004217069246806204,55,0.3650704389438033,0.0002299927346552969,7,67.58333349227905,0.9066477910677592,-1.0
0.010154080297797918,0.005198005214333534,56,0.15365715697407722,0.00021404630011522587,7,65.5,0.9047060298919678,-1.0
0.03390241947490722,0.004174660518765449,57,0.3809158450458199,0.00019854849509163232,7,64.66666682561238,0.9318228975931804,-1.0
0.03386811097152531,0.0028634500224143265,58,0.3674305700697005,0.00018352321607655918,7,65.0,0.9186573974291483,-1.0
0.03409907040186226,0.003960673999972642,59,0.38071873411536217,0.00016899363096119395,7,67.00000007947285,0.8541779009501139,-1.0
0.033916372316889466,0.00280583759304136,60,0.3673341949470341,0.000154982143312659,7,67.41666670640309,0.8687881215413411,-1.0
0.03428430042695254,0.004159702570177615,61,0.38455053395591676,0.0001415103578293356,7,67.25,0.8613703417778015,-1.0
0.03217441774904728,0.0030588193563744425,62,0.35244012996554375,0.0001285990470279847,7,67.33333349227905,0.8393343408902486,-1.0
0.008658737852238118,0.00489861115347594,63,0.13567684195004404,0.0001162681192140312,7,67.91666674613953,0.8685884030659994,-1.0
0.033748380444012585,0.002916144346818328,64,0.36675268691033125,0.00010453658778440107,7,70.50000015894572,0.822465717792511,-1.0
0.03400834202766419,0.004375864774920047,65,0.3839530230034143,9.342254191024022e-05,7,69.0,0.8342054343223572,-1.0
0.03387737332377583,0.004333070479333401,66,0.38222301308996975,8.294311864472437e-05,7,69.75000015894572,0.8254527656237284,-1.0
0.033811343181878326,0.00434559911955148,67,0.38168304110877216,7.311447649896551e-05,7,70.66666674613953,0.8262129950523377,-1.0
0.033901726547628644,0.004629982751794159,68,0.3854283979162574,6.395177052675794e-05,7,67.50000015894572,0.855061887105306,-1.0
0.030329520953819154,0.004365908144973218,69,0.347064774017781,5.546912895658472e-05,7,70.58333349227905,0.8081920059521993,-1.0
0.009843173809349537,0.004000437096692622,70,0.13854666193947196,4.767963140691306e-05,7,66.8333334128062,0.8260537338256836,-1.0
0.033773943409323694,0.0025138625875115394,71,0.36299620498903096,4.059528871837034e-05,7,71.58333349227905,0.7999048686027527,-1.0
0.034036533907055855,0.003907110076397657,72,0.3795484360307455,3.4227024433899e-05,7,70.25000007947285,0.7969122950236003,-1.0
0.03401468542870134,0.004290524567477405,73,0.3831652980297804,2.8584657955444653e-05,7,68.41666674613953,0.8204313429196676,-1.0
0.033981630601920186,0.004032219387590885,74,0.3802529291715473,2.367688940315011e-05,7,69.66666674613953,0.7909759910901387,-1.0
0.034054982499219476,0.004169636499136686,75,0.38236176199279726,1.951128620040094e-05,7,69.0,0.8167830340067546,-1.0
0.03132433709688485,0.004005407798103988,76,0.3534067408181727,1.6094271405406862e-05,7,70.25000015894572,0.7974615987141928,-1.0
0.009541898220777511,0.004595878859981894,77,0.1414910890161991,1.3431113807311488e-05,7,69.00000007947285,0.8107470893859863,-1.0
0.03379915021359921,0.003050948167219758,78,0.36863249889574945,1.1525919802101659e-05,7,68.91666666666667,0.8104980659484863,-1.0
0.03389041752088815,0.0030201322864741088,79,0.36923171603120863,1.0381627060842164e-05,7,69.50000015894572,0.8250333269437155,-1.0
0.03413504515774548,0.004191762139089406,80,0.38339815591461957,1e-05,7,69.91666682561238,0.8084559909502665,-1.0
0.010689071548933332,0.01586354481564327,1,0.2922397470101714,0.000999618372939158,8,15.384615384615385,4.865490723389845,-1.0
0.0331502853765745,0.002682222794233398,2,0.39429112803190947,0.0009984740801978985,8,19.84615384844633,2.375861674088698,-1.0
0.03399445628747344,0.0033870790873400188,3,0.41130925505422056,0.0009965688861926887,8,26.53846153846154,2.040703196158776,-1.0
0.03387180836447938,0.004218975907530297,4,0.4191130162216723,0.0009939057285945933,8,27.230769231915474,2.012482979114239,-1.0
0.033967408880760726,0.003910936394029043,5,0.4167710479814559,0.0009904887137995992,8,31.538461543046513,1.9236542925467859,-1.0
0.03398884242315861,0.003526168473234231,6,0.41278648003935814,0.00098632311059685,8,31.76923078757066,1.875203189116258,-1.0
0.01860774018463086,0.002490916797383265,7,0.23218772909604013,0.0009814153420445555,8,33.61538462455456,1.831350545149583,-1.0
0.014764917569912293,0.0034427721561356025,8,0.2003931978251785,0.0009757729755661012,8,35.53846154075403,1.7818963146209716,-1.0
0.03393703980625353,0.0031765338287434793,9,0.40835622791200876,0.0009694047112816298,8,35.76923076006082,1.7493055604054377,-1.0
0.03393060972236774,0.0028057723644782195,10,0.40421705693006516,0.0009623203685930871,8,37.07692307692308,1.7208228720151462,-1.0
0.03382557418874719,0.002525504720820622,11,0.3999794418923557,0.0009545308710434153,8,39.846153864493736,1.639868915631221,-1.0
0.033859099515459755,0.002475169106301936,12,0.3998022510204464,0.0009460482294732422,8,41.15384614467621,1.5967472729316126,-1.0
0.0339114398018203,0.002449186116626317,13,0.4000754659064114,0.0009368855235010348,8,42.38461537544544,1.5725970462652352,-1.0
0.013899334791031752,0.00240890004418113,14,0.17950253910385072,0.0009270568813552758,8,40.15384618135599,1.5849497160544763,-1.0
0.016372647919607432,0.0027624327181415124,15,0.21060323109850287,0.0009165774580897602,8,43.30769233520214,1.531292383487408,-1.0
0.0339424920226024,0.003560335079038685,16,0.41264893184415996,0.0009054634122155992,8,45.92307694141682,1.4958763236265915,-1.0
0.033964477542957124,0.003363055536862124,17,0.4107137380633503,0.0008937318807859689,8,43.6153846337245,1.4911524614920983,-1.0
0.033872396537018096,0.0039196597327562895,18,0.41582959285005927,0.0008814009529720156,8,44.69230769230769,1.509773724262531,-1.0
0.03384703634814783,0.004308973460204222,19,0.4198283541481942,0.0008684896421706646,8,44.461538470708405,1.4866451556865985,-1.0
0.03395240152762695,0.00386103538965637,20,0.4160580390598625,0.0008550178566873412,8,48.53846157514132,1.415729757455679,-1.0
0.009026107886298136,0.003541578200053085,21,0.13836911204271019,0.0008410063690388064,8,46.46153846153846,1.3827211357997014,-1.0
0.03248997597785836,0.002866205759346485,22,0.3890344719402492,0.0008264767839234412,8,46.538461547631485,1.4164886115147517,-1.0
0.03387765946205367,0.002764113543724472,23,0.4031736720353365,0.000811451504908368,8,47.23076924910912,1.393095527428847,-1.0
0.03385058070786975,0.003918927120552821,24,0.41557128401473165,0.0007959536998847743,8,49.461538516558136,1.3325077119240394,-1.0
0.03396580584177917,0.0027500982396304607,25,0.4039839969482273,0.0007800072653447032,8,51.846153864493736,1.2986225766402024,-1.0
0.03401872966523198,0.0037149943369017406,26,0.41517926403321326,0.0007636367895343947,8,51.000000004584976,1.3123725766402023,-1.0
0.0221161368006671,0.0027159250087358737,27,0.27325581200420856,0.0007468675145409928,8,52.00000003667978,1.3385736905611478,-1.0
0.008354020580141381,0.0026760185984047976,28,0.12144847516901791,0.0007297252973710758,8,50.38461538461539,1.340180019231943,-1.0
0.033786304273896596,0.0024522128091617064,29,0.39874020987190306,0.0007122365700810271,8,51.538461547631485,1.3078215382649347,-1.0
0.033967867197299544,0.002466722433878617,30,0.40089139086194336,0.0006944282990207196,8,51.2307692857889,1.2816136279472938,-1.0
0.03396912092681636,0.003619106084277684,31,0.41360125108622015,0.0006763279432533592,8,53.46153847987835,1.2425799791629497,-1.0
0.03387082253836773,0.003648877546021884,32,0.4128416869789362,0.0006579634122155992,8,53.69230772898747,1.2431036494328425,-1.0
0.03389196205799552,0.003610121022740548,33,0.41265020286664367,0.000639363022683212,8,53.23076926744901,1.2472878214029166,-1.0
0.016909890236671676,0.0036761405962434683,34,0.22656809887848794,0.0006205554551086735,8,53.307692326032196,1.2186479194347675,-1.0
0.01895585897463289,0.004840723387050358,35,0.2618866499979049,0.0006015697093979838,8,55.23076924910912,1.2039871692657471,-1.0
0.034044564511118966,0.003475776661864736,36,0.4128540060482919,0.0005824350601949146,8,55.76923080591055,1.1727931103339562,-1.0
0.03429729082960297,0.003626898798922246,37,0.41729991510510445,0.0005631810117416299,8,56.07692313194275,1.1764907950621384,-1.0
0.033858673625879666,0.004011266293342818,38,0.4166977589484304,0.0005438372523852835,8,56.384615402955276,1.149129873055678,-1.0
0.03407271445559507,0.002444861096922647,39,0.4018257970456034,0.0005244336088007391,8,55.92307692307692,1.1756769745166484,-1.0
0.032440313497896896,0.004390712594613433,40,0.4052647401113063,0.0005050000000000001,8,55.76923080591055,1.1429645072496855,-1.0
0.008633352371610024,0.0058663288893347435,41,0.15962379216216505,0.0004855663911992613,8,55.38461538461539,1.1564825681539683,-1.0
0.034000614869662306,0.0027814387682486663,42,0.40474015288054943,0.00046616274761471693,8,54.69230768313775,1.154632438512949,-1.0
0.03389502359046177,0.0027487717822871423,43,0.4032109898980707,0.00044681898825837057,8,58.53846153846154,1.1202740603226882,-1.0
0.034125321375375446,0.002621678529645909,44,0.40434941509738564,0.000427564939805086,8,57.00000001833989,1.1158381421749408,-1.0
0.03426432592624968,0.0025826636066829615,45,0.40545024210587144,0.00040843029060201667,8,59.00000003667978,1.1117502777393047,-1.0
0.03408966387029399,0.002655752045525746,46,0.4043316200841218,0.000389444544891327,8,58.23076923076923,1.087162833764003,-1.0
0.020401387157934634,0.0028309413147243586,47,0.2556878679897636,0.0003706369773167883,8,60.2307692857889,1.067120666870704,-1.0
0.014510308942672882,0.0032010885082523932,48,0.19495465396903455,0.0003520365877844012,8,60.53846157514132,1.0534668201666613,-1.0
0.03408620980652896,0.0026481370864944024,49,0.4042049830313772,0.0003336720567466412,8,60.846153882833626,1.0402635191037104,-1.0
0.03403575595637614,0.003665902482515032,50,0.4148529930971563,0.0003155717009792807,8,61.692307673967804,1.003472044284527,-1.0
0.03402742809108035,0.004817324013195254,51,0.4274338420946151,0.00029776342991897335,8,59.69230771981753,1.0250104874830979,-1.0
0.034012833779508415,0.003976848569105972,52,0.41803994309157133,0.00028027470262892445,8,61.615384642894455,1.0115909220622137,-1.0
0.034088237062943255,0.003921134016391906,53,0.418239985127002,0.0002631324854590073,8,63.923076978096596,1.0122604960661667,-1.0
0.009458296572450887,0.004604564344679768,54,0.1548198200762272,0.0002463632104656054,8,62.76923080591055,0.994762193423051,-1.0
0.032459817551584405,0.002697072457522154,55,0.38686696998775005,0.0002299927346552969,8,63.61538467040429,0.9748600083131057,-1.0
0.03384190922687677,0.0033645754976367407,56,0.4094010950066149,0.00021404630011522587,8,64.99999998166011,0.9558886425311749,-1.0
0.03408243640495295,0.003442864865064621,57,0.4129055121447891,0.00019854849509163232,8,64.07692311360286,0.9417878956061143,-1.0
0.03399330227297138,0.0034162502905184574,58,0.4116304130293429,0.00018352321607655918,8,64.92307692307692,0.9485448217391967,-1.0
0.033843182281337,0.003543601075017994,59,0.411383026978001,0.00016899363096119395,8,64.76923078757066,0.9563773114864643,-1.0
0.020396400645205922,0.0036375845401463184,60,0.2644971199333668,0.000154982143312659,8,65.15384615384616,0.9416679378656241,-1.0
0.013926755615764043,0.003571909915825183,61,0.19260948384180665,0.0001415103578293356,8,64.30769228935242,0.945060429939857,-1.0
0.03416500265964053,0.003680031979456544,62,0.41643862309865654,0.0001285990470279847,8,67.07692305858319,0.9259104915765616,-1.0
0.034404762512580914,0.003527630946006287,63,0.4173864198382944,0.0001162681192140312,8,65.00000005501967,0.9393604032809918,-1.0
0.0342064461120489,0.00398009750907394,64,0.42018857202492654,0.00010453658778440107,8,67.84615387366368,0.8924256251408503,-1.0
0.03405001427216286,0.003837851553478024,65,0.41691134800203145,9.342254191024022e-05,8,65.0,0.9108317477886494,-1.0
0.034206024540418926,0.003614343088966879,66,0.4161575920879841,8.294311864472437e-05,8,66.76923076923077,0.9182757010826698,-1.0
0.00976387929933315,0.0036161492409353905,67,0.14731119805946946,7.311447649896551e-05,8,64.30769234437209,0.9091700150416447,-1.0
0.03293563944118267,0.0035587789236821914,68,0.4015573791693896,6.395177052675794e-05,8,65.76923082425044,0.8985806450477013,-1.0
0.03389857842756266,0.004003342833708633,69,0.4170280029065907,5.546912895658472e-05,8,67.30769228935242,0.8941628001286434,-1.0
0.03394447436386889,0.004041574006392198,70,0.41795844794251025,4.767963140691306e-05,8,66.23076923076923,0.912505886738117,-1.0
0.03397039639424871,0.0040231815073639154,71,0.41804057196713984,4.059528871837034e-05,8,66.23076923076923,0.8800967986767109,-1.0
0.033957991410385475,0.0036675673062828455,72,0.4139932719990611,3.4227024433899e-05,8,66.53846155680142,0.8690609576151921,-1.0
0.018424109449948777,0.0036101653663949533,73,0.2424814871046692,2.8584657955444653e-05,8,67.92307694141681,0.8703492263647227,-1.0
0.017571802505038002,0.0036303962326862597,74,0.23333173501305282,2.367688940315011e-05,8,68.0,0.8835887206517733,-1.0
0.03385015492412177,0.0038209301631220364,75,0.4144894960336387,1.951128620040094e-05,8,66.76923082425044,0.8868222398024339,-1.0
0.03395073911683126,0.0036645896986804223,76,0.41388456895947456,1.6094271405406862e-05,8,67.07692309526297,0.8666664024499746,-1.0
0.03398511990566145,0.003830121470276605,77,0.41608691215515137,1.3431113807311488e-05,8,66.76923080591055,0.8703692041910611,-1.0
0.03387491582808169,0.004124092890627005,78,0.41809962992556393,1.1525919802101659e-05,8,67.00000001833989,0.8733523614589984,-1.0
0.03328252124430781,0.003642619037154046,79,0.40628750808537006,1.0381627060842164e-05,8,65.53846159348122,0.8881416451014005,-1.0
0.009877120081165975,0.00392589119093662,80,0.1519393310882151,1e-05,8,67.46153844319858,0.8595283539478595,-1.0
0.036846566373821006,0.014822495804930275,1,0.5685163370799273,0.000999618372939158,9,13.57142858845847,6.8981136703491215,-1.0
0.03422033029015769,0.0025223911612887273,2,0.40428849193267524,0.0009984740801978985,9,18.85714304447174,2.4394353130885533,-1.0
0.034280309178443116,0.00442816509695893,3,0.42592547298409045,0.0009965688861926887,9,27.285714421953475,2.0537462438855854,-1.0
0.03435806436887519,0.004004667724736712,4,0.42212778609246016,0.0009939057285945933,9,28.785714319774083,1.9958325413295201,-1.0
0.02080673883161084,0.003454451004720547,5,0.2669823099859059,0.0009904887137995992,9,31.285714404923574,1.948437614440918,-1.0
0.016672660236839543,0.0026685412211174316,6,0.21286764508113265,0.00098632311059685,9,32.92857149669102,1.8838986376353672,-1.0
0.034310169369828974,0.002597652714360844,7,0.4060953550506383,0.0009814153420445555,9,33.7142858675548,1.8280357885360718,-1.0
0.03426837436431511,0.002499044534157623,8,0.40456077503040433,0.0009757729755661012,9,36.00000022138868,1.780390420641218,-1.0
0.034226497084918345,0.0036897386466576295,9,0.41720087407156825,0.0009694047112816298,9,34.285714456013274,1.764247795513698,-1.0
0.03432429619980129,0.003682906718247316,10,0.41819224902428687,0.0009623203685930871,9,38.28571438789368,1.6866468068531582,-1.0
0.03438481034457006,0.003903155850077217,11,0.4212802948895842,0.0009545308710434153,9,37.642857330186025,1.6565414687565394,-1.0
0.01044871090826663,0.004090785726227544,12,0.16003982909023762,0.0009460482294732422,9,40.9285717180797,1.6033668041229248,-1.0
0.031738756796006455,0.0027583835815841503,13,0.37958481605164707,0.0009368855235010348,9,40.92857151372092,1.6183545923233031,-1.0
0.034351596545258704,0.0036381852855397897,14,0.41799692204222083,0.0009270568813552758,9,41.21428596973419,1.6006452424185618,-1.0
0.0345668062271381,0.003548204496672208,15,0.4193764328956604,0.0009165774580897602,9,43.92857159887041,1.548187402316502,-1.0
0.03423666357147423,0.0036739128091457214,16,0.41712741483934224,0.0009054634122155992,9,42.000000272478374,1.5220801646368844,-1.0
0.03437366323884238,0.0037470302036540074,17,0.4194590919651091,0.0008937318807859689,9,43.785714507102966,1.4957216501235961,-1.0
0.022170472890138626,0.002364047739485448,18,0.27001448697410524,0.0008814009529720156,9,45.2142858675548,1.469588828086853,-1.0
0.013422296911647374,0.0031452988994053817,19,0.18237077305093408,0.0008684896421706646,9,46.14285724503653,1.465656681741987,-1.0
0.0341821811796928,0.002514812820167704,20,0.403777948115021,0.0008550178566873412,9,48.07142877578735,1.438171945299421,-1.0
0.03427372282286259,0.0038379798219962554,21,0.4193405848927796,0.0008410063690388064,9,47.857143078531536,1.4046364627565657,-1.0
0.0343645712022077,0.0033797161568972197,22,0.4152993578463793,0.0008264767839234412,9,47.92857164996011,1.4086329575947354,-1.0
0.03420945119366727,0.003371638711541891,23,0.41350739006884396,0.000811451504908368,9,47.71428603785379,1.402239315850394,-1.0
0.03425791404548694,0.003547882682389834,24,0.41597816394641995,0.0007959536998847743,9,48.9285717351096,1.386683291026524,-1.0
0.011208652603355322,0.0035668609409847045,25,0.16263394197449088,0.0007800072653447032,9,49.57142867360796,1.3573439577647617,-1.0
0.025835527191785248,0.0034783779093149033,26,0.3225715721491724,0.0007636367895343947,9,51.78571472849165,1.3050793470655169,-1.0
0.0343706892083653,0.0027719906912269917,27,0.40867811907082796,0.0007468675145409928,9,47.78571449007307,1.333524797303336,-1.0
0.03422328088940545,0.0025650130965831604,28,0.4047850619535893,0.0007297252973710758,9,51.28571438789368,1.3212103012629917,-1.0
0.034497432453049856,0.003901736450974237,29,0.42250711005181074,0.0007122365700810271,9,51.7142859186445,1.3182547106061664,-1.0
0.034410784084519204,0.0023717230863191867,30,0.40472068707458675,0.0006944282990207196,9,53.4285717351096,1.2779644060134887,-1.0
0.02996891993097961,0.0036395258820531044,31,0.3697969678323716,0.0006763279432533592,9,50.85714309556143,1.2912993431091309,-1.0
0.0089234305461022,0.0036454681857404385,32,0.13836495601572096,0.0006579634122155992,9,52.21428615706308,1.263781281198774,-1.0
0.03424151345494796,0.002337155461480672,33,0.40249497001059353,0.000639363022683212,9,53.785714524132864,1.242725167274475,-1.0
0.034360569309104576,0.003574944778599522,34,0.4174080390948802,0.0006205554551086735,9,53.428571462631226,1.2638297503335136,-1.0
0.03434583051553504,0.0036577085795050316,35,0.41815605387091637,0.0006015697093979838,9,55.71428598676409,1.2181384781428746,-1.0
0.03426849061030556,0.003631687215106054,36,0.4170152931474149,0.0005824350601949146,9,56.21428574834551,1.1821743822097779,-1.0
0.034287069077518856,0.004338271365585652,37,0.424985493067652,0.0005631810117416299,9,55.42857183728899,1.2006148386001587,-1.0
0.016027449333870954,0.0036243028430776162,38,0.21629209606908262,0.0005438372523852835,9,56.0000000681196,1.1864989880153112,-1.0
0.020194211424413053,0.0029696473132141614,39,0.2549232149031013,0.0005244336088007391,9,55.85714309556143,1.171702070236206,-1.0
0.03424437830901959,0.002388693688606674,40,0.40307731996290386,0.0005050000000000001,9,56.357142959322246,1.1461454650333949,-1.0
0.03417997661216015,0.0023505135693333364,41,0.4019465970341116,0.0004855663911992613,9,57.7142858505249,1.1316964708055768,-1.0
0.03435224561359395,0.003735531375489452,42,0.419075489975512,0.00046616274761471693,9,58.35714333398001,1.1259440272194998,-1.0
0.03428049082867801,0.003650273450396278,43,0.4173475878778845,0.00044681898825837057,9,59.64285727909633,1.1167896699905395,-1.0
0.034296989081088795,0.004021710822020064,44,0.42163402982987463,0.000427564939805086,9,58.07142884390695,1.0933667189734322,-1.0
0.008656394921920517,0.0035334273495457387,45,0.13421452301554382,0.00040843029060201667,9,58.85714299338205,1.0996658965519497,-1.0
0.03412435489537364,0.002698686100881208,46,0.40517080505378544,0.000389444544891327,9,58.142857619694304,1.093659759930202,-1.0
0.03429078547792001,0.0026861955411732197,47,0.4068654158618301,0.0003706369773167883,9,61.642857381275725,1.0702254029682705,-1.0
0.03426690137183124,0.003593756182288582,48,0.416599677875638,0.0003520365877844012,9,62.357142959322246,1.0253720453807287,-1.0
0.0342291255523874,0.004259603733027523,49,0.42350435187108815,0.0003336720567466412,9,60.92857156481062,1.0420283378873552,-1.0
0.034400503553280774,0.0035930132620375266,50,0.41806015092879534,0.0003155717009792807,9,61.71428605488369,1.0328586442129952,-1.0
0.018970288378609854,0.003611572806469419,51,0.24852612894028425,0.00029776342991897335,9,61.85714333398001,1.04167551108769,-1.0
0.016445414544167845,0.0030874192757024007,52,0.21552601899020374,0.00028027470262892445,9,64.21428622518268,1.0008188349860054,-1.0
0.034240907841277396,0.002460608788003976,53,0.4038432501256466,0.0002631324854590073,9,62.428571701049805,0.9832526544162206,-1.0
0.03419007492167028,0.003587104634127834,54,0.4156760829500854,0.0002463632104656054,9,63.07142891202654,0.9900429214750017,-1.0
0.03435075655579567,0.0036348710048266434,55,0.41797109390608966,0.0002299927346552969,9,63.85714323180063,0.9775677568571908,-1.0
0.034339619863947686,0.0040201217740435495,56,0.42208479694090784,0.00021404630011522587,9,64.50000006811959,0.9569593446595328,-1.0
0.03437082001685419,0.0035343557088212533,57,0.4170834789983928,0.00019854849509163232,9,64.07142894608634,0.946184036391122,-1.0
0.010180350033227693,0.004021700873801654,58,0.1563526929821819,0.00018352321607655918,9,64.21428622518268,0.9653076022011893,-1.0
0.03417797845957631,0.003489030355756933,59,0.41447538207285106,0.00016899363096119395,9,65.28571479661124,0.9370272476332528,-1.0
0.03423189325258136,0.002526413839818402,60,0.4044698290526867,0.000154982143312659,9,64.78571472849164,0.9550851215635027,-1.0
0.03428866301493889,0.0038839600853283296,61,0.4200350570026785,0.0001415103578293356,9,66.21428581646511,0.9132360982894897,-1.0
0.03451678245751695,0.003984667805277489,62,0.4236253248527646,0.0001285990470279847,9,67.14285738127572,0.8992077101979937,-1.0
0.03432828249325129,0.003758690870282325,63,0.4190680109895766,0.0001162681192140312,9,66.21428612300328,0.9127249598503113,-1.0
0.017704373924061656,0.004196475175294009,64,0.24101395602338016,0.00010453658778440107,9,66.85714336803981,0.8799912176813398,-1.0
0.018383699702098966,0.0034649312199855394,65,0.2404480380937457,9.342254191024022e-05,9,66.85714326586042,0.8845804190635681,-1.0
0.03433051550845531,0.0031069999306716704,66,0.4119251368101686,8.294311864472437e-05,9,66.85714333398002,0.873445029599326,-1.0
0.03433008657091043,0.002506101059473374,67,0.4053093788679689,7.311447649896551e-05,9,67.07142867360797,0.8933556137766157,-1.0
0.034384860741821205,0.003934413258155639,68,0.4216248611919582,6.395177052675794e-05,9,67.92857153075082,0.8838047412463597,-1.0
0.034257938344539565,0.003442521651529453,69,0.4148137611337006,5.546912895658472e-05,9,66.92857153075082,0.8812259302820478,-1.0
0.03427825631065802,0.003736358051272956,70,0.41827192390337586,4.767963140691306e-05,9,69.2142858845847,0.8543270325660706,-1.0
0.009252324425192042,0.003910336114296859,71,0.14489461202174425,4.059528871837034e-05,9,68.50000037465777,0.8452170102936881,-1.0
0.03413720035248182,0.0034248190085318956,72,0.4133174931630492,3.4227024433899e-05,9,68.50000023841858,0.8563763070106506,-1.0
0.034477632704444906,0.0038864104796878314,73,0.42213303595781326,2.8584657955444653e-05,9,67.00000010217938,0.8731984230450222,-1.0
0.03444077906368131,0.0035918193064968696,74,0.41849462408572435,2.367688940315011e-05,9,67.35714319774083,0.8685663216454642,-1.0
0.034598062936724586,0.003986902153966102,75,0.42456417717039585,1.951128620040094e-05,9,67.7142859867641,0.8656258266312735,-1.0
0.03433398443104869,0.0037080589258535342,76,0.418605478014797,1.6094271405406862e-05,9,68.14285738127572,0.8522466489246914,-1.0
0.01665820363401012,0.003767813809893348,77,0.22480848408304155,1.3431113807311488e-05,9,66.92857149669102,0.874232565675463,-1.0
0.01605086815966801,0.002990729831667109,78,0.20958297397010028,1.1525919802101659e-05,9,68.28571452413287,0.8515428849628993,-1.0
0.03442560172301124,0.002453372453932058,79,0.40580102195963264,1.0381627060842164e-05,9,67.21428622518268,0.8653956386021205,-1.0
0.03426601718687876,0.0035406610801477323,80,0.41601150506176054,1e-05,9,68.28571455819267,0.835994348526001,-1.0
0.015916006717210014,0.014398161865149936,1,0.3639196848962456,0.000999618372939158,10,13.066666718324026,5.1222532291412355,-1.0
0.033943505821904786,0.002407748019322753,2,0.43635390303097665,0.0009984740801978985,10,22.066666714350383,2.2303576107025145,-1.0
0.03409146977355704,0.002533938483490298,3,0.43962023011408746,0.0009965688861926887,10,26.73333342075348,2.0288155771891274,-1.0
0.03416170437897866,0.003978371717190991,4,0.4577958530280739,0.0009939057285945933,10,26.933333285649617,1.9812417691548665,-1.0
0.03426209084379176,0.003594491494974742,5,0.45439377799630165,0.0009904887137995992,10,29.066666634877524,1.9309358469645181,-1.0
0.03413022136858975,0.0024954965338110924,6,0.43963026511482894,0.00098632311059685,10,31.666666634877522,1.9036662460962932,-1.0
0.009690892067737877,0.003292175029249241,7,0.15589900617487729,0.0009814153420445555,10,34.53333345254262,1.8243619600931804,-1.0
0.03403453707384566,0.003561769670341164,8,0.4512742660008371,0.0009757729755661012,10,36.066666642824806,1.7956719058354695,-1.0
0.0341192203729103,0.0021520290368547044,9,0.4353741181548685,0.0009694047112816298,10,37.80000000794728,1.7270408255259195,-1.0
0.034228493071471654,0.0029202470129045346,10,0.44589614518918097,0.0009623203685930871,10,37.40000003973643,1.7064907398223876,-1.0
0.03423225177296748,0.0031958832211482027,11,0.44925052719190717,0.0009545308710434153,10,40.133333349227904,1.621436756769816,-1.0
0.034107255652391665,0.0033924870852691433,12,0.45010793791152537,0.0009460482294732422,10,40.26666669050852,1.6140174592336018,-1.0
0.010070462555934986,0.0033860361048330865,13,0.16160795697942376,0.0009368855235010348,10,42.26666677792867,1.5507421058019002,-1.0
0.03321402339497581,0.002161396356920401,14,0.42469309619627893,0.0009270568813552758,10,42.66666662693024,1.5529025462468464,-1.0
0.034168910526204854,0.004210176722457011,15,0.4606773881241679,0.0009165774580897602,10,42.46666677792867,1.534336264292399,-1.0
0.03412294151106229,0.003625350655056536,16,0.45311233401298523,0.0009054634122155992,10,44.8,1.4939774611790975,-1.0
0.03420646857315054,0.00255361117888242,17,0.44122951780445874,0.0008937318807859689,10,43.80000012715657,1.49932328414917,-1.0
0.0341820558727098,0.0023529078074110052,18,0.43852764484472573,0.0008814009529720156,10,45.13333344459534,1.4919849681854247,-1.0
0.008691175355731199,0.0031895413800763586,19,0.1426853840239346,0.0008684896421706646,10,46.79999997615814,1.4237183815638224,-1.0
0.026394822576548904,0.002385319424017022,20,0.34549693390727043,0.0008550178566873412,10,46.93333328564962,1.4119844668706258,-1.0
0.034206469465668,0.0025818657013587654,21,0.44157225894741714,0.0008410063690388064,10,47.80000007947286,1.3921718845367432,-1.0
0.03429907533184936,0.0037559346722749374,22,0.4567692209966481,0.0008264767839234412,10,49.73333330154419,1.3636482238769532,-1.0
0.03416406341906016,0.0045958754878180725,23,0.4652242411393672,0.000811451504908368,10,49.200000047683716,1.3220232566197714,-1.0
0.03419933708695074,0.0032170259898218014,24,0.44910094304941595,0.0007959536998847743,10,49.799999968210855,1.3231145391464234,-1.0
0.014617504454993954,0.002389466700454553,25,0.20419644191861153,0.0007800072653447032,10,50.40000007947286,1.305928193092346,-1.0
0.019640297434913617,0.002895589316419015,26,0.27053492492996156,0.0007636367895343947,10,51.6666668732961,1.2833917773564656,-1.0
0.03430438806147625,0.0027344377789025507,27,0.4445747609715909,0.0007468675145409928,10,51.99999996026357,1.2901830259958904,-1.0
0.0342469751679649,0.0034393264019551375,28,0.45234190695919096,0.0007297252973710758,10,53.19999993642171,1.2793162050247193,-1.0
0.034224351887435965,0.0027167791073831418,29,0.4434008009266108,0.0007122365700810271,10,52.59999996821086,1.28795095094045,-1.0
0.034171788895037025,0.0044948843618234,30,0.4641059360001236,0.0006944282990207196,10,52.733333285649614,1.2424884608586628,-1.0
0.02259029176396628,0.0024716859916225076,31,0.3008710921276361,0.0006763279432533592,10,53.06666663487752,1.2294600105285645,-1.0
0.015476876151903221,0.0034048726859812937,32,0.22669538599438965,0.0006579634122155992,10,53.20000023841858,1.217396008491516,-1.0
0.03414369285261879,0.003836737227781365,33,0.45590748195536435,0.000639363022683212,10,54.46666669845581,1.195102232615153,-1.0
0.03415393140555049,0.003874677757266909,34,0.456453843973577,0.0006205554551086735,10,54.93333333333333,1.1955823542277018,-1.0
0.03411656812143823,0.0023262147054386637,35,0.43742260499857366,0.0006015697093979838,10,55.866666650772096,1.1542814820607503,-1.0
0.03452490485506132,0.0038989137198465564,36,0.4611945329234004,0.0005824350601949146,10,55.59999990463257,1.172467770576477,-1.0
0.02614028286188841,0.0022861050674691796,37,0.3412224119529128,0.0005631810117416299,10,55.06666658719381,1.1529504982630412,-1.0
0.015790922159794718,0.004229219921398908,38,0.24035893892869353,0.0005438372523852835,10,56.866666603088376,1.134991686820984,-1.0
0.03417517646448687,0.0023134297031598785,39,0.4379817589651793,0.0005244336088007391,10,56.199999888738,1.1345727386474609,-1.0
0.034215160936582834,0.004362339309106271,40,0.463060436071828,0.0005050000000000001,10,57.19999990463257,1.1131700261433919,-1.0
0.034276908865043275,0.003936229972168803,41,0.4586668580304831,0.0004855663911992613,10,58.4,1.0955946906407674,-1.0
0.034155185373189546,0.004732820127780239,42,0.4667845170479268,0.00046616274761471693,10,58.333333333333336,1.0957741295496624,-1.0
0.024779149719203513,0.0025148920249193907,43,0.3276538262143731,0.00044681898825837057,10,60.266666905085245,1.0671282981236776,-1.0
0.019615160320730258,0.005363517770698915,44,0.29987411899492145,0.000427564939805086,10,59.2666668732961,1.044708163579305,-1.0
0.03418032693055769,0.003570623831668248,45,0.453121131984517,0.00040843029060201667,10,61.19999992052714,1.0333362913131714,-1.0
0.034172760361495115,0.003526750486344099,46,0.45250594592653215,0.000389444544891327,10,59.266666650772095,1.0613218771616617,-1.0
0.034198378561995924,0.0028571694468458495,47,0.4447765981312841,0.0003706369773167883,10,62.13333350817363,1.0125667147636415,-1.0
0.03683191450545564,0.004098944831639528,48,0.4912844819482416,0.0003520365877844012,10,62.933333524068196,1.0078671134312949,-1.0
0.019555243333646406,0.0023702315714520714,49,0.2632072090636939,0.0003336720567466412,10,63.1333332379659,0.9706700862248738,-1.0
0.0193652524612844,0.0026987131180552146,50,0.26489741797558963,0.0003155717009792807,10,63.66666684150696,0.9672141393025716,-1.0
0.034153684585665665,0.002283034826784084,51,0.43736922298558056,0.00029776342991897335,10,63.26666684150696,1.0004897878964742,-1.0
0.03429218967600415,0.0034822874974148967,52,0.45342432893812656,0.00028027470262892445,10,64.600000111262,0.9380506598154704,-1.0
0.034121661873844765,0.0037162876299892864,53,0.4541814010590315,0.0002631324854590073,10,64.06666679382325,0.9388996936480204,-1.0
0.03426060947822407,0.0034899746727508805,54,0.45314043783582747,0.0002463632104656054,10,64.800000222524,0.9351391569773356,-1.0
0.02351592139651378,0.0035747268508809307,55,0.32521064206957817,0.0002299927346552969,10,64.66666688919068,0.9386708215077718,-1.0
0.011202178934278587,0.002855828730389476,56,0.16880703577771783,0.00021404630011522587,10,66.06666682561239,0.9311420509020487,-1.0
0.0342099210829474,0.0021937635028734803,57,0.4369706930592656,0.00019854849509163232,10,66.06666690508524,0.9119890885353088,-1.0
0.03422602892775709,0.003419895831029862,58,0.4518613200634718,0.00018352321607655918,10,66.06666685740153,0.8831288305918376,-1.0
0.03411547758150846,0.0034609485107163587,59,0.45103200315497816,0.00016899363096119395,10,65.13333342870077,0.8847852773666381,-1.0
0.03428839711705223,0.003510218889762958,60,0.45369968516752124,0.000154982143312659,10,65.33333342870077,0.8928262637456258,-1.0
0.03051092376699671,0.003579211227285365,61,0.4091884980443865,0.0001415103578293356,10,68.6,0.8631754539807638,-1.0
0.013214086085402718,0.004092747093333553,62,0.20778898592106998,0.0001285990470279847,10,65.33333346048991,0.9166284238497416,-1.0
0.034181414385481425,0.0035805749551703534,63,0.45325608900748193,0.0001162681192140312,10,66.46666685740153,0.8712080799738566,-1.0
0.034145610387592264,0.0036288268553713956,64,0.4534052030649036,0.00010453658778440107,10,69.66666677792867,0.8564882685343425,-1.0
0.03416168061085045,0.0033496043955286345,65,0.4502476470079273,9.342254191024022e-05,10,66.13333326975504,0.8604022185007731,-1.0
0.034167720839226,0.0034251805821744106,66,0.45122707402333617,8.294311864472437e-05,10,70.86666688919067,0.8130333598454793,-1.0
0.029129812280492235,0.0032590258827743432,67,0.3887700620107353,7.311447649896551e-05,10,67.93333341280619,0.8385702455838522,-1.0
0.01521303456199045,0.0039335696104293065,68,0.22987073520198464,6.395177052675794e-05,10,68.20000020662944,0.8284158293406169,-1.0
0.034199775119001664,0.0030949826274688044,69,0.4476470260415226,5.546912895658472e-05,10,68.00000022252401,0.8223631040255228,-1.0
0.03419952998713901,0.0036089273441272476,70,0.4538143961690366,4.767963140691306e-05,10,70.26666680971782,0.812148457368215,-1.0
0.034233860516299806,0.003718655148986727,71,0.4555453178472817,4.059528871837034e-05,10,69.40000007947286,0.8070603594779968,-1.0
0.03422254723651955,0.0035591586881006756,72,0.4535074499435723,3.4227024433899e-05,10,68.26666682561239,0.8365363373756408,-1.0
0.027605470522151638,0.0034520363939615586,73,0.37281278404407203,2.8584657955444653e-05,10,70.86666679382324,0.8025094564755758,-1.0
0.01522370179494222,0.003600397535289327,74,0.22604089695960283,2.367688940315011e-05,10,69.60000004768372,0.8188455214500427,-1.0
0.03425841056741774,0.0025634512615700564,75,0.44205851294100285,1.951128620040094e-05,10,67.6666667620341,0.8183979099591573,-1.0
0.03417675905317689,0.004159059181498985,76,0.46014437917619944,1.6094271405406862e-05,10,69.53333346048991,0.8192870575586955,-1.0
0.03426937592060616,0.0036702133365906775,77,0.4553858651779592,1.3431113807311488e-05,10,69.2,0.8065045762062073,-1.0
0.03431729498940209,0.0034705765817003944,78,0.45356827788054943,1.1525919802101659e-05,10,69.26666668256124,0.8241840988794963,-1.0
0.026922222052235156,0.0031455694309746227,79,0.3609209458809346,1.0381627060842164e-05,10,68.40000004768372,0.8039912678400676,-1.0
0.008308528922498226,0.003265957251035919,80,0.1390000011306256,1e-05,10,68.46666669845581,0.8030277970631917,-1.0
0.03622040784774491,0.01307693854547464,1,0.6410021351184696,0.000999618372939158,11,14.9375,4.885048542022705,-1.0
0.034058134304359555,0.002084268006281211,2,0.46997920982539654,0.0009984740801978985,11,26.0,2.0980021858215334,-1.0
0.03410585496861201,0.0035335558753174087,3,0.489424014929682,0.0009965688861926887,11,29.25,1.9740963363647461,-1.0
0.0335512888044692,0.0020210873514700392,4,0.46255051298066974,0.0009939057285945933,11,30.75,1.8929036903381347,-1.0
0.009701564693107055,0.003031315693918329,5,0.16563407401554286,0.0009904887137995992,11,34.125,1.8401950550079347,-1.0
0.03404081301190532,0.0021933154561198675,6,0.47115316218696535,0.00098632311059685,11,37.0,1.7621174240112305,-1.0
0.03413003009672348,0.003666647351705111,7,0.4914677219931036,0.0009814153420445555,11,37.375,1.7187147045135498,-1.0
0.03409143395793553,0.0031949783532092203,8,0.48483552620746195,0.0009757729755661012,11,38.25,1.6600196170806885,-1.0
0.03400991557954022,0.003113800032924001,9,0.482726417016238,0.0009694047112816298,11,38.1875,1.6681278324127198,-1.0
0.023798296389241632,0.0029889036937115285,10,0.34833919792436063,0.0009623203685930871,11,39.75,1.5996444511413574,-1.0
0.01670145347284583,0.002959177542764407,11,0.2556989770382643,0.0009545308710434153,11,41.5625,1.5810755538940429,-1.0
0.03410043017580532,0.002092091295008476,12,0.47061597695574164,0.0009460482294732422,11,41.9375,1.547209758758545,-1.0
0.03400546695607213,0.0021391342071673046,13,0.46999648911878467,0.0009368855235010348,11,45.1875,1.5011695957183837,-1.0
0.03400967549532652,0.001988540905026289,14,0.46808792813681066,0.0009270568813552758,11,43.4375,1.4889175224304199,-1.0
0.03405029015042461,0.002139938708681327,15,0.47058664401993155,0.0009165774580897602,11,46.0,1.4554882621765137,-1.0
0.018972979464496557,0.0031395267623548326,16,0.2875652629882097,0.0009054634122155992,11,46.3125,1.4679204845428466,-1.0
0.02134791833276932,0.0030018147439337694,17,0.31665862700901926,0.0008937318807859689,11,47.5625,1.4199855041503906,-1.0
0.03400647847984846,0.004423299302848486,18,0.4997022410389036,0.0008814009529720156,11,47.1875,1.4119314289093017,-1.0
0.03402182567291535,0.0032012113190900823,19,0.4840096249245107,0.0008684896421706646,11,47.1875,1.3977674770355224,-1.0
0.03406891928842434,0.003611497007883512,20,0.48995987279340625,0.0008550178566873412,11,49.25,1.3608432769775392,-1.0
0.03404308572554818,0.004064944053355318,21,0.495520839933306,0.0008410063690388064,11,49.75,1.34052433013916,-1.0
0.009308208209963946,0.002336087475459163,22,0.15148072899319232,0.0008264767839234412,11,48.375,1.3321336555480956,-1.0
0.03116080349382873,0.0023913694402346243,23,0.4363128188997507,0.000811451504908368,11,50.75,1.2993099784851074,-1.0
0.0341377578353366,0.002509316626506356,24,0.47654244187287986,0.0007959536998847743,11,50.5625,1.3020981788635253,-1.0
0.03398410787877555,0.00254829188522238,25,0.47505356278270483,0.0007800072653447032,11,53.875,1.2684898471832275,-1.0
0.03411719417915894,0.00235887744034139,26,0.47431897395290434,0.0007636367895343947,11,52.25,1.26764835357666,-1.0
0.032070494418104105,0.0021364258853002237,27,0.44481829390861094,0.0007468675145409928,11,53.125,1.256555166244507,-1.0
0.009538068973387662,0.0021694964872529874,28,0.15232959599234164,0.0007297252973710758,11,53.125,1.2123590183258057,-1.0
0.0341380221876674,0.0022212701957099712,29,0.47280690306797624,0.0007122365700810271,11,53.5625,1.210430793762207,-1.0
0.034088154162208624,0.003600333691932834,30,0.49008541204966605,0.0006944282990207196,11,54.4375,1.1840249443054198,-1.0
0.03399511546684572,0.003749333930989871,31,0.49081002781167626,0.0006763279432533592,11,54.9375,1.1813404560089111,-1.0
0.03410725399421958,0.003701228075302564,32,0.4916401789523661,0.0006579634122155992,11,55.875,1.1777197170257567,-1.0
0.02312530355098156,0.0032240649004681753,33,0.34266698407009244,0.000639363022683212,11,56.6875,1.1760267162322997,-1.0
0.017209812049539044,0.0028824396431446075,34,0.26132983597926795,0.0006205554551086735,11,57.1875,1.1247337865829468,-1.0
0.03410866840455968,0.0024173966644761655,35,0.4749689500313252,0.0006015697093979838,11,57.375,1.1036195468902588,-1.0
0.0340184832815654,0.0038108561689463947,36,0.49190508597530425,0.0005824350601949146,11,57.5,1.1104380512237548,-1.0
0.03401468427350315,0.002104288576027522,37,0.4696755378972739,0.0005631810117416299,11,56.5625,1.1058209466934203,-1.0
0.03404093965386542,0.0020473970351024317,38,0.46928057400509715,0.0005438372523852835,11,59.75,1.0519801330566407,-1.0
0.017831223282533195,0.002203068033290597,39,0.2605752900708467,0.0005244336088007391,11,58.6875,1.0756851387023927,-1.0
0.021544344544124145,0.0022898020688444376,40,0.30998688912950456,0.0005050000000000001,11,60.875,1.027222294807434,-1.0
0.034139645393364705,0.0034645039301652173,41,0.4889852257911116,0.0004855663911992613,11,59.5625,1.0444077396392821,-1.0
0.03427746555266472,0.003893791841199765,42,0.4963633599691093,0.00046616274761471693,11,60.5,1.025775990486145,-1.0
0.03429439097929459,0.0034060836411439455,43,0.4902387571055442,0.00044681898825837057,11,61.5,1.0283890438079835,-1.0
0.034159120852844074,0.0035007687715383675,44,0.4897136550862342,0.000427564939805086,11,59.5625,1.0207719278335572,-1.0
0.009683404261103043,0.0036523846658663107,45,0.17349749198183417,0.00040843029060201667,11,60.375,1.0206300020217896,-1.0
0.03401013107325595,0.002209544092273483,46,0.4709983579814434,0.000389444544891327,11,62.8125,0.9884880018234253,-1.0
0.03401485690847039,0.0036117657839965364,47,0.48927792999893427,0.0003706369773167883,11,62.5625,0.9826619577407837,-1.0
0.0340320674630885,0.0030423610721929716,48,0.4821011589374393,0.0003520365877844012,11,63.3125,0.959158000946045,-1.0
0.03407625395518083,0.003082981512237054,49,0.4832025282084942,0.0003336720567466412,11,64.125,0.9390625810623169,-1.0
0.026013918650838044,0.0030538253486156464,50,0.37800719891674817,0.0003155717009792807,11,63.8125,0.9361552119255065,-1.0
0.014987295833774485,0.003238935310107011,51,0.2370514888316393,0.00029776342991897335,11,63.9375,0.9499894285202026,-1.0
0.03414532708792159,0.0032502952963113785,52,0.4862532049883157,0.00028027470262892445,11,66.0,0.9014979219436645,-1.0
0.03404109908912618,0.0030867974452960948,53,0.4827710648532957,0.0002631324854590073,11,66.125,0.9011722493171692,-1.0
0.03418252572345619,0.0034757848972311388,54,0.4896645559929311,0.0002463632104656054,11,66.1875,0.9046131992340087,-1.0
0.03407507033373874,0.0030851225153757976,55,0.48319220007397234,0.0002299927346552969,11,66.4375,0.8813204908370972,-1.0
0.015687017146354683,0.003378736482073481,56,0.2479610349982977,0.00021404630011522587,11,67.6875,0.8624446296691894,-1.0
0.02102191217888433,0.0023914269673136566,57,0.304487549001351,0.00019854849509163232,11,66.1875,0.8782033205032349,-1.0
0.034063260769471526,0.0031809353162176334,58,0.4842949470039457,0.00018352321607655918,11,66.0625,0.858862738609314,-1.0
0.03409169517600766,0.0033096134340247284,59,0.4863271159119904,0.00016899363096119395,11,68.125,0.8251559066772461,-1.0
0.03404241590760648,0.003256009014036793,60,0.4849979509599507,0.000154982143312659,11,68.0,0.8339965438842774,-1.0
0.03405181003304628,0.0033210649584921505,61,0.48596272617578506,0.0001415103578293356,11,68.375,0.8421389389038086,-1.0
0.009599748604859296,0.0033236265612336304,62,0.16811384097673,0.0001285990470279847,11,71.1875,0.791526083946228,-1.0
0.0273788702280189,0.0022605547609810647,63,0.3854285669513047,0.0001162681192140312,11,69.125,0.8102900624275208,-1.0
0.03404113953001797,0.0030442103922653655,64,0.48222397989593446,0.00010453658778440107,11,69.4375,0.7938688421249389,-1.0
0.03416893659875943,0.0029181881019702326,65,0.4822471409570426,9.342254191024022e-05,11,70.375,0.7814820241928101,-1.0
0.03406711182413766,0.00316550971295398,66,0.48413868085481226,8.294311864472437e-05,11,70.25,0.7844585013389588,-1.0
0.03311360460849336,0.003103353620435183,67,0.47093806113116443,7.311447649896551e-05,11,71.25,0.7789201641082764,-1.0
0.013273167388083843,0.0036023994549535788,68,0.21949078096076846,6.395177052675794e-05,11,71.3125,0.7571886849403381,-1.0
0.03400580550973805,0.0019793783386166277,69,0.4679179850500077,5.546912895658472e-05,11,70.9375,0.7679998993873596,-1.0
0.034152241316265784,0.0021083142178562973,70,0.4715049669612199,4.767963140691306e-05,11,70.5625,0.7749148654937744,-1.0
0.034097698982805014,0.002122833339784008,71,0.47098043910227716,4.059528871837034e-05,11,70.25,0.7687168598175049,-1.0
0.034108776796179324,0.003053921812142317,72,0.48324743704870343,3.4227024433899e-05,11,70.8125,0.7752779912948609,-1.0
0.022894643085937087,0.0033354496834083246,73,0.341119647026062,2.8584657955444653e-05,11,70.6875,0.7463799500465393,-1.0
0.019352936544097386,0.002695732911189015,74,0.28676360682584345,2.367688940315011e-05,11,71.5625,0.7491542482376099,-1.0
0.03406814004008014,0.0030867448076605797,75,0.48314262414351106,1.951128620040094e-05,11,71.5,0.7443001341819763,-1.0
0.034026854331246935,0.0028105732769920276,76,0.47902077808976173,1.6094271405406862e-05,11,71.9375,0.7416490125656128,-1.0
0.03415166029634957,0.003157674549863889,77,0.4851545400451869,1.3431113807311488e-05,11,71.25,0.755334849357605,-1.0
0.034147887920530945,0.0036002633949885,78,0.49086513300426304,1.1525919802101659e-05,11,70.375,0.7543325543403625,-1.0
0.013195451940051638,0.003130823982736239,79,0.21236999705433846,1.0381627060842164e-05,11,71.5,0.751451199054718,-1.0
0.028721530545646183,0.0025484660604538825,80,0.4066422530449927,1e-05,11,69.5625,0.7562787008285522,-1.0
0.036327151681429574,0.011683281328129982,1,0.6723051778972149,0.000999618372939158,12,15.647058830541724,4.795641657885383,-1.0
0.03398554215008127,0.0019588974869943093,2,0.5033664489164948,0.0009984740801978985,12,23.58823529411765,2.186211654999677,-1.0
0.034008143419799,0.0036729267864887205,3,0.527669272152707,0.0009965688861926887,12,24.94117649863748,2.024383905074176,-1.0
0.02575495423349951,0.003184940416498908,4,0.4052828890271485,0.0009939057285945933,12,29.647058844566345,1.9508818761040183,-1.0
0.017256539431400597,0.0019877012153821333,5,0.2695629019290209,0.0009904887137995992,12,31.941176491625168,1.8839733336953557,-1.0
0.03407151807498719,0.001913023929643844,6,0.5039104849565774,0.00098632311059685,12,33.588235329179206,1.8444994763767018,-1.0
0.0342213006723406,0.0029745780463729587,7,0.5208768809679896,0.0009814153420445555,12,35.00000001402462,1.7951308497260599,-1.0
0.033948937630546946,0.0020027813568179098,8,0.5034355521202087,0.0009757729755661012,12,36.11764707284815,1.7478520839354572,-1.0
0.034029055486566255,0.002991817858336227,9,0.5184018900617957,0.0009694047112816298,12,36.82352942578933,1.6937059926986695,-1.0
0.008738856430032424,0.0022908124207918134,10,0.15451853699050844,0.0009623203685930871,12,39.11764706583584,1.666577075509464,-1.0
0.032617312390357256,0.002214685049174087,11,0.48776669008657336,0.0009545308710434153,12,39.88235292013954,1.6357075231215532,-1.0
0.03405735568542566,0.00325807644653001,12,0.5225228189956397,0.0009460482294732422,12,39.764705903389874,1.6437351372662712,-1.0
0.034068459328929226,0.002878305169620684,13,0.5173636050894856,0.0009368855235010348,12,40.2352941456963,1.618100406141842,-1.0
0.034069140158992796,0.0028783639260966864,14,0.5173748610541224,0.0009270568813552758,12,40.29411768212038,1.5739258712880753,-1.0
0.01771909317799977,0.0030119619498561534,15,0.29033517092466354,0.0009165774580897602,12,41.94117648461286,1.5646903548521154,-1.0
0.02036306162231735,0.0021301225226904663,16,0.3150106449611485,0.0009054634122155992,12,42.00000001402462,1.546897655655356,-1.0
0.03412542452237436,0.0018365277542865702,17,0.5035756519064307,0.0008937318807859689,12,43.76470588235294,1.5262662469639499,-1.0
0.03401278398398842,0.0019638310186564922,18,0.5038051758892834,0.0008814009529720156,12,43.52941179275513,1.4933034105861889,-1.0
0.03400108873445008,0.0020426764053159525,19,0.504740881966427,0.0008684896421706646,12,47.235294096610126,1.4471039542029887,-1.0
0.0332870856925313,0.003326595594574298,20,0.5127167338505387,0.0008550178566873412,12,44.823529467863196,1.4609177634295296,-1.0
0.013368998437986843,0.0031600897034097996,21,0.23154905391857028,0.0008410063690388064,12,47.000000056098486,1.434415005235111,-1.0
0.034070149812448235,0.001940763755036252,22,0.504287239164114,0.0008264767839234412,12,45.35294117647059,1.4385661576775943,-1.0
0.034108185225964656,0.003142670645112438,23,0.5216395210009068,0.000811451504908368,12,47.82352942578933,1.4151361984365127,-1.0
0.03410599142911711,0.003086550144611725,24,0.5208270871080458,0.0007959536998847743,12,48.705882359953485,1.369799409754136,-1.0
0.03398989701444017,0.003653757689919855,25,0.5271406678948551,0.0007800072653447032,12,48.99999997896307,1.360236305068521,-1.0
0.011199319402554206,0.0031693609531170557,26,0.20128684001974761,0.0007636367895343947,12,49.588235294117645,1.3771014931622674,-1.0
0.033989013106163056,0.0021691072532641037,27,0.5063460019882768,0.0007468675145409928,12,49.17647064433378,1.3611856426912194,-1.0
0.03400375391356647,0.0019030394365212747,28,0.5028302990831435,0.0007297252973710758,12,49.411764712894666,1.320993408876307,-1.0
0.033961950901097486,0.0019195045211485454,29,0.5024744151160121,0.0007122365700810271,12,49.52941175068126,1.3371652227289537,-1.0
0.034099536149629524,0.003444897842460445,30,0.5257476719561964,0.0006944282990207196,12,49.23529411764706,1.3324304294586182,-1.0
0.030519998050294816,0.003586366440036467,31,0.4776275181211531,0.0006763279432533592,12,51.29411762602189,1.2866990041732789,-1.0
0.02821565537513899,0.002827588119544089,32,0.43473687395453453,0.0006579634122155992,12,52.29411770315731,1.282330151165233,-1.0
0.02830319109904979,0.003606598691216537,33,0.44685909897089005,0.000639363022683212,12,53.76470593845143,1.2642252571442547,-1.0
0.028020040481351316,0.003607473020175738,34,0.4429144198074937,0.0006205554551086735,12,53.17647059524761,1.2462558247061337,-1.0
0.02785625450113522,0.0031816502866734353,35,0.43466464593075216,0.0006015697093979838,12,54.117647016749665,1.2492849369610057,-1.0
0.02830750127655587,0.0031814922279279146,36,0.4409559618216008,0.0005824350601949146,12,53.70588240903967,1.2388313753464644,-1.0
0.02774022426456213,0.0029551663070118855,37,0.4298428068868816,0.0005631810117416299,12,53.76470588235294,1.2341079883014454,-1.0
0.028477725223638117,0.002858082131881799,38,0.4388077910989523,0.0005438372523852835,12,54.47058824230643,1.1972646070929134,-1.0
0.026172253236706768,0.0019204534058059966,39,0.3934044521301985,0.0005244336088007391,12,54.05882352941177,1.2144554584166583,-1.0
0.026584479059757932,0.002194416293475245,40,0.40303580020554364,0.0005050000000000001,12,55.88235295520109,1.1845062154882093,-1.0
0.011109795321577362,0.004268083604983985,41,0.2154074888676405,0.0004855663911992613,12,56.17647061628454,1.1684463402804206,-1.0
0.03228402192637857,0.00211756322200277,42,0.4817556501366198,0.00046616274761471693,12,55.999999957926136,1.1814976947447833,-1.0
0.03411716063107763,0.002838925225660205,43,0.5175160558428615,0.00044681898825837057,12,57.64705885859097,1.1552227053922766,-1.0
0.034276334036673815,0.0029469608229451944,44,0.5212539869826287,0.000427564939805086,12,57.999999957926136,1.148685409601997,-1.0
0.03401411414545562,0.002754600701986679,45,0.5148896579630673,0.00040843029060201667,12,57.705882380990424,1.1303926939122817,-1.0
0.018339315562375953,0.003120774935398783,46,0.30056383879855275,0.000389444544891327,12,58.705882388002735,1.1192373017703785,-1.0
0.019841834919394126,0.002236170577816665,47,0.3092169030569494,0.0003706369773167883,12,58.23529413167168,1.10799198178684,-1.0
0.034136140353179405,0.0028359202135886464,48,0.5177188708912581,0.0003520365877844012,12,59.647058851578656,1.0767362521676456,-1.0
0.034074315634955256,0.002971651780951236,49,0.5187491909600794,0.0003336720567466412,12,58.9411764495513,1.1065078600715188,-1.0
0.034045120900762935,0.003080597014299461,50,0.519871287047863,0.0003155717009792807,12,58.117647016749665,1.0666635263667388,-1.0
0.03069400439770626,0.003293137681404395,51,0.47592349303886294,0.00029776342991897335,12,59.52941179275513,1.074237742984996,-1.0
0.012114090811727303,0.0028591868966551764,52,0.2097354109864682,0.00028027470262892445,12,61.294117604984955,1.0351628297917983,-1.0
0.03402279628374215,0.0018118674301409296,53,0.5017988011240959,0.0002631324854590073,12,61.70588233891655,1.030116112652947,-1.0
0.03403822670225054,0.0028393905044400264,54,0.51639354089275,0.0002463632104656054,12,62.35294123256908,1.0154949651044958,-1.0
0.034029397631197104,0.002920757663170142,55,0.5174094028770924,0.0002299927346552969,12,60.705882388002735,1.0306383601356954,-1.0
0.03410638078847634,0.002995431506341057,56,0.5195361159276217,0.00021404630011522587,12,59.529411778730505,1.0192507359560798,-1.0
0.010981875621447605,0.003203878744638392,57,0.19871217687614262,0.00019854849509163232,12,61.05882354343639,1.0037822229721967,-1.0
0.029033351922407746,0.00212659385787057,58,0.4363552739378065,0.00018352321607655918,12,63.70588242306429,0.9636181416231043,-1.0
0.03400593571963587,0.0027389812915186796,59,0.5145353970583528,0.00016899363096119395,12,60.99999997195076,1.0005523631151985,-1.0
0.03399099550941693,0.0031287429821012275,60,0.5197863820940256,0.000154982143312659,12,62.941176526686725,0.9558929841658649,-1.0
0.03410425700712949,0.003232037282681891,61,0.5228187739849091,0.0001415103578293356,12,62.47058819322025,0.9916818590725169,-1.0
0.02231760572509042,0.0027583905695272343,62,0.35116548789665103,0.0001285990470279847,12,65.17647057421067,0.9489295143239639,-1.0
0.01989346243707197,0.0023282834860895362,63,0.3112102800514549,0.0001162681192140312,12,61.470588235294116,0.977353374817792,-1.0
0.03409416770695576,0.002738389652222395,64,0.5157683191355318,0.00010453658778440107,12,64.82352945383857,0.9467773835799274,-1.0
0.03400665260518768,0.0018706074749518717,65,0.5023909939918667,9.342254191024022e-05,12,65.17647061628453,0.9261244831365697,-1.0
0.03412028295653207,0.0030776910384052564,66,0.5208803080022335,8.294311864472437e-05,12,64.41176469185773,0.9352594675737269,-1.0
0.03150609157247735,0.0035126827091776897,67,0.4903856120072305,7.311447649896551e-05,12,65.64705886560328,0.9172267815646004,-1.0
0.012777324915597481,0.002777499662313078,68,0.21787484409287572,6.395177052675794e-05,12,63.99999998597538,0.918330015294692,-1.0
0.03394358779769391,0.001784559987884547,69,0.5003046931233257,5.546912895658472e-05,12,66.05882352941177,0.9130963991670048,-1.0
0.03410819284285286,0.0033885797186355504,70,0.5250619759317487,4.767963140691306e-05,12,65.05882352941177,0.9166853237152099,-1.0
0.03407911615379687,0.0019028397842443415,71,0.503858749056235,4.059528871837034e-05,12,65.82352945383857,0.9022474828888388,-1.0
0.034057664152766974,0.002763350278006068,72,0.5156056981068105,3.4227024433899e-05,12,64.52941183482899,0.9300539072822122,-1.0
0.011954362853430212,0.002845101707082774,73,0.20729906298220158,2.8584657955444653e-05,12,64.99999997195076,0.9162014436721801,-1.0
0.027974218695557544,0.0024205120945615427,74,0.4256447469815612,2.367688940315011e-05,12,64.1176470447989,0.894551248550415,-1.0
0.03399346891923675,0.002820636012724468,75,0.5155066919978708,1.951128620040094e-05,12,65.47058824931874,0.9032798225739423,-1.0
0.034136821765319576,0.00284657979916249,76,0.5179105941206217,1.6094271405406862e-05,12,65.64705878145554,0.9045631921992583,-1.0
0.034125664337937324,0.0020945611010704723,77,0.5071948219556361,1.3431113807311488e-05,12,66.17647060225991,0.9109065740248736,-1.0
0.023189571586304476,0.0039308505531932625,78,0.37978685018606484,1.1525919802101659e-05,12,65.29411764705883,0.911341704901527,-1.0
0.016707912553101778,0.0022277851489239504,79,0.2652077379170805,1.0381627060842164e-05,12,66.58823530814227,0.8939639106918784,-1.0
0.03404373489320278,0.001963747598763023,80,0.5042135671246797,1e-05,12,64.58823526606841,0.9145332396731657,-1.0
0.03625010922551155,0.010928028651202718,1,0.707826416939497,0.000999618372939158,13,18.11111111111111,3.4246184963650173,-1.0
0.03395133766656121,0.00250903006332616,2,0.5470313930418342,0.0009984740801978985,13,23.555555555555557,2.0721226671006945,-1.0
0.03399270900214712,0.00183380339294672,3,0.5375181650742888,0.0009965688861926887,13,28.333333333333332,1.9641180759006076,-1.0
0.015930226041624942,0.0028839705511927603,4,0.28232457395642996,0.0009939057285945933,13,31.88888888888889,1.8956700388590495,-1.0
0.026049700612202287,0.0023177146601180234,5,0.42563999095000327,0.0009904887137995992,13,32.388888888888886,1.8443101331922742,-1.0
0.034077635733410716,0.002963928133249283,6,0.5557560140732676,0.00098632311059685,13,36.833333333333336,1.7825996738009984,-1.0
0.03405645359307528,0.0031369964747379226,7,0.5580293210223317,0.0009814153420445555,13,37.72222222222222,1.734789564344618,-1.0
0.03414053531984488,0.0027719270748396713,8,0.553811120102182,0.0009757729755661012,13,35.888888888888886,1.7586185201009115,-1.0
0.016529795325671632,0.0028200503438711166,9,0.29037958988919854,0.0009694047112816298,13,37.666666666666664,1.661328396267361,-1.0
0.026494705118238926,0.0020234531412521998,10,0.42790720402263105,0.0009623203685930871,13,39.44444444444444,1.6565189107259115,-1.0
0.034139704999203484,0.0032111767989893756,11,0.5604033251293004,0.0009545308710434153,13,39.0,1.6250834147135416,-1.0
0.03414615415968001,0.002679753629490733,12,0.552520542871207,0.0009460482294732422,13,42.5,1.5788341352674695,-1.0
0.03412012757423023,0.003748906496912241,13,0.568162779090926,0.0009368855235010348,13,43.27777777777778,1.5399846733940972,-1.0
0.015488335055609544,0.002868735883384943,14,0.27548454608768225,0.0009270568813552758,13,41.22222222222222,1.5931943851047092,-1.0
0.02788131347236534,0.0021293971221894026,15,0.4502975819632411,0.0009165774580897602,13,42.111111111111114,1.556534194946289,-1.0
0.03392792542775472,0.0019881601600597303,16,0.5388520490378141,0.0009054634122155992,13,43.0,1.5100189802381727,-1.0
0.03398753451183438,0.0032573006891955933,17,0.5587963811121881,0.0008937318807859689,13,43.888888888888886,1.5164694213867187,-1.0
0.03399188172382613,0.0026559538052727777,18,0.5498268459923565,0.0008814009529720156,13,44.05555555555556,1.4814140235053168,-1.0
0.015276201240097483,0.002676046158497532,19,0.2693877958226949,0.0008684896421706646,13,44.44444444444444,1.4903929392496744,-1.0
0.02399453576654196,0.002071718421454231,20,0.3911093738861382,0.0008550178566873412,13,43.388888888888886,1.4934082624647353,-1.0
0.0340478228405118,0.002781139826402068,21,0.5525439239572734,0.0008410063690388064,13,46.05555555555556,1.4681184726291232,-1.0
0.03391837190526227,0.0027172394872953492,22,0.5496416019741446,0.0008264767839234412,13,44.888888888888886,1.4562676154242622,-1.0
0.03399044661782682,0.0028260263924797377,23,0.552357338834554,0.000811451504908368,13,48.05555555555556,1.4020540364583334,-1.0
0.019292463036254048,0.002856332218895356,24,0.3323386369738728,0.0007959536998847743,13,45.27777777777778,1.4524913363986545,-1.0
0.022235458002736172,0.002048279531300068,25,0.3643727358430624,0.0007800072653447032,13,46.94444444444444,1.4242291344536675,-1.0
0.03410294985709091,0.0028482675552368164,26,0.5543788957875222,0.0007636367895343947,13,46.72222222222222,1.4200786760118274,-1.0
0.03403804351886113,0.003651212683568398,27,0.5654501591343433,0.0007468675145409928,13,46.166666666666664,1.4563658057318793,-1.0
0.03407025391546389,0.002760144881904125,28,0.5525701309088618,0.0007297252973710758,13,46.72222222222222,1.402238277859158,-1.0
0.02000757921487093,0.0027144314566006265,29,0.34094635280780494,0.0007122365700810271,13,48.22222222222222,1.374321755303277,-1.0
0.023730145705242952,0.0026327206908414763,30,0.39556118100881577,0.0006944282990207196,13,49.27777777777778,1.368226301405165,-1.0
0.03399425498209894,0.002744796204691132,31,0.5511971139349043,0.0006763279432533592,13,50.44444444444444,1.3408128865559896,-1.0
0.03402186605768899,0.0019036816743512948,32,0.5389919271692634,0.0006579634122155992,13,49.72222222222222,1.320867173936632,-1.0
0.03399107310300072,0.003810669636974732,33,0.5671364949084818,0.000639363022683212,13,50.5,1.2937957085503473,-1.0
0.01867340294023355,0.0032142819991956154,34,0.3284224329981953,0.0006205554551086735,13,50.27777777777778,1.2947156609429253,-1.0
0.02297420157119632,0.0019359825489421686,35,0.3737712078727782,0.0006015697093979838,13,50.666666666666664,1.3107395511203341,-1.0
0.03412400477876266,0.002632655684525768,36,0.55146050080657,0.0005824350601949146,13,50.388888888888886,1.3198984951443142,-1.0
0.03407750280263523,0.002365349264194568,37,0.5467516027856618,0.0005631810117416299,13,51.05555555555556,1.2805000305175782,-1.0
0.03396897286487122,0.0037970748109122116,38,0.5665999569464475,0.0005438372523852835,13,51.27777777777778,1.2724122619628906,-1.0
0.020430730671311417,0.001974362134933472,39,0.3361812268849462,0.0005244336088007391,13,52.44444444444444,1.2658270687527127,-1.0
0.02450794323037068,0.0021279101725667714,40,0.39966746303252876,0.0005050000000000001,13,53.05555555555556,1.2597162543402778,-1.0
0.034141107167427735,0.002760580430428187,41,0.5537028170656413,0.0004855663911992613,13,54.333333333333336,1.220629687839084,-1.0
0.03409741140591602,0.0031989894496897856,42,0.55959153897129,0.00046616274761471693,13,54.55555555555556,1.2050331412421333,-1.0
0.03411275716498494,0.0021004272314409417,43,0.5433231028728187,0.00044681898825837057,13,53.666666666666664,1.2129713863796658,-1.0
0.011193930575003227,0.0036581954918801785,44,0.22289279592223465,0.000427564939805086,13,53.55555555555556,1.2148998853895399,-1.0
0.0338994308685263,0.0018873116001486777,45,0.5369110500905663,0.00040843029060201667,13,55.611111111111114,1.184928699069553,-1.0
0.033969751667852204,0.003067520990346869,46,0.5556650769431144,0.000389444544891327,13,55.94444444444444,1.1938197411431206,-1.0
0.03407932948321104,0.0028428299818187954,47,0.5539422850124538,0.0003706369773167883,13,56.111111111111114,1.1842593346701729,-1.0
0.033930457290261985,0.003079826772833864,48,0.5552637130022049,0.0003520365877844012,13,55.55555555555556,1.1730291069878471,-1.0
0.016288752527907492,0.0037178182043135165,49,0.30020498880185187,0.0003336720567466412,13,56.111111111111114,1.1490795305040147,-1.0
0.03392717628739774,0.0029200554514924684,50,0.5528172669000924,0.0003155717009792807,13,57.94444444444444,1.1094394810994466,-1.0
0.034086061238000794,0.003247503222276767,51,0.5601251681800932,0.00029776342991897335,13,56.833333333333336,1.1391853544447157,-1.0
0.034008195328836636,0.0033592451984683675,52,0.5606218210887164,0.00028027470262892445,13,56.666666666666664,1.1381925837198894,-1.0
0.026496178455029926,0.0028503989490369958,53,0.440350677119568,0.0002631324854590073,13,58.77777777777778,1.083925446404351,-1.0
0.019363519440715512,0.0027658924305190642,54,0.3320489269681275,0.0002463632104656054,13,57.888888888888886,1.1147142706976996,-1.0
0.033941296860575676,0.0017543642781674862,55,0.5355423770379275,0.0002299927346552969,13,56.72222222222222,1.1238546541002061,-1.0
0.03398187276907265,0.0031505539702872437,56,0.5570983269717544,0.00021404630011522587,13,57.77777777777778,1.0725783114963108,-1.0
0.033993515139445665,0.002009754922861854,57,0.5401611579582095,0.00019854849509163232,13,57.333333333333336,1.1030292977227105,-1.0
0.026580995600670575,0.001905340732385715,58,0.4274002518504858,0.00018352321607655918,13,58.888888888888886,1.0796625434027778,-1.0
0.02035952404451867,0.0030832549557089804,59,0.35175061714835465,0.00016899363096119395,13,60.05555555555556,1.0596659978230794,-1.0
0.03396443068049848,0.0026807027868926527,60,0.5497881069313735,0.000154982143312659,13,59.111111111111114,1.0848867289225261,-1.0
0.03414167712132136,0.00302704400382936,61,0.5576479497831315,0.0001415103578293356,13,59.44444444444444,1.0591708374023439,-1.0
0.033980640675872566,0.002692681457847357,62,0.5502102968748659,0.0001285990470279847,13,58.611111111111114,1.0796391254001194,-1.0
0.022667268989607692,0.002725421062981089,63,0.38099695881828666,0.0001162681192140312,13,59.0,1.0615679211086697,-1.0
0.020671070165311296,0.00267360657453537,64,0.3503016270697117,0.00010453658778440107,13,60.111111111111114,1.0312543275621202,-1.0
0.03400567361774544,0.0033808235079050065,65,0.5609055480454117,9.342254191024022e-05,13,61.22222222222222,1.0284215333726672,-1.0
0.03407484707422555,0.003721433583026131,66,0.5670584088657051,8.294311864472437e-05,13,61.833333333333336,1.0287870915730795,-1.0
0.0339621441749235,0.0029841192221889894,67,0.5543019310571253,7.311447649896551e-05,13,61.72222222222222,0.99889892578125,-1.0
0.02062542935212453,0.0029031835185984772,68,0.35303161502815783,6.395177052675794e-05,13,62.166666666666664,1.0168419138590494,-1.0
0.02416257558700939,0.0024370585413028794,69,0.39910894189961255,5.546912895658472e-05,13,61.22222222222222,1.007166919708252,-1.0
0.03402326016997297,0.002674405959745248,70,0.5505761578679085,4.767963140691306e-05,13,60.888888888888886,1.0220510567559136,-1.0
0.03400436548205713,0.0022916118459155163,71,0.5445542810484767,4.059528871837034e-05,13,62.44444444444444,0.9888780890570746,-1.0
0.034048544553418957,0.00315294130705297,72,0.5581337339244783,3.4227024433899e-05,13,61.111111111111114,1.0009677929348415,-1.0
0.018803596155097087,0.00341430037903289,73,0.33337455498985946,2.8584657955444653e-05,13,61.111111111111114,1.01492615169949,-1.0
0.024327038740739226,0.0020258565898984672,74,0.3954108948819339,2.367688940315011e-05,13,60.111111111111114,1.003421296013726,-1.0
0.034037149200836815,0.0017970834703495105,75,0.537623493000865,1.951128620040094e-05,13,62.611111111111114,0.9928756332397461,-1.0
0.034040766100709635,0.003592923159400622,76,0.5646160640753806,1.6094271405406862e-05,13,60.27777777777778,1.002653800116645,-1.0
0.03409219835884869,0.0026618413782368102,77,0.5514242141507566,1.3431113807311488e-05,13,60.833333333333336,1.00388796488444,-1.0
0.01931804376654327,0.0028107692332317432,78,0.33203898393549025,1.1525919802101659e-05,13,61.611111111111114,1.0058622699313693,-1.0
0.024196616110081472,0.00218546229104201,79,0.3958467480260879,1.0381627060842164e-05,13,61.05555555555556,1.013657383388943,-1.0
0.03406028058379888,0.0026362225568542876,80,0.5505603752098978,1e-05,13,61.833333333333336,0.9975007798936631,-1.0
0.02368844342418015,0.011201001113901536,1,0.5235010047908872,0.000999618372939158,14,16.31578949250673,4.218410965266981,-1.0
0.027673952110732595,0.0019420196767896414,2,0.44438331108540297,0.0009984740801978985,14,23.789473621468794,2.137217762595729,-1.0
0.034284188070644935,0.002967878927787145,3,0.5589155948255211,0.0009965688861926887,14,27.421052688046505,1.9984821869197644,-1.0
0.03422267350057761,0.002926709766810139,4,0.5573833819944412,0.0009939057285945933,14,29.105263151620562,1.9428975958573191,-1.0
0.034285902651026844,0.0029175562939296167,5,0.55818368983455,0.0009904887137995992,14,32.105263214362296,1.8925803427947194,-1.0
0.014671464776620268,0.0032534965624411902,6,0.26900376309640706,0.00098632311059685,14,34.894736867201956,1.8024182741265549,-1.0
0.0302924579475075,0.0019130985252559184,7,0.4832181870006025,0.0009814153420445555,14,36.05263166678579,1.7659414595051817,-1.0
0.03428990704317888,0.002953761552150051,8,0.5587813269812614,0.0009757729755661012,14,36.47368417288128,1.7540947309293244,-1.0
0.03432199746991197,0.0028914401307702066,9,0.5583286930341274,0.0009694047112816298,14,39.10526319553978,1.6974429652565404,-1.0
0.034460987476631996,0.0019258469808846712,10,0.5459356252104044,0.0009623203685930871,14,40.05263167933414,1.6539584197496113,-1.0
0.014634215459227561,0.002169271418824792,11,0.2521812941413373,0.0009545308710434153,14,40.78947364656549,1.6391297854875264,-1.0
0.028615110258882245,0.0018975751474499703,12,0.45783966197632253,0.0009460482294732422,14,40.94736843987515,1.5917492432343332,-1.0
0.03423308238076667,0.0017879080803443988,13,0.5404482558369637,0.0009368855235010348,14,43.894736860927786,1.557994270324707,-1.0
0.03421208956278861,0.0026998749002814294,14,0.553812996018678,0.0009270568813552758,14,43.105263239458985,1.5404671405491075,-1.0
0.034271947418649994,0.0027007043206443387,15,0.5547238148283213,0.0009165774580897602,14,44.52631576437699,1.4940153659017463,-1.0
0.016081510049601396,0.003098849346861243,16,0.2878353549167514,0.0009054634122155992,14,44.57894746253365,1.482167339826885,-1.0
0.027999705309048294,0.0018953143619000912,17,0.44856031495146453,0.0008937318807859689,14,44.78947376577478,1.4815929693924754,-1.0
0.03425545318362613,0.0026432075537741184,18,0.5536090119276196,0.0008814009529720156,14,45.26315783826929,1.4614372875815944,-1.0
0.034301958000287416,0.0019031799398362636,19,0.5431999110151082,0.0008684896421706646,14,47.89473681700857,1.4116891188370555,-1.0
0.03476310442201793,0.003175719641149044,20,0.5692154988646507,0.0008550178566873412,14,48.63157904148102,1.392960979060123,-1.0
0.015666908056785663,0.0024166826779643694,21,0.2713829828426242,0.0008410063690388064,14,45.15789475566462,1.438226361776653,-1.0
0.029367311609288058,0.0024181160610169173,22,0.4769157350528985,0.0008264767839234412,14,47.631579097948574,1.39454360886624,-1.0
0.03462538740908106,0.0028849415170649688,23,0.5627857691142708,0.000811451504908368,14,48.631578978739284,1.3512538551029407,-1.0
0.03429066043657561,0.0029495803639292715,24,0.5587350071873516,0.0007959536998847743,14,49.73684216800489,1.3367216323551379,-1.0
0.034487292155002555,0.002052852169921001,25,0.5482316568959504,0.0007800072653447032,14,50.63157890344921,1.3266616073407624,-1.0
0.01491232616826892,0.002153339625025789,26,0.2561088011134416,0.0007636367895343947,14,50.526315676538566,1.3081321344877543,-1.0
0.03207114340427021,0.002454789262264967,27,0.5179942359682173,0.0007468675145409928,14,52.421052506095485,1.294560694694519,-1.0
0.034314510381470126,0.0031707718192289275,28,0.562385770957917,0.0007297252973710758,14,52.26315789473684,1.3008532022175037,-1.0
0.034315735039611654,0.002089680219069123,29,0.5461942460387945,0.0007122365700810271,14,53.10526324573316,1.2739634870228014,-1.0
0.034297114595149954,0.0019646957982331513,30,0.5440342349465936,0.0006944282990207196,14,54.15789487487391,1.2490657537861873,-1.0
0.01219535207686325,0.003137979128708442,31,0.2301104220096022,0.0006763279432533592,14,51.78947368421053,1.251822133817171,-1.0
0.029448736598715185,0.0020765940037866435,32,0.4729878189973533,0.0006579634122155992,14,54.47368427326805,1.2251082146795171,-1.0
0.03435963081816832,0.0017713337826232116,33,0.5420740521512926,0.000639363022683212,14,54.684210413380676,1.2160203524639732,-1.0
0.03424854742673536,0.0017987627691278855,34,0.5408164509572089,0.0006205554551086735,14,54.736842255843314,1.1933650962929976,-1.0
0.0343317211450388,0.002500376586491863,35,0.5525879540946335,0.0006015697093979838,14,55.736842017424735,1.1691186682801498,-1.0
0.016986937168985604,0.0018734742266436418,36,0.28302391595207155,0.0005824350601949146,14,55.21052634088617,1.1707954594963474,-1.0
0.02927722278982401,0.00286543561766545,37,0.4822587219532579,0.0005631810117416299,14,57.10526305750797,1.1440319088885658,-1.0
0.034214547260974844,0.0026478277519345283,38,0.5530445780605078,0.0005438372523852835,14,56.736842136634024,1.1285166451805517,-1.0
0.03428871249780059,0.002444205107167363,39,0.5511064720340073,0.0005244336088007391,14,56.84210522551285,1.1346669234727558,-1.0
0.03432866033787529,0.003898789128288627,40,0.5735263419337571,0.0005050000000000001,14,58.368421165566694,1.121351158869894,-1.0
0.013435612215350072,0.003020327724516392,41,0.2469454670790583,0.0004855663911992613,14,57.8421052631579,1.097147024807177,-1.0
0.03276997992458443,0.002676284747819106,42,0.5318130871746689,0.00046616274761471693,14,58.63157889717504,1.0834478968068173,-1.0
0.03431332348845899,0.0026470633689314126,43,0.5545157149899751,0.00044681898825837057,14,58.47368437365482,1.0949192556582,-1.0
0.036238108606388174,0.0031818827924629052,44,0.5914130988530815,0.000427564939805086,14,61.47368429836474,1.0396222543716431,-1.0
0.034273216299091774,0.003938691488777598,45,0.573291074950248,0.00040843029060201667,14,61.421052531192174,1.0203897566544382,-1.0
0.010206448348859946,0.0027811987170328696,46,0.19492665212601423,0.000389444544891327,14,61.15789488742226,1.0389389489826404,-1.0
0.034296237972254555,0.0021908128323654334,47,0.5474179179873317,0.0003706369773167883,14,60.26315797002692,1.014365392233196,-1.0
0.03425767629717787,0.003547110843161742,48,0.5671846149489284,0.0003520365877844012,14,62.00000003764504,1.0074944589012547,-1.0
0.03431838488516708,0.002608889993280172,49,0.5540176548529416,0.0003336720567466412,14,62.94736843360098,0.9661465637307418,-1.0
0.03338835521911581,0.0032179505253831548,50,0.5492001730017364,0.0003155717009792807,14,62.4210528072558,0.9801741512198198,-1.0
0.014521449354166787,0.002955226833000779,51,0.2622598260641098,0.00029776342991897335,14,64.89473675426684,0.9508333950293691,-1.0
0.034231357757622996,0.0031025529683878024,52,0.5601303919684142,0.00028027470262892445,14,63.42105265667564,0.959562544571726,-1.0
0.03428738806396723,0.00187505887200435,53,0.5425506429746747,0.0002631324854590073,14,63.631578859529995,0.9508349714781109,-1.0
0.03425201973877847,0.0033049685259660083,54,0.5634671808220446,0.0002463632104656054,14,65.05263170443084,0.9256525365929854,-1.0
0.028814687967921297,0.002896575691799323,55,0.4757715668529272,0.0002299927346552969,14,64.5789475190012,0.9310950485028718,-1.0
0.0163922814031442,0.0029632795291642347,56,0.2904456499963999,0.00021404630011522587,14,65.89473703033046,0.9175510391436125,-1.0
0.03431905490967135,0.002639782087256511,57,0.5544917969964445,0.00019854849509163232,14,65.0000001631285,0.9150347830119886,-1.0
0.03426506291143596,0.0032653398346155884,58,0.5630662338808179,0.00018352321607655918,14,66.36842111537331,0.9025380842309249,-1.0
0.03429102442848186,0.0028258366510272026,59,0.5568633999209851,0.00016899363096119395,14,68.42105253119217,0.8615690063175402,-1.0
0.02624400844797492,0.002595776009062926,60,0.4326992288697511,0.000154982143312659,14,66.26315781944676,0.8849072402401974,-1.0
0.017328962249060473,0.0027391858243693908,61,0.301132976077497,0.0001415103578293356,14,67.47368419797797,0.8655174404696414,-1.0
0.034220607051004964,0.001926872149730722,62,0.5423275798093528,0.0001285990470279847,14,68.10526305750797,0.8513913214834112,-1.0
0.03435567651564876,0.00333485035225749,63,0.5654763700440526,0.0001162681192140312,14,67.15789478703549,0.8575943498862417,-1.0
0.03430021664438148,0.0029903120206048093,64,0.5594736521597952,0.00010453658778440107,14,67.63157906030354,0.8425570848113613,-1.0
0.02584884560977419,0.00273915392657121,65,0.4289264609105885,9.342254191024022e-05,14,66.57894740606609,0.8757218266788281,-1.0
0.0172769113133351,0.0030083267639080683,66,0.30438823299482465,8.294311864472437e-05,14,67.63157887207835,0.84062268470463,-1.0
0.03439864741327862,0.003202514521156748,67,0.5641303767915815,7.311447649896551e-05,14,68.73684215545654,0.8234778567364341,-1.0
0.0343692070338875,0.0035220207646489143,68,0.5684757269918919,6.395177052675794e-05,14,69.6315790477552,0.8150470061051218,-1.0
0.0343860251052926,0.003237486087406675,69,0.5644648750312626,5.546912895658472e-05,14,68.78947367166218,0.815219266038192,-1.0
0.02422815786364178,0.002760804941256841,70,0.4049404691904783,4.767963140691306e-05,14,69.00000017567685,0.8250846779973884,-1.0
0.020662044376755753,0.002366051683202386,71,0.34553604084067047,4.059528871837034e-05,14,70.31578937329743,0.8053096316990099,-1.0
0.03429449964314699,0.0020822440118839344,72,0.5457950080744922,3.4227024433899e-05,14,68.94736833321421,0.8038767408069811,-1.0
0.0342264939720432,0.0023131509621938068,73,0.5482542610261589,2.8584657955444653e-05,14,69.73684223074662,0.7981779227758709,-1.0
0.034700695580492415,0.00196069300485154,74,0.550048909150064,2.367688940315011e-05,14,69.05263169188248,0.8059083394000405,-1.0
0.024976801763599118,0.0027057905681431293,75,0.41536812693811953,1.951128620040094e-05,14,68.73684229348835,0.8071252673550656,-1.0
0.023130495830749474,0.002875699708238244,76,0.39022142509929836,1.6094271405406862e-05,14,68.52631577692534,0.8087884508936029,-1.0
0.034684295284872255,0.002647985393802325,77,0.560098601039499,1.3431113807311488e-05,14,69.78947360892045,0.81190657665855,-1.0
0.03438255904863278,0.0029149622190743686,78,0.5595749460626394,1.1525919802101659e-05,14,70.05263151620564,0.7928911659592076,-1.0
0.034256820753216746,0.0030056869766364497,79,0.55905108503066,1.0381627060842164e-05,14,69.94736847124602,0.7936161196859259,-1.0
0.020096698123961688,0.0030320297461003064,80,0.34703972004354,1e-05,14,68.68421061415421,0.7964896164442363,-1.0
0.03593761038791854,0.010362603308749385,1,0.7409332918468863,0.000999618372939158,15,16.80000001192093,4.7882919616699215,-1.0
0.034292887212359346,0.0020784524676855654,2,0.5820581379812211,0.0009984740801978985,15,24.150000035762787,2.1195811424255373,-1.0
0.03421337032341398,0.003940152615541592,3,0.6105711769778281,0.0009965688861926887,15,26.45,2.0102197265625,-1.0
0.011066731953178532,0.0034525536611909047,4,0.23242700612172484,0.0009939057285945933,15,30.400000047683715,1.9250398540496827,-1.0
0.03324706124840304,0.0018293334287591279,5,0.5613403900060803,0.0009904887137995992,15,32.7,1.8828734731674195,-1.0
0.034174795931903645,0.00276202974782791,6,0.5911055239848793,0.00098632311059685,15,35.75000007152558,1.8280791969299317,-1.0
0.034139369541662745,0.003330547275254503,7,0.5996331791393459,0.0009814153420445555,15,36.54999997615814,1.7615578470230102,-1.0
0.030055900700972416,0.0031022598559502512,8,0.5306357550434768,0.0009757729755661012,15,37.04999997615814,1.7330292949676513,-1.0
0.018769928807159886,0.0026399622001918033,9,0.3426686800085008,0.0009694047112816298,15,38.2,1.6696850185394287,-1.0
0.03435567997803446,0.0017140087147708982,10,0.577224861830473,0.0009623203685930871,15,38.25000002384186,1.6634787998199463,-1.0
0.03434322426619474,0.0032742043549660593,11,0.6019894618075341,0.0009545308710434153,15,41.90000004768372,1.5964662923812867,-1.0
0.03437400700931903,0.0027409424365032464,12,0.5939623739104718,0.0009460482294732422,15,41.799999952316284,1.5814024047851563,-1.0
0.018219069243059494,0.002608680253615603,13,0.3333538749720901,0.0009368855235010348,15,42.80000002384186,1.5486488962173461,-1.0
0.028577810255228542,0.001959556364454329,14,0.48872410296462476,0.0009270568813552758,15,43.70000007152557,1.5391114292144776,-1.0
0.03419635177124292,0.0025155745970550925,15,0.5875010448507965,0.0009165774580897602,15,45.20000002384186,1.5017321786880493,-1.0
0.034256450497196056,0.003374397012521513,16,0.6022015709895641,0.0009054634122155992,15,44.00000004768371,1.5020142974853516,-1.0
0.03439648247149307,0.0029229462234070525,17,0.5972195907961577,0.0008937318807859689,15,45.69999997615814,1.494020933151245,-1.0
0.012631611214601435,0.0032093419722514227,18,0.25356475496664643,0.0008814009529720156,15,45.84999995231628,1.463086386680603,-1.0
0.0341892051656032,0.0017085822037188336,19,0.5744735901243985,0.0008684896421706646,15,47.24999995231629,1.4332078161239623,-1.0
0.03423018046305515,0.0019139895885018632,20,0.578417947050184,0.0008550178566873412,15,48.20000002384186,1.4306263036727904,-1.0
0.0343078901496483,0.0018337634101044387,21,0.5783750980626792,0.0008410063690388064,15,48.44999997615814,1.393638463973999,-1.0
0.027765749327954836,0.0017511982296127826,22,0.47237261198461056,0.0008264767839234412,15,48.700000047683716,1.395002191543579,-1.0
0.020732091550598852,0.003137974636047147,23,0.382031291956082,0.000811451504908368,15,49.85,1.3674547357559204,-1.0
0.03413806055323221,0.002263835121993907,24,0.582538751186803,0.0007959536998847743,15,50.20000009536743,1.3521521158218384,-1.0
0.03424463789269794,0.001806131112971343,25,0.5769238211214542,0.0007800072653447032,15,50.79999997615814,1.310346655845642,-1.0
0.03423039728659205,0.00259547503083013,26,0.5893226291518658,0.0007636367895343947,15,50.599999976158145,1.3076510791778564,-1.0
0.01721392232866492,0.00326126666914206,27,0.3277111549396068,0.0007468675145409928,15,52.05000009536743,1.3243156051635743,-1.0
0.0278737626504153,0.002292883917107247,28,0.4827910610474646,0.0007297252973710758,15,52.6,1.2848743419647217,-1.0
0.034207781063742004,0.002692634065169841,29,0.5905157839879394,0.0007122365700810271,15,52.45000014305115,1.2631169605255126,-1.0
0.034241431596456096,0.00276122271316126,30,0.5921536451205611,0.0006944282990207196,15,51.1,1.2933234310150146,-1.0
0.034212945494800806,0.002560757508035749,31,0.5884915450587869,0.0006763279432533592,15,53.00000009536743,1.270348671913147,-1.0
0.009424691932508722,0.0029088060109643266,32,0.1974431260023266,0.0006579634122155992,15,54.15000009536743,1.247348985671997,-1.0
0.034163118922151625,0.0019567708222894,33,0.5780351690482348,0.000639363022683212,15,53.55000014305115,1.22659801197052,-1.0
0.03420230824849568,0.0028293016221141443,34,0.5926212691701949,0.0006205554551086735,15,53.80000014305115,1.2225207986831665,-1.0
0.034332767259911634,0.002920499799074605,35,0.5961649508681148,0.0006015697093979838,15,56.600000047683714,1.1622345066070556,-1.0
0.028344895486952737,0.0031143580854404718,36,0.5034512099809945,0.0005824350601949146,15,56.95000007152557,1.178334921836853,-1.0
0.01818273884418886,0.003035821282537654,37,0.3396066948771477,0.0005631810117416299,15,57.24999997615814,1.1417581777572632,-1.0
0.034259289197507314,0.0017189672362292185,38,0.5757634569890797,0.0005438372523852835,15,57.549999952316284,1.1299238138198853,-1.0
0.03420603102131281,0.0028981474752072245,39,0.5937800048850477,0.0005244336088007391,15,57.55000009536743,1.1309433879852295,-1.0
0.034237671934533864,0.0030107490019872785,40,0.5960858708713204,0.0005050000000000001,15,58.20000009536743,1.1120126686096192,-1.0
0.01826824533054605,0.002470017730956897,41,0.33191595296375453,0.0004855663911992613,15,58.34999995231628,1.0970217838287353,-1.0
0.024092920022667386,0.002076585849863477,42,0.4188287667930126,0.00046616274761471693,15,58.55,1.1154330434799193,-1.0
0.03421486308798194,0.0030981094751041383,43,0.5971425820607692,0.00044681898825837057,15,59.049999952316284,1.0981111364364624,-1.0
0.03426975513866637,0.0025729475455591455,44,0.589616420911625,0.000427564939805086,15,59.600000047683714,1.0557353019714355,-1.0
0.034223090871819295,0.0032899680081754923,45,0.6003408881369978,0.00040843029060201667,15,61.95,1.0393769416809082,-1.0
0.012066783601767384,0.0029598313994938508,46,0.2405555120203644,0.000389444544891327,15,59.400000143051145,1.066365174293518,-1.0
0.03409822045068722,0.0018053823587251827,47,0.5746011179871857,0.0003706369773167883,15,61.59999995231628,1.0386501331329345,-1.0
0.034154714419855736,0.002439581381622702,48,0.5856260180007666,0.0003520365877844012,15,61.50000004768371,1.032089570045471,-1.0
0.034226291681989096,0.001622969750314951,49,0.5737012920435518,0.0003336720567466412,15,61.99999995231629,0.9801989192962647,-1.0
0.032047388900537044,0.0024833164061419666,50,0.5525937569327652,0.0003155717009792807,15,64.15000004768372,0.9781120524406434,-1.0
0.012727016699500382,0.002475122921168804,51,0.24334559822455049,0.00029776342991897335,15,61.500000143051146,0.9903534574508667,-1.0
0.03431361060938798,0.0024515184486517683,52,0.5883739511482418,0.00028027470262892445,15,64.10000004768372,0.96152574634552,-1.0
0.03426236497762147,0.003130018085357733,53,0.5984286130405962,0.0002631324854590073,15,64.85000014305115,0.9317397012710571,-1.0
0.03427063091658056,0.00284092576475814,54,0.5939124948345125,0.0002463632104656054,15,64.24999995231629,0.9224413003921509,-1.0
0.023496878202422522,0.0024519753496861085,55,0.415318651124835,0.0002299927346552969,15,64.20000004768372,0.935499725818634,-1.0
0.021005597387556918,0.002255255662021227,56,0.3722876089159399,0.00021404630011522587,15,64.69999995231629,0.932386836051941,-1.0
0.034271738171810284,0.002517582513974048,57,0.588740797014907,0.00019854849509163232,15,65.19999995231629,0.9275753259658813,-1.0
0.034347322245594114,0.002776901892502792,58,0.5940980701707304,0.00018352321607655918,15,66.10000014305115,0.9028683619499207,-1.0
0.0343559510220075,0.0031786922918399796,59,0.6006667711772025,0.00016899363096119395,15,67.35000014305115,0.8942098379135132,-1.0
0.014478767217951827,0.003155180413159542,60,0.28224806883372366,0.000154982143312659,15,65.25000009536743,0.9112538375854492,-1.0
0.030328080960316584,0.0032088953448692337,61,0.5367127708159387,0.0001415103578293356,15,67.15000009536743,0.8539400629997254,-1.0
0.03431670150894206,0.0024826694861985743,62,0.5889045270159841,0.0001285990470279847,15,66.70000009536743,0.8676201477050781,-1.0
0.03423043733346276,0.0029356160521274433,63,0.594768269918859,0.0001162681192140312,15,67.75000014305115,0.8633212285041809,-1.0
0.034120929820346646,0.0031740936683490872,64,0.5968274660408497,0.00010453658778440107,15,66.65,0.8600937013626099,-1.0
0.013681651398655958,0.0033120331645477563,65,0.272010417887941,9.342254191024022e-05,15,68.0,0.8522911462783813,-1.0
0.03424134830129333,0.002738743132795207,66,0.5917908560950309,8.294311864472437e-05,15,69.30000009536744,0.8223219900131226,-1.0
0.03417751549568493,0.0017603873129701242,67,0.5751174509059638,7.311447649896551e-05,15,69.8,0.7971236500740051,-1.0
0.03421051966142841,0.00251313358603511,68,0.5876900679431856,6.395177052675794e-05,15,69.25000014305115,0.8143954696655273,-1.0
0.0245141690102173,0.002753171807853505,69,0.43637964501976967,5.546912895658472e-05,15,69.39999995231628,0.8155434184074402,-1.0
0.0214486592594767,0.002347869682125747,70,0.3808554878924042,4.767963140691306e-05,15,71.5,0.7821619687080383,-1.0
0.03420817082223948,0.0016793219256214797,71,0.5743119099643081,4.059528871837034e-05,15,70.85000014305115,0.7923725099563599,-1.0
0.03418414207408205,0.0027069212374044582,72,0.5903689400292933,3.4227024433899e-05,15,70.15000009536743,0.795892765045166,-1.0
0.034265837995917536,0.0029362526984186843,73,0.5953452968969941,2.8584657955444653e-05,15,69.90000014305114,0.7979987525939941,-1.0
0.015636887634173036,0.0028366816259222105,74,0.2956884540617466,2.367688940315011e-05,15,69.19999995231629,0.7852898135185241,-1.0
0.026812699565198272,0.0018614524306030944,75,0.4589016721583903,1.951128620040094e-05,15,69.55000014305115,0.7995312261581421,-1.0
0.03427195947733708,0.0017069342720787972,76,0.5757770910859108,1.6094271405406862e-05,15,69.2,0.7996867218017578,-1.0
0.03431836955132894,0.003253717382904142,77,0.6012642849236727,1.3431113807311488e-05,15,70.45000009536743,0.7813227381706238,-1.0
0.03418161443551071,0.002725461308727972,78,0.5906504869926721,1.1525919802101659e-05,15,70.55000014305115,0.7784475002288819,-1.0
0.009779626881936565,0.002984576116432436,79,0.20436128717847168,1.0381627060842164e-05,15,70.60000014305115,0.781444402217865,-1.0
0.034095996437827125,0.0021862845023861155,80,0.5806643648538738,1e-05,15,70.55,0.7784392557144165,-1.0
0.035361200968241864,0.010249150451272726,1,0.775518795941025,0.000999618372939158,16,15.761904770419711,4.356090524310157,-1.0
0.03412436044720166,0.00196288590429022,2,0.6136027260217816,0.0009984740801978985,16,26.047619058972312,2.0662212492170786,-1.0
0.03411766241633279,0.0028473094571381807,3,0.6285180810373276,0.0009965688861926887,16,27.00000006244296,1.9958787477584112,-1.0
0.014681631165063557,0.0027361355365856607,4,0.2962164038326591,0.0009939057285945933,16,30.857142913909186,1.925100054967971,-1.0
0.034146953661761736,0.0025902582770761322,5,0.624643067130819,0.0009904887137995992,16,32.285714308420815,1.8807282738458542,-1.0
0.034119750318281794,0.0035561975091695786,6,0.6406019881833345,0.00098632311059685,16,35.52380957489922,1.8224793638501848,-1.0
0.034268294146065324,0.0029401405002264414,7,0.6326561560854316,0.0009814153420445555,16,35.47619050457364,1.7694522964386712,-1.0
0.014921740724650375,0.0031577281599097394,8,0.30745494505390525,0.0009757729755661012,16,38.38095243204208,1.7268640711193992,-1.0
0.0313434722038972,0.0019143868018599117,9,0.5654921550303698,0.0009694047112816298,16,39.8095238606135,1.658121242296128,-1.0
0.03413411666748717,0.0018133430276066065,10,0.611217729980126,0.0009623203685930871,16,40.85714290255592,1.6328448113941012,-1.0
0.034097115399644655,0.002854526768822004,11,0.6282860268838704,0.0009545308710434153,16,42.428571485337756,1.5814186164311,-1.0
0.028185855542473933,0.0025946561055367485,12,0.5233715011272579,0.0009460482294732422,16,41.761904807317826,1.5639742905753,-1.0
0.024986814145984894,0.003208606380640584,13,0.47943372488953173,0.0009368855235010348,16,44.80952384926024,1.523420736903236,-1.0
0.03405944177168695,0.0019055226379457641,14,0.6115151499398053,0.0009270568813552758,16,45.85714287417276,1.480266996338254,-1.0
0.03411796483594705,0.0017203706289258074,15,0.6093626879155636,0.0009165774580897602,16,44.61904765878405,1.5259342525118873,-1.0
0.03412729349699529,0.0016275491592857767,16,0.6079484978690743,0.0009054634122155992,16,45.47619051592691,1.4820081147693451,-1.0
0.008757916265441215,0.0031195069142781638,17,0.20202225190587342,0.0008937318807859689,16,47.23809523809524,1.4389144025530134,-1.0
0.03410006982876974,0.0016707888776984286,18,0.6082135189790279,0.0008814009529720156,16,47.23809530621483,1.4290535340990338,-1.0
0.034113282378872525,0.0017080547507194912,19,0.6090730151627213,0.0008684896421706646,16,48.28571427436102,1.3817989231291272,-1.0
0.03413315483040231,0.002085039816687212,20,0.6158212248701602,0.0008550178566873412,16,48.57142867360796,1.3781501517977033,-1.0
0.024614643962944254,0.0031957693315823286,21,0.4728837839793414,0.0008410063690388064,16,50.9047619388217,1.3251430688585555,-1.0
0.02214727656203596,0.002014825791668366,22,0.41086593293584883,0.0008264767839234412,16,51.238095340274626,1.3296446366537185,-1.0
0.03406141565510017,0.001979771344100728,23,0.6128138268832117,0.000811451504908368,16,51.19047623021262,1.3075108142126175,-1.0
0.034097855376517945,0.001666572574964341,24,0.6081079330760986,0.0007959536998847743,16,52.857142913909186,1.2749995631263369,-1.0
0.03414704337003915,0.0017070558661704555,25,0.609633076004684,0.0007800072653447032,16,52.23809528918493,1.292122452826727,-1.0
0.010844851214000407,0.003105203032164889,26,0.23725863080471754,0.0007636367895343947,16,52.285714285714285,1.2509183604376657,-1.0
0.03395202047848964,0.0023080318727914024,27,0.6165444431826472,0.0007468675145409928,16,53.28571432545071,1.2540609897886004,-1.0
0.03429058768019518,0.002273107851471971,28,0.6216929969377816,0.0007297252973710758,16,53.04761908735548,1.2292581823893955,-1.0
0.03408626280725002,0.0023400974870823764,29,0.6193605221342295,0.0007122365700810271,16,54.80952384926024,1.2052198791503905,-1.0
0.024825366857625982,0.002857735490097719,30,0.47071757703088224,0.0006944282990207196,16,53.76190479596456,1.221790946097601,-1.0
0.02300475022810347,0.002289522302282207,31,0.43013025214895606,0.0006763279432533592,16,55.761904830024356,1.1562953744615827,-1.0
0.034154093481928986,0.00204418262685923,32,0.615514068165794,0.0006579634122155992,16,56.09523812929789,1.1772367795308432,-1.0
0.034057163715581686,0.0018141422256389085,33,0.6099448991008103,0.000639363022683212,16,55.85714292526245,1.1692719173431396,-1.0
0.03415804205681471,0.0017973334145020036,34,0.6113741199951619,0.0006205554551086735,16,58.33333336739313,1.1516042280197143,-1.0
0.010735800914356814,0.002613715731593616,35,0.22707303683273494,0.0006015697093979838,16,56.523809523809526,1.1424030615034557,-1.0
0.03405336641213473,0.002318430650869713,36,0.6184406590182334,0.0005824350601949146,16,58.9047619388217,1.1260622685296195,-1.0
0.03414903612643042,0.0018187314545845285,37,0.6115616310853511,0.0005631810117416299,16,57.9047620069413,1.094814164411454,-1.0
0.03415804608341526,0.002859082497546778,38,0.629404605133459,0.0005438372523852835,16,56.76190484137762,1.124224749292646,-1.0
0.023178231299800033,0.0028272195280913044,39,0.44219737011007965,0.0005244336088007391,16,59.19047619047619,1.079408243724278,-1.0
0.022801712442956427,0.0021182139787603825,40,0.42374854208901525,0.0005050000000000001,16,60.428571417218166,1.0667612563996087,-1.0
0.03412091649849625,0.0015804147868252853,41,0.6070342171005905,0.0004855663911992613,16,59.523809546516055,1.038062387648083,-1.0
0.03413868268184802,0.002644672250265584,42,0.6254288700874895,0.00046616274761471693,16,62.857142982028776,1.0117624153409686,-1.0
0.034117481986279875,0.0027068503173616003,43,0.6261238420847803,0.00044681898825837057,16,61.33333345821926,1.0188743914876666,-1.0
0.009397849372095046,0.003207574927193277,44,0.21440877695567906,0.000427564939805086,16,62.85714294796898,0.9971409931636992,-1.0
0.03419621013488401,0.0019105988664223866,45,0.6139286200050265,0.00040843029060201667,16,62.5714286622547,0.9794302768934341,-1.0
0.03410584720618585,0.001549053964588572,46,0.606247038114816,0.000389444544891327,16,62.57142857142857,0.9942167638597035,-1.0
0.03397316708886886,0.0016920156092109049,47,0.6064208040479571,0.0003706369773167883,16,64.85714298202878,0.9511101289022537,-1.0
0.024716733639840695,0.002830739653504947,48,0.46841009915806353,0.0003520365877844012,16,64.19047617912292,0.9687640637443179,-1.0
0.0239825941320947,0.0022906199344159927,49,0.44675834802910686,0.0003336720567466412,16,62.95238096373422,0.9621083679653349,-1.0
0.034144660567536074,0.0017490686629624927,50,0.6103233410976827,0.0003155717009792807,16,65.80952393440973,0.9077742543674651,-1.0
0.034182995009948224,0.0029163979240419235,51,0.6308223470114172,0.00029776342991897335,16,66.0476191611517,0.9279859305563427,-1.0
0.03417555252364015,0.002428062246454989,52,0.6223928458057344,0.00028027470262892445,16,65.85714285714286,0.9110969794364202,-1.0
0.008574936155448942,0.0025689162533072863,53,0.18956998619250953,0.0002631324854590073,16,67.52380964869545,0.8698509669303894,-1.0
0.0341322061003131,0.0018120234804775786,54,0.6111869430169463,0.0002463632104656054,16,67.04761914979844,0.8742796695800055,-1.0
0.03413162840639844,0.0017978565986542141,55,0.6109158860053867,0.0002299927346552969,16,66.61904769852048,0.8800133844784328,-1.0
0.03410860519472729,0.0035513789831277203,56,0.6403350029140711,0.00021404630011522587,16,68.3809524717785,0.8492185431434994,-1.0
0.0250237551791703,0.0022597443449365743,57,0.46392488898709416,0.00019854849509163232,16,67.09523816335769,0.8852732989901588,-1.0
0.018256628474987605,0.002476303358836209,58,0.35257234796881676,0.00018352321607655918,16,68.38095246042523,0.8507543726194473,-1.0
0.03423275579424465,0.0023404194918625497,59,0.6218764069490135,0.00016899363096119395,16,68.66666674613953,0.8369741882596697,-1.0
0.03417641125783762,0.0025473414399825476,60,0.6244168740231544,0.000154982143312659,16,68.80952380952381,0.8241748888151986,-1.0
0.034221556599197143,0.0030311931554666337,61,0.6334284918848425,0.0001415103578293356,16,68.23809532892136,0.8333533878553482,-1.0
0.013168645625495735,0.001733554609339027,62,0.25346572510898113,0.0001285990470279847,16,68.85714293661572,0.8121652246656872,-1.0
0.030877231716123575,0.0019466027562670847,63,0.558143530972302,0.0001162681192140312,16,69.95238106591361,0.8043338632583619,-1.0
0.03422575319350204,0.0017992499804891208,64,0.6125575809273869,0.00010453658778440107,16,70.38095246042523,0.8023406798498971,-1.0
0.03429421304505976,0.0025842075427884564,65,0.6270640438888222,9.342254191024022e-05,16,68.57142867360797,0.8026417121433076,-1.0
0.029493776465053943,0.002559627474778715,66,0.545036548981443,8.294311864472437e-05,16,72.23809523809524,0.7571769150098165,-1.0
0.01821738900616765,0.0018305062891586738,67,0.340946126030758,7.311447649896551e-05,16,70.00000007947285,0.7993285599209013,-1.0
0.03414779281079331,0.0017372214317540912,68,0.6101567570585757,6.395177052675794e-05,16,71.57142868496123,0.7720235547565278,-1.0
0.03435153977068908,0.0029645258807303276,69,0.6344849830493331,5.546912895658472e-05,16,70.57142861684163,0.7686545184680393,-1.0
0.03436573783812277,0.003237253164543825,70,0.6393621519673616,4.767963140691306e-05,16,69.85714291390919,0.7750862308910915,-1.0
0.01405801555580076,0.0015755125650149934,71,0.26587852905504405,4.059528871837034e-05,16,72.57142863954816,0.7436052446138292,-1.0
0.031475046759142596,0.0020049754804109827,72,0.569275869987905,3.4227024433899e-05,16,72.38095249448504,0.757579018615541,-1.0
0.03423036176108701,0.001650072291822118,73,0.6100786149036139,2.8584657955444653e-05,16,71.23809523809524,0.7638364669254848,-1.0
0.034214735962450504,0.002693685209926437,74,0.6275782708544284,2.367688940315011e-05,16,71.42857145127796,0.7529084609803699,-1.0
0.028960713678423095,0.0024098844459170803,75,0.5334305218420923,1.951128620040094e-05,16,72.04761907032558,0.747304135844821,-1.0
0.019086105269653833,0.003421924022190711,76,0.3827458918094635,1.6094271405406862e-05,16,71.3333333787464,0.7501539870670864,-1.0
0.034075831213746875,0.002586860606885132,77,0.6233780290931463,1.3431113807311488e-05,16,71.95238106591361,0.7445270393008278,-1.0
0.03409686150467571,0.002891877310021835,78,0.6289248538669199,1.1525919802101659e-05,16,72.85714290255592,0.7330063986778259,-1.0
0.03423260723459808,0.0033931007115718197,79,0.6397578751202673,1.0381627060842164e-05,16,72.42857154210408,0.7392559501102992,-1.0
0.009809612844358473,0.0034200430382043123,80,0.22501555597409606,1e-05,16,72.33333345821926,0.7288888263702392,-1.0
0.03572068604019781,0.009216702012862597,1,0.8090134740341455,0.000999618372939158,17,18.136363636363637,3.725925001231107,-1.0
0.0340550761255953,0.0017249731010653907,2,0.6441723320167512,0.0009984740801978985,17,25.318181818181817,2.0467531663721257,-1.0
0.033184571734940015,0.0015841547606719865,3,0.6259471399243921,0.0009965688861926887,17,27.0909091017463,1.9874177408218383,-1.0
0.016412231786590483,0.002586709645887216,4,0.34208954707719386,0.0009939057285945933,17,30.500000021674417,1.9017635757272893,-1.0
0.0340676988578505,0.001703757094219327,5,0.6439975129906088,0.0009904887137995992,17,33.27272729440169,1.8299111175537108,-1.0
0.03401472431141883,0.0016704598674550653,6,0.6424440299160779,0.00098632311059685,17,37.36363637447357,1.7459767215902156,-1.0
0.03406641232625892,0.001634278619248006,7,0.64271977590397,0.0009814153420445555,17,39.0,1.682277609651739,-1.0
0.013188913490416275,0.0015935012294600408,8,0.26618781010620296,0.0009757729755661012,17,39.04545454545455,1.6212993348728526,-1.0
0.033088319003582,0.0019057298260223535,9,0.6300209290347993,0.0009694047112816298,17,41.000000010837205,1.595523272861134,-1.0
0.034107492758064635,0.0014786812502683864,10,0.6406640000641346,0.0009623203685930871,17,41.22727273810994,1.574699104048989,-1.0
0.03413130881057845,0.0018224207451567054,11,0.6472780269104987,0.0009545308710434153,17,42.81818181818182,1.5409853358702226,-1.0
0.023613689920037158,0.0015556651891933547,12,0.4531496320851147,0.0009460482294732422,17,44.27272729440169,1.5141490238363093,-1.0
0.024252858077589836,0.001739703804358012,13,0.4679864121135324,0.0009368855235010348,17,43.95454545454545,1.508444491299716,-1.0
0.03402680879096604,0.001966368432881104,14,0.6479887871537358,0.0009270568813552758,17,43.545454567128964,1.5106617177616466,-1.0
0.03400357904481805,0.0018339504022151232,15,0.6451864950358868,0.0009165774580897602,17,46.27272727272727,1.4487756976214323,-1.0
0.03203039580128259,0.00165033714276635,16,0.6063567369710654,0.0009054634122155992,17,46.09090909090909,1.4379709001020953,-1.0
0.017283829278312624,0.0021312892204150558,17,0.34958201716654,0.0008937318807859689,17,46.81818181818182,1.4299239557439631,-1.0
0.034105809185550444,0.0018819856535022457,18,0.647888938896358,0.0008814009529720156,17,47.36363636363637,1.4000214594060725,-1.0
0.03400270488216645,0.0016688212829952438,19,0.6421987358480692,0.0008684896421706646,17,49.63636363636363,1.3902200737866488,-1.0
0.034079900244250894,0.0016335003698865573,20,0.6429502840619534,0.0008550178566873412,17,48.727272748947144,1.3777896464954722,-1.0
0.011906807685995268,0.0015708159836423066,21,0.2427046860102564,0.0008410063690388064,17,49.136363647200845,1.3688953469016336,-1.0
0.033903194164546825,0.0018037878390815523,22,0.6428431309759617,0.0008264767839234412,17,47.13636363636363,1.381479108767076,-1.0
0.03406482377451741,0.0019021808402612805,23,0.6475198529660702,0.000811451504908368,17,50.13636365803805,1.322026471224698,-1.0
0.03418561346673717,0.001621037411193053,24,0.6446285680867732,0.0007959536998847743,17,51.18181819265539,1.3124760575727983,-1.0
0.02195003592512674,0.0016711047954029506,25,0.42528674099594355,0.0007800072653447032,17,51.045454567128964,1.3205106388438832,-1.0
0.02633603538076083,0.0019490656235979663,26,0.5092491931281984,0.0007636367895343947,17,50.227272748947144,1.2975945420698687,-1.0
0.034059163325259253,0.0015914817858073446,27,0.6418244200758636,0.0007468675145409928,17,51.0,1.288872014392506,-1.0
0.03423345544271999,0.002227850555856195,28,0.6564145521260798,0.0007297252973710758,17,52.90909090909091,1.2590424550663342,-1.0
0.02942686948356115,0.0017468960205506948,29,0.5612318830098957,0.0007122365700810271,17,54.863636406985194,1.225384143482555,-1.0
0.019346554957640667,0.0017702418845146894,30,0.38021323806606233,0.0006944282990207196,17,53.81818181818182,1.2155420897223732,-1.0
0.034062334439820714,0.0014847309535576238,31,0.6399577311240137,0.0006763279432533592,17,54.50000002167442,1.2181120161576704,-1.0
0.03398736149797009,0.0017180275042644804,32,0.6428081279154867,0.0006579634122155992,17,53.77272731607611,1.2379491012746637,-1.0
0.03401763016720199,0.001863530112637414,33,0.6459724199958146,0.000639363022683212,17,56.90909090909091,1.1779134650663896,-1.0
0.009702929618975354,0.001750925206579268,34,0.20627050707116723,0.0006205554551086735,17,58.40909090909091,1.1510996545444836,-1.0
0.03398751511445476,0.001643832216763662,35,0.6414858628995717,0.0006015697093979838,17,55.818181861530654,1.1480842733383179,-1.0
0.034087773541816406,0.0016905711834422415,36,0.6441203991416842,0.0005824350601949146,17,56.863636406985194,1.1468923191590743,-1.0
0.034077910745205976,0.0015983984728033345,37,0.6422850918024778,0.0005631810117416299,17,56.045454567128964,1.133056762001731,-1.0
0.02190377815471341,0.001814406507441567,38,0.42703359201550484,0.0005438372523852835,17,58.63636363636363,1.0974192918430674,-1.0
0.026640551979653537,0.001750814793114033,39,0.5111551070585847,0.0005244336088007391,17,58.09090911258351,1.1208215821873058,-1.0
0.03424571587755862,0.0016537023346043294,40,0.6463019449729472,0.0005050000000000001,17,59.636363647200845,1.0855149789289995,-1.0
0.03406048324217813,0.001768712432951563,41,0.6450364470947534,0.0004855663911992613,17,57.63636365803805,1.1078939719633623,-1.0
0.029620158861184284,0.0018204905273806718,42,0.5660393298603594,0.00046616274761471693,17,59.818181861530654,1.085253469727256,-1.0
0.019493589501103595,0.0021789225025309455,43,0.39021641109138727,0.00044681898825837057,17,60.0,1.054477011940696,-1.0
0.03399515365405629,0.0014735072877051102,44,0.6385447280481458,0.000427564939805086,17,60.545454567128964,1.0382436141100797,-1.0
0.03416152471779949,0.001774848723370168,45,0.6469649360515177,0.00040843029060201667,17,60.95454545454545,1.045805618546226,-1.0
0.034084327700030476,0.0016548853082996276,46,0.6434173099696636,0.000389444544891327,17,61.77272729440169,1.004225484674627,-1.0
0.009697147037109567,0.0016523068512065543,47,0.2044009049423039,0.0003706369773167883,17,61.90909091992812,1.0229293888265436,-1.0
0.0339935852939056,0.0019844339824178154,48,0.6477222831454128,0.0003520365877844012,17,61.90909090909091,1.0067932094227183,-1.0
0.03413480975561672,0.0016424200730398297,49,0.644123074831441,0.0003336720567466412,17,62.59090913425792,0.9805623303760181,-1.0
0.03411391606399169,0.0015961485526834924,50,0.6433569500222802,0.0003155717009792807,17,64.36363637447357,0.962625846862793,-1.0
0.02018491745305558,0.0018610437659339772,51,0.39692663797177374,0.00029776342991897335,17,64.22727272727273,0.9709271027825096,-1.0
0.025926699654923543,0.0019748437916859984,52,0.5023375449236482,0.00028027470262892445,17,63.0,0.9568122692541643,-1.0
0.03416829045292818,0.0015320047063546048,53,0.6427147660870105,0.0002631324854590073,17,65.77272727272727,0.9121852458607067,-1.0
0.03405655571259558,0.0019059200098531113,54,0.6474300809204578,0.0002463632104656054,17,65.36363636363636,0.913908417224884,-1.0
0.030528552170532446,0.0015138607187610534,55,0.5768650728277862,0.0002299927346552969,17,65.81818183985624,0.915168869712136,-1.0
0.01918570226472285,0.0022493478479898637,56,0.3859377410262823,0.00021404630011522587,17,65.04545456712896,0.9238403662768278,-1.0
0.0341252730641928,0.0017767611554720337,57,0.6463431650772691,0.00019854849509163232,17,66.22727277062155,0.9096702326427807,-1.0
0.03404508432787326,0.002025492722168565,58,0.649400421185419,0.00018352321607655918,17,66.27272729440169,0.8878128641301936,-1.0
0.03401899168319586,0.0016931818229042822,59,0.6429265120532364,0.00016899363096119395,17,66.36363638531078,0.8760456152395769,-1.0
0.009125849594258599,0.0016737804592897494,60,0.1944967450108379,0.000154982143312659,17,66.27272729440169,0.8742370919747786,-1.0
0.03387630496743239,0.0015505364216450187,61,0.6377971938345581,0.0001415103578293356,17,66.27272729440169,0.8703091428496621,-1.0
0.03412889901341663,0.00213618954229686,62,0.6528804961126298,0.0001285990470279847,17,68.5909090909091,0.8499584965272383,-1.0
0.03434856902135329,0.0015692915896781618,63,0.646628970047459,0.0001162681192140312,17,67.27272727272727,0.8714483904838563,-1.0
0.02196121817299475,0.001559257714284791,64,0.4234915089327842,0.00010453658778440107,17,68.31818183985624,0.8277536647970026,-1.0
0.02878273466032826,0.0026083808366416227,65,0.5651538469828665,9.342254191024022e-05,17,68.5,0.8324557911265981,-1.0
0.03416847608362635,0.0021041119212491643,66,0.6530167090240866,8.294311864472437e-05,17,67.9090909090909,0.838637390570207,-1.0
0.034134811165535614,0.0027134005083805984,67,0.6633818298578262,7.311447649896551e-05,17,69.31818183985624,0.8234256492961537,-1.0
0.026189081099194784,0.0018441705679934886,68,0.50470100203529,6.395177052675794e-05,17,69.77272727272727,0.8221043049205433,-1.0
0.024361106088488467,0.0024799090784250032,69,0.48324828688055277,5.546912895658472e-05,17,69.27272727272727,0.8195488444241611,-1.0
0.03410269387273325,0.0019171608534331124,70,0.6484858458861709,4.767963140691306e-05,17,68.27272727272727,0.8194447465376421,-1.0
0.034035267023783594,0.002915132803738945,71,0.6652502210345119,4.059528871837034e-05,17,69.40909095243974,0.8041031141714616,-1.0
0.031018714006576274,0.0014755642688315776,72,0.5850045389961451,3.4227024433899e-05,17,69.00000002167441,0.8138468636165965,-1.0
0.018281285806248587,0.0017590750810793703,73,0.3608366099651903,2.8584657955444653e-05,17,68.54545456712896,0.8099790159138767,-1.0
0.03410055484467497,0.001549266265808708,74,0.6418101191520691,2.367688940315011e-05,17,70.3636364069852,0.7842726466872475,-1.0
0.03414522715482033,0.0016845298361861044,75,0.6450440778862685,1.951128620040094e-05,17,69.72727274894714,0.7966820422085849,-1.0
0.034210719271666475,0.0015914630041354233,76,0.6445698149036616,1.6094271405406862e-05,17,70.00000002167441,0.7956073934381659,-1.0
0.01065709643686811,0.0017947957255981034,77,0.22423847415484488,1.3431113807311488e-05,17,69.5909090909091,0.80167109597813,-1.0
0.033913243574918144,0.0019450631484182344,78,0.6455784130375832,1.1525919802101659e-05,17,70.36363638531078,0.777552764415741,-1.0
0.034126751370624535,0.003066337964911428,79,0.6696045701391995,1.0381627060842164e-05,17,69.13636367971247,0.7722951186786998,-1.0
0.03423389654037439,0.002254562064384421,80,0.6569247008301318,1e-05,17,70.5909091125835,0.799358575777574,-1.0
0.03496358337967346,0.010018702842191689,1,0.8098302430007607,0.000999618372939158,18,16.69565213504045,4.324262490479843,-1.0
0.034263125594912305,0.0018919103054536714,2,0.6509416101034731,0.0009984740801978985,18,26.086956482866537,2.0710585345392643,-1.0
0.034225849395928286,0.0018139331110028757,3,0.6488507657777518,0.0009965688861926887,18,30.13043481370677,1.9410964055683302,-1.0
0.01602780758144541,0.0017790719220000836,4,0.3206496178172529,0.0009939057285945933,18,31.869565092999004,1.9001539074856302,-1.0
0.03424855180653847,0.0017178246829037864,5,0.6475201230496168,0.0009904887137995992,18,34.3478259936623,1.8392066219578618,-1.0
0.034309349785972804,0.001628718662282659,6,0.6470146751962602,0.00098632311059685,18,36.217391159223475,1.7767502359721972,-1.0
0.03431408547071947,0.0018764840852883127,7,0.6515431208536029,0.0009814153420445555,18,37.39130424416584,1.7219008275736933,-1.0
0.013224910543714132,0.001745153735909197,8,0.2695684169884771,0.0009757729755661012,18,38.4347826294277,1.6962449567214302,-1.0
0.03371933556627482,0.00194630593371888,9,0.6421318300999701,0.0009694047112816298,18,38.99999993262084,1.6506762485918791,-1.0
0.03421224850333399,0.00275124226593309,10,0.6654703340027481,0.0009623203685930871,18,40.00000001036602,1.6329324040205582,-1.0
0.03437906098810749,0.001598546462547448,11,0.6477357409894466,0.0009545308710434153,18,40.565217282461084,1.6141326410874077,-1.0
0.022398609163550038,0.001668971445825365,12,0.4333462039940059,0.0009460482294732422,18,41.26086949783823,1.5737568538085274,-1.0
0.025051417786421046,0.002009362667902476,13,0.4872303199954331,0.0009368855235010348,18,44.1739130175632,1.5011876187117204,-1.0
0.03429573533746103,0.0022180310528104505,14,0.6573788889218122,0.0009270568813552758,18,44.00000001036602,1.4890673226895539,-1.0
0.034392772384712264,0.0017263745604496864,15,0.650255911052227,0.0009165774580897602,18,44.52173913043478,1.4932004683950673,-1.0
0.03002223633747134,0.0024604239992590416,16,0.5847922218963504,0.0009054634122155992,18,47.13043462711832,1.4542768256560616,-1.0
0.017810770323396556,0.0016394631756055686,17,0.35021503805182874,0.0008937318807859689,18,44.391304347826086,1.4635419777165288,-1.0
0.034404162058813706,0.003111908225239151,18,0.6754019730724394,0.0008814009529720156,18,47.69565206506978,1.4351685557158096,-1.0
0.03440565295103523,0.002952481542403499,19,0.6725555539596826,0.0008684896421706646,18,47.08695640252984,1.41326401192209,-1.0
0.03427814795739121,0.0036981391539383265,20,0.6836854449938983,0.0008550178566873412,18,47.99999996371891,1.4002889664276787,-1.0
0.014713283576485183,0.0020121255915405024,21,0.30116938101127744,0.0008410063690388064,18,48.30434785718503,1.381995994526407,-1.0
0.03437278510278298,0.001659320667386055,22,0.6486891801469028,0.0008264767839234412,18,49.17391307457633,1.3659492297794509,-1.0
0.034392918149630226,0.0017583480156544182,23,0.6508321240544319,0.000811451504908368,18,49.30434779498888,1.3358521704051805,-1.0
0.03429716178733441,0.0016328126528403824,24,0.6468633248005062,0.0007959536998847743,18,48.78260858680891,1.3298940028315005,-1.0
0.014206080503451327,0.001595020940941241,25,0.28452773694880307,0.0007800072653447032,18,50.69565213244894,1.3034482723733654,-1.0
0.02936576019662122,0.0015075045197995172,26,0.5558471269905567,0.0007636367895343947,18,52.13043469968049,1.2856223786395529,-1.0
0.034318217373867005,0.002206201354662577,27,0.6575460350140929,0.0007468675145409928,18,53.91304327094036,1.2566506257264511,-1.0
0.03427589925316473,0.0020399204222485423,28,0.6538030600640923,0.0007297252973710758,18,51.30434767059658,1.2612209626902704,-1.0
0.026207650300218828,0.0019045828117264642,29,0.5061249318532646,0.0007122365700810271,18,52.60869540338931,1.2535740941503775,-1.0
0.023019470002812643,0.0018585789431300429,30,0.447944178013131,0.0006944282990207196,18,54.34782595219819,1.228690303719562,-1.0
0.03438801229155312,0.0017897447622898552,31,0.6513358389493078,0.0006763279432533592,18,54.69565220501112,1.203179148591083,-1.0
0.03441342439812919,0.0017471678891322678,32,0.6510253311134875,0.0006579634122155992,18,54.3913042286168,1.2305136174740998,-1.0
0.033772791658217706,0.0015984359973420699,33,0.6368218651041389,0.000639363022683212,18,54.95652173913044,1.2001651108783224,-1.0
0.015433186018425558,0.0020015426497492525,34,0.31396436295472085,0.0006205554551086735,18,56.04347810537919,1.1844167095681895,-1.0
0.03434352932446119,0.0015958010658828749,35,0.6470418360549957,0.0006015697093979838,18,55.39130425453186,1.1697233139950296,-1.0
0.03422532350911448,0.001747514716246062,36,0.6476455288939178,0.0005824350601949146,18,56.91304326057434,1.1651576794748721,-1.0
0.03435124613396409,0.0014979789266362786,37,0.6454181880690157,0.0005631810117416299,18,57.304347784622855,1.1422103089871614,-1.0
0.014813219520470334,0.001899061478777892,38,0.30094324005767703,0.0005438372523852835,18,57.95652168730031,1.1141756710798845,-1.0
0.03424760220675833,0.002249832122793628,39,0.6570864950772375,0.0005244336088007391,18,59.21739107629527,1.110364699156388,-1.0
0.034460064515264496,0.0025256547507726485,40,0.6659102460835129,0.0005050000000000001,18,58.30434781572093,1.0960816679830137,-1.0
0.03443557537522995,0.003253357174495856,41,0.6785396018531173,0.0004855663911992613,18,59.26086957558341,1.090097581303638,-1.0
0.019302935792236693,0.0016772719876219828,42,0.3777638589963317,0.00046616274761471693,18,59.13043460638627,1.0765174480106519,-1.0
0.030901871466388304,0.0020423525970222223,43,0.5931099329609424,0.00044681898825837057,18,59.91304330203844,1.0672132193523904,-1.0
0.034339486504904926,0.0020963268276924887,44,0.6559539728332311,0.000427564939805086,18,61.4347825050354,1.0305867066590682,-1.0
0.034260757125189736,0.0015668282673383753,45,0.6450073930900544,0.00040843029060201667,18,59.13043469968049,1.0622650001360023,-1.0
0.02409026978744401,0.0027561327054475746,46,0.4833400398492813,0.000389444544891327,18,62.217391283615775,1.0118764626461527,-1.0
0.02731872088689771,0.0017591060087498692,47,0.5235207020305097,0.0003706369773167883,18,61.17391282579173,1.0175658553579578,-1.0
0.03449030042005082,0.001786805973905656,48,0.6531021839473397,0.0003520365877844012,18,61.86956520702528,1.0029351425170898,-1.0
0.03429598910992758,0.0017123129994918902,49,0.6482610730454326,0.0003336720567466412,18,62.60869543448739,1.006992740423783,-1.0
0.02909301740065631,0.0020850551469872394,50,0.5613193050958216,0.0003155717009792807,18,64.30434783645298,0.9819798583569734,-1.0
0.021263125960508153,0.0021001492083693543,51,0.42066633189097047,0.00029776342991897335,18,64.08695627295452,0.981473507673844,-1.0
0.03436897779142277,0.00270334347927322,52,0.6674207809846848,0.00028027470262892445,18,63.391304161237635,0.9356956377236739,-1.0
0.03430783645146423,0.0018847092158264583,53,0.6515796410385519,0.0002631324854590073,18,65.34782581743987,0.9325345257054205,-1.0
0.034090812421507306,0.0016925093045251237,54,0.6442044670693576,0.0002463632104656054,18,65.47826064151266,0.9192216606762098,-1.0
0.013839180645946827,0.0015316016894454758,55,0.2767859078012407,0.0002299927346552969,18,66.26086946155714,0.8956173733006353,-1.0
0.034324461529548794,0.0015367026337318951,56,0.6456100279465318,0.00021404630011522587,18,64.86956527958746,0.9057834780734518,-1.0
0.03430109512474802,0.0016180049343448547,57,0.646658122073859,0.00019854849509163232,18,66.43478243247323,0.9046912789344788,-1.0
0.034240153411196336,0.0015374539782189662,58,0.6441239931154996,0.00018352321607655918,18,66.17391285688981,0.8762518979155499,-1.0
0.018422050543853805,0.0015281022836764653,59,0.35920987999998033,0.00016899363096119395,18,68.21739107629527,0.8573325163385143,-1.0
0.033190197815808155,0.002468301022114853,60,0.6419824920594692,0.000154982143312659,18,67.73913024819416,0.8725340001479439,-1.0
0.034326364894190595,0.001598302326682541,61,0.6467585598584265,0.0001415103578293356,18,67.65217385084733,0.8487085688632467,-1.0
0.034335208798034325,0.0033237077037079465,62,0.6779738259501755,0.0001285990470279847,18,67.60869554851367,0.8562999214296756,-1.0
0.022274212420193687,0.0033485625818785694,63,0.4613165289629251,0.0001162681192140312,18,67.65217368499093,0.8489433001435321,-1.0
0.028135605635017984,0.002047232481547528,64,0.5434029421303421,0.00010453658778440107,18,68.08695658393528,0.8433717529670052,-1.0
0.03432352152756519,0.0016143750787402193,65,0.6469947870355099,9.342254191024022e-05,18,68.95652155254199,0.8160265523454417,-1.0
0.034384845212722816,0.0017217957906218038,66,0.650030974065885,8.294311864472437e-05,18,67.91304340569869,0.8328155848254328,-1.0
0.030557077636735305,0.00176859591414945,67,0.5819678818807006,7.311447649896551e-05,18,67.99999977194744,0.8185666563199914,-1.0
0.01956866819980658,0.0022800975712016225,68,0.39341020095162094,6.395177052675794e-05,18,68.91304340569869,0.8112476002651712,-1.0
0.034384297827879585,0.0027076685671798056,69,0.6677681829314679,5.546912895658472e-05,18,69.30434771206068,0.8118745186017907,-1.0
0.03429054079525587,0.001532232375918991,70,0.6449237358756363,4.767963140691306e-05,18,71.95652162510416,0.7937794000169506,-1.0
0.034296092577278614,0.0016791362625857194,71,0.6476665160153061,4.059528871837034e-05,18,69.08695637661478,0.7957120427878006,-1.0
0.010671172058209777,0.0015780984475794765,72,0.2205907730385661,3.4227024433899e-05,18,69.95652173913044,0.8061993534668632,-1.0
0.03423060479366945,0.0019474273754490747,73,0.6513138918671757,2.8584657955444653e-05,18,69.91304332277049,0.824463878299879,-1.0
0.034483108307338424,0.0024231928012644253,74,0.6644438051152974,2.367688940315011e-05,18,70.56521715288577,0.7997800179149793,-1.0
0.03437798273646169,0.0018762212065565917,75,0.6527080179657787,1.951128620040094e-05,18,69.652173716089,0.8018752616384756,-1.0
0.02271905871263395,0.0018744375168656309,76,0.44280681712552905,1.6094271405406862e-05,18,70.6521739234095,0.7934971493223439,-1.0
0.027806695667095482,0.0022922189932109583,77,0.5418905480764806,1.3431113807311488e-05,18,70.652173716089,0.7877290388812189,-1.0
0.03432582459774696,0.0026750812281130087,78,0.6661333190277219,1.1525919802101659e-05,18,70.39130416123763,0.7934407485049704,-1.0
0.034321414280889764,0.0017398076597601175,79,0.6492245469707996,1.0381627060842164e-05,18,70.08695656320323,0.7904261065566022,-1.0
0.029854461434297264,0.0017111088382080197,80,0.568288786103949,1e-05,18,69.39130423379981,0.7936504941401274,-1.0
0.03568691132884277,0.00889098455541228,1,0.8471534389536828,0.000999618372939158,19,15.541666706403097,4.320600868860881,-1.0
0.034325485056462254,0.0017044204777400744,2,0.684735924936831,0.0009984740801978985,19,22.916666706403095,2.1392207845052083,-1.0
0.033612528007085384,0.0015333226244700583,3,0.6679057518485934,0.0009965688861926887,19,28.00000007947286,1.9987488158543905,-1.0
0.028801408608591084,0.0015572308146051671,4,0.5769590949639678,0.0009939057285945933,19,30.62500003973643,1.9247693792978922,-1.0
0.028835229489854293,0.0016937906069583015,5,0.5801804549992085,0.0009904887137995992,19,31.875,1.8666606760025024,-1.0
0.029450591518788746,0.0015858707851485203,6,0.5898259221576154,0.00098632311059685,19,33.125,1.8437574450174967,-1.0
0.02842520872180007,0.0015765382222046977,7,0.5701717080082744,0.0009814153420445555,19,36.208333333333336,1.7737383079528808,-1.0
0.027808035343983455,0.002055546134024074,8,0.5675398248713464,0.0009757729755661012,19,37.95833341280619,1.723384297688802,-1.0
0.02981023990402096,0.001567440462837878,9,0.5963075840845704,0.0009694047112816298,19,39.08333337306976,1.6841014782587687,-1.0
0.028420168220212583,0.0016224638828517574,10,0.5709465441759676,0.0009623203685930871,19,39.833333333333336,1.648871397972107,-1.0
0.013903647146530841,0.0015701601208236657,11,0.2941238291095942,0.0009545308710434153,19,43.125,1.5903538513183593,-1.0
0.034152214182540774,0.001995466551498363,12,0.6869372490327805,0.0009460482294732422,19,42.7916667064031,1.5765929587682088,-1.0
0.034248520779472436,0.0016368770187622623,13,0.6819601620081812,0.0009368855235010348,19,43.20833337306976,1.5586545117696127,-1.0
0.03424612003819723,0.0014488854886669862,14,0.6783385239541531,0.0009270568813552758,19,44.0416667064031,1.4946941614151001,-1.0
0.01926381202218564,0.0015387733981601503,15,0.3953795568086207,0.0009165774580897602,19,45.00000015894572,1.5008241923650105,-1.0
0.03135210268297478,0.0016124726910340158,16,0.6264449979644269,0.0009054634122155992,19,47.4166667064031,1.4544932921727498,-1.0
0.0342673350517687,0.001675335788413098,17,0.6830252560321242,0.0008937318807859689,19,45.25,1.4607490412394206,-1.0
0.034391989343260466,0.0014942176640033722,18,0.6819565100595355,0.0008814009529720156,19,45.666666746139526,1.4505281368891398,-1.0
0.022516071869942703,0.001410820190549681,19,0.45473357080481946,0.0008684896421706646,19,48.833333333333336,1.4202771584192913,-1.0
0.027997337355229416,0.0017257651167088433,20,0.564855411183089,0.0008550178566873412,19,47.16666682561239,1.4115488052368164,-1.0
0.03416599090652246,0.001669003199295778,21,0.680977975949645,0.0008410063690388064,19,48.83333341280619,1.356688748995463,-1.0
0.03423408885780526,0.0018045039308306418,22,0.6848420940805227,0.0008264767839234412,19,49.875,1.3657811339696249,-1.0
0.025829258938565067,0.0014821976839907859,23,0.5190368629992008,0.000811451504908368,19,50.6666667064031,1.3371701955795288,-1.0
0.02456593398298872,0.001655038752544083,24,0.49835548596456647,0.0007959536998847743,19,50.62500003973643,1.3481485430399578,-1.0
0.034276827422313784,0.0015651417381473277,25,0.6811335170641541,0.0007800072653447032,19,50.833333333333336,1.3227791961034139,-1.0
0.03440700406453719,0.0015249366283808883,26,0.6828774057794362,0.0007636367895343947,19,50.41666682561239,1.3432998975118002,-1.0
0.029445528788001912,0.0015133537940288846,27,0.5883494729641825,0.0007468675145409928,19,51.25000003973643,1.3026524543762208,-1.0
0.021768858680795682,0.001883515573449825,28,0.44953142292797565,0.0007297252973710758,19,53.416666666666664,1.2769354232152303,-1.0
0.03417062309668645,0.0016060390656715945,29,0.6799115419853479,0.0007122365700810271,19,54.54166682561239,1.233063941001892,-1.0
0.03426650106465738,0.0016580669846581785,30,0.6827053299639374,0.0006944282990207196,19,54.125,1.2170117632548014,-1.0
0.03189080650918186,0.0016260225399348297,31,0.6369489228818566,0.0006763279432533592,19,53.20833341280619,1.2348535092671713,-1.0
0.018854337266499276,0.0016708641656135257,32,0.39012403413653374,0.0006579634122155992,19,52.791666746139526,1.2563482920328777,-1.0
0.03421157669570101,0.0017625916822764434,33,0.6836255230009556,0.000639363022683212,19,54.66666682561239,1.2111936203638713,-1.0
0.03425906923305439,0.001468926447590715,34,0.6789459770079702,0.0006205554551086735,19,56.916666746139526,1.1660003995895385,-1.0
0.034230321388397565,0.0014852055618049282,35,0.6787055670283735,0.0006015697093979838,19,54.875,1.173140494028727,-1.0
0.013225611801700373,0.0019034572975023796,36,0.2875683349557221,0.0005824350601949146,19,57.20833349227905,1.1479279963175455,-1.0
0.03424705096863603,0.0014599831407203486,37,0.6785465960856527,0.0005631810117416299,19,58.166666746139526,1.1090962934494017,-1.0
0.03426632144194292,0.001679673558101058,38,0.6831072128843516,0.0005438372523852835,19,57.333333333333336,1.1230974753697713,-1.0
0.03425550191222053,0.0015278657726747425,39,0.6800210010260344,0.0005244336088007391,19,58.54166682561239,1.1121282466252644,-1.0
0.013627504917645925,0.0015023615652401197,40,0.28760038083419204,0.0005050000000000001,19,57.416666666666664,1.1205127398173014,-1.0
0.03422838810978359,0.0016840195258785236,41,0.6824715370312333,0.0004855663911992613,19,59.916666666666664,1.090973006884257,-1.0
0.03427663319254,0.0014507697625575882,42,0.6789591019041836,0.00046616274761471693,19,61.08333341280619,1.0498883199691773,-1.0
0.03438058757762376,0.0024699277955254444,43,0.70029739709571,0.00044681898825837057,19,60.75000007947286,1.0438096300760904,-1.0
0.018377973661316854,0.0013917541915648862,44,0.37576083303429186,0.000427564939805086,19,60.708333333333336,1.026620397567749,-1.0
0.031776680010615996,0.0019386518795631435,45,0.6407263970468193,0.00040843029060201667,19,62.333333333333336,0.9897790503501892,-1.0
0.03427777764093327,0.0013917668869620876,46,0.6778560660313815,0.000389444544891327,19,62.83333341280619,1.0027164999643963,-1.0
0.03433369320670241,0.0015258709409911382,47,0.6814661789685488,0.0003706369773167883,19,61.83333341280619,1.0060063735644023,-1.0
0.022059559368675475,0.001490242521915781,48,0.4475557280238718,0.0003520365877844012,19,63.62500015894572,0.9821520201365153,-1.0
0.028163538596249725,0.0019066510967126018,49,0.5714517901651561,0.0003336720567466412,19,62.58333341280619,0.9938364823659261,-1.0
0.03434330446792668,0.002234420481775152,50,0.6950934370979667,0.0003155717009792807,19,64.41666674613953,0.9415831971168518,-1.0
0.03423252776510229,0.0014737638105687342,51,0.6785299438051879,0.00029776342991897335,19,64.00000015894572,0.9572328511873881,-1.0
0.02525971638724992,0.0015218566098299466,52,0.5089564458467066,0.00028027470262892445,19,65.29166666666667,0.9346366016070048,-1.0
0.02427563781997091,0.001505086811161355,53,0.48994572507217526,0.0002631324854590073,19,64.54166674613953,0.9251384011904399,-1.0
0.034237165102048925,0.0016426817930646632,54,0.6818369498942047,0.0002463632104656054,19,64.91666682561238,0.9103950913747152,-1.0
0.03427757146327119,0.0016068289129945793,55,0.6819203498307616,0.0002299927346552969,19,64.75000007947285,0.9164390842119853,-1.0
0.029630444135124747,0.0014862412905418559,56,0.5913279990199953,0.00021404630011522587,19,65.25,0.9131895327568054,-1.0
0.018492178807623293,0.0019238933945368779,57,0.3880206949543208,0.00019854849509163232,19,65.50000015894572,0.9047708964347839,-1.0
0.03432568999644565,0.0018501207355017726,58,0.687477108091116,0.00018352321607655918,19,66.20833333333333,0.8739373811086019,-1.0
0.03426793363484505,0.0014852578384115507,59,0.6794448990840465,0.00016899363096119395,19,65.25000015894572,0.8923805157343546,-1.0
0.0342961359573038,0.0017120994161814451,60,0.6842875280417502,0.000154982143312659,19,66.58333333333333,0.8648979226748149,-1.0
0.015404037383728121,0.0016752623977433693,61,0.32463782094419,0.0001415103578293356,19,67.50000015894572,0.8451616819699606,-1.0
0.03424561392564915,0.0019219560230052785,62,0.6873171990737319,0.0001285990470279847,19,67.45833349227905,0.8600710304578145,-1.0
0.03437510316603278,0.0015402608306000108,63,0.6825207779183984,0.0001162681192140312,19,67.62500007947285,0.8600379077593485,-1.0
0.03434208205803052,0.0015230721083322638,64,0.6815667108166963,0.00010453658778440107,19,68.3333334128062,0.8293506646156311,-1.0
0.011085632232655036,0.0014948363930575158,65,0.23915956891141832,9.342254191024022e-05,19,68.91666682561238,0.8130440624554952,-1.0
0.03430181294434557,0.0018005786267550367,66,0.6860639750957489,8.294311864472437e-05,19,69.79166666666667,0.812511662642161,-1.0
0.034252855583633245,0.001800066301305043,67,0.6851237621158361,7.311447649896551e-05,19,70.41666682561238,0.79896551211675,-1.0
0.034256780618115476,0.0017228001655128441,68,0.683747316012159,6.395177052675794e-05,19,69.16666674613953,0.8064232158660889,-1.0
0.017640128719473357,0.001799767910453834,69,0.36946729803457856,5.546912895658472e-05,19,70.16666674613953,0.7834002502759297,-1.0
0.03084324932608165,0.0020465044133169087,70,0.6250243179965764,4.767963140691306e-05,19,70.33333349227905,0.7968145092328389,-1.0
0.034188067601797614,0.0017686876664428336,71,0.683292780071497,4.059528871837034e-05,19,70.62500015894572,0.7730764603614807,-1.0
0.034331580133814564,0.0015252123366257077,72,0.6813932678196579,3.4227024433899e-05,19,70.3333334128062,0.7783095860481262,-1.0
0.02244670086197163,0.0014895555122118246,73,0.45489588007330894,2.8584657955444653e-05,19,68.95833333333333,0.8004588500658671,-1.0
0.02440274444310681,0.0014741731881114997,74,0.4917946131899953,2.367688940315011e-05,19,70.125,0.7812239146232605,-1.0
0.03427854240381796,0.0027522435411810875,75,0.7037258420605212,1.951128620040094e-05,19,70.79166674613953,0.7786488715807597,-1.0
0.034336027517718706,0.002738928642908209,76,0.704560220008716,1.6094271405406862e-05,19,70.8333334128062,0.78245534658432,-1.0
0.027248655433619495,0.0016128529402378358,77,0.5485090289730579,1.3431113807311488e-05,19,70.41666666666667,0.7828623414039612,-1.0
0.021124877194923005,0.0016379241194379958,78,0.4326274450868368,1.1525919802101659e-05,19,69.625,0.7725955986976624,-1.0
0.03431174473984069,0.001597957526284613,79,0.6824269050266594,1.0381627060842164e-05,19,70.83333349227905,0.7774427700042724,-1.0
0.03423639356256708,0.001616380961709901,80,0.6813331712037325,1e-05,19,70.75,0.7741860063870748,-1.0
0.03577865343540907,0.008667100162710994,1,0.8890675690490752,0.000999618372939158,20,17.160000002384187,4.717005978775024,-1.0
0.034199960087426005,0.0015808472060598433,2,0.7157740520779043,0.0009984740801978985,20,25.160000007152558,2.1152635765075685,-1.0
0.027415694925002752,0.001889078482054174,3,0.586226613027975,0.0009965688861926887,20,28.120000009536742,1.9962857549667359,-1.0
0.026005190168507396,0.00154515968170017,4,0.5511206961236894,0.0009939057285945933,20,31.559999995231628,1.900929948425293,-1.0
0.03414785664062947,0.001634248299524188,5,0.7157545760273933,0.0009904887137995992,20,34.639999976158144,1.8428457216262817,-1.0
0.03421744954539463,0.0017661978024989366,6,0.7197831310331821,0.00098632311059685,20,34.9600000333786,1.7885356021881103,-1.0
0.023016861057840288,0.0018724143505096436,7,0.49789401912130415,0.0009814153420445555,20,35.680000033378604,1.7393461847305298,-1.0
0.027784093178343027,0.0014569351682439447,8,0.5849324939772487,0.0009757729755661012,20,39.67999999046326,1.6553143795013427,-1.0
0.034275796031579375,0.0014386139693669975,9,0.7143991659395397,0.0009694047112816298,20,39.60000000953674,1.6274428213119507,-1.0
0.0341768124839291,0.001466501411050558,10,0.7129785649012774,0.0009623203685930871,20,42.60000002861023,1.5940302240371704,-1.0
0.022150743857491762,0.0014586734818294645,11,0.4722937748301774,0.0009545308710434153,20,41.35999997615814,1.5850796070098876,-1.0
0.028492792113684117,0.0015449624392203988,12,0.6008638020139188,0.0009460482294732422,20,44.399999980926516,1.536303582572937,-1.0
0.03429512068396434,0.0016219741199165582,13,0.7184564170893282,0.0009368855235010348,20,44.0799999666214,1.5178438888549806,-1.0
0.034177598368842155,0.0014617269393056632,14,0.7129005962051451,0.0009270568813552758,20,44.680000023841856,1.4876357120513917,-1.0
0.020833604503422976,0.0014563405071385204,15,0.4459034148603678,0.0009165774580897602,20,46.279999966621396,1.4702062915802,-1.0
0.02897772378055379,0.0013727958663366734,16,0.6071193248499185,0.0009054634122155992,20,46.52000000476837,1.4303573104858398,-1.0
0.03420703092124313,0.0016055501298978924,17,0.7163632269948721,0.0008937318807859689,20,47.320000014305116,1.423024285697937,-1.0
0.034235600475221874,0.001472299371380359,18,0.7142702441196889,0.0008814009529720156,20,48.56000002861023,1.4191883712768554,-1.0
0.020399081171490252,0.0015138271264731884,19,0.43836083891801536,0.0008684896421706646,20,47.12000004291534,1.4041285650253297,-1.0
0.025805425853468476,0.0015984299941919744,20,0.5481901550665498,0.0008550178566873412,20,48.04000000476837,1.3849930059432984,-1.0
0.03419722057878971,0.00146252962294966,21,0.7133087441325188,0.0008410063690388064,20,50.76000003814697,1.3418360595703125,-1.0
0.03425946693168953,0.0014556274749338628,22,0.7144106400664896,0.0008264767839234412,20,48.80000007629395,1.3578369400024415,-1.0
0.023128314747009427,0.0014321653521619736,23,0.4913154300302267,0.000811451504908368,20,50.31999997138977,1.3010097726821899,-1.0
0.02296258768765256,0.0015578001621179283,24,0.4905188020784408,0.0007959536998847743,20,51.16000002861023,1.3004754446029663,-1.0
0.03421272895066067,0.0027531453990377484,25,0.73942841286771,0.0007800072653447032,20,51.119999990463256,1.2938616931915283,-1.0
0.03421219082083553,0.001734761835541576,26,0.7190553669352084,0.0007636367895343947,20,53.7200000667572,1.2750489206314086,-1.0
0.024297866807319223,0.0017489239457063378,27,0.5210398898925632,0.0007468675145409928,20,52.28000004291535,1.2547183708190919,-1.0
0.02503003223100677,0.001486817980185151,28,0.53044528583996,0.0007297252973710758,20,53.199999990463255,1.2668681941986084,-1.0
0.034205096343066545,0.0017328840564005076,29,0.7188727471511811,0.0007122365700810271,20,54.32000001907349,1.2358842235565186,-1.0
0.03417289310600609,0.0016071812948212027,30,0.7157112618442625,0.0006944282990207196,20,55.200000009536744,1.1879527250289916,-1.0
0.02416576474206522,0.0015071092173457145,31,0.5135596299078315,0.0006763279432533592,20,54.47999997138977,1.180473381614685,-1.0
0.026397841016296296,0.0014448188827373087,32,0.5569611189421266,0.0006579634122155992,20,55.48,1.2018722471237182,-1.0
0.034348251495976,0.0019071453134529293,33,0.7252177388872951,0.000639363022683212,20,55.04000002861023,1.190156473350525,-1.0
0.03415062626590952,0.0015904815401881934,34,0.7149353150743991,0.0006205554551086735,20,56.00000001907349,1.1678379529953002,-1.0
0.02288056316319853,0.0014929565833881498,35,0.4875772241503,0.0006015697093979838,20,55.67999999046326,1.1822202632904053,-1.0
0.02872089871671051,0.0014520896831527353,36,0.6035784250125289,0.0005824350601949146,20,58.52000002861023,1.1370402109146118,-1.0
0.034206861187703906,0.0016193785704672337,37,0.7166376730892807,0.0005631810117416299,20,58.320000076293944,1.125734607696533,-1.0
0.034191102697514,0.0014880746603012085,38,0.7136971671134233,0.0005438372523852835,20,57.9999999666214,1.1017778785705565,-1.0
0.02139495642622933,0.0014733074698597194,39,0.4574726668652147,0.0005244336088007391,20,58.36000002861023,1.096674933052063,-1.0
0.028455250489059836,0.0015086911618709565,40,0.5993890068493783,0.0005050000000000001,20,57.76000001907349,1.0905700740814208,-1.0
0.03419817367102951,0.0017688387306407094,41,0.7194536959286779,0.0004855663911992613,20,60.12,1.0415601547241211,-1.0
0.03427624225150794,0.0016771776485256852,42,0.7191779809072614,0.00046616274761471693,20,60.52000002861023,1.0284227155685426,-1.0
0.018529169366229326,0.0015042605344206094,43,0.4007722830865532,0.00044681898825837057,20,61.200000066757205,1.0437644151687622,-1.0
0.032122861291281876,0.002267387555912137,44,0.6879138199146837,0.000427564939805086,20,61.160000019073486,1.0302716003417969,-1.0
0.03421360745560378,0.001736372837331146,45,0.7191146281547844,0.00040843029060201667,20,61.920000076293945,1.0157910152435303,-1.0
0.03414658635156229,0.0017399632488377392,46,0.7178420859854668,0.000389444544891327,20,61.95999998092651,0.9911940986633301,-1.0
0.013952628010883927,0.0014692884404212236,47,0.30854331608861685,0.0003706369773167883,20,64.16000005722046,0.9710871793746948,-1.0
0.03182370128342882,0.0014368442236445845,48,0.665324630914256,0.0003520365877844012,20,63.439999933242795,0.9661020489692688,-1.0
0.0342215527780354,0.001512709562666714,49,0.7147982949391007,0.0003336720567466412,20,64.36000004768371,0.9526299585342407,-1.0
0.03426023687934503,0.0015634338720701634,50,0.7165861329995096,0.0003155717009792807,20,65.3199999332428,0.9301862911224366,-1.0
0.014531215780880301,0.0014677542727440595,51,0.3200819029007107,0.00029776342991897335,20,64.9600000667572,0.9383390327453613,-1.0
0.03206872404552996,0.0014323211507871747,52,0.6701321289874613,0.00028027470262892445,20,64.55999999046325,0.9295065776824951,-1.0
0.034192704397719355,0.0014573246473446489,53,0.7131284719798714,0.0002631324854590073,20,66.40000002861024,0.90312186794281,-1.0
0.03413639115169644,0.0014247783576138318,54,0.7113336049951613,0.0002463632104656054,20,65.67999998092651,0.8934583137512208,-1.0
0.014276243839412927,0.002972557209432125,55,0.34508459316566586,0.0002299927346552969,20,65.60000002861022,0.9134191595077514,-1.0
0.034015782352071255,0.0016627748496830463,56,0.7137046130374074,0.00021404630011522587,20,65.88000004291534,0.8824227066040039,-1.0
0.034262492146808654,0.0015660808538086712,57,0.716677718795836,0.00019854849509163232,20,67.40000008583068,0.8605919303894043,-1.0
0.03420795613201335,0.0014585025142878293,58,0.713434109929949,0.00018352321607655918,20,66.76000005722045,0.8526308497428894,-1.0
0.012274369911756367,0.001342249393928796,59,0.2724630399607122,0.00016899363096119395,20,67.27999993324279,0.8519342885017395,-1.0
0.034159655042458326,0.0016559081035666169,60,0.7164449419360608,0.000154982143312659,20,67.8399999332428,0.8543561433792114,-1.0
0.03415183057077229,0.0019566427217796445,61,0.7223056289367378,0.0001415103578293356,20,68.8399999809265,0.8143919976234436,-1.0
0.034352070733439176,0.0016780326724983752,62,0.7207301380112767,0.0001285990470279847,20,68.92000004768371,0.8277278861999512,-1.0
0.011245757597498596,0.001618216501083225,63,0.2574038680177182,0.0001162681192140312,20,69.4399999332428,0.8370198136329651,-1.0
0.03430701633915305,0.001982397702522576,64,0.7259206979069859,0.00010453658778440107,20,69.28000005722046,0.805629633140564,-1.0
0.034512926370371136,0.001621136930771172,65,0.72282147500664,9.342254191024022e-05,20,70.27999995231629,0.7936750880241394,-1.0
0.034183590672910213,0.0017430728301405906,66,0.7186621511355042,8.294311864472437e-05,20,69.24000000953674,0.7993028355598449,-1.0
0.010287801583763212,0.0018368498189374805,67,0.24262752896174788,7.311447649896551e-05,20,71.00000004768371,0.7847482804298401,-1.0
0.03447039854945615,0.002195543807465583,68,0.7334357309155166,6.395177052675794e-05,20,70.47999998092651,0.7835576225280761,-1.0
0.0341825089417398,0.0016952683567069472,69,0.7176829040981829,5.546912895658472e-05,20,68.59999996185303,0.7990407444953919,-1.0
0.03413608950795606,0.0014658935950137674,70,0.7121504771057516,4.767963140691306e-05,20,70.72000003814698,0.7780976774215699,-1.0
0.010493757494259626,0.001444880454801023,71,0.23887671413831413,4.059528871837034e-05,20,71.51999999046326,0.7664919220924378,-1.0
0.034208299813326445,0.002157529233954847,72,0.727432674029842,3.4227024433899e-05,20,71.76,0.7506727149009704,-1.0
0.03559885378926993,0.002153825864661485,73,0.7552011839579791,2.8584657955444653e-05,20,71.04000004768372,0.769818828201294,-1.0
0.03419481257442385,0.0019864584202878175,74,0.7237610719166696,2.367688940315011e-05,20,71.19999994277954,0.7725887602806091,-1.0
0.012019850523211062,0.001730870280880481,75,0.2751272348687053,1.951128620040094e-05,20,71.32,0.764811010837555,-1.0
0.03417332654353231,0.0016813652007840573,76,0.7172058208379894,1.6094271405406862e-05,20,70.40000004768372,0.7735857780456543,-1.0
0.03415411513997242,0.0015396846574731171,77,0.7139907581731677,1.3431113807311488e-05,20,72.52000003814697,0.7507027530670166,-1.0
0.034223911724984644,0.0017033430747687816,78,0.7186560819391161,1.1525919802101659e-05,20,73.04,0.7446539018630981,-1.0
0.014911785314325243,0.001810812542680651,79,0.3345791660249233,1.0381627060842164e-05,20,70.95999997138978,0.7777354416847229,-1.0
0.03427085758885369,0.001836435415316373,80,0.7222597089130431,1e-05,20,71.68000004768372,0.750046483039856,-1.0
