2026-04-11 15:48:53 | INFO | Starting method=badge seed=2 device=cuda run_dir=/data1/doyoung/ADV-AL/experiments/set_ADV_main_resnet18_cifar10/cifar10_resnet18_badge_b100_r20/seed_2 | GPU MB alloc/reserved=0.0/0.0
2026-04-11 15:48:54 | INFO | Data loaded in 0.66s (train_total=50000 al_train=50000 val_fixed=0 test=10000) | GPU: n/a
2026-04-11 15:48:54 | INFO | [Round 0] labeled=500 train=500 val_fixed=0 | GPU MB alloc/reserved=42.7/64.0
2026-04-11 15:48:56 | INFO | [Round 0] epoch=1/80 loss=2.4540 acc=16.00 val_acc=nan data_t=0.0385s batch_t=0.2873s epoch_t=00:01.30 lr=0.001000 | GPU MB alloc/reserved=190.1/996.0
2026-04-11 15:48:56 | INFO | [Round 0] Epoch 1/80 time=00:01.30 avg=00:01.30 ETA=01:42.99 | GPU MB alloc/reserved=190.1/996.0
2026-04-11 15:48:56 | INFO | [Round 0] epoch=2/80 loss=2.1015 acc=24.80 val_acc=nan data_t=0.0077s batch_t=0.0840s epoch_t=00:00.37 lr=0.000998 | GPU MB alloc/reserved=190.1/996.0
2026-04-11 15:48:56 | INFO | [Round 0] Epoch 2/80 time=00:00.37 avg=00:00.84 ETA=01:05.16 | GPU MB alloc/reserved=190.1/996.0
2026-04-11 15:48:56 | INFO | [Round 0] epoch=3/80 loss=1.8998 acc=31.60 val_acc=nan data_t=0.0065s batch_t=0.0824s epoch_t=00:00.36 lr=0.000997 | GPU MB alloc/reserved=190.1/996.0
2026-04-11 15:48:56 | INFO | [Round 0] Epoch 3/80 time=00:00.36 avg=00:00.68 ETA=00:52.02 | GPU MB alloc/reserved=190.1/996.0
2026-04-11 15:48:57 | INFO | [Round 0] epoch=4/80 loss=1.8066 acc=34.40 val_acc=nan data_t=0.0096s batch_t=0.0829s epoch_t=00:00.37 lr=0.000994 | GPU MB alloc/reserved=190.1/996.0
2026-04-11 15:48:57 | INFO | [Round 0] Epoch 4/80 time=00:00.37 avg=00:00.60 ETA=00:45.54 | GPU MB alloc/reserved=190.1/996.0
2026-04-11 15:48:57 | INFO | [Round 0] epoch=5/80 loss=1.7206 acc=37.80 val_acc=nan data_t=0.0139s batch_t=0.0834s epoch_t=00:00.39 lr=0.000990 | GPU MB alloc/reserved=190.1/996.0
2026-04-11 15:48:57 | INFO | [Round 0] Epoch 5/80 time=00:00.39 avg=00:00.56 ETA=00:41.79 | GPU MB alloc/reserved=190.1/996.0
2026-04-11 15:48:58 | INFO | [Round 0] epoch=6/80 loss=1.6470 acc=40.80 val_acc=nan data_t=0.0144s batch_t=0.0806s epoch_t=00:00.38 lr=0.000986 | GPU MB alloc/reserved=190.1/996.0
2026-04-11 15:48:58 | INFO | [Round 0] Epoch 6/80 time=00:00.38 avg=00:00.53 ETA=00:39.05 | GPU MB alloc/reserved=190.1/996.0
2026-04-11 15:48:58 | INFO | [Round 0] epoch=7/80 loss=1.5601 acc=43.00 val_acc=nan data_t=0.0066s batch_t=0.0848s epoch_t=00:00.37 lr=0.000981 | GPU MB alloc/reserved=190.1/996.0
2026-04-11 15:48:58 | INFO | [Round 0] Epoch 7/80 time=00:00.37 avg=00:00.50 ETA=00:36.84 | GPU MB alloc/reserved=190.1/996.0
2026-04-11 15:48:58 | INFO | [Round 0] epoch=8/80 loss=1.5246 acc=44.80 val_acc=nan data_t=0.0097s batch_t=0.0833s epoch_t=00:00.37 lr=0.000976 | GPU MB alloc/reserved=190.1/996.0
2026-04-11 15:48:58 | INFO | [Round 0] Epoch 8/80 time=00:00.37 avg=00:00.49 ETA=00:35.14 | GPU MB alloc/reserved=190.1/996.0
2026-04-11 15:48:59 | INFO | [Round 0] epoch=9/80 loss=1.4337 acc=46.60 val_acc=nan data_t=0.0129s batch_t=0.0803s epoch_t=00:00.37 lr=0.000969 | GPU MB alloc/reserved=190.1/996.0
2026-04-11 15:48:59 | INFO | [Round 0] Epoch 9/80 time=00:00.37 avg=00:00.48 ETA=00:33.74 | GPU MB alloc/reserved=190.1/996.0
2026-04-11 15:48:59 | INFO | [Round 0] epoch=10/80 loss=1.3230 acc=51.20 val_acc=nan data_t=0.0064s batch_t=0.0858s epoch_t=00:00.37 lr=0.000962 | GPU MB alloc/reserved=190.1/996.0
2026-04-11 15:48:59 | INFO | [Round 0] Epoch 10/80 time=00:00.37 avg=00:00.46 ETA=00:32.52 | GPU MB alloc/reserved=190.1/996.0
2026-04-11 15:49:00 | INFO | [Round 0] epoch=11/80 loss=1.2940 acc=51.80 val_acc=nan data_t=0.0064s batch_t=0.0887s epoch_t=00:00.38 lr=0.000955 | GPU MB alloc/reserved=190.1/996.0
2026-04-11 15:49:00 | INFO | [Round 0] Epoch 11/80 time=00:00.38 avg=00:00.46 ETA=00:31.53 | GPU MB alloc/reserved=190.1/996.0
2026-04-11 15:49:00 | INFO | [Round 0] epoch=12/80 loss=1.3181 acc=50.60 val_acc=nan data_t=0.0098s batch_t=0.0893s epoch_t=00:00.40 lr=0.000946 | GPU MB alloc/reserved=190.1/996.0
2026-04-11 15:49:00 | INFO | [Round 0] Epoch 12/80 time=00:00.40 avg=00:00.45 ETA=00:30.73 | GPU MB alloc/reserved=190.1/996.0
2026-04-11 15:49:00 | INFO | [Round 0] epoch=13/80 loss=1.2055 acc=54.40 val_acc=nan data_t=0.0128s batch_t=0.0897s epoch_t=00:00.41 lr=0.000937 | GPU MB alloc/reserved=190.1/996.0
2026-04-11 15:49:00 | INFO | [Round 0] Epoch 13/80 time=00:00.41 avg=00:00.45 ETA=00:30.06 | GPU MB alloc/reserved=190.1/996.0
2026-04-11 15:49:01 | INFO | [Round 0] epoch=14/80 loss=1.1552 acc=56.60 val_acc=nan data_t=0.0127s batch_t=0.0695s epoch_t=00:00.33 lr=0.000927 | GPU MB alloc/reserved=190.1/996.0
2026-04-11 15:49:01 | INFO | [Round 0] Epoch 14/80 time=00:00.33 avg=00:00.44 ETA=00:29.05 | GPU MB alloc/reserved=190.1/996.0
2026-04-11 15:49:01 | INFO | [Round 0] epoch=15/80 loss=1.0921 acc=58.20 val_acc=nan data_t=0.0095s batch_t=0.0843s epoch_t=00:00.38 lr=0.000917 | GPU MB alloc/reserved=190.1/996.0
2026-04-11 15:49:01 | INFO | [Round 0] Epoch 15/80 time=00:00.38 avg=00:00.44 ETA=00:28.33 | GPU MB alloc/reserved=190.1/996.0
2026-04-11 15:49:02 | INFO | [Round 0] epoch=16/80 loss=1.0105 acc=62.40 val_acc=nan data_t=0.0129s batch_t=0.0987s epoch_t=00:00.45 lr=0.000905 | GPU MB alloc/reserved=190.1/996.0
2026-04-11 15:49:02 | INFO | [Round 0] Epoch 16/80 time=00:00.45 avg=00:00.44 ETA=00:27.94 | GPU MB alloc/reserved=190.1/996.0
2026-04-11 15:49:02 | INFO | [Round 0] epoch=17/80 loss=0.9583 acc=66.60 val_acc=nan data_t=0.0190s batch_t=0.0934s epoch_t=00:00.45 lr=0.000894 | GPU MB alloc/reserved=190.1/996.0
2026-04-11 15:49:02 | INFO | [Round 0] Epoch 17/80 time=00:00.45 avg=00:00.44 ETA=00:27.55 | GPU MB alloc/reserved=190.1/996.0
2026-04-11 15:49:02 | INFO | [Round 0] epoch=18/80 loss=0.9681 acc=63.60 val_acc=nan data_t=0.0183s batch_t=0.0982s epoch_t=00:00.47 lr=0.000881 | GPU MB alloc/reserved=190.1/996.0
2026-04-11 15:49:02 | INFO | [Round 0] Epoch 18/80 time=00:00.47 avg=00:00.44 ETA=00:27.21 | GPU MB alloc/reserved=190.1/996.0
2026-04-11 15:49:03 | INFO | [Round 0] epoch=19/80 loss=0.8922 acc=66.80 val_acc=nan data_t=0.0086s batch_t=0.0972s epoch_t=00:00.42 lr=0.000868 | GPU MB alloc/reserved=190.1/996.0
2026-04-11 15:49:03 | INFO | [Round 0] Epoch 19/80 time=00:00.42 avg=00:00.44 ETA=00:26.72 | GPU MB alloc/reserved=190.1/996.0
2026-04-11 15:49:03 | INFO | [Round 0] epoch=20/80 loss=0.9042 acc=68.20 val_acc=nan data_t=0.0131s batch_t=0.0829s epoch_t=00:00.38 lr=0.000855 | GPU MB alloc/reserved=190.1/996.0
2026-04-11 15:49:03 | INFO | [Round 0] Epoch 20/80 time=00:00.38 avg=00:00.44 ETA=00:26.13 | GPU MB alloc/reserved=190.1/996.0
2026-04-11 15:49:04 | INFO | [Round 0] epoch=21/80 loss=0.8230 acc=70.20 val_acc=nan data_t=0.0096s batch_t=0.1022s epoch_t=00:00.45 lr=0.000841 | GPU MB alloc/reserved=190.1/996.0
2026-04-11 15:49:04 | INFO | [Round 0] Epoch 21/80 time=00:00.45 avg=00:00.44 ETA=00:25.72 | GPU MB alloc/reserved=190.1/996.0
2026-04-11 15:49:04 | INFO | [Round 0] epoch=22/80 loss=0.7494 acc=71.00 val_acc=nan data_t=0.0064s batch_t=0.0946s epoch_t=00:00.40 lr=0.000826 | GPU MB alloc/reserved=190.1/996.0
2026-04-11 15:49:04 | INFO | [Round 0] Epoch 22/80 time=00:00.40 avg=00:00.43 ETA=00:25.20 | GPU MB alloc/reserved=190.1/996.0
2026-04-11 15:49:05 | INFO | [Round 0] epoch=23/80 loss=0.7324 acc=72.80 val_acc=nan data_t=0.0104s batch_t=0.0973s epoch_t=00:00.43 lr=0.000811 | GPU MB alloc/reserved=190.1/996.0
2026-04-11 15:49:05 | INFO | [Round 0] Epoch 23/80 time=00:00.43 avg=00:00.43 ETA=00:24.76 | GPU MB alloc/reserved=190.1/996.0
2026-04-11 15:49:05 | INFO | [Round 0] epoch=24/80 loss=0.6341 acc=77.80 val_acc=nan data_t=0.0060s batch_t=0.0969s epoch_t=00:00.41 lr=0.000796 | GPU MB alloc/reserved=190.1/996.0
2026-04-11 15:49:05 | INFO | [Round 0] Epoch 24/80 time=00:00.41 avg=00:00.43 ETA=00:24.27 | GPU MB alloc/reserved=190.1/996.0
2026-04-11 15:49:05 | INFO | [Round 0] epoch=25/80 loss=0.5950 acc=78.80 val_acc=nan data_t=0.0063s batch_t=0.0967s epoch_t=00:00.41 lr=0.000780 | GPU MB alloc/reserved=190.1/996.0
2026-04-11 15:49:05 | INFO | [Round 0] Epoch 25/80 time=00:00.41 avg=00:00.43 ETA=00:23.79 | GPU MB alloc/reserved=190.1/996.0
2026-04-11 15:49:06 | INFO | [Round 0] epoch=26/80 loss=0.5580 acc=80.00 val_acc=nan data_t=0.0092s batch_t=0.0973s epoch_t=00:00.43 lr=0.000764 | GPU MB alloc/reserved=190.1/996.0
2026-04-11 15:49:06 | INFO | [Round 0] Epoch 26/80 time=00:00.43 avg=00:00.43 ETA=00:23.35 | GPU MB alloc/reserved=190.1/996.0
2026-04-11 15:49:06 | INFO | [Round 0] epoch=27/80 loss=0.4671 acc=83.20 val_acc=nan data_t=0.0098s batch_t=0.0967s epoch_t=00:00.43 lr=0.000747 | GPU MB alloc/reserved=190.1/996.0
2026-04-11 15:49:06 | INFO | [Round 0] Epoch 27/80 time=00:00.43 avg=00:00.43 ETA=00:22.90 | GPU MB alloc/reserved=190.1/996.0
2026-04-11 15:49:07 | INFO | [Round 0] epoch=28/80 loss=0.3969 acc=86.80 val_acc=nan data_t=0.0064s batch_t=0.1052s epoch_t=00:00.45 lr=0.000730 | GPU MB alloc/reserved=190.1/996.0
2026-04-11 15:49:07 | INFO | [Round 0] Epoch 28/80 time=00:00.45 avg=00:00.43 ETA=00:22.50 | GPU MB alloc/reserved=190.1/996.0
2026-04-11 15:49:07 | INFO | [Round 0] epoch=29/80 loss=0.4107 acc=85.00 val_acc=nan data_t=0.0125s batch_t=0.0978s epoch_t=00:00.44 lr=0.000712 | GPU MB alloc/reserved=190.1/996.0
2026-04-11 15:49:07 | INFO | [Round 0] Epoch 29/80 time=00:00.44 avg=00:00.43 ETA=00:22.08 | GPU MB alloc/reserved=190.1/996.0
2026-04-11 15:49:08 | INFO | [Round 0] epoch=30/80 loss=0.3816 acc=84.40 val_acc=nan data_t=0.0071s batch_t=0.0987s epoch_t=00:00.42 lr=0.000694 | GPU MB alloc/reserved=190.1/996.0
2026-04-11 15:49:08 | INFO | [Round 0] Epoch 30/80 time=00:00.42 avg=00:00.43 ETA=00:21.63 | GPU MB alloc/reserved=190.1/996.0
2026-04-11 15:49:08 | INFO | [Round 0] epoch=31/80 loss=0.4053 acc=86.00 val_acc=nan data_t=0.0098s batch_t=0.0965s epoch_t=00:00.43 lr=0.000676 | GPU MB alloc/reserved=190.1/996.0
2026-04-11 15:49:08 | INFO | [Round 0] Epoch 31/80 time=00:00.43 avg=00:00.43 ETA=00:21.19 | GPU MB alloc/reserved=190.1/996.0
2026-04-11 15:49:08 | INFO | [Round 0] epoch=32/80 loss=0.4241 acc=84.40 val_acc=nan data_t=0.0099s batch_t=0.0983s epoch_t=00:00.43 lr=0.000658 | GPU MB alloc/reserved=190.1/996.0
2026-04-11 15:49:08 | INFO | [Round 0] Epoch 32/80 time=00:00.43 avg=00:00.43 ETA=00:20.76 | GPU MB alloc/reserved=190.1/996.0
2026-04-11 15:49:09 | INFO | [Round 0] epoch=33/80 loss=0.3322 acc=89.80 val_acc=nan data_t=0.0100s batch_t=0.0897s epoch_t=00:00.40 lr=0.000639 | GPU MB alloc/reserved=190.1/996.0
2026-04-11 15:49:09 | INFO | [Round 0] Epoch 33/80 time=00:00.40 avg=00:00.43 ETA=00:20.28 | GPU MB alloc/reserved=190.1/996.0
2026-04-11 15:49:09 | INFO | [Round 0] epoch=34/80 loss=0.2586 acc=91.40 val_acc=nan data_t=0.0122s batch_t=0.0584s epoch_t=00:00.28 lr=0.000621 | GPU MB alloc/reserved=190.1/996.0
2026-04-11 15:49:09 | INFO | [Round 0] Epoch 34/80 time=00:00.28 avg=00:00.43 ETA=00:19.64 | GPU MB alloc/reserved=190.1/996.0
2026-04-11 15:49:09 | INFO | [Round 0] epoch=35/80 loss=0.2878 acc=90.20 val_acc=nan data_t=0.0099s batch_t=0.0523s epoch_t=00:00.25 lr=0.000602 | GPU MB alloc/reserved=190.1/996.0
2026-04-11 15:49:09 | INFO | [Round 0] Epoch 35/80 time=00:00.25 avg=00:00.42 ETA=00:18.99 | GPU MB alloc/reserved=190.1/996.0
2026-04-11 15:49:10 | INFO | [Round 0] epoch=36/80 loss=0.2776 acc=89.20 val_acc=nan data_t=0.0067s batch_t=0.0536s epoch_t=00:00.24 lr=0.000582 | GPU MB alloc/reserved=190.1/996.0
2026-04-11 15:49:10 | INFO | [Round 0] Epoch 36/80 time=00:00.24 avg=00:00.42 ETA=00:18.35 | GPU MB alloc/reserved=190.1/996.0
2026-04-11 15:49:10 | INFO | [Round 0] epoch=37/80 loss=0.2198 acc=93.00 val_acc=nan data_t=0.0086s batch_t=0.0845s epoch_t=00:00.37 lr=0.000563 | GPU MB alloc/reserved=190.1/996.0
2026-04-11 15:49:10 | INFO | [Round 0] Epoch 37/80 time=00:00.37 avg=00:00.42 ETA=00:17.88 | GPU MB alloc/reserved=190.1/996.0
2026-04-11 15:49:10 | INFO | [Round 0] epoch=38/80 loss=0.2133 acc=92.80 val_acc=nan data_t=0.0096s batch_t=0.0619s epoch_t=00:00.29 lr=0.000544 | GPU MB alloc/reserved=190.1/996.0
2026-04-11 15:49:10 | INFO | [Round 0] Epoch 38/80 time=00:00.29 avg=00:00.41 ETA=00:17.32 | GPU MB alloc/reserved=190.1/996.0
2026-04-11 15:49:11 | INFO | [Round 0] epoch=39/80 loss=0.1527 acc=96.20 val_acc=nan data_t=0.0147s batch_t=0.0577s epoch_t=00:00.29 lr=0.000524 | GPU MB alloc/reserved=190.1/996.0
2026-04-11 15:49:11 | INFO | [Round 0] Epoch 39/80 time=00:00.29 avg=00:00.41 ETA=00:16.78 | GPU MB alloc/reserved=190.1/996.0
2026-04-11 15:49:11 | INFO | [Round 0] epoch=40/80 loss=0.1432 acc=96.60 val_acc=nan data_t=0.0069s batch_t=0.0585s epoch_t=00:00.26 lr=0.000505 | GPU MB alloc/reserved=190.1/996.0
2026-04-11 15:49:11 | INFO | [Round 0] Epoch 40/80 time=00:00.26 avg=00:00.41 ETA=00:16.22 | GPU MB alloc/reserved=190.1/996.0
2026-04-11 15:49:11 | INFO | [Round 0] epoch=41/80 loss=0.1426 acc=96.00 val_acc=nan data_t=0.0094s batch_t=0.0748s epoch_t=00:00.34 lr=0.000486 | GPU MB alloc/reserved=190.1/996.0
2026-04-11 15:49:11 | INFO | [Round 0] Epoch 41/80 time=00:00.34 avg=00:00.40 ETA=00:15.75 | GPU MB alloc/reserved=190.1/996.0
2026-04-11 15:49:12 | INFO | [Round 0] epoch=42/80 loss=0.0921 acc=97.60 val_acc=nan data_t=0.0071s batch_t=0.0818s epoch_t=00:00.36 lr=0.000466 | GPU MB alloc/reserved=190.1/996.0
2026-04-11 15:49:12 | INFO | [Round 0] Epoch 42/80 time=00:00.36 avg=00:00.40 ETA=00:15.30 | GPU MB alloc/reserved=190.1/996.0
2026-04-11 15:49:12 | INFO | [Round 0] epoch=43/80 loss=0.1095 acc=96.40 val_acc=nan data_t=0.0100s batch_t=0.0878s epoch_t=00:00.39 lr=0.000447 | GPU MB alloc/reserved=190.1/996.0
2026-04-11 15:49:12 | INFO | [Round 0] Epoch 43/80 time=00:00.39 avg=00:00.40 ETA=00:14.89 | GPU MB alloc/reserved=190.1/996.0
2026-04-11 15:49:12 | INFO | [Round 0] epoch=44/80 loss=0.0815 acc=98.00 val_acc=nan data_t=0.0107s batch_t=0.0854s epoch_t=00:00.38 lr=0.000428 | GPU MB alloc/reserved=190.1/996.0
2026-04-11 15:49:12 | INFO | [Round 0] Epoch 44/80 time=00:00.38 avg=00:00.40 ETA=00:14.47 | GPU MB alloc/reserved=190.1/996.0
2026-04-11 15:49:13 | INFO | [Round 0] epoch=45/80 loss=0.1194 acc=96.40 val_acc=nan data_t=0.0062s batch_t=0.0813s epoch_t=00:00.35 lr=0.000408 | GPU MB alloc/reserved=190.1/996.0
2026-04-11 15:49:13 | INFO | [Round 0] Epoch 45/80 time=00:00.35 avg=00:00.40 ETA=00:14.03 | GPU MB alloc/reserved=190.1/996.0
2026-04-11 15:49:13 | INFO | [Round 0] epoch=46/80 loss=0.0927 acc=97.40 val_acc=nan data_t=0.0082s batch_t=0.0808s epoch_t=00:00.36 lr=0.000389 | GPU MB alloc/reserved=190.1/996.0
2026-04-11 15:49:13 | INFO | [Round 0] Epoch 46/80 time=00:00.36 avg=00:00.40 ETA=00:13.60 | GPU MB alloc/reserved=190.1/996.0
2026-04-11 15:49:13 | INFO | [Round 0] epoch=47/80 loss=0.0637 acc=98.60 val_acc=nan data_t=0.0094s batch_t=0.0885s epoch_t=00:00.39 lr=0.000371 | GPU MB alloc/reserved=190.1/996.0
2026-04-11 15:49:13 | INFO | [Round 0] Epoch 47/80 time=00:00.39 avg=00:00.40 ETA=00:13.19 | GPU MB alloc/reserved=190.1/996.0
2026-04-11 15:49:14 | INFO | [Round 0] epoch=48/80 loss=0.0632 acc=98.80 val_acc=nan data_t=0.0126s batch_t=0.0998s epoch_t=00:00.45 lr=0.000352 | GPU MB alloc/reserved=190.1/996.0
2026-04-11 15:49:14 | INFO | [Round 0] Epoch 48/80 time=00:00.45 avg=00:00.40 ETA=00:12.82 | GPU MB alloc/reserved=190.1/996.0
2026-04-11 15:49:14 | INFO | [Round 0] epoch=49/80 loss=0.0521 acc=98.80 val_acc=nan data_t=0.0070s batch_t=0.0933s epoch_t=00:00.40 lr=0.000334 | GPU MB alloc/reserved=190.1/996.0
2026-04-11 15:49:14 | INFO | [Round 0] Epoch 49/80 time=00:00.40 avg=00:00.40 ETA=00:12.42 | GPU MB alloc/reserved=190.1/996.0
2026-04-11 15:49:15 | INFO | [Round 0] epoch=50/80 loss=0.0336 acc=99.40 val_acc=nan data_t=0.0064s batch_t=0.0863s epoch_t=00:00.37 lr=0.000316 | GPU MB alloc/reserved=190.1/996.0
2026-04-11 15:49:15 | INFO | [Round 0] Epoch 50/80 time=00:00.37 avg=00:00.40 ETA=00:12.01 | GPU MB alloc/reserved=190.1/996.0
2026-04-11 15:49:15 | INFO | [Round 0] epoch=51/80 loss=0.0496 acc=99.40 val_acc=nan data_t=0.0069s batch_t=0.0843s epoch_t=00:00.36 lr=0.000298 | GPU MB alloc/reserved=190.1/996.0
2026-04-11 15:49:15 | INFO | [Round 0] Epoch 51/80 time=00:00.36 avg=00:00.40 ETA=00:11.59 | GPU MB alloc/reserved=190.1/996.0
2026-04-11 15:49:15 | INFO | [Round 0] epoch=52/80 loss=0.0331 acc=99.40 val_acc=nan data_t=0.0064s batch_t=0.0863s epoch_t=00:00.37 lr=0.000280 | GPU MB alloc/reserved=190.1/996.0
2026-04-11 15:49:15 | INFO | [Round 0] Epoch 52/80 time=00:00.37 avg=00:00.40 ETA=00:11.17 | GPU MB alloc/reserved=190.1/996.0
2026-04-11 15:49:16 | INFO | [Round 0] epoch=53/80 loss=0.0354 acc=99.20 val_acc=nan data_t=0.0126s batch_t=0.0828s epoch_t=00:00.38 lr=0.000263 | GPU MB alloc/reserved=190.1/996.0
2026-04-11 15:49:16 | INFO | [Round 0] Epoch 53/80 time=00:00.38 avg=00:00.40 ETA=00:10.76 | GPU MB alloc/reserved=190.1/996.0
2026-04-11 15:49:16 | INFO | [Round 0] epoch=54/80 loss=0.0248 acc=99.80 val_acc=nan data_t=0.0066s batch_t=0.0882s epoch_t=00:00.38 lr=0.000246 | GPU MB alloc/reserved=190.1/996.0
2026-04-11 15:49:16 | INFO | [Round 0] Epoch 54/80 time=00:00.38 avg=00:00.40 ETA=00:10.36 | GPU MB alloc/reserved=190.1/996.0
2026-04-11 15:49:17 | INFO | [Round 0] epoch=55/80 loss=0.0315 acc=99.40 val_acc=nan data_t=0.0145s batch_t=0.0891s epoch_t=00:00.42 lr=0.000230 | GPU MB alloc/reserved=190.1/996.0
2026-04-11 15:49:17 | INFO | [Round 0] Epoch 55/80 time=00:00.42 avg=00:00.40 ETA=00:09.96 | GPU MB alloc/reserved=190.1/996.0
2026-04-11 15:49:17 | INFO | [Round 0] epoch=56/80 loss=0.0289 acc=99.60 val_acc=nan data_t=0.0140s batch_t=0.0901s epoch_t=00:00.42 lr=0.000214 | GPU MB alloc/reserved=190.1/996.0
2026-04-11 15:49:17 | INFO | [Round 0] Epoch 56/80 time=00:00.42 avg=00:00.40 ETA=00:09.57 | GPU MB alloc/reserved=190.1/996.0
2026-04-11 15:49:17 | INFO | [Round 0] epoch=57/80 loss=0.0158 acc=100.00 val_acc=nan data_t=0.0056s batch_t=0.0853s epoch_t=00:00.36 lr=0.000199 | GPU MB alloc/reserved=190.1/996.0
2026-04-11 15:49:17 | INFO | [Round 0] Epoch 57/80 time=00:00.36 avg=00:00.40 ETA=00:09.16 | GPU MB alloc/reserved=190.1/996.0
2026-04-11 15:49:18 | INFO | [Round 0] epoch=58/80 loss=0.0160 acc=100.00 val_acc=nan data_t=0.0121s batch_t=0.0845s epoch_t=00:00.39 lr=0.000184 | GPU MB alloc/reserved=190.1/996.0
2026-04-11 15:49:18 | INFO | [Round 0] Epoch 58/80 time=00:00.39 avg=00:00.40 ETA=00:08.76 | GPU MB alloc/reserved=190.1/996.0
2026-04-11 15:49:18 | INFO | [Round 0] epoch=59/80 loss=0.0202 acc=99.80 val_acc=nan data_t=0.0122s batch_t=0.0569s epoch_t=00:00.28 lr=0.000169 | GPU MB alloc/reserved=190.1/996.0
2026-04-11 15:49:18 | INFO | [Round 0] Epoch 59/80 time=00:00.28 avg=00:00.40 ETA=00:08.32 | GPU MB alloc/reserved=190.1/996.0
2026-04-11 15:49:18 | INFO | [Round 0] epoch=60/80 loss=0.0123 acc=100.00 val_acc=nan data_t=0.0095s batch_t=0.0745s epoch_t=00:00.34 lr=0.000155 | GPU MB alloc/reserved=190.1/996.0
2026-04-11 15:49:18 | INFO | [Round 0] Epoch 60/80 time=00:00.34 avg=00:00.40 ETA=00:07.90 | GPU MB alloc/reserved=190.1/996.0
2026-04-11 15:49:19 | INFO | [Round 0] epoch=61/80 loss=0.0116 acc=100.00 val_acc=nan data_t=0.0061s batch_t=0.0849s epoch_t=00:00.36 lr=0.000142 | GPU MB alloc/reserved=190.1/996.0
2026-04-11 15:49:19 | INFO | [Round 0] Epoch 61/80 time=00:00.36 avg=00:00.39 ETA=00:07.50 | GPU MB alloc/reserved=190.1/996.0
2026-04-11 15:49:19 | INFO | [Round 0] epoch=62/80 loss=0.0124 acc=99.80 val_acc=nan data_t=0.0103s batch_t=0.1031s epoch_t=00:00.45 lr=0.000129 | GPU MB alloc/reserved=190.1/996.0
2026-04-11 15:49:19 | INFO | [Round 0] Epoch 62/80 time=00:00.45 avg=00:00.40 ETA=00:07.12 | GPU MB alloc/reserved=190.1/996.0
2026-04-11 15:49:20 | INFO | [Round 0] epoch=63/80 loss=0.0091 acc=100.00 val_acc=nan data_t=0.0103s batch_t=0.0979s epoch_t=00:00.43 lr=0.000116 | GPU MB alloc/reserved=190.1/996.0
2026-04-11 15:49:20 | INFO | [Round 0] Epoch 63/80 time=00:00.43 avg=00:00.40 ETA=00:06.73 | GPU MB alloc/reserved=190.1/996.0
2026-04-11 15:49:20 | INFO | [Round 0] epoch=64/80 loss=0.0097 acc=99.80 val_acc=nan data_t=0.0137s batch_t=0.1023s epoch_t=00:00.46 lr=0.000105 | GPU MB alloc/reserved=190.1/996.0
2026-04-11 15:49:20 | INFO | [Round 0] Epoch 64/80 time=00:00.46 avg=00:00.40 ETA=00:06.35 | GPU MB alloc/reserved=190.1/996.0
2026-04-11 15:49:21 | INFO | [Round 0] epoch=65/80 loss=0.0117 acc=100.00 val_acc=nan data_t=0.0129s batch_t=0.0949s epoch_t=00:00.43 lr=0.000093 | GPU MB alloc/reserved=190.1/996.0
2026-04-11 15:49:21 | INFO | [Round 0] Epoch 65/80 time=00:00.43 avg=00:00.40 ETA=00:05.97 | GPU MB alloc/reserved=190.1/996.0
2026-04-11 15:49:21 | INFO | [Round 0] epoch=66/80 loss=0.0157 acc=99.60 val_acc=nan data_t=0.0109s batch_t=0.0876s epoch_t=00:00.39 lr=0.000083 | GPU MB alloc/reserved=190.1/996.0
2026-04-11 15:49:21 | INFO | [Round 0] Epoch 66/80 time=00:00.39 avg=00:00.40 ETA=00:05.57 | GPU MB alloc/reserved=190.1/996.0
2026-04-11 15:49:21 | INFO | [Round 0] epoch=67/80 loss=0.0106 acc=100.00 val_acc=nan data_t=0.0081s batch_t=0.0958s epoch_t=00:00.42 lr=0.000073 | GPU MB alloc/reserved=190.1/996.0
2026-04-11 15:49:21 | INFO | [Round 0] Epoch 67/80 time=00:00.42 avg=00:00.40 ETA=00:05.17 | GPU MB alloc/reserved=190.1/996.0
2026-04-11 15:49:22 | INFO | [Round 0] epoch=68/80 loss=0.0089 acc=100.00 val_acc=nan data_t=0.0122s batch_t=0.0980s epoch_t=00:00.44 lr=0.000064 | GPU MB alloc/reserved=190.1/996.0
2026-04-11 15:49:22 | INFO | [Round 0] Epoch 68/80 time=00:00.44 avg=00:00.40 ETA=00:04.78 | GPU MB alloc/reserved=190.1/996.0
2026-04-11 15:49:22 | INFO | [Round 0] epoch=69/80 loss=0.0108 acc=100.00 val_acc=nan data_t=0.0071s batch_t=0.1022s epoch_t=00:00.44 lr=0.000055 | GPU MB alloc/reserved=190.1/996.0
2026-04-11 15:49:22 | INFO | [Round 0] Epoch 69/80 time=00:00.44 avg=00:00.40 ETA=00:04.39 | GPU MB alloc/reserved=190.1/996.0
2026-04-11 15:49:23 | INFO | [Round 0] epoch=70/80 loss=0.0080 acc=100.00 val_acc=nan data_t=0.0125s batch_t=0.0941s epoch_t=00:00.43 lr=0.000048 | GPU MB alloc/reserved=190.1/996.0
2026-04-11 15:49:23 | INFO | [Round 0] Epoch 70/80 time=00:00.43 avg=00:00.40 ETA=00:03.99 | GPU MB alloc/reserved=190.1/996.0
2026-04-11 15:49:23 | INFO | [Round 0] epoch=71/80 loss=0.0090 acc=100.00 val_acc=nan data_t=0.0063s batch_t=0.0973s epoch_t=00:00.41 lr=0.000041 | GPU MB alloc/reserved=190.1/996.0
2026-04-11 15:49:23 | INFO | [Round 0] Epoch 71/80 time=00:00.41 avg=00:00.40 ETA=00:03.60 | GPU MB alloc/reserved=190.1/996.0
2026-04-11 15:49:23 | INFO | [Round 0] epoch=72/80 loss=0.0114 acc=100.00 val_acc=nan data_t=0.0061s batch_t=0.0978s epoch_t=00:00.42 lr=0.000034 | GPU MB alloc/reserved=190.1/996.0
2026-04-11 15:49:23 | INFO | [Round 0] Epoch 72/80 time=00:00.42 avg=00:00.40 ETA=00:03.20 | GPU MB alloc/reserved=190.1/996.0
2026-04-11 15:49:24 | INFO | [Round 0] epoch=73/80 loss=0.0079 acc=100.00 val_acc=nan data_t=0.0067s batch_t=0.0986s epoch_t=00:00.42 lr=0.000029 | GPU MB alloc/reserved=190.1/996.0
2026-04-11 15:49:24 | INFO | [Round 0] Epoch 73/80 time=00:00.42 avg=00:00.40 ETA=00:02.80 | GPU MB alloc/reserved=190.1/996.0
2026-04-11 15:49:24 | INFO | [Round 0] epoch=74/80 loss=0.0079 acc=100.00 val_acc=nan data_t=0.0089s batch_t=0.1024s epoch_t=00:00.45 lr=0.000024 | GPU MB alloc/reserved=190.1/996.0
2026-04-11 15:49:24 | INFO | [Round 0] Epoch 74/80 time=00:00.45 avg=00:00.40 ETA=00:02.41 | GPU MB alloc/reserved=190.1/996.0
2026-04-11 15:49:25 | INFO | [Round 0] epoch=75/80 loss=0.0084 acc=100.00 val_acc=nan data_t=0.0062s batch_t=0.0945s epoch_t=00:00.40 lr=0.000020 | GPU MB alloc/reserved=190.1/996.0
2026-04-11 15:49:25 | INFO | [Round 0] Epoch 75/80 time=00:00.40 avg=00:00.40 ETA=00:02.00 | GPU MB alloc/reserved=190.1/996.0
2026-04-11 15:49:25 | INFO | [Round 0] epoch=76/80 loss=0.0070 acc=100.00 val_acc=nan data_t=0.0120s batch_t=0.0971s epoch_t=00:00.44 lr=0.000016 | GPU MB alloc/reserved=190.1/996.0
2026-04-11 15:49:25 | INFO | [Round 0] Epoch 76/80 time=00:00.44 avg=00:00.40 ETA=00:01.61 | GPU MB alloc/reserved=190.1/996.0
2026-04-11 15:49:26 | INFO | [Round 0] epoch=77/80 loss=0.0083 acc=100.00 val_acc=nan data_t=0.0123s batch_t=0.0952s epoch_t=00:00.43 lr=0.000013 | GPU MB alloc/reserved=190.1/996.0
2026-04-11 15:49:26 | INFO | [Round 0] Epoch 77/80 time=00:00.43 avg=00:00.40 ETA=00:01.21 | GPU MB alloc/reserved=190.1/996.0
2026-04-11 15:49:26 | INFO | [Round 0] epoch=78/80 loss=0.0090 acc=100.00 val_acc=nan data_t=0.0104s batch_t=0.0964s epoch_t=00:00.43 lr=0.000012 | GPU MB alloc/reserved=190.1/996.0
2026-04-11 15:49:26 | INFO | [Round 0] Epoch 78/80 time=00:00.43 avg=00:00.40 ETA=00:00.80 | GPU MB alloc/reserved=190.1/996.0
2026-04-11 15:49:26 | INFO | [Round 0] epoch=79/80 loss=0.0065 acc=100.00 val_acc=nan data_t=0.0097s batch_t=0.0987s epoch_t=00:00.43 lr=0.000010 | GPU MB alloc/reserved=190.1/996.0
2026-04-11 15:49:26 | INFO | [Round 0] Epoch 79/80 time=00:00.43 avg=00:00.40 ETA=00:00.40 | GPU MB alloc/reserved=190.1/996.0
2026-04-11 15:49:27 | INFO | [Round 0] epoch=80/80 loss=0.0090 acc=100.00 val_acc=nan data_t=0.0066s batch_t=0.0623s epoch_t=00:00.28 lr=0.000010 | GPU MB alloc/reserved=190.1/996.0
2026-04-11 15:49:27 | INFO | [Round 0] Epoch 80/80 time=00:00.28 avg=00:00.40 ETA=00:00.00 | GPU MB alloc/reserved=190.1/996.0
2026-04-11 15:49:27 | INFO | [Round 0] training complete in 00:32.32 (best monitor=100.000) | GPU MB alloc/reserved=190.1/996.0
2026-04-11 15:49:27 | INFO | [Round 0] evaluation started | GPU MB alloc/reserved=103.4/996.0
2026-04-11 15:49:35 | INFO | [Round 0] clean=41.55 fgsm=31.79 pgd=31.55 grad_disp_mean=nan grad_disp_sel=nan round_t=40.64s | GPU MB alloc/reserved=103.4/1882.0
2026-04-11 15:49:35 | INFO | [Round 1/21] elapsed=00:40.64 avg_round=00:40.64 projected_remaining=13:32.81 | GPU MB alloc/reserved=103.4/1882.0
2026-04-11 15:49:35 | INFO | [Round 1] acquisition on pool_size=49500 scored_pool=5000 budget=100 | GPU MB alloc/reserved=103.4/1882.0
2026-04-11 15:49:36 | INFO | [BADGE] scoring progress 10/20 elapsed=00:00.34 avg/batch=0.034s ETA=00:00.34 | GPU MB alloc/reserved=112.7/1882.0
2026-04-11 15:49:36 | INFO | [BADGE] scoring progress 20/20 elapsed=00:00.54 avg/batch=0.027s ETA=00:00.00 | GPU MB alloc/reserved=108.4/1882.0
2026-04-11 15:49:37 | INFO | [Round 1] labeled=600 train=600 val_fixed=0 | GPU MB alloc/reserved=147.0/1882.0
2026-04-11 15:49:37 | INFO | [Round 1] epoch=1/80 loss=2.4583 acc=17.67 val_acc=nan data_t=0.0330s batch_t=0.0923s epoch_t=00:00.63 lr=0.001000 | GPU MB alloc/reserved=277.6/1884.0
2026-04-11 15:49:37 | INFO | [Round 1] Epoch 1/80 time=00:00.63 avg=00:00.63 ETA=00:49.51 | GPU MB alloc/reserved=277.6/1884.0
2026-04-11 15:49:38 | INFO | [Round 1] epoch=2/80 loss=2.0652 acc=25.83 val_acc=nan data_t=0.0057s batch_t=0.0791s epoch_t=00:00.42 lr=0.000998 | GPU MB alloc/reserved=277.6/1884.0
2026-04-11 15:49:38 | INFO | [Round 1] Epoch 2/80 time=00:00.42 avg=00:00.53 ETA=00:40.99 | GPU MB alloc/reserved=277.6/1884.0
2026-04-11 15:49:38 | INFO | [Round 1] epoch=3/80 loss=1.9894 acc=27.00 val_acc=nan data_t=0.0094s batch_t=0.0834s epoch_t=00:00.46 lr=0.000997 | GPU MB alloc/reserved=277.6/1884.0
2026-04-11 15:49:38 | INFO | [Round 1] Epoch 3/80 time=00:00.46 avg=00:00.51 ETA=00:38.89 | GPU MB alloc/reserved=277.6/1884.0
2026-04-11 15:49:39 | INFO | [Round 1] epoch=4/80 loss=1.7897 acc=30.50 val_acc=nan data_t=0.0086s batch_t=0.0843s epoch_t=00:00.47 lr=0.000994 | GPU MB alloc/reserved=277.6/1884.0
2026-04-11 15:49:39 | INFO | [Round 1] Epoch 4/80 time=00:00.47 avg=00:00.50 ETA=00:37.63 | GPU MB alloc/reserved=277.6/1884.0
2026-04-11 15:49:39 | INFO | [Round 1] epoch=5/80 loss=1.7140 acc=36.50 val_acc=nan data_t=0.0076s batch_t=0.0842s epoch_t=00:00.46 lr=0.000990 | GPU MB alloc/reserved=277.6/1884.0
2026-04-11 15:49:39 | INFO | [Round 1] Epoch 5/80 time=00:00.46 avg=00:00.49 ETA=00:36.59 | GPU MB alloc/reserved=277.6/1884.0
2026-04-11 15:49:40 | INFO | [Round 1] epoch=6/80 loss=1.6998 acc=34.67 val_acc=nan data_t=0.0117s batch_t=0.0863s epoch_t=00:00.49 lr=0.000986 | GPU MB alloc/reserved=277.6/1884.0
2026-04-11 15:49:40 | INFO | [Round 1] Epoch 6/80 time=00:00.49 avg=00:00.49 ETA=00:36.14 | GPU MB alloc/reserved=277.6/1884.0
2026-04-11 15:49:40 | INFO | [Round 1] epoch=7/80 loss=1.6189 acc=37.83 val_acc=nan data_t=0.0077s batch_t=0.0852s epoch_t=00:00.46 lr=0.000981 | GPU MB alloc/reserved=277.6/1884.0
2026-04-11 15:49:40 | INFO | [Round 1] Epoch 7/80 time=00:00.46 avg=00:00.48 ETA=00:35.40 | GPU MB alloc/reserved=277.6/1884.0
2026-04-11 15:49:41 | INFO | [Round 1] epoch=8/80 loss=1.5534 acc=39.67 val_acc=nan data_t=0.0103s batch_t=0.0819s epoch_t=00:00.46 lr=0.000976 | GPU MB alloc/reserved=277.6/1884.0
2026-04-11 15:49:41 | INFO | [Round 1] Epoch 8/80 time=00:00.46 avg=00:00.48 ETA=00:34.70 | GPU MB alloc/reserved=277.6/1884.0
2026-04-11 15:49:41 | INFO | [Round 1] epoch=9/80 loss=1.4730 acc=43.83 val_acc=nan data_t=0.0074s batch_t=0.0824s epoch_t=00:00.45 lr=0.000969 | GPU MB alloc/reserved=277.6/1884.0
2026-04-11 15:49:41 | INFO | [Round 1] Epoch 9/80 time=00:00.45 avg=00:00.48 ETA=00:33.96 | GPU MB alloc/reserved=277.6/1884.0
2026-04-11 15:49:42 | INFO | [Round 1] epoch=10/80 loss=1.4241 acc=47.67 val_acc=nan data_t=0.0092s batch_t=0.0835s epoch_t=00:00.46 lr=0.000962 | GPU MB alloc/reserved=277.6/1884.0
2026-04-11 15:49:42 | INFO | [Round 1] Epoch 10/80 time=00:00.46 avg=00:00.48 ETA=00:33.38 | GPU MB alloc/reserved=277.6/1884.0
2026-04-11 15:49:42 | INFO | [Round 1] epoch=11/80 loss=1.3503 acc=46.83 val_acc=nan data_t=0.0060s batch_t=0.0829s epoch_t=00:00.44 lr=0.000955 | GPU MB alloc/reserved=277.6/1884.0
2026-04-11 15:49:42 | INFO | [Round 1] Epoch 11/80 time=00:00.44 avg=00:00.47 ETA=00:32.70 | GPU MB alloc/reserved=277.6/1884.0
2026-04-11 15:49:43 | INFO | [Round 1] epoch=12/80 loss=1.2824 acc=54.00 val_acc=nan data_t=0.0077s batch_t=0.0804s epoch_t=00:00.44 lr=0.000946 | GPU MB alloc/reserved=277.6/1884.0
2026-04-11 15:49:43 | INFO | [Round 1] Epoch 12/80 time=00:00.44 avg=00:00.47 ETA=00:32.04 | GPU MB alloc/reserved=277.6/1884.0
2026-04-11 15:49:43 | INFO | [Round 1] epoch=13/80 loss=1.2893 acc=50.50 val_acc=nan data_t=0.0077s batch_t=0.0861s epoch_t=00:00.47 lr=0.000937 | GPU MB alloc/reserved=277.6/1884.0
2026-04-11 15:49:43 | INFO | [Round 1] Epoch 13/80 time=00:00.47 avg=00:00.47 ETA=00:31.56 | GPU MB alloc/reserved=277.6/1884.0
2026-04-11 15:49:43 | INFO | [Round 1] epoch=14/80 loss=1.2326 acc=55.83 val_acc=nan data_t=0.0075s batch_t=0.0870s epoch_t=00:00.47 lr=0.000927 | GPU MB alloc/reserved=277.6/1884.0
2026-04-11 15:49:43 | INFO | [Round 1] Epoch 14/80 time=00:00.47 avg=00:00.47 ETA=00:31.10 | GPU MB alloc/reserved=277.6/1884.0
2026-04-11 15:49:44 | INFO | [Round 1] epoch=15/80 loss=1.1391 acc=57.67 val_acc=nan data_t=0.0046s batch_t=0.0747s epoch_t=00:00.40 lr=0.000917 | GPU MB alloc/reserved=277.6/1884.0
2026-04-11 15:49:44 | INFO | [Round 1] Epoch 15/80 time=00:00.40 avg=00:00.47 ETA=00:30.30 | GPU MB alloc/reserved=277.6/1884.0
2026-04-11 15:49:44 | INFO | [Round 1] epoch=16/80 loss=1.0737 acc=60.83 val_acc=nan data_t=0.0068s batch_t=0.0814s epoch_t=00:00.44 lr=0.000905 | GPU MB alloc/reserved=277.6/1884.0
2026-04-11 15:49:44 | INFO | [Round 1] Epoch 16/80 time=00:00.44 avg=00:00.46 ETA=00:29.74 | GPU MB alloc/reserved=277.6/1884.0
2026-04-11 15:49:45 | INFO | [Round 1] epoch=17/80 loss=1.0168 acc=63.17 val_acc=nan data_t=0.0111s batch_t=0.0860s epoch_t=00:00.49 lr=0.000894 | GPU MB alloc/reserved=277.6/1884.0
2026-04-11 15:49:45 | INFO | [Round 1] Epoch 17/80 time=00:00.49 avg=00:00.47 ETA=00:29.35 | GPU MB alloc/reserved=277.6/1884.0
2026-04-11 15:49:45 | INFO | [Round 1] epoch=18/80 loss=1.0729 acc=59.00 val_acc=nan data_t=0.0048s batch_t=0.0833s epoch_t=00:00.44 lr=0.000881 | GPU MB alloc/reserved=277.6/1884.0
2026-04-11 15:49:45 | INFO | [Round 1] Epoch 18/80 time=00:00.44 avg=00:00.46 ETA=00:28.80 | GPU MB alloc/reserved=277.6/1884.0
2026-04-11 15:49:46 | INFO | [Round 1] epoch=19/80 loss=1.0892 acc=59.17 val_acc=nan data_t=0.0064s batch_t=0.0836s epoch_t=00:00.45 lr=0.000868 | GPU MB alloc/reserved=277.6/1884.0
2026-04-11 15:49:46 | INFO | [Round 1] Epoch 19/80 time=00:00.45 avg=00:00.46 ETA=00:28.29 | GPU MB alloc/reserved=277.6/1884.0
2026-04-11 15:49:46 | INFO | [Round 1] epoch=20/80 loss=0.9629 acc=65.33 val_acc=nan data_t=0.0122s batch_t=0.0801s epoch_t=00:00.46 lr=0.000855 | GPU MB alloc/reserved=277.6/1884.0
2026-04-11 15:49:46 | INFO | [Round 1] Epoch 20/80 time=00:00.46 avg=00:00.46 ETA=00:27.82 | GPU MB alloc/reserved=277.6/1884.0
2026-04-11 15:49:47 | INFO | [Round 1] epoch=21/80 loss=0.8684 acc=67.00 val_acc=nan data_t=0.0075s batch_t=0.0769s epoch_t=00:00.42 lr=0.000841 | GPU MB alloc/reserved=277.6/1884.0
2026-04-11 15:49:47 | INFO | [Round 1] Epoch 21/80 time=00:00.42 avg=00:00.46 ETA=00:27.24 | GPU MB alloc/reserved=277.6/1884.0
2026-04-11 15:49:47 | INFO | [Round 1] epoch=22/80 loss=0.8115 acc=69.17 val_acc=nan data_t=0.0108s batch_t=0.0817s epoch_t=00:00.46 lr=0.000826 | GPU MB alloc/reserved=277.6/1884.0
2026-04-11 15:49:47 | INFO | [Round 1] Epoch 22/80 time=00:00.46 avg=00:00.46 ETA=00:26.78 | GPU MB alloc/reserved=277.6/1884.0
2026-04-11 15:49:48 | INFO | [Round 1] epoch=23/80 loss=0.7255 acc=73.17 val_acc=nan data_t=0.0103s batch_t=0.0879s epoch_t=00:00.49 lr=0.000811 | GPU MB alloc/reserved=277.6/1884.0
2026-04-11 15:49:48 | INFO | [Round 1] Epoch 23/80 time=00:00.49 avg=00:00.46 ETA=00:26.39 | GPU MB alloc/reserved=277.6/1884.0
2026-04-11 15:49:48 | INFO | [Round 1] epoch=24/80 loss=0.6596 acc=75.33 val_acc=nan data_t=0.0082s batch_t=0.0621s epoch_t=00:00.35 lr=0.000796 | GPU MB alloc/reserved=277.6/1884.0
2026-04-11 15:49:48 | INFO | [Round 1] Epoch 24/80 time=00:00.35 avg=00:00.46 ETA=00:25.67 | GPU MB alloc/reserved=277.6/1884.0
2026-04-11 15:49:48 | INFO | [Round 1] epoch=25/80 loss=0.6358 acc=76.33 val_acc=nan data_t=0.0048s batch_t=0.0795s epoch_t=00:00.42 lr=0.000780 | GPU MB alloc/reserved=277.6/1884.0
2026-04-11 15:49:48 | INFO | [Round 1] Epoch 25/80 time=00:00.42 avg=00:00.46 ETA=00:25.13 | GPU MB alloc/reserved=277.6/1884.0
2026-04-11 15:49:49 | INFO | [Round 1] epoch=26/80 loss=0.6295 acc=77.50 val_acc=nan data_t=0.0083s batch_t=0.0955s epoch_t=00:00.52 lr=0.000764 | GPU MB alloc/reserved=277.6/1884.0
2026-04-11 15:49:49 | INFO | [Round 1] Epoch 26/80 time=00:00.52 avg=00:00.46 ETA=00:24.80 | GPU MB alloc/reserved=277.6/1884.0
2026-04-11 15:49:49 | INFO | [Round 1] epoch=27/80 loss=0.5304 acc=81.17 val_acc=nan data_t=0.0051s batch_t=0.0958s epoch_t=00:00.50 lr=0.000747 | GPU MB alloc/reserved=277.6/1884.0
2026-04-11 15:49:49 | INFO | [Round 1] Epoch 27/80 time=00:00.50 avg=00:00.46 ETA=00:24.43 | GPU MB alloc/reserved=277.6/1884.0
2026-04-11 15:49:50 | INFO | [Round 1] epoch=28/80 loss=0.4423 acc=84.17 val_acc=nan data_t=0.0074s batch_t=0.0957s epoch_t=00:00.52 lr=0.000730 | GPU MB alloc/reserved=277.6/1884.0
2026-04-11 15:49:50 | INFO | [Round 1] Epoch 28/80 time=00:00.52 avg=00:00.46 ETA=00:24.07 | GPU MB alloc/reserved=277.6/1884.0
2026-04-11 15:49:50 | INFO | [Round 1] epoch=29/80 loss=0.4278 acc=85.83 val_acc=nan data_t=0.0067s batch_t=0.0956s epoch_t=00:00.51 lr=0.000712 | GPU MB alloc/reserved=277.6/1884.0
2026-04-11 15:49:50 | INFO | [Round 1] Epoch 29/80 time=00:00.51 avg=00:00.46 ETA=00:23.70 | GPU MB alloc/reserved=277.6/1884.0
2026-04-11 15:49:51 | INFO | [Round 1] epoch=30/80 loss=0.4359 acc=85.33 val_acc=nan data_t=0.0050s batch_t=0.0854s epoch_t=00:00.45 lr=0.000694 | GPU MB alloc/reserved=277.6/1884.0
2026-04-11 15:49:51 | INFO | [Round 1] Epoch 30/80 time=00:00.45 avg=00:00.46 ETA=00:23.21 | GPU MB alloc/reserved=277.6/1884.0
2026-04-11 15:49:51 | INFO | [Round 1] epoch=31/80 loss=0.4151 acc=85.50 val_acc=nan data_t=0.0081s batch_t=0.0996s epoch_t=00:00.54 lr=0.000676 | GPU MB alloc/reserved=277.6/1884.0
2026-04-11 15:49:51 | INFO | [Round 1] Epoch 31/80 time=00:00.54 avg=00:00.47 ETA=00:22.86 | GPU MB alloc/reserved=277.6/1884.0
2026-04-11 15:49:52 | INFO | [Round 1] epoch=32/80 loss=0.3404 acc=88.50 val_acc=nan data_t=0.0049s batch_t=0.0946s epoch_t=00:00.50 lr=0.000658 | GPU MB alloc/reserved=277.6/1884.0
2026-04-11 15:49:52 | INFO | [Round 1] Epoch 32/80 time=00:00.50 avg=00:00.47 ETA=00:22.44 | GPU MB alloc/reserved=277.6/1884.0
2026-04-11 15:49:52 | INFO | [Round 1] epoch=33/80 loss=0.3696 acc=86.83 val_acc=nan data_t=0.0082s batch_t=0.0955s epoch_t=00:00.52 lr=0.000639 | GPU MB alloc/reserved=277.6/1884.0
2026-04-11 15:49:52 | INFO | [Round 1] Epoch 33/80 time=00:00.52 avg=00:00.47 ETA=00:22.05 | GPU MB alloc/reserved=277.6/1884.0
2026-04-11 15:49:53 | INFO | [Round 1] epoch=34/80 loss=0.2566 acc=91.50 val_acc=nan data_t=0.0078s batch_t=0.0945s epoch_t=00:00.51 lr=0.000621 | GPU MB alloc/reserved=277.6/1884.0
2026-04-11 15:49:53 | INFO | [Round 1] Epoch 34/80 time=00:00.51 avg=00:00.47 ETA=00:21.64 | GPU MB alloc/reserved=277.6/1884.0
2026-04-11 15:49:53 | INFO | [Round 1] epoch=35/80 loss=0.2644 acc=91.00 val_acc=nan data_t=0.0051s batch_t=0.0942s epoch_t=00:00.50 lr=0.000602 | GPU MB alloc/reserved=277.6/1884.0
2026-04-11 15:49:53 | INFO | [Round 1] Epoch 35/80 time=00:00.50 avg=00:00.47 ETA=00:21.20 | GPU MB alloc/reserved=277.6/1884.0
2026-04-11 15:49:54 | INFO | [Round 1] epoch=36/80 loss=0.2289 acc=93.17 val_acc=nan data_t=0.0077s batch_t=0.0969s epoch_t=00:00.52 lr=0.000582 | GPU MB alloc/reserved=277.6/1884.0
2026-04-11 15:49:54 | INFO | [Round 1] Epoch 36/80 time=00:00.52 avg=00:00.47 ETA=00:20.79 | GPU MB alloc/reserved=277.6/1884.0
2026-04-11 15:49:54 | INFO | [Round 1] epoch=37/80 loss=0.1978 acc=94.33 val_acc=nan data_t=0.0051s batch_t=0.0971s epoch_t=00:00.51 lr=0.000563 | GPU MB alloc/reserved=277.6/1884.0
2026-04-11 15:49:54 | INFO | [Round 1] Epoch 37/80 time=00:00.51 avg=00:00.47 ETA=00:20.37 | GPU MB alloc/reserved=277.6/1884.0
2026-04-11 15:49:55 | INFO | [Round 1] epoch=38/80 loss=0.1844 acc=94.33 val_acc=nan data_t=0.0092s batch_t=0.0954s epoch_t=00:00.52 lr=0.000544 | GPU MB alloc/reserved=277.6/1884.0
2026-04-11 15:49:55 | INFO | [Round 1] Epoch 38/80 time=00:00.52 avg=00:00.47 ETA=00:19.95 | GPU MB alloc/reserved=277.6/1884.0
2026-04-11 15:49:56 | INFO | [Round 1] epoch=39/80 loss=0.1511 acc=95.50 val_acc=nan data_t=0.0081s batch_t=0.0960s epoch_t=00:00.52 lr=0.000524 | GPU MB alloc/reserved=277.6/1884.0
2026-04-11 15:49:56 | INFO | [Round 1] Epoch 39/80 time=00:00.52 avg=00:00.48 ETA=00:19.52 | GPU MB alloc/reserved=277.6/1884.0
2026-04-11 15:49:56 | INFO | [Round 1] epoch=40/80 loss=0.1424 acc=96.17 val_acc=nan data_t=0.0108s batch_t=0.0975s epoch_t=00:00.54 lr=0.000505 | GPU MB alloc/reserved=277.6/1884.0
2026-04-11 15:49:56 | INFO | [Round 1] Epoch 40/80 time=00:00.54 avg=00:00.48 ETA=00:19.11 | GPU MB alloc/reserved=277.6/1884.0
2026-04-11 15:49:57 | INFO | [Round 1] epoch=41/80 loss=0.1435 acc=95.83 val_acc=nan data_t=0.0114s batch_t=0.0719s epoch_t=00:00.42 lr=0.000486 | GPU MB alloc/reserved=277.6/1884.0
2026-04-11 15:49:57 | INFO | [Round 1] Epoch 41/80 time=00:00.42 avg=00:00.48 ETA=00:18.58 | GPU MB alloc/reserved=277.6/1884.0
2026-04-11 15:49:57 | INFO | [Round 1] epoch=42/80 loss=0.1380 acc=95.17 val_acc=nan data_t=0.0085s batch_t=0.0520s epoch_t=00:00.30 lr=0.000466 | GPU MB alloc/reserved=277.6/1884.0
2026-04-11 15:49:57 | INFO | [Round 1] Epoch 42/80 time=00:00.30 avg=00:00.47 ETA=00:17.94 | GPU MB alloc/reserved=277.6/1884.0
2026-04-11 15:49:57 | INFO | [Round 1] epoch=43/80 loss=0.1183 acc=96.50 val_acc=nan data_t=0.0072s batch_t=0.0487s epoch_t=00:00.28 lr=0.000447 | GPU MB alloc/reserved=277.6/1884.0
2026-04-11 15:49:57 | INFO | [Round 1] Epoch 43/80 time=00:00.28 avg=00:00.47 ETA=00:17.30 | GPU MB alloc/reserved=277.6/1884.0
2026-04-11 15:49:57 | INFO | [Round 1] epoch=44/80 loss=0.1199 acc=97.17 val_acc=nan data_t=0.0076s batch_t=0.0503s epoch_t=00:00.29 lr=0.000428 | GPU MB alloc/reserved=277.6/1884.0
2026-04-11 15:49:57 | INFO | [Round 1] Epoch 44/80 time=00:00.29 avg=00:00.46 ETA=00:16.69 | GPU MB alloc/reserved=277.6/1884.0
2026-04-11 15:49:58 | INFO | [Round 1] epoch=45/80 loss=0.0898 acc=98.00 val_acc=nan data_t=0.0052s batch_t=0.0858s epoch_t=00:00.46 lr=0.000408 | GPU MB alloc/reserved=277.6/1884.0
2026-04-11 15:49:58 | INFO | [Round 1] Epoch 45/80 time=00:00.46 avg=00:00.46 ETA=00:16.22 | GPU MB alloc/reserved=277.6/1884.0
2026-04-11 15:49:58 | INFO | [Round 1] epoch=46/80 loss=0.0675 acc=98.50 val_acc=nan data_t=0.0095s batch_t=0.0519s epoch_t=00:00.31 lr=0.000389 | GPU MB alloc/reserved=277.6/1884.0
2026-04-11 15:49:58 | INFO | [Round 1] Epoch 46/80 time=00:00.31 avg=00:00.46 ETA=00:15.64 | GPU MB alloc/reserved=277.6/1884.0
2026-04-11 15:49:59 | INFO | [Round 1] epoch=47/80 loss=0.0613 acc=99.00 val_acc=nan data_t=0.0115s batch_t=0.0555s epoch_t=00:00.34 lr=0.000371 | GPU MB alloc/reserved=277.6/1884.0
2026-04-11 15:49:59 | INFO | [Round 1] Epoch 47/80 time=00:00.34 avg=00:00.46 ETA=00:15.09 | GPU MB alloc/reserved=277.6/1884.0
2026-04-11 15:49:59 | INFO | [Round 1] epoch=48/80 loss=0.0530 acc=98.83 val_acc=nan data_t=0.0112s batch_t=0.0665s epoch_t=00:00.39 lr=0.000352 | GPU MB alloc/reserved=277.6/1884.0
2026-04-11 15:49:59 | INFO | [Round 1] Epoch 48/80 time=00:00.39 avg=00:00.46 ETA=00:14.59 | GPU MB alloc/reserved=277.6/1884.0
2026-04-11 15:49:59 | INFO | [Round 1] epoch=49/80 loss=0.0531 acc=99.17 val_acc=nan data_t=0.0077s batch_t=0.0800s epoch_t=00:00.44 lr=0.000334 | GPU MB alloc/reserved=277.6/1884.0
2026-04-11 15:49:59 | INFO | [Round 1] Epoch 49/80 time=00:00.44 avg=00:00.46 ETA=00:14.12 | GPU MB alloc/reserved=277.6/1884.0
2026-04-11 15:50:00 | INFO | [Round 1] epoch=50/80 loss=0.0348 acc=99.67 val_acc=nan data_t=0.0115s batch_t=0.0886s epoch_t=00:00.50 lr=0.000316 | GPU MB alloc/reserved=277.6/1884.0
2026-04-11 15:50:00 | INFO | [Round 1] Epoch 50/80 time=00:00.50 avg=00:00.46 ETA=00:13.70 | GPU MB alloc/reserved=277.6/1884.0
2026-04-11 15:50:00 | INFO | [Round 1] epoch=51/80 loss=0.0546 acc=98.50 val_acc=nan data_t=0.0109s batch_t=0.0797s epoch_t=00:00.45 lr=0.000298 | GPU MB alloc/reserved=277.6/1884.0
2026-04-11 15:50:00 | INFO | [Round 1] Epoch 51/80 time=00:00.45 avg=00:00.46 ETA=00:13.24 | GPU MB alloc/reserved=277.6/1884.0
2026-04-11 15:50:01 | INFO | [Round 1] epoch=52/80 loss=0.0521 acc=99.17 val_acc=nan data_t=0.0134s batch_t=0.0819s epoch_t=00:00.48 lr=0.000280 | GPU MB alloc/reserved=277.6/1884.0
2026-04-11 15:50:01 | INFO | [Round 1] Epoch 52/80 time=00:00.48 avg=00:00.46 ETA=00:12.79 | GPU MB alloc/reserved=277.6/1884.0
2026-04-11 15:50:01 | INFO | [Round 1] epoch=53/80 loss=0.0489 acc=99.00 val_acc=nan data_t=0.0081s batch_t=0.0813s epoch_t=00:00.45 lr=0.000263 | GPU MB alloc/reserved=277.6/1884.0
2026-04-11 15:50:01 | INFO | [Round 1] Epoch 53/80 time=00:00.45 avg=00:00.46 ETA=00:12.33 | GPU MB alloc/reserved=277.6/1884.0
2026-04-11 15:50:02 | INFO | [Round 1] epoch=54/80 loss=0.0261 acc=99.50 val_acc=nan data_t=0.0068s batch_t=0.0822s epoch_t=00:00.45 lr=0.000246 | GPU MB alloc/reserved=277.6/1884.0
2026-04-11 15:50:02 | INFO | [Round 1] Epoch 54/80 time=00:00.45 avg=00:00.46 ETA=00:11.87 | GPU MB alloc/reserved=277.6/1884.0
2026-04-11 15:50:02 | INFO | [Round 1] epoch=55/80 loss=0.0305 acc=99.17 val_acc=nan data_t=0.0058s batch_t=0.0852s epoch_t=00:00.46 lr=0.000230 | GPU MB alloc/reserved=277.6/1884.0
2026-04-11 15:50:02 | INFO | [Round 1] Epoch 55/80 time=00:00.46 avg=00:00.46 ETA=00:11.41 | GPU MB alloc/reserved=277.6/1884.0
2026-04-11 15:50:03 | INFO | [Round 1] epoch=56/80 loss=0.0198 acc=99.67 val_acc=nan data_t=0.0068s batch_t=0.0881s epoch_t=00:00.48 lr=0.000214 | GPU MB alloc/reserved=277.6/1884.0
2026-04-11 15:50:03 | INFO | [Round 1] Epoch 56/80 time=00:00.48 avg=00:00.46 ETA=00:10.96 | GPU MB alloc/reserved=277.6/1884.0
2026-04-11 15:50:03 | INFO | [Round 1] epoch=57/80 loss=0.0154 acc=100.00 val_acc=nan data_t=0.0053s batch_t=0.0815s epoch_t=00:00.43 lr=0.000199 | GPU MB alloc/reserved=277.6/1884.0
2026-04-11 15:50:03 | INFO | [Round 1] Epoch 57/80 time=00:00.43 avg=00:00.46 ETA=00:10.50 | GPU MB alloc/reserved=277.6/1884.0
2026-04-11 15:50:03 | INFO | [Round 1] epoch=58/80 loss=0.0193 acc=99.83 val_acc=nan data_t=0.0065s batch_t=0.0750s epoch_t=00:00.41 lr=0.000184 | GPU MB alloc/reserved=277.6/1884.0
2026-04-11 15:50:03 | INFO | [Round 1] Epoch 58/80 time=00:00.41 avg=00:00.46 ETA=00:10.02 | GPU MB alloc/reserved=277.6/1884.0
2026-04-11 15:50:04 | INFO | [Round 1] epoch=59/80 loss=0.0131 acc=100.00 val_acc=nan data_t=0.0047s batch_t=0.0783s epoch_t=00:00.42 lr=0.000169 | GPU MB alloc/reserved=277.6/1884.0
2026-04-11 15:50:04 | INFO | [Round 1] Epoch 59/80 time=00:00.42 avg=00:00.45 ETA=00:09.55 | GPU MB alloc/reserved=277.6/1884.0
2026-04-11 15:50:04 | INFO | [Round 1] epoch=60/80 loss=0.0120 acc=100.00 val_acc=nan data_t=0.0054s batch_t=0.0840s epoch_t=00:00.45 lr=0.000155 | GPU MB alloc/reserved=277.6/1884.0
2026-04-11 15:50:04 | INFO | [Round 1] Epoch 60/80 time=00:00.45 avg=00:00.45 ETA=00:09.09 | GPU MB alloc/reserved=277.6/1884.0
2026-04-11 15:50:05 | INFO | [Round 1] epoch=61/80 loss=0.0124 acc=100.00 val_acc=nan data_t=0.0050s batch_t=0.0869s epoch_t=00:00.46 lr=0.000142 | GPU MB alloc/reserved=277.6/1884.0
2026-04-11 15:50:05 | INFO | [Round 1] Epoch 61/80 time=00:00.46 avg=00:00.45 ETA=00:08.64 | GPU MB alloc/reserved=277.6/1884.0
2026-04-11 15:50:05 | INFO | [Round 1] epoch=62/80 loss=0.0094 acc=100.00 val_acc=nan data_t=0.0051s batch_t=0.0868s epoch_t=00:00.46 lr=0.000129 | GPU MB alloc/reserved=277.6/1884.0
2026-04-11 15:50:05 | INFO | [Round 1] Epoch 62/80 time=00:00.46 avg=00:00.45 ETA=00:08.19 | GPU MB alloc/reserved=277.6/1884.0
2026-04-11 15:50:06 | INFO | [Round 1] epoch=63/80 loss=0.0105 acc=100.00 val_acc=nan data_t=0.0074s batch_t=0.0694s epoch_t=00:00.38 lr=0.000116 | GPU MB alloc/reserved=277.6/1884.0
2026-04-11 15:50:06 | INFO | [Round 1] Epoch 63/80 time=00:00.38 avg=00:00.45 ETA=00:07.71 | GPU MB alloc/reserved=277.6/1884.0
2026-04-11 15:50:06 | INFO | [Round 1] epoch=64/80 loss=0.0117 acc=99.83 val_acc=nan data_t=0.0087s batch_t=0.0703s epoch_t=00:00.40 lr=0.000105 | GPU MB alloc/reserved=277.6/1884.0
2026-04-11 15:50:06 | INFO | [Round 1] Epoch 64/80 time=00:00.40 avg=00:00.45 ETA=00:07.25 | GPU MB alloc/reserved=277.6/1884.0
2026-04-11 15:50:07 | INFO | [Round 1] epoch=65/80 loss=0.0116 acc=100.00 val_acc=nan data_t=0.0075s batch_t=0.0891s epoch_t=00:00.48 lr=0.000093 | GPU MB alloc/reserved=277.6/1884.0
2026-04-11 15:50:07 | INFO | [Round 1] Epoch 65/80 time=00:00.48 avg=00:00.45 ETA=00:06.80 | GPU MB alloc/reserved=277.6/1884.0
2026-04-11 15:50:07 | INFO | [Round 1] epoch=66/80 loss=0.0108 acc=100.00 val_acc=nan data_t=0.0104s batch_t=0.0966s epoch_t=00:00.54 lr=0.000083 | GPU MB alloc/reserved=277.6/1884.0
2026-04-11 15:50:07 | INFO | [Round 1] Epoch 66/80 time=00:00.54 avg=00:00.45 ETA=00:06.36 | GPU MB alloc/reserved=277.6/1884.0
2026-04-11 15:50:08 | INFO | [Round 1] epoch=67/80 loss=0.0113 acc=100.00 val_acc=nan data_t=0.0102s batch_t=0.0963s epoch_t=00:00.53 lr=0.000073 | GPU MB alloc/reserved=277.6/1884.0
2026-04-11 15:50:08 | INFO | [Round 1] Epoch 67/80 time=00:00.53 avg=00:00.46 ETA=00:05.92 | GPU MB alloc/reserved=277.6/1884.0
2026-04-11 15:50:08 | INFO | [Round 1] epoch=68/80 loss=0.0087 acc=99.83 val_acc=nan data_t=0.0066s batch_t=0.0969s epoch_t=00:00.52 lr=0.000064 | GPU MB alloc/reserved=277.6/1884.0
2026-04-11 15:50:08 | INFO | [Round 1] Epoch 68/80 time=00:00.52 avg=00:00.46 ETA=00:05.48 | GPU MB alloc/reserved=277.6/1884.0
2026-04-11 15:50:09 | INFO | [Round 1] epoch=69/80 loss=0.0080 acc=100.00 val_acc=nan data_t=0.0066s batch_t=0.0926s epoch_t=00:00.50 lr=0.000055 | GPU MB alloc/reserved=277.6/1884.0
2026-04-11 15:50:09 | INFO | [Round 1] Epoch 69/80 time=00:00.50 avg=00:00.46 ETA=00:05.03 | GPU MB alloc/reserved=277.6/1884.0
2026-04-11 15:50:09 | INFO | [Round 1] epoch=70/80 loss=0.0108 acc=100.00 val_acc=nan data_t=0.0068s batch_t=0.0957s epoch_t=00:00.51 lr=0.000048 | GPU MB alloc/reserved=277.6/1884.0
2026-04-11 15:50:09 | INFO | [Round 1] Epoch 70/80 time=00:00.51 avg=00:00.46 ETA=00:04.58 | GPU MB alloc/reserved=277.6/1884.0
2026-04-11 15:50:10 | INFO | [Round 1] epoch=71/80 loss=0.0104 acc=99.83 val_acc=nan data_t=0.0054s batch_t=0.0968s epoch_t=00:00.51 lr=0.000041 | GPU MB alloc/reserved=277.6/1884.0
2026-04-11 15:50:10 | INFO | [Round 1] Epoch 71/80 time=00:00.51 avg=00:00.46 ETA=00:04.13 | GPU MB alloc/reserved=277.6/1884.0
2026-04-11 15:50:10 | INFO | [Round 1] epoch=72/80 loss=0.0091 acc=100.00 val_acc=nan data_t=0.0085s batch_t=0.0952s epoch_t=00:00.52 lr=0.000034 | GPU MB alloc/reserved=277.6/1884.0
2026-04-11 15:50:10 | INFO | [Round 1] Epoch 72/80 time=00:00.52 avg=00:00.46 ETA=00:03.68 | GPU MB alloc/reserved=277.6/1884.0
2026-04-11 15:50:11 | INFO | [Round 1] epoch=73/80 loss=0.0067 acc=100.00 val_acc=nan data_t=0.0104s batch_t=0.0923s epoch_t=00:00.51 lr=0.000029 | GPU MB alloc/reserved=277.6/1884.0
2026-04-11 15:50:11 | INFO | [Round 1] Epoch 73/80 time=00:00.51 avg=00:00.46 ETA=00:03.22 | GPU MB alloc/reserved=277.6/1884.0
2026-04-11 15:50:11 | INFO | [Round 1] epoch=74/80 loss=0.0094 acc=100.00 val_acc=nan data_t=0.0075s batch_t=0.0951s epoch_t=00:00.51 lr=0.000024 | GPU MB alloc/reserved=277.6/1884.0
2026-04-11 15:50:11 | INFO | [Round 1] Epoch 74/80 time=00:00.51 avg=00:00.46 ETA=00:02.77 | GPU MB alloc/reserved=277.6/1884.0
2026-04-11 15:50:12 | INFO | [Round 1] epoch=75/80 loss=0.0077 acc=100.00 val_acc=nan data_t=0.0068s batch_t=0.0979s epoch_t=00:00.52 lr=0.000020 | GPU MB alloc/reserved=277.6/1884.0
2026-04-11 15:50:12 | INFO | [Round 1] Epoch 75/80 time=00:00.52 avg=00:00.46 ETA=00:02.31 | GPU MB alloc/reserved=277.6/1884.0
2026-04-11 15:50:12 | INFO | [Round 1] epoch=76/80 loss=0.0078 acc=100.00 val_acc=nan data_t=0.0060s batch_t=0.0978s epoch_t=00:00.52 lr=0.000016 | GPU MB alloc/reserved=277.6/1884.0
2026-04-11 15:50:12 | INFO | [Round 1] Epoch 76/80 time=00:00.52 avg=00:00.46 ETA=00:01.85 | GPU MB alloc/reserved=277.6/1884.0
2026-04-11 15:50:13 | INFO | [Round 1] epoch=77/80 loss=0.0088 acc=99.83 val_acc=nan data_t=0.0051s batch_t=0.0948s epoch_t=00:00.50 lr=0.000013 | GPU MB alloc/reserved=277.6/1884.0
2026-04-11 15:50:13 | INFO | [Round 1] Epoch 77/80 time=00:00.50 avg=00:00.46 ETA=00:01.39 | GPU MB alloc/reserved=277.6/1884.0
2026-04-11 15:50:13 | INFO | [Round 1] epoch=78/80 loss=0.0075 acc=100.00 val_acc=nan data_t=0.0050s batch_t=0.0949s epoch_t=00:00.50 lr=0.000012 | GPU MB alloc/reserved=277.6/1884.0
2026-04-11 15:50:13 | INFO | [Round 1] Epoch 78/80 time=00:00.50 avg=00:00.46 ETA=00:00.93 | GPU MB alloc/reserved=277.6/1884.0
2026-04-11 15:50:14 | INFO | [Round 1] epoch=79/80 loss=0.0075 acc=100.00 val_acc=nan data_t=0.0117s batch_t=0.0864s epoch_t=00:00.49 lr=0.000010 | GPU MB alloc/reserved=277.6/1884.0
2026-04-11 15:50:14 | INFO | [Round 1] Epoch 79/80 time=00:00.49 avg=00:00.46 ETA=00:00.46 | GPU MB alloc/reserved=277.6/1884.0
2026-04-11 15:50:14 | INFO | [Round 1] epoch=80/80 loss=0.0066 acc=100.00 val_acc=nan data_t=0.0057s batch_t=0.0859s epoch_t=00:00.46 lr=0.000010 | GPU MB alloc/reserved=277.6/1884.0
2026-04-11 15:50:14 | INFO | [Round 1] Epoch 80/80 time=00:00.46 avg=00:00.46 ETA=00:00.00 | GPU MB alloc/reserved=277.6/1884.0
2026-04-11 15:50:14 | INFO | [Round 1] training complete in 00:37.41 (best monitor=100.000) | GPU MB alloc/reserved=277.6/1884.0
2026-04-11 15:50:14 | INFO | [Round 1] evaluation started | GPU MB alloc/reserved=191.0/1884.0
2026-04-11 15:50:22 | INFO | [Round 1] clean=44.04 fgsm=33.61 pgd=33.34 grad_disp_mean=nan grad_disp_sel=nan round_t=46.46s | GPU MB alloc/reserved=191.0/1890.0
2026-04-11 15:50:22 | INFO | [Round 2/21] elapsed=00:46.46 avg_round=00:43.55 projected_remaining=13:47.45 | GPU MB alloc/reserved=191.0/1890.0
2026-04-11 15:50:23 | INFO | [Round 2] acquisition on pool_size=49400 scored_pool=5000 budget=100 | GPU MB alloc/reserved=103.8/1890.0
2026-04-11 15:50:23 | INFO | [BADGE] scoring progress 10/20 elapsed=00:00.38 avg/batch=0.038s ETA=00:00.38 | GPU MB alloc/reserved=112.3/1890.0
2026-04-11 15:50:23 | INFO | [BADGE] scoring progress 20/20 elapsed=00:00.56 avg/batch=0.028s ETA=00:00.00 | GPU MB alloc/reserved=109.1/1890.0
2026-04-11 15:50:24 | INFO | [Round 2] labeled=700 train=700 val_fixed=0 | GPU MB alloc/reserved=149.6/1890.0
2026-04-11 15:50:25 | INFO | [Round 2] epoch=1/80 loss=2.4928 acc=16.43 val_acc=nan data_t=0.0258s batch_t=0.0931s epoch_t=00:00.71 lr=0.001000 | GPU MB alloc/reserved=280.1/1892.0
2026-04-11 15:50:25 | INFO | [Round 2] Epoch 1/80 time=00:00.71 avg=00:00.71 ETA=00:56.39 | GPU MB alloc/reserved=280.1/1892.0
2026-04-11 15:50:25 | INFO | [Round 2] epoch=2/80 loss=2.0998 acc=24.57 val_acc=nan data_t=0.0101s batch_t=0.0845s epoch_t=00:00.57 lr=0.000998 | GPU MB alloc/reserved=280.1/1892.0
2026-04-11 15:50:25 | INFO | [Round 2] Epoch 2/80 time=00:00.57 avg=00:00.64 ETA=00:49.99 | GPU MB alloc/reserved=280.1/1892.0
2026-04-11 15:50:26 | INFO | [Round 2] epoch=3/80 loss=1.9165 acc=28.57 val_acc=nan data_t=0.0073s batch_t=0.0815s epoch_t=00:00.53 lr=0.000997 | GPU MB alloc/reserved=280.1/1892.0
2026-04-11 15:50:26 | INFO | [Round 2] Epoch 3/80 time=00:00.53 avg=00:00.60 ETA=00:46.58 | GPU MB alloc/reserved=280.1/1892.0
2026-04-11 15:50:27 | INFO | [Round 2] epoch=4/80 loss=1.8153 acc=31.71 val_acc=nan data_t=0.0045s batch_t=0.0830s epoch_t=00:00.52 lr=0.000994 | GPU MB alloc/reserved=280.1/1892.0
2026-04-11 15:50:27 | INFO | [Round 2] Epoch 4/80 time=00:00.52 avg=00:00.58 ETA=00:44.46 | GPU MB alloc/reserved=280.1/1892.0
2026-04-11 15:50:27 | INFO | [Round 2] epoch=5/80 loss=1.8140 acc=32.86 val_acc=nan data_t=0.0071s batch_t=0.0822s epoch_t=00:00.54 lr=0.000990 | GPU MB alloc/reserved=280.1/1892.0
2026-04-11 15:50:27 | INFO | [Round 2] Epoch 5/80 time=00:00.54 avg=00:00.58 ETA=00:43.13 | GPU MB alloc/reserved=280.1/1892.0
2026-04-11 15:50:28 | INFO | [Round 2] epoch=6/80 loss=1.7716 acc=33.71 val_acc=nan data_t=0.0045s batch_t=0.0867s epoch_t=00:00.55 lr=0.000986 | GPU MB alloc/reserved=280.1/1892.0
2026-04-11 15:50:28 | INFO | [Round 2] Epoch 6/80 time=00:00.55 avg=00:00.57 ETA=00:42.22 | GPU MB alloc/reserved=280.1/1892.0
2026-04-11 15:50:28 | INFO | [Round 2] epoch=7/80 loss=1.6595 acc=37.57 val_acc=nan data_t=0.0081s batch_t=0.0815s epoch_t=00:00.54 lr=0.000981 | GPU MB alloc/reserved=280.1/1892.0
2026-04-11 15:50:28 | INFO | [Round 2] Epoch 7/80 time=00:00.54 avg=00:00.57 ETA=00:41.31 | GPU MB alloc/reserved=280.1/1892.0
2026-04-11 15:50:29 | INFO | [Round 2] epoch=8/80 loss=1.6249 acc=38.86 val_acc=nan data_t=0.0040s batch_t=0.0841s epoch_t=00:00.53 lr=0.000976 | GPU MB alloc/reserved=280.1/1892.0
2026-04-11 15:50:29 | INFO | [Round 2] Epoch 8/80 time=00:00.53 avg=00:00.56 ETA=00:40.41 | GPU MB alloc/reserved=280.1/1892.0
2026-04-11 15:50:29 | INFO | [Round 2] epoch=9/80 loss=1.5392 acc=43.29 val_acc=nan data_t=0.0053s batch_t=0.0819s epoch_t=00:00.52 lr=0.000969 | GPU MB alloc/reserved=280.1/1892.0
2026-04-11 15:50:29 | INFO | [Round 2] Epoch 9/80 time=00:00.52 avg=00:00.56 ETA=00:39.55 | GPU MB alloc/reserved=280.1/1892.0
2026-04-11 15:50:30 | INFO | [Round 2] epoch=10/80 loss=1.5186 acc=42.29 val_acc=nan data_t=0.0092s batch_t=0.0791s epoch_t=00:00.53 lr=0.000962 | GPU MB alloc/reserved=280.1/1892.0
2026-04-11 15:50:30 | INFO | [Round 2] Epoch 10/80 time=00:00.53 avg=00:00.55 ETA=00:38.80 | GPU MB alloc/reserved=280.1/1892.0
2026-04-11 15:50:30 | INFO | [Round 2] epoch=11/80 loss=1.4526 acc=45.57 val_acc=nan data_t=0.0086s batch_t=0.0723s epoch_t=00:00.49 lr=0.000955 | GPU MB alloc/reserved=280.1/1892.0
2026-04-11 15:50:30 | INFO | [Round 2] Epoch 11/80 time=00:00.49 avg=00:00.55 ETA=00:37.81 | GPU MB alloc/reserved=280.1/1892.0
2026-04-11 15:50:31 | INFO | [Round 2] epoch=12/80 loss=1.4298 acc=45.57 val_acc=nan data_t=0.0089s batch_t=0.0830s epoch_t=00:00.55 lr=0.000946 | GPU MB alloc/reserved=280.1/1892.0
2026-04-11 15:50:31 | INFO | [Round 2] Epoch 12/80 time=00:00.55 avg=00:00.55 ETA=00:37.29 | GPU MB alloc/reserved=280.1/1892.0
2026-04-11 15:50:31 | INFO | [Round 2] epoch=13/80 loss=1.3561 acc=49.14 val_acc=nan data_t=0.0046s batch_t=0.0843s epoch_t=00:00.53 lr=0.000937 | GPU MB alloc/reserved=280.1/1892.0
2026-04-11 15:50:31 | INFO | [Round 2] Epoch 13/80 time=00:00.53 avg=00:00.55 ETA=00:36.67 | GPU MB alloc/reserved=280.1/1892.0
2026-04-11 15:50:32 | INFO | [Round 2] epoch=14/80 loss=1.3099 acc=50.57 val_acc=nan data_t=0.0084s batch_t=0.0834s epoch_t=00:00.55 lr=0.000927 | GPU MB alloc/reserved=280.1/1892.0
2026-04-11 15:50:32 | INFO | [Round 2] Epoch 14/80 time=00:00.55 avg=00:00.55 ETA=00:36.14 | GPU MB alloc/reserved=280.1/1892.0
2026-04-11 15:50:32 | INFO | [Round 2] epoch=15/80 loss=1.3165 acc=51.57 val_acc=nan data_t=0.0057s batch_t=0.0816s epoch_t=00:00.52 lr=0.000917 | GPU MB alloc/reserved=280.1/1892.0
2026-04-11 15:50:32 | INFO | [Round 2] Epoch 15/80 time=00:00.52 avg=00:00.55 ETA=00:35.49 | GPU MB alloc/reserved=280.1/1892.0
2026-04-11 15:50:33 | INFO | [Round 2] epoch=16/80 loss=1.2761 acc=53.14 val_acc=nan data_t=0.0061s batch_t=0.0812s epoch_t=00:00.52 lr=0.000905 | GPU MB alloc/reserved=280.1/1892.0
2026-04-11 15:50:33 | INFO | [Round 2] Epoch 16/80 time=00:00.52 avg=00:00.54 ETA=00:34.85 | GPU MB alloc/reserved=280.1/1892.0
2026-04-11 15:50:34 | INFO | [Round 2] epoch=17/80 loss=1.1948 acc=54.86 val_acc=nan data_t=0.0076s batch_t=0.0811s epoch_t=00:00.53 lr=0.000894 | GPU MB alloc/reserved=280.1/1892.0
2026-04-11 15:50:34 | INFO | [Round 2] Epoch 17/80 time=00:00.53 avg=00:00.54 ETA=00:34.26 | GPU MB alloc/reserved=280.1/1892.0
2026-04-11 15:50:34 | INFO | [Round 2] epoch=18/80 loss=1.2000 acc=53.86 val_acc=nan data_t=0.0069s batch_t=0.0817s epoch_t=00:00.53 lr=0.000881 | GPU MB alloc/reserved=280.1/1892.0
2026-04-11 15:50:34 | INFO | [Round 2] Epoch 18/80 time=00:00.53 avg=00:00.54 ETA=00:33.68 | GPU MB alloc/reserved=280.1/1892.0
2026-04-11 15:50:35 | INFO | [Round 2] epoch=19/80 loss=1.1459 acc=58.14 val_acc=nan data_t=0.0087s batch_t=0.0792s epoch_t=00:00.53 lr=0.000868 | GPU MB alloc/reserved=280.1/1892.0
2026-04-11 15:50:35 | INFO | [Round 2] Epoch 19/80 time=00:00.53 avg=00:00.54 ETA=00:33.08 | GPU MB alloc/reserved=280.1/1892.0
2026-04-11 15:50:35 | INFO | [Round 2] epoch=20/80 loss=1.0333 acc=60.71 val_acc=nan data_t=0.0069s batch_t=0.0823s epoch_t=00:00.54 lr=0.000855 | GPU MB alloc/reserved=280.1/1892.0
2026-04-11 15:50:35 | INFO | [Round 2] Epoch 20/80 time=00:00.54 avg=00:00.54 ETA=00:32.52 | GPU MB alloc/reserved=280.1/1892.0
2026-04-11 15:50:36 | INFO | [Round 2] epoch=21/80 loss=0.9789 acc=62.43 val_acc=nan data_t=0.0093s batch_t=0.0757s epoch_t=00:00.51 lr=0.000841 | GPU MB alloc/reserved=280.1/1892.0
2026-04-11 15:50:36 | INFO | [Round 2] Epoch 21/80 time=00:00.51 avg=00:00.54 ETA=00:31.89 | GPU MB alloc/reserved=280.1/1892.0
2026-04-11 15:50:36 | INFO | [Round 2] epoch=22/80 loss=0.9592 acc=65.29 val_acc=nan data_t=0.0048s batch_t=0.0806s epoch_t=00:00.51 lr=0.000826 | GPU MB alloc/reserved=280.1/1892.0
2026-04-11 15:50:36 | INFO | [Round 2] Epoch 22/80 time=00:00.51 avg=00:00.54 ETA=00:31.28 | GPU MB alloc/reserved=280.1/1892.0
2026-04-11 15:50:37 | INFO | [Round 2] epoch=23/80 loss=0.9112 acc=65.71 val_acc=nan data_t=0.0048s batch_t=0.0854s epoch_t=00:00.54 lr=0.000811 | GPU MB alloc/reserved=280.1/1892.0
2026-04-11 15:50:37 | INFO | [Round 2] Epoch 23/80 time=00:00.54 avg=00:00.54 ETA=00:30.74 | GPU MB alloc/reserved=280.1/1892.0
2026-04-11 15:50:37 | INFO | [Round 2] epoch=24/80 loss=0.8187 acc=71.14 val_acc=nan data_t=0.0072s batch_t=0.0848s epoch_t=00:00.55 lr=0.000796 | GPU MB alloc/reserved=280.1/1892.0
2026-04-11 15:50:37 | INFO | [Round 2] Epoch 24/80 time=00:00.55 avg=00:00.54 ETA=00:30.23 | GPU MB alloc/reserved=280.1/1892.0
2026-04-11 15:50:38 | INFO | [Round 2] epoch=25/80 loss=0.8373 acc=68.43 val_acc=nan data_t=0.0094s batch_t=0.0869s epoch_t=00:00.58 lr=0.000780 | GPU MB alloc/reserved=280.1/1892.0
2026-04-11 15:50:38 | INFO | [Round 2] Epoch 25/80 time=00:00.58 avg=00:00.54 ETA=00:29.78 | GPU MB alloc/reserved=280.1/1892.0
2026-04-11 15:50:39 | INFO | [Round 2] epoch=26/80 loss=0.7749 acc=72.14 val_acc=nan data_t=0.0056s batch_t=0.0829s epoch_t=00:00.53 lr=0.000764 | GPU MB alloc/reserved=280.1/1892.0
2026-04-11 15:50:39 | INFO | [Round 2] Epoch 26/80 time=00:00.53 avg=00:00.54 ETA=00:29.21 | GPU MB alloc/reserved=280.1/1892.0
2026-04-11 15:50:39 | INFO | [Round 2] epoch=27/80 loss=0.7375 acc=72.57 val_acc=nan data_t=0.0062s batch_t=0.0831s epoch_t=00:00.54 lr=0.000747 | GPU MB alloc/reserved=280.1/1892.0
2026-04-11 15:50:39 | INFO | [Round 2] Epoch 27/80 time=00:00.54 avg=00:00.54 ETA=00:28.66 | GPU MB alloc/reserved=280.1/1892.0
2026-04-11 15:50:40 | INFO | [Round 2] epoch=28/80 loss=0.7388 acc=71.71 val_acc=nan data_t=0.0040s batch_t=0.0837s epoch_t=00:00.53 lr=0.000730 | GPU MB alloc/reserved=280.1/1892.0
2026-04-11 15:50:40 | INFO | [Round 2] Epoch 28/80 time=00:00.53 avg=00:00.54 ETA=00:28.10 | GPU MB alloc/reserved=280.1/1892.0
2026-04-11 15:50:40 | INFO | [Round 2] epoch=29/80 loss=0.6201 acc=76.00 val_acc=nan data_t=0.0047s batch_t=0.0831s epoch_t=00:00.53 lr=0.000712 | GPU MB alloc/reserved=280.1/1892.0
2026-04-11 15:50:40 | INFO | [Round 2] Epoch 29/80 time=00:00.53 avg=00:00.54 ETA=00:27.53 | GPU MB alloc/reserved=280.1/1892.0
2026-04-11 15:50:41 | INFO | [Round 2] epoch=30/80 loss=0.6084 acc=77.71 val_acc=nan data_t=0.0042s batch_t=0.0853s epoch_t=00:00.54 lr=0.000694 | GPU MB alloc/reserved=280.1/1892.0
2026-04-11 15:50:41 | INFO | [Round 2] Epoch 30/80 time=00:00.54 avg=00:00.54 ETA=00:26.99 | GPU MB alloc/reserved=280.1/1892.0
2026-04-11 15:50:41 | INFO | [Round 2] epoch=31/80 loss=0.5180 acc=82.00 val_acc=nan data_t=0.0083s batch_t=0.0846s epoch_t=00:00.56 lr=0.000676 | GPU MB alloc/reserved=280.1/1892.0
2026-04-11 15:50:41 | INFO | [Round 2] Epoch 31/80 time=00:00.56 avg=00:00.54 ETA=00:26.48 | GPU MB alloc/reserved=280.1/1892.0
2026-04-11 15:50:42 | INFO | [Round 2] epoch=32/80 loss=0.4843 acc=82.86 val_acc=nan data_t=0.0064s batch_t=0.0615s epoch_t=00:00.41 lr=0.000658 | GPU MB alloc/reserved=280.1/1892.0
2026-04-11 15:50:42 | INFO | [Round 2] Epoch 32/80 time=00:00.41 avg=00:00.54 ETA=00:25.74 | GPU MB alloc/reserved=280.1/1892.0
2026-04-11 15:50:42 | INFO | [Round 2] epoch=33/80 loss=0.4267 acc=84.57 val_acc=nan data_t=0.0069s batch_t=0.0800s epoch_t=00:00.52 lr=0.000639 | GPU MB alloc/reserved=280.1/1892.0
2026-04-11 15:50:42 | INFO | [Round 2] Epoch 33/80 time=00:00.52 avg=00:00.54 ETA=00:25.18 | GPU MB alloc/reserved=280.1/1892.0
2026-04-11 15:50:43 | INFO | [Round 2] epoch=34/80 loss=0.3814 acc=85.00 val_acc=nan data_t=0.0043s batch_t=0.0941s epoch_t=00:00.59 lr=0.000621 | GPU MB alloc/reserved=280.1/1892.0
2026-04-11 15:50:43 | INFO | [Round 2] Epoch 34/80 time=00:00.59 avg=00:00.54 ETA=00:24.72 | GPU MB alloc/reserved=280.1/1892.0
2026-04-11 15:50:43 | INFO | [Round 2] epoch=35/80 loss=0.3355 acc=89.43 val_acc=nan data_t=0.0068s batch_t=0.0956s epoch_t=00:00.61 lr=0.000602 | GPU MB alloc/reserved=280.1/1892.0
2026-04-11 15:50:43 | INFO | [Round 2] Epoch 35/80 time=00:00.61 avg=00:00.54 ETA=00:24.28 | GPU MB alloc/reserved=280.1/1892.0
2026-04-11 15:50:44 | INFO | [Round 2] epoch=36/80 loss=0.3239 acc=90.14 val_acc=nan data_t=0.0049s batch_t=0.0938s epoch_t=00:00.59 lr=0.000582 | GPU MB alloc/reserved=280.1/1892.0
2026-04-11 15:50:44 | INFO | [Round 2] Epoch 36/80 time=00:00.59 avg=00:00.54 ETA=00:23.81 | GPU MB alloc/reserved=280.1/1892.0
2026-04-11 15:50:45 | INFO | [Round 2] epoch=37/80 loss=0.2810 acc=90.71 val_acc=nan data_t=0.0043s batch_t=0.0886s epoch_t=00:00.56 lr=0.000563 | GPU MB alloc/reserved=280.1/1892.0
2026-04-11 15:50:45 | INFO | [Round 2] Epoch 37/80 time=00:00.56 avg=00:00.54 ETA=00:23.28 | GPU MB alloc/reserved=280.1/1892.0
2026-04-11 15:50:45 | INFO | [Round 2] epoch=38/80 loss=0.2902 acc=90.43 val_acc=nan data_t=0.0081s batch_t=0.0945s epoch_t=00:00.62 lr=0.000544 | GPU MB alloc/reserved=280.1/1892.0
2026-04-11 15:50:45 | INFO | [Round 2] Epoch 38/80 time=00:00.62 avg=00:00.54 ETA=00:22.82 | GPU MB alloc/reserved=280.1/1892.0
2026-04-11 15:50:46 | INFO | [Round 2] epoch=39/80 loss=0.3020 acc=90.00 val_acc=nan data_t=0.0073s batch_t=0.0950s epoch_t=00:00.61 lr=0.000524 | GPU MB alloc/reserved=280.1/1892.0
2026-04-11 15:50:46 | INFO | [Round 2] Epoch 39/80 time=00:00.61 avg=00:00.55 ETA=00:22.36 | GPU MB alloc/reserved=280.1/1892.0
2026-04-11 15:50:46 | INFO | [Round 2] epoch=40/80 loss=0.2931 acc=89.57 val_acc=nan data_t=0.0101s batch_t=0.0938s epoch_t=00:00.62 lr=0.000505 | GPU MB alloc/reserved=280.1/1892.0
2026-04-11 15:50:46 | INFO | [Round 2] Epoch 40/80 time=00:00.62 avg=00:00.55 ETA=00:21.89 | GPU MB alloc/reserved=280.1/1892.0
2026-04-11 15:50:47 | INFO | [Round 2] epoch=41/80 loss=0.2652 acc=89.57 val_acc=nan data_t=0.0064s batch_t=0.0939s epoch_t=00:00.60 lr=0.000486 | GPU MB alloc/reserved=280.1/1892.0
2026-04-11 15:50:47 | INFO | [Round 2] Epoch 41/80 time=00:00.60 avg=00:00.55 ETA=00:21.39 | GPU MB alloc/reserved=280.1/1892.0
2026-04-11 15:50:48 | INFO | [Round 2] epoch=42/80 loss=0.2451 acc=91.71 val_acc=nan data_t=0.0102s batch_t=0.0932s epoch_t=00:00.62 lr=0.000466 | GPU MB alloc/reserved=280.1/1892.0
2026-04-11 15:50:48 | INFO | [Round 2] Epoch 42/80 time=00:00.62 avg=00:00.55 ETA=00:20.91 | GPU MB alloc/reserved=280.1/1892.0
2026-04-11 15:50:48 | INFO | [Round 2] epoch=43/80 loss=0.2149 acc=92.43 val_acc=nan data_t=0.0067s batch_t=0.0943s epoch_t=00:00.61 lr=0.000447 | GPU MB alloc/reserved=280.1/1892.0
2026-04-11 15:50:48 | INFO | [Round 2] Epoch 43/80 time=00:00.61 avg=00:00.55 ETA=00:20.41 | GPU MB alloc/reserved=280.1/1892.0
2026-04-11 15:50:49 | INFO | [Round 2] epoch=44/80 loss=0.2181 acc=92.14 val_acc=nan data_t=0.0063s batch_t=0.0942s epoch_t=00:00.60 lr=0.000428 | GPU MB alloc/reserved=280.1/1892.0
2026-04-11 15:50:49 | INFO | [Round 2] Epoch 44/80 time=00:00.60 avg=00:00.55 ETA=00:19.90 | GPU MB alloc/reserved=280.1/1892.0
2026-04-11 15:50:49 | INFO | [Round 2] epoch=45/80 loss=0.2088 acc=93.00 val_acc=nan data_t=0.0105s batch_t=0.0943s epoch_t=00:00.63 lr=0.000408 | GPU MB alloc/reserved=280.1/1892.0
2026-04-11 15:50:49 | INFO | [Round 2] Epoch 45/80 time=00:00.63 avg=00:00.55 ETA=00:19.40 | GPU MB alloc/reserved=280.1/1892.0
2026-04-11 15:50:50 | INFO | [Round 2] epoch=46/80 loss=0.1857 acc=95.57 val_acc=nan data_t=0.0069s batch_t=0.0816s epoch_t=00:00.53 lr=0.000389 | GPU MB alloc/reserved=280.1/1892.0
2026-04-11 15:50:50 | INFO | [Round 2] Epoch 46/80 time=00:00.53 avg=00:00.55 ETA=00:18.83 | GPU MB alloc/reserved=280.1/1892.0
2026-04-11 15:50:50 | INFO | [Round 2] epoch=47/80 loss=0.1305 acc=96.86 val_acc=nan data_t=0.0068s batch_t=0.0545s epoch_t=00:00.37 lr=0.000371 | GPU MB alloc/reserved=280.1/1892.0
2026-04-11 15:50:50 | INFO | [Round 2] Epoch 47/80 time=00:00.37 avg=00:00.55 ETA=00:18.15 | GPU MB alloc/reserved=280.1/1892.0
2026-04-11 15:50:51 | INFO | [Round 2] epoch=48/80 loss=0.1120 acc=97.57 val_acc=nan data_t=0.0104s batch_t=0.0538s epoch_t=00:00.39 lr=0.000352 | GPU MB alloc/reserved=280.1/1892.0
2026-04-11 15:50:51 | INFO | [Round 2] Epoch 48/80 time=00:00.39 avg=00:00.55 ETA=00:17.49 | GPU MB alloc/reserved=280.1/1892.0
2026-04-11 15:50:51 | INFO | [Round 2] epoch=49/80 loss=0.1047 acc=97.14 val_acc=nan data_t=0.0071s batch_t=0.0697s epoch_t=00:00.46 lr=0.000334 | GPU MB alloc/reserved=280.1/1892.0
2026-04-11 15:50:51 | INFO | [Round 2] Epoch 49/80 time=00:00.46 avg=00:00.54 ETA=00:16.89 | GPU MB alloc/reserved=280.1/1892.0
2026-04-11 15:50:52 | INFO | [Round 2] epoch=50/80 loss=0.0582 acc=99.14 val_acc=nan data_t=0.0083s batch_t=0.0605s epoch_t=00:00.41 lr=0.000316 | GPU MB alloc/reserved=280.1/1892.0
2026-04-11 15:50:52 | INFO | [Round 2] Epoch 50/80 time=00:00.41 avg=00:00.54 ETA=00:16.26 | GPU MB alloc/reserved=280.1/1892.0
2026-04-11 15:50:52 | INFO | [Round 2] epoch=51/80 loss=0.0583 acc=99.00 val_acc=nan data_t=0.0053s batch_t=0.0546s epoch_t=00:00.36 lr=0.000298 | GPU MB alloc/reserved=280.1/1892.0
2026-04-11 15:50:52 | INFO | [Round 2] Epoch 51/80 time=00:00.36 avg=00:00.54 ETA=00:15.62 | GPU MB alloc/reserved=280.1/1892.0
2026-04-11 15:50:52 | INFO | [Round 2] epoch=52/80 loss=0.0501 acc=99.43 val_acc=nan data_t=0.0086s batch_t=0.0557s epoch_t=00:00.39 lr=0.000280 | GPU MB alloc/reserved=280.1/1892.0
2026-04-11 15:50:52 | INFO | [Round 2] Epoch 52/80 time=00:00.39 avg=00:00.54 ETA=00:15.00 | GPU MB alloc/reserved=280.1/1892.0
2026-04-11 15:50:53 | INFO | [Round 2] epoch=53/80 loss=0.0548 acc=98.86 val_acc=nan data_t=0.0086s batch_t=0.0886s epoch_t=00:00.58 lr=0.000263 | GPU MB alloc/reserved=280.1/1892.0
2026-04-11 15:50:53 | INFO | [Round 2] Epoch 53/80 time=00:00.58 avg=00:00.54 ETA=00:14.49 | GPU MB alloc/reserved=280.1/1892.0
2026-04-11 15:50:53 | INFO | [Round 2] epoch=54/80 loss=0.0430 acc=99.57 val_acc=nan data_t=0.0049s batch_t=0.0773s epoch_t=00:00.49 lr=0.000246 | GPU MB alloc/reserved=280.1/1892.0
2026-04-11 15:50:53 | INFO | [Round 2] Epoch 54/80 time=00:00.49 avg=00:00.54 ETA=00:13.93 | GPU MB alloc/reserved=280.1/1892.0
2026-04-11 15:50:54 | INFO | [Round 2] epoch=55/80 loss=0.0538 acc=98.57 val_acc=nan data_t=0.0042s batch_t=0.0811s epoch_t=00:00.51 lr=0.000230 | GPU MB alloc/reserved=280.1/1892.0
2026-04-11 15:50:54 | INFO | [Round 2] Epoch 55/80 time=00:00.51 avg=00:00.54 ETA=00:13.38 | GPU MB alloc/reserved=280.1/1892.0
2026-04-11 15:50:55 | INFO | [Round 2] epoch=56/80 loss=0.0321 acc=99.43 val_acc=nan data_t=0.0056s batch_t=0.0825s epoch_t=00:00.53 lr=0.000214 | GPU MB alloc/reserved=280.1/1892.0
2026-04-11 15:50:55 | INFO | [Round 2] Epoch 56/80 time=00:00.53 avg=00:00.54 ETA=00:12.85 | GPU MB alloc/reserved=280.1/1892.0
2026-04-11 15:50:55 | INFO | [Round 2] epoch=57/80 loss=0.0365 acc=99.86 val_acc=nan data_t=0.0045s batch_t=0.0814s epoch_t=00:00.52 lr=0.000199 | GPU MB alloc/reserved=280.1/1892.0
2026-04-11 15:50:55 | INFO | [Round 2] Epoch 57/80 time=00:00.52 avg=00:00.53 ETA=00:12.30 | GPU MB alloc/reserved=280.1/1892.0
2026-04-11 15:50:56 | INFO | [Round 2] epoch=58/80 loss=0.0293 acc=99.71 val_acc=nan data_t=0.0091s batch_t=0.0848s epoch_t=00:00.56 lr=0.000184 | GPU MB alloc/reserved=280.1/1892.0
2026-04-11 15:50:56 | INFO | [Round 2] Epoch 58/80 time=00:00.56 avg=00:00.54 ETA=00:11.78 | GPU MB alloc/reserved=280.1/1892.0
2026-04-11 15:50:56 | INFO | [Round 2] epoch=59/80 loss=0.0275 acc=99.71 val_acc=nan data_t=0.0047s batch_t=0.0831s epoch_t=00:00.53 lr=0.000169 | GPU MB alloc/reserved=280.1/1892.0
2026-04-11 15:50:56 | INFO | [Round 2] Epoch 59/80 time=00:00.53 avg=00:00.54 ETA=00:11.24 | GPU MB alloc/reserved=280.1/1892.0
2026-04-11 15:50:57 | INFO | [Round 2] epoch=60/80 loss=0.0223 acc=99.86 val_acc=nan data_t=0.0046s batch_t=0.0819s epoch_t=00:00.52 lr=0.000155 | GPU MB alloc/reserved=280.1/1892.0
2026-04-11 15:50:57 | INFO | [Round 2] Epoch 60/80 time=00:00.52 avg=00:00.53 ETA=00:10.70 | GPU MB alloc/reserved=280.1/1892.0
2026-04-11 15:50:57 | INFO | [Round 2] epoch=61/80 loss=0.0214 acc=99.86 val_acc=nan data_t=0.0087s batch_t=0.0844s epoch_t=00:00.56 lr=0.000142 | GPU MB alloc/reserved=280.1/1892.0
2026-04-11 15:50:57 | INFO | [Round 2] Epoch 61/80 time=00:00.56 avg=00:00.54 ETA=00:10.17 | GPU MB alloc/reserved=280.1/1892.0
2026-04-11 15:50:58 | INFO | [Round 2] epoch=62/80 loss=0.0175 acc=100.00 val_acc=nan data_t=0.0047s batch_t=0.0816s epoch_t=00:00.52 lr=0.000129 | GPU MB alloc/reserved=280.1/1892.0
2026-04-11 15:50:58 | INFO | [Round 2] Epoch 62/80 time=00:00.52 avg=00:00.54 ETA=00:09.63 | GPU MB alloc/reserved=280.1/1892.0
2026-04-11 15:50:58 | INFO | [Round 2] epoch=63/80 loss=0.0243 acc=99.86 val_acc=nan data_t=0.0062s batch_t=0.0798s epoch_t=00:00.52 lr=0.000116 | GPU MB alloc/reserved=280.1/1892.0
2026-04-11 15:50:58 | INFO | [Round 2] Epoch 63/80 time=00:00.52 avg=00:00.53 ETA=00:09.09 | GPU MB alloc/reserved=280.1/1892.0
2026-04-11 15:50:59 | INFO | [Round 2] epoch=64/80 loss=0.0195 acc=99.71 val_acc=nan data_t=0.0086s batch_t=0.0844s epoch_t=00:00.56 lr=0.000105 | GPU MB alloc/reserved=280.1/1892.0
2026-04-11 15:50:59 | INFO | [Round 2] Epoch 64/80 time=00:00.56 avg=00:00.54 ETA=00:08.56 | GPU MB alloc/reserved=280.1/1892.0
2026-04-11 15:50:59 | INFO | [Round 2] epoch=65/80 loss=0.0171 acc=99.86 val_acc=nan data_t=0.0085s batch_t=0.0707s epoch_t=00:00.48 lr=0.000093 | GPU MB alloc/reserved=280.1/1892.0
2026-04-11 15:50:59 | INFO | [Round 2] Epoch 65/80 time=00:00.48 avg=00:00.53 ETA=00:08.01 | GPU MB alloc/reserved=280.1/1892.0
2026-04-11 15:51:00 | INFO | [Round 2] epoch=66/80 loss=0.0147 acc=100.00 val_acc=nan data_t=0.0068s batch_t=0.0870s epoch_t=00:00.56 lr=0.000083 | GPU MB alloc/reserved=280.1/1892.0
2026-04-11 15:51:00 | INFO | [Round 2] Epoch 66/80 time=00:00.56 avg=00:00.53 ETA=00:07.49 | GPU MB alloc/reserved=280.1/1892.0
2026-04-11 15:51:00 | INFO | [Round 2] epoch=67/80 loss=0.0174 acc=100.00 val_acc=nan data_t=0.0042s batch_t=0.0963s epoch_t=00:00.60 lr=0.000073 | GPU MB alloc/reserved=280.1/1892.0
2026-04-11 15:51:00 | INFO | [Round 2] Epoch 67/80 time=00:00.60 avg=00:00.54 ETA=00:06.96 | GPU MB alloc/reserved=280.1/1892.0
2026-04-11 15:51:01 | INFO | [Round 2] epoch=68/80 loss=0.0137 acc=99.86 val_acc=nan data_t=0.0099s batch_t=0.0947s epoch_t=00:00.63 lr=0.000064 | GPU MB alloc/reserved=280.1/1892.0
2026-04-11 15:51:01 | INFO | [Round 2] Epoch 68/80 time=00:00.63 avg=00:00.54 ETA=00:06.44 | GPU MB alloc/reserved=280.1/1892.0
2026-04-11 15:51:02 | INFO | [Round 2] epoch=69/80 loss=0.0176 acc=100.00 val_acc=nan data_t=0.0078s batch_t=0.0831s epoch_t=00:00.55 lr=0.000055 | GPU MB alloc/reserved=280.1/1892.0
2026-04-11 15:51:02 | INFO | [Round 2] Epoch 69/80 time=00:00.55 avg=00:00.54 ETA=00:05.91 | GPU MB alloc/reserved=280.1/1892.0
2026-04-11 15:51:02 | INFO | [Round 2] epoch=70/80 loss=0.0144 acc=99.86 val_acc=nan data_t=0.0044s batch_t=0.0939s epoch_t=00:00.59 lr=0.000048 | GPU MB alloc/reserved=280.1/1892.0
2026-04-11 15:51:02 | INFO | [Round 2] Epoch 70/80 time=00:00.59 avg=00:00.54 ETA=00:05.38 | GPU MB alloc/reserved=280.1/1892.0
2026-04-11 15:51:03 | INFO | [Round 2] epoch=71/80 loss=0.0158 acc=99.86 val_acc=nan data_t=0.0057s batch_t=0.0926s epoch_t=00:00.59 lr=0.000041 | GPU MB alloc/reserved=280.1/1892.0
2026-04-11 15:51:03 | INFO | [Round 2] Epoch 71/80 time=00:00.59 avg=00:00.54 ETA=00:04.85 | GPU MB alloc/reserved=280.1/1892.0
2026-04-11 15:51:03 | INFO | [Round 2] epoch=72/80 loss=0.0168 acc=99.86 val_acc=nan data_t=0.0067s batch_t=0.0926s epoch_t=00:00.60 lr=0.000034 | GPU MB alloc/reserved=280.1/1892.0
2026-04-11 15:51:03 | INFO | [Round 2] Epoch 72/80 time=00:00.60 avg=00:00.54 ETA=00:04.32 | GPU MB alloc/reserved=280.1/1892.0
2026-04-11 15:51:04 | INFO | [Round 2] epoch=73/80 loss=0.0137 acc=100.00 val_acc=nan data_t=0.0063s batch_t=0.0921s epoch_t=00:00.59 lr=0.000029 | GPU MB alloc/reserved=280.1/1892.0
2026-04-11 15:51:04 | INFO | [Round 2] Epoch 73/80 time=00:00.59 avg=00:00.54 ETA=00:03.78 | GPU MB alloc/reserved=280.1/1892.0
2026-04-11 15:51:05 | INFO | [Round 2] epoch=74/80 loss=0.0111 acc=100.00 val_acc=nan data_t=0.0046s batch_t=0.0971s epoch_t=00:00.61 lr=0.000024 | GPU MB alloc/reserved=280.1/1892.0
2026-04-11 15:51:05 | INFO | [Round 2] Epoch 74/80 time=00:00.61 avg=00:00.54 ETA=00:03.25 | GPU MB alloc/reserved=280.1/1892.0
2026-04-11 15:51:05 | INFO | [Round 2] epoch=75/80 loss=0.0123 acc=100.00 val_acc=nan data_t=0.0066s batch_t=0.0915s epoch_t=00:00.59 lr=0.000020 | GPU MB alloc/reserved=280.1/1892.0
2026-04-11 15:51:05 | INFO | [Round 2] Epoch 75/80 time=00:00.59 avg=00:00.54 ETA=00:02.71 | GPU MB alloc/reserved=280.1/1892.0
2026-04-11 15:51:06 | INFO | [Round 2] epoch=76/80 loss=0.0150 acc=99.86 val_acc=nan data_t=0.0070s batch_t=0.0893s epoch_t=00:00.58 lr=0.000016 | GPU MB alloc/reserved=280.1/1892.0
2026-04-11 15:51:06 | INFO | [Round 2] Epoch 76/80 time=00:00.58 avg=00:00.54 ETA=00:02.17 | GPU MB alloc/reserved=280.1/1892.0
2026-04-11 15:51:06 | INFO | [Round 2] epoch=77/80 loss=0.0113 acc=100.00 val_acc=nan data_t=0.0084s batch_t=0.0891s epoch_t=00:00.58 lr=0.000013 | GPU MB alloc/reserved=280.1/1892.0
2026-04-11 15:51:06 | INFO | [Round 2] Epoch 77/80 time=00:00.58 avg=00:00.54 ETA=00:01.63 | GPU MB alloc/reserved=280.1/1892.0
2026-04-11 15:51:07 | INFO | [Round 2] epoch=78/80 loss=0.0118 acc=100.00 val_acc=nan data_t=0.0059s batch_t=0.0926s epoch_t=00:00.59 lr=0.000012 | GPU MB alloc/reserved=280.1/1892.0
2026-04-11 15:51:07 | INFO | [Round 2] Epoch 78/80 time=00:00.59 avg=00:00.54 ETA=00:01.09 | GPU MB alloc/reserved=280.1/1892.0
2026-04-11 15:51:07 | INFO | [Round 2] epoch=79/80 loss=0.0131 acc=100.00 val_acc=nan data_t=0.0085s batch_t=0.0806s epoch_t=00:00.53 lr=0.000010 | GPU MB alloc/reserved=280.1/1892.0
2026-04-11 15:51:07 | INFO | [Round 2] Epoch 79/80 time=00:00.53 avg=00:00.54 ETA=00:00.54 | GPU MB alloc/reserved=280.1/1892.0
2026-04-11 15:51:08 | INFO | [Round 2] epoch=80/80 loss=0.0129 acc=99.86 val_acc=nan data_t=0.0055s batch_t=0.0563s epoch_t=00:00.37 lr=0.000010 | GPU MB alloc/reserved=280.1/1892.0
2026-04-11 15:51:08 | INFO | [Round 2] Epoch 80/80 time=00:00.37 avg=00:00.54 ETA=00:00.00 | GPU MB alloc/reserved=280.1/1892.0
2026-04-11 15:51:08 | INFO | [Round 2] training complete in 00:43.74 (best monitor=100.000) | GPU MB alloc/reserved=280.1/1892.0
2026-04-11 15:51:08 | INFO | [Round 2] evaluation started | GPU MB alloc/reserved=193.7/1892.0
2026-04-11 15:51:16 | INFO | [Round 2] clean=47.45 fgsm=37.29 pgd=37.13 grad_disp_mean=nan grad_disp_sel=nan round_t=53.12s | GPU MB alloc/reserved=193.7/1892.0
2026-04-11 15:51:16 | INFO | [Round 3/21] elapsed=00:53.12 avg_round=00:46.74 projected_remaining=14:01.34 | GPU MB alloc/reserved=193.7/1892.0
2026-04-11 15:51:17 | INFO | [Round 3] acquisition on pool_size=49300 scored_pool=5000 budget=100 | GPU MB alloc/reserved=106.2/1892.0
2026-04-11 15:51:17 | INFO | [BADGE] scoring progress 10/20 elapsed=00:00.34 avg/batch=0.034s ETA=00:00.34 | GPU MB alloc/reserved=114.7/1892.0
2026-04-11 15:51:17 | INFO | [BADGE] scoring progress 20/20 elapsed=00:00.55 avg/batch=0.027s ETA=00:00.00 | GPU MB alloc/reserved=111.0/1892.0
2026-04-11 15:51:18 | INFO | [Round 3] labeled=800 train=800 val_fixed=0 | GPU MB alloc/reserved=149.6/1892.0
2026-04-11 15:51:19 | INFO | [Round 3] epoch=1/80 loss=2.3919 acc=17.38 val_acc=nan data_t=0.0257s batch_t=0.0913s epoch_t=00:00.82 lr=0.001000 | GPU MB alloc/reserved=278.5/1894.0
2026-04-11 15:51:19 | INFO | [Round 3] Epoch 1/80 time=00:00.82 avg=00:00.82 ETA=01:04.67 | GPU MB alloc/reserved=278.5/1894.0
2026-04-11 15:51:19 | INFO | [Round 3] epoch=2/80 loss=2.0278 acc=24.00 val_acc=nan data_t=0.0039s batch_t=0.0801s epoch_t=00:00.59 lr=0.000998 | GPU MB alloc/reserved=278.5/1894.0
2026-04-11 15:51:19 | INFO | [Round 3] Epoch 2/80 time=00:00.59 avg=00:00.70 ETA=00:54.87 | GPU MB alloc/reserved=278.5/1894.0
2026-04-11 15:51:20 | INFO | [Round 3] epoch=3/80 loss=1.9408 acc=28.12 val_acc=nan data_t=0.0058s batch_t=0.0858s epoch_t=00:00.64 lr=0.000997 | GPU MB alloc/reserved=278.5/1894.0
2026-04-11 15:51:20 | INFO | [Round 3] Epoch 3/80 time=00:00.64 avg=00:00.68 ETA=00:52.59 | GPU MB alloc/reserved=278.5/1894.0
2026-04-11 15:51:21 | INFO | [Round 3] epoch=4/80 loss=1.9120 acc=30.00 val_acc=nan data_t=0.0071s batch_t=0.0827s epoch_t=00:00.63 lr=0.000994 | GPU MB alloc/reserved=278.5/1894.0
2026-04-11 15:51:21 | INFO | [Round 3] Epoch 4/80 time=00:00.63 avg=00:00.67 ETA=00:50.87 | GPU MB alloc/reserved=278.5/1894.0
2026-04-11 15:51:21 | INFO | [Round 3] epoch=5/80 loss=1.8685 acc=28.75 val_acc=nan data_t=0.0075s batch_t=0.0782s epoch_t=00:00.60 lr=0.000990 | GPU MB alloc/reserved=278.5/1894.0
2026-04-11 15:51:21 | INFO | [Round 3] Epoch 5/80 time=00:00.60 avg=00:00.66 ETA=00:49.16 | GPU MB alloc/reserved=278.5/1894.0
2026-04-11 15:51:22 | INFO | [Round 3] epoch=6/80 loss=1.8652 acc=30.88 val_acc=nan data_t=0.0072s batch_t=0.0834s epoch_t=00:00.64 lr=0.000986 | GPU MB alloc/reserved=278.5/1894.0
2026-04-11 15:51:22 | INFO | [Round 3] Epoch 6/80 time=00:00.64 avg=00:00.65 ETA=00:48.25 | GPU MB alloc/reserved=278.5/1894.0
2026-04-11 15:51:23 | INFO | [Round 3] epoch=7/80 loss=1.7906 acc=32.50 val_acc=nan data_t=0.0071s batch_t=0.0840s epoch_t=00:00.64 lr=0.000981 | GPU MB alloc/reserved=278.5/1894.0
2026-04-11 15:51:23 | INFO | [Round 3] Epoch 7/80 time=00:00.64 avg=00:00.65 ETA=00:47.46 | GPU MB alloc/reserved=278.5/1894.0
2026-04-11 15:51:23 | INFO | [Round 3] epoch=8/80 loss=1.7920 acc=31.50 val_acc=nan data_t=0.0086s batch_t=0.0822s epoch_t=00:00.64 lr=0.000976 | GPU MB alloc/reserved=278.5/1894.0
2026-04-11 15:51:23 | INFO | [Round 3] Epoch 8/80 time=00:00.64 avg=00:00.65 ETA=00:46.68 | GPU MB alloc/reserved=278.5/1894.0
2026-04-11 15:51:24 | INFO | [Round 3] epoch=9/80 loss=1.6790 acc=33.88 val_acc=nan data_t=0.0058s batch_t=0.0830s epoch_t=00:00.62 lr=0.000969 | GPU MB alloc/reserved=278.5/1894.0
2026-04-11 15:51:24 | INFO | [Round 3] Epoch 9/80 time=00:00.62 avg=00:00.65 ETA=00:45.82 | GPU MB alloc/reserved=278.5/1894.0
2026-04-11 15:51:25 | INFO | [Round 3] epoch=10/80 loss=1.6612 acc=36.75 val_acc=nan data_t=0.0037s batch_t=0.0840s epoch_t=00:00.61 lr=0.000962 | GPU MB alloc/reserved=278.5/1894.0
2026-04-11 15:51:25 | INFO | [Round 3] Epoch 10/80 time=00:00.61 avg=00:00.64 ETA=00:44.96 | GPU MB alloc/reserved=278.5/1894.0
2026-04-11 15:51:25 | INFO | [Round 3] epoch=11/80 loss=1.6207 acc=38.50 val_acc=nan data_t=0.0078s batch_t=0.0844s epoch_t=00:00.65 lr=0.000955 | GPU MB alloc/reserved=278.5/1894.0
2026-04-11 15:51:25 | INFO | [Round 3] Epoch 11/80 time=00:00.65 avg=00:00.64 ETA=00:44.34 | GPU MB alloc/reserved=278.5/1894.0
2026-04-11 15:51:26 | INFO | [Round 3] epoch=12/80 loss=1.6497 acc=37.62 val_acc=nan data_t=0.0056s batch_t=0.0870s epoch_t=00:00.65 lr=0.000946 | GPU MB alloc/reserved=278.5/1894.0
2026-04-11 15:51:26 | INFO | [Round 3] Epoch 12/80 time=00:00.65 avg=00:00.64 ETA=00:43.73 | GPU MB alloc/reserved=278.5/1894.0
2026-04-11 15:51:26 | INFO | [Round 3] epoch=13/80 loss=1.6250 acc=37.50 val_acc=nan data_t=0.0079s batch_t=0.0870s epoch_t=00:00.66 lr=0.000937 | GPU MB alloc/reserved=278.5/1894.0
2026-04-11 15:51:26 | INFO | [Round 3] Epoch 13/80 time=00:00.66 avg=00:00.64 ETA=00:43.20 | GPU MB alloc/reserved=278.5/1894.0
2026-04-11 15:51:27 | INFO | [Round 3] epoch=14/80 loss=1.5605 acc=37.62 val_acc=nan data_t=0.0070s batch_t=0.0856s epoch_t=00:00.65 lr=0.000927 | GPU MB alloc/reserved=278.5/1894.0
2026-04-11 15:51:27 | INFO | [Round 3] Epoch 14/80 time=00:00.65 avg=00:00.64 ETA=00:42.57 | GPU MB alloc/reserved=278.5/1894.0
2026-04-11 15:51:28 | INFO | [Round 3] epoch=15/80 loss=1.5680 acc=39.12 val_acc=nan data_t=0.0038s batch_t=0.0860s epoch_t=00:00.63 lr=0.000917 | GPU MB alloc/reserved=278.5/1894.0
2026-04-11 15:51:28 | INFO | [Round 3] Epoch 15/80 time=00:00.63 avg=00:00.64 ETA=00:41.85 | GPU MB alloc/reserved=278.5/1894.0
2026-04-11 15:51:28 | INFO | [Round 3] epoch=16/80 loss=1.5287 acc=41.38 val_acc=nan data_t=0.0047s batch_t=0.0840s epoch_t=00:00.62 lr=0.000905 | GPU MB alloc/reserved=278.5/1894.0
2026-04-11 15:51:28 | INFO | [Round 3] Epoch 16/80 time=00:00.62 avg=00:00.64 ETA=00:41.12 | GPU MB alloc/reserved=278.5/1894.0
2026-04-11 15:51:29 | INFO | [Round 3] epoch=17/80 loss=1.4787 acc=44.75 val_acc=nan data_t=0.0068s batch_t=0.0854s epoch_t=00:00.65 lr=0.000894 | GPU MB alloc/reserved=278.5/1894.0
2026-04-11 15:51:29 | INFO | [Round 3] Epoch 17/80 time=00:00.65 avg=00:00.64 ETA=00:40.49 | GPU MB alloc/reserved=278.5/1894.0
2026-04-11 15:51:30 | INFO | [Round 3] epoch=18/80 loss=1.4431 acc=43.75 val_acc=nan data_t=0.0040s batch_t=0.0847s epoch_t=00:00.62 lr=0.000881 | GPU MB alloc/reserved=278.5/1894.0
2026-04-11 15:51:30 | INFO | [Round 3] Epoch 18/80 time=00:00.62 avg=00:00.64 ETA=00:39.77 | GPU MB alloc/reserved=278.5/1894.0
2026-04-11 15:51:30 | INFO | [Round 3] epoch=19/80 loss=1.3834 acc=46.62 val_acc=nan data_t=0.0082s batch_t=0.0828s epoch_t=00:00.64 lr=0.000868 | GPU MB alloc/reserved=278.5/1894.0
2026-04-11 15:51:30 | INFO | [Round 3] Epoch 19/80 time=00:00.64 avg=00:00.64 ETA=00:39.12 | GPU MB alloc/reserved=278.5/1894.0
2026-04-11 15:51:31 | INFO | [Round 3] epoch=20/80 loss=1.4392 acc=44.62 val_acc=nan data_t=0.0056s batch_t=0.0838s epoch_t=00:00.63 lr=0.000855 | GPU MB alloc/reserved=278.5/1894.0
2026-04-11 15:51:31 | INFO | [Round 3] Epoch 20/80 time=00:00.63 avg=00:00.64 ETA=00:38.43 | GPU MB alloc/reserved=278.5/1894.0
2026-04-11 15:51:32 | INFO | [Round 3] epoch=21/80 loss=1.3459 acc=48.12 val_acc=nan data_t=0.0038s batch_t=0.0818s epoch_t=00:00.60 lr=0.000841 | GPU MB alloc/reserved=278.5/1894.0
2026-04-11 15:51:32 | INFO | [Round 3] Epoch 21/80 time=00:00.60 avg=00:00.64 ETA=00:37.67 | GPU MB alloc/reserved=278.5/1894.0
2026-04-11 15:51:32 | INFO | [Round 3] epoch=22/80 loss=1.2674 acc=52.88 val_acc=nan data_t=0.0076s batch_t=0.0821s epoch_t=00:00.63 lr=0.000826 | GPU MB alloc/reserved=278.5/1894.0
2026-04-11 15:51:32 | INFO | [Round 3] Epoch 22/80 time=00:00.63 avg=00:00.64 ETA=00:37.01 | GPU MB alloc/reserved=278.5/1894.0
2026-04-11 15:51:33 | INFO | [Round 3] epoch=23/80 loss=1.2895 acc=52.25 val_acc=nan data_t=0.0065s batch_t=0.0820s epoch_t=00:00.62 lr=0.000811 | GPU MB alloc/reserved=278.5/1894.0
2026-04-11 15:51:33 | INFO | [Round 3] Epoch 23/80 time=00:00.62 avg=00:00.64 ETA=00:36.33 | GPU MB alloc/reserved=278.5/1894.0
2026-04-11 15:51:33 | INFO | [Round 3] epoch=24/80 loss=1.1950 acc=56.25 val_acc=nan data_t=0.0049s batch_t=0.0841s epoch_t=00:00.62 lr=0.000796 | GPU MB alloc/reserved=278.5/1894.0
2026-04-11 15:51:33 | INFO | [Round 3] Epoch 24/80 time=00:00.62 avg=00:00.64 ETA=00:35.66 | GPU MB alloc/reserved=278.5/1894.0
2026-04-11 15:51:34 | INFO | [Round 3] epoch=25/80 loss=1.2260 acc=53.00 val_acc=nan data_t=0.0059s batch_t=0.0854s epoch_t=00:00.64 lr=0.000780 | GPU MB alloc/reserved=278.5/1894.0
2026-04-11 15:51:34 | INFO | [Round 3] Epoch 25/80 time=00:00.64 avg=00:00.64 ETA=00:35.03 | GPU MB alloc/reserved=278.5/1894.0
2026-04-11 15:51:35 | INFO | [Round 3] epoch=26/80 loss=1.1588 acc=57.38 val_acc=nan data_t=0.0066s batch_t=0.0792s epoch_t=00:00.60 lr=0.000764 | GPU MB alloc/reserved=278.5/1894.0
2026-04-11 15:51:35 | INFO | [Round 3] Epoch 26/80 time=00:00.60 avg=00:00.64 ETA=00:34.31 | GPU MB alloc/reserved=278.5/1894.0
2026-04-11 15:51:35 | INFO | [Round 3] epoch=27/80 loss=1.1658 acc=55.38 val_acc=nan data_t=0.0108s batch_t=0.0813s epoch_t=00:00.64 lr=0.000747 | GPU MB alloc/reserved=278.5/1894.0
2026-04-11 15:51:35 | INFO | [Round 3] Epoch 27/80 time=00:00.64 avg=00:00.64 ETA=00:33.70 | GPU MB alloc/reserved=278.5/1894.0
2026-04-11 15:51:36 | INFO | [Round 3] epoch=28/80 loss=1.0774 acc=59.50 val_acc=nan data_t=0.0042s batch_t=0.0838s epoch_t=00:00.62 lr=0.000730 | GPU MB alloc/reserved=278.5/1894.0
2026-04-11 15:51:36 | INFO | [Round 3] Epoch 28/80 time=00:00.62 avg=00:00.64 ETA=00:33.03 | GPU MB alloc/reserved=278.5/1894.0
2026-04-11 15:51:37 | INFO | [Round 3] epoch=29/80 loss=1.0237 acc=61.62 val_acc=nan data_t=0.0075s batch_t=0.0848s epoch_t=00:00.65 lr=0.000712 | GPU MB alloc/reserved=278.5/1894.0
2026-04-11 15:51:37 | INFO | [Round 3] Epoch 29/80 time=00:00.65 avg=00:00.64 ETA=00:32.41 | GPU MB alloc/reserved=278.5/1894.0
2026-04-11 15:51:37 | INFO | [Round 3] epoch=30/80 loss=0.9970 acc=63.75 val_acc=nan data_t=0.0070s batch_t=0.0833s epoch_t=00:00.63 lr=0.000694 | GPU MB alloc/reserved=278.5/1894.0
2026-04-11 15:51:37 | INFO | [Round 3] Epoch 30/80 time=00:00.63 avg=00:00.64 ETA=00:31.77 | GPU MB alloc/reserved=278.5/1894.0
2026-04-11 15:51:38 | INFO | [Round 3] epoch=31/80 loss=0.9615 acc=63.00 val_acc=nan data_t=0.0071s batch_t=0.0814s epoch_t=00:00.62 lr=0.000676 | GPU MB alloc/reserved=278.5/1894.0
2026-04-11 15:51:38 | INFO | [Round 3] Epoch 31/80 time=00:00.62 avg=00:00.63 ETA=00:31.11 | GPU MB alloc/reserved=278.5/1894.0
2026-04-11 15:51:38 | INFO | [Round 3] epoch=32/80 loss=0.9328 acc=64.38 val_acc=nan data_t=0.0074s batch_t=0.0798s epoch_t=00:00.61 lr=0.000658 | GPU MB alloc/reserved=278.5/1894.0
2026-04-11 15:51:38 | INFO | [Round 3] Epoch 32/80 time=00:00.61 avg=00:00.63 ETA=00:30.44 | GPU MB alloc/reserved=278.5/1894.0
2026-04-11 15:51:39 | INFO | [Round 3] epoch=33/80 loss=0.9294 acc=64.75 val_acc=nan data_t=0.0075s batch_t=0.0809s epoch_t=00:00.62 lr=0.000639 | GPU MB alloc/reserved=278.5/1894.0
2026-04-11 15:51:39 | INFO | [Round 3] Epoch 33/80 time=00:00.62 avg=00:00.63 ETA=00:29.78 | GPU MB alloc/reserved=278.5/1894.0
2026-04-11 15:51:40 | INFO | [Round 3] epoch=34/80 loss=0.8411 acc=68.12 val_acc=nan data_t=0.0037s batch_t=0.0860s epoch_t=00:00.63 lr=0.000621 | GPU MB alloc/reserved=278.5/1894.0
2026-04-11 15:51:40 | INFO | [Round 3] Epoch 34/80 time=00:00.63 avg=00:00.63 ETA=00:29.14 | GPU MB alloc/reserved=278.5/1894.0
2026-04-11 15:51:40 | INFO | [Round 3] epoch=35/80 loss=0.8161 acc=70.25 val_acc=nan data_t=0.0073s batch_t=0.0814s epoch_t=00:00.62 lr=0.000602 | GPU MB alloc/reserved=278.5/1894.0
2026-04-11 15:51:40 | INFO | [Round 3] Epoch 35/80 time=00:00.62 avg=00:00.63 ETA=00:28.49 | GPU MB alloc/reserved=278.5/1894.0
2026-04-11 15:51:41 | INFO | [Round 3] epoch=36/80 loss=0.7498 acc=72.25 val_acc=nan data_t=0.0060s batch_t=0.0858s epoch_t=00:00.64 lr=0.000582 | GPU MB alloc/reserved=278.5/1894.0
2026-04-11 15:51:41 | INFO | [Round 3] Epoch 36/80 time=00:00.64 avg=00:00.63 ETA=00:27.87 | GPU MB alloc/reserved=278.5/1894.0
2026-04-11 15:51:42 | INFO | [Round 3] epoch=37/80 loss=0.7388 acc=71.38 val_acc=nan data_t=0.0037s batch_t=0.0824s epoch_t=00:00.60 lr=0.000563 | GPU MB alloc/reserved=278.5/1894.0
2026-04-11 15:51:42 | INFO | [Round 3] Epoch 37/80 time=00:00.60 avg=00:00.63 ETA=00:27.20 | GPU MB alloc/reserved=278.5/1894.0
2026-04-11 15:51:42 | INFO | [Round 3] epoch=38/80 loss=0.7644 acc=71.00 val_acc=nan data_t=0.0086s batch_t=0.0724s epoch_t=00:00.57 lr=0.000544 | GPU MB alloc/reserved=278.5/1894.0
2026-04-11 15:51:42 | INFO | [Round 3] Epoch 38/80 time=00:00.57 avg=00:00.63 ETA=00:26.50 | GPU MB alloc/reserved=278.5/1894.0
2026-04-11 15:51:43 | INFO | [Round 3] epoch=39/80 loss=0.6966 acc=74.25 val_acc=nan data_t=0.0057s batch_t=0.0905s epoch_t=00:00.67 lr=0.000524 | GPU MB alloc/reserved=278.5/1894.0
2026-04-11 15:51:43 | INFO | [Round 3] Epoch 39/80 time=00:00.67 avg=00:00.63 ETA=00:25.91 | GPU MB alloc/reserved=278.5/1894.0
2026-04-11 15:51:44 | INFO | [Round 3] epoch=40/80 loss=0.6845 acc=76.12 val_acc=nan data_t=0.0081s batch_t=0.0951s epoch_t=00:00.72 lr=0.000505 | GPU MB alloc/reserved=278.5/1894.0
2026-04-11 15:51:44 | INFO | [Round 3] Epoch 40/80 time=00:00.72 avg=00:00.63 ETA=00:25.37 | GPU MB alloc/reserved=278.5/1894.0
2026-04-11 15:51:44 | INFO | [Round 3] epoch=41/80 loss=0.5932 acc=78.88 val_acc=nan data_t=0.0075s batch_t=0.0969s epoch_t=00:00.73 lr=0.000486 | GPU MB alloc/reserved=278.5/1894.0
2026-04-11 15:51:44 | INFO | [Round 3] Epoch 41/80 time=00:00.73 avg=00:00.64 ETA=00:24.83 | GPU MB alloc/reserved=278.5/1894.0
2026-04-11 15:51:45 | INFO | [Round 3] epoch=42/80 loss=0.5080 acc=82.62 val_acc=nan data_t=0.0037s batch_t=0.0908s epoch_t=00:00.66 lr=0.000466 | GPU MB alloc/reserved=278.5/1894.0
2026-04-11 15:51:45 | INFO | [Round 3] Epoch 42/80 time=00:00.66 avg=00:00.64 ETA=00:24.21 | GPU MB alloc/reserved=278.5/1894.0
2026-04-11 15:51:46 | INFO | [Round 3] epoch=43/80 loss=0.4488 acc=83.25 val_acc=nan data_t=0.0075s batch_t=0.0947s epoch_t=00:00.72 lr=0.000447 | GPU MB alloc/reserved=278.5/1894.0
2026-04-11 15:51:46 | INFO | [Round 3] Epoch 43/80 time=00:00.72 avg=00:00.64 ETA=00:23.64 | GPU MB alloc/reserved=278.5/1894.0
2026-04-11 15:51:46 | INFO | [Round 3] epoch=44/80 loss=0.4460 acc=84.12 val_acc=nan data_t=0.0072s batch_t=0.0939s epoch_t=00:00.71 lr=0.000428 | GPU MB alloc/reserved=278.5/1894.0
2026-04-11 15:51:46 | INFO | [Round 3] Epoch 44/80 time=00:00.71 avg=00:00.64 ETA=00:23.06 | GPU MB alloc/reserved=278.5/1894.0
2026-04-11 15:51:47 | INFO | [Round 3] epoch=45/80 loss=0.4624 acc=83.25 val_acc=nan data_t=0.0038s batch_t=0.0954s epoch_t=00:00.69 lr=0.000408 | GPU MB alloc/reserved=278.5/1894.0
2026-04-11 15:51:47 | INFO | [Round 3] Epoch 45/80 time=00:00.69 avg=00:00.64 ETA=00:22.46 | GPU MB alloc/reserved=278.5/1894.0
2026-04-11 15:51:48 | INFO | [Round 3] epoch=46/80 loss=0.3877 acc=86.00 val_acc=nan data_t=0.0077s batch_t=0.0954s epoch_t=00:00.72 lr=0.000389 | GPU MB alloc/reserved=278.5/1894.0
2026-04-11 15:51:48 | INFO | [Round 3] Epoch 46/80 time=00:00.72 avg=00:00.64 ETA=00:21.88 | GPU MB alloc/reserved=278.5/1894.0
2026-04-11 15:51:49 | INFO | [Round 3] epoch=47/80 loss=0.3752 acc=86.38 val_acc=nan data_t=0.0047s batch_t=0.0951s epoch_t=00:00.70 lr=0.000371 | GPU MB alloc/reserved=278.5/1894.0
2026-04-11 15:51:49 | INFO | [Round 3] Epoch 47/80 time=00:00.70 avg=00:00.64 ETA=00:21.28 | GPU MB alloc/reserved=278.5/1894.0
2026-04-11 15:51:49 | INFO | [Round 3] epoch=48/80 loss=0.3792 acc=86.75 val_acc=nan data_t=0.0063s batch_t=0.0952s epoch_t=00:00.71 lr=0.000352 | GPU MB alloc/reserved=278.5/1894.0
2026-04-11 15:51:49 | INFO | [Round 3] Epoch 48/80 time=00:00.71 avg=00:00.65 ETA=00:20.68 | GPU MB alloc/reserved=278.5/1894.0
2026-04-11 15:51:50 | INFO | [Round 3] epoch=49/80 loss=0.3494 acc=87.00 val_acc=nan data_t=0.0083s batch_t=0.0943s epoch_t=00:00.72 lr=0.000334 | GPU MB alloc/reserved=278.5/1894.0
2026-04-11 15:51:50 | INFO | [Round 3] Epoch 49/80 time=00:00.72 avg=00:00.65 ETA=00:20.07 | GPU MB alloc/reserved=278.5/1894.0
2026-04-11 15:51:50 | INFO | [Round 3] epoch=50/80 loss=0.3847 acc=87.75 val_acc=nan data_t=0.0044s batch_t=0.0576s epoch_t=00:00.43 lr=0.000316 | GPU MB alloc/reserved=278.5/1894.0
2026-04-11 15:51:50 | INFO | [Round 3] Epoch 50/80 time=00:00.43 avg=00:00.64 ETA=00:19.30 | GPU MB alloc/reserved=278.5/1894.0
2026-04-11 15:51:51 | INFO | [Round 3] epoch=51/80 loss=0.3586 acc=86.62 val_acc=nan data_t=0.0058s batch_t=0.0576s epoch_t=00:00.44 lr=0.000298 | GPU MB alloc/reserved=278.5/1894.0
2026-04-11 15:51:51 | INFO | [Round 3] Epoch 51/80 time=00:00.44 avg=00:00.64 ETA=00:18.54 | GPU MB alloc/reserved=278.5/1894.0
2026-04-11 15:51:51 | INFO | [Round 3] epoch=52/80 loss=0.2988 acc=90.00 val_acc=nan data_t=0.0050s batch_t=0.0716s epoch_t=00:00.54 lr=0.000280 | GPU MB alloc/reserved=278.5/1894.0
2026-04-11 15:51:51 | INFO | [Round 3] Epoch 52/80 time=00:00.54 avg=00:00.64 ETA=00:17.85 | GPU MB alloc/reserved=278.5/1894.0
2026-04-11 15:51:52 | INFO | [Round 3] epoch=53/80 loss=0.2065 acc=93.62 val_acc=nan data_t=0.0077s batch_t=0.0587s epoch_t=00:00.46 lr=0.000263 | GPU MB alloc/reserved=278.5/1894.0
2026-04-11 15:51:52 | INFO | [Round 3] Epoch 53/80 time=00:00.46 avg=00:00.63 ETA=00:17.12 | GPU MB alloc/reserved=278.5/1894.0
2026-04-11 15:51:52 | INFO | [Round 3] epoch=54/80 loss=0.1952 acc=94.62 val_acc=nan data_t=0.0049s batch_t=0.0585s epoch_t=00:00.44 lr=0.000246 | GPU MB alloc/reserved=278.5/1894.0
2026-04-11 15:51:52 | INFO | [Round 3] Epoch 54/80 time=00:00.44 avg=00:00.63 ETA=00:16.40 | GPU MB alloc/reserved=278.5/1894.0
2026-04-11 15:51:53 | INFO | [Round 3] epoch=55/80 loss=0.1653 acc=95.88 val_acc=nan data_t=0.0047s batch_t=0.0762s epoch_t=00:00.57 lr=0.000230 | GPU MB alloc/reserved=278.5/1894.0
2026-04-11 15:51:53 | INFO | [Round 3] Epoch 55/80 time=00:00.57 avg=00:00.63 ETA=00:15.74 | GPU MB alloc/reserved=278.5/1894.0
2026-04-11 15:51:53 | INFO | [Round 3] epoch=56/80 loss=0.1791 acc=95.38 val_acc=nan data_t=0.0051s batch_t=0.0758s epoch_t=00:00.57 lr=0.000214 | GPU MB alloc/reserved=278.5/1894.0
2026-04-11 15:51:53 | INFO | [Round 3] Epoch 56/80 time=00:00.57 avg=00:00.63 ETA=00:15.08 | GPU MB alloc/reserved=278.5/1894.0
2026-04-11 15:51:54 | INFO | [Round 3] epoch=57/80 loss=0.1406 acc=96.38 val_acc=nan data_t=0.0047s batch_t=0.0825s epoch_t=00:00.61 lr=0.000199 | GPU MB alloc/reserved=278.5/1894.0
2026-04-11 15:51:54 | INFO | [Round 3] Epoch 57/80 time=00:00.61 avg=00:00.63 ETA=00:14.45 | GPU MB alloc/reserved=278.5/1894.0
2026-04-11 15:51:55 | INFO | [Round 3] epoch=58/80 loss=0.1300 acc=96.50 val_acc=nan data_t=0.0056s batch_t=0.0868s epoch_t=00:00.65 lr=0.000184 | GPU MB alloc/reserved=278.5/1894.0
2026-04-11 15:51:55 | INFO | [Round 3] Epoch 58/80 time=00:00.65 avg=00:00.63 ETA=00:13.82 | GPU MB alloc/reserved=278.5/1894.0
2026-04-11 15:51:55 | INFO | [Round 3] epoch=59/80 loss=0.1224 acc=97.12 val_acc=nan data_t=0.0074s batch_t=0.0871s epoch_t=00:00.66 lr=0.000169 | GPU MB alloc/reserved=278.5/1894.0
2026-04-11 15:51:55 | INFO | [Round 3] Epoch 59/80 time=00:00.66 avg=00:00.63 ETA=00:13.21 | GPU MB alloc/reserved=278.5/1894.0
2026-04-11 15:51:56 | INFO | [Round 3] epoch=60/80 loss=0.1587 acc=94.50 val_acc=nan data_t=0.0084s batch_t=0.0848s epoch_t=00:00.65 lr=0.000155 | GPU MB alloc/reserved=278.5/1894.0
2026-04-11 15:51:56 | INFO | [Round 3] Epoch 60/80 time=00:00.65 avg=00:00.63 ETA=00:12.59 | GPU MB alloc/reserved=278.5/1894.0
2026-04-11 15:51:57 | INFO | [Round 3] epoch=61/80 loss=0.1476 acc=95.75 val_acc=nan data_t=0.0054s batch_t=0.0815s epoch_t=00:00.61 lr=0.000142 | GPU MB alloc/reserved=278.5/1894.0
2026-04-11 15:51:57 | INFO | [Round 3] Epoch 61/80 time=00:00.61 avg=00:00.63 ETA=00:11.95 | GPU MB alloc/reserved=278.5/1894.0
2026-04-11 15:51:57 | INFO | [Round 3] epoch=62/80 loss=0.1217 acc=97.12 val_acc=nan data_t=0.0074s batch_t=0.0832s epoch_t=00:00.63 lr=0.000129 | GPU MB alloc/reserved=278.5/1894.0
2026-04-11 15:51:57 | INFO | [Round 3] Epoch 62/80 time=00:00.63 avg=00:00.63 ETA=00:11.32 | GPU MB alloc/reserved=278.5/1894.0
2026-04-11 15:51:58 | INFO | [Round 3] epoch=63/80 loss=0.0991 acc=97.12 val_acc=nan data_t=0.0065s batch_t=0.0816s epoch_t=00:00.62 lr=0.000116 | GPU MB alloc/reserved=278.5/1894.0
2026-04-11 15:51:58 | INFO | [Round 3] Epoch 63/80 time=00:00.62 avg=00:00.63 ETA=00:10.69 | GPU MB alloc/reserved=278.5/1894.0
2026-04-11 15:51:59 | INFO | [Round 3] epoch=64/80 loss=0.0960 acc=98.12 val_acc=nan data_t=0.0071s batch_t=0.0831s epoch_t=00:00.63 lr=0.000105 | GPU MB alloc/reserved=278.5/1894.0
2026-04-11 15:51:59 | INFO | [Round 3] Epoch 64/80 time=00:00.63 avg=00:00.63 ETA=00:10.06 | GPU MB alloc/reserved=278.5/1894.0
2026-04-11 15:51:59 | INFO | [Round 3] epoch=65/80 loss=0.0751 acc=98.50 val_acc=nan data_t=0.0079s batch_t=0.0710s epoch_t=00:00.55 lr=0.000093 | GPU MB alloc/reserved=278.5/1894.0
2026-04-11 15:51:59 | INFO | [Round 3] Epoch 65/80 time=00:00.55 avg=00:00.63 ETA=00:09.42 | GPU MB alloc/reserved=278.5/1894.0
2026-04-11 15:52:00 | INFO | [Round 3] epoch=66/80 loss=0.1001 acc=97.62 val_acc=nan data_t=0.0075s batch_t=0.0692s epoch_t=00:00.54 lr=0.000083 | GPU MB alloc/reserved=278.5/1894.0
2026-04-11 15:52:00 | INFO | [Round 3] Epoch 66/80 time=00:00.54 avg=00:00.63 ETA=00:08.77 | GPU MB alloc/reserved=278.5/1894.0
2026-04-11 15:52:00 | INFO | [Round 3] epoch=67/80 loss=0.0767 acc=98.50 val_acc=nan data_t=0.0054s batch_t=0.0895s epoch_t=00:00.66 lr=0.000073 | GPU MB alloc/reserved=278.5/1894.0
2026-04-11 15:52:00 | INFO | [Round 3] Epoch 67/80 time=00:00.66 avg=00:00.63 ETA=00:08.15 | GPU MB alloc/reserved=278.5/1894.0
2026-04-11 15:52:01 | INFO | [Round 3] epoch=68/80 loss=0.0726 acc=98.38 val_acc=nan data_t=0.0038s batch_t=0.0934s epoch_t=00:00.68 lr=0.000064 | GPU MB alloc/reserved=278.5/1894.0
2026-04-11 15:52:01 | INFO | [Round 3] Epoch 68/80 time=00:00.68 avg=00:00.63 ETA=00:07.53 | GPU MB alloc/reserved=278.5/1894.0
2026-04-11 15:52:02 | INFO | [Round 3] epoch=69/80 loss=0.0577 acc=99.50 val_acc=nan data_t=0.0075s batch_t=0.0950s epoch_t=00:00.72 lr=0.000055 | GPU MB alloc/reserved=278.5/1894.0
2026-04-11 15:52:02 | INFO | [Round 3] Epoch 69/80 time=00:00.72 avg=00:00.63 ETA=00:06.92 | GPU MB alloc/reserved=278.5/1894.0
2026-04-11 15:52:02 | INFO | [Round 3] epoch=70/80 loss=0.0605 acc=99.00 val_acc=nan data_t=0.0059s batch_t=0.0885s epoch_t=00:00.66 lr=0.000048 | GPU MB alloc/reserved=278.5/1894.0
2026-04-11 15:52:02 | INFO | [Round 3] Epoch 70/80 time=00:00.66 avg=00:00.63 ETA=00:06.30 | GPU MB alloc/reserved=278.5/1894.0
2026-04-11 15:52:03 | INFO | [Round 3] epoch=71/80 loss=0.0571 acc=99.25 val_acc=nan data_t=0.0056s batch_t=0.0951s epoch_t=00:00.71 lr=0.000041 | GPU MB alloc/reserved=278.5/1894.0
2026-04-11 15:52:03 | INFO | [Round 3] Epoch 71/80 time=00:00.71 avg=00:00.63 ETA=00:05.68 | GPU MB alloc/reserved=278.5/1894.0
2026-04-11 15:52:04 | INFO | [Round 3] epoch=72/80 loss=0.0613 acc=98.62 val_acc=nan data_t=0.0086s batch_t=0.0967s epoch_t=00:00.74 lr=0.000034 | GPU MB alloc/reserved=278.5/1894.0
2026-04-11 15:52:04 | INFO | [Round 3] Epoch 72/80 time=00:00.74 avg=00:00.63 ETA=00:05.06 | GPU MB alloc/reserved=278.5/1894.0
2026-04-11 15:52:05 | INFO | [Round 3] epoch=73/80 loss=0.0537 acc=99.00 val_acc=nan data_t=0.0079s batch_t=0.0941s epoch_t=00:00.71 lr=0.000029 | GPU MB alloc/reserved=278.5/1894.0
2026-04-11 15:52:05 | INFO | [Round 3] Epoch 73/80 time=00:00.71 avg=00:00.63 ETA=00:04.43 | GPU MB alloc/reserved=278.5/1894.0
2026-04-11 15:52:05 | INFO | [Round 3] epoch=74/80 loss=0.0453 acc=99.62 val_acc=nan data_t=0.0043s batch_t=0.0940s epoch_t=00:00.69 lr=0.000024 | GPU MB alloc/reserved=278.5/1894.0
2026-04-11 15:52:05 | INFO | [Round 3] Epoch 74/80 time=00:00.69 avg=00:00.63 ETA=00:03.80 | GPU MB alloc/reserved=278.5/1894.0
2026-04-11 15:52:06 | INFO | [Round 3] epoch=75/80 loss=0.0427 acc=99.62 val_acc=nan data_t=0.0037s batch_t=0.0918s epoch_t=00:00.67 lr=0.000020 | GPU MB alloc/reserved=278.5/1894.0
2026-04-11 15:52:06 | INFO | [Round 3] Epoch 75/80 time=00:00.67 avg=00:00.63 ETA=00:03.17 | GPU MB alloc/reserved=278.5/1894.0
2026-04-11 15:52:07 | INFO | [Round 3] epoch=76/80 loss=0.0546 acc=98.62 val_acc=nan data_t=0.0088s batch_t=0.0905s epoch_t=00:00.69 lr=0.000016 | GPU MB alloc/reserved=278.5/1894.0
2026-04-11 15:52:07 | INFO | [Round 3] Epoch 76/80 time=00:00.69 avg=00:00.64 ETA=00:02.54 | GPU MB alloc/reserved=278.5/1894.0
2026-04-11 15:52:07 | INFO | [Round 3] epoch=77/80 loss=0.0505 acc=99.50 val_acc=nan data_t=0.0076s batch_t=0.0948s epoch_t=00:00.72 lr=0.000013 | GPU MB alloc/reserved=278.5/1894.0
2026-04-11 15:52:07 | INFO | [Round 3] Epoch 77/80 time=00:00.72 avg=00:00.64 ETA=00:01.91 | GPU MB alloc/reserved=278.5/1894.0
2026-04-11 15:52:08 | INFO | [Round 3] epoch=78/80 loss=0.0440 acc=99.25 val_acc=nan data_t=0.0058s batch_t=0.0755s epoch_t=00:00.57 lr=0.000012 | GPU MB alloc/reserved=278.5/1894.0
2026-04-11 15:52:08 | INFO | [Round 3] Epoch 78/80 time=00:00.57 avg=00:00.64 ETA=00:01.27 | GPU MB alloc/reserved=278.5/1894.0
2026-04-11 15:52:08 | INFO | [Round 3] epoch=79/80 loss=0.0404 acc=99.88 val_acc=nan data_t=0.0074s batch_t=0.0590s epoch_t=00:00.47 lr=0.000010 | GPU MB alloc/reserved=278.5/1894.0
2026-04-11 15:52:08 | INFO | [Round 3] Epoch 79/80 time=00:00.47 avg=00:00.63 ETA=00:00.63 | GPU MB alloc/reserved=278.5/1894.0
2026-04-11 15:52:09 | INFO | [Round 3] epoch=80/80 loss=0.0401 acc=99.62 val_acc=nan data_t=0.0041s batch_t=0.0535s epoch_t=00:00.40 lr=0.000010 | GPU MB alloc/reserved=278.5/1894.0
2026-04-11 15:52:09 | INFO | [Round 3] Epoch 80/80 time=00:00.40 avg=00:00.63 ETA=00:00.00 | GPU MB alloc/reserved=278.5/1894.0
2026-04-11 15:52:09 | INFO | [Round 3] training complete in 00:50.77 (best monitor=99.875) | GPU MB alloc/reserved=278.5/1894.0
2026-04-11 15:52:09 | INFO | [Round 3] evaluation started | GPU MB alloc/reserved=192.6/1894.0
2026-04-11 15:52:17 | INFO | [Round 3] clean=50.36 fgsm=39.03 pgd=38.79 grad_disp_mean=nan grad_disp_sel=nan round_t=60.55s | GPU MB alloc/reserved=192.6/1894.0
2026-04-11 15:52:17 | INFO | [Round 4/21] elapsed=01:00.55 avg_round=00:50.19 projected_remaining=14:13.27 | GPU MB alloc/reserved=192.6/1894.0
2026-04-11 15:52:18 | INFO | [Round 4] acquisition on pool_size=49200 scored_pool=5000 budget=100 | GPU MB alloc/reserved=102.7/1894.0
2026-04-11 15:52:18 | INFO | [BADGE] scoring progress 10/20 elapsed=00:00.37 avg/batch=0.037s ETA=00:00.37 | GPU MB alloc/reserved=111.2/1894.0
2026-04-11 15:52:19 | INFO | [BADGE] scoring progress 20/20 elapsed=00:00.59 avg/batch=0.030s ETA=00:00.00 | GPU MB alloc/reserved=107.7/1894.0
2026-04-11 15:52:19 | INFO | [Round 4] labeled=900 train=900 val_fixed=0 | GPU MB alloc/reserved=148.4/1894.0
2026-04-11 15:52:20 | INFO | [Round 4] epoch=1/80 loss=2.4282 acc=15.67 val_acc=nan data_t=0.0191s batch_t=0.0915s epoch_t=00:00.89 lr=0.001000 | GPU MB alloc/reserved=279.2/1898.0
2026-04-11 15:52:20 | INFO | [Round 4] Epoch 1/80 time=00:00.89 avg=00:00.89 ETA=01:09.94 | GPU MB alloc/reserved=279.2/1898.0
2026-04-11 15:52:21 | INFO | [Round 4] epoch=2/80 loss=2.2681 acc=22.11 val_acc=nan data_t=0.0036s batch_t=0.0835s epoch_t=00:00.70 lr=0.000998 | GPU MB alloc/reserved=279.2/1898.0
2026-04-11 15:52:21 | INFO | [Round 4] Epoch 2/80 time=00:00.70 avg=00:00.79 ETA=01:01.72 | GPU MB alloc/reserved=279.2/1898.0
2026-04-11 15:52:22 | INFO | [Round 4] epoch=3/80 loss=2.0163 acc=26.00 val_acc=nan data_t=0.0049s batch_t=0.0836s epoch_t=00:00.71 lr=0.000997 | GPU MB alloc/reserved=279.2/1898.0
2026-04-11 15:52:22 | INFO | [Round 4] Epoch 3/80 time=00:00.71 avg=00:00.76 ETA=00:58.78 | GPU MB alloc/reserved=279.2/1898.0
2026-04-11 15:52:23 | INFO | [Round 4] epoch=4/80 loss=1.9479 acc=28.67 val_acc=nan data_t=0.0070s batch_t=0.0832s epoch_t=00:00.72 lr=0.000994 | GPU MB alloc/reserved=279.2/1898.0
2026-04-11 15:52:23 | INFO | [Round 4] Epoch 4/80 time=00:00.72 avg=00:00.75 ETA=00:57.24 | GPU MB alloc/reserved=279.2/1898.0
2026-04-11 15:52:23 | INFO | [Round 4] epoch=5/80 loss=1.9225 acc=27.67 val_acc=nan data_t=0.0058s batch_t=0.0833s epoch_t=00:00.71 lr=0.000990 | GPU MB alloc/reserved=279.2/1898.0
2026-04-11 15:52:23 | INFO | [Round 4] Epoch 5/80 time=00:00.71 avg=00:00.75 ETA=00:55.88 | GPU MB alloc/reserved=279.2/1898.0
2026-04-11 15:52:24 | INFO | [Round 4] epoch=6/80 loss=2.0117 acc=25.33 val_acc=nan data_t=0.0035s batch_t=0.0825s epoch_t=00:00.69 lr=0.000986 | GPU MB alloc/reserved=279.2/1898.0
2026-04-11 15:52:24 | INFO | [Round 4] Epoch 6/80 time=00:00.69 avg=00:00.74 ETA=00:54.44 | GPU MB alloc/reserved=279.2/1898.0
2026-04-11 15:52:25 | INFO | [Round 4] epoch=7/80 loss=1.9046 acc=28.22 val_acc=nan data_t=0.0055s batch_t=0.0849s epoch_t=00:00.72 lr=0.000981 | GPU MB alloc/reserved=279.2/1898.0
2026-04-11 15:52:25 | INFO | [Round 4] Epoch 7/80 time=00:00.72 avg=00:00.73 ETA=00:53.57 | GPU MB alloc/reserved=279.2/1898.0
2026-04-11 15:52:25 | INFO | [Round 4] epoch=8/80 loss=1.9293 acc=27.33 val_acc=nan data_t=0.0051s batch_t=0.0821s epoch_t=00:00.70 lr=0.000976 | GPU MB alloc/reserved=279.2/1898.0
2026-04-11 15:52:25 | INFO | [Round 4] Epoch 8/80 time=00:00.70 avg=00:00.73 ETA=00:52.51 | GPU MB alloc/reserved=279.2/1898.0
2026-04-11 15:52:26 | INFO | [Round 4] epoch=9/80 loss=1.9644 acc=27.00 val_acc=nan data_t=0.0043s batch_t=0.0809s epoch_t=00:00.68 lr=0.000969 | GPU MB alloc/reserved=279.2/1898.0
2026-04-11 15:52:26 | INFO | [Round 4] Epoch 9/80 time=00:00.68 avg=00:00.72 ETA=00:51.41 | GPU MB alloc/reserved=279.2/1898.0
2026-04-11 15:52:27 | INFO | [Round 4] epoch=10/80 loss=1.9278 acc=26.89 val_acc=nan data_t=0.0032s batch_t=0.0829s epoch_t=00:00.69 lr=0.000962 | GPU MB alloc/reserved=279.2/1898.0
2026-04-11 15:52:27 | INFO | [Round 4] Epoch 10/80 time=00:00.69 avg=00:00.72 ETA=00:50.44 | GPU MB alloc/reserved=279.2/1898.0
2026-04-11 15:52:27 | INFO | [Round 4] epoch=11/80 loss=1.8849 acc=27.89 val_acc=nan data_t=0.0074s batch_t=0.0795s epoch_t=00:00.69 lr=0.000955 | GPU MB alloc/reserved=279.2/1898.0
2026-04-11 15:52:27 | INFO | [Round 4] Epoch 11/80 time=00:00.69 avg=00:00.72 ETA=00:49.56 | GPU MB alloc/reserved=279.2/1898.0
2026-04-11 15:52:28 | INFO | [Round 4] epoch=12/80 loss=1.8070 acc=32.44 val_acc=nan data_t=0.0054s batch_t=0.0804s epoch_t=00:00.69 lr=0.000946 | GPU MB alloc/reserved=279.2/1898.0
2026-04-11 15:52:28 | INFO | [Round 4] Epoch 12/80 time=00:00.69 avg=00:00.72 ETA=00:48.66 | GPU MB alloc/reserved=279.2/1898.0
2026-04-11 15:52:29 | INFO | [Round 4] epoch=13/80 loss=1.9513 acc=26.22 val_acc=nan data_t=0.0045s batch_t=0.0815s epoch_t=00:00.69 lr=0.000937 | GPU MB alloc/reserved=279.2/1898.0
2026-04-11 15:52:29 | INFO | [Round 4] Epoch 13/80 time=00:00.69 avg=00:00.71 ETA=00:47.80 | GPU MB alloc/reserved=279.2/1898.0
2026-04-11 15:52:30 | INFO | [Round 4] epoch=14/80 loss=1.8903 acc=29.00 val_acc=nan data_t=0.0041s batch_t=0.0827s epoch_t=00:00.69 lr=0.000927 | GPU MB alloc/reserved=279.2/1898.0
2026-04-11 15:52:30 | INFO | [Round 4] Epoch 14/80 time=00:00.69 avg=00:00.71 ETA=00:47.00 | GPU MB alloc/reserved=279.2/1898.0
2026-04-11 15:52:30 | INFO | [Round 4] epoch=15/80 loss=1.8627 acc=28.67 val_acc=nan data_t=0.0040s batch_t=0.0855s epoch_t=00:00.72 lr=0.000917 | GPU MB alloc/reserved=279.2/1898.0
2026-04-11 15:52:30 | INFO | [Round 4] Epoch 15/80 time=00:00.72 avg=00:00.71 ETA=00:46.31 | GPU MB alloc/reserved=279.2/1898.0
2026-04-11 15:52:31 | INFO | [Round 4] epoch=16/80 loss=1.8160 acc=33.11 val_acc=nan data_t=0.0075s batch_t=0.0805s epoch_t=00:00.70 lr=0.000905 | GPU MB alloc/reserved=279.2/1898.0
2026-04-11 15:52:31 | INFO | [Round 4] Epoch 16/80 time=00:00.70 avg=00:00.71 ETA=00:45.56 | GPU MB alloc/reserved=279.2/1898.0
2026-04-11 15:52:32 | INFO | [Round 4] epoch=17/80 loss=1.8266 acc=30.67 val_acc=nan data_t=0.0078s batch_t=0.0804s epoch_t=00:00.71 lr=0.000894 | GPU MB alloc/reserved=279.2/1898.0
2026-04-11 15:52:32 | INFO | [Round 4] Epoch 17/80 time=00:00.71 avg=00:00.71 ETA=00:44.83 | GPU MB alloc/reserved=279.2/1898.0
2026-04-11 15:52:32 | INFO | [Round 4] epoch=18/80 loss=1.8626 acc=29.44 val_acc=nan data_t=0.0031s batch_t=0.0820s epoch_t=00:00.68 lr=0.000881 | GPU MB alloc/reserved=279.2/1898.0
2026-04-11 15:52:32 | INFO | [Round 4] Epoch 18/80 time=00:00.68 avg=00:00.71 ETA=00:44.01 | GPU MB alloc/reserved=279.2/1898.0
2026-04-11 15:52:33 | INFO | [Round 4] epoch=19/80 loss=1.8484 acc=28.44 val_acc=nan data_t=0.0039s batch_t=0.0815s epoch_t=00:00.68 lr=0.000868 | GPU MB alloc/reserved=279.2/1898.0
2026-04-11 15:52:33 | INFO | [Round 4] Epoch 19/80 time=00:00.68 avg=00:00.71 ETA=00:43.22 | GPU MB alloc/reserved=279.2/1898.0
2026-04-11 15:52:34 | INFO | [Round 4] epoch=20/80 loss=1.7459 acc=31.44 val_acc=nan data_t=0.0063s batch_t=0.0811s epoch_t=00:00.70 lr=0.000855 | GPU MB alloc/reserved=279.2/1898.0
2026-04-11 15:52:34 | INFO | [Round 4] Epoch 20/80 time=00:00.70 avg=00:00.71 ETA=00:42.48 | GPU MB alloc/reserved=279.2/1898.0
2026-04-11 15:52:34 | INFO | [Round 4] epoch=21/80 loss=1.7542 acc=32.56 val_acc=nan data_t=0.0040s batch_t=0.0787s epoch_t=00:00.66 lr=0.000841 | GPU MB alloc/reserved=279.2/1898.0
2026-04-11 15:52:34 | INFO | [Round 4] Epoch 21/80 time=00:00.66 avg=00:00.71 ETA=00:41.64 | GPU MB alloc/reserved=279.2/1898.0
2026-04-11 15:52:35 | INFO | [Round 4] epoch=22/80 loss=1.6980 acc=35.44 val_acc=nan data_t=0.0075s batch_t=0.0826s epoch_t=00:00.72 lr=0.000826 | GPU MB alloc/reserved=279.2/1898.0
2026-04-11 15:52:35 | INFO | [Round 4] Epoch 22/80 time=00:00.72 avg=00:00.71 ETA=00:40.98 | GPU MB alloc/reserved=279.2/1898.0
2026-04-11 15:52:36 | INFO | [Round 4] epoch=23/80 loss=1.8343 acc=30.44 val_acc=nan data_t=0.0042s batch_t=0.0807s epoch_t=00:00.68 lr=0.000811 | GPU MB alloc/reserved=279.2/1898.0
2026-04-11 15:52:36 | INFO | [Round 4] Epoch 23/80 time=00:00.68 avg=00:00.71 ETA=00:40.20 | GPU MB alloc/reserved=279.2/1898.0
2026-04-11 15:52:36 | INFO | [Round 4] epoch=24/80 loss=1.7870 acc=31.00 val_acc=nan data_t=0.0037s batch_t=0.0821s epoch_t=00:00.69 lr=0.000796 | GPU MB alloc/reserved=279.2/1898.0
2026-04-11 15:52:36 | INFO | [Round 4] Epoch 24/80 time=00:00.69 avg=00:00.70 ETA=00:39.45 | GPU MB alloc/reserved=279.2/1898.0
2026-04-11 15:52:37 | INFO | [Round 4] epoch=25/80 loss=1.8586 acc=30.67 val_acc=nan data_t=0.0070s batch_t=0.0809s epoch_t=00:00.70 lr=0.000780 | GPU MB alloc/reserved=279.2/1898.0
2026-04-11 15:52:37 | INFO | [Round 4] Epoch 25/80 time=00:00.70 avg=00:00.70 ETA=00:38.75 | GPU MB alloc/reserved=279.2/1898.0
2026-04-11 15:52:38 | INFO | [Round 4] epoch=26/80 loss=1.7608 acc=33.89 val_acc=nan data_t=0.0049s batch_t=0.0817s epoch_t=00:00.69 lr=0.000764 | GPU MB alloc/reserved=279.2/1898.0
2026-04-11 15:52:38 | INFO | [Round 4] Epoch 26/80 time=00:00.69 avg=00:00.70 ETA=00:38.02 | GPU MB alloc/reserved=279.2/1898.0
2026-04-11 15:52:39 | INFO | [Round 4] epoch=27/80 loss=1.7512 acc=33.56 val_acc=nan data_t=0.0050s batch_t=0.0817s epoch_t=00:00.69 lr=0.000747 | GPU MB alloc/reserved=279.2/1898.0
2026-04-11 15:52:39 | INFO | [Round 4] Epoch 27/80 time=00:00.69 avg=00:00.70 ETA=00:37.30 | GPU MB alloc/reserved=279.2/1898.0
2026-04-11 15:52:39 | INFO | [Round 4] epoch=28/80 loss=1.7282 acc=35.22 val_acc=nan data_t=0.0068s batch_t=0.0827s epoch_t=00:00.72 lr=0.000730 | GPU MB alloc/reserved=279.2/1898.0
2026-04-11 15:52:39 | INFO | [Round 4] Epoch 28/80 time=00:00.72 avg=00:00.70 ETA=00:36.62 | GPU MB alloc/reserved=279.2/1898.0
2026-04-11 15:52:40 | INFO | [Round 4] epoch=29/80 loss=1.6971 acc=36.44 val_acc=nan data_t=0.0038s batch_t=0.0820s epoch_t=00:00.69 lr=0.000712 | GPU MB alloc/reserved=279.2/1898.0
2026-04-11 15:52:40 | INFO | [Round 4] Epoch 29/80 time=00:00.69 avg=00:00.70 ETA=00:35.88 | GPU MB alloc/reserved=279.2/1898.0
2026-04-11 15:52:41 | INFO | [Round 4] epoch=30/80 loss=1.7185 acc=35.11 val_acc=nan data_t=0.0049s batch_t=0.0809s epoch_t=00:00.69 lr=0.000694 | GPU MB alloc/reserved=279.2/1898.0
2026-04-11 15:52:41 | INFO | [Round 4] Epoch 30/80 time=00:00.69 avg=00:00.70 ETA=00:35.15 | GPU MB alloc/reserved=279.2/1898.0
2026-04-11 15:52:41 | INFO | [Round 4] epoch=31/80 loss=1.7108 acc=35.78 val_acc=nan data_t=0.0062s batch_t=0.0828s epoch_t=00:00.71 lr=0.000676 | GPU MB alloc/reserved=279.2/1898.0
2026-04-11 15:52:41 | INFO | [Round 4] Epoch 31/80 time=00:00.71 avg=00:00.70 ETA=00:34.46 | GPU MB alloc/reserved=279.2/1898.0
2026-04-11 15:52:42 | INFO | [Round 4] epoch=32/80 loss=1.6680 acc=36.11 val_acc=nan data_t=0.0032s batch_t=0.0805s epoch_t=00:00.67 lr=0.000658 | GPU MB alloc/reserved=279.2/1898.0
2026-04-11 15:52:42 | INFO | [Round 4] Epoch 32/80 time=00:00.67 avg=00:00.70 ETA=00:33.71 | GPU MB alloc/reserved=279.2/1898.0
2026-04-11 15:52:43 | INFO | [Round 4] epoch=33/80 loss=1.6603 acc=36.33 val_acc=nan data_t=0.0065s batch_t=0.0833s epoch_t=00:00.72 lr=0.000639 | GPU MB alloc/reserved=279.2/1898.0
2026-04-11 15:52:43 | INFO | [Round 4] Epoch 33/80 time=00:00.72 avg=00:00.70 ETA=00:33.03 | GPU MB alloc/reserved=279.2/1898.0
2026-04-11 15:52:43 | INFO | [Round 4] epoch=34/80 loss=1.6242 acc=39.11 val_acc=nan data_t=0.0054s batch_t=0.0816s epoch_t=00:00.70 lr=0.000621 | GPU MB alloc/reserved=279.2/1898.0
2026-04-11 15:52:43 | INFO | [Round 4] Epoch 34/80 time=00:00.70 avg=00:00.70 ETA=00:32.32 | GPU MB alloc/reserved=279.2/1898.0
2026-04-11 15:52:44 | INFO | [Round 4] epoch=35/80 loss=1.6286 acc=38.11 val_acc=nan data_t=0.0044s batch_t=0.0826s epoch_t=00:00.70 lr=0.000602 | GPU MB alloc/reserved=279.2/1898.0
2026-04-11 15:52:44 | INFO | [Round 4] Epoch 35/80 time=00:00.70 avg=00:00.70 ETA=00:31.61 | GPU MB alloc/reserved=279.2/1898.0
2026-04-11 15:52:45 | INFO | [Round 4] epoch=36/80 loss=1.5791 acc=37.00 val_acc=nan data_t=0.0043s batch_t=0.0821s epoch_t=00:00.69 lr=0.000582 | GPU MB alloc/reserved=279.2/1898.0
2026-04-11 15:52:45 | INFO | [Round 4] Epoch 36/80 time=00:00.69 avg=00:00.70 ETA=00:30.89 | GPU MB alloc/reserved=279.2/1898.0
2026-04-11 15:52:46 | INFO | [Round 4] epoch=37/80 loss=1.6381 acc=35.22 val_acc=nan data_t=0.0056s batch_t=0.0794s epoch_t=00:00.68 lr=0.000563 | GPU MB alloc/reserved=279.2/1898.0
2026-04-11 15:52:46 | INFO | [Round 4] Epoch 37/80 time=00:00.68 avg=00:00.70 ETA=00:30.16 | GPU MB alloc/reserved=279.2/1898.0
2026-04-11 15:52:46 | INFO | [Round 4] epoch=38/80 loss=1.5962 acc=36.56 val_acc=nan data_t=0.0041s batch_t=0.0812s epoch_t=00:00.68 lr=0.000544 | GPU MB alloc/reserved=279.2/1898.0
2026-04-11 15:52:46 | INFO | [Round 4] Epoch 38/80 time=00:00.68 avg=00:00.70 ETA=00:29.44 | GPU MB alloc/reserved=279.2/1898.0
2026-04-11 15:52:47 | INFO | [Round 4] epoch=39/80 loss=1.5727 acc=39.67 val_acc=nan data_t=0.0043s batch_t=0.0824s epoch_t=00:00.69 lr=0.000524 | GPU MB alloc/reserved=279.2/1898.0
2026-04-11 15:52:47 | INFO | [Round 4] Epoch 39/80 time=00:00.69 avg=00:00.70 ETA=00:28.73 | GPU MB alloc/reserved=279.2/1898.0
2026-04-11 15:52:48 | INFO | [Round 4] epoch=40/80 loss=1.5456 acc=40.89 val_acc=nan data_t=0.0032s batch_t=0.0803s epoch_t=00:00.67 lr=0.000505 | GPU MB alloc/reserved=279.2/1898.0
2026-04-11 15:52:48 | INFO | [Round 4] Epoch 40/80 time=00:00.67 avg=00:00.70 ETA=00:28.00 | GPU MB alloc/reserved=279.2/1898.0
2026-04-11 15:52:48 | INFO | [Round 4] epoch=41/80 loss=1.5791 acc=39.44 val_acc=nan data_t=0.0073s batch_t=0.0633s epoch_t=00:00.57 lr=0.000486 | GPU MB alloc/reserved=279.2/1898.0
2026-04-11 15:52:48 | INFO | [Round 4] Epoch 41/80 time=00:00.57 avg=00:00.70 ETA=00:27.17 | GPU MB alloc/reserved=279.2/1898.0
2026-04-11 15:52:49 | INFO | [Round 4] epoch=42/80 loss=1.5393 acc=40.56 val_acc=nan data_t=0.0032s batch_t=0.0793s epoch_t=00:00.66 lr=0.000466 | GPU MB alloc/reserved=279.2/1898.0
2026-04-11 15:52:49 | INFO | [Round 4] Epoch 42/80 time=00:00.66 avg=00:00.70 ETA=00:26.44 | GPU MB alloc/reserved=279.2/1898.0
2026-04-11 15:52:50 | INFO | [Round 4] epoch=43/80 loss=1.5080 acc=40.67 val_acc=nan data_t=0.0034s batch_t=0.0939s epoch_t=00:00.78 lr=0.000447 | GPU MB alloc/reserved=279.2/1898.0
2026-04-11 15:52:50 | INFO | [Round 4] Epoch 43/80 time=00:00.78 avg=00:00.70 ETA=00:25.82 | GPU MB alloc/reserved=279.2/1898.0
2026-04-11 15:52:50 | INFO | [Round 4] epoch=44/80 loss=1.5554 acc=40.33 val_acc=nan data_t=0.0051s batch_t=0.0940s epoch_t=00:00.79 lr=0.000428 | GPU MB alloc/reserved=279.2/1898.0
2026-04-11 15:52:50 | INFO | [Round 4] Epoch 44/80 time=00:00.79 avg=00:00.70 ETA=00:25.20 | GPU MB alloc/reserved=279.2/1898.0
2026-04-11 15:52:51 | INFO | [Round 4] epoch=45/80 loss=1.5023 acc=41.33 val_acc=nan data_t=0.0073s batch_t=0.0868s epoch_t=00:00.75 lr=0.000408 | GPU MB alloc/reserved=279.2/1898.0
2026-04-11 15:52:51 | INFO | [Round 4] Epoch 45/80 time=00:00.75 avg=00:00.70 ETA=00:24.54 | GPU MB alloc/reserved=279.2/1898.0
2026-04-11 15:52:52 | INFO | [Round 4] epoch=46/80 loss=1.4831 acc=41.22 val_acc=nan data_t=0.0057s batch_t=0.0933s epoch_t=00:00.79 lr=0.000389 | GPU MB alloc/reserved=279.2/1898.0
2026-04-11 15:52:52 | INFO | [Round 4] Epoch 46/80 time=00:00.79 avg=00:00.70 ETA=00:23.91 | GPU MB alloc/reserved=279.2/1898.0
2026-04-11 15:52:53 | INFO | [Round 4] epoch=47/80 loss=1.5376 acc=41.44 val_acc=nan data_t=0.0076s batch_t=0.0934s epoch_t=00:00.81 lr=0.000371 | GPU MB alloc/reserved=279.2/1898.0
2026-04-11 15:52:53 | INFO | [Round 4] Epoch 47/80 time=00:00.81 avg=00:00.71 ETA=00:23.28 | GPU MB alloc/reserved=279.2/1898.0
2026-04-11 15:52:54 | INFO | [Round 4] epoch=48/80 loss=1.5283 acc=43.56 val_acc=nan data_t=0.0038s batch_t=0.0928s epoch_t=00:00.77 lr=0.000352 | GPU MB alloc/reserved=279.2/1898.0
2026-04-11 15:52:54 | INFO | [Round 4] Epoch 48/80 time=00:00.77 avg=00:00.71 ETA=00:22.62 | GPU MB alloc/reserved=279.2/1898.0
2026-04-11 15:52:54 | INFO | [Round 4] epoch=49/80 loss=1.5009 acc=43.67 val_acc=nan data_t=0.0040s batch_t=0.0935s epoch_t=00:00.78 lr=0.000334 | GPU MB alloc/reserved=279.2/1898.0
2026-04-11 15:52:54 | INFO | [Round 4] Epoch 49/80 time=00:00.78 avg=00:00.71 ETA=00:21.96 | GPU MB alloc/reserved=279.2/1898.0
2026-04-11 15:52:55 | INFO | [Round 4] epoch=50/80 loss=1.4691 acc=44.78 val_acc=nan data_t=0.0044s batch_t=0.0928s epoch_t=00:00.78 lr=0.000316 | GPU MB alloc/reserved=279.2/1898.0
2026-04-11 15:52:55 | INFO | [Round 4] Epoch 50/80 time=00:00.78 avg=00:00.71 ETA=00:21.29 | GPU MB alloc/reserved=279.2/1898.0
2026-04-11 15:52:56 | INFO | [Round 4] epoch=51/80 loss=1.4425 acc=45.89 val_acc=nan data_t=0.0044s batch_t=0.0931s epoch_t=00:00.78 lr=0.000298 | GPU MB alloc/reserved=279.2/1898.0
2026-04-11 15:52:56 | INFO | [Round 4] Epoch 51/80 time=00:00.78 avg=00:00.71 ETA=00:20.62 | GPU MB alloc/reserved=279.2/1898.0
2026-04-11 15:52:57 | INFO | [Round 4] epoch=52/80 loss=1.4106 acc=46.78 val_acc=nan data_t=0.0050s batch_t=0.0920s epoch_t=00:00.78 lr=0.000280 | GPU MB alloc/reserved=279.2/1898.0
2026-04-11 15:52:57 | INFO | [Round 4] Epoch 52/80 time=00:00.78 avg=00:00.71 ETA=00:19.94 | GPU MB alloc/reserved=279.2/1898.0
2026-04-11 15:52:57 | INFO | [Round 4] epoch=53/80 loss=1.4162 acc=46.00 val_acc=nan data_t=0.0041s batch_t=0.0519s epoch_t=00:00.45 lr=0.000263 | GPU MB alloc/reserved=279.2/1898.0
2026-04-11 15:52:57 | INFO | [Round 4] Epoch 53/80 time=00:00.45 avg=00:00.71 ETA=00:19.10 | GPU MB alloc/reserved=279.2/1898.0
2026-04-11 15:52:58 | INFO | [Round 4] epoch=54/80 loss=1.4022 acc=48.22 val_acc=nan data_t=0.0049s batch_t=0.0522s epoch_t=00:00.46 lr=0.000246 | GPU MB alloc/reserved=279.2/1898.0
2026-04-11 15:52:58 | INFO | [Round 4] Epoch 54/80 time=00:00.46 avg=00:00.70 ETA=00:18.27 | GPU MB alloc/reserved=279.2/1898.0
2026-04-11 15:52:58 | INFO | [Round 4] epoch=55/80 loss=1.3850 acc=47.22 val_acc=nan data_t=0.0032s batch_t=0.0765s epoch_t=00:00.64 lr=0.000230 | GPU MB alloc/reserved=279.2/1898.0
2026-04-11 15:52:58 | INFO | [Round 4] Epoch 55/80 time=00:00.64 avg=00:00.70 ETA=00:17.54 | GPU MB alloc/reserved=279.2/1898.0
2026-04-11 15:52:59 | INFO | [Round 4] epoch=56/80 loss=1.3754 acc=48.00 val_acc=nan data_t=0.0045s batch_t=0.0571s epoch_t=00:00.49 lr=0.000214 | GPU MB alloc/reserved=279.2/1898.0
2026-04-11 15:52:59 | INFO | [Round 4] Epoch 56/80 time=00:00.49 avg=00:00.70 ETA=00:16.75 | GPU MB alloc/reserved=279.2/1898.0
2026-04-11 15:52:59 | INFO | [Round 4] epoch=57/80 loss=1.3681 acc=48.00 val_acc=nan data_t=0.0038s batch_t=0.0594s epoch_t=00:00.51 lr=0.000199 | GPU MB alloc/reserved=279.2/1898.0
2026-04-11 15:52:59 | INFO | [Round 4] Epoch 57/80 time=00:00.51 avg=00:00.69 ETA=00:15.97 | GPU MB alloc/reserved=279.2/1898.0
2026-04-11 15:53:00 | INFO | [Round 4] epoch=58/80 loss=1.3469 acc=49.89 val_acc=nan data_t=0.0054s batch_t=0.0879s epoch_t=00:00.75 lr=0.000184 | GPU MB alloc/reserved=279.2/1898.0
2026-04-11 15:53:00 | INFO | [Round 4] Epoch 58/80 time=00:00.75 avg=00:00.70 ETA=00:15.30 | GPU MB alloc/reserved=279.2/1898.0
2026-04-11 15:53:01 | INFO | [Round 4] epoch=59/80 loss=1.3163 acc=50.22 val_acc=nan data_t=0.0046s batch_t=0.0859s epoch_t=00:00.72 lr=0.000169 | GPU MB alloc/reserved=279.2/1898.0
2026-04-11 15:53:01 | INFO | [Round 4] Epoch 59/80 time=00:00.72 avg=00:00.70 ETA=00:14.61 | GPU MB alloc/reserved=279.2/1898.0
2026-04-11 15:53:01 | INFO | [Round 4] epoch=60/80 loss=1.3316 acc=50.00 val_acc=nan data_t=0.0091s batch_t=0.0840s epoch_t=00:00.75 lr=0.000155 | GPU MB alloc/reserved=279.2/1898.0
2026-04-11 15:53:01 | INFO | [Round 4] Epoch 60/80 time=00:00.75 avg=00:00.70 ETA=00:13.93 | GPU MB alloc/reserved=279.2/1898.0
2026-04-11 15:53:02 | INFO | [Round 4] epoch=61/80 loss=1.3574 acc=48.44 val_acc=nan data_t=0.0054s batch_t=0.0834s epoch_t=00:00.71 lr=0.000142 | GPU MB alloc/reserved=279.2/1898.0
2026-04-11 15:53:02 | INFO | [Round 4] Epoch 61/80 time=00:00.71 avg=00:00.70 ETA=00:13.24 | GPU MB alloc/reserved=279.2/1898.0
2026-04-11 15:53:03 | INFO | [Round 4] epoch=62/80 loss=1.3559 acc=49.89 val_acc=nan data_t=0.0053s batch_t=0.0841s epoch_t=00:00.72 lr=0.000129 | GPU MB alloc/reserved=279.2/1898.0
2026-04-11 15:53:03 | INFO | [Round 4] Epoch 62/80 time=00:00.72 avg=00:00.70 ETA=00:12.55 | GPU MB alloc/reserved=279.2/1898.0
2026-04-11 15:53:04 | INFO | [Round 4] epoch=63/80 loss=1.3168 acc=51.22 val_acc=nan data_t=0.0049s batch_t=0.0839s epoch_t=00:00.71 lr=0.000116 | GPU MB alloc/reserved=279.2/1898.0
2026-04-11 15:53:04 | INFO | [Round 4] Epoch 63/80 time=00:00.71 avg=00:00.70 ETA=00:11.86 | GPU MB alloc/reserved=279.2/1898.0
2026-04-11 15:53:04 | INFO | [Round 4] epoch=64/80 loss=1.2882 acc=51.33 val_acc=nan data_t=0.0063s batch_t=0.0870s epoch_t=00:00.75 lr=0.000105 | GPU MB alloc/reserved=279.2/1898.0
2026-04-11 15:53:04 | INFO | [Round 4] Epoch 64/80 time=00:00.75 avg=00:00.70 ETA=00:11.17 | GPU MB alloc/reserved=279.2/1898.0
2026-04-11 15:53:05 | INFO | [Round 4] epoch=65/80 loss=1.2971 acc=52.00 val_acc=nan data_t=0.0063s batch_t=0.0828s epoch_t=00:00.71 lr=0.000093 | GPU MB alloc/reserved=279.2/1898.0
2026-04-11 15:53:05 | INFO | [Round 4] Epoch 65/80 time=00:00.71 avg=00:00.70 ETA=00:10.48 | GPU MB alloc/reserved=279.2/1898.0
2026-04-11 15:53:06 | INFO | [Round 4] epoch=66/80 loss=1.2586 acc=54.56 val_acc=nan data_t=0.0041s batch_t=0.0822s epoch_t=00:00.69 lr=0.000083 | GPU MB alloc/reserved=279.2/1898.0
2026-04-11 15:53:06 | INFO | [Round 4] Epoch 66/80 time=00:00.69 avg=00:00.70 ETA=00:09.78 | GPU MB alloc/reserved=279.2/1898.0
2026-04-11 15:53:06 | INFO | [Round 4] epoch=67/80 loss=1.2332 acc=57.33 val_acc=nan data_t=0.0040s batch_t=0.0705s epoch_t=00:00.60 lr=0.000073 | GPU MB alloc/reserved=279.2/1898.0
2026-04-11 15:53:06 | INFO | [Round 4] Epoch 67/80 time=00:00.60 avg=00:00.70 ETA=00:09.06 | GPU MB alloc/reserved=279.2/1898.0
2026-04-11 15:53:07 | INFO | [Round 4] epoch=68/80 loss=1.2337 acc=54.00 val_acc=nan data_t=0.0040s batch_t=0.0948s epoch_t=00:00.79 lr=0.000064 | GPU MB alloc/reserved=279.2/1898.0
2026-04-11 15:53:07 | INFO | [Round 4] Epoch 68/80 time=00:00.79 avg=00:00.70 ETA=00:08.38 | GPU MB alloc/reserved=279.2/1898.0
2026-04-11 15:53:08 | INFO | [Round 4] epoch=69/80 loss=1.2221 acc=54.22 val_acc=nan data_t=0.0054s batch_t=0.0951s epoch_t=00:00.80 lr=0.000055 | GPU MB alloc/reserved=279.2/1898.0
2026-04-11 15:53:08 | INFO | [Round 4] Epoch 69/80 time=00:00.80 avg=00:00.70 ETA=00:07.70 | GPU MB alloc/reserved=279.2/1898.0
2026-04-11 15:53:09 | INFO | [Round 4] epoch=70/80 loss=1.1890 acc=56.33 val_acc=nan data_t=0.0043s batch_t=0.0927s epoch_t=00:00.78 lr=0.000048 | GPU MB alloc/reserved=279.2/1898.0
2026-04-11 15:53:09 | INFO | [Round 4] Epoch 70/80 time=00:00.78 avg=00:00.70 ETA=00:07.01 | GPU MB alloc/reserved=279.2/1898.0
2026-04-11 15:53:10 | INFO | [Round 4] epoch=71/80 loss=1.1908 acc=57.56 val_acc=nan data_t=0.0045s batch_t=0.0945s epoch_t=00:00.79 lr=0.000041 | GPU MB alloc/reserved=279.2/1898.0
2026-04-11 15:53:10 | INFO | [Round 4] Epoch 71/80 time=00:00.79 avg=00:00.70 ETA=00:06.32 | GPU MB alloc/reserved=279.2/1898.0
2026-04-11 15:53:10 | INFO | [Round 4] epoch=72/80 loss=1.1965 acc=56.11 val_acc=nan data_t=0.0069s batch_t=0.0949s epoch_t=00:00.81 lr=0.000034 | GPU MB alloc/reserved=279.2/1898.0
2026-04-11 15:53:10 | INFO | [Round 4] Epoch 72/80 time=00:00.81 avg=00:00.70 ETA=00:05.63 | GPU MB alloc/reserved=279.2/1898.0
2026-04-11 15:53:11 | INFO | [Round 4] epoch=73/80 loss=1.1946 acc=55.67 val_acc=nan data_t=0.0053s batch_t=0.0941s epoch_t=00:00.80 lr=0.000029 | GPU MB alloc/reserved=279.2/1898.0
2026-04-11 15:53:11 | INFO | [Round 4] Epoch 73/80 time=00:00.80 avg=00:00.70 ETA=00:04.93 | GPU MB alloc/reserved=279.2/1898.0
2026-04-11 15:53:12 | INFO | [Round 4] epoch=74/80 loss=1.1870 acc=56.33 val_acc=nan data_t=0.0041s batch_t=0.0938s epoch_t=00:00.78 lr=0.000024 | GPU MB alloc/reserved=279.2/1898.0
2026-04-11 15:53:12 | INFO | [Round 4] Epoch 74/80 time=00:00.78 avg=00:00.71 ETA=00:04.24 | GPU MB alloc/reserved=279.2/1898.0
2026-04-11 15:53:13 | INFO | [Round 4] epoch=75/80 loss=1.1719 acc=55.89 val_acc=nan data_t=0.0041s batch_t=0.0924s epoch_t=00:00.77 lr=0.000020 | GPU MB alloc/reserved=279.2/1898.0
2026-04-11 15:53:13 | INFO | [Round 4] Epoch 75/80 time=00:00.77 avg=00:00.71 ETA=00:03.53 | GPU MB alloc/reserved=279.2/1898.0
2026-04-11 15:53:13 | INFO | [Round 4] epoch=76/80 loss=1.1720 acc=57.78 val_acc=nan data_t=0.0040s batch_t=0.0934s epoch_t=00:00.78 lr=0.000016 | GPU MB alloc/reserved=279.2/1898.0
2026-04-11 15:53:13 | INFO | [Round 4] Epoch 76/80 time=00:00.78 avg=00:00.71 ETA=00:02.83 | GPU MB alloc/reserved=279.2/1898.0
2026-04-11 15:53:14 | INFO | [Round 4] epoch=77/80 loss=1.1746 acc=56.33 val_acc=nan data_t=0.0039s batch_t=0.0947s epoch_t=00:00.79 lr=0.000013 | GPU MB alloc/reserved=279.2/1898.0
2026-04-11 15:53:14 | INFO | [Round 4] Epoch 77/80 time=00:00.79 avg=00:00.71 ETA=00:02.13 | GPU MB alloc/reserved=279.2/1898.0
2026-04-11 15:53:15 | INFO | [Round 4] epoch=78/80 loss=1.1727 acc=56.78 val_acc=nan data_t=0.0053s batch_t=0.0606s epoch_t=00:00.53 lr=0.000012 | GPU MB alloc/reserved=279.2/1898.0
2026-04-11 15:53:15 | INFO | [Round 4] Epoch 78/80 time=00:00.53 avg=00:00.71 ETA=00:01.41 | GPU MB alloc/reserved=279.2/1898.0
2026-04-11 15:53:15 | INFO | [Round 4] epoch=79/80 loss=1.1700 acc=57.67 val_acc=nan data_t=0.0034s batch_t=0.0542s epoch_t=00:00.46 lr=0.000010 | GPU MB alloc/reserved=279.2/1898.0
2026-04-11 15:53:15 | INFO | [Round 4] Epoch 79/80 time=00:00.46 avg=00:00.70 ETA=00:00.70 | GPU MB alloc/reserved=279.2/1898.0
2026-04-11 15:53:16 | INFO | [Round 4] epoch=80/80 loss=1.1930 acc=57.33 val_acc=nan data_t=0.0063s batch_t=0.0698s epoch_t=00:00.61 lr=0.000010 | GPU MB alloc/reserved=279.2/1898.0
2026-04-11 15:53:16 | INFO | [Round 4] Epoch 80/80 time=00:00.61 avg=00:00.70 ETA=00:00.00 | GPU MB alloc/reserved=279.2/1898.0
2026-04-11 15:53:16 | INFO | [Round 4] training complete in 00:56.43 (best monitor=57.778) | GPU MB alloc/reserved=279.2/1898.0
2026-04-11 15:53:16 | INFO | [Round 4] evaluation started | GPU MB alloc/reserved=192.7/1898.0
2026-04-11 15:53:24 | INFO | [Round 4] clean=47.08 fgsm=39.21 pgd=39.17 grad_disp_mean=nan grad_disp_sel=nan round_t=66.35s | GPU MB alloc/reserved=192.7/1898.0
2026-04-11 15:53:24 | INFO | [Round 5/21] elapsed=01:06.35 avg_round=00:53.42 projected_remaining=14:14.78 | GPU MB alloc/reserved=192.7/1898.0
2026-04-11 15:53:25 | INFO | [Round 5] acquisition on pool_size=49100 scored_pool=5000 budget=100 | GPU MB alloc/reserved=106.3/1898.0
2026-04-11 15:53:26 | INFO | [BADGE] scoring progress 10/20 elapsed=00:00.38 avg/batch=0.038s ETA=00:00.38 | GPU MB alloc/reserved=114.8/1898.0
2026-04-11 15:53:26 | INFO | [BADGE] scoring progress 20/20 elapsed=00:00.59 avg/batch=0.029s ETA=00:00.00 | GPU MB alloc/reserved=111.2/1898.0
2026-04-11 15:53:27 | INFO | [Round 5] labeled=1000 train=1000 val_fixed=0 | GPU MB alloc/reserved=150.0/1898.0
2026-04-11 15:53:28 | INFO | [Round 5] epoch=1/80 loss=2.4190 acc=16.00 val_acc=nan data_t=0.0200s batch_t=0.0957s epoch_t=00:00.93 lr=0.001000 | GPU MB alloc/reserved=281.9/1898.0
2026-04-11 15:53:28 | INFO | [Round 5] Epoch 1/80 time=00:00.93 avg=00:00.93 ETA=01:13.13 | GPU MB alloc/reserved=281.9/1898.0
2026-04-11 15:53:28 | INFO | [Round 5] epoch=2/80 loss=2.0359 acc=24.80 val_acc=nan data_t=0.0037s batch_t=0.0908s epoch_t=00:00.76 lr=0.000998 | GPU MB alloc/reserved=281.9/1898.0
2026-04-11 15:53:28 | INFO | [Round 5] Epoch 2/80 time=00:00.76 avg=00:00.84 ETA=01:05.58 | GPU MB alloc/reserved=281.9/1898.0
2026-04-11 15:53:29 | INFO | [Round 5] epoch=3/80 loss=1.8793 acc=27.50 val_acc=nan data_t=0.0067s batch_t=0.0914s epoch_t=00:00.79 lr=0.000997 | GPU MB alloc/reserved=281.9/1898.0
2026-04-11 15:53:29 | INFO | [Round 5] Epoch 3/80 time=00:00.79 avg=00:00.82 ETA=01:03.33 | GPU MB alloc/reserved=281.9/1898.0
2026-04-11 15:53:30 | INFO | [Round 5] epoch=4/80 loss=1.8064 acc=31.70 val_acc=nan data_t=0.0050s batch_t=0.0903s epoch_t=00:00.76 lr=0.000994 | GPU MB alloc/reserved=281.9/1898.0
2026-04-11 15:53:30 | INFO | [Round 5] Epoch 4/80 time=00:00.76 avg=00:00.81 ETA=01:01.37 | GPU MB alloc/reserved=281.9/1898.0
2026-04-11 15:53:31 | INFO | [Round 5] epoch=5/80 loss=1.7543 acc=34.10 val_acc=nan data_t=0.0044s batch_t=0.0903s epoch_t=00:00.76 lr=0.000990 | GPU MB alloc/reserved=281.9/1898.0
2026-04-11 15:53:31 | INFO | [Round 5] Epoch 5/80 time=00:00.76 avg=00:00.80 ETA=00:59.81 | GPU MB alloc/reserved=281.9/1898.0
2026-04-11 15:53:32 | INFO | [Round 5] epoch=6/80 loss=1.7079 acc=36.00 val_acc=nan data_t=0.0051s batch_t=0.0899s epoch_t=00:00.76 lr=0.000986 | GPU MB alloc/reserved=281.9/1898.0
2026-04-11 15:53:32 | INFO | [Round 5] Epoch 6/80 time=00:00.76 avg=00:00.79 ETA=00:58.56 | GPU MB alloc/reserved=281.9/1898.0
2026-04-11 15:53:32 | INFO | [Round 5] epoch=7/80 loss=1.6591 acc=36.50 val_acc=nan data_t=0.0037s batch_t=0.0883s epoch_t=00:00.74 lr=0.000981 | GPU MB alloc/reserved=281.9/1898.0
2026-04-11 15:53:32 | INFO | [Round 5] Epoch 7/80 time=00:00.74 avg=00:00.78 ETA=00:57.19 | GPU MB alloc/reserved=281.9/1898.0
2026-04-11 15:53:33 | INFO | [Round 5] epoch=8/80 loss=1.6084 acc=38.40 val_acc=nan data_t=0.0037s batch_t=0.0900s epoch_t=00:00.75 lr=0.000976 | GPU MB alloc/reserved=281.9/1898.0
2026-04-11 15:53:33 | INFO | [Round 5] Epoch 8/80 time=00:00.75 avg=00:00.78 ETA=00:56.11 | GPU MB alloc/reserved=281.9/1898.0
2026-04-11 15:53:34 | INFO | [Round 5] epoch=9/80 loss=1.5477 acc=39.90 val_acc=nan data_t=0.0048s batch_t=0.0890s epoch_t=00:00.75 lr=0.000969 | GPU MB alloc/reserved=281.9/1898.0
2026-04-11 15:53:34 | INFO | [Round 5] Epoch 9/80 time=00:00.75 avg=00:00.78 ETA=00:55.10 | GPU MB alloc/reserved=281.9/1898.0
2026-04-11 15:53:35 | INFO | [Round 5] epoch=10/80 loss=1.4872 acc=42.70 val_acc=nan data_t=0.0041s batch_t=0.0905s epoch_t=00:00.76 lr=0.000962 | GPU MB alloc/reserved=281.9/1898.0
2026-04-11 15:53:35 | INFO | [Round 5] Epoch 10/80 time=00:00.76 avg=00:00.77 ETA=00:54.19 | GPU MB alloc/reserved=281.9/1898.0
2026-04-11 15:53:35 | INFO | [Round 5] epoch=11/80 loss=1.4602 acc=44.60 val_acc=nan data_t=0.0041s batch_t=0.0902s epoch_t=00:00.76 lr=0.000955 | GPU MB alloc/reserved=281.9/1898.0
2026-04-11 15:53:35 | INFO | [Round 5] Epoch 11/80 time=00:00.76 avg=00:00.77 ETA=00:53.30 | GPU MB alloc/reserved=281.9/1898.0
2026-04-11 15:53:36 | INFO | [Round 5] epoch=12/80 loss=1.4544 acc=45.30 val_acc=nan data_t=0.0034s batch_t=0.0906s epoch_t=00:00.75 lr=0.000946 | GPU MB alloc/reserved=281.9/1898.0
2026-04-11 15:53:36 | INFO | [Round 5] Epoch 12/80 time=00:00.75 avg=00:00.77 ETA=00:52.41 | GPU MB alloc/reserved=281.9/1898.0
2026-04-11 15:53:37 | INFO | [Round 5] epoch=13/80 loss=1.4070 acc=45.60 val_acc=nan data_t=0.0064s batch_t=0.0904s epoch_t=00:00.77 lr=0.000937 | GPU MB alloc/reserved=281.9/1898.0
2026-04-11 15:53:37 | INFO | [Round 5] Epoch 13/80 time=00:00.77 avg=00:00.77 ETA=00:51.66 | GPU MB alloc/reserved=281.9/1898.0
2026-04-11 15:53:38 | INFO | [Round 5] epoch=14/80 loss=1.3498 acc=49.00 val_acc=nan data_t=0.0074s batch_t=0.0918s epoch_t=00:00.79 lr=0.000927 | GPU MB alloc/reserved=281.9/1898.0
2026-04-11 15:53:38 | INFO | [Round 5] Epoch 14/80 time=00:00.79 avg=00:00.77 ETA=00:51.00 | GPU MB alloc/reserved=281.9/1898.0
2026-04-11 15:53:38 | INFO | [Round 5] epoch=15/80 loss=1.3024 acc=49.50 val_acc=nan data_t=0.0033s batch_t=0.0931s epoch_t=00:00.77 lr=0.000917 | GPU MB alloc/reserved=281.9/1898.0
2026-04-11 15:53:38 | INFO | [Round 5] Epoch 15/80 time=00:00.77 avg=00:00.77 ETA=00:50.22 | GPU MB alloc/reserved=281.9/1898.0
2026-04-11 15:53:39 | INFO | [Round 5] epoch=16/80 loss=1.2435 acc=53.80 val_acc=nan data_t=0.0062s batch_t=0.0904s epoch_t=00:00.77 lr=0.000905 | GPU MB alloc/reserved=281.9/1898.0
2026-04-11 15:53:39 | INFO | [Round 5] Epoch 16/80 time=00:00.77 avg=00:00.77 ETA=00:49.45 | GPU MB alloc/reserved=281.9/1898.0
2026-04-11 15:53:40 | INFO | [Round 5] epoch=17/80 loss=1.2083 acc=52.80 val_acc=nan data_t=0.0063s batch_t=0.0892s epoch_t=00:00.76 lr=0.000894 | GPU MB alloc/reserved=281.9/1898.0
2026-04-11 15:53:40 | INFO | [Round 5] Epoch 17/80 time=00:00.76 avg=00:00.77 ETA=00:48.65 | GPU MB alloc/reserved=281.9/1898.0
2026-04-11 15:53:41 | INFO | [Round 5] epoch=18/80 loss=1.1312 acc=57.00 val_acc=nan data_t=0.0071s batch_t=0.0891s epoch_t=00:00.77 lr=0.000881 | GPU MB alloc/reserved=281.9/1898.0
2026-04-11 15:53:41 | INFO | [Round 5] Epoch 18/80 time=00:00.77 avg=00:00.77 ETA=00:47.87 | GPU MB alloc/reserved=281.9/1898.0
2026-04-11 15:53:42 | INFO | [Round 5] epoch=19/80 loss=1.1039 acc=57.90 val_acc=nan data_t=0.0057s batch_t=0.0893s epoch_t=00:00.76 lr=0.000868 | GPU MB alloc/reserved=281.9/1898.0
2026-04-11 15:53:42 | INFO | [Round 5] Epoch 19/80 time=00:00.76 avg=00:00.77 ETA=00:47.06 | GPU MB alloc/reserved=281.9/1898.0
2026-04-11 15:53:42 | INFO | [Round 5] epoch=20/80 loss=1.0600 acc=59.80 val_acc=nan data_t=0.0052s batch_t=0.0895s epoch_t=00:00.76 lr=0.000855 | GPU MB alloc/reserved=281.9/1898.0
2026-04-11 15:53:42 | INFO | [Round 5] Epoch 20/80 time=00:00.76 avg=00:00.77 ETA=00:46.25 | GPU MB alloc/reserved=281.9/1898.0
2026-04-11 15:53:43 | INFO | [Round 5] epoch=21/80 loss=1.0062 acc=61.60 val_acc=nan data_t=0.0063s batch_t=0.0903s epoch_t=00:00.77 lr=0.000841 | GPU MB alloc/reserved=281.9/1898.0
2026-04-11 15:53:43 | INFO | [Round 5] Epoch 21/80 time=00:00.77 avg=00:00.77 ETA=00:45.48 | GPU MB alloc/reserved=281.9/1898.0
2026-04-11 15:53:44 | INFO | [Round 5] epoch=22/80 loss=0.9777 acc=63.30 val_acc=nan data_t=0.0035s batch_t=0.0891s epoch_t=00:00.74 lr=0.000826 | GPU MB alloc/reserved=281.9/1898.0
2026-04-11 15:53:44 | INFO | [Round 5] Epoch 22/80 time=00:00.74 avg=00:00.77 ETA=00:44.64 | GPU MB alloc/reserved=281.9/1898.0
2026-04-11 15:53:45 | INFO | [Round 5] epoch=23/80 loss=0.9546 acc=64.70 val_acc=nan data_t=0.0065s batch_t=0.0900s epoch_t=00:00.77 lr=0.000811 | GPU MB alloc/reserved=281.9/1898.0
2026-04-11 15:53:45 | INFO | [Round 5] Epoch 23/80 time=00:00.77 avg=00:00.77 ETA=00:43.87 | GPU MB alloc/reserved=281.9/1898.0
2026-04-11 15:53:45 | INFO | [Round 5] epoch=24/80 loss=0.9518 acc=62.50 val_acc=nan data_t=0.0048s batch_t=0.0925s epoch_t=00:00.78 lr=0.000796 | GPU MB alloc/reserved=281.9/1898.0
2026-04-11 15:53:45 | INFO | [Round 5] Epoch 24/80 time=00:00.78 avg=00:00.77 ETA=00:43.12 | GPU MB alloc/reserved=281.9/1898.0
2026-04-11 15:53:46 | INFO | [Round 5] epoch=25/80 loss=0.8646 acc=67.20 val_acc=nan data_t=0.0038s batch_t=0.0896s epoch_t=00:00.75 lr=0.000780 | GPU MB alloc/reserved=281.9/1898.0
2026-04-11 15:53:46 | INFO | [Round 5] Epoch 25/80 time=00:00.75 avg=00:00.77 ETA=00:42.30 | GPU MB alloc/reserved=281.9/1898.0
2026-04-11 15:53:47 | INFO | [Round 5] epoch=26/80 loss=0.8067 acc=69.70 val_acc=nan data_t=0.0076s batch_t=0.0906s epoch_t=00:00.79 lr=0.000764 | GPU MB alloc/reserved=281.9/1898.0
2026-04-11 15:53:47 | INFO | [Round 5] Epoch 26/80 time=00:00.79 avg=00:00.77 ETA=00:41.57 | GPU MB alloc/reserved=281.9/1898.0
2026-04-11 15:53:48 | INFO | [Round 5] epoch=27/80 loss=0.7171 acc=73.40 val_acc=nan data_t=0.0037s batch_t=0.0917s epoch_t=00:00.76 lr=0.000747 | GPU MB alloc/reserved=281.9/1898.0
2026-04-11 15:53:48 | INFO | [Round 5] Epoch 27/80 time=00:00.76 avg=00:00.77 ETA=00:40.78 | GPU MB alloc/reserved=281.9/1898.0
2026-04-11 15:53:48 | INFO | [Round 5] epoch=28/80 loss=0.7097 acc=74.00 val_acc=nan data_t=0.0085s batch_t=0.0903s epoch_t=00:00.79 lr=0.000730 | GPU MB alloc/reserved=281.9/1898.0
2026-04-11 15:53:48 | INFO | [Round 5] Epoch 28/80 time=00:00.79 avg=00:00.77 ETA=00:40.05 | GPU MB alloc/reserved=281.9/1898.0
2026-04-11 15:53:49 | INFO | [Round 5] epoch=29/80 loss=0.5983 acc=77.90 val_acc=nan data_t=0.0034s batch_t=0.0910s epoch_t=00:00.76 lr=0.000712 | GPU MB alloc/reserved=281.9/1898.0
2026-04-11 15:53:49 | INFO | [Round 5] Epoch 29/80 time=00:00.76 avg=00:00.77 ETA=00:39.26 | GPU MB alloc/reserved=281.9/1898.0
2026-04-11 15:53:50 | INFO | [Round 5] epoch=30/80 loss=0.5670 acc=78.00 val_acc=nan data_t=0.0051s batch_t=0.0894s epoch_t=00:00.76 lr=0.000694 | GPU MB alloc/reserved=281.9/1898.0
2026-04-11 15:53:50 | INFO | [Round 5] Epoch 30/80 time=00:00.76 avg=00:00.77 ETA=00:38.46 | GPU MB alloc/reserved=281.9/1898.0
2026-04-11 15:53:51 | INFO | [Round 5] epoch=31/80 loss=0.5365 acc=81.40 val_acc=nan data_t=0.0039s batch_t=0.0894s epoch_t=00:00.75 lr=0.000676 | GPU MB alloc/reserved=281.9/1898.0
2026-04-11 15:53:51 | INFO | [Round 5] Epoch 31/80 time=00:00.75 avg=00:00.77 ETA=00:37.66 | GPU MB alloc/reserved=281.9/1898.0
2026-04-11 15:53:51 | INFO | [Round 5] epoch=32/80 loss=0.4785 acc=82.60 val_acc=nan data_t=0.0032s batch_t=0.0900s epoch_t=00:00.75 lr=0.000658 | GPU MB alloc/reserved=281.9/1898.0
2026-04-11 15:53:51 | INFO | [Round 5] Epoch 32/80 time=00:00.75 avg=00:00.77 ETA=00:36.86 | GPU MB alloc/reserved=281.9/1898.0
2026-04-11 15:53:52 | INFO | [Round 5] epoch=33/80 loss=0.4918 acc=81.90 val_acc=nan data_t=0.0080s batch_t=0.0888s epoch_t=00:00.77 lr=0.000639 | GPU MB alloc/reserved=281.9/1898.0
2026-04-11 15:53:52 | INFO | [Round 5] Epoch 33/80 time=00:00.77 avg=00:00.77 ETA=00:36.10 | GPU MB alloc/reserved=281.9/1898.0
2026-04-11 15:53:53 | INFO | [Round 5] epoch=34/80 loss=0.5207 acc=81.10 val_acc=nan data_t=0.0079s batch_t=0.0889s epoch_t=00:00.77 lr=0.000621 | GPU MB alloc/reserved=281.9/1898.0
2026-04-11 15:53:53 | INFO | [Round 5] Epoch 34/80 time=00:00.77 avg=00:00.77 ETA=00:35.34 | GPU MB alloc/reserved=281.9/1898.0
2026-04-11 15:53:54 | INFO | [Round 5] epoch=35/80 loss=0.4074 acc=84.90 val_acc=nan data_t=0.0046s batch_t=0.0887s epoch_t=00:00.75 lr=0.000602 | GPU MB alloc/reserved=281.9/1898.0
2026-04-11 15:53:54 | INFO | [Round 5] Epoch 35/80 time=00:00.75 avg=00:00.77 ETA=00:34.54 | GPU MB alloc/reserved=281.9/1898.0
2026-04-11 15:53:55 | INFO | [Round 5] epoch=36/80 loss=0.4076 acc=85.70 val_acc=nan data_t=0.0045s batch_t=0.0902s epoch_t=00:00.76 lr=0.000582 | GPU MB alloc/reserved=281.9/1898.0
2026-04-11 15:53:55 | INFO | [Round 5] Epoch 36/80 time=00:00.76 avg=00:00.77 ETA=00:33.76 | GPU MB alloc/reserved=281.9/1898.0
2026-04-11 15:53:55 | INFO | [Round 5] epoch=37/80 loss=0.3778 acc=87.00 val_acc=nan data_t=0.0041s batch_t=0.0904s epoch_t=00:00.76 lr=0.000563 | GPU MB alloc/reserved=281.9/1898.0
2026-04-11 15:53:55 | INFO | [Round 5] Epoch 37/80 time=00:00.76 avg=00:00.77 ETA=00:32.98 | GPU MB alloc/reserved=281.9/1898.0
2026-04-11 15:53:56 | INFO | [Round 5] epoch=38/80 loss=0.3136 acc=88.40 val_acc=nan data_t=0.0078s batch_t=0.0893s epoch_t=00:00.78 lr=0.000544 | GPU MB alloc/reserved=281.9/1898.0
2026-04-11 15:53:56 | INFO | [Round 5] Epoch 38/80 time=00:00.78 avg=00:00.77 ETA=00:32.23 | GPU MB alloc/reserved=281.9/1898.0
2026-04-11 15:53:57 | INFO | [Round 5] epoch=39/80 loss=0.3214 acc=89.00 val_acc=nan data_t=0.0059s batch_t=0.0899s epoch_t=00:00.77 lr=0.000524 | GPU MB alloc/reserved=281.9/1898.0
2026-04-11 15:53:57 | INFO | [Round 5] Epoch 39/80 time=00:00.77 avg=00:00.77 ETA=00:31.46 | GPU MB alloc/reserved=281.9/1898.0
2026-04-11 15:53:58 | INFO | [Round 5] epoch=40/80 loss=0.2583 acc=91.30 val_acc=nan data_t=0.0064s batch_t=0.0885s epoch_t=00:00.76 lr=0.000505 | GPU MB alloc/reserved=281.9/1898.0
2026-04-11 15:53:58 | INFO | [Round 5] Epoch 40/80 time=00:00.76 avg=00:00.77 ETA=00:30.68 | GPU MB alloc/reserved=281.9/1898.0
2026-04-11 15:53:58 | INFO | [Round 5] epoch=41/80 loss=0.1925 acc=94.70 val_acc=nan data_t=0.0071s batch_t=0.0873s epoch_t=00:00.76 lr=0.000486 | GPU MB alloc/reserved=281.9/1898.0
2026-04-11 15:53:58 | INFO | [Round 5] Epoch 41/80 time=00:00.76 avg=00:00.77 ETA=00:29.91 | GPU MB alloc/reserved=281.9/1898.0
2026-04-11 15:53:59 | INFO | [Round 5] epoch=42/80 loss=0.2101 acc=92.90 val_acc=nan data_t=0.0070s batch_t=0.0750s epoch_t=00:00.66 lr=0.000466 | GPU MB alloc/reserved=281.9/1898.0
2026-04-11 15:53:59 | INFO | [Round 5] Epoch 42/80 time=00:00.66 avg=00:00.76 ETA=00:29.04 | GPU MB alloc/reserved=281.9/1898.0
2026-04-11 15:54:00 | INFO | [Round 5] epoch=43/80 loss=0.1858 acc=93.90 val_acc=nan data_t=0.0051s batch_t=0.0830s epoch_t=00:00.71 lr=0.000447 | GPU MB alloc/reserved=281.9/1898.0
2026-04-11 15:54:00 | INFO | [Round 5] Epoch 43/80 time=00:00.71 avg=00:00.76 ETA=00:28.22 | GPU MB alloc/reserved=281.9/1898.0
2026-04-11 15:54:01 | INFO | [Round 5] epoch=44/80 loss=0.1825 acc=92.90 val_acc=nan data_t=0.0081s batch_t=0.1025s epoch_t=00:00.89 lr=0.000428 | GPU MB alloc/reserved=281.9/1898.0
2026-04-11 15:54:01 | INFO | [Round 5] Epoch 44/80 time=00:00.89 avg=00:00.77 ETA=00:27.56 | GPU MB alloc/reserved=281.9/1898.0
2026-04-11 15:54:02 | INFO | [Round 5] epoch=45/80 loss=0.1393 acc=95.40 val_acc=nan data_t=0.0054s batch_t=0.1022s epoch_t=00:00.86 lr=0.000408 | GPU MB alloc/reserved=281.9/1898.0
2026-04-11 15:54:02 | INFO | [Round 5] Epoch 45/80 time=00:00.86 avg=00:00.77 ETA=00:26.87 | GPU MB alloc/reserved=281.9/1898.0
2026-04-11 15:54:02 | INFO | [Round 5] epoch=46/80 loss=0.1170 acc=96.60 val_acc=nan data_t=0.0048s batch_t=0.0980s epoch_t=00:00.82 lr=0.000389 | GPU MB alloc/reserved=281.9/1898.0
2026-04-11 15:54:02 | INFO | [Round 5] Epoch 46/80 time=00:00.82 avg=00:00.77 ETA=00:26.14 | GPU MB alloc/reserved=281.9/1898.0
2026-04-11 15:54:03 | INFO | [Round 5] epoch=47/80 loss=0.1001 acc=96.80 val_acc=nan data_t=0.0035s batch_t=0.1019s epoch_t=00:00.84 lr=0.000371 | GPU MB alloc/reserved=281.9/1898.0
2026-04-11 15:54:03 | INFO | [Round 5] Epoch 47/80 time=00:00.84 avg=00:00.77 ETA=00:25.43 | GPU MB alloc/reserved=281.9/1898.0
2026-04-11 15:54:04 | INFO | [Round 5] epoch=48/80 loss=0.1075 acc=96.50 val_acc=nan data_t=0.0069s batch_t=0.1033s epoch_t=00:00.88 lr=0.000352 | GPU MB alloc/reserved=281.9/1898.0
2026-04-11 15:54:04 | INFO | [Round 5] Epoch 48/80 time=00:00.88 avg=00:00.77 ETA=00:24.73 | GPU MB alloc/reserved=281.9/1898.0
2026-04-11 15:54:05 | INFO | [Round 5] epoch=49/80 loss=0.1071 acc=96.80 val_acc=nan data_t=0.0054s batch_t=0.1003s epoch_t=00:00.85 lr=0.000334 | GPU MB alloc/reserved=281.9/1898.0
2026-04-11 15:54:05 | INFO | [Round 5] Epoch 49/80 time=00:00.85 avg=00:00.77 ETA=00:24.00 | GPU MB alloc/reserved=281.9/1898.0
2026-04-11 15:54:06 | INFO | [Round 5] epoch=50/80 loss=0.0734 acc=98.20 val_acc=nan data_t=0.0076s batch_t=0.1003s epoch_t=00:00.86 lr=0.000316 | GPU MB alloc/reserved=281.9/1898.0
2026-04-11 15:54:06 | INFO | [Round 5] Epoch 50/80 time=00:00.86 avg=00:00.78 ETA=00:23.28 | GPU MB alloc/reserved=281.9/1898.0
2026-04-11 15:54:07 | INFO | [Round 5] epoch=51/80 loss=0.0677 acc=97.80 val_acc=nan data_t=0.0049s batch_t=0.0991s epoch_t=00:00.83 lr=0.000298 | GPU MB alloc/reserved=281.9/1898.0
2026-04-11 15:54:07 | INFO | [Round 5] Epoch 51/80 time=00:00.83 avg=00:00.78 ETA=00:22.54 | GPU MB alloc/reserved=281.9/1898.0
2026-04-11 15:54:07 | INFO | [Round 5] epoch=52/80 loss=0.0464 acc=98.80 val_acc=nan data_t=0.0065s batch_t=0.1029s epoch_t=00:00.88 lr=0.000280 | GPU MB alloc/reserved=281.9/1898.0
2026-04-11 15:54:07 | INFO | [Round 5] Epoch 52/80 time=00:00.88 avg=00:00.78 ETA=00:21.81 | GPU MB alloc/reserved=281.9/1898.0
2026-04-11 15:54:08 | INFO | [Round 5] epoch=53/80 loss=0.0552 acc=98.60 val_acc=nan data_t=0.0081s batch_t=0.0654s epoch_t=00:00.59 lr=0.000263 | GPU MB alloc/reserved=281.9/1898.0
2026-04-11 15:54:08 | INFO | [Round 5] Epoch 53/80 time=00:00.59 avg=00:00.78 ETA=00:20.94 | GPU MB alloc/reserved=281.9/1898.0
2026-04-11 15:54:09 | INFO | [Round 5] epoch=54/80 loss=0.0386 acc=99.10 val_acc=nan data_t=0.0043s batch_t=0.0560s epoch_t=00:00.48 lr=0.000246 | GPU MB alloc/reserved=281.9/1898.0
2026-04-11 15:54:09 | INFO | [Round 5] Epoch 54/80 time=00:00.48 avg=00:00.77 ETA=00:20.02 | GPU MB alloc/reserved=281.9/1898.0
2026-04-11 15:54:09 | INFO | [Round 5] epoch=55/80 loss=0.0360 acc=99.40 val_acc=nan data_t=0.0048s batch_t=0.0763s epoch_t=00:00.65 lr=0.000230 | GPU MB alloc/reserved=281.9/1898.0
2026-04-11 15:54:09 | INFO | [Round 5] Epoch 55/80 time=00:00.65 avg=00:00.77 ETA=00:19.20 | GPU MB alloc/reserved=281.9/1898.0
2026-04-11 15:54:10 | INFO | [Round 5] epoch=56/80 loss=0.0306 acc=99.30 val_acc=nan data_t=0.0063s batch_t=0.0601s epoch_t=00:00.53 lr=0.000214 | GPU MB alloc/reserved=281.9/1898.0
2026-04-11 15:54:10 | INFO | [Round 5] Epoch 56/80 time=00:00.53 avg=00:00.76 ETA=00:18.33 | GPU MB alloc/reserved=281.9/1898.0
2026-04-11 15:54:10 | INFO | [Round 5] epoch=57/80 loss=0.0228 acc=100.00 val_acc=nan data_t=0.0052s batch_t=0.0612s epoch_t=00:00.53 lr=0.000199 | GPU MB alloc/reserved=281.9/1898.0
2026-04-11 15:54:10 | INFO | [Round 5] Epoch 57/80 time=00:00.53 avg=00:00.76 ETA=00:17.47 | GPU MB alloc/reserved=281.9/1898.0
2026-04-11 15:54:11 | INFO | [Round 5] epoch=58/80 loss=0.0251 acc=99.30 val_acc=nan data_t=0.0056s batch_t=0.0903s epoch_t=00:00.77 lr=0.000184 | GPU MB alloc/reserved=281.9/1898.0
2026-04-11 15:54:11 | INFO | [Round 5] Epoch 58/80 time=00:00.77 avg=00:00.76 ETA=00:16.71 | GPU MB alloc/reserved=281.9/1898.0
2026-04-11 15:54:12 | INFO | [Round 5] epoch=59/80 loss=0.0235 acc=99.60 val_acc=nan data_t=0.0074s batch_t=0.0871s epoch_t=00:00.76 lr=0.000169 | GPU MB alloc/reserved=281.9/1898.0
2026-04-11 15:54:12 | INFO | [Round 5] Epoch 59/80 time=00:00.76 avg=00:00.76 ETA=00:15.95 | GPU MB alloc/reserved=281.9/1898.0
2026-04-11 15:54:13 | INFO | [Round 5] epoch=60/80 loss=0.0170 acc=100.00 val_acc=nan data_t=0.0034s batch_t=0.0854s epoch_t=00:00.71 lr=0.000155 | GPU MB alloc/reserved=281.9/1898.0
2026-04-11 15:54:13 | INFO | [Round 5] Epoch 60/80 time=00:00.71 avg=00:00.76 ETA=00:15.18 | GPU MB alloc/reserved=281.9/1898.0
2026-04-11 15:54:13 | INFO | [Round 5] epoch=61/80 loss=0.0173 acc=99.90 val_acc=nan data_t=0.0071s batch_t=0.0880s epoch_t=00:00.76 lr=0.000142 | GPU MB alloc/reserved=281.9/1898.0
2026-04-11 15:54:13 | INFO | [Round 5] Epoch 61/80 time=00:00.76 avg=00:00.76 ETA=00:14.42 | GPU MB alloc/reserved=281.9/1898.0
2026-04-11 15:54:14 | INFO | [Round 5] epoch=62/80 loss=0.0160 acc=99.90 val_acc=nan data_t=0.0049s batch_t=0.0872s epoch_t=00:00.74 lr=0.000129 | GPU MB alloc/reserved=281.9/1898.0
2026-04-11 15:54:14 | INFO | [Round 5] Epoch 62/80 time=00:00.74 avg=00:00.76 ETA=00:13.65 | GPU MB alloc/reserved=281.9/1898.0
2026-04-11 15:54:15 | INFO | [Round 5] epoch=63/80 loss=0.0172 acc=99.80 val_acc=nan data_t=0.0051s batch_t=0.0900s epoch_t=00:00.76 lr=0.000116 | GPU MB alloc/reserved=281.9/1898.0
2026-04-11 15:54:15 | INFO | [Round 5] Epoch 63/80 time=00:00.76 avg=00:00.76 ETA=00:12.90 | GPU MB alloc/reserved=281.9/1898.0
2026-04-11 15:54:16 | INFO | [Round 5] epoch=64/80 loss=0.0124 acc=100.00 val_acc=nan data_t=0.0067s batch_t=0.0906s epoch_t=00:00.78 lr=0.000105 | GPU MB alloc/reserved=281.9/1898.0
2026-04-11 15:54:16 | INFO | [Round 5] Epoch 64/80 time=00:00.78 avg=00:00.76 ETA=00:12.14 | GPU MB alloc/reserved=281.9/1898.0
2026-04-11 15:54:16 | INFO | [Round 5] epoch=65/80 loss=0.0155 acc=99.80 val_acc=nan data_t=0.0035s batch_t=0.0931s epoch_t=00:00.77 lr=0.000093 | GPU MB alloc/reserved=281.9/1898.0
2026-04-11 15:54:16 | INFO | [Round 5] Epoch 65/80 time=00:00.77 avg=00:00.76 ETA=00:11.39 | GPU MB alloc/reserved=281.9/1898.0
2026-04-11 15:54:17 | INFO | [Round 5] epoch=66/80 loss=0.0110 acc=100.00 val_acc=nan data_t=0.0073s batch_t=0.0800s epoch_t=00:00.70 lr=0.000083 | GPU MB alloc/reserved=281.9/1898.0
2026-04-11 15:54:17 | INFO | [Round 5] Epoch 66/80 time=00:00.70 avg=00:00.76 ETA=00:10.61 | GPU MB alloc/reserved=281.9/1898.0
2026-04-11 15:54:18 | INFO | [Round 5] epoch=67/80 loss=0.0126 acc=100.00 val_acc=nan data_t=0.0038s batch_t=0.0754s epoch_t=00:00.63 lr=0.000073 | GPU MB alloc/reserved=281.9/1898.0
2026-04-11 15:54:18 | INFO | [Round 5] Epoch 67/80 time=00:00.63 avg=00:00.76 ETA=00:09.83 | GPU MB alloc/reserved=281.9/1898.0
2026-04-11 15:54:19 | INFO | [Round 5] epoch=68/80 loss=0.0113 acc=100.00 val_acc=nan data_t=0.0058s batch_t=0.1008s epoch_t=00:00.85 lr=0.000064 | GPU MB alloc/reserved=281.9/1898.0
2026-04-11 15:54:19 | INFO | [Round 5] Epoch 68/80 time=00:00.85 avg=00:00.76 ETA=00:09.09 | GPU MB alloc/reserved=281.9/1898.0
2026-04-11 15:54:19 | INFO | [Round 5] epoch=69/80 loss=0.0124 acc=100.00 val_acc=nan data_t=0.0031s batch_t=0.1008s epoch_t=00:00.83 lr=0.000055 | GPU MB alloc/reserved=281.9/1898.0
2026-04-11 15:54:19 | INFO | [Round 5] Epoch 69/80 time=00:00.83 avg=00:00.76 ETA=00:08.35 | GPU MB alloc/reserved=281.9/1898.0
2026-04-11 15:54:20 | INFO | [Round 5] epoch=70/80 loss=0.0098 acc=100.00 val_acc=nan data_t=0.0034s batch_t=0.0972s epoch_t=00:00.81 lr=0.000048 | GPU MB alloc/reserved=281.9/1898.0
2026-04-11 15:54:20 | INFO | [Round 5] Epoch 70/80 time=00:00.81 avg=00:00.76 ETA=00:07.59 | GPU MB alloc/reserved=281.9/1898.0
2026-04-11 15:54:21 | INFO | [Round 5] epoch=71/80 loss=0.0119 acc=100.00 val_acc=nan data_t=0.0031s batch_t=0.0994s epoch_t=00:00.82 lr=0.000041 | GPU MB alloc/reserved=281.9/1898.0
2026-04-11 15:54:21 | INFO | [Round 5] Epoch 71/80 time=00:00.82 avg=00:00.76 ETA=00:06.84 | GPU MB alloc/reserved=281.9/1898.0
2026-04-11 15:54:22 | INFO | [Round 5] epoch=72/80 loss=0.0135 acc=99.90 val_acc=nan data_t=0.0073s batch_t=0.0977s epoch_t=00:00.84 lr=0.000034 | GPU MB alloc/reserved=281.9/1898.0
2026-04-11 15:54:22 | INFO | [Round 5] Epoch 72/80 time=00:00.84 avg=00:00.76 ETA=00:06.09 | GPU MB alloc/reserved=281.9/1898.0
2026-04-11 15:54:23 | INFO | [Round 5] epoch=73/80 loss=0.0090 acc=100.00 val_acc=nan data_t=0.0072s batch_t=0.1001s epoch_t=00:00.86 lr=0.000029 | GPU MB alloc/reserved=281.9/1898.0
2026-04-11 15:54:23 | INFO | [Round 5] Epoch 73/80 time=00:00.86 avg=00:00.76 ETA=00:05.34 | GPU MB alloc/reserved=281.9/1898.0
2026-04-11 15:54:24 | INFO | [Round 5] epoch=74/80 loss=0.0118 acc=99.90 val_acc=nan data_t=0.0076s batch_t=0.1009s epoch_t=00:00.87 lr=0.000024 | GPU MB alloc/reserved=281.9/1898.0
2026-04-11 15:54:24 | INFO | [Round 5] Epoch 74/80 time=00:00.87 avg=00:00.76 ETA=00:04.59 | GPU MB alloc/reserved=281.9/1898.0
2026-04-11 15:54:24 | INFO | [Round 5] epoch=75/80 loss=0.0095 acc=99.90 val_acc=nan data_t=0.0068s batch_t=0.1007s epoch_t=00:00.86 lr=0.000020 | GPU MB alloc/reserved=281.9/1898.0
2026-04-11 15:54:24 | INFO | [Round 5] Epoch 75/80 time=00:00.86 avg=00:00.77 ETA=00:03.83 | GPU MB alloc/reserved=281.9/1898.0
2026-04-11 15:54:25 | INFO | [Round 5] epoch=76/80 loss=0.0080 acc=100.00 val_acc=nan data_t=0.0056s batch_t=0.1028s epoch_t=00:00.87 lr=0.000016 | GPU MB alloc/reserved=281.9/1898.0
2026-04-11 15:54:25 | INFO | [Round 5] Epoch 76/80 time=00:00.87 avg=00:00.77 ETA=00:03.07 | GPU MB alloc/reserved=281.9/1898.0
2026-04-11 15:54:26 | INFO | [Round 5] epoch=77/80 loss=0.0098 acc=100.00 val_acc=nan data_t=0.0051s batch_t=0.0862s epoch_t=00:00.73 lr=0.000013 | GPU MB alloc/reserved=281.9/1898.0
2026-04-11 15:54:26 | INFO | [Round 5] Epoch 77/80 time=00:00.73 avg=00:00.77 ETA=00:02.30 | GPU MB alloc/reserved=281.9/1898.0
2026-04-11 15:54:27 | INFO | [Round 5] epoch=78/80 loss=0.0091 acc=100.00 val_acc=nan data_t=0.0050s batch_t=0.0570s epoch_t=00:00.50 lr=0.000012 | GPU MB alloc/reserved=281.9/1898.0
2026-04-11 15:54:27 | INFO | [Round 5] Epoch 78/80 time=00:00.50 avg=00:00.76 ETA=00:01.53 | GPU MB alloc/reserved=281.9/1898.0
2026-04-11 15:54:27 | INFO | [Round 5] epoch=79/80 loss=0.0106 acc=99.90 val_acc=nan data_t=0.0039s batch_t=0.0589s epoch_t=00:00.50 lr=0.000010 | GPU MB alloc/reserved=281.9/1898.0
2026-04-11 15:54:27 | INFO | [Round 5] Epoch 79/80 time=00:00.50 avg=00:00.76 ETA=00:00.76 | GPU MB alloc/reserved=281.9/1898.0
2026-04-11 15:54:28 | INFO | [Round 5] epoch=80/80 loss=0.0093 acc=100.00 val_acc=nan data_t=0.0031s batch_t=0.0820s epoch_t=00:00.68 lr=0.000010 | GPU MB alloc/reserved=281.9/1898.0
2026-04-11 15:54:28 | INFO | [Round 5] Epoch 80/80 time=00:00.68 avg=00:00.76 ETA=00:00.00 | GPU MB alloc/reserved=281.9/1898.0
2026-04-11 15:54:28 | INFO | [Round 5] training complete in 01:01.00 (best monitor=100.000) | GPU MB alloc/reserved=281.9/1898.0
2026-04-11 15:54:28 | INFO | [Round 5] evaluation started | GPU MB alloc/reserved=194.2/1898.0
2026-04-11 15:54:36 | INFO | [Round 5] clean=51.87 fgsm=40.75 pgd=40.45 grad_disp_mean=nan grad_disp_sel=nan round_t=71.18s | GPU MB alloc/reserved=194.2/1898.0
2026-04-11 15:54:36 | INFO | [Round 6/21] elapsed=01:11.18 avg_round=00:56.38 projected_remaining=14:05.74 | GPU MB alloc/reserved=194.2/1898.0
2026-04-11 15:54:37 | INFO | [Round 6] acquisition on pool_size=49000 scored_pool=5000 budget=100 | GPU MB alloc/reserved=104.2/1898.0
2026-04-11 15:54:38 | INFO | [BADGE] scoring progress 10/20 elapsed=00:00.38 avg/batch=0.038s ETA=00:00.38 | GPU MB alloc/reserved=112.7/1898.0
2026-04-11 15:54:38 | INFO | [BADGE] scoring progress 20/20 elapsed=00:00.58 avg/batch=0.029s ETA=00:00.00 | GPU MB alloc/reserved=108.7/1898.0
2026-04-11 15:54:39 | INFO | [Round 6] labeled=1100 train=1100 val_fixed=0 | GPU MB alloc/reserved=149.4/1898.0
2026-04-11 15:54:40 | INFO | [Round 6] epoch=1/80 loss=2.4001 acc=16.09 val_acc=nan data_t=0.0174s batch_t=0.0928s epoch_t=00:00.99 lr=0.001000 | GPU MB alloc/reserved=278.5/1898.0
2026-04-11 15:54:40 | INFO | [Round 6] Epoch 1/80 time=00:00.99 avg=00:00.99 ETA=01:18.35 | GPU MB alloc/reserved=278.5/1898.0
2026-04-11 15:54:41 | INFO | [Round 6] epoch=2/80 loss=2.0951 acc=24.64 val_acc=nan data_t=0.0058s batch_t=0.0884s epoch_t=00:00.85 lr=0.000998 | GPU MB alloc/reserved=278.5/1898.0
2026-04-11 15:54:41 | INFO | [Round 6] Epoch 2/80 time=00:00.85 avg=00:00.92 ETA=01:11.73 | GPU MB alloc/reserved=278.5/1898.0
2026-04-11 15:54:42 | INFO | [Round 6] epoch=3/80 loss=1.9315 acc=27.64 val_acc=nan data_t=0.0051s batch_t=0.0899s epoch_t=00:00.86 lr=0.000997 | GPU MB alloc/reserved=278.5/1898.0
2026-04-11 15:54:42 | INFO | [Round 6] Epoch 3/80 time=00:00.86 avg=00:00.90 ETA=01:09.17 | GPU MB alloc/reserved=278.5/1898.0
2026-04-11 15:54:42 | INFO | [Round 6] epoch=4/80 loss=1.8596 acc=29.45 val_acc=nan data_t=0.0048s batch_t=0.0911s epoch_t=00:00.86 lr=0.000994 | GPU MB alloc/reserved=278.5/1898.0
2026-04-11 15:54:42 | INFO | [Round 6] Epoch 4/80 time=00:00.86 avg=00:00.89 ETA=01:07.61 | GPU MB alloc/reserved=278.5/1898.0
2026-04-11 15:54:43 | INFO | [Round 6] epoch=5/80 loss=1.7715 acc=30.18 val_acc=nan data_t=0.0050s batch_t=0.0885s epoch_t=00:00.84 lr=0.000990 | GPU MB alloc/reserved=278.5/1898.0
2026-04-11 15:54:43 | INFO | [Round 6] Epoch 5/80 time=00:00.84 avg=00:00.88 ETA=01:06.01 | GPU MB alloc/reserved=278.5/1898.0
2026-04-11 15:54:44 | INFO | [Round 6] epoch=6/80 loss=1.7383 acc=33.73 val_acc=nan data_t=0.0045s batch_t=0.0902s epoch_t=00:00.85 lr=0.000986 | GPU MB alloc/reserved=278.5/1898.0
2026-04-11 15:54:44 | INFO | [Round 6] Epoch 6/80 time=00:00.85 avg=00:00.88 ETA=01:04.79 | GPU MB alloc/reserved=278.5/1898.0
2026-04-11 15:54:45 | INFO | [Round 6] epoch=7/80 loss=1.6907 acc=34.45 val_acc=nan data_t=0.0035s batch_t=0.0891s epoch_t=00:00.83 lr=0.000981 | GPU MB alloc/reserved=278.5/1898.0
2026-04-11 15:54:45 | INFO | [Round 6] Epoch 7/80 time=00:00.83 avg=00:00.87 ETA=01:03.47 | GPU MB alloc/reserved=278.5/1898.0
2026-04-11 15:54:46 | INFO | [Round 6] epoch=8/80 loss=1.6482 acc=37.00 val_acc=nan data_t=0.0032s batch_t=0.0883s epoch_t=00:00.82 lr=0.000976 | GPU MB alloc/reserved=278.5/1898.0
2026-04-11 15:54:46 | INFO | [Round 6] Epoch 8/80 time=00:00.82 avg=00:00.86 ETA=01:02.20 | GPU MB alloc/reserved=278.5/1898.0
2026-04-11 15:54:47 | INFO | [Round 6] epoch=9/80 loss=1.6322 acc=37.18 val_acc=nan data_t=0.0035s batch_t=0.0890s epoch_t=00:00.83 lr=0.000969 | GPU MB alloc/reserved=278.5/1898.0
2026-04-11 15:54:47 | INFO | [Round 6] Epoch 9/80 time=00:00.83 avg=00:00.86 ETA=01:01.09 | GPU MB alloc/reserved=278.5/1898.0
2026-04-11 15:54:47 | INFO | [Round 6] epoch=10/80 loss=1.6085 acc=38.64 val_acc=nan data_t=0.0046s batch_t=0.0891s epoch_t=00:00.84 lr=0.000962 | GPU MB alloc/reserved=278.5/1898.0
2026-04-11 15:54:47 | INFO | [Round 6] Epoch 10/80 time=00:00.84 avg=00:00.86 ETA=01:00.11 | GPU MB alloc/reserved=278.5/1898.0
2026-04-11 15:54:48 | INFO | [Round 6] epoch=11/80 loss=1.5659 acc=40.27 val_acc=nan data_t=0.0052s batch_t=0.0889s epoch_t=00:00.85 lr=0.000955 | GPU MB alloc/reserved=278.5/1898.0
2026-04-11 15:54:48 | INFO | [Round 6] Epoch 11/80 time=00:00.85 avg=00:00.86 ETA=00:59.18 | GPU MB alloc/reserved=278.5/1898.0
2026-04-11 15:54:49 | INFO | [Round 6] epoch=12/80 loss=1.5467 acc=41.09 val_acc=nan data_t=0.0047s batch_t=0.0889s epoch_t=00:00.84 lr=0.000946 | GPU MB alloc/reserved=278.5/1898.0
2026-04-11 15:54:49 | INFO | [Round 6] Epoch 12/80 time=00:00.84 avg=00:00.86 ETA=00:58.24 | GPU MB alloc/reserved=278.5/1898.0
2026-04-11 15:54:50 | INFO | [Round 6] epoch=13/80 loss=1.4711 acc=44.82 val_acc=nan data_t=0.0047s batch_t=0.0900s epoch_t=00:00.85 lr=0.000937 | GPU MB alloc/reserved=278.5/1898.0
2026-04-11 15:54:50 | INFO | [Round 6] Epoch 13/80 time=00:00.85 avg=00:00.86 ETA=00:57.36 | GPU MB alloc/reserved=278.5/1898.0
2026-04-11 15:54:51 | INFO | [Round 6] epoch=14/80 loss=1.4476 acc=45.82 val_acc=nan data_t=0.0048s batch_t=0.0882s epoch_t=00:00.84 lr=0.000927 | GPU MB alloc/reserved=278.5/1898.0
2026-04-11 15:54:51 | INFO | [Round 6] Epoch 14/80 time=00:00.84 avg=00:00.85 ETA=00:56.42 | GPU MB alloc/reserved=278.5/1898.0
2026-04-11 15:54:52 | INFO | [Round 6] epoch=15/80 loss=1.3911 acc=47.18 val_acc=nan data_t=0.0049s batch_t=0.0893s epoch_t=00:00.85 lr=0.000917 | GPU MB alloc/reserved=278.5/1898.0
2026-04-11 15:54:52 | INFO | [Round 6] Epoch 15/80 time=00:00.85 avg=00:00.85 ETA=00:55.53 | GPU MB alloc/reserved=278.5/1898.0
2026-04-11 15:54:53 | INFO | [Round 6] epoch=16/80 loss=1.3684 acc=48.09 val_acc=nan data_t=0.0044s batch_t=0.0888s epoch_t=00:00.84 lr=0.000905 | GPU MB alloc/reserved=278.5/1898.0
2026-04-11 15:54:53 | INFO | [Round 6] Epoch 16/80 time=00:00.84 avg=00:00.85 ETA=00:54.61 | GPU MB alloc/reserved=278.5/1898.0
2026-04-11 15:54:53 | INFO | [Round 6] epoch=17/80 loss=1.3574 acc=47.45 val_acc=nan data_t=0.0044s batch_t=0.0882s epoch_t=00:00.83 lr=0.000894 | GPU MB alloc/reserved=278.5/1898.0
2026-04-11 15:54:53 | INFO | [Round 6] Epoch 17/80 time=00:00.83 avg=00:00.85 ETA=00:53.69 | GPU MB alloc/reserved=278.5/1898.0
2026-04-11 15:54:54 | INFO | [Round 6] epoch=18/80 loss=1.2933 acc=51.45 val_acc=nan data_t=0.0056s batch_t=0.0883s epoch_t=00:00.85 lr=0.000881 | GPU MB alloc/reserved=278.5/1898.0
2026-04-11 15:54:54 | INFO | [Round 6] Epoch 18/80 time=00:00.85 avg=00:00.85 ETA=00:52.81 | GPU MB alloc/reserved=278.5/1898.0
2026-04-11 15:54:55 | INFO | [Round 6] epoch=19/80 loss=1.2767 acc=52.73 val_acc=nan data_t=0.0043s batch_t=0.0884s epoch_t=00:00.83 lr=0.000868 | GPU MB alloc/reserved=278.5/1898.0
2026-04-11 15:54:55 | INFO | [Round 6] Epoch 19/80 time=00:00.83 avg=00:00.85 ETA=00:51.91 | GPU MB alloc/reserved=278.5/1898.0
2026-04-11 15:54:56 | INFO | [Round 6] epoch=20/80 loss=1.1547 acc=56.09 val_acc=nan data_t=0.0068s batch_t=0.0894s epoch_t=00:00.87 lr=0.000855 | GPU MB alloc/reserved=278.5/1898.0
2026-04-11 15:54:56 | INFO | [Round 6] Epoch 20/80 time=00:00.87 avg=00:00.85 ETA=00:51.10 | GPU MB alloc/reserved=278.5/1898.0
2026-04-11 15:54:57 | INFO | [Round 6] epoch=21/80 loss=1.1374 acc=56.09 val_acc=nan data_t=0.0052s batch_t=0.0894s epoch_t=00:00.85 lr=0.000841 | GPU MB alloc/reserved=278.5/1898.0
2026-04-11 15:54:57 | INFO | [Round 6] Epoch 21/80 time=00:00.85 avg=00:00.85 ETA=00:50.25 | GPU MB alloc/reserved=278.5/1898.0
2026-04-11 15:54:58 | INFO | [Round 6] epoch=22/80 loss=1.1438 acc=56.64 val_acc=nan data_t=0.0029s batch_t=0.0894s epoch_t=00:00.83 lr=0.000826 | GPU MB alloc/reserved=278.5/1898.0
2026-04-11 15:54:58 | INFO | [Round 6] Epoch 22/80 time=00:00.83 avg=00:00.85 ETA=00:49.34 | GPU MB alloc/reserved=278.5/1898.0
2026-04-11 15:54:59 | INFO | [Round 6] epoch=23/80 loss=1.0741 acc=58.00 val_acc=nan data_t=0.0045s batch_t=0.0877s epoch_t=00:00.83 lr=0.000811 | GPU MB alloc/reserved=278.5/1898.0
2026-04-11 15:54:59 | INFO | [Round 6] Epoch 23/80 time=00:00.83 avg=00:00.85 ETA=00:48.44 | GPU MB alloc/reserved=278.5/1898.0
2026-04-11 15:54:59 | INFO | [Round 6] epoch=24/80 loss=1.0616 acc=60.18 val_acc=nan data_t=0.0046s batch_t=0.0886s epoch_t=00:00.84 lr=0.000796 | GPU MB alloc/reserved=278.5/1898.0
2026-04-11 15:54:59 | INFO | [Round 6] Epoch 24/80 time=00:00.84 avg=00:00.85 ETA=00:47.56 | GPU MB alloc/reserved=278.5/1898.0
2026-04-11 15:55:00 | INFO | [Round 6] epoch=25/80 loss=1.0095 acc=62.64 val_acc=nan data_t=0.0036s batch_t=0.0892s epoch_t=00:00.84 lr=0.000780 | GPU MB alloc/reserved=278.5/1898.0
2026-04-11 15:55:00 | INFO | [Round 6] Epoch 25/80 time=00:00.84 avg=00:00.85 ETA=00:46.69 | GPU MB alloc/reserved=278.5/1898.0
2026-04-11 15:55:01 | INFO | [Round 6] epoch=26/80 loss=0.9633 acc=64.82 val_acc=nan data_t=0.0041s batch_t=0.0874s epoch_t=00:00.82 lr=0.000764 | GPU MB alloc/reserved=278.5/1898.0
2026-04-11 15:55:01 | INFO | [Round 6] Epoch 26/80 time=00:00.82 avg=00:00.85 ETA=00:45.78 | GPU MB alloc/reserved=278.5/1898.0
2026-04-11 15:55:02 | INFO | [Round 6] epoch=27/80 loss=0.8825 acc=65.82 val_acc=nan data_t=0.0028s batch_t=0.0882s epoch_t=00:00.82 lr=0.000747 | GPU MB alloc/reserved=278.5/1898.0
2026-04-11 15:55:02 | INFO | [Round 6] Epoch 27/80 time=00:00.82 avg=00:00.85 ETA=00:44.88 | GPU MB alloc/reserved=278.5/1898.0
2026-04-11 15:55:03 | INFO | [Round 6] epoch=28/80 loss=0.8170 acc=68.09 val_acc=nan data_t=0.0030s batch_t=0.0897s epoch_t=00:00.83 lr=0.000730 | GPU MB alloc/reserved=278.5/1898.0
2026-04-11 15:55:03 | INFO | [Round 6] Epoch 28/80 time=00:00.83 avg=00:00.85 ETA=00:44.01 | GPU MB alloc/reserved=278.5/1898.0
2026-04-11 15:55:04 | INFO | [Round 6] epoch=29/80 loss=0.7676 acc=70.18 val_acc=nan data_t=0.0032s batch_t=0.0900s epoch_t=00:00.84 lr=0.000712 | GPU MB alloc/reserved=278.5/1898.0
2026-04-11 15:55:04 | INFO | [Round 6] Epoch 29/80 time=00:00.84 avg=00:00.85 ETA=00:43.15 | GPU MB alloc/reserved=278.5/1898.0
2026-04-11 15:55:04 | INFO | [Round 6] epoch=30/80 loss=0.7554 acc=72.36 val_acc=nan data_t=0.0032s batch_t=0.0892s epoch_t=00:00.83 lr=0.000694 | GPU MB alloc/reserved=278.5/1898.0
2026-04-11 15:55:04 | INFO | [Round 6] Epoch 30/80 time=00:00.83 avg=00:00.85 ETA=00:42.28 | GPU MB alloc/reserved=278.5/1898.0
2026-04-11 15:55:05 | INFO | [Round 6] epoch=31/80 loss=0.8138 acc=71.91 val_acc=nan data_t=0.0047s batch_t=0.0829s epoch_t=00:00.79 lr=0.000676 | GPU MB alloc/reserved=278.5/1898.0
2026-04-11 15:55:05 | INFO | [Round 6] Epoch 31/80 time=00:00.79 avg=00:00.84 ETA=00:41.35 | GPU MB alloc/reserved=278.5/1898.0
2026-04-11 15:55:06 | INFO | [Round 6] epoch=32/80 loss=0.6936 acc=72.73 val_acc=nan data_t=0.0060s batch_t=0.0877s epoch_t=00:00.84 lr=0.000658 | GPU MB alloc/reserved=278.5/1898.0
2026-04-11 15:55:06 | INFO | [Round 6] Epoch 32/80 time=00:00.84 avg=00:00.84 ETA=00:40.50 | GPU MB alloc/reserved=278.5/1898.0
2026-04-11 15:55:07 | INFO | [Round 6] epoch=33/80 loss=0.6146 acc=77.64 val_acc=nan data_t=0.0061s batch_t=0.0889s epoch_t=00:00.85 lr=0.000639 | GPU MB alloc/reserved=278.5/1898.0
2026-04-11 15:55:07 | INFO | [Round 6] Epoch 33/80 time=00:00.85 avg=00:00.84 ETA=00:39.67 | GPU MB alloc/reserved=278.5/1898.0
2026-04-11 15:55:08 | INFO | [Round 6] epoch=34/80 loss=0.5569 acc=80.09 val_acc=nan data_t=0.0058s batch_t=0.0882s epoch_t=00:00.85 lr=0.000621 | GPU MB alloc/reserved=278.5/1898.0
2026-04-11 15:55:08 | INFO | [Round 6] Epoch 34/80 time=00:00.85 avg=00:00.84 ETA=00:38.83 | GPU MB alloc/reserved=278.5/1898.0
2026-04-11 15:55:09 | INFO | [Round 6] epoch=35/80 loss=0.5204 acc=81.36 val_acc=nan data_t=0.0031s batch_t=0.0866s epoch_t=00:00.81 lr=0.000602 | GPU MB alloc/reserved=278.5/1898.0
2026-04-11 15:55:09 | INFO | [Round 6] Epoch 35/80 time=00:00.81 avg=00:00.84 ETA=00:37.94 | GPU MB alloc/reserved=278.5/1898.0
2026-04-11 15:55:09 | INFO | [Round 6] epoch=36/80 loss=0.5114 acc=81.82 val_acc=nan data_t=0.0030s batch_t=0.0896s epoch_t=00:00.83 lr=0.000582 | GPU MB alloc/reserved=278.5/1898.0
2026-04-11 15:55:09 | INFO | [Round 6] Epoch 36/80 time=00:00.83 avg=00:00.84 ETA=00:37.09 | GPU MB alloc/reserved=278.5/1898.0
2026-04-11 15:55:10 | INFO | [Round 6] epoch=37/80 loss=0.4806 acc=81.55 val_acc=nan data_t=0.0049s batch_t=0.0879s epoch_t=00:00.84 lr=0.000563 | GPU MB alloc/reserved=278.5/1898.0
2026-04-11 15:55:10 | INFO | [Round 6] Epoch 37/80 time=00:00.84 avg=00:00.84 ETA=00:36.24 | GPU MB alloc/reserved=278.5/1898.0
2026-04-11 15:55:11 | INFO | [Round 6] epoch=38/80 loss=0.4232 acc=84.55 val_acc=nan data_t=0.0050s batch_t=0.0902s epoch_t=00:00.86 lr=0.000544 | GPU MB alloc/reserved=278.5/1898.0
2026-04-11 15:55:11 | INFO | [Round 6] Epoch 38/80 time=00:00.86 avg=00:00.84 ETA=00:35.41 | GPU MB alloc/reserved=278.5/1898.0
2026-04-11 15:55:12 | INFO | [Round 6] epoch=39/80 loss=0.3661 acc=85.91 val_acc=nan data_t=0.0062s batch_t=0.0899s epoch_t=00:00.86 lr=0.000524 | GPU MB alloc/reserved=278.5/1898.0
2026-04-11 15:55:12 | INFO | [Round 6] Epoch 39/80 time=00:00.86 avg=00:00.84 ETA=00:34.59 | GPU MB alloc/reserved=278.5/1898.0
2026-04-11 15:55:13 | INFO | [Round 6] epoch=40/80 loss=0.3429 acc=88.09 val_acc=nan data_t=0.0048s batch_t=0.0891s epoch_t=00:00.84 lr=0.000505 | GPU MB alloc/reserved=278.5/1898.0
2026-04-11 15:55:13 | INFO | [Round 6] Epoch 40/80 time=00:00.84 avg=00:00.84 ETA=00:33.75 | GPU MB alloc/reserved=278.5/1898.0
2026-04-11 15:55:14 | INFO | [Round 6] epoch=41/80 loss=0.3070 acc=89.64 val_acc=nan data_t=0.0045s batch_t=0.0889s epoch_t=00:00.84 lr=0.000486 | GPU MB alloc/reserved=278.5/1898.0
2026-04-11 15:55:14 | INFO | [Round 6] Epoch 41/80 time=00:00.84 avg=00:00.84 ETA=00:32.90 | GPU MB alloc/reserved=278.5/1898.0
2026-04-11 15:55:14 | INFO | [Round 6] epoch=42/80 loss=0.2586 acc=91.27 val_acc=nan data_t=0.0046s batch_t=0.0885s epoch_t=00:00.84 lr=0.000466 | GPU MB alloc/reserved=278.5/1898.0
2026-04-11 15:55:14 | INFO | [Round 6] Epoch 42/80 time=00:00.84 avg=00:00.84 ETA=00:32.05 | GPU MB alloc/reserved=278.5/1898.0
2026-04-11 15:55:15 | INFO | [Round 6] epoch=43/80 loss=0.2639 acc=91.18 val_acc=nan data_t=0.0048s batch_t=0.0837s epoch_t=00:00.80 lr=0.000447 | GPU MB alloc/reserved=278.5/1898.0
2026-04-11 15:55:15 | INFO | [Round 6] Epoch 43/80 time=00:00.80 avg=00:00.84 ETA=00:31.17 | GPU MB alloc/reserved=278.5/1898.0
2026-04-11 15:55:16 | INFO | [Round 6] epoch=44/80 loss=0.2155 acc=92.64 val_acc=nan data_t=0.0047s batch_t=0.0851s epoch_t=00:00.81 lr=0.000428 | GPU MB alloc/reserved=278.5/1898.0
2026-04-11 15:55:16 | INFO | [Round 6] Epoch 44/80 time=00:00.81 avg=00:00.84 ETA=00:30.30 | GPU MB alloc/reserved=278.5/1898.0
2026-04-11 15:55:17 | INFO | [Round 6] epoch=45/80 loss=0.1791 acc=94.91 val_acc=nan data_t=0.0036s batch_t=0.0680s epoch_t=00:00.64 lr=0.000408 | GPU MB alloc/reserved=278.5/1898.0
2026-04-11 15:55:17 | INFO | [Round 6] Epoch 45/80 time=00:00.64 avg=00:00.84 ETA=00:29.30 | GPU MB alloc/reserved=278.5/1898.0
2026-04-11 15:55:18 | INFO | [Round 6] epoch=46/80 loss=0.1725 acc=94.45 val_acc=nan data_t=0.0035s batch_t=0.0940s epoch_t=00:00.88 lr=0.000389 | GPU MB alloc/reserved=278.5/1898.0
2026-04-11 15:55:18 | INFO | [Round 6] Epoch 46/80 time=00:00.88 avg=00:00.84 ETA=00:28.50 | GPU MB alloc/reserved=278.5/1898.0
2026-04-11 15:55:19 | INFO | [Round 6] epoch=47/80 loss=0.1271 acc=97.00 val_acc=nan data_t=0.0048s batch_t=0.0976s epoch_t=00:00.92 lr=0.000371 | GPU MB alloc/reserved=278.5/1898.0
2026-04-11 15:55:19 | INFO | [Round 6] Epoch 47/80 time=00:00.92 avg=00:00.84 ETA=00:27.72 | GPU MB alloc/reserved=278.5/1898.0
2026-04-11 15:55:19 | INFO | [Round 6] epoch=48/80 loss=0.1255 acc=96.00 val_acc=nan data_t=0.0044s batch_t=0.0958s epoch_t=00:00.90 lr=0.000352 | GPU MB alloc/reserved=278.5/1898.0
2026-04-11 15:55:19 | INFO | [Round 6] Epoch 48/80 time=00:00.90 avg=00:00.84 ETA=00:26.92 | GPU MB alloc/reserved=278.5/1898.0
2026-04-11 15:55:20 | INFO | [Round 6] epoch=49/80 loss=0.1014 acc=97.27 val_acc=nan data_t=0.0046s batch_t=0.0976s epoch_t=00:00.92 lr=0.000334 | GPU MB alloc/reserved=278.5/1898.0
2026-04-11 15:55:20 | INFO | [Round 6] Epoch 49/80 time=00:00.92 avg=00:00.84 ETA=00:26.13 | GPU MB alloc/reserved=278.5/1898.0
2026-04-11 15:55:21 | INFO | [Round 6] epoch=50/80 loss=0.0925 acc=97.73 val_acc=nan data_t=0.0051s batch_t=0.0971s epoch_t=00:00.92 lr=0.000316 | GPU MB alloc/reserved=278.5/1898.0
2026-04-11 15:55:21 | INFO | [Round 6] Epoch 50/80 time=00:00.92 avg=00:00.84 ETA=00:25.33 | GPU MB alloc/reserved=278.5/1898.0
2026-04-11 15:55:22 | INFO | [Round 6] epoch=51/80 loss=0.0793 acc=98.36 val_acc=nan data_t=0.0069s batch_t=0.0988s epoch_t=00:00.95 lr=0.000298 | GPU MB alloc/reserved=278.5/1898.0
2026-04-11 15:55:22 | INFO | [Round 6] Epoch 51/80 time=00:00.95 avg=00:00.85 ETA=00:24.55 | GPU MB alloc/reserved=278.5/1898.0
2026-04-11 15:55:23 | INFO | [Round 6] epoch=52/80 loss=0.0626 acc=98.82 val_acc=nan data_t=0.0034s batch_t=0.0988s epoch_t=00:00.92 lr=0.000280 | GPU MB alloc/reserved=278.5/1898.0
2026-04-11 15:55:23 | INFO | [Round 6] Epoch 52/80 time=00:00.92 avg=00:00.85 ETA=00:23.74 | GPU MB alloc/reserved=278.5/1898.0
2026-04-11 15:55:24 | INFO | [Round 6] epoch=53/80 loss=0.0650 acc=98.00 val_acc=nan data_t=0.0038s batch_t=0.0976s epoch_t=00:00.91 lr=0.000263 | GPU MB alloc/reserved=278.5/1898.0
2026-04-11 15:55:24 | INFO | [Round 6] Epoch 53/80 time=00:00.91 avg=00:00.85 ETA=00:22.93 | GPU MB alloc/reserved=278.5/1898.0
2026-04-11 15:55:25 | INFO | [Round 6] epoch=54/80 loss=0.0557 acc=98.45 val_acc=nan data_t=0.0037s batch_t=0.0988s epoch_t=00:00.92 lr=0.000246 | GPU MB alloc/reserved=278.5/1898.0
2026-04-11 15:55:25 | INFO | [Round 6] Epoch 54/80 time=00:00.92 avg=00:00.85 ETA=00:22.11 | GPU MB alloc/reserved=278.5/1898.0
2026-04-11 15:55:26 | INFO | [Round 6] epoch=55/80 loss=0.0705 acc=97.82 val_acc=nan data_t=0.0052s batch_t=0.0650s epoch_t=00:00.63 lr=0.000230 | GPU MB alloc/reserved=278.5/1898.0
2026-04-11 15:55:26 | INFO | [Round 6] Epoch 55/80 time=00:00.63 avg=00:00.85 ETA=00:21.16 | GPU MB alloc/reserved=278.5/1898.0
2026-04-11 15:55:26 | INFO | [Round 6] epoch=56/80 loss=0.0662 acc=98.18 val_acc=nan data_t=0.0035s batch_t=0.0593s epoch_t=00:00.56 lr=0.000214 | GPU MB alloc/reserved=278.5/1898.0
2026-04-11 15:55:26 | INFO | [Round 6] Epoch 56/80 time=00:00.56 avg=00:00.84 ETA=00:20.20 | GPU MB alloc/reserved=278.5/1898.0
2026-04-11 15:55:27 | INFO | [Round 6] epoch=57/80 loss=0.0546 acc=98.64 val_acc=nan data_t=0.0031s batch_t=0.0758s epoch_t=00:00.71 lr=0.000199 | GPU MB alloc/reserved=278.5/1898.0
2026-04-11 15:55:27 | INFO | [Round 6] Epoch 57/80 time=00:00.71 avg=00:00.84 ETA=00:19.30 | GPU MB alloc/reserved=278.5/1898.0
2026-04-11 15:55:27 | INFO | [Round 6] epoch=58/80 loss=0.0407 acc=99.45 val_acc=nan data_t=0.0046s batch_t=0.0547s epoch_t=00:00.53 lr=0.000184 | GPU MB alloc/reserved=278.5/1898.0
2026-04-11 15:55:27 | INFO | [Round 6] Epoch 58/80 time=00:00.53 avg=00:00.83 ETA=00:18.35 | GPU MB alloc/reserved=278.5/1898.0
2026-04-11 15:55:28 | INFO | [Round 6] epoch=59/80 loss=0.0407 acc=99.09 val_acc=nan data_t=0.0046s batch_t=0.0739s epoch_t=00:00.71 lr=0.000169 | GPU MB alloc/reserved=278.5/1898.0
2026-04-11 15:55:28 | INFO | [Round 6] Epoch 59/80 time=00:00.71 avg=00:00.83 ETA=00:17.47 | GPU MB alloc/reserved=278.5/1898.0
2026-04-11 15:55:29 | INFO | [Round 6] epoch=60/80 loss=0.0274 acc=99.91 val_acc=nan data_t=0.0032s batch_t=0.0829s epoch_t=00:00.77 lr=0.000155 | GPU MB alloc/reserved=278.5/1898.0
2026-04-11 15:55:29 | INFO | [Round 6] Epoch 60/80 time=00:00.77 avg=00:00.83 ETA=00:16.62 | GPU MB alloc/reserved=278.5/1898.0
2026-04-11 15:55:30 | INFO | [Round 6] epoch=61/80 loss=0.0287 acc=99.55 val_acc=nan data_t=0.0042s batch_t=0.0862s epoch_t=00:00.81 lr=0.000142 | GPU MB alloc/reserved=278.5/1898.0
2026-04-11 15:55:30 | INFO | [Round 6] Epoch 61/80 time=00:00.81 avg=00:00.83 ETA=00:15.78 | GPU MB alloc/reserved=278.5/1898.0
2026-04-11 15:55:31 | INFO | [Round 6] epoch=62/80 loss=0.0320 acc=99.36 val_acc=nan data_t=0.0032s batch_t=0.0893s epoch_t=00:00.83 lr=0.000129 | GPU MB alloc/reserved=278.5/1898.0
2026-04-11 15:55:31 | INFO | [Round 6] Epoch 62/80 time=00:00.83 avg=00:00.83 ETA=00:14.95 | GPU MB alloc/reserved=278.5/1898.0
2026-04-11 15:55:31 | INFO | [Round 6] epoch=63/80 loss=0.0235 acc=99.45 val_acc=nan data_t=0.0047s batch_t=0.0901s epoch_t=00:00.85 lr=0.000116 | GPU MB alloc/reserved=278.5/1898.0
2026-04-11 15:55:31 | INFO | [Round 6] Epoch 63/80 time=00:00.85 avg=00:00.83 ETA=00:14.13 | GPU MB alloc/reserved=278.5/1898.0
2026-04-11 15:55:32 | INFO | [Round 6] epoch=64/80 loss=0.0226 acc=99.82 val_acc=nan data_t=0.0032s batch_t=0.0893s epoch_t=00:00.83 lr=0.000105 | GPU MB alloc/reserved=278.5/1898.0
2026-04-11 15:55:32 | INFO | [Round 6] Epoch 64/80 time=00:00.83 avg=00:00.83 ETA=00:13.30 | GPU MB alloc/reserved=278.5/1898.0
2026-04-11 15:55:33 | INFO | [Round 6] epoch=65/80 loss=0.0197 acc=99.73 val_acc=nan data_t=0.0030s batch_t=0.0898s epoch_t=00:00.84 lr=0.000093 | GPU MB alloc/reserved=278.5/1898.0
2026-04-11 15:55:33 | INFO | [Round 6] Epoch 65/80 time=00:00.84 avg=00:00.83 ETA=00:12.47 | GPU MB alloc/reserved=278.5/1898.0
2026-04-11 15:55:34 | INFO | [Round 6] epoch=66/80 loss=0.0182 acc=99.91 val_acc=nan data_t=0.0044s batch_t=0.0861s epoch_t=00:00.81 lr=0.000083 | GPU MB alloc/reserved=278.5/1898.0
2026-04-11 15:55:34 | INFO | [Round 6] Epoch 66/80 time=00:00.81 avg=00:00.83 ETA=00:11.63 | GPU MB alloc/reserved=278.5/1898.0
2026-04-11 15:55:35 | INFO | [Round 6] epoch=67/80 loss=0.0160 acc=99.82 val_acc=nan data_t=0.0047s batch_t=0.0846s epoch_t=00:00.80 lr=0.000073 | GPU MB alloc/reserved=278.5/1898.0
2026-04-11 15:55:35 | INFO | [Round 6] Epoch 67/80 time=00:00.80 avg=00:00.83 ETA=00:10.80 | GPU MB alloc/reserved=278.5/1898.0
2026-04-11 15:55:35 | INFO | [Round 6] epoch=68/80 loss=0.0140 acc=100.00 val_acc=nan data_t=0.0061s batch_t=0.0741s epoch_t=00:00.72 lr=0.000064 | GPU MB alloc/reserved=278.5/1898.0
2026-04-11 15:55:35 | INFO | [Round 6] Epoch 68/80 time=00:00.72 avg=00:00.83 ETA=00:09.95 | GPU MB alloc/reserved=278.5/1898.0
2026-04-11 15:55:36 | INFO | [Round 6] epoch=69/80 loss=0.0161 acc=99.82 val_acc=nan data_t=0.0054s batch_t=0.0898s epoch_t=00:00.86 lr=0.000055 | GPU MB alloc/reserved=278.5/1898.0
2026-04-11 15:55:36 | INFO | [Round 6] Epoch 69/80 time=00:00.86 avg=00:00.83 ETA=00:09.12 | GPU MB alloc/reserved=278.5/1898.0
2026-04-11 15:55:37 | INFO | [Round 6] epoch=70/80 loss=0.0145 acc=99.91 val_acc=nan data_t=0.0062s batch_t=0.0979s epoch_t=00:00.94 lr=0.000048 | GPU MB alloc/reserved=278.5/1898.0
2026-04-11 15:55:37 | INFO | [Round 6] Epoch 70/80 time=00:00.94 avg=00:00.83 ETA=00:08.31 | GPU MB alloc/reserved=278.5/1898.0
2026-04-11 15:55:38 | INFO | [Round 6] epoch=71/80 loss=0.0125 acc=100.00 val_acc=nan data_t=0.0031s batch_t=0.0953s epoch_t=00:00.89 lr=0.000041 | GPU MB alloc/reserved=278.5/1898.0
2026-04-11 15:55:38 | INFO | [Round 6] Epoch 71/80 time=00:00.89 avg=00:00.83 ETA=00:07.48 | GPU MB alloc/reserved=278.5/1898.0
2026-04-11 15:55:39 | INFO | [Round 6] epoch=72/80 loss=0.0119 acc=100.00 val_acc=nan data_t=0.0031s batch_t=0.0960s epoch_t=00:00.89 lr=0.000034 | GPU MB alloc/reserved=278.5/1898.0
2026-04-11 15:55:39 | INFO | [Round 6] Epoch 72/80 time=00:00.89 avg=00:00.83 ETA=00:06.66 | GPU MB alloc/reserved=278.5/1898.0
2026-04-11 15:55:40 | INFO | [Round 6] epoch=73/80 loss=0.0139 acc=100.00 val_acc=nan data_t=0.0030s batch_t=0.1016s epoch_t=00:00.94 lr=0.000029 | GPU MB alloc/reserved=278.5/1898.0
2026-04-11 15:55:40 | INFO | [Round 6] Epoch 73/80 time=00:00.94 avg=00:00.83 ETA=00:05.84 | GPU MB alloc/reserved=278.5/1898.0
2026-04-11 15:55:41 | INFO | [Round 6] epoch=74/80 loss=0.0164 acc=99.91 val_acc=nan data_t=0.0042s batch_t=0.0994s epoch_t=00:00.93 lr=0.000024 | GPU MB alloc/reserved=278.5/1898.0
2026-04-11 15:55:41 | INFO | [Round 6] Epoch 74/80 time=00:00.93 avg=00:00.84 ETA=00:05.01 | GPU MB alloc/reserved=278.5/1898.0
2026-04-11 15:55:42 | INFO | [Round 6] epoch=75/80 loss=0.0156 acc=99.82 val_acc=nan data_t=0.0034s batch_t=0.0978s epoch_t=00:00.91 lr=0.000020 | GPU MB alloc/reserved=278.5/1898.0
2026-04-11 15:55:42 | INFO | [Round 6] Epoch 75/80 time=00:00.91 avg=00:00.84 ETA=00:04.18 | GPU MB alloc/reserved=278.5/1898.0
2026-04-11 15:55:43 | INFO | [Round 6] epoch=76/80 loss=0.0123 acc=100.00 val_acc=nan data_t=0.0048s batch_t=0.0968s epoch_t=00:00.91 lr=0.000016 | GPU MB alloc/reserved=278.5/1898.0
2026-04-11 15:55:43 | INFO | [Round 6] Epoch 76/80 time=00:00.91 avg=00:00.84 ETA=00:03.35 | GPU MB alloc/reserved=278.5/1898.0
2026-04-11 15:55:44 | INFO | [Round 6] epoch=77/80 loss=0.0125 acc=99.91 val_acc=nan data_t=0.0049s batch_t=0.0986s epoch_t=00:00.93 lr=0.000013 | GPU MB alloc/reserved=278.5/1898.0
2026-04-11 15:55:44 | INFO | [Round 6] Epoch 77/80 time=00:00.93 avg=00:00.84 ETA=00:02.52 | GPU MB alloc/reserved=278.5/1898.0
2026-04-11 15:55:44 | INFO | [Round 6] epoch=78/80 loss=0.0130 acc=99.91 val_acc=nan data_t=0.0047s batch_t=0.0785s epoch_t=00:00.75 lr=0.000012 | GPU MB alloc/reserved=278.5/1898.0
2026-04-11 15:55:44 | INFO | [Round 6] Epoch 78/80 time=00:00.75 avg=00:00.84 ETA=00:01.67 | GPU MB alloc/reserved=278.5/1898.0
2026-04-11 15:55:45 | INFO | [Round 6] epoch=79/80 loss=0.0115 acc=100.00 val_acc=nan data_t=0.0060s batch_t=0.0598s epoch_t=00:00.59 lr=0.000010 | GPU MB alloc/reserved=278.5/1898.0
2026-04-11 15:55:45 | INFO | [Round 6] Epoch 79/80 time=00:00.59 avg=00:00.83 ETA=00:00.83 | GPU MB alloc/reserved=278.5/1898.0
2026-04-11 15:55:46 | INFO | [Round 6] epoch=80/80 loss=0.0128 acc=100.00 val_acc=nan data_t=0.0046s batch_t=0.0756s epoch_t=00:00.72 lr=0.000010 | GPU MB alloc/reserved=278.5/1898.0
2026-04-11 15:55:46 | INFO | [Round 6] Epoch 80/80 time=00:00.72 avg=00:00.83 ETA=00:00.00 | GPU MB alloc/reserved=278.5/1898.0
2026-04-11 15:55:46 | INFO | [Round 6] training complete in 01:06.96 (best monitor=100.000) | GPU MB alloc/reserved=278.5/1898.0
2026-04-11 15:55:46 | INFO | [Round 6] evaluation started | GPU MB alloc/reserved=192.1/1898.0
2026-04-11 15:55:54 | INFO | [Round 6] clean=52.98 fgsm=41.77 pgd=41.39 grad_disp_mean=nan grad_disp_sel=nan round_t=77.12s | GPU MB alloc/reserved=192.1/1898.0
2026-04-11 15:55:54 | INFO | [Round 7/21] elapsed=01:17.12 avg_round=00:59.35 projected_remaining=13:50.83 | GPU MB alloc/reserved=192.1/1898.0
2026-04-11 15:55:55 | INFO | [Round 7] acquisition on pool_size=48900 scored_pool=5000 budget=100 | GPU MB alloc/reserved=104.2/1898.0
2026-04-11 15:55:56 | INFO | [BADGE] scoring progress 10/20 elapsed=00:00.39 avg/batch=0.039s ETA=00:00.39 | GPU MB alloc/reserved=112.7/1898.0
2026-04-11 15:55:56 | INFO | [BADGE] scoring progress 20/20 elapsed=00:00.57 avg/batch=0.029s ETA=00:00.00 | GPU MB alloc/reserved=108.7/1898.0
2026-04-11 15:55:57 | INFO | [Round 7] labeled=1200 train=1200 val_fixed=0 | GPU MB alloc/reserved=148.5/1898.0
2026-04-11 15:55:58 | INFO | [Round 7] epoch=1/80 loss=2.3624 acc=17.92 val_acc=nan data_t=0.0177s batch_t=0.0933s epoch_t=00:01.11 lr=0.001000 | GPU MB alloc/reserved=277.0/1898.0
2026-04-11 15:55:58 | INFO | [Round 7] Epoch 1/80 time=00:01.11 avg=00:01.11 ETA=01:27.69 | GPU MB alloc/reserved=277.0/1898.0
2026-04-11 15:55:59 | INFO | [Round 7] epoch=2/80 loss=2.0135 acc=25.58 val_acc=nan data_t=0.0028s batch_t=0.0870s epoch_t=00:00.90 lr=0.000998 | GPU MB alloc/reserved=277.0/1898.0
2026-04-11 15:55:59 | INFO | [Round 7] Epoch 2/80 time=00:00.90 avg=00:01.00 ETA=01:18.31 | GPU MB alloc/reserved=277.0/1898.0
2026-04-11 15:56:00 | INFO | [Round 7] epoch=3/80 loss=1.9168 acc=27.92 val_acc=nan data_t=0.0026s batch_t=0.0864s epoch_t=00:00.89 lr=0.000997 | GPU MB alloc/reserved=277.0/1898.0
2026-04-11 15:56:00 | INFO | [Round 7] Epoch 3/80 time=00:00.89 avg=00:00.97 ETA=01:14.41 | GPU MB alloc/reserved=277.0/1898.0
2026-04-11 15:56:01 | INFO | [Round 7] epoch=4/80 loss=1.8727 acc=30.17 val_acc=nan data_t=0.0046s batch_t=0.0871s epoch_t=00:00.92 lr=0.000994 | GPU MB alloc/reserved=277.0/1898.0
2026-04-11 15:56:01 | INFO | [Round 7] Epoch 4/80 time=00:00.92 avg=00:00.95 ETA=01:12.49 | GPU MB alloc/reserved=277.0/1898.0
2026-04-11 15:56:01 | INFO | [Round 7] epoch=5/80 loss=1.8817 acc=28.25 val_acc=nan data_t=0.0027s batch_t=0.0875s epoch_t=00:00.90 lr=0.000990 | GPU MB alloc/reserved=277.0/1898.0
2026-04-11 15:56:01 | INFO | [Round 7] Epoch 5/80 time=00:00.90 avg=00:00.94 ETA=01:10.77 | GPU MB alloc/reserved=277.0/1898.0
2026-04-11 15:56:02 | INFO | [Round 7] epoch=6/80 loss=1.7635 acc=33.08 val_acc=nan data_t=0.0032s batch_t=0.0873s epoch_t=00:00.91 lr=0.000986 | GPU MB alloc/reserved=277.0/1898.0
2026-04-11 15:56:02 | INFO | [Round 7] Epoch 6/80 time=00:00.91 avg=00:00.94 ETA=01:09.36 | GPU MB alloc/reserved=277.0/1898.0
2026-04-11 15:56:03 | INFO | [Round 7] epoch=7/80 loss=1.8056 acc=31.67 val_acc=nan data_t=0.0057s batch_t=0.0876s epoch_t=00:00.93 lr=0.000981 | GPU MB alloc/reserved=277.0/1898.0
2026-04-11 15:56:03 | INFO | [Round 7] Epoch 7/80 time=00:00.93 avg=00:00.94 ETA=01:08.38 | GPU MB alloc/reserved=277.0/1898.0
2026-04-11 15:56:04 | INFO | [Round 7] epoch=8/80 loss=1.7339 acc=32.83 val_acc=nan data_t=0.0044s batch_t=0.0887s epoch_t=00:00.93 lr=0.000976 | GPU MB alloc/reserved=277.0/1898.0
2026-04-11 15:56:04 | INFO | [Round 7] Epoch 8/80 time=00:00.93 avg=00:00.94 ETA=01:07.40 | GPU MB alloc/reserved=277.0/1898.0
2026-04-11 15:56:05 | INFO | [Round 7] epoch=9/80 loss=1.6997 acc=34.17 val_acc=nan data_t=0.0027s batch_t=0.0861s epoch_t=00:00.89 lr=0.000969 | GPU MB alloc/reserved=277.0/1898.0
2026-04-11 15:56:05 | INFO | [Round 7] Epoch 9/80 time=00:00.89 avg=00:00.93 ETA=01:06.09 | GPU MB alloc/reserved=277.0/1898.0
2026-04-11 15:56:06 | INFO | [Round 7] epoch=10/80 loss=1.7002 acc=34.33 val_acc=nan data_t=0.0028s batch_t=0.0878s epoch_t=00:00.91 lr=0.000962 | GPU MB alloc/reserved=277.0/1898.0
2026-04-11 15:56:06 | INFO | [Round 7] Epoch 10/80 time=00:00.91 avg=00:00.93 ETA=01:04.99 | GPU MB alloc/reserved=277.0/1898.0
2026-04-11 15:56:07 | INFO | [Round 7] epoch=11/80 loss=1.6318 acc=39.08 val_acc=nan data_t=0.0042s batch_t=0.0885s epoch_t=00:00.93 lr=0.000955 | GPU MB alloc/reserved=277.0/1898.0
2026-04-11 15:56:07 | INFO | [Round 7] Epoch 11/80 time=00:00.93 avg=00:00.93 ETA=01:04.05 | GPU MB alloc/reserved=277.0/1898.0
2026-04-11 15:56:08 | INFO | [Round 7] epoch=12/80 loss=1.6126 acc=38.00 val_acc=nan data_t=0.0060s batch_t=0.0888s epoch_t=00:00.95 lr=0.000946 | GPU MB alloc/reserved=277.0/1898.0
2026-04-11 15:56:08 | INFO | [Round 7] Epoch 12/80 time=00:00.95 avg=00:00.93 ETA=01:03.24 | GPU MB alloc/reserved=277.0/1898.0
2026-04-11 15:56:09 | INFO | [Round 7] epoch=13/80 loss=1.5864 acc=40.25 val_acc=nan data_t=0.0058s batch_t=0.0882s epoch_t=00:00.94 lr=0.000937 | GPU MB alloc/reserved=277.0/1898.0
2026-04-11 15:56:09 | INFO | [Round 7] Epoch 13/80 time=00:00.94 avg=00:00.93 ETA=01:02.36 | GPU MB alloc/reserved=277.0/1898.0
2026-04-11 15:56:10 | INFO | [Round 7] epoch=14/80 loss=1.5145 acc=41.58 val_acc=nan data_t=0.0041s batch_t=0.0884s epoch_t=00:00.92 lr=0.000927 | GPU MB alloc/reserved=277.0/1898.0
2026-04-11 15:56:10 | INFO | [Round 7] Epoch 14/80 time=00:00.92 avg=00:00.93 ETA=01:01.40 | GPU MB alloc/reserved=277.0/1898.0
2026-04-11 15:56:11 | INFO | [Round 7] epoch=15/80 loss=1.4908 acc=42.92 val_acc=nan data_t=0.0040s batch_t=0.0884s epoch_t=00:00.92 lr=0.000917 | GPU MB alloc/reserved=277.0/1898.0
2026-04-11 15:56:11 | INFO | [Round 7] Epoch 15/80 time=00:00.92 avg=00:00.93 ETA=01:00.44 | GPU MB alloc/reserved=277.0/1898.0
2026-04-11 15:56:12 | INFO | [Round 7] epoch=16/80 loss=1.5344 acc=39.75 val_acc=nan data_t=0.0041s batch_t=0.0880s epoch_t=00:00.92 lr=0.000905 | GPU MB alloc/reserved=277.0/1898.0
2026-04-11 15:56:12 | INFO | [Round 7] Epoch 16/80 time=00:00.92 avg=00:00.93 ETA=00:59.48 | GPU MB alloc/reserved=277.0/1898.0
2026-04-11 15:56:13 | INFO | [Round 7] epoch=17/80 loss=1.4878 acc=41.92 val_acc=nan data_t=0.0027s batch_t=0.0891s epoch_t=00:00.92 lr=0.000894 | GPU MB alloc/reserved=277.0/1898.0
2026-04-11 15:56:13 | INFO | [Round 7] Epoch 17/80 time=00:00.92 avg=00:00.93 ETA=00:58.51 | GPU MB alloc/reserved=277.0/1898.0
2026-04-11 15:56:14 | INFO | [Round 7] epoch=18/80 loss=1.3523 acc=48.08 val_acc=nan data_t=0.0039s batch_t=0.0889s epoch_t=00:00.93 lr=0.000881 | GPU MB alloc/reserved=277.0/1898.0
2026-04-11 15:56:14 | INFO | [Round 7] Epoch 18/80 time=00:00.93 avg=00:00.93 ETA=00:57.58 | GPU MB alloc/reserved=277.0/1898.0
2026-04-11 15:56:14 | INFO | [Round 7] epoch=19/80 loss=1.3415 acc=47.58 val_acc=nan data_t=0.0041s batch_t=0.0871s epoch_t=00:00.91 lr=0.000868 | GPU MB alloc/reserved=277.0/1898.0
2026-04-11 15:56:14 | INFO | [Round 7] Epoch 19/80 time=00:00.91 avg=00:00.93 ETA=00:56.60 | GPU MB alloc/reserved=277.0/1898.0
2026-04-11 15:56:15 | INFO | [Round 7] epoch=20/80 loss=1.3083 acc=50.50 val_acc=nan data_t=0.0040s batch_t=0.0870s epoch_t=00:00.91 lr=0.000855 | GPU MB alloc/reserved=277.0/1898.0
2026-04-11 15:56:15 | INFO | [Round 7] Epoch 20/80 time=00:00.91 avg=00:00.93 ETA=00:55.62 | GPU MB alloc/reserved=277.0/1898.0
2026-04-11 15:56:16 | INFO | [Round 7] epoch=21/80 loss=1.2802 acc=51.75 val_acc=nan data_t=0.0039s batch_t=0.0871s epoch_t=00:00.91 lr=0.000841 | GPU MB alloc/reserved=277.0/1898.0
2026-04-11 15:56:16 | INFO | [Round 7] Epoch 21/80 time=00:00.91 avg=00:00.93 ETA=00:54.64 | GPU MB alloc/reserved=277.0/1898.0
2026-04-11 15:56:17 | INFO | [Round 7] epoch=22/80 loss=1.2798 acc=51.50 val_acc=nan data_t=0.0044s batch_t=0.0863s epoch_t=00:00.91 lr=0.000826 | GPU MB alloc/reserved=277.0/1898.0
2026-04-11 15:56:17 | INFO | [Round 7] Epoch 22/80 time=00:00.91 avg=00:00.93 ETA=00:53.67 | GPU MB alloc/reserved=277.0/1898.0
2026-04-11 15:56:18 | INFO | [Round 7] epoch=23/80 loss=1.1501 acc=57.25 val_acc=nan data_t=0.0025s batch_t=0.0885s epoch_t=00:00.91 lr=0.000811 | GPU MB alloc/reserved=277.0/1898.0
2026-04-11 15:56:18 | INFO | [Round 7] Epoch 23/80 time=00:00.91 avg=00:00.92 ETA=00:52.71 | GPU MB alloc/reserved=277.0/1898.0
2026-04-11 15:56:19 | INFO | [Round 7] epoch=24/80 loss=1.1189 acc=57.25 val_acc=nan data_t=0.0041s batch_t=0.0887s epoch_t=00:00.93 lr=0.000796 | GPU MB alloc/reserved=277.0/1898.0
2026-04-11 15:56:19 | INFO | [Round 7] Epoch 24/80 time=00:00.93 avg=00:00.92 ETA=00:51.79 | GPU MB alloc/reserved=277.0/1898.0
2026-04-11 15:56:20 | INFO | [Round 7] epoch=25/80 loss=1.1462 acc=56.67 val_acc=nan data_t=0.0041s batch_t=0.0883s epoch_t=00:00.92 lr=0.000780 | GPU MB alloc/reserved=277.0/1898.0
2026-04-11 15:56:20 | INFO | [Round 7] Epoch 25/80 time=00:00.92 avg=00:00.92 ETA=00:50.86 | GPU MB alloc/reserved=277.0/1898.0
2026-04-11 15:56:21 | INFO | [Round 7] epoch=26/80 loss=1.1100 acc=58.67 val_acc=nan data_t=0.0027s batch_t=0.0857s epoch_t=00:00.88 lr=0.000764 | GPU MB alloc/reserved=277.0/1898.0
2026-04-11 15:56:21 | INFO | [Round 7] Epoch 26/80 time=00:00.88 avg=00:00.92 ETA=00:49.85 | GPU MB alloc/reserved=277.0/1898.0
2026-04-11 15:56:22 | INFO | [Round 7] epoch=27/80 loss=1.0387 acc=61.42 val_acc=nan data_t=0.0036s batch_t=0.0863s epoch_t=00:00.90 lr=0.000747 | GPU MB alloc/reserved=277.0/1898.0
2026-04-11 15:56:22 | INFO | [Round 7] Epoch 27/80 time=00:00.90 avg=00:00.92 ETA=00:48.88 | GPU MB alloc/reserved=277.0/1898.0
2026-04-11 15:56:23 | INFO | [Round 7] epoch=28/80 loss=0.9844 acc=63.50 val_acc=nan data_t=0.0039s batch_t=0.0886s epoch_t=00:00.92 lr=0.000730 | GPU MB alloc/reserved=277.0/1898.0
2026-04-11 15:56:23 | INFO | [Round 7] Epoch 28/80 time=00:00.92 avg=00:00.92 ETA=00:47.96 | GPU MB alloc/reserved=277.0/1898.0
2026-04-11 15:56:24 | INFO | [Round 7] epoch=29/80 loss=0.8960 acc=66.50 val_acc=nan data_t=0.0035s batch_t=0.0880s epoch_t=00:00.92 lr=0.000712 | GPU MB alloc/reserved=277.0/1898.0
2026-04-11 15:56:24 | INFO | [Round 7] Epoch 29/80 time=00:00.92 avg=00:00.92 ETA=00:47.03 | GPU MB alloc/reserved=277.0/1898.0
2026-04-11 15:56:24 | INFO | [Round 7] epoch=30/80 loss=0.8629 acc=66.42 val_acc=nan data_t=0.0035s batch_t=0.0857s epoch_t=00:00.89 lr=0.000694 | GPU MB alloc/reserved=277.0/1898.0
2026-04-11 15:56:24 | INFO | [Round 7] Epoch 30/80 time=00:00.89 avg=00:00.92 ETA=00:46.06 | GPU MB alloc/reserved=277.0/1898.0
2026-04-11 15:56:25 | INFO | [Round 7] epoch=31/80 loss=0.8515 acc=66.92 val_acc=nan data_t=0.0043s batch_t=0.0891s epoch_t=00:00.93 lr=0.000676 | GPU MB alloc/reserved=277.0/1898.0
2026-04-11 15:56:25 | INFO | [Round 7] Epoch 31/80 time=00:00.93 avg=00:00.92 ETA=00:45.16 | GPU MB alloc/reserved=277.0/1898.0
2026-04-11 15:56:26 | INFO | [Round 7] epoch=32/80 loss=0.7903 acc=71.25 val_acc=nan data_t=0.0041s batch_t=0.0886s epoch_t=00:00.93 lr=0.000658 | GPU MB alloc/reserved=277.0/1898.0
2026-04-11 15:56:26 | INFO | [Round 7] Epoch 32/80 time=00:00.93 avg=00:00.92 ETA=00:44.25 | GPU MB alloc/reserved=277.0/1898.0
2026-04-11 15:56:27 | INFO | [Round 7] epoch=33/80 loss=0.7725 acc=72.42 val_acc=nan data_t=0.0027s batch_t=0.0885s epoch_t=00:00.91 lr=0.000639 | GPU MB alloc/reserved=277.0/1898.0
2026-04-11 15:56:27 | INFO | [Round 7] Epoch 33/80 time=00:00.91 avg=00:00.92 ETA=00:43.31 | GPU MB alloc/reserved=277.0/1898.0
2026-04-11 15:56:28 | INFO | [Round 7] epoch=34/80 loss=0.8200 acc=68.92 val_acc=nan data_t=0.0040s batch_t=0.0867s epoch_t=00:00.91 lr=0.000621 | GPU MB alloc/reserved=277.0/1898.0
2026-04-11 15:56:28 | INFO | [Round 7] Epoch 34/80 time=00:00.91 avg=00:00.92 ETA=00:42.37 | GPU MB alloc/reserved=277.0/1898.0
2026-04-11 15:56:29 | INFO | [Round 7] epoch=35/80 loss=0.7486 acc=72.92 val_acc=nan data_t=0.0027s batch_t=0.0869s epoch_t=00:00.90 lr=0.000602 | GPU MB alloc/reserved=277.0/1898.0
2026-04-11 15:56:29 | INFO | [Round 7] Epoch 35/80 time=00:00.90 avg=00:00.92 ETA=00:41.42 | GPU MB alloc/reserved=277.0/1898.0
2026-04-11 15:56:30 | INFO | [Round 7] epoch=36/80 loss=0.7297 acc=73.50 val_acc=nan data_t=0.0043s batch_t=0.0872s epoch_t=00:00.92 lr=0.000582 | GPU MB alloc/reserved=277.0/1898.0
2026-04-11 15:56:30 | INFO | [Round 7] Epoch 36/80 time=00:00.92 avg=00:00.92 ETA=00:40.49 | GPU MB alloc/reserved=277.0/1898.0
2026-04-11 15:56:31 | INFO | [Round 7] epoch=37/80 loss=0.6197 acc=76.17 val_acc=nan data_t=0.0042s batch_t=0.0883s epoch_t=00:00.93 lr=0.000563 | GPU MB alloc/reserved=277.0/1898.0
2026-04-11 15:56:31 | INFO | [Round 7] Epoch 37/80 time=00:00.93 avg=00:00.92 ETA=00:39.58 | GPU MB alloc/reserved=277.0/1898.0
2026-04-11 15:56:32 | INFO | [Round 7] epoch=38/80 loss=0.6364 acc=75.33 val_acc=nan data_t=0.0037s batch_t=0.0874s epoch_t=00:00.91 lr=0.000544 | GPU MB alloc/reserved=277.0/1898.0
2026-04-11 15:56:32 | INFO | [Round 7] Epoch 38/80 time=00:00.91 avg=00:00.92 ETA=00:38.65 | GPU MB alloc/reserved=277.0/1898.0
2026-04-11 15:56:33 | INFO | [Round 7] epoch=39/80 loss=0.5505 acc=80.25 val_acc=nan data_t=0.0028s batch_t=0.0866s epoch_t=00:00.89 lr=0.000524 | GPU MB alloc/reserved=277.0/1898.0
2026-04-11 15:56:33 | INFO | [Round 7] Epoch 39/80 time=00:00.89 avg=00:00.92 ETA=00:37.70 | GPU MB alloc/reserved=277.0/1898.0
2026-04-11 15:56:34 | INFO | [Round 7] epoch=40/80 loss=0.5045 acc=80.75 val_acc=nan data_t=0.0043s batch_t=0.0865s epoch_t=00:00.91 lr=0.000505 | GPU MB alloc/reserved=277.0/1898.0
2026-04-11 15:56:34 | INFO | [Round 7] Epoch 40/80 time=00:00.91 avg=00:00.92 ETA=00:36.77 | GPU MB alloc/reserved=277.0/1898.0
2026-04-11 15:56:35 | INFO | [Round 7] epoch=41/80 loss=0.4144 acc=84.83 val_acc=nan data_t=0.0051s batch_t=0.0866s epoch_t=00:00.92 lr=0.000486 | GPU MB alloc/reserved=277.0/1898.0
2026-04-11 15:56:35 | INFO | [Round 7] Epoch 41/80 time=00:00.92 avg=00:00.92 ETA=00:35.85 | GPU MB alloc/reserved=277.0/1898.0
2026-04-11 15:56:35 | INFO | [Round 7] epoch=42/80 loss=0.3884 acc=86.25 val_acc=nan data_t=0.0030s batch_t=0.0873s epoch_t=00:00.90 lr=0.000466 | GPU MB alloc/reserved=277.0/1898.0
2026-04-11 15:56:35 | INFO | [Round 7] Epoch 42/80 time=00:00.90 avg=00:00.92 ETA=00:34.91 | GPU MB alloc/reserved=277.0/1898.0
2026-04-11 15:56:36 | INFO | [Round 7] epoch=43/80 loss=0.3522 acc=89.00 val_acc=nan data_t=0.0048s batch_t=0.0857s epoch_t=00:00.91 lr=0.000447 | GPU MB alloc/reserved=277.0/1898.0
2026-04-11 15:56:36 | INFO | [Round 7] Epoch 43/80 time=00:00.91 avg=00:00.92 ETA=00:33.98 | GPU MB alloc/reserved=277.0/1898.0
2026-04-11 15:56:37 | INFO | [Round 7] epoch=44/80 loss=0.3379 acc=88.50 val_acc=nan data_t=0.0027s batch_t=0.0875s epoch_t=00:00.90 lr=0.000428 | GPU MB alloc/reserved=277.0/1898.0
2026-04-11 15:56:37 | INFO | [Round 7] Epoch 44/80 time=00:00.90 avg=00:00.92 ETA=00:33.05 | GPU MB alloc/reserved=277.0/1898.0
2026-04-11 15:56:38 | INFO | [Round 7] epoch=45/80 loss=0.3285 acc=88.50 val_acc=nan data_t=0.0039s batch_t=0.0872s epoch_t=00:00.91 lr=0.000408 | GPU MB alloc/reserved=277.0/1898.0
2026-04-11 15:56:38 | INFO | [Round 7] Epoch 45/80 time=00:00.91 avg=00:00.92 ETA=00:32.13 | GPU MB alloc/reserved=277.0/1898.0
2026-04-11 15:56:39 | INFO | [Round 7] epoch=46/80 loss=0.2606 acc=91.67 val_acc=nan data_t=0.0047s batch_t=0.0865s epoch_t=00:00.91 lr=0.000389 | GPU MB alloc/reserved=277.0/1898.0
2026-04-11 15:56:39 | INFO | [Round 7] Epoch 46/80 time=00:00.91 avg=00:00.92 ETA=00:31.21 | GPU MB alloc/reserved=277.0/1898.0
2026-04-11 15:56:40 | INFO | [Round 7] epoch=47/80 loss=0.2431 acc=93.00 val_acc=nan data_t=0.0041s batch_t=0.0837s epoch_t=00:00.88 lr=0.000371 | GPU MB alloc/reserved=277.0/1898.0
2026-04-11 15:56:40 | INFO | [Round 7] Epoch 47/80 time=00:00.88 avg=00:00.92 ETA=00:30.26 | GPU MB alloc/reserved=277.0/1898.0
2026-04-11 15:56:41 | INFO | [Round 7] epoch=48/80 loss=0.2012 acc=93.83 val_acc=nan data_t=0.0039s batch_t=0.0766s epoch_t=00:00.81 lr=0.000352 | GPU MB alloc/reserved=277.0/1898.0
2026-04-11 15:56:41 | INFO | [Round 7] Epoch 48/80 time=00:00.81 avg=00:00.91 ETA=00:29.27 | GPU MB alloc/reserved=277.0/1898.0
2026-04-11 15:56:42 | INFO | [Round 7] epoch=49/80 loss=0.1757 acc=95.00 val_acc=nan data_t=0.0040s batch_t=0.0963s epoch_t=00:01.00 lr=0.000334 | GPU MB alloc/reserved=277.0/1898.0
2026-04-11 15:56:42 | INFO | [Round 7] Epoch 49/80 time=00:01.00 avg=00:00.92 ETA=00:28.41 | GPU MB alloc/reserved=277.0/1898.0
2026-04-11 15:56:43 | INFO | [Round 7] epoch=50/80 loss=0.1506 acc=95.33 val_acc=nan data_t=0.0041s batch_t=0.0966s epoch_t=00:01.01 lr=0.000316 | GPU MB alloc/reserved=277.0/1898.0
2026-04-11 15:56:43 | INFO | [Round 7] Epoch 50/80 time=00:01.01 avg=00:00.92 ETA=00:27.55 | GPU MB alloc/reserved=277.0/1898.0
2026-04-11 15:56:44 | INFO | [Round 7] epoch=51/80 loss=0.1294 acc=96.83 val_acc=nan data_t=0.0031s batch_t=0.0940s epoch_t=00:00.97 lr=0.000298 | GPU MB alloc/reserved=277.0/1898.0
2026-04-11 15:56:44 | INFO | [Round 7] Epoch 51/80 time=00:00.97 avg=00:00.92 ETA=00:26.66 | GPU MB alloc/reserved=277.0/1898.0
2026-04-11 15:56:45 | INFO | [Round 7] epoch=52/80 loss=0.1157 acc=97.42 val_acc=nan data_t=0.0044s batch_t=0.0994s epoch_t=00:01.04 lr=0.000280 | GPU MB alloc/reserved=277.0/1898.0
2026-04-11 15:56:45 | INFO | [Round 7] Epoch 52/80 time=00:01.04 avg=00:00.92 ETA=00:25.81 | GPU MB alloc/reserved=277.0/1898.0
2026-04-11 15:56:46 | INFO | [Round 7] epoch=53/80 loss=0.1132 acc=96.67 val_acc=nan data_t=0.0029s batch_t=0.0964s epoch_t=00:00.99 lr=0.000263 | GPU MB alloc/reserved=277.0/1898.0
2026-04-11 15:56:46 | INFO | [Round 7] Epoch 53/80 time=00:00.99 avg=00:00.92 ETA=00:24.92 | GPU MB alloc/reserved=277.0/1898.0
2026-04-11 15:56:47 | INFO | [Round 7] epoch=54/80 loss=0.1017 acc=97.25 val_acc=nan data_t=0.0030s batch_t=0.0965s epoch_t=00:01.00 lr=0.000246 | GPU MB alloc/reserved=277.0/1898.0
2026-04-11 15:56:47 | INFO | [Round 7] Epoch 54/80 time=00:01.00 avg=00:00.92 ETA=00:24.03 | GPU MB alloc/reserved=277.0/1898.0
2026-04-11 15:56:48 | INFO | [Round 7] epoch=55/80 loss=0.0969 acc=97.17 val_acc=nan data_t=0.0065s batch_t=0.0979s epoch_t=00:01.04 lr=0.000230 | GPU MB alloc/reserved=277.0/1898.0
2026-04-11 15:56:48 | INFO | [Round 7] Epoch 55/80 time=00:01.04 avg=00:00.93 ETA=00:23.16 | GPU MB alloc/reserved=277.0/1898.0
2026-04-11 15:56:49 | INFO | [Round 7] epoch=56/80 loss=0.0919 acc=97.67 val_acc=nan data_t=0.0043s batch_t=0.0970s epoch_t=00:01.01 lr=0.000214 | GPU MB alloc/reserved=277.0/1898.0
2026-04-11 15:56:49 | INFO | [Round 7] Epoch 56/80 time=00:01.01 avg=00:00.93 ETA=00:22.27 | GPU MB alloc/reserved=277.0/1898.0
2026-04-11 15:56:50 | INFO | [Round 7] epoch=57/80 loss=0.0747 acc=97.92 val_acc=nan data_t=0.0042s batch_t=0.0602s epoch_t=00:00.64 lr=0.000199 | GPU MB alloc/reserved=277.0/1898.0
2026-04-11 15:56:50 | INFO | [Round 7] Epoch 57/80 time=00:00.64 avg=00:00.92 ETA=00:21.23 | GPU MB alloc/reserved=277.0/1898.0
2026-04-11 15:56:50 | INFO | [Round 7] epoch=58/80 loss=0.0778 acc=98.25 val_acc=nan data_t=0.0044s batch_t=0.0744s epoch_t=00:00.79 lr=0.000184 | GPU MB alloc/reserved=277.0/1898.0
2026-04-11 15:56:50 | INFO | [Round 7] Epoch 58/80 time=00:00.79 avg=00:00.92 ETA=00:20.26 | GPU MB alloc/reserved=277.0/1898.0
2026-04-11 15:56:51 | INFO | [Round 7] epoch=59/80 loss=0.0695 acc=98.33 val_acc=nan data_t=0.0039s batch_t=0.0596s epoch_t=00:00.64 lr=0.000169 | GPU MB alloc/reserved=277.0/1898.0
2026-04-11 15:56:51 | INFO | [Round 7] Epoch 59/80 time=00:00.64 avg=00:00.92 ETA=00:19.23 | GPU MB alloc/reserved=277.0/1898.0
2026-04-11 15:56:52 | INFO | [Round 7] epoch=60/80 loss=0.0502 acc=99.42 val_acc=nan data_t=0.0046s batch_t=0.0689s epoch_t=00:00.73 lr=0.000155 | GPU MB alloc/reserved=277.0/1898.0
2026-04-11 15:56:52 | INFO | [Round 7] Epoch 60/80 time=00:00.73 avg=00:00.91 ETA=00:18.26 | GPU MB alloc/reserved=277.0/1898.0
2026-04-11 15:56:53 | INFO | [Round 7] epoch=61/80 loss=0.0438 acc=99.58 val_acc=nan data_t=0.0046s batch_t=0.0822s epoch_t=00:00.87 lr=0.000142 | GPU MB alloc/reserved=277.0/1898.0
2026-04-11 15:56:53 | INFO | [Round 7] Epoch 61/80 time=00:00.87 avg=00:00.91 ETA=00:17.33 | GPU MB alloc/reserved=277.0/1898.0
2026-04-11 15:56:53 | INFO | [Round 7] epoch=62/80 loss=0.0516 acc=98.83 val_acc=nan data_t=0.0041s batch_t=0.0845s epoch_t=00:00.89 lr=0.000129 | GPU MB alloc/reserved=277.0/1898.0
2026-04-11 15:56:53 | INFO | [Round 7] Epoch 62/80 time=00:00.89 avg=00:00.91 ETA=00:16.41 | GPU MB alloc/reserved=277.0/1898.0
2026-04-11 15:56:54 | INFO | [Round 7] epoch=63/80 loss=0.0479 acc=99.33 val_acc=nan data_t=0.0027s batch_t=0.0906s epoch_t=00:00.93 lr=0.000116 | GPU MB alloc/reserved=277.0/1898.0
2026-04-11 15:56:54 | INFO | [Round 7] Epoch 63/80 time=00:00.93 avg=00:00.91 ETA=00:15.51 | GPU MB alloc/reserved=277.0/1898.0
2026-04-11 15:56:55 | INFO | [Round 7] epoch=64/80 loss=0.0356 acc=99.58 val_acc=nan data_t=0.0030s batch_t=0.0869s epoch_t=00:00.90 lr=0.000105 | GPU MB alloc/reserved=277.0/1898.0
2026-04-11 15:56:55 | INFO | [Round 7] Epoch 64/80 time=00:00.90 avg=00:00.91 ETA=00:14.59 | GPU MB alloc/reserved=277.0/1898.0
2026-04-11 15:56:56 | INFO | [Round 7] epoch=65/80 loss=0.0439 acc=99.42 val_acc=nan data_t=0.0041s batch_t=0.0862s epoch_t=00:00.90 lr=0.000093 | GPU MB alloc/reserved=277.0/1898.0
2026-04-11 15:56:56 | INFO | [Round 7] Epoch 65/80 time=00:00.90 avg=00:00.91 ETA=00:13.68 | GPU MB alloc/reserved=277.0/1898.0
2026-04-11 15:56:57 | INFO | [Round 7] epoch=66/80 loss=0.0316 acc=99.67 val_acc=nan data_t=0.0039s batch_t=0.0855s epoch_t=00:00.89 lr=0.000083 | GPU MB alloc/reserved=277.0/1898.0
2026-04-11 15:56:57 | INFO | [Round 7] Epoch 66/80 time=00:00.89 avg=00:00.91 ETA=00:12.76 | GPU MB alloc/reserved=277.0/1898.0
2026-04-11 15:56:58 | INFO | [Round 7] epoch=67/80 loss=0.0329 acc=99.58 val_acc=nan data_t=0.0046s batch_t=0.0855s epoch_t=00:00.90 lr=0.000073 | GPU MB alloc/reserved=277.0/1898.0
2026-04-11 15:56:58 | INFO | [Round 7] Epoch 67/80 time=00:00.90 avg=00:00.91 ETA=00:11.85 | GPU MB alloc/reserved=277.0/1898.0
2026-04-11 15:56:59 | INFO | [Round 7] epoch=68/80 loss=0.0276 acc=99.67 val_acc=nan data_t=0.0045s batch_t=0.0863s epoch_t=00:00.91 lr=0.000064 | GPU MB alloc/reserved=277.0/1898.0
2026-04-11 15:56:59 | INFO | [Round 7] Epoch 68/80 time=00:00.91 avg=00:00.91 ETA=00:10.94 | GPU MB alloc/reserved=277.0/1898.0
2026-04-11 15:57:00 | INFO | [Round 7] epoch=69/80 loss=0.0238 acc=99.83 val_acc=nan data_t=0.0043s batch_t=0.0833s epoch_t=00:00.88 lr=0.000055 | GPU MB alloc/reserved=277.0/1898.0
2026-04-11 15:57:00 | INFO | [Round 7] Epoch 69/80 time=00:00.88 avg=00:00.91 ETA=00:10.02 | GPU MB alloc/reserved=277.0/1898.0
2026-04-11 15:57:01 | INFO | [Round 7] epoch=70/80 loss=0.0253 acc=99.92 val_acc=nan data_t=0.0044s batch_t=0.0956s epoch_t=00:01.00 lr=0.000048 | GPU MB alloc/reserved=277.0/1898.0
2026-04-11 15:57:01 | INFO | [Round 7] Epoch 70/80 time=00:01.00 avg=00:00.91 ETA=00:09.12 | GPU MB alloc/reserved=277.0/1898.0
2026-04-11 15:57:02 | INFO | [Round 7] epoch=71/80 loss=0.0250 acc=99.92 val_acc=nan data_t=0.0040s batch_t=0.0925s epoch_t=00:00.97 lr=0.000041 | GPU MB alloc/reserved=277.0/1898.0
2026-04-11 15:57:02 | INFO | [Round 7] Epoch 71/80 time=00:00.97 avg=00:00.91 ETA=00:08.22 | GPU MB alloc/reserved=277.0/1898.0
2026-04-11 15:57:03 | INFO | [Round 7] epoch=72/80 loss=0.0216 acc=99.92 val_acc=nan data_t=0.0044s batch_t=0.0972s epoch_t=00:01.02 lr=0.000034 | GPU MB alloc/reserved=277.0/1898.0
2026-04-11 15:57:03 | INFO | [Round 7] Epoch 72/80 time=00:01.02 avg=00:00.91 ETA=00:07.31 | GPU MB alloc/reserved=277.0/1898.0
2026-04-11 15:57:04 | INFO | [Round 7] epoch=73/80 loss=0.0241 acc=99.92 val_acc=nan data_t=0.0039s batch_t=0.0970s epoch_t=00:01.01 lr=0.000029 | GPU MB alloc/reserved=277.0/1898.0
2026-04-11 15:57:04 | INFO | [Round 7] Epoch 73/80 time=00:01.01 avg=00:00.92 ETA=00:06.41 | GPU MB alloc/reserved=277.0/1898.0
2026-04-11 15:57:05 | INFO | [Round 7] epoch=74/80 loss=0.0231 acc=99.83 val_acc=nan data_t=0.0056s batch_t=0.0945s epoch_t=00:01.00 lr=0.000024 | GPU MB alloc/reserved=277.0/1898.0
2026-04-11 15:57:05 | INFO | [Round 7] Epoch 74/80 time=00:01.00 avg=00:00.92 ETA=00:05.50 | GPU MB alloc/reserved=277.0/1898.0
2026-04-11 15:57:06 | INFO | [Round 7] epoch=75/80 loss=0.0213 acc=99.67 val_acc=nan data_t=0.0032s batch_t=0.0994s epoch_t=00:01.03 lr=0.000020 | GPU MB alloc/reserved=277.0/1898.0
2026-04-11 15:57:06 | INFO | [Round 7] Epoch 75/80 time=00:01.03 avg=00:00.92 ETA=00:04.59 | GPU MB alloc/reserved=277.0/1898.0
2026-04-11 15:57:07 | INFO | [Round 7] epoch=76/80 loss=0.0210 acc=99.92 val_acc=nan data_t=0.0029s batch_t=0.0978s epoch_t=00:01.01 lr=0.000016 | GPU MB alloc/reserved=277.0/1898.0
2026-04-11 15:57:07 | INFO | [Round 7] Epoch 76/80 time=00:01.01 avg=00:00.92 ETA=00:03.68 | GPU MB alloc/reserved=277.0/1898.0
2026-04-11 15:57:08 | INFO | [Round 7] epoch=77/80 loss=0.0240 acc=99.67 val_acc=nan data_t=0.0059s batch_t=0.0910s epoch_t=00:00.97 lr=0.000013 | GPU MB alloc/reserved=277.0/1898.0
2026-04-11 15:57:08 | INFO | [Round 7] Epoch 77/80 time=00:00.97 avg=00:00.92 ETA=00:02.76 | GPU MB alloc/reserved=277.0/1898.0
2026-04-11 15:57:08 | INFO | [Round 7] epoch=78/80 loss=0.0218 acc=99.83 val_acc=nan data_t=0.0043s batch_t=0.0562s epoch_t=00:00.61 lr=0.000012 | GPU MB alloc/reserved=277.0/1898.0
2026-04-11 15:57:08 | INFO | [Round 7] Epoch 78/80 time=00:00.61 avg=00:00.92 ETA=00:01.83 | GPU MB alloc/reserved=277.0/1898.0
2026-04-11 15:57:09 | INFO | [Round 7] epoch=79/80 loss=0.0195 acc=99.92 val_acc=nan data_t=0.0048s batch_t=0.0649s epoch_t=00:00.70 lr=0.000010 | GPU MB alloc/reserved=277.0/1898.0
2026-04-11 15:57:09 | INFO | [Round 7] Epoch 79/80 time=00:00.70 avg=00:00.91 ETA=00:00.91 | GPU MB alloc/reserved=277.0/1898.0
2026-04-11 15:57:10 | INFO | [Round 7] epoch=80/80 loss=0.0184 acc=99.92 val_acc=nan data_t=0.0027s batch_t=0.0590s epoch_t=00:00.62 lr=0.000010 | GPU MB alloc/reserved=277.0/1898.0
2026-04-11 15:57:10 | INFO | [Round 7] Epoch 80/80 time=00:00.62 avg=00:00.91 ETA=00:00.00 | GPU MB alloc/reserved=277.0/1898.0
2026-04-11 15:57:10 | INFO | [Round 7] training complete in 01:13.09 (best monitor=99.917) | GPU MB alloc/reserved=277.0/1898.0
2026-04-11 15:57:10 | INFO | [Round 7] evaluation started | GPU MB alloc/reserved=191.7/1898.0
2026-04-11 15:57:19 | INFO | [Round 7] clean=54.15 fgsm=42.84 pgd=42.51 grad_disp_mean=nan grad_disp_sel=nan round_t=83.44s | GPU MB alloc/reserved=191.7/1898.0
2026-04-11 15:57:19 | INFO | [Round 8/21] elapsed=01:23.44 avg_round=01:02.36 projected_remaining=13:30.64 | GPU MB alloc/reserved=191.7/1898.0
2026-04-11 15:57:19 | INFO | [Round 8] acquisition on pool_size=48800 scored_pool=5000 budget=100 | GPU MB alloc/reserved=103.8/1898.0
2026-04-11 15:57:20 | INFO | [BADGE] scoring progress 10/20 elapsed=00:00.44 avg/batch=0.044s ETA=00:00.44 | GPU MB alloc/reserved=112.3/1898.0
2026-04-11 15:57:20 | INFO | [BADGE] scoring progress 20/20 elapsed=00:00.63 avg/batch=0.031s ETA=00:00.00 | GPU MB alloc/reserved=108.8/1898.0
2026-04-11 15:57:21 | INFO | [Round 8] labeled=1300 train=1300 val_fixed=0 | GPU MB alloc/reserved=147.9/1898.0
2026-04-11 15:57:22 | INFO | [Round 8] epoch=1/80 loss=2.3675 acc=16.92 val_acc=nan data_t=0.0156s batch_t=0.0923s epoch_t=00:01.19 lr=0.001000 | GPU MB alloc/reserved=276.2/1898.0
2026-04-11 15:57:22 | INFO | [Round 8] Epoch 1/80 time=00:01.19 avg=00:01.19 ETA=01:33.81 | GPU MB alloc/reserved=276.2/1898.0
2026-04-11 15:57:23 | INFO | [Round 8] epoch=2/80 loss=2.1056 acc=24.08 val_acc=nan data_t=0.0025s batch_t=0.0877s epoch_t=00:00.99 lr=0.000998 | GPU MB alloc/reserved=276.2/1898.0
2026-04-11 15:57:23 | INFO | [Round 8] Epoch 2/80 time=00:00.99 avg=00:01.09 ETA=01:25.03 | GPU MB alloc/reserved=276.2/1898.0
2026-04-11 15:57:24 | INFO | [Round 8] epoch=3/80 loss=2.0432 acc=24.54 val_acc=nan data_t=0.0025s batch_t=0.0882s epoch_t=00:01.00 lr=0.000997 | GPU MB alloc/reserved=276.2/1898.0
2026-04-11 15:57:24 | INFO | [Round 8] Epoch 3/80 time=00:01.00 avg=00:01.06 ETA=01:21.58 | GPU MB alloc/reserved=276.2/1898.0
2026-04-11 15:57:25 | INFO | [Round 8] epoch=4/80 loss=1.9581 acc=25.69 val_acc=nan data_t=0.0028s batch_t=0.0868s epoch_t=00:00.99 lr=0.000994 | GPU MB alloc/reserved=276.2/1898.0
2026-04-11 15:57:25 | INFO | [Round 8] Epoch 4/80 time=00:00.99 avg=00:01.04 ETA=01:19.12 | GPU MB alloc/reserved=276.2/1898.0
2026-04-11 15:57:26 | INFO | [Round 8] epoch=5/80 loss=1.9000 acc=27.00 val_acc=nan data_t=0.0034s batch_t=0.0886s epoch_t=00:01.01 lr=0.000990 | GPU MB alloc/reserved=276.2/1898.0
2026-04-11 15:57:26 | INFO | [Round 8] Epoch 5/80 time=00:01.01 avg=00:01.04 ETA=01:17.66 | GPU MB alloc/reserved=276.2/1898.0
2026-04-11 15:57:27 | INFO | [Round 8] epoch=6/80 loss=1.8156 acc=31.08 val_acc=nan data_t=0.0026s batch_t=0.0867s epoch_t=00:00.98 lr=0.000986 | GPU MB alloc/reserved=276.2/1898.0
2026-04-11 15:57:27 | INFO | [Round 8] Epoch 6/80 time=00:00.98 avg=00:01.03 ETA=01:15.98 | GPU MB alloc/reserved=276.2/1898.0
2026-04-11 15:57:28 | INFO | [Round 8] epoch=7/80 loss=1.7753 acc=30.77 val_acc=nan data_t=0.0026s batch_t=0.0855s epoch_t=00:00.97 lr=0.000981 | GPU MB alloc/reserved=276.2/1898.0
2026-04-11 15:57:28 | INFO | [Round 8] Epoch 7/80 time=00:00.97 avg=00:01.02 ETA=01:14.35 | GPU MB alloc/reserved=276.2/1898.0
2026-04-11 15:57:29 | INFO | [Round 8] epoch=8/80 loss=1.7964 acc=30.85 val_acc=nan data_t=0.0023s batch_t=0.0858s epoch_t=00:00.97 lr=0.000976 | GPU MB alloc/reserved=276.2/1898.0
2026-04-11 15:57:29 | INFO | [Round 8] Epoch 8/80 time=00:00.97 avg=00:01.01 ETA=01:12.89 | GPU MB alloc/reserved=276.2/1898.0
2026-04-11 15:57:30 | INFO | [Round 8] epoch=9/80 loss=1.7327 acc=33.77 val_acc=nan data_t=0.0027s batch_t=0.0867s epoch_t=00:00.98 lr=0.000969 | GPU MB alloc/reserved=276.2/1898.0
2026-04-11 15:57:30 | INFO | [Round 8] Epoch 9/80 time=00:00.98 avg=00:01.01 ETA=01:11.65 | GPU MB alloc/reserved=276.2/1898.0
2026-04-11 15:57:31 | INFO | [Round 8] epoch=10/80 loss=1.6885 acc=35.38 val_acc=nan data_t=0.0024s batch_t=0.0874s epoch_t=00:00.99 lr=0.000962 | GPU MB alloc/reserved=276.2/1898.0
2026-04-11 15:57:31 | INFO | [Round 8] Epoch 10/80 time=00:00.99 avg=00:01.01 ETA=01:10.49 | GPU MB alloc/reserved=276.2/1898.0
2026-04-11 15:57:32 | INFO | [Round 8] epoch=11/80 loss=1.6407 acc=35.85 val_acc=nan data_t=0.0038s batch_t=0.0868s epoch_t=00:01.00 lr=0.000955 | GPU MB alloc/reserved=276.2/1898.0
2026-04-11 15:57:32 | INFO | [Round 8] Epoch 11/80 time=00:01.00 avg=00:01.01 ETA=01:09.42 | GPU MB alloc/reserved=276.2/1898.0
2026-04-11 15:57:33 | INFO | [Round 8] epoch=12/80 loss=1.6586 acc=36.31 val_acc=nan data_t=0.0040s batch_t=0.0865s epoch_t=00:01.00 lr=0.000946 | GPU MB alloc/reserved=276.2/1898.0
2026-04-11 15:57:33 | INFO | [Round 8] Epoch 12/80 time=00:01.00 avg=00:01.01 ETA=01:08.36 | GPU MB alloc/reserved=276.2/1898.0
2026-04-11 15:57:34 | INFO | [Round 8] epoch=13/80 loss=1.6092 acc=38.31 val_acc=nan data_t=0.0038s batch_t=0.0886s epoch_t=00:01.02 lr=0.000937 | GPU MB alloc/reserved=276.2/1898.0
2026-04-11 15:57:34 | INFO | [Round 8] Epoch 13/80 time=00:01.02 avg=00:01.01 ETA=01:07.41 | GPU MB alloc/reserved=276.2/1898.0
2026-04-11 15:57:35 | INFO | [Round 8] epoch=14/80 loss=1.5617 acc=40.00 val_acc=nan data_t=0.0035s batch_t=0.0874s epoch_t=00:01.00 lr=0.000927 | GPU MB alloc/reserved=276.2/1898.0
2026-04-11 15:57:35 | INFO | [Round 8] Epoch 14/80 time=00:01.00 avg=00:01.01 ETA=01:06.38 | GPU MB alloc/reserved=276.2/1898.0
2026-04-11 15:57:36 | INFO | [Round 8] epoch=15/80 loss=1.5061 acc=41.38 val_acc=nan data_t=0.0024s batch_t=0.0875s epoch_t=00:00.99 lr=0.000917 | GPU MB alloc/reserved=276.2/1898.0
2026-04-11 15:57:36 | INFO | [Round 8] Epoch 15/80 time=00:00.99 avg=00:01.00 ETA=01:05.30 | GPU MB alloc/reserved=276.2/1898.0
2026-04-11 15:57:37 | INFO | [Round 8] epoch=16/80 loss=1.4873 acc=42.54 val_acc=nan data_t=0.0025s batch_t=0.0857s epoch_t=00:00.97 lr=0.000905 | GPU MB alloc/reserved=276.2/1898.0
2026-04-11 15:57:37 | INFO | [Round 8] Epoch 16/80 time=00:00.97 avg=00:01.00 ETA=01:04.16 | GPU MB alloc/reserved=276.2/1898.0
2026-04-11 15:57:38 | INFO | [Round 8] epoch=17/80 loss=1.4763 acc=44.00 val_acc=nan data_t=0.0043s batch_t=0.0852s epoch_t=00:00.99 lr=0.000894 | GPU MB alloc/reserved=276.2/1898.0
2026-04-11 15:57:38 | INFO | [Round 8] Epoch 17/80 time=00:00.99 avg=00:01.00 ETA=01:03.10 | GPU MB alloc/reserved=276.2/1898.0
2026-04-11 15:57:39 | INFO | [Round 8] epoch=18/80 loss=1.4437 acc=44.77 val_acc=nan data_t=0.0040s batch_t=0.0860s epoch_t=00:00.99 lr=0.000881 | GPU MB alloc/reserved=276.2/1898.0
2026-04-11 15:57:39 | INFO | [Round 8] Epoch 18/80 time=00:00.99 avg=00:01.00 ETA=01:02.05 | GPU MB alloc/reserved=276.2/1898.0
2026-04-11 15:57:40 | INFO | [Round 8] epoch=19/80 loss=1.4028 acc=45.77 val_acc=nan data_t=0.0045s batch_t=0.0871s epoch_t=00:01.01 lr=0.000868 | GPU MB alloc/reserved=276.2/1898.0
2026-04-11 15:57:40 | INFO | [Round 8] Epoch 19/80 time=00:01.01 avg=00:01.00 ETA=01:01.08 | GPU MB alloc/reserved=276.2/1898.0
2026-04-11 15:57:41 | INFO | [Round 8] epoch=20/80 loss=1.4073 acc=46.92 val_acc=nan data_t=0.0038s batch_t=0.0883s epoch_t=00:01.01 lr=0.000855 | GPU MB alloc/reserved=276.2/1898.0
2026-04-11 15:57:41 | INFO | [Round 8] Epoch 20/80 time=00:01.01 avg=00:01.00 ETA=01:00.11 | GPU MB alloc/reserved=276.2/1898.0
2026-04-11 15:57:42 | INFO | [Round 8] epoch=21/80 loss=1.4431 acc=43.92 val_acc=nan data_t=0.0043s batch_t=0.0868s epoch_t=00:01.00 lr=0.000841 | GPU MB alloc/reserved=276.2/1898.0
2026-04-11 15:57:42 | INFO | [Round 8] Epoch 21/80 time=00:01.00 avg=00:01.00 ETA=00:59.11 | GPU MB alloc/reserved=276.2/1898.0
2026-04-11 15:57:43 | INFO | [Round 8] epoch=22/80 loss=1.3654 acc=47.69 val_acc=nan data_t=0.0038s batch_t=0.0874s epoch_t=00:01.00 lr=0.000826 | GPU MB alloc/reserved=276.2/1898.0
2026-04-11 15:57:43 | INFO | [Round 8] Epoch 22/80 time=00:01.00 avg=00:01.00 ETA=00:58.11 | GPU MB alloc/reserved=276.2/1898.0
2026-04-11 15:57:44 | INFO | [Round 8] epoch=23/80 loss=1.3781 acc=48.08 val_acc=nan data_t=0.0026s batch_t=0.0865s epoch_t=00:00.98 lr=0.000811 | GPU MB alloc/reserved=276.2/1898.0
2026-04-11 15:57:44 | INFO | [Round 8] Epoch 23/80 time=00:00.98 avg=00:01.00 ETA=00:57.06 | GPU MB alloc/reserved=276.2/1898.0
2026-04-11 15:57:45 | INFO | [Round 8] epoch=24/80 loss=1.3012 acc=50.23 val_acc=nan data_t=0.0024s batch_t=0.0854s epoch_t=00:00.97 lr=0.000796 | GPU MB alloc/reserved=276.2/1898.0
2026-04-11 15:57:45 | INFO | [Round 8] Epoch 24/80 time=00:00.97 avg=00:01.00 ETA=00:55.98 | GPU MB alloc/reserved=276.2/1898.0
2026-04-11 15:57:46 | INFO | [Round 8] epoch=25/80 loss=1.2309 acc=52.08 val_acc=nan data_t=0.0025s batch_t=0.0876s epoch_t=00:00.99 lr=0.000780 | GPU MB alloc/reserved=276.2/1898.0
2026-04-11 15:57:46 | INFO | [Round 8] Epoch 25/80 time=00:00.99 avg=00:01.00 ETA=00:54.96 | GPU MB alloc/reserved=276.2/1898.0
2026-04-11 15:57:47 | INFO | [Round 8] epoch=26/80 loss=1.2049 acc=54.54 val_acc=nan data_t=0.0041s batch_t=0.0871s epoch_t=00:01.00 lr=0.000764 | GPU MB alloc/reserved=276.2/1898.0
2026-04-11 15:57:47 | INFO | [Round 8] Epoch 26/80 time=00:01.00 avg=00:01.00 ETA=00:53.97 | GPU MB alloc/reserved=276.2/1898.0
2026-04-11 15:57:48 | INFO | [Round 8] epoch=27/80 loss=1.1496 acc=57.15 val_acc=nan data_t=0.0029s batch_t=0.0877s epoch_t=00:01.00 lr=0.000747 | GPU MB alloc/reserved=276.2/1898.0
2026-04-11 15:57:48 | INFO | [Round 8] Epoch 27/80 time=00:01.00 avg=00:01.00 ETA=00:52.96 | GPU MB alloc/reserved=276.2/1898.0
2026-04-11 15:57:49 | INFO | [Round 8] epoch=28/80 loss=1.0835 acc=59.38 val_acc=nan data_t=0.0059s batch_t=0.0889s epoch_t=00:01.04 lr=0.000730 | GPU MB alloc/reserved=276.2/1898.0
2026-04-11 15:57:49 | INFO | [Round 8] Epoch 28/80 time=00:01.04 avg=00:01.00 ETA=00:52.04 | GPU MB alloc/reserved=276.2/1898.0
2026-04-11 15:57:50 | INFO | [Round 8] epoch=29/80 loss=1.0902 acc=58.38 val_acc=nan data_t=0.0027s batch_t=0.0883s epoch_t=00:01.00 lr=0.000712 | GPU MB alloc/reserved=276.2/1898.0
2026-04-11 15:57:50 | INFO | [Round 8] Epoch 29/80 time=00:01.00 avg=00:01.00 ETA=00:51.04 | GPU MB alloc/reserved=276.2/1898.0
2026-04-11 15:57:51 | INFO | [Round 8] epoch=30/80 loss=1.0451 acc=60.00 val_acc=nan data_t=0.0032s batch_t=0.0863s epoch_t=00:00.98 lr=0.000694 | GPU MB alloc/reserved=276.2/1898.0
2026-04-11 15:57:51 | INFO | [Round 8] Epoch 30/80 time=00:00.98 avg=00:01.00 ETA=00:50.01 | GPU MB alloc/reserved=276.2/1898.0
2026-04-11 15:57:52 | INFO | [Round 8] epoch=31/80 loss=1.0235 acc=62.23 val_acc=nan data_t=0.0026s batch_t=0.0872s epoch_t=00:00.99 lr=0.000676 | GPU MB alloc/reserved=276.2/1898.0
2026-04-11 15:57:52 | INFO | [Round 8] Epoch 31/80 time=00:00.99 avg=00:01.00 ETA=00:49.00 | GPU MB alloc/reserved=276.2/1898.0
2026-04-11 15:57:53 | INFO | [Round 8] epoch=32/80 loss=0.9841 acc=61.31 val_acc=nan data_t=0.0029s batch_t=0.0867s epoch_t=00:00.99 lr=0.000658 | GPU MB alloc/reserved=276.2/1898.0
2026-04-11 15:57:53 | INFO | [Round 8] Epoch 32/80 time=00:00.99 avg=00:01.00 ETA=00:47.98 | GPU MB alloc/reserved=276.2/1898.0
2026-04-11 15:57:54 | INFO | [Round 8] epoch=33/80 loss=0.9388 acc=63.54 val_acc=nan data_t=0.0033s batch_t=0.0868s epoch_t=00:00.99 lr=0.000639 | GPU MB alloc/reserved=276.2/1898.0
2026-04-11 15:57:54 | INFO | [Round 8] Epoch 33/80 time=00:00.99 avg=00:01.00 ETA=00:46.97 | GPU MB alloc/reserved=276.2/1898.0
2026-04-11 15:57:55 | INFO | [Round 8] epoch=34/80 loss=0.8780 acc=67.38 val_acc=nan data_t=0.0037s batch_t=0.0863s epoch_t=00:00.99 lr=0.000621 | GPU MB alloc/reserved=276.2/1898.0
2026-04-11 15:57:55 | INFO | [Round 8] Epoch 34/80 time=00:00.99 avg=00:01.00 ETA=00:45.95 | GPU MB alloc/reserved=276.2/1898.0
2026-04-11 15:57:56 | INFO | [Round 8] epoch=35/80 loss=0.8548 acc=66.62 val_acc=nan data_t=0.0026s batch_t=0.0874s epoch_t=00:00.99 lr=0.000602 | GPU MB alloc/reserved=276.2/1898.0
2026-04-11 15:57:56 | INFO | [Round 8] Epoch 35/80 time=00:00.99 avg=00:01.00 ETA=00:44.94 | GPU MB alloc/reserved=276.2/1898.0
2026-04-11 15:57:57 | INFO | [Round 8] epoch=36/80 loss=0.8514 acc=69.15 val_acc=nan data_t=0.0039s batch_t=0.0871s epoch_t=00:01.00 lr=0.000582 | GPU MB alloc/reserved=276.2/1898.0
2026-04-11 15:57:57 | INFO | [Round 8] Epoch 36/80 time=00:01.00 avg=00:01.00 ETA=00:43.95 | GPU MB alloc/reserved=276.2/1898.0
2026-04-11 15:57:58 | INFO | [Round 8] epoch=37/80 loss=0.7957 acc=70.38 val_acc=nan data_t=0.0036s batch_t=0.0864s epoch_t=00:00.99 lr=0.000563 | GPU MB alloc/reserved=276.2/1898.0
2026-04-11 15:57:58 | INFO | [Round 8] Epoch 37/80 time=00:00.99 avg=00:01.00 ETA=00:42.94 | GPU MB alloc/reserved=276.2/1898.0
2026-04-11 15:57:59 | INFO | [Round 8] epoch=38/80 loss=0.7498 acc=72.15 val_acc=nan data_t=0.0032s batch_t=0.0868s epoch_t=00:00.99 lr=0.000544 | GPU MB alloc/reserved=276.2/1898.0
2026-04-11 15:57:59 | INFO | [Round 8] Epoch 38/80 time=00:00.99 avg=00:01.00 ETA=00:41.93 | GPU MB alloc/reserved=276.2/1898.0
2026-04-11 15:58:00 | INFO | [Round 8] epoch=39/80 loss=0.6926 acc=74.31 val_acc=nan data_t=0.0031s batch_t=0.0839s epoch_t=00:00.96 lr=0.000524 | GPU MB alloc/reserved=276.2/1898.0
2026-04-11 15:58:00 | INFO | [Round 8] Epoch 39/80 time=00:00.96 avg=00:01.00 ETA=00:40.89 | GPU MB alloc/reserved=276.2/1898.0
2026-04-11 15:58:01 | INFO | [Round 8] epoch=40/80 loss=0.7114 acc=74.92 val_acc=nan data_t=0.0040s batch_t=0.0832s epoch_t=00:00.96 lr=0.000505 | GPU MB alloc/reserved=276.2/1898.0
2026-04-11 15:58:01 | INFO | [Round 8] Epoch 40/80 time=00:00.96 avg=00:01.00 ETA=00:39.85 | GPU MB alloc/reserved=276.2/1898.0
2026-04-11 15:58:02 | INFO | [Round 8] epoch=41/80 loss=0.6266 acc=77.77 val_acc=nan data_t=0.0040s batch_t=0.0842s epoch_t=00:00.97 lr=0.000486 | GPU MB alloc/reserved=276.2/1898.0
2026-04-11 15:58:02 | INFO | [Round 8] Epoch 41/80 time=00:00.97 avg=00:01.00 ETA=00:38.83 | GPU MB alloc/reserved=276.2/1898.0
2026-04-11 15:58:03 | INFO | [Round 8] epoch=42/80 loss=0.5725 acc=78.92 val_acc=nan data_t=0.0042s batch_t=0.0866s epoch_t=00:01.00 lr=0.000466 | GPU MB alloc/reserved=276.2/1898.0
2026-04-11 15:58:03 | INFO | [Round 8] Epoch 42/80 time=00:01.00 avg=00:01.00 ETA=00:37.84 | GPU MB alloc/reserved=276.2/1898.0
2026-04-11 15:58:04 | INFO | [Round 8] epoch=43/80 loss=0.5465 acc=81.15 val_acc=nan data_t=0.0028s batch_t=0.0837s epoch_t=00:00.95 lr=0.000447 | GPU MB alloc/reserved=276.2/1898.0
2026-04-11 15:58:04 | INFO | [Round 8] Epoch 43/80 time=00:00.95 avg=00:00.99 ETA=00:36.81 | GPU MB alloc/reserved=276.2/1898.0
2026-04-11 15:58:05 | INFO | [Round 8] epoch=44/80 loss=0.4990 acc=81.00 val_acc=nan data_t=0.0025s batch_t=0.0835s epoch_t=00:00.95 lr=0.000428 | GPU MB alloc/reserved=276.2/1898.0
2026-04-11 15:58:05 | INFO | [Round 8] Epoch 44/80 time=00:00.95 avg=00:00.99 ETA=00:35.77 | GPU MB alloc/reserved=276.2/1898.0
2026-04-11 15:58:06 | INFO | [Round 8] epoch=45/80 loss=0.5493 acc=80.31 val_acc=nan data_t=0.0023s batch_t=0.0845s epoch_t=00:00.96 lr=0.000408 | GPU MB alloc/reserved=276.2/1898.0
2026-04-11 15:58:06 | INFO | [Round 8] Epoch 45/80 time=00:00.96 avg=00:00.99 ETA=00:34.75 | GPU MB alloc/reserved=276.2/1898.0
2026-04-11 15:58:07 | INFO | [Round 8] epoch=46/80 loss=0.5681 acc=77.15 val_acc=nan data_t=0.0035s batch_t=0.0865s epoch_t=00:00.99 lr=0.000389 | GPU MB alloc/reserved=276.2/1898.0
2026-04-11 15:58:07 | INFO | [Round 8] Epoch 46/80 time=00:00.99 avg=00:00.99 ETA=00:33.75 | GPU MB alloc/reserved=276.2/1898.0
2026-04-11 15:58:08 | INFO | [Round 8] epoch=47/80 loss=0.5188 acc=82.15 val_acc=nan data_t=0.0032s batch_t=0.0859s epoch_t=00:00.98 lr=0.000371 | GPU MB alloc/reserved=276.2/1898.0
2026-04-11 15:58:08 | INFO | [Round 8] Epoch 47/80 time=00:00.98 avg=00:00.99 ETA=00:32.75 | GPU MB alloc/reserved=276.2/1898.0
2026-04-11 15:58:09 | INFO | [Round 8] epoch=48/80 loss=0.4506 acc=84.77 val_acc=nan data_t=0.0026s batch_t=0.0867s epoch_t=00:00.98 lr=0.000352 | GPU MB alloc/reserved=276.2/1898.0
2026-04-11 15:58:09 | INFO | [Round 8] Epoch 48/80 time=00:00.98 avg=00:00.99 ETA=00:31.75 | GPU MB alloc/reserved=276.2/1898.0
2026-04-11 15:58:10 | INFO | [Round 8] epoch=49/80 loss=0.4483 acc=84.54 val_acc=nan data_t=0.0037s batch_t=0.0839s epoch_t=00:00.96 lr=0.000334 | GPU MB alloc/reserved=276.2/1898.0
2026-04-11 15:58:10 | INFO | [Round 8] Epoch 49/80 time=00:00.96 avg=00:00.99 ETA=00:30.74 | GPU MB alloc/reserved=276.2/1898.0
2026-04-11 15:58:11 | INFO | [Round 8] epoch=50/80 loss=0.3750 acc=88.31 val_acc=nan data_t=0.0024s batch_t=0.0776s epoch_t=00:00.88 lr=0.000316 | GPU MB alloc/reserved=276.2/1898.0
2026-04-11 15:58:11 | INFO | [Round 8] Epoch 50/80 time=00:00.88 avg=00:00.99 ETA=00:29.68 | GPU MB alloc/reserved=276.2/1898.0
2026-04-11 15:58:12 | INFO | [Round 8] epoch=51/80 loss=0.3556 acc=87.62 val_acc=nan data_t=0.0039s batch_t=0.0845s epoch_t=00:00.97 lr=0.000298 | GPU MB alloc/reserved=276.2/1898.0
2026-04-11 15:58:12 | INFO | [Round 8] Epoch 51/80 time=00:00.97 avg=00:00.99 ETA=00:28.69 | GPU MB alloc/reserved=276.2/1898.0
2026-04-11 15:58:13 | INFO | [Round 8] epoch=52/80 loss=0.3130 acc=89.92 val_acc=nan data_t=0.0027s batch_t=0.0974s epoch_t=00:01.10 lr=0.000280 | GPU MB alloc/reserved=276.2/1898.0
2026-04-11 15:58:13 | INFO | [Round 8] Epoch 52/80 time=00:01.10 avg=00:00.99 ETA=00:27.76 | GPU MB alloc/reserved=276.2/1898.0
2026-04-11 15:58:14 | INFO | [Round 8] epoch=53/80 loss=0.2777 acc=90.31 val_acc=nan data_t=0.0037s batch_t=0.0919s epoch_t=00:01.05 lr=0.000263 | GPU MB alloc/reserved=276.2/1898.0
2026-04-11 15:58:14 | INFO | [Round 8] Epoch 53/80 time=00:01.05 avg=00:00.99 ETA=00:26.80 | GPU MB alloc/reserved=276.2/1898.0
2026-04-11 15:58:15 | INFO | [Round 8] epoch=54/80 loss=0.2406 acc=92.23 val_acc=nan data_t=0.0034s batch_t=0.0961s epoch_t=00:01.09 lr=0.000246 | GPU MB alloc/reserved=276.2/1898.0
2026-04-11 15:58:15 | INFO | [Round 8] Epoch 54/80 time=00:01.09 avg=00:00.99 ETA=00:25.85 | GPU MB alloc/reserved=276.2/1898.0
2026-04-11 15:58:16 | INFO | [Round 8] epoch=55/80 loss=0.1940 acc=94.54 val_acc=nan data_t=0.0039s batch_t=0.0955s epoch_t=00:01.09 lr=0.000230 | GPU MB alloc/reserved=276.2/1898.0
2026-04-11 15:58:16 | INFO | [Round 8] Epoch 55/80 time=00:01.09 avg=00:01.00 ETA=00:24.90 | GPU MB alloc/reserved=276.2/1898.0
2026-04-11 15:58:17 | INFO | [Round 8] epoch=56/80 loss=0.1842 acc=94.69 val_acc=nan data_t=0.0040s batch_t=0.0964s epoch_t=00:01.10 lr=0.000214 | GPU MB alloc/reserved=276.2/1898.0
2026-04-11 15:58:17 | INFO | [Round 8] Epoch 56/80 time=00:01.10 avg=00:01.00 ETA=00:23.95 | GPU MB alloc/reserved=276.2/1898.0
2026-04-11 15:58:18 | INFO | [Round 8] epoch=57/80 loss=0.2500 acc=92.23 val_acc=nan data_t=0.0039s batch_t=0.0971s epoch_t=00:01.11 lr=0.000199 | GPU MB alloc/reserved=276.2/1898.0
2026-04-11 15:58:18 | INFO | [Round 8] Epoch 57/80 time=00:01.11 avg=00:01.00 ETA=00:23.00 | GPU MB alloc/reserved=276.2/1898.0
2026-04-11 15:58:19 | INFO | [Round 8] epoch=58/80 loss=0.1907 acc=94.54 val_acc=nan data_t=0.0037s batch_t=0.0972s epoch_t=00:01.11 lr=0.000184 | GPU MB alloc/reserved=276.2/1898.0
2026-04-11 15:58:19 | INFO | [Round 8] Epoch 58/80 time=00:01.11 avg=00:01.00 ETA=00:22.04 | GPU MB alloc/reserved=276.2/1898.0
2026-04-11 15:58:20 | INFO | [Round 8] epoch=59/80 loss=0.1500 acc=95.77 val_acc=nan data_t=0.0033s batch_t=0.0570s epoch_t=00:00.66 lr=0.000169 | GPU MB alloc/reserved=276.2/1898.0
2026-04-11 15:58:20 | INFO | [Round 8] Epoch 59/80 time=00:00.66 avg=00:01.00 ETA=00:20.92 | GPU MB alloc/reserved=276.2/1898.0
2026-04-11 15:58:21 | INFO | [Round 8] epoch=60/80 loss=0.1441 acc=97.38 val_acc=nan data_t=0.0037s batch_t=0.0576s epoch_t=00:00.67 lr=0.000155 | GPU MB alloc/reserved=276.2/1898.0
2026-04-11 15:58:21 | INFO | [Round 8] Epoch 60/80 time=00:00.67 avg=00:00.99 ETA=00:19.82 | GPU MB alloc/reserved=276.2/1898.0
2026-04-11 15:58:21 | INFO | [Round 8] epoch=61/80 loss=0.1275 acc=97.46 val_acc=nan data_t=0.0034s batch_t=0.0686s epoch_t=00:00.79 lr=0.000142 | GPU MB alloc/reserved=276.2/1898.0
2026-04-11 15:58:21 | INFO | [Round 8] Epoch 61/80 time=00:00.79 avg=00:00.99 ETA=00:18.76 | GPU MB alloc/reserved=276.2/1898.0
2026-04-11 15:58:22 | INFO | [Round 8] epoch=62/80 loss=0.1077 acc=97.23 val_acc=nan data_t=0.0040s batch_t=0.0584s epoch_t=00:00.69 lr=0.000129 | GPU MB alloc/reserved=276.2/1898.0
2026-04-11 15:58:22 | INFO | [Round 8] Epoch 62/80 time=00:00.69 avg=00:00.98 ETA=00:17.69 | GPU MB alloc/reserved=276.2/1898.0
2026-04-11 15:58:23 | INFO | [Round 8] epoch=63/80 loss=0.1070 acc=97.46 val_acc=nan data_t=0.0039s batch_t=0.0897s epoch_t=00:01.03 lr=0.000116 | GPU MB alloc/reserved=276.2/1898.0
2026-04-11 15:58:23 | INFO | [Round 8] Epoch 63/80 time=00:01.03 avg=00:00.98 ETA=00:16.72 | GPU MB alloc/reserved=276.2/1898.0
2026-04-11 15:58:24 | INFO | [Round 8] epoch=64/80 loss=0.1231 acc=96.77 val_acc=nan data_t=0.0024s batch_t=0.0844s epoch_t=00:00.95 lr=0.000105 | GPU MB alloc/reserved=276.2/1898.0
2026-04-11 15:58:24 | INFO | [Round 8] Epoch 64/80 time=00:00.95 avg=00:00.98 ETA=00:15.73 | GPU MB alloc/reserved=276.2/1898.0
2026-04-11 15:58:25 | INFO | [Round 8] epoch=65/80 loss=0.0960 acc=98.46 val_acc=nan data_t=0.0032s batch_t=0.0855s epoch_t=00:00.98 lr=0.000093 | GPU MB alloc/reserved=276.2/1898.0
2026-04-11 15:58:25 | INFO | [Round 8] Epoch 65/80 time=00:00.98 avg=00:00.98 ETA=00:14.74 | GPU MB alloc/reserved=276.2/1898.0
2026-04-11 15:58:26 | INFO | [Round 8] epoch=66/80 loss=0.1008 acc=97.15 val_acc=nan data_t=0.0035s batch_t=0.0877s epoch_t=00:01.00 lr=0.000083 | GPU MB alloc/reserved=276.2/1898.0
2026-04-11 15:58:26 | INFO | [Round 8] Epoch 66/80 time=00:01.00 avg=00:00.98 ETA=00:13.77 | GPU MB alloc/reserved=276.2/1898.0
2026-04-11 15:58:27 | INFO | [Round 8] epoch=67/80 loss=0.0851 acc=98.15 val_acc=nan data_t=0.0036s batch_t=0.0878s epoch_t=00:01.00 lr=0.000073 | GPU MB alloc/reserved=276.2/1898.0
2026-04-11 15:58:27 | INFO | [Round 8] Epoch 67/80 time=00:01.00 avg=00:00.98 ETA=00:12.79 | GPU MB alloc/reserved=276.2/1898.0
2026-04-11 15:58:28 | INFO | [Round 8] epoch=68/80 loss=0.0915 acc=97.92 val_acc=nan data_t=0.0035s batch_t=0.0888s epoch_t=00:01.02 lr=0.000064 | GPU MB alloc/reserved=276.2/1898.0
2026-04-11 15:58:28 | INFO | [Round 8] Epoch 68/80 time=00:01.02 avg=00:00.98 ETA=00:11.81 | GPU MB alloc/reserved=276.2/1898.0
2026-04-11 15:58:29 | INFO | [Round 8] epoch=69/80 loss=0.0775 acc=98.69 val_acc=nan data_t=0.0035s batch_t=0.0797s epoch_t=00:00.92 lr=0.000055 | GPU MB alloc/reserved=276.2/1898.0
2026-04-11 15:58:29 | INFO | [Round 8] Epoch 69/80 time=00:00.92 avg=00:00.98 ETA=00:10.81 | GPU MB alloc/reserved=276.2/1898.0
2026-04-11 15:58:30 | INFO | [Round 8] epoch=70/80 loss=0.0659 acc=99.00 val_acc=nan data_t=0.0036s batch_t=0.0789s epoch_t=00:00.91 lr=0.000048 | GPU MB alloc/reserved=276.2/1898.0
2026-04-11 15:58:30 | INFO | [Round 8] Epoch 70/80 time=00:00.91 avg=00:00.98 ETA=00:09.82 | GPU MB alloc/reserved=276.2/1898.0
2026-04-11 15:58:31 | INFO | [Round 8] epoch=71/80 loss=0.0673 acc=98.62 val_acc=nan data_t=0.0036s batch_t=0.0991s epoch_t=00:01.13 lr=0.000041 | GPU MB alloc/reserved=276.2/1898.0
2026-04-11 15:58:31 | INFO | [Round 8] Epoch 71/80 time=00:01.13 avg=00:00.98 ETA=00:08.86 | GPU MB alloc/reserved=276.2/1898.0
2026-04-11 15:58:32 | INFO | [Round 8] epoch=72/80 loss=0.0660 acc=98.85 val_acc=nan data_t=0.0026s batch_t=0.0941s epoch_t=00:01.06 lr=0.000034 | GPU MB alloc/reserved=276.2/1898.0
2026-04-11 15:58:32 | INFO | [Round 8] Epoch 72/80 time=00:01.06 avg=00:00.99 ETA=00:07.88 | GPU MB alloc/reserved=276.2/1898.0
2026-04-11 15:58:33 | INFO | [Round 8] epoch=73/80 loss=0.0631 acc=98.92 val_acc=nan data_t=0.0039s batch_t=0.0990s epoch_t=00:01.13 lr=0.000029 | GPU MB alloc/reserved=276.2/1898.0
2026-04-11 15:58:33 | INFO | [Round 8] Epoch 73/80 time=00:01.13 avg=00:00.99 ETA=00:06.91 | GPU MB alloc/reserved=276.2/1898.0
2026-04-11 15:58:34 | INFO | [Round 8] epoch=74/80 loss=0.0533 acc=99.46 val_acc=nan data_t=0.0035s batch_t=0.0981s epoch_t=00:01.12 lr=0.000024 | GPU MB alloc/reserved=276.2/1898.0
2026-04-11 15:58:34 | INFO | [Round 8] Epoch 74/80 time=00:01.12 avg=00:00.99 ETA=00:05.93 | GPU MB alloc/reserved=276.2/1898.0
2026-04-11 15:58:35 | INFO | [Round 8] epoch=75/80 loss=0.0503 acc=99.46 val_acc=nan data_t=0.0022s batch_t=0.0975s epoch_t=00:01.10 lr=0.000020 | GPU MB alloc/reserved=276.2/1898.0
2026-04-11 15:58:35 | INFO | [Round 8] Epoch 75/80 time=00:01.10 avg=00:00.99 ETA=00:04.95 | GPU MB alloc/reserved=276.2/1898.0
2026-04-11 15:58:37 | INFO | [Round 8] epoch=76/80 loss=0.0540 acc=99.46 val_acc=nan data_t=0.0038s batch_t=0.0972s epoch_t=00:01.11 lr=0.000016 | GPU MB alloc/reserved=276.2/1898.0
2026-04-11 15:58:37 | INFO | [Round 8] Epoch 76/80 time=00:01.11 avg=00:00.99 ETA=00:03.97 | GPU MB alloc/reserved=276.2/1898.0
2026-04-11 15:58:38 | INFO | [Round 8] epoch=77/80 loss=0.0588 acc=99.08 val_acc=nan data_t=0.0041s batch_t=0.0970s epoch_t=00:01.11 lr=0.000013 | GPU MB alloc/reserved=276.2/1898.0
2026-04-11 15:58:38 | INFO | [Round 8] Epoch 77/80 time=00:01.11 avg=00:00.99 ETA=00:02.98 | GPU MB alloc/reserved=276.2/1898.0
2026-04-11 15:58:38 | INFO | [Round 8] epoch=78/80 loss=0.0658 acc=98.92 val_acc=nan data_t=0.0035s batch_t=0.0654s epoch_t=00:00.76 lr=0.000012 | GPU MB alloc/reserved=276.2/1898.0
2026-04-11 15:58:38 | INFO | [Round 8] Epoch 78/80 time=00:00.76 avg=00:00.99 ETA=00:01.98 | GPU MB alloc/reserved=276.2/1898.0
2026-04-11 15:58:39 | INFO | [Round 8] epoch=79/80 loss=0.0585 acc=99.54 val_acc=nan data_t=0.0038s batch_t=0.0582s epoch_t=00:00.68 lr=0.000010 | GPU MB alloc/reserved=276.2/1898.0
2026-04-11 15:58:39 | INFO | [Round 8] Epoch 79/80 time=00:00.68 avg=00:00.99 ETA=00:00.99 | GPU MB alloc/reserved=276.2/1898.0
2026-04-11 15:58:40 | INFO | [Round 8] epoch=80/80 loss=0.0619 acc=98.77 val_acc=nan data_t=0.0023s batch_t=0.0704s epoch_t=00:00.80 lr=0.000010 | GPU MB alloc/reserved=276.2/1898.0
2026-04-11 15:58:40 | INFO | [Round 8] Epoch 80/80 time=00:00.80 avg=00:00.98 ETA=00:00.00 | GPU MB alloc/reserved=276.2/1898.0
2026-04-11 15:58:40 | INFO | [Round 8] training complete in 01:19.10 (best monitor=99.538) | GPU MB alloc/reserved=276.2/1898.0
2026-04-11 15:58:40 | INFO | [Round 8] evaluation started | GPU MB alloc/reserved=190.7/1898.0
2026-04-11 15:58:49 | INFO | [Round 8] clean=56.50 fgsm=44.24 pgd=43.88 grad_disp_mean=nan grad_disp_sel=nan round_t=89.50s | GPU MB alloc/reserved=190.7/1898.0
2026-04-11 15:58:49 | INFO | [Round 9/21] elapsed=01:29.50 avg_round=01:05.37 projected_remaining=13:04.48 | GPU MB alloc/reserved=190.7/1898.0
2026-04-11 15:58:50 | INFO | [Round 9] acquisition on pool_size=48700 scored_pool=5000 budget=100 | GPU MB alloc/reserved=103.2/1898.0
2026-04-11 15:58:50 | INFO | [BADGE] scoring progress 10/20 elapsed=00:00.43 avg/batch=0.043s ETA=00:00.43 | GPU MB alloc/reserved=111.7/1898.0
2026-04-11 15:58:51 | INFO | [BADGE] scoring progress 20/20 elapsed=00:00.60 avg/batch=0.030s ETA=00:00.00 | GPU MB alloc/reserved=109.0/1898.0
2026-04-11 15:58:51 | INFO | [Round 9] labeled=1400 train=1400 val_fixed=0 | GPU MB alloc/reserved=147.6/1898.0
2026-04-11 15:58:53 | INFO | [Round 9] epoch=1/80 loss=2.3534 acc=15.36 val_acc=nan data_t=0.0173s batch_t=0.0976s epoch_t=00:01.26 lr=0.001000 | GPU MB alloc/reserved=279.1/1898.0
2026-04-11 15:58:53 | INFO | [Round 9] Epoch 1/80 time=00:01.26 avg=00:01.26 ETA=01:39.89 | GPU MB alloc/reserved=279.1/1898.0
2026-04-11 15:58:54 | INFO | [Round 9] epoch=2/80 loss=2.0294 acc=24.79 val_acc=nan data_t=0.0025s batch_t=0.0925s epoch_t=00:01.04 lr=0.000998 | GPU MB alloc/reserved=279.1/1898.0
2026-04-11 15:58:54 | INFO | [Round 9] Epoch 2/80 time=00:01.04 avg=00:01.15 ETA=01:30.04 | GPU MB alloc/reserved=279.1/1898.0
2026-04-11 15:58:55 | INFO | [Round 9] epoch=3/80 loss=1.9001 acc=28.29 val_acc=nan data_t=0.0037s batch_t=0.0900s epoch_t=00:01.03 lr=0.000997 | GPU MB alloc/reserved=279.1/1898.0
2026-04-11 15:58:55 | INFO | [Round 9] Epoch 3/80 time=00:01.03 avg=00:01.11 ETA=01:25.72 | GPU MB alloc/reserved=279.1/1898.0
2026-04-11 15:58:56 | INFO | [Round 9] epoch=4/80 loss=1.8176 acc=31.00 val_acc=nan data_t=0.0040s batch_t=0.0902s epoch_t=00:01.04 lr=0.000994 | GPU MB alloc/reserved=279.1/1898.0
2026-04-11 15:58:56 | INFO | [Round 9] Epoch 4/80 time=00:01.04 avg=00:01.09 ETA=01:23.16 | GPU MB alloc/reserved=279.1/1898.0
2026-04-11 15:58:57 | INFO | [Round 9] epoch=5/80 loss=1.7786 acc=32.14 val_acc=nan data_t=0.0025s batch_t=0.0915s epoch_t=00:01.03 lr=0.000990 | GPU MB alloc/reserved=279.1/1898.0
2026-04-11 15:58:57 | INFO | [Round 9] Epoch 5/80 time=00:01.03 avg=00:01.08 ETA=01:21.17 | GPU MB alloc/reserved=279.1/1898.0
2026-04-11 15:58:58 | INFO | [Round 9] epoch=6/80 loss=1.7349 acc=33.21 val_acc=nan data_t=0.0032s batch_t=0.0906s epoch_t=00:01.03 lr=0.000986 | GPU MB alloc/reserved=279.1/1898.0
2026-04-11 15:58:58 | INFO | [Round 9] Epoch 6/80 time=00:01.03 avg=00:01.07 ETA=01:19.46 | GPU MB alloc/reserved=279.1/1898.0
2026-04-11 15:58:59 | INFO | [Round 9] epoch=7/80 loss=1.7560 acc=31.86 val_acc=nan data_t=0.0040s batch_t=0.0907s epoch_t=00:01.04 lr=0.000981 | GPU MB alloc/reserved=279.1/1898.0
2026-04-11 15:58:59 | INFO | [Round 9] Epoch 7/80 time=00:01.04 avg=00:01.07 ETA=01:18.06 | GPU MB alloc/reserved=279.1/1898.0
2026-04-11 15:59:00 | INFO | [Round 9] epoch=8/80 loss=1.6962 acc=36.86 val_acc=nan data_t=0.0033s batch_t=0.0923s epoch_t=00:01.05 lr=0.000976 | GPU MB alloc/reserved=279.1/1898.0
2026-04-11 15:59:00 | INFO | [Round 9] Epoch 8/80 time=00:01.05 avg=00:01.07 ETA=01:16.84 | GPU MB alloc/reserved=279.1/1898.0
2026-04-11 15:59:01 | INFO | [Round 9] epoch=9/80 loss=1.6888 acc=36.29 val_acc=nan data_t=0.0030s batch_t=0.0925s epoch_t=00:01.05 lr=0.000969 | GPU MB alloc/reserved=279.1/1898.0
2026-04-11 15:59:01 | INFO | [Round 9] Epoch 9/80 time=00:01.05 avg=00:01.07 ETA=01:15.64 | GPU MB alloc/reserved=279.1/1898.0
2026-04-11 15:59:02 | INFO | [Round 9] epoch=10/80 loss=1.6227 acc=38.36 val_acc=nan data_t=0.0044s batch_t=0.0916s epoch_t=00:01.06 lr=0.000962 | GPU MB alloc/reserved=279.1/1898.0
2026-04-11 15:59:02 | INFO | [Round 9] Epoch 10/80 time=00:01.06 avg=00:01.06 ETA=01:14.51 | GPU MB alloc/reserved=279.1/1898.0
2026-04-11 15:59:03 | INFO | [Round 9] epoch=11/80 loss=1.5765 acc=39.93 val_acc=nan data_t=0.0044s batch_t=0.0919s epoch_t=00:01.06 lr=0.000955 | GPU MB alloc/reserved=279.1/1898.0
2026-04-11 15:59:03 | INFO | [Round 9] Epoch 11/80 time=00:01.06 avg=00:01.06 ETA=01:13.42 | GPU MB alloc/reserved=279.1/1898.0
2026-04-11 15:59:04 | INFO | [Round 9] epoch=12/80 loss=1.5696 acc=39.57 val_acc=nan data_t=0.0038s batch_t=0.0918s epoch_t=00:01.05 lr=0.000946 | GPU MB alloc/reserved=279.1/1898.0
2026-04-11 15:59:04 | INFO | [Round 9] Epoch 12/80 time=00:01.05 avg=00:01.06 ETA=01:12.28 | GPU MB alloc/reserved=279.1/1898.0
2026-04-11 15:59:05 | INFO | [Round 9] epoch=13/80 loss=1.4507 acc=44.64 val_acc=nan data_t=0.0034s batch_t=0.0914s epoch_t=00:01.04 lr=0.000937 | GPU MB alloc/reserved=279.1/1898.0
2026-04-11 15:59:05 | INFO | [Round 9] Epoch 13/80 time=00:01.04 avg=00:01.06 ETA=01:11.12 | GPU MB alloc/reserved=279.1/1898.0
2026-04-11 15:59:06 | INFO | [Round 9] epoch=14/80 loss=1.4390 acc=45.57 val_acc=nan data_t=0.0025s batch_t=0.0924s epoch_t=00:01.04 lr=0.000927 | GPU MB alloc/reserved=279.1/1898.0
2026-04-11 15:59:06 | INFO | [Round 9] Epoch 14/80 time=00:01.04 avg=00:01.06 ETA=01:09.97 | GPU MB alloc/reserved=279.1/1898.0
2026-04-11 15:59:07 | INFO | [Round 9] epoch=15/80 loss=1.4533 acc=44.64 val_acc=nan data_t=0.0042s batch_t=0.0921s epoch_t=00:01.06 lr=0.000917 | GPU MB alloc/reserved=279.1/1898.0
2026-04-11 15:59:07 | INFO | [Round 9] Epoch 15/80 time=00:01.06 avg=00:01.06 ETA=01:08.91 | GPU MB alloc/reserved=279.1/1898.0
2026-04-11 15:59:08 | INFO | [Round 9] epoch=16/80 loss=1.3786 acc=48.29 val_acc=nan data_t=0.0036s batch_t=0.0903s epoch_t=00:01.03 lr=0.000905 | GPU MB alloc/reserved=279.1/1898.0
2026-04-11 15:59:08 | INFO | [Round 9] Epoch 16/80 time=00:01.03 avg=00:01.06 ETA=01:07.74 | GPU MB alloc/reserved=279.1/1898.0
2026-04-11 15:59:09 | INFO | [Round 9] epoch=17/80 loss=1.2957 acc=49.57 val_acc=nan data_t=0.0026s batch_t=0.0943s epoch_t=00:01.07 lr=0.000894 | GPU MB alloc/reserved=279.1/1898.0
2026-04-11 15:59:09 | INFO | [Round 9] Epoch 17/80 time=00:01.07 avg=00:01.06 ETA=01:06.71 | GPU MB alloc/reserved=279.1/1898.0
2026-04-11 15:59:11 | INFO | [Round 9] epoch=18/80 loss=1.2551 acc=52.14 val_acc=nan data_t=0.0051s batch_t=0.0930s epoch_t=00:01.08 lr=0.000881 | GPU MB alloc/reserved=279.1/1898.0
2026-04-11 15:59:11 | INFO | [Round 9] Epoch 18/80 time=00:01.08 avg=00:01.06 ETA=01:05.72 | GPU MB alloc/reserved=279.1/1898.0
2026-04-11 15:59:12 | INFO | [Round 9] epoch=19/80 loss=1.2480 acc=51.00 val_acc=nan data_t=0.0041s batch_t=0.0923s epoch_t=00:01.06 lr=0.000868 | GPU MB alloc/reserved=279.1/1898.0
2026-04-11 15:59:12 | INFO | [Round 9] Epoch 19/80 time=00:01.06 avg=00:01.06 ETA=01:04.67 | GPU MB alloc/reserved=279.1/1898.0
2026-04-11 15:59:13 | INFO | [Round 9] epoch=20/80 loss=1.2078 acc=53.64 val_acc=nan data_t=0.0043s batch_t=0.0913s epoch_t=00:01.05 lr=0.000855 | GPU MB alloc/reserved=279.1/1898.0
2026-04-11 15:59:13 | INFO | [Round 9] Epoch 20/80 time=00:01.05 avg=00:01.06 ETA=01:03.58 | GPU MB alloc/reserved=279.1/1898.0
2026-04-11 15:59:14 | INFO | [Round 9] epoch=21/80 loss=1.1658 acc=55.43 val_acc=nan data_t=0.0024s batch_t=0.0923s epoch_t=00:01.04 lr=0.000841 | GPU MB alloc/reserved=279.1/1898.0
2026-04-11 15:59:14 | INFO | [Round 9] Epoch 21/80 time=00:01.04 avg=00:01.06 ETA=01:02.47 | GPU MB alloc/reserved=279.1/1898.0
2026-04-11 15:59:15 | INFO | [Round 9] epoch=22/80 loss=1.1430 acc=55.43 val_acc=nan data_t=0.0044s batch_t=0.0914s epoch_t=00:01.05 lr=0.000826 | GPU MB alloc/reserved=279.1/1898.0
2026-04-11 15:59:15 | INFO | [Round 9] Epoch 22/80 time=00:01.05 avg=00:01.06 ETA=01:01.40 | GPU MB alloc/reserved=279.1/1898.0
2026-04-11 15:59:16 | INFO | [Round 9] epoch=23/80 loss=1.1196 acc=56.86 val_acc=nan data_t=0.0025s batch_t=0.0920s epoch_t=00:01.04 lr=0.000811 | GPU MB alloc/reserved=279.1/1898.0
2026-04-11 15:59:16 | INFO | [Round 9] Epoch 23/80 time=00:01.04 avg=00:01.06 ETA=01:00.30 | GPU MB alloc/reserved=279.1/1898.0
2026-04-11 15:59:17 | INFO | [Round 9] epoch=24/80 loss=1.0613 acc=58.21 val_acc=nan data_t=0.0025s batch_t=0.0919s epoch_t=00:01.04 lr=0.000796 | GPU MB alloc/reserved=279.1/1898.0
2026-04-11 15:59:17 | INFO | [Round 9] Epoch 24/80 time=00:01.04 avg=00:01.06 ETA=00:59.19 | GPU MB alloc/reserved=279.1/1898.0
2026-04-11 15:59:18 | INFO | [Round 9] epoch=25/80 loss=0.9899 acc=63.00 val_acc=nan data_t=0.0025s batch_t=0.0920s epoch_t=00:01.04 lr=0.000780 | GPU MB alloc/reserved=279.1/1898.0
2026-04-11 15:59:18 | INFO | [Round 9] Epoch 25/80 time=00:01.04 avg=00:01.06 ETA=00:58.10 | GPU MB alloc/reserved=279.1/1898.0
2026-04-11 15:59:19 | INFO | [Round 9] epoch=26/80 loss=0.9655 acc=63.86 val_acc=nan data_t=0.0037s batch_t=0.0923s epoch_t=00:01.06 lr=0.000764 | GPU MB alloc/reserved=279.1/1898.0
2026-04-11 15:59:19 | INFO | [Round 9] Epoch 26/80 time=00:01.06 avg=00:01.06 ETA=00:57.04 | GPU MB alloc/reserved=279.1/1898.0
2026-04-11 15:59:20 | INFO | [Round 9] epoch=27/80 loss=0.8809 acc=67.29 val_acc=nan data_t=0.0044s batch_t=0.0941s epoch_t=00:01.08 lr=0.000747 | GPU MB alloc/reserved=279.1/1898.0
2026-04-11 15:59:20 | INFO | [Round 9] Epoch 27/80 time=00:01.08 avg=00:01.06 ETA=00:56.04 | GPU MB alloc/reserved=279.1/1898.0
2026-04-11 15:59:21 | INFO | [Round 9] epoch=28/80 loss=0.7786 acc=70.29 val_acc=nan data_t=0.0039s batch_t=0.0906s epoch_t=00:01.04 lr=0.000730 | GPU MB alloc/reserved=279.1/1898.0
2026-04-11 15:59:21 | INFO | [Round 9] Epoch 28/80 time=00:01.04 avg=00:01.06 ETA=00:54.95 | GPU MB alloc/reserved=279.1/1898.0
2026-04-11 15:59:22 | INFO | [Round 9] epoch=29/80 loss=0.7125 acc=73.57 val_acc=nan data_t=0.0036s batch_t=0.0922s epoch_t=00:01.05 lr=0.000712 | GPU MB alloc/reserved=279.1/1898.0
2026-04-11 15:59:22 | INFO | [Round 9] Epoch 29/80 time=00:01.05 avg=00:01.06 ETA=00:53.89 | GPU MB alloc/reserved=279.1/1898.0
2026-04-11 15:59:23 | INFO | [Round 9] epoch=30/80 loss=0.7308 acc=74.79 val_acc=nan data_t=0.0036s batch_t=0.0920s epoch_t=00:01.05 lr=0.000694 | GPU MB alloc/reserved=279.1/1898.0
2026-04-11 15:59:23 | INFO | [Round 9] Epoch 30/80 time=00:01.05 avg=00:01.06 ETA=00:52.82 | GPU MB alloc/reserved=279.1/1898.0
2026-04-11 15:59:24 | INFO | [Round 9] epoch=31/80 loss=0.6704 acc=75.14 val_acc=nan data_t=0.0035s batch_t=0.0916s epoch_t=00:01.05 lr=0.000676 | GPU MB alloc/reserved=279.1/1898.0
2026-04-11 15:59:24 | INFO | [Round 9] Epoch 31/80 time=00:01.05 avg=00:01.06 ETA=00:51.75 | GPU MB alloc/reserved=279.1/1898.0
2026-04-11 15:59:25 | INFO | [Round 9] epoch=32/80 loss=0.6185 acc=77.07 val_acc=nan data_t=0.0025s batch_t=0.0935s epoch_t=00:01.06 lr=0.000658 | GPU MB alloc/reserved=279.1/1898.0
2026-04-11 15:59:25 | INFO | [Round 9] Epoch 32/80 time=00:01.06 avg=00:01.06 ETA=00:50.69 | GPU MB alloc/reserved=279.1/1898.0
2026-04-11 15:59:26 | INFO | [Round 9] epoch=33/80 loss=0.6020 acc=77.64 val_acc=nan data_t=0.0060s batch_t=0.0933s epoch_t=00:01.09 lr=0.000639 | GPU MB alloc/reserved=279.1/1898.0
2026-04-11 15:59:26 | INFO | [Round 9] Epoch 33/80 time=00:01.09 avg=00:01.06 ETA=00:49.69 | GPU MB alloc/reserved=279.1/1898.0
2026-04-11 15:59:27 | INFO | [Round 9] epoch=34/80 loss=0.5498 acc=78.79 val_acc=nan data_t=0.0038s batch_t=0.0910s epoch_t=00:01.04 lr=0.000621 | GPU MB alloc/reserved=279.1/1898.0
2026-04-11 15:59:27 | INFO | [Round 9] Epoch 34/80 time=00:01.04 avg=00:01.06 ETA=00:48.61 | GPU MB alloc/reserved=279.1/1898.0
2026-04-11 15:59:28 | INFO | [Round 9] epoch=35/80 loss=0.5127 acc=82.07 val_acc=nan data_t=0.0039s batch_t=0.0924s epoch_t=00:01.06 lr=0.000602 | GPU MB alloc/reserved=279.1/1898.0
2026-04-11 15:59:28 | INFO | [Round 9] Epoch 35/80 time=00:01.06 avg=00:01.06 ETA=00:47.56 | GPU MB alloc/reserved=279.1/1898.0
2026-04-11 15:59:30 | INFO | [Round 9] epoch=36/80 loss=0.4736 acc=82.93 val_acc=nan data_t=0.0023s batch_t=0.0925s epoch_t=00:01.04 lr=0.000582 | GPU MB alloc/reserved=279.1/1898.0
2026-04-11 15:59:30 | INFO | [Round 9] Epoch 36/80 time=00:01.04 avg=00:01.06 ETA=00:46.49 | GPU MB alloc/reserved=279.1/1898.0
2026-04-11 15:59:31 | INFO | [Round 9] epoch=37/80 loss=0.4062 acc=86.36 val_acc=nan data_t=0.0043s batch_t=0.0929s epoch_t=00:01.07 lr=0.000563 | GPU MB alloc/reserved=279.1/1898.0
2026-04-11 15:59:31 | INFO | [Round 9] Epoch 37/80 time=00:01.07 avg=00:01.06 ETA=00:45.44 | GPU MB alloc/reserved=279.1/1898.0
2026-04-11 15:59:32 | INFO | [Round 9] epoch=38/80 loss=0.3906 acc=86.36 val_acc=nan data_t=0.0037s batch_t=0.0919s epoch_t=00:01.05 lr=0.000544 | GPU MB alloc/reserved=279.1/1898.0
2026-04-11 15:59:32 | INFO | [Round 9] Epoch 38/80 time=00:01.05 avg=00:01.06 ETA=00:44.38 | GPU MB alloc/reserved=279.1/1898.0
2026-04-11 15:59:33 | INFO | [Round 9] epoch=39/80 loss=0.3412 acc=88.21 val_acc=nan data_t=0.0023s batch_t=0.0929s epoch_t=00:01.05 lr=0.000524 | GPU MB alloc/reserved=279.1/1898.0
2026-04-11 15:59:33 | INFO | [Round 9] Epoch 39/80 time=00:01.05 avg=00:01.06 ETA=00:43.31 | GPU MB alloc/reserved=279.1/1898.0
2026-04-11 15:59:34 | INFO | [Round 9] epoch=40/80 loss=0.2905 acc=90.43 val_acc=nan data_t=0.0035s batch_t=0.0935s epoch_t=00:01.07 lr=0.000505 | GPU MB alloc/reserved=279.1/1898.0
2026-04-11 15:59:34 | INFO | [Round 9] Epoch 40/80 time=00:01.07 avg=00:01.06 ETA=00:42.27 | GPU MB alloc/reserved=279.1/1898.0
2026-04-11 15:59:35 | INFO | [Round 9] epoch=41/80 loss=0.2766 acc=90.07 val_acc=nan data_t=0.0052s batch_t=0.0948s epoch_t=00:01.10 lr=0.000486 | GPU MB alloc/reserved=279.1/1898.0
2026-04-11 15:59:35 | INFO | [Round 9] Epoch 41/80 time=00:01.10 avg=00:01.06 ETA=00:41.25 | GPU MB alloc/reserved=279.1/1898.0
2026-04-11 15:59:36 | INFO | [Round 9] epoch=42/80 loss=0.2127 acc=93.00 val_acc=nan data_t=0.0049s batch_t=0.0908s epoch_t=00:01.05 lr=0.000466 | GPU MB alloc/reserved=279.1/1898.0
2026-04-11 15:59:36 | INFO | [Round 9] Epoch 42/80 time=00:01.05 avg=00:01.06 ETA=00:40.19 | GPU MB alloc/reserved=279.1/1898.0
2026-04-11 15:59:37 | INFO | [Round 9] epoch=43/80 loss=0.2235 acc=92.64 val_acc=nan data_t=0.0035s batch_t=0.0937s epoch_t=00:01.07 lr=0.000447 | GPU MB alloc/reserved=279.1/1898.0
2026-04-11 15:59:37 | INFO | [Round 9] Epoch 43/80 time=00:01.07 avg=00:01.06 ETA=00:39.14 | GPU MB alloc/reserved=279.1/1898.0
2026-04-11 15:59:38 | INFO | [Round 9] epoch=44/80 loss=0.1866 acc=93.50 val_acc=nan data_t=0.0054s batch_t=0.0925s epoch_t=00:01.08 lr=0.000428 | GPU MB alloc/reserved=279.1/1898.0
2026-04-11 15:59:38 | INFO | [Round 9] Epoch 44/80 time=00:01.08 avg=00:01.06 ETA=00:38.10 | GPU MB alloc/reserved=279.1/1898.0
2026-04-11 15:59:39 | INFO | [Round 9] epoch=45/80 loss=0.1777 acc=94.00 val_acc=nan data_t=0.0026s batch_t=0.0925s epoch_t=00:01.05 lr=0.000408 | GPU MB alloc/reserved=279.1/1898.0
2026-04-11 15:59:39 | INFO | [Round 9] Epoch 45/80 time=00:01.05 avg=00:01.06 ETA=00:37.03 | GPU MB alloc/reserved=279.1/1898.0
2026-04-11 15:59:40 | INFO | [Round 9] epoch=46/80 loss=0.1597 acc=94.64 val_acc=nan data_t=0.0039s batch_t=0.0925s epoch_t=00:01.06 lr=0.000389 | GPU MB alloc/reserved=279.1/1898.0
2026-04-11 15:59:40 | INFO | [Round 9] Epoch 46/80 time=00:01.06 avg=00:01.06 ETA=00:35.98 | GPU MB alloc/reserved=279.1/1898.0
2026-04-11 15:59:41 | INFO | [Round 9] epoch=47/80 loss=0.1267 acc=96.50 val_acc=nan data_t=0.0032s batch_t=0.0933s epoch_t=00:01.06 lr=0.000371 | GPU MB alloc/reserved=279.1/1898.0
2026-04-11 15:59:41 | INFO | [Round 9] Epoch 47/80 time=00:01.06 avg=00:01.06 ETA=00:34.92 | GPU MB alloc/reserved=279.1/1898.0
2026-04-11 15:59:42 | INFO | [Round 9] epoch=48/80 loss=0.1149 acc=96.93 val_acc=nan data_t=0.0037s batch_t=0.0925s epoch_t=00:01.06 lr=0.000352 | GPU MB alloc/reserved=279.1/1898.0
2026-04-11 15:59:42 | INFO | [Round 9] Epoch 48/80 time=00:01.06 avg=00:01.06 ETA=00:33.86 | GPU MB alloc/reserved=279.1/1898.0
2026-04-11 15:59:43 | INFO | [Round 9] epoch=49/80 loss=0.0954 acc=97.43 val_acc=nan data_t=0.0032s batch_t=0.0922s epoch_t=00:01.05 lr=0.000334 | GPU MB alloc/reserved=279.1/1898.0
2026-04-11 15:59:43 | INFO | [Round 9] Epoch 49/80 time=00:01.05 avg=00:01.06 ETA=00:32.80 | GPU MB alloc/reserved=279.1/1898.0
2026-04-11 15:59:44 | INFO | [Round 9] epoch=50/80 loss=0.0885 acc=97.64 val_acc=nan data_t=0.0037s batch_t=0.0933s epoch_t=00:01.07 lr=0.000316 | GPU MB alloc/reserved=279.1/1898.0
2026-04-11 15:59:44 | INFO | [Round 9] Epoch 50/80 time=00:01.07 avg=00:01.06 ETA=00:31.75 | GPU MB alloc/reserved=279.1/1898.0
2026-04-11 15:59:45 | INFO | [Round 9] epoch=51/80 loss=0.0696 acc=98.43 val_acc=nan data_t=0.0038s batch_t=0.0786s epoch_t=00:00.91 lr=0.000298 | GPU MB alloc/reserved=279.1/1898.0
2026-04-11 15:59:45 | INFO | [Round 9] Epoch 51/80 time=00:00.91 avg=00:01.06 ETA=00:30.60 | GPU MB alloc/reserved=279.1/1898.0
2026-04-11 15:59:46 | INFO | [Round 9] epoch=52/80 loss=0.0585 acc=98.57 val_acc=nan data_t=0.0037s batch_t=0.0945s epoch_t=00:01.08 lr=0.000280 | GPU MB alloc/reserved=279.1/1898.0
2026-04-11 15:59:46 | INFO | [Round 9] Epoch 52/80 time=00:01.08 avg=00:01.06 ETA=00:29.56 | GPU MB alloc/reserved=279.1/1898.0
2026-04-11 15:59:48 | INFO | [Round 9] epoch=53/80 loss=0.0518 acc=98.86 val_acc=nan data_t=0.0032s batch_t=0.1021s epoch_t=00:01.16 lr=0.000263 | GPU MB alloc/reserved=279.1/1898.0
2026-04-11 15:59:48 | INFO | [Round 9] Epoch 53/80 time=00:01.16 avg=00:01.06 ETA=00:28.56 | GPU MB alloc/reserved=279.1/1898.0
2026-04-11 15:59:49 | INFO | [Round 9] epoch=54/80 loss=0.0449 acc=99.21 val_acc=nan data_t=0.0039s batch_t=0.0986s epoch_t=00:01.13 lr=0.000246 | GPU MB alloc/reserved=279.1/1898.0
2026-04-11 15:59:49 | INFO | [Round 9] Epoch 54/80 time=00:01.13 avg=00:01.06 ETA=00:27.53 | GPU MB alloc/reserved=279.1/1898.0
2026-04-11 15:59:50 | INFO | [Round 9] epoch=55/80 loss=0.0431 acc=99.14 val_acc=nan data_t=0.0025s batch_t=0.1013s epoch_t=00:01.14 lr=0.000230 | GPU MB alloc/reserved=279.1/1898.0
2026-04-11 15:59:50 | INFO | [Round 9] Epoch 55/80 time=00:01.14 avg=00:01.06 ETA=00:26.51 | GPU MB alloc/reserved=279.1/1898.0
2026-04-11 15:59:51 | INFO | [Round 9] epoch=56/80 loss=0.0343 acc=99.29 val_acc=nan data_t=0.0035s batch_t=0.1016s epoch_t=00:01.16 lr=0.000214 | GPU MB alloc/reserved=279.1/1898.0
2026-04-11 15:59:51 | INFO | [Round 9] Epoch 56/80 time=00:01.16 avg=00:01.06 ETA=00:25.49 | GPU MB alloc/reserved=279.1/1898.0
2026-04-11 15:59:52 | INFO | [Round 9] epoch=57/80 loss=0.0345 acc=99.14 val_acc=nan data_t=0.0036s batch_t=0.1010s epoch_t=00:01.15 lr=0.000199 | GPU MB alloc/reserved=279.1/1898.0
2026-04-11 15:59:52 | INFO | [Round 9] Epoch 57/80 time=00:01.15 avg=00:01.06 ETA=00:24.47 | GPU MB alloc/reserved=279.1/1898.0
2026-04-11 15:59:53 | INFO | [Round 9] epoch=58/80 loss=0.0228 acc=99.79 val_acc=nan data_t=0.0040s batch_t=0.1008s epoch_t=00:01.15 lr=0.000184 | GPU MB alloc/reserved=279.1/1898.0
2026-04-11 15:59:53 | INFO | [Round 9] Epoch 58/80 time=00:01.15 avg=00:01.07 ETA=00:23.44 | GPU MB alloc/reserved=279.1/1898.0
2026-04-11 15:59:54 | INFO | [Round 9] epoch=59/80 loss=0.0260 acc=99.57 val_acc=nan data_t=0.0035s batch_t=0.0909s epoch_t=00:01.04 lr=0.000169 | GPU MB alloc/reserved=279.1/1898.0
2026-04-11 15:59:54 | INFO | [Round 9] Epoch 59/80 time=00:01.04 avg=00:01.06 ETA=00:22.36 | GPU MB alloc/reserved=279.1/1898.0
2026-04-11 15:59:55 | INFO | [Round 9] epoch=60/80 loss=0.0204 acc=99.71 val_acc=nan data_t=0.0034s batch_t=0.0616s epoch_t=00:00.71 lr=0.000155 | GPU MB alloc/reserved=279.1/1898.0
2026-04-11 15:59:55 | INFO | [Round 9] Epoch 60/80 time=00:00.71 avg=00:01.06 ETA=00:21.18 | GPU MB alloc/reserved=279.1/1898.0
2026-04-11 15:59:56 | INFO | [Round 9] epoch=61/80 loss=0.0194 acc=99.71 val_acc=nan data_t=0.0042s batch_t=0.0763s epoch_t=00:00.89 lr=0.000142 | GPU MB alloc/reserved=279.1/1898.0
2026-04-11 15:59:56 | INFO | [Round 9] Epoch 61/80 time=00:00.89 avg=00:01.06 ETA=00:20.07 | GPU MB alloc/reserved=279.1/1898.0
2026-04-11 15:59:57 | INFO | [Round 9] epoch=62/80 loss=0.0159 acc=99.93 val_acc=nan data_t=0.0025s batch_t=0.0626s epoch_t=00:00.72 lr=0.000129 | GPU MB alloc/reserved=279.1/1898.0
2026-04-11 15:59:57 | INFO | [Round 9] Epoch 62/80 time=00:00.72 avg=00:01.05 ETA=00:18.91 | GPU MB alloc/reserved=279.1/1898.0
2026-04-11 15:59:58 | INFO | [Round 9] epoch=63/80 loss=0.0214 acc=99.79 val_acc=nan data_t=0.0027s batch_t=0.0930s epoch_t=00:01.05 lr=0.000116 | GPU MB alloc/reserved=279.1/1898.0
2026-04-11 15:59:58 | INFO | [Round 9] Epoch 63/80 time=00:01.05 avg=00:01.05 ETA=00:17.86 | GPU MB alloc/reserved=279.1/1898.0
2026-04-11 15:59:59 | INFO | [Round 9] epoch=64/80 loss=0.0238 acc=99.64 val_acc=nan data_t=0.0027s batch_t=0.0871s epoch_t=00:00.99 lr=0.000105 | GPU MB alloc/reserved=279.1/1898.0
2026-04-11 15:59:59 | INFO | [Round 9] Epoch 64/80 time=00:00.99 avg=00:01.05 ETA=00:16.80 | GPU MB alloc/reserved=279.1/1898.0
2026-04-11 16:00:00 | INFO | [Round 9] epoch=65/80 loss=0.0147 acc=99.86 val_acc=nan data_t=0.0040s batch_t=0.0906s epoch_t=00:01.04 lr=0.000093 | GPU MB alloc/reserved=279.1/1898.0
2026-04-11 16:00:00 | INFO | [Round 9] Epoch 65/80 time=00:01.04 avg=00:01.05 ETA=00:15.74 | GPU MB alloc/reserved=279.1/1898.0
2026-04-11 16:00:01 | INFO | [Round 9] epoch=66/80 loss=0.0126 acc=100.00 val_acc=nan data_t=0.0037s batch_t=0.0924s epoch_t=00:01.06 lr=0.000083 | GPU MB alloc/reserved=279.1/1898.0
2026-04-11 16:00:01 | INFO | [Round 9] Epoch 66/80 time=00:01.06 avg=00:01.05 ETA=00:14.70 | GPU MB alloc/reserved=279.1/1898.0
2026-04-11 16:00:02 | INFO | [Round 9] epoch=67/80 loss=0.0119 acc=99.86 val_acc=nan data_t=0.0041s batch_t=0.0937s epoch_t=00:01.08 lr=0.000073 | GPU MB alloc/reserved=279.1/1898.0
2026-04-11 16:00:02 | INFO | [Round 9] Epoch 67/80 time=00:01.08 avg=00:01.05 ETA=00:13.65 | GPU MB alloc/reserved=279.1/1898.0
2026-04-11 16:00:03 | INFO | [Round 9] epoch=68/80 loss=0.0127 acc=99.93 val_acc=nan data_t=0.0041s batch_t=0.0914s epoch_t=00:01.05 lr=0.000064 | GPU MB alloc/reserved=279.1/1898.0
2026-04-11 16:00:03 | INFO | [Round 9] Epoch 68/80 time=00:01.05 avg=00:01.05 ETA=00:12.60 | GPU MB alloc/reserved=279.1/1898.0
2026-04-11 16:00:04 | INFO | [Round 9] epoch=69/80 loss=0.0115 acc=99.93 val_acc=nan data_t=0.0028s batch_t=0.0913s epoch_t=00:01.03 lr=0.000055 | GPU MB alloc/reserved=279.1/1898.0
2026-04-11 16:00:04 | INFO | [Round 9] Epoch 69/80 time=00:01.03 avg=00:01.05 ETA=00:11.55 | GPU MB alloc/reserved=279.1/1898.0
2026-04-11 16:00:05 | INFO | [Round 9] epoch=70/80 loss=0.0095 acc=100.00 val_acc=nan data_t=0.0040s batch_t=0.0690s epoch_t=00:00.80 lr=0.000048 | GPU MB alloc/reserved=279.1/1898.0
2026-04-11 16:00:05 | INFO | [Round 9] Epoch 70/80 time=00:00.80 avg=00:01.05 ETA=00:10.46 | GPU MB alloc/reserved=279.1/1898.0
2026-04-11 16:00:06 | INFO | [Round 9] epoch=71/80 loss=0.0103 acc=100.00 val_acc=nan data_t=0.0027s batch_t=0.0993s epoch_t=00:01.12 lr=0.000041 | GPU MB alloc/reserved=279.1/1898.0
2026-04-11 16:00:06 | INFO | [Round 9] Epoch 71/80 time=00:01.12 avg=00:01.05 ETA=00:09.43 | GPU MB alloc/reserved=279.1/1898.0
2026-04-11 16:00:07 | INFO | [Round 9] epoch=72/80 loss=0.0113 acc=99.93 val_acc=nan data_t=0.0040s batch_t=0.1030s epoch_t=00:01.18 lr=0.000034 | GPU MB alloc/reserved=279.1/1898.0
2026-04-11 16:00:07 | INFO | [Round 9] Epoch 72/80 time=00:01.18 avg=00:01.05 ETA=00:08.39 | GPU MB alloc/reserved=279.1/1898.0
2026-04-11 16:00:08 | INFO | [Round 9] epoch=73/80 loss=0.0093 acc=100.00 val_acc=nan data_t=0.0040s batch_t=0.1010s epoch_t=00:01.16 lr=0.000029 | GPU MB alloc/reserved=279.1/1898.0
2026-04-11 16:00:08 | INFO | [Round 9] Epoch 73/80 time=00:01.16 avg=00:01.05 ETA=00:07.35 | GPU MB alloc/reserved=279.1/1898.0
2026-04-11 16:00:09 | INFO | [Round 9] epoch=74/80 loss=0.0103 acc=100.00 val_acc=nan data_t=0.0040s batch_t=0.1011s epoch_t=00:01.16 lr=0.000024 | GPU MB alloc/reserved=279.1/1898.0
2026-04-11 16:00:09 | INFO | [Round 9] Epoch 74/80 time=00:01.16 avg=00:01.05 ETA=00:06.31 | GPU MB alloc/reserved=279.1/1898.0
2026-04-11 16:00:11 | INFO | [Round 9] epoch=75/80 loss=0.0090 acc=100.00 val_acc=nan data_t=0.0040s batch_t=0.1014s epoch_t=00:01.16 lr=0.000020 | GPU MB alloc/reserved=279.1/1898.0
2026-04-11 16:00:11 | INFO | [Round 9] Epoch 75/80 time=00:01.16 avg=00:01.05 ETA=00:05.27 | GPU MB alloc/reserved=279.1/1898.0
2026-04-11 16:00:12 | INFO | [Round 9] epoch=76/80 loss=0.0101 acc=100.00 val_acc=nan data_t=0.0026s batch_t=0.1007s epoch_t=00:01.14 lr=0.000016 | GPU MB alloc/reserved=279.1/1898.0
2026-04-11 16:00:12 | INFO | [Round 9] Epoch 76/80 time=00:01.14 avg=00:01.05 ETA=00:04.22 | GPU MB alloc/reserved=279.1/1898.0
2026-04-11 16:00:13 | INFO | [Round 9] epoch=77/80 loss=0.0091 acc=100.00 val_acc=nan data_t=0.0030s batch_t=0.1015s epoch_t=00:01.15 lr=0.000013 | GPU MB alloc/reserved=279.1/1898.0
2026-04-11 16:00:13 | INFO | [Round 9] Epoch 77/80 time=00:01.15 avg=00:01.06 ETA=00:03.17 | GPU MB alloc/reserved=279.1/1898.0
2026-04-11 16:00:14 | INFO | [Round 9] epoch=78/80 loss=0.0090 acc=100.00 val_acc=nan data_t=0.0028s batch_t=0.0792s epoch_t=00:00.90 lr=0.000012 | GPU MB alloc/reserved=279.1/1898.0
2026-04-11 16:00:14 | INFO | [Round 9] Epoch 78/80 time=00:00.90 avg=00:01.05 ETA=00:02.11 | GPU MB alloc/reserved=279.1/1898.0
2026-04-11 16:00:15 | INFO | [Round 9] epoch=79/80 loss=0.0095 acc=100.00 val_acc=nan data_t=0.0033s batch_t=0.0611s epoch_t=00:00.71 lr=0.000010 | GPU MB alloc/reserved=279.1/1898.0
2026-04-11 16:00:15 | INFO | [Round 9] Epoch 79/80 time=00:00.71 avg=00:01.05 ETA=00:01.05 | GPU MB alloc/reserved=279.1/1898.0
2026-04-11 16:00:15 | INFO | [Round 9] epoch=80/80 loss=0.0084 acc=100.00 val_acc=nan data_t=0.0029s batch_t=0.0708s epoch_t=00:00.81 lr=0.000010 | GPU MB alloc/reserved=279.1/1898.0
2026-04-11 16:00:15 | INFO | [Round 9] Epoch 80/80 time=00:00.81 avg=00:01.05 ETA=00:00.00 | GPU MB alloc/reserved=279.1/1898.0
2026-04-11 16:00:15 | INFO | [Round 9] training complete in 01:24.07 (best monitor=100.000) | GPU MB alloc/reserved=279.1/1898.0
2026-04-11 16:00:15 | INFO | [Round 9] evaluation started | GPU MB alloc/reserved=192.0/1898.0
2026-04-11 16:00:24 | INFO | [Round 9] clean=57.07 fgsm=45.38 pgd=45.05 grad_disp_mean=nan grad_disp_sel=nan round_t=94.36s | GPU MB alloc/reserved=192.0/1898.0
2026-04-11 16:00:24 | INFO | [Round 10/21] elapsed=01:34.36 avg_round=01:08.27 projected_remaining=12:30.99 | GPU MB alloc/reserved=192.0/1898.0
2026-04-11 16:00:25 | INFO | [Round 10] acquisition on pool_size=48600 scored_pool=5000 budget=100 | GPU MB alloc/reserved=105.1/1898.0
2026-04-11 16:00:25 | INFO | [BADGE] scoring progress 10/20 elapsed=00:00.39 avg/batch=0.039s ETA=00:00.39 | GPU MB alloc/reserved=113.6/1898.0
2026-04-11 16:00:26 | INFO | [BADGE] scoring progress 20/20 elapsed=00:00.59 avg/batch=0.029s ETA=00:00.00 | GPU MB alloc/reserved=110.3/1898.0
2026-04-11 16:00:27 | INFO | [Round 10] labeled=1500 train=1500 val_fixed=0 | GPU MB alloc/reserved=150.0/1898.0
2026-04-11 16:00:28 | INFO | [Round 10] epoch=1/80 loss=2.2736 acc=18.80 val_acc=nan data_t=0.0163s batch_t=0.0977s epoch_t=00:01.37 lr=0.001000 | GPU MB alloc/reserved=279.5/1898.0
2026-04-11 16:00:28 | INFO | [Round 10] Epoch 1/80 time=00:01.37 avg=00:01.37 ETA=01:48.11 | GPU MB alloc/reserved=279.5/1898.0
2026-04-11 16:00:29 | INFO | [Round 10] epoch=2/80 loss=2.0275 acc=24.00 val_acc=nan data_t=0.0038s batch_t=0.0902s epoch_t=00:01.13 lr=0.000998 | GPU MB alloc/reserved=279.5/1898.0
2026-04-11 16:00:29 | INFO | [Round 10] Epoch 2/80 time=00:01.13 avg=00:01.25 ETA=01:37.37 | GPU MB alloc/reserved=279.5/1898.0
2026-04-11 16:00:30 | INFO | [Round 10] epoch=3/80 loss=1.9087 acc=26.93 val_acc=nan data_t=0.0036s batch_t=0.0912s epoch_t=00:01.14 lr=0.000997 | GPU MB alloc/reserved=279.5/1898.0
2026-04-11 16:00:30 | INFO | [Round 10] Epoch 3/80 time=00:01.14 avg=00:01.21 ETA=01:33.29 | GPU MB alloc/reserved=279.5/1898.0
2026-04-11 16:00:31 | INFO | [Round 10] epoch=4/80 loss=1.8700 acc=28.87 val_acc=nan data_t=0.0036s batch_t=0.0905s epoch_t=00:01.13 lr=0.000994 | GPU MB alloc/reserved=279.5/1898.0
2026-04-11 16:00:31 | INFO | [Round 10] Epoch 4/80 time=00:01.13 avg=00:01.19 ETA=01:30.52 | GPU MB alloc/reserved=279.5/1898.0
2026-04-11 16:00:33 | INFO | [Round 10] epoch=5/80 loss=1.8156 acc=29.80 val_acc=nan data_t=0.0026s batch_t=0.0934s epoch_t=00:01.15 lr=0.000990 | GPU MB alloc/reserved=279.5/1898.0
2026-04-11 16:00:33 | INFO | [Round 10] Epoch 5/80 time=00:01.15 avg=00:01.18 ETA=01:28.74 | GPU MB alloc/reserved=279.5/1898.0
2026-04-11 16:00:34 | INFO | [Round 10] epoch=6/80 loss=1.7428 acc=32.07 val_acc=nan data_t=0.0034s batch_t=0.0912s epoch_t=00:01.14 lr=0.000986 | GPU MB alloc/reserved=279.5/1898.0
2026-04-11 16:00:34 | INFO | [Round 10] Epoch 6/80 time=00:01.14 avg=00:01.18 ETA=01:26.97 | GPU MB alloc/reserved=279.5/1898.0
2026-04-11 16:00:35 | INFO | [Round 10] epoch=7/80 loss=1.7220 acc=34.47 val_acc=nan data_t=0.0033s batch_t=0.0909s epoch_t=00:01.13 lr=0.000981 | GPU MB alloc/reserved=279.5/1898.0
2026-04-11 16:00:35 | INFO | [Round 10] Epoch 7/80 time=00:01.13 avg=00:01.17 ETA=01:25.33 | GPU MB alloc/reserved=279.5/1898.0
2026-04-11 16:00:36 | INFO | [Round 10] epoch=8/80 loss=1.6472 acc=37.00 val_acc=nan data_t=0.0036s batch_t=0.0912s epoch_t=00:01.14 lr=0.000976 | GPU MB alloc/reserved=279.5/1898.0
2026-04-11 16:00:36 | INFO | [Round 10] Epoch 8/80 time=00:01.14 avg=00:01.16 ETA=01:23.87 | GPU MB alloc/reserved=279.5/1898.0
2026-04-11 16:00:37 | INFO | [Round 10] epoch=9/80 loss=1.6131 acc=38.00 val_acc=nan data_t=0.0035s batch_t=0.0901s epoch_t=00:01.12 lr=0.000969 | GPU MB alloc/reserved=279.5/1898.0
2026-04-11 16:00:37 | INFO | [Round 10] Epoch 9/80 time=00:01.12 avg=00:01.16 ETA=01:22.38 | GPU MB alloc/reserved=279.5/1898.0
2026-04-11 16:00:38 | INFO | [Round 10] epoch=10/80 loss=1.6123 acc=37.93 val_acc=nan data_t=0.0030s batch_t=0.0919s epoch_t=00:01.14 lr=0.000962 | GPU MB alloc/reserved=279.5/1898.0
2026-04-11 16:00:38 | INFO | [Round 10] Epoch 10/80 time=00:01.14 avg=00:01.16 ETA=01:21.07 | GPU MB alloc/reserved=279.5/1898.0
2026-04-11 16:00:39 | INFO | [Round 10] epoch=11/80 loss=1.5801 acc=38.87 val_acc=nan data_t=0.0027s batch_t=0.0907s epoch_t=00:01.12 lr=0.000955 | GPU MB alloc/reserved=279.5/1898.0
2026-04-11 16:00:39 | INFO | [Round 10] Epoch 11/80 time=00:01.12 avg=00:01.15 ETA=01:19.68 | GPU MB alloc/reserved=279.5/1898.0
2026-04-11 16:00:41 | INFO | [Round 10] epoch=12/80 loss=1.5421 acc=40.40 val_acc=nan data_t=0.0040s batch_t=0.0904s epoch_t=00:01.13 lr=0.000946 | GPU MB alloc/reserved=279.5/1898.0
2026-04-11 16:00:41 | INFO | [Round 10] Epoch 12/80 time=00:01.13 avg=00:01.15 ETA=01:18.40 | GPU MB alloc/reserved=279.5/1898.0
2026-04-11 16:00:42 | INFO | [Round 10] epoch=13/80 loss=1.4975 acc=43.07 val_acc=nan data_t=0.0026s batch_t=0.0909s epoch_t=00:01.12 lr=0.000937 | GPU MB alloc/reserved=279.5/1898.0
2026-04-11 16:00:42 | INFO | [Round 10] Epoch 13/80 time=00:01.12 avg=00:01.15 ETA=01:17.10 | GPU MB alloc/reserved=279.5/1898.0
2026-04-11 16:00:43 | INFO | [Round 10] epoch=14/80 loss=1.5008 acc=41.00 val_acc=nan data_t=0.0023s batch_t=0.0916s epoch_t=00:01.13 lr=0.000927 | GPU MB alloc/reserved=279.5/1898.0
2026-04-11 16:00:43 | INFO | [Round 10] Epoch 14/80 time=00:01.13 avg=00:01.15 ETA=01:15.83 | GPU MB alloc/reserved=279.5/1898.0
2026-04-11 16:00:44 | INFO | [Round 10] epoch=15/80 loss=1.4251 acc=44.47 val_acc=nan data_t=0.0029s batch_t=0.0914s epoch_t=00:01.13 lr=0.000917 | GPU MB alloc/reserved=279.5/1898.0
2026-04-11 16:00:44 | INFO | [Round 10] Epoch 15/80 time=00:01.13 avg=00:01.15 ETA=01:14.61 | GPU MB alloc/reserved=279.5/1898.0
2026-04-11 16:00:45 | INFO | [Round 10] epoch=16/80 loss=1.3750 acc=49.07 val_acc=nan data_t=0.0025s batch_t=0.0930s epoch_t=00:01.15 lr=0.000905 | GPU MB alloc/reserved=279.5/1898.0
2026-04-11 16:00:45 | INFO | [Round 10] Epoch 16/80 time=00:01.15 avg=00:01.15 ETA=01:13.45 | GPU MB alloc/reserved=279.5/1898.0
2026-04-11 16:00:46 | INFO | [Round 10] epoch=17/80 loss=1.3326 acc=49.80 val_acc=nan data_t=0.0036s batch_t=0.0917s epoch_t=00:01.14 lr=0.000894 | GPU MB alloc/reserved=279.5/1898.0
2026-04-11 16:00:46 | INFO | [Round 10] Epoch 17/80 time=00:01.14 avg=00:01.15 ETA=01:12.29 | GPU MB alloc/reserved=279.5/1898.0
2026-04-11 16:00:47 | INFO | [Round 10] epoch=18/80 loss=1.2590 acc=50.40 val_acc=nan data_t=0.0034s batch_t=0.0909s epoch_t=00:01.13 lr=0.000881 | GPU MB alloc/reserved=279.5/1898.0
2026-04-11 16:00:47 | INFO | [Round 10] Epoch 18/80 time=00:01.13 avg=00:01.15 ETA=01:11.09 | GPU MB alloc/reserved=279.5/1898.0
2026-04-11 16:00:48 | INFO | [Round 10] epoch=19/80 loss=1.2585 acc=51.93 val_acc=nan data_t=0.0025s batch_t=0.0904s epoch_t=00:01.12 lr=0.000868 | GPU MB alloc/reserved=279.5/1898.0
2026-04-11 16:00:48 | INFO | [Round 10] Epoch 19/80 time=00:01.12 avg=00:01.14 ETA=01:09.84 | GPU MB alloc/reserved=279.5/1898.0
2026-04-11 16:00:50 | INFO | [Round 10] epoch=20/80 loss=1.2145 acc=52.87 val_acc=nan data_t=0.0033s batch_t=0.0897s epoch_t=00:01.12 lr=0.000855 | GPU MB alloc/reserved=279.5/1898.0
2026-04-11 16:00:50 | INFO | [Round 10] Epoch 20/80 time=00:01.12 avg=00:01.14 ETA=01:08.61 | GPU MB alloc/reserved=279.5/1898.0
2026-04-11 16:00:51 | INFO | [Round 10] epoch=21/80 loss=1.1575 acc=55.60 val_acc=nan data_t=0.0035s batch_t=0.0906s epoch_t=00:01.13 lr=0.000841 | GPU MB alloc/reserved=279.5/1898.0
2026-04-11 16:00:51 | INFO | [Round 10] Epoch 21/80 time=00:01.13 avg=00:01.14 ETA=01:07.43 | GPU MB alloc/reserved=279.5/1898.0
2026-04-11 16:00:52 | INFO | [Round 10] epoch=22/80 loss=1.1169 acc=56.27 val_acc=nan data_t=0.0033s batch_t=0.0931s epoch_t=00:01.16 lr=0.000826 | GPU MB alloc/reserved=279.5/1898.0
2026-04-11 16:00:52 | INFO | [Round 10] Epoch 22/80 time=00:01.16 avg=00:01.14 ETA=01:06.32 | GPU MB alloc/reserved=279.5/1898.0
2026-04-11 16:00:53 | INFO | [Round 10] epoch=23/80 loss=1.0391 acc=60.60 val_acc=nan data_t=0.0031s batch_t=0.0908s epoch_t=00:01.13 lr=0.000811 | GPU MB alloc/reserved=279.5/1898.0
2026-04-11 16:00:53 | INFO | [Round 10] Epoch 23/80 time=00:01.13 avg=00:01.14 ETA=01:05.14 | GPU MB alloc/reserved=279.5/1898.0
2026-04-11 16:00:54 | INFO | [Round 10] epoch=24/80 loss=0.9871 acc=60.53 val_acc=nan data_t=0.0058s batch_t=0.0904s epoch_t=00:01.15 lr=0.000796 | GPU MB alloc/reserved=279.5/1898.0
2026-04-11 16:00:54 | INFO | [Round 10] Epoch 24/80 time=00:01.15 avg=00:01.14 ETA=01:04.02 | GPU MB alloc/reserved=279.5/1898.0
2026-04-11 16:00:55 | INFO | [Round 10] epoch=25/80 loss=0.9444 acc=64.53 val_acc=nan data_t=0.0029s batch_t=0.0926s epoch_t=00:01.15 lr=0.000780 | GPU MB alloc/reserved=279.5/1898.0
2026-04-11 16:00:55 | INFO | [Round 10] Epoch 25/80 time=00:01.15 avg=00:01.14 ETA=01:02.89 | GPU MB alloc/reserved=279.5/1898.0
2026-04-11 16:00:56 | INFO | [Round 10] epoch=26/80 loss=0.9016 acc=65.20 val_acc=nan data_t=0.0037s batch_t=0.0906s epoch_t=00:01.13 lr=0.000764 | GPU MB alloc/reserved=279.5/1898.0
2026-04-11 16:00:56 | INFO | [Round 10] Epoch 26/80 time=00:01.13 avg=00:01.14 ETA=01:01.72 | GPU MB alloc/reserved=279.5/1898.0
2026-04-11 16:00:58 | INFO | [Round 10] epoch=27/80 loss=0.8829 acc=65.73 val_acc=nan data_t=0.0028s batch_t=0.0910s epoch_t=00:01.13 lr=0.000747 | GPU MB alloc/reserved=279.5/1898.0
2026-04-11 16:00:58 | INFO | [Round 10] Epoch 27/80 time=00:01.13 avg=00:01.14 ETA=01:00.55 | GPU MB alloc/reserved=279.5/1898.0
2026-04-11 16:00:59 | INFO | [Round 10] epoch=28/80 loss=0.8790 acc=67.80 val_acc=nan data_t=0.0028s batch_t=0.0917s epoch_t=00:01.13 lr=0.000730 | GPU MB alloc/reserved=279.5/1898.0
2026-04-11 16:00:59 | INFO | [Round 10] Epoch 28/80 time=00:01.13 avg=00:01.14 ETA=00:59.39 | GPU MB alloc/reserved=279.5/1898.0
2026-04-11 16:01:00 | INFO | [Round 10] epoch=29/80 loss=0.7906 acc=69.80 val_acc=nan data_t=0.0036s batch_t=0.0908s epoch_t=00:01.13 lr=0.000712 | GPU MB alloc/reserved=279.5/1898.0
2026-04-11 16:01:00 | INFO | [Round 10] Epoch 29/80 time=00:01.13 avg=00:01.14 ETA=00:58.23 | GPU MB alloc/reserved=279.5/1898.0
2026-04-11 16:01:01 | INFO | [Round 10] epoch=30/80 loss=0.7628 acc=70.80 val_acc=nan data_t=0.0036s batch_t=0.0922s epoch_t=00:01.15 lr=0.000694 | GPU MB alloc/reserved=279.5/1898.0
2026-04-11 16:01:01 | INFO | [Round 10] Epoch 30/80 time=00:01.15 avg=00:01.14 ETA=00:57.10 | GPU MB alloc/reserved=279.5/1898.0
2026-04-11 16:01:02 | INFO | [Round 10] epoch=31/80 loss=0.6698 acc=76.40 val_acc=nan data_t=0.0024s batch_t=0.0926s epoch_t=00:01.14 lr=0.000676 | GPU MB alloc/reserved=279.5/1898.0
2026-04-11 16:01:02 | INFO | [Round 10] Epoch 31/80 time=00:01.14 avg=00:01.14 ETA=00:55.95 | GPU MB alloc/reserved=279.5/1898.0
2026-04-11 16:01:03 | INFO | [Round 10] epoch=32/80 loss=0.5791 acc=79.33 val_acc=nan data_t=0.0034s batch_t=0.0908s epoch_t=00:01.13 lr=0.000658 | GPU MB alloc/reserved=279.5/1898.0
2026-04-11 16:01:03 | INFO | [Round 10] Epoch 32/80 time=00:01.13 avg=00:01.14 ETA=00:54.79 | GPU MB alloc/reserved=279.5/1898.0
2026-04-11 16:01:04 | INFO | [Round 10] epoch=33/80 loss=0.4990 acc=82.80 val_acc=nan data_t=0.0021s batch_t=0.0914s epoch_t=00:01.12 lr=0.000639 | GPU MB alloc/reserved=279.5/1898.0
2026-04-11 16:01:04 | INFO | [Round 10] Epoch 33/80 time=00:01.12 avg=00:01.14 ETA=00:53.63 | GPU MB alloc/reserved=279.5/1898.0
2026-04-11 16:01:06 | INFO | [Round 10] epoch=34/80 loss=0.4890 acc=83.07 val_acc=nan data_t=0.0031s batch_t=0.0909s epoch_t=00:01.13 lr=0.000621 | GPU MB alloc/reserved=279.5/1898.0
2026-04-11 16:01:06 | INFO | [Round 10] Epoch 34/80 time=00:01.13 avg=00:01.14 ETA=00:52.47 | GPU MB alloc/reserved=279.5/1898.0
2026-04-11 16:01:07 | INFO | [Round 10] epoch=35/80 loss=0.5137 acc=81.13 val_acc=nan data_t=0.0023s batch_t=0.0904s epoch_t=00:01.11 lr=0.000602 | GPU MB alloc/reserved=279.5/1898.0
2026-04-11 16:01:07 | INFO | [Round 10] Epoch 35/80 time=00:01.11 avg=00:01.14 ETA=00:51.29 | GPU MB alloc/reserved=279.5/1898.0
2026-04-11 16:01:08 | INFO | [Round 10] epoch=36/80 loss=0.4528 acc=83.33 val_acc=nan data_t=0.0025s batch_t=0.0917s epoch_t=00:01.13 lr=0.000582 | GPU MB alloc/reserved=279.5/1898.0
2026-04-11 16:01:08 | INFO | [Round 10] Epoch 36/80 time=00:01.13 avg=00:01.14 ETA=00:50.14 | GPU MB alloc/reserved=279.5/1898.0
2026-04-11 16:01:09 | INFO | [Round 10] epoch=37/80 loss=0.4201 acc=84.73 val_acc=nan data_t=0.0034s batch_t=0.0910s epoch_t=00:01.13 lr=0.000563 | GPU MB alloc/reserved=279.5/1898.0
2026-04-11 16:01:09 | INFO | [Round 10] Epoch 37/80 time=00:01.13 avg=00:01.14 ETA=00:48.99 | GPU MB alloc/reserved=279.5/1898.0
2026-04-11 16:01:10 | INFO | [Round 10] epoch=38/80 loss=0.3954 acc=85.67 val_acc=nan data_t=0.0034s batch_t=0.0907s epoch_t=00:01.13 lr=0.000544 | GPU MB alloc/reserved=279.5/1898.0
2026-04-11 16:01:10 | INFO | [Round 10] Epoch 38/80 time=00:01.13 avg=00:01.14 ETA=00:47.84 | GPU MB alloc/reserved=279.5/1898.0
2026-04-11 16:01:11 | INFO | [Round 10] epoch=39/80 loss=0.3172 acc=88.27 val_acc=nan data_t=0.0036s batch_t=0.0920s epoch_t=00:01.15 lr=0.000524 | GPU MB alloc/reserved=279.5/1898.0
2026-04-11 16:01:11 | INFO | [Round 10] Epoch 39/80 time=00:01.15 avg=00:01.14 ETA=00:46.71 | GPU MB alloc/reserved=279.5/1898.0
2026-04-11 16:01:12 | INFO | [Round 10] epoch=40/80 loss=0.2738 acc=91.40 val_acc=nan data_t=0.0041s batch_t=0.0922s epoch_t=00:01.16 lr=0.000505 | GPU MB alloc/reserved=279.5/1898.0
2026-04-11 16:01:12 | INFO | [Round 10] Epoch 40/80 time=00:01.16 avg=00:01.14 ETA=00:45.59 | GPU MB alloc/reserved=279.5/1898.0
2026-04-11 16:01:14 | INFO | [Round 10] epoch=41/80 loss=0.2848 acc=89.87 val_acc=nan data_t=0.0036s batch_t=0.0917s epoch_t=00:01.14 lr=0.000486 | GPU MB alloc/reserved=279.5/1898.0
2026-04-11 16:01:14 | INFO | [Round 10] Epoch 41/80 time=00:01.14 avg=00:01.14 ETA=00:44.45 | GPU MB alloc/reserved=279.5/1898.0
2026-04-11 16:01:15 | INFO | [Round 10] epoch=42/80 loss=0.2382 acc=92.07 val_acc=nan data_t=0.0022s batch_t=0.0907s epoch_t=00:01.12 lr=0.000466 | GPU MB alloc/reserved=279.5/1898.0
2026-04-11 16:01:15 | INFO | [Round 10] Epoch 42/80 time=00:01.12 avg=00:01.14 ETA=00:43.29 | GPU MB alloc/reserved=279.5/1898.0
2026-04-11 16:01:16 | INFO | [Round 10] epoch=43/80 loss=0.2374 acc=91.60 val_acc=nan data_t=0.0032s batch_t=0.0907s epoch_t=00:01.13 lr=0.000447 | GPU MB alloc/reserved=279.5/1898.0
2026-04-11 16:01:16 | INFO | [Round 10] Epoch 43/80 time=00:01.13 avg=00:01.14 ETA=00:42.14 | GPU MB alloc/reserved=279.5/1898.0
2026-04-11 16:01:17 | INFO | [Round 10] epoch=44/80 loss=0.2183 acc=93.00 val_acc=nan data_t=0.0036s batch_t=0.0879s epoch_t=00:01.10 lr=0.000428 | GPU MB alloc/reserved=279.5/1898.0
2026-04-11 16:01:17 | INFO | [Round 10] Epoch 44/80 time=00:01.10 avg=00:01.14 ETA=00:40.97 | GPU MB alloc/reserved=279.5/1898.0
2026-04-11 16:01:18 | INFO | [Round 10] epoch=45/80 loss=0.2038 acc=93.47 val_acc=nan data_t=0.0022s batch_t=0.0887s epoch_t=00:01.09 lr=0.000408 | GPU MB alloc/reserved=279.5/1898.0
2026-04-11 16:01:18 | INFO | [Round 10] Epoch 45/80 time=00:01.09 avg=00:01.14 ETA=00:39.79 | GPU MB alloc/reserved=279.5/1898.0
2026-04-11 16:01:19 | INFO | [Round 10] epoch=46/80 loss=0.1569 acc=95.20 val_acc=nan data_t=0.0022s batch_t=0.0917s epoch_t=00:01.13 lr=0.000389 | GPU MB alloc/reserved=279.5/1898.0
2026-04-11 16:01:19 | INFO | [Round 10] Epoch 46/80 time=00:01.13 avg=00:01.14 ETA=00:38.65 | GPU MB alloc/reserved=279.5/1898.0
2026-04-11 16:01:20 | INFO | [Round 10] epoch=47/80 loss=0.1322 acc=96.60 val_acc=nan data_t=0.0022s batch_t=0.0901s epoch_t=00:01.11 lr=0.000371 | GPU MB alloc/reserved=279.5/1898.0
2026-04-11 16:01:20 | INFO | [Round 10] Epoch 47/80 time=00:01.11 avg=00:01.14 ETA=00:37.49 | GPU MB alloc/reserved=279.5/1898.0
2026-04-11 16:01:21 | INFO | [Round 10] epoch=48/80 loss=0.1120 acc=97.00 val_acc=nan data_t=0.0033s batch_t=0.0876s epoch_t=00:01.09 lr=0.000352 | GPU MB alloc/reserved=279.5/1898.0
2026-04-11 16:01:21 | INFO | [Round 10] Epoch 48/80 time=00:01.09 avg=00:01.14 ETA=00:36.33 | GPU MB alloc/reserved=279.5/1898.0
2026-04-11 16:01:22 | INFO | [Round 10] epoch=49/80 loss=0.0872 acc=97.73 val_acc=nan data_t=0.0025s batch_t=0.0902s epoch_t=00:01.11 lr=0.000334 | GPU MB alloc/reserved=279.5/1898.0
2026-04-11 16:01:22 | INFO | [Round 10] Epoch 49/80 time=00:01.11 avg=00:01.13 ETA=00:35.18 | GPU MB alloc/reserved=279.5/1898.0
2026-04-11 16:01:24 | INFO | [Round 10] epoch=50/80 loss=0.0820 acc=98.13 val_acc=nan data_t=0.0037s batch_t=0.0924s epoch_t=00:01.15 lr=0.000316 | GPU MB alloc/reserved=279.5/1898.0
2026-04-11 16:01:24 | INFO | [Round 10] Epoch 50/80 time=00:01.15 avg=00:01.14 ETA=00:34.05 | GPU MB alloc/reserved=279.5/1898.0
2026-04-11 16:01:25 | INFO | [Round 10] epoch=51/80 loss=0.0625 acc=98.60 val_acc=nan data_t=0.0035s batch_t=0.0896s epoch_t=00:01.12 lr=0.000298 | GPU MB alloc/reserved=279.5/1898.0
2026-04-11 16:01:25 | INFO | [Round 10] Epoch 51/80 time=00:01.12 avg=00:01.13 ETA=00:32.91 | GPU MB alloc/reserved=279.5/1898.0
2026-04-11 16:01:26 | INFO | [Round 10] epoch=52/80 loss=0.0546 acc=99.00 val_acc=nan data_t=0.0034s batch_t=0.0925s epoch_t=00:01.15 lr=0.000280 | GPU MB alloc/reserved=279.5/1898.0
2026-04-11 16:01:26 | INFO | [Round 10] Epoch 52/80 time=00:01.15 avg=00:01.14 ETA=00:31.78 | GPU MB alloc/reserved=279.5/1898.0
2026-04-11 16:01:27 | INFO | [Round 10] epoch=53/80 loss=0.0499 acc=98.93 val_acc=nan data_t=0.0025s batch_t=0.0747s epoch_t=00:00.93 lr=0.000263 | GPU MB alloc/reserved=279.5/1898.0
2026-04-11 16:01:27 | INFO | [Round 10] Epoch 53/80 time=00:00.93 avg=00:01.13 ETA=00:30.54 | GPU MB alloc/reserved=279.5/1898.0
2026-04-11 16:01:28 | INFO | [Round 10] epoch=54/80 loss=0.0379 acc=99.33 val_acc=nan data_t=0.0035s batch_t=0.0977s epoch_t=00:01.21 lr=0.000246 | GPU MB alloc/reserved=279.5/1898.0
2026-04-11 16:01:28 | INFO | [Round 10] Epoch 54/80 time=00:01.21 avg=00:01.13 ETA=00:29.45 | GPU MB alloc/reserved=279.5/1898.0
2026-04-11 16:01:29 | INFO | [Round 10] epoch=55/80 loss=0.0328 acc=99.53 val_acc=nan data_t=0.0037s batch_t=0.0989s epoch_t=00:01.23 lr=0.000230 | GPU MB alloc/reserved=279.5/1898.0
2026-04-11 16:01:29 | INFO | [Round 10] Epoch 55/80 time=00:01.23 avg=00:01.13 ETA=00:28.36 | GPU MB alloc/reserved=279.5/1898.0
2026-04-11 16:01:31 | INFO | [Round 10] epoch=56/80 loss=0.0282 acc=99.73 val_acc=nan data_t=0.0033s batch_t=0.0997s epoch_t=00:01.24 lr=0.000214 | GPU MB alloc/reserved=279.5/1898.0
2026-04-11 16:01:31 | INFO | [Round 10] Epoch 56/80 time=00:01.24 avg=00:01.14 ETA=00:27.27 | GPU MB alloc/reserved=279.5/1898.0
2026-04-11 16:01:32 | INFO | [Round 10] epoch=57/80 loss=0.0254 acc=99.67 val_acc=nan data_t=0.0033s batch_t=0.1000s epoch_t=00:01.24 lr=0.000199 | GPU MB alloc/reserved=279.5/1898.0
2026-04-11 16:01:32 | INFO | [Round 10] Epoch 57/80 time=00:01.24 avg=00:01.14 ETA=00:26.18 | GPU MB alloc/reserved=279.5/1898.0
2026-04-11 16:01:33 | INFO | [Round 10] epoch=58/80 loss=0.0255 acc=99.73 val_acc=nan data_t=0.0022s batch_t=0.0992s epoch_t=00:01.22 lr=0.000184 | GPU MB alloc/reserved=279.5/1898.0
2026-04-11 16:01:33 | INFO | [Round 10] Epoch 58/80 time=00:01.22 avg=00:01.14 ETA=00:25.07 | GPU MB alloc/reserved=279.5/1898.0
2026-04-11 16:01:34 | INFO | [Round 10] epoch=59/80 loss=0.0190 acc=99.87 val_acc=nan data_t=0.0021s batch_t=0.0996s epoch_t=00:01.22 lr=0.000169 | GPU MB alloc/reserved=279.5/1898.0
2026-04-11 16:01:34 | INFO | [Round 10] Epoch 59/80 time=00:01.22 avg=00:01.14 ETA=00:23.96 | GPU MB alloc/reserved=279.5/1898.0
2026-04-11 16:01:35 | INFO | [Round 10] epoch=60/80 loss=0.0200 acc=99.73 val_acc=nan data_t=0.0033s batch_t=0.1000s epoch_t=00:01.24 lr=0.000155 | GPU MB alloc/reserved=279.5/1898.0
2026-04-11 16:01:35 | INFO | [Round 10] Epoch 60/80 time=00:01.24 avg=00:01.14 ETA=00:22.85 | GPU MB alloc/reserved=279.5/1898.0
2026-04-11 16:01:36 | INFO | [Round 10] epoch=61/80 loss=0.0196 acc=99.87 val_acc=nan data_t=0.0026s batch_t=0.0597s epoch_t=00:00.75 lr=0.000142 | GPU MB alloc/reserved=279.5/1898.0
2026-04-11 16:01:36 | INFO | [Round 10] Epoch 61/80 time=00:00.75 avg=00:01.14 ETA=00:21.58 | GPU MB alloc/reserved=279.5/1898.0
2026-04-11 16:01:37 | INFO | [Round 10] epoch=62/80 loss=0.0168 acc=99.93 val_acc=nan data_t=0.0027s batch_t=0.0731s epoch_t=00:00.91 lr=0.000129 | GPU MB alloc/reserved=279.5/1898.0
2026-04-11 16:01:37 | INFO | [Round 10] Epoch 62/80 time=00:00.91 avg=00:01.13 ETA=00:20.38 | GPU MB alloc/reserved=279.5/1898.0
2026-04-11 16:01:38 | INFO | [Round 10] epoch=63/80 loss=0.0124 acc=100.00 val_acc=nan data_t=0.0036s batch_t=0.0594s epoch_t=00:00.76 lr=0.000116 | GPU MB alloc/reserved=279.5/1898.0
2026-04-11 16:01:38 | INFO | [Round 10] Epoch 63/80 time=00:00.76 avg=00:01.13 ETA=00:19.15 | GPU MB alloc/reserved=279.5/1898.0
2026-04-11 16:01:39 | INFO | [Round 10] epoch=64/80 loss=0.0148 acc=99.87 val_acc=nan data_t=0.0031s batch_t=0.0849s epoch_t=00:01.06 lr=0.000105 | GPU MB alloc/reserved=279.5/1898.0
2026-04-11 16:01:39 | INFO | [Round 10] Epoch 64/80 time=00:01.06 avg=00:01.13 ETA=00:18.01 | GPU MB alloc/reserved=279.5/1898.0
2026-04-11 16:01:40 | INFO | [Round 10] epoch=65/80 loss=0.0148 acc=99.87 val_acc=nan data_t=0.0027s batch_t=0.0876s epoch_t=00:01.08 lr=0.000093 | GPU MB alloc/reserved=279.5/1898.0
2026-04-11 16:01:40 | INFO | [Round 10] Epoch 65/80 time=00:01.08 avg=00:01.12 ETA=00:16.87 | GPU MB alloc/reserved=279.5/1898.0
2026-04-11 16:01:41 | INFO | [Round 10] epoch=66/80 loss=0.0124 acc=99.87 val_acc=nan data_t=0.0037s batch_t=0.0883s epoch_t=00:01.10 lr=0.000083 | GPU MB alloc/reserved=279.5/1898.0
2026-04-11 16:01:41 | INFO | [Round 10] Epoch 66/80 time=00:01.10 avg=00:01.12 ETA=00:15.74 | GPU MB alloc/reserved=279.5/1898.0
2026-04-11 16:01:42 | INFO | [Round 10] epoch=67/80 loss=0.0097 acc=100.00 val_acc=nan data_t=0.0023s batch_t=0.0913s epoch_t=00:01.12 lr=0.000073 | GPU MB alloc/reserved=279.5/1898.0
2026-04-11 16:01:42 | INFO | [Round 10] Epoch 67/80 time=00:01.12 avg=00:01.12 ETA=00:14.62 | GPU MB alloc/reserved=279.5/1898.0
2026-04-11 16:01:43 | INFO | [Round 10] epoch=68/80 loss=0.0106 acc=100.00 val_acc=nan data_t=0.0033s batch_t=0.0884s epoch_t=00:01.10 lr=0.000064 | GPU MB alloc/reserved=279.5/1898.0
2026-04-11 16:01:43 | INFO | [Round 10] Epoch 68/80 time=00:01.10 avg=00:01.12 ETA=00:13.49 | GPU MB alloc/reserved=279.5/1898.0
2026-04-11 16:01:44 | INFO | [Round 10] epoch=69/80 loss=0.0113 acc=99.93 val_acc=nan data_t=0.0033s batch_t=0.0905s epoch_t=00:01.13 lr=0.000055 | GPU MB alloc/reserved=279.5/1898.0
2026-04-11 16:01:44 | INFO | [Round 10] Epoch 69/80 time=00:01.13 avg=00:01.12 ETA=00:12.36 | GPU MB alloc/reserved=279.5/1898.0
2026-04-11 16:01:46 | INFO | [Round 10] epoch=70/80 loss=0.0095 acc=99.93 val_acc=nan data_t=0.0022s batch_t=0.0909s epoch_t=00:01.12 lr=0.000048 | GPU MB alloc/reserved=279.5/1898.0
2026-04-11 16:01:46 | INFO | [Round 10] Epoch 70/80 time=00:01.12 avg=00:01.12 ETA=00:11.24 | GPU MB alloc/reserved=279.5/1898.0
2026-04-11 16:01:47 | INFO | [Round 10] epoch=71/80 loss=0.0126 acc=99.80 val_acc=nan data_t=0.0030s batch_t=0.0826s epoch_t=00:01.03 lr=0.000041 | GPU MB alloc/reserved=279.5/1898.0
2026-04-11 16:01:47 | INFO | [Round 10] Epoch 71/80 time=00:01.03 avg=00:01.12 ETA=00:10.10 | GPU MB alloc/reserved=279.5/1898.0
2026-04-11 16:01:48 | INFO | [Round 10] epoch=72/80 loss=0.0081 acc=100.00 val_acc=nan data_t=0.0024s batch_t=0.0896s epoch_t=00:01.10 lr=0.000034 | GPU MB alloc/reserved=279.5/1898.0
2026-04-11 16:01:48 | INFO | [Round 10] Epoch 72/80 time=00:01.10 avg=00:01.12 ETA=00:08.98 | GPU MB alloc/reserved=279.5/1898.0
2026-04-11 16:01:49 | INFO | [Round 10] epoch=73/80 loss=0.0088 acc=100.00 val_acc=nan data_t=0.0032s batch_t=0.1012s epoch_t=00:01.25 lr=0.000029 | GPU MB alloc/reserved=279.5/1898.0
2026-04-11 16:01:49 | INFO | [Round 10] Epoch 73/80 time=00:01.25 avg=00:01.12 ETA=00:07.87 | GPU MB alloc/reserved=279.5/1898.0
2026-04-11 16:01:50 | INFO | [Round 10] epoch=74/80 loss=0.0087 acc=100.00 val_acc=nan data_t=0.0024s batch_t=0.0971s epoch_t=00:01.19 lr=0.000024 | GPU MB alloc/reserved=279.5/1898.0
2026-04-11 16:01:50 | INFO | [Round 10] Epoch 74/80 time=00:01.19 avg=00:01.13 ETA=00:06.75 | GPU MB alloc/reserved=279.5/1898.0
2026-04-11 16:01:51 | INFO | [Round 10] epoch=75/80 loss=0.0094 acc=100.00 val_acc=nan data_t=0.0023s batch_t=0.0986s epoch_t=00:01.21 lr=0.000020 | GPU MB alloc/reserved=279.5/1898.0
2026-04-11 16:01:51 | INFO | [Round 10] Epoch 75/80 time=00:01.21 avg=00:01.13 ETA=00:05.63 | GPU MB alloc/reserved=279.5/1898.0
2026-04-11 16:01:53 | INFO | [Round 10] epoch=76/80 loss=0.0097 acc=100.00 val_acc=nan data_t=0.0024s batch_t=0.0999s epoch_t=00:01.23 lr=0.000016 | GPU MB alloc/reserved=279.5/1898.0
2026-04-11 16:01:53 | INFO | [Round 10] Epoch 76/80 time=00:01.23 avg=00:01.13 ETA=00:04.51 | GPU MB alloc/reserved=279.5/1898.0
2026-04-11 16:01:54 | INFO | [Round 10] epoch=77/80 loss=0.0102 acc=99.93 val_acc=nan data_t=0.0030s batch_t=0.1002s epoch_t=00:01.24 lr=0.000013 | GPU MB alloc/reserved=279.5/1898.0
2026-04-11 16:01:54 | INFO | [Round 10] Epoch 77/80 time=00:01.24 avg=00:01.13 ETA=00:03.39 | GPU MB alloc/reserved=279.5/1898.0
2026-04-11 16:01:55 | INFO | [Round 10] epoch=78/80 loss=0.0123 acc=99.93 val_acc=nan data_t=0.0036s batch_t=0.0990s epoch_t=00:01.23 lr=0.000012 | GPU MB alloc/reserved=279.5/1898.0
2026-04-11 16:01:55 | INFO | [Round 10] Epoch 78/80 time=00:01.23 avg=00:01.13 ETA=00:02.26 | GPU MB alloc/reserved=279.5/1898.0
2026-04-11 16:01:56 | INFO | [Round 10] epoch=79/80 loss=0.0076 acc=100.00 val_acc=nan data_t=0.0025s batch_t=0.0727s epoch_t=00:00.90 lr=0.000010 | GPU MB alloc/reserved=279.5/1898.0
2026-04-11 16:01:56 | INFO | [Round 10] Epoch 79/80 time=00:00.90 avg=00:01.13 ETA=00:01.13 | GPU MB alloc/reserved=279.5/1898.0
2026-04-11 16:01:57 | INFO | [Round 10] epoch=80/80 loss=0.0110 acc=99.80 val_acc=nan data_t=0.0024s batch_t=0.0608s epoch_t=00:00.76 lr=0.000010 | GPU MB alloc/reserved=279.5/1898.0
2026-04-11 16:01:57 | INFO | [Round 10] Epoch 80/80 time=00:00.76 avg=00:01.12 ETA=00:00.00 | GPU MB alloc/reserved=279.5/1898.0
2026-04-11 16:01:57 | INFO | [Round 10] training complete in 01:30.19 (best monitor=100.000) | GPU MB alloc/reserved=279.5/1898.0
2026-04-11 16:01:57 | INFO | [Round 10] evaluation started | GPU MB alloc/reserved=193.4/1898.0
2026-04-11 16:02:05 | INFO | [Round 10] clean=57.50 fgsm=45.96 pgd=45.58 grad_disp_mean=nan grad_disp_sel=nan round_t=100.36s | GPU MB alloc/reserved=193.4/1898.0
2026-04-11 16:02:05 | INFO | [Round 11/21] elapsed=01:40.36 avg_round=01:11.19 projected_remaining=11:51.89 | GPU MB alloc/reserved=193.4/1898.0
2026-04-11 16:02:06 | INFO | [Round 11] acquisition on pool_size=48500 scored_pool=5000 budget=100 | GPU MB alloc/reserved=104.6/1898.0
2026-04-11 16:02:07 | INFO | [BADGE] scoring progress 10/20 elapsed=00:00.39 avg/batch=0.039s ETA=00:00.39 | GPU MB alloc/reserved=114.6/1898.0
2026-04-11 16:02:07 | INFO | [BADGE] scoring progress 20/20 elapsed=00:00.59 avg/batch=0.030s ETA=00:00.00 | GPU MB alloc/reserved=109.7/1898.0
2026-04-11 16:02:08 | INFO | [Round 11] labeled=1600 train=1600 val_fixed=0 | GPU MB alloc/reserved=149.0/1898.0
2026-04-11 16:02:09 | INFO | [Round 11] epoch=1/80 loss=2.3465 acc=17.69 val_acc=nan data_t=0.0121s batch_t=0.0946s epoch_t=00:01.39 lr=0.001000 | GPU MB alloc/reserved=279.9/1898.0
2026-04-11 16:02:09 | INFO | [Round 11] Epoch 1/80 time=00:01.39 avg=00:01.39 ETA=01:49.64 | GPU MB alloc/reserved=279.9/1898.0
2026-04-11 16:02:10 | INFO | [Round 11] epoch=2/80 loss=2.0531 acc=21.94 val_acc=nan data_t=0.0020s batch_t=0.0889s epoch_t=00:01.18 lr=0.000998 | GPU MB alloc/reserved=279.9/1898.0
2026-04-11 16:02:10 | INFO | [Round 11] Epoch 2/80 time=00:01.18 avg=00:01.28 ETA=01:40.21 | GPU MB alloc/reserved=279.9/1898.0
2026-04-11 16:02:12 | INFO | [Round 11] epoch=3/80 loss=2.0106 acc=24.69 val_acc=nan data_t=0.0035s batch_t=0.0916s epoch_t=00:01.24 lr=0.000997 | GPU MB alloc/reserved=279.9/1898.0
2026-04-11 16:02:12 | INFO | [Round 11] Epoch 3/80 time=00:01.24 avg=00:01.27 ETA=01:37.70 | GPU MB alloc/reserved=279.9/1898.0
2026-04-11 16:02:13 | INFO | [Round 11] epoch=4/80 loss=1.9818 acc=24.81 val_acc=nan data_t=0.0029s batch_t=0.0891s epoch_t=00:01.20 lr=0.000994 | GPU MB alloc/reserved=279.9/1898.0
2026-04-11 16:02:13 | INFO | [Round 11] Epoch 4/80 time=00:01.20 avg=00:01.25 ETA=01:35.07 | GPU MB alloc/reserved=279.9/1898.0
2026-04-11 16:02:14 | INFO | [Round 11] epoch=5/80 loss=1.8995 acc=26.62 val_acc=nan data_t=0.0034s batch_t=0.0899s epoch_t=00:01.21 lr=0.000990 | GPU MB alloc/reserved=279.9/1898.0
2026-04-11 16:02:14 | INFO | [Round 11] Epoch 5/80 time=00:01.21 avg=00:01.24 ETA=01:33.26 | GPU MB alloc/reserved=279.9/1898.0
2026-04-11 16:02:15 | INFO | [Round 11] epoch=6/80 loss=1.8698 acc=27.75 val_acc=nan data_t=0.0021s batch_t=0.0908s epoch_t=00:01.21 lr=0.000986 | GPU MB alloc/reserved=279.9/1898.0
2026-04-11 16:02:15 | INFO | [Round 11] Epoch 6/80 time=00:01.21 avg=00:01.24 ETA=01:31.57 | GPU MB alloc/reserved=279.9/1898.0
2026-04-11 16:02:16 | INFO | [Round 11] epoch=7/80 loss=1.8149 acc=31.19 val_acc=nan data_t=0.0023s batch_t=0.0899s epoch_t=00:01.20 lr=0.000981 | GPU MB alloc/reserved=279.9/1898.0
2026-04-11 16:02:16 | INFO | [Round 11] Epoch 7/80 time=00:01.20 avg=00:01.23 ETA=01:29.93 | GPU MB alloc/reserved=279.9/1898.0
2026-04-11 16:02:18 | INFO | [Round 11] epoch=8/80 loss=1.7656 acc=32.25 val_acc=nan data_t=0.0020s batch_t=0.0904s epoch_t=00:01.20 lr=0.000976 | GPU MB alloc/reserved=279.9/1898.0
2026-04-11 16:02:18 | INFO | [Round 11] Epoch 8/80 time=00:01.20 avg=00:01.23 ETA=01:28.41 | GPU MB alloc/reserved=279.9/1898.0
2026-04-11 16:02:19 | INFO | [Round 11] epoch=9/80 loss=1.7460 acc=31.31 val_acc=nan data_t=0.0022s batch_t=0.0903s epoch_t=00:01.20 lr=0.000969 | GPU MB alloc/reserved=279.9/1898.0
2026-04-11 16:02:19 | INFO | [Round 11] Epoch 9/80 time=00:01.20 avg=00:01.23 ETA=01:26.98 | GPU MB alloc/reserved=279.9/1898.0
2026-04-11 16:02:20 | INFO | [Round 11] epoch=10/80 loss=1.7160 acc=35.81 val_acc=nan data_t=0.0031s batch_t=0.0895s epoch_t=00:01.20 lr=0.000962 | GPU MB alloc/reserved=279.9/1898.0
2026-04-11 16:02:20 | INFO | [Round 11] Epoch 10/80 time=00:01.20 avg=00:01.22 ETA=01:25.61 | GPU MB alloc/reserved=279.9/1898.0
2026-04-11 16:02:21 | INFO | [Round 11] epoch=11/80 loss=1.7284 acc=33.56 val_acc=nan data_t=0.0031s batch_t=0.0900s epoch_t=00:01.21 lr=0.000955 | GPU MB alloc/reserved=279.9/1898.0
2026-04-11 16:02:21 | INFO | [Round 11] Epoch 11/80 time=00:01.21 avg=00:01.22 ETA=01:24.31 | GPU MB alloc/reserved=279.9/1898.0
2026-04-11 16:02:22 | INFO | [Round 11] epoch=12/80 loss=1.6640 acc=35.69 val_acc=nan data_t=0.0031s batch_t=0.0891s epoch_t=00:01.20 lr=0.000946 | GPU MB alloc/reserved=279.9/1898.0
2026-04-11 16:02:22 | INFO | [Round 11] Epoch 12/80 time=00:01.20 avg=00:01.22 ETA=01:22.96 | GPU MB alloc/reserved=279.9/1898.0
2026-04-11 16:02:24 | INFO | [Round 11] epoch=13/80 loss=1.5823 acc=39.25 val_acc=nan data_t=0.0029s batch_t=0.0899s epoch_t=00:01.21 lr=0.000937 | GPU MB alloc/reserved=279.9/1898.0
2026-04-11 16:02:24 | INFO | [Round 11] Epoch 13/80 time=00:01.21 avg=00:01.22 ETA=01:21.67 | GPU MB alloc/reserved=279.9/1898.0
2026-04-11 16:02:25 | INFO | [Round 11] epoch=14/80 loss=1.6623 acc=36.12 val_acc=nan data_t=0.0033s batch_t=0.0895s epoch_t=00:01.21 lr=0.000927 | GPU MB alloc/reserved=279.9/1898.0
2026-04-11 16:02:25 | INFO | [Round 11] Epoch 14/80 time=00:01.21 avg=00:01.22 ETA=01:20.40 | GPU MB alloc/reserved=279.9/1898.0
2026-04-11 16:02:26 | INFO | [Round 11] epoch=15/80 loss=1.5911 acc=39.56 val_acc=nan data_t=0.0020s batch_t=0.0883s epoch_t=00:01.17 lr=0.000917 | GPU MB alloc/reserved=279.9/1898.0
2026-04-11 16:02:26 | INFO | [Round 11] Epoch 15/80 time=00:01.17 avg=00:01.22 ETA=01:18.99 | GPU MB alloc/reserved=279.9/1898.0
2026-04-11 16:02:27 | INFO | [Round 11] epoch=16/80 loss=1.5020 acc=42.31 val_acc=nan data_t=0.0029s batch_t=0.0897s epoch_t=00:01.20 lr=0.000905 | GPU MB alloc/reserved=279.9/1898.0
2026-04-11 16:02:27 | INFO | [Round 11] Epoch 16/80 time=00:01.20 avg=00:01.21 ETA=01:17.73 | GPU MB alloc/reserved=279.9/1898.0
2026-04-11 16:02:28 | INFO | [Round 11] epoch=17/80 loss=1.4812 acc=43.75 val_acc=nan data_t=0.0023s batch_t=0.0900s epoch_t=00:01.20 lr=0.000894 | GPU MB alloc/reserved=279.9/1898.0
2026-04-11 16:02:28 | INFO | [Round 11] Epoch 17/80 time=00:01.20 avg=00:01.21 ETA=01:16.46 | GPU MB alloc/reserved=279.9/1898.0
2026-04-11 16:02:30 | INFO | [Round 11] epoch=18/80 loss=1.4717 acc=43.94 val_acc=nan data_t=0.0031s batch_t=0.0894s epoch_t=00:01.20 lr=0.000881 | GPU MB alloc/reserved=279.9/1898.0
2026-04-11 16:02:30 | INFO | [Round 11] Epoch 18/80 time=00:01.20 avg=00:01.21 ETA=01:15.21 | GPU MB alloc/reserved=279.9/1898.0
2026-04-11 16:02:31 | INFO | [Round 11] epoch=19/80 loss=1.3874 acc=46.12 val_acc=nan data_t=0.0021s batch_t=0.0900s epoch_t=00:01.20 lr=0.000868 | GPU MB alloc/reserved=279.9/1898.0
2026-04-11 16:02:31 | INFO | [Round 11] Epoch 19/80 time=00:01.20 avg=00:01.21 ETA=01:13.95 | GPU MB alloc/reserved=279.9/1898.0
2026-04-11 16:02:32 | INFO | [Round 11] epoch=20/80 loss=1.4232 acc=45.44 val_acc=nan data_t=0.0036s batch_t=0.0892s epoch_t=00:01.21 lr=0.000855 | GPU MB alloc/reserved=279.9/1898.0
2026-04-11 16:02:32 | INFO | [Round 11] Epoch 20/80 time=00:01.21 avg=00:01.21 ETA=01:12.72 | GPU MB alloc/reserved=279.9/1898.0
2026-04-11 16:02:33 | INFO | [Round 11] epoch=21/80 loss=1.3918 acc=46.56 val_acc=nan data_t=0.0020s batch_t=0.0894s epoch_t=00:01.19 lr=0.000841 | GPU MB alloc/reserved=279.9/1898.0
2026-04-11 16:02:33 | INFO | [Round 11] Epoch 21/80 time=00:01.19 avg=00:01.21 ETA=01:11.44 | GPU MB alloc/reserved=279.9/1898.0
2026-04-11 16:02:35 | INFO | [Round 11] epoch=22/80 loss=1.3264 acc=49.31 val_acc=nan data_t=0.0025s batch_t=0.0898s epoch_t=00:01.20 lr=0.000826 | GPU MB alloc/reserved=279.9/1898.0
2026-04-11 16:02:35 | INFO | [Round 11] Epoch 22/80 time=00:01.20 avg=00:01.21 ETA=01:10.20 | GPU MB alloc/reserved=279.9/1898.0
2026-04-11 16:02:36 | INFO | [Round 11] epoch=23/80 loss=1.2570 acc=52.19 val_acc=nan data_t=0.0030s batch_t=0.0905s epoch_t=00:01.22 lr=0.000811 | GPU MB alloc/reserved=279.9/1898.0
2026-04-11 16:02:36 | INFO | [Round 11] Epoch 23/80 time=00:01.22 avg=00:01.21 ETA=01:09.00 | GPU MB alloc/reserved=279.9/1898.0
2026-04-11 16:02:37 | INFO | [Round 11] epoch=24/80 loss=1.2311 acc=51.25 val_acc=nan data_t=0.0021s batch_t=0.0903s epoch_t=00:01.20 lr=0.000796 | GPU MB alloc/reserved=279.9/1898.0
2026-04-11 16:02:37 | INFO | [Round 11] Epoch 24/80 time=00:01.20 avg=00:01.21 ETA=01:07.77 | GPU MB alloc/reserved=279.9/1898.0
2026-04-11 16:02:38 | INFO | [Round 11] epoch=25/80 loss=1.1905 acc=55.25 val_acc=nan data_t=0.0028s batch_t=0.0896s epoch_t=00:01.20 lr=0.000780 | GPU MB alloc/reserved=279.9/1898.0
2026-04-11 16:02:38 | INFO | [Round 11] Epoch 25/80 time=00:01.20 avg=00:01.21 ETA=01:06.54 | GPU MB alloc/reserved=279.9/1898.0
2026-04-11 16:02:39 | INFO | [Round 11] epoch=26/80 loss=1.1084 acc=56.44 val_acc=nan data_t=0.0022s batch_t=0.0891s epoch_t=00:01.19 lr=0.000764 | GPU MB alloc/reserved=279.9/1898.0
2026-04-11 16:02:39 | INFO | [Round 11] Epoch 26/80 time=00:01.19 avg=00:01.21 ETA=01:05.28 | GPU MB alloc/reserved=279.9/1898.0
2026-04-11 16:02:41 | INFO | [Round 11] epoch=27/80 loss=1.0729 acc=58.56 val_acc=nan data_t=0.0025s batch_t=0.0905s epoch_t=00:01.21 lr=0.000747 | GPU MB alloc/reserved=279.9/1898.0
2026-04-11 16:02:41 | INFO | [Round 11] Epoch 27/80 time=00:01.21 avg=00:01.21 ETA=01:04.08 | GPU MB alloc/reserved=279.9/1898.0
2026-04-11 16:02:42 | INFO | [Round 11] epoch=28/80 loss=1.0367 acc=61.56 val_acc=nan data_t=0.0037s batch_t=0.0897s epoch_t=00:01.21 lr=0.000730 | GPU MB alloc/reserved=279.9/1898.0
2026-04-11 16:02:42 | INFO | [Round 11] Epoch 28/80 time=00:01.21 avg=00:01.21 ETA=01:02.88 | GPU MB alloc/reserved=279.9/1898.0
2026-04-11 16:02:43 | INFO | [Round 11] epoch=29/80 loss=0.9765 acc=62.81 val_acc=nan data_t=0.0034s batch_t=0.0887s epoch_t=00:01.20 lr=0.000712 | GPU MB alloc/reserved=279.9/1898.0
2026-04-11 16:02:43 | INFO | [Round 11] Epoch 29/80 time=00:01.20 avg=00:01.21 ETA=01:01.65 | GPU MB alloc/reserved=279.9/1898.0
2026-04-11 16:02:44 | INFO | [Round 11] epoch=30/80 loss=0.9184 acc=64.81 val_acc=nan data_t=0.0035s batch_t=0.0899s epoch_t=00:01.21 lr=0.000694 | GPU MB alloc/reserved=279.9/1898.0
2026-04-11 16:02:44 | INFO | [Round 11] Epoch 30/80 time=00:01.21 avg=00:01.21 ETA=01:00.45 | GPU MB alloc/reserved=279.9/1898.0
2026-04-11 16:02:45 | INFO | [Round 11] epoch=31/80 loss=0.9169 acc=63.62 val_acc=nan data_t=0.0036s batch_t=0.0902s epoch_t=00:01.22 lr=0.000676 | GPU MB alloc/reserved=279.9/1898.0
2026-04-11 16:02:45 | INFO | [Round 11] Epoch 31/80 time=00:01.22 avg=00:01.21 ETA=00:59.26 | GPU MB alloc/reserved=279.9/1898.0
2026-04-11 16:02:47 | INFO | [Round 11] epoch=32/80 loss=0.8665 acc=67.00 val_acc=nan data_t=0.0035s batch_t=0.0903s epoch_t=00:01.22 lr=0.000658 | GPU MB alloc/reserved=279.9/1898.0
2026-04-11 16:02:47 | INFO | [Round 11] Epoch 32/80 time=00:01.22 avg=00:01.21 ETA=00:58.06 | GPU MB alloc/reserved=279.9/1898.0
2026-04-11 16:02:48 | INFO | [Round 11] epoch=33/80 loss=0.7999 acc=69.50 val_acc=nan data_t=0.0039s batch_t=0.0902s epoch_t=00:01.22 lr=0.000639 | GPU MB alloc/reserved=279.9/1898.0
2026-04-11 16:02:48 | INFO | [Round 11] Epoch 33/80 time=00:01.22 avg=00:01.21 ETA=00:56.87 | GPU MB alloc/reserved=279.9/1898.0
2026-04-11 16:02:49 | INFO | [Round 11] epoch=34/80 loss=0.7692 acc=71.88 val_acc=nan data_t=0.0037s batch_t=0.0894s epoch_t=00:01.21 lr=0.000621 | GPU MB alloc/reserved=279.9/1898.0
2026-04-11 16:02:49 | INFO | [Round 11] Epoch 34/80 time=00:01.21 avg=00:01.21 ETA=00:55.66 | GPU MB alloc/reserved=279.9/1898.0
2026-04-11 16:02:50 | INFO | [Round 11] epoch=35/80 loss=0.7263 acc=71.44 val_acc=nan data_t=0.0024s batch_t=0.0905s epoch_t=00:01.21 lr=0.000602 | GPU MB alloc/reserved=279.9/1898.0
2026-04-11 16:02:50 | INFO | [Round 11] Epoch 35/80 time=00:01.21 avg=00:01.21 ETA=00:54.45 | GPU MB alloc/reserved=279.9/1898.0
2026-04-11 16:02:51 | INFO | [Round 11] epoch=36/80 loss=0.6704 acc=75.00 val_acc=nan data_t=0.0033s batch_t=0.0899s epoch_t=00:01.21 lr=0.000582 | GPU MB alloc/reserved=279.9/1898.0
2026-04-11 16:02:51 | INFO | [Round 11] Epoch 36/80 time=00:01.21 avg=00:01.21 ETA=00:53.24 | GPU MB alloc/reserved=279.9/1898.0
2026-04-11 16:02:53 | INFO | [Round 11] epoch=37/80 loss=0.6457 acc=75.00 val_acc=nan data_t=0.0023s batch_t=0.0892s epoch_t=00:01.19 lr=0.000563 | GPU MB alloc/reserved=279.9/1898.0
2026-04-11 16:02:53 | INFO | [Round 11] Epoch 37/80 time=00:01.19 avg=00:01.21 ETA=00:52.01 | GPU MB alloc/reserved=279.9/1898.0
2026-04-11 16:02:54 | INFO | [Round 11] epoch=38/80 loss=0.6059 acc=76.81 val_acc=nan data_t=0.0022s batch_t=0.0902s epoch_t=00:01.20 lr=0.000544 | GPU MB alloc/reserved=279.9/1898.0
2026-04-11 16:02:54 | INFO | [Round 11] Epoch 38/80 time=00:01.20 avg=00:01.21 ETA=00:50.79 | GPU MB alloc/reserved=279.9/1898.0
2026-04-11 16:02:55 | INFO | [Round 11] epoch=39/80 loss=0.5270 acc=81.31 val_acc=nan data_t=0.0021s batch_t=0.0892s epoch_t=00:01.19 lr=0.000524 | GPU MB alloc/reserved=279.9/1898.0
2026-04-11 16:02:55 | INFO | [Round 11] Epoch 39/80 time=00:01.19 avg=00:01.21 ETA=00:49.56 | GPU MB alloc/reserved=279.9/1898.0
2026-04-11 16:02:56 | INFO | [Round 11] epoch=40/80 loss=0.5107 acc=81.56 val_acc=nan data_t=0.0021s batch_t=0.0896s epoch_t=00:01.19 lr=0.000505 | GPU MB alloc/reserved=279.9/1898.0
2026-04-11 16:02:56 | INFO | [Round 11] Epoch 40/80 time=00:01.19 avg=00:01.21 ETA=00:48.34 | GPU MB alloc/reserved=279.9/1898.0
2026-04-11 16:02:57 | INFO | [Round 11] epoch=41/80 loss=0.4523 acc=83.12 val_acc=nan data_t=0.0022s batch_t=0.0903s epoch_t=00:01.20 lr=0.000486 | GPU MB alloc/reserved=279.9/1898.0
2026-04-11 16:02:57 | INFO | [Round 11] Epoch 41/80 time=00:01.20 avg=00:01.21 ETA=00:47.12 | GPU MB alloc/reserved=279.9/1898.0
2026-04-11 16:02:59 | INFO | [Round 11] epoch=42/80 loss=0.4396 acc=83.62 val_acc=nan data_t=0.0034s batch_t=0.0893s epoch_t=00:01.21 lr=0.000466 | GPU MB alloc/reserved=279.9/1898.0
2026-04-11 16:02:59 | INFO | [Round 11] Epoch 42/80 time=00:01.21 avg=00:01.21 ETA=00:45.91 | GPU MB alloc/reserved=279.9/1898.0
2026-04-11 16:03:00 | INFO | [Round 11] epoch=43/80 loss=0.3865 acc=86.19 val_acc=nan data_t=0.0020s batch_t=0.0895s epoch_t=00:01.19 lr=0.000447 | GPU MB alloc/reserved=279.9/1898.0
2026-04-11 16:03:00 | INFO | [Round 11] Epoch 43/80 time=00:01.19 avg=00:01.21 ETA=00:44.69 | GPU MB alloc/reserved=279.9/1898.0
2026-04-11 16:03:01 | INFO | [Round 11] epoch=44/80 loss=0.3595 acc=87.69 val_acc=nan data_t=0.0033s batch_t=0.0889s epoch_t=00:01.20 lr=0.000428 | GPU MB alloc/reserved=279.9/1898.0
2026-04-11 16:03:01 | INFO | [Round 11] Epoch 44/80 time=00:01.20 avg=00:01.21 ETA=00:43.47 | GPU MB alloc/reserved=279.9/1898.0
2026-04-11 16:03:02 | INFO | [Round 11] epoch=45/80 loss=0.3579 acc=86.50 val_acc=nan data_t=0.0029s batch_t=0.0913s epoch_t=00:01.23 lr=0.000408 | GPU MB alloc/reserved=279.9/1898.0
2026-04-11 16:03:02 | INFO | [Round 11] Epoch 45/80 time=00:01.23 avg=00:01.21 ETA=00:42.28 | GPU MB alloc/reserved=279.9/1898.0
2026-04-11 16:03:04 | INFO | [Round 11] epoch=46/80 loss=0.3002 acc=89.81 val_acc=nan data_t=0.0027s batch_t=0.0902s epoch_t=00:01.21 lr=0.000389 | GPU MB alloc/reserved=279.9/1898.0
2026-04-11 16:03:04 | INFO | [Round 11] Epoch 46/80 time=00:01.21 avg=00:01.21 ETA=00:41.07 | GPU MB alloc/reserved=279.9/1898.0
2026-04-11 16:03:05 | INFO | [Round 11] epoch=47/80 loss=0.2648 acc=90.81 val_acc=nan data_t=0.0022s batch_t=0.0898s epoch_t=00:01.20 lr=0.000371 | GPU MB alloc/reserved=279.9/1898.0
2026-04-11 16:03:05 | INFO | [Round 11] Epoch 47/80 time=00:01.20 avg=00:01.21 ETA=00:39.85 | GPU MB alloc/reserved=279.9/1898.0
2026-04-11 16:03:06 | INFO | [Round 11] epoch=48/80 loss=0.2307 acc=92.69 val_acc=nan data_t=0.0021s batch_t=0.0901s epoch_t=00:01.20 lr=0.000352 | GPU MB alloc/reserved=279.9/1898.0
2026-04-11 16:03:06 | INFO | [Round 11] Epoch 48/80 time=00:01.20 avg=00:01.21 ETA=00:38.64 | GPU MB alloc/reserved=279.9/1898.0
2026-04-11 16:03:07 | INFO | [Round 11] epoch=49/80 loss=0.2065 acc=93.25 val_acc=nan data_t=0.0033s batch_t=0.0888s epoch_t=00:01.20 lr=0.000334 | GPU MB alloc/reserved=279.9/1898.0
2026-04-11 16:03:07 | INFO | [Round 11] Epoch 49/80 time=00:01.20 avg=00:01.21 ETA=00:37.42 | GPU MB alloc/reserved=279.9/1898.0
2026-04-11 16:03:08 | INFO | [Round 11] epoch=50/80 loss=0.1921 acc=93.69 val_acc=nan data_t=0.0021s batch_t=0.0903s epoch_t=00:01.20 lr=0.000316 | GPU MB alloc/reserved=279.9/1898.0
2026-04-11 16:03:08 | INFO | [Round 11] Epoch 50/80 time=00:01.20 avg=00:01.21 ETA=00:36.21 | GPU MB alloc/reserved=279.9/1898.0
2026-04-11 16:03:10 | INFO | [Round 11] epoch=51/80 loss=0.1850 acc=94.12 val_acc=nan data_t=0.0035s batch_t=0.0894s epoch_t=00:01.21 lr=0.000298 | GPU MB alloc/reserved=279.9/1898.0
2026-04-11 16:03:10 | INFO | [Round 11] Epoch 51/80 time=00:01.21 avg=00:01.21 ETA=00:35.01 | GPU MB alloc/reserved=279.9/1898.0
2026-04-11 16:03:11 | INFO | [Round 11] epoch=52/80 loss=0.1491 acc=95.00 val_acc=nan data_t=0.0031s batch_t=0.0893s epoch_t=00:01.20 lr=0.000280 | GPU MB alloc/reserved=279.9/1898.0
2026-04-11 16:03:11 | INFO | [Round 11] Epoch 52/80 time=00:01.20 avg=00:01.21 ETA=00:33.80 | GPU MB alloc/reserved=279.9/1898.0
2026-04-11 16:03:12 | INFO | [Round 11] epoch=53/80 loss=0.1189 acc=96.69 val_acc=nan data_t=0.0038s batch_t=0.0901s epoch_t=00:01.22 lr=0.000263 | GPU MB alloc/reserved=279.9/1898.0
2026-04-11 16:03:12 | INFO | [Round 11] Epoch 53/80 time=00:01.22 avg=00:01.21 ETA=00:32.60 | GPU MB alloc/reserved=279.9/1898.0
2026-04-11 16:03:13 | INFO | [Round 11] epoch=54/80 loss=0.1037 acc=97.50 val_acc=nan data_t=0.0040s batch_t=0.0918s epoch_t=00:01.25 lr=0.000246 | GPU MB alloc/reserved=279.9/1898.0
2026-04-11 16:03:13 | INFO | [Round 11] Epoch 54/80 time=00:01.25 avg=00:01.21 ETA=00:31.41 | GPU MB alloc/reserved=279.9/1898.0
2026-04-11 16:03:14 | INFO | [Round 11] epoch=55/80 loss=0.0884 acc=98.06 val_acc=nan data_t=0.0022s batch_t=0.0724s epoch_t=00:00.97 lr=0.000230 | GPU MB alloc/reserved=279.9/1898.0
2026-04-11 16:03:14 | INFO | [Round 11] Epoch 55/80 time=00:00.97 avg=00:01.20 ETA=00:30.09 | GPU MB alloc/reserved=279.9/1898.0
2026-04-11 16:03:16 | INFO | [Round 11] epoch=56/80 loss=0.0722 acc=98.19 val_acc=nan data_t=0.0030s batch_t=0.1000s epoch_t=00:01.34 lr=0.000214 | GPU MB alloc/reserved=279.9/1898.0
2026-04-11 16:03:16 | INFO | [Round 11] Epoch 56/80 time=00:01.34 avg=00:01.21 ETA=00:28.95 | GPU MB alloc/reserved=279.9/1898.0
2026-04-11 16:03:17 | INFO | [Round 11] epoch=57/80 loss=0.0625 acc=99.12 val_acc=nan data_t=0.0026s batch_t=0.0959s epoch_t=00:01.28 lr=0.000199 | GPU MB alloc/reserved=279.9/1898.0
2026-04-11 16:03:17 | INFO | [Round 11] Epoch 57/80 time=00:01.28 avg=00:01.21 ETA=00:27.77 | GPU MB alloc/reserved=279.9/1898.0
2026-04-11 16:03:18 | INFO | [Round 11] epoch=58/80 loss=0.0593 acc=98.94 val_acc=nan data_t=0.0021s batch_t=0.0991s epoch_t=00:01.32 lr=0.000184 | GPU MB alloc/reserved=279.9/1898.0
2026-04-11 16:03:18 | INFO | [Round 11] Epoch 58/80 time=00:01.32 avg=00:01.21 ETA=00:26.60 | GPU MB alloc/reserved=279.9/1898.0
2026-04-11 16:03:19 | INFO | [Round 11] epoch=59/80 loss=0.0465 acc=99.44 val_acc=nan data_t=0.0033s batch_t=0.0986s epoch_t=00:01.32 lr=0.000169 | GPU MB alloc/reserved=279.9/1898.0
2026-04-11 16:03:19 | INFO | [Round 11] Epoch 59/80 time=00:01.32 avg=00:01.21 ETA=00:25.44 | GPU MB alloc/reserved=279.9/1898.0
2026-04-11 16:03:21 | INFO | [Round 11] epoch=60/80 loss=0.0420 acc=99.44 val_acc=nan data_t=0.0038s batch_t=0.0977s epoch_t=00:01.32 lr=0.000155 | GPU MB alloc/reserved=279.9/1898.0
2026-04-11 16:03:21 | INFO | [Round 11] Epoch 60/80 time=00:01.32 avg=00:01.21 ETA=00:24.26 | GPU MB alloc/reserved=279.9/1898.0
2026-04-11 16:03:22 | INFO | [Round 11] epoch=61/80 loss=0.0336 acc=99.81 val_acc=nan data_t=0.0029s batch_t=0.0979s epoch_t=00:01.31 lr=0.000142 | GPU MB alloc/reserved=279.9/1898.0
2026-04-11 16:03:22 | INFO | [Round 11] Epoch 61/80 time=00:01.31 avg=00:01.21 ETA=00:23.08 | GPU MB alloc/reserved=279.9/1898.0
2026-04-11 16:03:23 | INFO | [Round 11] epoch=62/80 loss=0.0396 acc=99.25 val_acc=nan data_t=0.0022s batch_t=0.0737s epoch_t=00:00.99 lr=0.000129 | GPU MB alloc/reserved=279.9/1898.0
2026-04-11 16:03:23 | INFO | [Round 11] Epoch 62/80 time=00:00.99 avg=00:01.21 ETA=00:21.80 | GPU MB alloc/reserved=279.9/1898.0
2026-04-11 16:03:24 | INFO | [Round 11] epoch=63/80 loss=0.0364 acc=99.31 val_acc=nan data_t=0.0032s batch_t=0.0653s epoch_t=00:00.89 lr=0.000116 | GPU MB alloc/reserved=279.9/1898.0
2026-04-11 16:03:24 | INFO | [Round 11] Epoch 63/80 time=00:00.89 avg=00:01.21 ETA=00:20.50 | GPU MB alloc/reserved=279.9/1898.0
2026-04-11 16:03:25 | INFO | [Round 11] epoch=64/80 loss=0.0341 acc=99.62 val_acc=nan data_t=0.0030s batch_t=0.0616s epoch_t=00:00.84 lr=0.000105 | GPU MB alloc/reserved=279.9/1898.0
2026-04-11 16:03:25 | INFO | [Round 11] Epoch 64/80 time=00:00.84 avg=00:01.20 ETA=00:19.20 | GPU MB alloc/reserved=279.9/1898.0
2026-04-11 16:03:26 | INFO | [Round 11] epoch=65/80 loss=0.0292 acc=99.62 val_acc=nan data_t=0.0023s batch_t=0.0790s epoch_t=00:01.06 lr=0.000093 | GPU MB alloc/reserved=279.9/1898.0
2026-04-11 16:03:26 | INFO | [Round 11] Epoch 65/80 time=00:01.06 avg=00:01.20 ETA=00:17.97 | GPU MB alloc/reserved=279.9/1898.0
2026-04-11 16:03:27 | INFO | [Round 11] epoch=66/80 loss=0.0260 acc=99.75 val_acc=nan data_t=0.0050s batch_t=0.0855s epoch_t=00:01.18 lr=0.000083 | GPU MB alloc/reserved=279.9/1898.0
2026-04-11 16:03:27 | INFO | [Round 11] Epoch 66/80 time=00:01.18 avg=00:01.20 ETA=00:16.77 | GPU MB alloc/reserved=279.9/1898.0
2026-04-11 16:03:28 | INFO | [Round 11] epoch=67/80 loss=0.0241 acc=99.81 val_acc=nan data_t=0.0031s batch_t=0.0889s epoch_t=00:01.20 lr=0.000073 | GPU MB alloc/reserved=279.9/1898.0
2026-04-11 16:03:28 | INFO | [Round 11] Epoch 67/80 time=00:01.20 avg=00:01.20 ETA=00:15.57 | GPU MB alloc/reserved=279.9/1898.0
2026-04-11 16:03:29 | INFO | [Round 11] epoch=68/80 loss=0.0224 acc=99.81 val_acc=nan data_t=0.0023s batch_t=0.0903s epoch_t=00:01.20 lr=0.000064 | GPU MB alloc/reserved=279.9/1898.0
2026-04-11 16:03:29 | INFO | [Round 11] Epoch 68/80 time=00:01.20 avg=00:01.20 ETA=00:14.37 | GPU MB alloc/reserved=279.9/1898.0
2026-04-11 16:03:31 | INFO | [Round 11] epoch=69/80 loss=0.0225 acc=100.00 val_acc=nan data_t=0.0042s batch_t=0.0890s epoch_t=00:01.21 lr=0.000055 | GPU MB alloc/reserved=279.9/1898.0
2026-04-11 16:03:31 | INFO | [Round 11] Epoch 69/80 time=00:01.21 avg=00:01.20 ETA=00:13.18 | GPU MB alloc/reserved=279.9/1898.0
2026-04-11 16:03:32 | INFO | [Round 11] epoch=70/80 loss=0.0230 acc=99.81 val_acc=nan data_t=0.0032s batch_t=0.0897s epoch_t=00:01.21 lr=0.000048 | GPU MB alloc/reserved=279.9/1898.0
2026-04-11 16:03:32 | INFO | [Round 11] Epoch 70/80 time=00:01.21 avg=00:01.20 ETA=00:11.98 | GPU MB alloc/reserved=279.9/1898.0
2026-04-11 16:03:33 | INFO | [Round 11] epoch=71/80 loss=0.0228 acc=99.94 val_acc=nan data_t=0.0031s batch_t=0.0906s epoch_t=00:01.22 lr=0.000041 | GPU MB alloc/reserved=279.9/1898.0
2026-04-11 16:03:33 | INFO | [Round 11] Epoch 71/80 time=00:01.22 avg=00:01.20 ETA=00:10.79 | GPU MB alloc/reserved=279.9/1898.0
2026-04-11 16:03:34 | INFO | [Round 11] epoch=72/80 loss=0.0175 acc=100.00 val_acc=nan data_t=0.0034s batch_t=0.0763s epoch_t=00:01.04 lr=0.000034 | GPU MB alloc/reserved=279.9/1898.0
2026-04-11 16:03:34 | INFO | [Round 11] Epoch 72/80 time=00:01.04 avg=00:01.20 ETA=00:09.57 | GPU MB alloc/reserved=279.9/1898.0
2026-04-11 16:03:35 | INFO | [Round 11] epoch=73/80 loss=0.0195 acc=99.94 val_acc=nan data_t=0.0026s batch_t=0.0962s epoch_t=00:01.29 lr=0.000029 | GPU MB alloc/reserved=279.9/1898.0
2026-04-11 16:03:35 | INFO | [Round 11] Epoch 73/80 time=00:01.29 avg=00:01.20 ETA=00:08.38 | GPU MB alloc/reserved=279.9/1898.0
2026-04-11 16:03:37 | INFO | [Round 11] epoch=74/80 loss=0.0185 acc=99.88 val_acc=nan data_t=0.0021s batch_t=0.0985s epoch_t=00:01.31 lr=0.000024 | GPU MB alloc/reserved=279.9/1898.0
2026-04-11 16:03:37 | INFO | [Round 11] Epoch 74/80 time=00:01.31 avg=00:01.20 ETA=00:07.19 | GPU MB alloc/reserved=279.9/1898.0
2026-04-11 16:03:38 | INFO | [Round 11] epoch=75/80 loss=0.0156 acc=99.88 val_acc=nan data_t=0.0036s batch_t=0.0974s epoch_t=00:01.31 lr=0.000020 | GPU MB alloc/reserved=279.9/1898.0
2026-04-11 16:03:38 | INFO | [Round 11] Epoch 75/80 time=00:01.31 avg=00:01.20 ETA=00:06.00 | GPU MB alloc/reserved=279.9/1898.0
2026-04-11 16:03:39 | INFO | [Round 11] epoch=76/80 loss=0.0259 acc=99.56 val_acc=nan data_t=0.0030s batch_t=0.0981s epoch_t=00:01.31 lr=0.000016 | GPU MB alloc/reserved=279.9/1898.0
2026-04-11 16:03:39 | INFO | [Round 11] Epoch 76/80 time=00:01.31 avg=00:01.20 ETA=00:04.81 | GPU MB alloc/reserved=279.9/1898.0
2026-04-11 16:03:41 | INFO | [Round 11] epoch=77/80 loss=0.0161 acc=99.88 val_acc=nan data_t=0.0031s batch_t=0.1001s epoch_t=00:01.34 lr=0.000013 | GPU MB alloc/reserved=279.9/1898.0
2026-04-11 16:03:41 | INFO | [Round 11] Epoch 77/80 time=00:01.34 avg=00:01.20 ETA=00:03.61 | GPU MB alloc/reserved=279.9/1898.0
2026-04-11 16:03:42 | INFO | [Round 11] epoch=78/80 loss=0.0172 acc=99.94 val_acc=nan data_t=0.0032s batch_t=0.0979s epoch_t=00:01.31 lr=0.000012 | GPU MB alloc/reserved=279.9/1898.0
2026-04-11 16:03:42 | INFO | [Round 11] Epoch 78/80 time=00:01.31 avg=00:01.21 ETA=00:02.41 | GPU MB alloc/reserved=279.9/1898.0
2026-04-11 16:03:43 | INFO | [Round 11] epoch=79/80 loss=0.0174 acc=100.00 val_acc=nan data_t=0.0035s batch_t=0.0825s epoch_t=00:01.12 lr=0.000010 | GPU MB alloc/reserved=279.9/1898.0
2026-04-11 16:03:43 | INFO | [Round 11] Epoch 79/80 time=00:01.12 avg=00:01.20 ETA=00:01.20 | GPU MB alloc/reserved=279.9/1898.0
2026-04-11 16:03:44 | INFO | [Round 11] epoch=80/80 loss=0.0189 acc=100.00 val_acc=nan data_t=0.0035s batch_t=0.0481s epoch_t=00:00.67 lr=0.000010 | GPU MB alloc/reserved=279.9/1898.0
2026-04-11 16:03:44 | INFO | [Round 11] Epoch 80/80 time=00:00.67 avg=00:01.20 ETA=00:00.00 | GPU MB alloc/reserved=279.9/1898.0
2026-04-11 16:03:44 | INFO | [Round 11] training complete in 01:36.12 (best monitor=100.000) | GPU MB alloc/reserved=279.9/1898.0
2026-04-11 16:03:44 | INFO | [Round 11] evaluation started | GPU MB alloc/reserved=193.4/1898.0
2026-04-11 16:03:52 | INFO | [Round 11] clean=58.96 fgsm=46.64 pgd=46.27 grad_disp_mean=nan grad_disp_sel=nan round_t=106.13s | GPU MB alloc/reserved=193.4/1898.0
2026-04-11 16:03:52 | INFO | [Round 12/21] elapsed=01:46.13 avg_round=01:14.10 projected_remaining=11:06.91 | GPU MB alloc/reserved=193.4/1898.0
2026-04-11 16:03:53 | INFO | [Round 12] acquisition on pool_size=48400 scored_pool=5000 budget=100 | GPU MB alloc/reserved=105.1/1898.0
2026-04-11 16:03:54 | INFO | [BADGE] scoring progress 10/20 elapsed=00:00.35 avg/batch=0.035s ETA=00:00.35 | GPU MB alloc/reserved=113.6/1898.0
2026-04-11 16:03:54 | INFO | [BADGE] scoring progress 20/20 elapsed=00:00.55 avg/batch=0.027s ETA=00:00.00 | GPU MB alloc/reserved=110.1/1898.0
2026-04-11 16:03:54 | INFO | [Round 12] labeled=1700 train=1700 val_fixed=0 | GPU MB alloc/reserved=149.7/1898.0
2026-04-11 16:03:56 | INFO | [Round 12] epoch=1/80 loss=2.2759 acc=18.47 val_acc=nan data_t=0.0127s batch_t=0.0897s epoch_t=00:01.43 lr=0.001000 | GPU MB alloc/reserved=280.2/1898.0
2026-04-11 16:03:56 | INFO | [Round 12] Epoch 1/80 time=00:01.43 avg=00:01.43 ETA=01:53.30 | GPU MB alloc/reserved=280.2/1898.0
2026-04-11 16:03:57 | INFO | [Round 12] epoch=2/80 loss=2.0517 acc=22.88 val_acc=nan data_t=0.0020s batch_t=0.0892s epoch_t=00:01.28 lr=0.000998 | GPU MB alloc/reserved=280.2/1898.0
2026-04-11 16:03:57 | INFO | [Round 12] Epoch 2/80 time=00:01.28 avg=00:01.36 ETA=01:45.75 | GPU MB alloc/reserved=280.2/1898.0
2026-04-11 16:03:59 | INFO | [Round 12] epoch=3/80 loss=1.9744 acc=25.65 val_acc=nan data_t=0.0026s batch_t=0.0879s epoch_t=00:01.27 lr=0.000997 | GPU MB alloc/reserved=280.2/1898.0
2026-04-11 16:03:59 | INFO | [Round 12] Epoch 3/80 time=00:01.27 avg=00:01.33 ETA=01:42.13 | GPU MB alloc/reserved=280.2/1898.0
2026-04-11 16:04:00 | INFO | [Round 12] epoch=4/80 loss=1.9478 acc=25.59 val_acc=nan data_t=0.0032s batch_t=0.0870s epoch_t=00:01.26 lr=0.000994 | GPU MB alloc/reserved=280.2/1898.0
2026-04-11 16:04:00 | INFO | [Round 12] Epoch 4/80 time=00:01.26 avg=00:01.31 ETA=01:39.61 | GPU MB alloc/reserved=280.2/1898.0
2026-04-11 16:04:01 | INFO | [Round 12] epoch=5/80 loss=1.8868 acc=27.18 val_acc=nan data_t=0.0022s batch_t=0.0880s epoch_t=00:01.26 lr=0.000990 | GPU MB alloc/reserved=280.2/1898.0
2026-04-11 16:04:01 | INFO | [Round 12] Epoch 5/80 time=00:01.26 avg=00:01.30 ETA=01:37.58 | GPU MB alloc/reserved=280.2/1898.0
2026-04-11 16:04:02 | INFO | [Round 12] epoch=6/80 loss=1.8656 acc=29.12 val_acc=nan data_t=0.0025s batch_t=0.0880s epoch_t=00:01.27 lr=0.000986 | GPU MB alloc/reserved=280.2/1898.0
2026-04-11 16:04:02 | INFO | [Round 12] Epoch 6/80 time=00:01.27 avg=00:01.30 ETA=01:35.86 | GPU MB alloc/reserved=280.2/1898.0
2026-04-11 16:04:04 | INFO | [Round 12] epoch=7/80 loss=1.8448 acc=28.29 val_acc=nan data_t=0.0024s batch_t=0.0886s epoch_t=00:01.27 lr=0.000981 | GPU MB alloc/reserved=280.2/1898.0
2026-04-11 16:04:04 | INFO | [Round 12] Epoch 7/80 time=00:01.27 avg=00:01.29 ETA=01:34.34 | GPU MB alloc/reserved=280.2/1898.0
2026-04-11 16:04:05 | INFO | [Round 12] epoch=8/80 loss=1.7984 acc=31.65 val_acc=nan data_t=0.0019s batch_t=0.0885s epoch_t=00:01.27 lr=0.000976 | GPU MB alloc/reserved=280.2/1898.0
2026-04-11 16:04:05 | INFO | [Round 12] Epoch 8/80 time=00:01.27 avg=00:01.29 ETA=01:32.80 | GPU MB alloc/reserved=280.2/1898.0
2026-04-11 16:04:06 | INFO | [Round 12] epoch=9/80 loss=1.7999 acc=30.47 val_acc=nan data_t=0.0028s batch_t=0.0901s epoch_t=00:01.30 lr=0.000969 | GPU MB alloc/reserved=280.2/1898.0
2026-04-11 16:04:06 | INFO | [Round 12] Epoch 9/80 time=00:01.30 avg=00:01.29 ETA=01:31.62 | GPU MB alloc/reserved=280.2/1898.0
2026-04-11 16:04:08 | INFO | [Round 12] epoch=10/80 loss=1.7638 acc=31.29 val_acc=nan data_t=0.0028s batch_t=0.0895s epoch_t=00:01.29 lr=0.000962 | GPU MB alloc/reserved=280.2/1898.0
2026-04-11 16:04:08 | INFO | [Round 12] Epoch 10/80 time=00:01.29 avg=00:01.29 ETA=01:30.34 | GPU MB alloc/reserved=280.2/1898.0
2026-04-11 16:04:09 | INFO | [Round 12] epoch=11/80 loss=1.6835 acc=35.59 val_acc=nan data_t=0.0029s batch_t=0.0884s epoch_t=00:01.28 lr=0.000955 | GPU MB alloc/reserved=280.2/1898.0
2026-04-11 16:04:09 | INFO | [Round 12] Epoch 11/80 time=00:01.28 avg=00:01.29 ETA=01:28.97 | GPU MB alloc/reserved=280.2/1898.0
2026-04-11 16:04:10 | INFO | [Round 12] epoch=12/80 loss=1.7120 acc=34.94 val_acc=nan data_t=0.0031s batch_t=0.0882s epoch_t=00:01.28 lr=0.000946 | GPU MB alloc/reserved=280.2/1898.0
2026-04-11 16:04:10 | INFO | [Round 12] Epoch 12/80 time=00:01.28 avg=00:01.29 ETA=01:27.62 | GPU MB alloc/reserved=280.2/1898.0
2026-04-11 16:04:11 | INFO | [Round 12] epoch=13/80 loss=1.6669 acc=37.59 val_acc=nan data_t=0.0020s batch_t=0.0890s epoch_t=00:01.27 lr=0.000937 | GPU MB alloc/reserved=280.2/1898.0
2026-04-11 16:04:11 | INFO | [Round 12] Epoch 13/80 time=00:01.27 avg=00:01.29 ETA=01:26.26 | GPU MB alloc/reserved=280.2/1898.0
2026-04-11 16:04:13 | INFO | [Round 12] epoch=14/80 loss=1.6053 acc=37.88 val_acc=nan data_t=0.0028s batch_t=0.0892s epoch_t=00:01.29 lr=0.000927 | GPU MB alloc/reserved=280.2/1898.0
2026-04-11 16:04:13 | INFO | [Round 12] Epoch 14/80 time=00:01.29 avg=00:01.29 ETA=01:24.97 | GPU MB alloc/reserved=280.2/1898.0
2026-04-11 16:04:14 | INFO | [Round 12] epoch=15/80 loss=1.6167 acc=37.94 val_acc=nan data_t=0.0024s batch_t=0.0891s epoch_t=00:01.28 lr=0.000917 | GPU MB alloc/reserved=280.2/1898.0
2026-04-11 16:04:14 | INFO | [Round 12] Epoch 15/80 time=00:01.28 avg=00:01.29 ETA=01:23.66 | GPU MB alloc/reserved=280.2/1898.0
2026-04-11 16:04:15 | INFO | [Round 12] epoch=16/80 loss=1.5678 acc=39.29 val_acc=nan data_t=0.0019s batch_t=0.0892s epoch_t=00:01.28 lr=0.000905 | GPU MB alloc/reserved=280.2/1898.0
2026-04-11 16:04:15 | INFO | [Round 12] Epoch 16/80 time=00:01.28 avg=00:01.29 ETA=01:22.32 | GPU MB alloc/reserved=280.2/1898.0
2026-04-11 16:04:17 | INFO | [Round 12] epoch=17/80 loss=1.5217 acc=41.35 val_acc=nan data_t=0.0018s batch_t=0.0885s epoch_t=00:01.27 lr=0.000894 | GPU MB alloc/reserved=280.2/1898.0
2026-04-11 16:04:17 | INFO | [Round 12] Epoch 17/80 time=00:01.27 avg=00:01.29 ETA=01:20.96 | GPU MB alloc/reserved=280.2/1898.0
2026-04-11 16:04:18 | INFO | [Round 12] epoch=18/80 loss=1.4997 acc=42.82 val_acc=nan data_t=0.0019s batch_t=0.0907s epoch_t=00:01.30 lr=0.000881 | GPU MB alloc/reserved=280.2/1898.0
2026-04-11 16:04:18 | INFO | [Round 12] Epoch 18/80 time=00:01.30 avg=00:01.29 ETA=01:19.71 | GPU MB alloc/reserved=280.2/1898.0
2026-04-11 16:04:19 | INFO | [Round 12] epoch=19/80 loss=1.4435 acc=45.65 val_acc=nan data_t=0.0025s batch_t=0.0882s epoch_t=00:01.27 lr=0.000868 | GPU MB alloc/reserved=280.2/1898.0
2026-04-11 16:04:19 | INFO | [Round 12] Epoch 19/80 time=00:01.27 avg=00:01.28 ETA=01:18.38 | GPU MB alloc/reserved=280.2/1898.0
2026-04-11 16:04:20 | INFO | [Round 12] epoch=20/80 loss=1.4008 acc=46.41 val_acc=nan data_t=0.0019s batch_t=0.0908s epoch_t=00:01.30 lr=0.000855 | GPU MB alloc/reserved=280.2/1898.0
2026-04-11 16:04:20 | INFO | [Round 12] Epoch 20/80 time=00:01.30 avg=00:01.29 ETA=01:17.13 | GPU MB alloc/reserved=280.2/1898.0
2026-04-11 16:04:22 | INFO | [Round 12] epoch=21/80 loss=1.3639 acc=47.53 val_acc=nan data_t=0.0031s batch_t=0.0892s epoch_t=00:01.29 lr=0.000841 | GPU MB alloc/reserved=280.2/1898.0
2026-04-11 16:04:22 | INFO | [Round 12] Epoch 21/80 time=00:01.29 avg=00:01.29 ETA=01:15.87 | GPU MB alloc/reserved=280.2/1898.0
2026-04-11 16:04:23 | INFO | [Round 12] epoch=22/80 loss=1.3291 acc=48.35 val_acc=nan data_t=0.0030s batch_t=0.0902s epoch_t=00:01.30 lr=0.000826 | GPU MB alloc/reserved=280.2/1898.0
2026-04-11 16:04:23 | INFO | [Round 12] Epoch 22/80 time=00:01.30 avg=00:01.29 ETA=01:14.63 | GPU MB alloc/reserved=280.2/1898.0
2026-04-11 16:04:24 | INFO | [Round 12] epoch=23/80 loss=1.2948 acc=49.88 val_acc=nan data_t=0.0024s batch_t=0.0906s epoch_t=00:01.30 lr=0.000811 | GPU MB alloc/reserved=280.2/1898.0
2026-04-11 16:04:24 | INFO | [Round 12] Epoch 23/80 time=00:01.30 avg=00:01.29 ETA=01:13.38 | GPU MB alloc/reserved=280.2/1898.0
2026-04-11 16:04:26 | INFO | [Round 12] epoch=24/80 loss=1.2859 acc=50.24 val_acc=nan data_t=0.0037s batch_t=0.0912s epoch_t=00:01.33 lr=0.000796 | GPU MB alloc/reserved=280.2/1898.0
2026-04-11 16:04:26 | INFO | [Round 12] Epoch 24/80 time=00:01.33 avg=00:01.29 ETA=01:12.19 | GPU MB alloc/reserved=280.2/1898.0
2026-04-11 16:04:27 | INFO | [Round 12] epoch=25/80 loss=1.2400 acc=52.88 val_acc=nan data_t=0.0021s batch_t=0.0921s epoch_t=00:01.32 lr=0.000780 | GPU MB alloc/reserved=280.2/1898.0
2026-04-11 16:04:27 | INFO | [Round 12] Epoch 25/80 time=00:01.32 avg=00:01.29 ETA=01:10.97 | GPU MB alloc/reserved=280.2/1898.0
2026-04-11 16:04:28 | INFO | [Round 12] epoch=26/80 loss=1.2303 acc=53.59 val_acc=nan data_t=0.0031s batch_t=0.0913s epoch_t=00:01.32 lr=0.000764 | GPU MB alloc/reserved=280.2/1898.0
2026-04-11 16:04:28 | INFO | [Round 12] Epoch 26/80 time=00:01.32 avg=00:01.29 ETA=01:09.74 | GPU MB alloc/reserved=280.2/1898.0
2026-04-11 16:04:30 | INFO | [Round 12] epoch=27/80 loss=1.1465 acc=55.47 val_acc=nan data_t=0.0035s batch_t=0.0908s epoch_t=00:01.32 lr=0.000747 | GPU MB alloc/reserved=280.2/1898.0
2026-04-11 16:04:30 | INFO | [Round 12] Epoch 27/80 time=00:01.32 avg=00:01.29 ETA=01:08.51 | GPU MB alloc/reserved=280.2/1898.0
2026-04-11 16:04:31 | INFO | [Round 12] epoch=28/80 loss=1.1110 acc=56.71 val_acc=nan data_t=0.0032s batch_t=0.0894s epoch_t=00:01.30 lr=0.000730 | GPU MB alloc/reserved=280.2/1898.0
2026-04-11 16:04:31 | INFO | [Round 12] Epoch 28/80 time=00:01.30 avg=00:01.29 ETA=01:07.22 | GPU MB alloc/reserved=280.2/1898.0
2026-04-11 16:04:32 | INFO | [Round 12] epoch=29/80 loss=1.0869 acc=59.06 val_acc=nan data_t=0.0021s batch_t=0.0901s epoch_t=00:01.29 lr=0.000712 | GPU MB alloc/reserved=280.2/1898.0
2026-04-11 16:04:32 | INFO | [Round 12] Epoch 29/80 time=00:01.29 avg=00:01.29 ETA=01:05.93 | GPU MB alloc/reserved=280.2/1898.0
2026-04-11 16:04:34 | INFO | [Round 12] epoch=30/80 loss=1.0471 acc=59.18 val_acc=nan data_t=0.0019s batch_t=0.0916s epoch_t=00:01.31 lr=0.000694 | GPU MB alloc/reserved=280.2/1898.0
2026-04-11 16:04:34 | INFO | [Round 12] Epoch 30/80 time=00:01.31 avg=00:01.29 ETA=01:04.66 | GPU MB alloc/reserved=280.2/1898.0
2026-04-11 16:04:35 | INFO | [Round 12] epoch=31/80 loss=1.0056 acc=61.76 val_acc=nan data_t=0.0030s batch_t=0.0900s epoch_t=00:01.30 lr=0.000676 | GPU MB alloc/reserved=280.2/1898.0
2026-04-11 16:04:35 | INFO | [Round 12] Epoch 31/80 time=00:01.30 avg=00:01.29 ETA=01:03.39 | GPU MB alloc/reserved=280.2/1898.0
2026-04-11 16:04:36 | INFO | [Round 12] epoch=32/80 loss=0.9473 acc=63.88 val_acc=nan data_t=0.0032s batch_t=0.0892s epoch_t=00:01.29 lr=0.000658 | GPU MB alloc/reserved=280.2/1898.0
2026-04-11 16:04:36 | INFO | [Round 12] Epoch 32/80 time=00:01.29 avg=00:01.29 ETA=01:02.09 | GPU MB alloc/reserved=280.2/1898.0
2026-04-11 16:04:38 | INFO | [Round 12] epoch=33/80 loss=0.8518 acc=67.71 val_acc=nan data_t=0.0039s batch_t=0.0900s epoch_t=00:01.31 lr=0.000639 | GPU MB alloc/reserved=280.2/1898.0
2026-04-11 16:04:38 | INFO | [Round 12] Epoch 33/80 time=00:01.31 avg=00:01.29 ETA=01:00.83 | GPU MB alloc/reserved=280.2/1898.0
2026-04-11 16:04:39 | INFO | [Round 12] epoch=34/80 loss=0.8146 acc=68.47 val_acc=nan data_t=0.0029s batch_t=0.0901s epoch_t=00:01.30 lr=0.000621 | GPU MB alloc/reserved=280.2/1898.0
2026-04-11 16:04:39 | INFO | [Round 12] Epoch 34/80 time=00:01.30 avg=00:01.29 ETA=00:59.54 | GPU MB alloc/reserved=280.2/1898.0
2026-04-11 16:04:40 | INFO | [Round 12] epoch=35/80 loss=0.7902 acc=70.35 val_acc=nan data_t=0.0019s batch_t=0.0900s epoch_t=00:01.29 lr=0.000602 | GPU MB alloc/reserved=280.2/1898.0
2026-04-11 16:04:40 | INFO | [Round 12] Epoch 35/80 time=00:01.29 avg=00:01.29 ETA=00:58.24 | GPU MB alloc/reserved=280.2/1898.0
2026-04-11 16:04:41 | INFO | [Round 12] epoch=36/80 loss=0.7695 acc=70.59 val_acc=nan data_t=0.0019s batch_t=0.0905s epoch_t=00:01.29 lr=0.000582 | GPU MB alloc/reserved=280.2/1898.0
2026-04-11 16:04:41 | INFO | [Round 12] Epoch 36/80 time=00:01.29 avg=00:01.29 ETA=00:56.94 | GPU MB alloc/reserved=280.2/1898.0
2026-04-11 16:04:43 | INFO | [Round 12] epoch=37/80 loss=0.7120 acc=73.41 val_acc=nan data_t=0.0028s batch_t=0.0910s epoch_t=00:01.31 lr=0.000563 | GPU MB alloc/reserved=280.2/1898.0
2026-04-11 16:04:43 | INFO | [Round 12] Epoch 37/80 time=00:01.31 avg=00:01.29 ETA=00:55.67 | GPU MB alloc/reserved=280.2/1898.0
2026-04-11 16:04:44 | INFO | [Round 12] epoch=38/80 loss=0.6509 acc=75.47 val_acc=nan data_t=0.0032s batch_t=0.0912s epoch_t=00:01.32 lr=0.000544 | GPU MB alloc/reserved=280.2/1898.0
2026-04-11 16:04:44 | INFO | [Round 12] Epoch 38/80 time=00:01.32 avg=00:01.30 ETA=00:54.41 | GPU MB alloc/reserved=280.2/1898.0
2026-04-11 16:04:45 | INFO | [Round 12] epoch=39/80 loss=0.6333 acc=76.59 val_acc=nan data_t=0.0019s batch_t=0.0912s epoch_t=00:01.30 lr=0.000524 | GPU MB alloc/reserved=280.2/1898.0
2026-04-11 16:04:45 | INFO | [Round 12] Epoch 39/80 time=00:01.30 avg=00:01.30 ETA=00:53.12 | GPU MB alloc/reserved=280.2/1898.0
2026-04-11 16:04:47 | INFO | [Round 12] epoch=40/80 loss=0.6200 acc=78.06 val_acc=nan data_t=0.0026s batch_t=0.0906s epoch_t=00:01.30 lr=0.000505 | GPU MB alloc/reserved=280.2/1898.0
2026-04-11 16:04:47 | INFO | [Round 12] Epoch 40/80 time=00:01.30 avg=00:01.30 ETA=00:51.83 | GPU MB alloc/reserved=280.2/1898.0
2026-04-11 16:04:48 | INFO | [Round 12] epoch=41/80 loss=0.5867 acc=78.24 val_acc=nan data_t=0.0025s batch_t=0.0905s epoch_t=00:01.30 lr=0.000486 | GPU MB alloc/reserved=280.2/1898.0
2026-04-11 16:04:48 | INFO | [Round 12] Epoch 41/80 time=00:01.30 avg=00:01.30 ETA=00:50.55 | GPU MB alloc/reserved=280.2/1898.0
2026-04-11 16:04:49 | INFO | [Round 12] epoch=42/80 loss=0.5005 acc=81.18 val_acc=nan data_t=0.0025s batch_t=0.0907s epoch_t=00:01.31 lr=0.000466 | GPU MB alloc/reserved=280.2/1898.0
2026-04-11 16:04:49 | INFO | [Round 12] Epoch 42/80 time=00:01.31 avg=00:01.30 ETA=00:49.26 | GPU MB alloc/reserved=280.2/1898.0
2026-04-11 16:04:51 | INFO | [Round 12] epoch=43/80 loss=0.4865 acc=81.82 val_acc=nan data_t=0.0032s batch_t=0.0896s epoch_t=00:01.30 lr=0.000447 | GPU MB alloc/reserved=280.2/1898.0
2026-04-11 16:04:51 | INFO | [Round 12] Epoch 43/80 time=00:01.30 avg=00:01.30 ETA=00:47.97 | GPU MB alloc/reserved=280.2/1898.0
2026-04-11 16:04:52 | INFO | [Round 12] epoch=44/80 loss=0.3870 acc=87.00 val_acc=nan data_t=0.0034s batch_t=0.0893s epoch_t=00:01.30 lr=0.000428 | GPU MB alloc/reserved=280.2/1898.0
2026-04-11 16:04:52 | INFO | [Round 12] Epoch 44/80 time=00:01.30 avg=00:01.30 ETA=00:46.67 | GPU MB alloc/reserved=280.2/1898.0
2026-04-11 16:04:53 | INFO | [Round 12] epoch=45/80 loss=0.3641 acc=86.88 val_acc=nan data_t=0.0019s batch_t=0.0898s epoch_t=00:01.28 lr=0.000408 | GPU MB alloc/reserved=280.2/1898.0
2026-04-11 16:04:53 | INFO | [Round 12] Epoch 45/80 time=00:01.28 avg=00:01.30 ETA=00:45.36 | GPU MB alloc/reserved=280.2/1898.0
2026-04-11 16:04:55 | INFO | [Round 12] epoch=46/80 loss=0.3360 acc=89.12 val_acc=nan data_t=0.0019s batch_t=0.0908s epoch_t=00:01.30 lr=0.000389 | GPU MB alloc/reserved=280.2/1898.0
2026-04-11 16:04:55 | INFO | [Round 12] Epoch 46/80 time=00:01.30 avg=00:01.30 ETA=00:44.07 | GPU MB alloc/reserved=280.2/1898.0
2026-04-11 16:04:56 | INFO | [Round 12] epoch=47/80 loss=0.3150 acc=89.06 val_acc=nan data_t=0.0023s batch_t=0.0928s epoch_t=00:01.33 lr=0.000371 | GPU MB alloc/reserved=280.2/1898.0
2026-04-11 16:04:56 | INFO | [Round 12] Epoch 47/80 time=00:01.33 avg=00:01.30 ETA=00:42.80 | GPU MB alloc/reserved=280.2/1898.0
2026-04-11 16:04:57 | INFO | [Round 12] epoch=48/80 loss=0.2799 acc=91.24 val_acc=nan data_t=0.0026s batch_t=0.0914s epoch_t=00:01.32 lr=0.000352 | GPU MB alloc/reserved=280.2/1898.0
2026-04-11 16:04:57 | INFO | [Round 12] Epoch 48/80 time=00:01.32 avg=00:01.30 ETA=00:41.51 | GPU MB alloc/reserved=280.2/1898.0
2026-04-11 16:04:58 | INFO | [Round 12] epoch=49/80 loss=0.2213 acc=93.06 val_acc=nan data_t=0.0025s batch_t=0.0910s epoch_t=00:01.31 lr=0.000334 | GPU MB alloc/reserved=280.2/1898.0
2026-04-11 16:04:58 | INFO | [Round 12] Epoch 49/80 time=00:01.31 avg=00:01.30 ETA=00:40.22 | GPU MB alloc/reserved=280.2/1898.0
2026-04-11 16:05:00 | INFO | [Round 12] epoch=50/80 loss=0.1625 acc=95.12 val_acc=nan data_t=0.0021s batch_t=0.0911s epoch_t=00:01.31 lr=0.000316 | GPU MB alloc/reserved=280.2/1898.0
2026-04-11 16:05:00 | INFO | [Round 12] Epoch 50/80 time=00:01.31 avg=00:01.30 ETA=00:38.93 | GPU MB alloc/reserved=280.2/1898.0
2026-04-11 16:05:01 | INFO | [Round 12] epoch=51/80 loss=0.1579 acc=96.00 val_acc=nan data_t=0.0019s batch_t=0.0906s epoch_t=00:01.29 lr=0.000298 | GPU MB alloc/reserved=280.2/1898.0
2026-04-11 16:05:01 | INFO | [Round 12] Epoch 51/80 time=00:01.29 avg=00:01.30 ETA=00:37.63 | GPU MB alloc/reserved=280.2/1898.0
2026-04-11 16:05:02 | INFO | [Round 12] epoch=52/80 loss=0.1398 acc=96.24 val_acc=nan data_t=0.0025s batch_t=0.0912s epoch_t=00:01.31 lr=0.000280 | GPU MB alloc/reserved=280.2/1898.0
2026-04-11 16:05:02 | INFO | [Round 12] Epoch 52/80 time=00:01.31 avg=00:01.30 ETA=00:36.34 | GPU MB alloc/reserved=280.2/1898.0
2026-04-11 16:05:04 | INFO | [Round 12] epoch=53/80 loss=0.1402 acc=96.24 val_acc=nan data_t=0.0028s batch_t=0.0909s epoch_t=00:01.31 lr=0.000263 | GPU MB alloc/reserved=280.2/1898.0
2026-04-11 16:05:04 | INFO | [Round 12] Epoch 53/80 time=00:01.31 avg=00:01.30 ETA=00:35.05 | GPU MB alloc/reserved=280.2/1898.0
2026-04-11 16:05:05 | INFO | [Round 12] epoch=54/80 loss=0.1561 acc=95.24 val_acc=nan data_t=0.0019s batch_t=0.0908s epoch_t=00:01.30 lr=0.000246 | GPU MB alloc/reserved=280.2/1898.0
2026-04-11 16:05:05 | INFO | [Round 12] Epoch 54/80 time=00:01.30 avg=00:01.30 ETA=00:33.75 | GPU MB alloc/reserved=280.2/1898.0
2026-04-11 16:05:06 | INFO | [Round 12] epoch=55/80 loss=0.1209 acc=96.65 val_acc=nan data_t=0.0021s batch_t=0.0905s epoch_t=00:01.30 lr=0.000230 | GPU MB alloc/reserved=280.2/1898.0
2026-04-11 16:05:06 | INFO | [Round 12] Epoch 55/80 time=00:01.30 avg=00:01.30 ETA=00:32.45 | GPU MB alloc/reserved=280.2/1898.0
2026-04-11 16:05:08 | INFO | [Round 12] epoch=56/80 loss=0.1122 acc=96.94 val_acc=nan data_t=0.0020s batch_t=0.0905s epoch_t=00:01.30 lr=0.000214 | GPU MB alloc/reserved=280.2/1898.0
2026-04-11 16:05:08 | INFO | [Round 12] Epoch 56/80 time=00:01.30 avg=00:01.30 ETA=00:31.16 | GPU MB alloc/reserved=280.2/1898.0
2026-04-11 16:05:09 | INFO | [Round 12] epoch=57/80 loss=0.1131 acc=96.94 val_acc=nan data_t=0.0033s batch_t=0.0760s epoch_t=00:01.11 lr=0.000199 | GPU MB alloc/reserved=280.2/1898.0
2026-04-11 16:05:09 | INFO | [Round 12] Epoch 57/80 time=00:01.11 avg=00:01.29 ETA=00:29.78 | GPU MB alloc/reserved=280.2/1898.0
2026-04-11 16:05:10 | INFO | [Round 12] epoch=58/80 loss=0.0992 acc=97.65 val_acc=nan data_t=0.0026s batch_t=0.0977s epoch_t=00:01.40 lr=0.000184 | GPU MB alloc/reserved=280.2/1898.0
2026-04-11 16:05:10 | INFO | [Round 12] Epoch 58/80 time=00:01.40 avg=00:01.30 ETA=00:28.53 | GPU MB alloc/reserved=280.2/1898.0
2026-04-11 16:05:12 | INFO | [Round 12] epoch=59/80 loss=0.0879 acc=97.71 val_acc=nan data_t=0.0030s batch_t=0.0963s epoch_t=00:01.39 lr=0.000169 | GPU MB alloc/reserved=280.2/1898.0
2026-04-11 16:05:12 | INFO | [Round 12] Epoch 59/80 time=00:01.39 avg=00:01.30 ETA=00:27.26 | GPU MB alloc/reserved=280.2/1898.0
2026-04-11 16:05:13 | INFO | [Round 12] epoch=60/80 loss=0.0694 acc=98.47 val_acc=nan data_t=0.0035s batch_t=0.0984s epoch_t=00:01.43 lr=0.000155 | GPU MB alloc/reserved=280.2/1898.0
2026-04-11 16:05:13 | INFO | [Round 12] Epoch 60/80 time=00:01.43 avg=00:01.30 ETA=00:26.01 | GPU MB alloc/reserved=280.2/1898.0
2026-04-11 16:05:14 | INFO | [Round 12] epoch=61/80 loss=0.0576 acc=98.59 val_acc=nan data_t=0.0032s batch_t=0.0981s epoch_t=00:01.42 lr=0.000142 | GPU MB alloc/reserved=280.2/1898.0
2026-04-11 16:05:14 | INFO | [Round 12] Epoch 61/80 time=00:01.42 avg=00:01.30 ETA=00:24.75 | GPU MB alloc/reserved=280.2/1898.0
2026-04-11 16:05:16 | INFO | [Round 12] epoch=62/80 loss=0.0516 acc=99.18 val_acc=nan data_t=0.0018s batch_t=0.0986s epoch_t=00:01.41 lr=0.000129 | GPU MB alloc/reserved=280.2/1898.0
2026-04-11 16:05:16 | INFO | [Round 12] Epoch 62/80 time=00:01.41 avg=00:01.30 ETA=00:23.47 | GPU MB alloc/reserved=280.2/1898.0
2026-04-11 16:05:17 | INFO | [Round 12] epoch=63/80 loss=0.0457 acc=99.24 val_acc=nan data_t=0.0019s batch_t=0.0968s epoch_t=00:01.38 lr=0.000116 | GPU MB alloc/reserved=280.2/1898.0
2026-04-11 16:05:17 | INFO | [Round 12] Epoch 63/80 time=00:01.38 avg=00:01.31 ETA=00:22.19 | GPU MB alloc/reserved=280.2/1898.0
2026-04-11 16:05:18 | INFO | [Round 12] epoch=64/80 loss=0.0443 acc=99.24 val_acc=nan data_t=0.0034s batch_t=0.0595s epoch_t=00:00.88 lr=0.000105 | GPU MB alloc/reserved=280.2/1898.0
2026-04-11 16:05:18 | INFO | [Round 12] Epoch 64/80 time=00:00.88 avg=00:01.30 ETA=00:20.78 | GPU MB alloc/reserved=280.2/1898.0
2026-04-11 16:05:19 | INFO | [Round 12] epoch=65/80 loss=0.0399 acc=99.35 val_acc=nan data_t=0.0029s batch_t=0.0698s epoch_t=00:01.02 lr=0.000093 | GPU MB alloc/reserved=280.2/1898.0
2026-04-11 16:05:19 | INFO | [Round 12] Epoch 65/80 time=00:01.02 avg=00:01.29 ETA=00:19.42 | GPU MB alloc/reserved=280.2/1898.0
2026-04-11 16:05:20 | INFO | [Round 12] epoch=66/80 loss=0.0389 acc=99.41 val_acc=nan data_t=0.0019s batch_t=0.0685s epoch_t=00:00.99 lr=0.000083 | GPU MB alloc/reserved=280.2/1898.0
2026-04-11 16:05:20 | INFO | [Round 12] Epoch 66/80 time=00:00.99 avg=00:01.29 ETA=00:18.06 | GPU MB alloc/reserved=280.2/1898.0
2026-04-11 16:05:21 | INFO | [Round 12] epoch=67/80 loss=0.0294 acc=99.82 val_acc=nan data_t=0.0030s batch_t=0.0832s epoch_t=00:01.21 lr=0.000073 | GPU MB alloc/reserved=280.2/1898.0
2026-04-11 16:05:21 | INFO | [Round 12] Epoch 67/80 time=00:01.21 avg=00:01.29 ETA=00:16.75 | GPU MB alloc/reserved=280.2/1898.0
2026-04-11 16:05:23 | INFO | [Round 12] epoch=68/80 loss=0.0289 acc=99.53 val_acc=nan data_t=0.0029s batch_t=0.0911s epoch_t=00:01.32 lr=0.000064 | GPU MB alloc/reserved=280.2/1898.0
2026-04-11 16:05:23 | INFO | [Round 12] Epoch 68/80 time=00:01.32 avg=00:01.29 ETA=00:15.47 | GPU MB alloc/reserved=280.2/1898.0
2026-04-11 16:05:24 | INFO | [Round 12] epoch=69/80 loss=0.0294 acc=99.76 val_acc=nan data_t=0.0033s batch_t=0.0901s epoch_t=00:01.31 lr=0.000055 | GPU MB alloc/reserved=280.2/1898.0
2026-04-11 16:05:24 | INFO | [Round 12] Epoch 69/80 time=00:01.31 avg=00:01.29 ETA=00:14.18 | GPU MB alloc/reserved=280.2/1898.0
2026-04-11 16:05:25 | INFO | [Round 12] epoch=70/80 loss=0.0252 acc=99.76 val_acc=nan data_t=0.0019s batch_t=0.0881s epoch_t=00:01.26 lr=0.000048 | GPU MB alloc/reserved=280.2/1898.0
2026-04-11 16:05:25 | INFO | [Round 12] Epoch 70/80 time=00:01.26 avg=00:01.29 ETA=00:12.89 | GPU MB alloc/reserved=280.2/1898.0
2026-04-11 16:05:26 | INFO | [Round 12] epoch=71/80 loss=0.0222 acc=99.82 val_acc=nan data_t=0.0022s batch_t=0.0886s epoch_t=00:01.27 lr=0.000041 | GPU MB alloc/reserved=280.2/1898.0
2026-04-11 16:05:26 | INFO | [Round 12] Epoch 71/80 time=00:01.27 avg=00:01.29 ETA=00:11.60 | GPU MB alloc/reserved=280.2/1898.0
2026-04-11 16:05:28 | INFO | [Round 12] epoch=72/80 loss=0.0241 acc=99.88 val_acc=nan data_t=0.0029s batch_t=0.0895s epoch_t=00:01.29 lr=0.000034 | GPU MB alloc/reserved=280.2/1898.0
2026-04-11 16:05:28 | INFO | [Round 12] Epoch 72/80 time=00:01.29 avg=00:01.29 ETA=00:10.31 | GPU MB alloc/reserved=280.2/1898.0
2026-04-11 16:05:29 | INFO | [Round 12] epoch=73/80 loss=0.0254 acc=99.71 val_acc=nan data_t=0.0022s batch_t=0.0892s epoch_t=00:01.28 lr=0.000029 | GPU MB alloc/reserved=280.2/1898.0
2026-04-11 16:05:29 | INFO | [Round 12] Epoch 73/80 time=00:01.28 avg=00:01.29 ETA=00:09.02 | GPU MB alloc/reserved=280.2/1898.0
2026-04-11 16:05:30 | INFO | [Round 12] epoch=74/80 loss=0.0244 acc=99.82 val_acc=nan data_t=0.0030s batch_t=0.0874s epoch_t=00:01.27 lr=0.000024 | GPU MB alloc/reserved=280.2/1898.0
2026-04-11 16:05:30 | INFO | [Round 12] Epoch 74/80 time=00:01.27 avg=00:01.29 ETA=00:07.73 | GPU MB alloc/reserved=280.2/1898.0
2026-04-11 16:05:32 | INFO | [Round 12] epoch=75/80 loss=0.0223 acc=99.82 val_acc=nan data_t=0.0019s batch_t=0.0997s epoch_t=00:01.42 lr=0.000020 | GPU MB alloc/reserved=280.2/1898.0
2026-04-11 16:05:32 | INFO | [Round 12] Epoch 75/80 time=00:01.42 avg=00:01.29 ETA=00:06.45 | GPU MB alloc/reserved=280.2/1898.0
2026-04-11 16:05:33 | INFO | [Round 12] epoch=76/80 loss=0.0199 acc=99.88 val_acc=nan data_t=0.0028s batch_t=0.0958s epoch_t=00:01.38 lr=0.000016 | GPU MB alloc/reserved=280.2/1898.0
2026-04-11 16:05:33 | INFO | [Round 12] Epoch 76/80 time=00:01.38 avg=00:01.29 ETA=00:05.16 | GPU MB alloc/reserved=280.2/1898.0
2026-04-11 16:05:35 | INFO | [Round 12] epoch=77/80 loss=0.0244 acc=99.76 val_acc=nan data_t=0.0024s batch_t=0.0984s epoch_t=00:01.41 lr=0.000013 | GPU MB alloc/reserved=280.2/1898.0
2026-04-11 16:05:35 | INFO | [Round 12] Epoch 77/80 time=00:01.41 avg=00:01.29 ETA=00:03.88 | GPU MB alloc/reserved=280.2/1898.0
2026-04-11 16:05:36 | INFO | [Round 12] epoch=78/80 loss=0.0247 acc=99.65 val_acc=nan data_t=0.0024s batch_t=0.0980s epoch_t=00:01.41 lr=0.000012 | GPU MB alloc/reserved=280.2/1898.0
2026-04-11 16:05:36 | INFO | [Round 12] Epoch 78/80 time=00:01.41 avg=00:01.29 ETA=00:02.59 | GPU MB alloc/reserved=280.2/1898.0
2026-04-11 16:05:37 | INFO | [Round 12] epoch=79/80 loss=0.0212 acc=99.88 val_acc=nan data_t=0.0020s batch_t=0.0992s epoch_t=00:01.42 lr=0.000010 | GPU MB alloc/reserved=280.2/1898.0
2026-04-11 16:05:37 | INFO | [Round 12] Epoch 79/80 time=00:01.42 avg=00:01.30 ETA=00:01.30 | GPU MB alloc/reserved=280.2/1898.0
2026-04-11 16:05:38 | INFO | [Round 12] epoch=80/80 loss=0.0241 acc=99.71 val_acc=nan data_t=0.0019s batch_t=0.0755s epoch_t=00:01.08 lr=0.000010 | GPU MB alloc/reserved=280.2/1898.0
2026-04-11 16:05:38 | INFO | [Round 12] Epoch 80/80 time=00:01.08 avg=00:01.29 ETA=00:00.00 | GPU MB alloc/reserved=280.2/1898.0
2026-04-11 16:05:39 | INFO | [Round 12] training complete in 01:43.99 (best monitor=99.882) | GPU MB alloc/reserved=280.2/1898.0
2026-04-11 16:05:39 | INFO | [Round 12] evaluation started | GPU MB alloc/reserved=192.4/1898.0
2026-04-11 16:05:47 | INFO | [Round 12] clean=60.66 fgsm=48.63 pgd=48.13 grad_disp_mean=nan grad_disp_sel=nan round_t=113.52s | GPU MB alloc/reserved=192.4/1898.0
2026-04-11 16:05:47 | INFO | [Round 13/21] elapsed=01:53.52 avg_round=01:17.13 projected_remaining=10:17.06 | GPU MB alloc/reserved=192.4/1898.0
2026-04-11 16:05:48 | INFO | [Round 13] acquisition on pool_size=48300 scored_pool=5000 budget=100 | GPU MB alloc/reserved=103.6/1898.0
2026-04-11 16:05:48 | INFO | [BADGE] scoring progress 10/20 elapsed=00:00.37 avg/batch=0.037s ETA=00:00.37 | GPU MB alloc/reserved=112.1/1898.0
2026-04-11 16:05:48 | INFO | [BADGE] scoring progress 20/20 elapsed=00:00.57 avg/batch=0.028s ETA=00:00.00 | GPU MB alloc/reserved=109.1/1898.0
2026-04-11 16:05:49 | INFO | [Round 13] labeled=1800 train=1800 val_fixed=0 | GPU MB alloc/reserved=147.0/1898.0
2026-04-11 16:05:51 | INFO | [Round 13] epoch=1/80 loss=2.2577 acc=18.00 val_acc=nan data_t=0.0109s batch_t=0.0930s epoch_t=00:01.56 lr=0.001000 | GPU MB alloc/reserved=278.0/1898.0
2026-04-11 16:05:51 | INFO | [Round 13] Epoch 1/80 time=00:01.56 avg=00:01.56 ETA=02:03.21 | GPU MB alloc/reserved=278.0/1898.0
2026-04-11 16:05:52 | INFO | [Round 13] epoch=2/80 loss=2.0584 acc=21.67 val_acc=nan data_t=0.0019s batch_t=0.0893s epoch_t=00:01.37 lr=0.000998 | GPU MB alloc/reserved=278.0/1898.0
2026-04-11 16:05:52 | INFO | [Round 13] Epoch 2/80 time=00:01.37 avg=00:01.46 ETA=01:54.19 | GPU MB alloc/reserved=278.0/1898.0
2026-04-11 16:05:53 | INFO | [Round 13] epoch=3/80 loss=2.0133 acc=21.56 val_acc=nan data_t=0.0028s batch_t=0.0896s epoch_t=00:01.39 lr=0.000997 | GPU MB alloc/reserved=278.0/1898.0
2026-04-11 16:05:53 | INFO | [Round 13] Epoch 3/80 time=00:01.39 avg=00:01.44 ETA=01:50.76 | GPU MB alloc/reserved=278.0/1898.0
2026-04-11 16:05:55 | INFO | [Round 13] epoch=4/80 loss=1.9743 acc=24.94 val_acc=nan data_t=0.0034s batch_t=0.0897s epoch_t=00:01.40 lr=0.000994 | GPU MB alloc/reserved=278.0/1898.0
2026-04-11 16:05:55 | INFO | [Round 13] Epoch 4/80 time=00:01.40 avg=00:01.43 ETA=01:48.55 | GPU MB alloc/reserved=278.0/1898.0
2026-04-11 16:05:56 | INFO | [Round 13] epoch=5/80 loss=1.9054 acc=27.56 val_acc=nan data_t=0.0030s batch_t=0.0900s epoch_t=00:01.40 lr=0.000990 | GPU MB alloc/reserved=278.0/1898.0
2026-04-11 16:05:56 | INFO | [Round 13] Epoch 5/80 time=00:01.40 avg=00:01.42 ETA=01:46.63 | GPU MB alloc/reserved=278.0/1898.0
2026-04-11 16:05:58 | INFO | [Round 13] epoch=6/80 loss=1.9422 acc=25.39 val_acc=nan data_t=0.0028s batch_t=0.0905s epoch_t=00:01.40 lr=0.000986 | GPU MB alloc/reserved=278.0/1898.0
2026-04-11 16:05:58 | INFO | [Round 13] Epoch 6/80 time=00:01.40 avg=00:01.42 ETA=01:44.93 | GPU MB alloc/reserved=278.0/1898.0
2026-04-11 16:05:59 | INFO | [Round 13] epoch=7/80 loss=1.8440 acc=28.39 val_acc=nan data_t=0.0018s batch_t=0.0898s epoch_t=00:01.37 lr=0.000981 | GPU MB alloc/reserved=278.0/1898.0
2026-04-11 16:05:59 | INFO | [Round 13] Epoch 7/80 time=00:01.37 avg=00:01.41 ETA=01:43.05 | GPU MB alloc/reserved=278.0/1898.0
2026-04-11 16:06:00 | INFO | [Round 13] epoch=8/80 loss=1.8518 acc=28.22 val_acc=nan data_t=0.0030s batch_t=0.0888s epoch_t=00:01.38 lr=0.000976 | GPU MB alloc/reserved=278.0/1898.0
2026-04-11 16:06:00 | INFO | [Round 13] Epoch 8/80 time=00:01.38 avg=00:01.41 ETA=01:41.33 | GPU MB alloc/reserved=278.0/1898.0
2026-04-11 16:06:02 | INFO | [Round 13] epoch=9/80 loss=1.8754 acc=26.72 val_acc=nan data_t=0.0029s batch_t=0.0873s epoch_t=00:01.35 lr=0.000969 | GPU MB alloc/reserved=278.0/1898.0
2026-04-11 16:06:02 | INFO | [Round 13] Epoch 9/80 time=00:01.35 avg=00:01.40 ETA=01:39.50 | GPU MB alloc/reserved=278.0/1898.0
2026-04-11 16:06:03 | INFO | [Round 13] epoch=10/80 loss=1.8571 acc=27.50 val_acc=nan data_t=0.0023s batch_t=0.0899s epoch_t=00:01.38 lr=0.000962 | GPU MB alloc/reserved=278.0/1898.0
2026-04-11 16:06:03 | INFO | [Round 13] Epoch 10/80 time=00:01.38 avg=00:01.40 ETA=01:37.97 | GPU MB alloc/reserved=278.0/1898.0
2026-04-11 16:06:04 | INFO | [Round 13] epoch=11/80 loss=1.8287 acc=29.39 val_acc=nan data_t=0.0029s batch_t=0.0893s epoch_t=00:01.38 lr=0.000955 | GPU MB alloc/reserved=278.0/1898.0
2026-04-11 16:06:04 | INFO | [Round 13] Epoch 11/80 time=00:01.38 avg=00:01.40 ETA=01:36.47 | GPU MB alloc/reserved=278.0/1898.0
2026-04-11 16:06:06 | INFO | [Round 13] epoch=12/80 loss=1.8017 acc=29.94 val_acc=nan data_t=0.0032s batch_t=0.0879s epoch_t=00:01.37 lr=0.000946 | GPU MB alloc/reserved=278.0/1898.0
2026-04-11 16:06:06 | INFO | [Round 13] Epoch 12/80 time=00:01.37 avg=00:01.40 ETA=01:34.89 | GPU MB alloc/reserved=278.0/1898.0
2026-04-11 16:06:07 | INFO | [Round 13] epoch=13/80 loss=1.7981 acc=30.28 val_acc=nan data_t=0.0021s batch_t=0.0892s epoch_t=00:01.37 lr=0.000937 | GPU MB alloc/reserved=278.0/1898.0
2026-04-11 16:06:07 | INFO | [Round 13] Epoch 13/80 time=00:01.37 avg=00:01.39 ETA=01:33.37 | GPU MB alloc/reserved=278.0/1898.0
2026-04-11 16:06:09 | INFO | [Round 13] epoch=14/80 loss=1.7617 acc=33.78 val_acc=nan data_t=0.0037s batch_t=0.0882s epoch_t=00:01.38 lr=0.000927 | GPU MB alloc/reserved=278.0/1898.0
2026-04-11 16:06:09 | INFO | [Round 13] Epoch 14/80 time=00:01.38 avg=00:01.39 ETA=01:31.90 | GPU MB alloc/reserved=278.0/1898.0
2026-04-11 16:06:10 | INFO | [Round 13] epoch=15/80 loss=1.7721 acc=31.33 val_acc=nan data_t=0.0020s batch_t=0.0886s epoch_t=00:01.36 lr=0.000917 | GPU MB alloc/reserved=278.0/1898.0
2026-04-11 16:06:10 | INFO | [Round 13] Epoch 15/80 time=00:01.36 avg=00:01.39 ETA=01:30.37 | GPU MB alloc/reserved=278.0/1898.0
2026-04-11 16:06:11 | INFO | [Round 13] epoch=16/80 loss=1.6861 acc=33.61 val_acc=nan data_t=0.0025s batch_t=0.0895s epoch_t=00:01.38 lr=0.000905 | GPU MB alloc/reserved=278.0/1898.0
2026-04-11 16:06:11 | INFO | [Round 13] Epoch 16/80 time=00:01.38 avg=00:01.39 ETA=01:28.93 | GPU MB alloc/reserved=278.0/1898.0
2026-04-11 16:06:13 | INFO | [Round 13] epoch=17/80 loss=1.7208 acc=34.50 val_acc=nan data_t=0.0029s batch_t=0.0888s epoch_t=00:01.38 lr=0.000894 | GPU MB alloc/reserved=278.0/1898.0
2026-04-11 16:06:13 | INFO | [Round 13] Epoch 17/80 time=00:01.38 avg=00:01.39 ETA=01:27.49 | GPU MB alloc/reserved=278.0/1898.0
2026-04-11 16:06:14 | INFO | [Round 13] epoch=18/80 loss=1.6921 acc=33.61 val_acc=nan data_t=0.0018s batch_t=0.0886s epoch_t=00:01.36 lr=0.000881 | GPU MB alloc/reserved=278.0/1898.0
2026-04-11 16:06:14 | INFO | [Round 13] Epoch 18/80 time=00:01.36 avg=00:01.39 ETA=01:25.99 | GPU MB alloc/reserved=278.0/1898.0
2026-04-11 16:06:15 | INFO | [Round 13] epoch=19/80 loss=1.7282 acc=35.33 val_acc=nan data_t=0.0017s batch_t=0.0890s epoch_t=00:01.36 lr=0.000868 | GPU MB alloc/reserved=278.0/1898.0
2026-04-11 16:06:15 | INFO | [Round 13] Epoch 19/80 time=00:01.36 avg=00:01.39 ETA=01:24.52 | GPU MB alloc/reserved=278.0/1898.0
2026-04-11 16:06:17 | INFO | [Round 13] epoch=20/80 loss=1.6638 acc=36.11 val_acc=nan data_t=0.0022s batch_t=0.0883s epoch_t=00:01.36 lr=0.000855 | GPU MB alloc/reserved=278.0/1898.0
2026-04-11 16:06:17 | INFO | [Round 13] Epoch 20/80 time=00:01.36 avg=00:01.38 ETA=01:23.05 | GPU MB alloc/reserved=278.0/1898.0
2026-04-11 16:06:18 | INFO | [Round 13] epoch=21/80 loss=1.6077 acc=37.11 val_acc=nan data_t=0.0023s batch_t=0.0892s epoch_t=00:01.37 lr=0.000841 | GPU MB alloc/reserved=278.0/1898.0
2026-04-11 16:06:18 | INFO | [Round 13] Epoch 21/80 time=00:01.37 avg=00:01.38 ETA=01:21.63 | GPU MB alloc/reserved=278.0/1898.0
2026-04-11 16:06:20 | INFO | [Round 13] epoch=22/80 loss=1.5774 acc=37.44 val_acc=nan data_t=0.0024s batch_t=0.0885s epoch_t=00:01.36 lr=0.000826 | GPU MB alloc/reserved=278.0/1898.0
2026-04-11 16:06:20 | INFO | [Round 13] Epoch 22/80 time=00:01.36 avg=00:01.38 ETA=01:20.20 | GPU MB alloc/reserved=278.0/1898.0
2026-04-11 16:06:21 | INFO | [Round 13] epoch=23/80 loss=1.6524 acc=37.44 val_acc=nan data_t=0.0017s batch_t=0.0890s epoch_t=00:01.36 lr=0.000811 | GPU MB alloc/reserved=278.0/1898.0
2026-04-11 16:06:21 | INFO | [Round 13] Epoch 23/80 time=00:01.36 avg=00:01.38 ETA=01:18.76 | GPU MB alloc/reserved=278.0/1898.0
2026-04-11 16:06:22 | INFO | [Round 13] epoch=24/80 loss=1.5314 acc=39.72 val_acc=nan data_t=0.0033s batch_t=0.0894s epoch_t=00:01.39 lr=0.000796 | GPU MB alloc/reserved=278.0/1898.0
2026-04-11 16:06:22 | INFO | [Round 13] Epoch 24/80 time=00:01.39 avg=00:01.38 ETA=01:17.40 | GPU MB alloc/reserved=278.0/1898.0
2026-04-11 16:06:24 | INFO | [Round 13] epoch=25/80 loss=1.5135 acc=41.61 val_acc=nan data_t=0.0021s batch_t=0.0889s epoch_t=00:01.37 lr=0.000780 | GPU MB alloc/reserved=278.0/1898.0
2026-04-11 16:06:24 | INFO | [Round 13] Epoch 25/80 time=00:01.37 avg=00:01.38 ETA=01:15.98 | GPU MB alloc/reserved=278.0/1898.0
2026-04-11 16:06:25 | INFO | [Round 13] epoch=26/80 loss=1.4870 acc=43.56 val_acc=nan data_t=0.0027s batch_t=0.0886s epoch_t=00:01.37 lr=0.000764 | GPU MB alloc/reserved=278.0/1898.0
2026-04-11 16:06:25 | INFO | [Round 13] Epoch 26/80 time=00:01.37 avg=00:01.38 ETA=01:14.58 | GPU MB alloc/reserved=278.0/1898.0
2026-04-11 16:06:26 | INFO | [Round 13] epoch=27/80 loss=1.5060 acc=42.39 val_acc=nan data_t=0.0026s batch_t=0.0878s epoch_t=00:01.36 lr=0.000747 | GPU MB alloc/reserved=278.0/1898.0
2026-04-11 16:06:26 | INFO | [Round 13] Epoch 27/80 time=00:01.36 avg=00:01.38 ETA=01:13.15 | GPU MB alloc/reserved=278.0/1898.0
2026-04-11 16:06:28 | INFO | [Round 13] epoch=28/80 loss=1.4944 acc=43.06 val_acc=nan data_t=0.0027s batch_t=0.0877s epoch_t=00:01.36 lr=0.000730 | GPU MB alloc/reserved=278.0/1898.0
2026-04-11 16:06:28 | INFO | [Round 13] Epoch 28/80 time=00:01.36 avg=00:01.38 ETA=01:11.72 | GPU MB alloc/reserved=278.0/1898.0
2026-04-11 16:06:29 | INFO | [Round 13] epoch=29/80 loss=1.4708 acc=44.11 val_acc=nan data_t=0.0020s batch_t=0.0887s epoch_t=00:01.36 lr=0.000712 | GPU MB alloc/reserved=278.0/1898.0
2026-04-11 16:06:29 | INFO | [Round 13] Epoch 29/80 time=00:01.36 avg=00:01.38 ETA=01:10.31 | GPU MB alloc/reserved=278.0/1898.0
2026-04-11 16:06:30 | INFO | [Round 13] epoch=30/80 loss=1.4464 acc=43.89 val_acc=nan data_t=0.0018s batch_t=0.0899s epoch_t=00:01.37 lr=0.000694 | GPU MB alloc/reserved=278.0/1898.0
2026-04-11 16:06:30 | INFO | [Round 13] Epoch 30/80 time=00:01.37 avg=00:01.38 ETA=01:08.93 | GPU MB alloc/reserved=278.0/1898.0
2026-04-11 16:06:32 | INFO | [Round 13] epoch=31/80 loss=1.4360 acc=43.89 val_acc=nan data_t=0.0033s batch_t=0.0877s epoch_t=00:01.36 lr=0.000676 | GPU MB alloc/reserved=278.0/1898.0
2026-04-11 16:06:32 | INFO | [Round 13] Epoch 31/80 time=00:01.36 avg=00:01.38 ETA=01:07.53 | GPU MB alloc/reserved=278.0/1898.0
2026-04-11 16:06:33 | INFO | [Round 13] epoch=32/80 loss=1.3632 acc=46.56 val_acc=nan data_t=0.0028s batch_t=0.0890s epoch_t=00:01.38 lr=0.000658 | GPU MB alloc/reserved=278.0/1898.0
2026-04-11 16:06:33 | INFO | [Round 13] Epoch 32/80 time=00:01.38 avg=00:01.38 ETA=01:06.15 | GPU MB alloc/reserved=278.0/1898.0
2026-04-11 16:06:35 | INFO | [Round 13] epoch=33/80 loss=1.3305 acc=48.83 val_acc=nan data_t=0.0020s batch_t=0.0882s epoch_t=00:01.35 lr=0.000639 | GPU MB alloc/reserved=278.0/1898.0
2026-04-11 16:06:35 | INFO | [Round 13] Epoch 33/80 time=00:01.35 avg=00:01.38 ETA=01:04.73 | GPU MB alloc/reserved=278.0/1898.0
2026-04-11 16:06:36 | INFO | [Round 13] epoch=34/80 loss=1.3208 acc=48.72 val_acc=nan data_t=0.0028s batch_t=0.0888s epoch_t=00:01.37 lr=0.000621 | GPU MB alloc/reserved=278.0/1898.0
2026-04-11 16:06:36 | INFO | [Round 13] Epoch 34/80 time=00:01.37 avg=00:01.38 ETA=01:03.35 | GPU MB alloc/reserved=278.0/1898.0
2026-04-11 16:06:37 | INFO | [Round 13] epoch=35/80 loss=1.4513 acc=43.39 val_acc=nan data_t=0.0028s batch_t=0.0879s epoch_t=00:01.36 lr=0.000602 | GPU MB alloc/reserved=278.0/1898.0
2026-04-11 16:06:37 | INFO | [Round 13] Epoch 35/80 time=00:01.36 avg=00:01.38 ETA=01:01.95 | GPU MB alloc/reserved=278.0/1898.0
2026-04-11 16:06:39 | INFO | [Round 13] epoch=36/80 loss=1.3619 acc=47.67 val_acc=nan data_t=0.0025s batch_t=0.0890s epoch_t=00:01.37 lr=0.000582 | GPU MB alloc/reserved=278.0/1898.0
2026-04-11 16:06:39 | INFO | [Round 13] Epoch 36/80 time=00:01.37 avg=00:01.38 ETA=01:00.57 | GPU MB alloc/reserved=278.0/1898.0
2026-04-11 16:06:40 | INFO | [Round 13] epoch=37/80 loss=1.2576 acc=51.22 val_acc=nan data_t=0.0030s batch_t=0.0888s epoch_t=00:01.38 lr=0.000563 | GPU MB alloc/reserved=278.0/1898.0
2026-04-11 16:06:40 | INFO | [Round 13] Epoch 37/80 time=00:01.38 avg=00:01.38 ETA=00:59.20 | GPU MB alloc/reserved=278.0/1898.0
2026-04-11 16:06:41 | INFO | [Round 13] epoch=38/80 loss=1.3308 acc=47.67 val_acc=nan data_t=0.0030s batch_t=0.0882s epoch_t=00:01.37 lr=0.000544 | GPU MB alloc/reserved=278.0/1898.0
2026-04-11 16:06:41 | INFO | [Round 13] Epoch 38/80 time=00:01.37 avg=00:01.38 ETA=00:57.81 | GPU MB alloc/reserved=278.0/1898.0
2026-04-11 16:06:43 | INFO | [Round 13] epoch=39/80 loss=1.2781 acc=51.83 val_acc=nan data_t=0.0025s batch_t=0.0890s epoch_t=00:01.37 lr=0.000524 | GPU MB alloc/reserved=278.0/1898.0
2026-04-11 16:06:43 | INFO | [Round 13] Epoch 39/80 time=00:01.37 avg=00:01.38 ETA=00:56.43 | GPU MB alloc/reserved=278.0/1898.0
2026-04-11 16:06:44 | INFO | [Round 13] epoch=40/80 loss=1.2157 acc=52.89 val_acc=nan data_t=0.0020s batch_t=0.0890s epoch_t=00:01.36 lr=0.000505 | GPU MB alloc/reserved=278.0/1898.0
2026-04-11 16:06:44 | INFO | [Round 13] Epoch 40/80 time=00:01.36 avg=00:01.38 ETA=00:55.04 | GPU MB alloc/reserved=278.0/1898.0
2026-04-11 16:06:46 | INFO | [Round 13] epoch=41/80 loss=1.1616 acc=55.44 val_acc=nan data_t=0.0034s batch_t=0.0880s epoch_t=00:01.37 lr=0.000486 | GPU MB alloc/reserved=278.0/1898.0
2026-04-11 16:06:46 | INFO | [Round 13] Epoch 41/80 time=00:01.37 avg=00:01.38 ETA=00:53.66 | GPU MB alloc/reserved=278.0/1898.0
2026-04-11 16:06:47 | INFO | [Round 13] epoch=42/80 loss=1.0900 acc=57.72 val_acc=nan data_t=0.0028s batch_t=0.0888s epoch_t=00:01.37 lr=0.000466 | GPU MB alloc/reserved=278.0/1898.0
2026-04-11 16:06:47 | INFO | [Round 13] Epoch 42/80 time=00:01.37 avg=00:01.38 ETA=00:52.29 | GPU MB alloc/reserved=278.0/1898.0
2026-04-11 16:06:48 | INFO | [Round 13] epoch=43/80 loss=1.1145 acc=55.78 val_acc=nan data_t=0.0033s batch_t=0.0880s epoch_t=00:01.37 lr=0.000447 | GPU MB alloc/reserved=278.0/1898.0
2026-04-11 16:06:48 | INFO | [Round 13] Epoch 43/80 time=00:01.37 avg=00:01.38 ETA=00:50.90 | GPU MB alloc/reserved=278.0/1898.0
2026-04-11 16:06:50 | INFO | [Round 13] epoch=44/80 loss=1.0818 acc=58.28 val_acc=nan data_t=0.0027s batch_t=0.0872s epoch_t=00:01.35 lr=0.000428 | GPU MB alloc/reserved=278.0/1898.0
2026-04-11 16:06:50 | INFO | [Round 13] Epoch 44/80 time=00:01.35 avg=00:01.38 ETA=00:49.51 | GPU MB alloc/reserved=278.0/1898.0
2026-04-11 16:06:51 | INFO | [Round 13] epoch=45/80 loss=1.0488 acc=59.06 val_acc=nan data_t=0.0029s batch_t=0.0878s epoch_t=00:01.36 lr=0.000408 | GPU MB alloc/reserved=278.0/1898.0
2026-04-11 16:06:51 | INFO | [Round 13] Epoch 45/80 time=00:01.36 avg=00:01.37 ETA=00:48.12 | GPU MB alloc/reserved=278.0/1898.0
2026-04-11 16:06:52 | INFO | [Round 13] epoch=46/80 loss=1.0290 acc=59.44 val_acc=nan data_t=0.0017s batch_t=0.0878s epoch_t=00:01.34 lr=0.000389 | GPU MB alloc/reserved=278.0/1898.0
2026-04-11 16:06:52 | INFO | [Round 13] Epoch 46/80 time=00:01.34 avg=00:01.37 ETA=00:46.72 | GPU MB alloc/reserved=278.0/1898.0
2026-04-11 16:06:54 | INFO | [Round 13] epoch=47/80 loss=1.0019 acc=61.17 val_acc=nan data_t=0.0018s batch_t=0.0889s epoch_t=00:01.36 lr=0.000371 | GPU MB alloc/reserved=278.0/1898.0
2026-04-11 16:06:54 | INFO | [Round 13] Epoch 47/80 time=00:01.36 avg=00:01.37 ETA=00:45.34 | GPU MB alloc/reserved=278.0/1898.0
2026-04-11 16:06:55 | INFO | [Round 13] epoch=48/80 loss=0.9660 acc=62.22 val_acc=nan data_t=0.0028s batch_t=0.0905s epoch_t=00:01.40 lr=0.000352 | GPU MB alloc/reserved=278.0/1898.0
2026-04-11 16:06:55 | INFO | [Round 13] Epoch 48/80 time=00:01.40 avg=00:01.37 ETA=00:43.98 | GPU MB alloc/reserved=278.0/1898.0
2026-04-11 16:06:57 | INFO | [Round 13] epoch=49/80 loss=0.9977 acc=62.50 val_acc=nan data_t=0.0033s batch_t=0.0891s epoch_t=00:01.39 lr=0.000334 | GPU MB alloc/reserved=278.0/1898.0
2026-04-11 16:06:57 | INFO | [Round 13] Epoch 49/80 time=00:01.39 avg=00:01.37 ETA=00:42.61 | GPU MB alloc/reserved=278.0/1898.0
2026-04-11 16:06:58 | INFO | [Round 13] epoch=50/80 loss=0.9680 acc=62.00 val_acc=nan data_t=0.0031s batch_t=0.0886s epoch_t=00:01.37 lr=0.000316 | GPU MB alloc/reserved=278.0/1898.0
2026-04-11 16:06:58 | INFO | [Round 13] Epoch 50/80 time=00:01.37 avg=00:01.37 ETA=00:41.24 | GPU MB alloc/reserved=278.0/1898.0
2026-04-11 16:06:59 | INFO | [Round 13] epoch=51/80 loss=0.9117 acc=63.56 val_acc=nan data_t=0.0017s batch_t=0.0905s epoch_t=00:01.38 lr=0.000298 | GPU MB alloc/reserved=278.0/1898.0
2026-04-11 16:06:59 | INFO | [Round 13] Epoch 51/80 time=00:01.38 avg=00:01.37 ETA=00:39.87 | GPU MB alloc/reserved=278.0/1898.0
2026-04-11 16:07:01 | INFO | [Round 13] epoch=52/80 loss=0.8398 acc=67.33 val_acc=nan data_t=0.0020s batch_t=0.0904s epoch_t=00:01.39 lr=0.000280 | GPU MB alloc/reserved=278.0/1898.0
2026-04-11 16:07:01 | INFO | [Round 13] Epoch 52/80 time=00:01.39 avg=00:01.38 ETA=00:38.50 | GPU MB alloc/reserved=278.0/1898.0
2026-04-11 16:07:02 | INFO | [Round 13] epoch=53/80 loss=0.8563 acc=66.83 val_acc=nan data_t=0.0019s batch_t=0.0897s epoch_t=00:01.37 lr=0.000263 | GPU MB alloc/reserved=278.0/1898.0
2026-04-11 16:07:02 | INFO | [Round 13] Epoch 53/80 time=00:01.37 avg=00:01.38 ETA=00:37.13 | GPU MB alloc/reserved=278.0/1898.0
2026-04-11 16:07:03 | INFO | [Round 13] epoch=54/80 loss=0.8559 acc=67.50 val_acc=nan data_t=0.0046s batch_t=0.0885s epoch_t=00:01.40 lr=0.000246 | GPU MB alloc/reserved=278.0/1898.0
2026-04-11 16:07:03 | INFO | [Round 13] Epoch 54/80 time=00:01.40 avg=00:01.38 ETA=00:35.76 | GPU MB alloc/reserved=278.0/1898.0
2026-04-11 16:07:05 | INFO | [Round 13] epoch=55/80 loss=0.7876 acc=70.06 val_acc=nan data_t=0.0030s batch_t=0.0893s epoch_t=00:01.39 lr=0.000230 | GPU MB alloc/reserved=278.0/1898.0
2026-04-11 16:07:05 | INFO | [Round 13] Epoch 55/80 time=00:01.39 avg=00:01.38 ETA=00:34.39 | GPU MB alloc/reserved=278.0/1898.0
2026-04-11 16:07:06 | INFO | [Round 13] epoch=56/80 loss=0.7935 acc=69.11 val_acc=nan data_t=0.0028s batch_t=0.0899s epoch_t=00:01.39 lr=0.000214 | GPU MB alloc/reserved=278.0/1898.0
2026-04-11 16:07:06 | INFO | [Round 13] Epoch 56/80 time=00:01.39 avg=00:01.38 ETA=00:33.02 | GPU MB alloc/reserved=278.0/1898.0
2026-04-11 16:07:08 | INFO | [Round 13] epoch=57/80 loss=0.7440 acc=72.50 val_acc=nan data_t=0.0021s batch_t=0.0894s epoch_t=00:01.37 lr=0.000199 | GPU MB alloc/reserved=278.0/1898.0
2026-04-11 16:07:08 | INFO | [Round 13] Epoch 57/80 time=00:01.37 avg=00:01.38 ETA=00:31.64 | GPU MB alloc/reserved=278.0/1898.0
2026-04-11 16:07:09 | INFO | [Round 13] epoch=58/80 loss=0.7520 acc=71.94 val_acc=nan data_t=0.0020s batch_t=0.0899s epoch_t=00:01.38 lr=0.000184 | GPU MB alloc/reserved=278.0/1898.0
2026-04-11 16:07:09 | INFO | [Round 13] Epoch 58/80 time=00:01.38 avg=00:01.38 ETA=00:30.27 | GPU MB alloc/reserved=278.0/1898.0
2026-04-11 16:07:10 | INFO | [Round 13] epoch=59/80 loss=0.7422 acc=71.17 val_acc=nan data_t=0.0027s batch_t=0.0804s epoch_t=00:01.25 lr=0.000169 | GPU MB alloc/reserved=278.0/1898.0
2026-04-11 16:07:10 | INFO | [Round 13] Epoch 59/80 time=00:01.25 avg=00:01.37 ETA=00:28.85 | GPU MB alloc/reserved=278.0/1898.0
2026-04-11 16:07:12 | INFO | [Round 13] epoch=60/80 loss=0.6886 acc=74.00 val_acc=nan data_t=0.0017s batch_t=0.0979s epoch_t=00:01.49 lr=0.000155 | GPU MB alloc/reserved=278.0/1898.0
2026-04-11 16:07:12 | INFO | [Round 13] Epoch 60/80 time=00:01.49 avg=00:01.38 ETA=00:27.51 | GPU MB alloc/reserved=278.0/1898.0
2026-04-11 16:07:13 | INFO | [Round 13] epoch=61/80 loss=0.6680 acc=74.17 val_acc=nan data_t=0.0018s batch_t=0.0960s epoch_t=00:01.47 lr=0.000142 | GPU MB alloc/reserved=278.0/1898.0
2026-04-11 16:07:13 | INFO | [Round 13] Epoch 61/80 time=00:01.47 avg=00:01.38 ETA=00:26.17 | GPU MB alloc/reserved=278.0/1898.0
2026-04-11 16:07:15 | INFO | [Round 13] epoch=62/80 loss=0.6002 acc=77.39 val_acc=nan data_t=0.0019s batch_t=0.0986s epoch_t=00:01.51 lr=0.000129 | GPU MB alloc/reserved=278.0/1898.0
2026-04-11 16:07:15 | INFO | [Round 13] Epoch 62/80 time=00:01.51 avg=00:01.38 ETA=00:24.83 | GPU MB alloc/reserved=278.0/1898.0
2026-04-11 16:07:16 | INFO | [Round 13] epoch=63/80 loss=0.6074 acc=77.61 val_acc=nan data_t=0.0028s batch_t=0.0980s epoch_t=00:01.51 lr=0.000116 | GPU MB alloc/reserved=278.0/1898.0
2026-04-11 16:07:16 | INFO | [Round 13] Epoch 63/80 time=00:01.51 avg=00:01.38 ETA=00:23.48 | GPU MB alloc/reserved=278.0/1898.0
2026-04-11 16:07:18 | INFO | [Round 13] epoch=64/80 loss=0.5877 acc=78.17 val_acc=nan data_t=0.0027s batch_t=0.0979s epoch_t=00:01.51 lr=0.000105 | GPU MB alloc/reserved=278.0/1898.0
2026-04-11 16:07:18 | INFO | [Round 13] Epoch 64/80 time=00:01.51 avg=00:01.38 ETA=00:22.13 | GPU MB alloc/reserved=278.0/1898.0
2026-04-11 16:07:19 | INFO | [Round 13] epoch=65/80 loss=0.5463 acc=79.61 val_acc=nan data_t=0.0026s batch_t=0.0646s epoch_t=00:01.01 lr=0.000093 | GPU MB alloc/reserved=278.0/1898.0
2026-04-11 16:07:19 | INFO | [Round 13] Epoch 65/80 time=00:01.01 avg=00:01.38 ETA=00:20.66 | GPU MB alloc/reserved=278.0/1898.0
2026-04-11 16:07:20 | INFO | [Round 13] epoch=66/80 loss=0.5051 acc=82.00 val_acc=nan data_t=0.0027s batch_t=0.0684s epoch_t=00:01.07 lr=0.000083 | GPU MB alloc/reserved=278.0/1898.0
2026-04-11 16:07:20 | INFO | [Round 13] Epoch 66/80 time=00:01.07 avg=00:01.37 ETA=00:19.22 | GPU MB alloc/reserved=278.0/1898.0
2026-04-11 16:07:21 | INFO | [Round 13] epoch=67/80 loss=0.4842 acc=82.11 val_acc=nan data_t=0.0026s batch_t=0.0617s epoch_t=00:00.96 lr=0.000073 | GPU MB alloc/reserved=278.0/1898.0
2026-04-11 16:07:21 | INFO | [Round 13] Epoch 67/80 time=00:00.96 avg=00:01.37 ETA=00:17.77 | GPU MB alloc/reserved=278.0/1898.0
2026-04-11 16:07:22 | INFO | [Round 13] epoch=68/80 loss=0.4587 acc=84.39 val_acc=nan data_t=0.0020s batch_t=0.0885s epoch_t=00:01.36 lr=0.000064 | GPU MB alloc/reserved=278.0/1898.0
2026-04-11 16:07:22 | INFO | [Round 13] Epoch 68/80 time=00:01.36 avg=00:01.37 ETA=00:16.40 | GPU MB alloc/reserved=278.0/1898.0
2026-04-11 16:07:24 | INFO | [Round 13] epoch=69/80 loss=0.4468 acc=84.17 val_acc=nan data_t=0.0027s batch_t=0.0910s epoch_t=00:01.41 lr=0.000055 | GPU MB alloc/reserved=278.0/1898.0
2026-04-11 16:07:24 | INFO | [Round 13] Epoch 69/80 time=00:01.41 avg=00:01.37 ETA=00:15.04 | GPU MB alloc/reserved=278.0/1898.0
2026-04-11 16:07:25 | INFO | [Round 13] epoch=70/80 loss=0.4518 acc=84.00 val_acc=nan data_t=0.0018s batch_t=0.0891s epoch_t=00:01.36 lr=0.000048 | GPU MB alloc/reserved=278.0/1898.0
2026-04-11 16:07:25 | INFO | [Round 13] Epoch 70/80 time=00:01.36 avg=00:01.37 ETA=00:13.67 | GPU MB alloc/reserved=278.0/1898.0
2026-04-11 16:07:26 | INFO | [Round 13] epoch=71/80 loss=0.4294 acc=86.06 val_acc=nan data_t=0.0025s batch_t=0.0866s epoch_t=00:01.34 lr=0.000041 | GPU MB alloc/reserved=278.0/1898.0
2026-04-11 16:07:26 | INFO | [Round 13] Epoch 71/80 time=00:01.34 avg=00:01.37 ETA=00:12.30 | GPU MB alloc/reserved=278.0/1898.0
2026-04-11 16:07:28 | INFO | [Round 13] epoch=72/80 loss=0.4116 acc=86.44 val_acc=nan data_t=0.0020s batch_t=0.0889s epoch_t=00:01.36 lr=0.000034 | GPU MB alloc/reserved=278.0/1898.0
2026-04-11 16:07:28 | INFO | [Round 13] Epoch 72/80 time=00:01.36 avg=00:01.37 ETA=00:10.93 | GPU MB alloc/reserved=278.0/1898.0
2026-04-11 16:07:29 | INFO | [Round 13] epoch=73/80 loss=0.4025 acc=86.56 val_acc=nan data_t=0.0018s batch_t=0.0885s epoch_t=00:01.35 lr=0.000029 | GPU MB alloc/reserved=278.0/1898.0
2026-04-11 16:07:29 | INFO | [Round 13] Epoch 73/80 time=00:01.35 avg=00:01.37 ETA=00:09.57 | GPU MB alloc/reserved=278.0/1898.0
2026-04-11 16:07:30 | INFO | [Round 13] epoch=74/80 loss=0.3743 acc=87.94 val_acc=nan data_t=0.0029s batch_t=0.0780s epoch_t=00:01.21 lr=0.000024 | GPU MB alloc/reserved=278.0/1898.0
2026-04-11 16:07:30 | INFO | [Round 13] Epoch 74/80 time=00:01.21 avg=00:01.36 ETA=00:08.19 | GPU MB alloc/reserved=278.0/1898.0
2026-04-11 16:07:32 | INFO | [Round 13] epoch=75/80 loss=0.3868 acc=87.44 val_acc=nan data_t=0.0022s batch_t=0.0990s epoch_t=00:01.52 lr=0.000020 | GPU MB alloc/reserved=278.0/1898.0
2026-04-11 16:07:32 | INFO | [Round 13] Epoch 75/80 time=00:01.52 avg=00:01.37 ETA=00:06.83 | GPU MB alloc/reserved=278.0/1898.0
2026-04-11 16:07:33 | INFO | [Round 13] epoch=76/80 loss=0.3825 acc=87.72 val_acc=nan data_t=0.0018s batch_t=0.0960s epoch_t=00:01.47 lr=0.000016 | GPU MB alloc/reserved=278.0/1898.0
2026-04-11 16:07:33 | INFO | [Round 13] Epoch 76/80 time=00:01.47 avg=00:01.37 ETA=00:05.47 | GPU MB alloc/reserved=278.0/1898.0
2026-04-11 16:07:35 | INFO | [Round 13] epoch=77/80 loss=0.3764 acc=87.50 val_acc=nan data_t=0.0026s batch_t=0.0993s epoch_t=00:01.53 lr=0.000013 | GPU MB alloc/reserved=278.0/1898.0
2026-04-11 16:07:35 | INFO | [Round 13] Epoch 77/80 time=00:01.53 avg=00:01.37 ETA=00:04.11 | GPU MB alloc/reserved=278.0/1898.0
2026-04-11 16:07:36 | INFO | [Round 13] epoch=78/80 loss=0.3840 acc=86.17 val_acc=nan data_t=0.0030s batch_t=0.0972s epoch_t=00:01.50 lr=0.000012 | GPU MB alloc/reserved=278.0/1898.0
2026-04-11 16:07:36 | INFO | [Round 13] Epoch 78/80 time=00:01.50 avg=00:01.37 ETA=00:02.74 | GPU MB alloc/reserved=278.0/1898.0
2026-04-11 16:07:38 | INFO | [Round 13] epoch=79/80 loss=0.3611 acc=88.89 val_acc=nan data_t=0.0030s batch_t=0.0979s epoch_t=00:01.51 lr=0.000010 | GPU MB alloc/reserved=278.0/1898.0
2026-04-11 16:07:38 | INFO | [Round 13] Epoch 79/80 time=00:01.51 avg=00:01.37 ETA=00:01.37 | GPU MB alloc/reserved=278.0/1898.0
2026-04-11 16:07:39 | INFO | [Round 13] epoch=80/80 loss=0.3590 acc=87.56 val_acc=nan data_t=0.0021s batch_t=0.0723s epoch_t=00:01.12 lr=0.000010 | GPU MB alloc/reserved=278.0/1898.0
2026-04-11 16:07:39 | INFO | [Round 13] Epoch 80/80 time=00:01.12 avg=00:01.37 ETA=00:00.00 | GPU MB alloc/reserved=278.0/1898.0
2026-04-11 16:07:39 | INFO | [Round 13] training complete in 01:49.97 (best monitor=88.889) | GPU MB alloc/reserved=278.0/1898.0
2026-04-11 16:07:39 | INFO | [Round 13] evaluation started | GPU MB alloc/reserved=192.0/1898.0
2026-04-11 16:07:47 | INFO | [Round 13] clean=61.66 fgsm=49.01 pgd=48.63 grad_disp_mean=nan grad_disp_sel=nan round_t=119.87s | GPU MB alloc/reserved=192.0/1898.0
2026-04-11 16:07:47 | INFO | [Round 14/21] elapsed=01:59.87 avg_round=01:20.19 projected_remaining=09:21.30 | GPU MB alloc/reserved=192.0/1898.0
2026-04-11 16:07:48 | INFO | [Round 14] acquisition on pool_size=48200 scored_pool=5000 budget=100 | GPU MB alloc/reserved=104.7/1898.0
2026-04-11 16:07:49 | INFO | [BADGE] scoring progress 10/20 elapsed=00:00.39 avg/batch=0.039s ETA=00:00.39 | GPU MB alloc/reserved=113.2/1898.0
2026-04-11 16:07:49 | INFO | [BADGE] scoring progress 20/20 elapsed=00:00.59 avg/batch=0.029s ETA=00:00.00 | GPU MB alloc/reserved=109.7/1898.0
2026-04-11 16:07:50 | INFO | [Round 14] labeled=1900 train=1900 val_fixed=0 | GPU MB alloc/reserved=148.1/1898.0
2026-04-11 16:07:51 | INFO | [Round 14] epoch=1/80 loss=2.3172 acc=17.32 val_acc=nan data_t=0.0110s batch_t=0.0947s epoch_t=00:01.59 lr=0.001000 | GPU MB alloc/reserved=278.1/1898.0
2026-04-11 16:07:51 | INFO | [Round 14] Epoch 1/80 time=00:01.59 avg=00:01.59 ETA=02:05.31 | GPU MB alloc/reserved=278.1/1898.0
2026-04-11 16:07:53 | INFO | [Round 14] epoch=2/80 loss=1.9894 acc=23.11 val_acc=nan data_t=0.0028s batch_t=0.0926s epoch_t=00:01.43 lr=0.000998 | GPU MB alloc/reserved=278.1/1898.0
2026-04-11 16:07:53 | INFO | [Round 14] Epoch 2/80 time=00:01.43 avg=00:01.51 ETA=01:57.70 | GPU MB alloc/reserved=278.1/1898.0
2026-04-11 16:07:54 | INFO | [Round 14] epoch=3/80 loss=1.9263 acc=23.79 val_acc=nan data_t=0.0032s batch_t=0.0928s epoch_t=00:01.44 lr=0.000997 | GPU MB alloc/reserved=278.1/1898.0
2026-04-11 16:07:54 | INFO | [Round 14] Epoch 3/80 time=00:01.44 avg=00:01.49 ETA=01:54.41 | GPU MB alloc/reserved=278.1/1898.0
2026-04-11 16:07:56 | INFO | [Round 14] epoch=4/80 loss=1.8934 acc=26.95 val_acc=nan data_t=0.0028s batch_t=0.0934s epoch_t=00:01.44 lr=0.000994 | GPU MB alloc/reserved=278.1/1898.0
2026-04-11 16:07:56 | INFO | [Round 14] Epoch 4/80 time=00:01.44 avg=00:01.48 ETA=01:52.12 | GPU MB alloc/reserved=278.1/1898.0
2026-04-11 16:07:57 | INFO | [Round 14] epoch=5/80 loss=1.8500 acc=29.47 val_acc=nan data_t=0.0020s batch_t=0.0928s epoch_t=00:01.42 lr=0.000990 | GPU MB alloc/reserved=278.1/1898.0
2026-04-11 16:07:57 | INFO | [Round 14] Epoch 5/80 time=00:01.42 avg=00:01.46 ETA=01:49.85 | GPU MB alloc/reserved=278.1/1898.0
2026-04-11 16:07:58 | INFO | [Round 14] epoch=6/80 loss=1.8312 acc=28.74 val_acc=nan data_t=0.0018s batch_t=0.0934s epoch_t=00:01.43 lr=0.000986 | GPU MB alloc/reserved=278.1/1898.0
2026-04-11 16:07:58 | INFO | [Round 14] Epoch 6/80 time=00:01.43 avg=00:01.46 ETA=01:47.92 | GPU MB alloc/reserved=278.1/1898.0
2026-04-11 16:08:00 | INFO | [Round 14] epoch=7/80 loss=1.7814 acc=29.95 val_acc=nan data_t=0.0027s batch_t=0.0927s epoch_t=00:01.43 lr=0.000981 | GPU MB alloc/reserved=278.1/1898.0
2026-04-11 16:08:00 | INFO | [Round 14] Epoch 7/80 time=00:01.43 avg=00:01.45 ETA=01:46.18 | GPU MB alloc/reserved=278.1/1898.0
2026-04-11 16:08:01 | INFO | [Round 14] epoch=8/80 loss=1.7180 acc=34.16 val_acc=nan data_t=0.0018s batch_t=0.0928s epoch_t=00:01.42 lr=0.000976 | GPU MB alloc/reserved=278.1/1898.0
2026-04-11 16:08:01 | INFO | [Round 14] Epoch 8/80 time=00:01.42 avg=00:01.45 ETA=01:44.40 | GPU MB alloc/reserved=278.1/1898.0
2026-04-11 16:08:03 | INFO | [Round 14] epoch=9/80 loss=1.7244 acc=32.42 val_acc=nan data_t=0.0018s batch_t=0.0942s epoch_t=00:01.44 lr=0.000969 | GPU MB alloc/reserved=278.1/1898.0
2026-04-11 16:08:03 | INFO | [Round 14] Epoch 9/80 time=00:01.44 avg=00:01.45 ETA=01:42.87 | GPU MB alloc/reserved=278.1/1898.0
2026-04-11 16:08:04 | INFO | [Round 14] epoch=10/80 loss=1.6973 acc=34.47 val_acc=nan data_t=0.0028s batch_t=0.0925s epoch_t=00:01.43 lr=0.000962 | GPU MB alloc/reserved=278.1/1898.0
2026-04-11 16:08:04 | INFO | [Round 14] Epoch 10/80 time=00:01.43 avg=00:01.45 ETA=01:41.29 | GPU MB alloc/reserved=278.1/1898.0
2026-04-11 16:08:06 | INFO | [Round 14] epoch=11/80 loss=1.6551 acc=35.53 val_acc=nan data_t=0.0019s batch_t=0.0925s epoch_t=00:01.42 lr=0.000955 | GPU MB alloc/reserved=278.1/1898.0
2026-04-11 16:08:06 | INFO | [Round 14] Epoch 11/80 time=00:01.42 avg=00:01.44 ETA=01:39.66 | GPU MB alloc/reserved=278.1/1898.0
2026-04-11 16:08:07 | INFO | [Round 14] epoch=12/80 loss=1.6106 acc=36.84 val_acc=nan data_t=0.0028s batch_t=0.0916s epoch_t=00:01.42 lr=0.000946 | GPU MB alloc/reserved=278.1/1898.0
2026-04-11 16:08:07 | INFO | [Round 14] Epoch 12/80 time=00:01.42 avg=00:01.44 ETA=01:38.05 | GPU MB alloc/reserved=278.1/1898.0
2026-04-11 16:08:08 | INFO | [Round 14] epoch=13/80 loss=1.5548 acc=39.00 val_acc=nan data_t=0.0019s batch_t=0.0933s epoch_t=00:01.43 lr=0.000937 | GPU MB alloc/reserved=278.1/1898.0
2026-04-11 16:08:08 | INFO | [Round 14] Epoch 13/80 time=00:01.43 avg=00:01.44 ETA=01:36.53 | GPU MB alloc/reserved=278.1/1898.0
2026-04-11 16:08:10 | INFO | [Round 14] epoch=14/80 loss=1.5133 acc=41.37 val_acc=nan data_t=0.0027s batch_t=0.0923s epoch_t=00:01.42 lr=0.000927 | GPU MB alloc/reserved=278.1/1898.0
2026-04-11 16:08:10 | INFO | [Round 14] Epoch 14/80 time=00:01.42 avg=00:01.44 ETA=01:35.02 | GPU MB alloc/reserved=278.1/1898.0
2026-04-11 16:08:11 | INFO | [Round 14] epoch=15/80 loss=1.5162 acc=41.05 val_acc=nan data_t=0.0018s batch_t=0.0927s epoch_t=00:01.42 lr=0.000917 | GPU MB alloc/reserved=278.1/1898.0
2026-04-11 16:08:11 | INFO | [Round 14] Epoch 15/80 time=00:01.42 avg=00:01.44 ETA=01:33.48 | GPU MB alloc/reserved=278.1/1898.0
2026-04-11 16:08:13 | INFO | [Round 14] epoch=16/80 loss=1.4686 acc=42.84 val_acc=nan data_t=0.0027s batch_t=0.0941s epoch_t=00:01.45 lr=0.000905 | GPU MB alloc/reserved=278.1/1898.0
2026-04-11 16:08:13 | INFO | [Round 14] Epoch 16/80 time=00:01.45 avg=00:01.44 ETA=01:32.10 | GPU MB alloc/reserved=278.1/1898.0
2026-04-11 16:08:14 | INFO | [Round 14] epoch=17/80 loss=1.3943 acc=44.84 val_acc=nan data_t=0.0029s batch_t=0.0933s epoch_t=00:01.44 lr=0.000894 | GPU MB alloc/reserved=278.1/1898.0
2026-04-11 16:08:14 | INFO | [Round 14] Epoch 17/80 time=00:01.44 avg=00:01.44 ETA=01:30.68 | GPU MB alloc/reserved=278.1/1898.0
2026-04-11 16:08:16 | INFO | [Round 14] epoch=18/80 loss=1.3721 acc=46.58 val_acc=nan data_t=0.0018s batch_t=0.0933s epoch_t=00:01.43 lr=0.000881 | GPU MB alloc/reserved=278.1/1898.0
2026-04-11 16:08:16 | INFO | [Round 14] Epoch 18/80 time=00:01.43 avg=00:01.44 ETA=01:29.20 | GPU MB alloc/reserved=278.1/1898.0
2026-04-11 16:08:17 | INFO | [Round 14] epoch=19/80 loss=1.3273 acc=48.32 val_acc=nan data_t=0.0017s batch_t=0.0910s epoch_t=00:01.39 lr=0.000868 | GPU MB alloc/reserved=278.1/1898.0
2026-04-11 16:08:17 | INFO | [Round 14] Epoch 19/80 time=00:01.39 avg=00:01.44 ETA=01:27.61 | GPU MB alloc/reserved=278.1/1898.0
2026-04-11 16:08:18 | INFO | [Round 14] epoch=20/80 loss=1.2652 acc=51.84 val_acc=nan data_t=0.0029s batch_t=0.0922s epoch_t=00:01.43 lr=0.000855 | GPU MB alloc/reserved=278.1/1898.0
2026-04-11 16:08:18 | INFO | [Round 14] Epoch 20/80 time=00:01.43 avg=00:01.44 ETA=01:26.15 | GPU MB alloc/reserved=278.1/1898.0
2026-04-11 16:08:20 | INFO | [Round 14] epoch=21/80 loss=1.2343 acc=52.16 val_acc=nan data_t=0.0027s batch_t=0.0920s epoch_t=00:01.42 lr=0.000841 | GPU MB alloc/reserved=278.1/1898.0
2026-04-11 16:08:20 | INFO | [Round 14] Epoch 21/80 time=00:01.42 avg=00:01.44 ETA=01:24.67 | GPU MB alloc/reserved=278.1/1898.0
2026-04-11 16:08:21 | INFO | [Round 14] epoch=22/80 loss=1.2465 acc=51.37 val_acc=nan data_t=0.0018s batch_t=0.0918s epoch_t=00:01.40 lr=0.000826 | GPU MB alloc/reserved=278.1/1898.0
2026-04-11 16:08:21 | INFO | [Round 14] Epoch 22/80 time=00:01.40 avg=00:01.43 ETA=01:23.15 | GPU MB alloc/reserved=278.1/1898.0
2026-04-11 16:08:23 | INFO | [Round 14] epoch=23/80 loss=1.1591 acc=54.95 val_acc=nan data_t=0.0031s batch_t=0.0926s epoch_t=00:01.44 lr=0.000811 | GPU MB alloc/reserved=278.1/1898.0
2026-04-11 16:08:23 | INFO | [Round 14] Epoch 23/80 time=00:01.44 avg=00:01.43 ETA=01:21.73 | GPU MB alloc/reserved=278.1/1898.0
2026-04-11 16:08:24 | INFO | [Round 14] epoch=24/80 loss=1.1165 acc=56.11 val_acc=nan data_t=0.0020s batch_t=0.0942s epoch_t=00:01.44 lr=0.000796 | GPU MB alloc/reserved=278.1/1898.0
2026-04-11 16:08:24 | INFO | [Round 14] Epoch 24/80 time=00:01.44 avg=00:01.43 ETA=01:20.31 | GPU MB alloc/reserved=278.1/1898.0
2026-04-11 16:08:26 | INFO | [Round 14] epoch=25/80 loss=1.0653 acc=58.89 val_acc=nan data_t=0.0029s batch_t=0.0932s epoch_t=00:01.44 lr=0.000780 | GPU MB alloc/reserved=278.1/1898.0
2026-04-11 16:08:26 | INFO | [Round 14] Epoch 25/80 time=00:01.44 avg=00:01.43 ETA=01:18.90 | GPU MB alloc/reserved=278.1/1898.0
2026-04-11 16:08:27 | INFO | [Round 14] epoch=26/80 loss=1.0642 acc=58.53 val_acc=nan data_t=0.0027s batch_t=0.0933s epoch_t=00:01.44 lr=0.000764 | GPU MB alloc/reserved=278.1/1898.0
2026-04-11 16:08:27 | INFO | [Round 14] Epoch 26/80 time=00:01.44 avg=00:01.43 ETA=01:17.47 | GPU MB alloc/reserved=278.1/1898.0
2026-04-11 16:08:28 | INFO | [Round 14] epoch=27/80 loss=1.0295 acc=61.26 val_acc=nan data_t=0.0027s batch_t=0.0928s epoch_t=00:01.43 lr=0.000747 | GPU MB alloc/reserved=278.1/1898.0
2026-04-11 16:08:28 | INFO | [Round 14] Epoch 27/80 time=00:01.43 avg=00:01.43 ETA=01:16.03 | GPU MB alloc/reserved=278.1/1898.0
2026-04-11 16:08:30 | INFO | [Round 14] epoch=28/80 loss=0.9394 acc=64.37 val_acc=nan data_t=0.0019s batch_t=0.0915s epoch_t=00:01.40 lr=0.000730 | GPU MB alloc/reserved=278.1/1898.0
2026-04-11 16:08:30 | INFO | [Round 14] Epoch 28/80 time=00:01.40 avg=00:01.43 ETA=01:14.54 | GPU MB alloc/reserved=278.1/1898.0
2026-04-11 16:08:31 | INFO | [Round 14] epoch=29/80 loss=0.8770 acc=66.26 val_acc=nan data_t=0.0022s batch_t=0.0928s epoch_t=00:01.43 lr=0.000712 | GPU MB alloc/reserved=278.1/1898.0
2026-04-11 16:08:31 | INFO | [Round 14] Epoch 29/80 time=00:01.43 avg=00:01.43 ETA=01:13.09 | GPU MB alloc/reserved=278.1/1898.0
2026-04-11 16:08:33 | INFO | [Round 14] epoch=30/80 loss=0.8797 acc=65.58 val_acc=nan data_t=0.0026s batch_t=0.0933s epoch_t=00:01.44 lr=0.000694 | GPU MB alloc/reserved=278.1/1898.0
2026-04-11 16:08:33 | INFO | [Round 14] Epoch 30/80 time=00:01.44 avg=00:01.43 ETA=01:11.67 | GPU MB alloc/reserved=278.1/1898.0
2026-04-11 16:08:34 | INFO | [Round 14] epoch=31/80 loss=0.8004 acc=69.42 val_acc=nan data_t=0.0021s batch_t=0.0926s epoch_t=00:01.42 lr=0.000676 | GPU MB alloc/reserved=278.1/1898.0
2026-04-11 16:08:34 | INFO | [Round 14] Epoch 31/80 time=00:01.42 avg=00:01.43 ETA=01:10.21 | GPU MB alloc/reserved=278.1/1898.0
2026-04-11 16:08:36 | INFO | [Round 14] epoch=32/80 loss=0.7389 acc=70.58 val_acc=nan data_t=0.0023s batch_t=0.0910s epoch_t=00:01.40 lr=0.000658 | GPU MB alloc/reserved=278.1/1898.0
2026-04-11 16:08:36 | INFO | [Round 14] Epoch 32/80 time=00:01.40 avg=00:01.43 ETA=01:08.73 | GPU MB alloc/reserved=278.1/1898.0
2026-04-11 16:08:37 | INFO | [Round 14] epoch=33/80 loss=0.7471 acc=72.16 val_acc=nan data_t=0.0024s batch_t=0.0907s epoch_t=00:01.40 lr=0.000639 | GPU MB alloc/reserved=278.1/1898.0
2026-04-11 16:08:37 | INFO | [Round 14] Epoch 33/80 time=00:01.40 avg=00:01.43 ETA=01:07.25 | GPU MB alloc/reserved=278.1/1898.0
2026-04-11 16:08:38 | INFO | [Round 14] epoch=34/80 loss=0.7041 acc=73.11 val_acc=nan data_t=0.0033s batch_t=0.0939s epoch_t=00:01.46 lr=0.000621 | GPU MB alloc/reserved=278.1/1898.0
2026-04-11 16:08:38 | INFO | [Round 14] Epoch 34/80 time=00:01.46 avg=00:01.43 ETA=01:05.85 | GPU MB alloc/reserved=278.1/1898.0
2026-04-11 16:08:40 | INFO | [Round 14] epoch=35/80 loss=0.6332 acc=76.58 val_acc=nan data_t=0.0021s batch_t=0.0925s epoch_t=00:01.42 lr=0.000602 | GPU MB alloc/reserved=278.1/1898.0
2026-04-11 16:08:40 | INFO | [Round 14] Epoch 35/80 time=00:01.42 avg=00:01.43 ETA=01:04.41 | GPU MB alloc/reserved=278.1/1898.0
2026-04-11 16:08:41 | INFO | [Round 14] epoch=36/80 loss=0.6183 acc=77.26 val_acc=nan data_t=0.0030s batch_t=0.0917s epoch_t=00:01.42 lr=0.000582 | GPU MB alloc/reserved=278.1/1898.0
2026-04-11 16:08:41 | INFO | [Round 14] Epoch 36/80 time=00:01.42 avg=00:01.43 ETA=01:02.96 | GPU MB alloc/reserved=278.1/1898.0
2026-04-11 16:08:43 | INFO | [Round 14] epoch=37/80 loss=0.5474 acc=80.37 val_acc=nan data_t=0.0023s batch_t=0.0907s epoch_t=00:01.39 lr=0.000563 | GPU MB alloc/reserved=278.1/1898.0
2026-04-11 16:08:43 | INFO | [Round 14] Epoch 37/80 time=00:01.39 avg=00:01.43 ETA=01:01.49 | GPU MB alloc/reserved=278.1/1898.0
2026-04-11 16:08:44 | INFO | [Round 14] epoch=38/80 loss=0.4977 acc=81.58 val_acc=nan data_t=0.0025s batch_t=0.0928s epoch_t=00:01.43 lr=0.000544 | GPU MB alloc/reserved=278.1/1898.0
2026-04-11 16:08:44 | INFO | [Round 14] Epoch 38/80 time=00:01.43 avg=00:01.43 ETA=01:00.06 | GPU MB alloc/reserved=278.1/1898.0
2026-04-11 16:08:46 | INFO | [Round 14] epoch=39/80 loss=0.5217 acc=80.47 val_acc=nan data_t=0.0018s batch_t=0.0913s epoch_t=00:01.40 lr=0.000524 | GPU MB alloc/reserved=278.1/1898.0
2026-04-11 16:08:46 | INFO | [Round 14] Epoch 39/80 time=00:01.40 avg=00:01.43 ETA=00:58.59 | GPU MB alloc/reserved=278.1/1898.0
2026-04-11 16:08:47 | INFO | [Round 14] epoch=40/80 loss=0.4471 acc=83.42 val_acc=nan data_t=0.0032s batch_t=0.0937s epoch_t=00:01.45 lr=0.000505 | GPU MB alloc/reserved=278.1/1898.0
2026-04-11 16:08:47 | INFO | [Round 14] Epoch 40/80 time=00:01.45 avg=00:01.43 ETA=00:57.19 | GPU MB alloc/reserved=278.1/1898.0
2026-04-11 16:08:48 | INFO | [Round 14] epoch=41/80 loss=0.3775 acc=86.58 val_acc=nan data_t=0.0026s batch_t=0.0932s epoch_t=00:01.44 lr=0.000486 | GPU MB alloc/reserved=278.1/1898.0
2026-04-11 16:08:48 | INFO | [Round 14] Epoch 41/80 time=00:01.44 avg=00:01.43 ETA=00:55.77 | GPU MB alloc/reserved=278.1/1898.0
2026-04-11 16:08:50 | INFO | [Round 14] epoch=42/80 loss=0.3281 acc=87.89 val_acc=nan data_t=0.0018s batch_t=0.0935s epoch_t=00:01.43 lr=0.000466 | GPU MB alloc/reserved=278.1/1898.0
2026-04-11 16:08:50 | INFO | [Round 14] Epoch 42/80 time=00:01.43 avg=00:01.43 ETA=00:54.34 | GPU MB alloc/reserved=278.1/1898.0
2026-04-11 16:08:51 | INFO | [Round 14] epoch=43/80 loss=0.3534 acc=87.00 val_acc=nan data_t=0.0028s batch_t=0.0931s epoch_t=00:01.44 lr=0.000447 | GPU MB alloc/reserved=278.1/1898.0
2026-04-11 16:08:51 | INFO | [Round 14] Epoch 43/80 time=00:01.44 avg=00:01.43 ETA=00:52.91 | GPU MB alloc/reserved=278.1/1898.0
2026-04-11 16:08:53 | INFO | [Round 14] epoch=44/80 loss=0.3018 acc=89.47 val_acc=nan data_t=0.0027s batch_t=0.0942s epoch_t=00:01.45 lr=0.000428 | GPU MB alloc/reserved=278.1/1898.0
2026-04-11 16:08:53 | INFO | [Round 14] Epoch 44/80 time=00:01.45 avg=00:01.43 ETA=00:51.50 | GPU MB alloc/reserved=278.1/1898.0
2026-04-11 16:08:54 | INFO | [Round 14] epoch=45/80 loss=0.2407 acc=92.00 val_acc=nan data_t=0.0018s batch_t=0.0934s epoch_t=00:01.43 lr=0.000408 | GPU MB alloc/reserved=278.1/1898.0
2026-04-11 16:08:54 | INFO | [Round 14] Epoch 45/80 time=00:01.43 avg=00:01.43 ETA=00:50.07 | GPU MB alloc/reserved=278.1/1898.0
2026-04-11 16:08:56 | INFO | [Round 14] epoch=46/80 loss=0.2334 acc=91.79 val_acc=nan data_t=0.0018s batch_t=0.0936s epoch_t=00:01.43 lr=0.000389 | GPU MB alloc/reserved=278.1/1898.0
2026-04-11 16:08:56 | INFO | [Round 14] Epoch 46/80 time=00:01.43 avg=00:01.43 ETA=00:48.64 | GPU MB alloc/reserved=278.1/1898.0
2026-04-11 16:08:57 | INFO | [Round 14] epoch=47/80 loss=0.2251 acc=92.26 val_acc=nan data_t=0.0031s batch_t=0.0935s epoch_t=00:01.45 lr=0.000371 | GPU MB alloc/reserved=278.1/1898.0
2026-04-11 16:08:57 | INFO | [Round 14] Epoch 47/80 time=00:01.45 avg=00:01.43 ETA=00:47.22 | GPU MB alloc/reserved=278.1/1898.0
2026-04-11 16:08:59 | INFO | [Round 14] epoch=48/80 loss=0.1591 acc=95.11 val_acc=nan data_t=0.0027s batch_t=0.0940s epoch_t=00:01.45 lr=0.000352 | GPU MB alloc/reserved=278.1/1898.0
2026-04-11 16:08:59 | INFO | [Round 14] Epoch 48/80 time=00:01.45 avg=00:01.43 ETA=00:45.80 | GPU MB alloc/reserved=278.1/1898.0
2026-04-11 16:09:00 | INFO | [Round 14] epoch=49/80 loss=0.1456 acc=95.84 val_acc=nan data_t=0.0018s batch_t=0.0916s epoch_t=00:01.40 lr=0.000334 | GPU MB alloc/reserved=278.1/1898.0
2026-04-11 16:09:00 | INFO | [Round 14] Epoch 49/80 time=00:01.40 avg=00:01.43 ETA=00:44.35 | GPU MB alloc/reserved=278.1/1898.0
2026-04-11 16:09:01 | INFO | [Round 14] epoch=50/80 loss=0.1242 acc=96.89 val_acc=nan data_t=0.0027s batch_t=0.0930s epoch_t=00:01.44 lr=0.000316 | GPU MB alloc/reserved=278.1/1898.0
2026-04-11 16:09:01 | INFO | [Round 14] Epoch 50/80 time=00:01.44 avg=00:01.43 ETA=00:42.93 | GPU MB alloc/reserved=278.1/1898.0
2026-04-11 16:09:03 | INFO | [Round 14] epoch=51/80 loss=0.1075 acc=96.68 val_acc=nan data_t=0.0018s batch_t=0.0941s epoch_t=00:01.44 lr=0.000298 | GPU MB alloc/reserved=278.1/1898.0
2026-04-11 16:09:03 | INFO | [Round 14] Epoch 51/80 time=00:01.44 avg=00:01.43 ETA=00:41.50 | GPU MB alloc/reserved=278.1/1898.0
2026-04-11 16:09:04 | INFO | [Round 14] epoch=52/80 loss=0.0922 acc=97.95 val_acc=nan data_t=0.0021s batch_t=0.0938s epoch_t=00:01.44 lr=0.000280 | GPU MB alloc/reserved=278.1/1898.0
2026-04-11 16:09:04 | INFO | [Round 14] Epoch 52/80 time=00:01.44 avg=00:01.43 ETA=00:40.07 | GPU MB alloc/reserved=278.1/1898.0
2026-04-11 16:09:06 | INFO | [Round 14] epoch=53/80 loss=0.0795 acc=97.89 val_acc=nan data_t=0.0023s batch_t=0.0942s epoch_t=00:01.45 lr=0.000263 | GPU MB alloc/reserved=278.1/1898.0
2026-04-11 16:09:06 | INFO | [Round 14] Epoch 53/80 time=00:01.45 avg=00:01.43 ETA=00:38.65 | GPU MB alloc/reserved=278.1/1898.0
2026-04-11 16:09:07 | INFO | [Round 14] epoch=54/80 loss=0.0649 acc=98.53 val_acc=nan data_t=0.0029s batch_t=0.0939s epoch_t=00:01.45 lr=0.000246 | GPU MB alloc/reserved=278.1/1898.0
2026-04-11 16:09:07 | INFO | [Round 14] Epoch 54/80 time=00:01.45 avg=00:01.43 ETA=00:37.23 | GPU MB alloc/reserved=278.1/1898.0
2026-04-11 16:09:09 | INFO | [Round 14] epoch=55/80 loss=0.0504 acc=99.21 val_acc=nan data_t=0.0031s batch_t=0.0929s epoch_t=00:01.44 lr=0.000230 | GPU MB alloc/reserved=278.1/1898.0
2026-04-11 16:09:09 | INFO | [Round 14] Epoch 55/80 time=00:01.44 avg=00:01.43 ETA=00:35.80 | GPU MB alloc/reserved=278.1/1898.0
2026-04-11 16:09:10 | INFO | [Round 14] epoch=56/80 loss=0.0485 acc=99.16 val_acc=nan data_t=0.0035s batch_t=0.0932s epoch_t=00:01.45 lr=0.000214 | GPU MB alloc/reserved=278.1/1898.0
2026-04-11 16:09:10 | INFO | [Round 14] Epoch 56/80 time=00:01.45 avg=00:01.43 ETA=00:34.38 | GPU MB alloc/reserved=278.1/1898.0
2026-04-11 16:09:12 | INFO | [Round 14] epoch=57/80 loss=0.0437 acc=99.37 val_acc=nan data_t=0.0032s batch_t=0.0935s epoch_t=00:01.45 lr=0.000199 | GPU MB alloc/reserved=278.1/1898.0
2026-04-11 16:09:12 | INFO | [Round 14] Epoch 57/80 time=00:01.45 avg=00:01.43 ETA=00:32.95 | GPU MB alloc/reserved=278.1/1898.0
2026-04-11 16:09:13 | INFO | [Round 14] epoch=58/80 loss=0.0426 acc=99.26 val_acc=nan data_t=0.0026s batch_t=0.0933s epoch_t=00:01.44 lr=0.000184 | GPU MB alloc/reserved=278.1/1898.0
2026-04-11 16:09:13 | INFO | [Round 14] Epoch 58/80 time=00:01.44 avg=00:01.43 ETA=00:31.52 | GPU MB alloc/reserved=278.1/1898.0
2026-04-11 16:09:14 | INFO | [Round 14] epoch=59/80 loss=0.0408 acc=99.21 val_acc=nan data_t=0.0027s batch_t=0.0865s epoch_t=00:01.34 lr=0.000169 | GPU MB alloc/reserved=278.1/1898.0
2026-04-11 16:09:14 | INFO | [Round 14] Epoch 59/80 time=00:01.34 avg=00:01.43 ETA=00:30.05 | GPU MB alloc/reserved=278.1/1898.0
2026-04-11 16:09:16 | INFO | [Round 14] epoch=60/80 loss=0.0309 acc=99.58 val_acc=nan data_t=0.0019s batch_t=0.0931s epoch_t=00:01.43 lr=0.000155 | GPU MB alloc/reserved=278.1/1898.0
2026-04-11 16:09:16 | INFO | [Round 14] Epoch 60/80 time=00:01.43 avg=00:01.43 ETA=00:28.62 | GPU MB alloc/reserved=278.1/1898.0
2026-04-11 16:09:17 | INFO | [Round 14] epoch=61/80 loss=0.0290 acc=99.37 val_acc=nan data_t=0.0028s batch_t=0.1004s epoch_t=00:01.55 lr=0.000142 | GPU MB alloc/reserved=278.1/1898.0
2026-04-11 16:09:17 | INFO | [Round 14] Epoch 61/80 time=00:01.55 avg=00:01.43 ETA=00:27.23 | GPU MB alloc/reserved=278.1/1898.0
2026-04-11 16:09:19 | INFO | [Round 14] epoch=62/80 loss=0.0297 acc=99.68 val_acc=nan data_t=0.0027s batch_t=0.1019s epoch_t=00:01.57 lr=0.000129 | GPU MB alloc/reserved=278.1/1898.0
2026-04-11 16:09:19 | INFO | [Round 14] Epoch 62/80 time=00:01.57 avg=00:01.44 ETA=00:25.83 | GPU MB alloc/reserved=278.1/1898.0
2026-04-11 16:09:20 | INFO | [Round 14] epoch=63/80 loss=0.0254 acc=99.68 val_acc=nan data_t=0.0034s batch_t=0.1034s epoch_t=00:01.60 lr=0.000116 | GPU MB alloc/reserved=278.1/1898.0
2026-04-11 16:09:20 | INFO | [Round 14] Epoch 63/80 time=00:01.60 avg=00:01.44 ETA=00:24.44 | GPU MB alloc/reserved=278.1/1898.0
2026-04-11 16:09:22 | INFO | [Round 14] epoch=64/80 loss=0.0195 acc=99.84 val_acc=nan data_t=0.0035s batch_t=0.1025s epoch_t=00:01.59 lr=0.000105 | GPU MB alloc/reserved=278.1/1898.0
2026-04-11 16:09:22 | INFO | [Round 14] Epoch 64/80 time=00:01.59 avg=00:01.44 ETA=00:23.04 | GPU MB alloc/reserved=278.1/1898.0
2026-04-11 16:09:23 | INFO | [Round 14] epoch=65/80 loss=0.0202 acc=99.74 val_acc=nan data_t=0.0023s batch_t=0.0912s epoch_t=00:01.40 lr=0.000093 | GPU MB alloc/reserved=278.1/1898.0
2026-04-11 16:09:23 | INFO | [Round 14] Epoch 65/80 time=00:01.40 avg=00:01.44 ETA=00:21.59 | GPU MB alloc/reserved=278.1/1898.0
2026-04-11 16:09:24 | INFO | [Round 14] epoch=66/80 loss=0.0199 acc=99.79 val_acc=nan data_t=0.0029s batch_t=0.0633s epoch_t=00:00.99 lr=0.000083 | GPU MB alloc/reserved=278.1/1898.0
2026-04-11 16:09:24 | INFO | [Round 14] Epoch 66/80 time=00:00.99 avg=00:01.43 ETA=00:20.06 | GPU MB alloc/reserved=278.1/1898.0
2026-04-11 16:09:26 | INFO | [Round 14] epoch=67/80 loss=0.0151 acc=99.84 val_acc=nan data_t=0.0027s batch_t=0.0686s epoch_t=00:01.07 lr=0.000073 | GPU MB alloc/reserved=278.1/1898.0
2026-04-11 16:09:26 | INFO | [Round 14] Epoch 67/80 time=00:01.07 avg=00:01.43 ETA=00:18.56 | GPU MB alloc/reserved=278.1/1898.0
2026-04-11 16:09:27 | INFO | [Round 14] epoch=68/80 loss=0.0159 acc=99.89 val_acc=nan data_t=0.0027s batch_t=0.0865s epoch_t=00:01.34 lr=0.000064 | GPU MB alloc/reserved=278.1/1898.0
2026-04-11 16:09:27 | INFO | [Round 14] Epoch 68/80 time=00:01.34 avg=00:01.43 ETA=00:17.11 | GPU MB alloc/reserved=278.1/1898.0
2026-04-11 16:09:28 | INFO | [Round 14] epoch=69/80 loss=0.0148 acc=99.95 val_acc=nan data_t=0.0027s batch_t=0.0913s epoch_t=00:01.41 lr=0.000055 | GPU MB alloc/reserved=278.1/1898.0
2026-04-11 16:09:28 | INFO | [Round 14] Epoch 69/80 time=00:01.41 avg=00:01.43 ETA=00:15.69 | GPU MB alloc/reserved=278.1/1898.0
2026-04-11 16:09:30 | INFO | [Round 14] epoch=70/80 loss=0.0149 acc=99.89 val_acc=nan data_t=0.0017s batch_t=0.0922s epoch_t=00:01.41 lr=0.000048 | GPU MB alloc/reserved=278.1/1898.0
2026-04-11 16:09:30 | INFO | [Round 14] Epoch 70/80 time=00:01.41 avg=00:01.43 ETA=00:14.26 | GPU MB alloc/reserved=278.1/1898.0
2026-04-11 16:09:31 | INFO | [Round 14] epoch=71/80 loss=0.0152 acc=99.95 val_acc=nan data_t=0.0018s batch_t=0.0927s epoch_t=00:01.42 lr=0.000041 | GPU MB alloc/reserved=278.1/1898.0
2026-04-11 16:09:31 | INFO | [Round 14] Epoch 71/80 time=00:01.42 avg=00:01.43 ETA=00:12.83 | GPU MB alloc/reserved=278.1/1898.0
2026-04-11 16:09:33 | INFO | [Round 14] epoch=72/80 loss=0.0143 acc=99.89 val_acc=nan data_t=0.0033s batch_t=0.0930s epoch_t=00:01.44 lr=0.000034 | GPU MB alloc/reserved=278.1/1898.0
2026-04-11 16:09:33 | INFO | [Round 14] Epoch 72/80 time=00:01.44 avg=00:01.43 ETA=00:11.41 | GPU MB alloc/reserved=278.1/1898.0
2026-04-11 16:09:34 | INFO | [Round 14] epoch=73/80 loss=0.0147 acc=99.89 val_acc=nan data_t=0.0026s batch_t=0.0935s epoch_t=00:01.44 lr=0.000029 | GPU MB alloc/reserved=278.1/1898.0
2026-04-11 16:09:34 | INFO | [Round 14] Epoch 73/80 time=00:01.44 avg=00:01.43 ETA=00:09.98 | GPU MB alloc/reserved=278.1/1898.0
2026-04-11 16:09:35 | INFO | [Round 14] epoch=74/80 loss=0.0144 acc=99.84 val_acc=nan data_t=0.0027s batch_t=0.0807s epoch_t=00:01.25 lr=0.000024 | GPU MB alloc/reserved=278.1/1898.0
2026-04-11 16:09:35 | INFO | [Round 14] Epoch 74/80 time=00:01.25 avg=00:01.42 ETA=00:08.54 | GPU MB alloc/reserved=278.1/1898.0
2026-04-11 16:09:37 | INFO | [Round 14] epoch=75/80 loss=0.0128 acc=99.95 val_acc=nan data_t=0.0030s batch_t=0.0990s epoch_t=00:01.53 lr=0.000020 | GPU MB alloc/reserved=278.1/1898.0
2026-04-11 16:09:37 | INFO | [Round 14] Epoch 75/80 time=00:01.53 avg=00:01.43 ETA=00:07.13 | GPU MB alloc/reserved=278.1/1898.0
2026-04-11 16:09:38 | INFO | [Round 14] epoch=76/80 loss=0.0115 acc=100.00 val_acc=nan data_t=0.0024s batch_t=0.0975s epoch_t=00:01.50 lr=0.000016 | GPU MB alloc/reserved=278.1/1898.0
2026-04-11 16:09:38 | INFO | [Round 14] Epoch 76/80 time=00:01.50 avg=00:01.43 ETA=00:05.70 | GPU MB alloc/reserved=278.1/1898.0
2026-04-11 16:09:40 | INFO | [Round 14] epoch=77/80 loss=0.0139 acc=99.95 val_acc=nan data_t=0.0028s batch_t=0.1010s epoch_t=00:01.56 lr=0.000013 | GPU MB alloc/reserved=278.1/1898.0
2026-04-11 16:09:40 | INFO | [Round 14] Epoch 77/80 time=00:01.56 avg=00:01.43 ETA=00:04.28 | GPU MB alloc/reserved=278.1/1898.0
2026-04-11 16:09:41 | INFO | [Round 14] epoch=78/80 loss=0.0157 acc=100.00 val_acc=nan data_t=0.0019s batch_t=0.1016s epoch_t=00:01.55 lr=0.000012 | GPU MB alloc/reserved=278.1/1898.0
2026-04-11 16:09:41 | INFO | [Round 14] Epoch 78/80 time=00:01.55 avg=00:01.43 ETA=00:02.86 | GPU MB alloc/reserved=278.1/1898.0
2026-04-11 16:09:43 | INFO | [Round 14] epoch=79/80 loss=0.0156 acc=99.89 val_acc=nan data_t=0.0032s batch_t=0.1025s epoch_t=00:01.59 lr=0.000010 | GPU MB alloc/reserved=278.1/1898.0
2026-04-11 16:09:43 | INFO | [Round 14] Epoch 79/80 time=00:01.59 avg=00:01.43 ETA=00:01.43 | GPU MB alloc/reserved=278.1/1898.0
2026-04-11 16:09:44 | INFO | [Round 14] epoch=80/80 loss=0.0119 acc=99.95 val_acc=nan data_t=0.0024s batch_t=0.0903s epoch_t=00:01.39 lr=0.000010 | GPU MB alloc/reserved=278.1/1898.0
2026-04-11 16:09:44 | INFO | [Round 14] Epoch 80/80 time=00:01.39 avg=00:01.43 ETA=00:00.00 | GPU MB alloc/reserved=278.1/1898.0
2026-04-11 16:09:44 | INFO | [Round 14] training complete in 01:54.82 (best monitor=100.000) | GPU MB alloc/reserved=278.1/1898.0
2026-04-11 16:09:44 | INFO | [Round 14] evaluation started | GPU MB alloc/reserved=191.6/1898.0
2026-04-11 16:09:53 | INFO | [Round 14] clean=62.29 fgsm=49.70 pgd=49.31 grad_disp_mean=nan grad_disp_sel=nan round_t=124.52s | GPU MB alloc/reserved=191.6/1898.0
2026-04-11 16:09:53 | INFO | [Round 15/21] elapsed=02:04.52 avg_round=01:23.14 projected_remaining=08:18.85 | GPU MB alloc/reserved=191.6/1898.0
2026-04-11 16:09:54 | INFO | [Round 15] acquisition on pool_size=48100 scored_pool=5000 budget=100 | GPU MB alloc/reserved=103.2/1898.0
2026-04-11 16:09:54 | INFO | [BADGE] scoring progress 10/20 elapsed=00:00.40 avg/batch=0.040s ETA=00:00.40 | GPU MB alloc/reserved=113.0/1898.0
2026-04-11 16:09:54 | INFO | [BADGE] scoring progress 20/20 elapsed=00:00.58 avg/batch=0.029s ETA=00:00.00 | GPU MB alloc/reserved=107.8/1898.0
2026-04-11 16:09:55 | INFO | [Round 15] labeled=2000 train=2000 val_fixed=0 | GPU MB alloc/reserved=146.9/1898.0
2026-04-11 16:09:57 | INFO | [Round 15] epoch=1/80 loss=2.3478 acc=17.90 val_acc=nan data_t=0.0125s batch_t=0.0945s epoch_t=00:01.71 lr=0.001000 | GPU MB alloc/reserved=277.1/1898.0
2026-04-11 16:09:57 | INFO | [Round 15] Epoch 1/80 time=00:01.71 avg=00:01.71 ETA=02:15.19 | GPU MB alloc/reserved=277.1/1898.0
2026-04-11 16:09:58 | INFO | [Round 15] epoch=2/80 loss=2.0446 acc=21.75 val_acc=nan data_t=0.0020s batch_t=0.0925s epoch_t=00:01.51 lr=0.000998 | GPU MB alloc/reserved=277.1/1898.0
2026-04-11 16:09:58 | INFO | [Round 15] Epoch 2/80 time=00:01.51 avg=00:01.61 ETA=02:05.74 | GPU MB alloc/reserved=277.1/1898.0
2026-04-11 16:10:00 | INFO | [Round 15] epoch=3/80 loss=1.9575 acc=24.85 val_acc=nan data_t=0.0017s batch_t=0.0920s epoch_t=00:01.50 lr=0.000997 | GPU MB alloc/reserved=277.1/1898.0
2026-04-11 16:10:00 | INFO | [Round 15] Epoch 3/80 time=00:01.50 avg=00:01.57 ETA=02:01.25 | GPU MB alloc/reserved=277.1/1898.0
2026-04-11 16:10:01 | INFO | [Round 15] epoch=4/80 loss=1.9118 acc=25.15 val_acc=nan data_t=0.0025s batch_t=0.0923s epoch_t=00:01.52 lr=0.000994 | GPU MB alloc/reserved=277.1/1898.0
2026-04-11 16:10:01 | INFO | [Round 15] Epoch 4/80 time=00:01.52 avg=00:01.56 ETA=01:58.58 | GPU MB alloc/reserved=277.1/1898.0
2026-04-11 16:10:03 | INFO | [Round 15] epoch=5/80 loss=1.8796 acc=27.85 val_acc=nan data_t=0.0024s batch_t=0.0929s epoch_t=00:01.52 lr=0.000990 | GPU MB alloc/reserved=277.1/1898.0
2026-04-11 16:10:03 | INFO | [Round 15] Epoch 5/80 time=00:01.52 avg=00:01.55 ETA=01:56.48 | GPU MB alloc/reserved=277.1/1898.0
2026-04-11 16:10:04 | INFO | [Round 15] epoch=6/80 loss=1.8544 acc=28.00 val_acc=nan data_t=0.0028s batch_t=0.0920s epoch_t=00:01.52 lr=0.000986 | GPU MB alloc/reserved=277.1/1898.0
2026-04-11 16:10:04 | INFO | [Round 15] Epoch 6/80 time=00:01.52 avg=00:01.55 ETA=01:54.47 | GPU MB alloc/reserved=277.1/1898.0
2026-04-11 16:10:06 | INFO | [Round 15] epoch=7/80 loss=1.8218 acc=28.60 val_acc=nan data_t=0.0026s batch_t=0.0927s epoch_t=00:01.52 lr=0.000981 | GPU MB alloc/reserved=277.1/1898.0
2026-04-11 16:10:06 | INFO | [Round 15] Epoch 7/80 time=00:01.52 avg=00:01.54 ETA=01:52.70 | GPU MB alloc/reserved=277.1/1898.0
2026-04-11 16:10:08 | INFO | [Round 15] epoch=8/80 loss=1.7497 acc=33.40 val_acc=nan data_t=0.0017s batch_t=0.0918s epoch_t=00:01.50 lr=0.000976 | GPU MB alloc/reserved=277.1/1898.0
2026-04-11 16:10:08 | INFO | [Round 15] Epoch 8/80 time=00:01.50 avg=00:01.54 ETA=01:50.72 | GPU MB alloc/reserved=277.1/1898.0
2026-04-11 16:10:09 | INFO | [Round 15] epoch=9/80 loss=1.7540 acc=33.00 val_acc=nan data_t=0.0031s batch_t=0.0921s epoch_t=00:01.52 lr=0.000969 | GPU MB alloc/reserved=277.1/1898.0
2026-04-11 16:10:09 | INFO | [Round 15] Epoch 9/80 time=00:01.52 avg=00:01.54 ETA=01:49.08 | GPU MB alloc/reserved=277.1/1898.0
2026-04-11 16:10:11 | INFO | [Round 15] epoch=10/80 loss=1.6978 acc=34.55 val_acc=nan data_t=0.0024s batch_t=0.0929s epoch_t=00:01.53 lr=0.000962 | GPU MB alloc/reserved=277.1/1898.0
2026-04-11 16:10:11 | INFO | [Round 15] Epoch 10/80 time=00:01.53 avg=00:01.54 ETA=01:47.46 | GPU MB alloc/reserved=277.1/1898.0
2026-04-11 16:10:12 | INFO | [Round 15] epoch=11/80 loss=1.6486 acc=36.15 val_acc=nan data_t=0.0016s batch_t=0.0921s epoch_t=00:01.50 lr=0.000955 | GPU MB alloc/reserved=277.1/1898.0
2026-04-11 16:10:12 | INFO | [Round 15] Epoch 11/80 time=00:01.50 avg=00:01.53 ETA=01:45.71 | GPU MB alloc/reserved=277.1/1898.0
2026-04-11 16:10:14 | INFO | [Round 15] epoch=12/80 loss=1.6577 acc=36.30 val_acc=nan data_t=0.0021s batch_t=0.0921s epoch_t=00:01.51 lr=0.000946 | GPU MB alloc/reserved=277.1/1898.0
2026-04-11 16:10:14 | INFO | [Round 15] Epoch 12/80 time=00:01.51 avg=00:01.53 ETA=01:44.04 | GPU MB alloc/reserved=277.1/1898.0
2026-04-11 16:10:15 | INFO | [Round 15] epoch=13/80 loss=1.6239 acc=36.60 val_acc=nan data_t=0.0016s batch_t=0.0911s epoch_t=00:01.48 lr=0.000937 | GPU MB alloc/reserved=277.1/1898.0
2026-04-11 16:10:15 | INFO | [Round 15] Epoch 13/80 time=00:01.48 avg=00:01.53 ETA=01:42.28 | GPU MB alloc/reserved=277.1/1898.0
2026-04-11 16:10:17 | INFO | [Round 15] epoch=14/80 loss=1.5558 acc=40.30 val_acc=nan data_t=0.0018s batch_t=0.0919s epoch_t=00:01.50 lr=0.000927 | GPU MB alloc/reserved=277.1/1898.0
2026-04-11 16:10:17 | INFO | [Round 15] Epoch 14/80 time=00:01.50 avg=00:01.52 ETA=01:40.63 | GPU MB alloc/reserved=277.1/1898.0
2026-04-11 16:10:18 | INFO | [Round 15] epoch=15/80 loss=1.4970 acc=42.60 val_acc=nan data_t=0.0027s batch_t=0.0929s epoch_t=00:01.53 lr=0.000917 | GPU MB alloc/reserved=277.1/1898.0
2026-04-11 16:10:18 | INFO | [Round 15] Epoch 15/80 time=00:01.53 avg=00:01.52 ETA=01:39.12 | GPU MB alloc/reserved=277.1/1898.0
2026-04-11 16:10:20 | INFO | [Round 15] epoch=16/80 loss=1.4654 acc=42.85 val_acc=nan data_t=0.0025s batch_t=0.0915s epoch_t=00:01.50 lr=0.000905 | GPU MB alloc/reserved=277.1/1898.0
2026-04-11 16:10:20 | INFO | [Round 15] Epoch 16/80 time=00:01.50 avg=00:01.52 ETA=01:37.51 | GPU MB alloc/reserved=277.1/1898.0
2026-04-11 16:10:21 | INFO | [Round 15] epoch=17/80 loss=1.4119 acc=44.70 val_acc=nan data_t=0.0017s batch_t=0.0924s epoch_t=00:01.50 lr=0.000894 | GPU MB alloc/reserved=277.1/1898.0
2026-04-11 16:10:21 | INFO | [Round 15] Epoch 17/80 time=00:01.50 avg=00:01.52 ETA=01:35.92 | GPU MB alloc/reserved=277.1/1898.0
2026-04-11 16:10:23 | INFO | [Round 15] epoch=18/80 loss=1.4034 acc=45.20 val_acc=nan data_t=0.0017s batch_t=0.0926s epoch_t=00:01.51 lr=0.000881 | GPU MB alloc/reserved=277.1/1898.0
2026-04-11 16:10:23 | INFO | [Round 15] Epoch 18/80 time=00:01.51 avg=00:01.52 ETA=01:34.35 | GPU MB alloc/reserved=277.1/1898.0
2026-04-11 16:10:24 | INFO | [Round 15] epoch=19/80 loss=1.3498 acc=48.00 val_acc=nan data_t=0.0017s batch_t=0.0913s epoch_t=00:01.49 lr=0.000868 | GPU MB alloc/reserved=277.1/1898.0
2026-04-11 16:10:24 | INFO | [Round 15] Epoch 19/80 time=00:01.49 avg=00:01.52 ETA=01:32.72 | GPU MB alloc/reserved=277.1/1898.0
2026-04-11 16:10:26 | INFO | [Round 15] epoch=20/80 loss=1.2946 acc=50.30 val_acc=nan data_t=0.0027s batch_t=0.0925s epoch_t=00:01.52 lr=0.000855 | GPU MB alloc/reserved=277.1/1898.0
2026-04-11 16:10:26 | INFO | [Round 15] Epoch 20/80 time=00:01.52 avg=00:01.52 ETA=01:31.21 | GPU MB alloc/reserved=277.1/1898.0
2026-04-11 16:10:27 | INFO | [Round 15] epoch=21/80 loss=1.3152 acc=49.15 val_acc=nan data_t=0.0026s batch_t=0.0923s epoch_t=00:01.52 lr=0.000841 | GPU MB alloc/reserved=277.1/1898.0
2026-04-11 16:10:27 | INFO | [Round 15] Epoch 21/80 time=00:01.52 avg=00:01.52 ETA=01:29.68 | GPU MB alloc/reserved=277.1/1898.0
2026-04-11 16:10:29 | INFO | [Round 15] epoch=22/80 loss=1.2696 acc=50.35 val_acc=nan data_t=0.0017s batch_t=0.0930s epoch_t=00:01.51 lr=0.000826 | GPU MB alloc/reserved=277.1/1898.0
2026-04-11 16:10:29 | INFO | [Round 15] Epoch 22/80 time=00:01.51 avg=00:01.52 ETA=01:28.14 | GPU MB alloc/reserved=277.1/1898.0
2026-04-11 16:10:30 | INFO | [Round 15] epoch=23/80 loss=1.2154 acc=52.10 val_acc=nan data_t=0.0016s batch_t=0.0927s epoch_t=00:01.51 lr=0.000811 | GPU MB alloc/reserved=277.1/1898.0
2026-04-11 16:10:30 | INFO | [Round 15] Epoch 23/80 time=00:01.51 avg=00:01.52 ETA=01:26.60 | GPU MB alloc/reserved=277.1/1898.0
2026-04-11 16:10:32 | INFO | [Round 15] epoch=24/80 loss=1.1523 acc=54.35 val_acc=nan data_t=0.0027s batch_t=0.0920s epoch_t=00:01.52 lr=0.000796 | GPU MB alloc/reserved=277.1/1898.0
2026-04-11 16:10:32 | INFO | [Round 15] Epoch 24/80 time=00:01.52 avg=00:01.52 ETA=01:25.07 | GPU MB alloc/reserved=277.1/1898.0
2026-04-11 16:10:33 | INFO | [Round 15] epoch=25/80 loss=1.1085 acc=57.15 val_acc=nan data_t=0.0028s batch_t=0.0926s epoch_t=00:01.53 lr=0.000780 | GPU MB alloc/reserved=277.1/1898.0
2026-04-11 16:10:33 | INFO | [Round 15] Epoch 25/80 time=00:01.53 avg=00:01.52 ETA=01:23.57 | GPU MB alloc/reserved=277.1/1898.0
2026-04-11 16:10:35 | INFO | [Round 15] epoch=26/80 loss=1.0975 acc=56.50 val_acc=nan data_t=0.0017s batch_t=0.0921s epoch_t=00:01.50 lr=0.000764 | GPU MB alloc/reserved=277.1/1898.0
2026-04-11 16:10:35 | INFO | [Round 15] Epoch 26/80 time=00:01.50 avg=00:01.52 ETA=01:22.01 | GPU MB alloc/reserved=277.1/1898.0
2026-04-11 16:10:36 | INFO | [Round 15] epoch=27/80 loss=1.0206 acc=59.40 val_acc=nan data_t=0.0016s batch_t=0.0922s epoch_t=00:01.50 lr=0.000747 | GPU MB alloc/reserved=277.1/1898.0
2026-04-11 16:10:36 | INFO | [Round 15] Epoch 27/80 time=00:01.50 avg=00:01.52 ETA=01:20.46 | GPU MB alloc/reserved=277.1/1898.0
2026-04-11 16:10:38 | INFO | [Round 15] epoch=28/80 loss=0.9715 acc=62.20 val_acc=nan data_t=0.0018s batch_t=0.0914s epoch_t=00:01.49 lr=0.000730 | GPU MB alloc/reserved=277.1/1898.0
2026-04-11 16:10:38 | INFO | [Round 15] Epoch 28/80 time=00:01.49 avg=00:01.52 ETA=01:18.89 | GPU MB alloc/reserved=277.1/1898.0
2026-04-11 16:10:39 | INFO | [Round 15] epoch=29/80 loss=0.9908 acc=61.95 val_acc=nan data_t=0.0023s batch_t=0.0919s epoch_t=00:01.51 lr=0.000712 | GPU MB alloc/reserved=277.1/1898.0
2026-04-11 16:10:39 | INFO | [Round 15] Epoch 29/80 time=00:01.51 avg=00:01.52 ETA=01:17.36 | GPU MB alloc/reserved=277.1/1898.0
2026-04-11 16:10:41 | INFO | [Round 15] epoch=30/80 loss=0.8963 acc=65.80 val_acc=nan data_t=0.0025s batch_t=0.0922s epoch_t=00:01.51 lr=0.000694 | GPU MB alloc/reserved=277.1/1898.0
2026-04-11 16:10:41 | INFO | [Round 15] Epoch 30/80 time=00:01.51 avg=00:01.52 ETA=01:15.84 | GPU MB alloc/reserved=277.1/1898.0
2026-04-11 16:10:42 | INFO | [Round 15] epoch=31/80 loss=0.8496 acc=66.80 val_acc=nan data_t=0.0027s batch_t=0.0920s epoch_t=00:01.52 lr=0.000676 | GPU MB alloc/reserved=277.1/1898.0
2026-04-11 16:10:42 | INFO | [Round 15] Epoch 31/80 time=00:01.52 avg=00:01.52 ETA=01:14.32 | GPU MB alloc/reserved=277.1/1898.0
2026-04-11 16:10:44 | INFO | [Round 15] epoch=32/80 loss=0.8305 acc=67.70 val_acc=nan data_t=0.0031s batch_t=0.0923s epoch_t=00:01.53 lr=0.000658 | GPU MB alloc/reserved=277.1/1898.0
2026-04-11 16:10:44 | INFO | [Round 15] Epoch 32/80 time=00:01.53 avg=00:01.52 ETA=01:12.82 | GPU MB alloc/reserved=277.1/1898.0
2026-04-11 16:10:45 | INFO | [Round 15] epoch=33/80 loss=0.7668 acc=71.75 val_acc=nan data_t=0.0016s batch_t=0.0921s epoch_t=00:01.50 lr=0.000639 | GPU MB alloc/reserved=277.1/1898.0
2026-04-11 16:10:45 | INFO | [Round 15] Epoch 33/80 time=00:01.50 avg=00:01.52 ETA=01:11.28 | GPU MB alloc/reserved=277.1/1898.0
2026-04-11 16:10:47 | INFO | [Round 15] epoch=34/80 loss=0.7137 acc=74.70 val_acc=nan data_t=0.0025s batch_t=0.0918s epoch_t=00:01.51 lr=0.000621 | GPU MB alloc/reserved=277.1/1898.0
2026-04-11 16:10:47 | INFO | [Round 15] Epoch 34/80 time=00:01.51 avg=00:01.52 ETA=01:09.75 | GPU MB alloc/reserved=277.1/1898.0
2026-04-11 16:10:48 | INFO | [Round 15] epoch=35/80 loss=0.7053 acc=72.65 val_acc=nan data_t=0.0028s batch_t=0.0918s epoch_t=00:01.51 lr=0.000602 | GPU MB alloc/reserved=277.1/1898.0
2026-04-11 16:10:48 | INFO | [Round 15] Epoch 35/80 time=00:01.51 avg=00:01.52 ETA=01:08.23 | GPU MB alloc/reserved=277.1/1898.0
2026-04-11 16:10:50 | INFO | [Round 15] epoch=36/80 loss=0.6258 acc=77.30 val_acc=nan data_t=0.0029s batch_t=0.0913s epoch_t=00:01.51 lr=0.000582 | GPU MB alloc/reserved=277.1/1898.0
2026-04-11 16:10:50 | INFO | [Round 15] Epoch 36/80 time=00:01.51 avg=00:01.52 ETA=01:06.70 | GPU MB alloc/reserved=277.1/1898.0
2026-04-11 16:10:51 | INFO | [Round 15] epoch=37/80 loss=0.6035 acc=77.70 val_acc=nan data_t=0.0019s batch_t=0.0902s epoch_t=00:01.47 lr=0.000563 | GPU MB alloc/reserved=277.1/1898.0
2026-04-11 16:10:51 | INFO | [Round 15] Epoch 37/80 time=00:01.47 avg=00:01.51 ETA=01:05.14 | GPU MB alloc/reserved=277.1/1898.0
2026-04-11 16:10:53 | INFO | [Round 15] epoch=38/80 loss=0.5793 acc=77.45 val_acc=nan data_t=0.0022s batch_t=0.0922s epoch_t=00:01.51 lr=0.000544 | GPU MB alloc/reserved=277.1/1898.0
2026-04-11 16:10:53 | INFO | [Round 15] Epoch 38/80 time=00:01.51 avg=00:01.51 ETA=01:03.62 | GPU MB alloc/reserved=277.1/1898.0
2026-04-11 16:10:54 | INFO | [Round 15] epoch=39/80 loss=0.5226 acc=80.25 val_acc=nan data_t=0.0024s batch_t=0.0922s epoch_t=00:01.51 lr=0.000524 | GPU MB alloc/reserved=277.1/1898.0
2026-04-11 16:10:54 | INFO | [Round 15] Epoch 39/80 time=00:01.51 avg=00:01.51 ETA=01:02.10 | GPU MB alloc/reserved=277.1/1898.0
2026-04-11 16:10:56 | INFO | [Round 15] epoch=40/80 loss=0.4521 acc=83.70 val_acc=nan data_t=0.0031s batch_t=0.0906s epoch_t=00:01.50 lr=0.000505 | GPU MB alloc/reserved=277.1/1898.0
2026-04-11 16:10:56 | INFO | [Round 15] Epoch 40/80 time=00:01.50 avg=00:01.51 ETA=01:00.57 | GPU MB alloc/reserved=277.1/1898.0
2026-04-11 16:10:57 | INFO | [Round 15] epoch=41/80 loss=0.4259 acc=84.55 val_acc=nan data_t=0.0037s batch_t=0.0916s epoch_t=00:01.53 lr=0.000486 | GPU MB alloc/reserved=277.1/1898.0
2026-04-11 16:10:57 | INFO | [Round 15] Epoch 41/80 time=00:01.53 avg=00:01.51 ETA=00:59.07 | GPU MB alloc/reserved=277.1/1898.0
2026-04-11 16:10:59 | INFO | [Round 15] epoch=42/80 loss=0.4060 acc=85.10 val_acc=nan data_t=0.0031s batch_t=0.0923s epoch_t=00:01.53 lr=0.000466 | GPU MB alloc/reserved=277.1/1898.0
2026-04-11 16:10:59 | INFO | [Round 15] Epoch 42/80 time=00:01.53 avg=00:01.51 ETA=00:57.56 | GPU MB alloc/reserved=277.1/1898.0
2026-04-11 16:11:01 | INFO | [Round 15] epoch=43/80 loss=0.3792 acc=86.45 val_acc=nan data_t=0.0031s batch_t=0.0927s epoch_t=00:01.53 lr=0.000447 | GPU MB alloc/reserved=277.1/1898.0
2026-04-11 16:11:01 | INFO | [Round 15] Epoch 43/80 time=00:01.53 avg=00:01.52 ETA=00:56.06 | GPU MB alloc/reserved=277.1/1898.0
2026-04-11 16:11:02 | INFO | [Round 15] epoch=44/80 loss=0.3179 acc=88.85 val_acc=nan data_t=0.0029s batch_t=0.0922s epoch_t=00:01.52 lr=0.000428 | GPU MB alloc/reserved=277.1/1898.0
2026-04-11 16:11:02 | INFO | [Round 15] Epoch 44/80 time=00:01.52 avg=00:01.52 ETA=00:54.55 | GPU MB alloc/reserved=277.1/1898.0
2026-04-11 16:11:04 | INFO | [Round 15] epoch=45/80 loss=0.2787 acc=91.30 val_acc=nan data_t=0.0026s batch_t=0.0922s epoch_t=00:01.52 lr=0.000408 | GPU MB alloc/reserved=277.1/1898.0
2026-04-11 16:11:04 | INFO | [Round 15] Epoch 45/80 time=00:01.52 avg=00:01.52 ETA=00:53.04 | GPU MB alloc/reserved=277.1/1898.0
2026-04-11 16:11:05 | INFO | [Round 15] epoch=46/80 loss=0.2651 acc=90.35 val_acc=nan data_t=0.0019s batch_t=0.0922s epoch_t=00:01.51 lr=0.000389 | GPU MB alloc/reserved=277.1/1898.0
2026-04-11 16:11:05 | INFO | [Round 15] Epoch 46/80 time=00:01.51 avg=00:01.52 ETA=00:51.52 | GPU MB alloc/reserved=277.1/1898.0
2026-04-11 16:11:07 | INFO | [Round 15] epoch=47/80 loss=0.2189 acc=93.00 val_acc=nan data_t=0.0016s batch_t=0.0919s epoch_t=00:01.50 lr=0.000371 | GPU MB alloc/reserved=277.1/1898.0
2026-04-11 16:11:07 | INFO | [Round 15] Epoch 47/80 time=00:01.50 avg=00:01.51 ETA=00:49.99 | GPU MB alloc/reserved=277.1/1898.0
2026-04-11 16:11:08 | INFO | [Round 15] epoch=48/80 loss=0.2093 acc=92.95 val_acc=nan data_t=0.0022s batch_t=0.0923s epoch_t=00:01.51 lr=0.000352 | GPU MB alloc/reserved=277.1/1898.0
2026-04-11 16:11:08 | INFO | [Round 15] Epoch 48/80 time=00:01.51 avg=00:01.51 ETA=00:48.47 | GPU MB alloc/reserved=277.1/1898.0
2026-04-11 16:11:10 | INFO | [Round 15] epoch=49/80 loss=0.1711 acc=94.65 val_acc=nan data_t=0.0019s batch_t=0.0925s epoch_t=00:01.51 lr=0.000334 | GPU MB alloc/reserved=277.1/1898.0
2026-04-11 16:11:10 | INFO | [Round 15] Epoch 49/80 time=00:01.51 avg=00:01.51 ETA=00:46.96 | GPU MB alloc/reserved=277.1/1898.0
2026-04-11 16:11:11 | INFO | [Round 15] epoch=50/80 loss=0.1614 acc=95.10 val_acc=nan data_t=0.0024s batch_t=0.0924s epoch_t=00:01.52 lr=0.000316 | GPU MB alloc/reserved=277.1/1898.0
2026-04-11 16:11:11 | INFO | [Round 15] Epoch 50/80 time=00:01.52 avg=00:01.51 ETA=00:45.44 | GPU MB alloc/reserved=277.1/1898.0
2026-04-11 16:11:13 | INFO | [Round 15] epoch=51/80 loss=0.1428 acc=95.75 val_acc=nan data_t=0.0026s batch_t=0.0919s epoch_t=00:01.51 lr=0.000298 | GPU MB alloc/reserved=277.1/1898.0
2026-04-11 16:11:13 | INFO | [Round 15] Epoch 51/80 time=00:01.51 avg=00:01.51 ETA=00:43.93 | GPU MB alloc/reserved=277.1/1898.0
2026-04-11 16:11:14 | INFO | [Round 15] epoch=52/80 loss=0.1251 acc=96.55 val_acc=nan data_t=0.0026s batch_t=0.0925s epoch_t=00:01.52 lr=0.000280 | GPU MB alloc/reserved=277.1/1898.0
2026-04-11 16:11:14 | INFO | [Round 15] Epoch 52/80 time=00:01.52 avg=00:01.51 ETA=00:42.42 | GPU MB alloc/reserved=277.1/1898.0
2026-04-11 16:11:16 | INFO | [Round 15] epoch=53/80 loss=0.1342 acc=95.50 val_acc=nan data_t=0.0025s batch_t=0.0919s epoch_t=00:01.51 lr=0.000263 | GPU MB alloc/reserved=277.1/1898.0
2026-04-11 16:11:16 | INFO | [Round 15] Epoch 53/80 time=00:01.51 avg=00:01.51 ETA=00:40.90 | GPU MB alloc/reserved=277.1/1898.0
2026-04-11 16:11:17 | INFO | [Round 15] epoch=54/80 loss=0.1201 acc=96.40 val_acc=nan data_t=0.0016s batch_t=0.0924s epoch_t=00:01.51 lr=0.000246 | GPU MB alloc/reserved=277.1/1898.0
2026-04-11 16:11:17 | INFO | [Round 15] Epoch 54/80 time=00:01.51 avg=00:01.51 ETA=00:39.38 | GPU MB alloc/reserved=277.1/1898.0
2026-04-11 16:11:19 | INFO | [Round 15] epoch=55/80 loss=0.0841 acc=98.05 val_acc=nan data_t=0.0025s batch_t=0.0911s epoch_t=00:01.50 lr=0.000230 | GPU MB alloc/reserved=277.1/1898.0
2026-04-11 16:11:19 | INFO | [Round 15] Epoch 55/80 time=00:01.50 avg=00:01.51 ETA=00:37.86 | GPU MB alloc/reserved=277.1/1898.0
2026-04-11 16:11:20 | INFO | [Round 15] epoch=56/80 loss=0.0631 acc=98.40 val_acc=nan data_t=0.0018s batch_t=0.0922s epoch_t=00:01.50 lr=0.000214 | GPU MB alloc/reserved=277.1/1898.0
2026-04-11 16:11:20 | INFO | [Round 15] Epoch 56/80 time=00:01.50 avg=00:01.51 ETA=00:36.34 | GPU MB alloc/reserved=277.1/1898.0
2026-04-11 16:11:22 | INFO | [Round 15] epoch=57/80 loss=0.0587 acc=98.65 val_acc=nan data_t=0.0017s batch_t=0.0921s epoch_t=00:01.50 lr=0.000199 | GPU MB alloc/reserved=277.1/1898.0
2026-04-11 16:11:22 | INFO | [Round 15] Epoch 57/80 time=00:01.50 avg=00:01.51 ETA=00:34.82 | GPU MB alloc/reserved=277.1/1898.0
2026-04-11 16:11:23 | INFO | [Round 15] epoch=58/80 loss=0.0586 acc=98.85 val_acc=nan data_t=0.0022s batch_t=0.0916s epoch_t=00:01.50 lr=0.000184 | GPU MB alloc/reserved=277.1/1898.0
2026-04-11 16:11:23 | INFO | [Round 15] Epoch 58/80 time=00:01.50 avg=00:01.51 ETA=00:33.30 | GPU MB alloc/reserved=277.1/1898.0
2026-04-11 16:11:25 | INFO | [Round 15] epoch=59/80 loss=0.0464 acc=99.10 val_acc=nan data_t=0.0031s batch_t=0.0921s epoch_t=00:01.52 lr=0.000169 | GPU MB alloc/reserved=277.1/1898.0
2026-04-11 16:11:25 | INFO | [Round 15] Epoch 59/80 time=00:01.52 avg=00:01.51 ETA=00:31.79 | GPU MB alloc/reserved=277.1/1898.0
2026-04-11 16:11:26 | INFO | [Round 15] epoch=60/80 loss=0.0518 acc=98.65 val_acc=nan data_t=0.0017s batch_t=0.0797s epoch_t=00:01.30 lr=0.000155 | GPU MB alloc/reserved=277.1/1898.0
2026-04-11 16:11:26 | INFO | [Round 15] Epoch 60/80 time=00:01.30 avg=00:01.51 ETA=00:30.21 | GPU MB alloc/reserved=277.1/1898.0
2026-04-11 16:11:28 | INFO | [Round 15] epoch=61/80 loss=0.0456 acc=99.20 val_acc=nan data_t=0.0026s batch_t=0.1008s epoch_t=00:01.65 lr=0.000142 | GPU MB alloc/reserved=277.1/1898.0
2026-04-11 16:11:28 | INFO | [Round 15] Epoch 61/80 time=00:01.65 avg=00:01.51 ETA=00:28.74 | GPU MB alloc/reserved=277.1/1898.0
2026-04-11 16:11:29 | INFO | [Round 15] epoch=62/80 loss=0.0391 acc=99.20 val_acc=nan data_t=0.0033s batch_t=0.0983s epoch_t=00:01.63 lr=0.000129 | GPU MB alloc/reserved=277.1/1898.0
2026-04-11 16:11:29 | INFO | [Round 15] Epoch 62/80 time=00:01.63 avg=00:01.51 ETA=00:27.26 | GPU MB alloc/reserved=277.1/1898.0
2026-04-11 16:11:31 | INFO | [Round 15] epoch=63/80 loss=0.0319 acc=99.55 val_acc=nan data_t=0.0017s batch_t=0.1009s epoch_t=00:01.64 lr=0.000116 | GPU MB alloc/reserved=277.1/1898.0
2026-04-11 16:11:31 | INFO | [Round 15] Epoch 63/80 time=00:01.64 avg=00:01.52 ETA=00:25.78 | GPU MB alloc/reserved=277.1/1898.0
2026-04-11 16:11:33 | INFO | [Round 15] epoch=64/80 loss=0.0267 acc=99.75 val_acc=nan data_t=0.0018s batch_t=0.1006s epoch_t=00:01.64 lr=0.000105 | GPU MB alloc/reserved=277.1/1898.0
2026-04-11 16:11:33 | INFO | [Round 15] Epoch 64/80 time=00:01.64 avg=00:01.52 ETA=00:24.29 | GPU MB alloc/reserved=277.1/1898.0
2026-04-11 16:11:34 | INFO | [Round 15] epoch=65/80 loss=0.0257 acc=99.60 val_acc=nan data_t=0.0016s batch_t=0.1007s epoch_t=00:01.64 lr=0.000093 | GPU MB alloc/reserved=277.1/1898.0
2026-04-11 16:11:34 | INFO | [Round 15] Epoch 65/80 time=00:01.64 avg=00:01.52 ETA=00:22.80 | GPU MB alloc/reserved=277.1/1898.0
2026-04-11 16:11:35 | INFO | [Round 15] epoch=66/80 loss=0.0240 acc=99.70 val_acc=nan data_t=0.0024s batch_t=0.0641s epoch_t=00:01.06 lr=0.000083 | GPU MB alloc/reserved=277.1/1898.0
2026-04-11 16:11:35 | INFO | [Round 15] Epoch 66/80 time=00:01.06 avg=00:01.51 ETA=00:21.19 | GPU MB alloc/reserved=277.1/1898.0
2026-04-11 16:11:36 | INFO | [Round 15] epoch=67/80 loss=0.0211 acc=99.80 val_acc=nan data_t=0.0024s batch_t=0.0712s epoch_t=00:01.18 lr=0.000073 | GPU MB alloc/reserved=277.1/1898.0
2026-04-11 16:11:36 | INFO | [Round 15] Epoch 67/80 time=00:01.18 avg=00:01.51 ETA=00:19.61 | GPU MB alloc/reserved=277.1/1898.0
2026-04-11 16:11:38 | INFO | [Round 15] epoch=68/80 loss=0.0219 acc=99.65 val_acc=nan data_t=0.0020s batch_t=0.0742s epoch_t=00:01.22 lr=0.000064 | GPU MB alloc/reserved=277.1/1898.0
2026-04-11 16:11:38 | INFO | [Round 15] Epoch 68/80 time=00:01.22 avg=00:01.50 ETA=00:18.05 | GPU MB alloc/reserved=277.1/1898.0
2026-04-11 16:11:39 | INFO | [Round 15] epoch=69/80 loss=0.0172 acc=99.90 val_acc=nan data_t=0.0027s batch_t=0.0890s epoch_t=00:01.47 lr=0.000055 | GPU MB alloc/reserved=277.1/1898.0
2026-04-11 16:11:39 | INFO | [Round 15] Epoch 69/80 time=00:01.47 avg=00:01.50 ETA=00:16.54 | GPU MB alloc/reserved=277.1/1898.0
2026-04-11 16:11:41 | INFO | [Round 15] epoch=70/80 loss=0.0193 acc=99.90 val_acc=nan data_t=0.0029s batch_t=0.0907s epoch_t=00:01.50 lr=0.000048 | GPU MB alloc/reserved=277.1/1898.0
2026-04-11 16:11:41 | INFO | [Round 15] Epoch 70/80 time=00:01.50 avg=00:01.50 ETA=00:15.03 | GPU MB alloc/reserved=277.1/1898.0
2026-04-11 16:11:42 | INFO | [Round 15] epoch=71/80 loss=0.0164 acc=99.95 val_acc=nan data_t=0.0021s batch_t=0.0914s epoch_t=00:01.50 lr=0.000041 | GPU MB alloc/reserved=277.1/1898.0
2026-04-11 16:11:42 | INFO | [Round 15] Epoch 71/80 time=00:01.50 avg=00:01.50 ETA=00:13.53 | GPU MB alloc/reserved=277.1/1898.0
2026-04-11 16:11:44 | INFO | [Round 15] epoch=72/80 loss=0.0180 acc=99.90 val_acc=nan data_t=0.0023s batch_t=0.0913s epoch_t=00:01.50 lr=0.000034 | GPU MB alloc/reserved=277.1/1898.0
2026-04-11 16:11:44 | INFO | [Round 15] Epoch 72/80 time=00:01.50 avg=00:01.50 ETA=00:12.03 | GPU MB alloc/reserved=277.1/1898.0
2026-04-11 16:11:45 | INFO | [Round 15] epoch=73/80 loss=0.0156 acc=99.95 val_acc=nan data_t=0.0021s batch_t=0.0927s epoch_t=00:01.52 lr=0.000029 | GPU MB alloc/reserved=277.1/1898.0
2026-04-11 16:11:45 | INFO | [Round 15] Epoch 73/80 time=00:01.52 avg=00:01.50 ETA=00:10.52 | GPU MB alloc/reserved=277.1/1898.0
2026-04-11 16:11:47 | INFO | [Round 15] epoch=74/80 loss=0.0150 acc=100.00 val_acc=nan data_t=0.0023s batch_t=0.0917s epoch_t=00:01.50 lr=0.000024 | GPU MB alloc/reserved=277.1/1898.0
2026-04-11 16:11:47 | INFO | [Round 15] Epoch 74/80 time=00:01.50 avg=00:01.50 ETA=00:09.02 | GPU MB alloc/reserved=277.1/1898.0
2026-04-11 16:11:48 | INFO | [Round 15] epoch=75/80 loss=0.0140 acc=99.90 val_acc=nan data_t=0.0024s batch_t=0.0806s epoch_t=00:01.33 lr=0.000020 | GPU MB alloc/reserved=277.1/1898.0
2026-04-11 16:11:48 | INFO | [Round 15] Epoch 75/80 time=00:01.33 avg=00:01.50 ETA=00:07.51 | GPU MB alloc/reserved=277.1/1898.0
2026-04-11 16:11:50 | INFO | [Round 15] epoch=76/80 loss=0.0162 acc=99.80 val_acc=nan data_t=0.0027s batch_t=0.0998s epoch_t=00:01.64 lr=0.000016 | GPU MB alloc/reserved=277.1/1898.0
2026-04-11 16:11:50 | INFO | [Round 15] Epoch 76/80 time=00:01.64 avg=00:01.50 ETA=00:06.01 | GPU MB alloc/reserved=277.1/1898.0
2026-04-11 16:11:51 | INFO | [Round 15] epoch=77/80 loss=0.0149 acc=99.95 val_acc=nan data_t=0.0016s batch_t=0.0976s epoch_t=00:01.59 lr=0.000013 | GPU MB alloc/reserved=277.1/1898.0
2026-04-11 16:11:51 | INFO | [Round 15] Epoch 77/80 time=00:01.59 avg=00:01.50 ETA=00:04.51 | GPU MB alloc/reserved=277.1/1898.0
2026-04-11 16:11:53 | INFO | [Round 15] epoch=78/80 loss=0.0134 acc=99.95 val_acc=nan data_t=0.0025s batch_t=0.1008s epoch_t=00:01.65 lr=0.000012 | GPU MB alloc/reserved=277.1/1898.0
2026-04-11 16:11:53 | INFO | [Round 15] Epoch 78/80 time=00:01.65 avg=00:01.51 ETA=00:03.01 | GPU MB alloc/reserved=277.1/1898.0
2026-04-11 16:11:55 | INFO | [Round 15] epoch=79/80 loss=0.0175 acc=99.85 val_acc=nan data_t=0.0018s batch_t=0.1008s epoch_t=00:01.64 lr=0.000010 | GPU MB alloc/reserved=277.1/1898.0
2026-04-11 16:11:55 | INFO | [Round 15] Epoch 79/80 time=00:01.64 avg=00:01.51 ETA=00:01.51 | GPU MB alloc/reserved=277.1/1898.0
2026-04-11 16:11:56 | INFO | [Round 15] epoch=80/80 loss=0.0144 acc=99.85 val_acc=nan data_t=0.0017s batch_t=0.0948s epoch_t=00:01.55 lr=0.000010 | GPU MB alloc/reserved=277.1/1898.0
2026-04-11 16:11:56 | INFO | [Round 15] Epoch 80/80 time=00:01.55 avg=00:01.51 ETA=00:00.00 | GPU MB alloc/reserved=277.1/1898.0
2026-04-11 16:11:56 | INFO | [Round 15] training complete in 02:01.03 (best monitor=100.000) | GPU MB alloc/reserved=277.1/1898.0
2026-04-11 16:11:56 | INFO | [Round 15] evaluation started | GPU MB alloc/reserved=191.5/1898.0
2026-04-11 16:12:04 | INFO | [Round 15] clean=62.63 fgsm=50.33 pgd=50.08 grad_disp_mean=nan grad_disp_sel=nan round_t=130.95s | GPU MB alloc/reserved=191.5/1898.0
2026-04-11 16:12:04 | INFO | [Round 16/21] elapsed=02:10.95 avg_round=01:26.13 projected_remaining=07:10.65 | GPU MB alloc/reserved=191.5/1898.0
2026-04-11 16:12:06 | INFO | [Round 16] acquisition on pool_size=48000 scored_pool=5000 budget=100 | GPU MB alloc/reserved=104.6/1898.0
2026-04-11 16:12:06 | INFO | [BADGE] scoring progress 10/20 elapsed=00:00.39 avg/batch=0.039s ETA=00:00.39 | GPU MB alloc/reserved=113.1/1898.0
2026-04-11 16:12:06 | INFO | [BADGE] scoring progress 20/20 elapsed=00:00.59 avg/batch=0.029s ETA=00:00.00 | GPU MB alloc/reserved=109.6/1898.0
2026-04-11 16:12:07 | INFO | [Round 16] labeled=2100 train=2100 val_fixed=0 | GPU MB alloc/reserved=148.1/1898.0
2026-04-11 16:12:09 | INFO | [Round 16] epoch=1/80 loss=2.3000 acc=16.24 val_acc=nan data_t=0.0104s batch_t=0.0861s epoch_t=00:01.64 lr=0.001000 | GPU MB alloc/reserved=278.0/1898.0
2026-04-11 16:12:09 | INFO | [Round 16] Epoch 1/80 time=00:01.64 avg=00:01.64 ETA=02:09.73 | GPU MB alloc/reserved=278.0/1898.0
2026-04-11 16:12:10 | INFO | [Round 16] epoch=2/80 loss=2.0363 acc=22.48 val_acc=nan data_t=0.0029s batch_t=0.0889s epoch_t=00:01.56 lr=0.000998 | GPU MB alloc/reserved=278.0/1898.0
2026-04-11 16:12:10 | INFO | [Round 16] Epoch 2/80 time=00:01.56 avg=00:01.60 ETA=02:04.94 | GPU MB alloc/reserved=278.0/1898.0
2026-04-11 16:12:12 | INFO | [Round 16] epoch=3/80 loss=1.9527 acc=24.86 val_acc=nan data_t=0.0017s batch_t=0.0899s epoch_t=00:01.56 lr=0.000997 | GPU MB alloc/reserved=278.0/1898.0
2026-04-11 16:12:12 | INFO | [Round 16] Epoch 3/80 time=00:01.56 avg=00:01.59 ETA=02:02.18 | GPU MB alloc/reserved=278.0/1898.0
2026-04-11 16:12:13 | INFO | [Round 16] epoch=4/80 loss=1.9006 acc=26.81 val_acc=nan data_t=0.0016s batch_t=0.0905s epoch_t=00:01.57 lr=0.000994 | GPU MB alloc/reserved=278.0/1898.0
2026-04-11 16:12:13 | INFO | [Round 16] Epoch 4/80 time=00:01.57 avg=00:01.58 ETA=02:00.19 | GPU MB alloc/reserved=278.0/1898.0
2026-04-11 16:12:15 | INFO | [Round 16] epoch=5/80 loss=1.8461 acc=27.62 val_acc=nan data_t=0.0020s batch_t=0.0913s epoch_t=00:01.59 lr=0.000990 | GPU MB alloc/reserved=278.0/1898.0
2026-04-11 16:12:15 | INFO | [Round 16] Epoch 5/80 time=00:01.59 avg=00:01.58 ETA=01:58.67 | GPU MB alloc/reserved=278.0/1898.0
2026-04-11 16:12:17 | INFO | [Round 16] epoch=6/80 loss=1.7900 acc=29.81 val_acc=nan data_t=0.0023s batch_t=0.0882s epoch_t=00:01.54 lr=0.000986 | GPU MB alloc/reserved=278.0/1898.0
2026-04-11 16:12:17 | INFO | [Round 16] Epoch 6/80 time=00:01.54 avg=00:01.58 ETA=01:56.56 | GPU MB alloc/reserved=278.0/1898.0
2026-04-11 16:12:18 | INFO | [Round 16] epoch=7/80 loss=1.7734 acc=30.67 val_acc=nan data_t=0.0018s batch_t=0.0903s epoch_t=00:01.57 lr=0.000981 | GPU MB alloc/reserved=278.0/1898.0
2026-04-11 16:12:18 | INFO | [Round 16] Epoch 7/80 time=00:01.57 avg=00:01.57 ETA=01:54.90 | GPU MB alloc/reserved=278.0/1898.0
2026-04-11 16:12:20 | INFO | [Round 16] epoch=8/80 loss=1.7213 acc=33.95 val_acc=nan data_t=0.0016s batch_t=0.0913s epoch_t=00:01.58 lr=0.000976 | GPU MB alloc/reserved=278.0/1898.0
2026-04-11 16:12:20 | INFO | [Round 16] Epoch 8/80 time=00:01.58 avg=00:01.57 ETA=01:53.38 | GPU MB alloc/reserved=278.0/1898.0
2026-04-11 16:12:21 | INFO | [Round 16] epoch=9/80 loss=1.7019 acc=33.62 val_acc=nan data_t=0.0016s batch_t=0.0891s epoch_t=00:01.54 lr=0.000969 | GPU MB alloc/reserved=278.0/1898.0
2026-04-11 16:12:21 | INFO | [Round 16] Epoch 9/80 time=00:01.54 avg=00:01.57 ETA=01:51.55 | GPU MB alloc/reserved=278.0/1898.0
2026-04-11 16:12:23 | INFO | [Round 16] epoch=10/80 loss=1.6824 acc=35.24 val_acc=nan data_t=0.0024s batch_t=0.0898s epoch_t=00:01.57 lr=0.000962 | GPU MB alloc/reserved=278.0/1898.0
2026-04-11 16:12:23 | INFO | [Round 16] Epoch 10/80 time=00:01.57 avg=00:01.57 ETA=01:49.96 | GPU MB alloc/reserved=278.0/1898.0
2026-04-11 16:12:24 | INFO | [Round 16] epoch=11/80 loss=1.6717 acc=35.24 val_acc=nan data_t=0.0018s batch_t=0.0906s epoch_t=00:01.57 lr=0.000955 | GPU MB alloc/reserved=278.0/1898.0
2026-04-11 16:12:24 | INFO | [Round 16] Epoch 11/80 time=00:01.57 avg=00:01.57 ETA=01:48.40 | GPU MB alloc/reserved=278.0/1898.0
2026-04-11 16:12:26 | INFO | [Round 16] epoch=12/80 loss=1.5910 acc=38.38 val_acc=nan data_t=0.0022s batch_t=0.0902s epoch_t=00:01.57 lr=0.000946 | GPU MB alloc/reserved=278.0/1898.0
2026-04-11 16:12:26 | INFO | [Round 16] Epoch 12/80 time=00:01.57 avg=00:01.57 ETA=01:46.83 | GPU MB alloc/reserved=278.0/1898.0
2026-04-11 16:12:28 | INFO | [Round 16] epoch=13/80 loss=1.5742 acc=39.29 val_acc=nan data_t=0.0024s batch_t=0.0893s epoch_t=00:01.56 lr=0.000937 | GPU MB alloc/reserved=278.0/1898.0
2026-04-11 16:12:28 | INFO | [Round 16] Epoch 13/80 time=00:01.56 avg=00:01.57 ETA=01:45.20 | GPU MB alloc/reserved=278.0/1898.0
2026-04-11 16:12:29 | INFO | [Round 16] epoch=14/80 loss=1.5640 acc=39.95 val_acc=nan data_t=0.0019s batch_t=0.0899s epoch_t=00:01.56 lr=0.000927 | GPU MB alloc/reserved=278.0/1898.0
2026-04-11 16:12:29 | INFO | [Round 16] Epoch 14/80 time=00:01.56 avg=00:01.57 ETA=01:43.59 | GPU MB alloc/reserved=278.0/1898.0
2026-04-11 16:12:31 | INFO | [Round 16] epoch=15/80 loss=1.4793 acc=43.19 val_acc=nan data_t=0.0023s batch_t=0.0911s epoch_t=00:01.59 lr=0.000917 | GPU MB alloc/reserved=278.0/1898.0
2026-04-11 16:12:31 | INFO | [Round 16] Epoch 15/80 time=00:01.59 avg=00:01.57 ETA=01:42.10 | GPU MB alloc/reserved=278.0/1898.0
2026-04-11 16:12:32 | INFO | [Round 16] epoch=16/80 loss=1.4305 acc=44.33 val_acc=nan data_t=0.0026s batch_t=0.0888s epoch_t=00:01.55 lr=0.000905 | GPU MB alloc/reserved=278.0/1898.0
2026-04-11 16:12:32 | INFO | [Round 16] Epoch 16/80 time=00:01.55 avg=00:01.57 ETA=01:40.47 | GPU MB alloc/reserved=278.0/1898.0
2026-04-11 16:12:34 | INFO | [Round 16] epoch=17/80 loss=1.4120 acc=45.05 val_acc=nan data_t=0.0019s batch_t=0.0903s epoch_t=00:01.57 lr=0.000894 | GPU MB alloc/reserved=278.0/1898.0
2026-04-11 16:12:34 | INFO | [Round 16] Epoch 17/80 time=00:01.57 avg=00:01.57 ETA=01:38.88 | GPU MB alloc/reserved=278.0/1898.0
2026-04-11 16:12:35 | INFO | [Round 16] epoch=18/80 loss=1.3555 acc=46.71 val_acc=nan data_t=0.0026s batch_t=0.0882s epoch_t=00:01.54 lr=0.000881 | GPU MB alloc/reserved=278.0/1898.0
2026-04-11 16:12:35 | INFO | [Round 16] Epoch 18/80 time=00:01.54 avg=00:01.57 ETA=01:37.22 | GPU MB alloc/reserved=278.0/1898.0
2026-04-11 16:12:37 | INFO | [Round 16] epoch=19/80 loss=1.3304 acc=47.95 val_acc=nan data_t=0.0018s batch_t=0.0899s epoch_t=00:01.56 lr=0.000868 | GPU MB alloc/reserved=278.0/1898.0
2026-04-11 16:12:37 | INFO | [Round 16] Epoch 19/80 time=00:01.56 avg=00:01.57 ETA=01:35.63 | GPU MB alloc/reserved=278.0/1898.0
2026-04-11 16:12:39 | INFO | [Round 16] epoch=20/80 loss=1.3281 acc=50.14 val_acc=nan data_t=0.0026s batch_t=0.0905s epoch_t=00:01.58 lr=0.000855 | GPU MB alloc/reserved=278.0/1898.0
2026-04-11 16:12:39 | INFO | [Round 16] Epoch 20/80 time=00:01.58 avg=00:01.57 ETA=01:34.11 | GPU MB alloc/reserved=278.0/1898.0
2026-04-11 16:12:40 | INFO | [Round 16] epoch=21/80 loss=1.2534 acc=53.43 val_acc=nan data_t=0.0017s batch_t=0.0897s epoch_t=00:01.55 lr=0.000841 | GPU MB alloc/reserved=278.0/1898.0
2026-04-11 16:12:40 | INFO | [Round 16] Epoch 21/80 time=00:01.55 avg=00:01.57 ETA=01:32.50 | GPU MB alloc/reserved=278.0/1898.0
2026-04-11 16:12:42 | INFO | [Round 16] epoch=22/80 loss=1.2048 acc=53.38 val_acc=nan data_t=0.0019s batch_t=0.0912s epoch_t=00:01.58 lr=0.000826 | GPU MB alloc/reserved=278.0/1898.0
2026-04-11 16:12:42 | INFO | [Round 16] Epoch 22/80 time=00:01.58 avg=00:01.57 ETA=01:30.97 | GPU MB alloc/reserved=278.0/1898.0
2026-04-11 16:12:43 | INFO | [Round 16] epoch=23/80 loss=1.1689 acc=55.00 val_acc=nan data_t=0.0016s batch_t=0.0903s epoch_t=00:01.56 lr=0.000811 | GPU MB alloc/reserved=278.0/1898.0
2026-04-11 16:12:43 | INFO | [Round 16] Epoch 23/80 time=00:01.56 avg=00:01.57 ETA=01:29.39 | GPU MB alloc/reserved=278.0/1898.0
2026-04-11 16:12:45 | INFO | [Round 16] epoch=24/80 loss=1.1133 acc=57.38 val_acc=nan data_t=0.0027s batch_t=0.0901s epoch_t=00:01.58 lr=0.000796 | GPU MB alloc/reserved=278.0/1898.0
2026-04-11 16:12:45 | INFO | [Round 16] Epoch 24/80 time=00:01.58 avg=00:01.57 ETA=01:27.84 | GPU MB alloc/reserved=278.0/1898.0
2026-04-11 16:12:46 | INFO | [Round 16] epoch=25/80 loss=1.0643 acc=58.67 val_acc=nan data_t=0.0017s batch_t=0.0886s epoch_t=00:01.54 lr=0.000780 | GPU MB alloc/reserved=278.0/1898.0
2026-04-11 16:12:46 | INFO | [Round 16] Epoch 25/80 time=00:01.54 avg=00:01.57 ETA=01:26.21 | GPU MB alloc/reserved=278.0/1898.0
2026-04-11 16:12:48 | INFO | [Round 16] epoch=26/80 loss=1.0709 acc=58.14 val_acc=nan data_t=0.0026s batch_t=0.0903s epoch_t=00:01.58 lr=0.000764 | GPU MB alloc/reserved=278.0/1898.0
2026-04-11 16:12:48 | INFO | [Round 16] Epoch 26/80 time=00:01.58 avg=00:01.57 ETA=01:24.67 | GPU MB alloc/reserved=278.0/1898.0
2026-04-11 16:12:50 | INFO | [Round 16] epoch=27/80 loss=0.9821 acc=62.62 val_acc=nan data_t=0.0020s batch_t=0.0907s epoch_t=00:01.58 lr=0.000747 | GPU MB alloc/reserved=278.0/1898.0
2026-04-11 16:12:50 | INFO | [Round 16] Epoch 27/80 time=00:01.58 avg=00:01.57 ETA=01:23.11 | GPU MB alloc/reserved=278.0/1898.0
2026-04-11 16:12:51 | INFO | [Round 16] epoch=28/80 loss=0.9597 acc=63.67 val_acc=nan data_t=0.0026s batch_t=0.0901s epoch_t=00:01.58 lr=0.000730 | GPU MB alloc/reserved=278.0/1898.0
2026-04-11 16:12:51 | INFO | [Round 16] Epoch 28/80 time=00:01.58 avg=00:01.57 ETA=01:21.56 | GPU MB alloc/reserved=278.0/1898.0
2026-04-11 16:12:53 | INFO | [Round 16] epoch=29/80 loss=0.9351 acc=64.24 val_acc=nan data_t=0.0028s batch_t=0.0911s epoch_t=00:01.60 lr=0.000712 | GPU MB alloc/reserved=278.0/1898.0
2026-04-11 16:12:53 | INFO | [Round 16] Epoch 29/80 time=00:01.60 avg=00:01.57 ETA=01:20.04 | GPU MB alloc/reserved=278.0/1898.0
2026-04-11 16:12:54 | INFO | [Round 16] epoch=30/80 loss=0.8458 acc=68.33 val_acc=nan data_t=0.0027s batch_t=0.0905s epoch_t=00:01.59 lr=0.000694 | GPU MB alloc/reserved=278.0/1898.0
2026-04-11 16:12:54 | INFO | [Round 16] Epoch 30/80 time=00:01.59 avg=00:01.57 ETA=01:18.50 | GPU MB alloc/reserved=278.0/1898.0
2026-04-11 16:12:56 | INFO | [Round 16] epoch=31/80 loss=0.8041 acc=69.90 val_acc=nan data_t=0.0018s batch_t=0.0909s epoch_t=00:01.58 lr=0.000676 | GPU MB alloc/reserved=278.0/1898.0
2026-04-11 16:12:56 | INFO | [Round 16] Epoch 31/80 time=00:01.58 avg=00:01.57 ETA=01:16.94 | GPU MB alloc/reserved=278.0/1898.0
2026-04-11 16:12:58 | INFO | [Round 16] epoch=32/80 loss=0.7695 acc=70.24 val_acc=nan data_t=0.0017s batch_t=0.0910s epoch_t=00:01.58 lr=0.000658 | GPU MB alloc/reserved=278.0/1898.0
2026-04-11 16:12:58 | INFO | [Round 16] Epoch 32/80 time=00:01.58 avg=00:01.57 ETA=01:15.38 | GPU MB alloc/reserved=278.0/1898.0
2026-04-11 16:12:59 | INFO | [Round 16] epoch=33/80 loss=0.6948 acc=74.19 val_acc=nan data_t=0.0032s batch_t=0.0908s epoch_t=00:01.60 lr=0.000639 | GPU MB alloc/reserved=278.0/1898.0
2026-04-11 16:12:59 | INFO | [Round 16] Epoch 33/80 time=00:01.60 avg=00:01.57 ETA=01:13.84 | GPU MB alloc/reserved=278.0/1898.0
2026-04-11 16:13:01 | INFO | [Round 16] epoch=34/80 loss=0.6624 acc=74.52 val_acc=nan data_t=0.0019s batch_t=0.0909s epoch_t=00:01.58 lr=0.000621 | GPU MB alloc/reserved=278.0/1898.0
2026-04-11 16:13:01 | INFO | [Round 16] Epoch 34/80 time=00:01.58 avg=00:01.57 ETA=01:12.28 | GPU MB alloc/reserved=278.0/1898.0
2026-04-11 16:13:02 | INFO | [Round 16] epoch=35/80 loss=0.6752 acc=74.19 val_acc=nan data_t=0.0016s batch_t=0.0910s epoch_t=00:01.57 lr=0.000602 | GPU MB alloc/reserved=278.0/1898.0
2026-04-11 16:13:02 | INFO | [Round 16] Epoch 35/80 time=00:01.57 avg=00:01.57 ETA=01:10.71 | GPU MB alloc/reserved=278.0/1898.0
2026-04-11 16:13:04 | INFO | [Round 16] epoch=36/80 loss=0.5864 acc=77.14 val_acc=nan data_t=0.0016s batch_t=0.0911s epoch_t=00:01.58 lr=0.000582 | GPU MB alloc/reserved=278.0/1898.0
2026-04-11 16:13:04 | INFO | [Round 16] Epoch 36/80 time=00:01.58 avg=00:01.57 ETA=01:09.15 | GPU MB alloc/reserved=278.0/1898.0
2026-04-11 16:13:05 | INFO | [Round 16] epoch=37/80 loss=0.5393 acc=80.14 val_acc=nan data_t=0.0018s batch_t=0.0919s epoch_t=00:01.59 lr=0.000563 | GPU MB alloc/reserved=278.0/1898.0
2026-04-11 16:13:05 | INFO | [Round 16] Epoch 37/80 time=00:01.59 avg=00:01.57 ETA=01:07.60 | GPU MB alloc/reserved=278.0/1898.0
2026-04-11 16:13:07 | INFO | [Round 16] epoch=38/80 loss=0.5064 acc=81.71 val_acc=nan data_t=0.0016s batch_t=0.0899s epoch_t=00:01.55 lr=0.000544 | GPU MB alloc/reserved=278.0/1898.0
2026-04-11 16:13:07 | INFO | [Round 16] Epoch 38/80 time=00:01.55 avg=00:01.57 ETA=01:06.01 | GPU MB alloc/reserved=278.0/1898.0
2026-04-11 16:13:09 | INFO | [Round 16] epoch=39/80 loss=0.4671 acc=82.86 val_acc=nan data_t=0.0019s batch_t=0.0908s epoch_t=00:01.58 lr=0.000524 | GPU MB alloc/reserved=278.0/1898.0
2026-04-11 16:13:09 | INFO | [Round 16] Epoch 39/80 time=00:01.58 avg=00:01.57 ETA=01:04.44 | GPU MB alloc/reserved=278.0/1898.0
2026-04-11 16:13:10 | INFO | [Round 16] epoch=40/80 loss=0.4565 acc=82.48 val_acc=nan data_t=0.0027s batch_t=0.0905s epoch_t=00:01.59 lr=0.000505 | GPU MB alloc/reserved=278.0/1898.0
2026-04-11 16:13:10 | INFO | [Round 16] Epoch 40/80 time=00:01.59 avg=00:01.57 ETA=01:02.88 | GPU MB alloc/reserved=278.0/1898.0
2026-04-11 16:13:12 | INFO | [Round 16] epoch=41/80 loss=0.3885 acc=86.05 val_acc=nan data_t=0.0016s batch_t=0.0909s epoch_t=00:01.57 lr=0.000486 | GPU MB alloc/reserved=278.0/1898.0
2026-04-11 16:13:12 | INFO | [Round 16] Epoch 41/80 time=00:01.57 avg=00:01.57 ETA=01:01.31 | GPU MB alloc/reserved=278.0/1898.0
2026-04-11 16:13:13 | INFO | [Round 16] epoch=42/80 loss=0.3353 acc=88.33 val_acc=nan data_t=0.0021s batch_t=0.0915s epoch_t=00:01.59 lr=0.000466 | GPU MB alloc/reserved=278.0/1898.0
2026-04-11 16:13:13 | INFO | [Round 16] Epoch 42/80 time=00:01.59 avg=00:01.57 ETA=00:59.76 | GPU MB alloc/reserved=278.0/1898.0
2026-04-11 16:13:15 | INFO | [Round 16] epoch=43/80 loss=0.3559 acc=86.76 val_acc=nan data_t=0.0018s batch_t=0.0911s epoch_t=00:01.58 lr=0.000447 | GPU MB alloc/reserved=278.0/1898.0
2026-04-11 16:13:15 | INFO | [Round 16] Epoch 43/80 time=00:01.58 avg=00:01.57 ETA=00:58.19 | GPU MB alloc/reserved=278.0/1898.0
2026-04-11 16:13:17 | INFO | [Round 16] epoch=44/80 loss=0.3087 acc=88.90 val_acc=nan data_t=0.0027s batch_t=0.0920s epoch_t=00:01.61 lr=0.000428 | GPU MB alloc/reserved=278.0/1898.0
2026-04-11 16:13:17 | INFO | [Round 16] Epoch 44/80 time=00:01.61 avg=00:01.57 ETA=00:56.65 | GPU MB alloc/reserved=278.0/1898.0
2026-04-11 16:13:18 | INFO | [Round 16] epoch=45/80 loss=0.2968 acc=89.05 val_acc=nan data_t=0.0016s batch_t=0.0914s epoch_t=00:01.58 lr=0.000408 | GPU MB alloc/reserved=278.0/1898.0
2026-04-11 16:13:18 | INFO | [Round 16] Epoch 45/80 time=00:01.58 avg=00:01.57 ETA=00:55.08 | GPU MB alloc/reserved=278.0/1898.0
2026-04-11 16:13:20 | INFO | [Round 16] epoch=46/80 loss=0.2707 acc=90.38 val_acc=nan data_t=0.0022s batch_t=0.0909s epoch_t=00:01.58 lr=0.000389 | GPU MB alloc/reserved=278.0/1898.0
2026-04-11 16:13:20 | INFO | [Round 16] Epoch 46/80 time=00:01.58 avg=00:01.57 ETA=00:53.52 | GPU MB alloc/reserved=278.0/1898.0
2026-04-11 16:13:21 | INFO | [Round 16] epoch=47/80 loss=0.2494 acc=90.86 val_acc=nan data_t=0.0025s batch_t=0.0909s epoch_t=00:01.59 lr=0.000371 | GPU MB alloc/reserved=278.0/1898.0
2026-04-11 16:13:21 | INFO | [Round 16] Epoch 47/80 time=00:01.59 avg=00:01.57 ETA=00:51.95 | GPU MB alloc/reserved=278.0/1898.0
2026-04-11 16:13:23 | INFO | [Round 16] epoch=48/80 loss=0.2124 acc=92.81 val_acc=nan data_t=0.0024s batch_t=0.0911s epoch_t=00:01.59 lr=0.000352 | GPU MB alloc/reserved=278.0/1898.0
2026-04-11 16:13:23 | INFO | [Round 16] Epoch 48/80 time=00:01.59 avg=00:01.57 ETA=00:50.39 | GPU MB alloc/reserved=278.0/1898.0
2026-04-11 16:13:25 | INFO | [Round 16] epoch=49/80 loss=0.1715 acc=94.67 val_acc=nan data_t=0.0015s batch_t=0.0908s epoch_t=00:01.57 lr=0.000334 | GPU MB alloc/reserved=278.0/1898.0
2026-04-11 16:13:25 | INFO | [Round 16] Epoch 49/80 time=00:01.57 avg=00:01.57 ETA=00:48.81 | GPU MB alloc/reserved=278.0/1898.0
2026-04-11 16:13:26 | INFO | [Round 16] epoch=50/80 loss=0.1228 acc=96.52 val_acc=nan data_t=0.0025s batch_t=0.0917s epoch_t=00:01.60 lr=0.000316 | GPU MB alloc/reserved=278.0/1898.0
2026-04-11 16:13:26 | INFO | [Round 16] Epoch 50/80 time=00:01.60 avg=00:01.58 ETA=00:47.25 | GPU MB alloc/reserved=278.0/1898.0
2026-04-11 16:13:28 | INFO | [Round 16] epoch=51/80 loss=0.1233 acc=96.05 val_acc=nan data_t=0.0027s batch_t=0.0910s epoch_t=00:01.59 lr=0.000298 | GPU MB alloc/reserved=278.0/1898.0
2026-04-11 16:13:28 | INFO | [Round 16] Epoch 51/80 time=00:01.59 avg=00:01.58 ETA=00:45.69 | GPU MB alloc/reserved=278.0/1898.0
2026-04-11 16:13:29 | INFO | [Round 16] epoch=52/80 loss=0.1115 acc=96.67 val_acc=nan data_t=0.0023s batch_t=0.0906s epoch_t=00:01.58 lr=0.000280 | GPU MB alloc/reserved=278.0/1898.0
2026-04-11 16:13:29 | INFO | [Round 16] Epoch 52/80 time=00:01.58 avg=00:01.58 ETA=00:44.11 | GPU MB alloc/reserved=278.0/1898.0
2026-04-11 16:13:31 | INFO | [Round 16] epoch=53/80 loss=0.0827 acc=98.05 val_acc=nan data_t=0.0019s batch_t=0.0902s epoch_t=00:01.57 lr=0.000263 | GPU MB alloc/reserved=278.0/1898.0
2026-04-11 16:13:31 | INFO | [Round 16] Epoch 53/80 time=00:01.57 avg=00:01.58 ETA=00:42.53 | GPU MB alloc/reserved=278.0/1898.0
2026-04-11 16:13:32 | INFO | [Round 16] epoch=54/80 loss=0.0713 acc=97.90 val_acc=nan data_t=0.0017s batch_t=0.0902s epoch_t=00:01.56 lr=0.000246 | GPU MB alloc/reserved=278.0/1898.0
2026-04-11 16:13:32 | INFO | [Round 16] Epoch 54/80 time=00:01.56 avg=00:01.58 ETA=00:40.95 | GPU MB alloc/reserved=278.0/1898.0
2026-04-11 16:13:34 | INFO | [Round 16] epoch=55/80 loss=0.0705 acc=98.38 val_acc=nan data_t=0.0031s batch_t=0.0900s epoch_t=00:01.58 lr=0.000230 | GPU MB alloc/reserved=278.0/1898.0
2026-04-11 16:13:34 | INFO | [Round 16] Epoch 55/80 time=00:01.58 avg=00:01.58 ETA=00:39.38 | GPU MB alloc/reserved=278.0/1898.0
2026-04-11 16:13:36 | INFO | [Round 16] epoch=56/80 loss=0.0546 acc=98.86 val_acc=nan data_t=0.0031s batch_t=0.0913s epoch_t=00:01.61 lr=0.000214 | GPU MB alloc/reserved=278.0/1898.0
2026-04-11 16:13:36 | INFO | [Round 16] Epoch 56/80 time=00:01.61 avg=00:01.58 ETA=00:37.82 | GPU MB alloc/reserved=278.0/1898.0
2026-04-11 16:13:37 | INFO | [Round 16] epoch=57/80 loss=0.0423 acc=99.33 val_acc=nan data_t=0.0018s batch_t=0.0903s epoch_t=00:01.57 lr=0.000199 | GPU MB alloc/reserved=278.0/1898.0
2026-04-11 16:13:37 | INFO | [Round 16] Epoch 57/80 time=00:01.57 avg=00:01.58 ETA=00:36.24 | GPU MB alloc/reserved=278.0/1898.0
2026-04-11 16:13:39 | INFO | [Round 16] epoch=58/80 loss=0.0416 acc=99.33 val_acc=nan data_t=0.0020s batch_t=0.0913s epoch_t=00:01.59 lr=0.000184 | GPU MB alloc/reserved=278.0/1898.0
2026-04-11 16:13:39 | INFO | [Round 16] Epoch 58/80 time=00:01.59 avg=00:01.58 ETA=00:34.67 | GPU MB alloc/reserved=278.0/1898.0
2026-04-11 16:13:40 | INFO | [Round 16] epoch=59/80 loss=0.0393 acc=99.14 val_acc=nan data_t=0.0022s batch_t=0.0903s epoch_t=00:01.57 lr=0.000169 | GPU MB alloc/reserved=278.0/1898.0
2026-04-11 16:13:40 | INFO | [Round 16] Epoch 59/80 time=00:01.57 avg=00:01.58 ETA=00:33.09 | GPU MB alloc/reserved=278.0/1898.0
2026-04-11 16:13:42 | INFO | [Round 16] epoch=60/80 loss=0.0328 acc=99.43 val_acc=nan data_t=0.0018s batch_t=0.0905s epoch_t=00:01.57 lr=0.000155 | GPU MB alloc/reserved=278.0/1898.0
2026-04-11 16:13:42 | INFO | [Round 16] Epoch 60/80 time=00:01.57 avg=00:01.58 ETA=00:31.51 | GPU MB alloc/reserved=278.0/1898.0
2026-04-11 16:13:44 | INFO | [Round 16] epoch=61/80 loss=0.0315 acc=99.52 val_acc=nan data_t=0.0020s batch_t=0.0913s epoch_t=00:01.59 lr=0.000142 | GPU MB alloc/reserved=278.0/1898.0
2026-04-11 16:13:44 | INFO | [Round 16] Epoch 61/80 time=00:01.59 avg=00:01.58 ETA=00:29.94 | GPU MB alloc/reserved=278.0/1898.0
2026-04-11 16:13:45 | INFO | [Round 16] epoch=62/80 loss=0.0285 acc=99.52 val_acc=nan data_t=0.0016s batch_t=0.0857s epoch_t=00:01.48 lr=0.000129 | GPU MB alloc/reserved=278.0/1898.0
2026-04-11 16:13:45 | INFO | [Round 16] Epoch 62/80 time=00:01.48 avg=00:01.57 ETA=00:28.34 | GPU MB alloc/reserved=278.0/1898.0
2026-04-11 16:13:47 | INFO | [Round 16] epoch=63/80 loss=0.0235 acc=99.67 val_acc=nan data_t=0.0031s batch_t=0.0976s epoch_t=00:01.71 lr=0.000116 | GPU MB alloc/reserved=278.0/1898.0
2026-04-11 16:13:47 | INFO | [Round 16] Epoch 63/80 time=00:01.71 avg=00:01.58 ETA=00:26.80 | GPU MB alloc/reserved=278.0/1898.0
2026-04-11 16:13:48 | INFO | [Round 16] epoch=64/80 loss=0.0215 acc=99.81 val_acc=nan data_t=0.0024s batch_t=0.0997s epoch_t=00:01.74 lr=0.000105 | GPU MB alloc/reserved=278.0/1898.0
2026-04-11 16:13:48 | INFO | [Round 16] Epoch 64/80 time=00:01.74 avg=00:01.58 ETA=00:25.26 | GPU MB alloc/reserved=278.0/1898.0
2026-04-11 16:13:50 | INFO | [Round 16] epoch=65/80 loss=0.0213 acc=99.76 val_acc=nan data_t=0.0025s batch_t=0.0990s epoch_t=00:01.73 lr=0.000093 | GPU MB alloc/reserved=278.0/1898.0
2026-04-11 16:13:50 | INFO | [Round 16] Epoch 65/80 time=00:01.73 avg=00:01.58 ETA=00:23.72 | GPU MB alloc/reserved=278.0/1898.0
2026-04-11 16:13:52 | INFO | [Round 16] epoch=66/80 loss=0.0182 acc=99.81 val_acc=nan data_t=0.0016s batch_t=0.1009s epoch_t=00:01.74 lr=0.000083 | GPU MB alloc/reserved=278.0/1898.0
2026-04-11 16:13:52 | INFO | [Round 16] Epoch 66/80 time=00:01.74 avg=00:01.58 ETA=00:22.17 | GPU MB alloc/reserved=278.0/1898.0
2026-04-11 16:13:53 | INFO | [Round 16] epoch=67/80 loss=0.0180 acc=99.86 val_acc=nan data_t=0.0025s batch_t=0.0737s epoch_t=00:01.30 lr=0.000073 | GPU MB alloc/reserved=278.0/1898.0
2026-04-11 16:13:53 | INFO | [Round 16] Epoch 67/80 time=00:01.30 avg=00:01.58 ETA=00:20.53 | GPU MB alloc/reserved=278.0/1898.0
2026-04-11 16:13:54 | INFO | [Round 16] epoch=68/80 loss=0.0184 acc=99.62 val_acc=nan data_t=0.0016s batch_t=0.0694s epoch_t=00:01.21 lr=0.000064 | GPU MB alloc/reserved=278.0/1898.0
2026-04-11 16:13:54 | INFO | [Round 16] Epoch 68/80 time=00:01.21 avg=00:01.57 ETA=00:18.89 | GPU MB alloc/reserved=278.0/1898.0
2026-04-11 16:13:56 | INFO | [Round 16] epoch=69/80 loss=0.0197 acc=99.67 val_acc=nan data_t=0.0029s batch_t=0.0700s epoch_t=00:01.24 lr=0.000055 | GPU MB alloc/reserved=278.0/1898.0
2026-04-11 16:13:56 | INFO | [Round 16] Epoch 69/80 time=00:01.24 avg=00:01.57 ETA=00:17.26 | GPU MB alloc/reserved=278.0/1898.0
2026-04-11 16:13:57 | INFO | [Round 16] epoch=70/80 loss=0.0165 acc=99.86 val_acc=nan data_t=0.0019s batch_t=0.0889s epoch_t=00:01.54 lr=0.000048 | GPU MB alloc/reserved=278.0/1898.0
2026-04-11 16:13:57 | INFO | [Round 16] Epoch 70/80 time=00:01.54 avg=00:01.57 ETA=00:15.69 | GPU MB alloc/reserved=278.0/1898.0
2026-04-11 16:13:59 | INFO | [Round 16] epoch=71/80 loss=0.0145 acc=99.90 val_acc=nan data_t=0.0020s batch_t=0.0900s epoch_t=00:01.56 lr=0.000041 | GPU MB alloc/reserved=278.0/1898.0
2026-04-11 16:13:59 | INFO | [Round 16] Epoch 71/80 time=00:01.56 avg=00:01.57 ETA=00:14.12 | GPU MB alloc/reserved=278.0/1898.0
2026-04-11 16:14:00 | INFO | [Round 16] epoch=72/80 loss=0.0125 acc=100.00 val_acc=nan data_t=0.0018s batch_t=0.0915s epoch_t=00:01.59 lr=0.000034 | GPU MB alloc/reserved=278.0/1898.0
2026-04-11 16:14:00 | INFO | [Round 16] Epoch 72/80 time=00:01.59 avg=00:01.57 ETA=00:12.55 | GPU MB alloc/reserved=278.0/1898.0
2026-04-11 16:14:02 | INFO | [Round 16] epoch=73/80 loss=0.0115 acc=100.00 val_acc=nan data_t=0.0027s batch_t=0.0927s epoch_t=00:01.62 lr=0.000029 | GPU MB alloc/reserved=278.0/1898.0
2026-04-11 16:14:02 | INFO | [Round 16] Epoch 73/80 time=00:01.62 avg=00:01.57 ETA=00:10.99 | GPU MB alloc/reserved=278.0/1898.0
2026-04-11 16:14:04 | INFO | [Round 16] epoch=74/80 loss=0.0143 acc=99.81 val_acc=nan data_t=0.0015s batch_t=0.0918s epoch_t=00:01.59 lr=0.000024 | GPU MB alloc/reserved=278.0/1898.0
2026-04-11 16:14:04 | INFO | [Round 16] Epoch 74/80 time=00:01.59 avg=00:01.57 ETA=00:09.42 | GPU MB alloc/reserved=278.0/1898.0
2026-04-11 16:14:05 | INFO | [Round 16] epoch=75/80 loss=0.0130 acc=99.86 val_acc=nan data_t=0.0028s batch_t=0.0902s epoch_t=00:01.58 lr=0.000020 | GPU MB alloc/reserved=278.0/1898.0
2026-04-11 16:14:05 | INFO | [Round 16] Epoch 75/80 time=00:01.58 avg=00:01.57 ETA=00:07.85 | GPU MB alloc/reserved=278.0/1898.0
2026-04-11 16:14:07 | INFO | [Round 16] epoch=76/80 loss=0.0133 acc=99.81 val_acc=nan data_t=0.0022s batch_t=0.0863s epoch_t=00:01.50 lr=0.000016 | GPU MB alloc/reserved=278.0/1898.0
2026-04-11 16:14:07 | INFO | [Round 16] Epoch 76/80 time=00:01.50 avg=00:01.57 ETA=00:06.28 | GPU MB alloc/reserved=278.0/1898.0
2026-04-11 16:14:08 | INFO | [Round 16] epoch=77/80 loss=0.0128 acc=99.86 val_acc=nan data_t=0.0017s batch_t=0.0971s epoch_t=00:01.68 lr=0.000013 | GPU MB alloc/reserved=278.0/1898.0
2026-04-11 16:14:08 | INFO | [Round 16] Epoch 77/80 time=00:01.68 avg=00:01.57 ETA=00:04.71 | GPU MB alloc/reserved=278.0/1898.0
2026-04-11 16:14:10 | INFO | [Round 16] epoch=78/80 loss=0.0124 acc=99.90 val_acc=nan data_t=0.0028s batch_t=0.0991s epoch_t=00:01.73 lr=0.000012 | GPU MB alloc/reserved=278.0/1898.0
2026-04-11 16:14:10 | INFO | [Round 16] Epoch 78/80 time=00:01.73 avg=00:01.57 ETA=00:03.15 | GPU MB alloc/reserved=278.0/1898.0
2026-04-11 16:14:12 | INFO | [Round 16] epoch=79/80 loss=0.0134 acc=99.95 val_acc=nan data_t=0.0017s batch_t=0.0995s epoch_t=00:01.72 lr=0.000010 | GPU MB alloc/reserved=278.0/1898.0
2026-04-11 16:14:12 | INFO | [Round 16] Epoch 79/80 time=00:01.72 avg=00:01.57 ETA=00:01.57 | GPU MB alloc/reserved=278.0/1898.0
2026-04-11 16:14:14 | INFO | [Round 16] epoch=80/80 loss=0.0134 acc=99.90 val_acc=nan data_t=0.0024s batch_t=0.0995s epoch_t=00:01.73 lr=0.000010 | GPU MB alloc/reserved=278.0/1898.0
2026-04-11 16:14:14 | INFO | [Round 16] Epoch 80/80 time=00:01.73 avg=00:01.58 ETA=00:00.00 | GPU MB alloc/reserved=278.0/1898.0
2026-04-11 16:14:14 | INFO | [Round 16] training complete in 02:06.49 (best monitor=100.000) | GPU MB alloc/reserved=278.0/1898.0
2026-04-11 16:14:14 | INFO | [Round 16] evaluation started | GPU MB alloc/reserved=191.7/1898.0
2026-04-11 16:14:22 | INFO | [Round 16] clean=65.49 fgsm=53.03 pgd=52.73 grad_disp_mean=nan grad_disp_sel=nan round_t=136.35s | GPU MB alloc/reserved=191.7/1898.0
2026-04-11 16:14:22 | INFO | [Round 17/21] elapsed=02:16.35 avg_round=01:29.08 projected_remaining=05:56.33 | GPU MB alloc/reserved=191.7/1898.0
2026-04-11 16:14:23 | INFO | [Round 17] acquisition on pool_size=47900 scored_pool=5000 budget=100 | GPU MB alloc/reserved=103.4/1898.0
2026-04-11 16:14:23 | INFO | [BADGE] scoring progress 10/20 elapsed=00:00.40 avg/batch=0.040s ETA=00:00.40 | GPU MB alloc/reserved=113.0/1898.0
2026-04-11 16:14:23 | INFO | [BADGE] scoring progress 20/20 elapsed=00:00.58 avg/batch=0.029s ETA=00:00.00 | GPU MB alloc/reserved=108.0/1898.0
2026-04-11 16:14:24 | INFO | [Round 17] labeled=2200 train=2200 val_fixed=0 | GPU MB alloc/reserved=146.1/1898.0
2026-04-11 16:14:26 | INFO | [Round 17] epoch=1/80 loss=2.3054 acc=16.91 val_acc=nan data_t=0.0101s batch_t=0.0937s epoch_t=00:01.87 lr=0.001000 | GPU MB alloc/reserved=276.1/1898.0
2026-04-11 16:14:26 | INFO | [Round 17] Epoch 1/80 time=00:01.87 avg=00:01.87 ETA=02:27.66 | GPU MB alloc/reserved=276.1/1898.0
2026-04-11 16:14:28 | INFO | [Round 17] epoch=2/80 loss=2.0262 acc=21.73 val_acc=nan data_t=0.0015s batch_t=0.0905s epoch_t=00:01.66 lr=0.000998 | GPU MB alloc/reserved=276.1/1898.0
2026-04-11 16:14:28 | INFO | [Round 17] Epoch 2/80 time=00:01.66 avg=00:01.76 ETA=02:17.47 | GPU MB alloc/reserved=276.1/1898.0
2026-04-11 16:14:29 | INFO | [Round 17] epoch=3/80 loss=2.0256 acc=21.95 val_acc=nan data_t=0.0019s batch_t=0.0906s epoch_t=00:01.66 lr=0.000997 | GPU MB alloc/reserved=276.1/1898.0
2026-04-11 16:14:29 | INFO | [Round 17] Epoch 3/80 time=00:01.66 avg=00:01.73 ETA=02:13.19 | GPU MB alloc/reserved=276.1/1898.0
2026-04-11 16:14:31 | INFO | [Round 17] epoch=4/80 loss=1.9620 acc=24.09 val_acc=nan data_t=0.0016s batch_t=0.0910s epoch_t=00:01.67 lr=0.000994 | GPU MB alloc/reserved=276.1/1898.0
2026-04-11 16:14:31 | INFO | [Round 17] Epoch 4/80 time=00:01.67 avg=00:01.71 ETA=02:10.28 | GPU MB alloc/reserved=276.1/1898.0
2026-04-11 16:14:33 | INFO | [Round 17] epoch=5/80 loss=1.8993 acc=25.95 val_acc=nan data_t=0.0015s batch_t=0.0903s epoch_t=00:01.65 lr=0.000990 | GPU MB alloc/reserved=276.1/1898.0
2026-04-11 16:14:33 | INFO | [Round 17] Epoch 5/80 time=00:01.65 avg=00:01.70 ETA=02:07.64 | GPU MB alloc/reserved=276.1/1898.0
2026-04-11 16:14:34 | INFO | [Round 17] epoch=6/80 loss=1.8797 acc=27.32 val_acc=nan data_t=0.0018s batch_t=0.0906s epoch_t=00:01.66 lr=0.000986 | GPU MB alloc/reserved=276.1/1898.0
2026-04-11 16:14:34 | INFO | [Round 17] Epoch 6/80 time=00:01.66 avg=00:01.70 ETA=02:05.45 | GPU MB alloc/reserved=276.1/1898.0
2026-04-11 16:14:36 | INFO | [Round 17] epoch=7/80 loss=1.8318 acc=28.55 val_acc=nan data_t=0.0016s batch_t=0.0908s epoch_t=00:01.66 lr=0.000981 | GPU MB alloc/reserved=276.1/1898.0
2026-04-11 16:14:36 | INFO | [Round 17] Epoch 7/80 time=00:01.66 avg=00:01.69 ETA=02:03.42 | GPU MB alloc/reserved=276.1/1898.0
2026-04-11 16:14:38 | INFO | [Round 17] epoch=8/80 loss=1.8151 acc=29.00 val_acc=nan data_t=0.0017s batch_t=0.0909s epoch_t=00:01.67 lr=0.000976 | GPU MB alloc/reserved=276.1/1898.0
2026-04-11 16:14:38 | INFO | [Round 17] Epoch 8/80 time=00:01.67 avg=00:01.69 ETA=02:01.52 | GPU MB alloc/reserved=276.1/1898.0
2026-04-11 16:14:39 | INFO | [Round 17] epoch=9/80 loss=1.7908 acc=28.77 val_acc=nan data_t=0.0017s batch_t=0.0904s epoch_t=00:01.66 lr=0.000969 | GPU MB alloc/reserved=276.1/1898.0
2026-04-11 16:14:39 | INFO | [Round 17] Epoch 9/80 time=00:01.66 avg=00:01.68 ETA=01:59.60 | GPU MB alloc/reserved=276.1/1898.0
2026-04-11 16:14:41 | INFO | [Round 17] epoch=10/80 loss=1.7909 acc=30.73 val_acc=nan data_t=0.0015s batch_t=0.0911s epoch_t=00:01.67 lr=0.000962 | GPU MB alloc/reserved=276.1/1898.0
2026-04-11 16:14:41 | INFO | [Round 17] Epoch 10/80 time=00:01.67 avg=00:01.68 ETA=01:57.79 | GPU MB alloc/reserved=276.1/1898.0
2026-04-11 16:14:43 | INFO | [Round 17] epoch=11/80 loss=1.7507 acc=32.55 val_acc=nan data_t=0.0027s batch_t=0.0906s epoch_t=00:01.68 lr=0.000955 | GPU MB alloc/reserved=276.1/1898.0
2026-04-11 16:14:43 | INFO | [Round 17] Epoch 11/80 time=00:01.68 avg=00:01.68 ETA=01:56.09 | GPU MB alloc/reserved=276.1/1898.0
2026-04-11 16:14:45 | INFO | [Round 17] epoch=12/80 loss=1.7107 acc=34.23 val_acc=nan data_t=0.0019s batch_t=0.0904s epoch_t=00:01.66 lr=0.000946 | GPU MB alloc/reserved=276.1/1898.0
2026-04-11 16:14:45 | INFO | [Round 17] Epoch 12/80 time=00:01.66 avg=00:01.68 ETA=01:54.29 | GPU MB alloc/reserved=276.1/1898.0
2026-04-11 16:14:46 | INFO | [Round 17] epoch=13/80 loss=1.6753 acc=34.55 val_acc=nan data_t=0.0021s batch_t=0.0906s epoch_t=00:01.67 lr=0.000937 | GPU MB alloc/reserved=276.1/1898.0
2026-04-11 16:14:46 | INFO | [Round 17] Epoch 13/80 time=00:01.67 avg=00:01.68 ETA=01:52.55 | GPU MB alloc/reserved=276.1/1898.0
2026-04-11 16:14:48 | INFO | [Round 17] epoch=14/80 loss=1.6516 acc=35.77 val_acc=nan data_t=0.0015s batch_t=0.0920s epoch_t=00:01.68 lr=0.000927 | GPU MB alloc/reserved=276.1/1898.0
2026-04-11 16:14:48 | INFO | [Round 17] Epoch 14/80 time=00:01.68 avg=00:01.68 ETA=01:50.89 | GPU MB alloc/reserved=276.1/1898.0
2026-04-11 16:14:50 | INFO | [Round 17] epoch=15/80 loss=1.6509 acc=37.36 val_acc=nan data_t=0.0017s batch_t=0.0912s epoch_t=00:01.67 lr=0.000917 | GPU MB alloc/reserved=276.1/1898.0
2026-04-11 16:14:50 | INFO | [Round 17] Epoch 15/80 time=00:01.67 avg=00:01.68 ETA=01:49.17 | GPU MB alloc/reserved=276.1/1898.0
2026-04-11 16:14:51 | INFO | [Round 17] epoch=16/80 loss=1.6060 acc=38.09 val_acc=nan data_t=0.0015s batch_t=0.0905s epoch_t=00:01.66 lr=0.000905 | GPU MB alloc/reserved=276.1/1898.0
2026-04-11 16:14:51 | INFO | [Round 17] Epoch 16/80 time=00:01.66 avg=00:01.68 ETA=01:47.40 | GPU MB alloc/reserved=276.1/1898.0
2026-04-11 16:14:53 | INFO | [Round 17] epoch=17/80 loss=1.5698 acc=38.36 val_acc=nan data_t=0.0016s batch_t=0.0908s epoch_t=00:01.66 lr=0.000894 | GPU MB alloc/reserved=276.1/1898.0
2026-04-11 16:14:53 | INFO | [Round 17] Epoch 17/80 time=00:01.66 avg=00:01.68 ETA=01:45.67 | GPU MB alloc/reserved=276.1/1898.0
2026-04-11 16:14:55 | INFO | [Round 17] epoch=18/80 loss=1.5475 acc=39.14 val_acc=nan data_t=0.0015s batch_t=0.0911s epoch_t=00:01.67 lr=0.000881 | GPU MB alloc/reserved=276.1/1898.0
2026-04-11 16:14:55 | INFO | [Round 17] Epoch 18/80 time=00:01.67 avg=00:01.68 ETA=01:43.96 | GPU MB alloc/reserved=276.1/1898.0
2026-04-11 16:14:56 | INFO | [Round 17] epoch=19/80 loss=1.5206 acc=40.68 val_acc=nan data_t=0.0020s batch_t=0.0905s epoch_t=00:01.66 lr=0.000868 | GPU MB alloc/reserved=276.1/1898.0
2026-04-11 16:14:56 | INFO | [Round 17] Epoch 19/80 time=00:01.66 avg=00:01.68 ETA=01:42.24 | GPU MB alloc/reserved=276.1/1898.0
2026-04-11 16:14:58 | INFO | [Round 17] epoch=20/80 loss=1.4373 acc=43.45 val_acc=nan data_t=0.0015s batch_t=0.0913s epoch_t=00:01.67 lr=0.000855 | GPU MB alloc/reserved=276.1/1898.0
2026-04-11 16:14:58 | INFO | [Round 17] Epoch 20/80 time=00:01.67 avg=00:01.68 ETA=01:40.55 | GPU MB alloc/reserved=276.1/1898.0
2026-04-11 16:15:00 | INFO | [Round 17] epoch=21/80 loss=1.3884 acc=47.32 val_acc=nan data_t=0.0020s batch_t=0.0901s epoch_t=00:01.66 lr=0.000841 | GPU MB alloc/reserved=276.1/1898.0
2026-04-11 16:15:00 | INFO | [Round 17] Epoch 21/80 time=00:01.66 avg=00:01.68 ETA=01:38.83 | GPU MB alloc/reserved=276.1/1898.0
2026-04-11 16:15:01 | INFO | [Round 17] epoch=22/80 loss=1.4136 acc=45.18 val_acc=nan data_t=0.0016s batch_t=0.0912s epoch_t=00:01.67 lr=0.000826 | GPU MB alloc/reserved=276.1/1898.0
2026-04-11 16:15:01 | INFO | [Round 17] Epoch 22/80 time=00:01.67 avg=00:01.67 ETA=01:37.14 | GPU MB alloc/reserved=276.1/1898.0
2026-04-11 16:15:03 | INFO | [Round 17] epoch=23/80 loss=1.3629 acc=46.64 val_acc=nan data_t=0.0018s batch_t=0.0905s epoch_t=00:01.66 lr=0.000811 | GPU MB alloc/reserved=276.1/1898.0
2026-04-11 16:15:03 | INFO | [Round 17] Epoch 23/80 time=00:01.66 avg=00:01.67 ETA=01:35.43 | GPU MB alloc/reserved=276.1/1898.0
2026-04-11 16:15:05 | INFO | [Round 17] epoch=24/80 loss=1.3138 acc=49.27 val_acc=nan data_t=0.0016s batch_t=0.0902s epoch_t=00:01.65 lr=0.000796 | GPU MB alloc/reserved=276.1/1898.0
2026-04-11 16:15:05 | INFO | [Round 17] Epoch 24/80 time=00:01.65 avg=00:01.67 ETA=01:33.71 | GPU MB alloc/reserved=276.1/1898.0
2026-04-11 16:15:06 | INFO | [Round 17] epoch=25/80 loss=1.3234 acc=49.91 val_acc=nan data_t=0.0021s batch_t=0.0902s epoch_t=00:01.66 lr=0.000780 | GPU MB alloc/reserved=276.1/1898.0
2026-04-11 16:15:06 | INFO | [Round 17] Epoch 25/80 time=00:01.66 avg=00:01.67 ETA=01:32.01 | GPU MB alloc/reserved=276.1/1898.0
2026-04-11 16:15:08 | INFO | [Round 17] epoch=26/80 loss=1.2567 acc=50.23 val_acc=nan data_t=0.0022s batch_t=0.0914s epoch_t=00:01.68 lr=0.000764 | GPU MB alloc/reserved=276.1/1898.0
2026-04-11 16:15:08 | INFO | [Round 17] Epoch 26/80 time=00:01.68 avg=00:01.67 ETA=01:30.36 | GPU MB alloc/reserved=276.1/1898.0
2026-04-11 16:15:10 | INFO | [Round 17] epoch=27/80 loss=1.2115 acc=51.95 val_acc=nan data_t=0.0016s batch_t=0.0913s epoch_t=00:01.67 lr=0.000747 | GPU MB alloc/reserved=276.1/1898.0
2026-04-11 16:15:10 | INFO | [Round 17] Epoch 27/80 time=00:01.67 avg=00:01.67 ETA=01:28.68 | GPU MB alloc/reserved=276.1/1898.0
2026-04-11 16:15:11 | INFO | [Round 17] epoch=28/80 loss=1.1476 acc=54.59 val_acc=nan data_t=0.0017s batch_t=0.0906s epoch_t=00:01.66 lr=0.000730 | GPU MB alloc/reserved=276.1/1898.0
2026-04-11 16:15:11 | INFO | [Round 17] Epoch 28/80 time=00:01.66 avg=00:01.67 ETA=01:26.99 | GPU MB alloc/reserved=276.1/1898.0
2026-04-11 16:15:13 | INFO | [Round 17] epoch=29/80 loss=1.1541 acc=54.50 val_acc=nan data_t=0.0020s batch_t=0.0908s epoch_t=00:01.67 lr=0.000712 | GPU MB alloc/reserved=276.1/1898.0
2026-04-11 16:15:13 | INFO | [Round 17] Epoch 29/80 time=00:01.67 avg=00:01.67 ETA=01:25.31 | GPU MB alloc/reserved=276.1/1898.0
2026-04-11 16:15:15 | INFO | [Round 17] epoch=30/80 loss=1.1248 acc=56.27 val_acc=nan data_t=0.0027s batch_t=0.0902s epoch_t=00:01.67 lr=0.000694 | GPU MB alloc/reserved=276.1/1898.0
2026-04-11 16:15:15 | INFO | [Round 17] Epoch 30/80 time=00:01.67 avg=00:01.67 ETA=01:23.64 | GPU MB alloc/reserved=276.1/1898.0
2026-04-11 16:15:16 | INFO | [Round 17] epoch=31/80 loss=1.1059 acc=57.41 val_acc=nan data_t=0.0016s batch_t=0.0909s epoch_t=00:01.66 lr=0.000676 | GPU MB alloc/reserved=276.1/1898.0
2026-04-11 16:15:16 | INFO | [Round 17] Epoch 31/80 time=00:01.66 avg=00:01.67 ETA=01:21.95 | GPU MB alloc/reserved=276.1/1898.0
2026-04-11 16:15:18 | INFO | [Round 17] epoch=32/80 loss=1.0303 acc=58.95 val_acc=nan data_t=0.0016s batch_t=0.0909s epoch_t=00:01.66 lr=0.000658 | GPU MB alloc/reserved=276.1/1898.0
2026-04-11 16:15:18 | INFO | [Round 17] Epoch 32/80 time=00:01.66 avg=00:01.67 ETA=01:20.27 | GPU MB alloc/reserved=276.1/1898.0
2026-04-11 16:15:20 | INFO | [Round 17] epoch=33/80 loss=0.9527 acc=64.36 val_acc=nan data_t=0.0016s batch_t=0.0899s epoch_t=00:01.65 lr=0.000639 | GPU MB alloc/reserved=276.1/1898.0
2026-04-11 16:15:20 | INFO | [Round 17] Epoch 33/80 time=00:01.65 avg=00:01.67 ETA=01:18.56 | GPU MB alloc/reserved=276.1/1898.0
2026-04-11 16:15:21 | INFO | [Round 17] epoch=34/80 loss=0.9790 acc=62.14 val_acc=nan data_t=0.0026s batch_t=0.0907s epoch_t=00:01.68 lr=0.000621 | GPU MB alloc/reserved=276.1/1898.0
2026-04-11 16:15:21 | INFO | [Round 17] Epoch 34/80 time=00:01.68 avg=00:01.67 ETA=01:16.90 | GPU MB alloc/reserved=276.1/1898.0
2026-04-11 16:15:23 | INFO | [Round 17] epoch=35/80 loss=0.9186 acc=63.91 val_acc=nan data_t=0.0018s batch_t=0.0908s epoch_t=00:01.67 lr=0.000602 | GPU MB alloc/reserved=276.1/1898.0
2026-04-11 16:15:23 | INFO | [Round 17] Epoch 35/80 time=00:01.67 avg=00:01.67 ETA=01:15.22 | GPU MB alloc/reserved=276.1/1898.0
2026-04-11 16:15:25 | INFO | [Round 17] epoch=36/80 loss=0.9248 acc=65.05 val_acc=nan data_t=0.0024s batch_t=0.0904s epoch_t=00:01.67 lr=0.000582 | GPU MB alloc/reserved=276.1/1898.0
2026-04-11 16:15:25 | INFO | [Round 17] Epoch 36/80 time=00:01.67 avg=00:01.67 ETA=01:13.55 | GPU MB alloc/reserved=276.1/1898.0
2026-04-11 16:15:26 | INFO | [Round 17] epoch=37/80 loss=0.8617 acc=67.36 val_acc=nan data_t=0.0019s batch_t=0.0909s epoch_t=00:01.67 lr=0.000563 | GPU MB alloc/reserved=276.1/1898.0
2026-04-11 16:15:26 | INFO | [Round 17] Epoch 37/80 time=00:01.67 avg=00:01.67 ETA=01:11.88 | GPU MB alloc/reserved=276.1/1898.0
2026-04-11 16:15:28 | INFO | [Round 17] epoch=38/80 loss=0.8661 acc=66.91 val_acc=nan data_t=0.0017s batch_t=0.0903s epoch_t=00:01.66 lr=0.000544 | GPU MB alloc/reserved=276.1/1898.0
2026-04-11 16:15:28 | INFO | [Round 17] Epoch 38/80 time=00:01.66 avg=00:01.67 ETA=01:10.19 | GPU MB alloc/reserved=276.1/1898.0
2026-04-11 16:15:30 | INFO | [Round 17] epoch=39/80 loss=0.7959 acc=70.50 val_acc=nan data_t=0.0022s batch_t=0.0914s epoch_t=00:01.68 lr=0.000524 | GPU MB alloc/reserved=276.1/1898.0
2026-04-11 16:15:30 | INFO | [Round 17] Epoch 39/80 time=00:01.68 avg=00:01.67 ETA=01:08.53 | GPU MB alloc/reserved=276.1/1898.0
2026-04-11 16:15:31 | INFO | [Round 17] epoch=40/80 loss=0.7127 acc=73.59 val_acc=nan data_t=0.0016s batch_t=0.0907s epoch_t=00:01.66 lr=0.000505 | GPU MB alloc/reserved=276.1/1898.0
2026-04-11 16:15:31 | INFO | [Round 17] Epoch 40/80 time=00:01.66 avg=00:01.67 ETA=01:06.85 | GPU MB alloc/reserved=276.1/1898.0
2026-04-11 16:15:33 | INFO | [Round 17] epoch=41/80 loss=0.6739 acc=74.05 val_acc=nan data_t=0.0016s batch_t=0.0902s epoch_t=00:01.65 lr=0.000486 | GPU MB alloc/reserved=276.1/1898.0
2026-04-11 16:15:33 | INFO | [Round 17] Epoch 41/80 time=00:01.65 avg=00:01.67 ETA=01:05.16 | GPU MB alloc/reserved=276.1/1898.0
2026-04-11 16:15:35 | INFO | [Round 17] epoch=42/80 loss=0.6369 acc=75.55 val_acc=nan data_t=0.0018s batch_t=0.0897s epoch_t=00:01.65 lr=0.000466 | GPU MB alloc/reserved=276.1/1898.0
2026-04-11 16:15:35 | INFO | [Round 17] Epoch 42/80 time=00:01.65 avg=00:01.67 ETA=01:03.47 | GPU MB alloc/reserved=276.1/1898.0
2026-04-11 16:15:36 | INFO | [Round 17] epoch=43/80 loss=0.6127 acc=77.09 val_acc=nan data_t=0.0018s batch_t=0.0903s epoch_t=00:01.66 lr=0.000447 | GPU MB alloc/reserved=276.1/1898.0
2026-04-11 16:15:36 | INFO | [Round 17] Epoch 43/80 time=00:01.66 avg=00:01.67 ETA=01:01.79 | GPU MB alloc/reserved=276.1/1898.0
2026-04-11 16:15:38 | INFO | [Round 17] epoch=44/80 loss=0.5585 acc=78.55 val_acc=nan data_t=0.0019s batch_t=0.0915s epoch_t=00:01.68 lr=0.000428 | GPU MB alloc/reserved=276.1/1898.0
2026-04-11 16:15:38 | INFO | [Round 17] Epoch 44/80 time=00:01.68 avg=00:01.67 ETA=01:00.13 | GPU MB alloc/reserved=276.1/1898.0
2026-04-11 16:15:40 | INFO | [Round 17] epoch=45/80 loss=0.4864 acc=81.55 val_acc=nan data_t=0.0022s batch_t=0.0914s epoch_t=00:01.69 lr=0.000408 | GPU MB alloc/reserved=276.1/1898.0
2026-04-11 16:15:40 | INFO | [Round 17] Epoch 45/80 time=00:01.69 avg=00:01.67 ETA=00:58.47 | GPU MB alloc/reserved=276.1/1898.0
2026-04-11 16:15:41 | INFO | [Round 17] epoch=46/80 loss=0.4723 acc=82.77 val_acc=nan data_t=0.0024s batch_t=0.0907s epoch_t=00:01.67 lr=0.000389 | GPU MB alloc/reserved=276.1/1898.0
2026-04-11 16:15:41 | INFO | [Round 17] Epoch 46/80 time=00:01.67 avg=00:01.67 ETA=00:56.80 | GPU MB alloc/reserved=276.1/1898.0
2026-04-11 16:15:43 | INFO | [Round 17] epoch=47/80 loss=0.4376 acc=84.14 val_acc=nan data_t=0.0019s batch_t=0.0907s epoch_t=00:01.67 lr=0.000371 | GPU MB alloc/reserved=276.1/1898.0
2026-04-11 16:15:43 | INFO | [Round 17] Epoch 47/80 time=00:01.67 avg=00:01.67 ETA=00:55.13 | GPU MB alloc/reserved=276.1/1898.0
2026-04-11 16:15:45 | INFO | [Round 17] epoch=48/80 loss=0.4254 acc=85.09 val_acc=nan data_t=0.0017s batch_t=0.0891s epoch_t=00:01.64 lr=0.000352 | GPU MB alloc/reserved=276.1/1898.0
2026-04-11 16:15:45 | INFO | [Round 17] Epoch 48/80 time=00:01.64 avg=00:01.67 ETA=00:53.43 | GPU MB alloc/reserved=276.1/1898.0
2026-04-11 16:15:46 | INFO | [Round 17] epoch=49/80 loss=0.4484 acc=83.45 val_acc=nan data_t=0.0018s batch_t=0.0907s epoch_t=00:01.67 lr=0.000334 | GPU MB alloc/reserved=276.1/1898.0
2026-04-11 16:15:46 | INFO | [Round 17] Epoch 49/80 time=00:01.67 avg=00:01.67 ETA=00:51.76 | GPU MB alloc/reserved=276.1/1898.0
2026-04-11 16:15:48 | INFO | [Round 17] epoch=50/80 loss=0.3744 acc=86.41 val_acc=nan data_t=0.0017s batch_t=0.0902s epoch_t=00:01.65 lr=0.000316 | GPU MB alloc/reserved=276.1/1898.0
2026-04-11 16:15:48 | INFO | [Round 17] Epoch 50/80 time=00:01.65 avg=00:01.67 ETA=00:50.08 | GPU MB alloc/reserved=276.1/1898.0
2026-04-11 16:15:50 | INFO | [Round 17] epoch=51/80 loss=0.3335 acc=88.68 val_acc=nan data_t=0.0021s batch_t=0.0904s epoch_t=00:01.67 lr=0.000298 | GPU MB alloc/reserved=276.1/1898.0
2026-04-11 16:15:50 | INFO | [Round 17] Epoch 51/80 time=00:01.67 avg=00:01.67 ETA=00:48.41 | GPU MB alloc/reserved=276.1/1898.0
2026-04-11 16:15:51 | INFO | [Round 17] epoch=52/80 loss=0.3265 acc=88.27 val_acc=nan data_t=0.0025s batch_t=0.0895s epoch_t=00:01.66 lr=0.000280 | GPU MB alloc/reserved=276.1/1898.0
2026-04-11 16:15:51 | INFO | [Round 17] Epoch 52/80 time=00:01.66 avg=00:01.67 ETA=00:46.73 | GPU MB alloc/reserved=276.1/1898.0
2026-04-11 16:15:53 | INFO | [Round 17] epoch=53/80 loss=0.2571 acc=91.77 val_acc=nan data_t=0.0015s batch_t=0.0905s epoch_t=00:01.66 lr=0.000263 | GPU MB alloc/reserved=276.1/1898.0
2026-04-11 16:15:53 | INFO | [Round 17] Epoch 53/80 time=00:01.66 avg=00:01.67 ETA=00:45.06 | GPU MB alloc/reserved=276.1/1898.0
2026-04-11 16:15:55 | INFO | [Round 17] epoch=54/80 loss=0.2416 acc=91.95 val_acc=nan data_t=0.0027s batch_t=0.0910s epoch_t=00:01.69 lr=0.000246 | GPU MB alloc/reserved=276.1/1898.0
2026-04-11 16:15:55 | INFO | [Round 17] Epoch 54/80 time=00:01.69 avg=00:01.67 ETA=00:43.40 | GPU MB alloc/reserved=276.1/1898.0
2026-04-11 16:15:56 | INFO | [Round 17] epoch=55/80 loss=0.2173 acc=93.14 val_acc=nan data_t=0.0023s batch_t=0.0908s epoch_t=00:01.68 lr=0.000230 | GPU MB alloc/reserved=276.1/1898.0
2026-04-11 16:15:56 | INFO | [Round 17] Epoch 55/80 time=00:01.68 avg=00:01.67 ETA=00:41.73 | GPU MB alloc/reserved=276.1/1898.0
2026-04-11 16:15:58 | INFO | [Round 17] epoch=56/80 loss=0.1963 acc=94.05 val_acc=nan data_t=0.0023s batch_t=0.0903s epoch_t=00:01.67 lr=0.000214 | GPU MB alloc/reserved=276.1/1898.0
2026-04-11 16:15:58 | INFO | [Round 17] Epoch 56/80 time=00:01.67 avg=00:01.67 ETA=00:40.06 | GPU MB alloc/reserved=276.1/1898.0
2026-04-11 16:16:00 | INFO | [Round 17] epoch=57/80 loss=0.1868 acc=94.45 val_acc=nan data_t=0.0027s batch_t=0.0897s epoch_t=00:01.66 lr=0.000199 | GPU MB alloc/reserved=276.1/1898.0
2026-04-11 16:16:00 | INFO | [Round 17] Epoch 57/80 time=00:01.66 avg=00:01.67 ETA=00:38.39 | GPU MB alloc/reserved=276.1/1898.0
2026-04-11 16:16:01 | INFO | [Round 17] epoch=58/80 loss=0.1560 acc=95.00 val_acc=nan data_t=0.0018s batch_t=0.0900s epoch_t=00:01.65 lr=0.000184 | GPU MB alloc/reserved=276.1/1898.0
2026-04-11 16:16:01 | INFO | [Round 17] Epoch 58/80 time=00:01.65 avg=00:01.67 ETA=00:36.71 | GPU MB alloc/reserved=276.1/1898.0
2026-04-11 16:16:03 | INFO | [Round 17] epoch=59/80 loss=0.1483 acc=95.68 val_acc=nan data_t=0.0017s batch_t=0.0903s epoch_t=00:01.66 lr=0.000169 | GPU MB alloc/reserved=276.1/1898.0
2026-04-11 16:16:03 | INFO | [Round 17] Epoch 59/80 time=00:01.66 avg=00:01.67 ETA=00:35.04 | GPU MB alloc/reserved=276.1/1898.0
2026-04-11 16:16:05 | INFO | [Round 17] epoch=60/80 loss=0.1276 acc=96.68 val_acc=nan data_t=0.0015s batch_t=0.0895s epoch_t=00:01.64 lr=0.000155 | GPU MB alloc/reserved=276.1/1898.0
2026-04-11 16:16:05 | INFO | [Round 17] Epoch 60/80 time=00:01.64 avg=00:01.67 ETA=00:33.36 | GPU MB alloc/reserved=276.1/1898.0
2026-04-11 16:16:06 | INFO | [Round 17] epoch=61/80 loss=0.1662 acc=94.95 val_acc=nan data_t=0.0028s batch_t=0.0898s epoch_t=00:01.67 lr=0.000142 | GPU MB alloc/reserved=276.1/1898.0
2026-04-11 16:16:06 | INFO | [Round 17] Epoch 61/80 time=00:01.67 avg=00:01.67 ETA=00:31.69 | GPU MB alloc/reserved=276.1/1898.0
2026-04-11 16:16:08 | INFO | [Round 17] epoch=62/80 loss=0.1406 acc=95.77 val_acc=nan data_t=0.0018s batch_t=0.0895s epoch_t=00:01.64 lr=0.000129 | GPU MB alloc/reserved=276.1/1898.0
2026-04-11 16:16:08 | INFO | [Round 17] Epoch 62/80 time=00:01.64 avg=00:01.67 ETA=00:30.02 | GPU MB alloc/reserved=276.1/1898.0
2026-04-11 16:16:10 | INFO | [Round 17] epoch=63/80 loss=0.0894 acc=97.86 val_acc=nan data_t=0.0021s batch_t=0.0859s epoch_t=00:01.58 lr=0.000116 | GPU MB alloc/reserved=276.1/1898.0
2026-04-11 16:16:10 | INFO | [Round 17] Epoch 63/80 time=00:01.58 avg=00:01.67 ETA=00:28.33 | GPU MB alloc/reserved=276.1/1898.0
2026-04-11 16:16:11 | INFO | [Round 17] epoch=64/80 loss=0.0880 acc=98.00 val_acc=nan data_t=0.0018s batch_t=0.0975s epoch_t=00:01.79 lr=0.000105 | GPU MB alloc/reserved=276.1/1898.0
2026-04-11 16:16:11 | INFO | [Round 17] Epoch 64/80 time=00:01.79 avg=00:01.67 ETA=00:26.69 | GPU MB alloc/reserved=276.1/1898.0
2026-04-11 16:16:13 | INFO | [Round 17] epoch=65/80 loss=0.0774 acc=98.55 val_acc=nan data_t=0.0018s batch_t=0.0998s epoch_t=00:01.83 lr=0.000093 | GPU MB alloc/reserved=276.1/1898.0
2026-04-11 16:16:13 | INFO | [Round 17] Epoch 65/80 time=00:01.83 avg=00:01.67 ETA=00:25.06 | GPU MB alloc/reserved=276.1/1898.0
2026-04-11 16:16:15 | INFO | [Round 17] epoch=66/80 loss=0.0786 acc=98.23 val_acc=nan data_t=0.0016s batch_t=0.0996s epoch_t=00:01.82 lr=0.000083 | GPU MB alloc/reserved=276.1/1898.0
2026-04-11 16:16:15 | INFO | [Round 17] Epoch 66/80 time=00:01.82 avg=00:01.67 ETA=00:23.42 | GPU MB alloc/reserved=276.1/1898.0
2026-04-11 16:16:17 | INFO | [Round 17] epoch=67/80 loss=0.0676 acc=98.77 val_acc=nan data_t=0.0019s batch_t=0.0995s epoch_t=00:01.83 lr=0.000073 | GPU MB alloc/reserved=276.1/1898.0
2026-04-11 16:16:17 | INFO | [Round 17] Epoch 67/80 time=00:01.83 avg=00:01.68 ETA=00:21.78 | GPU MB alloc/reserved=276.1/1898.0
2026-04-11 16:16:18 | INFO | [Round 17] epoch=68/80 loss=0.0652 acc=99.05 val_acc=nan data_t=0.0020s batch_t=0.0623s epoch_t=00:01.16 lr=0.000064 | GPU MB alloc/reserved=276.1/1898.0
2026-04-11 16:16:18 | INFO | [Round 17] Epoch 68/80 time=00:01.16 avg=00:01.67 ETA=00:20.01 | GPU MB alloc/reserved=276.1/1898.0
2026-04-11 16:16:19 | INFO | [Round 17] epoch=69/80 loss=0.0581 acc=99.00 val_acc=nan data_t=0.0017s batch_t=0.0699s epoch_t=00:01.29 lr=0.000055 | GPU MB alloc/reserved=276.1/1898.0
2026-04-11 16:16:19 | INFO | [Round 17] Epoch 69/80 time=00:01.29 avg=00:01.66 ETA=00:18.28 | GPU MB alloc/reserved=276.1/1898.0
2026-04-11 16:16:21 | INFO | [Round 17] epoch=70/80 loss=0.0554 acc=99.00 val_acc=nan data_t=0.0016s batch_t=0.0789s epoch_t=00:01.45 lr=0.000048 | GPU MB alloc/reserved=276.1/1898.0
2026-04-11 16:16:21 | INFO | [Round 17] Epoch 70/80 time=00:01.45 avg=00:01.66 ETA=00:16.59 | GPU MB alloc/reserved=276.1/1898.0
2026-04-11 16:16:22 | INFO | [Round 17] epoch=71/80 loss=0.0492 acc=99.36 val_acc=nan data_t=0.0019s batch_t=0.0884s epoch_t=00:01.63 lr=0.000041 | GPU MB alloc/reserved=276.1/1898.0
2026-04-11 16:16:22 | INFO | [Round 17] Epoch 71/80 time=00:01.63 avg=00:01.66 ETA=00:14.93 | GPU MB alloc/reserved=276.1/1898.0
2026-04-11 16:16:24 | INFO | [Round 17] epoch=72/80 loss=0.0480 acc=99.45 val_acc=nan data_t=0.0017s batch_t=0.0904s epoch_t=00:01.66 lr=0.000034 | GPU MB alloc/reserved=276.1/1898.0
2026-04-11 16:16:24 | INFO | [Round 17] Epoch 72/80 time=00:01.66 avg=00:01.66 ETA=00:13.27 | GPU MB alloc/reserved=276.1/1898.0
2026-04-11 16:16:26 | INFO | [Round 17] epoch=73/80 loss=0.0489 acc=99.32 val_acc=nan data_t=0.0021s batch_t=0.0910s epoch_t=00:01.68 lr=0.000029 | GPU MB alloc/reserved=276.1/1898.0
2026-04-11 16:16:26 | INFO | [Round 17] Epoch 73/80 time=00:01.68 avg=00:01.66 ETA=00:11.61 | GPU MB alloc/reserved=276.1/1898.0
2026-04-11 16:16:27 | INFO | [Round 17] epoch=74/80 loss=0.0478 acc=99.18 val_acc=nan data_t=0.0015s batch_t=0.0909s epoch_t=00:01.66 lr=0.000024 | GPU MB alloc/reserved=276.1/1898.0
2026-04-11 16:16:27 | INFO | [Round 17] Epoch 74/80 time=00:01.66 avg=00:01.66 ETA=00:09.95 | GPU MB alloc/reserved=276.1/1898.0
2026-04-11 16:16:29 | INFO | [Round 17] epoch=75/80 loss=0.0448 acc=99.27 val_acc=nan data_t=0.0015s batch_t=0.0911s epoch_t=00:01.67 lr=0.000020 | GPU MB alloc/reserved=276.1/1898.0
2026-04-11 16:16:29 | INFO | [Round 17] Epoch 75/80 time=00:01.67 avg=00:01.66 ETA=00:08.30 | GPU MB alloc/reserved=276.1/1898.0
2026-04-11 16:16:30 | INFO | [Round 17] epoch=76/80 loss=0.0417 acc=99.55 val_acc=nan data_t=0.0015s batch_t=0.0764s epoch_t=00:01.40 lr=0.000016 | GPU MB alloc/reserved=276.1/1898.0
2026-04-11 16:16:30 | INFO | [Round 17] Epoch 76/80 time=00:01.40 avg=00:01.66 ETA=00:06.62 | GPU MB alloc/reserved=276.1/1898.0
2026-04-11 16:16:32 | INFO | [Round 17] epoch=77/80 loss=0.0379 acc=99.50 val_acc=nan data_t=0.0015s batch_t=0.1001s epoch_t=00:01.83 lr=0.000013 | GPU MB alloc/reserved=276.1/1898.0
2026-04-11 16:16:32 | INFO | [Round 17] Epoch 77/80 time=00:01.83 avg=00:01.66 ETA=00:04.97 | GPU MB alloc/reserved=276.1/1898.0
2026-04-11 16:16:34 | INFO | [Round 17] epoch=78/80 loss=0.0418 acc=99.36 val_acc=nan data_t=0.0026s batch_t=0.0974s epoch_t=00:01.80 lr=0.000012 | GPU MB alloc/reserved=276.1/1898.0
2026-04-11 16:16:34 | INFO | [Round 17] Epoch 78/80 time=00:01.80 avg=00:01.66 ETA=00:03.32 | GPU MB alloc/reserved=276.1/1898.0
2026-04-11 16:16:36 | INFO | [Round 17] epoch=79/80 loss=0.0385 acc=99.55 val_acc=nan data_t=0.0018s batch_t=0.0998s epoch_t=00:01.83 lr=0.000010 | GPU MB alloc/reserved=276.1/1898.0
2026-04-11 16:16:36 | INFO | [Round 17] Epoch 79/80 time=00:01.83 avg=00:01.66 ETA=00:01.66 | GPU MB alloc/reserved=276.1/1898.0
2026-04-11 16:16:38 | INFO | [Round 17] epoch=80/80 loss=0.0370 acc=99.68 val_acc=nan data_t=0.0023s batch_t=0.1005s epoch_t=00:01.85 lr=0.000010 | GPU MB alloc/reserved=276.1/1898.0
2026-04-11 16:16:38 | INFO | [Round 17] Epoch 80/80 time=00:01.85 avg=00:01.66 ETA=00:00.00 | GPU MB alloc/reserved=276.1/1898.0
2026-04-11 16:16:38 | INFO | [Round 17] training complete in 02:13.52 (best monitor=99.682) | GPU MB alloc/reserved=276.1/1898.0
2026-04-11 16:16:38 | INFO | [Round 17] evaluation started | GPU MB alloc/reserved=189.6/1898.0
2026-04-11 16:16:46 | INFO | [Round 17] clean=65.69 fgsm=52.49 pgd=52.07 grad_disp_mean=nan grad_disp_sel=nan round_t=143.52s | GPU MB alloc/reserved=189.6/1898.0
2026-04-11 16:16:46 | INFO | [Round 18/21] elapsed=02:23.52 avg_round=01:32.11 projected_remaining=04:36.32 | GPU MB alloc/reserved=189.6/1898.0
2026-04-11 16:16:47 | INFO | [Round 18] acquisition on pool_size=47800 scored_pool=5000 budget=100 | GPU MB alloc/reserved=102.4/1898.0
2026-04-11 16:16:47 | INFO | [BADGE] scoring progress 10/20 elapsed=00:00.43 avg/batch=0.043s ETA=00:00.43 | GPU MB alloc/reserved=112.0/1898.0
2026-04-11 16:16:48 | INFO | [BADGE] scoring progress 20/20 elapsed=00:00.65 avg/batch=0.032s ETA=00:00.00 | GPU MB alloc/reserved=107.2/1898.0
2026-04-11 16:16:49 | INFO | [Round 18] labeled=2300 train=2300 val_fixed=0 | GPU MB alloc/reserved=146.4/1898.0
2026-04-11 16:16:51 | INFO | [Round 18] epoch=1/80 loss=2.2593 acc=18.52 val_acc=nan data_t=0.0087s batch_t=0.0974s epoch_t=00:01.91 lr=0.001000 | GPU MB alloc/reserved=276.0/1898.0
2026-04-11 16:16:51 | INFO | [Round 18] Epoch 1/80 time=00:01.91 avg=00:01.91 ETA=02:30.86 | GPU MB alloc/reserved=276.0/1898.0
2026-04-11 16:16:52 | INFO | [Round 18] epoch=2/80 loss=2.0395 acc=23.04 val_acc=nan data_t=0.0015s batch_t=0.0936s epoch_t=00:01.71 lr=0.000998 | GPU MB alloc/reserved=276.0/1898.0
2026-04-11 16:16:52 | INFO | [Round 18] Epoch 2/80 time=00:01.71 avg=00:01.81 ETA=02:21.29 | GPU MB alloc/reserved=276.0/1898.0
2026-04-11 16:16:54 | INFO | [Round 18] epoch=3/80 loss=1.9586 acc=24.13 val_acc=nan data_t=0.0014s batch_t=0.0930s epoch_t=00:01.70 lr=0.000997 | GPU MB alloc/reserved=276.0/1898.0
2026-04-11 16:16:54 | INFO | [Round 18] Epoch 3/80 time=00:01.70 avg=00:01.77 ETA=02:16.64 | GPU MB alloc/reserved=276.0/1898.0
2026-04-11 16:16:56 | INFO | [Round 18] epoch=4/80 loss=1.9124 acc=26.74 val_acc=nan data_t=0.0015s batch_t=0.0934s epoch_t=00:01.71 lr=0.000994 | GPU MB alloc/reserved=276.0/1898.0
2026-04-11 16:16:56 | INFO | [Round 18] Epoch 4/80 time=00:01.71 avg=00:01.76 ETA=02:13.63 | GPU MB alloc/reserved=276.0/1898.0
2026-04-11 16:16:57 | INFO | [Round 18] epoch=5/80 loss=1.8680 acc=26.78 val_acc=nan data_t=0.0027s batch_t=0.0935s epoch_t=00:01.73 lr=0.000990 | GPU MB alloc/reserved=276.0/1898.0
2026-04-11 16:16:57 | INFO | [Round 18] Epoch 5/80 time=00:01.73 avg=00:01.75 ETA=02:11.47 | GPU MB alloc/reserved=276.0/1898.0
2026-04-11 16:16:59 | INFO | [Round 18] epoch=6/80 loss=1.8354 acc=29.91 val_acc=nan data_t=0.0024s batch_t=0.0936s epoch_t=00:01.73 lr=0.000986 | GPU MB alloc/reserved=276.0/1898.0
2026-04-11 16:16:59 | INFO | [Round 18] Epoch 6/80 time=00:01.73 avg=00:01.75 ETA=02:09.41 | GPU MB alloc/reserved=276.0/1898.0
2026-04-11 16:17:01 | INFO | [Round 18] epoch=7/80 loss=1.7570 acc=32.70 val_acc=nan data_t=0.0020s batch_t=0.0933s epoch_t=00:01.72 lr=0.000981 | GPU MB alloc/reserved=276.0/1898.0
2026-04-11 16:17:01 | INFO | [Round 18] Epoch 7/80 time=00:01.72 avg=00:01.74 ETA=02:07.32 | GPU MB alloc/reserved=276.0/1898.0
2026-04-11 16:17:03 | INFO | [Round 18] epoch=8/80 loss=1.7221 acc=32.48 val_acc=nan data_t=0.0016s batch_t=0.0936s epoch_t=00:01.71 lr=0.000976 | GPU MB alloc/reserved=276.0/1898.0
2026-04-11 16:17:03 | INFO | [Round 18] Epoch 8/80 time=00:01.71 avg=00:01.74 ETA=02:05.29 | GPU MB alloc/reserved=276.0/1898.0
2026-04-11 16:17:04 | INFO | [Round 18] epoch=9/80 loss=1.7337 acc=33.22 val_acc=nan data_t=0.0018s batch_t=0.0937s epoch_t=00:01.72 lr=0.000969 | GPU MB alloc/reserved=276.0/1898.0
2026-04-11 16:17:04 | INFO | [Round 18] Epoch 9/80 time=00:01.72 avg=00:01.74 ETA=02:03.37 | GPU MB alloc/reserved=276.0/1898.0
2026-04-11 16:17:06 | INFO | [Round 18] epoch=10/80 loss=1.6698 acc=35.35 val_acc=nan data_t=0.0015s batch_t=0.0936s epoch_t=00:01.71 lr=0.000962 | GPU MB alloc/reserved=276.0/1898.0
2026-04-11 16:17:06 | INFO | [Round 18] Epoch 10/80 time=00:01.71 avg=00:01.74 ETA=02:01.46 | GPU MB alloc/reserved=276.0/1898.0
2026-04-11 16:17:08 | INFO | [Round 18] epoch=11/80 loss=1.6307 acc=36.39 val_acc=nan data_t=0.0016s batch_t=0.0941s epoch_t=00:01.72 lr=0.000955 | GPU MB alloc/reserved=276.0/1898.0
2026-04-11 16:17:08 | INFO | [Round 18] Epoch 11/80 time=00:01.72 avg=00:01.73 ETA=01:59.65 | GPU MB alloc/reserved=276.0/1898.0
2026-04-11 16:17:10 | INFO | [Round 18] epoch=12/80 loss=1.5889 acc=36.30 val_acc=nan data_t=0.0015s batch_t=0.0941s epoch_t=00:01.72 lr=0.000946 | GPU MB alloc/reserved=276.0/1898.0
2026-04-11 16:17:10 | INFO | [Round 18] Epoch 12/80 time=00:01.72 avg=00:01.73 ETA=01:57.85 | GPU MB alloc/reserved=276.0/1898.0
2026-04-11 16:17:11 | INFO | [Round 18] epoch=13/80 loss=1.5308 acc=40.96 val_acc=nan data_t=0.0017s batch_t=0.0939s epoch_t=00:01.72 lr=0.000937 | GPU MB alloc/reserved=276.0/1898.0
2026-04-11 16:17:11 | INFO | [Round 18] Epoch 13/80 time=00:01.72 avg=00:01.73 ETA=01:56.06 | GPU MB alloc/reserved=276.0/1898.0
2026-04-11 16:17:13 | INFO | [Round 18] epoch=14/80 loss=1.5176 acc=40.65 val_acc=nan data_t=0.0021s batch_t=0.0942s epoch_t=00:01.73 lr=0.000927 | GPU MB alloc/reserved=276.0/1898.0
2026-04-11 16:17:13 | INFO | [Round 18] Epoch 14/80 time=00:01.73 avg=00:01.73 ETA=01:54.33 | GPU MB alloc/reserved=276.0/1898.0
2026-04-11 16:17:15 | INFO | [Round 18] epoch=15/80 loss=1.4809 acc=42.13 val_acc=nan data_t=0.0022s batch_t=0.0936s epoch_t=00:01.73 lr=0.000917 | GPU MB alloc/reserved=276.0/1898.0
2026-04-11 16:17:15 | INFO | [Round 18] Epoch 15/80 time=00:01.73 avg=00:01.73 ETA=01:52.57 | GPU MB alloc/reserved=276.0/1898.0
2026-04-11 16:17:16 | INFO | [Round 18] epoch=16/80 loss=1.4290 acc=44.04 val_acc=nan data_t=0.0025s batch_t=0.0940s epoch_t=00:01.74 lr=0.000905 | GPU MB alloc/reserved=276.0/1898.0
2026-04-11 16:17:16 | INFO | [Round 18] Epoch 16/80 time=00:01.74 avg=00:01.73 ETA=01:50.86 | GPU MB alloc/reserved=276.0/1898.0
2026-04-11 16:17:18 | INFO | [Round 18] epoch=17/80 loss=1.4067 acc=45.04 val_acc=nan data_t=0.0019s batch_t=0.0940s epoch_t=00:01.73 lr=0.000894 | GPU MB alloc/reserved=276.0/1898.0
2026-04-11 16:17:18 | INFO | [Round 18] Epoch 17/80 time=00:01.73 avg=00:01.73 ETA=01:49.11 | GPU MB alloc/reserved=276.0/1898.0
2026-04-11 16:17:20 | INFO | [Round 18] epoch=18/80 loss=1.3633 acc=46.78 val_acc=nan data_t=0.0016s batch_t=0.0936s epoch_t=00:01.72 lr=0.000881 | GPU MB alloc/reserved=276.0/1898.0
2026-04-11 16:17:20 | INFO | [Round 18] Epoch 18/80 time=00:01.72 avg=00:01.73 ETA=01:47.32 | GPU MB alloc/reserved=276.0/1898.0
2026-04-11 16:17:22 | INFO | [Round 18] epoch=19/80 loss=1.3211 acc=47.17 val_acc=nan data_t=0.0017s batch_t=0.0938s epoch_t=00:01.72 lr=0.000868 | GPU MB alloc/reserved=276.0/1898.0
2026-04-11 16:17:22 | INFO | [Round 18] Epoch 19/80 time=00:01.72 avg=00:01.73 ETA=01:45.55 | GPU MB alloc/reserved=276.0/1898.0
2026-04-11 16:17:23 | INFO | [Round 18] epoch=20/80 loss=1.2347 acc=52.57 val_acc=nan data_t=0.0020s batch_t=0.0938s epoch_t=00:01.72 lr=0.000855 | GPU MB alloc/reserved=276.0/1898.0
2026-04-11 16:17:23 | INFO | [Round 18] Epoch 20/80 time=00:01.72 avg=00:01.73 ETA=01:43.80 | GPU MB alloc/reserved=276.0/1898.0
2026-04-11 16:17:25 | INFO | [Round 18] epoch=21/80 loss=1.2159 acc=53.13 val_acc=nan data_t=0.0031s batch_t=0.0934s epoch_t=00:01.74 lr=0.000841 | GPU MB alloc/reserved=276.0/1898.0
2026-04-11 16:17:25 | INFO | [Round 18] Epoch 21/80 time=00:01.74 avg=00:01.73 ETA=01:42.10 | GPU MB alloc/reserved=276.0/1898.0
2026-04-11 16:17:27 | INFO | [Round 18] epoch=22/80 loss=1.2243 acc=51.22 val_acc=nan data_t=0.0015s batch_t=0.0939s epoch_t=00:01.72 lr=0.000826 | GPU MB alloc/reserved=276.0/1898.0
2026-04-11 16:17:27 | INFO | [Round 18] Epoch 22/80 time=00:01.72 avg=00:01.73 ETA=01:40.33 | GPU MB alloc/reserved=276.0/1898.0
2026-04-11 16:17:29 | INFO | [Round 18] epoch=23/80 loss=1.1391 acc=55.65 val_acc=nan data_t=0.0027s batch_t=0.0930s epoch_t=00:01.72 lr=0.000811 | GPU MB alloc/reserved=276.0/1898.0
2026-04-11 16:17:29 | INFO | [Round 18] Epoch 23/80 time=00:01.72 avg=00:01.73 ETA=01:38.59 | GPU MB alloc/reserved=276.0/1898.0
2026-04-11 16:17:30 | INFO | [Round 18] epoch=24/80 loss=1.0747 acc=57.52 val_acc=nan data_t=0.0016s batch_t=0.0936s epoch_t=00:01.71 lr=0.000796 | GPU MB alloc/reserved=276.0/1898.0
2026-04-11 16:17:30 | INFO | [Round 18] Epoch 24/80 time=00:01.71 avg=00:01.73 ETA=01:36.83 | GPU MB alloc/reserved=276.0/1898.0
2026-04-11 16:17:32 | INFO | [Round 18] epoch=25/80 loss=1.0385 acc=59.30 val_acc=nan data_t=0.0029s batch_t=0.0931s epoch_t=00:01.73 lr=0.000780 | GPU MB alloc/reserved=276.0/1898.0
2026-04-11 16:17:32 | INFO | [Round 18] Epoch 25/80 time=00:01.73 avg=00:01.73 ETA=01:35.10 | GPU MB alloc/reserved=276.0/1898.0
2026-04-11 16:17:34 | INFO | [Round 18] epoch=26/80 loss=0.9704 acc=62.52 val_acc=nan data_t=0.0019s batch_t=0.0938s epoch_t=00:01.72 lr=0.000764 | GPU MB alloc/reserved=276.0/1898.0
2026-04-11 16:17:34 | INFO | [Round 18] Epoch 26/80 time=00:01.72 avg=00:01.73 ETA=01:33.36 | GPU MB alloc/reserved=276.0/1898.0
2026-04-11 16:17:35 | INFO | [Round 18] epoch=27/80 loss=0.9627 acc=63.52 val_acc=nan data_t=0.0023s batch_t=0.0929s epoch_t=00:01.71 lr=0.000747 | GPU MB alloc/reserved=276.0/1898.0
2026-04-11 16:17:35 | INFO | [Round 18] Epoch 27/80 time=00:01.71 avg=00:01.73 ETA=01:31.60 | GPU MB alloc/reserved=276.0/1898.0
2026-04-11 16:17:37 | INFO | [Round 18] epoch=28/80 loss=0.8988 acc=65.09 val_acc=nan data_t=0.0018s batch_t=0.0938s epoch_t=00:01.72 lr=0.000730 | GPU MB alloc/reserved=276.0/1898.0
2026-04-11 16:17:37 | INFO | [Round 18] Epoch 28/80 time=00:01.72 avg=00:01.73 ETA=01:29.86 | GPU MB alloc/reserved=276.0/1898.0
2026-04-11 16:17:39 | INFO | [Round 18] epoch=29/80 loss=0.8627 acc=67.26 val_acc=nan data_t=0.0017s batch_t=0.0940s epoch_t=00:01.72 lr=0.000712 | GPU MB alloc/reserved=276.0/1898.0
2026-04-11 16:17:39 | INFO | [Round 18] Epoch 29/80 time=00:01.72 avg=00:01.73 ETA=01:28.12 | GPU MB alloc/reserved=276.0/1898.0
2026-04-11 16:17:41 | INFO | [Round 18] epoch=30/80 loss=0.8628 acc=66.30 val_acc=nan data_t=0.0017s batch_t=0.0935s epoch_t=00:01.72 lr=0.000694 | GPU MB alloc/reserved=276.0/1898.0
2026-04-11 16:17:41 | INFO | [Round 18] Epoch 30/80 time=00:01.72 avg=00:01.73 ETA=01:26.37 | GPU MB alloc/reserved=276.0/1898.0
2026-04-11 16:17:42 | INFO | [Round 18] epoch=31/80 loss=0.7773 acc=70.13 val_acc=nan data_t=0.0018s batch_t=0.0933s epoch_t=00:01.71 lr=0.000676 | GPU MB alloc/reserved=276.0/1898.0
2026-04-11 16:17:42 | INFO | [Round 18] Epoch 31/80 time=00:01.71 avg=00:01.73 ETA=01:24.62 | GPU MB alloc/reserved=276.0/1898.0
2026-04-11 16:17:44 | INFO | [Round 18] epoch=32/80 loss=0.6980 acc=73.70 val_acc=nan data_t=0.0014s batch_t=0.0946s epoch_t=00:01.73 lr=0.000658 | GPU MB alloc/reserved=276.0/1898.0
2026-04-11 16:17:44 | INFO | [Round 18] Epoch 32/80 time=00:01.73 avg=00:01.73 ETA=01:22.89 | GPU MB alloc/reserved=276.0/1898.0
2026-04-11 16:17:46 | INFO | [Round 18] epoch=33/80 loss=0.6453 acc=75.09 val_acc=nan data_t=0.0016s batch_t=0.0934s epoch_t=00:01.71 lr=0.000639 | GPU MB alloc/reserved=276.0/1898.0
2026-04-11 16:17:46 | INFO | [Round 18] Epoch 33/80 time=00:01.71 avg=00:01.73 ETA=01:21.14 | GPU MB alloc/reserved=276.0/1898.0
2026-04-11 16:17:48 | INFO | [Round 18] epoch=34/80 loss=0.6378 acc=75.35 val_acc=nan data_t=0.0019s batch_t=0.0945s epoch_t=00:01.74 lr=0.000621 | GPU MB alloc/reserved=276.0/1898.0
2026-04-11 16:17:48 | INFO | [Round 18] Epoch 34/80 time=00:01.74 avg=00:01.73 ETA=01:19.43 | GPU MB alloc/reserved=276.0/1898.0
2026-04-11 16:17:49 | INFO | [Round 18] epoch=35/80 loss=0.5912 acc=78.09 val_acc=nan data_t=0.0024s batch_t=0.0939s epoch_t=00:01.73 lr=0.000602 | GPU MB alloc/reserved=276.0/1898.0
2026-04-11 16:17:49 | INFO | [Round 18] Epoch 35/80 time=00:01.73 avg=00:01.73 ETA=01:17.71 | GPU MB alloc/reserved=276.0/1898.0
2026-04-11 16:17:51 | INFO | [Round 18] epoch=36/80 loss=0.5704 acc=78.83 val_acc=nan data_t=0.0016s batch_t=0.0938s epoch_t=00:01.72 lr=0.000582 | GPU MB alloc/reserved=276.0/1898.0
2026-04-11 16:17:51 | INFO | [Round 18] Epoch 36/80 time=00:01.72 avg=00:01.73 ETA=01:15.97 | GPU MB alloc/reserved=276.0/1898.0
2026-04-11 16:17:53 | INFO | [Round 18] epoch=37/80 loss=0.4873 acc=82.13 val_acc=nan data_t=0.0018s batch_t=0.0938s epoch_t=00:01.72 lr=0.000563 | GPU MB alloc/reserved=276.0/1898.0
2026-04-11 16:17:53 | INFO | [Round 18] Epoch 37/80 time=00:01.72 avg=00:01.73 ETA=01:14.24 | GPU MB alloc/reserved=276.0/1898.0
2026-04-11 16:17:54 | INFO | [Round 18] epoch=38/80 loss=0.4698 acc=81.74 val_acc=nan data_t=0.0014s batch_t=0.0941s epoch_t=00:01.72 lr=0.000544 | GPU MB alloc/reserved=276.0/1898.0
2026-04-11 16:17:54 | INFO | [Round 18] Epoch 38/80 time=00:01.72 avg=00:01.73 ETA=01:12.51 | GPU MB alloc/reserved=276.0/1898.0
2026-04-11 16:17:56 | INFO | [Round 18] epoch=39/80 loss=0.4567 acc=82.39 val_acc=nan data_t=0.0024s batch_t=0.0941s epoch_t=00:01.74 lr=0.000524 | GPU MB alloc/reserved=276.0/1898.0
2026-04-11 16:17:56 | INFO | [Round 18] Epoch 39/80 time=00:01.74 avg=00:01.73 ETA=01:10.79 | GPU MB alloc/reserved=276.0/1898.0
2026-04-11 16:17:58 | INFO | [Round 18] epoch=40/80 loss=0.3877 acc=85.48 val_acc=nan data_t=0.0018s batch_t=0.0939s epoch_t=00:01.72 lr=0.000505 | GPU MB alloc/reserved=276.0/1898.0
2026-04-11 16:17:58 | INFO | [Round 18] Epoch 40/80 time=00:01.72 avg=00:01.73 ETA=01:09.06 | GPU MB alloc/reserved=276.0/1898.0
2026-04-11 16:18:00 | INFO | [Round 18] epoch=41/80 loss=0.3649 acc=87.26 val_acc=nan data_t=0.0027s batch_t=0.0934s epoch_t=00:01.73 lr=0.000486 | GPU MB alloc/reserved=276.0/1898.0
2026-04-11 16:18:00 | INFO | [Round 18] Epoch 41/80 time=00:01.73 avg=00:01.73 ETA=01:07.34 | GPU MB alloc/reserved=276.0/1898.0
2026-04-11 16:18:01 | INFO | [Round 18] epoch=42/80 loss=0.3394 acc=88.35 val_acc=nan data_t=0.0023s batch_t=0.0937s epoch_t=00:01.73 lr=0.000466 | GPU MB alloc/reserved=276.0/1898.0
2026-04-11 16:18:01 | INFO | [Round 18] Epoch 42/80 time=00:01.73 avg=00:01.73 ETA=01:05.61 | GPU MB alloc/reserved=276.0/1898.0
2026-04-11 16:18:03 | INFO | [Round 18] epoch=43/80 loss=0.3547 acc=86.74 val_acc=nan data_t=0.0026s batch_t=0.0934s epoch_t=00:01.73 lr=0.000447 | GPU MB alloc/reserved=276.0/1898.0
2026-04-11 16:18:03 | INFO | [Round 18] Epoch 43/80 time=00:01.73 avg=00:01.73 ETA=01:03.89 | GPU MB alloc/reserved=276.0/1898.0
2026-04-11 16:18:05 | INFO | [Round 18] epoch=44/80 loss=0.2758 acc=91.00 val_acc=nan data_t=0.0016s batch_t=0.0936s epoch_t=00:01.71 lr=0.000428 | GPU MB alloc/reserved=276.0/1898.0
2026-04-11 16:18:05 | INFO | [Round 18] Epoch 44/80 time=00:01.71 avg=00:01.73 ETA=01:02.15 | GPU MB alloc/reserved=276.0/1898.0
2026-04-11 16:18:07 | INFO | [Round 18] epoch=45/80 loss=0.2576 acc=90.61 val_acc=nan data_t=0.0017s batch_t=0.0947s epoch_t=00:01.74 lr=0.000408 | GPU MB alloc/reserved=276.0/1898.0
2026-04-11 16:18:07 | INFO | [Round 18] Epoch 45/80 time=00:01.74 avg=00:01.73 ETA=01:00.43 | GPU MB alloc/reserved=276.0/1898.0
2026-04-11 16:18:08 | INFO | [Round 18] epoch=46/80 loss=0.2215 acc=92.35 val_acc=nan data_t=0.0017s batch_t=0.0944s epoch_t=00:01.73 lr=0.000389 | GPU MB alloc/reserved=276.0/1898.0
2026-04-11 16:18:08 | INFO | [Round 18] Epoch 46/80 time=00:01.73 avg=00:01.73 ETA=00:58.71 | GPU MB alloc/reserved=276.0/1898.0
2026-04-11 16:18:10 | INFO | [Round 18] epoch=47/80 loss=0.1795 acc=94.91 val_acc=nan data_t=0.0015s batch_t=0.0936s epoch_t=00:01.71 lr=0.000371 | GPU MB alloc/reserved=276.0/1898.0
2026-04-11 16:18:10 | INFO | [Round 18] Epoch 47/80 time=00:01.71 avg=00:01.73 ETA=00:56.97 | GPU MB alloc/reserved=276.0/1898.0
2026-04-11 16:18:12 | INFO | [Round 18] epoch=48/80 loss=0.1705 acc=94.65 val_acc=nan data_t=0.0015s batch_t=0.0941s epoch_t=00:01.72 lr=0.000352 | GPU MB alloc/reserved=276.0/1898.0
2026-04-11 16:18:12 | INFO | [Round 18] Epoch 48/80 time=00:01.72 avg=00:01.73 ETA=00:55.24 | GPU MB alloc/reserved=276.0/1898.0
2026-04-11 16:18:14 | INFO | [Round 18] epoch=49/80 loss=0.1337 acc=95.70 val_acc=nan data_t=0.0027s batch_t=0.0944s epoch_t=00:01.75 lr=0.000334 | GPU MB alloc/reserved=276.0/1898.0
2026-04-11 16:18:14 | INFO | [Round 18] Epoch 49/80 time=00:01.75 avg=00:01.73 ETA=00:53.53 | GPU MB alloc/reserved=276.0/1898.0
2026-04-11 16:18:15 | INFO | [Round 18] epoch=50/80 loss=0.1098 acc=96.74 val_acc=nan data_t=0.0023s batch_t=0.0937s epoch_t=00:01.73 lr=0.000316 | GPU MB alloc/reserved=276.0/1898.0
2026-04-11 16:18:15 | INFO | [Round 18] Epoch 50/80 time=00:01.73 avg=00:01.73 ETA=00:51.80 | GPU MB alloc/reserved=276.0/1898.0
2026-04-11 16:18:17 | INFO | [Round 18] epoch=51/80 loss=0.0925 acc=97.35 val_acc=nan data_t=0.0018s batch_t=0.0937s epoch_t=00:01.72 lr=0.000298 | GPU MB alloc/reserved=276.0/1898.0
2026-04-11 16:18:17 | INFO | [Round 18] Epoch 51/80 time=00:01.72 avg=00:01.73 ETA=00:50.07 | GPU MB alloc/reserved=276.0/1898.0
2026-04-11 16:18:19 | INFO | [Round 18] epoch=52/80 loss=0.0875 acc=97.52 val_acc=nan data_t=0.0018s batch_t=0.0940s epoch_t=00:01.72 lr=0.000280 | GPU MB alloc/reserved=276.0/1898.0
2026-04-11 16:18:19 | INFO | [Round 18] Epoch 52/80 time=00:01.72 avg=00:01.73 ETA=00:48.34 | GPU MB alloc/reserved=276.0/1898.0
2026-04-11 16:18:20 | INFO | [Round 18] epoch=53/80 loss=0.0851 acc=97.39 val_acc=nan data_t=0.0017s batch_t=0.0949s epoch_t=00:01.74 lr=0.000263 | GPU MB alloc/reserved=276.0/1898.0
2026-04-11 16:18:20 | INFO | [Round 18] Epoch 53/80 time=00:01.74 avg=00:01.73 ETA=00:46.62 | GPU MB alloc/reserved=276.0/1898.0
2026-04-11 16:18:22 | INFO | [Round 18] epoch=54/80 loss=0.0695 acc=98.22 val_acc=nan data_t=0.0017s batch_t=0.0941s epoch_t=00:01.72 lr=0.000246 | GPU MB alloc/reserved=276.0/1898.0
2026-04-11 16:18:22 | INFO | [Round 18] Epoch 54/80 time=00:01.72 avg=00:01.73 ETA=00:44.90 | GPU MB alloc/reserved=276.0/1898.0
2026-04-11 16:18:24 | INFO | [Round 18] epoch=55/80 loss=0.0614 acc=98.43 val_acc=nan data_t=0.0017s batch_t=0.0935s epoch_t=00:01.71 lr=0.000230 | GPU MB alloc/reserved=276.0/1898.0
2026-04-11 16:18:24 | INFO | [Round 18] Epoch 55/80 time=00:01.71 avg=00:01.73 ETA=00:43.16 | GPU MB alloc/reserved=276.0/1898.0
2026-04-11 16:18:26 | INFO | [Round 18] epoch=56/80 loss=0.0575 acc=98.52 val_acc=nan data_t=0.0016s batch_t=0.0937s epoch_t=00:01.72 lr=0.000214 | GPU MB alloc/reserved=276.0/1898.0
2026-04-11 16:18:26 | INFO | [Round 18] Epoch 56/80 time=00:01.72 avg=00:01.73 ETA=00:41.43 | GPU MB alloc/reserved=276.0/1898.0
2026-04-11 16:18:27 | INFO | [Round 18] epoch=57/80 loss=0.0439 acc=99.09 val_acc=nan data_t=0.0016s batch_t=0.0936s epoch_t=00:01.71 lr=0.000199 | GPU MB alloc/reserved=276.0/1898.0
2026-04-11 16:18:27 | INFO | [Round 18] Epoch 57/80 time=00:01.71 avg=00:01.73 ETA=00:39.70 | GPU MB alloc/reserved=276.0/1898.0
2026-04-11 16:18:29 | INFO | [Round 18] epoch=58/80 loss=0.0334 acc=99.65 val_acc=nan data_t=0.0018s batch_t=0.0928s epoch_t=00:01.70 lr=0.000184 | GPU MB alloc/reserved=276.0/1898.0
2026-04-11 16:18:29 | INFO | [Round 18] Epoch 58/80 time=00:01.70 avg=00:01.73 ETA=00:37.97 | GPU MB alloc/reserved=276.0/1898.0
2026-04-11 16:18:31 | INFO | [Round 18] epoch=59/80 loss=0.0322 acc=99.48 val_acc=nan data_t=0.0018s batch_t=0.0948s epoch_t=00:01.74 lr=0.000169 | GPU MB alloc/reserved=276.0/1898.0
2026-04-11 16:18:31 | INFO | [Round 18] Epoch 59/80 time=00:01.74 avg=00:01.73 ETA=00:36.25 | GPU MB alloc/reserved=276.0/1898.0
2026-04-11 16:18:33 | INFO | [Round 18] epoch=60/80 loss=0.0252 acc=99.52 val_acc=nan data_t=0.0017s batch_t=0.0949s epoch_t=00:01.74 lr=0.000155 | GPU MB alloc/reserved=276.0/1898.0
2026-04-11 16:18:33 | INFO | [Round 18] Epoch 60/80 time=00:01.74 avg=00:01.73 ETA=00:34.52 | GPU MB alloc/reserved=276.0/1898.0
2026-04-11 16:18:34 | INFO | [Round 18] epoch=61/80 loss=0.0247 acc=99.78 val_acc=nan data_t=0.0018s batch_t=0.0947s epoch_t=00:01.74 lr=0.000142 | GPU MB alloc/reserved=276.0/1898.0
2026-04-11 16:18:34 | INFO | [Round 18] Epoch 61/80 time=00:01.74 avg=00:01.73 ETA=00:32.80 | GPU MB alloc/reserved=276.0/1898.0
2026-04-11 16:18:36 | INFO | [Round 18] epoch=62/80 loss=0.0225 acc=99.78 val_acc=nan data_t=0.0015s batch_t=0.0940s epoch_t=00:01.72 lr=0.000129 | GPU MB alloc/reserved=276.0/1898.0
2026-04-11 16:18:36 | INFO | [Round 18] Epoch 62/80 time=00:01.72 avg=00:01.73 ETA=00:31.07 | GPU MB alloc/reserved=276.0/1898.0
2026-04-11 16:18:38 | INFO | [Round 18] epoch=63/80 loss=0.0212 acc=99.61 val_acc=nan data_t=0.0017s batch_t=0.0833s epoch_t=00:01.53 lr=0.000116 | GPU MB alloc/reserved=276.0/1898.0
2026-04-11 16:18:38 | INFO | [Round 18] Epoch 63/80 time=00:01.53 avg=00:01.72 ETA=00:29.29 | GPU MB alloc/reserved=276.0/1898.0
2026-04-11 16:18:39 | INFO | [Round 18] epoch=64/80 loss=0.0200 acc=99.74 val_acc=nan data_t=0.0016s batch_t=0.1004s epoch_t=00:01.84 lr=0.000105 | GPU MB alloc/reserved=276.0/1898.0
2026-04-11 16:18:39 | INFO | [Round 18] Epoch 64/80 time=00:01.84 avg=00:01.72 ETA=00:27.60 | GPU MB alloc/reserved=276.0/1898.0
2026-04-11 16:18:41 | INFO | [Round 18] epoch=65/80 loss=0.0178 acc=99.78 val_acc=nan data_t=0.0017s batch_t=0.1000s epoch_t=00:01.83 lr=0.000093 | GPU MB alloc/reserved=276.0/1898.0
2026-04-11 16:18:41 | INFO | [Round 18] Epoch 65/80 time=00:01.83 avg=00:01.73 ETA=00:25.90 | GPU MB alloc/reserved=276.0/1898.0
2026-04-11 16:18:43 | INFO | [Round 18] epoch=66/80 loss=0.0161 acc=99.87 val_acc=nan data_t=0.0019s batch_t=0.1017s epoch_t=00:01.86 lr=0.000083 | GPU MB alloc/reserved=276.0/1898.0
2026-04-11 16:18:43 | INFO | [Round 18] Epoch 66/80 time=00:01.86 avg=00:01.73 ETA=00:24.20 | GPU MB alloc/reserved=276.0/1898.0
2026-04-11 16:18:45 | INFO | [Round 18] epoch=67/80 loss=0.0138 acc=99.78 val_acc=nan data_t=0.0015s batch_t=0.1018s epoch_t=00:01.86 lr=0.000073 | GPU MB alloc/reserved=276.0/1898.0
2026-04-11 16:18:45 | INFO | [Round 18] Epoch 67/80 time=00:01.86 avg=00:01.73 ETA=00:22.50 | GPU MB alloc/reserved=276.0/1898.0
2026-04-11 16:18:47 | INFO | [Round 18] epoch=68/80 loss=0.0165 acc=99.78 val_acc=nan data_t=0.0015s batch_t=0.0887s epoch_t=00:01.62 lr=0.000064 | GPU MB alloc/reserved=276.0/1898.0
2026-04-11 16:18:47 | INFO | [Round 18] Epoch 68/80 time=00:01.62 avg=00:01.73 ETA=00:20.75 | GPU MB alloc/reserved=276.0/1898.0
2026-04-11 16:18:48 | INFO | [Round 18] epoch=69/80 loss=0.0139 acc=99.87 val_acc=nan data_t=0.0017s batch_t=0.0712s epoch_t=00:01.31 lr=0.000055 | GPU MB alloc/reserved=276.0/1898.0
2026-04-11 16:18:48 | INFO | [Round 18] Epoch 69/80 time=00:01.31 avg=00:01.72 ETA=00:18.95 | GPU MB alloc/reserved=276.0/1898.0
2026-04-11 16:18:49 | INFO | [Round 18] epoch=70/80 loss=0.0150 acc=99.83 val_acc=nan data_t=0.0017s batch_t=0.0631s epoch_t=00:01.17 lr=0.000048 | GPU MB alloc/reserved=276.0/1898.0
2026-04-11 16:18:49 | INFO | [Round 18] Epoch 70/80 time=00:01.17 avg=00:01.72 ETA=00:17.15 | GPU MB alloc/reserved=276.0/1898.0
2026-04-11 16:18:51 | INFO | [Round 18] epoch=71/80 loss=0.0124 acc=99.91 val_acc=nan data_t=0.0025s batch_t=0.0938s epoch_t=00:01.73 lr=0.000041 | GPU MB alloc/reserved=276.0/1898.0
2026-04-11 16:18:51 | INFO | [Round 18] Epoch 71/80 time=00:01.73 avg=00:01.72 ETA=00:15.44 | GPU MB alloc/reserved=276.0/1898.0
2026-04-11 16:18:52 | INFO | [Round 18] epoch=72/80 loss=0.0104 acc=99.96 val_acc=nan data_t=0.0025s batch_t=0.0928s epoch_t=00:01.71 lr=0.000034 | GPU MB alloc/reserved=276.0/1898.0
2026-04-11 16:18:52 | INFO | [Round 18] Epoch 72/80 time=00:01.71 avg=00:01.72 ETA=00:13.72 | GPU MB alloc/reserved=276.0/1898.0
2026-04-11 16:18:54 | INFO | [Round 18] epoch=73/80 loss=0.0104 acc=100.00 val_acc=nan data_t=0.0024s batch_t=0.0930s epoch_t=00:01.72 lr=0.000029 | GPU MB alloc/reserved=276.0/1898.0
2026-04-11 16:18:54 | INFO | [Round 18] Epoch 73/80 time=00:01.72 avg=00:01.72 ETA=00:12.01 | GPU MB alloc/reserved=276.0/1898.0
2026-04-11 16:18:56 | INFO | [Round 18] epoch=74/80 loss=0.0101 acc=99.96 val_acc=nan data_t=0.0026s batch_t=0.0918s epoch_t=00:01.70 lr=0.000024 | GPU MB alloc/reserved=276.0/1898.0
2026-04-11 16:18:56 | INFO | [Round 18] Epoch 74/80 time=00:01.70 avg=00:01.72 ETA=00:10.29 | GPU MB alloc/reserved=276.0/1898.0
2026-04-11 16:18:58 | INFO | [Round 18] epoch=75/80 loss=0.0115 acc=100.00 val_acc=nan data_t=0.0019s batch_t=0.0922s epoch_t=00:01.69 lr=0.000020 | GPU MB alloc/reserved=276.0/1898.0
2026-04-11 16:18:58 | INFO | [Round 18] Epoch 75/80 time=00:01.69 avg=00:01.71 ETA=00:08.57 | GPU MB alloc/reserved=276.0/1898.0
2026-04-11 16:18:59 | INFO | [Round 18] epoch=76/80 loss=0.0125 acc=100.00 val_acc=nan data_t=0.0019s batch_t=0.0859s epoch_t=00:01.58 lr=0.000016 | GPU MB alloc/reserved=276.0/1898.0
2026-04-11 16:18:59 | INFO | [Round 18] Epoch 76/80 time=00:01.58 avg=00:01.71 ETA=00:06.85 | GPU MB alloc/reserved=276.0/1898.0
2026-04-11 16:19:01 | INFO | [Round 18] epoch=77/80 loss=0.0128 acc=100.00 val_acc=nan data_t=0.0015s batch_t=0.1004s epoch_t=00:01.84 lr=0.000013 | GPU MB alloc/reserved=276.0/1898.0
2026-04-11 16:19:01 | INFO | [Round 18] Epoch 77/80 time=00:01.84 avg=00:01.71 ETA=00:05.14 | GPU MB alloc/reserved=276.0/1898.0
2026-04-11 16:19:03 | INFO | [Round 18] epoch=78/80 loss=0.0101 acc=99.96 val_acc=nan data_t=0.0016s batch_t=0.1006s epoch_t=00:01.84 lr=0.000012 | GPU MB alloc/reserved=276.0/1898.0
2026-04-11 16:19:03 | INFO | [Round 18] Epoch 78/80 time=00:01.84 avg=00:01.72 ETA=00:03.43 | GPU MB alloc/reserved=276.0/1898.0
2026-04-11 16:19:05 | INFO | [Round 18] epoch=79/80 loss=0.0131 acc=99.91 val_acc=nan data_t=0.0018s batch_t=0.1021s epoch_t=00:01.87 lr=0.000010 | GPU MB alloc/reserved=276.0/1898.0
2026-04-11 16:19:05 | INFO | [Round 18] Epoch 79/80 time=00:01.87 avg=00:01.72 ETA=00:01.72 | GPU MB alloc/reserved=276.0/1898.0
2026-04-11 16:19:07 | INFO | [Round 18] epoch=80/80 loss=0.0100 acc=100.00 val_acc=nan data_t=0.0016s batch_t=0.1036s epoch_t=00:01.90 lr=0.000010 | GPU MB alloc/reserved=276.0/1898.0
2026-04-11 16:19:07 | INFO | [Round 18] Epoch 80/80 time=00:01.90 avg=00:01.72 ETA=00:00.00 | GPU MB alloc/reserved=276.0/1898.0
2026-04-11 16:19:07 | INFO | [Round 18] training complete in 02:18.00 (best monitor=100.000) | GPU MB alloc/reserved=276.0/1898.0
2026-04-11 16:19:07 | INFO | [Round 18] evaluation started | GPU MB alloc/reserved=189.7/1898.0
2026-04-11 16:19:15 | INFO | [Round 18] clean=67.61 fgsm=55.07 pgd=54.69 grad_disp_mean=nan grad_disp_sel=nan round_t=148.11s | GPU MB alloc/reserved=189.7/1898.0
2026-04-11 16:19:15 | INFO | [Round 19/21] elapsed=02:28.11 avg_round=01:35.06 projected_remaining=03:10.11 | GPU MB alloc/reserved=189.7/1898.0
2026-04-11 16:19:16 | INFO | [Round 19] acquisition on pool_size=47700 scored_pool=5000 budget=100 | GPU MB alloc/reserved=103.6/1898.0
2026-04-11 16:19:16 | INFO | [BADGE] scoring progress 10/20 elapsed=00:00.38 avg/batch=0.038s ETA=00:00.38 | GPU MB alloc/reserved=112.3/1898.0
2026-04-11 16:19:17 | INFO | [BADGE] scoring progress 20/20 elapsed=00:00.57 avg/batch=0.029s ETA=00:00.00 | GPU MB alloc/reserved=108.3/1898.0
2026-04-11 16:19:18 | INFO | [Round 19] labeled=2400 train=2400 val_fixed=0 | GPU MB alloc/reserved=147.9/1898.0
2026-04-11 16:19:20 | INFO | [Round 19] epoch=1/80 loss=2.2698 acc=17.54 val_acc=nan data_t=0.0095s batch_t=0.0956s epoch_t=00:02.00 lr=0.001000 | GPU MB alloc/reserved=278.7/1898.0
2026-04-11 16:19:20 | INFO | [Round 19] Epoch 1/80 time=00:02.00 avg=00:02.00 ETA=02:37.79 | GPU MB alloc/reserved=278.7/1898.0
2026-04-11 16:19:21 | INFO | [Round 19] epoch=2/80 loss=2.0508 acc=21.88 val_acc=nan data_t=0.0016s batch_t=0.0936s epoch_t=00:01.81 lr=0.000998 | GPU MB alloc/reserved=278.7/1898.0
2026-04-11 16:19:21 | INFO | [Round 19] Epoch 2/80 time=00:01.81 avg=00:01.90 ETA=02:28.44 | GPU MB alloc/reserved=278.7/1898.0
2026-04-11 16:19:23 | INFO | [Round 19] epoch=3/80 loss=1.9427 acc=25.92 val_acc=nan data_t=0.0015s batch_t=0.0931s epoch_t=00:01.80 lr=0.000997 | GPU MB alloc/reserved=278.7/1898.0
2026-04-11 16:19:23 | INFO | [Round 19] Epoch 3/80 time=00:01.80 avg=00:01.87 ETA=02:23.84 | GPU MB alloc/reserved=278.7/1898.0
2026-04-11 16:19:25 | INFO | [Round 19] epoch=4/80 loss=1.9325 acc=25.54 val_acc=nan data_t=0.0020s batch_t=0.0933s epoch_t=00:01.81 lr=0.000994 | GPU MB alloc/reserved=278.7/1898.0
2026-04-11 16:19:25 | INFO | [Round 19] Epoch 4/80 time=00:01.81 avg=00:01.85 ETA=02:20.86 | GPU MB alloc/reserved=278.7/1898.0
2026-04-11 16:19:27 | INFO | [Round 19] epoch=5/80 loss=1.8939 acc=26.29 val_acc=nan data_t=0.0015s batch_t=0.0937s epoch_t=00:01.81 lr=0.000990 | GPU MB alloc/reserved=278.7/1898.0
2026-04-11 16:19:27 | INFO | [Round 19] Epoch 5/80 time=00:01.81 avg=00:01.84 ETA=02:18.33 | GPU MB alloc/reserved=278.7/1898.0
2026-04-11 16:19:29 | INFO | [Round 19] epoch=6/80 loss=1.8396 acc=29.63 val_acc=nan data_t=0.0016s batch_t=0.0935s epoch_t=00:01.81 lr=0.000986 | GPU MB alloc/reserved=278.7/1898.0
2026-04-11 16:19:29 | INFO | [Round 19] Epoch 6/80 time=00:01.81 avg=00:01.84 ETA=02:16.05 | GPU MB alloc/reserved=278.7/1898.0
2026-04-11 16:19:31 | INFO | [Round 19] epoch=7/80 loss=1.8066 acc=28.88 val_acc=nan data_t=0.0027s batch_t=0.0935s epoch_t=00:01.83 lr=0.000981 | GPU MB alloc/reserved=278.7/1898.0
2026-04-11 16:19:31 | INFO | [Round 19] Epoch 7/80 time=00:01.83 avg=00:01.84 ETA=02:14.10 | GPU MB alloc/reserved=278.7/1898.0
2026-04-11 16:19:32 | INFO | [Round 19] epoch=8/80 loss=1.7753 acc=30.54 val_acc=nan data_t=0.0020s batch_t=0.0934s epoch_t=00:01.81 lr=0.000976 | GPU MB alloc/reserved=278.7/1898.0
2026-04-11 16:19:32 | INFO | [Round 19] Epoch 8/80 time=00:01.81 avg=00:01.83 ETA=02:12.05 | GPU MB alloc/reserved=278.7/1898.0
2026-04-11 16:19:34 | INFO | [Round 19] epoch=9/80 loss=1.7292 acc=31.92 val_acc=nan data_t=0.0014s batch_t=0.0933s epoch_t=00:01.80 lr=0.000969 | GPU MB alloc/reserved=278.7/1898.0
2026-04-11 16:19:34 | INFO | [Round 19] Epoch 9/80 time=00:01.80 avg=00:01.83 ETA=02:09.95 | GPU MB alloc/reserved=278.7/1898.0
2026-04-11 16:19:36 | INFO | [Round 19] epoch=10/80 loss=1.7076 acc=33.38 val_acc=nan data_t=0.0021s batch_t=0.0931s epoch_t=00:01.81 lr=0.000962 | GPU MB alloc/reserved=278.7/1898.0
2026-04-11 16:19:36 | INFO | [Round 19] Epoch 10/80 time=00:01.81 avg=00:01.83 ETA=02:07.96 | GPU MB alloc/reserved=278.7/1898.0
2026-04-11 16:19:38 | INFO | [Round 19] epoch=11/80 loss=1.6665 acc=33.50 val_acc=nan data_t=0.0027s batch_t=0.0937s epoch_t=00:01.83 lr=0.000955 | GPU MB alloc/reserved=278.7/1898.0
2026-04-11 16:19:38 | INFO | [Round 19] Epoch 11/80 time=00:01.83 avg=00:01.83 ETA=02:06.15 | GPU MB alloc/reserved=278.7/1898.0
2026-04-11 16:19:40 | INFO | [Round 19] epoch=12/80 loss=1.6354 acc=35.79 val_acc=nan data_t=0.0015s batch_t=0.0938s epoch_t=00:01.81 lr=0.000946 | GPU MB alloc/reserved=278.7/1898.0
2026-04-11 16:19:40 | INFO | [Round 19] Epoch 12/80 time=00:01.81 avg=00:01.83 ETA=02:04.23 | GPU MB alloc/reserved=278.7/1898.0
2026-04-11 16:19:41 | INFO | [Round 19] epoch=13/80 loss=1.6207 acc=36.25 val_acc=nan data_t=0.0029s batch_t=0.0934s epoch_t=00:01.83 lr=0.000937 | GPU MB alloc/reserved=278.7/1898.0
2026-04-11 16:19:41 | INFO | [Round 19] Epoch 13/80 time=00:01.83 avg=00:01.83 ETA=02:02.42 | GPU MB alloc/reserved=278.7/1898.0
2026-04-11 16:19:43 | INFO | [Round 19] epoch=14/80 loss=1.5377 acc=39.42 val_acc=nan data_t=0.0017s batch_t=0.0929s epoch_t=00:01.80 lr=0.000927 | GPU MB alloc/reserved=278.7/1898.0
2026-04-11 16:19:43 | INFO | [Round 19] Epoch 14/80 time=00:01.80 avg=00:01.83 ETA=02:00.45 | GPU MB alloc/reserved=278.7/1898.0
2026-04-11 16:19:45 | INFO | [Round 19] epoch=15/80 loss=1.4941 acc=40.92 val_acc=nan data_t=0.0017s batch_t=0.0938s epoch_t=00:01.81 lr=0.000917 | GPU MB alloc/reserved=278.7/1898.0
2026-04-11 16:19:45 | INFO | [Round 19] Epoch 15/80 time=00:01.81 avg=00:01.82 ETA=01:58.58 | GPU MB alloc/reserved=278.7/1898.0
2026-04-11 16:19:47 | INFO | [Round 19] epoch=16/80 loss=1.5083 acc=40.79 val_acc=nan data_t=0.0016s batch_t=0.0932s epoch_t=00:01.80 lr=0.000905 | GPU MB alloc/reserved=278.7/1898.0
2026-04-11 16:19:47 | INFO | [Round 19] Epoch 16/80 time=00:01.80 avg=00:01.82 ETA=01:56.67 | GPU MB alloc/reserved=278.7/1898.0
2026-04-11 16:19:49 | INFO | [Round 19] epoch=17/80 loss=1.4455 acc=42.75 val_acc=nan data_t=0.0015s batch_t=0.0939s epoch_t=00:01.81 lr=0.000894 | GPU MB alloc/reserved=278.7/1898.0
2026-04-11 16:19:49 | INFO | [Round 19] Epoch 17/80 time=00:01.81 avg=00:01.82 ETA=01:54.81 | GPU MB alloc/reserved=278.7/1898.0
2026-04-11 16:19:50 | INFO | [Round 19] epoch=18/80 loss=1.4073 acc=43.96 val_acc=nan data_t=0.0016s batch_t=0.0912s epoch_t=00:01.76 lr=0.000881 | GPU MB alloc/reserved=278.7/1898.0
2026-04-11 16:19:50 | INFO | [Round 19] Epoch 18/80 time=00:01.76 avg=00:01.82 ETA=01:52.79 | GPU MB alloc/reserved=278.7/1898.0
2026-04-11 16:19:52 | INFO | [Round 19] epoch=19/80 loss=1.3600 acc=45.96 val_acc=nan data_t=0.0019s batch_t=0.0942s epoch_t=00:01.83 lr=0.000868 | GPU MB alloc/reserved=278.7/1898.0
2026-04-11 16:19:52 | INFO | [Round 19] Epoch 19/80 time=00:01.83 avg=00:01.82 ETA=01:50.99 | GPU MB alloc/reserved=278.7/1898.0
2026-04-11 16:19:54 | INFO | [Round 19] epoch=20/80 loss=1.3366 acc=48.04 val_acc=nan data_t=0.0021s batch_t=0.0932s epoch_t=00:01.81 lr=0.000855 | GPU MB alloc/reserved=278.7/1898.0
2026-04-11 16:19:54 | INFO | [Round 19] Epoch 20/80 time=00:01.81 avg=00:01.82 ETA=01:49.14 | GPU MB alloc/reserved=278.7/1898.0
2026-04-11 16:19:56 | INFO | [Round 19] epoch=21/80 loss=1.2927 acc=50.13 val_acc=nan data_t=0.0015s batch_t=0.0932s epoch_t=00:01.80 lr=0.000841 | GPU MB alloc/reserved=278.7/1898.0
2026-04-11 16:19:56 | INFO | [Round 19] Epoch 21/80 time=00:01.80 avg=00:01.82 ETA=01:47.27 | GPU MB alloc/reserved=278.7/1898.0
2026-04-11 16:19:58 | INFO | [Round 19] epoch=22/80 loss=1.2707 acc=49.50 val_acc=nan data_t=0.0016s batch_t=0.0930s epoch_t=00:01.80 lr=0.000826 | GPU MB alloc/reserved=278.7/1898.0
2026-04-11 16:19:58 | INFO | [Round 19] Epoch 22/80 time=00:01.80 avg=00:01.82 ETA=01:45.39 | GPU MB alloc/reserved=278.7/1898.0
2026-04-11 16:20:00 | INFO | [Round 19] epoch=23/80 loss=1.2090 acc=53.67 val_acc=nan data_t=0.0014s batch_t=0.0935s epoch_t=00:01.80 lr=0.000811 | GPU MB alloc/reserved=278.7/1898.0
2026-04-11 16:20:00 | INFO | [Round 19] Epoch 23/80 time=00:01.80 avg=00:01.82 ETA=01:43.54 | GPU MB alloc/reserved=278.7/1898.0
2026-04-11 16:20:01 | INFO | [Round 19] epoch=24/80 loss=1.1522 acc=54.96 val_acc=nan data_t=0.0015s batch_t=0.0923s epoch_t=00:01.78 lr=0.000796 | GPU MB alloc/reserved=278.7/1898.0
2026-04-11 16:20:01 | INFO | [Round 19] Epoch 24/80 time=00:01.78 avg=00:01.82 ETA=01:41.65 | GPU MB alloc/reserved=278.7/1898.0
2026-04-11 16:20:03 | INFO | [Round 19] epoch=25/80 loss=1.1136 acc=56.00 val_acc=nan data_t=0.0018s batch_t=0.0925s epoch_t=00:01.79 lr=0.000780 | GPU MB alloc/reserved=278.7/1898.0
2026-04-11 16:20:03 | INFO | [Round 19] Epoch 25/80 time=00:01.79 avg=00:01.81 ETA=01:39.78 | GPU MB alloc/reserved=278.7/1898.0
2026-04-11 16:20:05 | INFO | [Round 19] epoch=26/80 loss=1.0540 acc=58.33 val_acc=nan data_t=0.0015s batch_t=0.0935s epoch_t=00:01.80 lr=0.000764 | GPU MB alloc/reserved=278.7/1898.0
2026-04-11 16:20:05 | INFO | [Round 19] Epoch 26/80 time=00:01.80 avg=00:01.81 ETA=01:37.95 | GPU MB alloc/reserved=278.7/1898.0
2026-04-11 16:20:07 | INFO | [Round 19] epoch=27/80 loss=1.0413 acc=59.38 val_acc=nan data_t=0.0016s batch_t=0.0939s epoch_t=00:01.82 lr=0.000747 | GPU MB alloc/reserved=278.7/1898.0
2026-04-11 16:20:07 | INFO | [Round 19] Epoch 27/80 time=00:01.82 avg=00:01.81 ETA=01:36.14 | GPU MB alloc/reserved=278.7/1898.0
2026-04-11 16:20:09 | INFO | [Round 19] epoch=28/80 loss=1.0001 acc=61.21 val_acc=nan data_t=0.0022s batch_t=0.0944s epoch_t=00:01.84 lr=0.000730 | GPU MB alloc/reserved=278.7/1898.0
2026-04-11 16:20:09 | INFO | [Round 19] Epoch 28/80 time=00:01.84 avg=00:01.81 ETA=01:34.36 | GPU MB alloc/reserved=278.7/1898.0
2026-04-11 16:20:10 | INFO | [Round 19] epoch=29/80 loss=0.9298 acc=62.88 val_acc=nan data_t=0.0029s batch_t=0.0938s epoch_t=00:01.84 lr=0.000712 | GPU MB alloc/reserved=278.7/1898.0
2026-04-11 16:20:10 | INFO | [Round 19] Epoch 29/80 time=00:01.84 avg=00:01.82 ETA=01:32.59 | GPU MB alloc/reserved=278.7/1898.0
2026-04-11 16:20:12 | INFO | [Round 19] epoch=30/80 loss=0.8567 acc=67.33 val_acc=nan data_t=0.0014s batch_t=0.0924s epoch_t=00:01.92 lr=0.000694 | GPU MB alloc/reserved=278.7/1898.0
2026-04-11 16:20:12 | INFO | [Round 19] Epoch 30/80 time=00:01.92 avg=00:01.82 ETA=01:30.95 | GPU MB alloc/reserved=278.7/1898.0
2026-04-11 16:20:14 | INFO | [Round 19] epoch=31/80 loss=0.8634 acc=67.25 val_acc=nan data_t=0.0014s batch_t=0.0942s epoch_t=00:01.82 lr=0.000676 | GPU MB alloc/reserved=278.7/1898.0
2026-04-11 16:20:14 | INFO | [Round 19] Epoch 31/80 time=00:01.82 avg=00:01.82 ETA=01:29.13 | GPU MB alloc/reserved=278.7/1898.0
2026-04-11 16:20:16 | INFO | [Round 19] epoch=32/80 loss=0.7966 acc=69.75 val_acc=nan data_t=0.0022s batch_t=0.0935s epoch_t=00:01.82 lr=0.000658 | GPU MB alloc/reserved=278.7/1898.0
2026-04-11 16:20:16 | INFO | [Round 19] Epoch 32/80 time=00:01.82 avg=00:01.82 ETA=01:27.31 | GPU MB alloc/reserved=278.7/1898.0
2026-04-11 16:20:18 | INFO | [Round 19] epoch=33/80 loss=0.7463 acc=71.79 val_acc=nan data_t=0.0019s batch_t=0.0936s epoch_t=00:01.81 lr=0.000639 | GPU MB alloc/reserved=278.7/1898.0
2026-04-11 16:20:18 | INFO | [Round 19] Epoch 33/80 time=00:01.81 avg=00:01.82 ETA=01:25.48 | GPU MB alloc/reserved=278.7/1898.0
2026-04-11 16:20:20 | INFO | [Round 19] epoch=34/80 loss=0.6859 acc=73.46 val_acc=nan data_t=0.0017s batch_t=0.0929s epoch_t=00:01.80 lr=0.000621 | GPU MB alloc/reserved=278.7/1898.0
2026-04-11 16:20:20 | INFO | [Round 19] Epoch 34/80 time=00:01.80 avg=00:01.82 ETA=01:23.64 | GPU MB alloc/reserved=278.7/1898.0
2026-04-11 16:20:21 | INFO | [Round 19] epoch=35/80 loss=0.6708 acc=73.17 val_acc=nan data_t=0.0017s batch_t=0.0936s epoch_t=00:01.81 lr=0.000602 | GPU MB alloc/reserved=278.7/1898.0
2026-04-11 16:20:21 | INFO | [Round 19] Epoch 35/80 time=00:01.81 avg=00:01.82 ETA=01:21.81 | GPU MB alloc/reserved=278.7/1898.0
2026-04-11 16:20:23 | INFO | [Round 19] epoch=36/80 loss=0.6624 acc=74.50 val_acc=nan data_t=0.0016s batch_t=0.0938s epoch_t=00:01.81 lr=0.000582 | GPU MB alloc/reserved=278.7/1898.0
2026-04-11 16:20:23 | INFO | [Round 19] Epoch 36/80 time=00:01.81 avg=00:01.82 ETA=01:19.98 | GPU MB alloc/reserved=278.7/1898.0
2026-04-11 16:20:25 | INFO | [Round 19] epoch=37/80 loss=0.5534 acc=78.46 val_acc=nan data_t=0.0019s batch_t=0.0936s epoch_t=00:01.82 lr=0.000563 | GPU MB alloc/reserved=278.7/1898.0
2026-04-11 16:20:25 | INFO | [Round 19] Epoch 37/80 time=00:01.82 avg=00:01.82 ETA=01:18.16 | GPU MB alloc/reserved=278.7/1898.0
2026-04-11 16:20:27 | INFO | [Round 19] epoch=38/80 loss=0.5287 acc=80.04 val_acc=nan data_t=0.0017s batch_t=0.0922s epoch_t=00:01.78 lr=0.000544 | GPU MB alloc/reserved=278.7/1898.0
2026-04-11 16:20:27 | INFO | [Round 19] Epoch 38/80 time=00:01.78 avg=00:01.82 ETA=01:16.31 | GPU MB alloc/reserved=278.7/1898.0
2026-04-11 16:20:29 | INFO | [Round 19] epoch=39/80 loss=0.5008 acc=80.88 val_acc=nan data_t=0.0017s batch_t=0.0936s epoch_t=00:01.81 lr=0.000524 | GPU MB alloc/reserved=278.7/1898.0
2026-04-11 16:20:29 | INFO | [Round 19] Epoch 39/80 time=00:01.81 avg=00:01.82 ETA=01:14.48 | GPU MB alloc/reserved=278.7/1898.0
2026-04-11 16:20:31 | INFO | [Round 19] epoch=40/80 loss=0.4546 acc=83.71 val_acc=nan data_t=0.0029s batch_t=0.0941s epoch_t=00:01.84 lr=0.000505 | GPU MB alloc/reserved=278.7/1898.0
2026-04-11 16:20:31 | INFO | [Round 19] Epoch 40/80 time=00:01.84 avg=00:01.82 ETA=01:12.69 | GPU MB alloc/reserved=278.7/1898.0
2026-04-11 16:20:32 | INFO | [Round 19] epoch=41/80 loss=0.4080 acc=84.71 val_acc=nan data_t=0.0031s batch_t=0.0939s epoch_t=00:01.84 lr=0.000486 | GPU MB alloc/reserved=278.7/1898.0
2026-04-11 16:20:32 | INFO | [Round 19] Epoch 41/80 time=00:01.84 avg=00:01.82 ETA=01:10.90 | GPU MB alloc/reserved=278.7/1898.0
2026-04-11 16:20:34 | INFO | [Round 19] epoch=42/80 loss=0.3656 acc=86.12 val_acc=nan data_t=0.0025s batch_t=0.0935s epoch_t=00:01.82 lr=0.000466 | GPU MB alloc/reserved=278.7/1898.0
2026-04-11 16:20:34 | INFO | [Round 19] Epoch 42/80 time=00:01.82 avg=00:01.82 ETA=01:09.09 | GPU MB alloc/reserved=278.7/1898.0
2026-04-11 16:20:36 | INFO | [Round 19] epoch=43/80 loss=0.3319 acc=88.00 val_acc=nan data_t=0.0028s batch_t=0.0935s epoch_t=00:01.83 lr=0.000447 | GPU MB alloc/reserved=278.7/1898.0
2026-04-11 16:20:36 | INFO | [Round 19] Epoch 43/80 time=00:01.83 avg=00:01.82 ETA=01:07.28 | GPU MB alloc/reserved=278.7/1898.0
2026-04-11 16:20:38 | INFO | [Round 19] epoch=44/80 loss=0.3340 acc=87.75 val_acc=nan data_t=0.0025s batch_t=0.0928s epoch_t=00:01.81 lr=0.000428 | GPU MB alloc/reserved=278.7/1898.0
2026-04-11 16:20:38 | INFO | [Round 19] Epoch 44/80 time=00:01.81 avg=00:01.82 ETA=01:05.46 | GPU MB alloc/reserved=278.7/1898.0
2026-04-11 16:20:40 | INFO | [Round 19] epoch=45/80 loss=0.2708 acc=90.04 val_acc=nan data_t=0.0021s batch_t=0.0940s epoch_t=00:01.83 lr=0.000408 | GPU MB alloc/reserved=278.7/1898.0
2026-04-11 16:20:40 | INFO | [Round 19] Epoch 45/80 time=00:01.83 avg=00:01.82 ETA=01:03.64 | GPU MB alloc/reserved=278.7/1898.0
2026-04-11 16:20:41 | INFO | [Round 19] epoch=46/80 loss=0.2335 acc=91.75 val_acc=nan data_t=0.0015s batch_t=0.0938s epoch_t=00:01.81 lr=0.000389 | GPU MB alloc/reserved=278.7/1898.0
2026-04-11 16:20:41 | INFO | [Round 19] Epoch 46/80 time=00:01.81 avg=00:01.82 ETA=01:01.82 | GPU MB alloc/reserved=278.7/1898.0
2026-04-11 16:20:43 | INFO | [Round 19] epoch=47/80 loss=0.2057 acc=93.21 val_acc=nan data_t=0.0022s batch_t=0.0932s epoch_t=00:01.81 lr=0.000371 | GPU MB alloc/reserved=278.7/1898.0
2026-04-11 16:20:43 | INFO | [Round 19] Epoch 47/80 time=00:01.81 avg=00:01.82 ETA=00:60.00 | GPU MB alloc/reserved=278.7/1898.0
2026-04-11 16:20:45 | INFO | [Round 19] epoch=48/80 loss=0.1804 acc=93.63 val_acc=nan data_t=0.0016s batch_t=0.0943s epoch_t=00:01.82 lr=0.000352 | GPU MB alloc/reserved=278.7/1898.0
2026-04-11 16:20:45 | INFO | [Round 19] Epoch 48/80 time=00:01.82 avg=00:01.82 ETA=00:58.18 | GPU MB alloc/reserved=278.7/1898.0
2026-04-11 16:20:47 | INFO | [Round 19] epoch=49/80 loss=0.1708 acc=95.04 val_acc=nan data_t=0.0022s batch_t=0.0932s epoch_t=00:01.81 lr=0.000334 | GPU MB alloc/reserved=278.7/1898.0
2026-04-11 16:20:47 | INFO | [Round 19] Epoch 49/80 time=00:01.81 avg=00:01.82 ETA=00:56.36 | GPU MB alloc/reserved=278.7/1898.0
2026-04-11 16:20:49 | INFO | [Round 19] epoch=50/80 loss=0.1528 acc=94.79 val_acc=nan data_t=0.0016s batch_t=0.0938s epoch_t=00:01.81 lr=0.000316 | GPU MB alloc/reserved=278.7/1898.0
2026-04-11 16:20:49 | INFO | [Round 19] Epoch 50/80 time=00:01.81 avg=00:01.82 ETA=00:54.54 | GPU MB alloc/reserved=278.7/1898.0
2026-04-11 16:20:51 | INFO | [Round 19] epoch=51/80 loss=0.1302 acc=95.92 val_acc=nan data_t=0.0015s batch_t=0.0933s epoch_t=00:01.80 lr=0.000298 | GPU MB alloc/reserved=278.7/1898.0
2026-04-11 16:20:51 | INFO | [Round 19] Epoch 51/80 time=00:01.80 avg=00:01.82 ETA=00:52.71 | GPU MB alloc/reserved=278.7/1898.0
2026-04-11 16:20:52 | INFO | [Round 19] epoch=52/80 loss=0.1132 acc=96.58 val_acc=nan data_t=0.0016s batch_t=0.0942s epoch_t=00:01.82 lr=0.000280 | GPU MB alloc/reserved=278.7/1898.0
2026-04-11 16:20:52 | INFO | [Round 19] Epoch 52/80 time=00:01.82 avg=00:01.82 ETA=00:50.90 | GPU MB alloc/reserved=278.7/1898.0
2026-04-11 16:20:54 | INFO | [Round 19] epoch=53/80 loss=0.1005 acc=97.46 val_acc=nan data_t=0.0018s batch_t=0.0938s epoch_t=00:01.82 lr=0.000263 | GPU MB alloc/reserved=278.7/1898.0
2026-04-11 16:20:54 | INFO | [Round 19] Epoch 53/80 time=00:01.82 avg=00:01.82 ETA=00:49.08 | GPU MB alloc/reserved=278.7/1898.0
2026-04-11 16:20:56 | INFO | [Round 19] epoch=54/80 loss=0.0825 acc=98.25 val_acc=nan data_t=0.0018s batch_t=0.0944s epoch_t=00:01.83 lr=0.000246 | GPU MB alloc/reserved=278.7/1898.0
2026-04-11 16:20:56 | INFO | [Round 19] Epoch 54/80 time=00:01.83 avg=00:01.82 ETA=00:47.27 | GPU MB alloc/reserved=278.7/1898.0
2026-04-11 16:20:58 | INFO | [Round 19] epoch=55/80 loss=0.0599 acc=98.96 val_acc=nan data_t=0.0019s batch_t=0.0936s epoch_t=00:01.81 lr=0.000230 | GPU MB alloc/reserved=278.7/1898.0
2026-04-11 16:20:58 | INFO | [Round 19] Epoch 55/80 time=00:01.81 avg=00:01.82 ETA=00:45.45 | GPU MB alloc/reserved=278.7/1898.0
2026-04-11 16:21:00 | INFO | [Round 19] epoch=56/80 loss=0.0531 acc=99.00 val_acc=nan data_t=0.0019s batch_t=0.0939s epoch_t=00:01.82 lr=0.000214 | GPU MB alloc/reserved=278.7/1898.0
2026-04-11 16:21:00 | INFO | [Round 19] Epoch 56/80 time=00:01.82 avg=00:01.82 ETA=00:43.63 | GPU MB alloc/reserved=278.7/1898.0
2026-04-11 16:21:02 | INFO | [Round 19] epoch=57/80 loss=0.0543 acc=98.88 val_acc=nan data_t=0.0019s batch_t=0.0940s epoch_t=00:01.82 lr=0.000199 | GPU MB alloc/reserved=278.7/1898.0
2026-04-11 16:21:02 | INFO | [Round 19] Epoch 57/80 time=00:01.82 avg=00:01.82 ETA=00:41.81 | GPU MB alloc/reserved=278.7/1898.0
2026-04-11 16:21:03 | INFO | [Round 19] epoch=58/80 loss=0.0558 acc=98.46 val_acc=nan data_t=0.0021s batch_t=0.0934s epoch_t=00:01.82 lr=0.000184 | GPU MB alloc/reserved=278.7/1898.0
2026-04-11 16:21:03 | INFO | [Round 19] Epoch 58/80 time=00:01.82 avg=00:01.82 ETA=00:39.99 | GPU MB alloc/reserved=278.7/1898.0
2026-04-11 16:21:05 | INFO | [Round 19] epoch=59/80 loss=0.0402 acc=99.25 val_acc=nan data_t=0.0015s batch_t=0.0926s epoch_t=00:01.79 lr=0.000169 | GPU MB alloc/reserved=278.7/1898.0
2026-04-11 16:21:05 | INFO | [Round 19] Epoch 59/80 time=00:01.79 avg=00:01.82 ETA=00:38.17 | GPU MB alloc/reserved=278.7/1898.0
2026-04-11 16:21:07 | INFO | [Round 19] epoch=60/80 loss=0.0336 acc=99.46 val_acc=nan data_t=0.0017s batch_t=0.0922s epoch_t=00:01.78 lr=0.000155 | GPU MB alloc/reserved=278.7/1898.0
2026-04-11 16:21:07 | INFO | [Round 19] Epoch 60/80 time=00:01.78 avg=00:01.82 ETA=00:36.34 | GPU MB alloc/reserved=278.7/1898.0
2026-04-11 16:21:09 | INFO | [Round 19] epoch=61/80 loss=0.0284 acc=99.67 val_acc=nan data_t=0.0015s batch_t=0.0941s epoch_t=00:01.82 lr=0.000142 | GPU MB alloc/reserved=278.7/1898.0
2026-04-11 16:21:09 | INFO | [Round 19] Epoch 61/80 time=00:01.82 avg=00:01.82 ETA=00:34.52 | GPU MB alloc/reserved=278.7/1898.0
2026-04-11 16:21:11 | INFO | [Round 19] epoch=62/80 loss=0.0251 acc=99.67 val_acc=nan data_t=0.0016s batch_t=0.0936s epoch_t=00:01.81 lr=0.000129 | GPU MB alloc/reserved=278.7/1898.0
2026-04-11 16:21:11 | INFO | [Round 19] Epoch 62/80 time=00:01.81 avg=00:01.82 ETA=00:32.70 | GPU MB alloc/reserved=278.7/1898.0
2026-04-11 16:21:12 | INFO | [Round 19] epoch=63/80 loss=0.0247 acc=99.54 val_acc=nan data_t=0.0016s batch_t=0.0931s epoch_t=00:01.80 lr=0.000116 | GPU MB alloc/reserved=278.7/1898.0
2026-04-11 16:21:12 | INFO | [Round 19] Epoch 63/80 time=00:01.80 avg=00:01.82 ETA=00:30.88 | GPU MB alloc/reserved=278.7/1898.0
2026-04-11 16:21:14 | INFO | [Round 19] epoch=64/80 loss=0.0206 acc=99.75 val_acc=nan data_t=0.0017s batch_t=0.0807s epoch_t=00:01.57 lr=0.000105 | GPU MB alloc/reserved=278.7/1898.0
2026-04-11 16:21:14 | INFO | [Round 19] Epoch 64/80 time=00:01.57 avg=00:01.81 ETA=00:29.00 | GPU MB alloc/reserved=278.7/1898.0
2026-04-11 16:21:16 | INFO | [Round 19] epoch=65/80 loss=0.0204 acc=99.75 val_acc=nan data_t=0.0015s batch_t=0.1008s epoch_t=00:01.94 lr=0.000093 | GPU MB alloc/reserved=278.7/1898.0
2026-04-11 16:21:16 | INFO | [Round 19] Epoch 65/80 time=00:01.94 avg=00:01.81 ETA=00:27.22 | GPU MB alloc/reserved=278.7/1898.0
2026-04-11 16:21:18 | INFO | [Round 19] epoch=66/80 loss=0.0193 acc=99.71 val_acc=nan data_t=0.0015s batch_t=0.0995s epoch_t=00:01.92 lr=0.000083 | GPU MB alloc/reserved=278.7/1898.0
2026-04-11 16:21:18 | INFO | [Round 19] Epoch 66/80 time=00:01.92 avg=00:01.82 ETA=00:25.43 | GPU MB alloc/reserved=278.7/1898.0
2026-04-11 16:21:20 | INFO | [Round 19] epoch=67/80 loss=0.0166 acc=99.96 val_acc=nan data_t=0.0019s batch_t=0.1036s epoch_t=00:02.00 lr=0.000073 | GPU MB alloc/reserved=278.7/1898.0
2026-04-11 16:21:20 | INFO | [Round 19] Epoch 67/80 time=00:02.00 avg=00:01.82 ETA=00:23.65 | GPU MB alloc/reserved=278.7/1898.0
2026-04-11 16:21:22 | INFO | [Round 19] epoch=68/80 loss=0.0181 acc=99.79 val_acc=nan data_t=0.0021s batch_t=0.1023s epoch_t=00:01.98 lr=0.000064 | GPU MB alloc/reserved=278.7/1898.0
2026-04-11 16:21:22 | INFO | [Round 19] Epoch 68/80 time=00:01.98 avg=00:01.82 ETA=00:21.86 | GPU MB alloc/reserved=278.7/1898.0
2026-04-11 16:21:23 | INFO | [Round 19] epoch=69/80 loss=0.0152 acc=99.83 val_acc=nan data_t=0.0023s batch_t=0.0698s epoch_t=00:01.37 lr=0.000055 | GPU MB alloc/reserved=278.7/1898.0
2026-04-11 16:21:23 | INFO | [Round 19] Epoch 69/80 time=00:01.37 avg=00:01.81 ETA=00:19.96 | GPU MB alloc/reserved=278.7/1898.0
2026-04-11 16:21:25 | INFO | [Round 19] epoch=70/80 loss=0.0152 acc=99.88 val_acc=nan data_t=0.0018s batch_t=0.0703s epoch_t=00:01.37 lr=0.000048 | GPU MB alloc/reserved=278.7/1898.0
2026-04-11 16:21:25 | INFO | [Round 19] Epoch 70/80 time=00:01.37 avg=00:01.81 ETA=00:18.08 | GPU MB alloc/reserved=278.7/1898.0
2026-04-11 16:21:26 | INFO | [Round 19] epoch=71/80 loss=0.0152 acc=99.79 val_acc=nan data_t=0.0014s batch_t=0.0864s epoch_t=00:01.67 lr=0.000041 | GPU MB alloc/reserved=278.7/1898.0
2026-04-11 16:21:26 | INFO | [Round 19] Epoch 71/80 time=00:01.67 avg=00:01.81 ETA=00:16.26 | GPU MB alloc/reserved=278.7/1898.0
2026-04-11 16:21:28 | INFO | [Round 19] epoch=72/80 loss=0.0139 acc=99.88 val_acc=nan data_t=0.0018s batch_t=0.0919s epoch_t=00:01.78 lr=0.000034 | GPU MB alloc/reserved=278.7/1898.0
2026-04-11 16:21:28 | INFO | [Round 19] Epoch 72/80 time=00:01.78 avg=00:01.81 ETA=00:14.45 | GPU MB alloc/reserved=278.7/1898.0
2026-04-11 16:21:30 | INFO | [Round 19] epoch=73/80 loss=0.0138 acc=99.88 val_acc=nan data_t=0.0016s batch_t=0.0914s epoch_t=00:01.77 lr=0.000029 | GPU MB alloc/reserved=278.7/1898.0
2026-04-11 16:21:30 | INFO | [Round 19] Epoch 73/80 time=00:01.77 avg=00:01.81 ETA=00:12.64 | GPU MB alloc/reserved=278.7/1898.0
2026-04-11 16:21:32 | INFO | [Round 19] epoch=74/80 loss=0.0124 acc=99.88 val_acc=nan data_t=0.0014s batch_t=0.0932s epoch_t=00:01.80 lr=0.000024 | GPU MB alloc/reserved=278.7/1898.0
2026-04-11 16:21:32 | INFO | [Round 19] Epoch 74/80 time=00:01.80 avg=00:01.81 ETA=00:10.83 | GPU MB alloc/reserved=278.7/1898.0
2026-04-11 16:21:33 | INFO | [Round 19] epoch=75/80 loss=0.0142 acc=99.92 val_acc=nan data_t=0.0014s batch_t=0.0940s epoch_t=00:01.81 lr=0.000020 | GPU MB alloc/reserved=278.7/1898.0
2026-04-11 16:21:33 | INFO | [Round 19] Epoch 75/80 time=00:01.81 avg=00:01.81 ETA=00:09.03 | GPU MB alloc/reserved=278.7/1898.0
2026-04-11 16:21:35 | INFO | [Round 19] epoch=76/80 loss=0.0141 acc=99.96 val_acc=nan data_t=0.0022s batch_t=0.0812s epoch_t=00:01.59 lr=0.000016 | GPU MB alloc/reserved=278.7/1898.0
2026-04-11 16:21:35 | INFO | [Round 19] Epoch 76/80 time=00:01.59 avg=00:01.80 ETA=00:07.21 | GPU MB alloc/reserved=278.7/1898.0
2026-04-11 16:21:37 | INFO | [Round 19] epoch=77/80 loss=0.0122 acc=99.88 val_acc=nan data_t=0.0014s batch_t=0.1006s epoch_t=00:01.94 lr=0.000013 | GPU MB alloc/reserved=278.7/1898.0
2026-04-11 16:21:37 | INFO | [Round 19] Epoch 77/80 time=00:01.94 avg=00:01.80 ETA=00:05.41 | GPU MB alloc/reserved=278.7/1898.0
2026-04-11 16:21:39 | INFO | [Round 19] epoch=78/80 loss=0.0114 acc=100.00 val_acc=nan data_t=0.0015s batch_t=0.1011s epoch_t=00:01.95 lr=0.000012 | GPU MB alloc/reserved=278.7/1898.0
2026-04-11 16:21:39 | INFO | [Round 19] Epoch 78/80 time=00:01.95 avg=00:01.81 ETA=00:03.61 | GPU MB alloc/reserved=278.7/1898.0
2026-04-11 16:21:41 | INFO | [Round 19] epoch=79/80 loss=0.0137 acc=99.96 val_acc=nan data_t=0.0014s batch_t=0.1014s epoch_t=00:01.95 lr=0.000010 | GPU MB alloc/reserved=278.7/1898.0
2026-04-11 16:21:41 | INFO | [Round 19] Epoch 79/80 time=00:01.95 avg=00:01.81 ETA=00:01.81 | GPU MB alloc/reserved=278.7/1898.0
2026-04-11 16:21:43 | INFO | [Round 19] epoch=80/80 loss=0.0120 acc=99.96 val_acc=nan data_t=0.0015s batch_t=0.1025s epoch_t=00:01.98 lr=0.000010 | GPU MB alloc/reserved=278.7/1898.0
2026-04-11 16:21:43 | INFO | [Round 19] Epoch 80/80 time=00:01.98 avg=00:01.81 ETA=00:00.00 | GPU MB alloc/reserved=278.7/1898.0
2026-04-11 16:21:43 | INFO | [Round 19] training complete in 02:25.20 (best monitor=100.000) | GPU MB alloc/reserved=278.7/1898.0
2026-04-11 16:21:43 | INFO | [Round 19] evaluation started | GPU MB alloc/reserved=191.9/1898.0
2026-04-11 16:21:51 | INFO | [Round 19] clean=65.31 fgsm=52.39 pgd=52.04 grad_disp_mean=nan grad_disp_sel=nan round_t=155.38s | GPU MB alloc/reserved=191.9/1898.0
2026-04-11 16:21:51 | INFO | [Round 20/21] elapsed=02:35.38 avg_round=01:38.07 projected_remaining=01:38.07 | GPU MB alloc/reserved=191.9/1898.0
2026-04-11 16:21:52 | INFO | [Round 20] acquisition on pool_size=47600 scored_pool=5000 budget=100 | GPU MB alloc/reserved=104.6/1898.0
2026-04-11 16:21:53 | INFO | [BADGE] scoring progress 10/20 elapsed=00:00.42 avg/batch=0.042s ETA=00:00.42 | GPU MB alloc/reserved=113.1/1898.0
2026-04-11 16:21:53 | INFO | [BADGE] scoring progress 20/20 elapsed=00:00.62 avg/batch=0.031s ETA=00:00.00 | GPU MB alloc/reserved=109.1/1898.0
2026-04-11 16:21:54 | INFO | [Round 20] labeled=2500 train=2500 val_fixed=0 | GPU MB alloc/reserved=147.7/1898.0
2026-04-11 16:21:56 | INFO | [Round 20] epoch=1/80 loss=2.2481 acc=19.24 val_acc=nan data_t=0.0086s batch_t=0.0953s epoch_t=00:02.08 lr=0.001000 | GPU MB alloc/reserved=278.7/1898.0
2026-04-11 16:21:56 | INFO | [Round 20] Epoch 1/80 time=00:02.08 avg=00:02.08 ETA=02:44.23 | GPU MB alloc/reserved=278.7/1898.0
2026-04-11 16:21:58 | INFO | [Round 20] epoch=2/80 loss=2.0419 acc=21.56 val_acc=nan data_t=0.0015s batch_t=0.0931s epoch_t=00:01.89 lr=0.000998 | GPU MB alloc/reserved=278.7/1898.0
2026-04-11 16:21:58 | INFO | [Round 20] Epoch 2/80 time=00:01.89 avg=00:01.99 ETA=02:34.88 | GPU MB alloc/reserved=278.7/1898.0
2026-04-11 16:22:00 | INFO | [Round 20] epoch=3/80 loss=1.9822 acc=23.88 val_acc=nan data_t=0.0016s batch_t=0.0924s epoch_t=00:01.88 lr=0.000997 | GPU MB alloc/reserved=278.7/1898.0
2026-04-11 16:22:00 | INFO | [Round 20] Epoch 3/80 time=00:01.88 avg=00:01.95 ETA=02:30.17 | GPU MB alloc/reserved=278.7/1898.0
2026-04-11 16:22:01 | INFO | [Round 20] epoch=4/80 loss=1.9236 acc=24.76 val_acc=nan data_t=0.0023s batch_t=0.0924s epoch_t=00:01.89 lr=0.000994 | GPU MB alloc/reserved=278.7/1898.0
2026-04-11 16:22:01 | INFO | [Round 20] Epoch 4/80 time=00:01.89 avg=00:01.94 ETA=02:27.13 | GPU MB alloc/reserved=278.7/1898.0
2026-04-11 16:22:03 | INFO | [Round 20] epoch=5/80 loss=1.8711 acc=26.84 val_acc=nan data_t=0.0015s batch_t=0.0923s epoch_t=00:01.88 lr=0.000990 | GPU MB alloc/reserved=278.7/1898.0
2026-04-11 16:22:03 | INFO | [Round 20] Epoch 5/80 time=00:01.88 avg=00:01.92 ETA=02:24.32 | GPU MB alloc/reserved=278.7/1898.0
2026-04-11 16:22:05 | INFO | [Round 20] epoch=6/80 loss=1.8279 acc=26.96 val_acc=nan data_t=0.0015s batch_t=0.0921s epoch_t=00:01.87 lr=0.000986 | GPU MB alloc/reserved=278.7/1898.0
2026-04-11 16:22:05 | INFO | [Round 20] Epoch 6/80 time=00:01.87 avg=00:01.92 ETA=02:21.76 | GPU MB alloc/reserved=278.7/1898.0
2026-04-11 16:22:07 | INFO | [Round 20] epoch=7/80 loss=1.7739 acc=31.80 val_acc=nan data_t=0.0014s batch_t=0.0927s epoch_t=00:01.88 lr=0.000981 | GPU MB alloc/reserved=278.7/1898.0
2026-04-11 16:22:07 | INFO | [Round 20] Epoch 7/80 time=00:01.88 avg=00:01.91 ETA=02:19.51 | GPU MB alloc/reserved=278.7/1898.0
2026-04-11 16:22:09 | INFO | [Round 20] epoch=8/80 loss=1.7406 acc=32.48 val_acc=nan data_t=0.0015s batch_t=0.0926s epoch_t=00:01.88 lr=0.000976 | GPU MB alloc/reserved=278.7/1898.0
2026-04-11 16:22:09 | INFO | [Round 20] Epoch 8/80 time=00:01.88 avg=00:01.91 ETA=02:17.33 | GPU MB alloc/reserved=278.7/1898.0
2026-04-11 16:22:11 | INFO | [Round 20] epoch=9/80 loss=1.7097 acc=32.44 val_acc=nan data_t=0.0017s batch_t=0.0928s epoch_t=00:01.89 lr=0.000969 | GPU MB alloc/reserved=278.7/1898.0
2026-04-11 16:22:11 | INFO | [Round 20] Epoch 9/80 time=00:01.89 avg=00:01.91 ETA=02:15.29 | GPU MB alloc/reserved=278.7/1898.0
2026-04-11 16:22:13 | INFO | [Round 20] epoch=10/80 loss=1.6982 acc=33.80 val_acc=nan data_t=0.0022s batch_t=0.0936s epoch_t=00:01.92 lr=0.000962 | GPU MB alloc/reserved=278.7/1898.0
2026-04-11 16:22:13 | INFO | [Round 20] Epoch 10/80 time=00:01.92 avg=00:01.91 ETA=02:13.45 | GPU MB alloc/reserved=278.7/1898.0
2026-04-11 16:22:15 | INFO | [Round 20] epoch=11/80 loss=1.6656 acc=34.64 val_acc=nan data_t=0.0016s batch_t=0.0940s epoch_t=00:01.91 lr=0.000955 | GPU MB alloc/reserved=278.7/1898.0
2026-04-11 16:22:15 | INFO | [Round 20] Epoch 11/80 time=00:01.91 avg=00:01.91 ETA=02:11.59 | GPU MB alloc/reserved=278.7/1898.0
2026-04-11 16:22:17 | INFO | [Round 20] epoch=12/80 loss=1.6489 acc=35.00 val_acc=nan data_t=0.0014s batch_t=0.0928s epoch_t=00:01.88 lr=0.000946 | GPU MB alloc/reserved=278.7/1898.0
2026-04-11 16:22:17 | INFO | [Round 20] Epoch 12/80 time=00:01.88 avg=00:01.91 ETA=02:09.55 | GPU MB alloc/reserved=278.7/1898.0
2026-04-11 16:22:19 | INFO | [Round 20] epoch=13/80 loss=1.5914 acc=37.52 val_acc=nan data_t=0.0025s batch_t=0.0928s epoch_t=00:01.91 lr=0.000937 | GPU MB alloc/reserved=278.7/1898.0
2026-04-11 16:22:19 | INFO | [Round 20] Epoch 13/80 time=00:01.91 avg=00:01.91 ETA=02:07.65 | GPU MB alloc/reserved=278.7/1898.0
2026-04-11 16:22:20 | INFO | [Round 20] epoch=14/80 loss=1.5352 acc=40.12 val_acc=nan data_t=0.0020s batch_t=0.0934s epoch_t=00:01.91 lr=0.000927 | GPU MB alloc/reserved=278.7/1898.0
2026-04-11 16:22:20 | INFO | [Round 20] Epoch 14/80 time=00:01.91 avg=00:01.91 ETA=02:05.75 | GPU MB alloc/reserved=278.7/1898.0
2026-04-11 16:22:22 | INFO | [Round 20] epoch=15/80 loss=1.5252 acc=41.32 val_acc=nan data_t=0.0026s batch_t=0.0934s epoch_t=00:01.92 lr=0.000917 | GPU MB alloc/reserved=278.7/1898.0
2026-04-11 16:22:22 | INFO | [Round 20] Epoch 15/80 time=00:01.92 avg=00:01.91 ETA=02:03.91 | GPU MB alloc/reserved=278.7/1898.0
2026-04-11 16:22:24 | INFO | [Round 20] epoch=16/80 loss=1.4512 acc=42.16 val_acc=nan data_t=0.0014s batch_t=0.0928s epoch_t=00:01.88 lr=0.000905 | GPU MB alloc/reserved=278.7/1898.0
2026-04-11 16:22:24 | INFO | [Round 20] Epoch 16/80 time=00:01.88 avg=00:01.90 ETA=02:01.91 | GPU MB alloc/reserved=278.7/1898.0
2026-04-11 16:22:26 | INFO | [Round 20] epoch=17/80 loss=1.4075 acc=44.00 val_acc=nan data_t=0.0025s batch_t=0.0930s epoch_t=00:01.91 lr=0.000894 | GPU MB alloc/reserved=278.7/1898.0
2026-04-11 16:22:26 | INFO | [Round 20] Epoch 17/80 time=00:01.91 avg=00:01.91 ETA=02:00.03 | GPU MB alloc/reserved=278.7/1898.0
2026-04-11 16:22:28 | INFO | [Round 20] epoch=18/80 loss=1.3655 acc=45.52 val_acc=nan data_t=0.0023s batch_t=0.0927s epoch_t=00:01.90 lr=0.000881 | GPU MB alloc/reserved=278.7/1898.0
2026-04-11 16:22:28 | INFO | [Round 20] Epoch 18/80 time=00:01.90 avg=00:01.90 ETA=01:58.11 | GPU MB alloc/reserved=278.7/1898.0
2026-04-11 16:22:30 | INFO | [Round 20] epoch=19/80 loss=1.3434 acc=46.16 val_acc=nan data_t=0.0014s batch_t=0.0929s epoch_t=00:01.89 lr=0.000868 | GPU MB alloc/reserved=278.7/1898.0
2026-04-11 16:22:30 | INFO | [Round 20] Epoch 19/80 time=00:01.89 avg=00:01.90 ETA=01:56.14 | GPU MB alloc/reserved=278.7/1898.0
2026-04-11 16:22:32 | INFO | [Round 20] epoch=20/80 loss=1.3085 acc=48.72 val_acc=nan data_t=0.0017s batch_t=0.0912s epoch_t=00:01.86 lr=0.000855 | GPU MB alloc/reserved=278.7/1898.0
2026-04-11 16:22:32 | INFO | [Round 20] Epoch 20/80 time=00:01.86 avg=00:01.90 ETA=01:54.10 | GPU MB alloc/reserved=278.7/1898.0
2026-04-11 16:22:34 | INFO | [Round 20] epoch=21/80 loss=1.2772 acc=49.88 val_acc=nan data_t=0.0029s batch_t=0.0928s epoch_t=00:01.91 lr=0.000841 | GPU MB alloc/reserved=278.7/1898.0
2026-04-11 16:22:34 | INFO | [Round 20] Epoch 21/80 time=00:01.91 avg=00:01.90 ETA=01:52.24 | GPU MB alloc/reserved=278.7/1898.0
2026-04-11 16:22:36 | INFO | [Round 20] epoch=22/80 loss=1.2295 acc=52.88 val_acc=nan data_t=0.0017s batch_t=0.0926s epoch_t=00:01.89 lr=0.000826 | GPU MB alloc/reserved=278.7/1898.0
2026-04-11 16:22:36 | INFO | [Round 20] Epoch 22/80 time=00:01.89 avg=00:01.90 ETA=01:50.29 | GPU MB alloc/reserved=278.7/1898.0
2026-04-11 16:22:38 | INFO | [Round 20] epoch=23/80 loss=1.2083 acc=53.68 val_acc=nan data_t=0.0023s batch_t=0.0935s epoch_t=00:01.92 lr=0.000811 | GPU MB alloc/reserved=278.7/1898.0
2026-04-11 16:22:38 | INFO | [Round 20] Epoch 23/80 time=00:01.92 avg=00:01.90 ETA=01:48.43 | GPU MB alloc/reserved=278.7/1898.0
2026-04-11 16:22:39 | INFO | [Round 20] epoch=24/80 loss=1.1439 acc=54.84 val_acc=nan data_t=0.0014s batch_t=0.0930s epoch_t=00:01.89 lr=0.000796 | GPU MB alloc/reserved=278.7/1898.0
2026-04-11 16:22:39 | INFO | [Round 20] Epoch 24/80 time=00:01.89 avg=00:01.90 ETA=01:46.49 | GPU MB alloc/reserved=278.7/1898.0
2026-04-11 16:22:41 | INFO | [Round 20] epoch=25/80 loss=1.0994 acc=56.32 val_acc=nan data_t=0.0017s batch_t=0.0928s epoch_t=00:01.89 lr=0.000780 | GPU MB alloc/reserved=278.7/1898.0
2026-04-11 16:22:41 | INFO | [Round 20] Epoch 25/80 time=00:01.89 avg=00:01.90 ETA=01:44.56 | GPU MB alloc/reserved=278.7/1898.0
2026-04-11 16:22:43 | INFO | [Round 20] epoch=26/80 loss=1.0789 acc=57.56 val_acc=nan data_t=0.0016s batch_t=0.0920s epoch_t=00:01.87 lr=0.000764 | GPU MB alloc/reserved=278.7/1898.0
2026-04-11 16:22:43 | INFO | [Round 20] Epoch 26/80 time=00:01.87 avg=00:01.90 ETA=01:42.60 | GPU MB alloc/reserved=278.7/1898.0
2026-04-11 16:22:45 | INFO | [Round 20] epoch=27/80 loss=1.0186 acc=61.40 val_acc=nan data_t=0.0016s batch_t=0.0920s epoch_t=00:01.87 lr=0.000747 | GPU MB alloc/reserved=278.7/1898.0
2026-04-11 16:22:45 | INFO | [Round 20] Epoch 27/80 time=00:01.87 avg=00:01.90 ETA=01:40.65 | GPU MB alloc/reserved=278.7/1898.0
2026-04-11 16:22:47 | INFO | [Round 20] epoch=28/80 loss=0.9843 acc=61.28 val_acc=nan data_t=0.0025s batch_t=0.0921s epoch_t=00:01.89 lr=0.000730 | GPU MB alloc/reserved=278.7/1898.0
2026-04-11 16:22:47 | INFO | [Round 20] Epoch 28/80 time=00:01.89 avg=00:01.90 ETA=01:38.74 | GPU MB alloc/reserved=278.7/1898.0
2026-04-11 16:22:49 | INFO | [Round 20] epoch=29/80 loss=0.9313 acc=63.48 val_acc=nan data_t=0.0014s batch_t=0.0920s epoch_t=00:01.87 lr=0.000712 | GPU MB alloc/reserved=278.7/1898.0
2026-04-11 16:22:49 | INFO | [Round 20] Epoch 29/80 time=00:01.87 avg=00:01.90 ETA=01:36.79 | GPU MB alloc/reserved=278.7/1898.0
2026-04-11 16:22:51 | INFO | [Round 20] epoch=30/80 loss=0.8739 acc=65.80 val_acc=nan data_t=0.0016s batch_t=0.0924s epoch_t=00:01.88 lr=0.000694 | GPU MB alloc/reserved=278.7/1898.0
2026-04-11 16:22:51 | INFO | [Round 20] Epoch 30/80 time=00:01.88 avg=00:01.90 ETA=01:34.86 | GPU MB alloc/reserved=278.7/1898.0
2026-04-11 16:22:53 | INFO | [Round 20] epoch=31/80 loss=0.8402 acc=67.52 val_acc=nan data_t=0.0013s batch_t=0.0927s epoch_t=00:01.88 lr=0.000676 | GPU MB alloc/reserved=278.7/1898.0
2026-04-11 16:22:53 | INFO | [Round 20] Epoch 31/80 time=00:01.88 avg=00:01.90 ETA=01:32.94 | GPU MB alloc/reserved=278.7/1898.0
2026-04-11 16:22:55 | INFO | [Round 20] epoch=32/80 loss=0.7957 acc=70.08 val_acc=nan data_t=0.0021s batch_t=0.0914s epoch_t=00:01.87 lr=0.000658 | GPU MB alloc/reserved=278.7/1898.0
2026-04-11 16:22:55 | INFO | [Round 20] Epoch 32/80 time=00:01.87 avg=00:01.90 ETA=01:31.00 | GPU MB alloc/reserved=278.7/1898.0
2026-04-11 16:22:56 | INFO | [Round 20] epoch=33/80 loss=0.7823 acc=70.72 val_acc=nan data_t=0.0014s batch_t=0.0922s epoch_t=00:01.87 lr=0.000639 | GPU MB alloc/reserved=278.7/1898.0
2026-04-11 16:22:56 | INFO | [Round 20] Epoch 33/80 time=00:01.87 avg=00:01.90 ETA=01:29.07 | GPU MB alloc/reserved=278.7/1898.0
2026-04-11 16:22:58 | INFO | [Round 20] epoch=34/80 loss=0.6850 acc=74.16 val_acc=nan data_t=0.0016s batch_t=0.0923s epoch_t=00:01.88 lr=0.000621 | GPU MB alloc/reserved=278.7/1898.0
2026-04-11 16:22:58 | INFO | [Round 20] Epoch 34/80 time=00:01.88 avg=00:01.89 ETA=01:27.15 | GPU MB alloc/reserved=278.7/1898.0
2026-04-11 16:23:00 | INFO | [Round 20] epoch=35/80 loss=0.6268 acc=76.68 val_acc=nan data_t=0.0015s batch_t=0.0936s epoch_t=00:01.90 lr=0.000602 | GPU MB alloc/reserved=278.7/1898.0
2026-04-11 16:23:00 | INFO | [Round 20] Epoch 35/80 time=00:01.90 avg=00:01.89 ETA=01:25.27 | GPU MB alloc/reserved=278.7/1898.0
2026-04-11 16:23:02 | INFO | [Round 20] epoch=36/80 loss=0.6473 acc=74.52 val_acc=nan data_t=0.0021s batch_t=0.0924s epoch_t=00:01.89 lr=0.000582 | GPU MB alloc/reserved=278.7/1898.0
2026-04-11 16:23:02 | INFO | [Round 20] Epoch 36/80 time=00:01.89 avg=00:01.89 ETA=01:23.37 | GPU MB alloc/reserved=278.7/1898.0
2026-04-11 16:23:04 | INFO | [Round 20] epoch=37/80 loss=0.6144 acc=76.60 val_acc=nan data_t=0.0021s batch_t=0.0933s epoch_t=00:01.91 lr=0.000563 | GPU MB alloc/reserved=278.7/1898.0
2026-04-11 16:23:04 | INFO | [Round 20] Epoch 37/80 time=00:01.91 avg=00:01.90 ETA=01:21.49 | GPU MB alloc/reserved=278.7/1898.0
2026-04-11 16:23:06 | INFO | [Round 20] epoch=38/80 loss=0.5661 acc=78.32 val_acc=nan data_t=0.0014s batch_t=0.0932s epoch_t=00:01.89 lr=0.000544 | GPU MB alloc/reserved=278.7/1898.0
2026-04-11 16:23:06 | INFO | [Round 20] Epoch 38/80 time=00:01.89 avg=00:01.90 ETA=01:19.59 | GPU MB alloc/reserved=278.7/1898.0
2026-04-11 16:23:08 | INFO | [Round 20] epoch=39/80 loss=0.4869 acc=81.68 val_acc=nan data_t=0.0023s batch_t=0.0928s epoch_t=00:01.90 lr=0.000524 | GPU MB alloc/reserved=278.7/1898.0
2026-04-11 16:23:08 | INFO | [Round 20] Epoch 39/80 time=00:01.90 avg=00:01.90 ETA=01:17.70 | GPU MB alloc/reserved=278.7/1898.0
2026-04-11 16:23:10 | INFO | [Round 20] epoch=40/80 loss=0.4513 acc=83.12 val_acc=nan data_t=0.0015s batch_t=0.0933s epoch_t=00:01.90 lr=0.000505 | GPU MB alloc/reserved=278.7/1898.0
2026-04-11 16:23:10 | INFO | [Round 20] Epoch 40/80 time=00:01.90 avg=00:01.90 ETA=01:15.81 | GPU MB alloc/reserved=278.7/1898.0
2026-04-11 16:23:12 | INFO | [Round 20] epoch=41/80 loss=0.4224 acc=84.04 val_acc=nan data_t=0.0015s batch_t=0.0927s epoch_t=00:01.88 lr=0.000486 | GPU MB alloc/reserved=278.7/1898.0
2026-04-11 16:23:12 | INFO | [Round 20] Epoch 41/80 time=00:01.88 avg=00:01.89 ETA=01:13.90 | GPU MB alloc/reserved=278.7/1898.0
2026-04-11 16:23:13 | INFO | [Round 20] epoch=42/80 loss=0.3718 acc=86.20 val_acc=nan data_t=0.0015s batch_t=0.0919s epoch_t=00:01.87 lr=0.000466 | GPU MB alloc/reserved=278.7/1898.0
2026-04-11 16:23:13 | INFO | [Round 20] Epoch 42/80 time=00:01.87 avg=00:01.89 ETA=01:11.99 | GPU MB alloc/reserved=278.7/1898.0
2026-04-11 16:23:15 | INFO | [Round 20] epoch=43/80 loss=0.3191 acc=89.04 val_acc=nan data_t=0.0027s batch_t=0.0926s epoch_t=00:01.91 lr=0.000447 | GPU MB alloc/reserved=278.7/1898.0
2026-04-11 16:23:15 | INFO | [Round 20] Epoch 43/80 time=00:01.91 avg=00:01.89 ETA=01:10.10 | GPU MB alloc/reserved=278.7/1898.0
2026-04-11 16:23:17 | INFO | [Round 20] epoch=44/80 loss=0.2899 acc=89.96 val_acc=nan data_t=0.0023s batch_t=0.0922s epoch_t=00:01.89 lr=0.000428 | GPU MB alloc/reserved=278.7/1898.0
2026-04-11 16:23:17 | INFO | [Round 20] Epoch 44/80 time=00:01.89 avg=00:01.89 ETA=01:08.20 | GPU MB alloc/reserved=278.7/1898.0
2026-04-11 16:23:19 | INFO | [Round 20] epoch=45/80 loss=0.2620 acc=91.16 val_acc=nan data_t=0.0019s batch_t=0.0930s epoch_t=00:01.90 lr=0.000408 | GPU MB alloc/reserved=278.7/1898.0
2026-04-11 16:23:19 | INFO | [Round 20] Epoch 45/80 time=00:01.90 avg=00:01.89 ETA=01:06.31 | GPU MB alloc/reserved=278.7/1898.0
2026-04-11 16:23:21 | INFO | [Round 20] epoch=46/80 loss=0.2232 acc=92.52 val_acc=nan data_t=0.0013s batch_t=0.0929s epoch_t=00:01.89 lr=0.000389 | GPU MB alloc/reserved=278.7/1898.0
2026-04-11 16:23:21 | INFO | [Round 20] Epoch 46/80 time=00:01.89 avg=00:01.89 ETA=01:04.41 | GPU MB alloc/reserved=278.7/1898.0
2026-04-11 16:23:23 | INFO | [Round 20] epoch=47/80 loss=0.1888 acc=93.20 val_acc=nan data_t=0.0016s batch_t=0.0929s epoch_t=00:01.89 lr=0.000371 | GPU MB alloc/reserved=278.7/1898.0
2026-04-11 16:23:23 | INFO | [Round 20] Epoch 47/80 time=00:01.89 avg=00:01.89 ETA=01:02.51 | GPU MB alloc/reserved=278.7/1898.0
2026-04-11 16:23:25 | INFO | [Round 20] epoch=48/80 loss=0.1913 acc=93.36 val_acc=nan data_t=0.0026s batch_t=0.0933s epoch_t=00:01.92 lr=0.000352 | GPU MB alloc/reserved=278.7/1898.0
2026-04-11 16:23:25 | INFO | [Round 20] Epoch 48/80 time=00:01.92 avg=00:01.89 ETA=01:00.63 | GPU MB alloc/reserved=278.7/1898.0
2026-04-11 16:23:27 | INFO | [Round 20] epoch=49/80 loss=0.1510 acc=95.12 val_acc=nan data_t=0.0014s batch_t=0.0938s epoch_t=00:01.90 lr=0.000334 | GPU MB alloc/reserved=278.7/1898.0
2026-04-11 16:23:27 | INFO | [Round 20] Epoch 49/80 time=00:01.90 avg=00:01.89 ETA=00:58.74 | GPU MB alloc/reserved=278.7/1898.0
2026-04-11 16:23:29 | INFO | [Round 20] epoch=50/80 loss=0.1347 acc=95.96 val_acc=nan data_t=0.0014s batch_t=0.0926s epoch_t=00:01.88 lr=0.000316 | GPU MB alloc/reserved=278.7/1898.0
2026-04-11 16:23:29 | INFO | [Round 20] Epoch 50/80 time=00:01.88 avg=00:01.89 ETA=00:56.84 | GPU MB alloc/reserved=278.7/1898.0
2026-04-11 16:23:31 | INFO | [Round 20] epoch=51/80 loss=0.1315 acc=95.96 val_acc=nan data_t=0.0018s batch_t=0.0929s epoch_t=00:01.89 lr=0.000298 | GPU MB alloc/reserved=278.7/1898.0
2026-04-11 16:23:31 | INFO | [Round 20] Epoch 51/80 time=00:01.89 avg=00:01.89 ETA=00:54.94 | GPU MB alloc/reserved=278.7/1898.0
2026-04-11 16:23:32 | INFO | [Round 20] epoch=52/80 loss=0.1237 acc=95.96 val_acc=nan data_t=0.0025s batch_t=0.0921s epoch_t=00:01.89 lr=0.000280 | GPU MB alloc/reserved=278.7/1898.0
2026-04-11 16:23:32 | INFO | [Round 20] Epoch 52/80 time=00:01.89 avg=00:01.89 ETA=00:53.05 | GPU MB alloc/reserved=278.7/1898.0
2026-04-11 16:23:34 | INFO | [Round 20] epoch=53/80 loss=0.0899 acc=97.64 val_acc=nan data_t=0.0018s batch_t=0.0939s epoch_t=00:01.91 lr=0.000263 | GPU MB alloc/reserved=278.7/1898.0
2026-04-11 16:23:34 | INFO | [Round 20] Epoch 53/80 time=00:01.91 avg=00:01.89 ETA=00:51.16 | GPU MB alloc/reserved=278.7/1898.0
2026-04-11 16:23:36 | INFO | [Round 20] epoch=54/80 loss=0.0896 acc=97.72 val_acc=nan data_t=0.0014s batch_t=0.0934s epoch_t=00:01.90 lr=0.000246 | GPU MB alloc/reserved=278.7/1898.0
2026-04-11 16:23:36 | INFO | [Round 20] Epoch 54/80 time=00:01.90 avg=00:01.89 ETA=00:49.27 | GPU MB alloc/reserved=278.7/1898.0
2026-04-11 16:23:38 | INFO | [Round 20] epoch=55/80 loss=0.0616 acc=98.56 val_acc=nan data_t=0.0014s batch_t=0.0926s epoch_t=00:01.88 lr=0.000230 | GPU MB alloc/reserved=278.7/1898.0
2026-04-11 16:23:38 | INFO | [Round 20] Epoch 55/80 time=00:01.88 avg=00:01.89 ETA=00:47.37 | GPU MB alloc/reserved=278.7/1898.0
2026-04-11 16:23:40 | INFO | [Round 20] epoch=56/80 loss=0.0532 acc=98.72 val_acc=nan data_t=0.0014s batch_t=0.0929s epoch_t=00:01.89 lr=0.000214 | GPU MB alloc/reserved=278.7/1898.0
2026-04-11 16:23:40 | INFO | [Round 20] Epoch 56/80 time=00:01.89 avg=00:01.89 ETA=00:45.47 | GPU MB alloc/reserved=278.7/1898.0
2026-04-11 16:23:42 | INFO | [Round 20] epoch=57/80 loss=0.0463 acc=98.92 val_acc=nan data_t=0.0017s batch_t=0.0916s epoch_t=00:01.87 lr=0.000199 | GPU MB alloc/reserved=278.7/1898.0
2026-04-11 16:23:42 | INFO | [Round 20] Epoch 57/80 time=00:01.87 avg=00:01.89 ETA=00:43.56 | GPU MB alloc/reserved=278.7/1898.0
2026-04-11 16:23:44 | INFO | [Round 20] epoch=58/80 loss=0.0433 acc=99.04 val_acc=nan data_t=0.0014s batch_t=0.0929s epoch_t=00:01.89 lr=0.000184 | GPU MB alloc/reserved=278.7/1898.0
2026-04-11 16:23:44 | INFO | [Round 20] Epoch 58/80 time=00:01.89 avg=00:01.89 ETA=00:41.67 | GPU MB alloc/reserved=278.7/1898.0
2026-04-11 16:23:46 | INFO | [Round 20] epoch=59/80 loss=0.0429 acc=98.92 val_acc=nan data_t=0.0014s batch_t=0.0928s epoch_t=00:01.88 lr=0.000169 | GPU MB alloc/reserved=278.7/1898.0
2026-04-11 16:23:46 | INFO | [Round 20] Epoch 59/80 time=00:01.88 avg=00:01.89 ETA=00:39.77 | GPU MB alloc/reserved=278.7/1898.0
2026-04-11 16:23:48 | INFO | [Round 20] epoch=60/80 loss=0.0330 acc=99.64 val_acc=nan data_t=0.0016s batch_t=0.0932s epoch_t=00:01.90 lr=0.000155 | GPU MB alloc/reserved=278.7/1898.0
2026-04-11 16:23:48 | INFO | [Round 20] Epoch 60/80 time=00:01.90 avg=00:01.89 ETA=00:37.88 | GPU MB alloc/reserved=278.7/1898.0
2026-04-11 16:23:50 | INFO | [Round 20] epoch=61/80 loss=0.0328 acc=99.32 val_acc=nan data_t=0.0014s batch_t=0.0930s epoch_t=00:01.89 lr=0.000142 | GPU MB alloc/reserved=278.7/1898.0
2026-04-11 16:23:50 | INFO | [Round 20] Epoch 61/80 time=00:01.89 avg=00:01.89 ETA=00:35.98 | GPU MB alloc/reserved=278.7/1898.0
2026-04-11 16:23:51 | INFO | [Round 20] epoch=62/80 loss=0.0266 acc=99.72 val_acc=nan data_t=0.0014s batch_t=0.0911s epoch_t=00:01.85 lr=0.000129 | GPU MB alloc/reserved=278.7/1898.0
2026-04-11 16:23:51 | INFO | [Round 20] Epoch 62/80 time=00:01.85 avg=00:01.89 ETA=00:34.08 | GPU MB alloc/reserved=278.7/1898.0
2026-04-11 16:23:53 | INFO | [Round 20] epoch=63/80 loss=0.0259 acc=99.68 val_acc=nan data_t=0.0015s batch_t=0.0935s epoch_t=00:01.90 lr=0.000116 | GPU MB alloc/reserved=278.7/1898.0
2026-04-11 16:23:53 | INFO | [Round 20] Epoch 63/80 time=00:01.90 avg=00:01.89 ETA=00:32.18 | GPU MB alloc/reserved=278.7/1898.0
2026-04-11 16:23:55 | INFO | [Round 20] epoch=64/80 loss=0.0258 acc=99.56 val_acc=nan data_t=0.0015s batch_t=0.0829s epoch_t=00:01.69 lr=0.000105 | GPU MB alloc/reserved=278.7/1898.0
2026-04-11 16:23:55 | INFO | [Round 20] Epoch 64/80 time=00:01.69 avg=00:01.89 ETA=00:30.24 | GPU MB alloc/reserved=278.7/1898.0
2026-04-11 16:23:57 | INFO | [Round 20] epoch=65/80 loss=0.0224 acc=99.68 val_acc=nan data_t=0.0022s batch_t=0.1004s epoch_t=00:02.05 lr=0.000093 | GPU MB alloc/reserved=278.7/1898.0
2026-04-11 16:23:57 | INFO | [Round 20] Epoch 65/80 time=00:02.05 avg=00:01.89 ETA=00:28.39 | GPU MB alloc/reserved=278.7/1898.0
2026-04-11 16:23:59 | INFO | [Round 20] epoch=66/80 loss=0.0176 acc=99.88 val_acc=nan data_t=0.0014s batch_t=0.1004s epoch_t=00:02.04 lr=0.000083 | GPU MB alloc/reserved=278.7/1898.0
2026-04-11 16:23:59 | INFO | [Round 20] Epoch 66/80 time=00:02.04 avg=00:01.89 ETA=00:26.53 | GPU MB alloc/reserved=278.7/1898.0
2026-04-11 16:24:01 | INFO | [Round 20] epoch=67/80 loss=0.0156 acc=99.92 val_acc=nan data_t=0.0018s batch_t=0.1010s epoch_t=00:02.06 lr=0.000073 | GPU MB alloc/reserved=278.7/1898.0
2026-04-11 16:24:01 | INFO | [Round 20] Epoch 67/80 time=00:02.06 avg=00:01.90 ETA=00:24.66 | GPU MB alloc/reserved=278.7/1898.0
2026-04-11 16:24:03 | INFO | [Round 20] epoch=68/80 loss=0.0169 acc=99.80 val_acc=nan data_t=0.0013s batch_t=0.1014s epoch_t=00:02.05 lr=0.000064 | GPU MB alloc/reserved=278.7/1898.0
2026-04-11 16:24:03 | INFO | [Round 20] Epoch 68/80 time=00:02.05 avg=00:01.90 ETA=00:22.79 | GPU MB alloc/reserved=278.7/1898.0
2026-04-11 16:24:05 | INFO | [Round 20] epoch=69/80 loss=0.0132 acc=99.92 val_acc=nan data_t=0.0015s batch_t=0.0715s epoch_t=00:01.46 lr=0.000055 | GPU MB alloc/reserved=278.7/1898.0
2026-04-11 16:24:05 | INFO | [Round 20] Epoch 69/80 time=00:01.46 avg=00:01.89 ETA=00:20.82 | GPU MB alloc/reserved=278.7/1898.0
2026-04-11 16:24:06 | INFO | [Round 20] epoch=70/80 loss=0.0140 acc=99.96 val_acc=nan data_t=0.0018s batch_t=0.0616s epoch_t=00:01.27 lr=0.000048 | GPU MB alloc/reserved=278.7/1898.0
2026-04-11 16:24:06 | INFO | [Round 20] Epoch 70/80 time=00:01.27 avg=00:01.88 ETA=00:18.84 | GPU MB alloc/reserved=278.7/1898.0
2026-04-11 16:24:07 | INFO | [Round 20] epoch=71/80 loss=0.0141 acc=99.88 val_acc=nan data_t=0.0014s batch_t=0.0646s epoch_t=00:01.32 lr=0.000041 | GPU MB alloc/reserved=278.7/1898.0
2026-04-11 16:24:07 | INFO | [Round 20] Epoch 71/80 time=00:01.32 avg=00:01.88 ETA=00:16.89 | GPU MB alloc/reserved=278.7/1898.0
2026-04-11 16:24:09 | INFO | [Round 20] epoch=72/80 loss=0.0155 acc=99.92 val_acc=nan data_t=0.0014s batch_t=0.0619s epoch_t=00:01.27 lr=0.000034 | GPU MB alloc/reserved=278.7/1898.0
2026-04-11 16:24:09 | INFO | [Round 20] Epoch 72/80 time=00:01.27 avg=00:01.87 ETA=00:14.94 | GPU MB alloc/reserved=278.7/1898.0
2026-04-11 16:24:10 | INFO | [Round 20] epoch=73/80 loss=0.0153 acc=99.84 val_acc=nan data_t=0.0015s batch_t=0.0641s epoch_t=00:01.31 lr=0.000029 | GPU MB alloc/reserved=278.7/1898.0
2026-04-11 16:24:10 | INFO | [Round 20] Epoch 73/80 time=00:01.31 avg=00:01.86 ETA=00:13.02 | GPU MB alloc/reserved=278.7/1898.0
2026-04-11 16:24:11 | INFO | [Round 20] epoch=74/80 loss=0.0122 acc=99.84 val_acc=nan data_t=0.0015s batch_t=0.0738s epoch_t=00:01.51 lr=0.000024 | GPU MB alloc/reserved=278.7/1898.0
2026-04-11 16:24:11 | INFO | [Round 20] Epoch 74/80 time=00:01.51 avg=00:01.86 ETA=00:11.13 | GPU MB alloc/reserved=278.7/1898.0
2026-04-11 16:24:13 | INFO | [Round 20] epoch=75/80 loss=0.0130 acc=99.96 val_acc=nan data_t=0.0014s batch_t=0.0869s epoch_t=00:01.77 lr=0.000020 | GPU MB alloc/reserved=278.7/1898.0
2026-04-11 16:24:13 | INFO | [Round 20] Epoch 75/80 time=00:01.77 avg=00:01.85 ETA=00:09.27 | GPU MB alloc/reserved=278.7/1898.0
2026-04-11 16:24:15 | INFO | [Round 20] epoch=76/80 loss=0.0125 acc=99.88 val_acc=nan data_t=0.0018s batch_t=0.0762s epoch_t=00:01.56 lr=0.000016 | GPU MB alloc/reserved=278.7/1898.0
2026-04-11 16:24:15 | INFO | [Round 20] Epoch 76/80 time=00:01.56 avg=00:01.85 ETA=00:07.40 | GPU MB alloc/reserved=278.7/1898.0
2026-04-11 16:24:17 | INFO | [Round 20] epoch=77/80 loss=0.0137 acc=99.84 val_acc=nan data_t=0.0016s batch_t=0.0964s epoch_t=00:01.96 lr=0.000013 | GPU MB alloc/reserved=278.7/1898.0
2026-04-11 16:24:17 | INFO | [Round 20] Epoch 77/80 time=00:01.96 avg=00:01.85 ETA=00:05.56 | GPU MB alloc/reserved=278.7/1898.0
2026-04-11 16:24:19 | INFO | [Round 20] epoch=78/80 loss=0.0106 acc=100.00 val_acc=nan data_t=0.0024s batch_t=0.0961s epoch_t=00:01.97 lr=0.000012 | GPU MB alloc/reserved=278.7/1898.0
2026-04-11 16:24:19 | INFO | [Round 20] Epoch 78/80 time=00:01.97 avg=00:01.85 ETA=00:03.71 | GPU MB alloc/reserved=278.7/1898.0
2026-04-11 16:24:21 | INFO | [Round 20] epoch=79/80 loss=0.0111 acc=99.92 val_acc=nan data_t=0.0022s batch_t=0.0981s epoch_t=00:02.01 lr=0.000010 | GPU MB alloc/reserved=278.7/1898.0
2026-04-11 16:24:21 | INFO | [Round 20] Epoch 79/80 time=00:02.01 avg=00:01.86 ETA=00:01.86 | GPU MB alloc/reserved=278.7/1898.0
2026-04-11 16:24:23 | INFO | [Round 20] epoch=80/80 loss=0.0137 acc=99.76 val_acc=nan data_t=0.0018s batch_t=0.0981s epoch_t=00:02.00 lr=0.000010 | GPU MB alloc/reserved=278.7/1898.0
2026-04-11 16:24:23 | INFO | [Round 20] Epoch 80/80 time=00:02.00 avg=00:01.86 ETA=00:00.00 | GPU MB alloc/reserved=278.7/1898.0
2026-04-11 16:24:23 | INFO | [Round 20] training complete in 02:28.94 (best monitor=100.000) | GPU MB alloc/reserved=278.7/1898.0
2026-04-11 16:24:23 | INFO | [Round 20] evaluation started | GPU MB alloc/reserved=192.9/1898.0
2026-04-11 16:24:29 | INFO | [Round 20] clean=67.38 fgsm=54.89 pgd=54.40 grad_disp_mean=nan grad_disp_sel=nan round_t=156.51s | GPU MB alloc/reserved=192.9/1898.0
2026-04-11 16:24:29 | INFO | [Round 21/21] elapsed=02:36.51 avg_round=01:40.85 projected_remaining=00:00.00 | GPU MB alloc/reserved=192.9/1898.0
2026-04-11 16:24:29 | INFO | Method badge finished in 2136.11s | GPU MB alloc/reserved=104.6/1898.0
