2026-04-11 18:12:58 | INFO | Starting method=coreset seed=4 device=cuda run_dir=/data1/doyoung/ADV-AL/experiments/set_ADV_main_resnet18_cifar100/cifar100_resnet18_coreset_b100_r20/seed_4 | GPU MB alloc/reserved=0.0/0.0
2026-04-11 18:12:59 | INFO | Data loaded in 0.87s (train_total=50000 al_train=50000 val_fixed=0 test=10000) | GPU: n/a
2026-04-11 18:13:00 | INFO | [Round 0] labeled=500 train=500 val_fixed=0 | GPU MB alloc/reserved=42.9/64.0
2026-04-11 18:13:01 | INFO | [Round 0] epoch=1/80 loss=4.8037 acc=3.00 val_acc=nan data_t=0.0467s batch_t=0.2741s epoch_t=00:01.28 lr=0.001000 | GPU MB alloc/reserved=191.9/1028.0
2026-04-11 18:13:01 | INFO | [Round 0] Epoch 1/80 time=00:01.28 avg=00:01.28 ETA=01:41.39 | GPU MB alloc/reserved=191.9/1028.0
2026-04-11 18:13:01 | INFO | [Round 0] epoch=2/80 loss=4.2801 acc=5.20 val_acc=nan data_t=0.0084s batch_t=0.0948s epoch_t=00:00.41 lr=0.000998 | GPU MB alloc/reserved=191.9/1028.0
2026-04-11 18:13:01 | INFO | [Round 0] Epoch 2/80 time=00:00.41 avg=00:00.85 ETA=01:06.15 | GPU MB alloc/reserved=191.9/1028.0
2026-04-11 18:13:02 | INFO | [Round 0] epoch=3/80 loss=3.9621 acc=10.40 val_acc=nan data_t=0.0063s batch_t=0.1052s epoch_t=00:00.45 lr=0.000997 | GPU MB alloc/reserved=191.9/1028.0
2026-04-11 18:13:02 | INFO | [Round 0] Epoch 3/80 time=00:00.45 avg=00:00.71 ETA=00:54.99 | GPU MB alloc/reserved=191.9/1028.0
2026-04-11 18:13:02 | INFO | [Round 0] epoch=4/80 loss=3.7009 acc=14.60 val_acc=nan data_t=0.0065s batch_t=0.1042s epoch_t=00:00.44 lr=0.000994 | GPU MB alloc/reserved=191.9/1028.0
2026-04-11 18:13:02 | INFO | [Round 0] Epoch 4/80 time=00:00.44 avg=00:00.65 ETA=00:49.12 | GPU MB alloc/reserved=191.9/1028.0
2026-04-11 18:13:03 | INFO | [Round 0] epoch=5/80 loss=3.4776 acc=14.80 val_acc=nan data_t=0.0100s batch_t=0.1036s epoch_t=00:00.45 lr=0.000990 | GPU MB alloc/reserved=191.9/1028.0
2026-04-11 18:13:03 | INFO | [Round 0] Epoch 5/80 time=00:00.45 avg=00:00.61 ETA=00:45.60 | GPU MB alloc/reserved=191.9/1028.0
2026-04-11 18:13:03 | INFO | [Round 0] epoch=6/80 loss=3.2676 acc=21.20 val_acc=nan data_t=0.0128s batch_t=0.0989s epoch_t=00:00.45 lr=0.000986 | GPU MB alloc/reserved=191.9/1028.0
2026-04-11 18:13:03 | INFO | [Round 0] Epoch 6/80 time=00:00.45 avg=00:00.58 ETA=00:43.01 | GPU MB alloc/reserved=191.9/1028.0
2026-04-11 18:13:04 | INFO | [Round 0] epoch=7/80 loss=3.0351 acc=22.60 val_acc=nan data_t=0.0073s batch_t=0.1034s epoch_t=00:00.44 lr=0.000981 | GPU MB alloc/reserved=191.9/1028.0
2026-04-11 18:13:04 | INFO | [Round 0] Epoch 7/80 time=00:00.44 avg=00:00.56 ETA=00:40.98 | GPU MB alloc/reserved=191.9/1028.0
2026-04-11 18:13:04 | INFO | [Round 0] epoch=8/80 loss=2.8329 acc=28.60 val_acc=nan data_t=0.0100s batch_t=0.1023s epoch_t=00:00.45 lr=0.000976 | GPU MB alloc/reserved=191.9/1028.0
2026-04-11 18:13:04 | INFO | [Round 0] Epoch 8/80 time=00:00.45 avg=00:00.55 ETA=00:39.41 | GPU MB alloc/reserved=191.9/1028.0
2026-04-11 18:13:05 | INFO | [Round 0] epoch=9/80 loss=2.6386 acc=31.40 val_acc=nan data_t=0.0128s batch_t=0.1012s epoch_t=00:00.46 lr=0.000969 | GPU MB alloc/reserved=191.9/1028.0
2026-04-11 18:13:05 | INFO | [Round 0] Epoch 9/80 time=00:00.46 avg=00:00.54 ETA=00:38.15 | GPU MB alloc/reserved=191.9/1028.0
2026-04-11 18:13:05 | INFO | [Round 0] epoch=10/80 loss=2.5142 acc=33.20 val_acc=nan data_t=0.0128s batch_t=0.0533s epoch_t=00:00.26 lr=0.000962 | GPU MB alloc/reserved=191.9/1028.0
2026-04-11 18:13:05 | INFO | [Round 0] Epoch 10/80 time=00:00.26 avg=00:00.51 ETA=00:35.70 | GPU MB alloc/reserved=191.9/1028.0
2026-04-11 18:13:05 | INFO | [Round 0] epoch=11/80 loss=2.4311 acc=37.00 val_acc=nan data_t=0.0063s batch_t=0.0677s epoch_t=00:00.30 lr=0.000955 | GPU MB alloc/reserved=191.9/1028.0
2026-04-11 18:13:05 | INFO | [Round 0] Epoch 11/80 time=00:00.30 avg=00:00.49 ETA=00:33.85 | GPU MB alloc/reserved=191.9/1028.0
2026-04-11 18:13:06 | INFO | [Round 0] epoch=12/80 loss=2.2842 acc=37.20 val_acc=nan data_t=0.0061s batch_t=0.0679s epoch_t=00:00.30 lr=0.000946 | GPU MB alloc/reserved=191.9/1028.0
2026-04-11 18:13:06 | INFO | [Round 0] Epoch 12/80 time=00:00.30 avg=00:00.47 ETA=00:32.26 | GPU MB alloc/reserved=191.9/1028.0
2026-04-11 18:13:06 | INFO | [Round 0] epoch=13/80 loss=2.0452 acc=43.20 val_acc=nan data_t=0.0128s batch_t=0.0642s epoch_t=00:00.31 lr=0.000937 | GPU MB alloc/reserved=191.9/1028.0
2026-04-11 18:13:06 | INFO | [Round 0] Epoch 13/80 time=00:00.31 avg=00:00.46 ETA=00:30.93 | GPU MB alloc/reserved=191.9/1028.0
2026-04-11 18:13:06 | INFO | [Round 0] epoch=14/80 loss=1.9512 acc=48.60 val_acc=nan data_t=0.0135s batch_t=0.0485s epoch_t=00:00.25 lr=0.000927 | GPU MB alloc/reserved=191.9/1028.0
2026-04-11 18:13:06 | INFO | [Round 0] Epoch 14/80 time=00:00.25 avg=00:00.45 ETA=00:29.46 | GPU MB alloc/reserved=191.9/1028.0
2026-04-11 18:13:06 | INFO | [Round 0] epoch=15/80 loss=1.7061 acc=57.40 val_acc=nan data_t=0.0095s batch_t=0.0328s epoch_t=00:00.17 lr=0.000917 | GPU MB alloc/reserved=191.9/1028.0
2026-04-11 18:13:06 | INFO | [Round 0] Epoch 15/80 time=00:00.17 avg=00:00.43 ETA=00:27.82 | GPU MB alloc/reserved=191.9/1028.0
2026-04-11 18:13:07 | INFO | [Round 0] epoch=16/80 loss=1.6430 acc=57.60 val_acc=nan data_t=0.0089s batch_t=0.0704s epoch_t=00:00.32 lr=0.000905 | GPU MB alloc/reserved=191.9/1028.0
2026-04-11 18:13:07 | INFO | [Round 0] Epoch 16/80 time=00:00.32 avg=00:00.42 ETA=00:26.95 | GPU MB alloc/reserved=191.9/1028.0
2026-04-11 18:13:07 | INFO | [Round 0] epoch=17/80 loss=1.4522 acc=61.40 val_acc=nan data_t=0.0123s batch_t=0.0895s epoch_t=00:00.41 lr=0.000894 | GPU MB alloc/reserved=191.9/1028.0
2026-04-11 18:13:07 | INFO | [Round 0] Epoch 17/80 time=00:00.41 avg=00:00.42 ETA=00:26.47 | GPU MB alloc/reserved=191.9/1028.0
2026-04-11 18:13:07 | INFO | [Round 0] epoch=18/80 loss=1.3694 acc=66.80 val_acc=nan data_t=0.0065s batch_t=0.1020s epoch_t=00:00.43 lr=0.000881 | GPU MB alloc/reserved=191.9/1028.0
2026-04-11 18:13:07 | INFO | [Round 0] Epoch 18/80 time=00:00.43 avg=00:00.42 ETA=00:26.10 | GPU MB alloc/reserved=191.9/1028.0
2026-04-11 18:13:08 | INFO | [Round 0] epoch=19/80 loss=1.1940 acc=70.60 val_acc=nan data_t=0.0108s batch_t=0.0955s epoch_t=00:00.43 lr=0.000868 | GPU MB alloc/reserved=191.9/1028.0
2026-04-11 18:13:08 | INFO | [Round 0] Epoch 19/80 time=00:00.43 avg=00:00.42 ETA=00:25.70 | GPU MB alloc/reserved=191.9/1028.0
2026-04-11 18:13:08 | INFO | [Round 0] epoch=20/80 loss=1.0420 acc=73.00 val_acc=nan data_t=0.0139s batch_t=0.0952s epoch_t=00:00.44 lr=0.000855 | GPU MB alloc/reserved=191.9/1028.0
2026-04-11 18:13:08 | INFO | [Round 0] Epoch 20/80 time=00:00.44 avg=00:00.42 ETA=00:25.32 | GPU MB alloc/reserved=191.9/1028.0
2026-04-11 18:13:09 | INFO | [Round 0] epoch=21/80 loss=0.9527 acc=76.60 val_acc=nan data_t=0.0146s batch_t=0.0881s epoch_t=00:00.41 lr=0.000841 | GPU MB alloc/reserved=191.9/1028.0
2026-04-11 18:13:09 | INFO | [Round 0] Epoch 21/80 time=00:00.41 avg=00:00.42 ETA=00:24.87 | GPU MB alloc/reserved=191.9/1028.0
2026-04-11 18:13:09 | INFO | [Round 0] epoch=22/80 loss=0.8085 acc=83.80 val_acc=nan data_t=0.0059s batch_t=0.0977s epoch_t=00:00.41 lr=0.000826 | GPU MB alloc/reserved=191.9/1028.0
2026-04-11 18:13:09 | INFO | [Round 0] Epoch 22/80 time=00:00.41 avg=00:00.42 ETA=00:24.43 | GPU MB alloc/reserved=191.9/1028.0
2026-04-11 18:13:10 | INFO | [Round 0] epoch=23/80 loss=0.7952 acc=79.80 val_acc=nan data_t=0.0141s batch_t=0.1008s epoch_t=00:00.46 lr=0.000811 | GPU MB alloc/reserved=191.9/1028.0
2026-04-11 18:13:10 | INFO | [Round 0] Epoch 23/80 time=00:00.46 avg=00:00.42 ETA=00:24.10 | GPU MB alloc/reserved=191.9/1028.0
2026-04-11 18:13:10 | INFO | [Round 0] epoch=24/80 loss=0.7171 acc=83.80 val_acc=nan data_t=0.0094s batch_t=0.1019s epoch_t=00:00.45 lr=0.000796 | GPU MB alloc/reserved=191.9/1028.0
2026-04-11 18:13:10 | INFO | [Round 0] Epoch 24/80 time=00:00.45 avg=00:00.42 ETA=00:23.73 | GPU MB alloc/reserved=191.9/1028.0
2026-04-11 18:13:11 | INFO | [Round 0] epoch=25/80 loss=0.6524 acc=87.40 val_acc=nan data_t=0.0093s batch_t=0.0974s epoch_t=00:00.43 lr=0.000780 | GPU MB alloc/reserved=191.9/1028.0
2026-04-11 18:13:11 | INFO | [Round 0] Epoch 25/80 time=00:00.43 avg=00:00.42 ETA=00:23.32 | GPU MB alloc/reserved=191.9/1028.0
2026-04-11 18:13:11 | INFO | [Round 0] epoch=26/80 loss=0.5691 acc=87.80 val_acc=nan data_t=0.0076s batch_t=0.0956s epoch_t=00:00.41 lr=0.000764 | GPU MB alloc/reserved=191.9/1028.0
2026-04-11 18:13:11 | INFO | [Round 0] Epoch 26/80 time=00:00.41 avg=00:00.42 ETA=00:22.87 | GPU MB alloc/reserved=191.9/1028.0
2026-04-11 18:13:11 | INFO | [Round 0] epoch=27/80 loss=0.4871 acc=91.80 val_acc=nan data_t=0.0059s batch_t=0.1004s epoch_t=00:00.43 lr=0.000747 | GPU MB alloc/reserved=191.9/1028.0
2026-04-11 18:13:11 | INFO | [Round 0] Epoch 27/80 time=00:00.43 avg=00:00.42 ETA=00:22.45 | GPU MB alloc/reserved=191.9/1028.0
2026-04-11 18:13:12 | INFO | [Round 0] epoch=28/80 loss=0.4529 acc=89.80 val_acc=nan data_t=0.0139s batch_t=0.0981s epoch_t=00:00.45 lr=0.000730 | GPU MB alloc/reserved=191.9/1028.0
2026-04-11 18:13:12 | INFO | [Round 0] Epoch 28/80 time=00:00.45 avg=00:00.42 ETA=00:22.07 | GPU MB alloc/reserved=191.9/1028.0
2026-04-11 18:13:12 | INFO | [Round 0] epoch=29/80 loss=0.3779 acc=93.60 val_acc=nan data_t=0.0102s batch_t=0.0970s epoch_t=00:00.43 lr=0.000712 | GPU MB alloc/reserved=191.9/1028.0
2026-04-11 18:13:12 | INFO | [Round 0] Epoch 29/80 time=00:00.43 avg=00:00.42 ETA=00:21.66 | GPU MB alloc/reserved=191.9/1028.0
2026-04-11 18:13:13 | INFO | [Round 0] epoch=30/80 loss=0.3182 acc=94.80 val_acc=nan data_t=0.0108s batch_t=0.1025s epoch_t=00:00.45 lr=0.000694 | GPU MB alloc/reserved=191.9/1028.0
2026-04-11 18:13:13 | INFO | [Round 0] Epoch 30/80 time=00:00.45 avg=00:00.43 ETA=00:21.28 | GPU MB alloc/reserved=191.9/1028.0
2026-04-11 18:13:13 | INFO | [Round 0] epoch=31/80 loss=0.3106 acc=95.00 val_acc=nan data_t=0.0069s batch_t=0.0968s epoch_t=00:00.42 lr=0.000676 | GPU MB alloc/reserved=191.9/1028.0
2026-04-11 18:13:13 | INFO | [Round 0] Epoch 31/80 time=00:00.42 avg=00:00.43 ETA=00:20.84 | GPU MB alloc/reserved=191.9/1028.0
2026-04-11 18:13:14 | INFO | [Round 0] epoch=32/80 loss=0.2925 acc=94.60 val_acc=nan data_t=0.0099s batch_t=0.0962s epoch_t=00:00.42 lr=0.000658 | GPU MB alloc/reserved=191.9/1028.0
2026-04-11 18:13:14 | INFO | [Round 0] Epoch 32/80 time=00:00.42 avg=00:00.43 ETA=00:20.41 | GPU MB alloc/reserved=191.9/1028.0
2026-04-11 18:13:14 | INFO | [Round 0] epoch=33/80 loss=0.2444 acc=96.00 val_acc=nan data_t=0.0149s batch_t=0.0966s epoch_t=00:00.45 lr=0.000639 | GPU MB alloc/reserved=191.9/1028.0
2026-04-11 18:13:14 | INFO | [Round 0] Epoch 33/80 time=00:00.45 avg=00:00.43 ETA=00:20.02 | GPU MB alloc/reserved=191.9/1028.0
2026-04-11 18:13:14 | INFO | [Round 0] epoch=34/80 loss=0.2395 acc=96.00 val_acc=nan data_t=0.0095s batch_t=0.1003s epoch_t=00:00.44 lr=0.000621 | GPU MB alloc/reserved=191.9/1028.0
2026-04-11 18:13:14 | INFO | [Round 0] Epoch 34/80 time=00:00.44 avg=00:00.43 ETA=00:19.61 | GPU MB alloc/reserved=191.9/1028.0
2026-04-11 18:13:15 | INFO | [Round 0] epoch=35/80 loss=0.1878 acc=97.60 val_acc=nan data_t=0.0096s batch_t=0.0563s epoch_t=00:00.26 lr=0.000602 | GPU MB alloc/reserved=191.9/1028.0
2026-04-11 18:13:15 | INFO | [Round 0] Epoch 35/80 time=00:00.26 avg=00:00.42 ETA=00:18.97 | GPU MB alloc/reserved=191.9/1028.0
2026-04-11 18:13:15 | INFO | [Round 0] epoch=36/80 loss=0.1802 acc=97.00 val_acc=nan data_t=0.0088s batch_t=0.0627s epoch_t=00:00.29 lr=0.000582 | GPU MB alloc/reserved=191.9/1028.0
2026-04-11 18:13:15 | INFO | [Round 0] Epoch 36/80 time=00:00.29 avg=00:00.42 ETA=00:18.39 | GPU MB alloc/reserved=191.9/1028.0
2026-04-11 18:13:15 | INFO | [Round 0] epoch=37/80 loss=0.1637 acc=98.60 val_acc=nan data_t=0.0125s batch_t=0.0606s epoch_t=00:00.29 lr=0.000563 | GPU MB alloc/reserved=191.9/1028.0
2026-04-11 18:13:15 | INFO | [Round 0] Epoch 37/80 time=00:00.29 avg=00:00.41 ETA=00:17.82 | GPU MB alloc/reserved=191.9/1028.0
2026-04-11 18:13:16 | INFO | [Round 0] epoch=38/80 loss=0.1532 acc=97.60 val_acc=nan data_t=0.0094s batch_t=0.0504s epoch_t=00:00.24 lr=0.000544 | GPU MB alloc/reserved=191.9/1028.0
2026-04-11 18:13:16 | INFO | [Round 0] Epoch 38/80 time=00:00.24 avg=00:00.41 ETA=00:17.22 | GPU MB alloc/reserved=191.9/1028.0
2026-04-11 18:13:16 | INFO | [Round 0] epoch=39/80 loss=0.1359 acc=97.00 val_acc=nan data_t=0.0125s batch_t=0.0534s epoch_t=00:00.26 lr=0.000524 | GPU MB alloc/reserved=191.9/1028.0
2026-04-11 18:13:16 | INFO | [Round 0] Epoch 39/80 time=00:00.26 avg=00:00.41 ETA=00:16.65 | GPU MB alloc/reserved=191.9/1028.0
2026-04-11 18:13:16 | INFO | [Round 0] epoch=40/80 loss=0.1332 acc=97.60 val_acc=nan data_t=0.0089s batch_t=0.0496s epoch_t=00:00.23 lr=0.000505 | GPU MB alloc/reserved=191.9/1028.0
2026-04-11 18:13:16 | INFO | [Round 0] Epoch 40/80 time=00:00.23 avg=00:00.40 ETA=00:16.07 | GPU MB alloc/reserved=191.9/1028.0
2026-04-11 18:13:16 | INFO | [Round 0] epoch=41/80 loss=0.1398 acc=98.00 val_acc=nan data_t=0.0132s batch_t=0.0582s epoch_t=00:00.29 lr=0.000486 | GPU MB alloc/reserved=191.9/1028.0
2026-04-11 18:13:16 | INFO | [Round 0] Epoch 41/80 time=00:00.29 avg=00:00.40 ETA=00:15.56 | GPU MB alloc/reserved=191.9/1028.0
2026-04-11 18:13:17 | INFO | [Round 0] epoch=42/80 loss=0.1234 acc=98.60 val_acc=nan data_t=0.0093s batch_t=0.0637s epoch_t=00:00.29 lr=0.000466 | GPU MB alloc/reserved=191.9/1028.0
2026-04-11 18:13:17 | INFO | [Round 0] Epoch 42/80 time=00:00.29 avg=00:00.40 ETA=00:15.07 | GPU MB alloc/reserved=191.9/1028.0
2026-04-11 18:13:17 | INFO | [Round 0] epoch=43/80 loss=0.1035 acc=98.80 val_acc=nan data_t=0.0065s batch_t=0.0577s epoch_t=00:00.26 lr=0.000447 | GPU MB alloc/reserved=191.9/1028.0
2026-04-11 18:13:17 | INFO | [Round 0] Epoch 43/80 time=00:00.26 avg=00:00.39 ETA=00:14.55 | GPU MB alloc/reserved=191.9/1028.0
2026-04-11 18:13:17 | INFO | [Round 0] epoch=44/80 loss=0.0963 acc=99.00 val_acc=nan data_t=0.0060s batch_t=0.0554s epoch_t=00:00.25 lr=0.000428 | GPU MB alloc/reserved=191.9/1028.0
2026-04-11 18:13:17 | INFO | [Round 0] Epoch 44/80 time=00:00.25 avg=00:00.39 ETA=00:14.04 | GPU MB alloc/reserved=191.9/1028.0
2026-04-11 18:13:17 | INFO | [Round 0] epoch=45/80 loss=0.0877 acc=98.80 val_acc=nan data_t=0.0075s batch_t=0.0541s epoch_t=00:00.25 lr=0.000408 | GPU MB alloc/reserved=191.9/1028.0
2026-04-11 18:13:17 | INFO | [Round 0] Epoch 45/80 time=00:00.25 avg=00:00.39 ETA=00:13.53 | GPU MB alloc/reserved=191.9/1028.0
2026-04-11 18:13:18 | INFO | [Round 0] epoch=46/80 loss=0.0755 acc=99.40 val_acc=nan data_t=0.0095s batch_t=0.0503s epoch_t=00:00.24 lr=0.000389 | GPU MB alloc/reserved=191.9/1028.0
2026-04-11 18:13:18 | INFO | [Round 0] Epoch 46/80 time=00:00.24 avg=00:00.38 ETA=00:13.04 | GPU MB alloc/reserved=191.9/1028.0
2026-04-11 18:13:18 | INFO | [Round 0] epoch=47/80 loss=0.0869 acc=98.60 val_acc=nan data_t=0.0124s batch_t=0.0566s epoch_t=00:00.28 lr=0.000371 | GPU MB alloc/reserved=191.9/1028.0
2026-04-11 18:13:18 | INFO | [Round 0] Epoch 47/80 time=00:00.28 avg=00:00.38 ETA=00:12.58 | GPU MB alloc/reserved=191.9/1028.0
2026-04-11 18:13:18 | INFO | [Round 0] epoch=48/80 loss=0.0640 acc=99.20 val_acc=nan data_t=0.0137s batch_t=0.0615s epoch_t=00:00.30 lr=0.000352 | GPU MB alloc/reserved=191.9/1028.0
2026-04-11 18:13:18 | INFO | [Round 0] Epoch 48/80 time=00:00.30 avg=00:00.38 ETA=00:12.15 | GPU MB alloc/reserved=191.9/1028.0
2026-04-11 18:13:18 | INFO | [Round 0] epoch=49/80 loss=0.0581 acc=99.80 val_acc=nan data_t=0.0133s batch_t=0.0609s epoch_t=00:00.30 lr=0.000334 | GPU MB alloc/reserved=191.9/1028.0
2026-04-11 18:13:18 | INFO | [Round 0] Epoch 49/80 time=00:00.30 avg=00:00.38 ETA=00:11.71 | GPU MB alloc/reserved=191.9/1028.0
2026-04-11 18:13:19 | INFO | [Round 0] epoch=50/80 loss=0.0456 acc=99.80 val_acc=nan data_t=0.0101s batch_t=0.0524s epoch_t=00:00.25 lr=0.000316 | GPU MB alloc/reserved=191.9/1028.0
2026-04-11 18:13:19 | INFO | [Round 0] Epoch 50/80 time=00:00.25 avg=00:00.38 ETA=00:11.26 | GPU MB alloc/reserved=191.9/1028.0
2026-04-11 18:13:19 | INFO | [Round 0] epoch=51/80 loss=0.0691 acc=99.60 val_acc=nan data_t=0.0127s batch_t=0.0580s epoch_t=00:00.28 lr=0.000298 | GPU MB alloc/reserved=191.9/1028.0
2026-04-11 18:13:19 | INFO | [Round 0] Epoch 51/80 time=00:00.28 avg=00:00.37 ETA=00:10.83 | GPU MB alloc/reserved=191.9/1028.0
2026-04-11 18:13:19 | INFO | [Round 0] epoch=52/80 loss=0.0352 acc=99.80 val_acc=nan data_t=0.0127s batch_t=0.0537s epoch_t=00:00.27 lr=0.000280 | GPU MB alloc/reserved=191.9/1028.0
2026-04-11 18:13:19 | INFO | [Round 0] Epoch 52/80 time=00:00.27 avg=00:00.37 ETA=00:10.40 | GPU MB alloc/reserved=191.9/1028.0
2026-04-11 18:13:20 | INFO | [Round 0] epoch=53/80 loss=0.0426 acc=99.80 val_acc=nan data_t=0.0096s batch_t=0.0555s epoch_t=00:00.26 lr=0.000263 | GPU MB alloc/reserved=191.9/1028.0
2026-04-11 18:13:20 | INFO | [Round 0] Epoch 53/80 time=00:00.26 avg=00:00.37 ETA=00:09.97 | GPU MB alloc/reserved=191.9/1028.0
2026-04-11 18:13:20 | INFO | [Round 0] epoch=54/80 loss=0.0426 acc=99.60 val_acc=nan data_t=0.0062s batch_t=0.0537s epoch_t=00:00.24 lr=0.000246 | GPU MB alloc/reserved=191.9/1028.0
2026-04-11 18:13:20 | INFO | [Round 0] Epoch 54/80 time=00:00.24 avg=00:00.37 ETA=00:09.54 | GPU MB alloc/reserved=191.9/1028.0
2026-04-11 18:13:20 | INFO | [Round 0] epoch=55/80 loss=0.0390 acc=99.80 val_acc=nan data_t=0.0066s batch_t=0.0626s epoch_t=00:00.28 lr=0.000230 | GPU MB alloc/reserved=191.9/1028.0
2026-04-11 18:13:20 | INFO | [Round 0] Epoch 55/80 time=00:00.28 avg=00:00.37 ETA=00:09.13 | GPU MB alloc/reserved=191.9/1028.0
2026-04-11 18:13:20 | INFO | [Round 0] epoch=56/80 loss=0.0282 acc=100.00 val_acc=nan data_t=0.0105s batch_t=0.0666s epoch_t=00:00.31 lr=0.000214 | GPU MB alloc/reserved=191.9/1028.0
2026-04-11 18:13:20 | INFO | [Round 0] Epoch 56/80 time=00:00.31 avg=00:00.36 ETA=00:08.74 | GPU MB alloc/reserved=191.9/1028.0
2026-04-11 18:13:21 | INFO | [Round 0] epoch=57/80 loss=0.0424 acc=99.20 val_acc=nan data_t=0.0061s batch_t=0.0481s epoch_t=00:00.22 lr=0.000199 | GPU MB alloc/reserved=191.9/1028.0
2026-04-11 18:13:21 | INFO | [Round 0] Epoch 57/80 time=00:00.22 avg=00:00.36 ETA=00:08.32 | GPU MB alloc/reserved=191.9/1028.0
2026-04-11 18:13:21 | INFO | [Round 0] epoch=58/80 loss=0.0345 acc=99.80 val_acc=nan data_t=0.0124s batch_t=0.0556s epoch_t=00:00.27 lr=0.000184 | GPU MB alloc/reserved=191.9/1028.0
2026-04-11 18:13:21 | INFO | [Round 0] Epoch 58/80 time=00:00.27 avg=00:00.36 ETA=00:07.92 | GPU MB alloc/reserved=191.9/1028.0
2026-04-11 18:13:21 | INFO | [Round 0] epoch=59/80 loss=0.0276 acc=100.00 val_acc=nan data_t=0.0063s batch_t=0.0629s epoch_t=00:00.28 lr=0.000169 | GPU MB alloc/reserved=191.9/1028.0
2026-04-11 18:13:21 | INFO | [Round 0] Epoch 59/80 time=00:00.28 avg=00:00.36 ETA=00:07.53 | GPU MB alloc/reserved=191.9/1028.0
2026-04-11 18:13:22 | INFO | [Round 0] epoch=60/80 loss=0.0270 acc=100.00 val_acc=nan data_t=0.0127s batch_t=0.0817s epoch_t=00:00.38 lr=0.000155 | GPU MB alloc/reserved=191.9/1028.0
2026-04-11 18:13:22 | INFO | [Round 0] Epoch 60/80 time=00:00.38 avg=00:00.36 ETA=00:07.18 | GPU MB alloc/reserved=191.9/1028.0
2026-04-11 18:13:22 | INFO | [Round 0] epoch=61/80 loss=0.0240 acc=100.00 val_acc=nan data_t=0.0129s batch_t=0.0845s epoch_t=00:00.39 lr=0.000142 | GPU MB alloc/reserved=191.9/1028.0
2026-04-11 18:13:22 | INFO | [Round 0] Epoch 61/80 time=00:00.39 avg=00:00.36 ETA=00:06.83 | GPU MB alloc/reserved=191.9/1028.0
2026-04-11 18:13:22 | INFO | [Round 0] epoch=62/80 loss=0.0240 acc=100.00 val_acc=nan data_t=0.0135s batch_t=0.0821s epoch_t=00:00.38 lr=0.000129 | GPU MB alloc/reserved=191.9/1028.0
2026-04-11 18:13:22 | INFO | [Round 0] Epoch 62/80 time=00:00.38 avg=00:00.36 ETA=00:06.48 | GPU MB alloc/reserved=191.9/1028.0
2026-04-11 18:13:23 | INFO | [Round 0] epoch=63/80 loss=0.0233 acc=100.00 val_acc=nan data_t=0.0090s batch_t=0.0852s epoch_t=00:00.38 lr=0.000116 | GPU MB alloc/reserved=191.9/1028.0
2026-04-11 18:13:23 | INFO | [Round 0] Epoch 63/80 time=00:00.38 avg=00:00.36 ETA=00:06.12 | GPU MB alloc/reserved=191.9/1028.0
2026-04-11 18:13:23 | INFO | [Round 0] epoch=64/80 loss=0.0208 acc=100.00 val_acc=nan data_t=0.0129s batch_t=0.0824s epoch_t=00:00.38 lr=0.000105 | GPU MB alloc/reserved=191.9/1028.0
2026-04-11 18:13:23 | INFO | [Round 0] Epoch 64/80 time=00:00.38 avg=00:00.36 ETA=00:05.77 | GPU MB alloc/reserved=191.9/1028.0
2026-04-11 18:13:23 | INFO | [Round 0] epoch=65/80 loss=0.0230 acc=100.00 val_acc=nan data_t=0.0131s batch_t=0.0847s epoch_t=00:00.39 lr=0.000093 | GPU MB alloc/reserved=191.9/1028.0
2026-04-11 18:13:23 | INFO | [Round 0] Epoch 65/80 time=00:00.39 avg=00:00.36 ETA=00:05.42 | GPU MB alloc/reserved=191.9/1028.0
2026-04-11 18:13:24 | INFO | [Round 0] epoch=66/80 loss=0.0221 acc=100.00 val_acc=nan data_t=0.0095s batch_t=0.0872s epoch_t=00:00.39 lr=0.000083 | GPU MB alloc/reserved=191.9/1028.0
2026-04-11 18:13:24 | INFO | [Round 0] Epoch 66/80 time=00:00.39 avg=00:00.36 ETA=00:05.06 | GPU MB alloc/reserved=191.9/1028.0
2026-04-11 18:13:24 | INFO | [Round 0] epoch=67/80 loss=0.0202 acc=100.00 val_acc=nan data_t=0.0060s batch_t=0.0856s epoch_t=00:00.37 lr=0.000073 | GPU MB alloc/reserved=191.9/1028.0
2026-04-11 18:13:24 | INFO | [Round 0] Epoch 67/80 time=00:00.37 avg=00:00.36 ETA=00:04.70 | GPU MB alloc/reserved=191.9/1028.0
2026-04-11 18:13:25 | INFO | [Round 0] epoch=68/80 loss=0.0215 acc=100.00 val_acc=nan data_t=0.0113s batch_t=0.0862s epoch_t=00:00.39 lr=0.000064 | GPU MB alloc/reserved=191.9/1028.0
2026-04-11 18:13:25 | INFO | [Round 0] Epoch 68/80 time=00:00.39 avg=00:00.36 ETA=00:04.34 | GPU MB alloc/reserved=191.9/1028.0
2026-04-11 18:13:25 | INFO | [Round 0] epoch=69/80 loss=0.0198 acc=100.00 val_acc=nan data_t=0.0079s batch_t=0.0887s epoch_t=00:00.39 lr=0.000055 | GPU MB alloc/reserved=191.9/1028.0
2026-04-11 18:13:25 | INFO | [Round 0] Epoch 69/80 time=00:00.39 avg=00:00.36 ETA=00:03.99 | GPU MB alloc/reserved=191.9/1028.0
2026-04-11 18:13:25 | INFO | [Round 0] epoch=70/80 loss=0.0198 acc=100.00 val_acc=nan data_t=0.0071s batch_t=0.0845s epoch_t=00:00.37 lr=0.000048 | GPU MB alloc/reserved=191.9/1028.0
2026-04-11 18:13:25 | INFO | [Round 0] Epoch 70/80 time=00:00.37 avg=00:00.36 ETA=00:03.62 | GPU MB alloc/reserved=191.9/1028.0
2026-04-11 18:13:26 | INFO | [Round 0] epoch=71/80 loss=0.0200 acc=100.00 val_acc=nan data_t=0.0064s batch_t=0.0842s epoch_t=00:00.36 lr=0.000041 | GPU MB alloc/reserved=191.9/1028.0
2026-04-11 18:13:26 | INFO | [Round 0] Epoch 71/80 time=00:00.36 avg=00:00.36 ETA=00:03.26 | GPU MB alloc/reserved=191.9/1028.0
2026-04-11 18:13:26 | INFO | [Round 0] epoch=72/80 loss=0.0201 acc=100.00 val_acc=nan data_t=0.0123s batch_t=0.0891s epoch_t=00:00.41 lr=0.000034 | GPU MB alloc/reserved=191.9/1028.0
2026-04-11 18:13:26 | INFO | [Round 0] Epoch 72/80 time=00:00.41 avg=00:00.36 ETA=00:02.90 | GPU MB alloc/reserved=191.9/1028.0
2026-04-11 18:13:27 | INFO | [Round 0] epoch=73/80 loss=0.0177 acc=100.00 val_acc=nan data_t=0.0123s batch_t=0.0882s epoch_t=00:00.40 lr=0.000029 | GPU MB alloc/reserved=191.9/1028.0
2026-04-11 18:13:27 | INFO | [Round 0] Epoch 73/80 time=00:00.40 avg=00:00.36 ETA=00:02.54 | GPU MB alloc/reserved=191.9/1028.0
2026-04-11 18:13:27 | INFO | [Round 0] epoch=74/80 loss=0.0242 acc=99.80 val_acc=nan data_t=0.0127s batch_t=0.0854s epoch_t=00:00.39 lr=0.000024 | GPU MB alloc/reserved=191.9/1028.0
2026-04-11 18:13:27 | INFO | [Round 0] Epoch 74/80 time=00:00.39 avg=00:00.36 ETA=00:02.18 | GPU MB alloc/reserved=191.9/1028.0
2026-04-11 18:13:27 | INFO | [Round 0] epoch=75/80 loss=0.0186 acc=100.00 val_acc=nan data_t=0.0068s batch_t=0.0881s epoch_t=00:00.38 lr=0.000020 | GPU MB alloc/reserved=191.9/1028.0
2026-04-11 18:13:27 | INFO | [Round 0] Epoch 75/80 time=00:00.38 avg=00:00.36 ETA=00:01.82 | GPU MB alloc/reserved=191.9/1028.0
2026-04-11 18:13:28 | INFO | [Round 0] epoch=76/80 loss=0.0214 acc=100.00 val_acc=nan data_t=0.0095s batch_t=0.0848s epoch_t=00:00.38 lr=0.000016 | GPU MB alloc/reserved=191.9/1028.0
2026-04-11 18:13:28 | INFO | [Round 0] Epoch 76/80 time=00:00.38 avg=00:00.36 ETA=00:01.46 | GPU MB alloc/reserved=191.9/1028.0
2026-04-11 18:13:28 | INFO | [Round 0] epoch=77/80 loss=0.0187 acc=100.00 val_acc=nan data_t=0.0127s batch_t=0.0840s epoch_t=00:00.39 lr=0.000013 | GPU MB alloc/reserved=191.9/1028.0
2026-04-11 18:13:28 | INFO | [Round 0] Epoch 77/80 time=00:00.39 avg=00:00.36 ETA=00:01.09 | GPU MB alloc/reserved=191.9/1028.0
2026-04-11 18:13:28 | INFO | [Round 0] epoch=78/80 loss=0.0198 acc=100.00 val_acc=nan data_t=0.0065s batch_t=0.0849s epoch_t=00:00.37 lr=0.000012 | GPU MB alloc/reserved=191.9/1028.0
2026-04-11 18:13:28 | INFO | [Round 0] Epoch 78/80 time=00:00.37 avg=00:00.36 ETA=00:00.73 | GPU MB alloc/reserved=191.9/1028.0
2026-04-11 18:13:29 | INFO | [Round 0] epoch=79/80 loss=0.0199 acc=100.00 val_acc=nan data_t=0.0064s batch_t=0.0891s epoch_t=00:00.38 lr=0.000010 | GPU MB alloc/reserved=191.9/1028.0
2026-04-11 18:13:29 | INFO | [Round 0] Epoch 79/80 time=00:00.38 avg=00:00.36 ETA=00:00.36 | GPU MB alloc/reserved=191.9/1028.0
2026-04-11 18:13:29 | INFO | [Round 0] epoch=80/80 loss=0.0195 acc=100.00 val_acc=nan data_t=0.0064s batch_t=0.0861s epoch_t=00:00.37 lr=0.000010 | GPU MB alloc/reserved=191.9/1028.0
2026-04-11 18:13:29 | INFO | [Round 0] Epoch 80/80 time=00:00.37 avg=00:00.36 ETA=00:00.00 | GPU MB alloc/reserved=191.9/1028.0
2026-04-11 18:13:29 | INFO | [Round 0] training complete in 00:29.45 (best monitor=100.000) | GPU MB alloc/reserved=191.9/1028.0
2026-04-11 18:13:29 | INFO | [Round 0] evaluation started | GPU MB alloc/reserved=104.9/1028.0
2026-04-11 18:13:38 | INFO | [Round 0] clean=9.64 fgsm=7.36 pgd=7.33 grad_disp_mean=nan grad_disp_sel=nan round_t=38.70s | GPU MB alloc/reserved=104.9/1916.0
2026-04-11 18:13:38 | INFO | [Round 1/21] elapsed=00:38.70 avg_round=00:38.70 projected_remaining=12:53.92 | GPU MB alloc/reserved=104.9/1916.0
2026-04-11 18:13:39 | INFO | [Round 1] acquisition on pool_size=49500 scored_pool=5000 budget=100 | GPU MB alloc/reserved=104.9/1916.0
2026-04-11 18:13:39 | INFO | [CoreSet-unlabeled-feat] scoring progress 10/20 elapsed=00:00.21 avg/batch=0.021s ETA=00:00.21 | GPU MB alloc/reserved=113.0/1916.0
2026-04-11 18:13:39 | INFO | [CoreSet-unlabeled-feat] scoring progress 20/20 elapsed=00:00.35 avg/batch=0.018s ETA=00:00.00 | GPU MB alloc/reserved=116.7/1916.0
2026-04-11 18:13:39 | INFO | [CoreSet-labeled-feat] scoring progress 2/2 elapsed=00:00.19 avg/batch=0.094s ETA=00:00.00 | GPU MB alloc/reserved=118.6/1916.0
2026-04-11 18:13:40 | INFO | [CoreSet] greedy 10/100 cover_radius=29.610703 | GPU: n/a
2026-04-11 18:13:40 | INFO | [CoreSet] greedy 20/100 cover_radius=29.001036 | GPU: n/a
2026-04-11 18:13:40 | INFO | [CoreSet] greedy 30/100 cover_radius=28.629763 | GPU: n/a
2026-04-11 18:13:40 | INFO | [CoreSet] greedy 40/100 cover_radius=28.284191 | GPU: n/a
2026-04-11 18:13:40 | INFO | [CoreSet] greedy 50/100 cover_radius=27.975563 | GPU: n/a
2026-04-11 18:13:40 | INFO | [CoreSet] greedy 60/100 cover_radius=27.754440 | GPU: n/a
2026-04-11 18:13:40 | INFO | [CoreSet] greedy 70/100 cover_radius=27.574095 | GPU: n/a
2026-04-11 18:13:40 | INFO | [CoreSet] greedy 80/100 cover_radius=27.380058 | GPU: n/a
2026-04-11 18:13:40 | INFO | [CoreSet] greedy 90/100 cover_radius=27.215836 | GPU: n/a
2026-04-11 18:13:40 | INFO | [CoreSet] greedy 100/100 cover_radius=27.116236 | GPU: n/a
2026-04-11 18:13:40 | INFO | [Round 1] labeled=600 train=600 val_fixed=0 | GPU MB alloc/reserved=149.5/1916.0
2026-04-11 18:13:41 | INFO | [Round 1] epoch=1/80 loss=4.8084 acc=2.00 val_acc=nan data_t=0.0339s batch_t=0.0973s epoch_t=00:00.66 lr=0.001000 | GPU MB alloc/reserved=281.5/1916.0
2026-04-11 18:13:41 | INFO | [Round 1] Epoch 1/80 time=00:00.66 avg=00:00.66 ETA=00:51.87 | GPU MB alloc/reserved=281.5/1916.0
2026-04-11 18:13:41 | INFO | [Round 1] epoch=2/80 loss=4.3444 acc=5.00 val_acc=nan data_t=0.0064s batch_t=0.0610s epoch_t=00:00.34 lr=0.000998 | GPU MB alloc/reserved=280.4/1916.0
2026-04-11 18:13:41 | INFO | [Round 1] Epoch 2/80 time=00:00.34 avg=00:00.50 ETA=00:38.76 | GPU MB alloc/reserved=280.4/1916.0
2026-04-11 18:13:42 | INFO | [Round 1] epoch=3/80 loss=4.0463 acc=9.67 val_acc=nan data_t=0.0050s batch_t=0.0749s epoch_t=00:00.40 lr=0.000997 | GPU MB alloc/reserved=280.4/1916.0
2026-04-11 18:13:42 | INFO | [Round 1] Epoch 3/80 time=00:00.40 avg=00:00.46 ETA=00:35.77 | GPU MB alloc/reserved=280.4/1916.0
2026-04-11 18:13:42 | INFO | [Round 1] epoch=4/80 loss=3.8019 acc=12.17 val_acc=nan data_t=0.0050s batch_t=0.0909s epoch_t=00:00.48 lr=0.000994 | GPU MB alloc/reserved=280.4/1916.0
2026-04-11 18:13:42 | INFO | [Round 1] Epoch 4/80 time=00:00.48 avg=00:00.47 ETA=00:35.59 | GPU MB alloc/reserved=280.4/1916.0
2026-04-11 18:13:43 | INFO | [Round 1] epoch=5/80 loss=3.5665 acc=14.50 val_acc=nan data_t=0.0077s batch_t=0.0959s epoch_t=00:00.52 lr=0.000990 | GPU MB alloc/reserved=280.4/1916.0
2026-04-11 18:13:43 | INFO | [Round 1] Epoch 5/80 time=00:00.52 avg=00:00.48 ETA=00:35.87 | GPU MB alloc/reserved=280.4/1916.0
2026-04-11 18:13:43 | INFO | [Round 1] epoch=6/80 loss=3.3255 acc=17.17 val_acc=nan data_t=0.0103s batch_t=0.0952s epoch_t=00:00.53 lr=0.000986 | GPU MB alloc/reserved=280.4/1916.0
2026-04-11 18:13:43 | INFO | [Round 1] Epoch 6/80 time=00:00.53 avg=00:00.49 ETA=00:36.01 | GPU MB alloc/reserved=280.4/1916.0
2026-04-11 18:13:44 | INFO | [Round 1] epoch=7/80 loss=3.1365 acc=19.83 val_acc=nan data_t=0.0053s batch_t=0.0946s epoch_t=00:00.50 lr=0.000981 | GPU MB alloc/reserved=280.4/1916.0
2026-04-11 18:13:44 | INFO | [Round 1] Epoch 7/80 time=00:00.50 avg=00:00.49 ETA=00:35.65 | GPU MB alloc/reserved=280.4/1916.0
2026-04-11 18:13:44 | INFO | [Round 1] epoch=8/80 loss=2.9053 acc=25.67 val_acc=nan data_t=0.0103s batch_t=0.0859s epoch_t=00:00.48 lr=0.000976 | GPU MB alloc/reserved=280.4/1916.0
2026-04-11 18:13:44 | INFO | [Round 1] Epoch 8/80 time=00:00.48 avg=00:00.49 ETA=00:35.10 | GPU MB alloc/reserved=280.4/1916.0
2026-04-11 18:13:45 | INFO | [Round 1] epoch=9/80 loss=2.7600 acc=26.50 val_acc=nan data_t=0.0116s batch_t=0.0957s epoch_t=00:00.54 lr=0.000969 | GPU MB alloc/reserved=280.4/1916.0
2026-04-11 18:13:45 | INFO | [Round 1] Epoch 9/80 time=00:00.54 avg=00:00.49 ETA=00:35.00 | GPU MB alloc/reserved=280.4/1916.0
2026-04-11 18:13:45 | INFO | [Round 1] epoch=10/80 loss=2.6498 acc=26.83 val_acc=nan data_t=0.0049s batch_t=0.0952s epoch_t=00:00.50 lr=0.000962 | GPU MB alloc/reserved=280.4/1916.0
2026-04-11 18:13:45 | INFO | [Round 1] Epoch 10/80 time=00:00.50 avg=00:00.49 ETA=00:34.57 | GPU MB alloc/reserved=280.4/1916.0
2026-04-11 18:13:46 | INFO | [Round 1] epoch=11/80 loss=2.4595 acc=32.50 val_acc=nan data_t=0.0127s batch_t=0.0946s epoch_t=00:00.54 lr=0.000955 | GPU MB alloc/reserved=280.4/1916.0
2026-04-11 18:13:46 | INFO | [Round 1] Epoch 11/80 time=00:00.54 avg=00:00.50 ETA=00:34.34 | GPU MB alloc/reserved=280.4/1916.0
2026-04-11 18:13:46 | INFO | [Round 1] epoch=12/80 loss=2.2294 acc=40.33 val_acc=nan data_t=0.0055s batch_t=0.0962s epoch_t=00:00.51 lr=0.000946 | GPU MB alloc/reserved=280.4/1916.0
2026-04-11 18:13:46 | INFO | [Round 1] Epoch 12/80 time=00:00.51 avg=00:00.50 ETA=00:33.90 | GPU MB alloc/reserved=280.4/1916.0
2026-04-11 18:13:47 | INFO | [Round 1] epoch=13/80 loss=2.1854 acc=41.50 val_acc=nan data_t=0.0080s batch_t=0.0983s epoch_t=00:00.53 lr=0.000937 | GPU MB alloc/reserved=280.4/1916.0
2026-04-11 18:13:47 | INFO | [Round 1] Epoch 13/80 time=00:00.53 avg=00:00.50 ETA=00:33.58 | GPU MB alloc/reserved=280.4/1916.0
2026-04-11 18:13:48 | INFO | [Round 1] epoch=14/80 loss=1.9709 acc=45.67 val_acc=nan data_t=0.0102s batch_t=0.0961s epoch_t=00:00.53 lr=0.000927 | GPU MB alloc/reserved=280.4/1916.0
2026-04-11 18:13:48 | INFO | [Round 1] Epoch 14/80 time=00:00.53 avg=00:00.50 ETA=00:33.22 | GPU MB alloc/reserved=280.4/1916.0
2026-04-11 18:13:48 | INFO | [Round 1] epoch=15/80 loss=1.8363 acc=50.50 val_acc=nan data_t=0.0097s batch_t=0.0944s epoch_t=00:00.52 lr=0.000917 | GPU MB alloc/reserved=280.4/1916.0
2026-04-11 18:13:48 | INFO | [Round 1] Epoch 15/80 time=00:00.52 avg=00:00.50 ETA=00:32.79 | GPU MB alloc/reserved=280.4/1916.0
2026-04-11 18:13:49 | INFO | [Round 1] epoch=16/80 loss=1.6754 acc=56.33 val_acc=nan data_t=0.0086s batch_t=0.0949s epoch_t=00:00.52 lr=0.000905 | GPU MB alloc/reserved=280.4/1916.0
2026-04-11 18:13:49 | INFO | [Round 1] Epoch 16/80 time=00:00.52 avg=00:00.51 ETA=00:32.34 | GPU MB alloc/reserved=280.4/1916.0
2026-04-11 18:13:49 | INFO | [Round 1] epoch=17/80 loss=1.5272 acc=61.33 val_acc=nan data_t=0.0060s batch_t=0.0981s epoch_t=00:00.52 lr=0.000894 | GPU MB alloc/reserved=280.4/1916.0
2026-04-11 18:13:49 | INFO | [Round 1] Epoch 17/80 time=00:00.52 avg=00:00.51 ETA=00:31.89 | GPU MB alloc/reserved=280.4/1916.0
2026-04-11 18:13:50 | INFO | [Round 1] epoch=18/80 loss=1.4356 acc=62.00 val_acc=nan data_t=0.0108s batch_t=0.0979s epoch_t=00:00.54 lr=0.000881 | GPU MB alloc/reserved=280.4/1916.0
2026-04-11 18:13:50 | INFO | [Round 1] Epoch 18/80 time=00:00.54 avg=00:00.51 ETA=00:31.51 | GPU MB alloc/reserved=280.4/1916.0
2026-04-11 18:13:50 | INFO | [Round 1] epoch=19/80 loss=1.2976 acc=66.17 val_acc=nan data_t=0.0087s batch_t=0.0693s epoch_t=00:00.39 lr=0.000868 | GPU MB alloc/reserved=280.4/1916.0
2026-04-11 18:13:50 | INFO | [Round 1] Epoch 19/80 time=00:00.39 avg=00:00.50 ETA=00:30.63 | GPU MB alloc/reserved=280.4/1916.0
2026-04-11 18:13:50 | INFO | [Round 1] epoch=20/80 loss=1.1462 acc=70.83 val_acc=nan data_t=0.0082s batch_t=0.0582s epoch_t=00:00.33 lr=0.000855 | GPU MB alloc/reserved=280.4/1916.0
2026-04-11 18:13:50 | INFO | [Round 1] Epoch 20/80 time=00:00.33 avg=00:00.49 ETA=00:29.62 | GPU MB alloc/reserved=280.4/1916.0
2026-04-11 18:13:51 | INFO | [Round 1] epoch=21/80 loss=0.9982 acc=75.17 val_acc=nan data_t=0.0101s batch_t=0.0571s epoch_t=00:00.34 lr=0.000841 | GPU MB alloc/reserved=280.4/1916.0
2026-04-11 18:13:51 | INFO | [Round 1] Epoch 21/80 time=00:00.34 avg=00:00.49 ETA=00:28.68 | GPU MB alloc/reserved=280.4/1916.0
2026-04-11 18:13:51 | INFO | [Round 1] epoch=22/80 loss=0.9754 acc=74.83 val_acc=nan data_t=0.0080s batch_t=0.0604s epoch_t=00:00.34 lr=0.000826 | GPU MB alloc/reserved=280.4/1916.0
2026-04-11 18:13:51 | INFO | [Round 1] Epoch 22/80 time=00:00.34 avg=00:00.48 ETA=00:27.81 | GPU MB alloc/reserved=280.4/1916.0
2026-04-11 18:13:52 | INFO | [Round 1] epoch=23/80 loss=0.8754 acc=77.17 val_acc=nan data_t=0.0094s batch_t=0.0965s epoch_t=00:00.53 lr=0.000811 | GPU MB alloc/reserved=280.4/1916.0
2026-04-11 18:13:52 | INFO | [Round 1] Epoch 23/80 time=00:00.53 avg=00:00.48 ETA=00:27.46 | GPU MB alloc/reserved=280.4/1916.0
2026-04-11 18:13:52 | INFO | [Round 1] epoch=24/80 loss=0.8611 acc=77.83 val_acc=nan data_t=0.0067s batch_t=0.0906s epoch_t=00:00.49 lr=0.000796 | GPU MB alloc/reserved=280.4/1916.0
2026-04-11 18:13:52 | INFO | [Round 1] Epoch 24/80 time=00:00.49 avg=00:00.48 ETA=00:26.99 | GPU MB alloc/reserved=280.4/1916.0
2026-04-11 18:13:53 | INFO | [Round 1] epoch=25/80 loss=0.7294 acc=84.67 val_acc=nan data_t=0.0111s batch_t=0.0874s epoch_t=00:00.49 lr=0.000780 | GPU MB alloc/reserved=280.4/1916.0
2026-04-11 18:13:53 | INFO | [Round 1] Epoch 25/80 time=00:00.49 avg=00:00.48 ETA=00:26.53 | GPU MB alloc/reserved=280.4/1916.0
2026-04-11 18:13:53 | INFO | [Round 1] epoch=26/80 loss=0.6134 acc=86.17 val_acc=nan data_t=0.0093s batch_t=0.0999s epoch_t=00:00.55 lr=0.000764 | GPU MB alloc/reserved=280.4/1916.0
2026-04-11 18:13:53 | INFO | [Round 1] Epoch 26/80 time=00:00.55 avg=00:00.48 ETA=00:26.18 | GPU MB alloc/reserved=280.4/1916.0
2026-04-11 18:13:54 | INFO | [Round 1] epoch=27/80 loss=0.5561 acc=87.33 val_acc=nan data_t=0.0124s batch_t=0.1075s epoch_t=00:00.60 lr=0.000747 | GPU MB alloc/reserved=280.4/1916.0
2026-04-11 18:13:54 | INFO | [Round 1] Epoch 27/80 time=00:00.60 avg=00:00.49 ETA=00:25.92 | GPU MB alloc/reserved=280.4/1916.0
2026-04-11 18:13:54 | INFO | [Round 1] epoch=28/80 loss=0.5209 acc=90.33 val_acc=nan data_t=0.0056s batch_t=0.1078s epoch_t=00:00.57 lr=0.000730 | GPU MB alloc/reserved=280.4/1916.0
2026-04-11 18:13:54 | INFO | [Round 1] Epoch 28/80 time=00:00.57 avg=00:00.49 ETA=00:25.58 | GPU MB alloc/reserved=280.4/1916.0
2026-04-11 18:13:55 | INFO | [Round 1] epoch=29/80 loss=0.3998 acc=91.50 val_acc=nan data_t=0.0073s batch_t=0.0729s epoch_t=00:00.40 lr=0.000712 | GPU MB alloc/reserved=280.4/1916.0
2026-04-11 18:13:55 | INFO | [Round 1] Epoch 29/80 time=00:00.40 avg=00:00.49 ETA=00:24.93 | GPU MB alloc/reserved=280.4/1916.0
2026-04-11 18:13:55 | INFO | [Round 1] epoch=30/80 loss=0.3506 acc=94.50 val_acc=nan data_t=0.0100s batch_t=0.0547s epoch_t=00:00.32 lr=0.000694 | GPU MB alloc/reserved=280.4/1916.0
2026-04-11 18:13:55 | INFO | [Round 1] Epoch 30/80 time=00:00.32 avg=00:00.48 ETA=00:24.16 | GPU MB alloc/reserved=280.4/1916.0
2026-04-11 18:13:55 | INFO | [Round 1] epoch=31/80 loss=0.3434 acc=93.50 val_acc=nan data_t=0.0080s batch_t=0.0713s epoch_t=00:00.40 lr=0.000676 | GPU MB alloc/reserved=280.4/1916.0
2026-04-11 18:13:55 | INFO | [Round 1] Epoch 31/80 time=00:00.40 avg=00:00.48 ETA=00:23.54 | GPU MB alloc/reserved=280.4/1916.0
2026-04-11 18:13:56 | INFO | [Round 1] epoch=32/80 loss=0.2657 acc=95.17 val_acc=nan data_t=0.0051s batch_t=0.0716s epoch_t=00:00.38 lr=0.000658 | GPU MB alloc/reserved=280.4/1916.0
2026-04-11 18:13:56 | INFO | [Round 1] Epoch 32/80 time=00:00.38 avg=00:00.48 ETA=00:22.92 | GPU MB alloc/reserved=280.4/1916.0
2026-04-11 18:13:56 | INFO | [Round 1] epoch=33/80 loss=0.2300 acc=96.67 val_acc=nan data_t=0.0048s batch_t=0.0702s epoch_t=00:00.38 lr=0.000639 | GPU MB alloc/reserved=280.4/1916.0
2026-04-11 18:13:56 | INFO | [Round 1] Epoch 33/80 time=00:00.38 avg=00:00.47 ETA=00:22.30 | GPU MB alloc/reserved=280.4/1916.0
2026-04-11 18:13:57 | INFO | [Round 1] epoch=34/80 loss=0.2127 acc=97.33 val_acc=nan data_t=0.0057s batch_t=0.0821s epoch_t=00:00.44 lr=0.000621 | GPU MB alloc/reserved=280.4/1916.0
2026-04-11 18:13:57 | INFO | [Round 1] Epoch 34/80 time=00:00.44 avg=00:00.47 ETA=00:21.77 | GPU MB alloc/reserved=280.4/1916.0
2026-04-11 18:13:57 | INFO | [Round 1] epoch=35/80 loss=0.1984 acc=97.33 val_acc=nan data_t=0.0078s batch_t=0.0893s epoch_t=00:00.49 lr=0.000602 | GPU MB alloc/reserved=280.4/1916.0
2026-04-11 18:13:57 | INFO | [Round 1] Epoch 35/80 time=00:00.49 avg=00:00.47 ETA=00:21.32 | GPU MB alloc/reserved=280.4/1916.0
2026-04-11 18:13:58 | INFO | [Round 1] epoch=36/80 loss=0.1943 acc=97.00 val_acc=nan data_t=0.0063s batch_t=0.1005s epoch_t=00:00.53 lr=0.000582 | GPU MB alloc/reserved=280.4/1916.0
2026-04-11 18:13:58 | INFO | [Round 1] Epoch 36/80 time=00:00.53 avg=00:00.48 ETA=00:20.92 | GPU MB alloc/reserved=280.4/1916.0
2026-04-11 18:13:58 | INFO | [Round 1] epoch=37/80 loss=0.1515 acc=97.67 val_acc=nan data_t=0.0100s batch_t=0.0951s epoch_t=00:00.53 lr=0.000563 | GPU MB alloc/reserved=280.4/1916.0
2026-04-11 18:13:58 | INFO | [Round 1] Epoch 37/80 time=00:00.53 avg=00:00.48 ETA=00:20.50 | GPU MB alloc/reserved=280.4/1916.0
2026-04-11 18:13:59 | INFO | [Round 1] epoch=38/80 loss=0.1555 acc=98.00 val_acc=nan data_t=0.0053s batch_t=0.0940s epoch_t=00:00.50 lr=0.000544 | GPU MB alloc/reserved=280.4/1916.0
2026-04-11 18:13:59 | INFO | [Round 1] Epoch 38/80 time=00:00.50 avg=00:00.48 ETA=00:20.04 | GPU MB alloc/reserved=280.4/1916.0
2026-04-11 18:13:59 | INFO | [Round 1] epoch=39/80 loss=0.1349 acc=98.33 val_acc=nan data_t=0.0103s batch_t=0.0951s epoch_t=00:00.53 lr=0.000524 | GPU MB alloc/reserved=280.4/1916.0
2026-04-11 18:13:59 | INFO | [Round 1] Epoch 39/80 time=00:00.53 avg=00:00.48 ETA=00:19.62 | GPU MB alloc/reserved=280.4/1916.0
2026-04-11 18:14:00 | INFO | [Round 1] epoch=40/80 loss=0.1099 acc=99.33 val_acc=nan data_t=0.0054s batch_t=0.0889s epoch_t=00:00.47 lr=0.000505 | GPU MB alloc/reserved=280.4/1916.0
2026-04-11 18:14:00 | INFO | [Round 1] Epoch 40/80 time=00:00.47 avg=00:00.48 ETA=00:19.13 | GPU MB alloc/reserved=280.4/1916.0
2026-04-11 18:14:00 | INFO | [Round 1] epoch=41/80 loss=0.1183 acc=98.17 val_acc=nan data_t=0.0113s batch_t=0.0551s epoch_t=00:00.33 lr=0.000486 | GPU MB alloc/reserved=280.4/1916.0
2026-04-11 18:14:00 | INFO | [Round 1] Epoch 41/80 time=00:00.33 avg=00:00.47 ETA=00:18.52 | GPU MB alloc/reserved=280.4/1916.0
2026-04-11 18:14:00 | INFO | [Round 1] epoch=42/80 loss=0.0958 acc=98.67 val_acc=nan data_t=0.0048s batch_t=0.0504s epoch_t=00:00.28 lr=0.000466 | GPU MB alloc/reserved=280.4/1916.0
2026-04-11 18:14:00 | INFO | [Round 1] Epoch 42/80 time=00:00.28 avg=00:00.47 ETA=00:17.86 | GPU MB alloc/reserved=280.4/1916.0
2026-04-11 18:14:01 | INFO | [Round 1] epoch=43/80 loss=0.1047 acc=98.83 val_acc=nan data_t=0.0094s batch_t=0.0552s epoch_t=00:00.32 lr=0.000447 | GPU MB alloc/reserved=280.4/1916.0
2026-04-11 18:14:01 | INFO | [Round 1] Epoch 43/80 time=00:00.32 avg=00:00.47 ETA=00:17.27 | GPU MB alloc/reserved=280.4/1916.0
2026-04-11 18:14:01 | INFO | [Round 1] epoch=44/80 loss=0.0882 acc=99.67 val_acc=nan data_t=0.0110s batch_t=0.0837s epoch_t=00:00.47 lr=0.000428 | GPU MB alloc/reserved=280.4/1916.0
2026-04-11 18:14:01 | INFO | [Round 1] Epoch 44/80 time=00:00.47 avg=00:00.47 ETA=00:16.81 | GPU MB alloc/reserved=280.4/1916.0
2026-04-11 18:14:02 | INFO | [Round 1] epoch=45/80 loss=0.0964 acc=99.17 val_acc=nan data_t=0.0053s batch_t=0.1010s epoch_t=00:00.53 lr=0.000408 | GPU MB alloc/reserved=280.4/1916.0
2026-04-11 18:14:02 | INFO | [Round 1] Epoch 45/80 time=00:00.53 avg=00:00.47 ETA=00:16.39 | GPU MB alloc/reserved=280.4/1916.0
2026-04-11 18:14:02 | INFO | [Round 1] epoch=46/80 loss=0.0826 acc=99.33 val_acc=nan data_t=0.0110s batch_t=0.0971s epoch_t=00:00.54 lr=0.000389 | GPU MB alloc/reserved=280.4/1916.0
2026-04-11 18:14:02 | INFO | [Round 1] Epoch 46/80 time=00:00.54 avg=00:00.47 ETA=00:15.98 | GPU MB alloc/reserved=280.4/1916.0
2026-04-11 18:14:03 | INFO | [Round 1] epoch=47/80 loss=0.0834 acc=99.00 val_acc=nan data_t=0.0080s batch_t=0.0970s epoch_t=00:00.53 lr=0.000371 | GPU MB alloc/reserved=280.4/1916.0
2026-04-11 18:14:03 | INFO | [Round 1] Epoch 47/80 time=00:00.53 avg=00:00.47 ETA=00:15.54 | GPU MB alloc/reserved=280.4/1916.0
2026-04-11 18:14:03 | INFO | [Round 1] epoch=48/80 loss=0.0606 acc=99.67 val_acc=nan data_t=0.0078s batch_t=0.0964s epoch_t=00:00.52 lr=0.000352 | GPU MB alloc/reserved=280.4/1916.0
2026-04-11 18:14:03 | INFO | [Round 1] Epoch 48/80 time=00:00.52 avg=00:00.47 ETA=00:15.11 | GPU MB alloc/reserved=280.4/1916.0
2026-04-11 18:14:04 | INFO | [Round 1] epoch=49/80 loss=0.0479 acc=100.00 val_acc=nan data_t=0.0104s batch_t=0.0978s epoch_t=00:00.54 lr=0.000334 | GPU MB alloc/reserved=280.4/1916.0
2026-04-11 18:14:04 | INFO | [Round 1] Epoch 49/80 time=00:00.54 avg=00:00.47 ETA=00:14.68 | GPU MB alloc/reserved=280.4/1916.0
2026-04-11 18:14:04 | INFO | [Round 1] epoch=50/80 loss=0.0584 acc=99.33 val_acc=nan data_t=0.0107s batch_t=0.0872s epoch_t=00:00.49 lr=0.000316 | GPU MB alloc/reserved=280.4/1916.0
2026-04-11 18:14:04 | INFO | [Round 1] Epoch 50/80 time=00:00.49 avg=00:00.47 ETA=00:14.21 | GPU MB alloc/reserved=280.4/1916.0
2026-04-11 18:14:05 | INFO | [Round 1] epoch=51/80 loss=0.0511 acc=99.83 val_acc=nan data_t=0.0105s batch_t=0.0504s epoch_t=00:00.30 lr=0.000298 | GPU MB alloc/reserved=280.4/1916.0
2026-04-11 18:14:05 | INFO | [Round 1] Epoch 51/80 time=00:00.30 avg=00:00.47 ETA=00:13.64 | GPU MB alloc/reserved=280.4/1916.0
2026-04-11 18:14:05 | INFO | [Round 1] epoch=52/80 loss=0.0399 acc=100.00 val_acc=nan data_t=0.0088s batch_t=0.0629s epoch_t=00:00.36 lr=0.000280 | GPU MB alloc/reserved=280.4/1916.0
2026-04-11 18:14:05 | INFO | [Round 1] Epoch 52/80 time=00:00.36 avg=00:00.47 ETA=00:13.11 | GPU MB alloc/reserved=280.4/1916.0
2026-04-11 18:14:05 | INFO | [Round 1] epoch=53/80 loss=0.0521 acc=99.33 val_acc=nan data_t=0.0049s batch_t=0.0661s epoch_t=00:00.36 lr=0.000263 | GPU MB alloc/reserved=280.4/1916.0
2026-04-11 18:14:05 | INFO | [Round 1] Epoch 53/80 time=00:00.36 avg=00:00.47 ETA=00:12.59 | GPU MB alloc/reserved=280.4/1916.0
2026-04-11 18:14:06 | INFO | [Round 1] epoch=54/80 loss=0.0407 acc=99.33 val_acc=nan data_t=0.0048s batch_t=0.0580s epoch_t=00:00.31 lr=0.000246 | GPU MB alloc/reserved=280.4/1916.0
2026-04-11 18:14:06 | INFO | [Round 1] Epoch 54/80 time=00:00.31 avg=00:00.46 ETA=00:12.05 | GPU MB alloc/reserved=280.4/1916.0
2026-04-11 18:14:06 | INFO | [Round 1] epoch=55/80 loss=0.0400 acc=99.67 val_acc=nan data_t=0.0048s batch_t=0.0592s epoch_t=00:00.32 lr=0.000230 | GPU MB alloc/reserved=280.4/1916.0
2026-04-11 18:14:06 | INFO | [Round 1] Epoch 55/80 time=00:00.32 avg=00:00.46 ETA=00:11.52 | GPU MB alloc/reserved=280.4/1916.0
2026-04-11 18:14:06 | INFO | [Round 1] epoch=56/80 loss=0.0352 acc=100.00 val_acc=nan data_t=0.0105s batch_t=0.0675s epoch_t=00:00.39 lr=0.000214 | GPU MB alloc/reserved=280.4/1916.0
2026-04-11 18:14:06 | INFO | [Round 1] Epoch 56/80 time=00:00.39 avg=00:00.46 ETA=00:11.03 | GPU MB alloc/reserved=280.4/1916.0
2026-04-11 18:14:07 | INFO | [Round 1] epoch=57/80 loss=0.0451 acc=99.33 val_acc=nan data_t=0.0101s batch_t=0.0834s epoch_t=00:00.47 lr=0.000199 | GPU MB alloc/reserved=280.4/1916.0
2026-04-11 18:14:07 | INFO | [Round 1] Epoch 57/80 time=00:00.47 avg=00:00.46 ETA=00:10.57 | GPU MB alloc/reserved=280.4/1916.0
2026-04-11 18:14:07 | INFO | [Round 1] epoch=58/80 loss=0.0244 acc=100.00 val_acc=nan data_t=0.0080s batch_t=0.0905s epoch_t=00:00.49 lr=0.000184 | GPU MB alloc/reserved=280.4/1916.0
2026-04-11 18:14:07 | INFO | [Round 1] Epoch 58/80 time=00:00.49 avg=00:00.46 ETA=00:10.13 | GPU MB alloc/reserved=280.4/1916.0
2026-04-11 18:14:08 | INFO | [Round 1] epoch=59/80 loss=0.0305 acc=99.83 val_acc=nan data_t=0.0056s batch_t=0.0838s epoch_t=00:00.45 lr=0.000169 | GPU MB alloc/reserved=280.4/1916.0
2026-04-11 18:14:08 | INFO | [Round 1] Epoch 59/80 time=00:00.45 avg=00:00.46 ETA=00:09.66 | GPU MB alloc/reserved=280.4/1916.0
2026-04-11 18:14:08 | INFO | [Round 1] epoch=60/80 loss=0.0327 acc=99.83 val_acc=nan data_t=0.0064s batch_t=0.0805s epoch_t=00:00.43 lr=0.000155 | GPU MB alloc/reserved=280.4/1916.0
2026-04-11 18:14:08 | INFO | [Round 1] Epoch 60/80 time=00:00.43 avg=00:00.46 ETA=00:09.19 | GPU MB alloc/reserved=280.4/1916.0
2026-04-11 18:14:09 | INFO | [Round 1] epoch=61/80 loss=0.0235 acc=100.00 val_acc=nan data_t=0.0081s batch_t=0.0807s epoch_t=00:00.44 lr=0.000142 | GPU MB alloc/reserved=280.4/1916.0
2026-04-11 18:14:09 | INFO | [Round 1] Epoch 61/80 time=00:00.44 avg=00:00.46 ETA=00:08.73 | GPU MB alloc/reserved=280.4/1916.0
2026-04-11 18:14:09 | INFO | [Round 1] epoch=62/80 loss=0.0251 acc=100.00 val_acc=nan data_t=0.0062s batch_t=0.0840s epoch_t=00:00.45 lr=0.000129 | GPU MB alloc/reserved=280.4/1916.0
2026-04-11 18:14:09 | INFO | [Round 1] Epoch 62/80 time=00:00.45 avg=00:00.46 ETA=00:08.27 | GPU MB alloc/reserved=280.4/1916.0
2026-04-11 18:14:10 | INFO | [Round 1] epoch=63/80 loss=0.0235 acc=100.00 val_acc=nan data_t=0.0076s batch_t=0.0821s epoch_t=00:00.45 lr=0.000116 | GPU MB alloc/reserved=280.4/1916.0
2026-04-11 18:14:10 | INFO | [Round 1] Epoch 63/80 time=00:00.45 avg=00:00.46 ETA=00:07.80 | GPU MB alloc/reserved=280.4/1916.0
2026-04-11 18:14:10 | INFO | [Round 1] epoch=64/80 loss=0.0264 acc=99.83 val_acc=nan data_t=0.0123s batch_t=0.0869s epoch_t=00:00.50 lr=0.000105 | GPU MB alloc/reserved=280.4/1916.0
2026-04-11 18:14:10 | INFO | [Round 1] Epoch 64/80 time=00:00.50 avg=00:00.46 ETA=00:07.35 | GPU MB alloc/reserved=280.4/1916.0
2026-04-11 18:14:10 | INFO | [Round 1] epoch=65/80 loss=0.0251 acc=100.00 val_acc=nan data_t=0.0079s batch_t=0.0755s epoch_t=00:00.42 lr=0.000093 | GPU MB alloc/reserved=280.4/1916.0
2026-04-11 18:14:10 | INFO | [Round 1] Epoch 65/80 time=00:00.42 avg=00:00.46 ETA=00:06.89 | GPU MB alloc/reserved=280.4/1916.0
2026-04-11 18:14:11 | INFO | [Round 1] epoch=66/80 loss=0.0353 acc=99.33 val_acc=nan data_t=0.0101s batch_t=0.0828s epoch_t=00:00.47 lr=0.000083 | GPU MB alloc/reserved=280.4/1916.0
2026-04-11 18:14:11 | INFO | [Round 1] Epoch 66/80 time=00:00.47 avg=00:00.46 ETA=00:06.43 | GPU MB alloc/reserved=280.4/1916.0
2026-04-11 18:14:11 | INFO | [Round 1] epoch=67/80 loss=0.0216 acc=100.00 val_acc=nan data_t=0.0104s batch_t=0.0828s epoch_t=00:00.47 lr=0.000073 | GPU MB alloc/reserved=280.4/1916.0
2026-04-11 18:14:11 | INFO | [Round 1] Epoch 67/80 time=00:00.47 avg=00:00.46 ETA=00:05.97 | GPU MB alloc/reserved=280.4/1916.0
2026-04-11 18:14:12 | INFO | [Round 1] epoch=68/80 loss=0.0306 acc=99.83 val_acc=nan data_t=0.0100s batch_t=0.0810s epoch_t=00:00.46 lr=0.000064 | GPU MB alloc/reserved=280.4/1916.0
2026-04-11 18:14:12 | INFO | [Round 1] Epoch 68/80 time=00:00.46 avg=00:00.46 ETA=00:05.51 | GPU MB alloc/reserved=280.4/1916.0
2026-04-11 18:14:12 | INFO | [Round 1] epoch=69/80 loss=0.0314 acc=99.67 val_acc=nan data_t=0.0111s batch_t=0.0807s epoch_t=00:00.46 lr=0.000055 | GPU MB alloc/reserved=280.4/1916.0
2026-04-11 18:14:12 | INFO | [Round 1] Epoch 69/80 time=00:00.46 avg=00:00.46 ETA=00:05.05 | GPU MB alloc/reserved=280.4/1916.0
2026-04-11 18:14:13 | INFO | [Round 1] epoch=70/80 loss=0.0247 acc=100.00 val_acc=nan data_t=0.0078s batch_t=0.0849s epoch_t=00:00.46 lr=0.000048 | GPU MB alloc/reserved=280.4/1916.0
2026-04-11 18:14:13 | INFO | [Round 1] Epoch 70/80 time=00:00.46 avg=00:00.46 ETA=00:04.59 | GPU MB alloc/reserved=280.4/1916.0
2026-04-11 18:14:13 | INFO | [Round 1] epoch=71/80 loss=0.0216 acc=99.83 val_acc=nan data_t=0.0124s batch_t=0.0838s epoch_t=00:00.48 lr=0.000041 | GPU MB alloc/reserved=280.4/1916.0
2026-04-11 18:14:13 | INFO | [Round 1] Epoch 71/80 time=00:00.48 avg=00:00.46 ETA=00:04.14 | GPU MB alloc/reserved=280.4/1916.0
2026-04-11 18:14:14 | INFO | [Round 1] epoch=72/80 loss=0.0221 acc=100.00 val_acc=nan data_t=0.0075s batch_t=0.0771s epoch_t=00:00.42 lr=0.000034 | GPU MB alloc/reserved=280.4/1916.0
2026-04-11 18:14:14 | INFO | [Round 1] Epoch 72/80 time=00:00.42 avg=00:00.46 ETA=00:03.67 | GPU MB alloc/reserved=280.4/1916.0
2026-04-11 18:14:14 | INFO | [Round 1] epoch=73/80 loss=0.0231 acc=100.00 val_acc=nan data_t=0.0081s batch_t=0.0827s epoch_t=00:00.45 lr=0.000029 | GPU MB alloc/reserved=280.4/1916.0
2026-04-11 18:14:14 | INFO | [Round 1] Epoch 73/80 time=00:00.45 avg=00:00.46 ETA=00:03.21 | GPU MB alloc/reserved=280.4/1916.0
2026-04-11 18:14:15 | INFO | [Round 1] epoch=74/80 loss=0.0205 acc=100.00 val_acc=nan data_t=0.0093s batch_t=0.0817s epoch_t=00:00.46 lr=0.000024 | GPU MB alloc/reserved=280.4/1916.0
2026-04-11 18:14:15 | INFO | [Round 1] Epoch 74/80 time=00:00.46 avg=00:00.46 ETA=00:02.75 | GPU MB alloc/reserved=280.4/1916.0
2026-04-11 18:14:15 | INFO | [Round 1] epoch=75/80 loss=0.0199 acc=100.00 val_acc=nan data_t=0.0106s batch_t=0.0838s epoch_t=00:00.47 lr=0.000020 | GPU MB alloc/reserved=280.4/1916.0
2026-04-11 18:14:15 | INFO | [Round 1] Epoch 75/80 time=00:00.47 avg=00:00.46 ETA=00:02.30 | GPU MB alloc/reserved=280.4/1916.0
2026-04-11 18:14:16 | INFO | [Round 1] epoch=76/80 loss=0.0191 acc=100.00 val_acc=nan data_t=0.0082s batch_t=0.0844s epoch_t=00:00.46 lr=0.000016 | GPU MB alloc/reserved=280.4/1916.0
2026-04-11 18:14:16 | INFO | [Round 1] Epoch 76/80 time=00:00.46 avg=00:00.46 ETA=00:01.84 | GPU MB alloc/reserved=280.4/1916.0
2026-04-11 18:14:16 | INFO | [Round 1] epoch=77/80 loss=0.0217 acc=100.00 val_acc=nan data_t=0.0061s batch_t=0.0872s epoch_t=00:00.47 lr=0.000013 | GPU MB alloc/reserved=280.4/1916.0
2026-04-11 18:14:16 | INFO | [Round 1] Epoch 77/80 time=00:00.47 avg=00:00.46 ETA=00:01.38 | GPU MB alloc/reserved=280.4/1916.0
2026-04-11 18:14:16 | INFO | [Round 1] epoch=78/80 loss=0.0200 acc=100.00 val_acc=nan data_t=0.0067s batch_t=0.0838s epoch_t=00:00.45 lr=0.000012 | GPU MB alloc/reserved=280.4/1916.0
2026-04-11 18:14:16 | INFO | [Round 1] Epoch 78/80 time=00:00.45 avg=00:00.46 ETA=00:00.92 | GPU MB alloc/reserved=280.4/1916.0
2026-04-11 18:14:17 | INFO | [Round 1] epoch=79/80 loss=0.0227 acc=100.00 val_acc=nan data_t=0.0052s batch_t=0.0801s epoch_t=00:00.43 lr=0.000010 | GPU MB alloc/reserved=280.4/1916.0
2026-04-11 18:14:17 | INFO | [Round 1] Epoch 79/80 time=00:00.43 avg=00:00.46 ETA=00:00.46 | GPU MB alloc/reserved=280.4/1916.0
2026-04-11 18:14:17 | INFO | [Round 1] epoch=80/80 loss=0.0191 acc=100.00 val_acc=nan data_t=0.0061s batch_t=0.0780s epoch_t=00:00.42 lr=0.000010 | GPU MB alloc/reserved=280.4/1916.0
2026-04-11 18:14:17 | INFO | [Round 1] Epoch 80/80 time=00:00.42 avg=00:00.46 ETA=00:00.00 | GPU MB alloc/reserved=280.4/1916.0
2026-04-11 18:14:18 | INFO | [Round 1] training complete in 00:36.94 (best monitor=100.000) | GPU MB alloc/reserved=280.4/1916.0
2026-04-11 18:14:18 | INFO | [Round 1] evaluation started | GPU MB alloc/reserved=192.4/1916.0
2026-04-11 18:14:26 | INFO | [Round 1] clean=10.14 fgsm=7.61 pgd=7.57 grad_disp_mean=nan grad_disp_sel=nan round_t=47.31s | GPU MB alloc/reserved=192.4/1924.0
2026-04-11 18:14:26 | INFO | [Round 2/21] elapsed=00:47.31 avg_round=00:43.00 projected_remaining=13:37.01 | GPU MB alloc/reserved=192.4/1924.0
2026-04-11 18:14:27 | INFO | [Round 2] acquisition on pool_size=49400 scored_pool=5000 budget=100 | GPU MB alloc/reserved=103.8/1924.0
2026-04-11 18:14:27 | INFO | [CoreSet-unlabeled-feat] scoring progress 10/20 elapsed=00:00.23 avg/batch=0.023s ETA=00:00.23 | GPU MB alloc/reserved=111.9/1924.0
2026-04-11 18:14:27 | INFO | [CoreSet-unlabeled-feat] scoring progress 20/20 elapsed=00:00.35 avg/batch=0.018s ETA=00:00.00 | GPU MB alloc/reserved=115.2/1924.0
2026-04-11 18:14:27 | INFO | [CoreSet-labeled-feat] scoring progress 3/3 elapsed=00:00.19 avg/batch=0.063s ETA=00:00.00 | GPU MB alloc/reserved=116.0/1924.0
2026-04-11 18:14:28 | INFO | [CoreSet] greedy 10/100 cover_radius=28.718170 | GPU: n/a
2026-04-11 18:14:28 | INFO | [CoreSet] greedy 20/100 cover_radius=28.229500 | GPU: n/a
2026-04-11 18:14:28 | INFO | [CoreSet] greedy 30/100 cover_radius=27.811140 | GPU: n/a
2026-04-11 18:14:28 | INFO | [CoreSet] greedy 40/100 cover_radius=27.614302 | GPU: n/a
2026-04-11 18:14:28 | INFO | [CoreSet] greedy 50/100 cover_radius=27.379604 | GPU: n/a
2026-04-11 18:14:28 | INFO | [CoreSet] greedy 60/100 cover_radius=27.213875 | GPU: n/a
2026-04-11 18:14:28 | INFO | [CoreSet] greedy 70/100 cover_radius=26.991192 | GPU: n/a
2026-04-11 18:14:28 | INFO | [CoreSet] greedy 80/100 cover_radius=26.865295 | GPU: n/a
2026-04-11 18:14:28 | INFO | [CoreSet] greedy 90/100 cover_radius=26.771542 | GPU: n/a
2026-04-11 18:14:28 | INFO | [CoreSet] greedy 100/100 cover_radius=26.646452 | GPU: n/a
2026-04-11 18:14:28 | INFO | [Round 2] labeled=700 train=700 val_fixed=0 | GPU MB alloc/reserved=149.0/1924.0
2026-04-11 18:14:29 | INFO | [Round 2] epoch=1/80 loss=4.8547 acc=1.57 val_acc=nan data_t=0.0380s batch_t=0.0956s epoch_t=00:00.80 lr=0.001000 | GPU MB alloc/reserved=279.2/1924.0
2026-04-11 18:14:29 | INFO | [Round 2] Epoch 1/80 time=00:00.80 avg=00:00.80 ETA=01:03.35 | GPU MB alloc/reserved=279.2/1924.0
2026-04-11 18:14:30 | INFO | [Round 2] epoch=2/80 loss=4.3842 acc=5.14 val_acc=nan data_t=0.0075s batch_t=0.0854s epoch_t=00:00.56 lr=0.000998 | GPU MB alloc/reserved=279.2/1924.0
2026-04-11 18:14:30 | INFO | [Round 2] Epoch 2/80 time=00:00.56 avg=00:00.68 ETA=00:53.03 | GPU MB alloc/reserved=279.2/1924.0
2026-04-11 18:14:30 | INFO | [Round 2] epoch=3/80 loss=4.0639 acc=9.57 val_acc=nan data_t=0.0042s batch_t=0.0831s epoch_t=00:00.52 lr=0.000997 | GPU MB alloc/reserved=279.2/1924.0
2026-04-11 18:14:30 | INFO | [Round 2] Epoch 3/80 time=00:00.52 avg=00:00.63 ETA=00:48.36 | GPU MB alloc/reserved=279.2/1924.0
2026-04-11 18:14:31 | INFO | [Round 2] epoch=4/80 loss=3.8095 acc=11.71 val_acc=nan data_t=0.0086s batch_t=0.0837s epoch_t=00:00.55 lr=0.000994 | GPU MB alloc/reserved=279.2/1924.0
2026-04-11 18:14:31 | INFO | [Round 2] Epoch 4/80 time=00:00.55 avg=00:00.61 ETA=00:46.33 | GPU MB alloc/reserved=279.2/1924.0
2026-04-11 18:14:31 | INFO | [Round 2] epoch=5/80 loss=3.6248 acc=13.71 val_acc=nan data_t=0.0088s batch_t=0.0819s epoch_t=00:00.54 lr=0.000990 | GPU MB alloc/reserved=279.2/1924.0
2026-04-11 18:14:31 | INFO | [Round 2] Epoch 5/80 time=00:00.54 avg=00:00.60 ETA=00:44.74 | GPU MB alloc/reserved=279.2/1924.0
2026-04-11 18:14:32 | INFO | [Round 2] epoch=6/80 loss=3.4021 acc=18.00 val_acc=nan data_t=0.0044s batch_t=0.0842s epoch_t=00:00.53 lr=0.000986 | GPU MB alloc/reserved=279.2/1924.0
2026-04-11 18:14:32 | INFO | [Round 2] Epoch 6/80 time=00:00.53 avg=00:00.59 ETA=00:43.35 | GPU MB alloc/reserved=279.2/1924.0
2026-04-11 18:14:32 | INFO | [Round 2] epoch=7/80 loss=3.2940 acc=17.71 val_acc=nan data_t=0.0073s batch_t=0.0853s epoch_t=00:00.56 lr=0.000981 | GPU MB alloc/reserved=279.2/1924.0
2026-04-11 18:14:32 | INFO | [Round 2] Epoch 7/80 time=00:00.56 avg=00:00.58 ETA=00:42.45 | GPU MB alloc/reserved=279.2/1924.0
2026-04-11 18:14:33 | INFO | [Round 2] epoch=8/80 loss=3.0916 acc=22.71 val_acc=nan data_t=0.0107s batch_t=0.0852s epoch_t=00:00.58 lr=0.000976 | GPU MB alloc/reserved=279.2/1924.0
2026-04-11 18:14:33 | INFO | [Round 2] Epoch 8/80 time=00:00.58 avg=00:00.58 ETA=00:41.82 | GPU MB alloc/reserved=279.2/1924.0
2026-04-11 18:14:34 | INFO | [Round 2] epoch=9/80 loss=2.9614 acc=24.71 val_acc=nan data_t=0.0104s batch_t=0.0839s epoch_t=00:00.57 lr=0.000969 | GPU MB alloc/reserved=279.2/1924.0
2026-04-11 18:14:34 | INFO | [Round 2] Epoch 9/80 time=00:00.57 avg=00:00.58 ETA=00:41.12 | GPU MB alloc/reserved=279.2/1924.0
2026-04-11 18:14:34 | INFO | [Round 2] epoch=10/80 loss=2.7883 acc=28.29 val_acc=nan data_t=0.0054s batch_t=0.0845s epoch_t=00:00.54 lr=0.000962 | GPU MB alloc/reserved=279.2/1924.0
2026-04-11 18:14:34 | INFO | [Round 2] Epoch 10/80 time=00:00.54 avg=00:00.58 ETA=00:40.26 | GPU MB alloc/reserved=279.2/1924.0
2026-04-11 18:14:35 | INFO | [Round 2] epoch=11/80 loss=2.6327 acc=31.00 val_acc=nan data_t=0.0085s batch_t=0.0784s epoch_t=00:00.52 lr=0.000955 | GPU MB alloc/reserved=279.2/1924.0
2026-04-11 18:14:35 | INFO | [Round 2] Epoch 11/80 time=00:00.52 avg=00:00.57 ETA=00:39.35 | GPU MB alloc/reserved=279.2/1924.0
2026-04-11 18:14:35 | INFO | [Round 2] epoch=12/80 loss=2.5305 acc=33.29 val_acc=nan data_t=0.0072s batch_t=0.0800s epoch_t=00:00.52 lr=0.000946 | GPU MB alloc/reserved=279.2/1924.0
2026-04-11 18:14:35 | INFO | [Round 2] Epoch 12/80 time=00:00.52 avg=00:00.57 ETA=00:38.51 | GPU MB alloc/reserved=279.2/1924.0
2026-04-11 18:14:36 | INFO | [Round 2] epoch=13/80 loss=2.3847 acc=35.57 val_acc=nan data_t=0.0051s batch_t=0.0812s epoch_t=00:00.52 lr=0.000937 | GPU MB alloc/reserved=279.2/1924.0
2026-04-11 18:14:36 | INFO | [Round 2] Epoch 13/80 time=00:00.52 avg=00:00.56 ETA=00:37.70 | GPU MB alloc/reserved=279.2/1924.0
2026-04-11 18:14:36 | INFO | [Round 2] epoch=14/80 loss=2.2282 acc=40.29 val_acc=nan data_t=0.0071s batch_t=0.0822s epoch_t=00:00.54 lr=0.000927 | GPU MB alloc/reserved=279.2/1924.0
2026-04-11 18:14:36 | INFO | [Round 2] Epoch 14/80 time=00:00.54 avg=00:00.56 ETA=00:37.01 | GPU MB alloc/reserved=279.2/1924.0
2026-04-11 18:14:37 | INFO | [Round 2] epoch=15/80 loss=2.0538 acc=44.71 val_acc=nan data_t=0.0064s batch_t=0.0807s epoch_t=00:00.52 lr=0.000917 | GPU MB alloc/reserved=279.2/1924.0
2026-04-11 18:14:37 | INFO | [Round 2] Epoch 15/80 time=00:00.52 avg=00:00.56 ETA=00:36.28 | GPU MB alloc/reserved=279.2/1924.0
2026-04-11 18:14:37 | INFO | [Round 2] epoch=16/80 loss=1.9261 acc=47.86 val_acc=nan data_t=0.0062s batch_t=0.0842s epoch_t=00:00.54 lr=0.000905 | GPU MB alloc/reserved=279.2/1924.0
2026-04-11 18:14:37 | INFO | [Round 2] Epoch 16/80 time=00:00.54 avg=00:00.56 ETA=00:35.66 | GPU MB alloc/reserved=279.2/1924.0
2026-04-11 18:14:38 | INFO | [Round 2] epoch=17/80 loss=1.7782 acc=51.71 val_acc=nan data_t=0.0042s batch_t=0.0847s epoch_t=00:00.53 lr=0.000894 | GPU MB alloc/reserved=279.2/1924.0
2026-04-11 18:14:38 | INFO | [Round 2] Epoch 17/80 time=00:00.53 avg=00:00.56 ETA=00:35.02 | GPU MB alloc/reserved=279.2/1924.0
2026-04-11 18:14:38 | INFO | [Round 2] epoch=18/80 loss=1.6518 acc=55.29 val_acc=nan data_t=0.0082s batch_t=0.0754s epoch_t=00:00.50 lr=0.000881 | GPU MB alloc/reserved=279.2/1924.0
2026-04-11 18:14:38 | INFO | [Round 2] Epoch 18/80 time=00:00.50 avg=00:00.55 ETA=00:34.28 | GPU MB alloc/reserved=279.2/1924.0
2026-04-11 18:14:39 | INFO | [Round 2] epoch=19/80 loss=1.6466 acc=53.57 val_acc=nan data_t=0.0086s batch_t=0.0813s epoch_t=00:00.54 lr=0.000868 | GPU MB alloc/reserved=279.2/1924.0
2026-04-11 18:14:39 | INFO | [Round 2] Epoch 19/80 time=00:00.54 avg=00:00.55 ETA=00:33.68 | GPU MB alloc/reserved=279.2/1924.0
2026-04-11 18:14:39 | INFO | [Round 2] epoch=20/80 loss=1.4919 acc=57.57 val_acc=nan data_t=0.0046s batch_t=0.0812s epoch_t=00:00.51 lr=0.000855 | GPU MB alloc/reserved=279.2/1924.0
2026-04-11 18:14:39 | INFO | [Round 2] Epoch 20/80 time=00:00.51 avg=00:00.55 ETA=00:33.02 | GPU MB alloc/reserved=279.2/1924.0
2026-04-11 18:14:40 | INFO | [Round 2] epoch=21/80 loss=1.3410 acc=64.43 val_acc=nan data_t=0.0093s batch_t=0.0658s epoch_t=00:00.45 lr=0.000841 | GPU MB alloc/reserved=279.2/1924.0
2026-04-11 18:14:40 | INFO | [Round 2] Epoch 21/80 time=00:00.45 avg=00:00.55 ETA=00:32.19 | GPU MB alloc/reserved=279.2/1924.0
2026-04-11 18:14:41 | INFO | [Round 2] epoch=22/80 loss=1.2826 acc=67.43 val_acc=nan data_t=0.0058s batch_t=0.0896s epoch_t=00:00.57 lr=0.000826 | GPU MB alloc/reserved=279.2/1924.0
2026-04-11 18:14:41 | INFO | [Round 2] Epoch 22/80 time=00:00.57 avg=00:00.55 ETA=00:31.71 | GPU MB alloc/reserved=279.2/1924.0
2026-04-11 18:14:41 | INFO | [Round 2] epoch=23/80 loss=1.0359 acc=75.00 val_acc=nan data_t=0.0087s batch_t=0.0942s epoch_t=00:00.62 lr=0.000811 | GPU MB alloc/reserved=279.2/1924.0
2026-04-11 18:14:41 | INFO | [Round 2] Epoch 23/80 time=00:00.62 avg=00:00.55 ETA=00:31.34 | GPU MB alloc/reserved=279.2/1924.0
2026-04-11 18:14:42 | INFO | [Round 2] epoch=24/80 loss=0.9440 acc=76.14 val_acc=nan data_t=0.0064s batch_t=0.0951s epoch_t=00:00.61 lr=0.000796 | GPU MB alloc/reserved=279.2/1924.0
2026-04-11 18:14:42 | INFO | [Round 2] Epoch 24/80 time=00:00.61 avg=00:00.55 ETA=00:30.93 | GPU MB alloc/reserved=279.2/1924.0
2026-04-11 18:14:42 | INFO | [Round 2] epoch=25/80 loss=0.8675 acc=79.29 val_acc=nan data_t=0.0064s batch_t=0.0877s epoch_t=00:00.56 lr=0.000780 | GPU MB alloc/reserved=279.2/1924.0
2026-04-11 18:14:42 | INFO | [Round 2] Epoch 25/80 time=00:00.56 avg=00:00.55 ETA=00:30.41 | GPU MB alloc/reserved=279.2/1924.0
2026-04-11 18:14:43 | INFO | [Round 2] epoch=26/80 loss=0.7609 acc=83.57 val_acc=nan data_t=0.0092s batch_t=0.0931s epoch_t=00:00.61 lr=0.000764 | GPU MB alloc/reserved=279.2/1924.0
2026-04-11 18:14:43 | INFO | [Round 2] Epoch 26/80 time=00:00.61 avg=00:00.56 ETA=00:29.98 | GPU MB alloc/reserved=279.2/1924.0
2026-04-11 18:14:43 | INFO | [Round 2] epoch=27/80 loss=0.7128 acc=83.71 val_acc=nan data_t=0.0075s batch_t=0.0699s epoch_t=00:00.46 lr=0.000747 | GPU MB alloc/reserved=279.2/1924.0
2026-04-11 18:14:43 | INFO | [Round 2] Epoch 27/80 time=00:00.46 avg=00:00.55 ETA=00:29.25 | GPU MB alloc/reserved=279.2/1924.0
2026-04-11 18:14:44 | INFO | [Round 2] epoch=28/80 loss=0.7168 acc=82.14 val_acc=nan data_t=0.0043s batch_t=0.0950s epoch_t=00:00.60 lr=0.000730 | GPU MB alloc/reserved=279.2/1924.0
2026-04-11 18:14:44 | INFO | [Round 2] Epoch 28/80 time=00:00.60 avg=00:00.55 ETA=00:28.78 | GPU MB alloc/reserved=279.2/1924.0
2026-04-11 18:14:45 | INFO | [Round 2] epoch=29/80 loss=0.6349 acc=86.29 val_acc=nan data_t=0.0074s batch_t=0.1036s epoch_t=00:00.67 lr=0.000712 | GPU MB alloc/reserved=279.2/1924.0
2026-04-11 18:14:45 | INFO | [Round 2] Epoch 29/80 time=00:00.67 avg=00:00.56 ETA=00:28.42 | GPU MB alloc/reserved=279.2/1924.0
2026-04-11 18:14:45 | INFO | [Round 2] epoch=30/80 loss=0.5882 acc=86.29 val_acc=nan data_t=0.0044s batch_t=0.1059s epoch_t=00:00.66 lr=0.000694 | GPU MB alloc/reserved=279.2/1924.0
2026-04-11 18:14:45 | INFO | [Round 2] Epoch 30/80 time=00:00.66 avg=00:00.56 ETA=00:28.04 | GPU MB alloc/reserved=279.2/1924.0
2026-04-11 18:14:46 | INFO | [Round 2] epoch=31/80 loss=0.5004 acc=89.86 val_acc=nan data_t=0.0039s batch_t=0.1053s epoch_t=00:00.66 lr=0.000676 | GPU MB alloc/reserved=279.2/1924.0
2026-04-11 18:14:46 | INFO | [Round 2] Epoch 31/80 time=00:00.66 avg=00:00.56 ETA=00:27.63 | GPU MB alloc/reserved=279.2/1924.0
2026-04-11 18:14:47 | INFO | [Round 2] epoch=32/80 loss=0.4421 acc=90.86 val_acc=nan data_t=0.0087s batch_t=0.0982s epoch_t=00:00.64 lr=0.000658 | GPU MB alloc/reserved=279.2/1924.0
2026-04-11 18:14:47 | INFO | [Round 2] Epoch 32/80 time=00:00.64 avg=00:00.57 ETA=00:27.18 | GPU MB alloc/reserved=279.2/1924.0
2026-04-11 18:14:47 | INFO | [Round 2] epoch=33/80 loss=0.3819 acc=92.71 val_acc=nan data_t=0.0043s batch_t=0.1051s epoch_t=00:00.66 lr=0.000639 | GPU MB alloc/reserved=279.2/1924.0
2026-04-11 18:14:47 | INFO | [Round 2] Epoch 33/80 time=00:00.66 avg=00:00.57 ETA=00:26.74 | GPU MB alloc/reserved=279.2/1924.0
2026-04-11 18:14:48 | INFO | [Round 2] epoch=34/80 loss=0.3619 acc=92.57 val_acc=nan data_t=0.0081s batch_t=0.1037s epoch_t=00:00.67 lr=0.000621 | GPU MB alloc/reserved=279.2/1924.0
2026-04-11 18:14:48 | INFO | [Round 2] Epoch 34/80 time=00:00.67 avg=00:00.57 ETA=00:26.31 | GPU MB alloc/reserved=279.2/1924.0
2026-04-11 18:14:49 | INFO | [Round 2] epoch=35/80 loss=0.2710 acc=96.43 val_acc=nan data_t=0.0081s batch_t=0.0842s epoch_t=00:00.55 lr=0.000602 | GPU MB alloc/reserved=279.2/1924.0
2026-04-11 18:14:49 | INFO | [Round 2] Epoch 35/80 time=00:00.55 avg=00:00.57 ETA=00:25.72 | GPU MB alloc/reserved=279.2/1924.0
2026-04-11 18:14:49 | INFO | [Round 2] epoch=36/80 loss=0.2757 acc=95.71 val_acc=nan data_t=0.0048s batch_t=0.0682s epoch_t=00:00.44 lr=0.000582 | GPU MB alloc/reserved=279.2/1924.0
2026-04-11 18:14:49 | INFO | [Round 2] Epoch 36/80 time=00:00.44 avg=00:00.57 ETA=00:24.98 | GPU MB alloc/reserved=279.2/1924.0
2026-04-11 18:14:49 | INFO | [Round 2] epoch=37/80 loss=0.2466 acc=95.29 val_acc=nan data_t=0.0064s batch_t=0.0671s epoch_t=00:00.44 lr=0.000563 | GPU MB alloc/reserved=279.2/1924.0
2026-04-11 18:14:49 | INFO | [Round 2] Epoch 37/80 time=00:00.44 avg=00:00.56 ETA=00:24.27 | GPU MB alloc/reserved=279.2/1924.0
2026-04-11 18:14:50 | INFO | [Round 2] epoch=38/80 loss=0.2313 acc=96.29 val_acc=nan data_t=0.0042s batch_t=0.1038s epoch_t=00:00.65 lr=0.000544 | GPU MB alloc/reserved=279.2/1924.0
2026-04-11 18:14:50 | INFO | [Round 2] Epoch 38/80 time=00:00.65 avg=00:00.57 ETA=00:23.80 | GPU MB alloc/reserved=279.2/1924.0
2026-04-11 18:14:51 | INFO | [Round 2] epoch=39/80 loss=0.1837 acc=98.43 val_acc=nan data_t=0.0089s batch_t=0.1054s epoch_t=00:00.69 lr=0.000524 | GPU MB alloc/reserved=279.2/1924.0
2026-04-11 18:14:51 | INFO | [Round 2] Epoch 39/80 time=00:00.69 avg=00:00.57 ETA=00:23.36 | GPU MB alloc/reserved=279.2/1924.0
2026-04-11 18:14:51 | INFO | [Round 2] epoch=40/80 loss=0.1727 acc=98.29 val_acc=nan data_t=0.0085s batch_t=0.1050s epoch_t=00:00.68 lr=0.000505 | GPU MB alloc/reserved=279.2/1924.0
2026-04-11 18:14:51 | INFO | [Round 2] Epoch 40/80 time=00:00.68 avg=00:00.57 ETA=00:22.90 | GPU MB alloc/reserved=279.2/1924.0
2026-04-11 18:14:52 | INFO | [Round 2] epoch=41/80 loss=0.1321 acc=98.86 val_acc=nan data_t=0.0063s batch_t=0.1044s epoch_t=00:00.66 lr=0.000486 | GPU MB alloc/reserved=279.2/1924.0
2026-04-11 18:14:52 | INFO | [Round 2] Epoch 41/80 time=00:00.66 avg=00:00.57 ETA=00:22.41 | GPU MB alloc/reserved=279.2/1924.0
2026-04-11 18:14:53 | INFO | [Round 2] epoch=42/80 loss=0.1412 acc=99.00 val_acc=nan data_t=0.0090s batch_t=0.0681s epoch_t=00:00.46 lr=0.000466 | GPU MB alloc/reserved=279.2/1924.0
2026-04-11 18:14:53 | INFO | [Round 2] Epoch 42/80 time=00:00.46 avg=00:00.57 ETA=00:21.74 | GPU MB alloc/reserved=279.2/1924.0
2026-04-11 18:14:53 | INFO | [Round 2] epoch=43/80 loss=0.1314 acc=98.57 val_acc=nan data_t=0.0064s batch_t=0.0515s epoch_t=00:00.35 lr=0.000447 | GPU MB alloc/reserved=279.2/1924.0
2026-04-11 18:14:53 | INFO | [Round 2] Epoch 43/80 time=00:00.35 avg=00:00.57 ETA=00:20.97 | GPU MB alloc/reserved=279.2/1924.0
2026-04-11 18:14:53 | INFO | [Round 2] epoch=44/80 loss=0.1260 acc=98.00 val_acc=nan data_t=0.0041s batch_t=0.0335s epoch_t=00:00.23 lr=0.000428 | GPU MB alloc/reserved=279.2/1924.0
2026-04-11 18:14:53 | INFO | [Round 2] Epoch 44/80 time=00:00.23 avg=00:00.56 ETA=00:20.13 | GPU MB alloc/reserved=279.2/1924.0
2026-04-11 18:14:54 | INFO | [Round 2] epoch=45/80 loss=0.1154 acc=99.00 val_acc=nan data_t=0.0040s batch_t=0.0598s epoch_t=00:00.38 lr=0.000408 | GPU MB alloc/reserved=279.2/1924.0
2026-04-11 18:14:54 | INFO | [Round 2] Epoch 45/80 time=00:00.38 avg=00:00.56 ETA=00:19.43 | GPU MB alloc/reserved=279.2/1924.0
2026-04-11 18:14:54 | INFO | [Round 2] epoch=46/80 loss=0.0812 acc=99.71 val_acc=nan data_t=0.0090s batch_t=0.0829s epoch_t=00:00.55 lr=0.000389 | GPU MB alloc/reserved=279.2/1924.0
2026-04-11 18:14:54 | INFO | [Round 2] Epoch 46/80 time=00:00.55 avg=00:00.56 ETA=00:18.87 | GPU MB alloc/reserved=279.2/1924.0
2026-04-11 18:14:55 | INFO | [Round 2] epoch=47/80 loss=0.0831 acc=99.43 val_acc=nan data_t=0.0086s batch_t=0.0903s epoch_t=00:00.59 lr=0.000371 | GPU MB alloc/reserved=279.2/1924.0
2026-04-11 18:14:55 | INFO | [Round 2] Epoch 47/80 time=00:00.59 avg=00:00.56 ETA=00:18.35 | GPU MB alloc/reserved=279.2/1924.0
2026-04-11 18:14:55 | INFO | [Round 2] epoch=48/80 loss=0.0744 acc=99.71 val_acc=nan data_t=0.0064s batch_t=0.0952s epoch_t=00:00.61 lr=0.000352 | GPU MB alloc/reserved=279.2/1924.0
2026-04-11 18:14:55 | INFO | [Round 2] Epoch 48/80 time=00:00.61 avg=00:00.56 ETA=00:17.83 | GPU MB alloc/reserved=279.2/1924.0
2026-04-11 18:14:56 | INFO | [Round 2] epoch=49/80 loss=0.0662 acc=99.86 val_acc=nan data_t=0.0066s batch_t=0.0985s epoch_t=00:00.63 lr=0.000334 | GPU MB alloc/reserved=279.2/1924.0
2026-04-11 18:14:56 | INFO | [Round 2] Epoch 49/80 time=00:00.63 avg=00:00.56 ETA=00:17.31 | GPU MB alloc/reserved=279.2/1924.0
2026-04-11 18:14:56 | INFO | [Round 2] epoch=50/80 loss=0.0569 acc=99.86 val_acc=nan data_t=0.0092s batch_t=0.0804s epoch_t=00:00.54 lr=0.000316 | GPU MB alloc/reserved=279.2/1924.0
2026-04-11 18:14:56 | INFO | [Round 2] Epoch 50/80 time=00:00.54 avg=00:00.56 ETA=00:16.74 | GPU MB alloc/reserved=279.2/1924.0
2026-04-11 18:14:57 | INFO | [Round 2] epoch=51/80 loss=0.0586 acc=99.71 val_acc=nan data_t=0.0042s batch_t=0.0579s epoch_t=00:00.37 lr=0.000298 | GPU MB alloc/reserved=279.2/1924.0
2026-04-11 18:14:57 | INFO | [Round 2] Epoch 51/80 time=00:00.37 avg=00:00.55 ETA=00:16.08 | GPU MB alloc/reserved=279.2/1924.0
2026-04-11 18:14:57 | INFO | [Round 2] epoch=52/80 loss=0.0598 acc=99.86 val_acc=nan data_t=0.0057s batch_t=0.0568s epoch_t=00:00.38 lr=0.000280 | GPU MB alloc/reserved=279.2/1924.0
2026-04-11 18:14:57 | INFO | [Round 2] Epoch 52/80 time=00:00.38 avg=00:00.55 ETA=00:15.43 | GPU MB alloc/reserved=279.2/1924.0
2026-04-11 18:14:58 | INFO | [Round 2] epoch=53/80 loss=0.0534 acc=99.57 val_acc=nan data_t=0.0041s batch_t=0.0502s epoch_t=00:00.33 lr=0.000263 | GPU MB alloc/reserved=279.2/1924.0
2026-04-11 18:14:58 | INFO | [Round 2] Epoch 53/80 time=00:00.33 avg=00:00.55 ETA=00:14.76 | GPU MB alloc/reserved=279.2/1924.0
2026-04-11 18:14:58 | INFO | [Round 2] epoch=54/80 loss=0.0543 acc=99.71 val_acc=nan data_t=0.0064s batch_t=0.0554s epoch_t=00:00.37 lr=0.000246 | GPU MB alloc/reserved=279.2/1924.0
2026-04-11 18:14:58 | INFO | [Round 2] Epoch 54/80 time=00:00.37 avg=00:00.54 ETA=00:14.13 | GPU MB alloc/reserved=279.2/1924.0
2026-04-11 18:14:58 | INFO | [Round 2] epoch=55/80 loss=0.0543 acc=99.86 val_acc=nan data_t=0.0085s batch_t=0.0733s epoch_t=00:00.49 lr=0.000230 | GPU MB alloc/reserved=279.2/1924.0
2026-04-11 18:14:58 | INFO | [Round 2] Epoch 55/80 time=00:00.49 avg=00:00.54 ETA=00:13.57 | GPU MB alloc/reserved=279.2/1924.0
2026-04-11 18:14:59 | INFO | [Round 2] epoch=56/80 loss=0.0405 acc=100.00 val_acc=nan data_t=0.0064s batch_t=0.0747s epoch_t=00:00.49 lr=0.000214 | GPU MB alloc/reserved=279.2/1924.0
2026-04-11 18:14:59 | INFO | [Round 2] Epoch 56/80 time=00:00.49 avg=00:00.54 ETA=00:13.00 | GPU MB alloc/reserved=279.2/1924.0
2026-04-11 18:14:59 | INFO | [Round 2] epoch=57/80 loss=0.0400 acc=99.86 val_acc=nan data_t=0.0061s batch_t=0.0782s epoch_t=00:00.51 lr=0.000199 | GPU MB alloc/reserved=279.2/1924.0
2026-04-11 18:14:59 | INFO | [Round 2] Epoch 57/80 time=00:00.51 avg=00:00.54 ETA=00:12.44 | GPU MB alloc/reserved=279.2/1924.0
2026-04-11 18:15:00 | INFO | [Round 2] epoch=58/80 loss=0.0392 acc=100.00 val_acc=nan data_t=0.0065s batch_t=0.0767s epoch_t=00:00.50 lr=0.000184 | GPU MB alloc/reserved=279.2/1924.0
2026-04-11 18:15:00 | INFO | [Round 2] Epoch 58/80 time=00:00.50 avg=00:00.54 ETA=00:11.89 | GPU MB alloc/reserved=279.2/1924.0
2026-04-11 18:15:00 | INFO | [Round 2] epoch=59/80 loss=0.0393 acc=100.00 val_acc=nan data_t=0.0046s batch_t=0.0814s epoch_t=00:00.52 lr=0.000169 | GPU MB alloc/reserved=279.2/1924.0
2026-04-11 18:15:00 | INFO | [Round 2] Epoch 59/80 time=00:00.52 avg=00:00.54 ETA=00:11.34 | GPU MB alloc/reserved=279.2/1924.0
2026-04-11 18:15:01 | INFO | [Round 2] epoch=60/80 loss=0.0369 acc=99.86 val_acc=nan data_t=0.0060s batch_t=0.0851s epoch_t=00:00.55 lr=0.000155 | GPU MB alloc/reserved=279.2/1924.0
2026-04-11 18:15:01 | INFO | [Round 2] Epoch 60/80 time=00:00.55 avg=00:00.54 ETA=00:10.80 | GPU MB alloc/reserved=279.2/1924.0
2026-04-11 18:15:02 | INFO | [Round 2] epoch=61/80 loss=0.0312 acc=100.00 val_acc=nan data_t=0.0066s batch_t=0.0816s epoch_t=00:00.53 lr=0.000142 | GPU MB alloc/reserved=279.2/1924.0
2026-04-11 18:15:02 | INFO | [Round 2] Epoch 61/80 time=00:00.53 avg=00:00.54 ETA=00:10.26 | GPU MB alloc/reserved=279.2/1924.0
2026-04-11 18:15:02 | INFO | [Round 2] epoch=62/80 loss=0.0301 acc=100.00 val_acc=nan data_t=0.0054s batch_t=0.0803s epoch_t=00:00.51 lr=0.000129 | GPU MB alloc/reserved=279.2/1924.0
2026-04-11 18:15:02 | INFO | [Round 2] Epoch 62/80 time=00:00.51 avg=00:00.54 ETA=00:09.71 | GPU MB alloc/reserved=279.2/1924.0
2026-04-11 18:15:03 | INFO | [Round 2] epoch=63/80 loss=0.0311 acc=100.00 val_acc=nan data_t=0.0053s batch_t=0.0811s epoch_t=00:00.52 lr=0.000116 | GPU MB alloc/reserved=279.2/1924.0
2026-04-11 18:15:03 | INFO | [Round 2] Epoch 63/80 time=00:00.52 avg=00:00.54 ETA=00:09.16 | GPU MB alloc/reserved=279.2/1924.0
2026-04-11 18:15:03 | INFO | [Round 2] epoch=64/80 loss=0.0308 acc=100.00 val_acc=nan data_t=0.0073s batch_t=0.0771s epoch_t=00:00.51 lr=0.000105 | GPU MB alloc/reserved=279.2/1924.0
2026-04-11 18:15:03 | INFO | [Round 2] Epoch 64/80 time=00:00.51 avg=00:00.54 ETA=00:08.62 | GPU MB alloc/reserved=279.2/1924.0
2026-04-11 18:15:04 | INFO | [Round 2] epoch=65/80 loss=0.0302 acc=99.71 val_acc=nan data_t=0.0118s batch_t=0.0809s epoch_t=00:00.56 lr=0.000093 | GPU MB alloc/reserved=279.2/1924.0
2026-04-11 18:15:04 | INFO | [Round 2] Epoch 65/80 time=00:00.56 avg=00:00.54 ETA=00:08.08 | GPU MB alloc/reserved=279.2/1924.0
2026-04-11 18:15:04 | INFO | [Round 2] epoch=66/80 loss=0.0287 acc=100.00 val_acc=nan data_t=0.0079s batch_t=0.0803s epoch_t=00:00.53 lr=0.000083 | GPU MB alloc/reserved=279.2/1924.0
2026-04-11 18:15:04 | INFO | [Round 2] Epoch 66/80 time=00:00.53 avg=00:00.54 ETA=00:07.54 | GPU MB alloc/reserved=279.2/1924.0
2026-04-11 18:15:05 | INFO | [Round 2] epoch=67/80 loss=0.0327 acc=99.71 val_acc=nan data_t=0.0044s batch_t=0.0862s epoch_t=00:00.54 lr=0.000073 | GPU MB alloc/reserved=279.2/1924.0
2026-04-11 18:15:05 | INFO | [Round 2] Epoch 67/80 time=00:00.54 avg=00:00.54 ETA=00:07.00 | GPU MB alloc/reserved=279.2/1924.0
2026-04-11 18:15:05 | INFO | [Round 2] epoch=68/80 loss=0.0285 acc=100.00 val_acc=nan data_t=0.0054s batch_t=0.0840s epoch_t=00:00.54 lr=0.000064 | GPU MB alloc/reserved=279.2/1924.0
2026-04-11 18:15:05 | INFO | [Round 2] Epoch 68/80 time=00:00.54 avg=00:00.54 ETA=00:06.47 | GPU MB alloc/reserved=279.2/1924.0
2026-04-11 18:15:06 | INFO | [Round 2] epoch=69/80 loss=0.0270 acc=100.00 val_acc=nan data_t=0.0041s batch_t=0.0790s epoch_t=00:00.50 lr=0.000055 | GPU MB alloc/reserved=279.2/1924.0
2026-04-11 18:15:06 | INFO | [Round 2] Epoch 69/80 time=00:00.50 avg=00:00.54 ETA=00:05.92 | GPU MB alloc/reserved=279.2/1924.0
2026-04-11 18:15:06 | INFO | [Round 2] epoch=70/80 loss=0.0269 acc=100.00 val_acc=nan data_t=0.0046s batch_t=0.0825s epoch_t=00:00.52 lr=0.000048 | GPU MB alloc/reserved=279.2/1924.0
2026-04-11 18:15:06 | INFO | [Round 2] Epoch 70/80 time=00:00.52 avg=00:00.54 ETA=00:05.38 | GPU MB alloc/reserved=279.2/1924.0
2026-04-11 18:15:07 | INFO | [Round 2] epoch=71/80 loss=0.0321 acc=99.86 val_acc=nan data_t=0.0074s batch_t=0.0848s epoch_t=00:00.55 lr=0.000041 | GPU MB alloc/reserved=279.2/1924.0
2026-04-11 18:15:07 | INFO | [Round 2] Epoch 71/80 time=00:00.55 avg=00:00.54 ETA=00:04.84 | GPU MB alloc/reserved=279.2/1924.0
2026-04-11 18:15:07 | INFO | [Round 2] epoch=72/80 loss=0.0277 acc=100.00 val_acc=nan data_t=0.0072s batch_t=0.0823s epoch_t=00:00.54 lr=0.000034 | GPU MB alloc/reserved=279.2/1924.0
2026-04-11 18:15:07 | INFO | [Round 2] Epoch 72/80 time=00:00.54 avg=00:00.54 ETA=00:04.31 | GPU MB alloc/reserved=279.2/1924.0
2026-04-11 18:15:08 | INFO | [Round 2] epoch=73/80 loss=0.0231 acc=100.00 val_acc=nan data_t=0.0080s batch_t=0.0817s epoch_t=00:00.54 lr=0.000029 | GPU MB alloc/reserved=279.2/1924.0
2026-04-11 18:15:08 | INFO | [Round 2] Epoch 73/80 time=00:00.54 avg=00:00.54 ETA=00:03.77 | GPU MB alloc/reserved=279.2/1924.0
2026-04-11 18:15:08 | INFO | [Round 2] epoch=74/80 loss=0.0251 acc=100.00 val_acc=nan data_t=0.0106s batch_t=0.0816s epoch_t=00:00.55 lr=0.000024 | GPU MB alloc/reserved=279.2/1924.0
2026-04-11 18:15:08 | INFO | [Round 2] Epoch 74/80 time=00:00.55 avg=00:00.54 ETA=00:03.23 | GPU MB alloc/reserved=279.2/1924.0
2026-04-11 18:15:09 | INFO | [Round 2] epoch=75/80 loss=0.0271 acc=100.00 val_acc=nan data_t=0.0062s batch_t=0.0896s epoch_t=00:00.58 lr=0.000020 | GPU MB alloc/reserved=279.2/1924.0
2026-04-11 18:15:09 | INFO | [Round 2] Epoch 75/80 time=00:00.58 avg=00:00.54 ETA=00:02.69 | GPU MB alloc/reserved=279.2/1924.0
2026-04-11 18:15:10 | INFO | [Round 2] epoch=76/80 loss=0.0303 acc=100.00 val_acc=nan data_t=0.0102s batch_t=0.0887s epoch_t=00:00.59 lr=0.000016 | GPU MB alloc/reserved=279.2/1924.0
2026-04-11 18:15:10 | INFO | [Round 2] Epoch 76/80 time=00:00.59 avg=00:00.54 ETA=00:02.16 | GPU MB alloc/reserved=279.2/1924.0
2026-04-11 18:15:10 | INFO | [Round 2] epoch=77/80 loss=0.0245 acc=100.00 val_acc=nan data_t=0.0069s batch_t=0.0837s epoch_t=00:00.54 lr=0.000013 | GPU MB alloc/reserved=279.2/1924.0
2026-04-11 18:15:10 | INFO | [Round 2] Epoch 77/80 time=00:00.54 avg=00:00.54 ETA=00:01.62 | GPU MB alloc/reserved=279.2/1924.0
2026-04-11 18:15:11 | INFO | [Round 2] epoch=78/80 loss=0.0256 acc=100.00 val_acc=nan data_t=0.0060s batch_t=0.0822s epoch_t=00:00.53 lr=0.000012 | GPU MB alloc/reserved=279.2/1924.0
2026-04-11 18:15:11 | INFO | [Round 2] Epoch 78/80 time=00:00.53 avg=00:00.54 ETA=00:01.08 | GPU MB alloc/reserved=279.2/1924.0
2026-04-11 18:15:11 | INFO | [Round 2] epoch=79/80 loss=0.0254 acc=100.00 val_acc=nan data_t=0.0043s batch_t=0.0849s epoch_t=00:00.54 lr=0.000010 | GPU MB alloc/reserved=279.2/1924.0
2026-04-11 18:15:11 | INFO | [Round 2] Epoch 79/80 time=00:00.54 avg=00:00.54 ETA=00:00.54 | GPU MB alloc/reserved=279.2/1924.0
2026-04-11 18:15:12 | INFO | [Round 2] epoch=80/80 loss=0.0247 acc=100.00 val_acc=nan data_t=0.0067s batch_t=0.0848s epoch_t=00:00.55 lr=0.000010 | GPU MB alloc/reserved=279.2/1924.0
2026-04-11 18:15:12 | INFO | [Round 2] Epoch 80/80 time=00:00.55 avg=00:00.54 ETA=00:00.00 | GPU MB alloc/reserved=279.2/1924.0
2026-04-11 18:15:12 | INFO | [Round 2] training complete in 00:43.45 (best monitor=100.000) | GPU MB alloc/reserved=279.2/1924.0
2026-04-11 18:15:12 | INFO | [Round 2] evaluation started | GPU MB alloc/reserved=192.8/1924.0
2026-04-11 18:15:21 | INFO | [Round 2] clean=11.02 fgsm=8.19 pgd=8.13 grad_disp_mean=nan grad_disp_sel=nan round_t=53.87s | GPU MB alloc/reserved=192.8/1924.0
2026-04-11 18:15:21 | INFO | [Round 3/21] elapsed=00:53.87 avg_round=00:46.63 projected_remaining=13:59.26 | GPU MB alloc/reserved=192.8/1924.0
2026-04-11 18:15:22 | INFO | [Round 3] acquisition on pool_size=49300 scored_pool=5000 budget=100 | GPU MB alloc/reserved=105.3/1924.0
2026-04-11 18:15:22 | INFO | [CoreSet-unlabeled-feat] scoring progress 10/20 elapsed=00:00.24 avg/batch=0.024s ETA=00:00.24 | GPU MB alloc/reserved=113.4/1924.0
2026-04-11 18:15:22 | INFO | [CoreSet-unlabeled-feat] scoring progress 20/20 elapsed=00:00.40 avg/batch=0.020s ETA=00:00.00 | GPU MB alloc/reserved=116.7/1924.0
2026-04-11 18:15:22 | INFO | [CoreSet-labeled-feat] scoring progress 3/3 elapsed=00:00.21 avg/batch=0.069s ETA=00:00.00 | GPU MB alloc/reserved=119.5/1924.0
2026-04-11 18:15:22 | INFO | [CoreSet] greedy 10/100 cover_radius=28.209528 | GPU: n/a
2026-04-11 18:15:23 | INFO | [CoreSet] greedy 20/100 cover_radius=27.862822 | GPU: n/a
2026-04-11 18:15:23 | INFO | [CoreSet] greedy 30/100 cover_radius=27.653524 | GPU: n/a
2026-04-11 18:15:23 | INFO | [CoreSet] greedy 40/100 cover_radius=27.402372 | GPU: n/a
2026-04-11 18:15:23 | INFO | [CoreSet] greedy 50/100 cover_radius=27.226040 | GPU: n/a
2026-04-11 18:15:23 | INFO | [CoreSet] greedy 60/100 cover_radius=27.097408 | GPU: n/a
2026-04-11 18:15:23 | INFO | [CoreSet] greedy 70/100 cover_radius=27.023304 | GPU: n/a
2026-04-11 18:15:23 | INFO | [CoreSet] greedy 80/100 cover_radius=26.963552 | GPU: n/a
2026-04-11 18:15:23 | INFO | [CoreSet] greedy 90/100 cover_radius=26.763792 | GPU: n/a
2026-04-11 18:15:23 | INFO | [CoreSet] greedy 100/100 cover_radius=26.686270 | GPU: n/a
2026-04-11 18:15:24 | INFO | [Round 3] labeled=800 train=800 val_fixed=0 | GPU MB alloc/reserved=148.1/1924.0
2026-04-11 18:15:25 | INFO | [Round 3] epoch=1/80 loss=4.7309 acc=2.25 val_acc=nan data_t=0.0256s batch_t=0.0945s epoch_t=00:00.84 lr=0.001000 | GPU MB alloc/reserved=277.4/1928.0
2026-04-11 18:15:25 | INFO | [Round 3] Epoch 1/80 time=00:00.84 avg=00:00.84 ETA=01:06.43 | GPU MB alloc/reserved=277.4/1928.0
2026-04-11 18:15:25 | INFO | [Round 3] epoch=2/80 loss=4.3852 acc=3.12 val_acc=nan data_t=0.0047s batch_t=0.0860s epoch_t=00:00.64 lr=0.000998 | GPU MB alloc/reserved=277.4/1928.0
2026-04-11 18:15:25 | INFO | [Round 3] Epoch 2/80 time=00:00.64 avg=00:00.74 ETA=00:57.58 | GPU MB alloc/reserved=277.4/1928.0
2026-04-11 18:15:26 | INFO | [Round 3] epoch=3/80 loss=4.1343 acc=6.50 val_acc=nan data_t=0.0080s batch_t=0.0840s epoch_t=00:00.64 lr=0.000997 | GPU MB alloc/reserved=277.4/1928.0
2026-04-11 18:15:26 | INFO | [Round 3] Epoch 3/80 time=00:00.64 avg=00:00.71 ETA=00:54.42 | GPU MB alloc/reserved=277.4/1928.0
2026-04-11 18:15:27 | INFO | [Round 3] epoch=4/80 loss=3.9277 acc=9.50 val_acc=nan data_t=0.0077s batch_t=0.0848s epoch_t=00:00.65 lr=0.000994 | GPU MB alloc/reserved=277.4/1928.0
2026-04-11 18:15:27 | INFO | [Round 3] Epoch 4/80 time=00:00.65 avg=00:00.69 ETA=00:52.59 | GPU MB alloc/reserved=277.4/1928.0
2026-04-11 18:15:27 | INFO | [Round 3] epoch=5/80 loss=3.7721 acc=12.25 val_acc=nan data_t=0.0039s batch_t=0.0839s epoch_t=00:00.61 lr=0.000990 | GPU MB alloc/reserved=277.4/1928.0
2026-04-11 18:15:27 | INFO | [Round 3] Epoch 5/80 time=00:00.61 avg=00:00.68 ETA=00:50.75 | GPU MB alloc/reserved=277.4/1928.0
2026-04-11 18:15:28 | INFO | [Round 3] epoch=6/80 loss=3.6924 acc=10.75 val_acc=nan data_t=0.0079s batch_t=0.0793s epoch_t=00:00.61 lr=0.000986 | GPU MB alloc/reserved=277.4/1928.0
2026-04-11 18:15:28 | INFO | [Round 3] Epoch 6/80 time=00:00.61 avg=00:00.67 ETA=00:49.26 | GPU MB alloc/reserved=277.4/1928.0
2026-04-11 18:15:28 | INFO | [Round 3] epoch=7/80 loss=3.5024 acc=15.38 val_acc=nan data_t=0.0062s batch_t=0.0810s epoch_t=00:00.61 lr=0.000981 | GPU MB alloc/reserved=277.4/1928.0
2026-04-11 18:15:28 | INFO | [Round 3] Epoch 7/80 time=00:00.61 avg=00:00.66 ETA=00:48.02 | GPU MB alloc/reserved=277.4/1928.0
2026-04-11 18:15:29 | INFO | [Round 3] epoch=8/80 loss=3.3746 acc=18.38 val_acc=nan data_t=0.0043s batch_t=0.0841s epoch_t=00:00.62 lr=0.000976 | GPU MB alloc/reserved=277.4/1928.0
2026-04-11 18:15:29 | INFO | [Round 3] Epoch 8/80 time=00:00.62 avg=00:00.65 ETA=00:47.01 | GPU MB alloc/reserved=277.4/1928.0
2026-04-11 18:15:30 | INFO | [Round 3] epoch=9/80 loss=3.3338 acc=16.50 val_acc=nan data_t=0.0080s batch_t=0.0817s epoch_t=00:00.63 lr=0.000969 | GPU MB alloc/reserved=277.4/1928.0
2026-04-11 18:15:30 | INFO | [Round 3] Epoch 9/80 time=00:00.63 avg=00:00.65 ETA=00:46.16 | GPU MB alloc/reserved=277.4/1928.0
2026-04-11 18:15:30 | INFO | [Round 3] epoch=10/80 loss=3.1233 acc=21.50 val_acc=nan data_t=0.0042s batch_t=0.0816s epoch_t=00:00.60 lr=0.000962 | GPU MB alloc/reserved=277.4/1928.0
2026-04-11 18:15:30 | INFO | [Round 3] Epoch 10/80 time=00:00.60 avg=00:00.65 ETA=00:45.17 | GPU MB alloc/reserved=277.4/1928.0
2026-04-11 18:15:31 | INFO | [Round 3] epoch=11/80 loss=2.9908 acc=23.75 val_acc=nan data_t=0.0037s batch_t=0.0845s epoch_t=00:00.62 lr=0.000955 | GPU MB alloc/reserved=277.4/1928.0
2026-04-11 18:15:31 | INFO | [Round 3] Epoch 11/80 time=00:00.62 avg=00:00.64 ETA=00:44.35 | GPU MB alloc/reserved=277.4/1928.0
2026-04-11 18:15:32 | INFO | [Round 3] epoch=12/80 loss=2.8331 acc=25.50 val_acc=nan data_t=0.0087s batch_t=0.0824s epoch_t=00:00.64 lr=0.000946 | GPU MB alloc/reserved=277.4/1928.0
2026-04-11 18:15:32 | INFO | [Round 3] Epoch 12/80 time=00:00.64 avg=00:00.64 ETA=00:43.68 | GPU MB alloc/reserved=277.4/1928.0
2026-04-11 18:15:32 | INFO | [Round 3] epoch=13/80 loss=2.7500 acc=25.88 val_acc=nan data_t=0.0064s batch_t=0.0824s epoch_t=00:00.62 lr=0.000937 | GPU MB alloc/reserved=277.4/1928.0
2026-04-11 18:15:32 | INFO | [Round 3] Epoch 13/80 time=00:00.62 avg=00:00.64 ETA=00:42.93 | GPU MB alloc/reserved=277.4/1928.0
2026-04-11 18:15:33 | INFO | [Round 3] epoch=14/80 loss=2.5845 acc=31.50 val_acc=nan data_t=0.0080s batch_t=0.0810s epoch_t=00:00.62 lr=0.000927 | GPU MB alloc/reserved=277.4/1928.0
2026-04-11 18:15:33 | INFO | [Round 3] Epoch 14/80 time=00:00.62 avg=00:00.64 ETA=00:42.21 | GPU MB alloc/reserved=277.4/1928.0
2026-04-11 18:15:33 | INFO | [Round 3] epoch=15/80 loss=2.4845 acc=33.25 val_acc=nan data_t=0.0095s batch_t=0.0839s epoch_t=00:00.65 lr=0.000917 | GPU MB alloc/reserved=277.4/1928.0
2026-04-11 18:15:33 | INFO | [Round 3] Epoch 15/80 time=00:00.65 avg=00:00.64 ETA=00:41.63 | GPU MB alloc/reserved=277.4/1928.0
2026-04-11 18:15:34 | INFO | [Round 3] epoch=16/80 loss=2.3518 acc=34.75 val_acc=nan data_t=0.0056s batch_t=0.0832s epoch_t=00:00.62 lr=0.000905 | GPU MB alloc/reserved=277.4/1928.0
2026-04-11 18:15:34 | INFO | [Round 3] Epoch 16/80 time=00:00.62 avg=00:00.64 ETA=00:40.92 | GPU MB alloc/reserved=277.4/1928.0
2026-04-11 18:15:35 | INFO | [Round 3] epoch=17/80 loss=2.2284 acc=37.88 val_acc=nan data_t=0.0089s batch_t=0.0833s epoch_t=00:00.65 lr=0.000894 | GPU MB alloc/reserved=277.4/1928.0
2026-04-11 18:15:35 | INFO | [Round 3] Epoch 17/80 time=00:00.65 avg=00:00.64 ETA=00:40.30 | GPU MB alloc/reserved=277.4/1928.0
2026-04-11 18:15:35 | INFO | [Round 3] epoch=18/80 loss=2.1281 acc=41.12 val_acc=nan data_t=0.0036s batch_t=0.0830s epoch_t=00:00.61 lr=0.000881 | GPU MB alloc/reserved=277.4/1928.0
2026-04-11 18:15:35 | INFO | [Round 3] Epoch 18/80 time=00:00.61 avg=00:00.64 ETA=00:39.55 | GPU MB alloc/reserved=277.4/1928.0
2026-04-11 18:15:36 | INFO | [Round 3] epoch=19/80 loss=2.0096 acc=44.75 val_acc=nan data_t=0.0057s batch_t=0.0780s epoch_t=00:00.59 lr=0.000868 | GPU MB alloc/reserved=277.4/1928.0
2026-04-11 18:15:36 | INFO | [Round 3] Epoch 19/80 time=00:00.59 avg=00:00.64 ETA=00:38.74 | GPU MB alloc/reserved=277.4/1928.0
2026-04-11 18:15:37 | INFO | [Round 3] epoch=20/80 loss=1.9519 acc=45.12 val_acc=nan data_t=0.0088s batch_t=0.0850s epoch_t=00:00.66 lr=0.000855 | GPU MB alloc/reserved=277.4/1928.0
2026-04-11 18:15:37 | INFO | [Round 3] Epoch 20/80 time=00:00.66 avg=00:00.64 ETA=00:38.17 | GPU MB alloc/reserved=277.4/1928.0
2026-04-11 18:15:37 | INFO | [Round 3] epoch=21/80 loss=1.7788 acc=49.50 val_acc=nan data_t=0.0079s batch_t=0.0879s epoch_t=00:00.67 lr=0.000841 | GPU MB alloc/reserved=277.4/1928.0
2026-04-11 18:15:37 | INFO | [Round 3] Epoch 21/80 time=00:00.67 avg=00:00.64 ETA=00:37.64 | GPU MB alloc/reserved=277.4/1928.0
2026-04-11 18:15:38 | INFO | [Round 3] epoch=22/80 loss=1.6306 acc=55.75 val_acc=nan data_t=0.0062s batch_t=0.0856s epoch_t=00:00.64 lr=0.000826 | GPU MB alloc/reserved=277.4/1928.0
2026-04-11 18:15:38 | INFO | [Round 3] Epoch 22/80 time=00:00.64 avg=00:00.64 ETA=00:37.01 | GPU MB alloc/reserved=277.4/1928.0
2026-04-11 18:15:39 | INFO | [Round 3] epoch=23/80 loss=1.5216 acc=58.25 val_acc=nan data_t=0.0084s batch_t=0.0820s epoch_t=00:00.63 lr=0.000811 | GPU MB alloc/reserved=277.4/1928.0
2026-04-11 18:15:39 | INFO | [Round 3] Epoch 23/80 time=00:00.63 avg=00:00.64 ETA=00:36.36 | GPU MB alloc/reserved=277.4/1928.0
2026-04-11 18:15:39 | INFO | [Round 3] epoch=24/80 loss=1.4308 acc=59.88 val_acc=nan data_t=0.0081s batch_t=0.0774s epoch_t=00:00.60 lr=0.000796 | GPU MB alloc/reserved=277.4/1928.0
2026-04-11 18:15:39 | INFO | [Round 3] Epoch 24/80 time=00:00.60 avg=00:00.64 ETA=00:35.63 | GPU MB alloc/reserved=277.4/1928.0
2026-04-11 18:15:40 | INFO | [Round 3] epoch=25/80 loss=1.3577 acc=63.62 val_acc=nan data_t=0.0056s batch_t=0.0807s epoch_t=00:00.60 lr=0.000780 | GPU MB alloc/reserved=277.4/1928.0
2026-04-11 18:15:40 | INFO | [Round 3] Epoch 25/80 time=00:00.60 avg=00:00.63 ETA=00:34.92 | GPU MB alloc/reserved=277.4/1928.0
2026-04-11 18:15:40 | INFO | [Round 3] epoch=26/80 loss=1.3024 acc=64.88 val_acc=nan data_t=0.0070s batch_t=0.0822s epoch_t=00:00.62 lr=0.000764 | GPU MB alloc/reserved=277.4/1928.0
2026-04-11 18:15:40 | INFO | [Round 3] Epoch 26/80 time=00:00.62 avg=00:00.63 ETA=00:34.27 | GPU MB alloc/reserved=277.4/1928.0
2026-04-11 18:15:41 | INFO | [Round 3] epoch=27/80 loss=1.2416 acc=65.62 val_acc=nan data_t=0.0081s batch_t=0.0669s epoch_t=00:00.53 lr=0.000747 | GPU MB alloc/reserved=277.4/1928.0
2026-04-11 18:15:41 | INFO | [Round 3] Epoch 27/80 time=00:00.53 avg=00:00.63 ETA=00:33.42 | GPU MB alloc/reserved=277.4/1928.0
2026-04-11 18:15:42 | INFO | [Round 3] epoch=28/80 loss=1.1112 acc=71.88 val_acc=nan data_t=0.0038s batch_t=0.0729s epoch_t=00:00.54 lr=0.000730 | GPU MB alloc/reserved=277.4/1928.0
2026-04-11 18:15:42 | INFO | [Round 3] Epoch 28/80 time=00:00.54 avg=00:00.63 ETA=00:32.61 | GPU MB alloc/reserved=277.4/1928.0
2026-04-11 18:15:42 | INFO | [Round 3] epoch=29/80 loss=1.0413 acc=74.88 val_acc=nan data_t=0.0071s batch_t=0.0895s epoch_t=00:00.68 lr=0.000712 | GPU MB alloc/reserved=277.4/1928.0
2026-04-11 18:15:42 | INFO | [Round 3] Epoch 29/80 time=00:00.68 avg=00:00.63 ETA=00:32.07 | GPU MB alloc/reserved=277.4/1928.0
2026-04-11 18:15:43 | INFO | [Round 3] epoch=30/80 loss=0.9856 acc=73.12 val_acc=nan data_t=0.0051s batch_t=0.0765s epoch_t=00:00.57 lr=0.000694 | GPU MB alloc/reserved=277.4/1928.0
2026-04-11 18:15:43 | INFO | [Round 3] Epoch 30/80 time=00:00.57 avg=00:00.63 ETA=00:31.35 | GPU MB alloc/reserved=277.4/1928.0
2026-04-11 18:15:44 | INFO | [Round 3] epoch=31/80 loss=0.8618 acc=78.88 val_acc=nan data_t=0.0059s batch_t=0.0995s epoch_t=00:00.74 lr=0.000676 | GPU MB alloc/reserved=277.4/1928.0
2026-04-11 18:15:44 | INFO | [Round 3] Epoch 31/80 time=00:00.74 avg=00:00.63 ETA=00:30.90 | GPU MB alloc/reserved=277.4/1928.0
2026-04-11 18:15:44 | INFO | [Round 3] epoch=32/80 loss=0.7997 acc=80.25 val_acc=nan data_t=0.0081s batch_t=0.1057s epoch_t=00:00.80 lr=0.000658 | GPU MB alloc/reserved=277.4/1928.0
2026-04-11 18:15:44 | INFO | [Round 3] Epoch 32/80 time=00:00.80 avg=00:00.64 ETA=00:30.52 | GPU MB alloc/reserved=277.4/1928.0
2026-04-11 18:15:45 | INFO | [Round 3] epoch=33/80 loss=0.7109 acc=84.00 val_acc=nan data_t=0.0042s batch_t=0.1052s epoch_t=00:00.77 lr=0.000639 | GPU MB alloc/reserved=277.4/1928.0
2026-04-11 18:15:45 | INFO | [Round 3] Epoch 33/80 time=00:00.77 avg=00:00.64 ETA=00:30.06 | GPU MB alloc/reserved=277.4/1928.0
2026-04-11 18:15:46 | INFO | [Round 3] epoch=34/80 loss=0.6778 acc=85.75 val_acc=nan data_t=0.0066s batch_t=0.0990s epoch_t=00:00.74 lr=0.000621 | GPU MB alloc/reserved=277.4/1928.0
2026-04-11 18:15:46 | INFO | [Round 3] Epoch 34/80 time=00:00.74 avg=00:00.64 ETA=00:29.56 | GPU MB alloc/reserved=277.4/1928.0
2026-04-11 18:15:47 | INFO | [Round 3] epoch=35/80 loss=0.6193 acc=87.12 val_acc=nan data_t=0.0057s batch_t=0.1043s epoch_t=00:00.77 lr=0.000602 | GPU MB alloc/reserved=277.4/1928.0
2026-04-11 18:15:47 | INFO | [Round 3] Epoch 35/80 time=00:00.77 avg=00:00.65 ETA=00:29.08 | GPU MB alloc/reserved=277.4/1928.0
2026-04-11 18:15:47 | INFO | [Round 3] epoch=36/80 loss=0.6064 acc=86.88 val_acc=nan data_t=0.0092s batch_t=0.1041s epoch_t=00:00.79 lr=0.000582 | GPU MB alloc/reserved=277.4/1928.0
2026-04-11 18:15:47 | INFO | [Round 3] Epoch 36/80 time=00:00.79 avg=00:00.65 ETA=00:28.61 | GPU MB alloc/reserved=277.4/1928.0
2026-04-11 18:15:48 | INFO | [Round 3] epoch=37/80 loss=0.5428 acc=87.75 val_acc=nan data_t=0.0058s batch_t=0.1033s epoch_t=00:00.76 lr=0.000563 | GPU MB alloc/reserved=277.4/1928.0
2026-04-11 18:15:48 | INFO | [Round 3] Epoch 37/80 time=00:00.76 avg=00:00.65 ETA=00:28.10 | GPU MB alloc/reserved=277.4/1928.0
2026-04-11 18:15:49 | INFO | [Round 3] epoch=38/80 loss=0.4790 acc=90.50 val_acc=nan data_t=0.0054s batch_t=0.1043s epoch_t=00:00.77 lr=0.000544 | GPU MB alloc/reserved=277.4/1928.0
2026-04-11 18:15:49 | INFO | [Round 3] Epoch 38/80 time=00:00.77 avg=00:00.66 ETA=00:27.57 | GPU MB alloc/reserved=277.4/1928.0
2026-04-11 18:15:50 | INFO | [Round 3] epoch=39/80 loss=0.4092 acc=92.75 val_acc=nan data_t=0.0070s batch_t=0.1046s epoch_t=00:00.78 lr=0.000524 | GPU MB alloc/reserved=277.4/1928.0
2026-04-11 18:15:50 | INFO | [Round 3] Epoch 39/80 time=00:00.78 avg=00:00.66 ETA=00:27.04 | GPU MB alloc/reserved=277.4/1928.0
2026-04-11 18:15:50 | INFO | [Round 3] epoch=40/80 loss=0.3942 acc=93.00 val_acc=nan data_t=0.0041s batch_t=0.0812s epoch_t=00:00.60 lr=0.000505 | GPU MB alloc/reserved=277.4/1928.0
2026-04-11 18:15:50 | INFO | [Round 3] Epoch 40/80 time=00:00.60 avg=00:00.66 ETA=00:26.32 | GPU MB alloc/reserved=277.4/1928.0
2026-04-11 18:15:51 | INFO | [Round 3] epoch=41/80 loss=0.3561 acc=93.62 val_acc=nan data_t=0.0054s batch_t=0.0696s epoch_t=00:00.53 lr=0.000486 | GPU MB alloc/reserved=277.4/1928.0
2026-04-11 18:15:51 | INFO | [Round 3] Epoch 41/80 time=00:00.53 avg=00:00.65 ETA=00:25.54 | GPU MB alloc/reserved=277.4/1928.0
2026-04-11 18:15:51 | INFO | [Round 3] epoch=42/80 loss=0.3048 acc=95.38 val_acc=nan data_t=0.0072s batch_t=0.0436s epoch_t=00:00.36 lr=0.000466 | GPU MB alloc/reserved=277.4/1928.0
2026-04-11 18:15:51 | INFO | [Round 3] Epoch 42/80 time=00:00.36 avg=00:00.65 ETA=00:24.61 | GPU MB alloc/reserved=277.4/1928.0
2026-04-11 18:15:52 | INFO | [Round 3] epoch=43/80 loss=0.2686 acc=95.75 val_acc=nan data_t=0.0057s batch_t=0.0658s epoch_t=00:00.50 lr=0.000447 | GPU MB alloc/reserved=277.4/1928.0
2026-04-11 18:15:52 | INFO | [Round 3] Epoch 43/80 time=00:00.50 avg=00:00.64 ETA=00:23.84 | GPU MB alloc/reserved=277.4/1928.0
2026-04-11 18:15:52 | INFO | [Round 3] epoch=44/80 loss=0.2284 acc=97.12 val_acc=nan data_t=0.0067s batch_t=0.0688s epoch_t=00:00.53 lr=0.000428 | GPU MB alloc/reserved=277.4/1928.0
2026-04-11 18:15:52 | INFO | [Round 3] Epoch 44/80 time=00:00.53 avg=00:00.64 ETA=00:23.10 | GPU MB alloc/reserved=277.4/1928.0
2026-04-11 18:15:53 | INFO | [Round 3] epoch=45/80 loss=0.2082 acc=97.12 val_acc=nan data_t=0.0044s batch_t=0.1075s epoch_t=00:00.78 lr=0.000408 | GPU MB alloc/reserved=277.4/1928.0
2026-04-11 18:15:53 | INFO | [Round 3] Epoch 45/80 time=00:00.78 avg=00:00.64 ETA=00:22.57 | GPU MB alloc/reserved=277.4/1928.0
2026-04-11 18:15:54 | INFO | [Round 3] epoch=46/80 loss=0.1921 acc=97.88 val_acc=nan data_t=0.0047s batch_t=0.1079s epoch_t=00:00.79 lr=0.000389 | GPU MB alloc/reserved=277.4/1928.0
2026-04-11 18:15:54 | INFO | [Round 3] Epoch 46/80 time=00:00.79 avg=00:00.65 ETA=00:22.03 | GPU MB alloc/reserved=277.4/1928.0
2026-04-11 18:15:55 | INFO | [Round 3] epoch=47/80 loss=0.1745 acc=98.00 val_acc=nan data_t=0.0057s batch_t=0.1049s epoch_t=00:00.77 lr=0.000371 | GPU MB alloc/reserved=277.4/1928.0
2026-04-11 18:15:55 | INFO | [Round 3] Epoch 47/80 time=00:00.77 avg=00:00.65 ETA=00:21.47 | GPU MB alloc/reserved=277.4/1928.0
2026-04-11 18:15:55 | INFO | [Round 3] epoch=48/80 loss=0.1550 acc=98.75 val_acc=nan data_t=0.0038s batch_t=0.0703s epoch_t=00:00.52 lr=0.000352 | GPU MB alloc/reserved=277.4/1928.0
2026-04-11 18:15:55 | INFO | [Round 3] Epoch 48/80 time=00:00.52 avg=00:00.65 ETA=00:20.73 | GPU MB alloc/reserved=277.4/1928.0
2026-04-11 18:15:56 | INFO | [Round 3] epoch=49/80 loss=0.1755 acc=98.12 val_acc=nan data_t=0.0072s batch_t=0.0599s epoch_t=00:00.47 lr=0.000334 | GPU MB alloc/reserved=277.4/1928.0
2026-04-11 18:15:56 | INFO | [Round 3] Epoch 49/80 time=00:00.47 avg=00:00.64 ETA=00:19.97 | GPU MB alloc/reserved=277.4/1928.0
2026-04-11 18:15:56 | INFO | [Round 3] epoch=50/80 loss=0.1679 acc=98.12 val_acc=nan data_t=0.0070s batch_t=0.0332s epoch_t=00:00.28 lr=0.000316 | GPU MB alloc/reserved=277.4/1928.0
2026-04-11 18:15:56 | INFO | [Round 3] Epoch 50/80 time=00:00.28 avg=00:00.64 ETA=00:19.11 | GPU MB alloc/reserved=277.4/1928.0
2026-04-11 18:15:56 | INFO | [Round 3] epoch=51/80 loss=0.1501 acc=98.50 val_acc=nan data_t=0.0060s batch_t=0.0340s epoch_t=00:00.28 lr=0.000298 | GPU MB alloc/reserved=277.4/1928.0
2026-04-11 18:15:56 | INFO | [Round 3] Epoch 51/80 time=00:00.28 avg=00:00.63 ETA=00:18.27 | GPU MB alloc/reserved=277.4/1928.0
2026-04-11 18:15:57 | INFO | [Round 3] epoch=52/80 loss=0.1216 acc=99.12 val_acc=nan data_t=0.0053s batch_t=0.0693s epoch_t=00:00.52 lr=0.000280 | GPU MB alloc/reserved=277.4/1928.0
2026-04-11 18:15:57 | INFO | [Round 3] Epoch 52/80 time=00:00.52 avg=00:00.63 ETA=00:17.58 | GPU MB alloc/reserved=277.4/1928.0
2026-04-11 18:15:57 | INFO | [Round 3] epoch=53/80 loss=0.1075 acc=99.88 val_acc=nan data_t=0.0055s batch_t=0.0770s epoch_t=00:00.58 lr=0.000263 | GPU MB alloc/reserved=277.4/1928.0
2026-04-11 18:15:57 | INFO | [Round 3] Epoch 53/80 time=00:00.58 avg=00:00.63 ETA=00:16.93 | GPU MB alloc/reserved=277.4/1928.0
2026-04-11 18:15:58 | INFO | [Round 3] epoch=54/80 loss=0.0976 acc=99.12 val_acc=nan data_t=0.0040s batch_t=0.0840s epoch_t=00:00.62 lr=0.000246 | GPU MB alloc/reserved=277.4/1928.0
2026-04-11 18:15:58 | INFO | [Round 3] Epoch 54/80 time=00:00.62 avg=00:00.63 ETA=00:16.30 | GPU MB alloc/reserved=277.4/1928.0
2026-04-11 18:15:59 | INFO | [Round 3] epoch=55/80 loss=0.1058 acc=99.25 val_acc=nan data_t=0.0087s batch_t=0.0805s epoch_t=00:00.62 lr=0.000230 | GPU MB alloc/reserved=277.4/1928.0
2026-04-11 18:15:59 | INFO | [Round 3] Epoch 55/80 time=00:00.62 avg=00:00.63 ETA=00:15.67 | GPU MB alloc/reserved=277.4/1928.0
2026-04-11 18:15:59 | INFO | [Round 3] epoch=56/80 loss=0.0884 acc=99.62 val_acc=nan data_t=0.0052s batch_t=0.0837s epoch_t=00:00.62 lr=0.000214 | GPU MB alloc/reserved=277.4/1928.0
2026-04-11 18:15:59 | INFO | [Round 3] Epoch 56/80 time=00:00.62 avg=00:00.63 ETA=00:15.04 | GPU MB alloc/reserved=277.4/1928.0
2026-04-11 18:16:00 | INFO | [Round 3] epoch=57/80 loss=0.0706 acc=99.88 val_acc=nan data_t=0.0039s batch_t=0.0870s epoch_t=00:00.64 lr=0.000199 | GPU MB alloc/reserved=277.4/1928.0
2026-04-11 18:16:00 | INFO | [Round 3] Epoch 57/80 time=00:00.64 avg=00:00.63 ETA=00:14.42 | GPU MB alloc/reserved=277.4/1928.0
2026-04-11 18:16:00 | INFO | [Round 3] epoch=58/80 loss=0.0887 acc=99.38 val_acc=nan data_t=0.0053s batch_t=0.0842s epoch_t=00:00.63 lr=0.000184 | GPU MB alloc/reserved=277.4/1928.0
2026-04-11 18:16:00 | INFO | [Round 3] Epoch 58/80 time=00:00.63 avg=00:00.63 ETA=00:13.79 | GPU MB alloc/reserved=277.4/1928.0
2026-04-11 18:16:01 | INFO | [Round 3] epoch=59/80 loss=0.0792 acc=99.50 val_acc=nan data_t=0.0061s batch_t=0.0835s epoch_t=00:00.63 lr=0.000169 | GPU MB alloc/reserved=277.4/1928.0
2026-04-11 18:16:01 | INFO | [Round 3] Epoch 59/80 time=00:00.63 avg=00:00.63 ETA=00:13.16 | GPU MB alloc/reserved=277.4/1928.0
2026-04-11 18:16:02 | INFO | [Round 3] epoch=60/80 loss=0.0750 acc=99.62 val_acc=nan data_t=0.0072s batch_t=0.0836s epoch_t=00:00.64 lr=0.000155 | GPU MB alloc/reserved=277.4/1928.0
2026-04-11 18:16:02 | INFO | [Round 3] Epoch 60/80 time=00:00.64 avg=00:00.63 ETA=00:12.54 | GPU MB alloc/reserved=277.4/1928.0
2026-04-11 18:16:02 | INFO | [Round 3] epoch=61/80 loss=0.0767 acc=99.50 val_acc=nan data_t=0.0060s batch_t=0.0830s epoch_t=00:00.62 lr=0.000142 | GPU MB alloc/reserved=277.4/1928.0
2026-04-11 18:16:02 | INFO | [Round 3] Epoch 61/80 time=00:00.62 avg=00:00.63 ETA=00:11.91 | GPU MB alloc/reserved=277.4/1928.0
2026-04-11 18:16:03 | INFO | [Round 3] epoch=62/80 loss=0.0752 acc=99.62 val_acc=nan data_t=0.0089s batch_t=0.0832s epoch_t=00:00.64 lr=0.000129 | GPU MB alloc/reserved=277.4/1928.0
2026-04-11 18:16:03 | INFO | [Round 3] Epoch 62/80 time=00:00.64 avg=00:00.63 ETA=00:11.29 | GPU MB alloc/reserved=277.4/1928.0
2026-04-11 18:16:04 | INFO | [Round 3] epoch=63/80 loss=0.0696 acc=99.75 val_acc=nan data_t=0.0065s batch_t=0.0811s epoch_t=00:00.61 lr=0.000116 | GPU MB alloc/reserved=277.4/1928.0
2026-04-11 18:16:04 | INFO | [Round 3] Epoch 63/80 time=00:00.61 avg=00:00.63 ETA=00:10.66 | GPU MB alloc/reserved=277.4/1928.0
2026-04-11 18:16:04 | INFO | [Round 3] epoch=64/80 loss=0.0646 acc=99.88 val_acc=nan data_t=0.0046s batch_t=0.0815s epoch_t=00:00.60 lr=0.000105 | GPU MB alloc/reserved=277.4/1928.0
2026-04-11 18:16:04 | INFO | [Round 3] Epoch 64/80 time=00:00.60 avg=00:00.63 ETA=00:10.03 | GPU MB alloc/reserved=277.4/1928.0
2026-04-11 18:16:05 | INFO | [Round 3] epoch=65/80 loss=0.0640 acc=99.88 val_acc=nan data_t=0.0040s batch_t=0.0843s epoch_t=00:00.62 lr=0.000093 | GPU MB alloc/reserved=277.4/1928.0
2026-04-11 18:16:05 | INFO | [Round 3] Epoch 65/80 time=00:00.62 avg=00:00.63 ETA=00:09.40 | GPU MB alloc/reserved=277.4/1928.0
2026-04-11 18:16:05 | INFO | [Round 3] epoch=66/80 loss=0.0604 acc=99.75 val_acc=nan data_t=0.0077s batch_t=0.0828s epoch_t=00:00.63 lr=0.000083 | GPU MB alloc/reserved=277.4/1928.0
2026-04-11 18:16:05 | INFO | [Round 3] Epoch 66/80 time=00:00.63 avg=00:00.63 ETA=00:08.77 | GPU MB alloc/reserved=277.4/1928.0
2026-04-11 18:16:06 | INFO | [Round 3] epoch=67/80 loss=0.0599 acc=99.62 val_acc=nan data_t=0.0045s batch_t=0.0846s epoch_t=00:00.62 lr=0.000073 | GPU MB alloc/reserved=277.4/1928.0
2026-04-11 18:16:06 | INFO | [Round 3] Epoch 67/80 time=00:00.62 avg=00:00.63 ETA=00:08.15 | GPU MB alloc/reserved=277.4/1928.0
2026-04-11 18:16:07 | INFO | [Round 3] epoch=68/80 loss=0.0577 acc=99.88 val_acc=nan data_t=0.0074s batch_t=0.0872s epoch_t=00:00.66 lr=0.000064 | GPU MB alloc/reserved=277.4/1928.0
2026-04-11 18:16:07 | INFO | [Round 3] Epoch 68/80 time=00:00.66 avg=00:00.63 ETA=00:07.53 | GPU MB alloc/reserved=277.4/1928.0
2026-04-11 18:16:07 | INFO | [Round 3] epoch=69/80 loss=0.0527 acc=99.88 val_acc=nan data_t=0.0061s batch_t=0.0869s epoch_t=00:00.65 lr=0.000055 | GPU MB alloc/reserved=277.4/1928.0
2026-04-11 18:16:07 | INFO | [Round 3] Epoch 69/80 time=00:00.65 avg=00:00.63 ETA=00:06.90 | GPU MB alloc/reserved=277.4/1928.0
2026-04-11 18:16:08 | INFO | [Round 3] epoch=70/80 loss=0.0525 acc=99.88 val_acc=nan data_t=0.0044s batch_t=0.0841s epoch_t=00:00.62 lr=0.000048 | GPU MB alloc/reserved=277.4/1928.0
2026-04-11 18:16:08 | INFO | [Round 3] Epoch 70/80 time=00:00.62 avg=00:00.63 ETA=00:06.27 | GPU MB alloc/reserved=277.4/1928.0
2026-04-11 18:16:09 | INFO | [Round 3] epoch=71/80 loss=0.0578 acc=99.88 val_acc=nan data_t=0.0035s batch_t=0.0861s epoch_t=00:00.63 lr=0.000041 | GPU MB alloc/reserved=277.4/1928.0
2026-04-11 18:16:09 | INFO | [Round 3] Epoch 71/80 time=00:00.63 avg=00:00.63 ETA=00:05.65 | GPU MB alloc/reserved=277.4/1928.0
2026-04-11 18:16:09 | INFO | [Round 3] epoch=72/80 loss=0.0512 acc=99.88 val_acc=nan data_t=0.0039s batch_t=0.0826s epoch_t=00:00.61 lr=0.000034 | GPU MB alloc/reserved=277.4/1928.0
2026-04-11 18:16:09 | INFO | [Round 3] Epoch 72/80 time=00:00.61 avg=00:00.63 ETA=00:05.02 | GPU MB alloc/reserved=277.4/1928.0
2026-04-11 18:16:10 | INFO | [Round 3] epoch=73/80 loss=0.0545 acc=99.88 val_acc=nan data_t=0.0046s batch_t=0.0838s epoch_t=00:00.62 lr=0.000029 | GPU MB alloc/reserved=277.4/1928.0
2026-04-11 18:16:10 | INFO | [Round 3] Epoch 73/80 time=00:00.62 avg=00:00.63 ETA=00:04.39 | GPU MB alloc/reserved=277.4/1928.0
2026-04-11 18:16:10 | INFO | [Round 3] epoch=74/80 loss=0.0477 acc=99.88 val_acc=nan data_t=0.0046s batch_t=0.0845s epoch_t=00:00.62 lr=0.000024 | GPU MB alloc/reserved=277.4/1928.0
2026-04-11 18:16:10 | INFO | [Round 3] Epoch 74/80 time=00:00.62 avg=00:00.63 ETA=00:03.76 | GPU MB alloc/reserved=277.4/1928.0
2026-04-11 18:16:11 | INFO | [Round 3] epoch=75/80 loss=0.0468 acc=100.00 val_acc=nan data_t=0.0051s batch_t=0.0829s epoch_t=00:00.62 lr=0.000020 | GPU MB alloc/reserved=277.4/1928.0
2026-04-11 18:16:11 | INFO | [Round 3] Epoch 75/80 time=00:00.62 avg=00:00.63 ETA=00:03.13 | GPU MB alloc/reserved=277.4/1928.0
2026-04-11 18:16:12 | INFO | [Round 3] epoch=76/80 loss=0.0541 acc=99.75 val_acc=nan data_t=0.0075s batch_t=0.0828s epoch_t=00:00.63 lr=0.000016 | GPU MB alloc/reserved=277.4/1928.0
2026-04-11 18:16:12 | INFO | [Round 3] Epoch 76/80 time=00:00.63 avg=00:00.63 ETA=00:02.51 | GPU MB alloc/reserved=277.4/1928.0
2026-04-11 18:16:12 | INFO | [Round 3] epoch=77/80 loss=0.0447 acc=99.88 val_acc=nan data_t=0.0045s batch_t=0.0838s epoch_t=00:00.62 lr=0.000013 | GPU MB alloc/reserved=277.4/1928.0
2026-04-11 18:16:12 | INFO | [Round 3] Epoch 77/80 time=00:00.62 avg=00:00.63 ETA=00:01.88 | GPU MB alloc/reserved=277.4/1928.0
2026-04-11 18:16:13 | INFO | [Round 3] epoch=78/80 loss=0.0491 acc=99.88 val_acc=nan data_t=0.0067s batch_t=0.0818s epoch_t=00:00.62 lr=0.000012 | GPU MB alloc/reserved=277.4/1928.0
2026-04-11 18:16:13 | INFO | [Round 3] Epoch 78/80 time=00:00.62 avg=00:00.63 ETA=00:01.25 | GPU MB alloc/reserved=277.4/1928.0
2026-04-11 18:16:14 | INFO | [Round 3] epoch=79/80 loss=0.0500 acc=99.62 val_acc=nan data_t=0.0041s batch_t=0.0877s epoch_t=00:00.64 lr=0.000010 | GPU MB alloc/reserved=277.4/1928.0
2026-04-11 18:16:14 | INFO | [Round 3] Epoch 79/80 time=00:00.64 avg=00:00.63 ETA=00:00.63 | GPU MB alloc/reserved=277.4/1928.0
2026-04-11 18:16:14 | INFO | [Round 3] epoch=80/80 loss=0.0448 acc=100.00 val_acc=nan data_t=0.0070s batch_t=0.0865s epoch_t=00:00.65 lr=0.000010 | GPU MB alloc/reserved=277.4/1928.0
2026-04-11 18:16:14 | INFO | [Round 3] Epoch 80/80 time=00:00.65 avg=00:00.63 ETA=00:00.00 | GPU MB alloc/reserved=277.4/1928.0
2026-04-11 18:16:14 | INFO | [Round 3] training complete in 00:50.51 (best monitor=100.000) | GPU MB alloc/reserved=277.4/1928.0
2026-04-11 18:16:14 | INFO | [Round 3] evaluation started | GPU MB alloc/reserved=191.8/1928.0
2026-04-11 18:16:23 | INFO | [Round 3] clean=12.13 fgsm=9.24 pgd=9.18 grad_disp_mean=nan grad_disp_sel=nan round_t=61.34s | GPU MB alloc/reserved=191.8/1928.0
2026-04-11 18:16:23 | INFO | [Round 4/21] elapsed=01:01.34 avg_round=00:50.30 projected_remaining=14:15.18 | GPU MB alloc/reserved=191.8/1928.0
2026-04-11 18:16:24 | INFO | [Round 4] acquisition on pool_size=49200 scored_pool=5000 budget=100 | GPU MB alloc/reserved=102.8/1928.0
2026-04-11 18:16:24 | INFO | [CoreSet-unlabeled-feat] scoring progress 10/20 elapsed=00:00.26 avg/batch=0.026s ETA=00:00.26 | GPU MB alloc/reserved=110.9/1928.0
2026-04-11 18:16:24 | INFO | [CoreSet-unlabeled-feat] scoring progress 20/20 elapsed=00:00.40 avg/batch=0.020s ETA=00:00.00 | GPU MB alloc/reserved=114.5/1928.0
2026-04-11 18:16:25 | INFO | [CoreSet-labeled-feat] scoring progress 4/4 elapsed=00:00.23 avg/batch=0.058s ETA=00:00.00 | GPU MB alloc/reserved=114.5/1928.0
2026-04-11 18:16:25 | INFO | [CoreSet] greedy 10/100 cover_radius=28.314318 | GPU: n/a
2026-04-11 18:16:25 | INFO | [CoreSet] greedy 20/100 cover_radius=27.984690 | GPU: n/a
2026-04-11 18:16:25 | INFO | [CoreSet] greedy 30/100 cover_radius=27.649298 | GPU: n/a
2026-04-11 18:16:25 | INFO | [CoreSet] greedy 40/100 cover_radius=27.482243 | GPU: n/a
2026-04-11 18:16:25 | INFO | [CoreSet] greedy 50/100 cover_radius=27.329649 | GPU: n/a
2026-04-11 18:16:25 | INFO | [CoreSet] greedy 60/100 cover_radius=27.210691 | GPU: n/a
2026-04-11 18:16:25 | INFO | [CoreSet] greedy 70/100 cover_radius=27.049435 | GPU: n/a
2026-04-11 18:16:25 | INFO | [CoreSet] greedy 80/100 cover_radius=26.888515 | GPU: n/a
2026-04-11 18:16:25 | INFO | [CoreSet] greedy 90/100 cover_radius=26.735649 | GPU: n/a
2026-04-11 18:16:25 | INFO | [CoreSet] greedy 100/100 cover_radius=26.636105 | GPU: n/a
2026-04-11 18:16:26 | INFO | [Round 4] labeled=900 train=900 val_fixed=0 | GPU MB alloc/reserved=147.0/1928.0
2026-04-11 18:16:27 | INFO | [Round 4] epoch=1/80 loss=4.7550 acc=2.11 val_acc=nan data_t=0.0225s batch_t=0.0915s epoch_t=00:00.91 lr=0.001000 | GPU MB alloc/reserved=281.2/1932.0
2026-04-11 18:16:27 | INFO | [Round 4] Epoch 1/80 time=00:00.91 avg=00:00.91 ETA=01:12.11 | GPU MB alloc/reserved=281.2/1932.0
2026-04-11 18:16:28 | INFO | [Round 4] epoch=2/80 loss=4.3777 acc=3.44 val_acc=nan data_t=0.0056s batch_t=0.0822s epoch_t=00:00.70 lr=0.000998 | GPU MB alloc/reserved=281.2/1932.0
2026-04-11 18:16:28 | INFO | [Round 4] Epoch 2/80 time=00:00.70 avg=00:00.81 ETA=01:03.02 | GPU MB alloc/reserved=281.2/1932.0
2026-04-11 18:16:28 | INFO | [Round 4] epoch=3/80 loss=4.1329 acc=6.89 val_acc=nan data_t=0.0060s batch_t=0.0828s epoch_t=00:00.71 lr=0.000997 | GPU MB alloc/reserved=281.2/1932.0
2026-04-11 18:16:28 | INFO | [Round 4] Epoch 3/80 time=00:00.71 avg=00:00.78 ETA=00:59.71 | GPU MB alloc/reserved=281.2/1932.0
2026-04-11 18:16:29 | INFO | [Round 4] epoch=4/80 loss=4.0175 acc=6.78 val_acc=nan data_t=0.0047s batch_t=0.0803s epoch_t=00:00.68 lr=0.000994 | GPU MB alloc/reserved=281.2/1932.0
2026-04-11 18:16:29 | INFO | [Round 4] Epoch 4/80 time=00:00.68 avg=00:00.75 ETA=00:57.13 | GPU MB alloc/reserved=281.2/1932.0
2026-04-11 18:16:30 | INFO | [Round 4] epoch=5/80 loss=3.9219 acc=8.22 val_acc=nan data_t=0.0065s batch_t=0.0808s epoch_t=00:00.70 lr=0.000990 | GPU MB alloc/reserved=281.2/1932.0
2026-04-11 18:16:30 | INFO | [Round 4] Epoch 5/80 time=00:00.70 avg=00:00.74 ETA=00:55.59 | GPU MB alloc/reserved=281.2/1932.0
2026-04-11 18:16:30 | INFO | [Round 4] epoch=6/80 loss=3.8674 acc=8.44 val_acc=nan data_t=0.0037s batch_t=0.0816s epoch_t=00:00.68 lr=0.000986 | GPU MB alloc/reserved=281.2/1932.0
2026-04-11 18:16:30 | INFO | [Round 4] Epoch 6/80 time=00:00.68 avg=00:00.73 ETA=00:54.12 | GPU MB alloc/reserved=281.2/1932.0
2026-04-11 18:16:31 | INFO | [Round 4] epoch=7/80 loss=3.8111 acc=9.78 val_acc=nan data_t=0.0075s batch_t=0.0817s epoch_t=00:00.71 lr=0.000981 | GPU MB alloc/reserved=281.2/1932.0
2026-04-11 18:16:31 | INFO | [Round 4] Epoch 7/80 time=00:00.71 avg=00:00.73 ETA=00:53.21 | GPU MB alloc/reserved=281.2/1932.0
2026-04-11 18:16:32 | INFO | [Round 4] epoch=8/80 loss=3.7831 acc=10.44 val_acc=nan data_t=0.0053s batch_t=0.0817s epoch_t=00:00.70 lr=0.000976 | GPU MB alloc/reserved=281.2/1932.0
2026-04-11 18:16:32 | INFO | [Round 4] Epoch 8/80 time=00:00.70 avg=00:00.72 ETA=00:52.18 | GPU MB alloc/reserved=281.2/1932.0
2026-04-11 18:16:32 | INFO | [Round 4] epoch=9/80 loss=3.6907 acc=11.22 val_acc=nan data_t=0.0032s batch_t=0.0822s epoch_t=00:00.68 lr=0.000969 | GPU MB alloc/reserved=281.2/1932.0
2026-04-11 18:16:32 | INFO | [Round 4] Epoch 9/80 time=00:00.68 avg=00:00.72 ETA=00:51.13 | GPU MB alloc/reserved=281.2/1932.0
2026-04-11 18:16:33 | INFO | [Round 4] epoch=10/80 loss=3.6720 acc=10.78 val_acc=nan data_t=0.0066s batch_t=0.0825s epoch_t=00:00.71 lr=0.000962 | GPU MB alloc/reserved=281.2/1932.0
2026-04-11 18:16:33 | INFO | [Round 4] Epoch 10/80 time=00:00.71 avg=00:00.72 ETA=00:50.36 | GPU MB alloc/reserved=281.2/1932.0
2026-04-11 18:16:34 | INFO | [Round 4] epoch=11/80 loss=3.5576 acc=13.11 val_acc=nan data_t=0.0048s batch_t=0.0849s epoch_t=00:00.72 lr=0.000955 | GPU MB alloc/reserved=281.2/1932.0
2026-04-11 18:16:34 | INFO | [Round 4] Epoch 11/80 time=00:00.72 avg=00:00.72 ETA=00:49.63 | GPU MB alloc/reserved=281.2/1932.0
2026-04-11 18:16:35 | INFO | [Round 4] epoch=12/80 loss=3.5947 acc=12.33 val_acc=nan data_t=0.0034s batch_t=0.0816s epoch_t=00:00.68 lr=0.000946 | GPU MB alloc/reserved=281.2/1932.0
2026-04-11 18:16:35 | INFO | [Round 4] Epoch 12/80 time=00:00.68 avg=00:00.72 ETA=00:48.69 | GPU MB alloc/reserved=281.2/1932.0
2026-04-11 18:16:35 | INFO | [Round 4] epoch=13/80 loss=3.5382 acc=12.78 val_acc=nan data_t=0.0050s batch_t=0.0775s epoch_t=00:00.66 lr=0.000937 | GPU MB alloc/reserved=281.2/1932.0
2026-04-11 18:16:35 | INFO | [Round 4] Epoch 13/80 time=00:00.66 avg=00:00.71 ETA=00:47.69 | GPU MB alloc/reserved=281.2/1932.0
2026-04-11 18:16:36 | INFO | [Round 4] epoch=14/80 loss=3.4341 acc=14.67 val_acc=nan data_t=0.0077s batch_t=0.0829s epoch_t=00:00.72 lr=0.000927 | GPU MB alloc/reserved=281.2/1932.0
2026-04-11 18:16:36 | INFO | [Round 4] Epoch 14/80 time=00:00.72 avg=00:00.71 ETA=00:47.04 | GPU MB alloc/reserved=281.2/1932.0
2026-04-11 18:16:37 | INFO | [Round 4] epoch=15/80 loss=3.3809 acc=13.56 val_acc=nan data_t=0.0050s batch_t=0.0815s epoch_t=00:00.69 lr=0.000917 | GPU MB alloc/reserved=281.2/1932.0
2026-04-11 18:16:37 | INFO | [Round 4] Epoch 15/80 time=00:00.69 avg=00:00.71 ETA=00:46.24 | GPU MB alloc/reserved=281.2/1932.0
2026-04-11 18:16:37 | INFO | [Round 4] epoch=16/80 loss=3.4305 acc=13.78 val_acc=nan data_t=0.0066s batch_t=0.0804s epoch_t=00:00.70 lr=0.000905 | GPU MB alloc/reserved=281.2/1932.0
2026-04-11 18:16:37 | INFO | [Round 4] Epoch 16/80 time=00:00.70 avg=00:00.71 ETA=00:45.47 | GPU MB alloc/reserved=281.2/1932.0
2026-04-11 18:16:38 | INFO | [Round 4] epoch=17/80 loss=3.4159 acc=14.11 val_acc=nan data_t=0.0059s batch_t=0.0795s epoch_t=00:00.68 lr=0.000894 | GPU MB alloc/reserved=281.2/1932.0
2026-04-11 18:16:38 | INFO | [Round 4] Epoch 17/80 time=00:00.68 avg=00:00.71 ETA=00:44.66 | GPU MB alloc/reserved=281.2/1932.0
2026-04-11 18:16:39 | INFO | [Round 4] epoch=18/80 loss=3.3454 acc=15.11 val_acc=nan data_t=0.0069s batch_t=0.0834s epoch_t=00:00.72 lr=0.000881 | GPU MB alloc/reserved=281.2/1932.0
2026-04-11 18:16:39 | INFO | [Round 4] Epoch 18/80 time=00:00.72 avg=00:00.71 ETA=00:43.99 | GPU MB alloc/reserved=281.2/1932.0
2026-04-11 18:16:39 | INFO | [Round 4] epoch=19/80 loss=3.3344 acc=17.33 val_acc=nan data_t=0.0065s batch_t=0.0798s epoch_t=00:00.69 lr=0.000868 | GPU MB alloc/reserved=281.2/1932.0
2026-04-11 18:16:39 | INFO | [Round 4] Epoch 19/80 time=00:00.69 avg=00:00.71 ETA=00:43.23 | GPU MB alloc/reserved=281.2/1932.0
2026-04-11 18:16:40 | INFO | [Round 4] epoch=20/80 loss=3.2868 acc=17.44 val_acc=nan data_t=0.0031s batch_t=0.0784s epoch_t=00:00.65 lr=0.000855 | GPU MB alloc/reserved=281.2/1932.0
2026-04-11 18:16:40 | INFO | [Round 4] Epoch 20/80 time=00:00.65 avg=00:00.71 ETA=00:42.35 | GPU MB alloc/reserved=281.2/1932.0
2026-04-11 18:16:41 | INFO | [Round 4] epoch=21/80 loss=3.2541 acc=15.33 val_acc=nan data_t=0.0071s batch_t=0.0769s epoch_t=00:00.67 lr=0.000841 | GPU MB alloc/reserved=281.2/1932.0
2026-04-11 18:16:41 | INFO | [Round 4] Epoch 21/80 time=00:00.67 avg=00:00.70 ETA=00:41.55 | GPU MB alloc/reserved=281.2/1932.0
2026-04-11 18:16:42 | INFO | [Round 4] epoch=22/80 loss=3.1661 acc=16.33 val_acc=nan data_t=0.0071s batch_t=0.0826s epoch_t=00:00.72 lr=0.000826 | GPU MB alloc/reserved=281.2/1932.0
2026-04-11 18:16:42 | INFO | [Round 4] Epoch 22/80 time=00:00.72 avg=00:00.70 ETA=00:40.88 | GPU MB alloc/reserved=281.2/1932.0
2026-04-11 18:16:42 | INFO | [Round 4] epoch=23/80 loss=3.1091 acc=17.89 val_acc=nan data_t=0.0066s batch_t=0.0803s epoch_t=00:00.70 lr=0.000811 | GPU MB alloc/reserved=281.2/1932.0
2026-04-11 18:16:42 | INFO | [Round 4] Epoch 23/80 time=00:00.70 avg=00:00.70 ETA=00:40.15 | GPU MB alloc/reserved=281.2/1932.0
2026-04-11 18:16:43 | INFO | [Round 4] epoch=24/80 loss=3.0954 acc=18.11 val_acc=nan data_t=0.0057s batch_t=0.0821s epoch_t=00:00.70 lr=0.000796 | GPU MB alloc/reserved=281.2/1932.0
2026-04-11 18:16:43 | INFO | [Round 4] Epoch 24/80 time=00:00.70 avg=00:00.70 ETA=00:39.44 | GPU MB alloc/reserved=281.2/1932.0
2026-04-11 18:16:44 | INFO | [Round 4] epoch=25/80 loss=3.0186 acc=20.11 val_acc=nan data_t=0.0030s batch_t=0.0839s epoch_t=00:00.70 lr=0.000780 | GPU MB alloc/reserved=281.2/1932.0
2026-04-11 18:16:44 | INFO | [Round 4] Epoch 25/80 time=00:00.70 avg=00:00.70 ETA=00:38.72 | GPU MB alloc/reserved=281.2/1932.0
2026-04-11 18:16:44 | INFO | [Round 4] epoch=26/80 loss=2.9931 acc=21.89 val_acc=nan data_t=0.0047s batch_t=0.0800s epoch_t=00:00.68 lr=0.000764 | GPU MB alloc/reserved=281.2/1932.0
2026-04-11 18:16:44 | INFO | [Round 4] Epoch 26/80 time=00:00.68 avg=00:00.70 ETA=00:37.96 | GPU MB alloc/reserved=281.2/1932.0
2026-04-11 18:16:45 | INFO | [Round 4] epoch=27/80 loss=3.0051 acc=21.00 val_acc=nan data_t=0.0064s batch_t=0.0760s epoch_t=00:00.66 lr=0.000747 | GPU MB alloc/reserved=281.2/1932.0
2026-04-11 18:16:45 | INFO | [Round 4] Epoch 27/80 time=00:00.66 avg=00:00.70 ETA=00:37.17 | GPU MB alloc/reserved=281.2/1932.0
2026-04-11 18:16:46 | INFO | [Round 4] epoch=28/80 loss=2.8801 acc=21.00 val_acc=nan data_t=0.0063s batch_t=0.0620s epoch_t=00:00.55 lr=0.000730 | GPU MB alloc/reserved=281.2/1932.0
2026-04-11 18:16:46 | INFO | [Round 4] Epoch 28/80 time=00:00.55 avg=00:00.70 ETA=00:36.18 | GPU MB alloc/reserved=281.2/1932.0
2026-04-11 18:16:46 | INFO | [Round 4] epoch=29/80 loss=2.8406 acc=24.11 val_acc=nan data_t=0.0048s batch_t=0.0862s epoch_t=00:00.73 lr=0.000712 | GPU MB alloc/reserved=281.2/1932.0
2026-04-11 18:16:46 | INFO | [Round 4] Epoch 29/80 time=00:00.73 avg=00:00.70 ETA=00:35.54 | GPU MB alloc/reserved=281.2/1932.0
2026-04-11 18:16:47 | INFO | [Round 4] epoch=30/80 loss=2.8277 acc=22.33 val_acc=nan data_t=0.0076s batch_t=0.0931s epoch_t=00:00.81 lr=0.000694 | GPU MB alloc/reserved=281.2/1932.0
2026-04-11 18:16:47 | INFO | [Round 4] Epoch 30/80 time=00:00.81 avg=00:00.70 ETA=00:35.03 | GPU MB alloc/reserved=281.2/1932.0
2026-04-11 18:16:48 | INFO | [Round 4] epoch=31/80 loss=2.9364 acc=21.67 val_acc=nan data_t=0.0032s batch_t=0.0935s epoch_t=00:00.77 lr=0.000676 | GPU MB alloc/reserved=281.2/1932.0
2026-04-11 18:16:48 | INFO | [Round 4] Epoch 31/80 time=00:00.77 avg=00:00.70 ETA=00:34.44 | GPU MB alloc/reserved=281.2/1932.0
2026-04-11 18:16:49 | INFO | [Round 4] epoch=32/80 loss=2.7628 acc=24.22 val_acc=nan data_t=0.0065s batch_t=0.0870s epoch_t=00:00.75 lr=0.000658 | GPU MB alloc/reserved=281.2/1932.0
2026-04-11 18:16:49 | INFO | [Round 4] Epoch 32/80 time=00:00.75 avg=00:00.70 ETA=00:33.81 | GPU MB alloc/reserved=281.2/1932.0
2026-04-11 18:16:49 | INFO | [Round 4] epoch=33/80 loss=2.6981 acc=26.11 val_acc=nan data_t=0.0031s batch_t=0.0945s epoch_t=00:00.78 lr=0.000639 | GPU MB alloc/reserved=281.2/1932.0
2026-04-11 18:16:49 | INFO | [Round 4] Epoch 33/80 time=00:00.78 avg=00:00.71 ETA=00:33.21 | GPU MB alloc/reserved=281.2/1932.0
2026-04-11 18:16:50 | INFO | [Round 4] epoch=34/80 loss=2.6210 acc=27.44 val_acc=nan data_t=0.0067s batch_t=0.0909s epoch_t=00:00.78 lr=0.000621 | GPU MB alloc/reserved=281.2/1932.0
2026-04-11 18:16:50 | INFO | [Round 4] Epoch 34/80 time=00:00.78 avg=00:00.71 ETA=00:32.61 | GPU MB alloc/reserved=281.2/1932.0
2026-04-11 18:16:51 | INFO | [Round 4] epoch=35/80 loss=2.5712 acc=30.44 val_acc=nan data_t=0.0066s batch_t=0.0914s epoch_t=00:00.78 lr=0.000602 | GPU MB alloc/reserved=281.2/1932.0
2026-04-11 18:16:51 | INFO | [Round 4] Epoch 35/80 time=00:00.78 avg=00:00.71 ETA=00:32.00 | GPU MB alloc/reserved=281.2/1932.0
2026-04-11 18:16:52 | INFO | [Round 4] epoch=36/80 loss=2.6632 acc=28.44 val_acc=nan data_t=0.0063s batch_t=0.0914s epoch_t=00:00.78 lr=0.000582 | GPU MB alloc/reserved=281.2/1932.0
2026-04-11 18:16:52 | INFO | [Round 4] Epoch 36/80 time=00:00.78 avg=00:00.71 ETA=00:31.37 | GPU MB alloc/reserved=281.2/1932.0
2026-04-11 18:16:52 | INFO | [Round 4] epoch=37/80 loss=2.5793 acc=30.56 val_acc=nan data_t=0.0041s batch_t=0.0814s epoch_t=00:00.68 lr=0.000563 | GPU MB alloc/reserved=281.2/1932.0
2026-04-11 18:16:52 | INFO | [Round 4] Epoch 37/80 time=00:00.68 avg=00:00.71 ETA=00:30.63 | GPU MB alloc/reserved=281.2/1932.0
2026-04-11 18:16:53 | INFO | [Round 4] epoch=38/80 loss=2.5482 acc=30.11 val_acc=nan data_t=0.0040s batch_t=0.0868s epoch_t=00:00.73 lr=0.000544 | GPU MB alloc/reserved=281.2/1932.0
2026-04-11 18:16:53 | INFO | [Round 4] Epoch 38/80 time=00:00.73 avg=00:00.71 ETA=00:29.93 | GPU MB alloc/reserved=281.2/1932.0
2026-04-11 18:16:54 | INFO | [Round 4] epoch=39/80 loss=2.4720 acc=31.89 val_acc=nan data_t=0.0043s batch_t=0.0930s epoch_t=00:00.78 lr=0.000524 | GPU MB alloc/reserved=281.2/1932.0
2026-04-11 18:16:54 | INFO | [Round 4] Epoch 39/80 time=00:00.78 avg=00:00.71 ETA=00:29.29 | GPU MB alloc/reserved=281.2/1932.0
2026-04-11 18:16:55 | INFO | [Round 4] epoch=40/80 loss=2.4174 acc=34.11 val_acc=nan data_t=0.0056s batch_t=0.0655s epoch_t=00:00.57 lr=0.000505 | GPU MB alloc/reserved=281.2/1932.0
2026-04-11 18:16:55 | INFO | [Round 4] Epoch 40/80 time=00:00.57 avg=00:00.71 ETA=00:28.43 | GPU MB alloc/reserved=281.2/1932.0
2026-04-11 18:16:55 | INFO | [Round 4] epoch=41/80 loss=2.3579 acc=35.11 val_acc=nan data_t=0.0074s batch_t=0.0652s epoch_t=00:00.58 lr=0.000486 | GPU MB alloc/reserved=281.2/1932.0
2026-04-11 18:16:55 | INFO | [Round 4] Epoch 41/80 time=00:00.58 avg=00:00.71 ETA=00:27.59 | GPU MB alloc/reserved=281.2/1932.0
2026-04-11 18:16:56 | INFO | [Round 4] epoch=42/80 loss=2.3666 acc=34.22 val_acc=nan data_t=0.0032s batch_t=0.1043s epoch_t=00:00.86 lr=0.000466 | GPU MB alloc/reserved=281.2/1932.0
2026-04-11 18:16:56 | INFO | [Round 4] Epoch 42/80 time=00:00.86 avg=00:00.71 ETA=00:27.02 | GPU MB alloc/reserved=281.2/1932.0
2026-04-11 18:16:57 | INFO | [Round 4] epoch=43/80 loss=2.2930 acc=35.56 val_acc=nan data_t=0.0050s batch_t=0.1048s epoch_t=00:00.88 lr=0.000447 | GPU MB alloc/reserved=281.2/1932.0
2026-04-11 18:16:57 | INFO | [Round 4] Epoch 43/80 time=00:00.88 avg=00:00.72 ETA=00:26.46 | GPU MB alloc/reserved=281.2/1932.0
2026-04-11 18:16:58 | INFO | [Round 4] epoch=44/80 loss=2.2020 acc=39.33 val_acc=nan data_t=0.0073s batch_t=0.1032s epoch_t=00:00.88 lr=0.000428 | GPU MB alloc/reserved=281.2/1932.0
2026-04-11 18:16:58 | INFO | [Round 4] Epoch 44/80 time=00:00.88 avg=00:00.72 ETA=00:25.88 | GPU MB alloc/reserved=281.2/1932.0
2026-04-11 18:16:59 | INFO | [Round 4] epoch=45/80 loss=2.2298 acc=38.11 val_acc=nan data_t=0.0071s batch_t=0.1054s epoch_t=00:00.90 lr=0.000408 | GPU MB alloc/reserved=281.2/1932.0
2026-04-11 18:16:59 | INFO | [Round 4] Epoch 45/80 time=00:00.90 avg=00:00.72 ETA=00:25.30 | GPU MB alloc/reserved=281.2/1932.0
2026-04-11 18:16:59 | INFO | [Round 4] epoch=46/80 loss=2.1922 acc=38.44 val_acc=nan data_t=0.0034s batch_t=0.0732s epoch_t=00:00.61 lr=0.000389 | GPU MB alloc/reserved=281.2/1932.0
2026-04-11 18:16:59 | INFO | [Round 4] Epoch 46/80 time=00:00.61 avg=00:00.72 ETA=00:24.50 | GPU MB alloc/reserved=281.2/1932.0
2026-04-11 18:17:00 | INFO | [Round 4] epoch=47/80 loss=2.1202 acc=41.89 val_acc=nan data_t=0.0075s batch_t=0.0696s epoch_t=00:00.62 lr=0.000371 | GPU MB alloc/reserved=281.2/1932.0
2026-04-11 18:17:00 | INFO | [Round 4] Epoch 47/80 time=00:00.62 avg=00:00.72 ETA=00:23.71 | GPU MB alloc/reserved=281.2/1932.0
2026-04-11 18:17:00 | INFO | [Round 4] epoch=48/80 loss=2.0589 acc=42.89 val_acc=nan data_t=0.0047s batch_t=0.0643s epoch_t=00:00.55 lr=0.000352 | GPU MB alloc/reserved=281.2/1932.0
2026-04-11 18:17:00 | INFO | [Round 4] Epoch 48/80 time=00:00.55 avg=00:00.71 ETA=00:22.88 | GPU MB alloc/reserved=281.2/1932.0
2026-04-11 18:17:01 | INFO | [Round 4] epoch=49/80 loss=2.0178 acc=44.89 val_acc=nan data_t=0.0030s batch_t=0.0308s epoch_t=00:00.27 lr=0.000334 | GPU MB alloc/reserved=281.2/1932.0
2026-04-11 18:17:01 | INFO | [Round 4] Epoch 49/80 time=00:00.27 avg=00:00.71 ETA=00:21.88 | GPU MB alloc/reserved=281.2/1932.0
2026-04-11 18:17:01 | INFO | [Round 4] epoch=50/80 loss=2.0164 acc=46.44 val_acc=nan data_t=0.0048s batch_t=0.0588s epoch_t=00:00.51 lr=0.000316 | GPU MB alloc/reserved=281.2/1932.0
2026-04-11 18:17:01 | INFO | [Round 4] Epoch 50/80 time=00:00.51 avg=00:00.70 ETA=00:21.06 | GPU MB alloc/reserved=281.2/1932.0
2026-04-11 18:17:02 | INFO | [Round 4] epoch=51/80 loss=2.0572 acc=42.11 val_acc=nan data_t=0.0067s batch_t=0.0646s epoch_t=00:00.57 lr=0.000298 | GPU MB alloc/reserved=281.2/1932.0
2026-04-11 18:17:02 | INFO | [Round 4] Epoch 51/80 time=00:00.57 avg=00:00.70 ETA=00:20.28 | GPU MB alloc/reserved=281.2/1932.0
2026-04-11 18:17:03 | INFO | [Round 4] epoch=52/80 loss=1.9656 acc=47.00 val_acc=nan data_t=0.0041s batch_t=0.0922s epoch_t=00:00.77 lr=0.000280 | GPU MB alloc/reserved=281.2/1932.0
2026-04-11 18:17:03 | INFO | [Round 4] Epoch 52/80 time=00:00.77 avg=00:00.70 ETA=00:19.62 | GPU MB alloc/reserved=281.2/1932.0
2026-04-11 18:17:03 | INFO | [Round 4] epoch=53/80 loss=1.9649 acc=43.89 val_acc=nan data_t=0.0052s batch_t=0.0944s epoch_t=00:00.80 lr=0.000263 | GPU MB alloc/reserved=281.2/1932.0
2026-04-11 18:17:03 | INFO | [Round 4] Epoch 53/80 time=00:00.80 avg=00:00.70 ETA=00:18.97 | GPU MB alloc/reserved=281.2/1932.0
2026-04-11 18:17:04 | INFO | [Round 4] epoch=54/80 loss=1.9118 acc=47.89 val_acc=nan data_t=0.0056s batch_t=0.0930s epoch_t=00:00.79 lr=0.000246 | GPU MB alloc/reserved=281.2/1932.0
2026-04-11 18:17:04 | INFO | [Round 4] Epoch 54/80 time=00:00.79 avg=00:00.70 ETA=00:18.31 | GPU MB alloc/reserved=281.2/1932.0
2026-04-11 18:17:05 | INFO | [Round 4] epoch=55/80 loss=1.8800 acc=48.00 val_acc=nan data_t=0.0033s batch_t=0.0942s epoch_t=00:00.78 lr=0.000230 | GPU MB alloc/reserved=281.2/1932.0
2026-04-11 18:17:05 | INFO | [Round 4] Epoch 55/80 time=00:00.78 avg=00:00.71 ETA=00:17.64 | GPU MB alloc/reserved=281.2/1932.0
2026-04-11 18:17:05 | INFO | [Round 4] epoch=56/80 loss=1.8734 acc=47.33 val_acc=nan data_t=0.0055s batch_t=0.0541s epoch_t=00:00.48 lr=0.000214 | GPU MB alloc/reserved=281.2/1932.0
2026-04-11 18:17:05 | INFO | [Round 4] Epoch 56/80 time=00:00.48 avg=00:00.70 ETA=00:16.83 | GPU MB alloc/reserved=281.2/1932.0
2026-04-11 18:17:06 | INFO | [Round 4] epoch=57/80 loss=1.7823 acc=50.89 val_acc=nan data_t=0.0053s batch_t=0.0573s epoch_t=00:00.50 lr=0.000199 | GPU MB alloc/reserved=281.2/1932.0
2026-04-11 18:17:06 | INFO | [Round 4] Epoch 57/80 time=00:00.50 avg=00:00.70 ETA=00:16.05 | GPU MB alloc/reserved=281.2/1932.0
2026-04-11 18:17:06 | INFO | [Round 4] epoch=58/80 loss=1.7432 acc=54.00 val_acc=nan data_t=0.0038s batch_t=0.0587s epoch_t=00:00.50 lr=0.000184 | GPU MB alloc/reserved=281.2/1932.0
2026-04-11 18:17:06 | INFO | [Round 4] Epoch 58/80 time=00:00.50 avg=00:00.69 ETA=00:15.28 | GPU MB alloc/reserved=281.2/1932.0
2026-04-11 18:17:07 | INFO | [Round 4] epoch=59/80 loss=1.7720 acc=50.00 val_acc=nan data_t=0.0047s batch_t=0.0696s epoch_t=00:00.59 lr=0.000169 | GPU MB alloc/reserved=281.2/1932.0
2026-04-11 18:17:07 | INFO | [Round 4] Epoch 59/80 time=00:00.59 avg=00:00.69 ETA=00:14.55 | GPU MB alloc/reserved=281.2/1932.0
2026-04-11 18:17:08 | INFO | [Round 4] epoch=60/80 loss=1.7408 acc=52.78 val_acc=nan data_t=0.0051s batch_t=0.0788s epoch_t=00:00.67 lr=0.000155 | GPU MB alloc/reserved=281.2/1932.0
2026-04-11 18:17:08 | INFO | [Round 4] Epoch 60/80 time=00:00.67 avg=00:00.69 ETA=00:13.85 | GPU MB alloc/reserved=281.2/1932.0
2026-04-11 18:17:08 | INFO | [Round 4] epoch=61/80 loss=1.6744 acc=51.78 val_acc=nan data_t=0.0057s batch_t=0.0833s epoch_t=00:00.71 lr=0.000142 | GPU MB alloc/reserved=281.2/1932.0
2026-04-11 18:17:08 | INFO | [Round 4] Epoch 61/80 time=00:00.71 avg=00:00.69 ETA=00:13.16 | GPU MB alloc/reserved=281.2/1932.0
2026-04-11 18:17:09 | INFO | [Round 4] epoch=62/80 loss=1.6851 acc=54.78 val_acc=nan data_t=0.0050s batch_t=0.0793s epoch_t=00:00.67 lr=0.000129 | GPU MB alloc/reserved=281.2/1932.0
2026-04-11 18:17:09 | INFO | [Round 4] Epoch 62/80 time=00:00.67 avg=00:00.69 ETA=00:12.46 | GPU MB alloc/reserved=281.2/1932.0
2026-04-11 18:17:10 | INFO | [Round 4] epoch=63/80 loss=1.6801 acc=54.33 val_acc=nan data_t=0.0031s batch_t=0.0799s epoch_t=00:00.66 lr=0.000116 | GPU MB alloc/reserved=281.2/1932.0
2026-04-11 18:17:10 | INFO | [Round 4] Epoch 63/80 time=00:00.66 avg=00:00.69 ETA=00:11.76 | GPU MB alloc/reserved=281.2/1932.0
2026-04-11 18:17:10 | INFO | [Round 4] epoch=64/80 loss=1.6624 acc=55.00 val_acc=nan data_t=0.0032s batch_t=0.0843s epoch_t=00:00.70 lr=0.000105 | GPU MB alloc/reserved=281.2/1932.0
2026-04-11 18:17:10 | INFO | [Round 4] Epoch 64/80 time=00:00.70 avg=00:00.69 ETA=00:11.07 | GPU MB alloc/reserved=281.2/1932.0
2026-04-11 18:17:11 | INFO | [Round 4] epoch=65/80 loss=1.6188 acc=57.22 val_acc=nan data_t=0.0060s batch_t=0.0861s epoch_t=00:00.74 lr=0.000093 | GPU MB alloc/reserved=281.2/1932.0
2026-04-11 18:17:11 | INFO | [Round 4] Epoch 65/80 time=00:00.74 avg=00:00.69 ETA=00:10.39 | GPU MB alloc/reserved=281.2/1932.0
2026-04-11 18:17:12 | INFO | [Round 4] epoch=66/80 loss=1.6089 acc=56.67 val_acc=nan data_t=0.0053s batch_t=0.0856s epoch_t=00:00.73 lr=0.000083 | GPU MB alloc/reserved=281.2/1932.0
2026-04-11 18:17:12 | INFO | [Round 4] Epoch 66/80 time=00:00.73 avg=00:00.69 ETA=00:09.71 | GPU MB alloc/reserved=281.2/1932.0
2026-04-11 18:17:13 | INFO | [Round 4] epoch=67/80 loss=1.5826 acc=59.89 val_acc=nan data_t=0.0078s batch_t=0.0857s epoch_t=00:00.75 lr=0.000073 | GPU MB alloc/reserved=281.2/1932.0
2026-04-11 18:17:13 | INFO | [Round 4] Epoch 67/80 time=00:00.75 avg=00:00.69 ETA=00:09.02 | GPU MB alloc/reserved=281.2/1932.0
2026-04-11 18:17:13 | INFO | [Round 4] epoch=68/80 loss=1.5353 acc=59.78 val_acc=nan data_t=0.0032s batch_t=0.0752s epoch_t=00:00.63 lr=0.000064 | GPU MB alloc/reserved=281.2/1932.0
2026-04-11 18:17:13 | INFO | [Round 4] Epoch 68/80 time=00:00.63 avg=00:00.69 ETA=00:08.32 | GPU MB alloc/reserved=281.2/1932.0
2026-04-11 18:17:14 | INFO | [Round 4] epoch=69/80 loss=1.5599 acc=59.56 val_acc=nan data_t=0.0032s batch_t=0.0827s epoch_t=00:00.69 lr=0.000055 | GPU MB alloc/reserved=281.2/1932.0
2026-04-11 18:17:14 | INFO | [Round 4] Epoch 69/80 time=00:00.69 avg=00:00.69 ETA=00:07.62 | GPU MB alloc/reserved=281.2/1932.0
2026-04-11 18:17:15 | INFO | [Round 4] epoch=70/80 loss=1.5580 acc=58.56 val_acc=nan data_t=0.0063s batch_t=0.0828s epoch_t=00:00.71 lr=0.000048 | GPU MB alloc/reserved=281.2/1932.0
2026-04-11 18:17:15 | INFO | [Round 4] Epoch 70/80 time=00:00.71 avg=00:00.69 ETA=00:06.93 | GPU MB alloc/reserved=281.2/1932.0
2026-04-11 18:17:15 | INFO | [Round 4] epoch=71/80 loss=1.4830 acc=61.44 val_acc=nan data_t=0.0067s batch_t=0.0805s epoch_t=00:00.70 lr=0.000041 | GPU MB alloc/reserved=281.2/1932.0
2026-04-11 18:17:15 | INFO | [Round 4] Epoch 71/80 time=00:00.70 avg=00:00.69 ETA=00:06.24 | GPU MB alloc/reserved=281.2/1932.0
2026-04-11 18:17:16 | INFO | [Round 4] epoch=72/80 loss=1.4979 acc=60.78 val_acc=nan data_t=0.0040s batch_t=0.0827s epoch_t=00:00.69 lr=0.000034 | GPU MB alloc/reserved=281.2/1932.0
2026-04-11 18:17:16 | INFO | [Round 4] Epoch 72/80 time=00:00.69 avg=00:00.69 ETA=00:05.55 | GPU MB alloc/reserved=281.2/1932.0
2026-04-11 18:17:17 | INFO | [Round 4] epoch=73/80 loss=1.4836 acc=62.33 val_acc=nan data_t=0.0077s batch_t=0.0829s epoch_t=00:00.72 lr=0.000029 | GPU MB alloc/reserved=281.2/1932.0
2026-04-11 18:17:17 | INFO | [Round 4] Epoch 73/80 time=00:00.72 avg=00:00.69 ETA=00:04.86 | GPU MB alloc/reserved=281.2/1932.0
2026-04-11 18:17:18 | INFO | [Round 4] epoch=74/80 loss=1.4987 acc=61.11 val_acc=nan data_t=0.0058s batch_t=0.0822s epoch_t=00:00.70 lr=0.000024 | GPU MB alloc/reserved=281.2/1932.0
2026-04-11 18:17:18 | INFO | [Round 4] Epoch 74/80 time=00:00.70 avg=00:00.69 ETA=00:04.16 | GPU MB alloc/reserved=281.2/1932.0
2026-04-11 18:17:18 | INFO | [Round 4] epoch=75/80 loss=1.4587 acc=61.11 val_acc=nan data_t=0.0070s batch_t=0.0836s epoch_t=00:00.72 lr=0.000020 | GPU MB alloc/reserved=281.2/1932.0
2026-04-11 18:17:18 | INFO | [Round 4] Epoch 75/80 time=00:00.72 avg=00:00.69 ETA=00:03.47 | GPU MB alloc/reserved=281.2/1932.0
2026-04-11 18:17:19 | INFO | [Round 4] epoch=76/80 loss=1.4486 acc=61.56 val_acc=nan data_t=0.0036s batch_t=0.0816s epoch_t=00:00.68 lr=0.000016 | GPU MB alloc/reserved=281.2/1932.0
2026-04-11 18:17:19 | INFO | [Round 4] Epoch 76/80 time=00:00.68 avg=00:00.69 ETA=00:02.78 | GPU MB alloc/reserved=281.2/1932.0
2026-04-11 18:17:20 | INFO | [Round 4] epoch=77/80 loss=1.4558 acc=62.00 val_acc=nan data_t=0.0038s batch_t=0.0846s epoch_t=00:00.71 lr=0.000013 | GPU MB alloc/reserved=281.2/1932.0
2026-04-11 18:17:20 | INFO | [Round 4] Epoch 77/80 time=00:00.71 avg=00:00.69 ETA=00:02.08 | GPU MB alloc/reserved=281.2/1932.0
2026-04-11 18:17:20 | INFO | [Round 4] epoch=78/80 loss=1.4352 acc=64.56 val_acc=nan data_t=0.0057s batch_t=0.0810s epoch_t=00:00.69 lr=0.000012 | GPU MB alloc/reserved=281.2/1932.0
2026-04-11 18:17:20 | INFO | [Round 4] Epoch 78/80 time=00:00.69 avg=00:00.69 ETA=00:01.39 | GPU MB alloc/reserved=281.2/1932.0
2026-04-11 18:17:21 | INFO | [Round 4] epoch=79/80 loss=1.4336 acc=63.67 val_acc=nan data_t=0.0066s batch_t=0.0831s epoch_t=00:00.72 lr=0.000010 | GPU MB alloc/reserved=281.2/1932.0
2026-04-11 18:17:21 | INFO | [Round 4] Epoch 79/80 time=00:00.72 avg=00:00.69 ETA=00:00.69 | GPU MB alloc/reserved=281.2/1932.0
2026-04-11 18:17:22 | INFO | [Round 4] epoch=80/80 loss=1.4519 acc=62.22 val_acc=nan data_t=0.0053s batch_t=0.0840s epoch_t=00:00.71 lr=0.000010 | GPU MB alloc/reserved=281.2/1932.0
2026-04-11 18:17:22 | INFO | [Round 4] Epoch 80/80 time=00:00.71 avg=00:00.69 ETA=00:00.00 | GPU MB alloc/reserved=281.2/1932.0
2026-04-11 18:17:22 | INFO | [Round 4] training complete in 00:55.92 (best monitor=64.556) | GPU MB alloc/reserved=281.2/1932.0
2026-04-11 18:17:22 | INFO | [Round 4] evaluation started | GPU MB alloc/reserved=193.6/1932.0
2026-04-11 18:17:30 | INFO | [Round 4] clean=10.34 fgsm=8.24 pgd=8.22 grad_disp_mean=nan grad_disp_sel=nan round_t=66.76s | GPU MB alloc/reserved=193.6/1932.0
2026-04-11 18:17:30 | INFO | [Round 5/21] elapsed=01:06.76 avg_round=00:53.60 projected_remaining=14:17.53 | GPU MB alloc/reserved=193.6/1932.0
2026-04-11 18:17:32 | INFO | [Round 5] acquisition on pool_size=49100 scored_pool=5000 budget=100 | GPU MB alloc/reserved=107.0/1932.0
2026-04-11 18:17:32 | INFO | [CoreSet-unlabeled-feat] scoring progress 10/20 elapsed=00:00.22 avg/batch=0.022s ETA=00:00.22 | GPU MB alloc/reserved=115.1/1932.0
2026-04-11 18:17:32 | INFO | [CoreSet-unlabeled-feat] scoring progress 20/20 elapsed=00:00.39 avg/batch=0.019s ETA=00:00.00 | GPU MB alloc/reserved=118.6/1932.0
2026-04-11 18:17:32 | INFO | [CoreSet-labeled-feat] scoring progress 4/4 elapsed=00:00.22 avg/batch=0.054s ETA=00:00.00 | GPU MB alloc/reserved=120.4/1932.0
2026-04-11 18:17:32 | INFO | [CoreSet] greedy 10/100 cover_radius=25.471535 | GPU: n/a
2026-04-11 18:17:32 | INFO | [CoreSet] greedy 20/100 cover_radius=23.700895 | GPU: n/a
2026-04-11 18:17:32 | INFO | [CoreSet] greedy 30/100 cover_radius=23.131565 | GPU: n/a
2026-04-11 18:17:32 | INFO | [CoreSet] greedy 40/100 cover_radius=22.771437 | GPU: n/a
2026-04-11 18:17:32 | INFO | [CoreSet] greedy 50/100 cover_radius=22.290573 | GPU: n/a
2026-04-11 18:17:32 | INFO | [CoreSet] greedy 60/100 cover_radius=22.070452 | GPU: n/a
2026-04-11 18:17:32 | INFO | [CoreSet] greedy 70/100 cover_radius=21.785896 | GPU: n/a
2026-04-11 18:17:32 | INFO | [CoreSet] greedy 80/100 cover_radius=21.579391 | GPU: n/a
2026-04-11 18:17:32 | INFO | [CoreSet] greedy 90/100 cover_radius=21.376223 | GPU: n/a
2026-04-11 18:17:32 | INFO | [CoreSet] greedy 100/100 cover_radius=21.188160 | GPU: n/a
2026-04-11 18:17:33 | INFO | [Round 5] labeled=1000 train=1000 val_fixed=0 | GPU MB alloc/reserved=149.9/1932.0
2026-04-11 18:17:34 | INFO | [Round 5] epoch=1/80 loss=4.7295 acc=2.20 val_acc=nan data_t=0.0221s batch_t=0.0934s epoch_t=00:00.92 lr=0.001000 | GPU MB alloc/reserved=280.9/1932.0
2026-04-11 18:17:34 | INFO | [Round 5] Epoch 1/80 time=00:00.92 avg=00:00.92 ETA=01:13.04 | GPU MB alloc/reserved=280.9/1932.0
2026-04-11 18:17:34 | INFO | [Round 5] epoch=2/80 loss=4.3662 acc=5.50 val_acc=nan data_t=0.0048s batch_t=0.0904s epoch_t=00:00.76 lr=0.000998 | GPU MB alloc/reserved=280.9/1932.0
2026-04-11 18:17:34 | INFO | [Round 5] Epoch 2/80 time=00:00.76 avg=00:00.84 ETA=01:05.78 | GPU MB alloc/reserved=280.9/1932.0
2026-04-11 18:17:35 | INFO | [Round 5] epoch=3/80 loss=4.0449 acc=8.40 val_acc=nan data_t=0.0051s batch_t=0.0898s epoch_t=00:00.76 lr=0.000997 | GPU MB alloc/reserved=280.9/1932.0
2026-04-11 18:17:35 | INFO | [Round 5] Epoch 3/80 time=00:00.76 avg=00:00.82 ETA=01:02.80 | GPU MB alloc/reserved=280.9/1932.0
2026-04-11 18:17:36 | INFO | [Round 5] epoch=4/80 loss=3.7900 acc=11.20 val_acc=nan data_t=0.0033s batch_t=0.0885s epoch_t=00:00.73 lr=0.000994 | GPU MB alloc/reserved=280.9/1932.0
2026-04-11 18:17:36 | INFO | [Round 5] Epoch 4/80 time=00:00.73 avg=00:00.80 ETA=01:00.45 | GPU MB alloc/reserved=280.9/1932.0
2026-04-11 18:17:37 | INFO | [Round 5] epoch=5/80 loss=3.6179 acc=13.60 val_acc=nan data_t=0.0069s batch_t=0.0899s epoch_t=00:00.77 lr=0.000990 | GPU MB alloc/reserved=280.9/1932.0
2026-04-11 18:17:37 | INFO | [Round 5] Epoch 5/80 time=00:00.77 avg=00:00.79 ETA=00:59.34 | GPU MB alloc/reserved=280.9/1932.0
2026-04-11 18:17:38 | INFO | [Round 5] epoch=6/80 loss=3.4574 acc=15.00 val_acc=nan data_t=0.0057s batch_t=0.0868s epoch_t=00:00.74 lr=0.000986 | GPU MB alloc/reserved=280.9/1932.0
2026-04-11 18:17:38 | INFO | [Round 5] Epoch 6/80 time=00:00.74 avg=00:00.78 ETA=00:57.93 | GPU MB alloc/reserved=280.9/1932.0
2026-04-11 18:17:38 | INFO | [Round 5] epoch=7/80 loss=3.2632 acc=17.20 val_acc=nan data_t=0.0072s batch_t=0.0903s epoch_t=00:00.78 lr=0.000981 | GPU MB alloc/reserved=280.9/1932.0
2026-04-11 18:17:38 | INFO | [Round 5] Epoch 7/80 time=00:00.78 avg=00:00.78 ETA=00:57.12 | GPU MB alloc/reserved=280.9/1932.0
2026-04-11 18:17:39 | INFO | [Round 5] epoch=8/80 loss=3.1323 acc=20.40 val_acc=nan data_t=0.0050s batch_t=0.0872s epoch_t=00:00.74 lr=0.000976 | GPU MB alloc/reserved=280.9/1932.0
2026-04-11 18:17:39 | INFO | [Round 5] Epoch 8/80 time=00:00.74 avg=00:00.78 ETA=00:55.94 | GPU MB alloc/reserved=280.9/1932.0
2026-04-11 18:17:40 | INFO | [Round 5] epoch=9/80 loss=2.9657 acc=24.00 val_acc=nan data_t=0.0034s batch_t=0.0870s epoch_t=00:00.72 lr=0.000969 | GPU MB alloc/reserved=280.9/1932.0
2026-04-11 18:17:40 | INFO | [Round 5] Epoch 9/80 time=00:00.72 avg=00:00.77 ETA=00:54.74 | GPU MB alloc/reserved=280.9/1932.0
2026-04-11 18:17:41 | INFO | [Round 5] epoch=10/80 loss=2.8401 acc=25.10 val_acc=nan data_t=0.0079s batch_t=0.0880s epoch_t=00:00.77 lr=0.000962 | GPU MB alloc/reserved=280.9/1932.0
2026-04-11 18:17:41 | INFO | [Round 5] Epoch 10/80 time=00:00.77 avg=00:00.77 ETA=00:53.94 | GPU MB alloc/reserved=280.9/1932.0
2026-04-11 18:17:41 | INFO | [Round 5] epoch=11/80 loss=2.6801 acc=27.40 val_acc=nan data_t=0.0048s batch_t=0.0872s epoch_t=00:00.74 lr=0.000955 | GPU MB alloc/reserved=280.9/1932.0
2026-04-11 18:17:41 | INFO | [Round 5] Epoch 11/80 time=00:00.74 avg=00:00.77 ETA=00:52.96 | GPU MB alloc/reserved=280.9/1932.0
2026-04-11 18:17:42 | INFO | [Round 5] epoch=12/80 loss=2.5730 acc=28.80 val_acc=nan data_t=0.0056s batch_t=0.0859s epoch_t=00:00.73 lr=0.000946 | GPU MB alloc/reserved=280.9/1932.0
2026-04-11 18:17:42 | INFO | [Round 5] Epoch 12/80 time=00:00.73 avg=00:00.76 ETA=00:51.99 | GPU MB alloc/reserved=280.9/1932.0
2026-04-11 18:17:43 | INFO | [Round 5] epoch=13/80 loss=2.4734 acc=32.60 val_acc=nan data_t=0.0065s batch_t=0.0889s epoch_t=00:00.76 lr=0.000937 | GPU MB alloc/reserved=280.9/1932.0
2026-04-11 18:17:43 | INFO | [Round 5] Epoch 13/80 time=00:00.76 avg=00:00.76 ETA=00:51.22 | GPU MB alloc/reserved=280.9/1932.0
2026-04-11 18:17:44 | INFO | [Round 5] epoch=14/80 loss=2.2202 acc=39.50 val_acc=nan data_t=0.0042s batch_t=0.0883s epoch_t=00:00.74 lr=0.000927 | GPU MB alloc/reserved=280.9/1932.0
2026-04-11 18:17:44 | INFO | [Round 5] Epoch 14/80 time=00:00.74 avg=00:00.76 ETA=00:50.34 | GPU MB alloc/reserved=280.9/1932.0
2026-04-11 18:17:44 | INFO | [Round 5] epoch=15/80 loss=2.0964 acc=43.30 val_acc=nan data_t=0.0059s batch_t=0.0895s epoch_t=00:00.76 lr=0.000917 | GPU MB alloc/reserved=280.9/1932.0
2026-04-11 18:17:44 | INFO | [Round 5] Epoch 15/80 time=00:00.76 avg=00:00.76 ETA=00:49.58 | GPU MB alloc/reserved=280.9/1932.0
2026-04-11 18:17:45 | INFO | [Round 5] epoch=16/80 loss=1.9274 acc=45.60 val_acc=nan data_t=0.0076s batch_t=0.0878s epoch_t=00:00.76 lr=0.000905 | GPU MB alloc/reserved=280.9/1932.0
2026-04-11 18:17:45 | INFO | [Round 5] Epoch 16/80 time=00:00.76 avg=00:00.76 ETA=00:48.82 | GPU MB alloc/reserved=280.9/1932.0
2026-04-11 18:17:46 | INFO | [Round 5] epoch=17/80 loss=1.7326 acc=53.00 val_acc=nan data_t=0.0081s batch_t=0.0906s epoch_t=00:00.79 lr=0.000894 | GPU MB alloc/reserved=280.9/1932.0
2026-04-11 18:17:46 | INFO | [Round 5] Epoch 17/80 time=00:00.79 avg=00:00.76 ETA=00:48.16 | GPU MB alloc/reserved=280.9/1932.0
2026-04-11 18:17:47 | INFO | [Round 5] epoch=18/80 loss=1.6473 acc=54.00 val_acc=nan data_t=0.0054s batch_t=0.0855s epoch_t=00:00.73 lr=0.000881 | GPU MB alloc/reserved=280.9/1932.0
2026-04-11 18:17:47 | INFO | [Round 5] Epoch 18/80 time=00:00.73 avg=00:00.76 ETA=00:47.27 | GPU MB alloc/reserved=280.9/1932.0
2026-04-11 18:17:47 | INFO | [Round 5] epoch=19/80 loss=1.4742 acc=59.60 val_acc=nan data_t=0.0040s batch_t=0.0880s epoch_t=00:00.74 lr=0.000868 | GPU MB alloc/reserved=280.9/1932.0
2026-04-11 18:17:47 | INFO | [Round 5] Epoch 19/80 time=00:00.74 avg=00:00.76 ETA=00:46.42 | GPU MB alloc/reserved=280.9/1932.0
2026-04-11 18:17:48 | INFO | [Round 5] epoch=20/80 loss=1.3706 acc=63.40 val_acc=nan data_t=0.0034s batch_t=0.0901s epoch_t=00:00.75 lr=0.000855 | GPU MB alloc/reserved=280.9/1932.0
2026-04-11 18:17:48 | INFO | [Round 5] Epoch 20/80 time=00:00.75 avg=00:00.76 ETA=00:45.62 | GPU MB alloc/reserved=280.9/1932.0
2026-04-11 18:17:49 | INFO | [Round 5] epoch=21/80 loss=1.2614 acc=65.90 val_acc=nan data_t=0.0048s batch_t=0.0887s epoch_t=00:00.75 lr=0.000841 | GPU MB alloc/reserved=280.9/1932.0
2026-04-11 18:17:49 | INFO | [Round 5] Epoch 21/80 time=00:00.75 avg=00:00.76 ETA=00:44.83 | GPU MB alloc/reserved=280.9/1932.0
2026-04-11 18:17:50 | INFO | [Round 5] epoch=22/80 loss=1.2112 acc=65.20 val_acc=nan data_t=0.0043s batch_t=0.0877s epoch_t=00:00.74 lr=0.000826 | GPU MB alloc/reserved=280.9/1932.0
2026-04-11 18:17:50 | INFO | [Round 5] Epoch 22/80 time=00:00.74 avg=00:00.76 ETA=00:44.00 | GPU MB alloc/reserved=280.9/1932.0
2026-04-11 18:17:50 | INFO | [Round 5] epoch=23/80 loss=1.0482 acc=72.20 val_acc=nan data_t=0.0040s batch_t=0.0890s epoch_t=00:00.74 lr=0.000811 | GPU MB alloc/reserved=280.9/1932.0
2026-04-11 18:17:50 | INFO | [Round 5] Epoch 23/80 time=00:00.74 avg=00:00.76 ETA=00:43.21 | GPU MB alloc/reserved=280.9/1932.0
2026-04-11 18:17:51 | INFO | [Round 5] epoch=24/80 loss=0.9074 acc=78.40 val_acc=nan data_t=0.0035s batch_t=0.0903s epoch_t=00:00.75 lr=0.000796 | GPU MB alloc/reserved=280.9/1932.0
2026-04-11 18:17:51 | INFO | [Round 5] Epoch 24/80 time=00:00.75 avg=00:00.76 ETA=00:42.43 | GPU MB alloc/reserved=280.9/1932.0
2026-04-11 18:17:52 | INFO | [Round 5] epoch=25/80 loss=0.7660 acc=82.00 val_acc=nan data_t=0.0068s batch_t=0.0897s epoch_t=00:00.77 lr=0.000780 | GPU MB alloc/reserved=280.9/1932.0
2026-04-11 18:17:52 | INFO | [Round 5] Epoch 25/80 time=00:00.77 avg=00:00.76 ETA=00:41.71 | GPU MB alloc/reserved=280.9/1932.0
2026-04-11 18:17:53 | INFO | [Round 5] epoch=26/80 loss=0.6755 acc=84.20 val_acc=nan data_t=0.0068s batch_t=0.0878s epoch_t=00:00.76 lr=0.000764 | GPU MB alloc/reserved=280.9/1932.0
2026-04-11 18:17:53 | INFO | [Round 5] Epoch 26/80 time=00:00.76 avg=00:00.76 ETA=00:40.95 | GPU MB alloc/reserved=280.9/1932.0
2026-04-11 18:17:53 | INFO | [Round 5] epoch=27/80 loss=0.6363 acc=86.50 val_acc=nan data_t=0.0053s batch_t=0.0880s epoch_t=00:00.75 lr=0.000747 | GPU MB alloc/reserved=280.9/1932.0
2026-04-11 18:17:53 | INFO | [Round 5] Epoch 27/80 time=00:00.75 avg=00:00.76 ETA=00:40.17 | GPU MB alloc/reserved=280.9/1932.0
2026-04-11 18:17:54 | INFO | [Round 5] epoch=28/80 loss=0.5146 acc=89.50 val_acc=nan data_t=0.0050s batch_t=0.0882s epoch_t=00:00.75 lr=0.000730 | GPU MB alloc/reserved=280.9/1932.0
2026-04-11 18:17:54 | INFO | [Round 5] Epoch 28/80 time=00:00.75 avg=00:00.76 ETA=00:39.39 | GPU MB alloc/reserved=280.9/1932.0
2026-04-11 18:17:55 | INFO | [Round 5] epoch=29/80 loss=0.4728 acc=90.70 val_acc=nan data_t=0.0071s batch_t=0.0903s epoch_t=00:00.78 lr=0.000712 | GPU MB alloc/reserved=280.9/1932.0
2026-04-11 18:17:55 | INFO | [Round 5] Epoch 29/80 time=00:00.78 avg=00:00.76 ETA=00:38.67 | GPU MB alloc/reserved=280.9/1932.0
2026-04-11 18:17:56 | INFO | [Round 5] epoch=30/80 loss=0.4412 acc=89.70 val_acc=nan data_t=0.0039s batch_t=0.0796s epoch_t=00:00.67 lr=0.000694 | GPU MB alloc/reserved=280.9/1932.0
2026-04-11 18:17:56 | INFO | [Round 5] Epoch 30/80 time=00:00.67 avg=00:00.76 ETA=00:37.76 | GPU MB alloc/reserved=280.9/1932.0
2026-04-11 18:17:56 | INFO | [Round 5] epoch=31/80 loss=0.3767 acc=93.20 val_acc=nan data_t=0.0078s batch_t=0.0836s epoch_t=00:00.73 lr=0.000676 | GPU MB alloc/reserved=280.9/1932.0
2026-04-11 18:17:56 | INFO | [Round 5] Epoch 31/80 time=00:00.73 avg=00:00.75 ETA=00:36.97 | GPU MB alloc/reserved=280.9/1932.0
2026-04-11 18:17:57 | INFO | [Round 5] epoch=32/80 loss=0.3421 acc=92.60 val_acc=nan data_t=0.0039s batch_t=0.0870s epoch_t=00:00.73 lr=0.000658 | GPU MB alloc/reserved=280.9/1932.0
2026-04-11 18:17:57 | INFO | [Round 5] Epoch 32/80 time=00:00.73 avg=00:00.75 ETA=00:36.17 | GPU MB alloc/reserved=280.9/1932.0
2026-04-11 18:17:58 | INFO | [Round 5] epoch=33/80 loss=0.3192 acc=93.20 val_acc=nan data_t=0.0040s batch_t=0.0818s epoch_t=00:00.69 lr=0.000639 | GPU MB alloc/reserved=280.9/1932.0
2026-04-11 18:17:58 | INFO | [Round 5] Epoch 33/80 time=00:00.69 avg=00:00.75 ETA=00:35.33 | GPU MB alloc/reserved=280.9/1932.0
2026-04-11 18:17:59 | INFO | [Round 5] epoch=34/80 loss=0.2714 acc=95.20 val_acc=nan data_t=0.0041s batch_t=0.0995s epoch_t=00:00.83 lr=0.000621 | GPU MB alloc/reserved=280.9/1932.0
2026-04-11 18:17:59 | INFO | [Round 5] Epoch 34/80 time=00:00.83 avg=00:00.75 ETA=00:34.68 | GPU MB alloc/reserved=280.9/1932.0
2026-04-11 18:18:00 | INFO | [Round 5] epoch=35/80 loss=0.2297 acc=97.20 val_acc=nan data_t=0.0035s batch_t=0.1003s epoch_t=00:00.83 lr=0.000602 | GPU MB alloc/reserved=280.9/1932.0
2026-04-11 18:18:00 | INFO | [Round 5] Epoch 35/80 time=00:00.83 avg=00:00.76 ETA=00:34.02 | GPU MB alloc/reserved=280.9/1932.0
2026-04-11 18:18:00 | INFO | [Round 5] epoch=36/80 loss=0.1956 acc=97.70 val_acc=nan data_t=0.0072s batch_t=0.0958s epoch_t=00:00.82 lr=0.000582 | GPU MB alloc/reserved=280.9/1932.0
2026-04-11 18:18:00 | INFO | [Round 5] Epoch 36/80 time=00:00.82 avg=00:00.76 ETA=00:33.35 | GPU MB alloc/reserved=280.9/1932.0
2026-04-11 18:18:01 | INFO | [Round 5] epoch=37/80 loss=0.1743 acc=98.00 val_acc=nan data_t=0.0032s batch_t=0.0984s epoch_t=00:00.81 lr=0.000563 | GPU MB alloc/reserved=280.9/1932.0
2026-04-11 18:18:01 | INFO | [Round 5] Epoch 37/80 time=00:00.81 avg=00:00.76 ETA=00:32.66 | GPU MB alloc/reserved=280.9/1932.0
2026-04-11 18:18:02 | INFO | [Round 5] epoch=38/80 loss=0.1446 acc=98.00 val_acc=nan data_t=0.0063s batch_t=0.0999s epoch_t=00:00.85 lr=0.000544 | GPU MB alloc/reserved=280.9/1932.0
2026-04-11 18:18:02 | INFO | [Round 5] Epoch 38/80 time=00:00.85 avg=00:00.76 ETA=00:32.00 | GPU MB alloc/reserved=280.9/1932.0
2026-04-11 18:18:03 | INFO | [Round 5] epoch=39/80 loss=0.1330 acc=97.90 val_acc=nan data_t=0.0062s batch_t=0.1009s epoch_t=00:00.86 lr=0.000524 | GPU MB alloc/reserved=280.9/1932.0
2026-04-11 18:18:03 | INFO | [Round 5] Epoch 39/80 time=00:00.86 avg=00:00.76 ETA=00:31.34 | GPU MB alloc/reserved=280.9/1932.0
2026-04-11 18:18:04 | INFO | [Round 5] epoch=40/80 loss=0.1071 acc=98.50 val_acc=nan data_t=0.0067s batch_t=0.1026s epoch_t=00:00.87 lr=0.000505 | GPU MB alloc/reserved=280.9/1932.0
2026-04-11 18:18:04 | INFO | [Round 5] Epoch 40/80 time=00:00.87 avg=00:00.77 ETA=00:30.68 | GPU MB alloc/reserved=280.9/1932.0
2026-04-11 18:18:05 | INFO | [Round 5] epoch=41/80 loss=0.0950 acc=98.90 val_acc=nan data_t=0.0032s batch_t=0.1002s epoch_t=00:00.83 lr=0.000486 | GPU MB alloc/reserved=280.9/1932.0
2026-04-11 18:18:05 | INFO | [Round 5] Epoch 41/80 time=00:00.83 avg=00:00.77 ETA=00:29.97 | GPU MB alloc/reserved=280.9/1932.0
2026-04-11 18:18:05 | INFO | [Round 5] epoch=42/80 loss=0.0746 acc=99.40 val_acc=nan data_t=0.0032s batch_t=0.1011s epoch_t=00:00.83 lr=0.000466 | GPU MB alloc/reserved=280.9/1932.0
2026-04-11 18:18:05 | INFO | [Round 5] Epoch 42/80 time=00:00.83 avg=00:00.77 ETA=00:29.26 | GPU MB alloc/reserved=280.9/1932.0
2026-04-11 18:18:06 | INFO | [Round 5] epoch=43/80 loss=0.0848 acc=99.50 val_acc=nan data_t=0.0047s batch_t=0.0810s epoch_t=00:00.69 lr=0.000447 | GPU MB alloc/reserved=280.9/1932.0
2026-04-11 18:18:06 | INFO | [Round 5] Epoch 43/80 time=00:00.69 avg=00:00.77 ETA=00:28.42 | GPU MB alloc/reserved=280.9/1932.0
2026-04-11 18:18:07 | INFO | [Round 5] epoch=44/80 loss=0.0689 acc=99.50 val_acc=nan data_t=0.0077s batch_t=0.0612s epoch_t=00:00.55 lr=0.000428 | GPU MB alloc/reserved=280.9/1932.0
2026-04-11 18:18:07 | INFO | [Round 5] Epoch 44/80 time=00:00.55 avg=00:00.76 ETA=00:27.48 | GPU MB alloc/reserved=280.9/1932.0
2026-04-11 18:18:07 | INFO | [Round 5] epoch=45/80 loss=0.0702 acc=99.70 val_acc=nan data_t=0.0048s batch_t=0.0392s epoch_t=00:00.35 lr=0.000408 | GPU MB alloc/reserved=280.9/1932.0
2026-04-11 18:18:07 | INFO | [Round 5] Epoch 45/80 time=00:00.35 avg=00:00.75 ETA=00:26.39 | GPU MB alloc/reserved=280.9/1932.0
2026-04-11 18:18:08 | INFO | [Round 5] epoch=46/80 loss=0.0591 acc=99.60 val_acc=nan data_t=0.0051s batch_t=0.1059s epoch_t=00:00.89 lr=0.000389 | GPU MB alloc/reserved=280.9/1932.0
2026-04-11 18:18:08 | INFO | [Round 5] Epoch 46/80 time=00:00.89 avg=00:00.76 ETA=00:25.74 | GPU MB alloc/reserved=280.9/1932.0
2026-04-11 18:18:09 | INFO | [Round 5] epoch=47/80 loss=0.0609 acc=99.30 val_acc=nan data_t=0.0050s batch_t=0.1130s epoch_t=00:00.94 lr=0.000371 | GPU MB alloc/reserved=280.9/1932.0
2026-04-11 18:18:09 | INFO | [Round 5] Epoch 47/80 time=00:00.94 avg=00:00.76 ETA=00:25.11 | GPU MB alloc/reserved=280.9/1932.0
2026-04-11 18:18:10 | INFO | [Round 5] epoch=48/80 loss=0.0599 acc=99.30 val_acc=nan data_t=0.0053s batch_t=0.1099s epoch_t=00:00.92 lr=0.000352 | GPU MB alloc/reserved=280.9/1932.0
2026-04-11 18:18:10 | INFO | [Round 5] Epoch 48/80 time=00:00.92 avg=00:00.76 ETA=00:24.46 | GPU MB alloc/reserved=280.9/1932.0
2026-04-11 18:18:11 | INFO | [Round 5] epoch=49/80 loss=0.0435 acc=99.80 val_acc=nan data_t=0.0075s batch_t=0.1122s epoch_t=00:00.96 lr=0.000334 | GPU MB alloc/reserved=280.9/1932.0
2026-04-11 18:18:11 | INFO | [Round 5] Epoch 49/80 time=00:00.96 avg=00:00.77 ETA=00:23.82 | GPU MB alloc/reserved=280.9/1932.0
2026-04-11 18:18:11 | INFO | [Round 5] epoch=50/80 loss=0.0419 acc=99.70 val_acc=nan data_t=0.0047s batch_t=0.0783s epoch_t=00:00.66 lr=0.000316 | GPU MB alloc/reserved=280.9/1932.0
2026-04-11 18:18:11 | INFO | [Round 5] Epoch 50/80 time=00:00.66 avg=00:00.77 ETA=00:22.99 | GPU MB alloc/reserved=280.9/1932.0
2026-04-11 18:18:12 | INFO | [Round 5] epoch=51/80 loss=0.0431 acc=99.80 val_acc=nan data_t=0.0030s batch_t=0.0758s epoch_t=00:00.63 lr=0.000298 | GPU MB alloc/reserved=280.9/1932.0
2026-04-11 18:18:12 | INFO | [Round 5] Epoch 51/80 time=00:00.63 avg=00:00.76 ETA=00:22.14 | GPU MB alloc/reserved=280.9/1932.0
2026-04-11 18:18:13 | INFO | [Round 5] epoch=52/80 loss=0.0385 acc=99.60 val_acc=nan data_t=0.0046s batch_t=0.0752s epoch_t=00:00.64 lr=0.000280 | GPU MB alloc/reserved=280.9/1932.0
2026-04-11 18:18:13 | INFO | [Round 5] Epoch 52/80 time=00:00.64 avg=00:00.76 ETA=00:21.31 | GPU MB alloc/reserved=280.9/1932.0
2026-04-11 18:18:13 | INFO | [Round 5] epoch=53/80 loss=0.0306 acc=99.90 val_acc=nan data_t=0.0039s batch_t=0.0782s epoch_t=00:00.66 lr=0.000263 | GPU MB alloc/reserved=280.9/1932.0
2026-04-11 18:18:13 | INFO | [Round 5] Epoch 53/80 time=00:00.66 avg=00:00.76 ETA=00:20.50 | GPU MB alloc/reserved=280.9/1932.0
2026-04-11 18:18:14 | INFO | [Round 5] epoch=54/80 loss=0.0310 acc=99.90 val_acc=nan data_t=0.0039s batch_t=0.0981s epoch_t=00:00.82 lr=0.000246 | GPU MB alloc/reserved=280.9/1932.0
2026-04-11 18:18:14 | INFO | [Round 5] Epoch 54/80 time=00:00.82 avg=00:00.76 ETA=00:19.77 | GPU MB alloc/reserved=280.9/1932.0
2026-04-11 18:18:15 | INFO | [Round 5] epoch=55/80 loss=0.0272 acc=100.00 val_acc=nan data_t=0.0049s batch_t=0.0855s epoch_t=00:00.72 lr=0.000230 | GPU MB alloc/reserved=280.9/1932.0
2026-04-11 18:18:15 | INFO | [Round 5] Epoch 55/80 time=00:00.72 avg=00:00.76 ETA=00:18.99 | GPU MB alloc/reserved=280.9/1932.0
2026-04-11 18:18:15 | INFO | [Round 5] epoch=56/80 loss=0.0298 acc=100.00 val_acc=nan data_t=0.0064s batch_t=0.0594s epoch_t=00:00.53 lr=0.000214 | GPU MB alloc/reserved=280.9/1932.0
2026-04-11 18:18:15 | INFO | [Round 5] Epoch 56/80 time=00:00.53 avg=00:00.76 ETA=00:18.13 | GPU MB alloc/reserved=280.9/1932.0
2026-04-11 18:18:16 | INFO | [Round 5] epoch=57/80 loss=0.0243 acc=100.00 val_acc=nan data_t=0.0049s batch_t=0.0598s epoch_t=00:00.52 lr=0.000199 | GPU MB alloc/reserved=280.9/1932.0
2026-04-11 18:18:16 | INFO | [Round 5] Epoch 57/80 time=00:00.52 avg=00:00.75 ETA=00:17.28 | GPU MB alloc/reserved=280.9/1932.0
2026-04-11 18:18:17 | INFO | [Round 5] epoch=58/80 loss=0.0265 acc=100.00 val_acc=nan data_t=0.0034s batch_t=0.1033s epoch_t=00:00.85 lr=0.000184 | GPU MB alloc/reserved=280.9/1932.0
2026-04-11 18:18:17 | INFO | [Round 5] Epoch 58/80 time=00:00.85 avg=00:00.75 ETA=00:16.57 | GPU MB alloc/reserved=280.9/1932.0
2026-04-11 18:18:18 | INFO | [Round 5] epoch=59/80 loss=0.0230 acc=100.00 val_acc=nan data_t=0.0068s batch_t=0.1025s epoch_t=00:00.87 lr=0.000169 | GPU MB alloc/reserved=280.9/1932.0
2026-04-11 18:18:18 | INFO | [Round 5] Epoch 59/80 time=00:00.87 avg=00:00.76 ETA=00:15.86 | GPU MB alloc/reserved=280.9/1932.0
2026-04-11 18:18:19 | INFO | [Round 5] epoch=60/80 loss=0.0257 acc=100.00 val_acc=nan data_t=0.0030s batch_t=0.1024s epoch_t=00:00.84 lr=0.000155 | GPU MB alloc/reserved=280.9/1932.0
2026-04-11 18:18:19 | INFO | [Round 5] Epoch 60/80 time=00:00.84 avg=00:00.76 ETA=00:15.13 | GPU MB alloc/reserved=280.9/1932.0
2026-04-11 18:18:19 | INFO | [Round 5] epoch=61/80 loss=0.0237 acc=100.00 val_acc=nan data_t=0.0071s batch_t=0.1008s epoch_t=00:00.86 lr=0.000142 | GPU MB alloc/reserved=280.9/1932.0
2026-04-11 18:18:19 | INFO | [Round 5] Epoch 61/80 time=00:00.86 avg=00:00.76 ETA=00:14.41 | GPU MB alloc/reserved=280.9/1932.0
2026-04-11 18:18:20 | INFO | [Round 5] epoch=62/80 loss=0.0201 acc=100.00 val_acc=nan data_t=0.0050s batch_t=0.0649s epoch_t=00:00.56 lr=0.000129 | GPU MB alloc/reserved=280.9/1932.0
2026-04-11 18:18:20 | INFO | [Round 5] Epoch 62/80 time=00:00.56 avg=00:00.76 ETA=00:13.59 | GPU MB alloc/reserved=280.9/1932.0
2026-04-11 18:18:21 | INFO | [Round 5] epoch=63/80 loss=0.0208 acc=100.00 val_acc=nan data_t=0.0035s batch_t=0.0639s epoch_t=00:00.54 lr=0.000116 | GPU MB alloc/reserved=280.9/1932.0
2026-04-11 18:18:21 | INFO | [Round 5] Epoch 63/80 time=00:00.54 avg=00:00.75 ETA=00:12.78 | GPU MB alloc/reserved=280.9/1932.0
2026-04-11 18:18:21 | INFO | [Round 5] epoch=64/80 loss=0.0192 acc=100.00 val_acc=nan data_t=0.0070s batch_t=0.0601s epoch_t=00:00.54 lr=0.000105 | GPU MB alloc/reserved=280.9/1932.0
2026-04-11 18:18:21 | INFO | [Round 5] Epoch 64/80 time=00:00.54 avg=00:00.75 ETA=00:11.97 | GPU MB alloc/reserved=280.9/1932.0
2026-04-11 18:18:22 | INFO | [Round 5] epoch=65/80 loss=0.0184 acc=100.00 val_acc=nan data_t=0.0047s batch_t=0.0861s epoch_t=00:00.73 lr=0.000093 | GPU MB alloc/reserved=280.9/1932.0
2026-04-11 18:18:22 | INFO | [Round 5] Epoch 65/80 time=00:00.73 avg=00:00.75 ETA=00:11.22 | GPU MB alloc/reserved=280.9/1932.0
2026-04-11 18:18:22 | INFO | [Round 5] epoch=66/80 loss=0.0209 acc=99.90 val_acc=nan data_t=0.0047s batch_t=0.0833s epoch_t=00:00.70 lr=0.000083 | GPU MB alloc/reserved=280.9/1932.0
2026-04-11 18:18:22 | INFO | [Round 5] Epoch 66/80 time=00:00.70 avg=00:00.75 ETA=00:10.46 | GPU MB alloc/reserved=280.9/1932.0
2026-04-11 18:18:23 | INFO | [Round 5] epoch=67/80 loss=0.0187 acc=99.80 val_acc=nan data_t=0.0074s batch_t=0.0896s epoch_t=00:00.78 lr=0.000073 | GPU MB alloc/reserved=280.9/1932.0
2026-04-11 18:18:23 | INFO | [Round 5] Epoch 67/80 time=00:00.78 avg=00:00.75 ETA=00:09.72 | GPU MB alloc/reserved=280.9/1932.0
2026-04-11 18:18:24 | INFO | [Round 5] epoch=68/80 loss=0.0187 acc=100.00 val_acc=nan data_t=0.0039s batch_t=0.0837s epoch_t=00:00.70 lr=0.000064 | GPU MB alloc/reserved=280.9/1932.0
2026-04-11 18:18:24 | INFO | [Round 5] Epoch 68/80 time=00:00.70 avg=00:00.75 ETA=00:08.96 | GPU MB alloc/reserved=280.9/1932.0
2026-04-11 18:18:25 | INFO | [Round 5] epoch=69/80 loss=0.0179 acc=100.00 val_acc=nan data_t=0.0061s batch_t=0.0917s epoch_t=00:00.78 lr=0.000055 | GPU MB alloc/reserved=280.9/1932.0
2026-04-11 18:18:25 | INFO | [Round 5] Epoch 69/80 time=00:00.78 avg=00:00.75 ETA=00:08.22 | GPU MB alloc/reserved=280.9/1932.0
2026-04-11 18:18:26 | INFO | [Round 5] epoch=70/80 loss=0.0180 acc=100.00 val_acc=nan data_t=0.0049s batch_t=0.0914s epoch_t=00:00.77 lr=0.000048 | GPU MB alloc/reserved=280.9/1932.0
2026-04-11 18:18:26 | INFO | [Round 5] Epoch 70/80 time=00:00.77 avg=00:00.75 ETA=00:07.48 | GPU MB alloc/reserved=280.9/1932.0
2026-04-11 18:18:26 | INFO | [Round 5] epoch=71/80 loss=0.0194 acc=100.00 val_acc=nan data_t=0.0066s batch_t=0.0901s epoch_t=00:00.77 lr=0.000041 | GPU MB alloc/reserved=280.9/1932.0
2026-04-11 18:18:26 | INFO | [Round 5] Epoch 71/80 time=00:00.77 avg=00:00.75 ETA=00:06.73 | GPU MB alloc/reserved=280.9/1932.0
2026-04-11 18:18:27 | INFO | [Round 5] epoch=72/80 loss=0.0202 acc=100.00 val_acc=nan data_t=0.0048s batch_t=0.0896s epoch_t=00:00.76 lr=0.000034 | GPU MB alloc/reserved=280.9/1932.0
2026-04-11 18:18:27 | INFO | [Round 5] Epoch 72/80 time=00:00.76 avg=00:00.75 ETA=00:05.99 | GPU MB alloc/reserved=280.9/1932.0
2026-04-11 18:18:28 | INFO | [Round 5] epoch=73/80 loss=0.0180 acc=100.00 val_acc=nan data_t=0.0051s batch_t=0.0880s epoch_t=00:00.75 lr=0.000029 | GPU MB alloc/reserved=280.9/1932.0
2026-04-11 18:18:28 | INFO | [Round 5] Epoch 73/80 time=00:00.75 avg=00:00.75 ETA=00:05.24 | GPU MB alloc/reserved=280.9/1932.0
2026-04-11 18:18:29 | INFO | [Round 5] epoch=74/80 loss=0.0163 acc=100.00 val_acc=nan data_t=0.0049s batch_t=0.0886s epoch_t=00:00.75 lr=0.000024 | GPU MB alloc/reserved=280.9/1932.0
2026-04-11 18:18:29 | INFO | [Round 5] Epoch 74/80 time=00:00.75 avg=00:00.75 ETA=00:04.49 | GPU MB alloc/reserved=280.9/1932.0
2026-04-11 18:18:29 | INFO | [Round 5] epoch=75/80 loss=0.0185 acc=99.90 val_acc=nan data_t=0.0051s batch_t=0.0909s epoch_t=00:00.77 lr=0.000020 | GPU MB alloc/reserved=280.9/1932.0
2026-04-11 18:18:29 | INFO | [Round 5] Epoch 75/80 time=00:00.77 avg=00:00.75 ETA=00:03.74 | GPU MB alloc/reserved=280.9/1932.0
2026-04-11 18:18:30 | INFO | [Round 5] epoch=76/80 loss=0.0173 acc=100.00 val_acc=nan data_t=0.0032s batch_t=0.0908s epoch_t=00:00.75 lr=0.000016 | GPU MB alloc/reserved=280.9/1932.0
2026-04-11 18:18:30 | INFO | [Round 5] Epoch 76/80 time=00:00.75 avg=00:00.75 ETA=00:02.99 | GPU MB alloc/reserved=280.9/1932.0
2026-04-11 18:18:31 | INFO | [Round 5] epoch=77/80 loss=0.0205 acc=100.00 val_acc=nan data_t=0.0040s batch_t=0.0860s epoch_t=00:00.72 lr=0.000013 | GPU MB alloc/reserved=280.9/1932.0
2026-04-11 18:18:31 | INFO | [Round 5] Epoch 77/80 time=00:00.72 avg=00:00.75 ETA=00:02.24 | GPU MB alloc/reserved=280.9/1932.0
2026-04-11 18:18:32 | INFO | [Round 5] epoch=78/80 loss=0.0168 acc=100.00 val_acc=nan data_t=0.0044s batch_t=0.0914s epoch_t=00:00.77 lr=0.000012 | GPU MB alloc/reserved=280.9/1932.0
2026-04-11 18:18:32 | INFO | [Round 5] Epoch 78/80 time=00:00.77 avg=00:00.75 ETA=00:01.50 | GPU MB alloc/reserved=280.9/1932.0
2026-04-11 18:18:32 | INFO | [Round 5] epoch=79/80 loss=0.0165 acc=100.00 val_acc=nan data_t=0.0070s batch_t=0.0937s epoch_t=00:00.81 lr=0.000010 | GPU MB alloc/reserved=280.9/1932.0
2026-04-11 18:18:32 | INFO | [Round 5] Epoch 79/80 time=00:00.81 avg=00:00.75 ETA=00:00.75 | GPU MB alloc/reserved=280.9/1932.0
2026-04-11 18:18:33 | INFO | [Round 5] epoch=80/80 loss=0.0179 acc=100.00 val_acc=nan data_t=0.0070s batch_t=0.0940s epoch_t=00:00.81 lr=0.000010 | GPU MB alloc/reserved=280.9/1932.0
2026-04-11 18:18:33 | INFO | [Round 5] Epoch 80/80 time=00:00.81 avg=00:00.75 ETA=00:00.00 | GPU MB alloc/reserved=280.9/1932.0
2026-04-11 18:18:33 | INFO | [Round 5] training complete in 01:00.44 (best monitor=100.000) | GPU MB alloc/reserved=280.9/1932.0
2026-04-11 18:18:33 | INFO | [Round 5] evaluation started | GPU MB alloc/reserved=194.3/1932.0
2026-04-11 18:18:42 | INFO | [Round 5] clean=13.28 fgsm=9.99 pgd=9.91 grad_disp_mean=nan grad_disp_sel=nan round_t=70.80s | GPU MB alloc/reserved=194.3/1932.0
2026-04-11 18:18:42 | INFO | [Round 6/21] elapsed=01:10.80 avg_round=00:56.46 projected_remaining=14:06.95 | GPU MB alloc/reserved=194.3/1932.0
2026-04-11 18:18:43 | INFO | [Round 6] acquisition on pool_size=49000 scored_pool=5000 budget=100 | GPU MB alloc/reserved=103.5/1932.0
2026-04-11 18:18:43 | INFO | [CoreSet-unlabeled-feat] scoring progress 10/20 elapsed=00:00.23 avg/batch=0.023s ETA=00:00.23 | GPU MB alloc/reserved=111.6/1932.0
2026-04-11 18:18:43 | INFO | [CoreSet-unlabeled-feat] scoring progress 20/20 elapsed=00:00.39 avg/batch=0.019s ETA=00:00.00 | GPU MB alloc/reserved=115.2/1932.0
2026-04-11 18:18:44 | INFO | [CoreSet-labeled-feat] scoring progress 4/4 elapsed=00:00.19 avg/batch=0.048s ETA=00:00.00 | GPU MB alloc/reserved=118.2/1932.0
2026-04-11 18:18:44 | INFO | [CoreSet] greedy 10/100 cover_radius=28.354479 | GPU: n/a
2026-04-11 18:18:44 | INFO | [CoreSet] greedy 20/100 cover_radius=28.020096 | GPU: n/a
2026-04-11 18:18:44 | INFO | [CoreSet] greedy 30/100 cover_radius=27.708418 | GPU: n/a
2026-04-11 18:18:44 | INFO | [CoreSet] greedy 40/100 cover_radius=27.383968 | GPU: n/a
2026-04-11 18:18:44 | INFO | [CoreSet] greedy 50/100 cover_radius=27.228739 | GPU: n/a
2026-04-11 18:18:44 | INFO | [CoreSet] greedy 60/100 cover_radius=27.085159 | GPU: n/a
2026-04-11 18:18:44 | INFO | [CoreSet] greedy 70/100 cover_radius=26.928312 | GPU: n/a
2026-04-11 18:18:44 | INFO | [CoreSet] greedy 80/100 cover_radius=26.897955 | GPU: n/a
2026-04-11 18:18:45 | INFO | [CoreSet] greedy 90/100 cover_radius=26.769659 | GPU: n/a
2026-04-11 18:18:45 | INFO | [CoreSet] greedy 100/100 cover_radius=26.659058 | GPU: n/a
2026-04-11 18:18:45 | INFO | [Round 6] labeled=1100 train=1100 val_fixed=0 | GPU MB alloc/reserved=148.0/1932.0
2026-04-11 18:18:46 | INFO | [Round 6] epoch=1/80 loss=4.7231 acc=2.18 val_acc=nan data_t=0.0229s batch_t=0.0932s epoch_t=00:01.05 lr=0.001000 | GPU MB alloc/reserved=279.0/1932.0
2026-04-11 18:18:46 | INFO | [Round 6] Epoch 1/80 time=00:01.05 avg=00:01.05 ETA=01:22.60 | GPU MB alloc/reserved=279.0/1932.0
2026-04-11 18:18:47 | INFO | [Round 6] epoch=2/80 loss=4.3844 acc=3.91 val_acc=nan data_t=0.0034s batch_t=0.0902s epoch_t=00:00.84 lr=0.000998 | GPU MB alloc/reserved=279.0/1932.0
2026-04-11 18:18:47 | INFO | [Round 6] Epoch 2/80 time=00:00.84 avg=00:00.94 ETA=01:13.65 | GPU MB alloc/reserved=279.0/1932.0
2026-04-11 18:18:48 | INFO | [Round 6] epoch=3/80 loss=4.0862 acc=6.91 val_acc=nan data_t=0.0052s batch_t=0.0881s epoch_t=00:00.84 lr=0.000997 | GPU MB alloc/reserved=279.0/1932.0
2026-04-11 18:18:48 | INFO | [Round 6] Epoch 3/80 time=00:00.84 avg=00:00.91 ETA=01:10.04 | GPU MB alloc/reserved=279.0/1932.0
2026-04-11 18:18:49 | INFO | [Round 6] epoch=4/80 loss=3.9068 acc=9.55 val_acc=nan data_t=0.0052s batch_t=0.0878s epoch_t=00:00.84 lr=0.000994 | GPU MB alloc/reserved=279.0/1932.0
2026-04-11 18:18:49 | INFO | [Round 6] Epoch 4/80 time=00:00.84 avg=00:00.89 ETA=01:07.75 | GPU MB alloc/reserved=279.0/1932.0
2026-04-11 18:18:49 | INFO | [Round 6] epoch=5/80 loss=3.6365 acc=13.55 val_acc=nan data_t=0.0036s batch_t=0.0894s epoch_t=00:00.84 lr=0.000990 | GPU MB alloc/reserved=279.0/1932.0
2026-04-11 18:18:49 | INFO | [Round 6] Epoch 5/80 time=00:00.84 avg=00:00.88 ETA=01:06.04 | GPU MB alloc/reserved=279.0/1932.0
2026-04-11 18:18:50 | INFO | [Round 6] epoch=6/80 loss=3.5086 acc=16.00 val_acc=nan data_t=0.0060s batch_t=0.0856s epoch_t=00:00.83 lr=0.000986 | GPU MB alloc/reserved=279.0/1932.0
2026-04-11 18:18:50 | INFO | [Round 6] Epoch 6/80 time=00:00.83 avg=00:00.87 ETA=01:04.48 | GPU MB alloc/reserved=279.0/1932.0
2026-04-11 18:18:51 | INFO | [Round 6] epoch=7/80 loss=3.3671 acc=15.27 val_acc=nan data_t=0.0041s batch_t=0.0876s epoch_t=00:00.83 lr=0.000981 | GPU MB alloc/reserved=279.0/1932.0
2026-04-11 18:18:51 | INFO | [Round 6] Epoch 7/80 time=00:00.83 avg=00:00.86 ETA=01:03.13 | GPU MB alloc/reserved=279.0/1932.0
2026-04-11 18:18:52 | INFO | [Round 6] epoch=8/80 loss=3.1225 acc=22.18 val_acc=nan data_t=0.0048s batch_t=0.0891s epoch_t=00:00.85 lr=0.000976 | GPU MB alloc/reserved=279.0/1932.0
2026-04-11 18:18:52 | INFO | [Round 6] Epoch 8/80 time=00:00.85 avg=00:00.86 ETA=01:02.09 | GPU MB alloc/reserved=279.0/1932.0
2026-04-11 18:18:53 | INFO | [Round 6] epoch=9/80 loss=3.0189 acc=21.91 val_acc=nan data_t=0.0042s batch_t=0.0893s epoch_t=00:00.84 lr=0.000969 | GPU MB alloc/reserved=279.0/1932.0
2026-04-11 18:18:53 | INFO | [Round 6] Epoch 9/80 time=00:00.84 avg=00:00.86 ETA=01:01.07 | GPU MB alloc/reserved=279.0/1932.0
2026-04-11 18:18:54 | INFO | [Round 6] epoch=10/80 loss=2.8767 acc=24.73 val_acc=nan data_t=0.0047s batch_t=0.0902s epoch_t=00:00.85 lr=0.000962 | GPU MB alloc/reserved=279.0/1932.0
2026-04-11 18:18:54 | INFO | [Round 6] Epoch 10/80 time=00:00.85 avg=00:00.86 ETA=01:00.16 | GPU MB alloc/reserved=279.0/1932.0
2026-04-11 18:18:55 | INFO | [Round 6] epoch=11/80 loss=2.7468 acc=26.18 val_acc=nan data_t=0.0050s batch_t=0.0874s epoch_t=00:00.83 lr=0.000955 | GPU MB alloc/reserved=279.0/1932.0
2026-04-11 18:18:55 | INFO | [Round 6] Epoch 11/80 time=00:00.83 avg=00:00.86 ETA=00:59.13 | GPU MB alloc/reserved=279.0/1932.0
2026-04-11 18:18:55 | INFO | [Round 6] epoch=12/80 loss=2.5844 acc=31.00 val_acc=nan data_t=0.0068s batch_t=0.0882s epoch_t=00:00.86 lr=0.000946 | GPU MB alloc/reserved=279.0/1932.0
2026-04-11 18:18:55 | INFO | [Round 6] Epoch 12/80 time=00:00.86 avg=00:00.86 ETA=00:58.26 | GPU MB alloc/reserved=279.0/1932.0
2026-04-11 18:18:56 | INFO | [Round 6] epoch=13/80 loss=2.4463 acc=32.09 val_acc=nan data_t=0.0042s batch_t=0.0897s epoch_t=00:00.84 lr=0.000937 | GPU MB alloc/reserved=279.0/1932.0
2026-04-11 18:18:56 | INFO | [Round 6] Epoch 13/80 time=00:00.84 avg=00:00.86 ETA=00:57.34 | GPU MB alloc/reserved=279.0/1932.0
2026-04-11 18:18:57 | INFO | [Round 6] epoch=14/80 loss=2.3184 acc=36.64 val_acc=nan data_t=0.0044s batch_t=0.0874s epoch_t=00:00.83 lr=0.000927 | GPU MB alloc/reserved=279.0/1932.0
2026-04-11 18:18:57 | INFO | [Round 6] Epoch 14/80 time=00:00.83 avg=00:00.85 ETA=00:56.35 | GPU MB alloc/reserved=279.0/1932.0
2026-04-11 18:18:58 | INFO | [Round 6] epoch=15/80 loss=2.2108 acc=39.00 val_acc=nan data_t=0.0051s batch_t=0.0896s epoch_t=00:00.85 lr=0.000917 | GPU MB alloc/reserved=279.0/1932.0
2026-04-11 18:18:58 | INFO | [Round 6] Epoch 15/80 time=00:00.85 avg=00:00.85 ETA=00:55.49 | GPU MB alloc/reserved=279.0/1932.0
2026-04-11 18:18:59 | INFO | [Round 6] epoch=16/80 loss=1.9847 acc=45.00 val_acc=nan data_t=0.0046s batch_t=0.0872s epoch_t=00:00.83 lr=0.000905 | GPU MB alloc/reserved=279.0/1932.0
2026-04-11 18:18:59 | INFO | [Round 6] Epoch 16/80 time=00:00.83 avg=00:00.85 ETA=00:54.53 | GPU MB alloc/reserved=279.0/1932.0
2026-04-11 18:19:00 | INFO | [Round 6] epoch=17/80 loss=1.8767 acc=48.36 val_acc=nan data_t=0.0043s batch_t=0.0906s epoch_t=00:00.86 lr=0.000894 | GPU MB alloc/reserved=279.0/1932.0
2026-04-11 18:19:00 | INFO | [Round 6] Epoch 17/80 time=00:00.86 avg=00:00.85 ETA=00:53.69 | GPU MB alloc/reserved=279.0/1932.0
2026-04-11 18:19:00 | INFO | [Round 6] epoch=18/80 loss=1.7479 acc=51.27 val_acc=nan data_t=0.0047s batch_t=0.0896s epoch_t=00:00.85 lr=0.000881 | GPU MB alloc/reserved=279.0/1932.0
2026-04-11 18:19:00 | INFO | [Round 6] Epoch 18/80 time=00:00.85 avg=00:00.85 ETA=00:52.83 | GPU MB alloc/reserved=279.0/1932.0
2026-04-11 18:19:01 | INFO | [Round 6] epoch=19/80 loss=1.6022 acc=55.73 val_acc=nan data_t=0.0047s batch_t=0.0906s epoch_t=00:00.86 lr=0.000868 | GPU MB alloc/reserved=279.0/1932.0
2026-04-11 18:19:01 | INFO | [Round 6] Epoch 19/80 time=00:00.86 avg=00:00.85 ETA=00:51.99 | GPU MB alloc/reserved=279.0/1932.0
2026-04-11 18:19:02 | INFO | [Round 6] epoch=20/80 loss=1.4808 acc=60.27 val_acc=nan data_t=0.0047s batch_t=0.0888s epoch_t=00:00.84 lr=0.000855 | GPU MB alloc/reserved=279.0/1932.0
2026-04-11 18:19:02 | INFO | [Round 6] Epoch 20/80 time=00:00.84 avg=00:00.85 ETA=00:51.11 | GPU MB alloc/reserved=279.0/1932.0
2026-04-11 18:19:03 | INFO | [Round 6] epoch=21/80 loss=1.3665 acc=61.64 val_acc=nan data_t=0.0058s batch_t=0.0874s epoch_t=00:00.84 lr=0.000841 | GPU MB alloc/reserved=279.0/1932.0
2026-04-11 18:19:03 | INFO | [Round 6] Epoch 21/80 time=00:00.84 avg=00:00.85 ETA=00:50.22 | GPU MB alloc/reserved=279.0/1932.0
2026-04-11 18:19:04 | INFO | [Round 6] epoch=22/80 loss=1.2476 acc=65.55 val_acc=nan data_t=0.0032s batch_t=0.0883s epoch_t=00:00.82 lr=0.000826 | GPU MB alloc/reserved=279.0/1932.0
2026-04-11 18:19:04 | INFO | [Round 6] Epoch 22/80 time=00:00.82 avg=00:00.85 ETA=00:49.30 | GPU MB alloc/reserved=279.0/1932.0
2026-04-11 18:19:05 | INFO | [Round 6] epoch=23/80 loss=1.1003 acc=71.00 val_acc=nan data_t=0.0061s batch_t=0.0891s epoch_t=00:00.86 lr=0.000811 | GPU MB alloc/reserved=279.0/1932.0
2026-04-11 18:19:05 | INFO | [Round 6] Epoch 23/80 time=00:00.86 avg=00:00.85 ETA=00:48.46 | GPU MB alloc/reserved=279.0/1932.0
2026-04-11 18:19:06 | INFO | [Round 6] epoch=24/80 loss=0.9879 acc=74.36 val_acc=nan data_t=0.0036s batch_t=0.0883s epoch_t=00:00.83 lr=0.000796 | GPU MB alloc/reserved=279.0/1932.0
2026-04-11 18:19:06 | INFO | [Round 6] Epoch 24/80 time=00:00.83 avg=00:00.85 ETA=00:47.56 | GPU MB alloc/reserved=279.0/1932.0
2026-04-11 18:19:06 | INFO | [Round 6] epoch=25/80 loss=0.8691 acc=77.91 val_acc=nan data_t=0.0047s batch_t=0.0882s epoch_t=00:00.84 lr=0.000780 | GPU MB alloc/reserved=279.0/1932.0
2026-04-11 18:19:06 | INFO | [Round 6] Epoch 25/80 time=00:00.84 avg=00:00.85 ETA=00:46.68 | GPU MB alloc/reserved=279.0/1932.0
2026-04-11 18:19:07 | INFO | [Round 6] epoch=26/80 loss=0.7713 acc=81.36 val_acc=nan data_t=0.0043s batch_t=0.0896s epoch_t=00:00.85 lr=0.000764 | GPU MB alloc/reserved=279.0/1932.0
2026-04-11 18:19:07 | INFO | [Round 6] Epoch 26/80 time=00:00.85 avg=00:00.85 ETA=00:45.83 | GPU MB alloc/reserved=279.0/1932.0
2026-04-11 18:19:08 | INFO | [Round 6] epoch=27/80 loss=0.7088 acc=82.91 val_acc=nan data_t=0.0047s batch_t=0.0869s epoch_t=00:00.82 lr=0.000747 | GPU MB alloc/reserved=279.0/1932.0
2026-04-11 18:19:08 | INFO | [Round 6] Epoch 27/80 time=00:00.82 avg=00:00.85 ETA=00:44.93 | GPU MB alloc/reserved=279.0/1932.0
2026-04-11 18:19:09 | INFO | [Round 6] epoch=28/80 loss=0.6052 acc=86.91 val_acc=nan data_t=0.0058s batch_t=0.0880s epoch_t=00:00.84 lr=0.000730 | GPU MB alloc/reserved=279.0/1932.0
2026-04-11 18:19:09 | INFO | [Round 6] Epoch 28/80 time=00:00.84 avg=00:00.85 ETA=00:44.08 | GPU MB alloc/reserved=279.0/1932.0
2026-04-11 18:19:10 | INFO | [Round 6] epoch=29/80 loss=0.5679 acc=87.45 val_acc=nan data_t=0.0057s batch_t=0.0878s epoch_t=00:00.84 lr=0.000712 | GPU MB alloc/reserved=279.0/1932.0
2026-04-11 18:19:10 | INFO | [Round 6] Epoch 29/80 time=00:00.84 avg=00:00.85 ETA=00:43.22 | GPU MB alloc/reserved=279.0/1932.0
2026-04-11 18:19:11 | INFO | [Round 6] epoch=30/80 loss=0.5276 acc=86.91 val_acc=nan data_t=0.0043s batch_t=0.0880s epoch_t=00:00.83 lr=0.000694 | GPU MB alloc/reserved=279.0/1932.0
2026-04-11 18:19:11 | INFO | [Round 6] Epoch 30/80 time=00:00.83 avg=00:00.85 ETA=00:42.35 | GPU MB alloc/reserved=279.0/1932.0
2026-04-11 18:19:11 | INFO | [Round 6] epoch=31/80 loss=0.4683 acc=91.73 val_acc=nan data_t=0.0031s batch_t=0.0880s epoch_t=00:00.82 lr=0.000676 | GPU MB alloc/reserved=279.0/1932.0
2026-04-11 18:19:11 | INFO | [Round 6] Epoch 31/80 time=00:00.82 avg=00:00.85 ETA=00:41.46 | GPU MB alloc/reserved=279.0/1932.0
2026-04-11 18:19:12 | INFO | [Round 6] epoch=32/80 loss=0.4184 acc=91.27 val_acc=nan data_t=0.0043s batch_t=0.0870s epoch_t=00:00.82 lr=0.000658 | GPU MB alloc/reserved=279.0/1932.0
2026-04-11 18:19:12 | INFO | [Round 6] Epoch 32/80 time=00:00.82 avg=00:00.85 ETA=00:40.58 | GPU MB alloc/reserved=279.0/1932.0
2026-04-11 18:19:13 | INFO | [Round 6] epoch=33/80 loss=0.3627 acc=93.09 val_acc=nan data_t=0.0043s batch_t=0.0874s epoch_t=00:00.83 lr=0.000639 | GPU MB alloc/reserved=279.0/1932.0
2026-04-11 18:19:13 | INFO | [Round 6] Epoch 33/80 time=00:00.83 avg=00:00.84 ETA=00:39.70 | GPU MB alloc/reserved=279.0/1932.0
2026-04-11 18:19:14 | INFO | [Round 6] epoch=34/80 loss=0.3239 acc=94.73 val_acc=nan data_t=0.0044s batch_t=0.0711s epoch_t=00:00.68 lr=0.000621 | GPU MB alloc/reserved=279.0/1932.0
2026-04-11 18:19:14 | INFO | [Round 6] Epoch 34/80 time=00:00.68 avg=00:00.84 ETA=00:38.63 | GPU MB alloc/reserved=279.0/1932.0
2026-04-11 18:19:15 | INFO | [Round 6] epoch=35/80 loss=0.2742 acc=95.18 val_acc=nan data_t=0.0043s batch_t=0.0991s epoch_t=00:00.93 lr=0.000602 | GPU MB alloc/reserved=279.0/1932.0
2026-04-11 18:19:15 | INFO | [Round 6] Epoch 35/80 time=00:00.93 avg=00:00.84 ETA=00:37.91 | GPU MB alloc/reserved=279.0/1932.0
2026-04-11 18:19:16 | INFO | [Round 6] epoch=36/80 loss=0.2327 acc=97.09 val_acc=nan data_t=0.0045s batch_t=0.0976s epoch_t=00:00.92 lr=0.000582 | GPU MB alloc/reserved=279.0/1932.0
2026-04-11 18:19:16 | INFO | [Round 6] Epoch 36/80 time=00:00.92 avg=00:00.84 ETA=00:37.16 | GPU MB alloc/reserved=279.0/1932.0
2026-04-11 18:19:17 | INFO | [Round 6] epoch=37/80 loss=0.1966 acc=96.64 val_acc=nan data_t=0.0042s batch_t=0.0938s epoch_t=00:00.88 lr=0.000563 | GPU MB alloc/reserved=279.0/1932.0
2026-04-11 18:19:17 | INFO | [Round 6] Epoch 37/80 time=00:00.88 avg=00:00.85 ETA=00:36.36 | GPU MB alloc/reserved=279.0/1932.0
2026-04-11 18:19:17 | INFO | [Round 6] epoch=38/80 loss=0.1861 acc=97.18 val_acc=nan data_t=0.0049s batch_t=0.0989s epoch_t=00:00.93 lr=0.000544 | GPU MB alloc/reserved=279.0/1932.0
2026-04-11 18:19:17 | INFO | [Round 6] Epoch 38/80 time=00:00.93 avg=00:00.85 ETA=00:35.61 | GPU MB alloc/reserved=279.0/1932.0
2026-04-11 18:19:18 | INFO | [Round 6] epoch=39/80 loss=0.1442 acc=98.00 val_acc=nan data_t=0.0052s batch_t=0.0981s epoch_t=00:00.93 lr=0.000524 | GPU MB alloc/reserved=279.0/1932.0
2026-04-11 18:19:18 | INFO | [Round 6] Epoch 39/80 time=00:00.93 avg=00:00.85 ETA=00:34.85 | GPU MB alloc/reserved=279.0/1932.0
2026-04-11 18:19:19 | INFO | [Round 6] epoch=40/80 loss=0.1415 acc=98.18 val_acc=nan data_t=0.0060s batch_t=0.1002s epoch_t=00:00.96 lr=0.000505 | GPU MB alloc/reserved=279.0/1932.0
2026-04-11 18:19:19 | INFO | [Round 6] Epoch 40/80 time=00:00.96 avg=00:00.85 ETA=00:34.11 | GPU MB alloc/reserved=279.0/1932.0
2026-04-11 18:19:20 | INFO | [Round 6] epoch=41/80 loss=0.1116 acc=99.18 val_acc=nan data_t=0.0044s batch_t=0.0992s epoch_t=00:00.93 lr=0.000486 | GPU MB alloc/reserved=279.0/1932.0
2026-04-11 18:19:20 | INFO | [Round 6] Epoch 41/80 time=00:00.93 avg=00:00.85 ETA=00:33.33 | GPU MB alloc/reserved=279.0/1932.0
2026-04-11 18:19:21 | INFO | [Round 6] epoch=42/80 loss=0.1151 acc=98.82 val_acc=nan data_t=0.0044s batch_t=0.1000s epoch_t=00:00.94 lr=0.000466 | GPU MB alloc/reserved=279.0/1932.0
2026-04-11 18:19:21 | INFO | [Round 6] Epoch 42/80 time=00:00.94 avg=00:00.86 ETA=00:32.56 | GPU MB alloc/reserved=279.0/1932.0
2026-04-11 18:19:22 | INFO | [Round 6] epoch=43/80 loss=0.1019 acc=98.91 val_acc=nan data_t=0.0067s batch_t=0.0911s epoch_t=00:00.88 lr=0.000447 | GPU MB alloc/reserved=279.0/1932.0
2026-04-11 18:19:22 | INFO | [Round 6] Epoch 43/80 time=00:00.88 avg=00:00.86 ETA=00:31.72 | GPU MB alloc/reserved=279.0/1932.0
2026-04-11 18:19:23 | INFO | [Round 6] epoch=44/80 loss=0.0893 acc=99.09 val_acc=nan data_t=0.0066s batch_t=0.0594s epoch_t=00:00.59 lr=0.000428 | GPU MB alloc/reserved=279.0/1932.0
2026-04-11 18:19:23 | INFO | [Round 6] Epoch 44/80 time=00:00.59 avg=00:00.85 ETA=00:30.65 | GPU MB alloc/reserved=279.0/1932.0
2026-04-11 18:19:23 | INFO | [Round 6] epoch=45/80 loss=0.0864 acc=99.18 val_acc=nan data_t=0.0043s batch_t=0.0661s epoch_t=00:00.63 lr=0.000408 | GPU MB alloc/reserved=279.0/1932.0
2026-04-11 18:19:23 | INFO | [Round 6] Epoch 45/80 time=00:00.63 avg=00:00.85 ETA=00:29.63 | GPU MB alloc/reserved=279.0/1932.0
2026-04-11 18:19:24 | INFO | [Round 6] epoch=46/80 loss=0.0842 acc=99.09 val_acc=nan data_t=0.0030s batch_t=0.1013s epoch_t=00:00.94 lr=0.000389 | GPU MB alloc/reserved=279.0/1932.0
2026-04-11 18:19:24 | INFO | [Round 6] Epoch 46/80 time=00:00.94 avg=00:00.85 ETA=00:28.85 | GPU MB alloc/reserved=279.0/1932.0
2026-04-11 18:19:25 | INFO | [Round 6] epoch=47/80 loss=0.0728 acc=99.00 val_acc=nan data_t=0.0040s batch_t=0.0996s epoch_t=00:00.93 lr=0.000371 | GPU MB alloc/reserved=279.0/1932.0
2026-04-11 18:19:25 | INFO | [Round 6] Epoch 47/80 time=00:00.93 avg=00:00.85 ETA=00:28.06 | GPU MB alloc/reserved=279.0/1932.0
2026-04-11 18:19:26 | INFO | [Round 6] epoch=48/80 loss=0.0741 acc=99.18 val_acc=nan data_t=0.0066s batch_t=0.0989s epoch_t=00:00.95 lr=0.000352 | GPU MB alloc/reserved=279.0/1932.0
2026-04-11 18:19:26 | INFO | [Round 6] Epoch 48/80 time=00:00.95 avg=00:00.85 ETA=00:27.27 | GPU MB alloc/reserved=279.0/1932.0
2026-04-11 18:19:27 | INFO | [Round 6] epoch=49/80 loss=0.0686 acc=99.45 val_acc=nan data_t=0.0062s batch_t=0.0808s epoch_t=00:00.78 lr=0.000334 | GPU MB alloc/reserved=279.0/1932.0
2026-04-11 18:19:27 | INFO | [Round 6] Epoch 49/80 time=00:00.78 avg=00:00.85 ETA=00:26.38 | GPU MB alloc/reserved=279.0/1932.0
2026-04-11 18:19:28 | INFO | [Round 6] epoch=50/80 loss=0.0516 acc=99.73 val_acc=nan data_t=0.0045s batch_t=0.0612s epoch_t=00:00.59 lr=0.000316 | GPU MB alloc/reserved=279.0/1932.0
2026-04-11 18:19:28 | INFO | [Round 6] Epoch 50/80 time=00:00.59 avg=00:00.85 ETA=00:25.37 | GPU MB alloc/reserved=279.0/1932.0
2026-04-11 18:19:28 | INFO | [Round 6] epoch=51/80 loss=0.0559 acc=99.73 val_acc=nan data_t=0.0032s batch_t=0.0357s epoch_t=00:00.35 lr=0.000298 | GPU MB alloc/reserved=279.0/1932.0
2026-04-11 18:19:28 | INFO | [Round 6] Epoch 51/80 time=00:00.35 avg=00:00.84 ETA=00:24.24 | GPU MB alloc/reserved=279.0/1932.0
2026-04-11 18:19:29 | INFO | [Round 6] epoch=52/80 loss=0.0352 acc=100.00 val_acc=nan data_t=0.0041s batch_t=0.0659s epoch_t=00:00.63 lr=0.000280 | GPU MB alloc/reserved=279.0/1932.0
2026-04-11 18:19:29 | INFO | [Round 6] Epoch 52/80 time=00:00.63 avg=00:00.83 ETA=00:23.30 | GPU MB alloc/reserved=279.0/1932.0
2026-04-11 18:19:29 | INFO | [Round 6] epoch=53/80 loss=0.0384 acc=99.73 val_acc=nan data_t=0.0030s batch_t=0.0951s epoch_t=00:00.88 lr=0.000263 | GPU MB alloc/reserved=279.0/1932.0
2026-04-11 18:19:29 | INFO | [Round 6] Epoch 53/80 time=00:00.88 avg=00:00.83 ETA=00:22.49 | GPU MB alloc/reserved=279.0/1932.0
2026-04-11 18:19:30 | INFO | [Round 6] epoch=54/80 loss=0.0364 acc=99.73 val_acc=nan data_t=0.0046s batch_t=0.0969s epoch_t=00:00.91 lr=0.000246 | GPU MB alloc/reserved=279.0/1932.0
2026-04-11 18:19:30 | INFO | [Round 6] Epoch 54/80 time=00:00.91 avg=00:00.83 ETA=00:21.70 | GPU MB alloc/reserved=279.0/1932.0
2026-04-11 18:19:31 | INFO | [Round 6] epoch=55/80 loss=0.0438 acc=99.55 val_acc=nan data_t=0.0048s batch_t=0.0949s epoch_t=00:00.90 lr=0.000230 | GPU MB alloc/reserved=279.0/1932.0
2026-04-11 18:19:31 | INFO | [Round 6] Epoch 55/80 time=00:00.90 avg=00:00.84 ETA=00:20.89 | GPU MB alloc/reserved=279.0/1932.0
2026-04-11 18:19:32 | INFO | [Round 6] epoch=56/80 loss=0.0330 acc=99.91 val_acc=nan data_t=0.0027s batch_t=0.1001s epoch_t=00:00.92 lr=0.000214 | GPU MB alloc/reserved=279.0/1932.0
2026-04-11 18:19:32 | INFO | [Round 6] Epoch 56/80 time=00:00.92 avg=00:00.84 ETA=00:20.09 | GPU MB alloc/reserved=279.0/1932.0
2026-04-11 18:19:33 | INFO | [Round 6] epoch=57/80 loss=0.0293 acc=100.00 val_acc=nan data_t=0.0044s batch_t=0.1010s epoch_t=00:00.95 lr=0.000199 | GPU MB alloc/reserved=279.0/1932.0
2026-04-11 18:19:33 | INFO | [Round 6] Epoch 57/80 time=00:00.95 avg=00:00.84 ETA=00:19.30 | GPU MB alloc/reserved=279.0/1932.0
2026-04-11 18:19:34 | INFO | [Round 6] epoch=58/80 loss=0.0278 acc=100.00 val_acc=nan data_t=0.0028s batch_t=0.0997s epoch_t=00:00.92 lr=0.000184 | GPU MB alloc/reserved=279.0/1932.0
2026-04-11 18:19:34 | INFO | [Round 6] Epoch 58/80 time=00:00.92 avg=00:00.84 ETA=00:18.49 | GPU MB alloc/reserved=279.0/1932.0
2026-04-11 18:19:35 | INFO | [Round 6] epoch=59/80 loss=0.0267 acc=100.00 val_acc=nan data_t=0.0064s batch_t=0.0975s epoch_t=00:00.94 lr=0.000169 | GPU MB alloc/reserved=279.0/1932.0
2026-04-11 18:19:35 | INFO | [Round 6] Epoch 59/80 time=00:00.94 avg=00:00.84 ETA=00:17.69 | GPU MB alloc/reserved=279.0/1932.0
2026-04-11 18:19:36 | INFO | [Round 6] epoch=60/80 loss=0.0257 acc=99.91 val_acc=nan data_t=0.0032s batch_t=0.0986s epoch_t=00:00.92 lr=0.000155 | GPU MB alloc/reserved=279.0/1932.0
2026-04-11 18:19:36 | INFO | [Round 6] Epoch 60/80 time=00:00.92 avg=00:00.84 ETA=00:16.87 | GPU MB alloc/reserved=279.0/1932.0
2026-04-11 18:19:37 | INFO | [Round 6] epoch=61/80 loss=0.0235 acc=100.00 val_acc=nan data_t=0.0043s batch_t=0.0821s epoch_t=00:00.78 lr=0.000142 | GPU MB alloc/reserved=279.0/1932.0
2026-04-11 18:19:37 | INFO | [Round 6] Epoch 61/80 time=00:00.78 avg=00:00.84 ETA=00:16.01 | GPU MB alloc/reserved=279.0/1932.0
2026-04-11 18:19:37 | INFO | [Round 6] epoch=62/80 loss=0.0263 acc=100.00 val_acc=nan data_t=0.0048s batch_t=0.0608s epoch_t=00:00.59 lr=0.000129 | GPU MB alloc/reserved=279.0/1932.0
2026-04-11 18:19:37 | INFO | [Round 6] Epoch 62/80 time=00:00.59 avg=00:00.84 ETA=00:15.09 | GPU MB alloc/reserved=279.0/1932.0
2026-04-11 18:19:38 | INFO | [Round 6] epoch=63/80 loss=0.0244 acc=99.82 val_acc=nan data_t=0.0059s batch_t=0.0820s epoch_t=00:00.79 lr=0.000116 | GPU MB alloc/reserved=279.0/1932.0
2026-04-11 18:19:38 | INFO | [Round 6] Epoch 63/80 time=00:00.79 avg=00:00.84 ETA=00:14.24 | GPU MB alloc/reserved=279.0/1932.0
2026-04-11 18:19:39 | INFO | [Round 6] epoch=64/80 loss=0.0224 acc=100.00 val_acc=nan data_t=0.0050s batch_t=0.1002s epoch_t=00:00.95 lr=0.000105 | GPU MB alloc/reserved=279.0/1932.0
2026-04-11 18:19:39 | INFO | [Round 6] Epoch 64/80 time=00:00.95 avg=00:00.84 ETA=00:13.43 | GPU MB alloc/reserved=279.0/1932.0
2026-04-11 18:19:40 | INFO | [Round 6] epoch=65/80 loss=0.0221 acc=100.00 val_acc=nan data_t=0.0038s batch_t=0.0993s epoch_t=00:00.93 lr=0.000093 | GPU MB alloc/reserved=279.0/1932.0
2026-04-11 18:19:40 | INFO | [Round 6] Epoch 65/80 time=00:00.93 avg=00:00.84 ETA=00:12.61 | GPU MB alloc/reserved=279.0/1932.0
2026-04-11 18:19:41 | INFO | [Round 6] epoch=66/80 loss=0.0239 acc=100.00 val_acc=nan data_t=0.0043s batch_t=0.1010s epoch_t=00:00.95 lr=0.000083 | GPU MB alloc/reserved=279.0/1932.0
2026-04-11 18:19:41 | INFO | [Round 6] Epoch 66/80 time=00:00.95 avg=00:00.84 ETA=00:11.79 | GPU MB alloc/reserved=279.0/1932.0
2026-04-11 18:19:42 | INFO | [Round 6] epoch=67/80 loss=0.0218 acc=100.00 val_acc=nan data_t=0.0031s batch_t=0.0701s epoch_t=00:00.66 lr=0.000073 | GPU MB alloc/reserved=279.0/1932.0
2026-04-11 18:19:42 | INFO | [Round 6] Epoch 67/80 time=00:00.66 avg=00:00.84 ETA=00:10.91 | GPU MB alloc/reserved=279.0/1932.0
2026-04-11 18:19:42 | INFO | [Round 6] epoch=68/80 loss=0.0227 acc=100.00 val_acc=nan data_t=0.0030s batch_t=0.0621s epoch_t=00:00.59 lr=0.000064 | GPU MB alloc/reserved=279.0/1932.0
2026-04-11 18:19:42 | INFO | [Round 6] Epoch 68/80 time=00:00.59 avg=00:00.84 ETA=00:10.03 | GPU MB alloc/reserved=279.0/1932.0
2026-04-11 18:19:43 | INFO | [Round 6] epoch=69/80 loss=0.0186 acc=100.00 val_acc=nan data_t=0.0030s batch_t=0.0613s epoch_t=00:00.58 lr=0.000055 | GPU MB alloc/reserved=279.0/1932.0
2026-04-11 18:19:43 | INFO | [Round 6] Epoch 69/80 time=00:00.58 avg=00:00.83 ETA=00:09.15 | GPU MB alloc/reserved=279.0/1932.0
2026-04-11 18:19:43 | INFO | [Round 6] epoch=70/80 loss=0.0196 acc=100.00 val_acc=nan data_t=0.0031s batch_t=0.0855s epoch_t=00:00.80 lr=0.000048 | GPU MB alloc/reserved=279.0/1932.0
2026-04-11 18:19:43 | INFO | [Round 6] Epoch 70/80 time=00:00.80 avg=00:00.83 ETA=00:08.32 | GPU MB alloc/reserved=279.0/1932.0
2026-04-11 18:19:44 | INFO | [Round 6] epoch=71/80 loss=0.0230 acc=100.00 val_acc=nan data_t=0.0042s batch_t=0.0863s epoch_t=00:00.82 lr=0.000041 | GPU MB alloc/reserved=279.0/1932.0
2026-04-11 18:19:44 | INFO | [Round 6] Epoch 71/80 time=00:00.82 avg=00:00.83 ETA=00:07.48 | GPU MB alloc/reserved=279.0/1932.0
2026-04-11 18:19:45 | INFO | [Round 6] epoch=72/80 loss=0.0193 acc=100.00 val_acc=nan data_t=0.0044s batch_t=0.0898s epoch_t=00:00.85 lr=0.000034 | GPU MB alloc/reserved=279.0/1932.0
2026-04-11 18:19:45 | INFO | [Round 6] Epoch 72/80 time=00:00.85 avg=00:00.83 ETA=00:06.65 | GPU MB alloc/reserved=279.0/1932.0
2026-04-11 18:19:46 | INFO | [Round 6] epoch=73/80 loss=0.0190 acc=100.00 val_acc=nan data_t=0.0046s batch_t=0.0888s epoch_t=00:00.84 lr=0.000029 | GPU MB alloc/reserved=279.0/1932.0
2026-04-11 18:19:46 | INFO | [Round 6] Epoch 73/80 time=00:00.84 avg=00:00.83 ETA=00:05.82 | GPU MB alloc/reserved=279.0/1932.0
2026-04-11 18:19:47 | INFO | [Round 6] epoch=74/80 loss=0.0182 acc=100.00 val_acc=nan data_t=0.0073s batch_t=0.0893s epoch_t=00:00.87 lr=0.000024 | GPU MB alloc/reserved=279.0/1932.0
2026-04-11 18:19:47 | INFO | [Round 6] Epoch 74/80 time=00:00.87 avg=00:00.83 ETA=00:04.99 | GPU MB alloc/reserved=279.0/1932.0
2026-04-11 18:19:48 | INFO | [Round 6] epoch=75/80 loss=0.0177 acc=100.00 val_acc=nan data_t=0.0046s batch_t=0.0883s epoch_t=00:00.84 lr=0.000020 | GPU MB alloc/reserved=279.0/1932.0
2026-04-11 18:19:48 | INFO | [Round 6] Epoch 75/80 time=00:00.84 avg=00:00.83 ETA=00:04.16 | GPU MB alloc/reserved=279.0/1932.0
2026-04-11 18:19:49 | INFO | [Round 6] epoch=76/80 loss=0.0179 acc=100.00 val_acc=nan data_t=0.0039s batch_t=0.0908s epoch_t=00:00.85 lr=0.000016 | GPU MB alloc/reserved=279.0/1932.0
2026-04-11 18:19:49 | INFO | [Round 6] Epoch 76/80 time=00:00.85 avg=00:00.83 ETA=00:03.33 | GPU MB alloc/reserved=279.0/1932.0
2026-04-11 18:19:49 | INFO | [Round 6] epoch=77/80 loss=0.0181 acc=99.91 val_acc=nan data_t=0.0072s batch_t=0.0891s epoch_t=00:00.87 lr=0.000013 | GPU MB alloc/reserved=279.0/1932.0
2026-04-11 18:19:49 | INFO | [Round 6] Epoch 77/80 time=00:00.87 avg=00:00.83 ETA=00:02.50 | GPU MB alloc/reserved=279.0/1932.0
2026-04-11 18:19:50 | INFO | [Round 6] epoch=78/80 loss=0.0192 acc=100.00 val_acc=nan data_t=0.0058s batch_t=0.0890s epoch_t=00:00.85 lr=0.000012 | GPU MB alloc/reserved=279.0/1932.0
2026-04-11 18:19:50 | INFO | [Round 6] Epoch 78/80 time=00:00.85 avg=00:00.83 ETA=00:01.67 | GPU MB alloc/reserved=279.0/1932.0
2026-04-11 18:19:51 | INFO | [Round 6] epoch=79/80 loss=0.0196 acc=100.00 val_acc=nan data_t=0.0047s batch_t=0.0821s epoch_t=00:00.78 lr=0.000010 | GPU MB alloc/reserved=279.0/1932.0
2026-04-11 18:19:51 | INFO | [Round 6] Epoch 79/80 time=00:00.78 avg=00:00.83 ETA=00:00.83 | GPU MB alloc/reserved=279.0/1932.0
2026-04-11 18:19:52 | INFO | [Round 6] epoch=80/80 loss=0.0192 acc=99.91 val_acc=nan data_t=0.0048s batch_t=0.0900s epoch_t=00:00.85 lr=0.000010 | GPU MB alloc/reserved=279.0/1932.0
2026-04-11 18:19:52 | INFO | [Round 6] Epoch 80/80 time=00:00.85 avg=00:00.83 ETA=00:00.00 | GPU MB alloc/reserved=279.0/1932.0
2026-04-11 18:19:52 | INFO | [Round 6] training complete in 01:06.93 (best monitor=100.000) | GPU MB alloc/reserved=279.0/1932.0
2026-04-11 18:19:52 | INFO | [Round 6] evaluation started | GPU MB alloc/reserved=191.2/1932.0
2026-04-11 18:20:01 | INFO | [Round 6] clean=13.90 fgsm=10.41 pgd=10.33 grad_disp_mean=nan grad_disp_sel=nan round_t=78.02s | GPU MB alloc/reserved=191.2/1932.0
2026-04-11 18:20:01 | INFO | [Round 7/21] elapsed=01:18.02 avg_round=00:59.54 projected_remaining=13:53.60 | GPU MB alloc/reserved=191.2/1932.0
2026-04-11 18:20:02 | INFO | [Round 7] acquisition on pool_size=48900 scored_pool=5000 budget=100 | GPU MB alloc/reserved=103.9/1932.0
2026-04-11 18:20:02 | INFO | [CoreSet-unlabeled-feat] scoring progress 10/20 elapsed=00:00.25 avg/batch=0.025s ETA=00:00.25 | GPU MB alloc/reserved=112.0/1932.0
2026-04-11 18:20:02 | INFO | [CoreSet-unlabeled-feat] scoring progress 20/20 elapsed=00:00.40 avg/batch=0.020s ETA=00:00.00 | GPU MB alloc/reserved=115.7/1932.0
2026-04-11 18:20:03 | INFO | [CoreSet-labeled-feat] scoring progress 5/5 elapsed=00:00.20 avg/batch=0.039s ETA=00:00.00 | GPU MB alloc/reserved=116.7/1932.0
2026-04-11 18:20:03 | INFO | [CoreSet] greedy 10/100 cover_radius=28.130346 | GPU: n/a
2026-04-11 18:20:03 | INFO | [CoreSet] greedy 20/100 cover_radius=27.544544 | GPU: n/a
2026-04-11 18:20:03 | INFO | [CoreSet] greedy 30/100 cover_radius=27.411728 | GPU: n/a
2026-04-11 18:20:03 | INFO | [CoreSet] greedy 40/100 cover_radius=27.295353 | GPU: n/a
2026-04-11 18:20:03 | INFO | [CoreSet] greedy 50/100 cover_radius=27.193871 | GPU: n/a
2026-04-11 18:20:03 | INFO | [CoreSet] greedy 60/100 cover_radius=27.016150 | GPU: n/a
2026-04-11 18:20:03 | INFO | [CoreSet] greedy 70/100 cover_radius=26.879688 | GPU: n/a
2026-04-11 18:20:03 | INFO | [CoreSet] greedy 80/100 cover_radius=26.750059 | GPU: n/a
2026-04-11 18:20:04 | INFO | [CoreSet] greedy 90/100 cover_radius=26.582901 | GPU: n/a
2026-04-11 18:20:04 | INFO | [CoreSet] greedy 100/100 cover_radius=26.474377 | GPU: n/a
2026-04-11 18:20:04 | INFO | [Round 7] labeled=1200 train=1200 val_fixed=0 | GPU MB alloc/reserved=148.9/1932.0
2026-04-11 18:20:05 | INFO | [Round 7] epoch=1/80 loss=4.7481 acc=2.50 val_acc=nan data_t=0.0176s batch_t=0.0959s epoch_t=00:01.14 lr=0.001000 | GPU MB alloc/reserved=278.4/1932.0
2026-04-11 18:20:05 | INFO | [Round 7] Epoch 1/80 time=00:01.14 avg=00:01.14 ETA=01:29.71 | GPU MB alloc/reserved=278.4/1932.0
2026-04-11 18:20:06 | INFO | [Round 7] epoch=2/80 loss=4.3647 acc=3.83 val_acc=nan data_t=0.0027s batch_t=0.0890s epoch_t=00:00.92 lr=0.000998 | GPU MB alloc/reserved=278.4/1932.0
2026-04-11 18:20:06 | INFO | [Round 7] Epoch 2/80 time=00:00.92 avg=00:01.03 ETA=01:20.06 | GPU MB alloc/reserved=278.4/1932.0
2026-04-11 18:20:07 | INFO | [Round 7] epoch=3/80 loss=4.1459 acc=6.75 val_acc=nan data_t=0.0028s batch_t=0.0868s epoch_t=00:00.90 lr=0.000997 | GPU MB alloc/reserved=278.4/1932.0
2026-04-11 18:20:07 | INFO | [Round 7] Epoch 3/80 time=00:00.90 avg=00:00.98 ETA=01:15.69 | GPU MB alloc/reserved=278.4/1932.0
2026-04-11 18:20:08 | INFO | [Round 7] epoch=4/80 loss=3.9625 acc=7.92 val_acc=nan data_t=0.0026s batch_t=0.0879s epoch_t=00:00.91 lr=0.000994 | GPU MB alloc/reserved=278.4/1932.0
2026-04-11 18:20:08 | INFO | [Round 7] Epoch 4/80 time=00:00.91 avg=00:00.96 ETA=01:13.24 | GPU MB alloc/reserved=278.4/1932.0
2026-04-11 18:20:09 | INFO | [Round 7] epoch=5/80 loss=3.7857 acc=10.75 val_acc=nan data_t=0.0048s batch_t=0.0816s epoch_t=00:00.86 lr=0.000990 | GPU MB alloc/reserved=278.4/1932.0
2026-04-11 18:20:09 | INFO | [Round 7] Epoch 5/80 time=00:00.86 avg=00:00.94 ETA=01:10.79 | GPU MB alloc/reserved=278.4/1932.0
2026-04-11 18:20:10 | INFO | [Round 7] epoch=6/80 loss=3.6627 acc=11.67 val_acc=nan data_t=0.0040s batch_t=0.0874s epoch_t=00:00.91 lr=0.000986 | GPU MB alloc/reserved=278.4/1932.0
2026-04-11 18:20:10 | INFO | [Round 7] Epoch 6/80 time=00:00.91 avg=00:00.94 ETA=01:09.48 | GPU MB alloc/reserved=278.4/1932.0
2026-04-11 18:20:11 | INFO | [Round 7] epoch=7/80 loss=3.5473 acc=14.00 val_acc=nan data_t=0.0027s batch_t=0.0871s epoch_t=00:00.90 lr=0.000981 | GPU MB alloc/reserved=278.4/1932.0
2026-04-11 18:20:11 | INFO | [Round 7] Epoch 7/80 time=00:00.90 avg=00:00.93 ETA=01:08.11 | GPU MB alloc/reserved=278.4/1932.0
2026-04-11 18:20:12 | INFO | [Round 7] epoch=8/80 loss=3.4034 acc=15.83 val_acc=nan data_t=0.0047s batch_t=0.0859s epoch_t=00:00.91 lr=0.000976 | GPU MB alloc/reserved=278.4/1932.0
2026-04-11 18:20:12 | INFO | [Round 7] Epoch 8/80 time=00:00.91 avg=00:00.93 ETA=01:06.93 | GPU MB alloc/reserved=278.4/1932.0
2026-04-11 18:20:13 | INFO | [Round 7] epoch=9/80 loss=3.2744 acc=18.00 val_acc=nan data_t=0.0045s batch_t=0.0862s epoch_t=00:00.91 lr=0.000969 | GPU MB alloc/reserved=278.4/1932.0
2026-04-11 18:20:13 | INFO | [Round 7] Epoch 9/80 time=00:00.91 avg=00:00.93 ETA=01:05.82 | GPU MB alloc/reserved=278.4/1932.0
2026-04-11 18:20:14 | INFO | [Round 7] epoch=10/80 loss=3.1675 acc=20.75 val_acc=nan data_t=0.0044s batch_t=0.0870s epoch_t=00:00.91 lr=0.000962 | GPU MB alloc/reserved=278.4/1932.0
2026-04-11 18:20:14 | INFO | [Round 7] Epoch 10/80 time=00:00.91 avg=00:00.93 ETA=01:04.81 | GPU MB alloc/reserved=278.4/1932.0
2026-04-11 18:20:14 | INFO | [Round 7] epoch=11/80 loss=3.0725 acc=21.75 val_acc=nan data_t=0.0040s batch_t=0.0873s epoch_t=00:00.91 lr=0.000955 | GPU MB alloc/reserved=278.4/1932.0
2026-04-11 18:20:14 | INFO | [Round 7] Epoch 11/80 time=00:00.91 avg=00:00.92 ETA=01:03.80 | GPU MB alloc/reserved=278.4/1932.0
2026-04-11 18:20:15 | INFO | [Round 7] epoch=12/80 loss=2.8890 acc=24.92 val_acc=nan data_t=0.0040s batch_t=0.0879s epoch_t=00:00.92 lr=0.000946 | GPU MB alloc/reserved=278.4/1932.0
2026-04-11 18:20:15 | INFO | [Round 7] Epoch 12/80 time=00:00.92 avg=00:00.92 ETA=01:02.85 | GPU MB alloc/reserved=278.4/1932.0
2026-04-11 18:20:16 | INFO | [Round 7] epoch=13/80 loss=2.7564 acc=28.08 val_acc=nan data_t=0.0039s batch_t=0.0883s epoch_t=00:00.92 lr=0.000937 | GPU MB alloc/reserved=278.4/1932.0
2026-04-11 18:20:16 | INFO | [Round 7] Epoch 13/80 time=00:00.92 avg=00:00.92 ETA=01:01.91 | GPU MB alloc/reserved=278.4/1932.0
2026-04-11 18:20:17 | INFO | [Round 7] epoch=14/80 loss=2.6537 acc=27.25 val_acc=nan data_t=0.0038s batch_t=0.0864s epoch_t=00:00.90 lr=0.000927 | GPU MB alloc/reserved=278.4/1932.0
2026-04-11 18:20:17 | INFO | [Round 7] Epoch 14/80 time=00:00.90 avg=00:00.92 ETA=01:00.88 | GPU MB alloc/reserved=278.4/1932.0
2026-04-11 18:20:18 | INFO | [Round 7] epoch=15/80 loss=2.4839 acc=32.50 val_acc=nan data_t=0.0042s batch_t=0.0873s epoch_t=00:00.92 lr=0.000917 | GPU MB alloc/reserved=278.4/1932.0
2026-04-11 18:20:18 | INFO | [Round 7] Epoch 15/80 time=00:00.92 avg=00:00.92 ETA=00:59.92 | GPU MB alloc/reserved=278.4/1932.0
2026-04-11 18:20:19 | INFO | [Round 7] epoch=16/80 loss=2.3513 acc=38.00 val_acc=nan data_t=0.0038s batch_t=0.0889s epoch_t=00:00.93 lr=0.000905 | GPU MB alloc/reserved=278.4/1932.0
2026-04-11 18:20:19 | INFO | [Round 7] Epoch 16/80 time=00:00.93 avg=00:00.92 ETA=00:59.02 | GPU MB alloc/reserved=278.4/1932.0
2026-04-11 18:20:20 | INFO | [Round 7] epoch=17/80 loss=2.2211 acc=38.75 val_acc=nan data_t=0.0043s batch_t=0.0880s epoch_t=00:00.92 lr=0.000894 | GPU MB alloc/reserved=278.4/1932.0
2026-04-11 18:20:20 | INFO | [Round 7] Epoch 17/80 time=00:00.92 avg=00:00.92 ETA=00:58.11 | GPU MB alloc/reserved=278.4/1932.0
2026-04-11 18:20:21 | INFO | [Round 7] epoch=18/80 loss=2.0829 acc=43.42 val_acc=nan data_t=0.0030s batch_t=0.0888s epoch_t=00:00.92 lr=0.000881 | GPU MB alloc/reserved=278.4/1932.0
2026-04-11 18:20:21 | INFO | [Round 7] Epoch 18/80 time=00:00.92 avg=00:00.92 ETA=00:57.17 | GPU MB alloc/reserved=278.4/1932.0
2026-04-11 18:20:22 | INFO | [Round 7] epoch=19/80 loss=1.9035 acc=47.08 val_acc=nan data_t=0.0029s batch_t=0.0881s epoch_t=00:00.91 lr=0.000868 | GPU MB alloc/reserved=278.4/1932.0
2026-04-11 18:20:22 | INFO | [Round 7] Epoch 19/80 time=00:00.91 avg=00:00.92 ETA=00:56.21 | GPU MB alloc/reserved=278.4/1932.0
2026-04-11 18:20:23 | INFO | [Round 7] epoch=20/80 loss=1.8395 acc=48.75 val_acc=nan data_t=0.0039s batch_t=0.0883s epoch_t=00:00.92 lr=0.000855 | GPU MB alloc/reserved=278.4/1932.0
2026-04-11 18:20:23 | INFO | [Round 7] Epoch 20/80 time=00:00.92 avg=00:00.92 ETA=00:55.29 | GPU MB alloc/reserved=278.4/1932.0
2026-04-11 18:20:24 | INFO | [Round 7] epoch=21/80 loss=1.6828 acc=54.17 val_acc=nan data_t=0.0035s batch_t=0.0874s epoch_t=00:00.91 lr=0.000841 | GPU MB alloc/reserved=278.4/1932.0
2026-04-11 18:20:24 | INFO | [Round 7] Epoch 21/80 time=00:00.91 avg=00:00.92 ETA=00:54.34 | GPU MB alloc/reserved=278.4/1932.0
2026-04-11 18:20:25 | INFO | [Round 7] epoch=22/80 loss=1.5728 acc=56.50 val_acc=nan data_t=0.0031s batch_t=0.0887s epoch_t=00:00.92 lr=0.000826 | GPU MB alloc/reserved=278.4/1932.0
2026-04-11 18:20:25 | INFO | [Round 7] Epoch 22/80 time=00:00.92 avg=00:00.92 ETA=00:53.41 | GPU MB alloc/reserved=278.4/1932.0
2026-04-11 18:20:25 | INFO | [Round 7] epoch=23/80 loss=1.5133 acc=58.25 val_acc=nan data_t=0.0027s batch_t=0.0875s epoch_t=00:00.90 lr=0.000811 | GPU MB alloc/reserved=278.4/1932.0
2026-04-11 18:20:25 | INFO | [Round 7] Epoch 23/80 time=00:00.90 avg=00:00.92 ETA=00:52.44 | GPU MB alloc/reserved=278.4/1932.0
2026-04-11 18:20:26 | INFO | [Round 7] epoch=24/80 loss=1.3869 acc=61.25 val_acc=nan data_t=0.0042s batch_t=0.0880s epoch_t=00:00.92 lr=0.000796 | GPU MB alloc/reserved=278.4/1932.0
2026-04-11 18:20:26 | INFO | [Round 7] Epoch 24/80 time=00:00.92 avg=00:00.92 ETA=00:51.53 | GPU MB alloc/reserved=278.4/1932.0
2026-04-11 18:20:27 | INFO | [Round 7] epoch=25/80 loss=1.3951 acc=61.00 val_acc=nan data_t=0.0035s batch_t=0.0888s epoch_t=00:00.92 lr=0.000780 | GPU MB alloc/reserved=278.4/1932.0
2026-04-11 18:20:27 | INFO | [Round 7] Epoch 25/80 time=00:00.92 avg=00:00.92 ETA=00:50.61 | GPU MB alloc/reserved=278.4/1932.0
2026-04-11 18:20:28 | INFO | [Round 7] epoch=26/80 loss=1.2457 acc=65.33 val_acc=nan data_t=0.0040s batch_t=0.0890s epoch_t=00:00.93 lr=0.000764 | GPU MB alloc/reserved=278.4/1932.0
2026-04-11 18:20:28 | INFO | [Round 7] Epoch 26/80 time=00:00.93 avg=00:00.92 ETA=00:49.71 | GPU MB alloc/reserved=278.4/1932.0
2026-04-11 18:20:29 | INFO | [Round 7] epoch=27/80 loss=1.1872 acc=66.83 val_acc=nan data_t=0.0040s batch_t=0.0889s epoch_t=00:00.93 lr=0.000747 | GPU MB alloc/reserved=278.4/1932.0
2026-04-11 18:20:29 | INFO | [Round 7] Epoch 27/80 time=00:00.93 avg=00:00.92 ETA=00:48.81 | GPU MB alloc/reserved=278.4/1932.0
2026-04-11 18:20:30 | INFO | [Round 7] epoch=28/80 loss=1.0073 acc=74.75 val_acc=nan data_t=0.0040s batch_t=0.0875s epoch_t=00:00.92 lr=0.000730 | GPU MB alloc/reserved=278.4/1932.0
2026-04-11 18:20:30 | INFO | [Round 7] Epoch 28/80 time=00:00.92 avg=00:00.92 ETA=00:47.88 | GPU MB alloc/reserved=278.4/1932.0
2026-04-11 18:20:31 | INFO | [Round 7] epoch=29/80 loss=0.8960 acc=77.00 val_acc=nan data_t=0.0027s batch_t=0.0876s epoch_t=00:00.90 lr=0.000712 | GPU MB alloc/reserved=278.4/1932.0
2026-04-11 18:20:31 | INFO | [Round 7] Epoch 29/80 time=00:00.90 avg=00:00.92 ETA=00:46.93 | GPU MB alloc/reserved=278.4/1932.0
2026-04-11 18:20:32 | INFO | [Round 7] epoch=30/80 loss=0.7618 acc=82.58 val_acc=nan data_t=0.0041s batch_t=0.0873s epoch_t=00:00.91 lr=0.000694 | GPU MB alloc/reserved=278.4/1932.0
2026-04-11 18:20:32 | INFO | [Round 7] Epoch 30/80 time=00:00.91 avg=00:00.92 ETA=00:46.00 | GPU MB alloc/reserved=278.4/1932.0
2026-04-11 18:20:33 | INFO | [Round 7] epoch=31/80 loss=0.7076 acc=82.33 val_acc=nan data_t=0.0039s batch_t=0.0875s epoch_t=00:00.91 lr=0.000676 | GPU MB alloc/reserved=278.4/1932.0
2026-04-11 18:20:33 | INFO | [Round 7] Epoch 31/80 time=00:00.91 avg=00:00.92 ETA=00:45.07 | GPU MB alloc/reserved=278.4/1932.0
2026-04-11 18:20:34 | INFO | [Round 7] epoch=32/80 loss=0.6466 acc=85.00 val_acc=nan data_t=0.0042s batch_t=0.0889s epoch_t=00:00.93 lr=0.000658 | GPU MB alloc/reserved=278.4/1932.0
2026-04-11 18:20:34 | INFO | [Round 7] Epoch 32/80 time=00:00.93 avg=00:00.92 ETA=00:44.17 | GPU MB alloc/reserved=278.4/1932.0
2026-04-11 18:20:35 | INFO | [Round 7] epoch=33/80 loss=0.5710 acc=86.17 val_acc=nan data_t=0.0033s batch_t=0.0864s epoch_t=00:00.90 lr=0.000639 | GPU MB alloc/reserved=278.4/1932.0
2026-04-11 18:20:35 | INFO | [Round 7] Epoch 33/80 time=00:00.90 avg=00:00.92 ETA=00:43.21 | GPU MB alloc/reserved=278.4/1932.0
2026-04-11 18:20:36 | INFO | [Round 7] epoch=34/80 loss=0.5311 acc=88.75 val_acc=nan data_t=0.0042s batch_t=0.0758s epoch_t=00:00.80 lr=0.000621 | GPU MB alloc/reserved=278.4/1932.0
2026-04-11 18:20:36 | INFO | [Round 7] Epoch 34/80 time=00:00.80 avg=00:00.92 ETA=00:42.13 | GPU MB alloc/reserved=278.4/1932.0
2026-04-11 18:20:37 | INFO | [Round 7] epoch=35/80 loss=0.4657 acc=89.92 val_acc=nan data_t=0.0042s batch_t=0.0976s epoch_t=00:01.02 lr=0.000602 | GPU MB alloc/reserved=278.4/1932.0
2026-04-11 18:20:37 | INFO | [Round 7] Epoch 35/80 time=00:01.02 avg=00:00.92 ETA=00:41.35 | GPU MB alloc/reserved=278.4/1932.0
2026-04-11 18:20:38 | INFO | [Round 7] epoch=36/80 loss=0.3552 acc=93.00 val_acc=nan data_t=0.0044s batch_t=0.0955s epoch_t=00:01.00 lr=0.000582 | GPU MB alloc/reserved=278.4/1932.0
2026-04-11 18:20:38 | INFO | [Round 7] Epoch 36/80 time=00:01.00 avg=00:00.92 ETA=00:40.53 | GPU MB alloc/reserved=278.4/1932.0
2026-04-11 18:20:39 | INFO | [Round 7] epoch=37/80 loss=0.3323 acc=94.67 val_acc=nan data_t=0.0044s batch_t=0.0972s epoch_t=00:01.02 lr=0.000563 | GPU MB alloc/reserved=278.4/1932.0
2026-04-11 18:20:39 | INFO | [Round 7] Epoch 37/80 time=00:01.02 avg=00:00.92 ETA=00:39.72 | GPU MB alloc/reserved=278.4/1932.0
2026-04-11 18:20:40 | INFO | [Round 7] epoch=38/80 loss=0.2932 acc=94.42 val_acc=nan data_t=0.0040s batch_t=0.0972s epoch_t=00:01.01 lr=0.000544 | GPU MB alloc/reserved=278.4/1932.0
2026-04-11 18:20:40 | INFO | [Round 7] Epoch 38/80 time=00:01.01 avg=00:00.93 ETA=00:38.89 | GPU MB alloc/reserved=278.4/1932.0
2026-04-11 18:20:41 | INFO | [Round 7] epoch=39/80 loss=0.2687 acc=95.25 val_acc=nan data_t=0.0046s batch_t=0.0968s epoch_t=00:01.01 lr=0.000524 | GPU MB alloc/reserved=278.4/1932.0
2026-04-11 18:20:41 | INFO | [Round 7] Epoch 39/80 time=00:01.01 avg=00:00.93 ETA=00:38.06 | GPU MB alloc/reserved=278.4/1932.0
2026-04-11 18:20:42 | INFO | [Round 7] epoch=40/80 loss=0.2408 acc=96.17 val_acc=nan data_t=0.0036s batch_t=0.0972s epoch_t=00:01.01 lr=0.000505 | GPU MB alloc/reserved=278.4/1932.0
2026-04-11 18:20:42 | INFO | [Round 7] Epoch 40/80 time=00:01.01 avg=00:00.93 ETA=00:37.21 | GPU MB alloc/reserved=278.4/1932.0
2026-04-11 18:20:43 | INFO | [Round 7] epoch=41/80 loss=0.2132 acc=97.17 val_acc=nan data_t=0.0027s batch_t=0.0987s epoch_t=00:01.01 lr=0.000486 | GPU MB alloc/reserved=278.4/1932.0
2026-04-11 18:20:43 | INFO | [Round 7] Epoch 41/80 time=00:01.01 avg=00:00.93 ETA=00:36.36 | GPU MB alloc/reserved=278.4/1932.0
2026-04-11 18:20:44 | INFO | [Round 7] epoch=42/80 loss=0.1676 acc=98.08 val_acc=nan data_t=0.0044s batch_t=0.0951s epoch_t=00:01.00 lr=0.000466 | GPU MB alloc/reserved=278.4/1932.0
2026-04-11 18:20:44 | INFO | [Round 7] Epoch 42/80 time=00:01.00 avg=00:00.93 ETA=00:35.48 | GPU MB alloc/reserved=278.4/1932.0
2026-04-11 18:20:44 | INFO | [Round 7] epoch=43/80 loss=0.1705 acc=97.58 val_acc=nan data_t=0.0044s batch_t=0.0559s epoch_t=00:00.60 lr=0.000447 | GPU MB alloc/reserved=278.4/1932.0
2026-04-11 18:20:44 | INFO | [Round 7] Epoch 43/80 time=00:00.60 avg=00:00.93 ETA=00:34.27 | GPU MB alloc/reserved=278.4/1932.0
2026-04-11 18:20:45 | INFO | [Round 7] epoch=44/80 loss=0.1638 acc=98.33 val_acc=nan data_t=0.0040s batch_t=0.0651s epoch_t=00:00.69 lr=0.000428 | GPU MB alloc/reserved=278.4/1932.0
2026-04-11 18:20:45 | INFO | [Round 7] Epoch 44/80 time=00:00.69 avg=00:00.92 ETA=00:33.15 | GPU MB alloc/reserved=278.4/1932.0
2026-04-11 18:20:46 | INFO | [Round 7] epoch=45/80 loss=0.1367 acc=98.25 val_acc=nan data_t=0.0026s batch_t=0.0995s epoch_t=00:01.02 lr=0.000408 | GPU MB alloc/reserved=278.4/1932.0
2026-04-11 18:20:46 | INFO | [Round 7] Epoch 45/80 time=00:01.02 avg=00:00.92 ETA=00:32.31 | GPU MB alloc/reserved=278.4/1932.0
2026-04-11 18:20:47 | INFO | [Round 7] epoch=46/80 loss=0.1290 acc=98.00 val_acc=nan data_t=0.0032s batch_t=0.0966s epoch_t=00:01.00 lr=0.000389 | GPU MB alloc/reserved=278.4/1932.0
2026-04-11 18:20:47 | INFO | [Round 7] Epoch 46/80 time=00:01.00 avg=00:00.92 ETA=00:31.44 | GPU MB alloc/reserved=278.4/1932.0
2026-04-11 18:20:48 | INFO | [Round 7] epoch=47/80 loss=0.1216 acc=98.92 val_acc=nan data_t=0.0030s batch_t=0.0991s epoch_t=00:01.02 lr=0.000371 | GPU MB alloc/reserved=278.4/1932.0
2026-04-11 18:20:48 | INFO | [Round 7] Epoch 47/80 time=00:01.02 avg=00:00.93 ETA=00:30.58 | GPU MB alloc/reserved=278.4/1932.0
2026-04-11 18:20:49 | INFO | [Round 7] epoch=48/80 loss=0.1014 acc=98.92 val_acc=nan data_t=0.0038s batch_t=0.0724s epoch_t=00:00.76 lr=0.000352 | GPU MB alloc/reserved=278.4/1932.0
2026-04-11 18:20:49 | INFO | [Round 7] Epoch 48/80 time=00:00.76 avg=00:00.92 ETA=00:29.54 | GPU MB alloc/reserved=278.4/1932.0
2026-04-11 18:20:49 | INFO | [Round 7] epoch=49/80 loss=0.0956 acc=99.33 val_acc=nan data_t=0.0040s batch_t=0.0617s epoch_t=00:00.66 lr=0.000334 | GPU MB alloc/reserved=278.4/1932.0
2026-04-11 18:20:49 | INFO | [Round 7] Epoch 49/80 time=00:00.66 avg=00:00.92 ETA=00:28.45 | GPU MB alloc/reserved=278.4/1932.0
2026-04-11 18:20:50 | INFO | [Round 7] epoch=50/80 loss=0.0852 acc=99.42 val_acc=nan data_t=0.0057s batch_t=0.0590s epoch_t=00:00.65 lr=0.000316 | GPU MB alloc/reserved=278.4/1932.0
2026-04-11 18:20:50 | INFO | [Round 7] Epoch 50/80 time=00:00.65 avg=00:00.91 ETA=00:27.37 | GPU MB alloc/reserved=278.4/1932.0
2026-04-11 18:20:51 | INFO | [Round 7] epoch=51/80 loss=0.0726 acc=99.50 val_acc=nan data_t=0.0042s batch_t=0.0808s epoch_t=00:00.85 lr=0.000298 | GPU MB alloc/reserved=278.4/1932.0
2026-04-11 18:20:51 | INFO | [Round 7] Epoch 51/80 time=00:00.85 avg=00:00.91 ETA=00:26.42 | GPU MB alloc/reserved=278.4/1932.0
2026-04-11 18:20:52 | INFO | [Round 7] epoch=52/80 loss=0.0726 acc=99.25 val_acc=nan data_t=0.0025s batch_t=0.0831s epoch_t=00:00.86 lr=0.000280 | GPU MB alloc/reserved=278.4/1932.0
2026-04-11 18:20:52 | INFO | [Round 7] Epoch 52/80 time=00:00.86 avg=00:00.91 ETA=00:25.48 | GPU MB alloc/reserved=278.4/1932.0
2026-04-11 18:20:53 | INFO | [Round 7] epoch=53/80 loss=0.0696 acc=99.67 val_acc=nan data_t=0.0060s batch_t=0.0858s epoch_t=00:00.92 lr=0.000263 | GPU MB alloc/reserved=278.4/1932.0
2026-04-11 18:20:53 | INFO | [Round 7] Epoch 53/80 time=00:00.92 avg=00:00.91 ETA=00:24.58 | GPU MB alloc/reserved=278.4/1932.0
2026-04-11 18:20:54 | INFO | [Round 7] epoch=54/80 loss=0.0600 acc=99.50 val_acc=nan data_t=0.0027s batch_t=0.0871s epoch_t=00:00.90 lr=0.000246 | GPU MB alloc/reserved=278.4/1932.0
2026-04-11 18:20:54 | INFO | [Round 7] Epoch 54/80 time=00:00.90 avg=00:00.91 ETA=00:23.66 | GPU MB alloc/reserved=278.4/1932.0
2026-04-11 18:20:55 | INFO | [Round 7] epoch=55/80 loss=0.0522 acc=99.83 val_acc=nan data_t=0.0042s batch_t=0.0878s epoch_t=00:00.92 lr=0.000230 | GPU MB alloc/reserved=278.4/1932.0
2026-04-11 18:20:55 | INFO | [Round 7] Epoch 55/80 time=00:00.92 avg=00:00.91 ETA=00:22.76 | GPU MB alloc/reserved=278.4/1932.0
2026-04-11 18:20:55 | INFO | [Round 7] epoch=56/80 loss=0.0485 acc=99.75 val_acc=nan data_t=0.0027s batch_t=0.0690s epoch_t=00:00.72 lr=0.000214 | GPU MB alloc/reserved=278.4/1932.0
2026-04-11 18:20:55 | INFO | [Round 7] Epoch 56/80 time=00:00.72 avg=00:00.91 ETA=00:21.76 | GPU MB alloc/reserved=278.4/1932.0
2026-04-11 18:20:56 | INFO | [Round 7] epoch=57/80 loss=0.0442 acc=99.83 val_acc=nan data_t=0.0028s batch_t=0.0940s epoch_t=00:00.97 lr=0.000199 | GPU MB alloc/reserved=278.4/1932.0
2026-04-11 18:20:56 | INFO | [Round 7] Epoch 57/80 time=00:00.97 avg=00:00.91 ETA=00:20.88 | GPU MB alloc/reserved=278.4/1932.0
2026-04-11 18:20:57 | INFO | [Round 7] epoch=58/80 loss=0.0445 acc=99.75 val_acc=nan data_t=0.0038s batch_t=0.0973s epoch_t=00:01.01 lr=0.000184 | GPU MB alloc/reserved=278.4/1932.0
2026-04-11 18:20:57 | INFO | [Round 7] Epoch 58/80 time=00:01.01 avg=00:00.91 ETA=00:20.01 | GPU MB alloc/reserved=278.4/1932.0
2026-04-11 18:20:58 | INFO | [Round 7] epoch=59/80 loss=0.0416 acc=100.00 val_acc=nan data_t=0.0044s batch_t=0.0878s epoch_t=00:00.92 lr=0.000169 | GPU MB alloc/reserved=278.4/1932.0
2026-04-11 18:20:58 | INFO | [Round 7] Epoch 59/80 time=00:00.92 avg=00:00.91 ETA=00:19.11 | GPU MB alloc/reserved=278.4/1932.0
2026-04-11 18:20:59 | INFO | [Round 7] epoch=60/80 loss=0.0387 acc=99.92 val_acc=nan data_t=0.0029s batch_t=0.0971s epoch_t=00:01.00 lr=0.000155 | GPU MB alloc/reserved=278.4/1932.0
2026-04-11 18:20:59 | INFO | [Round 7] Epoch 60/80 time=00:01.00 avg=00:00.91 ETA=00:18.23 | GPU MB alloc/reserved=278.4/1932.0
2026-04-11 18:21:00 | INFO | [Round 7] epoch=61/80 loss=0.0353 acc=100.00 val_acc=nan data_t=0.0031s batch_t=0.0976s epoch_t=00:01.01 lr=0.000142 | GPU MB alloc/reserved=278.4/1932.0
2026-04-11 18:21:00 | INFO | [Round 7] Epoch 61/80 time=00:01.01 avg=00:00.91 ETA=00:17.35 | GPU MB alloc/reserved=278.4/1932.0
2026-04-11 18:21:01 | INFO | [Round 7] epoch=62/80 loss=0.0337 acc=99.83 val_acc=nan data_t=0.0027s batch_t=0.0975s epoch_t=00:01.00 lr=0.000129 | GPU MB alloc/reserved=278.4/1932.0
2026-04-11 18:21:01 | INFO | [Round 7] Epoch 62/80 time=00:01.00 avg=00:00.91 ETA=00:16.46 | GPU MB alloc/reserved=278.4/1932.0
2026-04-11 18:21:02 | INFO | [Round 7] epoch=63/80 loss=0.0337 acc=100.00 val_acc=nan data_t=0.0028s batch_t=0.0974s epoch_t=00:01.00 lr=0.000116 | GPU MB alloc/reserved=278.4/1932.0
2026-04-11 18:21:02 | INFO | [Round 7] Epoch 63/80 time=00:01.00 avg=00:00.92 ETA=00:15.57 | GPU MB alloc/reserved=278.4/1932.0
2026-04-11 18:21:03 | INFO | [Round 7] epoch=64/80 loss=0.0311 acc=100.00 val_acc=nan data_t=0.0025s batch_t=0.0977s epoch_t=00:01.00 lr=0.000105 | GPU MB alloc/reserved=278.4/1932.0
2026-04-11 18:21:03 | INFO | [Round 7] Epoch 64/80 time=00:01.00 avg=00:00.92 ETA=00:14.67 | GPU MB alloc/reserved=278.4/1932.0
2026-04-11 18:21:04 | INFO | [Round 7] epoch=65/80 loss=0.0354 acc=99.92 val_acc=nan data_t=0.0026s batch_t=0.0789s epoch_t=00:00.81 lr=0.000093 | GPU MB alloc/reserved=278.4/1932.0
2026-04-11 18:21:04 | INFO | [Round 7] Epoch 65/80 time=00:00.81 avg=00:00.92 ETA=00:13.73 | GPU MB alloc/reserved=278.4/1932.0
2026-04-11 18:21:05 | INFO | [Round 7] epoch=66/80 loss=0.0327 acc=100.00 val_acc=nan data_t=0.0025s batch_t=0.0585s epoch_t=00:00.61 lr=0.000083 | GPU MB alloc/reserved=278.4/1932.0
2026-04-11 18:21:05 | INFO | [Round 7] Epoch 66/80 time=00:00.61 avg=00:00.91 ETA=00:12.75 | GPU MB alloc/reserved=278.4/1932.0
2026-04-11 18:21:05 | INFO | [Round 7] epoch=67/80 loss=0.0309 acc=99.92 val_acc=nan data_t=0.0047s batch_t=0.0820s epoch_t=00:00.87 lr=0.000073 | GPU MB alloc/reserved=278.4/1932.0
2026-04-11 18:21:05 | INFO | [Round 7] Epoch 67/80 time=00:00.87 avg=00:00.91 ETA=00:11.83 | GPU MB alloc/reserved=278.4/1932.0
2026-04-11 18:21:06 | INFO | [Round 7] epoch=68/80 loss=0.0291 acc=100.00 val_acc=nan data_t=0.0040s batch_t=0.0985s epoch_t=00:01.03 lr=0.000064 | GPU MB alloc/reserved=278.4/1932.0
2026-04-11 18:21:06 | INFO | [Round 7] Epoch 68/80 time=00:01.03 avg=00:00.91 ETA=00:10.94 | GPU MB alloc/reserved=278.4/1932.0
2026-04-11 18:21:07 | INFO | [Round 7] epoch=69/80 loss=0.0315 acc=99.92 val_acc=nan data_t=0.0032s batch_t=0.0974s epoch_t=00:01.01 lr=0.000055 | GPU MB alloc/reserved=278.4/1932.0
2026-04-11 18:21:07 | INFO | [Round 7] Epoch 69/80 time=00:01.01 avg=00:00.91 ETA=00:10.05 | GPU MB alloc/reserved=278.4/1932.0
2026-04-11 18:21:08 | INFO | [Round 7] epoch=70/80 loss=0.0311 acc=99.83 val_acc=nan data_t=0.0057s batch_t=0.0948s epoch_t=00:01.01 lr=0.000048 | GPU MB alloc/reserved=278.4/1932.0
2026-04-11 18:21:08 | INFO | [Round 7] Epoch 70/80 time=00:01.01 avg=00:00.91 ETA=00:09.15 | GPU MB alloc/reserved=278.4/1932.0
2026-04-11 18:21:09 | INFO | [Round 7] epoch=71/80 loss=0.0260 acc=100.00 val_acc=nan data_t=0.0045s batch_t=0.0603s epoch_t=00:00.65 lr=0.000041 | GPU MB alloc/reserved=278.4/1932.0
2026-04-11 18:21:09 | INFO | [Round 7] Epoch 71/80 time=00:00.65 avg=00:00.91 ETA=00:08.20 | GPU MB alloc/reserved=278.4/1932.0
2026-04-11 18:21:10 | INFO | [Round 7] epoch=72/80 loss=0.0255 acc=99.92 val_acc=nan data_t=0.0032s batch_t=0.0610s epoch_t=00:00.64 lr=0.000034 | GPU MB alloc/reserved=278.4/1932.0
2026-04-11 18:21:10 | INFO | [Round 7] Epoch 72/80 time=00:00.64 avg=00:00.91 ETA=00:07.26 | GPU MB alloc/reserved=278.4/1932.0
2026-04-11 18:21:11 | INFO | [Round 7] epoch=73/80 loss=0.0281 acc=100.00 val_acc=nan data_t=0.0041s batch_t=0.0791s epoch_t=00:00.83 lr=0.000029 | GPU MB alloc/reserved=278.4/1932.0
2026-04-11 18:21:11 | INFO | [Round 7] Epoch 73/80 time=00:00.83 avg=00:00.91 ETA=00:06.34 | GPU MB alloc/reserved=278.4/1932.0
2026-04-11 18:21:11 | INFO | [Round 7] epoch=74/80 loss=0.0301 acc=99.92 val_acc=nan data_t=0.0043s batch_t=0.0784s epoch_t=00:00.83 lr=0.000024 | GPU MB alloc/reserved=278.4/1932.0
2026-04-11 18:21:11 | INFO | [Round 7] Epoch 74/80 time=00:00.83 avg=00:00.91 ETA=00:05.43 | GPU MB alloc/reserved=278.4/1932.0
2026-04-11 18:21:12 | INFO | [Round 7] epoch=75/80 loss=0.0251 acc=100.00 val_acc=nan data_t=0.0038s batch_t=0.0853s epoch_t=00:00.89 lr=0.000020 | GPU MB alloc/reserved=278.4/1932.0
2026-04-11 18:21:12 | INFO | [Round 7] Epoch 75/80 time=00:00.89 avg=00:00.90 ETA=00:04.52 | GPU MB alloc/reserved=278.4/1932.0
2026-04-11 18:21:13 | INFO | [Round 7] epoch=76/80 loss=0.0278 acc=100.00 val_acc=nan data_t=0.0041s batch_t=0.0862s epoch_t=00:00.90 lr=0.000016 | GPU MB alloc/reserved=278.4/1932.0
2026-04-11 18:21:13 | INFO | [Round 7] Epoch 76/80 time=00:00.90 avg=00:00.90 ETA=00:03.62 | GPU MB alloc/reserved=278.4/1932.0
2026-04-11 18:21:14 | INFO | [Round 7] epoch=77/80 loss=0.0288 acc=100.00 val_acc=nan data_t=0.0038s batch_t=0.0865s epoch_t=00:00.90 lr=0.000013 | GPU MB alloc/reserved=278.4/1932.0
2026-04-11 18:21:14 | INFO | [Round 7] Epoch 77/80 time=00:00.90 avg=00:00.90 ETA=00:02.71 | GPU MB alloc/reserved=278.4/1932.0
2026-04-11 18:21:15 | INFO | [Round 7] epoch=78/80 loss=0.0261 acc=100.00 val_acc=nan data_t=0.0047s batch_t=0.0900s epoch_t=00:00.95 lr=0.000012 | GPU MB alloc/reserved=278.4/1932.0
2026-04-11 18:21:15 | INFO | [Round 7] Epoch 78/80 time=00:00.95 avg=00:00.91 ETA=00:01.81 | GPU MB alloc/reserved=278.4/1932.0
2026-04-11 18:21:16 | INFO | [Round 7] epoch=79/80 loss=0.0273 acc=100.00 val_acc=nan data_t=0.0031s batch_t=0.0868s epoch_t=00:00.90 lr=0.000010 | GPU MB alloc/reserved=278.4/1932.0
2026-04-11 18:21:16 | INFO | [Round 7] Epoch 79/80 time=00:00.90 avg=00:00.91 ETA=00:00.91 | GPU MB alloc/reserved=278.4/1932.0
2026-04-11 18:21:17 | INFO | [Round 7] epoch=80/80 loss=0.0252 acc=100.00 val_acc=nan data_t=0.0043s batch_t=0.0837s epoch_t=00:00.88 lr=0.000010 | GPU MB alloc/reserved=278.4/1932.0
2026-04-11 18:21:17 | INFO | [Round 7] Epoch 80/80 time=00:00.88 avg=00:00.90 ETA=00:00.00 | GPU MB alloc/reserved=278.4/1932.0
2026-04-11 18:21:17 | INFO | [Round 7] training complete in 01:12.73 (best monitor=100.000) | GPU MB alloc/reserved=278.4/1932.0
2026-04-11 18:21:17 | INFO | [Round 7] evaluation started | GPU MB alloc/reserved=192.3/1932.0
2026-04-11 18:21:26 | INFO | [Round 7] clean=15.43 fgsm=11.53 pgd=11.44 grad_disp_mean=nan grad_disp_sel=nan round_t=84.10s | GPU MB alloc/reserved=192.3/1932.0
2026-04-11 18:21:26 | INFO | [Round 8/21] elapsed=01:24.10 avg_round=01:02.61 projected_remaining=13:33.96 | GPU MB alloc/reserved=192.3/1932.0
2026-04-11 18:21:27 | INFO | [Round 8] acquisition on pool_size=48800 scored_pool=5000 budget=100 | GPU MB alloc/reserved=104.7/1932.0
2026-04-11 18:21:27 | INFO | [CoreSet-unlabeled-feat] scoring progress 10/20 elapsed=00:00.23 avg/batch=0.023s ETA=00:00.23 | GPU MB alloc/reserved=112.8/1932.0
2026-04-11 18:21:27 | INFO | [CoreSet-unlabeled-feat] scoring progress 20/20 elapsed=00:00.37 avg/batch=0.019s ETA=00:00.00 | GPU MB alloc/reserved=116.1/1932.0
2026-04-11 18:21:27 | INFO | [CoreSet-labeled-feat] scoring progress 5/5 elapsed=00:00.22 avg/batch=0.044s ETA=00:00.00 | GPU MB alloc/reserved=120.4/1932.0
2026-04-11 18:21:28 | INFO | [CoreSet] greedy 10/100 cover_radius=28.264343 | GPU: n/a
2026-04-11 18:21:28 | INFO | [CoreSet] greedy 20/100 cover_radius=27.670637 | GPU: n/a
2026-04-11 18:21:28 | INFO | [CoreSet] greedy 30/100 cover_radius=27.436934 | GPU: n/a
2026-04-11 18:21:28 | INFO | [CoreSet] greedy 40/100 cover_radius=27.202555 | GPU: n/a
2026-04-11 18:21:28 | INFO | [CoreSet] greedy 50/100 cover_radius=27.009859 | GPU: n/a
2026-04-11 18:21:28 | INFO | [CoreSet] greedy 60/100 cover_radius=26.806480 | GPU: n/a
2026-04-11 18:21:28 | INFO | [CoreSet] greedy 70/100 cover_radius=26.694405 | GPU: n/a
2026-04-11 18:21:28 | INFO | [CoreSet] greedy 80/100 cover_radius=26.636002 | GPU: n/a
2026-04-11 18:21:28 | INFO | [CoreSet] greedy 90/100 cover_radius=26.558701 | GPU: n/a
2026-04-11 18:21:29 | INFO | [CoreSet] greedy 100/100 cover_radius=26.471777 | GPU: n/a
2026-04-11 18:21:29 | INFO | [Round 8] labeled=1300 train=1300 val_fixed=0 | GPU MB alloc/reserved=149.1/1932.0
2026-04-11 18:21:30 | INFO | [Round 8] epoch=1/80 loss=4.7260 acc=1.69 val_acc=nan data_t=0.0162s batch_t=0.0939s epoch_t=00:01.21 lr=0.001000 | GPU MB alloc/reserved=277.8/1932.0
2026-04-11 18:21:30 | INFO | [Round 8] Epoch 1/80 time=00:01.21 avg=00:01.21 ETA=01:35.73 | GPU MB alloc/reserved=277.8/1932.0
2026-04-11 18:21:31 | INFO | [Round 8] epoch=2/80 loss=4.4059 acc=3.69 val_acc=nan data_t=0.0037s batch_t=0.0868s epoch_t=00:01.00 lr=0.000998 | GPU MB alloc/reserved=277.8/1932.0
2026-04-11 18:21:31 | INFO | [Round 8] Epoch 2/80 time=00:01.00 avg=00:01.10 ETA=01:26.08 | GPU MB alloc/reserved=277.8/1932.0
2026-04-11 18:21:32 | INFO | [Round 8] epoch=3/80 loss=4.1768 acc=6.31 val_acc=nan data_t=0.0050s batch_t=0.0885s epoch_t=00:01.03 lr=0.000997 | GPU MB alloc/reserved=277.8/1932.0
2026-04-11 18:21:32 | INFO | [Round 8] Epoch 3/80 time=00:01.03 avg=00:01.08 ETA=01:23.06 | GPU MB alloc/reserved=277.8/1932.0
2026-04-11 18:21:33 | INFO | [Round 8] epoch=4/80 loss=3.9633 acc=6.77 val_acc=nan data_t=0.0041s batch_t=0.0897s epoch_t=00:01.03 lr=0.000994 | GPU MB alloc/reserved=277.8/1932.0
2026-04-11 18:21:33 | INFO | [Round 8] Epoch 4/80 time=00:01.03 avg=00:01.07 ETA=01:21.09 | GPU MB alloc/reserved=277.8/1932.0
2026-04-11 18:21:34 | INFO | [Round 8] epoch=5/80 loss=3.9117 acc=9.08 val_acc=nan data_t=0.0026s batch_t=0.0897s epoch_t=00:01.02 lr=0.000990 | GPU MB alloc/reserved=277.8/1932.0
2026-04-11 18:21:34 | INFO | [Round 8] Epoch 5/80 time=00:01.02 avg=00:01.06 ETA=01:19.25 | GPU MB alloc/reserved=277.8/1932.0
2026-04-11 18:21:35 | INFO | [Round 8] epoch=6/80 loss=3.8270 acc=9.69 val_acc=nan data_t=0.0039s batch_t=0.0892s epoch_t=00:01.02 lr=0.000986 | GPU MB alloc/reserved=277.8/1932.0
2026-04-11 18:21:35 | INFO | [Round 8] Epoch 6/80 time=00:01.02 avg=00:01.05 ETA=01:17.80 | GPU MB alloc/reserved=277.8/1932.0
2026-04-11 18:21:36 | INFO | [Round 8] epoch=7/80 loss=3.7177 acc=10.54 val_acc=nan data_t=0.0025s batch_t=0.0894s epoch_t=00:01.01 lr=0.000981 | GPU MB alloc/reserved=277.8/1932.0
2026-04-11 18:21:36 | INFO | [Round 8] Epoch 7/80 time=00:01.01 avg=00:01.05 ETA=01:16.32 | GPU MB alloc/reserved=277.8/1932.0
2026-04-11 18:21:37 | INFO | [Round 8] epoch=8/80 loss=3.5884 acc=13.15 val_acc=nan data_t=0.0025s batch_t=0.0871s epoch_t=00:00.99 lr=0.000976 | GPU MB alloc/reserved=277.8/1932.0
2026-04-11 18:21:37 | INFO | [Round 8] Epoch 8/80 time=00:00.99 avg=00:01.04 ETA=01:14.74 | GPU MB alloc/reserved=277.8/1932.0
2026-04-11 18:21:38 | INFO | [Round 8] epoch=9/80 loss=3.4864 acc=13.92 val_acc=nan data_t=0.0027s batch_t=0.0884s epoch_t=00:01.00 lr=0.000969 | GPU MB alloc/reserved=277.8/1932.0
2026-04-11 18:21:38 | INFO | [Round 8] Epoch 9/80 time=00:01.00 avg=00:01.03 ETA=01:13.42 | GPU MB alloc/reserved=277.8/1932.0
2026-04-11 18:21:40 | INFO | [Round 8] epoch=10/80 loss=3.4301 acc=14.62 val_acc=nan data_t=0.0024s batch_t=0.0892s epoch_t=00:01.01 lr=0.000962 | GPU MB alloc/reserved=277.8/1932.0
2026-04-11 18:21:40 | INFO | [Round 8] Epoch 10/80 time=00:01.01 avg=00:01.03 ETA=01:12.20 | GPU MB alloc/reserved=277.8/1932.0
2026-04-11 18:21:41 | INFO | [Round 8] epoch=11/80 loss=3.2893 acc=17.23 val_acc=nan data_t=0.0025s batch_t=0.0886s epoch_t=00:01.00 lr=0.000955 | GPU MB alloc/reserved=277.8/1932.0
2026-04-11 18:21:41 | INFO | [Round 8] Epoch 11/80 time=00:01.00 avg=00:01.03 ETA=01:10.99 | GPU MB alloc/reserved=277.8/1932.0
2026-04-11 18:21:42 | INFO | [Round 8] epoch=12/80 loss=3.2133 acc=18.31 val_acc=nan data_t=0.0038s batch_t=0.0891s epoch_t=00:01.02 lr=0.000946 | GPU MB alloc/reserved=277.8/1932.0
2026-04-11 18:21:42 | INFO | [Round 8] Epoch 12/80 time=00:01.02 avg=00:01.03 ETA=01:09.92 | GPU MB alloc/reserved=277.8/1932.0
2026-04-11 18:21:43 | INFO | [Round 8] epoch=13/80 loss=3.0746 acc=21.31 val_acc=nan data_t=0.0056s batch_t=0.0885s epoch_t=00:01.04 lr=0.000937 | GPU MB alloc/reserved=277.8/1932.0
2026-04-11 18:21:43 | INFO | [Round 8] Epoch 13/80 time=00:01.04 avg=00:01.03 ETA=01:08.93 | GPU MB alloc/reserved=277.8/1932.0
2026-04-11 18:21:44 | INFO | [Round 8] epoch=14/80 loss=2.9927 acc=23.08 val_acc=nan data_t=0.0053s batch_t=0.0900s epoch_t=00:01.05 lr=0.000927 | GPU MB alloc/reserved=277.8/1932.0
2026-04-11 18:21:44 | INFO | [Round 8] Epoch 14/80 time=00:01.05 avg=00:01.03 ETA=01:07.99 | GPU MB alloc/reserved=277.8/1932.0
2026-04-11 18:21:45 | INFO | [Round 8] epoch=15/80 loss=2.8136 acc=24.46 val_acc=nan data_t=0.0039s batch_t=0.0868s epoch_t=00:01.00 lr=0.000917 | GPU MB alloc/reserved=277.8/1932.0
2026-04-11 18:21:45 | INFO | [Round 8] Epoch 15/80 time=00:01.00 avg=00:01.03 ETA=01:06.82 | GPU MB alloc/reserved=277.8/1932.0
2026-04-11 18:21:46 | INFO | [Round 8] epoch=16/80 loss=2.7500 acc=26.62 val_acc=nan data_t=0.0025s batch_t=0.0864s epoch_t=00:00.98 lr=0.000905 | GPU MB alloc/reserved=277.8/1932.0
2026-04-11 18:21:46 | INFO | [Round 8] Epoch 16/80 time=00:00.98 avg=00:01.02 ETA=01:05.59 | GPU MB alloc/reserved=277.8/1932.0
2026-04-11 18:21:47 | INFO | [Round 8] epoch=17/80 loss=2.6472 acc=29.85 val_acc=nan data_t=0.0037s batch_t=0.0872s epoch_t=00:01.00 lr=0.000894 | GPU MB alloc/reserved=277.8/1932.0
2026-04-11 18:21:47 | INFO | [Round 8] Epoch 17/80 time=00:01.00 avg=00:01.02 ETA=01:04.48 | GPU MB alloc/reserved=277.8/1932.0
2026-04-11 18:21:48 | INFO | [Round 8] epoch=18/80 loss=2.5237 acc=30.69 val_acc=nan data_t=0.0037s batch_t=0.0851s epoch_t=00:00.98 lr=0.000881 | GPU MB alloc/reserved=277.8/1932.0
2026-04-11 18:21:48 | INFO | [Round 8] Epoch 18/80 time=00:00.98 avg=00:01.02 ETA=01:03.29 | GPU MB alloc/reserved=277.8/1932.0
2026-04-11 18:21:49 | INFO | [Round 8] epoch=19/80 loss=2.3919 acc=36.62 val_acc=nan data_t=0.0056s batch_t=0.0865s epoch_t=00:01.01 lr=0.000868 | GPU MB alloc/reserved=277.8/1932.0
2026-04-11 18:21:49 | INFO | [Round 8] Epoch 19/80 time=00:01.01 avg=00:01.02 ETA=01:02.25 | GPU MB alloc/reserved=277.8/1932.0
2026-04-11 18:21:50 | INFO | [Round 8] epoch=20/80 loss=2.3152 acc=35.77 val_acc=nan data_t=0.0025s batch_t=0.0886s epoch_t=00:01.00 lr=0.000855 | GPU MB alloc/reserved=277.8/1932.0
2026-04-11 18:21:50 | INFO | [Round 8] Epoch 20/80 time=00:01.00 avg=00:01.02 ETA=01:01.18 | GPU MB alloc/reserved=277.8/1932.0
2026-04-11 18:21:51 | INFO | [Round 8] epoch=21/80 loss=2.1699 acc=40.31 val_acc=nan data_t=0.0024s batch_t=0.0877s epoch_t=00:00.99 lr=0.000841 | GPU MB alloc/reserved=277.8/1932.0
2026-04-11 18:21:51 | INFO | [Round 8] Epoch 21/80 time=00:00.99 avg=00:01.02 ETA=01:00.08 | GPU MB alloc/reserved=277.8/1932.0
2026-04-11 18:21:52 | INFO | [Round 8] epoch=22/80 loss=2.1181 acc=41.00 val_acc=nan data_t=0.0042s batch_t=0.0866s epoch_t=00:01.00 lr=0.000826 | GPU MB alloc/reserved=277.8/1932.0
2026-04-11 18:21:52 | INFO | [Round 8] Epoch 22/80 time=00:01.00 avg=00:01.02 ETA=00:59.01 | GPU MB alloc/reserved=277.8/1932.0
2026-04-11 18:21:53 | INFO | [Round 8] epoch=23/80 loss=2.1140 acc=40.54 val_acc=nan data_t=0.0040s batch_t=0.0866s epoch_t=00:01.00 lr=0.000811 | GPU MB alloc/reserved=277.8/1932.0
2026-04-11 18:21:53 | INFO | [Round 8] Epoch 23/80 time=00:01.00 avg=00:01.02 ETA=00:57.94 | GPU MB alloc/reserved=277.8/1932.0
2026-04-11 18:21:54 | INFO | [Round 8] epoch=24/80 loss=1.9979 acc=43.92 val_acc=nan data_t=0.0039s batch_t=0.0853s epoch_t=00:00.98 lr=0.000796 | GPU MB alloc/reserved=277.8/1932.0
2026-04-11 18:21:54 | INFO | [Round 8] Epoch 24/80 time=00:00.98 avg=00:01.02 ETA=00:56.84 | GPU MB alloc/reserved=277.8/1932.0
2026-04-11 18:21:55 | INFO | [Round 8] epoch=25/80 loss=1.9311 acc=45.38 val_acc=nan data_t=0.0038s batch_t=0.0867s epoch_t=00:01.00 lr=0.000780 | GPU MB alloc/reserved=277.8/1932.0
2026-04-11 18:21:55 | INFO | [Round 8] Epoch 25/80 time=00:01.00 avg=00:01.01 ETA=00:55.79 | GPU MB alloc/reserved=277.8/1932.0
2026-04-11 18:21:56 | INFO | [Round 8] epoch=26/80 loss=1.8193 acc=48.77 val_acc=nan data_t=0.0055s batch_t=0.0861s epoch_t=00:01.01 lr=0.000764 | GPU MB alloc/reserved=277.8/1932.0
2026-04-11 18:21:56 | INFO | [Round 8] Epoch 26/80 time=00:01.01 avg=00:01.01 ETA=00:54.76 | GPU MB alloc/reserved=277.8/1932.0
2026-04-11 18:21:57 | INFO | [Round 8] epoch=27/80 loss=1.7032 acc=51.62 val_acc=nan data_t=0.0056s batch_t=0.0872s epoch_t=00:01.02 lr=0.000747 | GPU MB alloc/reserved=277.8/1932.0
2026-04-11 18:21:57 | INFO | [Round 8] Epoch 27/80 time=00:01.02 avg=00:01.01 ETA=00:53.76 | GPU MB alloc/reserved=277.8/1932.0
2026-04-11 18:21:58 | INFO | [Round 8] epoch=28/80 loss=1.5875 acc=55.62 val_acc=nan data_t=0.0029s batch_t=0.0859s epoch_t=00:00.98 lr=0.000730 | GPU MB alloc/reserved=277.8/1932.0
2026-04-11 18:21:58 | INFO | [Round 8] Epoch 28/80 time=00:00.98 avg=00:01.01 ETA=00:52.67 | GPU MB alloc/reserved=277.8/1932.0
2026-04-11 18:21:59 | INFO | [Round 8] epoch=29/80 loss=1.5234 acc=57.08 val_acc=nan data_t=0.0032s batch_t=0.0872s epoch_t=00:01.00 lr=0.000712 | GPU MB alloc/reserved=277.8/1932.0
2026-04-11 18:21:59 | INFO | [Round 8] Epoch 29/80 time=00:01.00 avg=00:01.01 ETA=00:51.63 | GPU MB alloc/reserved=277.8/1932.0
2026-04-11 18:22:00 | INFO | [Round 8] epoch=30/80 loss=1.4471 acc=59.38 val_acc=nan data_t=0.0030s batch_t=0.0847s epoch_t=00:00.97 lr=0.000694 | GPU MB alloc/reserved=277.8/1932.0
2026-04-11 18:22:00 | INFO | [Round 8] Epoch 30/80 time=00:00.97 avg=00:01.01 ETA=00:50.54 | GPU MB alloc/reserved=277.8/1932.0
2026-04-11 18:22:01 | INFO | [Round 8] epoch=31/80 loss=1.3274 acc=63.31 val_acc=nan data_t=0.0050s batch_t=0.0861s epoch_t=00:01.00 lr=0.000676 | GPU MB alloc/reserved=277.8/1932.0
2026-04-11 18:22:01 | INFO | [Round 8] Epoch 31/80 time=00:01.00 avg=00:01.01 ETA=00:49.51 | GPU MB alloc/reserved=277.8/1932.0
2026-04-11 18:22:02 | INFO | [Round 8] epoch=32/80 loss=1.2687 acc=64.62 val_acc=nan data_t=0.0025s batch_t=0.0863s epoch_t=00:00.98 lr=0.000658 | GPU MB alloc/reserved=277.8/1932.0
2026-04-11 18:22:02 | INFO | [Round 8] Epoch 32/80 time=00:00.98 avg=00:01.01 ETA=00:48.45 | GPU MB alloc/reserved=277.8/1932.0
2026-04-11 18:22:02 | INFO | [Round 8] epoch=33/80 loss=1.1838 acc=66.23 val_acc=nan data_t=0.0035s batch_t=0.0702s epoch_t=00:00.81 lr=0.000639 | GPU MB alloc/reserved=277.8/1932.0
2026-04-11 18:22:02 | INFO | [Round 8] Epoch 33/80 time=00:00.81 avg=00:01.00 ETA=00:47.16 | GPU MB alloc/reserved=277.8/1932.0
2026-04-11 18:22:03 | INFO | [Round 8] epoch=34/80 loss=1.0903 acc=70.85 val_acc=nan data_t=0.0038s batch_t=0.0924s epoch_t=00:01.06 lr=0.000621 | GPU MB alloc/reserved=277.8/1932.0
2026-04-11 18:22:03 | INFO | [Round 8] Epoch 34/80 time=00:01.06 avg=00:01.01 ETA=00:46.23 | GPU MB alloc/reserved=277.8/1932.0
2026-04-11 18:22:05 | INFO | [Round 8] epoch=35/80 loss=1.0946 acc=70.85 val_acc=nan data_t=0.0042s batch_t=0.0968s epoch_t=00:01.11 lr=0.000602 | GPU MB alloc/reserved=277.8/1932.0
2026-04-11 18:22:05 | INFO | [Round 8] Epoch 35/80 time=00:01.11 avg=00:01.01 ETA=00:45.36 | GPU MB alloc/reserved=277.8/1932.0
2026-04-11 18:22:06 | INFO | [Round 8] epoch=36/80 loss=0.9471 acc=74.15 val_acc=nan data_t=0.0025s batch_t=0.0935s epoch_t=00:01.06 lr=0.000582 | GPU MB alloc/reserved=277.8/1932.0
2026-04-11 18:22:06 | INFO | [Round 8] Epoch 36/80 time=00:01.06 avg=00:01.01 ETA=00:44.41 | GPU MB alloc/reserved=277.8/1932.0
2026-04-11 18:22:07 | INFO | [Round 8] epoch=37/80 loss=0.7782 acc=81.00 val_acc=nan data_t=0.0031s batch_t=0.0966s epoch_t=00:01.10 lr=0.000563 | GPU MB alloc/reserved=277.8/1932.0
2026-04-11 18:22:07 | INFO | [Round 8] Epoch 37/80 time=00:01.10 avg=00:01.01 ETA=00:43.51 | GPU MB alloc/reserved=277.8/1932.0
2026-04-11 18:22:08 | INFO | [Round 8] epoch=38/80 loss=0.7483 acc=82.23 val_acc=nan data_t=0.0026s batch_t=0.0971s epoch_t=00:01.10 lr=0.000544 | GPU MB alloc/reserved=277.8/1932.0
2026-04-11 18:22:08 | INFO | [Round 8] Epoch 38/80 time=00:01.10 avg=00:01.01 ETA=00:42.59 | GPU MB alloc/reserved=277.8/1932.0
2026-04-11 18:22:09 | INFO | [Round 8] epoch=39/80 loss=0.7929 acc=79.08 val_acc=nan data_t=0.0037s batch_t=0.0969s epoch_t=00:01.11 lr=0.000524 | GPU MB alloc/reserved=277.8/1932.0
2026-04-11 18:22:09 | INFO | [Round 8] Epoch 39/80 time=00:01.11 avg=00:01.02 ETA=00:41.67 | GPU MB alloc/reserved=277.8/1932.0
2026-04-11 18:22:10 | INFO | [Round 8] epoch=40/80 loss=0.6440 acc=85.23 val_acc=nan data_t=0.0028s batch_t=0.0970s epoch_t=00:01.10 lr=0.000505 | GPU MB alloc/reserved=277.8/1932.0
2026-04-11 18:22:10 | INFO | [Round 8] Epoch 40/80 time=00:01.10 avg=00:01.02 ETA=00:40.74 | GPU MB alloc/reserved=277.8/1932.0
2026-04-11 18:22:11 | INFO | [Round 8] epoch=41/80 loss=0.6400 acc=85.46 val_acc=nan data_t=0.0037s batch_t=0.0941s epoch_t=00:01.08 lr=0.000486 | GPU MB alloc/reserved=277.8/1932.0
2026-04-11 18:22:11 | INFO | [Round 8] Epoch 41/80 time=00:01.08 avg=00:01.02 ETA=00:39.77 | GPU MB alloc/reserved=277.8/1932.0
2026-04-11 18:22:12 | INFO | [Round 8] epoch=42/80 loss=0.5845 acc=86.38 val_acc=nan data_t=0.0027s batch_t=0.0575s epoch_t=00:00.66 lr=0.000466 | GPU MB alloc/reserved=277.8/1932.0
2026-04-11 18:22:12 | INFO | [Round 8] Epoch 42/80 time=00:00.66 avg=00:01.01 ETA=00:38.43 | GPU MB alloc/reserved=277.8/1932.0
2026-04-11 18:22:13 | INFO | [Round 8] epoch=43/80 loss=0.5043 acc=90.77 val_acc=nan data_t=0.0030s batch_t=0.0684s epoch_t=00:00.79 lr=0.000447 | GPU MB alloc/reserved=277.8/1932.0
2026-04-11 18:22:13 | INFO | [Round 8] Epoch 43/80 time=00:00.79 avg=00:01.01 ETA=00:37.23 | GPU MB alloc/reserved=277.8/1932.0
2026-04-11 18:22:14 | INFO | [Round 8] epoch=44/80 loss=0.4205 acc=92.54 val_acc=nan data_t=0.0039s batch_t=0.0989s epoch_t=00:01.13 lr=0.000428 | GPU MB alloc/reserved=277.8/1932.0
2026-04-11 18:22:14 | INFO | [Round 8] Epoch 44/80 time=00:01.13 avg=00:01.01 ETA=00:36.32 | GPU MB alloc/reserved=277.8/1932.0
2026-04-11 18:22:15 | INFO | [Round 8] epoch=45/80 loss=0.4312 acc=92.15 val_acc=nan data_t=0.0038s batch_t=0.0979s epoch_t=00:01.12 lr=0.000408 | GPU MB alloc/reserved=277.8/1932.0
2026-04-11 18:22:15 | INFO | [Round 8] Epoch 45/80 time=00:01.12 avg=00:01.01 ETA=00:35.40 | GPU MB alloc/reserved=277.8/1932.0
2026-04-11 18:22:16 | INFO | [Round 8] epoch=46/80 loss=0.3862 acc=93.15 val_acc=nan data_t=0.0025s batch_t=0.0945s epoch_t=00:01.07 lr=0.000389 | GPU MB alloc/reserved=277.8/1932.0
2026-04-11 18:22:16 | INFO | [Round 8] Epoch 46/80 time=00:01.07 avg=00:01.01 ETA=00:34.43 | GPU MB alloc/reserved=277.8/1932.0
2026-04-11 18:22:17 | INFO | [Round 8] epoch=47/80 loss=0.3833 acc=94.23 val_acc=nan data_t=0.0037s batch_t=0.0601s epoch_t=00:00.70 lr=0.000371 | GPU MB alloc/reserved=277.8/1932.0
2026-04-11 18:22:17 | INFO | [Round 8] Epoch 47/80 time=00:00.70 avg=00:01.01 ETA=00:33.20 | GPU MB alloc/reserved=277.8/1932.0
2026-04-11 18:22:17 | INFO | [Round 8] epoch=48/80 loss=0.3327 acc=95.00 val_acc=nan data_t=0.0038s batch_t=0.0590s epoch_t=00:00.69 lr=0.000352 | GPU MB alloc/reserved=277.8/1932.0
2026-04-11 18:22:17 | INFO | [Round 8] Epoch 48/80 time=00:00.69 avg=00:01.00 ETA=00:31.98 | GPU MB alloc/reserved=277.8/1932.0
2026-04-11 18:22:18 | INFO | [Round 8] epoch=49/80 loss=0.3117 acc=95.77 val_acc=nan data_t=0.0033s batch_t=0.0795s epoch_t=00:00.91 lr=0.000334 | GPU MB alloc/reserved=277.8/1932.0
2026-04-11 18:22:18 | INFO | [Round 8] Epoch 49/80 time=00:00.91 avg=00:01.00 ETA=00:30.93 | GPU MB alloc/reserved=277.8/1932.0
2026-04-11 18:22:19 | INFO | [Round 8] epoch=50/80 loss=0.3124 acc=94.31 val_acc=nan data_t=0.0030s batch_t=0.0791s epoch_t=00:00.90 lr=0.000316 | GPU MB alloc/reserved=277.8/1932.0
2026-04-11 18:22:19 | INFO | [Round 8] Epoch 50/80 time=00:00.90 avg=00:01.00 ETA=00:29.87 | GPU MB alloc/reserved=277.8/1932.0
2026-04-11 18:22:20 | INFO | [Round 8] epoch=51/80 loss=0.2914 acc=95.54 val_acc=nan data_t=0.0025s batch_t=0.0845s epoch_t=00:00.96 lr=0.000298 | GPU MB alloc/reserved=277.8/1932.0
2026-04-11 18:22:20 | INFO | [Round 8] Epoch 51/80 time=00:00.96 avg=00:00.99 ETA=00:28.85 | GPU MB alloc/reserved=277.8/1932.0
2026-04-11 18:22:21 | INFO | [Round 8] epoch=52/80 loss=0.2564 acc=96.38 val_acc=nan data_t=0.0040s batch_t=0.0850s epoch_t=00:00.98 lr=0.000280 | GPU MB alloc/reserved=277.8/1932.0
2026-04-11 18:22:21 | INFO | [Round 8] Epoch 52/80 time=00:00.98 avg=00:00.99 ETA=00:27.85 | GPU MB alloc/reserved=277.8/1932.0
2026-04-11 18:22:22 | INFO | [Round 8] epoch=53/80 loss=0.1888 acc=98.62 val_acc=nan data_t=0.0025s batch_t=0.0775s epoch_t=00:00.88 lr=0.000263 | GPU MB alloc/reserved=277.8/1932.0
2026-04-11 18:22:22 | INFO | [Round 8] Epoch 53/80 time=00:00.88 avg=00:00.99 ETA=00:26.80 | GPU MB alloc/reserved=277.8/1932.0
2026-04-11 18:22:23 | INFO | [Round 8] epoch=54/80 loss=0.1811 acc=98.46 val_acc=nan data_t=0.0037s batch_t=0.0876s epoch_t=00:01.00 lr=0.000246 | GPU MB alloc/reserved=277.8/1932.0
2026-04-11 18:22:23 | INFO | [Round 8] Epoch 54/80 time=00:01.00 avg=00:00.99 ETA=00:25.81 | GPU MB alloc/reserved=277.8/1932.0
2026-04-11 18:22:24 | INFO | [Round 8] epoch=55/80 loss=0.1726 acc=98.31 val_acc=nan data_t=0.0027s batch_t=0.0870s epoch_t=00:00.99 lr=0.000230 | GPU MB alloc/reserved=277.8/1932.0
2026-04-11 18:22:24 | INFO | [Round 8] Epoch 55/80 time=00:00.99 avg=00:00.99 ETA=00:24.82 | GPU MB alloc/reserved=277.8/1932.0
2026-04-11 18:22:25 | INFO | [Round 8] epoch=56/80 loss=0.1918 acc=97.00 val_acc=nan data_t=0.0056s batch_t=0.0874s epoch_t=00:01.02 lr=0.000214 | GPU MB alloc/reserved=277.8/1932.0
2026-04-11 18:22:25 | INFO | [Round 8] Epoch 56/80 time=00:01.02 avg=00:00.99 ETA=00:23.84 | GPU MB alloc/reserved=277.8/1932.0
2026-04-11 18:22:26 | INFO | [Round 8] epoch=57/80 loss=0.1744 acc=98.15 val_acc=nan data_t=0.0023s batch_t=0.0871s epoch_t=00:00.98 lr=0.000199 | GPU MB alloc/reserved=277.8/1932.0
2026-04-11 18:22:26 | INFO | [Round 8] Epoch 57/80 time=00:00.98 avg=00:00.99 ETA=00:22.84 | GPU MB alloc/reserved=277.8/1932.0
2026-04-11 18:22:27 | INFO | [Round 8] epoch=58/80 loss=0.1851 acc=97.69 val_acc=nan data_t=0.0039s batch_t=0.0863s epoch_t=00:00.99 lr=0.000184 | GPU MB alloc/reserved=277.8/1932.0
2026-04-11 18:22:27 | INFO | [Round 8] Epoch 58/80 time=00:00.99 avg=00:00.99 ETA=00:21.85 | GPU MB alloc/reserved=277.8/1932.0
2026-04-11 18:22:28 | INFO | [Round 8] epoch=59/80 loss=0.1552 acc=98.54 val_acc=nan data_t=0.0043s batch_t=0.0872s epoch_t=00:01.01 lr=0.000169 | GPU MB alloc/reserved=277.8/1932.0
2026-04-11 18:22:28 | INFO | [Round 8] Epoch 59/80 time=00:01.01 avg=00:00.99 ETA=00:20.86 | GPU MB alloc/reserved=277.8/1932.0
2026-04-11 18:22:29 | INFO | [Round 8] epoch=60/80 loss=0.1518 acc=98.31 val_acc=nan data_t=0.0025s batch_t=0.0849s epoch_t=00:00.96 lr=0.000155 | GPU MB alloc/reserved=277.8/1932.0
2026-04-11 18:22:29 | INFO | [Round 8] Epoch 60/80 time=00:00.96 avg=00:00.99 ETA=00:19.85 | GPU MB alloc/reserved=277.8/1932.0
2026-04-11 18:22:30 | INFO | [Round 8] epoch=61/80 loss=0.1280 acc=99.00 val_acc=nan data_t=0.0034s batch_t=0.0812s epoch_t=00:00.93 lr=0.000142 | GPU MB alloc/reserved=277.8/1932.0
2026-04-11 18:22:30 | INFO | [Round 8] Epoch 61/80 time=00:00.93 avg=00:00.99 ETA=00:18.84 | GPU MB alloc/reserved=277.8/1932.0
2026-04-11 18:22:31 | INFO | [Round 8] epoch=62/80 loss=0.1150 acc=99.31 val_acc=nan data_t=0.0038s batch_t=0.0965s epoch_t=00:01.10 lr=0.000129 | GPU MB alloc/reserved=277.8/1932.0
2026-04-11 18:22:31 | INFO | [Round 8] Epoch 62/80 time=00:01.10 avg=00:00.99 ETA=00:17.88 | GPU MB alloc/reserved=277.8/1932.0
2026-04-11 18:22:32 | INFO | [Round 8] epoch=63/80 loss=0.1048 acc=99.54 val_acc=nan data_t=0.0035s batch_t=0.0926s epoch_t=00:01.06 lr=0.000116 | GPU MB alloc/reserved=277.8/1932.0
2026-04-11 18:22:32 | INFO | [Round 8] Epoch 63/80 time=00:01.06 avg=00:00.99 ETA=00:16.91 | GPU MB alloc/reserved=277.8/1932.0
2026-04-11 18:22:33 | INFO | [Round 8] epoch=64/80 loss=0.1091 acc=99.38 val_acc=nan data_t=0.0037s batch_t=0.0959s epoch_t=00:01.10 lr=0.000105 | GPU MB alloc/reserved=277.8/1932.0
2026-04-11 18:22:33 | INFO | [Round 8] Epoch 64/80 time=00:01.10 avg=00:01.00 ETA=00:15.94 | GPU MB alloc/reserved=277.8/1932.0
2026-04-11 18:22:34 | INFO | [Round 8] epoch=65/80 loss=0.1183 acc=99.38 val_acc=nan data_t=0.0039s batch_t=0.0958s epoch_t=00:01.10 lr=0.000093 | GPU MB alloc/reserved=277.8/1932.0
2026-04-11 18:22:34 | INFO | [Round 8] Epoch 65/80 time=00:01.10 avg=00:01.00 ETA=00:14.96 | GPU MB alloc/reserved=277.8/1932.0
2026-04-11 18:22:35 | INFO | [Round 8] epoch=66/80 loss=0.1108 acc=99.23 val_acc=nan data_t=0.0023s batch_t=0.0978s epoch_t=00:01.10 lr=0.000083 | GPU MB alloc/reserved=277.8/1932.0
2026-04-11 18:22:35 | INFO | [Round 8] Epoch 66/80 time=00:01.10 avg=00:01.00 ETA=00:13.99 | GPU MB alloc/reserved=277.8/1932.0
2026-04-11 18:22:36 | INFO | [Round 8] epoch=67/80 loss=0.1049 acc=99.38 val_acc=nan data_t=0.0025s batch_t=0.0975s epoch_t=00:01.10 lr=0.000073 | GPU MB alloc/reserved=277.8/1932.0
2026-04-11 18:22:36 | INFO | [Round 8] Epoch 67/80 time=00:01.10 avg=00:01.00 ETA=00:13.01 | GPU MB alloc/reserved=277.8/1932.0
2026-04-11 18:22:38 | INFO | [Round 8] epoch=68/80 loss=0.0930 acc=99.62 val_acc=nan data_t=0.0037s batch_t=0.0914s epoch_t=00:01.05 lr=0.000064 | GPU MB alloc/reserved=277.8/1932.0
2026-04-11 18:22:38 | INFO | [Round 8] Epoch 68/80 time=00:01.05 avg=00:01.00 ETA=00:12.02 | GPU MB alloc/reserved=277.8/1932.0
2026-04-11 18:22:38 | INFO | [Round 8] epoch=69/80 loss=0.0968 acc=99.62 val_acc=nan data_t=0.0029s batch_t=0.0663s epoch_t=00:00.76 lr=0.000055 | GPU MB alloc/reserved=277.8/1932.0
2026-04-11 18:22:38 | INFO | [Round 8] Epoch 69/80 time=00:00.76 avg=00:01.00 ETA=00:10.98 | GPU MB alloc/reserved=277.8/1932.0
2026-04-11 18:22:39 | INFO | [Round 8] epoch=70/80 loss=0.0846 acc=99.85 val_acc=nan data_t=0.0037s batch_t=0.0566s epoch_t=00:00.66 lr=0.000048 | GPU MB alloc/reserved=277.8/1932.0
2026-04-11 18:22:39 | INFO | [Round 8] Epoch 70/80 time=00:00.66 avg=00:00.99 ETA=00:09.93 | GPU MB alloc/reserved=277.8/1932.0
2026-04-11 18:22:40 | INFO | [Round 8] epoch=71/80 loss=0.0826 acc=99.85 val_acc=nan data_t=0.0038s batch_t=0.0980s epoch_t=00:01.12 lr=0.000041 | GPU MB alloc/reserved=277.8/1932.0
2026-04-11 18:22:40 | INFO | [Round 8] Epoch 71/80 time=00:01.12 avg=00:00.99 ETA=00:08.95 | GPU MB alloc/reserved=277.8/1932.0
2026-04-11 18:22:41 | INFO | [Round 8] epoch=72/80 loss=0.0835 acc=99.69 val_acc=nan data_t=0.0025s batch_t=0.0985s epoch_t=00:01.11 lr=0.000034 | GPU MB alloc/reserved=277.8/1932.0
2026-04-11 18:22:41 | INFO | [Round 8] Epoch 72/80 time=00:01.11 avg=00:01.00 ETA=00:07.97 | GPU MB alloc/reserved=277.8/1932.0
2026-04-11 18:22:42 | INFO | [Round 8] epoch=73/80 loss=0.0811 acc=99.54 val_acc=nan data_t=0.0036s batch_t=0.0983s epoch_t=00:01.12 lr=0.000029 | GPU MB alloc/reserved=277.8/1932.0
2026-04-11 18:22:42 | INFO | [Round 8] Epoch 73/80 time=00:01.12 avg=00:01.00 ETA=00:06.99 | GPU MB alloc/reserved=277.8/1932.0
2026-04-11 18:22:43 | INFO | [Round 8] epoch=74/80 loss=0.0863 acc=99.92 val_acc=nan data_t=0.0044s batch_t=0.0667s epoch_t=00:00.78 lr=0.000024 | GPU MB alloc/reserved=277.8/1932.0
2026-04-11 18:22:43 | INFO | [Round 8] Epoch 74/80 time=00:00.78 avg=00:01.00 ETA=00:05.97 | GPU MB alloc/reserved=277.8/1932.0
2026-04-11 18:22:44 | INFO | [Round 8] epoch=75/80 loss=0.0766 acc=100.00 val_acc=nan data_t=0.0039s batch_t=0.0599s epoch_t=00:00.70 lr=0.000020 | GPU MB alloc/reserved=277.8/1932.0
2026-04-11 18:22:44 | INFO | [Round 8] Epoch 75/80 time=00:00.70 avg=00:00.99 ETA=00:04.96 | GPU MB alloc/reserved=277.8/1932.0
2026-04-11 18:22:45 | INFO | [Round 8] epoch=76/80 loss=0.0761 acc=99.54 val_acc=nan data_t=0.0041s batch_t=0.0670s epoch_t=00:00.78 lr=0.000016 | GPU MB alloc/reserved=277.8/1932.0
2026-04-11 18:22:45 | INFO | [Round 8] Epoch 76/80 time=00:00.78 avg=00:00.99 ETA=00:03.95 | GPU MB alloc/reserved=277.8/1932.0
2026-04-11 18:22:46 | INFO | [Round 8] epoch=77/80 loss=0.0794 acc=99.85 val_acc=nan data_t=0.0024s batch_t=0.0850s epoch_t=00:00.96 lr=0.000013 | GPU MB alloc/reserved=277.8/1932.0
2026-04-11 18:22:46 | INFO | [Round 8] Epoch 77/80 time=00:00.96 avg=00:00.99 ETA=00:02.96 | GPU MB alloc/reserved=277.8/1932.0
2026-04-11 18:22:47 | INFO | [Round 8] epoch=78/80 loss=0.0738 acc=99.69 val_acc=nan data_t=0.0036s batch_t=0.0852s epoch_t=00:00.98 lr=0.000012 | GPU MB alloc/reserved=277.8/1932.0
2026-04-11 18:22:47 | INFO | [Round 8] Epoch 78/80 time=00:00.98 avg=00:00.99 ETA=00:01.98 | GPU MB alloc/reserved=277.8/1932.0
2026-04-11 18:22:47 | INFO | [Round 8] epoch=79/80 loss=0.0790 acc=99.92 val_acc=nan data_t=0.0024s batch_t=0.0875s epoch_t=00:00.99 lr=0.000010 | GPU MB alloc/reserved=277.8/1932.0
2026-04-11 18:22:47 | INFO | [Round 8] Epoch 79/80 time=00:00.99 avg=00:00.99 ETA=00:00.99 | GPU MB alloc/reserved=277.8/1932.0
2026-04-11 18:22:49 | INFO | [Round 8] epoch=80/80 loss=0.0734 acc=99.85 val_acc=nan data_t=0.0032s batch_t=0.0888s epoch_t=00:01.01 lr=0.000010 | GPU MB alloc/reserved=277.8/1932.0
2026-04-11 18:22:49 | INFO | [Round 8] Epoch 80/80 time=00:01.01 avg=00:00.99 ETA=00:00.00 | GPU MB alloc/reserved=277.8/1932.0
2026-04-11 18:22:49 | INFO | [Round 8] training complete in 01:19.43 (best monitor=100.000) | GPU MB alloc/reserved=277.8/1932.0
2026-04-11 18:22:49 | INFO | [Round 8] evaluation started | GPU MB alloc/reserved=191.9/1932.0
2026-04-11 18:22:58 | INFO | [Round 8] clean=15.34 fgsm=11.41 pgd=11.31 grad_disp_mean=nan grad_disp_sel=nan round_t=90.85s | GPU MB alloc/reserved=191.9/1932.0
2026-04-11 18:22:58 | INFO | [Round 9/21] elapsed=01:30.85 avg_round=01:05.75 projected_remaining=13:09.00 | GPU MB alloc/reserved=191.9/1932.0
2026-04-11 18:22:59 | INFO | [Round 9] acquisition on pool_size=48700 scored_pool=5000 budget=100 | GPU MB alloc/reserved=103.5/1932.0
2026-04-11 18:22:59 | INFO | [CoreSet-unlabeled-feat] scoring progress 10/20 elapsed=00:00.26 avg/batch=0.026s ETA=00:00.26 | GPU MB alloc/reserved=111.6/1932.0
2026-04-11 18:22:59 | INFO | [CoreSet-unlabeled-feat] scoring progress 20/20 elapsed=00:00.39 avg/batch=0.020s ETA=00:00.00 | GPU MB alloc/reserved=115.4/1932.0
2026-04-11 18:22:59 | INFO | [CoreSet-labeled-feat] scoring progress 6/6 elapsed=00:00.23 avg/batch=0.039s ETA=00:00.00 | GPU MB alloc/reserved=116.1/1932.0
2026-04-11 18:22:59 | INFO | [CoreSet] greedy 10/100 cover_radius=27.186344 | GPU: n/a
2026-04-11 18:22:59 | INFO | [CoreSet] greedy 20/100 cover_radius=26.829302 | GPU: n/a
2026-04-11 18:23:00 | INFO | [CoreSet] greedy 30/100 cover_radius=26.615168 | GPU: n/a
2026-04-11 18:23:00 | INFO | [CoreSet] greedy 40/100 cover_radius=26.347040 | GPU: n/a
2026-04-11 18:23:00 | INFO | [CoreSet] greedy 50/100 cover_radius=26.260260 | GPU: n/a
2026-04-11 18:23:00 | INFO | [CoreSet] greedy 60/100 cover_radius=26.164965 | GPU: n/a
2026-04-11 18:23:00 | INFO | [CoreSet] greedy 70/100 cover_radius=26.065239 | GPU: n/a
2026-04-11 18:23:00 | INFO | [CoreSet] greedy 80/100 cover_radius=25.921310 | GPU: n/a
2026-04-11 18:23:00 | INFO | [CoreSet] greedy 90/100 cover_radius=25.860764 | GPU: n/a
2026-04-11 18:23:00 | INFO | [CoreSet] greedy 100/100 cover_radius=25.735878 | GPU: n/a
2026-04-11 18:23:01 | INFO | [Round 9] labeled=1400 train=1400 val_fixed=0 | GPU MB alloc/reserved=146.4/1932.0
2026-04-11 18:23:02 | INFO | [Round 9] epoch=1/80 loss=4.7177 acc=2.21 val_acc=nan data_t=0.0170s batch_t=0.0940s epoch_t=00:01.22 lr=0.001000 | GPU MB alloc/reserved=278.3/1932.0
2026-04-11 18:23:02 | INFO | [Round 9] Epoch 1/80 time=00:01.22 avg=00:01.22 ETA=01:36.44 | GPU MB alloc/reserved=278.3/1932.0
2026-04-11 18:23:03 | INFO | [Round 9] epoch=2/80 loss=4.3208 acc=4.86 val_acc=nan data_t=0.0031s batch_t=0.0926s epoch_t=00:01.05 lr=0.000998 | GPU MB alloc/reserved=278.3/1932.0
2026-04-11 18:23:03 | INFO | [Round 9] Epoch 2/80 time=00:01.05 avg=00:01.14 ETA=01:28.69 | GPU MB alloc/reserved=278.3/1932.0
2026-04-11 18:23:04 | INFO | [Round 9] epoch=3/80 loss=4.0318 acc=8.71 val_acc=nan data_t=0.0039s batch_t=0.0915s epoch_t=00:01.05 lr=0.000997 | GPU MB alloc/reserved=278.3/1932.0
2026-04-11 18:23:04 | INFO | [Round 9] Epoch 3/80 time=00:01.05 avg=00:01.11 ETA=01:25.31 | GPU MB alloc/reserved=278.3/1932.0
2026-04-11 18:23:05 | INFO | [Round 9] epoch=4/80 loss=3.8623 acc=10.29 val_acc=nan data_t=0.0040s batch_t=0.0913s epoch_t=00:01.05 lr=0.000994 | GPU MB alloc/reserved=278.3/1932.0
2026-04-11 18:23:05 | INFO | [Round 9] Epoch 4/80 time=00:01.05 avg=00:01.09 ETA=01:23.06 | GPU MB alloc/reserved=278.3/1932.0
2026-04-11 18:23:06 | INFO | [Round 9] epoch=5/80 loss=3.7030 acc=12.14 val_acc=nan data_t=0.0041s batch_t=0.0914s epoch_t=00:01.05 lr=0.000990 | GPU MB alloc/reserved=278.3/1932.0
2026-04-11 18:23:06 | INFO | [Round 9] Epoch 5/80 time=00:01.05 avg=00:01.08 ETA=01:21.32 | GPU MB alloc/reserved=278.3/1932.0
2026-04-11 18:23:07 | INFO | [Round 9] epoch=6/80 loss=3.5387 acc=13.93 val_acc=nan data_t=0.0041s batch_t=0.0925s epoch_t=00:01.06 lr=0.000986 | GPU MB alloc/reserved=278.3/1932.0
2026-04-11 18:23:07 | INFO | [Round 9] Epoch 6/80 time=00:01.06 avg=00:01.08 ETA=01:19.98 | GPU MB alloc/reserved=278.3/1932.0
2026-04-11 18:23:08 | INFO | [Round 9] epoch=7/80 loss=3.4545 acc=14.14 val_acc=nan data_t=0.0040s batch_t=0.0910s epoch_t=00:01.05 lr=0.000981 | GPU MB alloc/reserved=278.3/1932.0
2026-04-11 18:23:08 | INFO | [Round 9] Epoch 7/80 time=00:01.05 avg=00:01.08 ETA=01:18.53 | GPU MB alloc/reserved=278.3/1932.0
2026-04-11 18:23:09 | INFO | [Round 9] epoch=8/80 loss=3.2743 acc=19.21 val_acc=nan data_t=0.0043s batch_t=0.0916s epoch_t=00:01.06 lr=0.000976 | GPU MB alloc/reserved=278.3/1932.0
2026-04-11 18:23:09 | INFO | [Round 9] Epoch 8/80 time=00:01.06 avg=00:01.07 ETA=01:17.27 | GPU MB alloc/reserved=278.3/1932.0
2026-04-11 18:23:11 | INFO | [Round 9] epoch=9/80 loss=3.0967 acc=22.50 val_acc=nan data_t=0.0040s batch_t=0.0917s epoch_t=00:01.05 lr=0.000969 | GPU MB alloc/reserved=278.3/1932.0
2026-04-11 18:23:11 | INFO | [Round 9] Epoch 9/80 time=00:01.05 avg=00:01.07 ETA=01:16.04 | GPU MB alloc/reserved=278.3/1932.0
2026-04-11 18:23:12 | INFO | [Round 9] epoch=10/80 loss=2.9722 acc=23.64 val_acc=nan data_t=0.0026s batch_t=0.0909s epoch_t=00:01.03 lr=0.000962 | GPU MB alloc/reserved=278.3/1932.0
2026-04-11 18:23:12 | INFO | [Round 9] Epoch 10/80 time=00:01.03 avg=00:01.07 ETA=01:14.67 | GPU MB alloc/reserved=278.3/1932.0
2026-04-11 18:23:13 | INFO | [Round 9] epoch=11/80 loss=2.8538 acc=25.00 val_acc=nan data_t=0.0039s batch_t=0.0829s epoch_t=00:00.96 lr=0.000955 | GPU MB alloc/reserved=278.3/1932.0
2026-04-11 18:23:13 | INFO | [Round 9] Epoch 11/80 time=00:00.96 avg=00:01.06 ETA=01:12.91 | GPU MB alloc/reserved=278.3/1932.0
2026-04-11 18:23:14 | INFO | [Round 9] epoch=12/80 loss=2.7136 acc=28.43 val_acc=nan data_t=0.0038s batch_t=0.0932s epoch_t=00:01.07 lr=0.000946 | GPU MB alloc/reserved=278.3/1932.0
2026-04-11 18:23:14 | INFO | [Round 9] Epoch 12/80 time=00:01.07 avg=00:01.06 ETA=01:11.91 | GPU MB alloc/reserved=278.3/1932.0
2026-04-11 18:23:15 | INFO | [Round 9] epoch=13/80 loss=2.5171 acc=32.14 val_acc=nan data_t=0.0044s batch_t=0.0910s epoch_t=00:01.05 lr=0.000937 | GPU MB alloc/reserved=278.3/1932.0
2026-04-11 18:23:15 | INFO | [Round 9] Epoch 13/80 time=00:01.05 avg=00:01.06 ETA=01:10.81 | GPU MB alloc/reserved=278.3/1932.0
2026-04-11 18:23:16 | INFO | [Round 9] epoch=14/80 loss=2.4048 acc=34.79 val_acc=nan data_t=0.0040s batch_t=0.0915s epoch_t=00:01.05 lr=0.000927 | GPU MB alloc/reserved=278.3/1932.0
2026-04-11 18:23:16 | INFO | [Round 9] Epoch 14/80 time=00:01.05 avg=00:01.06 ETA=01:09.73 | GPU MB alloc/reserved=278.3/1932.0
2026-04-11 18:23:17 | INFO | [Round 9] epoch=15/80 loss=2.2350 acc=39.43 val_acc=nan data_t=0.0040s batch_t=0.0913s epoch_t=00:01.05 lr=0.000917 | GPU MB alloc/reserved=278.3/1932.0
2026-04-11 18:23:17 | INFO | [Round 9] Epoch 15/80 time=00:01.05 avg=00:01.06 ETA=01:08.64 | GPU MB alloc/reserved=278.3/1932.0
2026-04-11 18:23:18 | INFO | [Round 9] epoch=16/80 loss=2.1462 acc=41.79 val_acc=nan data_t=0.0026s batch_t=0.0905s epoch_t=00:01.02 lr=0.000905 | GPU MB alloc/reserved=278.3/1932.0
2026-04-11 18:23:18 | INFO | [Round 9] Epoch 16/80 time=00:01.02 avg=00:01.05 ETA=01:07.46 | GPU MB alloc/reserved=278.3/1932.0
2026-04-11 18:23:19 | INFO | [Round 9] epoch=17/80 loss=1.9156 acc=48.29 val_acc=nan data_t=0.0026s batch_t=0.0874s epoch_t=00:00.99 lr=0.000894 | GPU MB alloc/reserved=278.3/1932.0
2026-04-11 18:23:19 | INFO | [Round 9] Epoch 17/80 time=00:00.99 avg=00:01.05 ETA=01:06.16 | GPU MB alloc/reserved=278.3/1932.0
2026-04-11 18:23:20 | INFO | [Round 9] epoch=18/80 loss=1.7397 acc=52.14 val_acc=nan data_t=0.0057s batch_t=0.0892s epoch_t=00:01.04 lr=0.000881 | GPU MB alloc/reserved=278.3/1932.0
2026-04-11 18:23:20 | INFO | [Round 9] Epoch 18/80 time=00:01.04 avg=00:01.05 ETA=01:05.09 | GPU MB alloc/reserved=278.3/1932.0
2026-04-11 18:23:21 | INFO | [Round 9] epoch=19/80 loss=1.6394 acc=54.79 val_acc=nan data_t=0.0026s batch_t=0.0924s epoch_t=00:01.05 lr=0.000868 | GPU MB alloc/reserved=278.3/1932.0
2026-04-11 18:23:21 | INFO | [Round 9] Epoch 19/80 time=00:01.05 avg=00:01.05 ETA=01:04.03 | GPU MB alloc/reserved=278.3/1932.0
2026-04-11 18:23:22 | INFO | [Round 9] epoch=20/80 loss=1.5537 acc=57.79 val_acc=nan data_t=0.0042s batch_t=0.0917s epoch_t=00:01.06 lr=0.000855 | GPU MB alloc/reserved=278.3/1932.0
2026-04-11 18:23:22 | INFO | [Round 9] Epoch 20/80 time=00:01.06 avg=00:01.05 ETA=01:03.00 | GPU MB alloc/reserved=278.3/1932.0
2026-04-11 18:23:23 | INFO | [Round 9] epoch=21/80 loss=1.4551 acc=60.43 val_acc=nan data_t=0.0035s batch_t=0.0930s epoch_t=00:01.06 lr=0.000841 | GPU MB alloc/reserved=278.3/1932.0
2026-04-11 18:23:23 | INFO | [Round 9] Epoch 21/80 time=00:01.06 avg=00:01.05 ETA=01:01.98 | GPU MB alloc/reserved=278.3/1932.0
2026-04-11 18:23:24 | INFO | [Round 9] epoch=22/80 loss=1.2658 acc=66.71 val_acc=nan data_t=0.0039s batch_t=0.0917s epoch_t=00:01.05 lr=0.000826 | GPU MB alloc/reserved=278.3/1932.0
2026-04-11 18:23:24 | INFO | [Round 9] Epoch 22/80 time=00:01.05 avg=00:01.05 ETA=01:00.93 | GPU MB alloc/reserved=278.3/1932.0
2026-04-11 18:23:25 | INFO | [Round 9] epoch=23/80 loss=1.1863 acc=67.93 val_acc=nan data_t=0.0023s batch_t=0.0904s epoch_t=00:01.02 lr=0.000811 | GPU MB alloc/reserved=278.3/1932.0
2026-04-11 18:23:25 | INFO | [Round 9] Epoch 23/80 time=00:01.02 avg=00:01.05 ETA=00:59.80 | GPU MB alloc/reserved=278.3/1932.0
2026-04-11 18:23:26 | INFO | [Round 9] epoch=24/80 loss=1.0452 acc=73.07 val_acc=nan data_t=0.0039s batch_t=0.0923s epoch_t=00:01.06 lr=0.000796 | GPU MB alloc/reserved=278.3/1932.0
2026-04-11 18:23:26 | INFO | [Round 9] Epoch 24/80 time=00:01.06 avg=00:01.05 ETA=00:58.78 | GPU MB alloc/reserved=278.3/1932.0
2026-04-11 18:23:27 | INFO | [Round 9] epoch=25/80 loss=0.9690 acc=75.50 val_acc=nan data_t=0.0024s batch_t=0.0921s epoch_t=00:01.04 lr=0.000780 | GPU MB alloc/reserved=278.3/1932.0
2026-04-11 18:23:27 | INFO | [Round 9] Epoch 25/80 time=00:01.04 avg=00:01.05 ETA=00:57.70 | GPU MB alloc/reserved=278.3/1932.0
2026-04-11 18:23:28 | INFO | [Round 9] epoch=26/80 loss=0.8537 acc=78.43 val_acc=nan data_t=0.0025s batch_t=0.0899s epoch_t=00:01.02 lr=0.000764 | GPU MB alloc/reserved=278.3/1932.0
2026-04-11 18:23:28 | INFO | [Round 9] Epoch 26/80 time=00:01.02 avg=00:01.05 ETA=00:56.59 | GPU MB alloc/reserved=278.3/1932.0
2026-04-11 18:23:29 | INFO | [Round 9] epoch=27/80 loss=0.7250 acc=82.93 val_acc=nan data_t=0.0025s batch_t=0.0904s epoch_t=00:01.02 lr=0.000747 | GPU MB alloc/reserved=278.3/1932.0
2026-04-11 18:23:29 | INFO | [Round 9] Epoch 27/80 time=00:01.02 avg=00:01.05 ETA=00:55.49 | GPU MB alloc/reserved=278.3/1932.0
2026-04-11 18:23:30 | INFO | [Round 9] epoch=28/80 loss=0.6150 acc=85.29 val_acc=nan data_t=0.0043s batch_t=0.0903s epoch_t=00:01.04 lr=0.000730 | GPU MB alloc/reserved=278.3/1932.0
2026-04-11 18:23:30 | INFO | [Round 9] Epoch 28/80 time=00:01.04 avg=00:01.05 ETA=00:54.43 | GPU MB alloc/reserved=278.3/1932.0
2026-04-11 18:23:31 | INFO | [Round 9] epoch=29/80 loss=0.5207 acc=89.71 val_acc=nan data_t=0.0040s batch_t=0.0915s epoch_t=00:01.05 lr=0.000712 | GPU MB alloc/reserved=278.3/1932.0
2026-04-11 18:23:31 | INFO | [Round 9] Epoch 29/80 time=00:01.05 avg=00:01.05 ETA=00:53.39 | GPU MB alloc/reserved=278.3/1932.0
2026-04-11 18:23:32 | INFO | [Round 9] epoch=30/80 loss=0.4443 acc=91.14 val_acc=nan data_t=0.0025s batch_t=0.0917s epoch_t=00:01.04 lr=0.000694 | GPU MB alloc/reserved=278.3/1932.0
2026-04-11 18:23:32 | INFO | [Round 9] Epoch 30/80 time=00:01.04 avg=00:01.05 ETA=00:52.33 | GPU MB alloc/reserved=278.3/1932.0
2026-04-11 18:23:33 | INFO | [Round 9] epoch=31/80 loss=0.4020 acc=91.64 val_acc=nan data_t=0.0024s batch_t=0.0923s epoch_t=00:01.04 lr=0.000676 | GPU MB alloc/reserved=278.3/1932.0
2026-04-11 18:23:33 | INFO | [Round 9] Epoch 31/80 time=00:01.04 avg=00:01.05 ETA=00:51.27 | GPU MB alloc/reserved=278.3/1932.0
2026-04-11 18:23:35 | INFO | [Round 9] epoch=32/80 loss=0.3281 acc=93.79 val_acc=nan data_t=0.0047s batch_t=0.0911s epoch_t=00:01.05 lr=0.000658 | GPU MB alloc/reserved=278.3/1932.0
2026-04-11 18:23:35 | INFO | [Round 9] Epoch 32/80 time=00:01.05 avg=00:01.05 ETA=00:50.24 | GPU MB alloc/reserved=278.3/1932.0
2026-04-11 18:23:36 | INFO | [Round 9] epoch=33/80 loss=0.2927 acc=94.07 val_acc=nan data_t=0.0050s batch_t=0.0919s epoch_t=00:01.07 lr=0.000639 | GPU MB alloc/reserved=278.3/1932.0
2026-04-11 18:23:36 | INFO | [Round 9] Epoch 33/80 time=00:01.07 avg=00:01.05 ETA=00:49.22 | GPU MB alloc/reserved=278.3/1932.0
2026-04-11 18:23:37 | INFO | [Round 9] epoch=34/80 loss=0.2512 acc=96.29 val_acc=nan data_t=0.0037s batch_t=0.0897s epoch_t=00:01.03 lr=0.000621 | GPU MB alloc/reserved=278.3/1932.0
2026-04-11 18:23:37 | INFO | [Round 9] Epoch 34/80 time=00:01.03 avg=00:01.05 ETA=00:48.15 | GPU MB alloc/reserved=278.3/1932.0
2026-04-11 18:23:38 | INFO | [Round 9] epoch=35/80 loss=0.2307 acc=95.93 val_acc=nan data_t=0.0051s batch_t=0.0769s epoch_t=00:00.90 lr=0.000602 | GPU MB alloc/reserved=278.3/1932.0
2026-04-11 18:23:38 | INFO | [Round 9] Epoch 35/80 time=00:00.90 avg=00:01.04 ETA=00:46.91 | GPU MB alloc/reserved=278.3/1932.0
2026-04-11 18:23:39 | INFO | [Round 9] epoch=36/80 loss=0.1809 acc=97.86 val_acc=nan data_t=0.0025s batch_t=0.0885s epoch_t=00:01.00 lr=0.000582 | GPU MB alloc/reserved=278.3/1932.0
2026-04-11 18:23:39 | INFO | [Round 9] Epoch 36/80 time=00:01.00 avg=00:01.04 ETA=00:45.82 | GPU MB alloc/reserved=278.3/1932.0
2026-04-11 18:23:40 | INFO | [Round 9] epoch=37/80 loss=0.1508 acc=98.93 val_acc=nan data_t=0.0035s batch_t=0.1011s epoch_t=00:01.15 lr=0.000563 | GPU MB alloc/reserved=278.3/1932.0
2026-04-11 18:23:40 | INFO | [Round 9] Epoch 37/80 time=00:01.15 avg=00:01.04 ETA=00:44.91 | GPU MB alloc/reserved=278.3/1932.0
2026-04-11 18:23:41 | INFO | [Round 9] epoch=38/80 loss=0.1322 acc=98.86 val_acc=nan data_t=0.0024s batch_t=0.0991s epoch_t=00:01.12 lr=0.000544 | GPU MB alloc/reserved=278.3/1932.0
2026-04-11 18:23:41 | INFO | [Round 9] Epoch 38/80 time=00:01.12 avg=00:01.05 ETA=00:43.94 | GPU MB alloc/reserved=278.3/1932.0
2026-04-11 18:23:42 | INFO | [Round 9] epoch=39/80 loss=0.1065 acc=98.93 val_acc=nan data_t=0.0026s batch_t=0.1022s epoch_t=00:01.15 lr=0.000524 | GPU MB alloc/reserved=278.3/1932.0
2026-04-11 18:23:42 | INFO | [Round 9] Epoch 39/80 time=00:01.15 avg=00:01.05 ETA=00:43.01 | GPU MB alloc/reserved=278.3/1932.0
2026-04-11 18:23:43 | INFO | [Round 9] epoch=40/80 loss=0.0941 acc=99.14 val_acc=nan data_t=0.0024s batch_t=0.1025s epoch_t=00:01.15 lr=0.000505 | GPU MB alloc/reserved=278.3/1932.0
2026-04-11 18:23:43 | INFO | [Round 9] Epoch 40/80 time=00:01.15 avg=00:01.05 ETA=00:42.06 | GPU MB alloc/reserved=278.3/1932.0
2026-04-11 18:23:44 | INFO | [Round 9] epoch=41/80 loss=0.0854 acc=99.43 val_acc=nan data_t=0.0040s batch_t=0.1012s epoch_t=00:01.16 lr=0.000486 | GPU MB alloc/reserved=278.3/1932.0
2026-04-11 18:23:44 | INFO | [Round 9] Epoch 41/80 time=00:01.16 avg=00:01.05 ETA=00:41.11 | GPU MB alloc/reserved=278.3/1932.0
2026-04-11 18:23:45 | INFO | [Round 9] epoch=42/80 loss=0.0826 acc=99.50 val_acc=nan data_t=0.0036s batch_t=0.1013s epoch_t=00:01.15 lr=0.000466 | GPU MB alloc/reserved=278.3/1932.0
2026-04-11 18:23:45 | INFO | [Round 9] Epoch 42/80 time=00:01.15 avg=00:01.06 ETA=00:40.15 | GPU MB alloc/reserved=278.3/1932.0
2026-04-11 18:23:47 | INFO | [Round 9] epoch=43/80 loss=0.0716 acc=99.43 val_acc=nan data_t=0.0034s batch_t=0.0961s epoch_t=00:01.09 lr=0.000447 | GPU MB alloc/reserved=278.3/1932.0
2026-04-11 18:23:47 | INFO | [Round 9] Epoch 43/80 time=00:01.09 avg=00:01.06 ETA=00:39.13 | GPU MB alloc/reserved=278.3/1932.0
2026-04-11 18:23:47 | INFO | [Round 9] epoch=44/80 loss=0.0604 acc=99.71 val_acc=nan data_t=0.0026s batch_t=0.0616s epoch_t=00:00.71 lr=0.000428 | GPU MB alloc/reserved=278.3/1932.0
2026-04-11 18:23:47 | INFO | [Round 9] Epoch 44/80 time=00:00.71 avg=00:01.05 ETA=00:37.78 | GPU MB alloc/reserved=278.3/1932.0
2026-04-11 18:23:48 | INFO | [Round 9] epoch=45/80 loss=0.0585 acc=99.43 val_acc=nan data_t=0.0048s batch_t=0.0822s epoch_t=00:00.96 lr=0.000408 | GPU MB alloc/reserved=278.3/1932.0
2026-04-11 18:23:48 | INFO | [Round 9] Epoch 45/80 time=00:00.96 avg=00:01.05 ETA=00:36.66 | GPU MB alloc/reserved=278.3/1932.0
2026-04-11 18:23:49 | INFO | [Round 9] epoch=46/80 loss=0.0524 acc=99.57 val_acc=nan data_t=0.0040s batch_t=0.1024s epoch_t=00:01.17 lr=0.000389 | GPU MB alloc/reserved=278.3/1932.0
2026-04-11 18:23:49 | INFO | [Round 9] Epoch 46/80 time=00:01.17 avg=00:01.05 ETA=00:35.70 | GPU MB alloc/reserved=278.3/1932.0
2026-04-11 18:23:51 | INFO | [Round 9] epoch=47/80 loss=0.0446 acc=99.79 val_acc=nan data_t=0.0029s batch_t=0.1039s epoch_t=00:01.18 lr=0.000371 | GPU MB alloc/reserved=278.3/1932.0
2026-04-11 18:23:51 | INFO | [Round 9] Epoch 47/80 time=00:01.18 avg=00:01.05 ETA=00:34.74 | GPU MB alloc/reserved=278.3/1932.0
2026-04-11 18:23:52 | INFO | [Round 9] epoch=48/80 loss=0.0401 acc=99.79 val_acc=nan data_t=0.0026s batch_t=0.0866s epoch_t=00:00.98 lr=0.000352 | GPU MB alloc/reserved=278.3/1932.0
2026-04-11 18:23:52 | INFO | [Round 9] Epoch 48/80 time=00:00.98 avg=00:01.05 ETA=00:33.64 | GPU MB alloc/reserved=278.3/1932.0
2026-04-11 18:23:52 | INFO | [Round 9] epoch=49/80 loss=0.0397 acc=99.64 val_acc=nan data_t=0.0036s batch_t=0.0656s epoch_t=00:00.76 lr=0.000334 | GPU MB alloc/reserved=278.3/1932.0
2026-04-11 18:23:52 | INFO | [Round 9] Epoch 49/80 time=00:00.76 avg=00:01.05 ETA=00:32.41 | GPU MB alloc/reserved=278.3/1932.0
2026-04-11 18:23:53 | INFO | [Round 9] epoch=50/80 loss=0.0421 acc=99.79 val_acc=nan data_t=0.0037s batch_t=0.0690s epoch_t=00:00.80 lr=0.000316 | GPU MB alloc/reserved=278.3/1932.0
2026-04-11 18:23:53 | INFO | [Round 9] Epoch 50/80 time=00:00.80 avg=00:01.04 ETA=00:31.21 | GPU MB alloc/reserved=278.3/1932.0
2026-04-11 18:23:54 | INFO | [Round 9] epoch=51/80 loss=0.0325 acc=99.86 val_acc=nan data_t=0.0039s batch_t=0.0890s epoch_t=00:01.02 lr=0.000298 | GPU MB alloc/reserved=278.3/1932.0
2026-04-11 18:23:54 | INFO | [Round 9] Epoch 51/80 time=00:01.02 avg=00:01.04 ETA=00:30.16 | GPU MB alloc/reserved=278.3/1932.0
2026-04-11 18:23:55 | INFO | [Round 9] epoch=52/80 loss=0.0319 acc=99.93 val_acc=nan data_t=0.0024s batch_t=0.0917s epoch_t=00:01.04 lr=0.000280 | GPU MB alloc/reserved=278.3/1932.0
2026-04-11 18:23:55 | INFO | [Round 9] Epoch 52/80 time=00:01.04 avg=00:01.04 ETA=00:29.12 | GPU MB alloc/reserved=278.3/1932.0
2026-04-11 18:23:56 | INFO | [Round 9] epoch=53/80 loss=0.0344 acc=99.71 val_acc=nan data_t=0.0040s batch_t=0.0929s epoch_t=00:01.07 lr=0.000263 | GPU MB alloc/reserved=278.3/1932.0
2026-04-11 18:23:56 | INFO | [Round 9] Epoch 53/80 time=00:01.07 avg=00:01.04 ETA=00:28.09 | GPU MB alloc/reserved=278.3/1932.0
2026-04-11 18:23:57 | INFO | [Round 9] epoch=54/80 loss=0.0271 acc=100.00 val_acc=nan data_t=0.0041s batch_t=0.0921s epoch_t=00:01.06 lr=0.000246 | GPU MB alloc/reserved=278.3/1932.0
2026-04-11 18:23:57 | INFO | [Round 9] Epoch 54/80 time=00:01.06 avg=00:01.04 ETA=00:27.06 | GPU MB alloc/reserved=278.3/1932.0
2026-04-11 18:23:58 | INFO | [Round 9] epoch=55/80 loss=0.0243 acc=99.93 val_acc=nan data_t=0.0035s batch_t=0.0905s epoch_t=00:01.03 lr=0.000230 | GPU MB alloc/reserved=278.3/1932.0
2026-04-11 18:23:58 | INFO | [Round 9] Epoch 55/80 time=00:01.03 avg=00:01.04 ETA=00:26.02 | GPU MB alloc/reserved=278.3/1932.0
2026-04-11 18:23:59 | INFO | [Round 9] epoch=56/80 loss=0.0222 acc=100.00 val_acc=nan data_t=0.0026s batch_t=0.0933s epoch_t=00:01.06 lr=0.000214 | GPU MB alloc/reserved=278.3/1932.0
2026-04-11 18:23:59 | INFO | [Round 9] Epoch 56/80 time=00:01.06 avg=00:01.04 ETA=00:24.98 | GPU MB alloc/reserved=278.3/1932.0
2026-04-11 18:24:00 | INFO | [Round 9] epoch=57/80 loss=0.0257 acc=99.93 val_acc=nan data_t=0.0036s batch_t=0.0919s epoch_t=00:01.05 lr=0.000199 | GPU MB alloc/reserved=278.3/1932.0
2026-04-11 18:24:00 | INFO | [Round 9] Epoch 57/80 time=00:01.05 avg=00:01.04 ETA=00:23.95 | GPU MB alloc/reserved=278.3/1932.0
2026-04-11 18:24:01 | INFO | [Round 9] epoch=58/80 loss=0.0222 acc=99.93 val_acc=nan data_t=0.0033s batch_t=0.0912s epoch_t=00:01.04 lr=0.000184 | GPU MB alloc/reserved=278.3/1932.0
2026-04-11 18:24:01 | INFO | [Round 9] Epoch 58/80 time=00:01.04 avg=00:01.04 ETA=00:22.90 | GPU MB alloc/reserved=278.3/1932.0
2026-04-11 18:24:03 | INFO | [Round 9] epoch=59/80 loss=0.0215 acc=100.00 val_acc=nan data_t=0.0038s batch_t=0.0925s epoch_t=00:01.06 lr=0.000169 | GPU MB alloc/reserved=278.3/1932.0
2026-04-11 18:24:03 | INFO | [Round 9] Epoch 59/80 time=00:01.06 avg=00:01.04 ETA=00:21.87 | GPU MB alloc/reserved=278.3/1932.0
2026-04-11 18:24:04 | INFO | [Round 9] epoch=60/80 loss=0.0195 acc=100.00 val_acc=nan data_t=0.0037s batch_t=0.0925s epoch_t=00:01.06 lr=0.000155 | GPU MB alloc/reserved=278.3/1932.0
2026-04-11 18:24:04 | INFO | [Round 9] Epoch 60/80 time=00:01.06 avg=00:01.04 ETA=00:20.83 | GPU MB alloc/reserved=278.3/1932.0
2026-04-11 18:24:05 | INFO | [Round 9] epoch=61/80 loss=0.0202 acc=100.00 val_acc=nan data_t=0.0035s batch_t=0.0925s epoch_t=00:01.06 lr=0.000142 | GPU MB alloc/reserved=278.3/1932.0
2026-04-11 18:24:05 | INFO | [Round 9] Epoch 61/80 time=00:01.06 avg=00:01.04 ETA=00:19.80 | GPU MB alloc/reserved=278.3/1932.0
2026-04-11 18:24:06 | INFO | [Round 9] epoch=62/80 loss=0.0198 acc=100.00 val_acc=nan data_t=0.0023s batch_t=0.0939s epoch_t=00:01.06 lr=0.000129 | GPU MB alloc/reserved=278.3/1932.0
2026-04-11 18:24:06 | INFO | [Round 9] Epoch 62/80 time=00:01.06 avg=00:01.04 ETA=00:18.76 | GPU MB alloc/reserved=278.3/1932.0
2026-04-11 18:24:07 | INFO | [Round 9] epoch=63/80 loss=0.0209 acc=100.00 val_acc=nan data_t=0.0036s batch_t=0.0922s epoch_t=00:01.05 lr=0.000116 | GPU MB alloc/reserved=278.3/1932.0
2026-04-11 18:24:07 | INFO | [Round 9] Epoch 63/80 time=00:01.05 avg=00:01.04 ETA=00:17.72 | GPU MB alloc/reserved=278.3/1932.0
2026-04-11 18:24:08 | INFO | [Round 9] epoch=64/80 loss=0.0180 acc=100.00 val_acc=nan data_t=0.0043s batch_t=0.0736s epoch_t=00:00.86 lr=0.000105 | GPU MB alloc/reserved=278.3/1932.0
2026-04-11 18:24:08 | INFO | [Round 9] Epoch 64/80 time=00:00.86 avg=00:01.04 ETA=00:16.63 | GPU MB alloc/reserved=278.3/1932.0
2026-04-11 18:24:09 | INFO | [Round 9] epoch=65/80 loss=0.0174 acc=100.00 val_acc=nan data_t=0.0058s batch_t=0.1012s epoch_t=00:01.18 lr=0.000093 | GPU MB alloc/reserved=278.3/1932.0
2026-04-11 18:24:09 | INFO | [Round 9] Epoch 65/80 time=00:01.18 avg=00:01.04 ETA=00:15.62 | GPU MB alloc/reserved=278.3/1932.0
2026-04-11 18:24:10 | INFO | [Round 9] epoch=66/80 loss=0.0176 acc=100.00 val_acc=nan data_t=0.0030s batch_t=0.0998s epoch_t=00:01.13 lr=0.000083 | GPU MB alloc/reserved=278.3/1932.0
2026-04-11 18:24:10 | INFO | [Round 9] Epoch 66/80 time=00:01.13 avg=00:01.04 ETA=00:14.60 | GPU MB alloc/reserved=278.3/1932.0
2026-04-11 18:24:11 | INFO | [Round 9] epoch=67/80 loss=0.0184 acc=100.00 val_acc=nan data_t=0.0035s batch_t=0.1028s epoch_t=00:01.17 lr=0.000073 | GPU MB alloc/reserved=278.3/1932.0
2026-04-11 18:24:11 | INFO | [Round 9] Epoch 67/80 time=00:01.17 avg=00:01.04 ETA=00:13.58 | GPU MB alloc/reserved=278.3/1932.0
2026-04-11 18:24:12 | INFO | [Round 9] epoch=68/80 loss=0.0188 acc=100.00 val_acc=nan data_t=0.0036s batch_t=0.1015s epoch_t=00:01.16 lr=0.000064 | GPU MB alloc/reserved=278.3/1932.0
2026-04-11 18:24:12 | INFO | [Round 9] Epoch 68/80 time=00:01.16 avg=00:01.05 ETA=00:12.56 | GPU MB alloc/reserved=278.3/1932.0
2026-04-11 18:24:13 | INFO | [Round 9] epoch=69/80 loss=0.0175 acc=100.00 val_acc=nan data_t=0.0038s batch_t=0.1030s epoch_t=00:01.17 lr=0.000055 | GPU MB alloc/reserved=278.3/1932.0
2026-04-11 18:24:13 | INFO | [Round 9] Epoch 69/80 time=00:01.17 avg=00:01.05 ETA=00:11.53 | GPU MB alloc/reserved=278.3/1932.0
2026-04-11 18:24:15 | INFO | [Round 9] epoch=70/80 loss=0.0171 acc=100.00 val_acc=nan data_t=0.0034s batch_t=0.1022s epoch_t=00:01.16 lr=0.000048 | GPU MB alloc/reserved=278.3/1932.0
2026-04-11 18:24:15 | INFO | [Round 9] Epoch 70/80 time=00:01.16 avg=00:01.05 ETA=00:10.50 | GPU MB alloc/reserved=278.3/1932.0
2026-04-11 18:24:16 | INFO | [Round 9] epoch=71/80 loss=0.0166 acc=100.00 val_acc=nan data_t=0.0024s batch_t=0.1030s epoch_t=00:01.16 lr=0.000041 | GPU MB alloc/reserved=278.3/1932.0
2026-04-11 18:24:16 | INFO | [Round 9] Epoch 71/80 time=00:01.16 avg=00:01.05 ETA=00:09.46 | GPU MB alloc/reserved=278.3/1932.0
2026-04-11 18:24:17 | INFO | [Round 9] epoch=72/80 loss=0.0145 acc=100.00 val_acc=nan data_t=0.0040s batch_t=0.0678s epoch_t=00:00.79 lr=0.000034 | GPU MB alloc/reserved=278.3/1932.0
2026-04-11 18:24:17 | INFO | [Round 9] Epoch 72/80 time=00:00.79 avg=00:01.05 ETA=00:08.38 | GPU MB alloc/reserved=278.3/1932.0
2026-04-11 18:24:17 | INFO | [Round 9] epoch=73/80 loss=0.0162 acc=100.00 val_acc=nan data_t=0.0032s batch_t=0.0759s epoch_t=00:00.87 lr=0.000029 | GPU MB alloc/reserved=278.3/1932.0
2026-04-11 18:24:17 | INFO | [Round 9] Epoch 73/80 time=00:00.87 avg=00:01.05 ETA=00:07.32 | GPU MB alloc/reserved=278.3/1932.0
2026-04-11 18:24:19 | INFO | [Round 9] epoch=74/80 loss=0.0171 acc=100.00 val_acc=nan data_t=0.0024s batch_t=0.1046s epoch_t=00:01.18 lr=0.000024 | GPU MB alloc/reserved=278.3/1932.0
2026-04-11 18:24:19 | INFO | [Round 9] Epoch 74/80 time=00:01.18 avg=00:01.05 ETA=00:06.28 | GPU MB alloc/reserved=278.3/1932.0
2026-04-11 18:24:20 | INFO | [Round 9] epoch=75/80 loss=0.0150 acc=100.00 val_acc=nan data_t=0.0037s batch_t=0.1033s epoch_t=00:01.18 lr=0.000020 | GPU MB alloc/reserved=278.3/1932.0
2026-04-11 18:24:20 | INFO | [Round 9] Epoch 75/80 time=00:01.18 avg=00:01.05 ETA=00:05.24 | GPU MB alloc/reserved=278.3/1932.0
2026-04-11 18:24:21 | INFO | [Round 9] epoch=76/80 loss=0.0142 acc=100.00 val_acc=nan data_t=0.0058s batch_t=0.0901s epoch_t=00:01.05 lr=0.000016 | GPU MB alloc/reserved=278.3/1932.0
2026-04-11 18:24:21 | INFO | [Round 9] Epoch 76/80 time=00:01.05 avg=00:01.05 ETA=00:04.20 | GPU MB alloc/reserved=278.3/1932.0
2026-04-11 18:24:22 | INFO | [Round 9] epoch=77/80 loss=0.0164 acc=100.00 val_acc=nan data_t=0.0037s batch_t=0.0641s epoch_t=00:00.75 lr=0.000013 | GPU MB alloc/reserved=278.3/1932.0
2026-04-11 18:24:22 | INFO | [Round 9] Epoch 77/80 time=00:00.75 avg=00:01.05 ETA=00:03.14 | GPU MB alloc/reserved=278.3/1932.0
2026-04-11 18:24:22 | INFO | [Round 9] epoch=78/80 loss=0.0159 acc=100.00 val_acc=nan data_t=0.0024s batch_t=0.0665s epoch_t=00:00.76 lr=0.000012 | GPU MB alloc/reserved=278.3/1932.0
2026-04-11 18:24:22 | INFO | [Round 9] Epoch 78/80 time=00:00.76 avg=00:01.04 ETA=00:02.08 | GPU MB alloc/reserved=278.3/1932.0
2026-04-11 18:24:23 | INFO | [Round 9] epoch=79/80 loss=0.0148 acc=100.00 val_acc=nan data_t=0.0037s batch_t=0.0923s epoch_t=00:01.06 lr=0.000010 | GPU MB alloc/reserved=278.3/1932.0
2026-04-11 18:24:23 | INFO | [Round 9] Epoch 79/80 time=00:01.06 avg=00:01.04 ETA=00:01.04 | GPU MB alloc/reserved=278.3/1932.0
2026-04-11 18:24:24 | INFO | [Round 9] epoch=80/80 loss=0.0169 acc=100.00 val_acc=nan data_t=0.0035s batch_t=0.0929s epoch_t=00:01.06 lr=0.000010 | GPU MB alloc/reserved=278.3/1932.0
2026-04-11 18:24:24 | INFO | [Round 9] Epoch 80/80 time=00:01.06 avg=00:01.04 ETA=00:00.00 | GPU MB alloc/reserved=278.3/1932.0
2026-04-11 18:24:25 | INFO | [Round 9] training complete in 01:23.66 (best monitor=100.000) | GPU MB alloc/reserved=278.3/1932.0
2026-04-11 18:24:25 | INFO | [Round 9] evaluation started | GPU MB alloc/reserved=191.7/1932.0
2026-04-11 18:24:34 | INFO | [Round 9] clean=16.06 fgsm=12.13 pgd=12.03 grad_disp_mean=nan grad_disp_sel=nan round_t=95.03s | GPU MB alloc/reserved=191.7/1932.0
2026-04-11 18:24:34 | INFO | [Round 10/21] elapsed=01:35.03 avg_round=01:08.68 projected_remaining=12:35.46 | GPU MB alloc/reserved=191.7/1932.0
2026-04-11 18:24:34 | INFO | [Round 10] acquisition on pool_size=48600 scored_pool=5000 budget=100 | GPU MB alloc/reserved=104.4/1932.0
2026-04-11 18:24:35 | INFO | [CoreSet-unlabeled-feat] scoring progress 10/20 elapsed=00:00.28 avg/batch=0.028s ETA=00:00.28 | GPU MB alloc/reserved=112.5/1932.0
2026-04-11 18:24:35 | INFO | [CoreSet-unlabeled-feat] scoring progress 20/20 elapsed=00:00.42 avg/batch=0.021s ETA=00:00.00 | GPU MB alloc/reserved=115.9/1932.0
2026-04-11 18:24:35 | INFO | [CoreSet-labeled-feat] scoring progress 6/6 elapsed=00:00.20 avg/batch=0.033s ETA=00:00.00 | GPU MB alloc/reserved=118.6/1932.0
2026-04-11 18:24:35 | INFO | [CoreSet] greedy 10/100 cover_radius=27.768322 | GPU: n/a
2026-04-11 18:24:35 | INFO | [CoreSet] greedy 20/100 cover_radius=27.447968 | GPU: n/a
2026-04-11 18:24:36 | INFO | [CoreSet] greedy 30/100 cover_radius=27.143942 | GPU: n/a
2026-04-11 18:24:36 | INFO | [CoreSet] greedy 40/100 cover_radius=26.911398 | GPU: n/a
2026-04-11 18:24:36 | INFO | [CoreSet] greedy 50/100 cover_radius=26.678324 | GPU: n/a
2026-04-11 18:24:36 | INFO | [CoreSet] greedy 60/100 cover_radius=26.560719 | GPU: n/a
2026-04-11 18:24:36 | INFO | [CoreSet] greedy 70/100 cover_radius=26.468176 | GPU: n/a
2026-04-11 18:24:36 | INFO | [CoreSet] greedy 80/100 cover_radius=26.359812 | GPU: n/a
2026-04-11 18:24:36 | INFO | [CoreSet] greedy 90/100 cover_radius=26.301849 | GPU: n/a
2026-04-11 18:24:36 | INFO | [CoreSet] greedy 100/100 cover_radius=26.239510 | GPU: n/a
2026-04-11 18:24:37 | INFO | [Round 10] labeled=1500 train=1500 val_fixed=0 | GPU MB alloc/reserved=149.8/1932.0
2026-04-11 18:24:38 | INFO | [Round 10] epoch=1/80 loss=4.6745 acc=2.40 val_acc=nan data_t=0.0159s batch_t=0.0954s epoch_t=00:01.34 lr=0.001000 | GPU MB alloc/reserved=282.7/1932.0
2026-04-11 18:24:38 | INFO | [Round 10] Epoch 1/80 time=00:01.34 avg=00:01.34 ETA=01:45.48 | GPU MB alloc/reserved=282.7/1932.0
2026-04-11 18:24:39 | INFO | [Round 10] epoch=2/80 loss=4.3378 acc=4.40 val_acc=nan data_t=0.0024s batch_t=0.0903s epoch_t=00:01.11 lr=0.000998 | GPU MB alloc/reserved=281.0/1932.0
2026-04-11 18:24:39 | INFO | [Round 10] Epoch 2/80 time=00:01.11 avg=00:01.22 ETA=01:35.49 | GPU MB alloc/reserved=281.0/1932.0
2026-04-11 18:24:40 | INFO | [Round 10] epoch=3/80 loss=4.0906 acc=5.80 val_acc=nan data_t=0.0034s batch_t=0.0910s epoch_t=00:01.13 lr=0.000997 | GPU MB alloc/reserved=281.0/1932.0
2026-04-11 18:24:40 | INFO | [Round 10] Epoch 3/80 time=00:01.13 avg=00:01.19 ETA=01:31.94 | GPU MB alloc/reserved=281.0/1932.0
2026-04-11 18:24:41 | INFO | [Round 10] epoch=4/80 loss=3.9110 acc=8.40 val_acc=nan data_t=0.0038s batch_t=0.0905s epoch_t=00:01.13 lr=0.000994 | GPU MB alloc/reserved=281.0/1932.0
2026-04-11 18:24:41 | INFO | [Round 10] Epoch 4/80 time=00:01.13 avg=00:01.18 ETA=01:29.58 | GPU MB alloc/reserved=281.0/1932.0
2026-04-11 18:24:43 | INFO | [Round 10] epoch=5/80 loss=3.7741 acc=10.53 val_acc=nan data_t=0.0023s batch_t=0.0915s epoch_t=00:01.13 lr=0.000990 | GPU MB alloc/reserved=281.0/1932.0
2026-04-11 18:24:43 | INFO | [Round 10] Epoch 5/80 time=00:01.13 avg=00:01.17 ETA=01:27.61 | GPU MB alloc/reserved=281.0/1932.0
2026-04-11 18:24:44 | INFO | [Round 10] epoch=6/80 loss=3.6236 acc=12.00 val_acc=nan data_t=0.0028s batch_t=0.0922s epoch_t=00:01.14 lr=0.000986 | GPU MB alloc/reserved=281.0/1932.0
2026-04-11 18:24:44 | INFO | [Round 10] Epoch 6/80 time=00:01.14 avg=00:01.16 ETA=01:26.10 | GPU MB alloc/reserved=281.0/1932.0
2026-04-11 18:24:45 | INFO | [Round 10] epoch=7/80 loss=3.5388 acc=15.00 val_acc=nan data_t=0.0024s batch_t=0.0897s epoch_t=00:01.11 lr=0.000981 | GPU MB alloc/reserved=281.0/1932.0
2026-04-11 18:24:45 | INFO | [Round 10] Epoch 7/80 time=00:01.11 avg=00:01.16 ETA=01:24.34 | GPU MB alloc/reserved=281.0/1932.0
2026-04-11 18:24:46 | INFO | [Round 10] epoch=8/80 loss=3.4084 acc=16.20 val_acc=nan data_t=0.0032s batch_t=0.0917s epoch_t=00:01.14 lr=0.000976 | GPU MB alloc/reserved=281.0/1932.0
2026-04-11 18:24:46 | INFO | [Round 10] Epoch 8/80 time=00:01.14 avg=00:01.15 ETA=01:23.04 | GPU MB alloc/reserved=281.0/1932.0
2026-04-11 18:24:47 | INFO | [Round 10] epoch=9/80 loss=3.2104 acc=20.13 val_acc=nan data_t=0.0033s batch_t=0.0906s epoch_t=00:01.13 lr=0.000969 | GPU MB alloc/reserved=281.0/1932.0
2026-04-11 18:24:47 | INFO | [Round 10] Epoch 9/80 time=00:01.13 avg=00:01.15 ETA=01:21.68 | GPU MB alloc/reserved=281.0/1932.0
2026-04-11 18:24:48 | INFO | [Round 10] epoch=10/80 loss=3.0862 acc=20.60 val_acc=nan data_t=0.0035s batch_t=0.0918s epoch_t=00:01.14 lr=0.000962 | GPU MB alloc/reserved=281.0/1932.0
2026-04-11 18:24:48 | INFO | [Round 10] Epoch 10/80 time=00:01.14 avg=00:01.15 ETA=01:20.49 | GPU MB alloc/reserved=281.0/1932.0
2026-04-11 18:24:49 | INFO | [Round 10] epoch=11/80 loss=2.9263 acc=24.47 val_acc=nan data_t=0.0034s batch_t=0.0913s epoch_t=00:01.14 lr=0.000955 | GPU MB alloc/reserved=281.0/1932.0
2026-04-11 18:24:49 | INFO | [Round 10] Epoch 11/80 time=00:01.14 avg=00:01.15 ETA=01:19.25 | GPU MB alloc/reserved=281.0/1932.0
2026-04-11 18:24:51 | INFO | [Round 10] epoch=12/80 loss=2.7774 acc=28.47 val_acc=nan data_t=0.0034s batch_t=0.0915s epoch_t=00:01.14 lr=0.000946 | GPU MB alloc/reserved=281.0/1932.0
2026-04-11 18:24:51 | INFO | [Round 10] Epoch 12/80 time=00:01.14 avg=00:01.15 ETA=01:18.05 | GPU MB alloc/reserved=281.0/1932.0
2026-04-11 18:24:52 | INFO | [Round 10] epoch=13/80 loss=2.6384 acc=31.13 val_acc=nan data_t=0.0022s batch_t=0.0916s epoch_t=00:01.13 lr=0.000937 | GPU MB alloc/reserved=281.0/1932.0
2026-04-11 18:24:52 | INFO | [Round 10] Epoch 13/80 time=00:01.13 avg=00:01.15 ETA=01:16.79 | GPU MB alloc/reserved=281.0/1932.0
2026-04-11 18:24:53 | INFO | [Round 10] epoch=14/80 loss=2.5333 acc=32.47 val_acc=nan data_t=0.0032s batch_t=0.0925s epoch_t=00:01.15 lr=0.000927 | GPU MB alloc/reserved=281.0/1932.0
2026-04-11 18:24:53 | INFO | [Round 10] Epoch 14/80 time=00:01.15 avg=00:01.15 ETA=01:15.66 | GPU MB alloc/reserved=281.0/1932.0
2026-04-11 18:24:54 | INFO | [Round 10] epoch=15/80 loss=2.4023 acc=34.73 val_acc=nan data_t=0.0033s batch_t=0.0912s epoch_t=00:01.13 lr=0.000917 | GPU MB alloc/reserved=281.0/1932.0
2026-04-11 18:24:54 | INFO | [Round 10] Epoch 15/80 time=00:01.13 avg=00:01.15 ETA=01:14.46 | GPU MB alloc/reserved=281.0/1932.0
2026-04-11 18:24:55 | INFO | [Round 10] epoch=16/80 loss=2.2148 acc=40.20 val_acc=nan data_t=0.0035s batch_t=0.0904s epoch_t=00:01.13 lr=0.000905 | GPU MB alloc/reserved=281.0/1932.0
2026-04-11 18:24:55 | INFO | [Round 10] Epoch 16/80 time=00:01.13 avg=00:01.14 ETA=01:13.25 | GPU MB alloc/reserved=281.0/1932.0
2026-04-11 18:24:56 | INFO | [Round 10] epoch=17/80 loss=2.0439 acc=44.53 val_acc=nan data_t=0.0036s batch_t=0.0919s epoch_t=00:01.15 lr=0.000894 | GPU MB alloc/reserved=281.0/1932.0
2026-04-11 18:24:56 | INFO | [Round 10] Epoch 17/80 time=00:01.15 avg=00:01.14 ETA=01:12.11 | GPU MB alloc/reserved=281.0/1932.0
2026-04-11 18:24:57 | INFO | [Round 10] epoch=18/80 loss=1.9355 acc=46.13 val_acc=nan data_t=0.0029s batch_t=0.0911s epoch_t=00:01.13 lr=0.000881 | GPU MB alloc/reserved=281.0/1932.0
2026-04-11 18:24:57 | INFO | [Round 10] Epoch 18/80 time=00:01.13 avg=00:01.14 ETA=01:10.91 | GPU MB alloc/reserved=281.0/1932.0
2026-04-11 18:24:59 | INFO | [Round 10] epoch=19/80 loss=1.8436 acc=47.60 val_acc=nan data_t=0.0022s batch_t=0.0901s epoch_t=00:01.11 lr=0.000868 | GPU MB alloc/reserved=281.0/1932.0
2026-04-11 18:24:59 | INFO | [Round 10] Epoch 19/80 time=00:01.11 avg=00:01.14 ETA=01:09.65 | GPU MB alloc/reserved=281.0/1932.0
2026-04-11 18:25:00 | INFO | [Round 10] epoch=20/80 loss=1.6933 acc=53.20 val_acc=nan data_t=0.0024s batch_t=0.0907s epoch_t=00:01.12 lr=0.000855 | GPU MB alloc/reserved=281.0/1932.0
2026-04-11 18:25:00 | INFO | [Round 10] Epoch 20/80 time=00:01.12 avg=00:01.14 ETA=01:08.44 | GPU MB alloc/reserved=281.0/1932.0
2026-04-11 18:25:01 | INFO | [Round 10] epoch=21/80 loss=1.5440 acc=57.33 val_acc=nan data_t=0.0022s batch_t=0.0885s epoch_t=00:01.09 lr=0.000841 | GPU MB alloc/reserved=281.0/1932.0
2026-04-11 18:25:01 | INFO | [Round 10] Epoch 21/80 time=00:01.09 avg=00:01.14 ETA=01:07.15 | GPU MB alloc/reserved=281.0/1932.0
2026-04-11 18:25:02 | INFO | [Round 10] epoch=22/80 loss=1.3338 acc=64.80 val_acc=nan data_t=0.0033s batch_t=0.0904s epoch_t=00:01.12 lr=0.000826 | GPU MB alloc/reserved=281.0/1932.0
2026-04-11 18:25:02 | INFO | [Round 10] Epoch 22/80 time=00:01.12 avg=00:01.14 ETA=01:05.98 | GPU MB alloc/reserved=281.0/1932.0
2026-04-11 18:25:03 | INFO | [Round 10] epoch=23/80 loss=1.1831 acc=68.73 val_acc=nan data_t=0.0026s batch_t=0.0914s epoch_t=00:01.13 lr=0.000811 | GPU MB alloc/reserved=281.0/1932.0
2026-04-11 18:25:03 | INFO | [Round 10] Epoch 23/80 time=00:01.13 avg=00:01.14 ETA=01:04.82 | GPU MB alloc/reserved=281.0/1932.0
2026-04-11 18:25:04 | INFO | [Round 10] epoch=24/80 loss=1.0653 acc=71.93 val_acc=nan data_t=0.0026s batch_t=0.0919s epoch_t=00:01.13 lr=0.000796 | GPU MB alloc/reserved=281.0/1932.0
2026-04-11 18:25:04 | INFO | [Round 10] Epoch 24/80 time=00:01.13 avg=00:01.14 ETA=01:03.67 | GPU MB alloc/reserved=281.0/1932.0
2026-04-11 18:25:05 | INFO | [Round 10] epoch=25/80 loss=0.9293 acc=76.87 val_acc=nan data_t=0.0028s batch_t=0.0900s epoch_t=00:01.11 lr=0.000780 | GPU MB alloc/reserved=281.0/1932.0
2026-04-11 18:25:05 | INFO | [Round 10] Epoch 25/80 time=00:01.11 avg=00:01.14 ETA=01:02.49 | GPU MB alloc/reserved=281.0/1932.0
2026-04-11 18:25:06 | INFO | [Round 10] epoch=26/80 loss=0.8817 acc=76.80 val_acc=nan data_t=0.0027s batch_t=0.0921s epoch_t=00:01.14 lr=0.000764 | GPU MB alloc/reserved=281.0/1932.0
2026-04-11 18:25:06 | INFO | [Round 10] Epoch 26/80 time=00:01.14 avg=00:01.14 ETA=01:01.36 | GPU MB alloc/reserved=281.0/1932.0
2026-04-11 18:25:08 | INFO | [Round 10] epoch=27/80 loss=0.7901 acc=79.60 val_acc=nan data_t=0.0027s batch_t=0.0917s epoch_t=00:01.13 lr=0.000747 | GPU MB alloc/reserved=281.0/1932.0
2026-04-11 18:25:08 | INFO | [Round 10] Epoch 27/80 time=00:01.13 avg=00:01.14 ETA=01:00.21 | GPU MB alloc/reserved=281.0/1932.0
2026-04-11 18:25:09 | INFO | [Round 10] epoch=28/80 loss=0.7398 acc=82.40 val_acc=nan data_t=0.0024s batch_t=0.0928s epoch_t=00:01.14 lr=0.000730 | GPU MB alloc/reserved=281.0/1932.0
2026-04-11 18:25:09 | INFO | [Round 10] Epoch 28/80 time=00:01.14 avg=00:01.14 ETA=00:59.09 | GPU MB alloc/reserved=281.0/1932.0
2026-04-11 18:25:10 | INFO | [Round 10] epoch=29/80 loss=0.6241 acc=84.53 val_acc=nan data_t=0.0032s batch_t=0.0917s epoch_t=00:01.14 lr=0.000712 | GPU MB alloc/reserved=281.0/1932.0
2026-04-11 18:25:10 | INFO | [Round 10] Epoch 29/80 time=00:01.14 avg=00:01.14 ETA=00:57.96 | GPU MB alloc/reserved=281.0/1932.0
2026-04-11 18:25:11 | INFO | [Round 10] epoch=30/80 loss=0.5563 acc=87.80 val_acc=nan data_t=0.0024s batch_t=0.0904s epoch_t=00:01.11 lr=0.000694 | GPU MB alloc/reserved=281.0/1932.0
2026-04-11 18:25:11 | INFO | [Round 10] Epoch 30/80 time=00:01.11 avg=00:01.14 ETA=00:56.78 | GPU MB alloc/reserved=281.0/1932.0
2026-04-11 18:25:12 | INFO | [Round 10] epoch=31/80 loss=0.4548 acc=90.27 val_acc=nan data_t=0.0022s batch_t=0.0897s epoch_t=00:01.10 lr=0.000676 | GPU MB alloc/reserved=281.0/1932.0
2026-04-11 18:25:12 | INFO | [Round 10] Epoch 31/80 time=00:01.10 avg=00:01.13 ETA=00:55.60 | GPU MB alloc/reserved=281.0/1932.0
2026-04-11 18:25:13 | INFO | [Round 10] epoch=32/80 loss=0.4046 acc=91.60 val_acc=nan data_t=0.0022s batch_t=0.0925s epoch_t=00:01.14 lr=0.000658 | GPU MB alloc/reserved=281.0/1932.0
2026-04-11 18:25:13 | INFO | [Round 10] Epoch 32/80 time=00:01.14 avg=00:01.13 ETA=00:54.47 | GPU MB alloc/reserved=281.0/1932.0
2026-04-11 18:25:14 | INFO | [Round 10] epoch=33/80 loss=0.3350 acc=93.67 val_acc=nan data_t=0.0022s batch_t=0.0915s epoch_t=00:01.13 lr=0.000639 | GPU MB alloc/reserved=281.0/1932.0
2026-04-11 18:25:14 | INFO | [Round 10] Epoch 33/80 time=00:01.13 avg=00:01.13 ETA=00:53.32 | GPU MB alloc/reserved=281.0/1932.0
2026-04-11 18:25:15 | INFO | [Round 10] epoch=34/80 loss=0.3112 acc=94.33 val_acc=nan data_t=0.0033s batch_t=0.0910s epoch_t=00:01.13 lr=0.000621 | GPU MB alloc/reserved=281.0/1932.0
2026-04-11 18:25:15 | INFO | [Round 10] Epoch 34/80 time=00:01.13 avg=00:01.13 ETA=00:52.18 | GPU MB alloc/reserved=281.0/1932.0
2026-04-11 18:25:16 | INFO | [Round 10] epoch=35/80 loss=0.2539 acc=95.47 val_acc=nan data_t=0.0033s batch_t=0.0785s epoch_t=00:00.98 lr=0.000602 | GPU MB alloc/reserved=281.0/1932.0
2026-04-11 18:25:16 | INFO | [Round 10] Epoch 35/80 time=00:00.98 avg=00:01.13 ETA=00:50.85 | GPU MB alloc/reserved=281.0/1932.0
2026-04-11 18:25:18 | INFO | [Round 10] epoch=36/80 loss=0.2210 acc=96.93 val_acc=nan data_t=0.0033s batch_t=0.0906s epoch_t=00:01.13 lr=0.000582 | GPU MB alloc/reserved=281.0/1932.0
2026-04-11 18:25:18 | INFO | [Round 10] Epoch 36/80 time=00:01.13 avg=00:01.13 ETA=00:49.72 | GPU MB alloc/reserved=281.0/1932.0
2026-04-11 18:25:19 | INFO | [Round 10] epoch=37/80 loss=0.1941 acc=97.40 val_acc=nan data_t=0.0026s batch_t=0.0990s epoch_t=00:01.22 lr=0.000563 | GPU MB alloc/reserved=281.0/1932.0
2026-04-11 18:25:19 | INFO | [Round 10] Epoch 37/80 time=00:01.22 avg=00:01.13 ETA=00:48.69 | GPU MB alloc/reserved=281.0/1932.0
2026-04-11 18:25:20 | INFO | [Round 10] epoch=38/80 loss=0.1653 acc=98.07 val_acc=nan data_t=0.0032s batch_t=0.0974s epoch_t=00:01.21 lr=0.000544 | GPU MB alloc/reserved=281.0/1932.0
2026-04-11 18:25:20 | INFO | [Round 10] Epoch 38/80 time=00:01.21 avg=00:01.13 ETA=00:47.64 | GPU MB alloc/reserved=281.0/1932.0
2026-04-11 18:25:21 | INFO | [Round 10] epoch=39/80 loss=0.1302 acc=98.33 val_acc=nan data_t=0.0024s batch_t=0.1026s epoch_t=00:01.26 lr=0.000524 | GPU MB alloc/reserved=281.0/1932.0
2026-04-11 18:25:21 | INFO | [Round 10] Epoch 39/80 time=00:01.26 avg=00:01.14 ETA=00:46.64 | GPU MB alloc/reserved=281.0/1932.0
2026-04-11 18:25:23 | INFO | [Round 10] epoch=40/80 loss=0.1011 acc=99.13 val_acc=nan data_t=0.0029s batch_t=0.1005s epoch_t=00:01.24 lr=0.000505 | GPU MB alloc/reserved=281.0/1932.0
2026-04-11 18:25:23 | INFO | [Round 10] Epoch 40/80 time=00:01.24 avg=00:01.14 ETA=00:45.61 | GPU MB alloc/reserved=281.0/1932.0
2026-04-11 18:25:24 | INFO | [Round 10] epoch=41/80 loss=0.0906 acc=99.13 val_acc=nan data_t=0.0030s batch_t=0.0997s epoch_t=00:01.23 lr=0.000486 | GPU MB alloc/reserved=281.0/1932.0
2026-04-11 18:25:24 | INFO | [Round 10] Epoch 41/80 time=00:01.23 avg=00:01.14 ETA=00:44.55 | GPU MB alloc/reserved=281.0/1932.0
2026-04-11 18:25:25 | INFO | [Round 10] epoch=42/80 loss=0.0838 acc=99.27 val_acc=nan data_t=0.0023s batch_t=0.1016s epoch_t=00:01.25 lr=0.000466 | GPU MB alloc/reserved=281.0/1932.0
2026-04-11 18:25:25 | INFO | [Round 10] Epoch 42/80 time=00:01.25 avg=00:01.14 ETA=00:43.51 | GPU MB alloc/reserved=281.0/1932.0
2026-04-11 18:25:26 | INFO | [Round 10] epoch=43/80 loss=0.0810 acc=99.33 val_acc=nan data_t=0.0022s batch_t=0.0691s epoch_t=00:00.86 lr=0.000447 | GPU MB alloc/reserved=281.0/1932.0
2026-04-11 18:25:26 | INFO | [Round 10] Epoch 43/80 time=00:00.86 avg=00:01.14 ETA=00:42.11 | GPU MB alloc/reserved=281.0/1932.0
2026-04-11 18:25:27 | INFO | [Round 10] epoch=44/80 loss=0.0741 acc=99.47 val_acc=nan data_t=0.0022s batch_t=0.0726s epoch_t=00:00.90 lr=0.000428 | GPU MB alloc/reserved=281.0/1932.0
2026-04-11 18:25:27 | INFO | [Round 10] Epoch 44/80 time=00:00.90 avg=00:01.13 ETA=00:40.78 | GPU MB alloc/reserved=281.0/1932.0
2026-04-11 18:25:28 | INFO | [Round 10] epoch=45/80 loss=0.0574 acc=99.67 val_acc=nan data_t=0.0026s batch_t=0.1027s epoch_t=00:01.26 lr=0.000408 | GPU MB alloc/reserved=281.0/1932.0
2026-04-11 18:25:28 | INFO | [Round 10] Epoch 45/80 time=00:01.26 avg=00:01.14 ETA=00:39.75 | GPU MB alloc/reserved=281.0/1932.0
2026-04-11 18:25:29 | INFO | [Round 10] epoch=46/80 loss=0.0457 acc=99.93 val_acc=nan data_t=0.0022s batch_t=0.1021s epoch_t=00:01.25 lr=0.000389 | GPU MB alloc/reserved=281.0/1932.0
2026-04-11 18:25:29 | INFO | [Round 10] Epoch 46/80 time=00:01.25 avg=00:01.14 ETA=00:38.70 | GPU MB alloc/reserved=281.0/1932.0
2026-04-11 18:25:30 | INFO | [Round 10] epoch=47/80 loss=0.0426 acc=99.80 val_acc=nan data_t=0.0032s batch_t=0.0838s epoch_t=00:01.04 lr=0.000371 | GPU MB alloc/reserved=281.0/1932.0
2026-04-11 18:25:30 | INFO | [Round 10] Epoch 47/80 time=00:01.04 avg=00:01.14 ETA=00:37.49 | GPU MB alloc/reserved=281.0/1932.0
2026-04-11 18:25:31 | INFO | [Round 10] epoch=48/80 loss=0.0465 acc=99.40 val_acc=nan data_t=0.0035s batch_t=0.0645s epoch_t=00:00.82 lr=0.000352 | GPU MB alloc/reserved=281.0/1932.0
2026-04-11 18:25:31 | INFO | [Round 10] Epoch 48/80 time=00:00.82 avg=00:01.13 ETA=00:36.14 | GPU MB alloc/reserved=281.0/1932.0
2026-04-11 18:25:32 | INFO | [Round 10] epoch=49/80 loss=0.0390 acc=99.67 val_acc=nan data_t=0.0021s batch_t=0.0694s epoch_t=00:00.86 lr=0.000334 | GPU MB alloc/reserved=281.0/1932.0
2026-04-11 18:25:32 | INFO | [Round 10] Epoch 49/80 time=00:00.86 avg=00:01.12 ETA=00:34.84 | GPU MB alloc/reserved=281.0/1932.0
2026-04-11 18:25:33 | INFO | [Round 10] epoch=50/80 loss=0.0397 acc=99.67 val_acc=nan data_t=0.0036s batch_t=0.0887s epoch_t=00:01.11 lr=0.000316 | GPU MB alloc/reserved=281.0/1932.0
2026-04-11 18:25:33 | INFO | [Round 10] Epoch 50/80 time=00:01.11 avg=00:01.12 ETA=00:33.71 | GPU MB alloc/reserved=281.0/1932.0
2026-04-11 18:25:34 | INFO | [Round 10] epoch=51/80 loss=0.0320 acc=99.87 val_acc=nan data_t=0.0033s batch_t=0.0903s epoch_t=00:01.12 lr=0.000298 | GPU MB alloc/reserved=281.0/1932.0
2026-04-11 18:25:34 | INFO | [Round 10] Epoch 51/80 time=00:01.12 avg=00:01.12 ETA=00:32.59 | GPU MB alloc/reserved=281.0/1932.0
2026-04-11 18:25:35 | INFO | [Round 10] epoch=52/80 loss=0.0271 acc=99.87 val_acc=nan data_t=0.0022s batch_t=0.0915s epoch_t=00:01.12 lr=0.000280 | GPU MB alloc/reserved=281.0/1932.0
2026-04-11 18:25:35 | INFO | [Round 10] Epoch 52/80 time=00:01.12 avg=00:01.12 ETA=00:31.46 | GPU MB alloc/reserved=281.0/1932.0
2026-04-11 18:25:37 | INFO | [Round 10] epoch=53/80 loss=0.0288 acc=99.93 val_acc=nan data_t=0.0039s batch_t=0.0914s epoch_t=00:01.14 lr=0.000263 | GPU MB alloc/reserved=281.0/1932.0
2026-04-11 18:25:37 | INFO | [Round 10] Epoch 53/80 time=00:01.14 avg=00:01.12 ETA=00:30.35 | GPU MB alloc/reserved=281.0/1932.0
2026-04-11 18:25:38 | INFO | [Round 10] epoch=54/80 loss=0.0283 acc=100.00 val_acc=nan data_t=0.0028s batch_t=0.0901s epoch_t=00:01.11 lr=0.000246 | GPU MB alloc/reserved=281.0/1932.0
2026-04-11 18:25:38 | INFO | [Round 10] Epoch 54/80 time=00:01.11 avg=00:01.12 ETA=00:29.22 | GPU MB alloc/reserved=281.0/1932.0
2026-04-11 18:25:39 | INFO | [Round 10] epoch=55/80 loss=0.0229 acc=100.00 val_acc=nan data_t=0.0037s batch_t=0.0918s epoch_t=00:01.15 lr=0.000230 | GPU MB alloc/reserved=281.0/1932.0
2026-04-11 18:25:39 | INFO | [Round 10] Epoch 55/80 time=00:01.15 avg=00:01.12 ETA=00:28.11 | GPU MB alloc/reserved=281.0/1932.0
2026-04-11 18:25:40 | INFO | [Round 10] epoch=56/80 loss=0.0221 acc=100.00 val_acc=nan data_t=0.0021s batch_t=0.0902s epoch_t=00:01.11 lr=0.000214 | GPU MB alloc/reserved=281.0/1932.0
2026-04-11 18:25:40 | INFO | [Round 10] Epoch 56/80 time=00:01.11 avg=00:01.12 ETA=00:26.98 | GPU MB alloc/reserved=281.0/1932.0
2026-04-11 18:25:41 | INFO | [Round 10] epoch=57/80 loss=0.0224 acc=100.00 val_acc=nan data_t=0.0036s batch_t=0.0901s epoch_t=00:01.12 lr=0.000199 | GPU MB alloc/reserved=281.0/1932.0
2026-04-11 18:25:41 | INFO | [Round 10] Epoch 57/80 time=00:01.12 avg=00:01.12 ETA=00:25.85 | GPU MB alloc/reserved=281.0/1932.0
2026-04-11 18:25:42 | INFO | [Round 10] epoch=58/80 loss=0.0229 acc=99.93 val_acc=nan data_t=0.0039s batch_t=0.0910s epoch_t=00:01.14 lr=0.000184 | GPU MB alloc/reserved=281.0/1932.0
2026-04-11 18:25:42 | INFO | [Round 10] Epoch 58/80 time=00:01.14 avg=00:01.12 ETA=00:24.73 | GPU MB alloc/reserved=281.0/1932.0
2026-04-11 18:25:43 | INFO | [Round 10] epoch=59/80 loss=0.0188 acc=100.00 val_acc=nan data_t=0.0033s batch_t=0.0904s epoch_t=00:01.12 lr=0.000169 | GPU MB alloc/reserved=281.0/1932.0
2026-04-11 18:25:43 | INFO | [Round 10] Epoch 59/80 time=00:01.12 avg=00:01.12 ETA=00:23.61 | GPU MB alloc/reserved=281.0/1932.0
2026-04-11 18:25:44 | INFO | [Round 10] epoch=60/80 loss=0.0187 acc=100.00 val_acc=nan data_t=0.0023s batch_t=0.0921s epoch_t=00:01.13 lr=0.000155 | GPU MB alloc/reserved=281.0/1932.0
2026-04-11 18:25:44 | INFO | [Round 10] Epoch 60/80 time=00:01.13 avg=00:01.12 ETA=00:22.49 | GPU MB alloc/reserved=281.0/1932.0
2026-04-11 18:25:46 | INFO | [Round 10] epoch=61/80 loss=0.0199 acc=99.93 val_acc=nan data_t=0.0022s batch_t=0.0928s epoch_t=00:01.14 lr=0.000142 | GPU MB alloc/reserved=281.0/1932.0
2026-04-11 18:25:46 | INFO | [Round 10] Epoch 61/80 time=00:01.14 avg=00:01.12 ETA=00:21.37 | GPU MB alloc/reserved=281.0/1932.0
2026-04-11 18:25:47 | INFO | [Round 10] epoch=62/80 loss=0.0189 acc=100.00 val_acc=nan data_t=0.0036s batch_t=0.0917s epoch_t=00:01.14 lr=0.000129 | GPU MB alloc/reserved=281.0/1932.0
2026-04-11 18:25:47 | INFO | [Round 10] Epoch 62/80 time=00:01.14 avg=00:01.13 ETA=00:20.25 | GPU MB alloc/reserved=281.0/1932.0
2026-04-11 18:25:48 | INFO | [Round 10] epoch=63/80 loss=0.0184 acc=100.00 val_acc=nan data_t=0.0024s batch_t=0.0914s epoch_t=00:01.13 lr=0.000116 | GPU MB alloc/reserved=281.0/1932.0
2026-04-11 18:25:48 | INFO | [Round 10] Epoch 63/80 time=00:01.13 avg=00:01.13 ETA=00:19.13 | GPU MB alloc/reserved=281.0/1932.0
2026-04-11 18:25:49 | INFO | [Round 10] epoch=64/80 loss=0.0171 acc=99.93 val_acc=nan data_t=0.0034s batch_t=0.0925s epoch_t=00:01.15 lr=0.000105 | GPU MB alloc/reserved=281.0/1932.0
2026-04-11 18:25:49 | INFO | [Round 10] Epoch 64/80 time=00:01.15 avg=00:01.13 ETA=00:18.01 | GPU MB alloc/reserved=281.0/1932.0
2026-04-11 18:25:50 | INFO | [Round 10] epoch=65/80 loss=0.0188 acc=100.00 val_acc=nan data_t=0.0035s batch_t=0.0909s epoch_t=00:01.13 lr=0.000093 | GPU MB alloc/reserved=281.0/1932.0
2026-04-11 18:25:50 | INFO | [Round 10] Epoch 65/80 time=00:01.13 avg=00:01.13 ETA=00:16.88 | GPU MB alloc/reserved=281.0/1932.0
2026-04-11 18:25:51 | INFO | [Round 10] epoch=66/80 loss=0.0163 acc=100.00 val_acc=nan data_t=0.0026s batch_t=0.0917s epoch_t=00:01.13 lr=0.000083 | GPU MB alloc/reserved=281.0/1932.0
2026-04-11 18:25:51 | INFO | [Round 10] Epoch 66/80 time=00:01.13 avg=00:01.13 ETA=00:15.76 | GPU MB alloc/reserved=281.0/1932.0
2026-04-11 18:25:52 | INFO | [Round 10] epoch=67/80 loss=0.0163 acc=100.00 val_acc=nan data_t=0.0033s batch_t=0.0919s epoch_t=00:01.14 lr=0.000073 | GPU MB alloc/reserved=281.0/1932.0
2026-04-11 18:25:52 | INFO | [Round 10] Epoch 67/80 time=00:01.14 avg=00:01.13 ETA=00:14.64 | GPU MB alloc/reserved=281.0/1932.0
2026-04-11 18:25:53 | INFO | [Round 10] epoch=68/80 loss=0.0158 acc=100.00 val_acc=nan data_t=0.0025s batch_t=0.0786s epoch_t=00:00.97 lr=0.000064 | GPU MB alloc/reserved=281.0/1932.0
2026-04-11 18:25:53 | INFO | [Round 10] Epoch 68/80 time=00:00.97 avg=00:01.12 ETA=00:13.48 | GPU MB alloc/reserved=281.0/1932.0
2026-04-11 18:25:55 | INFO | [Round 10] epoch=69/80 loss=0.0168 acc=100.00 val_acc=nan data_t=0.0049s batch_t=0.0999s epoch_t=00:01.26 lr=0.000055 | GPU MB alloc/reserved=281.0/1932.0
2026-04-11 18:25:55 | INFO | [Round 10] Epoch 69/80 time=00:01.26 avg=00:01.13 ETA=00:12.38 | GPU MB alloc/reserved=281.0/1932.0
2026-04-11 18:25:56 | INFO | [Round 10] epoch=70/80 loss=0.0165 acc=100.00 val_acc=nan data_t=0.0034s batch_t=0.0975s epoch_t=00:01.21 lr=0.000048 | GPU MB alloc/reserved=281.0/1932.0
2026-04-11 18:25:56 | INFO | [Round 10] Epoch 70/80 time=00:01.21 avg=00:01.13 ETA=00:11.27 | GPU MB alloc/reserved=281.0/1932.0
2026-04-11 18:25:57 | INFO | [Round 10] epoch=71/80 loss=0.0146 acc=100.00 val_acc=nan data_t=0.0034s batch_t=0.1014s epoch_t=00:01.26 lr=0.000041 | GPU MB alloc/reserved=281.0/1932.0
2026-04-11 18:25:57 | INFO | [Round 10] Epoch 71/80 time=00:01.26 avg=00:01.13 ETA=00:10.16 | GPU MB alloc/reserved=281.0/1932.0
2026-04-11 18:25:58 | INFO | [Round 10] epoch=72/80 loss=0.0147 acc=100.00 val_acc=nan data_t=0.0034s batch_t=0.0999s epoch_t=00:01.24 lr=0.000034 | GPU MB alloc/reserved=281.0/1932.0
2026-04-11 18:25:58 | INFO | [Round 10] Epoch 72/80 time=00:01.24 avg=00:01.13 ETA=00:09.04 | GPU MB alloc/reserved=281.0/1932.0
2026-04-11 18:26:00 | INFO | [Round 10] epoch=73/80 loss=0.0151 acc=100.00 val_acc=nan data_t=0.0039s batch_t=0.1001s epoch_t=00:01.25 lr=0.000029 | GPU MB alloc/reserved=281.0/1932.0
2026-04-11 18:26:00 | INFO | [Round 10] Epoch 73/80 time=00:01.25 avg=00:01.13 ETA=00:07.92 | GPU MB alloc/reserved=281.0/1932.0
2026-04-11 18:26:01 | INFO | [Round 10] epoch=74/80 loss=0.0170 acc=100.00 val_acc=nan data_t=0.0024s batch_t=0.0992s epoch_t=00:01.22 lr=0.000024 | GPU MB alloc/reserved=281.0/1932.0
2026-04-11 18:26:01 | INFO | [Round 10] Epoch 74/80 time=00:01.22 avg=00:01.13 ETA=00:06.80 | GPU MB alloc/reserved=281.0/1932.0
2026-04-11 18:26:02 | INFO | [Round 10] epoch=75/80 loss=0.0174 acc=100.00 val_acc=nan data_t=0.0037s batch_t=0.0802s epoch_t=00:01.01 lr=0.000020 | GPU MB alloc/reserved=281.0/1932.0
2026-04-11 18:26:02 | INFO | [Round 10] Epoch 75/80 time=00:01.01 avg=00:01.13 ETA=00:05.66 | GPU MB alloc/reserved=281.0/1932.0
2026-04-11 18:26:03 | INFO | [Round 10] epoch=76/80 loss=0.0136 acc=100.00 val_acc=nan data_t=0.0027s batch_t=0.0605s epoch_t=00:00.76 lr=0.000016 | GPU MB alloc/reserved=281.0/1932.0
2026-04-11 18:26:03 | INFO | [Round 10] Epoch 76/80 time=00:00.76 avg=00:01.13 ETA=00:04.51 | GPU MB alloc/reserved=281.0/1932.0
2026-04-11 18:26:04 | INFO | [Round 10] epoch=77/80 loss=0.0157 acc=100.00 val_acc=nan data_t=0.0036s batch_t=0.0983s epoch_t=00:01.22 lr=0.000013 | GPU MB alloc/reserved=281.0/1932.0
2026-04-11 18:26:04 | INFO | [Round 10] Epoch 77/80 time=00:01.22 avg=00:01.13 ETA=00:03.38 | GPU MB alloc/reserved=281.0/1932.0
2026-04-11 18:26:05 | INFO | [Round 10] epoch=78/80 loss=0.0163 acc=100.00 val_acc=nan data_t=0.0037s batch_t=0.1017s epoch_t=00:01.27 lr=0.000012 | GPU MB alloc/reserved=281.0/1932.0
2026-04-11 18:26:05 | INFO | [Round 10] Epoch 78/80 time=00:01.27 avg=00:01.13 ETA=00:02.26 | GPU MB alloc/reserved=281.0/1932.0
2026-04-11 18:26:06 | INFO | [Round 10] epoch=79/80 loss=0.0170 acc=100.00 val_acc=nan data_t=0.0022s batch_t=0.1000s epoch_t=00:01.23 lr=0.000010 | GPU MB alloc/reserved=281.0/1932.0
2026-04-11 18:26:06 | INFO | [Round 10] Epoch 79/80 time=00:01.23 avg=00:01.13 ETA=00:01.13 | GPU MB alloc/reserved=281.0/1932.0
2026-04-11 18:26:07 | INFO | [Round 10] epoch=80/80 loss=0.0164 acc=100.00 val_acc=nan data_t=0.0022s batch_t=0.0626s epoch_t=00:00.78 lr=0.000010 | GPU MB alloc/reserved=281.0/1932.0
2026-04-11 18:26:07 | INFO | [Round 10] Epoch 80/80 time=00:00.78 avg=00:01.13 ETA=00:00.00 | GPU MB alloc/reserved=281.0/1932.0
2026-04-11 18:26:07 | INFO | [Round 10] training complete in 01:30.43 (best monitor=100.000) | GPU MB alloc/reserved=281.0/1932.0
2026-04-11 18:26:07 | INFO | [Round 10] evaluation started | GPU MB alloc/reserved=193.9/1932.0
2026-04-11 18:26:16 | INFO | [Round 10] clean=16.59 fgsm=12.54 pgd=12.46 grad_disp_mean=nan grad_disp_sel=nan round_t=101.64s | GPU MB alloc/reserved=193.9/1932.0
2026-04-11 18:26:16 | INFO | [Round 11/21] elapsed=01:41.64 avg_round=01:11.67 projected_remaining=11:56.75 | GPU MB alloc/reserved=193.9/1932.0
2026-04-11 18:26:17 | INFO | [Round 11] acquisition on pool_size=48500 scored_pool=5000 budget=100 | GPU MB alloc/reserved=105.7/1932.0
2026-04-11 18:26:17 | INFO | [CoreSet-unlabeled-feat] scoring progress 10/20 elapsed=00:00.25 avg/batch=0.025s ETA=00:00.25 | GPU MB alloc/reserved=113.8/1932.0
2026-04-11 18:26:17 | INFO | [CoreSet-unlabeled-feat] scoring progress 20/20 elapsed=00:00.41 avg/batch=0.020s ETA=00:00.00 | GPU MB alloc/reserved=117.1/1932.0
2026-04-11 18:26:18 | INFO | [CoreSet-labeled-feat] scoring progress 6/6 elapsed=00:00.24 avg/batch=0.040s ETA=00:00.00 | GPU MB alloc/reserved=122.0/1932.0
2026-04-11 18:26:18 | INFO | [CoreSet] greedy 10/100 cover_radius=27.684944 | GPU: n/a
2026-04-11 18:26:18 | INFO | [CoreSet] greedy 20/100 cover_radius=27.182875 | GPU: n/a
2026-04-11 18:26:18 | INFO | [CoreSet] greedy 30/100 cover_radius=27.008936 | GPU: n/a
2026-04-11 18:26:18 | INFO | [CoreSet] greedy 40/100 cover_radius=26.816124 | GPU: n/a
2026-04-11 18:26:18 | INFO | [CoreSet] greedy 50/100 cover_radius=26.734800 | GPU: n/a
2026-04-11 18:26:18 | INFO | [CoreSet] greedy 60/100 cover_radius=26.529371 | GPU: n/a
2026-04-11 18:26:18 | INFO | [CoreSet] greedy 70/100 cover_radius=26.453190 | GPU: n/a
2026-04-11 18:26:18 | INFO | [CoreSet] greedy 80/100 cover_radius=26.312738 | GPU: n/a
2026-04-11 18:26:19 | INFO | [CoreSet] greedy 90/100 cover_radius=26.221006 | GPU: n/a
2026-04-11 18:26:19 | INFO | [CoreSet] greedy 100/100 cover_radius=26.134060 | GPU: n/a
2026-04-11 18:26:19 | INFO | [Round 11] labeled=1600 train=1600 val_fixed=0 | GPU MB alloc/reserved=149.7/1932.0
2026-04-11 18:26:21 | INFO | [Round 11] epoch=1/80 loss=4.6973 acc=2.56 val_acc=nan data_t=0.0146s batch_t=0.0963s epoch_t=00:01.44 lr=0.001000 | GPU MB alloc/reserved=279.7/1932.0
2026-04-11 18:26:21 | INFO | [Round 11] Epoch 1/80 time=00:01.44 avg=00:01.44 ETA=01:53.97 | GPU MB alloc/reserved=279.7/1932.0
2026-04-11 18:26:22 | INFO | [Round 11] epoch=2/80 loss=4.3497 acc=4.44 val_acc=nan data_t=0.0036s batch_t=0.0910s epoch_t=00:01.23 lr=0.000998 | GPU MB alloc/reserved=279.7/1932.0
2026-04-11 18:26:22 | INFO | [Round 11] Epoch 2/80 time=00:01.23 avg=00:01.34 ETA=01:44.27 | GPU MB alloc/reserved=279.7/1932.0
2026-04-11 18:26:23 | INFO | [Round 11] epoch=3/80 loss=4.0840 acc=7.62 val_acc=nan data_t=0.0020s batch_t=0.0908s epoch_t=00:01.21 lr=0.000997 | GPU MB alloc/reserved=279.7/1932.0
2026-04-11 18:26:23 | INFO | [Round 11] Epoch 3/80 time=00:01.21 avg=00:01.29 ETA=01:39.57 | GPU MB alloc/reserved=279.7/1932.0
2026-04-11 18:26:24 | INFO | [Round 11] epoch=4/80 loss=3.9004 acc=9.12 val_acc=nan data_t=0.0039s batch_t=0.0894s epoch_t=00:01.21 lr=0.000994 | GPU MB alloc/reserved=279.7/1932.0
2026-04-11 18:26:24 | INFO | [Round 11] Epoch 4/80 time=00:01.21 avg=00:01.27 ETA=01:36.77 | GPU MB alloc/reserved=279.7/1932.0
2026-04-11 18:26:26 | INFO | [Round 11] epoch=5/80 loss=3.7709 acc=11.00 val_acc=nan data_t=0.0032s batch_t=0.0902s epoch_t=00:01.21 lr=0.000990 | GPU MB alloc/reserved=279.7/1932.0
2026-04-11 18:26:26 | INFO | [Round 11] Epoch 5/80 time=00:01.21 avg=00:01.26 ETA=01:34.60 | GPU MB alloc/reserved=279.7/1932.0
2026-04-11 18:26:27 | INFO | [Round 11] epoch=6/80 loss=3.6433 acc=12.38 val_acc=nan data_t=0.0022s batch_t=0.0909s epoch_t=00:01.21 lr=0.000986 | GPU MB alloc/reserved=279.7/1932.0
2026-04-11 18:26:27 | INFO | [Round 11] Epoch 6/80 time=00:01.21 avg=00:01.25 ETA=01:32.71 | GPU MB alloc/reserved=279.7/1932.0
2026-04-11 18:26:28 | INFO | [Round 11] epoch=7/80 loss=3.4708 acc=14.56 val_acc=nan data_t=0.0026s batch_t=0.0908s epoch_t=00:01.21 lr=0.000981 | GPU MB alloc/reserved=279.7/1932.0
2026-04-11 18:26:28 | INFO | [Round 11] Epoch 7/80 time=00:01.21 avg=00:01.25 ETA=01:31.05 | GPU MB alloc/reserved=279.7/1932.0
2026-04-11 18:26:29 | INFO | [Round 11] epoch=8/80 loss=3.3588 acc=17.75 val_acc=nan data_t=0.0021s batch_t=0.0904s epoch_t=00:01.20 lr=0.000976 | GPU MB alloc/reserved=279.7/1932.0
2026-04-11 18:26:29 | INFO | [Round 11] Epoch 8/80 time=00:01.20 avg=00:01.24 ETA=01:29.41 | GPU MB alloc/reserved=279.7/1932.0
2026-04-11 18:26:30 | INFO | [Round 11] epoch=9/80 loss=3.1693 acc=21.19 val_acc=nan data_t=0.0024s batch_t=0.0902s epoch_t=00:01.20 lr=0.000969 | GPU MB alloc/reserved=279.7/1932.0
2026-04-11 18:26:30 | INFO | [Round 11] Epoch 9/80 time=00:01.20 avg=00:01.24 ETA=01:27.87 | GPU MB alloc/reserved=279.7/1932.0
2026-04-11 18:26:32 | INFO | [Round 11] epoch=10/80 loss=3.0443 acc=23.56 val_acc=nan data_t=0.0021s batch_t=0.0901s epoch_t=00:01.20 lr=0.000962 | GPU MB alloc/reserved=279.7/1932.0
2026-04-11 18:26:32 | INFO | [Round 11] Epoch 10/80 time=00:01.20 avg=00:01.23 ETA=01:26.36 | GPU MB alloc/reserved=279.7/1932.0
2026-04-11 18:26:33 | INFO | [Round 11] epoch=11/80 loss=2.9160 acc=24.69 val_acc=nan data_t=0.0019s batch_t=0.0902s epoch_t=00:01.20 lr=0.000955 | GPU MB alloc/reserved=279.7/1932.0
2026-04-11 18:26:33 | INFO | [Round 11] Epoch 11/80 time=00:01.20 avg=00:01.23 ETA=01:24.90 | GPU MB alloc/reserved=279.7/1932.0
2026-04-11 18:26:34 | INFO | [Round 11] epoch=12/80 loss=2.7976 acc=27.88 val_acc=nan data_t=0.0025s batch_t=0.0909s epoch_t=00:01.21 lr=0.000946 | GPU MB alloc/reserved=279.7/1932.0
2026-04-11 18:26:34 | INFO | [Round 11] Epoch 12/80 time=00:01.21 avg=00:01.23 ETA=01:23.58 | GPU MB alloc/reserved=279.7/1932.0
2026-04-11 18:26:35 | INFO | [Round 11] epoch=13/80 loss=2.6528 acc=29.50 val_acc=nan data_t=0.0026s batch_t=0.0894s epoch_t=00:01.20 lr=0.000937 | GPU MB alloc/reserved=279.7/1932.0
2026-04-11 18:26:35 | INFO | [Round 11] Epoch 13/80 time=00:01.20 avg=00:01.23 ETA=01:22.19 | GPU MB alloc/reserved=279.7/1932.0
2026-04-11 18:26:36 | INFO | [Round 11] epoch=14/80 loss=2.4940 acc=35.19 val_acc=nan data_t=0.0021s batch_t=0.0902s epoch_t=00:01.20 lr=0.000927 | GPU MB alloc/reserved=279.7/1932.0
2026-04-11 18:26:36 | INFO | [Round 11] Epoch 14/80 time=00:01.20 avg=00:01.22 ETA=01:20.83 | GPU MB alloc/reserved=279.7/1932.0
2026-04-11 18:26:38 | INFO | [Round 11] epoch=15/80 loss=2.3779 acc=36.56 val_acc=nan data_t=0.0022s batch_t=0.0910s epoch_t=00:01.21 lr=0.000917 | GPU MB alloc/reserved=279.7/1932.0
2026-04-11 18:26:38 | INFO | [Round 11] Epoch 15/80 time=00:01.21 avg=00:01.22 ETA=01:19.55 | GPU MB alloc/reserved=279.7/1932.0
2026-04-11 18:26:39 | INFO | [Round 11] epoch=16/80 loss=2.2486 acc=38.06 val_acc=nan data_t=0.0022s batch_t=0.0906s epoch_t=00:01.21 lr=0.000905 | GPU MB alloc/reserved=279.7/1932.0
2026-04-11 18:26:39 | INFO | [Round 11] Epoch 16/80 time=00:01.21 avg=00:01.22 ETA=01:18.26 | GPU MB alloc/reserved=279.7/1932.0
2026-04-11 18:26:40 | INFO | [Round 11] epoch=17/80 loss=2.1133 acc=41.31 val_acc=nan data_t=0.0023s batch_t=0.0909s epoch_t=00:01.21 lr=0.000894 | GPU MB alloc/reserved=279.7/1932.0
2026-04-11 18:26:40 | INFO | [Round 11] Epoch 17/80 time=00:01.21 avg=00:01.22 ETA=01:17.00 | GPU MB alloc/reserved=279.7/1932.0
2026-04-11 18:26:41 | INFO | [Round 11] epoch=18/80 loss=2.0062 acc=45.38 val_acc=nan data_t=0.0034s batch_t=0.0899s epoch_t=00:01.21 lr=0.000881 | GPU MB alloc/reserved=279.7/1932.0
2026-04-11 18:26:41 | INFO | [Round 11] Epoch 18/80 time=00:01.21 avg=00:01.22 ETA=01:15.74 | GPU MB alloc/reserved=279.7/1932.0
2026-04-11 18:26:43 | INFO | [Round 11] epoch=19/80 loss=1.8380 acc=48.88 val_acc=nan data_t=0.0021s batch_t=0.0911s epoch_t=00:01.21 lr=0.000868 | GPU MB alloc/reserved=279.7/1932.0
2026-04-11 18:26:43 | INFO | [Round 11] Epoch 19/80 time=00:01.21 avg=00:01.22 ETA=01:14.49 | GPU MB alloc/reserved=279.7/1932.0
2026-04-11 18:26:44 | INFO | [Round 11] epoch=20/80 loss=1.7163 acc=51.62 val_acc=nan data_t=0.0021s batch_t=0.0905s epoch_t=00:01.20 lr=0.000855 | GPU MB alloc/reserved=279.7/1932.0
2026-04-11 18:26:44 | INFO | [Round 11] Epoch 20/80 time=00:01.20 avg=00:01.22 ETA=01:13.22 | GPU MB alloc/reserved=279.7/1932.0
2026-04-11 18:26:45 | INFO | [Round 11] epoch=21/80 loss=1.5710 acc=56.44 val_acc=nan data_t=0.0031s batch_t=0.0903s epoch_t=00:01.22 lr=0.000841 | GPU MB alloc/reserved=279.7/1932.0
2026-04-11 18:26:45 | INFO | [Round 11] Epoch 21/80 time=00:01.22 avg=00:01.22 ETA=01:11.98 | GPU MB alloc/reserved=279.7/1932.0
2026-04-11 18:26:46 | INFO | [Round 11] epoch=22/80 loss=1.3985 acc=62.31 val_acc=nan data_t=0.0033s batch_t=0.0903s epoch_t=00:01.22 lr=0.000826 | GPU MB alloc/reserved=279.7/1932.0
2026-04-11 18:26:46 | INFO | [Round 11] Epoch 22/80 time=00:01.22 avg=00:01.22 ETA=01:10.76 | GPU MB alloc/reserved=279.7/1932.0
2026-04-11 18:26:47 | INFO | [Round 11] epoch=23/80 loss=1.3049 acc=63.62 val_acc=nan data_t=0.0034s batch_t=0.0910s epoch_t=00:01.23 lr=0.000811 | GPU MB alloc/reserved=279.7/1932.0
2026-04-11 18:26:47 | INFO | [Round 11] Epoch 23/80 time=00:01.23 avg=00:01.22 ETA=01:09.55 | GPU MB alloc/reserved=279.7/1932.0
2026-04-11 18:26:49 | INFO | [Round 11] epoch=24/80 loss=1.1617 acc=68.62 val_acc=nan data_t=0.0022s batch_t=0.0909s epoch_t=00:01.21 lr=0.000796 | GPU MB alloc/reserved=279.7/1932.0
2026-04-11 18:26:49 | INFO | [Round 11] Epoch 24/80 time=00:01.21 avg=00:01.22 ETA=01:08.31 | GPU MB alloc/reserved=279.7/1932.0
2026-04-11 18:26:50 | INFO | [Round 11] epoch=25/80 loss=1.0497 acc=71.12 val_acc=nan data_t=0.0021s batch_t=0.0905s epoch_t=00:01.20 lr=0.000780 | GPU MB alloc/reserved=279.7/1932.0
2026-04-11 18:26:50 | INFO | [Round 11] Epoch 25/80 time=00:01.20 avg=00:01.22 ETA=01:07.06 | GPU MB alloc/reserved=279.7/1932.0
2026-04-11 18:26:51 | INFO | [Round 11] epoch=26/80 loss=0.9548 acc=74.81 val_acc=nan data_t=0.0029s batch_t=0.0901s epoch_t=00:01.21 lr=0.000764 | GPU MB alloc/reserved=279.7/1932.0
2026-04-11 18:26:51 | INFO | [Round 11] Epoch 26/80 time=00:01.21 avg=00:01.22 ETA=01:05.82 | GPU MB alloc/reserved=279.7/1932.0
2026-04-11 18:26:52 | INFO | [Round 11] epoch=27/80 loss=0.8068 acc=79.44 val_acc=nan data_t=0.0034s batch_t=0.0895s epoch_t=00:01.21 lr=0.000747 | GPU MB alloc/reserved=279.7/1932.0
2026-04-11 18:26:52 | INFO | [Round 11] Epoch 27/80 time=00:01.21 avg=00:01.22 ETA=01:04.58 | GPU MB alloc/reserved=279.7/1932.0
2026-04-11 18:26:54 | INFO | [Round 11] epoch=28/80 loss=0.7530 acc=81.19 val_acc=nan data_t=0.0030s batch_t=0.0908s epoch_t=00:01.22 lr=0.000730 | GPU MB alloc/reserved=279.7/1932.0
2026-04-11 18:26:54 | INFO | [Round 11] Epoch 28/80 time=00:01.22 avg=00:01.22 ETA=01:03.36 | GPU MB alloc/reserved=279.7/1932.0
2026-04-11 18:26:55 | INFO | [Round 11] epoch=29/80 loss=0.6601 acc=84.44 val_acc=nan data_t=0.0037s batch_t=0.0902s epoch_t=00:01.22 lr=0.000712 | GPU MB alloc/reserved=279.7/1932.0
2026-04-11 18:26:55 | INFO | [Round 11] Epoch 29/80 time=00:01.22 avg=00:01.22 ETA=01:02.15 | GPU MB alloc/reserved=279.7/1932.0
2026-04-11 18:26:56 | INFO | [Round 11] epoch=30/80 loss=0.5795 acc=85.81 val_acc=nan data_t=0.0024s batch_t=0.0906s epoch_t=00:01.21 lr=0.000694 | GPU MB alloc/reserved=279.7/1932.0
2026-04-11 18:26:56 | INFO | [Round 11] Epoch 30/80 time=00:01.21 avg=00:01.22 ETA=01:00.91 | GPU MB alloc/reserved=279.7/1932.0
2026-04-11 18:26:57 | INFO | [Round 11] epoch=31/80 loss=0.4900 acc=89.62 val_acc=nan data_t=0.0029s batch_t=0.0901s epoch_t=00:01.21 lr=0.000676 | GPU MB alloc/reserved=279.7/1932.0
2026-04-11 18:26:57 | INFO | [Round 11] Epoch 31/80 time=00:01.21 avg=00:01.22 ETA=00:59.68 | GPU MB alloc/reserved=279.7/1932.0
2026-04-11 18:26:58 | INFO | [Round 11] epoch=32/80 loss=0.4436 acc=91.19 val_acc=nan data_t=0.0035s batch_t=0.0901s epoch_t=00:01.22 lr=0.000658 | GPU MB alloc/reserved=279.7/1932.0
2026-04-11 18:26:58 | INFO | [Round 11] Epoch 32/80 time=00:01.22 avg=00:01.22 ETA=00:58.46 | GPU MB alloc/reserved=279.7/1932.0
2026-04-11 18:27:00 | INFO | [Round 11] epoch=33/80 loss=0.3743 acc=93.50 val_acc=nan data_t=0.0031s batch_t=0.0897s epoch_t=00:01.21 lr=0.000639 | GPU MB alloc/reserved=279.7/1932.0
2026-04-11 18:27:00 | INFO | [Round 11] Epoch 33/80 time=00:01.21 avg=00:01.22 ETA=00:57.23 | GPU MB alloc/reserved=279.7/1932.0
2026-04-11 18:27:01 | INFO | [Round 11] epoch=34/80 loss=0.3224 acc=93.94 val_acc=nan data_t=0.0022s batch_t=0.0885s epoch_t=00:01.18 lr=0.000621 | GPU MB alloc/reserved=279.7/1932.0
2026-04-11 18:27:01 | INFO | [Round 11] Epoch 34/80 time=00:01.18 avg=00:01.22 ETA=00:55.96 | GPU MB alloc/reserved=279.7/1932.0
2026-04-11 18:27:02 | INFO | [Round 11] epoch=35/80 loss=0.2837 acc=94.88 val_acc=nan data_t=0.0020s batch_t=0.0813s epoch_t=00:01.08 lr=0.000602 | GPU MB alloc/reserved=279.7/1932.0
2026-04-11 18:27:02 | INFO | [Round 11] Epoch 35/80 time=00:01.08 avg=00:01.21 ETA=00:54.57 | GPU MB alloc/reserved=279.7/1932.0
2026-04-11 18:27:03 | INFO | [Round 11] epoch=36/80 loss=0.2608 acc=95.56 val_acc=nan data_t=0.0023s batch_t=0.0982s epoch_t=00:01.31 lr=0.000582 | GPU MB alloc/reserved=279.7/1932.0
2026-04-11 18:27:03 | INFO | [Round 11] Epoch 36/80 time=00:01.31 avg=00:01.22 ETA=00:53.47 | GPU MB alloc/reserved=279.7/1932.0
2026-04-11 18:27:04 | INFO | [Round 11] epoch=37/80 loss=0.2053 acc=97.50 val_acc=nan data_t=0.0033s batch_t=0.0973s epoch_t=00:01.31 lr=0.000563 | GPU MB alloc/reserved=279.7/1932.0
2026-04-11 18:27:04 | INFO | [Round 11] Epoch 37/80 time=00:01.31 avg=00:01.22 ETA=00:52.36 | GPU MB alloc/reserved=279.7/1932.0
2026-04-11 18:27:06 | INFO | [Round 11] epoch=38/80 loss=0.1735 acc=97.75 val_acc=nan data_t=0.0035s batch_t=0.0997s epoch_t=00:01.34 lr=0.000544 | GPU MB alloc/reserved=279.7/1932.0
2026-04-11 18:27:06 | INFO | [Round 11] Epoch 38/80 time=00:01.34 avg=00:01.22 ETA=00:51.28 | GPU MB alloc/reserved=279.7/1932.0
2026-04-11 18:27:07 | INFO | [Round 11] epoch=39/80 loss=0.1728 acc=97.19 val_acc=nan data_t=0.0020s batch_t=0.0992s epoch_t=00:01.32 lr=0.000524 | GPU MB alloc/reserved=279.7/1932.0
2026-04-11 18:27:07 | INFO | [Round 11] Epoch 39/80 time=00:01.32 avg=00:01.22 ETA=00:50.16 | GPU MB alloc/reserved=279.7/1932.0
2026-04-11 18:27:08 | INFO | [Round 11] epoch=40/80 loss=0.1417 acc=98.06 val_acc=nan data_t=0.0024s batch_t=0.0991s epoch_t=00:01.32 lr=0.000505 | GPU MB alloc/reserved=279.7/1932.0
2026-04-11 18:27:08 | INFO | [Round 11] Epoch 40/80 time=00:01.32 avg=00:01.23 ETA=00:49.03 | GPU MB alloc/reserved=279.7/1932.0
2026-04-11 18:27:10 | INFO | [Round 11] epoch=41/80 loss=0.1440 acc=98.12 val_acc=nan data_t=0.0025s batch_t=0.0983s epoch_t=00:01.31 lr=0.000486 | GPU MB alloc/reserved=279.7/1932.0
2026-04-11 18:27:10 | INFO | [Round 11] Epoch 41/80 time=00:01.31 avg=00:01.23 ETA=00:47.89 | GPU MB alloc/reserved=279.7/1932.0
2026-04-11 18:27:11 | INFO | [Round 11] epoch=42/80 loss=0.1195 acc=98.62 val_acc=nan data_t=0.0028s batch_t=0.0600s epoch_t=00:00.82 lr=0.000466 | GPU MB alloc/reserved=279.7/1932.0
2026-04-11 18:27:11 | INFO | [Round 11] Epoch 42/80 time=00:00.82 avg=00:01.22 ETA=00:46.29 | GPU MB alloc/reserved=279.7/1932.0
2026-04-11 18:27:12 | INFO | [Round 11] epoch=43/80 loss=0.1028 acc=98.94 val_acc=nan data_t=0.0034s batch_t=0.0887s epoch_t=00:01.20 lr=0.000447 | GPU MB alloc/reserved=279.7/1932.0
2026-04-11 18:27:12 | INFO | [Round 11] Epoch 43/80 time=00:01.20 avg=00:01.22 ETA=00:45.05 | GPU MB alloc/reserved=279.7/1932.0
2026-04-11 18:27:13 | INFO | [Round 11] epoch=44/80 loss=0.1038 acc=98.69 val_acc=nan data_t=0.0026s batch_t=0.1001s epoch_t=00:01.34 lr=0.000428 | GPU MB alloc/reserved=279.7/1932.0
2026-04-11 18:27:13 | INFO | [Round 11] Epoch 44/80 time=00:01.34 avg=00:01.22 ETA=00:43.93 | GPU MB alloc/reserved=279.7/1932.0
2026-04-11 18:27:14 | INFO | [Round 11] epoch=45/80 loss=0.0879 acc=99.19 val_acc=nan data_t=0.0023s batch_t=0.1004s epoch_t=00:01.34 lr=0.000408 | GPU MB alloc/reserved=279.7/1932.0
2026-04-11 18:27:14 | INFO | [Round 11] Epoch 45/80 time=00:01.34 avg=00:01.22 ETA=00:42.80 | GPU MB alloc/reserved=279.7/1932.0
2026-04-11 18:27:15 | INFO | [Round 11] epoch=46/80 loss=0.0764 acc=99.50 val_acc=nan data_t=0.0028s batch_t=0.0637s epoch_t=00:00.87 lr=0.000389 | GPU MB alloc/reserved=279.7/1932.0
2026-04-11 18:27:15 | INFO | [Round 11] Epoch 46/80 time=00:00.87 avg=00:01.22 ETA=00:41.31 | GPU MB alloc/reserved=279.7/1932.0
2026-04-11 18:27:16 | INFO | [Round 11] epoch=47/80 loss=0.0566 acc=99.75 val_acc=nan data_t=0.0029s batch_t=0.0664s epoch_t=00:00.90 lr=0.000371 | GPU MB alloc/reserved=279.7/1932.0
2026-04-11 18:27:16 | INFO | [Round 11] Epoch 47/80 time=00:00.90 avg=00:01.21 ETA=00:39.88 | GPU MB alloc/reserved=279.7/1932.0
2026-04-11 18:27:17 | INFO | [Round 11] epoch=48/80 loss=0.0549 acc=99.69 val_acc=nan data_t=0.0020s batch_t=0.0878s epoch_t=00:01.17 lr=0.000352 | GPU MB alloc/reserved=279.7/1932.0
2026-04-11 18:27:17 | INFO | [Round 11] Epoch 48/80 time=00:01.17 avg=00:01.21 ETA=00:38.64 | GPU MB alloc/reserved=279.7/1932.0
2026-04-11 18:27:19 | INFO | [Round 11] epoch=49/80 loss=0.0516 acc=99.88 val_acc=nan data_t=0.0030s batch_t=0.0894s epoch_t=00:01.20 lr=0.000334 | GPU MB alloc/reserved=279.7/1932.0
2026-04-11 18:27:19 | INFO | [Round 11] Epoch 49/80 time=00:01.20 avg=00:01.21 ETA=00:37.43 | GPU MB alloc/reserved=279.7/1932.0
2026-04-11 18:27:20 | INFO | [Round 11] epoch=50/80 loss=0.0463 acc=99.62 val_acc=nan data_t=0.0031s batch_t=0.0893s epoch_t=00:01.20 lr=0.000316 | GPU MB alloc/reserved=279.7/1932.0
2026-04-11 18:27:20 | INFO | [Round 11] Epoch 50/80 time=00:01.20 avg=00:01.21 ETA=00:36.22 | GPU MB alloc/reserved=279.7/1932.0
2026-04-11 18:27:21 | INFO | [Round 11] epoch=51/80 loss=0.0417 acc=99.69 val_acc=nan data_t=0.0029s batch_t=0.0902s epoch_t=00:01.21 lr=0.000298 | GPU MB alloc/reserved=279.7/1932.0
2026-04-11 18:27:21 | INFO | [Round 11] Epoch 51/80 time=00:01.21 avg=00:01.21 ETA=00:35.02 | GPU MB alloc/reserved=279.7/1932.0
2026-04-11 18:27:22 | INFO | [Round 11] epoch=52/80 loss=0.0352 acc=99.94 val_acc=nan data_t=0.0019s batch_t=0.0909s epoch_t=00:01.21 lr=0.000280 | GPU MB alloc/reserved=279.7/1932.0
2026-04-11 18:27:22 | INFO | [Round 11] Epoch 52/80 time=00:01.21 avg=00:01.21 ETA=00:33.81 | GPU MB alloc/reserved=279.7/1932.0
2026-04-11 18:27:23 | INFO | [Round 11] epoch=53/80 loss=0.0293 acc=100.00 val_acc=nan data_t=0.0022s batch_t=0.0891s epoch_t=00:01.19 lr=0.000263 | GPU MB alloc/reserved=279.7/1932.0
2026-04-11 18:27:23 | INFO | [Round 11] Epoch 53/80 time=00:01.19 avg=00:01.21 ETA=00:32.59 | GPU MB alloc/reserved=279.7/1932.0
2026-04-11 18:27:25 | INFO | [Round 11] epoch=54/80 loss=0.0325 acc=99.88 val_acc=nan data_t=0.0023s batch_t=0.0905s epoch_t=00:01.21 lr=0.000246 | GPU MB alloc/reserved=279.7/1932.0
2026-04-11 18:27:25 | INFO | [Round 11] Epoch 54/80 time=00:01.21 avg=00:01.21 ETA=00:31.38 | GPU MB alloc/reserved=279.7/1932.0
2026-04-11 18:27:26 | INFO | [Round 11] epoch=55/80 loss=0.0269 acc=100.00 val_acc=nan data_t=0.0032s batch_t=0.0906s epoch_t=00:01.22 lr=0.000230 | GPU MB alloc/reserved=279.7/1932.0
2026-04-11 18:27:26 | INFO | [Round 11] Epoch 55/80 time=00:01.22 avg=00:01.21 ETA=00:30.18 | GPU MB alloc/reserved=279.7/1932.0
2026-04-11 18:27:27 | INFO | [Round 11] epoch=56/80 loss=0.0264 acc=100.00 val_acc=nan data_t=0.0023s batch_t=0.0902s epoch_t=00:01.20 lr=0.000214 | GPU MB alloc/reserved=279.7/1932.0
2026-04-11 18:27:27 | INFO | [Round 11] Epoch 56/80 time=00:01.20 avg=00:01.21 ETA=00:28.97 | GPU MB alloc/reserved=279.7/1932.0
2026-04-11 18:27:28 | INFO | [Round 11] epoch=57/80 loss=0.0240 acc=100.00 val_acc=nan data_t=0.0021s batch_t=0.0901s epoch_t=00:01.20 lr=0.000199 | GPU MB alloc/reserved=279.7/1932.0
2026-04-11 18:27:28 | INFO | [Round 11] Epoch 57/80 time=00:01.20 avg=00:01.21 ETA=00:27.76 | GPU MB alloc/reserved=279.7/1932.0
2026-04-11 18:27:29 | INFO | [Round 11] epoch=58/80 loss=0.0230 acc=100.00 val_acc=nan data_t=0.0022s batch_t=0.0902s epoch_t=00:01.20 lr=0.000184 | GPU MB alloc/reserved=279.7/1932.0
2026-04-11 18:27:29 | INFO | [Round 11] Epoch 58/80 time=00:01.20 avg=00:01.21 ETA=00:26.55 | GPU MB alloc/reserved=279.7/1932.0
2026-04-11 18:27:31 | INFO | [Round 11] epoch=59/80 loss=0.0230 acc=100.00 val_acc=nan data_t=0.0022s batch_t=0.0899s epoch_t=00:01.20 lr=0.000169 | GPU MB alloc/reserved=279.7/1932.0
2026-04-11 18:27:31 | INFO | [Round 11] Epoch 59/80 time=00:01.20 avg=00:01.21 ETA=00:25.34 | GPU MB alloc/reserved=279.7/1932.0
2026-04-11 18:27:32 | INFO | [Round 11] epoch=60/80 loss=0.0222 acc=100.00 val_acc=nan data_t=0.0027s batch_t=0.0905s epoch_t=00:01.21 lr=0.000155 | GPU MB alloc/reserved=279.7/1932.0
2026-04-11 18:27:32 | INFO | [Round 11] Epoch 60/80 time=00:01.21 avg=00:01.21 ETA=00:24.14 | GPU MB alloc/reserved=279.7/1932.0
2026-04-11 18:27:33 | INFO | [Round 11] epoch=61/80 loss=0.0204 acc=100.00 val_acc=nan data_t=0.0030s batch_t=0.0898s epoch_t=00:01.21 lr=0.000142 | GPU MB alloc/reserved=279.7/1932.0
2026-04-11 18:27:33 | INFO | [Round 11] Epoch 61/80 time=00:01.21 avg=00:01.21 ETA=00:22.93 | GPU MB alloc/reserved=279.7/1932.0
2026-04-11 18:27:34 | INFO | [Round 11] epoch=62/80 loss=0.0238 acc=99.94 val_acc=nan data_t=0.0032s batch_t=0.0909s epoch_t=00:01.22 lr=0.000129 | GPU MB alloc/reserved=279.7/1932.0
2026-04-11 18:27:34 | INFO | [Round 11] Epoch 62/80 time=00:01.22 avg=00:01.21 ETA=00:21.73 | GPU MB alloc/reserved=279.7/1932.0
2026-04-11 18:27:36 | INFO | [Round 11] epoch=63/80 loss=0.0184 acc=100.00 val_acc=nan data_t=0.0034s batch_t=0.0900s epoch_t=00:01.22 lr=0.000116 | GPU MB alloc/reserved=279.7/1932.0
2026-04-11 18:27:36 | INFO | [Round 11] Epoch 63/80 time=00:01.22 avg=00:01.21 ETA=00:20.52 | GPU MB alloc/reserved=279.7/1932.0
2026-04-11 18:27:37 | INFO | [Round 11] epoch=64/80 loss=0.0228 acc=99.94 val_acc=nan data_t=0.0031s batch_t=0.0904s epoch_t=00:01.22 lr=0.000105 | GPU MB alloc/reserved=279.7/1932.0
2026-04-11 18:27:37 | INFO | [Round 11] Epoch 64/80 time=00:01.22 avg=00:01.21 ETA=00:19.32 | GPU MB alloc/reserved=279.7/1932.0
2026-04-11 18:27:38 | INFO | [Round 11] epoch=65/80 loss=0.0185 acc=100.00 val_acc=nan data_t=0.0035s batch_t=0.0916s epoch_t=00:01.24 lr=0.000093 | GPU MB alloc/reserved=279.7/1932.0
2026-04-11 18:27:38 | INFO | [Round 11] Epoch 65/80 time=00:01.24 avg=00:01.21 ETA=00:18.12 | GPU MB alloc/reserved=279.7/1932.0
2026-04-11 18:27:39 | INFO | [Round 11] epoch=66/80 loss=0.0179 acc=100.00 val_acc=nan data_t=0.0023s batch_t=0.0900s epoch_t=00:01.20 lr=0.000083 | GPU MB alloc/reserved=279.7/1932.0
2026-04-11 18:27:39 | INFO | [Round 11] Epoch 66/80 time=00:01.20 avg=00:01.21 ETA=00:16.91 | GPU MB alloc/reserved=279.7/1932.0
2026-04-11 18:27:40 | INFO | [Round 11] epoch=67/80 loss=0.0156 acc=100.00 val_acc=nan data_t=0.0027s batch_t=0.0901s epoch_t=00:01.21 lr=0.000073 | GPU MB alloc/reserved=279.7/1932.0
2026-04-11 18:27:40 | INFO | [Round 11] Epoch 67/80 time=00:01.21 avg=00:01.21 ETA=00:15.70 | GPU MB alloc/reserved=279.7/1932.0
2026-04-11 18:27:42 | INFO | [Round 11] epoch=68/80 loss=0.0178 acc=100.00 val_acc=nan data_t=0.0029s batch_t=0.0899s epoch_t=00:01.21 lr=0.000064 | GPU MB alloc/reserved=279.7/1932.0
2026-04-11 18:27:42 | INFO | [Round 11] Epoch 68/80 time=00:01.21 avg=00:01.21 ETA=00:14.49 | GPU MB alloc/reserved=279.7/1932.0
2026-04-11 18:27:43 | INFO | [Round 11] epoch=69/80 loss=0.0184 acc=100.00 val_acc=nan data_t=0.0021s batch_t=0.0905s epoch_t=00:01.20 lr=0.000055 | GPU MB alloc/reserved=279.7/1932.0
2026-04-11 18:27:43 | INFO | [Round 11] Epoch 69/80 time=00:01.20 avg=00:01.21 ETA=00:13.28 | GPU MB alloc/reserved=279.7/1932.0
2026-04-11 18:27:44 | INFO | [Round 11] epoch=70/80 loss=0.0176 acc=100.00 val_acc=nan data_t=0.0031s batch_t=0.0897s epoch_t=00:01.21 lr=0.000048 | GPU MB alloc/reserved=279.7/1932.0
2026-04-11 18:27:44 | INFO | [Round 11] Epoch 70/80 time=00:01.21 avg=00:01.21 ETA=00:12.08 | GPU MB alloc/reserved=279.7/1932.0
2026-04-11 18:27:45 | INFO | [Round 11] epoch=71/80 loss=0.0170 acc=100.00 val_acc=nan data_t=0.0033s batch_t=0.0677s epoch_t=00:00.92 lr=0.000041 | GPU MB alloc/reserved=279.7/1932.0
2026-04-11 18:27:45 | INFO | [Round 11] Epoch 71/80 time=00:00.92 avg=00:01.20 ETA=00:10.83 | GPU MB alloc/reserved=279.7/1932.0
2026-04-11 18:27:46 | INFO | [Round 11] epoch=72/80 loss=0.0185 acc=100.00 val_acc=nan data_t=0.0031s batch_t=0.0995s epoch_t=00:01.33 lr=0.000034 | GPU MB alloc/reserved=279.7/1932.0
2026-04-11 18:27:46 | INFO | [Round 11] Epoch 72/80 time=00:01.33 avg=00:01.21 ETA=00:09.64 | GPU MB alloc/reserved=279.7/1932.0
2026-04-11 18:27:48 | INFO | [Round 11] epoch=73/80 loss=0.0170 acc=100.00 val_acc=nan data_t=0.0022s batch_t=0.0969s epoch_t=00:01.29 lr=0.000029 | GPU MB alloc/reserved=279.7/1932.0
2026-04-11 18:27:48 | INFO | [Round 11] Epoch 73/80 time=00:01.29 avg=00:01.21 ETA=00:08.45 | GPU MB alloc/reserved=279.7/1932.0
2026-04-11 18:27:49 | INFO | [Round 11] epoch=74/80 loss=0.0178 acc=100.00 val_acc=nan data_t=0.0029s batch_t=0.0984s epoch_t=00:01.32 lr=0.000024 | GPU MB alloc/reserved=279.7/1932.0
2026-04-11 18:27:49 | INFO | [Round 11] Epoch 74/80 time=00:01.32 avg=00:01.21 ETA=00:07.25 | GPU MB alloc/reserved=279.7/1932.0
2026-04-11 18:27:50 | INFO | [Round 11] epoch=75/80 loss=0.0198 acc=100.00 val_acc=nan data_t=0.0020s batch_t=0.1006s epoch_t=00:01.33 lr=0.000020 | GPU MB alloc/reserved=279.7/1932.0
2026-04-11 18:27:50 | INFO | [Round 11] Epoch 75/80 time=00:01.33 avg=00:01.21 ETA=00:06.05 | GPU MB alloc/reserved=279.7/1932.0
2026-04-11 18:27:52 | INFO | [Round 11] epoch=76/80 loss=0.0160 acc=100.00 val_acc=nan data_t=0.0036s batch_t=0.0991s epoch_t=00:01.33 lr=0.000016 | GPU MB alloc/reserved=279.7/1932.0
2026-04-11 18:27:52 | INFO | [Round 11] Epoch 76/80 time=00:01.33 avg=00:01.21 ETA=00:04.85 | GPU MB alloc/reserved=279.7/1932.0
2026-04-11 18:27:53 | INFO | [Round 11] epoch=77/80 loss=0.0194 acc=99.94 val_acc=nan data_t=0.0035s batch_t=0.0985s epoch_t=00:01.33 lr=0.000013 | GPU MB alloc/reserved=279.7/1932.0
2026-04-11 18:27:53 | INFO | [Round 11] Epoch 77/80 time=00:01.33 avg=00:01.21 ETA=00:03.64 | GPU MB alloc/reserved=279.7/1932.0
2026-04-11 18:27:54 | INFO | [Round 11] epoch=78/80 loss=0.0149 acc=100.00 val_acc=nan data_t=0.0034s batch_t=0.0700s epoch_t=00:00.95 lr=0.000012 | GPU MB alloc/reserved=279.7/1932.0
2026-04-11 18:27:54 | INFO | [Round 11] Epoch 78/80 time=00:00.95 avg=00:01.21 ETA=00:02.42 | GPU MB alloc/reserved=279.7/1932.0
2026-04-11 18:27:55 | INFO | [Round 11] epoch=79/80 loss=0.0170 acc=100.00 val_acc=nan data_t=0.0024s batch_t=0.0650s epoch_t=00:00.88 lr=0.000010 | GPU MB alloc/reserved=279.7/1932.0
2026-04-11 18:27:55 | INFO | [Round 11] Epoch 79/80 time=00:00.88 avg=00:01.21 ETA=00:01.21 | GPU MB alloc/reserved=279.7/1932.0
2026-04-11 18:27:56 | INFO | [Round 11] epoch=80/80 loss=0.0173 acc=99.94 val_acc=nan data_t=0.0031s batch_t=0.1011s epoch_t=00:01.35 lr=0.000010 | GPU MB alloc/reserved=279.7/1932.0
2026-04-11 18:27:56 | INFO | [Round 11] Epoch 80/80 time=00:01.35 avg=00:01.21 ETA=00:00.00 | GPU MB alloc/reserved=279.7/1932.0
2026-04-11 18:27:56 | INFO | [Round 11] training complete in 01:36.91 (best monitor=100.000) | GPU MB alloc/reserved=279.7/1932.0
2026-04-11 18:27:56 | INFO | [Round 11] evaluation started | GPU MB alloc/reserved=193.9/1932.0
2026-04-11 18:28:05 | INFO | [Round 11] clean=17.67 fgsm=13.04 pgd=12.90 grad_disp_mean=nan grad_disp_sel=nan round_t=107.77s | GPU MB alloc/reserved=193.9/1932.0
2026-04-11 18:28:05 | INFO | [Round 12/21] elapsed=01:47.77 avg_round=01:14.68 projected_remaining=11:12.14 | GPU MB alloc/reserved=193.9/1932.0
2026-04-11 18:28:05 | INFO | [Round 12] acquisition on pool_size=48400 scored_pool=5000 budget=100 | GPU MB alloc/reserved=104.4/1932.0
2026-04-11 18:28:06 | INFO | [CoreSet-unlabeled-feat] scoring progress 10/20 elapsed=00:00.26 avg/batch=0.026s ETA=00:00.26 | GPU MB alloc/reserved=112.5/1932.0
2026-04-11 18:28:06 | INFO | [CoreSet-unlabeled-feat] scoring progress 20/20 elapsed=00:00.41 avg/batch=0.020s ETA=00:00.00 | GPU MB alloc/reserved=115.8/1932.0
2026-04-11 18:28:06 | INFO | [CoreSet-labeled-feat] scoring progress 7/7 elapsed=00:00.23 avg/batch=0.033s ETA=00:00.00 | GPU MB alloc/reserved=118.1/1932.0
2026-04-11 18:28:06 | INFO | [CoreSet] greedy 10/100 cover_radius=27.529627 | GPU: n/a
2026-04-11 18:28:06 | INFO | [CoreSet] greedy 20/100 cover_radius=27.143642 | GPU: n/a
2026-04-11 18:28:06 | INFO | [CoreSet] greedy 30/100 cover_radius=26.915125 | GPU: n/a
2026-04-11 18:28:07 | INFO | [CoreSet] greedy 40/100 cover_radius=26.778656 | GPU: n/a
2026-04-11 18:28:07 | INFO | [CoreSet] greedy 50/100 cover_radius=26.665361 | GPU: n/a
2026-04-11 18:28:07 | INFO | [CoreSet] greedy 60/100 cover_radius=26.544958 | GPU: n/a
2026-04-11 18:28:07 | INFO | [CoreSet] greedy 70/100 cover_radius=26.357861 | GPU: n/a
2026-04-11 18:28:07 | INFO | [CoreSet] greedy 80/100 cover_radius=26.250740 | GPU: n/a
2026-04-11 18:28:07 | INFO | [CoreSet] greedy 90/100 cover_radius=26.116974 | GPU: n/a
2026-04-11 18:28:07 | INFO | [CoreSet] greedy 100/100 cover_radius=25.990456 | GPU: n/a
2026-04-11 18:28:08 | INFO | [Round 12] labeled=1700 train=1700 val_fixed=0 | GPU MB alloc/reserved=149.3/1932.0
2026-04-11 18:28:09 | INFO | [Round 12] epoch=1/80 loss=4.7171 acc=2.18 val_acc=nan data_t=0.0137s batch_t=0.0937s epoch_t=00:01.50 lr=0.001000 | GPU MB alloc/reserved=279.0/1932.0
2026-04-11 18:28:09 | INFO | [Round 12] Epoch 1/80 time=00:01.50 avg=00:01.50 ETA=01:58.76 | GPU MB alloc/reserved=279.0/1932.0
2026-04-11 18:28:11 | INFO | [Round 12] epoch=2/80 loss=4.3819 acc=3.71 val_acc=nan data_t=0.0029s batch_t=0.0898s epoch_t=00:01.30 lr=0.000998 | GPU MB alloc/reserved=279.0/1932.0
2026-04-11 18:28:11 | INFO | [Round 12] Epoch 2/80 time=00:01.30 avg=00:01.40 ETA=01:49.27 | GPU MB alloc/reserved=279.0/1932.0
2026-04-11 18:28:12 | INFO | [Round 12] epoch=3/80 loss=4.2353 acc=5.18 val_acc=nan data_t=0.0032s batch_t=0.0908s epoch_t=00:01.32 lr=0.000997 | GPU MB alloc/reserved=279.0/1932.0
2026-04-11 18:28:12 | INFO | [Round 12] Epoch 3/80 time=00:01.32 avg=00:01.37 ETA=01:45.71 | GPU MB alloc/reserved=279.0/1932.0
2026-04-11 18:28:13 | INFO | [Round 12] epoch=4/80 loss=4.0586 acc=7.41 val_acc=nan data_t=0.0025s batch_t=0.0906s epoch_t=00:01.30 lr=0.000994 | GPU MB alloc/reserved=279.0/1932.0
2026-04-11 18:28:13 | INFO | [Round 12] Epoch 4/80 time=00:01.30 avg=00:01.36 ETA=01:43.03 | GPU MB alloc/reserved=279.0/1932.0
2026-04-11 18:28:15 | INFO | [Round 12] epoch=5/80 loss=3.9792 acc=7.41 val_acc=nan data_t=0.0027s batch_t=0.0884s epoch_t=00:01.28 lr=0.000990 | GPU MB alloc/reserved=279.0/1932.0
2026-04-11 18:28:15 | INFO | [Round 12] Epoch 5/80 time=00:01.28 avg=00:01.34 ETA=01:40.50 | GPU MB alloc/reserved=279.0/1932.0
2026-04-11 18:28:16 | INFO | [Round 12] epoch=6/80 loss=3.8584 acc=8.65 val_acc=nan data_t=0.0030s batch_t=0.0900s epoch_t=00:01.30 lr=0.000986 | GPU MB alloc/reserved=279.0/1932.0
2026-04-11 18:28:16 | INFO | [Round 12] Epoch 6/80 time=00:01.30 avg=00:01.33 ETA=01:38.70 | GPU MB alloc/reserved=279.0/1932.0
2026-04-11 18:28:17 | INFO | [Round 12] epoch=7/80 loss=3.7595 acc=10.76 val_acc=nan data_t=0.0023s batch_t=0.0901s epoch_t=00:01.29 lr=0.000981 | GPU MB alloc/reserved=279.0/1932.0
2026-04-11 18:28:17 | INFO | [Round 12] Epoch 7/80 time=00:01.29 avg=00:01.33 ETA=01:36.95 | GPU MB alloc/reserved=279.0/1932.0
2026-04-11 18:28:19 | INFO | [Round 12] epoch=8/80 loss=3.6443 acc=13.41 val_acc=nan data_t=0.0024s batch_t=0.0894s epoch_t=00:01.29 lr=0.000976 | GPU MB alloc/reserved=279.0/1932.0
2026-04-11 18:28:19 | INFO | [Round 12] Epoch 8/80 time=00:01.29 avg=00:01.32 ETA=01:35.25 | GPU MB alloc/reserved=279.0/1932.0
2026-04-11 18:28:20 | INFO | [Round 12] epoch=9/80 loss=3.5023 acc=14.29 val_acc=nan data_t=0.0025s batch_t=0.0872s epoch_t=00:01.26 lr=0.000969 | GPU MB alloc/reserved=279.0/1932.0
2026-04-11 18:28:20 | INFO | [Round 12] Epoch 9/80 time=00:01.26 avg=00:01.32 ETA=01:33.40 | GPU MB alloc/reserved=279.0/1932.0
2026-04-11 18:28:21 | INFO | [Round 12] epoch=10/80 loss=3.3404 acc=17.29 val_acc=nan data_t=0.0031s batch_t=0.0885s epoch_t=00:01.28 lr=0.000962 | GPU MB alloc/reserved=279.0/1932.0
2026-04-11 18:28:21 | INFO | [Round 12] Epoch 10/80 time=00:01.28 avg=00:01.31 ETA=01:31.85 | GPU MB alloc/reserved=279.0/1932.0
2026-04-11 18:28:22 | INFO | [Round 12] epoch=11/80 loss=3.2334 acc=17.82 val_acc=nan data_t=0.0023s batch_t=0.0886s epoch_t=00:01.27 lr=0.000955 | GPU MB alloc/reserved=279.0/1932.0
2026-04-11 18:28:22 | INFO | [Round 12] Epoch 11/80 time=00:01.27 avg=00:01.31 ETA=01:30.29 | GPU MB alloc/reserved=279.0/1932.0
2026-04-11 18:28:24 | INFO | [Round 12] epoch=12/80 loss=3.1016 acc=21.47 val_acc=nan data_t=0.0027s batch_t=0.0902s epoch_t=00:01.30 lr=0.000946 | GPU MB alloc/reserved=279.0/1932.0
2026-04-11 18:28:24 | INFO | [Round 12] Epoch 12/80 time=00:01.30 avg=00:01.31 ETA=01:28.94 | GPU MB alloc/reserved=279.0/1932.0
2026-04-11 18:28:25 | INFO | [Round 12] epoch=13/80 loss=3.0431 acc=22.29 val_acc=nan data_t=0.0018s batch_t=0.0912s epoch_t=00:01.30 lr=0.000937 | GPU MB alloc/reserved=279.0/1932.0
2026-04-11 18:28:25 | INFO | [Round 12] Epoch 13/80 time=00:01.30 avg=00:01.31 ETA=01:27.60 | GPU MB alloc/reserved=279.0/1932.0
2026-04-11 18:28:26 | INFO | [Round 12] epoch=14/80 loss=2.9477 acc=25.00 val_acc=nan data_t=0.0022s batch_t=0.0896s epoch_t=00:01.28 lr=0.000927 | GPU MB alloc/reserved=279.0/1932.0
2026-04-11 18:28:26 | INFO | [Round 12] Epoch 14/80 time=00:01.28 avg=00:01.31 ETA=01:26.18 | GPU MB alloc/reserved=279.0/1932.0
2026-04-11 18:28:28 | INFO | [Round 12] epoch=15/80 loss=2.7803 acc=26.18 val_acc=nan data_t=0.0032s batch_t=0.0888s epoch_t=00:01.29 lr=0.000917 | GPU MB alloc/reserved=279.0/1932.0
2026-04-11 18:28:28 | INFO | [Round 12] Epoch 15/80 time=00:01.29 avg=00:01.30 ETA=01:24.80 | GPU MB alloc/reserved=279.0/1932.0
2026-04-11 18:28:29 | INFO | [Round 12] epoch=16/80 loss=2.6167 acc=30.35 val_acc=nan data_t=0.0028s batch_t=0.0896s epoch_t=00:01.29 lr=0.000905 | GPU MB alloc/reserved=279.0/1932.0
2026-04-11 18:28:29 | INFO | [Round 12] Epoch 16/80 time=00:01.29 avg=00:01.30 ETA=01:23.46 | GPU MB alloc/reserved=279.0/1932.0
2026-04-11 18:28:30 | INFO | [Round 12] epoch=17/80 loss=2.5005 acc=32.29 val_acc=nan data_t=0.0033s batch_t=0.0891s epoch_t=00:01.29 lr=0.000894 | GPU MB alloc/reserved=279.0/1932.0
2026-04-11 18:28:30 | INFO | [Round 12] Epoch 17/80 time=00:01.29 avg=00:01.30 ETA=01:22.11 | GPU MB alloc/reserved=279.0/1932.0
2026-04-11 18:28:31 | INFO | [Round 12] epoch=18/80 loss=2.3264 acc=35.94 val_acc=nan data_t=0.0042s batch_t=0.0902s epoch_t=00:01.32 lr=0.000881 | GPU MB alloc/reserved=279.0/1932.0
2026-04-11 18:28:31 | INFO | [Round 12] Epoch 18/80 time=00:01.32 avg=00:01.30 ETA=01:20.87 | GPU MB alloc/reserved=279.0/1932.0
2026-04-11 18:28:33 | INFO | [Round 12] epoch=19/80 loss=2.2214 acc=39.76 val_acc=nan data_t=0.0027s batch_t=0.0887s epoch_t=00:01.28 lr=0.000868 | GPU MB alloc/reserved=279.0/1932.0
2026-04-11 18:28:33 | INFO | [Round 12] Epoch 19/80 time=00:01.28 avg=00:01.30 ETA=01:19.49 | GPU MB alloc/reserved=279.0/1932.0
2026-04-11 18:28:34 | INFO | [Round 12] epoch=20/80 loss=2.1712 acc=40.76 val_acc=nan data_t=0.0036s batch_t=0.0893s epoch_t=00:01.30 lr=0.000855 | GPU MB alloc/reserved=279.0/1932.0
2026-04-11 18:28:34 | INFO | [Round 12] Epoch 20/80 time=00:01.30 avg=00:01.30 ETA=01:18.18 | GPU MB alloc/reserved=279.0/1932.0
2026-04-11 18:28:35 | INFO | [Round 12] epoch=21/80 loss=1.9956 acc=45.12 val_acc=nan data_t=0.0030s batch_t=0.0892s epoch_t=00:01.29 lr=0.000841 | GPU MB alloc/reserved=279.0/1932.0
2026-04-11 18:28:35 | INFO | [Round 12] Epoch 21/80 time=00:01.29 avg=00:01.30 ETA=01:16.84 | GPU MB alloc/reserved=279.0/1932.0
2026-04-11 18:28:37 | INFO | [Round 12] epoch=22/80 loss=1.8635 acc=48.41 val_acc=nan data_t=0.0027s batch_t=0.0878s epoch_t=00:01.27 lr=0.000826 | GPU MB alloc/reserved=279.0/1932.0
2026-04-11 18:28:37 | INFO | [Round 12] Epoch 22/80 time=00:01.27 avg=00:01.30 ETA=01:15.45 | GPU MB alloc/reserved=279.0/1932.0
2026-04-11 18:28:38 | INFO | [Round 12] epoch=23/80 loss=1.7016 acc=53.76 val_acc=nan data_t=0.0031s batch_t=0.0894s epoch_t=00:01.30 lr=0.000811 | GPU MB alloc/reserved=279.0/1932.0
2026-04-11 18:28:38 | INFO | [Round 12] Epoch 23/80 time=00:01.30 avg=00:01.30 ETA=01:14.13 | GPU MB alloc/reserved=279.0/1932.0
2026-04-11 18:28:39 | INFO | [Round 12] epoch=24/80 loss=1.6664 acc=54.41 val_acc=nan data_t=0.0019s batch_t=0.0892s epoch_t=00:01.28 lr=0.000796 | GPU MB alloc/reserved=279.0/1932.0
2026-04-11 18:28:39 | INFO | [Round 12] Epoch 24/80 time=00:01.28 avg=00:01.30 ETA=01:12.77 | GPU MB alloc/reserved=279.0/1932.0
2026-04-11 18:28:40 | INFO | [Round 12] epoch=25/80 loss=1.4938 acc=60.24 val_acc=nan data_t=0.0018s batch_t=0.0887s epoch_t=00:01.27 lr=0.000780 | GPU MB alloc/reserved=279.0/1932.0
2026-04-11 18:28:40 | INFO | [Round 12] Epoch 25/80 time=00:01.27 avg=00:01.30 ETA=01:11.40 | GPU MB alloc/reserved=279.0/1932.0
2026-04-11 18:28:42 | INFO | [Round 12] epoch=26/80 loss=1.3976 acc=62.41 val_acc=nan data_t=0.0035s batch_t=0.0892s epoch_t=00:01.30 lr=0.000764 | GPU MB alloc/reserved=279.0/1932.0
2026-04-11 18:28:42 | INFO | [Round 12] Epoch 26/80 time=00:01.30 avg=00:01.30 ETA=01:10.10 | GPU MB alloc/reserved=279.0/1932.0
2026-04-11 18:28:43 | INFO | [Round 12] epoch=27/80 loss=1.2504 acc=65.47 val_acc=nan data_t=0.0027s batch_t=0.0894s epoch_t=00:01.29 lr=0.000747 | GPU MB alloc/reserved=279.0/1932.0
2026-04-11 18:28:43 | INFO | [Round 12] Epoch 27/80 time=00:01.29 avg=00:01.30 ETA=01:08.79 | GPU MB alloc/reserved=279.0/1932.0
2026-04-11 18:28:44 | INFO | [Round 12] epoch=28/80 loss=1.2029 acc=67.00 val_acc=nan data_t=0.0024s batch_t=0.0899s epoch_t=00:01.29 lr=0.000730 | GPU MB alloc/reserved=279.0/1932.0
2026-04-11 18:28:44 | INFO | [Round 12] Epoch 28/80 time=00:01.29 avg=00:01.30 ETA=01:07.48 | GPU MB alloc/reserved=279.0/1932.0
2026-04-11 18:28:46 | INFO | [Round 12] epoch=29/80 loss=1.0760 acc=71.24 val_acc=nan data_t=0.0026s batch_t=0.0905s epoch_t=00:01.30 lr=0.000712 | GPU MB alloc/reserved=279.0/1932.0
2026-04-11 18:28:46 | INFO | [Round 12] Epoch 29/80 time=00:01.30 avg=00:01.30 ETA=01:06.20 | GPU MB alloc/reserved=279.0/1932.0
2026-04-11 18:28:47 | INFO | [Round 12] epoch=30/80 loss=1.0227 acc=73.71 val_acc=nan data_t=0.0019s batch_t=0.0890s epoch_t=00:01.27 lr=0.000694 | GPU MB alloc/reserved=279.0/1932.0
2026-04-11 18:28:47 | INFO | [Round 12] Epoch 30/80 time=00:01.27 avg=00:01.30 ETA=01:04.86 | GPU MB alloc/reserved=279.0/1932.0
2026-04-11 18:28:48 | INFO | [Round 12] epoch=31/80 loss=0.8970 acc=76.65 val_acc=nan data_t=0.0019s batch_t=0.0902s epoch_t=00:01.29 lr=0.000676 | GPU MB alloc/reserved=279.0/1932.0
2026-04-11 18:28:48 | INFO | [Round 12] Epoch 31/80 time=00:01.29 avg=00:01.30 ETA=01:03.55 | GPU MB alloc/reserved=279.0/1932.0
2026-04-11 18:28:50 | INFO | [Round 12] epoch=32/80 loss=0.7945 acc=80.12 val_acc=nan data_t=0.0019s batch_t=0.0900s epoch_t=00:01.29 lr=0.000658 | GPU MB alloc/reserved=279.0/1932.0
2026-04-11 18:28:50 | INFO | [Round 12] Epoch 32/80 time=00:01.29 avg=00:01.30 ETA=01:02.23 | GPU MB alloc/reserved=279.0/1932.0
2026-04-11 18:28:51 | INFO | [Round 12] epoch=33/80 loss=0.7038 acc=82.47 val_acc=nan data_t=0.0026s batch_t=0.0896s epoch_t=00:01.29 lr=0.000639 | GPU MB alloc/reserved=279.0/1932.0
2026-04-11 18:28:51 | INFO | [Round 12] Epoch 33/80 time=00:01.29 avg=00:01.30 ETA=01:00.93 | GPU MB alloc/reserved=279.0/1932.0
2026-04-11 18:28:52 | INFO | [Round 12] epoch=34/80 loss=0.5902 acc=86.71 val_acc=nan data_t=0.0026s batch_t=0.0759s epoch_t=00:01.10 lr=0.000621 | GPU MB alloc/reserved=279.0/1932.0
2026-04-11 18:28:52 | INFO | [Round 12] Epoch 34/80 time=00:01.10 avg=00:01.29 ETA=00:59.37 | GPU MB alloc/reserved=279.0/1932.0
2026-04-11 18:28:53 | INFO | [Round 12] epoch=35/80 loss=0.4809 acc=89.88 val_acc=nan data_t=0.0020s batch_t=0.0976s epoch_t=00:01.39 lr=0.000602 | GPU MB alloc/reserved=279.0/1932.0
2026-04-11 18:28:53 | INFO | [Round 12] Epoch 35/80 time=00:01.39 avg=00:01.29 ETA=00:58.21 | GPU MB alloc/reserved=279.0/1932.0
2026-04-11 18:28:55 | INFO | [Round 12] epoch=36/80 loss=0.4636 acc=90.71 val_acc=nan data_t=0.0037s batch_t=0.0963s epoch_t=00:01.40 lr=0.000582 | GPU MB alloc/reserved=279.0/1932.0
2026-04-11 18:28:55 | INFO | [Round 12] Epoch 36/80 time=00:01.40 avg=00:01.30 ETA=00:57.05 | GPU MB alloc/reserved=279.0/1932.0
2026-04-11 18:28:56 | INFO | [Round 12] epoch=37/80 loss=0.3852 acc=92.65 val_acc=nan data_t=0.0029s batch_t=0.0988s epoch_t=00:01.42 lr=0.000563 | GPU MB alloc/reserved=279.0/1932.0
2026-04-11 18:28:56 | INFO | [Round 12] Epoch 37/80 time=00:01.42 avg=00:01.30 ETA=00:55.90 | GPU MB alloc/reserved=279.0/1932.0
2026-04-11 18:28:58 | INFO | [Round 12] epoch=38/80 loss=0.3351 acc=94.18 val_acc=nan data_t=0.0019s batch_t=0.0989s epoch_t=00:01.41 lr=0.000544 | GPU MB alloc/reserved=279.0/1932.0
2026-04-11 18:28:58 | INFO | [Round 12] Epoch 38/80 time=00:01.41 avg=00:01.30 ETA=00:54.72 | GPU MB alloc/reserved=279.0/1932.0
2026-04-11 18:28:59 | INFO | [Round 12] epoch=39/80 loss=0.2973 acc=94.65 val_acc=nan data_t=0.0031s batch_t=0.0984s epoch_t=00:01.42 lr=0.000524 | GPU MB alloc/reserved=279.0/1932.0
2026-04-11 18:28:59 | INFO | [Round 12] Epoch 39/80 time=00:01.42 avg=00:01.31 ETA=00:53.54 | GPU MB alloc/reserved=279.0/1932.0
2026-04-11 18:29:00 | INFO | [Round 12] epoch=40/80 loss=0.3149 acc=94.53 val_acc=nan data_t=0.0031s batch_t=0.0989s epoch_t=00:01.43 lr=0.000505 | GPU MB alloc/reserved=279.0/1932.0
2026-04-11 18:29:00 | INFO | [Round 12] Epoch 40/80 time=00:01.43 avg=00:01.31 ETA=00:52.36 | GPU MB alloc/reserved=279.0/1932.0
2026-04-11 18:29:01 | INFO | [Round 12] epoch=41/80 loss=0.2703 acc=94.88 val_acc=nan data_t=0.0030s batch_t=0.0603s epoch_t=00:00.89 lr=0.000486 | GPU MB alloc/reserved=279.0/1932.0
2026-04-11 18:29:01 | INFO | [Round 12] Epoch 41/80 time=00:00.89 avg=00:01.30 ETA=00:50.65 | GPU MB alloc/reserved=279.0/1932.0
2026-04-11 18:29:02 | INFO | [Round 12] epoch=42/80 loss=0.2196 acc=96.88 val_acc=nan data_t=0.0019s batch_t=0.0805s epoch_t=00:01.15 lr=0.000466 | GPU MB alloc/reserved=279.0/1932.0
2026-04-11 18:29:02 | INFO | [Round 12] Epoch 42/80 time=00:01.15 avg=00:01.30 ETA=00:49.22 | GPU MB alloc/reserved=279.0/1932.0
2026-04-11 18:29:04 | INFO | [Round 12] epoch=43/80 loss=0.2133 acc=96.65 val_acc=nan data_t=0.0029s batch_t=0.0993s epoch_t=00:01.43 lr=0.000447 | GPU MB alloc/reserved=279.0/1932.0
2026-04-11 18:29:04 | INFO | [Round 12] Epoch 43/80 time=00:01.43 avg=00:01.30 ETA=00:48.04 | GPU MB alloc/reserved=279.0/1932.0
2026-04-11 18:29:05 | INFO | [Round 12] epoch=44/80 loss=0.1913 acc=97.41 val_acc=nan data_t=0.0030s batch_t=0.0984s epoch_t=00:01.42 lr=0.000428 | GPU MB alloc/reserved=279.0/1932.0
2026-04-11 18:29:05 | INFO | [Round 12] Epoch 44/80 time=00:01.42 avg=00:01.30 ETA=00:46.84 | GPU MB alloc/reserved=279.0/1932.0
2026-04-11 18:29:06 | INFO | [Round 12] epoch=45/80 loss=0.1730 acc=97.71 val_acc=nan data_t=0.0018s batch_t=0.0731s epoch_t=00:01.05 lr=0.000408 | GPU MB alloc/reserved=279.0/1932.0
2026-04-11 18:29:06 | INFO | [Round 12] Epoch 45/80 time=00:01.05 avg=00:01.30 ETA=00:45.34 | GPU MB alloc/reserved=279.0/1932.0
2026-04-11 18:29:08 | INFO | [Round 12] epoch=46/80 loss=0.1599 acc=97.94 val_acc=nan data_t=0.0018s batch_t=0.0888s epoch_t=00:01.27 lr=0.000389 | GPU MB alloc/reserved=279.0/1932.0
2026-04-11 18:29:08 | INFO | [Round 12] Epoch 46/80 time=00:01.27 avg=00:01.29 ETA=00:44.03 | GPU MB alloc/reserved=279.0/1932.0
2026-04-11 18:29:09 | INFO | [Round 12] epoch=47/80 loss=0.1193 acc=99.12 val_acc=nan data_t=0.0022s batch_t=0.0854s epoch_t=00:01.23 lr=0.000371 | GPU MB alloc/reserved=279.0/1932.0
2026-04-11 18:29:09 | INFO | [Round 12] Epoch 47/80 time=00:01.23 avg=00:01.29 ETA=00:42.68 | GPU MB alloc/reserved=279.0/1932.0
2026-04-11 18:29:10 | INFO | [Round 12] epoch=48/80 loss=0.1058 acc=99.18 val_acc=nan data_t=0.0031s batch_t=0.0882s epoch_t=00:01.28 lr=0.000352 | GPU MB alloc/reserved=279.0/1932.0
2026-04-11 18:29:10 | INFO | [Round 12] Epoch 48/80 time=00:01.28 avg=00:01.29 ETA=00:41.38 | GPU MB alloc/reserved=279.0/1932.0
2026-04-11 18:29:12 | INFO | [Round 12] epoch=49/80 loss=0.0967 acc=98.82 val_acc=nan data_t=0.0034s batch_t=0.0900s epoch_t=00:01.31 lr=0.000334 | GPU MB alloc/reserved=279.0/1932.0
2026-04-11 18:29:12 | INFO | [Round 12] Epoch 49/80 time=00:01.31 avg=00:01.29 ETA=00:40.10 | GPU MB alloc/reserved=279.0/1932.0
2026-04-11 18:29:13 | INFO | [Round 12] epoch=50/80 loss=0.0840 acc=99.47 val_acc=nan data_t=0.0018s batch_t=0.0896s epoch_t=00:01.28 lr=0.000316 | GPU MB alloc/reserved=279.0/1932.0
2026-04-11 18:29:13 | INFO | [Round 12] Epoch 50/80 time=00:01.28 avg=00:01.29 ETA=00:38.80 | GPU MB alloc/reserved=279.0/1932.0
2026-04-11 18:29:14 | INFO | [Round 12] epoch=51/80 loss=0.0806 acc=99.76 val_acc=nan data_t=0.0034s batch_t=0.0907s epoch_t=00:01.32 lr=0.000298 | GPU MB alloc/reserved=279.0/1932.0
2026-04-11 18:29:14 | INFO | [Round 12] Epoch 51/80 time=00:01.32 avg=00:01.29 ETA=00:37.52 | GPU MB alloc/reserved=279.0/1932.0
2026-04-11 18:29:15 | INFO | [Round 12] epoch=52/80 loss=0.0657 acc=99.71 val_acc=nan data_t=0.0029s batch_t=0.0907s epoch_t=00:01.31 lr=0.000280 | GPU MB alloc/reserved=279.0/1932.0
2026-04-11 18:29:15 | INFO | [Round 12] Epoch 52/80 time=00:01.31 avg=00:01.29 ETA=00:36.23 | GPU MB alloc/reserved=279.0/1932.0
2026-04-11 18:29:17 | INFO | [Round 12] epoch=53/80 loss=0.0622 acc=99.76 val_acc=nan data_t=0.0019s batch_t=0.0892s epoch_t=00:01.28 lr=0.000263 | GPU MB alloc/reserved=279.0/1932.0
2026-04-11 18:29:17 | INFO | [Round 12] Epoch 53/80 time=00:01.28 avg=00:01.29 ETA=00:34.93 | GPU MB alloc/reserved=279.0/1932.0
2026-04-11 18:29:18 | INFO | [Round 12] epoch=54/80 loss=0.0606 acc=99.65 val_acc=nan data_t=0.0020s batch_t=0.0914s epoch_t=00:01.31 lr=0.000246 | GPU MB alloc/reserved=279.0/1932.0
2026-04-11 18:29:18 | INFO | [Round 12] Epoch 54/80 time=00:01.31 avg=00:01.29 ETA=00:33.64 | GPU MB alloc/reserved=279.0/1932.0
2026-04-11 18:29:19 | INFO | [Round 12] epoch=55/80 loss=0.0530 acc=99.88 val_acc=nan data_t=0.0024s batch_t=0.0902s epoch_t=00:01.30 lr=0.000230 | GPU MB alloc/reserved=279.0/1932.0
2026-04-11 18:29:19 | INFO | [Round 12] Epoch 55/80 time=00:01.30 avg=00:01.29 ETA=00:32.35 | GPU MB alloc/reserved=279.0/1932.0
2026-04-11 18:29:21 | INFO | [Round 12] epoch=56/80 loss=0.0493 acc=99.94 val_acc=nan data_t=0.0024s batch_t=0.0896s epoch_t=00:01.29 lr=0.000214 | GPU MB alloc/reserved=279.0/1932.0
2026-04-11 18:29:21 | INFO | [Round 12] Epoch 56/80 time=00:01.29 avg=00:01.29 ETA=00:31.05 | GPU MB alloc/reserved=279.0/1932.0
2026-04-11 18:29:22 | INFO | [Round 12] epoch=57/80 loss=0.0467 acc=99.76 val_acc=nan data_t=0.0019s batch_t=0.0900s epoch_t=00:01.29 lr=0.000199 | GPU MB alloc/reserved=279.0/1932.0
2026-04-11 18:29:22 | INFO | [Round 12] Epoch 57/80 time=00:01.29 avg=00:01.29 ETA=00:29.76 | GPU MB alloc/reserved=279.0/1932.0
2026-04-11 18:29:23 | INFO | [Round 12] epoch=58/80 loss=0.0441 acc=99.88 val_acc=nan data_t=0.0019s batch_t=0.0902s epoch_t=00:01.29 lr=0.000184 | GPU MB alloc/reserved=279.0/1932.0
2026-04-11 18:29:23 | INFO | [Round 12] Epoch 58/80 time=00:01.29 avg=00:01.29 ETA=00:28.46 | GPU MB alloc/reserved=279.0/1932.0
2026-04-11 18:29:24 | INFO | [Round 12] epoch=59/80 loss=0.0392 acc=99.94 val_acc=nan data_t=0.0022s batch_t=0.0914s epoch_t=00:01.31 lr=0.000169 | GPU MB alloc/reserved=279.0/1932.0
2026-04-11 18:29:24 | INFO | [Round 12] Epoch 59/80 time=00:01.31 avg=00:01.29 ETA=00:27.17 | GPU MB alloc/reserved=279.0/1932.0
2026-04-11 18:29:26 | INFO | [Round 12] epoch=60/80 loss=0.0400 acc=99.82 val_acc=nan data_t=0.0023s batch_t=0.0910s epoch_t=00:01.31 lr=0.000155 | GPU MB alloc/reserved=279.0/1932.0
2026-04-11 18:29:26 | INFO | [Round 12] Epoch 60/80 time=00:01.31 avg=00:01.29 ETA=00:25.88 | GPU MB alloc/reserved=279.0/1932.0
2026-04-11 18:29:27 | INFO | [Round 12] epoch=61/80 loss=0.0380 acc=99.88 val_acc=nan data_t=0.0031s batch_t=0.0899s epoch_t=00:01.30 lr=0.000142 | GPU MB alloc/reserved=279.0/1932.0
2026-04-11 18:29:27 | INFO | [Round 12] Epoch 61/80 time=00:01.30 avg=00:01.29 ETA=00:24.59 | GPU MB alloc/reserved=279.0/1932.0
2026-04-11 18:29:28 | INFO | [Round 12] epoch=62/80 loss=0.0381 acc=99.82 val_acc=nan data_t=0.0030s batch_t=0.0903s epoch_t=00:01.31 lr=0.000129 | GPU MB alloc/reserved=279.0/1932.0
2026-04-11 18:29:28 | INFO | [Round 12] Epoch 62/80 time=00:01.31 avg=00:01.29 ETA=00:23.30 | GPU MB alloc/reserved=279.0/1932.0
2026-04-11 18:29:30 | INFO | [Round 12] epoch=63/80 loss=0.0373 acc=99.71 val_acc=nan data_t=0.0020s batch_t=0.0900s epoch_t=00:01.29 lr=0.000116 | GPU MB alloc/reserved=279.0/1932.0
2026-04-11 18:29:30 | INFO | [Round 12] Epoch 63/80 time=00:01.29 avg=00:01.29 ETA=00:22.01 | GPU MB alloc/reserved=279.0/1932.0
2026-04-11 18:29:31 | INFO | [Round 12] epoch=64/80 loss=0.0369 acc=99.76 val_acc=nan data_t=0.0039s batch_t=0.0907s epoch_t=00:01.32 lr=0.000105 | GPU MB alloc/reserved=279.0/1932.0
2026-04-11 18:29:31 | INFO | [Round 12] Epoch 64/80 time=00:01.32 avg=00:01.29 ETA=00:20.72 | GPU MB alloc/reserved=279.0/1932.0
2026-04-11 18:29:32 | INFO | [Round 12] epoch=65/80 loss=0.0349 acc=99.88 val_acc=nan data_t=0.0023s batch_t=0.0902s epoch_t=00:01.29 lr=0.000093 | GPU MB alloc/reserved=279.0/1932.0
2026-04-11 18:29:32 | INFO | [Round 12] Epoch 65/80 time=00:01.29 avg=00:01.29 ETA=00:19.42 | GPU MB alloc/reserved=279.0/1932.0
2026-04-11 18:29:34 | INFO | [Round 12] epoch=66/80 loss=0.0336 acc=99.88 val_acc=nan data_t=0.0034s batch_t=0.0901s epoch_t=00:01.31 lr=0.000083 | GPU MB alloc/reserved=279.0/1932.0
2026-04-11 18:29:34 | INFO | [Round 12] Epoch 66/80 time=00:01.31 avg=00:01.30 ETA=00:18.13 | GPU MB alloc/reserved=279.0/1932.0
2026-04-11 18:29:35 | INFO | [Round 12] epoch=67/80 loss=0.0323 acc=99.94 val_acc=nan data_t=0.0028s batch_t=0.0903s epoch_t=00:01.30 lr=0.000073 | GPU MB alloc/reserved=279.0/1932.0
2026-04-11 18:29:35 | INFO | [Round 12] Epoch 67/80 time=00:01.30 avg=00:01.30 ETA=00:16.84 | GPU MB alloc/reserved=279.0/1932.0
2026-04-11 18:29:36 | INFO | [Round 12] epoch=68/80 loss=0.0345 acc=99.94 val_acc=nan data_t=0.0021s batch_t=0.0902s epoch_t=00:01.29 lr=0.000064 | GPU MB alloc/reserved=279.0/1932.0
2026-04-11 18:29:36 | INFO | [Round 12] Epoch 68/80 time=00:01.29 avg=00:01.30 ETA=00:15.54 | GPU MB alloc/reserved=279.0/1932.0
2026-04-11 18:29:37 | INFO | [Round 12] epoch=69/80 loss=0.0310 acc=99.94 val_acc=nan data_t=0.0020s batch_t=0.0879s epoch_t=00:01.26 lr=0.000055 | GPU MB alloc/reserved=279.0/1932.0
2026-04-11 18:29:37 | INFO | [Round 12] Epoch 69/80 time=00:01.26 avg=00:01.29 ETA=00:14.24 | GPU MB alloc/reserved=279.0/1932.0
2026-04-11 18:29:39 | INFO | [Round 12] epoch=70/80 loss=0.0301 acc=100.00 val_acc=nan data_t=0.0023s batch_t=0.0890s epoch_t=00:01.28 lr=0.000048 | GPU MB alloc/reserved=279.0/1932.0
2026-04-11 18:29:39 | INFO | [Round 12] Epoch 70/80 time=00:01.28 avg=00:01.29 ETA=00:12.94 | GPU MB alloc/reserved=279.0/1932.0
2026-04-11 18:29:40 | INFO | [Round 12] epoch=71/80 loss=0.0309 acc=99.94 val_acc=nan data_t=0.0035s batch_t=0.0890s epoch_t=00:01.29 lr=0.000041 | GPU MB alloc/reserved=279.0/1932.0
2026-04-11 18:29:40 | INFO | [Round 12] Epoch 71/80 time=00:01.29 avg=00:01.29 ETA=00:11.65 | GPU MB alloc/reserved=279.0/1932.0
2026-04-11 18:29:41 | INFO | [Round 12] epoch=72/80 loss=0.0292 acc=100.00 val_acc=nan data_t=0.0019s batch_t=0.0875s epoch_t=00:01.25 lr=0.000034 | GPU MB alloc/reserved=279.0/1932.0
2026-04-11 18:29:41 | INFO | [Round 12] Epoch 72/80 time=00:01.25 avg=00:01.29 ETA=00:10.35 | GPU MB alloc/reserved=279.0/1932.0
2026-04-11 18:29:43 | INFO | [Round 12] epoch=73/80 loss=0.0293 acc=100.00 val_acc=nan data_t=0.0028s batch_t=0.0891s epoch_t=00:01.29 lr=0.000029 | GPU MB alloc/reserved=279.0/1932.0
2026-04-11 18:29:43 | INFO | [Round 12] Epoch 73/80 time=00:01.29 avg=00:01.29 ETA=00:09.06 | GPU MB alloc/reserved=279.0/1932.0
2026-04-11 18:29:44 | INFO | [Round 12] epoch=74/80 loss=0.0295 acc=100.00 val_acc=nan data_t=0.0025s batch_t=0.0754s epoch_t=00:01.09 lr=0.000024 | GPU MB alloc/reserved=279.0/1932.0
2026-04-11 18:29:44 | INFO | [Round 12] Epoch 74/80 time=00:01.09 avg=00:01.29 ETA=00:07.75 | GPU MB alloc/reserved=279.0/1932.0
2026-04-11 18:29:45 | INFO | [Round 12] epoch=75/80 loss=0.0279 acc=100.00 val_acc=nan data_t=0.0021s batch_t=0.0996s epoch_t=00:01.42 lr=0.000020 | GPU MB alloc/reserved=279.0/1932.0
2026-04-11 18:29:45 | INFO | [Round 12] Epoch 75/80 time=00:01.42 avg=00:01.29 ETA=00:06.46 | GPU MB alloc/reserved=279.0/1932.0
2026-04-11 18:29:47 | INFO | [Round 12] epoch=76/80 loss=0.0280 acc=100.00 val_acc=nan data_t=0.0020s batch_t=0.0967s epoch_t=00:01.38 lr=0.000016 | GPU MB alloc/reserved=279.0/1932.0
2026-04-11 18:29:47 | INFO | [Round 12] Epoch 76/80 time=00:01.38 avg=00:01.29 ETA=00:05.18 | GPU MB alloc/reserved=279.0/1932.0
2026-04-11 18:29:48 | INFO | [Round 12] epoch=77/80 loss=0.0298 acc=99.94 val_acc=nan data_t=0.0019s batch_t=0.0989s epoch_t=00:01.41 lr=0.000013 | GPU MB alloc/reserved=279.0/1932.0
2026-04-11 18:29:48 | INFO | [Round 12] Epoch 77/80 time=00:01.41 avg=00:01.30 ETA=00:03.89 | GPU MB alloc/reserved=279.0/1932.0
2026-04-11 18:29:49 | INFO | [Round 12] epoch=78/80 loss=0.0263 acc=100.00 val_acc=nan data_t=0.0023s batch_t=0.0986s epoch_t=00:01.41 lr=0.000012 | GPU MB alloc/reserved=279.0/1932.0
2026-04-11 18:29:49 | INFO | [Round 12] Epoch 78/80 time=00:01.41 avg=00:01.30 ETA=00:02.59 | GPU MB alloc/reserved=279.0/1932.0
2026-04-11 18:29:51 | INFO | [Round 12] epoch=79/80 loss=0.0275 acc=100.00 val_acc=nan data_t=0.0034s batch_t=0.0980s epoch_t=00:01.42 lr=0.000010 | GPU MB alloc/reserved=279.0/1932.0
2026-04-11 18:29:51 | INFO | [Round 12] Epoch 79/80 time=00:01.42 avg=00:01.30 ETA=00:01.30 | GPU MB alloc/reserved=279.0/1932.0
2026-04-11 18:29:52 | INFO | [Round 12] epoch=80/80 loss=0.0253 acc=100.00 val_acc=nan data_t=0.0028s batch_t=0.0905s epoch_t=00:01.31 lr=0.000010 | GPU MB alloc/reserved=279.0/1932.0
2026-04-11 18:29:52 | INFO | [Round 12] Epoch 80/80 time=00:01.31 avg=00:01.30 ETA=00:00.00 | GPU MB alloc/reserved=279.0/1932.0
2026-04-11 18:29:52 | INFO | [Round 12] training complete in 01:44.23 (best monitor=100.000) | GPU MB alloc/reserved=279.0/1932.0
2026-04-11 18:29:52 | INFO | [Round 12] evaluation started | GPU MB alloc/reserved=192.8/1932.0
2026-04-11 18:30:00 | INFO | [Round 12] clean=18.78 fgsm=13.91 pgd=13.80 grad_disp_mean=nan grad_disp_sel=nan round_t=114.95s | GPU MB alloc/reserved=192.8/1932.0
2026-04-11 18:30:00 | INFO | [Round 13/21] elapsed=01:54.95 avg_round=01:17.78 projected_remaining=10:22.24 | GPU MB alloc/reserved=192.8/1932.0
2026-04-11 18:30:01 | INFO | [Round 13] acquisition on pool_size=48300 scored_pool=5000 budget=100 | GPU MB alloc/reserved=104.6/1932.0
2026-04-11 18:30:01 | INFO | [CoreSet-unlabeled-feat] scoring progress 10/20 elapsed=00:00.24 avg/batch=0.024s ETA=00:00.24 | GPU MB alloc/reserved=112.7/1932.0
2026-04-11 18:30:02 | INFO | [CoreSet-unlabeled-feat] scoring progress 20/20 elapsed=00:00.39 avg/batch=0.020s ETA=00:00.00 | GPU MB alloc/reserved=116.0/1932.0
2026-04-11 18:30:02 | INFO | [CoreSet-labeled-feat] scoring progress 7/7 elapsed=00:00.25 avg/batch=0.035s ETA=00:00.00 | GPU MB alloc/reserved=119.7/1932.0
2026-04-11 18:30:02 | INFO | [CoreSet] greedy 10/100 cover_radius=27.024399 | GPU: n/a
2026-04-11 18:30:02 | INFO | [CoreSet] greedy 20/100 cover_radius=26.635563 | GPU: n/a
2026-04-11 18:30:02 | INFO | [CoreSet] greedy 30/100 cover_radius=26.474102 | GPU: n/a
2026-04-11 18:30:02 | INFO | [CoreSet] greedy 40/100 cover_radius=26.324928 | GPU: n/a
2026-04-11 18:30:03 | INFO | [CoreSet] greedy 50/100 cover_radius=26.160681 | GPU: n/a
2026-04-11 18:30:03 | INFO | [CoreSet] greedy 60/100 cover_radius=25.944511 | GPU: n/a
2026-04-11 18:30:03 | INFO | [CoreSet] greedy 70/100 cover_radius=25.885744 | GPU: n/a
2026-04-11 18:30:03 | INFO | [CoreSet] greedy 80/100 cover_radius=25.776262 | GPU: n/a
2026-04-11 18:30:03 | INFO | [CoreSet] greedy 90/100 cover_radius=25.728937 | GPU: n/a
2026-04-11 18:30:03 | INFO | [CoreSet] greedy 100/100 cover_radius=25.652113 | GPU: n/a
2026-04-11 18:30:04 | INFO | [Round 13] labeled=1800 train=1800 val_fixed=0 | GPU MB alloc/reserved=148.6/1932.0
2026-04-11 18:30:05 | INFO | [Round 13] epoch=1/80 loss=4.6716 acc=2.17 val_acc=nan data_t=0.0126s batch_t=0.0940s epoch_t=00:01.60 lr=0.001000 | GPU MB alloc/reserved=279.4/1932.0
2026-04-11 18:30:05 | INFO | [Round 13] Epoch 1/80 time=00:01.60 avg=00:01.60 ETA=02:06.30 | GPU MB alloc/reserved=279.4/1932.0
2026-04-11 18:30:07 | INFO | [Round 13] epoch=2/80 loss=4.4455 acc=3.39 val_acc=nan data_t=0.0027s batch_t=0.0895s epoch_t=00:01.38 lr=0.000998 | GPU MB alloc/reserved=279.4/1932.0
2026-04-11 18:30:07 | INFO | [Round 13] Epoch 2/80 time=00:01.38 avg=00:01.49 ETA=01:56.26 | GPU MB alloc/reserved=279.4/1932.0
2026-04-11 18:30:08 | INFO | [Round 13] epoch=3/80 loss=4.2831 acc=4.44 val_acc=nan data_t=0.0018s batch_t=0.0880s epoch_t=00:01.35 lr=0.000997 | GPU MB alloc/reserved=279.4/1932.0
2026-04-11 18:30:08 | INFO | [Round 13] Epoch 3/80 time=00:01.35 avg=00:01.44 ETA=01:51.06 | GPU MB alloc/reserved=279.4/1932.0
2026-04-11 18:30:09 | INFO | [Round 13] epoch=4/80 loss=4.1371 acc=6.50 val_acc=nan data_t=0.0019s batch_t=0.0890s epoch_t=00:01.37 lr=0.000994 | GPU MB alloc/reserved=279.4/1932.0
2026-04-11 18:30:09 | INFO | [Round 13] Epoch 4/80 time=00:01.37 avg=00:01.42 ETA=01:48.15 | GPU MB alloc/reserved=279.4/1932.0
2026-04-11 18:30:11 | INFO | [Round 13] epoch=5/80 loss=4.1071 acc=5.67 val_acc=nan data_t=0.0022s batch_t=0.0894s epoch_t=00:01.37 lr=0.000990 | GPU MB alloc/reserved=279.4/1932.0
2026-04-11 18:30:11 | INFO | [Round 13] Epoch 5/80 time=00:01.37 avg=00:01.41 ETA=01:45.99 | GPU MB alloc/reserved=279.4/1932.0
2026-04-11 18:30:12 | INFO | [Round 13] epoch=6/80 loss=4.0238 acc=7.17 val_acc=nan data_t=0.0029s batch_t=0.0893s epoch_t=00:01.38 lr=0.000986 | GPU MB alloc/reserved=279.4/1932.0
2026-04-11 18:30:12 | INFO | [Round 13] Epoch 6/80 time=00:01.38 avg=00:01.41 ETA=01:44.20 | GPU MB alloc/reserved=279.4/1932.0
2026-04-11 18:30:13 | INFO | [Round 13] epoch=7/80 loss=3.9847 acc=7.06 val_acc=nan data_t=0.0032s batch_t=0.0885s epoch_t=00:01.38 lr=0.000981 | GPU MB alloc/reserved=279.4/1932.0
2026-04-11 18:30:13 | INFO | [Round 13] Epoch 7/80 time=00:01.38 avg=00:01.40 ETA=01:42.45 | GPU MB alloc/reserved=279.4/1932.0
2026-04-11 18:30:15 | INFO | [Round 13] epoch=8/80 loss=3.8885 acc=8.39 val_acc=nan data_t=0.0036s batch_t=0.0882s epoch_t=00:01.38 lr=0.000976 | GPU MB alloc/reserved=279.4/1932.0
2026-04-11 18:30:15 | INFO | [Round 13] Epoch 8/80 time=00:01.38 avg=00:01.40 ETA=01:40.81 | GPU MB alloc/reserved=279.4/1932.0
2026-04-11 18:30:16 | INFO | [Round 13] epoch=9/80 loss=3.8428 acc=9.22 val_acc=nan data_t=0.0023s batch_t=0.0888s epoch_t=00:01.37 lr=0.000969 | GPU MB alloc/reserved=279.4/1932.0
2026-04-11 18:30:16 | INFO | [Round 13] Epoch 9/80 time=00:01.37 avg=00:01.40 ETA=01:39.14 | GPU MB alloc/reserved=279.4/1932.0
2026-04-11 18:30:18 | INFO | [Round 13] epoch=10/80 loss=3.7447 acc=10.94 val_acc=nan data_t=0.0033s batch_t=0.0880s epoch_t=00:01.37 lr=0.000962 | GPU MB alloc/reserved=279.4/1932.0
2026-04-11 18:30:18 | INFO | [Round 13] Epoch 10/80 time=00:01.37 avg=00:01.39 ETA=01:37.56 | GPU MB alloc/reserved=279.4/1932.0
2026-04-11 18:30:19 | INFO | [Round 13] epoch=11/80 loss=3.7176 acc=10.17 val_acc=nan data_t=0.0018s batch_t=0.0866s epoch_t=00:01.33 lr=0.000955 | GPU MB alloc/reserved=279.4/1932.0
2026-04-11 18:30:19 | INFO | [Round 13] Epoch 11/80 time=00:01.33 avg=00:01.39 ETA=01:35.74 | GPU MB alloc/reserved=279.4/1932.0
2026-04-11 18:30:20 | INFO | [Round 13] epoch=12/80 loss=3.6611 acc=11.33 val_acc=nan data_t=0.0017s batch_t=0.0904s epoch_t=00:01.38 lr=0.000946 | GPU MB alloc/reserved=279.4/1932.0
2026-04-11 18:30:20 | INFO | [Round 13] Epoch 12/80 time=00:01.38 avg=00:01.39 ETA=01:34.32 | GPU MB alloc/reserved=279.4/1932.0
2026-04-11 18:30:22 | INFO | [Round 13] epoch=13/80 loss=3.5797 acc=12.11 val_acc=nan data_t=0.0018s batch_t=0.0876s epoch_t=00:01.34 lr=0.000937 | GPU MB alloc/reserved=279.4/1932.0
2026-04-11 18:30:22 | INFO | [Round 13] Epoch 13/80 time=00:01.34 avg=00:01.38 ETA=01:32.70 | GPU MB alloc/reserved=279.4/1932.0
2026-04-11 18:30:23 | INFO | [Round 13] epoch=14/80 loss=3.4895 acc=14.94 val_acc=nan data_t=0.0024s batch_t=0.0897s epoch_t=00:01.38 lr=0.000927 | GPU MB alloc/reserved=279.4/1932.0
2026-04-11 18:30:23 | INFO | [Round 13] Epoch 14/80 time=00:01.38 avg=00:01.38 ETA=01:31.31 | GPU MB alloc/reserved=279.4/1932.0
2026-04-11 18:30:24 | INFO | [Round 13] epoch=15/80 loss=3.4154 acc=15.44 val_acc=nan data_t=0.0023s batch_t=0.0891s epoch_t=00:01.37 lr=0.000917 | GPU MB alloc/reserved=279.4/1932.0
2026-04-11 18:30:24 | INFO | [Round 13] Epoch 15/80 time=00:01.37 avg=00:01.38 ETA=01:29.88 | GPU MB alloc/reserved=279.4/1932.0
2026-04-11 18:30:26 | INFO | [Round 13] epoch=16/80 loss=3.3337 acc=16.11 val_acc=nan data_t=0.0017s batch_t=0.0906s epoch_t=00:01.38 lr=0.000905 | GPU MB alloc/reserved=279.4/1932.0
2026-04-11 18:30:26 | INFO | [Round 13] Epoch 16/80 time=00:01.38 avg=00:01.38 ETA=01:28.50 | GPU MB alloc/reserved=279.4/1932.0
2026-04-11 18:30:27 | INFO | [Round 13] epoch=17/80 loss=3.2152 acc=17.89 val_acc=nan data_t=0.0027s batch_t=0.0902s epoch_t=00:01.39 lr=0.000894 | GPU MB alloc/reserved=279.4/1932.0
2026-04-11 18:30:27 | INFO | [Round 13] Epoch 17/80 time=00:01.39 avg=00:01.38 ETA=01:27.16 | GPU MB alloc/reserved=279.4/1932.0
2026-04-11 18:30:29 | INFO | [Round 13] epoch=18/80 loss=3.2501 acc=18.17 val_acc=nan data_t=0.0034s batch_t=0.0897s epoch_t=00:01.40 lr=0.000881 | GPU MB alloc/reserved=279.4/1932.0
2026-04-11 18:30:29 | INFO | [Round 13] Epoch 18/80 time=00:01.40 avg=00:01.38 ETA=01:25.83 | GPU MB alloc/reserved=279.4/1932.0
2026-04-11 18:30:30 | INFO | [Round 13] epoch=19/80 loss=3.1250 acc=20.56 val_acc=nan data_t=0.0031s batch_t=0.0892s epoch_t=00:01.39 lr=0.000868 | GPU MB alloc/reserved=279.4/1932.0
2026-04-11 18:30:30 | INFO | [Round 13] Epoch 19/80 time=00:01.39 avg=00:01.38 ETA=01:24.44 | GPU MB alloc/reserved=279.4/1932.0
2026-04-11 18:30:31 | INFO | [Round 13] epoch=20/80 loss=3.0544 acc=21.28 val_acc=nan data_t=0.0029s batch_t=0.0883s epoch_t=00:01.37 lr=0.000855 | GPU MB alloc/reserved=279.4/1932.0
2026-04-11 18:30:31 | INFO | [Round 13] Epoch 20/80 time=00:01.37 avg=00:01.38 ETA=01:23.01 | GPU MB alloc/reserved=279.4/1932.0
2026-04-11 18:30:33 | INFO | [Round 13] epoch=21/80 loss=3.0345 acc=21.83 val_acc=nan data_t=0.0018s batch_t=0.0884s epoch_t=00:01.35 lr=0.000841 | GPU MB alloc/reserved=279.4/1932.0
2026-04-11 18:30:33 | INFO | [Round 13] Epoch 21/80 time=00:01.35 avg=00:01.38 ETA=01:21.54 | GPU MB alloc/reserved=279.4/1932.0
2026-04-11 18:30:34 | INFO | [Round 13] epoch=22/80 loss=2.9265 acc=22.67 val_acc=nan data_t=0.0030s batch_t=0.0888s epoch_t=00:01.38 lr=0.000826 | GPU MB alloc/reserved=279.4/1932.0
2026-04-11 18:30:34 | INFO | [Round 13] Epoch 22/80 time=00:01.38 avg=00:01.38 ETA=01:20.15 | GPU MB alloc/reserved=279.4/1932.0
2026-04-11 18:30:35 | INFO | [Round 13] epoch=23/80 loss=2.8656 acc=25.67 val_acc=nan data_t=0.0022s batch_t=0.0890s epoch_t=00:01.37 lr=0.000811 | GPU MB alloc/reserved=279.4/1932.0
2026-04-11 18:30:35 | INFO | [Round 13] Epoch 23/80 time=00:01.37 avg=00:01.38 ETA=01:18.73 | GPU MB alloc/reserved=279.4/1932.0
2026-04-11 18:30:37 | INFO | [Round 13] epoch=24/80 loss=2.7893 acc=26.33 val_acc=nan data_t=0.0027s batch_t=0.0891s epoch_t=00:01.38 lr=0.000796 | GPU MB alloc/reserved=279.4/1932.0
2026-04-11 18:30:37 | INFO | [Round 13] Epoch 24/80 time=00:01.38 avg=00:01.38 ETA=01:17.34 | GPU MB alloc/reserved=279.4/1932.0
2026-04-11 18:30:38 | INFO | [Round 13] epoch=25/80 loss=2.6993 acc=27.89 val_acc=nan data_t=0.0034s batch_t=0.0893s epoch_t=00:01.39 lr=0.000780 | GPU MB alloc/reserved=279.4/1932.0
2026-04-11 18:30:38 | INFO | [Round 13] Epoch 25/80 time=00:01.39 avg=00:01.38 ETA=01:15.98 | GPU MB alloc/reserved=279.4/1932.0
2026-04-11 18:30:40 | INFO | [Round 13] epoch=26/80 loss=2.5865 acc=29.78 val_acc=nan data_t=0.0019s batch_t=0.0901s epoch_t=00:01.38 lr=0.000764 | GPU MB alloc/reserved=279.4/1932.0
2026-04-11 18:30:40 | INFO | [Round 13] Epoch 26/80 time=00:01.38 avg=00:01.38 ETA=01:14.60 | GPU MB alloc/reserved=279.4/1932.0
2026-04-11 18:30:41 | INFO | [Round 13] epoch=27/80 loss=2.5628 acc=31.28 val_acc=nan data_t=0.0036s batch_t=0.0894s epoch_t=00:01.39 lr=0.000747 | GPU MB alloc/reserved=279.4/1932.0
2026-04-11 18:30:41 | INFO | [Round 13] Epoch 27/80 time=00:01.39 avg=00:01.38 ETA=01:13.24 | GPU MB alloc/reserved=279.4/1932.0
2026-04-11 18:30:42 | INFO | [Round 13] epoch=28/80 loss=2.4159 acc=35.00 val_acc=nan data_t=0.0027s batch_t=0.0902s epoch_t=00:01.39 lr=0.000730 | GPU MB alloc/reserved=279.4/1932.0
2026-04-11 18:30:42 | INFO | [Round 13] Epoch 28/80 time=00:01.39 avg=00:01.38 ETA=01:11.88 | GPU MB alloc/reserved=279.4/1932.0
2026-04-11 18:30:44 | INFO | [Round 13] epoch=29/80 loss=2.4007 acc=35.28 val_acc=nan data_t=0.0024s batch_t=0.0893s epoch_t=00:01.38 lr=0.000712 | GPU MB alloc/reserved=279.4/1932.0
2026-04-11 18:30:44 | INFO | [Round 13] Epoch 29/80 time=00:01.38 avg=00:01.38 ETA=01:10.49 | GPU MB alloc/reserved=279.4/1932.0
2026-04-11 18:30:45 | INFO | [Round 13] epoch=30/80 loss=2.3811 acc=35.50 val_acc=nan data_t=0.0018s batch_t=0.0890s epoch_t=00:01.36 lr=0.000694 | GPU MB alloc/reserved=279.4/1932.0
2026-04-11 18:30:45 | INFO | [Round 13] Epoch 30/80 time=00:01.36 avg=00:01.38 ETA=01:09.07 | GPU MB alloc/reserved=279.4/1932.0
2026-04-11 18:30:47 | INFO | [Round 13] epoch=31/80 loss=2.2535 acc=38.33 val_acc=nan data_t=0.0022s batch_t=0.0909s epoch_t=00:01.40 lr=0.000676 | GPU MB alloc/reserved=279.4/1932.0
2026-04-11 18:30:47 | INFO | [Round 13] Epoch 31/80 time=00:01.40 avg=00:01.38 ETA=01:07.71 | GPU MB alloc/reserved=279.4/1932.0
2026-04-11 18:30:48 | INFO | [Round 13] epoch=32/80 loss=2.1541 acc=41.06 val_acc=nan data_t=0.0027s batch_t=0.0905s epoch_t=00:01.40 lr=0.000658 | GPU MB alloc/reserved=279.4/1932.0
2026-04-11 18:30:48 | INFO | [Round 13] Epoch 32/80 time=00:01.40 avg=00:01.38 ETA=01:06.36 | GPU MB alloc/reserved=279.4/1932.0
2026-04-11 18:30:49 | INFO | [Round 13] epoch=33/80 loss=2.0999 acc=41.22 val_acc=nan data_t=0.0030s batch_t=0.0755s epoch_t=00:01.18 lr=0.000639 | GPU MB alloc/reserved=279.4/1932.0
2026-04-11 18:30:49 | INFO | [Round 13] Epoch 33/80 time=00:01.18 avg=00:01.38 ETA=01:04.68 | GPU MB alloc/reserved=279.4/1932.0
2026-04-11 18:30:51 | INFO | [Round 13] epoch=34/80 loss=2.0353 acc=42.67 val_acc=nan data_t=0.0033s batch_t=0.0984s epoch_t=00:01.52 lr=0.000621 | GPU MB alloc/reserved=279.4/1932.0
2026-04-11 18:30:51 | INFO | [Round 13] Epoch 34/80 time=00:01.52 avg=00:01.38 ETA=01:03.51 | GPU MB alloc/reserved=279.4/1932.0
2026-04-11 18:30:52 | INFO | [Round 13] epoch=35/80 loss=2.0012 acc=43.33 val_acc=nan data_t=0.0021s batch_t=0.0966s epoch_t=00:01.48 lr=0.000602 | GPU MB alloc/reserved=279.4/1932.0
2026-04-11 18:30:52 | INFO | [Round 13] Epoch 35/80 time=00:01.48 avg=00:01.38 ETA=01:02.25 | GPU MB alloc/reserved=279.4/1932.0
2026-04-11 18:30:54 | INFO | [Round 13] epoch=36/80 loss=1.8894 acc=47.83 val_acc=nan data_t=0.0023s batch_t=0.0986s epoch_t=00:01.51 lr=0.000582 | GPU MB alloc/reserved=279.4/1932.0
2026-04-11 18:30:54 | INFO | [Round 13] Epoch 36/80 time=00:01.51 avg=00:01.39 ETA=01:01.03 | GPU MB alloc/reserved=279.4/1932.0
2026-04-11 18:30:55 | INFO | [Round 13] epoch=37/80 loss=1.7639 acc=51.39 val_acc=nan data_t=0.0026s batch_t=0.0966s epoch_t=00:01.49 lr=0.000563 | GPU MB alloc/reserved=279.4/1932.0
2026-04-11 18:30:55 | INFO | [Round 13] Epoch 37/80 time=00:01.49 avg=00:01.39 ETA=00:59.76 | GPU MB alloc/reserved=279.4/1932.0
2026-04-11 18:30:57 | INFO | [Round 13] epoch=38/80 loss=1.7681 acc=50.44 val_acc=nan data_t=0.0026s batch_t=0.0980s epoch_t=00:01.51 lr=0.000544 | GPU MB alloc/reserved=279.4/1932.0
2026-04-11 18:30:57 | INFO | [Round 13] Epoch 38/80 time=00:01.51 avg=00:01.39 ETA=00:58.51 | GPU MB alloc/reserved=279.4/1932.0
2026-04-11 18:30:58 | INFO | [Round 13] epoch=39/80 loss=1.5294 acc=58.72 val_acc=nan data_t=0.0027s batch_t=0.0743s epoch_t=00:01.16 lr=0.000524 | GPU MB alloc/reserved=279.4/1932.0
2026-04-11 18:30:58 | INFO | [Round 13] Epoch 39/80 time=00:01.16 avg=00:01.39 ETA=00:56.86 | GPU MB alloc/reserved=279.4/1932.0
2026-04-11 18:30:59 | INFO | [Round 13] epoch=40/80 loss=1.5303 acc=57.78 val_acc=nan data_t=0.0021s batch_t=0.0757s epoch_t=00:01.17 lr=0.000505 | GPU MB alloc/reserved=279.4/1932.0
2026-04-11 18:30:59 | INFO | [Round 13] Epoch 40/80 time=00:01.17 avg=00:01.38 ETA=00:55.26 | GPU MB alloc/reserved=279.4/1932.0
2026-04-11 18:31:01 | INFO | [Round 13] epoch=41/80 loss=1.5092 acc=57.78 val_acc=nan data_t=0.0021s batch_t=0.1003s epoch_t=00:01.54 lr=0.000486 | GPU MB alloc/reserved=279.4/1932.0
2026-04-11 18:31:01 | INFO | [Round 13] Epoch 41/80 time=00:01.54 avg=00:01.39 ETA=00:54.02 | GPU MB alloc/reserved=279.4/1932.0
2026-04-11 18:31:02 | INFO | [Round 13] epoch=42/80 loss=1.4675 acc=58.83 val_acc=nan data_t=0.0025s batch_t=0.0984s epoch_t=00:01.51 lr=0.000466 | GPU MB alloc/reserved=279.4/1932.0
2026-04-11 18:31:02 | INFO | [Round 13] Epoch 42/80 time=00:01.51 avg=00:01.39 ETA=00:52.75 | GPU MB alloc/reserved=279.4/1932.0
2026-04-11 18:31:03 | INFO | [Round 13] epoch=43/80 loss=1.3733 acc=63.00 val_acc=nan data_t=0.0029s batch_t=0.0629s epoch_t=00:00.99 lr=0.000447 | GPU MB alloc/reserved=279.4/1932.0
2026-04-11 18:31:03 | INFO | [Round 13] Epoch 43/80 time=00:00.99 avg=00:01.38 ETA=00:51.02 | GPU MB alloc/reserved=279.4/1932.0
2026-04-11 18:31:04 | INFO | [Round 13] epoch=44/80 loss=1.3869 acc=61.67 val_acc=nan data_t=0.0020s batch_t=0.0841s epoch_t=00:01.29 lr=0.000428 | GPU MB alloc/reserved=279.4/1932.0
2026-04-11 18:31:04 | INFO | [Round 13] Epoch 44/80 time=00:01.29 avg=00:01.38 ETA=00:49.57 | GPU MB alloc/reserved=279.4/1932.0
2026-04-11 18:31:06 | INFO | [Round 13] epoch=45/80 loss=1.2585 acc=65.78 val_acc=nan data_t=0.0018s batch_t=0.0879s epoch_t=00:01.35 lr=0.000408 | GPU MB alloc/reserved=279.4/1932.0
2026-04-11 18:31:06 | INFO | [Round 13] Epoch 45/80 time=00:01.35 avg=00:01.38 ETA=00:48.17 | GPU MB alloc/reserved=279.4/1932.0
2026-04-11 18:31:07 | INFO | [Round 13] epoch=46/80 loss=1.2257 acc=65.94 val_acc=nan data_t=0.0037s batch_t=0.0888s epoch_t=00:01.39 lr=0.000389 | GPU MB alloc/reserved=279.4/1932.0
2026-04-11 18:31:07 | INFO | [Round 13] Epoch 46/80 time=00:01.39 avg=00:01.38 ETA=00:46.80 | GPU MB alloc/reserved=279.4/1932.0
2026-04-11 18:31:08 | INFO | [Round 13] epoch=47/80 loss=1.0935 acc=72.39 val_acc=nan data_t=0.0026s batch_t=0.0876s epoch_t=00:01.35 lr=0.000371 | GPU MB alloc/reserved=279.4/1932.0
2026-04-11 18:31:08 | INFO | [Round 13] Epoch 47/80 time=00:01.35 avg=00:01.38 ETA=00:45.41 | GPU MB alloc/reserved=279.4/1932.0
2026-04-11 18:31:10 | INFO | [Round 13] epoch=48/80 loss=1.1095 acc=71.67 val_acc=nan data_t=0.0029s batch_t=0.0893s epoch_t=00:01.38 lr=0.000352 | GPU MB alloc/reserved=279.4/1932.0
2026-04-11 18:31:10 | INFO | [Round 13] Epoch 48/80 time=00:01.38 avg=00:01.38 ETA=00:44.04 | GPU MB alloc/reserved=279.4/1932.0
2026-04-11 18:31:11 | INFO | [Round 13] epoch=49/80 loss=1.0437 acc=72.22 val_acc=nan data_t=0.0027s batch_t=0.0897s epoch_t=00:01.39 lr=0.000334 | GPU MB alloc/reserved=279.4/1932.0
2026-04-11 18:31:11 | INFO | [Round 13] Epoch 49/80 time=00:01.39 avg=00:01.38 ETA=00:42.67 | GPU MB alloc/reserved=279.4/1932.0
2026-04-11 18:31:13 | INFO | [Round 13] epoch=50/80 loss=0.9850 acc=74.72 val_acc=nan data_t=0.0027s batch_t=0.0898s epoch_t=00:01.39 lr=0.000316 | GPU MB alloc/reserved=279.4/1932.0
2026-04-11 18:31:13 | INFO | [Round 13] Epoch 50/80 time=00:01.39 avg=00:01.38 ETA=00:41.30 | GPU MB alloc/reserved=279.4/1932.0
2026-04-11 18:31:14 | INFO | [Round 13] epoch=51/80 loss=0.9386 acc=76.11 val_acc=nan data_t=0.0026s batch_t=0.0885s epoch_t=00:01.37 lr=0.000298 | GPU MB alloc/reserved=279.4/1932.0
2026-04-11 18:31:14 | INFO | [Round 13] Epoch 51/80 time=00:01.37 avg=00:01.38 ETA=00:39.92 | GPU MB alloc/reserved=279.4/1932.0
2026-04-11 18:31:15 | INFO | [Round 13] epoch=52/80 loss=0.8461 acc=79.33 val_acc=nan data_t=0.0018s batch_t=0.0889s epoch_t=00:01.36 lr=0.000280 | GPU MB alloc/reserved=279.4/1932.0
2026-04-11 18:31:15 | INFO | [Round 13] Epoch 52/80 time=00:01.36 avg=00:01.38 ETA=00:38.53 | GPU MB alloc/reserved=279.4/1932.0
2026-04-11 18:31:17 | INFO | [Round 13] epoch=53/80 loss=0.7848 acc=81.89 val_acc=nan data_t=0.0019s batch_t=0.0902s epoch_t=00:01.38 lr=0.000263 | GPU MB alloc/reserved=279.4/1932.0
2026-04-11 18:31:17 | INFO | [Round 13] Epoch 53/80 time=00:01.38 avg=00:01.38 ETA=00:37.16 | GPU MB alloc/reserved=279.4/1932.0
2026-04-11 18:31:18 | INFO | [Round 13] epoch=54/80 loss=0.7843 acc=83.78 val_acc=nan data_t=0.0023s batch_t=0.0893s epoch_t=00:01.37 lr=0.000246 | GPU MB alloc/reserved=279.4/1932.0
2026-04-11 18:31:18 | INFO | [Round 13] Epoch 54/80 time=00:01.37 avg=00:01.38 ETA=00:35.78 | GPU MB alloc/reserved=279.4/1932.0
2026-04-11 18:31:20 | INFO | [Round 13] epoch=55/80 loss=0.7464 acc=82.56 val_acc=nan data_t=0.0023s batch_t=0.0904s epoch_t=00:01.39 lr=0.000230 | GPU MB alloc/reserved=279.4/1932.0
2026-04-11 18:31:20 | INFO | [Round 13] Epoch 55/80 time=00:01.39 avg=00:01.38 ETA=00:34.41 | GPU MB alloc/reserved=279.4/1932.0
2026-04-11 18:31:21 | INFO | [Round 13] epoch=56/80 loss=0.6635 acc=85.67 val_acc=nan data_t=0.0021s batch_t=0.0893s epoch_t=00:01.37 lr=0.000214 | GPU MB alloc/reserved=279.4/1932.0
2026-04-11 18:31:21 | INFO | [Round 13] Epoch 56/80 time=00:01.37 avg=00:01.38 ETA=00:33.03 | GPU MB alloc/reserved=279.4/1932.0
2026-04-11 18:31:22 | INFO | [Round 13] epoch=57/80 loss=0.6950 acc=84.50 val_acc=nan data_t=0.0019s batch_t=0.0869s epoch_t=00:01.33 lr=0.000199 | GPU MB alloc/reserved=279.4/1932.0
2026-04-11 18:31:22 | INFO | [Round 13] Epoch 57/80 time=00:01.33 avg=00:01.38 ETA=00:31.64 | GPU MB alloc/reserved=279.4/1932.0
2026-04-11 18:31:24 | INFO | [Round 13] epoch=58/80 loss=0.6534 acc=86.83 val_acc=nan data_t=0.0027s batch_t=0.0876s epoch_t=00:01.36 lr=0.000184 | GPU MB alloc/reserved=279.4/1932.0
2026-04-11 18:31:24 | INFO | [Round 13] Epoch 58/80 time=00:01.36 avg=00:01.38 ETA=00:30.25 | GPU MB alloc/reserved=279.4/1932.0
2026-04-11 18:31:25 | INFO | [Round 13] epoch=59/80 loss=0.6281 acc=87.33 val_acc=nan data_t=0.0036s batch_t=0.0878s epoch_t=00:01.37 lr=0.000169 | GPU MB alloc/reserved=279.4/1932.0
2026-04-11 18:31:25 | INFO | [Round 13] Epoch 59/80 time=00:01.37 avg=00:01.38 ETA=00:28.88 | GPU MB alloc/reserved=279.4/1932.0
2026-04-11 18:31:26 | INFO | [Round 13] epoch=60/80 loss=0.6005 acc=87.67 val_acc=nan data_t=0.0019s batch_t=0.0877s epoch_t=00:01.34 lr=0.000155 | GPU MB alloc/reserved=279.4/1932.0
2026-04-11 18:31:26 | INFO | [Round 13] Epoch 60/80 time=00:01.34 avg=00:01.37 ETA=00:27.49 | GPU MB alloc/reserved=279.4/1932.0
2026-04-11 18:31:28 | INFO | [Round 13] epoch=61/80 loss=0.5424 acc=90.72 val_acc=nan data_t=0.0031s batch_t=0.0860s epoch_t=00:01.34 lr=0.000142 | GPU MB alloc/reserved=279.4/1932.0
2026-04-11 18:31:28 | INFO | [Round 13] Epoch 61/80 time=00:01.34 avg=00:01.37 ETA=00:26.11 | GPU MB alloc/reserved=279.4/1932.0
2026-04-11 18:31:29 | INFO | [Round 13] epoch=62/80 loss=0.5118 acc=91.28 val_acc=nan data_t=0.0018s batch_t=0.0857s epoch_t=00:01.31 lr=0.000129 | GPU MB alloc/reserved=279.4/1932.0
2026-04-11 18:31:29 | INFO | [Round 13] Epoch 62/80 time=00:01.31 avg=00:01.37 ETA=00:24.71 | GPU MB alloc/reserved=279.4/1932.0
2026-04-11 18:31:30 | INFO | [Round 13] epoch=63/80 loss=0.4719 acc=93.11 val_acc=nan data_t=0.0022s batch_t=0.0876s epoch_t=00:01.35 lr=0.000116 | GPU MB alloc/reserved=279.4/1932.0
2026-04-11 18:31:30 | INFO | [Round 13] Epoch 63/80 time=00:01.35 avg=00:01.37 ETA=00:23.33 | GPU MB alloc/reserved=279.4/1932.0
2026-04-11 18:31:32 | INFO | [Round 13] epoch=64/80 loss=0.4644 acc=93.28 val_acc=nan data_t=0.0025s batch_t=0.0892s epoch_t=00:01.38 lr=0.000105 | GPU MB alloc/reserved=279.4/1932.0
2026-04-11 18:31:32 | INFO | [Round 13] Epoch 64/80 time=00:01.38 avg=00:01.37 ETA=00:21.96 | GPU MB alloc/reserved=279.4/1932.0
2026-04-11 18:31:33 | INFO | [Round 13] epoch=65/80 loss=0.4498 acc=93.83 val_acc=nan data_t=0.0022s batch_t=0.0859s epoch_t=00:01.32 lr=0.000093 | GPU MB alloc/reserved=279.4/1932.0
2026-04-11 18:31:33 | INFO | [Round 13] Epoch 65/80 time=00:01.32 avg=00:01.37 ETA=00:20.58 | GPU MB alloc/reserved=279.4/1932.0
2026-04-11 18:31:34 | INFO | [Round 13] epoch=66/80 loss=0.4406 acc=93.78 val_acc=nan data_t=0.0029s batch_t=0.0864s epoch_t=00:01.34 lr=0.000083 | GPU MB alloc/reserved=279.4/1932.0
2026-04-11 18:31:34 | INFO | [Round 13] Epoch 66/80 time=00:01.34 avg=00:01.37 ETA=00:19.20 | GPU MB alloc/reserved=279.4/1932.0
2026-04-11 18:31:36 | INFO | [Round 13] epoch=67/80 loss=0.4209 acc=93.67 val_acc=nan data_t=0.0023s batch_t=0.0888s epoch_t=00:01.37 lr=0.000073 | GPU MB alloc/reserved=279.4/1932.0
2026-04-11 18:31:36 | INFO | [Round 13] Epoch 67/80 time=00:01.37 avg=00:01.37 ETA=00:17.83 | GPU MB alloc/reserved=279.4/1932.0
2026-04-11 18:31:37 | INFO | [Round 13] epoch=68/80 loss=0.3978 acc=94.33 val_acc=nan data_t=0.0025s batch_t=0.0871s epoch_t=00:01.34 lr=0.000064 | GPU MB alloc/reserved=279.4/1932.0
2026-04-11 18:31:37 | INFO | [Round 13] Epoch 68/80 time=00:01.34 avg=00:01.37 ETA=00:16.45 | GPU MB alloc/reserved=279.4/1932.0
2026-04-11 18:31:38 | INFO | [Round 13] epoch=69/80 loss=0.3828 acc=95.33 val_acc=nan data_t=0.0023s batch_t=0.0873s epoch_t=00:01.35 lr=0.000055 | GPU MB alloc/reserved=279.4/1932.0
2026-04-11 18:31:38 | INFO | [Round 13] Epoch 69/80 time=00:01.35 avg=00:01.37 ETA=00:15.08 | GPU MB alloc/reserved=279.4/1932.0
2026-04-11 18:31:40 | INFO | [Round 13] epoch=70/80 loss=0.3650 acc=96.00 val_acc=nan data_t=0.0017s batch_t=0.0886s epoch_t=00:01.35 lr=0.000048 | GPU MB alloc/reserved=279.4/1932.0
2026-04-11 18:31:40 | INFO | [Round 13] Epoch 70/80 time=00:01.35 avg=00:01.37 ETA=00:13.70 | GPU MB alloc/reserved=279.4/1932.0
2026-04-11 18:31:41 | INFO | [Round 13] epoch=71/80 loss=0.3619 acc=95.50 val_acc=nan data_t=0.0030s batch_t=0.0877s epoch_t=00:01.36 lr=0.000041 | GPU MB alloc/reserved=279.4/1932.0
2026-04-11 18:31:41 | INFO | [Round 13] Epoch 71/80 time=00:01.36 avg=00:01.37 ETA=00:12.33 | GPU MB alloc/reserved=279.4/1932.0
2026-04-11 18:31:43 | INFO | [Round 13] epoch=72/80 loss=0.3623 acc=96.17 val_acc=nan data_t=0.0020s batch_t=0.0888s epoch_t=00:01.36 lr=0.000034 | GPU MB alloc/reserved=279.4/1932.0
2026-04-11 18:31:43 | INFO | [Round 13] Epoch 72/80 time=00:01.36 avg=00:01.37 ETA=00:10.96 | GPU MB alloc/reserved=279.4/1932.0
2026-04-11 18:31:44 | INFO | [Round 13] epoch=73/80 loss=0.3572 acc=95.44 val_acc=nan data_t=0.0018s batch_t=0.0881s epoch_t=00:01.35 lr=0.000029 | GPU MB alloc/reserved=279.4/1932.0
2026-04-11 18:31:44 | INFO | [Round 13] Epoch 73/80 time=00:01.35 avg=00:01.37 ETA=00:09.59 | GPU MB alloc/reserved=279.4/1932.0
2026-04-11 18:31:45 | INFO | [Round 13] epoch=74/80 loss=0.3562 acc=96.06 val_acc=nan data_t=0.0021s batch_t=0.0890s epoch_t=00:01.37 lr=0.000024 | GPU MB alloc/reserved=279.4/1932.0
2026-04-11 18:31:45 | INFO | [Round 13] Epoch 74/80 time=00:01.37 avg=00:01.37 ETA=00:08.22 | GPU MB alloc/reserved=279.4/1932.0
2026-04-11 18:31:47 | INFO | [Round 13] epoch=75/80 loss=0.3395 acc=96.11 val_acc=nan data_t=0.0017s batch_t=0.0898s epoch_t=00:01.37 lr=0.000020 | GPU MB alloc/reserved=279.4/1932.0
2026-04-11 18:31:47 | INFO | [Round 13] Epoch 75/80 time=00:01.37 avg=00:01.37 ETA=00:06.85 | GPU MB alloc/reserved=279.4/1932.0
2026-04-11 18:31:48 | INFO | [Round 13] epoch=76/80 loss=0.3404 acc=96.78 val_acc=nan data_t=0.0022s batch_t=0.0874s epoch_t=00:01.34 lr=0.000016 | GPU MB alloc/reserved=279.4/1932.0
2026-04-11 18:31:48 | INFO | [Round 13] Epoch 76/80 time=00:01.34 avg=00:01.37 ETA=00:05.48 | GPU MB alloc/reserved=279.4/1932.0
2026-04-11 18:31:49 | INFO | [Round 13] epoch=77/80 loss=0.3382 acc=96.67 val_acc=nan data_t=0.0023s batch_t=0.0754s epoch_t=00:01.17 lr=0.000013 | GPU MB alloc/reserved=279.4/1932.0
2026-04-11 18:31:49 | INFO | [Round 13] Epoch 77/80 time=00:01.17 avg=00:01.37 ETA=00:04.10 | GPU MB alloc/reserved=279.4/1932.0
2026-04-11 18:31:51 | INFO | [Round 13] epoch=78/80 loss=0.3143 acc=97.39 val_acc=nan data_t=0.0022s batch_t=0.0960s epoch_t=00:01.47 lr=0.000012 | GPU MB alloc/reserved=279.4/1932.0
2026-04-11 18:31:51 | INFO | [Round 13] Epoch 78/80 time=00:01.47 avg=00:01.37 ETA=00:02.74 | GPU MB alloc/reserved=279.4/1932.0
2026-04-11 18:31:52 | INFO | [Round 13] epoch=79/80 loss=0.3372 acc=96.28 val_acc=nan data_t=0.0028s batch_t=0.0952s epoch_t=00:01.47 lr=0.000010 | GPU MB alloc/reserved=279.4/1932.0
2026-04-11 18:31:52 | INFO | [Round 13] Epoch 79/80 time=00:01.47 avg=00:01.37 ETA=00:01.37 | GPU MB alloc/reserved=279.4/1932.0
2026-04-11 18:31:54 | INFO | [Round 13] epoch=80/80 loss=0.3270 acc=96.72 val_acc=nan data_t=0.0033s batch_t=0.0971s epoch_t=00:01.51 lr=0.000010 | GPU MB alloc/reserved=279.4/1932.0
2026-04-11 18:31:54 | INFO | [Round 13] Epoch 80/80 time=00:01.51 avg=00:01.37 ETA=00:00.00 | GPU MB alloc/reserved=279.4/1932.0
2026-04-11 18:31:54 | INFO | [Round 13] training complete in 01:50.08 (best monitor=97.389) | GPU MB alloc/reserved=279.4/1932.0
2026-04-11 18:31:54 | INFO | [Round 13] evaluation started | GPU MB alloc/reserved=192.6/1932.0
2026-04-11 18:32:03 | INFO | [Round 13] clean=18.15 fgsm=13.65 pgd=13.58 grad_disp_mean=nan grad_disp_sel=nan round_t=121.79s | GPU MB alloc/reserved=192.6/1932.0
2026-04-11 18:32:03 | INFO | [Round 14/21] elapsed=02:01.79 avg_round=01:20.92 projected_remaining=09:26.46 | GPU MB alloc/reserved=192.6/1932.0
2026-04-11 18:32:04 | INFO | [Round 14] acquisition on pool_size=48200 scored_pool=5000 budget=100 | GPU MB alloc/reserved=104.3/1932.0
2026-04-11 18:32:04 | INFO | [CoreSet-unlabeled-feat] scoring progress 10/20 elapsed=00:00.24 avg/batch=0.024s ETA=00:00.24 | GPU MB alloc/reserved=112.4/1932.0
2026-04-11 18:32:04 | INFO | [CoreSet-unlabeled-feat] scoring progress 20/20 elapsed=00:00.39 avg/batch=0.019s ETA=00:00.00 | GPU MB alloc/reserved=115.7/1932.0
2026-04-11 18:32:04 | INFO | [CoreSet-labeled-feat] scoring progress 8/8 elapsed=00:00.22 avg/batch=0.028s ETA=00:00.00 | GPU MB alloc/reserved=117.7/1932.0
2026-04-11 18:32:05 | INFO | [CoreSet] greedy 10/100 cover_radius=24.808458 | GPU: n/a
2026-04-11 18:32:05 | INFO | [CoreSet] greedy 20/100 cover_radius=24.387718 | GPU: n/a
2026-04-11 18:32:05 | INFO | [CoreSet] greedy 30/100 cover_radius=24.132547 | GPU: n/a
2026-04-11 18:32:05 | INFO | [CoreSet] greedy 40/100 cover_radius=23.860214 | GPU: n/a
2026-04-11 18:32:05 | INFO | [CoreSet] greedy 50/100 cover_radius=23.635900 | GPU: n/a
2026-04-11 18:32:05 | INFO | [CoreSet] greedy 60/100 cover_radius=23.495920 | GPU: n/a
2026-04-11 18:32:05 | INFO | [CoreSet] greedy 70/100 cover_radius=23.351480 | GPU: n/a
2026-04-11 18:32:05 | INFO | [CoreSet] greedy 80/100 cover_radius=23.256439 | GPU: n/a
2026-04-11 18:32:05 | INFO | [CoreSet] greedy 90/100 cover_radius=23.151554 | GPU: n/a
2026-04-11 18:32:06 | INFO | [CoreSet] greedy 100/100 cover_radius=23.089426 | GPU: n/a
2026-04-11 18:32:06 | INFO | [Round 14] labeled=1900 train=1900 val_fixed=0 | GPU MB alloc/reserved=148.4/1932.0
2026-04-11 18:32:08 | INFO | [Round 14] epoch=1/80 loss=4.6714 acc=2.21 val_acc=nan data_t=0.0127s batch_t=0.0961s epoch_t=00:01.63 lr=0.001000 | GPU MB alloc/reserved=279.2/1932.0
2026-04-11 18:32:08 | INFO | [Round 14] Epoch 1/80 time=00:01.63 avg=00:01.63 ETA=02:08.88 | GPU MB alloc/reserved=279.2/1932.0
2026-04-11 18:32:09 | INFO | [Round 14] epoch=2/80 loss=4.3101 acc=4.21 val_acc=nan data_t=0.0018s batch_t=0.0934s epoch_t=00:01.43 lr=0.000998 | GPU MB alloc/reserved=278.9/1932.0
2026-04-11 18:32:09 | INFO | [Round 14] Epoch 2/80 time=00:01.43 avg=00:01.53 ETA=01:59.35 | GPU MB alloc/reserved=278.9/1932.0
2026-04-11 18:32:11 | INFO | [Round 14] epoch=3/80 loss=4.0977 acc=6.74 val_acc=nan data_t=0.0035s batch_t=0.0927s epoch_t=00:01.44 lr=0.000997 | GPU MB alloc/reserved=278.9/1932.0
2026-04-11 18:32:11 | INFO | [Round 14] Epoch 3/80 time=00:01.44 avg=00:01.50 ETA=01:55.61 | GPU MB alloc/reserved=278.9/1932.0
2026-04-11 18:32:12 | INFO | [Round 14] epoch=4/80 loss=3.9213 acc=9.16 val_acc=nan data_t=0.0018s batch_t=0.0936s epoch_t=00:01.43 lr=0.000994 | GPU MB alloc/reserved=278.9/1932.0
2026-04-11 18:32:12 | INFO | [Round 14] Epoch 4/80 time=00:01.43 avg=00:01.48 ETA=01:52.78 | GPU MB alloc/reserved=278.9/1932.0
2026-04-11 18:32:13 | INFO | [Round 14] epoch=5/80 loss=3.7812 acc=11.00 val_acc=nan data_t=0.0018s batch_t=0.0928s epoch_t=00:01.42 lr=0.000990 | GPU MB alloc/reserved=278.9/1932.0
2026-04-11 18:32:13 | INFO | [Round 14] Epoch 5/80 time=00:01.42 avg=00:01.47 ETA=01:50.31 | GPU MB alloc/reserved=278.9/1932.0
2026-04-11 18:32:15 | INFO | [Round 14] epoch=6/80 loss=3.6627 acc=12.68 val_acc=nan data_t=0.0018s batch_t=0.0931s epoch_t=00:01.42 lr=0.000986 | GPU MB alloc/reserved=278.9/1932.0
2026-04-11 18:32:15 | INFO | [Round 14] Epoch 6/80 time=00:01.42 avg=00:01.46 ETA=01:48.27 | GPU MB alloc/reserved=278.9/1932.0
2026-04-11 18:32:16 | INFO | [Round 14] epoch=7/80 loss=3.4609 acc=17.05 val_acc=nan data_t=0.0037s batch_t=0.0932s epoch_t=00:01.45 lr=0.000981 | GPU MB alloc/reserved=278.9/1932.0
2026-04-11 18:32:16 | INFO | [Round 14] Epoch 7/80 time=00:01.45 avg=00:01.46 ETA=01:46.72 | GPU MB alloc/reserved=278.9/1932.0
2026-04-11 18:32:18 | INFO | [Round 14] epoch=8/80 loss=3.3421 acc=18.37 val_acc=nan data_t=0.0026s batch_t=0.0919s epoch_t=00:01.42 lr=0.000976 | GPU MB alloc/reserved=278.9/1932.0
2026-04-11 18:32:18 | INFO | [Round 14] Epoch 8/80 time=00:01.42 avg=00:01.46 ETA=01:44.86 | GPU MB alloc/reserved=278.9/1932.0
2026-04-11 18:32:19 | INFO | [Round 14] epoch=9/80 loss=3.2142 acc=18.63 val_acc=nan data_t=0.0018s batch_t=0.0920s epoch_t=00:01.41 lr=0.000969 | GPU MB alloc/reserved=278.9/1932.0
2026-04-11 18:32:19 | INFO | [Round 14] Epoch 9/80 time=00:01.41 avg=00:01.45 ETA=01:43.02 | GPU MB alloc/reserved=278.9/1932.0
2026-04-11 18:32:21 | INFO | [Round 14] epoch=10/80 loss=3.0613 acc=21.79 val_acc=nan data_t=0.0025s batch_t=0.0926s epoch_t=00:01.43 lr=0.000962 | GPU MB alloc/reserved=278.9/1932.0
2026-04-11 18:32:21 | INFO | [Round 14] Epoch 10/80 time=00:01.43 avg=00:01.45 ETA=01:41.40 | GPU MB alloc/reserved=278.9/1932.0
2026-04-11 18:32:22 | INFO | [Round 14] epoch=11/80 loss=2.8827 acc=26.21 val_acc=nan data_t=0.0025s batch_t=0.0916s epoch_t=00:01.41 lr=0.000955 | GPU MB alloc/reserved=278.9/1932.0
2026-04-11 18:32:22 | INFO | [Round 14] Epoch 11/80 time=00:01.41 avg=00:01.45 ETA=01:39.73 | GPU MB alloc/reserved=278.9/1932.0
2026-04-11 18:32:23 | INFO | [Round 14] epoch=12/80 loss=2.8031 acc=25.26 val_acc=nan data_t=0.0026s batch_t=0.0920s epoch_t=00:01.42 lr=0.000946 | GPU MB alloc/reserved=278.9/1932.0
2026-04-11 18:32:23 | INFO | [Round 14] Epoch 12/80 time=00:01.42 avg=00:01.44 ETA=01:38.14 | GPU MB alloc/reserved=278.9/1932.0
2026-04-11 18:32:25 | INFO | [Round 14] epoch=13/80 loss=2.6484 acc=30.16 val_acc=nan data_t=0.0017s batch_t=0.0919s epoch_t=00:01.40 lr=0.000937 | GPU MB alloc/reserved=278.9/1932.0
2026-04-11 18:32:25 | INFO | [Round 14] Epoch 13/80 time=00:01.40 avg=00:01.44 ETA=01:36.49 | GPU MB alloc/reserved=278.9/1932.0
2026-04-11 18:32:26 | INFO | [Round 14] epoch=14/80 loss=2.5498 acc=32.21 val_acc=nan data_t=0.0018s batch_t=0.0906s epoch_t=00:01.39 lr=0.000927 | GPU MB alloc/reserved=278.9/1932.0
2026-04-11 18:32:26 | INFO | [Round 14] Epoch 14/80 time=00:01.39 avg=00:01.44 ETA=01:34.80 | GPU MB alloc/reserved=278.9/1932.0
2026-04-11 18:32:28 | INFO | [Round 14] epoch=15/80 loss=2.3450 acc=35.95 val_acc=nan data_t=0.0024s batch_t=0.0912s epoch_t=00:01.40 lr=0.000917 | GPU MB alloc/reserved=278.9/1932.0
2026-04-11 18:32:28 | INFO | [Round 14] Epoch 15/80 time=00:01.40 avg=00:01.43 ETA=01:33.22 | GPU MB alloc/reserved=278.9/1932.0
2026-04-11 18:32:29 | INFO | [Round 14] epoch=16/80 loss=2.1781 acc=41.53 val_acc=nan data_t=0.0018s batch_t=0.0916s epoch_t=00:01.40 lr=0.000905 | GPU MB alloc/reserved=278.9/1932.0
2026-04-11 18:32:29 | INFO | [Round 14] Epoch 16/80 time=00:01.40 avg=00:01.43 ETA=01:31.66 | GPU MB alloc/reserved=278.9/1932.0
2026-04-11 18:32:30 | INFO | [Round 14] epoch=17/80 loss=2.0902 acc=42.58 val_acc=nan data_t=0.0017s batch_t=0.0910s epoch_t=00:01.39 lr=0.000894 | GPU MB alloc/reserved=278.9/1932.0
2026-04-11 18:32:30 | INFO | [Round 14] Epoch 17/80 time=00:01.39 avg=00:01.43 ETA=01:30.07 | GPU MB alloc/reserved=278.9/1932.0
2026-04-11 18:32:32 | INFO | [Round 14] epoch=18/80 loss=1.8735 acc=49.68 val_acc=nan data_t=0.0019s batch_t=0.0909s epoch_t=00:01.39 lr=0.000881 | GPU MB alloc/reserved=278.9/1932.0
2026-04-11 18:32:32 | INFO | [Round 14] Epoch 18/80 time=00:01.39 avg=00:01.43 ETA=01:28.52 | GPU MB alloc/reserved=278.9/1932.0
2026-04-11 18:32:33 | INFO | [Round 14] epoch=19/80 loss=1.7834 acc=49.58 val_acc=nan data_t=0.0020s batch_t=0.0919s epoch_t=00:01.41 lr=0.000868 | GPU MB alloc/reserved=278.9/1932.0
2026-04-11 18:32:33 | INFO | [Round 14] Epoch 19/80 time=00:01.41 avg=00:01.43 ETA=01:27.03 | GPU MB alloc/reserved=278.9/1932.0
2026-04-11 18:32:35 | INFO | [Round 14] epoch=20/80 loss=1.5942 acc=56.89 val_acc=nan data_t=0.0030s batch_t=0.0916s epoch_t=00:01.42 lr=0.000855 | GPU MB alloc/reserved=278.9/1932.0
2026-04-11 18:32:35 | INFO | [Round 14] Epoch 20/80 time=00:01.42 avg=00:01.43 ETA=01:25.58 | GPU MB alloc/reserved=278.9/1932.0
2026-04-11 18:32:36 | INFO | [Round 14] epoch=21/80 loss=1.4698 acc=60.63 val_acc=nan data_t=0.0020s batch_t=0.0912s epoch_t=00:01.40 lr=0.000841 | GPU MB alloc/reserved=278.9/1932.0
2026-04-11 18:32:36 | INFO | [Round 14] Epoch 21/80 time=00:01.40 avg=00:01.43 ETA=01:24.08 | GPU MB alloc/reserved=278.9/1932.0
2026-04-11 18:32:38 | INFO | [Round 14] epoch=22/80 loss=1.3067 acc=64.05 val_acc=nan data_t=0.0021s batch_t=0.0918s epoch_t=00:01.41 lr=0.000826 | GPU MB alloc/reserved=278.9/1932.0
2026-04-11 18:32:38 | INFO | [Round 14] Epoch 22/80 time=00:01.41 avg=00:01.42 ETA=01:22.61 | GPU MB alloc/reserved=278.9/1932.0
2026-04-11 18:32:39 | INFO | [Round 14] epoch=23/80 loss=1.2697 acc=65.26 val_acc=nan data_t=0.0018s batch_t=0.0915s epoch_t=00:01.40 lr=0.000811 | GPU MB alloc/reserved=278.9/1932.0
2026-04-11 18:32:39 | INFO | [Round 14] Epoch 23/80 time=00:01.40 avg=00:01.42 ETA=01:21.13 | GPU MB alloc/reserved=278.9/1932.0
2026-04-11 18:32:40 | INFO | [Round 14] epoch=24/80 loss=1.1728 acc=67.53 val_acc=nan data_t=0.0019s batch_t=0.0929s epoch_t=00:01.42 lr=0.000796 | GPU MB alloc/reserved=278.9/1932.0
2026-04-11 18:32:40 | INFO | [Round 14] Epoch 24/80 time=00:01.42 avg=00:01.42 ETA=01:19.70 | GPU MB alloc/reserved=278.9/1932.0
2026-04-11 18:32:42 | INFO | [Round 14] epoch=25/80 loss=0.9753 acc=74.63 val_acc=nan data_t=0.0018s batch_t=0.0916s epoch_t=00:01.40 lr=0.000780 | GPU MB alloc/reserved=278.9/1932.0
2026-04-11 18:32:42 | INFO | [Round 14] Epoch 25/80 time=00:01.40 avg=00:01.42 ETA=01:18.23 | GPU MB alloc/reserved=278.9/1932.0
2026-04-11 18:32:43 | INFO | [Round 14] epoch=26/80 loss=0.8451 acc=77.79 val_acc=nan data_t=0.0031s batch_t=0.0925s epoch_t=00:01.43 lr=0.000764 | GPU MB alloc/reserved=278.9/1932.0
2026-04-11 18:32:43 | INFO | [Round 14] Epoch 26/80 time=00:01.43 avg=00:01.42 ETA=01:16.83 | GPU MB alloc/reserved=278.9/1932.0
2026-04-11 18:32:45 | INFO | [Round 14] epoch=27/80 loss=0.7382 acc=81.74 val_acc=nan data_t=0.0025s batch_t=0.0915s epoch_t=00:01.41 lr=0.000747 | GPU MB alloc/reserved=278.9/1932.0
2026-04-11 18:32:45 | INFO | [Round 14] Epoch 27/80 time=00:01.41 avg=00:01.42 ETA=01:15.38 | GPU MB alloc/reserved=278.9/1932.0
2026-04-11 18:32:46 | INFO | [Round 14] epoch=28/80 loss=0.6572 acc=84.00 val_acc=nan data_t=0.0018s batch_t=0.0903s epoch_t=00:01.38 lr=0.000730 | GPU MB alloc/reserved=278.9/1932.0
2026-04-11 18:32:46 | INFO | [Round 14] Epoch 28/80 time=00:01.38 avg=00:01.42 ETA=01:13.88 | GPU MB alloc/reserved=278.9/1932.0
2026-04-11 18:32:47 | INFO | [Round 14] epoch=29/80 loss=0.5802 acc=85.63 val_acc=nan data_t=0.0019s batch_t=0.0905s epoch_t=00:01.39 lr=0.000712 | GPU MB alloc/reserved=278.9/1932.0
2026-04-11 18:32:47 | INFO | [Round 14] Epoch 29/80 time=00:01.39 avg=00:01.42 ETA=01:12.40 | GPU MB alloc/reserved=278.9/1932.0
2026-04-11 18:32:49 | INFO | [Round 14] epoch=30/80 loss=0.5261 acc=87.26 val_acc=nan data_t=0.0023s batch_t=0.0899s epoch_t=00:01.38 lr=0.000694 | GPU MB alloc/reserved=278.9/1932.0
2026-04-11 18:32:49 | INFO | [Round 14] Epoch 30/80 time=00:01.38 avg=00:01.42 ETA=01:10.92 | GPU MB alloc/reserved=278.9/1932.0
2026-04-11 18:32:50 | INFO | [Round 14] epoch=31/80 loss=0.4205 acc=91.16 val_acc=nan data_t=0.0021s batch_t=0.0922s epoch_t=00:01.42 lr=0.000676 | GPU MB alloc/reserved=278.9/1932.0
2026-04-11 18:32:50 | INFO | [Round 14] Epoch 31/80 time=00:01.42 avg=00:01.42 ETA=01:09.50 | GPU MB alloc/reserved=278.9/1932.0
2026-04-11 18:32:52 | INFO | [Round 14] epoch=32/80 loss=0.3631 acc=92.53 val_acc=nan data_t=0.0021s batch_t=0.0925s epoch_t=00:01.42 lr=0.000658 | GPU MB alloc/reserved=278.9/1932.0
2026-04-11 18:32:52 | INFO | [Round 14] Epoch 32/80 time=00:01.42 avg=00:01.42 ETA=01:08.08 | GPU MB alloc/reserved=278.9/1932.0
2026-04-11 18:32:53 | INFO | [Round 14] epoch=33/80 loss=0.3063 acc=94.47 val_acc=nan data_t=0.0019s batch_t=0.0835s epoch_t=00:01.28 lr=0.000639 | GPU MB alloc/reserved=278.9/1932.0
2026-04-11 18:32:53 | INFO | [Round 14] Epoch 33/80 time=00:01.28 avg=00:01.41 ETA=01:06.47 | GPU MB alloc/reserved=278.9/1932.0
2026-04-11 18:32:54 | INFO | [Round 14] epoch=34/80 loss=0.2462 acc=96.05 val_acc=nan data_t=0.0018s batch_t=0.0942s epoch_t=00:01.44 lr=0.000621 | GPU MB alloc/reserved=278.9/1932.0
2026-04-11 18:32:54 | INFO | [Round 14] Epoch 34/80 time=00:01.44 avg=00:01.41 ETA=01:05.09 | GPU MB alloc/reserved=278.9/1932.0
2026-04-11 18:32:56 | INFO | [Round 14] epoch=35/80 loss=0.1949 acc=97.47 val_acc=nan data_t=0.0024s batch_t=0.0984s epoch_t=00:01.51 lr=0.000602 | GPU MB alloc/reserved=278.9/1932.0
2026-04-11 18:32:56 | INFO | [Round 14] Epoch 35/80 time=00:01.51 avg=00:01.42 ETA=01:03.80 | GPU MB alloc/reserved=278.9/1932.0
2026-04-11 18:32:57 | INFO | [Round 14] epoch=36/80 loss=0.1784 acc=97.47 val_acc=nan data_t=0.0031s batch_t=0.1012s epoch_t=00:01.57 lr=0.000582 | GPU MB alloc/reserved=278.9/1932.0
2026-04-11 18:32:57 | INFO | [Round 14] Epoch 36/80 time=00:01.57 avg=00:01.42 ETA=01:02.56 | GPU MB alloc/reserved=278.9/1932.0
2026-04-11 18:32:59 | INFO | [Round 14] epoch=37/80 loss=0.1428 acc=97.89 val_acc=nan data_t=0.0028s batch_t=0.1014s epoch_t=00:01.56 lr=0.000563 | GPU MB alloc/reserved=278.9/1932.0
2026-04-11 18:32:59 | INFO | [Round 14] Epoch 37/80 time=00:01.56 avg=00:01.43 ETA=01:01.30 | GPU MB alloc/reserved=278.9/1932.0
2026-04-11 18:33:01 | INFO | [Round 14] epoch=38/80 loss=0.1462 acc=98.16 val_acc=nan data_t=0.0026s batch_t=0.1014s epoch_t=00:01.56 lr=0.000544 | GPU MB alloc/reserved=278.9/1932.0
2026-04-11 18:33:01 | INFO | [Round 14] Epoch 38/80 time=00:01.56 avg=00:01.43 ETA=01:00.03 | GPU MB alloc/reserved=278.9/1932.0
2026-04-11 18:33:02 | INFO | [Round 14] epoch=39/80 loss=0.1101 acc=98.89 val_acc=nan data_t=0.0024s batch_t=0.0922s epoch_t=00:01.42 lr=0.000524 | GPU MB alloc/reserved=278.9/1932.0
2026-04-11 18:33:02 | INFO | [Round 14] Epoch 39/80 time=00:01.42 avg=00:01.43 ETA=00:58.59 | GPU MB alloc/reserved=278.9/1932.0
2026-04-11 18:33:03 | INFO | [Round 14] epoch=40/80 loss=0.1047 acc=98.42 val_acc=nan data_t=0.0028s batch_t=0.0604s epoch_t=00:00.95 lr=0.000505 | GPU MB alloc/reserved=278.9/1932.0
2026-04-11 18:33:03 | INFO | [Round 14] Epoch 40/80 time=00:00.95 avg=00:01.42 ETA=00:56.68 | GPU MB alloc/reserved=278.9/1932.0
2026-04-11 18:33:04 | INFO | [Round 14] epoch=41/80 loss=0.0883 acc=99.42 val_acc=nan data_t=0.0021s batch_t=0.0974s epoch_t=00:01.49 lr=0.000486 | GPU MB alloc/reserved=278.9/1932.0
2026-04-11 18:33:04 | INFO | [Round 14] Epoch 41/80 time=00:01.49 avg=00:01.42 ETA=00:55.33 | GPU MB alloc/reserved=278.9/1932.0
2026-04-11 18:33:06 | INFO | [Round 14] epoch=42/80 loss=0.0703 acc=99.74 val_acc=nan data_t=0.0030s batch_t=0.1029s epoch_t=00:01.59 lr=0.000466 | GPU MB alloc/reserved=278.9/1932.0
2026-04-11 18:33:06 | INFO | [Round 14] Epoch 42/80 time=00:01.59 avg=00:01.42 ETA=00:54.07 | GPU MB alloc/reserved=278.9/1932.0
2026-04-11 18:33:07 | INFO | [Round 14] epoch=43/80 loss=0.0586 acc=99.37 val_acc=nan data_t=0.0032s batch_t=0.0789s epoch_t=00:01.23 lr=0.000447 | GPU MB alloc/reserved=278.9/1932.0
2026-04-11 18:33:07 | INFO | [Round 14] Epoch 43/80 time=00:01.23 avg=00:01.42 ETA=00:52.48 | GPU MB alloc/reserved=278.9/1932.0
2026-04-11 18:33:08 | INFO | [Round 14] epoch=44/80 loss=0.0472 acc=99.89 val_acc=nan data_t=0.0023s batch_t=0.0640s epoch_t=00:00.99 lr=0.000428 | GPU MB alloc/reserved=278.9/1932.0
2026-04-11 18:33:08 | INFO | [Round 14] Epoch 44/80 time=00:00.99 avg=00:01.41 ETA=00:50.72 | GPU MB alloc/reserved=278.9/1932.0
2026-04-11 18:33:10 | INFO | [Round 14] epoch=45/80 loss=0.0426 acc=99.89 val_acc=nan data_t=0.0020s batch_t=0.0940s epoch_t=00:01.44 lr=0.000408 | GPU MB alloc/reserved=278.9/1932.0
2026-04-11 18:33:10 | INFO | [Round 14] Epoch 45/80 time=00:01.44 avg=00:01.41 ETA=00:49.33 | GPU MB alloc/reserved=278.9/1932.0
2026-04-11 18:33:11 | INFO | [Round 14] epoch=46/80 loss=0.0345 acc=99.95 val_acc=nan data_t=0.0028s batch_t=0.0925s epoch_t=00:01.43 lr=0.000389 | GPU MB alloc/reserved=278.9/1932.0
2026-04-11 18:33:11 | INFO | [Round 14] Epoch 46/80 time=00:01.43 avg=00:01.41 ETA=00:47.94 | GPU MB alloc/reserved=278.9/1932.0
2026-04-11 18:33:13 | INFO | [Round 14] epoch=47/80 loss=0.0308 acc=99.95 val_acc=nan data_t=0.0020s batch_t=0.0893s epoch_t=00:01.37 lr=0.000371 | GPU MB alloc/reserved=278.9/1932.0
2026-04-11 18:33:13 | INFO | [Round 14] Epoch 47/80 time=00:01.37 avg=00:01.41 ETA=00:46.50 | GPU MB alloc/reserved=278.9/1932.0
2026-04-11 18:33:14 | INFO | [Round 14] epoch=48/80 loss=0.0307 acc=99.89 val_acc=nan data_t=0.0022s batch_t=0.0923s epoch_t=00:01.42 lr=0.000352 | GPU MB alloc/reserved=278.9/1932.0
2026-04-11 18:33:14 | INFO | [Round 14] Epoch 48/80 time=00:01.42 avg=00:01.41 ETA=00:45.10 | GPU MB alloc/reserved=278.9/1932.0
2026-04-11 18:33:15 | INFO | [Round 14] epoch=49/80 loss=0.0275 acc=99.95 val_acc=nan data_t=0.0023s batch_t=0.0929s epoch_t=00:01.43 lr=0.000334 | GPU MB alloc/reserved=278.9/1932.0
2026-04-11 18:33:15 | INFO | [Round 14] Epoch 49/80 time=00:01.43 avg=00:01.41 ETA=00:43.70 | GPU MB alloc/reserved=278.9/1932.0
2026-04-11 18:33:17 | INFO | [Round 14] epoch=50/80 loss=0.0275 acc=99.84 val_acc=nan data_t=0.0029s batch_t=0.0923s epoch_t=00:01.43 lr=0.000316 | GPU MB alloc/reserved=278.9/1932.0
2026-04-11 18:33:17 | INFO | [Round 14] Epoch 50/80 time=00:01.43 avg=00:01.41 ETA=00:42.30 | GPU MB alloc/reserved=278.9/1932.0
2026-04-11 18:33:18 | INFO | [Round 14] epoch=51/80 loss=0.0250 acc=99.84 val_acc=nan data_t=0.0033s batch_t=0.0928s epoch_t=00:01.44 lr=0.000298 | GPU MB alloc/reserved=278.9/1932.0
2026-04-11 18:33:18 | INFO | [Round 14] Epoch 51/80 time=00:01.44 avg=00:01.41 ETA=00:40.91 | GPU MB alloc/reserved=278.9/1932.0
2026-04-11 18:33:20 | INFO | [Round 14] epoch=52/80 loss=0.0230 acc=99.95 val_acc=nan data_t=0.0020s batch_t=0.0929s epoch_t=00:01.42 lr=0.000280 | GPU MB alloc/reserved=278.9/1932.0
2026-04-11 18:33:20 | INFO | [Round 14] Epoch 52/80 time=00:01.42 avg=00:01.41 ETA=00:39.50 | GPU MB alloc/reserved=278.9/1932.0
2026-04-11 18:33:21 | INFO | [Round 14] epoch=53/80 loss=0.0220 acc=99.95 val_acc=nan data_t=0.0022s batch_t=0.0922s epoch_t=00:01.42 lr=0.000263 | GPU MB alloc/reserved=278.9/1932.0
2026-04-11 18:33:21 | INFO | [Round 14] Epoch 53/80 time=00:01.42 avg=00:01.41 ETA=00:38.10 | GPU MB alloc/reserved=278.9/1932.0
2026-04-11 18:33:23 | INFO | [Round 14] epoch=54/80 loss=0.0223 acc=100.00 val_acc=nan data_t=0.0030s batch_t=0.0940s epoch_t=00:01.45 lr=0.000246 | GPU MB alloc/reserved=278.9/1932.0
2026-04-11 18:33:23 | INFO | [Round 14] Epoch 54/80 time=00:01.45 avg=00:01.41 ETA=00:36.71 | GPU MB alloc/reserved=278.9/1932.0
2026-04-11 18:33:24 | INFO | [Round 14] epoch=55/80 loss=0.0239 acc=99.95 val_acc=nan data_t=0.0032s batch_t=0.0940s epoch_t=00:01.46 lr=0.000230 | GPU MB alloc/reserved=278.9/1932.0
2026-04-11 18:33:24 | INFO | [Round 14] Epoch 55/80 time=00:01.46 avg=00:01.41 ETA=00:35.32 | GPU MB alloc/reserved=278.9/1932.0
2026-04-11 18:33:25 | INFO | [Round 14] epoch=56/80 loss=0.0175 acc=100.00 val_acc=nan data_t=0.0032s batch_t=0.0921s epoch_t=00:01.43 lr=0.000214 | GPU MB alloc/reserved=278.9/1932.0
2026-04-11 18:33:25 | INFO | [Round 14] Epoch 56/80 time=00:01.43 avg=00:01.41 ETA=00:33.91 | GPU MB alloc/reserved=278.9/1932.0
2026-04-11 18:33:27 | INFO | [Round 14] epoch=57/80 loss=0.0168 acc=100.00 val_acc=nan data_t=0.0020s batch_t=0.0914s epoch_t=00:01.40 lr=0.000199 | GPU MB alloc/reserved=278.9/1932.0
2026-04-11 18:33:27 | INFO | [Round 14] Epoch 57/80 time=00:01.40 avg=00:01.41 ETA=00:32.49 | GPU MB alloc/reserved=278.9/1932.0
2026-04-11 18:33:28 | INFO | [Round 14] epoch=58/80 loss=0.0180 acc=99.95 val_acc=nan data_t=0.0019s batch_t=0.0932s epoch_t=00:01.43 lr=0.000184 | GPU MB alloc/reserved=278.9/1932.0
2026-04-11 18:33:28 | INFO | [Round 14] Epoch 58/80 time=00:01.43 avg=00:01.41 ETA=00:31.09 | GPU MB alloc/reserved=278.9/1932.0
2026-04-11 18:33:30 | INFO | [Round 14] epoch=59/80 loss=0.0172 acc=100.00 val_acc=nan data_t=0.0034s batch_t=0.0933s epoch_t=00:01.45 lr=0.000169 | GPU MB alloc/reserved=278.9/1932.0
2026-04-11 18:33:30 | INFO | [Round 14] Epoch 59/80 time=00:01.45 avg=00:01.41 ETA=00:29.69 | GPU MB alloc/reserved=278.9/1932.0
2026-04-11 18:33:31 | INFO | [Round 14] epoch=60/80 loss=0.0163 acc=100.00 val_acc=nan data_t=0.0021s batch_t=0.0919s epoch_t=00:01.41 lr=0.000155 | GPU MB alloc/reserved=278.9/1932.0
2026-04-11 18:33:31 | INFO | [Round 14] Epoch 60/80 time=00:01.41 avg=00:01.41 ETA=00:28.27 | GPU MB alloc/reserved=278.9/1932.0
2026-04-11 18:33:33 | INFO | [Round 14] epoch=61/80 loss=0.0148 acc=100.00 val_acc=nan data_t=0.0017s batch_t=0.0937s epoch_t=00:01.43 lr=0.000142 | GPU MB alloc/reserved=278.9/1932.0
2026-04-11 18:33:33 | INFO | [Round 14] Epoch 61/80 time=00:01.43 avg=00:01.41 ETA=00:26.86 | GPU MB alloc/reserved=278.9/1932.0
2026-04-11 18:33:34 | INFO | [Round 14] epoch=62/80 loss=0.0155 acc=100.00 val_acc=nan data_t=0.0017s batch_t=0.0923s epoch_t=00:01.41 lr=0.000129 | GPU MB alloc/reserved=278.9/1932.0
2026-04-11 18:33:34 | INFO | [Round 14] Epoch 62/80 time=00:01.41 avg=00:01.41 ETA=00:25.45 | GPU MB alloc/reserved=278.9/1932.0
2026-04-11 18:33:35 | INFO | [Round 14] epoch=63/80 loss=0.0151 acc=100.00 val_acc=nan data_t=0.0042s batch_t=0.0932s epoch_t=00:01.46 lr=0.000116 | GPU MB alloc/reserved=278.9/1932.0
2026-04-11 18:33:35 | INFO | [Round 14] Epoch 63/80 time=00:01.46 avg=00:01.41 ETA=00:24.05 | GPU MB alloc/reserved=278.9/1932.0
2026-04-11 18:33:37 | INFO | [Round 14] epoch=64/80 loss=0.0151 acc=100.00 val_acc=nan data_t=0.0030s batch_t=0.0924s epoch_t=00:01.43 lr=0.000105 | GPU MB alloc/reserved=278.9/1932.0
2026-04-11 18:33:37 | INFO | [Round 14] Epoch 64/80 time=00:01.43 avg=00:01.41 ETA=00:22.64 | GPU MB alloc/reserved=278.9/1932.0
2026-04-11 18:33:38 | INFO | [Round 14] epoch=65/80 loss=0.0143 acc=100.00 val_acc=nan data_t=0.0038s batch_t=0.0928s epoch_t=00:01.45 lr=0.000093 | GPU MB alloc/reserved=278.9/1932.0
2026-04-11 18:33:38 | INFO | [Round 14] Epoch 65/80 time=00:01.45 avg=00:01.42 ETA=00:21.23 | GPU MB alloc/reserved=278.9/1932.0
2026-04-11 18:33:40 | INFO | [Round 14] epoch=66/80 loss=0.0161 acc=100.00 val_acc=nan data_t=0.0018s batch_t=0.0924s epoch_t=00:01.41 lr=0.000083 | GPU MB alloc/reserved=278.9/1932.0
2026-04-11 18:33:40 | INFO | [Round 14] Epoch 66/80 time=00:01.41 avg=00:01.42 ETA=00:19.81 | GPU MB alloc/reserved=278.9/1932.0
2026-04-11 18:33:41 | INFO | [Round 14] epoch=67/80 loss=0.0144 acc=100.00 val_acc=nan data_t=0.0028s batch_t=0.0930s epoch_t=00:01.44 lr=0.000073 | GPU MB alloc/reserved=278.9/1932.0
2026-04-11 18:33:41 | INFO | [Round 14] Epoch 67/80 time=00:01.44 avg=00:01.42 ETA=00:18.40 | GPU MB alloc/reserved=278.9/1932.0
2026-04-11 18:33:43 | INFO | [Round 14] epoch=68/80 loss=0.0146 acc=100.00 val_acc=nan data_t=0.0032s batch_t=0.0938s epoch_t=00:01.46 lr=0.000064 | GPU MB alloc/reserved=278.9/1932.0
2026-04-11 18:33:43 | INFO | [Round 14] Epoch 68/80 time=00:01.46 avg=00:01.42 ETA=00:16.99 | GPU MB alloc/reserved=278.9/1932.0
2026-04-11 18:33:44 | INFO | [Round 14] epoch=69/80 loss=0.0133 acc=100.00 val_acc=nan data_t=0.0028s batch_t=0.0933s epoch_t=00:01.44 lr=0.000055 | GPU MB alloc/reserved=278.9/1932.0
2026-04-11 18:33:44 | INFO | [Round 14] Epoch 69/80 time=00:01.44 avg=00:01.42 ETA=00:15.58 | GPU MB alloc/reserved=278.9/1932.0
2026-04-11 18:33:46 | INFO | [Round 14] epoch=70/80 loss=0.0143 acc=100.00 val_acc=nan data_t=0.0044s batch_t=0.0933s epoch_t=00:01.47 lr=0.000048 | GPU MB alloc/reserved=278.9/1932.0
2026-04-11 18:33:46 | INFO | [Round 14] Epoch 70/80 time=00:01.47 avg=00:01.42 ETA=00:14.17 | GPU MB alloc/reserved=278.9/1932.0
2026-04-11 18:33:47 | INFO | [Round 14] epoch=71/80 loss=0.0139 acc=100.00 val_acc=nan data_t=0.0031s batch_t=0.0924s epoch_t=00:01.43 lr=0.000041 | GPU MB alloc/reserved=278.9/1932.0
2026-04-11 18:33:47 | INFO | [Round 14] Epoch 71/80 time=00:01.43 avg=00:01.42 ETA=00:12.76 | GPU MB alloc/reserved=278.9/1932.0
2026-04-11 18:33:48 | INFO | [Round 14] epoch=72/80 loss=0.0127 acc=100.00 val_acc=nan data_t=0.0037s batch_t=0.0927s epoch_t=00:01.45 lr=0.000034 | GPU MB alloc/reserved=278.9/1932.0
2026-04-11 18:33:48 | INFO | [Round 14] Epoch 72/80 time=00:01.45 avg=00:01.42 ETA=00:11.34 | GPU MB alloc/reserved=278.9/1932.0
2026-04-11 18:33:50 | INFO | [Round 14] epoch=73/80 loss=0.0153 acc=100.00 val_acc=nan data_t=0.0032s batch_t=0.0927s epoch_t=00:01.44 lr=0.000029 | GPU MB alloc/reserved=278.9/1932.0
2026-04-11 18:33:50 | INFO | [Round 14] Epoch 73/80 time=00:01.44 avg=00:01.42 ETA=00:09.93 | GPU MB alloc/reserved=278.9/1932.0
2026-04-11 18:33:51 | INFO | [Round 14] epoch=74/80 loss=0.0143 acc=100.00 val_acc=nan data_t=0.0023s batch_t=0.0925s epoch_t=00:01.42 lr=0.000024 | GPU MB alloc/reserved=278.9/1932.0
2026-04-11 18:33:51 | INFO | [Round 14] Epoch 74/80 time=00:01.42 avg=00:01.42 ETA=00:08.51 | GPU MB alloc/reserved=278.9/1932.0
2026-04-11 18:33:53 | INFO | [Round 14] epoch=75/80 loss=0.0134 acc=100.00 val_acc=nan data_t=0.0020s batch_t=0.0919s epoch_t=00:01.41 lr=0.000020 | GPU MB alloc/reserved=278.9/1932.0
2026-04-11 18:33:53 | INFO | [Round 14] Epoch 75/80 time=00:01.41 avg=00:01.42 ETA=00:07.09 | GPU MB alloc/reserved=278.9/1932.0
2026-04-11 18:33:54 | INFO | [Round 14] epoch=76/80 loss=0.0128 acc=100.00 val_acc=nan data_t=0.0018s batch_t=0.0908s epoch_t=00:01.39 lr=0.000016 | GPU MB alloc/reserved=278.9/1932.0
2026-04-11 18:33:54 | INFO | [Round 14] Epoch 76/80 time=00:01.39 avg=00:01.42 ETA=00:05.67 | GPU MB alloc/reserved=278.9/1932.0
2026-04-11 18:33:55 | INFO | [Round 14] epoch=77/80 loss=0.0136 acc=100.00 val_acc=nan data_t=0.0031s batch_t=0.0922s epoch_t=00:01.43 lr=0.000013 | GPU MB alloc/reserved=278.9/1932.0
2026-04-11 18:33:55 | INFO | [Round 14] Epoch 77/80 time=00:01.43 avg=00:01.42 ETA=00:04.25 | GPU MB alloc/reserved=278.9/1932.0
2026-04-11 18:33:57 | INFO | [Round 14] epoch=78/80 loss=0.0133 acc=100.00 val_acc=nan data_t=0.0031s batch_t=0.0931s epoch_t=00:01.44 lr=0.000012 | GPU MB alloc/reserved=278.9/1932.0
2026-04-11 18:33:57 | INFO | [Round 14] Epoch 78/80 time=00:01.44 avg=00:01.42 ETA=00:02.84 | GPU MB alloc/reserved=278.9/1932.0
2026-04-11 18:33:58 | INFO | [Round 14] epoch=79/80 loss=0.0134 acc=100.00 val_acc=nan data_t=0.0028s batch_t=0.0832s epoch_t=00:01.29 lr=0.000010 | GPU MB alloc/reserved=278.9/1932.0
2026-04-11 18:33:58 | INFO | [Round 14] Epoch 79/80 time=00:01.29 avg=00:01.42 ETA=00:01.42 | GPU MB alloc/reserved=278.9/1932.0
2026-04-11 18:34:00 | INFO | [Round 14] epoch=80/80 loss=0.0142 acc=100.00 val_acc=nan data_t=0.0019s batch_t=0.1023s epoch_t=00:01.56 lr=0.000010 | GPU MB alloc/reserved=278.9/1932.0
2026-04-11 18:34:00 | INFO | [Round 14] Epoch 80/80 time=00:01.56 avg=00:01.42 ETA=00:00.00 | GPU MB alloc/reserved=278.9/1932.0
2026-04-11 18:34:00 | INFO | [Round 14] training complete in 01:53.77 (best monitor=100.000) | GPU MB alloc/reserved=278.9/1932.0
2026-04-11 18:34:00 | INFO | [Round 14] evaluation started | GPU MB alloc/reserved=192.7/1932.0
2026-04-11 18:34:09 | INFO | [Round 14] clean=19.51 fgsm=14.49 pgd=14.36 grad_disp_mean=nan grad_disp_sel=nan round_t=125.23s | GPU MB alloc/reserved=192.7/1932.0
2026-04-11 18:34:09 | INFO | [Round 15/21] elapsed=02:05.23 avg_round=01:23.88 projected_remaining=08:23.26 | GPU MB alloc/reserved=192.7/1932.0
2026-04-11 18:34:10 | INFO | [Round 15] acquisition on pool_size=48100 scored_pool=5000 budget=100 | GPU MB alloc/reserved=104.6/1932.0
2026-04-11 18:34:10 | INFO | [CoreSet-unlabeled-feat] scoring progress 10/20 elapsed=00:00.23 avg/batch=0.023s ETA=00:00.23 | GPU MB alloc/reserved=112.7/1932.0
2026-04-11 18:34:10 | INFO | [CoreSet-unlabeled-feat] scoring progress 20/20 elapsed=00:00.40 avg/batch=0.020s ETA=00:00.00 | GPU MB alloc/reserved=116.1/1932.0
2026-04-11 18:34:11 | INFO | [CoreSet-labeled-feat] scoring progress 8/8 elapsed=00:00.23 avg/batch=0.028s ETA=00:00.00 | GPU MB alloc/reserved=119.9/1932.0
2026-04-11 18:34:11 | INFO | [CoreSet] greedy 10/100 cover_radius=27.291075 | GPU: n/a
2026-04-11 18:34:11 | INFO | [CoreSet] greedy 20/100 cover_radius=26.982456 | GPU: n/a
2026-04-11 18:34:11 | INFO | [CoreSet] greedy 30/100 cover_radius=26.655283 | GPU: n/a
2026-04-11 18:34:11 | INFO | [CoreSet] greedy 40/100 cover_radius=26.446442 | GPU: n/a
2026-04-11 18:34:11 | INFO | [CoreSet] greedy 50/100 cover_radius=26.311317 | GPU: n/a
2026-04-11 18:34:11 | INFO | [CoreSet] greedy 60/100 cover_radius=26.181160 | GPU: n/a
2026-04-11 18:34:11 | INFO | [CoreSet] greedy 70/100 cover_radius=26.108135 | GPU: n/a
2026-04-11 18:34:11 | INFO | [CoreSet] greedy 80/100 cover_radius=26.017256 | GPU: n/a
2026-04-11 18:34:11 | INFO | [CoreSet] greedy 90/100 cover_radius=25.963593 | GPU: n/a
2026-04-11 18:34:11 | INFO | [CoreSet] greedy 100/100 cover_radius=25.902615 | GPU: n/a
2026-04-11 18:34:12 | INFO | [Round 15] labeled=2000 train=2000 val_fixed=0 | GPU MB alloc/reserved=149.2/1932.0
2026-04-11 18:34:13 | INFO | [Round 15] epoch=1/80 loss=4.6552 acc=2.20 val_acc=nan data_t=0.0136s batch_t=0.0930s epoch_t=00:01.71 lr=0.001000 | GPU MB alloc/reserved=278.7/1932.0
2026-04-11 18:34:13 | INFO | [Round 15] Epoch 1/80 time=00:01.71 avg=00:01.71 ETA=02:14.83 | GPU MB alloc/reserved=278.7/1932.0
2026-04-11 18:34:15 | INFO | [Round 15] epoch=2/80 loss=4.3644 acc=4.10 val_acc=nan data_t=0.0029s batch_t=0.0915s epoch_t=00:01.51 lr=0.000998 | GPU MB alloc/reserved=278.7/1932.0
2026-04-11 18:34:15 | INFO | [Round 15] Epoch 2/80 time=00:01.51 avg=00:01.61 ETA=02:05.50 | GPU MB alloc/reserved=278.7/1932.0
2026-04-11 18:34:17 | INFO | [Round 15] epoch=3/80 loss=4.1326 acc=6.65 val_acc=nan data_t=0.0021s batch_t=0.0915s epoch_t=00:01.50 lr=0.000997 | GPU MB alloc/reserved=278.7/1932.0
2026-04-11 18:34:17 | INFO | [Round 15] Epoch 3/80 time=00:01.50 avg=00:01.57 ETA=02:01.01 | GPU MB alloc/reserved=278.7/1932.0
2026-04-11 18:34:18 | INFO | [Round 15] epoch=4/80 loss=3.9887 acc=7.25 val_acc=nan data_t=0.0027s batch_t=0.0921s epoch_t=00:01.52 lr=0.000994 | GPU MB alloc/reserved=278.7/1932.0
2026-04-11 18:34:18 | INFO | [Round 15] Epoch 4/80 time=00:01.52 avg=00:01.56 ETA=01:58.39 | GPU MB alloc/reserved=278.7/1932.0
2026-04-11 18:34:20 | INFO | [Round 15] epoch=5/80 loss=3.8166 acc=10.50 val_acc=nan data_t=0.0019s batch_t=0.0927s epoch_t=00:01.51 lr=0.000990 | GPU MB alloc/reserved=278.7/1932.0
2026-04-11 18:34:20 | INFO | [Round 15] Epoch 5/80 time=00:01.51 avg=00:01.55 ETA=01:56.17 | GPU MB alloc/reserved=278.7/1932.0
2026-04-11 18:34:21 | INFO | [Round 15] epoch=6/80 loss=3.6918 acc=11.90 val_acc=nan data_t=0.0026s batch_t=0.0937s epoch_t=00:01.54 lr=0.000986 | GPU MB alloc/reserved=278.7/1932.0
2026-04-11 18:34:21 | INFO | [Round 15] Epoch 6/80 time=00:01.54 avg=00:01.55 ETA=01:54.53 | GPU MB alloc/reserved=278.7/1932.0
2026-04-11 18:34:23 | INFO | [Round 15] epoch=7/80 loss=3.5572 acc=13.60 val_acc=nan data_t=0.0025s batch_t=0.0925s epoch_t=00:01.52 lr=0.000981 | GPU MB alloc/reserved=278.7/1932.0
2026-04-11 18:34:23 | INFO | [Round 15] Epoch 7/80 time=00:01.52 avg=00:01.54 ETA=01:52.70 | GPU MB alloc/reserved=278.7/1932.0
2026-04-11 18:34:24 | INFO | [Round 15] epoch=8/80 loss=3.3996 acc=16.70 val_acc=nan data_t=0.0027s batch_t=0.0922s epoch_t=00:01.52 lr=0.000976 | GPU MB alloc/reserved=278.7/1932.0
2026-04-11 18:34:24 | INFO | [Round 15] Epoch 8/80 time=00:01.52 avg=00:01.54 ETA=01:50.93 | GPU MB alloc/reserved=278.7/1932.0
2026-04-11 18:34:26 | INFO | [Round 15] epoch=9/80 loss=3.2658 acc=18.55 val_acc=nan data_t=0.0017s batch_t=0.0925s epoch_t=00:01.51 lr=0.000969 | GPU MB alloc/reserved=278.7/1932.0
2026-04-11 18:34:26 | INFO | [Round 15] Epoch 9/80 time=00:01.51 avg=00:01.54 ETA=01:49.12 | GPU MB alloc/reserved=278.7/1932.0
2026-04-11 18:34:27 | INFO | [Round 15] epoch=10/80 loss=3.1734 acc=19.05 val_acc=nan data_t=0.0027s batch_t=0.0924s epoch_t=00:01.52 lr=0.000962 | GPU MB alloc/reserved=278.7/1932.0
2026-04-11 18:34:27 | INFO | [Round 15] Epoch 10/80 time=00:01.52 avg=00:01.54 ETA=01:47.48 | GPU MB alloc/reserved=278.7/1932.0
2026-04-11 18:34:29 | INFO | [Round 15] epoch=11/80 loss=3.0470 acc=22.10 val_acc=nan data_t=0.0017s batch_t=0.0924s epoch_t=00:01.51 lr=0.000955 | GPU MB alloc/reserved=278.7/1932.0
2026-04-11 18:34:29 | INFO | [Round 15] Epoch 11/80 time=00:01.51 avg=00:01.53 ETA=01:45.76 | GPU MB alloc/reserved=278.7/1932.0
2026-04-11 18:34:30 | INFO | [Round 15] epoch=12/80 loss=2.8553 acc=26.70 val_acc=nan data_t=0.0025s batch_t=0.0915s epoch_t=00:01.50 lr=0.000946 | GPU MB alloc/reserved=278.7/1932.0
2026-04-11 18:34:30 | INFO | [Round 15] Epoch 12/80 time=00:01.50 avg=00:01.53 ETA=01:44.07 | GPU MB alloc/reserved=278.7/1932.0
2026-04-11 18:34:32 | INFO | [Round 15] epoch=13/80 loss=2.7621 acc=27.70 val_acc=nan data_t=0.0017s batch_t=0.0922s epoch_t=00:01.50 lr=0.000937 | GPU MB alloc/reserved=278.7/1932.0
2026-04-11 18:34:32 | INFO | [Round 15] Epoch 13/80 time=00:01.50 avg=00:01.53 ETA=01:42.39 | GPU MB alloc/reserved=278.7/1932.0
2026-04-11 18:34:33 | INFO | [Round 15] epoch=14/80 loss=2.5901 acc=30.50 val_acc=nan data_t=0.0021s batch_t=0.0924s epoch_t=00:01.51 lr=0.000927 | GPU MB alloc/reserved=278.7/1932.0
2026-04-11 18:34:33 | INFO | [Round 15] Epoch 14/80 time=00:01.51 avg=00:01.53 ETA=01:40.78 | GPU MB alloc/reserved=278.7/1932.0
2026-04-11 18:34:35 | INFO | [Round 15] epoch=15/80 loss=2.4450 acc=33.35 val_acc=nan data_t=0.0018s batch_t=0.0927s epoch_t=00:01.51 lr=0.000917 | GPU MB alloc/reserved=278.7/1932.0
2026-04-11 18:34:35 | INFO | [Round 15] Epoch 15/80 time=00:01.51 avg=00:01.53 ETA=01:39.19 | GPU MB alloc/reserved=278.7/1932.0
2026-04-11 18:34:36 | INFO | [Round 15] epoch=16/80 loss=2.2928 acc=37.00 val_acc=nan data_t=0.0033s batch_t=0.0926s epoch_t=00:01.53 lr=0.000905 | GPU MB alloc/reserved=278.7/1932.0
2026-04-11 18:34:36 | INFO | [Round 15] Epoch 16/80 time=00:01.53 avg=00:01.53 ETA=01:37.70 | GPU MB alloc/reserved=278.7/1932.0
2026-04-11 18:34:38 | INFO | [Round 15] epoch=17/80 loss=2.1804 acc=41.20 val_acc=nan data_t=0.0026s batch_t=0.0927s epoch_t=00:01.52 lr=0.000894 | GPU MB alloc/reserved=278.7/1932.0
2026-04-11 18:34:38 | INFO | [Round 15] Epoch 17/80 time=00:01.52 avg=00:01.53 ETA=01:36.16 | GPU MB alloc/reserved=278.7/1932.0
2026-04-11 18:34:39 | INFO | [Round 15] epoch=18/80 loss=2.0328 acc=43.45 val_acc=nan data_t=0.0016s batch_t=0.0933s epoch_t=00:01.52 lr=0.000881 | GPU MB alloc/reserved=278.7/1932.0
2026-04-11 18:34:39 | INFO | [Round 15] Epoch 18/80 time=00:01.52 avg=00:01.53 ETA=01:34.61 | GPU MB alloc/reserved=278.7/1932.0
2026-04-11 18:34:41 | INFO | [Round 15] epoch=19/80 loss=1.9122 acc=46.90 val_acc=nan data_t=0.0031s batch_t=0.0937s epoch_t=00:01.55 lr=0.000868 | GPU MB alloc/reserved=278.7/1932.0
2026-04-11 18:34:41 | INFO | [Round 15] Epoch 19/80 time=00:01.55 avg=00:01.53 ETA=01:33.16 | GPU MB alloc/reserved=278.7/1932.0
2026-04-11 18:34:42 | INFO | [Round 15] epoch=20/80 loss=1.7644 acc=51.20 val_acc=nan data_t=0.0028s batch_t=0.0926s epoch_t=00:01.53 lr=0.000855 | GPU MB alloc/reserved=278.7/1932.0
2026-04-11 18:34:42 | INFO | [Round 15] Epoch 20/80 time=00:01.53 avg=00:01.53 ETA=01:31.63 | GPU MB alloc/reserved=278.7/1932.0
2026-04-11 18:34:44 | INFO | [Round 15] epoch=21/80 loss=1.6604 acc=53.90 val_acc=nan data_t=0.0016s batch_t=0.0930s epoch_t=00:01.51 lr=0.000841 | GPU MB alloc/reserved=278.7/1932.0
2026-04-11 18:34:44 | INFO | [Round 15] Epoch 21/80 time=00:01.51 avg=00:01.53 ETA=01:30.07 | GPU MB alloc/reserved=278.7/1932.0
2026-04-11 18:34:45 | INFO | [Round 15] epoch=22/80 loss=1.5011 acc=59.55 val_acc=nan data_t=0.0024s batch_t=0.0927s epoch_t=00:01.52 lr=0.000826 | GPU MB alloc/reserved=278.7/1932.0
2026-04-11 18:34:45 | INFO | [Round 15] Epoch 22/80 time=00:01.52 avg=00:01.53 ETA=01:28.53 | GPU MB alloc/reserved=278.7/1932.0
2026-04-11 18:34:47 | INFO | [Round 15] epoch=23/80 loss=1.3369 acc=64.00 val_acc=nan data_t=0.0019s batch_t=0.0926s epoch_t=00:01.51 lr=0.000811 | GPU MB alloc/reserved=278.7/1932.0
2026-04-11 18:34:47 | INFO | [Round 15] Epoch 23/80 time=00:01.51 avg=00:01.53 ETA=01:26.96 | GPU MB alloc/reserved=278.7/1932.0
2026-04-11 18:34:49 | INFO | [Round 15] epoch=24/80 loss=1.2020 acc=66.05 val_acc=nan data_t=0.0024s batch_t=0.0925s epoch_t=00:01.52 lr=0.000796 | GPU MB alloc/reserved=278.7/1932.0
2026-04-11 18:34:49 | INFO | [Round 15] Epoch 24/80 time=00:01.52 avg=00:01.53 ETA=01:25.42 | GPU MB alloc/reserved=278.7/1932.0
2026-04-11 18:34:50 | INFO | [Round 15] epoch=25/80 loss=1.0880 acc=70.90 val_acc=nan data_t=0.0016s batch_t=0.0923s epoch_t=00:01.50 lr=0.000780 | GPU MB alloc/reserved=278.7/1932.0
2026-04-11 18:34:50 | INFO | [Round 15] Epoch 25/80 time=00:01.50 avg=00:01.52 ETA=01:23.85 | GPU MB alloc/reserved=278.7/1932.0
2026-04-11 18:34:52 | INFO | [Round 15] epoch=26/80 loss=0.9732 acc=73.10 val_acc=nan data_t=0.0019s batch_t=0.0915s epoch_t=00:01.49 lr=0.000764 | GPU MB alloc/reserved=278.7/1932.0
2026-04-11 18:34:52 | INFO | [Round 15] Epoch 26/80 time=00:01.49 avg=00:01.52 ETA=01:22.26 | GPU MB alloc/reserved=278.7/1932.0
2026-04-11 18:34:53 | INFO | [Round 15] epoch=27/80 loss=0.7965 acc=80.80 val_acc=nan data_t=0.0016s batch_t=0.0911s epoch_t=00:01.48 lr=0.000747 | GPU MB alloc/reserved=278.7/1932.0
2026-04-11 18:34:53 | INFO | [Round 15] Epoch 27/80 time=00:01.48 avg=00:01.52 ETA=01:20.66 | GPU MB alloc/reserved=278.7/1932.0
2026-04-11 18:34:55 | INFO | [Round 15] epoch=28/80 loss=0.7296 acc=82.00 val_acc=nan data_t=0.0016s batch_t=0.0915s epoch_t=00:01.49 lr=0.000730 | GPU MB alloc/reserved=278.7/1932.0
2026-04-11 18:34:55 | INFO | [Round 15] Epoch 28/80 time=00:01.49 avg=00:01.52 ETA=01:19.08 | GPU MB alloc/reserved=278.7/1932.0
2026-04-11 18:34:56 | INFO | [Round 15] epoch=29/80 loss=0.6215 acc=85.10 val_acc=nan data_t=0.0024s batch_t=0.0921s epoch_t=00:01.51 lr=0.000712 | GPU MB alloc/reserved=278.7/1932.0
2026-04-11 18:34:56 | INFO | [Round 15] Epoch 29/80 time=00:01.51 avg=00:01.52 ETA=01:17.54 | GPU MB alloc/reserved=278.7/1932.0
2026-04-11 18:34:58 | INFO | [Round 15] epoch=30/80 loss=0.5463 acc=86.40 val_acc=nan data_t=0.0022s batch_t=0.0920s epoch_t=00:01.51 lr=0.000694 | GPU MB alloc/reserved=278.7/1932.0
2026-04-11 18:34:58 | INFO | [Round 15] Epoch 30/80 time=00:01.51 avg=00:01.52 ETA=01:16.00 | GPU MB alloc/reserved=278.7/1932.0
2026-04-11 18:34:59 | INFO | [Round 15] epoch=31/80 loss=0.4772 acc=89.35 val_acc=nan data_t=0.0017s batch_t=0.0923s epoch_t=00:01.50 lr=0.000676 | GPU MB alloc/reserved=278.7/1932.0
2026-04-11 18:34:59 | INFO | [Round 15] Epoch 31/80 time=00:01.50 avg=00:01.52 ETA=01:14.45 | GPU MB alloc/reserved=278.7/1932.0
2026-04-11 18:35:01 | INFO | [Round 15] epoch=32/80 loss=0.3920 acc=92.05 val_acc=nan data_t=0.0018s batch_t=0.0925s epoch_t=00:01.51 lr=0.000658 | GPU MB alloc/reserved=278.7/1932.0
2026-04-11 18:35:01 | INFO | [Round 15] Epoch 32/80 time=00:01.51 avg=00:01.52 ETA=01:12.92 | GPU MB alloc/reserved=278.7/1932.0
2026-04-11 18:35:02 | INFO | [Round 15] epoch=33/80 loss=0.3567 acc=92.60 val_acc=nan data_t=0.0028s batch_t=0.0844s epoch_t=00:01.40 lr=0.000639 | GPU MB alloc/reserved=278.7/1932.0
2026-04-11 18:35:02 | INFO | [Round 15] Epoch 33/80 time=00:01.40 avg=00:01.52 ETA=01:11.22 | GPU MB alloc/reserved=278.7/1932.0
2026-04-11 18:35:03 | INFO | [Round 15] epoch=34/80 loss=0.2813 acc=95.40 val_acc=nan data_t=0.0032s batch_t=0.0904s epoch_t=00:01.50 lr=0.000621 | GPU MB alloc/reserved=278.7/1932.0
2026-04-11 18:35:03 | INFO | [Round 15] Epoch 34/80 time=00:01.50 avg=00:01.51 ETA=01:09.68 | GPU MB alloc/reserved=278.7/1932.0
2026-04-11 18:35:05 | INFO | [Round 15] epoch=35/80 loss=0.2535 acc=96.15 val_acc=nan data_t=0.0022s batch_t=0.0985s epoch_t=00:01.61 lr=0.000602 | GPU MB alloc/reserved=278.7/1932.0
2026-04-11 18:35:05 | INFO | [Round 15] Epoch 35/80 time=00:01.61 avg=00:01.52 ETA=01:08.29 | GPU MB alloc/reserved=278.7/1932.0
2026-04-11 18:35:07 | INFO | [Round 15] epoch=36/80 loss=0.2251 acc=96.50 val_acc=nan data_t=0.0017s batch_t=0.1017s epoch_t=00:01.66 lr=0.000582 | GPU MB alloc/reserved=278.7/1932.0
2026-04-11 18:35:07 | INFO | [Round 15] Epoch 36/80 time=00:01.66 avg=00:01.52 ETA=01:06.94 | GPU MB alloc/reserved=278.7/1932.0
2026-04-11 18:35:08 | INFO | [Round 15] epoch=37/80 loss=0.2091 acc=96.00 val_acc=nan data_t=0.0025s batch_t=0.1000s epoch_t=00:01.64 lr=0.000563 | GPU MB alloc/reserved=278.7/1932.0
2026-04-11 18:35:08 | INFO | [Round 15] Epoch 37/80 time=00:01.64 avg=00:01.52 ETA=01:05.56 | GPU MB alloc/reserved=278.7/1932.0
2026-04-11 18:35:10 | INFO | [Round 15] epoch=38/80 loss=0.1821 acc=97.60 val_acc=nan data_t=0.0030s batch_t=0.1004s epoch_t=00:01.66 lr=0.000544 | GPU MB alloc/reserved=278.7/1932.0
2026-04-11 18:35:10 | INFO | [Round 15] Epoch 38/80 time=00:01.66 avg=00:01.53 ETA=01:04.18 | GPU MB alloc/reserved=278.7/1932.0
2026-04-11 18:35:11 | INFO | [Round 15] epoch=39/80 loss=0.1644 acc=97.95 val_acc=nan data_t=0.0016s batch_t=0.0838s epoch_t=00:01.37 lr=0.000524 | GPU MB alloc/reserved=278.7/1932.0
2026-04-11 18:35:11 | INFO | [Round 15] Epoch 39/80 time=00:01.37 avg=00:01.52 ETA=01:02.48 | GPU MB alloc/reserved=278.7/1932.0
2026-04-11 18:35:13 | INFO | [Round 15] epoch=40/80 loss=0.1362 acc=97.95 val_acc=nan data_t=0.0031s batch_t=0.0712s epoch_t=00:01.19 lr=0.000505 | GPU MB alloc/reserved=278.7/1932.0
2026-04-11 18:35:13 | INFO | [Round 15] Epoch 40/80 time=00:01.19 avg=00:01.52 ETA=01:00.62 | GPU MB alloc/reserved=278.7/1932.0
2026-04-11 18:35:14 | INFO | [Round 15] epoch=41/80 loss=0.1095 acc=98.80 val_acc=nan data_t=0.0035s batch_t=0.1024s epoch_t=00:01.69 lr=0.000486 | GPU MB alloc/reserved=278.7/1932.0
2026-04-11 18:35:14 | INFO | [Round 15] Epoch 41/80 time=00:01.69 avg=00:01.52 ETA=00:59.28 | GPU MB alloc/reserved=278.7/1932.0
2026-04-11 18:35:16 | INFO | [Round 15] epoch=42/80 loss=0.0902 acc=99.30 val_acc=nan data_t=0.0016s batch_t=0.0992s epoch_t=00:01.61 lr=0.000466 | GPU MB alloc/reserved=278.7/1932.0
2026-04-11 18:35:16 | INFO | [Round 15] Epoch 42/80 time=00:01.61 avg=00:01.52 ETA=00:57.84 | GPU MB alloc/reserved=278.7/1932.0
2026-04-11 18:35:17 | INFO | [Round 15] epoch=43/80 loss=0.0782 acc=99.40 val_acc=nan data_t=0.0025s batch_t=0.0651s epoch_t=00:01.08 lr=0.000447 | GPU MB alloc/reserved=278.7/1932.0
2026-04-11 18:35:17 | INFO | [Round 15] Epoch 43/80 time=00:01.08 avg=00:01.51 ETA=00:55.94 | GPU MB alloc/reserved=278.7/1932.0
2026-04-11 18:35:18 | INFO | [Round 15] epoch=44/80 loss=0.0620 acc=99.60 val_acc=nan data_t=0.0024s batch_t=0.0741s epoch_t=00:01.22 lr=0.000428 | GPU MB alloc/reserved=278.7/1932.0
2026-04-11 18:35:18 | INFO | [Round 15] Epoch 44/80 time=00:01.22 avg=00:01.51 ETA=00:54.19 | GPU MB alloc/reserved=278.7/1932.0
2026-04-11 18:35:20 | INFO | [Round 15] epoch=45/80 loss=0.0482 acc=99.85 val_acc=nan data_t=0.0021s batch_t=0.0901s epoch_t=00:01.48 lr=0.000408 | GPU MB alloc/reserved=278.7/1932.0
2026-04-11 18:35:20 | INFO | [Round 15] Epoch 45/80 time=00:01.48 avg=00:01.50 ETA=00:52.67 | GPU MB alloc/reserved=278.7/1932.0
2026-04-11 18:35:21 | INFO | [Round 15] epoch=46/80 loss=0.0484 acc=99.85 val_acc=nan data_t=0.0021s batch_t=0.0916s epoch_t=00:01.50 lr=0.000389 | GPU MB alloc/reserved=278.7/1932.0
2026-04-11 18:35:21 | INFO | [Round 15] Epoch 46/80 time=00:01.50 avg=00:01.50 ETA=00:51.16 | GPU MB alloc/reserved=278.7/1932.0
2026-04-11 18:35:23 | INFO | [Round 15] epoch=47/80 loss=0.0444 acc=99.80 val_acc=nan data_t=0.0032s batch_t=0.0928s epoch_t=00:01.54 lr=0.000371 | GPU MB alloc/reserved=278.7/1932.0
2026-04-11 18:35:23 | INFO | [Round 15] Epoch 47/80 time=00:01.54 avg=00:01.51 ETA=00:49.68 | GPU MB alloc/reserved=278.7/1932.0
2026-04-11 18:35:24 | INFO | [Round 15] epoch=48/80 loss=0.0391 acc=99.75 val_acc=nan data_t=0.0022s batch_t=0.0927s epoch_t=00:01.52 lr=0.000352 | GPU MB alloc/reserved=278.7/1932.0
2026-04-11 18:35:24 | INFO | [Round 15] Epoch 48/80 time=00:01.52 avg=00:01.51 ETA=00:48.18 | GPU MB alloc/reserved=278.7/1932.0
2026-04-11 18:35:26 | INFO | [Round 15] epoch=49/80 loss=0.0369 acc=99.90 val_acc=nan data_t=0.0029s batch_t=0.0934s epoch_t=00:01.54 lr=0.000334 | GPU MB alloc/reserved=278.7/1932.0
2026-04-11 18:35:26 | INFO | [Round 15] Epoch 49/80 time=00:01.54 avg=00:01.51 ETA=00:46.70 | GPU MB alloc/reserved=278.7/1932.0
2026-04-11 18:35:27 | INFO | [Round 15] epoch=50/80 loss=0.0347 acc=99.85 val_acc=nan data_t=0.0016s batch_t=0.0920s epoch_t=00:01.50 lr=0.000316 | GPU MB alloc/reserved=278.7/1932.0
2026-04-11 18:35:27 | INFO | [Round 15] Epoch 50/80 time=00:01.50 avg=00:01.51 ETA=00:45.19 | GPU MB alloc/reserved=278.7/1932.0
2026-04-11 18:35:29 | INFO | [Round 15] epoch=51/80 loss=0.0318 acc=99.85 val_acc=nan data_t=0.0025s batch_t=0.0926s epoch_t=00:01.52 lr=0.000298 | GPU MB alloc/reserved=278.7/1932.0
2026-04-11 18:35:29 | INFO | [Round 15] Epoch 51/80 time=00:01.52 avg=00:01.51 ETA=00:43.69 | GPU MB alloc/reserved=278.7/1932.0
2026-04-11 18:35:30 | INFO | [Round 15] epoch=52/80 loss=0.0287 acc=99.95 val_acc=nan data_t=0.0034s batch_t=0.0929s epoch_t=00:01.54 lr=0.000280 | GPU MB alloc/reserved=278.7/1932.0
2026-04-11 18:35:30 | INFO | [Round 15] Epoch 52/80 time=00:01.54 avg=00:01.51 ETA=00:42.20 | GPU MB alloc/reserved=278.7/1932.0
2026-04-11 18:35:32 | INFO | [Round 15] epoch=53/80 loss=0.0242 acc=100.00 val_acc=nan data_t=0.0030s batch_t=0.0921s epoch_t=00:01.52 lr=0.000263 | GPU MB alloc/reserved=278.7/1932.0
2026-04-11 18:35:32 | INFO | [Round 15] Epoch 53/80 time=00:01.52 avg=00:01.51 ETA=00:40.70 | GPU MB alloc/reserved=278.7/1932.0
2026-04-11 18:35:33 | INFO | [Round 15] epoch=54/80 loss=0.0254 acc=100.00 val_acc=nan data_t=0.0030s batch_t=0.0918s epoch_t=00:01.52 lr=0.000246 | GPU MB alloc/reserved=278.7/1932.0
2026-04-11 18:35:33 | INFO | [Round 15] Epoch 54/80 time=00:01.52 avg=00:01.51 ETA=00:39.20 | GPU MB alloc/reserved=278.7/1932.0
2026-04-11 18:35:35 | INFO | [Round 15] epoch=55/80 loss=0.0226 acc=100.00 val_acc=nan data_t=0.0025s batch_t=0.0917s epoch_t=00:01.51 lr=0.000230 | GPU MB alloc/reserved=278.7/1932.0
2026-04-11 18:35:35 | INFO | [Round 15] Epoch 55/80 time=00:01.51 avg=00:01.51 ETA=00:37.69 | GPU MB alloc/reserved=278.7/1932.0
2026-04-11 18:35:36 | INFO | [Round 15] epoch=56/80 loss=0.0205 acc=99.95 val_acc=nan data_t=0.0018s batch_t=0.0928s epoch_t=00:01.51 lr=0.000214 | GPU MB alloc/reserved=278.7/1932.0
2026-04-11 18:35:36 | INFO | [Round 15] Epoch 56/80 time=00:01.51 avg=00:01.51 ETA=00:36.19 | GPU MB alloc/reserved=278.7/1932.0
2026-04-11 18:35:38 | INFO | [Round 15] epoch=57/80 loss=0.0204 acc=100.00 val_acc=nan data_t=0.0030s batch_t=0.0914s epoch_t=00:01.51 lr=0.000199 | GPU MB alloc/reserved=278.7/1932.0
2026-04-11 18:35:38 | INFO | [Round 15] Epoch 57/80 time=00:01.51 avg=00:01.51 ETA=00:34.68 | GPU MB alloc/reserved=278.7/1932.0
2026-04-11 18:35:39 | INFO | [Round 15] epoch=58/80 loss=0.0182 acc=99.95 val_acc=nan data_t=0.0017s batch_t=0.0930s epoch_t=00:01.52 lr=0.000184 | GPU MB alloc/reserved=278.7/1932.0
2026-04-11 18:35:39 | INFO | [Round 15] Epoch 58/80 time=00:01.52 avg=00:01.51 ETA=00:33.17 | GPU MB alloc/reserved=278.7/1932.0
2026-04-11 18:35:41 | INFO | [Round 15] epoch=59/80 loss=0.0198 acc=99.95 val_acc=nan data_t=0.0027s batch_t=0.0921s epoch_t=00:01.52 lr=0.000169 | GPU MB alloc/reserved=278.7/1932.0
2026-04-11 18:35:41 | INFO | [Round 15] Epoch 59/80 time=00:01.52 avg=00:01.51 ETA=00:31.67 | GPU MB alloc/reserved=278.7/1932.0
2026-04-11 18:35:43 | INFO | [Round 15] epoch=60/80 loss=0.0174 acc=100.00 val_acc=nan data_t=0.0026s batch_t=0.0914s epoch_t=00:01.50 lr=0.000155 | GPU MB alloc/reserved=278.7/1932.0
2026-04-11 18:35:43 | INFO | [Round 15] Epoch 60/80 time=00:01.50 avg=00:01.51 ETA=00:30.16 | GPU MB alloc/reserved=278.7/1932.0
2026-04-11 18:35:44 | INFO | [Round 15] epoch=61/80 loss=0.0171 acc=99.95 val_acc=nan data_t=0.0024s batch_t=0.0926s epoch_t=00:01.52 lr=0.000142 | GPU MB alloc/reserved=278.7/1932.0
2026-04-11 18:35:44 | INFO | [Round 15] Epoch 61/80 time=00:01.52 avg=00:01.51 ETA=00:28.66 | GPU MB alloc/reserved=278.7/1932.0
2026-04-11 18:35:46 | INFO | [Round 15] epoch=62/80 loss=0.0161 acc=100.00 val_acc=nan data_t=0.0025s batch_t=0.0920s epoch_t=00:01.51 lr=0.000129 | GPU MB alloc/reserved=278.7/1932.0
2026-04-11 18:35:46 | INFO | [Round 15] Epoch 62/80 time=00:01.51 avg=00:01.51 ETA=00:27.15 | GPU MB alloc/reserved=278.7/1932.0
2026-04-11 18:35:47 | INFO | [Round 15] epoch=63/80 loss=0.0158 acc=100.00 val_acc=nan data_t=0.0020s batch_t=0.0908s epoch_t=00:01.48 lr=0.000116 | GPU MB alloc/reserved=278.7/1932.0
2026-04-11 18:35:47 | INFO | [Round 15] Epoch 63/80 time=00:01.48 avg=00:01.51 ETA=00:25.63 | GPU MB alloc/reserved=278.7/1932.0
2026-04-11 18:35:49 | INFO | [Round 15] epoch=64/80 loss=0.0164 acc=100.00 val_acc=nan data_t=0.0033s batch_t=0.0924s epoch_t=00:01.53 lr=0.000105 | GPU MB alloc/reserved=278.7/1932.0
2026-04-11 18:35:49 | INFO | [Round 15] Epoch 64/80 time=00:01.53 avg=00:01.51 ETA=00:24.13 | GPU MB alloc/reserved=278.7/1932.0
2026-04-11 18:35:50 | INFO | [Round 15] epoch=65/80 loss=0.0165 acc=100.00 val_acc=nan data_t=0.0033s batch_t=0.0923s epoch_t=00:01.53 lr=0.000093 | GPU MB alloc/reserved=278.7/1932.0
2026-04-11 18:35:50 | INFO | [Round 15] Epoch 65/80 time=00:01.53 avg=00:01.51 ETA=00:22.63 | GPU MB alloc/reserved=278.7/1932.0
2026-04-11 18:35:52 | INFO | [Round 15] epoch=66/80 loss=0.0159 acc=100.00 val_acc=nan data_t=0.0026s batch_t=0.0922s epoch_t=00:01.52 lr=0.000083 | GPU MB alloc/reserved=278.7/1932.0
2026-04-11 18:35:52 | INFO | [Round 15] Epoch 66/80 time=00:01.52 avg=00:01.51 ETA=00:21.12 | GPU MB alloc/reserved=278.7/1932.0
2026-04-11 18:35:53 | INFO | [Round 15] epoch=67/80 loss=0.0152 acc=100.00 val_acc=nan data_t=0.0028s batch_t=0.0920s epoch_t=00:01.52 lr=0.000073 | GPU MB alloc/reserved=278.7/1932.0
2026-04-11 18:35:53 | INFO | [Round 15] Epoch 67/80 time=00:01.52 avg=00:01.51 ETA=00:19.62 | GPU MB alloc/reserved=278.7/1932.0
2026-04-11 18:35:55 | INFO | [Round 15] epoch=68/80 loss=0.0163 acc=100.00 val_acc=nan data_t=0.0029s batch_t=0.0914s epoch_t=00:01.51 lr=0.000064 | GPU MB alloc/reserved=278.7/1932.0
2026-04-11 18:35:55 | INFO | [Round 15] Epoch 68/80 time=00:01.51 avg=00:01.51 ETA=00:18.11 | GPU MB alloc/reserved=278.7/1932.0
2026-04-11 18:35:56 | INFO | [Round 15] epoch=69/80 loss=0.0156 acc=100.00 val_acc=nan data_t=0.0026s batch_t=0.0916s epoch_t=00:01.51 lr=0.000055 | GPU MB alloc/reserved=278.7/1932.0
2026-04-11 18:35:56 | INFO | [Round 15] Epoch 69/80 time=00:01.51 avg=00:01.51 ETA=00:16.60 | GPU MB alloc/reserved=278.7/1932.0
2026-04-11 18:35:58 | INFO | [Round 15] epoch=70/80 loss=0.0149 acc=100.00 val_acc=nan data_t=0.0027s batch_t=0.0916s epoch_t=00:01.51 lr=0.000048 | GPU MB alloc/reserved=278.7/1932.0
2026-04-11 18:35:58 | INFO | [Round 15] Epoch 70/80 time=00:01.51 avg=00:01.51 ETA=00:15.09 | GPU MB alloc/reserved=278.7/1932.0
2026-04-11 18:35:59 | INFO | [Round 15] epoch=71/80 loss=0.0144 acc=100.00 val_acc=nan data_t=0.0017s batch_t=0.0916s epoch_t=00:01.49 lr=0.000041 | GPU MB alloc/reserved=278.7/1932.0
2026-04-11 18:35:59 | INFO | [Round 15] Epoch 71/80 time=00:01.49 avg=00:01.51 ETA=00:13.58 | GPU MB alloc/reserved=278.7/1932.0
2026-04-11 18:36:01 | INFO | [Round 15] epoch=72/80 loss=0.0139 acc=100.00 val_acc=nan data_t=0.0030s batch_t=0.0917s epoch_t=00:01.52 lr=0.000034 | GPU MB alloc/reserved=278.7/1932.0
2026-04-11 18:36:01 | INFO | [Round 15] Epoch 72/80 time=00:01.52 avg=00:01.51 ETA=00:12.07 | GPU MB alloc/reserved=278.7/1932.0
2026-04-11 18:36:02 | INFO | [Round 15] epoch=73/80 loss=0.0156 acc=100.00 val_acc=nan data_t=0.0017s batch_t=0.0914s epoch_t=00:01.49 lr=0.000029 | GPU MB alloc/reserved=278.7/1932.0
2026-04-11 18:36:02 | INFO | [Round 15] Epoch 73/80 time=00:01.49 avg=00:01.51 ETA=00:10.56 | GPU MB alloc/reserved=278.7/1932.0
2026-04-11 18:36:04 | INFO | [Round 15] epoch=74/80 loss=0.0152 acc=99.95 val_acc=nan data_t=0.0030s batch_t=0.0929s epoch_t=00:01.53 lr=0.000024 | GPU MB alloc/reserved=278.7/1932.0
2026-04-11 18:36:04 | INFO | [Round 15] Epoch 74/80 time=00:01.53 avg=00:01.51 ETA=00:09.05 | GPU MB alloc/reserved=278.7/1932.0
2026-04-11 18:36:05 | INFO | [Round 15] epoch=75/80 loss=0.0160 acc=100.00 val_acc=nan data_t=0.0028s batch_t=0.0920s epoch_t=00:01.52 lr=0.000020 | GPU MB alloc/reserved=278.7/1932.0
2026-04-11 18:36:05 | INFO | [Round 15] Epoch 75/80 time=00:01.52 avg=00:01.51 ETA=00:07.54 | GPU MB alloc/reserved=278.7/1932.0
2026-04-11 18:36:07 | INFO | [Round 15] epoch=76/80 loss=0.0133 acc=100.00 val_acc=nan data_t=0.0026s batch_t=0.0923s epoch_t=00:01.52 lr=0.000016 | GPU MB alloc/reserved=278.7/1932.0
2026-04-11 18:36:07 | INFO | [Round 15] Epoch 76/80 time=00:01.52 avg=00:01.51 ETA=00:06.04 | GPU MB alloc/reserved=278.7/1932.0
2026-04-11 18:36:08 | INFO | [Round 15] epoch=77/80 loss=0.0152 acc=100.00 val_acc=nan data_t=0.0020s batch_t=0.0923s epoch_t=00:01.51 lr=0.000013 | GPU MB alloc/reserved=278.7/1932.0
2026-04-11 18:36:08 | INFO | [Round 15] Epoch 77/80 time=00:01.51 avg=00:01.51 ETA=00:04.53 | GPU MB alloc/reserved=278.7/1932.0
2026-04-11 18:36:10 | INFO | [Round 15] epoch=78/80 loss=0.0136 acc=100.00 val_acc=nan data_t=0.0036s batch_t=0.0927s epoch_t=00:01.54 lr=0.000012 | GPU MB alloc/reserved=278.7/1932.0
2026-04-11 18:36:10 | INFO | [Round 15] Epoch 78/80 time=00:01.54 avg=00:01.51 ETA=00:03.02 | GPU MB alloc/reserved=278.7/1932.0
2026-04-11 18:36:11 | INFO | [Round 15] epoch=79/80 loss=0.0155 acc=99.95 val_acc=nan data_t=0.0030s batch_t=0.0915s epoch_t=00:01.51 lr=0.000010 | GPU MB alloc/reserved=278.7/1932.0
2026-04-11 18:36:11 | INFO | [Round 15] Epoch 79/80 time=00:01.51 avg=00:01.51 ETA=00:01.51 | GPU MB alloc/reserved=278.7/1932.0
2026-04-11 18:36:13 | INFO | [Round 15] epoch=80/80 loss=0.0139 acc=100.00 val_acc=nan data_t=0.0023s batch_t=0.0916s epoch_t=00:01.50 lr=0.000010 | GPU MB alloc/reserved=278.7/1932.0
2026-04-11 18:36:13 | INFO | [Round 15] Epoch 80/80 time=00:01.50 avg=00:01.51 ETA=00:00.00 | GPU MB alloc/reserved=278.7/1932.0
2026-04-11 18:36:13 | INFO | [Round 15] training complete in 02:01.07 (best monitor=100.000) | GPU MB alloc/reserved=278.7/1932.0
2026-04-11 18:36:13 | INFO | [Round 15] evaluation started | GPU MB alloc/reserved=193.0/1932.0
2026-04-11 18:36:23 | INFO | [Round 15] clean=20.39 fgsm=15.61 pgd=15.51 grad_disp_mean=nan grad_disp_sel=nan round_t=133.00s | GPU MB alloc/reserved=193.0/1932.0
2026-04-11 18:36:23 | INFO | [Round 16/21] elapsed=02:13.00 avg_round=01:26.95 projected_remaining=07:14.74 | GPU MB alloc/reserved=193.0/1932.0
2026-04-11 18:36:24 | INFO | [Round 16] acquisition on pool_size=48000 scored_pool=5000 budget=100 | GPU MB alloc/reserved=104.7/1932.0
2026-04-11 18:36:24 | INFO | [CoreSet-unlabeled-feat] scoring progress 10/20 elapsed=00:00.26 avg/batch=0.026s ETA=00:00.26 | GPU MB alloc/reserved=113.6/1932.0
2026-04-11 18:36:24 | INFO | [CoreSet-unlabeled-feat] scoring progress 20/20 elapsed=00:00.39 avg/batch=0.020s ETA=00:00.00 | GPU MB alloc/reserved=116.1/1932.0
2026-04-11 18:36:25 | INFO | [CoreSet-labeled-feat] scoring progress 8/8 elapsed=00:00.25 avg/batch=0.031s ETA=00:00.00 | GPU MB alloc/reserved=121.4/1932.0
2026-04-11 18:36:25 | INFO | [CoreSet] greedy 10/100 cover_radius=27.176300 | GPU: n/a
2026-04-11 18:36:25 | INFO | [CoreSet] greedy 20/100 cover_radius=26.889488 | GPU: n/a
2026-04-11 18:36:25 | INFO | [CoreSet] greedy 30/100 cover_radius=26.713667 | GPU: n/a
2026-04-11 18:36:25 | INFO | [CoreSet] greedy 40/100 cover_radius=26.509989 | GPU: n/a
2026-04-11 18:36:25 | INFO | [CoreSet] greedy 50/100 cover_radius=26.308218 | GPU: n/a
2026-04-11 18:36:26 | INFO | [CoreSet] greedy 60/100 cover_radius=26.198168 | GPU: n/a
2026-04-11 18:36:26 | INFO | [CoreSet] greedy 70/100 cover_radius=26.137064 | GPU: n/a
2026-04-11 18:36:26 | INFO | [CoreSet] greedy 80/100 cover_radius=26.047445 | GPU: n/a
2026-04-11 18:36:26 | INFO | [CoreSet] greedy 90/100 cover_radius=26.005127 | GPU: n/a
2026-04-11 18:36:26 | INFO | [CoreSet] greedy 100/100 cover_radius=25.959108 | GPU: n/a
2026-04-11 18:36:27 | INFO | [Round 16] labeled=2100 train=2100 val_fixed=0 | GPU MB alloc/reserved=148.1/1932.0
2026-04-11 18:36:28 | INFO | [Round 16] epoch=1/80 loss=4.6657 acc=2.10 val_acc=nan data_t=0.0118s batch_t=0.0648s epoch_t=00:01.30 lr=0.001000 | GPU MB alloc/reserved=280.8/1932.0
2026-04-11 18:36:28 | INFO | [Round 16] Epoch 1/80 time=00:01.30 avg=00:01.30 ETA=01:42.96 | GPU MB alloc/reserved=280.8/1932.0
2026-04-11 18:36:29 | INFO | [Round 16] epoch=2/80 loss=4.3501 acc=5.05 val_acc=nan data_t=0.0021s batch_t=0.0732s epoch_t=00:01.28 lr=0.000998 | GPU MB alloc/reserved=280.8/1932.0
2026-04-11 18:36:29 | INFO | [Round 16] Epoch 2/80 time=00:01.28 avg=00:01.29 ETA=01:40.73 | GPU MB alloc/reserved=280.8/1932.0
2026-04-11 18:36:31 | INFO | [Round 16] epoch=3/80 loss=4.1634 acc=5.81 val_acc=nan data_t=0.0017s batch_t=0.0885s epoch_t=00:01.53 lr=0.000997 | GPU MB alloc/reserved=280.8/1932.0
2026-04-11 18:36:31 | INFO | [Round 16] Epoch 3/80 time=00:01.53 avg=00:01.37 ETA=01:45.65 | GPU MB alloc/reserved=280.8/1932.0
2026-04-11 18:36:33 | INFO | [Round 16] epoch=4/80 loss=4.0199 acc=7.38 val_acc=nan data_t=0.0021s batch_t=0.0908s epoch_t=00:01.58 lr=0.000994 | GPU MB alloc/reserved=280.8/1932.0
2026-04-11 18:36:33 | INFO | [Round 16] Epoch 4/80 time=00:01.58 avg=00:01.42 ETA=01:48.23 | GPU MB alloc/reserved=280.8/1932.0
2026-04-11 18:36:34 | INFO | [Round 16] epoch=5/80 loss=3.8606 acc=10.24 val_acc=nan data_t=0.0016s batch_t=0.0916s epoch_t=00:01.58 lr=0.000990 | GPU MB alloc/reserved=280.8/1932.0
2026-04-11 18:36:34 | INFO | [Round 16] Epoch 5/80 time=00:01.58 avg=00:01.46 ETA=01:49.20 | GPU MB alloc/reserved=280.8/1932.0
2026-04-11 18:36:36 | INFO | [Round 16] epoch=6/80 loss=3.7278 acc=10.57 val_acc=nan data_t=0.0025s batch_t=0.0912s epoch_t=00:01.59 lr=0.000986 | GPU MB alloc/reserved=280.8/1932.0
2026-04-11 18:36:36 | INFO | [Round 16] Epoch 6/80 time=00:01.59 avg=00:01.48 ETA=01:49.43 | GPU MB alloc/reserved=280.8/1932.0
2026-04-11 18:36:37 | INFO | [Round 16] epoch=7/80 loss=3.6099 acc=13.43 val_acc=nan data_t=0.0027s batch_t=0.0910s epoch_t=00:01.59 lr=0.000981 | GPU MB alloc/reserved=280.8/1932.0
2026-04-11 18:36:37 | INFO | [Round 16] Epoch 7/80 time=00:01.59 avg=00:01.50 ETA=01:49.16 | GPU MB alloc/reserved=280.8/1932.0
2026-04-11 18:36:39 | INFO | [Round 16] epoch=8/80 loss=3.4323 acc=16.67 val_acc=nan data_t=0.0033s batch_t=0.0906s epoch_t=00:01.60 lr=0.000976 | GPU MB alloc/reserved=280.8/1932.0
2026-04-11 18:36:39 | INFO | [Round 16] Epoch 8/80 time=00:01.60 avg=00:01.51 ETA=01:48.56 | GPU MB alloc/reserved=280.8/1932.0
2026-04-11 18:36:40 | INFO | [Round 16] epoch=9/80 loss=3.3465 acc=16.48 val_acc=nan data_t=0.0015s batch_t=0.0923s epoch_t=00:01.59 lr=0.000969 | GPU MB alloc/reserved=280.8/1932.0
2026-04-11 18:36:40 | INFO | [Round 16] Epoch 9/80 time=00:01.59 avg=00:01.52 ETA=01:47.74 | GPU MB alloc/reserved=280.8/1932.0
2026-04-11 18:36:42 | INFO | [Round 16] epoch=10/80 loss=3.2145 acc=19.48 val_acc=nan data_t=0.0022s batch_t=0.0913s epoch_t=00:01.59 lr=0.000962 | GPU MB alloc/reserved=280.8/1932.0
2026-04-11 18:36:42 | INFO | [Round 16] Epoch 10/80 time=00:01.59 avg=00:01.52 ETA=01:46.74 | GPU MB alloc/reserved=280.8/1932.0
2026-04-11 18:36:44 | INFO | [Round 16] epoch=11/80 loss=3.0705 acc=21.29 val_acc=nan data_t=0.0028s batch_t=0.0910s epoch_t=00:01.59 lr=0.000955 | GPU MB alloc/reserved=280.8/1932.0
2026-04-11 18:36:44 | INFO | [Round 16] Epoch 11/80 time=00:01.59 avg=00:01.53 ETA=01:45.65 | GPU MB alloc/reserved=280.8/1932.0
2026-04-11 18:36:45 | INFO | [Round 16] epoch=12/80 loss=2.9256 acc=25.00 val_acc=nan data_t=0.0018s batch_t=0.0919s epoch_t=00:01.59 lr=0.000946 | GPU MB alloc/reserved=280.8/1932.0
2026-04-11 18:36:45 | INFO | [Round 16] Epoch 12/80 time=00:01.59 avg=00:01.54 ETA=01:44.47 | GPU MB alloc/reserved=280.8/1932.0
2026-04-11 18:36:47 | INFO | [Round 16] epoch=13/80 loss=2.8188 acc=27.33 val_acc=nan data_t=0.0020s batch_t=0.0917s epoch_t=00:01.59 lr=0.000937 | GPU MB alloc/reserved=280.8/1932.0
2026-04-11 18:36:47 | INFO | [Round 16] Epoch 13/80 time=00:01.59 avg=00:01.54 ETA=01:43.23 | GPU MB alloc/reserved=280.8/1932.0
2026-04-11 18:36:48 | INFO | [Round 16] epoch=14/80 loss=2.6821 acc=30.14 val_acc=nan data_t=0.0017s batch_t=0.0925s epoch_t=00:01.60 lr=0.000927 | GPU MB alloc/reserved=280.8/1932.0
2026-04-11 18:36:48 | INFO | [Round 16] Epoch 14/80 time=00:01.60 avg=00:01.55 ETA=01:41.98 | GPU MB alloc/reserved=280.8/1932.0
2026-04-11 18:36:50 | INFO | [Round 16] epoch=15/80 loss=2.5436 acc=31.90 val_acc=nan data_t=0.0026s batch_t=0.0911s epoch_t=00:01.59 lr=0.000917 | GPU MB alloc/reserved=280.8/1932.0
2026-04-11 18:36:50 | INFO | [Round 16] Epoch 15/80 time=00:01.59 avg=00:01.55 ETA=01:40.64 | GPU MB alloc/reserved=280.8/1932.0
2026-04-11 18:36:52 | INFO | [Round 16] epoch=16/80 loss=2.3548 acc=37.86 val_acc=nan data_t=0.0020s batch_t=0.0908s epoch_t=00:01.58 lr=0.000905 | GPU MB alloc/reserved=280.8/1932.0
2026-04-11 18:36:52 | INFO | [Round 16] Epoch 16/80 time=00:01.58 avg=00:01.55 ETA=01:39.22 | GPU MB alloc/reserved=280.8/1932.0
2026-04-11 18:36:53 | INFO | [Round 16] epoch=17/80 loss=2.2873 acc=38.43 val_acc=nan data_t=0.0020s batch_t=0.0920s epoch_t=00:01.60 lr=0.000894 | GPU MB alloc/reserved=280.8/1932.0
2026-04-11 18:36:53 | INFO | [Round 16] Epoch 17/80 time=00:01.60 avg=00:01.55 ETA=01:37.85 | GPU MB alloc/reserved=280.8/1932.0
2026-04-11 18:36:55 | INFO | [Round 16] epoch=18/80 loss=2.1366 acc=39.90 val_acc=nan data_t=0.0017s batch_t=0.0897s epoch_t=00:01.55 lr=0.000881 | GPU MB alloc/reserved=280.8/1932.0
2026-04-11 18:36:55 | INFO | [Round 16] Epoch 18/80 time=00:01.55 avg=00:01.55 ETA=01:36.30 | GPU MB alloc/reserved=280.8/1932.0
2026-04-11 18:36:56 | INFO | [Round 16] epoch=19/80 loss=1.9904 acc=45.00 val_acc=nan data_t=0.0017s batch_t=0.0912s epoch_t=00:01.58 lr=0.000868 | GPU MB alloc/reserved=280.8/1932.0
2026-04-11 18:36:56 | INFO | [Round 16] Epoch 19/80 time=00:01.58 avg=00:01.55 ETA=01:34.82 | GPU MB alloc/reserved=280.8/1932.0
2026-04-11 18:36:58 | INFO | [Round 16] epoch=20/80 loss=1.8386 acc=49.10 val_acc=nan data_t=0.0024s batch_t=0.0914s epoch_t=00:01.59 lr=0.000855 | GPU MB alloc/reserved=280.8/1932.0
2026-04-11 18:36:58 | INFO | [Round 16] Epoch 20/80 time=00:01.59 avg=00:01.56 ETA=01:33.39 | GPU MB alloc/reserved=280.8/1932.0
2026-04-11 18:37:00 | INFO | [Round 16] epoch=21/80 loss=1.6813 acc=51.43 val_acc=nan data_t=0.0016s batch_t=0.0913s epoch_t=00:01.58 lr=0.000841 | GPU MB alloc/reserved=280.8/1932.0
2026-04-11 18:37:00 | INFO | [Round 16] Epoch 21/80 time=00:01.58 avg=00:01.56 ETA=01:31.90 | GPU MB alloc/reserved=280.8/1932.0
2026-04-11 18:37:01 | INFO | [Round 16] epoch=22/80 loss=1.5842 acc=56.52 val_acc=nan data_t=0.0019s batch_t=0.0914s epoch_t=00:01.59 lr=0.000826 | GPU MB alloc/reserved=280.8/1932.0
2026-04-11 18:37:01 | INFO | [Round 16] Epoch 22/80 time=00:01.59 avg=00:01.56 ETA=01:30.42 | GPU MB alloc/reserved=280.8/1932.0
2026-04-11 18:37:03 | INFO | [Round 16] epoch=23/80 loss=1.5034 acc=56.38 val_acc=nan data_t=0.0016s batch_t=0.0917s epoch_t=00:01.59 lr=0.000811 | GPU MB alloc/reserved=280.8/1932.0
2026-04-11 18:37:03 | INFO | [Round 16] Epoch 23/80 time=00:01.59 avg=00:01.56 ETA=01:28.93 | GPU MB alloc/reserved=280.8/1932.0
2026-04-11 18:37:04 | INFO | [Round 16] epoch=24/80 loss=1.3184 acc=64.33 val_acc=nan data_t=0.0017s batch_t=0.0912s epoch_t=00:01.58 lr=0.000796 | GPU MB alloc/reserved=280.8/1932.0
2026-04-11 18:37:04 | INFO | [Round 16] Epoch 24/80 time=00:01.58 avg=00:01.56 ETA=01:27.41 | GPU MB alloc/reserved=280.8/1932.0
2026-04-11 18:37:06 | INFO | [Round 16] epoch=25/80 loss=1.1385 acc=69.00 val_acc=nan data_t=0.0022s batch_t=0.0912s epoch_t=00:01.59 lr=0.000780 | GPU MB alloc/reserved=280.8/1932.0
2026-04-11 18:37:06 | INFO | [Round 16] Epoch 25/80 time=00:01.59 avg=00:01.56 ETA=01:25.91 | GPU MB alloc/reserved=280.8/1932.0
2026-04-11 18:37:08 | INFO | [Round 16] epoch=26/80 loss=1.1044 acc=70.81 val_acc=nan data_t=0.0021s batch_t=0.0916s epoch_t=00:01.59 lr=0.000764 | GPU MB alloc/reserved=280.8/1932.0
2026-04-11 18:37:08 | INFO | [Round 16] Epoch 26/80 time=00:01.59 avg=00:01.56 ETA=01:24.41 | GPU MB alloc/reserved=280.8/1932.0
2026-04-11 18:37:09 | INFO | [Round 16] epoch=27/80 loss=0.9824 acc=72.33 val_acc=nan data_t=0.0016s batch_t=0.0909s epoch_t=00:01.57 lr=0.000747 | GPU MB alloc/reserved=280.8/1932.0
2026-04-11 18:37:09 | INFO | [Round 16] Epoch 27/80 time=00:01.57 avg=00:01.56 ETA=01:22.87 | GPU MB alloc/reserved=280.8/1932.0
2026-04-11 18:37:11 | INFO | [Round 16] epoch=28/80 loss=0.8465 acc=78.71 val_acc=nan data_t=0.0021s batch_t=0.0909s epoch_t=00:01.58 lr=0.000730 | GPU MB alloc/reserved=280.8/1932.0
2026-04-11 18:37:11 | INFO | [Round 16] Epoch 28/80 time=00:01.58 avg=00:01.56 ETA=01:21.34 | GPU MB alloc/reserved=280.8/1932.0
2026-04-11 18:37:12 | INFO | [Round 16] epoch=29/80 loss=0.7276 acc=82.14 val_acc=nan data_t=0.0024s batch_t=0.0915s epoch_t=00:01.60 lr=0.000712 | GPU MB alloc/reserved=280.8/1932.0
2026-04-11 18:37:12 | INFO | [Round 16] Epoch 29/80 time=00:01.60 avg=00:01.57 ETA=01:19.83 | GPU MB alloc/reserved=280.8/1932.0
2026-04-11 18:37:14 | INFO | [Round 16] epoch=30/80 loss=0.6402 acc=83.81 val_acc=nan data_t=0.0024s batch_t=0.0917s epoch_t=00:01.60 lr=0.000694 | GPU MB alloc/reserved=280.8/1932.0
2026-04-11 18:37:14 | INFO | [Round 16] Epoch 30/80 time=00:01.60 avg=00:01.57 ETA=01:18.32 | GPU MB alloc/reserved=280.8/1932.0
2026-04-11 18:37:16 | INFO | [Round 16] epoch=31/80 loss=0.5672 acc=86.71 val_acc=nan data_t=0.0031s batch_t=0.0911s epoch_t=00:01.60 lr=0.000676 | GPU MB alloc/reserved=280.8/1932.0
2026-04-11 18:37:16 | INFO | [Round 16] Epoch 31/80 time=00:01.60 avg=00:01.57 ETA=01:16.81 | GPU MB alloc/reserved=280.8/1932.0
2026-04-11 18:37:17 | INFO | [Round 16] epoch=32/80 loss=0.4814 acc=89.00 val_acc=nan data_t=0.0023s batch_t=0.0811s epoch_t=00:01.42 lr=0.000658 | GPU MB alloc/reserved=280.8/1932.0
2026-04-11 18:37:17 | INFO | [Round 16] Epoch 32/80 time=00:01.42 avg=00:01.56 ETA=01:15.02 | GPU MB alloc/reserved=280.8/1932.0
2026-04-11 18:37:19 | INFO | [Round 16] epoch=33/80 loss=0.4508 acc=90.05 val_acc=nan data_t=0.0016s batch_t=0.0987s epoch_t=00:01.71 lr=0.000639 | GPU MB alloc/reserved=280.8/1932.0
2026-04-11 18:37:19 | INFO | [Round 16] Epoch 33/80 time=00:01.71 avg=00:01.57 ETA=01:13.66 | GPU MB alloc/reserved=280.8/1932.0
2026-04-11 18:37:20 | INFO | [Round 16] epoch=34/80 loss=0.3614 acc=92.86 val_acc=nan data_t=0.0017s batch_t=0.0998s epoch_t=00:01.73 lr=0.000621 | GPU MB alloc/reserved=280.8/1932.0
2026-04-11 18:37:20 | INFO | [Round 16] Epoch 34/80 time=00:01.73 avg=00:01.57 ETA=01:12.30 | GPU MB alloc/reserved=280.8/1932.0
2026-04-11 18:37:22 | INFO | [Round 16] epoch=35/80 loss=0.2929 acc=94.76 val_acc=nan data_t=0.0027s batch_t=0.1000s epoch_t=00:01.75 lr=0.000602 | GPU MB alloc/reserved=280.8/1932.0
2026-04-11 18:37:22 | INFO | [Round 16] Epoch 35/80 time=00:01.75 avg=00:01.58 ETA=01:10.96 | GPU MB alloc/reserved=280.8/1932.0
2026-04-11 18:37:24 | INFO | [Round 16] epoch=36/80 loss=0.2337 acc=96.33 val_acc=nan data_t=0.0024s batch_t=0.0992s epoch_t=00:01.73 lr=0.000582 | GPU MB alloc/reserved=280.8/1932.0
2026-04-11 18:37:24 | INFO | [Round 16] Epoch 36/80 time=00:01.73 avg=00:01.58 ETA=01:09.56 | GPU MB alloc/reserved=280.8/1932.0
2026-04-11 18:37:25 | INFO | [Round 16] epoch=37/80 loss=0.2495 acc=95.57 val_acc=nan data_t=0.0019s batch_t=0.0803s epoch_t=00:01.40 lr=0.000563 | GPU MB alloc/reserved=280.8/1932.0
2026-04-11 18:37:25 | INFO | [Round 16] Epoch 37/80 time=00:01.40 avg=00:01.58 ETA=01:07.77 | GPU MB alloc/reserved=280.8/1932.0
2026-04-11 18:37:27 | INFO | [Round 16] epoch=38/80 loss=0.2025 acc=96.76 val_acc=nan data_t=0.0023s batch_t=0.0722s epoch_t=00:01.27 lr=0.000544 | GPU MB alloc/reserved=280.8/1932.0
2026-04-11 18:37:27 | INFO | [Round 16] Epoch 38/80 time=00:01.27 avg=00:01.57 ETA=01:05.85 | GPU MB alloc/reserved=280.8/1932.0
2026-04-11 18:37:28 | INFO | [Round 16] epoch=39/80 loss=0.1664 acc=97.81 val_acc=nan data_t=0.0018s batch_t=0.1000s epoch_t=00:01.73 lr=0.000524 | GPU MB alloc/reserved=280.8/1932.0
2026-04-11 18:37:28 | INFO | [Round 16] Epoch 39/80 time=00:01.73 avg=00:01.57 ETA=01:04.46 | GPU MB alloc/reserved=280.8/1932.0
2026-04-11 18:37:30 | INFO | [Round 16] epoch=40/80 loss=0.1368 acc=98.43 val_acc=nan data_t=0.0033s batch_t=0.0920s epoch_t=00:01.62 lr=0.000505 | GPU MB alloc/reserved=280.8/1932.0
2026-04-11 18:37:30 | INFO | [Round 16] Epoch 40/80 time=00:01.62 avg=00:01.57 ETA=01:02.93 | GPU MB alloc/reserved=280.8/1932.0
2026-04-11 18:37:31 | INFO | [Round 16] epoch=41/80 loss=0.1159 acc=98.57 val_acc=nan data_t=0.0022s batch_t=0.0632s epoch_t=00:01.11 lr=0.000486 | GPU MB alloc/reserved=280.8/1932.0
2026-04-11 18:37:31 | INFO | [Round 16] Epoch 41/80 time=00:01.11 avg=00:01.56 ETA=01:00.92 | GPU MB alloc/reserved=280.8/1932.0
2026-04-11 18:37:32 | INFO | [Round 16] epoch=42/80 loss=0.1073 acc=98.76 val_acc=nan data_t=0.0019s batch_t=0.0751s epoch_t=00:01.31 lr=0.000466 | GPU MB alloc/reserved=280.8/1932.0
2026-04-11 18:37:32 | INFO | [Round 16] Epoch 42/80 time=00:01.31 avg=00:01.56 ETA=00:59.13 | GPU MB alloc/reserved=280.8/1932.0
2026-04-11 18:37:34 | INFO | [Round 16] epoch=43/80 loss=0.1060 acc=98.95 val_acc=nan data_t=0.0032s batch_t=0.0899s epoch_t=00:01.58 lr=0.000447 | GPU MB alloc/reserved=280.8/1932.0
2026-04-11 18:37:34 | INFO | [Round 16] Epoch 43/80 time=00:01.58 avg=00:01.56 ETA=00:57.60 | GPU MB alloc/reserved=280.8/1932.0
2026-04-11 18:37:36 | INFO | [Round 16] epoch=44/80 loss=0.0774 acc=99.24 val_acc=nan data_t=0.0015s batch_t=0.0903s epoch_t=00:01.56 lr=0.000428 | GPU MB alloc/reserved=280.8/1932.0
2026-04-11 18:37:36 | INFO | [Round 16] Epoch 44/80 time=00:01.56 avg=00:01.56 ETA=00:56.04 | GPU MB alloc/reserved=280.8/1932.0
2026-04-11 18:37:37 | INFO | [Round 16] epoch=45/80 loss=0.0761 acc=99.24 val_acc=nan data_t=0.0017s batch_t=0.0905s epoch_t=00:01.57 lr=0.000408 | GPU MB alloc/reserved=280.8/1932.0
2026-04-11 18:37:37 | INFO | [Round 16] Epoch 45/80 time=00:01.57 avg=00:01.56 ETA=00:54.50 | GPU MB alloc/reserved=280.8/1932.0
2026-04-11 18:37:39 | INFO | [Round 16] epoch=46/80 loss=0.0686 acc=99.48 val_acc=nan data_t=0.0020s batch_t=0.0905s epoch_t=00:01.57 lr=0.000389 | GPU MB alloc/reserved=280.8/1932.0
2026-04-11 18:37:39 | INFO | [Round 16] Epoch 46/80 time=00:01.57 avg=00:01.56 ETA=00:52.95 | GPU MB alloc/reserved=280.8/1932.0
2026-04-11 18:37:40 | INFO | [Round 16] epoch=47/80 loss=0.0658 acc=99.52 val_acc=nan data_t=0.0016s batch_t=0.0916s epoch_t=00:01.58 lr=0.000371 | GPU MB alloc/reserved=280.8/1932.0
2026-04-11 18:37:40 | INFO | [Round 16] Epoch 47/80 time=00:01.58 avg=00:01.56 ETA=00:51.41 | GPU MB alloc/reserved=280.8/1932.0
2026-04-11 18:37:42 | INFO | [Round 16] epoch=48/80 loss=0.0510 acc=99.76 val_acc=nan data_t=0.0018s batch_t=0.0909s epoch_t=00:01.58 lr=0.000352 | GPU MB alloc/reserved=280.8/1932.0
2026-04-11 18:37:42 | INFO | [Round 16] Epoch 48/80 time=00:01.58 avg=00:01.56 ETA=00:49.87 | GPU MB alloc/reserved=280.8/1932.0
2026-04-11 18:37:43 | INFO | [Round 16] epoch=49/80 loss=0.0426 acc=99.90 val_acc=nan data_t=0.0018s batch_t=0.0907s epoch_t=00:01.57 lr=0.000334 | GPU MB alloc/reserved=280.8/1932.0
2026-04-11 18:37:43 | INFO | [Round 16] Epoch 49/80 time=00:01.57 avg=00:01.56 ETA=00:48.32 | GPU MB alloc/reserved=280.8/1932.0
2026-04-11 18:37:45 | INFO | [Round 16] epoch=50/80 loss=0.0426 acc=99.95 val_acc=nan data_t=0.0024s batch_t=0.0911s epoch_t=00:01.59 lr=0.000316 | GPU MB alloc/reserved=280.8/1932.0
2026-04-11 18:37:45 | INFO | [Round 16] Epoch 50/80 time=00:01.59 avg=00:01.56 ETA=00:46.78 | GPU MB alloc/reserved=280.8/1932.0
2026-04-11 18:37:47 | INFO | [Round 16] epoch=51/80 loss=0.0379 acc=99.86 val_acc=nan data_t=0.0016s batch_t=0.0919s epoch_t=00:01.59 lr=0.000298 | GPU MB alloc/reserved=280.8/1932.0
2026-04-11 18:37:47 | INFO | [Round 16] Epoch 51/80 time=00:01.59 avg=00:01.56 ETA=00:45.24 | GPU MB alloc/reserved=280.8/1932.0
2026-04-11 18:37:48 | INFO | [Round 16] epoch=52/80 loss=0.0316 acc=99.90 val_acc=nan data_t=0.0021s batch_t=0.0908s epoch_t=00:01.58 lr=0.000280 | GPU MB alloc/reserved=280.8/1932.0
2026-04-11 18:37:48 | INFO | [Round 16] Epoch 52/80 time=00:01.58 avg=00:01.56 ETA=00:43.69 | GPU MB alloc/reserved=280.8/1932.0
2026-04-11 18:37:50 | INFO | [Round 16] epoch=53/80 loss=0.0285 acc=99.90 val_acc=nan data_t=0.0020s batch_t=0.0910s epoch_t=00:01.58 lr=0.000263 | GPU MB alloc/reserved=280.8/1932.0
2026-04-11 18:37:50 | INFO | [Round 16] Epoch 53/80 time=00:01.58 avg=00:01.56 ETA=00:42.14 | GPU MB alloc/reserved=280.8/1932.0
2026-04-11 18:37:51 | INFO | [Round 16] epoch=54/80 loss=0.0312 acc=99.86 val_acc=nan data_t=0.0016s batch_t=0.0929s epoch_t=00:01.61 lr=0.000246 | GPU MB alloc/reserved=280.8/1932.0
2026-04-11 18:37:51 | INFO | [Round 16] Epoch 54/80 time=00:01.61 avg=00:01.56 ETA=00:40.60 | GPU MB alloc/reserved=280.8/1932.0
2026-04-11 18:37:53 | INFO | [Round 16] epoch=55/80 loss=0.0282 acc=99.90 val_acc=nan data_t=0.0022s batch_t=0.0907s epoch_t=00:01.58 lr=0.000230 | GPU MB alloc/reserved=280.8/1932.0
2026-04-11 18:37:53 | INFO | [Round 16] Epoch 55/80 time=00:01.58 avg=00:01.56 ETA=00:39.05 | GPU MB alloc/reserved=280.8/1932.0
2026-04-11 18:37:55 | INFO | [Round 16] epoch=56/80 loss=0.0265 acc=99.95 val_acc=nan data_t=0.0022s batch_t=0.0912s epoch_t=00:01.59 lr=0.000214 | GPU MB alloc/reserved=280.8/1932.0
2026-04-11 18:37:55 | INFO | [Round 16] Epoch 56/80 time=00:01.59 avg=00:01.56 ETA=00:37.50 | GPU MB alloc/reserved=280.8/1932.0
2026-04-11 18:37:56 | INFO | [Round 16] epoch=57/80 loss=0.0235 acc=100.00 val_acc=nan data_t=0.0029s batch_t=0.0909s epoch_t=00:01.59 lr=0.000199 | GPU MB alloc/reserved=280.8/1932.0
2026-04-11 18:37:56 | INFO | [Round 16] Epoch 57/80 time=00:01.59 avg=00:01.56 ETA=00:35.95 | GPU MB alloc/reserved=280.8/1932.0
2026-04-11 18:37:58 | INFO | [Round 16] epoch=58/80 loss=0.0220 acc=100.00 val_acc=nan data_t=0.0026s batch_t=0.0909s epoch_t=00:01.59 lr=0.000184 | GPU MB alloc/reserved=280.8/1932.0
2026-04-11 18:37:58 | INFO | [Round 16] Epoch 58/80 time=00:01.59 avg=00:01.56 ETA=00:34.39 | GPU MB alloc/reserved=280.8/1932.0
2026-04-11 18:37:59 | INFO | [Round 16] epoch=59/80 loss=0.0228 acc=99.95 val_acc=nan data_t=0.0025s batch_t=0.0909s epoch_t=00:01.59 lr=0.000169 | GPU MB alloc/reserved=280.8/1932.0
2026-04-11 18:37:59 | INFO | [Round 16] Epoch 59/80 time=00:01.59 avg=00:01.56 ETA=00:32.84 | GPU MB alloc/reserved=280.8/1932.0
2026-04-11 18:38:01 | INFO | [Round 16] epoch=60/80 loss=0.0205 acc=99.95 val_acc=nan data_t=0.0029s batch_t=0.0908s epoch_t=00:01.59 lr=0.000155 | GPU MB alloc/reserved=280.8/1932.0
2026-04-11 18:38:01 | INFO | [Round 16] Epoch 60/80 time=00:01.59 avg=00:01.56 ETA=00:31.28 | GPU MB alloc/reserved=280.8/1932.0
2026-04-11 18:38:02 | INFO | [Round 16] epoch=61/80 loss=0.0207 acc=100.00 val_acc=nan data_t=0.0021s batch_t=0.0906s epoch_t=00:01.57 lr=0.000142 | GPU MB alloc/reserved=280.8/1932.0
2026-04-11 18:38:02 | INFO | [Round 16] Epoch 61/80 time=00:01.57 avg=00:01.56 ETA=00:29.72 | GPU MB alloc/reserved=280.8/1932.0
2026-04-11 18:38:04 | INFO | [Round 16] epoch=62/80 loss=0.0219 acc=99.90 val_acc=nan data_t=0.0029s batch_t=0.0907s epoch_t=00:01.59 lr=0.000129 | GPU MB alloc/reserved=280.8/1932.0
2026-04-11 18:38:04 | INFO | [Round 16] Epoch 62/80 time=00:01.59 avg=00:01.56 ETA=00:28.17 | GPU MB alloc/reserved=280.8/1932.0
2026-04-11 18:38:06 | INFO | [Round 16] epoch=63/80 loss=0.0199 acc=100.00 val_acc=nan data_t=0.0021s batch_t=0.0905s epoch_t=00:01.57 lr=0.000116 | GPU MB alloc/reserved=280.8/1932.0
2026-04-11 18:38:06 | INFO | [Round 16] Epoch 63/80 time=00:01.57 avg=00:01.56 ETA=00:26.60 | GPU MB alloc/reserved=280.8/1932.0
2026-04-11 18:38:07 | INFO | [Round 16] epoch=64/80 loss=0.0198 acc=99.90 val_acc=nan data_t=0.0026s batch_t=0.0907s epoch_t=00:01.59 lr=0.000105 | GPU MB alloc/reserved=280.8/1932.0
2026-04-11 18:38:07 | INFO | [Round 16] Epoch 64/80 time=00:01.59 avg=00:01.57 ETA=00:25.05 | GPU MB alloc/reserved=280.8/1932.0
2026-04-11 18:38:09 | INFO | [Round 16] epoch=65/80 loss=0.0176 acc=100.00 val_acc=nan data_t=0.0017s batch_t=0.0908s epoch_t=00:01.57 lr=0.000093 | GPU MB alloc/reserved=280.8/1932.0
2026-04-11 18:38:09 | INFO | [Round 16] Epoch 65/80 time=00:01.57 avg=00:01.57 ETA=00:23.48 | GPU MB alloc/reserved=280.8/1932.0
2026-04-11 18:38:10 | INFO | [Round 16] epoch=66/80 loss=0.0174 acc=100.00 val_acc=nan data_t=0.0018s batch_t=0.0915s epoch_t=00:01.59 lr=0.000083 | GPU MB alloc/reserved=280.8/1932.0
2026-04-11 18:38:10 | INFO | [Round 16] Epoch 66/80 time=00:01.59 avg=00:01.57 ETA=00:21.92 | GPU MB alloc/reserved=280.8/1932.0
2026-04-11 18:38:12 | INFO | [Round 16] epoch=67/80 loss=0.0184 acc=100.00 val_acc=nan data_t=0.0016s batch_t=0.0913s epoch_t=00:01.58 lr=0.000073 | GPU MB alloc/reserved=280.8/1932.0
2026-04-11 18:38:12 | INFO | [Round 16] Epoch 67/80 time=00:01.58 avg=00:01.57 ETA=00:20.36 | GPU MB alloc/reserved=280.8/1932.0
2026-04-11 18:38:14 | INFO | [Round 16] epoch=68/80 loss=0.0169 acc=100.00 val_acc=nan data_t=0.0018s batch_t=0.0916s epoch_t=00:01.59 lr=0.000064 | GPU MB alloc/reserved=280.8/1932.0
2026-04-11 18:38:14 | INFO | [Round 16] Epoch 68/80 time=00:01.59 avg=00:01.57 ETA=00:18.80 | GPU MB alloc/reserved=280.8/1932.0
2026-04-11 18:38:15 | INFO | [Round 16] epoch=69/80 loss=0.0159 acc=100.00 val_acc=nan data_t=0.0018s batch_t=0.0910s epoch_t=00:01.58 lr=0.000055 | GPU MB alloc/reserved=280.8/1932.0
2026-04-11 18:38:15 | INFO | [Round 16] Epoch 69/80 time=00:01.58 avg=00:01.57 ETA=00:17.23 | GPU MB alloc/reserved=280.8/1932.0
2026-04-11 18:38:17 | INFO | [Round 16] epoch=70/80 loss=0.0157 acc=100.00 val_acc=nan data_t=0.0023s batch_t=0.0906s epoch_t=00:01.58 lr=0.000048 | GPU MB alloc/reserved=280.8/1932.0
2026-04-11 18:38:17 | INFO | [Round 16] Epoch 70/80 time=00:01.58 avg=00:01.57 ETA=00:15.67 | GPU MB alloc/reserved=280.8/1932.0
2026-04-11 18:38:18 | INFO | [Round 16] epoch=71/80 loss=0.0159 acc=100.00 val_acc=nan data_t=0.0018s batch_t=0.0906s epoch_t=00:01.57 lr=0.000041 | GPU MB alloc/reserved=280.8/1932.0
2026-04-11 18:38:18 | INFO | [Round 16] Epoch 71/80 time=00:01.57 avg=00:01.57 ETA=00:14.10 | GPU MB alloc/reserved=280.8/1932.0
2026-04-11 18:38:20 | INFO | [Round 16] epoch=72/80 loss=0.0163 acc=100.00 val_acc=nan data_t=0.0021s batch_t=0.0903s epoch_t=00:01.57 lr=0.000034 | GPU MB alloc/reserved=280.8/1932.0
2026-04-11 18:38:20 | INFO | [Round 16] Epoch 72/80 time=00:01.57 avg=00:01.57 ETA=00:12.53 | GPU MB alloc/reserved=280.8/1932.0
2026-04-11 18:38:21 | INFO | [Round 16] epoch=73/80 loss=0.0174 acc=100.00 val_acc=nan data_t=0.0022s batch_t=0.0906s epoch_t=00:01.58 lr=0.000029 | GPU MB alloc/reserved=280.8/1932.0
2026-04-11 18:38:21 | INFO | [Round 16] Epoch 73/80 time=00:01.58 avg=00:01.57 ETA=00:10.97 | GPU MB alloc/reserved=280.8/1932.0
2026-04-11 18:38:23 | INFO | [Round 16] epoch=74/80 loss=0.0141 acc=100.00 val_acc=nan data_t=0.0018s batch_t=0.0913s epoch_t=00:01.58 lr=0.000024 | GPU MB alloc/reserved=280.8/1932.0
2026-04-11 18:38:23 | INFO | [Round 16] Epoch 74/80 time=00:01.58 avg=00:01.57 ETA=00:09.40 | GPU MB alloc/reserved=280.8/1932.0
2026-04-11 18:38:25 | INFO | [Round 16] epoch=75/80 loss=0.0167 acc=100.00 val_acc=nan data_t=0.0023s batch_t=0.0898s epoch_t=00:01.57 lr=0.000020 | GPU MB alloc/reserved=280.8/1932.0
2026-04-11 18:38:25 | INFO | [Round 16] Epoch 75/80 time=00:01.57 avg=00:01.57 ETA=00:07.84 | GPU MB alloc/reserved=280.8/1932.0
2026-04-11 18:38:26 | INFO | [Round 16] epoch=76/80 loss=0.0160 acc=100.00 val_acc=nan data_t=0.0022s batch_t=0.0906s epoch_t=00:01.58 lr=0.000016 | GPU MB alloc/reserved=280.8/1932.0
2026-04-11 18:38:26 | INFO | [Round 16] Epoch 76/80 time=00:01.58 avg=00:01.57 ETA=00:06.27 | GPU MB alloc/reserved=280.8/1932.0
2026-04-11 18:38:28 | INFO | [Round 16] epoch=77/80 loss=0.0153 acc=100.00 val_acc=nan data_t=0.0027s batch_t=0.0904s epoch_t=00:01.58 lr=0.000013 | GPU MB alloc/reserved=280.8/1932.0
2026-04-11 18:38:28 | INFO | [Round 16] Epoch 77/80 time=00:01.58 avg=00:01.57 ETA=00:04.70 | GPU MB alloc/reserved=280.8/1932.0
2026-04-11 18:38:29 | INFO | [Round 16] epoch=78/80 loss=0.0168 acc=100.00 val_acc=nan data_t=0.0026s batch_t=0.0894s epoch_t=00:01.56 lr=0.000012 | GPU MB alloc/reserved=280.8/1932.0
2026-04-11 18:38:29 | INFO | [Round 16] Epoch 78/80 time=00:01.56 avg=00:01.57 ETA=00:03.13 | GPU MB alloc/reserved=280.8/1932.0
2026-04-11 18:38:31 | INFO | [Round 16] epoch=79/80 loss=0.0156 acc=100.00 val_acc=nan data_t=0.0033s batch_t=0.0899s epoch_t=00:01.59 lr=0.000010 | GPU MB alloc/reserved=280.8/1932.0
2026-04-11 18:38:31 | INFO | [Round 16] Epoch 79/80 time=00:01.59 avg=00:01.57 ETA=00:01.57 | GPU MB alloc/reserved=280.8/1932.0
2026-04-11 18:38:32 | INFO | [Round 16] epoch=80/80 loss=0.0151 acc=100.00 val_acc=nan data_t=0.0016s batch_t=0.0901s epoch_t=00:01.56 lr=0.000010 | GPU MB alloc/reserved=280.8/1932.0
2026-04-11 18:38:32 | INFO | [Round 16] Epoch 80/80 time=00:01.56 avg=00:01.57 ETA=00:00.00 | GPU MB alloc/reserved=280.8/1932.0
2026-04-11 18:38:33 | INFO | [Round 16] training complete in 02:05.73 (best monitor=100.000) | GPU MB alloc/reserved=280.8/1932.0
2026-04-11 18:38:33 | INFO | [Round 16] evaluation started | GPU MB alloc/reserved=193.1/1932.0
2026-04-11 18:38:42 | INFO | [Round 16] clean=21.31 fgsm=16.27 pgd=16.20 grad_disp_mean=nan grad_disp_sel=nan round_t=138.30s | GPU MB alloc/reserved=193.1/1932.0
2026-04-11 18:38:42 | INFO | [Round 17/21] elapsed=02:18.30 avg_round=01:29.97 projected_remaining=05:59.87 | GPU MB alloc/reserved=193.1/1932.0
2026-04-11 18:38:43 | INFO | [Round 17] acquisition on pool_size=47900 scored_pool=5000 budget=100 | GPU MB alloc/reserved=104.7/1932.0
2026-04-11 18:38:43 | INFO | [CoreSet-unlabeled-feat] scoring progress 10/20 elapsed=00:00.25 avg/batch=0.025s ETA=00:00.25 | GPU MB alloc/reserved=112.8/1932.0
2026-04-11 18:38:43 | INFO | [CoreSet-unlabeled-feat] scoring progress 20/20 elapsed=00:00.41 avg/batch=0.020s ETA=00:00.00 | GPU MB alloc/reserved=116.1/1932.0
2026-04-11 18:38:44 | INFO | [CoreSet-labeled-feat] scoring progress 9/9 elapsed=00:00.24 avg/batch=0.026s ETA=00:00.00 | GPU MB alloc/reserved=119.2/1932.0
2026-04-11 18:38:44 | INFO | [CoreSet] greedy 10/100 cover_radius=27.489510 | GPU: n/a
2026-04-11 18:38:44 | INFO | [CoreSet] greedy 20/100 cover_radius=27.224949 | GPU: n/a
2026-04-11 18:38:44 | INFO | [CoreSet] greedy 30/100 cover_radius=26.939259 | GPU: n/a
2026-04-11 18:38:44 | INFO | [CoreSet] greedy 40/100 cover_radius=26.699175 | GPU: n/a
2026-04-11 18:38:44 | INFO | [CoreSet] greedy 50/100 cover_radius=26.472496 | GPU: n/a
2026-04-11 18:38:44 | INFO | [CoreSet] greedy 60/100 cover_radius=26.306700 | GPU: n/a
2026-04-11 18:38:44 | INFO | [CoreSet] greedy 70/100 cover_radius=26.157534 | GPU: n/a
2026-04-11 18:38:44 | INFO | [CoreSet] greedy 80/100 cover_radius=26.062191 | GPU: n/a
2026-04-11 18:38:45 | INFO | [CoreSet] greedy 90/100 cover_radius=25.983795 | GPU: n/a
2026-04-11 18:38:45 | INFO | [CoreSet] greedy 100/100 cover_radius=25.921413 | GPU: n/a
2026-04-11 18:38:45 | INFO | [Round 17] labeled=2200 train=2200 val_fixed=0 | GPU MB alloc/reserved=149.5/1932.0
2026-04-11 18:38:47 | INFO | [Round 17] epoch=1/80 loss=4.6684 acc=1.95 val_acc=nan data_t=0.0108s batch_t=0.0874s epoch_t=00:01.77 lr=0.001000 | GPU MB alloc/reserved=280.2/1932.0
2026-04-11 18:38:47 | INFO | [Round 17] Epoch 1/80 time=00:01.77 avg=00:01.77 ETA=02:19.65 | GPU MB alloc/reserved=280.2/1932.0
2026-04-11 18:38:49 | INFO | [Round 17] epoch=2/80 loss=4.3868 acc=3.95 val_acc=nan data_t=0.0015s batch_t=0.1006s epoch_t=00:01.84 lr=0.000998 | GPU MB alloc/reserved=280.2/1932.0
2026-04-11 18:38:49 | INFO | [Round 17] Epoch 2/80 time=00:01.84 avg=00:01.80 ETA=02:20.65 | GPU MB alloc/reserved=280.2/1932.0
2026-04-11 18:38:50 | INFO | [Round 17] epoch=3/80 loss=4.2234 acc=5.05 val_acc=nan data_t=0.0019s batch_t=0.0739s epoch_t=00:01.36 lr=0.000997 | GPU MB alloc/reserved=280.2/1932.0
2026-04-11 18:38:50 | INFO | [Round 17] Epoch 3/80 time=00:01.36 avg=00:01.66 ETA=02:07.60 | GPU MB alloc/reserved=280.2/1932.0
2026-04-11 18:38:51 | INFO | [Round 17] epoch=4/80 loss=4.1014 acc=6.86 val_acc=nan data_t=0.0015s batch_t=0.0649s epoch_t=00:01.19 lr=0.000994 | GPU MB alloc/reserved=280.2/1932.0
2026-04-11 18:38:51 | INFO | [Round 17] Epoch 4/80 time=00:01.19 avg=00:01.54 ETA=01:57.14 | GPU MB alloc/reserved=280.2/1932.0
2026-04-11 18:38:53 | INFO | [Round 17] epoch=5/80 loss=3.9434 acc=8.77 val_acc=nan data_t=0.0017s batch_t=0.0894s epoch_t=00:01.64 lr=0.000990 | GPU MB alloc/reserved=280.2/1932.0
2026-04-11 18:38:53 | INFO | [Round 17] Epoch 5/80 time=00:01.64 avg=00:01.56 ETA=01:57.08 | GPU MB alloc/reserved=280.2/1932.0
2026-04-11 18:38:54 | INFO | [Round 17] epoch=6/80 loss=3.8388 acc=9.73 val_acc=nan data_t=0.0017s batch_t=0.0892s epoch_t=00:01.64 lr=0.000986 | GPU MB alloc/reserved=280.2/1932.0
2026-04-11 18:38:54 | INFO | [Round 17] Epoch 6/80 time=00:01.64 avg=00:01.57 ETA=01:56.45 | GPU MB alloc/reserved=280.2/1932.0
2026-04-11 18:38:56 | INFO | [Round 17] epoch=7/80 loss=3.7499 acc=11.45 val_acc=nan data_t=0.0015s batch_t=0.0905s epoch_t=00:01.66 lr=0.000981 | GPU MB alloc/reserved=280.2/1932.0
2026-04-11 18:38:56 | INFO | [Round 17] Epoch 7/80 time=00:01.66 avg=00:01.59 ETA=01:55.74 | GPU MB alloc/reserved=280.2/1932.0
2026-04-11 18:38:58 | INFO | [Round 17] epoch=8/80 loss=3.6164 acc=12.77 val_acc=nan data_t=0.0020s batch_t=0.0893s epoch_t=00:01.64 lr=0.000976 | GPU MB alloc/reserved=280.2/1932.0
2026-04-11 18:38:58 | INFO | [Round 17] Epoch 8/80 time=00:01.64 avg=00:01.59 ETA=01:54.68 | GPU MB alloc/reserved=280.2/1932.0
2026-04-11 18:38:59 | INFO | [Round 17] epoch=9/80 loss=3.4811 acc=14.55 val_acc=nan data_t=0.0015s batch_t=0.0910s epoch_t=00:01.67 lr=0.000969 | GPU MB alloc/reserved=280.2/1932.0
2026-04-11 18:38:59 | INFO | [Round 17] Epoch 9/80 time=00:01.67 avg=00:01.60 ETA=01:53.66 | GPU MB alloc/reserved=280.2/1932.0
2026-04-11 18:39:01 | INFO | [Round 17] epoch=10/80 loss=3.3937 acc=16.64 val_acc=nan data_t=0.0016s batch_t=0.0906s epoch_t=00:01.66 lr=0.000962 | GPU MB alloc/reserved=280.2/1932.0
2026-04-11 18:39:01 | INFO | [Round 17] Epoch 10/80 time=00:01.66 avg=00:01.61 ETA=01:52.48 | GPU MB alloc/reserved=280.2/1932.0
2026-04-11 18:39:03 | INFO | [Round 17] epoch=11/80 loss=3.2828 acc=17.09 val_acc=nan data_t=0.0023s batch_t=0.0910s epoch_t=00:01.68 lr=0.000955 | GPU MB alloc/reserved=280.2/1932.0
2026-04-11 18:39:03 | INFO | [Round 17] Epoch 11/80 time=00:01.68 avg=00:01.61 ETA=01:51.33 | GPU MB alloc/reserved=280.2/1932.0
2026-04-11 18:39:04 | INFO | [Round 17] epoch=12/80 loss=3.2088 acc=18.64 val_acc=nan data_t=0.0019s batch_t=0.0914s epoch_t=00:01.68 lr=0.000946 | GPU MB alloc/reserved=280.2/1932.0
2026-04-11 18:39:04 | INFO | [Round 17] Epoch 12/80 time=00:01.68 avg=00:01.62 ETA=01:50.08 | GPU MB alloc/reserved=280.2/1932.0
2026-04-11 18:39:06 | INFO | [Round 17] epoch=13/80 loss=3.0998 acc=20.64 val_acc=nan data_t=0.0016s batch_t=0.0916s epoch_t=00:01.68 lr=0.000937 | GPU MB alloc/reserved=280.2/1932.0
2026-04-11 18:39:06 | INFO | [Round 17] Epoch 13/80 time=00:01.68 avg=00:01.62 ETA=01:48.77 | GPU MB alloc/reserved=280.2/1932.0
2026-04-11 18:39:08 | INFO | [Round 17] epoch=14/80 loss=2.9719 acc=23.18 val_acc=nan data_t=0.0018s batch_t=0.0920s epoch_t=00:01.69 lr=0.000927 | GPU MB alloc/reserved=280.2/1932.0
2026-04-11 18:39:08 | INFO | [Round 17] Epoch 14/80 time=00:01.69 avg=00:01.63 ETA=01:47.45 | GPU MB alloc/reserved=280.2/1932.0
2026-04-11 18:39:10 | INFO | [Round 17] epoch=15/80 loss=2.8262 acc=25.64 val_acc=nan data_t=0.0018s batch_t=0.0914s epoch_t=00:01.68 lr=0.000917 | GPU MB alloc/reserved=280.2/1932.0
2026-04-11 18:39:10 | INFO | [Round 17] Epoch 15/80 time=00:01.68 avg=00:01.63 ETA=01:46.04 | GPU MB alloc/reserved=280.2/1932.0
2026-04-11 18:39:11 | INFO | [Round 17] epoch=16/80 loss=2.7001 acc=29.05 val_acc=nan data_t=0.0017s batch_t=0.0915s epoch_t=00:01.68 lr=0.000905 | GPU MB alloc/reserved=280.2/1932.0
2026-04-11 18:39:11 | INFO | [Round 17] Epoch 16/80 time=00:01.68 avg=00:01.63 ETA=01:44.59 | GPU MB alloc/reserved=280.2/1932.0
2026-04-11 18:39:13 | INFO | [Round 17] epoch=17/80 loss=2.6055 acc=31.95 val_acc=nan data_t=0.0025s batch_t=0.0922s epoch_t=00:01.70 lr=0.000894 | GPU MB alloc/reserved=280.2/1932.0
2026-04-11 18:39:13 | INFO | [Round 17] Epoch 17/80 time=00:01.70 avg=00:01.64 ETA=01:43.22 | GPU MB alloc/reserved=280.2/1932.0
2026-04-11 18:39:15 | INFO | [Round 17] epoch=18/80 loss=2.5324 acc=31.95 val_acc=nan data_t=0.0014s batch_t=0.0921s epoch_t=00:01.68 lr=0.000881 | GPU MB alloc/reserved=280.2/1932.0
2026-04-11 18:39:15 | INFO | [Round 17] Epoch 18/80 time=00:01.68 avg=00:01.64 ETA=01:41.73 | GPU MB alloc/reserved=280.2/1932.0
2026-04-11 18:39:16 | INFO | [Round 17] epoch=19/80 loss=2.3245 acc=37.86 val_acc=nan data_t=0.0015s batch_t=0.0918s epoch_t=00:01.68 lr=0.000868 | GPU MB alloc/reserved=280.2/1932.0
2026-04-11 18:39:16 | INFO | [Round 17] Epoch 19/80 time=00:01.68 avg=00:01.64 ETA=01:40.22 | GPU MB alloc/reserved=280.2/1932.0
2026-04-11 18:39:18 | INFO | [Round 17] epoch=20/80 loss=2.2055 acc=38.77 val_acc=nan data_t=0.0022s batch_t=0.0912s epoch_t=00:01.68 lr=0.000855 | GPU MB alloc/reserved=280.2/1932.0
2026-04-11 18:39:18 | INFO | [Round 17] Epoch 20/80 time=00:01.68 avg=00:01.64 ETA=01:38.69 | GPU MB alloc/reserved=280.2/1932.0
2026-04-11 18:39:20 | INFO | [Round 17] epoch=21/80 loss=2.0716 acc=43.18 val_acc=nan data_t=0.0022s batch_t=0.0907s epoch_t=00:01.67 lr=0.000841 | GPU MB alloc/reserved=280.2/1932.0
2026-04-11 18:39:20 | INFO | [Round 17] Epoch 21/80 time=00:01.67 avg=00:01.65 ETA=01:37.12 | GPU MB alloc/reserved=280.2/1932.0
2026-04-11 18:39:21 | INFO | [Round 17] epoch=22/80 loss=2.0343 acc=43.00 val_acc=nan data_t=0.0024s batch_t=0.0920s epoch_t=00:01.70 lr=0.000826 | GPU MB alloc/reserved=280.2/1932.0
2026-04-11 18:39:21 | INFO | [Round 17] Epoch 22/80 time=00:01.70 avg=00:01.65 ETA=01:35.62 | GPU MB alloc/reserved=280.2/1932.0
2026-04-11 18:39:23 | INFO | [Round 17] epoch=23/80 loss=1.8547 acc=49.14 val_acc=nan data_t=0.0016s batch_t=0.0913s epoch_t=00:01.67 lr=0.000811 | GPU MB alloc/reserved=280.2/1932.0
2026-04-11 18:39:23 | INFO | [Round 17] Epoch 23/80 time=00:01.67 avg=00:01.65 ETA=01:34.03 | GPU MB alloc/reserved=280.2/1932.0
2026-04-11 18:39:25 | INFO | [Round 17] epoch=24/80 loss=1.7382 acc=51.82 val_acc=nan data_t=0.0028s batch_t=0.0913s epoch_t=00:01.69 lr=0.000796 | GPU MB alloc/reserved=280.2/1932.0
2026-04-11 18:39:25 | INFO | [Round 17] Epoch 24/80 time=00:01.69 avg=00:01.65 ETA=01:32.48 | GPU MB alloc/reserved=280.2/1932.0
2026-04-11 18:39:26 | INFO | [Round 17] epoch=25/80 loss=1.6268 acc=54.82 val_acc=nan data_t=0.0022s batch_t=0.0909s epoch_t=00:01.68 lr=0.000780 | GPU MB alloc/reserved=280.2/1932.0
2026-04-11 18:39:26 | INFO | [Round 17] Epoch 25/80 time=00:01.68 avg=00:01.65 ETA=01:30.88 | GPU MB alloc/reserved=280.2/1932.0
2026-04-11 18:39:28 | INFO | [Round 17] epoch=26/80 loss=1.5348 acc=56.82 val_acc=nan data_t=0.0017s batch_t=0.0909s epoch_t=00:01.67 lr=0.000764 | GPU MB alloc/reserved=280.2/1932.0
2026-04-11 18:39:28 | INFO | [Round 17] Epoch 26/80 time=00:01.67 avg=00:01.65 ETA=01:29.26 | GPU MB alloc/reserved=280.2/1932.0
2026-04-11 18:39:30 | INFO | [Round 17] epoch=27/80 loss=1.4139 acc=60.86 val_acc=nan data_t=0.0017s batch_t=0.0898s epoch_t=00:01.65 lr=0.000747 | GPU MB alloc/reserved=280.2/1932.0
2026-04-11 18:39:30 | INFO | [Round 17] Epoch 27/80 time=00:01.65 avg=00:01.65 ETA=01:27.60 | GPU MB alloc/reserved=280.2/1932.0
2026-04-11 18:39:31 | INFO | [Round 17] epoch=28/80 loss=1.2860 acc=63.45 val_acc=nan data_t=0.0017s batch_t=0.0905s epoch_t=00:01.66 lr=0.000730 | GPU MB alloc/reserved=280.2/1932.0
2026-04-11 18:39:31 | INFO | [Round 17] Epoch 28/80 time=00:01.66 avg=00:01.65 ETA=01:25.96 | GPU MB alloc/reserved=280.2/1932.0
2026-04-11 18:39:33 | INFO | [Round 17] epoch=29/80 loss=1.1499 acc=68.73 val_acc=nan data_t=0.0019s batch_t=0.0919s epoch_t=00:01.69 lr=0.000712 | GPU MB alloc/reserved=280.2/1932.0
2026-04-11 18:39:33 | INFO | [Round 17] Epoch 29/80 time=00:01.69 avg=00:01.65 ETA=01:24.36 | GPU MB alloc/reserved=280.2/1932.0
2026-04-11 18:39:35 | INFO | [Round 17] epoch=30/80 loss=1.0155 acc=72.18 val_acc=nan data_t=0.0017s batch_t=0.0916s epoch_t=00:01.68 lr=0.000694 | GPU MB alloc/reserved=280.2/1932.0
2026-04-11 18:39:35 | INFO | [Round 17] Epoch 30/80 time=00:01.68 avg=00:01.66 ETA=01:22.75 | GPU MB alloc/reserved=280.2/1932.0
2026-04-11 18:39:36 | INFO | [Round 17] epoch=31/80 loss=1.0995 acc=69.50 val_acc=nan data_t=0.0022s batch_t=0.0915s epoch_t=00:01.69 lr=0.000676 | GPU MB alloc/reserved=280.2/1932.0
2026-04-11 18:39:36 | INFO | [Round 17] Epoch 31/80 time=00:01.69 avg=00:01.66 ETA=01:21.15 | GPU MB alloc/reserved=280.2/1932.0
2026-04-11 18:39:38 | INFO | [Round 17] epoch=32/80 loss=0.9820 acc=73.23 val_acc=nan data_t=0.0014s batch_t=0.0789s epoch_t=00:01.45 lr=0.000658 | GPU MB alloc/reserved=280.2/1932.0
2026-04-11 18:39:38 | INFO | [Round 17] Epoch 32/80 time=00:01.45 avg=00:01.65 ETA=01:19.18 | GPU MB alloc/reserved=280.2/1932.0
2026-04-11 18:39:40 | INFO | [Round 17] epoch=33/80 loss=0.8015 acc=80.32 val_acc=nan data_t=0.0026s batch_t=0.0995s epoch_t=00:01.84 lr=0.000639 | GPU MB alloc/reserved=280.2/1932.0
2026-04-11 18:39:40 | INFO | [Round 17] Epoch 33/80 time=00:01.84 avg=00:01.66 ETA=01:17.80 | GPU MB alloc/reserved=280.2/1932.0
2026-04-11 18:39:42 | INFO | [Round 17] epoch=34/80 loss=0.7202 acc=82.59 val_acc=nan data_t=0.0016s batch_t=0.0971s epoch_t=00:01.78 lr=0.000621 | GPU MB alloc/reserved=280.2/1932.0
2026-04-11 18:39:42 | INFO | [Round 17] Epoch 34/80 time=00:01.78 avg=00:01.66 ETA=01:16.31 | GPU MB alloc/reserved=280.2/1932.0
2026-04-11 18:39:43 | INFO | [Round 17] epoch=35/80 loss=0.6111 acc=85.91 val_acc=nan data_t=0.0016s batch_t=0.0997s epoch_t=00:01.82 lr=0.000602 | GPU MB alloc/reserved=280.2/1932.0
2026-04-11 18:39:43 | INFO | [Round 17] Epoch 35/80 time=00:01.82 avg=00:01.66 ETA=01:14.86 | GPU MB alloc/reserved=280.2/1932.0
2026-04-11 18:39:45 | INFO | [Round 17] epoch=36/80 loss=0.5464 acc=87.36 val_acc=nan data_t=0.0017s batch_t=0.0996s epoch_t=00:01.82 lr=0.000582 | GPU MB alloc/reserved=280.2/1932.0
2026-04-11 18:39:45 | INFO | [Round 17] Epoch 36/80 time=00:01.82 avg=00:01.67 ETA=01:13.39 | GPU MB alloc/reserved=280.2/1932.0
2026-04-11 18:39:47 | INFO | [Round 17] epoch=37/80 loss=0.4887 acc=89.50 val_acc=nan data_t=0.0027s batch_t=0.0806s epoch_t=00:01.50 lr=0.000563 | GPU MB alloc/reserved=280.2/1932.0
2026-04-11 18:39:47 | INFO | [Round 17] Epoch 37/80 time=00:01.50 avg=00:01.66 ETA=01:11.53 | GPU MB alloc/reserved=280.2/1932.0
2026-04-11 18:39:48 | INFO | [Round 17] epoch=38/80 loss=0.3886 acc=92.45 val_acc=nan data_t=0.0016s batch_t=0.0753s epoch_t=00:01.38 lr=0.000544 | GPU MB alloc/reserved=280.2/1932.0
2026-04-11 18:39:48 | INFO | [Round 17] Epoch 38/80 time=00:01.38 avg=00:01.66 ETA=01:09.55 | GPU MB alloc/reserved=280.2/1932.0
2026-04-11 18:39:50 | INFO | [Round 17] epoch=39/80 loss=0.3244 acc=94.86 val_acc=nan data_t=0.0016s batch_t=0.1004s epoch_t=00:01.84 lr=0.000524 | GPU MB alloc/reserved=280.2/1932.0
2026-04-11 18:39:50 | INFO | [Round 17] Epoch 39/80 time=00:01.84 avg=00:01.66 ETA=01:08.09 | GPU MB alloc/reserved=280.2/1932.0
2026-04-11 18:39:51 | INFO | [Round 17] epoch=40/80 loss=0.3553 acc=92.36 val_acc=nan data_t=0.0015s batch_t=0.0842s epoch_t=00:01.54 lr=0.000505 | GPU MB alloc/reserved=280.2/1932.0
2026-04-11 18:39:51 | INFO | [Round 17] Epoch 40/80 time=00:01.54 avg=00:01.66 ETA=01:06.31 | GPU MB alloc/reserved=280.2/1932.0
2026-04-11 18:39:53 | INFO | [Round 17] epoch=41/80 loss=0.3509 acc=93.45 val_acc=nan data_t=0.0020s batch_t=0.0623s epoch_t=00:01.16 lr=0.000486 | GPU MB alloc/reserved=280.2/1932.0
2026-04-11 18:39:53 | INFO | [Round 17] Epoch 41/80 time=00:01.16 avg=00:01.65 ETA=01:04.17 | GPU MB alloc/reserved=280.2/1932.0
2026-04-11 18:39:54 | INFO | [Round 17] epoch=42/80 loss=0.3104 acc=94.05 val_acc=nan data_t=0.0016s batch_t=0.0827s epoch_t=00:01.52 lr=0.000466 | GPU MB alloc/reserved=280.2/1932.0
2026-04-11 18:39:54 | INFO | [Round 17] Epoch 42/80 time=00:01.52 avg=00:01.64 ETA=01:02.41 | GPU MB alloc/reserved=280.2/1932.0
2026-04-11 18:39:56 | INFO | [Round 17] epoch=43/80 loss=0.2593 acc=95.68 val_acc=nan data_t=0.0021s batch_t=0.0889s epoch_t=00:01.64 lr=0.000447 | GPU MB alloc/reserved=280.2/1932.0
2026-04-11 18:39:56 | INFO | [Round 17] Epoch 43/80 time=00:01.64 avg=00:01.64 ETA=01:00.77 | GPU MB alloc/reserved=280.2/1932.0
2026-04-11 18:39:57 | INFO | [Round 17] epoch=44/80 loss=0.2671 acc=95.00 val_acc=nan data_t=0.0024s batch_t=0.0903s epoch_t=00:01.67 lr=0.000428 | GPU MB alloc/reserved=280.2/1932.0
2026-04-11 18:39:57 | INFO | [Round 17] Epoch 44/80 time=00:01.67 avg=00:01.64 ETA=00:59.15 | GPU MB alloc/reserved=280.2/1932.0
2026-04-11 18:39:59 | INFO | [Round 17] epoch=45/80 loss=0.2590 acc=95.27 val_acc=nan data_t=0.0017s batch_t=0.0889s epoch_t=00:01.63 lr=0.000408 | GPU MB alloc/reserved=280.2/1932.0
2026-04-11 18:39:59 | INFO | [Round 17] Epoch 45/80 time=00:01.63 avg=00:01.64 ETA=00:57.49 | GPU MB alloc/reserved=280.2/1932.0
2026-04-11 18:40:01 | INFO | [Round 17] epoch=46/80 loss=0.1874 acc=97.64 val_acc=nan data_t=0.0014s batch_t=0.0902s epoch_t=00:01.65 lr=0.000389 | GPU MB alloc/reserved=280.2/1932.0
2026-04-11 18:40:01 | INFO | [Round 17] Epoch 46/80 time=00:01.65 avg=00:01.64 ETA=00:55.86 | GPU MB alloc/reserved=280.2/1932.0
2026-04-11 18:40:02 | INFO | [Round 17] epoch=47/80 loss=0.1588 acc=98.27 val_acc=nan data_t=0.0015s batch_t=0.0906s epoch_t=00:01.66 lr=0.000371 | GPU MB alloc/reserved=280.2/1932.0
2026-04-11 18:40:02 | INFO | [Round 17] Epoch 47/80 time=00:01.66 avg=00:01.64 ETA=00:54.22 | GPU MB alloc/reserved=280.2/1932.0
2026-04-11 18:40:04 | INFO | [Round 17] epoch=48/80 loss=0.1950 acc=96.95 val_acc=nan data_t=0.0015s batch_t=0.0905s epoch_t=00:01.66 lr=0.000352 | GPU MB alloc/reserved=280.2/1932.0
2026-04-11 18:40:04 | INFO | [Round 17] Epoch 48/80 time=00:01.66 avg=00:01.64 ETA=00:52.59 | GPU MB alloc/reserved=280.2/1932.0
2026-04-11 18:40:06 | INFO | [Round 17] epoch=49/80 loss=0.1439 acc=98.41 val_acc=nan data_t=0.0028s batch_t=0.0906s epoch_t=00:01.68 lr=0.000334 | GPU MB alloc/reserved=280.2/1932.0
2026-04-11 18:40:06 | INFO | [Round 17] Epoch 49/80 time=00:01.68 avg=00:01.64 ETA=00:50.97 | GPU MB alloc/reserved=280.2/1932.0
2026-04-11 18:40:07 | INFO | [Round 17] epoch=50/80 loss=0.1128 acc=99.00 val_acc=nan data_t=0.0026s batch_t=0.0900s epoch_t=00:01.67 lr=0.000316 | GPU MB alloc/reserved=280.2/1932.0
2026-04-11 18:40:07 | INFO | [Round 17] Epoch 50/80 time=00:01.67 avg=00:01.64 ETA=00:49.34 | GPU MB alloc/reserved=280.2/1932.0
2026-04-11 18:40:09 | INFO | [Round 17] epoch=51/80 loss=0.1096 acc=98.82 val_acc=nan data_t=0.0029s batch_t=0.0908s epoch_t=00:01.69 lr=0.000298 | GPU MB alloc/reserved=280.2/1932.0
2026-04-11 18:40:09 | INFO | [Round 17] Epoch 51/80 time=00:01.69 avg=00:01.65 ETA=00:47.72 | GPU MB alloc/reserved=280.2/1932.0
2026-04-11 18:40:11 | INFO | [Round 17] epoch=52/80 loss=0.0947 acc=99.45 val_acc=nan data_t=0.0025s batch_t=0.0906s epoch_t=00:01.68 lr=0.000280 | GPU MB alloc/reserved=280.2/1932.0
2026-04-11 18:40:11 | INFO | [Round 17] Epoch 52/80 time=00:01.68 avg=00:01.65 ETA=00:46.09 | GPU MB alloc/reserved=280.2/1932.0
2026-04-11 18:40:12 | INFO | [Round 17] epoch=53/80 loss=0.0771 acc=99.50 val_acc=nan data_t=0.0019s batch_t=0.0909s epoch_t=00:01.67 lr=0.000263 | GPU MB alloc/reserved=280.2/1932.0
2026-04-11 18:40:12 | INFO | [Round 17] Epoch 53/80 time=00:01.67 avg=00:01.65 ETA=00:44.46 | GPU MB alloc/reserved=280.2/1932.0
2026-04-11 18:40:14 | INFO | [Round 17] epoch=54/80 loss=0.0599 acc=99.86 val_acc=nan data_t=0.0015s batch_t=0.0912s epoch_t=00:01.67 lr=0.000246 | GPU MB alloc/reserved=280.2/1932.0
2026-04-11 18:40:14 | INFO | [Round 17] Epoch 54/80 time=00:01.67 avg=00:01.65 ETA=00:42.82 | GPU MB alloc/reserved=280.2/1932.0
2026-04-11 18:40:16 | INFO | [Round 17] epoch=55/80 loss=0.0636 acc=99.64 val_acc=nan data_t=0.0016s batch_t=0.0908s epoch_t=00:01.66 lr=0.000230 | GPU MB alloc/reserved=280.2/1932.0
2026-04-11 18:40:16 | INFO | [Round 17] Epoch 55/80 time=00:01.66 avg=00:01.65 ETA=00:41.18 | GPU MB alloc/reserved=280.2/1932.0
2026-04-11 18:40:17 | INFO | [Round 17] epoch=56/80 loss=0.0620 acc=99.64 val_acc=nan data_t=0.0017s batch_t=0.0916s epoch_t=00:01.68 lr=0.000214 | GPU MB alloc/reserved=280.2/1932.0
2026-04-11 18:40:17 | INFO | [Round 17] Epoch 56/80 time=00:01.68 avg=00:01.65 ETA=00:39.55 | GPU MB alloc/reserved=280.2/1932.0
2026-04-11 18:40:19 | INFO | [Round 17] epoch=57/80 loss=0.0538 acc=99.82 val_acc=nan data_t=0.0015s batch_t=0.0913s epoch_t=00:01.67 lr=0.000199 | GPU MB alloc/reserved=280.2/1932.0
2026-04-11 18:40:19 | INFO | [Round 17] Epoch 57/80 time=00:01.67 avg=00:01.65 ETA=00:37.91 | GPU MB alloc/reserved=280.2/1932.0
2026-04-11 18:40:21 | INFO | [Round 17] epoch=58/80 loss=0.0575 acc=99.55 val_acc=nan data_t=0.0027s batch_t=0.0903s epoch_t=00:01.67 lr=0.000184 | GPU MB alloc/reserved=280.2/1932.0
2026-04-11 18:40:21 | INFO | [Round 17] Epoch 58/80 time=00:01.67 avg=00:01.65 ETA=00:36.27 | GPU MB alloc/reserved=280.2/1932.0
2026-04-11 18:40:23 | INFO | [Round 17] epoch=59/80 loss=0.0476 acc=99.91 val_acc=nan data_t=0.0017s batch_t=0.0913s epoch_t=00:01.67 lr=0.000169 | GPU MB alloc/reserved=280.2/1932.0
2026-04-11 18:40:23 | INFO | [Round 17] Epoch 59/80 time=00:01.67 avg=00:01.65 ETA=00:34.63 | GPU MB alloc/reserved=280.2/1932.0
2026-04-11 18:40:24 | INFO | [Round 17] epoch=60/80 loss=0.0461 acc=99.86 val_acc=nan data_t=0.0026s batch_t=0.0908s epoch_t=00:01.68 lr=0.000155 | GPU MB alloc/reserved=280.2/1932.0
2026-04-11 18:40:24 | INFO | [Round 17] Epoch 60/80 time=00:01.68 avg=00:01.65 ETA=00:32.99 | GPU MB alloc/reserved=280.2/1932.0
2026-04-11 18:40:26 | INFO | [Round 17] epoch=61/80 loss=0.0431 acc=99.86 val_acc=nan data_t=0.0017s batch_t=0.0911s epoch_t=00:01.67 lr=0.000142 | GPU MB alloc/reserved=280.2/1932.0
2026-04-11 18:40:26 | INFO | [Round 17] Epoch 61/80 time=00:01.67 avg=00:01.65 ETA=00:31.35 | GPU MB alloc/reserved=280.2/1932.0
2026-04-11 18:40:28 | INFO | [Round 17] epoch=62/80 loss=0.0388 acc=100.00 val_acc=nan data_t=0.0023s batch_t=0.0908s epoch_t=00:01.68 lr=0.000129 | GPU MB alloc/reserved=280.2/1932.0
2026-04-11 18:40:28 | INFO | [Round 17] Epoch 62/80 time=00:01.68 avg=00:01.65 ETA=00:29.71 | GPU MB alloc/reserved=280.2/1932.0
2026-04-11 18:40:29 | INFO | [Round 17] epoch=63/80 loss=0.0371 acc=99.86 val_acc=nan data_t=0.0019s batch_t=0.0917s epoch_t=00:01.68 lr=0.000116 | GPU MB alloc/reserved=280.2/1932.0
2026-04-11 18:40:29 | INFO | [Round 17] Epoch 63/80 time=00:01.68 avg=00:01.65 ETA=00:28.07 | GPU MB alloc/reserved=280.2/1932.0
2026-04-11 18:40:31 | INFO | [Round 17] epoch=64/80 loss=0.0372 acc=99.82 val_acc=nan data_t=0.0017s batch_t=0.0899s epoch_t=00:01.65 lr=0.000105 | GPU MB alloc/reserved=280.2/1932.0
2026-04-11 18:40:31 | INFO | [Round 17] Epoch 64/80 time=00:01.65 avg=00:01.65 ETA=00:26.42 | GPU MB alloc/reserved=280.2/1932.0
2026-04-11 18:40:33 | INFO | [Round 17] epoch=65/80 loss=0.0437 acc=99.86 val_acc=nan data_t=0.0016s batch_t=0.0905s epoch_t=00:01.66 lr=0.000093 | GPU MB alloc/reserved=280.2/1932.0
2026-04-11 18:40:33 | INFO | [Round 17] Epoch 65/80 time=00:01.66 avg=00:01.65 ETA=00:24.77 | GPU MB alloc/reserved=280.2/1932.0
2026-04-11 18:40:34 | INFO | [Round 17] epoch=66/80 loss=0.0415 acc=99.91 val_acc=nan data_t=0.0021s batch_t=0.0901s epoch_t=00:01.66 lr=0.000083 | GPU MB alloc/reserved=280.2/1932.0
2026-04-11 18:40:34 | INFO | [Round 17] Epoch 66/80 time=00:01.66 avg=00:01.65 ETA=00:23.12 | GPU MB alloc/reserved=280.2/1932.0
2026-04-11 18:40:36 | INFO | [Round 17] epoch=67/80 loss=0.0354 acc=100.00 val_acc=nan data_t=0.0020s batch_t=0.0901s epoch_t=00:01.66 lr=0.000073 | GPU MB alloc/reserved=280.2/1932.0
2026-04-11 18:40:36 | INFO | [Round 17] Epoch 67/80 time=00:01.66 avg=00:01.65 ETA=00:21.47 | GPU MB alloc/reserved=280.2/1932.0
2026-04-11 18:40:38 | INFO | [Round 17] epoch=68/80 loss=0.0352 acc=99.95 val_acc=nan data_t=0.0019s batch_t=0.0902s epoch_t=00:01.66 lr=0.000064 | GPU MB alloc/reserved=280.2/1932.0
2026-04-11 18:40:38 | INFO | [Round 17] Epoch 68/80 time=00:01.66 avg=00:01.65 ETA=00:19.82 | GPU MB alloc/reserved=280.2/1932.0
2026-04-11 18:40:39 | INFO | [Round 17] epoch=69/80 loss=0.0328 acc=99.95 val_acc=nan data_t=0.0019s batch_t=0.0909s epoch_t=00:01.67 lr=0.000055 | GPU MB alloc/reserved=280.2/1932.0
2026-04-11 18:40:39 | INFO | [Round 17] Epoch 69/80 time=00:01.67 avg=00:01.65 ETA=00:18.17 | GPU MB alloc/reserved=280.2/1932.0
2026-04-11 18:40:41 | INFO | [Round 17] epoch=70/80 loss=0.0344 acc=99.91 val_acc=nan data_t=0.0014s batch_t=0.0894s epoch_t=00:01.64 lr=0.000048 | GPU MB alloc/reserved=280.2/1932.0
2026-04-11 18:40:41 | INFO | [Round 17] Epoch 70/80 time=00:01.64 avg=00:01.65 ETA=00:16.52 | GPU MB alloc/reserved=280.2/1932.0
2026-04-11 18:40:43 | INFO | [Round 17] epoch=71/80 loss=0.0347 acc=99.86 val_acc=nan data_t=0.0017s batch_t=0.0911s epoch_t=00:01.67 lr=0.000041 | GPU MB alloc/reserved=280.2/1932.0
2026-04-11 18:40:43 | INFO | [Round 17] Epoch 71/80 time=00:01.67 avg=00:01.65 ETA=00:14.87 | GPU MB alloc/reserved=280.2/1932.0
2026-04-11 18:40:44 | INFO | [Round 17] epoch=72/80 loss=0.0345 acc=99.91 val_acc=nan data_t=0.0019s batch_t=0.0912s epoch_t=00:01.68 lr=0.000034 | GPU MB alloc/reserved=280.2/1932.0
2026-04-11 18:40:44 | INFO | [Round 17] Epoch 72/80 time=00:01.68 avg=00:01.65 ETA=00:13.22 | GPU MB alloc/reserved=280.2/1932.0
2026-04-11 18:40:46 | INFO | [Round 17] epoch=73/80 loss=0.0329 acc=99.91 val_acc=nan data_t=0.0015s batch_t=0.0910s epoch_t=00:01.66 lr=0.000029 | GPU MB alloc/reserved=280.2/1932.0
2026-04-11 18:40:46 | INFO | [Round 17] Epoch 73/80 time=00:01.66 avg=00:01.65 ETA=00:11.57 | GPU MB alloc/reserved=280.2/1932.0
2026-04-11 18:40:48 | INFO | [Round 17] epoch=74/80 loss=0.0332 acc=99.91 val_acc=nan data_t=0.0020s batch_t=0.0909s epoch_t=00:01.67 lr=0.000024 | GPU MB alloc/reserved=280.2/1932.0
2026-04-11 18:40:48 | INFO | [Round 17] Epoch 74/80 time=00:01.67 avg=00:01.65 ETA=00:09.92 | GPU MB alloc/reserved=280.2/1932.0
2026-04-11 18:40:49 | INFO | [Round 17] epoch=75/80 loss=0.0318 acc=99.95 val_acc=nan data_t=0.0019s batch_t=0.0913s epoch_t=00:01.68 lr=0.000020 | GPU MB alloc/reserved=280.2/1932.0
2026-04-11 18:40:49 | INFO | [Round 17] Epoch 75/80 time=00:01.68 avg=00:01.65 ETA=00:08.26 | GPU MB alloc/reserved=280.2/1932.0
2026-04-11 18:40:51 | INFO | [Round 17] epoch=76/80 loss=0.0305 acc=100.00 val_acc=nan data_t=0.0027s batch_t=0.0901s epoch_t=00:01.67 lr=0.000016 | GPU MB alloc/reserved=280.2/1932.0
2026-04-11 18:40:51 | INFO | [Round 17] Epoch 76/80 time=00:01.67 avg=00:01.65 ETA=00:06.61 | GPU MB alloc/reserved=280.2/1932.0
2026-04-11 18:40:53 | INFO | [Round 17] epoch=77/80 loss=0.0325 acc=99.86 val_acc=nan data_t=0.0023s batch_t=0.0899s epoch_t=00:01.66 lr=0.000013 | GPU MB alloc/reserved=280.2/1932.0
2026-04-11 18:40:53 | INFO | [Round 17] Epoch 77/80 time=00:01.66 avg=00:01.65 ETA=00:04.96 | GPU MB alloc/reserved=280.2/1932.0
2026-04-11 18:40:54 | INFO | [Round 17] epoch=78/80 loss=0.0302 acc=100.00 val_acc=nan data_t=0.0016s batch_t=0.0913s epoch_t=00:01.67 lr=0.000012 | GPU MB alloc/reserved=280.2/1932.0
2026-04-11 18:40:54 | INFO | [Round 17] Epoch 78/80 time=00:01.67 avg=00:01.65 ETA=00:03.31 | GPU MB alloc/reserved=280.2/1932.0
2026-04-11 18:40:56 | INFO | [Round 17] epoch=79/80 loss=0.0290 acc=99.95 val_acc=nan data_t=0.0016s batch_t=0.0915s epoch_t=00:01.68 lr=0.000010 | GPU MB alloc/reserved=280.2/1932.0
2026-04-11 18:40:56 | INFO | [Round 17] Epoch 79/80 time=00:01.68 avg=00:01.65 ETA=00:01.65 | GPU MB alloc/reserved=280.2/1932.0
2026-04-11 18:40:58 | INFO | [Round 17] epoch=80/80 loss=0.0316 acc=99.95 val_acc=nan data_t=0.0015s batch_t=0.0914s epoch_t=00:01.67 lr=0.000010 | GPU MB alloc/reserved=280.2/1932.0
2026-04-11 18:40:58 | INFO | [Round 17] Epoch 80/80 time=00:01.67 avg=00:01.65 ETA=00:00.00 | GPU MB alloc/reserved=280.2/1932.0
2026-04-11 18:40:58 | INFO | [Round 17] training complete in 02:12.65 (best monitor=100.000) | GPU MB alloc/reserved=280.2/1932.0
2026-04-11 18:40:58 | INFO | [Round 17] evaluation started | GPU MB alloc/reserved=192.6/1932.0
2026-04-11 18:41:07 | INFO | [Round 17] clean=21.99 fgsm=16.67 pgd=16.57 grad_disp_mean=nan grad_disp_sel=nan round_t=143.73s | GPU MB alloc/reserved=192.6/1932.0
2026-04-11 18:41:07 | INFO | [Round 18/21] elapsed=02:23.73 avg_round=01:32.95 projected_remaining=04:38.86 | GPU MB alloc/reserved=192.6/1932.0
2026-04-11 18:41:08 | INFO | [Round 18] acquisition on pool_size=47800 scored_pool=5000 budget=100 | GPU MB alloc/reserved=104.2/1932.0
2026-04-11 18:41:08 | INFO | [CoreSet-unlabeled-feat] scoring progress 10/20 elapsed=00:00.25 avg/batch=0.025s ETA=00:00.25 | GPU MB alloc/reserved=112.3/1932.0
2026-04-11 18:41:08 | INFO | [CoreSet-unlabeled-feat] scoring progress 20/20 elapsed=00:00.41 avg/batch=0.020s ETA=00:00.00 | GPU MB alloc/reserved=116.2/1932.0
2026-04-11 18:41:08 | INFO | [CoreSet-labeled-feat] scoring progress 9/9 elapsed=00:00.23 avg/batch=0.025s ETA=00:00.00 | GPU MB alloc/reserved=120.5/1932.0
2026-04-11 18:41:08 | INFO | [CoreSet] greedy 10/100 cover_radius=26.695425 | GPU: n/a
2026-04-11 18:41:09 | INFO | [CoreSet] greedy 20/100 cover_radius=26.345829 | GPU: n/a
2026-04-11 18:41:09 | INFO | [CoreSet] greedy 30/100 cover_radius=26.102098 | GPU: n/a
2026-04-11 18:41:09 | INFO | [CoreSet] greedy 40/100 cover_radius=25.987476 | GPU: n/a
2026-04-11 18:41:09 | INFO | [CoreSet] greedy 50/100 cover_radius=25.778637 | GPU: n/a
2026-04-11 18:41:09 | INFO | [CoreSet] greedy 60/100 cover_radius=25.641150 | GPU: n/a
2026-04-11 18:41:09 | INFO | [CoreSet] greedy 70/100 cover_radius=25.484751 | GPU: n/a
2026-04-11 18:41:10 | INFO | [CoreSet] greedy 80/100 cover_radius=25.366762 | GPU: n/a
2026-04-11 18:41:10 | INFO | [CoreSet] greedy 90/100 cover_radius=25.300833 | GPU: n/a
2026-04-11 18:41:10 | INFO | [CoreSet] greedy 100/100 cover_radius=25.265558 | GPU: n/a
2026-04-11 18:41:10 | INFO | [Round 18] labeled=2300 train=2300 val_fixed=0 | GPU MB alloc/reserved=147.9/1932.0
2026-04-11 18:41:12 | INFO | [Round 18] epoch=1/80 loss=4.6475 acc=2.35 val_acc=nan data_t=0.0112s batch_t=0.1042s epoch_t=00:02.08 lr=0.001000 | GPU MB alloc/reserved=278.6/1932.0
2026-04-11 18:41:12 | INFO | [Round 18] Epoch 1/80 time=00:02.08 avg=00:02.08 ETA=02:44.00 | GPU MB alloc/reserved=278.6/1932.0
2026-04-11 18:41:14 | INFO | [Round 18] epoch=2/80 loss=4.3646 acc=4.35 val_acc=nan data_t=0.0015s batch_t=0.0699s epoch_t=00:01.29 lr=0.000998 | GPU MB alloc/reserved=279.9/1932.0
2026-04-11 18:41:14 | INFO | [Round 18] Epoch 2/80 time=00:01.29 avg=00:01.68 ETA=02:11.12 | GPU MB alloc/reserved=279.9/1932.0
2026-04-11 18:41:15 | INFO | [Round 18] epoch=3/80 loss=4.1919 acc=4.96 val_acc=nan data_t=0.0018s batch_t=0.0904s epoch_t=00:01.66 lr=0.000997 | GPU MB alloc/reserved=279.9/1932.0
2026-04-11 18:41:15 | INFO | [Round 18] Epoch 3/80 time=00:01.66 avg=00:01.67 ETA=02:08.94 | GPU MB alloc/reserved=279.9/1932.0
2026-04-11 18:41:17 | INFO | [Round 18] epoch=4/80 loss=4.0393 acc=7.13 val_acc=nan data_t=0.0019s batch_t=0.1036s epoch_t=00:01.90 lr=0.000994 | GPU MB alloc/reserved=279.9/1932.0
2026-04-11 18:41:17 | INFO | [Round 18] Epoch 4/80 time=00:01.90 avg=00:01.73 ETA=02:11.51 | GPU MB alloc/reserved=279.9/1932.0
2026-04-11 18:41:19 | INFO | [Round 18] epoch=5/80 loss=3.9444 acc=7.78 val_acc=nan data_t=0.0018s batch_t=0.0728s epoch_t=00:01.34 lr=0.000990 | GPU MB alloc/reserved=279.9/1932.0
2026-04-11 18:41:19 | INFO | [Round 18] Epoch 5/80 time=00:01.34 avg=00:01.65 ETA=02:03.98 | GPU MB alloc/reserved=279.9/1932.0
2026-04-11 18:41:20 | INFO | [Round 18] epoch=6/80 loss=3.7969 acc=10.48 val_acc=nan data_t=0.0019s batch_t=0.0674s epoch_t=00:01.25 lr=0.000986 | GPU MB alloc/reserved=279.9/1932.0
2026-04-11 18:41:20 | INFO | [Round 18] Epoch 6/80 time=00:01.25 avg=00:01.59 ETA=01:57.34 | GPU MB alloc/reserved=279.9/1932.0
2026-04-11 18:41:22 | INFO | [Round 18] epoch=7/80 loss=3.6396 acc=12.96 val_acc=nan data_t=0.0019s batch_t=0.0928s epoch_t=00:01.70 lr=0.000981 | GPU MB alloc/reserved=279.9/1932.0
2026-04-11 18:41:22 | INFO | [Round 18] Epoch 7/80 time=00:01.70 avg=00:01.60 ETA=01:56.99 | GPU MB alloc/reserved=279.9/1932.0
2026-04-11 18:41:23 | INFO | [Round 18] epoch=8/80 loss=3.5463 acc=14.43 val_acc=nan data_t=0.0020s batch_t=0.0927s epoch_t=00:01.71 lr=0.000976 | GPU MB alloc/reserved=279.9/1932.0
2026-04-11 18:41:23 | INFO | [Round 18] Epoch 8/80 time=00:01.71 avg=00:01.62 ETA=01:56.31 | GPU MB alloc/reserved=279.9/1932.0
2026-04-11 18:41:25 | INFO | [Round 18] epoch=9/80 loss=3.3736 acc=16.35 val_acc=nan data_t=0.0022s batch_t=0.0942s epoch_t=00:01.74 lr=0.000969 | GPU MB alloc/reserved=279.9/1932.0
2026-04-11 18:41:25 | INFO | [Round 18] Epoch 9/80 time=00:01.74 avg=00:01.63 ETA=01:55.65 | GPU MB alloc/reserved=279.9/1932.0
2026-04-11 18:41:27 | INFO | [Round 18] epoch=10/80 loss=3.2546 acc=18.43 val_acc=nan data_t=0.0027s batch_t=0.0939s epoch_t=00:01.74 lr=0.000962 | GPU MB alloc/reserved=279.9/1932.0
2026-04-11 18:41:27 | INFO | [Round 18] Epoch 10/80 time=00:01.74 avg=00:01.64 ETA=01:54.79 | GPU MB alloc/reserved=279.9/1932.0
2026-04-11 18:41:29 | INFO | [Round 18] epoch=11/80 loss=3.0856 acc=21.65 val_acc=nan data_t=0.0021s batch_t=0.0943s epoch_t=00:01.73 lr=0.000955 | GPU MB alloc/reserved=279.9/1932.0
2026-04-11 18:41:29 | INFO | [Round 18] Epoch 11/80 time=00:01.73 avg=00:01.65 ETA=01:53.74 | GPU MB alloc/reserved=279.9/1932.0
2026-04-11 18:41:30 | INFO | [Round 18] epoch=12/80 loss=2.9354 acc=24.74 val_acc=nan data_t=0.0019s batch_t=0.0939s epoch_t=00:01.72 lr=0.000946 | GPU MB alloc/reserved=279.9/1932.0
2026-04-11 18:41:30 | INFO | [Round 18] Epoch 12/80 time=00:01.72 avg=00:01.65 ETA=01:52.53 | GPU MB alloc/reserved=279.9/1932.0
2026-04-11 18:41:32 | INFO | [Round 18] epoch=13/80 loss=2.8640 acc=26.78 val_acc=nan data_t=0.0021s batch_t=0.0944s epoch_t=00:01.74 lr=0.000937 | GPU MB alloc/reserved=279.9/1932.0
2026-04-11 18:41:32 | INFO | [Round 18] Epoch 13/80 time=00:01.74 avg=00:01.66 ETA=01:51.30 | GPU MB alloc/reserved=279.9/1932.0
2026-04-11 18:41:34 | INFO | [Round 18] epoch=14/80 loss=2.7331 acc=28.57 val_acc=nan data_t=0.0018s batch_t=0.0944s epoch_t=00:01.73 lr=0.000927 | GPU MB alloc/reserved=279.9/1932.0
2026-04-11 18:41:34 | INFO | [Round 18] Epoch 14/80 time=00:01.73 avg=00:01.67 ETA=01:49.97 | GPU MB alloc/reserved=279.9/1932.0
2026-04-11 18:41:36 | INFO | [Round 18] epoch=15/80 loss=2.6288 acc=28.91 val_acc=nan data_t=0.0019s batch_t=0.0938s epoch_t=00:01.72 lr=0.000917 | GPU MB alloc/reserved=279.9/1932.0
2026-04-11 18:41:36 | INFO | [Round 18] Epoch 15/80 time=00:01.72 avg=00:01.67 ETA=01:48.55 | GPU MB alloc/reserved=279.9/1932.0
2026-04-11 18:41:37 | INFO | [Round 18] epoch=16/80 loss=2.4219 acc=36.35 val_acc=nan data_t=0.0015s batch_t=0.0941s epoch_t=00:01.72 lr=0.000905 | GPU MB alloc/reserved=279.9/1932.0
2026-04-11 18:41:37 | INFO | [Round 18] Epoch 16/80 time=00:01.72 avg=00:01.67 ETA=01:47.08 | GPU MB alloc/reserved=279.9/1932.0
2026-04-11 18:41:39 | INFO | [Round 18] epoch=17/80 loss=2.3225 acc=37.09 val_acc=nan data_t=0.0015s batch_t=0.0922s epoch_t=00:01.69 lr=0.000894 | GPU MB alloc/reserved=279.9/1932.0
2026-04-11 18:41:39 | INFO | [Round 18] Epoch 17/80 time=00:01.69 avg=00:01.67 ETA=01:45.46 | GPU MB alloc/reserved=279.9/1932.0
2026-04-11 18:41:41 | INFO | [Round 18] epoch=18/80 loss=2.1630 acc=41.91 val_acc=nan data_t=0.0015s batch_t=0.0932s epoch_t=00:01.70 lr=0.000881 | GPU MB alloc/reserved=279.9/1932.0
2026-04-11 18:41:41 | INFO | [Round 18] Epoch 18/80 time=00:01.70 avg=00:01.68 ETA=01:43.89 | GPU MB alloc/reserved=279.9/1932.0
2026-04-11 18:41:42 | INFO | [Round 18] epoch=19/80 loss=1.9981 acc=45.30 val_acc=nan data_t=0.0016s batch_t=0.0878s epoch_t=00:01.61 lr=0.000868 | GPU MB alloc/reserved=279.9/1932.0
2026-04-11 18:41:42 | INFO | [Round 18] Epoch 19/80 time=00:01.61 avg=00:01.67 ETA=01:42.00 | GPU MB alloc/reserved=279.9/1932.0
2026-04-11 18:41:44 | INFO | [Round 18] epoch=20/80 loss=1.8254 acc=49.78 val_acc=nan data_t=0.0020s batch_t=0.0927s epoch_t=00:01.71 lr=0.000855 | GPU MB alloc/reserved=279.9/1932.0
2026-04-11 18:41:44 | INFO | [Round 18] Epoch 20/80 time=00:01.71 avg=00:01.67 ETA=01:40.43 | GPU MB alloc/reserved=279.9/1932.0
2026-04-11 18:41:46 | INFO | [Round 18] epoch=21/80 loss=1.7062 acc=53.52 val_acc=nan data_t=0.0018s batch_t=0.0933s epoch_t=00:01.71 lr=0.000841 | GPU MB alloc/reserved=279.9/1932.0
2026-04-11 18:41:46 | INFO | [Round 18] Epoch 21/80 time=00:01.71 avg=00:01.68 ETA=01:38.87 | GPU MB alloc/reserved=279.9/1932.0
2026-04-11 18:41:47 | INFO | [Round 18] epoch=22/80 loss=1.5641 acc=57.00 val_acc=nan data_t=0.0021s batch_t=0.0904s epoch_t=00:01.67 lr=0.000826 | GPU MB alloc/reserved=279.9/1932.0
2026-04-11 18:41:47 | INFO | [Round 18] Epoch 22/80 time=00:01.67 avg=00:01.68 ETA=01:37.17 | GPU MB alloc/reserved=279.9/1932.0
2026-04-11 18:41:49 | INFO | [Round 18] epoch=23/80 loss=1.4459 acc=59.30 val_acc=nan data_t=0.0016s batch_t=0.0921s epoch_t=00:01.69 lr=0.000811 | GPU MB alloc/reserved=279.9/1932.0
2026-04-11 18:41:49 | INFO | [Round 18] Epoch 23/80 time=00:01.69 avg=00:01.68 ETA=01:35.52 | GPU MB alloc/reserved=279.9/1932.0
2026-04-11 18:41:51 | INFO | [Round 18] epoch=24/80 loss=1.3034 acc=64.61 val_acc=nan data_t=0.0015s batch_t=0.0943s epoch_t=00:01.72 lr=0.000796 | GPU MB alloc/reserved=279.9/1932.0
2026-04-11 18:41:51 | INFO | [Round 18] Epoch 24/80 time=00:01.72 avg=00:01.68 ETA=01:33.96 | GPU MB alloc/reserved=279.9/1932.0
2026-04-11 18:41:53 | INFO | [Round 18] epoch=25/80 loss=1.1488 acc=69.17 val_acc=nan data_t=0.0023s batch_t=0.0939s epoch_t=00:01.73 lr=0.000780 | GPU MB alloc/reserved=279.9/1932.0
2026-04-11 18:41:53 | INFO | [Round 18] Epoch 25/80 time=00:01.73 avg=00:01.68 ETA=01:32.40 | GPU MB alloc/reserved=279.9/1932.0
2026-04-11 18:41:54 | INFO | [Round 18] epoch=26/80 loss=1.0224 acc=73.52 val_acc=nan data_t=0.0025s batch_t=0.0942s epoch_t=00:01.74 lr=0.000764 | GPU MB alloc/reserved=279.9/1932.0
2026-04-11 18:41:54 | INFO | [Round 18] Epoch 26/80 time=00:01.74 avg=00:01.68 ETA=01:30.85 | GPU MB alloc/reserved=279.9/1932.0
2026-04-11 18:41:56 | INFO | [Round 18] epoch=27/80 loss=0.9230 acc=74.65 val_acc=nan data_t=0.0024s batch_t=0.0932s epoch_t=00:01.72 lr=0.000747 | GPU MB alloc/reserved=279.9/1932.0
2026-04-11 18:41:56 | INFO | [Round 18] Epoch 27/80 time=00:01.72 avg=00:01.68 ETA=01:29.24 | GPU MB alloc/reserved=279.9/1932.0
2026-04-11 18:41:58 | INFO | [Round 18] epoch=28/80 loss=0.7853 acc=80.22 val_acc=nan data_t=0.0029s batch_t=0.0948s epoch_t=00:01.76 lr=0.000730 | GPU MB alloc/reserved=279.9/1932.0
2026-04-11 18:41:58 | INFO | [Round 18] Epoch 28/80 time=00:01.76 avg=00:01.69 ETA=01:27.70 | GPU MB alloc/reserved=279.9/1932.0
2026-04-11 18:42:00 | INFO | [Round 18] epoch=29/80 loss=0.7128 acc=82.13 val_acc=nan data_t=0.0028s batch_t=0.0937s epoch_t=00:01.74 lr=0.000712 | GPU MB alloc/reserved=279.9/1932.0
2026-04-11 18:42:00 | INFO | [Round 18] Epoch 29/80 time=00:01.74 avg=00:01.69 ETA=01:26.10 | GPU MB alloc/reserved=279.9/1932.0
2026-04-11 18:42:01 | INFO | [Round 18] epoch=30/80 loss=0.6091 acc=85.26 val_acc=nan data_t=0.0017s batch_t=0.0934s epoch_t=00:01.71 lr=0.000694 | GPU MB alloc/reserved=279.9/1932.0
2026-04-11 18:42:01 | INFO | [Round 18] Epoch 30/80 time=00:01.71 avg=00:01.69 ETA=01:24.45 | GPU MB alloc/reserved=279.9/1932.0
2026-04-11 18:42:03 | INFO | [Round 18] epoch=31/80 loss=0.4860 acc=90.48 val_acc=nan data_t=0.0025s batch_t=0.0937s epoch_t=00:01.73 lr=0.000676 | GPU MB alloc/reserved=279.9/1932.0
2026-04-11 18:42:03 | INFO | [Round 18] Epoch 31/80 time=00:01.73 avg=00:01.69 ETA=01:22.83 | GPU MB alloc/reserved=279.9/1932.0
2026-04-11 18:42:05 | INFO | [Round 18] epoch=32/80 loss=0.3838 acc=92.70 val_acc=nan data_t=0.0015s batch_t=0.0944s epoch_t=00:01.73 lr=0.000658 | GPU MB alloc/reserved=279.9/1932.0
2026-04-11 18:42:05 | INFO | [Round 18] Epoch 32/80 time=00:01.73 avg=00:01.69 ETA=01:21.19 | GPU MB alloc/reserved=279.9/1932.0
2026-04-11 18:42:06 | INFO | [Round 18] epoch=33/80 loss=0.3318 acc=93.91 val_acc=nan data_t=0.0015s batch_t=0.0844s epoch_t=00:01.55 lr=0.000639 | GPU MB alloc/reserved=279.9/1932.0
2026-04-11 18:42:06 | INFO | [Round 18] Epoch 33/80 time=00:01.55 avg=00:01.69 ETA=01:19.30 | GPU MB alloc/reserved=279.9/1932.0
2026-04-11 18:42:08 | INFO | [Round 18] epoch=34/80 loss=0.2791 acc=95.43 val_acc=nan data_t=0.0020s batch_t=0.0982s epoch_t=00:01.80 lr=0.000621 | GPU MB alloc/reserved=279.9/1932.0
2026-04-11 18:42:08 | INFO | [Round 18] Epoch 34/80 time=00:01.80 avg=00:01.69 ETA=01:17.77 | GPU MB alloc/reserved=279.9/1932.0
2026-04-11 18:42:10 | INFO | [Round 18] epoch=35/80 loss=0.2541 acc=95.74 val_acc=nan data_t=0.0018s batch_t=0.1008s epoch_t=00:01.85 lr=0.000602 | GPU MB alloc/reserved=279.9/1932.0
2026-04-11 18:42:10 | INFO | [Round 18] Epoch 35/80 time=00:01.85 avg=00:01.70 ETA=01:16.28 | GPU MB alloc/reserved=279.9/1932.0
2026-04-11 18:42:12 | INFO | [Round 18] epoch=36/80 loss=0.2036 acc=97.22 val_acc=nan data_t=0.0019s batch_t=0.1022s epoch_t=00:01.87 lr=0.000582 | GPU MB alloc/reserved=279.9/1932.0
2026-04-11 18:42:12 | INFO | [Round 18] Epoch 36/80 time=00:01.87 avg=00:01.70 ETA=01:14.80 | GPU MB alloc/reserved=279.9/1932.0
2026-04-11 18:42:14 | INFO | [Round 18] epoch=37/80 loss=0.1800 acc=97.39 val_acc=nan data_t=0.0016s batch_t=0.1018s epoch_t=00:01.86 lr=0.000563 | GPU MB alloc/reserved=279.9/1932.0
2026-04-11 18:42:14 | INFO | [Round 18] Epoch 37/80 time=00:01.86 avg=00:01.70 ETA=01:13.29 | GPU MB alloc/reserved=279.9/1932.0
2026-04-11 18:42:15 | INFO | [Round 18] epoch=38/80 loss=0.1455 acc=98.35 val_acc=nan data_t=0.0020s batch_t=0.0943s epoch_t=00:01.73 lr=0.000544 | GPU MB alloc/reserved=279.9/1932.0
2026-04-11 18:42:15 | INFO | [Round 18] Epoch 38/80 time=00:01.73 avg=00:01.71 ETA=01:11.62 | GPU MB alloc/reserved=279.9/1932.0
2026-04-11 18:42:17 | INFO | [Round 18] epoch=39/80 loss=0.1178 acc=98.74 val_acc=nan data_t=0.0019s batch_t=0.0646s epoch_t=00:01.20 lr=0.000524 | GPU MB alloc/reserved=279.9/1932.0
2026-04-11 18:42:17 | INFO | [Round 18] Epoch 39/80 time=00:01.20 avg=00:01.69 ETA=01:09.38 | GPU MB alloc/reserved=279.9/1932.0
2026-04-11 18:42:19 | INFO | [Round 18] epoch=40/80 loss=0.1056 acc=99.22 val_acc=nan data_t=0.0015s batch_t=0.1037s epoch_t=00:01.89 lr=0.000505 | GPU MB alloc/reserved=279.9/1932.0
2026-04-11 18:42:19 | INFO | [Round 18] Epoch 40/80 time=00:01.89 avg=00:01.70 ETA=01:07.89 | GPU MB alloc/reserved=279.9/1932.0
2026-04-11 18:42:20 | INFO | [Round 18] epoch=41/80 loss=0.0852 acc=99.22 val_acc=nan data_t=0.0015s batch_t=0.0973s epoch_t=00:01.78 lr=0.000486 | GPU MB alloc/reserved=279.9/1932.0
2026-04-11 18:42:20 | INFO | [Round 18] Epoch 41/80 time=00:01.78 avg=00:01.70 ETA=01:06.27 | GPU MB alloc/reserved=279.9/1932.0
2026-04-11 18:42:22 | INFO | [Round 18] epoch=42/80 loss=0.0828 acc=99.09 val_acc=nan data_t=0.0019s batch_t=0.0650s epoch_t=00:01.21 lr=0.000466 | GPU MB alloc/reserved=279.9/1932.0
2026-04-11 18:42:22 | INFO | [Round 18] Epoch 42/80 time=00:01.21 avg=00:01.69 ETA=01:04.12 | GPU MB alloc/reserved=279.9/1932.0
2026-04-11 18:42:23 | INFO | [Round 18] epoch=43/80 loss=0.0698 acc=99.35 val_acc=nan data_t=0.0015s batch_t=0.0735s epoch_t=00:01.35 lr=0.000447 | GPU MB alloc/reserved=279.9/1932.0
2026-04-11 18:42:23 | INFO | [Round 18] Epoch 43/80 time=00:01.35 avg=00:01.68 ETA=01:02.14 | GPU MB alloc/reserved=279.9/1932.0
2026-04-11 18:42:25 | INFO | [Round 18] epoch=44/80 loss=0.0671 acc=99.43 val_acc=nan data_t=0.0016s batch_t=0.0928s epoch_t=00:01.70 lr=0.000428 | GPU MB alloc/reserved=279.9/1932.0
2026-04-11 18:42:25 | INFO | [Round 18] Epoch 44/80 time=00:01.70 avg=00:01.68 ETA=01:00.48 | GPU MB alloc/reserved=279.9/1932.0
2026-04-11 18:42:26 | INFO | [Round 18] epoch=45/80 loss=0.0697 acc=99.26 val_acc=nan data_t=0.0019s batch_t=0.0931s epoch_t=00:01.71 lr=0.000408 | GPU MB alloc/reserved=279.9/1932.0
2026-04-11 18:42:26 | INFO | [Round 18] Epoch 45/80 time=00:01.71 avg=00:01.68 ETA=00:58.82 | GPU MB alloc/reserved=279.9/1932.0
2026-04-11 18:42:28 | INFO | [Round 18] epoch=46/80 loss=0.0530 acc=99.78 val_acc=nan data_t=0.0025s batch_t=0.0938s epoch_t=00:01.73 lr=0.000389 | GPU MB alloc/reserved=279.9/1932.0
2026-04-11 18:42:28 | INFO | [Round 18] Epoch 46/80 time=00:01.73 avg=00:01.68 ETA=00:57.18 | GPU MB alloc/reserved=279.9/1932.0
2026-04-11 18:42:30 | INFO | [Round 18] epoch=47/80 loss=0.0460 acc=99.74 val_acc=nan data_t=0.0020s batch_t=0.0941s epoch_t=00:01.73 lr=0.000371 | GPU MB alloc/reserved=279.9/1932.0
2026-04-11 18:42:30 | INFO | [Round 18] Epoch 47/80 time=00:01.73 avg=00:01.68 ETA=00:55.53 | GPU MB alloc/reserved=279.9/1932.0
2026-04-11 18:42:31 | INFO | [Round 18] epoch=48/80 loss=0.0427 acc=99.70 val_acc=nan data_t=0.0024s batch_t=0.0937s epoch_t=00:01.73 lr=0.000352 | GPU MB alloc/reserved=279.9/1932.0
2026-04-11 18:42:31 | INFO | [Round 18] Epoch 48/80 time=00:01.73 avg=00:01.68 ETA=00:53.88 | GPU MB alloc/reserved=279.9/1932.0
2026-04-11 18:42:33 | INFO | [Round 18] epoch=49/80 loss=0.0380 acc=99.87 val_acc=nan data_t=0.0015s batch_t=0.0953s epoch_t=00:01.74 lr=0.000334 | GPU MB alloc/reserved=279.9/1932.0
2026-04-11 18:42:33 | INFO | [Round 18] Epoch 49/80 time=00:01.74 avg=00:01.69 ETA=00:52.24 | GPU MB alloc/reserved=279.9/1932.0
2026-04-11 18:42:35 | INFO | [Round 18] epoch=50/80 loss=0.0316 acc=99.87 val_acc=nan data_t=0.0016s batch_t=0.0925s epoch_t=00:01.69 lr=0.000316 | GPU MB alloc/reserved=279.9/1932.0
2026-04-11 18:42:35 | INFO | [Round 18] Epoch 50/80 time=00:01.69 avg=00:01.69 ETA=00:50.56 | GPU MB alloc/reserved=279.9/1932.0
2026-04-11 18:42:37 | INFO | [Round 18] epoch=51/80 loss=0.0299 acc=99.91 val_acc=nan data_t=0.0016s batch_t=0.0945s epoch_t=00:01.73 lr=0.000298 | GPU MB alloc/reserved=279.9/1932.0
2026-04-11 18:42:37 | INFO | [Round 18] Epoch 51/80 time=00:01.73 avg=00:01.69 ETA=00:48.90 | GPU MB alloc/reserved=279.9/1932.0
2026-04-11 18:42:38 | INFO | [Round 18] epoch=52/80 loss=0.0258 acc=99.96 val_acc=nan data_t=0.0016s batch_t=0.0943s epoch_t=00:01.73 lr=0.000280 | GPU MB alloc/reserved=279.9/1932.0
2026-04-11 18:42:38 | INFO | [Round 18] Epoch 52/80 time=00:01.73 avg=00:01.69 ETA=00:47.23 | GPU MB alloc/reserved=279.9/1932.0
2026-04-11 18:42:40 | INFO | [Round 18] epoch=53/80 loss=0.0237 acc=100.00 val_acc=nan data_t=0.0016s batch_t=0.0941s epoch_t=00:01.72 lr=0.000263 | GPU MB alloc/reserved=279.9/1932.0
2026-04-11 18:42:40 | INFO | [Round 18] Epoch 53/80 time=00:01.72 avg=00:01.69 ETA=00:45.56 | GPU MB alloc/reserved=279.9/1932.0
2026-04-11 18:42:42 | INFO | [Round 18] epoch=54/80 loss=0.0234 acc=99.91 val_acc=nan data_t=0.0024s batch_t=0.0935s epoch_t=00:01.73 lr=0.000246 | GPU MB alloc/reserved=279.9/1932.0
2026-04-11 18:42:42 | INFO | [Round 18] Epoch 54/80 time=00:01.73 avg=00:01.69 ETA=00:43.90 | GPU MB alloc/reserved=279.9/1932.0
2026-04-11 18:42:44 | INFO | [Round 18] epoch=55/80 loss=0.0198 acc=100.00 val_acc=nan data_t=0.0016s batch_t=0.0945s epoch_t=00:01.73 lr=0.000230 | GPU MB alloc/reserved=279.9/1932.0
2026-04-11 18:42:44 | INFO | [Round 18] Epoch 55/80 time=00:01.73 avg=00:01.69 ETA=00:42.23 | GPU MB alloc/reserved=279.9/1932.0
2026-04-11 18:42:45 | INFO | [Round 18] epoch=56/80 loss=0.0214 acc=100.00 val_acc=nan data_t=0.0020s batch_t=0.0939s epoch_t=00:01.73 lr=0.000214 | GPU MB alloc/reserved=279.9/1932.0
2026-04-11 18:42:45 | INFO | [Round 18] Epoch 56/80 time=00:01.73 avg=00:01.69 ETA=00:40.55 | GPU MB alloc/reserved=279.9/1932.0
2026-04-11 18:42:47 | INFO | [Round 18] epoch=57/80 loss=0.0196 acc=99.96 val_acc=nan data_t=0.0019s batch_t=0.0942s epoch_t=00:01.73 lr=0.000199 | GPU MB alloc/reserved=279.9/1932.0
2026-04-11 18:42:47 | INFO | [Round 18] Epoch 57/80 time=00:01.73 avg=00:01.69 ETA=00:38.88 | GPU MB alloc/reserved=279.9/1932.0
2026-04-11 18:42:49 | INFO | [Round 18] epoch=58/80 loss=0.0191 acc=99.96 val_acc=nan data_t=0.0018s batch_t=0.0943s epoch_t=00:01.73 lr=0.000184 | GPU MB alloc/reserved=279.9/1932.0
2026-04-11 18:42:49 | INFO | [Round 18] Epoch 58/80 time=00:01.73 avg=00:01.69 ETA=00:37.20 | GPU MB alloc/reserved=279.9/1932.0
2026-04-11 18:42:51 | INFO | [Round 18] epoch=59/80 loss=0.0197 acc=100.00 val_acc=nan data_t=0.0020s batch_t=0.0940s epoch_t=00:01.73 lr=0.000169 | GPU MB alloc/reserved=279.9/1932.0
2026-04-11 18:42:51 | INFO | [Round 18] Epoch 59/80 time=00:01.73 avg=00:01.69 ETA=00:35.53 | GPU MB alloc/reserved=279.9/1932.0
2026-04-11 18:42:52 | INFO | [Round 18] epoch=60/80 loss=0.0176 acc=100.00 val_acc=nan data_t=0.0017s batch_t=0.0940s epoch_t=00:01.72 lr=0.000155 | GPU MB alloc/reserved=279.9/1932.0
2026-04-11 18:42:52 | INFO | [Round 18] Epoch 60/80 time=00:01.72 avg=00:01.69 ETA=00:33.84 | GPU MB alloc/reserved=279.9/1932.0
2026-04-11 18:42:54 | INFO | [Round 18] epoch=61/80 loss=0.0172 acc=100.00 val_acc=nan data_t=0.0018s batch_t=0.0937s epoch_t=00:01.72 lr=0.000142 | GPU MB alloc/reserved=279.9/1932.0
2026-04-11 18:42:54 | INFO | [Round 18] Epoch 61/80 time=00:01.72 avg=00:01.69 ETA=00:32.16 | GPU MB alloc/reserved=279.9/1932.0
2026-04-11 18:42:56 | INFO | [Round 18] epoch=62/80 loss=0.0160 acc=100.00 val_acc=nan data_t=0.0015s batch_t=0.0948s epoch_t=00:01.73 lr=0.000129 | GPU MB alloc/reserved=279.9/1932.0
2026-04-11 18:42:56 | INFO | [Round 18] Epoch 62/80 time=00:01.73 avg=00:01.69 ETA=00:30.48 | GPU MB alloc/reserved=279.9/1932.0
2026-04-11 18:42:57 | INFO | [Round 18] epoch=63/80 loss=0.0145 acc=100.00 val_acc=nan data_t=0.0019s batch_t=0.0936s epoch_t=00:01.72 lr=0.000116 | GPU MB alloc/reserved=279.9/1932.0
2026-04-11 18:42:57 | INFO | [Round 18] Epoch 63/80 time=00:01.72 avg=00:01.69 ETA=00:28.79 | GPU MB alloc/reserved=279.9/1932.0
2026-04-11 18:42:59 | INFO | [Round 18] epoch=64/80 loss=0.0158 acc=100.00 val_acc=nan data_t=0.0017s batch_t=0.0938s epoch_t=00:01.72 lr=0.000105 | GPU MB alloc/reserved=279.9/1932.0
2026-04-11 18:42:59 | INFO | [Round 18] Epoch 64/80 time=00:01.72 avg=00:01.69 ETA=00:27.11 | GPU MB alloc/reserved=279.9/1932.0
2026-04-11 18:43:01 | INFO | [Round 18] epoch=65/80 loss=0.0158 acc=100.00 val_acc=nan data_t=0.0025s batch_t=0.0939s epoch_t=00:01.74 lr=0.000093 | GPU MB alloc/reserved=279.9/1932.0
2026-04-11 18:43:01 | INFO | [Round 18] Epoch 65/80 time=00:01.74 avg=00:01.69 ETA=00:25.42 | GPU MB alloc/reserved=279.9/1932.0
2026-04-11 18:43:03 | INFO | [Round 18] epoch=66/80 loss=0.0145 acc=100.00 val_acc=nan data_t=0.0026s batch_t=0.0941s epoch_t=00:01.74 lr=0.000083 | GPU MB alloc/reserved=279.9/1932.0
2026-04-11 18:43:03 | INFO | [Round 18] Epoch 66/80 time=00:01.74 avg=00:01.70 ETA=00:23.74 | GPU MB alloc/reserved=279.9/1932.0
2026-04-11 18:43:04 | INFO | [Round 18] epoch=67/80 loss=0.0141 acc=100.00 val_acc=nan data_t=0.0017s batch_t=0.0939s epoch_t=00:01.72 lr=0.000073 | GPU MB alloc/reserved=279.9/1932.0
2026-04-11 18:43:04 | INFO | [Round 18] Epoch 67/80 time=00:01.72 avg=00:01.70 ETA=00:22.05 | GPU MB alloc/reserved=279.9/1932.0
2026-04-11 18:43:06 | INFO | [Round 18] epoch=68/80 loss=0.0143 acc=100.00 val_acc=nan data_t=0.0021s batch_t=0.0939s epoch_t=00:01.73 lr=0.000064 | GPU MB alloc/reserved=279.9/1932.0
2026-04-11 18:43:06 | INFO | [Round 18] Epoch 68/80 time=00:01.73 avg=00:01.70 ETA=00:20.36 | GPU MB alloc/reserved=279.9/1932.0
2026-04-11 18:43:08 | INFO | [Round 18] epoch=69/80 loss=0.0132 acc=100.00 val_acc=nan data_t=0.0021s batch_t=0.0932s epoch_t=00:01.72 lr=0.000055 | GPU MB alloc/reserved=279.9/1932.0
2026-04-11 18:43:08 | INFO | [Round 18] Epoch 69/80 time=00:01.72 avg=00:01.70 ETA=00:18.66 | GPU MB alloc/reserved=279.9/1932.0
2026-04-11 18:43:09 | INFO | [Round 18] epoch=70/80 loss=0.0149 acc=100.00 val_acc=nan data_t=0.0019s batch_t=0.0937s epoch_t=00:01.72 lr=0.000048 | GPU MB alloc/reserved=279.9/1932.0
2026-04-11 18:43:09 | INFO | [Round 18] Epoch 70/80 time=00:01.72 avg=00:01.70 ETA=00:16.97 | GPU MB alloc/reserved=279.9/1932.0
2026-04-11 18:43:11 | INFO | [Round 18] epoch=71/80 loss=0.0149 acc=99.96 val_acc=nan data_t=0.0028s batch_t=0.0935s epoch_t=00:01.73 lr=0.000041 | GPU MB alloc/reserved=279.9/1932.0
2026-04-11 18:43:11 | INFO | [Round 18] Epoch 71/80 time=00:01.73 avg=00:01.70 ETA=00:15.28 | GPU MB alloc/reserved=279.9/1932.0
2026-04-11 18:43:13 | INFO | [Round 18] epoch=72/80 loss=0.0141 acc=99.96 val_acc=nan data_t=0.0016s batch_t=0.0946s epoch_t=00:01.73 lr=0.000034 | GPU MB alloc/reserved=279.9/1932.0
2026-04-11 18:43:13 | INFO | [Round 18] Epoch 72/80 time=00:01.73 avg=00:01.70 ETA=00:13.58 | GPU MB alloc/reserved=279.9/1932.0
2026-04-11 18:43:15 | INFO | [Round 18] epoch=73/80 loss=0.0132 acc=100.00 val_acc=nan data_t=0.0016s batch_t=0.0947s epoch_t=00:01.73 lr=0.000029 | GPU MB alloc/reserved=279.9/1932.0
2026-04-11 18:43:15 | INFO | [Round 18] Epoch 73/80 time=00:01.73 avg=00:01.70 ETA=00:11.89 | GPU MB alloc/reserved=279.9/1932.0
2026-04-11 18:43:16 | INFO | [Round 18] epoch=74/80 loss=0.0132 acc=100.00 val_acc=nan data_t=0.0015s batch_t=0.0940s epoch_t=00:01.72 lr=0.000024 | GPU MB alloc/reserved=279.9/1932.0
2026-04-11 18:43:16 | INFO | [Round 18] Epoch 74/80 time=00:01.72 avg=00:01.70 ETA=00:10.19 | GPU MB alloc/reserved=279.9/1932.0
2026-04-11 18:43:18 | INFO | [Round 18] epoch=75/80 loss=0.0131 acc=100.00 val_acc=nan data_t=0.0026s batch_t=0.0941s epoch_t=00:01.74 lr=0.000020 | GPU MB alloc/reserved=279.9/1932.0
2026-04-11 18:43:18 | INFO | [Round 18] Epoch 75/80 time=00:01.74 avg=00:01.70 ETA=00:08.50 | GPU MB alloc/reserved=279.9/1932.0
2026-04-11 18:43:20 | INFO | [Round 18] epoch=76/80 loss=0.0124 acc=100.00 val_acc=nan data_t=0.0023s batch_t=0.0938s epoch_t=00:01.73 lr=0.000016 | GPU MB alloc/reserved=279.9/1932.0
2026-04-11 18:43:20 | INFO | [Round 18] Epoch 76/80 time=00:01.73 avg=00:01.70 ETA=00:06.80 | GPU MB alloc/reserved=279.9/1932.0
2026-04-11 18:43:22 | INFO | [Round 18] epoch=77/80 loss=0.0135 acc=100.00 val_acc=nan data_t=0.0021s batch_t=0.0937s epoch_t=00:01.72 lr=0.000013 | GPU MB alloc/reserved=279.9/1932.0
2026-04-11 18:43:22 | INFO | [Round 18] Epoch 77/80 time=00:01.72 avg=00:01.70 ETA=00:05.10 | GPU MB alloc/reserved=279.9/1932.0
2026-04-11 18:43:23 | INFO | [Round 18] epoch=78/80 loss=0.0141 acc=100.00 val_acc=nan data_t=0.0018s batch_t=0.0945s epoch_t=00:01.73 lr=0.000012 | GPU MB alloc/reserved=279.9/1932.0
2026-04-11 18:43:23 | INFO | [Round 18] Epoch 78/80 time=00:01.73 avg=00:01.70 ETA=00:03.40 | GPU MB alloc/reserved=279.9/1932.0
2026-04-11 18:43:25 | INFO | [Round 18] epoch=79/80 loss=0.0129 acc=100.00 val_acc=nan data_t=0.0030s batch_t=0.0936s epoch_t=00:01.74 lr=0.000010 | GPU MB alloc/reserved=279.9/1932.0
2026-04-11 18:43:25 | INFO | [Round 18] Epoch 79/80 time=00:01.74 avg=00:01.70 ETA=00:01.70 | GPU MB alloc/reserved=279.9/1932.0
2026-04-11 18:43:27 | INFO | [Round 18] epoch=80/80 loss=0.0125 acc=100.00 val_acc=nan data_t=0.0015s batch_t=0.0940s epoch_t=00:01.72 lr=0.000010 | GPU MB alloc/reserved=279.9/1932.0
2026-04-11 18:43:27 | INFO | [Round 18] Epoch 80/80 time=00:01.72 avg=00:01.70 ETA=00:00.00 | GPU MB alloc/reserved=279.9/1932.0
2026-04-11 18:43:27 | INFO | [Round 18] training complete in 02:16.41 (best monitor=100.000) | GPU MB alloc/reserved=279.9/1932.0
2026-04-11 18:43:27 | INFO | [Round 18] evaluation started | GPU MB alloc/reserved=193.0/1932.0
2026-04-11 18:43:36 | INFO | [Round 18] clean=20.98 fgsm=15.78 pgd=15.65 grad_disp_mean=nan grad_disp_sel=nan round_t=148.71s | GPU MB alloc/reserved=193.0/1932.0
2026-04-11 18:43:36 | INFO | [Round 19/21] elapsed=02:28.71 avg_round=01:35.89 projected_remaining=03:11.78 | GPU MB alloc/reserved=193.0/1932.0
2026-04-11 18:43:37 | INFO | [Round 19] acquisition on pool_size=47700 scored_pool=5000 budget=100 | GPU MB alloc/reserved=105.1/1932.0
2026-04-11 18:43:37 | INFO | [CoreSet-unlabeled-feat] scoring progress 10/20 elapsed=00:00.27 avg/batch=0.027s ETA=00:00.27 | GPU MB alloc/reserved=113.2/1932.0
2026-04-11 18:43:38 | INFO | [CoreSet-unlabeled-feat] scoring progress 20/20 elapsed=00:00.44 avg/batch=0.022s ETA=00:00.00 | GPU MB alloc/reserved=117.2/1932.0
2026-04-11 18:43:38 | INFO | [CoreSet-labeled-feat] scoring progress 9/9 elapsed=00:00.23 avg/batch=0.026s ETA=00:00.00 | GPU MB alloc/reserved=122.5/1932.0
2026-04-11 18:43:38 | INFO | [CoreSet] greedy 10/100 cover_radius=27.006386 | GPU: n/a
2026-04-11 18:43:38 | INFO | [CoreSet] greedy 20/100 cover_radius=26.583218 | GPU: n/a
2026-04-11 18:43:38 | INFO | [CoreSet] greedy 30/100 cover_radius=26.405834 | GPU: n/a
2026-04-11 18:43:38 | INFO | [CoreSet] greedy 40/100 cover_radius=26.159018 | GPU: n/a
2026-04-11 18:43:39 | INFO | [CoreSet] greedy 50/100 cover_radius=26.059399 | GPU: n/a
2026-04-11 18:43:39 | INFO | [CoreSet] greedy 60/100 cover_radius=25.922272 | GPU: n/a
2026-04-11 18:43:39 | INFO | [CoreSet] greedy 70/100 cover_radius=25.850430 | GPU: n/a
2026-04-11 18:43:39 | INFO | [CoreSet] greedy 80/100 cover_radius=25.710125 | GPU: n/a
2026-04-11 18:43:39 | INFO | [CoreSet] greedy 90/100 cover_radius=25.616188 | GPU: n/a
2026-04-11 18:43:39 | INFO | [CoreSet] greedy 100/100 cover_radius=25.526756 | GPU: n/a
2026-04-11 18:43:40 | INFO | [Round 19] labeled=2400 train=2400 val_fixed=0 | GPU MB alloc/reserved=149.5/1932.0
2026-04-11 18:43:42 | INFO | [Round 19] epoch=1/80 loss=4.6637 acc=1.96 val_acc=nan data_t=0.0102s batch_t=0.1032s epoch_t=00:02.15 lr=0.001000 | GPU MB alloc/reserved=282.6/1932.0
2026-04-11 18:43:42 | INFO | [Round 19] Epoch 1/80 time=00:02.15 avg=00:02.15 ETA=02:50.13 | GPU MB alloc/reserved=282.6/1932.0
2026-04-11 18:43:44 | INFO | [Round 19] epoch=2/80 loss=4.3210 acc=4.67 val_acc=nan data_t=0.0014s batch_t=0.1029s epoch_t=00:01.98 lr=0.000998 | GPU MB alloc/reserved=282.6/1932.0
2026-04-11 18:43:44 | INFO | [Round 19] Epoch 2/80 time=00:01.98 avg=00:02.07 ETA=02:41.33 | GPU MB alloc/reserved=282.6/1932.0
2026-04-11 18:43:46 | INFO | [Round 19] epoch=3/80 loss=4.1381 acc=5.83 val_acc=nan data_t=0.0015s batch_t=0.0832s epoch_t=00:01.61 lr=0.000997 | GPU MB alloc/reserved=282.6/1932.0
2026-04-11 18:43:46 | INFO | [Round 19] Epoch 3/80 time=00:01.61 avg=00:01.91 ETA=02:27.45 | GPU MB alloc/reserved=282.6/1932.0
2026-04-11 18:43:47 | INFO | [Round 19] epoch=4/80 loss=4.0242 acc=7.04 val_acc=nan data_t=0.0016s batch_t=0.0829s epoch_t=00:01.61 lr=0.000994 | GPU MB alloc/reserved=282.6/1932.0
2026-04-11 18:43:47 | INFO | [Round 19] Epoch 4/80 time=00:01.61 avg=00:01.84 ETA=02:19.67 | GPU MB alloc/reserved=282.6/1932.0
2026-04-11 18:43:49 | INFO | [Round 19] epoch=5/80 loss=3.8672 acc=9.46 val_acc=nan data_t=0.0024s batch_t=0.1033s epoch_t=00:02.01 lr=0.000990 | GPU MB alloc/reserved=282.6/1932.0
2026-04-11 18:43:49 | INFO | [Round 19] Epoch 5/80 time=00:02.01 avg=00:01.87 ETA=02:20.39 | GPU MB alloc/reserved=282.6/1932.0
2026-04-11 18:43:51 | INFO | [Round 19] epoch=6/80 loss=3.6918 acc=11.42 val_acc=nan data_t=0.0015s batch_t=0.0757s epoch_t=00:01.47 lr=0.000986 | GPU MB alloc/reserved=282.6/1932.0
2026-04-11 18:43:51 | INFO | [Round 19] Epoch 6/80 time=00:01.47 avg=00:01.80 ETA=02:13.53 | GPU MB alloc/reserved=282.6/1932.0
2026-04-11 18:43:52 | INFO | [Round 19] epoch=7/80 loss=3.5460 acc=13.92 val_acc=nan data_t=0.0017s batch_t=0.0676s epoch_t=00:01.32 lr=0.000981 | GPU MB alloc/reserved=282.6/1932.0
2026-04-11 18:43:52 | INFO | [Round 19] Epoch 7/80 time=00:01.32 avg=00:01.73 ETA=02:06.65 | GPU MB alloc/reserved=282.6/1932.0
2026-04-11 18:43:54 | INFO | [Round 19] epoch=8/80 loss=3.4600 acc=14.71 val_acc=nan data_t=0.0021s batch_t=0.0932s epoch_t=00:01.81 lr=0.000976 | GPU MB alloc/reserved=282.6/1932.0
2026-04-11 18:43:54 | INFO | [Round 19] Epoch 8/80 time=00:01.81 avg=00:01.74 ETA=02:05.59 | GPU MB alloc/reserved=282.6/1932.0
2026-04-11 18:43:56 | INFO | [Round 19] epoch=9/80 loss=3.3586 acc=16.29 val_acc=nan data_t=0.0015s batch_t=0.0926s epoch_t=00:01.79 lr=0.000969 | GPU MB alloc/reserved=282.6/1932.0
2026-04-11 18:43:56 | INFO | [Round 19] Epoch 9/80 time=00:01.79 avg=00:01.75 ETA=02:04.20 | GPU MB alloc/reserved=282.6/1932.0
2026-04-11 18:43:58 | INFO | [Round 19] epoch=10/80 loss=3.2129 acc=19.12 val_acc=nan data_t=0.0018s batch_t=0.0923s epoch_t=00:01.79 lr=0.000962 | GPU MB alloc/reserved=282.6/1932.0
2026-04-11 18:43:58 | INFO | [Round 19] Epoch 10/80 time=00:01.79 avg=00:01.75 ETA=02:02.72 | GPU MB alloc/reserved=282.6/1932.0
2026-04-11 18:43:59 | INFO | [Round 19] epoch=11/80 loss=3.0107 acc=24.00 val_acc=nan data_t=0.0018s batch_t=0.0941s epoch_t=00:01.82 lr=0.000955 | GPU MB alloc/reserved=282.6/1932.0
2026-04-11 18:43:59 | INFO | [Round 19] Epoch 11/80 time=00:01.82 avg=00:01.76 ETA=02:01.39 | GPU MB alloc/reserved=282.6/1932.0
2026-04-11 18:44:01 | INFO | [Round 19] epoch=12/80 loss=2.8865 acc=25.71 val_acc=nan data_t=0.0016s batch_t=0.0939s epoch_t=00:01.82 lr=0.000946 | GPU MB alloc/reserved=282.6/1932.0
2026-04-11 18:44:01 | INFO | [Round 19] Epoch 12/80 time=00:01.82 avg=00:01.76 ETA=01:59.95 | GPU MB alloc/reserved=282.6/1932.0
2026-04-11 18:44:03 | INFO | [Round 19] epoch=13/80 loss=2.7814 acc=27.38 val_acc=nan data_t=0.0015s batch_t=0.0940s epoch_t=00:01.81 lr=0.000937 | GPU MB alloc/reserved=282.6/1932.0
2026-04-11 18:44:03 | INFO | [Round 19] Epoch 13/80 time=00:01.81 avg=00:01.77 ETA=01:58.45 | GPU MB alloc/reserved=282.6/1932.0
2026-04-11 18:44:05 | INFO | [Round 19] epoch=14/80 loss=2.6752 acc=28.63 val_acc=nan data_t=0.0016s batch_t=0.0941s epoch_t=00:01.82 lr=0.000927 | GPU MB alloc/reserved=282.6/1932.0
2026-04-11 18:44:05 | INFO | [Round 19] Epoch 14/80 time=00:01.82 avg=00:01.77 ETA=01:56.92 | GPU MB alloc/reserved=282.6/1932.0
2026-04-11 18:44:07 | INFO | [Round 19] epoch=15/80 loss=2.5251 acc=30.96 val_acc=nan data_t=0.0015s batch_t=0.0935s epoch_t=00:01.80 lr=0.000917 | GPU MB alloc/reserved=282.6/1932.0
2026-04-11 18:44:07 | INFO | [Round 19] Epoch 15/80 time=00:01.80 avg=00:01.77 ETA=01:55.29 | GPU MB alloc/reserved=282.6/1932.0
2026-04-11 18:44:09 | INFO | [Round 19] epoch=16/80 loss=2.4266 acc=34.17 val_acc=nan data_t=0.0014s batch_t=0.0926s epoch_t=00:01.79 lr=0.000905 | GPU MB alloc/reserved=282.6/1932.0
2026-04-11 18:44:09 | INFO | [Round 19] Epoch 16/80 time=00:01.79 avg=00:01.77 ETA=01:53.57 | GPU MB alloc/reserved=282.6/1932.0
2026-04-11 18:44:10 | INFO | [Round 19] epoch=17/80 loss=2.2185 acc=40.17 val_acc=nan data_t=0.0022s batch_t=0.0926s epoch_t=00:01.80 lr=0.000894 | GPU MB alloc/reserved=282.6/1932.0
2026-04-11 18:44:10 | INFO | [Round 19] Epoch 17/80 time=00:01.80 avg=00:01.78 ETA=01:51.89 | GPU MB alloc/reserved=282.6/1932.0
2026-04-11 18:44:12 | INFO | [Round 19] epoch=18/80 loss=2.0856 acc=42.12 val_acc=nan data_t=0.0015s batch_t=0.0936s epoch_t=00:01.81 lr=0.000881 | GPU MB alloc/reserved=282.6/1932.0
2026-04-11 18:44:12 | INFO | [Round 19] Epoch 18/80 time=00:01.81 avg=00:01.78 ETA=01:50.22 | GPU MB alloc/reserved=282.6/1932.0
2026-04-11 18:44:14 | INFO | [Round 19] epoch=19/80 loss=1.9932 acc=44.79 val_acc=nan data_t=0.0016s batch_t=0.0938s epoch_t=00:01.81 lr=0.000868 | GPU MB alloc/reserved=282.6/1932.0
2026-04-11 18:44:14 | INFO | [Round 19] Epoch 19/80 time=00:01.81 avg=00:01.78 ETA=01:48.55 | GPU MB alloc/reserved=282.6/1932.0
2026-04-11 18:44:16 | INFO | [Round 19] epoch=20/80 loss=1.8378 acc=49.46 val_acc=nan data_t=0.0015s batch_t=0.0938s epoch_t=00:01.81 lr=0.000855 | GPU MB alloc/reserved=282.6/1932.0
2026-04-11 18:44:16 | INFO | [Round 19] Epoch 20/80 time=00:01.81 avg=00:01.78 ETA=01:46.87 | GPU MB alloc/reserved=282.6/1932.0
2026-04-11 18:44:18 | INFO | [Round 19] epoch=21/80 loss=1.7221 acc=52.04 val_acc=nan data_t=0.0020s batch_t=0.0931s epoch_t=00:01.81 lr=0.000841 | GPU MB alloc/reserved=282.6/1932.0
2026-04-11 18:44:18 | INFO | [Round 19] Epoch 21/80 time=00:01.81 avg=00:01.78 ETA=01:45.16 | GPU MB alloc/reserved=282.6/1932.0
2026-04-11 18:44:19 | INFO | [Round 19] epoch=22/80 loss=1.5701 acc=56.92 val_acc=nan data_t=0.0022s batch_t=0.0923s epoch_t=00:01.79 lr=0.000826 | GPU MB alloc/reserved=282.6/1932.0
2026-04-11 18:44:19 | INFO | [Round 19] Epoch 22/80 time=00:01.79 avg=00:01.78 ETA=01:43.41 | GPU MB alloc/reserved=282.6/1932.0
2026-04-11 18:44:21 | INFO | [Round 19] epoch=23/80 loss=1.4242 acc=59.46 val_acc=nan data_t=0.0019s batch_t=0.0940s epoch_t=00:01.82 lr=0.000811 | GPU MB alloc/reserved=282.6/1932.0
2026-04-11 18:44:21 | INFO | [Round 19] Epoch 23/80 time=00:01.82 avg=00:01.78 ETA=01:41.72 | GPU MB alloc/reserved=282.6/1932.0
2026-04-11 18:44:23 | INFO | [Round 19] epoch=24/80 loss=1.2609 acc=65.54 val_acc=nan data_t=0.0017s batch_t=0.0938s epoch_t=00:01.82 lr=0.000796 | GPU MB alloc/reserved=282.6/1932.0
2026-04-11 18:44:23 | INFO | [Round 19] Epoch 24/80 time=00:01.82 avg=00:01.79 ETA=01:40.01 | GPU MB alloc/reserved=282.6/1932.0
2026-04-11 18:44:25 | INFO | [Round 19] epoch=25/80 loss=1.1216 acc=69.58 val_acc=nan data_t=0.0017s batch_t=0.0942s epoch_t=00:01.82 lr=0.000780 | GPU MB alloc/reserved=282.6/1932.0
2026-04-11 18:44:25 | INFO | [Round 19] Epoch 25/80 time=00:01.82 avg=00:01.79 ETA=01:38.30 | GPU MB alloc/reserved=282.6/1932.0
2026-04-11 18:44:27 | INFO | [Round 19] epoch=26/80 loss=1.0341 acc=71.17 val_acc=nan data_t=0.0027s batch_t=0.0924s epoch_t=00:01.81 lr=0.000764 | GPU MB alloc/reserved=282.6/1932.0
2026-04-11 18:44:27 | INFO | [Round 19] Epoch 26/80 time=00:01.81 avg=00:01.79 ETA=01:36.56 | GPU MB alloc/reserved=282.6/1932.0
2026-04-11 18:44:29 | INFO | [Round 19] epoch=27/80 loss=0.9207 acc=75.04 val_acc=nan data_t=0.0027s batch_t=0.0936s epoch_t=00:01.83 lr=0.000747 | GPU MB alloc/reserved=282.6/1932.0
2026-04-11 18:44:29 | INFO | [Round 19] Epoch 27/80 time=00:01.83 avg=00:01.79 ETA=01:34.85 | GPU MB alloc/reserved=282.6/1932.0
2026-04-11 18:44:30 | INFO | [Round 19] epoch=28/80 loss=0.8028 acc=79.00 val_acc=nan data_t=0.0014s batch_t=0.0940s epoch_t=00:01.81 lr=0.000730 | GPU MB alloc/reserved=282.6/1932.0
2026-04-11 18:44:30 | INFO | [Round 19] Epoch 28/80 time=00:01.81 avg=00:01.79 ETA=01:33.11 | GPU MB alloc/reserved=282.6/1932.0
2026-04-11 18:44:32 | INFO | [Round 19] epoch=29/80 loss=0.6377 acc=84.46 val_acc=nan data_t=0.0023s batch_t=0.0947s epoch_t=00:01.84 lr=0.000712 | GPU MB alloc/reserved=282.6/1932.0
2026-04-11 18:44:32 | INFO | [Round 19] Epoch 29/80 time=00:01.84 avg=00:01.79 ETA=01:31.41 | GPU MB alloc/reserved=282.6/1932.0
2026-04-11 18:44:34 | INFO | [Round 19] epoch=30/80 loss=0.5695 acc=87.04 val_acc=nan data_t=0.0026s batch_t=0.0930s epoch_t=00:01.82 lr=0.000694 | GPU MB alloc/reserved=282.6/1932.0
2026-04-11 18:44:34 | INFO | [Round 19] Epoch 30/80 time=00:01.82 avg=00:01.79 ETA=01:29.66 | GPU MB alloc/reserved=282.6/1932.0
2026-04-11 18:44:36 | INFO | [Round 19] epoch=31/80 loss=0.4654 acc=90.04 val_acc=nan data_t=0.0027s batch_t=0.0936s epoch_t=00:01.83 lr=0.000676 | GPU MB alloc/reserved=282.6/1932.0
2026-04-11 18:44:36 | INFO | [Round 19] Epoch 31/80 time=00:01.83 avg=00:01.79 ETA=01:27.92 | GPU MB alloc/reserved=282.6/1932.0
2026-04-11 18:44:38 | INFO | [Round 19] epoch=32/80 loss=0.3934 acc=92.00 val_acc=nan data_t=0.0014s batch_t=0.0936s epoch_t=00:01.81 lr=0.000658 | GPU MB alloc/reserved=282.6/1932.0
2026-04-11 18:44:38 | INFO | [Round 19] Epoch 32/80 time=00:01.81 avg=00:01.79 ETA=01:26.14 | GPU MB alloc/reserved=282.6/1932.0
2026-04-11 18:44:39 | INFO | [Round 19] epoch=33/80 loss=0.3642 acc=92.75 val_acc=nan data_t=0.0023s batch_t=0.0833s epoch_t=00:01.63 lr=0.000639 | GPU MB alloc/reserved=282.6/1932.0
2026-04-11 18:44:39 | INFO | [Round 19] Epoch 33/80 time=00:01.63 avg=00:01.79 ETA=01:24.11 | GPU MB alloc/reserved=282.6/1932.0
2026-04-11 18:44:41 | INFO | [Round 19] epoch=34/80 loss=0.3005 acc=94.17 val_acc=nan data_t=0.0013s batch_t=0.1009s epoch_t=00:01.94 lr=0.000621 | GPU MB alloc/reserved=282.6/1932.0
2026-04-11 18:44:41 | INFO | [Round 19] Epoch 34/80 time=00:01.94 avg=00:01.79 ETA=01:22.53 | GPU MB alloc/reserved=282.6/1932.0
2026-04-11 18:44:43 | INFO | [Round 19] epoch=35/80 loss=0.2640 acc=95.75 val_acc=nan data_t=0.0016s batch_t=0.1001s epoch_t=00:01.93 lr=0.000602 | GPU MB alloc/reserved=282.6/1932.0
2026-04-11 18:44:43 | INFO | [Round 19] Epoch 35/80 time=00:01.93 avg=00:01.80 ETA=01:20.91 | GPU MB alloc/reserved=282.6/1932.0
2026-04-11 18:44:45 | INFO | [Round 19] epoch=36/80 loss=0.2222 acc=96.04 val_acc=nan data_t=0.0019s batch_t=0.1021s epoch_t=00:01.98 lr=0.000582 | GPU MB alloc/reserved=282.6/1932.0
2026-04-11 18:44:45 | INFO | [Round 19] Epoch 36/80 time=00:01.98 avg=00:01.80 ETA=01:19.33 | GPU MB alloc/reserved=282.6/1932.0
2026-04-11 18:44:47 | INFO | [Round 19] epoch=37/80 loss=0.1806 acc=97.29 val_acc=nan data_t=0.0016s batch_t=0.1020s epoch_t=00:01.97 lr=0.000563 | GPU MB alloc/reserved=282.6/1932.0
2026-04-11 18:44:47 | INFO | [Round 19] Epoch 37/80 time=00:01.97 avg=00:01.81 ETA=01:17.72 | GPU MB alloc/reserved=282.6/1932.0
2026-04-11 18:44:49 | INFO | [Round 19] epoch=38/80 loss=0.1520 acc=98.04 val_acc=nan data_t=0.0019s batch_t=0.0770s epoch_t=00:01.50 lr=0.000544 | GPU MB alloc/reserved=282.6/1932.0
2026-04-11 18:44:49 | INFO | [Round 19] Epoch 38/80 time=00:01.50 avg=00:01.80 ETA=01:15.57 | GPU MB alloc/reserved=282.6/1932.0
2026-04-11 18:44:50 | INFO | [Round 19] epoch=39/80 loss=0.1372 acc=98.21 val_acc=nan data_t=0.0016s batch_t=0.0887s epoch_t=00:01.72 lr=0.000524 | GPU MB alloc/reserved=282.6/1932.0
2026-04-11 18:44:50 | INFO | [Round 19] Epoch 39/80 time=00:01.72 avg=00:01.80 ETA=01:13.69 | GPU MB alloc/reserved=282.6/1932.0
2026-04-11 18:44:52 | INFO | [Round 19] epoch=40/80 loss=0.1024 acc=99.21 val_acc=nan data_t=0.0016s batch_t=0.1026s epoch_t=00:01.98 lr=0.000505 | GPU MB alloc/reserved=282.6/1932.0
2026-04-11 18:44:52 | INFO | [Round 19] Epoch 40/80 time=00:01.98 avg=00:01.80 ETA=01:12.07 | GPU MB alloc/reserved=282.6/1932.0
2026-04-11 18:44:54 | INFO | [Round 19] epoch=41/80 loss=0.0939 acc=99.13 val_acc=nan data_t=0.0016s batch_t=0.0722s epoch_t=00:01.40 lr=0.000486 | GPU MB alloc/reserved=282.6/1932.0
2026-04-11 18:44:54 | INFO | [Round 19] Epoch 41/80 time=00:01.40 avg=00:01.79 ETA=01:09.89 | GPU MB alloc/reserved=282.6/1932.0
2026-04-11 18:44:55 | INFO | [Round 19] epoch=42/80 loss=0.0814 acc=99.46 val_acc=nan data_t=0.0018s batch_t=0.0701s epoch_t=00:01.37 lr=0.000466 | GPU MB alloc/reserved=282.6/1932.0
2026-04-11 18:44:55 | INFO | [Round 19] Epoch 42/80 time=00:01.37 avg=00:01.78 ETA=01:07.71 | GPU MB alloc/reserved=282.6/1932.0
2026-04-11 18:44:57 | INFO | [Round 19] epoch=43/80 loss=0.0714 acc=99.38 val_acc=nan data_t=0.0016s batch_t=0.0915s epoch_t=00:01.77 lr=0.000447 | GPU MB alloc/reserved=282.6/1932.0
2026-04-11 18:44:57 | INFO | [Round 19] Epoch 43/80 time=00:01.77 avg=00:01.78 ETA=01:05.92 | GPU MB alloc/reserved=282.6/1932.0
2026-04-11 18:44:59 | INFO | [Round 19] epoch=44/80 loss=0.0600 acc=99.54 val_acc=nan data_t=0.0016s batch_t=0.0924s epoch_t=00:01.79 lr=0.000428 | GPU MB alloc/reserved=282.6/1932.0
2026-04-11 18:44:59 | INFO | [Round 19] Epoch 44/80 time=00:01.79 avg=00:01.78 ETA=01:04.14 | GPU MB alloc/reserved=282.6/1932.0
2026-04-11 18:45:00 | INFO | [Round 19] epoch=45/80 loss=0.0512 acc=99.71 val_acc=nan data_t=0.0015s batch_t=0.0933s epoch_t=00:01.80 lr=0.000408 | GPU MB alloc/reserved=282.6/1932.0
2026-04-11 18:45:00 | INFO | [Round 19] Epoch 45/80 time=00:01.80 avg=00:01.78 ETA=01:02.37 | GPU MB alloc/reserved=282.6/1932.0
2026-04-11 18:45:02 | INFO | [Round 19] epoch=46/80 loss=0.0456 acc=99.92 val_acc=nan data_t=0.0014s batch_t=0.0941s epoch_t=00:01.81 lr=0.000389 | GPU MB alloc/reserved=282.6/1932.0
2026-04-11 18:45:02 | INFO | [Round 19] Epoch 46/80 time=00:01.81 avg=00:01.78 ETA=01:00.62 | GPU MB alloc/reserved=282.6/1932.0
2026-04-11 18:45:04 | INFO | [Round 19] epoch=47/80 loss=0.0394 acc=99.79 val_acc=nan data_t=0.0017s batch_t=0.0927s epoch_t=00:01.80 lr=0.000371 | GPU MB alloc/reserved=282.6/1932.0
2026-04-11 18:45:04 | INFO | [Round 19] Epoch 47/80 time=00:01.80 avg=00:01.78 ETA=00:58.84 | GPU MB alloc/reserved=282.6/1932.0
2026-04-11 18:45:06 | INFO | [Round 19] epoch=48/80 loss=0.0375 acc=99.67 val_acc=nan data_t=0.0017s batch_t=0.0934s epoch_t=00:01.81 lr=0.000352 | GPU MB alloc/reserved=282.6/1932.0
2026-04-11 18:45:06 | INFO | [Round 19] Epoch 48/80 time=00:01.81 avg=00:01.78 ETA=00:57.07 | GPU MB alloc/reserved=282.6/1932.0
2026-04-11 18:45:08 | INFO | [Round 19] epoch=49/80 loss=0.0349 acc=99.75 val_acc=nan data_t=0.0026s batch_t=0.0931s epoch_t=00:01.82 lr=0.000334 | GPU MB alloc/reserved=282.6/1932.0
2026-04-11 18:45:08 | INFO | [Round 19] Epoch 49/80 time=00:01.82 avg=00:01.78 ETA=00:55.31 | GPU MB alloc/reserved=282.6/1932.0
2026-04-11 18:45:10 | INFO | [Round 19] epoch=50/80 loss=0.0366 acc=99.79 val_acc=nan data_t=0.0022s batch_t=0.0932s epoch_t=00:01.81 lr=0.000316 | GPU MB alloc/reserved=282.6/1932.0
2026-04-11 18:45:10 | INFO | [Round 19] Epoch 50/80 time=00:01.81 avg=00:01.78 ETA=00:53.55 | GPU MB alloc/reserved=282.6/1932.0
2026-04-11 18:45:11 | INFO | [Round 19] epoch=51/80 loss=0.0294 acc=99.96 val_acc=nan data_t=0.0020s batch_t=0.0931s epoch_t=00:01.81 lr=0.000298 | GPU MB alloc/reserved=282.6/1932.0
2026-04-11 18:45:11 | INFO | [Round 19] Epoch 51/80 time=00:01.81 avg=00:01.79 ETA=00:51.77 | GPU MB alloc/reserved=282.6/1932.0
2026-04-11 18:45:13 | INFO | [Round 19] epoch=52/80 loss=0.0298 acc=99.88 val_acc=nan data_t=0.0026s batch_t=0.0933s epoch_t=00:01.82 lr=0.000280 | GPU MB alloc/reserved=282.6/1932.0
2026-04-11 18:45:13 | INFO | [Round 19] Epoch 52/80 time=00:01.82 avg=00:01.79 ETA=00:50.01 | GPU MB alloc/reserved=282.6/1932.0
2026-04-11 18:45:15 | INFO | [Round 19] epoch=53/80 loss=0.0240 acc=100.00 val_acc=nan data_t=0.0023s batch_t=0.0934s epoch_t=00:01.82 lr=0.000263 | GPU MB alloc/reserved=282.6/1932.0
2026-04-11 18:45:15 | INFO | [Round 19] Epoch 53/80 time=00:01.82 avg=00:01.79 ETA=00:48.24 | GPU MB alloc/reserved=282.6/1932.0
2026-04-11 18:45:17 | INFO | [Round 19] epoch=54/80 loss=0.0221 acc=100.00 val_acc=nan data_t=0.0015s batch_t=0.0938s epoch_t=00:01.81 lr=0.000246 | GPU MB alloc/reserved=282.6/1932.0
2026-04-11 18:45:17 | INFO | [Round 19] Epoch 54/80 time=00:01.81 avg=00:01.79 ETA=00:46.46 | GPU MB alloc/reserved=282.6/1932.0
2026-04-11 18:45:19 | INFO | [Round 19] epoch=55/80 loss=0.0189 acc=100.00 val_acc=nan data_t=0.0022s batch_t=0.0938s epoch_t=00:01.82 lr=0.000230 | GPU MB alloc/reserved=282.6/1932.0
2026-04-11 18:45:19 | INFO | [Round 19] Epoch 55/80 time=00:01.82 avg=00:01.79 ETA=00:44.69 | GPU MB alloc/reserved=282.6/1932.0
2026-04-11 18:45:20 | INFO | [Round 19] epoch=56/80 loss=0.0212 acc=99.96 val_acc=nan data_t=0.0026s batch_t=0.0940s epoch_t=00:01.84 lr=0.000214 | GPU MB alloc/reserved=282.6/1932.0
2026-04-11 18:45:20 | INFO | [Round 19] Epoch 56/80 time=00:01.84 avg=00:01.79 ETA=00:42.93 | GPU MB alloc/reserved=282.6/1932.0
2026-04-11 18:45:22 | INFO | [Round 19] epoch=57/80 loss=0.0199 acc=99.96 val_acc=nan data_t=0.0023s batch_t=0.0939s epoch_t=00:01.83 lr=0.000199 | GPU MB alloc/reserved=282.6/1932.0
2026-04-11 18:45:22 | INFO | [Round 19] Epoch 57/80 time=00:01.83 avg=00:01.79 ETA=00:41.15 | GPU MB alloc/reserved=282.6/1932.0
2026-04-11 18:45:24 | INFO | [Round 19] epoch=58/80 loss=0.0188 acc=100.00 val_acc=nan data_t=0.0018s batch_t=0.0933s epoch_t=00:01.81 lr=0.000184 | GPU MB alloc/reserved=282.6/1932.0
2026-04-11 18:45:24 | INFO | [Round 19] Epoch 58/80 time=00:01.81 avg=00:01.79 ETA=00:39.37 | GPU MB alloc/reserved=282.6/1932.0
2026-04-11 18:45:26 | INFO | [Round 19] epoch=59/80 loss=0.0172 acc=100.00 val_acc=nan data_t=0.0014s batch_t=0.0938s epoch_t=00:01.81 lr=0.000169 | GPU MB alloc/reserved=282.6/1932.0
2026-04-11 18:45:26 | INFO | [Round 19] Epoch 59/80 time=00:01.81 avg=00:01.79 ETA=00:37.59 | GPU MB alloc/reserved=282.6/1932.0
2026-04-11 18:45:28 | INFO | [Round 19] epoch=60/80 loss=0.0159 acc=100.00 val_acc=nan data_t=0.0017s batch_t=0.0937s epoch_t=00:01.81 lr=0.000155 | GPU MB alloc/reserved=282.6/1932.0
2026-04-11 18:45:28 | INFO | [Round 19] Epoch 60/80 time=00:01.81 avg=00:01.79 ETA=00:35.81 | GPU MB alloc/reserved=282.6/1932.0
2026-04-11 18:45:30 | INFO | [Round 19] epoch=61/80 loss=0.0159 acc=100.00 val_acc=nan data_t=0.0019s batch_t=0.0930s epoch_t=00:01.80 lr=0.000142 | GPU MB alloc/reserved=282.6/1932.0
2026-04-11 18:45:30 | INFO | [Round 19] Epoch 61/80 time=00:01.80 avg=00:01.79 ETA=00:34.02 | GPU MB alloc/reserved=282.6/1932.0
2026-04-11 18:45:31 | INFO | [Round 19] epoch=62/80 loss=0.0170 acc=100.00 val_acc=nan data_t=0.0014s batch_t=0.0932s epoch_t=00:01.80 lr=0.000129 | GPU MB alloc/reserved=282.6/1932.0
2026-04-11 18:45:31 | INFO | [Round 19] Epoch 62/80 time=00:01.80 avg=00:01.79 ETA=00:32.23 | GPU MB alloc/reserved=282.6/1932.0
2026-04-11 18:45:33 | INFO | [Round 19] epoch=63/80 loss=0.0168 acc=100.00 val_acc=nan data_t=0.0014s batch_t=0.0927s epoch_t=00:01.79 lr=0.000116 | GPU MB alloc/reserved=282.6/1932.0
2026-04-11 18:45:33 | INFO | [Round 19] Epoch 63/80 time=00:01.79 avg=00:01.79 ETA=00:30.44 | GPU MB alloc/reserved=282.6/1932.0
2026-04-11 18:45:35 | INFO | [Round 19] epoch=64/80 loss=0.0171 acc=100.00 val_acc=nan data_t=0.0018s batch_t=0.0941s epoch_t=00:01.82 lr=0.000105 | GPU MB alloc/reserved=282.6/1932.0
2026-04-11 18:45:35 | INFO | [Round 19] Epoch 64/80 time=00:01.82 avg=00:01.79 ETA=00:28.66 | GPU MB alloc/reserved=282.6/1932.0
2026-04-11 18:45:37 | INFO | [Round 19] epoch=65/80 loss=0.0170 acc=100.00 val_acc=nan data_t=0.0015s batch_t=0.0927s epoch_t=00:01.79 lr=0.000093 | GPU MB alloc/reserved=282.6/1932.0
2026-04-11 18:45:37 | INFO | [Round 19] Epoch 65/80 time=00:01.79 avg=00:01.79 ETA=00:26.87 | GPU MB alloc/reserved=282.6/1932.0
2026-04-11 18:45:39 | INFO | [Round 19] epoch=66/80 loss=0.0154 acc=100.00 val_acc=nan data_t=0.0017s batch_t=0.0934s epoch_t=00:01.81 lr=0.000083 | GPU MB alloc/reserved=282.6/1932.0
2026-04-11 18:45:39 | INFO | [Round 19] Epoch 66/80 time=00:01.81 avg=00:01.79 ETA=00:25.08 | GPU MB alloc/reserved=282.6/1932.0
2026-04-11 18:45:40 | INFO | [Round 19] epoch=67/80 loss=0.0140 acc=100.00 val_acc=nan data_t=0.0023s batch_t=0.0937s epoch_t=00:01.82 lr=0.000073 | GPU MB alloc/reserved=282.6/1932.0
2026-04-11 18:45:40 | INFO | [Round 19] Epoch 67/80 time=00:01.82 avg=00:01.79 ETA=00:23.29 | GPU MB alloc/reserved=282.6/1932.0
2026-04-11 18:45:42 | INFO | [Round 19] epoch=68/80 loss=0.0143 acc=100.00 val_acc=nan data_t=0.0015s batch_t=0.0944s epoch_t=00:01.82 lr=0.000064 | GPU MB alloc/reserved=282.6/1932.0
2026-04-11 18:45:42 | INFO | [Round 19] Epoch 68/80 time=00:01.82 avg=00:01.79 ETA=00:21.51 | GPU MB alloc/reserved=282.6/1932.0
2026-04-11 18:45:44 | INFO | [Round 19] epoch=69/80 loss=0.0125 acc=100.00 val_acc=nan data_t=0.0016s batch_t=0.0934s epoch_t=00:01.80 lr=0.000055 | GPU MB alloc/reserved=282.6/1932.0
2026-04-11 18:45:44 | INFO | [Round 19] Epoch 69/80 time=00:01.80 avg=00:01.79 ETA=00:19.72 | GPU MB alloc/reserved=282.6/1932.0
2026-04-11 18:45:46 | INFO | [Round 19] epoch=70/80 loss=0.0131 acc=100.00 val_acc=nan data_t=0.0019s batch_t=0.0943s epoch_t=00:01.83 lr=0.000048 | GPU MB alloc/reserved=282.6/1932.0
2026-04-11 18:45:46 | INFO | [Round 19] Epoch 70/80 time=00:01.83 avg=00:01.79 ETA=00:17.93 | GPU MB alloc/reserved=282.6/1932.0
2026-04-11 18:45:48 | INFO | [Round 19] epoch=71/80 loss=0.0124 acc=100.00 val_acc=nan data_t=0.0017s batch_t=0.0935s epoch_t=00:01.81 lr=0.000041 | GPU MB alloc/reserved=282.6/1932.0
2026-04-11 18:45:48 | INFO | [Round 19] Epoch 71/80 time=00:01.81 avg=00:01.79 ETA=00:16.14 | GPU MB alloc/reserved=282.6/1932.0
2026-04-11 18:45:49 | INFO | [Round 19] epoch=72/80 loss=0.0129 acc=100.00 val_acc=nan data_t=0.0020s batch_t=0.0946s epoch_t=00:01.84 lr=0.000034 | GPU MB alloc/reserved=282.6/1932.0
2026-04-11 18:45:49 | INFO | [Round 19] Epoch 72/80 time=00:01.84 avg=00:01.79 ETA=00:14.35 | GPU MB alloc/reserved=282.6/1932.0
2026-04-11 18:45:51 | INFO | [Round 19] epoch=73/80 loss=0.0131 acc=100.00 val_acc=nan data_t=0.0016s batch_t=0.0930s epoch_t=00:01.80 lr=0.000029 | GPU MB alloc/reserved=282.6/1932.0
2026-04-11 18:45:51 | INFO | [Round 19] Epoch 73/80 time=00:01.80 avg=00:01.79 ETA=00:12.56 | GPU MB alloc/reserved=282.6/1932.0
2026-04-11 18:45:53 | INFO | [Round 19] epoch=74/80 loss=0.0128 acc=100.00 val_acc=nan data_t=0.0017s batch_t=0.0937s epoch_t=00:01.81 lr=0.000024 | GPU MB alloc/reserved=282.6/1932.0
2026-04-11 18:45:53 | INFO | [Round 19] Epoch 74/80 time=00:01.81 avg=00:01.79 ETA=00:10.76 | GPU MB alloc/reserved=282.6/1932.0
2026-04-11 18:45:55 | INFO | [Round 19] epoch=75/80 loss=0.0127 acc=100.00 val_acc=nan data_t=0.0018s batch_t=0.0937s epoch_t=00:01.82 lr=0.000020 | GPU MB alloc/reserved=282.6/1932.0
2026-04-11 18:45:55 | INFO | [Round 19] Epoch 75/80 time=00:01.82 avg=00:01.79 ETA=00:08.97 | GPU MB alloc/reserved=282.6/1932.0
2026-04-11 18:45:57 | INFO | [Round 19] epoch=76/80 loss=0.0133 acc=100.00 val_acc=nan data_t=0.0018s batch_t=0.0941s epoch_t=00:01.82 lr=0.000016 | GPU MB alloc/reserved=282.6/1932.0
2026-04-11 18:45:57 | INFO | [Round 19] Epoch 76/80 time=00:01.82 avg=00:01.79 ETA=00:07.18 | GPU MB alloc/reserved=282.6/1932.0
2026-04-11 18:45:59 | INFO | [Round 19] epoch=77/80 loss=0.0134 acc=99.96 val_acc=nan data_t=0.0014s batch_t=0.0937s epoch_t=00:01.81 lr=0.000013 | GPU MB alloc/reserved=282.6/1932.0
2026-04-11 18:45:59 | INFO | [Round 19] Epoch 77/80 time=00:01.81 avg=00:01.79 ETA=00:05.38 | GPU MB alloc/reserved=282.6/1932.0
2026-04-11 18:46:00 | INFO | [Round 19] epoch=78/80 loss=0.0121 acc=100.00 val_acc=nan data_t=0.0023s batch_t=0.0936s epoch_t=00:01.82 lr=0.000012 | GPU MB alloc/reserved=282.6/1932.0
2026-04-11 18:46:00 | INFO | [Round 19] Epoch 78/80 time=00:01.82 avg=00:01.80 ETA=00:03.59 | GPU MB alloc/reserved=282.6/1932.0
2026-04-11 18:46:02 | INFO | [Round 19] epoch=79/80 loss=0.0134 acc=100.00 val_acc=nan data_t=0.0020s batch_t=0.0944s epoch_t=00:01.83 lr=0.000010 | GPU MB alloc/reserved=282.6/1932.0
2026-04-11 18:46:02 | INFO | [Round 19] Epoch 79/80 time=00:01.83 avg=00:01.80 ETA=00:01.80 | GPU MB alloc/reserved=282.6/1932.0
2026-04-11 18:46:04 | INFO | [Round 19] epoch=80/80 loss=0.0122 acc=100.00 val_acc=nan data_t=0.0015s batch_t=0.0926s epoch_t=00:01.79 lr=0.000010 | GPU MB alloc/reserved=282.6/1932.0
2026-04-11 18:46:04 | INFO | [Round 19] Epoch 80/80 time=00:01.79 avg=00:01.80 ETA=00:00.00 | GPU MB alloc/reserved=282.6/1932.0
2026-04-11 18:46:04 | INFO | [Round 19] training complete in 02:23.96 (best monitor=100.000) | GPU MB alloc/reserved=282.6/1932.0
2026-04-11 18:46:04 | INFO | [Round 19] evaluation started | GPU MB alloc/reserved=194.5/1932.0
2026-04-11 18:46:13 | INFO | [Round 19] clean=22.71 fgsm=16.96 pgd=16.76 grad_disp_mean=nan grad_disp_sel=nan round_t=156.21s | GPU MB alloc/reserved=194.5/1932.0
2026-04-11 18:46:13 | INFO | [Round 20/21] elapsed=02:36.21 avg_round=01:38.90 projected_remaining=01:38.90 | GPU MB alloc/reserved=194.5/1932.0
2026-04-11 18:46:14 | INFO | [Round 20] acquisition on pool_size=47600 scored_pool=5000 budget=100 | GPU MB alloc/reserved=105.6/1932.0
2026-04-11 18:46:15 | INFO | [CoreSet-unlabeled-feat] scoring progress 10/20 elapsed=00:00.23 avg/batch=0.023s ETA=00:00.23 | GPU MB alloc/reserved=113.8/1932.0
2026-04-11 18:46:15 | INFO | [CoreSet-unlabeled-feat] scoring progress 20/20 elapsed=00:00.39 avg/batch=0.020s ETA=00:00.00 | GPU MB alloc/reserved=117.5/1932.0
2026-04-11 18:46:15 | INFO | [CoreSet-labeled-feat] scoring progress 10/10 elapsed=00:00.22 avg/batch=0.022s ETA=00:00.00 | GPU MB alloc/reserved=122.2/1932.0
2026-04-11 18:46:15 | INFO | [CoreSet] greedy 10/100 cover_radius=26.928131 | GPU: n/a
2026-04-11 18:46:15 | INFO | [CoreSet] greedy 20/100 cover_radius=26.767107 | GPU: n/a
2026-04-11 18:46:15 | INFO | [CoreSet] greedy 30/100 cover_radius=26.537092 | GPU: n/a
2026-04-11 18:46:16 | INFO | [CoreSet] greedy 40/100 cover_radius=26.355656 | GPU: n/a
2026-04-11 18:46:16 | INFO | [CoreSet] greedy 50/100 cover_radius=26.265965 | GPU: n/a
2026-04-11 18:46:16 | INFO | [CoreSet] greedy 60/100 cover_radius=26.181593 | GPU: n/a
2026-04-11 18:46:16 | INFO | [CoreSet] greedy 70/100 cover_radius=26.084356 | GPU: n/a
2026-04-11 18:46:16 | INFO | [CoreSet] greedy 80/100 cover_radius=25.996895 | GPU: n/a
2026-04-11 18:46:16 | INFO | [CoreSet] greedy 90/100 cover_radius=25.920357 | GPU: n/a
2026-04-11 18:46:16 | INFO | [CoreSet] greedy 100/100 cover_radius=25.840303 | GPU: n/a
2026-04-11 18:46:17 | INFO | [Round 20] labeled=2500 train=2500 val_fixed=0 | GPU MB alloc/reserved=150.1/1932.0
2026-04-11 18:46:19 | INFO | [Round 20] epoch=1/80 loss=4.6574 acc=1.60 val_acc=nan data_t=0.0097s batch_t=0.1028s epoch_t=00:02.25 lr=0.001000 | GPU MB alloc/reserved=281.2/1932.0
2026-04-11 18:46:19 | INFO | [Round 20] Epoch 1/80 time=00:02.25 avg=00:02.25 ETA=02:57.76 | GPU MB alloc/reserved=281.2/1932.0
2026-04-11 18:46:21 | INFO | [Round 20] epoch=2/80 loss=4.3329 acc=4.04 val_acc=nan data_t=0.0017s batch_t=0.1001s epoch_t=00:02.04 lr=0.000998 | GPU MB alloc/reserved=281.2/1932.0
2026-04-11 18:46:21 | INFO | [Round 20] Epoch 2/80 time=00:02.04 avg=00:02.14 ETA=02:47.17 | GPU MB alloc/reserved=281.2/1932.0
2026-04-11 18:46:23 | INFO | [Round 20] epoch=3/80 loss=4.1739 acc=5.40 val_acc=nan data_t=0.0016s batch_t=0.1013s epoch_t=00:02.06 lr=0.000997 | GPU MB alloc/reserved=281.2/1932.0
2026-04-11 18:46:23 | INFO | [Round 20] Epoch 3/80 time=00:02.06 avg=00:02.11 ETA=02:42.83 | GPU MB alloc/reserved=281.2/1932.0
2026-04-11 18:46:25 | INFO | [Round 20] epoch=4/80 loss=4.0059 acc=7.16 val_acc=nan data_t=0.0017s batch_t=0.1011s epoch_t=00:02.06 lr=0.000994 | GPU MB alloc/reserved=281.2/1932.0
2026-04-11 18:46:25 | INFO | [Round 20] Epoch 4/80 time=00:02.06 avg=00:02.10 ETA=02:39.59 | GPU MB alloc/reserved=281.2/1932.0
2026-04-11 18:46:26 | INFO | [Round 20] epoch=5/80 loss=3.9008 acc=8.64 val_acc=nan data_t=0.0014s batch_t=0.0644s epoch_t=00:01.31 lr=0.000990 | GPU MB alloc/reserved=281.2/1932.0
2026-04-11 18:46:26 | INFO | [Round 20] Epoch 5/80 time=00:01.31 avg=00:01.94 ETA=02:25.71 | GPU MB alloc/reserved=281.2/1932.0
2026-04-11 18:46:28 | INFO | [Round 20] epoch=6/80 loss=3.7765 acc=11.20 val_acc=nan data_t=0.0019s batch_t=0.1031s epoch_t=00:02.10 lr=0.000986 | GPU MB alloc/reserved=281.2/1932.0
2026-04-11 18:46:28 | INFO | [Round 20] Epoch 6/80 time=00:02.10 avg=00:01.97 ETA=02:25.71 | GPU MB alloc/reserved=281.2/1932.0
2026-04-11 18:46:30 | INFO | [Round 20] epoch=7/80 loss=3.6270 acc=12.84 val_acc=nan data_t=0.0025s batch_t=0.0926s epoch_t=00:01.90 lr=0.000981 | GPU MB alloc/reserved=281.2/1932.0
2026-04-11 18:46:30 | INFO | [Round 20] Epoch 7/80 time=00:01.90 avg=00:01.96 ETA=02:23.05 | GPU MB alloc/reserved=281.2/1932.0
2026-04-11 18:46:32 | INFO | [Round 20] epoch=8/80 loss=3.4995 acc=13.72 val_acc=nan data_t=0.0017s batch_t=0.0639s epoch_t=00:01.31 lr=0.000976 | GPU MB alloc/reserved=281.2/1932.0
2026-04-11 18:46:32 | INFO | [Round 20] Epoch 8/80 time=00:01.31 avg=00:01.88 ETA=02:15.26 | GPU MB alloc/reserved=281.2/1932.0
2026-04-11 18:46:33 | INFO | [Round 20] epoch=9/80 loss=3.3747 acc=17.24 val_acc=nan data_t=0.0017s batch_t=0.0890s epoch_t=00:01.81 lr=0.000969 | GPU MB alloc/reserved=281.2/1932.0
2026-04-11 18:46:33 | INFO | [Round 20] Epoch 9/80 time=00:01.81 avg=00:01.87 ETA=02:12.88 | GPU MB alloc/reserved=281.2/1932.0
2026-04-11 18:46:35 | INFO | [Round 20] epoch=10/80 loss=3.2297 acc=19.36 val_acc=nan data_t=0.0014s batch_t=0.0904s epoch_t=00:01.84 lr=0.000962 | GPU MB alloc/reserved=281.2/1932.0
2026-04-11 18:46:35 | INFO | [Round 20] Epoch 10/80 time=00:01.84 avg=00:01.87 ETA=02:10.76 | GPU MB alloc/reserved=281.2/1932.0
2026-04-11 18:46:37 | INFO | [Round 20] epoch=11/80 loss=3.1281 acc=20.40 val_acc=nan data_t=0.0022s batch_t=0.0923s epoch_t=00:01.89 lr=0.000955 | GPU MB alloc/reserved=281.2/1932.0
2026-04-11 18:46:37 | INFO | [Round 20] Epoch 11/80 time=00:01.89 avg=00:01.87 ETA=02:09.03 | GPU MB alloc/reserved=281.2/1932.0
2026-04-11 18:46:39 | INFO | [Round 20] epoch=12/80 loss=3.0232 acc=23.64 val_acc=nan data_t=0.0013s batch_t=0.0928s epoch_t=00:01.88 lr=0.000946 | GPU MB alloc/reserved=281.2/1932.0
2026-04-11 18:46:39 | INFO | [Round 20] Epoch 12/80 time=00:01.88 avg=00:01.87 ETA=02:07.23 | GPU MB alloc/reserved=281.2/1932.0
2026-04-11 18:46:41 | INFO | [Round 20] epoch=13/80 loss=2.8603 acc=26.12 val_acc=nan data_t=0.0016s batch_t=0.0922s epoch_t=00:01.88 lr=0.000937 | GPU MB alloc/reserved=281.2/1932.0
2026-04-11 18:46:41 | INFO | [Round 20] Epoch 13/80 time=00:01.88 avg=00:01.87 ETA=02:05.39 | GPU MB alloc/reserved=281.2/1932.0
2026-04-11 18:46:43 | INFO | [Round 20] epoch=14/80 loss=2.7150 acc=28.64 val_acc=nan data_t=0.0015s batch_t=0.0919s epoch_t=00:01.87 lr=0.000927 | GPU MB alloc/reserved=281.2/1932.0
2026-04-11 18:46:43 | INFO | [Round 20] Epoch 14/80 time=00:01.87 avg=00:01.87 ETA=02:03.50 | GPU MB alloc/reserved=281.2/1932.0
2026-04-11 18:46:45 | INFO | [Round 20] epoch=15/80 loss=2.5845 acc=32.36 val_acc=nan data_t=0.0018s batch_t=0.0928s epoch_t=00:01.89 lr=0.000917 | GPU MB alloc/reserved=281.2/1932.0
2026-04-11 18:46:45 | INFO | [Round 20] Epoch 15/80 time=00:01.89 avg=00:01.87 ETA=02:01.73 | GPU MB alloc/reserved=281.2/1932.0
2026-04-11 18:46:47 | INFO | [Round 20] epoch=16/80 loss=2.4809 acc=33.40 val_acc=nan data_t=0.0018s batch_t=0.0932s epoch_t=00:01.90 lr=0.000905 | GPU MB alloc/reserved=281.2/1932.0
2026-04-11 18:46:47 | INFO | [Round 20] Epoch 16/80 time=00:01.90 avg=00:01.87 ETA=01:59.97 | GPU MB alloc/reserved=281.2/1932.0
2026-04-11 18:46:49 | INFO | [Round 20] epoch=17/80 loss=2.3306 acc=37.40 val_acc=nan data_t=0.0017s batch_t=0.0936s epoch_t=00:01.91 lr=0.000894 | GPU MB alloc/reserved=281.2/1932.0
2026-04-11 18:46:49 | INFO | [Round 20] Epoch 17/80 time=00:01.91 avg=00:01.88 ETA=01:58.22 | GPU MB alloc/reserved=281.2/1932.0
2026-04-11 18:46:50 | INFO | [Round 20] epoch=18/80 loss=2.1926 acc=40.00 val_acc=nan data_t=0.0015s batch_t=0.0929s epoch_t=00:01.89 lr=0.000881 | GPU MB alloc/reserved=281.2/1932.0
2026-04-11 18:46:50 | INFO | [Round 20] Epoch 18/80 time=00:01.89 avg=00:01.88 ETA=01:56.38 | GPU MB alloc/reserved=281.2/1932.0
2026-04-11 18:46:52 | INFO | [Round 20] epoch=19/80 loss=2.0806 acc=43.20 val_acc=nan data_t=0.0021s batch_t=0.0948s epoch_t=00:01.94 lr=0.000868 | GPU MB alloc/reserved=281.2/1932.0
2026-04-11 18:46:52 | INFO | [Round 20] Epoch 19/80 time=00:01.94 avg=00:01.88 ETA=01:54.70 | GPU MB alloc/reserved=281.2/1932.0
2026-04-11 18:46:54 | INFO | [Round 20] epoch=20/80 loss=1.8935 acc=47.28 val_acc=nan data_t=0.0013s batch_t=0.0923s epoch_t=00:01.87 lr=0.000855 | GPU MB alloc/reserved=281.2/1932.0
2026-04-11 18:46:54 | INFO | [Round 20] Epoch 20/80 time=00:01.87 avg=00:01.88 ETA=01:52.80 | GPU MB alloc/reserved=281.2/1932.0
2026-04-11 18:46:56 | INFO | [Round 20] epoch=21/80 loss=1.7901 acc=50.88 val_acc=nan data_t=0.0023s batch_t=0.0929s epoch_t=00:01.90 lr=0.000841 | GPU MB alloc/reserved=281.2/1932.0
2026-04-11 18:46:56 | INFO | [Round 20] Epoch 21/80 time=00:01.90 avg=00:01.88 ETA=01:50.99 | GPU MB alloc/reserved=281.2/1932.0
2026-04-11 18:46:58 | INFO | [Round 20] epoch=22/80 loss=1.6245 acc=54.72 val_acc=nan data_t=0.0023s batch_t=0.0926s epoch_t=00:01.90 lr=0.000826 | GPU MB alloc/reserved=281.2/1932.0
2026-04-11 18:46:58 | INFO | [Round 20] Epoch 22/80 time=00:01.90 avg=00:01.88 ETA=01:49.15 | GPU MB alloc/reserved=281.2/1932.0
2026-04-11 18:47:00 | INFO | [Round 20] epoch=23/80 loss=1.4961 acc=59.12 val_acc=nan data_t=0.0025s batch_t=0.0932s epoch_t=00:01.91 lr=0.000811 | GPU MB alloc/reserved=281.2/1932.0
2026-04-11 18:47:00 | INFO | [Round 20] Epoch 23/80 time=00:01.91 avg=00:01.88 ETA=01:47.35 | GPU MB alloc/reserved=281.2/1932.0
2026-04-11 18:47:02 | INFO | [Round 20] epoch=24/80 loss=1.3554 acc=63.48 val_acc=nan data_t=0.0015s batch_t=0.0934s epoch_t=00:01.90 lr=0.000796 | GPU MB alloc/reserved=281.2/1932.0
2026-04-11 18:47:02 | INFO | [Round 20] Epoch 24/80 time=00:01.90 avg=00:01.88 ETA=01:45.50 | GPU MB alloc/reserved=281.2/1932.0
2026-04-11 18:47:04 | INFO | [Round 20] epoch=25/80 loss=1.2586 acc=65.00 val_acc=nan data_t=0.0021s batch_t=0.0931s epoch_t=00:01.90 lr=0.000780 | GPU MB alloc/reserved=281.2/1932.0
2026-04-11 18:47:04 | INFO | [Round 20] Epoch 25/80 time=00:01.90 avg=00:01.88 ETA=01:43.66 | GPU MB alloc/reserved=281.2/1932.0
2026-04-11 18:47:06 | INFO | [Round 20] epoch=26/80 loss=1.1532 acc=67.64 val_acc=nan data_t=0.0021s batch_t=0.0928s epoch_t=00:01.90 lr=0.000764 | GPU MB alloc/reserved=281.2/1932.0
2026-04-11 18:47:06 | INFO | [Round 20] Epoch 26/80 time=00:01.90 avg=00:01.89 ETA=01:41.80 | GPU MB alloc/reserved=281.2/1932.0
2026-04-11 18:47:08 | INFO | [Round 20] epoch=27/80 loss=0.9834 acc=73.48 val_acc=nan data_t=0.0023s batch_t=0.0934s epoch_t=00:01.91 lr=0.000747 | GPU MB alloc/reserved=281.2/1932.0
2026-04-11 18:47:08 | INFO | [Round 20] Epoch 27/80 time=00:01.91 avg=00:01.89 ETA=01:39.98 | GPU MB alloc/reserved=281.2/1932.0
2026-04-11 18:47:10 | INFO | [Round 20] epoch=28/80 loss=0.8713 acc=77.48 val_acc=nan data_t=0.0020s batch_t=0.0934s epoch_t=00:01.91 lr=0.000730 | GPU MB alloc/reserved=281.2/1932.0
2026-04-11 18:47:10 | INFO | [Round 20] Epoch 28/80 time=00:01.91 avg=00:01.89 ETA=01:38.13 | GPU MB alloc/reserved=281.2/1932.0
2026-04-11 18:47:11 | INFO | [Round 20] epoch=29/80 loss=0.7591 acc=80.76 val_acc=nan data_t=0.0015s batch_t=0.0934s epoch_t=00:01.90 lr=0.000712 | GPU MB alloc/reserved=281.2/1932.0
2026-04-11 18:47:11 | INFO | [Round 20] Epoch 29/80 time=00:01.90 avg=00:01.89 ETA=01:36.26 | GPU MB alloc/reserved=281.2/1932.0
2026-04-11 18:47:13 | INFO | [Round 20] epoch=30/80 loss=0.6621 acc=83.48 val_acc=nan data_t=0.0017s batch_t=0.0932s epoch_t=00:01.90 lr=0.000694 | GPU MB alloc/reserved=281.2/1932.0
2026-04-11 18:47:13 | INFO | [Round 20] Epoch 30/80 time=00:01.90 avg=00:01.89 ETA=01:34.40 | GPU MB alloc/reserved=281.2/1932.0
2026-04-11 18:47:15 | INFO | [Round 20] epoch=31/80 loss=0.5516 acc=87.08 val_acc=nan data_t=0.0015s batch_t=0.0934s epoch_t=00:01.90 lr=0.000676 | GPU MB alloc/reserved=281.2/1932.0
2026-04-11 18:47:15 | INFO | [Round 20] Epoch 31/80 time=00:01.90 avg=00:01.89 ETA=01:32.52 | GPU MB alloc/reserved=281.2/1932.0
2026-04-11 18:47:17 | INFO | [Round 20] epoch=32/80 loss=0.4846 acc=89.08 val_acc=nan data_t=0.0014s batch_t=0.0931s epoch_t=00:01.89 lr=0.000658 | GPU MB alloc/reserved=281.2/1932.0
2026-04-11 18:47:17 | INFO | [Round 20] Epoch 32/80 time=00:01.89 avg=00:01.89 ETA=01:30.64 | GPU MB alloc/reserved=281.2/1932.0
2026-04-11 18:47:19 | INFO | [Round 20] epoch=33/80 loss=0.4111 acc=91.40 val_acc=nan data_t=0.0013s batch_t=0.0803s epoch_t=00:01.63 lr=0.000639 | GPU MB alloc/reserved=281.2/1932.0
2026-04-11 18:47:19 | INFO | [Round 20] Epoch 33/80 time=00:01.63 avg=00:01.88 ETA=01:28.38 | GPU MB alloc/reserved=281.2/1932.0
2026-04-11 18:47:21 | INFO | [Round 20] epoch=34/80 loss=0.3669 acc=93.04 val_acc=nan data_t=0.0017s batch_t=0.1007s epoch_t=00:02.05 lr=0.000621 | GPU MB alloc/reserved=281.2/1932.0
2026-04-11 18:47:21 | INFO | [Round 20] Epoch 34/80 time=00:02.05 avg=00:01.89 ETA=01:26.73 | GPU MB alloc/reserved=281.2/1932.0
2026-04-11 18:47:23 | INFO | [Round 20] epoch=35/80 loss=0.2972 acc=94.20 val_acc=nan data_t=0.0014s batch_t=0.1017s epoch_t=00:02.06 lr=0.000602 | GPU MB alloc/reserved=281.2/1932.0
2026-04-11 18:47:23 | INFO | [Round 20] Epoch 35/80 time=00:02.06 avg=00:01.89 ETA=01:25.07 | GPU MB alloc/reserved=281.2/1932.0
2026-04-11 18:47:25 | INFO | [Round 20] epoch=36/80 loss=0.2597 acc=95.36 val_acc=nan data_t=0.0013s batch_t=0.1013s epoch_t=00:02.05 lr=0.000582 | GPU MB alloc/reserved=281.2/1932.0
2026-04-11 18:47:25 | INFO | [Round 20] Epoch 36/80 time=00:02.05 avg=00:01.89 ETA=01:23.38 | GPU MB alloc/reserved=281.2/1932.0
2026-04-11 18:47:27 | INFO | [Round 20] epoch=37/80 loss=0.2199 acc=96.24 val_acc=nan data_t=0.0020s batch_t=0.1022s epoch_t=00:02.08 lr=0.000563 | GPU MB alloc/reserved=281.2/1932.0
2026-04-11 18:47:27 | INFO | [Round 20] Epoch 37/80 time=00:02.08 avg=00:01.90 ETA=01:21.70 | GPU MB alloc/reserved=281.2/1932.0
2026-04-11 18:47:28 | INFO | [Round 20] epoch=38/80 loss=0.2095 acc=96.32 val_acc=nan data_t=0.0017s batch_t=0.0652s epoch_t=00:01.34 lr=0.000544 | GPU MB alloc/reserved=281.2/1932.0
2026-04-11 18:47:28 | INFO | [Round 20] Epoch 38/80 time=00:01.34 avg=00:01.89 ETA=01:19.18 | GPU MB alloc/reserved=281.2/1932.0
2026-04-11 18:47:31 | INFO | [Round 20] epoch=39/80 loss=0.1830 acc=97.20 val_acc=nan data_t=0.0020s batch_t=0.1018s epoch_t=00:02.08 lr=0.000524 | GPU MB alloc/reserved=281.2/1932.0
2026-04-11 18:47:31 | INFO | [Round 20] Epoch 39/80 time=00:02.08 avg=00:01.89 ETA=01:17.50 | GPU MB alloc/reserved=281.2/1932.0
2026-04-11 18:47:32 | INFO | [Round 20] epoch=40/80 loss=0.1423 acc=98.40 val_acc=nan data_t=0.0014s batch_t=0.0896s epoch_t=00:01.82 lr=0.000505 | GPU MB alloc/reserved=281.2/1932.0
2026-04-11 18:47:32 | INFO | [Round 20] Epoch 40/80 time=00:01.82 avg=00:01.89 ETA=01:15.54 | GPU MB alloc/reserved=281.2/1932.0
2026-04-11 18:47:34 | INFO | [Round 20] epoch=41/80 loss=0.1191 acc=98.44 val_acc=nan data_t=0.0019s batch_t=0.0635s epoch_t=00:01.31 lr=0.000486 | GPU MB alloc/reserved=281.2/1932.0
2026-04-11 18:47:34 | INFO | [Round 20] Epoch 41/80 time=00:01.31 avg=00:01.87 ETA=01:13.10 | GPU MB alloc/reserved=281.2/1932.0
2026-04-11 18:47:35 | INFO | [Round 20] epoch=42/80 loss=0.0950 acc=99.16 val_acc=nan data_t=0.0017s batch_t=0.0874s epoch_t=00:01.78 lr=0.000466 | GPU MB alloc/reserved=281.2/1932.0
2026-04-11 18:47:35 | INFO | [Round 20] Epoch 42/80 time=00:01.78 avg=00:01.87 ETA=01:11.14 | GPU MB alloc/reserved=281.2/1932.0
2026-04-11 18:47:37 | INFO | [Round 20] epoch=43/80 loss=0.0828 acc=99.28 val_acc=nan data_t=0.0022s batch_t=0.0899s epoch_t=00:01.84 lr=0.000447 | GPU MB alloc/reserved=281.2/1932.0
2026-04-11 18:47:37 | INFO | [Round 20] Epoch 43/80 time=00:01.84 avg=00:01.87 ETA=01:09.24 | GPU MB alloc/reserved=281.2/1932.0
2026-04-11 18:47:39 | INFO | [Round 20] epoch=44/80 loss=0.0700 acc=99.48 val_acc=nan data_t=0.0017s batch_t=0.0928s epoch_t=00:01.89 lr=0.000428 | GPU MB alloc/reserved=281.2/1932.0
2026-04-11 18:47:39 | INFO | [Round 20] Epoch 44/80 time=00:01.89 avg=00:01.87 ETA=01:07.38 | GPU MB alloc/reserved=281.2/1932.0
2026-04-11 18:47:41 | INFO | [Round 20] epoch=45/80 loss=0.0651 acc=99.56 val_acc=nan data_t=0.0013s batch_t=0.0928s epoch_t=00:01.88 lr=0.000408 | GPU MB alloc/reserved=281.2/1932.0
2026-04-11 18:47:41 | INFO | [Round 20] Epoch 45/80 time=00:01.88 avg=00:01.87 ETA=01:05.52 | GPU MB alloc/reserved=281.2/1932.0
2026-04-11 18:47:43 | INFO | [Round 20] epoch=46/80 loss=0.0546 acc=99.64 val_acc=nan data_t=0.0015s batch_t=0.0938s epoch_t=00:01.91 lr=0.000389 | GPU MB alloc/reserved=281.2/1932.0
2026-04-11 18:47:43 | INFO | [Round 20] Epoch 46/80 time=00:01.91 avg=00:01.87 ETA=01:03.68 | GPU MB alloc/reserved=281.2/1932.0
2026-04-11 18:47:45 | INFO | [Round 20] epoch=47/80 loss=0.0509 acc=99.72 val_acc=nan data_t=0.0013s batch_t=0.0936s epoch_t=00:01.90 lr=0.000371 | GPU MB alloc/reserved=281.2/1932.0
2026-04-11 18:47:45 | INFO | [Round 20] Epoch 47/80 time=00:01.90 avg=00:01.87 ETA=01:01.82 | GPU MB alloc/reserved=281.2/1932.0
2026-04-11 18:47:47 | INFO | [Round 20] epoch=48/80 loss=0.0433 acc=99.92 val_acc=nan data_t=0.0014s batch_t=0.0929s epoch_t=00:01.89 lr=0.000352 | GPU MB alloc/reserved=281.2/1932.0
2026-04-11 18:47:47 | INFO | [Round 20] Epoch 48/80 time=00:01.89 avg=00:01.87 ETA=00:59.96 | GPU MB alloc/reserved=281.2/1932.0
2026-04-11 18:47:49 | INFO | [Round 20] epoch=49/80 loss=0.0452 acc=99.60 val_acc=nan data_t=0.0014s batch_t=0.0914s epoch_t=00:01.86 lr=0.000334 | GPU MB alloc/reserved=281.2/1932.0
2026-04-11 18:47:49 | INFO | [Round 20] Epoch 49/80 time=00:01.86 avg=00:01.87 ETA=00:58.07 | GPU MB alloc/reserved=281.2/1932.0
2026-04-11 18:47:51 | INFO | [Round 20] epoch=50/80 loss=0.0373 acc=99.80 val_acc=nan data_t=0.0014s batch_t=0.0933s epoch_t=00:01.90 lr=0.000316 | GPU MB alloc/reserved=281.2/1932.0
2026-04-11 18:47:51 | INFO | [Round 20] Epoch 50/80 time=00:01.90 avg=00:01.87 ETA=00:56.21 | GPU MB alloc/reserved=281.2/1932.0
2026-04-11 18:47:52 | INFO | [Round 20] epoch=51/80 loss=0.0337 acc=99.88 val_acc=nan data_t=0.0015s batch_t=0.0934s epoch_t=00:01.90 lr=0.000298 | GPU MB alloc/reserved=281.2/1932.0
2026-04-11 18:47:52 | INFO | [Round 20] Epoch 51/80 time=00:01.90 avg=00:01.87 ETA=00:54.35 | GPU MB alloc/reserved=281.2/1932.0
2026-04-11 18:47:54 | INFO | [Round 20] epoch=52/80 loss=0.0294 acc=99.92 val_acc=nan data_t=0.0015s batch_t=0.0923s epoch_t=00:01.88 lr=0.000280 | GPU MB alloc/reserved=281.2/1932.0
2026-04-11 18:47:54 | INFO | [Round 20] Epoch 52/80 time=00:01.88 avg=00:01.87 ETA=00:52.48 | GPU MB alloc/reserved=281.2/1932.0
2026-04-11 18:47:56 | INFO | [Round 20] epoch=53/80 loss=0.0245 acc=100.00 val_acc=nan data_t=0.0017s batch_t=0.0929s epoch_t=00:01.89 lr=0.000263 | GPU MB alloc/reserved=281.2/1932.0
2026-04-11 18:47:56 | INFO | [Round 20] Epoch 53/80 time=00:01.89 avg=00:01.87 ETA=00:50.61 | GPU MB alloc/reserved=281.2/1932.0
2026-04-11 18:47:58 | INFO | [Round 20] epoch=54/80 loss=0.0247 acc=99.96 val_acc=nan data_t=0.0016s batch_t=0.0939s epoch_t=00:01.91 lr=0.000246 | GPU MB alloc/reserved=281.2/1932.0
2026-04-11 18:47:58 | INFO | [Round 20] Epoch 54/80 time=00:01.91 avg=00:01.88 ETA=00:48.76 | GPU MB alloc/reserved=281.2/1932.0
2026-04-11 18:48:00 | INFO | [Round 20] epoch=55/80 loss=0.0261 acc=99.80 val_acc=nan data_t=0.0015s batch_t=0.0928s epoch_t=00:01.89 lr=0.000230 | GPU MB alloc/reserved=281.2/1932.0
2026-04-11 18:48:00 | INFO | [Round 20] Epoch 55/80 time=00:01.89 avg=00:01.88 ETA=00:46.89 | GPU MB alloc/reserved=281.2/1932.0
2026-04-11 18:48:02 | INFO | [Round 20] epoch=56/80 loss=0.0258 acc=99.92 val_acc=nan data_t=0.0015s batch_t=0.0933s epoch_t=00:01.90 lr=0.000214 | GPU MB alloc/reserved=281.2/1932.0
2026-04-11 18:48:02 | INFO | [Round 20] Epoch 56/80 time=00:01.90 avg=00:01.88 ETA=00:45.02 | GPU MB alloc/reserved=281.2/1932.0
2026-04-11 18:48:04 | INFO | [Round 20] epoch=57/80 loss=0.0241 acc=99.92 val_acc=nan data_t=0.0015s batch_t=0.0933s epoch_t=00:01.90 lr=0.000199 | GPU MB alloc/reserved=281.2/1932.0
2026-04-11 18:48:04 | INFO | [Round 20] Epoch 57/80 time=00:01.90 avg=00:01.88 ETA=00:43.15 | GPU MB alloc/reserved=281.2/1932.0
2026-04-11 18:48:06 | INFO | [Round 20] epoch=58/80 loss=0.0201 acc=100.00 val_acc=nan data_t=0.0038s batch_t=0.0927s epoch_t=00:01.93 lr=0.000184 | GPU MB alloc/reserved=281.2/1932.0
2026-04-11 18:48:06 | INFO | [Round 20] Epoch 58/80 time=00:01.93 avg=00:01.88 ETA=00:41.30 | GPU MB alloc/reserved=281.2/1932.0
2026-04-11 18:48:08 | INFO | [Round 20] epoch=59/80 loss=0.0186 acc=99.92 val_acc=nan data_t=0.0027s batch_t=0.0930s epoch_t=00:01.91 lr=0.000169 | GPU MB alloc/reserved=281.2/1932.0
2026-04-11 18:48:08 | INFO | [Round 20] Epoch 59/80 time=00:01.91 avg=00:01.88 ETA=00:39.43 | GPU MB alloc/reserved=281.2/1932.0
2026-04-11 18:48:10 | INFO | [Round 20] epoch=60/80 loss=0.0195 acc=100.00 val_acc=nan data_t=0.0028s batch_t=0.0917s epoch_t=00:01.89 lr=0.000155 | GPU MB alloc/reserved=281.2/1932.0
2026-04-11 18:48:10 | INFO | [Round 20] Epoch 60/80 time=00:01.89 avg=00:01.88 ETA=00:37.56 | GPU MB alloc/reserved=281.2/1932.0
2026-04-11 18:48:11 | INFO | [Round 20] epoch=61/80 loss=0.0192 acc=100.00 val_acc=nan data_t=0.0016s batch_t=0.0931s epoch_t=00:01.89 lr=0.000142 | GPU MB alloc/reserved=281.2/1932.0
2026-04-11 18:48:11 | INFO | [Round 20] Epoch 61/80 time=00:01.89 avg=00:01.88 ETA=00:35.69 | GPU MB alloc/reserved=281.2/1932.0
2026-04-11 18:48:13 | INFO | [Round 20] epoch=62/80 loss=0.0159 acc=100.00 val_acc=nan data_t=0.0014s batch_t=0.0931s epoch_t=00:01.89 lr=0.000129 | GPU MB alloc/reserved=281.2/1932.0
2026-04-11 18:48:13 | INFO | [Round 20] Epoch 62/80 time=00:01.89 avg=00:01.88 ETA=00:33.81 | GPU MB alloc/reserved=281.2/1932.0
2026-04-11 18:48:15 | INFO | [Round 20] epoch=63/80 loss=0.0167 acc=100.00 val_acc=nan data_t=0.0018s batch_t=0.0928s epoch_t=00:01.89 lr=0.000116 | GPU MB alloc/reserved=281.2/1932.0
2026-04-11 18:48:15 | INFO | [Round 20] Epoch 63/80 time=00:01.89 avg=00:01.88 ETA=00:31.94 | GPU MB alloc/reserved=281.2/1932.0
2026-04-11 18:48:17 | INFO | [Round 20] epoch=64/80 loss=0.0185 acc=100.00 val_acc=nan data_t=0.0017s batch_t=0.0929s epoch_t=00:01.89 lr=0.000105 | GPU MB alloc/reserved=281.2/1932.0
2026-04-11 18:48:17 | INFO | [Round 20] Epoch 64/80 time=00:01.89 avg=00:01.88 ETA=00:30.06 | GPU MB alloc/reserved=281.2/1932.0
2026-04-11 18:48:19 | INFO | [Round 20] epoch=65/80 loss=0.0162 acc=100.00 val_acc=nan data_t=0.0014s batch_t=0.0934s epoch_t=00:01.89 lr=0.000093 | GPU MB alloc/reserved=281.2/1932.0
2026-04-11 18:48:19 | INFO | [Round 20] Epoch 65/80 time=00:01.89 avg=00:01.88 ETA=00:28.19 | GPU MB alloc/reserved=281.2/1932.0
2026-04-11 18:48:21 | INFO | [Round 20] epoch=66/80 loss=0.0163 acc=99.92 val_acc=nan data_t=0.0023s batch_t=0.0936s epoch_t=00:01.92 lr=0.000083 | GPU MB alloc/reserved=281.2/1932.0
2026-04-11 18:48:21 | INFO | [Round 20] Epoch 66/80 time=00:01.92 avg=00:01.88 ETA=00:26.32 | GPU MB alloc/reserved=281.2/1932.0
2026-04-11 18:48:23 | INFO | [Round 20] epoch=67/80 loss=0.0168 acc=99.92 val_acc=nan data_t=0.0018s batch_t=0.0935s epoch_t=00:01.91 lr=0.000073 | GPU MB alloc/reserved=281.2/1932.0
2026-04-11 18:48:23 | INFO | [Round 20] Epoch 67/80 time=00:01.91 avg=00:01.88 ETA=00:24.44 | GPU MB alloc/reserved=281.2/1932.0
2026-04-11 18:48:25 | INFO | [Round 20] epoch=68/80 loss=0.0155 acc=100.00 val_acc=nan data_t=0.0020s batch_t=0.0926s epoch_t=00:01.89 lr=0.000064 | GPU MB alloc/reserved=281.2/1932.0
2026-04-11 18:48:25 | INFO | [Round 20] Epoch 68/80 time=00:01.89 avg=00:01.88 ETA=00:22.56 | GPU MB alloc/reserved=281.2/1932.0
2026-04-11 18:48:27 | INFO | [Round 20] epoch=69/80 loss=0.0144 acc=100.00 val_acc=nan data_t=0.0026s batch_t=0.0923s epoch_t=00:01.90 lr=0.000055 | GPU MB alloc/reserved=281.2/1932.0
2026-04-11 18:48:27 | INFO | [Round 20] Epoch 69/80 time=00:01.90 avg=00:01.88 ETA=00:20.69 | GPU MB alloc/reserved=281.2/1932.0
2026-04-11 18:48:29 | INFO | [Round 20] epoch=70/80 loss=0.0149 acc=100.00 val_acc=nan data_t=0.0014s batch_t=0.0933s epoch_t=00:01.90 lr=0.000048 | GPU MB alloc/reserved=281.2/1932.0
2026-04-11 18:48:29 | INFO | [Round 20] Epoch 70/80 time=00:01.90 avg=00:01.88 ETA=00:18.81 | GPU MB alloc/reserved=281.2/1932.0
2026-04-11 18:48:30 | INFO | [Round 20] epoch=71/80 loss=0.0140 acc=100.00 val_acc=nan data_t=0.0025s batch_t=0.0935s epoch_t=00:01.92 lr=0.000041 | GPU MB alloc/reserved=281.2/1932.0
2026-04-11 18:48:30 | INFO | [Round 20] Epoch 71/80 time=00:01.92 avg=00:01.88 ETA=00:16.93 | GPU MB alloc/reserved=281.2/1932.0
2026-04-11 18:48:32 | INFO | [Round 20] epoch=72/80 loss=0.0155 acc=99.96 val_acc=nan data_t=0.0026s batch_t=0.0924s epoch_t=00:01.90 lr=0.000034 | GPU MB alloc/reserved=281.2/1932.0
2026-04-11 18:48:32 | INFO | [Round 20] Epoch 72/80 time=00:01.90 avg=00:01.88 ETA=00:15.05 | GPU MB alloc/reserved=281.2/1932.0
2026-04-11 18:48:34 | INFO | [Round 20] epoch=73/80 loss=0.0148 acc=100.00 val_acc=nan data_t=0.0027s batch_t=0.0923s epoch_t=00:01.90 lr=0.000029 | GPU MB alloc/reserved=281.2/1932.0
2026-04-11 18:48:34 | INFO | [Round 20] Epoch 73/80 time=00:01.90 avg=00:01.88 ETA=00:13.17 | GPU MB alloc/reserved=281.2/1932.0
2026-04-11 18:48:36 | INFO | [Round 20] epoch=74/80 loss=0.0147 acc=100.00 val_acc=nan data_t=0.0016s batch_t=0.0937s epoch_t=00:01.91 lr=0.000024 | GPU MB alloc/reserved=281.2/1932.0
2026-04-11 18:48:36 | INFO | [Round 20] Epoch 74/80 time=00:01.91 avg=00:01.88 ETA=00:11.29 | GPU MB alloc/reserved=281.2/1932.0
2026-04-11 18:48:38 | INFO | [Round 20] epoch=75/80 loss=0.0135 acc=100.00 val_acc=nan data_t=0.0019s batch_t=0.0928s epoch_t=00:01.89 lr=0.000020 | GPU MB alloc/reserved=281.2/1932.0
2026-04-11 18:48:38 | INFO | [Round 20] Epoch 75/80 time=00:01.89 avg=00:01.88 ETA=00:09.41 | GPU MB alloc/reserved=281.2/1932.0
2026-04-11 18:48:40 | INFO | [Round 20] epoch=76/80 loss=0.0142 acc=100.00 val_acc=nan data_t=0.0014s batch_t=0.0931s epoch_t=00:01.89 lr=0.000016 | GPU MB alloc/reserved=281.2/1932.0
2026-04-11 18:48:40 | INFO | [Round 20] Epoch 76/80 time=00:01.89 avg=00:01.88 ETA=00:07.53 | GPU MB alloc/reserved=281.2/1932.0
2026-04-11 18:48:42 | INFO | [Round 20] epoch=77/80 loss=0.0141 acc=99.96 val_acc=nan data_t=0.0015s batch_t=0.0932s epoch_t=00:01.90 lr=0.000013 | GPU MB alloc/reserved=281.2/1932.0
2026-04-11 18:48:42 | INFO | [Round 20] Epoch 77/80 time=00:01.90 avg=00:01.88 ETA=00:05.65 | GPU MB alloc/reserved=281.2/1932.0
2026-04-11 18:48:44 | INFO | [Round 20] epoch=78/80 loss=0.0143 acc=100.00 val_acc=nan data_t=0.0023s batch_t=0.0932s epoch_t=00:01.91 lr=0.000012 | GPU MB alloc/reserved=281.2/1932.0
2026-04-11 18:48:44 | INFO | [Round 20] Epoch 78/80 time=00:01.91 avg=00:01.88 ETA=00:03.77 | GPU MB alloc/reserved=281.2/1932.0
2026-04-11 18:48:46 | INFO | [Round 20] epoch=79/80 loss=0.0147 acc=100.00 val_acc=nan data_t=0.0021s batch_t=0.0929s epoch_t=00:01.90 lr=0.000010 | GPU MB alloc/reserved=281.2/1932.0
2026-04-11 18:48:46 | INFO | [Round 20] Epoch 79/80 time=00:01.90 avg=00:01.88 ETA=00:01.88 | GPU MB alloc/reserved=281.2/1932.0
2026-04-11 18:48:48 | INFO | [Round 20] epoch=80/80 loss=0.0143 acc=100.00 val_acc=nan data_t=0.0014s batch_t=0.0932s epoch_t=00:01.89 lr=0.000010 | GPU MB alloc/reserved=281.2/1932.0
2026-04-11 18:48:48 | INFO | [Round 20] Epoch 80/80 time=00:01.89 avg=00:01.88 ETA=00:00.00 | GPU MB alloc/reserved=281.2/1932.0
2026-04-11 18:48:48 | INFO | [Round 20] training complete in 02:30.98 (best monitor=100.000) | GPU MB alloc/reserved=281.2/1932.0
2026-04-11 18:48:48 | INFO | [Round 20] evaluation started | GPU MB alloc/reserved=193.8/1932.0
2026-04-11 18:48:57 | INFO | [Round 20] clean=22.30 fgsm=17.12 pgd=17.01 grad_disp_mean=nan grad_disp_sel=nan round_t=162.64s | GPU MB alloc/reserved=193.8/1932.0
2026-04-11 18:48:57 | INFO | [Round 21/21] elapsed=02:42.64 avg_round=01:41.94 projected_remaining=00:00.00 | GPU MB alloc/reserved=193.8/1932.0
2026-04-11 18:48:58 | INFO | Method coreset finished in 2159.37s | GPU MB alloc/reserved=104.5/1932.0
