avg_batch_time_sec,avg_data_time_sec,epoch,epoch_time_sec,lr,round,train_acc,train_loss,val_acc
0.14265102561330423,0.04707102966494858,1,0.7590128378942609,0.000999618372939158,0,0.9999999985098839,5.963214847564697,-1.0
0.011559621489141136,0.014345687755849212,2,0.10376128600910306,0.0009984740801978985,0,2.5999999761581423,4.775749977111817,-1.0
0.011961367505136877,0.010199323995038867,3,0.08884285506792367,0.0009965688861926887,0,3.399999998509884,4.498682624816895,-1.0
0.013896245276555419,0.009386438992805779,4,0.09334212285466492,0.0009939057285945933,0,4.399999952316284,4.408236274719238,-1.0
0.014128640934359282,0.010596523527055979,5,0.09921188396401703,0.0009904887137995992,0,4.7999999731779095,4.334167999267578,-1.0
0.014639888715464622,0.009613699570763856,6,0.09729751595295966,0.00098632311059685,0,7.5999999940395355,4.255619087219238,-1.0
0.015534405538346618,0.009896908712107688,7,0.10197173687629402,0.0009814153420445555,0,6.599999928474427,4.16248408126831,-1.0
0.012132944830227643,0.0096554592018947,8,0.08737766114063561,0.0009757729755661012,0,8.600000035762786,4.029637218475342,-1.0
0.012444758729543537,0.010302878974471241,9,0.09119167202152312,0.0009694047112816298,0,8.599999970197677,3.977642812728882,-1.0
0.012213270063512027,0.010084038716740906,10,0.08944257302209735,0.0009623203685930871,0,9.999999970197678,3.8612299766540525,-1.0
0.013246304006315768,0.010214909969363362,11,0.09410027880221605,0.0009545308710434153,0,11.199999988079071,3.81688747215271,-1.0
0.010753358481451869,0.0133258510613814,12,0.09653045795857906,0.0009460482294732422,0,11.599999904632568,3.77597119140625,-1.0
0.0093810660764575,0.009306166437454522,13,0.07490816805511713,0.0009368855235010348,0,12.999999856948852,3.6586073989868164,-1.0
0.013651646208018064,0.009368492290377617,14,0.09230946586467326,0.0009270568813552758,0,15.60000001192093,3.5854994888305662,-1.0
0.014800223696511239,0.011681027768645436,15,0.10618408513255417,0.0009165774580897602,0,14.59999988079071,3.4735954360961916,-1.0
0.012145888817030936,0.009923373174387962,16,0.08847776893526316,0.0009054634122155992,0,15.800000095367432,3.3921381740570067,-1.0
0.011206943250726908,0.01095757121220231,17,0.08884102199226618,0.0008937318807859689,0,13.800000011920929,3.441524984359741,-1.0
0.013895626761950552,0.01036419573938474,18,0.09728007996454835,0.0008814009529720156,0,17.600000071525574,3.2725081901550293,-1.0
0.013625076273456216,0.010457060008775443,19,0.09655551495961845,0.0008684896421706646,0,18.199999940395355,3.2104655628204344,-1.0
0.009909384767524898,0.00985211372608319,20,0.07920726598240435,0.0008550178566873412,0,20.199999856948853,3.135205368041992,-1.0
0.013381108467001468,0.009563769504893571,21,0.09197651804424822,0.0008410063690388064,0,20.000000023841856,3.1957027645111085,-1.0
0.015476344095077366,0.009835218428634107,22,0.10148931387811899,0.0008264767839234412,0,22.2,3.0363182201385497,-1.0
0.013995178218465298,0.011121324554551393,23,0.10071026696823537,0.000811451504908368,0,21.399999809265136,3.0004782791137696,-1.0
0.014230047236196697,0.011546338733751327,24,0.10335259418934584,0.0007959536998847743,0,25.19999976158142,2.911060308456421,-1.0
0.014264974219258875,0.009921938763000071,25,0.09699676604941487,0.0007800072653447032,0,22.800000023841857,2.9033041019439696,-1.0
0.014691453718114644,0.012379178253468126,26,0.10854061390273273,0.0007636367895343947,0,27.20000002384186,2.7424311294555666,-1.0
0.014363537251483649,0.009910962253343314,27,0.09735643398016691,0.0007468675145409928,0,26.800000190734863,2.72115252494812,-1.0
0.014236852701287717,0.01112087129149586,28,0.1016776158940047,0.0007297252973710758,0,26.600000190734864,2.7714161529541017,-1.0
0.014773248811252415,0.010399983904790133,29,0.10096703097224236,0.0007122365700810271,0,26.999999737739564,2.641387496948242,-1.0
0.014515644987113774,0.011188167263753712,30,0.10315686091780663,0.0006944282990207196,0,28.199999737739564,2.561856134414673,-1.0
0.014704542758408934,0.01006115972995758,31,0.0993672851473093,0.0006763279432533592,0,28.000000047683717,2.607826147079468,-1.0
0.01365662383614108,0.010235185152851045,32,0.09585009794682264,0.0006579634122155992,0,32.80000016689301,2.442900659561157,-1.0
0.013028052693698555,0.006636751058977097,33,0.07895774208009243,0.000639363022683212,0,33.59999990463257,2.473377420425415,-1.0
0.013777657237369567,0.010600134264677763,34,0.09781669406220317,0.0006205554551086735,0,32.39999969005585,2.4105972118377688,-1.0
0.008474683738313615,0.0064776630024425685,35,0.06008149404078722,0.0006015697093979838,0,35.80000004768372,2.271296697616577,-1.0
0.011691625753883272,0.006033653218764812,36,0.07108474080450833,0.0005824350601949146,0,36.5999997138977,2.2876072578430175,-1.0
0.014801182900555432,0.011548804584890604,37,0.1056719368789345,0.0005631810117416299,0,36.19999995231628,2.23112589263916,-1.0
0.014223963487893343,0.011489373282529414,38,0.10319054103456438,0.0005438372523852835,0,36.60000014305115,2.2216023063659667,-1.0
0.01564545201836154,0.009826678258832544,39,0.10221003298647702,0.0005244336088007391,0,37.40000011920929,2.1664453372955323,-1.0
0.014931938261725008,0.010138810786884278,40,0.10063478304073215,0.0005050000000000001,0,42.19999985694885,2.0224542980194093,-1.0
0.013650357315782458,0.011047298437915742,41,0.0990225300192833,0.0004855663911992613,0,40.800000071525574,2.1147369928359985,-1.0
0.00937959348084405,0.010398590005934238,42,0.07924086507409811,0.00046616274761471693,0,41.80000009536743,2.0575620212554933,-1.0
0.013827935268636793,0.010772624984383583,43,0.09857515897601843,0.00044681898825837057,0,41.399999833106996,2.017492784500122,-1.0
0.01507990004029125,0.009667402191553265,44,0.0991995339281857,0.000427564939805086,0,40.00000028610229,2.063417514801025,-1.0
0.014550627558492124,0.010685792192816734,45,0.10121398093178868,0.00040843029060201667,0,46.39999928474426,1.9236444902420045,-1.0
0.013331129041034728,0.011210229713469744,46,0.0984122259542346,0.000389444544891327,0,48.59999983310699,1.8818164596557616,-1.0
0.011829437513370067,0.011597980686929077,47,0.09392015892080963,0.0003706369773167883,0,47.00000023841858,1.8194342451095582,-1.0
0.014965987298637629,0.010737389442510903,48,0.10304766800254583,0.0003520365877844012,0,47.20000042915344,1.8371804761886597,-1.0
0.014630905003286898,0.010494829271920025,49,0.10077137895859778,0.0003336720567466412,0,52.79999978542328,1.7452169179916381,-1.0
0.009118094691075385,0.011118317546788603,50,0.08113469206728041,0.0003155717009792807,0,50.60000019073486,1.740296284675598,-1.0
0.009600261459127069,0.007969034078996629,51,0.07040937012061477,0.00029776342991897335,0,47.000000262260436,1.8025362873077393,-1.0
0.009361634205561131,0.006322278000880033,52,0.0628758289385587,0.00028027470262892445,0,51.59999952316284,1.7585051555633544,-1.0
0.011783716385252774,0.006971192313358188,53,0.07515006000176072,0.0002631324854590073,0,52.6,1.6762364931106568,-1.0
0.014798466523643583,0.010518784227315336,54,0.10147835710085928,0.0002463632104656054,0,51.60000042915344,1.667316674232483,-1.0
0.014414563949685544,0.010303462040610611,55,0.0991224788594991,0.0002299927346552969,0,53.60000042915344,1.6341642894744872,-1.0
0.014822401804849505,0.010898866690695286,56,0.10314078605733812,0.00021404630011522587,0,50.99999976158142,1.6670278873443602,-1.0
0.014324335963465273,0.009621942066587508,57,0.09604331897571683,0.00019854849509163232,0,52.79999978542328,1.6180156860351562,-1.0
0.012508517014794052,0.011413797445129603,58,0.09597296314314008,0.00018352321607655918,0,52.599999284744264,1.7020398797988892,-1.0
0.014470189751591533,0.01123217772692442,59,0.10300546488724649,0.00016899363096119395,0,55.399999952316286,1.5783208045959474,-1.0
0.0102352051762864,0.007649547827895731,60,0.07171813119202852,0.000154982143312659,0,56.400000381469724,1.5369421443939209,-1.0
0.011916282295715064,0.007132899481803179,61,0.07634305511601269,0.0001415103578293356,0,60.19999942779541,1.4812919397354125,-1.0
0.01493855845183134,0.01001379603985697,62,0.10003691911697388,0.0001285990470279847,0,58.400000381469724,1.472891716003418,-1.0
0.013567803020123392,0.010502149991225451,63,0.09656388708390296,0.0001162681192140312,0,59.4000006198883,1.4541111402511597,-1.0
0.012942779692821205,0.012021024303976446,64,0.10016597295179963,0.00010453658778440107,0,59.799999713897705,1.4454254541397096,-1.0
0.014246597478631884,0.01106054347474128,65,0.1015058180782944,9.342254191024022e-05,0,59.799999475479126,1.429845838546753,-1.0
0.014198272256180644,0.012979034218005836,66,0.10901232995092869,8.294311864472437e-05,0,53.60000042915344,1.498192114830017,-1.0
0.013948070292826742,0.011141386930830777,67,0.10065415315330029,7.311447649896551e-05,0,54.2,1.506773003578186,-1.0
0.014006843266543001,0.011022544000297785,68,0.10038820491172373,6.395177052675794e-05,0,56.59999995231628,1.51620600605011,-1.0
0.014400174783077091,0.010765191225800663,69,0.10095547395758331,5.546912895658472e-05,0,56.20000014305115,1.4611218910217285,-1.0
0.014072619087528437,0.009407402947545052,70,0.09418768878094852,4.767963140691306e-05,0,55.99999971389771,1.4647038612365724,-1.0
0.012210986518766731,0.014879905502311885,71,0.10860231495462358,4.059528871837034e-05,0,59.4000006198883,1.5057932176589965,-1.0
0.012537590751890093,0.014151997747831047,72,0.10699457791633904,3.4227024433899e-05,0,57.59999947547912,1.435915044784546,-1.0
0.013328094210010022,0.010374366014730185,73,0.09504511300474405,2.8584657955444653e-05,0,54.80000061988831,1.480652102470398,-1.0
0.015153568529058248,0.006544552743434906,74,0.08697026083245873,2.367688940315011e-05,0,59.59999990463257,1.4282098722457885,-1.0
0.014488251996226609,0.006421593716368079,75,0.08381006796844304,1.951128620040094e-05,0,59.20000014305115,1.4632146062850953,-1.0
0.014578682254068553,0.011128164769615978,76,0.10310042602941394,1.6094271405406862e-05,0,56.60000014305115,1.426573161125183,-1.0
0.014268562488723546,0.010214556765276939,77,0.09822160005569458,1.3431113807311488e-05,0,60.60000057220459,1.4274728927612306,-1.0
0.014247819257434458,0.010013117280323058,78,0.09729006513953209,1.1525919802101659e-05,0,58.000000143051146,1.44113658618927,-1.0
0.014413985540159047,0.010185337741859257,79,0.09865142405033112,1.0381627060842164e-05,0,58.400000381469724,1.405531641960144,-1.0
0.012648078496567905,0.01052070246078074,80,0.09292754181660712,1e-05,0,58.20000042915344,1.3965734519958497,-1.0
0.016952126193791626,0.03345495201647282,1,0.2521817600354552,0.000999618372939158,1,0.16666666666666666,6.602564506530761,-1.0
0.00955665111541748,0.009734490094706416,2,0.09659546497277915,0.0009984740801978985,1,2.833333363135656,5.078968092600505,-1.0
0.014695579232648016,0.008855837769806385,3,0.11797250807285309,0.0009965688861926887,1,3.6666666766007743,4.519542636871338,-1.0
0.01403248617425561,0.00820961599238217,4,0.11147885303944349,0.0009939057285945933,1,4.500000009934108,4.475288880666097,-1.0
0.013873445987701415,0.011649817833676935,5,0.12786310887895525,0.0009904887137995992,1,3.833333343267441,4.415679556528727,-1.0
0.014171470561996103,0.011577262822538615,6,0.12902727187611163,0.00098632311059685,1,5.333333363135655,4.316870142618815,-1.0
0.014364529121667146,0.009362220484763383,7,0.11894492385908961,0.0009814153420445555,1,7.000000099341075,4.258615703582763,-1.0
0.0138572558760643,0.007988058123737573,8,0.10951674496755004,0.0009757729755661012,1,7.166666691501935,4.165799783070882,-1.0
0.008843043027445674,0.010259663965553046,9,0.09574592299759388,0.0009694047112816298,1,8.166666696468988,4.066615006128947,-1.0
0.013703831983730198,0.010088203195482492,10,0.11918909917585552,0.0009623203685930871,1,8.500000029802322,4.019948348999024,-1.0
0.015393183939158917,0.008264824654906988,11,0.11856863996945322,0.0009545308710434153,1,8.499999980131784,3.9636692237854003,-1.0
0.014594183256849646,0.011433261772617697,12,0.13041848596185446,0.0009460482294732422,1,9.000000059604645,3.9309658908843996,-1.0
0.014564312808215619,0.011729362793266774,13,0.131769728846848,0.0009368855235010348,1,8.499999980131784,3.8838940397898356,-1.0
0.013644805690273643,0.010539621114730835,14,0.12121622497215867,0.0009270568813552758,1,10.666666706403097,3.8154024092356362,-1.0
0.015053214551880956,0.008731285482645035,15,0.1192024489864707,0.0009165774580897602,1,12.0,3.7276481215159096,-1.0
0.014234742894768716,0.008786333724856377,16,0.1154127239715308,0.0009054634122155992,1,11.666666766007742,3.6933238824208576,-1.0
0.014243710413575172,0.010963902808725834,17,0.1263600578531623,0.0008937318807859689,1,10.833333373069763,3.6805151335398354,-1.0
0.014973987778648733,0.010078448848798872,18,0.12555832718499005,0.0008814009529720156,1,14.00000019868215,3.6158012040456136,-1.0
0.01465928261168301,0.010451018996536731,19,0.12583202705718577,0.0008684896421706646,1,13.99999996026357,3.5091662724812824,-1.0
0.013854819955304265,0.010610856069251894,20,0.12262469390407205,0.0008550178566873412,1,12.99999996026357,3.4936588414510092,-1.0
0.014972323551774025,0.007827305607497692,21,0.1142231731209904,0.0008410063690388064,1,15.000000019868216,3.4526180171966554,-1.0
0.008310907799750567,0.0054205636028200384,22,0.06879097712226212,0.0008264767839234412,1,18.166666626930237,3.362825028101603,-1.0
0.008613520953804254,0.005940630240365863,23,0.07289376109838486,0.000811451504908368,1,15.500000049670538,3.3863083775838216,-1.0
0.008295112103223801,0.005162831488996744,24,0.06740938778966665,0.0007959536998847743,1,17.833333412806194,3.3583481947580975,-1.0
0.011480097472667695,0.008502977713942528,25,0.10006966814398766,0.0007800072653447032,1,16.33333347241084,3.271376835505168,-1.0
0.01079962900839746,0.0059537375811487435,26,0.08394721406511962,0.0007636367895343947,1,18.666666746139526,3.197365557352702,-1.0
0.013136085635051132,0.005187244154512882,27,0.09182951785624027,0.0007468675145409928,1,19.50000003973643,3.1380883185068766,-1.0
0.014101649168878794,0.011882124235853553,28,0.13018103991635144,0.0007297252973710758,1,20.500000099341076,3.123327579498291,-1.0
0.014424959756433963,0.011405219649896025,29,0.12944281403906643,0.0007122365700810271,1,18.83333345254262,3.1319326718648273,-1.0
0.013950645457953215,0.00911660837009549,30,0.11562596308067441,0.0006944282990207196,1,20.500000139077503,3.0726257356007896,-1.0
0.01485470519401133,0.012212121998891235,31,0.13560834806412458,0.0006763279432533592,1,21.666666706403095,3.0389451440175375,-1.0
0.014046274963766337,0.005483611626550556,32,0.09790691803209484,0.0006579634122155992,1,21.333333293596905,2.9810551325480144,-1.0
0.011517569981515407,0.007589537650346756,33,0.09572269790805876,0.000639363022683212,1,23.666666626930237,2.9511275100708008,-1.0
0.013274761382490396,0.00790276462212205,34,0.10610470501706004,0.0006205554551086735,1,23.166666746139526,2.894881118138631,-1.0
0.011447400785982609,0.008248061779886484,35,0.09872334217652678,0.0006015697093979838,1,22.166666865348816,2.9056830183664957,-1.0
0.011265520192682742,0.009091152437031269,36,0.10196993313729763,0.0005824350601949146,1,26.166666825612385,2.874583479563395,-1.0
0.011383956018835305,0.00860310518182814,37,0.10012016305699944,0.0005631810117416299,1,26.833333293596905,2.8768112309773763,-1.0
0.012442843755707145,0.010796730034053325,38,0.11638276581652462,0.0005438372523852835,1,24.666666944821674,2.8103396193186443,-1.0
0.013643351243808865,0.008405168959870934,39,0.11045997706241906,0.0005244336088007391,1,25.833333611488342,2.7505942153930665,-1.0
0.013586267782375216,0.01053709164261818,40,0.12086878507398069,0.0005050000000000001,1,26.833333333333332,2.725378793080648,-1.0
0.013808040227741004,0.009223748557269573,41,0.11540954886004329,0.0004855663911992613,1,29.00000011920929,2.6954045486450195,-1.0
0.013940854603424669,0.00750034018419683,42,0.10748199699446559,0.00046616274761471693,1,28.333333373069763,2.6784407901763916,-1.0
0.014631472947075962,0.006813085079193116,43,0.10748968902043998,0.00044681898825837057,1,30.333333333333332,2.64272100130717,-1.0
0.014182627154514193,0.0076402432285249235,44,0.10937245818786323,0.000427564939805086,1,31.333333333333332,2.607478068669637,-1.0
0.008597228862345218,0.0073587137274444105,45,0.07997386297211051,0.00040843029060201667,1,30.166666626930237,2.5700809319814044,-1.0
0.009861856326460838,0.008599293837323784,46,0.09245638595893979,0.000389444544891327,1,33.16666694482168,2.5446020571390786,-1.0
0.011470040772110224,0.007885975390672683,47,0.09699151781387627,0.0003706369773167883,1,31.833333253860474,2.436572167078654,-1.0
0.010822789464145898,0.009386380342766643,48,0.10119699500501156,0.0003520365877844012,1,32.50000011920929,2.4349590587615966,-1.0
0.013049259642139077,0.008382262755185365,49,0.10733834188431501,0.0003336720567466412,1,32.50000031789144,2.467335068384806,-1.0
0.013244503969326615,0.010026100464165211,50,0.1166103279683739,0.0003155717009792807,1,34.166666984558105,2.4175725682576497,-1.0
0.012847403436899186,0.009603435359895229,51,0.11250774399377406,0.00029776342991897335,1,34.50000019868215,2.440518096288045,-1.0
0.01253283997066319,0.005678558023646474,52,0.09130717488005757,0.00028027470262892445,1,31.49999992052714,2.4494679673512776,-1.0
0.013807306718081235,0.007109120488166809,53,0.10480877500958741,0.0002631324854590073,1,34.500000397364296,2.3538283189137776,-1.0
0.013347900984808803,0.009457662981003524,54,0.11423937696963549,0.0002463632104656054,1,34.16666694482168,2.354100052515666,-1.0
0.013377673598006368,0.006959055177867412,55,0.10193411982618272,0.0002299927346552969,1,36.50000007947286,2.349557377497355,-1.0
0.014354441966861486,0.0076201156247407194,56,0.11012690793722868,0.00021404630011522587,1,35.49999996026357,2.360015427271525,-1.0
0.014908766420558096,0.007975014811381697,57,0.1146853941027075,0.00019854849509163232,1,38.166666746139526,2.2636419264475505,-1.0
0.014848568150773645,0.010267968475818633,58,0.12585892691276968,0.00018352321607655918,1,36.50000015894572,2.3129180908203124,-1.0
0.014801862183958292,0.011036832025274635,59,0.12948799296282232,0.00016899363096119395,1,39.166666666666664,2.241679458618164,-1.0
0.014916585758328438,0.010524585004895925,60,0.12749763205647469,0.000154982143312659,1,38.5,2.255214236577352,-1.0
0.014823013963177801,0.011185869248583913,61,0.13033479009754956,0.0001415103578293356,1,37.00000027815501,2.261473067601522,-1.0
0.009467996656894684,0.008695483766496181,62,0.09103248408064246,0.0001285990470279847,1,36.50000007947286,2.3013719018300374,-1.0
0.009143122378736735,0.005894084414467216,63,0.07530763512477279,0.0001162681192140312,1,37.83333361148834,2.2486293506622315,-1.0
0.01062350459396839,0.008499023830518126,64,0.09575762902386487,0.00010453658778440107,1,37.333333571751915,2.2600250816345215,-1.0
0.012214005133137107,0.01005214722827077,65,0.11154709500260651,9.342254191024022e-05,1,37.66666706403097,2.2407260195414227,-1.0
0.011234165169298649,0.007588149653747678,66,0.09433721308596432,8.294311864472437e-05,1,39.83333353201548,2.197696517308553,-1.0
0.011470920080319047,0.008844266505911946,67,0.10176147101446986,7.311447649896551e-05,1,36.83333365122477,2.223461214701335,-1.0
0.011587617080658674,0.0076407901477068664,68,0.09632526990026236,6.395177052675794e-05,1,37.33333353201548,2.2310256067911785,-1.0
0.011975245224311948,0.007323156576603651,69,0.09667945001274347,5.546912895658472e-05,1,39.833333571751915,2.168995574315389,-1.0
0.013690443756058813,0.010095322225242852,70,0.11916427221149206,4.767963140691306e-05,1,40.666666865348816,2.1574705918629964,-1.0
0.013161664037033916,0.010510147176682949,71,0.11861230502836406,4.059528871837034e-05,1,36.83333353201548,2.1975928592681884,-1.0
0.013803244382143021,0.005446959426626563,72,0.09650412807241082,3.4227024433899e-05,1,36.66666662693024,2.2207826137542725,-1.0
0.012263376731425524,0.010732708452269434,73,0.11523119104094803,2.8584657955444653e-05,1,39.666666666666664,2.2139606348673504,-1.0
0.011994346138089895,0.010115377884358168,74,0.11079901386983693,2.367688940315011e-05,1,40.666666865348816,2.135684153238932,-1.0
0.013182280818000436,0.009311476163566113,75,0.11274647014215589,1.951128620040094e-05,1,38.833333333333336,2.195315802892049,-1.0
0.011576459975913167,0.008019767794758081,76,0.09823101409710944,1.6094271405406862e-05,1,39.0,2.1750391133626303,-1.0
0.010476124426349997,0.008268674556165933,77,0.09391267714090645,1.3431113807311488e-05,1,40.00000003973643,2.1333478355407713,-1.0
0.012926523806527257,0.011036529624834656,78,0.12001312314532697,1.1525919802101659e-05,1,40.16666682561239,2.1568257745107013,-1.0
0.011166600370779633,0.008704593218863011,79,0.09958086418919265,1.0381627060842164e-05,1,41.500000397364296,2.1468666934967042,-1.0
0.013338228221982718,0.008304446376860142,80,0.10842316690832376,1e-05,1,38.99999992052714,2.176338539123535,-1.0
0.012771131820045412,0.03244940882238249,1,0.2714657869655639,0.000999618372939158,2,1.0,5.497455354418073,-1.0
0.01016999501734972,0.00560627532346795,2,0.09481564885936677,0.0009984740801978985,2,3.1428571811744144,4.571256986345563,-1.0
0.009769630036316812,0.006728826789185405,3,0.0990973711013794,0.0009965688861926887,2,5.000000038317272,4.4062995447431295,-1.0
0.013148443462948004,0.007506117379913728,4,0.12408719398081303,0.0009939057285945933,2,5.714285744088037,4.318266966683524,-1.0
0.01434279054713746,0.009000027629857263,5,0.14030710398219526,0.0009904887137995992,2,6.285714324031558,4.2482292992728095,-1.0
0.009366126342987021,0.006964585976675153,6,0.09812625590711832,0.00098632311059685,2,7.285714307001659,4.1467341096060615,-1.0
0.014564906363375485,0.009243552495415011,7,0.1430294099263847,0.0009814153420445555,2,8.142857164144516,4.072548483439855,-1.0
0.014429969169820348,0.008341947492832938,8,0.13686244515702128,0.0009757729755661012,2,6.857142895460129,4.049864681788853,-1.0
0.014242989166329304,0.007255290014048417,9,0.12919660517945886,0.0009694047112816298,2,7.7142857526029855,3.897798219408308,-1.0
0.014667127669478456,0.009041050992285212,10,0.1425577939953655,0.0009623203685930871,2,10.142857202461787,3.875646265574864,-1.0
0.014201181785513958,0.009366249393982192,11,0.14165801578201354,0.0009545308710434153,2,10.000000029802322,3.814519386291504,-1.0
0.014148194342851639,0.009251604322344065,12,0.14065227005630732,0.0009460482294732422,2,10.285714328289032,3.7135302761622837,-1.0
0.013984640478156507,0.006699401031558712,13,0.12434749398380518,0.0009368855235010348,2,11.428571471146174,3.6652978597368513,-1.0
0.014210709370672703,0.009587407461367548,14,0.14303743303753436,0.0009270568813552758,2,11.857142925262451,3.6387546116965157,-1.0
0.011808245171171924,0.009317202493548393,15,0.12698452291078866,0.0009165774580897602,2,12.28571435383388,3.5767417621612547,-1.0
0.015033464374331137,0.00957791010538737,16,0.14792168606072664,0.0009054634122155992,2,14.000000042574746,3.512339918954032,-1.0
0.014999181497842073,0.007438751674878101,17,0.13494118815287948,0.0008937318807859689,2,15.571428631033216,3.4234786197117395,-1.0
0.012425307184457779,0.008253160980530083,18,0.12430616095662117,0.0008814009529720156,2,14.714285773890358,3.3946766430991038,-1.0
0.015367693539398411,0.006957984801071386,19,0.13419097498990595,0.0008684896421706646,2,16.428571496691024,3.3762775571005683,-1.0
0.013654990354552865,0.010115473143135508,20,0.14290058705955744,0.0008550178566873412,2,16.857142976352147,3.273374365397862,-1.0
0.014269652660004795,0.008333427676310142,21,0.13590091513469815,0.0008410063690388064,2,16.571428592715943,3.293435660770961,-1.0
0.01496709231287241,0.010991713342567285,22,0.15605269302614033,0.0008264767839234412,2,18.14285728761128,3.2693711689540317,-1.0
0.01336357583447049,0.008539367699995637,23,0.131654255092144,0.000811451504908368,2,17.71428575686046,3.217740135192871,-1.0
0.014724116461972395,0.009996211195054153,24,0.1485534820239991,0.0007959536998847743,2,19.285714430468424,3.12275707926069,-1.0
0.01525700775285562,0.007384066237136722,25,0.13612202601507306,0.0007800072653447032,2,20.71428577389036,3.0774686922345844,-1.0
0.015655743385044236,0.010069684435923895,26,0.15465591102838516,0.0007636367895343947,2,21.000000136239187,2.965298543657575,-1.0
0.014294162664252022,0.008336595686463019,27,0.13606033311225474,0.0007468675145409928,2,20.28571434531893,3.06765093258449,-1.0
0.014576048008166254,0.01037563783271859,28,0.149997505126521,0.0007297252973710758,2,24.428571573325566,2.9160586139133997,-1.0
0.011664243997074664,0.00940043933223933,29,0.12665679189376533,0.0007122365700810271,2,21.714285850524902,2.93161639213562,-1.0
0.014528047836696109,0.009900127343523005,30,0.14684762805700302,0.0006944282990207196,2,21.857142857142858,2.9632392256600517,-1.0
0.014405542674163977,0.00865821602443854,31,0.13866399298422039,0.0006763279432533592,2,27.14285738127572,2.819533346721104,-1.0
0.014195438008755445,0.00911708800898244,32,0.14014593185856938,0.0006579634122155992,2,26.714285918644496,2.7188528851100378,-1.0
0.014403945261922976,0.007014018716290593,33,0.1287873717956245,0.000639363022683212,2,25.14285728761128,2.7946334416525707,-1.0
0.014878394198603928,0.009527150463933745,34,0.1467112440150231,0.0006205554551086735,2,27.14285717691694,2.775709923335484,-1.0
0.014643445999051133,0.009948836639523506,35,0.14783112984150648,0.0006015697093979838,2,28.857142993382045,2.628090252195086,-1.0
0.013074285816401243,0.00985221719990174,36,0.13781936815939844,0.0005824350601949146,2,29.857143010411942,2.621212990624564,-1.0
0.01423095935024321,0.007775791299839814,37,0.13230994693003595,0.0005631810117416299,2,29.71428585903985,2.6117720345088413,-1.0
0.013679426667901376,0.010460555165385207,38,0.14511718600988388,0.0005438372523852835,2,29.285714507102966,2.606961327961513,-1.0
0.009458928368985653,0.00817853247281164,39,0.10602640802972019,0.0005244336088007391,2,31.571428656578064,2.513992475782122,-1.0
0.014706012637664875,0.00656400469597429,40,0.12781912204809487,0.0005050000000000001,2,31.42857153075082,2.5185151549748013,-1.0
0.014725426522394022,0.0067245369621862965,41,0.12898996588774025,0.0004855663911992613,2,32.14285736424582,2.4923286206381663,-1.0
0.014244262633534769,0.007307495068137844,42,0.1295845650602132,0.00046616274761471693,2,32.285714507102966,2.5077058601379396,-1.0
0.0145186921969677,0.009320529294200242,43,0.14326942898333073,0.00044681898825837057,2,32.00000010217939,2.4301293550218857,-1.0
0.014087224301571647,0.007297761660690109,44,0.12853420292958617,0.000427564939805086,2,37.000000306538176,2.355014341899327,-1.0
0.014496617523642877,0.010381543155138692,45,0.14952117204666138,0.00040843029060201667,2,35.14285734721592,2.384490270614624,-1.0
0.014369383493127922,0.00903260315923641,46,0.1406676631886512,0.000389444544891327,2,37.14285741533552,2.265506022998265,-1.0
0.014230951007145146,0.009186669175202647,47,0.1407585390843451,0.0003706369773167883,2,37.7142859186445,2.274655023302351,-1.0
0.01447745719148467,0.007631429781516393,48,0.13290721201337874,0.0003520365877844012,2,37.28571447304317,2.2855157375335695,-1.0
0.012137797971566519,0.0063307625241577625,49,0.11106532393023372,0.0003336720567466412,2,37.42857161590031,2.243987898145403,-1.0
0.01401199163713803,0.00864576556098958,50,0.13619840098544955,0.0003155717009792807,2,40.7142858675548,2.210906287602016,-1.0
0.014834079231756428,0.00931507806914548,51,0.1451473319903016,0.00029776342991897335,2,33.71428579943521,2.244846068790981,-1.0
0.014393092482350767,0.01001230200442175,52,0.1466887800488621,0.00028027470262892445,2,37.00000022138868,2.2109997544969833,-1.0
0.01408181432634592,0.010321059497073293,53,0.1466710229869932,0.0002631324854590073,2,38.857142959322246,2.173377903529576,-1.0
0.01379279668132464,0.007933099986985326,54,0.13060884992592037,0.0002463632104656054,2,41.00000018732889,2.13321816444397,-1.0
0.013933238845008114,0.00641554551354299,55,0.12237972603179514,0.0002299927346552969,2,44.57142884390695,2.039603297369821,-1.0
0.013650952527920404,0.008456594155480465,56,0.13289555488154292,0.00021404630011522587,2,40.57142886093685,2.1273481321334837,-1.0
0.01377281965687871,0.007221533179593583,57,0.12621829519048333,0.00019854849509163232,2,41.7142859356744,2.1020529106685095,-1.0
0.014178828219883144,0.0065215461266537504,58,0.12447533383965492,0.00018352321607655918,2,43.00000017029898,2.037259255817958,-1.0
0.014255327521823347,0.008745763955327371,59,0.13827955699525774,0.00016899363096119395,2,39.42857151372092,2.1138303470611572,-1.0
0.014689100712227324,0.006679509300738573,60,0.1284700168762356,0.000154982143312659,2,43.57142867360796,1.994014024053301,-1.0
0.013974254756855467,0.009086841406921545,61,0.138617143034935,0.0001415103578293356,2,44.00000028950827,1.9879105193274362,-1.0
0.014335659914650023,0.005154827570853134,62,0.1172039860393852,0.0001285990470279847,2,47.57142867360796,2.004786698477609,-1.0
0.014187539306779703,0.006088020512834191,63,0.1219278599601239,0.0001162681192140312,2,43.142857449395315,2.0039802980422974,-1.0
0.01501231132230411,0.006950475197906296,64,0.1320274039171636,0.00010453658778440107,2,41.14285724503653,2.0142887565067835,-1.0
0.014956252300180495,0.0069990445238848524,65,0.13199101015925407,9.342254191024022e-05,2,44.000000085149495,2.0049915368216378,-1.0
0.014588491680721441,0.008815354318358004,66,0.14065690711140633,8.294311864472437e-05,2,42.57142884390695,1.990300384249006,-1.0
0.015134118652592102,0.008781041523131231,67,0.14376768609508872,7.311447649896551e-05,2,44.4285717351096,1.9594464015960693,-1.0
0.015023102440560857,0.007795335220483442,68,0.13719929894432425,6.395177052675794e-05,2,45.428571581840515,1.9808416564123972,-1.0
0.015024931674512724,0.009265413663039604,69,0.1460367541294545,5.546912895658472e-05,2,39.28571435383388,2.0303196021488734,-1.0
0.014325973500187198,0.007844572498773536,70,0.13329591392539442,4.767963140691306e-05,2,45.14285743236542,1.9325680201394217,-1.0
0.015127405213812986,0.004500367795117199,71,0.11803614208474755,4.059528871837034e-05,2,41.857143010411946,1.9638495097841535,-1.0
0.015209938632324338,0.006577468515994648,72,0.13101335591636598,3.4227024433899e-05,2,45.14285736424582,1.979199844087873,-1.0
0.014682135273081562,0.010089155208940307,73,0.14890742185525596,2.8584657955444653e-05,2,47.42857163293021,1.9191617243630545,-1.0
0.015283936130193373,0.009656564565375447,74,0.14988464605994523,2.367688940315011e-05,2,48.000000153269085,1.925672631263733,-1.0
0.013131179148331285,0.007906360008443395,75,0.12644902989268303,1.951128620040094e-05,2,46.14285724503653,1.9034254687173027,-1.0
0.013726664163793126,0.006625131471082568,76,0.1223467281088233,1.6094271405406862e-05,2,46.857143010411946,1.9296321092333113,-1.0
0.01339168935858955,0.008986757990593711,77,0.13449429906904697,1.3431113807311488e-05,2,48.28571457522256,1.879902582168579,-1.0
0.013918987552945813,0.01031740044709295,78,0.1456806210335344,1.1525919802101659e-05,2,46.14285751751491,1.9198605353491647,-1.0
0.01395576746047785,0.008823089340391258,79,0.1369483529124409,1.0381627060842164e-05,2,46.57142874172756,1.9255038860866,-1.0
0.012418677060243985,0.006917536142282188,80,0.11629019700922072,1e-05,2,45.7142859186445,1.9299578298841205,-1.0
0.013438476050006492,0.028663548374814645,1,0.29485096503049135,0.000999618372939158,3,1.625,5.42995849609375,-1.0
0.010141794769359487,0.004900677395718438,2,0.10543199605308473,0.0009984740801978985,3,2.625,4.6047705078125,-1.0
0.013922655256465077,0.006481607743938055,3,0.1430455839727074,0.0009965688861926887,3,3.0,4.53336669921875,-1.0
0.011101835241009082,0.008423902194148727,4,0.1368817228358239,0.0009939057285945933,3,4.875,4.45688720703125,-1.0
0.013284343760460615,0.006479998085913914,5,0.13854689709842205,0.0009904887137995992,3,4.25,4.3918545532226565,-1.0
0.014654661295935512,0.00697745312936604,6,0.15166755486279726,0.00098632311059685,3,4.75,4.321605224609375,-1.0
0.014690084150061011,0.006166849551456315,7,0.14628673810511827,0.0009814153420445555,3,6.5,4.237001342773437,-1.0
0.014858246282009142,0.008800468839971083,8,0.16587788588367403,0.0009757729755661012,3,5.875,4.154404907226563,-1.0
0.014704417370791947,0.008309200339551483,9,0.1613661888986826,0.0009694047112816298,3,6.375,4.101844177246094,-1.0
0.014070618032876934,0.008091875119134784,10,0.1553881971631199,0.0009623203685930871,3,7.375,4.036329956054687,-1.0
0.014477043678717954,0.006091566889413765,11,0.14426249591633677,0.0009545308710434153,3,7.125,3.962423095703125,-1.0
0.01331984527808215,0.00714754087052175,12,0.1434932539705187,0.0009460482294732422,3,9.375,3.937286071777344,-1.0
0.01506480701001627,0.00849729057933603,13,0.16514801210723817,0.0009368855235010348,3,8.875,3.882899169921875,-1.0
0.014393245967637216,0.006880945459540401,14,0.14919170807115734,0.0009270568813552758,3,9.125,3.8358154296875,-1.0
0.014696020566459213,0.005797290010377765,15,0.1437084071803838,0.0009165774580897602,3,10.0,3.8082150268554686,-1.0
0.014160683278792672,0.006556090566196612,16,0.14527198811993003,0.0009054634122155992,3,9.25,3.7328457641601562,-1.0
0.01423303856115256,0.005912997593571033,17,0.14126968407072127,0.0008937318807859689,3,10.75,3.748762512207031,-1.0
0.014408869169918554,0.007386233823906098,18,0.1528135419357568,0.0008814009529720156,3,12.5,3.6544284057617187,-1.0
0.015061769667746765,0.009874291185821806,19,0.17480411287397146,0.0008684896421706646,3,10.75,3.638502197265625,-1.0
0.014215216007349747,0.006476684706285596,20,0.1451110269408673,0.0008550178566873412,3,13.25,3.5851345825195313,-1.0
0.014316562097519636,0.00846381761532809,21,0.1597235589288175,0.0008410063690388064,3,12.125,3.5410165405273437,-1.0
0.014274022541940212,0.008520425463627492,22,0.15982181602157652,0.0008264767839234412,3,13.0,3.5290869140625,-1.0
0.014146650575899653,0.00732510387232261,23,0.15055719204246998,0.000811451504908368,3,13.625,3.4694144439697268,-1.0
0.014495265670120716,0.009468311776540108,24,0.16800259705632925,0.0007959536998847743,3,15.875,3.4371133422851563,-1.0
0.014216310710513167,0.008425996572311436,25,0.15877060196362436,0.0007800072653447032,3,13.625,3.4325242614746094,-1.0
0.01419909211939999,0.008298849021749837,26,0.15777990804053843,0.0007636367895343947,3,14.5,3.4124176025390627,-1.0
0.0137579286071871,0.006704241103891816,27,0.14342194702476263,0.0007468675145409928,3,14.625,3.415096664428711,-1.0
0.014353872243581074,0.008078902760254485,28,0.15720455697737634,0.0007297252973710758,3,18.375,3.3152294921875,-1.0
0.01419205145378198,0.008526465689231242,29,0.15928150690160692,0.0007122365700810271,3,16.375,3.2687646484375,-1.0
0.014018255385703273,0.006853670746620212,30,0.14635066292248666,0.0006944282990207196,3,19.75,3.188235321044922,-1.0
0.014271816571376153,0.005747047884921942,31,0.14038298605009913,0.0006763279432533592,3,18.125,3.1663441467285156,-1.0
0.014012993147064532,0.008625030717147248,32,0.1587170921266079,0.0006579634122155992,3,20.5,3.141038055419922,-1.0
0.01443407784349152,0.009246079284431679,33,0.16601134510710835,0.000639363022683212,3,19.625,3.1321929931640624,-1.0
0.013478539850828903,0.009026378692526902,34,0.15782217192463577,0.0006205554551086735,3,17.875,3.106996612548828,-1.0
0.014139666222035885,0.008657259933118309,35,0.15987641806714237,0.0006015697093979838,3,20.375,3.0644373321533203,-1.0
0.014495122279705746,0.00794705529032009,36,0.1573493741452694,0.0005824350601949146,3,19.0,3.039583740234375,-1.0
0.014211851039103099,0.005981601974261659,37,0.14163333899341524,0.0005631810117416299,3,20.625,3.041203804016113,-1.0
0.013858120256502713,0.008704868145287037,38,0.15816990286111832,0.0005438372523852835,3,21.5,3.01609806060791,-1.0
0.010842857383457678,0.009602272450657827,39,0.14333612914197147,0.0005244336088007391,3,19.875,3.0441468811035155,-1.0
0.014627895683848433,0.006409752914415938,40,0.14746813592500985,0.0005050000000000001,3,22.375,2.955703811645508,-1.0
0.014739731759099024,0.006202054675668478,41,0.14680923894047737,0.0004855663911992613,3,22.5,2.954490966796875,-1.0
0.012871170017336096,0.007509777854595866,42,0.14286170713603497,0.00046616274761471693,3,23.375,2.895009231567383,-1.0
0.01492709796210485,0.0065154526050069505,43,0.15034631686285138,0.00044681898825837057,3,24.25,2.914869689941406,-1.0
0.014010721119120717,0.007008472756881799,44,0.14738429081626236,0.000427564939805086,3,22.5,2.8357948303222655,-1.0
0.01398794589165066,0.006443971368883338,45,0.14320773584768176,0.00040843029060201667,3,25.5,2.8643252563476564,-1.0
0.009842960030904837,0.00830237437704844,46,0.12717107217758894,0.000389444544891327,3,25.125,2.898285903930664,-1.0
0.01355502029348697,0.00693739897438458,47,0.1436796730849892,0.0003706369773167883,3,23.875,2.824155082702637,-1.0
0.013802179002336093,0.008809554024732538,48,0.1585332560352981,0.0003520365877844012,3,24.75,2.803866424560547,-1.0
0.014646013999091727,0.0059086598588952,49,0.14413661789149046,0.0003336720567466412,3,24.0,2.7479415130615235,-1.0
0.013022412645763584,0.008884473371186427,50,0.15361306793056428,0.0003155717009792807,3,25.375,2.757730598449707,-1.0
0.009396332815023405,0.006019130748297487,51,0.10808614105917513,0.00029776342991897335,3,25.75,2.7045530700683593,-1.0
0.010331647670162576,0.00617432890326849,52,0.11569539597257972,0.00028027470262892445,3,26.125,2.723055992126465,-1.0
0.00849551650961595,0.005529826773064477,53,0.09831898496486247,0.0002631324854590073,3,25.875,2.760339660644531,-1.0
0.00802964111790061,0.005626647899459515,54,0.0957245898898691,0.0002463632104656054,3,28.0,2.665683135986328,-1.0
0.009362667798995972,0.006303041774247374,55,0.10981384804472327,0.0002299927346552969,3,29.125,2.64634765625,-1.0
0.010816952878875392,0.005421126959845424,56,0.11384373297914863,0.00021404630011522587,3,27.875,2.6231170654296876,-1.0
0.008439505472779274,0.005913564236834645,57,0.10060941404663026,0.00019854849509163232,3,26.5,2.6540225982666015,-1.0
0.009643005173919457,0.005981206694351775,58,0.10947003401815891,0.00018352321607655918,3,25.5,2.6528930282592773,-1.0
0.01223802799358964,0.00860792341908174,59,0.14610445406287909,0.00016899363096119395,3,29.25,2.641315040588379,-1.0
0.010016067951385463,0.005538140456857426,60,0.10914375400170684,0.000154982143312659,3,29.875,2.5647600173950194,-1.0
0.00805373040826193,0.006776403735524842,61,0.1039511188864708,0.0001415103578293356,3,30.0,2.617350387573242,-1.0
0.008349764027765818,0.006398189812898636,62,0.10333723900839686,0.0001285990470279847,3,30.625,2.5927000045776367,-1.0
0.014135073304974608,0.006891043690432396,63,0.1473352168686688,0.0001162681192140312,3,28.625,2.5914815139770506,-1.0
0.014332720377881612,0.0068088908945875505,64,0.14821505383588374,0.00010453658778440107,3,31.0,2.5223387908935546,-1.0
0.014224694443068333,0.008918068005836435,65,0.16227242606692016,9.342254191024022e-05,3,30.0,2.547443962097168,-1.0
0.013040571440277355,0.008100243118990744,66,0.14824318699538708,8.294311864472437e-05,3,31.0,2.5303087997436524,-1.0
0.010245175300432103,0.0059409652770097765,67,0.11350220208987594,7.311447649896551e-05,3,30.875,2.5642409896850586,-1.0
0.012684377708605357,0.00784761072801692,68,0.1438769290689379,6.395177052675794e-05,3,27.75,2.607246742248535,-1.0
0.01447831732886178,0.007313596384067621,69,0.15276798186823726,5.546912895658472e-05,3,33.125,2.462554054260254,-1.0
0.01013831830849605,0.004576933703252247,70,0.10320987878367305,4.767963140691306e-05,3,29.875,2.5197287368774415,-1.0
0.010929400101304054,0.004536882308976991,71,0.10841582505963743,4.059528871837034e-05,3,30.0,2.5283383178710936,-1.0
0.014046902868098446,0.006514545397034713,72,0.14415597589686513,3.4227024433899e-05,3,31.625,2.501168060302734,-1.0
0.013609061350247689,0.007126727939716407,73,0.14542376389726996,2.8584657955444653e-05,3,32.5,2.478023853302002,-1.0
0.011074791895225644,0.006477720536557692,74,0.12307326518930495,2.367688940315011e-05,3,31.5,2.5051130294799804,-1.0
0.012376681336068682,0.006713502408404436,75,0.13380881096236408,1.951128620040094e-05,3,30.75,2.513846778869629,-1.0
0.015073035012132354,0.007412639113941363,76,0.15766876190900803,1.6094271405406862e-05,3,30.75,2.504339599609375,-1.0
0.012472239888406225,0.006564805550234658,77,0.13354969304054976,1.3431113807311488e-05,3,30.875,2.5218607330322267,-1.0
0.012599321847249354,0.006749642148081746,78,0.13563071005046368,1.1525919802101659e-05,3,28.625,2.55193790435791,-1.0
0.014849093509837985,0.006374861047204051,79,0.14873485290445387,1.0381627060842164e-05,3,32.875,2.4889123153686525,-1.0
0.011240999014782054,0.006247890847069877,80,0.12261047097854316,1e-05,3,31.5,2.5253009033203124,-1.0
0.014519050106173381,0.0277234775130637,1,0.33812755113467574,0.000999618372939158,4,1.4444444444444444,5.137840711805556,-1.0
0.011910621455172077,0.005647729936754331,2,0.14068185398355126,0.0009984740801978985,4,2.4444444444444446,4.543591579861111,-1.0
0.01151412379113026,0.007238534832140431,3,0.15021137497387826,0.0009965688861926887,4,4.111111111111111,4.428503689236111,-1.0
0.014409425988560542,0.006257485511014238,4,0.16551731387153268,0.0009939057285945933,4,5.0,4.360253363715278,-1.0
0.01344486273592338,0.007978775654919446,5,0.17166536184959114,0.0009904887137995992,4,4.888888888888889,4.330921223958334,-1.0
0.01469320707838051,0.005087713914690539,6,0.15859503904357553,0.00098632311059685,4,5.888888888888889,4.281731228298611,-1.0
0.013089464278891683,0.007545395608758554,7,0.16636900114826858,0.0009814153420445555,4,5.888888888888889,4.239098849826389,-1.0
0.014248235791455954,0.006473079702118412,8,0.16600558604113758,0.0009757729755661012,4,6.444444444444445,4.164179958767361,-1.0
0.01393787475535646,0.007764640118693933,9,0.17386994301341474,0.0009694047112816298,4,6.333333333333333,4.105777452256945,-1.0
0.012507833249401301,0.007490012620110065,10,0.16027462389320135,0.0009623203685930871,4,6.0,4.092080078125,-1.0
0.011127136764116585,0.003792993869865313,11,0.1195473640691489,0.0009545308710434153,4,6.333333333333333,4.0763771565755205,-1.0
0.011703354772180319,0.00510266495984979,12,0.13463846314698458,0.0009460482294732422,4,7.333333333333333,4.024014214409722,-1.0
0.012691927695414051,0.0050581883115228266,13,0.1422073980793357,0.0009368855235010348,4,7.444444444444445,3.9680426025390627,-1.0
0.01331200113054365,0.00694902750547044,14,0.16238237894140184,0.0009270568813552758,4,8.0,3.9350846354166666,-1.0
0.014679780782898888,0.006602047826163471,15,0.17053903406485915,0.0009165774580897602,4,7.222222222222222,3.9178849283854165,-1.0
0.014139768085442483,0.008738625154364854,16,0.18326263898052275,0.0009054634122155992,4,9.333333333333334,3.833927951388889,-1.0
0.008895456325262785,0.0052102471818216145,17,0.11300445604138076,0.0008937318807859689,4,7.555555555555555,3.839585503472222,-1.0
0.009930210566380993,0.007106343167833984,18,0.13639465207234025,0.0008814009529720156,4,6.777777777777778,3.8748353407118055,-1.0
0.012503798498073593,0.007249623886309564,19,0.15819715289399028,0.0008684896421706646,4,7.888888888888889,3.8117176649305557,-1.0
0.01414891317836009,0.006906666705617681,20,0.1687327299732715,0.0008550178566873412,4,6.888888888888889,3.8629584418402776,-1.0
0.011493300145957619,0.005166360468138009,21,0.13353539118543267,0.0008410063690388064,4,8.222222222222221,3.7823529730902776,-1.0
0.010312165133655071,0.005956772714853287,22,0.1303463359363377,0.0008264767839234412,4,9.444444444444445,3.8079481336805556,-1.0
0.009127811616053805,0.005073408741736785,23,0.11376373399980366,0.000811451504908368,4,10.11111111111111,3.718827582465278,-1.0
0.010758536169305444,0.0056361163151450455,24,0.13130450993776321,0.0007959536998847743,4,9.222222222222221,3.711719292534722,-1.0
0.01051329742767848,0.0068980125652160496,25,0.1394552669953555,0.0007800072653447032,4,11.222222222222221,3.708050537109375,-1.0
0.012003699346678331,0.006688010529614985,26,0.1497126070316881,0.0007636367895343947,4,11.11111111111111,3.6638663736979167,-1.0
0.012117159203626215,0.005853361915796995,27,0.1439260400366038,0.0007468675145409928,4,9.666666666666666,3.688327162000868,-1.0
0.010829561215359718,0.006981294660363346,28,0.14268730697222054,0.0007297252973710758,4,9.555555555555555,3.6755860053168403,-1.0
0.011628533888142556,0.005417226115241647,29,0.1365607720799744,0.0007122365700810271,4,10.11111111111111,3.6423373074001737,-1.0
0.013595356867881492,0.006844105257187039,30,0.16365935187786818,0.0006944282990207196,4,11.222222222222221,3.609533216688368,-1.0
0.012742879975121468,0.005822352890390903,31,0.14873756584711373,0.0006763279432533592,4,11.555555555555555,3.6158657497829862,-1.0
0.014194833376677707,0.006478594237705693,32,0.16562289302237332,0.0006579634122155992,4,10.555555555555555,3.5885603841145834,-1.0
0.013749346078839153,0.0071140583022497594,33,0.1671837200410664,0.000639363022683212,4,12.555555555555555,3.5850371636284724,-1.0
0.010258351860102266,0.00569584226468578,34,0.12782404897734523,0.0006205554551086735,4,11.333333333333334,3.550594923231337,-1.0
0.013336443633306772,0.0053429839899763465,35,0.1495982250198722,0.0006015697093979838,4,11.666666666666666,3.4982779269748265,-1.0
0.013171518367016688,0.005621744872769341,36,0.15058958996087313,0.0005824350601949146,4,12.444444444444445,3.5526536729600693,-1.0
0.012194137350888923,0.006745155755197629,37,0.1517550649587065,0.0005631810117416299,4,13.11111111111111,3.5209466213650176,-1.0
0.013247961614979431,0.0064995906432159245,38,0.15818036696873605,0.0005438372523852835,4,13.222222222222221,3.467143825954861,-1.0
0.01386509436997585,0.007688448531553149,39,0.17266852408647537,0.0005244336088007391,4,13.444444444444445,3.4610780164930555,-1.0
0.011708341917255893,0.006430463574361056,40,0.1453378451988101,0.0005050000000000001,4,14.11111111111111,3.452432149251302,-1.0
0.012091865268303081,0.007051564869470894,41,0.15332197304815054,0.0004855663911992613,4,13.222222222222221,3.3943236626519098,-1.0
0.009106036624871194,0.008192435605451465,42,0.13853388698771596,0.00046616274761471693,4,13.11111111111111,3.449446207682292,-1.0
0.008988750661956146,0.005012532725231722,43,0.1121262009255588,0.00044681898825837057,4,14.0,3.4181937662760418,-1.0
0.011926161008886993,0.007995473104529083,44,0.15953646786510944,0.000427564939805086,4,15.444444444444445,3.42941162109375,-1.0
0.012865581404184923,0.005388407967984676,45,0.1462164910044521,0.00040843029060201667,4,12.555555555555555,3.4209858873155383,-1.0
0.01157497736858204,0.0069245183549355716,46,0.14818378700874746,0.000389444544891327,4,14.777777777777779,3.3390716552734374,-1.0
0.014453606039751321,0.006137744843726978,47,0.16497571393847466,0.0003706369773167883,4,14.88888888888889,3.3962198893229165,-1.0
0.013854163116775453,0.006846222240710631,48,0.16590111912228167,0.0003520365877844012,4,12.0,3.367520243326823,-1.0
0.0149707562814001,0.005538661847822368,49,0.16440190305002034,0.0003336720567466412,4,14.555555555555555,3.323547566731771,-1.0
0.012313161918427795,0.007611516834003851,50,0.15972993802279234,0.0003155717009792807,4,15.11111111111111,3.3237456597222224,-1.0
0.013758830056758597,0.005078395188320428,51,0.15095235384069383,0.00029776342991897335,4,12.555555555555555,3.3486294894748263,-1.0
0.01354560352046974,0.007217042613774538,52,0.16638549510389566,0.00028027470262892445,4,15.666666666666666,3.267872755262587,-1.0
0.013897035882109776,0.007101407129084691,53,0.16830161400139332,0.0002631324854590073,4,14.555555555555555,3.2925103759765624,-1.0
0.011703521478921175,0.007346945669269189,54,0.15270880400203168,0.0002463632104656054,4,15.777777777777779,3.3536539035373263,-1.0
0.013046782638411969,0.007861810736358166,55,0.1674376609735191,0.0002299927346552969,4,14.11111111111111,3.298174031575521,-1.0
0.014770621608477086,0.006488633138360456,56,0.1703231711871922,0.00021404630011522587,4,14.777777777777779,3.318739488389757,-1.0
0.011430622485931963,0.007960786402691156,57,0.155360525008291,0.00019854849509163232,4,15.88888888888889,3.2502755059136286,-1.0
0.012627740041352808,0.008406983455643058,58,0.16846803412772715,0.00018352321607655918,4,16.666666666666668,3.2947186279296874,-1.0
0.011947456368943676,0.00784582065534778,59,0.15855641989037395,0.00016899363096119395,4,15.333333333333334,3.245067070855035,-1.0
0.012287599383853376,0.0057415970077272505,60,0.14445360098034143,0.000154982143312659,4,16.11111111111111,3.2486063300238714,-1.0
0.01341941743157804,0.005537467077374458,61,0.15181338298134506,0.0001415103578293356,4,16.555555555555557,3.229728020562066,-1.0
0.010025781113654375,0.007172405894380063,62,0.1377502828836441,0.0001285990470279847,4,18.11111111111111,3.240045708550347,-1.0
0.013855176017386839,0.004880861495621502,63,0.15012128790840507,0.0001162681192140312,4,16.77777777777778,3.2338571166992187,-1.0
0.014182655984768644,0.007257082761498168,64,0.17177263088524342,0.00010453658778440107,4,17.77777777777778,3.198586900499132,-1.0
0.013915878982516006,0.006805145996622741,65,0.16602832009084523,9.342254191024022e-05,4,17.77777777777778,3.215098334418403,-1.0
0.014000941446283832,0.0076866785530000925,66,0.173762122169137,8.294311864472437e-05,4,16.88888888888889,3.2051350233289932,-1.0
0.014036091859452426,0.0069696120044682175,67,0.16830058209598064,7.311447649896551e-05,4,19.22222222222222,3.1917744615342882,-1.0
0.014380439795786515,0.005850659072166309,68,0.16213391697965562,6.395177052675794e-05,4,17.22222222222222,3.1422545030381945,-1.0
0.014177015254972503,0.00616947139496915,69,0.16302601317875087,5.546912895658472e-05,4,16.666666666666668,3.1981576877170137,-1.0
0.013595178752439097,0.007570632238639519,70,0.16958769992925227,4.767963140691306e-05,4,16.0,3.2318726942274307,-1.0
0.013791665696771815,0.0053670459310524166,71,0.15354422503151,4.059528871837034e-05,4,16.88888888888889,3.167801751030816,-1.0
0.014265282399719581,0.007493547978810966,72,0.1743502609897405,3.4227024433899e-05,4,16.77777777777778,3.1911351860894097,-1.0
0.013480007532052696,0.007538635720266029,73,0.16840916499495506,2.8584657955444653e-05,4,17.333333333333332,3.1867686292860244,-1.0
0.01377911667805165,0.008019220316782594,74,0.17464662482962012,2.367688940315011e-05,4,19.555555555555557,3.128495924207899,-1.0
0.013047480257228017,0.00814520486164838,75,0.16979447891935706,1.951128620040094e-05,4,16.88888888888889,3.191858113606771,-1.0
0.014072158228373155,0.007550474401796237,76,0.17323694401420653,1.6094271405406862e-05,4,16.555555555555557,3.2213818020290796,-1.0
0.014184562634909526,0.006836774613475427,77,0.16842985711991787,1.3431113807311488e-05,4,16.333333333333332,3.1835203721788194,-1.0
0.014093745616264641,0.007206749636679888,78,0.1706668760161847,1.1525919802101659e-05,4,18.444444444444443,3.132848103841146,-1.0
0.013952992274425924,0.007528481364715844,79,0.17212735186330974,1.0381627060842164e-05,4,18.22222222222222,3.177813924153646,-1.0
0.013987680373247713,0.008102894382318482,80,0.17697596410289407,1e-05,4,18.333333333333332,3.1429827541775173,-1.0
0.013339498545974493,0.025060865184059367,1,0.3073636400513351,0.000999618372939158,5,1.5000000208616258,5.017246097564697,-1.0
0.011761545640183613,0.004091382987098768,2,0.1269960580393672,0.0009984740801978985,5,2.7000000208616255,4.491040515899658,-1.0
0.014991407137131318,0.006046030350262299,3,0.16855890885926783,0.0009965688861926887,5,4.400000020861626,4.362344741821289,-1.0
0.014858977490803227,0.007797488244250417,4,0.18151963804848492,0.0009939057285945933,5,4.900000041723251,4.309291770935059,-1.0
0.0153317732620053,0.006924370478373021,5,0.17833072203211486,0.0009904887137995992,5,6.700000041723252,4.223030250549316,-1.0
0.015006459754658863,0.006867311371024698,6,0.1752662230283022,0.00098632311059685,5,6.400000007450581,4.163211910247803,-1.0
0.012219730531796813,0.007032807945506647,7,0.1542619289830327,0.0009814153420445555,5,6.9000000149011615,4.061339122772217,-1.0
0.015063236089190468,0.006007705291267484,8,0.1687992389779538,0.0009757729755661012,5,7.800000017881393,3.9980778770446777,-1.0
0.014579784503439441,0.006118456250987947,9,0.16586177004501224,0.0009694047112816298,5,7.900000029802323,3.9230414943695067,-1.0
0.011197229265235364,0.006031513476045802,10,0.13807811308652163,0.0009623203685930871,5,8.200000029802322,3.8937324199676513,-1.0
0.013773883983958513,0.006448907370213419,11,0.1619693199172616,0.0009545308710434153,5,10.200000017881393,3.816514642715454,-1.0
0.015328751353081316,0.006326655391603708,12,0.17347311810590327,0.0009460482294732422,5,8.600000029802322,3.7969226112365724,-1.0
0.013995135377626866,0.00650279299588874,13,0.1642660100478679,0.0009368855235010348,5,9.900000017881393,3.739141836166382,-1.0
0.014812409383011982,0.006281879643211141,14,0.16905196709558368,0.0009270568813552758,5,12.300000059604645,3.6394975090026858,-1.0
0.009918546769768,0.006838776374934241,15,0.1342741569969803,0.0009165774580897602,5,9.8,3.6736433029174806,-1.0
0.013774571241810918,0.006197513401275501,16,0.15996606112457812,0.0009054634122155992,5,12.70000001192093,3.5671201782226563,-1.0
0.01287007678183727,0.005488694354426116,17,0.14714976795949042,0.0008937318807859689,5,13.599999988079071,3.5566796340942384,-1.0
0.014046298310859129,0.0058765438152477145,18,0.15957459504716098,0.0008814009529720156,5,13.600000083446503,3.49266650390625,-1.0
0.014308816142147407,0.006372576986905187,19,0.1656854059547186,0.0008684896421706646,5,14.40000010728836,3.421801700592041,-1.0
0.015057693992275745,0.0054992614896036685,20,0.16477350005879998,0.0008550178566873412,5,14.6,3.396504030227661,-1.0
0.014634185848990455,0.005391208629589528,21,0.16053016483783722,0.0008410063690388064,5,17.00000011920929,3.340851324081421,-1.0
0.014169850619509816,0.006371474009938538,22,0.16464350605383515,0.0008264767839234412,5,14.80000010728836,3.345996633529663,-1.0
0.014430237031774595,0.006516455847304314,23,0.16790660098195076,0.000811451504908368,5,18.100000023841858,3.335052116394043,-1.0
0.014230401226086542,0.006247706158319488,24,0.16408835304901004,0.0007959536998847743,5,15.000000131130218,3.337224000930786,-1.0
0.014947441697586328,0.006314951431704685,25,0.17037708195857704,0.0007800072653447032,5,17.600000071525574,3.2225308647155764,-1.0
0.01447529814322479,0.0064790437172632664,26,0.16789836902171373,0.0007636367895343947,5,18.800000035762785,3.211784236907959,-1.0
0.014066943142097443,0.006608390860492364,27,0.16560275200754404,0.0007468675145409928,5,19.700000035762788,3.161385570526123,-1.0
0.014764631341677159,0.006145258899778128,28,0.16746122506447136,0.0007297252973710758,5,21.200000059604644,3.072560739517212,-1.0
0.014617220498621464,0.005547061882680282,29,0.16157692181877792,0.0007122365700810271,5,20.70000011920929,3.0839628295898436,-1.0
0.01365511619951576,0.006303771195234731,30,0.15995272086001933,0.0006944282990207196,5,21.300000071525574,3.0431243076324463,-1.0
0.011885387386428192,0.007466409617336467,31,0.15504577197134495,0.0006763279432533592,5,22.60000009536743,2.9652757606506346,-1.0
0.013707737671211362,0.004124165803659707,32,0.14286954794079065,0.0006579634122155992,5,22.40000010728836,2.9832302436828613,-1.0
0.012014521809760481,0.0051505129376892,33,0.13751167501322925,0.000639363022683212,5,24.700000131130217,2.872646656036377,-1.0
0.013454023719532415,0.007432709389831871,34,0.1673065130598843,0.0006205554551086735,5,25.000000143051146,2.8620923461914063,-1.0
0.014377709303516895,0.0053607329609803855,35,0.15813156310468912,0.0006015697093979838,5,23.700000166893005,2.9052786598205564,-1.0
0.014203892671503127,0.007998927438165992,36,0.17793550016358495,0.0005824350601949146,5,24.50000003576279,2.8680075092315676,-1.0
0.014278642367571592,0.00614340475294739,37,0.16363427392207086,0.0005631810117416299,5,23.900000059604643,2.8606626529693604,-1.0
0.010626486939145252,0.007490662450436503,38,0.14512102911248803,0.0005438372523852835,5,24.40000010728836,2.8316199932098387,-1.0
0.01437936196452938,0.005993124650558457,39,0.16316264681518078,0.0005244336088007391,5,27.400000083446503,2.7421391620635984,-1.0
0.012492673879023641,0.007278553617652506,40,0.15839717094786465,0.0005050000000000001,5,25.40000010728836,2.7677829608917235,-1.0
0.014840537449344993,0.0052966180664952844,41,0.16131984791718423,0.0004855663911992613,5,27.100000083446503,2.7351678409576414,-1.0
0.014568039245205,0.007146410731365904,42,0.17399334604851902,0.00046616274761471693,5,27.300000071525574,2.738046001434326,-1.0
0.01219781010877341,0.006846192263765261,43,0.15258773090317845,0.00044681898825837057,5,28.20000011920929,2.70289573097229,-1.0
0.015038524230476469,0.0073085331241600215,44,0.17900796607136726,0.000427564939805086,5,28.8,2.620395044326782,-1.0
0.014776466647163033,0.0067410109913907945,45,0.1724248081445694,0.00040843029060201667,5,29.700000083446504,2.650471124649048,-1.0
0.013221097673522308,0.0041510134760756046,46,0.13921140995807946,0.000389444544891327,5,29.10000021457672,2.5710158061981203,-1.0
0.013223157991888002,0.00564049175591208,47,0.15107262320816517,0.0003706369773167883,5,32.20000009536743,2.512878061294556,-1.0
0.014985243004048243,0.00643359063542448,48,0.1715493560768664,0.0003520365877844012,5,30.70000014305115,2.551235973358154,-1.0
0.014815220871241763,0.00752599275438115,49,0.17902528098784387,0.0003336720567466412,5,30.600000143051147,2.5367607975006106,-1.0
0.015263542270986363,0.005370375991333276,50,0.16534974286332726,0.0003155717009792807,5,30.400000047683715,2.5131101322174074,-1.0
0.014713310432853177,0.007582306192489341,51,0.17864430113695562,0.00029776342991897335,5,30.10000021457672,2.5561276741027834,-1.0
0.01502717935363762,0.007216712256195024,52,0.17821466783061624,0.00028027470262892445,5,33.50000009536743,2.4308147926330568,-1.0
0.014507483603665605,0.006333629891742021,53,0.16700382996350527,0.0002631324854590073,5,32.39999997615814,2.4896230068206786,-1.0
0.015495822444790974,0.004958630801411346,54,0.16389959095977247,0.0002463632104656054,5,33.400000143051145,2.4277823543548585,-1.0
0.014548267383361235,0.00959501985926181,55,0.19342688913457096,0.0002299927346552969,5,34.80000014305115,2.414972146987915,-1.0
0.014317256398499012,0.008140505466144532,56,0.17994536994956434,0.00021404630011522587,5,35.30000033378601,2.3756408500671387,-1.0
0.014096040278673172,0.0070304254768416286,57,0.16927779489196837,0.00019854849509163232,5,34.90000009536743,2.3807074699401856,-1.0
0.014113152108620852,0.005701017158571631,58,0.1588320720475167,0.00018352321607655918,5,35.00000023841858,2.3470951557159423,-1.0
0.013900891732191667,0.007914269139291719,59,0.1748773199506104,0.00016899363096119395,5,35.50000007152558,2.3737160358428957,-1.0
0.01413293179939501,0.005248325440334156,60,0.1553618151228875,0.000154982143312659,5,33.1,2.3577329597473144,-1.0
0.014437330333748832,0.008807716920273378,61,0.18621112313121557,0.0001415103578293356,5,37.20000002384186,2.2875832862854004,-1.0
0.014591227809432894,0.005372150073526427,62,0.15997056593187153,0.0001285990470279847,5,35.500000143051146,2.3089195861816405,-1.0
0.014469116227701306,0.00718117764336057,63,0.17348261107690632,0.0001162681192140312,5,36.600000166893004,2.3306486129760744,-1.0
0.011575537297176197,0.005089785438030958,64,0.1335567228961736,0.00010453658778440107,5,34.10000019073486,2.3433006324768066,-1.0
0.013932463887613267,0.0076645689841825515,65,0.17300439509563148,9.342254191024022e-05,5,39.40000009536743,2.2366215534210205,-1.0
0.012285776756471023,0.005495641002198681,66,0.14248224790208042,8.294311864472437e-05,5,38.1,2.2594890060424806,-1.0
0.00939271686365828,0.004923427768517286,67,0.11466562189161777,7.311447649896551e-05,5,35.50000028610229,2.318661823272705,-1.0
0.01141852667205967,0.005531054310267791,68,0.13577068806625903,6.395177052675794e-05,5,36.400000190734865,2.2903284645080566,-1.0
0.008990875125164166,0.0057005628768820316,69,0.11767074302770197,5.546912895658472e-05,5,39.50000021457672,2.229421411514282,-1.0
0.008752610854571685,0.0062690904014743865,70,0.12029511178843677,4.767963140691306e-05,5,37.30000009536743,2.233727325439453,-1.0
0.011223335372051224,0.0036627992521971464,71,0.11921958299353719,4.059528871837034e-05,5,35.600000214576724,2.3004757270812988,-1.0
0.010789170482894406,0.005098654131870717,72,0.12727118004113436,3.4227024433899e-05,5,39.30000033378601,2.2441960124969484,-1.0
0.011197613377589732,0.0058707252610474825,73,0.13671938702464104,2.8584657955444653e-05,5,39.80000019073486,2.228337944030762,-1.0
0.013805229711579159,0.007432246027747169,74,0.17011104291304946,2.367688940315011e-05,5,38.20000007152557,2.2584128189086914,-1.0
0.011155858665006235,0.00697702172328718,75,0.1452875779941678,1.951128620040094e-05,5,39.00000007152558,2.2214605751037597,-1.0
0.012941089255036786,0.005034533009165898,76,0.14400192396715283,1.6094271405406862e-05,5,38.20000023841858,2.23144868850708,-1.0
0.014260836993344128,0.005455196631373838,77,0.15798010607250035,1.3431113807311488e-05,5,38.00000002384186,2.2377946243286133,-1.0
0.013637181866215542,0.005723158014006913,78,0.15513363503850996,1.1525919802101659e-05,5,39.50000028610229,2.2094414043426513,-1.0
0.014363210008013994,0.00860736973118037,79,0.18401808803901076,1.0381627060842164e-05,5,36.7,2.298039514541626,-1.0
0.014913624239852652,0.005217362137045711,80,0.16130836005322635,1e-05,5,37.30000011920929,2.2579490146636965,-1.0
0.012918091689546904,0.022361129108402465,1,0.31768176006153226,0.000999618372939158,6,1.0909090915864164,5.41776723688299,-1.0
0.009039869506119026,0.003859239268220133,2,0.11623347993008792,0.0009984740801978985,6,1.909090898253701,4.59359375,-1.0
0.008701064391061664,0.0027612438166720998,3,0.10328265698626637,0.0009965688861926887,6,3.2727272754365746,4.5174414097179065,-1.0
0.008610200369730592,0.002915694093745616,4,0.10385687602683902,0.0009939057285945933,6,4.000000002709302,4.43827769539573,-1.0
0.008546871184888814,0.0043046540425469475,5,0.11579063697718084,0.0009904887137995992,6,4.636363639072939,4.363594185222279,-1.0
0.011376882541096874,0.0046439565614693696,6,0.14433773700147867,0.00098632311059685,6,6.0909090827811845,4.266390266418457,-1.0
0.012026632127041617,0.0029844158691250617,7,0.13526887586340308,0.0009814153420445555,6,6.272727291692387,4.2040722586891865,-1.0
0.01057936274446547,0.004108030581846833,8,0.13235183781944215,0.0009757729755661012,6,5.454545432871038,4.154486860795455,-1.0
0.010841525237386426,0.0031292215248362888,9,0.1259022089652717,0.0009694047112816298,6,5.909090925346721,4.076591354716908,-1.0
0.011182226680426134,0.005148095880738563,10,0.14714413904584944,0.0009623203685930871,6,6.63636362823573,4.035989433635365,-1.0
0.008471610645453135,0.0028755573504087,11,0.10229342500679195,0.0009545308710434153,6,8.272727288983084,3.9483826793323864,-1.0
0.010992418871157698,0.004841282239390744,12,0.14265371393412352,0.0009460482294732422,6,7.63636364178224,3.9220774095708673,-1.0
0.013922801732810007,0.00523163872357044,13,0.17255671508610249,0.0009368855235010348,6,10.454545446417548,3.861586014140736,-1.0
0.011531870036075512,0.005053575616329908,14,0.1494329769629985,0.0009270568813552758,6,8.636363641782241,3.8318932039087468,-1.0
0.012628577908294069,0.004680414632376697,15,0.15594611992128193,0.0009165774580897602,6,9.545454564419659,3.793098360408436,-1.0
0.014447524962532852,0.005316483943412702,16,0.17807757202535868,0.0009054634122155992,6,9.818181796507401,3.807064991864291,-1.0
0.014179154402679868,0.004669845362918245,17,0.16988561395555735,0.0008937318807859689,6,9.999999978325583,3.7386150498823687,-1.0
0.013844657896293534,0.006011406658217311,18,0.17891771998256445,0.0008814009529720156,6,10.272727251052856,3.7174398465590044,-1.0
0.013925853857977523,0.004215273695687453,19,0.16347147896885872,0.0008684896421706646,6,11.181818200783296,3.6819026886333117,-1.0
0.012735858507868316,0.004633058147091005,20,0.1565293928142637,0.0008550178566873412,6,12.727272759784352,3.620999644019387,-1.0
0.013994446619310312,0.004572388483211398,21,0.16730790492147207,0.0008410063690388064,6,11.909090903672306,3.604857503717596,-1.0
0.012419996731397178,0.0063622809377395445,22,0.1693011389579624,0.0008264767839234412,6,13.000000048767436,3.576310532309792,-1.0
0.0141044270971583,0.0049313191169251995,23,0.17159588518552482,0.000811451504908368,6,13.909090892835097,3.519706914208152,-1.0
0.014402108266949654,0.005897270179250174,24,0.1829708800651133,0.0007959536998847743,6,14.000000018965114,3.5421778375452213,-1.0
0.014396626657495895,0.005445420224633481,25,0.17881517601199448,0.0007800072653447032,6,15.090909112583507,3.462458714571866,-1.0
0.014505034778267145,0.004694337542686198,26,0.17300235200673342,0.0007636367895343947,6,14.818181850693442,3.456301928433505,-1.0
0.009618917790551981,0.0059864524389720624,27,0.14065894694067538,0.0007468675145409928,6,15.454545411196621,3.4144538454575972,-1.0
0.00926096173417237,0.004460963601660397,28,0.12363277119584382,0.0007297252973710758,6,13.818181774832986,3.4314284524050627,-1.0
0.010390140530135896,0.004702855807004703,29,0.13598910416476429,0.0007122365700810271,6,16.18181813846935,3.352456226348877,-1.0
0.014737619552761316,0.004747695341292355,30,0.1755779990926385,0.0006944282990207196,6,15.818181774832986,3.367513756318526,-1.0
0.013795957227961885,0.004669866550506817,31,0.16644430113956332,0.0006763279432533592,6,15.727272711016916,3.358887544111772,-1.0
0.01467879188971387,0.004906474871353971,32,0.17651659389957786,0.0006579634122155992,6,15.727272705598311,3.30051419431513,-1.0
0.012022205421494113,0.004887999915000465,33,0.1524060289375484,0.000639363022683212,6,18.000000032511625,3.26583232792941,-1.0
0.012943691056635644,0.004581619830181201,34,0.15789352706633508,0.0006205554551086735,6,16.636363620107826,3.2710380979017777,-1.0
0.014405810429404179,0.004575222678896453,35,0.17103537591174245,0.0006015697093979838,6,18.272727291692387,3.216556230024858,-1.0
0.014192157450856434,0.004882867422161831,36,0.1719236560165882,0.0005824350601949146,6,17.99999998374419,3.198346888802268,-1.0
0.014092658335963884,0.005244121886789799,37,0.17427657102234662,0.0005631810117416299,6,19.181818176399577,3.1976614076440986,-1.0
0.014519601879227493,0.004709624995787938,38,0.1733092109207064,0.0005438372523852835,6,18.18181815472516,3.1628097568858755,-1.0
0.014731503867854675,0.004585965251963999,39,0.1741349680814892,0.0005244336088007391,6,19.090909128839318,3.193925677212802,-1.0
0.014518826630794339,0.005928787014757593,40,0.18434995505958796,0.0005050000000000001,6,18.545454529198732,3.1599684273112905,-1.0
0.014315685748846995,0.004917571579830514,41,0.17340128892101347,0.0004855663911992613,6,19.454545438289642,3.1051789474487306,-1.0
0.013444235289676322,0.00315445459758242,42,0.14962020702660084,0.00046616274761471693,6,19.181818181818183,3.0740594525770706,-1.0
0.01317289205164545,0.004364590264028973,43,0.15807257406413555,0.00044681898825837057,6,19.999999994581398,3.099022221998735,-1.0
0.013170123333111405,0.00392845301474962,44,0.15412374096922576,0.000427564939805086,6,21.272727291692387,3.0416385182467374,-1.0
0.010711194714531302,0.004846347185472648,45,0.14021812798455358,0.00040843029060201667,6,22.727272792295977,3.0105768394470216,-1.0
0.010931119141686294,0.004895983082759712,46,0.14262144593521953,0.000389444544891327,6,21.454545519568704,2.9629936157573353,-1.0
0.010611191521295242,0.004596183800862895,47,0.13703311700373888,0.0003706369773167883,6,21.909090865742076,2.991273747357455,-1.0
0.010644992218456335,0.0047043512264887495,48,0.13830843777395785,0.0003520365877844012,6,23.181818181818183,3.0109140240062366,-1.0
0.010978107573464513,0.004974227657334672,49,0.14373352099210024,0.0003336720567466412,6,23.00000001083721,2.9603535574132747,-1.0
0.012737801738290323,0.004716955797953738,50,0.15730574703775346,0.0003155717009792807,6,23.27272732149471,2.8789330222389915,-1.0
0.01466694375914004,0.0034184681199904946,51,0.1630366079043597,0.00029776342991897335,6,23.45454536784779,2.909820412722501,-1.0
0.014515319037147693,0.004554651625868347,52,0.17188007105141878,0.00028027470262892445,6,24.272727261890065,2.9081009951504795,-1.0
0.013946336771671971,0.004695596225145791,53,0.16803325014188886,0.0002631324854590073,6,24.090909058397468,2.8698247398029673,-1.0
0.014729173543552557,0.004590031458064914,54,0.17414580401964486,0.0002463632104656054,6,22.272727272727273,2.9333889458396216,-1.0
0.014811196545552876,0.004836231107927031,55,0.1770981850568205,0.0002299927346552969,6,25.09090908007188,2.910710861899636,-1.0
0.014209935959014628,0.004806822812598612,56,0.17142019211314619,0.00021404630011522587,6,24.000000048767436,2.8479379593242298,-1.0
0.015063666945530308,0.0048900938127189875,57,0.17986182402819395,0.00019854849509163232,6,24.636363658038054,2.875873198075728,-1.0
0.011991520308785968,0.005261045466694567,58,0.15550540015101433,0.00018352321607655918,6,24.636363647200845,2.8592023251273417,-1.0
0.011140862221105231,0.003826635010126564,59,0.13489120895974338,0.00016899363096119395,6,25.27272733775052,2.8201521136543968,-1.0
0.009283394216456346,0.004458711327364047,60,0.12383934995159507,0.000154982143312659,6,25.999999913302336,2.783106301914562,-1.0
0.013346623215410445,0.004564104782831337,61,0.16137203387916088,0.0001415103578293356,6,24.818181818181817,2.7939328037608755,-1.0
0.010837461359591948,0.005325147752753562,62,0.14568789792247117,0.0001285990470279847,6,26.54545453461734,2.714203914295543,-1.0
0.00961479366136094,0.004600873216986656,63,0.12809924921020865,0.0001162681192140312,6,23.27272732149471,2.813717116442594,-1.0
0.01023049900929133,0.00454532898341616,64,0.1331300218589604,0.00010453658778440107,6,26.545454610477794,2.7959291007302025,-1.0
0.012749955549629198,0.004638246674504545,65,0.15668431506492198,9.342254191024022e-05,6,25.272727283564482,2.774294020912864,-1.0
0.01254792268284493,0.004887824101994435,66,0.15710836998187006,8.294311864472437e-05,6,26.090909145095132,2.7970219360698354,-1.0
0.013737952672979899,0.004598537330619163,67,0.16526053799316287,7.311447649896551e-05,6,26.000000065023247,2.7870458256114614,-1.0
0.008387752989720967,0.004473130658475889,68,0.11595376115292311,6.395177052675794e-05,6,26.09090906381607,2.759623187672008,-1.0
0.013319007121026516,0.006505987451722224,69,0.1785835090558976,5.546912895658472e-05,6,26.454545508731496,2.775405333258889,-1.0
0.014831927553233173,0.004948417888954282,70,0.1782536250539124,4.767963140691306e-05,6,26.999999924139544,2.7730293750762938,-1.0
0.014721319545060396,0.004413544898852706,71,0.17249214695766568,4.059528871837034e-05,6,26.09090915593234,2.7461929928172717,-1.0
0.014762954579459297,0.005223745661270287,72,0.18016218300908804,3.4227024433899e-05,6,27.36363640156659,2.7506394308263604,-1.0
0.014961461433105998,0.0051590468889723224,73,0.1813600470777601,2.8584657955444653e-05,6,26.545454610477794,2.7397624865445223,-1.0
0.014200545485234924,0.005015401505968637,74,0.17322080791927874,2.367688940315011e-05,6,27.545454469594087,2.7513700797341087,-1.0
0.014658313166971007,0.004686415505905946,75,0.17440583184361458,1.951128620040094e-05,6,26.636363701386884,2.7300867782939564,-1.0
0.014113094580049316,0.0052440183030234445,76,0.17456251685507596,1.6094271405406862e-05,6,25.54545456712896,2.7258896446228027,-1.0
0.014978287767411934,0.005192314455699589,77,0.18181755184195936,1.3431113807311488e-05,6,26.727272727272727,2.742336316542192,-1.0
0.01454972157565256,0.005102763521588511,78,0.17714612581767142,1.1525919802101659e-05,6,27.090909139676526,2.7205953268571332,-1.0
0.013095675320881937,0.004900959139275882,79,0.16221115202642977,1.0381627060842164e-05,6,27.363636352799155,2.771637268933383,-1.0
0.01446490791729755,0.004001821546504895,80,0.1664322530850768,1e-05,6,24.454545497894287,2.7655618182095614,-1.0
0.012743508256971837,0.019184188451617956,1,0.3194399308413267,0.000999618372939158,7,1.4166666716337204,5.759782110850017,-1.0
0.011667332821525633,0.0033234748989343643,2,0.15008131600916386,0.0009984740801978985,7,2.1666666666666665,4.580294589996338,-1.0
0.011615375243127345,0.00311489833984524,3,0.14749249001033604,0.0009965688861926887,7,4.250000009934108,4.529131673177083,-1.0
0.010993415606208146,0.00409115650691092,4,0.15106719289906323,0.0009939057285945933,7,4.083333333333333,4.467603359222412,-1.0
0.011646476504392923,0.004049629392102361,5,0.15721367695368826,0.0009904887137995992,7,4.333333333333333,4.410622965494792,-1.0
0.012410817318595946,0.0033310220809653402,6,0.15765760210342705,0.00098632311059685,7,5.0833333532015486,4.310655104319254,-1.0
0.013347298605367541,0.004390047094784677,7,0.17759664100594819,0.0009814153420445555,7,5.166666666666667,4.2549676513671875,-1.0
0.012953650159761309,0.003956653038039803,8,0.169324402930215,0.0009757729755661012,7,6.91666667163372,4.193485717773438,-1.0
0.010914296004921198,0.003848735708743334,9,0.14778909389860928,0.0009694047112816298,7,6.500000002483527,4.158304246266683,-1.0
0.011877575563266874,0.003804107732139528,10,0.1569715749938041,0.0009623203685930871,7,7.083333338300387,4.081964111328125,-1.0
0.01081950890365988,0.0039734004996716974,11,0.14809428085573018,0.0009545308710434153,7,7.500000002483527,4.027390747070313,-1.0
0.010682407906278968,0.0028049163985997437,12,0.13499966217204928,0.0009460482294732422,7,8.16666667163372,3.9833599789937337,-1.0
0.013806360028684139,0.004100252082571388,13,0.17924647103063762,0.0009368855235010348,7,8.583333338300386,3.917827968597412,-1.0
0.012307156366296113,0.00422465791925788,14,0.16554441303014755,0.0009270568813552758,7,8.833333333333334,3.889242347081502,-1.0
0.0121258195489645,0.0030195295345038175,15,0.15159457200206816,0.0009165774580897602,7,8.833333353201548,3.8458890819549563,-1.0
0.009860278689302504,0.00403385169338435,16,0.13907498493790627,0.0009054634122155992,7,9.75000003973643,3.826276350021362,-1.0
0.00924371627625078,0.00410132382530719,17,0.13359991507604718,0.0008937318807859689,7,10.583333338300386,3.781763515472412,-1.0
0.011690631578676402,0.004346888605505228,18,0.16052352404221892,0.0008814009529720156,7,10.166666666666666,3.741796875,-1.0
0.014858511462807655,0.004065296822227537,19,0.18945312593132257,0.0008684896421706646,7,10.083333333333334,3.7505708821614583,-1.0
0.011081778118386865,0.005450357776135206,20,0.1655425289645791,0.0008550178566873412,7,10.916666686534882,3.691298014322917,-1.0
0.008932230249047279,0.003066955553367734,21,0.12014801218174398,0.0008410063690388064,7,11.000000019868216,3.668349911371867,-1.0
0.011778149753808975,0.004609352443367243,22,0.16402335511520505,0.0008264767839234412,7,12.0,3.6649998982747394,-1.0
0.008857022365555167,0.004182429239153862,23,0.1305514220148325,0.000811451504908368,7,13.333333333333334,3.6149473094940188,-1.0
0.010076003684662282,0.004508317215368152,24,0.1459636001382023,0.0007959536998847743,7,12.083333353201548,3.5936108366648356,-1.0
0.010668567102402448,0.003870484116487205,25,0.14556704694405198,0.0007800072653447032,7,13.08333333581686,3.569301964441935,-1.0
0.010818070964887738,0.005313723441213369,26,0.1615045629441738,0.0007636367895343947,7,13.416666706403097,3.5410698477427163,-1.0
0.011122753378003836,0.0030898039229214193,27,0.1422715811058879,0.0007468675145409928,7,14.50000003973643,3.518207400639852,-1.0
0.010382501920685173,0.00460059717297554,28,0.14999321498908103,0.0007297252973710758,7,14.166666676600775,3.5086296590169272,-1.0
0.010053124488331377,0.0040730004198849205,29,0.14138690591789782,0.0007122365700810271,7,14.416666686534882,3.4612625153859455,-1.0
0.010123608983121812,0.004204200813546777,30,0.14340229495428503,0.0006944282990207196,7,12.5,3.4577186075846353,-1.0
0.01381738125346601,0.004371251235716045,31,0.1820793030783534,0.0006763279432533592,7,13.666666686534882,3.421534013748169,-1.0
0.014132727799005807,0.004373766714707017,32,0.18539660214446485,0.0006579634122155992,7,14.416666686534882,3.4134173583984375,-1.0
0.013690810068510473,0.004717140831053257,33,0.18434592708945274,0.000639363022683212,7,16.666666666666668,3.3891756693522135,-1.0
0.013705775374546647,0.0047723826253786685,34,0.18684612191282213,0.0006205554551086735,7,15.0,3.3651021353403725,-1.0
0.014022670104168355,0.004534741607494652,35,0.18579937401227653,0.0006015697093979838,7,15.416666706403097,3.3587131786346434,-1.0
0.013345372560434044,0.004160164925269783,36,0.17528948583640158,0.0005824350601949146,7,16.0,3.318955739339193,-1.0
0.011432910803705454,0.002804427593946457,37,0.14257129095494747,0.0005631810117416299,7,17.16666668653488,3.3151423104604087,-1.0
0.012737341923639178,0.004034490860067308,38,0.16786694014444947,0.0005438372523852835,7,15.75,3.309441067377726,-1.0
0.010759228956885636,0.003840103535912931,39,0.1461826979648322,0.0005244336088007391,7,15.75,3.3217469787597658,-1.0
0.012697413214482367,0.004070728993974626,40,0.16786642000079155,0.0005050000000000001,7,18.250000019868214,3.2639246654510496,-1.0
0.011536906263791025,0.004314502235502005,41,0.15869548707269132,0.0004855663911992613,7,16.583333333333332,3.2737338225046795,-1.0
0.013135726796463132,0.00404653160367161,42,0.17200713115744293,0.00046616274761471693,7,17.250000019868214,3.293208411534627,-1.0
0.011494215414859354,0.003933066967874765,43,0.15445930208079517,0.00044681898825837057,7,16.666666676600773,3.274887590408325,-1.0
0.011020185751840472,0.0038643528474494814,44,0.1490122249815613,0.000427564939805086,7,18.16666668653488,3.2313608805338543,-1.0
0.008860775199718774,0.0027107892092317343,45,0.11584343481808901,0.00040843029060201667,7,17.333333373069763,3.2222148672739666,-1.0
0.011672073835507035,0.003372354153543711,46,0.15061502601020038,0.000389444544891327,7,20.25,3.1881206766764323,-1.0
0.010769189964048565,0.002825447032228112,47,0.13614161196164787,0.0003706369773167883,7,17.500000019868214,3.2021130402882894,-1.0
0.009369055251590907,0.0034104740479961038,48,0.12791734584607184,0.0003520365877844012,7,19.41666668653488,3.1987898763020834,-1.0
0.010019954829476773,0.003441940271295607,49,0.13473954214714468,0.0003336720567466412,7,18.75,3.152916561762492,-1.0
0.008453167648985982,0.004072559648193419,50,0.12538555497303605,0.0003155717009792807,7,19.166666666666668,3.1145531209309896,-1.0
0.009172108303755522,0.0034905879991129042,51,0.12675006804056466,0.00029776342991897335,7,20.333333333333332,3.1303098519643147,-1.0
0.0098799702944234,0.0036235162056982516,52,0.13515236997045577,0.00028027470262892445,7,19.416666666666668,3.1029985586802167,-1.0
0.009548739204183221,0.004245101986452937,53,0.13805865193717182,0.0002631324854590073,7,19.33333335320155,3.1008410104115804,-1.0
0.012954369164071977,0.004647705843672157,54,0.17621835507452488,0.0002463632104656054,7,21.00000007947286,3.0535360685984294,-1.0
0.011878698505461216,0.004244117392227053,55,0.16151108220219612,0.0002299927346552969,7,21.08333335320155,3.057171627680461,-1.0
0.010693405428901315,0.0036495821783319115,56,0.14365006517618895,0.00021404630011522587,7,21.000000019868214,3.0660130310058595,-1.0
0.011412430182099342,0.004462630627676845,57,0.15897177904844284,0.00019854849509163232,7,19.50000003973643,3.0739968903859456,-1.0
0.01166878102812916,0.004243872174993157,58,0.1593220338691026,0.00018352321607655918,7,19.25,3.068050235112508,-1.0
0.01011074271518737,0.004895272688008845,59,0.15021071978844702,0.00016899363096119395,7,22.666666706403095,3.026621526082357,-1.0
0.01133798046503216,0.005454047536477447,60,0.16811418998986483,0.000154982143312659,7,22.50000007947286,3.0453873666127524,-1.0
0.012564254994504153,0.004138170811347664,61,0.16721129906363785,0.0001415103578293356,7,20.00000007947286,3.012422202428182,-1.0
0.011649331822991372,0.004822151176631451,62,0.1648951401002705,0.0001285990470279847,7,22.833333373069763,2.9811899789174396,-1.0
0.010524728754535317,0.004080760851502418,63,0.14623652887530625,0.0001162681192140312,7,20.666666746139526,3.031502078374227,-1.0
0.01025383195374161,0.003909743041731417,64,0.14183005993254483,0.00010453658778440107,7,21.66666668653488,2.987140146891276,-1.0
0.00964532601647079,0.003107100701890886,65,0.127690345980227,9.342254191024022e-05,7,20.25,3.0061658223470054,-1.0
0.010114210867322981,0.005042241839691997,66,0.15170690999366343,8.294311864472437e-05,7,22.000000019868214,2.9849327119191487,-1.0
0.011467567551881075,0.004991840454749763,67,0.16478144004940987,7.311447649896551e-05,7,24.083333373069763,2.9343046601613363,-1.0
0.013057464454323053,0.003653752547688782,68,0.16731804818846285,6.395177052675794e-05,7,21.666666666666668,2.935828603108724,-1.0
0.01158663877286017,0.0050103241112083195,69,0.1661476360168308,5.546912895658472e-05,7,22.166666666666668,2.9599867757161458,-1.0
0.00810165428556502,0.004245338309556246,70,0.12357367109507322,4.767963140691306e-05,7,21.833333412806194,2.9714933236440024,-1.0
0.007832627277821302,0.004511248623020947,71,0.12354205292649567,4.059528871837034e-05,7,22.583333373069763,2.941424233118693,-1.0
0.008095667161978782,0.0035996024496853353,72,0.11705337697640061,3.4227024433899e-05,7,23.25000003973643,2.9106458568573,-1.0
0.008024291298352183,0.003752058790996671,73,0.11786611401475966,2.8584657955444653e-05,7,22.333333333333332,2.9807858498891195,-1.0
0.007995659532025457,0.002725091786123812,74,0.10730934585444629,2.367688940315011e-05,7,21.25000003973643,2.971233828862508,-1.0
0.00916873614769429,0.004621170251630247,75,0.13801093096844852,1.951128620040094e-05,7,23.0,2.9216034412384033,-1.0
0.011043761018663644,0.004252192587591708,76,0.15311200404539704,1.6094271405406862e-05,7,23.00000003973643,2.9476486428578696,-1.0
0.01084833221975714,0.004319286183454096,77,0.15183082595467567,1.3431113807311488e-05,7,18.833333333333332,3.0000530020395915,-1.0
0.010685990075580775,0.004085834720171988,78,0.1478486629202962,1.1525919802101659e-05,7,23.666666706403095,2.927041832605998,-1.0
0.010777751705609262,0.002710803388617933,79,0.13507294096052647,1.0381627060842164e-05,7,21.833333333333332,2.96958514213562,-1.0
0.011341817257925869,0.004468439542688429,80,0.15829099994152784,1e-05,7,22.916666706403095,2.9301636250813803,-1.0
0.012400045292451978,0.02010115699588575,1,0.35767922294326127,0.000999618372939158,8,1.4615384626847048,4.927398589207576,-1.0
0.009623524711721322,0.003100309203463522,2,0.14009209722280502,0.0009984740801978985,8,3.4615384615384617,4.49419208086454,-1.0
0.01165415228090503,0.003066803180527958,3,0.16211663908325136,0.0009965688861926887,8,3.7692307703770123,4.435143478100116,-1.0
0.014183884931050918,0.004130817611109127,4,0.2016874859109521,0.0009939057285945933,8,4.0,4.349266448387733,-1.0
0.013102355074476112,0.0031868179371072488,5,0.1795019640121609,0.0009904887137995992,8,5.846153850738819,4.237027493990385,-1.0
0.012641983000900258,0.004334266085854985,6,0.18693086807616055,0.00098632311059685,8,7.0,4.166233849158654,-1.0
0.013340460898523981,0.00399997720325535,7,0.19097841903567314,0.0009814153420445555,8,5.846153847300089,4.136574520697961,-1.0
0.014215575785122135,0.0029362453867427325,8,0.188951653894037,0.0009757729755661012,8,7.538461547631484,4.067388445780828,-1.0
0.011114699639041315,0.004272838546471162,9,0.1695191829930991,0.0009694047112816298,8,7.384615386907871,4.011470662630521,-1.0
0.014395881740545685,0.0030011319851672106,10,0.19154806318692863,0.0009623203685930871,8,7.615384615384615,3.9929751322819635,-1.0
0.009877373062243516,0.00358445047062229,11,0.14826555689796805,0.0009545308710434153,8,8.1538461630161,3.9511760073441726,-1.0
0.009741172067482363,0.0031283527655019,12,0.14167763199657202,0.0009460482294732422,8,8.307692309984795,3.8609545891101544,-1.0
0.008657698667692866,0.0036802519832483745,13,0.13581865699961782,0.0009368855235010348,8,8.538461540754025,3.8470338792067307,-1.0
0.008804568491706794,0.0038155053149570117,14,0.13893440295942128,0.0009270568813552758,8,9.615384615384615,3.796194786658654,-1.0
0.010621495756574652,0.003898476885462349,15,0.1598432040773332,0.0009165774580897602,8,11.153846154992397,3.743605300463163,-1.0
0.011101761959831823,0.0030320906715298242,16,0.15562503901310265,0.0009054634122155992,8,11.15384615613864,3.7250604702876164,-1.0
0.011405641678720713,0.00338680358518931,17,0.16290715290233493,0.0008937318807859689,8,11.000000009169945,3.6679141000600963,-1.0
0.011367777658795769,0.004066034347157587,18,0.1699548070318997,0.0008814009529720156,8,11.461538470708406,3.6453851773188664,-1.0
0.009827327385375445,0.0038321066266772423,19,0.15039082895964384,0.0008684896421706646,8,13.0,3.5959196604215182,-1.0
0.008195587412708184,0.004247949395159429,20,0.13698339206166565,0.0008550178566873412,8,12.923076932246868,3.5597732294522797,-1.0
0.009409240192987701,0.003992391348054463,21,0.1475606409367174,0.0008410063690388064,8,12.846153847300089,3.5423599932743954,-1.0
0.010749991581013257,0.0027554582338780165,22,0.1487381150946021,0.0008264767839234412,8,13.000000002292486,3.499055926983173,-1.0
0.01148668318902227,0.003319095629690723,23,0.16304635093547404,0.000811451504908368,8,13.53846155680143,3.4928126885340762,-1.0
0.011722182876176455,0.003886271564459259,24,0.17187550198286772,0.0007959536998847743,8,13.846153847300089,3.46358783355126,-1.0
0.013762117024849762,0.004027122335339134,25,0.19594423496164382,0.0007800072653447032,8,15.769230778400715,3.401313665830172,-1.0
0.014176483837548982,0.003835691964592446,26,0.1984026471618563,0.0007636367895343947,8,15.230769231915474,3.348332144663884,-1.0
0.01165545306337828,0.004451187475669113,27,0.17740673595108092,0.0007468675145409928,8,14.538461540754025,3.364190908578726,-1.0
0.012253514152358879,0.0030752460218288684,28,0.16880317102186382,0.0007297252973710758,8,16.846153846153847,3.3468080953451302,-1.0
0.010025877293876627,0.004354369805448435,29,0.15834227693267167,0.0007122365700810271,8,18.461538466123436,3.2880087030850924,-1.0
0.011919793630526825,0.003144013462588191,30,0.16585461585782468,0.0006944282990207196,8,17.84615384844633,3.266485476860633,-1.0
0.011441811241886833,0.003927069927819751,31,0.1692523849196732,0.0006763279432533592,8,17.846153846153847,3.1935896169222318,-1.0
0.010503471617332914,0.004102368648587303,32,0.1608226199168712,0.0006579634122155992,8,18.000000001146244,3.21144395168011,-1.0
0.013688020408153534,0.00564134976064617,33,0.21280515403486788,0.000639363022683212,8,19.076923079215565,3.2054812394655667,-1.0
0.014830178179016168,0.004894591359929605,34,0.2172393340151757,0.0006205554551086735,8,18.30769230883855,3.218810966198261,-1.0
0.01300816788253459,0.00421922457065772,35,0.1897587920539081,0.0006015697093979838,8,19.461538452368515,3.1521730877802923,-1.0
0.011810670225796375,0.003791019595651464,36,0.17180338385514915,0.0005824350601949146,8,20.230769239939175,3.094117853458111,-1.0
0.014070020628754388,0.0025705502749505367,37,0.18319653486832976,0.0005631810117416299,8,21.076923079215565,3.0836189145308275,-1.0
0.013713030673732812,0.004985195309431715,38,0.20585731090977788,0.0005438372523852835,8,20.538461543046513,3.0843240121694713,-1.0
0.013773695883256469,0.0040128421123054895,39,0.19592505600303411,0.0005244336088007391,8,21.538461540754025,3.0479133738004243,-1.0
0.008983387167311528,0.0026811649176207457,40,0.12854620604775846,0.0005050000000000001,8,22.38461539378533,3.0224247866410474,-1.0
0.011545560449700464,0.002341266827319156,41,0.15288697695359588,0.0004855663911992613,8,22.46153847070841,3.011269436616164,-1.0
0.01218780119564723,0.0027573527133261614,42,0.1645815100055188,0.00046616274761471693,8,22.00000001833989,3.024596300125122,-1.0
0.01016812854107808,0.00397913227789104,43,0.15573096578009427,0.00044681898825837057,8,22.384615384615383,2.9448859354165884,-1.0
0.013532870724289254,0.003093422538685528,44,0.1830476929899305,0.000427564939805086,8,23.384615389200356,2.906502121411837,-1.0
0.0132799110036682,0.0043193564580922775,45,0.1937568890862167,0.00040843029060201667,8,25.230769235354202,2.8957758279947132,-1.0
0.015162630366500129,0.0038500073662197046,46,0.2093952379655093,0.000389444544891327,8,25.384615389200356,2.9022216547452486,-1.0
0.008699884236028249,0.004211716205728325,47,0.14221045887097716,0.0003706369773167883,8,24.15384615613864,2.8627841663360596,-1.0
0.010037187867882576,0.003793260400098833,48,0.15225904597900808,0.0003520365877844012,8,23.615384633724506,2.8767701126978946,-1.0
0.011675021547654813,0.0025222770107740707,49,0.156305065844208,0.0003336720567466412,8,23.92307691390698,2.8574074862553522,-1.0
0.011572180188853632,0.003417948282069781,50,0.16507630003616214,0.0003155717009792807,8,25.3076923260322,2.808310546141404,-1.0
0.011743476550856774,0.0030051438899880104,51,0.1624230770394206,0.00029776342991897335,8,27.692307701477638,2.7845006385216347,-1.0
0.010457898659462278,0.0026071806946261363,52,0.14384643896482885,0.00028027470262892445,8,27.153846158431126,2.802242525540865,-1.0
0.009274460248310457,0.0034079751931130886,53,0.13962992490269244,0.0002631324854590073,8,27.07692307806932,2.7676635492764987,-1.0
0.009469975569200787,0.003135535612025044,54,0.13876523985527456,0.0002463632104656054,8,26.692307694600178,2.762155337700477,-1.0
0.010168619305742059,0.0030462644062936306,55,0.14549259399063885,0.0002299927346552969,8,26.230769239939175,2.7227187655522274,-1.0
0.008658729345453057,0.0038042712152342906,56,0.13723562005907297,0.00021404630011522587,8,26.92307691390698,2.728454002233652,-1.0
0.01014971430413425,0.004736979322677309,57,0.1638823631219566,0.00019854849509163232,8,27.384615389200356,2.6920575897510237,-1.0
0.011725576276975598,0.004279050637375225,58,0.17627496086061,0.00018352321607655918,8,28.153846163016098,2.7053786277770997,-1.0
0.011174277719956908,0.0028722951061684976,59,0.1547105279751122,0.00016899363096119395,8,28.07692308609302,2.6639415784982536,-1.0
0.012046906631439924,0.0033212908204983582,60,0.16919544897973537,0.000154982143312659,8,28.384615385761627,2.669390565432035,-1.0
0.009406429715454578,0.0036421467296101832,61,0.14363772608339787,0.0001415103578293356,8,27.769230773815742,2.662535073206975,-1.0
0.00848733864470639,0.0024708293547684498,62,0.1206404990516603,0.0001285990470279847,8,27.923076941416813,2.6558977105067325,-1.0
0.009740221208300103,0.0029172815213149243,63,0.1393583680037409,0.0001162681192140312,8,29.538461547631485,2.6173693128732536,-1.0
0.010627499337054112,0.002373277379030531,64,0.14314095303416252,0.00010453658778440107,8,30.000000004584972,2.6232214597555306,-1.0
0.011583455563099547,0.0036682191685858097,65,0.16791564295999706,9.342254191024022e-05,8,29.00000001833989,2.6344461749150203,-1.0
0.012235485207797452,0.0025563817894594235,66,0.16286722221411765,8.294311864472437e-05,8,30.000000009169945,2.5970901012420655,-1.0
0.011927643579176882,0.002479743254794316,67,0.1586320309434086,7.311447649896551e-05,8,30.0,2.621092929106492,-1.0
0.014343708690086549,0.0030719765927642584,68,0.191797805018723,6.395177052675794e-05,8,30.461538479878353,2.601296341235821,-1.0
0.009532244283367287,0.002706665164706382,69,0.13483184995129704,5.546912895658472e-05,8,30.23076923076923,2.5557398862105147,-1.0
0.009654901625419205,0.0035484648224982348,70,0.14535863394849002,4.767963140691306e-05,8,30.07692308609302,2.6273861914414627,-1.0
0.011450548211789945,0.003791661425070329,71,0.16776977409608662,4.059528871837034e-05,8,29.846153846153847,2.605831581262442,-1.0
0.013200168900022452,0.004086844644255259,72,0.1903190619777888,3.4227024433899e-05,8,28.846153864493736,2.607770974085881,-1.0
0.012782535155896436,0.002693836937065829,73,0.17049667797982693,2.8584657955444653e-05,8,29.61538461996959,2.581949616945707,-1.0
0.011809196132658557,0.0030444715891710735,74,0.16355787706561387,2.367688940315011e-05,8,29.461538466123436,2.572829731427706,-1.0
0.011040277990766546,0.002795414469966834,75,0.15236176014877856,1.951128620040094e-05,8,29.615384615384617,2.6025488743415246,-1.0
0.011745218420401216,0.003734315682033246,76,0.17044045287184417,1.6094271405406862e-05,8,29.384615385761627,2.57277364730835,-1.0
0.012746388537131927,0.0035366152032193813,77,0.17925296002067626,1.3431113807311488e-05,8,30.076923079215565,2.559252203427828,-1.0
0.013358661650934002,0.0036585086279294706,78,0.1873670401982963,1.1525919802101659e-05,8,29.461538452368515,2.5663705209585337,-1.0
0.009239376840096984,0.0049297995230352335,79,0.15609096502885222,1.0381627060842164e-05,8,29.076923067753132,2.582094704554631,-1.0
0.00962309325537221,0.0035521138290112667,80,0.14506702683866024,1e-05,8,30.61538461996959,2.562609464205228,-1.0
0.012072863628749143,0.02272712627679787,1,0.38292862195521593,0.000999618372939158,9,1.0714285714285714,5.525209614889962,-1.0
0.010099275376309048,0.0032918503592637453,2,0.1474396090488881,0.0009984740801978985,9,2.142857162015779,4.568867176600865,-1.0
0.009309153220700946,0.0033644416835159063,3,0.13953028502874076,0.0009965688861926887,9,2.142857157758304,4.485884505680629,-1.0
0.008640213149853727,0.003507479771294377,4,0.13377345399931073,0.0009939057285945933,9,3.5714286054883684,4.4168973078046525,-1.0
0.012046784564683383,0.005549839803610335,5,0.19374080491252244,0.0009904887137995992,9,4.785714296357972,4.33959682737078,-1.0
0.014563271860507402,0.0036659625951539388,6,0.20077774208039045,0.00098632311059685,9,4.785714315516608,4.274730409894671,-1.0
0.012488470328125086,0.0031491131098432975,7,0.1722153010778129,0.0009814153420445555,9,5.4285714668887,4.217126799992153,-1.0
0.012007906249808993,0.003936058756980029,8,0.17562726000323892,0.0009757729755661012,9,5.85714287843023,4.133377339499337,-1.0
0.011906418822367083,0.0024876051624728875,9,0.15851337206549942,0.0009694047112816298,9,6.785714319774082,4.091769332885742,-1.0
0.01146753227592192,0.004046658180992712,10,0.1708225749898702,0.0009623203685930871,9,7.57142864380564,4.026999503544399,-1.0
0.008649829330600121,0.0036028834821825676,11,0.13488130294717848,0.0009545308710434153,9,8.071428609745842,3.97815796988351,-1.0
0.012188463958657601,0.0037874679546803236,12,0.1758765229023993,0.0009460482294732422,9,8.071428571428571,3.9158225740705217,-1.0
0.014708593974567273,0.0047775890297171745,13,0.21454799291677773,0.0009368855235010348,9,8.785714307001658,3.851849891117641,-1.0
0.01227587021209977,0.0025748249820687556,14,0.16352828196249902,0.0009270568813552758,9,10.07142864380564,3.7972021525246755,-1.0
0.011203010989861055,0.005011479200964624,15,0.17854802310466766,0.0009165774580897602,9,10.07142858845847,3.757199179785592,-1.0
0.011581239036538384,0.004116382513364608,16,0.17283718194812536,0.0009054634122155992,9,10.285714319774083,3.7199706990378245,-1.0
0.013899887615645473,0.004384809935634787,17,0.20135435601696372,0.0008937318807859689,9,11.714285731315613,3.6710557283673966,-1.0
0.012146739712492987,0.004218485185199163,18,0.18026475398801267,0.0008814009529720156,9,12.57142864380564,3.623303561891828,-1.0
0.013695547272535887,0.0037355901758101854,19,0.19191929697990417,0.0008684896421706646,9,12.071428601230894,3.5954670088631766,-1.0
0.011156598571687937,0.004355620698664676,20,0.17084154300391674,0.0008550178566873412,9,13.928571449858802,3.5810795375279016,-1.0
0.013145401460033927,0.004215330626307564,21,0.19116401579231024,0.0008410063690388064,9,13.214285790920258,3.546459778376988,-1.0
0.010895643425597385,0.00379057355563749,22,0.1617535138502717,0.0008264767839234412,9,14.285714396408626,3.4688567297799247,-1.0
0.014357981653037396,0.004570038333027201,23,0.2084421298932284,0.000811451504908368,9,13.714285773890358,3.4598954745701382,-1.0
0.015140692851590839,0.0029062941585752096,24,0.1988128910306841,0.0007959536998847743,9,15.500000051089696,3.40204790524074,-1.0
0.014942275042730298,0.0038214643189514227,25,0.20669180899858475,0.0007800072653447032,9,15.500000085149493,3.40208085332598,-1.0
0.014380103252320127,0.003947832642800428,26,0.20183348283171654,0.0007636367895343947,9,14.071428639548165,3.4253993034362793,-1.0
0.015399597034874287,0.00406219867396761,27,0.2143532419577241,0.0007468675145409928,9,15.785714396408626,3.358309353419713,-1.0
0.014507828280329704,0.004425440449267626,28,0.2085361611098051,0.0007297252973710758,9,16.785714319774083,3.3370366178240096,-1.0
0.014727753819897771,0.002602787540209564,29,0.19090853398665786,0.0007122365700810271,9,18.142857262066432,3.28558089528765,-1.0
0.011466743276369843,0.004089998271824284,30,0.1713718578685075,0.0006944282990207196,9,17.642857202461787,3.241544758932931,-1.0
0.014567959947850217,0.004479045429351655,31,0.20974877593107522,0.0006763279432533592,9,19.21428578240531,3.216822155543736,-1.0
0.014467337528582324,0.0038758675483140078,32,0.20204671192914248,0.0006579634122155992,9,18.5,3.1829369258880615,-1.0
0.009373932992192831,0.004390932471406731,33,0.15161608392372727,0.000639363022683212,9,19.428571462631226,3.134853912081037,-1.0
0.011172761124643412,0.0037577698769217186,34,0.16439283592626452,0.0006205554551086735,9,19.928571581840515,3.1099278504507883,-1.0
0.014780712292783639,0.003960615341466936,35,0.20638359687291086,0.0006015697093979838,9,20.071428614003317,3.0815034403119768,-1.0
0.014558353799987923,0.004125372104516084,36,0.20579241099767387,0.0005824350601949146,9,20.000000059604645,3.1150893238612585,-1.0
0.014244456161660228,0.004387738013809378,37,0.2052220581099391,0.0005631810117416299,9,21.714285833495005,3.0312315940856935,-1.0
0.01305899303406477,0.0048335217024115,38,0.19704745593480766,0.0005438372523852835,9,21.071428571428573,3.038048268726894,-1.0
0.013669813009486958,0.002844410440461202,39,0.18189821112900972,0.0005244336088007391,9,21.214285790920258,3.0237908594948903,-1.0
0.01434870235706595,0.004161250650544058,40,0.2038883799687028,0.0005050000000000001,9,21.714285714285715,2.974613223757063,-1.0
0.014628108823671937,0.004027353917163881,41,0.20552549185231328,0.0004855663911992613,9,21.714285850524902,2.9610104874202183,-1.0
0.012218057177960873,0.004782966189933094,42,0.18725448101758957,0.00046616274761471693,9,22.142857228006637,2.945040269579206,-1.0
0.013881515457548878,0.004062093984843655,43,0.19761834107339382,0.00044681898825837057,9,25.857142976352147,2.904051911490304,-1.0
0.01461005833169276,0.004432199036025188,44,0.2097592819482088,0.000427564939805086,9,23.85714294229235,2.8832689462389265,-1.0
0.013907884141768922,0.0026970980477265334,45,0.18289218889549375,0.00040843029060201667,9,23.000000076634542,2.8916236209869384,-1.0
0.012849445454776287,0.002676931463859298,46,0.17096322495490313,0.000389444544891327,9,24.928571598870413,2.849224274499076,-1.0
0.011900115800513462,0.002870396478101611,47,0.16265972098335624,0.0003706369773167883,9,24.500000102179392,2.8354305962153843,-1.0
0.012819197473370215,0.0038481871597468853,48,0.18352086003869772,0.0003520365877844012,9,25.5,2.7952338477543424,-1.0
0.011638611216436733,0.002561845605007627,49,0.15638795914128423,0.0003336720567466412,9,28.000000153269088,2.760550843647548,-1.0
0.014364555054767565,0.0028184753927317533,50,0.18923973385244608,0.0003155717009792807,9,25.64285738127572,2.7697985676356724,-1.0
0.0147503337145529,0.0035993137227540665,51,0.20212588110007346,0.00029776342991897335,9,26.71428576537541,2.7620882987976074,-1.0
0.012829346264797177,0.003926041917028752,52,0.18454099795781076,0.00028027470262892445,9,28.28571445601327,2.694382320131574,-1.0
0.011200107634067535,0.0036831943699243393,53,0.16388114006258547,0.0002631324854590073,9,26.428571462631226,2.7425232001713344,-1.0
0.00818977581167763,0.003378167092292146,54,0.12738610012456775,0.0002463632104656054,9,26.35714292526245,2.716972297940935,-1.0
0.008404798911545764,0.0040125212716785345,55,0.1366944380570203,0.0002299927346552969,9,27.7142858845847,2.7008827645438056,-1.0
0.009447129803117026,0.0024282889101992955,56,0.13073126808740199,0.00021404630011522587,9,28.142857228006637,2.7015100942339214,-1.0
0.009513680103488943,0.0029356971764090386,57,0.13704463210888207,0.00019854849509163232,9,27.500000102179392,2.658850280216762,-1.0
0.008411920587108894,0.002892060692168095,58,0.1244474679697305,0.00018352321607655918,9,28.85714295932225,2.6367436572483607,-1.0
0.008543507619337603,0.0033632390074093232,59,0.13107776804827154,0.00016899363096119395,9,28.285714285714285,2.6734305708748956,-1.0
0.008243453688919544,0.003584851764819839,60,0.13021329301409423,0.000154982143312659,9,28.142857347215926,2.6559625639234272,-1.0
0.008101894372058186,0.003930316454815594,61,0.13245561090297997,0.0001415103578293356,9,29.00000011920929,2.625448567526681,-1.0
0.00908610480837524,0.00278419264676896,62,0.13067260989919305,0.0001285990470279847,9,30.071428605488368,2.621084243229457,-1.0
0.008515686516396025,0.002818586474115198,63,0.12477757292799652,0.0001162681192140312,9,29.928571479661123,2.6096556186676025,-1.0
0.009034814694049683,0.0025224439503455705,64,0.12723378092050552,0.00010453658778440107,9,31.07142882687705,2.5851486669267927,-1.0
0.010929466923698783,0.0035137826238166203,65,0.15900832298211753,9.342254191024022e-05,9,31.428571479661123,2.567301047188895,-1.0
0.010907990900291637,0.00352889720604501,66,0.15898779197596014,8.294311864472437e-05,9,28.642857347215926,2.5372006361825123,-1.0
0.010670680277557536,0.0036663519938222385,67,0.15784403891302645,7.311447649896551e-05,9,28.500000136239187,2.5783200999668665,-1.0
0.014171579852700233,0.005269660423933105,68,0.21404570084996521,6.395177052675794e-05,9,30.142857347215926,2.5607140391213554,-1.0
0.013626683016561648,0.005295662886717103,69,0.20843194401822984,5.546912895658472e-05,9,32.214285952704294,2.511786934988839,-1.0
0.011325520738451318,0.0059470819859680805,70,0.1902105468325317,4.767963140691306e-05,9,31.214285918644496,2.545919558661325,-1.0
0.008092513773590326,0.005505010125819932,71,0.14970900700427592,4.059528871837034e-05,9,32.14285722800663,2.54078015599932,-1.0
0.008939071431417357,0.003388689217072996,72,0.13572784094139934,3.4227024433899e-05,9,30.50000023841858,2.5572987883431573,-1.0
0.011359510689296505,0.00401596212759614,73,0.16926902788691223,2.8584657955444653e-05,9,31.357142908232554,2.5412220450810024,-1.0
0.008528648579323833,0.0032712834971872244,74,0.1299500479362905,2.367688940315011e-05,9,27.785714438983373,2.5448899459838867,-1.0
0.00939925154671073,0.003514955455267971,75,0.14217826002277434,1.951128620040094e-05,9,31.214285952704294,2.534637234551566,-1.0
0.009479108266532421,0.0029188893650743094,76,0.1365254851989448,1.6094271405406862e-05,9,31.357143010411942,2.514937722342355,-1.0
0.0105704956645654,0.0039448517967354164,77,0.15980722894892097,1.3431113807311488e-05,9,29.571428690637863,2.559031433377947,-1.0
0.009790313832292502,0.003848663975738666,78,0.15019503491930664,1.1525919802101659e-05,9,32.21428598676409,2.533232078552246,-1.0
0.010096866446970538,0.0028795865576036954,79,0.14290483808144927,1.0381627060842164e-05,9,31.07142882687705,2.5122007247379847,-1.0
0.010335253191773187,0.004146820802072232,80,0.15947837615385652,1e-05,9,31.07142879281725,2.554116586957659,-1.0
0.012376820765590915,0.017482894472777843,1,0.3584764329716563,0.000999618372939158,10,1.2000000049670538,5.901583338419596,-1.0
0.010687323481154939,0.0026077181876947484,2,0.15969946677796543,0.0009984740801978985,10,2.4666666691501935,4.515781262715658,-1.0
0.010878944303840399,0.003578533030425509,3,0.17366177611984313,0.0009965688861926887,10,3.600000002483527,4.443555835723877,-1.0
0.010872403082127372,0.003361858349914352,4,0.1709987879730761,0.0009939057285945933,10,3.5333333452542623,4.379390628814697,-1.0
0.013569222239311785,0.0034819115923407176,5,0.20482123596593738,0.0009904887137995992,10,5.666666676600774,4.292533203125,-1.0
0.012866424163803458,0.003485742083285004,6,0.1964503910858184,0.00098632311059685,10,6.333333359162013,4.215006993611653,-1.0
0.008786460714569936,0.0037018569419160485,7,0.14999519498087466,0.0009814153420445555,10,6.66666667163372,4.146106122334798,-1.0
0.00905210361815989,0.003173194379390528,8,0.14680585986934602,0.0009757729755661012,10,6.333333345254262,4.082746738433838,-1.0
0.008986795844975859,0.003528525664781531,9,0.1502913690637797,0.0009694047112816298,10,7.066666678587596,4.036652341206868,-1.0
0.010084647530068954,0.0035538467345759273,10,0.1638009501621127,0.0009623203685930871,10,8.60000002582868,3.9909733187357586,-1.0
0.01432366449929153,0.002916870502910266,11,0.2071067187935114,0.0009545308710434153,10,7.466666662693024,3.907099286397298,-1.0
0.01491131390988206,0.0042787011673984425,12,0.23053831793367863,0.0009460482294732422,10,8.333333359162014,3.8805188738505048,-1.0
0.014594149562375,0.003387878260885676,13,0.21609373693354428,0.0009368855235010348,10,9.533333357175191,3.8696834259033204,-1.0
0.014324907271657139,0.0029505108250305057,14,0.20760199101641774,0.0009270568813552758,10,9.33333334128062,3.810707198460897,-1.0
0.013790304132271558,0.00478681563011681,15,0.22317946795374155,0.0009165774580897602,10,10.73333334128062,3.7745143292744956,-1.0
0.01167711700933675,0.003915369161404669,16,0.18738147104158998,0.0009054634122155992,10,10.866666690508525,3.7216196231842043,-1.0
0.014359264498731742,0.004196651842600356,17,0.22288269293494523,0.0008937318807859689,10,10.86666665871938,3.6871559200286863,-1.0
0.01441320712910965,0.0054655067894297344,18,0.23886479600332677,0.0008814009529720156,10,13.599999976158141,3.656191734949748,-1.0
0.012750610262931636,0.005053873309710373,19,0.21392485918477178,0.0008684896421706646,10,13.133333353201548,3.614588710784912,-1.0
0.013013539292539159,0.004117982365035762,20,0.20642013102769852,0.0008550178566873412,10,13.866666702429454,3.565230141321818,-1.0
0.010946377025296291,0.0022844775618674853,21,0.1589384579565376,0.0008410063690388064,10,15.00000005165736,3.4922794602711997,-1.0
0.014501845425305268,0.0037388839021635554,22,0.21910126111470163,0.0008264767839234412,10,14.733333359162012,3.4787589893341067,-1.0
0.01434640419514229,0.003804786130785942,23,0.21807249914854765,0.000811451504908368,10,14.999999992052715,3.4050442733764648,-1.0
0.014682122836044679,0.003928144908665369,24,0.22353677381761372,0.0007959536998847743,10,15.800000019868214,3.4185311279296875,-1.0
0.014537932816892862,0.0026768018530371287,25,0.20679939887486398,0.0007800072653447032,10,15.199999976158143,3.4144016151428223,-1.0
0.010276859548563758,0.002995414542965591,26,0.15949130477383733,0.0007636367895343947,10,14.866666674613953,3.377411952336629,-1.0
0.010929589276202023,0.0031036018820789955,27,0.1685544780921191,0.0007468675145409928,10,16.533333337306978,3.3541595249176024,-1.0
0.011092185974121094,0.0025258742777320244,28,0.16360801993869245,0.0007297252973710758,10,20.13333330154419,3.2756140925089516,-1.0
0.011044797584569702,0.004164852007913093,29,0.1827074319589883,0.0007122365700810271,10,17.666666702429453,3.3227064654032388,-1.0
0.011678250584130486,0.0035791020879211524,30,0.18327697389759123,0.0006944282990207196,10,17.13333336909612,3.2405563163757325,-1.0
0.01126607476423184,0.0026800259753751257,31,0.16754043893888593,0.0006763279432533592,10,17.13333334128062,3.2780267378489176,-1.0
0.008555047796107829,0.0036164355309059224,32,0.1461947439238429,0.0006579634122155992,10,17.599999992052712,3.199865910847982,-1.0
0.008887262995510051,0.0023474040790461004,33,0.1349527498241514,0.000639363022683212,10,20.533333337306978,3.152412022908529,-1.0
0.010845103727964064,0.0038597465221149227,34,0.17661294504068792,0.0006205554551086735,10,19.866666702429452,3.1470751724243162,-1.0
0.012457308669885,0.004097015325290461,35,0.19881906802766025,0.0006015697093979838,10,19.600000023841858,3.1016175111134845,-1.0
0.012311563012190163,0.0022471867268905044,36,0.17493481189012527,0.0005824350601949146,10,21.200000003973642,3.0840880540211995,-1.0
0.011533604585565627,0.004930142914721121,37,0.1977723608724773,0.0005631810117416299,10,20.066666698455812,3.0510386187235516,-1.0
0.011427138524595648,0.002474052404674391,38,0.1670128491241485,0.0005438372523852835,10,21.733333349227905,3.014365357716878,-1.0
0.01421918380462254,0.003486700433616837,39,0.21271540690213442,0.0005244336088007391,10,22.33333331743876,3.0073910388946534,-1.0
0.01431616221088916,0.004033770703244954,40,0.22046077600680292,0.0005050000000000001,10,22.933333452542623,2.960325975418091,-1.0
0.01387692962695534,0.003668688877951354,41,0.21079111588187516,0.0004855663911992613,10,23.33333339691162,2.96675399462382,-1.0
0.014101461798418313,0.0027813182095997036,42,0.20282615907490253,0.00046616274761471693,10,23.533333321412403,2.9644367116292316,-1.0
0.013793221636054417,0.0036578727692055204,43,0.20967351295985281,0.00044681898825837057,10,24.86666669845581,2.9447126509348553,-1.0
0.013184160731422404,0.0031246906728483737,44,0.19596864888444543,0.000427564939805086,10,24.333333341280618,2.9060677706400555,-1.0
0.012232547315458456,0.0036015756777487695,45,0.1901780681218952,0.00040843029060201667,10,23.600000047683714,2.892876419067383,-1.0
0.011505508640160164,0.003568090517849972,46,0.18105345405638218,0.000389444544891327,10,25.666666634877522,2.815912136713664,-1.0
0.01114360485613967,0.0035389804009658596,47,0.17636287002824247,0.0003706369773167883,10,25.00000011920929,2.7986304734547933,-1.0
0.012243223143741488,0.004633680606881778,48,0.20269345003180206,0.0003520365877844012,10,25.33333343664805,2.8060815594991046,-1.0
0.014490011051141968,0.0036668210329177478,49,0.21806208393536508,0.0003336720567466412,10,25.733333285649618,2.784135125478109,-1.0
0.015726014389656484,0.004054825442532699,50,0.23759935097768903,0.0003155717009792807,10,26.46666668256124,2.76404537264506,-1.0
0.014177889446727931,0.004241322225425392,51,0.22131319297477603,0.00029776342991897335,10,27.26666661898295,2.732429559707642,-1.0
0.01265915851884832,0.003952194975378613,52,0.19955014204606414,0.00028027470262892445,10,26.733333353201548,2.7372193806966147,-1.0
0.01412095174115772,0.0030465755068386593,53,0.20621727709658444,0.0002631324854590073,10,27.266666634877524,2.7010654271443686,-1.0
0.01404621071803073,0.004338072709894429,54,0.22086321818642318,0.0002463632104656054,10,26.866666714350384,2.6954812647501627,-1.0
0.014022847501716265,0.003689420409500599,55,0.21280411118641496,0.0002299927346552969,10,27.599999992052712,2.7370025011698407,-1.0
0.011855216153586904,0.004438662028405815,56,0.1957116350531578,0.00021404630011522587,10,27.466666785875955,2.694022382100423,-1.0
0.013746799028012902,0.002920983126387,57,0.20018880907446146,0.00019854849509163232,10,27.86666663487752,2.6682399349212647,-1.0
0.00894245357873539,0.003184482086605082,58,0.14570960705168545,0.00018352321607655918,10,27.733333404858907,2.6748814754486085,-1.0
0.008925110256920258,0.003788950426193575,59,0.15267582912929356,0.00016899363096119395,10,30.933333333333334,2.627267537434896,-1.0
0.010281697342482706,0.002368285747555395,60,0.15253814309835434,0.000154982143312659,10,29.266666634877524,2.6167113679250082,-1.0
0.012679576660351207,0.0035064315889030695,61,0.19436524901539087,0.0001415103578293356,10,29.33333330154419,2.603982347488403,-1.0
0.012440192338544875,0.00264032957299302,62,0.181131721008569,0.0001285990470279847,10,29.99999998410543,2.643614014307658,-1.0
0.010816385542663435,0.0026055177052815757,63,0.16122284880839288,0.0001162681192140312,10,28.599999984105427,2.61659597714742,-1.0
0.011911266134120524,0.003370644039629648,64,0.18354245088994503,0.00010453658778440107,10,28.933333285649617,2.5955479335784912,-1.0
0.011918396669595191,0.0033945300771544376,65,0.18396083801053464,9.342254191024022e-05,10,29.799999952316284,2.5536420040130614,-1.0
0.010223326816534003,0.0043438572708206875,66,0.1749739299993962,8.294311864472437e-05,10,30.466666650772094,2.5553515650431313,-1.0
0.010633197884696225,0.0028648418568385146,67,0.16207949095405638,7.311447649896551e-05,10,29.26666667461395,2.577832560857137,-1.0
0.012002611416392028,0.004233824011559288,68,0.19499286799691617,6.395177052675794e-05,10,29.933333317438763,2.5434395739237465,-1.0
0.012310977928185215,0.0025924104071843126,69,0.1790266188327223,5.546912895658472e-05,10,28.80000011920929,2.5856833330790203,-1.0
0.012598567079597464,0.002559266499398897,70,0.1820776779204607,4.767963140691306e-05,10,31.000000055631002,2.5257178745269777,-1.0
0.01194309959343324,0.003204809152521193,71,0.18196311686187983,4.059528871837034e-05,10,31.466666754086813,2.5631908880869547,-1.0
0.013730100491860261,0.004427121176073949,72,0.21807697601616383,3.4227024433899e-05,10,30.0,2.5480108598073326,-1.0
0.014068239310290664,0.0034680066746659577,73,0.21065004402771592,2.8584657955444653e-05,10,30.200000087420147,2.59007936668396,-1.0
0.01408051218216618,0.003885663483136644,74,0.2158666169270873,2.367688940315011e-05,10,32.93333328564962,2.509972984313965,-1.0
0.01443011884111911,0.004345164323846499,75,0.22559561603702605,1.951128620040094e-05,10,31.13333342075348,2.5188165016174318,-1.0
0.014255710101375977,0.004645731979204963,76,0.2271195170469582,1.6094271405406862e-05,10,32.06666675408681,2.495861639022827,-1.0
0.01293955190340057,0.004361783173711349,77,0.20784731791354716,1.3431113807311488e-05,10,31.933333333333334,2.5381262836456298,-1.0
0.014871450412708024,0.004378983421095957,78,0.23122384306043386,1.1525919802101659e-05,10,31.466666634877523,2.5539201532999676,-1.0
0.014514764033568403,0.00400661564587305,79,0.2225105359684676,1.0381627060842164e-05,10,30.999999952316283,2.526310485204061,-1.0
0.008549219676448653,0.004363834819135566,80,0.15513789607211947,1e-05,10,31.533333404858908,2.5295420710245766,-1.0
0.01131673244974361,0.015163860176331721,1,0.34437407297082245,0.000999618372939158,11,1.3125,5.099300537109375,-1.0
0.01131381825185739,0.002400707363939056,2,0.1784376371651888,0.0009984740801978985,11,2.0625,4.541567993164063,-1.0
0.01342594215216545,0.003827728760930208,3,0.22446759487502277,0.0009965688861926887,11,3.5625,4.48383544921875,-1.0
0.0107231277327698,0.0025296750335166087,4,0.17242632596753538,0.0009939057285945933,11,4.1875,4.423161926269532,-1.0
0.009730759273784665,0.0033383113511193255,5,0.17001705709844828,0.0009904887137995992,11,4.0625,4.352869262695313,-1.0
0.010075817457758464,0.0025966631499334024,6,0.16486666514538229,0.00098632311059685,11,5.75,4.2445242309570315,-1.0
0.012113883482435575,0.0021727944258600473,7,0.18587960093282163,0.0009814153420445555,11,5.75,4.204875183105469,-1.0
0.009321712154465226,0.0028002279309126046,8,0.1577545739710331,0.0009757729755661012,11,6.4375,4.144208984375,-1.0
0.012225169330262221,0.0027243950619147373,9,0.19454279518686235,0.0009694047112816298,11,7.0625,4.07452621459961,-1.0
0.01262020694020276,0.004306726139755203,10,0.22026475192978978,0.0009623203685930871,11,8.5,4.030394897460938,-1.0
0.01036437264142128,0.0022695194392536697,11,0.16438949014991522,0.0009545308710434153,11,8.5,3.9485081481933593,-1.0
0.009923507208720995,0.0034115710116636297,12,0.1735130411107093,0.0009460482294732422,11,9.125,3.8970651245117187,-1.0
0.014871695455020437,0.0033905556998573816,13,0.23761968105100095,0.0009368855235010348,11,8.125,3.8516667175292967,-1.0
0.010316091840370344,0.003604423774119753,14,0.1811867041978985,0.0009270568813552758,11,9.8125,3.837429656982422,-1.0
0.010372979405264441,0.002526095137000084,15,0.16781170386821032,0.0009165774580897602,11,8.9375,3.8170426940917968,-1.0
0.010699765702996116,0.003998246617042101,16,0.1912260171957314,0.0009054634122155992,11,10.8125,3.762295989990234,-1.0
0.01377340373941339,0.0037064580963208126,17,0.22739150398410857,0.0008937318807859689,11,10.75,3.7369429016113282,-1.0
0.01170728223111767,0.004566417308524251,18,0.21173678105697036,0.0008814009529720156,11,10.0625,3.711714630126953,-1.0
0.013843055868234772,0.004152295609506277,19,0.2341261280234903,0.0008684896421706646,11,11.6875,3.6810003662109376,-1.0
0.014335124234024148,0.0030358730672070612,20,0.22607277892529964,0.0008550178566873412,11,13.3125,3.6213182067871093,-1.0
0.012193511741665693,0.0024004354893874666,21,0.18993895896710455,0.0008410063690388064,11,12.5,3.6084743118286133,-1.0
0.013659572676540567,0.0036195670970930504,22,0.22482332796789706,0.0008264767839234412,11,13.25,3.5797197723388674,-1.0
0.014988904926352777,0.0030810659966216637,23,0.2351542180404067,0.000811451504908368,11,13.75,3.5232452392578124,-1.0
0.011392690957738804,0.0032247799591949354,24,0.19028292503207922,0.0007959536998847743,11,13.5625,3.5338100814819335,-1.0
0.01330939676755896,0.0023772343814086458,25,0.2040983431506902,0.0007800072653447032,11,14.0,3.5034445190429686,-1.0
0.010069899511738466,0.004029207397252321,26,0.1834220108576119,0.0007636367895343947,11,14.6875,3.465518341064453,-1.0
0.008846505777910352,0.003565641137986229,27,0.16148227686062455,0.0007468675145409928,11,16.0625,3.4418498992919924,-1.0
0.008182753558055712,0.003261282054993969,28,0.14889523689635098,0.0007297252973710758,11,15.125,3.4243313026428224,-1.0
0.009051070799334692,0.0033526227343827486,29,0.16137318313121796,0.0007122365700810271,11,14.625,3.427498016357422,-1.0
0.009091598089211263,0.0028335187727442156,30,0.1551546819973737,0.0006944282990207196,11,14.6875,3.4171981048583984,-1.0
0.009414672762012253,0.0032766922377049923,31,0.16513265203684568,0.0006763279432533592,11,15.5,3.4290682220458986,-1.0
0.010024291158725437,0.002124522920124806,32,0.1580575369298458,0.0006579634122155992,11,17.125,3.3914564514160155,-1.0
0.011764903660290517,0.0030742808101842036,33,0.19306263700127602,0.000639363022683212,11,15.75,3.375166664123535,-1.0
0.012482084656277528,0.002632162426240169,34,0.19668348995037377,0.0006205554551086735,11,16.8125,3.3340556716918943,-1.0
0.010404485958413435,0.00246184034487949,35,0.1674422910436988,0.0006015697093979838,11,16.1875,3.3037731552124026,-1.0
0.009632985358341383,0.0030801908757824162,36,0.16539578698575497,0.0005824350601949146,11,17.875,3.2782613372802736,-1.0
0.009424986084923148,0.002053155295120982,37,0.1493431581184268,0.0005631810117416299,11,16.875,3.246141014099121,-1.0
0.011513836287821714,0.002736500947951124,38,0.1854275439400226,0.0005438372523852835,11,18.125,3.21909912109375,-1.0
0.014240026581459321,0.003933570347726345,39,0.23647468606941402,0.0005244336088007391,11,17.9375,3.2336503219604493,-1.0
0.01169238080127308,0.0025051282002375675,40,0.18480557319708169,0.0005050000000000001,11,17.8125,3.234002990722656,-1.0
0.013783142203465104,0.0034549984937677016,41,0.22431644005700946,0.0004855663911992613,11,18.8125,3.19740629196167,-1.0
0.012332392963938989,0.003354713499832612,42,0.20416298997588456,0.00046616274761471693,11,18.3125,3.185269775390625,-1.0
0.014922660274001269,0.003253497344513352,43,0.23653938295319676,0.00044681898825837057,11,19.1875,3.1541820526123048,-1.0
0.015074795667225352,0.0031453877902374817,44,0.23714504903182387,0.000427564939805086,11,19.5625,3.167396240234375,-1.0
0.014385925695443382,0.0034089216854996406,45,0.23160393116995692,0.00040843029060201667,11,19.9375,3.1537161827087403,-1.0
0.014259830493336687,0.004013779268671687,46,0.23781253909692168,0.000389444544891327,11,19.5625,3.1170801544189453,-1.0
0.014773189394663159,0.003490164911804291,47,0.23767972993664443,0.0003706369773167883,11,19.875,3.129755516052246,-1.0
0.014604625507042958,0.0025750014286201736,48,0.22359361592680216,0.0003520365877844012,11,20.8125,3.1020400619506834,-1.0
0.01444848243576976,0.0031106927826140937,49,0.22852791496552527,0.0003336720567466412,11,21.75,3.0745229530334472,-1.0
0.015146909854733027,0.0032874429061149177,50,0.2399045219644904,0.0003155717009792807,11,22.5,3.060545482635498,-1.0
0.01496167085133493,0.004287946611069716,51,0.2505130278877914,0.00029776342991897335,11,21.125,3.0769762420654296,-1.0
0.011531095199573498,0.0037067045744221946,52,0.19830681895837188,0.00028027470262892445,11,20.8125,3.0825827980041502,-1.0
0.008920854817216214,0.002662316878111317,53,0.15071917814202607,0.0002631324854590073,11,21.875,3.037277488708496,-1.0
0.01177286820557828,0.0031543349524816642,54,0.19422433711588383,0.0002463632104656054,11,21.5625,3.036611804962158,-1.0
0.012651277437376289,0.0035695497913715932,55,0.21106310188770294,0.0002299927346552969,11,22.3125,3.0127548599243164,-1.0
0.010465727044412723,0.003154565186168139,56,0.17718796501867473,0.00021404630011522587,11,19.5625,3.0644637870788576,-1.0
0.009307504846499516,0.003793219319329812,57,0.17043446097522974,0.00019854849509163232,11,22.875,2.972754783630371,-1.0
0.009375309392523307,0.0032266124438207885,58,0.16394817805849016,0.00018352321607655918,11,22.6875,3.0048123931884767,-1.0
0.009229792210345086,0.003750042488368658,59,0.16886123595759273,0.00016899363096119395,11,22.875,3.0046216011047364,-1.0
0.011550521209406165,0.003001520875841379,60,0.18935382296331227,0.000154982143312659,11,23.125,2.9476601219177248,-1.0
0.010904994417125216,0.0030166968130148374,61,0.18115088902413845,0.0001415103578293356,11,22.9375,2.9827072715759275,-1.0
0.009680201836790029,0.0037453225455605066,62,0.17466256394982338,0.0001285990470279847,11,23.875,2.9602792930603026,-1.0
0.009840952877241831,0.0035556482079510507,63,0.17428978392854333,0.0001162681192140312,11,23.5,2.939726963043213,-1.0
0.009794587126144996,0.0032541669654445006,64,0.1697575079742819,0.00010453658778440107,11,24.4375,2.927367687225342,-1.0
0.010482937240829835,0.003086329366152103,65,0.17650508205406368,9.342254191024022e-05,11,23.625,2.9439579010009767,-1.0
0.009781700290309695,0.003665941086812661,66,0.17492017918266356,8.294311864472437e-05,11,25.5,2.9218170166015627,-1.0
0.011668279122274656,0.0037313345819711685,67,0.20030466187745333,7.311447649896551e-05,11,24.1875,2.9316888427734376,-1.0
0.01411895344678599,0.003292380330654291,68,0.226526697864756,6.395177052675794e-05,11,24.75,2.913881721496582,-1.0
0.010798217119792333,0.00312219920138327,69,0.18117007915861905,5.546912895658472e-05,11,23.4375,2.8961505126953124,-1.0
0.014205263676838232,0.003326834089910755,70,0.22810378903523088,4.767963140691306e-05,11,25.8125,2.860204162597656,-1.0
0.011372606431205686,0.0029577799499608004,71,0.186557374894619,4.059528871837034e-05,11,25.1875,2.8665752601623535,-1.0
0.013563754287763284,0.003543841545111858,72,0.2226671790704131,3.4227024433899e-05,11,25.0625,2.8831825256347656,-1.0
0.01308309852790374,0.002220059082341882,73,0.19918331294320524,2.8584657955444653e-05,11,25.375,2.8835285568237303,-1.0
0.012620725418226076,0.0040868306532502174,74,0.21739275008440018,2.367688940315011e-05,11,24.5625,2.8835652351379393,-1.0
0.01001024294572954,0.0031015855224373248,75,0.17063007387332618,1.951128620040094e-05,11,24.5625,2.9092718315124513,-1.0
0.013831776172782365,0.003113107684140022,76,0.2204183409921825,1.6094271405406862e-05,11,24.4375,2.9061561393737794,-1.0
0.011546932787706073,0.003347112904660977,77,0.193792489124462,1.3431113807311488e-05,11,24.375,2.929445323944092,-1.0
0.011704534131030623,0.003795992941237413,78,0.20169588504359126,1.1525919802101659e-05,11,26.625,2.8704623985290527,-1.0
0.013607826800300525,0.0029823666689201044,79,0.21587169193662703,1.0381627060842164e-05,11,24.6875,2.9108024978637697,-1.0
0.013821974092234787,0.00502516205709141,80,0.24526600912213326,1e-05,11,25.4375,2.8997643280029295,-1.0
0.011677277773352606,0.014504396506319088,1,0.3667243600357324,0.000999618372939158,12,1.4705882357323872,5.023100295347326,-1.0
0.011871754092031292,0.002500950841100088,2,0.20137991104274988,0.0009984740801978985,12,3.294117647935362,4.527911878473619,-1.0
0.01459017114913357,0.0031479190635894027,3,0.24857523501850665,0.0009965688861926887,12,3.117647059261799,4.4542232042200425,-1.0
0.010055418558684843,0.003014159222532596,4,0.18317923601716757,0.0009939057285945933,12,4.88235294161474,4.33734317891738,-1.0
0.009602744864033801,0.0032758948426427586,5,0.1804291580338031,0.0009904887137995992,12,5.235294118523598,4.2481937913333665,-1.0
0.00965962918209178,0.0028218593880800264,6,0.17484396416693926,0.00098632311059685,12,6.647058828788645,4.1776348495483395,-1.0
0.009307633686278547,0.0027162303116970827,7,0.16844727494753897,0.0009814153420445555,12,8.00000000087654,4.076653263989617,-1.0
0.00908216745925269,0.002069593407213688,8,0.1562445219606161,0.0009757729755661012,12,7.235294118523598,4.023990339391371,-1.0
0.009016889895844673,0.0036406186741909812,9,0.177333913045004,0.0009694047112816298,12,9.352941177347127,3.9624020554037656,-1.0
0.010343386858169521,0.0029545850619407637,10,0.18630460603162646,0.0009623203685930871,12,10.352941181729822,3.9074995321386,-1.0
0.009125030034088663,0.0039727228161479744,11,0.18347527994774282,0.0009545308710434153,12,9.000000014024621,3.871619800679824,-1.0
0.014054475352168083,0.004188589651935867,12,0.2556005159858614,0.0009460482294732422,12,9.470588237047195,3.8255408421684716,-1.0
0.01367208210285753,0.00303578533099166,13,0.23415971803478897,0.0009368855235010348,12,11.117647064082762,3.768863021626192,-1.0
0.013466697485585297,0.002070560585707426,14,0.2177346630487591,0.0009270568813552758,12,11.58823529937688,3.7347495393192065,-1.0
0.013964444931064333,0.0031159238590459737,15,0.23934962903149426,0.0009165774580897602,12,11.117647059700069,3.697112891814288,-1.0
0.010175440310766655,0.003299111749843827,16,0.18887152103707194,0.0009054634122155992,12,12.647058837554034,3.65569242589614,-1.0
0.013924044240931315,0.003025728327754353,17,0.23750493791885674,0.0008937318807859689,12,12.058823531164842,3.660256274728214,-1.0
0.013952124248524862,0.003866012241425259,18,0.24974342482164502,0.0008814009529720156,12,13.470588238800273,3.6112231428482953,-1.0
0.010400065353938512,0.002721747865767351,19,0.18397434707731009,0.0008684896421706646,12,12.882352942929549,3.5789230155944822,-1.0
0.014097148036983396,0.003795435602244522,20,0.2507449940312654,0.0008550178566873412,12,14.058823531164842,3.543185821421006,-1.0
0.014427700711946403,0.0038516392898080604,21,0.2562193018384278,0.0008410063690388064,12,14.941176484612857,3.499281075421502,-1.0
0.014505530873845731,0.0036820152641407083,22,0.25493612000718713,0.0008264767839234412,12,14.764705889365253,3.432309065987082,-1.0
0.013469276267902128,0.004218638092944664,23,0.24786986783146858,0.000811451504908368,12,15.941176470588236,3.4443189548043645,-1.0
0.011317990553964461,0.0029383115137794186,24,0.199761618161574,0.0007959536998847743,12,15.882352955201092,3.3948968146829044,-1.0
0.013796147225158555,0.003403671917372516,25,0.24102407693862915,0.0007800072653447032,12,16.23529413167168,3.3594494971107034,-1.0
0.011704912642017007,0.003103765775449574,26,0.20753700099885464,0.0007636367895343947,12,15.176470589988371,3.4201030400220085,-1.0
0.013888240841749524,0.004626429373664516,27,0.2594108709599823,0.0007468675145409928,12,17.00000001402462,3.3336909737306484,-1.0
0.01256262294815055,0.0036265348317101598,28,0.22686334210447967,0.0007297252973710758,12,15.941176484612857,3.326783769270953,-1.0
0.011161639903938132,0.0033261451670633896,29,0.20300766895525157,0.0007122365700810271,12,17.235294119400137,3.28308913343093,-1.0
0.011486553736696286,0.0027401854084538563,30,0.19936683611012995,0.0006944282990207196,12,17.647058837554034,3.2517016063017006,-1.0
0.012098665099724062,0.0035169810455824646,31,0.2188339380081743,0.0006763279432533592,12,18.176470595247604,3.2164484024047852,-1.0
0.013110304384359292,0.002804562682285905,32,0.2230301310773939,0.0006579634122155992,12,17.882352944682626,3.259484251246733,-1.0
0.013997475982510619,0.0033746318825121436,33,0.2434688180219382,0.000639363022683212,12,19.29411765757729,3.206199235355153,-1.0
0.011780690784300012,0.003070911209631179,34,0.20814758399501443,0.0006205554551086735,12,18.294117654071133,3.202038683049819,-1.0
0.01171584618610463,0.003036098039176847,35,0.20671193581074476,0.0006015697093979838,12,18.647058837554034,3.179066053278306,-1.0
0.015118958129148399,0.0029441208046461853,36,0.25311211915686727,0.0005824350601949146,12,20.529411769965115,3.134752591077019,-1.0
0.014620103257974344,0.002135343966074288,37,0.2348624700680375,0.0005631810117416299,12,20.529411771718195,3.1152830219268797,-1.0
0.014237300143577158,0.0020745121374992387,38,0.2286362568847835,0.0005438372523852835,12,19.58823530814227,3.114265121011173,-1.0
0.014661253380057002,0.0031513075477310588,39,0.2496544811874628,0.0005244336088007391,12,20.529411771718195,3.070473076315487,-1.0
0.011779772633287524,0.002079309513127165,40,0.194259979063645,0.0005050000000000001,12,20.058823536424075,3.08090186623966,-1.0
0.00955903809517622,0.0021153518464416265,41,0.1635963509324938,0.0004855663911992613,12,21.70588235820041,3.0848049365772923,-1.0
0.010960360090913517,0.002351229395052152,42,0.18651461089029908,0.00046616274761471693,12,20.764705885859097,3.0840557328392477,-1.0
0.009504147705488972,0.003160583071543702,43,0.1775087038986385,0.00044681898825837057,12,22.294117647058822,3.0366986970340504,-1.0
0.009463067781845374,0.003477160569413432,44,0.18128534010611475,0.000427564939805086,12,22.352941190495212,2.9972949953640207,-1.0
0.010287184966728091,0.0033428978973201345,45,0.1909261669497937,0.00040843029060201667,12,22.411764711141586,3.0023348454868093,-1.0
0.011546225702789212,0.002888411216970001,46,0.2022291619796306,0.000389444544891327,12,23.41176471640082,2.959663283404182,-1.0
0.012112314347177744,0.0026266303778226885,47,0.20651720417663455,0.0003706369773167883,12,22.70588235995349,2.977532096750596,-1.0
0.012442150386050344,0.003186186176857778,48,0.21898682601749897,0.0003520365877844012,12,23.235294145696304,2.961672003689934,-1.0
0.014811657136306167,0.0030385852358969195,49,0.25013275700621307,0.0003336720567466412,12,23.11764705882353,2.9109633658914005,-1.0
0.014638628710859589,0.0029613524342754056,50,0.2466874080710113,0.0003155717009792807,12,23.352941169458276,2.9144938199660357,-1.0
0.014141762096967016,0.0021080829735313144,51,0.22769734007306397,0.00029776342991897335,12,23.52941177522435,2.932443774167229,-1.0
0.011998437378289444,0.0020435244077816606,52,0.19672824488952756,0.00028027470262892445,12,24.117647062329684,2.9153349410786347,-1.0
0.010050176942188824,0.0027302614180371165,53,0.17907624202780426,0.0002631324854590073,12,25.058823522399454,2.860124262080473,-1.0
0.009424627326162798,0.0021865930341716322,54,0.16268739011138678,0.0002463632104656054,12,24.941176477600546,2.888564811033361,-1.0
0.008926537918991275,0.003497562587394246,55,0.17405958892777562,0.0002299927346552969,12,24.82352943981395,2.853150276857264,-1.0
0.010444226957458471,0.002081565758479493,56,0.1754965118598193,0.00021404630011522587,12,25.352941204519833,2.841747366400326,-1.0
0.014278623391874135,0.0021869261815611806,57,0.23072611493989825,0.00019854849509163232,12,25.882352962213403,2.810034932529225,-1.0
0.01378229509906045,0.004505484614388219,58,0.2562811030074954,0.00018352321607655918,12,24.882352955201092,2.8390260937634637,-1.0
0.011557096548910652,0.0032347087981179357,59,0.20729515911079943,0.00016899363096119395,12,25.705882345928867,2.8184237872852997,-1.0
0.01484371442347765,0.0031611380067520906,60,0.2523032759781927,0.000154982143312659,12,26.529411785742816,2.797549133861766,-1.0
0.014158361025952868,0.0034863657617409316,61,0.2472937151324004,0.0001415103578293356,12,27.29411767510807,2.761403864692239,-1.0
0.01167050258456064,0.0026086750606607112,62,0.20013737003318965,0.0001285990470279847,12,25.764705884106018,2.759822352353264,-1.0
0.011609223604734455,0.002111577894538641,63,0.19226950802840292,0.0001162681192140312,12,27.64705883404788,2.749835600572474,-1.0
0.010849785758182406,0.002948165588480021,64,0.19330098293721676,0.00010453658778440107,12,26.70588235995349,2.78288940373589,-1.0
0.011193083532686745,0.0031791112518736292,65,0.20139223895967007,9.342254191024022e-05,12,27.176470574210672,2.7513140863530774,-1.0
0.00843977976390826,0.002891012018413416,66,0.15877058496698737,8.294311864472437e-05,12,27.58823532216689,2.7268304645313934,-1.0
0.00951486179006419,0.00308257042031203,67,0.1764878360554576,7.311447649896551e-05,12,28.52941176821204,2.76108299591962,-1.0
0.013563551773716296,0.003106989714849208,68,0.2335420420859009,6.395177052675794e-05,12,26.52941177522435,2.7280519014246325,-1.0
0.014362959507187563,0.0037020259270710604,69,0.25318397604860365,5.546912895658472e-05,12,27.823529415270862,2.7177267085804657,-1.0
0.012387223824459528,0.002339182820703302,70,0.2064598670694977,4.767963140691306e-05,12,28.294117654071133,2.678428472070133,-1.0
0.011289106565527618,0.0030357130038152847,71,0.20072198496200144,4.059528871837034e-05,12,28.05882353993023,2.688458089828491,-1.0
0.009931237403569477,0.0022128687373229434,72,0.17017893795855343,3.4227024433899e-05,12,28.64705882440595,2.720950818342321,-1.0
0.009954389783420734,0.0033433045859315564,73,0.18629605416208506,2.8584657955444653e-05,12,28.705882363459644,2.708872211680693,-1.0
0.012615464694265808,0.0022786580957472324,74,0.20868432894349098,2.367688940315011e-05,12,29.647058837554034,2.684780221265905,-1.0
0.014945441740565002,0.003616993465194745,75,0.2601153049618006,1.951128620040094e-05,12,28.52941175769357,2.7174632515626795,-1.0
0.014464917359873652,0.0025962877220341136,76,0.2391060038935393,1.6094271405406862e-05,12,28.41176470588235,2.679691702337826,-1.0
0.01448682853619435,0.003212281037122011,77,0.24805193999782205,1.3431113807311488e-05,12,28.352941197507523,2.698718708262724,-1.0
0.014196751356524016,0.004102258710190654,78,0.2564693752210587,1.1525919802101659e-05,12,27.47058824931874,2.707756617489983,-1.0
0.01435137729692672,0.002491354992214058,79,0.2360716809052974,1.0381627060842164e-05,12,28.470588245812586,2.687617852267097,-1.0
0.010539631226233073,0.0036267496346096906,80,0.19855177495628595,1e-05,12,28.000000003506155,2.7026108842737533,-1.0
0.01166431101349493,0.013046213580916325,1,0.37081725685857236,0.000999618372939158,13,1.2222222222222223,4.8637646484375,-1.0
0.010463781328871847,0.002014035809164246,2,0.1873245530296117,0.0009984740801978985,13,2.611111111111111,4.496150716145833,-1.0
0.012130085270230968,0.002656678731242816,3,0.2219666880555451,0.0009965688861926887,13,3.3333333333333335,4.436460232204861,-1.0
0.013218669220805168,0.0034083071164786815,4,0.24959459993988276,0.0009939057285945933,13,3.7222222222222223,4.349893256293403,-1.0
0.014180284521232048,0.003493231690178315,5,0.2653073000255972,0.0009904887137995992,13,4.277777777777778,4.302000054253472,-1.0
0.01157944048754871,0.003044380915040771,6,0.21958857798017561,0.00098632311059685,13,5.555555555555555,4.231158447265625,-1.0
0.011570087820291518,0.0022680029273033143,7,0.20775145082734525,0.0009814153420445555,13,5.611111111111111,4.193727484809028,-1.0
0.01239383804301421,0.002504169956470529,8,0.22362648393027484,0.0009757729755661012,13,5.888888888888889,4.100169542100694,-1.0
0.01320727076381445,0.0032058753694097202,9,0.24639755301177502,0.0009694047112816298,13,6.388888888888889,4.1139539930555555,-1.0
0.01244425013040503,0.003055471538876494,10,0.23269070801325142,0.0009623203685930871,13,7.277777777777778,4.016341145833334,-1.0
0.013750956999137998,0.004012983338907361,11,0.26666130614466965,0.0009545308710434153,13,8.055555555555555,3.9540040418836804,-1.0
0.012455302942544221,0.0032460968010127544,12,0.23576343897730112,0.0009460482294732422,13,8.333333333333334,3.9111310492621527,-1.0
0.011415324080735445,0.0031914170521001022,13,0.21929860301315784,0.0009368855235010348,13,8.61111111111111,3.9250023057725696,-1.0
0.01016129357740283,0.003357787492374579,14,0.20295802294276655,0.0009270568813552758,13,8.88888888888889,3.8650401475694443,-1.0
0.009263079054653645,0.003199665481224656,15,0.1870608269236982,0.0009165774580897602,13,9.38888888888889,3.835155097113715,-1.0
0.009041747590526939,0.001754531543701887,16,0.1620720778591931,0.0009054634122155992,13,8.5,3.825955878363715,-1.0
0.008635981939733028,0.0029046224585423867,17,0.1732233460061252,0.0008937318807859689,13,10.166666666666666,3.806383327907986,-1.0
0.00830301184517642,0.0019968652166426184,18,0.15459916810505092,0.0008814009529720156,13,11.277777777777779,3.716808064778646,-1.0
0.011728028999641538,0.003517584797615806,19,0.22885743621736765,0.0008684896421706646,13,10.333333333333334,3.6889280870225694,-1.0
0.013878606772050262,0.0035529524864008027,20,0.2616901728324592,0.0008550178566873412,13,11.11111111111111,3.6952166748046875,-1.0
0.011313782042513291,0.0023905858242263397,21,0.20577769493684173,0.0008410063690388064,13,11.166666666666666,3.704450480143229,-1.0
0.008552815594399969,0.0032901629495124024,22,0.17778749205172062,0.0008264767839234412,13,12.61111111111111,3.6416779242621526,-1.0
0.008496727033828696,0.002843373098100225,23,0.1702027739956975,0.000811451504908368,13,12.555555555555555,3.645638156467014,-1.0
0.008249231055378914,0.0021750743500888346,24,0.15646611200645566,0.0007959536998847743,13,12.833333333333334,3.5995906575520835,-1.0
0.008843206443513434,0.002879089955240488,25,0.17593519715592265,0.0007800072653447032,13,12.444444444444445,3.5881722005208334,-1.0
0.008760766917839646,0.0032641807415833076,26,0.18047551601193845,0.0007636367895343947,13,13.166666666666666,3.5762034098307294,-1.0
0.008988727598140638,0.0017472211271524428,27,0.16113974200561643,0.0007468675145409928,13,14.944444444444445,3.4718219672309028,-1.0
0.009248081346352894,0.002990430841843287,28,0.18368175881914794,0.0007297252973710758,13,12.055555555555555,3.542504374186198,-1.0
0.010502127278596163,0.0017237879801541567,29,0.1835155680309981,0.0007122365700810271,13,13.61111111111111,3.5038726467556423,-1.0
0.011350982512036959,0.002543560167153676,30,0.20857271109707654,0.0006944282990207196,13,12.666666666666666,3.516437479654948,-1.0
0.010165852618714173,0.0026335180426637333,31,0.19215146102942526,0.0006763279432533592,13,14.833333333333334,3.4798985460069445,-1.0
0.009106133366003633,0.002678854235758384,32,0.17691565491259098,0.0006579634122155992,13,13.833333333333334,3.4783294677734373,-1.0
0.009451079818730553,0.0033998360391706227,33,0.19290948589332402,0.000639363022683212,13,14.61111111111111,3.447756144205729,-1.0
0.011261423630639911,0.0021209621025870245,34,0.20090770302340388,0.0006205554551086735,13,15.11111111111111,3.3857603963216145,-1.0
0.012499336789672574,0.002684641412148873,35,0.22794597200118005,0.0006015697093979838,13,17.833333333333332,3.349970262315538,-1.0
0.013738788555686672,0.0026939275829742353,36,0.2467269948683679,0.0005824350601949146,13,15.944444444444445,3.37046630859375,-1.0
0.013972140196710826,0.002309940398360292,37,0.24456875398755074,0.0005631810117416299,13,16.944444444444443,3.3815116034613717,-1.0
0.009526609334473808,0.003856759207944075,38,0.20095153898000717,0.0005438372523852835,13,15.833333333333334,3.373152601453993,-1.0
0.0110729085902373,0.001970100946103533,39,0.19579361495561898,0.0005244336088007391,13,16.444444444444443,3.3564055718315973,-1.0
0.009527545080830653,0.0017843674557904401,40,0.16984809190034866,0.0005050000000000001,13,17.0,3.2881010945638023,-1.0
0.00896373757471641,0.0031699174859871468,41,0.18212971417233348,0.0004855663911992613,13,17.72222222222222,3.281260545518663,-1.0
0.013951479767759642,0.0031589798939724765,42,0.25683806580491364,0.00046616274761471693,13,18.22222222222222,3.297878672281901,-1.0
0.01062496987481912,0.003018285784249504,43,0.20492392708547413,0.00044681898825837057,13,15.61111111111111,3.3284611002604167,-1.0
0.009003726144631704,0.003736322388673822,44,0.1913014780730009,0.000427564939805086,13,17.22222222222222,3.2605384318033854,-1.0
0.00860362701738874,0.003060263255611062,45,0.17510155914351344,0.00040843029060201667,13,17.27777777777778,3.212824435763889,-1.0
0.025526840255285302,0.002333666601528724,46,0.41805973113514483,0.000389444544891327,13,17.38888888888889,3.200255855984158,-1.0
0.009491579312210282,0.0033702908859898646,47,0.1931498560588807,0.0003706369773167883,13,18.555555555555557,3.2177472093370225,-1.0
0.011772083894660076,0.0020226105737189454,48,0.2070933359209448,0.0003520365877844012,13,19.444444444444443,3.2037691921657987,-1.0
0.01289264823620518,0.0028552356952180466,49,0.23644150304608047,0.0003336720567466412,13,19.61111111111111,3.1796395534939235,-1.0
0.011274691453824441,0.002350850341220697,50,0.20457442407496274,0.0003155717009792807,13,19.22222222222222,3.1995353190104168,-1.0
0.014258012191082041,0.003203429669762651,51,0.2621601461432874,0.00029776342991897335,13,17.666666666666668,3.1958247884114583,-1.0
0.014271691317359607,0.0036525276179114976,52,0.269137425115332,0.00028027470262892445,13,18.38888888888889,3.1491959635416666,-1.0
0.01240227820041279,0.002870079673205813,53,0.22931877709925175,0.0002631324854590073,13,19.27777777777778,3.1163422309027777,-1.0
0.01524116446574529,0.0031675640027970077,54,0.2763538609724492,0.0002463632104656054,13,19.666666666666668,3.127232174343533,-1.0
0.0145229022949934,0.0030596930999308826,55,0.2640738720074296,0.0002299927346552969,13,19.333333333333332,3.122394544813368,-1.0
0.012956634893392523,0.0028416885683933894,56,0.23722234298475087,0.00021404630011522587,13,21.333333333333332,3.107407955593533,-1.0
0.011744511655221383,0.0020410738109300536,57,0.20696692587807775,0.00019854849509163232,13,20.38888888888889,3.107679375542535,-1.0
0.008964544084543983,0.00417011931228141,58,0.19715803815051913,0.00018352321607655918,13,19.88888888888889,3.1114356486002603,-1.0
0.008890924556180835,0.003230373313029607,59,0.18196380510926247,0.00016899363096119395,13,20.166666666666668,3.1031759982638887,-1.0
0.01087668448065718,0.0029655484482645988,60,0.2077659829519689,0.000154982143312659,13,20.833333333333332,3.103226860894097,-1.0
0.009091125630463163,0.0023184838394323987,61,0.1713215180207044,0.0001415103578293356,13,22.0,3.0343555365668404,-1.0
0.008744810319816073,0.0027504280675202607,62,0.17252960801124573,0.0001285990470279847,13,23.22222222222222,3.0284696451822914,-1.0
0.008852861433600387,0.002834259035686652,63,0.17540806788019836,0.0001162681192140312,13,20.666666666666668,3.0939505004882815,-1.0
0.00836270353756845,0.0027737348650892575,64,0.16716055711731315,0.00010453658778440107,13,22.166666666666668,3.0464901733398437,-1.0
0.0086109955329448,0.0038040202111005784,65,0.1863334379158914,9.342254191024022e-05,13,21.833333333333332,3.0526216634114585,-1.0
0.00804961919784546,0.00360264900761346,66,0.17488468415103853,8.294311864472437e-05,13,20.72222222222222,3.024214409722222,-1.0
0.008376679041733344,0.0018851630855351686,67,0.1540589490905404,7.311447649896551e-05,13,20.166666666666668,3.059942118326823,-1.0
0.008910166456674536,0.0027891502094765505,68,0.1755939358845353,6.395177052675794e-05,13,20.333333333333332,3.0300424024793835,-1.0
0.00870487472663323,0.0025843525460610786,69,0.169444217113778,5.546912895658472e-05,13,22.38888888888889,3.018765123155382,-1.0
0.00836580687512954,0.002005710049221913,70,0.15567448805086315,4.767963140691306e-05,13,22.333333333333332,2.9839331902398003,-1.0
0.008128237864002585,0.0028448693454265596,71,0.16471947100944817,4.059528871837034e-05,13,20.944444444444443,3.0067535230848526,-1.0
0.008492664977287253,0.0026513628972073397,72,0.1672840730752796,3.4227024433899e-05,13,23.11111111111111,3.0016606987847223,-1.0
0.011867121358712514,0.00328161531748871,73,0.2273793020285666,2.8584657955444653e-05,13,23.11111111111111,2.97821533203125,-1.0
0.010344613964358965,0.002074602044497927,74,0.18642695806920528,2.367688940315011e-05,13,21.77777777777778,3.0176050821940104,-1.0
0.011242005818833908,0.002735407588382562,75,0.20979011408053339,1.951128620040094e-05,13,22.555555555555557,2.9837041897243926,-1.0
0.01249604447123905,0.0029270791293432314,76,0.2315135239623487,1.6094271405406862e-05,13,23.5,3.0130908881293403,-1.0
0.011406358874713382,0.0020541404529164234,77,0.20207304786890745,1.3431113807311488e-05,13,22.61111111111111,2.991839836968316,-1.0
0.011644755645344654,0.0020785224934418995,78,0.2059983559884131,1.1525919802101659e-05,13,21.833333333333332,2.990108829074436,-1.0
0.011529412136102717,0.0027488523939003546,79,0.21429790393449366,1.0381627060842164e-05,13,23.055555555555557,2.9847757297092015,-1.0
0.013367828556026022,0.0036105613068987924,80,0.25484229694120586,1e-05,13,20.38888888888889,3.0466237555609808,-1.0
0.011365431391944488,0.012967289347822467,1,0.36513470602221787,0.000999618372939158,14,1.4736842113105875,5.1299185431630985,-1.0
0.00999939238342146,0.0018564279501636822,2,0.17797793610952795,0.0009984740801978985,14,3.000000001568543,4.46536056418168,-1.0
0.009624369457984965,0.0030643902098139125,3,0.190464154118672,0.0009965688861926887,14,3.8947368436738063,4.376913028516268,-1.0
0.011199146416038275,0.002978267117093007,4,0.21276373718865216,0.0009939057285945933,14,4.7894736983274155,4.289093088852732,-1.0
0.009816336414466302,0.002864309058835109,5,0.1903509139083326,0.0009904887137995992,14,5.315789465841494,4.213943896042673,-1.0
0.008943769708275795,0.002453417827685674,6,0.1710620189551264,0.00098632311059685,14,5.421052644127293,4.160084557784231,-1.0
0.0111781506643941,0.0031104086122165126,7,0.21448069694451988,0.0009814153420445555,14,7.105263162600367,4.060237713362041,-1.0
0.011911999185880024,0.0029632512790461383,8,0.22332569188438356,0.0009757729755661012,14,7.842105255315178,4.023024398402164,-1.0
0.01184975439682603,0.0019892704052229724,9,0.2077930229716003,0.0009694047112816298,14,7.526315792610771,3.9527947661751197,-1.0
0.012637047671402495,0.002067864453420043,10,0.22076538880355656,0.0009623203685930871,14,7.947368433600978,3.9241082457492227,-1.0
0.012029219542940457,0.0031434349250048397,11,0.22777675813995302,0.0009545308710434153,14,9.631578941094247,3.8861370558487742,-1.0
0.009640840642775098,0.003078657683605949,12,0.19095475785434246,0.0009460482294732422,14,8.263157910422274,3.8424226444645933,-1.0
0.010436807262400786,0.0029193558109303313,13,0.20046671107411385,0.0009368855235010348,14,11.105263162600366,3.7779454135894777,-1.0
0.014004883620267113,0.0034625846582154434,14,0.26219207304529846,0.0009270568813552758,14,11.000000025096693,3.736153113716527,-1.0
0.012342268880456687,0.0042308594565838575,15,0.24882476590573788,0.0009165774580897602,14,11.42105265667564,3.697235682638068,-1.0
0.012233813727895419,0.002001089882105589,16,0.21369966794736683,0.0009054634122155992,14,11.421052669223986,3.6699303506550036,-1.0
0.00917034571369489,0.0018845392235865195,17,0.1659594781231135,0.0008937318807859689,14,13.105263151620564,3.6584771392219944,-1.0
0.010335850327586134,0.0018100224124888578,18,0.18229081481695175,0.0008814009529720156,14,12.157894739194921,3.6146258228703547,-1.0
0.009164305434872707,0.00275699095800519,19,0.17892365087755024,0.0008684896421706646,14,13.157894774487144,3.576708986884669,-1.0
0.009767683517808715,0.0026802681386470795,20,0.18687886511906981,0.0008550178566873412,14,14.31578947838984,3.4940281908135664,-1.0
0.009294781259571512,0.003150356203938524,21,0.18681904394179583,0.0008410063690388064,14,14.578947374695225,3.497058324311909,-1.0
0.009689406786734859,0.00371127687394619,22,0.20115741598419845,0.0008264767839234412,14,15.736842155456543,3.4532879357588917,-1.0
0.013780847750604152,0.0034782524531086286,23,0.25906532094813883,0.000811451504908368,14,14.473684235623008,3.454287529995567,-1.0
0.013677080239479741,0.0037452070197711387,24,0.2615437828935683,0.0007959536998847743,14,16.47368420738923,3.434977445100483,-1.0
0.0088661660750707,0.0034109517931938172,25,0.18434836505912244,0.0007800072653447032,14,15.789473712444305,3.3780519485473635,-1.0
0.009637929281840723,0.0031897143150369325,26,0.192564498167485,0.0007636367895343947,14,16.157894733705017,3.3736767532950953,-1.0
0.01001248718239367,0.002612072881311178,27,0.18951690406538546,0.0007468675145409928,14,17.157894755664625,3.3280053736034194,-1.0
0.009216769179329277,0.002449917886406183,28,0.17515661986544728,0.0007297252973710758,14,18.315789479958383,3.28976099767183,-1.0
0.00994655058408777,0.003798719154049953,29,0.20632619597017765,0.0007122365700810271,14,17.68421055454957,3.2652787720529655,-1.0
0.01012684580249091,0.002124176997070511,30,0.1839148961007595,0.0006944282990207196,14,17.842105269432068,3.2898423420755485,-1.0
0.00962244525241355,0.0030590067462374767,31,0.19037815416231751,0.0006763279432533592,14,18.05263158522154,3.2353061992243717,-1.0
0.009738584545751413,0.003441724507138133,32,0.1978545298334211,0.0006579634122155992,14,19.421052659812727,3.1995479930074593,-1.0
0.010003328959768017,0.003387347779547175,33,0.20101064606569707,0.000639363022683212,14,20.526315798884944,3.1642134114315636,-1.0
0.00973868469397227,0.002756076445803046,34,0.18756933812983334,0.0006205554551086735,14,19.26315791355936,3.189337056310553,-1.0
0.011706294259056449,0.00295160001454254,35,0.22004496888257563,0.0006015697093979838,14,18.63157898501346,3.1630696567736174,-1.0
0.014201506848136584,0.0029667640880992013,36,0.2577486401423812,0.0005824350601949146,14,20.210526312652387,3.1377944459413225,-1.0
0.009189477004110814,0.0038470540661364795,37,0.19575606705620885,0.0005631810117416299,14,20.4736842607197,3.1246853773217453,-1.0
0.009811336826533078,0.002866444969549775,38,0.19030660693533719,0.0005438372523852835,14,21.842105319625453,3.1133771218751605,-1.0
0.009478967046986024,0.003783739358186722,39,0.1990670959930867,0.0005244336088007391,14,22.68421054513831,3.0386308910972195,-1.0
0.009828851154694954,0.002135097111264865,40,0.17960876692086458,0.0005050000000000001,14,21.631578997561807,3.0272118919774105,-1.0
0.009923903333644072,0.0018258468092729647,41,0.17639455501921475,0.0004855663911992613,14,21.631578988150547,3.0558758891256232,-1.0
0.011629273043945431,0.0026429850763330857,42,0.21426093694753945,0.00046616274761471693,14,23.15789474939045,3.029845947968332,-1.0
0.01217525612252454,0.0027632424142211677,43,0.22427364205941558,0.00044681898825837057,14,22.89473688288739,2.993820168344598,-1.0
0.009803242329508067,0.0018443701323121787,44,0.17486144788563251,0.000427564939805086,14,23.947368389681767,2.9425694305018375,-1.0
0.012178634417553742,0.002952017184967796,45,0.22713635792024434,0.00040843029060201667,14,23.526315764376992,2.933145200327823,-1.0
0.012410885421559215,0.0017812641027073065,46,0.2130826530046761,0.000389444544891327,14,22.26315786964015,2.9369096414666425,-1.0
0.014750639768317341,0.0021861865650862457,47,0.2542861138936132,0.0003706369773167883,14,23.78947367166218,2.906194473567762,-1.0
0.014563275982315342,0.003665236554419001,48,0.2737110019661486,0.0003520365877844012,14,24.105263135935132,2.9155530111413253,-1.0
0.014198182818169395,0.0041929325088858604,49,0.2761438051238656,0.0003336720567466412,14,24.684210523178702,2.8867243335121557,-1.0
0.014246272078404823,0.004153607785701752,50,0.2762653271201998,0.0003155717009792807,14,23.736842117811506,2.88450280691448,-1.0
0.010695377473408978,0.0032754392518351476,51,0.20977072417736053,0.00029776342991897335,14,25.157894777624232,2.8753673960033215,-1.0
0.0121966274920851,0.002361952109883229,52,0.21854949998669326,0.00028027470262892445,14,25.526315820844548,2.826235321446469,-1.0
0.010271482480069002,0.0018482236502071223,53,0.1819755721371621,0.0002631324854590073,14,25.84210524119829,2.804093350862202,-1.0
0.009837589412927627,0.001883497197801868,54,0.17594384890981019,0.0002463632104656054,14,25.68421053572705,2.8252236602180885,-1.0
0.009941846908380588,0.002987484292437633,55,0.1940704530570656,0.0002299927346552969,14,27.105263201813948,2.774376885765477,-1.0
0.014800029806792736,0.0025844615263243514,56,0.2609894119668752,0.00021404630011522587,14,27.473684266993875,2.764763001391762,-1.0
0.014506609070425232,0.004245165657872955,57,0.2815653441939503,0.00019854849509163232,14,26.631578959916766,2.7452368615802967,-1.0
0.012397658421347539,0.0033758277849604687,58,0.2367962640710175,0.00018352321607655918,14,26.789473659113835,2.774977495795802,-1.0
0.011712752810368935,0.002555294381454587,59,0.2142094811424613,0.00016899363096119395,14,26.68421053572705,2.7355798726332816,-1.0
0.011219059536233544,0.0024713740684092047,60,0.20554869202896953,0.000154982143312659,14,26.894736860927782,2.7514857553180896,-1.0
0.00874192730213205,0.0018615216327210267,61,0.15924135805107653,0.0001415103578293356,14,28.31578953015177,2.7493590681176436,-1.0
0.00984577836158375,0.002173263781393568,62,0.18042902485467494,0.0001285990470279847,14,28.105263233184814,2.6848347031442743,-1.0
0.012088347226381302,0.002649528843661149,63,0.22122548706829548,0.0001162681192140312,14,28.631578959916766,2.701743087266621,-1.0
0.01429606187157333,0.0027168242726475,64,0.2554134021047503,0.00010453658778440107,14,29.210526309515302,2.6893237756427966,-1.0
0.01420492804609239,0.0032552285585552452,65,0.2621671159286052,9.342254191024022e-05,14,27.842105275706242,2.683624408119603,-1.0
0.01173388430227836,0.003787870891392231,66,0.23305484000593424,8.294311864472437e-05,14,30.684210538864136,2.654839876576474,-1.0
0.013742541056126356,0.002648007885242502,67,0.2460734359920025,7.311447649896551e-05,14,28.63157896619094,2.6854411556846216,-1.0
0.009347676501298944,0.003322142098719875,68,0.1902653849683702,6.395177052675794e-05,14,28.15789470547124,2.695446874718917,-1.0
0.010008280957117676,0.002087178189928333,69,0.18155838712118566,5.546912895658472e-05,14,29.421052644127293,2.6668998637952304,-1.0
0.009693991811946034,0.0021984239884962637,70,0.17850942094810307,4.767963140691306e-05,14,27.94736842105263,2.664488620256123,-1.0
0.00897829447252055,0.002107408596202731,71,0.1664222909603268,4.059528871837034e-05,14,28.84210530394002,2.6328424012033564,-1.0
0.01003658128902316,0.002305382986863454,72,0.1852644260507077,3.4227024433899e-05,14,29.315789442313346,2.6369778161299857,-1.0
0.010744524840265512,0.0032523369571814936,73,0.2100783339701593,2.8584657955444653e-05,14,30.105263214362296,2.663984412143105,-1.0
0.011821866206203898,0.0018429656668255726,74,0.20512931304983795,2.367688940315011e-05,14,28.52631572673195,2.6638517700998405,-1.0
0.013704632890100281,0.0024833453198273977,75,0.2430434189736843,1.951128620040094e-05,14,28.94736842105263,2.6666396748392205,-1.0
0.009608388583486279,0.0026205370823542276,76,0.1836542161181569,1.6094271405406862e-05,14,30.105263233184814,2.6363246365597375,-1.0
0.013674217897156874,0.00301789790391922,77,0.2505937051028013,1.3431113807311488e-05,14,28.84210523178703,2.638956281762374,-1.0
0.009159087436273694,0.003041172632947564,78,0.1832317418884486,1.1525919802101659e-05,14,28.315789442313346,2.6674673356507954,-1.0
0.009978978522121906,0.003208281612023711,79,0.19793750415556133,1.0381627060842164e-05,14,30.473684254445526,2.6194604677903026,-1.0
0.009414467960596085,0.0028724645730108024,80,0.18442933610640466,1e-05,14,29.15789476821297,2.6595466162029067,-1.0
0.01281277982343454,0.0136273794923909,1,0.42321574897505343,0.000999618372939158,15,1.9500000059604645,4.733911628723145,-1.0
0.009703255607746542,0.0025298817054135725,2,0.19587088795378804,0.0009984740801978985,15,4.450000011920929,4.422889167785645,-1.0
0.009684788761660457,0.002746811485849321,3,0.19904722506180406,0.0009965688861926887,15,4.700000002980232,4.321215339660645,-1.0
0.009292171118431725,0.0027190946275368333,4,0.19230547989718616,0.0009939057285945933,15,6.150000011920929,4.222583621978759,-1.0
0.01036755861423444,0.0018990138196386397,5,0.19638980482704937,0.0009904887137995992,15,7.299999994039536,4.111420906066894,-1.0
0.010868786193896085,0.0016843923076521605,6,0.20100354496389627,0.00098632311059685,15,6.850000002980233,4.051170661926269,-1.0
0.010340260865632445,0.002986653824336827,7,0.2134183058515191,0.0009814153420445555,15,7.100000017881394,4.002635498046875,-1.0
0.011362458768417127,0.0017334586736978963,8,0.20971249602735043,0.0009757729755661012,15,9.000000011920928,3.94874267578125,-1.0
0.009685586279374547,0.0022269773471634835,9,0.19074766687117517,0.0009694047112816298,15,8.899999994039536,3.8692595863342287,-1.0
0.01134563957748469,0.002686345236725174,10,0.2246405598707497,0.0009623203685930871,15,8.700000002980232,3.8212831954956057,-1.0
0.008583533475757577,0.0025930147821782157,11,0.1789324339479208,0.0009545308710434153,15,9.899999994039536,3.795721616744995,-1.0
0.008946815243689343,0.0031182592501863837,12,0.19315026397816837,0.0009460482294732422,15,11.750000017881394,3.719144649505615,-1.0
0.009252657240722328,0.0017434702604077756,13,0.17604827508330345,0.0009368855235010348,15,12.300000005960465,3.705614683151245,-1.0
0.008951427167630754,0.0024833290226524696,14,0.18309080111794174,0.0009270568813552758,15,11.85000001192093,3.6499089393615725,-1.0
0.009663856180850416,0.0017227529460797086,15,0.18229281599633396,0.0009165774580897602,15,13.000000011920928,3.6019817543029786,-1.0
0.010935330879874527,0.002438090246869251,16,0.21412078686989844,0.0009054634122155992,15,13.250000011920928,3.585988925933838,-1.0
0.01268840474949684,0.0030916133109712973,17,0.25268065882846713,0.0008937318807859689,15,13.35,3.5528133239746094,-1.0
0.012313031795201823,0.0026959641400026157,18,0.24034221190959215,0.0008814009529720156,15,13.900000035762787,3.4962100238800047,-1.0
0.013126175152137876,0.002986201856401749,19,0.2579844710417092,0.0008684896421706646,15,14.300000011920929,3.504624361038208,-1.0
0.014722215360961854,0.0029233294480945915,20,0.28255423391237855,0.0008550178566873412,15,16.40000002384186,3.4180961875915528,-1.0
0.014440710539929569,0.0037181935185799375,21,0.29081514314748347,0.0008410063690388064,15,17.60000001192093,3.3726447143554688,-1.0
0.0120387474889867,0.0026130993355764076,22,0.2346428178716451,0.0008264767839234412,15,17.0,3.357680025100708,-1.0
0.012973425880772993,0.0028320459241513163,23,0.25305377785116434,0.000811451504908368,15,17.500000023841856,3.338850923538208,-1.0
0.011732383107300848,0.0025795772817218676,24,0.22916423389688134,0.0007959536998847743,15,17.500000017881394,3.3340753288269043,-1.0
0.009075746158487163,0.0025872017722576857,25,0.1867561899125576,0.0007800072653447032,15,19.450000035762788,3.254780376434326,-1.0
0.011133836873341352,0.001837356307078153,26,0.20766919595189393,0.0007636367895343947,15,18.45,3.218846055984497,-1.0
0.014179809237248264,0.0030117406422505155,27,0.275288803037256,0.0007468675145409928,15,19.050000035762785,3.196627473831177,-1.0
0.013840893603628501,0.0027676432655425742,28,0.26599997421726584,0.0007297252973710758,15,19.400000071525575,3.199805934906006,-1.0
0.011614060989813879,0.0022213256306713447,29,0.22161217499524355,0.0007122365700810271,15,20.550000035762785,3.155689392089844,-1.0
0.011975948582403362,0.0032139433023985475,30,0.24323520506732166,0.0006944282990207196,15,20.20000002384186,3.1546955375671386,-1.0
0.013191076257498935,0.0035989936877740547,31,0.2688312139362097,0.0006763279432533592,15,20.89999998807907,3.102143352508545,-1.0
0.013826661059283651,0.0030276713805506006,32,0.2698424078989774,0.0006579634122155992,15,21.550000023841857,3.06163151550293,-1.0
0.011376279901014641,0.0030888435285305604,33,0.2316262200474739,0.000639363022683212,15,21.550000035762785,3.0624166889190674,-1.0
0.009220932945027016,0.002838882355717942,34,0.19309435202740133,0.0006205554551086735,15,22.25,3.046798187255859,-1.0
0.009991319340770133,0.0028960646013729274,35,0.20630122791044414,0.0006015697093979838,15,22.450000011920928,2.989528440475464,-1.0
0.008861655020155013,0.0026792551070684567,36,0.18475710600614548,0.0005824350601949146,15,23.2,2.9795503730773927,-1.0
0.008719722565729171,0.002345996632357128,37,0.1771630838047713,0.0005631810117416299,15,23.3,2.95019841003418,-1.0
0.010143821826204658,0.00412337455782108,38,0.22837834595702589,0.0005438372523852835,15,23.1,2.952134614944458,-1.0
0.012074109210516326,0.0026634045934770256,39,0.23593411198817194,0.0005244336088007391,15,24.3,2.9204245929718016,-1.0
0.014427246758714318,0.003150039497995749,40,0.281443159095943,0.0005050000000000001,15,24.59999998807907,2.8622116088867187,-1.0
0.014742523868335411,0.0019363476894795895,41,0.26712816301733255,0.0004855663911992613,15,26.15000002384186,2.8776423320770266,-1.0
0.014310791084426455,0.0026270106754964218,42,0.2712771869264543,0.00046616274761471693,15,25.600000035762786,2.83425994682312,-1.0
0.013956148701254278,0.002970697227283381,43,0.2710636961273849,0.00044681898825837057,15,26.250000071525573,2.8285078239440917,-1.0
0.012307573255384341,0.00285518923192285,44,0.24280381901189685,0.000427564939805086,15,24.800000023841857,2.84892427444458,-1.0
0.013938468648120761,0.0026115430518984795,45,0.26504137786105275,0.00040843029060201667,15,26.4,2.789044673919678,-1.0
0.012576944005559199,0.002778021924314089,46,0.24591678008437157,0.000389444544891327,15,26.350000023841858,2.7747436389923097,-1.0
0.010921804321696982,0.002635472104884684,47,0.21710030897520483,0.0003706369773167883,15,27.799999988079072,2.7553909015655518,-1.0
0.0097322010260541,0.002073759795166552,48,0.18903133692219853,0.0003520365877844012,15,26.40000002384186,2.7537691802978514,-1.0
0.008275626198155805,0.003031672240467742,49,0.18102059978991747,0.0003336720567466412,15,27.150000071525575,2.7186701335906984,-1.0
0.011114950422779657,0.003701721885590814,50,0.23720111907459795,0.0003155717009792807,15,27.45000002384186,2.729379177093506,-1.0
0.008872138583683409,0.003535513242240995,51,0.19867207296192646,0.00029776342991897335,15,30.399999976158142,2.6753546409606934,-1.0
0.008888342956197448,0.0034024657943518832,52,0.1967575359158218,0.00028027470262892445,15,29.3,2.6613458442687987,-1.0
0.009107391815632582,0.0031550919957226142,53,0.19630080205388367,0.0002631324854590073,15,27.550000047683717,2.687932674407959,-1.0
0.009390823994181119,0.0024389273894485086,54,0.1893786769360304,0.0002463632104656054,15,30.3,2.6211901817321777,-1.0
0.008568112301873043,0.002721495329751633,55,0.1807368160225451,0.0002299927346552969,15,28.549999988079072,2.6401924571990967,-1.0
0.008557269771699794,0.001948178542079404,56,0.16818964714184403,0.00021404630011522587,15,28.05,2.610270475387573,-1.0
0.009061440985533409,0.0017104669532272965,57,0.17245234013535082,0.00019854849509163232,15,30.55,2.613194580078125,-1.0
0.012071909848600626,0.0035697935963980854,58,0.2504147361032665,0.00018352321607655918,15,29.3,2.62970316696167,-1.0
0.010505283091333695,0.0020602031727321446,59,0.20120643801055849,0.00016899363096119395,15,29.65,2.6030862693786623,-1.0
0.009363434437545948,0.0027544978802325204,60,0.1940134260803461,0.000154982143312659,15,29.900000071525575,2.5823484477996828,-1.0
0.011150144200655632,0.002633027426782064,61,0.22068361518904567,0.0001415103578293356,15,30.84999997615814,2.585694076538086,-1.0
0.009760886270669289,0.00293777440674603,62,0.20334028312936425,0.0001285990470279847,15,30.449999976158143,2.5946975708007813,-1.0
0.010555264365393668,0.002548885386204347,63,0.2097940780222416,0.0001162681192140312,15,31.750000023841856,2.536538682937622,-1.0
0.009547700363327749,0.002501172333722934,64,0.19291843590326607,0.00010453658778440107,15,31.45,2.5368321208953857,-1.0
0.011921536075533368,0.0031082127970876172,65,0.24062509601935744,9.342254191024022e-05,15,31.750000047683717,2.532838653564453,-1.0
0.012637496503884904,0.002984712744364515,66,0.2501476549077779,8.294311864472437e-05,15,32.05000004768372,2.5370248832702638,-1.0
0.014510336783132516,0.0025913660356309265,67,0.2738460530526936,7.311447649896551e-05,15,32.55000004768372,2.5241174182891846,-1.0
0.01411552110221237,0.002740299765719101,68,0.2699610460549593,6.395177052675794e-05,15,30.900000071525575,2.5480056419372556,-1.0
0.014733770760358311,0.0018407119350740686,69,0.26548137702047825,5.546912895658472e-05,15,31.75,2.5247241401672365,-1.0
0.015266773189068772,0.0025997586781159043,70,0.2861628970131278,4.767963140691306e-05,15,32.44999997615814,2.491221492767334,-1.0
0.014966721559176221,0.0019971918227383867,71,0.27165852719917893,4.059528871837034e-05,15,32.10000002384186,2.4813662242889403,-1.0
0.015592948548146524,0.002037559825112112,72,0.28233372303657234,3.4227024433899e-05,15,31.600000035762786,2.483722805023193,-1.0
0.012714304684777744,0.003003239122335799,73,0.25172181194648147,2.8584657955444653e-05,15,32.15,2.4970167999267576,-1.0
0.014589164042263292,0.0035365202638786286,74,0.2902086949907243,2.367688940315011e-05,15,30.54999997615814,2.5054937000274657,-1.0
0.009468073054449633,0.0022506408859044313,75,0.18766138493083417,1.951128620040094e-05,15,32.80000004768372,2.493248851776123,-1.0
0.009574056064593606,0.0021208051912253723,76,0.18724660319276154,1.6094271405406862e-05,15,32.15,2.4921992530822754,-1.0
0.009016278345370665,0.0024314722686540335,77,0.18328546197153628,1.3431113807311488e-05,15,31.850000047683714,2.514790309906006,-1.0
0.009975294698961079,0.0019580449297791347,78,0.19106091489084065,1.1525919802101659e-05,15,31.200000047683716,2.5235071716308592,-1.0
0.010041627552709542,0.003394876141101122,79,0.21510778390802443,1.0381627060842164e-05,15,33.150000071525575,2.488473161697388,-1.0
0.00939889244909864,0.003035183312022127,80,0.19907092000357807,1e-05,15,32.39999997615814,2.506417537689209,-1.0
0.011755211114445153,0.012358789715696783,1,0.4100956399925053,0.000999618372939158,16,1.2857142857142858,4.841384398142496,-1.0
0.011667119147365583,0.002387499970876995,2,0.2390600920189172,0.0009984740801978985,16,3.6190476289817264,4.466322752634684,-1.0
0.01166068498209557,0.0025767572635017775,3,0.24219471495598555,0.0009965688861926887,16,4.333333335107281,4.370367136455718,-1.0
0.01432893075980246,0.0020184823558391895,4,0.2780953061301261,0.0009939057285945933,16,6.333333335107281,4.234376510438465,-1.0
0.01454094163251712,0.002702821306336452,5,0.2933690280187875,0.0009904887137995992,16,5.619047622595515,4.158347519465855,-1.0
0.012414200724486043,0.0020060671000357937,6,0.24541346612386405,0.00098632311059685,16,6.857142860690753,4.061811411721366,-1.0
0.014389727319426397,0.0029236746212357983,7,0.2945701661519706,0.0009814153420445555,16,7.952380962315059,4.02548391977946,-1.0
0.011490508818122394,0.0021580752423580956,8,0.2322685020044446,0.0009757729755661012,16,6.76190477183887,3.9738188298543293,-1.0
0.01358410865342354,0.0040654484045637,9,0.3002836110536009,0.0009694047112816298,16,8.238095242352713,3.8998739760262624,-1.0
0.01399711868725717,0.003489206901148838,10,0.2975730129983276,0.0009623203685930871,16,9.761904781772976,3.8426998742421468,-1.0
0.013061149100608686,0.0024861174854723844,11,0.26455503911711276,0.0009545308710434153,16,10.142857162725358,3.815620699837094,-1.0
0.008854736080941032,0.0023397194522926036,12,0.19046906987205148,0.0009460482294732422,16,10.61904762614341,3.7893241968609037,-1.0
0.009812738746404648,0.002562555018812418,13,0.21048401994630694,0.0009368855235010348,16,11.333333337590808,3.7273568848201206,-1.0
0.010615290690432577,0.0023346441962263163,14,0.22025325917638838,0.0009270568813552758,16,11.047619057553154,3.701962190809704,-1.0
0.011434225790093051,0.0016224371570655528,15,0.22209868300706148,0.0009165774580897602,16,11.380952385209856,3.715950346901303,-1.0
0.01444158737328561,0.0023920355665990535,16,0.2863302668556571,0.0009054634122155992,16,13.095238102333886,3.6152493113563176,-1.0
0.011175174553714255,0.0022979808615191896,17,0.22922992100939155,0.0008937318807859689,16,13.047619067487263,3.5912919684818814,-1.0
0.009415894513949752,0.002108644132557161,18,0.19608208420686424,0.0008814009529720156,16,13.333333340429125,3.532489941006615,-1.0
0.010562251732849023,0.0029958362061092082,19,0.23060816596262157,0.0008684896421706646,16,14.571428591296787,3.5168942424229215,-1.0
0.011231287368847168,0.0022093752700397197,20,0.22861920692957938,0.0008550178566873412,16,14.23809525228682,3.503952580406552,-1.0
0.010714914362110636,0.002493253635133014,21,0.22465787502005696,0.0008410063690388064,16,14.571428585620154,3.4615961837768556,-1.0
0.009846328045515454,0.0018222374321125885,22,0.19848838704638183,0.0008264767839234412,16,16.095238112267992,3.4667222667875746,-1.0
0.010135954533539274,0.0018889605314196909,23,0.2045527989976108,0.000811451504908368,16,14.666666678019933,3.4449448072342648,-1.0
0.010758775437031598,0.002517100450966288,24,0.22582183801569045,0.0007959536998847743,16,15.809523818038759,3.3791041801089334,-1.0
0.00944056041429148,0.002898094408652362,25,0.20988553389906883,0.0007800072653447032,16,17.85714289687929,3.3208694871266684,-1.0
0.012179429163498914,0.002335255883414956,26,0.24690185394138098,0.0007636367895343947,16,17.85714287133444,3.3369064785185314,-1.0
0.014208910178721827,0.0028306422892081387,27,0.28989386302419007,0.0007468675145409928,16,17.428571448439644,3.3264449065072195,-1.0
0.010186866049052161,0.0019225153578993153,28,0.20607182290405035,0.0007297252973710758,16,17.809523849260238,3.287341102872576,-1.0
0.010202177320880926,0.0017923557418672478,29,0.2040150729008019,0.0007122365700810271,16,18.476190487543743,3.2476667149861655,-1.0
0.008517410825280583,0.0021208959960323922,30,0.18095186701975763,0.0006944282990207196,16,19.238095272155036,3.191337980542864,-1.0
0.009216054561821854,0.0018655979622374563,31,0.1884901849552989,0.0006763279432533592,16,18.857142868496123,3.2023803715478807,-1.0
0.011240852120168069,0.00284529770450557,32,0.2395662791095674,0.0006579634122155992,16,19.761904776096344,3.1795246823628744,-1.0
0.00875844357206541,0.0024026043110472314,33,0.18983949604444206,0.000639363022683212,16,20.523809563545953,3.153486385345459,-1.0
0.011857235763112412,0.002344688003444496,34,0.2415836309082806,0.0006205554551086735,16,20.42857143566722,3.151666785648891,-1.0
0.011671434540082426,0.0024288617457975357,35,0.2399056269787252,0.0006015697093979838,16,20.095238109429676,3.1222507422310963,-1.0
0.011348502628286095,0.0019423156045377254,36,0.2261143159121275,0.0005824350601949146,16,20.047619056133996,3.105791685013544,-1.0
0.009145537295433529,0.0021460560040877145,37,0.1920920480042696,0.0005631810117416299,16,21.428571439924696,3.0431536547342937,-1.0
0.008708498714601292,0.0020192803486305125,38,0.18248061602935195,0.0005438372523852835,16,21.90476191611517,3.0385767636980328,-1.0
0.008160805233809002,0.0030242674162282665,39,0.19024901906959713,0.0005244336088007391,16,22.09523810659136,2.9970275906154087,-1.0
0.009288342505255166,0.002138138735009467,40,0.19435291504487395,0.0005050000000000001,16,21.809523829392024,3.0173300452459424,-1.0
0.008260880747590871,0.0023426970275228515,41,0.1803674118127674,0.0004855663911992613,16,22.380952389467332,2.967537509373256,-1.0
0.008267928585957955,0.0018989158219055219,42,0.172944406978786,0.00046616274761471693,16,23.190476201829455,2.9673014009566536,-1.0
0.008335721227066481,0.001663045012666022,43,0.17008166993036866,0.00044681898825837057,16,21.23809524377187,3.0041327926090786,-1.0
0.008453714757171623,0.002474489703993587,44,0.18588303099386394,0.000427564939805086,16,22.6666666723433,2.931588687442598,-1.0
0.00919121440828723,0.0026482610607191045,45,0.20137541997246444,0.00040843029060201667,16,23.142857142857142,2.927651165099371,-1.0
0.010928879628944047,0.002548285896944649,46,0.22924392204731703,0.000389444544891327,16,24.19047619047619,2.889546654564994,-1.0
0.008870648589971311,0.0019191716496339615,47,0.1835705190896988,0.0003706369773167883,16,24.238095246610186,2.868559456779843,-1.0
0.008092507446075188,0.0019204641336246448,48,0.1703207481186837,0.0003520365877844012,16,23.47619053863344,2.8927223110198974,-1.0
0.009477329591070028,0.002031238064827288,49,0.19574909494258463,0.0003336720567466412,16,24.04761906181063,2.8955643454052153,-1.0
0.00893329838564729,0.0028091795495985184,50,0.19972821394912899,0.0003155717009792807,16,25.04761905329568,2.8509889757065547,-1.0
0.01123672115671284,0.003145794849842787,51,0.2446578440722078,0.00029776342991897335,16,25.42857145127796,2.8378239495413644,-1.0
0.010731785571860039,0.002732061192064601,52,0.22909968602471054,0.00028027470262892445,16,27.190476184799557,2.8060082880655925,-1.0
0.009551594225580202,0.002549716887776466,53,0.20588136790320277,0.0002631324854590073,16,26.23809524377187,2.8199114563351584,-1.0
0.011088624254197758,0.002121225684223806,54,0.22469101496972144,0.0002463632104656054,16,26.85714291958582,2.7737070265270414,-1.0
0.011567010448369034,0.002922604134415879,55,0.24647954106330872,0.0002299927346552969,16,24.904761904761905,2.8043806838989256,-1.0
0.011128681835115832,0.0018013314590515459,56,0.21997987013310194,0.00021404630011522587,16,27.23809524377187,2.7594224207741873,-1.0
0.008535688852562624,0.003229305737049264,57,0.20013859798200428,0.00019854849509163232,16,27.999999994323368,2.721161003112793,-1.0
0.009798280757797114,0.00302104141070124,58,0.2180487068835646,0.00018352321607655918,16,27.904761904761905,2.727446854909261,-1.0
0.011160459958345574,0.0027681869208155308,59,0.23693729215301573,0.00016899363096119395,16,27.3333333276567,2.710598392486572,-1.0
0.010608775322051608,0.0017675782608635286,60,0.21057517710141838,0.000154982143312659,16,27.571428599811735,2.718244177046276,-1.0
0.010851686341030634,0.0018160200184758972,61,0.2154803320299834,0.0001415103578293356,16,26.904761904761905,2.7213818200429283,-1.0
0.009888377341934863,0.0020268510150558807,62,0.20271360408514738,0.0001285990470279847,16,27.619047624724253,2.689945283617292,-1.0
0.010435040588216746,0.0016767503556740634,63,0.2060499198269099,0.0001162681192140312,16,27.571428611165,2.7289852927979967,-1.0
0.009479630628929418,0.002036078312598607,64,0.19589174794964492,0.00010453658778440107,16,29.38095238095238,2.667740724200294,-1.0
0.009572593851343673,0.002802187974071678,65,0.21049611805938184,9.342254191024022e-05,16,29.23809525512514,2.686002413885934,-1.0
0.00865463400259614,0.0020504551665747866,66,0.18208992201834917,8.294311864472437e-05,16,28.47619053863344,2.6945583843049548,-1.0
0.009317178922869703,0.001634223194902434,67,0.1862758498173207,7.311447649896551e-05,16,29.285714280037652,2.651323708125523,-1.0
0.009076008586870396,0.0019248858888578765,68,0.18714024405926466,6.395177052675794e-05,16,27.952380958057585,2.682698132651193,-1.0
0.009963273591197589,0.0022784831714542475,69,0.20823940797708929,5.546912895658472e-05,16,29.428571456954593,2.653047950835455,-1.0
0.01165409744991099,0.002086584428873132,70,0.23374067503027618,4.767963140691306e-05,16,28.666666717756364,2.662300503140404,-1.0
0.01086103220415466,0.0016962835592601228,71,0.21363517898134887,4.059528871837034e-05,16,29.333333333333332,2.6202684979211717,-1.0
0.011460566139944336,0.002082849743173403,72,0.23039628681726754,3.4227024433899e-05,16,28.238095238095237,2.6242738296872092,-1.0
0.012062373530010091,0.0029262682998224218,73,0.2550227139145136,2.8584657955444653e-05,16,29.238095272155036,2.6013945429665704,-1.0
0.009293864125057179,0.0027740140418138575,74,0.205316771985963,2.367688940315011e-05,16,29.523809586252487,2.6126787340073356,-1.0
0.010810749139636755,0.0018466912785216289,75,0.21529903006739914,1.951128620040094e-05,16,29.19047619899114,2.6376000690460204,-1.0
0.011283342753920485,0.0029038029503734675,76,0.24128249799832702,1.6094271405406862e-05,16,29.285714325450716,2.6599819196973526,-1.0
0.008544037145945956,0.0018996594418935915,77,0.1776655458379537,1.3431113807311488e-05,16,29.285714325450716,2.62079279036749,-1.0
0.008436817936051418,0.002779025474891943,78,0.19079714990220964,1.1525919802101659e-05,16,29.904761899085273,2.6257146921611967,-1.0
0.008903616176479879,0.001928893178153564,79,0.18427926790900528,1.0381627060842164e-05,16,29.857142879849388,2.57970688638233,-1.0
0.010282330447807908,0.0016423573114854447,80,0.20282240700908005,1e-05,16,29.47619053863344,2.643542712983631,-1.0
0.011725300948859917,0.012355357550808953,1,0.433614756911993,0.000999618372939158,17,1.3181818181818181,4.761009408777411,-1.0
0.011401706853777997,0.0020260989743595323,2,0.24184764502570033,0.0009984740801978985,17,2.909090909090909,4.491189296028831,-1.0
0.01154506158652819,0.00238296108889497,3,0.2508830949664116,0.0009965688861926887,17,3.772727272727273,4.369012173739347,-1.0
0.011745318084851734,0.0019489706933705343,4,0.24667335185222328,0.0009939057285945933,17,4.636363637718287,4.294966706362637,-1.0
0.012478732814391455,0.0017996105080884364,5,0.25720563321374357,0.0009904887137995992,17,6.090909090909091,4.175000778545033,-1.0
0.012850335449911654,0.0017019063881081012,6,0.2621208429336548,0.00098632311059685,17,6.181818184527484,4.110152032158592,-1.0
0.009087214815533824,0.002066933575810658,7,0.2009392469190061,0.0009814153420445555,17,6.636363636363637,4.065539441542192,-1.0
0.009615419626546403,0.002249821309103734,8,0.21369349490851164,0.0009757729755661012,17,6.909090909090909,4.037402567429976,-1.0
0.011350088933896687,0.0019853809046455556,9,0.24019004311412573,0.0009694047112816298,17,7.272727275436575,3.9349517250061035,-1.0
0.010848813703180187,0.0034806205658242106,10,0.2581146939191967,0.0009623203685930871,17,7.136363637718287,3.9612699751420455,-1.0
0.01211911664965252,0.0020950544599650633,11,0.2560500930994749,0.0009545308710434153,17,8.772727274081923,3.896501022685658,-1.0
0.009809395156076385,0.0018579071103077796,12,0.2101654119323939,0.0009460482294732422,17,9.0,3.852461934523149,-1.0
0.008664386217585869,0.001578194904141128,13,0.18449670495465398,0.0009368855235010348,17,9.454545454545455,3.8036440207741475,-1.0
0.009273589549896618,0.0014819808356049988,14,0.1937200860120356,0.0009270568813552758,17,9.818181818181818,3.762634501023726,-1.0
0.009385254945502512,0.0015376543289878303,15,0.19673276809044182,0.0009165774580897602,17,9.636363637718288,3.752964866811579,-1.0
0.008810345393915972,0.001679659044990937,16,0.18894108105450869,0.0009054634122155992,17,10.727272728627378,3.7158278317884967,-1.0
0.0100028231067376,0.0017909741727635264,17,0.21242372295819223,0.0008937318807859689,17,10.590909090909092,3.6744016907431862,-1.0
0.00875980800224675,0.0018888829379445976,18,0.19180252496153116,0.0008814009529720156,17,11.590909096327694,3.6745712566375732,-1.0
0.009669013735320833,0.0019103429383701747,19,0.20855410885997117,0.0008684896421706646,17,12.81818182089112,3.600450801849365,-1.0
0.009345021603318552,0.0025299778337486917,20,0.21387704997323453,0.0008550178566873412,17,12.54545455087315,3.613029784289273,-1.0
0.011368726832895644,0.002609542105346918,21,0.2517645040061325,0.0008410063690388064,17,12.5,3.594289771860296,-1.0
0.011375413832461668,0.002087270271860891,22,0.2425321799237281,0.0008264767839234412,17,13.500000005418604,3.5391645960374314,-1.0
0.012097548835703896,0.002201006502016551,23,0.2575784120708704,0.000811451504908368,17,13.04545455087315,3.5218058360706674,-1.0
0.012163979958535897,0.0020427004848089484,24,0.25591111392714083,0.0007959536998847743,17,13.409090911800211,3.4907097842476587,-1.0
0.009797320054430101,0.0021161686680797073,25,0.21459621796384454,0.0007800072653447032,17,13.772727275436575,3.5030732874436814,-1.0
0.009567222053495547,0.001803170605045226,26,0.204785596113652,0.0007636367895343947,17,16.00000001083721,3.451172777522694,-1.0
0.009225924111281833,0.0019410372737588154,27,0.20113247586414218,0.0007468675145409928,17,14.772727272727273,3.435403664328835,-1.0
0.00908139394596219,0.0015672001625514692,28,0.19179322104901075,0.0007297252973710758,17,16.272727275436576,3.3924164919419724,-1.0
0.008973561317866875,0.00167056439547903,29,0.19173713703639805,0.0007122365700810271,17,16.45454546538266,3.387490234375,-1.0
0.00930225075636473,0.0016342371236532927,30,0.19695890601724386,0.0006944282990207196,17,15.272727275436575,3.375813042900779,-1.0
0.008311305764234729,0.0026018616820996008,31,0.1965388071257621,0.0006763279432533592,17,15.727272738109935,3.3536856070431798,-1.0
0.009637942330704795,0.0019876453378755185,32,0.2093622200191021,0.0006579634122155992,17,16.40909091180021,3.331610898104581,-1.0
0.011152263316843245,0.0019278635219153431,33,0.23557355906814337,0.000639363022683212,17,17.68181819265539,3.2904843963276256,-1.0
0.00924161623697728,0.0017577119352709916,34,0.19812639500014484,0.0006205554551086735,17,17.363636374473572,3.2831264556537976,-1.0
0.008428702092108628,0.0025543817318975925,35,0.19780518300831318,0.0006015697093979838,17,18.681818184527483,3.2600824815576726,-1.0
0.010068042527159883,0.0020148309672044385,36,0.21761857299134135,0.0005824350601949146,17,17.590909092263743,3.251404141512784,-1.0
0.012103350509682463,0.0019670842706950176,37,0.2534344948362559,0.0005631810117416299,17,20.45454546538266,3.2093100530450993,-1.0
0.010664927333386408,0.002015533779437343,38,0.22842985205352306,0.0005438372523852835,17,17.818181829019025,3.248047456741333,-1.0
0.010083465241930552,0.001830758488116165,39,0.2145796229597181,0.0005244336088007391,17,19.409090914509513,3.186017817583951,-1.0
0.00969631739685105,0.002478961095524331,40,0.219257335877046,0.0005050000000000001,17,18.500000002709303,3.2046747944571754,-1.0
0.009929551768841015,0.0021465003956109285,41,0.217484672088176,0.0004855663911992613,17,18.363636363636363,3.2054544058713046,-1.0
0.011360049997973774,0.0021151395048946142,42,0.2426833959762007,0.00046616274761471693,17,19.95454546538266,3.1511987313357266,-1.0
0.014048385653748281,0.0016983058432944948,43,0.28361008199863136,0.00044681898825837057,17,19.22727272862738,3.13740836316889,-1.0
0.013011977167075707,0.0018443777872663406,44,0.26758099906146526,0.000427564939805086,17,20.13636364178224,3.1101186856356535,-1.0
0.009194219523730377,0.0020501939709194833,45,0.20253372401930392,0.00040843029060201667,17,21.863636374473572,3.106652486107566,-1.0
0.011923127975832257,0.001706379866744909,46,0.24548027501441538,0.000389444544891327,17,20.954545454545453,3.0969041867689655,-1.0
0.010518708667303953,0.0019943813353569973,47,0.22539457702077925,0.0003706369773167883,17,22.36363638531078,3.0603901542316785,-1.0
0.011885953562644621,0.0018096287708936466,48,0.2466865109745413,0.0003520365877844012,17,20.04545455087315,3.079565388072621,-1.0
0.014970176917914715,0.002335080139649411,49,0.31172455102205276,0.0003336720567466412,17,21.772727278145876,3.0599540025537664,-1.0
0.010676430085570447,0.0022059940189744034,50,0.23208904219791293,0.0003155717009792807,17,19.90909091180021,3.061296150901101,-1.0
0.011683878876889745,0.00221437083867689,51,0.25032061198726296,0.00029776342991897335,17,22.0,3.0214096078005706,-1.0
0.012336651264275942,0.0019244585160372986,52,0.25688673509284854,0.00028027470262892445,17,22.636363636363637,3.009370407624678,-1.0
0.009691522430835499,0.003118580013203124,53,0.2307514080312103,0.0002631324854590073,17,22.500000005418602,3.0028280223499646,-1.0
0.009001288407792648,0.002279085042472515,54,0.2031532609835267,0.0002463632104656054,17,22.545454556291755,2.9745032570578833,-1.0
0.009340011023191942,0.00189740975232174,55,0.20237338403239846,0.0002299927346552969,17,22.363636363636363,2.976145477294922,-1.0
0.009160668757330213,0.002021014677464134,56,0.2013897409196943,0.00021404630011522587,17,23.272727275436576,2.959403755014593,-1.0
0.010248849918651912,0.002226257580332458,57,0.22465472016483545,0.00019854849509163232,17,23.045454545454547,2.9500890003551135,-1.0
0.00971941771503124,0.0017747236157043113,58,0.20702156517654657,0.00018352321607655918,17,22.636363647200845,2.9558036240664394,-1.0
0.011122994538810518,0.001972755637123353,59,0.2358760219067335,0.00016899363096119395,17,23.727272738109935,2.932907077615911,-1.0
0.009774997597560287,0.0021658554517974458,60,0.21508951601572335,0.000154982143312659,17,23.681818203492597,2.921159667101773,-1.0
0.009645590933764147,0.001807324782324334,61,0.20628070388920605,0.0001415103578293356,17,23.00000000135465,2.9352655731547963,-1.0
0.011305151688348915,0.001647645038449102,62,0.23328552301973104,0.0001285990470279847,17,23.090909096327696,2.9181713997234,-1.0
0.013064367657837769,0.0020639256108552217,63,0.2724783821031451,0.0001162681192140312,17,24.636363647200845,2.8956628279252485,-1.0
0.01298970623045332,0.0016884763285310732,64,0.2643450531177223,0.00010453658778440107,17,25.181818203492597,2.8894746815074575,-1.0
0.009253374223286906,0.0017345918911612695,65,0.19788553309626877,9.342254191024022e-05,17,23.18181819265539,2.9072325559095904,-1.0
0.010487181858883964,0.002080271136946976,66,0.22635103901848197,8.294311864472437e-05,17,24.68181819265539,2.8561527598987926,-1.0
0.01127719560948511,0.0017298717801976535,67,0.2342974680941552,7.311447649896551e-05,17,24.318181839856233,2.8830813451246784,-1.0
0.013588580936710868,0.0029188748449087143,68,0.2973288951907307,6.395177052675794e-05,17,24.18181819265539,2.917431807951494,-1.0
0.012791534523583122,0.001984140150145524,69,0.26616710098460317,5.546912895658472e-05,17,22.772727272727273,2.9071392276070336,-1.0
0.011849218552621702,0.0017316419915813538,70,0.24464507400989532,4.767963140691306e-05,17,25.863636374473572,2.850533807927912,-1.0
0.010800343563055826,0.0015939729443440835,71,0.2232581269927323,4.059528871837034e-05,17,24.18181819265539,2.887642698287964,-1.0
0.009975178943326076,0.001789496952874793,72,0.21189194708131254,3.4227024433899e-05,17,23.90909091992812,2.8580475963245737,-1.0
0.011056068249874644,0.001796693644589848,73,0.23147772485390306,2.8584657955444653e-05,17,26.000000002709303,2.851005220413208,-1.0
0.009332519373856485,0.0026597472994277873,74,0.21596393501386046,2.367688940315011e-05,17,25.363636374473572,2.8672901500355112,-1.0
0.0089764051242835,0.0017485360407994853,75,0.19315126398578286,1.951128620040094e-05,17,25.045454556291755,2.864820502021096,-1.0
0.009081450355653133,0.001629832588757078,76,0.19290686817839742,1.6094271405406862e-05,17,25.318181829019025,2.8315861103751443,-1.0
0.009600191247752972,0.0016316010280408794,77,0.20227881101891398,1.3431113807311488e-05,17,25.0,2.858332423296842,-1.0
0.008500020356020994,0.003135695199792584,78,0.2095452630892396,1.1525919802101659e-05,17,25.59090909090909,2.8422823125665837,-1.0
0.009276448645525508,0.0016525525263407165,79,0.19682354293763638,1.0381627060842164e-05,17,26.000000005418602,2.8186285131627864,-1.0
0.00892713627157112,0.0023804835121457777,80,0.20363847818225622,1e-05,17,25.000000005418602,2.8704096299951725,-1.0
0.011956183175142441,0.012657797158074876,1,0.4432169629726559,0.000999618372939158,18,2.2173912965733074,4.724705322099768,-1.0
0.01157650735694915,0.0023297108580461806,2,0.25047446181997657,0.0009984740801978985,18,3.5217391239560167,4.436013491257377,-1.0
0.009149394593098097,0.001903159906052881,3,0.19911762815900147,0.0009965688861926887,18,5.217391300460567,4.288063233417013,-1.0
0.011538573269111415,0.001693699120854338,4,0.23831963096745312,0.0009939057285945933,18,5.347826079182003,4.172939229218856,-1.0
0.018146402707012992,0.0042947745726754265,5,0.40412941202521324,0.0009904887137995992,18,6.3043478170166845,4.09614766659944,-1.0
0.015430430247862306,0.0024420516953493157,6,0.32192607689648867,0.00098632311059685,18,7.347826071407484,3.9940682274362316,-1.0
0.014962261710833345,0.002707013679254386,7,0.31827486911788583,0.0009814153420445555,18,7.608695645695147,3.947282188249671,-1.0
0.008967641805712547,0.0024510787592993844,8,0.20569382514804602,0.0009757729755661012,18,8.913043457528818,3.8860109490933628,-1.0
0.00977637454505182,0.0015658820694726375,9,0.20427597197704017,0.0009694047112816298,18,8.999999987042468,3.8147451371731966,-1.0
0.009208228801273637,0.0019043534218023221,10,0.20014050998724997,0.0009623203685930871,18,10.347826024760371,3.7603403062405794,-1.0
0.01015978157778995,0.0021014478083492983,11,0.2208469659090042,0.0009545308710434153,18,10.913043471782103,3.715972632532534,-1.0
0.01009771068735669,0.001995996753167775,12,0.21779118105769157,0.0009460482294732422,18,11.304347811833672,3.696169539741848,-1.0
0.009106573221894601,0.002073968501968516,13,0.20137535803951323,0.0009368855235010348,18,12.304347813129425,3.6457716945979906,-1.0
0.008855630682470897,0.0020089250885778004,14,0.19567162892781198,0.0009270568813552758,18,11.999999988338221,3.5967673716337782,-1.0
0.008483321030831171,0.002219977128940324,15,0.19278322206810117,0.0009165774580897602,18,13.347826071407484,3.5517639404794443,-1.0
0.00913494813721627,0.002062033189253675,16,0.20165358507074416,0.0009054634122155992,18,14.086956506190093,3.539360351147859,-1.0
0.01086698055991696,0.002086384778117968,17,0.2332950159907341,0.0008937318807859689,18,15.173913012380185,3.4609497878862463,-1.0
0.01189366700903823,0.00217615677199016,18,0.25344774406403303,0.0008814009529720156,18,15.782608706018198,3.4440725865571395,-1.0
0.01464148806149347,0.001909579046898418,19,0.2981299730017781,0.0008684896421706646,18,15.304347809242165,3.4182621653183647,-1.0
0.012432906013499532,0.001760169048793614,20,0.2556913639418781,0.0008550178566873412,18,16.60869566772295,3.370711851119995,-1.0
0.014365689104629887,0.003093400504440069,21,0.31447473890148103,0.0008410063690388064,18,18.04347822977149,3.309995868517005,-1.0
0.015292882000923984,0.0016976131074544457,22,0.3060870389454067,0.0008264767839234412,18,16.99999998315521,3.292903367747431,-1.0
0.011897403087156514,0.0018246065721743638,23,0.24721507099457085,0.000811451504908368,18,17.739130367403444,3.271670686473017,-1.0
0.010171012771833274,0.0019343231623578402,24,0.21804090403020382,0.0007959536998847743,18,19.782608672328617,3.2295119592417842,-1.0
0.008834264913780822,0.001585430814884603,25,0.1876594191417098,0.0007800072653447032,18,18.7826087060182,3.2077407836914062,-1.0
0.010070062100162936,0.001744159070464472,26,0.2127597969956696,0.0007636367895343947,18,20.26086953671082,3.2029472176924996,-1.0
0.011109352202361656,0.0024310554662305447,27,0.24386514397338033,0.0007468675145409928,18,19.956521661385246,3.1471876364168914,-1.0
0.015035802019863494,0.0023921659707816113,28,0.3139242948964238,0.0007297252973710758,18,21.304347792397376,3.1234836806421695,-1.0
0.013644944190875523,0.0022123690254779328,29,0.2856883320491761,0.0007122365700810271,18,21.260869528936304,3.0929077675031578,-1.0
0.013846375953613056,0.002301605883985758,30,0.29091209499165416,0.0006944282990207196,18,20.30434774834177,3.083563218324081,-1.0
0.011225895076576207,0.0019540111404947108,31,0.23745163111016154,0.0006763279432533592,18,20.478260838467143,3.072751005836155,-1.0
0.008810604392136965,0.0021075282711535692,32,0.19666711799800396,0.0006579634122155992,18,22.13043474632761,3.0337521553039553,-1.0
0.009254575926913984,0.002281719068479207,33,0.20775702502578497,0.000639363022683212,18,22.434782572414566,3.0247200617582903,-1.0
0.009183585113431845,0.0015573226717404192,34,0.19346517301164567,0.0006205554551086735,18,22.91304347826087,2.9977504838031273,-1.0
0.00984242958171914,0.0017870348722984393,35,0.2094546970911324,0.0006015697093979838,18,22.65217388453691,2.9661748359514317,-1.0
0.009162952295607991,0.002360653093395134,36,0.2075507058762014,0.0005824350601949146,18,23.60869552778161,2.9614010450114376,-1.0
0.009894263917683728,0.0017286663642153144,37,0.20933940401300788,0.0005631810117416299,18,23.434782577597577,2.939352213818094,-1.0
0.011453405333062014,0.0016538209488822354,38,0.2360843939241022,0.0005438372523852835,18,24.52173912525177,2.8893794540736986,-1.0
0.010376813847364651,0.001781500319743322,39,0.21901266905479133,0.0005244336088007391,18,25.52173908378767,2.8495427973374077,-1.0
0.010724861485262712,0.0030869131183458697,40,0.24873770191334188,0.0005050000000000001,18,24.260869534119315,2.874466839251311,-1.0
0.01128292118664831,0.0019306214784996377,41,0.23801127797923982,0.0004855663911992613,18,25.086956490641054,2.831385152236275,-1.0
0.0113339275897791,0.0016540784725091523,42,0.23394840396940708,0.00046616274761471693,18,25.869565139646117,2.8133371987550153,-1.0
0.010909817944694724,0.0015802625566720963,43,0.22497390606440604,0.00044681898825837057,18,26.086956433627915,2.7849157930457076,-1.0
0.013665222330018878,0.0016627059473345678,44,0.27613887190818787,0.000427564939805086,18,25.913043483443882,2.7992238210595173,-1.0
0.014072710881009698,0.0018136252830218938,45,0.28621937707066536,0.00040843029060201667,18,27.869565092999004,2.7518817001840343,-1.0
0.014900832695679532,0.001953821810376313,46,0.3036651520524174,0.000389444544891327,18,27.52173900604248,2.7284749109848687,-1.0
0.014937673177984025,0.001692619161783821,47,0.2996285269036889,0.0003706369773167883,18,28.21739130953084,2.7510932312841,-1.0
0.012204989959071908,0.0018384938852654563,48,0.25306738493964076,0.0003520365877844012,18,28.173913004605666,2.7122007904882017,-1.0
0.014229041614776684,0.0016722023331870635,49,0.28646154003217816,0.0003336720567466412,18,28.565217339474223,2.676565363925436,-1.0
0.01469504194230669,0.001878379171507226,50,0.29858194990083575,0.0003155717009792807,18,28.782608617906984,2.6647894316134244,-1.0
0.012191786443711154,0.0018611265113577247,51,0.2531404639594257,0.00029776342991897335,18,28.26086956521739,2.6526598324983017,-1.0
0.012152857690428695,0.0016106690875151092,52,0.24789720214903355,0.00028027470262892445,18,30.652173902677454,2.619481887402742,-1.0
0.01444605953939673,0.0017064061766076419,53,0.2909555200021714,0.0002631324854590073,18,29.043478136477262,2.6246761997886328,-1.0
0.014290377458867928,0.0018403000948536727,54,0.2906330970581621,0.0002463632104656054,18,29.78260864900506,2.626546161071114,-1.0
0.008671201817277405,0.0021910365256998274,55,0.1957052571233362,0.0002299927346552969,18,31.565217422402423,2.5837472123685092,-1.0
0.008513850134073032,0.001942531089298427,56,0.18832037993706763,0.00021404630011522587,18,31.30434769132863,2.588024445824001,-1.0
0.00891157352210333,0.0020030449765423932,57,0.1965704329777509,0.00019854849509163232,18,32.17391298128211,2.5498021615069844,-1.0
0.010938832510469688,0.0017597200995725063,58,0.2287062150426209,0.00018352321607655918,18,29.695652173913043,2.5667966610452404,-1.0
0.010044959037461214,0.0020973768033501175,59,0.2187054690439254,0.00016899363096119395,18,30.260869513387266,2.5421554034689198,-1.0
0.01056425717090153,0.0022491446644481686,60,0.23079623514786363,0.000154982143312659,18,31.695652080618817,2.533350554341855,-1.0
0.010489415687819323,0.0018889274215325713,61,0.22298124083317816,0.0001415103578293356,18,31.04347820903944,2.5350437483580217,-1.0
0.009240106550148793,0.0019057426187727186,62,0.20077633089385927,0.0001285990470279847,18,30.565217344657235,2.565398312029631,-1.0
0.009392920506393744,0.0020610172715451983,63,0.20627492479979992,0.0001162681192140312,18,31.65217385603034,2.5287258438442066,-1.0
0.009315119215494229,0.0017297097818098134,64,0.19891850813291967,0.00010453658778440107,18,33.26086956003438,2.476325327831766,-1.0
0.008492620623049637,0.002020370383333001,65,0.189336190931499,9.342254191024022e-05,18,32.52173899567646,2.509659065578295,-1.0
0.009112359541985724,0.0018002687332530816,66,0.19653252698481083,8.294311864472437e-05,18,32.739130465880685,2.472462668626205,-1.0
0.009450231213122606,0.0017145307243077292,67,0.2010719038080424,7.311447649896551e-05,18,33.869565160378166,2.4683526669377867,-1.0
0.010671205055485997,0.0017413303333645065,68,0.22353069414384663,6.395177052675794e-05,18,33.782608597174935,2.474547459560892,-1.0
0.009658614872023463,0.0019126880732882354,69,0.20840856106951833,5.546912895658472e-05,18,34.043478162392326,2.4760106990648354,-1.0
0.009407418159147104,0.0016702050084455146,70,0.19950029090978205,4.767963140691306e-05,18,32.56521738612133,2.4486644085593845,-1.0
0.01137329930336111,0.0020165579238285622,71,0.24115117988549173,4.059528871837034e-05,18,31.95652172876441,2.455258116100145,-1.0
0.012268483069621854,0.0020285559326617252,72,0.2575162958819419,3.4227024433899e-05,18,34.17391294500102,2.4010054982226827,-1.0
0.01099960703868419,0.0022631053579971194,73,0.23893827595748007,2.8584657955444653e-05,18,34.26086950302124,2.4123326566944954,-1.0
0.011445855139754713,0.0019460295766798987,74,0.24126361892558634,2.367688940315011e-05,18,33.30434781053792,2.429673905165299,-1.0
0.010784453544248309,0.0020599886257615355,75,0.23140543699264526,1.951128620040094e-05,18,32.78260856089385,2.4502890968322752,-1.0
0.01240286595808963,0.001863396441977885,76,0.25699492497369647,1.6094271405406862e-05,18,33.99999986524167,2.412331657409668,-1.0
0.009897846612147987,0.0019481420491097702,77,0.2134037110954523,1.3431113807311488e-05,18,33.08695643881093,2.415467016385949,-1.0
0.011499607211185826,0.002120875352476206,78,0.24532437999732792,1.1525919802101659e-05,18,32.5652174120364,2.456898311117421,-1.0
0.01413951259261618,0.0019610910159018305,79,0.29003853583708405,1.0381627060842164e-05,18,33.99999998445096,2.4310922436092213,-1.0
0.012849183339211676,0.0019006369920033547,80,0.2657284731976688,1e-05,18,34.26086956003438,2.427014318549115,-1.0
0.011519234186332477,0.011802797659153217,1,0.4433433818630874,0.000999618372939158,19,2.2083333333333335,4.925308233896891,-1.0
0.010528213356768614,0.0018255805327115876,2,0.2348335301503539,0.0009984740801978985,19,2.8750000024835267,4.465304775238037,-1.0
0.012286636880353877,0.0017940697480777377,3,0.26766677596606314,0.0009965688861926887,19,3.708333343267441,4.345152581532796,-1.0
0.012150344365325413,0.0018423119510867093,4,0.2660363637842238,0.0009939057285945933,19,4.708333338300387,4.248554070790608,-1.0
0.009692873916049538,0.0020378047698422484,5,0.22301966906525195,0.0009904887137995992,19,5.291666676600774,4.176171086629232,-1.0
0.009361736059777047,0.002248388886647789,6,0.22069687000475824,0.00098632311059685,19,5.875000001241763,4.082522996266683,-1.0
0.011139664198517016,0.0018947789028875138,7,0.2477950390893966,0.0009814153420445555,19,6.625,4.024221897125244,-1.0
0.011715290749347523,0.0017611584135968435,8,0.2562210760079324,0.0009757729755661012,19,7.375000002483527,3.9686677996317545,-1.0
0.009471389146423653,0.0017419184288500172,9,0.21318982890807092,0.0009694047112816298,19,7.458333333333333,3.923517557779948,-1.0
0.008686885703355074,0.0023070312423729583,10,0.20899421605281532,0.0009623203685930871,19,8.250000004967054,3.889548037846883,-1.0
0.00919052186471067,0.0017603174538204545,11,0.20817939704284072,0.0009545308710434153,19,9.416666706403097,3.836315002441406,-1.0
0.014279669738913836,0.002657852625768436,12,0.3220131660345942,0.0009460482294732422,19,9.458333353201548,3.7947611459096273,-1.0
0.014405682658482539,0.0029739281285162036,13,0.3304740858729929,0.0009368855235010348,19,11.041666676600775,3.7723608430226645,-1.0
0.009643291233499584,0.0020076680291247996,14,0.22155768983066082,0.0009270568813552758,19,10.625,3.764870440165202,-1.0
0.008810650728839008,0.0015605484919720574,15,0.19715787190943956,0.0009165774580897602,19,12.125000009934107,3.6892632071177163,-1.0
0.011848153497435544,0.0024904409227402588,16,0.27259232196956873,0.0009054634122155992,19,12.083333333333334,3.651270497639974,-1.0
0.010560231136256143,0.0030449402248977045,17,0.25868564704433084,0.0008937318807859689,19,12.041666666666666,3.6495949331919353,-1.0
0.010219893883913755,0.0016460884239916738,18,0.22562282695434988,0.0008814009529720156,19,12.208333333333334,3.612557830810547,-1.0
0.011469104376278426,0.001831157721186939,19,0.2528387210331857,0.0008684896421706646,19,13.083333353201548,3.582461598714193,-1.0
0.011299028306415207,0.0017501151703886296,20,0.24806739599443972,0.0008550178566873412,19,14.791666676600775,3.5377459494272867,-1.0
0.010937224779474107,0.0017440241124284895,21,0.2411236590705812,0.0008410063690388064,19,13.87500003973643,3.5123376941680906,-1.0
0.009738172428976549,0.0018790499307215214,22,0.22088979999534786,0.0008264767839234412,19,14.916666666666666,3.4680875873565675,-1.0
0.008966535219530525,0.0015038467306447657,23,0.19904015003703535,0.000811451504908368,19,15.500000019868216,3.4240421072642007,-1.0
0.00945367801346277,0.0018509194058807272,24,0.21489019598811865,0.0007959536998847743,19,15.958333333333334,3.4320086828867593,-1.0
0.008859517751261592,0.0016170207680644172,25,0.19915953883901238,0.0007800072653447032,19,16.5,3.4204126962025962,-1.0
0.009045470273122191,0.0019904764638723513,26,0.20978508214466274,0.0007636367895343947,19,16.375000019868214,3.3727290852864584,-1.0
0.008551480003485554,0.001973061993914215,27,0.20006879093125463,0.0007468675145409928,19,17.416666706403095,3.349780782063802,-1.0
0.009433344386419967,0.0018761229309204378,28,0.2149909259751439,0.0007297252973710758,19,17.29166668653488,3.3082447783152262,-1.0
0.00950545551696498,0.001682319641603451,29,0.21267364686354995,0.0007122365700810271,19,18.083333373069763,3.2944438966115315,-1.0
0.011547825801627417,0.0017018316215590427,30,0.2518830799963325,0.0006944282990207196,19,17.333333333333332,3.3330826409657797,-1.0
0.01169651120557989,0.0024399594281260904,31,0.26880580210126936,0.0006763279432533592,19,17.083333333333332,3.312936833699544,-1.0
0.011271046155965641,0.0020407090012572312,32,0.25313579593785107,0.0006579634122155992,19,19.375000019868214,3.2475568771362306,-1.0
0.009300095690904479,0.001572470621843087,33,0.20676656113937497,0.000639363022683212,19,18.625000019868214,3.2300594361623127,-1.0
0.010377927254395266,0.002320156849332546,34,0.24138831510208547,0.0006205554551086735,19,18.5,3.2134759489695233,-1.0
0.011891274382115194,0.0018418844617707165,35,0.26110700191929936,0.0006015697093979838,19,18.916666666666668,3.258150962193807,-1.0
0.012018906246674689,0.0017853411845862865,36,0.2624871002044529,0.0005824350601949146,19,20.166666746139526,3.183527946472168,-1.0
0.014821839138963505,0.001615734599334629,37,0.31255395081825554,0.0005631810117416299,19,20.16666668653488,3.1663760407765706,-1.0
0.012890455411060861,0.0015881491677933617,38,0.2753320340998471,0.0005438372523852835,19,19.583333333333332,3.114477008183797,-1.0
0.011488186170984255,0.0016947365733549784,39,0.25063564209267497,0.0005244336088007391,19,20.75000003973643,3.108602066040039,-1.0
0.012099691752442404,0.0015684459848623526,40,0.25982132693752646,0.0005050000000000001,19,20.66666668653488,3.119121363957723,-1.0
0.011938052717596292,0.0025376311233757357,41,0.27519728103652596,0.0004855663911992613,19,21.083333373069763,3.1120365937550862,-1.0
0.015087084660894777,0.0021539374965390094,42,0.32782170292921364,0.00046616274761471693,19,21.75,3.0985132694244384,-1.0
0.01260615863200081,0.0016106312089648686,43,0.2703592369798571,0.00044681898825837057,19,21.50000003973643,3.0757976404825844,-1.0
0.01028358341978961,0.001500906312446061,44,0.22407028102315962,0.000427564939805086,19,21.916666666666668,3.0620867188771568,-1.0
0.011864891741424799,0.001561423359242709,45,0.2552583140786737,0.00040843029060201667,19,20.54166668653488,3.06103567759196,-1.0
0.010320404703777871,0.002515898502774929,46,0.244053975911811,0.000389444544891327,19,22.0,3.043806486129761,-1.0
0.01130589743536946,0.0023997480932034946,47,0.26053961203433573,0.0003706369773167883,19,22.333333373069763,3.0257997131347656,-1.0
0.009917469278566148,0.0020255752422503734,48,0.22704640892334282,0.0003520365877844012,19,23.083333333333332,2.990602556864421,-1.0
0.011666202280474337,0.0022937977735541367,49,0.2653667009435594,0.0003336720567466412,19,22.541666706403095,2.979921646118164,-1.0
0.010114765248114341,0.0028715989625963723,50,0.24686997290700674,0.0003155717009792807,19,22.45833335320155,3.010042289098104,-1.0
0.010221199230536035,0.001973764088593031,51,0.2318337969481945,0.00029776342991897335,19,24.666666666666668,2.948304214477539,-1.0
0.011847273311822823,0.0016117101584218051,52,0.2558767090085894,0.00028027470262892445,19,22.583333373069763,2.960394468307495,-1.0
0.013786235211515114,0.001891784847861058,53,0.2980740680359304,0.0002631324854590073,19,23.54166668653488,2.956816940307617,-1.0
0.014460780498522677,0.0016841350221320202,54,0.3069720019120723,0.0002463632104656054,19,24.166666666666668,2.9173030185699464,-1.0
0.014359854713180348,0.0017432387624132005,55,0.3062300318852067,0.0002299927346552969,19,23.37500003973643,2.8983671792348225,-1.0
0.014493317625142242,0.0024725134778571757,56,0.32264188677072525,0.00021404630011522587,19,24.12500003973643,2.882639525731405,-1.0
0.01029473834818131,0.001721017123935254,57,0.22853225306607783,0.00019854849509163232,19,23.62500003973643,2.899411595662435,-1.0
0.01119998329024958,0.0015489300222773302,58,0.24236693908460438,0.00018352321607655918,19,24.12500003973643,2.8988385995229087,-1.0
0.011580197495947542,0.0016605286540365533,59,0.25175215397030115,0.00016899363096119395,19,25.291666706403095,2.8656549421946207,-1.0
0.011850421084091067,0.001738647182815169,60,0.25838869204744697,0.000154982143312659,19,23.833333373069763,2.8987469704945883,-1.0
0.012192231357881897,0.0016114197941006797,61,0.2624670790974051,0.0001415103578293356,19,27.291666666666668,2.8293606789906818,-1.0
0.012627831611194108,0.001877882493365752,62,0.27577251312322915,0.0001285990470279847,19,26.166666706403095,2.8530367914835613,-1.0
0.012318201951290431,0.0017036112074397113,63,0.2665487709455192,0.0001162681192140312,19,25.75,2.8408389886220298,-1.0
0.011365486897136035,0.0015279697254300117,64,0.2451417448464781,0.00010453658778440107,19,25.75,2.8408069610595703,-1.0
0.010223963334666271,0.0019420814014186984,65,0.231332384981215,9.342254191024022e-05,19,26.041666706403095,2.8243568325042725,-1.0
0.009969229797685617,0.001847455988785154,66,0.22465677000582218,8.294311864472437e-05,19,25.875,2.819047066370646,-1.0
0.009799336144504579,0.0018214737555306208,67,0.22093091113492846,7.311447649896551e-05,19,26.416666706403095,2.792551549275716,-1.0
0.009961862043526611,0.0021343923811065523,68,0.22995085711590946,6.395177052675794e-05,19,25.791666666666668,2.810599807103475,-1.0
0.0101581421607223,0.0017881941442426882,69,0.2271100440993905,5.546912895658472e-05,19,27.333333333333332,2.796999626159668,-1.0
0.011676726777008489,0.0023271452733560614,70,0.26623824518173933,4.767963140691306e-05,19,25.541666666666668,2.797396256128947,-1.0
0.01171069192749105,0.001777114175063999,71,0.2564648010302335,4.059528871837034e-05,19,26.416666666666668,2.7656785329182942,-1.0
0.014502787876776174,0.0018271177541464567,72,0.31050614384002984,3.4227024433899e-05,19,26.041666706403095,2.8064369487762453,-1.0
0.010257777194247433,0.0018700888061797933,73,0.2306439750827849,2.8584657955444653e-05,19,26.25,2.773170588811239,-1.0
0.011587950143668996,0.0027399292264721894,74,0.2724072430282831,2.367688940315011e-05,19,27.958333333333332,2.7562932364145913,-1.0
0.011926166725492007,0.00263958038321059,75,0.2769759949296713,1.951128620040094e-05,19,26.166666706403095,2.7824870045979817,-1.0
0.00992255157938129,0.002474909158129441,76,0.23571134288795292,1.6094271405406862e-05,19,25.875000019868214,2.7909290822347006,-1.0
0.009544726779782459,0.002254440694263107,77,0.22431660094298422,1.3431113807311488e-05,19,26.833333333333332,2.7771214707692464,-1.0
0.011640875808600532,0.001777875825370613,78,0.2551401858218014,1.1525919802101659e-05,19,27.666666666666668,2.770311377843221,-1.0
0.010177450695712315,0.001724293051091464,79,0.22632236406207085,1.0381627060842164e-05,19,27.12500007947286,2.7676828225453693,-1.0
0.011894197779168425,0.0022985913766253936,80,0.26984724891372025,1e-05,19,26.833333373069763,2.767053985595703,-1.0
0.011069472262170166,0.010742706584278495,1,0.43640814418904483,0.000999618372939158,20,1.8800000005960464,5.076149124145508,-1.0
0.008875547081697733,0.0020270083681680263,2,0.21819741814397275,0.0009984740801978985,20,3.3200000002980232,4.456270119476319,-1.0
0.009893962100613862,0.002361754549201578,3,0.24525254988111556,0.0009965688861926887,20,4.52,4.351332710266114,-1.0
0.013349278294481338,0.005334096401929856,4,0.37389383208937943,0.0009939057285945933,20,4.320000008344651,4.253712302398681,-1.0
0.011928729573264718,0.007890523574315012,5,0.39659114088863134,0.0009904887137995992,20,5.60000000834465,4.154109965515136,-1.0
0.013175969594158232,0.0065494384500198064,6,0.3946753910277039,0.00098632311059685,20,5.68000000834465,4.118482033538818,-1.0
0.011863960477057844,0.0014950237702578307,7,0.2673877861816436,0.0009814153420445555,20,6.480000000149012,4.034373048400879,-1.0
0.011681722255889326,0.0020307708415202796,8,0.27441963693127036,0.0009757729755661012,20,7.120000005960464,3.980277631378174,-1.0
0.011471417162101715,0.0017487086821347474,9,0.2645668829791248,0.0009694047112816298,20,8.280000019073487,3.9333552703857424,-1.0
0.012232532876078039,0.002755031525157392,10,0.2998847591225058,0.0009623203685930871,20,7.920000003576279,3.897035446548462,-1.0
0.00910506893415004,0.001546486606821418,11,0.21318720490671694,0.0009545308710434153,20,9.24000000834465,3.8424752948760985,-1.0
0.009094259783159942,0.0014071935205720366,12,0.21013377094641328,0.0009460482294732422,20,10.280000005960465,3.7980126934051515,-1.0
0.011809531541075557,0.0017661036108620465,13,0.2716640199068934,0.0009368855235010348,20,10.200000000596047,3.806885840988159,-1.0
0.011916539841331541,0.0021364661515690386,14,0.2812584671191871,0.0009270568813552758,20,10.680000008344651,3.738441892242432,-1.0
0.009271382307633757,0.002256835938896984,15,0.2307344600558281,0.0009165774580897602,20,12.720000014305114,3.69341308631897,-1.0
0.010148397099692374,0.0017961205565370619,16,0.23901846492663026,0.0009054634122155992,20,11.8400000166893,3.680947709655762,-1.0
0.009403061540797352,0.0018599561066366733,17,0.2253893360029906,0.0008937318807859689,20,11.320000019073486,3.6243455947875978,-1.0
0.010754368046764284,0.0019064461928792297,18,0.25334629020653665,0.0008814009529720156,20,13.080000001192094,3.6027559562683105,-1.0
0.011473264452069998,0.0020835530012845993,19,0.27128884801641107,0.0008684896421706646,20,12.200000003576278,3.5803414581298827,-1.0
0.011785702838096768,0.0018999315216206014,20,0.27385022304952145,0.0008550178566873412,20,13.800000005960465,3.567719530105591,-1.0
0.012987267598509789,0.0031078853528015314,21,0.32204498210921884,0.0008410063690388064,20,14.600000003576278,3.5277682357788085,-1.0
0.011742951278574765,0.0026095016160979866,22,0.28723805118352175,0.0008264767839234412,20,14.080000009536743,3.501419973754883,-1.0
0.010851416748482733,0.0018392867990769447,23,0.2539815320633352,0.000811451504908368,20,15.000000005960464,3.4604313720703126,-1.0
0.010073247097898275,0.0019747304962947966,24,0.24106498900800943,0.0007959536998847743,20,15.360000004768372,3.415377389907837,-1.0
0.009708140743896365,0.0031681322143413126,25,0.25765269878320396,0.0007800072653447032,20,15.520000019073485,3.4342275386810304,-1.0
0.011521361151244492,0.002085954952053726,26,0.2722743130289018,0.0007636367895343947,20,16.760000005960464,3.3930586437225343,-1.0
0.009518582653254271,0.0014202866004779935,27,0.21890016901306808,0.0007468675145409928,20,15.960000014305114,3.367123143005371,-1.0
0.009870856057386846,0.0016612439998425544,28,0.23077148594893515,0.0007297252973710758,20,17.8,3.326511890029907,-1.0
0.009794934326782823,0.0014738790225237608,29,0.2254983198363334,0.0007122365700810271,20,17.760000007152556,3.3009215911865235,-1.0
0.010012301104143261,0.001956644095480442,30,0.23949987604282796,0.0006944282990207196,20,17.680000016689302,3.2841782955169676,-1.0
0.009514385263901203,0.0017879036837257444,31,0.22616822295822203,0.0006763279432533592,20,18.80000001192093,3.253019692993164,-1.0
0.011823265498969704,0.0016085898503661155,32,0.2688075131736696,0.0006579634122155992,20,18.200000009536744,3.2627796768188477,-1.0
0.013342941692098976,0.0017647105036303402,33,0.3023474260699004,0.000639363022683212,20,18.440000038146973,3.233992919921875,-1.0
0.009978199109900743,0.0014163114363327622,34,0.22805073205381632,0.0006205554551086735,20,18.480000014305116,3.205367590713501,-1.0
0.0085214473772794,0.0016998614184558392,35,0.2045471561141312,0.0006015697093979838,20,20.320000014305116,3.157889284133911,-1.0
0.0093797184410505,0.001551118807401508,36,0.2187385680153966,0.0005824350601949146,20,20.160000009536745,3.150303977203369,-1.0
0.009964802721515297,0.0023957649362273516,37,0.24733666190877557,0.0005631810117416299,20,20.4800000166893,3.088689596939087,-1.0
0.00979314447613433,0.001909326680470258,38,0.2341717469971627,0.0005438372523852835,20,19.720000014305114,3.1196995147705078,-1.0
0.011810459394473583,0.001522086246404797,39,0.2667900510132313,0.0005244336088007391,20,21.120000014305116,3.1001739471435545,-1.0
0.014691147534176708,0.0020969566190615295,40,0.33597269793972373,0.0005050000000000001,20,21.280000002384185,3.0843774387359617,-1.0
0.011954234261065722,0.0027908635907806455,41,0.29517697799019516,0.0004855663911992613,20,21.48000000357628,3.0749364891052244,-1.0
0.014696053392253817,0.00217002296121791,42,0.33757468592375517,0.00046616274761471693,20,22.599999995231627,3.0142431995391847,-1.0
0.012771531322505325,0.00238141727168113,43,0.3033228158019483,0.00044681898825837057,20,22.6,3.04559979057312,-1.0
0.012765860965009779,0.00150929813971743,44,0.2856726360041648,0.000427564939805086,20,22.400000004768373,2.9749038551330567,-1.0
0.012403336097486317,0.0027116556535474955,45,0.3024923731572926,0.00040843029060201667,20,22.6800000333786,2.9774499145507813,-1.0
0.01224304644856602,0.0015182081493549048,46,0.27541922219097614,0.000389444544891327,20,23.5600000166893,2.98273194732666,-1.0
0.011960600281599908,0.0014892259729094802,47,0.2691907959524542,0.0003706369773167883,20,23.880000002384186,2.9438742431640623,-1.0
0.012287149706389755,0.0018915239372290671,48,0.28376702312380075,0.0003520365877844012,20,24.640000002384184,2.9237357051849364,-1.0
0.010095368628390134,0.0016326107666827737,49,0.23472791002131999,0.0003336720567466412,20,24.80000000476837,2.9182467262268066,-1.0
0.011836742132436484,0.0013920466182753444,50,0.26473250100389123,0.0003155717009792807,20,24.680000007152557,2.880617727279663,-1.0
0.010265657119452954,0.0015993259265087544,51,0.2375023839995265,0.00029776342991897335,20,24.480000002384187,2.8713214862823486,-1.0
0.011139745148830116,0.001691505848430097,52,0.2567971379030496,0.00028027470262892445,20,25.560000038146974,2.8487237281799316,-1.0
0.013806059781927615,0.0019091387279331685,53,0.3145234191324562,0.0002631324854590073,20,25.56,2.8752874641418456,-1.0
0.01204359212424606,0.001808327774051577,54,0.2773074898868799,0.0002463632104656054,20,26.2400000333786,2.870176254272461,-1.0
0.012860448192805051,0.0019609623588621615,55,0.29659853619523346,0.0002299927346552969,20,26.680000002384187,2.8267091426849364,-1.0
0.014017509645782411,0.002938187448307872,56,0.3393308771774173,0.00021404630011522587,20,26.16,2.8183576526641847,-1.0
0.013560676109045744,0.001709615148138255,57,0.3056220591533929,0.00019854849509163232,20,27.8400000333786,2.7882807621002197,-1.0
0.01364268910838291,0.001817351288627833,58,0.3093970820773393,0.00018352321607655918,20,26.2400000333786,2.804015782165527,-1.0
0.014673332346137612,0.0020760247483849526,59,0.3352677922230214,0.00016899363096119395,20,28.000000009536745,2.754446265029907,-1.0
0.013937929703388363,0.002005704399198294,60,0.3191278940066695,0.000154982143312659,20,27.599999995231627,2.7642841915130614,-1.0
0.014038980973418802,0.001584172178991139,61,0.3127284499350935,0.0001415103578293356,20,26.36000003814697,2.7653560409545896,-1.0
0.013951198616996407,0.0019473293796181679,62,0.3182249809615314,0.0001285990470279847,20,27.00000000476837,2.7658192893981934,-1.0
0.013451667048502713,0.0016968693933449685,63,0.30313089909031987,0.0001162681192140312,20,27.320000014305116,2.782899460220337,-1.0
0.010674403712619096,0.001816688384860754,64,0.24995869700796902,0.00010453658778440107,20,27.000000002384187,2.7409615829467775,-1.0
0.011989953194279224,0.0015069740475155413,65,0.2701258258894086,9.342254191024022e-05,20,28.4000000333786,2.7184590671539306,-1.0
0.010013302322477102,0.0016193283256143332,66,0.23279204219579697,8.294311864472437e-05,20,28.680000019073486,2.6879038547515868,-1.0
0.011142863472923637,0.0017316467245109379,67,0.25759342894889414,7.311447649896551e-05,20,28.92,2.7051167247772216,-1.0
0.0094375652493909,0.0020712669473141434,68,0.23029986885376275,6.395177052675794e-05,20,27.83999999523163,2.7144372566223143,-1.0
0.011798166611697525,0.0016511839348822832,69,0.26914409501478076,5.546912895658472e-05,20,28.04000002861023,2.6774831638336183,-1.0
0.014655443001538515,0.0017618543584831058,70,0.32860149908810854,4.767963140691306e-05,20,28.919999995231628,2.7011156341552733,-1.0
0.012547015957534314,0.0015330945840105414,71,0.2818530169315636,4.059528871837034e-05,20,28.72,2.6792504402160646,-1.0
0.01418359907111153,0.0017169078812003136,72,0.3182183008175343,3.4227024433899e-05,20,29.8800000333786,2.688515198135376,-1.0
0.014563445828389376,0.0016187564702704548,73,0.32390416506677866,2.8584657955444653e-05,20,28.400000038146974,2.6923447032928465,-1.0
0.014184960967395455,0.0015648904372937977,74,0.31525469408370554,2.367688940315011e-05,20,29.24,2.672869411468506,-1.0
0.014180070697329938,0.0015235774568282067,75,0.3143297480419278,1.951128620040094e-05,20,27.240000004768373,2.6938425636291505,-1.0
0.01404947623377666,0.0016915804706513881,76,0.3150786499027163,1.6094271405406862e-05,20,29.12000001192093,2.6705399917602537,-1.0
0.01413812442915514,0.0015660465112887322,77,0.31435984279960394,1.3431113807311488e-05,20,28.239999995231628,2.663538063812256,-1.0
0.00986263477243483,0.0017496553249657155,78,0.23247184208594263,1.1525919802101659e-05,20,29.640000002384184,2.645527195739746,-1.0
0.01214655804214999,0.0023281198111362754,79,0.28965046303346753,1.0381627060842164e-05,20,28.24000002861023,2.6750198638916016,-1.0
0.014294841152150184,0.0020636160508729516,80,0.3273745619226247,1e-05,20,28.799999980926515,2.6463225692749024,-1.0
