avg_batch_time_sec,avg_data_time_sec,epoch,epoch_time_sec,lr,round,train_acc,train_loss,val_acc
0.18725977273425087,0.03793788200709969,1,0.9010449799243361,0.000999618372939158,0,15.400000095367432,2.498950199127197,-1.0
0.03388253599405289,0.010804452758748084,2,0.17904118495061994,0.0009984740801978985,0,23.000000047683717,2.1560890064239504,-1.0
0.03805801679845899,0.012938678963109851,3,0.20431064791046083,0.0009965688861926887,0,23.599999761581422,1.9859123458862304,-1.0
0.03816878527868539,0.014524155703838915,4,0.21121185179799795,0.0009939057285945933,0,29.9999999165535,1.852480216026306,-1.0
0.038445374462753534,0.013028683548327535,5,0.20640506502240896,0.0009904887137995992,0,34.79999988079071,1.7870803089141847,-1.0
0.03824123146478087,0.013213377562351525,6,0.20632381201721728,0.00098632311059685,0,35.99999971389771,1.6837128982543945,-1.0
0.03924541745800525,0.014237516559660435,7,0.2143884098622948,0.0009814153420445555,0,43.59999988079071,1.6012421865463258,-1.0
0.03460497281048447,0.013411850202828646,8,0.19239162793383002,0.0009757729755661012,0,39.999999833107,1.573826421737671,-1.0
0.031248704821337014,0.007052754226606339,9,0.1534680479671806,0.0009694047112816298,0,42.600000095367434,1.522564998626709,-1.0
0.03195309924194589,0.013954410038422793,10,0.18384996592067182,0.0009623203685930871,0,46.400000262260434,1.4313234786987306,-1.0
0.03130080224946141,0.01420069404412061,11,0.18223994597792625,0.0009545308710434153,0,46.79999978542328,1.3661055431365967,-1.0
0.03142217925051227,0.01235578878549859,12,0.17533446406014264,0.0009460482294732422,0,51.200000047683716,1.300301465988159,-1.0
0.0314092596527189,0.0129530283738859,13,0.17768663680180907,0.0009368855235010348,0,54.59999995231628,1.206915822982788,-1.0
0.031822468794416636,0.014183407707605511,14,0.18426117207854986,0.0009270568813552758,0,58.799999475479126,1.1740115995407105,-1.0
0.031266696576494724,0.012985448935069144,15,0.1772252549417317,0.0009165774580897602,0,58.39999928474426,1.111582820892334,-1.0
0.03134190908167511,0.01364025945076719,16,0.18014249415136874,0.0009054634122155992,0,61.19999995231628,1.0274183683395386,-1.0
0.03188984445296228,0.013666476588696241,17,0.1824464148376137,0.0008937318807859689,0,62.99999966621399,1.0264112191200256,-1.0
0.031585087708663195,0.01367009204113856,18,0.1812493719626218,0.0008814009529720156,0,67.19999990463256,0.8845082139968872,-1.0
0.031388606410473585,0.009715311578474939,19,0.16464543691836298,0.0008684896421706646,0,69.5999993801117,0.8314823980331421,-1.0
0.031479342316742986,0.010246542224194854,20,0.16713000694289804,0.0008550178566873412,0,75.4000002861023,0.6768902082443238,-1.0
0.03172871540300548,0.00634139432804659,21,0.1525057868566364,0.0008410063690388064,0,74.6,0.6640971965789795,-1.0
0.031732511008158326,0.006742364959791303,22,0.15412411000579596,0.0008264767839234412,0,73.59999985694886,0.710099666595459,-1.0
0.03172203077701852,0.006777201779186726,23,0.15421457588672638,0.000811451504908368,0,78.4,0.6083175177574158,-1.0
0.031877596280537546,0.0067089342046529055,24,0.1545681250281632,0.0007959536998847743,0,76.00000004768371,0.6571945099830627,-1.0
0.031805793463718146,0.01061359205050394,25,0.16990922880358994,0.0007800072653447032,0,78.19999976158142,0.6232305550575257,-1.0
0.03161756676854566,0.010111577459610999,26,0.1671325711067766,0.0007636367895343947,0,81.00000023841858,0.5526872954368591,-1.0
0.035332310013473034,0.010888638731557876,27,0.18512204196304083,0.0007468675145409928,0,79.7999993801117,0.6148898363113403,-1.0
0.03133889951277524,0.007057408744003624,28,0.15385701996274292,0.0007297252973710758,0,82.39999923706054,0.5185818362236023,-1.0
0.03159727423917502,0.00985512329498306,29,0.16602354985661805,0.0007122365700810271,0,85.39999923706054,0.469667268037796,-1.0
0.03157992276828736,0.0058283834950998425,30,0.14985940302722156,0.0006944282990207196,0,86.19999995231629,0.41692605304718017,-1.0
0.03202416322892532,0.009001039492432028,31,0.16440179198980331,0.0006763279432533592,0,87.19999990463256,0.3824039309024811,-1.0
0.03357204602798447,0.009473221958614886,32,0.17246137210167944,0.0006579634122155992,0,90.60000033378601,0.3094625232219696,-1.0
0.03625817905412987,0.013288860733155161,33,0.19847469800151885,0.000639363022683212,0,91.80000028610229,0.2645655210018158,-1.0
0.0409338534809649,0.01330008776858449,34,0.21732913400046527,0.0006205554551086735,0,92.99999938011169,0.2411748081445694,-1.0
0.041536546079441905,0.01382234221091494,35,0.22204354405403137,0.0006015697093979838,0,91.99999985694885,0.24082014989852904,-1.0
0.041003605583682656,0.015184582211077213,36,0.22534520807676017,0.0005824350601949146,0,94.59999957084656,0.1770219119787216,-1.0
0.04136397276306525,0.012882464739959687,37,0.21745107602328062,0.0005631810117416299,0,93.00000052452087,0.18616524469852447,-1.0
0.03548920986941084,0.012380901083815843,38,0.19205242092721164,0.0005438372523852835,0,95.39999961853027,0.14734728837013245,-1.0
0.03423364704940468,0.010766823950689286,39,0.1803812119178474,0.0005244336088007391,0,95.99999933242798,0.12791254752874373,-1.0
0.03188275918364525,0.006471486296504736,40,0.15372545318678021,0.0005050000000000001,0,96.99999957084655,0.11590176177024841,-1.0
0.03194760298356414,0.01062811427982524,41,0.1705681460443884,0.0004855663911992613,0,95.60000052452088,0.13011786019802093,-1.0
0.037036344001535326,0.008478519739583135,42,0.18232706491835415,0.00046616274761471693,0,97.19999933242798,0.11489633548259735,-1.0
0.03516295872395858,0.007974772772286087,43,0.17287038499489427,0.00044681898825837057,0,96.59999980926514,0.13056283700466156,-1.0
0.04381332331104204,0.014677359955385327,44,0.23447442916221917,0.000427564939805086,0,96.39999957084656,0.11736257946491241,-1.0
0.04349029454169795,0.01470608072122559,45,0.2333897959906608,0.00040843029060201667,0,98.20000004768372,0.09951006436347962,-1.0
0.048810611711815,0.011418414767831564,46,0.24142012116499245,0.000389444544891327,0,97.39999933242798,0.0973661161661148,-1.0
0.057017181534320116,0.012959783198311925,47,0.2801983840763569,0.0003706369773167883,0,96.19999933242798,0.09291163218021393,-1.0
0.060658199538011104,0.01363273075548932,48,0.2974504299927503,0.0003520365877844012,0,99.00000023841858,0.07356117355823517,-1.0
0.056206209817901254,0.010013968974817544,49,0.26516308821737766,0.0003336720567466412,0,98.39999933242798,0.06825203716754913,-1.0
0.058499271515756845,0.006634705525357276,50,0.260814726119861,0.0003155717009792807,0,99.40000047683716,0.044760416090488434,-1.0
0.06031155516393483,0.010239742056000978,51,0.28249610401690006,0.00029776342991897335,0,99.4,0.043554546773433685,-1.0
0.06130270945141092,0.013094710011500865,52,0.297871510963887,0.00028027470262892445,0,100.0,0.03264524495601654,-1.0
0.05689163878560066,0.01436022249981761,53,0.2852282361127436,0.0002631324854590073,0,100.0,0.029341481015086174,-1.0
0.060087001242209226,0.011048483254853636,54,0.2847660640254617,0.0002463632104656054,0,99.8,0.025035229846835136,-1.0
0.05934522091411054,0.00649166404036805,55,0.26360388402827084,0.0002299927346552969,0,99.8,0.024498995140194893,-1.0
0.0520988812786527,0.006791573250666261,56,0.23579643899574876,0.00021404630011522587,0,99.4,0.02823646128177643,-1.0
0.05040520470356569,0.009303925791755319,57,0.2390642729587853,0.00019854849509163232,0,99.39999933242798,0.027141364753246307,-1.0
0.048607462260406464,0.008792474982328713,58,0.2298329791519791,0.00018352321607655918,0,100.0,0.013731065779924393,-1.0
0.047782023961190134,0.006625088804867119,59,0.21787861501798034,0.00016899363096119395,0,99.80000023841858,0.019509146332740784,-1.0
0.04881045647198334,0.009877479751594365,60,0.23498476413078606,0.000154982143312659,0,100.0,0.016356540821492672,-1.0
0.05173420498613268,0.013070536544546485,61,0.25945257605053484,0.0001415103578293356,0,100.0,0.010516953021287918,-1.0
0.0566471524653025,0.009719443041831255,62,0.26571716694161296,0.0001285990470279847,0,100.0,0.01266786153614521,-1.0
0.05760179221397266,0.006787780032027513,63,0.25785687705501914,0.0001162681192140312,0,99.8,0.019096944257617,-1.0
0.05847307475050911,0.0113795162178576,64,0.2796589061617851,0.00010453658778440107,0,100.0,0.010354251660406589,-1.0
0.05492540949489921,0.012832965236157179,65,0.27128157997503877,9.342254191024022e-05,0,100.0,0.011996720395982265,-1.0
0.060836656542960554,0.00917986745480448,66,0.280284543056041,8.294311864472437e-05,0,100.0,0.011390065811574458,-1.0
0.06747829797677696,0.008662056759931147,67,0.3047823610249907,7.311447649896551e-05,0,100.0,0.007637791059911251,-1.0
0.07984973746351898,0.013548422022722661,68,0.373822531895712,6.395177052675794e-05,0,100.0,0.010921356596052647,-1.0
0.08450943301431835,0.011574568459764123,69,0.38461323198862374,5.546912895658472e-05,0,100.0,0.008564483240246773,-1.0
0.08377891907002777,0.010537823138292879,70,0.3775632339529693,4.767963140691306e-05,0,100.0,0.010830277986824512,-1.0
0.08424017473589629,0.013935729512013495,71,0.392998029012233,4.059528871837034e-05,0,100.0,0.011172401152551175,-1.0
0.08172405185177922,0.014957912673708051,72,0.3869897900149226,3.4227024433899e-05,0,100.0,0.009719450414180755,-1.0
0.08055544627131894,0.01429224875755608,73,0.3796324220020324,2.8584657955444653e-05,0,100.0,0.009210330471396445,-1.0
0.08512618648819625,0.007697965775150806,74,0.37154403887689114,2.367688940315011e-05,0,99.80000023841858,0.010241579428315164,-1.0
0.08197781455237418,0.012710271694231778,75,0.3790032311808318,1.951128620040094e-05,0,100.0,0.008280242100358009,-1.0
0.08448303327895701,0.006552710721734911,76,0.36440245411358774,1.6094271405406862e-05,0,100.0,0.011782376110553742,-1.0
0.08325681724818423,0.01359733275603503,77,0.3877010359428823,1.3431113807311488e-05,0,100.0,0.008088599100708962,-1.0
0.08554495399584994,0.012991687981411815,78,0.39438666799105704,1.1525919802101659e-05,0,99.8,0.010355367474257946,-1.0
0.08951051026815549,0.018119797750841826,79,0.4307541809976101,1.0381627060842164e-05,0,100.0,0.009040728896856308,-1.0
0.0924291432602331,0.01274598273448646,80,0.4209348149597645,1e-05,0,100.0,0.006815842587500811,-1.0
0.08075306029058993,0.03186876131221652,1,0.5633630680385977,0.000999618372939158,1,11.500000059604645,2.4509126154581704,-1.0
0.08224889263510704,0.005152255762368441,2,0.4372893169056624,0.0009984740801978985,1,25.333333373069763,2.0476343631744385,-1.0
0.08698110096156597,0.014065932808443904,3,0.5055095700081438,0.0009965688861926887,1,28.33333357175191,1.9335115480422973,-1.0
0.08491037013009191,0.008890634262934327,4,0.4692589519545436,0.0009939057285945933,1,29.833333611488342,1.819251511891683,-1.0
0.08347803922370076,0.01223177178762853,5,0.47879534400999546,0.0009904887137995992,1,33.83333349227905,1.7567048184076945,-1.0
0.08222687761299312,0.00540230218321085,6,0.43839511182159185,0.00098632311059685,1,36.83333349227905,1.6926808595657348,-1.0
0.07994594960473478,0.005474604805931449,7,0.4273385349661112,0.0009814153420445555,1,41.00000023841858,1.5693450927734376,-1.0
0.08080267454497517,0.012504476262256503,8,0.46678328490816057,0.0009757729755661012,1,45.666666785875954,1.467323055267334,-1.0
0.08596296277828515,0.007805719412863255,9,0.469100204994902,0.0009694047112816298,1,45.33333365122477,1.4370724471410115,-1.0
0.0798924455884844,0.005244293622672558,10,0.4259326891042292,0.0009623203685930871,1,53.16666730244955,1.3323441171646118,-1.0
0.08697532843798399,0.011699983570724725,11,0.49367730994708836,0.0009545308710434153,1,54.666666666666664,1.2723669767379762,-1.0
0.07919899094849825,0.004965602280572056,12,0.4211249491199851,0.0009460482294732422,1,51.00000015894572,1.3454981104532877,-1.0
0.08321660379879177,0.008009264431893825,13,0.45638088695704937,0.0009368855235010348,1,53.16666658719381,1.2631723578770955,-1.0
0.08268310483545065,0.0051850427873432635,14,0.4395923849660903,0.0009270568813552758,1,57.1666667064031,1.1929912360509236,-1.0
0.07552822581492365,0.004995304811745882,15,0.4028621590696275,0.0009165774580897602,1,59.33333317438761,1.1807160250345865,-1.0
0.05852707959711552,0.0057390728034079075,16,0.32164283795282245,0.0009054634122155992,1,62.000000635782875,1.0398148918151855,-1.0
0.08292802167125046,0.00982000376097858,17,0.46402399288490415,0.0008937318807859689,1,62.33333373069763,1.0349734592437745,-1.0
0.09456544136628509,0.00813713762909174,18,0.5137567610945553,0.0008814009529720156,1,65.83333349227905,0.9529412881533305,-1.0
0.09156373785808683,0.009863453125581146,19,0.5073700661305338,0.0008684896421706646,1,67.16666682561238,0.9023221572240193,-1.0
0.09193020262755454,0.006324683781713247,20,0.49151333002373576,0.0008550178566873412,1,65.16666706403096,0.9231583007176717,-1.0
0.08851679479703307,0.010048995167016983,21,0.49307305505499244,0.0008410063690388064,1,69.16666730244954,0.8691832335789998,-1.0
0.09510955619625747,0.005311656417325139,22,0.502397689037025,0.0008264767839234412,1,69.33333396911621,0.7925493351618449,-1.0
0.09365341924130917,0.010816776752471923,23,0.5226409849710763,0.000811451504908368,1,73.50000023841858,0.7451888378461202,-1.0
0.09372163158841432,0.005165698239579797,24,0.494726151926443,0.0007959536998847743,1,75.16666730244954,0.6849860405921936,-1.0
0.09577316585928201,0.01075960136950016,25,0.5329017720650882,0.0007800072653447032,1,77.33333349227905,0.6063780236244202,-1.0
0.09661096218042076,0.009582494618371129,26,0.5312058511190116,0.0007636367895343947,1,81.00000031789143,0.5624304628372192,-1.0
0.09503934700042009,0.009649630775675178,27,0.523715214105323,0.0007468675145409928,1,82.16666690508525,0.5440324457486471,-1.0
0.09282784699462354,0.011158933211117984,28,0.5201701039914042,0.0007297252973710758,1,84.00000007947285,0.4536271580060323,-1.0
0.0939590372145176,0.010259069222956895,29,0.5213277679868042,0.0007122365700810271,1,83.00000079472859,0.47523149371147155,-1.0
0.0936884897761047,0.01015128819271922,30,0.5195002509281039,0.0006944282990207196,1,85.66666746139526,0.418133757909139,-1.0
0.09797598039731384,0.007124861981719732,31,0.5257963798940182,0.0006763279432533592,1,86.16666738192241,0.39226932207743326,-1.0
0.09484858526848257,0.005105826118960976,32,0.5000574649311602,0.0006579634122155992,1,90.0,0.32455167730649315,-1.0
0.056514700222760436,0.004678185796365142,33,0.3061992509756237,0.000639363022683212,1,85.5,0.38870176156361896,-1.0
0.037227081367745996,0.0075929110404104,34,0.22433133888989687,0.0006205554551086735,1,88.16666674613953,0.336943283478419,-1.0
0.04671555501408875,0.00892243799753487,35,0.27843140717595816,0.0006015697093979838,1,90.0000003973643,0.29693744917710624,-1.0
0.08556374041363597,0.0048520323820412155,36,0.45232055615633726,0.0005824350601949146,1,92.83333396911621,0.25124538401762647,-1.0
0.07414728552103042,0.010107082081958652,37,0.4215193479321897,0.0005631810117416299,1,92.50000047683716,0.2370682958761851,-1.0
0.07036339300684631,0.007681245170533657,38,0.39050213899463415,0.0005438372523852835,1,94.16666674613953,0.19325250645478567,-1.0
0.0676892708055675,0.010501458356156946,39,0.39119297405704856,0.0005244336088007391,1,95.00000047683716,0.17310189962387085,-1.0
0.09113021814264358,0.011079138098284601,40,0.5113073310349137,0.0005050000000000001,1,96.16666730244954,0.13220532675584157,-1.0
0.08989746882580221,0.009102108562365175,41,0.4952394391875714,0.0004855663911992613,1,96.00000015894572,0.16056090493996938,-1.0
0.09154567630030215,0.008150328090414405,42,0.4987168170046061,0.00046616274761471693,1,97.50000015894572,0.10567313472429911,-1.0
0.09595298282802105,0.01001804880797863,43,0.5300936650019139,0.00044681898825837057,1,98.33333333333333,0.08703673581282298,-1.0
0.09347445894964039,0.01018295786343515,44,0.5185232581570745,0.000427564939805086,1,97.83333349227905,0.08053206801414489,-1.0
0.09519737320952118,0.010430340189486742,45,0.5283814601134509,0.00040843029060201667,1,97.66666682561238,0.0808942832549413,-1.0
0.09586440646089614,0.005919927358627319,46,0.5091906921006739,0.000389444544891327,1,98.16666682561238,0.07081951787074407,-1.0
0.09804231193847954,0.010565596446394921,47,0.543721322901547,0.0003706369773167883,1,98.83333381017049,0.05362329771121343,-1.0
0.09459607321769,0.014532390795648099,48,0.5458844529930502,0.0003520365877844012,1,99.33333349227905,0.04412653451164564,-1.0
0.09460743390955031,0.005888740671798587,49,0.5027202018536627,0.0003336720567466412,1,99.5,0.04235018312931061,-1.0
0.08781255804933608,0.0076655297540128235,50,0.4776165878865868,0.0003155717009792807,1,99.5,0.03334986992180347,-1.0
0.058629883592948316,0.0074890692252665755,51,0.3308470619376749,0.00029776342991897335,1,99.33333381017049,0.03500745723644892,-1.0
0.06001687664538622,0.00669096396304667,52,0.33390145585872233,0.00028027470262892445,1,99.83333349227905,0.02197164202729861,-1.0
0.06695726644247771,0.006286648381501436,53,0.3665689970366657,0.0002631324854590073,1,99.5,0.029685180510083835,-1.0
0.07710301424376667,0.007318101171404123,54,0.4223327769432217,0.0002463632104656054,1,99.16666730244954,0.0382731427748998,-1.0
0.05824239142239094,0.007514709560200572,55,0.3290077969431877,0.0002299927346552969,1,99.33333333333333,0.0263475942860047,-1.0
0.05876888581551611,0.008189836610108614,56,0.335012931143865,0.00021404630011522587,1,99.66666666666667,0.026652004445592563,-1.0
0.07724970155395568,0.010591431660577655,57,0.4394329348579049,0.00019854849509163232,1,99.66666682561238,0.02319073716799418,-1.0
0.07393767018802463,0.011658108234405518,58,0.4282150149811059,0.00018352321607655918,1,100.0,0.01731805897007386,-1.0
0.08069414203055203,0.010162945557385682,59,0.45451571280136704,0.00016899363096119395,1,99.83333333333333,0.018662726034720738,-1.0
0.07870365879498423,0.010179851204156876,60,0.444664018927142,0.000154982143312659,1,100.0,0.016683328623572986,-1.0
0.08338716332800686,0.008075108705088496,61,0.4575585890561342,0.0001415103578293356,1,99.83333333333333,0.015877412582437196,-1.0
0.08229816383682191,0.009304944751784205,62,0.4582689830567688,0.0001285990470279847,1,100.0,0.01573598021020492,-1.0
0.08387410808354616,0.0064838581252843145,63,0.45204035518690944,0.0001162681192140312,1,100.0,0.009277401777605216,-1.0
0.0800251042470336,0.007859665947034956,64,0.43966756598092616,0.00010453658778440107,1,100.0,0.012655305738250414,-1.0
0.08401402560994028,0.010178755223751067,65,0.47119948803447187,9.342254191024022e-05,1,100.0,0.010287414491176605,-1.0
0.08303062659688294,0.01018149764277041,66,0.46630898397415876,8.294311864472437e-05,1,100.0,0.009418686454494795,-1.0
0.08246684875339269,0.009303167834877968,67,0.459087508963421,7.311447649896551e-05,1,99.83333349227905,0.009952249030272167,-1.0
0.08340517398901284,0.006984069012105465,68,0.45220129704102874,6.395177052675794e-05,1,100.0,0.009137249365448952,-1.0
0.08479738677851856,0.006978262215852737,69,0.45913306693546474,5.546912895658472e-05,1,100.0,0.01094634604950746,-1.0
0.08437662031501532,0.0062526361085474495,70,0.4533776380121708,4.767963140691306e-05,1,99.83333333333333,0.012739054970443248,-1.0
0.08646675483323633,0.005808223970234394,71,0.4616140918806195,4.059528871837034e-05,1,100.0,0.008012884395817916,-1.0
0.0829552081413567,0.012641140632331372,72,0.47865674598142505,3.4227024433899e-05,1,100.0,0.01190884605050087,-1.0
0.08267840342596174,0.008733853604644537,73,0.4572992310859263,2.8584657955444653e-05,1,100.0,0.010626792746285597,-1.0
0.08580738166347146,0.005056528141722083,74,0.4545576360542327,2.367688940315011e-05,1,100.0,0.007042921197911104,-1.0
0.08644092390313744,0.006482566054910421,75,0.4648579608183354,1.951128620040094e-05,1,99.83333349227905,0.01318844735622406,-1.0
0.08377132625319064,0.006247125379741192,76,0.45033842604607344,1.6094271405406862e-05,1,100.0,0.008445924557745456,-1.0
0.0844033486675471,0.008600251330062748,77,0.46527012810111046,1.3431113807311488e-05,1,99.83333349227905,0.009390908355514208,-1.0
0.08643067083321512,0.006198746804147959,78,0.46345548005774617,1.1525919802101659e-05,1,100.0,0.008773405191799005,-1.0
0.08293682038784027,0.005188271636143327,79,0.44106077309697866,1.0381627060842164e-05,1,100.0,0.008627756076554458,-1.0
0.08345403699204326,0.00578292622230947,80,0.44652419397607446,1e-05,1,100.0,0.00887367270886898,-1.0
0.09198062731108318,0.029285456868819892,1,0.7278774161823094,0.000999618372939158,2,16.57142871618271,2.3919685595376152,-1.0
0.08401652600150555,0.008297037022809187,2,0.5541566400788724,0.0009984740801978985,2,23.571428605488368,2.1123001616341726,-1.0
0.07807306518467765,0.00779301564519604,3,0.5154693531803787,0.0009965688861926887,2,28.142857142857142,1.9251082951681955,-1.0
0.08441060765956838,0.004139477503485978,4,0.5315763540565968,0.0009939057285945933,2,30.42857163293021,1.8244022083282472,-1.0
0.08403382663770269,0.004290685678521792,5,0.5301766879856586,0.0009904887137995992,2,36.42857142857143,1.7416176898138864,-1.0
0.08384482884624352,0.00882173601227502,6,0.5562294730916619,0.00098632311059685,2,37.42857163293021,1.6551733439309257,-1.0
0.08463440629808854,0.004771171525741617,7,0.5367097321432084,0.0009814153420445555,2,40.85714294229235,1.602462421825954,-1.0
0.08148100735464443,0.007011097661840419,8,0.5312847669702023,0.0009757729755661012,2,40.85714304447174,1.5934579856055124,-1.0
0.08290921605657786,0.006861268426291645,9,0.5388611329253763,0.0009694047112816298,2,44.000000153269085,1.4993174566541398,-1.0
0.08602354982091735,0.008856386373129984,10,0.5695277880877256,0.0009623203685930871,2,44.571428707667756,1.450792405945914,-1.0
0.08315423973059903,0.004443327430635691,11,0.5259047399740666,0.0009545308710434153,2,47.42857166699001,1.4409545496531895,-1.0
0.08635197513892005,0.0055525683565065265,12,0.5516796398442239,0.0009460482294732422,2,46.14285743236542,1.4241526562826974,-1.0
0.05828928982373327,0.004095693351700902,13,0.37455755984410644,0.0009368855235010348,2,50.42857159887041,1.385796662739345,-1.0
0.0789647539689516,0.004004339881551762,14,0.4980484840925783,0.0009270568813552758,2,51.57142884390695,1.3086322682244438,-1.0
0.09182781695077817,0.004023355237829189,15,0.5753489751368761,0.0009165774580897602,2,55.42857163293021,1.201963917868478,-1.0
0.09221572463866323,0.008333783519143859,16,0.6035376088693738,0.0009054634122155992,2,55.57142884390695,1.2146375145230974,-1.0
0.09239192520423482,0.00825401748685787,17,0.6041087249759585,0.0008937318807859689,2,57.4285718032292,1.0989912244251796,-1.0
0.09044008511894693,0.004300582377860944,18,0.5687120158690959,0.0008814009529720156,2,60.71428608894348,1.0650782367161342,-1.0
0.09463581718349208,0.00841026147827506,19,0.6185158798471093,0.0008684896421706646,2,64.14285748345512,0.9783237273352486,-1.0
0.09507161149910341,0.0064171299648781615,20,0.6091744399163872,0.0008550178566873412,2,65.14285734721592,0.9629910676819937,-1.0
0.09199342783540487,0.008480602138054868,21,0.6030786519404501,0.0008410063690388064,2,70.14285741533551,0.8575938589232308,-1.0
0.09460461201767127,0.008533596177585423,22,0.6190732440445572,0.0008264767839234412,2,69.71428615706307,0.816972508089883,-1.0
0.09404585355271895,0.00523828462852786,23,0.5959455189295113,0.000811451504908368,2,69.14285744939532,0.8250814192635673,-1.0
0.095145740507481,0.009309867319340507,24,0.6269781130831689,0.0007959536998847743,2,71.85714292526245,0.752205787045615,-1.0
0.09551014619258542,0.007204544458848734,25,0.6165344330947846,0.0007800072653447032,2,74.00000023841858,0.7466992998123169,-1.0
0.09348257503006607,0.0043268179676185054,26,0.5870985700748861,0.0007636367895343947,2,75.42857204164777,0.6774280091694423,-1.0
0.08339722671856482,0.004320017644204199,27,0.5266352829057723,0.0007468675145409928,2,80.14285734721592,0.5822836862291608,-1.0
0.04455555599027624,0.008289163350127637,28,0.31731214094907045,0.0007297252973710758,2,79.4285717691694,0.58701959167208,-1.0
0.05747384651719282,0.004412391494649152,29,0.37154735205695033,0.0007122365700810271,2,82.14285775593349,0.5069426328795297,-1.0
0.08330426229319225,0.0057952905384202795,30,0.5348846770357341,0.0006944282990207196,2,85.00000037465777,0.4541431886809213,-1.0
0.0714575614547357,0.005225754032532374,31,0.4603808440733701,0.0006763279432533592,2,87.00000030653817,0.39328261733055114,-1.0
0.0582756526224936,0.00737828086130321,32,0.39421696006320417,0.0006579634122155992,2,88.57142918450492,0.3615174172605787,-1.0
0.08858573320321739,0.009553603983173767,33,0.5890756910666823,0.000639363022683212,2,86.00000040871757,0.41195582832608907,-1.0
0.08588836373140414,0.006359109926658372,34,0.5537214560899884,0.0006205554551086735,2,89.1428576196943,0.3492696397645133,-1.0
0.09028269606642425,0.008731908436554173,35,0.5943228481337428,0.0006015697093979838,2,86.42857190540859,0.36460396119526456,-1.0
0.09093231249911089,0.00863006734289229,36,0.597645154921338,0.0005824350601949146,2,85.4285717691694,0.42623860359191895,-1.0
0.09369771070002268,0.005499053125580152,37,0.5955424450803548,0.0005631810117416299,2,87.85714329992022,0.3814823804582868,-1.0
0.0918529611856987,0.00715776583335052,38,0.5946170398965478,0.0005438372523852835,2,87.71428629330227,0.33207383343151636,-1.0
0.09136527613736689,0.0069262471903736396,39,0.5899976519867778,0.0005244336088007391,2,89.85714340209961,0.28427242049149104,-1.0
0.09273543767631054,0.010675909502121309,40,0.6207221341319382,0.0005050000000000001,2,93.42857197352818,0.20968982688018253,-1.0
0.09464004344772547,0.006963740025336544,41,0.6098859959747642,0.0004855663911992613,2,94.28571445601327,0.18005377309662954,-1.0
0.058652036086035274,0.0070956812317793565,42,0.39471852080896497,0.00046616274761471693,2,94.57142874172756,0.16431833267211915,-1.0
0.051416133219997086,0.007006405775124828,43,0.3507607120554894,0.00044681898825837057,2,95.42857197352818,0.13181257086140769,-1.0
0.053596710825028517,0.006492520837734143,44,0.3607566019054502,0.000427564939805086,2,96.28571469443185,0.1358438114609037,-1.0
0.07686483914343019,0.006491813381823401,45,0.5003826390020549,0.00040843029060201667,2,96.57142884390694,0.11722977191209794,-1.0
0.056192795163951814,0.006580646343839665,46,0.3769167219288647,0.000389444544891327,2,96.85714326586042,0.10359628932816642,-1.0
0.05704125401098281,0.005120658315718174,47,0.3736183629371226,0.0003706369773167883,2,96.14285741533551,0.12188442383493696,-1.0
0.06211522233206779,0.005128570327845712,48,0.40374946501106024,0.0003520365877844012,2,98.14285731315613,0.0823358598777226,-1.0
0.07688972171551238,0.0051366953024019795,49,0.4925552159547806,0.0003336720567466412,2,97.1428575515747,0.0892406130688531,-1.0
0.08273225731682032,0.009973122195030252,50,0.5564909027889371,0.0003155717009792807,2,96.57142884390694,0.11223566068070276,-1.0
0.08271672417564939,0.005844867982280751,51,0.5316090320702642,0.00029776342991897335,2,97.1428575515747,0.10123712701456887,-1.0
0.08453946215255807,0.006793259992264211,52,0.5482371628750116,0.00028027470262892445,2,98.57142884390694,0.06444913591657365,-1.0
0.08340212411712855,0.007085966567198436,53,0.543163905851543,0.0002631324854590073,2,98.57142857142857,0.057656073719263075,-1.0
0.08228850760497153,0.01058505855811139,54,0.5574845410883427,0.0002463632104656054,2,99.85714285714286,0.03387384757399559,-1.0
0.0830215176101774,0.006876173700826864,55,0.5396513640880585,0.0002299927346552969,2,98.857143504279,0.04455678133027894,-1.0
0.08462191380870838,0.004256514677157004,56,0.5335180710535496,0.00021404630011522587,2,99.71428571428571,0.03231617286801338,-1.0
0.08165195817127824,0.006878470652736723,57,0.5314187470357865,0.00019854849509163232,2,99.71428636142186,0.028106483731951033,-1.0
0.0829282293561846,0.00689375198756655,58,0.5391634840052575,0.00018352321607655918,2,99.4285717010498,0.027029350761856353,-1.0
0.07549547314799081,0.005355732205013434,59,0.4853395300451666,0.00016899363096119395,2,99.57142921856472,0.023430270382336207,-1.0
0.08233933065397044,0.009315199994792541,60,0.5501649100333452,0.000154982143312659,2,100.0,0.020390178614429065,-1.0
0.08125602294846128,0.0072463003840918345,61,0.5312476609833539,0.0001415103578293356,2,99.7142859867641,0.02198905336005347,-1.0
0.08478549898912509,0.0074521314818412066,62,0.5536917210556567,0.0001285990470279847,2,100.0,0.01638828527714525,-1.0
0.08207788415408383,0.006175391337213417,63,0.5298516091424972,0.0001162681192140312,2,99.85714285714286,0.01802547074854374,-1.0
0.08125855346831183,0.00738910585641861,64,0.5321251940913498,0.00010453658778440107,2,100.0,0.016017353066376278,-1.0
0.08225066152711709,0.0064071298111230135,65,0.5321776119526476,9.342254191024022e-05,2,99.57142857142857,0.017386026393089976,-1.0
0.08238594032203157,0.006734064702565472,66,0.5349709161091596,8.294311864472437e-05,2,100.0,0.01441009588007416,-1.0
0.0798609156627208,0.009051037835888565,67,0.5337100578472018,7.311447649896551e-05,2,100.0,0.013655161490397794,-1.0
0.08537065179552883,0.004535747536768516,68,0.5396830020472407,6.395177052675794e-05,2,100.0,0.014380713365972042,-1.0
0.0808514660069098,0.01034241980717828,69,0.5474052659701556,5.546912895658472e-05,2,100.0,0.010897750359560763,-1.0
0.07902626394449423,0.00447260638854156,70,0.5012809229083359,4.767963140691306e-05,2,100.0,0.01127824633781399,-1.0
0.07449385663494468,0.0099231955052043,71,0.5067805689759552,4.059528871837034e-05,2,99.85714285714286,0.01583596875624997,-1.0
0.07261688398042072,0.007242267330487569,72,0.4794329151045531,3.4227024433899e-05,2,99.85714285714286,0.014308268736515726,-1.0
0.07427116328229506,0.007642609882168472,73,0.4917373519856483,2.8584657955444653e-05,2,99.85714285714286,0.011915102303028106,-1.0
0.08284730972566952,0.004275310784578323,74,0.5229864078573883,2.367688940315011e-05,2,100.0,0.010648070392864091,-1.0
0.08134042281502236,0.007088901164631049,75,0.5308726781513542,1.951128620040094e-05,2,100.0,0.010100597627460956,-1.0
0.07831646117847413,0.006501090674040218,76,0.5091869530733675,1.6094271405406862e-05,2,99.857143504279,0.011758282205888202,-1.0
0.08163313990614067,0.007086128268080453,77,0.5326159989926964,1.3431113807311488e-05,2,100.0,0.010482458009251527,-1.0
0.07804678264074028,0.007418317371048033,78,0.5130363081116229,1.1525919802101659e-05,2,100.0,0.012635649059500013,-1.0
0.0747231001732871,0.005740015651099384,79,0.48303088219836354,1.0381627060842164e-05,2,100.0,0.009431713143629688,-1.0
0.07056048780214041,0.007885771027455727,80,0.47092420305125415,1e-05,2,100.0,0.011021644217627389,-1.0
0.09126437013037503,0.022114805012409176,1,0.7939960272051394,0.000999618372939158,3,15.5,2.3513130950927734,-1.0
0.08400415316490191,0.00539168283077223,2,0.6260982821695507,0.0009984740801978985,3,20.75,2.159190979003906,-1.0
0.08060000204880323,0.003892940069947924,3,0.5917382470797747,0.0009965688861926887,3,26.25,1.9726434326171876,-1.0
0.08126404538883694,0.006140063583318677,4,0.6121444860473275,0.0009939057285945933,3,28.625,1.9052670860290528,-1.0
0.08096113318710454,0.008295633264684252,5,0.6251306929625571,0.0009904887137995992,3,27.5,1.8516600036621094,-1.0
0.08386310629014458,0.005996547306754759,6,0.6293798668775707,0.00098632311059685,3,31.875,1.7813766479492188,-1.0
0.07680774769479674,0.005763569713703224,7,0.5782453699503094,0.0009814153420445555,3,34.125,1.7169357299804688,-1.0
0.08395918841207665,0.004506836578782115,8,0.6195071518886834,0.0009757729755661012,3,38.25,1.6716398620605468,-1.0
0.08086205500044993,0.005975474137812853,9,0.6081142199691385,0.0009694047112816298,3,39.0,1.6457542419433593,-1.0
0.07629179771590446,0.007636209850066474,10,0.5877318070270121,0.0009623203685930871,3,37.375,1.6275933074951172,-1.0
0.06601961149967142,0.004034193232655525,11,0.49067718209698796,0.0009545308710434153,3,40.375,1.5298015975952148,-1.0
0.08614927999276135,0.006082970715527024,12,0.6459163210820407,0.0009460482294732422,3,41.5,1.4950669860839845,-1.0
0.09215780929662287,0.004983740559379969,13,0.6802402620669454,0.0009368855235010348,3,44.75,1.4698856353759766,-1.0
0.09692323577058103,0.0045097563748380965,14,0.7103198079857975,0.0009270568813552758,3,45.25,1.4985479927062988,-1.0
0.09021446907094546,0.003402405218886478,15,0.6556157059967518,0.0009165774580897602,3,45.25,1.4281100845336914,-1.0
0.09397141402587295,0.007289104130385178,16,0.7091135010123253,0.0009054634122155992,3,45.875,1.4013278770446778,-1.0
0.09281230914140386,0.0036415894449289355,17,0.6754726420622319,0.0008937318807859689,3,51.625,1.314912338256836,-1.0
0.09584051270836166,0.0036397867037781645,18,0.6966575779952109,0.0008814009529720156,3,49.625,1.3450894927978516,-1.0
0.09316029622485596,0.006537584621193153,19,0.6981316648889333,0.0008684896421706646,3,48.75,1.3182119750976562,-1.0
0.09437067028401154,0.008438944849850876,20,0.7199121131561697,0.0008550178566873412,3,55.25,1.1981609153747559,-1.0
0.0947967942671052,0.008404647598841361,21,0.7226551710627973,0.0008410063690388064,3,55.875,1.2213178062438965,-1.0
0.09317234700678714,0.006775166273915342,22,0.6998756469693035,0.0008264767839234412,3,56.125,1.148754596710205,-1.0
0.0900877348612994,0.004544896273208516,23,0.6626648020464927,0.000811451504908368,3,60.5,1.0699450874328613,-1.0
0.0537509202424969,0.00862398776890976,24,0.4368639150634408,0.0007959536998847743,3,62.875,0.9814041709899902,-1.0
0.03818289064136999,0.003492412922371711,25,0.29195259301923215,0.0007800072653447032,3,64.75,0.9591228675842285,-1.0
0.07076718298984426,0.0038823653012514114,26,0.5227775638923049,0.0007636367895343947,3,67.625,0.8789221954345703,-1.0
0.07365123767937932,0.005501869201127972,27,0.5543395390268415,0.0007468675145409928,3,64.125,0.9406929969787597,-1.0
0.06785482158219176,0.005890810296737722,28,0.516557008959353,0.0007297252973710758,3,65.375,0.9218584990501404,-1.0
0.07254645171841341,0.005119389421971781,29,0.5439228301402181,0.0007122365700810271,3,67.875,0.8932361602783203,-1.0
0.08928906328843109,0.0063342328649014235,30,0.669597984990105,0.0006944282990207196,3,71.625,0.7967827486991882,-1.0
0.09519135626032948,0.007566928996571473,31,0.7195471450686455,0.0006763279432533592,3,73.5,0.7323408889770507,-1.0
0.09350244717539422,0.005944431992247701,32,0.696368854958564,0.0006579634122155992,3,71.25,0.7279971790313721,-1.0
0.09304630536852139,0.007022868476009795,33,0.7007302169222385,0.000639363022683212,3,77.125,0.660788106918335,-1.0
0.09194635832682252,0.005689568950661591,34,0.683701636036858,0.0006205554551086735,3,79.375,0.5809429144859314,-1.0
0.09381804685108364,0.005613403594387429,35,0.6963149351067841,0.0006015697093979838,3,78.875,0.5652457284927368,-1.0
0.09484470868483186,0.0036594915935503586,36,0.6898567529860884,0.0005824350601949146,3,78.5,0.5836529397964477,-1.0
0.08511598225283835,0.005204137747309038,37,0.6326206990052015,0.0005631810117416299,3,78.875,0.6034739255905152,-1.0
0.0557326308584639,0.0034512454377753393,38,0.4145243000239134,0.0005438372523852835,3,78.125,0.5641848611831665,-1.0
0.05331157517087247,0.005590620683506131,39,0.41255251597613096,0.0005244336088007391,3,81.5,0.5117676496505738,-1.0
0.07644872843021792,0.008016805563654219,40,0.5914880109485239,0.0005050000000000001,3,86.375,0.3946461796760559,-1.0
0.052104300154106956,0.006085172727970141,41,0.40756391594186425,0.0004855663911992613,3,85.25,0.41573062896728513,-1.0
0.051963284744748046,0.0039758796670607156,42,0.391795733012259,0.00046616274761471693,3,88.25,0.3317354893684387,-1.0
0.08510272969890918,0.00342714786529541,43,0.6199393479619175,0.00044681898825837057,3,90.625,0.31257894992828367,-1.0
0.07987062423489988,0.0034426183306745122,44,0.583448801888153,0.000427564939805086,3,90.25,0.29490795016288757,-1.0
0.0801655316193189,0.008626947811405574,45,0.6217913620639592,0.00040843029060201667,3,90.875,0.25956938743591307,-1.0
0.07830574785891388,0.004119261733389327,46,0.5772129229735583,0.000389444544891327,3,91.625,0.2412816846370697,-1.0
0.07992601171801132,0.0035056468498493943,47,0.584264453034848,0.0003706369773167883,3,95.375,0.17680476665496825,-1.0
0.08328446509715702,0.006632333754428795,48,0.6296470460947603,0.0003520365877844012,3,93.75,0.20126672387123107,-1.0
0.080951649961727,0.005339705185698611,49,0.6042821798473597,0.0003336720567466412,3,94.625,0.1983574402332306,-1.0
0.08015672257170081,0.003921512713921922,50,0.5887885680422187,0.0003155717009792807,3,95.125,0.1565321308374405,-1.0
0.08066547898176525,0.0058390613246176925,51,0.6057731839828193,0.00029776342991897335,3,96.875,0.12200611054897309,-1.0
0.07976556126959622,0.007885956737611974,52,0.6137972199358046,0.00028027470262892445,3,98.5,0.09680340588092803,-1.0
0.07756155087346477,0.003673178975337318,53,0.5688805740792304,0.0002631324854590073,3,95.75,0.1308019483089447,-1.0
0.07731753956925656,0.0038783050009182523,54,0.5686106109060347,0.0002463632104656054,3,98.25,0.08125784099102021,-1.0
0.07517582524035658,0.003408595753301467,55,0.5503296130336821,0.0002299927346552969,3,98.375,0.07229726150631904,-1.0
0.08303519335043218,0.005717010070968952,56,0.6215416470076889,0.00021404630011522587,3,98.5,0.07791429579257965,-1.0
0.08541360929874438,0.005955152579450181,57,0.6399384269025177,0.00019854849509163232,3,99.125,0.057067741751670835,-1.0
0.08420832564921252,0.004226283502898046,58,0.6193798901513219,0.00018352321607655918,3,99.5,0.05530318543314934,-1.0
0.08465180140254754,0.004827105872599142,59,0.6266004219651222,0.00016899363096119395,3,99.375,0.05050236821174622,-1.0
0.08509456579174314,0.004983354193557586,60,0.6308723809197545,0.000154982143312659,3,99.0,0.05350471407175064,-1.0
0.08595671125554613,0.0046438730454870635,61,0.6344805040862411,0.0001415103578293356,3,99.5,0.04668895125389099,-1.0
0.08351390316550221,0.004654309978442532,62,0.617458030814305,0.0001285990470279847,3,99.125,0.054071556329727176,-1.0
0.08361980588441449,0.005471605242096952,63,0.6239325669594109,0.0001162681192140312,3,99.25,0.0479051411151886,-1.0
0.08270961132698826,0.004449154217062252,64,0.6103965570218861,0.00010453658778440107,3,99.5,0.043417248874902725,-1.0
0.08414344539466713,0.004357483038412673,65,0.6197957620024681,9.342254191024022e-05,3,99.375,0.04033932194113731,-1.0
0.08298703831886607,0.005326601111197046,66,0.6184935821220279,8.294311864472437e-05,3,99.5,0.04361685544252396,-1.0
0.0835061370328601,0.007461944528456245,67,0.6370664059650153,7.311447649896551e-05,3,99.625,0.030698212236166,-1.0
0.08249849387045417,0.007890184443177921,68,0.6330013379920274,6.395177052675794e-05,3,100.0,0.030125898718833925,-1.0
0.08040420884000403,0.003667994601918118,69,0.5888177009765059,5.546912895658472e-05,3,100.0,0.027845502495765687,-1.0
0.08338073644387935,0.010246503266638942,70,0.6556386980228126,4.767963140691306e-05,3,100.0,0.023795484006404875,-1.0
0.08358893992512353,0.005489563369857413,71,0.6237842950504273,4.059528871837034e-05,3,99.75,0.025412348955869676,-1.0
0.084312770815034,0.007199504445972187,72,0.6408180240541697,3.4227024433899e-05,3,99.875,0.025147128403186798,-1.0
0.08308607100376061,0.007074290986305901,73,0.6313725491054356,2.8584657955444653e-05,3,99.75,0.030200458765029907,-1.0
0.08220876437345785,0.007661858207679221,74,0.6293222890235484,2.367688940315011e-05,3,100.0,0.028987029045820237,-1.0
0.08282499427774123,0.004163625018138971,75,0.609159572981298,1.951128620040094e-05,3,100.0,0.021425737291574477,-1.0
0.08515684622605997,0.0036722937864916666,76,0.6220965781249106,1.6094271405406862e-05,3,100.0,0.021515729576349257,-1.0
0.08356022382421154,0.007820070887516652,77,0.6399569639470428,1.3431113807311488e-05,3,100.0,0.020812511295080185,-1.0
0.08164239591652793,0.005544042514104929,78,0.6105882420670241,1.1525919802101659e-05,3,99.75,0.023206211775541306,-1.0
0.08382787159644067,0.008129185265196221,79,0.6439822318498045,1.0381627060842164e-05,3,99.5,0.028140879571437835,-1.0
0.08314326754771173,0.003993475011416844,80,0.6102396710775793,1e-05,3,99.875,0.023649142980575563,-1.0
0.0929373404069338,0.02425237008719705,1,0.9378993951249868,0.000999618372939158,4,14.777777777777779,2.4141892496744792,-1.0
0.08192494633840397,0.006790858285967261,2,0.7100591040216386,0.0009984740801978985,4,22.444444444444443,2.0980457221137154,-1.0
0.07913561013992876,0.004774885746883228,3,0.6716006519272923,0.0009965688861926887,4,25.444444444444443,2.0509981282552086,-1.0
0.08337430021492764,0.0032345115323551,4,0.6931568218860775,0.0009939057285945933,4,21.77777777777778,2.0654981486002604,-1.0
0.0832306691154372,0.006466388644184917,5,0.7178773221094161,0.0009904887137995992,4,24.11111111111111,2.036079779730903,-1.0
0.08340682272682898,0.004739616648294032,6,0.7054726160131395,0.00098632311059685,4,27.88888888888889,1.9092047797309029,-1.0
0.07954975799657404,0.003310849395347759,7,0.6631875720340759,0.0009814153420445555,4,29.555555555555557,1.8439877658420138,-1.0
0.08386056098970585,0.004101528495084494,8,0.7040261989459395,0.0009757729755661012,4,29.11111111111111,1.8748417154947916,-1.0
0.08237890835152939,0.00502740015508607,9,0.699553401209414,0.0009694047112816298,4,32.111111111111114,1.8065483940972222,-1.0
0.05402828360092826,0.0064101844036486,10,0.4837995199486613,0.0009623203685930871,4,29.22222222222222,1.8181595865885416,-1.0
0.08817305057891645,0.0036871527845505625,11,0.7351592627819628,0.0009545308710434153,4,30.11111111111111,1.8377733018663194,-1.0
0.09438998409314081,0.0032461352820973843,12,0.7813354139216244,0.0009460482294732422,4,31.11111111111111,1.8054569498697917,-1.0
0.09187030850443989,0.0070150853716768324,13,0.791327266022563,0.0009368855235010348,4,32.22222222222222,1.7749476453993056,-1.0
0.08833975001471117,0.0067117199942003936,14,0.7606529199983925,0.0009270568813552758,4,31.11111111111111,1.7699203830295138,-1.0
0.0905971041356679,0.0063008046126924455,15,0.775423469953239,0.0009165774580897602,4,33.77777777777778,1.737953898111979,-1.0
0.09078584448434412,0.004719089512946084,16,0.7643341729417443,0.0009054634122155992,4,32.0,1.7275309075249565,-1.0
0.093787016288843,0.0066075325885321945,17,0.8034125040285289,0.0008937318807859689,4,31.11111111111111,1.803673366970486,-1.0
0.09446896766894497,0.006271615711739287,18,0.806166959926486,0.0008814009529720156,4,34.0,1.747342054578993,-1.0
0.09348674639477395,0.006979701487580314,19,0.803970580920577,0.0008684896421706646,4,33.77777777777778,1.6978158230251736,-1.0
0.09504423799808137,0.006816914741648361,20,0.8151780429761857,0.0008550178566873412,4,32.888888888888886,1.790190158420139,-1.0
0.07325124437920749,0.003890084248268977,21,0.6174205441493541,0.0008410063690388064,4,34.666666666666664,1.689097171359592,-1.0
0.05714223673567176,0.00521944000502117,22,0.4991650809533894,0.0008264767839234412,4,36.44444444444444,1.6725417751736111,-1.0
0.057329664909048006,0.005063874588813633,23,0.49942495999857783,0.000811451504908368,4,38.22222222222222,1.629881320529514,-1.0
0.04357813988463022,0.005068479367764667,24,0.38944914704188704,0.0007959536998847743,4,40.0,1.587931179470486,-1.0
0.06060746335424483,0.006343458400806412,25,0.5358524119947106,0.0007800072653447032,4,39.333333333333336,1.6216078694661458,-1.0
0.08300924114882946,0.005177105340408161,26,0.7057268361095339,0.0007636367895343947,4,38.77777777777778,1.6242067464192709,-1.0
0.08554843737510964,0.008015129249542952,27,0.7487353230826557,0.0007468675145409928,4,38.111111111111114,1.6435184902615017,-1.0
0.09075392273371108,0.0035115562786813825,28,0.7543664260301739,0.0007297252973710758,4,37.666666666666664,1.6252820163302952,-1.0
0.09077658053138293,0.004734197078505531,29,0.7643243880011141,0.0007122365700810271,4,38.55555555555556,1.609939422607422,-1.0
0.09268145824898966,0.005049039755249396,30,0.7820686700288206,0.0006944282990207196,4,38.888888888888886,1.5564154561360677,-1.0
0.09315971817704849,0.005173002922674641,31,0.7868936359882355,0.0006763279432533592,4,41.666666666666664,1.529775627983941,-1.0
0.0939041904930491,0.005055383138824254,32,0.7919144248589873,0.0006579634122155992,4,41.666666666666664,1.5374810960557725,-1.0
0.0928403899888508,0.005515593511518091,33,0.7871313621290028,0.000639363022683212,4,45.22222222222222,1.4871675618489584,-1.0
0.09009519786923192,0.005647594603942707,34,0.76620670594275,0.0006205554551086735,4,43.22222222222222,1.4786919657389324,-1.0
0.0707130532246083,0.003904407029040158,35,0.5972663010470569,0.0006015697093979838,4,42.44444444444444,1.4906932576497396,-1.0
0.054993358644424006,0.007013385242316872,36,0.49628011998720467,0.0005824350601949146,4,45.44444444444444,1.449137963189019,-1.0
0.05911911741713993,0.003585780825233087,37,0.5018746380228549,0.0005631810117416299,4,42.55555555555556,1.463821021185981,-1.0
0.06424003600841388,0.0045055772352498025,38,0.550192235969007,0.0005438372523852835,4,45.77777777777778,1.4679854668511285,-1.0
0.050211701716762036,0.005020364391384646,39,0.4420799829531461,0.0005244336088007391,4,40.888888888888886,1.5320836215549045,-1.0
0.07431530649773777,0.006373235490173101,40,0.6457409441936761,0.0005050000000000001,4,42.0,1.4929338921440973,-1.0
0.07697023628861643,0.00417293023201637,41,0.6493847109377384,0.0004855663911992613,4,48.111111111111114,1.3926759507921007,-1.0
0.07700030243722722,0.004787496931385249,42,0.6545361550524831,0.00046616274761471693,4,48.77777777777778,1.3686483934190539,-1.0
0.07406607686425559,0.00327574327820912,43,0.6189779040869325,0.00044681898825837057,4,52.77777777777778,1.2996424357096354,-1.0
0.0805879311519675,0.00594351947074756,44,0.6924871180672199,0.000427564939805086,4,49.55555555555556,1.3197418721516927,-1.0
0.08196136055630632,0.00458197042462416,45,0.6930742079857737,0.00040843029060201667,4,51.77777777777778,1.2685238817003037,-1.0
0.08127271951525472,0.004957049473887309,46,0.6900714309886098,0.000389444544891327,4,54.333333333333336,1.2752650282118057,-1.0
0.08375168402562849,0.005438187741674483,47,0.7137612069491297,0.0003706369773167883,4,49.333333333333336,1.2909130350748699,-1.0
0.0845035825332161,0.005401214846642688,48,0.7194837369024754,0.0003520365877844012,4,48.888888888888886,1.3044946797688801,-1.0
0.08252579480176792,0.006227418081834912,49,0.7102637791540474,0.0003336720567466412,4,51.55555555555556,1.300685560438368,-1.0
0.08266552371787839,0.004057074402226135,50,0.6940140849910676,0.0003155717009792807,4,53.111111111111114,1.2771525234646268,-1.0
0.0818646430852823,0.006401303777238354,51,0.7063787009101361,0.00029776342991897335,4,54.44444444444444,1.1885440572102866,-1.0
0.08065895386971533,0.007051512395264581,52,0.7019300488755107,0.00028027470262892445,4,54.888888888888886,1.1846944003634983,-1.0
0.08029206824721768,0.006066478497814387,53,0.6911069620400667,0.0002631324854590073,4,54.666666666666664,1.1715902031792536,-1.0
0.08414377618464641,0.007434288185322657,54,0.7329116351902485,0.0002463632104656054,4,56.22222222222222,1.1487401835123698,-1.0
0.08033670225995593,0.0041826376400422305,55,0.6764395160134882,0.0002299927346552969,4,55.666666666666664,1.179878879123264,-1.0
0.08252457386697643,0.003220704529667273,56,0.6862460609991103,0.00021404630011522587,4,55.55555555555556,1.1757574123806425,-1.0
0.08350061308010481,0.0050989984010811895,57,0.7090986738912761,0.00019854849509163232,4,56.22222222222222,1.1969969516330294,-1.0
0.08240076364018023,0.003366132004885003,58,0.6864181999117136,0.00018352321607655918,4,56.0,1.1834938049316406,-1.0
0.07976263560703956,0.007263672392582521,59,0.6964934889692813,0.00016899363096119395,4,58.333333333333336,1.1341811964246962,-1.0
0.085202208138071,0.003621404233854264,60,0.7108736869413406,0.000154982143312659,4,59.888888888888886,1.0681248643663195,-1.0
0.0797547654074151,0.00729632971342653,61,0.6966485008597374,0.0001415103578293356,4,58.77777777777778,1.0699168819851346,-1.0
0.08291518400073983,0.006533981242682785,62,0.7158426269888878,0.0001285990470279847,4,59.55555555555556,1.0662111155192058,-1.0
0.08368703525047749,0.006977032375289127,63,0.7255546939559281,0.0001162681192140312,4,61.888888888888886,1.0277772691514757,-1.0
0.08091764463461004,0.004421450634254143,64,0.6829416460823268,0.00010453658778440107,4,60.666666666666664,1.0339527130126953,-1.0
0.0814846663561184,0.003547606902429834,65,0.6804967341013253,9.342254191024022e-05,4,62.666666666666664,1.0140352206759982,-1.0
0.08401974639855325,0.003285217098891735,66,0.698734130943194,8.294311864472437e-05,4,63.111111111111114,0.9914924536810981,-1.0
0.08269093628041446,0.00645015636109747,67,0.7134273189585656,7.311447649896551e-05,4,65.44444444444444,0.970033950805664,-1.0
0.08366653419216163,0.003520284575643018,68,0.697768481913954,6.395177052675794e-05,4,66.11111111111111,0.9474969312879774,-1.0
0.08259565962362103,0.003150672244373709,69,0.6862194091081619,5.546912895658472e-05,4,63.888888888888886,0.9539547729492187,-1.0
0.07982392626581714,0.006767807615688071,70,0.6929890438914299,4.767963140691306e-05,4,67.0,0.9153769853379992,-1.0
0.08246299187885597,0.006417430122382939,71,0.7112929821014404,4.059528871837034e-05,4,66.66666666666667,0.9216331142849392,-1.0
0.07808874160400592,0.006745649880031124,72,0.6789070700760931,3.4227024433899e-05,4,66.11111111111111,0.9242026689317492,-1.0
0.08109277239418589,0.006453972862800583,73,0.7006105880718678,2.8584657955444653e-05,4,67.0,0.9250792609320746,-1.0
0.08073497188161127,0.006972187984501943,74,0.7018981901928782,2.367688940315011e-05,4,66.0,0.9370218319363064,-1.0
0.0840819320292212,0.006762374105164781,75,0.7269956599920988,1.951128620040094e-05,4,67.77777777777777,0.8980843014187283,-1.0
0.0805800212547183,0.0063630896038375795,76,0.6957890240009874,1.6094271405406862e-05,4,69.22222222222223,0.8741087680392795,-1.0
0.08292409087880515,0.006353175238473341,77,0.7144514699466527,1.3431113807311488e-05,4,67.44444444444444,0.8841208733452691,-1.0
0.08176829302101396,0.006515408749692142,78,0.7065198400523514,1.1525919802101659e-05,4,67.11111111111111,0.9234046681722006,-1.0
0.08064517608727328,0.0066328527755104005,79,0.6984724139329046,1.0381627060842164e-05,4,68.33333333333333,0.8982992808024088,-1.0
0.07784410277963616,0.007608037733007222,80,0.683856553863734,1e-05,4,67.44444444444444,0.879959733751085,-1.0
0.09289792078197934,0.019943433231674135,1,0.9029875479172915,0.000999618372939158,5,16.50000011920929,2.340978271484375,-1.0
0.08533822765457444,0.003719839849509299,2,0.7127415651921183,0.0009984740801978985,5,23.800000166893007,2.062463010787964,-1.0
0.08180437432019971,0.006327821814920753,3,0.7053380999714136,0.0009965688861926887,5,27.9,1.9276540575027465,-1.0
0.08587082679150626,0.004742365825222805,4,0.7251498878467828,0.0009939057285945933,5,28.0,1.873687741279602,-1.0
0.08583093748893589,0.0032718100119382143,5,0.713059757836163,0.0009904887137995992,5,30.800000071525574,1.7752756309509277,-1.0
0.08536694559734315,0.00581088854232803,6,0.7297071099746972,0.00098632311059685,5,34.40000016689301,1.7233293495178224,-1.0
0.08598811496631242,0.004074443044373766,7,0.720785342855379,0.0009814153420445555,5,38.00000009536743,1.624005862236023,-1.0
0.0864758288662415,0.003823241626378149,8,0.7226833500899374,0.0009757729755661012,5,38.40000009536743,1.6095445261001586,-1.0
0.07845145370811224,0.004612370306858793,9,0.6647697510197759,0.0009694047112816298,5,41.300000071525574,1.5503255414962769,-1.0
0.07928273544530384,0.003602381912060082,10,0.6633652469608933,0.0009623203685930871,5,42.40000023841858,1.4852402362823487,-1.0
0.09882510235183872,0.005956866545602679,11,0.8385063079185784,0.0009545308710434153,5,44.200000166893005,1.4564215650558472,-1.0
0.09826711524510756,0.005327341234078631,12,0.8289999689441174,0.0009460482294732422,5,46.2,1.4417062072753906,-1.0
0.09526460597408004,0.004921731277136132,13,0.8017318409401923,0.0009368855235010348,5,47.0,1.372562138557434,-1.0
0.09739993134280667,0.004181746393442154,14,0.8128929131198674,0.0009270568813552758,5,49.20000042915344,1.3439729709625243,-1.0
0.09878365602344275,0.004355761600891128,15,0.8254434738773853,0.0009165774580897602,5,52.30000011920929,1.240884934425354,-1.0
0.09899072779808193,0.004970607085851952,16,0.8319823471829295,0.0009054634122155992,5,55.20000038146973,1.1739676780700683,-1.0
0.0997115173668135,0.006635973753873259,17,0.8510238248854876,0.0008937318807859689,5,56.10000042915344,1.1632888975143432,-1.0
0.09993657653103583,0.005692230712156743,18,0.8452746351249516,0.0008814009529720156,5,60.09999995231628,1.0823124055862428,-1.0
0.09897289736545645,0.006236955639906228,19,0.8419263849500567,0.0008684896421706646,5,57.100000047683714,1.0941952991485595,-1.0
0.0807181871496141,0.004991332127247006,20,0.6859246790409088,0.0008550178566873412,5,58.70000009536743,1.0855304918289184,-1.0
0.05860969686182216,0.006818910653237253,21,0.5236733569763601,0.0008410063690388064,5,62.20000033378601,1.0159364347457887,-1.0
0.0694300172617659,0.006575952866114676,22,0.6083785179071128,0.0008264767839234412,5,65.10000052452088,0.9455595293045044,-1.0
0.04134366492507979,0.006302032299572602,23,0.3814021530561149,0.000811451504908368,5,67.50000038146973,0.8733026733398438,-1.0
0.06480910663958639,0.005214839096879587,24,0.5604917570017278,0.0007959536998847743,5,69.10000019073486,0.8191843400001526,-1.0
0.09238964627729729,0.0038774350832682103,25,0.7704532069619745,0.0007800072653447032,5,69.30000019073486,0.7963316206932067,-1.0
0.09234458778519183,0.0060359948547557,26,0.7873334251344204,0.0007636367895343947,5,74.60000052452088,0.6984828190803528,-1.0
0.0993622186651919,0.006200834963237867,27,0.8447758071124554,0.0007468675145409928,5,74.10000009536743,0.7248950023651123,-1.0
0.09815943246940151,0.004057817393913865,28,0.8180597720202059,0.0007297252973710758,5,77.3,0.6240865187644958,-1.0
0.09749750522314571,0.005551517911953852,29,0.8246473879553378,0.0007122365700810271,5,79.80000052452087,0.5521986956596374,-1.0
0.09907764734816737,0.005821536033181474,30,0.8394384160637856,0.0006944282990207196,5,79.60000004768372,0.5422397532463074,-1.0
0.09886979538714513,0.004828582255868241,31,0.8298469921573997,0.0006763279432533592,5,82.00000038146973,0.5022458510398865,-1.0
0.09805300296284258,0.0055200552742462605,32,0.8288443658966571,0.0006579634122155992,5,84.00000014305115,0.4370614123344421,-1.0
0.10113154255668633,0.0046635726757813245,33,0.8466193089261651,0.000639363022683212,5,85.70000023841858,0.401700722694397,-1.0
0.059800973220262676,0.0037977141328155994,34,0.5090272061061114,0.0006205554551086735,5,86.8000005722046,0.38791354084014895,-1.0
0.05819968137075193,0.006461388751631603,35,0.5175320468842983,0.0006015697093979838,5,87.10000004768372,0.3362147817611694,-1.0
0.07905687286984175,0.0065284907759632915,36,0.684934367891401,0.0005824350601949146,5,87.20000009536743,0.34965904712677004,-1.0
0.05758183845318854,0.005799125676276162,37,0.5072818850167096,0.0005631810117416299,5,86.10000047683715,0.3529366083145142,-1.0
0.06200800999067724,0.004909508395940065,38,0.535585526144132,0.0005438372523852835,5,90.50000038146973,0.28622020280361177,-1.0
0.08530723513104022,0.005119121371535584,39,0.7236515451222658,0.0005244336088007391,5,93.20000019073487,0.22173319566249847,-1.0
0.08918057949631475,0.005121864000102505,40,0.7546609409619123,0.0005050000000000001,5,93.40000042915344,0.1944409738779068,-1.0
0.09223140214453451,0.0055095492280088365,41,0.7821804010309279,0.0004855663911992613,5,93.70000014305114,0.18276026272773743,-1.0
0.0913074967393186,0.0075567423773463815,42,0.7911844090558589,0.00046616274761471693,5,95.50000042915345,0.14383112180233001,-1.0
0.09137265512254089,0.004299616615753621,43,0.7657332180533558,0.00044681898825837057,5,96.20000033378601,0.12818481016159058,-1.0
0.09026734452345408,0.005086297605885193,44,0.7630763279739767,0.000427564939805086,5,96.70000019073487,0.10970657289028168,-1.0
0.0897879081312567,0.0068700349947903305,45,0.7735574769321829,0.00040843029060201667,5,97.40000057220459,0.10279325985908508,-1.0
0.08603496779687703,0.005182732449611649,46,0.7299861090723425,0.000389444544891327,5,97.80000047683716,0.0864556958079338,-1.0
0.0883678347163368,0.006336935155559331,47,0.7578746639192104,0.0003706369773167883,5,98.20000009536743,0.07939715665578842,-1.0
0.08923706854693592,0.004978316341293976,48,0.7539534349925816,0.0003520365877844012,5,99.00000023841858,0.05746603527665138,-1.0
0.08881679599289782,0.004563638241961598,49,0.7472789571620524,0.0003336720567466412,5,98.40000023841858,0.06340987664461135,-1.0
0.09030037885531783,0.004541923146462068,50,0.7589912870898843,0.0003155717009792807,5,98.8,0.05828833359479904,-1.0
0.0913356521341484,0.003449146752245724,51,0.7585169679950923,0.00029776342991897335,5,98.90000047683716,0.05254532521963119,-1.0
0.09040749748237431,0.0035758937592618167,52,0.7521242259535939,0.00028027470262892445,5,99.20000023841858,0.04306940531730652,-1.0
0.0909065073064994,0.00495550682535395,53,0.7671784560661763,0.0002631324854590073,5,98.9,0.04084629921615124,-1.0
0.08948308049002662,0.005500230879988521,54,0.7601633870508522,0.0002463632104656054,5,99.10000023841857,0.037199476182460785,-1.0
0.0896973644848913,0.006442126526962966,55,0.7694079170469195,0.0002299927346552969,5,99.6,0.030400762736797333,-1.0
0.08871462228125893,0.004951181472279131,56,0.7496134210377932,0.00021404630011522587,5,99.20000009536743,0.03403104156255722,-1.0
0.09214821696514264,0.006412871269276366,57,0.7887824280187488,0.00019854849509163232,5,99.70000023841858,0.02027015283703804,-1.0
0.08960045970161445,0.003680557943880558,58,0.7465373158920556,0.00018352321607655918,5,99.70000023841858,0.025479943811893464,-1.0
0.08737208097591065,0.007157418905990198,59,0.7564976220019162,0.00016899363096119395,5,99.8,0.017363116413354873,-1.0
0.09028300165664405,0.0049338057287968695,60,0.7620204389095306,0.000154982143312659,5,100.0,0.014026262506842612,-1.0
0.08626561801065691,0.006003550864988938,61,0.7384444391354918,0.0001415103578293356,5,100.0,0.011251942589879035,-1.0
0.08971885847859085,0.006697870907373726,62,0.7716465261764824,0.0001285990470279847,5,99.9,0.015074372291564941,-1.0
0.08951744050136767,0.003012658009538427,63,0.7405193170998245,0.0001162681192140312,5,100.0,0.010033942297101021,-1.0
0.08630027560866438,0.006501894997199997,64,0.742667802143842,0.00010453658778440107,5,100.0,0.00989949943497777,-1.0
0.08881768275750801,0.007113511353963986,65,0.7677381669636816,9.342254191024022e-05,5,100.0,0.011544448889791965,-1.0
0.0829856579657644,0.005146870535099879,66,0.7053179149515927,8.294311864472437e-05,5,99.90000023841858,0.010980404257774353,-1.0
0.09064654025132768,0.005028856743592769,67,0.765703537967056,7.311447649896551e-05,5,100.0,0.0076724828109145165,-1.0
0.08780564385233447,0.003613060136558488,68,0.7316495620179921,6.395177052675794e-05,5,99.9,0.010984187804162502,-1.0
0.08977249913732521,0.006965286011109129,69,0.7742128581739962,5.546912895658472e-05,5,100.0,0.009444167591631412,-1.0
0.08960743530769832,0.006457763200160116,70,0.7688332758843899,4.767963140691306e-05,5,99.9,0.007950936693698167,-1.0
0.08450900446041487,0.006964292144402862,71,0.7320856018923223,4.059528871837034e-05,5,100.0,0.00761229458451271,-1.0
0.08911767328390852,0.00698041360010393,72,0.7690971840638667,3.4227024433899e-05,5,100.0,0.010040072053670883,-1.0
0.09098967860336415,0.0034259227686561644,73,0.7556242800783366,2.8584657955444653e-05,5,100.0,0.008566691696643829,-1.0
0.0896985413855873,0.007348914601607248,74,0.7766884618904442,2.367688940315011e-05,5,99.9,0.010323044985532761,-1.0
0.0909028755268082,0.004734893736895174,75,0.7654059601482004,1.951128620040094e-05,5,99.8,0.010673157326877116,-1.0
0.08629998477408662,0.004038171726278961,76,0.7229941559489816,1.6094271405406862e-05,5,99.9,0.008726080790162086,-1.0
0.08545755466911942,0.00530185058596544,77,0.7263754741288722,1.3431113807311488e-05,5,100.0,0.00897741250693798,-1.0
0.08703061557025649,0.007298280921531841,78,0.7549372620414943,1.1525919802101659e-05,5,100.0,0.0085475859567523,-1.0
0.0876670089783147,0.004950729169650003,79,0.7412446800153702,1.0381627060842164e-05,5,99.9,0.009639264792203903,-1.0
0.08759060228476301,0.007418414083076641,80,0.7603725818917155,1e-05,5,100.0,0.008958093143999576,-1.0
0.09574226706495716,0.02035980281006131,1,1.045246992027387,0.000999618372939158,6,18.545454610477794,2.312965982610529,-1.0
0.09021145263169375,0.0052780094815211166,2,0.8597321200650185,0.0009984740801978985,6,20.818181774832986,2.095605461814187,-1.0
0.08810686361458567,0.004942572028893564,3,0.8377589129377156,0.0009965688861926887,6,26.999999978325583,1.9302811917391691,-1.0
0.08867864574616154,0.0053454015869647264,4,0.8465067730285227,0.0009939057285945933,6,28.18181819265539,1.8581883668899537,-1.0
0.09006756567396224,0.005007252304090394,5,0.8559656110592186,0.0009904887137995992,6,28.363636287775908,1.8476104727658358,-1.0
0.08696257889581223,0.005201861546892259,6,0.8297926939558238,0.00098632311059685,6,31.90909083323045,1.7662171524221246,-1.0
0.0885704789414174,0.003873468635396825,7,0.8322626899462193,0.0009814153420445555,6,33.181818290190265,1.7326226260445334,-1.0
0.07396968992220031,0.0029665856466939053,8,0.6926529400516301,0.0009757729755661012,6,34.363636406985194,1.6628040634502064,-1.0
0.08343724101885325,0.003105270650444759,9,0.7791213241871446,0.0009694047112816298,6,37.45454542203383,1.6368882018869573,-1.0
0.09753156303324634,0.004399278744434317,10,0.9176247369032353,0.0009623203685930871,6,40.18181821432981,1.5503727865219117,-1.0
0.0990965929037581,0.004504365536073844,11,0.9326519218739122,0.0009545308710434153,6,41.727272813970394,1.5241619318181818,-1.0
0.09414644045237866,0.004810645658936765,12,0.8908548071049154,0.0009460482294732422,6,42.999999989162795,1.5221713842045177,-1.0
0.09878415102139115,0.005674143088981509,13,0.9403613829053938,0.0009368855235010348,6,43.72727275978435,1.5108732297203757,-1.0
0.09826157055795193,0.005392367330690225,14,0.9331730329431593,0.0009270568813552758,6,41.00000009753487,1.5115733229030262,-1.0
0.09709147596731782,0.005036102038704687,15,0.9194046980701387,0.0009165774580897602,6,45.18181803009727,1.4196347878196023,-1.0
0.09798191767185926,0.004666984003658096,16,0.9240875670220703,0.0009054634122155992,6,49.72727270559831,1.3863060292330656,-1.0
0.0985483722243872,0.0044667754425770706,17,0.9273660448379815,0.0008937318807859689,6,53.54545467550104,1.2677528186277909,-1.0
0.08068238465218908,0.004422270563534564,18,0.7661671349778771,0.0008814009529720156,6,53.18181803009727,1.2633456399224021,-1.0
0.058305041398853064,0.006145342046187984,19,0.5803048878442496,0.0008684896421706646,6,54.18181809512052,1.2165901470184326,-1.0
0.06565009026477735,0.0038242240746816,20,0.626097965054214,0.0008550178566873412,6,54.18181831186468,1.1990154786543412,-1.0
0.057068855243010655,0.0029965606259389054,21,0.5408651491161436,0.0008410063690388064,6,59.18181809512052,1.0969624397971414,-1.0
0.05005682076120542,0.003213869459513161,22,0.47972483607009053,0.0008264767839234412,6,62.1818182034926,1.05625489321622,-1.0
0.09508534647627837,0.0056257859493295355,23,0.9066449098754674,0.000811451504908368,6,62.545454718849875,1.017375598820773,-1.0
0.09399563777777883,0.0029670149087905884,24,0.8729076499585062,0.0007959536998847743,6,62.81818168813532,0.9844867972894148,-1.0
0.09064930889548527,0.004258398665115237,25,0.8548637719359249,0.0007800072653447032,6,61.18181800842285,1.0330661348863082,-1.0
0.0983911564366685,0.0029065653474794496,26,0.9119636330287904,0.0007636367895343947,6,65.18181809512052,0.9199256810274992,-1.0
0.10029583338958521,0.004568604726551307,27,0.9440973801538348,0.0007468675145409928,6,65.9090909090909,0.8731076539646495,-1.0
0.09810300225702424,0.002931022835481498,28,0.9096026218030602,0.0007297252973710758,6,69.09090917760676,0.831244873567061,-1.0
0.0998305128628595,0.0029067095989982286,29,0.9249274309258908,0.0007122365700810271,6,71.54545469717546,0.7911592041362415,-1.0
0.09816242322429186,0.006126910551554627,30,0.9396142528858036,0.0006944282990207196,6,72.72727279229598,0.7245175303112377,-1.0
0.08717000031740302,0.0060792733501229025,31,0.8394844350405037,0.0006763279432533592,6,74.54545450210571,0.67730323119597,-1.0
0.058932883095824055,0.002970733679831028,32,0.5574068331625313,0.0006579634122155992,6,77.54545445875688,0.6184826796705073,-1.0
0.06672384175989363,0.002865016667379273,33,0.6265465260948986,0.000639363022683212,6,80.09090896086259,0.547843414219943,-1.0
0.06376385468886131,0.007509154991971122,34,0.6417375691235065,0.0006205554551086735,6,81.54545458880338,0.508868647705425,-1.0
0.05788322390678028,0.004592068752066957,35,0.5625630430877209,0.0006015697093979838,6,82.72727292234248,0.4709365560791709,-1.0
0.0881054502290984,0.0028690610132697555,36,0.8190518829505891,0.0005824350601949146,6,85.18181816014376,0.4402587478811091,-1.0
0.08452929502042632,0.002929083537310362,37,0.7874153929296881,0.0005631810117416299,6,86.00000004334883,0.3905124978585677,-1.0
0.08701245225448576,0.005557445860985253,38,0.8334166051354259,0.0005438372523852835,6,86.99999997832559,0.3879385948181152,-1.0
0.08386306071447001,0.004590569710772898,39,0.796388064045459,0.0005244336088007391,6,89.81818199157715,0.2984215813333338,-1.0
0.08373062597173783,0.0032474727162884343,40,0.7831204440444708,0.0005050000000000001,6,89.36363638531078,0.30646481546488674,-1.0
0.08533706130563384,0.006041292566806078,41,0.8227056059986353,0.0004855663911992613,6,89.3636364069852,0.30036925489252264,-1.0
0.08724796968615717,0.003420878667384386,42,0.8162660158704966,0.00046616274761471693,6,90.54545471884988,0.2872427455945448,-1.0
0.08856667697222696,0.004967221136515339,43,0.8420905920211226,0.00044681898825837057,6,93.00000015172091,0.2162234960902821,-1.0
0.08956872762387826,0.005089934139202039,44,0.8522134339436889,0.000427564939805086,6,93.90909101746298,0.19949907649647106,-1.0
0.0848689478977273,0.005228922986942861,45,0.8111825520172715,0.00040843029060201667,6,92.99999989162792,0.20640978650613265,-1.0
0.08670562717856632,0.005441654706373811,46,0.8296159429010004,0.000389444544891327,6,93.72727277062155,0.19493476455861872,-1.0
0.08664126300977336,0.004918912554987603,47,0.8243277908768505,0.0003706369773167883,6,94.27272748947144,0.17913958966732024,-1.0
0.08556611846304601,0.004510367522016168,48,0.810975946020335,0.0003520365877844012,6,95.36363638531078,0.14832121605222875,-1.0
0.08777532899855739,0.0034575971205615336,49,0.8214047690853477,0.0003336720567466412,6,97.00000021674417,0.12100683011791923,-1.0
0.08507125791058773,0.0029352489962346023,50,0.7923538170289248,0.0003155717009792807,6,97.54545469717546,0.09355495897206394,-1.0
0.08712897804151806,0.004924470843333337,51,0.8287890930660069,0.00029776342991897335,6,97.9090907790444,0.09279240638017655,-1.0
0.08855567536213332,0.004594253764177362,52,0.8385980450548232,0.00028027470262892445,6,97.90909084406766,0.07700327694416047,-1.0
0.08885019500222471,0.005237523440478576,53,0.8470171389635652,0.0002631324854590073,6,98.18181839856234,0.06899728181687269,-1.0
0.08619203648736908,0.00507423253212538,54,0.821639696136117,0.0002463632104656054,6,98.81818181818181,0.05426222176714377,-1.0
0.08193085686717597,0.00631802914560669,55,0.7944795340299606,0.0002299927346552969,6,99.18181818181819,0.04774132326245308,-1.0
0.08578099093089502,0.003809245510233773,56,0.8065682318992913,0.00021404630011522587,6,99.36363629861312,0.04548551658337766,-1.0
0.08701095631760028,0.0049079414715783466,57,0.8275500400923193,0.00019854849509163232,6,99.0909090909091,0.0392515618218617,-1.0
0.08745844033546746,0.00460942844963736,58,0.8288617751095444,0.00018352321607655918,6,99.81818181818181,0.028227059492333367,-1.0
0.08760485526484747,0.004817666848086649,59,0.8320444519631565,0.00016899363096119395,6,99.63636363636364,0.033980122540484776,-1.0
0.08835367198723058,0.004466196547986733,60,0.835662242025137,0.000154982143312659,6,99.63636363636364,0.026414966461333362,-1.0
0.08812136741148101,0.004231194939671291,61,0.8314037481322885,0.0001415103578293356,6,99.81818181818181,0.021920963728969747,-1.0
0.0896353625640687,0.004496098418409626,62,0.8474731747992337,0.0001285990470279847,6,99.9090909090909,0.020083602829412982,-1.0
0.08870905635154082,0.003900775866996911,63,0.8337707640603185,0.0001162681192140312,6,100.0,0.015765246965668417,-1.0
0.08830267177998191,0.004579743887815211,64,0.836246418999508,0.00010453658778440107,6,100.0,0.01744411336427385,-1.0
0.08980937144305143,0.0033729063191761575,65,0.8389113170560449,9.342254191024022e-05,6,100.0,0.017311780320649797,-1.0
0.08895140645715098,0.0034866315416163867,66,0.832206980092451,8.294311864472437e-05,6,100.0,0.014915704933757132,-1.0
0.08926336684574683,0.0035567156090918514,67,0.8357161751482636,7.311447649896551e-05,6,99.9090909090909,0.013870362747799266,-1.0
0.08767656539566815,0.0036048226110223266,68,0.8217803740408272,6.395177052675794e-05,6,99.9090909090909,0.013146492473103783,-1.0
0.08926037556698753,0.003969386659769548,69,0.8393071000464261,5.546912895658472e-05,6,99.9090909090909,0.01482011111622507,-1.0
0.08995400281209084,0.003962855630864699,70,0.8454926279373467,4.767963140691306e-05,6,100.0,0.012766284397379918,-1.0
0.08852207748633292,0.004530299403187301,71,0.8377399758901447,4.059528871837034e-05,6,100.0,0.012294346978041258,-1.0
0.08875807289344569,0.003962588444766071,72,0.8347590521443635,3.4227024433899e-05,6,100.0,0.01158855329183015,-1.0
0.08963905554264784,0.0030569134590526423,73,0.8345039619598538,2.8584657955444653e-05,6,99.9090909090909,0.013646477007053116,-1.0
0.08795626914232141,0.003538923208705253,74,0.8236931469291449,2.367688940315011e-05,6,99.9090909090909,0.01416344052688642,-1.0
0.08849250895178153,0.00419146872849928,75,0.8343946088571101,1.951128620040094e-05,6,100.0,0.011910982904109088,-1.0
0.08792350989662939,0.004420457537182503,76,0.8313358181621879,1.6094271405406862e-05,6,100.0,0.015519719665700739,-1.0
0.08819903241884378,0.004634883901518252,77,0.8357405909337103,1.3431113807311488e-05,6,100.0,0.01312332280657508,-1.0
0.0882782437838614,0.005287556883154644,78,0.842324495781213,1.1525919802101659e-05,6,99.9090909090909,0.011427092244001952,-1.0
0.09226890420541167,0.007351751904934645,79,0.8968348989728838,1.0381627060842164e-05,6,100.0,0.013639756458049471,-1.0
0.08887095987382862,0.006285131883083118,80,0.8566567949019372,1e-05,6,100.0,0.011489374190568924,-1.0
0.0954945923993364,0.021123276720754803,1,1.1666056518442929,0.000999618372939158,7,15.833333373069763,2.345978035926819,-1.0
0.08826808945741504,0.0033615626394748687,2,0.9165602759458125,0.0009984740801978985,7,22.33333335320155,2.1081073983510334,-1.0
0.08818683661520481,0.003833740088157356,3,0.9204706849996,0.0009965688861926887,7,25.916666746139526,1.9290246566136677,-1.0
0.08841265235096216,0.004391644848510623,4,0.9283208909910172,0.0009939057285945933,7,27.916666706403095,1.8374901310602825,-1.0
0.08915003929287195,0.0027442794060334565,5,0.9191806928720325,0.0009904887137995992,7,31.416666706403095,1.8081625843048095,-1.0
0.08797735553234816,0.004574142768979073,6,0.9257718690205365,0.00098632311059685,7,34.25,1.7624945052464802,-1.0
0.08892602701671422,0.003378278389573097,7,0.9233378770295531,0.0009814153420445555,7,32.416666666666664,1.7492233260472616,-1.0
0.08633703521918505,0.0027447038795799018,8,0.8910577618516982,0.0009757729755661012,7,34.1666667064031,1.7031413253148397,-1.0
0.06858323854394258,0.002642670553177595,9,0.7125066129956394,0.0009694047112816298,7,35.833333333333336,1.6501546732584635,-1.0
0.09599915770813823,0.004323925985954702,10,1.0034890349488705,0.0009623203685930871,7,38.916666666666664,1.6006475321451823,-1.0
0.0981390031753108,0.0026289701228961347,11,1.007930610096082,0.0009545308710434153,7,39.50000003973643,1.5523536570866903,-1.0
0.09574688242282718,0.004436658276244998,12,1.0020771699491888,0.0009460482294732422,7,39.75,1.5670348596572876,-1.0
0.09872523064259439,0.002940176264382899,13,1.0169000080786645,0.0009368855235010348,7,42.916666666666664,1.4748376830418906,-1.0
0.09798831578809768,0.003356933314353228,14,1.0137057811953127,0.0009270568813552758,7,45.0,1.431843908627828,-1.0
0.09820884950459004,0.0026583530008792875,15,1.0089922950137407,0.0009165774580897602,7,45.33333337306976,1.3924412806828816,-1.0
0.09743924462236464,0.004498986783437431,16,1.0196780289988965,0.0009054634122155992,7,46.666666666666664,1.3645161803563435,-1.0
0.09844864911865443,0.003850681963376701,17,1.0232833169866353,0.0008937318807859689,7,50.833333333333336,1.344234708150228,-1.0
0.056156799243763086,0.00476226806640625,18,0.6094764228910208,0.0008814009529720156,7,50.166666666666664,1.3202786270777385,-1.0
0.06348819592967629,0.003069470659829676,19,0.6658641179092228,0.0008684896421706646,7,51.58333341280619,1.2669583304723104,-1.0
0.05032900327350944,0.004401847627013922,20,0.547543021151796,0.0008550178566873412,7,55.25,1.1917758162816365,-1.0
0.05555054515134543,0.0042112933471798895,21,0.5978662269189954,0.0008410063690388064,7,55.833333333333336,1.1495764287312826,-1.0
0.08967087243217975,0.00333499216940254,22,0.9302989470306784,0.0008264767839234412,7,56.916666666666664,1.1367169109980266,-1.0
0.09174009580165148,0.003788110800087452,23,0.9555196040309966,0.000811451504908368,7,58.916666666666664,1.0838550933202107,-1.0
0.09502100115641951,0.0030208723386749626,24,0.9806785960681736,0.0007959536998847743,7,62.583333333333336,1.0220823216438293,-1.0
0.09662901270203292,0.002871323795989156,25,0.9952967250719666,0.0007800072653447032,7,61.666666666666664,0.9900569915771484,-1.0
0.09776181383058428,0.002579111559316516,26,1.003701101988554,0.0007636367895343947,7,66.3333334128062,0.9275022331873576,-1.0
0.09802298087161035,0.0041827667271718385,27,1.0223789289593697,0.0007468675145409928,7,67.91666666666667,0.8086609959602356,-1.0
0.09678021678701043,0.0028026797110214828,28,0.9960977479349822,0.0007297252973710758,7,70.0833334128062,0.8138642454147339,-1.0
0.09144375906325877,0.0038893616292625666,29,0.9535852281842381,0.0007122365700810271,7,71.16666666666667,0.783821652730306,-1.0
0.057976999692618846,0.0028233390068635343,30,0.6082449189852923,0.0006944282990207196,7,69.91666674613953,0.7745898127555847,-1.0
0.06983611676841975,0.004228505329228938,31,0.740907042985782,0.0006763279432533592,7,73.5,0.7179143404960633,-1.0
0.057159318355843425,0.004844870953820646,32,0.620276055065915,0.0006579634122155992,7,72.08333333333333,0.7080119744936625,-1.0
0.06517856472637504,0.004327631974592805,33,0.6953087879810482,0.000639363022683212,7,74.25000015894572,0.6599089908599853,-1.0
0.0828041813801974,0.0028922280296683313,34,0.8572340100072324,0.0006205554551086735,7,78.91666666666667,0.5790501809120179,-1.0
0.08674402628093958,0.0030977588146924974,35,0.8986851018853486,0.0006015697093979838,7,77.50000015894572,0.5739317504564921,-1.0
0.08783545999322087,0.002849835390225053,36,0.9071020178962499,0.0005824350601949146,7,79.75000007947285,0.5310342311859131,-1.0
0.08805264967959374,0.002748916717246175,37,0.9082539631053805,0.0005631810117416299,7,85.25000007947285,0.4371748960018158,-1.0
0.08816937156952917,0.0025441842153668404,38,0.9073729440569878,0.0005438372523852835,7,86.25000015894572,0.4135764694213867,-1.0
0.08599173713009804,0.003399102366529405,39,0.8941554070916027,0.0005244336088007391,7,85.91666666666667,0.3825646257400513,-1.0
0.08482002781238407,0.0026832952862605453,40,0.8752869109157473,0.0005050000000000001,7,88.00000015894572,0.34649933139483136,-1.0
0.08881251881830395,0.002957204496487975,41,0.9179335180670023,0.0004855663911992613,7,89.33333349227905,0.3223650238911311,-1.0
0.08452507611364127,0.004586643585935235,42,0.8918629579711705,0.00046616274761471693,7,90.66666682561238,0.2703869926929474,-1.0
0.08795704490039498,0.002733625704422593,43,0.9071434021461755,0.00044681898825837057,7,92.5833334128062,0.2205647232135137,-1.0
0.08721127631142736,0.004202554794028401,44,0.9143750169314444,0.000427564939805086,7,94.50000015894572,0.1776480088631312,-1.0
0.08741685554850846,0.0026226640678942204,45,0.9006424969993532,0.00040843029060201667,7,94.91666666666667,0.16623464822769166,-1.0
0.08758884340059012,0.0061772916000336405,46,0.9379261068534106,0.000389444544891327,7,94.58333333333333,0.16303397754828136,-1.0
0.08888239460065961,0.0027717677876353264,47,0.9169004920404404,0.0003706369773167883,7,94.33333349227905,0.17644434412320456,-1.0
0.08758550016209483,0.004295537434518337,48,0.9191075919661671,0.0003520365877844012,7,95.66666674613953,0.13810780008633933,-1.0
0.08939462879206986,0.004094904009252787,49,0.9351927649695426,0.0003336720567466412,7,95.33333333333333,0.13619229137897493,-1.0
0.08779875626787544,0.004234024020843208,50,0.9205851000733674,0.0003155717009792807,7,97.08333349227905,0.10368485073248546,-1.0
0.08906018643174321,0.003921115887351334,51,0.9301366589497775,0.00029776342991897335,7,96.66666674613953,0.10779722392559052,-1.0
0.0873122395016253,0.0027220712974667547,52,0.9006370790302753,0.00028027470262892445,7,98.91666682561238,0.06719274004300435,-1.0
0.08777722150553018,0.0029020534129813313,53,0.9070871910080314,0.0002631324854590073,7,98.08333349227905,0.0780072463552157,-1.0
0.08951680560130626,0.0029788958141580223,54,0.9252540089655668,0.0002463632104656054,7,98.66666674613953,0.06313849657773972,-1.0
0.08895706946495921,0.002609938639216125,55,0.9159629410132766,0.0002299927346552969,7,97.83333333333333,0.07554919580618541,-1.0
0.08848346769809723,0.002549238409847021,56,0.910644066054374,0.00021404630011522587,7,99.25000007947285,0.052692288756370546,-1.0
0.08791054561734199,0.004230414284393191,57,0.9216513729188591,0.00019854849509163232,7,98.75000007947285,0.05881909479697545,-1.0
0.08741162570659071,0.002641008491627872,58,0.9007826258894056,0.00018352321607655918,7,98.8333334128062,0.05278334607680639,-1.0
0.08585460090544075,0.0027964096749201416,59,0.8867707180324942,0.00016899363096119395,7,99.25,0.037880564853549,-1.0
0.08694131029769778,0.0040134235052391885,60,0.9098414198961109,0.000154982143312659,7,99.8333334128062,0.025563022941350936,-1.0
0.08749497355893254,0.004429827630519867,61,0.9195362750906497,0.0001415103578293356,7,99.66666682561238,0.03063997099796931,-1.0
0.08791840008925647,0.004232370899990201,62,0.9218000380787998,0.0001285990470279847,7,99.66666666666667,0.02567818080385526,-1.0
0.08748246948234736,0.0034610048169270158,63,0.9096764058340341,0.0001162681192140312,7,99.5833334128062,0.02375699743628502,-1.0
0.08696412981953472,0.005086199194192886,64,0.9207404060289264,0.00010453658778440107,7,99.75000007947285,0.02159061163663864,-1.0
0.08636468490585684,0.0028992759762331843,65,0.8928882631007582,9.342254191024022e-05,7,99.66666666666667,0.023410985146959624,-1.0
0.08638503584079445,0.003146248054690659,66,0.8955919579602778,8.294311864472437e-05,7,99.83333333333333,0.019431151921550434,-1.0
0.08644606007728725,0.003008360927924514,67,0.8947829189710319,7.311447649896551e-05,7,99.91666666666667,0.015123541901508967,-1.0
0.08781567737460136,0.003943669539876282,68,0.9178509460762143,6.395177052675794e-05,7,99.91666666666667,0.015130786783993244,-1.0
0.08783390948083251,0.004085429105907678,69,0.9194445840548724,5.546912895658472e-05,7,99.75000007947285,0.01708929066856702,-1.0
0.08690571407787502,0.004049392137676478,70,0.9097995539195836,4.767963140691306e-05,7,100.0,0.01445761851966381,-1.0
0.08751960729714484,0.0025597371160984038,71,0.901539444224909,4.059528871837034e-05,7,99.91666666666667,0.016362313479185105,-1.0
0.08961193372961133,0.0028052028734236955,72,0.9244221830740571,3.4227024433899e-05,7,99.91666666666667,0.013557386373480161,-1.0
0.08621982941403986,0.003918262175284326,73,0.9016498301643878,2.8584657955444653e-05,7,99.91666674613953,0.01469735028843085,-1.0
0.08666582759469747,0.003899313695728779,74,0.9059055051766336,2.367688940315011e-05,7,100.0,0.015602247913678487,-1.0
0.08839178222697228,0.002651487570255995,75,0.9106822630856186,1.951128620040094e-05,7,100.0,0.012212561766306558,-1.0
0.0855389945441857,0.003954530460759997,76,0.8951827620621771,1.6094271405406862e-05,7,99.91666674613953,0.013945831308762232,-1.0
0.08696270496584475,0.0038240006193518638,77,0.9081253428012133,1.3431113807311488e-05,7,100.0,0.012892174820105235,-1.0
0.08713151102419943,0.004552235966548324,78,0.917086083907634,1.1525919802101659e-05,7,99.91666666666667,0.013046781346201897,-1.0
0.0859101944603026,0.0043814645381644365,79,0.9031518530100584,1.0381627060842164e-05,7,99.91666666666667,0.011993962737421194,-1.0
0.08682319801300764,0.004681653273291886,80,0.9153143521398306,1e-05,7,100.0,0.012997286518414815,-1.0
0.08980477956885641,0.016030542510138315,1,1.1645212029106915,0.000999618372939158,8,17.307692298522362,2.286270750485934,-1.0
0.08703364173627713,0.0023430627135729246,2,0.9834679150953889,0.0009984740801978985,8,25.153846158431126,2.0577484585688666,-1.0
0.0859947173263539,0.0027322982310910115,3,0.9763470070902258,0.0009965688861926887,8,25.923076932246868,1.9664651239835298,-1.0
0.08625892437571152,0.0033918086185374045,4,0.9864695598371327,0.0009939057285945933,8,26.230769258279068,1.9049985911295964,-1.0
0.08672033119100062,0.003653211984783411,5,0.9943991720210761,0.0009904887137995992,8,30.230769258279068,1.8456102114457351,-1.0
0.08726204063912685,0.003596193559298461,6,0.9997247231658548,0.00098632311059685,8,30.692307692307693,1.8268105851686918,-1.0
0.08725910908965902,0.0033601940059187737,7,0.9970991439186037,0.0009814153420445555,8,32.07692309526297,1.7978171018453746,-1.0
0.0716897804628719,0.003676170885393565,8,0.8292766609229147,0.0009757729755661012,8,33.38461541212522,1.758354797730079,-1.0
0.09320820379070938,0.002819888928735798,9,1.0565542879048735,0.0009694047112816298,8,33.84615385532379,1.7183106642503005,-1.0
0.09615212198431519,0.00391843002712862,10,1.101027799770236,0.0009623203685930871,8,33.76923077840071,1.7192669325608474,-1.0
0.09408670443702828,0.0025077082894065165,11,1.0628030369989574,0.0009545308710434153,8,38.23076923993918,1.6755358307178203,-1.0
0.09632446938617663,0.005570336795327338,12,1.1211023179348558,0.0009460482294732422,8,35.69230771064758,1.6571727583958553,-1.0
0.09671409290537915,0.002650796647437594,13,1.0932617080397904,0.0009368855235010348,8,38.92307693224687,1.5965505743026733,-1.0
0.09739539427259429,0.0037236641034145246,14,1.1125546789262444,0.0009270568813552758,8,39.461538470708405,1.5843449750313392,-1.0
0.09633552761409771,0.002357527380809188,15,1.0858715469948947,0.0009165774580897602,8,42.84615385532379,1.5188809438852164,-1.0
0.08310381236316805,0.0036459508224983106,16,0.9544839800801128,0.0009054634122155992,8,41.00000001833989,1.5496693189327533,-1.0
0.05763256217522377,0.003286367282271385,17,0.6703516389243305,0.0008937318807859689,8,42.38461537544544,1.5093552813163171,-1.0
0.07312363820065829,0.0038568609902127223,18,0.8470287369564176,0.0008814009529720156,8,45.69230771981753,1.4470418020395133,-1.0
0.04310205824334513,0.0035499495623463936,19,0.5133989369496703,0.0008684896421706646,8,46.76923076006082,1.3989500544621394,-1.0
0.08556292517195371,0.003665163012390787,20,0.9818142380099744,0.0008550178566873412,8,44.8461538369839,1.4218680392778837,-1.0
0.09434754009866579,0.0027367099907926536,21,1.0682489341124892,0.0008410063690388064,8,48.538461547631485,1.3569952278870803,-1.0
0.09226943522861059,0.0034430390435524964,22,1.0530739421956241,0.0008264767839234412,8,50.53846155680143,1.2995995393166175,-1.0
0.09555776878683404,0.0041008153930306435,23,1.096497034886852,0.000811451504908368,8,53.23076921242934,1.2740643193171575,-1.0
0.09683298186229711,0.004107381598177281,24,1.1105852900072932,0.0007959536998847743,8,57.00000001833989,1.1886811645214375,-1.0
0.09778153623284941,0.002597881586883556,25,1.104473846964538,0.0007800072653447032,8,53.38461541212522,1.2167302300379828,-1.0
0.09764248026873577,0.0030152193609286437,26,1.1075449420604855,0.0007636367895343947,8,57.84615387366368,1.161593674146212,-1.0
0.09329761731946333,0.0038428351452404804,27,1.0688305948860943,0.0007468675145409928,8,55.53846153846154,1.1347044137807993,-1.0
0.05682671863839708,0.00397253908555616,28,0.6690255149733275,0.0007297252973710758,8,57.76923076923077,1.1241242049290583,-1.0
0.07243591724810275,0.004160526018081741,29,0.8428185619413853,0.0007122365700810271,8,56.846153864493736,1.1024159060991727,-1.0
0.05856272389858284,0.004186309831724925,30,0.6905185000505298,0.0006944282990207196,8,63.84615384615385,0.980277200111976,-1.0
0.07727923413569276,0.004494594685225325,31,0.8997474107891321,0.0006763279432533592,8,62.076923104432915,1.0080794767233041,-1.0
0.08372883538884873,0.002724497981200164,32,0.9512224509380758,0.0006579634122155992,8,61.23076926744901,0.9876572363193219,-1.0
0.08621202498166398,0.0024907014713707295,33,0.9759702219162136,0.000639363022683212,8,62.53846157514132,0.9747346525925856,-1.0
0.08653391273268922,0.0025110107380896807,34,0.9797434720676392,0.0006205554551086735,8,63.53846157514132,0.950278314443735,-1.0
0.08599256743168966,0.003514532105658542,35,0.9848049150314182,0.0006015697093979838,8,66.92307692307692,0.8963766950827379,-1.0
0.0867566450245001,0.0027740557932040906,36,0.9850877248682082,0.0005824350601949146,8,69.84615388283363,0.8120915867732121,-1.0
0.0871354560367763,0.0023324909746985545,37,0.9843906031455845,0.0005631810117416299,8,71.00000001833989,0.7738199265186603,-1.0
0.08678889621726492,0.0036044315942986445,38,0.9945591539144516,0.0005438372523852835,8,73.9230769597567,0.6891231591884907,-1.0
0.08588627852838147,0.0037697198462079873,39,0.9864506139419973,0.0005244336088007391,8,75.38461540295528,0.6658617756916927,-1.0
0.08701267645863647,0.0039218691685660315,40,1.0005125908646733,0.0005050000000000001,8,75.15384617218605,0.6660814345799959,-1.0
0.0857256408569149,0.0035111179617656903,41,0.9818408219143748,0.0004855663911992613,8,76.38461542129517,0.6330083476580106,-1.0
0.08711131890727715,0.002619229828600179,42,0.9872726809699088,0.00046616274761471693,8,75.76923082425044,0.6448243315403278,-1.0
0.08606001008725302,0.003720475085587664,43,0.9878366938792169,0.00044681898825837057,8,79.00000005501967,0.5814474729391245,-1.0
0.08624943409284408,0.0029841138219291515,44,0.9818067848682404,0.000427564939805086,8,77.23076921242934,0.6165635389548082,-1.0
0.08672584512863647,0.0028441428545523772,45,0.9855079050175846,0.00040843029060201667,8,80.46153851655814,0.5500916668084952,-1.0
0.08657927040688017,0.002507659246806394,46,0.9801916088908911,0.000389444544891327,8,81.84615386449374,0.5082369230343745,-1.0
0.08519244750707665,0.006085939853536812,47,1.0043069990351796,0.0003706369773167883,8,82.3846153662755,0.4721214723587036,-1.0
0.08589259118095717,0.004923692819747058,48,0.9992307319771498,0.0003520365877844012,8,86.84615388283363,0.3994208716429197,-1.0
0.08493660881438038,0.0040334701876748695,49,0.978922087000683,0.0003336720567466412,8,87.07692307692308,0.3805154940256706,-1.0
0.08596460167741911,0.003269323952157389,50,0.9818082738202065,0.0003155717009792807,8,88.76923076923077,0.32704710960388184,-1.0
0.08552635422992436,0.0029772917782379823,51,0.97377949510701,0.00029776342991897335,8,88.38461538461539,0.34202314083392804,-1.0
0.08621843273497441,0.004111871440810236,52,0.9938825708813965,0.00028027470262892445,8,89.84615388283363,0.30938005731656,-1.0
0.08709608627991243,0.004331628643822941,53,1.005951785016805,0.0002631324854590073,8,90.53846157514133,0.31045045889340916,-1.0
0.08544155474836854,0.004331449067897417,54,0.9877380740363151,0.0002463632104656054,8,89.76923080591055,0.29497558960547815,-1.0
0.08550178721039133,0.004054847617887638,55,0.9853696429636329,0.0002299927346552969,8,91.46153851655814,0.25220176109900844,-1.0
0.08602435114285485,0.0038397465832531452,56,0.9887966341339052,0.00021404630011522587,8,93.23076924910912,0.20691787875615633,-1.0
0.08657111545008692,0.0032673815519294954,57,0.9885157670360059,0.00019854849509163232,8,93.9230769597567,0.20127543522761418,-1.0
0.08490873382172802,0.003819361180913719,58,0.9763023250270635,0.00018352321607655918,8,94.61538459704472,0.18835915327072145,-1.0
0.08675573256120762,0.0025203719692812724,59,0.9823288470506668,0.00016899363096119395,8,94.15384619052594,0.1821993925021245,-1.0
0.0865055721422488,0.002490834671665322,60,0.979264180874452,0.000154982143312659,8,95.38461538461539,0.1669331748668964,-1.0
0.08725392230024392,0.002373264700343663,61,0.9862019321881235,0.0001415103578293356,8,95.99999998166011,0.1559329185119042,-1.0
0.08653952642767267,0.003896048123186285,62,0.9950491581112146,0.0001285990470279847,8,97.15384620886583,0.13099901153491095,-1.0
0.08546483895572071,0.003799188141287728,63,0.9821434181649238,0.0001162681192140312,8,97.07692311360286,0.12200118211599496,-1.0
0.08598807487975467,0.003949409117922187,64,0.9895600560121238,0.00010453658778440107,8,96.92307697809659,0.12601807378805602,-1.0
0.08653936052525585,0.0045502463948320256,65,1.0022167419083416,9.342254191024022e-05,8,97.53846155680142,0.10946998504491953,-1.0
0.08597456659613685,0.002705116502263329,66,0.9757187159266323,8.294311864472437e-05,8,97.30769236271198,0.10251610590861394,-1.0
0.08769954910332506,0.002625600096176971,67,0.9938562910538167,7.311447649896551e-05,8,97.69230771064758,0.10329668476031377,-1.0
0.08773895355195484,0.005048899445682764,68,1.0209039901383221,6.395177052675794e-05,8,97.38461543963506,0.10390202306784116,-1.0
0.08796419298530302,0.002429499841210517,69,0.9945746778976172,5.546912895658472e-05,8,98.23076921242934,0.09688806909781236,-1.0
0.08735431980511005,0.0037574378392574463,70,1.0024679219350219,4.767963140691306e-05,8,98.61538465206439,0.07746377257200388,-1.0
0.08765635516663844,0.0035941840191795068,71,1.0039966409094632,4.059528871837034e-05,8,98.53846159348122,0.08964287519454955,-1.0
0.0866123976990242,0.003673372663218867,72,0.9933870688546449,3.4227024433899e-05,8,98.23076921242934,0.08022832356966458,-1.0
0.08751050181771544,0.0026019742839377036,73,0.9914830951020122,2.8584657955444653e-05,8,99.07692307692308,0.07345256103919102,-1.0
0.08873330266214907,0.004187281243503094,74,1.022428706055507,2.367688940315011e-05,8,98.84615384615384,0.06985546439886094,-1.0
0.08902478918687186,0.003758258546109904,75,1.0208661940414459,1.951128620040094e-05,8,98.61538459704472,0.0704625352529379,-1.0
0.08700778280300173,0.00390877892178568,76,1.0003360998816788,1.6094271405406862e-05,8,98.84615390117352,0.06810693140213306,-1.0
0.08729796162383123,0.0025612331969155507,77,0.988693597028032,1.3431113807311488e-05,8,98.9230769597567,0.06941347791598393,-1.0
0.08774803767234764,0.0027081464332613077,78,0.9952650158666074,1.1525919802101659e-05,8,98.76923082425044,0.06482990393271813,-1.0
0.08717839493924244,0.0035210848701271143,79,0.9979321858845651,1.0381627060842164e-05,8,99.38461543963506,0.05912795832523933,-1.0
0.08782557417130606,0.004329244458031925,80,1.0139393790159374,1e-05,8,98.61538461538461,0.06947778958540696,-1.0
0.09780318747189912,0.015972233335064215,1,1.2518564390484244,0.000999618372939158,9,13.785714421953474,2.33260992867606,-1.0
0.09032147252847525,0.0023986807262355633,2,1.0202465341426432,0.0009984740801978985,9,24.42857153075082,2.0218687302725655,-1.0
0.09027558044445785,0.0028961082624102182,3,1.0251681560184807,0.0009965688861926887,9,24.5000000340598,1.9695220061710903,-1.0
0.08826667015356096,0.0029609253926371985,4,1.0038093691691756,0.0009939057285945933,9,27.071428690637863,1.8817752497536795,-1.0
0.09209416038356721,0.0045201359740035104,5,1.0630094890948385,0.0009904887137995992,9,28.7142859016146,1.8201531110491072,-1.0
0.09060013543983753,0.002481798112223094,6,1.0241402881219983,0.00098632311059685,9,31.285714592252457,1.7609354114532472,-1.0
0.06795113281854852,0.004280339630151337,7,0.7947928758803755,0.0009814153420445555,9,34.64285727909633,1.7177321059363229,-1.0
0.0944109867665578,0.003340132682668892,8,1.0755223650485277,0.0009757729755661012,9,34.57142869063786,1.654582907812936,-1.0
0.09988773063841191,0.004121230809356679,9,1.144357985816896,0.0009694047112816298,9,37.71428579943521,1.6225786467960903,-1.0
0.09902452694421465,0.003551555797457695,10,1.128578422125429,0.0009623203685930871,9,38.142857449395315,1.6378635106767927,-1.0
0.1003976458133283,0.0024667490824041042,11,1.1317469719797373,0.0009545308710434153,9,41.42857161590031,1.5430157681873866,-1.0
0.10117900991727682,0.0025267282670194454,12,1.1410182630643249,0.0009460482294732422,9,40.357143078531536,1.4919531835828508,-1.0
0.099865885599601,0.0028863061346452346,13,1.1305417600087821,0.0009368855235010348,9,43.642857381275725,1.481471676145281,-1.0
0.10117715341039002,0.005038388136943633,14,1.1686523801181465,0.0009270568813552758,9,45.214286020823884,1.4187959895815168,-1.0
0.08650142212652347,0.003546722974120216,15,0.9907690060790628,0.0009165774580897602,9,46.35714302744184,1.3898185750416348,-1.0
0.05946620426733385,0.0031732277182692833,16,0.6892729410901666,0.0009054634122155992,9,48.00000011920929,1.3554390382766723,-1.0
0.07447051026181063,0.002582819645547054,17,0.8478225830476731,0.0008937318807859689,9,48.28571455819266,1.304763926778521,-1.0
0.0415576011238789,0.002403133421797644,18,0.4837993970140815,0.0008814009529720156,9,53.000000204358784,1.2649033778054373,-1.0
0.06125232270410792,0.0024243091148408976,19,0.700680447043851,0.0008684896421706646,9,55.50000013623919,1.1635943705695015,-1.0
0.09880955680273473,0.004036896015432748,20,1.131558712106198,0.0008550178566873412,9,55.642857619694304,1.1420609494618008,-1.0
0.09984295118854127,0.004069019532339139,21,1.1432767258957028,0.0008410063690388064,9,56.85714318071093,1.1150250598362514,-1.0
0.09968332747336138,0.0025360894347117705,22,1.1246538660489023,0.0008264767839234412,9,60.07142863954817,1.0441663122177125,-1.0
0.10188826840286228,0.0023635739502920346,23,1.1470180691685528,0.000811451504908368,9,62.500000034059795,0.9806729534694126,-1.0
0.10093856490725144,0.003942445724863897,24,1.1539433558937162,0.0007959536998847743,9,62.42857149669102,0.9745618540900094,-1.0
0.10050264993597838,0.004275436618958007,25,1.152791750850156,0.0007800072653447032,9,64.07142891202655,0.9390523494992937,-1.0
0.09765210110609504,0.0041141496251591225,26,1.1197048821486533,0.0007636367895343947,9,65.00000027247837,0.9201768858092172,-1.0
0.06331405778076839,0.003297753314572302,27,0.7330693020485342,0.0007468675145409928,9,68.7142859867641,0.8421938320568629,-1.0
0.07500108822502873,0.002655128948390484,28,0.8545342329889536,0.0007297252973710758,9,71.71428581646511,0.7732369416100638,-1.0
0.06208223519338803,0.004457637350159613,29,0.732243895996362,0.0007122365700810271,9,75.28571442195347,0.6911106334413801,-1.0
0.08734368329698389,0.0038785678969526834,30,1.003712195204571,0.0006944282990207196,9,75.78571486473083,0.6774518302508763,-1.0
0.08851458555595441,0.004107286899604581,31,1.0190934070851654,0.0006763279432533592,9,75.85714340209961,0.6397708450044904,-1.0
0.09122880450873212,0.002694749294526198,32,1.0334053919650614,0.0006579634122155992,9,78.92857166699001,0.5744258618354797,-1.0
0.09274146623316813,0.0028575419405983253,33,1.0518276381772012,0.000639363022683212,9,78.00000023841858,0.5978179751123701,-1.0
0.0932627738114785,0.004706354007463564,34,1.077901076991111,0.0006205554551086735,9,82.4285718713488,0.49221621888024464,-1.0
0.09254004954445091,0.0031228353777392344,35,1.052534346934408,0.0006015697093979838,9,84.07142915044513,0.4395970434801919,-1.0
0.0923299771437252,0.0030809043991294775,36,1.0497582950629294,0.0005824350601949146,9,86.28571469443185,0.38532642466681344,-1.0
0.09360780547880991,0.002782663076438687,37,1.060542925959453,0.0005631810117416299,9,87.28571459225246,0.36422262838908603,-1.0
0.09252987291917882,0.0036736382594840093,38,1.0584740571212023,0.0005438372523852835,9,88.64285727909633,0.32357108729226247,-1.0
0.0918143276040527,0.0032723450355909085,39,1.0461901139933616,0.0005244336088007391,9,89.14285741533551,0.3174522464615958,-1.0
0.09149337964217094,0.003719362641938708,40,1.0475777320098132,0.0005050000000000001,9,90.57142915044513,0.28069605503763473,-1.0
0.09233199000697244,0.0026112281590361486,41,1.044610942946747,0.0004855663911992613,9,90.1428575856345,0.2855809993403299,-1.0
0.09233465892347423,0.004565809980373491,42,1.0661423550918698,0.00046616274761471693,9,91.00000047683716,0.24345489970275333,-1.0
0.09341167844831944,0.003296100830828602,43,1.0640422869473696,0.00044681898825837057,9,92.28571483067104,0.21999228622232164,-1.0
0.09277904228391973,0.0024108902593566613,44,1.0473321820609272,0.000427564939805086,9,94.00000061307635,0.18315771690436772,-1.0
0.09204569636759433,0.004199550465934656,45,1.0589843748603016,0.00040843029060201667,9,96.00000040871757,0.14427927102361407,-1.0
0.0931984032927589,0.003921815342354504,46,1.0685686450451612,0.000389444544891327,9,95.78571469443185,0.14158979279654366,-1.0
0.09158249861899424,0.0024123715702444315,47,1.0342147678602487,0.0003706369773167883,9,96.92857197352818,0.11697859185082572,-1.0
0.09174059377983212,0.002355214779857885,48,1.0353734530508518,0.0003520365877844012,9,97.57142877578735,0.0912859120113509,-1.0
0.09140174281360074,0.004058823539790782,49,1.0503532500006258,0.0003336720567466412,9,98.357143504279,0.07392377291406904,-1.0
0.09205384008501741,0.004169184651056474,50,1.058741546003148,0.0003155717009792807,9,99.1428577218737,0.051928439097745076,-1.0
0.09247369090603157,0.0023561415516517377,51,1.0434093591757119,0.00029776342991897335,9,99.14285714285714,0.04876260991607394,-1.0
0.09372044974853369,0.0037914011627435684,52,1.0729184120427817,0.00028027470262892445,9,99.28571455819267,0.043711287677288053,-1.0
0.09319163528694348,0.0031709174456244164,53,1.0602710049133748,0.0002631324854590073,9,99.07142921856472,0.04313391010676112,-1.0
0.09254690473475917,0.0035389067224142227,54,1.0571810218971223,0.0002463632104656054,9,99.5,0.03739690144147192,-1.0
0.09242544750767676,0.00312032294459641,55,1.0512304860167205,0.0002299927346552969,9,99.71428571428571,0.03229588542665754,-1.0
0.09181318341077051,0.002461832228370688,56,1.0372734928969294,0.00021404630011522587,9,99.42857142857143,0.03657799161970615,-1.0
0.09214413900520992,0.0025426123545251107,57,1.0418054410256445,0.00019854849509163232,9,99.71428629330227,0.02626440867781639,-1.0
0.09174628418192944,0.005457711808214133,58,1.0694972968194634,0.00018352321607655918,9,99.71428571428571,0.02618933481829507,-1.0
0.09248112004504284,0.0034967052369293842,59,1.0559984119608998,0.00016899363096119395,9,99.78571428571429,0.020194359134350505,-1.0
0.09312282070856202,0.002402449365366589,60,1.051026183879003,0.000154982143312659,9,99.57142857142857,0.023576705743159565,-1.0
0.09326413068497046,0.004085354147140275,61,1.0710986240301281,0.0001415103578293356,9,99.78571428571429,0.021640060416289738,-1.0
0.09043587126176465,0.0024961451153186235,62,1.0225016640033573,0.0001285990470279847,9,99.71428571428571,0.017398462061371123,-1.0
0.09274376433512027,0.0026536908381703224,63,1.0496602391358465,0.0001162681192140312,9,100.0,0.01374960767371314,-1.0
0.09255255798978562,0.0038424739190800624,64,1.0606346451677382,0.00010453658778440107,9,99.92857142857143,0.013638108234320368,-1.0
0.09311996614137157,0.003040492217141119,65,1.0580740959849209,9.342254191024022e-05,9,99.64285714285714,0.019409870132803916,-1.0
0.09251745898191902,0.0038350316357206216,66,1.0601379480212927,8.294311864472437e-05,9,100.0,0.012380997150072029,-1.0
0.09141863666644151,0.002924830335277048,67,1.038043806096539,7.311447649896551e-05,9,99.85714285714286,0.013954326936176846,-1.0
0.0933829660273411,0.0057114296889101916,68,1.0902856241445988,6.395177052675794e-05,9,100.0,0.011863309155617442,-1.0
0.09346778455867687,0.00396540854126215,69,1.0720168508123606,5.546912895658472e-05,9,99.92857142857143,0.011039899060768741,-1.0
0.08964926429854875,0.0024853855244476686,70,1.0137326961848885,4.767963140691306e-05,9,99.92857142857143,0.010291653775743075,-1.0
0.09057789031331512,0.004103957336734642,71,1.0417660120874643,4.059528871837034e-05,9,99.92857142857143,0.010666010369147574,-1.0
0.09231886259195479,0.005552837138318203,72,1.0768510501366109,3.4227024433899e-05,9,99.85714285714286,0.011247879559440272,-1.0
0.09196664276532829,0.002591588513248346,73,1.0403839889913797,2.8584657955444653e-05,9,100.0,0.010392624272831849,-1.0
0.09293483426286415,0.0023723685563626614,74,1.048636658117175,2.367688940315011e-05,9,100.0,0.008863443311836038,-1.0
0.08940132398327644,0.0038937133821574125,75,1.0264837590511888,1.951128620040094e-05,9,100.0,0.008231442884675094,-1.0
0.09369476603090086,0.004060924159024249,76,1.0755836288444698,1.6094271405406862e-05,9,100.0,0.008056974065090929,-1.0
0.09304215071130205,0.0027499831789596515,77,1.0539662230294198,1.3431113807311488e-05,9,99.92857142857143,0.009258461951145104,-1.0
0.0921620548575778,0.003968968966298483,78,1.0577087132260203,1.1525919802101659e-05,9,99.92857142857143,0.01022670798535858,-1.0
0.09189122972417284,0.0043461423748257485,79,1.0588631320279092,1.0381627060842164e-05,9,100.0,0.009179961271584033,-1.0
0.09154891455546021,0.003897590266371315,80,1.0501620990689844,1e-05,9,99.92857142857143,0.010004132469849927,-1.0
0.09436424408340827,0.016219459745722514,1,1.327280409168452,0.000999618372939158,10,15.000000063578288,2.353248488108317,-1.0
0.09078030947906275,0.0035873724264092743,2,1.1326791639439762,0.0009984740801978985,10,22.733333321412406,2.042488602956136,-1.0
0.0902538798788252,0.0033063165416630604,3,1.122984972083941,0.0009965688861926887,10,24.933333349227905,1.9309967416127523,-1.0
0.09039940997414912,0.003077766353574892,4,1.1220112841110677,0.0009939057285945933,10,26.8,1.89128271706899,-1.0
0.09200456107888992,0.002987271174788475,5,1.1401690170168877,0.0009904887137995992,10,28.933333452542623,1.8526889638900756,-1.0
0.09064046850350375,0.003264512245853742,6,1.1271129290107638,0.00098632311059685,10,29.599999952316285,1.8062457682291666,-1.0
0.07723046470588694,0.003339927973380933,7,0.9670752987731248,0.0009814153420445555,10,33.19999999205272,1.726074055035909,-1.0
0.09522514095685135,0.0024379977063896754,8,1.1722002779133618,0.0009757729755661012,10,35.13333342075348,1.6820356410344441,-1.0
0.1010781751635174,0.003668229755324622,9,1.2572656930424273,0.0009694047112816298,10,33.800000087420145,1.699640825589498,-1.0
0.09776124074899901,0.003874696073277543,10,1.2199281379580498,0.0009623203685930871,10,37.533333444595335,1.6092393296559653,-1.0
0.10112000456623112,0.004159242263995111,11,1.2636393648572266,0.0009545308710434153,10,38.40000011920929,1.5741586084365844,-1.0
0.10212898306781426,0.0022192393468382456,12,1.252474803943187,0.0009460482294732422,10,41.40000007947286,1.5409125286738077,-1.0
0.10103731780933838,0.003288230102043599,13,1.252199084032327,0.0009368855235010348,10,42.79999996026357,1.4827324387232463,-1.0
0.10214990245488782,0.002142258124270787,14,1.2517593980301172,0.0009270568813552758,10,43.99999996026357,1.4302262055079142,-1.0
0.06111192526683832,0.0022149896637226143,15,0.7601705910637975,0.0009165774580897602,10,46.066666746139525,1.394415779431661,-1.0
0.07452498836209998,0.003102374554146081,16,0.9318162859417498,0.0009054634122155992,10,46.200000015894574,1.413836750348409,-1.0
0.04337451713702952,0.002153668183988581,17,0.5466354908421636,0.0008937318807859689,10,47.533333293596904,1.3609265143076579,-1.0
0.07837528079592933,0.0035398432907337942,18,0.9832576930057257,0.0008814009529720156,10,51.0,1.2981658849716187,-1.0
0.09693014978741606,0.003455244800231109,19,1.2048714850097895,0.0008684896421706646,10,52.4,1.2386194426218669,-1.0
0.09470515471184626,0.0039278965365762515,20,1.1838399500120431,0.0008550178566873412,10,51.99999995231629,1.2236630789438883,-1.0
0.09835479975057144,0.0037775628346328935,21,1.2258933489210904,0.0008410063690388064,10,57.26666682561238,1.1387234621047975,-1.0
0.10064298894333963,0.002094574641281118,22,1.2331378338858485,0.0008264767839234412,10,59.66666682561239,1.0739134810765585,-1.0
0.10020131456743304,0.0033422128569024303,23,1.242762329056859,0.000811451504908368,10,59.00000022252401,1.0770053593317668,-1.0
0.10044428783779343,0.003229831655820211,24,1.24434072105214,0.0007959536998847743,10,60.86666685740153,1.0333917744954426,-1.0
0.06665089410186435,0.002369328731826196,25,0.8285116879269481,0.0007800072653447032,10,61.40000006357829,0.9991836045583089,-1.0
0.0741267409757711,0.002835015611102184,26,0.9237758519593626,0.0007636367895343947,10,64.399999888738,0.9320812606811524,-1.0
0.060945754793162145,0.0031982631189748645,27,0.7699667019769549,0.0007468675145409928,10,67.73333323796591,0.8668615875244141,-1.0
0.08324367124199246,0.00387718549851949,28,1.0456956799607724,0.0007297252973710758,10,67.99999993642172,0.8396906153361002,-1.0
0.0861218482023105,0.002293366123922169,29,1.061225386802107,0.0007122365700810271,10,69.86666688919067,0.7951513818105062,-1.0
0.08915959279208134,0.004651678221610685,30,1.125985556980595,0.0006944282990207196,10,74.20000015894571,0.6948067463239034,-1.0
0.09171166783198714,0.002852186094969511,31,1.1350674601271749,0.0006763279432533592,10,73.99999998410543,0.6917707231839498,-1.0
0.09163979910469304,0.003587843714437137,32,1.143050623126328,0.0006579634122155992,10,77.73333339691162,0.615941948890686,-1.0
0.09041346039157361,0.002135432616341859,33,1.110883902059868,0.000639363022683212,10,75.06666673024496,0.6298166038195292,-1.0
0.09072047836768131,0.0033215120589981475,34,1.1287515971343964,0.0006205554551086735,10,78.5333333492279,0.5802183785438537,-1.0
0.09023895553157975,0.0033719969796948135,35,1.1235763870645314,0.0006015697093979838,10,81.66666668256124,0.5226261053085327,-1.0
0.09202671084009732,0.004803345655091107,36,1.1622037622146308,0.0005824350601949146,10,80.06666663487752,0.516825187365214,-1.0
0.09207264434856673,0.0025052480826464794,37,1.1351740690879524,0.0005631810117416299,10,82.8,0.47718206357955933,-1.0
0.09112574053384985,0.0031748045585118234,38,1.131857787957415,0.0005438372523852835,10,84.73333355585734,0.4410583186149597,-1.0
0.0913806490522499,0.0026622206205502152,39,1.1287549580447376,0.0005244336088007391,10,86.66666692097982,0.37653191963831584,-1.0
0.0909430822939612,0.004678329627495259,40,1.147749472875148,0.0005050000000000001,10,89.0666668732961,0.31819818552335105,-1.0
0.09159183187875897,0.0036489811221448085,41,1.1431409730575979,0.0004855663911992613,10,89.40000007947286,0.2760699360768,-1.0
0.09004491057324533,0.002754194079898298,42,1.1138674030080438,0.00046616274761471693,10,91.40000012715657,0.25587103883425394,-1.0
0.09040019643725827,0.002711852469171087,43,1.1175920579116791,0.00044681898825837057,10,92.53333341280619,0.2451399202744166,-1.0
0.08794992453961943,0.003274515795055777,44,1.0949346059933305,0.000427564939805086,10,92.86666680971781,0.21976525032520294,-1.0
0.09110427624545991,0.003584505097630123,45,1.1365210691001266,0.00040843029060201667,10,94.20000006357829,0.19470255812009177,-1.0
0.09286503202747554,0.0038390210441624126,46,1.1606963081285357,0.000389444544891327,10,93.73333344459533,0.18639954030513764,-1.0
0.08897549201113482,0.0027817990630865097,47,1.10139196109958,0.0003706369773167883,10,95.26666673024495,0.1528722522656123,-1.0
0.08972204199138407,0.0023636815797848008,48,1.1053225330542773,0.0003520365877844012,10,95.86666677792867,0.13462291153271994,-1.0
0.09080762553882475,0.0033198335440829396,49,1.1298298600595444,0.0003336720567466412,10,95.80000004768371,0.12185186473528545,-1.0
0.08982726343674585,0.002284769647909949,50,1.1056644669733942,0.0003155717009792807,10,97.46666671435038,0.09414444722731909,-1.0
0.08963198569836095,0.003534688633711388,51,1.1182899561244994,0.00029776342991897335,10,96.6,0.10867293634017308,-1.0
0.08934112805097054,0.002651270537171513,52,1.1043210218194872,0.00028027470262892445,10,97.60000003178915,0.0917764704823494,-1.0
0.09193850229106222,0.002176172701486697,53,1.129666866036132,0.0002631324854590073,10,98.3333333492279,0.0645930564602216,-1.0
0.09013458124051492,0.0035068290890194476,54,1.1239385770168155,0.0002463632104656054,10,98.73333338101705,0.05607909305890401,-1.0
0.09035208390560001,0.003464223506549994,55,1.126045233104378,0.0002299927346552969,10,98.6,0.055465747008721034,-1.0
0.08982553012901917,0.0029731791970940926,56,1.1138452030718327,0.00021404630011522587,10,98.80000001589457,0.05074338631828626,-1.0
0.0891462605795823,0.002701767759087185,57,1.1024545789696276,0.00019854849509163232,10,99.46666666666667,0.039634304493665694,-1.0
0.09094290177260216,0.0035170960472896695,58,1.133762186858803,0.00018352321607655918,10,99.13333333333334,0.03586675067742666,-1.0
0.09103450367304806,0.0024868245042550066,59,1.122546864906326,0.00016899363096119395,10,99.13333333333334,0.03237513218820095,-1.0
0.09190862290173148,0.0037857836772066853,60,1.1486236150376499,0.000154982143312659,10,99.66666666666667,0.022808740342656772,-1.0
0.09159328722550224,0.002926627620278547,61,1.1344782172236592,0.0001415103578293356,10,99.66666668256124,0.025878593663374583,-1.0
0.09127501895030339,0.003509106890608867,62,1.137653456069529,0.0001285990470279847,10,99.73333333333333,0.022212957819302877,-1.0
0.09400013195894037,0.0020727762991252043,63,1.1531135379336774,0.0001162681192140312,10,99.66666666666667,0.02026602437098821,-1.0
0.09038188077587013,0.003461680569065114,64,1.1263792801182717,0.00010453658778440107,10,99.66666669845581,0.018779999474684398,-1.0
0.09033562341937795,0.0033659704107170305,65,1.1246644139755517,9.342254191024022e-05,10,99.8,0.015846561762193838,-1.0
0.09179504120644803,0.003410579636693001,66,1.1427139099687338,8.294311864472437e-05,10,99.73333333333333,0.020670583407084147,-1.0
0.09035397200689961,0.00228442664956674,67,1.1119404339697212,7.311447649896551e-05,10,99.86666666666666,0.01650377829869588,-1.0
0.090695217018947,0.003249973563166956,68,1.1275804641190916,6.395177052675794e-05,10,99.86666666666666,0.016358014370004337,-1.0
0.09162841842044145,0.002131659828592092,69,1.1253623610828072,5.546912895658472e-05,10,100.0,0.013388229126731554,-1.0
0.09090244952434053,0.0024594108884533248,70,1.120597517117858,4.767963140691306e-05,10,99.86666666666666,0.014225225448608398,-1.0
0.0903452448352861,0.0026917653352332613,71,1.1166871769819409,4.059528871837034e-05,10,99.86666666666666,0.01211584521830082,-1.0
0.09205255950413023,0.004169435589574277,72,1.1549224888440222,3.4227024433899e-05,10,99.93333333333334,0.011419595720867317,-1.0
0.09063417443151896,0.0052727491517240805,73,1.1511203488335013,2.8584657955444653e-05,10,99.93333333333334,0.011626944037775198,-1.0
0.09221624753748377,0.0021101158733169236,74,1.1321546889375895,2.367688940315011e-05,10,99.93333333333334,0.010889151570697626,-1.0
0.09282462157231446,0.002289138598522792,75,1.141613846179098,1.951128620040094e-05,10,99.86666668256125,0.014573672701915105,-1.0
0.09182527017158766,0.00232981473285084,76,1.1301081001292914,1.6094271405406862e-05,10,99.93333333333334,0.011178154945373536,-1.0
0.09134441006851073,0.0034279137811002633,77,1.1375667140819132,1.3431113807311488e-05,10,100.0,0.011541534338146447,-1.0
0.09129701209409784,0.0021404261545588574,78,1.1215134949889034,1.1525919802101659e-05,10,100.0,0.011346796197195847,-1.0
0.09109328673609222,0.003688017352639387,79,1.1376391251105815,1.0381627060842164e-05,10,99.86666668256125,0.0108281738559405,-1.0
0.08963219365493084,0.002204901170140753,80,1.1023024339228868,1e-05,10,99.93333334922791,0.011811680058638255,-1.0
0.09346503135748208,0.01406422395330782,1,1.398203164106235,0.000999618372939158,11,17.3125,2.2622310447692873,-1.0
0.09004133685420339,0.0028355710674077272,2,1.2077637289185077,0.0009984740801978985,11,22.4375,2.0491526031494143,-1.0
0.09093264139329012,0.002851939294487238,3,1.219463786110282,0.0009965688861926887,11,24.6875,1.9658214569091796,-1.0
0.08931409811171201,0.0026442338712513447,4,1.195800770074129,0.0009939057285945933,11,28.875,1.868183650970459,-1.0
0.08994178859015498,0.0023427185638306234,5,1.1999544568825513,0.0009904887137995992,11,30.5,1.8125515747070313,-1.0
0.09162225853651762,0.0020120555284218146,6,1.2174918218515813,0.00098632311059685,11,31.5625,1.774586410522461,-1.0
0.08639473091954222,0.003390858773715221,7,1.1674614190123975,0.0009814153420445555,11,32.4375,1.7095948791503905,-1.0
0.08628318732819305,0.0021724167566459915,8,1.1501663378439844,0.0009757729755661012,11,34.6875,1.7017428588867187,-1.0
0.1000435498292343,0.0027099963313398454,9,1.3360570820514113,0.0009694047112816298,11,36.0625,1.6453933334350586,-1.0
0.0972306788719904,0.0031723520503594326,10,1.305527494987473,0.0009623203685930871,11,39.6875,1.6006608200073242,-1.0
0.09932577258978899,0.0031689165625721216,11,1.332666773116216,0.0009545308710434153,11,38.5,1.5696514225006104,-1.0
0.09890560508490755,0.0025787803057867745,12,1.3195393541827798,0.0009460482294732422,11,40.4375,1.5499078750610351,-1.0
0.09887795320425469,0.003130318417858619,13,1.326349674956873,0.0009368855235010348,11,41.0,1.5353992748260499,-1.0
0.0948166528967424,0.0031198181856710175,14,1.273420233046636,0.0009270568813552758,11,40.75,1.5288465690612794,-1.0
0.05950500993416286,0.0037264886061446024,15,0.8222515441011637,0.0009165774580897602,11,42.9375,1.4697267818450928,-1.0
0.05082088126800954,0.003587142421075931,16,0.7075386389624327,0.0009054634122155992,11,46.0625,1.4066494274139405,-1.0
0.06569523258636203,0.0034308124942561756,17,0.89886594703421,0.0008937318807859689,11,48.4375,1.3513395881652832,-1.0
0.09600294924054581,0.003530775304310597,18,1.294170657871291,0.0008814009529720156,11,49.625,1.295115385055542,-1.0
0.09648948243389335,0.0034809421855383194,19,1.2998719338793308,0.0008684896421706646,11,52.0,1.2642503356933594,-1.0
0.09632730403413567,0.0020190221794809285,20,1.278743932954967,0.0008550178566873412,11,52.0625,1.2634124660491943,-1.0
0.09816366711703058,0.0020777724969845554,21,1.303384613012895,0.0008410063690388064,11,53.4375,1.2012726974487304,-1.0
0.09972431623520187,0.002100182303155844,22,1.3239569189026952,0.0008264767839234412,11,53.3125,1.1912262535095215,-1.0
0.08293644120343603,0.0020901872597348234,23,1.105590698076412,0.000811451504908368,11,57.8125,1.1141564750671387,-1.0
0.06228900870953042,0.0037169838145088693,24,0.8583398149348795,0.0007959536998847743,11,60.0,1.0754773139953613,-1.0
0.06344697509820645,0.0021866902243345976,25,0.8534660609439015,0.0007800072653447032,11,61.375,1.0247282838821412,-1.0
0.07462635099028166,0.0027249154563133535,26,1.0058133341372013,0.0007636367895343947,11,63.75,0.9681073951721192,-1.0
0.08730417248219825,0.002167007903783367,27,1.1633617889601737,0.0007468675145409928,11,65.6875,0.915483341217041,-1.0
0.08586121055010992,0.002971570222423627,28,1.1550643569789827,0.0007297252973710758,11,68.125,0.8649063396453858,-1.0
0.08981524432937686,0.0031499676764584505,29,1.2087790619116277,0.0007122365700810271,11,68.75,0.8348736929893493,-1.0
0.08909083942237955,0.0034609389706299854,30,1.2034167042002082,0.0006944282990207196,11,70.6875,0.770319151878357,-1.0
0.08988203213979992,0.0033033687012413372,31,1.211653035134077,0.0006763279432533592,11,72.6875,0.7317459225654602,-1.0
0.08944376876864296,0.0019394041468890815,32,1.1882265859749168,0.0006579634122155992,11,73.4375,0.6888367056846618,-1.0
0.09015839665125196,0.0035267221884658704,33,1.218157811788842,0.000639363022683212,11,74.4375,0.6677438282966613,-1.0
0.09044904168695211,0.0020541030053909007,34,1.2027756429743022,0.0006205554551086735,11,74.6875,0.675803918838501,-1.0
0.09019903254766877,0.0029935075256686946,35,1.211745975073427,0.0006015697093979838,11,78.0625,0.6047266793251037,-1.0
0.08989265867365667,0.002003194262775091,36,1.1948904749006033,0.0005824350601949146,11,80.3125,0.544793221950531,-1.0
0.08967036017789863,0.0021103265014691995,37,1.193412021966651,0.0005631810117416299,11,81.0,0.5210181975364685,-1.0
0.08945846747463712,0.0030431872985970517,38,1.2028234559111297,0.0005438372523852835,11,82.75,0.4786947989463806,-1.0
0.0883192249143926,0.003651716477739123,39,1.1958752879872918,0.0005244336088007391,11,84.0,0.42092544555664063,-1.0
0.08959928491654304,0.0025364194745914294,40,1.1980231560301036,0.0005050000000000001,11,86.5,0.39694455742836,-1.0
0.08881795080378652,0.002326347578603488,41,1.1851206559222192,0.0004855663911992613,11,87.1875,0.34498659014701843,-1.0
0.09007626671630603,0.003370891217715465,42,1.215055125998333,0.00046616274761471693,11,88.6875,0.32211535453796386,-1.0
0.08993510980732165,0.0029427083388257483,43,1.207646667957306,0.00044681898825837057,11,88.625,0.3190517640113831,-1.0
0.0897439220167983,0.0024519104582185927,44,1.1987942040432245,0.000427564939805086,11,91.75,0.24328035831451417,-1.0
0.08938699385796028,0.0035316386761573646,45,1.2087146509438753,0.00040843029060201667,11,93.0,0.2183951246738434,-1.0
0.09009391003145048,0.0025082296656014826,46,1.2040702688973397,0.000389444544891327,11,93.5625,0.19928696870803833,-1.0
0.08947063552645537,0.003389015399779265,47,1.2074174447916448,0.0003706369773167883,11,93.8125,0.18638608813285829,-1.0
0.08909191336267842,0.002718476327852561,48,1.1937735842075199,0.0003520365877844012,11,94.875,0.16250837683677674,-1.0
0.09031347097614063,0.0021260329343091985,49,1.2019616030156612,0.0003336720567466412,11,95.4375,0.1472008293867111,-1.0
0.08875706336962488,0.0031430880145098153,50,1.1949341360013932,0.0003155717009792807,11,96.3125,0.1296437919139862,-1.0
0.09020051283117098,0.0020896971691399813,51,1.2000656591262668,0.00029776342991897335,11,95.5,0.13771230816841126,-1.0
0.08978168730838941,0.003078515766761624,52,1.2074899810831994,0.00028027470262892445,11,96.875,0.11691676259040833,-1.0
0.08917798153841151,0.0028711399958970454,53,1.1969351840671152,0.0002631324854590073,11,97.25,0.09782870173454285,-1.0
0.08880536770448089,0.003135240672586056,54,1.1955294120125473,0.0002463632104656054,11,96.8125,0.10022879958152771,-1.0
0.08870442677289248,0.0038575001526623964,55,1.20360001293011,0.0002299927346552969,11,97.375,0.08409968823194504,-1.0
0.08993112032588285,0.00234369020192669,56,1.199810263933614,0.00021404630011522587,11,98.8125,0.06395763993263244,-1.0
0.08942727253843959,0.002735260766572677,57,1.1984379310160875,0.00019854849509163232,11,98.1875,0.06330485582351685,-1.0
0.0889747048405787,0.002008118541338123,58,1.1831064790021628,0.00018352321607655918,11,99.5625,0.03922208726406098,-1.0
0.08966980269178748,0.003110247001481744,59,1.2064318130724132,0.00016899363096119395,11,99.1875,0.04439552068710327,-1.0
0.08907796003712484,0.0038953931966366675,60,1.2095022341236472,0.000154982143312659,11,99.3125,0.040164996981620786,-1.0
0.09082076859732087,0.0021914047762178457,61,1.2094058559741825,0.0001415103578293356,11,99.4375,0.03488717406988144,-1.0
0.08971637014586192,0.0026877277100888584,62,1.2015629159286618,0.0001285990470279847,11,99.375,0.034109994545578955,-1.0
0.08968172759677355,0.0024655030932850563,63,1.1981639228761196,0.0001162681192140312,11,99.75,0.027146958783268928,-1.0
0.09013322946758798,0.0019995552989152763,64,1.1980682760477066,0.00010453658778440107,11,99.75,0.023030354157090187,-1.0
0.09033352331831478,0.0021988367661833763,65,1.2033191381487995,9.342254191024022e-05,11,99.75,0.02472515657544136,-1.0
0.09048676893759805,0.002939288217860919,66,1.214800275163725,8.294311864472437e-05,11,99.875,0.02073139674961567,-1.0
0.08978004386433615,0.0023307330512370053,67,1.197682884056121,7.311447649896551e-05,11,99.8125,0.020181931331753732,-1.0
0.08952497275402913,0.0027529892619126118,68,1.1998629500158131,6.395177052675794e-05,11,99.9375,0.01562098518013954,-1.0
0.0897340619076903,0.003599689628642339,69,1.2135834170039743,5.546912895658472e-05,11,99.875,0.017797501757740974,-1.0
0.08985866774589969,0.003221439949881572,70,1.2108470180537552,4.767963140691306e-05,11,99.875,0.016736513078212736,-1.0
0.08831528099611975,0.003421026855134047,71,1.1928116108756512,4.059528871837034e-05,11,99.9375,0.015650740787386895,-1.0
0.09049593761133459,0.0024885767712616003,72,1.2090505240485072,3.4227024433899e-05,11,99.9375,0.014636465534567832,-1.0
0.09042636915826453,0.0022799853020562576,73,1.2054696080740541,2.8584657955444653e-05,11,99.8125,0.01596022307872772,-1.0
0.08960495147710809,0.0029788973669593152,74,1.203825969947502,2.367688940315011e-05,11,99.6875,0.020567741468548773,-1.0
0.08872116989312837,0.0033144354820251465,75,1.1966941480059177,1.951128620040094e-05,11,100.0,0.01290657877922058,-1.0
0.09008737757372168,0.002906371660244006,76,1.209149275207892,1.6094271405406862e-05,11,99.75,0.018100817427039145,-1.0
0.09023350084988543,0.0021281106075128685,77,1.2009413898922503,1.3431113807311488e-05,11,100.0,0.012059652805328369,-1.0
0.09053365988298677,0.0022245631015931186,78,1.206094996072352,1.1525919802101659e-05,11,99.9375,0.0185074470192194,-1.0
0.08858695282385899,0.0028226122510834383,79,1.1886265689972788,1.0381627060842164e-05,11,99.9375,0.014817876741290092,-1.0
0.09015700443146321,0.00233193626627326,80,1.2025961391627789,1e-05,11,99.9375,0.013871883302927017,-1.0
0.0953137756358566,0.011898368148000113,1,1.5012530169915408,0.000999618372939158,12,18.058823543436386,2.2681909190907197,-1.0
0.08957188656287533,0.0022225277997287257,2,1.285413749050349,0.0009984740801978985,12,23.882352969225714,2.021884479522705,-1.0
0.09063813730608672,0.0026031898367883904,3,1.3056398020125926,0.0009965688861926887,12,22.764705910402185,1.990264317849103,-1.0
0.09085451688484422,0.001977772900967726,4,1.2998979859985411,0.0009939057285945933,12,24.41176470588235,1.8957343609192792,-1.0
0.08917936463175076,0.0027596291453976718,5,1.287402878049761,0.0009904887137995992,12,29.0,1.8678606824313893,-1.0
0.09051415490518723,0.001976373671953167,6,1.2951191382016987,0.00098632311059685,12,28.47058825633105,1.819339026002323,-1.0
0.07633759547024965,0.0019187042489647865,7,1.0959116821177304,0.0009814153420445555,12,30.588235297623804,1.775642052818747,-1.0
0.09641005105472036,0.002319931152409741,8,1.3825278729200363,0.0009757729755661012,12,32.41176471990698,1.7419139550713931,-1.0
0.09429958414485944,0.002736100710795394,9,1.3587998279836029,0.0009694047112816298,12,32.8823529622134,1.7322795915603637,-1.0
0.10046151942307395,0.003161398078581052,10,1.4510111298877746,0.0009623203685930871,12,34.94117642851437,1.7130279173570522,-1.0
0.09818214786771153,0.003562300283062671,11,1.424670886946842,0.0009545308710434153,12,34.705882366965795,1.6802181476705214,-1.0
0.09947241491837693,0.0024359830089711715,12,1.4270167900249362,0.0009460482294732422,12,37.470588228281805,1.6564746988520902,-1.0
0.09863769697091941,0.0031474085158801506,13,1.425237676128745,0.0009368855235010348,12,38.29411766108345,1.603478222734788,-1.0
0.06006976102279233,0.0030921848457572715,14,0.8845771970227361,0.0009270568813552758,12,39.0,1.578407351549934,-1.0
0.0581755101447925,0.0018972192691372974,15,0.84130699490197,0.0009165774580897602,12,42.17647059524761,1.5005489312901217,-1.0
0.07485718777336713,0.00264280364249966,16,1.0852403109893203,0.0009054634122155992,12,42.1176470377866,1.5144177952934714,-1.0
0.09372038899787835,0.002810844436420926,17,1.3516822049859911,0.0008937318807859689,12,43.88235294818878,1.4904670367521398,-1.0
0.09688302502036095,0.0022948061814531684,18,1.3887284249067307,0.0008814009529720156,12,46.411764691857734,1.3896889439751121,-1.0
0.09750582936352917,0.0018423647852614522,19,1.3911141869612038,0.0008684896421706646,12,44.64705885859097,1.4007515391181498,-1.0
0.09980087825429759,0.0028676162473857403,20,1.437643860001117,0.0008550178566873412,12,47.529411778730505,1.3866308313257554,-1.0
0.08840368618257344,0.0021119533173207727,21,1.2675025570206344,0.0008410063690388064,12,50.94117650564979,1.3030458427877987,-1.0
0.06323792667327714,0.0019197343249938317,22,0.9124358769040555,0.0008264767839234412,12,51.23529415270861,1.2535781857546637,-1.0
0.06745127516998244,0.0028918753378093243,23,0.9850366050377488,0.000811451504908368,12,53.05882354343639,1.2217209182066076,-1.0
0.08692925752672766,0.003179384262434074,24,1.2617503888905048,0.0007959536998847743,12,55.47058827035568,1.168329638593337,-1.0
0.08923612197395414,0.0027872941656304257,25,1.2885725041851401,0.0007800072653447032,12,56.00000001402462,1.189860544765697,-1.0
0.0901421113937561,0.0019607043193121043,26,1.289675653912127,0.0007636367895343947,12,57.47058826334336,1.1353135683957267,-1.0
0.09005073674156197,0.001857195614970156,27,1.2869566220324486,0.0007468675145409928,12,58.176470546161426,1.0764495271794936,-1.0
0.09112151900106776,0.003145457644547735,28,1.3199708031024784,0.0007297252973710758,12,61.294117604984955,0.9950226766922895,-1.0
0.08526669888358031,0.0027034354030287693,29,1.2318087299354374,0.0007122365700810271,12,65.11764707284816,0.9452191380893483,-1.0
0.0905733147769102,0.002593082009947726,30,1.3045683128293604,0.0006944282990207196,12,62.41176476198084,0.95031370751998,-1.0
0.09089224853752446,0.002512686386970537,31,1.3079037100542337,0.0006763279432533592,12,64.05882359953488,0.9232662451968473,-1.0
0.09049798366946302,0.0027141688957012127,32,1.30520756309852,0.0006579634122155992,12,67.64705886560328,0.8667656414649065,-1.0
0.08878475291255329,0.0034797918051481247,33,1.2919464299920946,0.000639363022683212,12,68.82352939774009,0.8351787892509909,-1.0
0.0886470481221165,0.003236504820441561,34,1.2866150590125471,0.0006205554551086735,12,72.05882355746101,0.765054083291222,-1.0
0.08935383560934237,0.0031812978143404636,35,1.295723285060376,0.0006015697093979838,12,73.76470584027908,0.7253544374073253,-1.0
0.09093312892530646,0.002117945147412164,36,1.3029512511566281,0.0005824350601949146,12,74.76470591040218,0.6499379418877994,-1.0
0.08986024460422673,0.002330610395542213,37,1.2909146440215409,0.0005631810117416299,12,75.35294114842134,0.6439978397593779,-1.0
0.09037724681132074,0.0030319222548444357,38,1.3079647719860077,0.0005438372523852835,12,78.29411771718193,0.5883019546901479,-1.0
0.09019585858498301,0.0029520869887034807,39,1.3044525599107146,0.0005244336088007391,12,77.94117642851437,0.5676104915843291,-1.0
0.09122919271300946,0.0021095709442826255,40,1.3070537969470024,0.0005050000000000001,12,81.2352940755732,0.5117151511416715,-1.0
0.09036783533104296,0.00311226918295558,41,1.3091132200788707,0.0004855663911992613,12,81.41176473393159,0.5170583228503957,-1.0
0.09023015513750059,0.002126469143799373,42,1.2933701558504254,0.00046616274761471693,12,84.17647056018605,0.44111623259151683,-1.0
0.08995250895220254,0.0032500586904851453,43,1.3050815949682146,0.00044681898825837057,12,83.82352943981395,0.42918460944119624,-1.0
0.09083936019201896,0.0020891068104122367,44,1.3012956629972905,0.000427564939805086,12,89.17647054616143,0.33508010036805097,-1.0
0.09048796726191151,0.002120915733809982,45,1.2968236419837922,0.00040843029060201667,12,89.82352945383857,0.31534730644787057,-1.0
0.09093209926504642,0.002430986795973565,46,1.307314942125231,0.000389444544891327,12,90.52941175068126,0.28284858556354747,-1.0
0.09166128970017391,0.004409772294041302,47,1.345226224977523,0.0003706369773167883,12,90.64705880950478,0.2737947738871855,-1.0
0.09188054636719503,0.002962299788902913,48,1.3280369411222637,0.0003520365877844012,12,91.70588231086731,0.23882671019610235,-1.0
0.09140253326456461,0.0020319130936903612,49,1.3083163609262556,0.0003336720567466412,12,92.58823533619152,0.2241356751498054,-1.0
0.08961806442987706,0.0021068620761590345,50,1.2843933869153261,0.0003155717009792807,12,92.99999998597538,0.20632114515585057,-1.0
0.08904096560685762,0.0028472533283223,51,1.2866720010060817,0.00029776342991897335,12,94.47058827736798,0.1781333873201819,-1.0
0.08982358069624752,0.0023177540029532145,52,1.2902701231651008,0.00028027470262892445,12,95.52941173665664,0.14622072107651654,-1.0
0.08845021304607924,0.0027241805135937674,53,1.2767441729083657,0.0002631324854590073,12,96.11764703077428,0.13648755820358502,-1.0
0.09074726910330355,0.0027969725363488707,54,1.309912733035162,0.0002463632104656054,12,96.82352948188782,0.12689511099282433,-1.0
0.08986238165692027,0.0021870257665536235,55,1.2889923949260265,0.0002299927346552969,12,96.94117647058823,0.11301635587916654,-1.0
0.08645698426490915,0.002385121221388025,56,1.2440850308630615,0.00021404630011522587,12,97.94117644253899,0.08912308952387642,-1.0
0.08894757153133728,0.0027046503964811563,57,1.2834612110164016,0.00019854849509163232,12,98.41176470588235,0.07627778158468358,-1.0
0.08775411684265626,0.0019242351575355446,58,1.2557945239823312,0.00018352321607655918,12,98.7647058543037,0.0645626618406352,-1.0
0.08926833259673524,0.0028139064088463783,59,1.289451055927202,0.00016899363096119395,12,98.4117646778331,0.062128850186572354,-1.0
0.08656941670259195,0.003089440504222044,60,1.2555687071289867,0.000154982143312659,12,99.11764712894664,0.04936922858743106,-1.0
0.08713436655567161,0.0018056815856003336,61,1.245400354033336,0.0001415103578293356,12,98.76470595247605,0.057332952864029826,-1.0
0.08872663650462138,0.002852457143100245,62,1.2823515569325536,0.0001285990470279847,12,98.64705889365253,0.06022719951236949,-1.0
0.0876066522905603,0.0029541366966441274,63,1.2680982570163906,0.0001162681192140312,12,98.7647058543037,0.05642346234882579,-1.0
0.08926844265910663,0.0028006396356171797,64,1.2892118880990893,0.00010453658778440107,12,99.47058820724487,0.04674703790861018,-1.0
0.08986692431582403,0.002009805474829461,65,1.286520357010886,9.342254191024022e-05,12,99.11764703077428,0.044366878919741684,-1.0
0.08831524391592081,0.0020191497169435024,66,1.2649350319989026,8.294311864472437e-05,12,99.70588235294117,0.030734337655936972,-1.0
0.08769500942435116,0.0032113653640928014,67,1.2729367080610245,7.311447649896551e-05,12,99.23529408959782,0.03854675992446787,-1.0
0.09013324866204389,0.003510643412092967,68,1.3112555311527103,6.395177052675794e-05,12,99.52941176470588,0.030074313800124562,-1.0
0.09004741035667914,0.002631579359461154,69,1.2977466469164938,5.546912895658472e-05,12,99.64705886560328,0.026889827374149772,-1.0
0.08593015053442546,0.0024426409010110156,70,1.2374628561083227,4.767963140691306e-05,12,99.88235294117646,0.025105233323924683,-1.0
0.08730961330833711,0.0018839122660990273,71,1.2489514611661434,4.059528871837034e-05,12,99.70588235294117,0.027138489563675487,-1.0
0.08881244725281638,0.0024639624669881804,72,1.2781185188796371,3.4227024433899e-05,12,99.76470588235294,0.022980445640928604,-1.0
0.08817976698212858,0.0026805020170286298,73,1.2722846569959074,2.8584657955444653e-05,12,99.64705879548016,0.024432421274044935,-1.0
0.0898188296871792,0.0024511180319158094,74,1.292011085897684,2.367688940315011e-05,12,99.88235291312722,0.023210849218508776,-1.0
0.08723091826375041,0.002502787093232785,75,1.2565207781735808,1.951128620040094e-05,12,99.88235291312722,0.02107837158090928,-1.0
0.08657998397081558,0.0019795996070440325,76,1.2400863880757242,1.6094271405406862e-05,12,99.94117647058823,0.02023764677784022,-1.0
0.08828585071023554,0.0030033460685185026,77,1.2782802018336952,1.3431113807311488e-05,12,99.82352941176471,0.021732715092161122,-1.0
0.0899286486341485,0.0031775499394695672,78,1.3037828349042684,1.1525919802101659e-05,12,99.70588242306428,0.025776161165798412,-1.0
0.09024720718818051,0.0019182324509269425,79,1.290559109998867,1.0381627060842164e-05,12,99.88235294117646,0.02120140769025859,-1.0
0.08883811302283513,0.0022626554127782583,80,1.2757069219369441,1e-05,12,99.82352938371547,0.02604700645979713,-1.0
0.09253281193474928,0.011908759518216053,1,1.5669533868785948,0.000999618372939158,13,19.38888888888889,2.3120928955078126,-1.0
0.08879649260391792,0.002786286392559608,2,1.3741255910135806,0.0009984740801978985,13,22.0,2.0855716959635417,-1.0
0.08956921030767262,0.002719065034762025,3,1.3848105298820883,0.0009965688861926887,13,23.38888888888889,2.061059299045139,-1.0
0.08973265610014398,0.002594899898394942,4,1.3851769850589335,0.0009939057285945933,13,24.61111111111111,2.0131436835394965,-1.0
0.08865989892122646,0.0029370771410564584,5,1.3741970050614327,0.0009904887137995992,13,25.166666666666668,1.9495113796657986,-1.0
0.08893660150157909,0.002055343690638741,6,1.3651257168967277,0.00098632311059685,13,27.22222222222222,1.9171930609809027,-1.0
0.08026773488769928,0.0033085640985518693,7,1.2539515448734164,0.0009814153420445555,13,26.944444444444443,1.8942879909939236,-1.0
0.09602866236430903,0.0027528248882542055,8,1.4821956190280616,0.0009757729755661012,13,26.666666666666668,1.861979743109809,-1.0
0.09586795127640167,0.002646612732981642,9,1.4779700869694352,0.0009694047112816298,13,29.38888888888889,1.8176455349392362,-1.0
0.09970079135770599,0.0018115651793777943,10,1.5229537500999868,0.0009623203685930871,13,27.055555555555557,1.8408119032118055,-1.0
0.09786555863295993,0.003277326157937447,11,1.5174812290351838,0.0009545308710434153,13,29.555555555555557,1.7823878648546008,-1.0
0.09886458522329727,0.0020651028491556643,12,1.5141857920680195,0.0009460482294732422,13,30.38888888888889,1.7722123548719617,-1.0
0.08523844326846301,0.002952088260402282,13,1.32308832812123,0.0009368855235010348,13,31.77777777777778,1.7628755357530381,-1.0
0.041951668557400505,0.003368724975734949,14,0.6800429078284651,0.0009270568813552758,13,31.88888888888889,1.7370817396375868,-1.0
0.07796482001431286,0.002711216453462839,15,1.2103738160803914,0.0009165774580897602,13,34.0,1.6891793484157986,-1.0
0.07838696205678085,0.0027164364078392585,16,1.2168489240575582,0.0009054634122155992,13,33.388888888888886,1.7262846204969617,-1.0
0.09673728422882656,0.0022635326410333314,17,1.485360185150057,0.0008937318807859689,13,35.333333333333336,1.667796664767795,-1.0
0.09796289014630019,0.0022995917902638515,18,1.5042082860600203,0.0008814009529720156,13,35.666666666666664,1.6460521613226997,-1.0
0.0966570562372605,0.0026185673661530016,19,1.489386061904952,0.0008684896421706646,13,35.55555555555556,1.621944825914171,-1.0
0.07479922051231067,0.0029170569498091934,20,1.1659738670568913,0.0008550178566873412,13,38.611111111111114,1.5697032080756292,-1.0
0.07014538031071424,0.0018898584879934789,21,1.0807601399719715,0.0008410063690388064,13,39.388888888888886,1.5800594668918186,-1.0
0.06030933161576589,0.00378464930690825,22,0.9616570849902928,0.0008264767839234412,13,39.333333333333336,1.5756259833441841,-1.0
0.08846975066699088,0.0034492589378108582,23,1.3790246830321848,0.000811451504908368,13,38.833333333333336,1.5677061208089194,-1.0
0.08969846805557609,0.0019172077532857656,24,1.3744675260968506,0.0007959536998847743,13,41.22222222222222,1.5238657803005642,-1.0
0.08938009116488198,0.002914537163451314,25,1.3846590749453753,0.0007800072653447032,13,43.44444444444444,1.4878701866997612,-1.0
0.09029917654891809,0.002018572126204769,26,1.3850588789209723,0.0007636367895343947,13,42.166666666666664,1.5110877482096354,-1.0
0.08974342218910654,0.0027604293543845417,27,1.3878745681140572,0.0007468675145409928,13,44.72222222222222,1.454624252319336,-1.0
0.08803078567919632,0.001978448126465082,28,1.3504133590031415,0.0007297252973710758,13,45.22222222222222,1.4128187476264107,-1.0
0.0887161979606996,0.0018555824489643177,29,1.358921763021499,0.0007122365700810271,13,45.22222222222222,1.4088399759928385,-1.0
0.08924587117508054,0.0017980590152243774,30,1.365910158958286,0.0006944282990207196,13,48.27777777777778,1.356692352294922,-1.0
0.0879513724707067,0.003035190732528766,31,1.365047330968082,0.0006763279432533592,13,48.111111111111114,1.3453846316867404,-1.0
0.08785958257503808,0.004212991567328572,32,1.3813456580974162,0.0006579634122155992,13,48.666666666666664,1.3138265397813584,-1.0
0.0879597843469431,0.002506669129555424,33,1.3572661760263145,0.000639363022683212,13,50.388888888888886,1.2718008761935764,-1.0
0.08936388112294177,0.001881773816421628,34,1.3689293209463358,0.0006205554551086735,13,49.833333333333336,1.281291749742296,-1.0
0.0883001979906112,0.002211094880476594,35,1.3579208101145923,0.0006015697093979838,13,49.333333333333336,1.2983793894449869,-1.0
0.0867756842635572,0.0031388480681926014,36,1.3489627831149846,0.0005824350601949146,13,52.666666666666664,1.2376253933376735,-1.0
0.08846473417555292,0.00290267930055658,37,1.370751371840015,0.0005631810117416299,13,55.611111111111114,1.1575698598225912,-1.0
0.08903141886306305,0.002906563210611542,38,1.379356810823083,0.0005438372523852835,13,54.666666666666664,1.1906205410427517,-1.0
0.08831614490287999,0.0018391964957118034,39,1.35261743189767,0.0005244336088007391,13,54.94444444444444,1.1653937360975477,-1.0
0.08886225533982119,0.0027603585893909138,40,1.374637566972524,0.0005050000000000001,13,57.44444444444444,1.108086675008138,-1.0
0.09024798977188767,0.003171077836304903,41,1.4023062330670655,0.0004855663911992613,13,56.77777777777778,1.1235681533813477,-1.0
0.08909727522792915,0.0028535998271157345,42,1.3795359660871327,0.00046616274761471693,13,58.05555555555556,1.0954526604546442,-1.0
0.08863240955397486,0.0018476097223659356,43,1.3574578950647265,0.00044681898825837057,13,56.44444444444444,1.1086324734157986,-1.0
0.088197766073669,0.0031492449964086217,44,1.3704512750264257,0.000427564939805086,13,60.77777777777778,1.00991088019477,-1.0
0.08881956414940456,0.0031251396518200635,45,1.379405708052218,0.00040843029060201667,13,62.111111111111114,0.9901807361178928,-1.0
0.08841428379528224,0.002885747607797384,46,1.369737687986344,0.000389444544891327,13,65.27777777777777,0.8844818962944878,-1.0
0.0886376369278878,0.0018638461517790953,47,1.357762988191098,0.0003706369773167883,13,66.5,0.8612700737847222,-1.0
0.08833648186797897,0.0018397526039431492,48,1.3528840080834925,0.0003520365877844012,13,66.88888888888889,0.8831612014770508,-1.0
0.09000356406904757,0.0019075042102485896,49,1.3789109019562602,0.0003336720567466412,13,65.83333333333333,0.875272577073839,-1.0
0.08875839714892209,0.0020188106534381705,50,1.3619160039816052,0.0003155717009792807,13,70.05555555555556,0.7742030673556858,-1.0
0.08959182957187295,0.001776852241406838,51,1.3707671619486064,0.00029776342991897335,13,69.77777777777777,0.8085327741834852,-1.0
0.08945163432508707,0.002070775736744205,52,1.373078083852306,0.00028027470262892445,13,71.88888888888889,0.7443819130791558,-1.0
0.08902197717688978,0.0018080564215779305,53,1.3626929470337927,0.0002631324854590073,13,72.55555555555556,0.7115466266208225,-1.0
0.08993202944596608,0.0023040943468610447,54,1.3837912799790502,0.0002463632104656054,13,71.61111111111111,0.7287853410508898,-1.0
0.08885339441088339,0.0017086348496377468,55,1.3586734728887677,0.0002299927346552969,13,71.66666666666667,0.7528117582533095,-1.0
0.08881683740764856,0.0026260337171455225,56,1.3719398628454655,0.00021404630011522587,13,70.77777777777777,0.7735381931728786,-1.0
0.08824665909633041,0.001819462701678276,57,1.3512365240603685,0.00019854849509163232,13,74.11111111111111,0.6918494245741102,-1.0
0.08869764028737942,0.0020640883129090072,58,1.361800020094961,0.00018352321607655918,13,78.66666666666667,0.5859926626417372,-1.0
0.08904624671364823,0.002369144419208169,59,1.3715220240410417,0.00016899363096119395,13,78.27777777777777,0.5865928713480631,-1.0
0.08891675057820976,0.0030432476196438074,60,1.379702566890046,0.000154982143312659,13,78.77777777777777,0.5781362046135796,-1.0
0.08885941503879925,0.0028027857498576243,61,1.3752402230165899,0.0001415103578293356,13,80.55555555555556,0.5492961904737684,-1.0
0.09012006814591586,0.0020334671872357527,62,1.3826283470261842,0.0001285990470279847,13,81.83333333333333,0.5174687321980794,-1.0
0.08818076473350327,0.001827064265186588,63,1.3504100539721549,0.0001162681192140312,13,81.77777777777777,0.5275097295973036,-1.0
0.08874100573981801,0.00183784452577432,64,1.358984427060932,0.00010453658778440107,13,82.55555555555556,0.4861643240186903,-1.0
0.087241403091078,0.001943860047807296,65,1.3380720659624785,9.342254191024022e-05,13,83.22222222222223,0.4853583017985026,-1.0
0.08985828113121291,0.0034877460139493147,66,1.400431056972593,8.294311864472437e-05,13,84.5,0.4357793045043945,-1.0
0.08901260710942248,0.003283824554334084,67,1.3846900800708681,7.311447649896551e-05,13,86.11111111111111,0.4119767189025879,-1.0
0.09009728987390796,0.0027539160723487536,68,1.3930084691382945,6.395177052675794e-05,13,85.27777777777777,0.42353208435906303,-1.0
0.09001120606747766,0.001813117926940322,69,1.377608475042507,5.546912895658472e-05,13,86.38888888888889,0.395102350446913,-1.0
0.08929144425007204,0.004184470620627204,70,1.4023718021344393,4.767963140691306e-05,13,87.5,0.38203969319661457,-1.0
0.08891371934053799,0.0025660428528984387,71,1.3724394370801747,4.059528871837034e-05,13,87.38888888888889,0.38717862447102863,-1.0
0.08976222195973,0.0026703259752442437,72,1.3868047129362822,3.4227024433899e-05,13,87.77777777777777,0.37521937370300296,-1.0
0.09021553605174025,0.0019276330713182688,73,1.3824604849796742,2.8584657955444653e-05,13,87.94444444444444,0.35665417247348363,-1.0
0.08979324603763719,0.0025202522209535044,74,1.38501478289254,2.367688940315011e-05,13,89.0,0.34484416802724205,-1.0
0.08955030556147298,0.00179630471393466,75,1.370481866877526,1.951128620040094e-05,13,88.83333333333333,0.34945471379492016,-1.0
0.08955197098354499,0.0027131014813979466,76,1.3842784510925412,1.6094271405406862e-05,13,89.77777777777777,0.34340408325195315,-1.0
0.08919894263769189,0.0028436312917619944,77,1.38089460413903,1.3431113807311488e-05,13,89.38888888888889,0.32883094787597655,-1.0
0.08964326673497756,0.0031461033970117567,78,1.392099339980632,1.1525919802101659e-05,13,90.44444444444444,0.30975836435953774,-1.0
0.09011141314792136,0.0027296896403034526,79,1.3928497720044106,1.0381627060842164e-05,13,90.5,0.3235897805955675,-1.0
0.08950558262877166,0.002235691575333476,80,1.3763568277936429,1e-05,13,90.16666666666667,0.3205250663227505,-1.0
0.09596534674055875,0.011812891593823831,1,1.6169968200847507,0.000999618372939158,14,17.052631619729492,2.300852769550524,-1.0
0.09156024345817665,0.003232140342394511,2,1.4221885818988085,0.0009984740801978985,14,21.210526334611995,2.055485938222785,-1.0
0.09166618486245473,0.002401062147691846,3,1.4112911890260875,0.0009965688861926887,14,24.315789442313346,1.9550354621284887,-1.0
0.09186081246783336,0.002437481392795841,4,1.4147495809011161,0.0009939057285945933,14,25.15789478703549,1.9213364764263756,-1.0
0.09245990430936217,0.0020182369587322074,5,1.4174421241041273,0.0009904887137995992,14,28.000000025096693,1.8688393035687898,-1.0
0.0902876268296192,0.0034672924472639957,6,1.4065685970708728,0.00098632311059685,14,27.421052662949812,1.8512764079947222,-1.0
0.08684725789353251,0.0017948639734337727,7,1.3298900839872658,0.0009814153420445555,14,30.894736820145656,1.8191993311831827,-1.0
0.10134203472795586,0.00270728194154799,8,1.5610253291670233,0.0009757729755661012,14,31.736842180553236,1.7644476614500346,-1.0
0.09962945591347913,0.0017560791534682115,9,1.5210643671453,0.0009694047112816298,14,35.05263161659241,1.6910601507989984,-1.0
0.10103922483200828,0.0022453472949564455,10,1.5495334391016513,0.0009623203685930871,14,36.36842105890575,1.669581008961326,-1.0
0.1013911503367126,0.0029646757369240126,11,1.565593735082075,0.0009545308710434153,14,35.42105268804651,1.6487249374389648,-1.0
0.10014145096453528,0.003283877034361164,12,1.5516231048386544,0.0009460482294732422,14,36.052631635414926,1.6469653139616314,-1.0
0.04723716288184126,0.0033963629820694527,13,0.759748226031661,0.0009368855235010348,14,38.42105270059485,1.6168181065509193,-1.0
0.07432306022383273,0.002082768843198816,14,1.1463839299976826,0.0009270568813552758,14,40.368421153018346,1.5273848596372102,-1.0
0.0779658271620671,0.0027638132994373637,15,1.2111927999649197,0.0009165774580897602,14,42.52631583966707,1.4983494065937244,-1.0
0.09839562390310069,0.0029796962315837543,16,1.5208660659845918,0.0009054634122155992,14,45.10526317671726,1.4735162190387123,-1.0
0.10045520717588564,0.0027707347646355627,17,1.548635067883879,0.0008937318807859689,14,42.05263152247981,1.4842284561458388,-1.0
0.1002347094938159,0.0017580618305752674,18,1.530154564185068,0.0008814009529720156,14,45.84210527570624,1.4064107859762092,-1.0
0.08979851651626329,0.00253918895808359,19,1.3853097278624773,0.0008684896421706646,14,48.21052626559609,1.3310980463027955,-1.0
0.06203490421175957,0.001692918393140038,20,0.9561564868781716,0.0008550178566873412,14,49.947368483794364,1.3219903260783146,-1.0
0.06872994710380832,0.0018003092147409916,21,1.0581840500235558,0.0008410063690388064,14,50.4736842858164,1.3008319096816214,-1.0
0.09210163640479246,0.0023921499339242774,22,1.4176870048977435,0.0008264767839234412,14,54.26315776925338,1.2234747989554153,-1.0
0.09030496738851071,0.0026593422051519157,23,1.3947604871354997,0.000811451504908368,14,55.052631641689096,1.1927755446183055,-1.0
0.09164999476633966,0.0024667724967002867,24,1.4120055499952286,0.0007959536998847743,14,56.31578941094248,1.1589257021954185,-1.0
0.09094873368740082,0.0027458670549094675,25,1.405668145045638,0.0007800072653447032,14,56.42105251864383,1.1244230809964633,-1.0
0.09324940966131787,0.0017702468670904637,26,1.4255365799181163,0.0007636367895343947,14,59.31578937329744,1.0830334018406116,-1.0
0.0932257806416601,0.0028551468315223855,27,1.4414547740016133,0.0007468675145409928,14,60.2105262154027,1.0377937894118459,-1.0
0.09176137483057877,0.0028501433630784352,28,1.4194189810659736,0.0007297252973710758,14,62.89473694249203,0.9762040175889668,-1.0
0.09307800141784052,0.0018710318487137555,29,1.4244974420871586,0.0007122365700810271,14,66.26315791983353,0.8853091879894859,-1.0
0.0932800406900545,0.0017045417645325264,30,1.4250209447927773,0.0006944282990207196,14,68.42105273196572,0.8235533060525593,-1.0
0.09275121698156,0.001761724753305316,31,1.4179320719558746,0.0006763279432533592,14,69.10526325828151,0.8465560210378547,-1.0
0.09251587063384553,0.0019158824346959592,32,1.416734463069588,0.0006579634122155992,14,69.94736839595593,0.7853749292775204,-1.0
0.09208946290115515,0.002537312296529611,33,1.4196388740092516,0.000639363022683212,14,73.4210526190306,0.709991098705091,-1.0
0.09379196076964338,0.0021327709623922904,34,1.439125417964533,0.0006205554551086735,14,73.63157894736842,0.7063156681311757,-1.0
0.09292190394674739,0.001954344923918446,35,1.4234121160116047,0.0006015697093979838,14,77.15789486232556,0.6300864716580039,-1.0
0.09295927868224681,0.0026657739188522102,36,1.434612664859742,0.0005824350601949146,14,78.52631586476376,0.5872749762786063,-1.0
0.09240835226761798,0.0026395521437128384,37,1.425959417130798,0.0005631810117416299,14,78.15789488742226,0.5675190979556034,-1.0
0.09242695597931742,0.0017837750880668561,38,1.4134167081210762,0.0005438372523852835,14,79.73684219310158,0.5290867445343419,-1.0
0.09365386275264125,0.0018861109701295694,39,1.4334358000196517,0.0005244336088007391,14,82.78947377204895,0.46865052467898316,-1.0
0.09425520403310657,0.0017584863584488631,40,1.4404977848753333,0.0005050000000000001,14,85.2631578570918,0.41160656452178956,-1.0
0.09225584280987581,0.00275226179510355,41,1.425361338071525,0.0004855663911992613,14,87.42105266922398,0.36920330217010094,-1.0
0.09318452418471376,0.001745812874287367,42,1.4241973999887705,0.00046616274761471693,14,88.78947370930722,0.31165479409067254,-1.0
0.0940937612671405,0.0018568966537714005,43,1.4394992978777736,0.00044681898825837057,14,89.42105258138557,0.2867137792863344,-1.0
0.09416956550752123,0.0017742793541401624,44,1.4394012580160052,0.000427564939805086,14,91.26315794493023,0.26344450605543035,-1.0
0.09322501824547848,0.0029585531602303186,45,1.4429960751440376,0.00040843029060201667,14,91.1052631202497,0.24978849492574992,-1.0
0.09247283513347308,0.002134213720758756,46,1.4193602139130235,0.000389444544891327,14,91.73684220564992,0.2353375096070139,-1.0
0.09240621360950171,0.0021439703957488137,47,1.4185018341522664,0.0003706369773167883,14,93.78947379714565,0.19346558671248587,-1.0
0.09259519609622657,0.002558970560009281,48,1.4275582989212126,0.0003520365877844012,14,95.15789491251896,0.15990078700216193,-1.0
0.09275074310911198,0.0026996742313106854,49,1.4320191140286624,0.0003336720567466412,14,94.73684229348835,0.1622762509082493,-1.0
0.09379183229369421,0.0028817239062239727,50,1.450345957186073,0.0003155717009792807,14,95.10526334611993,0.1465704178496411,-1.0
0.0933573750158151,0.0028724230515460173,51,1.4436888941563666,0.00029776342991897335,14,96.0000001882252,0.12459400315033763,-1.0
0.09336963477544487,0.0018792730911324422,52,1.428968840977177,0.00028027470262892445,14,96.73684229348835,0.108554658074128,-1.0
0.09369720389756063,0.0017827181766430537,53,1.4324385500513017,0.0002631324854590073,14,97.1578949250673,0.09976627815710871,-1.0
0.09386803164767722,0.0025844488913814227,54,1.4470261668320745,0.0002463632104656054,14,96.99999992470993,0.09011547756822486,-1.0
0.09342592279426754,0.003072790941223502,55,1.4477302299346775,0.0002299927346552969,14,98.57894743116279,0.06282392340271097,-1.0
0.09285752174134056,0.002558132664610942,56,1.4314747659955174,0.00021404630011522587,14,98.68421072708934,0.055247429452444374,-1.0
0.09325737839875121,0.002378594797725479,57,1.4348316849209368,0.00019854849509163232,14,98.36842125340512,0.05573572652904611,-1.0
0.09499147787379722,0.001730867801234126,58,1.4511352849658579,0.00018352321607655918,14,99.26315795747857,0.03952902500566683,-1.0
0.0931301471311599,0.003477206608901421,59,1.4493567049503326,0.00016899363096119395,14,99.73684210526316,0.03323571071420845,-1.0
0.09316944194336732,0.002374268261094888,60,1.4334477209486067,0.000154982143312659,14,99.57894736842105,0.0312168251919119,-1.0
0.09275692842590312,0.002930532380317648,61,1.4361622270662338,0.0001415103578293356,14,99.63157894736842,0.030361744204634115,-1.0
0.09278760786789159,0.0018614906662454207,62,1.4200315400958061,0.0001285990470279847,14,99.73684210526316,0.027035568227109157,-1.0
0.09333730150635043,0.002265948615968227,63,1.4343072101473808,0.0001162681192140312,14,99.6842105263158,0.023775035538955738,-1.0
0.09245630251243711,0.0021973644848912953,64,1.4200804771389812,0.00010453658778440107,14,99.89473684210526,0.020707635197200272,-1.0
0.09270967229579886,0.002598650644843777,65,1.429916940862313,9.342254191024022e-05,14,99.78947368421052,0.019435316398739813,-1.0
0.09273675999914606,0.0017854414569834869,66,1.4180828668177128,8.294311864472437e-05,14,99.84210526315789,0.01727226925131522,-1.0
0.0938936636162301,0.0017459909742077193,67,1.434853106038645,7.311447649896551e-05,14,99.89473684210526,0.016536180829923405,-1.0
0.09275076525906721,0.0018109056788186233,68,1.4186918830964714,6.395177052675794e-05,14,99.94736842105263,0.017678464270736043,-1.0
0.09284703739297887,0.002744897874072194,69,1.434118158183992,5.546912895658472e-05,14,99.89473684210526,0.015267807202119576,-1.0
0.09399326954347392,0.0018245755850027005,70,1.4375177011825144,4.767963140691306e-05,14,99.84210526315789,0.015527936875035888,-1.0
0.0936800070727865,0.0016975831240415573,71,1.4309549799654633,4.059528871837034e-05,14,99.94736842105263,0.014586933090498574,-1.0
0.09262083309392134,0.003926343703642488,72,1.4484927798621356,3.4227024433899e-05,14,99.89473684210526,0.015343685587377925,-1.0
0.09340871811533967,0.0017353696127732595,73,1.427456459030509,2.8584657955444653e-05,14,100.0,0.011476902530381554,-1.0
0.0934940370110174,0.0016996435200174649,74,1.4281578978989273,2.367688940315011e-05,14,99.94736842105263,0.013958976323667325,-1.0
0.09217756648237506,0.002235122925291459,75,1.4164552590809762,1.951128620040094e-05,14,99.94736842105263,0.01136263416589875,-1.0
0.09207694701229532,0.002211305064459642,76,1.4145816981326789,1.6094271405406862e-05,14,100.0,0.01338561278228697,-1.0
0.09258385738357902,0.002552355748290817,77,1.4273361670784652,1.3431113807311488e-05,14,99.94736842105263,0.012140043519045178,-1.0
0.09271196662448347,0.0016895695123821497,78,1.4162673479877412,1.1525919802101659e-05,14,99.94736842105263,0.011851849422643059,-1.0
0.09320923580477634,0.0022893535904586317,79,1.4327209340408444,1.0381627060842164e-05,14,99.94736842105263,0.01093512044337235,-1.0
0.09324788013473154,0.002433205923686425,80,1.4354714138898998,1e-05,14,100.0,0.013042798430511825,-1.0
0.09517932278686203,0.011115017216070555,1,1.7009712329600006,0.000999618372939158,15,17.75000001192093,2.231754503250122,-1.0
0.09251087375741918,0.0016362675523851067,2,1.5066364738158882,0.0009984740801978985,15,21.05,2.062086582183838,-1.0
0.09243367277667858,0.0025800017901929095,3,1.5204897900111973,0.0009965688861926887,15,24.39999998807907,1.9786720571517944,-1.0
0.09158541918441188,0.002730166699620895,4,1.5093177170492709,0.0009939057285945933,15,26.45,1.9058567571640015,-1.0
0.09186480729840696,0.0016203222039621323,5,1.496070875087753,0.0009904887137995992,15,26.300000071525574,1.8629123516082764,-1.0
0.09240724454866722,0.002177330505219288,6,1.5136939720250666,0.00098632311059685,15,31.450000071525572,1.7899350290298461,-1.0
0.08288045082008466,0.0021756466157967225,7,1.3611403228715062,0.0009814153420445555,15,31.950000047683716,1.7646908864974975,-1.0
0.100809770723572,0.0016775421390775591,8,1.6400571358390152,0.0009757729755661012,15,31.100000023841858,1.7591473846435546,-1.0
0.10033795851632021,0.002560638793511316,9,1.6466910580638796,0.0009694047112816298,15,32.950000047683716,1.7318771991729736,-1.0
0.1006272357335547,0.0029413514566840604,10,1.6574035231024027,0.0009623203685930871,15,35.900000071525575,1.6669188604354859,-1.0
0.1009172570775263,0.003089755293331109,11,1.6643679409753531,0.0009545308710434153,15,37.1,1.6130544223785401,-1.0
0.08865410041471478,0.0018824966537067667,12,1.4488949379883707,0.0009460482294732422,15,38.650000023841855,1.581625244140625,-1.0
0.054560572883929126,0.0018957676802529022,13,0.9035380140412599,0.0009368855235010348,15,39.9,1.573655939102173,-1.0
0.0772588960826397,0.002220912923803553,14,1.2719166530296206,0.0009270568813552758,15,41.95,1.5112391805648804,-1.0
0.09639560713549145,0.0023885789996711537,15,1.5807881588116288,0.0009165774580897602,15,44.25,1.4674528512954712,-1.0
0.0983625356311677,0.002780591108603403,16,1.618535296060145,0.0009054634122155992,15,45.50000002384186,1.4202771663665772,-1.0
0.0996431416424457,0.0016754566750023514,17,1.6213305820710957,0.0008937318807859689,15,45.35,1.4190173406600952,-1.0
0.09116222920420114,0.0016367961070500314,18,1.4850380648858845,0.0008814009529720156,15,44.54999997615814,1.3947619028091431,-1.0
0.06497317861067131,0.0029582054557977244,19,1.0872053490020335,0.0008684896421706646,15,48.15000009536743,1.3361826925277709,-1.0
0.0649523428583052,0.002640282633365132,20,1.0817171309608966,0.0008550178566873412,15,53.450000047683716,1.2538919372558595,-1.0
0.08760950359283015,0.0024518445279682055,21,1.4412212099414319,0.0008410063690388064,15,52.65,1.2246972188949585,-1.0
0.0877376569842454,0.0016574296314502135,22,1.4306198041886091,0.0008264767839234412,15,53.05,1.2279831762313842,-1.0
0.09018425023532473,0.0025149177090497687,23,1.4834379139356315,0.000811451504908368,15,54.450000047683716,1.1608646383285524,-1.0
0.08747139293700457,0.003141586683341302,24,1.4500676731113344,0.0007959536998847743,15,56.35,1.1384237957000733,-1.0
0.08997225457278546,0.0016443075583083555,25,1.4661140767857432,0.0007800072653447032,15,57.80000009536743,1.0881145458221435,-1.0
0.08709282262134366,0.0027377962542232126,26,1.437547598965466,0.0007636367895343947,15,60.8,1.0143369479179383,-1.0
0.09075919563474599,0.002592173666926101,27,1.4938722250517458,0.0007468675145409928,15,63.200000047683716,0.9780080184936524,-1.0
0.0900433374918066,0.0024278045748360455,28,1.479776439955458,0.0007297252973710758,15,67.05000014305115,0.9006022176742554,-1.0
0.08979654483846389,0.00276554528682027,29,1.4812286437954754,0.0007122365700810271,15,67.39999995231628,0.8763864231109619,-1.0
0.09054128226125613,0.002969282679259777,30,1.4964044420048594,0.0006944282990207196,15,67.65000004768372,0.8616854686737061,-1.0
0.09119753896084148,0.0018971229728776962,31,1.48976418399252,0.0006763279432533592,15,70.55000009536744,0.7942290849685669,-1.0
0.09073531175090466,0.0026918816147372127,32,1.4950823951512575,0.0006579634122155992,15,72.04999995231628,0.7496824841499329,-1.0
0.0921098406688543,0.00290772232983727,33,1.5205303309485316,0.000639363022683212,15,73.25000009536743,0.6921126952171326,-1.0
0.09204815253906418,0.003155123020405881,34,1.5235104060266167,0.0006205554551086735,15,73.60000014305115,0.6889654197692872,-1.0
0.09079093643231317,0.0024366708821617067,35,1.491891702869907,0.0006015697093979838,15,78.60000009536743,0.604914767742157,-1.0
0.09091245892341249,0.0016182178223971277,36,1.4807452189270407,0.0005824350601949146,15,81.84999995231628,0.5058958129882812,-1.0
0.09286591100681107,0.002759251423412934,37,1.5302472859621048,0.0005631810117416299,15,80.04999995231628,0.5322919182777405,-1.0
0.09109038647147827,0.002466943406034261,38,1.4971709579695016,0.0005438372523852835,15,82.15000014305114,0.49720578932762144,-1.0
0.09102193328726571,0.0025518222682876512,39,1.497420950094238,0.0005244336088007391,15,85.05000004768371,0.430250648021698,-1.0
0.09162599794217385,0.0037880800518905744,40,1.5268734300043434,0.0005050000000000001,15,86.75000004768371,0.3881357991695404,-1.0
0.09141684105270542,0.001665744071942754,41,1.4895633549895138,0.0004855663911992613,15,87.40000004768372,0.3499752714633942,-1.0
0.09152148455905262,0.002489634804078378,42,1.5044138839002699,0.00046616274761471693,15,89.24999995231629,0.3105956616401672,-1.0
0.09170229051960632,0.002623991866130382,43,1.5094676879234612,0.00044681898825837057,15,90.70000004768372,0.28542818665504455,-1.0
0.09098740109766368,0.0016076964675448835,44,1.4817632031627,0.000427564939805086,15,91.40000009536743,0.2719183020591736,-1.0
0.09096554832649417,0.0027416330412961543,45,1.4995582671836019,0.00040843029060201667,15,92.70000009536743,0.2237740638256073,-1.0
0.09097639817628078,0.001621881267055869,46,1.4818204541224986,0.000389444544891327,15,92.95000009536743,0.21455945873260499,-1.0
0.0923422830819618,0.0025718917313497514,47,1.5188777430448681,0.0003706369773167883,15,93.05000009536744,0.20636040103435516,-1.0
0.09300986568268854,0.0027843363786814734,48,1.5329494350589812,0.0003520365877844012,15,95.20000014305114,0.1677125325202942,-1.0
0.09170261255349033,0.0027758225187426433,49,1.511893848888576,0.0003336720567466412,15,95.00000009536743,0.1464409420490265,-1.0
0.09190795144240838,0.0025671515613794327,50,1.5118363101501018,0.0003155717009792807,15,97.05000014305115,0.1157908079624176,-1.0
0.0911740666924743,0.0024380593094974756,51,1.4980332448612899,0.00029776342991897335,15,96.75000004768371,0.11224190437793732,-1.0
0.09048176229407545,0.0016013444546842948,52,1.4735836391337216,0.00028027470262892445,15,96.35000004768372,0.11828680419921875,-1.0
0.09209093841491267,0.0021405344596132636,53,1.5080281221307814,0.0002631324854590073,15,97.8,0.09280097439885139,-1.0
0.09131916849582922,0.002783963005640544,54,1.5059365439228714,0.0002463632104656054,15,97.64999995231628,0.07955452793836594,-1.0
0.09097295789979398,0.002991387344081886,55,1.5036709748674184,0.0002299927346552969,15,97.95,0.07388230562210082,-1.0
0.09237226148252375,0.001894096945761703,56,1.5085068410262465,0.00021404630011522587,15,97.85000009536743,0.0690064126253128,-1.0
0.09173691798059735,0.003038979775737971,57,1.5166619538795203,0.00019854849509163232,15,98.40000004768372,0.06288104662299156,-1.0
0.09160400931432378,0.0025976336182793602,58,1.5074634021148086,0.00018352321607655918,15,99.35000009536743,0.04149322688579559,-1.0
0.09176295701763593,0.0025164041144307703,59,1.5087054010946304,0.00016899363096119395,15,99.10000004768372,0.03785121765732765,-1.0
0.09094542879029177,0.002087127460981719,60,1.4887632641475648,0.000154982143312659,15,99.5,0.034925781697034836,-1.0
0.09213815542170778,0.003205992194125429,61,1.5257480638101697,0.0001415103578293356,15,99.65000004768372,0.027304339215159415,-1.0
0.09070234198588878,0.003289304208010435,62,1.5041066091507673,0.0001285990470279847,15,99.65,0.02554916390776634,-1.0
0.09068291829316877,0.0020070452010259032,63,1.4833363401703537,0.0001162681192140312,15,99.50000004768371,0.024823284059762956,-1.0
0.0911903753731167,0.0016539900680072606,64,1.4858272520359606,0.00010453658778440107,15,99.75,0.02152450284361839,-1.0
0.09150382321968209,0.0017177693953271955,65,1.4918702589347959,9.342254191024022e-05,15,99.85,0.019601596653461457,-1.0
0.09188474863185547,0.0017263088811887428,66,1.498022107873112,8.294311864472437e-05,15,99.9,0.019428851768374444,-1.0
0.0910090555116767,0.0017110969929490238,67,1.4837650840636343,7.311447649896551e-05,15,99.95,0.016069335028529166,-1.0
0.09173924576316494,0.0030703837401233613,68,1.517200741916895,6.395177052675794e-05,15,99.75000004768371,0.01652568092942238,-1.0
0.09257694295956753,0.0016935150342760608,69,1.5085751190781593,5.546912895658472e-05,15,99.95,0.015456354141235352,-1.0
0.08983593007724266,0.0021121251193108037,70,1.4714879610110074,4.767963140691306e-05,15,99.85,0.014286685466766357,-1.0
0.09189060337666888,0.0017685266211628914,71,1.4988400011789054,4.059528871837034e-05,15,99.95,0.012935688182711602,-1.0
0.09126991445373278,0.002453650115057826,72,1.4998272778466344,3.4227024433899e-05,15,99.9,0.01711737786978483,-1.0
0.09121716277149972,0.0016992491582641378,73,1.4869144589174539,2.8584657955444653e-05,15,99.85,0.016576712414622306,-1.0
0.09293221663392615,0.0027598735614446923,74,1.5313224259298295,2.367688940315011e-05,15,99.95,0.01238330252468586,-1.0
0.09150366757239681,0.0023470508749596775,75,1.5019076690077782,1.951128620040094e-05,15,99.95000004768372,0.01268868188560009,-1.0
0.09257068447186612,0.002421064898953773,76,1.5201550698839128,1.6094271405406862e-05,15,100.0,0.01077195055782795,-1.0
0.09303393417212646,0.0019221666298108175,77,1.519584794063121,1.3431113807311488e-05,15,99.95,0.012538625594228506,-1.0
0.09259635761554819,0.002477205329341814,78,1.5214718801435083,1.1525919802101659e-05,15,100.0,0.011602391734719277,-1.0
0.09133550852129702,0.002328260918147862,79,1.4988907061051577,1.0381627060842164e-05,15,100.0,0.011584633871912955,-1.0
0.09272791266266722,0.0022422398906201124,80,1.5198057359084487,1e-05,15,100.0,0.010714018158614636,-1.0
0.0944088564172168,0.011354065938469242,1,1.7982754379045218,0.000999618372939158,16,18.095238105172204,2.2610611956460134,-1.0
0.0908040907644831,0.0020824458230944243,2,1.5794389629736543,0.0009984740801978985,16,21.714285776728676,2.0478828947884695,-1.0
0.09151280345395207,0.0020331095575409778,3,1.5905446668621153,0.0009965688861926887,16,24.476190510250273,1.9375285414287022,-1.0
0.09189879387507544,0.00261030053062474,4,1.6069084350019693,0.0009939057285945933,16,24.714285708609083,1.9021828778584797,-1.0
0.09073167347677928,0.0027780467507374637,5,1.5899099609814584,0.0009904887137995992,16,27.904761967204866,1.8553428436460948,-1.0
0.09075579833348885,0.0027632433784139506,6,1.5900723119266331,0.00098632311059685,16,28.238095272155036,1.8298369201024374,-1.0
0.08771656938445042,0.00237636109266211,7,1.5318371639586985,0.0009814153420445555,16,29.333333339009965,1.7888864562624978,-1.0
0.09918187829830191,0.0020524955847684074,8,1.7212352820206434,0.0009757729755661012,16,31.85714291958582,1.7438593830381122,-1.0
0.09987779561539784,0.002838105387876139,9,1.7464100269135088,0.0009694047112816298,16,32.61904764743078,1.7059982168106806,-1.0
0.10051641455741928,0.002390011268503526,10,1.7496637508738786,0.0009623203685930871,16,35.71428574266888,1.6880462782723562,-1.0
0.09907137855942197,0.0027166882612030298,11,1.7306465099100024,0.0009545308710434153,16,35.809523866290135,1.6517061928340366,-1.0
0.05935243040542392,0.0026903041117988967,12,1.05497259600088,0.0009460482294732422,16,36.19047618479956,1.6412185521352858,-1.0
0.07356773464776137,0.0025122476440361317,13,1.2936440650373697,0.0009368855235010348,16,36.619047675813945,1.5997622160684495,-1.0
0.07390062278136611,0.0025550631039282855,14,1.3000127389095724,0.0009270568813552758,16,39.38095240365891,1.5705353521165393,-1.0
0.09870391949901686,0.0015473937451401178,15,1.7045258849393576,0.0009165774580897602,16,42.666666717756364,1.5006939683641707,-1.0
0.09863761891884838,0.0015568736639312085,16,1.7035820379387587,0.0009054634122155992,16,43.428571439924696,1.4494305565243675,-1.0
0.09957104618661106,0.001875840634217157,17,1.724865198135376,0.0008937318807859689,16,44.42857146830786,1.4176897673379807,-1.0
0.0658302290693802,0.001570298569276929,18,1.1460495898500085,0.0008814009529720156,16,45.571428611165004,1.3939653955187117,-1.0
0.06856182019007118,0.0022480915136197034,19,1.2040286189876497,0.0008684896421706646,16,46.14285722233,1.391157138234093,-1.0
0.0698059326147332,0.0023435234393486206,20,1.2267676030751318,0.0008550178566873412,16,47.857142908232554,1.3549134324845813,-1.0
0.08870270694879924,0.0015378976514672533,21,1.5343193418812007,0.0008410063690388064,16,49.904761904761905,1.2956265910466511,-1.0
0.09147043624783263,0.0031647997606983956,22,1.609046484110877,0.0008264767839234412,16,52.90476194449833,1.2405281296230497,-1.0
0.09131701101603754,0.001596209524637636,23,1.5797611030284315,0.000811451504908368,16,52.28571438789368,1.2052085479100545,-1.0
0.09164724016890806,0.0024216790163122557,24,1.599420168902725,0.0007959536998847743,16,55.61904774393354,1.1698285761333647,-1.0
0.09151521099128705,0.002222870955901111,25,1.5938944430090487,0.0007800072653447032,16,56.8095239117032,1.1355195233935402,-1.0
0.09324246529928025,0.003040146644172423,26,1.6370633512269706,0.0007636367895343947,16,58.857142959322246,1.0942514950888498,-1.0
0.09082684897379402,0.0017028390292954795,27,1.5732456760015339,0.0007468675145409928,16,59.80952388899667,1.0417730231512161,-1.0
0.09142681463238071,0.0021158768932389863,28,1.5904688108712435,0.0007297252973710758,16,61.285714308420815,1.034058897722335,-1.0
0.0918328359394389,0.0025510541163384914,29,1.6047646978404373,0.0007122365700810271,16,61.238095294861566,1.010502650851295,-1.0
0.09150197291198899,0.0016088892623563023,30,1.583119718823582,0.0006944282990207196,16,63.952381043207076,0.9321621547426496,-1.0
0.09193564981550854,0.0015695026582654785,31,1.5898206220008433,0.0006763279432533592,16,66.09523811794463,0.8644994794754755,-1.0
0.09096219575525645,0.0026054962483399056,32,1.5908820710610598,0.0006579634122155992,16,68.0476191611517,0.8337252402305603,-1.0
0.09197323774809346,0.003338320427300299,33,1.6205322130117565,0.000639363022683212,16,71.23809523809524,0.7535171951566424,-1.0
0.09115133798845551,0.0017946958952747723,34,1.5803716210648417,0.0006205554551086735,16,72.19047625859578,0.7550383360045296,-1.0
0.0917373798404108,0.002544013865511207,35,1.6030935980379581,0.0006015697093979838,16,73.28571435383388,0.702021274339585,-1.0
0.09194980841130018,0.00209661470452214,36,1.59909482114017,0.0005824350601949146,16,74.00000011353265,0.6827983398664565,-1.0
0.0924379330347566,0.0032234707272008937,37,1.6265391169581562,0.0005631810117416299,16,76.90476192746844,0.6265724215053377,-1.0
0.09256017612129011,0.0018411009325919783,38,1.6051175729371607,0.0005438372523852835,16,79.619047721227,0.5438829578672136,-1.0
0.09215562437277507,0.0028765971553238,39,1.6158814469818026,0.0005244336088007391,16,79.619047721227,0.5382742319220588,-1.0
0.09230196881381904,0.0016038906486595377,40,1.596741562942043,0.0005050000000000001,16,82.5714286622547,0.49686599010512944,-1.0
0.09109826210667105,0.0028193024233640995,41,1.596832948969677,0.0004855663911992613,16,83.90476204100109,0.43519045415378754,-1.0
0.09158972028971595,0.001668024465770406,42,1.585624675033614,0.00046616274761471693,16,85.42857149669102,0.40726028249377294,-1.0
0.09061101547387593,0.0023579474072903395,43,1.5807388278190047,0.00044681898825837057,16,85.19047628130231,0.3968066067922683,-1.0
0.09210536942598135,0.0027477735215250183,44,1.6127428889740258,0.000427564939805086,16,85.66666679155259,0.3708446956816174,-1.0
0.09144062706378892,0.0027409855906358536,45,1.6013243410270661,0.00040843029060201667,16,87.71428581646511,0.35220403239840553,-1.0
0.09154402775525608,0.0025890667731051937,46,1.6005466829519719,0.000389444544891327,16,88.47619063513619,0.32822966493311384,-1.0
0.09094216296558871,0.0018224359818679444,47,1.5773040601052344,0.0003706369773167883,16,91.19047628130231,0.26028207952067967,-1.0
0.09173084510599866,0.0021657752530539736,48,1.596477007959038,0.0003520365877844012,16,93.00000009082612,0.21211271007855734,-1.0
0.09054562682285905,0.0024042996468351167,49,1.5803829000797123,0.0003336720567466412,16,94.33333349227905,0.17947432086581275,-1.0
0.0908687102389248,0.0032539186341797605,50,1.6003174199722707,0.0003155717009792807,16,94.80952388899667,0.1562620245558875,-1.0
0.0921432823079693,0.0027179612148114864,51,1.612893336918205,0.00029776342991897335,16,96.09523820877075,0.13665040643442244,-1.0
0.09075368936721455,0.0020264239351758186,52,1.5775050800293684,0.00028027470262892445,16,95.95238099779401,0.13906659543514252,-1.0
0.09132638950284351,0.002569450736593674,53,1.5965289939194918,0.0002631324854590073,16,95.52380960328239,0.1262149974561873,-1.0
0.09158751468502861,0.002793181619113859,54,1.6047159128356725,0.0002463632104656054,16,95.95238104320708,0.12373387092635744,-1.0
0.09220368598642595,0.001676551189602298,55,1.5962111719418317,0.0002299927346552969,16,96.19047634942191,0.11824013338202521,-1.0
0.0907569841536529,0.002431036493576625,56,1.584438682999462,0.00021404630011522587,16,96.95238103185382,0.10233532932542619,-1.0
0.09204089388196521,0.0017583839978803607,57,1.5948529918678105,0.00019854849509163232,16,97.47619055566334,0.08386463598126456,-1.0
0.09140312129302937,0.0016500051133334637,58,1.5821405239403248,0.00018352321607655918,16,98.0952380952381,0.07530769528377623,-1.0
0.0899814608205548,0.00262572753297932,59,1.5745562438387424,0.00016899363096119395,16,98.76190476190476,0.05795731344393321,-1.0
0.09082287559559678,0.0030223737635156687,60,1.5956143059302121,0.000154982143312659,16,98.85714285714286,0.04742748044785999,-1.0
0.09051694612785735,0.0030324401690022033,61,1.5905773430131376,0.0001415103578293356,16,99.28571428571429,0.03921566299739338,-1.0
0.09185357727384304,0.0016883766032097971,62,1.5904578319750726,0.0001285990470279847,16,99.47619047619048,0.03470788236530054,-1.0
0.08975252489942838,0.0029192722183378306,63,1.5756735301110893,0.0001162681192140312,16,99.57142868496123,0.02917943639414651,-1.0
0.09092624526580467,0.0022395998513435617,64,1.5840600579977036,0.00010453658778440107,16,99.66666678019932,0.02585029696424802,-1.0
0.0902620585197035,0.0020417567780789208,65,1.5693940329365432,9.342254191024022e-05,16,99.52380952380952,0.028749521062487647,-1.0
0.09067104826681316,0.0026644892059266567,66,1.5869389991275966,8.294311864472437e-05,16,99.76190487543742,0.025384352065268016,-1.0
0.09157894366859075,0.002075676094083225,67,1.5923618860542774,7.311447649896551e-05,16,99.85714285714286,0.020423773321367446,-1.0
0.09076893124181558,0.0016989748760619585,68,1.5721983399707824,6.395177052675794e-05,16,99.76190487543742,0.021986257419699715,-1.0
0.09096267864601139,0.0018010318881886847,69,1.5772262441460043,5.546912895658472e-05,16,99.9047619047619,0.02036347419733093,-1.0
0.09060048969352946,0.0017194803667199962,70,1.5696721689309925,4.767963140691306e-05,16,99.85714285714286,0.021766292566344853,-1.0
0.0913337028640158,0.0024021304869914755,71,1.5937434970401227,4.059528871837034e-05,16,99.76190476190476,0.018927692891586394,-1.0
0.09120869573534411,0.0024219432653968826,72,1.5919582291971892,3.4227024433899e-05,16,99.85714297067551,0.017329652869985217,-1.0
0.0908445321050856,0.002514258725568652,73,1.5873320519458503,2.8584657955444653e-05,16,99.95238095238095,0.016822752957010554,-1.0
0.09054292823352358,0.0023731547681724325,74,1.5798063699621707,2.367688940315011e-05,16,99.85714285714286,0.01508444271272137,-1.0
0.09068180691889104,0.002643658423467594,75,1.5867593500297517,1.951128620040094e-05,16,99.9047619047619,0.01858860311941022,-1.0
0.09176858906250666,0.001748859170166885,76,1.5900300699286163,1.6094271405406862e-05,16,99.85714285714286,0.017848100268415042,-1.0
0.09093792640658863,0.0025510266560184605,77,1.589543289039284,1.3431113807311488e-05,16,99.95238095238095,0.013755120610197385,-1.0
0.09153979726354866,0.002346465254531187,78,1.5962992429267615,1.1525919802101659e-05,16,99.95238095238095,0.014554035551846027,-1.0
0.09202811138375717,0.001850046614623245,79,1.596225341083482,1.0381627060842164e-05,16,99.95238095238095,0.014384125478210903,-1.0
0.09214352557490416,0.002815896480837289,80,1.6146063590422273,1e-05,16,99.85714285714286,0.01709067868689696,-1.0
0.09472674287907365,0.009907508230147263,1,1.8837024290114641,0.000999618372939158,17,17.409090914509513,2.2855239044536244,-1.0
0.09083433021118657,0.0018688161702205737,2,1.6689381070900708,0.0009984740801978985,17,21.136363637718286,2.063332185745239,-1.0
0.09143907310337657,0.0017240993393999007,3,1.6772001888602972,0.0009965688861926887,17,24.636363647200845,1.982619739445773,-1.0
0.09016957075800747,0.0017118164105340838,4,1.6541401308495551,0.0009939057285945933,17,25.95454547621987,1.9140347012606533,-1.0
0.09049556114607388,0.0015911770234298375,5,1.6578837200067937,0.0009904887137995992,17,28.272727283564482,1.8693638749556107,-1.0
0.0863047797465697,0.0021760345359022417,6,1.592881637159735,0.00098632311059685,17,28.045454556291755,1.8600805659727617,-1.0
0.09370311400076996,0.0015139553902877702,7,1.7141376838553697,0.0009814153420445555,17,30.772727272727273,1.790730805830522,-1.0
0.0975252299879988,0.001872971899703973,8,1.7894382090307772,0.0009757729755661012,17,31.227272727272727,1.760064835548401,-1.0
0.09949913579556677,0.0018423491985433632,9,1.8243914369959384,0.0009694047112816298,17,32.0,1.7706737453287298,-1.0
0.09958536994074368,0.0019340261092616452,10,1.8276196639053524,0.0009623203685930871,17,35.5,1.6890703790838069,-1.0
0.0873994038362677,0.0027100381105103427,11,1.6221988578327,0.0009545308710434153,17,36.63636365803805,1.6370337187160144,-1.0
0.06922383945331806,0.0025624081026762724,12,1.2923893311526626,0.0009460482294732422,17,36.90909091992812,1.6505036787553267,-1.0
0.07037008981893046,0.002261993798634244,13,1.3076163029763848,0.0009368855235010348,17,37.13636365803805,1.6339394443685358,-1.0
0.09676917276293454,0.0015799186270063121,14,1.7705394481308758,0.0009270568813552758,17,38.40909090909091,1.569123029275374,-1.0
0.0968831066145665,0.0021349111080376636,15,1.782561024883762,0.0009165774580897602,17,42.59090909090909,1.5157352581891146,-1.0
0.09222604783200142,0.001913781329575512,16,1.6947455580811948,0.0009054634122155992,17,42.5909091017463,1.4889483646913009,-1.0
0.0655650472941084,0.0015718760356927912,17,1.2087146849371493,0.0008937318807859689,17,44.27272728356448,1.4557551856474442,-1.0
0.060006831720885306,0.0015809178843887316,18,1.108806342817843,0.0008814009529720156,17,42.59090911258351,1.4420396627079357,-1.0
0.09166226572253638,0.002098232326615188,19,1.6879912191070616,0.0008684896421706646,17,45.95454545454545,1.4134723034772005,-1.0
0.089447252995645,0.0016284363292571572,20,1.6396303190849721,0.0008550178566873412,17,44.81818183985624,1.367423005104065,-1.0
0.08988678826588309,0.0017360576764783925,21,1.649449594784528,0.0008410063690388064,17,49.45454545454545,1.3367565636201337,-1.0
0.08941364324548179,0.0024412376418088875,22,1.6536320820450783,0.0008264767839234412,17,50.59090909090909,1.2756701387058604,-1.0
0.09064902727388674,0.0017756803944292995,23,1.6638905957806855,0.000811451504908368,17,50.68181819265539,1.2750192260742188,-1.0
0.08986121679966648,0.0024160369195871884,24,1.6612513170111924,0.0007959536998847743,17,53.09090909090909,1.2452794859626077,-1.0
0.0903212974468867,0.002354558052805563,25,1.6684029249008745,0.0007800072653447032,17,54.31818181818182,1.1877437725934115,-1.0
0.09105335641652346,0.0014716306339121526,26,1.6656957459636033,0.0007636367895343947,17,55.95454549789429,1.1390288472175598,-1.0
0.09006023210369879,0.0018491537387793262,27,1.6546120198909193,0.0007468675145409928,17,58.22727272727273,1.0899233384565874,-1.0
0.0909192056602074,0.002113466564979818,28,1.6748308129608631,0.0007297252973710758,17,58.81818181818182,1.0608597213571722,-1.0
0.09002116923996557,0.0024397402561994064,29,1.6645322050899267,0.0007122365700810271,17,61.5,0.9985566000504927,-1.0
0.09066545985276914,0.0019841078642962705,30,1.6679269201122224,0.0006944282990207196,17,61.68181818181818,0.9798732720721852,-1.0
0.0902630055271503,0.002504892750746674,31,1.6701059138868004,0.0006763279432533592,17,66.31818183985624,0.890858192877336,-1.0
0.08992739602561212,0.0024145303630373543,32,1.6624435880221426,0.0006579634122155992,17,64.1818182034926,0.9020027110793374,-1.0
0.09086532378569245,0.00209732449406551,33,1.6736203879117966,0.000639363022683212,17,68.8636364069852,0.8373377193104137,-1.0
0.09199739370443341,0.002906587013664345,34,1.7085096600931138,0.0006205554551086735,17,71.40909095243974,0.7650965153087269,-1.0
0.09100379488275696,0.0026567169568604892,35,1.6861192679498345,0.0006015697093979838,17,70.81818181818181,0.7458608692342584,-1.0
0.09093626448884606,0.002191956064456867,36,1.6765585748944432,0.0005824350601949146,17,72.6818182034926,0.7143135263703086,-1.0
0.09077194719834046,0.0017817827433140741,37,1.6662546501029283,0.0005631810117416299,17,74.8636364069852,0.7072073104164817,-1.0
0.09068799223233429,0.0018148607729623716,38,1.6652928558178246,0.0005438372523852835,17,75.36363638531078,0.6524675033309243,-1.0
0.09075705829956052,0.0016309730967299806,39,1.6632331470027566,0.0005244336088007391,17,77.13636365803805,0.6119428183815696,-1.0
0.09034676799395432,0.0027911622310057282,40,1.6767291931901127,0.0005050000000000001,17,74.4090909090909,0.6551533438942649,-1.0
0.09036400134209543,0.001477799378335476,41,1.653399113100022,0.0004855663911992613,17,79.81818183985624,0.5757787236300381,-1.0
0.09083775132118414,0.0015465618990775612,42,1.6631474629975855,0.00046616274761471693,17,80.36363636363636,0.5110175696286288,-1.0
0.08949532750476566,0.002964707376021478,43,1.6645056158304214,0.00044681898825837057,17,83.77272727272727,0.4468779581243342,-1.0
0.09084340633772728,0.001785744770636989,44,1.667560923146084,0.000427564939805086,17,84.45454549789429,0.4156836197592995,-1.0
0.09125131478584889,0.0014945761585194203,45,1.6696675790008157,0.00040843029060201667,17,86.81818183985624,0.36236227707429364,-1.0
0.09062588490390529,0.0015078817571823795,46,1.6586614798288792,0.000389444544891327,17,88.31818183985624,0.33155525825240395,-1.0
0.09065337847763051,0.0015374035186444719,47,1.6596713019534945,0.0003706369773167883,17,88.63636363636364,0.2990394844792106,-1.0
0.0910842205501265,0.001504110004235473,48,1.666827186010778,0.0003520365877844012,17,89.95454547621988,0.2935377426580949,-1.0
0.09054745195640458,0.0020619862609439427,49,1.6671981511171907,0.0003336720567466412,17,89.27272727272727,0.32084518714384597,-1.0
0.09123498811903927,0.0014580736040241188,50,1.6687034640926868,0.0003155717009792807,17,88.45454545454545,0.29824834845282816,-1.0
0.09112083023258795,0.0019605050458469326,51,1.675695471931249,0.00029776342991897335,17,88.72727272727273,0.30172818617387254,-1.0
0.09092625001600634,0.0015825714864250687,52,1.6653948810417205,0.00028027470262892445,17,91.72727274894714,0.2474994551593607,-1.0
0.09152086613337612,0.0014578406440301074,53,1.6739214488770813,0.0002631324854590073,17,95.04545456712896,0.16156212936748157,-1.0
0.09046218262260987,0.0015621381009825403,54,1.6566989340353757,0.0002463632104656054,17,95.27272727272727,0.15405398693951694,-1.0
0.0905470513842172,0.0024112791159293717,55,1.6735397439915687,0.0002299927346552969,17,95.68181818181819,0.1475801544026895,-1.0
0.09048560986088382,0.0019893633046497903,56,1.6648351240437478,0.00021404630011522587,17,97.09090913425793,0.11686322358521548,-1.0
0.09132404922921625,0.0015060766600072384,57,1.6712299170903862,0.00019854849509163232,17,96.54545454545455,0.11739135319536383,-1.0
0.09113327537973721,0.001507356943976548,58,1.6678257931489497,0.00018352321607655918,17,96.86363636363636,0.11329587123610757,-1.0
0.09073098077593993,0.0018330789429859982,59,1.666460514999926,0.00016899363096119395,17,97.31818183985624,0.09307613708756186,-1.0
0.09052510979947531,0.001532721591906415,60,1.6572692170739174,0.000154982143312659,17,97.27272729440169,0.10269150511784987,-1.0
0.09049300536409849,0.0021945012914430764,61,1.6686125060077757,0.0001415103578293356,17,98.00000002167441,0.08185129463672638,-1.0
0.091057440576454,0.0022220866521820426,62,1.6792649999260902,0.0001285990470279847,17,98.50000004334883,0.06950252251191573,-1.0
0.09052839144391732,0.0016120238902254237,63,1.6588170111645013,0.0001162681192140312,17,98.27272729440169,0.07109094988216054,-1.0
0.09049095486342493,0.0019624517557935584,64,1.6644028220325708,0.00010453658778440107,17,98.31818183985624,0.06709875041788274,-1.0
0.09086405550543633,0.0019076280425199205,65,1.6701300430577248,9.342254191024022e-05,17,98.0909090909091,0.07286475360393524,-1.0
0.09118243709154841,0.0016890231312976943,66,1.671976309036836,8.294311864472437e-05,17,98.90909095243974,0.06003792161291296,-1.0
0.09077408317373031,0.0015604349448242122,67,1.662307976046577,7.311447649896551e-05,17,98.86363636363636,0.04786112980409102,-1.0
0.09089786862023175,0.0014475218356690472,68,1.6624575769528747,6.395177052675794e-05,17,99.1818182034926,0.047379289973865854,-1.0
0.0900795720000234,0.0015325637844701607,69,1.649266465101391,5.546912895658472e-05,17,99.31818181818181,0.04390061042525552,-1.0
0.0884158148870079,0.0015464384988364247,70,1.619611436035484,4.767963140691306e-05,17,99.50000004334883,0.03764549924568696,-1.0
0.09093005442991853,0.0019628335075039,71,1.672367125051096,4.059528871837034e-05,17,99.3636364069852,0.03676378683610396,-1.0
0.09002787372769995,0.0015516812111147577,72,1.6486692659091204,3.4227024433899e-05,17,99.72727277062155,0.03304929332299666,-1.0
0.09044636082318094,0.0014886846248474386,73,1.6550714690238237,2.8584657955444653e-05,17,99.72727277062155,0.029200845740058205,-1.0
0.09066593603024052,0.001433068407802946,74,1.658026376971975,2.367688940315011e-05,17,99.5909091125835,0.030708167932250282,-1.0
0.09156036710677047,0.0016676816157996655,75,1.6783419118728489,1.951128620040094e-05,17,99.68181822516702,0.03321321113543077,-1.0
0.09085564522279634,0.001517192214830882,76,1.6629414400085807,1.6094271405406862e-05,17,99.54545454545455,0.03301955182443966,-1.0
0.0910566863991941,0.002469029432783524,77,1.683705948991701,1.3431113807311488e-05,17,99.54545454545455,0.03206773182207888,-1.0
0.0920595920825791,0.002431269088346097,78,1.7010733778588474,1.1525919802101659e-05,17,99.63636365803805,0.029273837208747863,-1.0
0.09010748625991659,0.0026914416812360287,79,1.6706112290266901,1.0381627060842164e-05,17,99.68181818181819,0.02998144655065103,-1.0
0.09024739265441895,0.0025028411894001895,80,1.6697332609910518,1e-05,17,99.81818181818181,0.026805106238885358,-1.0
0.09711611305829138,0.012253164055032862,1,1.968939176062122,0.000999618372939158,18,16.260869492655214,2.240156381026558,-1.0
0.09353043519270916,0.0017585778065646689,2,1.7155510070733726,0.0009984740801978985,18,24.34782600921133,1.9902010602536409,-1.0
0.09349173725220478,0.0015300545815585388,3,1.7106599549297243,0.0009965688861926887,18,24.739130393318508,1.9558881419637928,-1.0
0.09286296998875009,0.0015585932414978743,4,1.6998580631334335,0.0009939057285945933,18,26.130434704863507,1.9023831068951151,-1.0
0.09326847259783083,0.002751649240963161,5,1.7286170141305774,0.0009904887137995992,18,27.782608638639037,1.8600135597975358,-1.0
0.08523424979971929,0.001753426855430007,6,1.566020003054291,0.00098632311059685,18,29.956521656202234,1.8141427297177521,-1.0
0.09546208360956775,0.002533297946987053,7,1.764157148078084,0.0009814153420445555,18,31.3478261180546,1.7837817231468533,-1.0
0.10030263896462405,0.0024845999820778766,8,1.8504236000590026,0.0009757729755661012,18,31.956521604372107,1.7538515837296196,-1.0
0.10161036208996342,0.0016445070763842927,9,1.8589342241175473,0.0009694047112816298,18,34.30434781053792,1.6916160801182623,-1.0
0.10258793842513114,0.0016931520852570732,10,1.8774187869857997,0.0009623203685930871,18,34.43478251540142,1.6810418840076613,-1.0
0.08613623399287462,0.001618991010925836,11,1.5798557221423835,0.0009545308710434153,18,33.7391304295996,1.659955536800882,-1.0
0.07957647888300319,0.002124101402134531,12,1.470915081910789,0.0009460482294732422,18,36.043478162392326,1.6131022413917209,-1.0
0.07712134530043437,0.0019805195301564205,13,1.4241113730240613,0.0009368855235010348,18,39.73913037258646,1.5691269420540852,-1.0
0.100262541608471,0.001547977341235512,14,1.8328389239031821,0.0009270568813552758,18,41.65217392340951,1.520539813456328,-1.0
0.10240487511166269,0.00211066455166373,15,1.881532303057611,0.0009165774580897602,18,41.34782598847928,1.5026469452484794,-1.0
0.07345713826362044,0.0017613109537503785,16,1.354180607944727,0.0009054634122155992,18,43.39130420270173,1.4291056958488797,-1.0
0.0704985593393859,0.0016179734375327826,17,1.298336218111217,0.0008937318807859689,18,45.60869554333065,1.413808858912924,-1.0
0.07874707489584883,0.0015203498252150086,18,1.4450675749685615,0.0008814009529720156,18,45.56521731874217,1.3961557112569394,-1.0
0.09142877226178017,0.0030341626326036123,19,1.7005965830758214,0.0008684896421706646,18,48.52173888165018,1.3356378629933232,-1.0
0.09344591124035004,0.002726770588196814,20,1.7313556028530002,0.0008550178566873412,18,50.04347805354906,1.2783704484027365,-1.0
0.09273119044438419,0.002449493945783211,21,1.7135105261113495,0.0008410063690388064,18,52.95652149034583,1.2395940144165702,-1.0
0.09232394732276185,0.002483855907080902,22,1.706786666996777,0.0008264767839234412,18,50.34782600402832,1.2578764144234036,-1.0
0.09455844476663817,0.0017675726752107341,23,1.7341264500282705,0.000811451504908368,18,55.34782604549242,1.1777619372243466,-1.0
0.09380055610866596,0.0015497355618410641,24,1.716571819037199,0.0007959536998847743,18,56.65217394414155,1.1350019896548726,-1.0
0.09373362125673641,0.002324817740979294,25,1.729292192030698,0.0007800072653447032,18,57.60869556924571,1.1186765185646388,-1.0
0.09365323185920715,0.002659354643482301,26,1.733875999925658,0.0007636367895343947,18,61.17391299164814,1.0356018800320832,-1.0
0.0935407214694553,0.00245052269504716,27,1.7280871919356287,0.0007468675145409928,18,62.52173913043478,0.9942860501745473,-1.0
0.09438646874494022,0.0028361447621136904,28,1.7502648388035595,0.0007297252973710758,18,61.304347846819006,0.9659583683635877,-1.0
0.09422863827138725,0.0017013189046540195,29,1.7269983671139926,0.0007122365700810271,18,64.65217385084733,0.9269630352310513,-1.0
0.09431415924336761,0.0017717243689629766,30,1.7298027989454567,0.0006944282990207196,18,65.65217393377553,0.8888760628907577,-1.0
0.09447579264330368,0.0017083586943853232,31,1.731562684988603,0.0006763279432533592,18,68.78260867492013,0.8221995660533076,-1.0
0.09422895704240848,0.0017329560618640648,32,1.7275657320860773,0.0006579634122155992,18,71.52173902677453,0.7682661562380584,-1.0
0.09440744110745275,0.0015285274583018487,33,1.727190488949418,0.000639363022683212,18,73.39130420270173,0.7215715845771458,-1.0
0.09423910012830877,0.0016421229940735632,34,1.726100203115493,0.0006205554551086735,18,74.21739119032155,0.6841330616370491,-1.0
0.09372081681309889,0.0015806700749736694,35,1.7157145959790796,0.0006015697093979838,18,73.5652171217877,0.6745634416911913,-1.0
0.09434362398719208,0.0019342072256323365,36,1.7332714770454913,0.0005824350601949146,18,76.95652149034584,0.6152151084982831,-1.0
0.09331520804617968,0.0016335411152491968,37,1.7094590570777655,0.0005631810117416299,18,78.34782600402832,0.5762745374181997,-1.0
0.09385501594644868,0.0020695506051803627,38,1.7268778821453452,0.0005438372523852835,18,80.4782608591992,0.5237118957353675,-1.0
0.09433611922173037,0.0017168708792370227,39,1.7291959740687162,0.0005244336088007391,18,81.8695651344631,0.5046977447426837,-1.0
0.09399325589442419,0.001762642719162007,40,1.723846074892208,0.0005050000000000001,18,82.65217366425887,0.45913414343543674,-1.0
0.09477759406177534,0.0015476205541441839,41,1.7341187689453363,0.0004855663911992613,18,82.86956512409708,0.44155585216439286,-1.0
0.0931397289969027,0.001543194003817108,42,1.704546193825081,0.00046616274761471693,18,85.86956512409708,0.3899964629567188,-1.0
0.094009587696443,0.0019603591903837193,43,1.7276968809310347,0.00044681898825837057,18,88.3043477224267,0.32686069234557774,-1.0
0.09490762081825072,0.0017490691841683453,44,1.7400783959310502,0.000427564939805086,18,88.82608689432558,0.3065453693141108,-1.0
0.09365812471757333,0.0019327666765699785,45,1.720949935959652,0.00040843029060201667,18,90.52173890238222,0.2790745317417642,-1.0
0.0937338263158583,0.0018814248420918982,46,1.7213723978493363,0.000389444544891327,18,91.91304345752881,0.23649511819300445,-1.0
0.0940204098329155,0.001885719442119201,47,1.7265947728883475,0.0003706369773167883,18,93.6956518629323,0.19070651007735212,-1.0
0.09382545517291874,0.002136585548416608,48,1.7275595660321414,0.0003520365877844012,18,93.69565210135087,0.18559581235699033,-1.0
0.09428615826699469,0.002336171403941181,49,1.739487170940265,0.0003336720567466412,18,93.56521727727807,0.18992491146792537,-1.0
0.09369513742987895,0.001562628131877217,50,1.7149392389692366,0.0003155717009792807,18,95.26086925423664,0.1522794728434604,-1.0
0.09389880422451016,0.0015473024428097738,51,1.7183280470781028,0.00029776342991897335,18,95.95652151107788,0.13965452689191568,-1.0
0.09421377955004573,0.0018902169023123053,52,1.730111945886165,0.00028027470262892445,18,96.43478241174117,0.12745593415654224,-1.0
0.09384527057409286,0.0016339922504913476,53,1.718867831863463,0.0002631324854590073,18,97.5217388920162,0.09151163353868152,-1.0
0.09371863009356377,0.0017217104064507617,54,1.7181671720463783,0.0002463632104656054,18,96.86956510336503,0.09960149939941323,-1.0
0.0940632397800477,0.0017070863266578978,55,1.7241302870679647,0.0002299927346552969,18,97.39130419233571,0.08636770070894904,-1.0
0.0935914611004086,0.0016691554467090303,56,1.714938088087365,0.00021404630011522587,18,98.30434767059658,0.07069756200780039,-1.0
0.09364007873874572,0.002012964713180231,57,1.7219951529987156,0.00019854849509163232,18,98.95652145924775,0.05296258496849433,-1.0
0.09435309685714957,0.0017623640338165893,58,1.7303251561243087,0.00018352321607655918,18,99.04347798098688,0.04688880200619283,-1.0
0.09371038393065748,0.0017693034606054425,59,1.7188944439403713,0.00016899363096119395,18,98.91304319837819,0.0450019598979017,-1.0
0.09354601865116921,0.001737730008446508,60,1.7153739461209625,0.000154982143312659,18,99.34782580707385,0.03559017654346383,-1.0
0.09465549698668635,0.002863303564178447,61,1.755585540086031,0.0001415103578293356,18,99.78260869565217,0.027736302546184997,-1.0
0.09446500109819074,0.0017182744082270397,62,1.7315951630007476,0.0001285990470279847,18,99.73913043478261,0.024845237505176792,-1.0
0.09363078606677139,0.0015581286020783915,63,1.7137021848466247,0.0001162681192140312,18,99.60869537229124,0.02530655093167139,-1.0
0.09343869090338962,0.0016411591010789077,64,1.711735777091235,0.00010453658778440107,18,99.69565189403036,0.022875673586259717,-1.0
0.09387826775976767,0.001749606790124542,65,1.721555592957884,9.342254191024022e-05,18,99.69565217391305,0.02521867827228878,-1.0
0.09391794779286203,0.0014758586443753706,66,1.7173483360093087,8.294311864472437e-05,18,99.82608695652173,0.02009986034877922,-1.0
0.09345188529955016,0.002732763532549143,67,1.7315759069751948,7.311447649896551e-05,18,99.8695652173913,0.017911020339183185,-1.0
0.09340845080765171,0.002105680798801283,68,1.7194982438813895,6.395177052675794e-05,18,99.78260841576949,0.01894371377385181,-1.0
0.09321344725321978,0.0024903529685818488,69,1.7229236159473658,5.546912895658472e-05,18,99.82608695652173,0.01667098740034777,-1.0
0.09384036391404355,0.002423593528672225,70,1.7330099721439183,4.767963140691306e-05,18,99.82608695652173,0.017325650069700636,-1.0
0.09373448957275185,0.001955898155251311,71,1.7226870490703732,4.059528871837034e-05,18,99.82608695652173,0.017401614997373974,-1.0
0.09426165354024205,0.0015280090220686463,72,1.7244584939908236,3.4227024433899e-05,18,99.91304347826087,0.017222076829360878,-1.0
0.0937523851947238,0.0015104343700740072,73,1.7149780220352113,2.8584657955444653e-05,18,99.95652173913044,0.016239109577044195,-1.0
0.09395001200027764,0.002430435774537424,74,1.735104904975742,2.367688940315011e-05,18,99.78260869565217,0.017408910882861717,-1.0
0.0933117697843247,0.002076724104376303,75,1.7172825131565332,1.951128620040094e-05,18,99.91304347826087,0.014385891807791979,-1.0
0.09386758541222662,0.0015872260943676035,76,1.7184528759680688,1.6094271405406862e-05,18,99.91304347826087,0.013783522144607875,-1.0
0.09375408128835261,0.001800162536609504,77,1.7202390120364726,1.3431113807311488e-05,18,99.8695652173913,0.01642320280003807,-1.0
0.09432262663419048,0.0019957495258293217,78,1.7339873451273888,1.1525919802101659e-05,18,99.91304319837819,0.01379216969985029,-1.0
0.09406829432636085,0.0017054026118583148,79,1.7241684671025723,1.0381627060842164e-05,18,99.8695652173913,0.014349911864037099,-1.0
0.09401129774697539,0.0017308023654752308,80,1.7236050418578088,1e-05,18,99.82608695652173,0.014975102027149304,-1.0
0.0945726310050017,0.0096526613557025,1,1.980604711221531,0.000999618372939158,19,18.25,2.255376025835673,-1.0
0.0925434393269059,0.0015406246713705752,2,1.7879381359089166,0.0009984740801978985,19,21.666666666666668,2.0400273609161377,-1.0
0.09469382988141947,0.0016150736421542732,3,1.8301447499543428,0.0009965688861926887,19,24.208333412806194,1.942396697998047,-1.0
0.09288678736131835,0.0023867685813456774,4,1.8105313840787858,0.0009939057285945933,19,27.25000003973643,1.8723685709635416,-1.0
0.09334572076209281,0.0016032961368756858,5,1.80429815989919,0.0009904887137995992,19,28.708333333333332,1.8254395564397177,-1.0
0.09400196491103423,0.0018506587826107677,6,1.8214428438805044,0.00098632311059685,19,30.666666706403095,1.8108539056777955,-1.0
0.10004054582187612,0.0026739358558858697,7,1.9518431751057506,0.0009814153420445555,19,30.00000007947286,1.8020074971516926,-1.0
0.10200609883146458,0.0014857610099409755,8,1.9666059678420424,0.0009757729755661012,19,34.58333337306976,1.6976403570175171,-1.0
0.10155972568808418,0.002014831725606009,9,1.9681744070257992,0.0009694047112816298,19,34.25000003973643,1.697393126487732,-1.0
0.07839010745335959,0.0017076392265919008,10,1.522107451921329,0.0009623203685930871,19,36.125,1.6515451415379843,-1.0
0.0785008130448037,0.002550342426586308,11,1.540287156123668,0.0009545308710434153,19,38.58333337306976,1.6244269005457561,-1.0
0.07761866128758381,0.0015000100370104377,12,1.5035089971497655,0.0009460482294732422,19,39.625,1.5651530313491822,-1.0
0.10048770679062918,0.0014875333658174465,13,1.937791866948828,0.0009368855235010348,19,40.166666666666664,1.5305916293462118,-1.0
0.10153882652766218,0.0014970821058867794,14,1.9579369069542736,0.0009270568813552758,19,41.875,1.5026080131530761,-1.0
0.07473678154086597,0.0014735213480889797,15,1.4482883729506284,0.0009165774580897602,19,42.958333333333336,1.4777327108383178,-1.0
0.06981663800481903,0.0014112192622729037,16,1.3535578199662268,0.0009054634122155992,19,45.58333337306976,1.4130550638834636,-1.0
0.08013752689830174,0.001876116521950615,17,1.558496680809185,0.0008937318807859689,19,46.041666666666664,1.3943675295511881,-1.0
0.09164398314284258,0.0019094702224002073,18,1.7777560241520405,0.0008814009529720156,19,49.7916667064031,1.3148449007670084,-1.0
0.09349069401229683,0.0015085207322906506,19,1.805230166995898,0.0008684896421706646,19,48.958333333333336,1.318446725209554,-1.0
0.09231469646635417,0.001665619581839756,20,1.7859402359463274,0.0008550178566873412,19,51.75000007947286,1.2620481824874878,-1.0
0.09356654179282486,0.0021396908467929614,21,1.8186860010027885,0.0008410063690388064,19,51.54166682561239,1.2399252271652221,-1.0
0.09245368527052433,0.002554614415490314,22,1.8054672179277986,0.0008264767839234412,19,56.6666667064031,1.137628246943156,-1.0
0.09277288583842547,0.0020223945795901513,23,1.801351309986785,0.000811451504908368,19,56.95833349227905,1.125792021751404,-1.0
0.09278570537112261,0.0019216532083718401,24,1.799740363843739,0.0007959536998847743,19,59.291666666666664,1.0708113924662273,-1.0
0.09312446523261697,0.0015787433489764992,25,1.7996510681696236,0.0007800072653447032,19,60.166666666666664,1.0260178422927857,-1.0
0.09379932917899599,0.0015387076051219513,26,1.8117291268426925,0.0007636367895343947,19,60.375,1.0232777460416158,-1.0
0.09436298860237002,0.0016221473924815655,27,1.823964221868664,0.0007468675145409928,19,65.95833349227905,0.9227907045682271,-1.0
0.0932935900299957,0.0020023308032633444,28,1.8108583188150078,0.0007297252973710758,19,67.5833334128062,0.8681271195411682,-1.0
0.09321627707073563,0.0014473861941185437,29,1.798851704923436,0.0007122365700810271,19,67.66666666666667,0.8524217311541239,-1.0
0.0934568441497456,0.001667432009095424,30,1.8075967989861965,0.0006944282990207196,19,69.45833333333333,0.8333452932039896,-1.0
0.09384671414859201,0.0023967697971353404,31,1.8289307008963078,0.0006763279432533592,19,69.58333333333333,0.7959113113085429,-1.0
0.09365561095948674,0.0015878409980551193,32,1.8098894620779902,0.0006579634122155992,19,71.87500015894572,0.729417803287506,-1.0
0.09332468205033556,0.0014556857977846736,33,1.8010669690556824,0.000639363022683212,19,74.54166674613953,0.6688148554166158,-1.0
0.09354166717170492,0.0014101128265457718,34,1.8043361569289118,0.0006205554551086735,19,75.3333334128062,0.6410709849993388,-1.0
0.09382617496885359,0.0026935489823747623,35,1.8341172179207206,0.0006015697093979838,19,76.25000007947285,0.6161474633216858,-1.0
0.09316216823399852,0.0016120665608660171,36,1.80095071089454,0.0005824350601949146,19,78.08333349227905,0.5793231137593587,-1.0
0.09317144140061971,0.0017917022280591098,37,1.8045425519812852,0.0005631810117416299,19,79.83333349227905,0.5384772523244222,-1.0
0.0934918264270221,0.0022745904096059108,38,1.8198060961440206,0.0005438372523852835,19,82.16666666666667,0.47750804185867307,-1.0
0.09345175162889063,0.002995329994806334,39,1.8327431539073586,0.0005244336088007391,19,84.3333334128062,0.4460597848892212,-1.0
0.09316250148817505,0.0016268609385741385,40,1.8012412898242474,0.0005050000000000001,19,85.75000015894572,0.4051483416557312,-1.0
0.09198396364962191,0.0030419216123654656,41,1.8057408130262047,0.0004855663911992613,19,87.08333333333333,0.3629078956445058,-1.0
0.09353115682882306,0.0027366558604530597,42,1.829332988942042,0.00046616274761471693,19,88.3333334128062,0.32996917724609376,-1.0
0.09315743381892772,0.0023535261371810186,43,1.8149535269476473,0.00044681898825837057,19,86.875,0.35238182067871093,-1.0
0.09387708706536184,0.0015482545193088683,44,1.813380307983607,0.000427564939805086,19,89.25000007947285,0.29485588947931923,-1.0
0.09278935363124076,0.001448279001603001,45,1.7913000960834324,0.00040843029060201667,19,91.79166666666667,0.2443078327178955,-1.0
0.0913537648678022,0.0020442118770197817,46,1.7748653430026025,0.000389444544891327,19,93.16666674613953,0.20534379522005716,-1.0
0.09313494709663485,0.0023972243805857082,47,1.8153707468882203,0.0003706369773167883,19,92.91666682561238,0.20312716722488403,-1.0
0.09329863032326102,0.0013931184688484983,48,1.7994066718965769,0.0003520365877844012,19,94.41666682561238,0.16261150221029919,-1.0
0.09347210188494309,0.0019506470692393027,49,1.8132959560025483,0.0003336720567466412,19,95.33333333333333,0.133241492609183,-1.0
0.09353085142854405,0.0016196974749235731,50,1.808117032982409,0.0003155717009792807,19,96.79166674613953,0.11230812311172485,-1.0
0.09382046531199624,0.001526863632821723,51,1.8118515980895609,0.00029776342991897335,19,96.91666666666667,0.10300889680782954,-1.0
0.09353696458090685,0.001900076094132505,52,1.813570813043043,0.00028027470262892445,19,96.95833349227905,0.10493362804253896,-1.0
0.0929250099794253,0.0016778879186236544,53,1.7977127658668905,0.0002631324854590073,19,97.54166674613953,0.08694950362046559,-1.0
0.09331220357776865,0.0014077438972890377,54,1.7999363569542766,0.0002463632104656054,19,97.75,0.08218850076198578,-1.0
0.09324714530406422,0.0015307436329557707,55,1.8010273911058903,0.0002299927346552969,19,98.83333333333333,0.05679872905214627,-1.0
0.09373931818347621,0.0017160549759864807,56,1.813908735057339,0.00021404630011522587,19,98.75000015894572,0.0551707482834657,-1.0
0.09228337128450603,0.001496437495868457,57,1.7820709880907089,0.00019854849509163232,19,99.00000015894572,0.048832132865985235,-1.0
0.09374332149807167,0.0018027279231893388,58,1.8156310128979385,0.00018352321607655918,19,99.00000015894572,0.04254461700717608,-1.0
0.09344175886852961,0.0014963030300446246,59,1.8040748231578618,0.00016899363096119395,19,99.54166666666667,0.03124905366450548,-1.0
0.09285296788929324,0.0014553222143532413,60,1.7921060239896178,0.000154982143312659,19,99.54166682561238,0.03216715450088183,-1.0
0.09278191679990605,0.0025143717709732684,61,1.8108733689878136,0.0001415103578293356,19,99.62500007947285,0.029143059601386388,-1.0
0.09273099559849422,0.002391395453167589,62,1.8075685249641538,0.0001285990470279847,19,99.45833333333333,0.028654428695638976,-1.0
0.09293894977063726,0.0016240997999710472,63,1.7969928639940917,0.0001162681192140312,19,99.66666666666667,0.023958956276377043,-1.0
0.0921000309999248,0.0013980762665405085,64,1.776765980059281,0.00010453658778440107,19,99.7083334128062,0.019770010461409887,-1.0
0.09563872509783036,0.0023870833683758974,65,1.8627829689066857,9.342254191024022e-05,19,99.70833349227905,0.020777788211901984,-1.0
0.09386190955870245,0.0025530478696485885,66,1.8321722529362887,8.294311864472437e-05,19,99.66666682561238,0.020845766464869183,-1.0
0.09404038874383427,0.0014916380475226202,67,1.8154075779020786,7.311447649896551e-05,19,99.875,0.01796700621644656,-1.0
0.09432269001722728,0.0015923432932284317,68,1.8226824279408902,6.395177052675794e-05,19,99.875,0.0152884512146314,-1.0
0.0929054829880203,0.0013859028021167767,69,1.7918460951186717,5.546912895658472e-05,19,99.95833333333333,0.013526356754203637,-1.0
0.09326356160454452,0.0021042551869820607,70,1.8123107319697738,4.767963140691306e-05,19,99.79166666666667,0.015128940480450789,-1.0
0.09319446118254411,0.001541397448531107,71,1.8003200020175427,4.059528871837034e-05,19,99.83333349227905,0.014898674239714941,-1.0
0.09286942031528604,0.0018441780029158843,72,1.8003327089827508,3.4227024433899e-05,19,99.83333333333333,0.01196077740440766,-1.0
0.09238218101917912,0.0019348735038779285,73,1.7922763440292329,2.8584657955444653e-05,19,99.875,0.012752427843709786,-1.0
0.09184316790809757,0.002390171621779078,74,1.7906936511863023,2.367688940315011e-05,19,99.91666666666667,0.013506727206210295,-1.0
0.09366559400223196,0.0021822471661787283,75,1.821398715954274,1.951128620040094e-05,19,99.875,0.01338344268500805,-1.0
0.0927552985958755,0.001837240201175997,76,1.7975139000918716,1.6094271405406862e-05,19,99.95833333333333,0.012416824301083883,-1.0
0.09387583308853209,0.00213043059614536,77,1.8243844078388065,1.3431113807311488e-05,19,99.91666666666667,0.012985467128455639,-1.0
0.09334667247573011,0.002305119947873448,78,1.8176538799889386,1.1525919802101659e-05,19,99.95833349227905,0.012560948307315509,-1.0
0.0940154910969891,0.001490463220857476,79,1.8149069719947875,1.0381627060842164e-05,19,99.91666666666667,0.011204992942512036,-1.0
0.0948441251132049,0.0025200550444424152,80,1.850222596898675,1e-05,19,100.0,0.0100643240660429,-1.0
0.09554397469619288,0.010449844563845545,1,2.120155043900013,0.000999618372939158,20,17.44,2.251901315307617,-1.0
0.09253263524733484,0.001332856307271868,2,1.8777409079484642,0.0009984740801978985,20,21.12000001192093,2.046294728088379,-1.0
0.09268858986906707,0.0018366248346865176,3,1.8908099718391895,0.0009965688861926887,20,24.96000001192093,1.9489487785339354,-1.0
0.09255280399229378,0.001405716361477971,4,1.8794423539657146,0.0009939057285945933,20,26.520000011920928,1.920433546447754,-1.0
0.08292599431006238,0.0014675725367851555,5,1.6881490419618785,0.0009904887137995992,20,27.800000002384184,1.8733632822036743,-1.0
0.09912383172195405,0.0017324563348665833,6,2.017472370993346,0.00098632311059685,20,28.319999990463256,1.8287482915878297,-1.0
0.1012917141080834,0.002420378290116787,7,2.0744758781511337,0.0009814153420445555,20,30.119999985694886,1.7845992687225343,-1.0
0.10200155929196626,0.001330023747868836,8,2.0668793718796223,0.0009757729755661012,20,32.48000002861023,1.7568013168334962,-1.0
0.10218808125937358,0.002514959534164518,9,2.094319764059037,0.0009694047112816298,20,34.04000002861023,1.6900410144805909,-1.0
0.0534029963426292,0.0013085454003885389,10,1.0949958509299904,0.0009623203685930871,20,32.80000002384186,1.7287956535339355,-1.0
0.07641317076049745,0.0013506596442312002,11,1.5555179298389703,0.0009545308710434153,20,37.20000001430512,1.6285002447128296,-1.0
0.08283835118636489,0.00165402686689049,12,1.6901238448917866,0.0009460482294732422,20,36.63999998092651,1.6458288093566895,-1.0
0.09858923613792285,0.0015617700642906128,13,2.0032919510267675,0.0009368855235010348,20,35.88000002384186,1.6198343519210816,-1.0
0.10077841721940786,0.0017975029768422246,14,2.051791114034131,0.0009270568813552758,20,38.880000019073485,1.5704991449356078,-1.0
0.06710680753458291,0.0013502736575901509,15,1.3693712789099663,0.0009165774580897602,20,39.07999999046326,1.537148767852783,-1.0
0.06884066701168194,0.0014867225894704462,16,1.4067863200325519,0.0009054634122155992,20,42.6,1.4567143508911133,-1.0
0.08961966781644151,0.0023109071888029577,17,1.838851320091635,0.0008937318807859689,20,44.7999999666214,1.4246086008071899,-1.0
0.09152635504724457,0.0013243107474409043,18,1.8572486389894038,0.0008814009529720156,20,45.35999997615814,1.3859180656433105,-1.0
0.09132993373787031,0.0018449464114382863,19,1.8637449638918042,0.0008684896421706646,20,48.000000004768374,1.3354791822433472,-1.0
0.09108404061989858,0.0024071875843219457,20,1.870065184077248,0.0008550178566873412,20,50.880000076293946,1.2598358837127686,-1.0
0.09347095483681186,0.001352747215423733,21,1.8967174449935555,0.0008410063690388064,20,50.079999952316285,1.2895436170578003,-1.0
0.09358849324053153,0.001354176562745124,22,1.8991533659864217,0.0008264767839234412,20,50.84000004291534,1.256510687637329,-1.0
0.09232052508741617,0.0021484051132574676,23,1.8896810971200466,0.000811451504908368,20,52.76,1.2133538339614869,-1.0
0.09259826277848333,0.0015738981193862856,24,1.8836992520373315,0.0007959536998847743,20,55.55999995231628,1.135216830444336,-1.0
0.09230745628010481,0.0020292331697419285,25,1.8869797468651086,0.0007800072653447032,20,57.71999999046326,1.0847275163650512,-1.0
0.09259640094824136,0.0017132478998973966,26,1.8864355410914868,0.0007636367895343947,20,59.44000007629395,1.040667618370056,-1.0
0.09307257131440565,0.0014114738325588406,27,1.8899288950487971,0.0007468675145409928,20,59.59999997138977,1.026692524623871,-1.0
0.09265321928542107,0.0016292151645757257,28,1.8858968608547002,0.0007297252973710758,20,63.12,0.9535697774887085,-1.0
0.091724409814924,0.0016884604352526366,29,1.8685007698368281,0.0007122365700810271,20,65.00000008583069,0.9157177231788636,-1.0
0.0924942796700634,0.0015383132849819958,30,1.8808945219498128,0.0006944282990207196,20,66.44000001907348,0.8832884886741638,-1.0
0.0929024787270464,0.0014439509715884924,31,1.8871705669444054,0.0006763279432533592,20,68.36000002861023,0.8521820322036743,-1.0
0.09286273097386584,0.001543338573537767,32,1.888362852158025,0.0006579634122155992,20,69.0799999332428,0.8014657913208008,-1.0
0.09109694132348523,0.0014721727697178722,33,1.8516292609274387,0.000639363022683212,20,73.11999994277954,0.7098065943717956,-1.0
0.09144487023586408,0.0014029624173417688,34,1.8571960430126637,0.0006205554551086735,20,74.27999996185302,0.6682927537918091,-1.0
0.09298871088540181,0.0015028406167402863,35,1.8900828980840743,0.0006015697093979838,20,74.27999997138977,0.6631004688262939,-1.0
0.09209282358642668,0.0014185013598762453,36,1.8704837642144412,0.0005824350601949146,20,76.40000002861024,0.6407764692306519,-1.0
0.09262376570841298,0.0015668806969188153,37,1.8840534591581672,0.0005631810117416299,20,78.15999996185303,0.5760662717819214,-1.0
0.09290389943635091,0.0018756589619442821,38,1.8958390101324767,0.0005438372523852835,20,80.24000002861023,0.5319014074325562,-1.0
0.09140127805294469,0.0015645907493308186,39,1.8595680720172822,0.0005244336088007391,20,81.11999994277954,0.4950621520042419,-1.0
0.09245532215572894,0.001529871695674956,40,1.8799425240140408,0.0005050000000000001,20,81.8800000667572,0.4701914837360382,-1.0
0.0930156563874334,0.0015241656103171409,41,1.8910507608670741,0.0004855663911992613,20,84.36000005722046,0.4299117558002472,-1.0
0.09334142790175974,0.0015421912539750338,42,1.8979100291617215,0.00046616274761471693,20,86.84000001907349,0.36679725379943845,-1.0
0.09327589038293808,0.0024842953658662736,43,1.9154492530506104,0.00044681898825837057,20,89.24000002861023,0.3108811150074005,-1.0
0.09273819592781365,0.0019987433217465876,44,1.89497938612476,0.000427564939805086,20,89.56000004768372,0.29355273892879485,-1.0
0.09332695340272039,0.0026472379453480245,45,1.9197380878031254,0.00040843029060201667,20,90.43999998092652,0.26601974806785583,-1.0
0.09270525386091322,0.0029694421449676157,46,1.913780327886343,0.000389444544891327,20,92.11999997138977,0.22688425750732422,-1.0
0.09270594229456038,0.002522538451012224,47,1.9048669100739062,0.0003706369773167883,20,93.04000004768372,0.20718403840065003,-1.0
0.09243614091537893,0.0014227692852728068,48,1.8774689200799912,0.0003520365877844012,20,91.6799999332428,0.22781979739665986,-1.0
0.09251404483802617,0.002259936707559973,49,1.895725357811898,0.0003336720567466412,20,93.95999998092651,0.17856616897583008,-1.0
0.09286988808307797,0.0018205076106823982,50,1.894048674032092,0.0003155717009792807,20,94.2399999332428,0.17831900146007537,-1.0
0.092474755004514,0.0016847354942001402,51,1.8834348269738257,0.00029776342991897335,20,94.44000000953675,0.16167052330970763,-1.0
0.09271973316790535,0.001396916527301073,52,1.882575447903946,0.00028027470262892445,20,95.31999996185303,0.1391902502655983,-1.0
0.09329832143848762,0.0014171256101690234,53,1.8946042840834707,0.0002631324854590073,20,96.19999997138977,0.1174965003490448,-1.0
0.09273560661822558,0.0015577458310872317,54,1.8861541589722037,0.0002463632104656054,20,97.36000000953675,0.0932661642074585,-1.0
0.09275716537376866,0.0015751599799841642,55,1.8869351791217923,0.0002299927346552969,20,98.16,0.07648840207457543,-1.0
0.0933101383736357,0.001493498682975769,56,1.8963668730575591,0.00021404630011522587,20,98.43999996185303,0.0647600425183773,-1.0
0.09284763315226882,0.0013568033464252949,57,1.8843737980350852,0.00019854849509163232,20,98.43999996185303,0.0563638104557991,-1.0
0.09305661177495494,0.0015722237760201097,58,1.892875277902931,0.00018352321607655918,20,98.96000004768372,0.04608849180936813,-1.0
0.0910296211950481,0.0015229678130708635,59,1.851290908176452,0.00016899363096119395,20,99.23999996185303,0.04355805572867393,-1.0
0.09202931631589309,0.001453655876684934,60,1.8698997739702463,0.000154982143312659,20,99.24,0.03838136559724808,-1.0
0.09189138209912925,0.002534991852007806,61,1.8887670880649239,0.0001415103578293356,20,99.47999996185303,0.03263356537818909,-1.0
0.0926291995565407,0.0015850545023567975,62,1.8845243589021266,0.0001285990470279847,20,99.56,0.03229282341003418,-1.0
0.09319032992934809,0.0013729906757362186,63,1.8915105778723955,0.0001162681192140312,20,99.72,0.026671092334389686,-1.0
0.09351313223596662,0.0014142063097096979,64,1.8988386278506368,0.00010453658778440107,20,99.6,0.02447634415477514,-1.0
0.09284861193737015,0.0014267625636421144,65,1.8857519258745015,9.342254191024022e-05,20,99.88,0.01931328025460243,-1.0
0.09318187766475602,0.0013638679403811694,66,1.8911534289363772,8.294311864472437e-05,20,99.76,0.020462728495895862,-1.0
0.09301794511266052,0.0013315493357367813,67,1.8872409148607403,7.311447649896551e-05,20,99.75999996185303,0.02058852385878563,-1.0
0.09146155747584998,0.0013334478833712637,68,1.8561532460153103,6.395177052675794e-05,20,99.8,0.01873309251368046,-1.0
0.09182320488616824,0.0026730384095571937,69,1.8901736380066723,5.546912895658472e-05,20,99.68,0.020608097465336324,-1.0
0.09212606385117397,0.0014518261537887155,70,1.8718051200266927,4.767963140691306e-05,20,99.88,0.01732360159754753,-1.0
0.09294049426680431,0.001454820134676993,71,1.888149281963706,4.059528871837034e-05,20,99.96,0.014893602246046066,-1.0
0.09312034918693826,0.001386033114977181,72,1.8903722430113703,3.4227024433899e-05,20,99.92,0.013676958402991294,-1.0
0.09252751027233899,0.0017164587276056408,73,1.8851316289510578,2.8584657955444653e-05,20,99.92,0.013388068479299546,-1.0
0.09189680241979659,0.001543288875836879,74,1.8690523109398782,2.367688940315011e-05,20,99.92,0.012592808136343956,-1.0
0.09312787143280729,0.0014284095144830645,75,1.8913696850650012,1.951128620040094e-05,20,99.92,0.012809368133544921,-1.0
0.09304775114869698,0.0014259655494242907,76,1.88972350792028,1.6094271405406862e-05,20,99.87999996185303,0.013426333570480347,-1.0
0.09297784792724997,0.0016976886661723256,77,1.8937646120321006,1.3431113807311488e-05,20,99.92,0.013408234092593193,-1.0
0.0933528990484774,0.0013464933028444648,78,1.8942427681759,1.1525919802101659e-05,20,99.8,0.014272726401686668,-1.0
0.09213552598375827,0.00261364986654371,79,1.895230557071045,1.0381627060842164e-05,20,99.84,0.01407188274860382,-1.0
0.09259859541198238,0.0016768038854934274,80,1.8857519619632512,1e-05,20,99.92,0.01276210562288761,-1.0
