avg_batch_time_sec,avg_data_time_sec,epoch,epoch_time_sec,lr,round,train_acc,train_loss,val_acc
0.2019833519589156,0.04067880130605772,1,0.9708046959713101,0.000999618372939158,0,8.800000035762787,5.363750728607178,-1.0
0.03427824378013611,0.007712679973337799,2,0.16809054417535663,0.0009984740801978985,0,8.400000035762787,5.462314418792724,-1.0
0.03444416227284819,0.014162315463181585,3,0.19455752917565405,0.0009965688861926887,0,12.799999928474426,3.0660230464935303,-1.0
0.03433372697327286,0.014520756725687534,4,0.19552759802900255,0.0009939057285945933,0,11.799999904632568,2.449453638076782,-1.0
0.03401082649361342,0.015545967500656843,5,0.19833800103515387,0.0009904887137995992,0,18.400000047683715,2.190071273803711,-1.0
0.03448342072078958,0.016087429248727858,6,0.20239570806734264,0.00098632311059685,0,23.799999833106995,2.113701671600342,-1.0
0.03433813079027459,0.01344881672412157,7,0.1912518150638789,0.0009814153420445555,0,23.20000002384186,2.1100162143707277,-1.0
0.03434450313216075,0.009580832906067371,8,0.17581994086503983,0.0009757729755661012,0,24.2,2.065665050506592,-1.0
0.034082468249835074,0.009459985245484859,9,0.1742800089996308,0.0009694047112816298,0,25.399999976158142,2.036447772979736,-1.0
0.008486434060614556,0.008894429192878306,10,0.06962279207073152,0.0009623203685930871,0,27.4,1.9905952224731445,-1.0
0.008421154227107763,0.0063997015240602195,11,0.059394147945567966,0.0009545308710434153,0,28.000000190734863,1.939763680458069,-1.0
0.017210711317602545,0.007803688466083258,12,0.10017827921546996,0.0009460482294732422,0,29.200000214576722,1.931303479194641,-1.0
0.03429824172053486,0.006170904031023383,13,0.16198992216959596,0.0009368855235010348,0,28.600000190734864,1.9339187107086182,-1.0
0.03453406895278022,0.012446169799659401,14,0.18803417403250933,0.0009270568813552758,0,30.200000095367432,1.8957756462097168,-1.0
0.03420087823178619,0.009344737511128187,15,0.17429030407220125,0.0009165774580897602,0,31.400000190734865,1.876576647758484,-1.0
0.03409338014898822,0.013173614803235978,16,0.1891763519961387,0.0009054634122155992,0,32.199999713897704,1.8470934944152833,-1.0
0.03431035194080323,0.014028368284925818,17,0.19346552598290145,0.0008937318807859689,0,29.800000166893007,1.843465703010559,-1.0
0.03419205284444615,0.01382205169647932,18,0.1921656420454383,0.0008814009529720156,0,31.599999761581422,1.8344741249084473,-1.0
0.03420723503222689,0.009613684960640967,19,0.1753929229453206,0.0008684896421706646,0,33.400000190734865,1.796033200263977,-1.0
0.03425199235789478,0.01217568787978962,20,0.18582638399675488,0.0008550178566873412,0,32.80000016689301,1.7984692487716676,-1.0
0.034106972569134086,0.011871215188875794,21,0.18402651092037559,0.0008410063690388064,0,35.600000166893004,1.7642180099487306,-1.0
0.034179178590420634,0.012106401671189815,22,0.1852559200488031,0.0008264767839234412,0,33.000000143051146,1.7657558488845826,-1.0
0.03453058091690764,0.009800223866477609,23,0.17747363494709134,0.000811451504908368,0,36.200000166893005,1.7374297008514403,-1.0
0.012966412992682308,0.00620048854034394,24,0.07680296804755926,0.0007959536998847743,0,34.39999988079071,1.7058471155166626,-1.0
0.008552057028282434,0.005936023488175124,25,0.05806761491112411,0.0007800072653447032,0,37.399999904632566,1.7221298837661743,-1.0
0.008245766977779567,0.006523061019834131,26,0.05918950214982033,0.0007636367895343947,0,38.00000028610229,1.6401818370819092,-1.0
0.034072756418026984,0.006514287844765931,27,0.16246819705702364,0.0007468675145409928,0,35.599999856948855,1.6761298751831055,-1.0
0.03425374673679471,0.008539644302800298,28,0.17128263809718192,0.0007297252973710758,0,39.20000011920929,1.6218566932678222,-1.0
0.034357990662101656,0.006546358345076442,29,0.16372364503331482,0.0007122365700810271,0,41.59999988079071,1.6062290725708008,-1.0
0.03445426456164569,0.006403842649888247,30,0.16354002989828587,0.0006944282990207196,0,40.79999985694885,1.5785472145080566,-1.0
0.034422702447045594,0.011985203309450299,31,0.18574076611548662,0.0006763279432533592,0,44.19999983310699,1.5754096155166626,-1.0
0.03440407931338996,0.0075745207141153514,32,0.1680225320160389,0.0006579634122155992,0,45.00000011920929,1.5425559787750245,-1.0
0.03440358123043552,0.01332637103041634,33,0.19104093103669584,0.000639363022683212,0,44.20000009536743,1.538431948661804,-1.0
0.034423230681568384,0.009327521780505776,34,0.17514605401083827,0.0006205554551086735,0,42.199999284744266,1.5579818115234374,-1.0
0.034549935488030314,0.01338911202037707,35,0.19190572295337915,0.0006015697093979838,0,44.999999690055844,1.5152033758163452,-1.0
0.03445546922739595,0.013183594797737896,36,0.19070155313238502,0.0005824350601949146,0,44.80000004768372,1.4864893436431885,-1.0
0.03432722721481696,0.013202202506363392,37,0.19025887991301715,0.0005631810117416299,0,41.000000143051146,1.5196922540664672,-1.0
0.03360305924434215,0.01316267903894186,38,0.1871856760699302,0.0005438372523852835,0,43.79999985694885,1.4605913801193238,-1.0
0.010635389713570476,0.013624950312077999,39,0.09719314705580473,0.0005244336088007391,0,49.400000071525575,1.4243907594680787,-1.0
0.022183193766977638,0.013600065489299595,40,0.14330699713900685,0.0005050000000000001,0,44.20000007152557,1.4835606870651246,-1.0
0.034064549196045846,0.0097266387892887,41,0.1752748261205852,0.0004855663911992613,0,49.79999976158142,1.4002215490341186,-1.0
0.03401881898753345,0.009560161735862494,42,0.17443464091047645,0.00046616274761471693,0,46.199999642372134,1.4062216262817382,-1.0
0.03408918855711818,0.012929349963087589,43,0.1881950448732823,0.00044681898825837057,0,46.79999978542328,1.3895455198287965,-1.0
0.03464120900025591,0.012457501725293696,44,0.18850968591868877,0.000427564939805086,0,50.99999976158142,1.3617980852127076,-1.0
0.03430309129180387,0.013373966969083995,45,0.19082392589189112,0.00040843029060201667,0,51.5999997138977,1.3439714651107788,-1.0
0.034056174277793616,0.012688407208770514,46,0.18709749402478337,0.000389444544891327,0,50.99999928474426,1.350869472503662,-1.0
0.034438721020706,0.013556740712374449,47,0.19209108082577586,0.0003706369773167883,0,53.000000429153445,1.2943012037277222,-1.0
0.03443924995372072,0.006543431023601443,48,0.1640532179735601,0.0003520365877844012,0,49.00000007152558,1.3010331296920776,-1.0
0.03426069248234853,0.006357606267556548,49,0.16258525289595127,0.0003336720567466412,0,53.20000009536743,1.295426173210144,-1.0
0.03415236301952973,0.0062311195069924,50,0.16163928783498704,0.0003155717009792807,0,50.199999761581424,1.287368459701538,-1.0
0.034302866319194436,0.006291246449109167,51,0.16249402589164674,0.00029776342991897335,0,53.199999523162845,1.280606336593628,-1.0
0.024177120241802186,0.0062439789762720466,52,0.12178735109046102,0.00028027470262892445,0,51.400000429153444,1.285309266090393,-1.0
0.008845368516631424,0.010108091228175908,53,0.07591927703469992,0.0002631324854590073,0,55.800000238418576,1.2046878700256347,-1.0
0.00831649242900312,0.006394326046574861,54,0.058955783024430275,0.0002463632104656054,0,53.5999997138977,1.28290678024292,-1.0
0.03389470826368779,0.0060092799831181765,55,0.15973053476773202,0.0002299927346552969,0,50.400000190734865,1.279188349723816,-1.0
0.034405328740831465,0.01099950447678566,56,0.18173180101439357,0.00021404630011522587,0,55.39999947547913,1.221926336288452,-1.0
0.03428104054182768,0.005926892219576985,57,0.16096188500523567,0.00019854849509163232,0,56.000000381469725,1.1855522804260255,-1.0
0.034408408508170396,0.006389969494193792,58,0.16331984102725983,0.00018352321607655918,0,57.99999995231629,1.1943767385482789,-1.0
0.03413491923129186,0.006260741734877229,59,0.16169133596122265,0.00016899363096119395,0,55.199999523162845,1.2098243398666382,-1.0
0.0342262935009785,0.006295017490629107,60,0.16219546901993454,0.000154982143312659,0,57.000000190734866,1.209698718070984,-1.0
0.034129316569305956,0.009641280688811094,61,0.1751974809449166,0.0001415103578293356,0,58.799999475479126,1.1650449838638306,-1.0
0.03390295268036425,0.0063041060348041356,62,0.16094112396240234,0.0001285990470279847,0,58.99999966621399,1.1751244621276855,-1.0
0.03392839536536485,0.006414003379177302,63,0.16148093109950423,0.0001162681192140312,0,58.59999990463257,1.1626522941589355,-1.0
0.03420898545300588,0.006934002798516303,64,0.16469255299307406,0.00010453658778440107,0,57.000000619888304,1.1834690046310425,-1.0
0.0346558362361975,0.01310194528196007,65,0.19114790111780167,9.342254191024022e-05,0,60.399999904632566,1.1264516553878785,-1.0
0.03414798923768103,0.012621810019481927,66,0.18718786002136767,8.294311864472437e-05,0,56.20000014305115,1.169666250228882,-1.0
0.027606913703493774,0.006377933779731393,67,0.13604379701428115,7.311447649896551e-05,0,57.39999976158142,1.1585371265411377,-1.0
0.00905527698341757,0.013105520978569984,68,0.08875178406015038,6.395177052675794e-05,0,60.20000014305115,1.1518942384719848,-1.0
0.008580164052546024,0.006371139199472964,69,0.059916859958320856,5.546912895658472e-05,0,59.59999966621399,1.144818208694458,-1.0
0.0334543795324862,0.006040797452442348,70,0.15809214510954916,4.767963140691306e-05,0,59.400000143051145,1.1171819076538085,-1.0
0.03394964005565271,0.009248909482266754,71,0.17291229497641325,4.059528871837034e-05,0,57.19999942779541,1.1457361669540405,-1.0
0.03421672951662913,0.007930340245366096,72,0.16870385105721653,3.4227024433899e-05,0,56.99999966621399,1.151369535446167,-1.0
0.034289292991161346,0.012827637779992074,73,0.18857736699283123,2.8584657955444653e-05,0,60.19999966621399,1.1272125339508057,-1.0
0.034064604493323714,0.013936303032096475,74,0.19211590802296996,2.367688940315011e-05,0,58.799999952316284,1.0803017959594727,-1.0
0.03447218338260427,0.014062264352105558,75,0.19424619292840362,1.951128620040094e-05,0,61.400000143051145,1.083190626144409,-1.0
0.03448095207568258,0.014350409677717835,76,0.19543504202738404,1.6094271405406862e-05,0,58.99999966621399,1.1480872831344604,-1.0
0.03397061675786972,0.010322892223484814,77,0.17728708498179913,1.3431113807311488e-05,0,59.80000009536743,1.1194837102890014,-1.0
0.03433332627173513,0.014224388753063977,78,0.19435006892308593,1.1525919802101659e-05,0,60.60000057220459,1.0983244495391846,-1.0
0.03414313221583143,0.006423406535759568,79,0.16237794305197895,1.0381627060842164e-05,0,60.000000143051146,1.1187600402832032,-1.0
0.0340323960990645,0.013346128107514232,80,0.18962598405778408,1e-05,0,60.000000143051146,1.1219938735961914,-1.0
0.03924686117097735,0.02874559541232884,1,0.34011364984326065,0.000999618372939158,1,9.83333338300387,4.304776833852132,-1.0
0.022618019208312034,0.00523819038644433,2,0.13939480809494853,0.0009984740801978985,1,14.500000099341074,4.107878128687541,-1.0
0.009965604590252041,0.010888130590319633,3,0.10439942101947963,0.0009965688861926887,1,17.50000003973643,2.9532277965545655,-1.0
0.03351684538647533,0.00486957523971796,4,0.19204626395367086,0.0009939057285945933,1,14.666666716337204,2.377084773381551,-1.0
0.03398329699411988,0.005076147988438607,5,0.19542227196507156,0.0009904887137995992,1,20.0,2.144527193705241,-1.0
0.03398717502132058,0.008623906597495078,6,0.21317052002996206,0.00098632311059685,1,22.833333611488342,2.117060340245565,-1.0
0.0341803478077054,0.008506657229736448,7,0.21357887098565698,0.0009814153420445555,1,24.000000099341076,2.0431620343526204,-1.0
0.03409624374471605,0.011541547253727913,8,0.22830293606966734,0.0009757729755661012,1,26.16666676600774,2.0237009557088217,-1.0
0.033992294175550344,0.010862081637606024,9,0.2243748928885907,0.0009694047112816298,1,26.166666666666668,1.971337890625,-1.0
0.03396524959243834,0.014850992010906339,10,0.24420012603513896,0.0009623203685930871,1,28.50000011920929,1.9519992923736573,-1.0
0.0341835402417928,0.00809641215018928,11,0.21150852390564978,0.0009545308710434153,1,30.666666865348816,1.9121721426645915,-1.0
0.03415056695230305,0.010747315641492606,12,0.22460918291471899,0.0009460482294732422,1,29.166666587193806,1.887117207845052,-1.0
0.03403294123709202,0.005874313553795219,13,0.19964361400343478,0.0009368855235010348,1,31.166666626930237,1.8543257570266725,-1.0
0.026364403078332543,0.005001103738322854,14,0.15693217003718019,0.0009270568813552758,1,33.50000007947286,1.8274793990453084,-1.0
0.026785414619371294,0.005448598740622401,15,0.16127493302337825,0.0009165774580897602,1,31.166666944821674,1.8175141350428263,-1.0
0.02655670465901494,0.005062086740508676,16,0.15820228005759418,0.0009054634122155992,1,34.66666706403097,1.807060138384501,-1.0
0.027773648034781218,0.010069966968148946,17,0.1893342591356486,0.0008937318807859689,1,33.666666746139526,1.7626189136505126,-1.0
0.02783853323198855,0.010409570578485728,18,0.1913501131348312,0.0008814009529720156,1,34.33333337306976,1.7414726686477662,-1.0
0.026973723946139217,0.008367429254576564,19,0.17681012186221778,0.0008684896421706646,1,36.00000031789144,1.741883447964986,-1.0
0.028805739432573318,0.008638332365080714,20,0.18732187012210488,0.0008550178566873412,1,35.83333349227905,1.701699398358663,-1.0
0.026933554001152514,0.009833879815414549,21,0.1839409649837762,0.0008410063690388064,1,35.1666667064031,1.6887196175257364,-1.0
0.027685568435117602,0.009772750595584512,22,0.18739361688494682,0.0008264767839234412,1,36.66666658719381,1.6578595479329428,-1.0
0.027348906826227905,0.005281012551859021,23,0.16325435298494995,0.000811451504908368,1,36.83333349227905,1.6600537649790446,-1.0
0.027941605355590583,0.009908064641058445,24,0.18935131398029625,0.0007959536998847743,1,39.66666694482168,1.6105022700627645,-1.0
0.02644358961842954,0.007554491376504302,25,0.17009689402766526,0.0007800072653447032,1,37.83333373069763,1.5838178730010986,-1.0
0.02576473602093756,0.011527362419292331,26,0.18656776286661625,0.0007636367895343947,1,41.50000019868215,1.6024606831868489,-1.0
0.02583464509807527,0.012200236134231091,27,0.19028104399330914,0.0007468675145409928,1,41.166666865348816,1.5628581190109252,-1.0
0.028452545031905176,0.011802069004625082,28,0.20138112315908074,0.0007297252973710758,1,43.16666650772095,1.513806505203247,-1.0
0.027510508755221964,0.005093782255426049,29,0.16312910593114793,0.0007122365700810271,1,46.16666702429453,1.5060598262151081,-1.0
0.02786589595489204,0.011684987833723426,30,0.19786239112727344,0.0006944282990207196,1,41.16666694482168,1.4949581321080525,-1.0
0.028290470968931912,0.011940249428153037,31,0.20125873805955052,0.0006763279432533592,1,46.16666702429453,1.4393070967992148,-1.0
0.027488667983561754,0.011625014198943972,32,0.19567510089837015,0.0006579634122155992,1,44.00000031789144,1.4490812969207765,-1.0
0.028636421961709856,0.011253713024780154,33,0.1995612110476941,0.000639363022683212,1,44.33333365122477,1.4936406898498535,-1.0
0.02794471397064626,0.011516884388402104,34,0.19742908305488527,0.0006205554551086735,1,46.50000015894572,1.4408464574813842,-1.0
0.016149531211704017,0.01052360339090228,35,0.13346623303368688,0.0006015697093979838,1,45.99999996026357,1.4493381214141845,-1.0
0.009351658634841442,0.007702090591192245,36,0.0853812349960208,0.0005824350601949146,1,46.666666984558105,1.4201489241917928,-1.0
0.016244663391262293,0.005394522193819284,37,0.10830789618194103,0.0005631810117416299,1,46.00000003973643,1.43349280834198,-1.0
0.03408656525425613,0.004537821328267455,38,0.19322818098589778,0.0005438372523852835,1,47.50000031789144,1.3951358350118002,-1.0
0.03386278855614364,0.004996787849813699,39,0.19441746012307703,0.0005244336088007391,1,48.50000031789144,1.372128702799479,-1.0
0.03402143199928105,0.007308607967570424,40,0.206776759121567,0.0005050000000000001,1,50.50000003973643,1.320926340421041,-1.0
0.034133353643119334,0.010092766769230366,41,0.2212635411415249,0.0004855663911992613,1,52.333333571751915,1.3471112505594889,-1.0
0.034246602561324835,0.008089023036882281,42,0.2117986788507551,0.00046616274761471693,1,49.83333349227905,1.3043031120300292,-1.0
0.03376523675397038,0.008245306834578515,43,0.21018354292027652,0.00044681898825837057,1,49.666666666666664,1.2995802052815755,-1.0
0.034031975688412784,0.011881007114425302,44,0.22969794319942594,0.000427564939805086,1,50.666666746139526,1.3052976973851522,-1.0
0.03382664662785828,0.012021168600767851,45,0.2293689101934433,0.00040843029060201667,1,55.166666746139526,1.2786688550313314,-1.0
0.03385887104086578,0.008421796560287475,46,0.21153231104835868,0.000389444544891327,1,53.50000007947286,1.2710742235183716,-1.0
0.02706312178634107,0.008652311190962792,47,0.17868342390283942,0.0003706369773167883,1,56.00000003973643,1.2354486815134684,-1.0
0.009935946576297284,0.008040330046787858,48,0.09001064696349204,0.0003520365877844012,1,51.333333571751915,1.2570702377955119,-1.0
0.024101351201534272,0.007741799810901284,49,0.1593763551209122,0.0003336720567466412,1,53.16666682561239,1.2526421292622885,-1.0
0.03407417698763311,0.005072470428422094,50,0.19586175912991166,0.0003155717009792807,1,59.16666682561239,1.1872431675593058,-1.0
0.03392096334137022,0.008277411246672273,51,0.21112150698900223,0.00029776342991897335,1,55.66666706403097,1.2189600372314453,-1.0
0.034124081628397106,0.008799935784190893,52,0.2147545889019966,0.00028027470262892445,1,56.00000055631002,1.2148149506251018,-1.0
0.033938067778944966,0.007636522036045789,53,0.2080052869860083,0.0002631324854590073,1,55.83333388964335,1.1755790758132934,-1.0
0.034009460173547265,0.013118276791647076,54,0.23577179503627121,0.0002463632104656054,1,56.833333333333336,1.1801447439193726,-1.0
0.03418562542647123,0.0116551473736763,55,0.22931713401339948,0.0002299927346552969,1,55.833333253860474,1.1907222159703572,-1.0
0.0340300870127976,0.010359509801492094,56,0.22206169390119612,0.00021404630011522587,1,58.83333396911621,1.1586029100418092,-1.0
0.033854053588584065,0.005261215008795261,57,0.19569198577664793,0.00019854849509163232,1,57.33333365122477,1.1504711469014486,-1.0
0.03383853854611516,0.006884842459112406,58,0.20374368480406702,0.00018352321607655918,1,60.00000015894572,1.1170687341690064,-1.0
0.019263004744425417,0.007958748238161206,59,0.1362118988763541,0.00016899363096119395,1,56.166666746139526,1.1585556523005167,-1.0
0.008325504418462516,0.008346423972398043,60,0.08346224599517882,0.000154982143312659,1,58.50000031789144,1.1451134697596232,-1.0
0.020506309624761344,0.005198943987488746,61,0.12866082903929055,0.0001415103578293356,1,58.83333396911621,1.0972078943252563,-1.0
0.03386426684446633,0.007467782171443105,62,0.20677043101750314,0.0001285990470279847,1,58.166666666666664,1.1110250043869019,-1.0
0.03407071549445391,0.007143024681136012,63,0.20621259696781635,0.0001162681192140312,1,60.16666714350382,1.0796715545654296,-1.0
0.0341214635875076,0.005203486373648048,64,0.196755695855245,0.00010453658778440107,1,60.000000635782875,1.1098035637537638,-1.0
0.034096848638728264,0.005367682175710797,65,0.19745575287379324,9.342254191024022e-05,1,64.0000003973643,1.0776905433336894,-1.0
0.034105523768812415,0.005186571227386594,66,0.1965891169384122,8.294311864472437e-05,1,60.49999984105428,1.063359219233195,-1.0
0.03422423736192286,0.009916162816807628,67,0.22083339700475335,7.311447649896551e-05,1,58.83333349227905,1.1167123985290528,-1.0
0.03410953553393483,0.010048136673867702,68,0.22090188087895513,6.395177052675794e-05,1,61.50000015894572,1.0653239313761393,-1.0
0.033906708704307675,0.010281955916434526,69,0.22104922006838024,5.546912895658472e-05,1,61.16666690508524,1.0828250249226887,-1.0
0.03441214221529663,0.009957581013441085,70,0.22195902187377214,4.767963140691306e-05,1,62.33333373069763,1.0637936449050904,-1.0
0.026949930423870682,0.010081165796145796,71,0.1852648640051484,4.059528871837034e-05,1,59.5,1.1049701579411824,-1.0
0.00895140040665865,0.010137049201875924,72,0.0955485668964684,3.4227024433899e-05,1,61.33333349227905,1.0820332431793214,-1.0
0.018778231414034962,0.005331668583676219,73,0.12066538305953145,2.8584657955444653e-05,1,58.833333810170494,1.0978475125630696,-1.0
0.03388276300393045,0.007416346995159984,74,0.2066050530411303,2.367688940315011e-05,1,62.33333365122477,1.0656274731953939,-1.0
0.03391784117557108,0.004738657223060727,75,0.19339420017786324,1.951128620040094e-05,1,60.5,1.0400686693191528,-1.0
0.03428577748127282,0.007884903717786074,76,0.21098397113382816,1.6094271405406862e-05,1,59.83333388964335,1.0903772942225138,-1.0
0.03378970958292484,0.005624269600957632,77,0.1971815531142056,1.3431113807311488e-05,1,59.500000635782875,1.0816794308026632,-1.0
0.033862278191372754,0.01111540999263525,78,0.2250014399178326,1.1525919802101659e-05,1,62.33333388964335,1.0519869454701742,-1.0
0.03406385756097734,0.005018093064427376,79,0.19552365387789905,1.0381627060842164e-05,1,63.33333373069763,1.054304404258728,-1.0
0.03402033820748329,0.008064504759386183,80,0.21054505510255694,1e-05,1,59.83333373069763,1.057275621096293,-1.0
0.03872157804047068,0.02345235013247778,1,0.37317499495111406,0.000999618372939158,2,11.571428622518267,4.229372746603829,-1.0
0.0338418697938323,0.007950337720103562,2,0.25086915912106633,0.0009984740801978985,2,13.000000042574746,3.968567897251674,-1.0
0.03372403707665702,0.008919298105562726,3,0.25598743208684027,0.0009965688861926887,2,16.71428576537541,2.4719728646959576,-1.0
0.03378755696273098,0.00812882138416171,4,0.25162363704293966,0.0009939057285945933,2,20.857143010411942,2.233863434110369,-1.0
0.007902047170015672,0.007971422319921354,5,0.09533944516442716,0.0009904887137995992,2,22.571428809847152,2.1091161291939873,-1.0
0.008161077663923303,0.006496058156092961,6,0.08805310004390776,0.00098632311059685,2,25.28571436234883,2.035403000967843,-1.0
0.03369135980028659,0.004251271874333422,7,0.22778837801888585,0.0009814153420445555,2,23.857143095561437,2.016946494919913,-1.0
0.03389529185369611,0.009501476461688677,8,0.2605107750277966,0.0009757729755661012,2,29.714285850524902,1.945420969554356,-1.0
0.03374842868652195,0.009116559638641775,9,0.2573221179191023,0.0009694047112816298,2,28.000000068119594,1.9475725405556814,-1.0
0.033709930799280606,0.009294793009757996,10,0.258161012083292,0.0009623203685930871,2,28.285714328289032,1.9122891725812639,-1.0
0.03412450081668794,0.01027638236215959,11,0.26654259394854307,0.0009545308710434153,2,30.85714292526245,1.8750027894973755,-1.0
0.034092654978546,0.009838534208635489,12,0.26372517202980816,0.0009460482294732422,2,32.000000085149495,1.8670846169335502,-1.0
0.03385189509329697,0.011116476729512215,13,0.26995637896470726,0.0009368855235010348,2,33.571428758757456,1.8277162395204816,-1.0
0.034275359862173595,0.010339484976915022,14,0.26783177186734974,0.0009270568813552758,2,34.28571438789368,1.8125289515086582,-1.0
0.011723970295861363,0.006928142354202767,15,0.11207069200463593,0.0009165774580897602,2,33.285714507102966,1.7981246083123343,-1.0
0.014254770746144155,0.004471292602829635,16,0.11251501692458987,0.0009054634122155992,2,35.42857163293021,1.7284589529037475,-1.0
0.03385324178573986,0.006019086887439092,17,0.23934449697844684,0.0008937318807859689,2,35.14285731315613,1.7377716091700963,-1.0
0.03373118280433118,0.008563112040671209,18,0.25388130196370184,0.0008814009529720156,2,35.28571459225246,1.7254788412366595,-1.0
0.033683707006275654,0.00828558198797206,19,0.25194508815184236,0.0008684896421706646,2,37.85714309556143,1.705758728981018,-1.0
0.03366168204229325,0.004462511123468478,20,0.22887223795987666,0.0008550178566873412,2,38.42857151372092,1.6508515296663557,-1.0
0.03394161599377791,0.00431727683947732,21,0.2296831209678203,0.0008410063690388064,2,41.714285901614595,1.5917120381764003,-1.0
0.03362914698664099,0.004279605539826055,22,0.2275702808983624,0.0008264767839234412,2,38.000000204358784,1.6258868421827044,-1.0
0.033635132402802505,0.004411977094908555,23,0.22840196499601007,0.000811451504908368,2,39.14285729612623,1.638483533859253,-1.0
0.03379489597864449,0.004600704531185329,24,0.23050807393155992,0.0007959536998847743,2,42.14285743236542,1.5567690583637783,-1.0
0.03347703798984488,0.0044597400119528174,25,0.22775131301023066,0.0007800072653447032,2,40.57142857142857,1.5771534470149449,-1.0
0.008505150481748084,0.00439217418897897,26,0.07749961013905704,0.0007636367895343947,2,40.857143010411946,1.5297191102164132,-1.0
0.007838505242640773,0.006826525748086472,27,0.08810116304084659,0.0007468675145409928,2,44.00000010217939,1.4929045336587088,-1.0
0.03389557516978433,0.003980560305838783,28,0.227388289058581,0.0007297252973710758,2,46.85714299338205,1.462655156680516,-1.0
0.03392523950121055,0.004311249824240804,29,0.22955255513079464,0.0007122365700810271,2,44.0000000681196,1.4914697681154523,-1.0
0.03437300426109383,0.008697695060012242,30,0.2585529580246657,0.0006944282990207196,2,44.14285736424582,1.5102057552337647,-1.0
0.03427613417928418,0.008954168646596372,31,0.25950941792689264,0.0006763279432533592,2,47.57142874172756,1.4615318046297345,-1.0
0.03371222969144583,0.008399570787635943,32,0.25281280488707125,0.0006579634122155992,2,45.714285782405305,1.4586597108840942,-1.0
0.03372685448266566,0.009207375852080682,33,0.2577461819164455,0.000639363022683212,2,45.57142874172756,1.4470454181943622,-1.0
0.03430039361895373,0.0067751357176651554,34,0.24658472300507128,0.0006205554551086735,2,48.85714309556143,1.405142560005188,-1.0
0.03408417361788452,0.006020288875636955,35,0.24075479595921934,0.0006015697093979838,2,49.71428608894348,1.3557106937680925,-1.0
0.022269389902551968,0.009415698625768224,36,0.1902307600248605,0.0005824350601949146,2,48.000000272478374,1.3715717458724976,-1.0
0.0084960104431957,0.008989594721545776,37,0.1050416121724993,0.0005631810117416299,2,46.71428598676409,1.3783960785184588,-1.0
0.03165274978770564,0.004696823190897703,38,0.21824095211923122,0.0005438372523852835,2,51.14285731315613,1.3220399720328195,-1.0
0.03367963716542969,0.006716866822292407,39,0.2425085180439055,0.0005244336088007391,2,48.71428581646511,1.3473951516832625,-1.0
0.03398236333547781,0.009398027323186398,40,0.26041233795695007,0.0005050000000000001,2,49.14285743236542,1.3424625546591622,-1.0
0.033962550184999905,0.01038337079808116,41,0.2662141041364521,0.0004855663911992613,2,50.28571457522256,1.3076623794010707,-1.0
0.033637613019285105,0.0068787235068157315,42,0.24323063786141574,0.00046616274761471693,2,55.14285734721592,1.2648532554081509,-1.0
0.0338785668524603,0.008590743294917047,43,0.2549492809921503,0.00044681898825837057,2,53.85714302744184,1.2497918605804443,-1.0
0.03391504245034108,0.008408623204256097,44,0.2540742610581219,0.000427564939805086,2,52.42857187134879,1.271646774155753,-1.0
0.03370265030146887,0.008608668538120886,45,0.25400511804036796,0.00040843029060201667,2,53.71428605488369,1.2720810556411744,-1.0
0.023119080540103216,0.00872357531140248,46,0.19118155189789832,0.000389444544891327,2,53.57142880984715,1.2341649845668248,-1.0
0.011317893047817051,0.007338998451208075,47,0.11206192895770073,0.0003706369773167883,2,54.14285751751491,1.2436813129697528,-1.0
0.030020100336211424,0.004698447184637189,48,0.2084391659591347,0.0003520365877844012,2,56.00000028950827,1.2130445637021745,-1.0
0.0338965185219422,0.006849079160019755,49,0.24459477793425322,0.0003336720567466412,2,59.000000374657766,1.1829950632367816,-1.0
0.03390891357169797,0.006488179593967895,50,0.2425177621189505,0.0003155717009792807,2,59.57142901420593,1.1551526069641114,-1.0
0.033774195588193834,0.006466667400673032,51,0.24158193287439644,0.00029776342991897335,2,55.14285751751491,1.2094393961770193,-1.0
0.03380102369313439,0.009170245146378875,52,0.2579592908732593,0.00028027470262892445,2,58.14285731315613,1.117829567364284,-1.0
0.03403694819038113,0.009336625807918608,53,0.260371217969805,0.0002631324854590073,2,56.00000013623919,1.2095236015319824,-1.0
0.033643166651017964,0.0068644636776298285,54,0.2431756961159408,0.0002463632104656054,2,54.57142867360796,1.16841703414917,-1.0
0.033807683852501214,0.009912738615336517,55,0.2624510161112994,0.0002299927346552969,2,57.71428619112287,1.1287893690381732,-1.0
0.030649588520949084,0.005709189999227722,56,0.21828751196153462,0.00021404630011522587,2,60.571428877966746,1.0821220547812325,-1.0
0.009621541326244673,0.009383090189658105,57,0.11415626108646393,0.00019854849509163232,2,58.714285952704294,1.1076177951267787,-1.0
0.02391785433671127,0.004407460335642099,58,0.17008642992004752,0.00018352321607655918,2,58.42857149669102,1.0962271445138114,-1.0
0.03389030252583325,0.006950454165538152,59,0.24517237092368305,0.00016899363096119395,2,62.85714299338205,1.0766124956948417,-1.0
0.034651968317727246,0.008589307699973384,60,0.2595751869957894,0.000154982143312659,2,60.85714316368103,1.0588783822740828,-1.0
0.03396937887494763,0.006531721640688677,61,0.24314279714599252,0.0001415103578293356,2,60.85714316368103,1.0596633911132813,-1.0
0.03385514979405949,0.006342790671624243,62,0.24131680582650006,0.0001285990470279847,2,63.28571472849165,1.0666694525309972,-1.0
0.033995955561598144,0.009200111264362931,63,0.25930599379353225,0.0001162681192140312,2,62.42857197352818,1.045518124444144,-1.0
0.034045836849448584,0.008999287655266622,64,0.25839855801314116,0.00010453658778440107,2,61.28571459225246,1.071142098563058,-1.0
0.03371424080493549,0.008581443030076722,65,0.25390863395296037,9.342254191024022e-05,2,61.71428619112287,1.0515914160864694,-1.0
0.03313846657207856,0.009008973953314126,66,0.2530123540200293,8.294311864472437e-05,2,66.14285734721592,1.0087666313988821,-1.0
0.010243852118340632,0.009763790876604617,67,0.12019315781071782,7.311447649896551e-05,2,62.285714524132864,1.0502568197250366,-1.0
0.027246441653308768,0.00497191915443788,68,0.19347543199546635,6.395177052675794e-05,2,63.142857619694304,1.0310809850692748,-1.0
0.033799479831941426,0.008786724996753037,69,0.2556769889779389,5.546912895658472e-05,2,62.1428575856345,1.0411911221912928,-1.0
0.033679789514280856,0.009289424672412375,70,0.25794432894326746,4.767963140691306e-05,2,64.28571469443185,1.0004721624510629,-1.0
0.03396398411132395,0.009971471542182067,71,0.26374047505669296,4.059528871837034e-05,2,62.0000000681196,1.0163941710335869,-1.0
0.03395512936792026,0.009506529468732575,72,0.26090313284657896,3.4227024433899e-05,2,63.42857187134879,0.988840251650129,-1.0
0.03368196089286357,0.008912182607067129,73,0.25570434890687466,2.8584657955444653e-05,2,64.00000030653817,1.01384035553251,-1.0
0.033680952658566334,0.006128729010621707,74,0.2389880248811096,2.367688940315011e-05,2,62.14285727909633,1.044515654359545,-1.0
0.03387292140784363,0.006982962950132787,75,0.24526852485723794,1.951128620040094e-05,2,64.00000006811959,1.0083206462860108,-1.0
0.029445259172158938,0.0062930716667324305,76,0.21455667400732636,1.6094271405406862e-05,2,64.57142894608634,0.9852075161252702,-1.0
0.009098335828942558,0.008743857499212027,77,0.10718912305310369,1.3431113807311488e-05,2,64.71428591864449,1.0032479449680873,-1.0
0.018381562898866832,0.004374779954863091,78,0.136672057909891,1.1525919802101659e-05,2,63.85714306150164,1.0025648961748395,-1.0
0.03388903565549602,0.004173161500754456,79,0.22850956697948277,1.0381627060842164e-05,2,63.28571455819266,1.010260328905923,-1.0
0.03363424298974375,0.008607376677294573,80,0.25357923097908497,1e-05,2,64.28571459225246,0.9819569478716169,-1.0
0.03692590142600238,0.019830980837079033,1,0.39742860198020935,0.000999618372939158,3,10.0,4.494912109375,-1.0
0.03382384341343173,0.0036693780150796685,2,0.2625673620495945,0.0009984740801978985,3,17.125,2.6440498352050783,-1.0
0.033747598029939194,0.007981999245073115,3,0.29222977301105857,0.0009965688861926887,3,18.5,2.1782244873046874,-1.0
0.03372114707183625,0.0050072699253048214,4,0.2712447459343821,0.0009939057285945933,3,22.625,2.0779400634765626,-1.0
0.03389231275234904,0.0076009611200009075,5,0.29058110900223255,0.0009904887137995992,3,24.375,2.013996887207031,-1.0
0.03380950467128839,0.007114940189889499,6,0.2868486780207604,0.00098632311059685,3,27.375,1.9579051208496094,-1.0
0.011436137038150005,0.007001593243330717,7,0.12919051107019186,0.0009814153420445555,3,25.75,1.9668880081176758,-1.0
0.012089639868853348,0.006767222857368844,8,0.13212273502722383,0.0009757729755661012,3,29.0,1.897984848022461,-1.0
0.03371857598956142,0.004315275133454374,9,0.26637885090894997,0.0009694047112816298,3,26.5,1.91017520904541,-1.0
0.033612920669838786,0.006463932505409632,10,0.2806501800660044,0.0009623203685930871,3,30.375,1.8514299011230468,-1.0
0.03369080870678382,0.0035872666963509153,11,0.26107195601798594,0.0009545308710434153,3,31.875,1.8228887176513673,-1.0
0.03371213359891304,0.008628447274012225,12,0.29652195214293897,0.0009460482294732422,3,33.375,1.7791453170776368,-1.0
0.03368598991073668,0.008371149954785193,13,0.2945249048061669,0.0009368855235010348,3,35.25,1.722852611541748,-1.0
0.03372330903740866,0.00650749568428312,14,0.2817425129469484,0.0009270568813552758,3,34.625,1.7723607635498047,-1.0
0.03404783374363823,0.006926575675606728,15,0.28695134189911187,0.0009165774580897602,3,36.0,1.7174100494384765,-1.0
0.015689485440296785,0.008660460855545742,16,0.17057422013022006,0.0009054634122155992,3,34.5,1.6851703643798828,-1.0
0.010652519729254501,0.0073712530013706,17,0.12629155605100095,0.0008937318807859689,3,36.625,1.686132354736328,-1.0
0.033845223719254136,0.004118469710062657,18,0.26588461198844016,0.0008814009529720156,3,37.5,1.6521705055236817,-1.0
0.0338304689420121,0.007064487485747252,19,0.28641529008746147,0.0008684896421706646,3,37.625,1.6498040199279784,-1.0
0.033848390016438704,0.004912300866895488,20,0.27145672286860645,0.0008550178566873412,3,37.875,1.6190859413146972,-1.0
0.0341936349203544,0.0085443573604737,21,0.2993000561837107,0.0008410063690388064,3,39.375,1.5887194633483888,-1.0
0.033893320277067165,0.008142208880079644,22,0.2943862190004438,0.0008264767839234412,3,39.5,1.5970883560180664,-1.0
0.03387458223317351,0.008213164750486612,23,0.2947703229729086,0.000811451504908368,3,40.625,1.572939109802246,-1.0
0.03373018891683647,0.007048433513513633,24,0.28558342694304883,0.0007959536998847743,3,42.875,1.5378082275390625,-1.0
0.016976728469931653,0.00510020467585751,25,0.15466467197984457,0.0007800072653447032,3,41.25,1.5407407569885254,-1.0
0.008647166824500476,0.007593492744490504,26,0.11381601286120713,0.0007636367895343947,3,41.875,1.5388056182861327,-1.0
0.033428701339289546,0.0037523233996970312,27,0.2603952740319073,0.0007468675145409928,3,44.375,1.4720489692687988,-1.0
0.03409175385188844,0.0034608764108270407,28,0.26299561210907996,0.0007297252973710758,3,46.875,1.4570228195190429,-1.0
0.03402516718155572,0.007463263680360147,29,0.2905490610282868,0.0007122365700810271,3,44.375,1.459991455078125,-1.0
0.03361188799941114,0.007674630997436387,30,0.28911965410225093,0.0006944282990207196,3,46.0,1.4103248596191407,-1.0
0.03363304801418313,0.0037049141246825457,31,0.2614732659421861,0.0006763279432533592,3,46.25,1.436511116027832,-1.0
0.033764919731765985,0.003904040270884122,32,0.263793074991554,0.0006579634122155992,3,47.0,1.4112042236328124,-1.0
0.03358850860968232,0.005778902409864324,33,0.2756805291865021,0.000639363022683212,3,46.75,1.4029711341857911,-1.0
0.029214149440771768,0.007940128146271621,34,0.26018416904844344,0.0006205554551086735,3,50.125,1.3831355667114258,-1.0
0.008613138758976544,0.0076954292599111795,35,0.11425996595062315,0.0006015697093979838,3,50.0,1.3739696311950684,-1.0
0.0324785202808146,0.00449519298438515,36,0.2589445551857352,0.0005824350601949146,3,49.25,1.3354307174682618,-1.0
0.033579276043123434,0.007997970529166716,37,0.29117034119553864,0.0005631810117416299,3,53.875,1.3175275039672851,-1.0
0.03398782284265118,0.005978590875331845,38,0.27989549189805984,0.0005438372523852835,3,47.125,1.3778090286254883,-1.0
0.03430872716541801,0.008464932541495987,39,0.29955046996474266,0.0005244336088007391,3,50.5,1.351488380432129,-1.0
0.034335578858320205,0.008774826003770744,40,0.3019118120428175,0.0005050000000000001,3,50.625,1.3359264183044433,-1.0
0.03381236785623644,0.005736932158470154,41,0.27698081405833364,0.0004855663911992613,3,53.125,1.2917636299133302,-1.0
0.03363833317000951,0.0076455275661179,42,0.28911598795093596,0.00046616274761471693,3,50.0,1.2823628616333007,-1.0
0.021170566390667642,0.008377429330721498,43,0.20696869818493724,0.00044681898825837057,3,52.625,1.2384163093566896,-1.0
0.008545084457312311,0.006157528110114592,44,0.10304757114499807,0.000427564939805086,3,53.0,1.255992946624756,-1.0
0.033799654305247326,0.0038654726730393513,45,0.26378972991369665,0.00040843029060201667,3,52.125,1.22402925491333,-1.0
0.03392206159021173,0.004041407390364579,46,0.26589115196838975,0.000389444544891327,3,53.75,1.2328750228881835,-1.0
0.03395030983457608,0.0040569746135068795,47,0.2661846708506346,0.0003706369773167883,3,53.25,1.1934835624694824,-1.0
0.033542837581730316,0.0040879409893282825,48,0.2635657840874046,0.0003520365877844012,3,56.625,1.2082637214660645,-1.0
0.03368256656852152,0.004102278001872557,49,0.26462483895011246,0.0003336720567466412,3,54.75,1.1946775817871094,-1.0
0.03358054520296199,0.00410645322075912,50,0.26394320791587234,0.0003155717009792807,3,55.5,1.1728652954101562,-1.0
0.03364591759496501,0.005570514859365565,51,0.2746515111066401,0.00029776342991897335,3,57.5,1.1352456855773925,-1.0
0.033795039069705775,0.008229785365983844,52,0.29430251382291317,0.00028027470262892445,3,56.75,1.1375061225891114,-1.0
0.00964847399986216,0.0083386955583202,53,0.12604078208096325,0.0002631324854590073,3,56.0,1.1449114799499511,-1.0
0.02455009992367455,0.0038171830986227307,54,0.19870480196550488,0.0002463632104656054,3,57.125,1.1254658818244934,-1.0
0.033619685364621024,0.00395619247241744,55,0.26316227088682353,0.0002299927346552969,3,57.25,1.1365221405029298,-1.0
0.03379994514398277,0.007502549294648426,56,0.2892519528977573,0.00021404630011522587,3,61.125,1.065901699066162,-1.0
0.03392002428881824,0.005459815297009689,57,0.2757915349211544,0.00019854849509163232,3,58.25,1.1008070945739745,-1.0
0.03374975104816258,0.004190387237550957,58,0.26573590002954006,0.00018352321607655918,3,57.5,1.096762924194336,-1.0
0.033974650548771024,0.0037185973155179192,59,0.2639893989544362,0.00016899363096119395,3,60.875,1.0828218936920166,-1.0
0.03394637213620756,0.003599682589992881,60,0.26297445106320083,0.000154982143312659,3,59.25,1.0728863430023194,-1.0
0.03390780467140887,0.007136747041451079,61,0.28744608210399747,0.0001415103578293356,3,61.0,1.0602421569824219,-1.0
0.015380695196134704,0.006197354955864804,62,0.1511723198927939,0.0001285990470279847,3,61.5,1.0264344596862793,-1.0
0.019696552738813416,0.010619302546339375,63,0.21231834799982607,0.0001162681192140312,3,62.625,1.0236676025390625,-1.0
0.03362807910889387,0.007277835193755371,64,0.28644873993471265,0.00010453658778440107,3,65.0,1.006275062561035,-1.0
0.03379134923618819,0.005455395639208811,65,0.27485706796869636,9.342254191024022e-05,3,60.125,1.0369434928894044,-1.0
0.03362322502237346,0.008290146976443273,66,0.29352652304805815,8.294311864472437e-05,3,61.75,1.0420459747314452,-1.0
0.03364269950959299,0.004904356186411211,67,0.2699388540349901,7.311447649896551e-05,3,64.5,1.0132954597473145,-1.0
0.033724333658548336,0.007543722167611122,68,0.28900156798772514,6.395177052675794e-05,3,60.0,1.0609426307678222,-1.0
0.03377438682530608,0.007296298164874315,69,0.2876050400082022,5.546912895658472e-05,3,62.0,1.0229172039031982,-1.0
0.03370087264504816,0.007329859637788364,70,0.28732199710793793,4.767963140691306e-05,3,63.5,1.0229478073120117,-1.0
0.011187260405027441,0.005941454021792326,71,0.12002934282645583,4.059528871837034e-05,3,62.625,1.0071169090270997,-1.0
0.010508132333468114,0.0038545892374323948,72,0.10068183485418558,3.4227024433899e-05,3,60.625,1.0144115161895753,-1.0
0.033713893233133216,0.0033605006257338183,73,0.2596322428435087,2.8584657955444653e-05,3,61.75,0.9930103206634522,-1.0
0.033684953049357445,0.007325840980878898,74,0.28720698482356966,2.367688940315011e-05,3,63.0,1.0077194213867187,-1.0
0.03368782973848283,0.008173391555569,75,0.2931552978698164,1.951128620040094e-05,3,63.125,1.0058664512634277,-1.0
0.033842152184141536,0.007747182556028877,76,0.2912568498868495,1.6094271405406862e-05,3,63.375,0.9929455280303955,-1.0
0.0336911093244063,0.007612345074968678,77,0.2892566081136465,1.3431113807311488e-05,3,63.75,1.0157579040527345,-1.0
0.03357949380629829,0.005601441354623863,78,0.2743954388424754,1.1525919802101659e-05,3,62.75,0.9813735866546631,-1.0
0.03373752447909543,0.007839122820379478,79,0.29116467107087374,1.0381627060842164e-05,3,63.375,0.9865980863571167,-1.0
0.016801609890535474,0.007792807550036481,80,0.17228524922393262,1e-05,3,62.75,0.9952620124816894,-1.0
0.026145521376747638,0.01788322612992488,1,0.3524065238889307,0.000999618372939158,4,9.11111111111111,4.2921792941623265,-1.0
0.011845265282317996,0.0034620267106220126,2,0.1225817499216646,0.0009984740801978985,4,15.11111111111111,2.7725523546006943,-1.0
0.03371113497996703,0.0030839076498523355,3,0.2944825030863285,0.0009965688861926887,4,17.666666666666668,2.2023906792534724,-1.0
0.033579820330487564,0.006529410282382742,4,0.3209837288595736,0.0009939057285945933,4,19.555555555555557,2.1474576822916664,-1.0
0.0335719095019158,0.004747072991449386,5,0.3066600819583982,0.0009904887137995992,4,20.22222222222222,2.09935791015625,-1.0
0.03370491578243673,0.004872501973295584,6,0.3087286150548607,0.00098632311059685,4,21.444444444444443,2.0592716471354167,-1.0
0.03377775233821012,0.004838089022086933,7,0.30903575383126736,0.0009814153420445555,4,21.11111111111111,2.028365749782986,-1.0
0.0335720821749419,0.006441600591642782,8,0.32023124396800995,0.0009757729755661012,4,23.555555555555557,1.9898035346137153,-1.0
0.026695357460994273,0.006411462934920564,9,0.2649556139949709,0.0009694047112816298,4,25.0,1.9876673719618057,-1.0
0.00811751905712299,0.006458665942773223,10,0.11671793204732239,0.0009623203685930871,4,26.11111111111111,1.9550119357638889,-1.0
0.03357310613500886,0.003240658261347562,11,0.294625055976212,0.0009545308710434153,4,26.0,1.9556925455729166,-1.0
0.03353577564121224,0.002987607120303437,12,0.2923065898939967,0.0009460482294732422,4,27.77777777777778,1.929501953125,-1.0
0.033614802377996966,0.007368621620116755,13,0.3279813730623573,0.0009368855235010348,4,29.666666666666668,1.926529066297743,-1.0
0.03347159197437577,0.0029771591653116047,14,0.29170762514695525,0.0009270568813552758,4,27.0,1.8932958984375,-1.0
0.03391372921760194,0.003215003525838256,15,0.29714174987748265,0.0009165774580897602,4,29.0,1.914482693142361,-1.0
0.03405690987710841,0.006326851260382682,16,0.3231845200061798,0.0009054634122155992,4,28.77777777777778,1.9322821723090278,-1.0
0.033658456639386714,0.007441119843861088,17,0.3289073780179024,0.0008937318807859689,4,28.555555555555557,1.8856802029079862,-1.0
0.009124827483901754,0.0067489588691387326,18,0.12710477295331657,0.0008814009529720156,4,28.444444444444443,1.863010999891493,-1.0
0.02464466856326908,0.0036731746804434806,19,0.22665984206832945,0.0008684896421706646,4,28.666666666666668,1.861323716905382,-1.0
0.03358292990014888,0.00358092796523124,20,0.2974189738743007,0.0008550178566873412,4,30.555555555555557,1.8210413953993057,-1.0
0.03368586112628691,0.006255209358641878,21,0.3196345518808812,0.0008410063690388064,4,29.11111111111111,1.833669162326389,-1.0
0.03373279521474615,0.006308954529231414,22,0.32045021280646324,0.0008264767839234412,4,28.333333333333332,1.844478013780382,-1.0
0.033715917670633644,0.005127266194904223,23,0.31085568596608937,0.000811451504908368,4,30.88888888888889,1.8031679280598958,-1.0
0.03379522598697804,0.006158369360491633,24,0.31973607395775616,0.0007959536998847743,4,33.77777777777778,1.7822525024414062,-1.0
0.03349480533506721,0.003494932025205344,25,0.29602543101646006,0.0007800072653447032,4,30.11111111111111,1.8057945421006945,-1.0
0.016735438402974978,0.003228571353247389,26,0.15981762716546655,0.0007636367895343947,4,34.333333333333336,1.7203192816840278,-1.0
0.01554031265550293,0.00883418822195381,27,0.19511021790094674,0.0007468675145409928,4,34.666666666666664,1.7459285481770834,-1.0
0.03374402321060188,0.003187255671946332,28,0.29555872292257845,0.0007297252973710758,4,33.111111111111114,1.7616598171657987,-1.0
0.033730630442732945,0.0036620258179027587,29,0.299257243052125,0.0007122365700810271,4,33.0,1.7581055704752604,-1.0
0.03352674315101467,0.0038454325986094773,30,0.29908986389636993,0.0006944282990207196,4,32.0,1.7629220920138888,-1.0
0.033612868370255455,0.0035186623863410205,31,0.2971631810069084,0.0006763279432533592,4,32.22222222222222,1.7810932074652779,-1.0
0.03366252762498334,0.00370061700232327,32,0.29901734506711364,0.0006579634122155992,4,34.0,1.7304514567057292,-1.0
0.0336957183026243,0.005490864044986665,33,0.3136016719508916,0.000639363022683212,4,31.666666666666668,1.743101331922743,-1.0
0.032396279100794345,0.004088674875674769,34,0.29198895511217415,0.0006205554551086735,4,32.333333333333336,1.738244900173611,-1.0
0.008995102136395872,0.005842442362336442,35,0.11881073098629713,0.0006015697093979838,4,32.0,1.7388612874348959,-1.0
0.03365960577502847,0.006633325829170644,36,0.3224778240546584,0.0005824350601949146,4,36.77777777777778,1.6632179090711805,-1.0
0.03403307421831414,0.005095861910376698,37,0.31317621492780745,0.0005631810117416299,4,35.0,1.681790296766493,-1.0
0.03402634526719339,0.0036323762324173003,38,0.3014047839678824,0.0005438372523852835,4,34.0,1.7340835571289062,-1.0
0.03404466534266248,0.004692490037996322,39,0.3100562710314989,0.0005244336088007391,4,35.77777777777778,1.7085202365451388,-1.0
0.033883893716847524,0.0069598727859556675,40,0.3268933759536594,0.0005050000000000001,4,36.44444444444444,1.7006203884548612,-1.0
0.03409229393582791,0.007831373455701396,41,0.33554260805249214,0.0004855663911992613,4,35.55555555555556,1.697628936767578,-1.0
0.029935922764707357,0.007146273128455505,42,0.29678779118694365,0.00046616274761471693,4,36.44444444444444,1.7191168212890624,-1.0
0.008976661250926554,0.00688611512305215,43,0.12703169393353164,0.00044681898825837057,4,38.22222222222222,1.6489268324110242,-1.0
0.0337429252685979,0.003366437362274155,44,0.29700703895650804,0.000427564939805086,4,38.22222222222222,1.6525577799479167,-1.0
0.03393321073963307,0.006394464144250378,45,0.322749710874632,0.00040843029060201667,4,38.333333333333336,1.644632568359375,-1.0
0.03351103968452662,0.00660705182235688,46,0.32106758491136134,0.000389444544891327,4,36.77777777777778,1.657650655110677,-1.0
0.03407837817212567,0.0031207963183987886,47,0.297726595075801,0.0003706369773167883,4,36.77777777777778,1.661234368218316,-1.0
0.03397162104374729,0.007402326940791681,48,0.3311540170107037,0.0003520365877844012,4,37.44444444444444,1.6436807590060765,-1.0
0.03369583495077677,0.007556980679510161,49,0.33016481786035,0.0003336720567466412,4,36.666666666666664,1.6474757554796007,-1.0
0.031489682383835316,0.0033050267375074327,50,0.27848567510955036,0.0003155717009792807,4,39.55555555555556,1.5835543823242189,-1.0
0.010108643589774147,0.007026405044598505,51,0.13722491497173905,0.00029776342991897335,4,38.44444444444444,1.622773708767361,-1.0
0.03344974058563821,0.003183825552696362,52,0.29322837898507714,0.00028027470262892445,4,40.333333333333336,1.5966871473524304,-1.0
0.033724632987286896,0.0054296599118970335,53,0.3133592698723078,0.0002631324854590073,4,37.888888888888886,1.5969956970214845,-1.0
0.03375917099765502,0.006937202619155869,54,0.3257004029583186,0.0002463632104656054,4,39.888888888888886,1.5805156114366319,-1.0
0.03376534127164632,0.008075203251792118,55,0.33485285798087716,0.0002299927346552969,4,39.44444444444444,1.5728962537977431,-1.0
0.033686484617646784,0.007126602256903425,56,0.32663814490661025,0.00021404630011522587,4,41.333333333333336,1.5567876519097221,-1.0
0.03422247210983187,0.006931482115760446,57,0.3293594040442258,0.00019854849509163232,4,39.77777777777778,1.566102498372396,-1.0
0.023798782465746626,0.008326264913193882,58,0.2571243941783905,0.00018352321607655918,4,40.0,1.5504151407877604,-1.0
0.008032814890611917,0.006837233231635764,59,0.11908157705329359,0.00016899363096119395,4,41.44444444444444,1.5484487067328558,-1.0
0.033926382166100666,0.005761369597166777,60,0.3176265100482851,0.000154982143312659,4,40.77777777777778,1.526063707139757,-1.0
0.033876900386530906,0.002970009867567569,61,0.29491020389832556,0.0001415103578293356,4,41.77777777777778,1.5472154066297743,-1.0
0.033790713030612096,0.00347274134401232,62,0.2982326920609921,0.0001285990470279847,4,41.22222222222222,1.5119424947102864,-1.0
0.034037477016681805,0.003096546366577968,63,0.2972087310627103,0.0001162681192140312,4,42.0,1.5066075303819444,-1.0
0.033749532623915,0.002990474022226408,64,0.29405288212001324,0.00010453658778440107,4,40.77777777777778,1.5389090983072917,-1.0
0.03359456101316027,0.0031749586341902614,65,0.2942820049356669,9.342254191024022e-05,4,43.55555555555556,1.5167478434244792,-1.0
0.03371588114532642,0.003302802244434133,66,0.2962794410996139,8.294311864472437e-05,4,43.111111111111114,1.5219096883138021,-1.0
0.01006901214714162,0.0072282816108781844,67,0.13850498897954822,7.311447649896551e-05,4,42.666666666666664,1.513868391248915,-1.0
0.009440164372790605,0.003948421130189672,68,0.10725732590071857,6.395177052675794e-05,4,42.666666666666664,1.5237821451822917,-1.0
0.03371035913005471,0.0028846419882029295,69,0.29290292295627296,5.546912895658472e-05,4,41.111111111111114,1.544817877875434,-1.0
0.03405350947286934,0.0051591419032774866,70,0.3138416309375316,4.767963140691306e-05,4,42.77777777777778,1.5106323920355902,-1.0
0.03387704704073258,0.006409074441762641,71,0.3224255461245775,4.059528871837034e-05,4,43.55555555555556,1.5035154554578993,-1.0
0.03400837324443273,0.006829897640272975,72,0.3268435620702803,3.4227024433899e-05,4,40.44444444444444,1.5184206136067708,-1.0
0.034008830843959004,0.006826250260928646,73,0.3268123359885067,2.8584657955444653e-05,4,43.111111111111114,1.5273258293999565,-1.0
0.03389663537382148,0.006382932624546811,74,0.3223748509772122,2.367688940315011e-05,4,42.77777777777778,1.504683108859592,-1.0
0.025302399648353457,0.006513987580547109,75,0.25465837703086436,1.951128620040094e-05,4,42.77777777777778,1.519304894341363,-1.0
0.0095277565123979,0.0063895913772284985,76,0.127470730105415,1.6094271405406862e-05,4,45.111111111111114,1.4804029676649306,-1.0
0.033813978923717514,0.005415591585915536,77,0.3139803789090365,1.3431113807311488e-05,4,43.333333333333336,1.5168437364366318,-1.0
0.033729651622707024,0.0054998587584123015,78,0.31394630786962807,1.1525919802101659e-05,4,41.0,1.508088887532552,-1.0
0.033747361827408895,0.004980499797966331,79,0.3099488199222833,1.0381627060842164e-05,4,43.77777777777778,1.5037920125325521,-1.0
0.03392899374011904,0.007113626517821103,80,0.32848924305289984,1e-05,4,42.333333333333336,1.5203308783637153,-1.0
0.037681676185457036,0.01831700708135031,1,0.44814253505319357,0.000999618372939158,5,11.500000131130218,4.328714111328125,-1.0
0.03431511850794777,0.005064053140813485,2,0.3151715099811554,0.0009984740801978985,5,15.200000119209289,2.5617760009765624,-1.0
0.03433772223070264,0.005373966647312045,3,0.3178371349349618,0.0009965688861926887,5,15.10000011920929,2.2382502517700194,-1.0
0.029859453381504864,0.003302150114905089,4,0.26541608292609453,0.0009939057285945933,5,23.100000035762786,2.1126660423278807,-1.0
0.008704292500624433,0.007351143140112981,5,0.12857821700163186,0.0009904887137995992,5,22.09999997615814,2.079100835800171,-1.0
0.034053113049594685,0.003875755093758926,6,0.3035669489763677,0.00098632311059685,5,24.800000083446502,2.038911018371582,-1.0
0.034089021733962,0.003136387007543817,7,0.2979301798623055,0.0009814153420445555,5,26.600000023841858,1.9767684888839723,-1.0
0.034218224725918844,0.005760582280345261,8,0.3199642258696258,0.0009757729755661012,5,25.700000083446504,1.9668243370056153,-1.0
0.03433525995933451,0.005187206028494984,9,0.31631921604275703,0.0009694047112816298,5,28.500000047683717,1.9053927030563353,-1.0
0.034283771412447095,0.00730274835950695,10,0.3328218620736152,0.0009623203685930871,5,29.700000214576722,1.8813261709213256,-1.0
0.03433052761829458,0.007613563007907942,11,0.3356885591056198,0.0009545308710434153,5,29.50000010728836,1.8609617671966552,-1.0
0.029688719660043716,0.008237846224801615,12,0.3035390670411289,0.0009460482294732422,5,31.700000071525572,1.8234983520507813,-1.0
0.008749740605708212,0.006659134523943067,13,0.12338205706328154,0.0009368855235010348,5,30.30000021457672,1.8087794189453126,-1.0
0.034136373637011275,0.004870568867772818,14,0.3121824299450964,0.0009270568813552758,5,33.10000019073486,1.7837726802825928,-1.0
0.034192692866781726,0.006586109258932993,15,0.32635681494139135,0.0009165774580897602,5,34.50000002384186,1.7460554151535035,-1.0
0.03417821219773032,0.004127849912038073,16,0.30657832114957273,0.0009054634122155992,5,34.70000033378601,1.7459278593063354,-1.0
0.03443568115471862,0.008195933740353212,17,0.3411801001057029,0.0008937318807859689,5,35.30000021457672,1.7408687734603883,-1.0
0.03451964521082118,0.007034277048660442,18,0.332559899892658,0.0008814009529720156,5,36.30000019073486,1.6628964824676513,-1.0
0.03431235841708258,0.00639195233816281,19,0.3257660719100386,0.0008684896421706646,5,36.099999976158145,1.64775652885437,-1.0
0.028805292531615123,0.006318717845715582,20,0.2811420268844813,0.0008550178566873412,5,37.20000002384186,1.651824701309204,-1.0
0.008795235014986247,0.006398969126166776,21,0.12168660201132298,0.0008410063690388064,5,37.2,1.637127317428589,-1.0
0.03399029799038544,0.003937870525987819,22,0.30356175312772393,0.0008264767839234412,5,39.10000014305115,1.6107008056640626,-1.0
0.03421885264106095,0.005391326383687556,23,0.31701787910424173,0.000811451504908368,5,40.7,1.6054359464645385,-1.0
0.034248693846166134,0.005164708418305963,24,0.31542254285886884,0.0007959536998847743,5,40.500000143051146,1.566051272392273,-1.0
0.03461076464736834,0.006417787080863491,25,0.32836805703118443,0.0007800072653447032,5,41.600000214576724,1.5585921268463134,-1.0
0.03408512263558805,0.006294413848081604,26,0.32317690504714847,0.0007636367895343947,5,41.8,1.5503541584014893,-1.0
0.034156357985921204,0.006320263259112835,27,0.3239431278780103,0.0007468675145409928,5,42.00000009536743,1.5171187477111816,-1.0
0.03185025052516721,0.006382337596733123,28,0.3059846239630133,0.0007297252973710758,5,43.50000007152558,1.4930051136016846,-1.0
0.009134824387729168,0.006584287359146401,29,0.12587973685003817,0.0007122365700810271,5,45.00000009536743,1.5078487358093262,-1.0
0.03245127634727396,0.003936732886359096,30,0.2912442779634148,0.0006944282990207196,5,46.300000238418576,1.4569645128250122,-1.0
0.034180394402937964,0.006177729490445927,31,0.3229762290138751,0.0006763279432533592,5,45.40000016689301,1.4496816987991332,-1.0
0.03427515091607347,0.0034381864534225315,32,0.3018162159714848,0.0006579634122155992,5,44.20000026226044,1.4501277656555176,-1.0
0.03437277092598379,0.006230510945897549,33,0.3249348809476942,0.000639363022683212,5,46.0,1.4224063062667847,-1.0
0.03433186808251776,0.006531489168992266,34,0.32702195295132697,0.0006205554551086735,5,45.500000143051146,1.4653648052215575,-1.0
0.034118912619305775,0.0061873316299170256,35,0.3225695469882339,0.0006015697093979838,5,45.900000143051145,1.4187690715789796,-1.0
0.034090384375303984,0.005114074388984591,36,0.3137443750165403,0.0005824350601949146,5,47.500000262260436,1.3859906644821167,-1.0
0.009675301786046475,0.006465250713517889,37,0.129229589831084,0.0005631810117416299,5,46.90000004768372,1.3862256765365601,-1.0
0.02194306135061197,0.003573560912627727,38,0.20426513999700546,0.0005438372523852835,5,49.600000095367434,1.332492356300354,-1.0
0.034341949329245836,0.0029867580451536924,39,0.2987550999969244,0.0005244336088007391,5,49.9,1.354953465461731,-1.0
0.034179172973381355,0.0073385230207350105,40,0.3322508439887315,0.0005050000000000001,5,50.600000095367434,1.3227522621154786,-1.0
0.0343340358522255,0.0076793518965132535,41,0.33621520712040365,0.0004855663911992613,5,49.900000262260434,1.3116781644821167,-1.0
0.034234504360938445,0.0071080607594922185,42,0.3308505779132247,0.00046616274761471693,5,50.50000028610229,1.290565731048584,-1.0
0.034225715964566916,0.007408601901261136,43,0.3331947159022093,0.00044681898825837057,5,50.10000023841858,1.2993507289886475,-1.0
0.034106188773876056,0.007777160237310454,44,0.33518652501516044,0.000427564939805086,5,52.80000014305115,1.244859501838684,-1.0
0.011143870826344937,0.007456839928636327,45,0.14891478209756315,0.00040843029060201667,5,52.899999904632566,1.2720247392654418,-1.0
0.019718296476639807,0.0036048569018021226,46,0.18670489895157516,0.000389444544891327,5,52.900000190734865,1.2807116832733154,-1.0
0.03411504585528746,0.0029287745128385723,47,0.2964600089471787,0.0003706369773167883,5,53.80000038146973,1.2314648160934447,-1.0
0.03431722000823356,0.007206970854895189,48,0.33231188799254596,0.0003520365877844012,5,55.00000023841858,1.2171585092544555,-1.0
0.034238147985888645,0.006461393641075119,49,0.3257065899670124,0.0003336720567466412,5,53.30000009536743,1.218732617378235,-1.0
0.03423124094842933,0.007129253936000168,50,0.3310005369130522,0.0003155717009792807,5,53.200000286102295,1.2233800554275513,-1.0
0.03433966261218302,0.007292345515452325,51,0.3331741038709879,0.00029776342991897335,5,55.70000033378601,1.1958083086013793,-1.0
0.03419054776895791,0.007024715509032831,52,0.32983279414474964,0.00028027470262892445,5,55.80000014305115,1.1821579723358153,-1.0
0.014343788992846385,0.007757431507343426,53,0.17694214591756463,0.0002631324854590073,5,56.40000009536743,1.1731160106658935,-1.0
0.021205771656241268,0.003444303583819419,54,0.1973450230434537,0.0002463632104656054,5,55.400000429153444,1.1666466646194458,-1.0
0.03419460993609391,0.0047607505694031715,55,0.31175507488660514,0.0002299927346552969,5,58.400000429153444,1.1359819488525391,-1.0
0.03419256547931582,0.005166854534763843,56,0.31498533696867526,0.00021404630011522587,5,58.59999995231628,1.1364610328674316,-1.0
0.03445016124169342,0.007171925390139222,57,0.3330851481296122,0.00019854849509163232,5,56.20000019073486,1.1562570457458496,-1.0
0.03415857642539777,0.005292039830237627,58,0.315718213096261,0.00018352321607655918,5,60.100000095367434,1.09073544216156,-1.0
0.034191617742180824,0.006505085242679343,59,0.32568996003828943,0.00016899363096119395,5,59.400000190734865,1.1088011531829833,-1.0
0.03423549304716289,0.00725685793440789,60,0.33205145015381277,0.000154982143312659,5,59.49999995231629,1.1125099325180055,-1.0
0.014532317785779014,0.007227874099044129,61,0.17418433213606477,0.0001415103578293356,5,57.79999990463257,1.1133624725341797,-1.0
0.014308488229289651,0.005020953278290108,62,0.15474725188687444,0.0001285990470279847,5,59.70000019073486,1.0826392431259155,-1.0
0.0342188497306779,0.004967320535797626,63,0.3136002898681909,0.0001162681192140312,5,60.500000381469725,1.0709101281166076,-1.0
0.034121410513762385,0.004801495495485142,64,0.3114949078299105,0.00010453658778440107,5,60.60000028610229,1.0908664159774781,-1.0
0.03437067483901046,0.006902845547301695,65,0.33030137489549816,9.342254191024022e-05,5,59.30000009536743,1.0922119636535645,-1.0
0.03431091827224009,0.0063023766269907355,66,0.32501728809438646,8.294311864472437e-05,5,59.700000524520874,1.0404745073318482,-1.0
0.034309577342355624,0.006705149513436481,67,0.32822724082507193,7.311447649896551e-05,5,61.30000004768372,1.0748119640350342,-1.0
0.03440007346216589,0.006434897921280935,68,0.3267913209274411,6.395177052675794e-05,5,62.70000023841858,1.05390057182312,-1.0
0.021544029150390998,0.006548827339429408,69,0.22486716113053262,5.546912895658472e-05,5,60.50000028610229,1.054537260055542,-1.0
0.011391251027816907,0.006627116468735039,70,0.14430690300650895,4.767963140691306e-05,5,65.60000038146973,1.0198776397705078,-1.0
0.0342112276412081,0.0031258196104317904,71,0.2988438119646162,4.059528871837034e-05,5,61.10000014305115,1.0393474473953248,-1.0
0.0342216202407144,0.007593784626806155,72,0.33463681186549366,3.4227024433899e-05,5,60.2,1.0349892325401306,-1.0
0.03426881486666389,0.006648818001849577,73,0.3274555380921811,2.8584657955444653e-05,5,63.4,1.0231264381408691,-1.0
0.034257859602803364,0.008255126769654453,74,0.34022023691795766,2.367688940315011e-05,5,60.80000009536743,1.0399140167236327,-1.0
0.03435579262441024,0.007816297875251621,75,0.3374903961084783,1.951128620040094e-05,5,60.69999990463257,1.0270816221237182,-1.0
0.034212409023894,0.007982048351550475,76,0.33768062898889184,1.6094271405406862e-05,5,62.70000023841858,1.0036749391555786,-1.0
0.02021327635156922,0.007042240031296387,77,0.21814977191388607,1.3431113807311488e-05,5,61.80000033378601,1.0344461917877197,-1.0
0.008264832402346656,0.0048342032241635025,78,0.10489504085853696,1.1525919802101659e-05,5,62.400000381469724,1.0226887493133545,-1.0
0.03393056080676615,0.0038195094384718686,79,0.3021305699367076,1.0381627060842164e-05,5,62.80000033378601,1.044576642036438,-1.0
0.03423769449000247,0.005261118873022497,80,0.31612290698103607,1e-05,5,61.30000033378601,1.052514060974121,-1.0
0.035336081533589296,0.019622986799933843,1,0.49477984895929694,0.000999618372939158,6,10.63636366887526,4.870470418930053,-1.0
0.03404943650174472,0.004770671276168691,2,0.34951252001337707,0.0009984740801978985,6,15.363636382601477,2.783633697683161,-1.0
0.0341318282040043,0.006989428256120946,3,0.37022791616618633,0.0009965688861926887,6,19.54545445875688,2.170906433625655,-1.0
0.03407102908628682,0.005033955909311771,4,0.3520733108744025,0.0009939057285945933,6,21.9090908982537,2.089547228379683,-1.0
0.034075153707009226,0.006061503275608023,5,0.361360841197893,0.0009904887137995992,6,24.45454546538266,2.0400652451948686,-1.0
0.027484596189525392,0.005913920700550079,6,0.3007088571321219,0.00098632311059685,6,24.909090930765327,1.9934847701679577,-1.0
0.008694799435842369,0.004530633566901088,7,0.1191318139899522,0.0009814153420445555,6,28.090909069234673,1.9484259575063532,-1.0
0.03390680698470937,0.00402989202282495,8,0.34154727798886597,0.0009757729755661012,6,30.72727278145877,1.9048428626493974,-1.0
0.033939686241663165,0.002883520210161805,9,0.3315215401817113,0.0009694047112816298,6,28.363636417822406,1.9118018679185347,-1.0
0.03417574200365278,0.003239259123802185,10,0.33684684010222554,0.0009623203685930871,6,26.90909096327695,1.887847568772056,-1.0
0.033945073632316455,0.0029745533700204557,11,0.33241370180621743,0.0009545308710434153,6,30.36363640156659,1.842697085467252,-1.0
0.03401098992779023,0.006140037413893474,12,0.36148973600938916,0.0009460482294732422,6,30.000000054186042,1.8282877948067404,-1.0
0.03412188757728371,0.0047117006551060416,13,0.34961395314894617,0.0009368855235010348,6,31.99999998916279,1.812766334360296,-1.0
0.02035917921198739,0.0030351943439907497,14,0.21067778603173792,0.0009270568813552758,6,31.181818279353056,1.8103466541116888,-1.0
0.00883397126259903,0.004817723865724272,15,0.12300431705079973,0.0009165774580897602,6,31.54545464298942,1.7908042790672996,-1.0
0.03412411599937412,0.00311542056604392,16,0.3352854650001973,0.0009054634122155992,6,32.000000108372085,1.804245719909668,-1.0
0.034057370024836726,0.0034861554288201863,17,0.33802272798493505,0.0008937318807859689,6,34.00000003251162,1.7578486780686813,-1.0
0.03415954542449779,0.003143226339792212,18,0.335856445832178,0.0008814009529720156,6,34.72727283564481,1.7206073240800337,-1.0
0.03440535878245202,0.004339699012537797,19,0.34883215301670134,0.0008684896421706646,6,35.54545451294292,1.6944901344992898,-1.0
0.0339974265338646,0.004959520366456773,20,0.3507555788382888,0.0008550178566873412,6,37.09090904756026,1.6729039985483343,-1.0
0.03413103034512864,0.005087247118353844,21,0.35309567698277533,0.0008410063690388064,6,36.09090919928117,1.653821297558871,-1.0
0.017012651751024857,0.004793078354042437,22,0.1963767409324646,0.0008264767839234412,6,40.36363634196195,1.6242916037819601,-1.0
0.019239501044568088,0.003709498948107163,23,0.20666476781480014,0.000811451504908368,6,36.727272748947144,1.6268296701257878,-1.0
0.0340107805095613,0.004371300158608291,24,0.3455517280381173,0.0007959536998847743,6,39.90909095243974,1.600454680702903,-1.0
0.03403782919566664,0.004802216361794207,25,0.34968434809707105,0.0007800072653447032,6,39.36363642865961,1.6025389502265237,-1.0
0.034089811611920595,0.004517690407940083,26,0.347584315109998,0.0007636367895343947,6,44.36363645033403,1.5475944102894177,-1.0
0.03404021568389402,0.004528532529042827,27,0.3472288609482348,0.0007468675145409928,6,42.36363636363637,1.5576561013135044,-1.0
0.03408920154389408,0.004448143118578527,28,0.346948673017323,0.0007297252973710758,6,43.27272728356448,1.5240245511315085,-1.0
0.03219974597191645,0.006932130600843165,29,0.35229077585972846,0.0007122365700810271,6,43.27272720770402,1.51627141605724,-1.0
0.00816876906901598,0.006038850147484077,30,0.12797137908637524,0.0006944282990207196,6,41.72727268392389,1.5127792778882114,-1.0
0.04711214861729079,0.0032725587176779905,31,0.4535705011803657,0.0006763279432533592,6,43.81818183985624,1.5027501635117964,-1.0
0.034105346667476825,0.0032473560163958203,32,0.3362853219732642,0.0006579634122155992,6,42.272727251052856,1.4960090767253529,-1.0
0.034163099661883384,0.005697903792477316,33,0.35886888299137354,0.000639363022683212,6,45.90909086574208,1.4720359347083352,-1.0
0.03389818329984943,0.004454335818688075,34,0.3452836009673774,0.0006205554551086735,6,47.45454553040591,1.4311069271781227,-1.0
0.03411956211655504,0.0036469168909307984,35,0.3400080678984523,0.0006015697093979838,6,44.727272813970394,1.4827992270209573,-1.0
0.03401150445764264,0.0036211907604916226,36,0.33880641707219183,0.0005824350601949146,6,46.90909091992812,1.4126101979342374,-1.0
0.0094752526945538,0.004721266631450918,37,0.1278813760727644,0.0005631810117416299,6,47.636363593014806,1.4244091211665761,-1.0
0.03027883288450539,0.005469425555525554,38,0.3219313658773899,0.0005438372523852835,6,44.8181817965074,1.4064256325635043,-1.0
0.03419237625267771,0.004644403208254112,39,0.34964336501434445,0.0005244336088007391,6,46.72727285731923,1.4011567549272017,-1.0
0.03422174522549742,0.005774216778162453,40,0.3600743969436735,0.0005050000000000001,6,48.181818376887925,1.3784825173291293,-1.0
0.03413210289242367,0.004274389447851313,41,0.34576915903016925,0.0004855663911992613,6,50.727272813970394,1.3511153997074474,-1.0
0.034062352367780276,0.004418505200495322,42,0.34643649286590517,0.00046616274761471693,6,49.63636374473572,1.385867313038219,-1.0
0.03417019054500593,0.004692164689509405,43,0.34987199516035616,0.00044681898825837057,6,50.18181826851585,1.3318655356493863,-1.0
0.02106842675453259,0.0044610420397172374,44,0.2298668841831386,0.000427564939805086,6,48.72727268392389,1.3673301111568104,-1.0
0.008387612204791771,0.004688185122278001,45,0.11778458207845688,0.00040843029060201667,6,51.181818376887925,1.3084054392034357,-1.0
0.03395286644808948,0.002829538114989797,46,0.33115587406791747,0.000389444544891327,6,51.45454549789429,1.304206428527832,-1.0
0.034202326761765614,0.004558702697977424,47,0.34895736910402775,0.0003706369773167883,6,51.81818181818182,1.2742096354744652,-1.0
0.034176727679247655,0.004142648876748151,48,0.34499697503633797,0.0003520365877844012,6,53.363636298613116,1.2627724708210337,-1.0
0.034036120787883796,0.004464051556876964,49,0.3466100669465959,0.0003336720567466412,6,52.27272728356448,1.2645926163413308,-1.0
0.03399688843637705,0.004584817448630929,50,0.3473641979508102,0.0003155717009792807,6,54.5454546104778,1.233503512469205,-1.0
0.03404772359256943,0.00445978395226929,51,0.3466783461626619,0.00029776342991897335,6,52.000000075860456,1.2658055478876287,-1.0
0.01589101542615228,0.0047573553553471966,52,0.1859385040588677,0.00028027470262892445,6,54.18181803009727,1.2368304963545367,-1.0
0.008574033699308833,0.003910233189041416,53,0.11246437299996614,0.0002631324854590073,6,55.45454536784779,1.200156761082736,-1.0
0.03396600544349187,0.00447812632450627,54,0.34610770316794515,0.0002463632104656054,6,54.818181644786485,1.1950053505464033,-1.0
0.03393117700599962,0.005274446991582711,55,0.3529645991511643,0.0002299927346552969,6,54.909090995788574,1.2082669999382714,-1.0
0.03420016231636206,0.004520907998085022,56,0.34860036079771817,0.00021404630011522587,6,56.09090915593234,1.173675977533514,-1.0
0.034067696426063776,0.00447359024029639,57,0.3469807158689946,0.00019854849509163232,6,55.99999984827909,1.1978285069899126,-1.0
0.03413827155923678,0.004388616549678975,58,0.3468491651583463,0.00018352321607655918,6,55.72727268392389,1.1856845396215265,-1.0
0.034105597943481475,0.004251965735521581,59,0.3453308939933777,0.00016899363096119395,6,56.636363831433385,1.1617244122245094,-1.0
0.013255534667728676,0.00447567078905801,60,0.15968530788086355,0.000154982143312659,6,55.36363636363637,1.1477506494522094,-1.0
0.013283543780239092,0.0038252243409968084,61,0.15408787713386118,0.0001415103578293356,6,58.18181816014376,1.1261886037479747,-1.0
0.03400829017886685,0.0039784294915282065,62,0.3419903740286827,0.0001285990470279847,6,58.27272712100636,1.1235952121561223,-1.0
0.03408995700172252,0.004597775663973557,63,0.3482991508208215,0.0001162681192140312,6,57.636363701386884,1.1248838394338434,-1.0
0.034054943179297775,0.004561860579997301,64,0.3476636749692261,0.00010453658778440107,6,57.45454562794078,1.1297703794999556,-1.0
0.03410793714121812,0.0043152689726816285,65,0.3459213459864259,9.342254191024022e-05,6,61.27272720770402,1.0703697915510697,-1.0
0.03418226340889103,0.004611593153741624,66,0.34925650898367167,8.294311864472437e-05,6,59.09090919928117,1.114576341455633,-1.0
0.03417280313765837,0.004273381756825579,67,0.34613209101371467,7.311447649896551e-05,6,60.27272746779702,1.0856360660899769,-1.0
0.01166410863192545,0.004973008814785216,68,0.14984356286004186,6.395177052675794e-05,6,59.636363712224096,1.1005503025921908,-1.0
0.023928828873775072,0.003712864333970679,69,0.2488940090406686,5.546912895658472e-05,6,60.54545437205922,1.055665601383556,-1.0
0.034071457856852144,0.0043061227899872595,70,0.3455080930143595,4.767963140691306e-05,6,58.54545474052429,1.072522759437561,-1.0
0.033939739482270345,0.004606269946735766,71,0.3470270470716059,4.059528871837034e-05,6,60.81818190487948,1.0867732919346202,-1.0
0.03400706947367224,0.004378629512050086,72,0.34559838520362973,3.4227024433899e-05,6,60.8181819265539,1.075495069243691,-1.0
0.03434621480604013,0.00475623797521823,73,0.3520326130092144,2.8584657955444653e-05,6,60.0909091017463,1.0663867768374355,-1.0
0.03443470912882023,0.021441235543332167,74,0.5029973851051182,2.367688940315011e-05,6,59.8181816664609,1.0790068834478206,-1.0
0.013530102817134725,0.0029414270797537435,75,0.14834893797524273,1.951128620040094e-05,6,59.90909086574208,1.0749956495111639,-1.0
0.012045482613353265,0.003368855272937152,76,0.13884021108970046,1.6094271405406862e-05,6,60.99999982660467,1.0664495286074551,-1.0
0.034051222933663264,0.0028004076124893296,77,0.33224483695812523,1.3431113807311488e-05,6,60.45454549789429,1.0652237740429964,-1.0
0.034099028859701425,0.004292737356283599,78,0.3456357419490814,1.1525919802101659e-05,6,61.36363619024103,1.051270980834961,-1.0
0.03420164640475479,0.004537028700320257,79,0.34875951590947807,1.0381627060842164e-05,6,61.18181800842285,1.0417595499212091,-1.0
0.0342178811163952,0.004410077972958486,80,0.34776601498015225,1e-05,6,61.09090906923468,1.0516407641497525,-1.0
0.03731648516841233,0.015403918828815222,1,0.5273697420489043,0.000999618372939158,7,10.333333373069763,4.9297654247283935,-1.0
0.0339172150939703,0.003338444815017283,2,0.3727024809923023,0.0009984740801978985,7,15.916666666666666,2.756803512573242,-1.0
0.028452721098437904,0.002833468304015696,3,0.3130238098092377,0.0009965688861926887,7,17.000000019868214,2.1808384227752686,-1.0
0.008797617815434932,0.003958374983631075,4,0.12770765204913914,0.0009939057285945933,7,18.583333333333332,2.1419616667429606,-1.0
0.033850838686339556,0.004255600715987384,5,0.38121026498265564,0.0009904887137995992,7,19.583333333333332,2.0892508951822917,-1.0
0.03393068925943225,0.002929552039131522,6,0.36874359799548984,0.00098632311059685,7,21.166666666666668,2.0625406885147095,-1.0
0.03462561161722988,0.004183874675072729,7,0.3882605649996549,0.0009814153420445555,7,21.166666666666668,2.0225817855199177,-1.0
0.0343120503006503,0.004153696494176984,8,0.38479451602324843,0.0009757729755661012,7,22.416666706403095,2.006670738855998,-1.0
0.03408584648277611,0.006121959816664457,9,0.4022094220854342,0.0009694047112816298,7,24.25000007947286,1.96555908203125,-1.0
0.025742989592254163,0.005499131116084755,10,0.31255077407695353,0.0009623203685930871,7,24.50000007947286,1.9664233414332073,-1.0
0.0082493374357,0.004551122360862791,11,0.12812510202638805,0.0009545308710434153,7,25.50000003973643,1.9325681559244792,-1.0
0.03415491599589586,0.00407287860289216,12,0.3824177181813866,0.0009460482294732422,7,26.25,1.9168796777725219,-1.0
0.03417450333945453,0.0029368350515142083,13,0.37124286009930074,0.0009368855235010348,7,26.75000003973643,1.8980272420247395,-1.0
0.034061060776002704,0.006502455705776811,14,0.4057786031626165,0.0009270568813552758,7,28.333333373069763,1.884021201133728,-1.0
0.03390584827866405,0.004003820335492491,15,0.37923311395570636,0.0009165774580897602,7,29.416666706403095,1.8458801253636679,-1.0
0.033922338671982286,0.0040098146302625535,16,0.3794573089107871,0.0009054634122155992,7,26.833333333333332,1.859639178911845,-1.0
0.02759425553958863,0.003122362750582397,17,0.3072728351689875,0.0008937318807859689,7,31.166666666666668,1.8271605412165324,-1.0
0.012611072883009911,0.004802573123015463,18,0.1742410089354962,0.0008814009529720156,7,30.666666746139526,1.7962381982803344,-1.0
0.034048765036277476,0.0035467838635668157,19,0.37608372303657234,0.0008684896421706646,7,32.75,1.766093544960022,-1.0
0.03396358729805797,0.003969038999639451,20,0.3794558288063854,0.0008550178566873412,7,33.58333341280619,1.7597501611709594,-1.0
0.03388314670883119,0.0040374583099037405,21,0.3793336630333215,0.0008410063690388064,7,33.08333337306976,1.7511896769205728,-1.0
0.0338882413925603,0.002872777311131358,22,0.3677395540289581,0.0008264767839234412,7,35.33333337306976,1.6839409399032592,-1.0
0.03401764880400151,0.0026632047025486826,23,0.36695432709529996,0.000811451504908368,7,33.75000007947286,1.7130599975585938,-1.0
0.029536043712869286,0.0030519395833835004,24,0.3260114439763129,0.0007959536998847743,7,34.416666746139526,1.692835389773051,-1.0
0.008606837945990264,0.0049070692621171474,25,0.13526641600765288,0.0007800072653447032,7,35.25,1.6615618149439493,-1.0
0.03362873159348965,0.0029544459888711573,26,0.3659588289447129,0.0007636367895343947,7,37.33333341280619,1.6703140783309935,-1.0
0.0340361304115504,0.003936533606611193,27,0.3798569580540061,0.0007468675145409928,7,37.083333333333336,1.6500414005915325,-1.0
0.03403687730897218,0.0044220292940735815,28,0.38472053594887257,0.0007297252973710758,7,34.58333341280619,1.663776043256124,-1.0
0.033883307781070474,0.0043319201096892355,29,0.38227018900215626,0.0007122365700810271,7,36.916666746139526,1.6330573018391927,-1.0
0.033953051455318926,0.004086617636494339,30,0.3805056158453226,0.0006944282990207196,7,37.83333341280619,1.6361173009872436,-1.0
0.03256293416488916,0.0032238193321973085,31,0.35799024091102183,0.0006763279432533592,7,37.416666746139526,1.5924760945638021,-1.0
0.008201457187533378,0.002695750119164586,32,0.10909288702532649,0.0006579634122155992,7,37.75000007947286,1.6037807194391887,-1.0
0.025325612747110426,0.0028191464487463238,33,0.2816339449491352,0.000639363022683212,7,39.58333341280619,1.576598203976949,-1.0
0.033822225080803035,0.002536247530952096,34,0.3637220950331539,0.0006205554551086735,7,40.4166667064031,1.5771598307291668,-1.0
0.03403278021141887,0.0038828263757750394,35,0.37930033495649695,0.0006015697093979838,7,38.1666667064031,1.5736434936523438,-1.0
0.034220253280363974,0.00422012060880661,36,0.3845262648537755,0.0005824350601949146,7,42.75000015894572,1.533928017616272,-1.0
0.03401946378871799,0.004357551620341837,37,0.38387747621163726,0.0005631810117416299,7,39.416666666666664,1.5303546126683554,-1.0
0.03405497537460178,0.004159310506656766,38,0.3822491888422519,0.0005438372523852835,7,39.25,1.540461680094401,-1.0
0.011927668913267553,0.004117181384935975,39,0.16055110888555646,0.0005244336088007391,7,42.6666667064031,1.4941270701090494,-1.0
0.016663142666220664,0.003360377228818834,40,0.20034594810567796,0.0005050000000000001,7,42.00000003973643,1.4884763844807942,-1.0
0.03403464748989791,0.0043979263165965675,41,0.384457518812269,0.0004855663911992613,7,42.75000003973643,1.4714171330134074,-1.0
0.033973615360446276,0.003635516460053623,42,0.3761992121580988,0.00046616274761471693,7,43.50000007947286,1.501529361406962,-1.0
0.03385959242004901,0.004218494077213109,43,0.3808897000271827,0.00044681898825837057,7,44.25,1.4768893432617187,-1.0
0.033912313869223,0.004227699036709965,44,0.3815129299182445,0.000427564939805086,7,43.75,1.4799441798528035,-1.0
0.03440781880635768,0.004083897289820016,45,0.38504675892181695,0.00040843029060201667,7,44.91666682561239,1.4555122232437134,-1.0
0.019293141085654497,0.003951086616143584,46,0.23256507399491966,0.000389444544891327,7,45.5,1.432486572265625,-1.0
0.01374024711549282,0.0048622727859765295,47,0.18613468599505723,0.0003706369773167883,7,44.50000007947286,1.4618556229273478,-1.0
0.03402038987260312,0.004004975245334208,48,0.38036125409416854,0.0003520365877844012,7,45.083333333333336,1.4262821054458619,-1.0
0.03440982091706246,0.002645340678282082,49,0.3706627548672259,0.0003336720567466412,7,45.0,1.4244591283798218,-1.0
0.034015513770282266,0.004448201623745263,50,0.3847454290371388,0.0003155717009792807,7,45.75000003973643,1.4110642242431641,-1.0
0.03393450495786965,0.003984579164534807,51,0.37929560989141464,0.00029776342991897335,7,47.25,1.3748334248860676,-1.0
0.034041030681692064,0.0028596592135727407,52,0.36912281485274434,0.00028027470262892445,7,46.166666666666664,1.393273024559021,-1.0
0.025696864491328596,0.0037375148152932526,53,0.2944856979884207,0.0002631324854590073,7,48.00000007947286,1.387014185587565,-1.0
0.013695582188665867,0.004609464411623776,54,0.18317669699899852,0.0002463632104656054,7,45.916666666666664,1.377345059712728,-1.0
0.03379936469718814,0.002887937123887241,55,0.3670114688575268,0.0002299927346552969,7,46.75,1.3650506353378296,-1.0
0.03403477419633418,0.003944016504101455,56,0.3799189969431609,0.00021404630011522587,7,48.66666682561239,1.340388692220052,-1.0
0.03407635949552059,0.004321227315813303,57,0.384104214143008,0.00019854849509163232,7,49.00000007947286,1.3167063760757447,-1.0
0.03393648094497621,0.00421132433693856,58,0.38160344399511814,0.00018352321607655918,7,45.83333337306976,1.3684338267644247,-1.0
0.03393758940510452,0.005971646192483604,59,0.3992045158520341,0.00016899363096119395,7,47.25000003973643,1.3533454275131225,-1.0
0.023869984061457218,0.0039556030416861175,60,0.2783630029298365,0.000154982143312659,7,50.33333341280619,1.3268043788274129,-1.0
0.011948462924920022,0.005198286077938974,61,0.17157542402856052,0.0001415103578293356,7,48.75,1.3155485900243122,-1.0
0.03396240356378257,0.0038545913295820354,62,0.3782986639998853,0.0001285990470279847,7,50.08333349227905,1.3113965241114298,-1.0
0.033986430452205244,0.004095476842485369,63,0.3809361110907048,0.0001162681192140312,7,48.916666666666664,1.3320604578653972,-1.0
0.03398568301927298,0.003165257070213556,64,0.37163368915207684,0.00010453658778440107,7,50.58333341280619,1.3079403448104858,-1.0
0.033969226852059366,0.004794669733382761,65,0.38774911290965974,9.342254191024022e-05,7,51.00000007947286,1.2770404799779256,-1.0
0.03408186354208738,0.005542697152122855,66,0.3963772680144757,8.294311864472437e-05,7,50.916666746139526,1.2619899241129557,-1.0
0.021934849210083485,0.0054833046859130265,67,0.2743251060601324,7.311447649896551e-05,7,51.50000007947286,1.2912837982177734,-1.0
0.008968792017549276,0.004594281199388206,68,0.13577135582454503,6.395177052675794e-05,7,51.916666746139526,1.2745132843653362,-1.0
0.03380376307759434,0.004382830043323338,69,0.3820107220672071,5.546912895658472e-05,7,50.00000007947286,1.2889547602335611,-1.0
0.033930625021457675,0.003660283470526338,70,0.3760277449619025,4.767963140691306e-05,7,51.416666746139526,1.2657673374811809,-1.0
0.03398248723242432,0.003189894976094365,71,0.3718368839472532,4.059528871837034e-05,7,52.16666682561239,1.2495735931396483,-1.0
0.03380375262349844,0.003283570380881429,72,0.37099014688283205,3.4227024433899e-05,7,52.08333341280619,1.2619579696655274,-1.0
0.0339121419005096,0.0030147630954161287,73,0.36937701306305826,2.8584657955444653e-05,7,54.00000015894572,1.2394877990086874,-1.0
0.030607198271900414,0.004590082541108131,74,0.35207525407895446,2.367688940315011e-05,7,52.50000007947286,1.2423637517293293,-1.0
0.009779983176849782,0.004772144136950374,75,0.14566657389514148,1.951128620040094e-05,7,52.58333341280619,1.2520880365371705,-1.0
0.033853821479715406,0.004362870519980788,76,0.38233374315313995,1.6094271405406862e-05,7,53.583333333333336,1.2566472991307576,-1.0
0.03397278778720647,0.004528805310837924,77,0.38514585816301405,1.3431113807311488e-05,7,50.83333341280619,1.2822074270248414,-1.0
0.033994704764336345,0.0027530614519491793,78,0.36760751996189356,1.1525919802101659e-05,7,52.58333349227905,1.2586471064885458,-1.0
0.033910845103673634,0.006867845798842609,79,0.40792224393226206,1.0381627060842164e-05,7,52.91666682561239,1.2359081761042277,-1.0
0.0337262878427282,0.003214336954988539,80,0.369535022880882,1e-05,7,53.75000003973643,1.2504458729426067,-1.0
0.036479354264553294,0.014052473834123124,1,0.5560215900186449,0.000999618372939158,8,12.153846154992397,4.250085072884193,-1.0
0.008426567264409228,0.002539130181751468,2,0.12073991098441184,0.0009984740801978985,8,17.307692309984795,2.3234068870544435,-1.0
0.03393888909539038,0.0037341030018234796,3,0.41451790905557573,0.0009965688861926887,8,16.923076932246868,2.18070011982551,-1.0
0.03380655846558511,0.0029843390749936752,4,0.40480779600329697,0.0009939057285945933,8,20.46153847070841,2.1064738574394815,-1.0
0.03393125758421692,0.002781826960430904,5,0.4039591739419848,0.0009904887137995992,8,24.38461539378533,2.056744292332576,-1.0
0.0338087915442884,0.003613031638616865,6,0.41174790915101767,0.00098632311059685,8,25.84615385532379,2.012990345588097,-1.0
0.03394988765516742,0.0024882245978171177,7,0.40092891082167625,0.0009814153420445555,8,24.538461543046513,1.978657696063702,-1.0
0.01745634291067042,0.0035807327155701137,8,0.23151412419974804,0.0009757729755661012,8,27.84615385532379,1.9080042439240676,-1.0
0.015968669904395938,0.0055450127375396814,9,0.23677766206674278,0.0009694047112816298,8,27.461538466123436,1.8947257173978365,-1.0
0.03392889416268603,0.0025150445501574063,10,0.40104795596562326,0.0009623203685930871,8,28.38461537544544,1.8558359006734995,-1.0
0.033815066181969916,0.002853249919346788,11,0.4034959659911692,0.0009545308710434153,8,31.769230778400715,1.8264303830953745,-1.0
0.03391197611662475,0.002581645692275329,12,0.4015663268510252,0.0009460482294732422,8,29.846153836983902,1.8210230434857881,-1.0
0.034639879912984645,0.0022699866359206762,13,0.4061412438750267,0.0009368855235010348,8,31.076923067753132,1.8055127892127403,-1.0
0.03485209079967304,0.002675905739041892,14,0.4129563069436699,0.0009270568813552758,8,31.000000002292488,1.7948704646183895,-1.0
0.013396074572070078,0.0024907299613749437,15,0.17488409602083266,0.0009165774580897602,8,32.07692306775313,1.7894526092822736,-1.0
0.028727554398673503,0.004443315429274331,16,0.3650137819349766,0.0009054634122155992,8,31.692307710647583,1.771742225426894,-1.0
0.03382575952193954,0.002415871565145525,17,0.39879232621751726,0.0008937318807859689,8,30.615384633724506,1.781024734056913,-1.0
0.03402338841591369,0.0026136127681556072,18,0.4031442520208657,0.0008814009529720156,8,33.07692309526297,1.7307217179811918,-1.0
0.0341099609663202,0.004173236306418072,19,0.42124930303543806,0.0008684896421706646,8,34.92307695058676,1.7100491094589234,-1.0
0.034070501421493565,0.003822960573333231,20,0.4169597220607102,0.0008550178566873412,8,36.538461547631485,1.6908744922051062,-1.0
0.025352430551058867,0.0035872770769690924,21,0.3184673918876797,0.0008410063690388064,8,35.69230768313775,1.6966562128067018,-1.0
0.009632955008948391,0.003946819088675759,22,0.1495029660873115,0.0008264767839234412,8,32.76923078757066,1.6892511455829327,-1.0
0.03391668905334717,0.002461860485544259,23,0.4002942629158497,0.000811451504908368,8,35.69230771064758,1.6532743021158072,-1.0
0.03399599688550965,0.0034123890271241016,24,0.41159860603511333,0.0007959536998847743,8,37.76923076923077,1.640472599543058,-1.0
0.033877092667601326,0.0045812470542097635,25,0.4231520139146596,0.0007800072653447032,8,36.69230768313775,1.636409255541288,-1.0
0.033839534375477924,0.0036884361708706074,26,0.41291408706456423,0.0007636367895343947,8,38.15384617218604,1.6280025775615985,-1.0
0.0339825008995831,0.003974180012433367,27,0.41763508901931345,0.0007468675145409928,8,37.76923079674061,1.6563246272160457,-1.0
0.014625103403390809,0.003740637055174871,28,0.20212984713725746,0.0007297252973710758,8,39.38461541212522,1.5539591154685388,-1.0
0.02307472119785168,0.004233769352801822,29,0.3004984559956938,0.0007122365700810271,8,38.461538452368515,1.5653640747070312,-1.0
0.03387681758877906,0.0023751859553158283,30,0.39888591202907264,0.0006944282990207196,8,40.30769233520214,1.5760729510967548,-1.0
0.0339606756513769,0.002578031906688755,31,0.4020341190043837,0.0006763279432533592,8,39.92307693224687,1.5491115166590763,-1.0
0.033917518417266285,0.00249065649272366,32,0.4005976067855954,0.0006579634122155992,8,41.38461539378533,1.5355610546698937,-1.0
0.03397900427014313,0.002759025918997147,33,0.40422723698429763,0.000639363022683212,8,41.38461538461539,1.5492908892264734,-1.0
0.03221984895538877,0.004801283146000721,34,0.4073336769361049,0.0006205554551086735,8,41.07692311360286,1.5383975689227765,-1.0
0.008616889382458547,0.003944158448245038,35,0.1382765150628984,0.0006015697093979838,8,41.615384642894455,1.5131683943821834,-1.0
0.03372456802224571,0.0025556332389400764,36,0.39922367804683745,0.0005824350601949146,8,41.76923076923077,1.5127873237316425,-1.0
0.03387499738230624,0.0024753586092794485,37,0.3999600778333843,0.0005631810117416299,8,43.461538466123436,1.488734095279987,-1.0
0.03382171580398625,0.003685014745728536,38,0.4127006088383496,0.0005438372523852835,8,45.15384615384615,1.4846043278620793,-1.0
0.03418810564008626,0.004656854911114682,39,0.42740960186347365,0.0005244336088007391,8,45.76923079674061,1.450485346867488,-1.0
0.033892021027647636,0.004939688517796722,40,0.42725949292071164,0.0005050000000000001,8,43.30769231686225,1.468757160626925,-1.0
0.01637263528325341,0.0035093890884044495,41,0.21880882000550628,0.0004855663911992613,8,46.30769231227728,1.4338589477539063,-1.0
0.020330123349346897,0.004549045200374993,42,0.27377991913817823,0.00046616274761471693,8,43.846153882833626,1.4216255547450138,-1.0
0.03379603500731967,0.002441741991788149,43,0.39872114709578454,0.00044681898825837057,8,44.538461529291595,1.448641357421875,-1.0
0.03400140338238667,0.00553140188144012,44,0.43497492000460625,0.000427564939805086,8,46.38461541212522,1.408929549730741,-1.0
0.033911789979108355,0.005660144823857329,45,0.43540017679333687,0.00040843029060201667,8,48.23076923076923,1.386696002299969,-1.0
0.033893043344671074,0.005695821378718723,46,0.43558758799917996,0.000389444544891327,8,47.53846155680143,1.405737515596243,-1.0
0.025850059379908173,0.0052567018746313724,47,0.3422798649407923,0.0003706369773167883,8,46.23076923993918,1.4024844242976262,-1.0
0.008271632631393995,0.0029751934661445293,48,0.12381889298558235,0.0003520365877844012,8,47.6153846520644,1.3507693015612088,-1.0
0.03384103143418377,0.0024973536545241422,49,0.39983378490433097,0.0003336720567466412,8,48.23076924910912,1.3639770038311299,-1.0
0.03383521892299706,0.0038841392590918326,50,0.41502245608717203,0.0003155717009792807,8,47.76923078757066,1.358322061758775,-1.0
0.03400220779109408,0.004352731291543354,51,0.4220157489180565,0.00029776342991897335,8,47.38461538461539,1.3619188389411339,-1.0
0.03388272382488305,0.0026652937204661694,52,0.4021414660383016,0.00028027470262892445,8,48.76923078757066,1.3197380421711848,-1.0
0.03390428199517456,0.006046886534684084,53,0.4395686248317361,0.0002631324854590073,8,49.615384642894455,1.3067026692170363,-1.0
0.012960630299692804,0.005828079428862442,54,0.206782016903162,0.0002463632104656054,8,50.76923076923077,1.2974768998072697,-1.0
0.02733457924544134,0.0028641536747190085,55,0.3323238810990006,0.0002299927346552969,8,49.15384618135599,1.3105878617213322,-1.0
0.033907771851359444,0.0046589885288002815,56,0.4243735650088638,0.00021404630011522587,8,52.23076924910912,1.2894867405524622,-1.0
0.03399741408330473,0.003839376467195424,57,0.41633755806833506,0.00019854849509163232,8,51.538461565971375,1.3099313713954046,-1.0
0.03389749673872509,0.0035212279974736953,58,0.41172726592049,0.00018352321607655918,8,50.46153847987835,1.2796727220828716,-1.0
0.033824534324759785,0.0024437286721711807,59,0.39906091010197997,0.00016899363096119395,8,51.76923080591055,1.2599142456054688,-1.0
0.024853977755728094,0.004340598804198883,60,0.32124389987438917,0.000154982143312659,8,51.76923078757066,1.283449930044321,-1.0
0.012176912553100423,0.0036862283437089486,61,0.17460445710457861,0.0001415103578293356,8,50.38461537544544,1.283513394502493,-1.0
0.03384202934632247,0.0035211358388716526,62,0.4111231321003288,0.0001285990470279847,8,52.07692307692308,1.2794008111953736,-1.0
0.03392313473688608,0.004067864713513039,63,0.4180262538138777,0.0001162681192140312,8,53.000000027509834,1.2574867490621713,-1.0
0.03383379554460672,0.0038753387475894256,64,0.4149269990157336,0.00010453658778440107,8,51.38461538461539,1.2553675732245813,-1.0
0.033999501494690776,0.003782050154933875,65,0.4157614069990814,9.342254191024022e-05,8,52.6153846337245,1.23748153759883,-1.0
0.03407528717070818,0.0038939687550406566,66,0.4178111420478672,8.294311864472437e-05,8,52.76923076006082,1.2456160435309778,-1.0
0.01061115934598175,0.002442864468321204,67,0.14370205695740879,7.311447649896551e-05,8,53.84615384615385,1.2450046832744892,-1.0
0.02473564943383363,0.003949107835069299,68,0.3156524321530014,6.395177052675794e-05,8,55.6153846520644,1.1964885770357572,-1.0
0.033999545012854716,0.005641597153788263,69,0.4361614789813757,5.546912895658472e-05,8,52.461538489048294,1.2302874407401452,-1.0
0.03398691547441889,0.005503787066448818,70,0.43451046803966165,4.767963140691306e-05,8,53.92307694141682,1.2268095053159274,-1.0
0.033970751079984686,0.0036473171150481157,71,0.4139126529917121,4.059528871837034e-05,8,55.0,1.1851228805688712,-1.0
0.034032872137190265,0.0037951064931059427,72,0.4162209059577435,3.4227024433899e-05,8,54.61538462455456,1.1927755029384906,-1.0
0.02328124401074919,0.0037955054589970546,73,0.2979501250665635,2.8584657955444653e-05,8,53.53846159348121,1.206981571637667,-1.0
0.01179314823821187,0.00363103850659999,74,0.16977531998418272,2.367688940315011e-05,8,53.07692307692308,1.1910566249260535,-1.0
0.03398214284838601,0.00321177488446913,75,0.40924091916531324,1.951128620040094e-05,8,54.461538489048294,1.20864642730126,-1.0
0.03403099700385197,0.0035701332698491487,76,0.41372042684815824,1.6094271405406862e-05,8,54.07692307692308,1.2131961761988126,-1.0
0.03395103479058228,0.0036595369350503793,77,0.4138248939998448,1.3431113807311488e-05,8,53.69230771064758,1.2030675330528846,-1.0
0.03402987143702128,0.0036094917450100183,78,0.4141519349068403,1.1525919802101659e-05,8,54.07692307692308,1.2140096807479859,-1.0
0.03380927985364741,0.0024203256153586235,79,0.3986352270003408,1.0381627060842164e-05,8,54.69230771064758,1.1952576864682711,-1.0
0.013347537426108664,0.002625748303464868,80,0.17581794294528663,1e-05,8,54.92307692307692,1.2038635848118708,-1.0
0.016961850691586733,0.014317868870090355,1,0.3442148140165955,0.000999618372939158,9,12.071428605488368,4.023867718832833,-1.0
0.027880038452250035,0.0022970617283135653,2,0.33206976810470223,0.0009984740801978985,9,18.142857262066432,2.3972689042772566,-1.0
0.03435511605560102,0.0024068774867125535,3,0.40449777501635253,0.0009965688861926887,9,23.714285850524902,2.083455983570644,-1.0
0.03429428119720383,0.002481381091373888,4,0.40464677894487977,0.0009939057285945933,9,24.14285727909633,2.018443909372602,-1.0
0.034217736747285184,0.0028564208822155542,5,0.40792914596386254,0.0009904887137995992,9,25.928571479661123,1.9478365612030029,-1.0
0.03430197523398833,0.0024525411215356803,6,0.4044096269644797,0.00098632311059685,9,26.000000136239187,1.9081672062192645,-1.0
0.029327087464149703,0.00259207726710222,7,0.3512144801206887,0.0009814153420445555,9,28.285714387893677,1.903576831817627,-1.0
0.008994231360371818,0.0025129398246380415,8,0.1266895600128919,0.0009757729755661012,9,28.500000076634542,1.8564519432612827,-1.0
0.034160585925829684,0.002356219253587452,9,0.4017919709440321,0.0009694047112816298,9,28.571428758757456,1.817048693384443,-1.0
0.034394032237204636,0.002372431124306538,10,0.4045398619491607,0.0009623203685930871,9,32.71428574834551,1.7762947307314192,-1.0
0.03418910577469929,0.002695066388696432,11,0.40583683201111853,0.0009545308710434153,9,33.85714306150164,1.7754541444778442,-1.0
0.03435911936685443,0.00409111317077821,12,0.4230617340654135,0.0009460482294732422,9,31.50000022138868,1.758828695842198,-1.0
0.0343637981409715,0.003599711037664251,13,0.41771286516450346,0.0009368855235010348,9,35.285714507102966,1.691805201939174,-1.0
0.02016672674058513,0.002840818985449997,14,0.25318853300996125,0.0009270568813552758,9,35.2142859356744,1.6880261053357806,-1.0
0.02264226134866476,0.004818301034075293,15,0.30217521102167666,0.0009165774580897602,9,35.07142880984715,1.656071583202907,-1.0
0.03420006492259828,0.0024349648209119387,16,0.4030947629362345,0.0009054634122155992,9,38.285714404923574,1.6382386602674213,-1.0
0.03427295344458385,0.0026648801074109292,17,0.4064283489715308,0.0008937318807859689,9,37.2142858675548,1.6291953338895526,-1.0
0.03426290828395973,0.0033474457238546825,18,0.41382821719162166,0.0008814009529720156,9,37.64285743236542,1.6137520524433682,-1.0
0.034221596105701545,0.0027849276084452868,19,0.4071792238391936,0.0008684896421706646,9,36.85714306150164,1.60906450680324,-1.0
0.03425087773410434,0.003547290445898067,20,0.4158895460423082,0.0008550178566873412,9,37.57142863954817,1.5843777002607073,-1.0
0.009063487427986482,0.002666604302992875,21,0.12913892301730812,0.0008410063690388064,9,41.07142872469766,1.5457473502840315,-1.0
0.03228775011798875,0.0027672945183109155,22,0.3857249729335308,0.0008264767839234412,9,42.071428656578064,1.5371266603469849,-1.0
0.034243489763784135,0.0034760278649628162,23,0.415022597881034,0.000811451504908368,9,41.42857166699001,1.5360551868166243,-1.0
0.03419608305293051,0.003012404396114024,24,0.40940113505348563,0.0007959536998847743,9,42.92857166699001,1.4941505105154855,-1.0
0.03436682036739181,0.003923784920268438,25,0.42130362009629607,0.0007800072653447032,9,41.92857156481062,1.5081441593170166,-1.0
0.03429926976307549,0.0036816685883836312,26,0.4178994868416339,0.0007636367895343947,9,42.57142880984715,1.4825580406188965,-1.0
0.020543416348201306,0.003655558917671442,27,0.26629503909498453,0.0007468675145409928,9,43.64285736424582,1.4556981468200683,-1.0
0.008464494571936402,0.002554152605377815,28,0.12131558707915246,0.0007297252973710758,9,44.500000153269085,1.4457300887789044,-1.0
0.03432811127806252,0.0030445054342800922,29,0.4112053650896996,0.0007122365700810271,9,45.28571472849165,1.4357674217224121,-1.0
0.034341818864711306,0.003173181681301106,30,0.4127675909548998,0.0006944282990207196,9,47.285714456013274,1.393753251348223,-1.0
0.03428123546340926,0.003462927183136344,31,0.4152910888660699,0.0006763279432533592,9,49.21428605488369,1.399229792186192,-1.0
0.03423582275652073,0.003314652522517876,32,0.4131614479701966,0.0006579634122155992,9,47.928571701049805,1.3694826548440115,-1.0
0.03424269549379295,0.002594847867096012,33,0.40532672009430826,0.000639363022683212,9,49.07142857142857,1.348937326839992,-1.0
0.01822289238175885,0.0027368722737512803,34,0.230660306988284,0.0006205554551086735,9,50.78571455819266,1.3402146659578595,-1.0
0.019098259042948484,0.0046504272190345955,35,0.26134313200600445,0.0006015697093979838,9,49.785714456013274,1.3414823947634016,-1.0
0.03439417299391194,0.0024672279092059894,36,0.40558481588959694,0.0005824350601949146,9,50.57142869063786,1.3146790313720702,-1.0
0.03433667692694475,0.004030419704080982,37,0.4221625318750739,0.0005631810117416299,9,49.071428877966746,1.30703122820173,-1.0
0.03427396685054356,0.002520842689343474,38,0.4048789609223604,0.0005438372523852835,9,52.28571466037205,1.3021487181527274,-1.0
0.034301602535627106,0.0033853054681623525,39,0.414661729009822,0.0005244336088007391,9,52.14285755157471,1.2561986582619804,-1.0
0.034229694357649845,0.003372336018153212,40,0.4137339040171355,0.0005050000000000001,9,54.642857449395315,1.2227496801103865,-1.0
0.008712705796245824,0.0024396139197051525,41,0.12277642986737192,0.0004855663911992613,9,51.07142860548837,1.2336968265260968,-1.0
0.028737793994051488,0.002751074625517834,42,0.34648616006597877,0.00046616274761471693,9,54.71428608894348,1.2268483366285052,-1.0
0.034352282168005004,0.002398558913476088,43,0.4043685691431165,0.00044681898825837057,9,53.21428608894348,1.2186140380586896,-1.0
0.03430723411623727,0.0037023424255577,44,0.41821342590264976,0.000427564939805086,9,57.071428707667756,1.157998835018703,-1.0
0.03435582855970345,0.003763114716011015,45,0.41943338606506586,0.00040843029060201667,9,55.000000323568074,1.2025306681224277,-1.0
0.034258833663030105,0.0034676423423330893,46,0.41512482799589634,0.000389444544891327,9,54.428571462631226,1.1859639944349016,-1.0
0.02648274020545862,0.0025989853522994304,47,0.32002792693674564,0.0003706369773167883,9,56.64285748345511,1.1582329171044485,-1.0
0.008781928463246335,0.0028239901770244946,48,0.12778178206644952,0.0003520365877844012,9,57.35714316368103,1.1230668245043074,-1.0
0.03424462889829143,0.0027280047281899237,49,0.40684241685085,0.0003336720567466412,9,56.42857156481062,1.1226831558772496,-1.0
0.03420964617874812,0.002992594085464423,50,0.4093597379978746,0.0003155717009792807,9,57.714286123003276,1.1277095556259156,-1.0
0.0343266269615428,0.0041559777561236515,51,0.4234436771366745,0.00029776342991897335,9,57.85714306150164,1.1079411935806274,-1.0
0.03433568712154573,0.0037607807793061843,52,0.41920009814202785,0.00028027470262892445,9,58.78571442195347,1.0807389797483171,-1.0
0.034381198887289924,0.004135001937604763,53,0.42381312302313745,0.0002631324854590073,9,58.71428574834551,1.0648824998310633,-1.0
0.016422266394577244,0.0034078866116363893,54,0.21825630217790604,0.0002463632104656054,9,61.142857381275725,1.0580011892318726,-1.0
0.023057574469765477,0.002473149977793748,55,0.28096472984179854,0.0002299927346552969,9,61.714285952704294,1.0416586855479648,-1.0
0.034253776242787186,0.0024022330233657904,56,0.40334682003594935,0.00021404630011522587,9,62.50000034059797,1.0266724858965193,-1.0
0.03430132100104608,0.003626562633805654,57,0.4173376988619566,0.00019854849509163232,9,60.57142901420593,1.0625796999250139,-1.0
0.0345745176627216,0.0026667197023264384,58,0.40979283209890127,0.00018352321607655918,9,60.571428877966746,1.0401860284805298,-1.0
0.034375052391128105,0.003828006987036629,59,0.42036534287035465,0.00016899363096119395,9,63.00000034059797,1.0092897483280727,-1.0
0.03260707533494993,0.003499380566857078,60,0.397300201933831,0.000154982143312659,9,60.4285717691694,1.0108757414136613,-1.0
0.010011475829576904,0.0035579684402116322,61,0.1493921810761094,0.0001415103578293356,9,63.214286123003276,0.991507476397923,-1.0
0.034563078079372644,0.0036717290058732033,62,0.42072173790074885,0.0001285990470279847,9,62.214286020823884,0.9855442517144339,-1.0
0.03436380362307483,0.0034531513864005155,63,0.41611946700140834,0.0001162681192140312,9,63.214286020823884,0.9969210805211748,-1.0
0.034439293752339756,0.004165478706867857,64,0.424786260118708,0.00010453658778440107,9,63.21428605488369,0.9789956508363996,-1.0
0.034361503827808934,0.0044305359902368354,65,0.42685805982910097,9.342254191024022e-05,9,62.000000374657766,0.9926490603174483,-1.0
0.0343497823712162,0.0040848597206852655,66,0.4229147059377283,8.294311864472437e-05,9,63.07142880984715,0.9647926207951137,-1.0
0.01340865246443586,0.00430320254103704,67,0.19496125192381442,7.311447649896551e-05,9,62.21428619112287,0.9858855628967285,-1.0
0.026534272378987887,0.0038234317167238755,68,0.334068289026618,6.395177052675794e-05,9,65.21428602082389,0.9349699868474688,-1.0
0.03427914007228206,0.002675000281835144,69,0.40660432912409306,5.546912895658472e-05,9,65.00000047683716,0.9473875798497882,-1.0
0.03425243592143736,0.004532503810795871,70,0.42674628691747785,4.767963140691306e-05,9,63.642857449395315,0.9596407651901245,-1.0
0.03431236047551713,0.0036491296169432726,71,0.4176888919901103,4.059528871837034e-05,9,64.42857149669102,0.9431648199898856,-1.0
0.03437305438670923,0.0030499291606247425,72,0.4117646189406514,3.4227024433899e-05,9,64.28571472849164,0.9130914654050555,-1.0
0.026336284015666355,0.004567872076718645,73,0.3400500251445919,2.8584657955444653e-05,9,64.28571445601327,0.94564720085689,-1.0
0.017301100941205568,0.0038429536983709445,74,0.23269214387983084,2.367688940315011e-05,9,66.21428608894348,0.9287288553374154,-1.0
0.034244100309231064,0.003651518522846428,75,0.416961062932387,1.951128620040094e-05,9,65.78571472849164,0.928817013331822,-1.0
0.034303809770128944,0.003133403052660552,76,0.41191572113893926,1.6094271405406862e-05,9,65.57142901420593,0.9225868494170053,-1.0
0.03435018446973779,0.003049764253029769,77,0.411508662160486,1.3431113807311488e-05,9,66.42857153075082,0.9142018389701844,-1.0
0.034285315524109385,0.0032500397540967574,78,0.41299643204547465,1.1525919802101659e-05,9,64.28571483067104,0.9496613856724331,-1.0
0.03425353581339798,0.0027982572686265817,79,0.40768450894393027,1.0381627060842164e-05,9,65.28571442195347,0.9152355446134295,-1.0
0.010736432688480074,0.00248753539794548,80,0.14556874800473452,1e-05,9,65.4285717351096,0.9321121062551226,-1.0
0.010414086728511998,0.013494987758652618,1,0.2870686750393361,0.000999618372939158,10,13.933333357175192,3.686124183019002,-1.0
0.034004440589342266,0.002218279657730212,2,0.4348340081050992,0.0009984740801978985,10,17.666666642824808,2.226911460876465,-1.0
0.034182524910041444,0.0025122210887881615,3,0.4404937489889562,0.0009965688861926887,10,23.266666785875955,2.0948720677693684,-1.0
0.03431036424202224,0.0023247817686448493,4,0.439751188037917,0.0009939057285945933,10,24.333333349227907,2.0102227754592894,-1.0
0.03426643752027303,0.004105591059972842,5,0.46057588304392993,0.0009904887137995992,10,25.733333333333334,1.966628012975057,-1.0
0.03391780098900199,0.0028030202568819127,6,0.440755024086684,0.00098632311059685,10,28.266666634877524,1.9035871585210165,-1.0
0.008965017642670622,0.00366956969567885,7,0.15171904512681067,0.0009814153420445555,10,28.600000087420145,1.8766506363550821,-1.0
0.03400580734402562,0.00329682941082865,8,0.44775578915141523,0.0009757729755661012,10,28.799999968210855,1.8354427909851074,-1.0
0.03414417062109957,0.00280492453991125,9,0.4434978368226439,0.0009694047112816298,10,30.066666674613952,1.8404628915786743,-1.0
0.034694869905555,0.0028275890896717706,10,0.45038091694004834,0.0009623203685930871,10,30.666666769981383,1.7817824697494506,-1.0
0.03439149664094051,0.0034576808490479984,11,0.4543145790230483,0.0009545308710434153,10,30.53333342075348,1.7778982721964518,-1.0
0.03394622072422256,0.0025230449391528964,12,0.4377809150610119,0.0009460482294732422,10,31.999999952316283,1.773051310857137,-1.0
0.009576556059376648,0.0031484971210981407,13,0.1528147109784186,0.0009368855235010348,10,34.933333357175194,1.7058065611521402,-1.0
0.034157375746872276,0.002228829408219705,14,0.4367705478798598,0.0009270568813552758,10,34.13333335717519,1.696488200823466,-1.0
0.03427427409527203,0.0029451807495206594,15,0.44678949494846165,0.0009165774580897602,10,36.00000011920929,1.6934999621709188,-1.0
0.03425289459604149,0.0030573392480922243,16,0.44784206710755825,0.0009054634122155992,10,38.000000127156575,1.660209434191386,-1.0
0.034141314429386206,0.003016461560036987,17,0.44600892812013626,0.0008937318807859689,10,37.26666667461395,1.6447636286417644,-1.0
0.03415843908442184,0.002714063428963224,18,0.44257982610724866,0.0008814009529720156,10,39.933333357175194,1.6074220752716064,-1.0
0.010318567045032978,0.0035554610464411476,19,0.16661934601143003,0.0008684896421706646,10,38.80000012715657,1.5909875071843465,-1.0
0.03411254787351936,0.002438245884453257,20,0.4387548367958516,0.0008550178566873412,10,38.866666769981386,1.5780739663441976,-1.0
0.03422035333157206,0.0051191965079245465,21,0.47218650695867836,0.0008410063690388064,10,40.79999997615814,1.5641182072957356,-1.0
0.034214274298089244,0.004700403117264311,22,0.4670825710054487,0.0008264767839234412,10,40.333333285649616,1.566080685933431,-1.0
0.03420013990641261,0.0021335274213925004,23,0.43611438502557576,0.000811451504908368,10,39.93333334128062,1.515854413986206,-1.0
0.02997254898461203,0.004829298103383432,24,0.417736436938867,0.0007959536998847743,10,41.00000009536743,1.5160695781707765,-1.0
0.008751426668216785,0.003292330501911541,25,0.144633759977296,0.0007800072653447032,10,41.73333338896433,1.509890861193339,-1.0
0.034219967278962336,0.0021609796288733682,26,0.43668671790510416,0.0007636367895343947,10,42.80000002384186,1.4953619867960612,-1.0
0.034299059732196234,0.0032569089283545813,27,0.45077838585712016,0.0007468675145409928,10,45.00000004768371,1.4728472719192505,-1.0
0.03418132726801559,0.0022718666587024927,28,0.43754741200245917,0.0007297252973710758,10,44.40000003178914,1.462191445350647,-1.0
0.03423840244067833,0.003525475059480717,29,0.4532796209678054,0.0007122365700810271,10,45.06666671435038,1.4499091011683145,-1.0
0.034309437013386436,0.0023628747439943254,30,0.440175284165889,0.0006944282990207196,10,43.666666666666664,1.4514423100153606,-1.0
0.009330747280425081,0.003276288975030184,31,0.1513893238734454,0.0006763279432533592,10,44.26666674613953,1.4168638512293499,-1.0
0.028492466430179775,0.0029934863171850643,32,0.37794967112131417,0.0006579634122155992,10,46.46666664282481,1.4058412793477377,-1.0
0.034252498822752386,0.0023438974361245832,33,0.43928335793316364,0.000639363022683212,10,47.199999984105425,1.3531773173014323,-1.0
0.03414191629660005,0.0032121674545730152,34,0.4483793128747493,0.0006205554551086735,10,48.800000111262,1.381521370569865,-1.0
0.03422728774603456,0.0036618635058403015,35,0.4547983400989324,0.0006015697093979838,10,49.200000015894574,1.344894653002421,-1.0
0.03432666436613848,0.0037716503138653934,36,0.45730523602105677,0.0005824350601949146,10,48.53333339691162,1.355653615951538,-1.0
0.015089469185719887,0.0035681748025429747,37,0.224018540000543,0.0005631810117416299,10,48.600000047683714,1.327829307238261,-1.0
0.020316377029909443,0.002889330809315046,38,0.2785958470776677,0.0005438372523852835,10,48.80000004768372,1.3301821689605713,-1.0
0.03412332001607865,0.003275866406814506,39,0.4489205628633499,0.0005244336088007391,10,48.8,1.2972932443618774,-1.0
0.03413368955564996,0.0032905464565070965,40,0.4492189351003617,0.0005050000000000001,10,47.80000006357829,1.325924664815267,-1.0
0.03422531365261724,0.0036197624479730925,41,0.4542694080155343,0.0004855663911992613,10,51.2,1.2780442530314127,-1.0
0.034268995630554855,0.00222385754265512,42,0.4380418818909675,0.00046616274761471693,10,52.26666657129923,1.2376730779012044,-1.0
0.02468959641798089,0.003284079507769396,43,0.33580406312830746,0.00044681898825837057,10,51.866666587193805,1.2493541399637857,-1.0
0.012647863380455723,0.003228708946456512,44,0.19064650312066078,0.000427564939805086,10,53.26666668256124,1.2341912136077882,-1.0
0.034212999317484595,0.002390426117926836,45,0.4393675960600376,0.00040843029060201667,10,53.39999996821086,1.1987982063293456,-1.0
0.03417492361040786,0.0035298936224232116,46,0.45258591091260314,0.000389444544891327,10,53.80000009536743,1.2222016503016153,-1.0
0.03427101033351695,0.0034493705801044903,47,0.45277364808134735,0.0003706369773167883,10,54.13333325386047,1.2187792161305746,-1.0
0.034267715741104134,0.0036267711742160222,48,0.454861176898703,0.0003520365877844012,10,54.06666688919067,1.210191234588623,-1.0
0.03183518445196872,0.003501555552550902,49,0.42416712106205523,0.0003336720567466412,10,56.13333330154419,1.1545008166631063,-1.0
0.010142513395597538,0.003611245173184822,50,0.16516879107803106,0.0003155717009792807,10,56.73333325386047,1.1716485064824422,-1.0
0.034184122923761606,0.002378490074382474,51,0.4388796610292047,0.00029776342991897335,10,54.53333328564962,1.1784637015660604,-1.0
0.034221444628201425,0.003208724122184018,52,0.4492913209833205,0.00028027470262892445,10,57.266666587193804,1.1474778979619344,-1.0
0.03426195172748218,0.0035843156899015107,53,0.4547509499825537,0.0002631324854590073,10,56.266666587193804,1.1480442736943564,-1.0
0.03426872098740811,0.003527311666402966,54,0.45368811790831387,0.0002463632104656054,10,57.73333326975504,1.1219873943328857,-1.0
0.03421434275029848,0.003321013238746673,55,0.4505534181371331,0.0002299927346552969,10,59.66666679382324,1.0920467561086018,-1.0
0.009889764167989293,0.0033010950816484788,56,0.158422842156142,0.00021404630011522587,10,57.60000017484029,1.0952804355621337,-1.0
0.03407204587711021,0.002499682789978882,57,0.43899599998258054,0.00019854849509163232,10,58.333333508173624,1.0993299830754597,-1.0
0.03418136391943941,0.003247938429315885,58,0.44928381801582873,0.00018352321607655918,10,58.46666684150696,1.0690780595143636,-1.0
0.034261029485302665,0.003527820595384886,59,0.4535946261603385,0.00016899363096119395,10,60.66666682561239,1.0556981501579286,-1.0
0.03424422413809225,0.003474133360820512,60,0.4527597811538726,0.000154982143312659,10,60.13333355585734,1.062457052230835,-1.0
0.03423191098651538,0.0037494539283216,61,0.4559098710305989,0.0001415103578293356,10,60.53333328564962,1.0277043790817262,-1.0
0.009438338980544358,0.00362963235238567,62,0.15694323903881013,0.0001285990470279847,10,59.800000222524005,1.0358213316599527,-1.0
0.030569737078621984,0.002293713604255269,63,0.39449260709807277,0.0001162681192140312,10,62.86666685740153,1.027614696820577,-1.0
0.03433425157951812,0.0030610248407659433,64,0.4488731538876891,0.00010453658778440107,10,60.66666657129924,1.0269900833765666,-1.0
0.03426113992463797,0.003903013828676194,65,0.4581166869029403,9.342254191024022e-05,10,62.13333346048991,1.018839579264323,-1.0
0.03429239959223196,0.0022980087475540736,66,0.43923531798645854,8.294311864472437e-05,10,61.39999998410543,1.0232751995722453,-1.0
0.03433929892101636,0.0032936837524175644,67,0.45172655093483627,7.311447649896551e-05,10,61.19999990463257,1.017203365643819,-1.0
0.013258392146478096,0.0035609055194072425,68,0.20193376811221242,6.395177052675794e-05,10,61.466666825612386,0.9957199597358704,-1.0
0.021718648068296414,0.0037033428476812937,69,0.30517702200450003,5.546912895658472e-05,10,63.26666655540466,0.9860999113718668,-1.0
0.03430626599583775,0.0039029293499576547,70,0.4586199000477791,4.767963140691306e-05,10,61.80000009536743,1.0028458956082662,-1.0
0.0341906685110492,0.0034221661432335773,71,0.4514669571071863,4.059528871837034e-05,10,61.86666655540466,1.0030020065307617,-1.0
0.03431877043719093,0.0038335942469226816,72,0.4579382019583136,3.4227024433899e-05,10,63.13333357175191,0.9789961506525675,-1.0
0.034229009955500565,0.003766177959429721,73,0.45605428516864777,2.8584657955444653e-05,10,62.33333349227905,0.988245687007904,-1.0
0.02190893884593,0.0022988280785890916,74,0.29060668498277664,2.367688940315011e-05,10,63.73333357175191,0.9629081687927246,-1.0
0.013417973512938866,0.003840422820455084,75,0.20720974099822342,1.951128620040094e-05,10,63.46666674613952,0.9925277961095175,-1.0
0.03417100627363349,0.003602669962371389,76,0.45339183788746595,1.6094271405406862e-05,10,62.66666690508524,0.9624398142496745,-1.0
0.03432894451543689,0.002440930576995015,77,0.44135212409310043,1.3431113807311488e-05,10,62.40000015894572,0.9779981335004171,-1.0
0.03439028405894836,0.0034424831004192433,78,0.4541086198296398,1.1525919802101659e-05,10,65.13333350817362,0.9828550198872884,-1.0
0.034249284265873335,0.0032828187492365637,79,0.4504955729935318,1.0381627060842164e-05,10,64.20000022252401,0.9657810344696045,-1.0
0.031156779150478542,0.0031928964308463037,80,0.41230168705806136,1e-05,10,63.66666682561239,0.9737684820493062,-1.0
0.025415304582566023,0.012871940727703847,1,0.4978855869267136,0.000999618372939158,11,12.3125,3.8637372207641603,-1.0
0.024782194541050837,0.001988166531261343,2,0.3481343749444932,0.0009984740801978985,11,18.3125,2.224973602294922,-1.0
0.034179459899090804,0.003761081938416912,3,0.49334169807843864,0.0009965688861926887,11,20.6875,2.0886582946777343,-1.0
0.03418326245334286,0.0030941695619661072,4,0.48471686290577054,0.0009939057285945933,11,24.0,2.0088038635253906,-1.0
0.034018907946749374,0.0032474861229554964,5,0.484572489047423,0.0009904887137995992,11,24.5625,1.9785748291015626,-1.0
0.03412763484252187,0.003054483847406048,6,0.4834747249260545,0.00098632311059685,11,24.75,1.9466500854492188,-1.0
0.008715744631794782,0.0032121049096951117,7,0.15516516007483006,0.0009814153420445555,11,25.625,1.9121090698242187,-1.0
0.033885427070065186,0.0027561586242742264,8,0.4764804251026362,0.0009757729755661012,11,27.6875,1.8857257080078125,-1.0
0.034092116850213364,0.0020980632935579005,9,0.4706053640693426,0.0009694047112816298,11,28.6875,1.8309469604492188,-1.0
0.034140328787123926,0.004014158818440942,10,0.4961408998351544,0.0009623203685930871,11,28.8125,1.8399846649169922,-1.0
0.03410999274526078,0.00374748486165817,11,0.49225228815339506,0.0009545308710434153,11,29.875,1.8039765167236328,-1.0
0.027909620145622354,0.003246984319188274,12,0.40513731096871197,0.0009460482294732422,11,30.875,1.783605499267578,-1.0
0.018179841751519304,0.0033390945575844785,13,0.2798569200094789,0.0009368855235010348,11,30.875,1.7757688713073732,-1.0
0.03413757837664049,0.001972042561437075,14,0.46953684999607503,0.0009270568813552758,11,31.1875,1.7387288284301758,-1.0
0.03416027297050907,0.0030058967128682593,15,0.48326394497416914,0.0009165774580897602,11,32.0625,1.7320350456237792,-1.0
0.03415892982425598,0.0030357888541542566,16,0.48364205099642277,0.0009054634122155992,11,33.6875,1.7061837005615235,-1.0
0.03404530855970314,0.003266911219375638,17,0.48517625499516726,0.0008937318807859689,11,35.4375,1.67221134185791,-1.0
0.016022218534579642,0.00434593793649513,18,0.26488983095623553,0.0008814009529720156,11,34.75,1.6746873474121093,-1.0
0.025067394169477317,0.0023556263723339024,19,0.3566147319506854,0.0008684896421706646,11,36.625,1.6565261840820313,-1.0
0.034066500912348814,0.001946147782011674,20,0.4682744399178773,0.0008550178566873412,11,35.125,1.6365650177001954,-1.0
0.034079324471979186,0.0020405145433659735,21,0.4696691450662911,0.0008410063690388064,11,37.25,1.6233614158630372,-1.0
0.03409644173314938,0.003432339111056465,22,0.48798745195381343,0.0008264767839234412,11,36.5625,1.6272544479370117,-1.0
0.0341623685358522,0.0029307419183449103,23,0.48232872504740953,0.000811451504908368,11,37.25,1.6297395706176758,-1.0
0.011467296827154664,0.0032784908544272184,24,0.19180191098712385,0.0007959536998847743,11,38.75,1.5783851432800293,-1.0
0.03388868261558505,0.004219754939325727,25,0.49552409001626074,0.0007800072653447032,11,40.125,1.5450198554992676,-1.0
0.034082348279368416,0.0024378567289274474,26,0.4748709488194436,0.0007636367895343947,11,40.125,1.5530624771118164,-1.0
0.034088662932985105,0.0031371319917245554,27,0.4840454808436334,0.0007468675145409928,11,39.4375,1.5432525062561036,-1.0
0.034153779843249,0.002133771759242966,28,0.4718490089289844,0.0007297252973710758,11,39.875,1.5659044075012207,-1.0
0.028768676494319852,0.003952688501717953,29,0.425487952074036,0.0007122365700810271,11,42.875,1.4950139427185059,-1.0
0.01148902839766099,0.0029957939225893756,30,0.18841064302250743,0.0006944282990207196,11,41.3125,1.5038887882232665,-1.0
0.034089405268717274,0.002152492041484668,31,0.4712511149700731,0.0006763279432533592,11,43.625,1.4645052433013916,-1.0
0.03412676618721049,0.0038719561953957263,32,0.494088799925521,0.0006579634122155992,11,43.25,1.4729030227661133,-1.0
0.03411447428739988,0.004103440468987593,33,0.4969410460907966,0.000639363022683212,11,43.25,1.4537143325805664,-1.0
0.03412087170335536,0.0031283143728684923,34,0.4843696760945022,0.0006205554551086735,11,42.9375,1.4728184700012208,-1.0
0.021324176269655045,0.003020202203725393,35,0.31660664710216224,0.0006015697093979838,11,44.6875,1.4153613471984863,-1.0
0.017392852468989216,0.0023910248329719673,36,0.2573376970831305,0.0005824350601949146,11,45.25,1.4403439521789552,-1.0
0.03411970097714892,0.0030604500968295792,37,0.48346990812569857,0.0005631810117416299,11,44.8125,1.4055848693847657,-1.0
0.034172528369638785,0.0019372546185667699,38,0.4695553630590439,0.0005438372523852835,11,46.375,1.3729108715057372,-1.0
0.0343500934003924,0.0029789843739798437,39,0.48540532402694225,0.0005244336088007391,11,47.125,1.3852865314483642,-1.0
0.03406883437687961,0.0019683830726605197,40,0.46861531608738005,0.0005050000000000001,11,48.0,1.3668348789215088,-1.0
0.018662790624568097,0.003774451915747844,41,0.29180607688613236,0.0004855663911992613,11,48.3125,1.3412967205047608,-1.0
0.02327296587351996,0.0024617400665122727,42,0.3346821248997003,0.00046616274761471693,11,48.0625,1.34707932472229,-1.0
0.03408359154127538,0.003504265780345752,43,0.4887725319713354,0.00044681898825837057,11,49.5625,1.3210422134399413,-1.0
0.0340705718845129,0.0029202258894936396,44,0.4810090959072113,0.000427564939805086,11,47.875,1.3206936740875244,-1.0
0.034166556890480794,0.0030680034811107013,45,0.4841791510116309,0.00040843029060201667,11,49.1875,1.3026759624481201,-1.0
0.034174549070974954,0.003093335616330688,46,0.4846163939218968,0.000389444544891327,11,50.5,1.2814907836914062,-1.0
0.011344177576784905,0.003036471101670311,47,0.18706909590400755,0.0003706369773167883,11,50.875,1.2829461479187012,-1.0
0.0274747137266856,0.0020904831158427093,48,0.3844793781172484,0.0003520365877844012,11,51.125,1.2538606452941894,-1.0
0.03418501063536566,0.003805282901829252,49,0.49400686705484986,0.0003336720567466412,11,51.6875,1.2477177906036376,-1.0
0.034101252909749746,0.003088676854251669,50,0.4835909109096974,0.0003155717009792807,11,52.0625,1.2462108612060547,-1.0
0.03411914864913202,0.0027589966686299215,51,0.4795296809170395,0.00029776342991897335,11,54.0,1.1985876655578613,-1.0
0.034201272584211365,0.002006928723018903,52,0.470816734014079,0.00028027470262892445,11,54.8125,1.1801828956604004,-1.0
0.008694394097591821,0.003290399067247143,53,0.155932798050344,0.0002631324854590073,11,53.625,1.2154204273223876,-1.0
0.03343427276167159,0.0019325558633471911,54,0.45988321607001126,0.0002463632104656054,11,55.125,1.1823458290100097,-1.0
0.0341336102439807,0.0039926495295591075,55,0.49576747696846724,0.0002299927346552969,11,54.5625,1.1700731992721558,-1.0
0.034150393500637546,0.0024245687975333286,56,0.47560849296860397,0.00021404630011522587,11,56.0,1.1772472190856933,-1.0
0.03422883973241998,0.0026502088965991368,57,0.4795589509885758,0.00019854849509163232,11,55.75,1.1597347164154053,-1.0
0.03317740874794813,0.002435972788729347,58,0.4631008009891957,0.00018352321607655918,11,55.9375,1.1675807762145995,-1.0
0.02826937103572373,0.0029260872576672295,59,0.4056492019444704,0.00016899363096119395,11,55.3125,1.132994213104248,-1.0
0.028160310439908735,0.0030161498759228448,60,0.40540303802117705,0.000154982143312659,11,55.875,1.1442672538757324,-1.0
0.02751273466632343,0.003186134263299979,61,0.3991929590702057,0.0001415103578293356,11,58.25,1.098982057571411,-1.0
0.027836892449368652,0.0031178750885793795,62,0.4025191201362759,0.0001285990470279847,11,57.0625,1.0886083960533142,-1.0
0.027787662308233287,0.0034774342336906837,63,0.40655618999153376,0.0001162681192140312,11,57.75,1.0946667003631592,-1.0
0.028410335984797433,0.00371876317792787,64,0.4177847399841994,0.00010453658778440107,11,55.625,1.120164670944214,-1.0
0.028266477882145688,0.0021876492000256595,65,0.3960105541627854,9.342254191024022e-05,11,58.25,1.1005158948898315,-1.0
0.02801207318687095,0.0033043612045450853,66,0.40723461005836725,8.294311864472437e-05,11,60.5625,1.0727863359451293,-1.0
0.027718021355282802,0.0033287220240498963,67,0.4037338839843869,7.311447649896551e-05,11,59.3125,1.0766719913482665,-1.0
0.027610414715197224,0.002308097291881075,68,0.38907037186436355,6.395177052675794e-05,11,59.625,1.068052010536194,-1.0
0.012420271774037527,0.003124438996355121,69,0.20220991503447294,5.546912895658472e-05,11,60.4375,1.071244568824768,-1.0
0.028544995521839995,0.0029312308626965834,70,0.40932761994190514,4.767963140691306e-05,11,59.625,1.0522493982315064,-1.0
0.03417214618709225,0.005237940591401779,71,0.5124934939667583,4.059528871837034e-05,11,59.4375,1.0432838916778564,-1.0
0.03420346676228711,0.004663894400716974,72,0.5053887870162725,3.4227024433899e-05,11,59.9375,1.0650576257705688,-1.0
0.034332463750615716,0.0031030170189646576,73,0.48677463200874627,2.8584657955444653e-05,11,61.0625,1.033341269493103,-1.0
0.030048440819462903,0.0032692143980127117,74,0.43323005991987884,2.367688940315011e-05,11,60.1875,1.0408579349517821,-1.0
0.009950268243511137,0.002448569839963546,75,0.16129492199979722,1.951128620040094e-05,11,61.0625,1.0376968717575072,-1.0
0.034207659791438624,0.0023594296608979884,76,0.4754810470622033,1.6094271405406862e-05,11,59.9375,1.0445996522903442,-1.0
0.034143925339986496,0.002957631045809159,77,0.4824263739865273,1.3431113807311488e-05,11,61.5625,1.0300341176986694,-1.0
0.034117275257953085,0.003399814282042476,78,0.48783150990493596,1.1525919802101659e-05,11,60.0625,1.0320865488052369,-1.0
0.03405801409210723,0.002009171455238874,79,0.4689839200582355,1.0381627060842164e-05,11,60.75,1.0534608840942383,-1.0
0.025945282827776212,0.003288043555445396,80,0.38013669895008206,1e-05,11,59.0,1.0543984031677247,-1.0
0.023336177608663484,0.01145450639471944,1,0.4872005928773433,0.000999618372939158,12,12.58823529937688,3.8577825574313893,-1.0
0.023802090835358416,0.003365286160260439,2,0.3804675249848515,0.0009984740801978985,12,18.47058824055335,2.215345764721141,-1.0
0.03402328336544867,0.002511327770272536,3,0.5116017430555075,0.0009965688861926887,12,20.411764726919287,2.0992323931525734,-1.0
0.03408627034098442,0.0027712496562993954,4,0.5161081559490412,0.0009939057285945933,12,24.29411765757729,2.0478873931660373,-1.0
0.034297936695760915,0.003117480165591197,5,0.5239497879520059,0.0009904887137995992,12,24.58823530814227,2.0038788189607506,-1.0
0.028536708776040802,0.002975313425330179,6,0.441276233876124,0.00098632311059685,12,25.470588245812586,1.9704220743740306,-1.0
0.00867154379375279,0.0021022504162309425,7,0.15093567385338247,0.0009814153420445555,12,26.411764733931598,1.9093475712046903,-1.0
0.03403179836459458,0.0020229442078354104,8,0.5048899629618973,0.0009757729755661012,12,27.11764706583584,1.9075301577063168,-1.0
0.03452501208188811,0.0032426185706364258,9,0.5288758240640163,0.0009694047112816298,12,27.352941169458276,1.8935994238011977,-1.0
0.03404372850699084,0.0019281934115237423,10,0.5037420121952891,0.0009623203685930871,12,28.352941176470587,1.8409663668800802,-1.0
0.03409043968921261,0.0030579640297219157,11,0.5202046940103173,0.0009545308710434153,12,28.529411792755127,1.8261576043858248,-1.0
0.018190949739489173,0.002151662833057344,12,0.28494496108032763,0.0009460482294732422,12,28.823529415270862,1.8278274379057042,-1.0
0.02799462006493871,0.003065258647049112,13,0.43497935589402914,0.0009368855235010348,12,30.99999998597538,1.7791454362869263,-1.0
0.03422814181872776,0.003356447326950729,14,0.5263151959516108,0.0009270568813552758,12,31.17647060927223,1.765749942555147,-1.0
0.03426172795505928,0.0035525388250659618,15,0.5295335669070482,0.0009165774580897602,12,32.00000002804924,1.7498039343777825,-1.0
0.034010550988438935,0.0036497472984982388,16,0.5273767069447786,0.0009054634122155992,12,30.176470574210672,1.7860908769158756,-1.0
0.0223155118957428,0.00381244788877666,17,0.36591783887706697,0.0008937318807859689,12,33.41176474094391,1.7093603869045482,-1.0
0.023479067786995853,0.003170166996174625,18,0.37321771099232137,0.0008814009529720156,12,32.705882380990424,1.7118892178815954,-1.0
0.03408112601443593,0.0027394101323027697,19,0.5156320938840508,0.0008684896421706646,12,33.529411778730505,1.728196878152735,-1.0
0.034833890768433254,0.003979183434109602,20,0.5435219400096685,0.0008550178566873412,12,34.76470588235294,1.7152760943244485,-1.0
0.03401449884820197,0.0029945463008646455,21,0.5182585120201111,0.0008410063690388064,12,34.705882380990424,1.65584623336792,-1.0
0.027945129150923873,0.003414183572333838,22,0.4391746970359236,0.0008264767839234412,12,33.8823529622134,1.660544846198138,-1.0
0.018838843280848647,0.0030657623595158967,23,0.30679456517100334,0.000811451504908368,12,39.05882353642408,1.6510728179707246,-1.0
0.034011771137427003,0.002585282432846725,24,0.5124923819676042,0.0007959536998847743,12,37.29411766809576,1.6465097236633301,-1.0
0.034157102910934815,0.0028203039463343365,25,0.517815194092691,0.0007800072653447032,12,37.00000000701231,1.628097856465508,-1.0
0.033985952979751995,0.003384921949223748,26,0.5233269829768687,0.0007636367895343947,12,37.411764691857734,1.6136716405083151,-1.0
0.03405239329939442,0.003196182777173817,27,0.5216138369869441,0.0007468675145409928,12,39.647058827035565,1.5677915157991298,-1.0
0.010960517866936113,0.0035101920532594833,28,0.20272113685496151,0.0007297252973710758,12,39.70588233891655,1.5729918185402365,-1.0
0.03408158474069621,0.002419856044330767,29,0.5111291960347444,0.0007122365700810271,12,39.1176470377866,1.560593835886787,-1.0
0.034131426197875826,0.0033034602945138302,30,0.5242007910273969,0.0006944282990207196,12,41.64705880249248,1.5266790782704074,-1.0
0.03399677499796131,0.0020126387077782837,31,0.5042424299754202,0.0006763279432533592,12,39.99999997896307,1.540057840908275,-1.0
0.03417190551824335,0.0037164038346548167,32,0.5305477799847722,0.0006579634122155992,12,40.29411766108345,1.5309523630142212,-1.0
0.015570543224125035,0.0028339376939194544,33,0.25777185894548893,0.000639363022683212,12,41.823529446826264,1.5289076597550335,-1.0
0.027156838032949184,0.0025376015276248965,34,0.41583796916529536,0.0006205554551086735,12,42.94117648461286,1.4681970573874081,-1.0
0.034066790082891076,0.001932884134086115,35,0.5041042941156775,0.0006015697093979838,12,43.35294117647059,1.4699775333965526,-1.0
0.033999257937206755,0.0034753880629848155,36,0.524756892118603,0.0005824350601949146,12,44.00000002804924,1.4701845957251156,-1.0
0.03411040832621178,0.0028365767461114694,37,0.5173626500181854,0.0005631810117416299,12,44.11764711492202,1.4478937665153953,-1.0
0.027633480029180646,0.0019719236796455725,38,0.4145944630727172,0.0005438372523852835,12,44.352941169458276,1.4647957479252536,-1.0
0.015119190760222929,0.0032604619627818465,39,0.25744412397034466,0.0005244336088007391,12,45.05882353642408,1.4069523522433112,-1.0
0.03400854179303029,0.002724667911284736,40,0.5143935310188681,0.0005050000000000001,12,46.47058827035568,1.3873663694718306,-1.0
0.034025627454476695,0.002739531037929867,41,0.5148541231174022,0.0004855663911992613,12,44.470588235294116,1.4169667058832505,-1.0
0.03410129042874489,0.0028618010692298412,42,0.5176136179361492,0.00046616274761471693,12,44.35294121153214,1.411819780293633,-1.0
0.03414813585446349,0.0028670976337577614,43,0.5183442381676286,0.00044681898825837057,12,46.52941174366895,1.3834328062394086,-1.0
0.010445914647009755,0.0031930222176015377,44,0.19107282906770706,0.000427564939805086,12,47.11764709388508,1.37222661523258,-1.0
0.03269093646667898,0.002709153324498662,45,0.49572744802571833,0.00040843029060201667,12,45.1176470377866,1.3907452114890604,-1.0
0.034066918272791166,0.0021981129456045373,46,0.5078211051877588,0.000389444544891327,12,48.3529411834829,1.3457519980037913,-1.0
0.034059741434508135,0.0019339533422940544,47,0.5040248979348689,0.0003706369773167883,12,49.41176471990698,1.314722648227916,-1.0
0.03414605755824596,0.00352882786786982,48,0.5275573909748346,0.0003520365877844012,12,48.882352969225714,1.3277170708600212,-1.0
0.022361529359061803,0.0020606557206649867,49,0.34201699192635715,0.0003336720567466412,12,50.41176474094391,1.3009845587786506,-1.0
0.029721063245753094,0.0024075276783800553,50,0.4499420078936964,0.0003155717009792807,12,48.94117649863748,1.3129038648044362,-1.0
0.03407578110428793,0.0021194128951589975,51,0.5068617011420429,0.00029776342991897335,12,50.52941179275513,1.297769964723026,-1.0
0.03408982804311173,0.0020542051809440765,52,0.5061487560160458,0.00028027470262892445,12,49.941176526686725,1.2968161462335026,-1.0
0.03446915028949401,0.002073134212488575,53,0.5117225910071284,0.0002631324854590073,12,49.82352939072777,1.2873686223871568,-1.0
0.03231526297583644,0.002648992813192308,54,0.4896278858650476,0.0002463632104656054,12,50.529411778730505,1.2737626235625323,-1.0
0.010395340355379241,0.0020360855851322412,55,0.17416589288040996,0.0002299927346552969,12,51.823529446826264,1.2509739513958202,-1.0
0.03428220363067729,0.001865371928683349,56,0.5061928599607199,0.00021404630011522587,12,52.1764705882353,1.25972243309021,-1.0
0.0346297932555899,0.003424272174015641,57,0.5328876439016312,0.00019854849509163232,12,53.00000002103693,1.2451364217084997,-1.0
0.034421491037522046,0.0030117916176095605,58,0.5241949909832329,0.00018352321607655918,12,52.47058829139261,1.2232484169567333,-1.0
0.03401331616831677,0.0029742439011377947,59,0.5179562270641327,0.00016899363096119395,12,52.647058851578656,1.2115327265683342,-1.0
0.01578306737688503,0.002924141557221966,60,0.26203173282556236,0.000154982143312659,12,52.9411764495513,1.222718685094048,-1.0
0.027323322304125344,0.002341385847622795,61,0.4154442739672959,0.0001415103578293356,12,53.823529467863196,1.1981525373458863,-1.0
0.034203238801897635,0.0023000246313001427,62,0.5111753840465099,0.0001285990470279847,12,52.17647061628454,1.1994311520632575,-1.0
0.03424704972920673,0.0032013652713171075,63,0.524407726014033,0.0001162681192140312,12,55.588235308142266,1.1659194040298462,-1.0
0.034164609537193816,0.0023596424642684205,64,0.5114718079566956,0.00010453658778440107,12,55.11764706583584,1.1843063794865327,-1.0
0.02737299946602434,0.002974749675818852,65,0.42499968595802784,9.342254191024022e-05,12,56.647058851578656,1.1614314990885117,-1.0
0.01566495016283755,0.0018430895537936262,66,0.24524128111079335,8.294311864472437e-05,12,54.64705882352941,1.1684217879351448,-1.0
0.034098248213662634,0.0028800432004832794,67,0.5178275890648365,7.311447649896551e-05,12,54.99999998597538,1.1602858600896948,-1.0
0.034143715215447755,0.003479329203920705,68,0.5268524389248341,6.395177052675794e-05,12,55.05882352941177,1.1592013109431547,-1.0
0.03416781721170992,0.0029797921555915047,69,0.5201973088551313,5.546912895658472e-05,12,55.999999957926136,1.1450930867475622,-1.0
0.03409081712431673,0.0035631336670901093,70,0.5272839039098471,4.767963140691306e-05,12,56.41176476198084,1.1607097350849824,-1.0
0.010131429215627057,0.001988023652562073,71,0.16980028408579528,4.059528871837034e-05,12,56.23529418777017,1.1506757408029893,-1.0
0.03144509603069829,0.0020913793206480996,72,0.4696491239592433,3.4227024433899e-05,12,57.17647064433378,1.137065419589772,-1.0
0.034122045417981486,0.0032443742966279387,73,0.523260953836143,2.8584657955444653e-05,12,56.70588231086731,1.1448657417297363,-1.0
0.0343498509111149,0.0032708013729591456,74,0.5268169958144426,2.367688940315011e-05,12,54.23529417374555,1.1618364942775052,-1.0
0.03410569759684482,0.002729058249055275,75,0.5158166780602187,1.951128620040094e-05,12,56.88235289910261,1.1352513571346508,-1.0
0.01891554333269596,0.0027574660821950863,76,0.3035489129833877,1.6094271405406862e-05,12,55.47058826334336,1.1411055794884177,-1.0
0.0228866008276652,0.0024958141148090363,77,0.35548243299126625,1.3431113807311488e-05,12,55.88235295520109,1.149922906370724,-1.0
0.03410016750318131,0.0018466269996549403,78,0.5033637471497059,1.1525919802101659e-05,12,56.70588233891655,1.1331180620193482,-1.0
0.03413358092906752,0.002719841997272202,79,0.5160571460146457,1.0381627060842164e-05,12,56.52941182080437,1.1390296663957484,-1.0
0.03410114740420665,0.0022740483649873306,80,0.5093611550983042,1e-05,12,56.70588233891655,1.123891799590167,-1.0
0.03615039743793507,0.009905340755358339,1,0.6909836558625102,0.000999618372939158,13,13.38888888888889,3.0904036966959634,-1.0
0.017704527902727325,0.0023151722891877097,2,0.3004112080670893,0.0009984740801978985,13,18.61111111111111,2.1675842963324654,-1.0
0.027471095494305094,0.0023033679152528446,3,0.4467496320139617,0.0009965688861926887,13,21.166666666666668,2.0771695963541665,-1.0
0.0339068787638098,0.0018640032969415188,4,0.5366895829793066,0.0009939057285945933,13,24.0,2.0271483018663194,-1.0
0.03401400929627319,0.00274536016707619,5,0.5515198679640889,0.0009904887137995992,13,25.27777777777778,1.9719832356770832,-1.0
0.03401075208870073,0.003309743789335092,6,0.5599153111688793,0.00098632311059685,13,25.444444444444443,1.916620144314236,-1.0
0.014548661513254046,0.003661748021841049,7,0.2732594402041286,0.0009814153420445555,13,26.77777777777778,1.9143884955512154,-1.0
0.029710285272449254,0.0024125829339027407,8,0.4819793601054698,0.0009757729755661012,13,26.11111111111111,1.912874009874132,-1.0
0.034050622132296364,0.002497443261866768,9,0.5483523190487176,0.0009694047112816298,13,30.055555555555557,1.8300333319769966,-1.0
0.0343337155568103,0.0030343504467358192,10,0.5606540821027011,0.0009623203685930871,13,30.27777777777778,1.8294092814127605,-1.0
0.03418215912145873,0.0026962059549987317,11,0.5533306910656393,0.0009545308710434153,13,31.77777777777778,1.79809814453125,-1.0
0.012556375019873183,0.003024109515051047,12,0.23384383390657604,0.0009460482294732422,13,32.77777777777778,1.7834739515516493,-1.0
0.032935281796380875,0.0025748434166113538,13,0.5327890650369227,0.0009368855235010348,13,27.555555555555557,1.8188721805148655,-1.0
0.034053280887504415,0.002212248307963212,14,0.5441179519984871,0.0009270568813552758,13,30.055555555555557,1.787953152126736,-1.0
0.03420779515678684,0.0020928450394421816,15,0.5446406421251595,0.0009165774580897602,13,32.22222222222222,1.7695441351996528,-1.0
0.034058113535866144,0.0025790654588490726,16,0.5496924980543554,0.0009054634122155992,13,31.333333333333332,1.7389871554904515,-1.0
0.011329921847209334,0.0028322338126599788,17,0.21256447513587773,0.0008937318807859689,13,32.44444444444444,1.721241183810764,-1.0
0.03275600522756576,0.0018536065084238846,18,0.5193015150725842,0.0008814009529720156,13,34.27777777777778,1.6935225084092882,-1.0
0.03410594058223069,0.0018068674796571334,19,0.538851231103763,0.0008684896421706646,13,34.111111111111114,1.6895954301622178,-1.0
0.03425034577958286,0.0031508352297047776,20,0.5611690040677786,0.0008550178566873412,13,34.27777777777778,1.6696479288736978,-1.0
0.034266222082078454,0.00289623384984831,21,0.5575685680378228,0.0008410063690388064,13,34.111111111111114,1.6668956163194444,-1.0
0.010600433389966687,0.003070173490171631,22,0.2051875269971788,0.0008264767839234412,13,36.388888888888886,1.656223856608073,-1.0
0.03391288739318649,0.0018155614690234265,23,0.5360455131158233,0.000811451504908368,13,33.666666666666664,1.6956517876519097,-1.0
0.033994447393342855,0.0025607983426501352,24,0.5484396840911359,0.0007959536998847743,13,36.333333333333336,1.6355205959743924,-1.0
0.033987992256879804,0.002543666074052453,25,0.5480865840800107,0.0007800072653447032,13,35.333333333333336,1.6363608974880641,-1.0
0.03399550534474353,0.002754196043436726,26,0.5513692789245397,0.0007636367895343947,13,37.0,1.6110550944010418,-1.0
0.009800793183967472,0.003174312614525358,27,0.194734439952299,0.0007468675145409928,13,36.77777777777778,1.608769039577908,-1.0
0.03394606900401413,0.0018397927284240722,28,0.5368953079450876,0.0007297252973710758,13,38.388888888888886,1.5812608167860243,-1.0
0.03403676946957906,0.003153483662754297,29,0.557968270033598,0.0007122365700810271,13,37.5,1.6023240661621094,-1.0
0.034022939717397095,0.0030838169467945894,30,0.556713709840551,0.0006944282990207196,13,38.388888888888886,1.596915486653646,-1.0
0.033975714708988865,0.002681536025678118,31,0.5499751069582999,0.0006763279432533592,13,37.94444444444444,1.5934242757161459,-1.0
0.009073268063366413,0.0027372290069858233,32,0.1772733312100172,0.0006579634122155992,13,39.5,1.5543138122558593,-1.0
0.033998264201606315,0.0017205121306081612,33,0.5358905899338424,0.000639363022683212,13,39.333333333333336,1.5659818013509115,-1.0
0.03400680278427899,0.003235091082751751,34,0.5587441539391875,0.0006205554551086735,13,41.166666666666664,1.5424930233425564,-1.0
0.0339159206332018,0.0026885104986528554,35,0.5491747111082077,0.0006015697093979838,13,40.77777777777778,1.5189059448242188,-1.0
0.03398468556503455,0.0028321684959034124,36,0.5523611451499164,0.0005824350601949146,13,40.888888888888886,1.535742925008138,-1.0
0.009570517018437386,0.0024108237897356353,37,0.17984129511751235,0.0005631810117416299,13,39.94444444444444,1.5386662801106772,-1.0
0.03384143950728079,0.0017755077530940374,38,0.5343662279192358,0.0005438372523852835,13,41.611111111111114,1.497108171251085,-1.0
0.034040537942200896,0.00256538352308174,39,0.5492107158061117,0.0005244336088007391,13,42.44444444444444,1.4840011003282334,-1.0
0.03395858417885999,0.0029285064277549586,40,0.5534241371788085,0.0005050000000000001,13,41.22222222222222,1.5021133422851562,-1.0
0.03399748126976192,0.0024063529291500647,41,0.5461668090429157,0.0004855663911992613,13,43.111111111111114,1.4562109883626302,-1.0
0.013043290888890623,0.0026243465797354776,42,0.23513081693090498,0.00046616274761471693,13,41.666666666666664,1.4852234395345052,-1.0
0.03401292775136729,0.001674386253580451,43,0.5354465069249272,0.00044681898825837057,13,42.77777777777778,1.4562770504421658,-1.0
0.03408916569314897,0.002937740522126357,44,0.5555340491700917,0.000427564939805086,13,42.0,1.462606184217665,-1.0
0.0343204424250871,0.002399072516709566,45,0.5509256250225008,0.00040843029060201667,13,43.611111111111114,1.4453663974338107,-1.0
0.03197968821041286,0.002895772783085704,46,0.5232540098950267,0.000389444544891327,13,43.111111111111114,1.4554464806450738,-1.0
0.01496703652665019,0.0029624776759495336,47,0.2690523690544069,0.0003706369773167883,13,43.27777777777778,1.4467015753851997,-1.0
0.03394954631415506,0.001770645814637343,48,0.5359344519674778,0.0003520365877844012,13,46.22222222222222,1.3917909410264757,-1.0
0.03417080831713974,0.0030374562833458186,49,0.5582545259967446,0.0003336720567466412,13,46.0,1.4006618075900608,-1.0
0.034275556231538454,0.0025746318977326156,50,0.5529008251614869,0.0003155717009792807,13,46.27777777777778,1.388088887532552,-1.0
0.028417873180781802,0.003514129544297854,51,0.47911153989844024,0.00029776342991897335,13,46.72222222222222,1.3806851026746962,-1.0
0.01998993429976205,0.0029804437576482694,52,0.3446653170976788,0.00028027470262892445,13,46.111111111111114,1.3770035552978515,-1.0
0.0340621884757032,0.0030863698571920394,53,0.5573389129713178,0.0002631324854590073,13,45.666666666666664,1.3833150397406684,-1.0
0.034052535487959786,0.003062091177950303,54,0.5568306890781969,0.0002463632104656054,13,47.27777777777778,1.3570010884602866,-1.0
0.03400635171371202,0.0020534383598715066,55,0.5410054749809206,0.0002299927346552969,13,45.55555555555556,1.3836007944742839,-1.0
0.023583786127467952,0.003057227873553832,56,0.3997189060319215,0.00021404630011522587,13,45.5,1.4064817725287544,-1.0
0.02099517625756562,0.002171735201651851,57,0.3476304130163044,0.00019854849509163232,13,46.611111111111114,1.3607975853814018,-1.0
0.034102950664237144,0.0020482505982120833,58,0.5424050048459321,0.00018352321607655918,13,48.888888888888886,1.3289593505859374,-1.0
0.03408638305651645,0.002706066674242417,59,0.5520160421729088,0.00016899363096119395,13,50.333333333333336,1.303797124226888,-1.0
0.034169190501173334,0.002631210225323836,60,0.5521349760238081,0.000154982143312659,13,47.72222222222222,1.3161049143473307,-1.0
0.02370593696832657,0.0019015874868879715,61,0.3842252669855952,0.0001415103578293356,13,49.0,1.3069619411892361,-1.0
0.019851192568118372,0.0024501198281844457,62,0.3346253759227693,0.0001285990470279847,13,49.111111111111114,1.3222324795193143,-1.0
0.03396916675070922,0.0025876724471648534,63,0.54846311500296,0.0001162681192140312,13,50.333333333333336,1.28489500257704,-1.0
0.03393514530422787,0.002625297103077173,64,0.5485207091551274,0.00010453658778440107,13,48.27777777777778,1.3097169325086806,-1.0
0.03401254322379828,0.0025367147133996087,65,0.5483467020094395,9.342254191024022e-05,13,49.333333333333336,1.2995421854654947,-1.0
0.025127536912138263,0.001929978079472979,66,0.4059645580127835,8.294311864472437e-05,13,49.333333333333336,1.3135511186387805,-1.0
0.01967336282444497,0.0020466259059806666,67,0.32593247201293707,7.311447649896551e-05,13,50.55555555555556,1.282292734781901,-1.0
0.03419356740390261,0.0019114352607478699,68,0.5417053371202201,6.395177052675794e-05,13,50.72222222222222,1.2700337897406684,-1.0
0.034303908127670486,0.002654759135718147,69,0.5545188670512289,5.546912895658472e-05,13,51.05555555555556,1.272119149102105,-1.0
0.03416603161022067,0.0018759589331845442,70,0.5407773810438812,4.767963140691306e-05,13,51.55555555555556,1.2700094689263237,-1.0
0.026181375390539566,0.0021733532194048166,71,0.4254766539670527,4.059528871837034e-05,13,50.77777777777778,1.2442810482449003,-1.0
0.024127556104213,0.0035424972884356976,72,0.41518098791129887,3.4227024433899e-05,13,50.666666666666664,1.261169187757704,-1.0
0.03415768542326987,0.0025741437760492167,73,0.5511134439148009,2.8584657955444653e-05,13,50.666666666666664,1.2683702426486545,-1.0
0.0341851320117712,0.001700177121286591,74,0.5384305960033089,2.367688940315011e-05,13,50.611111111111114,1.2675167083740235,-1.0
0.033953146636486055,0.0033176580909639597,75,0.5591748310253024,1.951128620040094e-05,13,50.611111111111114,1.257484851413303,-1.0
0.019917994489272436,0.0029140854409585395,76,0.34258688800036907,1.6094271405406862e-05,13,50.94444444444444,1.253817613389757,-1.0
0.029935681509474912,0.0030314768198877575,77,0.4946229502093047,1.3431113807311488e-05,13,50.5,1.2573210906982422,-1.0
0.03399681619678934,0.0031874238047748804,78,0.557878082152456,1.1525919802101659e-05,13,50.666666666666664,1.2595922342936199,-1.0
0.0340590155373017,0.0034905947279185055,79,0.5633565939497203,1.0381627060842164e-05,13,50.27777777777778,1.2684641689724392,-1.0
0.03394117689070602,0.0017721041105687619,80,0.5358079290017486,1e-05,13,52.333333333333336,1.2658394453260633,-1.0
0.015113550300399462,0.009759167628362774,1,0.37324440106749535,0.000999618372939158,14,11.842105291391674,3.3655610777202405,-1.0
0.03126833008912702,0.0020657085813581945,2,0.5001552989706397,0.0009984740801978985,14,16.4736842607197,2.195811319351196,-1.0
0.03445964480439822,0.001778461861734589,3,0.5437069649342448,0.0009965688861926887,14,19.78947372499265,2.1168385023819773,-1.0
0.03431557376558582,0.0018977314389000337,4,0.5433338009752333,0.0009939057285945933,14,21.578947374695225,2.03450709142183,-1.0
0.03428180981427431,0.0019097963813692331,5,0.5430111100431532,0.0009904887137995992,14,24.000000031370867,1.9799321558600977,-1.0
0.014228177179271976,0.0031772992108017204,6,0.2612067349255085,0.00098632311059685,14,24.05263159776989,1.9461717490146035,-1.0
0.029417748749256133,0.0018673934508115053,7,0.46940994495525956,0.0009814153420445555,14,25.315789505055076,1.8904771644190739,-1.0
0.03420916150013606,0.0020123031766464314,8,0.5434744411613792,0.0009757729755661012,14,26.578947346461447,1.867902768285651,-1.0
0.03421887305254737,0.0018494049552828073,9,0.5411564288660884,0.0009694047112816298,14,29.473684219937574,1.8330173846295006,-1.0
0.03432461703196168,0.0019135751606275638,10,0.5436955979093909,0.0009623203685930871,14,28.47368429836474,1.812129612219961,-1.0
0.016425949924935897,0.003258330747485161,11,0.2953682569786906,0.0009545308710434153,14,29.421052706869023,1.803894940928409,-1.0
0.026164329377934337,0.002451417160530885,12,0.4293565000407398,0.0009460482294732422,14,31.31578947368421,1.760447739299975,-1.0
0.03428017869591713,0.0024655471711109082,13,0.5512965859379619,0.0009368855235010348,14,30.947368464971845,1.7580152629551136,-1.0
0.03422733969055116,0.002481896833827098,14,0.5507518488448113,0.0009270568813552758,14,33.10526317044308,1.72260202483127,-1.0
0.03425279568570356,0.0018614963783572117,15,0.5418303471524268,0.0009165774580897602,14,30.89473683583109,1.7414131586175217,-1.0
0.0199480182180802,0.001788073917850852,16,0.3261448289267719,0.0009054634122155992,14,33.368421153018346,1.7133877106716757,-1.0
0.022524509703119595,0.001958960294723511,17,0.3673660918138921,0.0008937318807859689,14,32.473684191703796,1.691439562094839,-1.0
0.034238818334415555,0.0017961169437815745,18,0.5406390631105751,0.0008814009529720156,14,35.47368423562301,1.6746397297005904,-1.0
0.03431069565316041,0.0020170326189448435,19,0.5450341319665313,0.0008684896421706646,14,34.47368425444553,1.685108675956726,-1.0
0.034211941575631497,0.001761146696905295,20,0.5397091140039265,0.0008550178566873412,14,33.42105265667564,1.6638642328663875,-1.0
0.024893163284286857,0.0018281370401382446,21,0.4009257759898901,0.0008410063690388064,14,37.05263166051162,1.6243611837688245,-1.0
0.017528760929902396,0.0018703116104006768,22,0.29109571292065084,0.0008264767839234412,14,36.526315770651166,1.6156558240087409,-1.0
0.034193330879012745,0.0017712751869112253,23,0.5395820918492973,0.000811451504908368,14,36.99999997490331,1.6194364871476825,-1.0
0.03444100939668715,0.0025712900795042517,24,0.5552978441119194,0.0007959536998847743,14,38.894736867201956,1.5980475639042102,-1.0
0.034384190927570064,0.0028106811456382274,25,0.5580338269937783,0.0007800072653447032,14,37.999999943532444,1.5874957581570275,-1.0
0.028129299310967325,0.0018598374910652638,26,0.44994442514143884,0.0007636367895343947,14,39.05263166051162,1.5509552654467131,-1.0
0.01748476652428508,0.002672893072788914,27,0.30248014791868627,0.0007468675145409928,14,39.63157894109425,1.5421133262232731,-1.0
0.03431227834274372,0.0028543544622759024,28,0.5576131530106068,0.0007297252973710758,14,40.1578947619388,1.5100670734204744,-1.0
0.034334660368040205,0.003281722900768121,29,0.5643643480725586,0.0007122365700810271,14,41.263157882188494,1.4969425562808387,-1.0
0.03427560805963973,0.002932539877171318,30,0.55823445902206,0.0006944282990207196,14,40.631578953642595,1.5157361939078884,-1.0
0.025671702204272152,0.002720464455584685,31,0.42599002202041447,0.0006763279432533592,14,40.36842105890575,1.5045547505428916,-1.0
0.016000969521701335,0.0023585230732957522,32,0.2755020949989557,0.0006579634122155992,14,42.526315808296204,1.4715223909679211,-1.0
0.03427723900725444,0.0025851413297156493,33,0.553047944791615,0.000639363022683212,14,43.57894735587271,1.4568441672074168,-1.0
0.03437351669805745,0.0028831327023605504,34,0.5589604778215289,0.0006205554551086735,14,43.105263113975525,1.453905076478657,-1.0
0.03426691636753579,0.003003624298920234,35,0.5591725038830191,0.0006015697093979838,14,45.105263113975525,1.43635279454683,-1.0
0.026531574331844845,0.0035930762067437174,36,0.4519740960095078,0.0005824350601949146,14,43.89473681700857,1.450796973830775,-1.0
0.018796965355674426,0.0024539403772602477,37,0.31889094901271164,0.0005631810117416299,14,44.789473715581394,1.4198717508817973,-1.0
0.03431849023327231,0.003103380960722764,38,0.5614573839120567,0.0005438372523852835,14,46.52631586476376,1.3812105530186702,-1.0
0.03433202585826318,0.0026421574720491966,39,0.5547430959995836,0.0005244336088007391,14,48.052631641689096,1.3689007500598305,-1.0
0.034483571304008365,0.0027401942294090985,40,0.5584841270465404,0.0005050000000000001,14,46.52631583966707,1.3872067642211914,-1.0
0.025705194488788646,0.002756693571185072,41,0.42704984499141574,0.0004855663911992613,14,47.631578953642595,1.3776596134587338,-1.0
0.017940361828853685,0.002186142901579539,42,0.3020289000123739,0.00046616274761471693,14,50.47368414778458,1.3299061767678513,-1.0
0.03429851379866401,0.002736951736733317,43,0.5556609078776091,0.00044681898825837057,14,47.84210531335128,1.3156504352469194,-1.0
0.03424434505092601,0.0031293900838742653,44,0.5607382769230753,0.000427564939805086,14,48.84210534472214,1.3138809219159577,-1.0
0.03424617702451845,0.0030134989103923243,45,0.5590246748179197,0.00040843029060201667,14,48.47368434855812,1.2966699459678248,-1.0
0.025178205904861292,0.003431436171134313,46,0.42927062092348933,0.000389444544891327,14,50.210526271870265,1.2914149660813181,-1.0
0.01825643639701108,0.0017216190074880917,47,0.2999939590226859,0.0003706369773167883,14,50.578947393517744,1.2706569543637727,-1.0
0.034258844905222456,0.001696094498038292,48,0.5394686798099428,0.0003520365877844012,14,50.789473621468794,1.2625681365163703,-1.0
0.034305091279869276,0.0027575893172373375,49,0.5560676108580083,0.0003336720567466412,14,50.42105269432068,1.2519976106442903,-1.0
0.034269515968238316,0.001765843837832411,50,0.540675095980987,0.0003155717009792807,14,49.89473684210526,1.2466371428339105,-1.0
0.02858295493448774,0.002512967788303892,51,0.46655961289070547,0.00029776342991897335,14,51.473684085042855,1.2325654233129402,-1.0
0.019730261247605085,0.0029445015670110783,52,0.34027299121953547,0.00028027470262892445,14,55.473684097591196,1.1883870318061427,-1.0
0.03434184653063615,0.001755673469354709,53,0.541575490962714,0.0002631324854590073,14,50.84210535727049,1.2474677720822787,-1.0
0.034272763490056,0.0027257932350039484,54,0.5550904700066894,0.0002463632104656054,14,52.1052631892656,1.1916834404594019,-1.0
0.034336820663884285,0.0026487727959950765,55,0.5548944578040391,0.0002299927346552969,14,54.52631592750549,1.1773280570381566,-1.0
0.02642048622171084,0.002609867323189974,56,0.4355877530761063,0.00021404630011522587,14,53.78947374695226,1.1887020552785772,-1.0
0.014752918264518182,0.0028457656657944123,57,0.26409355900250375,0.00019854849509163232,14,54.631578959916766,1.1496765681316978,-1.0
0.03423207866338392,0.0026062084827572106,58,0.5526853541377932,0.00018352321607655918,14,57.26315778180172,1.1475930678217034,-1.0
0.03431615655620893,0.0031722025635341805,59,0.5624395189806819,0.00016899363096119395,14,56.684210538864136,1.1222447046480681,-1.0
0.034185018359373015,0.002486910360554854,60,0.5501931838225573,0.000154982143312659,14,56.21052635343451,1.1215159461372777,-1.0
0.02845105199764172,0.003302159206941724,61,0.4764062918256968,0.0001415103578293356,14,57.42105266922399,1.125093674659729,-1.0
0.019683717237785458,0.0037604306203623612,62,0.3517721139360219,0.0001285990470279847,14,57.26315784454346,1.1123091717770226,-1.0
0.03432891522534191,0.0026972698979079723,63,0.5555072508286685,0.0001162681192140312,14,58.42105251864383,1.1075601188760056,-1.0
0.03428635991488894,0.003258060415585836,64,0.5632841230835766,0.00010453658778440107,14,56.05263146601225,1.1248674043856168,-1.0
0.03433928823408981,0.0035230431084831556,65,0.5680513561237603,9.342254191024022e-05,14,57.05263166678579,1.0962428328865452,-1.0
0.023761238918329278,0.0026915323454886676,66,0.39689824101515114,8.294311864472437e-05,14,57.84210535099632,1.0885026628092715,-1.0
0.017188187098751466,0.002337767245868842,67,0.2930006040260196,7.311447649896551e-05,14,57.6842105012191,1.0894589240927446,-1.0
0.03425180517757932,0.0025837742878745,68,0.5526658219750971,6.395177052675794e-05,14,56.736842243294966,1.1099043833582025,-1.0
0.034377716745560366,0.002650271123275161,69,0.5555668310262263,5.546912895658472e-05,14,59.1578947619388,1.0764895255942093,-1.0
0.03421413667189578,0.002716869783277313,70,0.5540775179397315,4.767963140691306e-05,14,57.6315790226585,1.1013375942330612,-1.0
0.027117718166361254,0.002566359161088864,71,0.44539344892837107,4.059528871837034e-05,14,57.315789448587516,1.0873093236120124,-1.0
0.015750538542245826,0.0031354248523712156,72,0.28339874604716897,3.4227024433899e-05,14,58.89473680446022,1.0546197416907863,-1.0
0.03423025833132366,0.0024679411978771287,73,0.5505861339624971,2.8584657955444653e-05,14,57.631578959916766,1.0905744349329096,-1.0
0.03430471147100131,0.002991621320446332,74,0.5595804259646684,2.367688940315011e-05,14,58.10526325200733,1.0677562490262484,-1.0
0.03426608260100086,0.0028986011321345964,75,0.55760243604891,1.951128620040094e-05,14,57.57894745625948,1.0807866480475978,-1.0
0.02828630789493521,0.0025225075737883647,76,0.462256700033322,1.6094271405406862e-05,14,60.42105266922399,1.0519025109943592,-1.0
0.016633650086199245,0.0025386424579968057,77,0.2877137130126357,1.3431113807311488e-05,14,57.315789348200745,1.0781119228664198,-1.0
0.034358204497645296,0.0026620722375810145,78,0.555414937902242,1.1525919802101659e-05,14,58.73684220564993,1.0609610888832495,-1.0
0.034361923361817995,0.002658986362318198,79,0.5554356009233743,1.0381627060842164e-05,14,59.526315902408804,1.0468522435740422,-1.0
0.03429643694932262,0.0032842079177498817,80,0.5638510670978576,1e-05,14,59.63157911049692,1.0672044508080734,-1.0
0.036007542395964265,0.009660096038714983,1,0.7308169489260763,0.000999618372939158,15,12.64999998807907,3.96473962020874,-1.0
0.010762233141576871,0.00251038973510731,2,0.2125044111162424,0.0009984740801978985,15,19.850000071525574,2.1790019493103028,-1.0
0.03397872962523252,0.0017345376836601645,3,0.5715347011573613,0.0009965688861926887,15,21.8,2.0750455360412596,-1.0
0.03410986336530186,0.0016400963795604184,4,0.5721092929597944,0.0009939057285945933,15,23.85,2.0087225322723388,-1.0
0.034082221987773664,0.0016427196387667209,5,0.5717094819992781,0.0009904887137995992,15,24.75,1.9700783710479737,-1.0
0.0329118186928099,0.002164388803066686,6,0.5613348640035838,0.00098632311059685,15,26.000000047683717,1.9120777568817138,-1.0
0.010660080981324427,0.002311842021299526,7,0.20767363416962326,0.0009814153420445555,15,29.250000047683717,1.876911989212036,-1.0
0.03417697467375547,0.0015633046423317865,8,0.5719551360234618,0.0009757729755661012,15,28.100000071525574,1.8463915395736694,-1.0
0.034207245291327126,0.0017410532163921744,9,0.575292456895113,0.0009694047112816298,15,28.99999998807907,1.8073899555206299,-1.0
0.03421362895460334,0.0021442812867462635,10,0.5818401458673179,0.0009623203685930871,15,28.15000002384186,1.811275938987732,-1.0
0.029809701794874854,0.0017141053249360994,11,0.5044859030749649,0.0009545308710434153,15,30.900000071525575,1.7746214895248413,-1.0
0.0170764431823045,0.003295712696854025,12,0.3260704989079386,0.0009460482294732422,15,30.5,1.747890869140625,-1.0
0.03427038916561287,0.003021731463377364,13,0.596798196900636,0.0009368855235010348,15,32.69999997615814,1.7613343820571898,-1.0
0.03413718748197425,0.0017389917629770935,14,0.5741280629299581,0.0009270568813552758,15,31.899999976158142,1.7253688335418702,-1.0
0.034215117382700555,0.002140822369256057,15,0.5818061430472881,0.0009165774580897602,15,34.65,1.7006997241973878,-1.0
0.021942465667962097,0.0017506260192021728,16,0.3791926431003958,0.0009054634122155992,15,34.60000007152557,1.6944669179916383,-1.0
0.019821667083306238,0.0019344914180692285,17,0.3482053379993886,0.0008937318807859689,15,34.30000002384186,1.6840793437957764,-1.0
0.034297747115488164,0.002683167011127807,18,0.5918044920545071,0.0008814009529720156,15,35.70000002384186,1.6397516250610351,-1.0
0.03417653706856072,0.001677873617154546,19,0.5737829809077084,0.0008684896421706646,15,37.700000047683716,1.6343513641357421,-1.0
0.03425190254347399,0.0024706942203920335,20,0.5876708929426968,0.0008550178566873412,15,37.849999976158145,1.613871000289917,-1.0
0.01917807586141862,0.0017223988979822025,21,0.3345127149950713,0.0008410063690388064,15,36.60000007152557,1.6034801340103149,-1.0
0.022455928396084346,0.0017909994785441086,22,0.3880664010066539,0.0008264767839234412,15,37.7,1.6002761545181274,-1.0
0.03416896396083757,0.002473777421982959,23,0.5864010278601199,0.000811451504908368,15,39.10000007152557,1.6071286630630492,-1.0
0.03422978827438783,0.0030106632184470072,24,0.595986584899947,0.0007959536998847743,15,37.69999997615814,1.5665047283172608,-1.0
0.034217723543406464,0.002010258147493005,25,0.5797751098871231,0.0007800072653447032,15,40.40000004768372,1.5405210886001588,-1.0
0.015368480671895668,0.0027447108295746148,26,0.28993066493421793,0.0007636367895343947,15,40.05000004768372,1.5381470041275025,-1.0
0.025550488484441303,0.0018906398909166455,27,0.43917158618569374,0.0007468675145409928,15,40.70000002384186,1.5268531341552734,-1.0
0.0342358905763831,0.0024459652340738103,28,0.587016663979739,0.0007297252973710758,15,41.24999997615814,1.5171940774917603,-1.0
0.03421221696771681,0.0024878145923139527,29,0.5873305220156908,0.0007122365700810271,15,41.50000007152558,1.5022073984146118,-1.0
0.03426504168601241,0.002468988750479184,30,0.5878556750249118,0.0006944282990207196,15,42.39999997615814,1.4864202251434326,-1.0
0.013279995226184838,0.001653236904530786,31,0.23903986695222557,0.0006763279432533592,15,43.44999997615814,1.464623062133789,-1.0
0.029847414130927064,0.001836224997532554,32,0.5070583170745522,0.0006579634122155992,15,44.05,1.466699095726013,-1.0
0.03419905548798852,0.0022200983949005604,33,0.582817099057138,0.000639363022683212,15,43.60000014305115,1.4371392345428466,-1.0
0.03415827969729435,0.002449382736813277,34,0.5858303420245647,0.0006205554551086735,15,44.60000002384186,1.426542685508728,-1.0
0.03424542747961823,0.0024855952069628984,35,0.5878039659000933,0.0006015697093979838,15,45.54999997615814,1.3908784790039062,-1.0
0.01528083163429983,0.004224466611049138,36,0.3122222798410803,0.0005824350601949146,15,45.94999997615814,1.3973983840942383,-1.0
0.03420286356413271,0.0017085032450268045,37,0.5747264171950519,0.0005631810117416299,15,47.45,1.3703084115982056,-1.0
0.03416895167902112,0.0030319847573991865,38,0.5953385189641267,0.0005438372523852835,15,46.95000014305115,1.374680471420288,-1.0
0.03429492414579727,0.002361482969718054,39,0.5866591008380055,0.0005244336088007391,15,47.299999952316284,1.3716651554107666,-1.0
0.024963151940028183,0.0019828708609566092,40,0.43126159394159913,0.0005050000000000001,15,47.40000004768372,1.366727120399475,-1.0
0.020998877866077237,0.002716749397222884,41,0.37955864099785686,0.0004855663911992613,15,48.849999976158145,1.323901976585388,-1.0
0.03429341327864677,0.002940238409792073,42,0.5958655290305614,0.00046616274761471693,15,46.80000002384186,1.3339154977798462,-1.0
0.03417238246765919,0.0027871418424183503,43,0.591483797179535,0.00044681898825837057,15,51.60000014305115,1.2850228443145753,-1.0
0.03426522201334592,0.003377364104380831,44,0.6024037019815296,0.000427564939805086,15,50.900000023841855,1.2901156549453736,-1.0
0.01590919455338735,0.003121231755358167,45,0.3045982380863279,0.00040843029060201667,15,50.95000007152557,1.2732620325088502,-1.0
0.028296410382608883,0.002758521062787622,46,0.4969963999465108,0.000389444544891327,15,51.75000004768371,1.2580076122283936,-1.0
0.034196383465314284,0.0023746846563881263,47,0.5852408059872687,0.0003706369773167883,15,53.700000047683716,1.2150046072006226,-1.0
0.03421938372775912,0.0028831935924245045,48,0.5937477769330144,0.0003520365877844012,15,52.2,1.2330701599121094,-1.0
0.03422804456204176,0.0026881372468778864,49,0.590776395983994,0.0003336720567466412,15,53.6,1.1986918182373048,-1.0
0.009174369042739272,0.0029604386509163305,50,0.19426333415322006,0.0003155717009792807,15,51.50000004768371,1.2258427438735962,-1.0
0.03410701631219126,0.00207452462927904,51,0.579021630808711,0.00029776342991897335,15,54.45000014305115,1.1778565530776977,-1.0
0.034285072528291494,0.0017709525272948667,52,0.5770105728879571,0.00028027470262892445,15,53.900000071525575,1.2070625286102294,-1.0
0.03425916578271426,0.0027110466617159545,53,0.5916340260300785,0.0002631324854590073,15,56.30000014305115,1.1553298168182373,-1.0
0.033211856774869375,0.0016453150456072763,54,0.557817653985694,0.0002463632104656054,15,54.80000014305115,1.1801409282684325,-1.0
0.013841198247973807,0.002968534070532769,55,0.2690658320207149,0.0002299927346552969,15,55.899999952316286,1.1461135921478272,-1.0
0.03424144482414704,0.0017591142968740314,56,0.5761222168803215,0.00021404630011522587,15,55.45,1.169402976989746,-1.0
0.03422584281361196,0.0030978146969573572,57,0.5972917610779405,0.00019854849509163232,15,57.39999997615814,1.1254121112823485,-1.0
0.034203889648779295,0.0024981820315588266,58,0.5873424611054361,0.00018352321607655918,15,56.55,1.127807752609253,-1.0
0.024365067190956324,0.0031106151291169226,59,0.43971469393000007,0.00016899363096119395,15,56.15,1.1231148109436035,-1.0
0.01539291930384934,0.002141768709407188,60,0.2806908639613539,0.000154982143312659,15,55.799999952316284,1.1166171245574952,-1.0
0.03422232788580004,0.0016033348074415699,61,0.5733433240093291,0.0001415103578293356,15,56.9,1.1138196487426757,-1.0
0.0341912613803288,0.003383314498933032,62,0.60132324998267,0.0001285990470279847,15,58.24999995231629,1.085218789100647,-1.0
0.034333806892391294,0.0016983978566713631,63,0.5766477959696203,0.0001162681192140312,15,60.600000047683714,1.0614892206192017,-1.0
0.025861308648018166,0.003152877659886144,64,0.46435615606606007,0.00010453658778440107,15,57.44999995231628,1.0931201858520507,-1.0
0.022973954342887737,0.0024602201592642814,65,0.4070772489067167,9.342254191024022e-05,15,59.399999952316286,1.0754668951034545,-1.0
0.034454062406439334,0.003153461526380852,66,0.601832282030955,8.294311864472437e-05,15,58.19999995231628,1.0764964370727539,-1.0
0.034345285093877465,0.0028489659016486257,67,0.5952193129342049,7.311447649896551e-05,15,59.25000004768371,1.0575592222213746,-1.0
0.03423571091843769,0.0019863176421495155,68,0.5796628729440272,6.395177052675794e-05,15,59.250000143051146,1.0709093704223633,-1.0
0.014941824789275415,0.0028241193940630183,69,0.28435935406014323,5.546912895658472e-05,15,60.6,1.0324379081726074,-1.0
0.02811335018486716,0.001768799382261932,70,0.47822844609618187,4.767963140691306e-05,15,59.00000009536743,1.0806594753265382,-1.0
0.034195499145425856,0.0028553807351272553,71,0.5929293921217322,4.059528871837034e-05,15,61.850000047683714,1.0316450548171998,-1.0
0.03429916141612921,0.0016607430879957974,72,0.5754709709435701,3.4227024433899e-05,15,61.15000004768372,1.0180240445137023,-1.0
0.034233335725730285,0.002543918206356466,73,0.5885480518918484,2.8584657955444653e-05,15,60.09999995231628,1.0326933522224426,-1.0
0.010937607337837107,0.002436879658489488,74,0.21412476291880012,2.367688940315011e-05,15,60.34999995231628,1.031406720161438,-1.0
0.03414174582576379,0.0023643971071578562,75,0.5842410828918219,1.951128620040094e-05,15,60.85000014305115,1.028320067882538,-1.0
0.03425973231787793,0.0025156865449389443,76,0.5885662620421499,1.6094271405406862e-05,15,60.35,1.0320113439559937,-1.0
0.03422201090143062,0.001885860474430956,77,0.5778861029539257,1.3431113807311488e-05,15,60.30000014305115,1.0390576944351195,-1.0
0.03295576185337268,0.0020662795868702233,78,0.5604887790977955,1.1525919802101659e-05,15,59.8,1.0287027111053466,-1.0
0.01600949896965176,0.002923501582699828,79,0.3030357810202986,1.0381627060842164e-05,15,59.80000004768372,1.0357438640594483,-1.0
0.034195933665614575,0.003129869277472608,80,0.5973306060768664,1e-05,15,59.25,1.0385130114555359,-1.0
0.036222735529436785,0.009665270760545836,1,0.7802470640745014,0.000999618372939158,16,12.095238112267994,3.7248522685822985,-1.0
0.03425138508079245,0.0021820201620678693,2,0.6195231629535556,0.0009984740801978985,16,16.85714287133444,2.2216509700956797,-1.0
0.021683946607963127,0.0031104463919558946,3,0.4216462739277631,0.0009965688861926887,16,19.904761913276854,2.1018990639277866,-1.0
0.025614069952793857,0.001931301989209126,4,0.4684062269516289,0.0009939057285945933,16,23.28571429706755,2.0249394298735117,-1.0
0.034048564444460416,0.0017796211519881206,5,0.6092046441044658,0.0009904887137995992,16,26.190476207506087,1.9441488788241432,-1.0
0.03403711827088367,0.002741179963135544,6,0.6253698391374201,0.00098632311059685,16,26.714285742668878,1.9123724074590773,-1.0
0.03415018909008188,0.0023057044976774383,7,0.6198763810098171,0.0009814153420445555,16,27.952381014823914,1.8622519073032198,-1.0
0.012023536926683258,0.0024313412414973274,8,0.2458682639990002,0.0009757729755661012,16,28.380952389467332,1.8208225802012852,-1.0
0.03418162717100452,0.0015479372951256879,9,0.6075520908925682,0.0009694047112816298,16,31.333333356039866,1.7966020263944353,-1.0
0.034090328400078064,0.0023638762478881024,10,0.6198303729761392,0.0009623203685930871,16,31.42857143708638,1.7789448486055646,-1.0
0.03413125763044638,0.003447461133713231,11,0.6389450400602072,0.0009545308710434153,16,31.66666672910963,1.7389610374541509,-1.0
0.020004376152749446,0.0029796202639665675,12,0.39082950190640986,0.0009460482294732422,16,31.85714288552602,1.7455099055880592,-1.0
0.03017513600506765,0.0031507214093033004,13,0.5666516351047903,0.0009368855235010348,16,33.047619081678846,1.726997652735029,-1.0
0.034140493529027,0.002134642700719483,14,0.6167922799941152,0.0009270568813552758,16,34.38095240933554,1.7159761269887288,-1.0
0.03416779904407175,0.002288551247843048,15,0.6198737698141485,0.0009165774580897602,16,34.71428573131561,1.690535888671875,-1.0
0.029567100463763756,0.002794237300644026,16,0.5502472100779414,0.0009054634122155992,16,36.42857149101439,1.6509814746039255,-1.0
0.015209523810292868,0.001903350478695596,17,0.2910279880743474,0.0008937318807859689,16,36.33333335036323,1.6206121238072713,-1.0
0.03410517420236241,0.0016552354483043447,18,0.6080363390501589,0.0008814009529720156,16,36.90476196152823,1.6453994035720825,-1.0
0.03409296045463313,0.001862542484613026,19,0.6113589641172439,0.0008684896421706646,16,37.523809546516055,1.599204161053612,-1.0
0.03412870916209238,0.0020765372524585795,20,0.6155951390974224,0.0008550178566873412,16,39.952380975087486,1.5884750793093727,-1.0
0.019584114457864094,0.0018756210612242714,21,0.3649453199468553,0.0008410063690388064,16,38.80952387196677,1.6010545705613637,-1.0
0.02837280260727686,0.002108115456340944,22,0.5183152169920504,0.0008264767839234412,16,39.80952382655371,1.5763594556990124,-1.0
0.03411495922516812,0.002372890245169401,23,0.6204201921354979,0.000811451504908368,16,39.38095242636545,1.5743039533070156,-1.0
0.034138575360617214,0.0022567761651075937,24,0.6188487289473414,0.0007959536998847743,16,38.76190476190476,1.5548508986972627,-1.0
0.03225221295895822,0.002292599980993306,25,0.5873949511442333,0.0007800072653447032,16,40.52380957489922,1.5250160866691953,-1.0
0.015451165559865972,0.0023892766056472763,26,0.30341448821127415,0.0007636367895343947,16,40.61904763607752,1.5055283310299827,-1.0
0.034159143318367356,0.0015793485046528717,27,0.6076811319217086,0.0007468675145409928,16,42.2380952835083,1.4934868869327365,-1.0
0.03407861167729339,0.0016094432623289963,28,0.6068274120334536,0.0007297252973710758,16,42.9047619558516,1.4700065535590763,-1.0
0.03414227334125077,0.0017000028918332914,29,0.6094488629605621,0.0007122365700810271,16,44.14285722233,1.4595278353918166,-1.0
0.01956065944122041,0.0026398410281056866,30,0.3775372630916536,0.0006944282990207196,16,42.85714292526245,1.4557003202892485,-1.0
0.030909784466904754,0.002423501600894858,31,0.5668011580128223,0.0006763279432533592,16,43.476190498897004,1.4415534766515097,-1.0
0.03422850723761846,0.0020517828764722626,32,0.6168954479508102,0.0006579634122155992,16,44.285714308420815,1.4139290798278081,-1.0
0.03413430378114914,0.0017770891598261455,33,0.6106214129831642,0.000639363022683212,16,45.33333341280619,1.4175946978160314,-1.0
0.030574921641827506,0.001613689011291546,34,0.5473366070073098,0.0006205554551086735,16,45.09523812929789,1.404139412244161,-1.0
0.015959090251913843,0.001808369395268314,35,0.3021747670136392,0.0006015697093979838,16,46.95238100347065,1.3709073305130004,-1.0
0.03421195193796473,0.002130609416567227,36,0.6179509160574526,0.0005824350601949146,16,45.57142860548837,1.3661578673408146,-1.0
0.03416590109084021,0.0016399739611455623,37,0.6088317851535976,0.0005631810117416299,16,47.57142861684164,1.344326905750093,-1.0
0.03412089340717477,0.0030714857720715158,38,0.6323984989430755,0.0005438372523852835,16,47.38095239798228,1.3393467196964082,-1.0
0.01642016236505964,0.003487118095269098,39,0.338554244954139,0.0005244336088007391,16,49.23809530621483,1.3169982773917062,-1.0
0.033523033058051675,0.0020872264251332075,40,0.6055112278554589,0.0005050000000000001,16,47.90476191611517,1.3145728688012985,-1.0
0.034150132430059946,0.0018932711579562986,41,0.6128723339643329,0.0004855663911992613,16,50.33333343551273,1.307098119826544,-1.0
0.03413726892048383,0.0028502923737773124,42,0.6289182379841805,0.00046616274761471693,16,49.33333339009966,1.2775642896833874,-1.0
0.026260738206260344,0.0029129437855718765,43,0.49608764704316854,0.00044681898825837057,16,51.38095244907198,1.2732171912420365,-1.0
0.022635886130635354,0.0026555220486924928,44,0.4300849169958383,0.000427564939805086,16,50.95238095238095,1.2510730493636357,-1.0
0.034142987336963415,0.0019187731257475475,45,0.6131814059335738,0.00040843029060201667,16,52.80952380952381,1.251175652231489,-1.0
0.034137688659350664,0.002732132643680362,46,0.6268942451570183,0.000389444544891327,16,51.66666667801993,1.2321959007354009,-1.0
0.03417413859792492,0.0022623445838689804,47,0.6195303001441061,0.0003706369773167883,16,53.619047607694355,1.2097854693730672,-1.0
0.009700582581846154,0.002295110415776863,48,0.20402867603115737,0.0003520365877844012,16,53.66666671207973,1.2046267196110316,-1.0
0.034037861986743176,0.0026223104282775346,49,0.6233341379556805,0.0003336720567466412,16,54.238095294861566,1.1787784140450615,-1.0
0.034196660771746844,0.0019250520614578443,50,0.6141764209605753,0.0003155717009792807,16,55.809523798170545,1.169898937316168,-1.0
0.0340953634449226,0.0022906420259352993,51,0.6186680418904871,0.00029776342991897335,16,55.047619104385376,1.1595177209944951,-1.0
0.02563844113062848,0.002916815978310564,52,0.48556181602180004,0.00028027470262892445,16,55.04761903626578,1.1668257645198277,-1.0
0.02167908300864784,0.0016316446366117282,53,0.39641121309250593,0.0002631324854590073,16,56.09523817471096,1.1381637146359398,-1.0
0.03417355746633428,0.002175896305262166,54,0.6180669041350484,0.0002463632104656054,16,56.666666666666664,1.157159243538266,-1.0
0.034303527517134655,0.0015588221277165063,55,0.6097955191507936,0.0002299927346552969,16,58.19047629265558,1.1052778187252226,-1.0
0.03415178024100468,0.0015676640631521448,56,0.6073421519249678,0.00021404630011522587,16,57.28571438789368,1.1210086849757603,-1.0
0.012474992641193025,0.0017887202968053957,57,0.24259047280065715,0.00019854849509163232,16,56.809523798170545,1.102100557599749,-1.0
0.03295133449137211,0.0022713442689136546,58,0.5989030471537262,0.00018352321607655918,16,57.714285782405305,1.1035292502811977,-1.0
0.034186039147350716,0.002109676325584159,59,0.617140413960442,0.00016899363096119395,16,58.761904852730886,1.0694566666512262,-1.0
0.03421520863604896,0.0025649048963232953,60,0.6253727069124579,0.000154982143312659,16,58.90476189340864,1.0580457883789425,-1.0
0.02707019475672175,0.0023611110689885475,61,0.5004515699110925,0.0001415103578293356,16,59.61904766446068,1.0610063110079084,-1.0
0.019698981209384167,0.0024292407393017236,62,0.37628726614639163,0.0001285990470279847,16,59.57142863954817,1.0600544877279372,-1.0
0.03411915855865706,0.0029028863235212423,63,0.6294867019169033,0.0001162681192140312,16,59.714285759698775,1.0503575502123152,-1.0
0.0341835914124899,0.0026431431829491083,64,0.6261647851206362,0.00010453658778440107,16,59.38095240365891,1.0483171158745175,-1.0
0.034081568585380036,0.002213709590518299,65,0.6171326888725162,9.342254191024022e-05,16,61.38095242636545,1.0190768743696668,-1.0
0.011868313735570101,0.00260526460924131,66,0.24615566013380885,8.294311864472437e-05,16,59.95238105456034,1.0276874430974325,-1.0
0.0324616253732101,0.0018314805073554024,67,0.5831162319518626,7.311447649896551e-05,16,61.76190488679068,1.0218089260373797,-1.0
0.03409854560980902,0.0018498948090435827,68,0.6112819469999522,6.395177052675794e-05,16,61.428571417218166,1.0174943444842384,-1.0
0.03408349120496389,0.0021992960862596243,69,0.6169406359549612,5.546912895658472e-05,16,61.47619054431007,1.0308125886462984,-1.0
0.028406755163279528,0.0025076953118995707,70,0.5256521380506456,4.767963140691306e-05,16,60.47619048754374,1.0329776704879035,-1.0
0.01772575980216703,0.002715532325536889,71,0.3476105488371104,4.059528871837034e-05,16,60.5714286281949,1.005325608253479,-1.0
0.03418613097849576,0.001969928729950505,72,0.6147689011413604,3.4227024433899e-05,16,59.90476189340864,1.0026614606948125,-1.0
0.03441005083732307,0.0031006684636368472,73,0.6377916240599006,2.8584657955444653e-05,16,61.52380960328238,1.01113866238367,-1.0
0.0341497674885699,0.0027512496830347706,74,0.6274279698263854,2.367688940315011e-05,16,61.04761904761905,1.0038684869947887,-1.0
0.012988160610856378,0.0018369052696096547,75,0.2521313279867172,1.951128620040094e-05,16,61.571428582781834,1.0147818573315939,-1.0
0.028905231176930314,0.0018365233588744612,76,0.5227197329513729,1.6094271405406862e-05,16,61.28571438789368,1.0090922839300973,-1.0
0.03408816978609299,0.002435654031989329,77,0.6210177659522742,1.3431113807311488e-05,16,61.14285719962347,1.0044708508536928,-1.0
0.03410096913028289,0.0018942996941725997,78,0.6120321210473776,1.1525919802101659e-05,16,61.9047620069413,0.9781513037000383,-1.0
0.030684306108228424,0.003337845644530128,79,0.5784796760417521,1.0381627060842164e-05,16,62.04761907032558,0.9904615060488383,-1.0
0.017719552153721452,0.003703055191127693,80,0.36429248796775937,1e-05,16,62.952380997794016,0.9637528367269607,-1.0
0.02706894949854662,0.009302742559359305,1,0.6548720810096711,0.000999618372939158,17,13.22727273269133,3.6065090517564253,-1.0
0.03422556636441085,0.0021598638009486925,2,0.6550645940005779,0.0009984740801978985,17,17.90909091992812,2.1714993567900223,-1.0
0.034036466580194734,0.0015532599192940528,3,0.6407382930628955,0.0009965688861926887,17,21.318181839856233,2.058222711303017,-1.0
0.028461599722504616,0.0015646776624230875,4,0.5405858028680086,0.0009939057285945933,17,24.545454548163846,1.9786608331853692,-1.0
0.01907332006117536,0.001790019437774188,5,0.3756499469745904,0.0009904887137995992,17,26.772727272727273,1.9275875850157305,-1.0
0.034090332893861666,0.002012856550411218,6,0.6499804460909218,0.00098632311059685,17,29.09090909090909,1.8750880852612581,-1.0
0.03405338409356773,0.0015683842874649498,7,0.6413019781466573,0.0009814153420445555,17,27.36363636905497,1.8871604225852272,-1.0
0.034022444703926645,0.0015956410206854343,8,0.6412374710198492,0.0009757729755661012,17,29.727272727272727,1.8277751155333086,-1.0
0.009246593884502849,0.0016961991786956787,9,0.19707715697586536,0.0009694047112816298,17,30.0,1.799095375321128,-1.0
0.03398311523617142,0.001468875044439402,10,0.6382536219898611,0.0009623203685930871,17,28.95454545996406,1.7983980625325984,-1.0
0.03410012594475928,0.001740974050739573,11,0.6452500959858298,0.0009545308710434153,17,30.636363647200845,1.7529939690503207,-1.0
0.03402516451509049,0.0015455582049778765,12,0.6403831958305091,0.0009460482294732422,17,33.0909091017463,1.7485986882990057,-1.0
0.022102435080644984,0.0016208172051442994,13,0.42712853802368045,0.0009368855235010348,17,31.318181839856233,1.760453991022977,-1.0
0.024978097761049867,0.0015808736206963658,14,0.4781709301751107,0.0009270568813552758,17,32.68181819265539,1.7154672514308582,-1.0
0.034003647380611964,0.0014859610107830828,15,0.6389229372143745,0.0009165774580897602,17,32.31818183985624,1.7159614424272016,-1.0
0.0340268846678858,0.0015651698793388074,16,0.6407834331039339,0.0009054634122155992,17,34.36363637447357,1.6761648771979591,-1.0
0.032212556831331715,0.0014876708284848267,17,0.6067098579369485,0.0008937318807859689,17,36.81818183985624,1.6543659006465565,-1.0
0.01618005802285754,0.0020539383662657607,18,0.3283208089414984,0.0008814009529720156,17,35.36363636363637,1.6281844819675793,-1.0
0.03402938115565727,0.001476413893720342,19,0.6392224300652742,0.0008684896421706646,17,35.86363636363637,1.6359985559636896,-1.0
0.03403274999517533,0.0016825485638239318,20,0.642985861049965,0.0008550178566873412,17,38.50000002167442,1.6056420343572444,-1.0
0.034059586533759206,0.0016154461902462775,21,0.6422613759059459,0.0008410063690388064,17,36.0909091017463,1.6203334457224066,-1.0
0.013556958991102874,0.0015789516813432176,22,0.27255448582582176,0.0008264767839234412,17,38.36363637447357,1.5923570801995017,-1.0
0.033994957261408366,0.002238088571983907,23,0.6523119818884879,0.000811451504908368,17,39.45454545454545,1.5938729719682174,-1.0
0.03405686703303622,0.001870944190563427,24,0.6468077041208744,0.0007959536998847743,17,38.863636369054966,1.572289130037481,-1.0
0.034060972820346556,0.0018325140699744225,25,0.6462137009948492,0.0007800072653447032,17,39.00000002167442,1.5505020973899148,-1.0
0.02166754410912593,0.0015672848352955447,26,0.41834947606548667,0.0007636367895343947,17,39.136363647200845,1.5832281771573153,-1.0
0.025192829301684268,0.001897262745640344,27,0.4877507919445634,0.0007468675145409928,17,39.40909090909091,1.5371279972249812,-1.0
0.0340031046135765,0.0019789813862492642,28,0.6478061419911683,0.0007297252973710758,17,40.954545465382665,1.5067114253477616,-1.0
0.03406848100065771,0.0017568371646727126,29,0.6449830599594861,0.0007122365700810271,17,39.68181819265539,1.5274690519679677,-1.0
0.03075005821624978,0.0017784906214930946,30,0.5856418227776885,0.0006944282990207196,17,43.27272729440169,1.4564120548421686,-1.0
0.02186324219736788,0.0030699956437779796,31,0.4489265140146017,0.0006763279432533592,17,42.636363647200845,1.4702829252589833,-1.0
0.03417435957170609,0.001824548532668915,32,0.6481151098851115,0.0006579634122155992,17,43.59090911258351,1.4627577343854037,-1.0
0.034174652226890125,0.0015210337652307418,33,0.6426502109970897,0.000639363022683212,17,45.27272728356448,1.4302517010948874,-1.0
0.0340235046007567,0.0014472502904633682,34,0.6386169430334121,0.0006205554551086735,17,44.50000002167442,1.42560114773837,-1.0
0.013709016390041344,0.0015721822209242317,35,0.2751886360347271,0.0006015697093979838,17,44.54545454545455,1.4030675571615046,-1.0
0.034097794508044094,0.001544126102493869,36,0.6416869310196489,0.0005824350601949146,17,46.000000010837205,1.3810157914595171,-1.0
0.0341578671682833,0.001561951952882939,37,0.6430892148055136,0.0005631810117416299,17,44.04545454545455,1.3910269299420444,-1.0
0.03417682656759603,0.0015915599780985052,38,0.6439402231480926,0.0005438372523852835,17,45.04545454545455,1.3818262000517412,-1.0
0.016061646411091916,0.0015681719847230448,39,0.31744441320188344,0.0005244336088007391,17,48.54545454545455,1.3413431826504794,-1.0
0.029762969986121688,0.001933432016004291,40,0.5706437290646136,0.0005050000000000001,17,46.954545465382665,1.3629872967980126,-1.0
0.03423777297656569,0.0024028115698860753,41,0.6596441129222512,0.0004855663911992613,17,50.18181818181818,1.3090839659083973,-1.0
0.03401022769200305,0.0016931692629845606,42,0.6427722820080817,0.00046616274761471693,17,49.31818183985624,1.3166274265809492,-1.0
0.02608452513555272,0.00155223502467076,43,0.4975753740873188,0.00044681898825837057,17,49.500000010837205,1.3113786246559838,-1.0
0.025555185430372756,0.002419973891745839,44,0.5036597489379346,0.000427564939805086,17,49.63636363636363,1.2915853879668495,-1.0
0.03411246375698182,0.0030696435779747036,45,0.6693901410326362,0.00040843029060201667,17,49.86363638531078,1.264902572631836,-1.0
0.034048693953081965,0.0016038019934462176,46,0.6418584380298853,0.000389444544891327,17,51.04545455629175,1.2786017816716975,-1.0
0.029759624390862882,0.0016075825551524758,47,0.5647130010183901,0.0003706369773167883,17,52.318181861530654,1.2412915108420632,-1.0
0.019049827876086865,0.00223034617698027,48,0.38314767088741064,0.0003520365877844012,17,52.86363636363637,1.2324470936168324,-1.0
0.0340692232000745,0.0015271954600595767,49,0.6408572799991816,0.0003336720567466412,17,52.40909091992812,1.214736182906411,-1.0
0.03412531968206167,0.0020064820871791905,50,0.6504977899603546,0.0003155717009792807,17,51.90909090909091,1.2179517436027527,-1.0
0.034062498068023056,0.001596755490431355,51,0.64197704102844,0.00029776342991897335,17,54.13636365803805,1.1887311133471403,-1.0
0.009915141453449097,0.0018651543780126506,52,0.21216728794388473,0.00028027470262892445,17,53.318181829019025,1.2054753528941762,-1.0
0.03407568333204836,0.002516400107803444,53,0.6587747181765735,0.0002631324854590073,17,53.54545454545455,1.1866684172370217,-1.0
0.03402478053855399,0.0016010501810039084,54,0.6413762599695474,0.0002463632104656054,17,54.27272728356448,1.1810930039665917,-1.0
0.03413212750779672,0.0016213106638234523,55,0.6436709109693766,0.0002299927346552969,17,54.13636363636363,1.1554879973151466,-1.0
0.0207973326711605,0.001522602280601859,56,0.40186382783576846,0.00021404630011522587,17,55.727272748947144,1.1579622719504616,-1.0
0.028658014748038516,0.0022928479722597534,57,0.5572608679067343,0.00019854849509163232,17,54.90909095243974,1.150851467739452,-1.0
0.034041741979308426,0.0014524664600483244,58,0.6390055681113154,0.00018352321607655918,17,55.863636406985194,1.132432174465873,-1.0
0.03408449898577399,0.0015359595676677094,59,0.6412767770234495,0.00016899363096119395,17,55.63636365803805,1.1430767061493614,-1.0
0.027892416601793632,0.001509983739298251,60,0.5293473519850522,0.000154982143312659,17,56.04545454545455,1.1211533698168668,-1.0
0.019165336749412946,0.0025978339189249608,61,0.3918440639972687,0.0001415103578293356,17,57.54545454545455,1.1046547009728171,-1.0
0.03411153631491794,0.001982123862641553,62,0.6497958581894636,0.0001285990470279847,17,57.40909093076532,1.0970106924663892,-1.0
0.034083284023735255,0.0017260009836819437,63,0.6446790089830756,0.0001162681192140312,17,58.04545458880338,1.109609770341353,-1.0
0.034138204103025295,0.0014972478513502413,64,0.6415485730394721,0.00010453658778440107,17,57.95454547621987,1.08347032698718,-1.0
0.009613971575163305,0.0015470706469689806,65,0.20100330817513168,9.342254191024022e-05,17,57.81818183985624,1.0685422374985434,-1.0
0.03387294462623282,0.002477805104313625,66,0.6544441119767725,8.294311864472437e-05,17,58.31818181818182,1.0936222219467162,-1.0
0.03410972202093237,0.0024365153706942997,67,0.6579596151132137,7.311447649896551e-05,17,57.77272727272727,1.0706243935498325,-1.0
0.034111341810785234,0.002251785300258133,68,0.6546684268396348,6.395177052675794e-05,17,59.045454567128964,1.0528030053052035,-1.0
0.019723625944202974,0.002672792955612143,69,0.4032413000240922,5.546912895658472e-05,17,57.59090911258351,1.0732564089514993,-1.0
0.029202087277856965,0.002359687454170651,70,0.568227879004553,4.767963140691306e-05,17,58.27272731607611,1.0494398988376965,-1.0
0.03407132740701652,0.0021600542564152014,71,0.6522762780077755,4.059528871837034e-05,17,58.5,1.049831897128712,-1.0
0.034103913620735206,0.0024795062167363036,72,0.6586145779583603,3.4227024433899e-05,17,59.09090909090909,1.0687175200202248,-1.0
0.02596625718029423,0.0014402555405265754,73,0.49342254805378616,2.8584657955444653e-05,17,59.40909095243974,1.0475828166441483,-1.0
0.02361453684150345,0.0020172010538064772,74,0.4614788950420916,2.367688940315011e-05,17,58.68181818181818,1.047361790483648,-1.0
0.034089159298067294,0.0016703425337456996,75,0.6437848440837115,1.951128620040094e-05,17,58.90909090909091,1.0420026818188755,-1.0
0.03416271450825863,0.0019973822119128373,76,0.6509907261934131,1.6094271405406862e-05,17,60.50000002167442,1.0266308212280273,-1.0
0.032459821616713375,0.0015960627157861988,77,0.6131096549797803,1.3431113807311488e-05,17,60.40909095243974,1.041092605157332,-1.0
0.015215879513157738,0.001663991767499182,78,0.30396170006133616,1.1525919802101659e-05,17,60.45454549789429,1.048240495595065,-1.0
0.03412935790968024,0.0014985345381622512,79,0.6414086949080229,1.0381627060842164e-05,17,59.40909090909091,1.0384714126586914,-1.0
0.03404772260950671,0.0017333330534812477,80,0.6441737450659275,1e-05,17,59.86363636363637,1.0200451664491132,-1.0
0.03574800667249494,0.008363799049725963,1,0.7941509210504591,0.000999618372939158,18,12.608695589977762,3.5877704653532607,-1.0
0.01970888353470299,0.0020231035175836748,2,0.3913069649133831,0.0009984740801978985,18,18.521739140800808,2.1778458334052044,-1.0
0.030519186480281252,0.0017981843557208776,3,0.5818407970946282,0.0009965688861926887,18,21.739130393318508,2.076817789077759,-1.0
0.03429950981970049,0.0016489037855838735,4,0.6471781169530004,0.0009939057285945933,18,22.739130395910014,2.0142122227212655,-1.0
0.03430247174886366,0.0016191088620366321,5,0.6466983668506145,0.0009904887137995992,18,25.8695651344631,1.9469042454595151,-1.0
0.025910651673459344,0.0018491120491590765,6,0.49977928400039673,0.00098632311059685,18,26.391304342643075,1.9139970041357952,-1.0
0.023446113789557584,0.0017317597133417924,7,0.4533455101773143,0.0009814153420445555,18,27.78260868528615,1.8687239418859067,-1.0
0.03423132738357203,0.002037890061425666,8,0.6529835108667612,0.0009757729755661012,18,27.869565118914064,1.8224677027826723,-1.0
0.03427525929227057,0.001997238762366275,9,0.6530635838862509,0.0009694047112816298,18,29.565217357614767,1.7981309994407322,-1.0
0.032214610578699246,0.002049180032271478,10,0.6168852171394974,0.0009623203685930871,18,30.739130346671395,1.7971062191672946,-1.0
0.01690009983980821,0.0016962417220282885,11,0.33487652195617557,0.0009545308710434153,18,31.086956464725993,1.7770616062827733,-1.0
0.03430583234876394,0.0030354741546842787,12,0.672295946860686,0.0009460482294732422,18,31.217391216236614,1.7466118062060811,-1.0
0.03433821843160937,0.0028904671780765057,13,0.6702685500495136,0.0009368855235010348,18,32.82608693578969,1.7376251726565153,-1.0
0.034260597144667476,0.0018957177979043787,14,0.6509637949056923,0.0009270568813552758,18,33.391304308953494,1.6940205426838086,-1.0
0.010101773000011841,0.001795240884853734,15,0.2142994210589677,0.0009165774580897602,18,33.17391307457633,1.6924207480057427,-1.0
0.03432545377614184,0.0018793382267985079,16,0.6518296219874173,0.0009054634122155992,18,34.91304342124773,1.665421516791634,-1.0
0.03439463988049991,0.0016598129489769538,17,0.6491138020064682,0.0008937318807859689,18,34.999999911888786,1.6365755060444707,-1.0
0.03439280983164079,0.0015343772118083304,18,0.6468463139608502,0.0008814009529720156,18,35.04347812611124,1.6339495078377102,-1.0
0.02095650327909324,0.0016207426087930799,19,0.4065207408275455,0.0008684896421706646,18,34.695652158364005,1.635293527478757,-1.0
0.029291471207721367,0.002643113179753224,20,0.5749393838923424,0.0008550178566873412,18,35.91304345752882,1.623509258809297,-1.0
0.03432943793531093,0.0026641905100809205,21,0.665996789932251,0.0008410063690388064,18,35.39130421306776,1.6137688528973124,-1.0
0.03438245708174589,0.0016207604720774624,22,0.6481743920594454,0.0008264767839234412,18,37.99999990152276,1.5833673898033473,-1.0
0.026228468891026244,0.001925132056284282,23,0.5068668401800096,0.000811451504908368,18,37.34782605585845,1.5726510199256565,-1.0
0.020128211472183466,0.001723888084395892,24,0.3934461048338562,0.0007959536998847743,18,40.826086966887765,1.5306484042043271,-1.0
0.03429702943604854,0.0021220416141053042,25,0.6556544059421867,0.0007800072653447032,18,39.95652163547018,1.5326215677675994,-1.0
0.03431963789949401,0.002623113764760395,26,0.6650816600304097,0.0007636367895343947,18,40.782608597174935,1.5069861586197564,-1.0
0.03376610799589091,0.002705213730223477,27,0.656602961011231,0.0007468675145409928,18,41.17391293981801,1.4859364397629446,-1.0
0.014762896721044349,0.0025867868809857303,28,0.3124081869609654,0.0007297252973710758,18,41.30434771206068,1.4926746768536776,-1.0
0.03426455910731521,0.0016891384988816248,29,0.6472778448369354,0.0007122365700810271,18,42.04347822977149,1.4850346270851467,-1.0
0.03432341983231405,0.0022116085617906516,30,0.6577663258649409,0.0006944282990207196,18,41.99999993262084,1.4587094443777333,-1.0
0.034293288028695516,0.002891881533691453,31,0.6694694489706308,0.0006763279432533592,18,44.0434782349545,1.4398137901140295,-1.0
0.012337905277187625,0.001711705660757919,32,0.25302302301861346,0.0006579634122155992,18,43.91304336941761,1.4299247030589892,-1.0
0.034160383304374084,0.0016041497518825862,33,0.6438990619499236,0.000639363022683212,18,45.69565219464509,1.4013036999495132,-1.0
0.03429937828332186,0.0027087811613455415,34,0.6662761350162327,0.0006205554551086735,18,44.56521724618,1.3807644761126974,-1.0
0.03440730185765359,0.002417841977957222,35,0.662987323012203,0.0006015697093979838,18,46.99999990152276,1.387386946470841,-1.0
0.020376802370366123,0.0016760359673450391,36,0.3970803851261735,0.0005824350601949146,18,45.47826087993124,1.3727168348561163,-1.0
0.026393161388114095,0.0016525410012238556,37,0.504972678842023,0.0005631810117416299,18,47.13043466858242,1.3343042541586834,-1.0
0.03424680887514518,0.0014641304603881305,38,0.6429051219020039,0.0005438372523852835,18,48.956521702849344,1.3113933664819468,-1.0
0.03429076256644395,0.0016383038859607445,39,0.6468367679044604,0.0005244336088007391,18,48.913043405698694,1.3111003954514213,-1.0
0.03022002490858237,0.002092894024422599,40,0.5817364770919085,0.0005050000000000001,18,48.95652169766633,1.312612159770468,-1.0
0.017579688069721062,0.0017987243805287613,41,0.34892315207980573,0.0004855663911992613,18,49.30434767059658,1.3053426199373992,-1.0
0.03430380588138683,0.002370240735924906,42,0.6602590989787132,0.00046616274761471693,18,48.08695649582407,1.2858591058979865,-1.0
0.034323946857411,0.0026414149259734484,43,0.6655086209066212,0.00044681898825837057,18,50.478260828101114,1.26615911214248,-1.0
0.03438581090368745,0.0014980095438659191,44,0.6460447739809752,0.000427564939805086,18,50.39130425453186,1.2637624846334043,-1.0
0.010207032487313781,0.0016567467246204615,45,0.21367066097445786,0.00040843029060201667,18,50.73913039331851,1.2567837462217912,-1.0
0.034222992796761297,0.0019138189317244622,46,0.6505866178777069,0.000389444544891327,18,52.47826085919919,1.219345159323319,-1.0
0.034349121127484575,0.002762392991118961,47,0.6681393729522824,0.0003706369773167883,18,51.86956506190093,1.2161758688221807,-1.0
0.034411937075977526,0.001611647584165136,48,0.6485751799773425,0.0003520365877844012,18,53.26086955485137,1.178397567583167,-1.0
0.02047262552918659,0.0015313999158226782,49,0.3962018140591681,0.0003336720567466412,18,54.56521742240243,1.175926476976146,-1.0
0.03094260472183426,0.0023672794405784872,50,0.5997113259509206,0.0003155717009792807,18,51.39130414050558,1.1822451131240181,-1.0
0.0342788812575034,0.001622812680175735,51,0.6463650639634579,0.00029776342991897335,18,54.826086832129434,1.1574926683177118,-1.0
0.03438094366962711,0.0014718211669888762,52,0.6454847711138427,0.00028027470262892445,18,53.565217349840246,1.172594219705333,-1.0
0.03234611914700104,0.0018580304717438088,53,0.6160270839463919,0.0002631324854590073,18,56.5652173705723,1.1309856004300325,-1.0
0.028595614285829168,0.00158186298277643,54,0.5433228649199009,0.0002463632104656054,18,56.13043453382409,1.1354815004182899,-1.0
0.02909190082249956,0.001671579006748895,55,0.5538714008871466,0.0002299927346552969,18,56.130434658216394,1.126105167762093,-1.0
0.029091070716579754,0.0015426351197270884,56,0.5515381330624223,0.00021404630011522587,18,55.34782586926999,1.1226844659058943,-1.0
0.0290955070587289,0.001709262892189953,57,0.5546173669863492,0.00019854849509163232,18,55.95652149034583,1.1022547377710756,-1.0
0.028350931592285633,0.0015555400168523192,58,0.538453615969047,0.00018352321607655918,18,56.65217381974925,1.076151101278222,-1.0
0.0286997108358062,0.0018486254977890188,59,0.5499974060803652,0.00016899363096119395,18,58.478260900663294,1.076521227878073,-1.0
0.028216714272275567,0.0014733017758569783,60,0.5345519070979208,0.000154982143312659,18,58.21739136654398,1.077625262633614,-1.0
0.019505085785769753,0.0014889163172079457,61,0.37801472190767527,0.0001415103578293356,18,58.60869551741558,1.0598961815626724,-1.0
0.029293018561373983,0.0022515726094651553,62,0.5679260068573058,0.0001285990470279847,18,56.43478235991105,1.0820215096681014,-1.0
0.03423612598433263,0.0025619390782796675,63,0.6624906598590314,0.0001162681192140312,18,57.99999978231347,1.060445737838745,-1.0
0.03436101129692462,0.0028142298623505565,64,0.6692758540157229,0.00010453658778440107,18,59.86956516556118,1.037815113482268,-1.0
0.025896196783934202,0.0015278809393445651,65,0.49375672498717904,9.342254191024022e-05,18,60.08695650100708,1.0178356280534164,-1.0
0.026287844818499353,0.002580204357703527,66,0.5197313358075917,8.294311864472437e-05,18,59.17391282579173,1.0229688490992006,-1.0
0.03431751602329314,0.0027452608725676932,67,0.6672369348816574,7.311447649896551e-05,18,58.47826089029727,1.0465827993724657,-1.0
0.03428512655146834,0.0017034241722689734,68,0.6478983999695629,6.395177052675794e-05,18,59.30434788828311,1.0267566475660905,-1.0
0.02959776096718593,0.001541581755090091,69,0.560609030071646,5.546912895658472e-05,18,60.5652174535005,1.016966694334279,-1.0
0.018992748383122187,0.0025289843841973278,70,0.38749884185381234,4.767963140691306e-05,18,59.65217379383419,1.0246083730200062,-1.0
0.034410452276157834,0.001501096839395662,71,0.6465156769845635,4.059528871837034e-05,18,61.52173890238223,1.0073760763458584,-1.0
0.034330893657170236,0.0017331556235957476,72,0.6492626229301095,3.4227024433899e-05,18,60.78260867492013,1.0032509616146916,-1.0
0.03445869856255336,0.0025923768342990014,73,0.6670288818422705,2.8584657955444653e-05,18,61.34782608695652,0.9901122364790543,-1.0
0.00942547323130485,0.0015112137706536385,74,0.19696715706959367,2.367688940315011e-05,18,60.91304338496664,1.0136700393842615,-1.0
0.03420070433316545,0.0015336899992285504,75,0.6433319379575551,1.951128620040094e-05,18,60.95652180132659,0.9983107591711956,-1.0
0.03433370481555661,0.0025250349167941343,76,0.6635641059838235,1.6094271405406862e-05,18,61.17391307457633,0.9907949951420659,-1.0
0.034284696927190654,0.002073838284963535,77,0.6545646209269762,1.3431113807311488e-05,18,60.95652155254198,1.0027319760944533,-1.0
0.020229395491898887,0.0018061701234223114,78,0.3967467921320349,1.1525919802101659e-05,18,61.34782595219819,0.9939276681775632,-1.0
0.026835817403884396,0.0016596454273288448,79,0.5130457130726427,1.0381627060842164e-05,18,60.43478243247323,1.016034292552782,-1.0
0.03470176578654597,0.0016839114379965598,80,0.6550717961508781,1e-05,18,60.95652175986248,0.9896901115127231,-1.0
0.03573850197962632,0.008139995490445903,1,0.8338517129886895,0.000999618372939158,19,13.87500003973643,3.011990633010864,-1.0
0.03420753678993175,0.001661311259101096,2,0.6816343131940812,0.0009984740801978985,19,21.833333373069763,2.09976257165273,-1.0
0.01681770049770804,0.002303769088987457,3,0.36343257897533476,0.0009965688861926887,19,22.625000019868214,2.005482228597005,-1.0
0.03421175294849826,0.0016234743678452152,4,0.6809975518845022,0.0009939057285945933,19,24.875,1.9372277816136678,-1.0
0.034244890324771404,0.0015458397346695787,5,0.6801338258665055,0.0009904887137995992,19,26.833333333333332,1.8923848994572958,-1.0
0.03417502859558322,0.0015015905036738044,6,0.6779656780418009,0.00098632311059685,19,28.416666706403095,1.8462257401148479,-1.0
0.015878616391043914,0.0019058414465306622,7,0.33801174093969166,0.0009814153420445555,19,29.375,1.8102725219726563,-1.0
0.03422573444090391,0.0016969078784122278,8,0.6826389080379158,0.0009757729755661012,19,31.12500003973643,1.7811942052841188,-1.0
0.03422652216824262,0.0017876887792035152,9,0.6843778910115361,0.0009694047112816298,19,30.875,1.7612929550806682,-1.0
0.03415282972549137,0.0014515714842433993,10,0.6765958110336214,0.0009623203685930871,19,30.50000003973643,1.7653596512476604,-1.0
0.010072718153854734,0.0014034980099256102,11,0.21816352102905512,0.0009545308710434153,19,34.0,1.6979461431503295,-1.0
0.034214296635534415,0.0015606251545250416,12,0.6803644499741495,0.0009460482294732422,19,31.583333373069763,1.7097495635350546,-1.0
0.03420246462337673,0.0015123270599073486,13,0.6786905070766807,0.0009368855235010348,19,34.125,1.6881258630752562,-1.0
0.03417704813182354,0.0014805044537704241,14,0.6776005600113422,0.0009270568813552758,19,33.791666666666664,1.6522600030899048,-1.0
0.0149282528651192,0.0017787226059130933,15,0.3175389647949487,0.0009165774580897602,19,35.041666666666664,1.656543911298116,-1.0
0.03267867028664209,0.001656402662200363,16,0.6525009190663695,0.0009054634122155992,19,34.75000007947286,1.6434522740046182,-1.0
0.03427254273801258,0.002864754317622436,17,0.7057437379844487,0.0008937318807859689,19,35.0416667064031,1.631214321454366,-1.0
0.0341956896927992,0.0018140715179278662,18,0.6842964889947325,0.0008814009529720156,19,36.625,1.59928200562795,-1.0
0.01710828537072398,0.0021981590084339444,19,0.36693924898281693,0.0008684896421706646,19,38.75000007947286,1.5909665679931642,-1.0
0.010671136753731653,0.0015582451474313672,20,0.23248218302614987,0.0008550178566873412,19,38.75000007947286,1.566137727101644,-1.0
0.03433215463730065,0.0016001803604395765,21,0.682828487129882,0.0008410063690388064,19,38.9166667064031,1.5825846338272094,-1.0
0.034245957363102784,0.0018993004249702942,22,0.686872418038547,0.0008264767839234412,19,38.70833341280619,1.567535629272461,-1.0
0.03444806558668221,0.0017989262521855142,23,0.6888018588069826,0.000811451504908368,19,39.541666666666664,1.5362524525324504,-1.0
0.013918065760088595,0.001386696190916394,24,0.2908970769494772,0.0007959536998847743,19,40.666666666666664,1.5211327600479125,-1.0
0.02177481936584962,0.0020535127995045563,25,0.45285892207175493,0.0007800072653447032,19,41.50000003973643,1.4969385035832723,-1.0
0.03421422483791646,0.002256228061588971,26,0.6930455160327256,0.0007636367895343947,19,41.333333333333336,1.4784674056371052,-1.0
0.034225841898373084,0.0025894758414084975,27,0.6996006821282208,0.0007468675145409928,19,41.83333341280619,1.4751602172851563,-1.0
0.029145796378878385,0.0015877948853334314,28,0.5840448250528425,0.0007297252973710758,19,42.916666746139526,1.4728890307744344,-1.0
0.02353804656549504,0.002544805848676907,29,0.4956848321016878,0.0007122365700810271,19,44.5,1.4330001831054688,-1.0
0.0341931402830309,0.002479362399562409,30,0.6969105710741132,0.0006944282990207196,19,43.208333333333336,1.4292427571614583,-1.0
0.034185082259538924,0.0024087652564048767,31,0.6954154931008816,0.0006763279432533592,19,44.25,1.4143221807479858,-1.0
0.02664995323376436,0.0019481527668080833,32,0.5434689118992537,0.0006579634122155992,19,44.583333333333336,1.410849674542745,-1.0
0.023517801169011938,0.0018498415715600316,33,0.4821206859778613,0.000639363022683212,19,46.75000003973643,1.3788421630859375,-1.0
0.034275142500471124,0.0018489959184080362,34,0.6864888861309737,0.0006205554551086735,19,46.83333337306976,1.3584869305292766,-1.0
0.03428677079806987,0.001511225991539265,35,0.6802962222136557,0.0006015697093979838,19,46.791666666666664,1.3414850409825643,-1.0
0.02760236380670808,0.0027145470835660632,36,0.5761480079963803,0.0005824350601949146,19,47.41666682561239,1.3542705583572388,-1.0
0.025940693289923825,0.0026880628061725907,37,0.544074489036575,0.0005631810117416299,19,47.29166682561239,1.33754598458608,-1.0
0.03427433575454511,0.002019542244900214,38,0.6897180750966072,0.0005438372523852835,19,47.33333337306976,1.3324250332514445,-1.0
0.034199030739010164,0.0024243826904383147,39,0.6959779260214418,0.0005244336088007391,19,49.45833341280619,1.2976145156224568,-1.0
0.025149366340452905,0.0014494646610201973,40,0.5055100279860198,0.0005050000000000001,19,50.416666666666664,1.2742319790522258,-1.0
0.026193781988695264,0.0019181996436887666,41,0.534254431957379,0.0004855663911992613,19,49.041666746139526,1.2973617188135782,-1.0
0.03426245962710757,0.0013909011123407829,42,0.6775264439638704,0.00046616274761471693,19,51.37500015894572,1.2320268376668295,-1.0
0.0342731225475865,0.0017560946044365042,43,0.6846654408145696,0.00044681898825837057,19,52.25,1.2097707176208496,-1.0
0.026157524510237732,0.0018437426463749848,44,0.532128042075783,0.000427564939805086,19,51.583333333333336,1.2307913732528686,-1.0
0.023069583210407904,0.0015439175216383056,45,0.46776733989827335,0.00040843029060201667,19,52.37500015894572,1.215929668744405,-1.0
0.034262740911033596,0.0015717815534260712,46,0.6809643299784511,0.000389444544891327,19,52.791666666666664,1.2007591740290324,-1.0
0.034212049390924607,0.001682770769356897,47,0.6821096749044955,0.0003706369773167883,19,54.33333337306976,1.152960138320923,-1.0
0.02874477023847009,0.001606863126844952,48,0.5767819851171225,0.0003520365877844012,19,53.08333341280619,1.1741888920466106,-1.0
0.02039625974813182,0.002186751471048123,49,0.42920822999440134,0.0003336720567466412,19,54.58333341280619,1.1514711713790893,-1.0
0.03426810273116356,0.002416904537791484,50,0.6971266560722142,0.0003155717009792807,19,54.833333333333336,1.155350178082784,-1.0
0.03427238755026146,0.0017509939712717344,51,0.6845543950330466,0.00029776342991897335,19,54.50000007947286,1.136671977043152,-1.0
0.030811515293623273,0.001551312700796284,52,0.6149980290792882,0.00028027470262892445,19,55.54166682561239,1.1373959668477376,-1.0
0.015385284823806663,0.0019002177654520462,53,0.3285335241816938,0.0002631324854590073,19,56.20833349227905,1.1196192916234333,-1.0
0.034317622230829375,0.0015179918784844247,54,0.680985010927543,0.0002463632104656054,19,57.208333333333336,1.1079655472437542,-1.0
0.03435128939485079,0.002615805764339472,55,0.7024876880459487,0.0002299927346552969,19,57.33333341280619,1.0897063064575194,-1.0
0.03431608612453075,0.0021090914960950613,56,0.6921897018328309,0.00021404630011522587,19,56.08333349227905,1.0934178717931111,-1.0
0.014904760694327323,0.0027257555139888275,57,0.33509087515994906,0.00019854849509163232,19,58.12500015894572,1.0850040006637574,-1.0
0.034276391563348864,0.002218432491645217,58,0.6935147370677441,0.00018352321607655918,19,59.458333333333336,1.061445968945821,-1.0
0.03422284511065012,0.0015918943099677563,59,0.6805892940610647,0.00016899363096119395,19,57.041666666666664,1.0577991660435995,-1.0
0.03422109044990257,0.0014347850810736418,60,0.6775729830842465,0.000154982143312659,19,60.08333341280619,1.0425036271413168,-1.0
0.009122880457557346,0.0017025536048765246,61,0.20578674413263798,0.0001415103578293356,19,58.70833349227905,1.0473921044667562,-1.0
0.03412404707878044,0.002133827815812669,62,0.689012381946668,0.0001285990470279847,19,58.916666666666664,1.0437910238901773,-1.0
0.034289132791424266,0.001349096995239195,63,0.6772587560117245,0.0001162681192140312,19,60.291666666666664,1.027222466468811,-1.0
0.03419961417584043,0.0022506838860480408,64,0.692668043076992,0.00010453658778440107,19,60.37500007947286,1.020904266834259,-1.0
0.015028196901671197,0.0021720938874702704,65,0.32690902100875974,9.342254191024022e-05,19,60.416666666666664,1.010350941022237,-1.0
0.03225170148193444,0.0015918641522722808,66,0.6431573419831693,8.294311864472437e-05,19,61.541666746139526,0.9992869114875793,-1.0
0.03432645357066864,0.002473975115112568,67,0.6993373988661915,7.311447649896551e-05,19,61.291666666666664,1.0067112469673156,-1.0
0.03429432606667673,0.0016815916659604561,68,0.6836823078338057,6.395177052675794e-05,19,60.83333349227905,0.9979635508855184,-1.0
0.01931513696418781,0.0016011439361854603,69,0.39754027291201055,5.546912895658472e-05,19,60.66666682561239,0.994359466234843,-1.0
0.03209054815631948,0.0023122120550588556,70,0.6537718740291893,4.767963140691306e-05,19,59.41666682561239,1.01249525308609,-1.0
0.03421441044070219,0.0023205202979672897,71,0.6942755421623588,4.059528871837034e-05,19,60.333333333333336,1.0027009375890097,-1.0
0.03427238087169826,0.0014636094412325245,72,0.679097117157653,3.4227024433899e-05,19,61.666666666666664,0.9897324768702189,-1.0
0.01965500351874844,0.0014580677533032077,73,0.4012524608988315,2.8584657955444653e-05,19,62.87500015894572,0.9732177933057149,-1.0
0.03122234481729959,0.0023583688185011085,74,0.6381512768566608,2.367688940315011e-05,19,61.45833349227905,0.9801349465052287,-1.0
0.0342464074614997,0.0014909946506744937,75,0.6791204558685422,1.951128620040094e-05,19,62.1666667064031,0.9733416986465454,-1.0
0.03419013238070827,0.0014406093518788878,76,0.6770975631661713,1.6094271405406862e-05,19,61.25000015894572,0.9744111061096191,-1.0
0.021096708767704274,0.0015474023959158284,77,0.43034613505005836,1.3431113807311488e-05,19,62.541666666666664,0.9776620690027873,-1.0
0.028264115478745418,0.00169005504760303,78,0.5692491109948605,1.1525919802101659e-05,19,62.58333349227905,0.9708896319071452,-1.0
0.03420838787171401,0.0017665294979355838,79,0.6836370611563325,1.0381627060842164e-05,19,61.625,0.9658709375063578,-1.0
0.03425109815342646,0.0026164098495715543,80,0.7005944100674242,1e-05,19,63.0,0.9453056955337524,-1.0
0.02353778654942289,0.007591453194618225,1,0.6227101942058653,0.000999618372939158,20,13.20000001192093,3.239221971130371,-1.0
0.03202839681180194,0.0017426214879378676,2,0.6755419089458883,0.0009984740801978985,20,18.560000007152556,2.1502059562683105,-1.0
0.034172295674216,0.0018459404702298344,3,0.7204756690189242,0.0009965688861926887,20,23.280000002384185,2.0438453125,-1.0
0.03412118926644325,0.0017385743791237473,4,0.7173096148762852,0.0009939057285945933,20,23.080000004768372,1.9988623058319093,-1.0
0.014783734909724445,0.0013724215910769998,5,0.32322885980829597,0.0009904887137995992,20,26.04,1.9539990463256836,-1.0
0.03376962438924238,0.0015471466118469833,6,0.7064814199693501,0.00098632311059685,20,26.99999999523163,1.8887750007629394,-1.0
0.03417098043719306,0.001393094565719366,7,0.7114171460270882,0.0009814153420445555,20,28.800000033378602,1.839296851158142,-1.0
0.03422089993255213,0.0016889574704691767,8,0.7183256309945136,0.0009757729755661012,20,27.480000002384187,1.8605027847290039,-1.0
0.013481841678731144,0.0016698647756129502,9,0.30315755493938923,0.0009694047112816298,20,28.84000003814697,1.8141714347839355,-1.0
0.03407345039304346,0.0017500234069302678,10,0.7166035370901227,0.0009623203685930871,20,30.800000033378602,1.771592091178894,-1.0
0.03421429704176262,0.0016480347607284785,11,0.7173720148857683,0.0009545308710434153,20,30.71999999523163,1.7538408695220948,-1.0
0.03418580903671682,0.0014277323149144649,12,0.7124060408677906,0.0009460482294732422,20,31.120000019073487,1.7519251476287843,-1.0
0.013146185409277677,0.0013810679432936014,13,0.2907020931597799,0.0009368855235010348,20,32.12000001907349,1.7225442373275757,-1.0
0.03405251951189712,0.001634375285357237,14,0.713878387119621,0.0009270568813552758,20,32.760000023841854,1.71005205078125,-1.0
0.034194122068583965,0.0013716285349801183,15,0.7114494040142745,0.0009165774580897602,20,33.92,1.6946917964935302,-1.0
0.03422596500022337,0.0015276250429451465,16,0.7152053820900619,0.0009054634122155992,20,33.880000019073485,1.6757369632720946,-1.0
0.011512460582889617,0.0014225484104827047,17,0.25882462691515684,0.0008937318807859689,20,35.27999999523163,1.645904016494751,-1.0
0.034136717207729816,0.0016296781483106314,18,0.715475409058854,0.0008814009529720156,20,36.16000000476837,1.6534159423828125,-1.0
0.03431677877670154,0.0013489340315572917,19,0.7134226781781763,0.0008684896421706646,20,36.55999998092651,1.6043762699127198,-1.0
0.0342009141924791,0.002012972056400031,20,0.7243882420007139,0.0008550178566873412,20,37.23999998569489,1.5958634046554565,-1.0
0.012330006761476397,0.0015391016378998757,21,0.2774928561411798,0.0008410063690388064,20,38.799999990463256,1.5777761707305908,-1.0
0.03408696887781844,0.0014308298705145717,22,0.710466702003032,0.0008264767839234412,20,38.63999997138977,1.5667958242416382,-1.0
0.03439940355019644,0.002596551296301186,23,0.7400304349139333,0.000811451504908368,20,40.56000000476837,1.5302985343933106,-1.0
0.034280983067583294,0.0032099611242301764,24,0.7499281079508364,0.0007959536998847743,20,38.24000000953674,1.5536563240051269,-1.0
0.015950294164940714,0.0023056827834807337,25,0.36523533309809864,0.0007800072653447032,20,40.920000019073484,1.5155159803390503,-1.0
0.034180394397117196,0.0013550507021136582,26,0.7108209901489317,0.0007636367895343947,20,41.760000023841854,1.4947252799987794,-1.0
0.03421082940185442,0.0025366445071995257,27,0.7350588720291853,0.0007468675145409928,20,40.67999997615814,1.489521513557434,-1.0
0.029275710869114846,0.0026439508888870477,28,0.6384972620289773,0.0007297252973710758,20,42.080000042915344,1.4781912727355957,-1.0
0.02427173260366544,0.0021903990884311495,29,0.5293509368784726,0.0007122365700810271,20,42.76000007629395,1.468394660949707,-1.0
0.03421479690587148,0.0013503219932317733,30,0.7114122528582811,0.0006944282990207196,20,42.55999998092651,1.438748211479187,-1.0
0.0342196780256927,0.0014271049643866719,31,0.7130445539951324,0.0006763279432533592,20,44.07999997138977,1.4325842166900635,-1.0
0.02322307266294956,0.0015740461298264564,32,0.4960531941615045,0.0006579634122155992,20,44.80000001430511,1.4063391408920287,-1.0
0.02971770040458068,0.0020103459479287266,33,0.6346931059379131,0.000639363022683212,20,44.640000004768375,1.4135508417129516,-1.0
0.034223512792959807,0.0015998506103642284,34,0.7165992669761181,0.0006205554551086735,20,45.99999998092651,1.3968289672851562,-1.0
0.034269339544698595,0.0019775716005824505,35,0.7250542980618775,0.0006015697093979838,20,46.76000001907349,1.3681485891342162,-1.0
0.017445565131492913,0.001445431518368423,36,0.37793337390758097,0.0005824350601949146,20,45.360000042915345,1.3760521181106566,-1.0
0.03303820261498913,0.001911501178983599,37,0.6991142069455236,0.0005631810117416299,20,48.52000001430511,1.3343870244979859,-1.0
0.034241404058411716,0.001446418440900743,38,0.7138686790131032,0.0005438372523852835,20,48.71999997138977,1.3257204179763793,-1.0
0.0341730808489956,0.0013909355038776994,39,0.7113932268694043,0.0005244336088007391,20,49.08000000476837,1.300921496772766,-1.0
0.014122102304827421,0.0014104970032349229,40,0.3107651660684496,0.0005050000000000001,20,48.87999998569489,1.311674112701416,-1.0
0.03415613787947223,0.0014070091769099236,41,0.711379675893113,0.0004855663911992613,20,49.44000002861023,1.2889153564453124,-1.0
0.03417655390221626,0.001704835391137749,42,0.7177379119675606,0.00046616274761471693,20,50.960000004768375,1.2564869249343873,-1.0
0.03420837438898161,0.001371339859906584,43,0.7117015479598194,0.00044681898825837057,20,48.99999999046326,1.271111535835266,-1.0
0.012656838726252317,0.0014304578769952058,44,0.2818557859864086,0.000427564939805086,20,51.280000076293945,1.2431110401153564,-1.0
0.0341809697332792,0.0021010016673244534,45,0.7257573050446808,0.00040843029060201667,20,51.68,1.2266376516342163,-1.0
0.034151425654999915,0.0016476744436658918,46,0.7160917869769037,0.000389444544891327,20,52.2,1.218591961479187,-1.0
0.03421954072546214,0.0018816899275407196,47,0.7221365422010422,0.0003706369773167883,20,51.51999995231628,1.2186907300949097,-1.0
0.010572268767282367,0.0015426261816173792,48,0.2424051510170102,0.0003520365877844012,20,52.68000002861023,1.2263752990722656,-1.0
0.03431920565199107,0.0015860094456002117,49,0.7182448140811175,0.0003336720567466412,20,53.27999995231628,1.1907943794250488,-1.0
0.03421563641168177,0.0014012993895448744,50,0.7124663479626179,0.0003155717009792807,20,54.31999995231629,1.1713954967498779,-1.0
0.034259044483769686,0.0015455714194104076,51,0.7162245870567858,0.00029776342991897335,20,54.43999999046326,1.1734294975280761,-1.0
0.011963871377520263,0.0018774225143715739,52,0.27696329401805997,0.00028027470262892445,20,53.560000038146974,1.1684539718627929,-1.0
0.03414725600741804,0.001925930636934936,53,0.7215981751214713,0.0002631324854590073,20,55.71999999046326,1.134477276611328,-1.0
0.03424652632093057,0.0016711619799025356,54,0.7185167309362441,0.0002463632104656054,20,54.95999995231628,1.1458486133575438,-1.0
0.03418294341536239,0.001677873986773193,55,0.7173458121251315,0.0002299927346552969,20,56.479999990463256,1.132944139289856,-1.0
0.012154141732025892,0.0024347078171558676,56,0.2919050541240722,0.00021404630011522587,20,57.11999994277954,1.1148111077308656,-1.0
0.034175400040112436,0.002022671012673527,57,0.724092538934201,0.00019854849509163232,20,57.439999942779544,1.0978077564239501,-1.0
0.03415645103668794,0.001540633011609316,58,0.7140787071548402,0.00018352321607655918,20,56.59999998092651,1.1025556585311889,-1.0
0.0341664116946049,0.0015825455659069121,59,0.715092214057222,0.00016899363096119395,20,56.240000066757204,1.0956527084350587,-1.0
0.010333704587537795,0.0014453551615588368,60,0.23569189198315144,0.000154982143312659,20,58.08000002861023,1.0746309127807616,-1.0
0.03414457029430196,0.0018727920134551824,61,0.7204577920492738,0.0001415103578293356,20,57.03999999046326,1.080386086845398,-1.0
0.034207321412395686,0.0014467287342995404,62,0.7131937120575458,0.0001285990470279847,20,58.72000005722046,1.068625433254242,-1.0
0.03420985599514097,0.0013924804632551968,63,0.7121569949667901,0.0001162681192140312,20,58.27999999046326,1.0586822441101074,-1.0
0.01119586753193289,0.0013734007254242897,64,0.2514920651447028,0.00010453658778440107,20,58.839999990463255,1.0683059259414673,-1.0
0.034238762001041326,0.0022793218959122896,65,0.7304772711358964,9.342254191024022e-05,20,59.480000019073486,1.0550017582893372,-1.0
0.03427105667069554,0.001518246834166348,66,0.7158973368350416,8.294311864472437e-05,20,59.83999994277954,1.0398234161376954,-1.0
0.03424829868599773,0.0014554762630723417,67,0.7141889398917556,7.311447649896551e-05,20,59.35999999046326,1.020737624168396,-1.0
0.010403403220698238,0.0014135607751086354,68,0.23644598107784986,6.395177052675794e-05,20,58.799999971389774,1.0337137578964233,-1.0
0.0341559129068628,0.0015426842379383742,69,0.7140833621378988,5.546912895658472e-05,20,59.4400000667572,1.0395406847000122,-1.0
0.03416317547671497,0.0015842234250158071,70,0.715062228962779,4.767963140691306e-05,20,58.59999995231628,1.0518696996688843,-1.0
0.03417015388840809,0.0014583480544388295,71,0.7126851419452578,4.059528871837034e-05,20,60.47999997138977,1.012533861541748,-1.0
0.012093884462956339,0.001681004639249295,72,0.27559912484139204,3.4227024433899e-05,20,60.079999942779544,1.0202083671569824,-1.0
0.034102343500126156,0.0017609223490580917,73,0.7173747220076621,2.8584657955444653e-05,20,59.759999952316285,1.0191525359153748,-1.0
0.03419030404184013,0.0013194379047490657,74,0.7103072081226856,2.367688940315011e-05,20,60.91999999046325,1.006986131286621,-1.0
0.034195659740362316,0.0015083623584359884,75,0.7141905170865357,1.951128620040094e-05,20,60.119999933242795,1.017087299156189,-1.0
0.011808979662600905,0.0013323909370228648,76,0.262934944126755,1.6094271405406862e-05,20,60.44000001907349,1.0151391171455384,-1.0
0.03417057648766786,0.0020548629108816385,77,0.7246262750122696,1.3431113807311488e-05,20,60.680000042915346,1.0027646215438843,-1.0
0.03436328966636211,0.0014967128285206855,78,0.7173137099016458,1.1525919802101659e-05,20,59.9999999666214,1.0149167293548584,-1.0
0.034182309894822537,0.0020986277027986943,79,0.7257470360491425,1.0381627060842164e-05,20,60.3199999332428,0.9972589095115661,-1.0
0.010635584010742605,0.0022867991821840404,80,0.25855807890184224,1e-05,20,60.71999998092652,1.0215415166854858,-1.0
