avg_batch_time_sec,avg_data_time_sec,epoch,epoch_time_sec,lr,round,train_acc,train_loss,val_acc
0.1413752565276809,0.03910615568747744,1,0.722074432997033,0.000999618372939158,0,0.599999999254942,6.144440921783447,-1.0
0.011079145013354719,0.007803711458109319,2,0.0756902249995619,0.0009984740801978985,0,1.5999999985098838,5.325056659698486,-1.0
0.014596042456105351,0.013328258006367832,3,0.11193397780880332,0.0009965688861926887,0,3.999999976158142,4.632128887176513,-1.0
0.015471900987904519,0.010449688008520752,4,0.10396101884543896,0.0009939057285945933,0,2.5999999761581423,4.482652297973633,-1.0
0.01527189719490707,0.012889244768302888,5,0.11293523502536118,0.0009904887137995992,0,4.199999976158142,4.451101558685303,-1.0
0.013996868685353547,0.012985281297005713,6,0.1082078400067985,0.00098632311059685,0,4.599999976158142,4.393912097930908,-1.0
0.01555838342756033,0.012684418819844723,7,0.1132301080506295,0.0009814153420445555,0,7.0000000357627865,4.325804153442383,-1.0
0.01461236720206216,0.013368004583753645,8,0.11216694698669016,0.0009757729755661012,0,5.999999904632569,4.2673525085449215,-1.0
0.01449503330513835,0.01132334495196119,9,0.10353740002028644,0.0009694047112816298,0,5.799999952316284,4.251873085021972,-1.0
0.014978418068494648,0.01244745694566518,10,0.10995161300525069,0.0009623203685930871,0,7.599999928474427,4.148751998901367,-1.0
0.014983313449192792,0.01279076054925099,11,0.1113617648370564,0.0009545308710434153,0,7.399999952316284,4.094523994445801,-1.0
0.014621240261476487,0.01313024474075064,12,0.11125863995403051,0.0009460482294732422,0,8.599999928474427,4.045097621917725,-1.0
0.01497193577233702,0.013105647230986506,13,0.11258120997808874,0.0009368855235010348,0,11.399999994039536,3.975909687042236,-1.0
0.014804548991378397,0.01319910801248625,14,0.11229665204882622,0.0009270568813552758,0,9.799999928474426,3.881818359375,-1.0
0.01346626301528886,0.013026367465499789,15,0.10622737812809646,0.0009165774580897602,0,10.599999946355819,3.833448740005493,-1.0
0.014037807297427207,0.013503228197805583,16,0.11042532604187727,0.0009054634122155992,0,14.199999904632568,3.7462577934265138,-1.0
0.01461347402073443,0.009854907460976392,17,0.09812053805217147,0.0008937318807859689,0,10.799999928474426,3.730649408340454,-1.0
0.01304456772049889,0.01092029851861298,18,0.09603849495761096,0.0008814009529720156,0,12.799999970197678,3.632873517990112,-1.0
0.014337252418044955,0.006639111554250121,19,0.08407342806458473,0.0008684896421706646,0,13.400000035762787,3.594745141983032,-1.0
0.015127537248190492,0.009606671519577503,20,0.09920947602950037,0.0008550178566873412,0,16.60000001192093,3.541696802139282,-1.0
0.015330730995628983,0.009930804022587836,21,0.1012965370900929,0.0008410063690388064,0,14.599999946355819,3.4717114391326906,-1.0
0.01522862445563078,0.009969537786673754,22,0.10103811812587082,0.0008264767839234412,0,16.799999833106995,3.4081201362609863,-1.0
0.014472554146777838,0.01037985534640029,23,0.0996522530913353,0.000811451504908368,0,16.599999964237213,3.3918661880493164,-1.0
0.014931865502148867,0.00982663274044171,24,0.09927444392815232,0.0007959536998847743,0,18.399999833106996,3.3314304428100585,-1.0
0.015467796998564154,0.010075657221022993,25,0.10241687297821045,0.0007800072653447032,0,17.999999856948854,3.2820151329040526,-1.0
0.014688310795463622,0.01049085019621998,26,0.10096593899652362,0.0007636367895343947,0,16.399999833106996,3.243427745819092,-1.0
0.014348977943882346,0.009816354780923575,27,0.09690736117772758,0.0007468675145409928,0,21.39999998807907,3.190655517578125,-1.0
0.013918970711529255,0.009803465334698558,28,0.09513125801458955,0.0007297252973710758,0,22.199999952316283,3.1392025051116943,-1.0
0.014178558718413115,0.009669266059063375,29,0.09563000802882016,0.0007122365700810271,0,21.4,3.148795415878296,-1.0
0.014825285004917532,0.009856179472990334,30,0.09896883298642933,0.0006944282990207196,0,22.399999737739563,3.065554441452026,-1.0
0.011737152584828436,0.010064114932902157,31,0.08741487609222531,0.0006763279432533592,0,22.399999916553497,3.0408288497924802,-1.0
0.00979113153880462,0.00944916217122227,32,0.07709388504736125,0.0006579634122155992,0,24.0,2.944323236465454,-1.0
0.009583886887412518,0.009150570374913514,33,0.0750358768273145,0.000639363022683212,0,27.000000166893006,2.872290994644165,-1.0
0.009617975971195847,0.009457779990043491,34,0.07640282507054508,0.0006205554551086735,0,25.79999976158142,2.8631723766326904,-1.0
0.014100466738454998,0.010008916724473238,35,0.09663404989987612,0.0006015697093979838,0,24.40000002384186,2.8600896015167234,-1.0
0.014277720998506993,0.00985293200938031,36,0.0967955521773547,0.0005824350601949146,0,25.399999833106996,2.8594688987731933,-1.0
0.014945077302400023,0.006509030237793922,37,0.08605865389108658,0.0005631810117416299,0,28.200000047683716,2.7600079612731934,-1.0
0.014439816470257938,0.01250671100569889,38,0.10803043912164867,0.0005438372523852835,0,27.400000190734865,2.755239267349243,-1.0
0.01457795494934544,0.010547973040957004,39,0.10074738785624504,0.0005244336088007391,0,30.200000214576722,2.7389537715911865,-1.0
0.014736887067556381,0.009762911184225231,40,0.09824831807054579,0.0005050000000000001,0,28.799999952316284,2.6592386245727537,-1.0
0.014476712793111801,0.013780992943793535,41,0.11329622217454016,0.0004855663911992613,0,28.599999952316285,2.65679372215271,-1.0
0.01263892452698201,0.013307440502103418,42,0.10407126997597516,0.00046616274761471693,0,28.600000023841858,2.6049564208984375,-1.0
0.015026617969851941,0.008710985479410738,43,0.09519612393341959,0.00044681898825837057,0,30.000000190734863,2.632880489349365,-1.0
0.015681490709539503,0.010555769549682736,44,0.10519367922097445,0.000427564939805086,0,32.99999990463257,2.5549909172058105,-1.0
0.014029584708623588,0.010230002051685005,45,0.09730444708839059,0.00040843029060201667,0,34.59999966621399,2.488013122558594,-1.0
0.011591988964937627,0.009953295579180121,46,0.08640104997903109,0.000389444544891327,0,35.000000143051146,2.4639030780792237,-1.0
0.013589489448349923,0.010096969548612833,47,0.09494626708328724,0.0003706369773167883,0,33.59999990463257,2.447451198577881,-1.0
0.013585390988737345,0.010898843524046242,48,0.09820342785678804,0.0003520365877844012,0,32.199999928474426,2.4710959281921387,-1.0
0.014242414734326303,0.010965663997922093,49,0.10107769398018718,0.0003336720567466412,0,32.39999988079071,2.4613538208007815,-1.0
0.014763391227461398,0.010718554491177201,50,0.1021834178827703,0.0003155717009792807,0,34.000000143051146,2.480905324935913,-1.0
0.014674344682134688,0.010519049363210797,51,0.10107610211707652,0.00029776342991897335,0,32.79999973773956,2.4223134632110597,-1.0
0.013227101822849363,0.01000083441613242,52,0.09315915801562369,0.00028027470262892445,0,34.80000014305115,2.348654291152954,-1.0
0.015458254492841661,0.010983969026710838,53,0.10602165386080742,0.0002631324854590073,0,35.19999988079071,2.3884368782043457,-1.0
0.016141552769113332,0.010394594515673816,54,0.10642165597528219,0.0002463632104656054,0,37.59999964237213,2.295317367553711,-1.0
0.015018746023997664,0.010442398488521576,55,0.10215304186567664,0.0002299927346552969,0,36.99999964237213,2.338037944793701,-1.0
0.014897813322022557,0.011019843455869704,56,0.1039155051112175,0.00021404630011522587,0,35.80000009536743,2.3532094039916993,-1.0
0.015690471045672894,0.010617392195854336,57,0.10547852516174316,0.00019854849509163232,0,38.79999988079071,2.206853488922119,-1.0
0.01467384397983551,0.010697382502257824,58,0.10173426102846861,0.00018352321607655918,0,37.99999990463257,2.2457116298675537,-1.0
0.013992663763929158,0.010339839500375092,59,0.0975615622010082,0.00016899363096119395,0,38.600000095367434,2.2599635200500487,-1.0
0.0156277539790608,0.010325538227334619,60,0.10407072701491416,0.000154982143312659,0,40.19999961853027,2.241754047393799,-1.0
0.01529280754039064,0.010581560956779867,61,0.10377048491500318,0.0001415103578293356,0,37.79999966621399,2.2534351425170898,-1.0
0.015056469535920769,0.010210394684690982,62,0.10129958717152476,0.0001285990470279847,0,36.59999966621399,2.278247606277466,-1.0
0.015196154592558742,0.011046700645238161,63,0.10526374191977084,0.0001162681192140312,0,37.79999978542328,2.1928698692321777,-1.0
0.011844135238789022,0.011329193774145097,64,0.09291239595040679,0.00010453658778440107,0,39.99999971389771,2.2358319969177245,-1.0
0.014867835503537208,0.009451209742110223,65,0.09746718988753855,9.342254191024022e-05,0,39.80000026226044,2.2171910514831543,-1.0
0.014905360294505954,0.010353837686125189,66,0.10127804498188198,8.294311864472437e-05,0,36.99999964237213,2.201970779418945,-1.0
0.015220543777104467,0.010570967220701277,67,0.10342216910794377,7.311447649896551e-05,0,41.59999988079071,2.1425880222320557,-1.0
0.013662947283592075,0.007270776201039553,68,0.08399099879898131,6.395177052675794e-05,0,42.79999961853027,2.0896216697692873,-1.0
0.015976626717019826,0.00964532425859943,69,0.10274497116915882,5.546912895658472e-05,0,41.60000007152557,2.2131997203826903,-1.0
0.012828845239710063,0.011274948541540653,70,0.09667704906314611,4.767963140691306e-05,0,38.99999964237213,2.2095391998291016,-1.0
0.01387243828503415,0.006986347434576601,71,0.08368858392350376,4.059528871837034e-05,0,41.20000009536743,2.16577640914917,-1.0
0.015761390211991966,0.006649889284744859,72,0.08992519997991621,3.4227024433899e-05,0,39.599999856948855,2.159731632232666,-1.0
0.015094546717591584,0.009755302278790623,73,0.09966468485072255,2.8584657955444653e-05,0,44.6,2.080864124298096,-1.0
0.015178164991084486,0.009943080018274486,74,0.10072491108439863,2.367688940315011e-05,0,39.600000095367434,2.1292586612701414,-1.0
0.014273936802055687,0.009954915207345039,75,0.09714473295025527,1.951128620040094e-05,0,41.79999961853027,2.102952033996582,-1.0
0.01499192725168541,0.010405019973404706,76,0.10182338394224644,1.6094271405406862e-05,0,40.19999983310699,2.168881021499634,-1.0
0.015099378768354654,0.009966928220819682,77,0.10051118908450007,1.3431113807311488e-05,0,45.00000028610229,2.092715850830078,-1.0
0.014155141077935696,0.01009945193072781,78,0.09725101199001074,1.1525919802101659e-05,0,39.99999964237213,2.1252773094177244,-1.0
0.012420780782122165,0.010716748773120344,79,0.09278369997628033,1.0381627060842164e-05,0,40.80000009536743,2.1201764183044434,-1.0
0.012420660234056413,0.009490218246355653,80,0.0878709068056196,1e-05,0,38.79999966621399,2.162771915435791,-1.0
0.014437288418412209,0.03824069020338357,1,0.26357747497968376,0.000999618372939158,1,1.3333333333333333,5.1856461461385095,-1.0
0.0122058083768934,0.009011267405003309,2,0.10623992187902331,0.0009984740801978985,1,1.5000000049670537,4.599147129058838,-1.0
0.014576465776190161,0.007880131248384714,3,0.11252950597554445,0.0009965688861926887,1,4.666666676600774,4.465276692708334,-1.0
0.014683232363313436,0.008063891855999827,4,0.11396923288702965,0.0009939057285945933,1,3.333333343267441,4.4168807220458985,-1.0
0.015206018649041652,0.009990122774615884,5,0.1262493710964918,0.0009904887137995992,1,5.500000019868215,4.352366523742676,-1.0
0.009953288780525326,0.01285374742001295,6,0.11423658509738743,0.00098632311059685,1,6.00000003973643,4.262317695617676,-1.0
0.014481085771694779,0.010624118614941835,7,0.12574644410051405,0.0009814153420445555,1,6.833333313465118,4.185671380360922,-1.0
0.014622385194525123,0.011011106381192803,8,0.12843617191538215,0.0009757729755661012,1,8.000000024835268,4.089372552235921,-1.0
0.01112062563188374,0.011334797600284219,9,0.11250516911968589,0.0009694047112816298,1,8.500000019868216,4.02191240310669,-1.0
0.015216612769290806,0.011525312252342702,10,0.13396125403232872,0.0009623203685930871,1,9.5,3.9072855536142983,-1.0
0.015003071213141084,0.008050407795235515,11,0.11555531807243824,0.0009545308710434153,1,11.333333392937979,3.8225061098734536,-1.0
0.015488299261778592,0.00823554233647883,12,0.11889034695923328,0.0009460482294732422,1,12.166666666666666,3.758206170399984,-1.0
0.01526273600757122,0.00805757837370038,13,0.11691269092261791,0.0009368855235010348,1,9.833333358168602,3.68428058942159,-1.0
0.014999598171561957,0.008137177862226962,14,0.11595696187578142,0.0009270568813552758,1,12.833333333333334,3.6310870202382404,-1.0
0.015338618168607354,0.008248359430581331,15,0.11820839997380972,0.0009165774580897602,1,13.166666706403097,3.561088066101074,-1.0
0.012672651000320912,0.008116060215979815,16,0.10419517406262457,0.0009054634122155992,1,13.166666716337204,3.486278476715088,-1.0
0.013908845046535135,0.005616985959932208,17,0.09789432305842638,0.0008937318807859689,1,15.16666672627131,3.43493083635966,-1.0
0.01533166174776852,0.005357235064730048,18,0.10367217590101063,0.0008814009529720156,1,17.000000019868214,3.397487144470215,-1.0
0.01517922175116837,0.010353924054652453,19,0.12793862004764378,0.0008684896421706646,1,17.166666785875957,3.319848124186198,-1.0
0.015253782644867897,0.01142496899701655,20,0.13369822688400745,0.0008550178566873412,1,19.16666676600774,3.212031447092692,-1.0
0.015676458645612002,0.01146153211593628,21,0.135983845917508,0.0008410063690388064,1,17.500000059604645,3.2209834257761636,-1.0
0.014804787002503872,0.010567018017172813,22,0.1271302541717887,0.0008264767839234412,1,19.666666666666668,3.1157829666137697,-1.0
0.015737170027568935,0.007031291769817471,23,0.11411479907110333,0.000811451504908368,1,22.33333345254262,3.0288299560546874,-1.0
0.014922570250928403,0.010890372516587376,24,0.12933805491775274,0.0007959536998847743,1,21.833333412806194,3.03905699412028,-1.0
0.012252584611997009,0.010100886784493923,25,0.11200512410141528,0.0007800072653447032,1,20.500000139077503,3.05784397761027,-1.0
0.012273561349138618,0.011432180646806955,26,0.11871380894444883,0.0007636367895343947,1,22.00000003973643,3.002325439453125,-1.0
0.013827179791405797,0.010463339975103736,27,0.12165926001034677,0.0007468675145409928,1,24.666666666666668,2.862448565165202,-1.0
0.015449895430356264,0.010518352780491114,28,0.13012900413013995,0.0007297252973710758,1,22.833333412806194,2.9015466435750326,-1.0
0.015060399239882827,0.0109004819765687,29,0.1300913079176098,0.0007122365700810271,1,24.833333611488342,2.8012616062164306,-1.0
0.014330611191689968,0.008886180818080902,30,0.11636779690161347,0.0006944282990207196,1,25.333333333333332,2.793646942774455,-1.0
0.015377274015918374,0.01113141537643969,31,0.13281948189251125,0.0006763279432533592,1,27.833333293596905,2.7434867223103843,-1.0
0.014867066405713558,0.012284073792397977,32,0.1360318660736084,0.0006579634122155992,1,28.00000011920929,2.686638043721517,-1.0
0.014848213968798518,0.010710007417947054,33,0.12809086707420647,0.000639363022683212,1,27.83333345254262,2.672125997543335,-1.0
0.015016068425029516,0.010776216583326458,34,0.12923679989762604,0.0006205554551086735,1,27.00000003973643,2.685136480331421,-1.0
0.015083754574880004,0.007877052202820778,35,0.1150889319833368,0.0006015697093979838,1,29.666666905085247,2.6043059889475506,-1.0
0.015583682619035245,0.011542451567947865,36,0.1359220698941499,0.0005824350601949146,1,29.833333253860474,2.622225437164307,-1.0
0.015030063362792135,0.008208647230640053,37,0.116470169974491,0.0005631810117416299,1,30.5,2.5689178848266603,-1.0
0.012322392966598272,0.011796003440394998,38,0.12084691599011421,0.0005438372523852835,1,31.166666905085247,2.579566853841146,-1.0
0.014485017536208034,0.01216723364777863,39,0.13357045012526214,0.0005244336088007391,1,29.166666746139526,2.4880135949452717,-1.0
0.012588972225785255,0.01212662081234157,40,0.12382591795176268,0.0005050000000000001,1,33.16666662693024,2.4832194900512694,-1.0
0.01357565326616168,0.011587909748777747,41,0.12607301003299654,0.0004855663911992613,1,34.00000027815501,2.429362802505493,-1.0
0.015671804640442134,0.009682480990886689,42,0.12710927706211805,0.00046616274761471693,1,31.50000003973643,2.452756535212199,-1.0
0.015559920016676188,0.011934057157486678,43,0.13774665305390954,0.00044681898825837057,1,34.833333452542625,2.398927116394043,-1.0
0.015431264787912369,0.010957100801169873,44,0.1322104330174625,0.000427564939805086,1,34.33333361148834,2.3428231938680013,-1.0
0.01527800215408206,0.008656196855008602,45,0.1199555741623044,0.00040843029060201667,1,32.666666865348816,2.3655080604553222,-1.0
0.015366509649902582,0.00874261255376041,46,0.1208446710370481,0.000389444544891327,1,35.50000027815501,2.311049461364746,-1.0
0.016743813594803213,0.00886972020380199,47,0.12833927804604173,0.0003706369773167883,1,36.00000019868215,2.268724676767985,-1.0
0.015932763693854213,0.007934744888916611,48,0.11966941202990711,0.0003520365877844012,1,34.83333365122477,2.2484200604756674,-1.0
0.015333365881815553,0.008113772328943013,49,0.11750598694197834,0.0003336720567466412,1,41.166666746139526,2.184879706700643,-1.0
0.014897814160212875,0.011718586413189768,50,0.13334168307483196,0.0003155717009792807,1,39.50000023841858,2.1764773495992027,-1.0
0.015036536427214742,0.01153599596582353,51,0.13313165679574013,0.00029776342991897335,1,40.99999992052714,2.0999199867248537,-1.0
0.015279628848657013,0.0109991155564785,52,0.13167240214534104,0.00028027470262892445,1,37.99999996026357,2.2228917121887206,-1.0
0.012774835713207722,0.011059807287529111,53,0.11943313688971102,0.0002631324854590073,1,42.00000007947286,2.1755348841349282,-1.0
0.015544881718233228,0.011573486076667906,54,0.1358653400093317,0.0002463632104656054,1,40.16666694482168,2.0581041876475017,-1.0
0.013708827132359148,0.010514636896550656,55,0.12137011997401714,0.0002299927346552969,1,45.33333353201548,1.9874901485443115,-1.0
0.014876868389546872,0.008003458427265287,56,0.1146716307848692,0.00021404630011522587,1,41.66666706403097,2.0804395929972332,-1.0
0.015166251733899117,0.010704496875405312,57,0.12962870602495968,0.00019854849509163232,1,42.83333365122477,2.0183018986384074,-1.0
0.015141396643593907,0.0107124543748796,58,0.12954326695762575,0.00018352321607655918,1,43.83333365122477,2.061505587895711,-1.0
0.015589022124186159,0.011815019231289626,59,0.13732338300906122,0.00016899363096119395,1,41.66666690508524,2.0864219760894773,-1.0
0.014607352949678899,0.008048770437017082,60,0.11358670797199011,0.000154982143312659,1,42.00000011920929,2.003392429351807,-1.0
0.014673153776675463,0.01137616322375834,61,0.13052190886810422,0.0001415103578293356,1,42.33333373069763,2.009467369715373,-1.0
0.015176797425374389,0.008371504349634051,62,0.11800099909305573,0.0001285990470279847,1,44.333333571751915,2.0152248032887776,-1.0
0.01467988402582705,0.008000635961070656,63,0.11365096410736442,0.0001162681192140312,1,41.00000023841858,2.011792677243551,-1.0
0.01453197761438787,0.008475929219275712,64,0.11530500301159918,0.00010453658778440107,1,46.33333373069763,1.9184807236989339,-1.0
0.013548389263451099,0.01130759995430708,65,0.12456130003556609,9.342254191024022e-05,1,43.50000011920929,1.9826351960500082,-1.0
0.014595877658575774,0.010938652371987701,66,0.12792366812936962,8.294311864472437e-05,1,44.500000397364296,1.964897689819336,-1.0
0.014081665361300112,0.01062824004329741,67,0.1237987820059061,7.311447649896551e-05,1,44.83333353201548,1.9261059061686199,-1.0
0.013524167006835341,0.010928056621924042,68,0.12251858483068645,6.395177052675794e-05,1,44.83333349227905,1.947615105311076,-1.0
0.013003439083695412,0.0118032518774271,69,0.12429794296622276,5.546912895658472e-05,1,44.6666667064031,1.9729123083750406,-1.0
0.014157133176922798,0.011072516208514571,70,0.1264190839137882,4.767963140691306e-05,1,43.00000023841858,1.9774914582570393,-1.0
0.013919728295877575,0.010718222940340638,71,0.1234489749185741,4.059528871837034e-05,1,48.833333571751915,1.8745300006866454,-1.0
0.014196226140484214,0.011458386667072773,72,0.12854051613248885,3.4227024433899e-05,1,47.66666706403097,1.823959625562032,-1.0
0.014304794976487756,0.011061157239601016,73,0.12710247188806534,2.8584657955444653e-05,1,44.50000007947286,1.9306310033798217,-1.0
0.014013951551169157,0.008032782422378659,74,0.11051276000216603,2.367688940315011e-05,1,44.0,1.9418497244517008,-1.0
0.014076786255463958,0.010054926946759224,75,0.12090581795200706,1.951128620040094e-05,1,47.83333337306976,1.8837425152460734,-1.0
0.00993569935671985,0.00853242427110672,76,0.09254064899869263,1.6094271405406862e-05,1,45.00000023841858,1.9020506238937378,-1.0
0.0097778860013932,0.007901448616757989,77,0.08852041908539832,1.3431113807311488e-05,1,47.33333365122477,1.8949241638183594,-1.0
0.009724714001640678,0.008382184011861683,78,0.0906901741400361,1.1525919802101659e-05,1,48.666666666666664,1.8933612871170045,-1.0
0.00952050657942891,0.007973775593563914,79,0.0876233410090208,1.0381627060842164e-05,1,48.00000007947286,1.9360331948598226,-1.0
0.01009077918715775,0.008459311816841364,80,0.09294970403425395,1e-05,1,46.66666690508524,1.900984387397766,-1.0
0.01640471847107013,0.036380940854238965,1,0.3168550890404731,0.000999618372939158,2,1.5714285714285714,5.415234394073487,-1.0
0.009886421185607711,0.006135134142823517,2,0.0962679700460285,0.0009984740801978985,2,1.7142857217362948,4.633166852678571,-1.0
0.01159285067114979,0.007337911830594142,3,0.11375081609003246,0.0009965688861926887,2,3.1428571503077234,4.549481018611363,-1.0
0.012306769650119046,0.006718318016889195,4,0.11433565593324602,0.0009939057285945933,2,3.0000000383172716,4.460147895812988,-1.0
0.014700478951757153,0.008805922698229551,5,0.1412661641370505,0.0009904887137995992,2,4.4285714668887,4.374061104910714,-1.0
0.015133175145213803,0.010392723022960126,6,0.15342981298454106,0.00098632311059685,2,4.571428578879152,4.332347251347133,-1.0
0.014558213646523654,0.009529687852288285,7,0.14482548693194985,0.0009814153420445555,2,6.857142925262451,4.272471120016916,-1.0
0.01459732570219785,0.009300404616321126,8,0.1436511599458754,0.0009757729755661012,2,7.285714324031558,4.17469798224313,-1.0
0.010309243885179361,0.00892500497866422,9,0.11557738296687603,0.0009694047112816298,2,7.85714287843023,4.109899539947509,-1.0
0.01409131606730322,0.009257076075300574,10,0.14033489092253149,0.0009623203685930871,2,7.571428578879152,4.007994458334786,-1.0
0.015012238407507539,0.006730329594574869,11,0.13072456186637282,0.0009545308710434153,2,10.571428648063115,3.9374985994611467,-1.0
0.014678254180277387,0.009802423145932456,12,0.14714446500875056,0.0009460482294732422,2,12.142857193946838,3.8390338093893868,-1.0
0.015011826103242734,0.00957272721764942,13,0.14777659508399665,0.0009368855235010348,2,10.85714288694518,3.788699076516288,-1.0
0.014878976158797741,0.009646373180051645,14,0.1474259882234037,0.0009270568813552758,2,11.85714287843023,3.71082589830671,-1.0
0.014420733360263208,0.009524940474269291,15,0.14393909205682576,0.0009165774580897602,2,13.142857164144516,3.617930597577776,-1.0
0.015250628542465469,0.009283857769332826,16,0.14749840693548322,0.0009054634122155992,2,15.000000068119594,3.5728601932525637,-1.0
0.014889289935429892,0.00882647120549033,17,0.14256270113401115,0.0008937318807859689,2,17.28571436234883,3.488528138569423,-1.0
0.014664439639697472,0.005793468366997938,18,0.12299631210044026,0.0008814009529720156,2,15.142857193946838,3.430293846130371,-1.0
0.01369920454453677,0.009314054623246193,19,0.1383288400247693,0.0008684896421706646,2,13.000000042574746,3.424804951804025,-1.0
0.0133221650418515,0.006401651616518696,20,0.11857928591780365,0.0008550178566873412,2,15.571428631033216,3.365554201943534,-1.0
0.01393724069930613,0.009759531783250472,21,0.142425101948902,0.0008410063690388064,2,17.71428575686046,3.2875759397234234,-1.0
0.014062595980552336,0.00916159568199267,22,0.1395997228100896,0.0008264767839234412,2,18.0000000340598,3.2319572271619523,-1.0
0.014255284137713412,0.008917010854929686,23,0.13928341609425843,0.000811451504908368,2,17.428571479661123,3.233366787774222,-1.0
0.014246260514482856,0.008231137491141757,24,0.13511707703582942,0.0007959536998847743,2,21.428571581840515,3.143987998962402,-1.0
0.013189830778477093,0.008473630878143013,25,0.13021517312154174,0.0007800072653447032,2,18.857143010411942,3.1183213669913155,-1.0
0.014325476251542568,0.009663652745075524,26,0.14416738296858966,0.0007636367895343947,2,20.7142858675548,3.0737346948896134,-1.0
0.013772826564187804,0.009828859086458882,27,0.14184280508197844,0.0007468675145409928,2,23.000000042574747,3.0079657323019844,-1.0
0.014624921993042031,0.008520801163588962,28,0.13911914685741067,0.0007297252973710758,2,22.714285714285715,2.934212463923863,-1.0
0.014681401623723408,0.00956959102768451,29,0.14575622300617397,0.0007122365700810271,2,22.285714421953475,2.927901911054339,-1.0
0.01476069629037132,0.008996992566001913,30,0.1427936649415642,0.0006944282990207196,2,24.428571564810618,2.8748112174442837,-1.0
0.014649233198724687,0.009566738464248678,31,0.14554445398971438,0.0006763279432533592,2,25.571428571428573,2.848567338671003,-1.0
0.014635395491495728,0.00967261785020431,32,0.1460994491353631,0.0006579634122155992,2,27.00000011920929,2.7958297824859617,-1.0
0.01399431781222423,0.010380175507937869,33,0.1465032461564988,0.000639363022683212,2,28.857143061501638,2.7247729097093853,-1.0
0.014555991239224872,0.009850743769978484,34,0.14673512405715883,0.0006205554551086735,2,28.14285717691694,2.713920387540545,-1.0
0.014801635639742017,0.009065228824814161,35,0.14344935002736747,0.0006015697093979838,2,28.428571564810618,2.661678295135498,-1.0
0.014715025511880716,0.009507996301787594,36,0.14558411203324795,0.0005824350601949146,2,27.42857153075082,2.629151517323085,-1.0
0.014600946994808814,0.009701169018323222,37,0.14606262184679508,0.0005631810117416299,2,29.14285728761128,2.60927307673863,-1.0
0.014533178725590309,0.009779726931204399,38,0.14612531708553433,0.0005438372523852835,2,28.42857164996011,2.576547494615827,-1.0
0.014712309814058244,0.009749032362985114,39,0.14701965195126832,0.0005244336088007391,2,30.428571564810618,2.5170246328626362,-1.0
0.014007525790172318,0.009265329882812997,40,0.13988487608730793,0.0005050000000000001,2,29.428571547780717,2.520637773786272,-1.0
0.014586605364456773,0.008969995309598744,41,0.1416066470555961,0.0004855663911992613,2,34.14285734721592,2.420008520398821,-1.0
0.01462032129832854,0.009825502173043787,42,0.1469190390780568,0.00046616274761471693,2,30.142857142857142,2.5154267733437674,-1.0
0.014932554486828545,0.00684635682652394,43,0.13092066906392574,0.00044681898825837057,2,34.000000306538176,2.3757570607321603,-1.0
0.013875056717855236,0.009851559802579382,44,0.1426479930523783,0.000427564939805086,2,36.571428877966746,2.3445303331102645,-1.0
0.014707991504110396,0.009616354325165352,45,0.14622087799943984,0.00040843029060201667,2,38.00000010217939,2.3591723237718853,-1.0
0.014749619139668843,0.010228093015030026,46,0.15013753110542893,0.000389444544891327,2,33.71428581646511,2.378371320452009,-1.0
0.013888261203343669,0.0069700681294004125,47,0.125402906909585,0.0003706369773167883,2,37.14285729612623,2.2861702251434326,-1.0
0.01497486101773878,0.007422046464247008,48,0.13545749383047223,0.0003520365877844012,2,38.14285729612623,2.211215772628784,-1.0
0.014560956818362078,0.006976230535656214,49,0.1295162250753492,0.0003336720567466412,2,37.571428707667756,2.2598174585614887,-1.0
0.014759566984139383,0.009645855519920588,50,0.14670976297929883,0.0003155717009792807,2,35.28571457522256,2.255689605985369,-1.0
0.014981312483238677,0.009794509038329124,51,0.14893669285811484,0.00029776342991897335,2,37.42857153075082,2.2254086385454452,-1.0
0.014977867132984102,0.01007903553545475,52,0.1505937660112977,0.00028027470262892445,2,37.28571447304317,2.2317567689078195,-1.0
0.014223301938424507,0.008590105377758542,53,0.13712838711217046,0.0002631324854590073,2,40.14285729612623,2.1502041605540683,-1.0
0.013628024646701912,0.00943913268080602,54,0.13865869888104498,0.0002463632104656054,2,40.57142880984715,2.1431472321919034,-1.0
0.013739071902818978,0.009614250777910152,55,0.1403714541811496,0.0002299927346552969,2,41.71428579943521,2.1510224642072404,-1.0
0.01202813112953057,0.009629680697495738,56,0.1301915489602834,0.00021404630011522587,2,39.85714304447174,2.1286946037837438,-1.0
0.013827507888587812,0.009602600436968109,57,0.14078907389193773,0.00019854849509163232,2,41.000000085149495,2.1456876632145474,-1.0
0.014166866894811392,0.009690238744951785,58,0.14338988601230085,0.00018352321607655918,2,40.85714299338205,2.0947266129084996,-1.0
0.014135135764566561,0.009846343581254283,59,0.14413856202736497,0.00016899363096119395,2,40.857143078531536,2.0340162195478166,-1.0
0.013631606629739204,0.006581598543561995,60,0.12151989317499101,0.000154982143312659,2,43.428571581840515,2.1094514860425675,-1.0
0.014078246740003427,0.00981522025540471,61,0.1436029460746795,0.0001415103578293356,2,40.7142858845847,2.051421731540135,-1.0
0.009576709669393798,0.006501557693506281,62,0.09665424283593893,0.0001285990470279847,2,40.28571437086378,2.095378679547991,-1.0
0.010226535494439304,0.006599216489121318,63,0.10108517785556614,0.0001162681192140312,2,41.42857161590031,2.048232032230922,-1.0
0.014912608584078649,0.008973886064874629,64,0.14356482704170048,0.00010453658778440107,2,44.285714456013274,2.012129377637591,-1.0
0.01489476979865382,0.006758304700876276,65,0.13018519803881645,9.342254191024022e-05,2,44.428571581840515,2.004844095366342,-1.0
0.013992510930014154,0.009014675742946565,66,0.13829933595843613,8.294311864472437e-05,2,45.71428579943521,1.9997070271628243,-1.0
0.01417569008966287,0.00896681856829673,67,0.13910279516130686,7.311447649896551e-05,2,43.7142859186445,1.9878947980063302,-1.0
0.01441982431182017,0.010140172011839846,68,0.14760670880787075,6.395177052675794e-05,2,40.4285717180797,2.0576436533246723,-1.0
0.01394073354701201,0.00913892030560722,69,0.13872579601593316,5.546912895658472e-05,2,45.71428581646511,1.9306101342609951,-1.0
0.014078463660553098,0.00909019234435012,70,0.1392596890218556,4.767963140691306e-05,2,42.85714306150164,2.0339356095450265,-1.0
0.01414978934917599,0.009120102312105397,71,0.1398725409526378,4.059528871837034e-05,2,47.71428619112287,1.870633636883327,-1.0
0.01455104653723538,0.010012990484635035,72,0.14765647100284696,3.4227024433899e-05,2,40.00000018732889,2.054324937547956,-1.0
0.014290581146876017,0.006434882680575053,73,0.12460737605579197,2.8584657955444653e-05,2,43.714286020823884,1.9517278780256,-1.0
0.014530758877905706,0.009002912983608743,74,0.1414772851858288,2.367688940315011e-05,2,44.857142959322246,1.959862757410322,-1.0
0.014726758973362545,0.008994586882181466,75,0.14258183701895177,1.951128620040094e-05,2,44.00000017029898,1.9800855772835868,-1.0
0.013899268854099015,0.01030122764253368,76,0.1454547978937626,1.6094271405406862e-05,2,43.14285751751491,1.929650868007115,-1.0
0.015263078734278679,0.007381587095248203,77,0.13611478498205543,1.3431113807311488e-05,2,44.00000018732889,1.9740732955932616,-1.0
0.014700031684090694,0.006840436137281358,78,0.1294911908917129,1.1525919802101659e-05,2,43.14285727909633,1.9510573046548025,-1.0
0.01454873918555677,0.00890932030354937,79,0.14099583984352648,1.0381627060842164e-05,2,43.857143129621235,1.9691522387095861,-1.0
0.009965393847475449,0.009776723493511478,80,0.11866408190689981,1e-05,2,43.71428608894348,1.9162604638508387,-1.0
0.011112315680033394,0.03350841945835522,1,0.31248889211565256,0.000999618372939158,3,1.25,5.574859619140625,-1.0
0.011043405226830925,0.0064271786250174046,2,0.12244277005083859,0.0009984740801978985,3,1.25,4.64086181640625,-1.0
0.013627605745568871,0.0075405922585300034,3,0.14838295499794185,0.0009965688861926887,3,1.875,4.5327685546875,-1.0
0.014040808359693204,0.00902327592484653,4,0.16164782899431884,0.0009939057285945933,3,1.875,4.477100830078125,-1.0
0.014863222571355956,0.008975390877042497,5,0.16713413107208908,0.0009904887137995992,3,2.625,4.458138427734375,-1.0
0.014430402844612087,0.009391293727925845,6,0.16704126191325486,0.00098632311059685,3,3.875,4.3717138671875,-1.0
0.014596934829439436,0.0086985216143408,7,0.16333239199593663,0.0009814153420445555,3,4.75,4.308839111328125,-1.0
0.014277978035222207,0.009132125115554248,8,0.1641208389773965,0.0009757729755661012,3,5.625,4.265341796875,-1.0
0.013412424296672856,0.00926080169821424,9,0.15897974302060902,0.0009694047112816298,3,4.75,4.223247680664063,-1.0
0.014646350472633327,0.005528953392058611,10,0.14147434895858169,0.0009623203685930871,3,7.375,4.155472412109375,-1.0
0.014546176884323359,0.008798906679398246,11,0.16366919688880444,0.0009545308710434153,3,7.625,4.103555297851562,-1.0
0.014722570810200912,0.005051938484289816,12,0.13871266297064722,0.0009460482294732422,3,8.125,4.059027404785156,-1.0
0.014553838376221912,0.005734874501026103,13,0.14229627489112318,0.0009368855235010348,3,9.375,3.9700396728515623,-1.0
0.012253684191299337,0.006939938391691872,14,0.1346032910514623,0.0009270568813552758,3,10.625,3.8640264892578124,-1.0
0.014524704743442791,0.00898763198139412,15,0.16480462602339685,0.0009165774580897602,3,10.625,3.829911346435547,-1.0
0.012320903695321508,0.00653281614982656,16,0.13220057706348598,0.0009054634122155992,3,12.375,3.788205871582031,-1.0
0.014209186990878411,0.009346250012250883,17,0.16508833109401166,0.0008937318807859689,3,12.375,3.756979522705078,-1.0
0.008810391017634953,0.006529715843498707,18,0.10756336292251945,0.0008814009529720156,3,13.75,3.6941551208496093,-1.0
0.01155204834815647,0.004717685382014939,19,0.11402387102134526,0.0008684896421706646,3,15.5,3.585251922607422,-1.0
0.014041126838752202,0.006500793887036187,20,0.14400671585462987,0.0008550178566873412,3,14.125,3.607240219116211,-1.0
0.014460171273510371,0.006157344606305871,21,0.1446128380484879,0.0008410063690388064,3,14.25,3.5751210021972657,-1.0
0.015329428017139435,0.009157003668536032,22,0.17168175894767046,0.0008264767839234412,3,13.5,3.5229652404785154,-1.0
0.015301368731473173,0.006526340564180698,23,0.15309379599057138,0.000811451504908368,3,14.0,3.5144108581542968,-1.0
0.015019483165815473,0.008557890974251288,24,0.16533588198944926,0.0007959536998847743,3,16.25,3.455888519287109,-1.0
0.014329619339800306,0.006061421241611242,25,0.1430095941759646,0.0007800072653447032,3,17.625,3.4197623443603518,-1.0
0.0153344878594258,0.00811851184282984,26,0.16445942292921245,0.0007636367895343947,3,15.5,3.34332088470459,-1.0
0.015271329021613513,0.005823425981881363,27,0.14795918995514512,0.0007468675145409928,3,17.375,3.3440485763549805,-1.0
0.01516183276128556,0.003927602665498853,28,0.13390140398405492,0.0007297252973710758,3,19.25,3.30938591003418,-1.0
0.015335322124883533,0.008121496166235634,29,0.16449201107025146,0.0007122365700810271,3,19.25,3.275327033996582,-1.0
0.014872005375634347,0.005453758473907199,30,0.14255028404295444,0.0006944282990207196,3,18.875,3.2450756072998046,-1.0
0.015307836600446276,0.004494672840727227,31,0.1388896950520575,0.0006763279432533592,3,20.5,3.195925750732422,-1.0
0.015384776517748833,0.008855012345260807,32,0.1699539760593325,0.0006579634122155992,3,20.625,3.1935809326171873,-1.0
0.015274855773895979,0.00978076022251376,33,0.1756627440918237,0.000639363022683212,3,18.5,3.205641860961914,-1.0
0.010737704279433404,0.009418058009552104,34,0.14133376185782254,0.0006205554551086735,3,20.0,3.1330839920043947,-1.0
0.0149020204387073,0.0065908188199890515,35,0.15066263498738408,0.0006015697093979838,3,22.125,3.1293217849731447,-1.0
0.014598954635273134,0.0055389979388564825,36,0.14122613985091448,0.0005824350601949146,3,20.625,3.130762176513672,-1.0
0.014668434326137816,0.008317034558526106,37,0.16115491813980043,0.0005631810117416299,3,22.875,3.0490209579467775,-1.0
0.014764009841850825,0.00530073675327003,38,0.14071716205216944,0.0005438372523852835,3,22.375,3.0694703674316406,-1.0
0.014849495175959808,0.008403601989682232,39,0.16302030300721526,0.0005244336088007391,3,24.375,2.9953479385375976,-1.0
0.014698861532711558,0.006209708617201873,40,0.1466084651183337,0.0005050000000000001,3,24.625,2.9572943115234374,-1.0
0.014785532274150423,0.006844907999038696,41,0.15166235785000026,0.0004855663911992613,3,21.875,2.994899253845215,-1.0
0.011974875449336,0.008567900130791324,42,0.14402882382273674,0.00046616274761471693,3,25.875,2.8817169952392576,-1.0
0.014065880794078112,0.005996221776253411,43,0.14065418811514974,0.00044681898825837057,3,24.0,2.960014190673828,-1.0
0.014604438196069427,0.008401725807094149,44,0.16131260292604566,0.000427564939805086,3,23.875,2.918386154174805,-1.0
0.014639588139419044,0.008248307841963001,45,0.16047150804661214,0.00040843029060201667,3,23.5,2.9128050994873047,-1.0
0.01458326740456479,0.009083646150039775,46,0.1659398938063532,0.000389444544891327,3,23.25,2.9168674468994142,-1.0
0.014514941655631577,0.006926891926143851,47,0.15036034700460732,0.0003706369773167883,3,26.875,2.8284525299072265,-1.0
0.01485960471576878,0.006388069596141577,48,0.14898529811762273,0.0003520365877844012,3,27.0,2.8297887802124024,-1.0
0.014769022984962379,0.008545486156695656,49,0.16345233214087784,0.0003336720567466412,3,26.5,2.842054328918457,-1.0
0.01419524512519794,0.008090851129963994,50,0.15624270495027304,0.0003155717009792807,3,26.75,2.8013330841064454,-1.0
0.014673039250608002,0.007450247748887965,51,0.15511074103415012,0.00029776342991897335,3,28.375,2.7673537063598634,-1.0
0.01466881058045796,0.009062505426949688,52,0.16636675386689603,0.00028027470262892445,3,28.0,2.7376126861572265,-1.0
0.01454152911901474,0.00866457390865045,53,0.1626954609528184,0.0002631324854590073,3,25.75,2.7561024475097655,-1.0
0.014646106698949422,0.007099842586155448,54,0.15246862708590925,0.0002463632104656054,3,28.375,2.749443244934082,-1.0
0.014827584980853967,0.006837148019777877,55,0.15190286585129797,0.0002299927346552969,3,28.0,2.701115036010742,-1.0
0.011825864036966647,0.007068668824753591,56,0.13248092005960643,0.00021404630011522587,3,28.25,2.6346256637573244,-1.0
0.014985097771776574,0.006880169501528144,57,0.15328643610700965,0.00019854849509163232,3,25.25,2.744494857788086,-1.0
0.014733680823285664,0.005568942886644176,58,0.14236716995947063,0.00018352321607655918,3,28.75,2.6901795196533205,-1.0
0.014551728564713682,0.005933700162651283,59,0.14366748603060842,0.00016899363096119395,3,28.375,2.671521072387695,-1.0
0.014760065690747328,0.0056713244412094355,60,0.14326982805505395,0.000154982143312659,3,28.375,2.696511564254761,-1.0
0.01461762485892645,0.007977889285289816,61,0.15841852501034737,0.0001415103578293356,3,29.625,2.62067138671875,-1.0
0.014591186606724347,0.00778259413449892,62,0.15686436812393367,0.0001285990470279847,3,28.125,2.6631136608123778,-1.0
0.014606791082769632,0.009278899491099375,63,0.16745193302631378,0.0001162681192140312,3,31.0,2.6053995513916015,-1.0
0.014955299773386546,0.00637908439551081,64,0.1495887921191752,0.00010453658778440107,3,29.75,2.605455780029297,-1.0
0.014922604663297534,0.007221683460686888,65,0.1552591910585761,9.342254191024022e-05,3,29.875,2.650198211669922,-1.0
0.015315171098336577,0.007874073194605964,66,0.16258130595088005,8.294311864472437e-05,3,32.25,2.5798104858398436,-1.0
0.01527750605185117,0.007542542780616454,67,0.1600209348835051,7.311447649896551e-05,3,28.875,2.577536392211914,-1.0
0.01560353214985558,0.008691130704911692,68,0.17035613115876913,6.395177052675794e-05,3,31.375,2.561082458496094,-1.0
0.011788906695853387,0.006119239010981151,69,0.125586244976148,5.546912895658472e-05,3,31.25,2.5754194259643555,-1.0
0.01179836510813662,0.006369190589923944,70,0.12736087408848107,4.767963140691306e-05,3,27.875,2.6202109909057616,-1.0
0.01534511468240193,0.00616915404264416,71,0.15083124907687306,4.059528871837034e-05,3,31.625,2.5894781875610353,-1.0
0.015222429730264204,0.007469536270946264,72,0.15914101898670197,3.4227024433899e-05,3,30.375,2.589234085083008,-1.0
0.015338527404570155,0.0061683043105793854,73,0.15083408285863698,2.8584657955444653e-05,3,31.0,2.598572120666504,-1.0
0.015301198266180498,0.009377546275832824,74,0.173026175936684,2.367688940315011e-05,3,32.625,2.5632271575927734,-1.0
0.01255996195998575,0.0036692480290574686,75,0.11386163695715368,1.951128620040094e-05,3,30.75,2.562930717468262,-1.0
0.011698457578729306,0.007714495861104557,76,0.1360724070109427,1.6094271405406862e-05,3,29.75,2.585226068496704,-1.0
0.012046581267246179,0.007485296743522797,77,0.1369121700990945,1.3431113807311488e-05,3,32.25,2.5219585418701174,-1.0
0.013661016710102558,0.006219645862334541,78,0.13935119821690023,1.1525919802101659e-05,3,31.625,2.5254973220825194,-1.0
0.014466701574357492,0.008049178003732647,79,0.15784539887681603,1.0381627060842164e-05,3,29.75,2.578041687011719,-1.0
0.014728628597887499,0.009366117251504744,80,0.1689358011353761,1e-05,3,31.375,2.5424015426635744,-1.0
0.015374409616924822,0.03249471477465704,1,0.38312589516863227,0.000999618372939158,4,1.4444444444444444,5.084637586805556,-1.0
0.014073224127059802,0.0060872498725075275,2,0.16149753308854997,0.0009984740801978985,4,2.111111111111111,4.5904318576388885,-1.0
0.01239209104096517,0.006632938457187265,3,0.15239915600977838,0.0009965688861926887,4,2.4444444444444446,4.541765407986111,-1.0
0.014799315977143124,0.0061240702925715595,4,0.1675973969977349,0.0009939057285945933,4,3.4444444444444446,4.455309244791667,-1.0
0.014814713969826698,0.007761356915580109,5,0.180871422868222,0.0009904887137995992,4,4.555555555555555,4.398649631076389,-1.0
0.015248633426381275,0.007407286582747474,6,0.18151244893670082,0.00098632311059685,4,4.222222222222222,4.342972005208333,-1.0
0.014570332830771804,0.008945452776970342,7,0.18839592207223177,0.0009814153420445555,4,4.666666666666667,4.280933430989584,-1.0
0.01484501687809825,0.007699740614043549,8,0.1806072450708598,0.0009757729755661012,4,5.333333333333333,4.216739637586805,-1.0
0.015680373762734234,0.005840293248184025,9,0.17242279299534857,0.0009694047112816298,4,6.111111111111111,4.169279242621528,-1.0
0.015476456930628046,0.005729785829316825,10,0.16993360919877887,0.0009623203685930871,4,6.333333333333333,4.161754150390625,-1.0
0.015043726074509323,0.007819358928827569,11,0.18315590801648796,0.0009545308710434153,4,6.333333333333333,4.134095865885417,-1.0
0.014879547612508759,0.006786113750422373,12,0.17357955407351255,0.0009460482294732422,4,7.444444444444445,4.063027886284722,-1.0
0.01502419394091703,0.006979504687478766,13,0.1762778719421476,0.0009368855235010348,4,8.222222222222221,3.9970136176215276,-1.0
0.01199726076447405,0.007763943372992799,14,0.15829758602194488,0.0009270568813552758,4,6.888888888888889,3.9653058539496526,-1.0
0.011937876959564164,0.007432994927512482,15,0.1551310820505023,0.0009165774580897602,4,8.666666666666666,3.9328231472439237,-1.0
0.014623642637161538,0.0070193832507357,16,0.17336181388236582,0.0009054634122155992,4,9.333333333333334,3.8550010850694445,-1.0
0.013482051901519299,0.006659184960881248,17,0.1613769861869514,0.0008937318807859689,4,9.444444444444445,3.8567005750868057,-1.0
0.014924509829143062,0.0036049439222551882,18,0.14848494599573314,0.0008814009529720156,4,10.11111111111111,3.8641898600260416,-1.0
0.014686616021208465,0.006863015616545454,19,0.17264197091571987,0.0008684896421706646,4,10.444444444444445,3.8128599717881944,-1.0
0.01477158858324401,0.007599945296533406,20,0.1792224480304867,0.0008550178566873412,4,11.222222222222221,3.74334469265408,-1.0
0.014765920146601275,0.007669537328183651,21,0.17975608981214464,0.0008410063690388064,4,11.444444444444445,3.718916422526042,-1.0
0.01471070444677025,0.006962108425796032,22,0.17364743212237954,0.0008264767839234412,4,10.444444444444445,3.6760126410590277,-1.0
0.014761107944650576,0.007708062796154991,23,0.17999530909582973,0.000811451504908368,4,10.88888888888889,3.6870745171440973,-1.0
0.014463547500781715,0.007500127860112116,24,0.17595531302504241,0.0007959536998847743,4,10.555555555555555,3.7101957194010415,-1.0
0.014752391871297732,0.006873345148051158,25,0.17325807502493262,0.0007800072653447032,4,12.555555555555555,3.65508056640625,-1.0
0.014399916748516262,0.006915182893862948,26,0.1707842831965536,0.0007636367895343947,4,11.11111111111111,3.684118855794271,-1.0
0.01473830864415504,0.006648118345765397,27,0.17134393495507538,0.0007468675145409928,4,11.777777777777779,3.6964415147569443,-1.0
0.014957184990635142,0.007215494493721053,28,0.17762743681669235,0.0007297252973710758,4,13.0,3.616880154079861,-1.0
0.014790635730605572,0.0073455288948025554,29,0.17733686999417841,0.0007122365700810271,4,11.555555555555555,3.6139923773871527,-1.0
0.01411118745454587,0.008465326915029436,30,0.18085943697951734,0.0006944282990207196,4,12.11111111111111,3.5908653428819446,-1.0
0.012349411234026775,0.006323370122117922,31,0.14959221705794334,0.0006763279432533592,4,13.666666666666666,3.6103929307725693,-1.0
0.012238680850714445,0.003412151272641495,32,0.1253696819767356,0.0006579634122155992,4,13.555555555555555,3.5656981065538194,-1.0
0.012254350876901299,0.0073972663667518646,33,0.15737997903488576,0.000639363022683212,4,11.222222222222221,3.6147111002604166,-1.0
0.015211980731692165,0.008034622645936906,34,0.18619863595813513,0.0006205554551086735,4,13.444444444444445,3.5520787217881944,-1.0
0.015267983922967687,0.008534162567229941,35,0.19068738911300898,0.0006015697093979838,4,12.555555555555555,3.557828097873264,-1.0
0.01565460435813293,0.008834801992634311,36,0.19619125593453646,0.0005824350601949146,4,14.777777777777779,3.5008755832248264,-1.0
0.01546145454631187,0.008353097829967737,37,0.19078511302359402,0.0005631810117416299,4,15.11111111111111,3.437108561197917,-1.0
0.015501195506658405,0.004585315618896857,38,0.16096469899639487,0.0005438372523852835,4,14.444444444444445,3.441793687608507,-1.0
0.015345276158768684,0.0074595662008505315,39,0.18270395789295435,0.0005244336088007391,4,12.333333333333334,3.4715572102864583,-1.0
0.014493410766590387,0.0076065151079092175,40,0.177048021228984,0.0005050000000000001,4,16.22222222222222,3.382979702419705,-1.0
0.014419647632166743,0.009884147992124781,41,0.19467840902507305,0.0004855663911992613,4,14.333333333333334,3.430822482638889,-1.0
0.014552290667779744,0.006164042832097039,42,0.16598163614980876,0.00046616274761471693,4,12.88888888888889,3.378709784613715,-1.0
0.014784621656872332,0.007798141450621188,43,0.18091082898899913,0.00044681898825837057,4,14.222222222222221,3.397890421549479,-1.0
0.0146206523058936,0.007518969185184687,44,0.1773637430742383,0.000427564939805086,4,16.444444444444443,3.3220450846354166,-1.0
0.014569332357496023,0.007273698138305917,45,0.17499135597608984,0.00040843029060201667,4,15.666666666666666,3.374845174153646,-1.0
0.01458673772867769,0.008591561141656712,46,0.18567385291680694,0.000389444544891327,4,16.11111111111111,3.316916707356771,-1.0
0.013463292474625632,0.005113656632602215,47,0.1488264410290867,0.0003706369773167883,4,15.88888888888889,3.3052467854817706,-1.0
0.014705881359986961,0.006879975873744115,48,0.17289119609631598,0.0003520365877844012,4,15.444444444444445,3.3196480305989584,-1.0
0.014786791987717152,0.007453428144799545,49,0.1781759129371494,0.0003336720567466412,4,15.222222222222221,3.3537171088324653,-1.0
0.01487499987706542,0.005063683638582006,50,0.1597991429734975,0.0003155717009792807,4,16.666666666666668,3.277258029513889,-1.0
0.014376125356648117,0.006788799917558208,51,0.16958143608644605,0.00029776342991897335,4,17.22222222222222,3.27322750515408,-1.0
0.014758436940610409,0.006221478950465098,52,0.1680882810615003,0.00028027470262892445,4,19.0,3.2459508599175346,-1.0
0.01205056274193339,0.006553254119353369,53,0.14906149194575846,0.0002631324854590073,4,16.88888888888889,3.2452017550998264,-1.0
0.014614664221880957,0.007735351013252512,54,0.179004549048841,0.0002463632104656054,4,17.555555555555557,3.235207248263889,-1.0
0.01460713887354359,0.006805421260651201,55,0.17154706083238125,0.0002299927346552969,4,17.11111111111111,3.234744194878472,-1.0
0.014746421162271872,0.007989745965460315,56,0.18213917291723192,0.00021404630011522587,4,17.11111111111111,3.276186319986979,-1.0
0.014595306623959914,0.005331705237040296,57,0.15966901602223516,0.00019854849509163232,4,17.444444444444443,3.2250487603081597,-1.0
0.01477967738173902,0.008753220492508262,58,0.1885195600334555,0.00018352321607655918,4,18.11111111111111,3.2383430989583335,-1.0
0.014658427360700443,0.007858624012442306,59,0.1804260858334601,0.00016899363096119395,4,18.88888888888889,3.1702832709418405,-1.0
0.014722008112585172,0.006955084507353604,60,0.17366603715345263,0.000154982143312659,4,19.666666666666668,3.158302883572049,-1.0
0.014848171646008268,0.006345432600937784,61,0.16982730315066874,0.0001415103578293356,4,19.77777777777778,3.145169677734375,-1.0
0.01466862775851041,0.0071821587334852666,62,0.17507363390177488,0.0001285990470279847,4,19.11111111111111,3.1584847005208334,-1.0
0.014730948983924463,0.007391946768620983,63,0.17723178886808455,0.0001162681192140312,4,20.333333333333332,3.2033234659830727,-1.0
0.014649301272584125,0.007058832998154685,64,0.17391408886760473,0.00010453658778440107,4,18.0,3.171700948079427,-1.0
0.014675880986033008,0.0070819706306792796,65,0.17431720602326095,9.342254191024022e-05,4,20.0,3.164362623426649,-1.0
0.014794406743021682,0.007161379762692377,66,0.1759127639234066,8.294311864472437e-05,4,17.666666666666668,3.173731418185764,-1.0
0.014845463272649795,0.0074440891039557755,67,0.17856765701435506,7.311447649896551e-05,4,20.444444444444443,3.1245524088541665,-1.0
0.014735401899088174,0.007995593245141208,68,0.18210205412469804,6.395177052675794e-05,4,18.444444444444443,3.1445517306857638,-1.0
0.014824554498773068,0.007219476130558178,69,0.1766002681106329,5.546912895658472e-05,4,19.555555555555557,3.1555908203125,-1.0
0.01474259773385711,0.006974864285439253,70,0.1739821310620755,4.767963140691306e-05,4,18.22222222222222,3.157631293402778,-1.0
0.014588506892323494,0.005353456974262372,71,0.15978548605926335,4.059528871837034e-05,4,19.77777777777778,3.1104083251953125,-1.0
0.014656893239589408,0.005185187765164301,72,0.1589838000945747,3.4227024433899e-05,4,19.88888888888889,3.143596394856771,-1.0
0.014365723385708407,0.007113010622560978,73,0.17207718384452164,2.8584657955444653e-05,4,19.0,3.1366566297743055,-1.0
0.012765327497618273,0.006809282524045557,74,0.15686390083283186,2.367688940315011e-05,4,19.88888888888889,3.0951883951822916,-1.0
0.016682620509527624,0.006944205466425046,75,0.1892685799393803,1.951128620040094e-05,4,20.88888888888889,3.086651611328125,-1.0
0.015605180960847065,0.005348890059394762,76,0.16797366086393595,1.6094271405406862e-05,4,21.444444444444443,3.0979329427083333,-1.0
0.01598310563713312,0.005283553968183696,77,0.17043987894430757,1.3431113807311488e-05,4,18.444444444444443,3.160865241156684,-1.0
0.013270153751363978,0.0059724917518906295,78,0.1541790021583438,1.1525919802101659e-05,4,19.88888888888889,3.0906889173719616,-1.0
0.015067444503074512,0.007021759753115475,79,0.17694059596396983,1.0381627060842164e-05,4,21.11111111111111,3.113297661675347,-1.0
0.015426834026584402,0.007908250350737944,80,0.18695172294974327,1e-05,4,18.444444444444443,3.1865030246310764,-1.0
0.013790474535198882,0.028850937727838755,1,0.3412756947800517,0.000999618372939158,5,1.7000000208616257,5.539609851837159,-1.0
0.010892825346672907,0.0034455081331543624,2,0.11485328781418502,0.0009984740801978985,5,2.1000000074505807,4.6200341796875,-1.0
0.00870102015323937,0.004145691083976999,3,0.10289549315348268,0.0009965688861926887,5,3.200000008940697,4.517173835754394,-1.0
0.011541629763087258,0.004911379102850333,4,0.13178865797817707,0.0009939057285945933,5,3.8000000074505804,4.467228523254395,-1.0
0.015445224416907877,0.0053680095879826695,5,0.16673219203948975,0.0009904887137995992,5,4.4000000089406965,4.399464847564698,-1.0
0.015215597377391532,0.006578747008461505,6,0.1746256228070706,0.00098632311059685,5,5.300000014901161,4.3516347694396975,-1.0
0.015096418384928256,0.007085859513608739,7,0.17773044295608997,0.0009814153420445555,5,5.500000023841858,4.275830081939697,-1.0
0.015710161329479888,0.006695759162539616,8,0.17953409487381577,0.0009757729755661012,5,6.000000020861625,4.194165504455566,-1.0
0.012846086465287954,0.005368959769839421,9,0.145961944013834,0.0009694047112816298,5,7.600000017881394,4.10977758026123,-1.0
0.015781310707097873,0.006931114417966455,10,0.1819315399043262,0.0009623203685930871,5,8.600000017881394,4.049757076263428,-1.0
0.014699463703436777,0.006759029172826558,11,0.1719541240017861,0.0009545308710434153,5,9.900000017881393,3.9964202880859374,-1.0
0.015884742577327415,0.0068255155347287655,12,0.18198017310351133,0.0009460482294732422,5,10.400000023841859,3.921363981246948,-1.0
0.012110458861570805,0.006582666246686131,13,0.14978713495656848,0.0009368855235010348,5,10.000000029802322,3.8626774864196776,-1.0
0.01572295793448575,0.006426303938496858,14,0.17742623295634985,0.0009270568813552758,5,10.300000011920929,3.8177181282043455,-1.0
0.015680659242207184,0.007769988500513136,15,0.18791481689549983,0.0009165774580897602,5,12.4,3.728248481750488,-1.0
0.015637955017155036,0.003941618109820411,16,0.15693204896524549,0.0009054634122155992,5,12.400000083446503,3.693354555130005,-1.0
0.015285544999642298,0.004558619868475944,17,0.15902621787972748,0.0008937318807859689,5,12.100000083446503,3.650730005264282,-1.0
0.015916969859972596,0.005051687388913706,18,0.16803873307071626,0.0008814009529720156,5,15.90000011920929,3.596115720748901,-1.0
0.015803999616764486,0.004544300900306553,19,0.1630615978501737,0.0008684896421706646,5,15.600000047683716,3.522784097671509,-1.0
0.01573086847201921,0.0072362681676167995,20,0.18404886103235185,0.0008550178566873412,5,15.500000017881394,3.481353401184082,-1.0
0.0160429606330581,0.006264243391342461,21,0.17873811395838857,0.0008410063690388064,5,15.60000013113022,3.4622297286987305,-1.0
0.015818291169125587,0.006696368451230228,22,0.18040076410397887,0.0008264767839234412,5,16.00000010728836,3.3982556037902834,-1.0
0.01571300788782537,0.006413474126020446,23,0.17728618904948235,0.000811451504908368,5,16.700000017881393,3.3803065910339356,-1.0
0.01543733463040553,0.008373883727472275,24,0.19076701416634023,0.0007959536998847743,5,18.700000059604644,3.2977687377929685,-1.0
0.015438929491210729,0.006546882243128493,25,0.1761592640541494,0.0007800072653447032,5,19.6,3.2546688957214354,-1.0
0.015091630892129615,0.006497291469713673,26,0.17298352788202465,0.0007636367895343947,5,19.200000214576722,3.211899850845337,-1.0
0.01597112210583873,0.00663325865752995,27,0.1811138850171119,0.0007468675145409928,5,18.69999998807907,3.174909191131592,-1.0
0.015406447782879695,0.007346533704549074,28,0.18230899097397923,0.0007297252973710758,5,20.700000095367432,3.114702308654785,-1.0
0.01527985098073259,0.008829332771711051,29,0.19315546401776373,0.0007122365700810271,5,22.400000047683715,3.0661708965301515,-1.0
0.01574550778605044,0.006639989849645644,30,0.17935572005808353,0.0006944282990207196,5,22.200000131130217,3.058505765914917,-1.0
0.01525658747414127,0.007746982271783054,31,0.18430042709223926,0.0006763279432533592,5,24.300000083446502,2.9793556442260742,-1.0
0.01462021775660105,0.007477247854694724,32,0.1770300818607211,0.0006579634122155992,5,23.800000035762785,2.9703557357788086,-1.0
0.014835231384495273,0.007865344872698188,33,0.1818553968332708,0.000639363022683212,5,23.4,2.932405649185181,-1.0
0.014318618079414591,0.006896071048686281,34,0.16997653199359775,0.0006205554551086735,5,26.200000071525572,2.877075023651123,-1.0
0.015325155429309234,0.007533618685556576,35,0.18316327407956123,0.0006015697093979838,5,23.500000131130218,2.887923583984375,-1.0
0.015407218917971477,0.004998802847694606,36,0.1635215838905424,0.0005824350601949146,5,25.60000021457672,2.8403021507263184,-1.0
0.013862674590200186,0.007980234280694276,37,0.1750109540298581,0.0005631810117416299,5,27.00000010728836,2.7597633991241457,-1.0
0.014933435944840312,0.007226712419651449,38,0.17753213504329324,0.0005438372523852835,5,27.00000011920929,2.762718578338623,-1.0
0.014395179081475362,0.004920562671031803,39,0.15480599598959088,0.0005244336088007391,5,28.70000011920929,2.7375157775878907,-1.0
0.01478085934650153,0.00754254954517819,40,0.17883908888325095,0.0005050000000000001,5,29.7,2.683268316268921,-1.0
0.014907008997397497,0.005609444750007242,41,0.16437897202558815,0.0004855663911992613,5,29.000000190734863,2.6997536907196045,-1.0
0.014572076353942975,0.008181967510608956,42,0.1822852820623666,0.00046616274761471693,5,30.300000071525574,2.6289548053741454,-1.0
0.014595908636692911,0.00782490661367774,43,0.17961853207089007,0.00044681898825837057,5,29.700000071525572,2.644340404510498,-1.0
0.013995951187098399,0.005340617935871705,44,0.15493688988499343,0.000427564939805086,5,31.70000023841858,2.5733350849151613,-1.0
0.01458610751433298,0.0049660433433018625,45,0.15666497009806335,0.00040843029060201667,5,30.60000011920929,2.590454708099365,-1.0
0.014759176439838484,0.008036940533202142,46,0.182617309037596,0.000389444544891327,5,31.400000166893005,2.5285003929138186,-1.0
0.015396126866107807,0.007600082259159535,47,0.18423177697695792,0.0003706369773167883,5,30.000000023841856,2.559738536834717,-1.0
0.015451701474376023,0.0074599805229809135,48,0.18357111397199333,0.0003520365877844012,5,32.500000190734866,2.5104254837036133,-1.0
0.015420772513607517,0.007545769476564601,49,0.18401206587441266,0.0003336720567466412,5,32.40000004768372,2.506009187698364,-1.0
0.013528196781408042,0.0061046665941830724,50,0.1573269439395517,0.0003155717009792807,5,34.20000007152557,2.4809267024993895,-1.0
0.015380587050458416,0.008088271337328479,51,0.1879948249552399,0.00029776342991897335,5,34.600000214576724,2.4802027587890625,-1.0
0.014698919170768932,0.007725887960987166,52,0.17964450712315738,0.00028027470262892445,5,33.60000014305115,2.4297613258361817,-1.0
0.01507272565504536,0.007234085351228714,53,0.17870235885493457,0.0002631324854590073,5,32.99999997615814,2.4204047241210938,-1.0
0.014822405035374686,0.008182931342162192,54,0.1842896027956158,0.0002463632104656054,5,35.60000023841858,2.3702767753601073,-1.0
0.01424575797864236,0.006517539150081575,55,0.16634418303146958,0.0002299927346552969,5,36.20000021457672,2.309314058303833,-1.0
0.015098656789632514,0.007445126597303897,56,0.18060084385797381,0.00021404630011522587,5,36.4,2.3481889362335204,-1.0
0.014603570976760238,0.007122756651369855,57,0.1740795560181141,0.00019854849509163232,5,34.200000047683716,2.3551548404693605,-1.0
0.015064772014738992,0.00687876736628823,58,0.1757999430410564,0.00018352321607655918,5,35.80000019073486,2.3640842056274414,-1.0
0.014434494049055502,0.007184920337749645,59,0.17320369882509112,0.00016899363096119395,5,37.39999997615814,2.3441949825286867,-1.0
0.014965722890337929,0.00737561471760273,60,0.1789808569010347,0.000154982143312659,5,39.10000019073486,2.2708358192443847,-1.0
0.014096198894549161,0.005084183503640816,61,0.15370005485601723,0.0001415103578293356,5,36.80000016689301,2.2940570735931396,-1.0
0.01474416718701832,0.007031632208963856,62,0.17445529904216528,0.0001285990470279847,5,34.700000286102295,2.256118034362793,-1.0
0.014467120374320075,0.006879777763970196,63,0.17102754395455122,0.0001162681192140312,5,37.20000026226044,2.2609841327667235,-1.0
0.014411142765311524,0.007076869980664924,64,0.1721569118089974,0.00010453658778440107,5,37.80000019073486,2.257673864364624,-1.0
0.014484262530459091,0.006356798607157543,65,0.16700107883661985,9.342254191024022e-05,5,37.40000009536743,2.264032598495483,-1.0
0.014365175942657515,0.006999063305556774,66,0.171161717036739,8.294311864472437e-05,5,38.000000143051146,2.216144458770752,-1.0
0.01339084524079226,0.006649709364864975,67,0.16055979998782277,7.311447649896551e-05,5,38.30000011920929,2.2541042251586916,-1.0
0.014273415319621563,0.00681027170503512,68,0.1689127217978239,6.395177052675794e-05,5,37.80000016689301,2.275696201324463,-1.0
0.014535181486280635,0.006543116149259731,69,0.16889171116054058,5.546912895658472e-05,5,40.30000021457672,2.2045650806427,-1.0
0.014732185110915452,0.007324738020543009,70,0.17671307199634612,4.767963140691306e-05,5,39.40000009536743,2.2495527000427247,-1.0
0.014569936116458848,0.007020061137154698,71,0.17296933196485043,4.059528871837034e-05,5,41.000000143051146,2.162535217285156,-1.0
0.014495401817839593,0.00814314343733713,72,0.18128958391025662,3.4227024433899e-05,5,39.60000002384186,2.1924021797180178,-1.0
0.01468786975601688,0.006619358231546357,73,0.1706295518670231,2.8584657955444653e-05,5,38.50000021457672,2.265575710296631,-1.0
0.014794408809393644,0.00512833206448704,74,0.15963022108189762,2.367688940315011e-05,5,40.80000002384186,2.1920736026763916,-1.0
0.01563612197060138,0.007315794413443655,75,0.18387534306384623,1.951128620040094e-05,5,35.900000262260434,2.259504138946533,-1.0
0.014451680734055117,0.0071008925151545554,76,0.17272934992797673,1.6094271405406862e-05,5,38.30000026226044,2.276984869003296,-1.0
0.01596542212064378,0.007157533866120502,77,0.1852606248576194,1.3431113807311488e-05,5,39.700000166893005,2.19695153427124,-1.0
0.012127939757192507,0.00732805160805583,78,0.1558478910010308,1.1525919802101659e-05,5,40.40000016689301,2.190638576507568,-1.0
0.014770638721529394,0.007628272025613114,79,0.17936134105548263,1.0381627060842164e-05,5,39.100000166893004,2.1686637763977052,-1.0
0.015038578218081966,0.008217649272410199,80,0.18629646208137274,1e-05,5,42.60000023841858,2.210647184371948,-1.0
0.012529292687152823,0.026442704308364127,1,0.35089847911149263,0.000999618372939158,6,1.363636364313689,4.979870399128307,-1.0
0.011849522771727707,0.0033162879861063426,2,0.13665368896909058,0.0009984740801978985,6,2.45454545522278,4.569643119465221,-1.0
0.015246942768701248,0.005273844011955791,3,0.18491733795963228,0.0009965688861926887,6,2.727272728627378,4.517503551136364,-1.0
0.013253351570003562,0.005341049438963334,4,0.16754006617702544,0.0009939057285945933,6,3.000000002709302,4.447530182925138,-1.0
0.015334286106129488,0.004688440459883875,5,0.18044091388583183,0.0009904887137995992,6,4.636363637718287,4.379786044034091,-1.0
0.014352072444227006,0.004963321559545066,6,0.1740624129306525,0.00098632311059685,6,5.181818183172833,4.2773894674127755,-1.0
0.015367167794870006,0.005210663424804807,7,0.18549037701450288,0.0009814153420445555,6,7.000000001354651,4.195874916423451,-1.0
0.013806732397319542,0.00497316406108439,8,0.1692746328189969,0.0009757729755661012,6,7.909090898253701,4.103640806024725,-1.0
0.014259889489039779,0.004553305968228314,9,0.1695917989127338,0.0009694047112816298,6,8.090909069234675,4.040542430877686,-1.0
0.013915688446205523,0.004695082445525461,10,0.16779232211411,0.0009623203685930871,6,8.181818170980973,3.9585127344998448,-1.0
0.01543428611734675,0.004678733646869659,11,0.18129581795074046,0.0009545308710434153,6,9.272727251052856,3.9238774013519286,-1.0
0.01542322288474275,0.004945925566264325,12,0.18361448496580124,0.0009460482294732422,6,10.636363641782241,3.8341842304576526,-1.0
0.015239416699235639,0.004569437975684802,13,0.17855398496612906,0.0009368855235010348,6,10.272727275436575,3.76021595694802,-1.0
0.015570533099687763,0.004791319784190919,14,0.18352775392122567,0.0009270568813552758,6,10.454545446417548,3.7135307138616387,-1.0
0.014270399464294314,0.005407067636648814,15,0.17737869708798826,0.0009165774580897602,6,13.727272759784352,3.637517758282748,-1.0
0.014045621320191357,0.0044878207716263,16,0.16712251282297075,0.0009054634122155992,6,13.54545455087315,3.574082699688998,-1.0
0.015385399287980463,0.007324711367901828,17,0.2046864009462297,0.0008937318807859689,6,12.636363630945032,3.5436584810777143,-1.0
0.015260355883381434,0.004892352321702573,18,0.1816371891181916,0.0008814009529720156,6,15.363636382601477,3.4390691817890513,-1.0
0.014605975063103769,0.005252922471198771,19,0.17902096500620246,0.0008684896421706646,6,14.545454561710358,3.4608620340173895,-1.0
0.01490375748835504,0.004971364513039589,20,0.17913308297283947,0.0008550178566873412,6,16.545454502105713,3.422954822020097,-1.0
0.015089364127359457,0.004879057873040438,21,0.17998008499853313,0.0008410063690388064,6,16.000000032511625,3.384028538790616,-1.0
0.015251734889008932,0.004932996894543369,22,0.18193905102089047,0.0008264767839234412,6,16.27272729440169,3.3316957170313053,-1.0
0.01624641187178592,0.004673048129512204,23,0.18858630792237818,0.000811451504908368,6,17.909090957858346,3.2756912500208073,-1.0
0.015541625260892842,0.005041597850827707,24,0.1855846040416509,0.0007959536998847743,6,18.45454550331289,3.2160611282695424,-1.0
0.015060057889463173,0.00471414542860455,25,0.17823463096283376,0.0007800072653447032,6,19.45454546538266,3.1659866601770577,-1.0
0.015170741800425781,0.004737603193562891,26,0.1794416061602533,0.0007636367895343947,6,20.545454594221983,3.1399979391965,-1.0
0.015529043946622146,0.005606565262294478,27,0.19049807009287179,0.0007468675145409928,6,20.727272738109935,3.126954681223089,-1.0
0.016038854140788317,0.004926006076857448,28,0.1889599380083382,0.0007297252973710758,6,22.181818170980975,3.0565499271046033,-1.0
0.015475377569802932,0.00508851966717177,29,0.185349928913638,0.0007122365700810271,6,21.727272727272727,3.1116149416836825,-1.0
0.016093963213885825,0.004679165340753065,30,0.1872510479297489,0.0006944282990207196,6,22.181818181818183,3.0015458271720195,-1.0
0.014788007208456596,0.004739046458982759,31,0.17601056396961212,0.0006763279432533592,6,22.636363658038054,3.0143424068797717,-1.0
0.012830143070055379,0.004861191044458085,32,0.1594502709340304,0.0006579634122155992,6,22.99999998374419,2.9719982650063255,-1.0
0.014875680208206177,0.004683900003631909,33,0.17623163596726954,0.000639363022683212,6,24.545454599640586,2.910693212855946,-1.0
0.011677223956212401,0.004798112695829736,34,0.1484705898910761,0.0006205554551086735,6,25.09090915593234,2.856403388977051,-1.0
0.011735815244416395,0.004826571326702833,35,0.1492505930364132,0.0006015697093979838,6,25.818181818181817,2.8330549560893665,-1.0
0.011717108311131597,0.005119190111549364,36,0.15171257499605417,0.0005824350601949146,6,25.18181821974841,2.841532820788297,-1.0
0.011547516643380126,0.0045668261332644355,37,0.14521766896359622,0.0005631810117416299,6,25.63636356050318,2.8193345832824708,-1.0
0.011309840250760317,0.004866759422131711,38,0.1457770790439099,0.0005438372523852835,6,27.454545443708245,2.794090970646251,-1.0
0.011633756337687373,0.005206397760452496,39,0.1517495191656053,0.0005244336088007391,6,28.454545508731496,2.725730569145896,-1.0
0.01140835720838772,0.004590256889868114,40,0.144179044989869,0.0005050000000000001,6,25.727272727272727,2.7750005808743565,-1.0
0.014784956040481726,0.004629589177461134,41,0.1749605319928378,0.0004855663911992613,6,26.18181815472516,2.7320901688662445,-1.0
0.014567587783353196,0.004983388094438447,42,0.17624199902638793,0.00046616274761471693,6,26.7272728248076,2.71216986136003,-1.0
0.011523179891001847,0.005047710353715552,43,0.1493859961628914,0.00044681898825837057,6,32.00000003251162,2.6607834252444182,-1.0
0.013528754650097754,0.005242599898742305,44,0.1691185268573463,0.000427564939805086,6,28.363636428659614,2.6340348052978517,-1.0
0.013330360538222723,0.0043482062303357655,45,0.1593066919595003,0.00040843029060201667,6,30.454545519568704,2.5810250776464287,-1.0
0.010642728328497874,0.0045361853359888,46,0.13682325184345245,0.000389444544891327,6,31.181818225167014,2.6096311820637097,-1.0
0.00837533313056661,0.004463113301123182,47,0.11568760103546083,0.0003706369773167883,6,30.54545453461734,2.589797004352916,-1.0
0.010746470574910441,0.00454554197171496,48,0.13776337611488998,0.0003520365877844012,6,30.81818180734461,2.5526674071225255,-1.0
0.014719696275682913,0.0047622189287924105,49,0.17557947104796767,0.0003336720567466412,6,29.545454583384775,2.5354405290430244,-1.0
0.013741755754583411,0.005169094022777345,50,0.17047117021866143,0.0003155717009792807,6,31.909090876579285,2.514807151447643,-1.0
0.011441732627443142,0.0045917080456597936,51,0.144526134012267,0.00029776342991897335,6,31.45454555208033,2.517342505021529,-1.0
0.011763937305659056,0.004433793817750282,52,0.14596371608786285,0.00028027470262892445,6,30.727272711016916,2.5400482801957565,-1.0
0.009234938434221678,0.004715064773336053,53,0.1257108119316399,0.0002631324854590073,6,33.3636362769387,2.450812800147317,-1.0
0.008779809758481052,0.005572602023474044,54,0.1293002301827073,0.0002463632104656054,6,33.36363634196195,2.418239686272361,-1.0
0.012494713844110569,0.0046245740571369725,55,0.15422509890049696,0.0002299927346552969,6,33.727272694761105,2.407958437312733,-1.0
0.014594067457235523,0.005150214329154955,56,0.17791594192385674,0.00021404630011522587,6,32.545454599640586,2.4069142072851006,-1.0
0.014414147913662924,0.005080717641653286,57,0.17570614907890558,0.00019854849509163232,6,34.27272724021565,2.4265608067946,-1.0
0.014928653706899948,0.004682595634626018,58,0.17676960700191557,0.00018352321607655918,6,32.72727279229598,2.4255492583188145,-1.0
0.014641197036123939,0.005028690521915753,59,0.1772756890859455,0.00016899363096119395,6,35.45454536784779,2.3735317689722235,-1.0
0.015261917012847133,0.00492090387787256,60,0.1818961459212005,0.000154982143312659,6,33.727272781458765,2.371374478773637,-1.0
0.015181265848999223,0.004591199258963267,61,0.17821069387719035,0.0001415103578293356,6,31.545454588803377,2.3940445804595947,-1.0
0.014297957557977902,0.005473406985402107,62,0.17821210715919733,0.0001285990470279847,6,34.272727186029606,2.3845684814453123,-1.0
0.014279618678200576,0.005414013233449724,63,0.17748775496147573,0.0001162681192140312,6,36.727272694761105,2.3500338892503216,-1.0
0.013989522509897748,0.005703824494654934,64,0.17748829582706094,0.00010453658778440107,6,37.27272735942494,2.36785719611428,-1.0
0.015509848405296603,0.004769402944172422,65,0.18276626290753484,9.342254191024022e-05,6,37.99999996748838,2.325985410863703,-1.0
0.014362839438642064,0.005156381340283487,66,0.17590842116624117,8.294311864472437e-05,6,35.000000108372085,2.3491999617489903,-1.0
0.015308623797156744,0.004582964659978946,67,0.17926753195933998,7.311447649896551e-05,6,35.363636472008444,2.3127866259488195,-1.0
0.015196523137597574,0.004836901867141326,68,0.18055158201605082,6.395177052675794e-05,6,36.63636369054968,2.2795137934251266,-1.0
0.015069229347217414,0.00460080574784014,69,0.17728061298839748,5.546912895658472e-05,6,35.272727251052856,2.290841698213057,-1.0
0.015216495350210203,0.004698711654378308,70,0.17948444606736302,4.767963140691306e-05,6,36.54545451294292,2.3224962546608663,-1.0
0.01505618167316748,0.004910829994413588,71,0.17996792285703123,4.059528871837034e-05,6,35.909090995788574,2.2929295288432727,-1.0
0.014442520138497153,0.00483382074162364,72,0.17375934799201787,3.4227024433899e-05,6,36.54545451294292,2.273045296235518,-1.0
0.014450616720649932,0.005113904157446491,73,0.17633516108617187,2.8584657955444653e-05,6,34.72727277062156,2.3174934283169835,-1.0
0.014781205733824108,0.004592404597335392,74,0.1746235559694469,2.367688940315011e-05,6,37.00000006502325,2.256809437491677,-1.0
0.015572135440177388,0.004583296003854937,75,0.18167486786842346,1.951128620040094e-05,6,35.54545457796617,2.328086749857122,-1.0
0.015168152387357421,0.00468186651253038,76,0.1788934760261327,1.6094271405406862e-05,6,36.54545451294292,2.2670878809148616,-1.0
0.015225716581982043,0.005008506640377972,77,0.1823699630331248,1.3431113807311488e-05,6,38.72727267308669,2.260011846368963,-1.0
0.015575454518612888,0.004956289479095075,78,0.18504621786996722,1.1525919802101659e-05,6,35.363636472008444,2.303876095685092,-1.0
0.015011650251431597,0.005254159293447931,79,0.18268358404748142,1.0381627060842164e-05,6,36.99999997832558,2.302304931120439,-1.0
0.01494677579547796,0.004641784225694007,80,0.17654702602885664,1e-05,6,38.45454547621987,2.253650340166959,-1.0
0.01223518787883222,0.022470567002892496,1,0.34718383895233274,0.000999618372939158,7,1.500000002483527,5.034181315104167,-1.0
0.009231787803582848,0.003377823089249432,2,0.1262067649513483,0.0009984740801978985,7,3.0,4.545664068857829,-1.0
0.01089891567826271,0.004189948015846312,3,0.15102490200661123,0.0009965688861926887,7,3.58333333581686,4.468657220204671,-1.0
0.014410490565933288,0.004240050422959029,4,0.1867078950162977,0.0009939057285945933,7,4.583333338300387,4.384239908854167,-1.0
0.014811800350435078,0.004436751850880683,5,0.19277701107785106,0.0009904887137995992,7,5.416666676600774,4.287689202626546,-1.0
0.012539631314575672,0.004123466275632382,6,0.16684186295606196,0.00098632311059685,7,5.583333343267441,4.198676954905192,-1.0
0.011184941604733467,0.004207568499259651,7,0.15410344884730875,0.0009814153420445555,7,6.250000004967053,4.13379679997762,-1.0
0.011348465434275567,0.0051367927575483915,8,0.16504110489040613,0.0009757729755661012,7,7.166666686534882,4.052565924326578,-1.0
0.011371014313772321,0.00511178916785866,9,0.16499425400979817,0.0009694047112816298,7,9.08333334326744,3.9832120831807454,-1.0
0.014028259692713619,0.0043372506042942405,10,0.18386517884209752,0.0009623203685930871,7,9.666666666666666,3.933621622721354,-1.0
0.013247931492514908,0.004932971205562353,11,0.1820488281082362,0.0009545308710434153,7,9.58333334326744,3.8559309895833334,-1.0
0.01409132843837142,0.004252210655249655,12,0.1836785669438541,0.0009460482294732422,7,8.5,3.825445146560669,-1.0
0.013727278332225978,0.003984380676411092,13,0.17738597514107823,0.0009368855235010348,7,11.250000019868216,3.7654869079589846,-1.0
0.014965379657223821,0.005085855140350759,14,0.20076790219172835,0.0009270568813552758,7,12.166666666666666,3.7021139526367186,-1.0
0.013708688016049565,0.004417372075840831,15,0.18150528892874718,0.0009165774580897602,7,11.666666686534882,3.6579933675130207,-1.0
0.014158387412317097,0.00492692100815475,16,0.19112155796028674,0.0009054634122155992,7,13.166666686534882,3.6060424772898356,-1.0
0.013523011817596853,0.004417448188178241,17,0.17964316788129508,0.0008937318807859689,7,13.666666676600775,3.5856107584635417,-1.0
0.014335724897682667,0.005499295494519174,18,0.19859398109838367,0.0008814009529720156,7,14.166666706403097,3.5253569571177166,-1.0
0.0151815666584298,0.004579459526576101,19,0.1978643441107124,0.0008684896421706646,7,13.916666666666666,3.5130400625864664,-1.0
0.013654341408982872,0.004691752302460372,20,0.18371600192040205,0.0008550178566873412,7,15.500000004967054,3.461885986328125,-1.0
0.014726549596525728,0.004128727805800736,21,0.1888076369650662,0.0008410063690388064,7,17.58333335320155,3.3891487153371176,-1.0
0.013739322987385094,0.004483084799721837,22,0.18245734903030097,0.0008264767839234412,7,16.91666668653488,3.362449696858724,-1.0
0.014275298779830336,0.004523737728595734,23,0.18823448196053505,0.000811451504908368,7,16.083333373069763,3.355092312494914,-1.0
0.014637271058745682,0.004784971638582647,24,0.19448138703592122,0.0007959536998847743,7,15.500000019868216,3.358753563563029,-1.0
0.013162383576855063,0.004690108820796013,25,0.17875051288865507,0.0007800072653447032,7,17.41666668653488,3.3278960164388023,-1.0
0.014736413070932031,0.004462553840130568,26,0.19221656117588282,0.0007636367895343947,7,18.16666668653488,3.2400344816843667,-1.0
0.014384787669405341,0.004895429429598153,27,0.1930401180870831,0.0007468675145409928,7,18.66666668653488,3.2330862712860107,-1.0
0.014953080704435706,0.004281283286400139,28,0.19257773086428642,0.0007297252973710758,7,17.416666706403095,3.2313259919484456,-1.0
0.014060779334977269,0.0042837597662583,29,0.18369541713036597,0.0007122365700810271,7,20.00000003973643,3.1682178274790447,-1.0
0.013591362326405943,0.004170513665303588,30,0.1778432079590857,0.0006944282990207196,7,18.916666666666668,3.166876624425252,-1.0
0.013557467586360871,0.004165477911010384,31,0.17739852890372276,0.0006763279432533592,7,19.58333335320155,3.121762851079305,-1.0
0.013916749600321054,0.004258556012064219,32,0.18196056806482375,0.0006579634122155992,7,20.333333373069763,3.078766304651896,-1.0
0.012256120378151537,0.004402440623380244,33,0.1667989711277187,0.000639363022683212,7,21.333333373069763,3.0141314951578777,-1.0
0.014213206130079925,0.004969974677078426,34,0.19204276613891125,0.0006205554551086735,7,23.416666666666668,2.979357608159383,-1.0
0.012030449649319052,0.00441895485855639,35,0.16470660408958793,0.0006015697093979838,7,21.66666668653488,3.0086711088816327,-1.0
0.010982786957174539,0.006714257341809571,36,0.17713373992592096,0.0005824350601949146,7,22.833333333333332,3.0076873524983725,-1.0
0.014768794714473187,0.004572932492010295,37,0.19363983697257936,0.0005631810117416299,7,22.50000003973643,2.956992696126302,-1.0
0.010869536665268242,0.004454696038737893,38,0.1534485570155084,0.0005438372523852835,7,23.41666668653488,2.914780658086141,-1.0
0.010771463508717716,0.003182096197269857,39,0.13970050495117903,0.0005244336088007391,7,23.833333333333332,2.9133746369679767,-1.0
0.011119332257658243,0.006295804027467966,40,0.17431657086126506,0.0005050000000000001,7,25.50000003973643,2.876852340698242,-1.0
0.011732775624841452,0.004010725277476012,41,0.15760342287831008,0.0004855663911992613,7,24.833333333333332,2.8398666095733645,-1.0
0.01527604996226728,0.005790998134762049,42,0.21091199503280222,0.00046616274761471693,7,24.333333373069763,2.8431617991129556,-1.0
0.011148316878825426,0.004280309728346765,43,0.15451557002961636,0.00044681898825837057,7,24.75,2.8338537375132242,-1.0
0.011324047297239303,0.005976208206266165,44,0.17316567013040185,0.000427564939805086,7,26.250000019868214,2.8067573833465578,-1.0
0.010960863018408418,0.003799402480944991,45,0.14776980597525835,0.00040843029060201667,7,26.583333373069763,2.7460856596628824,-1.0
0.009769415576010942,0.0053870675154030325,46,0.1517331451177597,0.000389444544891327,7,25.00000003973643,2.7570184803009035,-1.0
0.012027851049788296,0.004603088041767478,47,0.16647956683300436,0.0003706369773167883,7,26.833333373069763,2.727105328241984,-1.0
0.011318952403962612,0.005690203397534788,48,0.17026104289107025,0.0003520365877844012,7,25.833333412806194,2.7353462473551433,-1.0
0.014272107649594546,0.005427848850376904,49,0.1971965809352696,0.0003336720567466412,7,27.166666706403095,2.709231030146281,-1.0
0.011195416329428554,0.004746726062148809,50,0.15962666203267872,0.0003155717009792807,7,26.750000019868214,2.7140534941355385,-1.0
0.013964803353883327,0.004864493757486344,51,0.18849233188666403,0.00029776342991897335,7,28.916666666666668,2.6723533630371095,-1.0
0.008868731930851937,0.00409971927292645,52,0.12985875504091382,0.00028027470262892445,7,28.50000003973643,2.6786627674102785,-1.0
0.011368315480649472,0.004147350625135005,53,0.1552962709683925,0.0002631324854590073,7,29.333333373069763,2.613920590082804,-1.0
0.011915633548051119,0.005499380244873464,54,0.17431303393095732,0.0002463632104656054,7,27.666666746139526,2.6736576239267986,-1.0
0.014384071668609976,0.0031425760360434653,55,0.17543158517219126,0.0002299927346552969,7,29.25,2.5878151162465413,-1.0
0.013105731713585556,0.00378966077696532,56,0.16915259300731122,0.00021404630011522587,7,31.166666666666668,2.559589293797811,-1.0
0.014915768220089377,0.004560853098519146,57,0.19501385488547385,0.00019854849509163232,7,31.50000003973643,2.560006332397461,-1.0
0.013517721043899655,0.0049930160632357,58,0.185381222050637,0.00018352321607655918,7,27.916666746139526,2.6231260395050047,-1.0
0.01456649200990796,0.00469669837038964,59,0.19289832399226725,0.00016899363096119395,7,31.583333412806194,2.498485638300578,-1.0
0.012262671953067183,0.0028273029485717414,60,0.1511097541078925,0.000154982143312659,7,31.416666706403095,2.5276657072703044,-1.0
0.013289688969962299,0.004114249022677541,61,0.17421675682999194,0.0001415103578293356,7,32.50000007947286,2.535986483891805,-1.0
0.0091316276229918,0.0044206862803548574,62,0.13565646903589368,0.0001285990470279847,7,31.166666666666668,2.5226710764567057,-1.0
0.011209292989224195,0.004229826712980866,63,0.15449297009035945,0.0001162681192140312,7,30.833333333333332,2.511511713663737,-1.0
0.009865081147290766,0.0040620943531394,64,0.1393720859196037,0.00010453658778440107,7,31.166666666666668,2.513195292154948,-1.0
0.013546759728342295,0.004183939378708601,65,0.1774395799729973,9.342254191024022e-05,7,30.25,2.5166429805755617,-1.0
0.011037267721258104,0.004354708082973957,66,0.15406329394318163,8.294311864472437e-05,7,34.083333333333336,2.4800935331980387,-1.0
0.013064829795621336,0.0041134216822683815,67,0.17188453814014792,7.311447649896551e-05,7,32.666666746139526,2.4673598512013752,-1.0
0.011071725329384208,0.004045643680728972,68,0.15127521101385355,6.395177052675794e-05,7,31.583333373069763,2.493106940587362,-1.0
0.009544097119942307,0.004102741670794785,69,0.13657479803077877,5.546912895658472e-05,7,32.333333353201546,2.492358503341675,-1.0
0.00801468922290951,0.005891753989271819,70,0.13916422193869948,4.767963140691306e-05,7,31.166666666666668,2.490738852818807,-1.0
0.010285191563889384,0.004177282634191215,71,0.14475861401297152,4.059528871837034e-05,7,31.583333373069763,2.51922119140625,-1.0
0.012106624129228295,0.003597811283543706,72,0.15720766014419496,3.4227024433899e-05,7,32.50000007947286,2.4452586364746094,-1.0
0.009935796284116805,0.004183364706113935,73,0.14135753898881376,2.8584657955444653e-05,7,31.5,2.4746260611216226,-1.0
0.01374958346132189,0.004107961244881153,74,0.1787436690647155,2.367688940315011e-05,7,31.75,2.5045005798339846,-1.0
0.010393958026543259,0.004595670686103404,75,0.15006924699991941,1.951128620040094e-05,7,34.66666668653488,2.4188685830434165,-1.0
0.014369781827554107,0.004622094077058136,76,0.1901285641361028,1.6094271405406862e-05,7,32.916666746139526,2.464484453201294,-1.0
0.009286228846758605,0.004215312446467579,77,0.13520933501422405,1.3431113807311488e-05,7,31.00000003973643,2.470871238708496,-1.0
0.011558613181114197,0.004093219013884664,78,0.1566498689353466,1.1525919802101659e-05,7,32.333333333333336,2.489709882736206,-1.0
0.013736293325200677,0.004147174069657922,79,0.17903079907409847,1.0381627060842164e-05,7,31.583333412806194,2.4724515660603843,-1.0
0.011541660595685243,0.0042646087938919665,80,0.15823865798301995,1e-05,7,33.1666667064031,2.455021006266276,-1.0
0.011786567618731748,0.023723021467131646,1,0.39074528007768095,0.000999618372939158,8,1.4615384615384615,4.968565958463229,-1.0
0.00962496218694882,0.0024399383586238732,2,0.13284233887679875,0.0009984740801978985,8,1.7692307692307692,4.562700567979079,-1.0
0.011104820677163925,0.003916698507964611,3,0.1654163608327508,0.0009965688861926887,8,3.538461540754025,4.488502106299767,-1.0
0.012031373927708377,0.0038670900658789005,4,0.17509117699228227,0.0009939057285945933,8,3.461538470708407,4.415153243725117,-1.0
0.014589788349853321,0.0038425313859162006,5,0.20297510805539787,0.0009904887137995992,8,4.384615384615385,4.298835637019231,-1.0
0.013987759551541372,0.003841366089711135,6,0.19639241113327444,0.00098632311059685,8,4.8461538553237915,4.247905651972844,-1.0
0.014342609157955105,0.0038647177544507113,7,0.2005812879651785,0.0009814153420445555,8,6.076923079215563,4.116677432427039,-1.0
0.01506231765432114,0.0024652999656444245,8,0.19304135092534125,0.0009757729755661012,8,7.07692307806932,4.0453562589792105,-1.0
0.014376317256722938,0.0035879094661636786,9,0.19788466300815344,0.0009694047112816298,8,7.5384615407540245,3.9682389941582312,-1.0
0.01489765743132342,0.00408700893802399,10,0.20911762001924217,0.0009623203685930871,8,9.38461539378533,3.939521857041579,-1.0
0.014991153391416778,0.003987738883800127,11,0.20904182689264417,0.0009545308710434153,8,7.692307693453936,3.9134594741234414,-1.0
0.014105693902820349,0.004028527468273585,12,0.19980829395353794,0.0009460482294732422,8,8.461538463830948,3.8857309180039628,-1.0
0.014394936003637586,0.0041919111655178394,13,0.20467146392911673,0.0009368855235010348,8,9.307692309984795,3.810978159537682,-1.0
0.014756495831534266,0.004056898347864097,14,0.20715460693463683,0.0009270568813552758,8,9.307692309984795,3.80319880265456,-1.0
0.014762062473561276,0.0037519606253640218,15,0.20390522293746471,0.0009165774580897602,8,10.076923079215563,3.7458199383662296,-1.0
0.01495764182287861,0.00380127680149268,16,0.2066395829897374,0.0009054634122155992,8,11.38461539378533,3.6856785231370193,-1.0
0.013165822718292475,0.004345956279642202,17,0.19291278487071395,0.0008937318807859689,8,10.384615386907871,3.6887336620917686,-1.0
0.012678265762092038,0.003868317591365088,18,0.18221460096538067,0.0008814009529720156,8,11.53846154304651,3.650382736646212,-1.0
0.012530603975226933,0.0039211012084375725,19,0.18116176687180996,0.0008684896421706646,8,12.615384624554562,3.580763692122239,-1.0
0.011289932405237447,0.005017820047214627,20,0.17954812105745077,0.0008550178566873412,8,12.30769230883855,3.5718747667165904,-1.0
0.00993388283743777,0.003939278614283962,21,0.1527338798623532,0.0008410063690388064,8,14.000000004584972,3.5510706505408653,-1.0
0.011116887612098997,0.0037491419352591038,22,0.16368430177681148,0.0008264767839234412,8,13.000000009169945,3.503773194092971,-1.0
0.012186450989578258,0.003884151196953925,23,0.17697086581028998,0.000811451504908368,8,14.000000002292486,3.4601508947519157,-1.0
0.013231537537649274,0.0042757052843543615,24,0.19277435494586825,0.0007959536998847743,8,14.000000009169945,3.466369816706731,-1.0
0.010321823816577142,0.0032644079024480147,25,0.14965530880726874,0.0007800072653447032,8,15.53846154304651,3.421368970870972,-1.0
0.011735162549567494,0.003618699371476065,26,0.16904717311263084,0.0007636367895343947,8,15.461538466123434,3.3698949263646054,-1.0
0.01037842202508314,0.002832857786085118,27,0.14549336186610162,0.0007468675145409928,8,15.692307701477638,3.3516209543668305,-1.0
0.0103447357065637,0.003533776383846998,28,0.15280790906399488,0.0007297252973710758,8,15.461538463830948,3.3440696364182694,-1.0
0.009982747745446184,0.0028533233456652274,29,0.14134613703936338,0.0007122365700810271,8,16.153846163016098,3.348847891000601,-1.0
0.009417511692101305,0.0028403083031827755,30,0.13495882390998304,0.0006944282990207196,8,17.153846153846153,3.2646169801858753,-1.0
0.010266197527843442,0.0025453484744172206,31,0.14105282491073012,0.0006763279432533592,8,16.307692309984795,3.2811388221153845,-1.0
0.009846218057315458,0.0025591555855829606,32,0.1365973378997296,0.0006579634122155992,8,15.846153855323792,3.2534792137146,-1.0
0.01150158221240748,0.004935434236275879,33,0.18099481402896345,0.000639363022683212,8,16.000000002292488,3.2735224313002367,-1.0
0.009909491541541436,0.0026584363711828537,34,0.13840800896286964,0.0006205554551086735,8,17.07692308609302,3.2377316526266244,-1.0
0.011804674265228889,0.003717213742096316,35,0.17089401790872216,0.0006015697093979838,8,19.153846163016098,3.202905555138221,-1.0
0.012103515909984708,0.003172568807547743,36,0.1682259850203991,0.0005824350601949146,8,19.461538463830948,3.153012015269353,-1.0
0.014724662993103266,0.0028097859202799473,37,0.1931109968572855,0.0005631810117416299,8,18.538461543046513,3.193573655348558,-1.0
0.009701905645091425,0.005636172093959017,38,0.1689458880573511,0.0005438372523852835,8,19.923076927661896,3.1444329379155085,-1.0
0.010902162493121896,0.0030734816947105255,39,0.15385268698446453,0.0005244336088007391,8,18.61538461996959,3.1661946450746976,-1.0
0.01528824838301675,0.0040290890557860785,40,0.2126854748930782,0.0005050000000000001,8,20.07692308609302,3.082398022871751,-1.0
0.011736079182645137,0.005227245644412257,41,0.18683110503479838,0.0004855663911992613,8,19.153846163016098,3.116529070047232,-1.0
0.01476086627437987,0.0032286465337330646,42,0.19810852804221213,0.00046616274761471693,8,19.153846153846153,3.156139667217548,-1.0
0.014243349411778829,0.003696984124623916,43,0.19762085611000657,0.00044681898825837057,8,21.230769239939175,3.085006644175603,-1.0
0.015420562608844855,0.002579182026569139,44,0.19826365099288523,0.000427564939805086,8,21.38461538690787,3.060379262337318,-1.0
0.015081789577379823,0.004763504151593555,45,0.21862260904163122,0.00040843029060201667,8,21.769230778400715,3.0288275161156286,-1.0
0.015213683268732646,0.004239994376389818,46,0.21427200688049197,0.000389444544891327,8,21.846153846153847,3.020902241193331,-1.0
0.015020056670023636,0.002648206681690433,47,0.1946233669295907,0.0003706369773167883,8,23.076923076923077,3.0110917296776405,-1.0
0.014993657209825787,0.004672737326472998,48,0.21662031603045762,0.0003520365877844012,8,20.61538462455456,3.032996449837318,-1.0
0.01454595770602199,0.0038195949217135258,49,0.20229284698143601,0.0003336720567466412,8,22.923076932246868,2.98304825929495,-1.0
0.012204046974974599,0.0025241746651855383,50,0.1622398430481553,0.0003155717009792807,8,23.000000002292488,2.9801103100409874,-1.0
0.011415482541038231,0.005677748196335001,51,0.18819932895712554,0.00029776342991897335,8,22.61538461996959,2.9750404460613544,-1.0
0.015141557648100636,0.003708591451868415,52,0.20757058914750814,0.00028027470262892445,8,23.384615384615383,2.9397656029921313,-1.0
0.014916794226420197,0.004307786870578473,53,0.21174578601494431,0.0002631324854590073,8,23.692307692307693,2.9416911447965184,-1.0
0.014997248791835525,0.0036614680324088445,54,0.20551891485229135,0.0002463632104656054,8,22.846153846153847,2.9196168386019195,-1.0
0.015789069891483945,0.003206202019514008,55,0.20922623784281313,0.0002299927346552969,8,23.384615384615383,2.8957659207857573,-1.0
0.015014001041312109,0.004751104332337325,56,0.217698393156752,0.00021404630011522587,8,25.000000009169945,2.8742493372697098,-1.0
0.014291924487968738,0.004212511068379337,57,0.20384547696448863,0.00019854849509163232,8,25.0,2.8693794617286095,-1.0
0.014630575389177962,0.004207280422137542,58,0.2074926500208676,0.00018352321607655918,8,25.076923076923077,2.8721877817007213,-1.0
0.012905904769220135,0.003812375690110705,59,0.1841352260671556,0.00016899363096119395,8,23.000000002292488,2.9067328827197736,-1.0
0.012494450689039448,0.003662078853019259,60,0.17791236098855734,0.000154982143312659,8,25.846153864493736,2.833927824313824,-1.0
0.012528695589439436,0.0036785928532481194,61,0.178480613976717,0.0001415103578293356,8,25.384615402955276,2.838598796404325,-1.0
0.014502383620393548,0.00463575719517063,62,0.21077629388310015,0.0001285990470279847,8,24.61538462455456,2.858962942270132,-1.0
0.015306335577571934,0.004019494697620923,63,0.212875260040164,0.0001162681192140312,8,25.846153846153847,2.843716737307035,-1.0
0.015277277466587046,0.0027287605387920685,64,0.19835967919789255,0.00010453658778440107,8,24.461538462684704,2.850940879675058,-1.0
0.012359700800681656,0.004530668110502037,65,0.18604703806340694,9.342254191024022e-05,8,26.38461539378533,2.856437118970431,-1.0
0.014104793081060052,0.0027075540062717414,66,0.18512495211325586,8.294311864472437e-05,8,26.076923076923077,2.8053754359025223,-1.0
0.013044994366778568,0.002567441456697204,67,0.1719252581242472,7.311447649896551e-05,8,26.230769235354202,2.7605364058567927,-1.0
0.015156083401631226,0.004092674406076019,68,0.21196487895213068,6.395177052675794e-05,8,25.61538460621467,2.787054115442129,-1.0
0.015314973340454426,0.002695924560116096,69,0.19839528109878302,5.546912895658472e-05,8,26.538461547631485,2.810939000936655,-1.0
0.013594058744440024,0.0026532023383135147,70,0.17895474494434893,4.767963140691306e-05,8,24.84615385073882,2.7918237766852747,-1.0
0.012168235357173464,0.002505315383049575,71,0.1616027089767158,4.059528871837034e-05,8,25.538461547631485,2.8565041182591364,-1.0
0.011925875463268974,0.0038914464371786876,72,0.17417660099454224,3.4227024433899e-05,8,26.46153847070841,2.795596499809852,-1.0
0.011683265382254665,0.0036125579764219847,73,0.16844253987073898,2.8584657955444653e-05,8,25.923076923076923,2.81891108586238,-1.0
0.012165252563797614,0.003888728710907427,74,0.17678281804546714,2.367688940315011e-05,8,27.000000004584972,2.756210255256066,-1.0
0.013164475581354716,0.0037792732261798597,75,0.18657233496196568,1.951128620040094e-05,8,25.84615385532379,2.7890707874298095,-1.0
0.01447961191562089,0.0040003673427484255,76,0.20351310190744698,1.6094271405406862e-05,8,26.30769230883855,2.79858361024123,-1.0
0.012769155648790977,0.004293843257156285,77,0.1879297038540244,1.3431113807311488e-05,8,27.000000009169945,2.7435197573441727,-1.0
0.014303755628961053,0.003872886469418352,78,0.20016530714929104,1.1525919802101659e-05,8,26.615384615384617,2.7852217234097996,-1.0
0.013326920759440824,0.004884349796074358,79,0.200575633905828,1.0381627060842164e-05,8,28.076923079215565,2.741277770262498,-1.0
0.01408511406572705,0.0058389331256462765,80,0.21939321304671466,1e-05,8,26.076923076923077,2.786696588076078,-1.0
0.012551900422708555,0.021576894574205984,1,0.3755715780425817,0.000999618372939158,9,1.7142857217362948,4.9252654021126885,-1.0
0.01105469501238655,0.003671892728148536,2,0.16216631582938135,0.0009984740801978985,9,2.1428571535008296,4.570002779279436,-1.0
0.012621691619808023,0.0036798189182511783,3,0.17944789305329323,0.0009965688861926887,9,2.142857162015779,4.529730758666992,-1.0
0.014865079450167039,0.004122792997143485,4,0.20906453393399715,0.0009939057285945933,9,3.071428582072258,4.44863561630249,-1.0
0.012678841298276728,0.003886483080515807,5,0.182463136035949,0.0009904887137995992,9,5.500000017029898,4.36394811630249,-1.0
0.01541163641112772,0.0038915317590263758,6,0.21257119509391487,0.00098632311059685,9,5.14285717691694,4.235049517495292,-1.0
0.014755060303617607,0.004136804046786644,7,0.20807022787630558,0.0009814153420445555,9,6.357142925262451,4.158736738477434,-1.0
0.015602711842141369,0.0025481886061077767,8,0.19994058716110885,0.0009757729755661012,9,7.000000010643687,4.091444620404925,-1.0
0.014804192522371357,0.00447413547557186,9,0.2122843130491674,0.0009694047112816298,9,7.428571500948498,3.987085657119751,-1.0
0.014664216623218223,0.004764506551013751,10,0.21399909118190408,0.0009623203685930871,9,8.500000034059797,3.9086047526768275,-1.0
0.011695012979378755,0.0027041769247840752,11,0.15856838482432067,0.0009545308710434153,9,8.5000000170299,3.9036586107526507,-1.0
0.010198279093442992,0.004269991726191206,12,0.15928368805907667,0.0009460482294732422,9,9.857142857142858,3.834093533924648,-1.0
0.014091062804006717,0.0041197302793575955,13,0.20051682088524103,0.0009368855235010348,9,10.285714315516609,3.7707849189213345,-1.0
0.014062050264328718,0.004113828551701524,14,0.20017120195552707,0.0009270568813552758,9,9.785714285714286,3.7353018529074533,-1.0
0.014084677973931486,0.0041161610067568044,15,0.20044845901429653,0.0009165774580897602,9,10.500000072377068,3.6967301627567837,-1.0
0.014234216164120218,0.0043872769244692545,16,0.20509977010078728,0.0009054634122155992,9,11.428571454116277,3.6426616627829413,-1.0
0.013798348901962692,0.003917944363572381,17,0.1951369030866772,0.0008937318807859689,9,11.928571428571429,3.643887767791748,-1.0
0.014334738042882898,0.0037447847849266095,18,0.19914223300293088,0.0008814009529720156,9,12.142857219491686,3.5589486598968505,-1.0
0.014579725134271112,0.003811970501291481,19,0.20256255380809307,0.0008684896421706646,9,13.00000011920929,3.5393471922193256,-1.0
0.013721168887886133,0.0035478582775050945,20,0.19019836885854602,0.0008550178566873412,9,12.428571496691022,3.501169855935233,-1.0
0.014007771197198466,0.0038433391812511468,21,0.19661609502509236,0.0008410063690388064,9,14.285714404923576,3.4547371087755474,-1.0
0.01388403170064769,0.004054623846472664,22,0.19756159582175314,0.0008264767839234412,9,14.92857153926577,3.427377139500209,-1.0
0.014077451376413757,0.004219404442913153,23,0.20150066702626646,0.000811451504908368,9,14.428571462631226,3.3785655893598285,-1.0
0.013973812932487239,0.003892755982550708,24,0.19677969021722674,0.0007959536998847743,9,14.142857253551483,3.3641993917737687,-1.0
0.014213177121498367,0.0025682077870111575,25,0.1848448198288679,0.0007800072653447032,9,17.21428578240531,3.327772181374686,-1.0
0.013839851260523905,0.0041684115474874325,26,0.1983335658442229,0.0007636367895343947,9,17.214285799435206,3.3003770583016534,-1.0
0.013891449706120924,0.0037050704598765483,27,0.19380477699451149,0.0007468675145409928,9,17.428571479661123,3.2902952589307515,-1.0
0.011551908534866843,0.003159816101701422,28,0.16203002398833632,0.0007297252973710758,9,16.642857172659465,3.242417463575091,-1.0
0.01499997138638388,0.003792201422832229,29,0.20693532400764525,0.0007122365700810271,9,18.428571539265768,3.207530735560826,-1.0
0.009967474690215155,0.0038104644045233727,30,0.15175962494686246,0.0006944282990207196,9,19.357142950807297,3.18375506401062,-1.0
0.01249944734048437,0.004931518469344486,31,0.19187311199493706,0.0006763279432533592,9,19.857143010411942,3.159263936451503,-1.0
0.011019147678532383,0.0027989718682047996,32,0.1521699409931898,0.0006579634122155992,9,19.071428614003317,3.14117953981672,-1.0
0.010194955647669056,0.004144653995436701,33,0.1579149658791721,0.000639363022683212,9,18.285714353833878,3.1019920267377583,-1.0
0.015232971001585776,0.004101366651329127,34,0.21290310379117727,0.0006205554551086735,9,19.714285824980056,3.0807885810307094,-1.0
0.013214282522147352,0.002522652122107419,35,0.17333599599078298,0.0006015697093979838,9,21.357142976352147,3.0574038641793386,-1.0
0.01106404324739494,0.0032574929169971833,36,0.15771747892722487,0.0005824350601949146,9,20.714285824980056,3.056477174758911,-1.0
0.013943944105201146,0.004316626709293236,37,0.20106394705362618,0.0005631810117416299,9,21.785714421953475,2.978567567552839,-1.0
0.012441749430515549,0.0026247409299354663,38,0.16590099898166955,0.0005438372523852835,9,20.142857245036534,2.999797224317278,-1.0
0.015140489611605351,0.0043844052124768496,39,0.2149729528464377,0.0005244336088007391,9,22.21428578240531,2.9512369428362164,-1.0
0.015424644997851416,0.0030436716465787454,40,0.2033740181941539,0.0005050000000000001,9,21.57142868212291,2.9715106991359166,-1.0
0.01486302340741862,0.00277233932336623,41,0.19425957603380084,0.0004855663911992613,9,24.07142870766776,2.9217649527958462,-1.0
0.014853996203534982,0.0026913567192175174,42,0.193267866037786,0.00046616274761471693,9,23.500000051089696,2.884720355442592,-1.0
0.015359809452837164,0.0027099917431107974,43,0.19904308579862118,0.00044681898825837057,9,24.14285718543189,2.8993230193001884,-1.0
0.01541988682848486,0.0035852028099312024,44,0.20932958810590208,0.000427564939805086,9,24.571428724697657,2.850827090399606,-1.0
0.015381187750873241,0.0037424482447518544,45,0.21063637197948992,0.00040843029060201667,9,24.28571436234883,2.8612180273873467,-1.0
0.012408076891336928,0.004471068926663561,46,0.18590560811571777,0.000389444544891327,9,25.85714295932225,2.807363222667149,-1.0
0.015016134256835689,0.002601305911825462,47,0.19400298898108304,0.0003706369773167883,9,24.50000011920929,2.8162618923187255,-1.0
0.014606495303186503,0.004038340962407264,48,0.20534574799239635,0.0003520365877844012,9,26.07142871618271,2.778390223639352,-1.0
0.015048708745532414,0.0027277939952909946,49,0.19581110612489283,0.0003336720567466412,9,27.50000022138868,2.746466430936541,-1.0
0.014339690414172683,0.004154906227168712,50,0.20369548699818552,0.0003155717009792807,9,26.928571479661123,2.749852363041469,-1.0
0.013130266917869449,0.002768017986620014,51,0.1751064930576831,0.00029776342991897335,9,26.500000068119594,2.755043374470302,-1.0
0.010863697219809348,0.00262182087383487,52,0.14850063994526863,0.00028027470262892445,9,25.571428665093013,2.7505543695177352,-1.0
0.014872119719670578,0.00387623472223905,53,0.20642982586286962,0.0002631324854590073,9,25.714285816465104,2.7265136786869593,-1.0
0.013592943083494902,0.0026738356417891655,54,0.17914210795424879,0.0002463632104656054,9,29.14285717691694,2.6334867327553884,-1.0
0.015236703954129056,0.0026222162414342165,55,0.19667153805494308,0.0002299927346552969,9,29.00000011920929,2.6602014582497735,-1.0
0.014643733791837638,0.0026932845781133933,56,0.19094492914155126,0.00021404630011522587,9,28.928571462631226,2.6618990339551654,-1.0
0.014436573001810095,0.004074720454148271,57,0.20388019201345742,0.00019854849509163232,9,27.785714319774083,2.637110571180071,-1.0
0.0149614211298864,0.0026657952376726,58,0.19417898985557258,0.00018352321607655918,9,28.78571449007307,2.664299714224679,-1.0
0.014800099401988766,0.0026669533161277122,59,0.19239718979224563,0.00016899363096119395,9,28.214285952704294,2.62212406703404,-1.0
0.014649734176187352,0.002620532727715644,60,0.1902598380111158,0.000154982143312659,9,29.142857262066432,2.608830687659127,-1.0
0.01537315270186148,0.0026799100239507175,61,0.198824652004987,0.0001415103578293356,9,30.214285833495005,2.5938052926744732,-1.0
0.014541290615769949,0.004397465191273527,62,0.20857176301069558,0.0001285990470279847,9,28.785714507102966,2.606105534689767,-1.0
0.014624277828261256,0.003689138896085999,63,0.2016582798678428,0.0001162681192140312,9,29.35714307853154,2.560078671319144,-1.0
0.015683126360685987,0.003757577368312261,64,0.21406255406327546,0.00010453658778440107,9,29.214285918644496,2.5985982758658275,-1.0
0.012464871608906171,0.003830056298862804,65,0.17947111907415092,9.342254191024022e-05,9,30.64285727909633,2.510343322753906,-1.0
0.011031175857748498,0.0030260767618363552,66,0.1547969609964639,8.294311864472437e-05,9,31.285714473043168,2.5233446734292166,-1.0
0.014789790994572368,0.004485298371450467,67,0.2122421278618276,7.311447649896551e-05,9,29.285714319774083,2.5633597591945105,-1.0
0.014639285901053385,0.003869496180083264,68,0.2038721269927919,6.395177052675794e-05,9,30.071428605488368,2.5619236496516637,-1.0
0.01386943201280453,0.0027070217130875044,69,0.182592969853431,5.546912895658472e-05,9,31.571428622518265,2.5159569781167166,-1.0
0.015588520539247176,0.003823318730362437,70,0.21378294192254543,4.767963140691306e-05,9,32.07142872469766,2.50726508140564,-1.0
0.015310853910209104,0.0027291378937661648,71,0.1987110369373113,4.059528871837034e-05,9,31.785714387893677,2.502415113449097,-1.0
0.015171143014661291,0.003989759980785576,72,0.21102433605119586,3.4227024433899e-05,9,30.642857245036534,2.521468688419887,-1.0
0.015047943558205257,0.002613863442093134,73,0.19453316810540855,2.8584657955444653e-05,9,31.000000051089696,2.506865059988839,-1.0
0.0136992086825723,0.002783516760576855,74,0.1815525940619409,2.367688940315011e-05,9,31.500000051089696,2.4992078345162527,-1.0
0.014892295595597137,0.003785944501446052,75,0.205695423996076,1.951128620040094e-05,9,30.000000153269088,2.499367949622018,-1.0
0.015031789238987998,0.002605977849188176,76,0.1942542369943112,1.6094271405406862e-05,9,30.000000272478378,2.524451148169381,-1.0
0.014155701141465794,0.0027320485943081703,77,0.1860017718281597,1.3431113807311488e-05,9,32.07142863954817,2.507937624795096,-1.0
0.014569069068370894,0.004340778295458717,78,0.20818600803613663,1.1525919802101659e-05,9,30.357143112591334,2.5447914355141776,-1.0
0.009881815216927365,0.0045028910548849535,79,0.15833326196298003,1.0381627060842164e-05,9,31.714285952704294,2.505401402882167,-1.0
0.009337491779164835,0.003873702413825826,80,0.14542781305499375,1e-05,9,32.2142858505249,2.5008602251325334,-1.0
0.012116552718604604,0.020024373875154804,1,0.3858093561138958,0.000999618372939158,10,1.4666666691501935,5.526260428110758,-1.0
0.014426714915316552,0.0036803369293920696,2,0.2175001271534711,0.0009984740801978985,10,1.66666666790843,4.562651037851969,-1.0
0.015184323788465312,0.004121242886564384,3,0.23187776701524854,0.0009965688861926887,10,2.8666666691501934,4.485651365915934,-1.0
0.01196007001757001,0.003466350977153828,4,0.18533477908931673,0.0009939057285945933,10,3.9333333313465118,4.38974219640096,-1.0
0.009214813510576883,0.0044975293179353075,5,0.1646971481386572,0.0009904887137995992,10,5.333333345254262,4.299095868428548,-1.0
0.00990086751213918,0.003691369066170106,6,0.16321126488037407,0.00098632311059685,10,5.533333338300387,4.234494152069092,-1.0
0.011014160855362812,0.002716378561065843,7,0.16489948285743594,0.0009814153420445555,10,6.000000002483527,4.133061840057373,-1.0
0.008635420507440964,0.004332840656085561,8,0.1557674971409142,0.0009757729755661012,10,6.866666678587595,4.0506902580261235,-1.0
0.01014212315203622,0.0023481103514010706,9,0.1499865180812776,0.0009694047112816298,10,6.333333343267441,3.9969269243876138,-1.0
0.008618075982667506,0.0038526840896035233,10,0.14975261595100164,0.0009623203685930871,10,8.799999994039535,3.921205396652222,-1.0
0.009673673387927314,0.0029323373455554247,11,0.1513780988752842,0.0009545308710434153,10,7.4666666766007745,3.9079889316558836,-1.0
0.008535387518350035,0.002911117897989849,12,0.13746852101758122,0.0009460482294732422,10,9.533333357175191,3.854840899149577,-1.0
0.00965660335108017,0.0027122117268542447,13,0.14852814516052604,0.0009368855235010348,10,9.866666676600774,3.791792070388794,-1.0
0.010481724709582826,0.0036467802904856703,14,0.1696721948683262,0.0009270568813552758,10,10.26666664282481,3.7753338209788003,-1.0
0.013702915302322557,0.004264967865310609,15,0.21581337717361748,0.0009165774580897602,10,10.600000051657359,3.6979383068084717,-1.0
0.01181145633260409,0.002663136168848723,16,0.17393292696215212,0.0009054634122155992,10,10.999999996026357,3.6964151961008707,-1.0
0.01309551977707694,0.0036247122140290835,17,0.20080830180086195,0.0008937318807859689,10,12.800000009934108,3.6355356464385986,-1.0
0.014525416345956424,0.0038460366583118835,18,0.22067178809083998,0.0008814009529720156,10,12.199999992052714,3.65265967241923,-1.0
0.011978333912945041,0.004167554841842502,19,0.19397424114868045,0.0008684896421706646,10,11.799999994039535,3.6345747032165527,-1.0
0.014290151826571673,0.003489197096011291,20,0.21355686406604946,0.0008550178566873412,10,13.133333384990692,3.5292106081644694,-1.0
0.01428845850750804,0.004244895244482905,21,0.22265444789081812,0.0008410063690388064,10,14.133333309491475,3.4846292355855306,-1.0
0.012601305226174494,0.003418340270097057,22,0.19244879600591958,0.0008264767839234412,10,13.933333321412404,3.438374668757121,-1.0
0.010780176089610904,0.004188117493564884,23,0.1797881571110338,0.000811451504908368,10,16.33333338499069,3.4199138634999593,-1.0
0.012192607954299698,0.003717386027953277,24,0.19108146103098989,0.0007959536998847743,10,14.266666690508524,3.4357038599650065,-1.0
0.01206512925758337,0.003310741080592076,25,0.18467741482891142,0.0007800072653447032,10,14.666666690508524,3.4113812605539957,-1.0
0.011474293811867634,0.004254332510754466,26,0.1889125609304756,0.0007636367895343947,10,15.333333384990691,3.3775212841033935,-1.0
0.012167098039450744,0.003399983785736064,27,0.1869751368649304,0.0007468675145409928,10,16.46666665871938,3.300849489847819,-1.0
0.00946857143814365,0.0037548168911598623,28,0.15882009989582002,0.0007297252973710758,10,16.800000019868214,3.2661222139994304,-1.0
0.009227328700944781,0.0030628544627688825,29,0.14758263994008303,0.0007122365700810271,10,18.20000002384186,3.233107416788737,-1.0
0.008720340226621678,0.0027503963598671057,30,0.1377521948888898,0.0006944282990207196,10,18.533333349227906,3.196032304763794,-1.0
0.010821288684383035,0.0038013311568647623,31,0.17560004000552,0.0006763279432533592,10,17.733333333333334,3.190308879852295,-1.0
0.013684747643613568,0.003725756522423277,32,0.20912763196974993,0.0006579634122155992,10,17.666666702429453,3.236646670659383,-1.0
0.01412249137259399,0.0037751556180107095,33,0.21501556993462145,0.000639363022683212,10,19.000000063578288,3.1324090932210287,-1.0
0.010754041645365456,0.003546453022863716,34,0.1718164519406855,0.0006205554551086735,10,19.533333321412403,3.1415747877756757,-1.0
0.012155357922893018,0.0035509554824481406,35,0.18864490604028106,0.0006015697093979838,10,18.73333332737287,3.170844294865926,-1.0
0.014169934244515995,0.0035605482601871095,36,0.2129717890638858,0.0005824350601949146,10,21.933333349227905,3.064860652287801,-1.0
0.010321161263467124,0.003212006743221233,37,0.16258966410532594,0.0005631810117416299,10,18.933333384990693,3.1236993350982667,-1.0
0.010006792765731612,0.0036696646517763534,38,0.16421973309479654,0.0005438372523852835,10,19.19999998807907,3.1052447344462077,-1.0
0.015369653992820531,0.003745163072987149,39,0.22955503198318183,0.0005244336088007391,10,20.866666642824807,3.06029252243042,-1.0
0.015236360331376394,0.0037312146741896868,40,0.2278786520473659,0.0005050000000000001,10,21.33333338499069,2.9898969917297364,-1.0
0.014774601460279277,0.0037208947857531407,41,0.2221940979361534,0.0004855663911992613,10,21.666666702429453,3.009424393335978,-1.0
0.013903001400952538,0.0034680439275689423,42,0.20869179302826524,0.00046616274761471693,10,22.400000047683715,2.987521742502848,-1.0
0.011533881712239236,0.0033560603042133152,43,0.1788829800207168,0.00044681898825837057,10,21.866666702429452,3.0001403020222983,-1.0
0.01240933449783673,0.0036911185015924275,44,0.19336892198771238,0.000427564939805086,10,21.266666686534883,2.9586259326934816,-1.0
0.010158727644011378,0.00329596302860106,45,0.16159367514774203,0.00040843029060201667,10,23.13333336512248,2.9530564765930176,-1.0
0.014376890981414666,0.0046691685177696245,46,0.22872546291910112,0.000389444544891327,10,22.333333337306975,2.91487473487854,-1.0
0.011492475731453547,0.0038654295106728873,47,0.18450133386068046,0.0003706369773167883,10,23.60000006357829,2.888541991551717,-1.0
0.01233230868820101,0.004003720804272841,48,0.19619727204553783,0.0003520365877844012,10,23.600000047683714,2.850671553293864,-1.0
0.01334649541725715,0.0023867472579392293,49,0.18896677414886653,0.0003336720567466412,10,24.266666785875955,2.869302677154541,-1.0
0.014165532328964522,0.0033990970890348158,50,0.21098013105802238,0.0003155717009792807,10,24.53333335320155,2.853069574356079,-1.0
0.01163042455057924,0.003408865110638241,51,0.18067822698503733,0.00029776342991897335,10,24.266666650772095,2.8421540794372557,-1.0
0.01137443226374065,0.004254143917933106,52,0.18770818295888603,0.00028027470262892445,10,26.666666702429453,2.7832813345591227,-1.0
0.012347739092850437,0.0038124400889500976,53,0.1940885209478438,0.0002631324854590073,10,25.133333333333333,2.8612644030253094,-1.0
0.011307926984348645,0.003380332433152944,54,0.17642283905297518,0.0002463632104656054,10,27.0,2.7392278575897215,-1.0
0.014201420339910934,0.0034126106572027006,55,0.21157571393996477,0.0002299927346552969,10,26.466666785875955,2.7557995223999026,-1.0
0.013790100444263468,0.0036838691448792815,56,0.2099361289292574,0.00021404630011522587,10,25.066666654745738,2.798459721883138,-1.0
0.013749217905569822,0.0039154750217373175,57,0.212226650910452,0.00019854849509163232,10,26.6,2.74364551226298,-1.0
0.011009727197233588,0.004248029804633309,58,0.18327085091732442,0.00018352321607655918,10,25.66666669845581,2.7403667132059732,-1.0
0.011157102281382928,0.003240268968511373,59,0.17289740918204188,0.00016899363096119395,10,26.533333381017048,2.7243053124745686,-1.0
0.013888499680130431,0.004088374902494252,60,0.21594102284871042,0.000154982143312659,10,28.13333343664805,2.671939092636108,-1.0
0.013831866420029352,0.002440207482626041,61,0.1955181579105556,0.0001415103578293356,10,28.2,2.674938985824585,-1.0
0.01018884857573236,0.0036993482693408928,62,0.16683101188391447,0.0001285990470279847,10,27.200000003973642,2.7194629669189454,-1.0
0.010836622735951096,0.0028663548485686383,63,0.1645836429670453,0.0001162681192140312,10,25.86666661898295,2.705625368754069,-1.0
0.01037039477766181,0.0030057006321536997,64,0.16070951102301478,0.00010453658778440107,10,28.266666769981384,2.68264883740743,-1.0
0.011516974676245203,0.00362562322213004,65,0.18187611317262053,9.342254191024022e-05,10,27.86666669845581,2.687105728149414,-1.0
0.010900877066887915,0.0033866949185418584,66,0.1716160129290074,8.294311864472437e-05,10,30.066666666666666,2.6341792195638023,-1.0
0.012572097805483887,0.0038355664388897517,67,0.19709711894392967,7.311447649896551e-05,10,28.533333388964333,2.6394320074717204,-1.0
0.013746677315793931,0.004545502519855897,68,0.219701241934672,6.395177052675794e-05,10,29.533333452542625,2.6399056447347005,-1.0
0.014841642327761898,0.00413329858565703,69,0.22794647188857198,5.546912895658472e-05,10,27.400000015894573,2.647503845214844,-1.0
0.01445117200880001,0.004046032573872556,70,0.22221747203730047,4.767963140691306e-05,10,27.800000055631003,2.6593835436503093,-1.0
0.01329651907629644,0.0036770555889233947,71,0.203920021886006,4.059528871837034e-05,10,29.533333452542625,2.6654125029246014,-1.0
0.01453535423691695,0.0038293845136649907,72,0.22062219493091106,3.4227024433899e-05,10,29.600000031789143,2.603158774058024,-1.0
0.014063296238115678,0.0038155054401916764,73,0.21479606698267162,2.8584657955444653e-05,10,29.99999998410543,2.5946394189198814,-1.0
0.014325116508795569,0.0034159431622053185,74,0.21314117894507945,2.367688940315011e-05,10,29.33333340485891,2.616830038706462,-1.0
0.014338856951023141,0.002307313804825147,75,0.20000220206566155,1.951128620040094e-05,10,29.00000003973643,2.5986987737019858,-1.0
0.014280099829193205,0.002277276672733327,76,0.19893675087951124,1.6094271405406862e-05,10,30.266666754086813,2.585937189737956,-1.0
0.014696189415796349,0.0026664606605966887,77,0.20860028499737382,1.3431113807311488e-05,10,29.733333452542624,2.635591007232666,-1.0
0.01349247177131474,0.0038354585606915257,78,0.20814293599687517,1.1525919802101659e-05,10,29.466666666666665,2.6474549147288005,-1.0
0.013800531431722144,0.0027618115612616143,79,0.19894885714165866,1.0381627060842164e-05,10,29.33333338101705,2.61150098101298,-1.0
0.016184288077056408,0.0042088648381953435,80,0.24501051497645676,1e-05,10,29.599999992052712,2.5783836015065513,-1.0
0.01196798195059483,0.018362027055655535,1,0.39441983099095523,0.000999618372939158,11,1.0,4.90931884765625,-1.0
0.011375553207471967,0.0031086504101180113,2,0.1884438309352845,0.0009984740801978985,11,2.0625,4.540194091796875,-1.0
0.01179231395228551,0.002486084820702672,3,0.18575533898547292,0.0009965688861926887,11,3.5625,4.44090576171875,-1.0
0.012425964859385904,0.0028246688978889813,4,0.19844192708842456,0.0009939057285945933,11,4.0,4.329461517333985,-1.0
0.015269239236099215,0.0030464232326127016,5,0.2383268978446722,0.0009904887137995992,11,5.75,4.237142028808594,-1.0
0.014822359250571866,0.0035455032215955164,6,0.23904131189920008,0.00098632311059685,11,6.25,4.163083801269531,-1.0
0.012213855981826782,0.0024569317913399292,7,0.19094751216471195,0.0009814153420445555,11,6.875,4.072718963623047,-1.0
0.012055251335438628,0.003590613961792909,8,0.20356169808655977,0.0009757729755661012,11,8.6875,3.9991375732421877,-1.0
0.01455679933468883,0.003706241581732264,9,0.23762291809543967,0.0009694047112816298,11,8.1875,3.9256756591796873,-1.0
0.013941038471574966,0.00355717152930223,10,0.22772469278424978,0.0009623203685930871,11,8.875,3.8963067626953123,-1.0
0.012953965745579738,0.0021827998750198344,11,0.1969969121273607,0.0009545308710434153,11,9.8125,3.814432373046875,-1.0
0.011350350454449654,0.0039409019339543125,12,0.19895348185673356,0.0009460482294732422,11,10.8125,3.757619705200195,-1.0
0.01186014267687614,0.003207259399529833,13,0.19604289694689214,0.0009368855235010348,11,11.9375,3.707882843017578,-1.0
0.013122627762361215,0.0022928519174456596,14,0.20056885806843638,0.0009270568813552758,11,11.625,3.661396942138672,-1.0
0.01415004557929933,0.003798688260408548,15,0.23356908420100808,0.0009165774580897602,11,11.8125,3.61897705078125,-1.0
0.014176249665279802,0.0035333293311011335,16,0.23049676697701216,0.0009054634122155992,11,11.75,3.591889057159424,-1.0
0.014700281559131466,0.0040243035898758816,17,0.24367224611341953,0.0008937318807859689,11,12.9375,3.5401146697998045,-1.0
0.014576026507151814,0.003984858658021459,18,0.24154362617991865,0.0008814009529720156,11,13.9375,3.526883811950684,-1.0
0.014514160306694416,0.003803955391049385,19,0.23841232992708683,0.0008684896421706646,11,14.125,3.522169952392578,-1.0
0.01482123278009777,0.0034932389927025023,20,0.2383388599846512,0.0008550178566873412,11,14.5625,3.437503204345703,-1.0
0.015194998821243644,0.003259013335292156,21,0.24015860306099057,0.0008410063690388064,11,15.375,3.409743461608887,-1.0
0.014981118299496861,0.002222574011494334,22,0.22391582210548222,0.0008264767839234412,11,16.3125,3.3350501823425294,-1.0
0.014716080783937987,0.003604503205189338,23,0.23842011112719774,0.000811451504908368,11,15.8125,3.2975284576416017,-1.0
0.014898639637976885,0.0022802955041138027,24,0.22357571101747453,0.0007959536998847743,11,16.375,3.3077849197387694,-1.0
0.01489551248960197,0.002190936589613557,25,0.2223695870488882,0.0007800072653447032,11,18.125,3.2704613494873045,-1.0
0.014893840138728801,0.003208189020649745,26,0.2355941110290587,0.0007636367895343947,11,16.25,3.2445025062561035,-1.0
0.015389446437788697,0.003249196013292441,27,0.24255461106076837,0.0007468675145409928,11,18.0625,3.2037546157836916,-1.0
0.015523419124432482,0.0032168977284947266,28,0.24388880701735616,0.0007297252973710758,11,18.5,3.198425521850586,-1.0
0.0097093648599604,0.0023867660739387456,29,0.1574699019547552,0.0007122365700810271,11,19.125,3.179529151916504,-1.0
0.011783296869208034,0.0028876095938567934,30,0.19089619582518935,0.0006944282990207196,11,19.75,3.0914908599853517,-1.0
0.01105251621741515,0.003362689704562609,31,0.1875607119873166,0.0006763279432533592,11,19.8125,3.0873523712158204,-1.0
0.011342032812535763,0.003059997187497524,32,0.18739267089404166,0.0006579634122155992,11,20.5625,3.0797689819335936,-1.0
0.013667978238887511,0.0034059602946329573,33,0.22216241294518113,0.000639363022683212,11,20.8125,3.050401496887207,-1.0
0.010663238228656925,0.0023784466947500524,34,0.16971653583459556,0.0006205554551086735,11,21.3125,3.0185484886169434,-1.0
0.008565682685002685,0.003405437159996766,35,0.15572447702288628,0.0006015697093979838,11,21.375,3.0329666328430176,-1.0
0.009051955716971021,0.00492867327725085,36,0.1818499588407576,0.0005824350601949146,11,22.625,2.985317039489746,-1.0
0.010365533624560786,0.0023074309126688885,37,0.16487200395204127,0.0005631810117416299,11,21.9375,2.97227481842041,-1.0
0.015029761044738384,0.004866704577580094,38,0.25884606200270355,0.0005438372523852835,11,24.1875,2.8951581954956054,-1.0
0.011491485083332429,0.0021713046858517025,39,0.17781742895022035,0.0005244336088007391,11,23.6875,2.892156066894531,-1.0
0.010884254060399074,0.005110041721938894,40,0.2080775429494679,0.0005050000000000001,11,23.3125,2.8709740829467774,-1.0
0.011293708651254956,0.0022864382749853227,41,0.17672866117209196,0.0004855663911992613,11,24.0,2.8994887542724608,-1.0
0.009358341787726833,0.0046582849911199166,42,0.18237364501692355,0.00046616274761471693,11,25.0625,2.8599870109558108,-1.0
0.011382794903161434,0.0022610385651485277,43,0.17752153193578124,0.00044681898825837057,11,24.9375,2.8491664123535156,-1.0
0.014296474132257013,0.003475752784512364,44,0.2312815438490361,0.000427564939805086,11,23.375,2.856999855041504,-1.0
0.014715449060671605,0.0025826274739721646,45,0.2251659920439124,0.00040843029060201667,11,25.8125,2.7835730743408202,-1.0
0.014705107565252827,0.0031261031981557608,46,0.23209840012714267,0.000389444544891327,11,27.375,2.7522746658325197,-1.0
0.013659010677096935,0.004006593559796994,47,0.2299152899067849,0.0003706369773167883,11,25.875,2.765903034210205,-1.0
0.01279113869755887,0.0039015433822686854,48,0.21719085611402988,0.0003520365877844012,11,29.875,2.714339561462402,-1.0
0.012584098292371402,0.003997927549510048,49,0.2157521448098123,0.0003336720567466412,11,26.0,2.7227564239501953,-1.0
0.014346336838431083,0.0034667242390031996,50,0.23179107601754367,0.0003155717009792807,11,27.1875,2.72139274597168,-1.0
0.012059990764380647,0.00232603784220723,51,0.18724527303129435,0.00029776342991897335,11,27.1875,2.7035279655456543,-1.0
0.012712888670368837,0.0023458200291945385,52,0.1959568541496992,0.00028027470262892445,11,25.375,2.6648768997192382,-1.0
0.0121781352835779,0.0034031048596191863,53,0.20275141508318484,0.0002631324854590073,11,27.9375,2.6564590454101564,-1.0
0.014459095071428098,0.002532774922796167,54,0.22110632783733308,0.0002463632104656054,11,29.875,2.6534781074523925,-1.0
0.014848958056133527,0.003980790784295935,55,0.24505915399640799,0.0002299927346552969,11,30.125,2.594972515106201,-1.0
0.01506373302366298,0.0022924929105031947,56,0.22591496398672462,0.00021404630011522587,11,29.8125,2.6080258560180662,-1.0
0.01509440468194393,0.004488738611913645,57,0.2548747241962701,0.00019854849509163232,11,29.5625,2.62550386428833,-1.0
0.015267417031841783,0.0036689065074404846,58,0.24645313806831837,0.00018352321607655918,11,30.75,2.5967242431640627,-1.0
0.015575354148705419,0.003662630324610151,59,0.2503838730044663,0.00016899363096119395,11,30.3125,2.526779308319092,-1.0
0.015732902030532177,0.004272252966005068,60,0.2603589540813118,0.000154982143312659,11,30.3125,2.617392349243164,-1.0
0.014782669076409478,0.002334857234158195,61,0.2228044280782342,0.0001415103578293356,11,29.3125,2.576569061279297,-1.0
0.011482394891432844,0.003179173630017501,62,0.19083618582226336,0.0001285990470279847,11,30.875,2.5268468475341797,-1.0
0.013078326735502252,0.0037210051221056627,63,0.21858349302783608,0.0001162681192140312,11,29.9375,2.5563550758361817,-1.0
0.01470575943732491,0.004059200175106525,64,0.24417548114433885,0.00010453658778440107,11,30.5625,2.5305149269104006,-1.0
0.014744925258967739,0.0026248206671040794,65,0.22609009314328432,9.342254191024022e-05,11,30.375,2.5464037704467772,-1.0
0.013399658921676187,0.0033872526927063097,66,0.2184570119716227,8.294311864472437e-05,11,29.9375,2.567590007781982,-1.0
0.012830655448711835,0.0038000922470998308,67,0.2163933210540563,7.311447649896551e-05,11,31.125,2.5184377670288085,-1.0
0.011031955391025314,0.0036740913772239136,68,0.19136763201095164,6.395177052675794e-05,11,32.3125,2.4650989532470704,-1.0
0.01211095074764811,0.0021125593294317904,69,0.18512423988431692,5.546912895658472e-05,11,32.4375,2.4792955207824705,-1.0
0.014606212695630698,0.00386716307212527,70,0.2403840410988778,4.767963140691306e-05,11,31.8125,2.4853302001953126,-1.0
0.014651413165176144,0.0039053911414857092,71,0.2415249771438539,4.059528871837034e-05,11,32.6875,2.458168125152588,-1.0
0.011415148225541297,0.002186088930242337,72,0.17701736511662602,3.4227024433899e-05,11,33.0,2.4864069747924806,-1.0
0.011911904546790399,0.0021316765162807247,73,0.18272414081729949,2.8584657955444653e-05,11,31.5,2.4620118713378907,-1.0
0.011349300710627666,0.0032186592176843146,74,0.18954266817308962,2.367688940315011e-05,11,31.5,2.4761705207824707,-1.0
0.009727896406100346,0.003750854368823079,75,0.17534800595603883,1.951128620040094e-05,11,33.0625,2.446016941070557,-1.0
0.014271152384865742,0.004489124448110278,76,0.24406835692934692,1.6094271405406862e-05,11,30.9375,2.484698600769043,-1.0
0.014131847643651642,0.0022343652000507484,77,0.21300586592406034,1.3431113807311488e-05,11,31.4375,2.4857411193847656,-1.0
0.016297186760661695,0.002252742307833754,78,0.2413985130842775,1.1525919802101659e-05,11,32.5625,2.481119499206543,-1.0
0.01518539314229901,0.002270578854502394,79,0.22720405110158026,1.0381627060842164e-05,11,31.375,2.460878791809082,-1.0
0.01406679734086188,0.0036348408052267935,80,0.2303704610094428,1e-05,11,31.9375,2.49214937210083,-1.0
0.010416439418414873,0.01771956236500825,1,0.3940321879927069,0.000999618372939158,12,2.352941177347127,4.907543654722326,-1.0
0.009563718639713312,0.0029904880793765187,2,0.1759182228706777,0.0009984740801978985,12,2.88235294161474,4.521457373675178,-1.0
0.014691126449698848,0.0035248554112123592,3,0.2552370869088918,0.0009965688861926887,12,4.058823529850034,4.418265449299532,-1.0
0.012432986072131566,0.0027681145750518355,4,0.21305141388438642,0.0009939057285945933,12,4.588235294117647,4.3346866360832665,-1.0
0.012504984059238009,0.003579242238109665,5,0.2253841559868306,0.0009904887137995992,12,5.764705882791211,4.227069589951459,-1.0
0.01470365225603538,0.002978752666552152,6,0.24777577305212617,0.00098632311059685,12,6.8235294126412445,4.125125663981718,-1.0
0.014843915905138212,0.0032560958061367273,7,0.2537008358631283,0.0009814153420445555,12,7.176470588673563,4.076478060554056,-1.0
0.012518837050135647,0.003323964957546975,8,0.22204359411261976,0.0009757729755661012,12,7.823529413517783,4.002299873127657,-1.0
0.013111406089072781,0.003469485057783978,9,0.23233461915515363,0.0009694047112816298,12,7.352941176470588,3.9686359742108515,-1.0
0.010972947697155178,0.002834032805237387,10,0.19348220503889024,0.0009623203685930871,12,8.588235294555917,3.8906963752297794,-1.0
0.01370566596077489,0.0042513578997126645,11,0.25157777313143015,0.0009545308710434153,12,10.352941186989055,3.805517361584832,-1.0
0.0115713897560324,0.002971344960055181,12,0.20378395402804017,0.0009460482294732422,12,9.823529425789328,3.801881067612592,-1.0
0.0103379080371399,0.0028282873931207825,13,0.18448749813251197,0.0009368855235010348,12,10.941176475847469,3.7584398673562442,-1.0
0.008706645640943731,0.0029789370684219258,14,0.16371695487760007,0.0009270568813552758,12,11.29411765056498,3.7192356962316175,-1.0
0.009351664056469287,0.002912463021597692,15,0.1718182498589158,0.0009165774580897602,12,11.705882354694253,3.6588223805147058,-1.0
0.010654782676803214,0.002864011114330164,16,0.18942494597285986,0.0009054634122155992,12,11.117647059261799,3.6755283507178813,-1.0
0.011181266845336981,0.0022947132321340697,17,0.18884794879704714,0.0008937318807859689,12,12.882352946435704,3.588124281378353,-1.0
0.010304082484383668,0.0026110398882467833,18,0.18097027111798525,0.0008814009529720156,12,13.47058824931874,3.5572617485943963,-1.0
0.01033423115898456,0.002897564837309931,19,0.18536912999115884,0.0008684896421706646,12,13.647058828788644,3.5249454649756937,-1.0
0.011000695571835552,0.00282222157277699,20,0.193670105189085,0.0008550178566873412,12,13.70588235820041,3.523946604448206,-1.0
0.011549837754241057,0.0022954371691282305,21,0.19405777589417994,0.0008410063690388064,12,13.705882366965799,3.4621299104129566,-1.0
0.012086119968444109,0.0032712328912956373,22,0.2151889291126281,0.0008264767839234412,12,14.705882354694253,3.4736522702609793,-1.0
0.011952931976078876,0.0033382771736277,23,0.21425905101932585,0.000811451504908368,12,14.411764719906975,3.4302391164443073,-1.0
0.015359171134020601,0.0030360573603372487,24,0.2578000701032579,0.0007959536998847743,12,15.352941181729822,3.3983816691005932,-1.0
0.013881992232719702,0.0030183090628790005,25,0.23690917599014938,0.0007800072653447032,12,15.823529418777017,3.4220109283222873,-1.0
0.014293959231248923,0.003194900628711496,26,0.24509540596045554,0.0007636367895343947,12,15.882352955201092,3.356288039263557,-1.0
0.014333621498995594,0.00331859608247344,27,0.24738153186626732,0.0007468675145409928,12,15.529411778730505,3.3464059969958138,-1.0
0.014915192516387574,0.003098313630159412,28,0.2524967778008431,0.0007297252973710758,12,16.529411769965115,3.298658519632676,-1.0
0.01129531005530485,0.002018482524103352,29,0.1865985649637878,0.0007122365700810271,12,18.176470588235293,3.259886364656336,-1.0
0.010286126585145081,0.002770947342339371,30,0.18292725714854896,0.0006944282990207196,12,17.411764712894666,3.275876574235804,-1.0
0.014648250520362385,0.003073949898992266,31,0.24830261385068297,0.0006763279432533592,12,17.764705889365253,3.22034179575303,-1.0
0.012120197543741338,0.002265447667533798,32,0.2016333860810846,0.0006579634122155992,12,18.00000001402462,3.26380906273337,-1.0
0.013320394475678248,0.0035012226518509643,33,0.23569012200459838,0.000639363022683212,12,17.705882363459644,3.1880231773152072,-1.0
0.014564732106269471,0.0034951684730393545,34,0.2530495061073452,0.0006205554551086735,12,19.588235295870724,3.17336332321167,-1.0
0.01307554222044668,0.003243678349203297,35,0.22870219801552594,0.0006015697093979838,12,18.647058837554034,3.1412852741690243,-1.0
0.015187141485512257,0.0034667037294379304,36,0.2613802740816027,0.0005824350601949146,12,19.117647086872775,3.157181270823759,-1.0
0.014206939243844577,0.003693382255733013,37,0.25083569809794426,0.0005631810117416299,12,19.823529413517782,3.131831557329963,-1.0
0.01495000596956483,0.004007975454442203,38,0.26562575181014836,0.0005438372523852835,12,20.411764709388507,3.1359770628985237,-1.0
0.014369833216603314,0.002874728508426675,39,0.24169259797781706,0.0005244336088007391,12,19.41176471640082,3.1130009527767406,-1.0
0.014451395986335618,0.0034394983667880297,40,0.2507214960642159,0.0005050000000000001,12,20.70588235995349,3.0834711776060217,-1.0
0.014850537974520453,0.0034509676708174603,41,0.2564616100862622,0.0004855663911992613,12,21.41176470763543,3.0584838530596565,-1.0
0.014813417884787279,0.002061647113545665,42,0.2365263937972486,0.00046616274761471693,12,21.11764706057661,3.0116896674212286,-1.0
0.010520821686701052,0.002207685328487839,43,0.17840098193846643,0.00044681898825837057,12,21.647058816517102,3.0630189626357134,-1.0
0.010218606280562068,0.002428193709680012,44,0.1771822099108249,0.000427564939805086,12,21.23529413167168,3.003436997918522,-1.0
0.012448302370363049,0.002107144915498793,45,0.2039477799553424,0.00040843029060201667,12,23.294117647058822,2.9695283429762895,-1.0
0.011553571409811931,0.0025393850935090867,46,0.19749317993409932,0.000389444544891327,12,21.00000000701231,2.978502612394445,-1.0
0.010734582469532532,0.0031992477431361166,47,0.19523358391597867,0.0003706369773167883,12,23.00000001402462,2.9726461993946747,-1.0
0.010456713432046984,0.0019874741389815298,48,0.17434413498267531,0.0003520365877844012,12,22.882352955201092,2.9654909745384663,-1.0
0.010656478382380945,0.0020646602580589907,49,0.1782210690435022,0.0003336720567466412,12,22.70588235995349,2.9464329635395723,-1.0
0.011951034871994384,0.0019651244760357906,50,0.1949842288158834,0.0003155717009792807,12,23.235294121153213,2.9024880089479335,-1.0
0.009702950666126395,0.004609325335228017,51,0.20052656694315374,0.00029776342991897335,12,23.882352944682626,2.917008362938376,-1.0
0.009979139265072132,0.0022665600325646146,52,0.1715645082294941,0.00028027470262892445,12,23.647058830541724,2.9228898003522086,-1.0
0.012052048945666425,0.002295929905293243,53,0.20102825900539756,0.0002631324854590073,12,23.17647061628454,2.8747665579178756,-1.0
0.010083955928816326,0.002401296714586871,54,0.17495680297724903,0.0002463632104656054,12,24.352941183482898,2.8638353931202607,-1.0
0.011652842030993529,0.002313342394440302,55,0.19567894097417593,0.0002299927346552969,12,25.352941179976742,2.8412413114659927,-1.0
0.014898513909429312,0.0041466630063951015,56,0.2668748418800533,0.00021404630011522587,12,23.64705883404788,2.865191863564884,-1.0
0.014993827307729848,0.0022623148979619145,57,0.24179120897315443,0.00019854849509163232,12,23.705882363459644,2.847026725095861,-1.0
0.012627020760971521,0.0023779988155833314,58,0.21019772603176534,0.00018352321607655918,12,24.11764706583584,2.831773089801564,-1.0
0.011803351475724153,0.0033227979438379407,59,0.2119561079889536,0.00016899363096119395,12,25.352941176470587,2.8078232192993164,-1.0
0.014367194813010948,0.0033631326763757636,60,0.24847024399787188,0.000154982143312659,12,23.941176463575925,2.8460424827126896,-1.0
0.014676015973756356,0.003111500309647194,61,0.24928186414763331,0.0001415103578293356,12,26.52941177522435,2.7851451924267936,-1.0
0.011183960779037858,0.003647226723842323,62,0.20782955596223474,0.0001285990470279847,12,26.117647086872775,2.792502658507403,-1.0
0.009554769827185996,0.002255815314128995,63,0.16547450213693082,0.0001162681192140312,12,23.764705885859097,2.7925413400986616,-1.0
0.012154451089112886,0.0032214692660740445,64,0.21541939000599086,0.00010453658778440107,12,26.117647062329684,2.7461007499694823,-1.0
0.012312088095183884,0.004187658046638327,65,0.23118471913039684,9.342254191024022e-05,12,25.176470595247604,2.773421647127937,-1.0
0.014459090290724166,0.0038384979291419897,66,0.2563230521045625,8.294311864472437e-05,12,24.70588238099042,2.805044736301198,-1.0
0.01476107566018722,0.0031911607698670457,67,0.25152098503895104,7.311447649896551e-05,12,28.058823515387143,2.746811561584473,-1.0
0.014491455546314163,0.003775594606330352,68,0.256015197141096,6.395177052675794e-05,12,25.705882356447333,2.769274776683134,-1.0
0.015590864017472736,0.002831916474471135,69,0.258195161819458,5.546912895658472e-05,12,26.05882355746101,2.7739451862783993,-1.0
0.015018629858137242,0.003570185857824981,70,0.26052429201081395,4.767963140691306e-05,12,25.823529418777017,2.754323189679314,-1.0
0.014759399445860513,0.0032145937771669458,71,0.25186838512308896,4.059528871837034e-05,12,26.588235287105334,2.756483407301061,-1.0
0.014858706438514804,0.0035330624253089938,72,0.25772772799246013,3.4227024433899e-05,12,26.000000021036932,2.7117748473672307,-1.0
0.01394312857051513,0.002890235062555543,73,0.23589895898476243,2.8584657955444653e-05,12,25.529411785742816,2.7292157178766585,-1.0
0.01083278571188982,0.003146696785864021,74,0.19588402309454978,2.367688940315011e-05,12,26.29411766809576,2.7623373076495,-1.0
0.013937869890859085,0.002962075822454478,75,0.2367505170404911,1.951128620040094e-05,12,27.529411764705884,2.755869825026568,-1.0
0.01292533693569047,0.0020781334190230283,76,0.2102611840236932,1.6094271405406862e-05,12,28.176470588235293,2.7162499298768883,-1.0
0.014551027694584004,0.003915026883727738,77,0.2587393370922655,1.3431113807311488e-05,12,25.647058830541724,2.7297160417893354,-1.0
0.014399851921812765,0.0038276806506993516,78,0.2554436440113932,1.1525919802101659e-05,12,27.70588235995349,2.736608597250546,-1.0
0.013847488261360143,0.002900425311444061,79,0.23470788588747382,1.0381627060842164e-05,12,26.470588263343362,2.748922764834236,-1.0
0.014225477718615107,0.0031381810050723808,80,0.243338423082605,1e-05,12,26.00000000701231,2.7438456277286307,-1.0
0.010554340838765105,0.01758640296757221,1,0.4222325189039111,0.000999618372939158,13,1.4444444444444444,4.833949652777778,-1.0
0.008977129294847449,0.0023307932385553914,2,0.1697234360035509,0.0009984740801978985,13,2.9444444444444446,4.534818793402778,-1.0
0.008386707461128632,0.0030471603386104107,3,0.17162206792272627,0.0009965688861926887,13,4.333333333333333,4.423083224826389,-1.0
0.010448254194731514,0.003655860930060347,4,0.21169621008448303,0.0009939057285945933,13,4.555555555555555,4.33273681640625,-1.0
0.008931275379533568,0.0028419968827317157,5,0.17675296496599913,0.0009904887137995992,13,4.444444444444445,4.267200520833334,-1.0
0.008674419997259975,0.0026284608679513137,6,0.1696442950051278,0.00098632311059685,13,5.5,4.180054796006944,-1.0
0.011331937896708647,0.002984975045546889,7,0.21488606301136315,0.0009814153420445555,13,5.333333333333333,4.106955023871528,-1.0
0.011857430605838696,0.0032165958546102047,8,0.22627195995301008,0.0009757729755661012,13,5.388888888888889,4.074553493923611,-1.0
0.012151688647766909,0.002068238410477837,9,0.213476843200624,0.0009694047112816298,13,7.555555555555555,4.065048556857639,-1.0
0.010769279673695564,0.0021351180505007504,10,0.19369943719357252,0.0009623203685930871,13,6.777777777777778,4.024606391059028,-1.0
0.011486541557436189,0.004042542570581039,11,0.23306874092668295,0.0009545308710434153,13,6.611111111111111,3.9802837456597224,-1.0
0.01454410155614217,0.004265653171266119,12,0.2823707382194698,0.0009460482294732422,13,7.111111111111111,3.9517097981770832,-1.0
0.01384109395245711,0.0037070063098023336,13,0.26347153005190194,0.0009368855235010348,13,8.166666666666666,3.863845486111111,-1.0
0.011724081464732687,0.0026794106078644594,14,0.21626123506575823,0.0009270568813552758,13,9.11111111111111,3.8685416666666668,-1.0
0.01204046766894559,0.0030621215390662353,15,0.22670954489149153,0.0009165774580897602,13,8.333333333333334,3.9021261935763887,-1.0
0.014599820924922824,0.003565604876105984,16,0.2726863140705973,0.0009054634122155992,13,9.5,3.8430159505208334,-1.0
0.012758965076257785,0.003227672322342793,17,0.2400327711366117,0.0008937318807859689,13,9.722222222222221,3.8133445909288195,-1.0
0.015449882252141833,0.0027684494853019714,18,0.2734691279474646,0.0008814009529720156,13,8.944444444444445,3.839093017578125,-1.0
0.0112849036231637,0.0029360721198221046,19,0.21351738995872438,0.0008684896421706646,13,9.944444444444445,3.8317835828993054,-1.0
0.012049734840790432,0.0023089818190783263,20,0.2155499840155244,0.0008550178566873412,13,8.555555555555555,3.860072021484375,-1.0
0.011326089516902964,0.0032874600185702246,21,0.21937038516625762,0.0008410063690388064,13,9.11111111111111,3.789853515625,-1.0
0.008719736151397229,0.003082817777370413,22,0.17717367294244468,0.0008264767839234412,13,10.444444444444445,3.7045296223958335,-1.0
0.0095840852552404,0.0026732974064846834,23,0.18396206200122833,0.000811451504908368,13,10.833333333333334,3.6779747856987846,-1.0
0.010886146236831944,0.003109572237978379,24,0.21006769593805075,0.0007959536998847743,13,10.333333333333334,3.6820145670572915,-1.0
0.013597809461255867,0.0027737741358578203,25,0.24578494112938643,0.0007800072653447032,13,9.777777777777779,3.6718409559461804,-1.0
0.01108460313019653,0.002868779795244336,26,0.20952193601988256,0.0007636367895343947,13,11.38888888888889,3.6520895724826388,-1.0
0.0097849959662805,0.002049361712609728,27,0.17768446798436344,0.0007468675145409928,13,11.166666666666666,3.64617682562934,-1.0
0.01398384793040653,0.0026243810697148245,28,0.24929803796112537,0.0007297252973710758,13,10.722222222222221,3.658259548611111,-1.0
0.01399084374619027,0.0031024313842256865,29,0.25665571284480393,0.0007122365700810271,13,11.722222222222221,3.6155464680989584,-1.0
0.01079221855228146,0.0030619859229773284,30,0.2080236340407282,0.0006944282990207196,13,13.11111111111111,3.5621732584635417,-1.0
0.010778748135392865,0.0031402635853737594,31,0.20895245694555342,0.0006763279432533592,13,13.555555555555555,3.5565907118055557,-1.0
0.014035963406786322,0.0031513889941076436,32,0.2580195900518447,0.0006579634122155992,13,12.055555555555555,3.5310740831163194,-1.0
0.008811745482186476,0.0029882811941206455,33,0.17718593799509108,0.000639363022683212,13,12.722222222222221,3.537561509874132,-1.0
0.008463217193881671,0.00271106061215202,34,0.16773695196025074,0.0006205554551086735,13,13.166666666666666,3.50263916015625,-1.0
0.008665763260796665,0.0029443721442172924,35,0.17425637692213058,0.0006015697093979838,13,13.11111111111111,3.512717081705729,-1.0
0.009722192818298937,0.0026329137850552796,36,0.18543006386607885,0.0005824350601949146,13,14.38888888888889,3.4951824273003473,-1.0
0.008484277330959836,0.002295834803953767,37,0.1618030339013785,0.0005631810117416299,13,14.222222222222221,3.5090542263454862,-1.0
0.008697813609614968,0.002767104795202613,38,0.17207553889602423,0.0005438372523852835,13,14.055555555555555,3.4769002956814234,-1.0
0.008838582628717026,0.0026409964387615523,39,0.17229616991244256,0.0005244336088007391,13,14.88888888888889,3.437060818142361,-1.0
0.00879277844602863,0.0021719504923870168,40,0.16458275192417204,0.0005050000000000001,13,14.38888888888889,3.41087151421441,-1.0
0.00825750599615276,0.0025157098037501178,41,0.16170090110972524,0.0004855663911992613,13,13.444444444444445,3.4523225911458333,-1.0
0.008634017718334993,0.003241805282110969,42,0.17825752589851618,0.00046616274761471693,13,16.055555555555557,3.3875918579101563,-1.0
0.010555322297538321,0.003424994647502899,43,0.20983695285394788,0.00044681898825837057,13,13.333333333333334,3.4020398457845054,-1.0
0.0094959054607898,0.0019019067287445069,44,0.1711234669201076,0.000427564939805086,13,16.055555555555557,3.3710421413845486,-1.0
0.011755625034372013,0.0026198148882637423,45,0.21578237507492304,0.00040843029060201667,13,13.333333333333334,3.4524129231770835,-1.0
0.008817514621963103,0.0027346902371694643,46,0.17348201083950698,0.000389444544891327,13,16.11111111111111,3.3528857421875,-1.0
0.00928613735983769,0.0029264075060685475,47,0.18332859384827316,0.0003706369773167883,13,14.777777777777779,3.3991365898980033,-1.0
0.00939405217456321,0.002249916425595681,48,0.17480668891221285,0.0003520365877844012,13,16.0,3.379895494249132,-1.0
0.009782808398207029,0.0021532710641622545,49,0.17916235490702093,0.0003336720567466412,13,15.722222222222221,3.344454888237847,-1.0
0.00992778742996355,0.001965545179943244,50,0.17853894783183932,0.0003155717009792807,13,15.666666666666666,3.3220615980360244,-1.0
0.009861305573334296,0.0035365487604091567,51,0.20111134089529514,0.00029776342991897335,13,16.61111111111111,3.2940429009331598,-1.0
0.01219571614637971,0.002271681713561217,52,0.217174424091354,0.00028027470262892445,13,15.88888888888889,3.343038330078125,-1.0
0.014243442161629597,0.0033134335651993753,53,0.26357339695096016,0.0002631324854590073,13,16.444444444444443,3.287869940863715,-1.0
0.009732891820992033,0.0034229254350066187,54,0.19755025999620557,0.0002463632104656054,13,15.333333333333334,3.2760509236653648,-1.0
0.009714482181395093,0.0030110099508116645,55,0.19100851099938154,0.0002299927346552969,13,16.555555555555557,3.2810238817003037,-1.0
0.010176586282129089,0.0023404699905465046,56,0.18790640914812684,0.00021404630011522587,13,17.166666666666668,3.27199954562717,-1.0
0.011743474813799063,0.0018219759222120047,57,0.20360467489808798,0.00019854849509163232,13,17.055555555555557,3.2573030259874134,-1.0
0.014714955072849988,0.003156085793549816,58,0.2682598950341344,0.00018352321607655918,13,17.5,3.2676737467447916,-1.0
0.014380893266449372,0.0033304690693815547,59,0.26590279396623373,0.00016899363096119395,13,17.055555555555557,3.225069749620226,-1.0
0.014020374681179722,0.0028458678629249335,60,0.2532040651421994,0.000154982143312659,13,17.5,3.2555980088975693,-1.0
0.014341393066570163,0.003235423006117344,61,0.26391018810682,0.0001415103578293356,13,17.27777777777778,3.217628987630208,-1.0
0.010594472164909045,0.0030842252386113008,62,0.20535575388930738,0.0001285990470279847,13,18.22222222222222,3.215387742784288,-1.0
0.011934533342719078,0.002125293326874574,63,0.21102924807928503,0.0001162681192140312,13,17.333333333333332,3.2389815266927084,-1.0
0.014010395637402933,0.00191615903750062,64,0.2391116910148412,0.00010453658778440107,13,19.055555555555557,3.223704359266493,-1.0
0.014541121572256089,0.0027694884998102983,65,0.25992206600494683,9.342254191024022e-05,13,16.666666666666668,3.234386494954427,-1.0
0.014965678254763285,0.0030171082820743323,66,0.2699962998740375,8.294311864472437e-05,13,17.5,3.220597941080729,-1.0
0.010898320640747746,0.0034890686782697838,67,0.21602111612446606,7.311447649896551e-05,13,17.61111111111111,3.1947987196180554,-1.0
0.00954623168023924,0.0029118570499122145,68,0.1870103501714766,6.395177052675794e-05,13,18.555555555555557,3.1903925238715276,-1.0
0.013757829476768771,0.003310551183919112,69,0.2561726411804557,5.546912895658472e-05,13,18.055555555555557,3.193328382703993,-1.0
0.014766920109589894,0.004188894154503941,70,0.2845836039632559,4.767963140691306e-05,13,17.444444444444443,3.2159265814887155,-1.0
0.014724664700527986,0.003682416568820675,71,0.2763593189883977,4.059528871837034e-05,13,17.333333333333332,3.1884473334418404,-1.0
0.015030508829901616,0.0031223764332632222,72,0.2725419229827821,3.4227024433899e-05,13,18.333333333333332,3.213409457736545,-1.0
0.01324751558713615,0.003473720078667005,73,0.251074860105291,2.8584657955444653e-05,13,18.333333333333332,3.1753297254774306,-1.0
0.012962394704421362,0.00215393357599775,74,0.2269541381392628,2.367688940315011e-05,13,18.0,3.2018907674153647,-1.0
0.009889883346234758,0.0031646099252005417,75,0.19595264201052487,1.951128620040094e-05,13,18.27777777777778,3.194473605685764,-1.0
0.009698536557455858,0.002604526374489069,76,0.18464770703576505,1.6094271405406862e-05,13,19.666666666666668,3.180868937174479,-1.0
0.008472955459728837,0.002848495403304696,77,0.16992381704039872,1.3431113807311488e-05,13,17.22222222222222,3.199097103542752,-1.0
0.010582162641609709,0.0026640879611174264,78,0.19882485596463084,1.1525919802101659e-05,13,17.444444444444443,3.1734891764322914,-1.0
0.011335975878561536,0.002667382188762228,79,0.21023995615541935,1.0381627060842164e-05,13,18.5,3.1401387532552083,-1.0
0.012069580564275383,0.002832296770066023,80,0.22373221698217094,1e-05,13,19.61111111111111,3.1633795166015624,-1.0
0.012306351928661268,0.017424353926132122,1,0.4461132069118321,0.000999618372939158,14,1.1578947372342412,5.086964427546451,-1.0
0.010307796113193036,0.002819963280732433,2,0.19705396820791066,0.0009984740801978985,14,1.9473684214447673,4.561216065256219,-1.0
0.014739201093713442,0.003963414983203014,3,0.28074016282334924,0.0009965688861926887,14,2.105263159071144,4.494719355733771,-1.0
0.01406515905012687,0.003317179561903079,4,0.2610071380622685,0.0009939057285945933,14,4.6315789395257045,4.3955386553312605,-1.0
0.012090215304245552,0.002957804904629787,5,0.2259450419805944,0.0009904887137995992,14,4.8947368672019556,4.3150574393021435,-1.0
0.01432515416915218,0.003111430552477638,6,0.26176767982542515,0.00098632311059685,14,5.210526329906363,4.248000606737639,-1.0
0.014477936923503876,0.0027617778784284988,7,0.25884720985777676,0.0009814153420445555,14,6.263157888462669,4.177524662017822,-1.0
0.014126281207427382,0.002830458463480075,8,0.25460506696254015,0.0009757729755661012,14,5.526315783199511,4.1255423816881684,-1.0
0.0131159961844484,0.0028088980199148256,9,0.23905447497963905,0.0009694047112816298,14,6.526315791826499,4.051405476018002,-1.0
0.011288807960227132,0.0023876275091121594,10,0.20527725806459785,0.0009623203685930871,14,7.631578959916768,3.9994043651380036,-1.0
0.013930904927353065,0.002544826672722896,11,0.2473329200875014,0.0009545308710434153,14,7.894736846810893,3.9590571082265753,-1.0
0.01359540903940797,0.0027418472959349553,12,0.24529330618679523,0.0009460482294732422,14,9.631578972465114,3.9037526933770432,-1.0
0.013590539091577132,0.003152504842728376,13,0.2513838061131537,0.0009368855235010348,14,9.684210542001223,3.862580186442325,-1.0
0.013933933526277541,0.0031457494168231886,14,0.2564491559751332,0.0009270568813552758,14,9.105263172011627,3.8284236280541672,-1.0
0.014155756030231715,0.0030111257762958604,15,0.25776938698254526,0.0009165774580897602,14,9.2105263095153,3.8437640049583033,-1.0
0.01352473208680749,0.0030720373149961235,16,0.2491666730493307,0.0009054634122155992,14,8.94736843516952,3.7808461440236947,-1.0
0.01358871217817068,0.0031572953642656407,17,0.2513700339477509,0.0008937318807859689,14,10.263157879051409,3.731228767194246,-1.0
0.013531926677872737,0.0032154689232508343,18,0.25142755010165274,0.0008814009529720156,14,10.578947393517746,3.7134979850367498,-1.0
0.014171571237966418,0.002819599164649844,19,0.2551104510203004,0.0008684896421706646,14,11.000000003137087,3.675491301887914,-1.0
0.013750562661637862,0.003587362744535009,20,0.26031569112092257,0.0008550178566873412,14,11.684210510630356,3.6632939122852526,-1.0
0.013505211177592477,0.0031880088926603397,21,0.2506348870228976,0.0008410063690388064,14,13.000000015685433,3.60038822525426,-1.0
0.008680073435728748,0.0029259593536456424,22,0.17428607610054314,0.0008264767839234412,14,13.421052615893515,3.582492037321392,-1.0
0.011254168845092257,0.003517339425161481,23,0.22172568389214575,0.000811451504908368,14,13.684210563960828,3.5487100716641073,-1.0
0.014111635740846395,0.002116653136909008,24,0.24424054892733693,0.0007959536998847743,14,13.210526331474906,3.57707140872353,-1.0
0.012991884474953015,0.003142264997586608,25,0.24230320914648473,0.0007800072653447032,14,13.00000000470563,3.526717496169241,-1.0
0.01007693426993986,0.002679548195252816,26,0.19150248914957047,0.0007636367895343947,14,13.526315795747857,3.51438332658065,-1.0
0.011849088951324423,0.0031402925805499157,27,0.22498652199283242,0.0007468675145409928,14,14.789473721855565,3.4604641859154954,-1.0
0.011069611522058646,0.00343618414675196,28,0.21774823707528412,0.0007297252973710758,14,13.684210531021419,3.456448721634714,-1.0
0.011619390733540059,0.002585265195618073,29,0.21321838209405541,0.0007122365700810271,14,14.263157944930228,3.448191308473286,-1.0
0.011463664829110105,0.0034690876491367817,30,0.22414758196100593,0.0006944282990207196,14,14.263157919833535,3.424864502455059,-1.0
0.010600264246265093,0.002593413554131985,31,0.19803053489886224,0.0006763279432533592,14,13.947368425758262,3.408715373089439,-1.0
0.010352503942946593,0.0023410063236951827,32,0.19053238909691572,0.0006579634122155992,14,15.10526316416891,3.390446269888627,-1.0
0.010316014662384987,0.0031422839344789582,33,0.2019994161091745,0.000639363022683212,14,15.94736843987515,3.364446341865941,-1.0
0.010774670075625182,0.003512862262626489,34,0.21443619998171926,0.0006205554551086735,14,15.263157935518967,3.3524155641856948,-1.0
0.010218932153657078,0.0030729564372450114,35,0.19950215378776193,0.0006015697093979838,14,15.210526334611993,3.3732802064795244,-1.0
0.010079382344459493,0.0029750728669265905,36,0.1959415648598224,0.0005824350601949146,14,17.84210531335128,3.3236018798225806,-1.0
0.01170495303037266,0.002833817976837357,37,0.218271009856835,0.0005631810117416299,14,16.736842080166465,3.306526517868042,-1.0
0.0112663467725118,0.00218845975274841,38,0.20197961386293173,0.0005438372523852835,14,17.05263158835863,3.2987180689761515,-1.0
0.012607974388326207,0.002780684813236197,39,0.23097953107208014,0.0005244336088007391,14,18.94736842105263,3.2444699242240502,-1.0
0.012422636710107326,0.003374317086612185,40,0.23714235005900264,0.0005050000000000001,14,17.157894743116277,3.2315784625003214,-1.0
0.011457021006693442,0.0033863929255555075,41,0.22281536599621177,0.0004855663911992613,14,17.473684185429622,3.231787656984831,-1.0
0.010871748657276232,0.003429579548537731,42,0.21464132494293153,0.00046616274761471693,14,17.526315764376992,3.2380902199996147,-1.0
0.010643961063275734,0.0028889768136044344,43,0.2031157100573182,0.00044681898825837057,14,17.736842124085676,3.246386110908107,-1.0
0.011194382670025031,0.003784958738833666,44,0.22481370694004,0.000427564939805086,14,17.999999987451655,3.205492178766351,-1.0
0.008667006405691307,0.0036703987357517083,45,0.18518359097652137,0.00040843029060201667,14,17.368421058905753,3.2146357285348994,-1.0
0.009904207071910302,0.0027449923877914746,46,0.18986986996605992,0.000389444544891327,14,19.631578997561807,3.173940941158094,-1.0
0.011649117028961578,0.0019446067046374083,47,0.20406386302784085,0.0003706369773167883,14,18.26315791355936,3.1537790032436974,-1.0
0.011346707322324316,0.0021324269473552704,48,0.20234801503829658,0.0003520365877844012,14,18.999999974903307,3.1860766817394057,-1.0
0.011387465956310431,0.0021105680459489423,49,0.20262864814139903,0.0003336720567466412,14,18.263157901011017,3.139625025297466,-1.0
0.011248169342676799,0.002908263665934404,50,0.21251059276983142,0.0003155717009792807,14,20.789473703033046,3.1194659800278512,-1.0
0.012895842703680197,0.0022003580971310535,51,0.22661945596337318,0.00029776342991897335,14,19.473684229348834,3.101522824638768,-1.0
0.01158516692618529,0.0029295683372765778,52,0.21784847998060286,0.00028027470262892445,14,19.473684229348834,3.103484683287771,-1.0
0.011450322375943263,0.0028735448295871416,53,0.2150216840673238,0.0002631324854590073,14,19.526315808296204,3.1234263871845447,-1.0
0.013921942158291737,0.0019160129750768343,54,0.23776452988386154,0.0002463632104656054,14,20.47368420738923,3.074603952106677,-1.0
0.014518097539742788,0.0029873791926850876,55,0.2627572240307927,0.0002299927346552969,14,18.84210525060955,3.076112000816747,-1.0
0.013419071879858772,0.0026871581251422566,56,0.24175222893245518,0.00021404630011522587,14,20.578947346461447,3.055007108889128,-1.0
0.01211537215858698,0.0019147236365824939,57,0.21065515209920704,0.00019854849509163232,14,20.21052634716034,3.0635170841217043,-1.0
0.013896633218973876,0.003391645926361283,58,0.259533952223137,0.00018352321607655918,14,19.78947372499265,3.0626306177440443,-1.0
0.00941145255540808,0.0026777173858135938,59,0.18151583685539663,0.00016899363096119395,14,20.526315776925337,3.009112774196424,-1.0
0.009919435142849882,0.002115904524301489,60,0.18063467205502093,0.000154982143312659,14,20.631578934820073,3.011149007897628,-1.0
0.014130643925939997,0.0030730045400559902,61,0.2581909520085901,0.0001415103578293356,14,21.157894743116277,3.0140545358155904,-1.0
0.009495842115332684,0.0027913619453708333,62,0.18444421398453414,0.0001285990470279847,14,21.000000050193385,3.014818553422627,-1.0
0.01133487350307405,0.0028927541648348172,63,0.21354921907186508,0.0001162681192140312,14,20.473684229348834,3.0174770505804767,-1.0
0.011792777137209972,0.0027142088705052934,64,0.21776853501796722,0.00010453658778440107,14,21.99999993725827,2.9986222287228235,-1.0
0.014034728022913138,0.003266081043208639,65,0.2597184150945395,9.342254191024022e-05,14,22.947368399093026,2.9289035646538983,-1.0
0.015742150135338306,0.003189600274587671,66,0.2842271928675473,8.294311864472437e-05,14,21.63157896619094,3.0126065429888276,-1.0
0.014529769541695714,0.002700199062625567,67,0.2586608568672091,7.311447649896551e-05,14,21.263157901011017,2.974239635969463,-1.0
0.010415186344956359,0.002079160107920567,68,0.18757527694106102,6.395177052675794e-05,14,22.73684207389229,2.994569995277806,-1.0
0.010096683073788882,0.0023847338588287434,69,0.18736536102369428,5.546912895658472e-05,14,21.052631607181148,3.009507778067338,-1.0
0.010052462620660663,0.0020143127844979365,70,0.18112678895704448,4.767963140691306e-05,14,21.526315767514077,2.989523279792384,-1.0
0.012086778770511349,0.0027102026933183273,71,0.2221059389412403,4.059528871837034e-05,14,22.2105263565716,2.9672710162714906,-1.0
0.01177180145556728,0.002897562412545085,72,0.22022386314347386,3.4227024433899e-05,14,22.94736849634271,2.952662961357518,-1.0
0.01173646889316539,0.002684301370754838,73,0.21649940498173237,2.8584657955444653e-05,14,22.631578925408814,2.9496250197761937,-1.0
0.014254852849990129,0.003041226137429476,74,0.25965750007890165,2.367688940315011e-05,14,20.736842092714813,2.964577842009695,-1.0
0.013898235295588772,0.003233740509798129,75,0.257239077007398,1.951128620040094e-05,14,22.631578934820073,2.956146491703234,-1.0
0.014082417326668898,0.003698144139101108,76,0.26695994893088937,1.6094271405406862e-05,14,23.684210567097914,2.9619343315927606,-1.0
0.012982184315721195,0.0019161933567374944,77,0.22369992197491229,1.3431113807311488e-05,14,22.684210510630358,2.957754135131836,-1.0
0.014162587576235335,0.0035003784267852705,78,0.2651610050816089,1.1525919802101659e-05,14,22.052631607181148,2.974807855204532,-1.0
0.015256878671546776,0.003134689262757699,79,0.2761375359259546,1.0381627060842164e-05,14,22.52631583966707,2.943678271644994,-1.0
0.015356796964382132,0.0029527711061139903,80,0.2749148278962821,1e-05,14,22.0,2.927724731344926,-1.0
0.011183638649526983,0.015874029224505648,1,0.43305578688159585,0.000999618372939158,15,2.150000001490116,4.9036230392456055,-1.0
0.0115545570733957,0.0017655830451985821,2,0.21327712503261864,0.0009984740801978985,15,2.4000000059604645,4.530435062408447,-1.0
0.013662336525158025,0.0027092901000287384,3,0.2621519351378083,0.0009965688861926887,15,4.55,4.438844245910644,-1.0
0.01390072051435709,0.002028276736382395,4,0.25510038109496236,0.0009939057285945933,15,5.200000002980232,4.309209114074707,-1.0
0.013477256754413247,0.002262260124552995,5,0.25203262199647725,0.0009904887137995992,15,5.850000011920929,4.204514766693115,-1.0
0.012087357536074705,0.00197717132687103,6,0.22520549222826958,0.00098632311059685,15,6.7500000014901165,4.11705553817749,-1.0
0.014821941629634239,0.002390712557826191,7,0.2756114520598203,0.0009814153420445555,15,8.600000005960464,4.032715827941894,-1.0
0.01394616044126451,0.0038615476223640144,8,0.285101787885651,0.0009757729755661012,15,7.900000002980232,3.9850247230529785,-1.0
0.012410320166964084,0.0019070396374445409,9,0.22924280492588878,0.0009694047112816298,15,7.900000011920929,3.9440010986328127,-1.0
0.012871706363512203,0.0031920763140078634,10,0.2572069119196385,0.0009623203685930871,15,9.500000017881394,3.8554750995635985,-1.0
0.014365646697115153,0.0033362323010805994,11,0.28344023902900517,0.0009545308710434153,15,11.200000002980232,3.8060758056640625,-1.0
0.013246218251879327,0.0028521825588541105,12,0.25771007710136473,0.0009460482294732422,15,9.700000002980232,3.7837819900512697,-1.0
0.012707717454759404,0.0033535287948325276,13,0.25717324996367097,0.0009368855235010348,15,11.550000017881393,3.7140588417053224,-1.0
0.010464140825206414,0.001924892800161615,14,0.19839489390142262,0.0009270568813552758,15,12.050000011920929,3.6802131023406983,-1.0
0.009351310567581095,0.003106803065747954,15,0.1994534449186176,0.0009165774580897602,15,11.65,3.6457576866149903,-1.0
0.01144583233690355,0.0032877357298275456,16,0.23589578713290393,0.0009054634122155992,15,11.900000023841859,3.6245741596221923,-1.0
0.012640807937714271,0.0034674675698624924,17,0.2579355239868164,0.0008937318807859689,15,14.349999994039536,3.566447385787964,-1.0
0.010482413199497387,0.003408364354982041,18,0.22241809917613864,0.0008814009529720156,15,14.60000001192093,3.5257360229492187,-1.0
0.013700922267162241,0.003564895174349658,19,0.27645775699056685,0.0008684896421706646,15,13.900000023841859,3.49542218208313,-1.0
0.011569923983188346,0.0035964873241027817,20,0.24287430895492435,0.0008550178566873412,15,15.550000017881393,3.461708875656128,-1.0
0.01064441898779478,0.003217180259525776,21,0.2219224839936942,0.0008410063690388064,15,16.09999998807907,3.4398095989227295,-1.0
0.011247284026467241,0.002232387792901136,22,0.21580549492500722,0.0008264767839234412,15,16.050000005960463,3.4186047649383546,-1.0
0.011952452856348827,0.003012117580510676,23,0.23962762882001698,0.000811451504908368,15,16.050000035762785,3.379016569137573,-1.0
0.010309390068869106,0.0025803017342695966,24,0.20639407797716558,0.0007959536998847743,15,16.300000023841857,3.3693549766540527,-1.0
0.011583036510273814,0.0027776730566984043,25,0.22992636682465672,0.0007800072653447032,15,16.95000002384186,3.352440187454224,-1.0
0.010003715316997841,0.0036553533718688414,26,0.21871929103508592,0.0007636367895343947,15,16.25000003576279,3.3401582202911375,-1.0
0.009774335019756109,0.003355141292558983,27,0.21019806084223092,0.0007468675145409928,15,17.90000001192093,3.2958013153076173,-1.0
0.01016531938512344,0.0030502205481752753,28,0.2115826199296862,0.0007297252973710758,15,18.50000003576279,3.266096881866455,-1.0
0.010445503910887055,0.0027943913883063942,29,0.2119697208981961,0.0007122365700810271,15,18.350000005960464,3.251796401977539,-1.0
0.011905469844350591,0.002210121412645094,30,0.22598319221287966,0.0006944282990207196,15,18.69999998807907,3.2193166217803957,-1.0
0.011437447014031932,0.0027671222924254835,31,0.22744012903422117,0.0006763279432533592,15,18.75000003576279,3.2058611011505125,-1.0
0.010995848017046228,0.002707935869693756,32,0.21942814392969012,0.0006579634122155992,15,18.85000001192093,3.1832470111846924,-1.0
0.01386435332824476,0.0027892159851035103,33,0.2666376999113709,0.000639363022683212,15,19.59999998807907,3.145370304107666,-1.0
0.010744971805252135,0.0027972806274192408,34,0.21684796689078212,0.0006205554551086735,15,19.25000001192093,3.1316661415100095,-1.0
0.010732410417404026,0.002634851640323177,35,0.2140122470445931,0.0006015697093979838,15,21.19999998807907,3.086519229888916,-1.0
0.013903210841817781,0.004107172033400275,36,0.288348589790985,0.0005824350601949146,15,21.15,3.0815273571014403,-1.0
0.012617460117326118,0.0018628063262440264,37,0.23189757391810417,0.0005631810117416299,15,21.049999988079072,3.056853862762451,-1.0
0.01427843511919491,0.0029503899422707036,38,0.2758680530823767,0.0005438372523852835,15,20.450000017881393,3.0708920097351076,-1.0
0.012164271684014238,0.0017619380087126046,39,0.22302866983227432,0.0005244336088007391,15,21.3,3.0164188346862795,-1.0
0.013775217987131327,0.0028910958353662863,40,0.26686844299547374,0.0005050000000000001,15,22.450000035762788,2.9904167366027834,-1.0
0.01305032912932802,0.0036136843700660393,41,0.266868663020432,0.0004855663911992613,15,21.65000002384186,3.022418453216553,-1.0
0.01053530779608991,0.0035856324539054185,42,0.22615279094316065,0.00046616274761471693,15,22.65,2.9706553173065187,-1.0
0.009588007131242193,0.0018937436834676191,43,0.18384442781098187,0.00044681898825837057,15,22.99999998807907,2.9646751556396485,-1.0
0.008681575272930786,0.0031442692852579057,44,0.18931723898276687,0.000427564939805086,15,22.39999998807907,2.952365707397461,-1.0
0.010315149134839885,0.0031974541780073196,45,0.21633441210724413,0.00040843029060201667,15,23.5,2.934247175216675,-1.0
0.011332009045872837,0.0019769865175476298,46,0.21312078484334052,0.000389444544891327,15,23.49999998807907,2.93910563659668,-1.0
0.009483653630013578,0.0018071828671963885,47,0.18079345510341227,0.0003706369773167883,15,23.65000001192093,2.8936595344543456,-1.0
0.00821267263381742,0.0027031754871131852,48,0.17475586384534836,0.0003520365877844012,15,24.100000035762786,2.860059310913086,-1.0
0.010971656680339947,0.0031268735619960353,49,0.22571176709607244,0.0003336720567466412,15,24.250000071525573,2.860553939819336,-1.0
0.013465129377436824,0.0030805054411757737,50,0.2648963259998709,0.0003155717009792807,15,23.850000047683714,2.8818755531311036,-1.0
0.010897642641793936,0.002410002038232051,51,0.21308855479583144,0.00029776342991897335,15,24.34999997615814,2.8622825469970703,-1.0
0.009902661258820444,0.002174327921238728,52,0.19336870196275413,0.00028027470262892445,15,25.650000047683715,2.8461614303588867,-1.0
0.0102688805636717,0.0029213601956143975,53,0.21117766294628382,0.0002631324854590073,15,25.25000003576279,2.837319166183472,-1.0
0.008434999093879014,0.0026442156522534788,54,0.17740482301451266,0.0002463632104656054,15,27.05,2.7965719451904296,-1.0
0.008826188146485947,0.0028022391634294763,55,0.1861582319252193,0.0002299927346552969,15,26.950000071525572,2.7725861473083495,-1.0
0.008991239054012112,0.0023805796372471377,56,0.18205597903579473,0.00021404630011522587,15,25.450000011920928,2.812241962432861,-1.0
0.011399271796108223,0.002330290270037949,57,0.21980407019145787,0.00019854849509163232,15,27.5,2.7752276439666748,-1.0
0.014621661539422348,0.0029793114663334563,58,0.28184254793450236,0.00018352321607655918,15,25.95,2.7763299140930178,-1.0
0.012729495458188467,0.0021016112295910716,59,0.2375300358980894,0.00016899363096119395,15,27.90000002384186,2.740977367401123,-1.0
0.012588678859174252,0.003267296706326306,60,0.25386114697903395,0.000154982143312659,15,28.0,2.726676830291748,-1.0
0.013712455649510957,0.0039049105980666354,61,0.28205522592179477,0.0001415103578293356,15,30.150000035762787,2.6968462524414063,-1.0
0.014226545405108482,0.003719607790117152,62,0.2873076959513128,0.0001285990470279847,15,27.45000002384186,2.7348807067871093,-1.0
0.014080636203289032,0.003908813290763646,63,0.2880406859330833,0.0001162681192140312,15,27.200000035762788,2.721565263748169,-1.0
0.014478639655862935,0.0026515622157603502,64,0.2743454340379685,0.00010453658778440107,15,28.8,2.695703594207764,-1.0
0.009055747010279447,0.003414027552935295,65,0.19971678382717073,9.342254191024022e-05,15,27.5,2.7048430767059326,-1.0
0.009279116784455255,0.0019078783952863887,66,0.1790947769768536,8.294311864472437e-05,15,25.85,2.7408170661926268,-1.0
0.009305165425757878,0.0034895772696472704,67,0.2048233940731734,7.311447649896551e-05,15,29.3,2.6569023876190188,-1.0
0.010188575426582247,0.002057320947642438,68,0.19603596394881606,6.395177052675794e-05,15,28.150000047683715,2.6422195453643798,-1.0
0.011327322325087152,0.002815648607793264,69,0.22642245702445507,5.546912895658472e-05,15,27.75,2.6817460594177245,-1.0
0.011628477543126792,0.003037301139556803,70,0.23482313519343734,4.767963140691306e-05,15,29.850000047683714,2.6353951416015624,-1.0
0.013454376356094144,0.002460067960782908,71,0.25482771499082446,4.059528871837034e-05,15,29.350000071525574,2.6520138702392577,-1.0
0.012221573531860486,0.0024731167213758454,72,0.23530328599736094,3.4227024433899e-05,15,27.8,2.659042877197266,-1.0
0.014749918816960417,0.002914978496846743,73,0.28287454205565155,2.8584657955444653e-05,15,28.750000023841856,2.6515292625427245,-1.0
0.012544571291073225,0.002614973345771432,74,0.24279056093655527,2.367688940315011e-05,15,27.39999998807907,2.6653792381286623,-1.0
0.012833968314225785,0.0026963519921991974,75,0.24868148006498814,1.951128620040094e-05,15,29.399999976158142,2.6340022773742677,-1.0
0.011420496390201151,0.0036795701016671956,76,0.24180040415376425,1.6094271405406862e-05,15,28.300000071525574,2.635889139175415,-1.0
0.012309563011513092,0.0023965041182236746,77,0.23549441108480096,1.3431113807311488e-05,15,28.850000035762786,2.651611696243286,-1.0
0.015148496051551774,0.00352123289485462,78,0.29894887399859726,1.1525919802101659e-05,15,27.100000023841858,2.683993547439575,-1.0
0.012808090541511774,0.0034186525736004114,79,0.25989901809953153,1.0381627060842164e-05,15,28.500000047683717,2.6489609966278076,-1.0
0.012208345462568104,0.0033412837219657376,80,0.2489980929531157,1e-05,15,29.4,2.645516754150391,-1.0
0.011935382109025823,0.014884960180258049,1,0.45609267009422183,0.000999618372939158,16,1.8571428589168049,4.99830868493943,-1.0
0.010106145048185307,0.0019023126703413093,2,0.20427832286804914,0.0009984740801978985,16,4.047619054714839,4.503537012736003,-1.0
0.012214262161732596,0.0022061984876499455,3,0.24531004414893687,0.0009965688861926887,16,4.190476197571981,4.399745982033866,-1.0
0.014748615924926364,0.0016661525484831894,4,0.27928909100592136,0.0009939057285945933,16,5.333333335107281,4.305809146336147,-1.0
0.013261720634010784,0.0017429803744615877,5,0.2552614901214838,0.0009904887137995992,16,6.047619064648946,4.212882136390323,-1.0
0.010054552174337646,0.0019327872432768345,6,0.20392047404311597,0.00098632311059685,16,6.476190496058691,4.111070037115188,-1.0
0.012753867366186836,0.00303214428234188,7,0.2685260239522904,0.0009814153420445555,16,7.14285715279125,4.056838498796735,-1.0
0.015011099454782465,0.0029785203035263452,8,0.3060409619938582,0.0009757729755661012,16,7.523809527357419,4.002553477968489,-1.0
0.015268612091484316,0.0031282740289016683,9,0.3130209550727159,0.0009694047112816298,16,9.190476194024086,3.9279959542410716,-1.0
0.014344699584933765,0.003322694299961714,10,0.3005796771030873,0.0009623203685930871,16,9.047619057553154,3.9048059686024983,-1.0
0.014841289054054548,0.0034366365357795183,11,0.3109611999243498,0.0009545308710434153,16,9.809523819457917,3.868826378413609,-1.0
0.014975244699812987,0.003081115127048072,12,0.3072561249136925,0.0009460482294732422,16,9.380952390886488,3.8198985095251174,-1.0
0.01111621382262777,0.0021401397637365494,13,0.22557318396866322,0.0009368855235010348,16,10.714285724219822,3.786380379086449,-1.0
0.01153456321095719,0.0018181362572838279,14,0.22717104386538267,0.0009270568813552758,16,11.380952400820595,3.763732213973999,-1.0
0.01537933642975986,0.0020476013887673616,15,0.29647899605333805,0.0009165774580897602,16,10.904761924630119,3.724374329249064,-1.0
0.015519161229295766,0.0025823391727445755,16,0.3079817018005997,0.0009054634122155992,16,11.238095248029346,3.6774602958134244,-1.0
0.013187994851785548,0.002445467912098941,17,0.2659847210161388,0.0008937318807859689,16,12.095238098785991,3.6683296421595983,-1.0
0.012559266336371793,0.002338691135211026,18,0.25343442102894187,0.0008814009529720156,16,11.761904776096344,3.6529840973445347,-1.0
0.011570563745301436,0.002445464898996493,19,0.2384450570680201,0.0008684896421706646,16,12.57142858845847,3.600124106634231,-1.0
0.010539805680951652,0.002607165849493707,20,0.2236231730785221,0.0008550178566873412,16,13.380952395143963,3.5914227562858945,-1.0
0.012063802178839551,0.002048439181902829,21,0.2400697460398078,0.0008410063690388064,16,14.57142858845847,3.537536852246239,-1.0
0.014445037526242873,0.0019228558795636192,22,0.2784838529769331,0.0008264767839234412,16,12.952380972249168,3.542032121476673,-1.0
0.015180946505792877,0.003565857679966618,23,0.3189783659763634,0.000811451504908368,16,14.857142877011071,3.5087863041105725,-1.0
0.014739257762865984,0.002828666241839528,24,0.29892997117713094,0.0007959536998847743,16,15.00000000709579,3.496351274762835,-1.0
0.011674472637584104,0.003394508528906633,25,0.25638203392736614,0.0007800072653447032,16,14.285714299905868,3.4527754706428166,-1.0
0.012242363875403124,0.0017031557611463701,26,0.23723253211937845,0.0007636367895343947,16,16.00000000851495,3.4135608218965077,-1.0
0.014239463996251716,0.0019812028279856723,27,0.27599182818084955,0.0007468675145409928,16,14.428571437086378,3.461274847303118,-1.0
0.013867086593938224,0.002734047593548894,28,0.2824932411313057,0.0007297252973710758,16,15.761904776096344,3.4062964316776823,-1.0
0.014347753706662095,0.0027661664712735835,29,0.291203344007954,0.0007122365700810271,16,16.571428575686046,3.3898753406887963,-1.0
0.01186708191081005,0.002645256682572996,30,0.2469261500518769,0.0006944282990207196,16,17.142857162725356,3.3393515868414014,-1.0
0.01398953005178448,0.003257902996505008,31,0.2933788599912077,0.0006763279432533592,16,17.04761906748726,3.349960500172206,-1.0
0.009719419128754559,0.0033609030960018143,32,0.22250283416360617,0.0006579634122155992,16,16.23809525228682,3.3342913409641812,-1.0
0.009661901947658728,0.0018833806354771642,33,0.1963730191346258,0.000639363022683212,16,17.142857154210407,3.3123065208253406,-1.0
0.009323056143544176,0.0020093343302826673,34,0.19275423395447433,0.0006205554551086735,16,17.9047619388217,3.2765542452675955,-1.0
0.009742868310936233,0.0019095009192824364,35,0.19819304207339883,0.0006015697093979838,16,17.47619049038206,3.294249618166969,-1.0
0.009358500418088892,0.001958314808742965,36,0.1924890240188688,0.0005824350601949146,16,18.952380958057585,3.214428378968012,-1.0
0.009413914042798913,0.002062310012714828,37,0.1951995650306344,0.0005631810117416299,16,16.952380972249166,3.2358316058204286,-1.0
0.009732259505921426,0.0022675792467506495,38,0.20410012314096093,0.0005438372523852835,16,18.523809538001107,3.198034607115246,-1.0
0.009627676363486578,0.002105635645634988,39,0.19956872798502445,0.0005244336088007391,16,18.809523815200443,3.2024731281825476,-1.0
0.009384208399912013,0.0022227720165734783,40,0.19742231303825974,0.0005050000000000001,16,19.809523820877075,3.172261602310907,-1.0
0.011004921500844991,0.0021038669134106707,41,0.22298311395570636,0.0004855663911992613,16,19.285714325450716,3.155575402577718,-1.0
0.013644822215770973,0.003007809549350949,42,0.28326364303939044,0.00046616274761471693,16,19.285714291390917,3.139137687228975,-1.0
0.00964994276599849,0.002044372876886936,43,0.19893709803000093,0.00044681898825837057,16,19.428571442763012,3.1331953934260777,-1.0
0.012050016481867609,0.0017383785863571307,44,0.23453713790513575,0.000427564939805086,16,20.047619081678846,3.1049466678074427,-1.0
0.014947458992109579,0.0028348446494954474,45,0.3025070340372622,0.00040843029060201667,16,20.04761905329568,3.108635312489101,-1.0
0.009791999137686455,0.0026627650950104,46,0.2119129050988704,0.000389444544891327,16,21.47619048186711,3.063231667564029,-1.0
0.008602134061648566,0.0031479034189353973,47,0.1998520800843835,0.0003706369773167883,16,22.28571429990587,3.047389149892898,-1.0
0.008928648976828246,0.002527761081343188,48,0.1948600618634373,0.0003520365877844012,16,21.04761906181063,3.0716457385108584,-1.0
0.008316879352445112,0.0025892158258048925,49,0.18550709495320916,0.0003336720567466412,16,20.76190477041971,3.0386636080060687,-1.0
0.008492866859716527,0.002347967313492999,50,0.1843982778955251,0.0003155717009792807,16,23.33333336739313,3.009454405194237,-1.0
0.009329132968559861,0.0023288886227151927,51,0.19828967214562,0.00029776342991897335,16,21.476190476190474,3.002444208690098,-1.0
0.009108956574517138,0.0026027332607875854,52,0.19920852198265493,0.00028027470262892445,16,21.523809530905314,3.004738825389317,-1.0
0.009330795078045306,0.0022649482741732806,53,0.19723070203326643,0.0002631324854590073,16,22.571428577105205,2.992109285082136,-1.0
0.009179387255297863,0.002696514513124438,54,0.2019947769585997,0.0002463632104656054,16,22.904761933145068,2.9589303302764893,-1.0
0.009188856450183427,0.0027026917292352986,55,0.20225839200429618,0.0002299927346552969,16,23.523809523809526,2.956476831436157,-1.0
0.009155701818492483,0.002496523946961936,56,0.1981933459173888,0.00021404630011522587,16,23.523809540839423,2.9475815382457915,-1.0
0.009197239654467386,0.002461402225034202,57,0.19830060796812177,0.00019854849509163232,16,23.476190515926906,2.9479217225029357,-1.0
0.01259921825326541,0.0028080868753878508,58,0.26206186413764954,0.00018352321607655918,16,23.952380980764115,2.9090616412389845,-1.0
0.014569121495108394,0.002841466448872405,59,0.29618283989839256,0.00016899363096119395,16,24.190476196152822,2.8747413998558407,-1.0
0.009523277294219416,0.003619924173964297,60,0.2236227779649198,0.000154982143312659,16,22.761904776096344,2.91181818144662,-1.0
0.009481436463401598,0.0018104645423591137,61,0.1920683360658586,0.0001415103578293356,16,23.190476196152822,2.914395318712507,-1.0
0.009660756461979711,0.001666002783595639,62,0.1926597950514406,0.0001285990470279847,16,24.047619056133996,2.894769824345907,-1.0
0.011083783061407945,0.002039178055437172,63,0.22322946786880493,0.0001162681192140312,16,24.619047630400885,2.8684403210594542,-1.0
0.01136784048696213,0.002385007217526436,64,0.23397107003256679,0.00010453658778440107,16,25.000000028383162,2.868998570669265,-1.0
0.01192817886305206,0.002612308256656808,65,0.24738375400193036,9.342254191024022e-05,16,24.904761904761905,2.852300703866141,-1.0
0.012024464072002208,0.0027565378147889584,66,0.25147280585952103,8.294311864472437e-05,16,23.95238098644075,2.8545307704380583,-1.0
0.014657506212482558,0.0017280037213555153,67,0.27877289801836014,7.311447649896551e-05,16,25.380952409335546,2.861512434369042,-1.0
0.010513078640489018,0.0018496817142209586,68,0.21036044717766345,6.395177052675794e-05,16,25.714285771052044,2.8429448904309953,-1.0
0.013306490173015524,0.002730964600820752,69,0.2727709028404206,5.546912895658472e-05,16,25.619047613370988,2.8314280914124987,-1.0
0.014153125736971988,0.0025020220782607794,70,0.28334904997609556,4.767963140691306e-05,16,24.571428633871534,2.8463219797043573,-1.0
0.014610758955206941,0.002514576758531963,71,0.2913710279390216,4.059528871837034e-05,16,25.04761905329568,2.870226018542335,-1.0
0.008519160191473715,0.002689180347849341,72,0.19068371201865375,3.4227024433899e-05,16,26.04761905329568,2.8315719045911516,-1.0
0.010933856425039908,0.002312105053159244,73,0.22531927190721035,2.8584657955444653e-05,16,25.047619058972312,2.8713516403379895,-1.0
0.010564204332802226,0.001682022079715834,74,0.20832623005844653,2.367688940315011e-05,16,26.904761927468435,2.813428738457816,-1.0
0.011575371766572489,0.0019280174747109413,75,0.22968800296075642,1.951128620040094e-05,16,25.19047622453599,2.843703990663801,-1.0
0.01151295578764642,0.0019270547336953528,76,0.2286553520243615,1.6094271405406862e-05,16,25.523809586252487,2.813481212797619,-1.0
0.015314385692095932,0.002568632473840433,77,0.3043173491023481,1.3431113807311488e-05,16,26.000000028383162,2.820118553070795,-1.0
0.01285186700303765,0.0031108175924814798,78,0.27158779208548367,1.1525919802101659e-05,16,25.333333333333332,2.840699810754685,-1.0
0.01059069809065584,0.0016852510846493876,79,0.2088998700492084,1.0381627060842164e-05,16,26.285714319774083,2.8030059242248537,-1.0
0.014698538888136254,0.0031607530545443296,80,0.3038260489702225,1e-05,16,25.28571429706755,2.8441276936304,-1.0
0.01133240943050219,0.01454326990319209,1,0.465913956053555,0.000999618372939158,17,2.5454545481638475,4.980947707783092,-1.0
0.014816156006418169,0.0028492380450997087,2,0.3181973840110004,0.0009984740801978985,17,2.772727272727273,4.5183132084933195,-1.0
0.015116408079241713,0.002047813199977908,3,0.30920659890398383,0.0009965688861926887,17,3.8181818195364694,4.410910198905251,-1.0
0.012307277751258679,0.0018190114707168606,4,0.25446952087804675,0.0009939057285945933,17,3.9545454559001056,4.316791328083385,-1.0
0.011203841099308597,0.002085407070505122,5,0.23935632314532995,0.0009904887137995992,17,5.40909091044556,4.207034133564342,-1.0
0.011870627537266247,0.0022418687973792353,6,0.2541734059341252,0.00098632311059685,17,7.090909092263742,4.118672986464067,-1.0
0.011835736869316962,0.0018531341855931613,7,0.24658448714762926,0.0009814153420445555,17,7.272727274081924,4.085917523124001,-1.0
0.01348306362827619,0.002123479808991154,8,0.2811067549046129,0.0009757729755661012,17,8.136363641782241,4.002632502642545,-1.0
0.013429617716206444,0.0021759803381024134,9,0.2811021979432553,0.0009694047112816298,17,8.727272727272727,3.9544940185546875,-1.0
0.014541464935367307,0.0018506654564084278,10,0.29529810696840286,0.0009623203685930871,17,8.22727272998203,3.9281027204340155,-1.0
0.014704024406253464,0.0018853188181916873,11,0.2989341178908944,0.0009545308710434153,17,9.000000001354652,3.8887448943745007,-1.0
0.013977986941527989,0.002191444496727652,12,0.29130556085146964,0.0009460482294732422,17,9.454545457254756,3.8738336753845215,-1.0
0.010809291244691445,0.0017283256941785414,13,0.22587115596979856,0.0009368855235010348,17,9.863636366345666,3.7956577387723054,-1.0
0.011976702694988085,0.0018467341886005467,14,0.24897355190478265,0.0009270568813552758,17,9.95454545996406,3.7972360784357244,-1.0
0.014860142475097544,0.0016786914137709471,15,0.2979253700468689,0.0009165774580897602,17,11.409090914509513,3.766378285668113,-1.0
0.01496093420104848,0.001765541512415641,16,0.3013823018409312,0.0009054634122155992,17,11.045454546809196,3.6984789484197442,-1.0
0.014746094937436283,0.0018215599573320812,17,0.2984810541383922,0.0008937318807859689,17,11.772727275436575,3.685601915879683,-1.0
0.014940880083789429,0.0017347830839248167,18,0.3004600848071277,0.0008814009529720156,17,13.181818187236786,3.6687039453333075,-1.0
0.013255514631358286,0.0017814808654495412,19,0.2708729899022728,0.0008684896421706646,17,12.909090911800211,3.632893288352273,-1.0
0.010865512252267864,0.0025593598580194842,20,0.24182705720886588,0.0008550178566873412,17,12.454545455900105,3.62025595925071,-1.0
0.01400164666119963,0.0018708946752465433,21,0.2859114131424576,0.0008410063690388064,17,11.909090911800211,3.572424315539273,-1.0
0.01400444549249692,0.0017278457914168637,22,0.28343123896047473,0.0008264767839234412,17,14.727272727272727,3.522384727651423,-1.0
0.014499240063337816,0.0024746882134220665,23,0.30579379410482943,0.000811451504908368,17,13.500000002709301,3.5486916290629993,-1.0
0.01405359275587317,0.0020954994122601217,24,0.29093567794188857,0.0007959536998847743,17,13.954545457254756,3.5009035700017757,-1.0
0.008569640120387904,0.001813292205851111,25,0.1870733827818185,0.0007800072653447032,17,14.090909092263741,3.5117444393851542,-1.0
0.010401925925786296,0.002928317239921954,26,0.24007401219569147,0.0007636367895343947,17,14.772727275436575,3.4752741579575974,-1.0
0.009517443081777956,0.00154778726088504,27,0.19930686498992145,0.0007468675145409928,17,14.181818187236786,3.4508738699826327,-1.0
0.00874264060985297,0.0017331433870519202,28,0.188665074063465,0.0007297252973710758,17,15.045454545454545,3.434795824397694,-1.0
0.011077681245903174,0.0019416916442828046,29,0.23447849694639444,0.0007122365700810271,17,14.5,3.4030007110942493,-1.0
0.011058207989359895,0.001731159463007417,30,0.23037253017537296,0.0006944282990207196,17,15.318181829019027,3.416761889891191,-1.0
0.01355963127894534,0.0018421712124513255,31,0.27743320679292083,0.0006763279432533592,17,15.636363641782241,3.397955767024647,-1.0
0.013764528156672087,0.0016971076191920373,32,0.27856495697051287,0.0006579634122155992,17,16.272727272727273,3.3621053929762406,-1.0
0.011724618806814155,0.0016715264646336436,33,0.24133147695101798,0.000639363022683212,17,16.636363647200845,3.3245652623610065,-1.0
0.009340756650393208,0.003026366621876756,34,0.22278022696264088,0.0006205554551086735,17,16.500000002709303,3.313728872645985,-1.0
0.008568591942700246,0.0025992446139247883,35,0.20112099801190197,0.0006015697093979838,17,18.636363636363637,3.301563236063177,-1.0
0.009423007761749128,0.0015797725775175625,36,0.19815077702514827,0.0005824350601949146,17,18.90909091992812,3.2600833415985107,-1.0
0.008710089941612549,0.0016878481126493877,37,0.18726517888717353,0.0005631810117416299,17,18.31818182089112,3.2705092828924007,-1.0
0.009263202341066467,0.001907111158491009,38,0.2011669548228383,0.0005438372523852835,17,18.045454545454547,3.233970212069425,-1.0
0.009406535278281404,0.0020043918242057166,39,0.20549915195442736,0.0005244336088007391,17,17.86363638531078,3.25244515245611,-1.0
0.011484959977678955,0.0015346730748812358,40,0.23448579502291977,0.0005050000000000001,17,19.636363647200845,3.224266787442294,-1.0
0.01443997687763638,0.001935686903177864,41,0.29499132209457457,0.0004855663911992613,17,18.772727278145876,3.2237743030894888,-1.0
0.014053966229160627,0.0016387923775861661,42,0.28271733690053225,0.00046616274761471693,17,19.181818181818183,3.197275181683627,-1.0
0.014487240360014968,0.0016631355328071448,43,0.29095098306424916,0.00044681898825837057,17,18.545454545454547,3.2004878243533046,-1.0
0.014712427005482217,0.0016500084893777966,44,0.29477358399890363,0.000427564939805086,17,19.863636366345666,3.157667375911366,-1.0
0.01438138023432758,0.0017413629813947612,45,0.2904551769606769,0.00040843029060201667,17,21.272727272727273,3.133911105069247,-1.0
0.014416954182605777,0.001561368763860729,46,0.2878635039087385,0.000389444544891327,17,20.40909091180021,3.1359680999409068,-1.0
0.014132578650282489,0.00184475668033378,47,0.28783981897868216,0.0003706369773167883,17,21.363636363636363,3.109800817316229,-1.0
0.014532669072246386,0.002243043596131934,48,0.30223635910078883,0.0003520365877844012,17,19.727272727272727,3.096917321465232,-1.0
0.014613147579236992,0.0028161877481680778,49,0.3139997438993305,0.0003336720567466412,17,21.363636363636363,3.070165586471558,-1.0
0.015376159546172453,0.0026326115087916455,50,0.3244295669719577,0.0003155717009792807,17,20.636363658038054,3.1116158632798627,-1.0
0.01507223993798511,0.0019698772294860748,51,0.3070545829832554,0.00029776342991897335,17,21.40909090909091,3.077319238836115,-1.0
0.015061979608920714,0.0021799703309726384,52,0.31065726187080145,0.00028027470262892445,17,22.95454545996406,3.0002812749689274,-1.0
0.0144869786583715,0.0020633169527476034,53,0.29816167592070997,0.0002631324854590073,17,21.090909093618393,3.0576737559925427,-1.0
0.014558970216765173,0.0016481345002022055,54,0.29199481499381363,0.0002463632104656054,17,21.636363636363637,3.052935804020275,-1.0
0.010978987983738383,0.0016351680711118712,55,0.2272613679524511,0.0002299927346552969,17,22.272727272727273,3.018586743961681,-1.0
0.014848533202894032,0.00211549480445683,56,0.3055564898531884,0.00021404630011522587,17,22.454545454545453,3.027441669810902,-1.0
0.015000669880666666,0.002448379282011754,57,0.3143859908450395,0.00019854849509163232,17,22.36363636905497,3.0193220242587,-1.0
0.01582820643670857,0.0017407210543751717,58,0.31653171218931675,0.00018352321607655918,17,23.40909090909091,2.9805501903187146,-1.0
0.011942262955320379,0.0019445769980342852,59,0.25022368086501956,0.00016899363096119395,17,22.272727283564482,2.980828677957708,-1.0
0.014503116564204296,0.002393486159336236,60,0.30435608490370214,0.000154982143312659,17,22.727272732691333,2.971160306930542,-1.0
0.012030760330768922,0.0025105764442640874,61,0.2619837219826877,0.0001415103578293356,17,23.13636364178224,2.96350096355785,-1.0
0.009949370727149976,0.0018662837747898367,62,0.21284445514902472,0.0001285990470279847,17,23.136363636363637,2.9415164592049337,-1.0
0.01001149055082351,0.002233301172964275,63,0.22053667600266635,0.0001162681192140312,17,24.727272738109935,2.9118721016970546,-1.0
0.009857780248340633,0.0017094939766037795,64,0.20833762479014695,0.00010453658778440107,17,23.954545454545453,2.929984990900213,-1.0
0.010334839423497518,0.001609205022557742,65,0.21511978982016444,9.342254191024022e-05,17,24.227272727272727,2.9335440479625357,-1.0
0.01033501306341754,0.0020208387092376747,66,0.22253026999533176,8.294311864472437e-05,17,23.045454556291755,2.9387299277565697,-1.0
0.010644012971574234,0.0016191217582672834,67,0.2208586880005896,7.311447649896551e-05,17,23.090909112583507,2.9204511044242167,-1.0
0.010037569135117034,0.002208350252153145,68,0.22055039508268237,6.395177052675794e-05,17,25.272727278145876,2.890568321401423,-1.0
0.010095334003886415,0.0017587669943976733,69,0.21349813509732485,5.546912895658472e-05,17,23.5909091017463,2.9256873815709894,-1.0
0.010914621111522946,0.002193512006973227,70,0.23607290582731366,4.767963140691306e-05,17,24.36363636905497,2.872675199508667,-1.0
0.010028636833238933,0.0018434539411423935,71,0.2138233429286629,4.059528871837034e-05,17,24.636363636363637,2.8892131874778055,-1.0
0.012215577078879707,0.0015116940873364608,72,0.24724186793901026,3.4227024433899e-05,17,22.772727272727273,2.904808392091231,-1.0
0.012820653061175512,0.0016683031054627565,73,0.2610065289773047,2.8584657955444653e-05,17,25.0909091017463,2.8838694901899857,-1.0
0.012612415296542976,0.0017396503050501149,74,0.2585177309811115,2.367688940315011e-05,17,24.590909112583507,2.898081151788885,-1.0
0.010548111711007854,0.0015968415084191495,75,0.21876963879913092,1.951128620040094e-05,17,24.363636363636363,2.885871539549394,-1.0
0.010265405108738277,0.001813578445257412,76,0.2175466411281377,1.6094271405406862e-05,17,24.454545457254756,2.879410885030573,-1.0
0.012212368776090443,0.0015823903312492701,77,0.24846280994825065,1.3431113807311488e-05,17,25.272727278145876,2.9042338154532694,-1.0
0.012229364235988922,0.0017635491029876801,78,0.252053472911939,1.1525919802101659e-05,17,24.40909091992812,2.9042678009379994,-1.0
0.009633977884530194,0.0017387433908879757,79,0.20490553718991578,1.0381627060842164e-05,17,25.045454556291755,2.878043629906394,-1.0
0.009100519870925281,0.002018118639373117,80,0.20025529293343425,1e-05,17,26.045454545454547,2.8502864083376798,-1.0
0.009937255759723485,0.013925129405429794,1,0.4296615400817245,0.000999618372939158,18,1.3043478247912035,5.208214591482411,-1.0
0.00960706204124209,0.002114821509975526,2,0.21115839993581176,0.0009984740801978985,18,3.0869565126688583,4.542385781329611,-1.0
0.01234637746690876,0.0019611939658514327,3,0.25766503997147083,0.0009965688861926887,18,3.6086956469909004,4.448540042379628,-1.0
0.011922714998945594,0.0018252449420591195,4,0.2476136249024421,0.0009939057285945933,18,4.608695640512135,4.337144179136857,-1.0
0.010073248891987734,0.0017209253273904324,5,0.2124685870949179,0.0009904887137995992,18,5.73913042312083,4.232058203324027,-1.0
0.011920480471518304,0.001867203533442484,6,0.24833351513370872,0.00098632311059685,18,7.043478251799293,4.164585704803467,-1.0
0.01459164684638381,0.0018522582120365566,7,0.29621844412758946,0.0009814153420445555,18,6.652173907860465,4.106041111324145,-1.0
0.012066735161675347,0.0018552893953811792,8,0.25080536608584225,0.0009757729755661012,18,7.826086943564207,4.038298872657444,-1.0
0.009741858812049031,0.002337598190125492,9,0.21756103308871388,0.0009694047112816298,18,6.782608687877655,4.003386981798255,-1.0
0.009887374536548223,0.0017772829030743903,10,0.21008932311087847,0.0009623203685930871,18,8.565217377051063,3.9380155563354493,-1.0
0.011531244756446945,0.0018395264115598467,11,0.2408277119975537,0.0009545308710434153,18,8.304347811833672,3.9107170279129693,-1.0
0.012310952556112574,0.0018202443995202582,12,0.2545496369712055,0.0009460482294732422,18,9.434782591850862,3.873310437409774,-1.0
0.01468067982285801,0.00181076034075684,13,0.2970607269089669,0.0009368855235010348,18,10.173913020154703,3.828799357206925,-1.0
0.013626247023542723,0.001879807302935256,14,0.27931812196038663,0.0009270568813552758,18,9.869565200546514,3.810628500814023,-1.0
0.009763437284467122,0.001571765893863307,15,0.20416577509604394,0.0009165774580897602,18,10.782608672328617,3.773341759806094,-1.0
0.009709677684845196,0.0019283858127892017,16,0.2096057739108801,0.0009054634122155992,18,9.78260867751163,3.768141738642817,-1.0
0.01409738985562904,0.002329254031388296,17,0.29585849889554083,0.0008937318807859689,18,11.999999976676444,3.6855003871088443,-1.0
0.012125720192367831,0.0019768953659675187,18,0.25407464196905494,0.0008814009529720156,18,13.130434720412545,3.6547769355773925,-1.0
0.012269132304936647,0.002033756256827878,19,0.257642209995538,0.0008684896421706646,18,12.217391287503036,3.636073747303175,-1.0
0.01435658405534923,0.001830972886333863,20,0.2915913281030953,0.0008550178566873412,18,13.521739113589991,3.589728712828263,-1.0
0.012035676252303852,0.003113717306405306,21,0.27293238905258477,0.0008410063690388064,18,13.3043478027634,3.564526930684629,-1.0
0.010550689999945462,0.0020093880076375273,22,0.22625172999687493,0.0008264767839234412,18,13.217391275841257,3.56980346472367,-1.0
0.010113922284088202,0.002180895651690662,23,0.22143241111189127,0.000811451504908368,18,14.478260807369066,3.5246987985528033,-1.0
0.010158634434143702,0.001799726561229262,24,0.2153789799194783,0.0007959536998847743,18,14.173913025337717,3.4880858313519023,-1.0
0.010260296041249402,0.001628279634233978,25,0.21411607414484024,0.0007800072653447032,18,14.521739068238631,3.5034169035372527,-1.0
0.010284046112145815,0.0016064401715993881,26,0.2141522888559848,0.0007636367895343947,18,13.99999997926795,3.4545017408288046,-1.0
0.010078203605694903,0.0015989851801552707,27,0.21031798096373677,0.0007468675145409928,18,14.565217374459557,3.5033316081503165,-1.0
0.012084270607576601,0.0022272190027352837,28,0.25775662809610367,0.0007297252973710758,18,15.304347800171893,3.453090688871301,-1.0
0.012571137217390869,0.0017695883935731319,29,0.25832324707880616,0.0007122365700810271,18,16.08695650100708,3.3607706621418827,-1.0
0.014654003200121224,0.0030955931999617154,30,0.3197256438434124,0.0006944282990207196,18,16.565217357614767,3.352668479007223,-1.0
0.01061674278591656,0.0017004280428712566,31,0.22190974606201053,0.0006763279432533592,18,16.391304330981296,3.3467158218052075,-1.0
0.011929096990368433,0.0020530151151534584,32,0.25182517897337675,0.0006579634122155992,18,16.95652175467947,3.3257678077531896,-1.0
0.010688134313871464,0.0017936842309104071,33,0.22483791201375425,0.000639363022683212,18,16.913043452345807,3.3138708682682205,-1.0
0.010238143537814418,0.0020959454122930765,34,0.222137768054381,0.0006205554551086735,18,17.434782577597577,3.301645608155624,-1.0
0.010190609661448333,0.0019489771738234493,35,0.21863395511172712,0.0006015697093979838,18,18.08695649582407,3.2666194426495094,-1.0
0.010352062540025346,0.0016591415688809422,36,0.21632029092870653,0.0005824350601949146,18,18.217391236968663,3.276813551446666,-1.0
0.010281324671167467,0.0018148625450622705,37,0.21786569198593497,0.0005631810117416299,18,18.434782577597577,3.248986814333045,-1.0
0.010117095843371417,0.0019300749344337317,38,0.21697412198409438,0.0005438372523852835,18,19.608695623667344,3.2262537442082944,-1.0
0.00988798503143092,0.0016432338032043642,39,0.20768839889205992,0.0005244336088007391,18,19.608695628850356,3.1915411347928253,-1.0
0.009242154062829085,0.001769775990396738,40,0.1983342608436942,0.0005050000000000001,18,19.782608695652176,3.1833182728808858,-1.0
0.009416066511120234,0.0015636340378680164,41,0.1977599780075252,0.0004855663911992613,18,18.608695574428726,3.1795179752681566,-1.0
0.009712105435836647,0.001544656736465792,42,0.20274186902679503,0.00046616274761471693,18,21.347826048083927,3.1564437654744024,-1.0
0.011771366038980583,0.0017646631846825283,43,0.24380416981875896,0.00044681898825837057,18,21.565217323925186,3.1340510073952053,-1.0
0.015091008144534297,0.0018557211280696923,44,0.3052649828605354,0.000427564939805086,18,19.652173845664315,3.1387248043392018,-1.0
0.010719435651683144,0.0018715644125930136,45,0.22684333007782698,0.00040843029060201667,18,19.565217360206272,3.1486147042979367,-1.0
0.013749825186096132,0.002054288750514388,46,0.28464713087305427,0.000389444544891327,18,21.47826087993124,3.107888353596563,-1.0
0.014580289665092196,0.001948643281745414,47,0.29778116405941546,0.0003706369773167883,18,20.82608687877655,3.093143932093745,-1.0
0.014398299235229691,0.0019120193190044826,48,0.29384317994117737,0.0003520365877844012,18,21.217391226602636,3.0978911685943604,-1.0
0.014829419204033911,0.0017349724140432146,49,0.2984310579486191,0.0003336720567466412,18,22.086956482866537,3.0580219554901125,-1.0
0.014458297648363642,0.0018817866350420648,50,0.2943804149981588,0.0003155717009792807,18,21.913043483443882,3.065250128041143,-1.0
0.014228969695977867,0.0018520939112123516,51,0.28973032301291823,0.00029776342991897335,18,22.304347792397376,3.024839506978574,-1.0
0.0151055583005978,0.001867753983889189,52,0.3057876438833773,0.00028027470262892445,18,21.26086954448534,3.040457840380461,-1.0
0.01409172463334269,0.003465079870592389,53,0.3162900540046394,0.0002631324854590073,18,22.65217387157938,2.976889937442282,-1.0
0.010383342677313421,0.0022438137740310696,54,0.2274897580500692,0.0002463632104656054,18,22.521739094153695,3.026199601629506,-1.0
0.009247072002229592,0.001844398392778304,55,0.19976737909018993,0.0002299927346552969,18,21.95652174949646,3.001772099370542,-1.0
0.01014904227728645,0.001955022453330457,56,0.21800051582977176,0.00021404630011522587,18,23.47826087474823,2.994184275502744,-1.0
0.010110531066958275,0.0017658785477073656,57,0.2138938510324806,0.00019854849509163232,18,23.086956475092016,2.98217847533848,-1.0
0.010337648486408094,0.0016323510660893386,58,0.21558559103868902,0.00018352321607655918,18,23.78260860754096,2.9731379728731904,-1.0
0.011881399951461289,0.0017961977153188651,59,0.24634372792206705,0.00016899363096119395,18,22.34782605326694,2.982799600518268,-1.0
0.010371288776190745,0.0017918329427225722,60,0.21909473999403417,0.000154982143312659,18,23.695652049520742,2.9292474738411283,-1.0
0.011687142386411628,0.0019284086689973872,61,0.24523268803022802,0.0001415103578293356,18,22.652173824932266,2.9330276145105776,-1.0
0.010659472124340633,0.0018030631019630367,62,0.22449324605986476,0.0001285990470279847,18,23.434782569823057,2.9441661764227827,-1.0
0.01199386367160413,0.0017766199954268006,63,0.24801640794612467,0.0001162681192140312,18,24.17391296055006,2.924631307850713,-1.0
0.012239784002304077,0.0018792492208174532,64,0.25433085998520255,0.00010453658778440107,18,23.95652165101922,2.9345954488671344,-1.0
0.012434836813352175,0.001692222301951713,65,0.25447603687644005,9.342254191024022e-05,18,24.826086920240652,2.89509488561879,-1.0
0.014707992086187005,0.0016871383025621374,66,0.2953462789300829,8.294311864472437e-05,18,24.30434774834177,2.889017568256544,-1.0
0.013127086878133317,0.0018273902953498894,67,0.2694043340161443,7.311447649896551e-05,18,24.30434778721436,2.919470814829287,-1.0
0.011570940169298815,0.0017757003402544393,68,0.24040485708974302,6.395177052675794e-05,18,24.565217391304348,2.90198427449102,-1.0
0.009155812453375094,0.00201272059025036,69,0.2011918828357011,5.546912895658472e-05,18,23.999999963718913,2.8764413684347403,-1.0
0.009532273785832027,0.001608958325555755,70,0.20066681504249573,4.767963140691306e-05,18,25.043478219405465,2.9032314089070197,-1.0
0.009929335663198598,0.001715177721861336,71,0.20972972293384373,4.059528871837034e-05,18,23.99999997149343,2.9007673810875936,-1.0
0.009797923654938737,0.0019985056197684673,72,0.2124556270428002,3.4227024433899e-05,18,24.13043469449748,2.876961342355479,-1.0
0.009967407108181052,0.0016258642750067844,73,0.20880394289270043,2.8584657955444653e-05,18,25.782608695652176,2.8433388784657354,-1.0
0.01113625728370001,0.0017285056075909072,74,0.23171430500224233,2.367688940315011e-05,18,23.86956517851871,2.8869224569071896,-1.0
0.009735326476705572,0.0017375485298948155,75,0.20666830497793853,1.951128620040094e-05,18,26.434782536133476,2.8484680014071255,-1.0
0.010217106642408503,0.0015791389677259657,76,0.21245516487397254,1.6094271405406862e-05,18,23.347826055858445,2.886917571606843,-1.0
0.009685638399484256,0.002373109157714579,77,0.21718137082643807,1.3431113807311488e-05,18,25.217391265475232,2.890965746174688,-1.0
0.012152343600367507,0.0017460935568023059,78,0.250324429012835,1.1525919802101659e-05,18,23.78260866196259,2.886086009067038,-1.0
0.011047935139180886,0.0015977191894004743,79,0.2277840010356158,1.0381627060842164e-05,18,25.217391226602636,2.8568759652842646,-1.0
0.01032958135733174,0.0019206052594300774,80,0.22062430111691356,1e-05,18,24.086956516556118,2.881789605513863,-1.0
0.01149235784664358,0.012120972571306322,1,0.44880151096731424,0.000999618372939158,19,1.7083333358168602,4.880613803863525,-1.0
0.010208343265970287,0.001800769792967721,2,0.22830970399081707,0.0009984740801978985,19,2.4166666666666665,4.543834228515625,-1.0
0.009650643669853085,0.0018972869055639756,3,0.21952621382661164,0.0009965688861926887,19,3.6666666766007743,4.459265333811442,-1.0
0.010087771206407956,0.0015071836349211242,4,0.22043989598751068,0.0009939057285945933,19,4.083333338300387,4.371841220855713,-1.0
0.011322593046842437,0.0014163295762907517,5,0.24214522796683013,0.0009904887137995992,19,5.25,4.295287672678629,-1.0
0.009281018724370944,0.001460461901794923,6,0.20420342520810664,0.00098632311059685,19,5.041666686534882,4.243476155598958,-1.0
0.009515594666529643,0.001866665484971906,7,0.21636634785681963,0.0009814153420445555,19,6.666666666666667,4.175254611968994,-1.0
0.011601079377884927,0.0014392657842683164,8,0.24789987783879042,0.0009757729755661012,19,7.375000019868215,4.093242394129435,-1.0
0.009517869066545054,0.0015249951546521562,9,0.20995504106394947,0.0009694047112816298,19,8.5,4.015688076019287,-1.0
0.008744637959783799,0.0017467286731851729,10,0.19943957100622356,0.0009623203685930871,19,8.125,3.982995704015096,-1.0
0.009223966540670708,0.0014458590456725734,11,0.2028299120720476,0.0009545308710434153,19,8.666666676600775,3.959358320236206,-1.0
0.009185349335893989,0.00169827307476417,12,0.2068903581239283,0.0009460482294732422,19,7.54166667163372,3.899534823099772,-1.0
0.010744346416016159,0.002066350627788588,13,0.24353345995768905,0.0009368855235010348,19,9.95833334326744,3.8546821053822837,-1.0
0.009400254041936836,0.0020758074365164105,14,0.21818981505930424,0.0009270568813552758,19,10.833333373069763,3.8334237162272133,-1.0
0.009439466606923625,0.0016959664460859801,15,0.21167499106377363,0.0009165774580897602,19,10.208333353201548,3.7991644700368243,-1.0
0.00973090672816493,0.0015272738436531079,16,0.2140304078347981,0.0009054634122155992,19,11.541666666666666,3.7546159108479817,-1.0
0.009109540401320709,0.0018290761171987182,17,0.20793690788559616,0.0008937318807859689,19,10.916666666666666,3.7218009789784747,-1.0
0.01032893631705328,0.002815702096804192,18,0.24985034298151731,0.0008814009529720156,19,11.666666686534882,3.716063534418742,-1.0
0.011026298259630016,0.002466584629330196,19,0.256495731882751,0.0008684896421706646,19,11.83333334326744,3.6662789154052735,-1.0
0.009773600429884698,0.002160442833739676,20,0.22688693087548018,0.0008550178566873412,19,12.708333353201548,3.618405202229818,-1.0
0.010210516225350531,0.0018851966229512503,21,0.229940326185897,0.0008410063690388064,19,11.916666676600775,3.6461774857838947,-1.0
0.010227577626018933,0.0016603252703421994,22,0.22599563305266201,0.0008264767839234412,19,12.0,3.5983116181691486,-1.0
0.01268050454458908,0.0023087651934474707,23,0.2849318489897996,0.000811451504908368,19,13.416666686534882,3.5519557921091716,-1.0
0.010610852047408881,0.002014663058186048,24,0.24012815300375223,0.0007959536998847743,19,14.083333353201548,3.5433875687917076,-1.0
0.01046874914563408,0.001584105536733803,25,0.22913054912351072,0.0007800072653447032,19,13.75,3.5323237578074136,-1.0
0.012062965659424663,0.0017171816067083885,26,0.2619903988670558,0.0007636367895343947,19,14.000000009934107,3.5093644364674885,-1.0
0.012609057324497323,0.0016056693183552277,27,0.27028371184132993,0.0007468675145409928,19,13.666666666666666,3.51942276318868,-1.0
0.010473864349095445,0.001724553600835957,28,0.2319298810325563,0.0007297252973710758,19,14.125,3.4514229583740232,-1.0
0.012326825030246064,0.001939630233927777,29,0.27123164385557175,0.0007122365700810271,19,14.87500003973643,3.452830098470052,-1.0
0.012567633493362288,0.0015628344477399399,30,0.2686778400093317,0.0006944282990207196,19,15.37500003973643,3.4253288904825845,-1.0
0.014834618012077715,0.0015738957291959149,31,0.3119858668651432,0.0006763279432533592,19,15.50000003973643,3.38700322786967,-1.0
0.014287835109586778,0.0016304435159422849,32,0.3027079647872597,0.0006579634122155992,19,14.916666686534882,3.3854165267944336,-1.0
0.015086176033180795,0.0015636969137152559,33,0.3166147868614644,0.000639363022683212,19,16.166666666666668,3.3798019536336263,-1.0
0.014400418406646503,0.0015537267011639319,34,0.30336720612831414,0.0006205554551086735,19,15.625,3.361700684229533,-1.0
0.014168507517560533,0.0017348243242227717,35,0.30234872293658555,0.0006015697093979838,19,18.12500003973643,3.3358364073435465,-1.0
0.014168876480605257,0.001677242144452114,36,0.3013335799332708,0.0005824350601949146,19,16.916666666666668,3.3284505462646483,-1.0
0.01466912092444928,0.0016245892344924965,37,0.309835396008566,0.0005631810117416299,19,17.791666706403095,3.2923198731740317,-1.0
0.012168288328929952,0.001693431606614276,38,0.2635990788694471,0.0005438372523852835,19,17.041666666666668,3.3036918354034426,-1.0
0.012146806540457826,0.0015351614596224145,39,0.260116009041667,0.0005244336088007391,19,18.250000019868214,3.2838636016845704,-1.0
0.008882035243962156,0.0015108415023668816,40,0.1975686338264495,0.0005050000000000001,19,16.958333333333332,3.2627912394205727,-1.0
0.00920086252307029,0.0019203346394198505,41,0.2114056390710175,0.0004855663911992613,19,18.125000019868214,3.259817781448364,-1.0
0.012303506575622842,0.0018923150645078796,42,0.2698540110141039,0.00046616274761471693,19,18.375000019868214,3.2423803202311197,-1.0
0.011352802185635818,0.0019688889212710293,43,0.25330389896407723,0.00044681898825837057,19,18.33333335320155,3.215116834640503,-1.0
0.010607553253832617,0.001627731333045583,44,0.23263421305455267,0.000427564939805086,19,18.50000003973643,3.2109356911977134,-1.0
0.010284285808570291,0.0016996408199989482,45,0.2278255030978471,0.00040843029060201667,19,18.333333333333332,3.1887108135223388,-1.0
0.01039312643881299,0.0017067469337857083,46,0.23002775898203254,0.000389444544891327,19,18.833333373069763,3.189462080001831,-1.0
0.01004658665164913,0.0015260761383136636,47,0.22001052810810506,0.0003706369773167883,19,17.708333373069763,3.211952746709188,-1.0
0.012113996769154542,0.0016768397640829023,48,0.26218531280755997,0.0003520365877844012,19,18.791666706403095,3.1644984404246013,-1.0
0.015036123694459858,0.0016119888321937698,49,0.31657587084919214,0.0003336720567466412,19,18.75,3.146893351872762,-1.0
0.013400817106134798,0.0016189926352940108,50,0.28561066603288054,0.0003155717009792807,19,19.62500003973643,3.135674212773641,-1.0
0.01377317463783057,0.0016166500404084985,51,0.29259766614995897,0.00029776342991897335,19,20.208333412806194,3.1292257785797117,-1.0
0.013493065697778212,0.0015863929875195026,52,0.28671664581634104,0.00028027470262892445,19,20.62500007947286,3.0943009916941326,-1.0
0.009972705003364305,0.0025695614198124723,53,0.23847434995695949,0.0002631324854590073,19,20.66666668653488,3.133586136500041,-1.0
0.011926128247164582,0.001718083751927081,54,0.2593942398671061,0.0002463632104656054,19,21.20833335320155,3.105231326421102,-1.0
0.014637226287863757,0.0016848449840357429,55,0.31035166210494936,0.0002299927346552969,19,21.041666706403095,3.087542168299357,-1.0
0.015162525367677995,0.0019618963185501727,56,0.3256907530594617,0.00021404630011522587,19,20.416666666666668,3.086227560043335,-1.0
0.014516484654067378,0.0017973040353114669,57,0.3102805931121111,0.00019854849509163232,19,21.58333335320155,3.0706506951649986,-1.0
0.014295095148937483,0.0020244664291998275,58,0.31035059900023043,0.00018352321607655918,19,21.916666666666668,3.035905977884928,-1.0
0.010865155043766686,0.0017651044273454893,59,0.24019117397256196,0.00016899363096119395,19,22.62500003973643,3.04093386332194,-1.0
0.009595353646497978,0.0027429469812073207,60,0.23455364094115794,0.000154982143312659,19,21.625,3.060533243815104,-1.0
0.011845565976967154,0.001484913763737208,61,0.2534371721558273,0.0001415103578293356,19,21.375000019868214,3.056758737564087,-1.0
0.014417202015848537,0.0014774146195697157,62,0.3022270400542766,0.0001285990470279847,19,21.708333333333332,3.051551987330119,-1.0
0.010322204864534893,0.001646484922323572,63,0.22761076386086643,0.0001162681192140312,19,22.12500007947286,3.0356296062469483,-1.0
0.010626484921790268,0.0014576587678962632,64,0.22972704214043915,0.00010453658778440107,19,22.75000003973643,3.0095097319285076,-1.0
0.009508738686379633,0.0024314034166500755,65,0.22701304499059916,9.342254191024022e-05,19,21.25,3.035190210342407,-1.0
0.011607959547913388,0.002062237037247733,66,0.259891111869365,8.294311864472437e-05,19,23.541666706403095,2.9558261521657307,-1.0
0.010035978152269595,0.0015957935247570276,67,0.22115451912395656,7.311447649896551e-05,19,22.083333373069763,3.0099805990854898,-1.0
0.009466822099822917,0.0020800342072585694,68,0.2195025789551437,6.395177052675794e-05,19,22.29166668653488,2.9918877919514975,-1.0
0.009380881392740105,0.0015530287116569908,69,0.20784741709940135,5.546912895658472e-05,19,22.08333335320155,2.968159557978312,-1.0
0.009293806040659547,0.002029836643487215,70,0.21525085414759815,4.767963140691306e-05,19,22.500000019868214,2.9620415337880455,-1.0
0.010731875798419901,0.001494421684918435,71,0.23242959612980485,4.059528871837034e-05,19,24.000000019868214,2.978858464558919,-1.0
0.009436256901704167,0.0016656849949963782,72,0.21108333696611226,3.4227024433899e-05,19,23.75,2.9584760506947836,-1.0
0.008993644377608833,0.002036215100241335,73,0.20967903803102672,2.8584657955444653e-05,19,23.16666668653488,2.9971150493621828,-1.0
0.009982334621446697,0.0021685474356146236,74,0.23099014488980174,2.367688940315011e-05,19,22.750000019868214,2.9488748931884765,-1.0
0.009802727543405797,0.00214121167204882,75,0.22706848592497408,1.951128620040094e-05,19,23.00000007947286,2.963799098332723,-1.0
0.00994534947370228,0.0021249083802103996,76,0.2294568419456482,1.6094271405406862e-05,19,23.375,2.9553476206461586,-1.0
0.009438895289541074,0.0018814502921151487,77,0.21520860982127488,1.3431113807311488e-05,19,23.416666706403095,2.9544065475463865,-1.0
0.011783565284292164,0.0017416359685165318,78,0.25712591502815485,1.1525919802101659e-05,19,22.791666666666668,2.9532215372721353,-1.0
0.012476457662782386,0.0017252983893022726,79,0.27002232894301414,1.0381627060842164e-05,19,22.041666666666668,3.006794989903768,-1.0
0.009712609278626348,0.0019588913449919538,80,0.22192008490674198,1e-05,19,23.25000003973643,2.9562374369303384,-1.0
0.012676240992732346,0.014655036665499211,1,0.5467725940980017,0.000999618372939158,20,1.6400000001490116,4.970433989715576,-1.0
0.012058680248446762,0.001971183600835502,2,0.28076194413006306,0.0009984740801978985,20,2.2400000029802323,4.547989450073242,-1.0
0.014390848146285861,0.0014708791044540704,3,0.31745695997960865,0.0009965688861926887,20,3.680000000298023,4.452655853271485,-1.0
0.012561845476739109,0.0014380284235812723,4,0.2801973270252347,0.0009939057285945933,20,4.000000000298023,4.3414037162780765,-1.0
0.010797704884316773,0.0014719666680321098,5,0.2455591489560902,0.0009904887137995992,20,4.52,4.259906154632568,-1.0
0.012557933456264436,0.0015404216479510068,6,0.2821299359202385,0.00098632311059685,20,5.520000000298023,4.1615540954589845,-1.0
0.01497954026563093,0.0015714598237536847,7,0.3312881141901016,0.0009814153420445555,20,7.360000000596046,4.067980860137939,-1.0
0.012386785820126534,0.0016695366241037846,8,0.28135704598389566,0.0009757729755661012,20,7.48000000834465,4.019625685119629,-1.0
0.010352832882199436,0.0018584874109365047,9,0.2443839020561427,0.0009694047112816298,20,8.56000000357628,3.9513320320129393,-1.0
0.011384596128482371,0.0016039095702581108,10,0.25989612308330834,0.0009623203685930871,20,8.880000019073487,3.8974265159606936,-1.0
0.009307073731906711,0.0014315689215436578,11,0.21490420098416507,0.0009545308710434153,20,9.160000000149012,3.866118548583984,-1.0
0.009860204299911857,0.0014309844933450221,12,0.2259488538838923,0.0009460482294732422,20,8.96000000834465,3.8380968265533446,-1.0
0.011968487594276666,0.0014608089113608003,13,0.26873847795650363,0.0009368855235010348,20,10.5200000166893,3.811613668823242,-1.0
0.013185788365080952,0.0017090419423766434,14,0.2980924400035292,0.0009270568813552758,20,10.840000014305115,3.7550287124633788,-1.0
0.010590489208698272,0.001502961595542729,15,0.24203608697280288,0.0009165774580897602,20,11.880000005960465,3.721495901489258,-1.0
0.010283611842896789,0.0015160397975705563,16,0.23611677810549736,0.0009054634122155992,20,10.800000009536744,3.6972436988830566,-1.0
0.01016753704752773,0.0016417494975030423,17,0.23630893602967262,0.0008937318807859689,20,12.2000000166893,3.6751320331573485,-1.0
0.010304928012192249,0.0019958649878390133,18,0.24614141904748976,0.0008814009529720156,20,11.680000019073486,3.674304983520508,-1.0
0.011776089796330779,0.0017034144490025937,19,0.26974671985954046,0.0008684896421706646,20,12.64000000834465,3.623507669067383,-1.0
0.012004674796480685,0.0015107442974112927,20,0.2704952731728554,0.0008550178566873412,20,12.440000005960464,3.593737243270874,-1.0
0.010151169879827648,0.0014183326158672572,21,0.23155746096745133,0.0008410063690388064,20,12.240000009536743,3.5941308074951173,-1.0
0.010360658122226595,0.0014451486174948513,22,0.23624725197441876,0.0008264767839234412,20,12.200000014305115,3.5743158435821534,-1.0
0.01023587811505422,0.0014471317874267698,23,0.23378472495824099,0.000811451504908368,20,14.080000005960464,3.5409871112823486,-1.0
0.009402174490969629,0.0014572563581168652,24,0.21731251291930676,0.0007959536998847743,20,13.680000001192093,3.5134409549713133,-1.0
0.01005365898599848,0.0015340272570028902,25,0.23187972395680845,0.0007800072653447032,20,14.1600000166893,3.487228713989258,-1.0
0.009190271806437523,0.0016052645863965155,26,0.21603653603233397,0.0007636367895343947,20,14.720000014305114,3.4781561504364014,-1.0
0.009787609137129038,0.0014838418108411133,27,0.22555721085518599,0.0007468675145409928,20,14.960000003576278,3.4613899642944337,-1.0
0.010256673803087323,0.0015692205401137472,28,0.2366455690935254,0.0007297252973710758,20,15.6800000166893,3.4430586429595946,-1.0
0.009250856237486005,0.0019056420191191138,29,0.22326237405650318,0.0007122365700810271,20,15.480000016689301,3.3960127948760985,-1.0
0.009043943823780865,0.0021735555259510876,30,0.2244744540657848,0.0006944282990207196,20,15.960000004768371,3.3734132064819335,-1.0
0.01047683134675026,0.0026901384466327728,31,0.26346718799322844,0.0006763279432533592,20,16.560000009536743,3.345220422363281,-1.0
0.010656741575803607,0.001971676619723439,32,0.25270605087280273,0.0006579634122155992,20,15.920000011920928,3.3625878677368166,-1.0
0.011853205203078688,0.0024703284492716194,33,0.2866272379178554,0.000639363022683212,20,15.360000001192093,3.353959518432617,-1.0
0.013975042663514615,0.0024150842800736427,34,0.3280229289084673,0.0006205554551086735,20,16.880000007152557,3.34273496131897,-1.0
0.01069746051216498,0.0014422438922338187,35,0.24299724283628166,0.0006015697093979838,20,16.8800000166893,3.2968536598205564,-1.0
0.011821028497070073,0.002403664810117334,36,0.2846495888661593,0.0005824350601949146,20,16.8000000166893,3.2872235610961913,-1.0
0.014242823875974864,0.001556280569639057,37,0.31620560493320227,0.0005631810117416299,20,18.52000000119209,3.273152086639404,-1.0
0.014550646068528295,0.0015359445358626544,38,0.3219897800590843,0.0005438372523852835,20,17.7600000166893,3.2417907108306885,-1.0
0.012796578125562518,0.0015103399753570556,39,0.2863774518482387,0.0005244336088007391,20,18.520000014305115,3.2388582637786865,-1.0
0.011436622904147953,0.0014395795995369553,40,0.2576818270608783,0.0005050000000000001,20,18.7600000166893,3.209709788513184,-1.0
0.009775297774467617,0.0018109455239027738,41,0.23185310908593237,0.0004855663911992613,20,19.720000038146974,3.209827465438843,-1.0
0.009967386233620345,0.0014246955746784807,42,0.22797932289540768,0.00046616274761471693,20,18.4000000166893,3.209352261352539,-1.0
0.009808016486931592,0.0016873218584805727,43,0.23003739304840565,0.00044681898825837057,20,20.160000038146972,3.138492238998413,-1.0
0.009675063891336322,0.0015585414599627256,44,0.2248242348432541,0.000427564939805086,20,19.240000003576277,3.1863005859375,-1.0
0.009574895340483636,0.0016286518541164697,45,0.22419972717761993,0.00040843029060201667,20,20.600000009536743,3.1494299793243408,-1.0
0.01169885096605867,0.0016413541277870535,46,0.2669587340205908,0.000389444544891327,20,19.680000002384187,3.1342736919403076,-1.0
0.010522854630835354,0.0015849361778236925,47,0.2423212039284408,0.0003706369773167883,20,20.160000007152558,3.1236085582733155,-1.0
0.009967674233485014,0.0015542158158496021,48,0.230565853882581,0.0003520365877844012,20,20.759999995231627,3.127111182022095,-1.0
0.0098223238135688,0.002185623487457633,49,0.2402876189444214,0.0003336720567466412,20,21.64000000476837,3.0767759307861327,-1.0
0.009834386466536671,0.0016863819328136742,50,0.23054401110857725,0.0003155717009792807,20,20.800000002384184,3.083390322113037,-1.0
0.012133525812532752,0.0023177663912065326,51,0.2891597740817815,0.00029776342991897335,20,21.400000004768373,3.0647296600341796,-1.0
0.011409128655213863,0.0015189094468951226,52,0.2587692551314831,0.00028027470262892445,20,22.60000002861023,3.0340461769104006,-1.0
0.01333121188217774,0.0016861300682649016,53,0.30054731015115976,0.0002631324854590073,20,21.960000033378602,3.0271623275756836,-1.0
0.011110817757435143,0.0016505015431903304,54,0.25536276097409427,0.0002463632104656054,20,22.599999985694886,3.024337476348877,-1.0
0.01028351541608572,0.0015380985802039503,55,0.23653354216367006,0.0002299927346552969,20,21.68000000476837,3.0064401836395263,-1.0
0.010132069198880345,0.0016948577598668636,56,0.23664264497347176,0.00021404630011522587,20,22.000000009536745,3.0018256198883058,-1.0
0.008928205317351967,0.001440583390649408,57,0.20747725595720112,0.00019854849509163232,20,22.12000001192093,2.9987879909515383,-1.0
0.011318505660165101,0.0017329457332380116,58,0.2611621869727969,0.00018352321607655918,20,23.320000019073486,2.9849612033843993,-1.0
0.011388058436568826,0.001494556968100369,59,0.25778930308297276,0.00016899363096119395,20,24.280000002384185,2.9362556369781494,-1.0
0.011297103494871407,0.0014680469641461969,60,0.255434816936031,0.000154982143312659,20,23.80000000715256,2.9563133029937743,-1.0
0.011470489075873048,0.0018675760249607265,61,0.2668960550799966,0.0001415103578293356,20,22.760000007152556,2.9655393043518066,-1.0
0.01051248055882752,0.0015769629389978945,62,0.2419203359168023,0.0001285990470279847,20,24.239999995231628,2.9444936538696287,-1.0
0.01087425455916673,0.001653876539785415,63,0.25073306798003614,0.0001162681192140312,20,23.76,2.9671932006835937,-1.0
0.009965256857685744,0.001850111095700413,64,0.23643133509904146,0.00010453658778440107,20,23.999999980926514,2.952976343154907,-1.0
0.009534098498988897,0.0018123674555681646,65,0.2270625689998269,9.342254191024022e-05,20,22.800000009536742,2.935705284118652,-1.0
0.009798247029539197,0.002033436915371567,66,0.23676206218078732,8.294311864472437e-05,20,23.36000000476837,2.9405687515258787,-1.0
0.009296382055617869,0.0016705731046386062,67,0.21945461607538164,7.311447649896551e-05,20,23.440000033378602,2.936996082305908,-1.0
0.008982307580299675,0.0018979238695465029,68,0.21773290098644793,6.395177052675794e-05,20,24.320000038146972,2.9072401363372804,-1.0
0.009089826862327755,0.0018345583463087677,69,0.2186215149704367,5.546912895658472e-05,20,23.440000033378602,2.9165466663360595,-1.0
0.009508146380539984,0.0017095782211981713,70,0.2244774168357253,4.767963140691306e-05,20,24.52000000476837,2.8975210430145264,-1.0
0.01177884847857058,0.0017792678205296396,71,0.2713174589443952,4.059528871837034e-05,20,25.319999990463256,2.858334726715088,-1.0
0.014797125989571214,0.002861734409816563,72,0.3533934918232262,3.4227024433899e-05,20,25.0,2.8877045627593994,-1.0
0.012755504250526429,0.0015493320999667049,73,0.2863032368477434,2.8584657955444653e-05,20,23.8,2.9328070697784425,-1.0
0.01473306022817269,0.0015813205623999237,74,0.3265174019616097,2.367688940315011e-05,20,24.480000007152558,2.898977663421631,-1.0
0.014490429370198399,0.0026847046799957754,75,0.3437568130902946,1.951128620040094e-05,20,25.240000014305114,2.8778966705322264,-1.0
0.014321647642645985,0.0016080981586128473,76,0.3188463340047747,1.6094271405406862e-05,20,25.28,2.887369179534912,-1.0
0.014698931330349297,0.0016768911154940724,77,0.3277783130761236,1.3431113807311488e-05,20,24.84000002861023,2.8957512954711913,-1.0
0.01458260272629559,0.0015418778755702078,78,0.32273344811983407,1.1525919802101659e-05,20,25.719999985694884,2.864274928665161,-1.0
0.011808351683430373,0.0014171861228533089,79,0.2647133502177894,1.0381627060842164e-05,20,23.8400000333786,2.8642794162750245,-1.0
0.0118296479457058,0.0020910069462843238,80,0.2785806800238788,1e-05,20,24.6,2.872249960708618,-1.0
