avg_batch_time_sec,avg_data_time_sec,epoch,epoch_time_sec,lr,round,train_acc,train_loss,val_acc
0.333279047801625,0.04516591323772445,1,1.5140600858721882,0.000999618372939158,0,1.7999999985098838,4.787304649353027,-1.0
0.09529734996613115,0.007781306572724134,2,0.41257722000591457,0.0009984740801978985,0,4.999999997019768,4.374571617126465,-1.0
0.09004646609537303,0.009807703201659024,3,0.399662947980687,0.0009965688861926887,0,7.59999997317791,4.066770488739014,-1.0
0.09507738432148471,0.010698341648094356,4,0.42334996489807963,0.0009939057285945933,0,10.799999928474426,3.8119989643096925,-1.0
0.09418885543709621,0.00628365104785189,5,0.4021316501311958,0.0009904887137995992,0,10.799999904632568,3.6655610179901124,-1.0
0.09515644970815629,0.011967920290771872,6,0.42873315420001745,0.00098632311059685,0,18.199999964237215,3.3707636585235594,-1.0
0.09111159871099517,0.013003774569369853,7,0.41671001608483493,0.0009814153420445555,0,17.800000023841857,3.2447499942779543,-1.0
0.09760988422203809,0.010204383288510144,8,0.4314988721162081,0.0009757729755661012,0,20.79999985694885,3.061965841293335,-1.0
0.09469808102585375,0.009470176009926945,9,0.4169215220026672,0.0009694047112816298,0,25.800000047683717,2.8752895717620848,-1.0
0.09041469712974504,0.006382113613653928,10,0.38742120401002467,0.0009623203685930871,0,29.999999737739564,2.679106708526611,-1.0
0.09533372474834323,0.012385951995383948,11,0.4311221819370985,0.0009545308710434153,0,34.20000014305115,2.465045530319214,-1.0
0.0913144891965203,0.009054755559191108,12,0.40172698302194476,0.0009460482294732422,0,36.599999737739566,2.342326723098755,-1.0
0.09613892767811194,0.010360494605265558,13,0.42625681799836457,0.0009368855235010348,0,44.199999642372134,2.1139202995300295,-1.0
0.08969332277774811,0.013320372439920902,14,0.41234622919000685,0.0009270568813552758,0,41.79999966621399,2.0953874492645266,-1.0
0.09349702898180112,0.012557236768770963,15,0.42453377903439105,0.0009165774580897602,0,43.00000004768371,2.0351125354766846,-1.0
0.09021978720556945,0.009598318545613438,16,0.3995580109767616,0.0009054634122155992,0,56.19999995231628,1.7599901180267334,-1.0
0.094945237506181,0.006241504743229598,17,0.40527562284842134,0.0008937318807859689,0,51.800000071525574,1.7164621353149414,-1.0
0.09589699283242226,0.009437759697902948,18,0.4219350051134825,0.0008814009529720156,0,57.5999997138977,1.5606162042617797,-1.0
0.0933231069939211,0.015844452776946127,19,0.4369146360550076,0.0008684896421706646,0,60.80000061988831,1.393938482284546,-1.0
0.08872688328847289,0.009377046255394816,20,0.392658363096416,0.0008550178566873412,0,67.1999994277954,1.2428862018585205,-1.0
0.0939058834919706,0.010948852519504726,21,0.41965634981170297,0.0008410063690388064,0,73.40000047683716,1.048894063949585,-1.0
0.09602961328346282,0.009382574469782412,22,0.4218818498775363,0.0008264767839234412,0,79.79999957084655,0.9197436265945435,-1.0
0.0702634192421101,0.009581440244801342,23,0.31964822113513947,0.000811451504908368,0,81.19999952316284,0.841196460723877,-1.0
0.06763320649042726,0.006889823300298303,24,0.2983577069826424,0.0007959536998847743,0,80.19999952316284,0.7901527013778686,-1.0
0.09013759501976892,0.00762813346227631,25,0.3913082918152213,0.0007800072653447032,0,88.60000014305115,0.6337959427833557,-1.0
0.10191238351399079,0.00768619345035404,26,0.43862853897735476,0.0007636367895343947,0,86.7999997138977,0.6150661826133728,-1.0
0.10442604869604111,0.009140861569903791,27,0.45451041497290134,0.0007468675145409928,0,91.79999990463257,0.5138832502365113,-1.0
0.10347207123413682,0.00670166575582698,28,0.4409270661417395,0.0007297252973710758,0,91.20000033378601,0.49796165609359744,-1.0
0.09691715351073071,0.010013385734055191,29,0.4279757170006633,0.0007122365700810271,0,92.4000002861023,0.40037650561332705,-1.0
0.08998148125829175,0.009574645024258643,30,0.39846353395842016,0.0006944282990207196,0,92.00000057220458,0.40515919637680053,-1.0
0.1012258970295079,0.007894958718679845,31,0.43672690889798105,0.0006763279432533592,0,95.79999980926513,0.30580739164352416,-1.0
0.10365138424094766,0.008647128008306026,32,0.44943402893841267,0.0006579634122155992,0,97.19999957084656,0.253027081489563,-1.0
0.10248128767125309,0.007344505342189223,33,0.43954258202575147,0.000639363022683212,0,97.39999933242798,0.22913777327537538,-1.0
0.09861323767108843,0.007686535827815533,34,0.42543749208562076,0.0006205554551086735,0,98.19999957084656,0.17041891372203827,-1.0
0.10305547155439854,0.009902516729198396,35,0.45208475086838007,0.0006015697093979838,0,96.39999961853027,0.24339508891105652,-1.0
0.10250122449360788,0.005899313779082149,36,0.43384339404292405,0.0005824350601949146,0,97.39999957084656,0.1779951740503311,-1.0
0.10200738493585959,0.009215503290761262,37,0.44514999096281826,0.0005631810117416299,0,98.40000047683716,0.16106477808952332,-1.0
0.09842560457764193,0.006319857144262642,38,0.4192306101322174,0.0005438372523852835,0,97.79999933242797,0.15643753373622896,-1.0
0.09986877243500203,0.013028508285060525,39,0.4518510359339416,0.0005244336088007391,0,98.19999957084656,0.14655558562278748,-1.0
0.10302056994987652,0.009996848064474761,40,0.4523092620074749,0.0005050000000000001,0,99.2,0.11309644651412964,-1.0
0.10190948727540672,0.00961448170710355,41,0.4463466729503125,0.0004855663911992613,0,97.79999980926513,0.12949155271053314,-1.0
0.1025259843445383,0.012199413671623915,42,0.459150365088135,0.00046616274761471693,0,99.20000023841858,0.10651676487922669,-1.0
0.0990777644328773,0.010689114278648049,43,0.4392911109607667,0.00044681898825837057,0,98.99999933242798,0.08725521481037139,-1.0
0.07605121802771464,0.008330084499903023,44,0.33776852511800826,0.000427564939805086,0,98.80000047683716,0.09876393103599548,-1.0
0.06361795146949589,0.008398526522796601,45,0.28829908184707165,0.00040843029060201667,0,99.40000023841858,0.08240465372800827,-1.0
0.06429203052539378,0.008614175429102033,46,0.29185234592296183,0.000389444544891327,0,99.8,0.07184564620256424,-1.0
0.05803107871906832,0.01034287502989173,47,0.2737246078904718,0.0003706369773167883,0,99.8,0.06471183186769486,-1.0
0.06387358478968963,0.007950514205731452,48,0.2875350739341229,0.0003520365877844012,0,100.0,0.05920839130878448,-1.0
0.0647777434787713,0.006226602767128497,49,0.2842471790499985,0.0003336720567466412,0,100.0,0.05760968804359436,-1.0
0.06165205530123785,0.012457345961593091,50,0.2966687921434641,0.0003155717009792807,0,100.0,0.039296691060066224,-1.0
0.06023442727746442,0.013850819726940244,51,0.29658112791366875,0.00029776342991897335,0,99.8,0.04479343304038048,-1.0
0.06267933448543772,0.008930912998039275,52,0.2866648561321199,0.00028027470262892445,0,99.80000023841858,0.045300880342721936,-1.0
0.06421231699641794,0.006333563011139631,53,0.282433926127851,0.0002631324854590073,0,100.0,0.03844949597120285,-1.0
0.0640372164780274,0.009416487242560834,54,0.2940515410155058,0.0002463632104656054,0,99.80000023841858,0.038925022721290586,-1.0
0.0580928007257171,0.01219378475798294,55,0.2813727920874953,0.0002299927346552969,0,99.8,0.03578643453121185,-1.0
0.06443246023263782,0.015436102985404432,56,0.3197111380286515,0.00021404630011522587,0,99.8,0.03880624476075172,-1.0
0.06168852176051587,0.012737640994600952,57,0.29793664906173944,0.00019854849509163232,0,100.0,0.03175121393799782,-1.0
0.06085682078264654,0.012354275735560805,58,0.29309060517698526,0.00018352321607655918,0,99.8,0.03397750762104988,-1.0
0.03164899721741676,0.009918928262777627,59,0.16649023001082242,0.00016899363096119395,0,100.0,0.028351509302854537,-1.0
0.05016259371768683,0.005943973024841398,60,0.22464444395154715,0.000154982143312659,0,99.80000023841858,0.02771568390727043,-1.0
0.057619529543444514,0.009035850700456649,61,0.266894310945645,0.0001415103578293356,0,100.0,0.027826935932040213,-1.0
0.0684679850237444,0.009170980949420482,62,0.3108257302083075,0.0001285990470279847,0,100.0,0.027537632808089255,-1.0
0.07075169449672103,0.009258980513550341,63,0.32031851494684815,0.0001162681192140312,0,100.0,0.028311037093400954,-1.0
0.07076790690189227,0.009865633328445256,64,0.32278669998049736,0.00010453658778440107,0,100.0,0.022380708202719687,-1.0
0.08402408222900704,0.007075759524013847,65,0.3647072589956224,9.342254191024022e-05,0,100.0,0.021755029574036598,-1.0
0.06411943852435797,0.009444608935154974,66,0.29450453305616975,8.294311864472437e-05,0,100.0,0.01984887418150902,-1.0
0.07560903375269845,0.008957017271313816,67,0.33851226698607206,7.311447649896551e-05,0,99.80000023841858,0.027443696707487107,-1.0
0.07414546725340188,0.011889149725902826,68,0.3443862800486386,6.395177052675794e-05,0,100.0,0.021118622854352,-1.0
0.09543678449699655,0.009270219772588462,69,0.41906073596328497,5.546912895658472e-05,0,100.0,0.021840704157948494,-1.0
0.1001228112145327,0.011598303797654808,70,0.4471241489518434,4.767963140691306e-05,0,99.8,0.026261967942118644,-1.0
0.0987008924712427,0.009140079258941114,71,0.4316225352231413,4.059528871837034e-05,0,99.8,0.022846717566251756,-1.0
0.09799128730082884,0.015152702224440873,72,0.4528345060534775,3.4227024433899e-05,0,100.0,0.02083158014714718,-1.0
0.09574055363191292,0.009343780111521482,73,0.4206195389851928,2.8584657955444653e-05,0,100.0,0.019798515602946282,-1.0
0.0959955498110503,0.005998060922138393,74,0.4083258309401572,2.367688940315011e-05,0,100.0,0.01982156567275524,-1.0
0.09810960874892771,0.011362334014847875,75,0.43812767998315394,1.951128620040094e-05,0,100.0,0.020841081500053406,-1.0
0.09327577700605616,0.005916416528634727,76,0.39701350103132427,1.6094271405406862e-05,0,100.0,0.018537035509943962,-1.0
0.09706890431698412,0.01310709968674928,77,0.44095015502534807,1.3431113807311488e-05,0,100.0,0.019793941617012024,-1.0
0.09745874628424644,0.006320723216049373,78,0.4153625541366637,1.1525919802101659e-05,0,100.0,0.01842921070754528,-1.0
0.05627316405298188,0.011626713210716844,79,0.27183867897838354,1.0381627060842164e-05,0,100.0,0.022168569505214692,-1.0
0.04957796126836911,0.01236832601716742,80,0.24802878499031067,1e-05,0,100.0,0.027284240230917932,-1.0
0.08820160641334951,0.035595274763181806,1,0.6193067799322307,0.000999618372939158,1,2.5,4.7740217971801755,-1.0
0.08148305234499276,0.007713695243000984,2,0.44637310202233493,0.0009984740801978985,1,3.8333333333333335,4.343969427744548,-1.0
0.0784021326340735,0.006323016155511141,3,0.42394724604673684,0.0009965688861926887,1,7.833333348234494,4.0692948150634765,-1.0
0.0855909579899162,0.010447347396984696,4,0.480461762053892,0.0009939057285945933,1,7.833333313465118,3.851721207300822,-1.0
0.08503507762216031,0.011495039379224182,5,0.48295747488737106,0.0009904887137995992,1,10.499999980131784,3.6714331086476646,-1.0
0.0812526976224035,0.007607685960829258,6,0.444546575890854,0.00098632311059685,1,14.00000003973643,3.5088899834950764,-1.0
0.07901925556361675,0.008530190447345376,7,0.4380055768415332,0.0009814153420445555,1,17.333333432674408,3.3517374833424887,-1.0
0.08240370601415634,0.006406080955639481,8,0.44429100793786347,0.0009757729755661012,1,20.00000007947286,3.1565209833780923,-1.0
0.08612760812975466,0.008136805845424533,9,0.47157742409035563,0.0009694047112816298,1,24.33333347241084,2.9743943405151367,-1.0
0.08346328977495432,0.009243041835725307,10,0.46379614411853254,0.0009623203685930871,1,27.166666944821674,2.8301050249735513,-1.0
0.0860384815838188,0.0051759232301265,11,0.4563125539571047,0.0009545308710434153,1,30.33333345254262,2.64322322845459,-1.0
0.08334893980063499,0.005093965632840991,12,0.4424703710246831,0.0009460482294732422,1,30.00000003973643,2.587093900044759,-1.0
0.08264802577905357,0.009897431591525674,13,0.4630365220364183,0.0009368855235010348,1,36.50000007947286,2.3404372183481854,-1.0
0.08140460536815226,0.010838067438453437,14,0.46145046898163855,0.0009270568813552758,1,40.833333571751915,2.1478590456644695,-1.0
0.08640492684207857,0.009473303193226456,15,0.47965433401986957,0.0009165774580897602,1,43.50000023841858,2.091452341079712,-1.0
0.08289937973022461,0.008163742255419493,16,0.45556251099333167,0.0009054634122155992,1,49.83333388964335,1.903673407236735,-1.0
0.08095289883203804,0.008145543187856675,17,0.44572943495586514,0.0008937318807859689,1,50.166666746139526,1.8516100438435872,-1.0
0.08310793000273406,0.007865823386237026,18,0.4551398039329797,0.0008814009529720156,1,53.16666690508524,1.7212028121948242,-1.0
0.08545536058954895,0.007794628432020545,19,0.46649623406119645,0.0008684896421706646,1,55.50000027815501,1.6524765618642172,-1.0
0.08436768604442477,0.008040992124006153,20,0.4622855538036674,0.0008550178566873412,1,59.83333365122477,1.511873877843221,-1.0
0.07837311876937747,0.008551888400688767,21,0.4348704949952662,0.0008410063690388064,1,62.83333373069763,1.383778616587321,-1.0
0.0819622764363885,0.0104247085750103,22,0.46217897115275264,0.0008264767839234412,1,68.66666682561238,1.2495948314666747,-1.0
0.08537645121105016,0.007768256403505802,23,0.46602625283412635,0.000811451504908368,1,70.16666714350383,1.1501553837458294,-1.0
0.06242909533903003,0.007470900472253561,24,0.34974389616400003,0.0007959536998847743,1,75.83333381017049,1.0153527450561524,-1.0
0.08545815697871148,0.004951834445819259,25,0.45228854520246387,0.0007800072653447032,1,81.66666682561238,0.8545877718925476,-1.0
0.09761549569666386,0.005203812709078192,26,0.5143432409968227,0.0007636367895343947,1,83.00000071525574,0.7583750828107199,-1.0
0.09484971258789301,0.010954567836597562,27,0.5292758739087731,0.0007468675145409928,1,85.16666722297668,0.6910407876968384,-1.0
0.09675904563628138,0.006749589927494526,28,0.5177859419491142,0.0007297252973710758,1,85.00000055631001,0.6456711101531982,-1.0
0.08603956196457148,0.011456084437668324,29,0.4877156380098313,0.0007122365700810271,1,88.50000079472859,0.5446537629763285,-1.0
0.09572749123908579,0.006858178926631808,30,0.5131826819851995,0.0006944282990207196,1,88.00000047683716,0.5223445343971252,-1.0
0.09676451059058308,0.011153025599196554,31,0.5398983869235963,0.0006763279432533592,1,89.66666738192241,0.4882409691810608,-1.0
0.09733670721761882,0.0064259981736540794,32,0.5191595959477127,0.0006579634122155992,1,90.16666674613953,0.4498342434565226,-1.0
0.09756414606235922,0.006205507507547736,33,0.519189678831026,0.000639363022683212,1,90.8333334128062,0.4509593911965688,-1.0
0.09404311231337488,0.007339989673346281,34,0.5072189150378108,0.0006205554551086735,1,93.83333333333333,0.3596858791510264,-1.0
0.09579381295479834,0.00834423266351223,35,0.5209920699708164,0.0006015697093979838,1,94.50000047683716,0.3086870992183685,-1.0
0.09729615915566683,0.005739543819800019,36,0.5154671079944819,0.0005824350601949146,1,96.50000063578288,0.2605841640631358,-1.0
0.09648935780860483,0.010122707393020392,37,0.5333607769571245,0.0005631810117416299,1,97.16666682561238,0.21067156414190927,-1.0
0.09385888837277889,0.012386558018624783,38,0.5315211440902203,0.0005438372523852835,1,97.00000047683716,0.22402506987253826,-1.0
0.09462975524365902,0.00960058937780559,39,0.52144196908921,0.0005244336088007391,1,98.00000047683716,0.16135769844055176,-1.0
0.09631119943223894,0.005226887203752995,40,0.507986226119101,0.0005050000000000001,1,98.50000063578288,0.14905907968680063,-1.0
0.0593741275370121,0.010995913622900843,41,0.3521386079955846,0.0004855663911992613,1,98.33333381017049,0.14676932434240977,-1.0
0.0566162696108222,0.011050220811739564,42,0.33863801090046763,0.00046616274761471693,1,98.83333365122478,0.11995711068312327,-1.0
0.058639297261834145,0.005462904553860426,43,0.3207898470573127,0.00044681898825837057,1,99.00000031789143,0.11419926106929779,-1.0
0.0686128859873861,0.005828178999945521,44,0.37249232502654195,0.000427564939805086,1,98.50000015894572,0.12565829247236251,-1.0
0.06683264686726034,0.007906509330496192,45,0.3739615702070296,0.00040843029060201667,1,99.16666666666667,0.10351810971895854,-1.0
0.05725637157447636,0.005546778813004494,46,0.3142589370254427,0.000389444544891327,1,99.00000015894572,0.09483044862747192,-1.0
0.05666572111658752,0.008867082884535193,47,0.32832399010658264,0.0003706369773167883,1,99.16666682561238,0.08153886169195175,-1.0
0.055911637376993895,0.009518047794699669,48,0.32738532102666795,0.0003520365877844012,1,99.83333333333333,0.06264441659053167,-1.0
0.05843109772540629,0.00856459685601294,49,0.3352832109667361,0.0003336720567466412,1,99.5,0.06514562621712684,-1.0
0.05466018980368972,0.00722909476608038,50,0.30969754001125693,0.0003155717009792807,1,99.33333333333333,0.06381210456291835,-1.0
0.03180546900257468,0.004757113801315427,51,0.18304328992962837,0.00029776342991897335,1,99.66666666666667,0.05319106901685397,-1.0
0.05384431160055101,0.007301048608496785,52,0.30601363093592227,0.00028027470262892445,1,99.83333333333333,0.048645282735427224,-1.0
0.057596539007499815,0.008554429607465863,53,0.3309904469642788,0.0002631324854590073,1,99.66666666666667,0.05676584740479787,-1.0
0.06688979361206293,0.009980581188574433,54,0.38459235499612987,0.0002463632104656054,1,99.83333333333333,0.05088591188192368,-1.0
0.06991465138271451,0.008128368435427547,55,0.3904801260214299,0.0002299927346552969,1,99.83333333333333,0.04722214917341868,-1.0
0.06913874922320247,0.01055471897125244,56,0.3987023530062288,0.00021404630011522587,1,99.83333333333333,0.048286061187585196,-1.0
0.05611245795153082,0.007327003823593259,57,0.3174255408812314,0.00019854849509163232,1,99.6666669845581,0.044073566198349,-1.0
0.08543996810913086,0.006822542659938336,58,0.4615601550322026,0.00018352321607655918,1,100.0,0.04073920408884684,-1.0
0.09061230896040798,0.010273939464241266,59,0.5046825089957565,0.00016899363096119395,1,99.50000031789143,0.03761123970150947,-1.0
0.09255621898919345,0.005426113633438945,60,0.49019443709403276,0.000154982143312659,1,99.50000015894572,0.042247275908788046,-1.0
0.09375663218088448,0.007555346190929413,61,0.5068082239013165,0.0001415103578293356,1,99.83333333333333,0.02823798730969429,-1.0
0.09659411082975566,0.009774185763671995,62,0.5320916280616075,0.0001285990470279847,1,99.83333333333333,0.036616180886824924,-1.0
0.09359764861874283,0.008788937190547585,63,0.5121901859529316,0.0001162681192140312,1,100.0,0.03270320107539495,-1.0
0.09714507083408534,0.008172996994107961,64,0.526850359980017,0.00010453658778440107,1,99.5,0.03329507388174534,-1.0
0.09471431807614863,0.004974527517333627,65,0.4987053091172129,9.342254191024022e-05,1,100.0,0.02902929648756981,-1.0
0.09612841103225947,0.0049541189800947905,66,0.505664488999173,8.294311864472437e-05,1,100.0,0.028004741569360097,-1.0
0.0956884603947401,0.004645298235118389,67,0.5019164939876646,7.311447649896551e-05,1,100.0,0.03283253967761993,-1.0
0.07931101946160198,0.009943555342033505,68,0.4465062730014324,6.395177052675794e-05,1,100.0,0.032481967508792876,-1.0
0.05433916938491166,0.009996596816927194,69,0.3219052799977362,5.546912895658472e-05,1,100.0,0.026610736002524695,-1.0
0.05688739442266524,0.008214260544627905,70,0.3257424868643284,4.767963140691306e-05,1,100.0,0.026758060355981193,-1.0
0.06807795418426395,0.009705787012353539,71,0.3891781959682703,4.059528871837034e-05,1,100.0,0.024116855387886365,-1.0
0.06971609997563064,0.010465729236602783,72,0.4011527420952916,3.4227024433899e-05,1,100.0,0.025541928162177405,-1.0
0.059368095453828575,0.007973551983013749,73,0.336949008051306,2.8584657955444653e-05,1,100.0,0.02560295715928078,-1.0
0.05757386987097561,0.011366029549390078,74,0.344949342077598,2.367688940315011e-05,1,99.83333333333333,0.030162385453780492,-1.0
0.07679508901201189,0.00957102682441473,75,0.43207112001255155,1.951128620040094e-05,1,100.0,0.023694450159867604,-1.0
0.07859666179865599,0.010525492392480374,76,0.44585283496417105,1.6094271405406862e-05,1,99.83333349227905,0.03200214127699534,-1.0
0.08302133879624307,0.0072741080075502396,77,0.45171755482442677,1.3431113807311488e-05,1,99.83333333333333,0.028202170034249623,-1.0
0.08166658785194159,0.004984446382150054,78,0.4335064170882106,1.1525919802101659e-05,1,100.0,0.022642664834856985,-1.0
0.08164857444353402,0.009858263190835714,79,0.45779076288454235,1.0381627060842164e-05,1,100.0,0.02051947978635629,-1.0
0.08581545795314013,0.006257697008550167,80,0.4606462260708213,1e-05,1,100.0,0.022566392123699187,-1.0
0.0952552619855851,0.02398530001907299,1,0.7157610389403999,0.000999618372939158,2,2.0,4.736473917279925,-1.0
0.08171043071585397,0.004952243102403979,2,0.520328531973064,0.0009984740801978985,2,5.714285729186876,4.337138688223702,-1.0
0.08360972488299012,0.006358557807592054,3,0.540119341108948,0.0009965688861926887,2,6.857142872044018,4.082024958474295,-1.0
0.078973909568352,0.00842618829725931,4,0.5246801571920514,0.0009939057285945933,2,9.85714288694518,3.8888078934805734,-1.0
0.08318625530228019,0.004336501200062533,5,0.5254225579556078,0.0009904887137995992,2,10.428571505205971,3.6979680524553573,-1.0
0.08035997045226395,0.006791256872626643,6,0.5231926320120692,0.00098632311059685,2,12.142857164144516,3.5610829380580356,-1.0
0.07934026493846129,0.005024319553437333,7,0.5064734169282019,0.0009814153420445555,2,15.857142916747502,3.436300307682582,-1.0
0.08007861596221726,0.006620143540203571,8,0.5205033230595291,0.0009757729755661012,2,19.42857145837375,3.2340059988839287,-1.0
0.08191384518674265,0.0042642545110235614,9,0.5173600260168314,0.0009694047112816298,2,18.571428605488368,3.168926661355155,-1.0
0.08244961752401044,0.004461808983857433,10,0.5217704109381884,0.0009623203685930871,2,20.857143010411942,2.994825143814087,-1.0
0.0814649387029931,0.007263651971394817,11,0.5326502919197083,0.0009545308710434153,2,22.285714421953475,2.9123530782972065,-1.0
0.08563576894812286,0.008202756056562066,12,0.5633252311963588,0.0009460482294732422,2,25.571428622518265,2.789697346006121,-1.0
0.08264166299098481,0.0044542059767991304,13,0.522872308967635,0.0009368855235010348,2,30.57142870766776,2.6436010687691827,-1.0
0.08104244495431583,0.006547574846384426,14,0.5257963638287038,0.0009270568813552758,2,30.142857364245824,2.4766796030317035,-1.0
0.0821462763318171,0.004679603851400316,15,0.5212628010194749,0.0009165774580897602,2,35.142857449395315,2.350319471359253,-1.0
0.08485002703188609,0.006747073804338773,16,0.5499317280482501,0.0009054634122155992,2,40.42857149669102,2.1661470222473143,-1.0
0.07825082330964506,0.004389922522629301,17,0.4960935488343239,0.0008937318807859689,2,42.28571438789368,2.0503561864580426,-1.0
0.08079343545250595,0.009449990699067712,18,0.5417046130169183,0.0008814009529720156,2,46.571428758757456,1.9469710390908377,-1.0
0.08309085531315456,0.004173029020118217,19,0.5238522391300648,0.0008684896421706646,2,47.714286020823884,1.8320053918021066,-1.0
0.06732378259766847,0.008076334566188356,20,0.4527855310589075,0.0008550178566873412,2,50.85714299338205,1.7166336693082538,-1.0
0.07616591457432757,0.006769614100145797,21,0.4978914598468691,0.0008410063690388064,2,57.000000153269085,1.591266463143485,-1.0
0.09486347079897921,0.005377212190069258,22,0.6017400329001248,0.0008264767839234412,2,58.857142857142854,1.456572675704956,-1.0
0.0927929882115374,0.005288986101125677,23,0.5887845251709223,0.000811451504908368,2,61.571428707667756,1.4170245150157383,-1.0
0.0927806709272166,0.005807615894203384,24,0.5918200670275837,0.0007959536998847743,2,68.28571476255145,1.2288238525390625,-1.0
0.08790597886157532,0.004703928832896054,25,0.5559470669832081,0.0007800072653447032,2,67.28571438789368,1.2138683598382132,-1.0
0.09551697014831007,0.005395594673852126,26,0.6057669671718031,0.0007636367895343947,2,74.57142870766776,1.024012793813433,-1.0
0.09648167178966105,0.006578646212195356,27,0.6186603249516338,0.0007468675145409928,2,76.4285717010498,0.9770725349017552,-1.0
0.09487594120825331,0.00835092959459871,28,0.619647084036842,0.0007297252973710758,2,81.71428612300328,0.8444032614571707,-1.0
0.09590359936313082,0.00809638446662575,29,0.6242912390735,0.0007122365700810271,2,80.00000010217938,0.8188169547489711,-1.0
0.09555824380367994,0.007969856378622353,30,0.6215107350144535,0.0006944282990207196,2,81.71428619112287,0.7350846859386989,-1.0
0.0943848166692381,0.008996376340898374,31,0.6205308439675719,0.0006763279432533592,2,87.28571466037205,0.5934146884509496,-1.0
0.11178904767924298,0.0042908701580017805,32,0.6967211801093072,0.0006579634122155992,2,88.85714309556144,0.54879129920687,-1.0
0.09337492779983829,0.008702675385090211,33,0.6127573270350695,0.000639363022683212,2,90.00000054495675,0.4837552857398987,-1.0
0.07592556516950329,0.004111718347606559,34,0.48045058199204504,0.0006205554551086735,2,89.14285734721592,0.4533917621203831,-1.0
0.03554066216262678,0.008157606003805995,35,0.26241480791941285,0.0006015697093979838,2,90.85714299338204,0.4368620620455061,-1.0
0.053750062632995345,0.006500897541021307,36,0.3617373090237379,0.0005824350601949146,2,89.57142887796674,0.47403800777026583,-1.0
0.06691982438011716,0.006174095789901912,37,0.4388041221536696,0.0005631810117416299,2,92.00000057901654,0.3993734082153865,-1.0
0.08091541519388556,0.006339176169907053,38,0.5237687998451293,0.0005438372523852835,2,92.00000020435878,0.39140694754464284,-1.0
0.07571667948892961,0.00526388653088361,39,0.4861219141166657,0.0005244336088007391,2,93.4285718713488,0.3639106641496931,-1.0
0.06923320093968262,0.0065443858814736204,40,0.4548992910422385,0.0005050000000000001,2,93.14285731315613,0.30760990040642877,-1.0
0.06761811984082063,0.006199224813220401,41,0.44313013600185513,0.0004855663911992613,2,95.71428615706307,0.2579148064340864,-1.0
0.06707938108593225,0.008438424052049717,42,0.4533281831536442,0.00046616274761471693,2,94.28571489879063,0.28290071283067975,-1.0
0.06789204035885632,0.005894589315479,43,0.4429633740801364,0.00044681898825837057,2,96.00000040871757,0.23782857928957257,-1.0
0.06723300103719036,0.005536876463641723,44,0.43686718703247607,0.000427564939805086,2,96.71428612300328,0.21067639878817968,-1.0
0.06730842753313482,0.00498025631532073,45,0.43405208294279873,0.00040843029060201667,2,98.57142898014614,0.15122818997928075,-1.0
0.06912085650643955,0.006894032005220652,46,0.45631886506453156,0.000389444544891327,2,99.00000027247837,0.1422245020525796,-1.0
0.06907720254578938,0.009976028619954983,47,0.47454927093349397,0.0003706369773167883,2,98.28571469443185,0.13712357010160173,-1.0
0.06354059484632064,0.009547863155603409,48,0.43876577098853886,0.0003520365877844012,2,99.00000027247837,0.10139601273196085,-1.0
0.05019564849014083,0.004201529663987458,49,0.32660930790007114,0.0003336720567466412,2,98.57142884390694,0.12865719190665653,-1.0
0.05768673467294624,0.005773482650207977,50,0.38099542493000627,0.0003155717009792807,2,98.85714285714286,0.1024222366298948,-1.0
0.06494833629888792,0.008917444036342204,51,0.44344091112725437,0.00029776342991897335,2,98.42857207570758,0.1142347742830004,-1.0
0.07394692678159724,0.005972950214830537,52,0.479815024882555,0.00028027470262892445,2,99.57142921856472,0.08831757285765239,-1.0
0.05720513682657232,0.006464457682644327,53,0.3822577071841806,0.0002631324854590073,2,98.85714285714286,0.08795551206384386,-1.0
0.07197140285279602,0.006465956141861777,54,0.47094182088039815,0.0002463632104656054,2,100.0,0.05841935430254255,-1.0
0.07805277570150793,0.006323525953727464,55,0.5065011240076274,0.0002299927346552969,2,99.57142857142857,0.05800654004727091,-1.0
0.08071859258537491,0.006216256724049647,56,0.5218543238006532,0.00021404630011522587,2,99.85714285714286,0.0548186862042972,-1.0
0.07952529568380366,0.0075695768076305585,57,0.522808785084635,0.00019854849509163232,2,99.71428636142186,0.04819369320358549,-1.0
0.08281502884346992,0.00860017262554417,58,0.5487355559598655,0.00018352321607655918,2,100.0,0.05155464151075908,-1.0
0.08314705818581085,0.00655899914757659,59,0.5385455379728228,0.00016899363096119395,2,99.857143504279,0.05147593830313001,-1.0
0.08081832815272112,0.005726685514673591,60,0.5195797949563712,0.000154982143312659,2,100.0,0.04941920621054513,-1.0
0.07144236964328836,0.004326695343479514,61,0.4548625419847667,0.0001415103578293356,2,99.71428571428571,0.04938250775848116,-1.0
0.08094377912736188,0.007269518023046355,62,0.529515977948904,0.0001285990470279847,2,100.0,0.04230801929320608,-1.0
0.08067363182393213,0.006652704828108351,63,0.5242026359774172,0.0001162681192140312,2,99.71428636142186,0.046898929732186456,-1.0
0.08335019981799026,0.006496460526250303,64,0.5393220749683678,0.00010453658778440107,2,99.857143504279,0.044756091364792416,-1.0
0.08138694288209081,0.0049264719321702915,65,0.5181474599521607,9.342254191024022e-05,2,100.0,0.0361337496978896,-1.0
0.06978359682640682,0.010080246177191535,66,0.4794323218520731,8.294311864472437e-05,2,99.857143504279,0.04605267814227513,-1.0
0.07675027183722705,0.0072130005185802775,67,0.504025031812489,7.311447649896551e-05,2,100.0,0.039418094349758966,-1.0
0.07931376566799979,0.005544535505274932,68,0.5093973490875214,6.395177052675794e-05,2,99.57142857142857,0.049855442089693884,-1.0
0.08198279557594408,0.007499932427890599,69,0.5371330531779677,5.546912895658472e-05,2,99.85714285714286,0.03703061382685389,-1.0
0.06287061586044729,0.009230449795722961,70,0.4328449619933963,4.767963140691306e-05,2,100.0,0.03481728451592581,-1.0
0.08014459616970271,0.010161571476298073,71,0.5420777681283653,4.059528871837034e-05,2,100.0,0.036600556480033054,-1.0
0.08307025469063471,0.006812821491621435,72,0.5395608299877495,3.4227024433899e-05,2,99.857143504279,0.03500820164169584,-1.0
0.08063188625965267,0.00922382176698496,73,0.5393827711232007,2.8584657955444653e-05,2,99.85714285714286,0.03379675260611943,-1.0
0.08097290996617328,0.00823212853477647,74,0.5354762710630894,2.367688940315011e-05,2,99.85714285714286,0.03698312171867916,-1.0
0.0834347908385098,0.008717733823383847,75,0.5531797339208424,1.951128620040094e-05,2,100.0,0.040313173553773334,-1.0
0.08278640285910417,0.0051992694692065316,76,0.5282417249400169,1.6094271405406862e-05,2,100.0,0.031774565864886556,-1.0
0.07781891245394945,0.004600756568834186,77,0.4947723359800875,1.3431113807311488e-05,2,100.0,0.03161746699895177,-1.0
0.08229158869168411,0.0040921049658209085,78,0.518542833160609,1.1525919802101659e-05,2,99.57142857142857,0.04101650706359318,-1.0
0.08392449945677072,0.004036645055748522,79,0.5280065659899265,1.0381627060842164e-05,2,100.0,0.0320672612956592,-1.0
0.08326386997941881,0.004098599699015419,80,0.5244246528018266,1e-05,2,99.857143504279,0.03873860848801477,-1.0
0.09462127442072545,0.021410323147262846,1,0.8124977368861437,0.000999618372939158,3,1.625,4.76329345703125,-1.0
0.08112643210084311,0.008512640039303474,2,0.6277610869146883,0.0009984740801978985,3,5.875,4.371800842285157,-1.0
0.08507972902485303,0.003548098827845284,3,0.6207123009953648,0.0009965688861926887,3,5.125,4.097048645019531,-1.0
0.08514144813774951,0.003797447441944054,4,0.6228361851535738,0.0009939057285945933,3,7.625,3.9606964111328127,-1.0
0.08580045042825597,0.003815827991015145,5,0.6275574550963938,0.0009904887137995992,3,9.25,3.815826416015625,-1.0
0.08291871516433146,0.006070602419120925,6,0.6231690188869834,0.00098632311059685,3,11.5,3.6636532592773436,-1.0
0.0824117801551308,0.006757853419653007,7,0.6244186419062316,0.0009814153420445555,3,11.125,3.5910951232910158,-1.0
0.08139190570052181,0.005673452579815473,8,0.6097146640531719,0.0009757729755661012,3,16.125,3.428811264038086,-1.0
0.08452518384105392,0.007594730139576963,9,0.6450961120426655,0.0009694047112816298,3,17.375,3.3157167053222656,-1.0
0.07909586859334793,0.007732702718515482,10,0.6080469801090658,0.0009623203685930871,3,18.625,3.1969755554199217,-1.0
0.08068206603638828,0.007889125795502747,11,0.6202428289689124,0.0009545308710434153,3,19.375,3.0827715301513674,-1.0
0.08028075375062015,0.008982377093551415,12,0.6250710401218385,0.0009460482294732422,3,22.5,3.0269375896453856,-1.0
0.08274160714686982,0.004459460565288152,13,0.6106315299402922,0.0009368855235010348,3,25.0,2.883038864135742,-1.0
0.08400918243985091,0.006873594264366797,14,0.6364308630581945,0.0009270568813552758,3,23.875,2.8556111907958983,-1.0
0.0825977937784046,0.005698657661144223,15,0.6183066780213267,0.0009165774580897602,3,27.375,2.733803596496582,-1.0
0.07368779531680048,0.0037498900866402046,16,0.5422967378981411,0.0009054634122155992,3,29.625,2.649361228942871,-1.0
0.07273160775990359,0.003873687536854829,17,0.5365161260124296,0.0008937318807859689,3,30.25,2.566797752380371,-1.0
0.09353544044175319,0.008220169260831816,18,0.7125198428984731,0.0008814009529720156,3,33.0,2.4021652603149413,-1.0
0.09396489240628268,0.008323920591335212,19,0.7162574040703475,0.0008684896421706646,3,38.625,2.240257110595703,-1.0
0.09605646466038056,0.008020435626219426,20,0.7287828698754311,0.0008550178566873412,3,42.375,2.135133285522461,-1.0
0.06660479882598988,0.0071763766131230766,21,0.5166910029947758,0.0008410063690388064,3,42.875,2.0458257675170897,-1.0
0.09298065517629896,0.00803256081417203,22,0.7073275139555335,0.0008264767839234412,3,43.375,1.9856777954101563,-1.0
0.10410731631730284,0.008398323685729079,23,0.7877701460383832,0.000811451504908368,3,48.125,1.8637314987182618,-1.0
0.10384612999457334,0.004365763726777264,24,0.757723466027528,0.0007959536998847743,3,53.0,1.6830360794067383,-1.0
0.09830316425567227,0.0036988507490605116,25,0.7142467740923166,0.0007800072653447032,3,57.25,1.5889031982421875,-1.0
0.1034981958302004,0.005356928899085948,26,0.7622245710808784,0.0007636367895343947,3,61.75,1.4849074935913087,-1.0
0.10399248417732972,0.0071999299606042245,27,0.7786165729630738,0.0007468675145409928,3,61.5,1.4556562614440918,-1.0
0.10367244804677155,0.004508344523076501,28,0.7575740909669548,0.0007297252973710758,3,63.875,1.3327510452270508,-1.0
0.08315803110599518,0.003792115021497011,29,0.6089065761771053,0.0007122365700810271,3,69.0,1.1931962203979491,-1.0
0.06836054371004659,0.007324869578172054,30,0.530065855011344,0.0006944282990207196,3,68.375,1.1928959846496583,-1.0
0.07353820365720562,0.004687639618558543,31,0.5479262410663068,0.0006763279432533592,3,70.0,1.1530084133148193,-1.0
0.08235427803759064,0.008063339395448565,32,0.6332669781986624,0.0006579634122155992,3,74.25,1.0134049606323243,-1.0
0.06721540314278432,0.005744314120550241,33,0.5109946660231799,0.000639363022683212,3,73.375,1.02221848487854,-1.0
0.0306372728664428,0.003567491990647146,34,0.23967364407144487,0.0006205554551086735,3,77.25,0.8753185844421387,-1.0
0.031024915498814414,0.0038888255200747934,35,0.24470920697785914,0.0006015697093979838,3,80.75,0.8651537227630616,-1.0
0.03136835756179478,0.007263294021998133,36,0.2706616809591651,0.0005824350601949146,3,82.0,0.7741788101196289,-1.0
0.03001676040834614,0.005681502898888928,37,0.25010546017438173,0.0005631810117416299,3,84.625,0.7177867698669433,-1.0
0.04233372124976346,0.005350099743476936,38,0.33401654195040464,0.0005438372523852835,3,87.5,0.605597448348999,-1.0
0.03913252258540264,0.003368299121835402,39,0.2977300479542464,0.0005244336088007391,3,87.375,0.5735333514213562,-1.0
0.031413277611136436,0.003782008242394243,40,0.2465957549866289,0.0005050000000000001,3,88.25,0.5361472606658936,-1.0
0.03057683601842395,0.004024992563894817,41,0.24243467207998037,0.0004855663911992613,3,87.625,0.5212003755569458,-1.0
0.05303501381006624,0.0036951866266982897,42,0.39739018003456295,0.00046616274761471693,3,89.625,0.4855705976486206,-1.0
0.046935771558699865,0.006369420293984669,43,0.373427138896659,0.00044681898825837057,3,91.0,0.43307200908660887,-1.0
0.049850732021565945,0.005842949130705425,44,0.39014722499996424,0.000427564939805086,3,94.0,0.3598200225830078,-1.0
0.07370220829865762,0.007915837989587868,45,0.5715718409046531,0.00040843029060201667,3,93.75,0.33763051986694337,-1.0
0.07600372793552067,0.0036627391818910837,46,0.5579115198925138,0.000389444544891327,3,94.875,0.31989718675613404,-1.0
0.07218178458112691,0.003619445421333824,47,0.53086839010939,0.0003706369773167883,3,96.25,0.2805636763572693,-1.0
0.07809753975431834,0.007878996697919709,48,0.6020740629173815,0.0003520365877844012,3,96.0,0.2456979751586914,-1.0
0.07471693895890244,0.007109485899231264,49,0.5730335069820285,0.0003336720567466412,3,98.125,0.2277281427383423,-1.0
0.08031675026619009,0.003721776318603328,50,0.5885017339605838,0.0003155717009792807,3,97.0,0.22375948429107667,-1.0
0.08329077327757009,0.006206969298156244,51,0.6267098558600992,0.00029776342991897335,3,97.875,0.19755958318710326,-1.0
0.08388696158570903,0.005693474851016488,52,0.6272948130499572,0.00028027470262892445,3,98.5,0.16541121244430543,-1.0
0.08604649747056621,0.005313065534989748,53,0.6397417180705816,0.0002631324854590073,3,98.875,0.1643589949607849,-1.0
0.0875450817069837,0.006313677710880127,54,0.657242082990706,0.0002463632104656054,3,98.625,0.15943833947181701,-1.0
0.08530300143840057,0.0034442187087344272,55,0.6215598050039262,0.0002299927346552969,3,98.375,0.15395111203193665,-1.0
0.08398500454079892,0.006835816594372902,56,0.6361294030211866,0.00021404630011522587,3,99.125,0.1326981282234192,-1.0
0.08226292157944824,0.008306907257065177,57,0.6342761020641774,0.00019854849509163232,3,98.75,0.1330445671081543,-1.0
0.08362829329312912,0.005479917429121477,58,0.6240489620249718,0.00018352321607655918,3,99.125,0.12114244222640991,-1.0
0.08309375258561756,0.008504074432754092,59,0.641425940906629,0.00016899363096119395,3,98.75,0.11229047417640686,-1.0
0.0836394595847066,0.005509598845882075,60,0.6242882260121405,0.000154982143312659,3,99.5,0.1065558683872223,-1.0
0.08060874946282379,0.006147127964400819,61,0.6075204869266599,0.0001415103578293356,3,99.375,0.09490797996520996,-1.0
0.08306358405388892,0.00719432978491698,62,0.6320331480819732,0.0001285990470279847,3,99.75,0.08923751831054688,-1.0
0.0821030145244939,0.005736436195937651,63,0.6151065600570291,0.0001162681192140312,3,100.0,0.08020026862621307,-1.0
0.08307796344161034,0.0054012220020272905,64,0.619583441875875,0.00010453658778440107,3,99.625,0.07666434526443482,-1.0
0.0851229775830039,0.006574550144640463,65,0.6421697749756277,9.342254191024022e-05,3,99.625,0.07261284470558166,-1.0
0.08424546542976584,0.004385203854846103,66,0.6207297679502517,8.294311864472437e-05,3,99.75,0.07452168583869934,-1.0
0.08253266323091728,0.008997584460303187,67,0.6410928750410676,7.311447649896551e-05,3,99.625,0.07608640611171723,-1.0
0.08374840929172933,0.004724631418607065,68,0.6196062478702515,6.395177052675794e-05,3,99.75,0.07331112027168274,-1.0
0.08434646882648979,0.004842944908887148,69,0.624609180027619,5.546912895658472e-05,3,99.875,0.06922060906887055,-1.0
0.08356629997225744,0.004947600187733769,70,0.6198953480925411,4.767963140691306e-05,3,99.75,0.07354898452758789,-1.0
0.08377089514397085,0.0035060509773237364,71,0.611229739850387,4.059528871837034e-05,3,99.75,0.06295827984809875,-1.0
0.08313158191075283,0.003387641959956714,72,0.605927576078102,3.4227024433899e-05,3,99.875,0.06845935940742492,-1.0
0.08511312881351582,0.0038819050283304284,73,0.6232506539672613,2.8584657955444653e-05,3,99.375,0.06462327361106873,-1.0
0.08298172362680946,0.0043977412195610145,74,0.6119614921044558,2.367688940315011e-05,3,99.625,0.0671399885416031,-1.0
0.08460720398995493,0.003741950461907046,75,0.6187563599087298,1.951128620040094e-05,3,99.875,0.05892726242542267,-1.0
0.0861106916729893,0.0038054384557264192,76,0.6296969871036708,1.6094271405406862e-05,3,100.0,0.05590061902999878,-1.0
0.08685156503426177,0.00639749042290662,77,0.6530454710591584,1.3431113807311488e-05,3,99.75,0.06774122595787048,-1.0
0.08679868972727231,0.005959450400301388,78,0.6496597900986671,1.1525919802101659e-05,3,99.875,0.062106274366378784,-1.0
0.08699674801235753,0.005889594255547438,79,0.6505371248349547,1.0381627060842164e-05,3,99.5,0.07378976345062256,-1.0
0.0875516299690519,0.0045010114554315805,80,0.644756643101573,1e-05,3,99.875,0.06012719631195068,-1.0
0.0926353198592551,0.0195919634134043,1,0.8980989579576999,0.000999618372939158,4,1.6666666666666667,4.7222677951388885,-1.0
0.0806564406666439,0.0035065197153016925,2,0.6736102520953864,0.0009984740801978985,4,3.111111111111111,4.43831529405382,-1.0
0.08194170263595879,0.003901600983226672,3,0.6870459869969636,0.0009965688861926887,4,6.333333333333333,4.19791259765625,-1.0
0.08538016377133317,0.007261369348270819,4,0.741405715001747,0.0009939057285945933,4,6.222222222222222,4.0525499131944445,-1.0
0.08169254986569285,0.005360988259781152,5,0.6966802321840078,0.0009904887137995992,4,6.444444444444445,3.992702907986111,-1.0
0.08232035726541653,0.0033392774930689484,6,0.6855240778531879,0.00098632311059685,4,8.88888888888889,3.9933056640625,-1.0
0.08216766896657646,0.00364768152940087,7,0.6867656880058348,0.0009814153420445555,4,7.222222222222222,3.9061762152777777,-1.0
0.0826481542608235,0.0032408538681920618,8,0.6873469480779022,0.0009757729755661012,4,7.888888888888889,3.8539446343315973,-1.0
0.08277960488339886,0.003169971372699365,9,0.687831151066348,0.0009694047112816298,4,7.333333333333333,3.8975474717881946,-1.0
0.08124387424322776,0.0031623046088498086,10,0.6754970320034772,0.0009623203685930871,4,6.666666666666667,3.9028564453125,-1.0
0.08298685750924051,0.004177234484814107,11,0.6975743579678237,0.0009545308710434153,4,6.111111111111111,3.82256103515625,-1.0
0.08239915751619264,0.006641866348218173,12,0.7125746898818761,0.0009460482294732422,4,8.333333333333334,3.758888888888889,-1.0
0.08280760562047362,0.007945412624394521,13,0.7262596201617271,0.0009368855235010348,4,10.666666666666666,3.640111490885417,-1.0
0.06488246397930197,0.0036112928937654942,14,0.5482293530367315,0.0009270568813552758,4,8.88888888888889,3.708279079861111,-1.0
0.09468122335965745,0.006375104014296085,15,0.8087315100710839,0.0009165774580897602,4,10.11111111111111,3.7284844292534722,-1.0
0.06711310485843569,0.00637852749787271,16,0.5881711959373206,0.0009054634122155992,4,10.444444444444445,3.6554881117078994,-1.0
0.09611351936473511,0.004473356995731592,17,0.8049453261774033,0.0008937318807859689,4,10.333333333333334,3.579243435329861,-1.0
0.10324895923258737,0.007871815643738955,18,0.8892049379646778,0.0008814009529720156,4,11.777777777777779,3.6432670084635417,-1.0
0.10320329779642634,0.003311616077553481,19,0.8523738929070532,0.0008684896421706646,4,12.0,3.6248091634114585,-1.0
0.09704328625230119,0.006775322632165626,20,0.8307920661754906,0.0008550178566873412,4,10.555555555555555,3.5489015028211806,-1.0
0.10297839433769695,0.005146578041603789,21,0.865285777952522,0.0008410063690388064,4,11.555555555555555,3.5468096245659724,-1.0
0.10213731450494379,0.005356119247153401,22,0.8602359420619905,0.0008264767839234412,4,15.777777777777779,3.422759467230903,-1.0
0.10304815083509311,0.003933347150450572,23,0.8560990549158305,0.000811451504908368,4,15.11111111111111,3.4123552788628473,-1.0
0.10276636888738722,0.004796181106939912,24,0.8607446858659387,0.0007959536998847743,4,14.555555555555555,3.361100260416667,-1.0
0.07578415499301627,0.007657250011106953,25,0.6677645400632173,0.0007800072653447032,4,14.555555555555555,3.3606993950737847,-1.0
0.06760560817201622,0.004016879829578102,26,0.5732149870600551,0.0007636367895343947,4,14.11111111111111,3.3586573621961806,-1.0
0.0812234235345386,0.0031867210927885026,27,0.6755779520608485,0.0007468675145409928,4,15.444444444444445,3.2621893988715276,-1.0
0.03175502410158515,0.004805793141713366,28,0.2928715751040727,0.0007297252973710758,4,16.88888888888889,3.226502414279514,-1.0
0.033958015526877716,0.004930187831632793,29,0.3113385878968984,0.0007122365700810271,4,17.444444444444443,3.2004373508029516,-1.0
0.05251370285986923,0.0038446315156761557,30,0.45109481690451503,0.0006944282990207196,4,16.77777777777778,3.22591549343533,-1.0
0.07136026647640392,0.003950795507989824,31,0.6027153371833265,0.0006763279432533592,4,17.666666666666668,3.1474307929144967,-1.0
0.05877214574138634,0.004157038987614214,32,0.5036653550341725,0.0006579634122155992,4,19.555555555555557,3.058382636176215,-1.0
0.054330961633240804,0.004895862512057647,33,0.47403908893465996,0.000639363022683212,4,19.666666666666668,3.062890828450521,-1.0
0.051051586255198345,0.0047769467637408525,34,0.4468696960248053,0.0006205554551086735,4,22.0,2.9596588134765627,-1.0
0.0529107337933965,0.00596389698330313,35,0.47122273384593427,0.0006015697093979838,4,21.88888888888889,2.9490175713433158,-1.0
0.05297535701538436,0.0069202119775582105,36,0.47939309384673834,0.0005824350601949146,4,24.0,2.862781270345052,-1.0
0.055938198580406606,0.007831095426809043,37,0.5103878618683666,0.0005631810117416299,4,25.22222222222222,2.8189484320746527,-1.0
0.05505443285801448,0.005480783758684993,38,0.48451717500574887,0.0005438372523852835,4,25.22222222222222,2.780187174479167,-1.0
0.05519284165347926,0.00656347707263194,39,0.4942882771138102,0.0005244336088007391,4,24.88888888888889,2.797627393934462,-1.0
0.06868893263163045,0.003402914240723476,40,0.5769802229478955,0.0005050000000000001,4,25.88888888888889,2.7667861938476563,-1.0
0.07588695015874691,0.003378650115337223,41,0.6343553778715432,0.0004855663911992613,4,27.0,2.7170162624782987,-1.0
0.07979544717818499,0.003221436694730073,42,0.6644205891061574,0.00046616274761471693,4,27.333333333333332,2.6811812337239584,-1.0
0.0823114252416417,0.006572119134943932,43,0.7113513590302318,0.00044681898825837057,4,29.88888888888889,2.6361960177951387,-1.0
0.08242383011383936,0.005233680654782802,44,0.7015076470561326,0.000427564939805086,4,29.333333333333332,2.599401109483507,-1.0
0.08165489562088624,0.006932272634003311,45,0.7089570751413703,0.00040843029060201667,4,28.444444444444443,2.614091356065538,-1.0
0.08105400676140562,0.0070206426025833935,46,0.7048524969723076,0.000389444544891327,4,29.444444444444443,2.53922610812717,-1.0
0.08194203817402013,0.006108424684498459,47,0.7046417400706559,0.0003706369773167883,4,33.55555555555556,2.4360369194878473,-1.0
0.07991284888703376,0.006575366103788838,48,0.6921400108840317,0.0003520365877844012,4,35.333333333333336,2.420786607530382,-1.0
0.08422894045361318,0.00515095517039299,49,0.7152797561138868,0.0003336720567466412,4,35.44444444444444,2.357488979763455,-1.0
0.0807026200927794,0.004717386269476265,50,0.6836076430045068,0.0003155717009792807,4,34.77777777777778,2.3677374945746528,-1.0
0.07922825659625232,0.0074844179034698755,51,0.6939593928400427,0.00029776342991897335,4,36.888888888888886,2.359951409233941,-1.0
0.08313488430576399,0.003069393686018884,52,0.689878229983151,0.00028027470262892445,4,37.0,2.2969696384006077,-1.0
0.07917262768023647,0.006759456970030442,53,0.6876961961388588,0.0002631324854590073,4,39.0,2.243380398220486,-1.0
0.08109492601943202,0.006917456485098228,54,0.704344819067046,0.0002463632104656054,4,42.22222222222222,2.1941468302408853,-1.0
0.08287926649791189,0.0032717272406443954,55,0.6894562719389796,0.0002299927346552969,4,37.888888888888886,2.253460456000434,-1.0
0.0807904125249479,0.006764385616406798,56,0.7006811900064349,0.00021404630011522587,4,39.55555555555556,2.220001118977865,-1.0
0.08212393699795939,0.0032851661380846053,57,0.6835105610080063,0.00019854849509163232,4,39.44444444444444,2.2114542982313368,-1.0
0.08101816260023043,0.0030199457542039454,58,0.6725927290972322,0.00018352321607655918,4,40.77777777777778,2.1558787706163196,-1.0
0.08139675375423394,0.006402411381714046,59,0.7026285741012543,0.00016899363096119395,4,43.77777777777778,2.0871923828125,-1.0
0.08122799257398583,0.003792892675846815,60,0.6804627641104162,0.000154982143312659,4,42.0,2.097518310546875,-1.0
0.08337459381436929,0.0031387540511786938,61,0.6923476939555258,0.0001415103578293356,4,43.44444444444444,2.05497556898329,-1.0
0.08111699356231838,0.003447008435614407,62,0.6767665569204837,0.0001285990470279847,4,43.0,2.0766839260525174,-1.0
0.08152076616534032,0.005865662707947195,63,0.6993394829332829,0.0001162681192140312,4,46.888888888888886,2.0134545220269096,-1.0
0.08112382303806953,0.006318904954241589,64,0.699781633913517,0.00010453658778440107,4,47.888888888888886,1.9733829752604166,-1.0
0.08203364224755205,0.006480840122094378,65,0.7083527240902185,9.342254191024022e-05,4,48.0,1.9554543050130209,-1.0
0.07977147601195611,0.003363102878211066,66,0.6653179130516946,8.294311864472437e-05,4,48.55555555555556,1.9198638237847223,-1.0
0.07313414497184567,0.007077020301949233,67,0.6419256858061999,7.311447649896551e-05,4,50.77777777777778,1.8984342447916667,-1.0
0.07616809528553858,0.005837506469106302,68,0.6563030011020601,6.395177052675794e-05,4,46.111111111111114,1.9410431586371528,-1.0
0.07590758055448532,0.005300975957652554,69,0.649918707087636,5.546912895658472e-05,4,51.666666666666664,1.869387410481771,-1.0
0.07612053729826584,0.006586955219972879,70,0.6619021838996559,4.767963140691306e-05,4,49.0,1.8784801059299046,-1.0
0.07766869475017302,0.003936239372706041,71,0.6530820161569864,4.059528871837034e-05,4,52.0,1.8476942613389757,-1.0
0.08172753764665686,0.005835761607158929,72,0.7007350369822234,3.4227024433899e-05,4,51.55555555555556,1.8455560980902779,-1.0
0.08530200822860934,0.004072576499311253,73,0.7152468229178339,2.8584657955444653e-05,4,51.333333333333336,1.8366543240017361,-1.0
0.08527611813042313,0.004512200626777485,74,0.7185344721656293,2.367688940315011e-05,4,49.44444444444444,1.852950439453125,-1.0
0.08370151929557323,0.005638310336507857,75,0.7149429731070995,1.951128620040094e-05,4,49.44444444444444,1.8563563707139756,-1.0
0.08535065923933871,0.003114767780061811,76,0.7079682229086757,1.6094271405406862e-05,4,53.666666666666664,1.7877157253689235,-1.0
0.08509912679437548,0.0038360693433787674,77,0.71175323612988,1.3431113807311488e-05,4,52.0,1.8182413736979166,-1.0
0.0861678778019268,0.007318131567444652,78,0.7481334030162543,1.1525919802101659e-05,4,53.0,1.8004324001736112,-1.0
0.08514237208873965,0.004263325012288988,79,0.715504736173898,1.0381627060842164e-05,4,57.0,1.7330960422092014,-1.0
0.08417637890670449,0.004307619848987088,80,0.7081141339149326,1e-05,4,52.111111111111114,1.7776507737901475,-1.0
0.09206132023246028,0.019408946653129533,1,0.8921356350183487,0.000999618372939158,5,2.0000000074505806,4.707056648254395,-1.0
0.08720881710178219,0.004210183542454615,2,0.7316836221143603,0.0009984740801978985,5,3.6000000149011613,4.362513660430908,-1.0
0.08773685817141086,0.005258423072518781,3,0.7442745291627944,0.0009965688861926887,5,5.500000008940697,4.146262691497803,-1.0
0.08939919399563223,0.003771953022805974,4,0.7456825161352754,0.0009939057285945933,5,7.600000014901161,4.000313468933106,-1.0
0.0876557262672577,0.0031612258462700993,5,0.7268151158932596,0.0009904887137995992,5,7.900000023841858,3.8562661228179933,-1.0
0.08968010701937601,0.0057456911308690906,6,0.7636889289133251,0.00098632311059685,5,12.200000017881393,3.690348020553589,-1.0
0.08444063519709744,0.00587317455210723,7,0.7227507280185819,0.0009814153420445555,5,12.200000008940696,3.5591832370758056,-1.0
0.06849769505788572,0.005201263586059213,8,0.5898534208536148,0.0009757729755661012,5,15.300000131130219,3.386257022857666,-1.0
0.09724893851671368,0.00507463698158972,9,0.818830827018246,0.0009694047112816298,5,18.80000013113022,3.2810440635681153,-1.0
0.09827974074869417,0.00399487602408044,10,0.8184995769988745,0.0009623203685930871,5,17.800000083446502,3.190484867095947,-1.0
0.09102791667100973,0.003112017089733854,11,0.7534244281705469,0.0009545308710434153,5,20.700000131130217,3.058012456893921,-1.0
0.10058705226401798,0.007083209609845653,12,0.8616084449458867,0.0009460482294732422,5,25.400000035762787,2.8837570133209227,-1.0
0.10009772301418707,0.005741902627050877,13,0.8469938300549984,0.0009368855235010348,5,26.600000035762786,2.7481569309234617,-1.0
0.10025267148739658,0.007022002886515111,14,0.8584703539963812,0.0009270568813552758,5,30.60000021457672,2.6325093879699706,-1.0
0.09765844861976802,0.0036152029933873564,15,0.8104579960927367,0.0009165774580897602,5,33.50000004768371,2.4490709018707277,-1.0
0.09884215198690072,0.006392674520611763,16,0.8422424769960344,0.0009054634122155992,5,40.20000011920929,2.284571071624756,-1.0
0.07575996516970918,0.0033434603246860206,17,0.6330765970051289,0.0008937318807859689,5,42.90000009536743,2.1097130489349367,-1.0
0.10292596410727128,0.003466722642770037,18,0.8514306680299342,0.0008814009529720156,5,41.30000019073486,2.0991945838928223,-1.0
0.07114189720596187,0.005108187295263633,19,0.6102527140174061,0.0008684896421706646,5,44.400000190734865,1.9805508499145508,-1.0
0.0641486497479491,0.005991154990624636,20,0.561382404062897,0.0008550178566873412,5,52.400000262260434,1.7721256256103515,-1.0
0.0919552223640494,0.00548507776693441,21,0.7799063860438764,0.0008410063690388064,5,54.799999952316284,1.6690429668426514,-1.0
0.07463581484626047,0.004798787151230499,22,0.6357582579366863,0.0008264767839234412,5,59.70000019073486,1.5193540468215943,-1.0
0.07466535907587968,0.0035247619380243123,23,0.6258110529743135,0.000811451504908368,5,64.69999995231629,1.3594067668914795,-1.0
0.0720474224362988,0.005644953314913437,24,0.6218233020044863,0.0007959536998847743,5,69.90000038146972,1.1839381675720215,-1.0
0.09980692702811211,0.005528859241167083,25,0.8429768059868366,0.0007800072653447032,5,72.30000038146973,1.0863359422683716,-1.0
0.10001565821585245,0.003304001409560442,26,0.8268619130831212,0.0007636367895343947,5,76.10000033378601,0.9777885808944702,-1.0
0.0877089383720886,0.005365474353311583,27,0.7448296041693538,0.0007468675145409928,5,81.2,0.8511460695266724,-1.0
0.0620060685032513,0.0072864992544054985,28,0.5545969060622156,0.0007297252973710758,5,81.00000052452087,0.7842900557518006,-1.0
0.06336312773055397,0.005358063266612589,29,0.5500132141169161,0.0007122365700810271,5,83.90000033378601,0.7201567993164063,-1.0
0.07183246166096069,0.003682263079099357,30,0.6043680019211024,0.0006944282990207196,5,88.10000009536743,0.6041120100021362,-1.0
0.060075565008446574,0.00329949424485676,31,0.5072412551380694,0.0006763279432533592,5,88.90000023841858,0.5192978663444519,-1.0
0.061632565659238026,0.0067358923552092165,32,0.5472001919988543,0.0006579634122155992,5,90.70000004768372,0.4550866937637329,-1.0
0.06108138780109584,0.006460612057708204,33,0.5405789338983595,0.000639363022683212,5,91.9000002861023,0.41345049381256105,-1.0
0.06123642381862737,0.005203625332796946,34,0.531761122867465,0.0006205554551086735,5,92.60000042915344,0.373454437494278,-1.0
0.0610018418810796,0.006786450743675232,35,0.5425451090559363,0.0006015697093979838,5,92.90000042915344,0.3512717652320862,-1.0
0.0569571552623529,0.0033004107244778425,36,0.48229568102397025,0.0005824350601949146,5,94.00000019073487,0.3117654311656952,-1.0
0.05860928859328851,0.006347975635435432,37,0.5198980940040201,0.0005631810117416299,5,95.30000028610229,0.25980389642715457,-1.0
0.059030671342043206,0.0032190010242629796,38,0.4982477950397879,0.0005438372523852835,5,96.60000014305115,0.22738375520706178,-1.0
0.08849094872130081,0.00479816464940086,39,0.7465453951153904,0.0005244336088007391,5,97.30000019073486,0.18586076045036315,-1.0
0.08138228955795057,0.0053495226893574,40,0.6941028810106218,0.0005050000000000001,5,97.60000033378601,0.17238272619247436,-1.0
0.08908984865411185,0.003367971599800512,41,0.7399371839128435,0.0004855663911992613,5,98.50000009536743,0.14357115876674653,-1.0
0.08986119198380038,0.0037844463950023055,42,0.7494859469588846,0.00046616274761471693,5,99.00000047683716,0.11479353433847428,-1.0
0.08902103136642836,0.005138383130542934,43,0.7535838789772242,0.00044681898825837057,5,99.00000023841858,0.10917924946546555,-1.0
0.08721700616297312,0.003133301215711981,44,0.7230628188699484,0.000427564939805086,5,99.0,0.09691138851642608,-1.0
0.0909532587393187,0.00569704087683931,45,0.7734633279033005,0.00040843029060201667,5,99.40000033378601,0.0858958820104599,-1.0
0.08894850898650475,0.005553711147513241,46,0.7562869139946997,0.000389444544891327,5,99.00000019073487,0.0837178499698639,-1.0
0.08812505527748726,0.0030380234529729933,47,0.7296112300828099,0.0003706369773167883,5,99.30000023841858,0.07631703013181687,-1.0
0.08604542602552101,0.0051036189834121615,48,0.7294433270581067,0.0003520365877844012,5,99.5,0.06859792816638946,-1.0
0.07179862490738742,0.004351477342424914,49,0.6094450640957803,0.0003336720567466412,5,99.90000023841858,0.052504392087459564,-1.0
0.08871875359909609,0.0033498582779429853,50,0.7367980289272964,0.0003155717009792807,5,99.7,0.0508420190513134,-1.0
0.08942517629475333,0.005585260718362406,51,0.7603326188400388,0.00029776342991897335,5,99.70000023841858,0.047112034916877744,-1.0
0.08963798225158826,0.007275526120793074,52,0.7755641820840538,0.00028027470262892445,5,99.80000023841858,0.04196928364038467,-1.0
0.089289523253683,0.006497733847936615,53,0.7665535898413509,0.0002631324854590073,5,99.7,0.04153182166814804,-1.0
0.09235485474346206,0.006777096510631964,54,0.7933302212040871,0.0002463632104656054,5,99.8,0.04412130218744278,-1.0
0.09122288526850753,0.0055459667346440256,55,0.7744218020234257,0.0002299927346552969,5,99.9,0.03297608956694603,-1.0
0.08719654954620637,0.003462504973867908,56,0.7255783441942185,0.00021404630011522587,5,99.9,0.031246274948120118,-1.0
0.0906642118934542,0.004938691621646285,57,0.7651234879158437,0.00019854849509163232,5,99.8,0.03310131973028183,-1.0
0.09029009586083703,0.007960571761941537,58,0.7862578188069165,0.00018352321607655918,5,99.9,0.035177647531032565,-1.0
0.08967417461099103,0.0072953081398736686,59,0.7760510540101677,0.00016899363096119395,5,99.8,0.03344842593371868,-1.0
0.08643031382234767,0.005094055668450892,60,0.7325211339630187,0.000154982143312659,5,99.9,0.030765938684344293,-1.0
0.08573267658357508,0.004145072918618098,61,0.7193220260087401,0.0001415103578293356,5,99.80000023841858,0.02846959185600281,-1.0
0.08680184412514791,0.004526767501374707,62,0.7308899641502649,0.0001285990470279847,5,100.0,0.025480609327554703,-1.0
0.08680605416884646,0.007351264066528529,63,0.7535044949036092,0.0001162681192140312,5,99.8,0.028829148694872856,-1.0
0.09174354784772731,0.00696658666129224,64,0.7899433700367808,0.00010453658778440107,5,99.8,0.030043914645910264,-1.0
0.08549347208463587,0.004759249655762687,65,0.7222725600004196,9.342254191024022e-05,5,99.70000023841858,0.03067169252038002,-1.0
0.08875629285466857,0.008585081668570638,66,0.7790359940845519,8.294311864472437e-05,5,99.9,0.0279471315741539,-1.0
0.09014785289764404,0.0035372138663660735,67,0.7498308988288045,7.311447649896551e-05,5,99.9,0.027074781134724616,-1.0
0.08992942364420742,0.004958916746545583,68,0.7594046290032566,6.395177052675794e-05,5,100.0,0.02334543798863888,-1.0
0.09172327630221844,0.004867300565820187,69,0.7729859668761492,5.546912895658472e-05,5,100.0,0.02416110250353813,-1.0
0.08907246851595119,0.006116847507655621,70,0.7617866359651089,4.767963140691306e-05,5,99.9,0.025194044291973115,-1.0
0.08972243141033687,0.0033171915856655687,71,0.7445960019249469,4.059528871837034e-05,5,99.8,0.02602793511748314,-1.0
0.08824593015015125,0.003286665858468041,72,0.7325203579384834,3.4227024433899e-05,5,100.0,0.01946650530397892,-1.0
0.09063556100591086,0.003308983112219721,73,0.7518056260887533,2.8584657955444653e-05,5,100.0,0.023336643874645232,-1.0
0.09165512438630685,0.00640732137253508,74,0.7847513831220567,2.367688940315011e-05,5,100.0,0.02252990594506264,-1.0
0.0893179727718234,0.0056646543671377,75,0.7601324550341815,1.951128620040094e-05,5,100.0,0.023555024668574332,-1.0
0.0899298547883518,0.0035438664781395346,76,0.7480381608475,1.6094271405406862e-05,5,100.0,0.0231092991232872,-1.0
0.08822697171126492,0.00526439439272508,77,0.748169275932014,1.3431113807311488e-05,5,100.0,0.025485577434301375,-1.0
0.08947086136322469,0.007257751276483759,78,0.7740697108674794,1.1525919802101659e-05,5,99.9,0.025704531952738762,-1.0
0.09223020350327715,0.006417520635295659,79,0.7894265200011432,1.0381627060842164e-05,5,99.9,0.02406401750445366,-1.0
0.09073648788034916,0.006503596989205107,80,0.7781741200014949,1e-05,5,100.0,0.023493463426828384,-1.0
0.09565503944435881,0.01931702487895058,1,1.035078322980553,0.000999618372939158,6,2.6363636255264282,4.691099068034779,-1.0
0.08913671784102917,0.003860507160425186,2,0.8373502269387245,0.0009984740801978985,6,5.727272743528539,4.368070416883989,-1.0
0.06880173506215215,0.004371609719884064,3,0.6588374790735543,0.0009965688861926887,6,7.0909091071649035,4.137952329462225,-1.0
0.09327807779320413,0.004581802628106541,4,0.8810038010124117,0.0009939057285945933,6,9.272727251052856,3.8923517313870515,-1.0
0.09761808654810819,0.0037001465550727313,5,0.9121110578998923,0.0009904887137995992,6,10.54545455087315,3.7513316744024103,-1.0
0.0935393309013711,0.006054258776000804,6,0.896596308099106,0.00098632311059685,6,12.454545487057079,3.632036791714755,-1.0
0.09806136686044435,0.006864231907659107,7,0.944579642964527,0.0009814153420445555,6,14.090909123420715,3.533466915650801,-1.0
0.10005772783834901,0.0032091219392087725,8,0.9296501809731126,0.0009757729755661012,6,15.272727305238897,3.3992901611328126,-1.0
0.09875383652332756,0.004514559689495299,9,0.9296685149893165,0.0009694047112816298,6,17.636363658038054,3.2702287179773504,-1.0
0.09942782305491467,0.004630453522420592,10,0.9367792510893196,0.0009623203685930871,6,20.272727283564482,3.1282360857183282,-1.0
0.09889809906275736,0.005282173398882151,11,0.9378725460264832,0.0009545308710434153,6,20.909090822393242,2.9960246389562433,-1.0
0.09843981597158644,0.004145615346108873,12,0.923507119063288,0.0009460482294732422,6,23.54545457796617,2.8572028454867278,-1.0
0.06661501024953193,0.003810228288380636,13,0.6340815280564129,0.0009368855235010348,6,28.909090930765327,2.6910843372344972,-1.0
0.059551412912292614,0.00530360341589484,14,0.583925262093544,0.0009270568813552758,6,30.09090915593234,2.6213952376625755,-1.0
0.07776932001838253,0.0049597470917635495,15,0.7447852289769799,0.0009165774580897602,6,34.181818170980975,2.4859075303511187,-1.0
0.045208676588825054,0.004663771846228176,16,0.4492035030853003,0.0009054634122155992,6,36.81818185611205,2.3689042828299782,-1.0
0.09225343491157724,0.0033095909748226404,17,0.8604032760486007,0.0008937318807859689,6,39.72727265141227,2.1858001708984376,-1.0
0.09558884419190387,0.0029546122532337904,18,0.8871849582064897,0.0008814009529720156,6,46.36363639614799,1.9983623365922407,-1.0
0.09338801033380958,0.0031820454427765477,19,0.8693888999987394,0.0008684896421706646,6,50.909090995788574,1.8267734974080867,-1.0
0.09898662228240734,0.0032354063716613585,20,0.9202412131708115,0.0008550178566873412,6,55.54545464298942,1.637188402522694,-1.0
0.0969770208466798,0.0047570828400138356,21,0.9158480248879641,0.0008410063690388064,6,60.72727283564481,1.4758323084224354,-1.0
0.09893027281699081,0.004798913400413262,22,0.9337995019741356,0.0008264767839234412,6,60.72727268392389,1.4520442763241854,-1.0
0.09821846643980178,0.004439274547621608,23,0.92416647891514,0.000811451504908368,6,63.636363766410135,1.3550001772967253,-1.0
0.09991926888728307,0.0049369192371765775,24,0.9439327740110457,0.0007959536998847743,6,68.0,1.2110735472765837,-1.0
0.09815745309202208,0.003005438587731785,25,0.91070870985277,0.0007800072653447032,6,71.90909103913741,1.0940506662021985,-1.0
0.057359573198482394,0.0030083481170650986,26,0.5435450631193817,0.0007636367895343947,6,75.90909108248624,0.949935965538025,-1.0
0.059092844293142356,0.002806676034298208,27,0.5573323981370777,0.0007468675145409928,6,81.81818203492598,0.7973743440888145,-1.0
0.0710630080041786,0.004520779889490869,28,0.6805357439443469,0.0007297252973710758,6,84.36363645033403,0.6974683651057156,-1.0
0.06194104908758567,0.0027808483379582563,29,0.5827259989455342,0.0007122365700810271,6,84.8181816664609,0.6717566520517523,-1.0
0.05919881977347864,0.004512055440702372,30,0.5736411409452558,0.0006944282990207196,6,85.99999997832559,0.6083144760131836,-1.0
0.05891712969686422,0.0031755943006525436,31,0.5590764079242945,0.0006763279432533592,6,87.45454543287104,0.5630344241315668,-1.0
0.05745104521823426,0.003021137323230505,32,0.5444799379911274,0.0006579634122155992,6,90.8181817965074,0.4641144507581537,-1.0
0.05893314966104097,0.0028954982343647215,33,0.5567578410264105,0.000639363022683212,6,91.1818180734461,0.41217806751077823,-1.0
0.05900142424636417,0.0030126925299151074,34,0.5584476022049785,0.0006205554551086735,6,93.63636365803805,0.35574203545396976,-1.0
0.054740648690818086,0.004476644642030199,35,0.5332803758792579,0.0006015697093979838,6,93.45454547621988,0.3344796120036732,-1.0
0.06449329488289852,0.0038121420010510418,36,0.6150746510829777,0.0005824350601949146,6,93.90909112583508,0.3066841827739369,-1.0
0.0876238236669451,0.006719515555434757,37,0.8493355719838291,0.0005631810117416299,6,95.1818183335391,0.2822040336782282,-1.0
0.08711302109683554,0.00723479023306734,38,0.8493725538719445,0.0005438372523852835,6,96.54545463215221,0.22868751460855657,-1.0
0.08791286878598233,0.003048795559960935,39,0.8189011667855084,0.0005244336088007391,6,97.18181839856234,0.20209090709686278,-1.0
0.08934799297195342,0.003052397475888332,40,0.831830563955009,0.0005050000000000001,6,97.1818183335391,0.18291721468622035,-1.0
0.08830745751038194,0.004243830141300957,41,0.8332016579806805,0.0004855663911992613,6,97.27272742444819,0.19800984913652594,-1.0
0.08774548153289491,0.0034501192470391593,42,0.8210015678778291,0.00046616274761471693,6,97.9999998699535,0.1616568479754708,-1.0
0.09009628820543487,0.006835978892114427,43,0.8726390858646482,0.00044681898825837057,6,98.63636350631714,0.12377178267999128,-1.0
0.08979695598180923,0.00456317990190453,44,0.8494897650089115,0.000427564939805086,6,98.81818181818181,0.11159514489499005,-1.0
0.0879153596340782,0.005004978919815686,45,0.836520351935178,0.00040843029060201667,6,99.27272720770402,0.08400017738342286,-1.0
0.08994468456755082,0.005482477756838004,46,0.8590800939127803,0.000389444544891327,6,98.9090909090909,0.0959773714704947,-1.0
0.08577665585714082,0.005948926917173796,47,0.8257830541115254,0.0003706369773167883,6,99.45454538952221,0.07559186824343421,-1.0
0.08586962575403352,0.003053006457371844,48,0.8005413359496742,0.0003520365877844012,6,99.5454544804313,0.05938210904598236,-1.0
0.08711699235977398,0.004664957652696305,49,0.8262797729112208,0.0003336720567466412,6,99.72727266224948,0.05830450800332156,-1.0
0.08735363909767734,0.004394140663660235,50,0.8259779990185052,0.0003155717009792807,6,99.72727272727273,0.055849248983643275,-1.0
0.08894145633611414,0.004565159453906947,51,0.841853171819821,0.00029776342991897335,6,99.72727272727273,0.046720090440728446,-1.0
0.08773533166903588,0.004409232099230091,52,0.829649557126686,0.00028027470262892445,6,99.63636357134038,0.04819838121533394,-1.0
0.09011650364845991,0.006598819900924961,53,0.8709146559704095,0.0002631324854590073,6,100.0,0.04370179938999089,-1.0
0.08938003864346279,0.004449701557556788,54,0.8447090538684279,0.0002463632104656054,6,99.81818181818181,0.03517758214338259,-1.0
0.08763947154188322,0.004584945686575439,55,0.8303255441132933,0.0002299927346552969,6,100.0,0.03561073024164547,-1.0
0.09078344687198599,0.0028854106915079886,56,0.8433458169456571,0.00021404630011522587,6,99.81818175315857,0.031488452851772306,-1.0
0.08991605565986699,0.0032755929924961594,57,0.8390620229765773,0.00019854849509163232,6,99.9090909090909,0.03145218472589146,-1.0
0.08986819926131931,0.0032707323164989552,58,0.8385387060698122,0.00018352321607655918,6,99.81818181818181,0.03330080862749707,-1.0
0.08871375859922005,0.004586478953974115,59,0.8399911921005696,0.00016899363096119395,6,99.81818181818181,0.028480749915946613,-1.0
0.08837334340852168,0.004694578910453452,60,0.8379120328463614,0.000154982143312659,6,99.81818181818181,0.02976268704641949,-1.0
0.08845128235407174,0.003972142650228407,61,0.832050594035536,0.0001415103578293356,6,100.0,0.028343613229014658,-1.0
0.08937350678671566,0.0029345438815653324,62,0.8310191659256816,0.0001285990470279847,6,100.0,0.026567496914755215,-1.0
0.08948661490446991,0.004462070193969541,63,0.8458905338775367,0.0001162681192140312,6,99.9090909090909,0.025759397372603417,-1.0
0.08997675577282077,0.005119645993949639,64,0.8561578609514982,0.00010453658778440107,6,100.0,0.024708196432753043,-1.0
0.09190384153690603,0.007048675247157614,65,0.8908704770728946,9.342254191024022e-05,6,100.0,0.022347305552525953,-1.0
0.09016705291449195,0.0032643270678818226,66,0.8411772619001567,8.294311864472437e-05,6,100.0,0.023666409145702016,-1.0
0.08709517054052816,0.0032693881075829268,67,0.8135805469937623,7.311447649896551e-05,6,100.0,0.021792429048906672,-1.0
0.08756753067589468,0.004871184316774209,68,0.8322478837799281,6.395177052675794e-05,6,100.0,0.024200169444084166,-1.0
0.08717961309270726,0.004136890690359805,69,0.8221654100343585,5.546912895658472e-05,6,100.0,0.02013046982613477,-1.0
0.0895796412239886,0.00310706388619211,70,0.834427597001195,4.767963140691306e-05,6,100.0,0.01966151430525563,-1.0
0.09061905356227523,0.0027054382177690663,71,0.8402118829544634,4.059528871837034e-05,6,99.9090909090909,0.023432914980433203,-1.0
0.09071127255447209,0.004597455237267746,72,0.8580227261409163,3.4227024433899e-05,6,100.0,0.020539923770861192,-1.0
0.08984147537396187,0.004691866743895743,73,0.851037944899872,2.8584657955444653e-05,6,100.0,0.01909211521798914,-1.0
0.0889722412555582,0.004102810389465756,74,0.8379123699851334,2.367688940315011e-05,6,100.0,0.020834462751041758,-1.0
0.08910379941678709,0.003200151698870791,75,0.8309764510486275,1.951128620040094e-05,6,100.0,0.020291387059471824,-1.0
0.08982038632449177,0.004475297665016519,76,0.8489045009482652,1.6094271405406862e-05,6,100.0,0.020976190567016603,-1.0
0.0880724027649396,0.0055352196666515535,77,0.8427033629268408,1.3431113807311488e-05,6,100.0,0.019796049655838446,-1.0
0.08980511954157716,0.0029172246965269246,78,0.8347342570777982,1.1525919802101659e-05,6,100.0,0.020967343537644907,-1.0
0.08760099358753198,0.006050745516808497,79,0.8431561579927802,1.0381627060842164e-05,6,100.0,0.019832004444165663,-1.0
0.0903813316900697,0.0031692177419447238,80,0.842247893800959,1e-05,6,100.0,0.022035803415558556,-1.0
0.10293038433883339,0.017824660963378848,1,1.2078226010780782,0.000999618372939158,7,1.5833333358168602,4.697006842295329,-1.0
0.09761557129677385,0.002947829198092222,2,1.0059209940955043,0.0009984740801978985,7,4.5,4.377774047851562,-1.0
0.09860168097075075,0.004371480736881495,3,1.0300200399942696,0.0009965688861926887,7,5.75,4.179160772959391,-1.0
0.09755063536576927,0.0041451565455645325,4,1.0172168780118227,0.0009939057285945933,7,5.833333333333333,4.072401014963786,-1.0
0.09745245696976781,0.0041652616346254945,5,1.0164271609392017,0.0009904887137995992,7,8.250000019868216,3.899056797027588,-1.0
0.07019347120076418,0.0038646613014861942,6,0.7408324109856039,0.00098632311059685,7,10.75,3.75980580329895,-1.0
0.05766479903832078,0.00274178315885365,7,0.604354343842715,0.0009814153420445555,7,10.916666676600775,3.6891727193196613,-1.0
0.07530756879132242,0.0026130342157557607,8,0.7794358439277858,0.0009757729755661012,7,13.416666686534882,3.562304582595825,-1.0
0.06164839877746999,0.005390668311156333,9,0.6706219378393143,0.0009694047112816298,7,13.083333373069763,3.448475440343221,-1.0
0.059347931016236546,0.003997119679115713,10,0.6336892452090979,0.0009623203685930871,7,15.08333334326744,3.322825237909953,-1.0
0.08753356381785124,0.004714358574710786,11,0.9227774599567056,0.0009545308710434153,7,18.66666668653488,3.2157765420277915,-1.0
0.08480108832009137,0.004168700682930649,12,0.8899343449156731,0.0009460482294732422,7,17.333333373069763,3.165592292149862,-1.0
0.08419354143552482,0.004475369374267757,13,0.8869485571049154,0.0009368855235010348,7,21.50000003973643,3.021089328130086,-1.0
0.08664749290328473,0.004407195304520428,14,0.9107783788349479,0.0009270568813552758,7,23.250000019868214,2.887976942062378,-1.0
0.06855293498374522,0.003899338026531041,15,0.7247615389060229,0.0009165774580897602,7,26.08333335320155,2.731158138910929,-1.0
0.09486040836200119,0.0027924923226237295,16,0.9767688158899546,0.0009054634122155992,7,28.916666746139526,2.6718133322397866,-1.0
0.09676641882397234,0.0026090491795912386,17,0.9940497821662575,0.0008937318807859689,7,31.666666706403095,2.5155767154693605,-1.0
0.08590955007821321,0.0038888824172317983,18,0.8982411189936101,0.0008814009529720156,7,33.75000007947286,2.415172437032064,-1.0
0.09846728863194584,0.003966968064196408,19,1.0246710579376668,0.0008684896421706646,7,39.1666667064031,2.2088615894317627,-1.0
0.10021324481349439,0.004569171788170933,20,1.0480653068516403,0.0008550178566873412,7,40.08333337306976,2.1389556090037027,-1.0
0.09762781471945345,0.003935645264573395,21,1.0158698719460517,0.0008410063690388064,7,45.75000003973643,1.9744089031219483,-1.0
0.09641328295692801,0.0029842946445569397,22,0.994227813789621,0.0008264767839234412,7,48.83333341280619,1.8338612588246663,-1.0
0.09737751588691027,0.006002298602834344,23,1.0340876691043377,0.000811451504908368,7,49.666666666666664,1.802135303815206,-1.0
0.07031424164306373,0.004181590164080262,24,0.7452075711917132,0.0007959536998847743,7,54.33333349227905,1.6336910883585611,-1.0
0.05746386209502816,0.0037971526151522996,25,0.6128341928124428,0.0007800072653447032,7,56.333333333333336,1.5272302516301473,-1.0
0.06970752628985792,0.004327477607876063,26,0.7406090069562197,0.0007636367895343947,7,61.41666682561239,1.404886131286621,-1.0
0.056286802119575444,0.0026124057825654746,27,0.5892722781281918,0.0007468675145409928,7,67.0833334128062,1.256005555788676,-1.0
0.05806442983448505,0.002530493261292577,28,0.6061918549239635,0.0007297252973710758,7,67.75,1.1779949696858725,-1.0
0.056660016719251874,0.0044057278893887995,29,0.6108968949411064,0.0007122365700810271,7,72.83333333333333,1.0663285700480143,-1.0
0.057545450842007996,0.0024743380723521113,30,0.6004246389493346,0.0006944282990207196,7,74.58333349227905,0.9937425597508749,-1.0
0.055896496423520146,0.005580476182512939,31,0.6150125700514764,0.0006763279432533592,7,79.00000007947285,0.8545038533210755,-1.0
0.05748652000911534,0.0026429138844832776,32,0.6015363018959761,0.0006579634122155992,7,83.58333349227905,0.7395976241429647,-1.0
0.05740604049060494,0.004045010125264525,33,0.6147330889943987,0.000639363022683212,7,83.50000007947285,0.6976305778821309,-1.0
0.08384372985456139,0.002522423351183534,34,0.8638913861941546,0.0006205554551086735,7,86.25,0.6203635350863139,-1.0
0.0830526660894975,0.004807172412984073,35,0.8788446739781648,0.0006015697093979838,7,89.08333333333333,0.547853786945343,-1.0
0.08697186645586044,0.0041647476609796286,36,0.9116678729187697,0.0005824350601949146,7,87.41666666666667,0.5338038090864817,-1.0
0.08772252309136093,0.004354897700250149,37,0.9210765310563147,0.0005631810117416299,7,91.33333333333333,0.4432744216918945,-1.0
0.08733206680044532,0.0032998173963278534,38,0.9066099778283387,0.0005438372523852835,7,91.50000007947285,0.4032068447271983,-1.0
0.08747469161171466,0.003457451309077442,39,0.9096268669236451,0.0005244336088007391,7,93.66666666666667,0.3415911861260732,-1.0
0.08783895911183208,0.0055189158767461775,40,0.9338911189697683,0.0005050000000000001,7,95.33333333333333,0.27486676851908365,-1.0
0.08730828836560249,0.002866866532713175,41,0.9020030468236655,0.0004855663911992613,7,95.58333349227905,0.2727572613954544,-1.0
0.08712122079450638,0.0037157928105443715,42,0.9091631439514458,0.00046616274761471693,7,97.00000015894572,0.22027253985404968,-1.0
0.08588223389815539,0.004136106581427157,43,0.9004710558801889,0.00044681898825837057,7,97.00000007947285,0.19741893112659453,-1.0
0.08732231468893588,0.002742386911995709,44,0.9009408061392605,0.000427564939805086,7,97.3333334128062,0.1826874053478241,-1.0
0.08756453942041845,0.003368736687116325,45,0.9095743929501623,0.00040843029060201667,7,97.5833334128062,0.17053534030914308,-1.0
0.0869752282043919,0.004289524490013718,46,0.9128809659741819,0.000389444544891327,7,98.91666674613953,0.14905938784281414,-1.0
0.08603529434185475,0.003301324462518096,47,0.8936042550485581,0.0003706369773167883,7,98.33333333333333,0.13355062246322633,-1.0
0.0877904033055529,0.0047501677880063655,48,0.925645510898903,0.0003520365877844012,7,98.91666666666667,0.1211726729075114,-1.0
0.08662608244922013,0.003882689448073506,49,0.9053424510639161,0.0003336720567466412,7,98.5833334128062,0.12605209032694498,-1.0
0.0880750727141276,0.0026420362759381534,50,0.9074107899796218,0.0003155717009792807,7,98.91666674613953,0.1048953777551651,-1.0
0.08922101350035519,0.002709787106141448,51,0.9195422469638288,0.00029776342991897335,7,99.0833334128062,0.09657977253198624,-1.0
0.08635189277119934,0.004057378345169127,52,0.9043245590291917,0.00028027470262892445,7,99.50000007947285,0.08437898675600687,-1.0
0.08683451004326344,0.004730718256905675,53,0.9158943560905755,0.0002631324854590073,7,99.33333333333333,0.07757198492685954,-1.0
0.08800752139650285,0.0032627806067466736,54,0.9130042721517384,0.0002463632104656054,7,99.66666674613953,0.0675007074077924,-1.0
0.08702853475697339,0.003987633134238422,55,0.9105048631317914,0.0002299927346552969,7,99.58333333333333,0.06638332138458888,-1.0
0.08762535932473839,0.0028173819882795215,56,0.9047234368044883,0.00021404630011522587,7,99.83333333333333,0.06144500692685445,-1.0
0.08819351743441076,0.0030003773747012017,57,0.912241310114041,0.00019854849509163232,7,99.75,0.055911867320537566,-1.0
0.08752052967902273,0.0035181412240490317,58,0.9106540288776159,0.00018352321607655918,7,99.91666666666667,0.048934085269769036,-1.0
0.0880813057301566,0.0026601706631481647,59,0.907766561023891,0.00016899363096119395,7,99.91666666666667,0.044537437756856285,-1.0
0.08801344665698707,0.0038986285449936985,60,0.9193628751672804,0.000154982143312659,7,99.8333334128062,0.04539550890525182,-1.0
0.08739455996546894,0.0025762739358469846,61,0.8999441619962454,0.0001415103578293356,7,99.91666666666667,0.04068571190039317,-1.0
0.0876230540452525,0.0036793101578950884,62,0.913266384974122,0.0001285990470279847,7,99.75,0.041696950793266296,-1.0
0.086279292171821,0.005068983510136604,63,0.9137500380165875,0.0001162681192140312,7,99.91666666666667,0.03773581658800443,-1.0
0.0890636567492038,0.0027126351604238154,64,0.9180054420139641,0.00010453658778440107,7,99.66666682561238,0.042469595472017924,-1.0
0.08756129897665232,0.004083192022517323,65,0.9167386109475046,9.342254191024022e-05,7,99.75,0.04254007453719775,-1.0
0.08757000698242337,0.0026001264108344913,66,0.9019889959599823,8.294311864472437e-05,7,99.75,0.04251206268866857,-1.0
0.08779101700056344,0.0039330449188128115,67,0.9175237328745425,7.311447649896551e-05,7,100.0,0.03250511686007182,-1.0
0.08676131141837687,0.0037034771637991072,68,0.9049541149288416,6.395177052675794e-05,7,99.91666666666667,0.03833334118127823,-1.0
0.08812011375557631,0.00263088745996356,69,0.9077526549808681,5.546912895658472e-05,7,99.91666666666667,0.038784339527289075,-1.0
0.08524096764158458,0.003818173962645233,70,0.8908387969713658,4.767963140691306e-05,7,100.0,0.03428066874543826,-1.0
0.0870788729051128,0.004471396608278155,71,0.9162792188581079,4.059528871837034e-05,7,100.0,0.03579855521519979,-1.0
0.08704860927537084,0.003911743918433785,72,0.9098551091738045,3.4227024433899e-05,7,100.0,0.03305746927857399,-1.0
0.08735325059387833,0.0030222039204090834,73,0.9040024259593338,2.8584657955444653e-05,7,99.91666666666667,0.032182176659504576,-1.0
0.08746129914652556,0.004385887552052737,74,0.9187289332039654,2.367688940315011e-05,7,100.0,0.031513293236494065,-1.0
0.08792055519297719,0.0037504514213651417,75,0.9169590591918677,1.951128620040094e-05,7,99.91666666666667,0.03528718744715055,-1.0
0.08688756816554814,0.003951336140744388,76,0.9086237549781799,1.6094271405406862e-05,7,99.91666666666667,0.03324474006891251,-1.0
0.08713423155713826,0.003820633236318827,77,0.9097882870119065,1.3431113807311488e-05,7,100.0,0.02950190325578054,-1.0
0.08580298023298383,0.005813711159862578,78,0.9164047809317708,1.1525919802101659e-05,7,100.0,0.029513744960228603,-1.0
0.08814825757872313,0.0059284110320732,79,0.9410072271712124,1.0381627060842164e-05,7,99.91666674613953,0.03076739142338435,-1.0
0.0876337825320661,0.004504767479375005,80,0.9216288339812309,1e-05,7,99.91666666666667,0.02920918822288513,-1.0
0.10412769675762816,0.016736703882501883,1,1.329826052999124,0.000999618372939158,8,1.9230769242231662,4.707784517728365,-1.0
0.0557083631654016,0.0037384248253974047,2,0.6541796450037509,0.0009984740801978985,8,4.230769230769231,4.372818512549767,-1.0
0.06484004912305284,0.003820969151671637,3,0.7555334430653602,0.0009965688861926887,8,5.538461538461538,4.192605075836181,-1.0
0.0665259150237861,0.003765010888772932,4,0.7734512619208544,0.0009939057285945933,8,5.692307694600179,4.0978172889122595,-1.0
0.05959322999908843,0.0024171138224615293,5,0.6823582679498941,0.0009904887137995992,8,7.076923076923077,3.9885054830404427,-1.0
0.06032143285582689,0.002641592873260379,6,0.6928445999510586,0.00098632311059685,8,9.000000001146244,3.880417669736422,-1.0
0.08477918162349272,0.0027275728485123677,7,0.9628136670216918,0.0009814153420445555,8,9.230769233061718,3.8170148159907415,-1.0
0.08961428581228988,0.005654075458137827,8,1.048192173941061,0.0009757729755661012,8,9.461538462684704,3.709273961874155,-1.0
0.08869244175201113,0.0058190878692337055,9,1.0398602259811014,0.0009694047112816298,8,12.846153850738819,3.6320350045424243,-1.0
0.08840618456121195,0.0027398517228324304,10,1.002848010044545,0.0009623203685930871,8,13.0,3.5780540114182693,-1.0
0.08953885549933395,0.0036526055879552255,11,1.0253395910840482,0.0009545308710434153,8,15.538461540754025,3.4155941060873176,-1.0
0.08962704565122047,0.0037297710818661885,12,1.0271607479080558,0.0009460482294732422,8,15.461538463830948,3.3598477187523477,-1.0
0.08783248121934858,0.002646069508045912,13,0.9955692149233073,0.0009368855235010348,8,16.769230773815742,3.3067904428335337,-1.0
0.08168612509457902,0.0040461113676428795,14,0.9433524271007627,0.0009270568813552758,8,17.84615385073882,3.1957379150390626,-1.0
0.09755391705865887,0.0039721385745162315,15,1.117027882952243,0.0009165774580897602,8,20.538461547631485,3.108723988899818,-1.0
0.09246800289573995,0.0038783753671768036,16,1.060056190006435,0.0009054634122155992,8,21.61538462455456,3.015091339991643,-1.0
0.09950903716327791,0.005223113916475664,17,1.1523265310097486,0.0008937318807859689,8,23.384615385761627,2.9320894439403826,-1.0
0.09889260148206218,0.0034669439774006605,18,1.1262906829360873,0.0008814009529720156,8,25.230769235354202,2.8238810377854566,-1.0
0.09931065993044864,0.0033961164511062884,19,1.1300230531487614,0.0008684896421706646,8,26.53846155680143,2.7378885577275205,-1.0
0.09738120028156448,0.0036353230772709303,20,1.1114231189712882,0.0008550178566873412,8,28.230769258279068,2.6966145669496977,-1.0
0.09112702962011099,0.0035040769302709537,21,1.041261110920459,0.0008410063690388064,8,32.30769231227728,2.5283264152820295,-1.0
0.05896074208430946,0.00321728837761012,22,0.68429358699359,0.0008264767839234412,8,33.307692308838554,2.475815287369948,-1.0
0.06831517095931551,0.004112853054803881,23,0.797014722134918,0.000811451504908368,8,35.46153846153846,2.332849943454449,-1.0
0.06338625979101793,0.002627783941782334,24,0.7264306549914181,0.0007959536998847743,8,36.76923076923077,2.3103294035104605,-1.0
0.05933753092011267,0.003472100075503642,25,0.6912000509910285,0.0007800072653447032,8,39.846153850738816,2.166717811731192,-1.0
0.05960276261480017,0.0024496453856541352,26,0.682909837923944,0.0007636367895343947,8,42.84615387366368,2.0546850688640887,-1.0
0.060324329332533205,0.00270479030653157,27,0.6937468450050801,0.0007468675145409928,8,44.69230770147764,1.992571163911086,-1.0
0.057145601477135315,0.0037932622415775604,28,0.6706972750835121,0.0007297252973710758,8,46.23076922159929,1.865291466346154,-1.0
0.057987678944217885,0.0036949801512739873,29,0.6787455140147358,0.0007122365700810271,8,49.23076923993918,1.7770610288473276,-1.0
0.0855653121940453,0.002680906263942068,30,0.9709804311860353,0.0006944282990207196,8,52.30769233520214,1.7062243065467249,-1.0
0.08198570828376846,0.003061568343334577,31,0.9357632270548493,0.0006763279432533592,8,54.76923076923077,1.657815564962534,-1.0
0.08543984644876962,0.0031913702841848135,32,0.9752068389207125,0.0006579634122155992,8,59.00000001833989,1.507261223426232,-1.0
0.08670213594186035,0.0037251008589836683,33,0.9949556190986186,0.000639363022683212,8,58.30769233520214,1.4931038012871376,-1.0
0.08786046221344308,0.0024241988801143384,34,0.9934287678916007,0.0006205554551086735,8,60.76923078757066,1.434534499828632,-1.0
0.08693999107080427,0.0037294191054322505,35,0.9976027309894562,0.0006015697093979838,8,63.846153901173516,1.3355019793143639,-1.0
0.0875318248713897,0.00234659166413952,36,0.9889007280580699,0.0005824350601949146,8,69.76923080591055,1.1995511982991145,-1.0
0.08631927405738017,0.0034245304890315642,37,0.9874309140723199,0.0005631810117416299,8,71.15384617218605,1.121908953006451,-1.0
0.0871027386112308,0.0030912967525761237,38,0.9923716948833317,0.0005438372523852835,8,75.92307690473703,0.9591402259239784,-1.0
0.08425563233057884,0.0058403694790534,39,0.9912900710478425,0.0005244336088007391,8,79.76923078757066,0.8594349791453435,-1.0
0.08588202930563553,0.004147141409868544,40,0.9905611879657954,0.0005050000000000001,8,77.46153847987836,0.8799019156969511,-1.0
0.08613272716121917,0.0038551057646559043,41,0.9901060617994517,0.0004855663911992613,8,82.61538459704472,0.7784268657977764,-1.0
0.08628439376215366,0.003985707415267825,42,0.9932156188879162,0.00046616274761471693,8,81.23076921242934,0.783670261823214,-1.0
0.08744520243172618,0.0037811777596785264,43,1.0037251841276884,0.00044681898825837057,8,84.00000003667978,0.7080483458592342,-1.0
0.0853115600660782,0.0038824080997569995,44,0.981378547847271,0.000427564939805086,8,84.46153849821825,0.702089620736929,-1.0
0.08683615406467156,0.0036990153814919972,45,0.9961385310161859,0.00040843029060201667,8,85.46153846153847,0.6351467077548687,-1.0
0.08577947602183982,0.0036906683394177394,46,0.9844238860532641,0.000389444544891327,8,86.46153851655814,0.589492836365333,-1.0
0.08689331669699062,0.0037689262958751483,47,0.9975254039745778,0.0003706369773167883,8,90.3076923260322,0.5129252151342538,-1.0
0.0870059470180422,0.0037863307039846072,48,0.99896474997513,0.0003520365877844012,8,92.46153849821825,0.4388600833599384,-1.0
0.08716026361269708,0.003852516116405075,49,1.0013760798610747,0.0003336720567466412,8,91.92307690473703,0.41099008963658257,-1.0
0.08661983788690784,0.0033655558416450567,50,0.9900831459090114,0.0003155717009792807,8,92.38461538461539,0.4009324235182542,-1.0
0.08748434964482757,0.002263811882585287,51,0.9875150660518557,0.00029776342991897335,8,95.15384620886583,0.3388952021415417,-1.0
0.08576840898868712,0.00405592655509033,52,0.9883539599832147,0.00028027470262892445,8,95.46153849821825,0.30201945066452024,-1.0
0.08595905376767571,0.002321122425862334,53,0.9713287779595703,0.0002631324854590073,8,96.53846157514133,0.2906991037955651,-1.0
0.08662092165005478,0.00343352372080765,54,0.9909045281819999,0.0002463632104656054,8,96.53846159348122,0.26174182194929857,-1.0
0.08764585797590288,0.003716922111131928,55,1.005315138027072,0.0002299927346552969,8,95.84615388283363,0.2745624248798077,-1.0
0.08935084712522273,0.0024193887048485603,56,1.0097623390611261,0.00021404630011522587,8,97.23076928578891,0.24019322780462413,-1.0
0.08555432921275496,0.002480799797922373,57,0.9686278498265892,0.00019854849509163232,8,98.0,0.21302270008967472,-1.0
0.08675673891874877,0.003451283894140612,58,0.9925328979734331,0.00018352321607655918,8,97.46153851655814,0.23078707025601314,-1.0
0.08781033172272146,0.0025808717208829794,59,0.9945379788987339,0.00016899363096119395,8,98.61538459704472,0.19171031502576974,-1.0
0.08666876555335792,0.003567380809479139,60,0.9928366080857813,0.000154982143312659,8,98.00000001833989,0.19413195848464965,-1.0
0.08445413694293662,0.0035400881474329667,61,0.9681824739091098,0.0001415103578293356,8,97.38461543963506,0.2062079016978924,-1.0
0.08670028963718902,0.003391414372758432,62,0.9912563050165772,0.0001285990470279847,8,98.3076923076923,0.19094792888714718,-1.0
0.087465700016103,0.0030359261542220006,63,0.9957596699241549,0.0001162681192140312,8,98.23076921242934,0.17577276518711676,-1.0
0.08625416171906347,0.003068398472599008,64,0.9828418327961117,0.00010453658778440107,8,98.99999998166011,0.15912016520133385,-1.0
0.08702268845147708,0.0024702104697511954,65,0.9846637898590416,9.342254191024022e-05,8,98.92307690473703,0.1388733880336468,-1.0
0.0859743246850981,0.005423419135199351,66,1.005612607114017,8.294311864472437e-05,8,99.0,0.13612778452726512,-1.0
0.08619534215805205,0.0037240526554259386,67,0.9893544239457697,7.311447649896551e-05,8,99.230769267449,0.12983324628609877,-1.0
0.08728635933419521,0.0024869290434501386,68,0.9877423860598356,6.395177052675794e-05,8,99.3846153662755,0.13393029304651113,-1.0
0.08668948299336163,0.002335718832910061,69,0.979557550046593,5.546912895658472e-05,8,99.15384613550626,0.1318074395106389,-1.0
0.08661581421355632,0.0035085935907607727,70,0.9916666320059448,4.767963140691306e-05,8,99.53846159348122,0.10986987407390889,-1.0
0.08745965399694713,0.004050149285996502,71,1.0068951861467212,4.059528871837034e-05,8,99.30769228935242,0.11372243152214931,-1.0
0.08740804537030106,0.003781497817147862,72,1.0033958409912884,3.4227024433899e-05,8,99.61538467040428,0.1232055847461407,-1.0
0.08653851162472909,0.003712765449150042,73,0.9930460508912802,2.8584657955444653e-05,8,99.61538461538461,0.10950303082282727,-1.0
0.08792301667430862,0.003968621688810262,74,1.011114751920104,2.367688940315011e-05,8,99.38461538461539,0.11422912019949694,-1.0
0.08632847609591078,0.0037838414480740375,75,0.9915309571661055,1.951128620040094e-05,8,99.38461543963506,0.11107654021336483,-1.0
0.08609348569403995,0.0024510016664862633,76,0.9742775319609791,1.6094271405406862e-05,8,99.38461538461539,0.11307721486458412,-1.0
0.08685921572826126,0.004104451636191119,77,1.000838347012177,1.3431113807311488e-05,8,99.53846152012164,0.11552811324596406,-1.0
0.08852190420624208,0.0022182452323084526,78,0.9983870328869671,1.1525919802101659e-05,8,99.61538461538461,0.10300156299884503,-1.0
0.08762975346127694,0.003376520090651783,79,1.0013112109154463,1.0381627060842164e-05,8,99.76923076923077,0.10269033803389623,-1.0
0.08564742491580546,0.003699758809737184,80,0.9830484751146287,1e-05,8,99.76923082425044,0.1014670885526217,-1.0
0.06453142831610008,0.014569537692957303,1,0.8704340599942952,0.000999618372939158,9,2.0000000074505806,4.731842902047293,-1.0
0.061279534277590836,0.0025421561757949266,2,0.7023202960845083,0.0009984740801978985,9,3.571428582072258,4.372417847769601,-1.0
0.08861959192224524,0.0025367734488099813,3,1.0030425731092691,0.0009965688861926887,9,5.500000034059797,4.152612639835903,-1.0
0.08937405214898965,0.0028207498517903414,4,1.0144470368977636,0.0009939057285945933,9,8.071428605488368,3.9639116423470635,-1.0
0.08997134307653389,0.003912921825593168,5,1.0330240589100868,0.0009904887137995992,9,9.714285790920258,3.8162363978794644,-1.0
0.09117398466068236,0.003736409147016027,6,1.0443209121003747,0.00098632311059685,9,10.928571445601326,3.6945811312539236,-1.0
0.09223110944202001,0.002708745633505962,7,1.0447230320423841,0.0009814153420445555,9,14.92857153926577,3.531250442777361,-1.0
0.09214934751137414,0.003696959042413668,8,1.0546604990959167,0.0009757729755661012,9,15.142857253551483,3.4295028155190606,-1.0
0.09177098016847264,0.004145202756097371,9,1.055319253820926,0.0009694047112816298,9,14.357142857142858,3.406064052581787,-1.0
0.09213457955047488,0.002572528806261041,10,1.042042698012665,0.0009623203685930871,9,16.642857262066432,3.279427322660174,-1.0
0.0869665635665032,0.002572213871065866,11,0.985157938208431,0.0009545308710434153,9,19.357143010411942,3.0907650974818637,-1.0
0.08111442083662207,0.0024339074311269956,12,0.9192698879633099,0.0009460482294732422,9,23.3571429337774,2.9391966342926024,-1.0
0.10127697038379582,0.003693977180360393,13,1.1549334120936692,0.0009368855235010348,9,23.64285718543189,2.873387489318848,-1.0
0.09814114007167518,0.0028675515627996488,14,1.111343048978597,0.0009270568813552758,9,27.500000170298986,2.7380534131186347,-1.0
0.10136216364546934,0.002565096915614876,15,1.1434423699975014,0.0009165774580897602,9,28.642857245036534,2.598823461532593,-1.0
0.10173854104835879,0.0024410855998708444,16,1.14622977306135,0.0009054634122155992,9,34.50000017029898,2.482562276295253,-1.0
0.10218019521033223,0.002703291977840391,17,1.153972279978916,0.0008937318807859689,9,36.85714299338205,2.2772322532108853,-1.0
0.10169838313859972,0.005561461418189786,18,1.1801057818811387,0.0008814009529720156,9,39.42857151372092,2.161085992540632,-1.0
0.1023165089797906,0.0043385192032226105,19,1.1734702459070832,0.0008684896421706646,9,42.35714306150164,2.0521816757747104,-1.0
0.062404143920337614,0.002527817258272659,20,0.7145470960531384,0.0008550178566873412,9,45.42857159887041,1.9183696814945765,-1.0
0.06446447519754822,0.002317697000266476,21,0.7348763318732381,0.0008410063690388064,9,52.14285736424582,1.7292506204332625,-1.0
0.06903161231259053,0.002602124057540839,22,0.7882259420584887,0.0008264767839234412,9,57.6428575856345,1.5822191381454467,-1.0
0.061187234918840906,0.002501920267770236,23,0.7008823798969388,0.000811451504908368,9,60.21428605488369,1.4527960566111973,-1.0
0.05998070171864873,0.00411577728068964,24,0.7053567310795188,0.0007959536998847743,9,65.1428575856345,1.345707312311445,-1.0
0.06308427681638436,0.00564832536673004,25,0.7563464660197496,0.0007800072653447032,9,66.71428619112287,1.212447464125497,-1.0
0.0624599249991165,0.0023923579984429207,26,0.7136716679669917,0.0007636367895343947,9,68.85714329992022,1.170503214427403,-1.0
0.06244477773593231,0.004533467623828487,27,0.7369975941255689,0.0007468675145409928,9,73.21428602082389,1.0076584080287387,-1.0
0.08650886129841885,0.0038006258916787124,28,0.9937122710980475,0.0007297252973710758,9,78.00000020435878,0.9153149063246591,-1.0
0.09033748706464063,0.004075053677132184,29,1.038846590090543,0.0007122365700810271,9,79.07142870766776,0.8128668369565691,-1.0
0.091023732251911,0.002452591010792689,30,1.028525253990665,0.0006944282990207196,9,84.85714306150165,0.6460180980818612,-1.0
0.09242198446934874,0.0038869051601399074,31,1.0596448360010982,0.0006763279432533592,9,87.1428577218737,0.5847729611396789,-1.0
0.09329991601407528,0.002764024623585018,32,1.0569673930294812,0.0006579634122155992,9,90.21428605488369,0.4815461267743792,-1.0
0.09160963204604658,0.0035961388652636247,33,1.0475164100062102,0.000639363022683212,9,90.71428608894348,0.44271614415305,-1.0
0.09126881787299433,0.002568995220247995,34,1.0324668500106782,0.0006205554551086735,9,93.35714333398002,0.3578239987577711,-1.0
0.09250506989403882,0.0031537449156696148,35,1.0525391697883606,0.0006015697093979838,9,94.78571462631226,0.3155078453677041,-1.0
0.0910994982431558,0.0037131867456165228,36,1.0432336069643497,0.0005824350601949146,9,95.50000027247837,0.28239216463906425,-1.0
0.09213465710424563,0.003575691720470786,37,1.0530611781869084,0.0005631810117416299,9,96.57142884390694,0.22649456262588502,-1.0
0.09117551355368712,0.0035816096192733808,38,1.0425764569081366,0.0005438372523852835,9,96.6428575515747,0.23280244520732335,-1.0
0.09198533915067938,0.003571071302179586,39,1.051362578989938,0.0005244336088007391,9,97.00000040871757,0.18357593527862004,-1.0
0.09159764664416964,0.003572394817390225,40,1.0471255788579583,0.0005050000000000001,9,98.35714319774083,0.14911801959787097,-1.0
0.09252576320432127,0.002447574251246723,41,1.0449459601659328,0.0004855663911992613,9,98.21428571428571,0.1400946697166988,-1.0
0.09164230030199344,0.005530586889521642,42,1.0691656339913607,0.00046616274761471693,9,98.8571434361594,0.12478317141532898,-1.0
0.09214198326861317,0.003241386264562607,43,1.0494733690284193,0.00044681898825837057,9,99.21428571428571,0.09785614643778119,-1.0
0.09201886200092056,0.0027405834460461683,44,1.042652347125113,0.000427564939805086,9,99.14285714285714,0.09506577853645597,-1.0
0.09158349894410507,0.004991634875874628,45,1.06258116196841,0.00040843029060201667,9,99.14285714285714,0.08685437772955214,-1.0
0.09247243080542168,0.0033970071976496415,46,1.0548224560916424,0.000389444544891327,9,99.28571486473083,0.08701875388622284,-1.0
0.09066181045702913,0.00388310028409416,47,1.0402867458760738,0.0003706369773167883,9,99.5,0.07019624705825533,-1.0
0.09301741203208538,0.0035259980412030763,48,1.062222447944805,0.0003520365877844012,9,99.50000064713615,0.060909075481551035,-1.0
0.09335574516179887,0.0038078392813490195,49,1.0690817527938634,0.0003336720567466412,9,99.71428571428571,0.05787144103220531,-1.0
0.09132948187603192,0.0032159653915600343,50,1.0402834250126034,0.0003155717009792807,9,99.85714285714286,0.04626114723937852,-1.0
0.09112098940055478,0.0027294965164566583,51,1.0326028349809349,0.00029776342991897335,9,99.71428629330227,0.045261047588927406,-1.0
0.09472913288680668,0.0025265881029719658,52,1.070066912099719,0.00028027470262892445,9,99.78571428571429,0.042917107066937854,-1.0
0.09291499385356226,0.0027586347846822305,53,1.052656213985756,0.0002631324854590073,9,99.85714285714286,0.04157108641096524,-1.0
0.09360062445259908,0.0026932495476847344,54,1.0594877970870584,0.0002463632104656054,9,99.8571434361594,0.03645059364182608,-1.0
0.09096324028955265,0.004825270988724448,55,1.0539206850808114,0.0002299927346552969,9,100.0,0.03215411047850336,-1.0
0.09264671487141062,0.004206292754547162,56,1.06564382603392,0.00021404630011522587,9,100.0,0.029354241341352463,-1.0
0.09380121808499098,0.0034229681742462244,57,1.0697228340432048,0.00019854849509163232,9,99.92857142857143,0.02960739810551916,-1.0
0.0938866433729841,0.004479743900116195,58,1.0822876458987594,0.00018352321607655918,9,99.92857200758797,0.029076541513204573,-1.0
0.09349039573730393,0.0025419665458188815,59,1.0566228439565748,0.00016899363096119395,9,100.0,0.028702749673809324,-1.0
0.0926274363247847,0.00388519423590465,60,1.0618935469537973,0.000154982143312659,9,100.0,0.027740459250552314,-1.0
0.09288937488401477,0.0036194462075152182,61,1.0618400650564581,0.0001415103578293356,9,100.0,0.023813476392201015,-1.0
0.09388975327072496,0.0025550361976704812,62,1.0611482169479132,0.0001285990470279847,9,100.0,0.021819152821387564,-1.0
0.09143492092632434,0.00397565524855798,63,1.0497758178971708,0.0001162681192140312,9,100.0,0.01979814477264881,-1.0
0.09270804445259273,0.0038824137300252914,64,1.0627766721881926,0.00010453658778440107,9,99.92857142857143,0.02314696794109685,-1.0
0.09342838626947593,0.002389906736260111,65,1.0542799509130418,9.342254191024022e-05,9,100.0,0.02268316279564585,-1.0
0.09237697172317315,0.002940611829134551,66,1.048746116925031,8.294311864472437e-05,9,100.0,0.024507148947034565,-1.0
0.09207794339057397,0.003908117788589813,67,1.0561042078770697,7.311447649896551e-05,9,100.0,0.020382264192615237,-1.0
0.09258852651427416,0.00235710030590946,68,1.0446593412198126,6.395177052675794e-05,9,99.92857142857143,0.022200567509446826,-1.0
0.09256829219785603,0.003533784257756038,69,1.057373926974833,5.546912895658472e-05,9,100.0,0.019320040749652045,-1.0
0.09294154497117481,0.004391349767419425,70,1.0710218511521816,4.767963140691306e-05,9,99.92857142857143,0.02032931250120912,-1.0
0.09162174954756418,0.003963696177710186,71,1.0516904690302908,4.059528871837034e-05,9,100.0,0.01974127956266914,-1.0
0.09255825118585066,0.0023361990778622303,72,1.044133563991636,3.4227024433899e-05,9,100.0,0.01762837501508849,-1.0
0.09328986626033756,0.0033866226334463467,73,1.0637004559393972,2.8584657955444653e-05,9,100.0,0.01818421008331435,-1.0
0.093000505161895,0.004000516925853762,74,1.0672825209330767,2.367688940315011e-05,9,99.92857142857143,0.019866358456867083,-1.0
0.09253137855028565,0.002883474448357116,75,1.049821438966319,1.951128620040094e-05,9,100.0,0.01842670143714973,-1.0
0.09313443821685558,0.0036469818812540984,76,1.0648959700483829,1.6094271405406862e-05,9,100.0,0.018505469262599945,-1.0
0.09402450938201086,0.004342704334042289,77,1.082288543926552,1.3431113807311488e-05,9,100.0,0.018286570800202233,-1.0
0.09347965589470485,0.0028826067308810625,78,1.0602343929931521,1.1525919802101659e-05,9,100.0,0.018420034487332617,-1.0
0.09335856897417795,0.003929749025370587,79,1.0704124881885946,1.0381627060842164e-05,9,100.0,0.019519405726875577,-1.0
0.09254869795404375,0.0037533240392804146,80,1.059559996938333,1e-05,9,100.0,0.019179610439709255,-1.0
0.09422083195143689,0.0141169877218393,1,1.3003702911082655,0.000999618372939158,10,2.2666666646798452,4.6998144671122235,-1.0
0.09075579908676445,0.002503963750010977,2,1.1194135488476604,0.0009984740801978985,10,4.266666662693024,4.347298992156983,-1.0
0.08977057868226741,0.0023159204865805805,3,1.1053524208255112,0.0009965688861926887,10,5.666666669150193,4.149451769510905,-1.0
0.09049126410779233,0.002510319153467814,4,1.1162814619019628,0.0009939057285945933,10,7.066666678587596,3.985621406555176,-1.0
0.09261412012468402,0.002392763621173799,5,1.1403414530213922,0.0009904887137995992,10,8.799999994039535,3.8836932023366293,-1.0
0.09175787132699043,0.00213608667642499,6,1.1269734939560294,0.00098632311059685,10,9.999999996026357,3.7771173426310223,-1.0
0.09136947937076911,0.004692843455510835,7,1.152996506076306,0.0009814153420445555,10,11.33333334326744,3.6475480931599935,-1.0
0.09088977959860738,0.002654410646452258,8,1.12277066311799,0.0009757729755661012,10,13.266666692495345,3.5412791379292807,-1.0
0.08349500736221671,0.003216718051893016,9,1.0407935339026153,0.0009694047112816298,10,15.399999992052715,3.437205846786499,-1.0
0.10042762738885358,0.0038180449434245625,10,1.2511963490396738,0.0009623203685930871,10,15.999999992052715,3.3353165651957193,-1.0
0.09758582606445998,0.0022448203526437283,11,1.1982276958879083,0.0009545308710434153,10,19.000000003973643,3.188443483988444,-1.0
0.10190118719280387,0.00410464481683448,12,1.2723100730217993,0.0009460482294732422,10,19.93333339691162,3.0906785895029705,-1.0
0.10099737611987318,0.002365792461205274,13,1.2406123850960284,0.0009368855235010348,10,21.933333353201547,2.9473057721455893,-1.0
0.10096393484855071,0.0031266841494167843,14,1.24935142416507,0.0009270568813552758,10,25.666666785875957,2.79032324663798,-1.0
0.10030917322728783,0.002814325950263689,15,1.2377511030063033,0.0009165774580897602,10,31.66666668653488,2.637891537984212,-1.0
0.07480771767829235,0.002812396657342712,16,0.9316832150798291,0.0009054634122155992,10,30.733333349227905,2.5652757428487143,-1.0
0.06224690614423404,0.0028942731053878865,17,0.7819533389993012,0.0008937318807859689,10,33.60000003178914,2.4407423451741534,-1.0
0.07038226820683728,0.003482904964281867,18,0.8866247909609228,0.0008814009529720156,10,38.93333340485891,2.3060308074951172,-1.0
0.059854289749637246,0.003162179763118426,19,0.7564237420447171,0.0008684896421706646,10,39.73333334128062,2.1341236680348716,-1.0
0.059958746986618884,0.0021609047738214335,20,0.7456652550026774,0.0008550178566873412,10,44.73333330949148,1.9906319624582927,-1.0
0.05982993056143945,0.002941172026718656,21,0.7534892649855465,0.0008410063690388064,10,45.73333335717519,1.9006693579355876,-1.0
0.061006983082431056,0.0024466735776513815,22,0.7616990220267326,0.0008264767839234412,10,48.79999996026357,1.8138880071640016,-1.0
0.06000013967665533,0.0030752519184413054,23,0.7571400119923055,0.000811451504908368,10,55.93333346048991,1.6702318166097005,-1.0
0.08846562309190631,0.003661873071299245,24,1.1057822108268738,0.0007959536998847743,10,59.59999992052714,1.4735254952112833,-1.0
0.08321965672075748,0.0025153496923545995,25,1.0290731061249971,0.0007800072653447032,10,64.3333332379659,1.3674207344055176,-1.0
0.09018498833756894,0.004461143010606368,26,1.1359912119805813,0.0007636367895343947,10,67.86666671435039,1.1899585288365682,-1.0
0.09170127607649192,0.0032576452552651367,27,1.1397547570522875,0.0007468675145409928,10,72.9333335240682,1.066444437980652,-1.0
0.09214014497896035,0.004121664601067702,28,1.1553988300729543,0.0007297252973710758,10,76.86666677792867,0.9217167154947916,-1.0
0.09160606749355793,0.0023017690206567445,29,1.1272084980737418,0.0007122365700810271,10,75.33333350817362,0.9100552012125651,-1.0
0.09163835615618154,0.002652279353545358,30,1.1318257618695498,0.0006944282990207196,10,79.33333333333333,0.8317036250432333,-1.0
0.09076103034506862,0.003858475984695057,31,1.1357225778046995,0.0006763279432533592,10,81.13333336512248,0.7490419416427613,-1.0
0.09105329562832291,0.003971919960652788,32,1.1405468720477074,0.0006579634122155992,10,85.13333353996276,0.6496280056635538,-1.0
0.09113804223792006,0.003690494360247006,33,1.1381995538249612,0.000639363022683212,10,90.06666684150696,0.5159712327321371,-1.0
0.0913428495793293,0.004013367268877725,34,1.144561022054404,0.0006205554551086735,10,90.86666682561238,0.441607266664505,-1.0
0.09081881202291697,0.00303183098246033,35,1.1264613750390708,0.0006015697093979838,10,91.7333335240682,0.3860757271448771,-1.0
0.09212178201414645,0.0022237796414022646,36,1.1324215119238943,0.0005824350601949146,10,93.33333339691163,0.35530099987983704,-1.0
0.08959392943264295,0.003745514821882049,37,1.1204001309815794,0.0005631810117416299,10,94.13333347638448,0.32582158915201825,-1.0
0.09235405638658752,0.002103249018546194,38,1.133796707028523,0.0005438372523852835,10,95.33333347638448,0.260406911611557,-1.0
0.09107707233245795,0.0031591089985643825,39,1.1310853518079966,0.0005244336088007391,10,96.73333342870076,0.2376179392337799,-1.0
0.089016198394044,0.004793128425565858,40,1.125961354933679,0.0005050000000000001,10,97.46666673024495,0.19232902940114338,-1.0
0.09173278256397073,0.0021415739320218563,41,1.1267351019196212,0.0004855663911992613,10,96.93333342870076,0.20833314863840738,-1.0
0.09169388339311506,0.0033101969359753034,42,1.1403078220319003,0.00046616274761471693,10,97.86666669845582,0.16462352641423544,-1.0
0.09193617627412702,0.0022327678937775395,43,1.1303024110384285,0.00044681898825837057,10,98.00000004768371,0.14780066525936128,-1.0
0.09109019257205848,0.00319220800884068,44,1.131633163196966,0.000427564939805086,10,98.86666671435039,0.11563781110445659,-1.0
0.09050751566731681,0.0021411398386893175,45,1.1120273109991103,0.00040843029060201667,10,99.33333336512247,0.09403275789817174,-1.0
0.09198185397932927,0.003322201683962097,46,1.1439383919350803,0.000389444544891327,10,99.40000003178915,0.08118769880135854,-1.0
0.09219783988858883,0.003242487204261124,47,1.14557902677916,0.0003706369773167883,10,99.80000001589457,0.06731597435474396,-1.0
0.09223680821014568,0.002344767388422042,48,1.1352493020240217,0.0003520365877844012,10,99.53333336512247,0.06503631261984508,-1.0
0.09165357179396476,0.002842866873834282,49,1.1342161311767995,0.0003336720567466412,10,99.7333333492279,0.05698404580354691,-1.0
0.09123532163600127,0.0032561977859586477,50,1.1341646020300686,0.0003155717009792807,10,99.5333333492279,0.058558555841445925,-1.0
0.08986683246136333,0.003724166968216499,51,1.123349379049614,0.00029776342991897335,10,99.6,0.05763800818721453,-1.0
0.09124718990642577,0.0032860291733716926,52,1.1346657979302108,0.00028027470262892445,10,99.66666668256124,0.045999833116928734,-1.0
0.09241124349258219,0.0033706341637298465,53,1.1496349500957876,0.0002631324854590073,10,99.86666668256125,0.04452749665578206,-1.0
0.09159350434007744,0.00310320007459571,54,1.1366175080183893,0.0002463632104656054,10,99.93333333333334,0.042004274229208625,-1.0
0.0908757636595207,0.002327889009999732,55,1.118680635932833,0.0002299927346552969,10,99.86666666666666,0.03570319273074468,-1.0
0.09193246413875993,0.003207815287169069,56,1.1419276690576226,0.00021404630011522587,10,99.73333333333333,0.03539844446877639,-1.0
0.09206379323344056,0.002967647936505576,57,1.1406344489660114,0.00019854849509163232,10,100.0,0.033760961830616,-1.0
0.09133915327644597,0.003409639214320729,58,1.1372389399912208,0.00018352321607655918,10,99.86666666666666,0.033776332686344786,-1.0
0.09139386172561596,0.003270310601995637,59,1.1362291460391134,0.00016899363096119395,10,99.93333333333334,0.030341356898347535,-1.0
0.0897732103864352,0.0033306987024843693,60,1.1175189958885312,0.000154982143312659,10,99.86666666666666,0.02944834490120411,-1.0
0.0902000672261541,0.0024438075294407704,61,1.1119813187979162,0.0001415103578293356,10,99.93333333333334,0.025931995153427125,-1.0
0.09072634699987248,0.0031773639105570814,62,1.1270998839754611,0.0001285990470279847,10,100.0,0.025049127285679183,-1.0
0.09131375009504457,0.003992530071021368,63,1.1439324871171266,0.0001162681192140312,10,100.0,0.027058719749252003,-1.0
0.0907281570835039,0.0022221654071472585,64,1.1156975300982594,0.00010453658778440107,10,100.0,0.023122786715626717,-1.0
0.09122435958124697,0.0029220235883258283,65,1.1300609828904271,9.342254191024022e-05,10,99.86666666666666,0.023090568805734315,-1.0
0.09120798726022865,0.004376243644704421,66,1.1478057419881225,8.294311864472437e-05,10,100.0,0.025455755839745204,-1.0
0.09016782381028558,0.0049888373469002545,67,1.1421333039179444,7.311447649896551e-05,10,100.0,0.023612117807070416,-1.0
0.08972442206383373,0.005292659838839124,68,1.140464732190594,6.395177052675794e-05,10,100.0,0.02444048469265302,-1.0
0.09048301550016428,0.002202286598427842,69,1.1124716871418059,5.546912895658472e-05,10,99.86666666666666,0.025992067406574886,-1.0
0.09196133498335257,0.002221567032393068,70,1.1304537418764085,4.767963140691306e-05,10,100.0,0.023965513919790585,-1.0
0.09461388581742843,0.004688538940778623,71,1.191900494042784,4.059528871837034e-05,10,99.93333333333334,0.022904494394858678,-1.0
0.09084870668205743,0.003682779575077196,72,1.1346356619615108,3.4227024433899e-05,10,100.0,0.02108777062098185,-1.0
0.09156647464260459,0.0034074316887805858,73,1.1399876167997718,2.8584657955444653e-05,10,100.0,0.02157337201635043,-1.0
0.09135108346041913,0.002850460703484714,74,1.1307146039325744,2.367688940315011e-05,10,99.93333333333334,0.024311598772803943,-1.0
0.09247687482275069,0.002216260511583338,75,1.1365660859737545,1.951128620040094e-05,10,99.93333334922791,0.027081506997346877,-1.0
0.09204470304151376,0.0036388499623474977,76,1.1485180479940027,1.6094271405406862e-05,10,100.0,0.023042960499723753,-1.0
0.0912678877551419,0.0036146960725697377,77,1.138920348836109,1.3431113807311488e-05,10,100.0,0.021144551957647004,-1.0
0.07234940790416051,0.0023382232757285237,78,0.8965359900612384,1.1525919802101659e-05,10,100.0,0.020658005754152935,-1.0
0.10245135519653559,0.0024257863018040857,79,1.2587831241544336,1.0381627060842164e-05,10,100.0,0.019900858292977015,-1.0
0.09892643761122599,0.002301303728017956,80,1.2149961299728602,1e-05,10,100.0,0.021432744627197582,-1.0
0.09298944181332794,0.012854825418729048,1,1.376295433146879,0.000999618372939158,11,2.375,4.676391754150391,-1.0
0.09048266130356261,0.0021563431677909996,2,1.2046448229812086,0.0009984740801978985,11,4.75,4.364622497558594,-1.0
0.09046955616213381,0.0022904693077390012,3,1.206207430921495,0.0009965688861926887,11,4.8125,4.175507507324219,-1.0
0.08983809837641624,0.002164963077610502,4,1.1963516059331596,0.0009939057285945933,11,7.125,3.997142791748047,-1.0
0.09145544736216274,0.0032751910889951084,5,1.2317838980816305,0.0009904887137995992,11,9.25,3.8825022888183596,-1.0
0.09021244076295541,0.0026236782387758675,6,1.2071715290658176,0.00098632311059685,11,9.375,3.766277160644531,-1.0
0.08209676780881217,0.002145069042363992,7,1.0953840699512511,0.0009814153420445555,11,11.0625,3.6476229858398437,-1.0
0.09491110602035545,0.0031830409828286907,8,1.2754693790338933,0.0009757729755661012,11,12.9375,3.5372620391845704,-1.0
0.09854428418195592,0.0021415022739137593,9,1.3091886439360678,0.0009694047112816298,11,15.4375,3.404843597412109,-1.0
0.09673422406642483,0.0022833149414509535,10,1.2874754569493234,0.0009623203685930871,11,15.75,3.3438077545166016,-1.0
0.0982410958609902,0.0033860017473881063,11,1.321411897893995,0.0009545308710434153,11,18.4375,3.233860282897949,-1.0
0.09963569088050953,0.0019110992837410707,12,1.320355742936954,0.0009460482294732422,11,20.5625,3.0911497497558593,-1.0
0.09913059922221762,0.0020394826916834484,13,1.315543252043426,0.0009368855235010348,11,21.375,2.9615083503723145,-1.0
0.08601309346536604,0.003015421456299149,14,1.1576029830612242,0.0009270568813552758,11,24.3125,2.8550438499450683,-1.0
0.05826513087735153,0.002046252744129071,15,0.7843382318969816,0.0009165774580897602,11,27.75,2.7099337196350097,-1.0
0.06932242325722025,0.0027132388204336166,16,0.936749876011163,0.0009054634122155992,11,27.375,2.6724574089050295,-1.0
0.0606926186189342,0.0025754443799647,17,0.8227751641534269,0.0008937318807859689,11,32.3125,2.5157563400268557,-1.0
0.06015457377697413,0.003731411684734317,18,0.83075474598445,0.0008814009529720156,11,35.375,2.3600288963317873,-1.0
0.058591112619839035,0.0032243366854695175,19,0.8038357929326594,0.0008684896421706646,11,39.25,2.1951726341247557,-1.0
0.058241638354957104,0.002921151785323253,20,0.7953412889037281,0.0008550178566873412,11,42.125,2.107010688781738,-1.0
0.0615617659014578,0.00203586733326889,21,0.8270175252109766,0.0008410063690388064,11,43.6875,2.0246161079406737,-1.0
0.09163662157236384,0.0019359288808818047,22,1.2166818741243333,0.0008264767839234412,11,49.25,1.8628495407104493,-1.0
0.08886733167589857,0.0032312500899514328,23,1.197579950094223,0.000811451504908368,11,49.1875,1.7457090759277343,-1.0
0.08843348010514791,0.0020647459090329134,24,1.176772841019556,0.0007959536998847743,11,57.375,1.5251490306854247,-1.0
0.09054242597463039,0.0023673851795207998,25,1.2081203639972955,0.0007800072653447032,11,61.0,1.4309127998352051,-1.0
0.0889864772414932,0.002969588224704449,26,1.1957109838258475,0.0007636367895343947,11,61.75,1.3939412355422973,-1.0
0.0893959875863332,0.0035408374925072375,27,1.2084144200198352,0.0007468675145409928,11,64.375,1.2693391704559327,-1.0
0.08901207700658303,0.0036058649958039704,28,1.2042787540704012,0.0007297252973710758,11,71.0,1.103866376876831,-1.0
0.08903484157501505,0.0026325116542956005,29,1.1919265389442444,0.0007122365700810271,11,71.625,1.0308713245391845,-1.0
0.09032391860651282,0.0025778119452297688,30,1.2079639988951385,0.0006944282990207196,11,75.5,0.9218021130561829,-1.0
0.09064240459925853,0.0021337361719745854,31,1.206327365944162,0.0006763279432533592,11,81.9375,0.7471495819091797,-1.0
0.08831796671550435,0.003321656975178764,32,1.1915500790346414,0.0006579634122155992,11,84.5,0.6640596914291382,-1.0
0.0902447487012698,0.0031656109226437714,33,1.2145746850874275,0.000639363022683212,11,86.8125,0.6039593505859375,-1.0
0.0890264622329806,0.0020952167777487864,34,1.1848404749762267,0.0006205554551086735,11,87.375,0.5533757686614991,-1.0
0.09015648000730345,0.0020718402229249477,35,1.1992013931740075,0.0006015697093979838,11,89.3125,0.48653164863586423,-1.0
0.09035639794400105,0.001985791210944836,36,1.2007112731225789,0.0005824350601949146,11,91.0625,0.40990916728973387,-1.0
0.08982763802990891,0.0020527338895660182,37,1.1946952710859478,0.0005631810117416299,11,93.8125,0.3354406070709228,-1.0
0.09064929298340128,0.002023799165796775,38,1.204988014884293,0.0005438372523852835,11,94.875,0.2978077745437622,-1.0
0.08932573423505975,0.0020964641589671373,39,1.1887253529857844,0.0005244336088007391,11,95.875,0.26860811591148376,-1.0
0.08860650853827022,0.00370327214925335,40,1.2002824221272022,0.0005050000000000001,11,96.4375,0.2313893473148346,-1.0
0.09014512736421938,0.001977990560520154,41,1.1978499069809914,0.0004855663911992613,11,96.1875,0.22348096013069152,-1.0
0.09050944762734267,0.0029610437520134906,42,1.2153627860825509,0.00046616274761471693,11,96.6875,0.20414530634880065,-1.0
0.08942146099602374,0.003079510383451214,43,1.202753028133884,0.00044681898825837057,11,97.4375,0.17319996237754823,-1.0
0.08946609769303066,0.0019092073735709374,44,1.1881320350803435,0.000427564939805086,11,98.1875,0.1437017297744751,-1.0
0.08984025474637747,0.0027304684134343495,45,1.2042180770076811,0.00040843029060201667,11,98.4375,0.12278108596801758,-1.0
0.08978256769478321,0.002173986930686694,46,1.1956822511274368,0.000389444544891327,11,99.125,0.10244259655475617,-1.0
0.08910528307135862,0.0029999109235807108,47,1.1976139219477773,0.0003706369773167883,11,99.3125,0.08637150585651397,-1.0
0.09067750920971426,0.0030609363367637764,48,1.2188461511395872,0.0003520365877844012,11,99.5625,0.08069707214832306,-1.0
0.08987554492285618,0.001958554986721048,49,1.1940820480231196,0.0003336720567466412,11,99.5625,0.06652206927537918,-1.0
0.09060846378382009,0.0021408268322165194,50,1.205984242958948,0.0003155717009792807,11,99.5,0.06276493728160858,-1.0
0.08929014782636212,0.0021210137862139023,51,1.1886001429520547,0.00029776342991897335,11,99.9375,0.04786180168390274,-1.0
0.08951791501245819,0.002970026913457192,52,1.2025816219393164,0.00028027470262892445,11,99.75,0.047902006506919864,-1.0
0.08934234023595658,0.0019841735215427782,53,1.1875342819839716,0.0002631324854590073,11,99.9375,0.048017405569553376,-1.0
0.08917837283717325,0.0026075242517086174,54,1.1935250640381128,0.0002463632104656054,11,99.9375,0.04199070125818252,-1.0
0.09052078583492683,0.0030821650109898588,55,1.217157679842785,0.0002299927346552969,11,99.8125,0.04120870977640152,-1.0
0.08983254230294663,0.00316910153756348,56,1.2093153700698167,0.00021404630011522587,11,99.9375,0.03828184872865677,-1.0
0.09033501732091491,0.00321857391211849,57,1.2165354038588703,0.00019854849509163232,11,99.875,0.03772829025983811,-1.0
0.08934564600125529,0.0031972713052080227,58,1.203356842044741,0.00018352321607655918,11,99.9375,0.039297348260879515,-1.0
0.08907354649944374,0.002530034416570113,59,1.191140894079581,0.00016899363096119395,11,99.9375,0.03433053925633431,-1.0
0.09088740032166243,0.003190803914689101,60,1.2238218907732517,0.000154982143312659,11,99.9375,0.03176400676369667,-1.0
0.09115593939518127,0.003195563993918208,61,1.2268151519820094,0.0001415103578293356,11,100.0,0.029925088137388228,-1.0
0.09091111406898843,0.002003847621381283,62,1.2081379261799157,0.0001285990470279847,11,100.0,0.027124706134200097,-1.0
0.08937088767281519,0.0037571853205848197,63,1.2109657290857285,0.0001162681192140312,11,100.0,0.026088996678590774,-1.0
0.0894753008436125,0.0031488125499051353,64,1.2043586908839643,0.00010453658778440107,11,99.9375,0.02742057666182518,-1.0
0.08976086619525002,0.002184482649541818,65,1.1956025338731706,9.342254191024022e-05,11,100.0,0.023338433653116226,-1.0
0.08973596329227664,0.0022237870770578203,66,1.1958039340097457,8.294311864472437e-05,11,100.0,0.026084224581718444,-1.0
0.09033443365031137,0.002037974575964304,67,1.2011331440880895,7.311447649896551e-05,11,99.875,0.027503601163625716,-1.0
0.0901255551367425,0.004931876776166833,68,1.2360945870168507,6.395177052675794e-05,11,100.0,0.02194297581911087,-1.0
0.08906712476164103,0.0022060352449233714,69,1.186964289052412,5.546912895658472e-05,11,100.0,0.024877375215291975,-1.0
0.09024026896804571,0.0033963461979650534,70,1.2180706481449306,4.767963140691306e-05,11,100.0,0.023349833935499192,-1.0
0.0894448126737888,0.003255295853775281,71,1.2053430718369782,4.059528871837034e-05,11,100.0,0.02381327949464321,-1.0
0.08970387666844405,0.003351512257582866,72,1.209961978951469,3.4227024433899e-05,11,99.9375,0.022552490532398224,-1.0
0.08975702803581953,0.0030988673500430127,73,1.2073762451764196,2.8584657955444653e-05,11,100.0,0.023790645748376846,-1.0
0.08391551734306492,0.0020616141219551745,74,1.1179928837809712,2.367688940315011e-05,11,100.0,0.025581258088350295,-1.0
0.07894146505098504,0.0023617834891550816,75,1.0572116749826819,1.951128620040094e-05,11,100.0,0.021709479838609696,-1.0
0.09882366553378794,0.0031498295362465656,76,1.3259076641406864,1.6094271405406862e-05,11,100.0,0.022165549695491792,-1.0
0.0949324677304293,0.003483209812727112,77,1.2796567070763558,1.3431113807311488e-05,11,100.0,0.0233201590180397,-1.0
0.09817124351572531,0.003183210179066429,78,1.3179367198608816,1.1525919802101659e-05,11,100.0,0.021012556105852127,-1.0
0.0980961241114598,0.003154473128513648,79,1.3166057849302888,1.0381627060842164e-05,11,100.0,0.02334753230214119,-1.0
0.09702959819696844,0.002154210116714239,80,1.289648335892707,1e-05,11,100.0,0.022850389406085015,-1.0
0.09175719515353974,0.011634894995950162,1,1.4477883798535913,0.000999618372939158,12,1.9411764705882353,4.68180383570054,-1.0
0.08854925309840057,0.0022245454768251094,2,1.2711514760740101,0.0009984740801978985,12,4.00000000043827,4.403426908605239,-1.0
0.09057611395006201,0.0026122222687782986,3,1.304913602070883,0.0009965688861926887,12,5.647058824405951,4.179982768788057,-1.0
0.08993772681735988,0.0022042255981692244,4,1.2902711289934814,0.0009939057285945933,12,7.764705882352941,4.034124823177562,-1.0
0.09001103918334204,0.0030992806756070684,5,1.3037998899817467,0.0009904887137995992,12,7.764705882791211,3.9353496910544004,-1.0
0.08677894741828952,0.0020687056572309564,6,1.2441132811363786,0.00098632311059685,12,8.35294119049521,3.8720111095204075,-1.0
0.07623528080460217,0.0017653723480179906,7,1.0922472509555519,0.0009814153420445555,12,10.352941176908857,3.755958034290987,-1.0
0.09461583228715297,0.0021565312719238655,8,1.3550786080304533,0.0009757729755661012,12,9.882352942929549,3.694908664927763,-1.0
0.09622330749074795,0.0031174863688647747,9,1.391048879828304,0.0009694047112816298,12,13.058823543436388,3.598976693433874,-1.0
0.10058225380323295,0.0018310388550162315,10,1.4341398868709803,0.0009623203685930871,12,14.52941176645896,3.468711800294764,-1.0
0.09997039705714476,0.001808966659674687,11,1.4251513921190053,0.0009545308710434153,12,14.82352941702394,3.3782503038294176,-1.0
0.09875804422024105,0.002412301438328411,12,1.4166334320325404,0.0009460482294732422,12,17.058823536424075,3.3334202300800997,-1.0
0.09887960734444537,0.0018397047284192272,13,1.4103238289244473,0.0009368855235010348,12,16.823529417023938,3.2260075131584616,-1.0
0.06476989473282758,0.003079869850937809,14,0.9501367739867419,0.0009270568813552758,12,19.94117647409439,3.0981836105795466,-1.0
0.0679401979515595,0.001987411540799907,15,0.9792307580355555,0.0009165774580897602,12,21.05882355746101,3.0094907889646643,-1.0
0.06118983599091215,0.003086300367223365,16,0.9001051078084856,0.0009054634122155992,12,23.47058824230643,2.8969585822610293,-1.0
0.058404776600322554,0.001968693038049553,17,0.8454681739676744,0.0008937318807859689,12,26.41176471640082,2.768191547393799,-1.0
0.0575942784115406,0.003274455084465444,18,0.8523941559251398,0.0008814009529720156,12,29.99999999298769,2.606631129769718,-1.0
0.05902707648263978,0.0034239160928076933,19,0.8745528829749674,0.0008684896421706646,12,32.3529411834829,2.4828281161364387,-1.0
0.05854371461152498,0.001981492819530623,20,0.8475754470564425,0.0008550178566873412,12,37.82352943981395,2.3398778017829445,-1.0
0.08783907772574041,0.0020099804969504476,21,1.2581369399558753,0.0008410063690388064,12,35.647058851578656,2.344413792105282,-1.0
0.08762587633516107,0.0017949397442862391,22,1.2521473481319845,0.0008264767839234412,12,38.64705880950479,2.21673118983998,-1.0
0.08844832630295839,0.0024388422025367618,23,1.2726614698767662,0.000811451504908368,12,42.823529446826264,2.059678830539479,-1.0
0.09094730776268989,0.0027175730127575143,24,1.311553057981655,0.0007959536998847743,12,44.352941162445966,1.9802459621429442,-1.0
0.08910437372313547,0.00275535906465458,25,1.2863868039567024,0.0007800072653447032,12,49.00000001402462,1.843842540067785,-1.0
0.08907946358833994,0.0027769976960761206,26,1.286293470999226,0.0007636367895343947,12,49.00000000701231,1.7753112540525549,-1.0
0.09012060765443104,0.0034798254824376534,27,1.3106511610094458,0.0007468675145409928,12,53.705882352941174,1.6497597930010628,-1.0
0.09065177953535956,0.0032532489525952508,28,1.3149117310531437,0.0007297252973710758,12,59.29411765407114,1.5397115180071663,-1.0
0.09025567044903125,0.001842288549856416,29,1.2896331378724426,0.0007122365700810271,12,60.17647056719836,1.435321483892553,-1.0
0.08912853926553257,0.001872362951481981,30,1.2742850189097226,0.0006944282990207196,12,63.35294123256908,1.281199180098141,-1.0
0.08966899007957961,0.002900402494040983,31,1.296253529144451,0.0006763279432533592,12,67.94117654071135,1.1593264411477482,-1.0
0.08886350726243109,0.0029631242422120912,32,1.2858135809656233,0.0006579634122155992,12,72.70588233891655,1.0613504690282485,-1.0
0.08937607828660735,0.0029623903600232942,33,1.2929849599022418,0.000639363022683212,12,77.35294114842134,0.9050727541306439,-1.0
0.08937716911480363,0.002494357875548303,34,1.2865029100794345,0.0006205554551086735,12,79.88235291312722,0.8383053361668307,-1.0
0.09004677963509623,0.001885532567809735,35,1.2873021659906954,0.0006015697093979838,12,80.35294119049522,0.7715074919251834,-1.0
0.08948657136144382,0.003227420068079872,36,1.2983144070021808,0.0005824350601949146,12,81.4705882212695,0.7377337952221141,-1.0
0.0896946475841105,0.0018888991991324084,37,1.2824612110853195,0.0005631810117416299,12,82.64705880950478,0.7046814573512358,-1.0
0.09041150897142611,0.0020889673781182084,38,1.2952510549221188,0.0005438372523852835,12,83.8823529552011,0.6582504495452433,-1.0
0.09041754645295441,0.0018382411217316985,39,1.2918325529899448,0.0005244336088007391,12,90.99999995792614,0.4732758133551654,-1.0
0.08598181291017681,0.002108865733524518,40,1.2335205860435963,0.0005050000000000001,12,92.41176471990697,0.4216468205171473,-1.0
0.09046873797862125,0.003252536374410348,41,1.3123902089428157,0.0004855663911992613,12,92.70588231086731,0.4044081766465131,-1.0
0.08965745787801487,0.0028314541892281602,42,1.2951295648235828,0.00046616274761471693,12,94.35294116244597,0.339813165103688,-1.0
0.09140034736732819,0.0019654643422524843,43,1.3074372571427375,0.00044681898825837057,12,95.1176470447989,0.28923660965526804,-1.0
0.08892192264154021,0.003174670140392014,44,1.289594552014023,0.000427564939805086,12,96.05882350136253,0.2663803244338316,-1.0
0.08911414284791265,0.0029754528576242073,45,1.2894950008485466,0.00040843029060201667,12,96.17647065835841,0.23544476677389706,-1.0
0.09050613543617406,0.0031294091272034814,46,1.3111482087988406,0.000389444544891327,12,96.76470595247605,0.2145549629716312,-1.0
0.0897735096514225,0.001861841999925673,47,1.2831488330848515,0.0003706369773167883,12,97.70588242306428,0.19237628715879776,-1.0
0.08909920947293617,0.0028525294536458595,48,1.2876237430609763,0.0003520365877844012,12,98.17647065835841,0.157850982651991,-1.0
0.09000305801496974,0.001844936765597335,49,1.2861246359534562,0.0003336720567466412,12,98.3529412465937,0.14693833091679742,-1.0
0.09033563754720879,0.0019716599490493536,50,1.2925492450594902,0.0003155717009792807,12,98.3529412465937,0.1361709846468533,-1.0
0.09069539691388075,0.0021146799470963223,51,1.2996268351562321,0.00029776342991897335,12,98.7647058543037,0.12582290298798504,-1.0
0.09008019829967193,0.003277618055497961,52,1.3072558687999845,0.00028027470262892445,12,99.11764703077428,0.10815054676112007,-1.0
0.09002864794872169,0.0018433944787830114,53,1.2864557239226997,0.0002631324854590073,12,99.47058830541722,0.10505295627257404,-1.0
0.08971648876156126,0.003011830317388688,54,1.2984452999662608,0.0002463632104656054,12,99.23529411764706,0.10122891028137768,-1.0
0.08998525415414146,0.001767749000074608,55,1.284820131957531,0.0002299927346552969,12,99.4117646778331,0.09255629364181968,-1.0
0.08946776484871018,0.00273846773364182,56,1.291128666838631,0.00021404630011522587,12,99.41176470588235,0.07755202510777642,-1.0
0.09034092316869646,0.0018878316207389747,57,1.2914402829483151,0.00019854849509163232,12,99.47058820724487,0.07270432587932138,-1.0
0.09092949671737317,0.0019361646347013967,58,1.3003685418516397,0.00018352321607655918,12,99.7647059244268,0.06720707360435935,-1.0
0.09003494149406574,0.0031489978677460124,59,1.3048206488601863,0.00016899363096119395,12,99.35294114842134,0.0784809670553488,-1.0
0.08920657581516675,0.0027530132460274865,60,1.287736110156402,0.000154982143312659,12,99.64705889365253,0.0685605746157029,-1.0
0.0899645927295621,0.0028281311970204115,61,1.2994196359068155,0.0001415103578293356,12,99.88235291312722,0.058943852992618784,-1.0
0.0898646391163181,0.002118459952596043,62,1.28806796297431,0.0001285990470279847,12,99.82352938371547,0.05366019312073203,-1.0
0.09023569540918938,0.0019112997355737857,63,1.2903536250814795,0.0001162681192140312,12,99.58823536424076,0.06204612269121058,-1.0
0.08988470328040421,0.0026686331423531684,64,1.2959880011621863,0.00010453658778440107,12,99.94117647058823,0.04901134273585151,-1.0
0.09028160314275217,0.002570627922458308,65,1.3001864270772785,9.342254191024022e-05,12,99.88235294117646,0.04890867118449772,-1.0
0.0906904141551682,0.0017993861277188574,66,1.295158966910094,8.294311864472437e-05,12,99.88235294117646,0.04342722165233949,-1.0
0.08942215878050774,0.0033972642850130796,67,1.2997225890867412,7.311447649896551e-05,12,99.88235294117646,0.04241274891530766,-1.0
0.0891874700319022,0.0031371311883309056,68,1.2927879609633237,6.395177052675794e-05,12,99.88235294117646,0.04157109602409251,-1.0
0.08989731433601784,0.002124010302525546,69,1.2885397369973361,5.546912895658472e-05,12,99.94117647058823,0.04135963459225262,-1.0
0.08934435747297746,0.002987291946608041,70,1.292884622933343,4.767963140691306e-05,12,99.88235291312722,0.04031480093212689,-1.0
0.08972284285950341,0.0017848738435921924,71,1.281393611105159,4.059528871837034e-05,12,99.94117647058823,0.03883551885099972,-1.0
0.08589410126608397,0.0019330937980807253,72,1.2298244568519294,3.4227024433899e-05,12,99.88235294117646,0.039899485829998464,-1.0
0.08578671315418822,0.0021631082719458,73,1.2315422368701547,2.8584657955444653e-05,12,100.0,0.035357253937160264,-1.0
0.09811510777633105,0.003407897427678108,74,1.4215586460195482,2.367688940315011e-05,12,99.94117647058823,0.040499007894712336,-1.0
0.09538218731592808,0.0032394538866356015,75,1.3809429449029267,1.951128620040094e-05,12,99.94117644253899,0.03786053748691783,-1.0
0.09872482913280171,0.0033495250723457764,76,1.429290632950142,1.6094271405406862e-05,12,99.94117644253899,0.036516403801300945,-1.0
0.09753908029025686,0.003350334059047912,77,1.412702586967498,1.3431113807311488e-05,12,99.88235294117646,0.03960187629741781,-1.0
0.09730565772458379,0.003514298121444881,78,1.4117239089682698,1.1525919802101659e-05,12,100.0,0.03862650920363034,-1.0
0.07959895170227226,0.003298603929579258,79,1.1608138710726053,1.0381627060842164e-05,12,99.82352938371547,0.03707918687778361,-1.0
0.06998292338435672,0.0018367913352059467,80,1.0057467909064144,1e-05,12,100.0,0.03709127508542117,-1.0
0.08955411557108164,0.011339213559404015,1,1.513681238051504,0.000999618372939158,13,1.8333333333333333,4.682546657986111,-1.0
0.08928321066002051,0.002168731267253558,2,1.3720796981360763,0.0009984740801978985,13,2.888888888888889,4.405160861545139,-1.0
0.08933151002662877,0.0029047183071573574,3,1.3838196590077132,0.0009965688861926887,13,4.388888888888889,4.299066026475694,-1.0
0.08905470602524777,0.0021266263754417497,4,1.3679639210458845,0.0009939057285945933,13,5.0,4.159562445746528,-1.0
0.08945053536444902,0.003184840502217412,5,1.3897863109596074,0.0009904887137995992,13,6.166666666666667,4.080869140625,-1.0
0.08921390937951704,0.0031935410263637704,6,1.3863938278518617,0.00098632311059685,13,6.833333333333333,4.040658637152778,-1.0
0.08445229575348397,0.0019019230579336484,7,1.2956984690390527,0.0009814153420445555,13,7.0,3.9711083984375,-1.0
0.09823943618685008,0.0030409596239527065,8,1.5194981850218028,0.0009757729755661012,13,7.611111111111111,3.9770821126302085,-1.0
0.09733290498455366,0.0026593609402577084,9,1.5001730918884277,0.0009694047112816298,13,7.055555555555555,3.9219481065538195,-1.0
0.09780882193396488,0.00289782773082455,10,1.5108896989841014,0.0009623203685930871,13,9.11111111111111,3.8506366644965278,-1.0
0.09788300548680126,0.0028478429031868775,11,1.5112594307865947,0.0009545308710434153,13,9.555555555555555,3.850683322482639,-1.0
0.09715118585154414,0.0027160844144721824,12,1.4983116169460118,0.0009460482294732422,13,10.38888888888889,3.7635548231336804,-1.0
0.06054288569527368,0.0030920166987925767,13,0.9548250481020659,0.0009368855235010348,13,10.222222222222221,3.7165288628472224,-1.0
0.06748876934871077,0.002855153909573952,14,1.0553964250721037,0.0009270568813552758,13,10.444444444444445,3.66221435546875,-1.0
0.05841291301573316,0.003330804981912176,15,0.9264138070866466,0.0009165774580897602,13,11.333333333333334,3.595799831814236,-1.0
0.0577693030393372,0.00265282701390485,16,0.906558760907501,0.0009054634122155992,13,13.055555555555555,3.580530056423611,-1.0
0.0573064259874324,0.0029028325341641905,17,0.9034197079017758,0.0008937318807859689,13,12.277777777777779,3.5624854193793403,-1.0
0.05826707592544456,0.0029239982832223177,18,0.9181550559587777,0.0008814009529720156,13,13.5,3.5420930989583335,-1.0
0.0744165474238495,0.0030930489767342804,19,1.1628805599175394,0.0008684896421706646,13,13.222222222222221,3.474994574652778,-1.0
0.0859209005565693,0.0018653482509156068,20,1.317042003851384,0.0008550178566873412,13,13.055555555555555,3.3746688334147135,-1.0
0.08807713761925698,0.002967960837607582,21,1.3659156060311943,0.0008410063690388064,13,15.833333333333334,3.366247117784288,-1.0
0.08922461199884614,0.002827820337067048,22,1.381024792091921,0.0008264767839234412,13,17.22222222222222,3.290989752875434,-1.0
0.08670264439036449,0.0022859847483535606,23,1.3350604029837996,0.000811451504908368,13,18.0,3.262672661675347,-1.0
0.08830580388506254,0.0027900376512358586,24,1.3666804661042988,0.0007959536998847743,13,18.555555555555557,3.176094292534722,-1.0
0.08744375601721306,0.0019184143127252658,25,1.3406840609386563,0.0007800072653447032,13,20.27777777777778,3.1047755262586807,-1.0
0.08922269676501553,0.0018190775687495868,26,1.3658578409813344,0.0007636367895343947,13,24.666666666666668,2.922431911892361,-1.0
0.09026100708482167,0.002726470384125908,27,1.3950599329546094,0.0007468675145409928,13,21.5,2.9880770195855035,-1.0
0.08922774071494738,0.001963743551944693,28,1.368121846811846,0.0007297252973710758,13,22.38888888888889,2.962780541314019,-1.0
0.08947170541311304,0.0034729990642517806,29,1.3944683431182057,0.0007122365700810271,13,23.5,2.8696244133843316,-1.0
0.08990253567074737,0.002053316403180361,30,1.3796424169559032,0.0006944282990207196,13,23.22222222222222,2.8346414693196613,-1.0
0.0895396186504513,0.002221315478285154,31,1.376659840112552,0.0006763279432533592,13,26.944444444444443,2.6972453138563366,-1.0
0.08803141672785084,0.00288433146973451,32,1.3639675988815725,0.0006579634122155992,13,28.666666666666668,2.6282867431640624,-1.0
0.08899766689476868,0.0016942739641914765,33,1.3606680559460074,0.000639363022683212,13,30.77777777777778,2.564936031765408,-1.0
0.08865006502407292,0.002558757845933239,34,1.3683656628709286,0.0006205554551086735,13,31.333333333333332,2.5409393141004775,-1.0
0.08896694897363583,0.0028259331515679757,35,1.3771393208298832,0.0006015697093979838,13,32.833333333333336,2.470042639838325,-1.0
0.08799204056461653,0.0029235910469045242,36,1.3640111880376935,0.0005824350601949146,13,35.0,2.389353552924262,-1.0
0.08994318515372773,0.0017666216474026442,37,1.375891889911145,0.0005631810117416299,13,34.888888888888886,2.3381258307562933,-1.0
0.08822701550088823,0.0027934822253882887,38,1.366079662926495,0.0005438372523852835,13,36.833333333333336,2.2909405178493922,-1.0
0.08874800037592649,0.0026470501441508533,39,1.3711579248774797,0.0005244336088007391,13,36.55555555555556,2.232452952067057,-1.0
0.08901276737451554,0.0020232988211015862,40,1.3657818341162056,0.0005050000000000001,13,40.611111111111114,2.135675693088108,-1.0
0.09018870905662577,0.001991562607387702,41,1.3829424809664488,0.0004855663911992613,13,43.111111111111114,2.036704644097222,-1.0
0.08844813369214535,0.0027196655670801797,42,1.3677699470426887,0.00046616274761471693,13,44.94444444444444,1.9705909305148654,-1.0
0.08979640585991243,0.0017684546144058307,43,1.3737085089087486,0.00044681898825837057,13,47.44444444444444,1.882051510281033,-1.0
0.08961610506909588,0.002991078918178876,44,1.3893378840293735,0.000427564939805086,13,48.55555555555556,1.847508994208442,-1.0
0.08921319424795608,0.0018578557452807825,45,1.3663101561833173,0.00040843029060201667,13,50.22222222222222,1.7632093217637803,-1.0
0.0903310427752634,0.001874645690744122,46,1.383328891126439,0.000389444544891327,13,50.111111111111114,1.812527787950304,-1.0
0.08961687069386244,0.0019875746375570694,47,1.3743112161755562,0.0003706369773167883,13,50.22222222222222,1.7671365271674262,-1.0
0.08839916506161292,0.0033111512660980225,48,1.3758933029603213,0.0003520365877844012,13,53.111111111111114,1.6684133741590712,-1.0
0.08831303985789418,0.0026674294844269753,49,1.364942381856963,0.0003336720567466412,13,55.333333333333336,1.611179919772678,-1.0
0.08698103769371907,0.003237881635626157,50,1.3535226879175752,0.0003155717009792807,13,59.27777777777778,1.475455568101671,-1.0
0.08745182049460709,0.0018846264264235893,51,1.3403372499160469,0.00029776342991897335,13,63.0,1.39879636976454,-1.0
0.0886028948550423,0.002714315087844928,52,1.3700461701955646,0.00028027470262892445,13,64.61111111111111,1.346794891357422,-1.0
0.08906911113299429,0.0018586200661957265,53,1.3641984718851745,0.0002631324854590073,13,67.77777777777777,1.242023459540473,-1.0
0.08958198294664423,0.0027504310477524997,54,1.3852772859390825,0.0002463632104656054,13,69.88888888888889,1.193117273118761,-1.0
0.08902689033808807,0.0029197852592915295,55,1.3795350049622357,0.0002299927346552969,13,70.0,1.1517621527777777,-1.0
0.08900312053350111,0.0018859932043900093,56,1.3636005809530616,0.00021404630011522587,13,69.61111111111111,1.1792283545600044,-1.0
0.08877571526293954,0.002581133476148049,57,1.3706048680469394,0.00019854849509163232,13,74.16666666666667,1.069993667602539,-1.0
0.08922392114376028,0.001798305722574393,58,1.3655730308964849,0.00018352321607655918,13,75.05555555555556,1.0352883699205186,-1.0
0.08881094579895338,0.0023416027426719664,59,1.3675340260379016,0.00016899363096119395,13,76.88888888888889,0.9972433429294162,-1.0
0.08810305499161283,0.00215001314257582,60,1.354037543060258,0.000154982143312659,13,76.38888888888889,0.9644980027940538,-1.0
0.08974305821272234,0.0022902979205052056,61,1.380790897179395,0.0001415103578293356,13,79.0,0.9127104568481446,-1.0
0.089412079192698,0.0019282229399929444,62,1.3703947458416224,0.0001285990470279847,13,79.66666666666667,0.8908817545572917,-1.0
0.08823867451089124,0.0026385646158208448,63,1.3634407001081854,0.0001162681192140312,13,80.44444444444444,0.8730383427937826,-1.0
0.08919774405658246,0.002876535011455417,64,1.3814002540893853,0.00010453658778440107,13,82.5,0.8146747843424479,-1.0
0.08956765782398482,0.0018920601811259984,65,1.372238262090832,9.342254191024022e-05,13,82.83333333333333,0.814666633605957,-1.0
0.08747724988497793,0.0017824079065273206,66,1.3391288979910314,8.294311864472437e-05,13,85.0,0.761940689086914,-1.0
0.08932071242791911,0.0026972612986962,67,1.380505790002644,7.311447649896551e-05,13,86.11111111111111,0.7329174126519097,-1.0
0.08825104379405578,0.0016859154061724742,68,1.349296401022002,6.395177052675794e-05,13,84.83333333333333,0.7402930238511827,-1.0
0.07539844169902304,0.002931716231008371,69,1.1751922578550875,5.546912895658472e-05,13,87.38888888888889,0.6981823433770074,-1.0
0.09555865648823479,0.0017937141781051954,70,1.4605267411097884,4.767963140691306e-05,13,87.16666666666667,0.7011857562594943,-1.0
0.09415265889838338,0.003067874970535437,71,1.4585618269629776,4.059528871837034e-05,13,87.44444444444444,0.6895518705579969,-1.0
0.0972036644971619,0.00267496050025026,72,1.4984181430190802,3.4227024433899e-05,13,88.33333333333333,0.657246102227105,-1.0
0.09830311023009321,0.0035410594350347917,73,1.527905568946153,2.8584657955444653e-05,13,87.77777777777777,0.6774046579996745,-1.0
0.09825271119674046,0.0022657550716151794,74,1.508028030861169,2.367688940315011e-05,13,89.05555555555556,0.641308208041721,-1.0
0.08537156480985383,0.0027590185248603425,75,1.3221929611172527,1.951128620040094e-05,13,88.94444444444444,0.6518274307250976,-1.0
0.057909571255246796,0.001836291141808033,76,0.8964285159017891,1.6094271405406862e-05,13,88.61111111111111,0.6309073469373915,-1.0
0.0706014764184753,0.0022365888425459465,77,1.0928168869577348,1.3431113807311488e-05,13,89.38888888888889,0.6240724478827583,-1.0
0.0604956963720421,0.0024369562976062297,78,0.9442182830534875,1.1525919802101659e-05,13,89.38888888888889,0.6288729943169488,-1.0
0.08525998156207303,0.0019127617745349804,79,1.307838570093736,1.0381627060842164e-05,13,89.55555555555556,0.6311251534356012,-1.0
0.08673778660595417,0.0025178037273387113,80,1.3390788431279361,1e-05,13,89.94444444444444,0.6173980712890625,-1.0
0.09675223634888729,0.012466884249200423,1,1.6385590771678835,0.000999618372939158,14,2.263157895521114,4.683736366472746,-1.0
0.09229177059605717,0.0029100498650223017,2,1.4283103009220213,0.0009984740801978985,14,3.5789473699895957,4.319984185068231,-1.0
0.09384768775974711,0.0017560317646712065,3,1.4343343598302454,0.0009965688861926887,14,5.1578947399791915,4.16435573075947,-1.0
0.09397142577605942,0.002898689437036713,4,1.4533038658555597,0.0009939057285945933,14,8.052631571104651,4.03335577613429,-1.0
0.09251523440082868,0.00272511406801641,5,1.4289195679593831,0.0009904887137995992,14,7.157894728999389,3.9162989631452056,-1.0
0.0860883196350187,0.0018840968298415343,6,1.3199102119542658,0.00098632311059685,14,8.84210526629498,3.803649640836214,-1.0
0.09409055447516342,0.0026126217873146135,7,1.4507925410289317,0.0009814153420445555,14,10.263157886894126,3.744440658970883,-1.0
0.10052348519675433,0.0019603789939234653,8,1.5375548182055354,0.0009757729755661012,14,11.736842098988985,3.5964011106993024,-1.0
0.10215994894194107,0.0028726373333483935,9,1.5757309559267014,0.0009694047112816298,14,15.052631572673196,3.4781070483358283,-1.0
0.1029171300586313,0.0018285122700035573,10,1.571438746061176,0.0009623203685930871,14,16.10526320808812,3.3214007884577703,-1.0
0.10312204896472395,0.00285177716674904,11,1.5898626649286598,0.0009545308710434153,14,18.105263132798044,3.2495521931899223,-1.0
0.0908075233300527,0.0026790874699751535,12,1.4025321810040623,0.0009460482294732422,14,18.526315827118722,3.1414131591194554,-1.0
0.06403438473741213,0.0028599062003195285,13,1.0036556739360094,0.0009368855235010348,14,20.68421053258996,3.0589737902189555,-1.0
0.07027501679646472,0.0019014574742565553,14,1.0829030380118638,0.0009270568813552758,14,22.894736810734397,2.9328228453585976,-1.0
0.06224516852137943,0.002912543745090564,15,0.9775881271343678,0.0009165774580897602,14,25.05263157894737,2.816767356772172,-1.0
0.06188401491381228,0.0033580315609773,16,0.9788623340427876,0.0009054634122155992,14,27.63157888462669,2.690143212770161,-1.0
0.06174863719691833,0.0029223620736350616,17,0.970308372983709,0.0008937318807859689,14,30.210526340886165,2.582727046765779,-1.0
0.07065644309235115,0.0024937131131688756,18,1.0975209351163357,0.0008814009529720156,14,33.94736850889105,2.422822622499968,-1.0
0.08838109987167021,0.0019538067281246185,19,1.3552764169871807,0.0008684896421706646,14,37.42105270686903,2.3040925040997955,-1.0
0.09016621052287518,0.0031562698849787315,20,1.4001479621510953,0.0008550178566873412,14,40.210526403627895,2.1450875402751723,-1.0
0.09165534105462332,0.0036352479364722967,21,1.429605653975159,0.0008410063690388064,14,42.89473687347613,2.06402503816705,-1.0
0.09410585227111976,0.002711663193379839,22,1.4525587551761419,0.0008264767839234412,14,45.63157893482008,1.9213765490682502,-1.0
0.09262240156531334,0.003023445171614488,23,1.4349311159458011,0.000811451504908368,14,48.94736842732681,1.7970783886156585,-1.0
0.09211145406588912,0.0034094381301353377,24,1.4331033458001912,0.0007959536998847743,14,53.68421057650917,1.6657882118225098,-1.0
0.0933536199387163,0.0023237384545306363,25,1.435441365931183,0.0007800072653447032,14,58.73684205506977,1.504355788481863,-1.0
0.09356683453855415,0.0026134815843154987,26,1.4429496889933944,0.0007636367895343947,14,62.15789462390699,1.363165461640609,-1.0
0.09260348033470413,0.001806646135325233,27,1.4164079308975488,0.0007468675145409928,14,66.94736844614933,1.231297762017501,-1.0
0.09357619985627631,0.003052771355335911,28,1.4496878969948739,0.0007297252973710758,14,70.00000010038677,1.1239619631516307,-1.0
0.09368998200322191,0.0024927100632339714,29,1.4429915470536798,0.0007122365700810271,14,74.73684225584331,0.9704339664860776,-1.0
0.09271280656879147,0.0026880432385951282,30,1.4312637532129884,0.0006944282990207196,14,76.31578961171601,0.9114884318803486,-1.0
0.09202296130048732,0.0032100397006918986,31,1.4287774469703436,0.0006763279432533592,14,78.10526315789474,0.843050520545558,-1.0
0.09272703821770847,0.0027678863145411013,32,1.4326652989257127,0.0006579634122155992,14,84.42105258138557,0.659703355588411,-1.0
0.09161617586699625,0.002757442742586136,33,1.4158489750698209,0.000639363022683212,14,86.52631594005383,0.5791775801307276,-1.0
0.09054240185456972,0.0022258172122140724,34,1.3917707370128483,0.0006205554551086735,14,87.78947384733902,0.5324320773074501,-1.0
0.09350693658925593,0.001687273352096478,35,1.4281597880180925,0.0006015697093979838,14,90.52631576437699,0.4546490590823324,-1.0
0.0928029642595599,0.002787981601431966,36,1.4341553740669042,0.0005824350601949146,14,92.05263167933414,0.39706376201228094,-1.0
0.0935831671115011,0.001928581421573957,37,1.433044610079378,0.0005631810117416299,14,93.89473703033046,0.3380739346930855,-1.0
0.09375449810177088,0.0021991534313807884,38,1.4395439911168069,0.0005438372523852835,14,94.78947365911384,0.2941781800671628,-1.0
0.09246754767373204,0.0029903120050827664,39,1.432104348903522,0.0005244336088007391,14,95.73684216800488,0.25474241350826465,-1.0
0.09394811337503294,0.0020911007498701415,40,1.4408255470916629,0.0005050000000000001,14,97.2631580202203,0.20794663335147656,-1.0
0.09362465431913733,0.0026356855562577647,41,1.444148913025856,0.0004855663911992613,14,97.15789479958384,0.18943722106908498,-1.0
0.09341908705731233,0.001710595547532042,42,1.427197156008333,0.00046616274761471693,14,97.78947360892045,0.16378334679101642,-1.0
0.09333058370587727,0.0028712170353780192,43,1.4432688420638442,0.00044681898825837057,14,98.68421058905751,0.14220464947976563,-1.0
0.09193523149006069,0.0027736547713478406,44,1.4208640099968761,0.000427564939805086,14,99.26315809551038,0.10890470826312115,-1.0
0.09276891398864488,0.0031880244767914217,45,1.4395892890170217,0.00040843029060201667,14,99.15789493761565,0.10424178769713954,-1.0
0.09335015200388928,0.001951682660728693,46,1.4297710249666125,0.000389444544891327,14,99.21052631578948,0.09329918994715339,-1.0
0.09392413762398064,0.002015891981621583,47,1.4393835379742086,0.0003706369773167883,14,99.36842105263158,0.08446530032314753,-1.0
0.09338846785637239,0.0018226301452765861,48,1.4284610899630934,0.0003520365877844012,14,99.5789475691946,0.06958054274320602,-1.0
0.09432272429888447,0.001871252106502652,49,1.4432347321417183,0.0003336720567466412,14,99.78947368421052,0.06187066749522561,-1.0
0.09355877269990742,0.0017631062927345434,50,1.4301159959286451,0.0003155717009792807,14,99.73684230603669,0.053195128864363624,-1.0
0.09379153644355635,0.001656470618521174,51,1.432078572921455,0.00029776342991897335,14,99.6842105263158,0.05380012959241867,-1.0
0.09335154762181143,0.002961815909172098,52,1.4449523009825498,0.00028027470262892445,14,99.89473684210526,0.044615352553756614,-1.0
0.09290934869398673,0.002195298702766498,53,1.4268157090991735,0.0002631324854590073,14,99.73684216800488,0.042438935417878,-1.0
0.09329861753309766,0.0017771165352314711,54,1.426478202920407,0.0002463632104656054,14,99.78947368421052,0.03990133999209655,-1.0
0.09322467058276136,0.002075535555680593,55,1.4298073269892484,0.0002299927346552969,14,99.94736842105263,0.036803050060805524,-1.0
0.09329147733127077,0.002665166339526574,56,1.4396623731590807,0.00021404630011522587,14,99.94736842105263,0.03469098938923133,-1.0
0.09324906558419267,0.0027543941512703897,57,1.4404001168441027,0.00019854849509163232,14,100.0,0.03127244102327447,-1.0
0.09217151330473522,0.002326845082764824,58,1.4178413948975503,0.00018352321607655918,14,99.89473684210526,0.030053135650722602,-1.0
0.09336461342560748,0.0017875479689488808,59,1.4275216090027243,0.00016899363096119395,14,100.0,0.025814487538055368,-1.0
0.09296693160819511,0.002692602062597871,60,1.4351414078846574,0.000154982143312659,14,99.94736842105263,0.029292099036668476,-1.0
0.09287570087860028,0.0020325223294397196,61,1.4244487842079252,0.0001415103578293356,14,99.94736842105263,0.026946400878460782,-1.0
0.09321883912198245,0.0027843209449201823,62,1.4402948019560426,0.0001285990470279847,14,100.0,0.023564239591360094,-1.0
0.09293755198207994,0.0028005030161390703,63,1.4363132489379495,0.0001162681192140312,14,100.0,0.022300096471842966,-1.0
0.09497184751865764,0.0019244859460741282,64,1.4536918520461768,0.00010453658778440107,14,100.0,0.02441061571240425,-1.0
0.0939661029415826,0.0017751793997983138,65,1.4363779830746353,9.342254191024022e-05,14,100.0,0.024037021343645295,-1.0
0.09479028744002184,0.0029961900940785806,66,1.4670514748431742,8.294311864472437e-05,14,100.0,0.02183455944845551,-1.0
0.08625818295404315,0.0028370857083549104,67,1.3366903711576015,7.311447649896551e-05,14,100.0,0.021569573004779064,-1.0
0.10283914906904101,0.0018722207906345526,68,1.5709401920903474,6.395177052675794e-05,14,99.94736842105263,0.02241621747612953,-1.0
0.0990548670757562,0.002024091190348069,69,1.516446366906166,5.546912895658472e-05,14,100.0,0.020122135842317028,-1.0
0.1022893040906638,0.0027177543845027683,70,1.5754267468582839,4.767963140691306e-05,14,100.0,0.02108012598596121,-1.0
0.10256953211501241,0.0018665331415832042,71,1.5669179330579937,4.059528871837034e-05,14,100.0,0.021103019067331363,-1.0
0.10315691218711436,0.0036499578195313613,72,1.6023687780834734,3.4227024433899e-05,14,100.0,0.020347338393330573,-1.0
0.060961898416280746,0.002279886525745193,73,0.9488699280191213,2.8584657955444653e-05,14,100.0,0.020467786996772416,-1.0
0.07590483042101065,0.0023063999135047196,74,1.173413721844554,2.367688940315011e-05,14,100.0,0.01898904678068663,-1.0
0.06355572439109286,0.0017705111453930537,75,0.9801387800835073,1.951128620040094e-05,14,100.0,0.020720120233140495,-1.0
0.06878378835196296,0.002316952186326186,76,1.0667678019963205,1.6094271405406862e-05,14,100.0,0.020281614116147945,-1.0
0.09161734525114298,0.002871043949077527,77,1.4176340911071748,1.3431113807311488e-05,14,100.0,0.020071989329237688,-1.0
0.09243113516519467,0.0018475866410881281,78,1.4145353878848255,1.1525919802101659e-05,14,100.0,0.021801295119680857,-1.0
0.0941084280765305,0.0028420758433640005,79,1.4546106979250908,1.0381627060842164e-05,14,100.0,0.01973094329237938,-1.0
0.09326204255533715,0.0019669775074968735,80,1.4286991560366005,1e-05,14,100.0,0.018952969336195995,-1.0
0.09481079416582361,0.010764762773760594,1,1.689489210024476,0.000999618372939158,15,2.300000000745058,4.629443603515625,-1.0
0.0914878074254375,0.0025435331917833537,2,1.5047884099185467,0.0009984740801978985,15,4.25,4.3107001571655275,-1.0
0.09155003495106939,0.002581223292509094,3,1.5064206619281322,0.0009965688861926887,15,5.800000002980232,4.1414948768615725,-1.0
0.09086364938411862,0.0027900211280211806,4,1.4987189280800521,0.0009939057285945933,15,5.550000002980232,4.016196296691895,-1.0
0.09320919594028965,0.0017578656261321157,5,1.519723089877516,0.0009904887137995992,15,8.000000005960464,3.9190219688415526,-1.0
0.08005015057278797,0.0027862646820722148,6,1.3256353719625622,0.00098632311059685,15,9.650000017881393,3.8087600059509277,-1.0
0.1014658310887171,0.0028386788471834734,7,1.6691122888587415,0.0009814153420445555,15,11.0,3.685713382720947,-1.0
0.09667577760410495,0.00247054870123975,8,1.5865908048581332,0.0009757729755661012,15,12.750000011920928,3.55738219833374,-1.0
0.09970036592858378,0.0017351075657643378,9,1.6232187319546938,0.0009694047112816298,15,14.950000023841858,3.4637427368164064,-1.0
0.10125229621189646,0.002985464103403501,10,1.6680661069694906,0.0009623203685930871,15,14.550000035762787,3.360418272018433,-1.0
0.10170923569239676,0.0016449388640467077,11,1.6539154450874776,0.0009545308710434153,15,17.549999988079072,3.25780645942688,-1.0
0.06389921861409675,0.0023840488865971565,12,1.0607652980834246,0.0009460482294732422,15,17.7,3.1816074714660645,-1.0
0.07052925917378161,0.0017114278889494017,13,1.1561362601350993,0.0009368855235010348,15,22.250000023841856,3.0196451721191404,-1.0
0.06091265483701136,0.002149313353584148,14,1.0092461719177663,0.0009270568813552758,15,25.35,2.8515590934753416,-1.0
0.0598482376371976,0.0033609496167628095,15,1.0115863750688732,0.0009165774580897602,15,25.699999976158143,2.80902490234375,-1.0
0.05997653289523441,0.002853702535503544,16,1.0055180068593472,0.0009054634122155992,15,29.650000047683715,2.646572830200195,-1.0
0.0602882551465882,0.003019212352228351,17,1.013154431944713,0.0008937318807859689,15,32.95,2.532490177154541,-1.0
0.0928555381251499,0.0017955624352907762,18,1.51465211994946,0.0008814009529720156,15,32.85000002384186,2.465298982620239,-1.0
0.09120495882234536,0.0020071118051419035,19,1.4916424839757383,0.0008684896421706646,15,35.10000002384186,2.30237251663208,-1.0
0.08954831380106043,0.0016941336361924186,20,1.4601522388402373,0.0008550178566873412,15,40.650000071525575,2.141044906616211,-1.0
0.09177972690667957,0.00233448384096846,21,1.5060857478529215,0.0008410063690388064,15,44.650000071525575,1.997715145111084,-1.0
0.09170578794146422,0.00182095798663795,22,1.4967501880601048,0.0008264767839234412,15,48.20000002384186,1.8498301239013673,-1.0
0.09188562897907104,0.002484285141690634,23,1.510157924843952,0.000811451504908368,15,51.05,1.7576377010345459,-1.0
0.09266975938226096,0.0017745372460922226,24,1.5113532720133662,0.0007959536998847743,15,54.25000004768371,1.6240058002471924,-1.0
0.0918589087377768,0.002267505566123873,25,1.506267024204135,0.0007800072653447032,15,57.650000143051145,1.5258911113739013,-1.0
0.09238152464968152,0.0029754353454336524,26,1.5259739339817315,0.0007636367895343947,15,64.64999995231628,1.3092805547714232,-1.0
0.09135952034557704,0.0024945541517809033,27,1.501912523061037,0.0007468675145409928,15,68.20000009536743,1.2078238506317138,-1.0
0.09173208700667601,0.0019941209320677444,28,1.4998558810912073,0.0007297252973710758,15,70.75,1.079559804916382,-1.0
0.09185061005700845,0.0030446784367086366,29,1.5186290310230106,0.0007122365700810271,15,75.90000014305114,0.9512690234184266,-1.0
0.0919225508114323,0.0018884414312196895,30,1.5012857490219176,0.0006944282990207196,15,77.40000009536743,0.860097731590271,-1.0
0.0917758510040585,0.002013665944105014,31,1.5009509781375527,0.0006763279432533592,15,78.30000014305115,0.8107949109077454,-1.0
0.09173409971117508,0.0028795786638511345,32,1.5141189938876778,0.0006579634122155992,15,81.95000009536743,0.7167592244148254,-1.0
0.09205317997839302,0.0016740747669246048,33,1.4999306059908122,0.000639363022683212,15,86.85000014305115,0.5871401557922363,-1.0
0.09276902850251645,0.0015607371315127239,34,1.5095669750589877,0.0006205554551086735,15,89.15000004768372,0.5218377413749695,-1.0
0.09187858944642358,0.0024712286103749648,35,1.509851329959929,0.0006015697093979838,15,89.35,0.476313579082489,-1.0
0.0923728681227658,0.0017433000612072647,36,1.5061809220351279,0.0005824350601949146,15,93.15000004768372,0.37222477531433107,-1.0
0.09225758409593254,0.0018624347139848396,37,1.5062185779679567,0.0005631810117416299,15,95.09999995231628,0.2930940232276916,-1.0
0.09083781896333676,0.0030277487967396155,38,1.5021463090088218,0.0005438372523852835,15,95.79999995231628,0.2555474600791931,-1.0
0.09168977692024782,0.0016313072701450437,39,1.493381722830236,0.0005244336088007391,15,96.35,0.25962241196632385,-1.0
0.09121879619488027,0.002966274172649719,40,1.507224049884826,0.0005050000000000001,15,97.00000009536743,0.2044645961523056,-1.0
0.09246878525300417,0.0019226490549044684,41,1.510586092947051,0.0004855663911992613,15,97.3,0.17137320983409882,-1.0
0.09256923316570465,0.0016544467653147876,42,1.5078804600052536,0.00046616274761471693,15,97.70000004768372,0.17021027064323424,-1.0
0.0920288045599591,0.0016401308821514249,43,1.4989517491776496,0.00044681898825837057,15,98.50000014305115,0.1383221091032028,-1.0
0.09197373503411654,0.002100875208270736,44,1.505486142123118,0.000427564939805086,15,98.60000004768372,0.1174821492433548,-1.0
0.09175413181947079,0.0016378456202801317,45,1.494559780927375,0.00040843029060201667,15,99.29999995231628,0.09423012006282806,-1.0
0.09094684603041969,0.0017493957275291905,46,1.4834242940414697,0.000389444544891327,15,99.3,0.08614991551637649,-1.0
0.09192258270923048,0.00334166684478987,47,1.5245192900765687,0.0003706369773167883,15,99.75000004768371,0.06659589630365371,-1.0
0.09206418265239336,0.0016460429760627449,48,1.4996495489031076,0.0003520365877844012,15,99.45,0.0661456841826439,-1.0
0.09117281287035439,0.0028382825694279745,49,1.5044699651189148,0.0003336720567466412,15,99.60000009536743,0.06099315744638443,-1.0
0.09338759782258421,0.001696211300441064,50,1.5216315111611038,0.0003155717009792807,15,99.45000004768372,0.06011361962556839,-1.0
0.0915213470289018,0.0026010900328401476,51,1.5062164478003979,0.00029776342991897335,15,99.8,0.04663789290189743,-1.0
0.09234426121111028,0.0015565907960990444,52,1.502716023940593,0.00028027470262892445,15,99.85,0.045092432022094724,-1.0
0.09158744110027328,0.0025418729055672884,53,1.506410514935851,0.0002631324854590073,15,99.9,0.03655089598894119,-1.0
0.0929382485919632,0.0022248784080147743,54,1.5228565209545195,0.0002463632104656054,15,99.9,0.035411122858524324,-1.0
0.09155252171331085,0.001576871785800904,55,1.4903337711002678,0.0002299927346552969,15,99.9,0.03206556710600853,-1.0
0.09207097537000664,0.0017184438183903694,56,1.5008775771129876,0.00021404630011522587,15,99.9,0.03636006635427475,-1.0
0.09067866865370888,0.0022509842819999903,57,1.4871172208804637,0.00019854849509163232,15,99.75,0.03589934754371643,-1.0
0.09089531034987886,0.003044183467864059,58,1.5032787309028208,0.00018352321607655918,15,99.95,0.02971201218664646,-1.0
0.09183340755407698,0.002470081890351139,59,1.5090914140455425,0.00016899363096119395,15,99.90000004768372,0.028423770904541016,-1.0
0.09291281506011728,0.0017961282574106008,60,1.5155883200932294,0.000154982143312659,15,99.95,0.02634728479385376,-1.0
0.09290646364388522,0.0025997471675509587,61,1.5283429878763855,0.0001415103578293356,15,99.95,0.026446090638637544,-1.0
0.09350063001329545,0.003852120746159926,62,1.5578845420386642,0.0001285990470279847,15,99.95,0.025645409017801286,-1.0
0.09078658481303137,0.0017579479463165626,63,1.4809552480001003,0.0001162681192140312,15,99.95,0.023016385927796364,-1.0
0.09115806917543523,0.003147677023662254,64,1.5091438558883965,0.00010453658778440107,15,99.95,0.02155934277176857,-1.0
0.0923597746877931,0.0026251246308675036,65,1.5200027551036328,9.342254191024022e-05,15,100.0,0.02063820554316044,-1.0
0.08503496010962408,0.0022931507701287046,66,1.3974939498584718,8.294311864472437e-05,15,99.95,0.023510623574256897,-1.0
0.09873970285116229,0.0017575779638718814,67,1.6082067689858377,7.311447649896551e-05,15,99.9,0.022832638248801232,-1.0
0.1012511083681602,0.0032115395151777193,68,1.6716579289641231,6.395177052675794e-05,15,100.0,0.021061694771051406,-1.0
0.10074499668553472,0.0030088754429016262,69,1.6603076721075922,5.546912895658472e-05,15,100.0,0.02078519620001316,-1.0
0.0996544522640761,0.0025791839871089906,70,1.635987323941663,4.767963140691306e-05,15,100.0,0.020630115136504174,-1.0
0.0881921479885932,0.0016087534604594111,71,1.4370637859683484,4.059528871837034e-05,15,100.0,0.0195556667894125,-1.0
0.06570509485027287,0.0016824574558995664,72,1.0784437598194927,3.4227024433899e-05,15,100.0,0.020042498350143434,-1.0
0.06997112531098537,0.0015809084434295073,73,1.14507751702331,2.8584657955444653e-05,15,100.0,0.019283431991934778,-1.0
0.06286455226654653,0.0016880192997632548,74,1.0330832269974053,2.367688940315011e-05,15,100.0,0.018850839033722876,-1.0
0.0928589904360706,0.0017258629377465695,75,1.5135974439326674,1.951128620040094e-05,15,100.0,0.01806823407113552,-1.0
0.08863623395154718,0.0023837444896344095,76,1.4566139748785645,1.6094271405406862e-05,15,100.0,0.01816976535320282,-1.0
0.09073878172785044,0.0026331622066209093,77,1.494203391019255,1.3431113807311488e-05,15,100.0,0.02216481217741966,-1.0
0.0918581847945461,0.0029273827094584703,78,1.5168630499392748,1.1525919802101659e-05,15,100.0,0.019502289295196533,-1.0
0.09228235339105595,0.002649523739819415,79,1.5192323261871934,1.0381627060842164e-05,15,99.95,0.019430713653564455,-1.0
0.09231280707172118,0.002345581116969697,80,1.5148151209577918,1e-05,15,100.0,0.017728982597589493,-1.0
0.09424455947352245,0.010773231631473583,1,1.785627146018669,0.000999618372939158,16,2.2857142892621813,4.657151455652146,-1.0
0.09186807688435211,0.0026497677625978693,2,1.6071483951527625,0.0009984740801978985,16,3.619047623305094,4.373073843093145,-1.0
0.09182461301850922,0.0026576494496753987,3,1.6064919708296657,0.0009965688861926887,16,6.047619051166943,4.199434053330195,-1.0
0.09059146357535877,0.0018121109563199913,4,1.5711095589213073,0.0009939057285945933,16,6.380952384500277,4.063558988117037,-1.0
0.0896287084392765,0.002655641614075969,5,1.5691306858789176,0.0009904887137995992,16,7.2380952416431334,3.93344354901995,-1.0
0.09027492831570699,0.00221198086407693,6,1.572567641036585,0.00098632311059685,16,7.619047623305094,3.879878160839989,-1.0
0.09825406470062102,0.0016281019540174918,7,1.6982414389494807,0.0009814153420445555,16,9.47619048044795,3.7940818014599027,-1.0
0.09988986767883248,0.0015998319174875231,8,1.725571071030572,0.0009757729755661012,16,11.047619067487263,3.7379222470238096,-1.0
0.10000230091185693,0.002234943731523612,9,1.7382973448839039,0.0009694047112816298,16,12.714285721381506,3.6088446358272006,-1.0
0.10013279236633987,0.001657427630989867,10,1.73067959677428,0.0009623203685930871,16,13.761904766162237,3.5094424851735435,-1.0
0.0731823762111804,0.001648394253981464,11,1.2724228769075125,0.0009545308710434153,16,13.142857147114617,3.489325764065697,-1.0
0.06972801427849952,0.0016669444191981765,12,1.2140716530848294,0.0009460482294732422,16,16.095238105172204,3.3402552127838137,-1.0
0.06320834155742298,0.0016170523868983284,13,1.1024237049277872,0.0009368855235010348,16,17.380952389467332,3.2222096470424106,-1.0
0.06272173159317497,0.002536721993237734,14,1.1096587078645825,0.0009270568813552758,16,18.809523820877075,3.149667675381615,-1.0
0.06065426695653621,0.0027163556968683705,15,1.0776437181048095,0.0009165774580897602,16,22.04761905329568,3.012990609123593,-1.0
0.06508824575747199,0.0016157893628320273,16,1.1342078549787402,0.0009054634122155992,16,23.52380954367774,2.8979942662375313,-1.0
0.08798337392235066,0.0014744265525437454,17,1.52101852116175,0.0008937318807859689,16,28.23809527783167,2.7535729962303526,-1.0
0.09263126100139583,0.0023608463542426333,18,1.6150996340438724,0.0008814009529720156,16,28.00000000851495,2.6814104797726586,-1.0
0.09222343973541523,0.0024934513220453963,19,1.6104303121101111,0.0008684896421706646,16,31.285714280037652,2.5693745794750393,-1.0
0.09075023498221793,0.002371130374205463,20,1.5833220588974655,0.0008550178566873412,16,34.000000062442965,2.430661868140811,-1.0
0.09176887536202283,0.001550474642392467,21,1.5867253937758505,0.0008410063690388064,16,36.14285713718051,2.3402947266896565,-1.0
0.09257960234604337,0.0026918223593384027,22,1.6198476699646562,0.0008264767839234412,16,41.42857147966112,2.1570022701081775,-1.0
0.09054890105172116,0.002455262713791693,23,1.5813592970371246,0.000811451504908368,16,44.238095249448506,2.0302038306281682,-1.0
0.09134643698823364,0.0015144929536344374,24,1.5789301090408117,0.0007959536998847743,16,46.80952385493687,1.9306043207077752,-1.0
0.09148607459193205,0.002714625998016666,25,1.6016526909079403,0.0007800072653447032,16,49.57142865090143,1.7958933017367409,-1.0
0.09146406593294266,0.002312205540125861,26,1.594431186793372,0.0007636367895343947,16,54.52380955786932,1.6427285559972127,-1.0
0.0920607185073416,0.0031195581370197676,27,1.6183075469452888,0.0007468675145409928,16,58.857142913909186,1.5017149194081625,-1.0
0.09222611483624753,0.0018419234684723266,28,1.5993960790801793,0.0007297252973710758,16,60.42857142857143,1.4416723192305791,-1.0
0.09113214518327047,0.0017059531117625097,29,1.5784812909550965,0.0007122365700810271,16,63.809523820877075,1.3180585956573487,-1.0
0.09212964221232516,0.0027113574392655317,30,1.612557384883985,0.0006944282990207196,16,69.8571428457896,1.1324792575836182,-1.0
0.0912198069067124,0.0016534333254265435,31,1.5791110820136964,0.0006763279432533592,16,73.76190488679069,1.0129893972760156,-1.0
0.09134942373973043,0.002347380210481146,32,1.5930869081057608,0.0006579634122155992,16,76.23809535162789,0.9109765034630185,-1.0
0.0917355136206264,0.002082685556481866,33,1.5951654501259327,0.000639363022683212,16,78.76190487543742,0.8421642167227609,-1.0
0.09112203093793463,0.0016402370734688114,34,1.5772083301562816,0.0006205554551086735,16,80.09523817471096,0.787764964330764,-1.0
0.09182294260929613,0.0028329024447456877,35,1.6093865220900625,0.0006015697093979838,16,82.80952393440973,0.6881666953223092,-1.0
0.091749759938787,0.002265784519669764,36,1.5985078199300915,0.0005824350601949146,16,86.04761907032558,0.5846599503925869,-1.0
0.09202029662864174,0.002691646366763641,37,1.6103782940190285,0.0005631810117416299,16,90.66666673478626,0.4807131667364211,-1.0
0.09185546992675346,0.002016441650031244,38,1.5960631479974836,0.0005438372523852835,16,89.04761910438538,0.48982774586904615,-1.0
0.09094116440974176,0.0017241969951154554,39,1.5756089789792895,0.0005244336088007391,16,91.38095250583831,0.42243016379220144,-1.0
0.09118658480891849,0.0024133181911619272,40,1.5914873438887298,0.0005050000000000001,16,93.85714294796898,0.3418434146472386,-1.0
0.09169612897505217,0.002744227141032324,41,1.6057817770633847,0.0004855663911992613,16,95.00000012488593,0.2897054744334448,-1.0
0.09115197326001875,0.0019992631586158976,42,1.5838628860656172,0.00046616274761471693,16,96.2380953175681,0.2384708225159418,-1.0
0.09158158013323213,0.002582885105820263,43,1.6011034399271011,0.00044681898825837057,16,97.28571436518715,0.21782723747548602,-1.0
0.09126997691140894,0.0021391949780723628,44,1.5883456959854811,0.000427564939805086,16,97.42857158751715,0.18138161920365833,-1.0
0.09107402660062208,0.0024773764615768894,45,1.5906837151851505,0.00040843029060201667,16,98.0476191611517,0.16110810966718764,-1.0
0.08997251296087223,0.0018361487480647424,46,1.561042240820825,0.000389444544891327,16,98.2380952835083,0.14283979367642174,-1.0
0.09028558404294446,0.0026691525434965595,47,1.5805292788427323,0.0003706369773167883,16,98.57142868496123,0.13852812494550432,-1.0
0.09191966323894174,0.0025412526447325945,48,1.606118594063446,0.0003520365877844012,16,98.19047626994904,0.12324968865939549,-1.0
0.09108154523624655,0.002366108710274977,49,1.5889073619619012,0.0003336720567466412,16,99.0476191611517,0.10299088285082862,-1.0
0.09070738243377384,0.0025184298591578707,50,1.5850760040339082,0.0003155717009792807,16,99.19047634942191,0.09432662617592584,-1.0
0.09063788964960943,0.0022581187624703437,51,1.5794620560482144,0.00029776342991897335,16,99.23809535162789,0.08621000795137315,-1.0
0.09123633733457502,0.0015001910163418336,52,1.576764727011323,0.00028027470262892445,16,99.42857150804429,0.08008894335655939,-1.0
0.09101907024160028,0.0018853960038327118,53,1.5796487838961184,0.0002631324854590073,16,99.19047619047619,0.07737486265954517,-1.0
0.09185927631059553,0.0015525801572948694,54,1.58824576693587,0.0002463632104656054,16,99.85714297067551,0.056968697423026675,-1.0
0.09137555963688475,0.001662845243973767,55,1.5818887469358742,0.0002299927346552969,16,99.61904769852048,0.05500240927650815,-1.0
0.0906772970851949,0.002748550271944088,56,1.5884851531591266,0.00021404630011522587,16,99.76190487543742,0.05522172326133365,-1.0
0.09125084235497258,0.0032203354160575304,57,1.6062559499405324,0.00019854849509163232,16,99.76190487543742,0.0530329928511665,-1.0
0.09069443869349711,0.002878643134061028,58,1.5909797470085323,0.00018352321607655918,16,99.80952380952381,0.042897186825672784,-1.0
0.09098575809313093,0.002143246916067951,59,1.5834356090053916,0.00016899363096119395,16,99.9047619047619,0.03981749603436107,-1.0
0.0910578314351904,0.0020625318044467885,60,1.5833294289186597,0.000154982143312659,16,99.9047619047619,0.04011037389437357,-1.0
0.09046363622388419,0.00167501053553732,61,1.5666396378073841,0.0001415103578293356,16,99.95238106591361,0.035685696062587556,-1.0
0.09166619235047084,0.002116002361564075,62,1.5945863521192223,0.0001285990470279847,16,99.9047619047619,0.03557291750397001,-1.0
0.08084900862099055,0.0023192592540427167,63,1.414184127934277,0.0001162681192140312,16,99.76190476190476,0.03958374542849404,-1.0
0.09803493073045769,0.0017778165638446808,64,1.6970758219249547,0.00010453658778440107,16,99.85714285714286,0.03380303679477601,-1.0
0.09830287935705308,0.0029308596379397545,65,1.7212303970009089,9.342254191024022e-05,16,100.0,0.03294314862716766,-1.0
0.10008937053327613,0.0023752078824840926,66,1.742178572807461,8.294311864472437e-05,16,99.95238095238095,0.03130820832082203,-1.0
0.09966485322836567,0.0015978967661366744,67,1.7217220929451287,7.311447649896551e-05,16,99.95238095238095,0.03059863240236328,-1.0
0.09691988469978027,0.0028338345342918355,68,1.6960609669331461,6.395177052675794e-05,16,100.0,0.030096476170278733,-1.0
0.06209117997273365,0.0025326604407061547,69,1.098853959934786,5.546912895658472e-05,16,100.0,0.02927524339585077,-1.0
0.07514588158194195,0.0023807756438413087,70,1.318182998104021,4.767963140691306e-05,16,100.0,0.028384115000565847,-1.0
0.07077235127251376,0.0019046344301279854,71,1.2357509681023657,4.059528871837034e-05,16,99.95238095238095,0.028864521625496093,-1.0
0.08870587544515729,0.0028486549169482555,72,1.5566848921589553,3.4227024433899e-05,16,99.95238106591361,0.030501154973393396,-1.0
0.09029414667747915,0.0015090595629504498,73,1.560898199910298,2.8584657955444653e-05,16,100.0,0.02792210049572445,-1.0
0.09153192772475235,0.001751157797544318,74,1.5860846110153943,2.367688940315011e-05,16,100.0,0.025904704687141237,-1.0
0.09278374785721741,0.0037150991368381414,75,1.640963071025908,1.951128620040094e-05,16,100.0,0.02789660236665181,-1.0
0.09290350220330498,0.0025031281470814172,76,1.6223405371420085,1.6094271405406862e-05,16,99.95238095238095,0.025969201227029164,-1.0
0.09161453588646562,0.003121089696993723,77,1.610746765974909,1.3431113807311488e-05,16,100.0,0.02518772467261269,-1.0
0.09000136951148949,0.00254904871861286,78,1.573588796891272,1.1525919802101659e-05,16,99.95238095238095,0.02686549738759086,-1.0
0.09145395108498633,0.0015093135537908359,79,1.5806144659873098,1.0381627060842164e-05,16,100.0,0.025000030320315135,-1.0
0.0918347447672311,0.001583314295310308,80,1.5883455108851194,1e-05,16,99.95238095238095,0.027242204944292706,-1.0
0.09395526832021359,0.009621678398818605,1,1.864686561981216,0.000999618372939158,17,2.1818181818181817,4.645599254261364,-1.0
0.09046619014245355,0.0024326558017896283,2,1.6724815291818231,0.0009984740801978985,17,3.727272727272727,4.367284712357955,-1.0
0.0901412468067267,0.001738545420165691,3,1.6541236808989197,0.0009965688861926887,17,5.590909093618393,4.183316315737637,-1.0
0.09160696936305612,0.002774924803007808,4,1.69912847597152,0.0009939057285945933,17,6.318181818181818,4.036906960227273,-1.0
0.07771663265561478,0.0016305992353914513,5,1.4284942299127579,0.0009904887137995992,17,7.636363636363637,3.9752758806402033,-1.0
0.09781429791150408,0.0027955218554577893,6,1.811227111145854,0.00098632311059685,17,8.090909090909092,3.905262229225852,-1.0
0.09872851895892786,0.0014915138793488343,7,1.8042208298575133,0.0009814153420445555,17,9.363636363636363,3.8127493554895575,-1.0
0.09925067958991146,0.0015440959121204084,8,1.8145481920801103,0.0009757729755661012,17,10.454545457254756,3.706091529672796,-1.0
0.09938868115811299,0.0017203921710865365,9,1.8202005450148135,0.0009694047112816298,17,11.045454545454545,3.6092971524325286,-1.0
0.08709114955531226,0.001715974338973562,10,1.5987726650200784,0.0009623203685930871,17,11.909090911800211,3.5483104359019886,-1.0
0.06438782513659033,0.0018134578519190352,11,1.1919133390765637,0.0009545308710434153,17,13.363636363636363,3.502884881279685,-1.0
0.06393551179725263,0.0016928233154531983,12,1.1816037220414728,0.0009460482294732422,17,16.09090909090909,3.360930396860296,-1.0
0.06094715805051641,0.001771805782078041,13,1.1292023800779134,0.0009368855235010348,17,16.590909096327696,3.265387546365911,-1.0
0.060549154334391155,0.0016023620523305403,14,1.1189696870278567,0.0009270568813552758,17,19.40909091044556,3.158761179663918,-1.0
0.06160115180278404,0.0027964771466536652,15,1.1594014270231128,0.0009165774580897602,17,20.045454556291755,3.0526710518923674,-1.0
0.09009392600920466,0.001547620541209148,16,1.6497805670369416,0.0009054634122155992,17,22.545454545454547,2.993460706364025,-1.0
0.0922977850229169,0.0014919869265415603,17,1.6884527399670333,0.0008937318807859689,17,22.818181818181817,2.923181097724221,-1.0
0.09054439261348711,0.0025312411210810146,18,1.6755989328958094,0.0008814009529720156,17,24.86363636905497,2.785087391246449,-1.0
0.0909244837756786,0.0023351420596655873,19,1.6789080970920622,0.0008684896421706646,17,28.95454545996406,2.682730198773471,-1.0
0.09132490555445354,0.0016805936142595278,20,1.6743415279779583,0.0008550178566873412,17,29.772727283564482,2.6183551996404475,-1.0
0.09192268780639602,0.0019549544150423673,21,1.6901368680410087,0.0008410063690388064,17,32.77272727272727,2.4539242562380705,-1.0
0.09095516578397816,0.0014957044946236743,22,1.6644006320275366,0.0008264767839234412,17,34.954545465382665,2.3449297818270596,-1.0
0.09127536500131504,0.0015607119486149815,23,1.6713289848994464,0.000811451504908368,17,37.63636363636363,2.2461360159787263,-1.0
0.09111668525211927,0.001889496964092056,24,1.6743990401737392,0.0007959536998847743,17,40.77272729440169,2.134299239245328,-1.0
0.09186939287206365,0.001981259853993025,25,1.6896048369817436,0.0007800072653447032,17,41.68181819265539,2.035737381848422,-1.0
0.09121435412412716,0.0017569763197874029,26,1.6737681340891868,0.0007636367895343947,17,44.27272729440169,1.9784754180908204,-1.0
0.09086004039272666,0.001690551716213425,27,1.6661975770257413,0.0007468675145409928,17,46.86363637447357,1.870570934902538,-1.0
0.09112020923445623,0.0018420391974763738,28,1.6736602208111435,0.0007297252973710758,17,50.54545455629175,1.7359847675670277,-1.0
0.09146247731728686,0.0016739518485135501,29,1.6767131621018052,0.0007122365700810271,17,53.77272727272727,1.6303215937180953,-1.0
0.09113740335063387,0.0023472204856160614,30,1.6829572201240808,0.0006944282990207196,17,56.95454545454545,1.485537698919123,-1.0
0.09077590905750792,0.0024981038360339072,31,1.67916562105529,0.0006763279432533592,17,60.45454545454545,1.3607439773732966,-1.0
0.09159407853924979,0.0021983449631888005,32,1.6886055448558182,0.0006579634122155992,17,63.90909093076532,1.2799572329087692,-1.0
0.09104224729041259,0.0017171048740338949,33,1.6699422090314329,0.000639363022683212,17,64.4090909090909,1.2382713799043135,-1.0
0.091012257992083,0.0030134407829286326,34,1.6926899580284953,0.0006205554551086735,17,68.86363638531078,1.1403193179043856,-1.0
0.09151124960691151,0.0014723198384874398,35,1.6739436089992523,0.0006015697093979838,17,71.95454545454545,1.0131645024906506,-1.0
0.0912677223354371,0.0017590066547402078,36,1.6747284829616547,0.0005824350601949146,17,76.0909090909091,0.9329628060080788,-1.0
0.0918365460044394,0.0016785403325532873,37,1.6835108119994402,0.0005631810117416299,17,78.8636364069852,0.8170457844300704,-1.0
0.09121751323497544,0.0015157663729041815,38,1.6694465030450374,0.0005438372523852835,17,81.13636365803805,0.728165638663552,-1.0
0.09173600470078075,0.0023592090777431927,39,1.693951914086938,0.0005244336088007391,17,83.72727274894714,0.6708252026818016,-1.0
0.09111950088602801,0.0018550698360842136,40,1.6737717669457197,0.0005050000000000001,17,84.2727273160761,0.6406796334006569,-1.0
0.09078814583416614,0.0015449794397378962,41,1.6622282420285046,0.0004855663911992613,17,87.04545456712896,0.5555326650359413,-1.0
0.09113140864711669,0.0015921316937439972,42,1.6693166950717568,0.00046616274761471693,17,90.36363636363636,0.4769638341123408,-1.0
0.09051104972604662,0.001991175283263955,43,1.665368050802499,0.00044681898825837057,17,92.59090913425793,0.38428283366290006,-1.0
0.09132301112792145,0.0016581682074401113,44,1.6738971509039402,0.000427564939805086,17,93.22727277062155,0.34924879789352414,-1.0
0.09155625288581683,0.00220421155811184,45,1.6879275380633771,0.00040843029060201667,17,93.81818183985624,0.33081848307089373,-1.0
0.09164070014634894,0.0015574284027227098,46,1.6778066838160157,0.000389444544891327,17,95.6818182034926,0.2788080855933103,-1.0
0.09205690017228739,0.002545874268333945,47,1.7030869550071657,0.0003706369773167883,17,96.4090909090909,0.25906970977783206,-1.0
0.09152756895249088,0.001589647778827283,48,1.6763441220391542,0.0003520365877844012,17,94.90909095243974,0.2999492673440413,-1.0
0.09209282181432678,0.002400097463073002,49,1.7011850059498101,0.0003336720567466412,17,95.86363636363636,0.24515356497331098,-1.0
0.09148923669838244,0.001667641517188814,50,1.6771112189162523,0.0003155717009792807,17,96.5909091125835,0.22524088935418562,-1.0
0.09135316528328177,0.0022154616631774437,51,1.6844889749772847,0.00029776342991897335,17,97.77272727272727,0.193596417687156,-1.0
0.09115555718178964,0.0018910469823620385,52,1.675125464098528,0.00028027470262892445,17,97.13636363636364,0.2031713715466586,-1.0
0.0911351615537165,0.0019753381687526903,53,1.6762348238844424,0.0002631324854590073,17,98.0909091125835,0.16274901054122232,-1.0
0.09106656933565521,0.0017895494949900443,54,1.6716528430115432,0.0002463632104656054,17,98.6818182034926,0.13827151374383406,-1.0
0.09113530618035132,0.001649808539595041,55,1.6703747981227934,0.0002299927346552969,17,98.72727277062155,0.12212834537029266,-1.0
0.0888511838986435,0.0018865535967051983,56,1.6335217170417309,0.00021404630011522587,17,98.81818183985624,0.11295828131112186,-1.0
0.08966345327078468,0.0014588605586646332,57,1.6404473560396582,0.00019854849509163232,17,99.09090913425793,0.10997711951082403,-1.0
0.09060996733347161,0.0014496526111745173,58,1.6573127780575305,0.00018352321607655918,17,99.22727277062155,0.10176578104496002,-1.0
0.08933897695452389,0.0015183561093484361,59,1.6356769420672208,0.00016899363096119395,17,99.18181818181819,0.09079742041501132,-1.0
0.09052776860901052,0.001585454330779612,60,1.6582858730107546,0.000154982143312659,17,98.81818186153065,0.09917601715434682,-1.0
0.08147903765913928,0.0017282632826310066,61,1.4979701940901577,0.0001415103578293356,17,98.72727274894714,0.11556071758270264,-1.0
0.09963841409060276,0.0017038561248530943,62,1.8244320701342076,0.0001285990470279847,17,99.13636363636364,0.0939249424500899,-1.0
0.09973802162696505,0.002746760922794541,63,1.8451264949981123,0.0001162681192140312,17,99.4090909090909,0.08578635307875547,-1.0
0.10027239656644976,0.0015471759899001983,64,1.8330385650042444,0.00010453658778440107,17,99.68181822516702,0.07117133102633737,-1.0
0.10050733853131533,0.001885945249038438,65,1.8433476500213146,9.342254191024022e-05,17,99.68181818181819,0.06583641724152998,-1.0
0.07351442387637992,0.001721582621232503,66,1.354557730956003,8.294311864472437e-05,17,99.77272729440169,0.06140404760837555,-1.0
0.07243528402048266,0.001796738697319395,67,1.3364179600030184,7.311447649896551e-05,17,99.95454545454545,0.0598006304285743,-1.0
0.061840200744983226,0.0019215093149493139,68,1.1479461730923504,6.395177052675794e-05,17,99.81818186153065,0.05997378853234378,-1.0
0.08543293526033974,0.0016758959067778455,69,1.568212951067835,5.546912895658472e-05,17,99.81818181818181,0.060758821964263916,-1.0
0.09019848607325305,0.0017575532611873415,70,1.6554511410649866,4.767963140691306e-05,17,99.68181822516702,0.05471742478283969,-1.0
0.09136688301805407,0.0018880561563289827,71,1.6788537809625268,4.059528871837034e-05,17,99.9090909090909,0.051733386706222184,-1.0
0.09071608892797182,0.0026983028510585427,72,1.6816970580257475,3.4227024433899e-05,17,100.0,0.047446328482844614,-1.0
0.09143313457671967,0.0014512145296773976,73,1.6722074679564685,2.8584657955444653e-05,17,99.90909095243974,0.05038000101392919,-1.0
0.09220099825567256,0.0016715749192775951,74,1.6900147998239845,2.367688940315011e-05,17,99.8636364069852,0.04824816102331335,-1.0
0.09214971863871647,0.0014800632553589013,75,1.6856401800177991,1.951128620040094e-05,17,99.90909095243974,0.04805538995699449,-1.0
0.09173673900982572,0.0016990028218262726,76,1.6821509839501232,1.6094271405406862e-05,17,99.95454545454545,0.05218889279799028,-1.0
0.09145697741769254,0.0014760989773397644,77,1.6730914278887212,1.3431113807311488e-05,17,100.0,0.04420533852143721,-1.0
0.09158026133405252,0.0016601596208703187,78,1.678585453191772,1.1525919802101659e-05,17,99.8636364069852,0.04938994824886322,-1.0
0.09171982817093118,0.001821004268195894,79,1.683984617004171,1.0381627060842164e-05,17,99.77272727272727,0.05007758064703508,-1.0
0.0912574879023143,0.0018445747102507288,80,1.6761048678308725,1e-05,17,99.95454545454545,0.05054021857001565,-1.0
0.09662401708515568,0.01016293679519246,1,1.9224414939526469,0.000999618372939158,18,2.5217391265475233,4.6669480116471,-1.0
0.09194402782142991,0.0016715955118545229,2,1.6853693809825927,0.0009984740801978985,18,4.39130434523458,4.320674460867177,-1.0
0.09429874654031462,0.0015682854637917546,3,1.7258989540860057,0.0009965688861926887,18,5.260869549668354,4.138527615588644,-1.0
0.0928786839487859,0.001687350049097505,4,1.7024642450269312,0.0009939057285945933,18,6.478260856607686,4.047682353309963,-1.0
0.08253784680790785,0.0019311369655446874,5,1.5207463440019637,0.0009904887137995992,18,7.999999987042469,3.9028220520848813,-1.0
0.1003296548474787,0.0014869028754118416,6,1.833058340009302,0.00098632311059685,18,8.869565201842267,3.816096192235532,-1.0
0.10028733293681096,0.002436254509828157,7,1.8492752090096474,0.0009814153420445555,18,10.695652159659758,3.73293096376502,-1.0
0.10162627105859832,0.0026899565451054108,8,1.8779340491164476,0.0009757729755661012,18,12.260869553555613,3.6402606997282607,-1.0
0.10102704268259306,0.0015611642092052433,9,1.8468498061411083,0.0009694047112816298,18,13.95652172098989,3.520440519167029,-1.0
0.08794945700921947,0.001584108440308935,10,1.61184912500903,0.0009623203685930871,18,14.043478276418602,3.4521344516588295,-1.0
0.06781034469087091,0.0014299189852964547,11,1.2466164829675108,0.0009545308710434153,18,16.52173906305562,3.314694359406181,-1.0
0.06591153958450174,0.0015919202447144522,12,1.2153537238482386,0.0009460482294732422,18,18.13043479297472,3.2170002895852794,-1.0
0.062413986138482064,0.002066286086725692,13,1.160885350080207,0.0009368855235010348,18,20.56521737186805,3.084996235059655,-1.0
0.06143531226553023,0.002102008568019503,14,1.144065956119448,0.0009270568813552758,18,21.260869492655214,3.0199727775739587,-1.0
0.06845230719126347,0.0026814297565983403,15,1.2806860120035708,0.0009165774580897602,18,24.478260781454004,2.888598747253418,-1.0
0.09210654004063043,0.00196118189746307,16,1.693494797917083,0.0009054634122155992,18,26.17391296055006,2.7961509227752686,-1.0
0.09362525782651371,0.001846699949560894,17,1.7187381340190768,0.0008937318807859689,18,29.608695613301318,2.629550327218097,-1.0
0.0943457518135094,0.0020941829619308314,18,1.7361691510304809,0.0008814009529720156,18,32.391304308953494,2.491517338545426,-1.0
0.09331611477925132,0.0028292639439718593,19,1.7309197708964348,0.0008684896421706646,18,33.78260865677958,2.4346638078274934,-1.0
0.09381099117712842,0.001953234611493018,20,1.7240184370893985,0.0008550178566873412,18,36.73913037258646,2.3041797111345375,-1.0
0.09386138561078244,0.0019514673881025778,21,1.724877773085609,0.0008410063690388064,18,38.69565220501112,2.1798361189469047,-1.0
0.09492682294350946,0.0014909067217053638,22,1.7357717028353363,0.0008264767839234412,18,41.782608597174935,2.076381849206012,-1.0
0.09442871713286473,0.0025897603740708697,23,1.74660571385175,0.000811451504908368,18,46.78260863345602,1.9072100369826608,-1.0
0.0940427802528979,0.0014526250823918316,24,1.719176904996857,0.0007959536998847743,18,48.999999844509624,1.7995841834856117,-1.0
0.09389568959724987,0.001667918960770799,25,1.7203947170637548,0.0007800072653447032,18,53.043478224588476,1.660884635966757,-1.0
0.0937075928474466,0.0016900783197747336,26,1.717403968097642,0.0007636367895343947,18,58.08695648027503,1.4994606326973956,-1.0
0.09337726774780701,0.0019016533624380827,27,1.715272006811574,0.0007468675145409928,18,62.260869347530864,1.3609912600724594,-1.0
0.09412901278119534,0.0015566455484885308,28,1.722591483965516,0.0007297252973710758,18,65.82608682176341,1.2604302120208741,-1.0
0.09341171700766103,0.0028852165366212526,29,1.7336060758680105,0.0007122365700810271,18,65.86956515519515,1.2054109934101933,-1.0
0.09414788362725328,0.0016033929229403536,30,1.7237732629291713,0.0006944282990207196,18,72.1304347411446,1.0429626474173173,-1.0
0.09339473383604652,0.0016771165084921652,31,1.7115524241235107,0.0006763279432533592,18,76.86956507226695,0.904670087772867,-1.0
0.09376636795544376,0.001517100880543391,32,1.7153507398907095,0.0006579634122155992,18,78.65217369535695,0.8269650094405464,-1.0
0.09424636443145573,0.001673451016864015,33,1.7267966570798308,0.000639363022683212,18,83.56521729801013,0.6964620021115179,-1.0
0.09434395873298247,0.0019274964902756943,34,1.7331399349495769,0.0006205554551086735,18,86.73913021709608,0.5987716412544251,-1.0
0.09337089796705793,0.00209044208491428,35,1.718553332844749,0.0006015697093979838,18,87.69565192512844,0.5276788366359213,-1.0
0.09377357289971162,0.001883718210996853,36,1.7220721410121769,0.0005824350601949146,18,90.5652172876441,0.4584750183768894,-1.0
0.09425628800979918,0.0017505865414730376,37,1.728367054834962,0.0005631810117416299,18,91.91304341606472,0.4016838427730229,-1.0
0.09317174687102023,0.002451967797242105,38,1.721473343204707,0.0005438372523852835,18,93.95652170803235,0.3326121028609898,-1.0
0.09408170181430048,0.0015507715159199303,39,1.7216809340752661,0.0005244336088007391,18,95.34782589000204,0.2829426114196363,-1.0
0.09415080876917475,0.0015235650094432964,40,1.72242584801279,0.0005050000000000001,18,94.95652162510416,0.2611771631759146,-1.0
0.09445919320245998,0.001533379183254308,41,1.7281749648973346,0.0004855663911992613,18,96.7826084986977,0.21964362831219383,-1.0
0.09419185674697575,0.0015009467541757557,42,1.7227242931257933,0.00046616274761471693,18,97.43478232881297,0.18560637440370475,-1.0
0.09434946660055882,0.0016705250600352883,43,1.728605177020654,0.00044681898825837057,18,98.69565217391305,0.15358794818753782,-1.0
0.09506489274402459,0.0024605190847069025,44,1.7557019491214305,0.000427564939805086,18,98.56521723581398,0.13555636110513106,-1.0
0.09450266651240075,0.0026820083795529273,45,1.7496217840816826,0.00040843029060201667,18,99.13043458565421,0.10402658160613931,-1.0
0.09510366742809613,0.0025286616291850805,46,1.7576710660941899,0.000389444544891327,18,99.0434781053792,0.10223267990609874,-1.0
0.09370032553043631,0.002717939580583738,47,1.7358269579708576,0.0003706369773167883,18,98.91304328130639,0.09750516870747442,-1.0
0.09501319733034405,0.002094746502633724,48,1.7482823058962822,0.0003520365877844012,18,99.56521739130434,0.07914012967244438,-1.0
0.09311505972356018,0.0016087966634788448,49,1.7053280919790268,0.0003336720567466412,18,99.17391284652378,0.08026102156742759,-1.0
0.09416509683554371,0.001429205605139335,50,1.7209685500711203,0.0003155717009792807,18,99.60869537229124,0.06174774633153625,-1.0
0.0950116583197895,0.0020064658537093136,51,1.746577701997012,0.00029776342991897335,18,99.69565217391305,0.055426316701847576,-1.0
0.09363190525780535,0.001613534185000592,52,1.714662706013769,0.00028027470262892445,18,99.8695652173913,0.0484974730403527,-1.0
0.0938427268475708,0.0016504823773478468,53,1.7191351221408695,0.0002631324854590073,18,99.8695652173913,0.04284981318142103,-1.0
0.09375958583162476,0.0016973218880593777,54,1.718486050143838,0.0002463632104656054,18,99.8695652173913,0.03658395129053489,-1.0
0.09431709825164741,0.0015625884730575813,55,1.7260933390352875,0.0002299927346552969,18,99.95652173913044,0.037955462634563446,-1.0
0.09423340016251637,0.001844879951224559,56,1.7296667289920151,0.00021404630011522587,18,99.8695652173913,0.03592419863395069,-1.0
0.09412551417739855,0.0018509785489489634,57,1.727874033851549,0.00019854849509163232,18,99.95652173913044,0.034630030247828236,-1.0
0.09429881910586523,0.0018106148345395923,58,1.7302785930223763,0.00018352321607655918,18,99.91304347826087,0.03377793169863846,-1.0
0.0844414666450272,0.0016761508563326465,59,1.5503715369850397,0.00016899363096119395,18,99.95652173913044,0.03127966777785965,-1.0
0.10282260590853791,0.0017984058682082428,60,1.8834805639926344,0.000154982143312659,18,100.0,0.030661593176748443,-1.0
0.10187989541898584,0.00151356164779928,61,1.8614520512055606,0.0001415103578293356,18,99.95652173913044,0.02713574605791465,-1.0
0.10141710746878137,0.0016614235937595367,62,1.8556695519946516,0.0001285990470279847,18,99.91304347826087,0.02851638120153676,-1.0
0.10258489625994116,0.0014480932408736812,63,1.87285436084494,0.0001162681192140312,18,99.95652173913044,0.024390063768495684,-1.0
0.07558206899557263,0.0015057178809204036,64,1.387831801082939,0.00010453658778440107,18,100.0,0.025640786795512488,-1.0
0.07663652895846301,0.0016975411498505208,65,1.4102615441661328,9.342254191024022e-05,18,99.91304347826087,0.0268846746177777,-1.0
0.06538494072285378,0.001522604272597366,66,1.2046232011634856,8.294311864472437e-05,18,99.95652173913044,0.026399027692235035,-1.0
0.08288144770388801,0.0020600108481529686,67,1.5293069330509752,7.311447649896551e-05,18,99.95652173913044,0.02367013184920601,-1.0
0.09199941213915332,0.0024587930206002463,68,1.7004946018569171,6.395177052675794e-05,18,100.0,0.024328538182636965,-1.0
0.09316132057251202,0.002666739539967643,69,1.7251988321077079,5.546912895658472e-05,18,99.95652173913044,0.021984482430245565,-1.0
0.0945916994371348,0.001453991953490509,70,1.729118859861046,4.767963140691306e-05,18,99.95652173913044,0.02533166937853979,-1.0
0.09347083343244675,0.0026165609661903647,71,1.7298742891289294,4.059528871837034e-05,18,100.0,0.020881519298190657,-1.0
0.09331178489244646,0.0022302791088198624,72,1.7200587140396237,3.4227024433899e-05,18,100.0,0.01909076638519764,-1.0
0.0936284333648574,0.0025004063500091434,73,1.7306100998539478,2.8584657955444653e-05,18,99.91304347826087,0.02345070840223976,-1.0
0.09337088539420317,0.002174305444997218,74,1.7201077148783952,2.367688940315011e-05,18,100.0,0.020605533790329228,-1.0
0.0941177023988631,0.001605429272684786,75,1.7233444510493428,1.951128620040094e-05,18,100.0,0.021417716790152634,-1.0
0.09348188479068792,0.0021566123727502096,76,1.7217578350100666,1.6094271405406862e-05,18,100.0,0.020955082029104233,-1.0
0.09453203032414119,0.0026735447398904297,77,1.7499800089281052,1.3431113807311488e-05,18,100.0,0.02129727967731331,-1.0
0.0949072786865549,0.0018528460318015681,78,1.741927542956546,1.1525919802101659e-05,18,100.0,0.022341018105330675,-1.0
0.09450704877316538,0.0014528455600763361,79,1.7275324079673737,1.0381627060842164e-05,18,99.95652145924775,0.020082281510467113,-1.0
0.09320495983896156,0.0019129543798044324,80,1.7123811228666455,1e-05,18,100.0,0.02214243473566097,-1.0
0.09694760548882186,0.010023671043056407,1,2.0327924909070134,0.000999618372939158,19,2.08333333581686,4.656827799479166,-1.0
0.0942569121130203,0.0020932156200471675,2,1.8310328158549964,0.0009984740801978985,19,4.083333343267441,4.294285780588786,-1.0
0.09397608971860456,0.0019622704406317914,3,1.8230974550824612,0.0009965688861926887,19,5.625000001241763,4.112226969401042,-1.0
0.09314584469814834,0.0024456212566675325,4,1.8164965210016817,0.0009939057285945933,19,8.041666666666666,3.9581490103403727,-1.0
0.08562325260994073,0.0015277696503816468,5,1.6561572139617056,0.0009904887137995992,19,8.58333334326744,3.8912917137145997,-1.0
0.09886262053623796,0.001546275630397232,6,1.9080159470904619,0.00098632311059685,19,9.541666666666666,3.788269853591919,-1.0
0.10075126493986893,0.0015401006921341544,7,1.9437824059277773,0.0009814153420445555,19,11.666666686534882,3.6751127084096273,-1.0
0.10080340005898554,0.001397581832287343,8,1.9420692611020058,0.0009757729755661012,19,12.625000019868216,3.61957870165507,-1.0
0.1022483264586251,0.002436774697056726,9,1.989265344105661,0.0009694047112816298,19,12.875,3.5295465564727784,-1.0
0.06262105656787753,0.0020008220116754898,10,1.22806084016338,0.0009623203685930871,19,15.583333353201548,3.4302117156982423,-1.0
0.06853511726091567,0.0022313047911187538,11,1.3447948978282511,0.0009545308710434153,19,16.50000003973643,3.31562637646993,-1.0
0.06144702847507831,0.0015216121008913767,12,1.1966450319159776,0.0009460482294732422,19,19.33333335320155,3.201598259607951,-1.0
0.0613596609573027,0.0026131319862447286,13,1.2157334710936993,0.0009368855235010348,19,20.75,3.0898036607106527,-1.0
0.06455210568138252,0.0018214011613867786,14,1.261341575998813,0.0009270568813552758,19,21.62500003973643,2.9851176675160724,-1.0
0.09211971771315132,0.0025757453894536745,15,1.79946617805399,0.0009165774580897602,19,24.62500003973643,2.8658231480916343,-1.0
0.09352158717075854,0.001584470149521765,16,1.807822427013889,0.0009054634122155992,19,24.83333335320155,2.806072899500529,-1.0
0.09367030349216963,0.0026048272970671717,17,1.8294786100741476,0.0008937318807859689,19,29.166666746139526,2.6808061313629152,-1.0
0.09255484539378238,0.0024642853531986475,18,1.8056236039847136,0.0008814009529720156,19,30.75,2.5731008879343666,-1.0
0.09342749931506421,0.0014253887960589246,19,1.802503891987726,0.0008684896421706646,19,34.00000003973643,2.4172906080881753,-1.0
0.0941263866904927,0.002410069463382426,20,1.8344814090523869,0.0008550178566873412,19,34.833333333333336,2.325843458175659,-1.0
0.093356013114221,0.0014416823090103112,21,1.8014052358921617,0.0008410063690388064,19,37.37500007947286,2.2456183338165285,-1.0
0.09334989684928012,0.0015818550447492224,22,1.8039565361104906,0.0008264767839234412,19,43.541666666666664,2.0684855365753174,-1.0
0.09343615057878196,0.001535651788703705,23,1.804726936854422,0.000811451504908368,19,45.62500007947286,1.91918794631958,-1.0
0.09297739882267227,0.0025248619188603604,24,1.8148104050196707,0.0007959536998847743,19,49.75000007947286,1.7677247635523479,-1.0
0.09344998390511855,0.0025793986738120254,25,1.8248108879197389,0.0007800072653447032,19,54.166666666666664,1.6383616956075033,-1.0
0.09338636367924903,0.0015846247000521735,26,1.8047027289867401,0.0007636367895343947,19,58.375,1.491351572672526,-1.0
0.09381492329320233,0.0017045068088918924,27,1.8151309529785067,0.0007468675145409928,19,63.00000007947286,1.367278027534485,-1.0
0.09360405647097841,0.001603715906017705,28,1.8092058908659965,0.0007297252973710758,19,65.79166682561238,1.2490019226074218,-1.0
0.09429384402832702,0.0014974525026780995,29,1.82027651485987,0.0007122365700810271,19,69.12500015894572,1.128735195795695,-1.0
0.09314033680742509,0.0024118575046917327,30,1.9704231298528612,0.0006944282990207196,19,71.79166682561238,1.0191124296188354,-1.0
0.09406349332512993,0.0029930690867140106,31,1.8444091468118131,0.0006763279432533592,19,74.58333349227905,0.9503119373321534,-1.0
0.09432458889817721,0.002470066623860284,32,1.8393499709200114,0.0006579634122155992,19,78.75000007947285,0.829211536248525,-1.0
0.0933924754958992,0.0016533516126831895,33,1.8061687310691923,0.000639363022683212,19,82.95833333333333,0.6976596633593242,-1.0
0.09339453604709554,0.0018259762712803326,34,1.8094962229952216,0.0006205554551086735,19,84.91666666666667,0.6247288354237874,-1.0
0.09345541697142548,0.0023488751367518775,35,1.82054075691849,0.0006015697093979838,19,87.3333334128062,0.546628364721934,-1.0
0.0935289536994931,0.0015711060994745868,36,1.807141185970977,0.0005824350601949146,19,89.58333333333333,0.48340392351150513,-1.0
0.09323188104960871,0.001433924318438298,37,1.7989538558758795,0.0005631810117416299,19,91.16666666666667,0.4087476034959157,-1.0
0.0935695249415738,0.0016127420515802346,38,1.8087070190813392,0.0005438372523852835,19,92.70833333333333,0.3549772536754608,-1.0
0.0932306955494967,0.001457196562305877,39,1.799324501072988,0.0005244336088007391,19,94.12500007947285,0.3181665114561717,-1.0
0.09281571072183158,0.0014474348557230673,40,1.7913026991300285,0.0005050000000000001,19,96.08333333333333,0.2557996068398158,-1.0
0.09436774165614654,0.0016647398128713433,41,1.8249366369564086,0.0004855663911992613,19,96.58333349227905,0.21777957677841187,-1.0
0.09292337319225465,0.001458441593537205,42,1.7935410500504076,0.00046616274761471693,19,96.8333334128062,0.19757625877857207,-1.0
0.08950498088655111,0.0015445867994506109,43,1.7302762770559639,0.00044681898825837057,19,97.79166674613953,0.17128320157527924,-1.0
0.09272701075104506,0.0016952445117854758,44,1.7942748479545116,0.000427564939805086,19,98.37500007947285,0.1374687647819519,-1.0
0.092507734919261,0.001638851238806781,45,1.789035852998495,0.00040843029060201667,19,98.37500015894572,0.1243826550245285,-1.0
0.0931314900027294,0.0014178760496801452,46,1.7966894109267741,0.000389444544891327,19,99.00000007947285,0.10743268807729085,-1.0
0.09363761768480272,0.0018460171076616174,47,1.8144566109403968,0.0003706369773167883,19,99.08333333333333,0.09805985967318218,-1.0
0.09355602686685559,0.0015444123970442696,48,1.8071560969110578,0.0003520365877844012,19,99.25000015894572,0.08266531735658646,-1.0
0.09352403290961918,0.00170215898144402,49,1.809532105922699,0.0003336720567466412,19,99.45833333333333,0.07401954144239425,-1.0
0.0932076442496557,0.0015333982209037793,50,1.8003993220627308,0.0003155717009792807,19,99.5,0.06945266723632812,-1.0
0.0931892836785042,0.001600280636921525,51,1.8012950560078025,0.00029776342991897335,19,99.79166666666667,0.05781752755244573,-1.0
0.09346684545131498,0.001602228338781156,52,1.8066329979337752,0.00028027470262892445,19,99.75,0.05326311722397804,-1.0
0.09365503773044206,0.0018571956989992607,53,1.8149961959570646,0.0002631324854590073,19,99.95833333333333,0.04026144757866859,-1.0
0.09323942419876785,0.0014814460699103381,54,1.799996580928564,0.0002463632104656054,19,99.95833333333333,0.03991372709472974,-1.0
0.09487698234519676,0.0014560869649836892,55,1.8306995378807187,0.0002299927346552969,19,99.95833333333333,0.03961440558234851,-1.0
0.09445096413899016,0.001424502275001846,56,1.8219512831419706,0.00021404630011522587,19,99.91666666666667,0.03515421802798907,-1.0
0.09378835976761031,0.0016672338579634303,57,1.8139075320214033,0.00019854849509163232,19,99.79166666666667,0.038262076824903485,-1.0
0.08439727937557588,0.0013897168866701815,58,1.6302619359921664,0.00018352321607655918,19,99.79166666666667,0.033506076882282895,-1.0
0.10158830137286139,0.0014755145744665672,59,1.9584490431006998,0.00016899363096119395,19,99.95833333333333,0.031033289432525635,-1.0
0.10133522024721299,0.002001270014596613,60,1.963637606939301,0.000154982143312659,19,99.875,0.03110854980846246,-1.0
0.10294903252322815,0.001790462735746252,61,1.9903758009895682,0.0001415103578293356,19,100.0,0.029654152045647305,-1.0
0.1038091849707263,0.0015169640782436258,62,2.001499923178926,0.0001285990470279847,19,100.0,0.026964886983235677,-1.0
0.06674925828548639,0.0014702142338807647,63,1.2964671880472451,0.0001162681192140312,19,99.91666666666667,0.026742096245288848,-1.0
0.07567950818491609,0.0014596401321652689,64,1.4658784160856158,0.00010453658778440107,19,100.0,0.025240027035276096,-1.0
0.07579414290376008,0.001961587413557266,65,1.4776302089449018,9.342254191024022e-05,19,100.0,0.02448028231660525,-1.0
0.09158517281818938,0.0020299634504082954,66,1.7789488460402936,8.294311864472437e-05,19,99.95833333333333,0.02651605839530627,-1.0
0.09253775942335396,0.0022063053115025945,67,1.8004026329144835,7.311447649896551e-05,19,99.91666666666667,0.024509700511892638,-1.0
0.09392262068822195,0.0021026189389981723,68,1.8247323480900377,6.395177052675794e-05,19,99.91666666666667,0.02490183152258396,-1.0
0.0943362208230323,0.0017953150734109314,69,1.8271493460051715,5.546912895658472e-05,19,100.0,0.02250299369295438,-1.0
0.09296148554667046,0.0016687038771219943,70,1.7982227879110724,4.767963140691306e-05,19,100.0,0.021982996786634127,-1.0
0.09342519032131684,0.0014088189376420097,71,1.8020960970316082,4.059528871837034e-05,19,100.0,0.02210867539048195,-1.0
0.09392999717965722,0.0015711376664081687,72,1.8147697099484503,3.4227024433899e-05,19,100.0,0.021561962390939396,-1.0
0.09463454960649342,0.0013884998686415585,73,1.8246986970771104,2.8584657955444653e-05,19,99.95833333333333,0.020784661844372748,-1.0
0.09319664214394595,0.0015854784287512302,74,1.8011311730369925,2.367688940315011e-05,19,100.0,0.018907028138637542,-1.0
0.0940601784784935,0.0017520452016278317,75,1.8207242439966649,1.951128620040094e-05,19,100.0,0.02059221307436625,-1.0
0.09381869701227467,0.0016617961472978717,76,1.8144361851736903,1.6094271405406862e-05,19,100.0,0.021587695901592572,-1.0
0.09369996681466307,0.001400419866274062,77,1.807165791047737,1.3431113807311488e-05,19,99.91666666666667,0.02216441564261913,-1.0
0.09335888664875376,0.0019232181979245261,78,1.810614740010351,1.1525919802101659e-05,19,99.95833333333333,0.021420925880471866,-1.0
0.09305267432998669,0.0025189696615071674,79,1.816125287907198,1.0381627060842164e-05,19,100.0,0.02042198546230793,-1.0
0.09417952256473272,0.0019864660173066354,80,1.8274503629654646,1e-05,19,100.0,0.020302828202644983,-1.0
0.09570726595120504,0.009842149552423508,1,2.111338648945093,0.000999618372939158,20,2.8000000005960466,4.596333981323242,-1.0
0.0921706583816558,0.002268634573556483,2,1.8890895501244813,0.0009984740801978985,20,4.440000008344651,4.300558686065674,-1.0
0.09401958576636389,0.0015817677835002542,3,1.912380534922704,0.0009965688861926887,20,5.920000002980232,4.132601758575439,-1.0
0.09253504641819746,0.0015552966273389758,4,1.8822551760822535,0.0009939057285945933,20,6.440000000298023,4.051967193603516,-1.0
0.08989398429403081,0.0014558639493770897,5,1.8273040209896863,0.0009904887137995992,20,8.000000005960464,3.910095407104492,-1.0
0.09824926800793037,0.0015336637967266142,6,1.9959520420525223,0.00098632311059685,20,9.680000001192093,3.8170007789611815,-1.0
0.10080135662574322,0.001406917069107294,7,2.044469825923443,0.0009814153420445555,20,10.080000001192094,3.7559338401794435,-1.0
0.10051733187865466,0.0024042234173975883,8,2.0587172810919583,0.0009757729755661012,20,11.520000001192093,3.6387120128631594,-1.0
0.08356347036315129,0.0024492064956575634,9,1.7205408131703734,0.0009694047112816298,20,13.200000003576278,3.5177349586486817,-1.0
0.06799423628253862,0.0016641451278701425,10,1.3934075548313558,0.0009623203685930871,20,13.920000009536743,3.452748303604126,-1.0
0.06309035348240286,0.0016438083606772126,11,1.2949274990241975,0.0009545308710434153,20,15.7600000166893,3.3809463150024412,-1.0
0.06197618803707883,0.0013878845609724521,12,1.2675760288257152,0.0009460482294732422,20,19.160000009536745,3.2174050395965574,-1.0
0.0634476047824137,0.0013391941669397057,13,1.2959750241134316,0.0009368855235010348,20,19.440000019073487,3.162622414016724,-1.0
0.0820951021509245,0.0017080833087675274,14,1.676308293826878,0.0009270568813552758,20,22.1200000166893,3.0324247299194336,-1.0
0.0929567939718254,0.0014627891243435443,15,1.8887296528555453,0.0009165774580897602,20,23.28000000715256,2.928634701538086,-1.0
0.09243625150993466,0.001373678434174508,16,1.876611971994862,0.0009054634122155992,20,24.800000033378602,2.8474416370391844,-1.0
0.09302506427047774,0.0016765282256528736,17,1.8943224709946662,0.0008937318807859689,20,25.9200000333786,2.7481844619750975,-1.0
0.09320163533557206,0.001416292367503047,18,1.8926932711619884,0.0008814009529720156,20,30.600000004768372,2.5786183979034423,-1.0
0.09348980378126726,0.0014893823186866938,19,1.8998960370663553,0.0008684896421706646,20,32.3200000333786,2.446858717727661,-1.0
0.09274431624216958,0.0014733672025613487,20,1.884695135988295,0.0008550178566873412,20,34.52,2.3899181049346923,-1.0
0.09321532838512211,0.001839002314954996,21,1.9013340710662305,0.0008410063690388064,20,36.2000000333786,2.29389860534668,-1.0
0.09322671168483794,0.001362882915418595,22,1.8920944021083415,0.0008264767839234412,20,41.80000001430511,2.120164047241211,-1.0
0.09302232122281566,0.001374961226247251,23,1.8882348479237407,0.000811451504908368,20,43.520000009536744,2.026790798187256,-1.0
0.09321767379296944,0.002279601152986288,24,1.9102416881360114,0.0007959536998847743,20,47.03999998092652,1.8638634441375732,-1.0
0.09261905036401004,0.0018597520771436392,25,1.8898243170697242,0.0007800072653447032,20,50.119999952316284,1.727853486251831,-1.0
0.09319340084912256,0.001400009251665324,26,1.89216325012967,0.0007636367895343947,20,54.799999952316284,1.6041085372924804,-1.0
0.09184797679772601,0.0014160959515720605,27,1.8655778360553086,0.0007468675145409928,20,59.40000003814697,1.4325093753814697,-1.0
0.09292100829770789,0.0015574583550915122,28,1.889821558026597,0.0007297252973710758,20,62.119999952316284,1.3719252780914306,-1.0
0.09450921833049505,0.0015028268680907786,29,1.9204857081640512,0.0007122365700810271,20,65.63999998092652,1.246065272140503,-1.0
0.09165563486749306,0.0015038705780170858,30,1.8634218629449606,0.0006944282990207196,20,69.24000000953674,1.107521957206726,-1.0
0.09359055474633352,0.0024345522513613107,31,1.920800131978467,0.0006763279432533592,20,74.40000008583068,0.9766431289672851,-1.0
0.09278484011301771,0.0015651847352273762,32,1.8872962270397693,0.0006579634122155992,20,76.52000008583069,0.9035435853004455,-1.0
0.09360781969735399,0.0014835361507721245,33,1.9021185599267483,0.000639363022683212,20,78.99999997138977,0.7993499698638916,-1.0
0.09328636153368279,0.002238518570084125,34,1.9107368281111121,0.0006205554551086735,20,81.44000003814698,0.7165801049232483,-1.0
0.09302329125348478,0.0017453970038332045,35,1.8956058491021395,0.0006015697093979838,20,82.99999999046325,0.6601475525856018,-1.0
0.09438945280853658,0.002403940400108695,36,1.9361611499916762,0.0005824350601949146,20,88.32000001907349,0.5273380065441131,-1.0
0.09382878576871008,0.0017557696788571774,37,1.9119267389178276,0.0005631810117416299,20,91.4800000667572,0.42834838552474974,-1.0
0.09322701009223237,0.0013277639634907245,38,1.8913217769004405,0.0005438372523852835,20,92.40000005722045,0.3891450701713562,-1.0
0.09283915917621925,0.001988267619162798,39,1.8967843460850418,0.0005244336088007391,20,94.00000008583069,0.32401291728019715,-1.0
0.09247616152279078,0.002134237624704838,40,1.8924506329931319,0.0005050000000000001,20,95.52000000953674,0.27230297722816466,-1.0
0.09348162857349962,0.0022532193223014476,41,1.9149453879799694,0.0004855663911992613,20,95.7199999332428,0.24067597160339355,-1.0
0.0922282807994634,0.0019263216992840171,42,1.883328682044521,0.00046616274761471693,20,96.60000000953674,0.21972760200500488,-1.0
0.09330550121376291,0.0021533006336539985,43,1.9094142010435462,0.00044681898825837057,20,97.15999996185303,0.19661482403278352,-1.0
0.09253421723842621,0.0020946087664924563,44,1.8928323187865317,0.000427564939805086,20,98.16000008583069,0.1558873084783554,-1.0
0.09310740459477529,0.0014762209029868245,45,1.8919115241151303,0.00040843029060201667,20,98.75999996185303,0.12516856513023378,-1.0
0.09299996452173218,0.0013466654811054469,46,1.88716250192374,0.000389444544891327,20,98.76000004768372,0.1150192706823349,-1.0
0.09196717599406838,0.00172141850925982,47,1.8740037239622325,0.0003706369773167883,20,99.24,0.09957580716609955,-1.0
0.09339746530167758,0.0013753599021583795,48,1.8957079979591072,0.0003520365877844012,20,99.2,0.08712394431829452,-1.0
0.09340555927483365,0.0015810350771062077,49,1.8999828901141882,0.0003336720567466412,20,99.59999996185303,0.07345648778676987,-1.0
0.09261217192979529,0.0016593460692092775,50,1.88571404106915,0.0003155717009792807,20,99.6,0.0646206651866436,-1.0
0.0928968019085005,0.001411946990992874,51,1.8864119809586555,0.00029776342991897335,20,99.56,0.06437709100246429,-1.0
0.09324084260733798,0.0014412255957722663,52,1.8938872499857098,0.00028027470262892445,20,99.60000008583069,0.05858867065906525,-1.0
0.09242785916430876,0.0017978184856474399,53,1.8847606198396534,0.0002631324854590073,20,99.64,0.05777091320753098,-1.0
0.09313238860340789,0.0015402368037030101,54,1.893692052923143,0.0002463632104656054,20,99.84,0.04775441797971725,-1.0
0.09233606063062325,0.0014623441151343287,55,1.876210275106132,0.0002299927346552969,20,99.8,0.04222489054203033,-1.0
0.08950876143062488,0.0014676274731755257,56,1.8197659221477807,0.00021404630011522587,20,99.92,0.04157686425447464,-1.0
0.0917691390030086,0.001619222853332758,57,1.86800814489834,0.00019854849509163232,20,100.0,0.03315041723251343,-1.0
0.09923128295922652,0.001421038550324738,58,2.0133404771331698,0.00018352321607655918,20,99.96,0.033376034623384475,-1.0
0.10104416483081877,0.0014115733676590026,59,2.0493571548722684,0.00016899363096119395,20,99.92,0.031103397655487062,-1.0
0.1012196045834571,0.0016112497192807495,60,2.05686049698852,0.000154982143312659,20,99.96,0.030888367933034896,-1.0
0.08376765809953213,0.001418551499955356,61,1.7039667828939855,0.0001415103578293356,20,99.96,0.026975171744823456,-1.0
0.06246379610383883,0.001564193342346698,62,1.2808140569832176,0.0001285990470279847,20,99.96,0.029446212244033813,-1.0
0.061676371574867515,0.0013052875176072121,63,1.2599175851792097,0.0001162681192140312,20,100.0,0.02666287643611431,-1.0
0.061782488867174835,0.0016429347801022232,64,1.2687449739314616,0.00010453658778440107,20,100.0,0.024221029356122015,-1.0
0.06196444375673309,0.0020248492481186988,65,1.280024595092982,9.342254191024022e-05,20,99.96,0.023371299356222154,-1.0
0.0670876682503149,0.0013628778047859668,66,1.3692997400648892,8.294311864472437e-05,20,100.0,0.024647864031791686,-1.0
0.08313909042626619,0.0016568100778385996,67,1.69621876697056,7.311447649896551e-05,20,99.92,0.02511776514649391,-1.0
0.08885500656906516,0.001870180433616042,68,1.814763586036861,6.395177052675794e-05,20,100.0,0.023927396017313002,-1.0
0.08793225199915469,0.0018525973544456064,69,1.7959459060803056,5.546912895658472e-05,20,99.96,0.023675345158576964,-1.0
0.09198694721562788,0.0014355632360093296,70,1.8687488620635122,4.767963140691306e-05,20,99.96,0.022738702312111853,-1.0
0.08871311692055314,0.001574957324191928,71,1.8060025630984455,4.059528871837034e-05,20,100.0,0.022825120562314987,-1.0
0.08769748085178435,0.0019524819566868246,72,1.7932487078942358,3.4227024433899e-05,20,100.0,0.02276231182217598,-1.0
0.08855606876313686,0.0016680978354997934,73,1.8047307401429862,2.8584657955444653e-05,20,100.0,0.022780946230888367,-1.0
0.08940230587031692,0.0014213845715858042,74,1.8167165601626039,2.367688940315011e-05,20,100.0,0.021129579252004625,-1.0
0.08652562337229028,0.0025270577287301423,75,1.7813534080050886,1.951128620040094e-05,20,100.0,0.02211006338596344,-1.0
0.09059523537289352,0.0015332050272263587,76,1.842864136910066,1.6094271405406862e-05,20,100.0,0.021856081277132035,-1.0
0.08820497757988051,0.0013773437240161002,77,1.7919424651190639,1.3431113807311488e-05,20,99.92,0.022108698770403862,-1.0
0.08925177133642137,0.0015740392729640007,78,1.8168128728866577,1.1525919802101659e-05,20,100.0,0.021015570443868637,-1.0
0.090691813477315,0.0015335315256379545,79,1.8448044818360358,1.0381627060842164e-05,20,99.96,0.02231635635793209,-1.0
0.08973612705012783,0.0014703497989103198,80,1.8244245550595224,1e-05,20,100.0,0.02240148050785065,-1.0
