2026-04-11 16:24:33 | INFO | Starting method=coreset seed=3 device=cuda run_dir=/data1/doyoung/ADV-AL/experiments/set_ADV_main_resnet18_cifar10/cifar10_resnet18_coreset_b100_r20/seed_3 | GPU MB alloc/reserved=0.0/0.0
2026-04-11 16:24:34 | INFO | Data loaded in 0.69s (train_total=50000 al_train=50000 val_fixed=0 test=10000) | GPU: n/a
2026-04-11 16:24:34 | INFO | [Round 0] labeled=500 train=500 val_fixed=0 | GPU MB alloc/reserved=42.7/64.0
2026-04-11 16:24:36 | INFO | [Round 0] epoch=1/80 loss=2.4972 acc=12.40 val_acc=nan data_t=0.0464s batch_t=0.3302s epoch_t=00:01.51 lr=0.001000 | GPU MB alloc/reserved=190.1/996.0
2026-04-11 16:24:36 | INFO | [Round 0] Epoch 1/80 time=00:01.51 avg=00:01.51 ETA=01:59.05 | GPU MB alloc/reserved=190.1/996.0
2026-04-11 16:24:36 | INFO | [Round 0] epoch=2/80 loss=2.1259 acc=22.60 val_acc=nan data_t=0.0108s batch_t=0.0836s epoch_t=00:00.38 lr=0.000998 | GPU MB alloc/reserved=190.1/996.0
2026-04-11 16:24:36 | INFO | [Round 0] Epoch 2/80 time=00:00.38 avg=00:00.94 ETA=01:13.52 | GPU MB alloc/reserved=190.1/996.0
2026-04-11 16:24:37 | INFO | [Round 0] epoch=3/80 loss=1.8915 acc=32.20 val_acc=nan data_t=0.0097s batch_t=0.0876s epoch_t=00:00.39 lr=0.000997 | GPU MB alloc/reserved=190.1/996.0
2026-04-11 16:24:37 | INFO | [Round 0] Epoch 3/80 time=00:00.39 avg=00:00.76 ETA=00:58.38 | GPU MB alloc/reserved=190.1/996.0
2026-04-11 16:24:37 | INFO | [Round 0] epoch=4/80 loss=1.8082 acc=32.00 val_acc=nan data_t=0.0103s batch_t=0.0865s epoch_t=00:00.39 lr=0.000994 | GPU MB alloc/reserved=190.1/996.0
2026-04-11 16:24:37 | INFO | [Round 0] Epoch 4/80 time=00:00.39 avg=00:00.67 ETA=00:50.58 | GPU MB alloc/reserved=190.1/996.0
2026-04-11 16:24:37 | INFO | [Round 0] epoch=5/80 loss=1.7078 acc=34.40 val_acc=nan data_t=0.0131s batch_t=0.0858s epoch_t=00:00.40 lr=0.000990 | GPU MB alloc/reserved=190.1/996.0
2026-04-11 16:24:37 | INFO | [Round 0] Epoch 5/80 time=00:00.40 avg=00:00.61 ETA=00:45.87 | GPU MB alloc/reserved=190.1/996.0
2026-04-11 16:24:38 | INFO | [Round 0] epoch=6/80 loss=1.6782 acc=37.00 val_acc=nan data_t=0.0097s batch_t=0.0828s epoch_t=00:00.37 lr=0.000986 | GPU MB alloc/reserved=190.1/996.0
2026-04-11 16:24:38 | INFO | [Round 0] Epoch 6/80 time=00:00.37 avg=00:00.57 ETA=00:42.29 | GPU MB alloc/reserved=190.1/996.0
2026-04-11 16:24:38 | INFO | [Round 0] epoch=7/80 loss=1.6554 acc=40.00 val_acc=nan data_t=0.0106s batch_t=0.0608s epoch_t=00:00.29 lr=0.000981 | GPU MB alloc/reserved=190.1/996.0
2026-04-11 16:24:38 | INFO | [Round 0] Epoch 7/80 time=00:00.29 avg=00:00.53 ETA=00:38.74 | GPU MB alloc/reserved=190.1/996.0
2026-04-11 16:24:38 | INFO | [Round 0] epoch=8/80 loss=1.4754 acc=45.40 val_acc=nan data_t=0.0064s batch_t=0.0666s epoch_t=00:00.29 lr=0.000976 | GPU MB alloc/reserved=190.1/996.0
2026-04-11 16:24:38 | INFO | [Round 0] Epoch 8/80 time=00:00.29 avg=00:00.50 ETA=00:36.06 | GPU MB alloc/reserved=190.1/996.0
2026-04-11 16:24:39 | INFO | [Round 0] epoch=9/80 loss=1.4758 acc=40.80 val_acc=nan data_t=0.0089s batch_t=0.0747s epoch_t=00:00.33 lr=0.000969 | GPU MB alloc/reserved=190.1/996.0
2026-04-11 16:24:39 | INFO | [Round 0] Epoch 9/80 time=00:00.33 avg=00:00.48 ETA=00:34.25 | GPU MB alloc/reserved=190.1/996.0
2026-04-11 16:24:39 | INFO | [Round 0] epoch=10/80 loss=1.3835 acc=47.20 val_acc=nan data_t=0.0094s batch_t=0.0984s epoch_t=00:00.43 lr=0.000962 | GPU MB alloc/reserved=190.1/996.0
2026-04-11 16:24:39 | INFO | [Round 0] Epoch 10/80 time=00:00.43 avg=00:00.48 ETA=00:33.41 | GPU MB alloc/reserved=190.1/996.0
2026-04-11 16:24:39 | INFO | [Round 0] epoch=11/80 loss=1.3579 acc=50.60 val_acc=nan data_t=0.0067s batch_t=0.0966s epoch_t=00:00.41 lr=0.000955 | GPU MB alloc/reserved=190.1/996.0
2026-04-11 16:24:39 | INFO | [Round 0] Epoch 11/80 time=00:00.41 avg=00:00.47 ETA=00:32.53 | GPU MB alloc/reserved=190.1/996.0
2026-04-11 16:24:40 | INFO | [Round 0] epoch=12/80 loss=1.2720 acc=49.80 val_acc=nan data_t=0.0114s batch_t=0.0971s epoch_t=00:00.43 lr=0.000946 | GPU MB alloc/reserved=190.1/996.0
2026-04-11 16:24:40 | INFO | [Round 0] Epoch 12/80 time=00:00.43 avg=00:00.47 ETA=00:31.85 | GPU MB alloc/reserved=190.1/996.0
2026-04-11 16:24:40 | INFO | [Round 0] epoch=13/80 loss=1.2052 acc=55.20 val_acc=nan data_t=0.0102s batch_t=0.1000s epoch_t=00:00.44 lr=0.000937 | GPU MB alloc/reserved=190.1/996.0
2026-04-11 16:24:40 | INFO | [Round 0] Epoch 13/80 time=00:00.44 avg=00:00.47 ETA=00:31.24 | GPU MB alloc/reserved=190.1/996.0
2026-04-11 16:24:41 | INFO | [Round 0] epoch=14/80 loss=1.1361 acc=56.60 val_acc=nan data_t=0.0102s batch_t=0.0955s epoch_t=00:00.42 lr=0.000927 | GPU MB alloc/reserved=190.1/996.0
2026-04-11 16:24:41 | INFO | [Round 0] Epoch 14/80 time=00:00.42 avg=00:00.46 ETA=00:30.57 | GPU MB alloc/reserved=190.1/996.0
2026-04-11 16:24:41 | INFO | [Round 0] epoch=15/80 loss=1.0459 acc=62.40 val_acc=nan data_t=0.0141s batch_t=0.1007s epoch_t=00:00.46 lr=0.000917 | GPU MB alloc/reserved=190.1/996.0
2026-04-11 16:24:41 | INFO | [Round 0] Epoch 15/80 time=00:00.46 avg=00:00.46 ETA=00:30.10 | GPU MB alloc/reserved=190.1/996.0
2026-04-11 16:24:42 | INFO | [Round 0] epoch=16/80 loss=1.1480 acc=57.20 val_acc=nan data_t=0.0069s batch_t=0.0997s epoch_t=00:00.43 lr=0.000905 | GPU MB alloc/reserved=190.1/996.0
2026-04-11 16:24:42 | INFO | [Round 0] Epoch 16/80 time=00:00.43 avg=00:00.46 ETA=00:29.49 | GPU MB alloc/reserved=190.1/996.0
2026-04-11 16:24:42 | INFO | [Round 0] epoch=17/80 loss=0.9894 acc=63.00 val_acc=nan data_t=0.0111s batch_t=0.0980s epoch_t=00:00.44 lr=0.000894 | GPU MB alloc/reserved=190.1/996.0
2026-04-11 16:24:42 | INFO | [Round 0] Epoch 17/80 time=00:00.44 avg=00:00.46 ETA=00:28.94 | GPU MB alloc/reserved=190.1/996.0
2026-04-11 16:24:43 | INFO | [Round 0] epoch=18/80 loss=0.9282 acc=62.80 val_acc=nan data_t=0.0122s batch_t=0.0960s epoch_t=00:00.43 lr=0.000881 | GPU MB alloc/reserved=190.1/996.0
2026-04-11 16:24:43 | INFO | [Round 0] Epoch 18/80 time=00:00.43 avg=00:00.46 ETA=00:28.39 | GPU MB alloc/reserved=190.1/996.0
2026-04-11 16:24:43 | INFO | [Round 0] epoch=19/80 loss=1.0059 acc=62.80 val_acc=nan data_t=0.0101s batch_t=0.1000s epoch_t=00:00.44 lr=0.000868 | GPU MB alloc/reserved=190.1/996.0
2026-04-11 16:24:43 | INFO | [Round 0] Epoch 19/80 time=00:00.44 avg=00:00.46 ETA=00:27.87 | GPU MB alloc/reserved=190.1/996.0
2026-04-11 16:24:43 | INFO | [Round 0] epoch=20/80 loss=0.9340 acc=63.40 val_acc=nan data_t=0.0130s batch_t=0.0960s epoch_t=00:00.44 lr=0.000855 | GPU MB alloc/reserved=190.1/996.0
2026-04-11 16:24:43 | INFO | [Round 0] Epoch 20/80 time=00:00.44 avg=00:00.46 ETA=00:27.35 | GPU MB alloc/reserved=190.1/996.0
2026-04-11 16:24:44 | INFO | [Round 0] epoch=21/80 loss=0.8614 acc=68.60 val_acc=nan data_t=0.0132s batch_t=0.0951s epoch_t=00:00.43 lr=0.000841 | GPU MB alloc/reserved=190.1/996.0
2026-04-11 16:24:44 | INFO | [Round 0] Epoch 21/80 time=00:00.43 avg=00:00.45 ETA=00:26.84 | GPU MB alloc/reserved=190.1/996.0
2026-04-11 16:24:44 | INFO | [Round 0] epoch=22/80 loss=0.7982 acc=70.60 val_acc=nan data_t=0.0130s batch_t=0.0975s epoch_t=00:00.44 lr=0.000826 | GPU MB alloc/reserved=190.1/996.0
2026-04-11 16:24:44 | INFO | [Round 0] Epoch 22/80 time=00:00.44 avg=00:00.45 ETA=00:26.35 | GPU MB alloc/reserved=190.1/996.0
2026-04-11 16:24:45 | INFO | [Round 0] epoch=23/80 loss=0.7658 acc=71.20 val_acc=nan data_t=0.0128s batch_t=0.0967s epoch_t=00:00.44 lr=0.000811 | GPU MB alloc/reserved=190.1/996.0
2026-04-11 16:24:45 | INFO | [Round 0] Epoch 23/80 time=00:00.44 avg=00:00.45 ETA=00:25.85 | GPU MB alloc/reserved=190.1/996.0
2026-04-11 16:24:45 | INFO | [Round 0] epoch=24/80 loss=0.7102 acc=73.60 val_acc=nan data_t=0.0075s batch_t=0.0998s epoch_t=00:00.43 lr=0.000796 | GPU MB alloc/reserved=190.1/996.0
2026-04-11 16:24:45 | INFO | [Round 0] Epoch 24/80 time=00:00.43 avg=00:00.45 ETA=00:25.34 | GPU MB alloc/reserved=190.1/996.0
2026-04-11 16:24:46 | INFO | [Round 0] epoch=25/80 loss=0.6138 acc=78.40 val_acc=nan data_t=0.0077s batch_t=0.1001s epoch_t=00:00.43 lr=0.000780 | GPU MB alloc/reserved=190.1/996.0
2026-04-11 16:24:46 | INFO | [Round 0] Epoch 25/80 time=00:00.43 avg=00:00.45 ETA=00:24.84 | GPU MB alloc/reserved=190.1/996.0
2026-04-11 16:24:46 | INFO | [Round 0] epoch=26/80 loss=0.6171 acc=76.40 val_acc=nan data_t=0.0082s batch_t=0.0976s epoch_t=00:00.42 lr=0.000764 | GPU MB alloc/reserved=190.1/996.0
2026-04-11 16:24:46 | INFO | [Round 0] Epoch 26/80 time=00:00.42 avg=00:00.45 ETA=00:24.33 | GPU MB alloc/reserved=190.1/996.0
2026-04-11 16:24:47 | INFO | [Round 0] epoch=27/80 loss=0.5217 acc=79.60 val_acc=nan data_t=0.0127s batch_t=0.1022s epoch_t=00:00.46 lr=0.000747 | GPU MB alloc/reserved=190.1/996.0
2026-04-11 16:24:47 | INFO | [Round 0] Epoch 27/80 time=00:00.46 avg=00:00.45 ETA=00:23.90 | GPU MB alloc/reserved=190.1/996.0
2026-04-11 16:24:47 | INFO | [Round 0] epoch=28/80 loss=0.5384 acc=80.20 val_acc=nan data_t=0.0111s batch_t=0.0579s epoch_t=00:00.28 lr=0.000730 | GPU MB alloc/reserved=190.1/996.0
2026-04-11 16:24:47 | INFO | [Round 0] Epoch 28/80 time=00:00.28 avg=00:00.44 ETA=00:23.13 | GPU MB alloc/reserved=190.1/996.0
2026-04-11 16:24:47 | INFO | [Round 0] epoch=29/80 loss=0.5087 acc=83.40 val_acc=nan data_t=0.0058s batch_t=0.0529s epoch_t=00:00.24 lr=0.000712 | GPU MB alloc/reserved=190.1/996.0
2026-04-11 16:24:47 | INFO | [Round 0] Epoch 29/80 time=00:00.24 avg=00:00.44 ETA=00:22.31 | GPU MB alloc/reserved=190.1/996.0
2026-04-11 16:24:47 | INFO | [Round 0] epoch=30/80 loss=0.5113 acc=81.00 val_acc=nan data_t=0.0059s batch_t=0.0537s epoch_t=00:00.24 lr=0.000694 | GPU MB alloc/reserved=190.1/996.0
2026-04-11 16:24:47 | INFO | [Round 0] Epoch 30/80 time=00:00.24 avg=00:00.43 ETA=00:21.54 | GPU MB alloc/reserved=190.1/996.0
2026-04-11 16:24:48 | INFO | [Round 0] epoch=31/80 loss=0.4234 acc=85.20 val_acc=nan data_t=0.0131s batch_t=0.0582s epoch_t=00:00.29 lr=0.000676 | GPU MB alloc/reserved=190.1/996.0
2026-04-11 16:24:48 | INFO | [Round 0] Epoch 31/80 time=00:00.29 avg=00:00.43 ETA=00:20.88 | GPU MB alloc/reserved=190.1/996.0
2026-04-11 16:24:48 | INFO | [Round 0] epoch=32/80 loss=0.3624 acc=87.00 val_acc=nan data_t=0.0117s batch_t=0.0808s epoch_t=00:00.37 lr=0.000658 | GPU MB alloc/reserved=190.1/996.0
2026-04-11 16:24:48 | INFO | [Round 0] Epoch 32/80 time=00:00.37 avg=00:00.42 ETA=00:20.37 | GPU MB alloc/reserved=190.1/996.0
2026-04-11 16:24:48 | INFO | [Round 0] epoch=33/80 loss=0.3053 acc=88.40 val_acc=nan data_t=0.0141s batch_t=0.0596s epoch_t=00:00.29 lr=0.000639 | GPU MB alloc/reserved=190.1/996.0
2026-04-11 16:24:48 | INFO | [Round 0] Epoch 33/80 time=00:00.29 avg=00:00.42 ETA=00:19.76 | GPU MB alloc/reserved=190.1/996.0
2026-04-11 16:24:49 | INFO | [Round 0] epoch=34/80 loss=0.2669 acc=92.40 val_acc=nan data_t=0.0103s batch_t=0.0603s epoch_t=00:00.28 lr=0.000621 | GPU MB alloc/reserved=190.1/996.0
2026-04-11 16:24:49 | INFO | [Round 0] Epoch 34/80 time=00:00.28 avg=00:00.42 ETA=00:19.16 | GPU MB alloc/reserved=190.1/996.0
2026-04-11 16:24:49 | INFO | [Round 0] epoch=35/80 loss=0.2300 acc=92.60 val_acc=nan data_t=0.0061s batch_t=0.0603s epoch_t=00:00.27 lr=0.000602 | GPU MB alloc/reserved=190.1/996.0
2026-04-11 16:24:49 | INFO | [Round 0] Epoch 35/80 time=00:00.27 avg=00:00.41 ETA=00:18.55 | GPU MB alloc/reserved=190.1/996.0
2026-04-11 16:24:49 | INFO | [Round 0] epoch=36/80 loss=0.2001 acc=94.20 val_acc=nan data_t=0.0062s batch_t=0.0587s epoch_t=00:00.26 lr=0.000582 | GPU MB alloc/reserved=190.1/996.0
2026-04-11 16:24:49 | INFO | [Round 0] Epoch 36/80 time=00:00.26 avg=00:00.41 ETA=00:17.95 | GPU MB alloc/reserved=190.1/996.0
2026-04-11 16:24:49 | INFO | [Round 0] epoch=37/80 loss=0.1800 acc=94.20 val_acc=nan data_t=0.0095s batch_t=0.0596s epoch_t=00:00.28 lr=0.000563 | GPU MB alloc/reserved=190.1/996.0
2026-04-11 16:24:49 | INFO | [Round 0] Epoch 37/80 time=00:00.28 avg=00:00.40 ETA=00:17.39 | GPU MB alloc/reserved=190.1/996.0
2026-04-11 16:24:50 | INFO | [Round 0] epoch=38/80 loss=0.1707 acc=94.60 val_acc=nan data_t=0.0124s batch_t=0.0737s epoch_t=00:00.34 lr=0.000544 | GPU MB alloc/reserved=190.1/996.0
2026-04-11 16:24:50 | INFO | [Round 0] Epoch 38/80 time=00:00.34 avg=00:00.40 ETA=00:16.92 | GPU MB alloc/reserved=190.1/996.0
2026-04-11 16:24:50 | INFO | [Round 0] epoch=39/80 loss=0.1432 acc=95.80 val_acc=nan data_t=0.0093s batch_t=0.0755s epoch_t=00:00.34 lr=0.000524 | GPU MB alloc/reserved=190.1/996.0
2026-04-11 16:24:50 | INFO | [Round 0] Epoch 39/80 time=00:00.34 avg=00:00.40 ETA=00:16.45 | GPU MB alloc/reserved=190.1/996.0
2026-04-11 16:24:50 | INFO | [Round 0] epoch=40/80 loss=0.1266 acc=97.20 val_acc=nan data_t=0.0062s batch_t=0.0887s epoch_t=00:00.38 lr=0.000505 | GPU MB alloc/reserved=190.1/996.0
2026-04-11 16:24:50 | INFO | [Round 0] Epoch 40/80 time=00:00.38 avg=00:00.40 ETA=00:16.03 | GPU MB alloc/reserved=190.1/996.0
2026-04-11 16:24:51 | INFO | [Round 0] epoch=41/80 loss=0.1167 acc=97.20 val_acc=nan data_t=0.0060s batch_t=0.0722s epoch_t=00:00.31 lr=0.000486 | GPU MB alloc/reserved=190.1/996.0
2026-04-11 16:24:51 | INFO | [Round 0] Epoch 41/80 time=00:00.31 avg=00:00.40 ETA=00:15.54 | GPU MB alloc/reserved=190.1/996.0
2026-04-11 16:24:51 | INFO | [Round 0] epoch=42/80 loss=0.0875 acc=98.20 val_acc=nan data_t=0.0082s batch_t=0.0832s epoch_t=00:00.37 lr=0.000466 | GPU MB alloc/reserved=190.1/996.0
2026-04-11 16:24:51 | INFO | [Round 0] Epoch 42/80 time=00:00.37 avg=00:00.40 ETA=00:15.12 | GPU MB alloc/reserved=190.1/996.0
2026-04-11 16:24:52 | INFO | [Round 0] epoch=43/80 loss=0.0881 acc=98.00 val_acc=nan data_t=0.0062s batch_t=0.0849s epoch_t=00:00.36 lr=0.000447 | GPU MB alloc/reserved=190.1/996.0
2026-04-11 16:24:52 | INFO | [Round 0] Epoch 43/80 time=00:00.36 avg=00:00.40 ETA=00:14.69 | GPU MB alloc/reserved=190.1/996.0
2026-04-11 16:24:52 | INFO | [Round 0] epoch=44/80 loss=0.0683 acc=98.00 val_acc=nan data_t=0.0132s batch_t=0.0886s epoch_t=00:00.41 lr=0.000428 | GPU MB alloc/reserved=190.1/996.0
2026-04-11 16:24:52 | INFO | [Round 0] Epoch 44/80 time=00:00.41 avg=00:00.40 ETA=00:14.30 | GPU MB alloc/reserved=190.1/996.0
2026-04-11 16:24:52 | INFO | [Round 0] epoch=45/80 loss=0.0555 acc=99.40 val_acc=nan data_t=0.0062s batch_t=0.0897s epoch_t=00:00.38 lr=0.000408 | GPU MB alloc/reserved=190.1/996.0
2026-04-11 16:24:52 | INFO | [Round 0] Epoch 45/80 time=00:00.38 avg=00:00.40 ETA=00:13.89 | GPU MB alloc/reserved=190.1/996.0
2026-04-11 16:24:53 | INFO | [Round 0] epoch=46/80 loss=0.0641 acc=98.20 val_acc=nan data_t=0.0061s batch_t=0.0784s epoch_t=00:00.34 lr=0.000389 | GPU MB alloc/reserved=190.1/996.0
2026-04-11 16:24:53 | INFO | [Round 0] Epoch 46/80 time=00:00.34 avg=00:00.40 ETA=00:13.45 | GPU MB alloc/reserved=190.1/996.0
2026-04-11 16:24:53 | INFO | [Round 0] epoch=47/80 loss=0.0439 acc=99.40 val_acc=nan data_t=0.0125s batch_t=0.0834s epoch_t=00:00.38 lr=0.000371 | GPU MB alloc/reserved=190.1/996.0
2026-04-11 16:24:53 | INFO | [Round 0] Epoch 47/80 time=00:00.38 avg=00:00.40 ETA=00:13.05 | GPU MB alloc/reserved=190.1/996.0
2026-04-11 16:24:53 | INFO | [Round 0] epoch=48/80 loss=0.0430 acc=99.60 val_acc=nan data_t=0.0124s batch_t=0.0860s epoch_t=00:00.39 lr=0.000352 | GPU MB alloc/reserved=190.1/996.0
2026-04-11 16:24:53 | INFO | [Round 0] Epoch 48/80 time=00:00.39 avg=00:00.40 ETA=00:12.65 | GPU MB alloc/reserved=190.1/996.0
2026-04-11 16:24:54 | INFO | [Round 0] epoch=49/80 loss=0.0404 acc=99.60 val_acc=nan data_t=0.0132s batch_t=0.0822s epoch_t=00:00.38 lr=0.000334 | GPU MB alloc/reserved=190.1/996.0
2026-04-11 16:24:54 | INFO | [Round 0] Epoch 49/80 time=00:00.38 avg=00:00.40 ETA=00:12.25 | GPU MB alloc/reserved=190.1/996.0
2026-04-11 16:24:54 | INFO | [Round 0] epoch=50/80 loss=0.0440 acc=99.20 val_acc=nan data_t=0.0097s batch_t=0.0879s epoch_t=00:00.39 lr=0.000316 | GPU MB alloc/reserved=190.1/996.0
2026-04-11 16:24:54 | INFO | [Round 0] Epoch 50/80 time=00:00.39 avg=00:00.40 ETA=00:11.85 | GPU MB alloc/reserved=190.1/996.0
2026-04-11 16:24:55 | INFO | [Round 0] epoch=51/80 loss=0.0307 acc=99.80 val_acc=nan data_t=0.0152s batch_t=0.0898s epoch_t=00:00.42 lr=0.000298 | GPU MB alloc/reserved=190.1/996.0
2026-04-11 16:24:55 | INFO | [Round 0] Epoch 51/80 time=00:00.42 avg=00:00.40 ETA=00:11.47 | GPU MB alloc/reserved=190.1/996.0
2026-04-11 16:24:55 | INFO | [Round 0] epoch=52/80 loss=0.0351 acc=99.40 val_acc=nan data_t=0.0060s batch_t=0.0812s epoch_t=00:00.35 lr=0.000280 | GPU MB alloc/reserved=190.1/996.0
2026-04-11 16:24:55 | INFO | [Round 0] Epoch 52/80 time=00:00.35 avg=00:00.39 ETA=00:11.05 | GPU MB alloc/reserved=190.1/996.0
2026-04-11 16:24:55 | INFO | [Round 0] epoch=53/80 loss=0.0279 acc=99.40 val_acc=nan data_t=0.0133s batch_t=0.0837s epoch_t=00:00.39 lr=0.000263 | GPU MB alloc/reserved=190.1/996.0
2026-04-11 16:24:55 | INFO | [Round 0] Epoch 53/80 time=00:00.39 avg=00:00.39 ETA=00:10.65 | GPU MB alloc/reserved=190.1/996.0
2026-04-11 16:24:56 | INFO | [Round 0] epoch=54/80 loss=0.0196 acc=100.00 val_acc=nan data_t=0.0095s batch_t=0.0831s epoch_t=00:00.37 lr=0.000246 | GPU MB alloc/reserved=190.1/996.0
2026-04-11 16:24:56 | INFO | [Round 0] Epoch 54/80 time=00:00.37 avg=00:00.39 ETA=00:10.25 | GPU MB alloc/reserved=190.1/996.0
2026-04-11 16:24:56 | INFO | [Round 0] epoch=55/80 loss=0.0208 acc=99.80 val_acc=nan data_t=0.0091s batch_t=0.0862s epoch_t=00:00.38 lr=0.000230 | GPU MB alloc/reserved=190.1/996.0
2026-04-11 16:24:56 | INFO | [Round 0] Epoch 55/80 time=00:00.38 avg=00:00.39 ETA=00:09.85 | GPU MB alloc/reserved=190.1/996.0
2026-04-11 16:24:57 | INFO | [Round 0] epoch=56/80 loss=0.0183 acc=99.80 val_acc=nan data_t=0.0058s batch_t=0.0902s epoch_t=00:00.38 lr=0.000214 | GPU MB alloc/reserved=190.1/996.0
2026-04-11 16:24:57 | INFO | [Round 0] Epoch 56/80 time=00:00.38 avg=00:00.39 ETA=00:09.45 | GPU MB alloc/reserved=190.1/996.0
2026-04-11 16:24:57 | INFO | [Round 0] epoch=57/80 loss=0.0203 acc=99.80 val_acc=nan data_t=0.0064s batch_t=0.0886s epoch_t=00:00.38 lr=0.000199 | GPU MB alloc/reserved=190.1/996.0
2026-04-11 16:24:57 | INFO | [Round 0] Epoch 57/80 time=00:00.38 avg=00:00.39 ETA=00:09.05 | GPU MB alloc/reserved=190.1/996.0
2026-04-11 16:24:57 | INFO | [Round 0] epoch=58/80 loss=0.0123 acc=100.00 val_acc=nan data_t=0.0097s batch_t=0.0598s epoch_t=00:00.28 lr=0.000184 | GPU MB alloc/reserved=190.1/996.0
2026-04-11 16:24:57 | INFO | [Round 0] Epoch 58/80 time=00:00.28 avg=00:00.39 ETA=00:08.61 | GPU MB alloc/reserved=190.1/996.0
2026-04-11 16:24:58 | INFO | [Round 0] epoch=59/80 loss=0.0122 acc=100.00 val_acc=nan data_t=0.0124s batch_t=0.0715s epoch_t=00:00.34 lr=0.000169 | GPU MB alloc/reserved=190.1/996.0
2026-04-11 16:24:58 | INFO | [Round 0] Epoch 59/80 time=00:00.34 avg=00:00.39 ETA=00:08.20 | GPU MB alloc/reserved=190.1/996.0
2026-04-11 16:24:58 | INFO | [Round 0] epoch=60/80 loss=0.0130 acc=100.00 val_acc=nan data_t=0.0064s batch_t=0.0871s epoch_t=00:00.37 lr=0.000155 | GPU MB alloc/reserved=190.1/996.0
2026-04-11 16:24:58 | INFO | [Round 0] Epoch 60/80 time=00:00.37 avg=00:00.39 ETA=00:07.80 | GPU MB alloc/reserved=190.1/996.0
2026-04-11 16:24:58 | INFO | [Round 0] epoch=61/80 loss=0.0152 acc=99.80 val_acc=nan data_t=0.0095s batch_t=0.0986s epoch_t=00:00.43 lr=0.000142 | GPU MB alloc/reserved=190.1/996.0
2026-04-11 16:24:58 | INFO | [Round 0] Epoch 61/80 time=00:00.43 avg=00:00.39 ETA=00:07.43 | GPU MB alloc/reserved=190.1/996.0
2026-04-11 16:24:59 | INFO | [Round 0] epoch=62/80 loss=0.0083 acc=100.00 val_acc=nan data_t=0.0088s batch_t=0.1015s epoch_t=00:00.44 lr=0.000129 | GPU MB alloc/reserved=190.1/996.0
2026-04-11 16:24:59 | INFO | [Round 0] Epoch 62/80 time=00:00.44 avg=00:00.39 ETA=00:07.05 | GPU MB alloc/reserved=190.1/996.0
2026-04-11 16:24:59 | INFO | [Round 0] epoch=63/80 loss=0.0085 acc=100.00 val_acc=nan data_t=0.0123s batch_t=0.1011s epoch_t=00:00.45 lr=0.000116 | GPU MB alloc/reserved=190.1/996.0
2026-04-11 16:24:59 | INFO | [Round 0] Epoch 63/80 time=00:00.45 avg=00:00.39 ETA=00:06.68 | GPU MB alloc/reserved=190.1/996.0
2026-04-11 16:25:00 | INFO | [Round 0] epoch=64/80 loss=0.0094 acc=100.00 val_acc=nan data_t=0.0100s batch_t=0.0968s epoch_t=00:00.43 lr=0.000105 | GPU MB alloc/reserved=190.1/996.0
2026-04-11 16:25:00 | INFO | [Round 0] Epoch 64/80 time=00:00.43 avg=00:00.39 ETA=00:06.29 | GPU MB alloc/reserved=190.1/996.0
2026-04-11 16:25:00 | INFO | [Round 0] epoch=65/80 loss=0.0104 acc=100.00 val_acc=nan data_t=0.0140s batch_t=0.0801s epoch_t=00:00.38 lr=0.000093 | GPU MB alloc/reserved=190.1/996.0
2026-04-11 16:25:00 | INFO | [Round 0] Epoch 65/80 time=00:00.38 avg=00:00.39 ETA=00:05.89 | GPU MB alloc/reserved=190.1/996.0
2026-04-11 16:25:00 | INFO | [Round 0] epoch=66/80 loss=0.0101 acc=100.00 val_acc=nan data_t=0.0146s batch_t=0.0985s epoch_t=00:00.45 lr=0.000083 | GPU MB alloc/reserved=190.1/996.0
2026-04-11 16:25:00 | INFO | [Round 0] Epoch 66/80 time=00:00.45 avg=00:00.39 ETA=00:05.51 | GPU MB alloc/reserved=190.1/996.0
2026-04-11 16:25:01 | INFO | [Round 0] epoch=67/80 loss=0.0094 acc=100.00 val_acc=nan data_t=0.0130s batch_t=0.1030s epoch_t=00:00.46 lr=0.000073 | GPU MB alloc/reserved=190.1/996.0
2026-04-11 16:25:01 | INFO | [Round 0] Epoch 67/80 time=00:00.46 avg=00:00.39 ETA=00:05.13 | GPU MB alloc/reserved=190.1/996.0
2026-04-11 16:25:01 | INFO | [Round 0] epoch=68/80 loss=0.0077 acc=100.00 val_acc=nan data_t=0.0130s batch_t=0.0950s epoch_t=00:00.43 lr=0.000064 | GPU MB alloc/reserved=190.1/996.0
2026-04-11 16:25:01 | INFO | [Round 0] Epoch 68/80 time=00:00.43 avg=00:00.40 ETA=00:04.75 | GPU MB alloc/reserved=190.1/996.0
2026-04-11 16:25:02 | INFO | [Round 0] epoch=69/80 loss=0.0096 acc=100.00 val_acc=nan data_t=0.0132s batch_t=0.1033s epoch_t=00:00.47 lr=0.000055 | GPU MB alloc/reserved=190.1/996.0
2026-04-11 16:25:02 | INFO | [Round 0] Epoch 69/80 time=00:00.47 avg=00:00.40 ETA=00:04.36 | GPU MB alloc/reserved=190.1/996.0
2026-04-11 16:25:02 | INFO | [Round 0] epoch=70/80 loss=0.0075 acc=100.00 val_acc=nan data_t=0.0095s batch_t=0.1002s epoch_t=00:00.44 lr=0.000048 | GPU MB alloc/reserved=190.1/996.0
2026-04-11 16:25:02 | INFO | [Round 0] Epoch 70/80 time=00:00.44 avg=00:00.40 ETA=00:03.97 | GPU MB alloc/reserved=190.1/996.0
2026-04-11 16:25:03 | INFO | [Round 0] epoch=71/80 loss=0.0097 acc=100.00 val_acc=nan data_t=0.0060s batch_t=0.0968s epoch_t=00:00.41 lr=0.000041 | GPU MB alloc/reserved=190.1/996.0
2026-04-11 16:25:03 | INFO | [Round 0] Epoch 71/80 time=00:00.41 avg=00:00.40 ETA=00:03.58 | GPU MB alloc/reserved=190.1/996.0
2026-04-11 16:25:03 | INFO | [Round 0] epoch=72/80 loss=0.0110 acc=100.00 val_acc=nan data_t=0.0142s batch_t=0.0947s epoch_t=00:00.44 lr=0.000034 | GPU MB alloc/reserved=190.1/996.0
2026-04-11 16:25:03 | INFO | [Round 0] Epoch 72/80 time=00:00.44 avg=00:00.40 ETA=00:03.18 | GPU MB alloc/reserved=190.1/996.0
2026-04-11 16:25:04 | INFO | [Round 0] epoch=73/80 loss=0.0106 acc=100.00 val_acc=nan data_t=0.0129s batch_t=0.0945s epoch_t=00:00.43 lr=0.000029 | GPU MB alloc/reserved=190.1/996.0
2026-04-11 16:25:04 | INFO | [Round 0] Epoch 73/80 time=00:00.43 avg=00:00.40 ETA=00:02.79 | GPU MB alloc/reserved=190.1/996.0
2026-04-11 16:25:04 | INFO | [Round 0] epoch=74/80 loss=0.0086 acc=100.00 val_acc=nan data_t=0.0152s batch_t=0.0958s epoch_t=00:00.44 lr=0.000024 | GPU MB alloc/reserved=190.1/996.0
2026-04-11 16:25:04 | INFO | [Round 0] Epoch 74/80 time=00:00.44 avg=00:00.40 ETA=00:02.39 | GPU MB alloc/reserved=190.1/996.0
2026-04-11 16:25:04 | INFO | [Round 0] epoch=75/80 loss=0.0066 acc=100.00 val_acc=nan data_t=0.0072s batch_t=0.1000s epoch_t=00:00.43 lr=0.000020 | GPU MB alloc/reserved=190.1/996.0
2026-04-11 16:25:04 | INFO | [Round 0] Epoch 75/80 time=00:00.43 avg=00:00.40 ETA=00:02.00 | GPU MB alloc/reserved=190.1/996.0
2026-04-11 16:25:05 | INFO | [Round 0] epoch=76/80 loss=0.0078 acc=100.00 val_acc=nan data_t=0.0101s batch_t=0.0985s epoch_t=00:00.43 lr=0.000016 | GPU MB alloc/reserved=190.1/996.0
2026-04-11 16:25:05 | INFO | [Round 0] Epoch 76/80 time=00:00.43 avg=00:00.40 ETA=00:01.60 | GPU MB alloc/reserved=190.1/996.0
2026-04-11 16:25:05 | INFO | [Round 0] epoch=77/80 loss=0.0073 acc=100.00 val_acc=nan data_t=0.0135s batch_t=0.0972s epoch_t=00:00.44 lr=0.000013 | GPU MB alloc/reserved=190.1/996.0
2026-04-11 16:25:05 | INFO | [Round 0] Epoch 77/80 time=00:00.44 avg=00:00.40 ETA=00:01.20 | GPU MB alloc/reserved=190.1/996.0
2026-04-11 16:25:06 | INFO | [Round 0] epoch=78/80 loss=0.0070 acc=100.00 val_acc=nan data_t=0.0141s batch_t=0.0845s epoch_t=00:00.39 lr=0.000012 | GPU MB alloc/reserved=190.1/996.0
2026-04-11 16:25:06 | INFO | [Round 0] Epoch 78/80 time=00:00.39 avg=00:00.40 ETA=00:00.80 | GPU MB alloc/reserved=190.1/996.0
2026-04-11 16:25:06 | INFO | [Round 0] epoch=79/80 loss=0.0069 acc=100.00 val_acc=nan data_t=0.0164s batch_t=0.0509s epoch_t=00:00.27 lr=0.000010 | GPU MB alloc/reserved=190.1/996.0
2026-04-11 16:25:06 | INFO | [Round 0] Epoch 79/80 time=00:00.27 avg=00:00.40 ETA=00:00.40 | GPU MB alloc/reserved=190.1/996.0
2026-04-11 16:25:06 | INFO | [Round 0] epoch=80/80 loss=0.0068 acc=100.00 val_acc=nan data_t=0.0089s batch_t=0.0553s epoch_t=00:00.26 lr=0.000010 | GPU MB alloc/reserved=190.1/996.0
2026-04-11 16:25:06 | INFO | [Round 0] Epoch 80/80 time=00:00.26 avg=00:00.40 ETA=00:00.00 | GPU MB alloc/reserved=190.1/996.0
2026-04-11 16:25:06 | INFO | [Round 0] training complete in 00:32.02 (best monitor=100.000) | GPU MB alloc/reserved=190.1/996.0
2026-04-11 16:25:06 | INFO | [Round 0] evaluation started | GPU MB alloc/reserved=103.4/996.0
2026-04-11 16:25:14 | INFO | [Round 0] clean=41.81 fgsm=32.25 pgd=31.96 grad_disp_mean=nan grad_disp_sel=nan round_t=40.25s | GPU MB alloc/reserved=103.4/1882.0
2026-04-11 16:25:14 | INFO | [Round 1/21] elapsed=00:40.25 avg_round=00:40.25 projected_remaining=13:24.95 | GPU MB alloc/reserved=103.4/1882.0
2026-04-11 16:25:15 | INFO | [Round 1] acquisition on pool_size=49500 scored_pool=5000 budget=100 | GPU MB alloc/reserved=103.4/1882.0
2026-04-11 16:25:15 | INFO | [CoreSet-unlabeled-feat] scoring progress 10/20 elapsed=00:00.22 avg/batch=0.022s ETA=00:00.22 | GPU MB alloc/reserved=112.2/1882.0
2026-04-11 16:25:15 | INFO | [CoreSet-unlabeled-feat] scoring progress 20/20 elapsed=00:00.38 avg/batch=0.019s ETA=00:00.00 | GPU MB alloc/reserved=115.2/1882.0
2026-04-11 16:25:16 | INFO | [CoreSet-labeled-feat] scoring progress 2/2 elapsed=00:00.20 avg/batch=0.100s ETA=00:00.00 | GPU MB alloc/reserved=117.9/1882.0
2026-04-11 16:25:16 | INFO | [CoreSet] greedy 10/100 cover_radius=19.257580 | GPU: n/a
2026-04-11 16:25:16 | INFO | [CoreSet] greedy 20/100 cover_radius=18.657202 | GPU: n/a
2026-04-11 16:25:16 | INFO | [CoreSet] greedy 30/100 cover_radius=18.283630 | GPU: n/a
2026-04-11 16:25:16 | INFO | [CoreSet] greedy 40/100 cover_radius=17.953342 | GPU: n/a
2026-04-11 16:25:16 | INFO | [CoreSet] greedy 50/100 cover_radius=17.838560 | GPU: n/a
2026-04-11 16:25:16 | INFO | [CoreSet] greedy 60/100 cover_radius=17.652412 | GPU: n/a
2026-04-11 16:25:16 | INFO | [CoreSet] greedy 70/100 cover_radius=17.499634 | GPU: n/a
2026-04-11 16:25:16 | INFO | [CoreSet] greedy 80/100 cover_radius=17.352013 | GPU: n/a
2026-04-11 16:25:16 | INFO | [CoreSet] greedy 90/100 cover_radius=17.238600 | GPU: n/a
2026-04-11 16:25:16 | INFO | [CoreSet] greedy 100/100 cover_radius=17.088696 | GPU: n/a
2026-04-11 16:25:17 | INFO | [Round 1] labeled=600 train=600 val_fixed=0 | GPU MB alloc/reserved=147.0/1882.0
2026-04-11 16:25:17 | INFO | [Round 1] epoch=1/80 loss=2.4484 acc=14.17 val_acc=nan data_t=0.0362s batch_t=0.0933s epoch_t=00:00.65 lr=0.001000 | GPU MB alloc/reserved=277.6/1884.0
2026-04-11 16:25:17 | INFO | [Round 1] Epoch 1/80 time=00:00.65 avg=00:00.65 ETA=00:51.18 | GPU MB alloc/reserved=277.6/1884.0
2026-04-11 16:25:18 | INFO | [Round 1] epoch=2/80 loss=2.0760 acc=27.33 val_acc=nan data_t=0.0082s batch_t=0.0847s epoch_t=00:00.46 lr=0.000998 | GPU MB alloc/reserved=277.6/1884.0
2026-04-11 16:25:18 | INFO | [Round 1] Epoch 2/80 time=00:00.46 avg=00:00.56 ETA=00:43.39 | GPU MB alloc/reserved=277.6/1884.0
2026-04-11 16:25:18 | INFO | [Round 1] epoch=3/80 loss=1.8931 acc=33.67 val_acc=nan data_t=0.0069s batch_t=0.0834s epoch_t=00:00.45 lr=0.000997 | GPU MB alloc/reserved=277.6/1884.0
2026-04-11 16:25:18 | INFO | [Round 1] Epoch 3/80 time=00:00.45 avg=00:00.52 ETA=00:40.16 | GPU MB alloc/reserved=277.6/1884.0
2026-04-11 16:25:19 | INFO | [Round 1] epoch=4/80 loss=1.7882 acc=33.33 val_acc=nan data_t=0.0069s batch_t=0.0783s epoch_t=00:00.43 lr=0.000994 | GPU MB alloc/reserved=277.6/1884.0
2026-04-11 16:25:19 | INFO | [Round 1] Epoch 4/80 time=00:00.43 avg=00:00.50 ETA=00:37.82 | GPU MB alloc/reserved=277.6/1884.0
2026-04-11 16:25:19 | INFO | [Round 1] epoch=5/80 loss=1.7106 acc=37.17 val_acc=nan data_t=0.0085s batch_t=0.0831s epoch_t=00:00.46 lr=0.000990 | GPU MB alloc/reserved=277.6/1884.0
2026-04-11 16:25:19 | INFO | [Round 1] Epoch 5/80 time=00:00.46 avg=00:00.49 ETA=00:36.73 | GPU MB alloc/reserved=277.6/1884.0
2026-04-11 16:25:20 | INFO | [Round 1] epoch=6/80 loss=1.6091 acc=39.83 val_acc=nan data_t=0.0064s batch_t=0.0847s epoch_t=00:00.46 lr=0.000986 | GPU MB alloc/reserved=277.6/1884.0
2026-04-11 16:25:20 | INFO | [Round 1] Epoch 6/80 time=00:00.46 avg=00:00.48 ETA=00:35.81 | GPU MB alloc/reserved=277.6/1884.0
2026-04-11 16:25:20 | INFO | [Round 1] epoch=7/80 loss=1.5631 acc=44.50 val_acc=nan data_t=0.0050s batch_t=0.0791s epoch_t=00:00.42 lr=0.000981 | GPU MB alloc/reserved=277.6/1884.0
2026-04-11 16:25:20 | INFO | [Round 1] Epoch 7/80 time=00:00.42 avg=00:00.47 ETA=00:34.67 | GPU MB alloc/reserved=277.6/1884.0
2026-04-11 16:25:20 | INFO | [Round 1] epoch=8/80 loss=1.5460 acc=44.17 val_acc=nan data_t=0.0120s batch_t=0.0809s epoch_t=00:00.46 lr=0.000976 | GPU MB alloc/reserved=277.6/1884.0
2026-04-11 16:25:20 | INFO | [Round 1] Epoch 8/80 time=00:00.46 avg=00:00.47 ETA=00:34.11 | GPU MB alloc/reserved=277.6/1884.0
2026-04-11 16:25:21 | INFO | [Round 1] epoch=9/80 loss=1.4885 acc=45.00 val_acc=nan data_t=0.0101s batch_t=0.0846s epoch_t=00:00.47 lr=0.000969 | GPU MB alloc/reserved=277.6/1884.0
2026-04-11 16:25:21 | INFO | [Round 1] Epoch 9/80 time=00:00.47 avg=00:00.47 ETA=00:33.63 | GPU MB alloc/reserved=277.6/1884.0
2026-04-11 16:25:21 | INFO | [Round 1] epoch=10/80 loss=1.4382 acc=47.33 val_acc=nan data_t=0.0060s batch_t=0.0829s epoch_t=00:00.44 lr=0.000962 | GPU MB alloc/reserved=277.6/1884.0
2026-04-11 16:25:21 | INFO | [Round 1] Epoch 10/80 time=00:00.44 avg=00:00.47 ETA=00:32.96 | GPU MB alloc/reserved=277.6/1884.0
2026-04-11 16:25:22 | INFO | [Round 1] epoch=11/80 loss=1.3894 acc=50.17 val_acc=nan data_t=0.0086s batch_t=0.0809s epoch_t=00:00.45 lr=0.000955 | GPU MB alloc/reserved=277.6/1884.0
2026-04-11 16:25:22 | INFO | [Round 1] Epoch 11/80 time=00:00.45 avg=00:00.47 ETA=00:32.34 | GPU MB alloc/reserved=277.6/1884.0
2026-04-11 16:25:22 | INFO | [Round 1] epoch=12/80 loss=1.3625 acc=49.50 val_acc=nan data_t=0.0100s batch_t=0.0829s epoch_t=00:00.46 lr=0.000946 | GPU MB alloc/reserved=277.6/1884.0
2026-04-11 16:25:22 | INFO | [Round 1] Epoch 12/80 time=00:00.46 avg=00:00.47 ETA=00:31.85 | GPU MB alloc/reserved=277.6/1884.0
2026-04-11 16:25:23 | INFO | [Round 1] epoch=13/80 loss=1.3037 acc=48.50 val_acc=nan data_t=0.0093s batch_t=0.0811s epoch_t=00:00.45 lr=0.000937 | GPU MB alloc/reserved=277.6/1884.0
2026-04-11 16:25:23 | INFO | [Round 1] Epoch 13/80 time=00:00.45 avg=00:00.47 ETA=00:31.30 | GPU MB alloc/reserved=277.6/1884.0
2026-04-11 16:25:23 | INFO | [Round 1] epoch=14/80 loss=1.2611 acc=53.50 val_acc=nan data_t=0.0080s batch_t=0.0828s epoch_t=00:00.45 lr=0.000927 | GPU MB alloc/reserved=277.6/1884.0
2026-04-11 16:25:23 | INFO | [Round 1] Epoch 14/80 time=00:00.45 avg=00:00.47 ETA=00:30.77 | GPU MB alloc/reserved=277.6/1884.0
2026-04-11 16:25:24 | INFO | [Round 1] epoch=15/80 loss=1.1655 acc=56.33 val_acc=nan data_t=0.0111s batch_t=0.0813s epoch_t=00:00.46 lr=0.000917 | GPU MB alloc/reserved=277.6/1884.0
2026-04-11 16:25:24 | INFO | [Round 1] Epoch 15/80 time=00:00.46 avg=00:00.47 ETA=00:30.29 | GPU MB alloc/reserved=277.6/1884.0
2026-04-11 16:25:24 | INFO | [Round 1] epoch=16/80 loss=1.0996 acc=58.00 val_acc=nan data_t=0.0104s batch_t=0.0791s epoch_t=00:00.45 lr=0.000905 | GPU MB alloc/reserved=277.6/1884.0
2026-04-11 16:25:24 | INFO | [Round 1] Epoch 16/80 time=00:00.45 avg=00:00.46 ETA=00:29.75 | GPU MB alloc/reserved=277.6/1884.0
2026-04-11 16:25:25 | INFO | [Round 1] epoch=17/80 loss=1.0029 acc=61.50 val_acc=nan data_t=0.0082s batch_t=0.0803s epoch_t=00:00.44 lr=0.000894 | GPU MB alloc/reserved=277.6/1884.0
2026-04-11 16:25:25 | INFO | [Round 1] Epoch 17/80 time=00:00.44 avg=00:00.46 ETA=00:29.20 | GPU MB alloc/reserved=277.6/1884.0
2026-04-11 16:25:25 | INFO | [Round 1] epoch=18/80 loss=1.0825 acc=58.50 val_acc=nan data_t=0.0082s batch_t=0.0823s epoch_t=00:00.45 lr=0.000881 | GPU MB alloc/reserved=277.6/1884.0
2026-04-11 16:25:25 | INFO | [Round 1] Epoch 18/80 time=00:00.45 avg=00:00.46 ETA=00:28.70 | GPU MB alloc/reserved=277.6/1884.0
2026-04-11 16:25:25 | INFO | [Round 1] epoch=19/80 loss=1.0451 acc=60.50 val_acc=nan data_t=0.0075s batch_t=0.0842s epoch_t=00:00.46 lr=0.000868 | GPU MB alloc/reserved=277.6/1884.0
2026-04-11 16:25:25 | INFO | [Round 1] Epoch 19/80 time=00:00.46 avg=00:00.46 ETA=00:28.23 | GPU MB alloc/reserved=277.6/1884.0
2026-04-11 16:25:26 | INFO | [Round 1] epoch=20/80 loss=0.9840 acc=63.33 val_acc=nan data_t=0.0085s batch_t=0.0639s epoch_t=00:00.36 lr=0.000855 | GPU MB alloc/reserved=277.6/1884.0
2026-04-11 16:25:26 | INFO | [Round 1] Epoch 20/80 time=00:00.36 avg=00:00.46 ETA=00:27.46 | GPU MB alloc/reserved=277.6/1884.0
2026-04-11 16:25:26 | INFO | [Round 1] epoch=21/80 loss=0.9552 acc=65.67 val_acc=nan data_t=0.0080s batch_t=0.0775s epoch_t=00:00.43 lr=0.000841 | GPU MB alloc/reserved=277.6/1884.0
2026-04-11 16:25:26 | INFO | [Round 1] Epoch 21/80 time=00:00.43 avg=00:00.46 ETA=00:26.92 | GPU MB alloc/reserved=277.6/1884.0
2026-04-11 16:25:27 | INFO | [Round 1] epoch=22/80 loss=0.8612 acc=68.00 val_acc=nan data_t=0.0086s batch_t=0.0896s epoch_t=00:00.49 lr=0.000826 | GPU MB alloc/reserved=277.6/1884.0
2026-04-11 16:25:27 | INFO | [Round 1] Epoch 22/80 time=00:00.49 avg=00:00.46 ETA=00:26.56 | GPU MB alloc/reserved=277.6/1884.0
2026-04-11 16:25:27 | INFO | [Round 1] epoch=23/80 loss=0.7403 acc=72.17 val_acc=nan data_t=0.0055s batch_t=0.0948s epoch_t=00:00.50 lr=0.000811 | GPU MB alloc/reserved=277.6/1884.0
2026-04-11 16:25:27 | INFO | [Round 1] Epoch 23/80 time=00:00.50 avg=00:00.46 ETA=00:26.21 | GPU MB alloc/reserved=277.6/1884.0
2026-04-11 16:25:28 | INFO | [Round 1] epoch=24/80 loss=0.6865 acc=73.83 val_acc=nan data_t=0.0054s batch_t=0.0965s epoch_t=00:00.51 lr=0.000796 | GPU MB alloc/reserved=277.6/1884.0
2026-04-11 16:25:28 | INFO | [Round 1] Epoch 24/80 time=00:00.51 avg=00:00.46 ETA=00:25.87 | GPU MB alloc/reserved=277.6/1884.0
2026-04-11 16:25:28 | INFO | [Round 1] epoch=25/80 loss=0.6655 acc=76.67 val_acc=nan data_t=0.0101s batch_t=0.0947s epoch_t=00:00.52 lr=0.000780 | GPU MB alloc/reserved=277.6/1884.0
2026-04-11 16:25:28 | INFO | [Round 1] Epoch 25/80 time=00:00.52 avg=00:00.46 ETA=00:25.54 | GPU MB alloc/reserved=277.6/1884.0
2026-04-11 16:25:29 | INFO | [Round 1] epoch=26/80 loss=0.6328 acc=76.50 val_acc=nan data_t=0.0050s batch_t=0.0882s epoch_t=00:00.47 lr=0.000764 | GPU MB alloc/reserved=277.6/1884.0
2026-04-11 16:25:29 | INFO | [Round 1] Epoch 26/80 time=00:00.47 avg=00:00.46 ETA=00:25.08 | GPU MB alloc/reserved=277.6/1884.0
2026-04-11 16:25:29 | INFO | [Round 1] epoch=27/80 loss=0.5998 acc=78.00 val_acc=nan data_t=0.0049s batch_t=0.0941s epoch_t=00:00.50 lr=0.000747 | GPU MB alloc/reserved=277.6/1884.0
2026-04-11 16:25:29 | INFO | [Round 1] Epoch 27/80 time=00:00.50 avg=00:00.47 ETA=00:24.68 | GPU MB alloc/reserved=277.6/1884.0
2026-04-11 16:25:30 | INFO | [Round 1] epoch=28/80 loss=0.5703 acc=80.83 val_acc=nan data_t=0.0052s batch_t=0.0966s epoch_t=00:00.51 lr=0.000730 | GPU MB alloc/reserved=277.6/1884.0
2026-04-11 16:25:30 | INFO | [Round 1] Epoch 28/80 time=00:00.51 avg=00:00.47 ETA=00:24.29 | GPU MB alloc/reserved=277.6/1884.0
2026-04-11 16:25:30 | INFO | [Round 1] epoch=29/80 loss=0.5119 acc=83.00 val_acc=nan data_t=0.0117s batch_t=0.0974s epoch_t=00:00.55 lr=0.000712 | GPU MB alloc/reserved=277.6/1884.0
2026-04-11 16:25:30 | INFO | [Round 1] Epoch 29/80 time=00:00.55 avg=00:00.47 ETA=00:23.97 | GPU MB alloc/reserved=277.6/1884.0
2026-04-11 16:25:31 | INFO | [Round 1] epoch=30/80 loss=0.5101 acc=83.00 val_acc=nan data_t=0.0084s batch_t=0.0973s epoch_t=00:00.53 lr=0.000694 | GPU MB alloc/reserved=277.6/1884.0
2026-04-11 16:25:31 | INFO | [Round 1] Epoch 30/80 time=00:00.53 avg=00:00.47 ETA=00:23.59 | GPU MB alloc/reserved=277.6/1884.0
2026-04-11 16:25:31 | INFO | [Round 1] epoch=31/80 loss=0.4804 acc=82.17 val_acc=nan data_t=0.0098s batch_t=0.0950s epoch_t=00:00.52 lr=0.000676 | GPU MB alloc/reserved=277.6/1884.0
2026-04-11 16:25:31 | INFO | [Round 1] Epoch 31/80 time=00:00.52 avg=00:00.47 ETA=00:23.20 | GPU MB alloc/reserved=277.6/1884.0
2026-04-11 16:25:32 | INFO | [Round 1] epoch=32/80 loss=0.4175 acc=85.33 val_acc=nan data_t=0.0050s batch_t=0.0974s epoch_t=00:00.51 lr=0.000658 | GPU MB alloc/reserved=277.6/1884.0
2026-04-11 16:25:32 | INFO | [Round 1] Epoch 32/80 time=00:00.51 avg=00:00.47 ETA=00:22.79 | GPU MB alloc/reserved=277.6/1884.0
2026-04-11 16:25:32 | INFO | [Round 1] epoch=33/80 loss=0.3271 acc=89.50 val_acc=nan data_t=0.0106s batch_t=0.0957s epoch_t=00:00.53 lr=0.000639 | GPU MB alloc/reserved=277.6/1884.0
2026-04-11 16:25:32 | INFO | [Round 1] Epoch 33/80 time=00:00.53 avg=00:00.48 ETA=00:22.40 | GPU MB alloc/reserved=277.6/1884.0
2026-04-11 16:25:33 | INFO | [Round 1] epoch=34/80 loss=0.3222 acc=90.67 val_acc=nan data_t=0.0052s batch_t=0.0965s epoch_t=00:00.51 lr=0.000621 | GPU MB alloc/reserved=277.6/1884.0
2026-04-11 16:25:33 | INFO | [Round 1] Epoch 34/80 time=00:00.51 avg=00:00.48 ETA=00:21.96 | GPU MB alloc/reserved=277.6/1884.0
2026-04-11 16:25:33 | INFO | [Round 1] epoch=35/80 loss=0.3187 acc=89.50 val_acc=nan data_t=0.0047s batch_t=0.0969s epoch_t=00:00.51 lr=0.000602 | GPU MB alloc/reserved=277.6/1884.0
2026-04-11 16:25:33 | INFO | [Round 1] Epoch 35/80 time=00:00.51 avg=00:00.48 ETA=00:21.52 | GPU MB alloc/reserved=277.6/1884.0
2026-04-11 16:25:34 | INFO | [Round 1] epoch=36/80 loss=0.2803 acc=90.17 val_acc=nan data_t=0.0050s batch_t=0.0929s epoch_t=00:00.49 lr=0.000582 | GPU MB alloc/reserved=277.6/1884.0
2026-04-11 16:25:34 | INFO | [Round 1] Epoch 36/80 time=00:00.49 avg=00:00.48 ETA=00:21.06 | GPU MB alloc/reserved=277.6/1884.0
2026-04-11 16:25:34 | INFO | [Round 1] epoch=37/80 loss=0.2549 acc=91.50 val_acc=nan data_t=0.0075s batch_t=0.0852s epoch_t=00:00.46 lr=0.000563 | GPU MB alloc/reserved=277.6/1884.0
2026-04-11 16:25:34 | INFO | [Round 1] Epoch 37/80 time=00:00.46 avg=00:00.48 ETA=00:20.56 | GPU MB alloc/reserved=277.6/1884.0
2026-04-11 16:25:35 | INFO | [Round 1] epoch=38/80 loss=0.1932 acc=94.17 val_acc=nan data_t=0.0096s batch_t=0.0520s epoch_t=00:00.31 lr=0.000544 | GPU MB alloc/reserved=277.6/1884.0
2026-04-11 16:25:35 | INFO | [Round 1] Epoch 38/80 time=00:00.31 avg=00:00.47 ETA=00:19.90 | GPU MB alloc/reserved=277.6/1884.0
2026-04-11 16:25:35 | INFO | [Round 1] epoch=39/80 loss=0.1564 acc=95.50 val_acc=nan data_t=0.0102s batch_t=0.0521s epoch_t=00:00.31 lr=0.000524 | GPU MB alloc/reserved=277.6/1884.0
2026-04-11 16:25:35 | INFO | [Round 1] Epoch 39/80 time=00:00.31 avg=00:00.47 ETA=00:19.25 | GPU MB alloc/reserved=277.6/1884.0
2026-04-11 16:25:35 | INFO | [Round 1] epoch=40/80 loss=0.1485 acc=95.00 val_acc=nan data_t=0.0083s batch_t=0.0554s epoch_t=00:00.32 lr=0.000505 | GPU MB alloc/reserved=277.6/1884.0
2026-04-11 16:25:35 | INFO | [Round 1] Epoch 40/80 time=00:00.32 avg=00:00.47 ETA=00:18.63 | GPU MB alloc/reserved=277.6/1884.0
2026-04-11 16:25:36 | INFO | [Round 1] epoch=41/80 loss=0.1388 acc=95.50 val_acc=nan data_t=0.0050s batch_t=0.0920s epoch_t=00:00.49 lr=0.000486 | GPU MB alloc/reserved=277.6/1884.0
2026-04-11 16:25:36 | INFO | [Round 1] Epoch 41/80 time=00:00.49 avg=00:00.47 ETA=00:18.19 | GPU MB alloc/reserved=277.6/1884.0
2026-04-11 16:25:36 | INFO | [Round 1] epoch=42/80 loss=0.1051 acc=97.83 val_acc=nan data_t=0.0132s batch_t=0.0534s epoch_t=00:00.33 lr=0.000466 | GPU MB alloc/reserved=277.6/1884.0
2026-04-11 16:25:36 | INFO | [Round 1] Epoch 42/80 time=00:00.33 avg=00:00.46 ETA=00:17.60 | GPU MB alloc/reserved=277.6/1884.0
2026-04-11 16:25:37 | INFO | [Round 1] epoch=43/80 loss=0.1079 acc=97.33 val_acc=nan data_t=0.0071s batch_t=0.0570s epoch_t=00:00.32 lr=0.000447 | GPU MB alloc/reserved=277.6/1884.0
2026-04-11 16:25:37 | INFO | [Round 1] Epoch 43/80 time=00:00.32 avg=00:00.46 ETA=00:17.01 | GPU MB alloc/reserved=277.6/1884.0
2026-04-11 16:25:37 | INFO | [Round 1] epoch=44/80 loss=0.1067 acc=97.33 val_acc=nan data_t=0.0094s batch_t=0.0537s epoch_t=00:00.32 lr=0.000428 | GPU MB alloc/reserved=277.6/1884.0
2026-04-11 16:25:37 | INFO | [Round 1] Epoch 44/80 time=00:00.32 avg=00:00.46 ETA=00:16.44 | GPU MB alloc/reserved=277.6/1884.0
2026-04-11 16:25:37 | INFO | [Round 1] epoch=45/80 loss=0.0869 acc=97.83 val_acc=nan data_t=0.0081s batch_t=0.0608s epoch_t=00:00.34 lr=0.000408 | GPU MB alloc/reserved=277.6/1884.0
2026-04-11 16:25:37 | INFO | [Round 1] Epoch 45/80 time=00:00.34 avg=00:00.45 ETA=00:15.89 | GPU MB alloc/reserved=277.6/1884.0
2026-04-11 16:25:38 | INFO | [Round 1] epoch=46/80 loss=0.0822 acc=97.83 val_acc=nan data_t=0.0110s batch_t=0.0812s epoch_t=00:00.46 lr=0.000389 | GPU MB alloc/reserved=277.6/1884.0
2026-04-11 16:25:38 | INFO | [Round 1] Epoch 46/80 time=00:00.46 avg=00:00.45 ETA=00:15.44 | GPU MB alloc/reserved=277.6/1884.0
2026-04-11 16:25:38 | INFO | [Round 1] epoch=47/80 loss=0.0665 acc=98.50 val_acc=nan data_t=0.0095s batch_t=0.0933s epoch_t=00:00.51 lr=0.000371 | GPU MB alloc/reserved=277.6/1884.0
2026-04-11 16:25:38 | INFO | [Round 1] Epoch 47/80 time=00:00.51 avg=00:00.46 ETA=00:15.03 | GPU MB alloc/reserved=277.6/1884.0
2026-04-11 16:25:39 | INFO | [Round 1] epoch=48/80 loss=0.0881 acc=97.50 val_acc=nan data_t=0.0067s batch_t=0.0804s epoch_t=00:00.44 lr=0.000352 | GPU MB alloc/reserved=277.6/1884.0
2026-04-11 16:25:39 | INFO | [Round 1] Epoch 48/80 time=00:00.44 avg=00:00.46 ETA=00:14.56 | GPU MB alloc/reserved=277.6/1884.0
2026-04-11 16:25:39 | INFO | [Round 1] epoch=49/80 loss=0.0624 acc=98.33 val_acc=nan data_t=0.0086s batch_t=0.0826s epoch_t=00:00.46 lr=0.000334 | GPU MB alloc/reserved=277.6/1884.0
2026-04-11 16:25:39 | INFO | [Round 1] Epoch 49/80 time=00:00.46 avg=00:00.46 ETA=00:14.11 | GPU MB alloc/reserved=277.6/1884.0
2026-04-11 16:25:40 | INFO | [Round 1] epoch=50/80 loss=0.0660 acc=98.67 val_acc=nan data_t=0.0065s batch_t=0.0867s epoch_t=00:00.47 lr=0.000316 | GPU MB alloc/reserved=277.6/1884.0
2026-04-11 16:25:40 | INFO | [Round 1] Epoch 50/80 time=00:00.47 avg=00:00.46 ETA=00:13.66 | GPU MB alloc/reserved=277.6/1884.0
2026-04-11 16:25:40 | INFO | [Round 1] epoch=51/80 loss=0.0533 acc=99.00 val_acc=nan data_t=0.0051s batch_t=0.0833s epoch_t=00:00.44 lr=0.000298 | GPU MB alloc/reserved=277.6/1884.0
2026-04-11 16:25:40 | INFO | [Round 1] Epoch 51/80 time=00:00.44 avg=00:00.46 ETA=00:13.20 | GPU MB alloc/reserved=277.6/1884.0
2026-04-11 16:25:40 | INFO | [Round 1] epoch=52/80 loss=0.0486 acc=99.00 val_acc=nan data_t=0.0059s batch_t=0.0827s epoch_t=00:00.44 lr=0.000280 | GPU MB alloc/reserved=277.6/1884.0
2026-04-11 16:25:40 | INFO | [Round 1] Epoch 52/80 time=00:00.44 avg=00:00.45 ETA=00:12.74 | GPU MB alloc/reserved=277.6/1884.0
2026-04-11 16:25:41 | INFO | [Round 1] epoch=53/80 loss=0.0365 acc=99.33 val_acc=nan data_t=0.0049s batch_t=0.0895s epoch_t=00:00.47 lr=0.000263 | GPU MB alloc/reserved=277.6/1884.0
2026-04-11 16:25:41 | INFO | [Round 1] Epoch 53/80 time=00:00.47 avg=00:00.46 ETA=00:12.29 | GPU MB alloc/reserved=277.6/1884.0
2026-04-11 16:25:41 | INFO | [Round 1] epoch=54/80 loss=0.0303 acc=99.33 val_acc=nan data_t=0.0097s batch_t=0.0839s epoch_t=00:00.47 lr=0.000246 | GPU MB alloc/reserved=277.6/1884.0
2026-04-11 16:25:41 | INFO | [Round 1] Epoch 54/80 time=00:00.47 avg=00:00.46 ETA=00:11.84 | GPU MB alloc/reserved=277.6/1884.0
2026-04-11 16:25:42 | INFO | [Round 1] epoch=55/80 loss=0.0302 acc=99.50 val_acc=nan data_t=0.0079s batch_t=0.0840s epoch_t=00:00.46 lr=0.000230 | GPU MB alloc/reserved=277.6/1884.0
2026-04-11 16:25:42 | INFO | [Round 1] Epoch 55/80 time=00:00.46 avg=00:00.46 ETA=00:11.39 | GPU MB alloc/reserved=277.6/1884.0
2026-04-11 16:25:42 | INFO | [Round 1] epoch=56/80 loss=0.0213 acc=99.83 val_acc=nan data_t=0.0052s batch_t=0.0823s epoch_t=00:00.44 lr=0.000214 | GPU MB alloc/reserved=277.6/1884.0
2026-04-11 16:25:42 | INFO | [Round 1] Epoch 56/80 time=00:00.44 avg=00:00.46 ETA=00:10.92 | GPU MB alloc/reserved=277.6/1884.0
2026-04-11 16:25:43 | INFO | [Round 1] epoch=57/80 loss=0.0241 acc=99.67 val_acc=nan data_t=0.0051s batch_t=0.0844s epoch_t=00:00.45 lr=0.000199 | GPU MB alloc/reserved=277.6/1884.0
2026-04-11 16:25:43 | INFO | [Round 1] Epoch 57/80 time=00:00.45 avg=00:00.46 ETA=00:10.47 | GPU MB alloc/reserved=277.6/1884.0
2026-04-11 16:25:43 | INFO | [Round 1] epoch=58/80 loss=0.0188 acc=99.67 val_acc=nan data_t=0.0051s batch_t=0.0821s epoch_t=00:00.44 lr=0.000184 | GPU MB alloc/reserved=277.6/1884.0
2026-04-11 16:25:43 | INFO | [Round 1] Epoch 58/80 time=00:00.44 avg=00:00.45 ETA=00:10.00 | GPU MB alloc/reserved=277.6/1884.0
2026-04-11 16:25:44 | INFO | [Round 1] epoch=59/80 loss=0.0260 acc=99.50 val_acc=nan data_t=0.0107s batch_t=0.0848s epoch_t=00:00.48 lr=0.000169 | GPU MB alloc/reserved=277.6/1884.0
2026-04-11 16:25:44 | INFO | [Round 1] Epoch 59/80 time=00:00.48 avg=00:00.46 ETA=00:09.56 | GPU MB alloc/reserved=277.6/1884.0
2026-04-11 16:25:44 | INFO | [Round 1] epoch=60/80 loss=0.0215 acc=99.50 val_acc=nan data_t=0.0098s batch_t=0.0895s epoch_t=00:00.50 lr=0.000155 | GPU MB alloc/reserved=277.6/1884.0
2026-04-11 16:25:44 | INFO | [Round 1] Epoch 60/80 time=00:00.50 avg=00:00.46 ETA=00:09.12 | GPU MB alloc/reserved=277.6/1884.0
2026-04-11 16:25:45 | INFO | [Round 1] epoch=61/80 loss=0.0140 acc=100.00 val_acc=nan data_t=0.0117s batch_t=0.0828s epoch_t=00:00.47 lr=0.000142 | GPU MB alloc/reserved=277.6/1884.0
2026-04-11 16:25:45 | INFO | [Round 1] Epoch 61/80 time=00:00.47 avg=00:00.46 ETA=00:08.67 | GPU MB alloc/reserved=277.6/1884.0
2026-04-11 16:25:45 | INFO | [Round 1] epoch=62/80 loss=0.0251 acc=99.33 val_acc=nan data_t=0.0075s batch_t=0.0845s epoch_t=00:00.46 lr=0.000129 | GPU MB alloc/reserved=277.6/1884.0
2026-04-11 16:25:45 | INFO | [Round 1] Epoch 62/80 time=00:00.46 avg=00:00.46 ETA=00:08.21 | GPU MB alloc/reserved=277.6/1884.0
2026-04-11 16:25:46 | INFO | [Round 1] epoch=63/80 loss=0.0165 acc=99.67 val_acc=nan data_t=0.0106s batch_t=0.0819s epoch_t=00:00.46 lr=0.000116 | GPU MB alloc/reserved=277.6/1884.0
2026-04-11 16:25:46 | INFO | [Round 1] Epoch 63/80 time=00:00.46 avg=00:00.46 ETA=00:07.76 | GPU MB alloc/reserved=277.6/1884.0
2026-04-11 16:25:46 | INFO | [Round 1] epoch=64/80 loss=0.0134 acc=100.00 val_acc=nan data_t=0.0125s batch_t=0.0580s epoch_t=00:00.35 lr=0.000105 | GPU MB alloc/reserved=277.6/1884.0
2026-04-11 16:25:46 | INFO | [Round 1] Epoch 64/80 time=00:00.35 avg=00:00.45 ETA=00:07.27 | GPU MB alloc/reserved=277.6/1884.0
2026-04-11 16:25:46 | INFO | [Round 1] epoch=65/80 loss=0.0124 acc=100.00 val_acc=nan data_t=0.0081s batch_t=0.0836s epoch_t=00:00.46 lr=0.000093 | GPU MB alloc/reserved=277.6/1884.0
2026-04-11 16:25:46 | INFO | [Round 1] Epoch 65/80 time=00:00.46 avg=00:00.45 ETA=00:06.82 | GPU MB alloc/reserved=277.6/1884.0
2026-04-11 16:25:47 | INFO | [Round 1] epoch=66/80 loss=0.0145 acc=99.67 val_acc=nan data_t=0.0055s batch_t=0.0953s epoch_t=00:00.50 lr=0.000083 | GPU MB alloc/reserved=277.6/1884.0
2026-04-11 16:25:47 | INFO | [Round 1] Epoch 66/80 time=00:00.50 avg=00:00.46 ETA=00:06.38 | GPU MB alloc/reserved=277.6/1884.0
2026-04-11 16:25:47 | INFO | [Round 1] epoch=67/80 loss=0.0087 acc=100.00 val_acc=nan data_t=0.0072s batch_t=0.0970s epoch_t=00:00.52 lr=0.000073 | GPU MB alloc/reserved=277.6/1884.0
2026-04-11 16:25:47 | INFO | [Round 1] Epoch 67/80 time=00:00.52 avg=00:00.46 ETA=00:05.93 | GPU MB alloc/reserved=277.6/1884.0
2026-04-11 16:25:48 | INFO | [Round 1] epoch=68/80 loss=0.0151 acc=99.83 val_acc=nan data_t=0.0049s batch_t=0.0967s epoch_t=00:00.51 lr=0.000064 | GPU MB alloc/reserved=277.6/1884.0
2026-04-11 16:25:48 | INFO | [Round 1] Epoch 68/80 time=00:00.51 avg=00:00.46 ETA=00:05.49 | GPU MB alloc/reserved=277.6/1884.0
2026-04-11 16:25:48 | INFO | [Round 1] epoch=69/80 loss=0.0114 acc=100.00 val_acc=nan data_t=0.0050s batch_t=0.0961s epoch_t=00:00.51 lr=0.000055 | GPU MB alloc/reserved=277.6/1884.0
2026-04-11 16:25:48 | INFO | [Round 1] Epoch 69/80 time=00:00.51 avg=00:00.46 ETA=00:05.04 | GPU MB alloc/reserved=277.6/1884.0
2026-04-11 16:25:49 | INFO | [Round 1] epoch=70/80 loss=0.0105 acc=99.83 val_acc=nan data_t=0.0049s batch_t=0.0745s epoch_t=00:00.40 lr=0.000048 | GPU MB alloc/reserved=277.6/1884.0
2026-04-11 16:25:49 | INFO | [Round 1] Epoch 70/80 time=00:00.40 avg=00:00.46 ETA=00:04.57 | GPU MB alloc/reserved=277.6/1884.0
2026-04-11 16:25:49 | INFO | [Round 1] epoch=71/80 loss=0.0116 acc=100.00 val_acc=nan data_t=0.0050s batch_t=0.0933s epoch_t=00:00.49 lr=0.000041 | GPU MB alloc/reserved=277.6/1884.0
2026-04-11 16:25:49 | INFO | [Round 1] Epoch 71/80 time=00:00.49 avg=00:00.46 ETA=00:04.12 | GPU MB alloc/reserved=277.6/1884.0
2026-04-11 16:25:50 | INFO | [Round 1] epoch=72/80 loss=0.0092 acc=100.00 val_acc=nan data_t=0.0101s batch_t=0.0954s epoch_t=00:00.53 lr=0.000034 | GPU MB alloc/reserved=277.6/1884.0
2026-04-11 16:25:50 | INFO | [Round 1] Epoch 72/80 time=00:00.53 avg=00:00.46 ETA=00:03.67 | GPU MB alloc/reserved=277.6/1884.0
2026-04-11 16:25:50 | INFO | [Round 1] epoch=73/80 loss=0.0099 acc=100.00 val_acc=nan data_t=0.0099s batch_t=0.0964s epoch_t=00:00.53 lr=0.000029 | GPU MB alloc/reserved=277.6/1884.0
2026-04-11 16:25:50 | INFO | [Round 1] Epoch 73/80 time=00:00.53 avg=00:00.46 ETA=00:03.22 | GPU MB alloc/reserved=277.6/1884.0
2026-04-11 16:25:51 | INFO | [Round 1] epoch=74/80 loss=0.0101 acc=100.00 val_acc=nan data_t=0.0050s batch_t=0.0996s epoch_t=00:00.52 lr=0.000024 | GPU MB alloc/reserved=277.6/1884.0
2026-04-11 16:25:51 | INFO | [Round 1] Epoch 74/80 time=00:00.52 avg=00:00.46 ETA=00:02.76 | GPU MB alloc/reserved=277.6/1884.0
2026-04-11 16:25:51 | INFO | [Round 1] epoch=75/80 loss=0.0090 acc=100.00 val_acc=nan data_t=0.0052s batch_t=0.0959s epoch_t=00:00.51 lr=0.000020 | GPU MB alloc/reserved=277.6/1884.0
2026-04-11 16:25:51 | INFO | [Round 1] Epoch 75/80 time=00:00.51 avg=00:00.46 ETA=00:02.30 | GPU MB alloc/reserved=277.6/1884.0
2026-04-11 16:25:52 | INFO | [Round 1] epoch=76/80 loss=0.0108 acc=100.00 val_acc=nan data_t=0.0064s batch_t=0.0833s epoch_t=00:00.45 lr=0.000016 | GPU MB alloc/reserved=277.6/1884.0
2026-04-11 16:25:52 | INFO | [Round 1] Epoch 76/80 time=00:00.45 avg=00:00.46 ETA=00:01.84 | GPU MB alloc/reserved=277.6/1884.0
2026-04-11 16:25:52 | INFO | [Round 1] epoch=77/80 loss=0.0100 acc=100.00 val_acc=nan data_t=0.0089s batch_t=0.0970s epoch_t=00:00.53 lr=0.000013 | GPU MB alloc/reserved=277.6/1884.0
2026-04-11 16:25:52 | INFO | [Round 1] Epoch 77/80 time=00:00.53 avg=00:00.46 ETA=00:01.39 | GPU MB alloc/reserved=277.6/1884.0
2026-04-11 16:25:53 | INFO | [Round 1] epoch=78/80 loss=0.0102 acc=99.83 val_acc=nan data_t=0.0114s batch_t=0.0940s epoch_t=00:00.53 lr=0.000012 | GPU MB alloc/reserved=277.6/1884.0
2026-04-11 16:25:53 | INFO | [Round 1] Epoch 78/80 time=00:00.53 avg=00:00.46 ETA=00:00.93 | GPU MB alloc/reserved=277.6/1884.0
2026-04-11 16:25:53 | INFO | [Round 1] epoch=79/80 loss=0.0076 acc=100.00 val_acc=nan data_t=0.0076s batch_t=0.1002s epoch_t=00:00.54 lr=0.000010 | GPU MB alloc/reserved=277.6/1884.0
2026-04-11 16:25:53 | INFO | [Round 1] Epoch 79/80 time=00:00.54 avg=00:00.46 ETA=00:00.46 | GPU MB alloc/reserved=277.6/1884.0
2026-04-11 16:25:54 | INFO | [Round 1] epoch=80/80 loss=0.0096 acc=100.00 val_acc=nan data_t=0.0048s batch_t=0.0976s epoch_t=00:00.51 lr=0.000010 | GPU MB alloc/reserved=277.6/1884.0
2026-04-11 16:25:54 | INFO | [Round 1] Epoch 80/80 time=00:00.51 avg=00:00.46 ETA=00:00.00 | GPU MB alloc/reserved=277.6/1884.0
2026-04-11 16:25:54 | INFO | [Round 1] training complete in 00:37.39 (best monitor=100.000) | GPU MB alloc/reserved=277.6/1884.0
2026-04-11 16:25:54 | INFO | [Round 1] evaluation started | GPU MB alloc/reserved=191.0/1884.0
2026-04-11 16:26:02 | INFO | [Round 1] clean=44.89 fgsm=35.12 pgd=34.97 grad_disp_mean=nan grad_disp_sel=nan round_t=46.73s | GPU MB alloc/reserved=191.0/1890.0
2026-04-11 16:26:02 | INFO | [Round 2/21] elapsed=00:46.73 avg_round=00:43.49 projected_remaining=13:46.24 | GPU MB alloc/reserved=191.0/1890.0
2026-04-11 16:26:02 | INFO | [Round 2] acquisition on pool_size=49400 scored_pool=5000 budget=100 | GPU MB alloc/reserved=103.8/1890.0
2026-04-11 16:26:03 | INFO | [CoreSet-unlabeled-feat] scoring progress 10/20 elapsed=00:00.26 avg/batch=0.026s ETA=00:00.26 | GPU MB alloc/reserved=111.8/1890.0
2026-04-11 16:26:03 | INFO | [CoreSet-unlabeled-feat] scoring progress 20/20 elapsed=00:00.39 avg/batch=0.019s ETA=00:00.00 | GPU MB alloc/reserved=115.6/1890.0
2026-04-11 16:26:03 | INFO | [CoreSet-labeled-feat] scoring progress 3/3 elapsed=00:00.20 avg/batch=0.066s ETA=00:00.00 | GPU MB alloc/reserved=116.0/1890.0
2026-04-11 16:26:03 | INFO | [CoreSet] greedy 10/100 cover_radius=19.332165 | GPU: n/a
2026-04-11 16:26:03 | INFO | [CoreSet] greedy 20/100 cover_radius=18.943480 | GPU: n/a
2026-04-11 16:26:03 | INFO | [CoreSet] greedy 30/100 cover_radius=18.243624 | GPU: n/a
2026-04-11 16:26:03 | INFO | [CoreSet] greedy 40/100 cover_radius=17.959545 | GPU: n/a
2026-04-11 16:26:04 | INFO | [CoreSet] greedy 50/100 cover_radius=17.804928 | GPU: n/a
2026-04-11 16:26:04 | INFO | [CoreSet] greedy 60/100 cover_radius=17.628275 | GPU: n/a
2026-04-11 16:26:04 | INFO | [CoreSet] greedy 70/100 cover_radius=17.404312 | GPU: n/a
2026-04-11 16:26:04 | INFO | [CoreSet] greedy 80/100 cover_radius=17.278807 | GPU: n/a
2026-04-11 16:26:04 | INFO | [CoreSet] greedy 90/100 cover_radius=17.186834 | GPU: n/a
2026-04-11 16:26:04 | INFO | [CoreSet] greedy 100/100 cover_radius=17.077402 | GPU: n/a
2026-04-11 16:26:04 | INFO | [Round 2] labeled=700 train=700 val_fixed=0 | GPU MB alloc/reserved=149.6/1890.0
2026-04-11 16:26:05 | INFO | [Round 2] epoch=1/80 loss=2.4724 acc=15.29 val_acc=nan data_t=0.0313s batch_t=0.0964s epoch_t=00:00.77 lr=0.001000 | GPU MB alloc/reserved=279.5/1892.0
2026-04-11 16:26:05 | INFO | [Round 2] Epoch 1/80 time=00:00.77 avg=00:00.77 ETA=01:00.54 | GPU MB alloc/reserved=279.5/1892.0
2026-04-11 16:26:06 | INFO | [Round 2] epoch=2/80 loss=2.0761 acc=24.29 val_acc=nan data_t=0.0048s batch_t=0.0827s epoch_t=00:00.53 lr=0.000998 | GPU MB alloc/reserved=279.5/1892.0
2026-04-11 16:26:06 | INFO | [Round 2] Epoch 2/80 time=00:00.53 avg=00:00.65 ETA=00:50.38 | GPU MB alloc/reserved=279.5/1892.0
2026-04-11 16:26:06 | INFO | [Round 2] epoch=3/80 loss=1.9566 acc=27.71 val_acc=nan data_t=0.0065s batch_t=0.0833s epoch_t=00:00.54 lr=0.000997 | GPU MB alloc/reserved=279.5/1892.0
2026-04-11 16:26:06 | INFO | [Round 2] Epoch 3/80 time=00:00.54 avg=00:00.61 ETA=00:46.99 | GPU MB alloc/reserved=279.5/1892.0
2026-04-11 16:26:07 | INFO | [Round 2] epoch=4/80 loss=1.8109 acc=32.14 val_acc=nan data_t=0.0089s batch_t=0.0779s epoch_t=00:00.52 lr=0.000994 | GPU MB alloc/reserved=279.5/1892.0
2026-04-11 16:26:07 | INFO | [Round 2] Epoch 4/80 time=00:00.52 avg=00:00.59 ETA=00:44.69 | GPU MB alloc/reserved=279.5/1892.0
2026-04-11 16:26:07 | INFO | [Round 2] epoch=5/80 loss=1.7659 acc=36.00 val_acc=nan data_t=0.0080s batch_t=0.0801s epoch_t=00:00.53 lr=0.000990 | GPU MB alloc/reserved=279.5/1892.0
2026-04-11 16:26:07 | INFO | [Round 2] Epoch 5/80 time=00:00.53 avg=00:00.58 ETA=00:43.22 | GPU MB alloc/reserved=279.5/1892.0
2026-04-11 16:26:08 | INFO | [Round 2] epoch=6/80 loss=1.7420 acc=34.57 val_acc=nan data_t=0.0095s batch_t=0.0801s epoch_t=00:00.54 lr=0.000986 | GPU MB alloc/reserved=279.5/1892.0
2026-04-11 16:26:08 | INFO | [Round 2] Epoch 6/80 time=00:00.54 avg=00:00.57 ETA=00:42.17 | GPU MB alloc/reserved=279.5/1892.0
2026-04-11 16:26:08 | INFO | [Round 2] epoch=7/80 loss=1.6722 acc=37.43 val_acc=nan data_t=0.0087s batch_t=0.0593s epoch_t=00:00.41 lr=0.000981 | GPU MB alloc/reserved=279.5/1892.0
2026-04-11 16:26:08 | INFO | [Round 2] Epoch 7/80 time=00:00.41 avg=00:00.55 ETA=00:39.92 | GPU MB alloc/reserved=279.5/1892.0
2026-04-11 16:26:09 | INFO | [Round 2] epoch=8/80 loss=1.6090 acc=39.86 val_acc=nan data_t=0.0062s batch_t=0.0755s epoch_t=00:00.49 lr=0.000976 | GPU MB alloc/reserved=279.5/1892.0
2026-04-11 16:26:09 | INFO | [Round 2] Epoch 8/80 time=00:00.49 avg=00:00.54 ETA=00:38.87 | GPU MB alloc/reserved=279.5/1892.0
2026-04-11 16:26:09 | INFO | [Round 2] epoch=9/80 loss=1.5845 acc=40.14 val_acc=nan data_t=0.0088s batch_t=0.0764s epoch_t=00:00.51 lr=0.000969 | GPU MB alloc/reserved=279.5/1892.0
2026-04-11 16:26:09 | INFO | [Round 2] Epoch 9/80 time=00:00.51 avg=00:00.54 ETA=00:38.10 | GPU MB alloc/reserved=279.5/1892.0
2026-04-11 16:26:10 | INFO | [Round 2] epoch=10/80 loss=1.5173 acc=41.71 val_acc=nan data_t=0.0086s batch_t=0.0813s epoch_t=00:00.54 lr=0.000962 | GPU MB alloc/reserved=279.5/1892.0
2026-04-11 16:26:10 | INFO | [Round 2] Epoch 10/80 time=00:00.54 avg=00:00.54 ETA=00:37.59 | GPU MB alloc/reserved=279.5/1892.0
2026-04-11 16:26:10 | INFO | [Round 2] epoch=11/80 loss=1.4820 acc=44.29 val_acc=nan data_t=0.0066s batch_t=0.0774s epoch_t=00:00.50 lr=0.000955 | GPU MB alloc/reserved=279.5/1892.0
2026-04-11 16:26:10 | INFO | [Round 2] Epoch 11/80 time=00:00.50 avg=00:00.53 ETA=00:36.85 | GPU MB alloc/reserved=279.5/1892.0
2026-04-11 16:26:11 | INFO | [Round 2] epoch=12/80 loss=1.4059 acc=47.43 val_acc=nan data_t=0.0092s batch_t=0.0841s epoch_t=00:00.56 lr=0.000946 | GPU MB alloc/reserved=279.5/1892.0
2026-04-11 16:26:11 | INFO | [Round 2] Epoch 12/80 time=00:00.56 avg=00:00.54 ETA=00:36.46 | GPU MB alloc/reserved=279.5/1892.0
2026-04-11 16:26:12 | INFO | [Round 2] epoch=13/80 loss=1.3413 acc=50.43 val_acc=nan data_t=0.0040s batch_t=0.0798s epoch_t=00:00.50 lr=0.000937 | GPU MB alloc/reserved=279.5/1892.0
2026-04-11 16:26:12 | INFO | [Round 2] Epoch 13/80 time=00:00.50 avg=00:00.53 ETA=00:35.75 | GPU MB alloc/reserved=279.5/1892.0
2026-04-11 16:26:12 | INFO | [Round 2] epoch=14/80 loss=1.3176 acc=50.00 val_acc=nan data_t=0.0087s batch_t=0.0796s epoch_t=00:00.53 lr=0.000927 | GPU MB alloc/reserved=279.5/1892.0
2026-04-11 16:26:12 | INFO | [Round 2] Epoch 14/80 time=00:00.53 avg=00:00.53 ETA=00:35.20 | GPU MB alloc/reserved=279.5/1892.0
2026-04-11 16:26:13 | INFO | [Round 2] epoch=15/80 loss=1.2824 acc=51.71 val_acc=nan data_t=0.0063s batch_t=0.0818s epoch_t=00:00.53 lr=0.000917 | GPU MB alloc/reserved=279.5/1892.0
2026-04-11 16:26:13 | INFO | [Round 2] Epoch 15/80 time=00:00.53 avg=00:00.53 ETA=00:34.65 | GPU MB alloc/reserved=279.5/1892.0
2026-04-11 16:26:13 | INFO | [Round 2] epoch=16/80 loss=1.3025 acc=52.00 val_acc=nan data_t=0.0089s batch_t=0.0827s epoch_t=00:00.55 lr=0.000905 | GPU MB alloc/reserved=279.5/1892.0
2026-04-11 16:26:13 | INFO | [Round 2] Epoch 16/80 time=00:00.55 avg=00:00.53 ETA=00:34.18 | GPU MB alloc/reserved=279.5/1892.0
2026-04-11 16:26:14 | INFO | [Round 2] epoch=17/80 loss=1.2082 acc=54.14 val_acc=nan data_t=0.0087s batch_t=0.1001s epoch_t=00:00.65 lr=0.000894 | GPU MB alloc/reserved=279.5/1892.0
2026-04-11 16:26:14 | INFO | [Round 2] Epoch 17/80 time=00:00.65 avg=00:00.54 ETA=00:34.09 | GPU MB alloc/reserved=279.5/1892.0
2026-04-11 16:26:14 | INFO | [Round 2] epoch=18/80 loss=1.1720 acc=55.14 val_acc=nan data_t=0.0084s batch_t=0.0817s epoch_t=00:00.54 lr=0.000881 | GPU MB alloc/reserved=279.5/1892.0
2026-04-11 16:26:14 | INFO | [Round 2] Epoch 18/80 time=00:00.54 avg=00:00.54 ETA=00:33.55 | GPU MB alloc/reserved=279.5/1892.0
2026-04-11 16:26:15 | INFO | [Round 2] epoch=19/80 loss=1.0911 acc=60.14 val_acc=nan data_t=0.0086s batch_t=0.0798s epoch_t=00:00.53 lr=0.000868 | GPU MB alloc/reserved=279.5/1892.0
2026-04-11 16:26:15 | INFO | [Round 2] Epoch 19/80 time=00:00.53 avg=00:00.54 ETA=00:32.97 | GPU MB alloc/reserved=279.5/1892.0
2026-04-11 16:26:15 | INFO | [Round 2] epoch=20/80 loss=1.0691 acc=58.57 val_acc=nan data_t=0.0064s batch_t=0.0759s epoch_t=00:00.49 lr=0.000855 | GPU MB alloc/reserved=279.5/1892.0
2026-04-11 16:26:15 | INFO | [Round 2] Epoch 20/80 time=00:00.49 avg=00:00.54 ETA=00:32.29 | GPU MB alloc/reserved=279.5/1892.0
2026-04-11 16:26:16 | INFO | [Round 2] epoch=21/80 loss=1.0112 acc=62.00 val_acc=nan data_t=0.0083s batch_t=0.0712s epoch_t=00:00.48 lr=0.000841 | GPU MB alloc/reserved=279.5/1892.0
2026-04-11 16:26:16 | INFO | [Round 2] Epoch 21/80 time=00:00.48 avg=00:00.54 ETA=00:31.58 | GPU MB alloc/reserved=279.5/1892.0
2026-04-11 16:26:16 | INFO | [Round 2] epoch=22/80 loss=1.0114 acc=63.57 val_acc=nan data_t=0.0084s batch_t=0.0791s epoch_t=00:00.53 lr=0.000826 | GPU MB alloc/reserved=279.5/1892.0
2026-04-11 16:26:16 | INFO | [Round 2] Epoch 22/80 time=00:00.53 avg=00:00.53 ETA=00:31.02 | GPU MB alloc/reserved=279.5/1892.0
2026-04-11 16:26:17 | INFO | [Round 2] epoch=23/80 loss=0.9006 acc=66.71 val_acc=nan data_t=0.0096s batch_t=0.0760s epoch_t=00:00.51 lr=0.000811 | GPU MB alloc/reserved=279.5/1892.0
2026-04-11 16:26:17 | INFO | [Round 2] Epoch 23/80 time=00:00.51 avg=00:00.53 ETA=00:30.44 | GPU MB alloc/reserved=279.5/1892.0
2026-04-11 16:26:18 | INFO | [Round 2] epoch=24/80 loss=0.8339 acc=69.71 val_acc=nan data_t=0.0096s batch_t=0.0837s epoch_t=00:00.56 lr=0.000796 | GPU MB alloc/reserved=279.5/1892.0
2026-04-11 16:26:18 | INFO | [Round 2] Epoch 24/80 time=00:00.56 avg=00:00.54 ETA=00:29.96 | GPU MB alloc/reserved=279.5/1892.0
2026-04-11 16:26:18 | INFO | [Round 2] epoch=25/80 loss=0.8013 acc=70.43 val_acc=nan data_t=0.0068s batch_t=0.0770s epoch_t=00:00.50 lr=0.000780 | GPU MB alloc/reserved=279.5/1892.0
2026-04-11 16:26:18 | INFO | [Round 2] Epoch 25/80 time=00:00.50 avg=00:00.53 ETA=00:29.36 | GPU MB alloc/reserved=279.5/1892.0
2026-04-11 16:26:19 | INFO | [Round 2] epoch=26/80 loss=0.7329 acc=72.86 val_acc=nan data_t=0.0055s batch_t=0.0801s epoch_t=00:00.51 lr=0.000764 | GPU MB alloc/reserved=279.5/1892.0
2026-04-11 16:26:19 | INFO | [Round 2] Epoch 26/80 time=00:00.51 avg=00:00.53 ETA=00:28.78 | GPU MB alloc/reserved=279.5/1892.0
2026-04-11 16:26:19 | INFO | [Round 2] epoch=27/80 loss=0.8052 acc=69.71 val_acc=nan data_t=0.0052s batch_t=0.0768s epoch_t=00:00.49 lr=0.000747 | GPU MB alloc/reserved=279.5/1892.0
2026-04-11 16:26:19 | INFO | [Round 2] Epoch 27/80 time=00:00.49 avg=00:00.53 ETA=00:28.17 | GPU MB alloc/reserved=279.5/1892.0
2026-04-11 16:26:19 | INFO | [Round 2] epoch=28/80 loss=0.6927 acc=74.86 val_acc=nan data_t=0.0064s batch_t=0.0664s epoch_t=00:00.44 lr=0.000730 | GPU MB alloc/reserved=279.5/1892.0
2026-04-11 16:26:19 | INFO | [Round 2] Epoch 28/80 time=00:00.44 avg=00:00.53 ETA=00:27.46 | GPU MB alloc/reserved=279.5/1892.0
2026-04-11 16:26:20 | INFO | [Round 2] epoch=29/80 loss=0.6640 acc=76.71 val_acc=nan data_t=0.0085s batch_t=0.0905s epoch_t=00:00.59 lr=0.000712 | GPU MB alloc/reserved=279.5/1892.0
2026-04-11 16:26:20 | INFO | [Round 2] Epoch 29/80 time=00:00.59 avg=00:00.53 ETA=00:27.05 | GPU MB alloc/reserved=279.5/1892.0
2026-04-11 16:26:21 | INFO | [Round 2] epoch=30/80 loss=0.5542 acc=79.71 val_acc=nan data_t=0.0085s batch_t=0.0955s epoch_t=00:00.62 lr=0.000694 | GPU MB alloc/reserved=279.5/1892.0
2026-04-11 16:26:21 | INFO | [Round 2] Epoch 30/80 time=00:00.62 avg=00:00.53 ETA=00:26.68 | GPU MB alloc/reserved=279.5/1892.0
2026-04-11 16:26:21 | INFO | [Round 2] epoch=31/80 loss=0.5584 acc=78.43 val_acc=nan data_t=0.0059s batch_t=0.0961s epoch_t=00:00.61 lr=0.000676 | GPU MB alloc/reserved=279.5/1892.0
2026-04-11 16:26:21 | INFO | [Round 2] Epoch 31/80 time=00:00.61 avg=00:00.54 ETA=00:26.27 | GPU MB alloc/reserved=279.5/1892.0
2026-04-11 16:26:22 | INFO | [Round 2] epoch=32/80 loss=0.5559 acc=80.00 val_acc=nan data_t=0.0057s batch_t=0.0894s epoch_t=00:00.57 lr=0.000658 | GPU MB alloc/reserved=279.5/1892.0
2026-04-11 16:26:22 | INFO | [Round 2] Epoch 32/80 time=00:00.57 avg=00:00.54 ETA=00:25.78 | GPU MB alloc/reserved=279.5/1892.0
2026-04-11 16:26:22 | INFO | [Round 2] epoch=33/80 loss=0.4764 acc=84.00 val_acc=nan data_t=0.0060s batch_t=0.0944s epoch_t=00:00.60 lr=0.000639 | GPU MB alloc/reserved=279.5/1892.0
2026-04-11 16:26:22 | INFO | [Round 2] Epoch 33/80 time=00:00.60 avg=00:00.54 ETA=00:25.34 | GPU MB alloc/reserved=279.5/1892.0
2026-04-11 16:26:23 | INFO | [Round 2] epoch=34/80 loss=0.4768 acc=81.71 val_acc=nan data_t=0.0057s batch_t=0.0941s epoch_t=00:00.60 lr=0.000621 | GPU MB alloc/reserved=279.5/1892.0
2026-04-11 16:26:23 | INFO | [Round 2] Epoch 34/80 time=00:00.60 avg=00:00.54 ETA=00:24.88 | GPU MB alloc/reserved=279.5/1892.0
2026-04-11 16:26:24 | INFO | [Round 2] epoch=35/80 loss=0.4272 acc=85.57 val_acc=nan data_t=0.0052s batch_t=0.0926s epoch_t=00:00.59 lr=0.000602 | GPU MB alloc/reserved=279.5/1892.0
2026-04-11 16:26:24 | INFO | [Round 2] Epoch 35/80 time=00:00.59 avg=00:00.54 ETA=00:24.40 | GPU MB alloc/reserved=279.5/1892.0
2026-04-11 16:26:24 | INFO | [Round 2] epoch=36/80 loss=0.3593 acc=86.71 val_acc=nan data_t=0.0055s batch_t=0.0933s epoch_t=00:00.59 lr=0.000582 | GPU MB alloc/reserved=279.5/1892.0
2026-04-11 16:26:24 | INFO | [Round 2] Epoch 36/80 time=00:00.59 avg=00:00.54 ETA=00:23.92 | GPU MB alloc/reserved=279.5/1892.0
2026-04-11 16:26:25 | INFO | [Round 2] epoch=37/80 loss=0.2997 acc=90.00 val_acc=nan data_t=0.0063s batch_t=0.0923s epoch_t=00:00.59 lr=0.000563 | GPU MB alloc/reserved=279.5/1892.0
2026-04-11 16:26:25 | INFO | [Round 2] Epoch 37/80 time=00:00.59 avg=00:00.54 ETA=00:23.43 | GPU MB alloc/reserved=279.5/1892.0
2026-04-11 16:26:25 | INFO | [Round 2] epoch=38/80 loss=0.3211 acc=89.71 val_acc=nan data_t=0.0044s batch_t=0.0921s epoch_t=00:00.58 lr=0.000544 | GPU MB alloc/reserved=279.5/1892.0
2026-04-11 16:26:25 | INFO | [Round 2] Epoch 38/80 time=00:00.58 avg=00:00.55 ETA=00:22.92 | GPU MB alloc/reserved=279.5/1892.0
2026-04-11 16:26:26 | INFO | [Round 2] epoch=39/80 loss=0.2411 acc=91.57 val_acc=nan data_t=0.0068s batch_t=0.0909s epoch_t=00:00.59 lr=0.000524 | GPU MB alloc/reserved=279.5/1892.0
2026-04-11 16:26:26 | INFO | [Round 2] Epoch 39/80 time=00:00.59 avg=00:00.55 ETA=00:22.42 | GPU MB alloc/reserved=279.5/1892.0
2026-04-11 16:26:27 | INFO | [Round 2] epoch=40/80 loss=0.2756 acc=91.00 val_acc=nan data_t=0.0043s batch_t=0.0920s epoch_t=00:00.58 lr=0.000505 | GPU MB alloc/reserved=279.5/1892.0
2026-04-11 16:26:27 | INFO | [Round 2] Epoch 40/80 time=00:00.58 avg=00:00.55 ETA=00:21.91 | GPU MB alloc/reserved=279.5/1892.0
2026-04-11 16:26:27 | INFO | [Round 2] epoch=41/80 loss=0.2395 acc=92.57 val_acc=nan data_t=0.0072s batch_t=0.0924s epoch_t=00:00.60 lr=0.000486 | GPU MB alloc/reserved=279.5/1892.0
2026-04-11 16:26:27 | INFO | [Round 2] Epoch 41/80 time=00:00.60 avg=00:00.55 ETA=00:21.41 | GPU MB alloc/reserved=279.5/1892.0
2026-04-11 16:26:28 | INFO | [Round 2] epoch=42/80 loss=0.2038 acc=94.00 val_acc=nan data_t=0.0041s batch_t=0.0754s epoch_t=00:00.48 lr=0.000466 | GPU MB alloc/reserved=279.5/1892.0
2026-04-11 16:26:28 | INFO | [Round 2] Epoch 42/80 time=00:00.48 avg=00:00.55 ETA=00:20.79 | GPU MB alloc/reserved=279.5/1892.0
2026-04-11 16:26:28 | INFO | [Round 2] epoch=43/80 loss=0.2150 acc=93.14 val_acc=nan data_t=0.0091s batch_t=0.0575s epoch_t=00:00.40 lr=0.000447 | GPU MB alloc/reserved=279.5/1892.0
2026-04-11 16:26:28 | INFO | [Round 2] Epoch 43/80 time=00:00.40 avg=00:00.54 ETA=00:20.12 | GPU MB alloc/reserved=279.5/1892.0
2026-04-11 16:26:29 | INFO | [Round 2] epoch=44/80 loss=0.1776 acc=95.43 val_acc=nan data_t=0.0071s batch_t=0.0577s epoch_t=00:00.39 lr=0.000428 | GPU MB alloc/reserved=279.5/1892.0
2026-04-11 16:26:29 | INFO | [Round 2] Epoch 44/80 time=00:00.39 avg=00:00.54 ETA=00:19.45 | GPU MB alloc/reserved=279.5/1892.0
2026-04-11 16:26:29 | INFO | [Round 2] epoch=45/80 loss=0.1327 acc=95.71 val_acc=nan data_t=0.0042s batch_t=0.0801s epoch_t=00:00.51 lr=0.000408 | GPU MB alloc/reserved=279.5/1892.0
2026-04-11 16:26:29 | INFO | [Round 2] Epoch 45/80 time=00:00.51 avg=00:00.54 ETA=00:18.88 | GPU MB alloc/reserved=279.5/1892.0
2026-04-11 16:26:29 | INFO | [Round 2] epoch=46/80 loss=0.1410 acc=96.00 val_acc=nan data_t=0.0048s batch_t=0.0607s epoch_t=00:00.39 lr=0.000389 | GPU MB alloc/reserved=279.5/1892.0
2026-04-11 16:26:29 | INFO | [Round 2] Epoch 46/80 time=00:00.39 avg=00:00.54 ETA=00:18.23 | GPU MB alloc/reserved=279.5/1892.0
2026-04-11 16:26:30 | INFO | [Round 2] epoch=47/80 loss=0.1316 acc=96.43 val_acc=nan data_t=0.0042s batch_t=0.0583s epoch_t=00:00.38 lr=0.000371 | GPU MB alloc/reserved=279.5/1892.0
2026-04-11 16:26:30 | INFO | [Round 2] Epoch 47/80 time=00:00.38 avg=00:00.53 ETA=00:17.58 | GPU MB alloc/reserved=279.5/1892.0
2026-04-11 16:26:30 | INFO | [Round 2] epoch=48/80 loss=0.1271 acc=96.86 val_acc=nan data_t=0.0046s batch_t=0.0583s epoch_t=00:00.38 lr=0.000352 | GPU MB alloc/reserved=279.5/1892.0
2026-04-11 16:26:30 | INFO | [Round 2] Epoch 48/80 time=00:00.38 avg=00:00.53 ETA=00:16.95 | GPU MB alloc/reserved=279.5/1892.0
2026-04-11 16:26:31 | INFO | [Round 2] epoch=49/80 loss=0.0900 acc=97.86 val_acc=nan data_t=0.0083s batch_t=0.0736s epoch_t=00:00.49 lr=0.000334 | GPU MB alloc/reserved=279.5/1892.0
2026-04-11 16:26:31 | INFO | [Round 2] Epoch 49/80 time=00:00.49 avg=00:00.53 ETA=00:16.39 | GPU MB alloc/reserved=279.5/1892.0
2026-04-11 16:26:31 | INFO | [Round 2] epoch=50/80 loss=0.1045 acc=97.29 val_acc=nan data_t=0.0040s batch_t=0.0698s epoch_t=00:00.44 lr=0.000316 | GPU MB alloc/reserved=279.5/1892.0
2026-04-11 16:26:31 | INFO | [Round 2] Epoch 50/80 time=00:00.44 avg=00:00.53 ETA=00:15.81 | GPU MB alloc/reserved=279.5/1892.0
2026-04-11 16:26:32 | INFO | [Round 2] epoch=51/80 loss=0.0805 acc=98.43 val_acc=nan data_t=0.0064s batch_t=0.0830s epoch_t=00:00.54 lr=0.000298 | GPU MB alloc/reserved=279.5/1892.0
2026-04-11 16:26:32 | INFO | [Round 2] Epoch 51/80 time=00:00.54 avg=00:00.53 ETA=00:15.29 | GPU MB alloc/reserved=279.5/1892.0
2026-04-11 16:26:32 | INFO | [Round 2] epoch=52/80 loss=0.0622 acc=98.71 val_acc=nan data_t=0.0046s batch_t=0.0786s epoch_t=00:00.50 lr=0.000280 | GPU MB alloc/reserved=279.5/1892.0
2026-04-11 16:26:32 | INFO | [Round 2] Epoch 52/80 time=00:00.50 avg=00:00.53 ETA=00:14.75 | GPU MB alloc/reserved=279.5/1892.0
2026-04-11 16:26:33 | INFO | [Round 2] epoch=53/80 loss=0.0444 acc=99.71 val_acc=nan data_t=0.0068s batch_t=0.0779s epoch_t=00:00.51 lr=0.000263 | GPU MB alloc/reserved=279.5/1892.0
2026-04-11 16:26:33 | INFO | [Round 2] Epoch 53/80 time=00:00.51 avg=00:00.53 ETA=00:14.21 | GPU MB alloc/reserved=279.5/1892.0
2026-04-11 16:26:33 | INFO | [Round 2] epoch=54/80 loss=0.0422 acc=99.29 val_acc=nan data_t=0.0079s batch_t=0.0797s epoch_t=00:00.53 lr=0.000246 | GPU MB alloc/reserved=279.5/1892.0
2026-04-11 16:26:33 | INFO | [Round 2] Epoch 54/80 time=00:00.53 avg=00:00.53 ETA=00:13.69 | GPU MB alloc/reserved=279.5/1892.0
2026-04-11 16:26:34 | INFO | [Round 2] epoch=55/80 loss=0.0402 acc=99.29 val_acc=nan data_t=0.0048s batch_t=0.0805s epoch_t=00:00.51 lr=0.000230 | GPU MB alloc/reserved=279.5/1892.0
2026-04-11 16:26:34 | INFO | [Round 2] Epoch 55/80 time=00:00.51 avg=00:00.53 ETA=00:13.15 | GPU MB alloc/reserved=279.5/1892.0
2026-04-11 16:26:34 | INFO | [Round 2] epoch=56/80 loss=0.0376 acc=99.57 val_acc=nan data_t=0.0066s batch_t=0.0852s epoch_t=00:00.55 lr=0.000214 | GPU MB alloc/reserved=279.5/1892.0
2026-04-11 16:26:34 | INFO | [Round 2] Epoch 56/80 time=00:00.55 avg=00:00.53 ETA=00:12.64 | GPU MB alloc/reserved=279.5/1892.0
2026-04-11 16:26:35 | INFO | [Round 2] epoch=57/80 loss=0.0476 acc=99.14 val_acc=nan data_t=0.0095s batch_t=0.0832s epoch_t=00:00.56 lr=0.000199 | GPU MB alloc/reserved=279.5/1892.0
2026-04-11 16:26:35 | INFO | [Round 2] Epoch 57/80 time=00:00.56 avg=00:00.53 ETA=00:12.12 | GPU MB alloc/reserved=279.5/1892.0
2026-04-11 16:26:35 | INFO | [Round 2] epoch=58/80 loss=0.0367 acc=99.57 val_acc=nan data_t=0.0042s batch_t=0.0782s epoch_t=00:00.49 lr=0.000184 | GPU MB alloc/reserved=279.5/1892.0
2026-04-11 16:26:35 | INFO | [Round 2] Epoch 58/80 time=00:00.49 avg=00:00.53 ETA=00:11.58 | GPU MB alloc/reserved=279.5/1892.0
2026-04-11 16:26:36 | INFO | [Round 2] epoch=59/80 loss=0.0260 acc=99.71 val_acc=nan data_t=0.0088s batch_t=0.0819s epoch_t=00:00.54 lr=0.000169 | GPU MB alloc/reserved=279.5/1892.0
2026-04-11 16:26:36 | INFO | [Round 2] Epoch 59/80 time=00:00.54 avg=00:00.53 ETA=00:11.06 | GPU MB alloc/reserved=279.5/1892.0
2026-04-11 16:26:36 | INFO | [Round 2] epoch=60/80 loss=0.0222 acc=99.57 val_acc=nan data_t=0.0098s batch_t=0.0789s epoch_t=00:00.53 lr=0.000155 | GPU MB alloc/reserved=279.5/1892.0
2026-04-11 16:26:36 | INFO | [Round 2] Epoch 60/80 time=00:00.53 avg=00:00.53 ETA=00:10.54 | GPU MB alloc/reserved=279.5/1892.0
2026-04-11 16:26:37 | INFO | [Round 2] epoch=61/80 loss=0.0219 acc=99.71 val_acc=nan data_t=0.0066s batch_t=0.0819s epoch_t=00:00.53 lr=0.000142 | GPU MB alloc/reserved=279.5/1892.0
2026-04-11 16:26:37 | INFO | [Round 2] Epoch 61/80 time=00:00.53 avg=00:00.53 ETA=00:10.01 | GPU MB alloc/reserved=279.5/1892.0
2026-04-11 16:26:37 | INFO | [Round 2] epoch=62/80 loss=0.0255 acc=99.71 val_acc=nan data_t=0.0041s batch_t=0.0804s epoch_t=00:00.51 lr=0.000129 | GPU MB alloc/reserved=279.5/1892.0
2026-04-11 16:26:37 | INFO | [Round 2] Epoch 62/80 time=00:00.51 avg=00:00.53 ETA=00:09.48 | GPU MB alloc/reserved=279.5/1892.0
2026-04-11 16:26:38 | INFO | [Round 2] epoch=63/80 loss=0.0191 acc=100.00 val_acc=nan data_t=0.0052s batch_t=0.0858s epoch_t=00:00.55 lr=0.000116 | GPU MB alloc/reserved=279.5/1892.0
2026-04-11 16:26:38 | INFO | [Round 2] Epoch 63/80 time=00:00.55 avg=00:00.53 ETA=00:08.96 | GPU MB alloc/reserved=279.5/1892.0
2026-04-11 16:26:39 | INFO | [Round 2] epoch=64/80 loss=0.0192 acc=99.71 val_acc=nan data_t=0.0043s batch_t=0.0817s epoch_t=00:00.52 lr=0.000105 | GPU MB alloc/reserved=279.5/1892.0
2026-04-11 16:26:39 | INFO | [Round 2] Epoch 64/80 time=00:00.52 avg=00:00.53 ETA=00:08.43 | GPU MB alloc/reserved=279.5/1892.0
2026-04-11 16:26:39 | INFO | [Round 2] epoch=65/80 loss=0.0169 acc=100.00 val_acc=nan data_t=0.0089s batch_t=0.0768s epoch_t=00:00.51 lr=0.000093 | GPU MB alloc/reserved=279.5/1892.0
2026-04-11 16:26:39 | INFO | [Round 2] Epoch 65/80 time=00:00.51 avg=00:00.53 ETA=00:07.90 | GPU MB alloc/reserved=279.5/1892.0
2026-04-11 16:26:40 | INFO | [Round 2] epoch=66/80 loss=0.0190 acc=99.71 val_acc=nan data_t=0.0080s batch_t=0.0755s epoch_t=00:00.50 lr=0.000083 | GPU MB alloc/reserved=279.5/1892.0
2026-04-11 16:26:40 | INFO | [Round 2] Epoch 66/80 time=00:00.50 avg=00:00.53 ETA=00:07.37 | GPU MB alloc/reserved=279.5/1892.0
2026-04-11 16:26:40 | INFO | [Round 2] epoch=67/80 loss=0.0166 acc=100.00 val_acc=nan data_t=0.0103s batch_t=0.0643s epoch_t=00:00.45 lr=0.000073 | GPU MB alloc/reserved=279.5/1892.0
2026-04-11 16:26:40 | INFO | [Round 2] Epoch 67/80 time=00:00.45 avg=00:00.53 ETA=00:06.83 | GPU MB alloc/reserved=279.5/1892.0
2026-04-11 16:26:40 | INFO | [Round 2] epoch=68/80 loss=0.0166 acc=100.00 val_acc=nan data_t=0.0059s batch_t=0.0706s epoch_t=00:00.46 lr=0.000064 | GPU MB alloc/reserved=279.5/1892.0
2026-04-11 16:26:40 | INFO | [Round 2] Epoch 68/80 time=00:00.46 avg=00:00.52 ETA=00:06.29 | GPU MB alloc/reserved=279.5/1892.0
2026-04-11 16:26:41 | INFO | [Round 2] epoch=69/80 loss=0.0135 acc=99.86 val_acc=nan data_t=0.0052s batch_t=0.0885s epoch_t=00:00.56 lr=0.000055 | GPU MB alloc/reserved=279.5/1892.0
2026-04-11 16:26:41 | INFO | [Round 2] Epoch 69/80 time=00:00.56 avg=00:00.52 ETA=00:05.77 | GPU MB alloc/reserved=279.5/1892.0
2026-04-11 16:26:42 | INFO | [Round 2] epoch=70/80 loss=0.0145 acc=100.00 val_acc=nan data_t=0.0074s batch_t=0.0963s epoch_t=00:00.62 lr=0.000048 | GPU MB alloc/reserved=279.5/1892.0
2026-04-11 16:26:42 | INFO | [Round 2] Epoch 70/80 time=00:00.62 avg=00:00.53 ETA=00:05.26 | GPU MB alloc/reserved=279.5/1892.0
2026-04-11 16:26:42 | INFO | [Round 2] epoch=71/80 loss=0.0147 acc=99.86 val_acc=nan data_t=0.0060s batch_t=0.0939s epoch_t=00:00.60 lr=0.000041 | GPU MB alloc/reserved=279.5/1892.0
2026-04-11 16:26:42 | INFO | [Round 2] Epoch 71/80 time=00:00.60 avg=00:00.53 ETA=00:04.74 | GPU MB alloc/reserved=279.5/1892.0
2026-04-11 16:26:43 | INFO | [Round 2] epoch=72/80 loss=0.0151 acc=100.00 val_acc=nan data_t=0.0085s batch_t=0.0862s epoch_t=00:00.57 lr=0.000034 | GPU MB alloc/reserved=279.5/1892.0
2026-04-11 16:26:43 | INFO | [Round 2] Epoch 72/80 time=00:00.57 avg=00:00.53 ETA=00:04.22 | GPU MB alloc/reserved=279.5/1892.0
2026-04-11 16:26:43 | INFO | [Round 2] epoch=73/80 loss=0.0135 acc=100.00 val_acc=nan data_t=0.0066s batch_t=0.0928s epoch_t=00:00.60 lr=0.000029 | GPU MB alloc/reserved=279.5/1892.0
2026-04-11 16:26:43 | INFO | [Round 2] Epoch 73/80 time=00:00.60 avg=00:00.53 ETA=00:03.70 | GPU MB alloc/reserved=279.5/1892.0
2026-04-11 16:26:44 | INFO | [Round 2] epoch=74/80 loss=0.0145 acc=99.86 val_acc=nan data_t=0.0100s batch_t=0.0939s epoch_t=00:00.62 lr=0.000024 | GPU MB alloc/reserved=279.5/1892.0
2026-04-11 16:26:44 | INFO | [Round 2] Epoch 74/80 time=00:00.62 avg=00:00.53 ETA=00:03.18 | GPU MB alloc/reserved=279.5/1892.0
2026-04-11 16:26:45 | INFO | [Round 2] epoch=75/80 loss=0.0162 acc=99.86 val_acc=nan data_t=0.0042s batch_t=0.0911s epoch_t=00:00.57 lr=0.000020 | GPU MB alloc/reserved=279.5/1892.0
2026-04-11 16:26:45 | INFO | [Round 2] Epoch 75/80 time=00:00.57 avg=00:00.53 ETA=00:02.65 | GPU MB alloc/reserved=279.5/1892.0
2026-04-11 16:26:45 | INFO | [Round 2] epoch=76/80 loss=0.0148 acc=99.86 val_acc=nan data_t=0.0065s batch_t=0.0941s epoch_t=00:00.60 lr=0.000016 | GPU MB alloc/reserved=279.5/1892.0
2026-04-11 16:26:45 | INFO | [Round 2] Epoch 76/80 time=00:00.60 avg=00:00.53 ETA=00:02.13 | GPU MB alloc/reserved=279.5/1892.0
2026-04-11 16:26:46 | INFO | [Round 2] epoch=77/80 loss=0.0119 acc=100.00 val_acc=nan data_t=0.0069s batch_t=0.0955s epoch_t=00:00.61 lr=0.000013 | GPU MB alloc/reserved=279.5/1892.0
2026-04-11 16:26:46 | INFO | [Round 2] Epoch 77/80 time=00:00.61 avg=00:00.53 ETA=00:01.60 | GPU MB alloc/reserved=279.5/1892.0
2026-04-11 16:26:46 | INFO | [Round 2] epoch=78/80 loss=0.0109 acc=100.00 val_acc=nan data_t=0.0041s batch_t=0.0972s epoch_t=00:00.61 lr=0.000012 | GPU MB alloc/reserved=279.5/1892.0
2026-04-11 16:26:46 | INFO | [Round 2] Epoch 78/80 time=00:00.61 avg=00:00.53 ETA=00:01.07 | GPU MB alloc/reserved=279.5/1892.0
2026-04-11 16:26:47 | INFO | [Round 2] epoch=79/80 loss=0.0129 acc=100.00 val_acc=nan data_t=0.0075s batch_t=0.0944s epoch_t=00:00.61 lr=0.000010 | GPU MB alloc/reserved=279.5/1892.0
2026-04-11 16:26:47 | INFO | [Round 2] Epoch 79/80 time=00:00.61 avg=00:00.53 ETA=00:00.53 | GPU MB alloc/reserved=279.5/1892.0
2026-04-11 16:26:48 | INFO | [Round 2] epoch=80/80 loss=0.0110 acc=100.00 val_acc=nan data_t=0.0048s batch_t=0.0933s epoch_t=00:00.59 lr=0.000010 | GPU MB alloc/reserved=279.5/1892.0
2026-04-11 16:26:48 | INFO | [Round 2] Epoch 80/80 time=00:00.59 avg=00:00.54 ETA=00:00.00 | GPU MB alloc/reserved=279.5/1892.0
2026-04-11 16:26:48 | INFO | [Round 2] training complete in 00:43.12 (best monitor=100.000) | GPU MB alloc/reserved=279.5/1892.0
2026-04-11 16:26:48 | INFO | [Round 2] evaluation started | GPU MB alloc/reserved=193.1/1892.0
2026-04-11 16:26:56 | INFO | [Round 2] clean=45.57 fgsm=36.27 pgd=36.03 grad_disp_mean=nan grad_disp_sel=nan round_t=53.29s | GPU MB alloc/reserved=193.1/1892.0
2026-04-11 16:26:56 | INFO | [Round 3/21] elapsed=00:53.29 avg_round=00:46.75 projected_remaining=14:01.57 | GPU MB alloc/reserved=193.1/1892.0
2026-04-11 16:26:57 | INFO | [Round 3] acquisition on pool_size=49300 scored_pool=5000 budget=100 | GPU MB alloc/reserved=105.6/1892.0
2026-04-11 16:26:57 | INFO | [CoreSet-unlabeled-feat] scoring progress 10/20 elapsed=00:00.24 avg/batch=0.024s ETA=00:00.24 | GPU MB alloc/reserved=113.6/1892.0
2026-04-11 16:26:57 | INFO | [CoreSet-unlabeled-feat] scoring progress 20/20 elapsed=00:00.38 avg/batch=0.019s ETA=00:00.00 | GPU MB alloc/reserved=117.3/1892.0
2026-04-11 16:26:57 | INFO | [CoreSet-labeled-feat] scoring progress 3/3 elapsed=00:00.22 avg/batch=0.072s ETA=00:00.00 | GPU MB alloc/reserved=118.9/1892.0
2026-04-11 16:26:57 | INFO | [CoreSet] greedy 10/100 cover_radius=19.384594 | GPU: n/a
2026-04-11 16:26:57 | INFO | [CoreSet] greedy 20/100 cover_radius=18.720699 | GPU: n/a
2026-04-11 16:26:57 | INFO | [CoreSet] greedy 30/100 cover_radius=18.274202 | GPU: n/a
2026-04-11 16:26:57 | INFO | [CoreSet] greedy 40/100 cover_radius=18.000799 | GPU: n/a
2026-04-11 16:26:57 | INFO | [CoreSet] greedy 50/100 cover_radius=17.787766 | GPU: n/a
2026-04-11 16:26:57 | INFO | [CoreSet] greedy 60/100 cover_radius=17.704077 | GPU: n/a
2026-04-11 16:26:58 | INFO | [CoreSet] greedy 70/100 cover_radius=17.545164 | GPU: n/a
2026-04-11 16:26:58 | INFO | [CoreSet] greedy 80/100 cover_radius=17.456009 | GPU: n/a
2026-04-11 16:26:58 | INFO | [CoreSet] greedy 90/100 cover_radius=17.227886 | GPU: n/a
2026-04-11 16:26:58 | INFO | [CoreSet] greedy 100/100 cover_radius=17.081141 | GPU: n/a
2026-04-11 16:26:58 | INFO | [Round 3] labeled=800 train=800 val_fixed=0 | GPU MB alloc/reserved=149.6/1892.0
2026-04-11 16:26:59 | INFO | [Round 3] epoch=1/80 loss=2.3846 acc=16.62 val_acc=nan data_t=0.0270s batch_t=0.0885s epoch_t=00:00.81 lr=0.001000 | GPU MB alloc/reserved=279.1/1894.0
2026-04-11 16:26:59 | INFO | [Round 3] Epoch 1/80 time=00:00.81 avg=00:00.81 ETA=01:03.88 | GPU MB alloc/reserved=279.1/1894.0
2026-04-11 16:27:00 | INFO | [Round 3] epoch=2/80 loss=2.2125 acc=23.62 val_acc=nan data_t=0.0045s batch_t=0.0809s epoch_t=00:00.60 lr=0.000998 | GPU MB alloc/reserved=279.1/1894.0
2026-04-11 16:27:00 | INFO | [Round 3] Epoch 2/80 time=00:00.60 avg=00:00.70 ETA=00:54.85 | GPU MB alloc/reserved=279.1/1894.0
2026-04-11 16:27:00 | INFO | [Round 3] epoch=3/80 loss=2.0106 acc=25.38 val_acc=nan data_t=0.0044s batch_t=0.0802s epoch_t=00:00.59 lr=0.000997 | GPU MB alloc/reserved=279.1/1894.0
2026-04-11 16:27:00 | INFO | [Round 3] Epoch 3/80 time=00:00.59 avg=00:00.67 ETA=00:51.29 | GPU MB alloc/reserved=279.1/1894.0
2026-04-11 16:27:01 | INFO | [Round 3] epoch=4/80 loss=1.8904 acc=30.38 val_acc=nan data_t=0.0054s batch_t=0.0807s epoch_t=00:00.60 lr=0.000994 | GPU MB alloc/reserved=279.1/1894.0
2026-04-11 16:27:01 | INFO | [Round 3] Epoch 4/80 time=00:00.60 avg=00:00.65 ETA=00:49.43 | GPU MB alloc/reserved=279.1/1894.0
2026-04-11 16:27:02 | INFO | [Round 3] epoch=5/80 loss=1.8208 acc=30.88 val_acc=nan data_t=0.0067s batch_t=0.0842s epoch_t=00:00.64 lr=0.000990 | GPU MB alloc/reserved=279.1/1894.0
2026-04-11 16:27:02 | INFO | [Round 3] Epoch 5/80 time=00:00.64 avg=00:00.65 ETA=00:48.57 | GPU MB alloc/reserved=279.1/1894.0
2026-04-11 16:27:02 | INFO | [Round 3] epoch=6/80 loss=1.7331 acc=34.50 val_acc=nan data_t=0.0081s batch_t=0.0812s epoch_t=00:00.63 lr=0.000986 | GPU MB alloc/reserved=279.1/1894.0
2026-04-11 16:27:02 | INFO | [Round 3] Epoch 6/80 time=00:00.63 avg=00:00.64 ETA=00:47.65 | GPU MB alloc/reserved=279.1/1894.0
2026-04-11 16:27:03 | INFO | [Round 3] epoch=7/80 loss=1.7002 acc=36.75 val_acc=nan data_t=0.0054s batch_t=0.0817s epoch_t=00:00.61 lr=0.000981 | GPU MB alloc/reserved=279.1/1894.0
2026-04-11 16:27:03 | INFO | [Round 3] Epoch 7/80 time=00:00.61 avg=00:00.64 ETA=00:46.65 | GPU MB alloc/reserved=279.1/1894.0
2026-04-11 16:27:03 | INFO | [Round 3] epoch=8/80 loss=1.6141 acc=40.62 val_acc=nan data_t=0.0040s batch_t=0.0804s epoch_t=00:00.59 lr=0.000976 | GPU MB alloc/reserved=279.1/1894.0
2026-04-11 16:27:03 | INFO | [Round 3] Epoch 8/80 time=00:00.59 avg=00:00.63 ETA=00:45.58 | GPU MB alloc/reserved=279.1/1894.0
2026-04-11 16:27:04 | INFO | [Round 3] epoch=9/80 loss=1.5875 acc=39.75 val_acc=nan data_t=0.0045s batch_t=0.0841s epoch_t=00:00.62 lr=0.000969 | GPU MB alloc/reserved=279.1/1894.0
2026-04-11 16:27:04 | INFO | [Round 3] Epoch 9/80 time=00:00.62 avg=00:00.63 ETA=00:44.85 | GPU MB alloc/reserved=279.1/1894.0
2026-04-11 16:27:05 | INFO | [Round 3] epoch=10/80 loss=1.6010 acc=40.50 val_acc=nan data_t=0.0038s batch_t=0.0795s epoch_t=00:00.58 lr=0.000962 | GPU MB alloc/reserved=279.1/1894.0
2026-04-11 16:27:05 | INFO | [Round 3] Epoch 10/80 time=00:00.58 avg=00:00.63 ETA=00:43.87 | GPU MB alloc/reserved=279.1/1894.0
2026-04-11 16:27:05 | INFO | [Round 3] epoch=11/80 loss=1.5808 acc=41.25 val_acc=nan data_t=0.0073s batch_t=0.0824s epoch_t=00:00.63 lr=0.000955 | GPU MB alloc/reserved=279.1/1894.0
2026-04-11 16:27:05 | INFO | [Round 3] Epoch 11/80 time=00:00.63 avg=00:00.63 ETA=00:43.25 | GPU MB alloc/reserved=279.1/1894.0
2026-04-11 16:27:06 | INFO | [Round 3] epoch=12/80 loss=1.5596 acc=42.62 val_acc=nan data_t=0.0073s batch_t=0.0803s epoch_t=00:00.61 lr=0.000946 | GPU MB alloc/reserved=279.1/1894.0
2026-04-11 16:27:06 | INFO | [Round 3] Epoch 12/80 time=00:00.61 avg=00:00.63 ETA=00:42.55 | GPU MB alloc/reserved=279.1/1894.0
2026-04-11 16:27:06 | INFO | [Round 3] epoch=13/80 loss=1.5090 acc=43.75 val_acc=nan data_t=0.0040s batch_t=0.0806s epoch_t=00:00.59 lr=0.000937 | GPU MB alloc/reserved=279.1/1894.0
2026-04-11 16:27:06 | INFO | [Round 3] Epoch 13/80 time=00:00.59 avg=00:00.62 ETA=00:41.76 | GPU MB alloc/reserved=279.1/1894.0
2026-04-11 16:27:07 | INFO | [Round 3] epoch=14/80 loss=1.5251 acc=41.62 val_acc=nan data_t=0.0049s batch_t=0.0820s epoch_t=00:00.61 lr=0.000927 | GPU MB alloc/reserved=279.1/1894.0
2026-04-11 16:27:07 | INFO | [Round 3] Epoch 14/80 time=00:00.61 avg=00:00.62 ETA=00:41.06 | GPU MB alloc/reserved=279.1/1894.0
2026-04-11 16:27:08 | INFO | [Round 3] epoch=15/80 loss=1.4184 acc=47.25 val_acc=nan data_t=0.0040s batch_t=0.0816s epoch_t=00:00.60 lr=0.000917 | GPU MB alloc/reserved=279.1/1894.0
2026-04-11 16:27:08 | INFO | [Round 3] Epoch 15/80 time=00:00.60 avg=00:00.62 ETA=00:40.34 | GPU MB alloc/reserved=279.1/1894.0
2026-04-11 16:27:08 | INFO | [Round 3] epoch=16/80 loss=1.3630 acc=48.38 val_acc=nan data_t=0.0044s batch_t=0.0847s epoch_t=00:00.62 lr=0.000905 | GPU MB alloc/reserved=279.1/1894.0
2026-04-11 16:27:08 | INFO | [Round 3] Epoch 16/80 time=00:00.62 avg=00:00.62 ETA=00:39.74 | GPU MB alloc/reserved=279.1/1894.0
2026-04-11 16:27:09 | INFO | [Round 3] epoch=17/80 loss=1.3036 acc=51.00 val_acc=nan data_t=0.0037s batch_t=0.0841s epoch_t=00:00.61 lr=0.000894 | GPU MB alloc/reserved=279.1/1894.0
2026-04-11 16:27:09 | INFO | [Round 3] Epoch 17/80 time=00:00.61 avg=00:00.62 ETA=00:39.10 | GPU MB alloc/reserved=279.1/1894.0
2026-04-11 16:27:10 | INFO | [Round 3] epoch=18/80 loss=1.3557 acc=49.75 val_acc=nan data_t=0.0052s batch_t=0.0830s epoch_t=00:00.62 lr=0.000881 | GPU MB alloc/reserved=279.1/1894.0
2026-04-11 16:27:10 | INFO | [Round 3] Epoch 18/80 time=00:00.62 avg=00:00.62 ETA=00:38.47 | GPU MB alloc/reserved=279.1/1894.0
2026-04-11 16:27:10 | INFO | [Round 3] epoch=19/80 loss=1.2775 acc=53.12 val_acc=nan data_t=0.0051s batch_t=0.0850s epoch_t=00:00.63 lr=0.000868 | GPU MB alloc/reserved=279.1/1894.0
2026-04-11 16:27:10 | INFO | [Round 3] Epoch 19/80 time=00:00.63 avg=00:00.62 ETA=00:37.88 | GPU MB alloc/reserved=279.1/1894.0
2026-04-11 16:27:11 | INFO | [Round 3] epoch=20/80 loss=1.2250 acc=54.88 val_acc=nan data_t=0.0041s batch_t=0.0848s epoch_t=00:00.62 lr=0.000855 | GPU MB alloc/reserved=279.1/1894.0
2026-04-11 16:27:11 | INFO | [Round 3] Epoch 20/80 time=00:00.62 avg=00:00.62 ETA=00:37.26 | GPU MB alloc/reserved=279.1/1894.0
2026-04-11 16:27:11 | INFO | [Round 3] epoch=21/80 loss=1.2136 acc=56.62 val_acc=nan data_t=0.0038s batch_t=0.0852s epoch_t=00:00.62 lr=0.000841 | GPU MB alloc/reserved=279.1/1894.0
2026-04-11 16:27:11 | INFO | [Round 3] Epoch 21/80 time=00:00.62 avg=00:00.62 ETA=00:36.65 | GPU MB alloc/reserved=279.1/1894.0
2026-04-11 16:27:12 | INFO | [Round 3] epoch=22/80 loss=1.1069 acc=58.12 val_acc=nan data_t=0.0058s batch_t=0.0854s epoch_t=00:00.64 lr=0.000826 | GPU MB alloc/reserved=279.1/1894.0
2026-04-11 16:27:12 | INFO | [Round 3] Epoch 22/80 time=00:00.64 avg=00:00.62 ETA=00:36.07 | GPU MB alloc/reserved=279.1/1894.0
2026-04-11 16:27:13 | INFO | [Round 3] epoch=23/80 loss=1.1253 acc=61.00 val_acc=nan data_t=0.0074s batch_t=0.0846s epoch_t=00:00.64 lr=0.000811 | GPU MB alloc/reserved=279.1/1894.0
2026-04-11 16:27:13 | INFO | [Round 3] Epoch 23/80 time=00:00.64 avg=00:00.62 ETA=00:35.50 | GPU MB alloc/reserved=279.1/1894.0
2026-04-11 16:27:13 | INFO | [Round 3] epoch=24/80 loss=1.0648 acc=61.25 val_acc=nan data_t=0.0062s batch_t=0.0847s epoch_t=00:00.64 lr=0.000796 | GPU MB alloc/reserved=279.1/1894.0
2026-04-11 16:27:13 | INFO | [Round 3] Epoch 24/80 time=00:00.64 avg=00:00.62 ETA=00:34.91 | GPU MB alloc/reserved=279.1/1894.0
2026-04-11 16:27:14 | INFO | [Round 3] epoch=25/80 loss=1.0249 acc=60.12 val_acc=nan data_t=0.0046s batch_t=0.0852s epoch_t=00:00.63 lr=0.000780 | GPU MB alloc/reserved=279.1/1894.0
2026-04-11 16:27:14 | INFO | [Round 3] Epoch 25/80 time=00:00.63 avg=00:00.62 ETA=00:34.30 | GPU MB alloc/reserved=279.1/1894.0
2026-04-11 16:27:15 | INFO | [Round 3] epoch=26/80 loss=0.9923 acc=62.62 val_acc=nan data_t=0.0057s batch_t=0.0865s epoch_t=00:00.65 lr=0.000764 | GPU MB alloc/reserved=279.1/1894.0
2026-04-11 16:27:15 | INFO | [Round 3] Epoch 26/80 time=00:00.65 avg=00:00.62 ETA=00:33.72 | GPU MB alloc/reserved=279.1/1894.0
2026-04-11 16:27:15 | INFO | [Round 3] epoch=27/80 loss=0.9237 acc=64.38 val_acc=nan data_t=0.0084s batch_t=0.0868s epoch_t=00:00.67 lr=0.000747 | GPU MB alloc/reserved=279.1/1894.0
2026-04-11 16:27:15 | INFO | [Round 3] Epoch 27/80 time=00:00.67 avg=00:00.63 ETA=00:33.18 | GPU MB alloc/reserved=279.1/1894.0
2026-04-11 16:27:16 | INFO | [Round 3] epoch=28/80 loss=0.9330 acc=66.50 val_acc=nan data_t=0.0040s batch_t=0.0849s epoch_t=00:00.62 lr=0.000730 | GPU MB alloc/reserved=279.1/1894.0
2026-04-11 16:27:16 | INFO | [Round 3] Epoch 28/80 time=00:00.62 avg=00:00.63 ETA=00:32.55 | GPU MB alloc/reserved=279.1/1894.0
2026-04-11 16:27:17 | INFO | [Round 3] epoch=29/80 loss=0.8651 acc=68.62 val_acc=nan data_t=0.0051s batch_t=0.0834s epoch_t=00:00.62 lr=0.000712 | GPU MB alloc/reserved=279.1/1894.0
2026-04-11 16:27:17 | INFO | [Round 3] Epoch 29/80 time=00:00.62 avg=00:00.63 ETA=00:31.91 | GPU MB alloc/reserved=279.1/1894.0
2026-04-11 16:27:17 | INFO | [Round 3] epoch=30/80 loss=0.8170 acc=69.38 val_acc=nan data_t=0.0035s batch_t=0.0850s epoch_t=00:00.62 lr=0.000694 | GPU MB alloc/reserved=279.1/1894.0
2026-04-11 16:27:17 | INFO | [Round 3] Epoch 30/80 time=00:00.62 avg=00:00.63 ETA=00:31.28 | GPU MB alloc/reserved=279.1/1894.0
2026-04-11 16:27:18 | INFO | [Round 3] epoch=31/80 loss=0.8126 acc=70.50 val_acc=nan data_t=0.0040s batch_t=0.0878s epoch_t=00:00.64 lr=0.000676 | GPU MB alloc/reserved=279.1/1894.0
2026-04-11 16:27:18 | INFO | [Round 3] Epoch 31/80 time=00:00.64 avg=00:00.63 ETA=00:30.68 | GPU MB alloc/reserved=279.1/1894.0
2026-04-11 16:27:18 | INFO | [Round 3] epoch=32/80 loss=0.8156 acc=69.25 val_acc=nan data_t=0.0083s batch_t=0.0826s epoch_t=00:00.64 lr=0.000658 | GPU MB alloc/reserved=279.1/1894.0
2026-04-11 16:27:18 | INFO | [Round 3] Epoch 32/80 time=00:00.64 avg=00:00.63 ETA=00:30.07 | GPU MB alloc/reserved=279.1/1894.0
2026-04-11 16:27:19 | INFO | [Round 3] epoch=33/80 loss=0.6610 acc=76.62 val_acc=nan data_t=0.0045s batch_t=0.0838s epoch_t=00:00.62 lr=0.000639 | GPU MB alloc/reserved=279.1/1894.0
2026-04-11 16:27:19 | INFO | [Round 3] Epoch 33/80 time=00:00.62 avg=00:00.63 ETA=00:29.43 | GPU MB alloc/reserved=279.1/1894.0
2026-04-11 16:27:20 | INFO | [Round 3] epoch=34/80 loss=0.7205 acc=72.50 val_acc=nan data_t=0.0040s batch_t=0.0843s epoch_t=00:00.62 lr=0.000621 | GPU MB alloc/reserved=279.1/1894.0
2026-04-11 16:27:20 | INFO | [Round 3] Epoch 34/80 time=00:00.62 avg=00:00.63 ETA=00:28.80 | GPU MB alloc/reserved=279.1/1894.0
2026-04-11 16:27:20 | INFO | [Round 3] epoch=35/80 loss=0.6637 acc=74.25 val_acc=nan data_t=0.0060s batch_t=0.0745s epoch_t=00:00.56 lr=0.000602 | GPU MB alloc/reserved=279.1/1894.0
2026-04-11 16:27:20 | INFO | [Round 3] Epoch 35/80 time=00:00.56 avg=00:00.62 ETA=00:28.09 | GPU MB alloc/reserved=279.1/1894.0
2026-04-11 16:27:21 | INFO | [Round 3] epoch=36/80 loss=0.6217 acc=76.88 val_acc=nan data_t=0.0061s batch_t=0.0952s epoch_t=00:00.71 lr=0.000582 | GPU MB alloc/reserved=279.1/1894.0
2026-04-11 16:27:21 | INFO | [Round 3] Epoch 36/80 time=00:00.71 avg=00:00.63 ETA=00:27.57 | GPU MB alloc/reserved=279.1/1894.0
2026-04-11 16:27:22 | INFO | [Round 3] epoch=37/80 loss=0.5418 acc=78.75 val_acc=nan data_t=0.0042s batch_t=0.0960s epoch_t=00:00.70 lr=0.000563 | GPU MB alloc/reserved=279.1/1894.0
2026-04-11 16:27:22 | INFO | [Round 3] Epoch 37/80 time=00:00.70 avg=00:00.63 ETA=00:27.03 | GPU MB alloc/reserved=279.1/1894.0
2026-04-11 16:27:22 | INFO | [Round 3] epoch=38/80 loss=0.5089 acc=81.12 val_acc=nan data_t=0.0046s batch_t=0.0950s epoch_t=00:00.70 lr=0.000544 | GPU MB alloc/reserved=279.1/1894.0
2026-04-11 16:27:22 | INFO | [Round 3] Epoch 38/80 time=00:00.70 avg=00:00.63 ETA=00:26.48 | GPU MB alloc/reserved=279.1/1894.0
2026-04-11 16:27:23 | INFO | [Round 3] epoch=39/80 loss=0.4645 acc=83.88 val_acc=nan data_t=0.0058s batch_t=0.0904s epoch_t=00:00.67 lr=0.000524 | GPU MB alloc/reserved=279.1/1894.0
2026-04-11 16:27:23 | INFO | [Round 3] Epoch 39/80 time=00:00.67 avg=00:00.63 ETA=00:25.89 | GPU MB alloc/reserved=279.1/1894.0
2026-04-11 16:27:24 | INFO | [Round 3] epoch=40/80 loss=0.4094 acc=85.25 val_acc=nan data_t=0.0049s batch_t=0.0941s epoch_t=00:00.69 lr=0.000505 | GPU MB alloc/reserved=279.1/1894.0
2026-04-11 16:27:24 | INFO | [Round 3] Epoch 40/80 time=00:00.69 avg=00:00.63 ETA=00:25.32 | GPU MB alloc/reserved=279.1/1894.0
2026-04-11 16:27:24 | INFO | [Round 3] epoch=41/80 loss=0.3770 acc=88.12 val_acc=nan data_t=0.0042s batch_t=0.0954s epoch_t=00:00.70 lr=0.000486 | GPU MB alloc/reserved=279.1/1894.0
2026-04-11 16:27:24 | INFO | [Round 3] Epoch 41/80 time=00:00.70 avg=00:00.63 ETA=00:24.75 | GPU MB alloc/reserved=279.1/1894.0
2026-04-11 16:27:25 | INFO | [Round 3] epoch=42/80 loss=0.3442 acc=88.12 val_acc=nan data_t=0.0050s batch_t=0.0934s epoch_t=00:00.69 lr=0.000466 | GPU MB alloc/reserved=279.1/1894.0
2026-04-11 16:27:25 | INFO | [Round 3] Epoch 42/80 time=00:00.69 avg=00:00.64 ETA=00:24.17 | GPU MB alloc/reserved=279.1/1894.0
2026-04-11 16:27:26 | INFO | [Round 3] epoch=43/80 loss=0.3416 acc=88.12 val_acc=nan data_t=0.0055s batch_t=0.0960s epoch_t=00:00.71 lr=0.000447 | GPU MB alloc/reserved=279.1/1894.0
2026-04-11 16:27:26 | INFO | [Round 3] Epoch 43/80 time=00:00.71 avg=00:00.64 ETA=00:23.59 | GPU MB alloc/reserved=279.1/1894.0
2026-04-11 16:27:27 | INFO | [Round 3] epoch=44/80 loss=0.3319 acc=88.75 val_acc=nan data_t=0.0054s batch_t=0.0949s epoch_t=00:00.70 lr=0.000428 | GPU MB alloc/reserved=279.1/1894.0
2026-04-11 16:27:27 | INFO | [Round 3] Epoch 44/80 time=00:00.70 avg=00:00.64 ETA=00:23.01 | GPU MB alloc/reserved=279.1/1894.0
2026-04-11 16:27:27 | INFO | [Round 3] epoch=45/80 loss=0.3340 acc=88.38 val_acc=nan data_t=0.0043s batch_t=0.0964s epoch_t=00:00.71 lr=0.000408 | GPU MB alloc/reserved=279.1/1894.0
2026-04-11 16:27:27 | INFO | [Round 3] Epoch 45/80 time=00:00.71 avg=00:00.64 ETA=00:22.42 | GPU MB alloc/reserved=279.1/1894.0
2026-04-11 16:27:28 | INFO | [Round 3] epoch=46/80 loss=0.3139 acc=89.38 val_acc=nan data_t=0.0049s batch_t=0.0955s epoch_t=00:00.70 lr=0.000389 | GPU MB alloc/reserved=279.1/1894.0
2026-04-11 16:27:28 | INFO | [Round 3] Epoch 46/80 time=00:00.70 avg=00:00.64 ETA=00:21.83 | GPU MB alloc/reserved=279.1/1894.0
2026-04-11 16:27:29 | INFO | [Round 3] epoch=47/80 loss=0.2530 acc=90.25 val_acc=nan data_t=0.0049s batch_t=0.0686s epoch_t=00:00.51 lr=0.000371 | GPU MB alloc/reserved=279.1/1894.0
2026-04-11 16:27:29 | INFO | [Round 3] Epoch 47/80 time=00:00.51 avg=00:00.64 ETA=00:21.10 | GPU MB alloc/reserved=279.1/1894.0
2026-04-11 16:27:29 | INFO | [Round 3] epoch=48/80 loss=0.2334 acc=93.00 val_acc=nan data_t=0.0040s batch_t=0.0582s epoch_t=00:00.44 lr=0.000352 | GPU MB alloc/reserved=279.1/1894.0
2026-04-11 16:27:29 | INFO | [Round 3] Epoch 48/80 time=00:00.44 avg=00:00.64 ETA=00:20.32 | GPU MB alloc/reserved=279.1/1894.0
2026-04-11 16:27:29 | INFO | [Round 3] epoch=49/80 loss=0.2763 acc=90.25 val_acc=nan data_t=0.0059s batch_t=0.0646s epoch_t=00:00.49 lr=0.000334 | GPU MB alloc/reserved=279.1/1894.0
2026-04-11 16:27:29 | INFO | [Round 3] Epoch 49/80 time=00:00.49 avg=00:00.63 ETA=00:19.60 | GPU MB alloc/reserved=279.1/1894.0
2026-04-11 16:27:30 | INFO | [Round 3] epoch=50/80 loss=0.2117 acc=93.62 val_acc=nan data_t=0.0044s batch_t=0.0737s epoch_t=00:00.55 lr=0.000316 | GPU MB alloc/reserved=279.1/1894.0
2026-04-11 16:27:30 | INFO | [Round 3] Epoch 50/80 time=00:00.55 avg=00:00.63 ETA=00:18.91 | GPU MB alloc/reserved=279.1/1894.0
2026-04-11 16:27:30 | INFO | [Round 3] epoch=51/80 loss=0.1923 acc=94.25 val_acc=nan data_t=0.0056s batch_t=0.0576s epoch_t=00:00.44 lr=0.000298 | GPU MB alloc/reserved=279.1/1894.0
2026-04-11 16:27:30 | INFO | [Round 3] Epoch 51/80 time=00:00.44 avg=00:00.63 ETA=00:18.18 | GPU MB alloc/reserved=279.1/1894.0
2026-04-11 16:27:31 | INFO | [Round 3] epoch=52/80 loss=0.1750 acc=94.50 val_acc=nan data_t=0.0038s batch_t=0.0751s epoch_t=00:00.55 lr=0.000280 | GPU MB alloc/reserved=279.1/1894.0
2026-04-11 16:27:31 | INFO | [Round 3] Epoch 52/80 time=00:00.55 avg=00:00.63 ETA=00:17.51 | GPU MB alloc/reserved=279.1/1894.0
2026-04-11 16:27:32 | INFO | [Round 3] epoch=53/80 loss=0.1755 acc=94.75 val_acc=nan data_t=0.0058s batch_t=0.0761s epoch_t=00:00.57 lr=0.000263 | GPU MB alloc/reserved=279.1/1894.0
2026-04-11 16:27:32 | INFO | [Round 3] Epoch 53/80 time=00:00.57 avg=00:00.62 ETA=00:16.86 | GPU MB alloc/reserved=279.1/1894.0
2026-04-11 16:27:32 | INFO | [Round 3] epoch=54/80 loss=0.1679 acc=95.38 val_acc=nan data_t=0.0078s batch_t=0.0813s epoch_t=00:00.62 lr=0.000246 | GPU MB alloc/reserved=279.1/1894.0
2026-04-11 16:27:32 | INFO | [Round 3] Epoch 54/80 time=00:00.62 avg=00:00.62 ETA=00:16.23 | GPU MB alloc/reserved=279.1/1894.0
2026-04-11 16:27:33 | INFO | [Round 3] epoch=55/80 loss=0.1374 acc=96.62 val_acc=nan data_t=0.0058s batch_t=0.0825s epoch_t=00:00.62 lr=0.000230 | GPU MB alloc/reserved=279.1/1894.0
2026-04-11 16:27:33 | INFO | [Round 3] Epoch 55/80 time=00:00.62 avg=00:00.62 ETA=00:15.61 | GPU MB alloc/reserved=279.1/1894.0
2026-04-11 16:27:33 | INFO | [Round 3] epoch=56/80 loss=0.1139 acc=97.00 val_acc=nan data_t=0.0055s batch_t=0.0825s epoch_t=00:00.62 lr=0.000214 | GPU MB alloc/reserved=279.1/1894.0
2026-04-11 16:27:33 | INFO | [Round 3] Epoch 56/80 time=00:00.62 avg=00:00.62 ETA=00:14.98 | GPU MB alloc/reserved=279.1/1894.0
2026-04-11 16:27:34 | INFO | [Round 3] epoch=57/80 loss=0.0903 acc=98.62 val_acc=nan data_t=0.0033s batch_t=0.0878s epoch_t=00:00.64 lr=0.000199 | GPU MB alloc/reserved=279.1/1894.0
2026-04-11 16:27:34 | INFO | [Round 3] Epoch 57/80 time=00:00.64 avg=00:00.62 ETA=00:14.36 | GPU MB alloc/reserved=279.1/1894.0
2026-04-11 16:27:35 | INFO | [Round 3] epoch=58/80 loss=0.0819 acc=98.75 val_acc=nan data_t=0.0075s batch_t=0.0884s epoch_t=00:00.67 lr=0.000184 | GPU MB alloc/reserved=279.1/1894.0
2026-04-11 16:27:35 | INFO | [Round 3] Epoch 58/80 time=00:00.67 avg=00:00.63 ETA=00:13.75 | GPU MB alloc/reserved=279.1/1894.0
2026-04-11 16:27:35 | INFO | [Round 3] epoch=59/80 loss=0.0717 acc=98.75 val_acc=nan data_t=0.0063s batch_t=0.0866s epoch_t=00:00.65 lr=0.000169 | GPU MB alloc/reserved=279.1/1894.0
2026-04-11 16:27:35 | INFO | [Round 3] Epoch 59/80 time=00:00.65 avg=00:00.63 ETA=00:13.14 | GPU MB alloc/reserved=279.1/1894.0
2026-04-11 16:27:36 | INFO | [Round 3] epoch=60/80 loss=0.0897 acc=98.25 val_acc=nan data_t=0.0068s batch_t=0.0850s epoch_t=00:00.64 lr=0.000155 | GPU MB alloc/reserved=279.1/1894.0
2026-04-11 16:27:36 | INFO | [Round 3] Epoch 60/80 time=00:00.64 avg=00:00.63 ETA=00:12.52 | GPU MB alloc/reserved=279.1/1894.0
2026-04-11 16:27:37 | INFO | [Round 3] epoch=61/80 loss=0.0716 acc=98.75 val_acc=nan data_t=0.0062s batch_t=0.0833s epoch_t=00:00.63 lr=0.000142 | GPU MB alloc/reserved=279.1/1894.0
2026-04-11 16:27:37 | INFO | [Round 3] Epoch 61/80 time=00:00.63 avg=00:00.63 ETA=00:11.89 | GPU MB alloc/reserved=279.1/1894.0
2026-04-11 16:27:37 | INFO | [Round 3] epoch=62/80 loss=0.0711 acc=98.62 val_acc=nan data_t=0.0041s batch_t=0.0822s epoch_t=00:00.60 lr=0.000129 | GPU MB alloc/reserved=279.1/1894.0
2026-04-11 16:27:37 | INFO | [Round 3] Epoch 62/80 time=00:00.60 avg=00:00.63 ETA=00:11.26 | GPU MB alloc/reserved=279.1/1894.0
2026-04-11 16:27:38 | INFO | [Round 3] epoch=63/80 loss=0.0574 acc=99.00 val_acc=nan data_t=0.0044s batch_t=0.0861s epoch_t=00:00.63 lr=0.000116 | GPU MB alloc/reserved=279.1/1894.0
2026-04-11 16:27:38 | INFO | [Round 3] Epoch 63/80 time=00:00.63 avg=00:00.63 ETA=00:10.64 | GPU MB alloc/reserved=279.1/1894.0
2026-04-11 16:27:39 | INFO | [Round 3] epoch=64/80 loss=0.0615 acc=99.50 val_acc=nan data_t=0.0059s batch_t=0.0842s epoch_t=00:00.63 lr=0.000105 | GPU MB alloc/reserved=279.1/1894.0
2026-04-11 16:27:39 | INFO | [Round 3] Epoch 64/80 time=00:00.63 avg=00:00.63 ETA=00:10.01 | GPU MB alloc/reserved=279.1/1894.0
2026-04-11 16:27:39 | INFO | [Round 3] epoch=65/80 loss=0.0402 acc=99.75 val_acc=nan data_t=0.0041s batch_t=0.0851s epoch_t=00:00.62 lr=0.000093 | GPU MB alloc/reserved=279.1/1894.0
2026-04-11 16:27:39 | INFO | [Round 3] Epoch 65/80 time=00:00.62 avg=00:00.63 ETA=00:09.39 | GPU MB alloc/reserved=279.1/1894.0
2026-04-11 16:27:40 | INFO | [Round 3] epoch=66/80 loss=0.0396 acc=99.75 val_acc=nan data_t=0.0056s batch_t=0.0849s epoch_t=00:00.63 lr=0.000083 | GPU MB alloc/reserved=279.1/1894.0
2026-04-11 16:27:40 | INFO | [Round 3] Epoch 66/80 time=00:00.63 avg=00:00.63 ETA=00:08.76 | GPU MB alloc/reserved=279.1/1894.0
2026-04-11 16:27:40 | INFO | [Round 3] epoch=67/80 loss=0.0383 acc=99.50 val_acc=nan data_t=0.0056s batch_t=0.0814s epoch_t=00:00.61 lr=0.000073 | GPU MB alloc/reserved=279.1/1894.0
2026-04-11 16:27:40 | INFO | [Round 3] Epoch 67/80 time=00:00.61 avg=00:00.63 ETA=00:08.13 | GPU MB alloc/reserved=279.1/1894.0
2026-04-11 16:27:41 | INFO | [Round 3] epoch=68/80 loss=0.0378 acc=99.75 val_acc=nan data_t=0.0049s batch_t=0.0828s epoch_t=00:00.61 lr=0.000064 | GPU MB alloc/reserved=279.1/1894.0
2026-04-11 16:27:41 | INFO | [Round 3] Epoch 68/80 time=00:00.61 avg=00:00.63 ETA=00:07.50 | GPU MB alloc/reserved=279.1/1894.0
2026-04-11 16:27:42 | INFO | [Round 3] epoch=69/80 loss=0.0352 acc=99.88 val_acc=nan data_t=0.0040s batch_t=0.0661s epoch_t=00:00.49 lr=0.000055 | GPU MB alloc/reserved=279.1/1894.0
2026-04-11 16:27:42 | INFO | [Round 3] Epoch 69/80 time=00:00.49 avg=00:00.62 ETA=00:06.86 | GPU MB alloc/reserved=279.1/1894.0
2026-04-11 16:27:42 | INFO | [Round 3] epoch=70/80 loss=0.0410 acc=99.62 val_acc=nan data_t=0.0049s batch_t=0.0908s epoch_t=00:00.67 lr=0.000048 | GPU MB alloc/reserved=279.1/1894.0
2026-04-11 16:27:42 | INFO | [Round 3] Epoch 70/80 time=00:00.67 avg=00:00.62 ETA=00:06.24 | GPU MB alloc/reserved=279.1/1894.0
2026-04-11 16:27:43 | INFO | [Round 3] epoch=71/80 loss=0.0357 acc=99.25 val_acc=nan data_t=0.0080s batch_t=0.0983s epoch_t=00:00.74 lr=0.000041 | GPU MB alloc/reserved=279.1/1894.0
2026-04-11 16:27:43 | INFO | [Round 3] Epoch 71/80 time=00:00.74 avg=00:00.63 ETA=00:05.63 | GPU MB alloc/reserved=279.1/1894.0
2026-04-11 16:27:44 | INFO | [Round 3] epoch=72/80 loss=0.0313 acc=99.88 val_acc=nan data_t=0.0059s batch_t=0.0948s epoch_t=00:00.71 lr=0.000034 | GPU MB alloc/reserved=279.1/1894.0
2026-04-11 16:27:44 | INFO | [Round 3] Epoch 72/80 time=00:00.71 avg=00:00.63 ETA=00:05.02 | GPU MB alloc/reserved=279.1/1894.0
2026-04-11 16:27:44 | INFO | [Round 3] epoch=73/80 loss=0.0328 acc=99.62 val_acc=nan data_t=0.0037s batch_t=0.0802s epoch_t=00:00.59 lr=0.000029 | GPU MB alloc/reserved=279.1/1894.0
2026-04-11 16:27:44 | INFO | [Round 3] Epoch 73/80 time=00:00.59 avg=00:00.63 ETA=00:04.38 | GPU MB alloc/reserved=279.1/1894.0
2026-04-11 16:27:45 | INFO | [Round 3] epoch=74/80 loss=0.0387 acc=99.38 val_acc=nan data_t=0.0046s batch_t=0.0941s epoch_t=00:00.69 lr=0.000024 | GPU MB alloc/reserved=279.1/1894.0
2026-04-11 16:27:45 | INFO | [Round 3] Epoch 74/80 time=00:00.69 avg=00:00.63 ETA=00:03.76 | GPU MB alloc/reserved=279.1/1894.0
2026-04-11 16:27:46 | INFO | [Round 3] epoch=75/80 loss=0.0329 acc=99.62 val_acc=nan data_t=0.0046s batch_t=0.0944s epoch_t=00:00.69 lr=0.000020 | GPU MB alloc/reserved=279.1/1894.0
2026-04-11 16:27:46 | INFO | [Round 3] Epoch 75/80 time=00:00.69 avg=00:00.63 ETA=00:03.14 | GPU MB alloc/reserved=279.1/1894.0
2026-04-11 16:27:46 | INFO | [Round 3] epoch=76/80 loss=0.0274 acc=99.75 val_acc=nan data_t=0.0050s batch_t=0.0921s epoch_t=00:00.68 lr=0.000016 | GPU MB alloc/reserved=279.1/1894.0
2026-04-11 16:27:46 | INFO | [Round 3] Epoch 76/80 time=00:00.68 avg=00:00.63 ETA=00:02.52 | GPU MB alloc/reserved=279.1/1894.0
2026-04-11 16:27:47 | INFO | [Round 3] epoch=77/80 loss=0.0304 acc=99.88 val_acc=nan data_t=0.0060s batch_t=0.0938s epoch_t=00:00.70 lr=0.000013 | GPU MB alloc/reserved=279.1/1894.0
2026-04-11 16:27:47 | INFO | [Round 3] Epoch 77/80 time=00:00.70 avg=00:00.63 ETA=00:01.89 | GPU MB alloc/reserved=279.1/1894.0
2026-04-11 16:27:48 | INFO | [Round 3] epoch=78/80 loss=0.0347 acc=99.62 val_acc=nan data_t=0.0076s batch_t=0.0958s epoch_t=00:00.72 lr=0.000012 | GPU MB alloc/reserved=279.1/1894.0
2026-04-11 16:27:48 | INFO | [Round 3] Epoch 78/80 time=00:00.72 avg=00:00.63 ETA=00:01.26 | GPU MB alloc/reserved=279.1/1894.0
2026-04-11 16:27:48 | INFO | [Round 3] epoch=79/80 loss=0.0346 acc=99.62 val_acc=nan data_t=0.0068s batch_t=0.0941s epoch_t=00:00.71 lr=0.000010 | GPU MB alloc/reserved=279.1/1894.0
2026-04-11 16:27:48 | INFO | [Round 3] Epoch 79/80 time=00:00.71 avg=00:00.63 ETA=00:00.63 | GPU MB alloc/reserved=279.1/1894.0
2026-04-11 16:27:49 | INFO | [Round 3] epoch=80/80 loss=0.0315 acc=99.50 val_acc=nan data_t=0.0040s batch_t=0.0925s epoch_t=00:00.68 lr=0.000010 | GPU MB alloc/reserved=279.1/1894.0
2026-04-11 16:27:49 | INFO | [Round 3] Epoch 80/80 time=00:00.68 avg=00:00.63 ETA=00:00.00 | GPU MB alloc/reserved=279.1/1894.0
2026-04-11 16:27:49 | INFO | [Round 3] training complete in 00:50.93 (best monitor=99.875) | GPU MB alloc/reserved=279.1/1894.0
2026-04-11 16:27:49 | INFO | [Round 3] evaluation started | GPU MB alloc/reserved=193.1/1894.0
2026-04-11 16:27:57 | INFO | [Round 3] clean=47.59 fgsm=37.61 pgd=37.35 grad_disp_mean=nan grad_disp_sel=nan round_t=60.63s | GPU MB alloc/reserved=193.1/1894.0
2026-04-11 16:27:57 | INFO | [Round 4/21] elapsed=01:00.63 avg_round=00:50.22 projected_remaining=14:13.79 | GPU MB alloc/reserved=193.1/1894.0
2026-04-11 16:27:58 | INFO | [Round 4] acquisition on pool_size=49200 scored_pool=5000 budget=100 | GPU MB alloc/reserved=103.8/1894.0
2026-04-11 16:27:58 | INFO | [CoreSet-unlabeled-feat] scoring progress 10/20 elapsed=00:00.24 avg/batch=0.024s ETA=00:00.24 | GPU MB alloc/reserved=111.8/1894.0
2026-04-11 16:27:58 | INFO | [CoreSet-unlabeled-feat] scoring progress 20/20 elapsed=00:00.37 avg/batch=0.018s ETA=00:00.00 | GPU MB alloc/reserved=115.8/1894.0
2026-04-11 16:27:59 | INFO | [CoreSet-labeled-feat] scoring progress 4/4 elapsed=00:00.19 avg/batch=0.049s ETA=00:00.00 | GPU MB alloc/reserved=115.5/1894.0
2026-04-11 16:27:59 | INFO | [CoreSet] greedy 10/100 cover_radius=19.090847 | GPU: n/a
2026-04-11 16:27:59 | INFO | [CoreSet] greedy 20/100 cover_radius=18.714710 | GPU: n/a
2026-04-11 16:27:59 | INFO | [CoreSet] greedy 30/100 cover_radius=18.367798 | GPU: n/a
2026-04-11 16:27:59 | INFO | [CoreSet] greedy 40/100 cover_radius=17.872545 | GPU: n/a
2026-04-11 16:27:59 | INFO | [CoreSet] greedy 50/100 cover_radius=17.577341 | GPU: n/a
2026-04-11 16:27:59 | INFO | [CoreSet] greedy 60/100 cover_radius=17.411671 | GPU: n/a
2026-04-11 16:27:59 | INFO | [CoreSet] greedy 70/100 cover_radius=17.259947 | GPU: n/a
2026-04-11 16:27:59 | INFO | [CoreSet] greedy 80/100 cover_radius=17.065916 | GPU: n/a
2026-04-11 16:27:59 | INFO | [CoreSet] greedy 90/100 cover_radius=16.892895 | GPU: n/a
2026-04-11 16:28:00 | INFO | [CoreSet] greedy 100/100 cover_radius=16.766466 | GPU: n/a
2026-04-11 16:28:00 | INFO | [Round 4] labeled=900 train=900 val_fixed=0 | GPU MB alloc/reserved=147.6/1894.0
2026-04-11 16:28:01 | INFO | [Round 4] epoch=1/80 loss=2.3780 acc=17.00 val_acc=nan data_t=0.0260s batch_t=0.0881s epoch_t=00:00.91 lr=0.001000 | GPU MB alloc/reserved=278.7/1898.0
2026-04-11 16:28:01 | INFO | [Round 4] Epoch 1/80 time=00:00.91 avg=00:00.91 ETA=01:12.11 | GPU MB alloc/reserved=278.7/1898.0
2026-04-11 16:28:02 | INFO | [Round 4] epoch=2/80 loss=2.2664 acc=19.33 val_acc=nan data_t=0.0036s batch_t=0.0792s epoch_t=00:00.66 lr=0.000998 | GPU MB alloc/reserved=278.7/1898.0
2026-04-11 16:28:02 | INFO | [Round 4] Epoch 2/80 time=00:00.66 avg=00:00.79 ETA=01:01.45 | GPU MB alloc/reserved=278.7/1898.0
2026-04-11 16:28:02 | INFO | [Round 4] epoch=3/80 loss=2.1335 acc=21.33 val_acc=nan data_t=0.0058s batch_t=0.0817s epoch_t=00:00.70 lr=0.000997 | GPU MB alloc/reserved=278.7/1898.0
2026-04-11 16:28:02 | INFO | [Round 4] Epoch 3/80 time=00:00.70 avg=00:00.76 ETA=00:58.43 | GPU MB alloc/reserved=278.7/1898.0
2026-04-11 16:28:03 | INFO | [Round 4] epoch=4/80 loss=2.0733 acc=23.22 val_acc=nan data_t=0.0036s batch_t=0.0826s epoch_t=00:00.69 lr=0.000994 | GPU MB alloc/reserved=278.7/1898.0
2026-04-11 16:28:03 | INFO | [Round 4] Epoch 4/80 time=00:00.69 avg=00:00.74 ETA=00:56.35 | GPU MB alloc/reserved=278.7/1898.0
2026-04-11 16:28:04 | INFO | [Round 4] epoch=5/80 loss=2.0408 acc=23.89 val_acc=nan data_t=0.0048s batch_t=0.0816s epoch_t=00:00.69 lr=0.000990 | GPU MB alloc/reserved=278.7/1898.0
2026-04-11 16:28:04 | INFO | [Round 4] Epoch 5/80 time=00:00.69 avg=00:00.73 ETA=00:54.86 | GPU MB alloc/reserved=278.7/1898.0
2026-04-11 16:28:04 | INFO | [Round 4] epoch=6/80 loss=1.9685 acc=27.22 val_acc=nan data_t=0.0063s batch_t=0.0804s epoch_t=00:00.69 lr=0.000986 | GPU MB alloc/reserved=278.7/1898.0
2026-04-11 16:28:04 | INFO | [Round 4] Epoch 6/80 time=00:00.69 avg=00:00.73 ETA=00:53.66 | GPU MB alloc/reserved=278.7/1898.0
2026-04-11 16:28:05 | INFO | [Round 4] epoch=7/80 loss=2.0352 acc=26.56 val_acc=nan data_t=0.0031s batch_t=0.0826s epoch_t=00:00.69 lr=0.000981 | GPU MB alloc/reserved=278.7/1898.0
2026-04-11 16:28:05 | INFO | [Round 4] Epoch 7/80 time=00:00.69 avg=00:00.72 ETA=00:52.52 | GPU MB alloc/reserved=278.7/1898.0
2026-04-11 16:28:06 | INFO | [Round 4] epoch=8/80 loss=1.9124 acc=28.00 val_acc=nan data_t=0.0035s batch_t=0.0828s epoch_t=00:00.69 lr=0.000976 | GPU MB alloc/reserved=278.7/1898.0
2026-04-11 16:28:06 | INFO | [Round 4] Epoch 8/80 time=00:00.69 avg=00:00.72 ETA=00:51.55 | GPU MB alloc/reserved=278.7/1898.0
2026-04-11 16:28:07 | INFO | [Round 4] epoch=9/80 loss=1.8956 acc=29.44 val_acc=nan data_t=0.0046s batch_t=0.0812s epoch_t=00:00.69 lr=0.000969 | GPU MB alloc/reserved=278.7/1898.0
2026-04-11 16:28:07 | INFO | [Round 4] Epoch 9/80 time=00:00.69 avg=00:00.71 ETA=00:50.60 | GPU MB alloc/reserved=278.7/1898.0
2026-04-11 16:28:07 | INFO | [Round 4] epoch=10/80 loss=1.8168 acc=33.78 val_acc=nan data_t=0.0033s batch_t=0.0842s epoch_t=00:00.70 lr=0.000962 | GPU MB alloc/reserved=278.7/1898.0
2026-04-11 16:28:07 | INFO | [Round 4] Epoch 10/80 time=00:00.70 avg=00:00.71 ETA=00:49.81 | GPU MB alloc/reserved=278.7/1898.0
2026-04-11 16:28:08 | INFO | [Round 4] epoch=11/80 loss=1.9230 acc=28.89 val_acc=nan data_t=0.0055s batch_t=0.0794s epoch_t=00:00.68 lr=0.000955 | GPU MB alloc/reserved=278.7/1898.0
2026-04-11 16:28:08 | INFO | [Round 4] Epoch 11/80 time=00:00.68 avg=00:00.71 ETA=00:48.89 | GPU MB alloc/reserved=278.7/1898.0
2026-04-11 16:28:09 | INFO | [Round 4] epoch=12/80 loss=1.8578 acc=31.33 val_acc=nan data_t=0.0076s batch_t=0.0817s epoch_t=00:00.71 lr=0.000946 | GPU MB alloc/reserved=278.7/1898.0
2026-04-11 16:28:09 | INFO | [Round 4] Epoch 12/80 time=00:00.71 avg=00:00.71 ETA=00:48.22 | GPU MB alloc/reserved=278.7/1898.0
2026-04-11 16:28:09 | INFO | [Round 4] epoch=13/80 loss=1.9105 acc=29.00 val_acc=nan data_t=0.0052s batch_t=0.0803s epoch_t=00:00.68 lr=0.000937 | GPU MB alloc/reserved=278.7/1898.0
2026-04-11 16:28:09 | INFO | [Round 4] Epoch 13/80 time=00:00.68 avg=00:00.71 ETA=00:47.38 | GPU MB alloc/reserved=278.7/1898.0
2026-04-11 16:28:10 | INFO | [Round 4] epoch=14/80 loss=1.9284 acc=29.67 val_acc=nan data_t=0.0050s batch_t=0.0809s epoch_t=00:00.69 lr=0.000927 | GPU MB alloc/reserved=278.7/1898.0
2026-04-11 16:28:10 | INFO | [Round 4] Epoch 14/80 time=00:00.69 avg=00:00.71 ETA=00:46.59 | GPU MB alloc/reserved=278.7/1898.0
2026-04-11 16:28:11 | INFO | [Round 4] epoch=15/80 loss=1.9795 acc=28.11 val_acc=nan data_t=0.0036s batch_t=0.0823s epoch_t=00:00.69 lr=0.000917 | GPU MB alloc/reserved=278.7/1898.0
2026-04-11 16:28:11 | INFO | [Round 4] Epoch 15/80 time=00:00.69 avg=00:00.70 ETA=00:45.80 | GPU MB alloc/reserved=278.7/1898.0
2026-04-11 16:28:11 | INFO | [Round 4] epoch=16/80 loss=1.8694 acc=32.44 val_acc=nan data_t=0.0048s batch_t=0.0821s epoch_t=00:00.70 lr=0.000905 | GPU MB alloc/reserved=278.7/1898.0
2026-04-11 16:28:11 | INFO | [Round 4] Epoch 16/80 time=00:00.70 avg=00:00.70 ETA=00:45.06 | GPU MB alloc/reserved=278.7/1898.0
2026-04-11 16:28:12 | INFO | [Round 4] epoch=17/80 loss=1.8109 acc=32.22 val_acc=nan data_t=0.0071s batch_t=0.0816s epoch_t=00:00.71 lr=0.000894 | GPU MB alloc/reserved=278.7/1898.0
2026-04-11 16:28:12 | INFO | [Round 4] Epoch 17/80 time=00:00.71 avg=00:00.70 ETA=00:44.38 | GPU MB alloc/reserved=278.7/1898.0
2026-04-11 16:28:13 | INFO | [Round 4] epoch=18/80 loss=1.7594 acc=33.22 val_acc=nan data_t=0.0032s batch_t=0.0821s epoch_t=00:00.68 lr=0.000881 | GPU MB alloc/reserved=278.7/1898.0
2026-04-11 16:28:13 | INFO | [Round 4] Epoch 18/80 time=00:00.68 avg=00:00.70 ETA=00:43.60 | GPU MB alloc/reserved=278.7/1898.0
2026-04-11 16:28:14 | INFO | [Round 4] epoch=19/80 loss=1.7294 acc=34.89 val_acc=nan data_t=0.0068s batch_t=0.0805s epoch_t=00:00.70 lr=0.000868 | GPU MB alloc/reserved=278.7/1898.0
2026-04-11 16:28:14 | INFO | [Round 4] Epoch 19/80 time=00:00.70 avg=00:00.70 ETA=00:42.88 | GPU MB alloc/reserved=278.7/1898.0
2026-04-11 16:28:14 | INFO | [Round 4] epoch=20/80 loss=1.7633 acc=34.33 val_acc=nan data_t=0.0061s batch_t=0.0847s epoch_t=00:00.73 lr=0.000855 | GPU MB alloc/reserved=278.7/1898.0
2026-04-11 16:28:14 | INFO | [Round 4] Epoch 20/80 time=00:00.73 avg=00:00.70 ETA=00:42.25 | GPU MB alloc/reserved=278.7/1898.0
2026-04-11 16:28:15 | INFO | [Round 4] epoch=21/80 loss=1.7929 acc=33.56 val_acc=nan data_t=0.0035s batch_t=0.0832s epoch_t=00:00.69 lr=0.000841 | GPU MB alloc/reserved=278.7/1898.0
2026-04-11 16:28:15 | INFO | [Round 4] Epoch 21/80 time=00:00.69 avg=00:00.70 ETA=00:41.52 | GPU MB alloc/reserved=278.7/1898.0
2026-04-11 16:28:16 | INFO | [Round 4] epoch=22/80 loss=1.8306 acc=32.22 val_acc=nan data_t=0.0045s batch_t=0.0860s epoch_t=00:00.72 lr=0.000826 | GPU MB alloc/reserved=278.7/1898.0
2026-04-11 16:28:16 | INFO | [Round 4] Epoch 22/80 time=00:00.72 avg=00:00.70 ETA=00:40.87 | GPU MB alloc/reserved=278.7/1898.0
2026-04-11 16:28:16 | INFO | [Round 4] epoch=23/80 loss=1.7798 acc=33.33 val_acc=nan data_t=0.0061s batch_t=0.0858s epoch_t=00:00.74 lr=0.000811 | GPU MB alloc/reserved=278.7/1898.0
2026-04-11 16:28:16 | INFO | [Round 4] Epoch 23/80 time=00:00.74 avg=00:00.71 ETA=00:40.24 | GPU MB alloc/reserved=278.7/1898.0
2026-04-11 16:28:17 | INFO | [Round 4] epoch=24/80 loss=1.7118 acc=37.89 val_acc=nan data_t=0.0042s batch_t=0.0854s epoch_t=00:00.72 lr=0.000796 | GPU MB alloc/reserved=278.7/1898.0
2026-04-11 16:28:17 | INFO | [Round 4] Epoch 24/80 time=00:00.72 avg=00:00.71 ETA=00:39.56 | GPU MB alloc/reserved=278.7/1898.0
2026-04-11 16:28:18 | INFO | [Round 4] epoch=25/80 loss=1.6827 acc=36.89 val_acc=nan data_t=0.0078s batch_t=0.0863s epoch_t=00:00.75 lr=0.000780 | GPU MB alloc/reserved=278.7/1898.0
2026-04-11 16:28:18 | INFO | [Round 4] Epoch 25/80 time=00:00.75 avg=00:00.71 ETA=00:38.96 | GPU MB alloc/reserved=278.7/1898.0
2026-04-11 16:28:19 | INFO | [Round 4] epoch=26/80 loss=1.6536 acc=38.67 val_acc=nan data_t=0.0039s batch_t=0.0873s epoch_t=00:00.73 lr=0.000764 | GPU MB alloc/reserved=278.7/1898.0
2026-04-11 16:28:19 | INFO | [Round 4] Epoch 26/80 time=00:00.73 avg=00:00.71 ETA=00:38.29 | GPU MB alloc/reserved=278.7/1898.0
2026-04-11 16:28:19 | INFO | [Round 4] epoch=27/80 loss=1.6155 acc=39.78 val_acc=nan data_t=0.0045s batch_t=0.0862s epoch_t=00:00.73 lr=0.000747 | GPU MB alloc/reserved=278.7/1898.0
2026-04-11 16:28:19 | INFO | [Round 4] Epoch 27/80 time=00:00.73 avg=00:00.71 ETA=00:37.62 | GPU MB alloc/reserved=278.7/1898.0
2026-04-11 16:28:20 | INFO | [Round 4] epoch=28/80 loss=1.5703 acc=43.22 val_acc=nan data_t=0.0049s batch_t=0.0868s epoch_t=00:00.73 lr=0.000730 | GPU MB alloc/reserved=278.7/1898.0
2026-04-11 16:28:20 | INFO | [Round 4] Epoch 28/80 time=00:00.73 avg=00:00.71 ETA=00:36.95 | GPU MB alloc/reserved=278.7/1898.0
2026-04-11 16:28:21 | INFO | [Round 4] epoch=29/80 loss=1.5654 acc=43.11 val_acc=nan data_t=0.0064s batch_t=0.0855s epoch_t=00:00.74 lr=0.000712 | GPU MB alloc/reserved=278.7/1898.0
2026-04-11 16:28:21 | INFO | [Round 4] Epoch 29/80 time=00:00.74 avg=00:00.71 ETA=00:36.28 | GPU MB alloc/reserved=278.7/1898.0
2026-04-11 16:28:22 | INFO | [Round 4] epoch=30/80 loss=1.5914 acc=40.56 val_acc=nan data_t=0.0066s batch_t=0.0837s epoch_t=00:00.72 lr=0.000694 | GPU MB alloc/reserved=278.7/1898.0
2026-04-11 16:28:22 | INFO | [Round 4] Epoch 30/80 time=00:00.72 avg=00:00.71 ETA=00:35.59 | GPU MB alloc/reserved=278.7/1898.0
2026-04-11 16:28:22 | INFO | [Round 4] epoch=31/80 loss=1.5882 acc=41.00 val_acc=nan data_t=0.0059s batch_t=0.0843s epoch_t=00:00.72 lr=0.000676 | GPU MB alloc/reserved=278.7/1898.0
2026-04-11 16:28:22 | INFO | [Round 4] Epoch 31/80 time=00:00.72 avg=00:00.71 ETA=00:34.90 | GPU MB alloc/reserved=278.7/1898.0
2026-04-11 16:28:23 | INFO | [Round 4] epoch=32/80 loss=1.5571 acc=41.22 val_acc=nan data_t=0.0031s batch_t=0.0824s epoch_t=00:00.68 lr=0.000658 | GPU MB alloc/reserved=278.7/1898.0
2026-04-11 16:28:23 | INFO | [Round 4] Epoch 32/80 time=00:00.68 avg=00:00.71 ETA=00:34.14 | GPU MB alloc/reserved=278.7/1898.0
2026-04-11 16:28:24 | INFO | [Round 4] epoch=33/80 loss=1.5984 acc=41.44 val_acc=nan data_t=0.0048s batch_t=0.0800s epoch_t=00:00.68 lr=0.000639 | GPU MB alloc/reserved=278.7/1898.0
2026-04-11 16:28:24 | INFO | [Round 4] Epoch 33/80 time=00:00.68 avg=00:00.71 ETA=00:33.38 | GPU MB alloc/reserved=278.7/1898.0
2026-04-11 16:28:24 | INFO | [Round 4] epoch=34/80 loss=1.5750 acc=39.67 val_acc=nan data_t=0.0059s batch_t=0.0831s epoch_t=00:00.71 lr=0.000621 | GPU MB alloc/reserved=278.7/1898.0
2026-04-11 16:28:24 | INFO | [Round 4] Epoch 34/80 time=00:00.71 avg=00:00.71 ETA=00:32.68 | GPU MB alloc/reserved=278.7/1898.0
2026-04-11 16:28:25 | INFO | [Round 4] epoch=35/80 loss=1.5901 acc=39.67 val_acc=nan data_t=0.0063s batch_t=0.0830s epoch_t=00:00.71 lr=0.000602 | GPU MB alloc/reserved=278.7/1898.0
2026-04-11 16:28:25 | INFO | [Round 4] Epoch 35/80 time=00:00.71 avg=00:00.71 ETA=00:31.97 | GPU MB alloc/reserved=278.7/1898.0
2026-04-11 16:28:26 | INFO | [Round 4] epoch=36/80 loss=1.5167 acc=43.78 val_acc=nan data_t=0.0066s batch_t=0.0780s epoch_t=00:00.68 lr=0.000582 | GPU MB alloc/reserved=278.7/1898.0
2026-04-11 16:28:26 | INFO | [Round 4] Epoch 36/80 time=00:00.68 avg=00:00.71 ETA=00:31.22 | GPU MB alloc/reserved=278.7/1898.0
2026-04-11 16:28:26 | INFO | [Round 4] epoch=37/80 loss=1.4875 acc=45.44 val_acc=nan data_t=0.0059s batch_t=0.0745s epoch_t=00:00.64 lr=0.000563 | GPU MB alloc/reserved=278.7/1898.0
2026-04-11 16:28:26 | INFO | [Round 4] Epoch 37/80 time=00:00.64 avg=00:00.71 ETA=00:30.43 | GPU MB alloc/reserved=278.7/1898.0
2026-04-11 16:28:27 | INFO | [Round 4] epoch=38/80 loss=1.4409 acc=47.67 val_acc=nan data_t=0.0037s batch_t=0.0928s epoch_t=00:00.77 lr=0.000544 | GPU MB alloc/reserved=278.7/1898.0
2026-04-11 16:28:27 | INFO | [Round 4] Epoch 38/80 time=00:00.77 avg=00:00.71 ETA=00:29.80 | GPU MB alloc/reserved=278.7/1898.0
2026-04-11 16:28:28 | INFO | [Round 4] epoch=39/80 loss=1.4222 acc=47.89 val_acc=nan data_t=0.0056s batch_t=0.0938s epoch_t=00:00.80 lr=0.000524 | GPU MB alloc/reserved=278.7/1898.0
2026-04-11 16:28:28 | INFO | [Round 4] Epoch 39/80 time=00:00.80 avg=00:00.71 ETA=00:29.18 | GPU MB alloc/reserved=278.7/1898.0
2026-04-11 16:28:29 | INFO | [Round 4] epoch=40/80 loss=1.3895 acc=49.56 val_acc=nan data_t=0.0055s batch_t=0.0878s epoch_t=00:00.75 lr=0.000505 | GPU MB alloc/reserved=278.7/1898.0
2026-04-11 16:28:29 | INFO | [Round 4] Epoch 40/80 time=00:00.75 avg=00:00.71 ETA=00:28.50 | GPU MB alloc/reserved=278.7/1898.0
2026-04-11 16:28:30 | INFO | [Round 4] epoch=41/80 loss=1.3852 acc=47.89 val_acc=nan data_t=0.0033s batch_t=0.0975s epoch_t=00:00.81 lr=0.000486 | GPU MB alloc/reserved=278.7/1898.0
2026-04-11 16:28:30 | INFO | [Round 4] Epoch 41/80 time=00:00.81 avg=00:00.71 ETA=00:27.88 | GPU MB alloc/reserved=278.7/1898.0
2026-04-11 16:28:30 | INFO | [Round 4] epoch=42/80 loss=1.3447 acc=49.44 val_acc=nan data_t=0.0079s batch_t=0.0934s epoch_t=00:00.81 lr=0.000466 | GPU MB alloc/reserved=278.7/1898.0
2026-04-11 16:28:30 | INFO | [Round 4] Epoch 42/80 time=00:00.81 avg=00:00.72 ETA=00:27.25 | GPU MB alloc/reserved=278.7/1898.0
2026-04-11 16:28:31 | INFO | [Round 4] epoch=43/80 loss=1.3397 acc=49.89 val_acc=nan data_t=0.0055s batch_t=0.0949s epoch_t=00:00.80 lr=0.000447 | GPU MB alloc/reserved=278.7/1898.0
2026-04-11 16:28:31 | INFO | [Round 4] Epoch 43/80 time=00:00.80 avg=00:00.72 ETA=00:26.61 | GPU MB alloc/reserved=278.7/1898.0
2026-04-11 16:28:32 | INFO | [Round 4] epoch=44/80 loss=1.2982 acc=50.89 val_acc=nan data_t=0.0059s batch_t=0.0934s epoch_t=00:00.79 lr=0.000428 | GPU MB alloc/reserved=278.7/1898.0
2026-04-11 16:28:32 | INFO | [Round 4] Epoch 44/80 time=00:00.79 avg=00:00.72 ETA=00:25.95 | GPU MB alloc/reserved=278.7/1898.0
2026-04-11 16:28:33 | INFO | [Round 4] epoch=45/80 loss=1.2866 acc=51.11 val_acc=nan data_t=0.0043s batch_t=0.0950s epoch_t=00:00.79 lr=0.000408 | GPU MB alloc/reserved=278.7/1898.0
2026-04-11 16:28:33 | INFO | [Round 4] Epoch 45/80 time=00:00.79 avg=00:00.72 ETA=00:25.29 | GPU MB alloc/reserved=278.7/1898.0
2026-04-11 16:28:34 | INFO | [Round 4] epoch=46/80 loss=1.2713 acc=52.56 val_acc=nan data_t=0.0048s batch_t=0.0945s epoch_t=00:00.79 lr=0.000389 | GPU MB alloc/reserved=278.7/1898.0
2026-04-11 16:28:34 | INFO | [Round 4] Epoch 46/80 time=00:00.79 avg=00:00.72 ETA=00:24.62 | GPU MB alloc/reserved=278.7/1898.0
2026-04-11 16:28:34 | INFO | [Round 4] epoch=47/80 loss=1.2326 acc=54.78 val_acc=nan data_t=0.0076s batch_t=0.0821s epoch_t=00:00.72 lr=0.000371 | GPU MB alloc/reserved=278.7/1898.0
2026-04-11 16:28:34 | INFO | [Round 4] Epoch 47/80 time=00:00.72 avg=00:00.72 ETA=00:23.89 | GPU MB alloc/reserved=278.7/1898.0
2026-04-11 16:28:35 | INFO | [Round 4] epoch=48/80 loss=1.2690 acc=52.78 val_acc=nan data_t=0.0048s batch_t=0.0575s epoch_t=00:00.50 lr=0.000352 | GPU MB alloc/reserved=278.7/1898.0
2026-04-11 16:28:35 | INFO | [Round 4] Epoch 48/80 time=00:00.50 avg=00:00.72 ETA=00:23.01 | GPU MB alloc/reserved=278.7/1898.0
2026-04-11 16:28:35 | INFO | [Round 4] epoch=49/80 loss=1.3233 acc=50.33 val_acc=nan data_t=0.0077s batch_t=0.0577s epoch_t=00:00.52 lr=0.000334 | GPU MB alloc/reserved=278.7/1898.0
2026-04-11 16:28:35 | INFO | [Round 4] Epoch 49/80 time=00:00.52 avg=00:00.72 ETA=00:22.17 | GPU MB alloc/reserved=278.7/1898.0
2026-04-11 16:28:36 | INFO | [Round 4] epoch=50/80 loss=1.3105 acc=51.44 val_acc=nan data_t=0.0050s batch_t=0.0796s epoch_t=00:00.68 lr=0.000316 | GPU MB alloc/reserved=278.7/1898.0
2026-04-11 16:28:36 | INFO | [Round 4] Epoch 50/80 time=00:00.68 avg=00:00.71 ETA=00:21.43 | GPU MB alloc/reserved=278.7/1898.0
2026-04-11 16:28:36 | INFO | [Round 4] epoch=51/80 loss=1.1925 acc=56.67 val_acc=nan data_t=0.0041s batch_t=0.0578s epoch_t=00:00.50 lr=0.000298 | GPU MB alloc/reserved=278.7/1898.0
2026-04-11 16:28:36 | INFO | [Round 4] Epoch 51/80 time=00:00.50 avg=00:00.71 ETA=00:20.60 | GPU MB alloc/reserved=278.7/1898.0
2026-04-11 16:28:37 | INFO | [Round 4] epoch=52/80 loss=1.2240 acc=55.44 val_acc=nan data_t=0.0059s batch_t=0.0781s epoch_t=00:00.67 lr=0.000280 | GPU MB alloc/reserved=278.7/1898.0
2026-04-11 16:28:37 | INFO | [Round 4] Epoch 52/80 time=00:00.67 avg=00:00.71 ETA=00:19.86 | GPU MB alloc/reserved=278.7/1898.0
2026-04-11 16:28:38 | INFO | [Round 4] epoch=53/80 loss=1.2055 acc=56.44 val_acc=nan data_t=0.0082s batch_t=0.0814s epoch_t=00:00.72 lr=0.000263 | GPU MB alloc/reserved=278.7/1898.0
2026-04-11 16:28:38 | INFO | [Round 4] Epoch 53/80 time=00:00.72 avg=00:00.71 ETA=00:19.16 | GPU MB alloc/reserved=278.7/1898.0
2026-04-11 16:28:39 | INFO | [Round 4] epoch=54/80 loss=1.1736 acc=56.67 val_acc=nan data_t=0.0035s batch_t=0.0818s epoch_t=00:00.68 lr=0.000246 | GPU MB alloc/reserved=278.7/1898.0
2026-04-11 16:28:39 | INFO | [Round 4] Epoch 54/80 time=00:00.68 avg=00:00.71 ETA=00:18.44 | GPU MB alloc/reserved=278.7/1898.0
2026-04-11 16:28:39 | INFO | [Round 4] epoch=55/80 loss=1.1955 acc=58.00 val_acc=nan data_t=0.0038s batch_t=0.0833s epoch_t=00:00.70 lr=0.000230 | GPU MB alloc/reserved=278.7/1898.0
2026-04-11 16:28:39 | INFO | [Round 4] Epoch 55/80 time=00:00.70 avg=00:00.71 ETA=00:17.72 | GPU MB alloc/reserved=278.7/1898.0
2026-04-11 16:28:40 | INFO | [Round 4] epoch=56/80 loss=1.1461 acc=58.56 val_acc=nan data_t=0.0052s batch_t=0.0841s epoch_t=00:00.71 lr=0.000214 | GPU MB alloc/reserved=278.7/1898.0
2026-04-11 16:28:40 | INFO | [Round 4] Epoch 56/80 time=00:00.71 avg=00:00.71 ETA=00:17.02 | GPU MB alloc/reserved=278.7/1898.0
2026-04-11 16:28:41 | INFO | [Round 4] epoch=57/80 loss=1.0959 acc=59.67 val_acc=nan data_t=0.0062s batch_t=0.0858s epoch_t=00:00.74 lr=0.000199 | GPU MB alloc/reserved=278.7/1898.0
2026-04-11 16:28:41 | INFO | [Round 4] Epoch 57/80 time=00:00.74 avg=00:00.71 ETA=00:16.32 | GPU MB alloc/reserved=278.7/1898.0
2026-04-11 16:28:41 | INFO | [Round 4] epoch=58/80 loss=1.0892 acc=59.56 val_acc=nan data_t=0.0067s batch_t=0.0843s epoch_t=00:00.73 lr=0.000184 | GPU MB alloc/reserved=278.7/1898.0
2026-04-11 16:28:41 | INFO | [Round 4] Epoch 58/80 time=00:00.73 avg=00:00.71 ETA=00:15.61 | GPU MB alloc/reserved=278.7/1898.0
2026-04-11 16:28:42 | INFO | [Round 4] epoch=59/80 loss=1.0550 acc=62.89 val_acc=nan data_t=0.0041s batch_t=0.0859s epoch_t=00:00.72 lr=0.000169 | GPU MB alloc/reserved=278.7/1898.0
2026-04-11 16:28:42 | INFO | [Round 4] Epoch 59/80 time=00:00.72 avg=00:00.71 ETA=00:14.91 | GPU MB alloc/reserved=278.7/1898.0
2026-04-11 16:28:43 | INFO | [Round 4] epoch=60/80 loss=1.0075 acc=63.56 val_acc=nan data_t=0.0041s batch_t=0.0847s epoch_t=00:00.71 lr=0.000155 | GPU MB alloc/reserved=278.7/1898.0
2026-04-11 16:28:43 | INFO | [Round 4] Epoch 60/80 time=00:00.71 avg=00:00.71 ETA=00:14.20 | GPU MB alloc/reserved=278.7/1898.0
2026-04-11 16:28:44 | INFO | [Round 4] epoch=61/80 loss=0.9931 acc=62.56 val_acc=nan data_t=0.0052s batch_t=0.0826s epoch_t=00:00.70 lr=0.000142 | GPU MB alloc/reserved=278.7/1898.0
2026-04-11 16:28:44 | INFO | [Round 4] Epoch 61/80 time=00:00.70 avg=00:00.71 ETA=00:13.49 | GPU MB alloc/reserved=278.7/1898.0
2026-04-11 16:28:44 | INFO | [Round 4] epoch=62/80 loss=0.9968 acc=64.00 val_acc=nan data_t=0.0061s batch_t=0.0843s epoch_t=00:00.72 lr=0.000129 | GPU MB alloc/reserved=278.7/1898.0
2026-04-11 16:28:44 | INFO | [Round 4] Epoch 62/80 time=00:00.72 avg=00:00.71 ETA=00:12.78 | GPU MB alloc/reserved=278.7/1898.0
2026-04-11 16:28:45 | INFO | [Round 4] epoch=63/80 loss=0.9829 acc=63.89 val_acc=nan data_t=0.0065s batch_t=0.0869s epoch_t=00:00.75 lr=0.000116 | GPU MB alloc/reserved=278.7/1898.0
2026-04-11 16:28:45 | INFO | [Round 4] Epoch 63/80 time=00:00.75 avg=00:00.71 ETA=00:12.08 | GPU MB alloc/reserved=278.7/1898.0
2026-04-11 16:28:46 | INFO | [Round 4] epoch=64/80 loss=1.0050 acc=62.11 val_acc=nan data_t=0.0063s batch_t=0.0849s epoch_t=00:00.73 lr=0.000105 | GPU MB alloc/reserved=278.7/1898.0
2026-04-11 16:28:46 | INFO | [Round 4] Epoch 64/80 time=00:00.73 avg=00:00.71 ETA=00:11.38 | GPU MB alloc/reserved=278.7/1898.0
2026-04-11 16:28:47 | INFO | [Round 4] epoch=65/80 loss=0.9731 acc=64.56 val_acc=nan data_t=0.0055s batch_t=0.0863s epoch_t=00:00.73 lr=0.000093 | GPU MB alloc/reserved=278.7/1898.0
2026-04-11 16:28:47 | INFO | [Round 4] Epoch 65/80 time=00:00.73 avg=00:00.71 ETA=00:10.67 | GPU MB alloc/reserved=278.7/1898.0
2026-04-11 16:28:47 | INFO | [Round 4] epoch=66/80 loss=0.9330 acc=65.67 val_acc=nan data_t=0.0055s batch_t=0.0857s epoch_t=00:00.73 lr=0.000083 | GPU MB alloc/reserved=278.7/1898.0
2026-04-11 16:28:47 | INFO | [Round 4] Epoch 66/80 time=00:00.73 avg=00:00.71 ETA=00:09.96 | GPU MB alloc/reserved=278.7/1898.0
2026-04-11 16:28:48 | INFO | [Round 4] epoch=67/80 loss=0.9218 acc=66.44 val_acc=nan data_t=0.0050s batch_t=0.0829s epoch_t=00:00.70 lr=0.000073 | GPU MB alloc/reserved=278.7/1898.0
2026-04-11 16:28:48 | INFO | [Round 4] Epoch 67/80 time=00:00.70 avg=00:00.71 ETA=00:09.25 | GPU MB alloc/reserved=278.7/1898.0
2026-04-11 16:28:49 | INFO | [Round 4] epoch=68/80 loss=0.9150 acc=67.56 val_acc=nan data_t=0.0049s batch_t=0.0830s epoch_t=00:00.70 lr=0.000064 | GPU MB alloc/reserved=278.7/1898.0
2026-04-11 16:28:49 | INFO | [Round 4] Epoch 68/80 time=00:00.70 avg=00:00.71 ETA=00:08.54 | GPU MB alloc/reserved=278.7/1898.0
2026-04-11 16:28:49 | INFO | [Round 4] epoch=69/80 loss=0.8860 acc=67.67 val_acc=nan data_t=0.0038s batch_t=0.0637s epoch_t=00:00.54 lr=0.000055 | GPU MB alloc/reserved=278.7/1898.0
2026-04-11 16:28:49 | INFO | [Round 4] Epoch 69/80 time=00:00.54 avg=00:00.71 ETA=00:07.80 | GPU MB alloc/reserved=278.7/1898.0
2026-04-11 16:28:50 | INFO | [Round 4] epoch=70/80 loss=0.9035 acc=68.78 val_acc=nan data_t=0.0030s batch_t=0.0898s epoch_t=00:00.74 lr=0.000048 | GPU MB alloc/reserved=278.7/1898.0
2026-04-11 16:28:50 | INFO | [Round 4] Epoch 70/80 time=00:00.74 avg=00:00.71 ETA=00:07.09 | GPU MB alloc/reserved=278.7/1898.0
2026-04-11 16:28:51 | INFO | [Round 4] epoch=71/80 loss=0.8575 acc=69.78 val_acc=nan data_t=0.0038s batch_t=0.0947s epoch_t=00:00.79 lr=0.000041 | GPU MB alloc/reserved=278.7/1898.0
2026-04-11 16:28:51 | INFO | [Round 4] Epoch 71/80 time=00:00.79 avg=00:00.71 ETA=00:06.39 | GPU MB alloc/reserved=278.7/1898.0
2026-04-11 16:28:52 | INFO | [Round 4] epoch=72/80 loss=0.8624 acc=70.22 val_acc=nan data_t=0.0047s batch_t=0.0936s epoch_t=00:00.79 lr=0.000034 | GPU MB alloc/reserved=278.7/1898.0
2026-04-11 16:28:52 | INFO | [Round 4] Epoch 72/80 time=00:00.79 avg=00:00.71 ETA=00:05.69 | GPU MB alloc/reserved=278.7/1898.0
2026-04-11 16:28:52 | INFO | [Round 4] epoch=73/80 loss=0.8833 acc=68.00 val_acc=nan data_t=0.0051s batch_t=0.0950s epoch_t=00:00.80 lr=0.000029 | GPU MB alloc/reserved=278.7/1898.0
2026-04-11 16:28:52 | INFO | [Round 4] Epoch 73/80 time=00:00.80 avg=00:00.71 ETA=00:04.99 | GPU MB alloc/reserved=278.7/1898.0
2026-04-11 16:28:53 | INFO | [Round 4] epoch=74/80 loss=0.8687 acc=71.22 val_acc=nan data_t=0.0067s batch_t=0.0932s epoch_t=00:00.80 lr=0.000024 | GPU MB alloc/reserved=278.7/1898.0
2026-04-11 16:28:53 | INFO | [Round 4] Epoch 74/80 time=00:00.80 avg=00:00.71 ETA=00:04.28 | GPU MB alloc/reserved=278.7/1898.0
2026-04-11 16:28:54 | INFO | [Round 4] epoch=75/80 loss=0.8430 acc=71.22 val_acc=nan data_t=0.0069s batch_t=0.0912s epoch_t=00:00.79 lr=0.000020 | GPU MB alloc/reserved=278.7/1898.0
2026-04-11 16:28:54 | INFO | [Round 4] Epoch 75/80 time=00:00.79 avg=00:00.71 ETA=00:03.57 | GPU MB alloc/reserved=278.7/1898.0
2026-04-11 16:28:55 | INFO | [Round 4] epoch=76/80 loss=0.8473 acc=70.33 val_acc=nan data_t=0.0064s batch_t=0.0934s epoch_t=00:00.80 lr=0.000016 | GPU MB alloc/reserved=278.7/1898.0
2026-04-11 16:28:55 | INFO | [Round 4] Epoch 76/80 time=00:00.80 avg=00:00.72 ETA=00:02.86 | GPU MB alloc/reserved=278.7/1898.0
2026-04-11 16:28:56 | INFO | [Round 4] epoch=77/80 loss=0.8496 acc=68.89 val_acc=nan data_t=0.0062s batch_t=0.0932s epoch_t=00:00.80 lr=0.000013 | GPU MB alloc/reserved=278.7/1898.0
2026-04-11 16:28:56 | INFO | [Round 4] Epoch 77/80 time=00:00.80 avg=00:00.72 ETA=00:02.15 | GPU MB alloc/reserved=278.7/1898.0
2026-04-11 16:28:56 | INFO | [Round 4] epoch=78/80 loss=0.8260 acc=70.00 val_acc=nan data_t=0.0044s batch_t=0.0935s epoch_t=00:00.78 lr=0.000012 | GPU MB alloc/reserved=278.7/1898.0
2026-04-11 16:28:56 | INFO | [Round 4] Epoch 78/80 time=00:00.78 avg=00:00.72 ETA=00:01.44 | GPU MB alloc/reserved=278.7/1898.0
2026-04-11 16:28:57 | INFO | [Round 4] epoch=79/80 loss=0.8384 acc=70.44 val_acc=nan data_t=0.0048s batch_t=0.0950s epoch_t=00:00.80 lr=0.000010 | GPU MB alloc/reserved=278.7/1898.0
2026-04-11 16:28:57 | INFO | [Round 4] Epoch 79/80 time=00:00.80 avg=00:00.72 ETA=00:00.72 | GPU MB alloc/reserved=278.7/1898.0
2026-04-11 16:28:58 | INFO | [Round 4] epoch=80/80 loss=0.8229 acc=72.33 val_acc=nan data_t=0.0076s batch_t=0.0673s epoch_t=00:00.60 lr=0.000010 | GPU MB alloc/reserved=278.7/1898.0
2026-04-11 16:28:58 | INFO | [Round 4] Epoch 80/80 time=00:00.60 avg=00:00.72 ETA=00:00.00 | GPU MB alloc/reserved=278.7/1898.0
2026-04-11 16:28:58 | INFO | [Round 4] training complete in 00:57.68 (best monitor=72.333) | GPU MB alloc/reserved=278.7/1898.0
2026-04-11 16:28:58 | INFO | [Round 4] evaluation started | GPU MB alloc/reserved=193.0/1898.0
2026-04-11 16:29:06 | INFO | [Round 4] clean=46.35 fgsm=39.13 pgd=39.03 grad_disp_mean=nan grad_disp_sel=nan round_t=67.72s | GPU MB alloc/reserved=193.0/1898.0
2026-04-11 16:29:06 | INFO | [Round 5/21] elapsed=01:07.72 avg_round=00:53.72 projected_remaining=14:19.55 | GPU MB alloc/reserved=193.0/1898.0
2026-04-11 16:29:07 | INFO | [Round 5] acquisition on pool_size=49100 scored_pool=5000 budget=100 | GPU MB alloc/reserved=105.4/1898.0
2026-04-11 16:29:07 | INFO | [CoreSet-unlabeled-feat] scoring progress 10/20 elapsed=00:00.24 avg/batch=0.024s ETA=00:00.24 | GPU MB alloc/reserved=113.4/1898.0
2026-04-11 16:29:07 | INFO | [CoreSet-unlabeled-feat] scoring progress 20/20 elapsed=00:00.38 avg/batch=0.019s ETA=00:00.00 | GPU MB alloc/reserved=117.5/1898.0
2026-04-11 16:29:07 | INFO | [CoreSet-labeled-feat] scoring progress 4/4 elapsed=00:00.19 avg/batch=0.048s ETA=00:00.00 | GPU MB alloc/reserved=118.7/1898.0
2026-04-11 16:29:07 | INFO | [CoreSet] greedy 10/100 cover_radius=13.343169 | GPU: n/a
2026-04-11 16:29:07 | INFO | [CoreSet] greedy 20/100 cover_radius=12.703466 | GPU: n/a
2026-04-11 16:29:07 | INFO | [CoreSet] greedy 30/100 cover_radius=12.346096 | GPU: n/a
2026-04-11 16:29:08 | INFO | [CoreSet] greedy 40/100 cover_radius=11.985974 | GPU: n/a
2026-04-11 16:29:08 | INFO | [CoreSet] greedy 50/100 cover_radius=11.783111 | GPU: n/a
2026-04-11 16:29:08 | INFO | [CoreSet] greedy 60/100 cover_radius=11.509804 | GPU: n/a
2026-04-11 16:29:08 | INFO | [CoreSet] greedy 70/100 cover_radius=11.363233 | GPU: n/a
2026-04-11 16:29:08 | INFO | [CoreSet] greedy 80/100 cover_radius=11.198591 | GPU: n/a
2026-04-11 16:29:08 | INFO | [CoreSet] greedy 90/100 cover_radius=11.122240 | GPU: n/a
2026-04-11 16:29:08 | INFO | [CoreSet] greedy 100/100 cover_radius=11.052343 | GPU: n/a
2026-04-11 16:29:09 | INFO | [Round 5] labeled=1000 train=1000 val_fixed=0 | GPU MB alloc/reserved=148.1/1898.0
2026-04-11 16:29:10 | INFO | [Round 5] epoch=1/80 loss=2.3454 acc=15.70 val_acc=nan data_t=0.0217s batch_t=0.0962s epoch_t=00:00.94 lr=0.001000 | GPU MB alloc/reserved=277.6/1898.0
2026-04-11 16:29:10 | INFO | [Round 5] Epoch 1/80 time=00:00.94 avg=00:00.94 ETA=01:14.54 | GPU MB alloc/reserved=277.6/1898.0
2026-04-11 16:29:10 | INFO | [Round 5] epoch=2/80 loss=2.0622 acc=26.40 val_acc=nan data_t=0.0038s batch_t=0.0894s epoch_t=00:00.75 lr=0.000998 | GPU MB alloc/reserved=278.2/1898.0
2026-04-11 16:29:10 | INFO | [Round 5] Epoch 2/80 time=00:00.75 avg=00:00.84 ETA=01:05.87 | GPU MB alloc/reserved=278.2/1898.0
2026-04-11 16:29:11 | INFO | [Round 5] epoch=3/80 loss=1.9260 acc=27.60 val_acc=nan data_t=0.0036s batch_t=0.0890s epoch_t=00:00.74 lr=0.000997 | GPU MB alloc/reserved=277.6/1898.0
2026-04-11 16:29:11 | INFO | [Round 5] Epoch 3/80 time=00:00.74 avg=00:00.81 ETA=01:02.36 | GPU MB alloc/reserved=277.6/1898.0
2026-04-11 16:29:12 | INFO | [Round 5] epoch=4/80 loss=1.8435 acc=31.60 val_acc=nan data_t=0.0056s batch_t=0.0880s epoch_t=00:00.75 lr=0.000994 | GPU MB alloc/reserved=277.6/1898.0
2026-04-11 16:29:12 | INFO | [Round 5] Epoch 4/80 time=00:00.75 avg=00:00.79 ETA=01:00.39 | GPU MB alloc/reserved=277.6/1898.0
2026-04-11 16:29:13 | INFO | [Round 5] epoch=5/80 loss=1.7642 acc=33.10 val_acc=nan data_t=0.0050s batch_t=0.0871s epoch_t=00:00.74 lr=0.000990 | GPU MB alloc/reserved=277.6/1898.0
2026-04-11 16:29:13 | INFO | [Round 5] Epoch 5/80 time=00:00.74 avg=00:00.78 ETA=00:58.73 | GPU MB alloc/reserved=277.6/1898.0
2026-04-11 16:29:13 | INFO | [Round 5] epoch=6/80 loss=1.7476 acc=35.40 val_acc=nan data_t=0.0035s batch_t=0.0898s epoch_t=00:00.75 lr=0.000986 | GPU MB alloc/reserved=277.6/1898.0
2026-04-11 16:29:13 | INFO | [Round 5] Epoch 6/80 time=00:00.75 avg=00:00.78 ETA=00:57.50 | GPU MB alloc/reserved=277.6/1898.0
2026-04-11 16:29:14 | INFO | [Round 5] epoch=7/80 loss=1.6573 acc=38.70 val_acc=nan data_t=0.0037s batch_t=0.0904s epoch_t=00:00.75 lr=0.000981 | GPU MB alloc/reserved=277.6/1898.0
2026-04-11 16:29:14 | INFO | [Round 5] Epoch 7/80 time=00:00.75 avg=00:00.77 ETA=00:56.47 | GPU MB alloc/reserved=277.6/1898.0
2026-04-11 16:29:15 | INFO | [Round 5] epoch=8/80 loss=1.6576 acc=36.20 val_acc=nan data_t=0.0034s batch_t=0.0918s epoch_t=00:00.76 lr=0.000976 | GPU MB alloc/reserved=277.6/1898.0
2026-04-11 16:29:15 | INFO | [Round 5] Epoch 8/80 time=00:00.76 avg=00:00.77 ETA=00:55.59 | GPU MB alloc/reserved=277.6/1898.0
2026-04-11 16:29:16 | INFO | [Round 5] epoch=9/80 loss=1.5522 acc=41.90 val_acc=nan data_t=0.0033s batch_t=0.0908s epoch_t=00:00.75 lr=0.000969 | GPU MB alloc/reserved=277.6/1898.0
2026-04-11 16:29:16 | INFO | [Round 5] Epoch 9/80 time=00:00.75 avg=00:00.77 ETA=00:54.67 | GPU MB alloc/reserved=277.6/1898.0
2026-04-11 16:29:16 | INFO | [Round 5] epoch=10/80 loss=1.5103 acc=44.00 val_acc=nan data_t=0.0065s batch_t=0.0891s epoch_t=00:00.76 lr=0.000962 | GPU MB alloc/reserved=277.6/1898.0
2026-04-11 16:29:16 | INFO | [Round 5] Epoch 10/80 time=00:00.76 avg=00:00.77 ETA=00:53.87 | GPU MB alloc/reserved=277.6/1898.0
2026-04-11 16:29:17 | INFO | [Round 5] epoch=11/80 loss=1.4327 acc=46.80 val_acc=nan data_t=0.0031s batch_t=0.0893s epoch_t=00:00.74 lr=0.000955 | GPU MB alloc/reserved=277.6/1898.0
2026-04-11 16:29:17 | INFO | [Round 5] Epoch 11/80 time=00:00.74 avg=00:00.77 ETA=00:52.91 | GPU MB alloc/reserved=277.6/1898.0
2026-04-11 16:29:18 | INFO | [Round 5] epoch=12/80 loss=1.4275 acc=46.90 val_acc=nan data_t=0.0067s batch_t=0.0885s epoch_t=00:00.76 lr=0.000946 | GPU MB alloc/reserved=277.6/1898.0
2026-04-11 16:29:18 | INFO | [Round 5] Epoch 12/80 time=00:00.76 avg=00:00.77 ETA=00:52.11 | GPU MB alloc/reserved=277.6/1898.0
2026-04-11 16:29:19 | INFO | [Round 5] epoch=13/80 loss=1.3947 acc=48.20 val_acc=nan data_t=0.0095s batch_t=0.0911s epoch_t=00:00.81 lr=0.000937 | GPU MB alloc/reserved=277.6/1898.0
2026-04-11 16:29:19 | INFO | [Round 5] Epoch 13/80 time=00:00.81 avg=00:00.77 ETA=00:51.54 | GPU MB alloc/reserved=277.6/1898.0
2026-04-11 16:29:19 | INFO | [Round 5] epoch=14/80 loss=1.3260 acc=49.80 val_acc=nan data_t=0.0049s batch_t=0.0902s epoch_t=00:00.76 lr=0.000927 | GPU MB alloc/reserved=277.6/1898.0
2026-04-11 16:29:19 | INFO | [Round 5] Epoch 14/80 time=00:00.76 avg=00:00.77 ETA=00:50.73 | GPU MB alloc/reserved=277.6/1898.0
2026-04-11 16:29:20 | INFO | [Round 5] epoch=15/80 loss=1.2559 acc=53.00 val_acc=nan data_t=0.0068s batch_t=0.0913s epoch_t=00:00.78 lr=0.000917 | GPU MB alloc/reserved=277.6/1898.0
2026-04-11 16:29:20 | INFO | [Round 5] Epoch 15/80 time=00:00.78 avg=00:00.77 ETA=00:50.04 | GPU MB alloc/reserved=277.6/1898.0
2026-04-11 16:29:21 | INFO | [Round 5] epoch=16/80 loss=1.2550 acc=52.90 val_acc=nan data_t=0.0031s batch_t=0.0919s epoch_t=00:00.76 lr=0.000905 | GPU MB alloc/reserved=277.6/1898.0
2026-04-11 16:29:21 | INFO | [Round 5] Epoch 16/80 time=00:00.76 avg=00:00.77 ETA=00:49.23 | GPU MB alloc/reserved=277.6/1898.0
2026-04-11 16:29:22 | INFO | [Round 5] epoch=17/80 loss=1.1980 acc=55.10 val_acc=nan data_t=0.0054s batch_t=0.0881s epoch_t=00:00.75 lr=0.000894 | GPU MB alloc/reserved=277.6/1898.0
2026-04-11 16:29:22 | INFO | [Round 5] Epoch 17/80 time=00:00.75 avg=00:00.77 ETA=00:48.38 | GPU MB alloc/reserved=277.6/1898.0
2026-04-11 16:29:23 | INFO | [Round 5] epoch=18/80 loss=1.1579 acc=56.70 val_acc=nan data_t=0.0068s batch_t=0.0903s epoch_t=00:00.78 lr=0.000881 | GPU MB alloc/reserved=277.6/1898.0
2026-04-11 16:29:23 | INFO | [Round 5] Epoch 18/80 time=00:00.78 avg=00:00.77 ETA=00:47.65 | GPU MB alloc/reserved=277.6/1898.0
2026-04-11 16:29:23 | INFO | [Round 5] epoch=19/80 loss=1.0760 acc=60.90 val_acc=nan data_t=0.0064s batch_t=0.0912s epoch_t=00:00.78 lr=0.000868 | GPU MB alloc/reserved=277.6/1898.0
2026-04-11 16:29:23 | INFO | [Round 5] Epoch 19/80 time=00:00.78 avg=00:00.77 ETA=00:46.92 | GPU MB alloc/reserved=277.6/1898.0
2026-04-11 16:29:24 | INFO | [Round 5] epoch=20/80 loss=0.9982 acc=63.70 val_acc=nan data_t=0.0074s batch_t=0.0912s epoch_t=00:00.79 lr=0.000855 | GPU MB alloc/reserved=277.6/1898.0
2026-04-11 16:29:24 | INFO | [Round 5] Epoch 20/80 time=00:00.79 avg=00:00.77 ETA=00:46.21 | GPU MB alloc/reserved=277.6/1898.0
2026-04-11 16:29:25 | INFO | [Round 5] epoch=21/80 loss=1.0067 acc=61.20 val_acc=nan data_t=0.0070s batch_t=0.0912s epoch_t=00:00.79 lr=0.000841 | GPU MB alloc/reserved=277.6/1898.0
2026-04-11 16:29:25 | INFO | [Round 5] Epoch 21/80 time=00:00.79 avg=00:00.77 ETA=00:45.48 | GPU MB alloc/reserved=277.6/1898.0
2026-04-11 16:29:26 | INFO | [Round 5] epoch=22/80 loss=0.8774 acc=67.80 val_acc=nan data_t=0.0081s batch_t=0.0897s epoch_t=00:00.78 lr=0.000826 | GPU MB alloc/reserved=277.6/1898.0
2026-04-11 16:29:26 | INFO | [Round 5] Epoch 22/80 time=00:00.78 avg=00:00.77 ETA=00:44.74 | GPU MB alloc/reserved=277.6/1898.0
2026-04-11 16:29:27 | INFO | [Round 5] epoch=23/80 loss=0.8295 acc=69.60 val_acc=nan data_t=0.0045s batch_t=0.0874s epoch_t=00:00.74 lr=0.000811 | GPU MB alloc/reserved=277.6/1898.0
2026-04-11 16:29:27 | INFO | [Round 5] Epoch 23/80 time=00:00.74 avg=00:00.77 ETA=00:43.88 | GPU MB alloc/reserved=277.6/1898.0
2026-04-11 16:29:27 | INFO | [Round 5] epoch=24/80 loss=0.7887 acc=70.40 val_acc=nan data_t=0.0063s batch_t=0.0882s epoch_t=00:00.76 lr=0.000796 | GPU MB alloc/reserved=277.6/1898.0
2026-04-11 16:29:27 | INFO | [Round 5] Epoch 24/80 time=00:00.76 avg=00:00.77 ETA=00:43.08 | GPU MB alloc/reserved=277.6/1898.0
2026-04-11 16:29:28 | INFO | [Round 5] epoch=25/80 loss=0.7827 acc=72.20 val_acc=nan data_t=0.0049s batch_t=0.0912s epoch_t=00:00.77 lr=0.000780 | GPU MB alloc/reserved=277.6/1898.0
2026-04-11 16:29:28 | INFO | [Round 5] Epoch 25/80 time=00:00.77 avg=00:00.77 ETA=00:42.31 | GPU MB alloc/reserved=277.6/1898.0
2026-04-11 16:29:29 | INFO | [Round 5] epoch=26/80 loss=0.7173 acc=73.30 val_acc=nan data_t=0.0095s batch_t=0.0907s epoch_t=00:00.80 lr=0.000764 | GPU MB alloc/reserved=277.6/1898.0
2026-04-11 16:29:29 | INFO | [Round 5] Epoch 26/80 time=00:00.80 avg=00:00.77 ETA=00:41.61 | GPU MB alloc/reserved=277.6/1898.0
2026-04-11 16:29:30 | INFO | [Round 5] epoch=27/80 loss=0.6447 acc=76.90 val_acc=nan data_t=0.0052s batch_t=0.0894s epoch_t=00:00.76 lr=0.000747 | GPU MB alloc/reserved=277.6/1898.0
2026-04-11 16:29:30 | INFO | [Round 5] Epoch 27/80 time=00:00.76 avg=00:00.77 ETA=00:40.81 | GPU MB alloc/reserved=277.6/1898.0
2026-04-11 16:29:30 | INFO | [Round 5] epoch=28/80 loss=0.6202 acc=77.40 val_acc=nan data_t=0.0042s batch_t=0.0914s epoch_t=00:00.77 lr=0.000730 | GPU MB alloc/reserved=277.6/1898.0
2026-04-11 16:29:30 | INFO | [Round 5] Epoch 28/80 time=00:00.77 avg=00:00.77 ETA=00:40.03 | GPU MB alloc/reserved=277.6/1898.0
2026-04-11 16:29:31 | INFO | [Round 5] epoch=29/80 loss=0.6016 acc=77.90 val_acc=nan data_t=0.0043s batch_t=0.0910s epoch_t=00:00.76 lr=0.000712 | GPU MB alloc/reserved=277.6/1898.0
2026-04-11 16:29:31 | INFO | [Round 5] Epoch 29/80 time=00:00.76 avg=00:00.77 ETA=00:39.25 | GPU MB alloc/reserved=277.6/1898.0
2026-04-11 16:29:32 | INFO | [Round 5] epoch=30/80 loss=0.5588 acc=78.90 val_acc=nan data_t=0.0068s batch_t=0.0878s epoch_t=00:00.76 lr=0.000694 | GPU MB alloc/reserved=277.6/1898.0
2026-04-11 16:29:32 | INFO | [Round 5] Epoch 30/80 time=00:00.76 avg=00:00.77 ETA=00:38.46 | GPU MB alloc/reserved=277.6/1898.0
2026-04-11 16:29:33 | INFO | [Round 5] epoch=31/80 loss=0.5275 acc=80.10 val_acc=nan data_t=0.0050s batch_t=0.0901s epoch_t=00:00.76 lr=0.000676 | GPU MB alloc/reserved=277.6/1898.0
2026-04-11 16:29:33 | INFO | [Round 5] Epoch 31/80 time=00:00.76 avg=00:00.77 ETA=00:37.68 | GPU MB alloc/reserved=277.6/1898.0
2026-04-11 16:29:33 | INFO | [Round 5] epoch=32/80 loss=0.4267 acc=85.90 val_acc=nan data_t=0.0042s batch_t=0.0893s epoch_t=00:00.75 lr=0.000658 | GPU MB alloc/reserved=277.6/1898.0
2026-04-11 16:29:33 | INFO | [Round 5] Epoch 32/80 time=00:00.75 avg=00:00.77 ETA=00:36.88 | GPU MB alloc/reserved=277.6/1898.0
2026-04-11 16:29:34 | INFO | [Round 5] epoch=33/80 loss=0.3988 acc=86.20 val_acc=nan data_t=0.0049s batch_t=0.0893s epoch_t=00:00.75 lr=0.000639 | GPU MB alloc/reserved=277.6/1898.0
2026-04-11 16:29:34 | INFO | [Round 5] Epoch 33/80 time=00:00.75 avg=00:00.77 ETA=00:36.09 | GPU MB alloc/reserved=277.6/1898.0
2026-04-11 16:29:35 | INFO | [Round 5] epoch=34/80 loss=0.3657 acc=87.60 val_acc=nan data_t=0.0090s batch_t=0.0903s epoch_t=00:00.79 lr=0.000621 | GPU MB alloc/reserved=277.6/1898.0
2026-04-11 16:29:35 | INFO | [Round 5] Epoch 34/80 time=00:00.79 avg=00:00.77 ETA=00:35.36 | GPU MB alloc/reserved=277.6/1898.0
2026-04-11 16:29:36 | INFO | [Round 5] epoch=35/80 loss=0.3623 acc=86.10 val_acc=nan data_t=0.0049s batch_t=0.0734s epoch_t=00:00.63 lr=0.000602 | GPU MB alloc/reserved=277.6/1898.0
2026-04-11 16:29:36 | INFO | [Round 5] Epoch 35/80 time=00:00.63 avg=00:00.76 ETA=00:34.41 | GPU MB alloc/reserved=277.6/1898.0
2026-04-11 16:29:36 | INFO | [Round 5] epoch=36/80 loss=0.3370 acc=88.50 val_acc=nan data_t=0.0033s batch_t=0.0815s epoch_t=00:00.68 lr=0.000582 | GPU MB alloc/reserved=277.6/1898.0
2026-04-11 16:29:36 | INFO | [Round 5] Epoch 36/80 time=00:00.68 avg=00:00.76 ETA=00:33.54 | GPU MB alloc/reserved=277.6/1898.0
2026-04-11 16:29:37 | INFO | [Round 5] epoch=37/80 loss=0.2511 acc=91.50 val_acc=nan data_t=0.0035s batch_t=0.1010s epoch_t=00:00.84 lr=0.000563 | GPU MB alloc/reserved=277.6/1898.0
2026-04-11 16:29:37 | INFO | [Round 5] Epoch 37/80 time=00:00.84 avg=00:00.76 ETA=00:32.86 | GPU MB alloc/reserved=277.6/1898.0
2026-04-11 16:29:38 | INFO | [Round 5] epoch=38/80 loss=0.2755 acc=90.70 val_acc=nan data_t=0.0074s batch_t=0.1004s epoch_t=00:00.86 lr=0.000544 | GPU MB alloc/reserved=277.6/1898.0
2026-04-11 16:29:38 | INFO | [Round 5] Epoch 38/80 time=00:00.86 avg=00:00.77 ETA=00:32.20 | GPU MB alloc/reserved=277.6/1898.0
2026-04-11 16:29:39 | INFO | [Round 5] epoch=39/80 loss=0.2517 acc=91.60 val_acc=nan data_t=0.0053s batch_t=0.0961s epoch_t=00:00.81 lr=0.000524 | GPU MB alloc/reserved=277.6/1898.0
2026-04-11 16:29:39 | INFO | [Round 5] Epoch 39/80 time=00:00.81 avg=00:00.77 ETA=00:31.48 | GPU MB alloc/reserved=277.6/1898.0
2026-04-11 16:29:40 | INFO | [Round 5] epoch=40/80 loss=0.2339 acc=92.30 val_acc=nan data_t=0.0062s batch_t=0.0983s epoch_t=00:00.84 lr=0.000505 | GPU MB alloc/reserved=277.6/1898.0
2026-04-11 16:29:40 | INFO | [Round 5] Epoch 40/80 time=00:00.84 avg=00:00.77 ETA=00:30.78 | GPU MB alloc/reserved=277.6/1898.0
2026-04-11 16:29:41 | INFO | [Round 5] epoch=41/80 loss=0.2530 acc=90.70 val_acc=nan data_t=0.0030s batch_t=0.1012s epoch_t=00:00.83 lr=0.000486 | GPU MB alloc/reserved=277.6/1898.0
2026-04-11 16:29:41 | INFO | [Round 5] Epoch 41/80 time=00:00.83 avg=00:00.77 ETA=00:30.08 | GPU MB alloc/reserved=277.6/1898.0
2026-04-11 16:29:41 | INFO | [Round 5] epoch=42/80 loss=0.1581 acc=96.10 val_acc=nan data_t=0.0030s batch_t=0.1008s epoch_t=00:00.83 lr=0.000466 | GPU MB alloc/reserved=277.6/1898.0
2026-04-11 16:29:41 | INFO | [Round 5] Epoch 42/80 time=00:00.83 avg=00:00.77 ETA=00:29.36 | GPU MB alloc/reserved=277.6/1898.0
2026-04-11 16:29:42 | INFO | [Round 5] epoch=43/80 loss=0.1494 acc=95.90 val_acc=nan data_t=0.0032s batch_t=0.0994s epoch_t=00:00.82 lr=0.000447 | GPU MB alloc/reserved=277.6/1898.0
2026-04-11 16:29:42 | INFO | [Round 5] Epoch 43/80 time=00:00.82 avg=00:00.77 ETA=00:28.63 | GPU MB alloc/reserved=277.6/1898.0
2026-04-11 16:29:43 | INFO | [Round 5] epoch=44/80 loss=0.1228 acc=96.50 val_acc=nan data_t=0.0063s batch_t=0.0991s epoch_t=00:00.84 lr=0.000428 | GPU MB alloc/reserved=277.6/1898.0
2026-04-11 16:29:43 | INFO | [Round 5] Epoch 44/80 time=00:00.84 avg=00:00.78 ETA=00:27.91 | GPU MB alloc/reserved=277.6/1898.0
2026-04-11 16:29:44 | INFO | [Round 5] epoch=45/80 loss=0.0876 acc=97.80 val_acc=nan data_t=0.0072s batch_t=0.0989s epoch_t=00:00.85 lr=0.000408 | GPU MB alloc/reserved=277.6/1898.0
2026-04-11 16:29:44 | INFO | [Round 5] Epoch 45/80 time=00:00.85 avg=00:00.78 ETA=00:27.19 | GPU MB alloc/reserved=277.6/1898.0
2026-04-11 16:29:45 | INFO | [Round 5] epoch=46/80 loss=0.0917 acc=97.00 val_acc=nan data_t=0.0077s batch_t=0.0788s epoch_t=00:00.69 lr=0.000389 | GPU MB alloc/reserved=277.6/1898.0
2026-04-11 16:29:45 | INFO | [Round 5] Epoch 46/80 time=00:00.69 avg=00:00.78 ETA=00:26.35 | GPU MB alloc/reserved=277.6/1898.0
2026-04-11 16:29:45 | INFO | [Round 5] epoch=47/80 loss=0.0757 acc=98.30 val_acc=nan data_t=0.0051s batch_t=0.0586s epoch_t=00:00.51 lr=0.000371 | GPU MB alloc/reserved=277.6/1898.0
2026-04-11 16:29:45 | INFO | [Round 5] Epoch 47/80 time=00:00.51 avg=00:00.77 ETA=00:25.39 | GPU MB alloc/reserved=277.6/1898.0
2026-04-11 16:29:46 | INFO | [Round 5] epoch=48/80 loss=0.0845 acc=97.80 val_acc=nan data_t=0.0030s batch_t=0.0612s epoch_t=00:00.51 lr=0.000352 | GPU MB alloc/reserved=277.6/1898.0
2026-04-11 16:29:46 | INFO | [Round 5] Epoch 48/80 time=00:00.51 avg=00:00.76 ETA=00:24.45 | GPU MB alloc/reserved=277.6/1898.0
2026-04-11 16:29:46 | INFO | [Round 5] epoch=49/80 loss=0.0585 acc=98.60 val_acc=nan data_t=0.0046s batch_t=0.0819s epoch_t=00:00.69 lr=0.000334 | GPU MB alloc/reserved=277.6/1898.0
2026-04-11 16:29:46 | INFO | [Round 5] Epoch 49/80 time=00:00.69 avg=00:00.76 ETA=00:23.64 | GPU MB alloc/reserved=277.6/1898.0
2026-04-11 16:29:47 | INFO | [Round 5] epoch=50/80 loss=0.0505 acc=98.80 val_acc=nan data_t=0.0030s batch_t=0.0604s epoch_t=00:00.51 lr=0.000316 | GPU MB alloc/reserved=277.6/1898.0
2026-04-11 16:29:47 | INFO | [Round 5] Epoch 50/80 time=00:00.51 avg=00:00.76 ETA=00:22.73 | GPU MB alloc/reserved=277.6/1898.0
2026-04-11 16:29:47 | INFO | [Round 5] epoch=51/80 loss=0.0389 acc=99.50 val_acc=nan data_t=0.0067s batch_t=0.0595s epoch_t=00:00.53 lr=0.000298 | GPU MB alloc/reserved=277.6/1898.0
2026-04-11 16:29:47 | INFO | [Round 5] Epoch 51/80 time=00:00.53 avg=00:00.75 ETA=00:21.84 | GPU MB alloc/reserved=277.6/1898.0
2026-04-11 16:29:48 | INFO | [Round 5] epoch=52/80 loss=0.0401 acc=99.40 val_acc=nan data_t=0.0062s batch_t=0.0812s epoch_t=00:00.70 lr=0.000280 | GPU MB alloc/reserved=277.6/1898.0
2026-04-11 16:29:48 | INFO | [Round 5] Epoch 52/80 time=00:00.70 avg=00:00.75 ETA=00:21.06 | GPU MB alloc/reserved=277.6/1898.0
2026-04-11 16:29:49 | INFO | [Round 5] epoch=53/80 loss=0.0292 acc=99.80 val_acc=nan data_t=0.0035s batch_t=0.0832s epoch_t=00:00.69 lr=0.000263 | GPU MB alloc/reserved=277.6/1898.0
2026-04-11 16:29:49 | INFO | [Round 5] Epoch 53/80 time=00:00.69 avg=00:00.75 ETA=00:20.28 | GPU MB alloc/reserved=277.6/1898.0
2026-04-11 16:29:50 | INFO | [Round 5] epoch=54/80 loss=0.0250 acc=99.80 val_acc=nan data_t=0.0041s batch_t=0.0887s epoch_t=00:00.74 lr=0.000246 | GPU MB alloc/reserved=277.6/1898.0
2026-04-11 16:29:50 | INFO | [Round 5] Epoch 54/80 time=00:00.74 avg=00:00.75 ETA=00:19.52 | GPU MB alloc/reserved=277.6/1898.0
2026-04-11 16:29:50 | INFO | [Round 5] epoch=55/80 loss=0.0216 acc=99.80 val_acc=nan data_t=0.0036s batch_t=0.0894s epoch_t=00:00.74 lr=0.000230 | GPU MB alloc/reserved=277.6/1898.0
2026-04-11 16:29:50 | INFO | [Round 5] Epoch 55/80 time=00:00.74 avg=00:00.75 ETA=00:18.77 | GPU MB alloc/reserved=277.6/1898.0
2026-04-11 16:29:51 | INFO | [Round 5] epoch=56/80 loss=0.0198 acc=99.80 val_acc=nan data_t=0.0061s batch_t=0.0918s epoch_t=00:00.78 lr=0.000214 | GPU MB alloc/reserved=277.6/1898.0
2026-04-11 16:29:51 | INFO | [Round 5] Epoch 56/80 time=00:00.78 avg=00:00.75 ETA=00:18.03 | GPU MB alloc/reserved=277.6/1898.0
2026-04-11 16:29:52 | INFO | [Round 5] epoch=57/80 loss=0.0165 acc=99.90 val_acc=nan data_t=0.0044s batch_t=0.0925s epoch_t=00:00.78 lr=0.000199 | GPU MB alloc/reserved=277.6/1898.0
2026-04-11 16:29:52 | INFO | [Round 5] Epoch 57/80 time=00:00.78 avg=00:00.75 ETA=00:17.29 | GPU MB alloc/reserved=277.6/1898.0
2026-04-11 16:29:53 | INFO | [Round 5] epoch=58/80 loss=0.0164 acc=99.90 val_acc=nan data_t=0.0033s batch_t=0.0904s epoch_t=00:00.75 lr=0.000184 | GPU MB alloc/reserved=277.6/1898.0
2026-04-11 16:29:53 | INFO | [Round 5] Epoch 58/80 time=00:00.75 avg=00:00.75 ETA=00:16.54 | GPU MB alloc/reserved=277.6/1898.0
2026-04-11 16:29:53 | INFO | [Round 5] epoch=59/80 loss=0.0151 acc=99.90 val_acc=nan data_t=0.0054s batch_t=0.0916s epoch_t=00:00.78 lr=0.000169 | GPU MB alloc/reserved=277.6/1898.0
2026-04-11 16:29:53 | INFO | [Round 5] Epoch 59/80 time=00:00.78 avg=00:00.75 ETA=00:15.79 | GPU MB alloc/reserved=277.6/1898.0
2026-04-11 16:29:54 | INFO | [Round 5] epoch=60/80 loss=0.0143 acc=99.90 val_acc=nan data_t=0.0037s batch_t=0.0911s epoch_t=00:00.76 lr=0.000155 | GPU MB alloc/reserved=277.6/1898.0
2026-04-11 16:29:54 | INFO | [Round 5] Epoch 60/80 time=00:00.76 avg=00:00.75 ETA=00:15.04 | GPU MB alloc/reserved=277.6/1898.0
2026-04-11 16:29:55 | INFO | [Round 5] epoch=61/80 loss=0.0122 acc=99.90 val_acc=nan data_t=0.0076s batch_t=0.0887s epoch_t=00:00.77 lr=0.000142 | GPU MB alloc/reserved=277.6/1898.0
2026-04-11 16:29:55 | INFO | [Round 5] Epoch 61/80 time=00:00.77 avg=00:00.75 ETA=00:14.30 | GPU MB alloc/reserved=277.6/1898.0
2026-04-11 16:29:56 | INFO | [Round 5] epoch=62/80 loss=0.0118 acc=100.00 val_acc=nan data_t=0.0052s batch_t=0.0925s epoch_t=00:00.78 lr=0.000129 | GPU MB alloc/reserved=277.6/1898.0
2026-04-11 16:29:56 | INFO | [Round 5] Epoch 62/80 time=00:00.78 avg=00:00.75 ETA=00:13.55 | GPU MB alloc/reserved=277.6/1898.0
2026-04-11 16:29:56 | INFO | [Round 5] epoch=63/80 loss=0.0101 acc=100.00 val_acc=nan data_t=0.0043s batch_t=0.0848s epoch_t=00:00.71 lr=0.000116 | GPU MB alloc/reserved=277.6/1898.0
2026-04-11 16:29:56 | INFO | [Round 5] Epoch 63/80 time=00:00.71 avg=00:00.75 ETA=00:12.79 | GPU MB alloc/reserved=277.6/1898.0
2026-04-11 16:29:57 | INFO | [Round 5] epoch=64/80 loss=0.0100 acc=100.00 val_acc=nan data_t=0.0048s batch_t=0.0885s epoch_t=00:00.75 lr=0.000105 | GPU MB alloc/reserved=277.6/1898.0
2026-04-11 16:29:57 | INFO | [Round 5] Epoch 64/80 time=00:00.75 avg=00:00.75 ETA=00:12.04 | GPU MB alloc/reserved=277.6/1898.0
2026-04-11 16:29:58 | INFO | [Round 5] epoch=65/80 loss=0.0117 acc=100.00 val_acc=nan data_t=0.0035s batch_t=0.0901s epoch_t=00:00.75 lr=0.000093 | GPU MB alloc/reserved=277.6/1898.0
2026-04-11 16:29:58 | INFO | [Round 5] Epoch 65/80 time=00:00.75 avg=00:00.75 ETA=00:11.28 | GPU MB alloc/reserved=277.6/1898.0
2026-04-11 16:29:59 | INFO | [Round 5] epoch=66/80 loss=0.0123 acc=99.90 val_acc=nan data_t=0.0060s batch_t=0.0894s epoch_t=00:00.76 lr=0.000083 | GPU MB alloc/reserved=277.6/1898.0
2026-04-11 16:29:59 | INFO | [Round 5] Epoch 66/80 time=00:00.76 avg=00:00.75 ETA=00:10.53 | GPU MB alloc/reserved=277.6/1898.0
2026-04-11 16:29:59 | INFO | [Round 5] epoch=67/80 loss=0.0082 acc=100.00 val_acc=nan data_t=0.0050s batch_t=0.0925s epoch_t=00:00.78 lr=0.000073 | GPU MB alloc/reserved=277.6/1898.0
2026-04-11 16:29:59 | INFO | [Round 5] Epoch 67/80 time=00:00.78 avg=00:00.75 ETA=00:09.79 | GPU MB alloc/reserved=277.6/1898.0
2026-04-11 16:30:00 | INFO | [Round 5] epoch=68/80 loss=0.0098 acc=100.00 val_acc=nan data_t=0.0042s batch_t=0.0818s epoch_t=00:00.69 lr=0.000064 | GPU MB alloc/reserved=277.6/1898.0
2026-04-11 16:30:00 | INFO | [Round 5] Epoch 68/80 time=00:00.69 avg=00:00.75 ETA=00:09.02 | GPU MB alloc/reserved=277.6/1898.0
2026-04-11 16:30:01 | INFO | [Round 5] epoch=69/80 loss=0.0074 acc=100.00 val_acc=nan data_t=0.0061s batch_t=0.0826s epoch_t=00:00.71 lr=0.000055 | GPU MB alloc/reserved=277.6/1898.0
2026-04-11 16:30:01 | INFO | [Round 5] Epoch 69/80 time=00:00.71 avg=00:00.75 ETA=00:08.26 | GPU MB alloc/reserved=277.6/1898.0
2026-04-11 16:30:02 | INFO | [Round 5] epoch=70/80 loss=0.0092 acc=99.90 val_acc=nan data_t=0.0287s batch_t=0.1015s epoch_t=00:01.04 lr=0.000048 | GPU MB alloc/reserved=277.6/1898.0
2026-04-11 16:30:02 | INFO | [Round 5] Epoch 70/80 time=00:01.04 avg=00:00.76 ETA=00:07.55 | GPU MB alloc/reserved=277.6/1898.0
2026-04-11 16:30:03 | INFO | [Round 5] epoch=71/80 loss=0.0083 acc=99.90 val_acc=nan data_t=0.0051s batch_t=0.1023s epoch_t=00:00.86 lr=0.000041 | GPU MB alloc/reserved=277.6/1898.0
2026-04-11 16:30:03 | INFO | [Round 5] Epoch 71/80 time=00:00.86 avg=00:00.76 ETA=00:06.81 | GPU MB alloc/reserved=277.6/1898.0
2026-04-11 16:30:04 | INFO | [Round 5] epoch=72/80 loss=0.0098 acc=99.90 val_acc=nan data_t=0.0051s batch_t=0.0966s epoch_t=00:00.81 lr=0.000034 | GPU MB alloc/reserved=277.6/1898.0
2026-04-11 16:30:04 | INFO | [Round 5] Epoch 72/80 time=00:00.81 avg=00:00.76 ETA=00:06.06 | GPU MB alloc/reserved=277.6/1898.0
2026-04-11 16:30:04 | INFO | [Round 5] epoch=73/80 loss=0.0115 acc=99.90 val_acc=nan data_t=0.0035s batch_t=0.0996s epoch_t=00:00.82 lr=0.000029 | GPU MB alloc/reserved=277.6/1898.0
2026-04-11 16:30:04 | INFO | [Round 5] Epoch 73/80 time=00:00.82 avg=00:00.76 ETA=00:05.31 | GPU MB alloc/reserved=277.6/1898.0
2026-04-11 16:30:05 | INFO | [Round 5] epoch=74/80 loss=0.0073 acc=100.00 val_acc=nan data_t=0.0031s batch_t=0.0999s epoch_t=00:00.82 lr=0.000024 | GPU MB alloc/reserved=277.6/1898.0
2026-04-11 16:30:05 | INFO | [Round 5] Epoch 74/80 time=00:00.82 avg=00:00.76 ETA=00:04.56 | GPU MB alloc/reserved=277.6/1898.0
2026-04-11 16:30:06 | INFO | [Round 5] epoch=75/80 loss=0.0079 acc=100.00 val_acc=nan data_t=0.0043s batch_t=0.1002s epoch_t=00:00.84 lr=0.000020 | GPU MB alloc/reserved=277.6/1898.0
2026-04-11 16:30:06 | INFO | [Round 5] Epoch 75/80 time=00:00.84 avg=00:00.76 ETA=00:03.80 | GPU MB alloc/reserved=277.6/1898.0
2026-04-11 16:30:07 | INFO | [Round 5] epoch=76/80 loss=0.0084 acc=100.00 val_acc=nan data_t=0.0089s batch_t=0.1015s epoch_t=00:00.88 lr=0.000016 | GPU MB alloc/reserved=277.6/1898.0
2026-04-11 16:30:07 | INFO | [Round 5] Epoch 76/80 time=00:00.88 avg=00:00.76 ETA=00:03.05 | GPU MB alloc/reserved=277.6/1898.0
2026-04-11 16:30:08 | INFO | [Round 5] epoch=77/80 loss=0.0085 acc=100.00 val_acc=nan data_t=0.0050s batch_t=0.0991s epoch_t=00:00.83 lr=0.000013 | GPU MB alloc/reserved=277.6/1898.0
2026-04-11 16:30:08 | INFO | [Round 5] Epoch 77/80 time=00:00.83 avg=00:00.76 ETA=00:02.29 | GPU MB alloc/reserved=277.6/1898.0
2026-04-11 16:30:09 | INFO | [Round 5] epoch=78/80 loss=0.0067 acc=100.00 val_acc=nan data_t=0.0030s batch_t=0.1000s epoch_t=00:00.82 lr=0.000012 | GPU MB alloc/reserved=277.6/1898.0
2026-04-11 16:30:09 | INFO | [Round 5] Epoch 78/80 time=00:00.82 avg=00:00.76 ETA=00:01.53 | GPU MB alloc/reserved=277.6/1898.0
2026-04-11 16:30:09 | INFO | [Round 5] epoch=79/80 loss=0.0090 acc=99.90 val_acc=nan data_t=0.0031s batch_t=0.0705s epoch_t=00:00.59 lr=0.000010 | GPU MB alloc/reserved=277.6/1898.0
2026-04-11 16:30:09 | INFO | [Round 5] Epoch 79/80 time=00:00.59 avg=00:00.76 ETA=00:00.76 | GPU MB alloc/reserved=277.6/1898.0
2026-04-11 16:30:10 | INFO | [Round 5] epoch=80/80 loss=0.0080 acc=100.00 val_acc=nan data_t=0.0041s batch_t=0.0606s epoch_t=00:00.52 lr=0.000010 | GPU MB alloc/reserved=277.6/1898.0
2026-04-11 16:30:10 | INFO | [Round 5] Epoch 80/80 time=00:00.52 avg=00:00.76 ETA=00:00.00 | GPU MB alloc/reserved=277.6/1898.0
2026-04-11 16:30:10 | INFO | [Round 5] training complete in 01:01.13 (best monitor=100.000) | GPU MB alloc/reserved=277.6/1898.0
2026-04-11 16:30:10 | INFO | [Round 5] evaluation started | GPU MB alloc/reserved=191.5/1898.0
2026-04-11 16:30:17 | INFO | [Round 5] clean=50.07 fgsm=40.19 pgd=39.96 grad_disp_mean=nan grad_disp_sel=nan round_t=71.00s | GPU MB alloc/reserved=191.5/1898.0
2026-04-11 16:30:17 | INFO | [Round 6/21] elapsed=01:11.00 avg_round=00:56.60 projected_remaining=14:09.01 | GPU MB alloc/reserved=191.5/1898.0
2026-04-11 16:30:18 | INFO | [Round 6] acquisition on pool_size=49000 scored_pool=5000 budget=100 | GPU MB alloc/reserved=102.3/1898.0
2026-04-11 16:30:19 | INFO | [CoreSet-unlabeled-feat] scoring progress 10/20 elapsed=00:00.23 avg/batch=0.023s ETA=00:00.23 | GPU MB alloc/reserved=110.3/1898.0
2026-04-11 16:30:19 | INFO | [CoreSet-unlabeled-feat] scoring progress 20/20 elapsed=00:00.36 avg/batch=0.018s ETA=00:00.00 | GPU MB alloc/reserved=114.6/1898.0
2026-04-11 16:30:19 | INFO | [CoreSet-labeled-feat] scoring progress 4/4 elapsed=00:00.22 avg/batch=0.054s ETA=00:00.00 | GPU MB alloc/reserved=116.9/1898.0
2026-04-11 16:30:19 | INFO | [CoreSet] greedy 10/100 cover_radius=18.640654 | GPU: n/a
2026-04-11 16:30:19 | INFO | [CoreSet] greedy 20/100 cover_radius=18.323341 | GPU: n/a
2026-04-11 16:30:19 | INFO | [CoreSet] greedy 30/100 cover_radius=18.034309 | GPU: n/a
2026-04-11 16:30:19 | INFO | [CoreSet] greedy 40/100 cover_radius=17.787897 | GPU: n/a
2026-04-11 16:30:20 | INFO | [CoreSet] greedy 50/100 cover_radius=17.608929 | GPU: n/a
2026-04-11 16:30:20 | INFO | [CoreSet] greedy 60/100 cover_radius=17.152441 | GPU: n/a
2026-04-11 16:30:20 | INFO | [CoreSet] greedy 70/100 cover_radius=16.983795 | GPU: n/a
2026-04-11 16:30:20 | INFO | [CoreSet] greedy 80/100 cover_radius=16.899338 | GPU: n/a
2026-04-11 16:30:20 | INFO | [CoreSet] greedy 90/100 cover_radius=16.830542 | GPU: n/a
2026-04-11 16:30:20 | INFO | [CoreSet] greedy 100/100 cover_radius=16.756418 | GPU: n/a
2026-04-11 16:30:21 | INFO | [Round 6] labeled=1100 train=1100 val_fixed=0 | GPU MB alloc/reserved=146.9/1898.0
2026-04-11 16:30:22 | INFO | [Round 6] epoch=1/80 loss=2.4129 acc=16.82 val_acc=nan data_t=0.0199s batch_t=0.0941s epoch_t=00:01.03 lr=0.001000 | GPU MB alloc/reserved=276.2/1898.0
2026-04-11 16:30:22 | INFO | [Round 6] Epoch 1/80 time=00:01.03 avg=00:01.03 ETA=01:21.08 | GPU MB alloc/reserved=276.2/1898.0
2026-04-11 16:30:22 | INFO | [Round 6] epoch=2/80 loss=2.0940 acc=22.36 val_acc=nan data_t=0.0038s batch_t=0.0895s epoch_t=00:00.84 lr=0.000998 | GPU MB alloc/reserved=276.2/1898.0
2026-04-11 16:30:22 | INFO | [Round 6] Epoch 2/80 time=00:00.84 avg=00:00.93 ETA=01:12.79 | GPU MB alloc/reserved=276.2/1898.0
2026-04-11 16:30:23 | INFO | [Round 6] epoch=3/80 loss=1.9477 acc=30.27 val_acc=nan data_t=0.0045s batch_t=0.0895s epoch_t=00:00.85 lr=0.000997 | GPU MB alloc/reserved=276.2/1898.0
2026-04-11 16:30:23 | INFO | [Round 6] Epoch 3/80 time=00:00.85 avg=00:00.90 ETA=01:09.61 | GPU MB alloc/reserved=276.2/1898.0
2026-04-11 16:30:24 | INFO | [Round 6] epoch=4/80 loss=1.8358 acc=31.64 val_acc=nan data_t=0.0044s batch_t=0.0873s epoch_t=00:00.83 lr=0.000994 | GPU MB alloc/reserved=276.2/1898.0
2026-04-11 16:30:24 | INFO | [Round 6] Epoch 4/80 time=00:00.83 avg=00:00.88 ETA=01:07.21 | GPU MB alloc/reserved=276.2/1898.0
2026-04-11 16:30:25 | INFO | [Round 6] epoch=5/80 loss=1.8021 acc=33.36 val_acc=nan data_t=0.0046s batch_t=0.0885s epoch_t=00:00.84 lr=0.000990 | GPU MB alloc/reserved=276.2/1898.0
2026-04-11 16:30:25 | INFO | [Round 6] Epoch 5/80 time=00:00.84 avg=00:00.88 ETA=01:05.64 | GPU MB alloc/reserved=276.2/1898.0
2026-04-11 16:30:26 | INFO | [Round 6] epoch=6/80 loss=1.7350 acc=35.09 val_acc=nan data_t=0.0052s batch_t=0.0886s epoch_t=00:00.84 lr=0.000986 | GPU MB alloc/reserved=276.2/1898.0
2026-04-11 16:30:26 | INFO | [Round 6] Epoch 6/80 time=00:00.84 avg=00:00.87 ETA=01:04.38 | GPU MB alloc/reserved=276.2/1898.0
2026-04-11 16:30:27 | INFO | [Round 6] epoch=7/80 loss=1.6219 acc=38.91 val_acc=nan data_t=0.0057s batch_t=0.0895s epoch_t=00:00.86 lr=0.000981 | GPU MB alloc/reserved=276.2/1898.0
2026-04-11 16:30:27 | INFO | [Round 6] Epoch 7/80 time=00:00.86 avg=00:00.87 ETA=01:03.38 | GPU MB alloc/reserved=276.2/1898.0
2026-04-11 16:30:28 | INFO | [Round 6] epoch=8/80 loss=1.5874 acc=41.00 val_acc=nan data_t=0.0058s batch_t=0.0883s epoch_t=00:00.85 lr=0.000976 | GPU MB alloc/reserved=276.2/1898.0
2026-04-11 16:30:28 | INFO | [Round 6] Epoch 8/80 time=00:00.85 avg=00:00.87 ETA=01:02.31 | GPU MB alloc/reserved=276.2/1898.0
2026-04-11 16:30:28 | INFO | [Round 6] epoch=9/80 loss=1.5339 acc=41.27 val_acc=nan data_t=0.0034s batch_t=0.0883s epoch_t=00:00.83 lr=0.000969 | GPU MB alloc/reserved=276.2/1898.0
2026-04-11 16:30:28 | INFO | [Round 6] Epoch 9/80 time=00:00.83 avg=00:00.86 ETA=01:01.14 | GPU MB alloc/reserved=276.2/1898.0
2026-04-11 16:30:29 | INFO | [Round 6] epoch=10/80 loss=1.5258 acc=43.82 val_acc=nan data_t=0.0033s batch_t=0.0887s epoch_t=00:00.83 lr=0.000962 | GPU MB alloc/reserved=276.2/1898.0
2026-04-11 16:30:29 | INFO | [Round 6] Epoch 10/80 time=00:00.83 avg=00:00.86 ETA=01:00.05 | GPU MB alloc/reserved=276.2/1898.0
2026-04-11 16:30:30 | INFO | [Round 6] epoch=11/80 loss=1.4630 acc=44.09 val_acc=nan data_t=0.0033s batch_t=0.0889s epoch_t=00:00.83 lr=0.000955 | GPU MB alloc/reserved=276.2/1898.0
2026-04-11 16:30:30 | INFO | [Round 6] Epoch 11/80 time=00:00.83 avg=00:00.86 ETA=00:59.02 | GPU MB alloc/reserved=276.2/1898.0
2026-04-11 16:30:31 | INFO | [Round 6] epoch=12/80 loss=1.4284 acc=46.73 val_acc=nan data_t=0.0047s batch_t=0.0876s epoch_t=00:00.83 lr=0.000946 | GPU MB alloc/reserved=276.2/1898.0
2026-04-11 16:30:31 | INFO | [Round 6] Epoch 12/80 time=00:00.83 avg=00:00.85 ETA=00:58.02 | GPU MB alloc/reserved=276.2/1898.0
2026-04-11 16:30:32 | INFO | [Round 6] epoch=13/80 loss=1.3745 acc=50.73 val_acc=nan data_t=0.0036s batch_t=0.0892s epoch_t=00:00.84 lr=0.000937 | GPU MB alloc/reserved=276.2/1898.0
2026-04-11 16:30:32 | INFO | [Round 6] Epoch 13/80 time=00:00.84 avg=00:00.85 ETA=00:57.08 | GPU MB alloc/reserved=276.2/1898.0
2026-04-11 16:30:33 | INFO | [Round 6] epoch=14/80 loss=1.2877 acc=51.82 val_acc=nan data_t=0.0031s batch_t=0.0890s epoch_t=00:00.83 lr=0.000927 | GPU MB alloc/reserved=276.2/1898.0
2026-04-11 16:30:33 | INFO | [Round 6] Epoch 14/80 time=00:00.83 avg=00:00.85 ETA=00:56.12 | GPU MB alloc/reserved=276.2/1898.0
2026-04-11 16:30:33 | INFO | [Round 6] epoch=15/80 loss=1.2467 acc=53.82 val_acc=nan data_t=0.0041s batch_t=0.0895s epoch_t=00:00.84 lr=0.000917 | GPU MB alloc/reserved=276.2/1898.0
2026-04-11 16:30:33 | INFO | [Round 6] Epoch 15/80 time=00:00.84 avg=00:00.85 ETA=00:55.24 | GPU MB alloc/reserved=276.2/1898.0
2026-04-11 16:30:34 | INFO | [Round 6] epoch=16/80 loss=1.2115 acc=55.91 val_acc=nan data_t=0.0044s batch_t=0.0883s epoch_t=00:00.83 lr=0.000905 | GPU MB alloc/reserved=276.2/1898.0
2026-04-11 16:30:34 | INFO | [Round 6] Epoch 16/80 time=00:00.83 avg=00:00.85 ETA=00:54.33 | GPU MB alloc/reserved=276.2/1898.0
2026-04-11 16:30:35 | INFO | [Round 6] epoch=17/80 loss=1.2268 acc=54.09 val_acc=nan data_t=0.0056s batch_t=0.0900s epoch_t=00:00.86 lr=0.000894 | GPU MB alloc/reserved=276.2/1898.0
2026-04-11 16:30:35 | INFO | [Round 6] Epoch 17/80 time=00:00.86 avg=00:00.85 ETA=00:53.52 | GPU MB alloc/reserved=276.2/1898.0
2026-04-11 16:30:36 | INFO | [Round 6] epoch=18/80 loss=1.1615 acc=55.91 val_acc=nan data_t=0.0030s batch_t=0.0894s epoch_t=00:00.83 lr=0.000881 | GPU MB alloc/reserved=276.2/1898.0
2026-04-11 16:30:36 | INFO | [Round 6] Epoch 18/80 time=00:00.83 avg=00:00.85 ETA=00:52.62 | GPU MB alloc/reserved=276.2/1898.0
2026-04-11 16:30:37 | INFO | [Round 6] epoch=19/80 loss=1.1333 acc=58.45 val_acc=nan data_t=0.0031s batch_t=0.0878s epoch_t=00:00.82 lr=0.000868 | GPU MB alloc/reserved=276.2/1898.0
2026-04-11 16:30:37 | INFO | [Round 6] Epoch 19/80 time=00:00.82 avg=00:00.85 ETA=00:51.67 | GPU MB alloc/reserved=276.2/1898.0
2026-04-11 16:30:38 | INFO | [Round 6] epoch=20/80 loss=1.1119 acc=59.18 val_acc=nan data_t=0.0033s batch_t=0.0891s epoch_t=00:00.83 lr=0.000855 | GPU MB alloc/reserved=276.2/1898.0
2026-04-11 16:30:38 | INFO | [Round 6] Epoch 20/80 time=00:00.83 avg=00:00.85 ETA=00:50.78 | GPU MB alloc/reserved=276.2/1898.0
2026-04-11 16:30:38 | INFO | [Round 6] epoch=21/80 loss=0.9979 acc=62.18 val_acc=nan data_t=0.0066s batch_t=0.0895s epoch_t=00:00.87 lr=0.000841 | GPU MB alloc/reserved=276.2/1898.0
2026-04-11 16:30:38 | INFO | [Round 6] Epoch 21/80 time=00:00.87 avg=00:00.85 ETA=00:49.99 | GPU MB alloc/reserved=276.2/1898.0
2026-04-11 16:30:39 | INFO | [Round 6] epoch=22/80 loss=0.9645 acc=64.64 val_acc=nan data_t=0.0032s batch_t=0.0903s epoch_t=00:00.84 lr=0.000826 | GPU MB alloc/reserved=276.2/1898.0
2026-04-11 16:30:39 | INFO | [Round 6] Epoch 22/80 time=00:00.84 avg=00:00.85 ETA=00:49.12 | GPU MB alloc/reserved=276.2/1898.0
2026-04-11 16:30:40 | INFO | [Round 6] epoch=23/80 loss=0.9293 acc=65.45 val_acc=nan data_t=0.0027s batch_t=0.0896s epoch_t=00:00.83 lr=0.000811 | GPU MB alloc/reserved=276.2/1898.0
2026-04-11 16:30:40 | INFO | [Round 6] Epoch 23/80 time=00:00.83 avg=00:00.85 ETA=00:48.24 | GPU MB alloc/reserved=276.2/1898.0
2026-04-11 16:30:41 | INFO | [Round 6] epoch=24/80 loss=0.8728 acc=67.91 val_acc=nan data_t=0.0030s batch_t=0.0880s epoch_t=00:00.82 lr=0.000796 | GPU MB alloc/reserved=276.2/1898.0
2026-04-11 16:30:41 | INFO | [Round 6] Epoch 24/80 time=00:00.82 avg=00:00.85 ETA=00:47.33 | GPU MB alloc/reserved=276.2/1898.0
2026-04-11 16:30:42 | INFO | [Round 6] epoch=25/80 loss=0.8555 acc=68.64 val_acc=nan data_t=0.0041s batch_t=0.0845s epoch_t=00:00.80 lr=0.000780 | GPU MB alloc/reserved=276.2/1898.0
2026-04-11 16:30:42 | INFO | [Round 6] Epoch 25/80 time=00:00.80 avg=00:00.84 ETA=00:46.38 | GPU MB alloc/reserved=276.2/1898.0
2026-04-11 16:30:43 | INFO | [Round 6] epoch=26/80 loss=0.7731 acc=70.82 val_acc=nan data_t=0.0045s batch_t=0.0855s epoch_t=00:00.81 lr=0.000764 | GPU MB alloc/reserved=276.2/1898.0
2026-04-11 16:30:43 | INFO | [Round 6] Epoch 26/80 time=00:00.81 avg=00:00.84 ETA=00:45.47 | GPU MB alloc/reserved=276.2/1898.0
2026-04-11 16:30:43 | INFO | [Round 6] epoch=27/80 loss=0.7871 acc=71.27 val_acc=nan data_t=0.0037s batch_t=0.0894s epoch_t=00:00.84 lr=0.000747 | GPU MB alloc/reserved=276.2/1898.0
2026-04-11 16:30:43 | INFO | [Round 6] Epoch 27/80 time=00:00.84 avg=00:00.84 ETA=00:44.62 | GPU MB alloc/reserved=276.2/1898.0
2026-04-11 16:30:44 | INFO | [Round 6] epoch=28/80 loss=0.6862 acc=75.09 val_acc=nan data_t=0.0031s batch_t=0.0857s epoch_t=00:00.80 lr=0.000730 | GPU MB alloc/reserved=276.2/1898.0
2026-04-11 16:30:44 | INFO | [Round 6] Epoch 28/80 time=00:00.80 avg=00:00.84 ETA=00:43.70 | GPU MB alloc/reserved=276.2/1898.0
2026-04-11 16:30:45 | INFO | [Round 6] epoch=29/80 loss=0.6458 acc=75.82 val_acc=nan data_t=0.0042s batch_t=0.0872s epoch_t=00:00.82 lr=0.000712 | GPU MB alloc/reserved=276.2/1898.0
2026-04-11 16:30:45 | INFO | [Round 6] Epoch 29/80 time=00:00.82 avg=00:00.84 ETA=00:42.83 | GPU MB alloc/reserved=276.2/1898.0
2026-04-11 16:30:46 | INFO | [Round 6] epoch=30/80 loss=0.6166 acc=77.18 val_acc=nan data_t=0.0033s batch_t=0.0847s epoch_t=00:00.79 lr=0.000694 | GPU MB alloc/reserved=276.2/1898.0
2026-04-11 16:30:46 | INFO | [Round 6] Epoch 30/80 time=00:00.79 avg=00:00.84 ETA=00:41.91 | GPU MB alloc/reserved=276.2/1898.0
2026-04-11 16:30:47 | INFO | [Round 6] epoch=31/80 loss=0.4840 acc=84.00 val_acc=nan data_t=0.0034s batch_t=0.0849s epoch_t=00:00.79 lr=0.000676 | GPU MB alloc/reserved=276.2/1898.0
2026-04-11 16:30:47 | INFO | [Round 6] Epoch 31/80 time=00:00.79 avg=00:00.84 ETA=00:41.00 | GPU MB alloc/reserved=276.2/1898.0
2026-04-11 16:30:47 | INFO | [Round 6] epoch=32/80 loss=0.4799 acc=82.27 val_acc=nan data_t=0.0035s batch_t=0.0876s epoch_t=00:00.82 lr=0.000658 | GPU MB alloc/reserved=276.2/1898.0
2026-04-11 16:30:47 | INFO | [Round 6] Epoch 32/80 time=00:00.82 avg=00:00.84 ETA=00:40.14 | GPU MB alloc/reserved=276.2/1898.0
2026-04-11 16:30:48 | INFO | [Round 6] epoch=33/80 loss=0.4296 acc=85.64 val_acc=nan data_t=0.0044s batch_t=0.0872s epoch_t=00:00.82 lr=0.000639 | GPU MB alloc/reserved=276.2/1898.0
2026-04-11 16:30:48 | INFO | [Round 6] Epoch 33/80 time=00:00.82 avg=00:00.84 ETA=00:39.29 | GPU MB alloc/reserved=276.2/1898.0
2026-04-11 16:30:49 | INFO | [Round 6] epoch=34/80 loss=0.3960 acc=86.27 val_acc=nan data_t=0.0032s batch_t=0.0844s epoch_t=00:00.79 lr=0.000621 | GPU MB alloc/reserved=276.2/1898.0
2026-04-11 16:30:49 | INFO | [Round 6] Epoch 34/80 time=00:00.79 avg=00:00.83 ETA=00:38.39 | GPU MB alloc/reserved=276.2/1898.0
2026-04-11 16:30:50 | INFO | [Round 6] epoch=35/80 loss=0.3680 acc=87.09 val_acc=nan data_t=0.0030s batch_t=0.0870s epoch_t=00:00.81 lr=0.000602 | GPU MB alloc/reserved=276.2/1898.0
2026-04-11 16:30:50 | INFO | [Round 6] Epoch 35/80 time=00:00.81 avg=00:00.83 ETA=00:37.52 | GPU MB alloc/reserved=276.2/1898.0
2026-04-11 16:30:51 | INFO | [Round 6] epoch=36/80 loss=0.3944 acc=86.00 val_acc=nan data_t=0.0028s batch_t=0.0898s epoch_t=00:00.83 lr=0.000582 | GPU MB alloc/reserved=276.2/1898.0
2026-04-11 16:30:51 | INFO | [Round 6] Epoch 36/80 time=00:00.83 avg=00:00.83 ETA=00:36.69 | GPU MB alloc/reserved=276.2/1898.0
2026-04-11 16:30:52 | INFO | [Round 6] epoch=37/80 loss=0.3600 acc=87.18 val_acc=nan data_t=0.0038s batch_t=0.0919s epoch_t=00:00.86 lr=0.000563 | GPU MB alloc/reserved=276.2/1898.0
2026-04-11 16:30:52 | INFO | [Round 6] Epoch 37/80 time=00:00.86 avg=00:00.83 ETA=00:35.89 | GPU MB alloc/reserved=276.2/1898.0
2026-04-11 16:30:52 | INFO | [Round 6] epoch=38/80 loss=0.3742 acc=87.00 val_acc=nan data_t=0.0029s batch_t=0.0912s epoch_t=00:00.85 lr=0.000544 | GPU MB alloc/reserved=276.2/1898.0
2026-04-11 16:30:52 | INFO | [Round 6] Epoch 38/80 time=00:00.85 avg=00:00.83 ETA=00:35.07 | GPU MB alloc/reserved=276.2/1898.0
2026-04-11 16:30:53 | INFO | [Round 6] epoch=39/80 loss=0.3235 acc=88.45 val_acc=nan data_t=0.0045s batch_t=0.0889s epoch_t=00:00.84 lr=0.000524 | GPU MB alloc/reserved=276.2/1898.0
2026-04-11 16:30:53 | INFO | [Round 6] Epoch 39/80 time=00:00.84 avg=00:00.84 ETA=00:34.24 | GPU MB alloc/reserved=276.2/1898.0
2026-04-11 16:30:54 | INFO | [Round 6] epoch=40/80 loss=0.2898 acc=90.18 val_acc=nan data_t=0.0058s batch_t=0.0789s epoch_t=00:00.76 lr=0.000505 | GPU MB alloc/reserved=276.2/1898.0
2026-04-11 16:30:54 | INFO | [Round 6] Epoch 40/80 time=00:00.76 avg=00:00.83 ETA=00:33.33 | GPU MB alloc/reserved=276.2/1898.0
2026-04-11 16:30:55 | INFO | [Round 6] epoch=41/80 loss=0.2392 acc=91.55 val_acc=nan data_t=0.0046s batch_t=0.0990s epoch_t=00:00.93 lr=0.000486 | GPU MB alloc/reserved=276.2/1898.0
2026-04-11 16:30:55 | INFO | [Round 6] Epoch 41/80 time=00:00.93 avg=00:00.84 ETA=00:32.59 | GPU MB alloc/reserved=276.2/1898.0
2026-04-11 16:30:56 | INFO | [Round 6] epoch=42/80 loss=0.2156 acc=93.18 val_acc=nan data_t=0.0042s batch_t=0.0989s epoch_t=00:00.93 lr=0.000466 | GPU MB alloc/reserved=276.2/1898.0
2026-04-11 16:30:56 | INFO | [Round 6] Epoch 42/80 time=00:00.93 avg=00:00.84 ETA=00:31.84 | GPU MB alloc/reserved=276.2/1898.0
2026-04-11 16:30:57 | INFO | [Round 6] epoch=43/80 loss=0.1724 acc=94.36 val_acc=nan data_t=0.0041s batch_t=0.0930s epoch_t=00:00.87 lr=0.000447 | GPU MB alloc/reserved=276.2/1898.0
2026-04-11 16:30:57 | INFO | [Round 6] Epoch 43/80 time=00:00.87 avg=00:00.84 ETA=00:31.03 | GPU MB alloc/reserved=276.2/1898.0
2026-04-11 16:30:58 | INFO | [Round 6] epoch=44/80 loss=0.1578 acc=95.64 val_acc=nan data_t=0.0044s batch_t=0.0991s epoch_t=00:00.93 lr=0.000428 | GPU MB alloc/reserved=276.2/1898.0
2026-04-11 16:30:58 | INFO | [Round 6] Epoch 44/80 time=00:00.93 avg=00:00.84 ETA=00:30.27 | GPU MB alloc/reserved=276.2/1898.0
2026-04-11 16:30:59 | INFO | [Round 6] epoch=45/80 loss=0.1231 acc=97.00 val_acc=nan data_t=0.0036s batch_t=0.0998s epoch_t=00:00.93 lr=0.000408 | GPU MB alloc/reserved=276.2/1898.0
2026-04-11 16:30:59 | INFO | [Round 6] Epoch 45/80 time=00:00.93 avg=00:00.84 ETA=00:29.50 | GPU MB alloc/reserved=276.2/1898.0
2026-04-11 16:31:00 | INFO | [Round 6] epoch=46/80 loss=0.1164 acc=97.09 val_acc=nan data_t=0.0049s batch_t=0.0992s epoch_t=00:00.94 lr=0.000389 | GPU MB alloc/reserved=276.2/1898.0
2026-04-11 16:31:00 | INFO | [Round 6] Epoch 46/80 time=00:00.94 avg=00:00.84 ETA=00:28.73 | GPU MB alloc/reserved=276.2/1898.0
2026-04-11 16:31:01 | INFO | [Round 6] epoch=47/80 loss=0.0962 acc=97.73 val_acc=nan data_t=0.0033s batch_t=0.0988s epoch_t=00:00.92 lr=0.000371 | GPU MB alloc/reserved=276.2/1898.0
2026-04-11 16:31:01 | INFO | [Round 6] Epoch 47/80 time=00:00.92 avg=00:00.85 ETA=00:27.93 | GPU MB alloc/reserved=276.2/1898.0
2026-04-11 16:31:02 | INFO | [Round 6] epoch=48/80 loss=0.0958 acc=97.27 val_acc=nan data_t=0.0055s batch_t=0.0989s epoch_t=00:00.94 lr=0.000352 | GPU MB alloc/reserved=276.2/1898.0
2026-04-11 16:31:02 | INFO | [Round 6] Epoch 48/80 time=00:00.94 avg=00:00.85 ETA=00:27.15 | GPU MB alloc/reserved=276.2/1898.0
2026-04-11 16:31:02 | INFO | [Round 6] epoch=49/80 loss=0.0871 acc=98.09 val_acc=nan data_t=0.0030s batch_t=0.0879s epoch_t=00:00.82 lr=0.000334 | GPU MB alloc/reserved=276.2/1898.0
2026-04-11 16:31:02 | INFO | [Round 6] Epoch 49/80 time=00:00.82 avg=00:00.85 ETA=00:26.28 | GPU MB alloc/reserved=276.2/1898.0
2026-04-11 16:31:03 | INFO | [Round 6] epoch=50/80 loss=0.0755 acc=97.64 val_acc=nan data_t=0.0048s batch_t=0.0615s epoch_t=00:00.60 lr=0.000316 | GPU MB alloc/reserved=276.2/1898.0
2026-04-11 16:31:03 | INFO | [Round 6] Epoch 50/80 time=00:00.60 avg=00:00.84 ETA=00:25.28 | GPU MB alloc/reserved=276.2/1898.0
2026-04-11 16:31:04 | INFO | [Round 6] epoch=51/80 loss=0.0651 acc=98.64 val_acc=nan data_t=0.0050s batch_t=0.0755s epoch_t=00:00.72 lr=0.000298 | GPU MB alloc/reserved=276.2/1898.0
2026-04-11 16:31:04 | INFO | [Round 6] Epoch 51/80 time=00:00.72 avg=00:00.84 ETA=00:24.37 | GPU MB alloc/reserved=276.2/1898.0
2026-04-11 16:31:04 | INFO | [Round 6] epoch=52/80 loss=0.0521 acc=98.91 val_acc=nan data_t=0.0046s batch_t=0.0636s epoch_t=00:00.61 lr=0.000280 | GPU MB alloc/reserved=276.2/1898.0
2026-04-11 16:31:04 | INFO | [Round 6] Epoch 52/80 time=00:00.61 avg=00:00.84 ETA=00:23.41 | GPU MB alloc/reserved=276.2/1898.0
2026-04-11 16:31:05 | INFO | [Round 6] epoch=53/80 loss=0.0535 acc=98.82 val_acc=nan data_t=0.0029s batch_t=0.0589s epoch_t=00:00.56 lr=0.000263 | GPU MB alloc/reserved=276.2/1898.0
2026-04-11 16:31:05 | INFO | [Round 6] Epoch 53/80 time=00:00.56 avg=00:00.83 ETA=00:22.43 | GPU MB alloc/reserved=276.2/1898.0
2026-04-11 16:31:06 | INFO | [Round 6] epoch=54/80 loss=0.0360 acc=99.64 val_acc=nan data_t=0.0074s batch_t=0.0827s epoch_t=00:00.81 lr=0.000246 | GPU MB alloc/reserved=276.2/1898.0
2026-04-11 16:31:06 | INFO | [Round 6] Epoch 54/80 time=00:00.81 avg=00:00.83 ETA=00:21.59 | GPU MB alloc/reserved=276.2/1898.0
2026-04-11 16:31:07 | INFO | [Round 6] epoch=55/80 loss=0.0273 acc=100.00 val_acc=nan data_t=0.0062s batch_t=0.0856s epoch_t=00:00.83 lr=0.000230 | GPU MB alloc/reserved=276.2/1898.0
2026-04-11 16:31:07 | INFO | [Round 6] Epoch 55/80 time=00:00.83 avg=00:00.83 ETA=00:20.76 | GPU MB alloc/reserved=276.2/1898.0
2026-04-11 16:31:07 | INFO | [Round 6] epoch=56/80 loss=0.0269 acc=99.82 val_acc=nan data_t=0.0030s batch_t=0.0849s epoch_t=00:00.79 lr=0.000214 | GPU MB alloc/reserved=276.2/1898.0
2026-04-11 16:31:07 | INFO | [Round 6] Epoch 56/80 time=00:00.79 avg=00:00.83 ETA=00:19.91 | GPU MB alloc/reserved=276.2/1898.0
2026-04-11 16:31:08 | INFO | [Round 6] epoch=57/80 loss=0.0229 acc=99.82 val_acc=nan data_t=0.0046s batch_t=0.0880s epoch_t=00:00.83 lr=0.000199 | GPU MB alloc/reserved=276.2/1898.0
2026-04-11 16:31:08 | INFO | [Round 6] Epoch 57/80 time=00:00.83 avg=00:00.83 ETA=00:19.09 | GPU MB alloc/reserved=276.2/1898.0
2026-04-11 16:31:09 | INFO | [Round 6] epoch=58/80 loss=0.0177 acc=100.00 val_acc=nan data_t=0.0060s batch_t=0.0890s epoch_t=00:00.85 lr=0.000184 | GPU MB alloc/reserved=276.2/1898.0
2026-04-11 16:31:09 | INFO | [Round 6] Epoch 58/80 time=00:00.85 avg=00:00.83 ETA=00:18.26 | GPU MB alloc/reserved=276.2/1898.0
2026-04-11 16:31:10 | INFO | [Round 6] epoch=59/80 loss=0.0238 acc=99.64 val_acc=nan data_t=0.0029s batch_t=0.0893s epoch_t=00:00.83 lr=0.000169 | GPU MB alloc/reserved=276.2/1898.0
2026-04-11 16:31:10 | INFO | [Round 6] Epoch 59/80 time=00:00.83 avg=00:00.83 ETA=00:17.43 | GPU MB alloc/reserved=276.2/1898.0
2026-04-11 16:31:11 | INFO | [Round 6] epoch=60/80 loss=0.0163 acc=100.00 val_acc=nan data_t=0.0047s batch_t=0.0892s epoch_t=00:00.84 lr=0.000155 | GPU MB alloc/reserved=276.2/1898.0
2026-04-11 16:31:11 | INFO | [Round 6] Epoch 60/80 time=00:00.84 avg=00:00.83 ETA=00:16.61 | GPU MB alloc/reserved=276.2/1898.0
2026-04-11 16:31:12 | INFO | [Round 6] epoch=61/80 loss=0.0172 acc=99.73 val_acc=nan data_t=0.0053s batch_t=0.0893s epoch_t=00:00.85 lr=0.000142 | GPU MB alloc/reserved=276.2/1898.0
2026-04-11 16:31:12 | INFO | [Round 6] Epoch 61/80 time=00:00.85 avg=00:00.83 ETA=00:15.79 | GPU MB alloc/reserved=276.2/1898.0
2026-04-11 16:31:12 | INFO | [Round 6] epoch=62/80 loss=0.0152 acc=99.91 val_acc=nan data_t=0.0048s batch_t=0.0908s epoch_t=00:00.86 lr=0.000129 | GPU MB alloc/reserved=276.2/1898.0
2026-04-11 16:31:12 | INFO | [Round 6] Epoch 62/80 time=00:00.86 avg=00:00.83 ETA=00:14.96 | GPU MB alloc/reserved=276.2/1898.0
2026-04-11 16:31:13 | INFO | [Round 6] epoch=63/80 loss=0.0131 acc=99.82 val_acc=nan data_t=0.0047s batch_t=0.0911s epoch_t=00:00.86 lr=0.000116 | GPU MB alloc/reserved=276.2/1898.0
2026-04-11 16:31:13 | INFO | [Round 6] Epoch 63/80 time=00:00.86 avg=00:00.83 ETA=00:14.14 | GPU MB alloc/reserved=276.2/1898.0
2026-04-11 16:31:14 | INFO | [Round 6] epoch=64/80 loss=0.0129 acc=100.00 val_acc=nan data_t=0.0032s batch_t=0.0890s epoch_t=00:00.83 lr=0.000105 | GPU MB alloc/reserved=276.2/1898.0
2026-04-11 16:31:14 | INFO | [Round 6] Epoch 64/80 time=00:00.83 avg=00:00.83 ETA=00:13.31 | GPU MB alloc/reserved=276.2/1898.0
2026-04-11 16:31:15 | INFO | [Round 6] epoch=65/80 loss=0.0128 acc=99.82 val_acc=nan data_t=0.0043s batch_t=0.0883s epoch_t=00:00.83 lr=0.000093 | GPU MB alloc/reserved=276.2/1898.0
2026-04-11 16:31:15 | INFO | [Round 6] Epoch 65/80 time=00:00.83 avg=00:00.83 ETA=00:12.48 | GPU MB alloc/reserved=276.2/1898.0
2026-04-11 16:31:16 | INFO | [Round 6] epoch=66/80 loss=0.0154 acc=99.91 val_acc=nan data_t=0.0030s batch_t=0.0901s epoch_t=00:00.84 lr=0.000083 | GPU MB alloc/reserved=276.2/1898.0
2026-04-11 16:31:16 | INFO | [Round 6] Epoch 66/80 time=00:00.84 avg=00:00.83 ETA=00:11.65 | GPU MB alloc/reserved=276.2/1898.0
2026-04-11 16:31:17 | INFO | [Round 6] epoch=67/80 loss=0.0134 acc=99.91 val_acc=nan data_t=0.0050s batch_t=0.0894s epoch_t=00:00.85 lr=0.000073 | GPU MB alloc/reserved=276.2/1898.0
2026-04-11 16:31:17 | INFO | [Round 6] Epoch 67/80 time=00:00.85 avg=00:00.83 ETA=00:10.82 | GPU MB alloc/reserved=276.2/1898.0
2026-04-11 16:31:17 | INFO | [Round 6] epoch=68/80 loss=0.0130 acc=100.00 val_acc=nan data_t=0.0033s batch_t=0.0886s epoch_t=00:00.83 lr=0.000064 | GPU MB alloc/reserved=276.2/1898.0
2026-04-11 16:31:17 | INFO | [Round 6] Epoch 68/80 time=00:00.83 avg=00:00.83 ETA=00:09.99 | GPU MB alloc/reserved=276.2/1898.0
2026-04-11 16:31:18 | INFO | [Round 6] epoch=69/80 loss=0.0118 acc=100.00 val_acc=nan data_t=0.0046s batch_t=0.0902s epoch_t=00:00.85 lr=0.000055 | GPU MB alloc/reserved=276.2/1898.0
2026-04-11 16:31:18 | INFO | [Round 6] Epoch 69/80 time=00:00.85 avg=00:00.83 ETA=00:09.16 | GPU MB alloc/reserved=276.2/1898.0
2026-04-11 16:31:19 | INFO | [Round 6] epoch=70/80 loss=0.0138 acc=99.91 val_acc=nan data_t=0.0043s batch_t=0.0881s epoch_t=00:00.83 lr=0.000048 | GPU MB alloc/reserved=276.2/1898.0
2026-04-11 16:31:19 | INFO | [Round 6] Epoch 70/80 time=00:00.83 avg=00:00.83 ETA=00:08.32 | GPU MB alloc/reserved=276.2/1898.0
2026-04-11 16:31:20 | INFO | [Round 6] epoch=71/80 loss=0.0126 acc=99.91 val_acc=nan data_t=0.0047s batch_t=0.0634s epoch_t=00:00.61 lr=0.000041 | GPU MB alloc/reserved=276.2/1898.0
2026-04-11 16:31:20 | INFO | [Round 6] Epoch 71/80 time=00:00.61 avg=00:00.83 ETA=00:07.46 | GPU MB alloc/reserved=276.2/1898.0
2026-04-11 16:31:21 | INFO | [Round 6] epoch=72/80 loss=0.0099 acc=100.00 val_acc=nan data_t=0.0031s batch_t=0.0963s epoch_t=00:00.90 lr=0.000034 | GPU MB alloc/reserved=276.2/1898.0
2026-04-11 16:31:21 | INFO | [Round 6] Epoch 72/80 time=00:00.90 avg=00:00.83 ETA=00:06.64 | GPU MB alloc/reserved=276.2/1898.0
2026-04-11 16:31:22 | INFO | [Round 6] epoch=73/80 loss=0.0091 acc=100.00 val_acc=nan data_t=0.0048s batch_t=0.0968s epoch_t=00:00.92 lr=0.000029 | GPU MB alloc/reserved=276.2/1898.0
2026-04-11 16:31:22 | INFO | [Round 6] Epoch 73/80 time=00:00.92 avg=00:00.83 ETA=00:05.82 | GPU MB alloc/reserved=276.2/1898.0
2026-04-11 16:31:22 | INFO | [Round 6] epoch=74/80 loss=0.0107 acc=99.91 val_acc=nan data_t=0.0060s batch_t=0.0960s epoch_t=00:00.92 lr=0.000024 | GPU MB alloc/reserved=276.2/1898.0
2026-04-11 16:31:22 | INFO | [Round 6] Epoch 74/80 time=00:00.92 avg=00:00.83 ETA=00:05.00 | GPU MB alloc/reserved=276.2/1898.0
2026-04-11 16:31:23 | INFO | [Round 6] epoch=75/80 loss=0.0106 acc=100.00 val_acc=nan data_t=0.0056s batch_t=0.1019s epoch_t=00:00.97 lr=0.000020 | GPU MB alloc/reserved=276.2/1898.0
2026-04-11 16:31:23 | INFO | [Round 6] Epoch 75/80 time=00:00.97 avg=00:00.83 ETA=00:04.17 | GPU MB alloc/reserved=276.2/1898.0
2026-04-11 16:31:24 | INFO | [Round 6] epoch=76/80 loss=0.0102 acc=100.00 val_acc=nan data_t=0.0056s batch_t=0.0970s epoch_t=00:00.92 lr=0.000016 | GPU MB alloc/reserved=276.2/1898.0
2026-04-11 16:31:24 | INFO | [Round 6] Epoch 76/80 time=00:00.92 avg=00:00.84 ETA=00:03.34 | GPU MB alloc/reserved=276.2/1898.0
2026-04-11 16:31:25 | INFO | [Round 6] epoch=77/80 loss=0.0089 acc=100.00 val_acc=nan data_t=0.0068s batch_t=0.0973s epoch_t=00:00.94 lr=0.000013 | GPU MB alloc/reserved=276.2/1898.0
2026-04-11 16:31:25 | INFO | [Round 6] Epoch 77/80 time=00:00.94 avg=00:00.84 ETA=00:02.51 | GPU MB alloc/reserved=276.2/1898.0
2026-04-11 16:31:26 | INFO | [Round 6] epoch=78/80 loss=0.0097 acc=100.00 val_acc=nan data_t=0.0043s batch_t=0.0959s epoch_t=00:00.90 lr=0.000012 | GPU MB alloc/reserved=276.2/1898.0
2026-04-11 16:31:26 | INFO | [Round 6] Epoch 78/80 time=00:00.90 avg=00:00.84 ETA=00:01.68 | GPU MB alloc/reserved=276.2/1898.0
2026-04-11 16:31:27 | INFO | [Round 6] epoch=79/80 loss=0.0127 acc=100.00 val_acc=nan data_t=0.0043s batch_t=0.0972s epoch_t=00:00.91 lr=0.000010 | GPU MB alloc/reserved=276.2/1898.0
2026-04-11 16:31:27 | INFO | [Round 6] Epoch 79/80 time=00:00.91 avg=00:00.84 ETA=00:00.84 | GPU MB alloc/reserved=276.2/1898.0
2026-04-11 16:31:28 | INFO | [Round 6] epoch=80/80 loss=0.0121 acc=99.91 val_acc=nan data_t=0.0045s batch_t=0.0989s epoch_t=00:00.93 lr=0.000010 | GPU MB alloc/reserved=276.2/1898.0
2026-04-11 16:31:28 | INFO | [Round 6] Epoch 80/80 time=00:00.93 avg=00:00.84 ETA=00:00.00 | GPU MB alloc/reserved=276.2/1898.0
2026-04-11 16:31:28 | INFO | [Round 6] training complete in 01:07.51 (best monitor=100.000) | GPU MB alloc/reserved=276.2/1898.0
2026-04-11 16:31:28 | INFO | [Round 6] evaluation started | GPU MB alloc/reserved=189.7/1898.0
2026-04-11 16:31:36 | INFO | [Round 6] clean=51.93 fgsm=41.41 pgd=41.22 grad_disp_mean=nan grad_disp_sel=nan round_t=77.53s | GPU MB alloc/reserved=189.7/1898.0
2026-04-11 16:31:36 | INFO | [Round 7/21] elapsed=01:17.53 avg_round=00:59.59 projected_remaining=13:54.28 | GPU MB alloc/reserved=189.7/1898.0
2026-04-11 16:31:37 | INFO | [Round 7] acquisition on pool_size=48900 scored_pool=5000 budget=100 | GPU MB alloc/reserved=103.7/1898.0
2026-04-11 16:31:37 | INFO | [CoreSet-unlabeled-feat] scoring progress 10/20 elapsed=00:00.22 avg/batch=0.022s ETA=00:00.22 | GPU MB alloc/reserved=111.7/1898.0
2026-04-11 16:31:37 | INFO | [CoreSet-unlabeled-feat] scoring progress 20/20 elapsed=00:00.37 avg/batch=0.019s ETA=00:00.00 | GPU MB alloc/reserved=115.5/1898.0
2026-04-11 16:31:37 | INFO | [CoreSet-labeled-feat] scoring progress 5/5 elapsed=00:00.23 avg/batch=0.045s ETA=00:00.00 | GPU MB alloc/reserved=116.5/1898.0
2026-04-11 16:31:38 | INFO | [CoreSet] greedy 10/100 cover_radius=18.209860 | GPU: n/a
2026-04-11 16:31:38 | INFO | [CoreSet] greedy 20/100 cover_radius=17.734079 | GPU: n/a
2026-04-11 16:31:38 | INFO | [CoreSet] greedy 30/100 cover_radius=17.316250 | GPU: n/a
2026-04-11 16:31:38 | INFO | [CoreSet] greedy 40/100 cover_radius=17.013966 | GPU: n/a
2026-04-11 16:31:38 | INFO | [CoreSet] greedy 50/100 cover_radius=16.770668 | GPU: n/a
2026-04-11 16:31:38 | INFO | [CoreSet] greedy 60/100 cover_radius=16.668961 | GPU: n/a
2026-04-11 16:31:38 | INFO | [CoreSet] greedy 70/100 cover_radius=16.553806 | GPU: n/a
2026-04-11 16:31:38 | INFO | [CoreSet] greedy 80/100 cover_radius=16.455040 | GPU: n/a
2026-04-11 16:31:38 | INFO | [CoreSet] greedy 90/100 cover_radius=16.318171 | GPU: n/a
2026-04-11 16:31:38 | INFO | [CoreSet] greedy 100/100 cover_radius=16.200157 | GPU: n/a
2026-04-11 16:31:39 | INFO | [Round 7] labeled=1200 train=1200 val_fixed=0 | GPU MB alloc/reserved=147.1/1898.0
2026-04-11 16:31:40 | INFO | [Round 7] epoch=1/80 loss=2.3352 acc=16.17 val_acc=nan data_t=0.0208s batch_t=0.0970s epoch_t=00:01.18 lr=0.001000 | GPU MB alloc/reserved=278.1/1898.0
2026-04-11 16:31:40 | INFO | [Round 7] Epoch 1/80 time=00:01.18 avg=00:01.18 ETA=01:33.05 | GPU MB alloc/reserved=278.1/1898.0
2026-04-11 16:31:41 | INFO | [Round 7] epoch=2/80 loss=2.0735 acc=23.92 val_acc=nan data_t=0.0033s batch_t=0.0860s epoch_t=00:00.89 lr=0.000998 | GPU MB alloc/reserved=278.1/1898.0
2026-04-11 16:31:41 | INFO | [Round 7] Epoch 2/80 time=00:00.89 avg=00:01.04 ETA=01:20.78 | GPU MB alloc/reserved=278.1/1898.0
2026-04-11 16:31:42 | INFO | [Round 7] epoch=3/80 loss=1.9418 acc=28.33 val_acc=nan data_t=0.0037s batch_t=0.0869s epoch_t=00:00.91 lr=0.000997 | GPU MB alloc/reserved=278.1/1898.0
2026-04-11 16:31:42 | INFO | [Round 7] Epoch 3/80 time=00:00.91 avg=00:00.99 ETA=01:16.43 | GPU MB alloc/reserved=278.1/1898.0
2026-04-11 16:31:43 | INFO | [Round 7] epoch=4/80 loss=1.8565 acc=30.92 val_acc=nan data_t=0.0029s batch_t=0.0873s epoch_t=00:00.90 lr=0.000994 | GPU MB alloc/reserved=278.1/1898.0
2026-04-11 16:31:43 | INFO | [Round 7] Epoch 4/80 time=00:00.90 avg=00:00.97 ETA=01:13.72 | GPU MB alloc/reserved=278.1/1898.0
2026-04-11 16:31:44 | INFO | [Round 7] epoch=5/80 loss=1.8240 acc=33.67 val_acc=nan data_t=0.0032s batch_t=0.0883s epoch_t=00:00.92 lr=0.000990 | GPU MB alloc/reserved=278.1/1898.0
2026-04-11 16:31:44 | INFO | [Round 7] Epoch 5/80 time=00:00.92 avg=00:00.96 ETA=01:11.93 | GPU MB alloc/reserved=278.1/1898.0
2026-04-11 16:31:45 | INFO | [Round 7] epoch=6/80 loss=1.7660 acc=33.92 val_acc=nan data_t=0.0033s batch_t=0.0872s epoch_t=00:00.91 lr=0.000986 | GPU MB alloc/reserved=278.1/1898.0
2026-04-11 16:31:45 | INFO | [Round 7] Epoch 6/80 time=00:00.91 avg=00:00.95 ETA=01:10.31 | GPU MB alloc/reserved=278.1/1898.0
2026-04-11 16:31:46 | INFO | [Round 7] epoch=7/80 loss=1.7744 acc=34.42 val_acc=nan data_t=0.0037s batch_t=0.0876s epoch_t=00:00.91 lr=0.000981 | GPU MB alloc/reserved=278.1/1898.0
2026-04-11 16:31:46 | INFO | [Round 7] Epoch 7/80 time=00:00.91 avg=00:00.94 ETA=01:08.98 | GPU MB alloc/reserved=278.1/1898.0
2026-04-11 16:31:47 | INFO | [Round 7] epoch=8/80 loss=1.6812 acc=37.42 val_acc=nan data_t=0.0036s batch_t=0.0871s epoch_t=00:00.91 lr=0.000976 | GPU MB alloc/reserved=278.1/1898.0
2026-04-11 16:31:47 | INFO | [Round 7] Epoch 8/80 time=00:00.91 avg=00:00.94 ETA=01:07.70 | GPU MB alloc/reserved=278.1/1898.0
2026-04-11 16:31:48 | INFO | [Round 7] epoch=9/80 loss=1.6014 acc=38.75 val_acc=nan data_t=0.0046s batch_t=0.0866s epoch_t=00:00.91 lr=0.000969 | GPU MB alloc/reserved=278.1/1898.0
2026-04-11 16:31:48 | INFO | [Round 7] Epoch 9/80 time=00:00.91 avg=00:00.94 ETA=01:06.53 | GPU MB alloc/reserved=278.1/1898.0
2026-04-11 16:31:48 | INFO | [Round 7] epoch=10/80 loss=1.5718 acc=39.75 val_acc=nan data_t=0.0043s batch_t=0.0846s epoch_t=00:00.89 lr=0.000962 | GPU MB alloc/reserved=278.1/1898.0
2026-04-11 16:31:48 | INFO | [Round 7] Epoch 10/80 time=00:00.89 avg=00:00.93 ETA=01:05.27 | GPU MB alloc/reserved=278.1/1898.0
2026-04-11 16:31:49 | INFO | [Round 7] epoch=11/80 loss=1.5022 acc=43.25 val_acc=nan data_t=0.0044s batch_t=0.0862s epoch_t=00:00.91 lr=0.000955 | GPU MB alloc/reserved=278.1/1898.0
2026-04-11 16:31:49 | INFO | [Round 7] Epoch 11/80 time=00:00.91 avg=00:00.93 ETA=01:04.17 | GPU MB alloc/reserved=278.1/1898.0
2026-04-11 16:31:50 | INFO | [Round 7] epoch=12/80 loss=1.4797 acc=44.17 val_acc=nan data_t=0.0046s batch_t=0.0859s epoch_t=00:00.91 lr=0.000946 | GPU MB alloc/reserved=278.1/1898.0
2026-04-11 16:31:50 | INFO | [Round 7] Epoch 12/80 time=00:00.91 avg=00:00.93 ETA=01:03.10 | GPU MB alloc/reserved=278.1/1898.0
2026-04-11 16:31:51 | INFO | [Round 7] epoch=13/80 loss=1.5217 acc=42.67 val_acc=nan data_t=0.0042s batch_t=0.0872s epoch_t=00:00.91 lr=0.000937 | GPU MB alloc/reserved=278.1/1898.0
2026-04-11 16:31:51 | INFO | [Round 7] Epoch 13/80 time=00:00.91 avg=00:00.93 ETA=01:02.11 | GPU MB alloc/reserved=278.1/1898.0
2026-04-11 16:31:52 | INFO | [Round 7] epoch=14/80 loss=1.4986 acc=44.75 val_acc=nan data_t=0.0043s batch_t=0.0869s epoch_t=00:00.91 lr=0.000927 | GPU MB alloc/reserved=278.1/1898.0
2026-04-11 16:31:52 | INFO | [Round 7] Epoch 14/80 time=00:00.91 avg=00:00.93 ETA=01:01.11 | GPU MB alloc/reserved=278.1/1898.0
2026-04-11 16:31:53 | INFO | [Round 7] epoch=15/80 loss=1.4060 acc=48.92 val_acc=nan data_t=0.0048s batch_t=0.0858s epoch_t=00:00.91 lr=0.000917 | GPU MB alloc/reserved=278.1/1898.0
2026-04-11 16:31:53 | INFO | [Round 7] Epoch 15/80 time=00:00.91 avg=00:00.92 ETA=01:00.10 | GPU MB alloc/reserved=278.1/1898.0
2026-04-11 16:31:54 | INFO | [Round 7] epoch=16/80 loss=1.3457 acc=48.67 val_acc=nan data_t=0.0043s batch_t=0.0873s epoch_t=00:00.92 lr=0.000905 | GPU MB alloc/reserved=278.1/1898.0
2026-04-11 16:31:54 | INFO | [Round 7] Epoch 16/80 time=00:00.92 avg=00:00.92 ETA=00:59.14 | GPU MB alloc/reserved=278.1/1898.0
2026-04-11 16:31:55 | INFO | [Round 7] epoch=17/80 loss=1.3293 acc=50.50 val_acc=nan data_t=0.0043s batch_t=0.0878s epoch_t=00:00.92 lr=0.000894 | GPU MB alloc/reserved=278.1/1898.0
2026-04-11 16:31:55 | INFO | [Round 7] Epoch 17/80 time=00:00.92 avg=00:00.92 ETA=00:58.21 | GPU MB alloc/reserved=278.1/1898.0
2026-04-11 16:31:56 | INFO | [Round 7] epoch=18/80 loss=1.3071 acc=52.08 val_acc=nan data_t=0.0041s batch_t=0.0861s epoch_t=00:00.90 lr=0.000881 | GPU MB alloc/reserved=278.1/1898.0
2026-04-11 16:31:56 | INFO | [Round 7] Epoch 18/80 time=00:00.90 avg=00:00.92 ETA=00:57.21 | GPU MB alloc/reserved=278.1/1898.0
2026-04-11 16:31:57 | INFO | [Round 7] epoch=19/80 loss=1.2662 acc=53.83 val_acc=nan data_t=0.0028s batch_t=0.0861s epoch_t=00:00.89 lr=0.000868 | GPU MB alloc/reserved=278.1/1898.0
2026-04-11 16:31:57 | INFO | [Round 7] Epoch 19/80 time=00:00.89 avg=00:00.92 ETA=00:56.18 | GPU MB alloc/reserved=278.1/1898.0
2026-04-11 16:31:58 | INFO | [Round 7] epoch=20/80 loss=1.1880 acc=55.58 val_acc=nan data_t=0.0039s batch_t=0.0867s epoch_t=00:00.91 lr=0.000855 | GPU MB alloc/reserved=278.1/1898.0
2026-04-11 16:31:58 | INFO | [Round 7] Epoch 20/80 time=00:00.91 avg=00:00.92 ETA=00:55.21 | GPU MB alloc/reserved=278.1/1898.0
2026-04-11 16:31:59 | INFO | [Round 7] epoch=21/80 loss=1.1537 acc=58.50 val_acc=nan data_t=0.0050s batch_t=0.0878s epoch_t=00:00.93 lr=0.000841 | GPU MB alloc/reserved=278.1/1898.0
2026-04-11 16:31:59 | INFO | [Round 7] Epoch 21/80 time=00:00.93 avg=00:00.92 ETA=00:54.32 | GPU MB alloc/reserved=278.1/1898.0
2026-04-11 16:31:59 | INFO | [Round 7] epoch=22/80 loss=1.1292 acc=57.75 val_acc=nan data_t=0.0025s batch_t=0.0898s epoch_t=00:00.92 lr=0.000826 | GPU MB alloc/reserved=278.1/1898.0
2026-04-11 16:31:59 | INFO | [Round 7] Epoch 22/80 time=00:00.92 avg=00:00.92 ETA=00:53.40 | GPU MB alloc/reserved=278.1/1898.0
2026-04-11 16:32:00 | INFO | [Round 7] epoch=23/80 loss=1.0091 acc=61.92 val_acc=nan data_t=0.0033s batch_t=0.0878s epoch_t=00:00.91 lr=0.000811 | GPU MB alloc/reserved=278.1/1898.0
2026-04-11 16:32:00 | INFO | [Round 7] Epoch 23/80 time=00:00.91 avg=00:00.92 ETA=00:52.46 | GPU MB alloc/reserved=278.1/1898.0
2026-04-11 16:32:01 | INFO | [Round 7] epoch=24/80 loss=1.0110 acc=62.67 val_acc=nan data_t=0.0026s batch_t=0.0872s epoch_t=00:00.90 lr=0.000796 | GPU MB alloc/reserved=278.1/1898.0
2026-04-11 16:32:01 | INFO | [Round 7] Epoch 24/80 time=00:00.90 avg=00:00.92 ETA=00:51.49 | GPU MB alloc/reserved=278.1/1898.0
2026-04-11 16:32:02 | INFO | [Round 7] epoch=25/80 loss=1.0119 acc=63.00 val_acc=nan data_t=0.0026s batch_t=0.0883s epoch_t=00:00.91 lr=0.000780 | GPU MB alloc/reserved=278.1/1898.0
2026-04-11 16:32:02 | INFO | [Round 7] Epoch 25/80 time=00:00.91 avg=00:00.92 ETA=00:50.55 | GPU MB alloc/reserved=278.1/1898.0
2026-04-11 16:32:03 | INFO | [Round 7] epoch=26/80 loss=0.9115 acc=66.42 val_acc=nan data_t=0.0028s batch_t=0.0883s epoch_t=00:00.91 lr=0.000764 | GPU MB alloc/reserved=278.1/1898.0
2026-04-11 16:32:03 | INFO | [Round 7] Epoch 26/80 time=00:00.91 avg=00:00.92 ETA=00:49.61 | GPU MB alloc/reserved=278.1/1898.0
2026-04-11 16:32:04 | INFO | [Round 7] epoch=27/80 loss=0.9233 acc=65.17 val_acc=nan data_t=0.0040s batch_t=0.0873s epoch_t=00:00.91 lr=0.000747 | GPU MB alloc/reserved=278.1/1898.0
2026-04-11 16:32:04 | INFO | [Round 7] Epoch 27/80 time=00:00.91 avg=00:00.92 ETA=00:48.68 | GPU MB alloc/reserved=278.1/1898.0
2026-04-11 16:32:05 | INFO | [Round 7] epoch=28/80 loss=0.9075 acc=66.92 val_acc=nan data_t=0.0045s batch_t=0.0877s epoch_t=00:00.92 lr=0.000730 | GPU MB alloc/reserved=278.1/1898.0
2026-04-11 16:32:05 | INFO | [Round 7] Epoch 28/80 time=00:00.92 avg=00:00.92 ETA=00:47.77 | GPU MB alloc/reserved=278.1/1898.0
2026-04-11 16:32:06 | INFO | [Round 7] epoch=29/80 loss=0.8405 acc=67.92 val_acc=nan data_t=0.0042s batch_t=0.0875s epoch_t=00:00.92 lr=0.000712 | GPU MB alloc/reserved=278.1/1898.0
2026-04-11 16:32:06 | INFO | [Round 7] Epoch 29/80 time=00:00.92 avg=00:00.92 ETA=00:46.85 | GPU MB alloc/reserved=278.1/1898.0
2026-04-11 16:32:07 | INFO | [Round 7] epoch=30/80 loss=0.7255 acc=74.75 val_acc=nan data_t=0.0049s batch_t=0.0880s epoch_t=00:00.93 lr=0.000694 | GPU MB alloc/reserved=278.1/1898.0
2026-04-11 16:32:07 | INFO | [Round 7] Epoch 30/80 time=00:00.93 avg=00:00.92 ETA=00:45.95 | GPU MB alloc/reserved=278.1/1898.0
2026-04-11 16:32:08 | INFO | [Round 7] epoch=31/80 loss=0.6504 acc=77.17 val_acc=nan data_t=0.0027s batch_t=0.0892s epoch_t=00:00.92 lr=0.000676 | GPU MB alloc/reserved=278.1/1898.0
2026-04-11 16:32:08 | INFO | [Round 7] Epoch 31/80 time=00:00.92 avg=00:00.92 ETA=00:45.03 | GPU MB alloc/reserved=278.1/1898.0
2026-04-11 16:32:09 | INFO | [Round 7] epoch=32/80 loss=0.6785 acc=77.17 val_acc=nan data_t=0.0036s batch_t=0.0868s epoch_t=00:00.90 lr=0.000658 | GPU MB alloc/reserved=278.1/1898.0
2026-04-11 16:32:09 | INFO | [Round 7] Epoch 32/80 time=00:00.90 avg=00:00.92 ETA=00:44.09 | GPU MB alloc/reserved=278.1/1898.0
2026-04-11 16:32:10 | INFO | [Round 7] epoch=33/80 loss=0.6878 acc=75.67 val_acc=nan data_t=0.0046s batch_t=0.0870s epoch_t=00:00.92 lr=0.000639 | GPU MB alloc/reserved=278.1/1898.0
2026-04-11 16:32:10 | INFO | [Round 7] Epoch 33/80 time=00:00.92 avg=00:00.92 ETA=00:43.17 | GPU MB alloc/reserved=278.1/1898.0
2026-04-11 16:32:10 | INFO | [Round 7] epoch=34/80 loss=0.6339 acc=76.83 val_acc=nan data_t=0.0029s batch_t=0.0875s epoch_t=00:00.90 lr=0.000621 | GPU MB alloc/reserved=278.1/1898.0
2026-04-11 16:32:10 | INFO | [Round 7] Epoch 34/80 time=00:00.90 avg=00:00.92 ETA=00:42.23 | GPU MB alloc/reserved=278.1/1898.0
2026-04-11 16:32:11 | INFO | [Round 7] epoch=35/80 loss=0.5935 acc=79.00 val_acc=nan data_t=0.0027s batch_t=0.0863s epoch_t=00:00.89 lr=0.000602 | GPU MB alloc/reserved=278.1/1898.0
2026-04-11 16:32:11 | INFO | [Round 7] Epoch 35/80 time=00:00.89 avg=00:00.92 ETA=00:41.28 | GPU MB alloc/reserved=278.1/1898.0
2026-04-11 16:32:12 | INFO | [Round 7] epoch=36/80 loss=0.5052 acc=82.83 val_acc=nan data_t=0.0040s batch_t=0.0884s epoch_t=00:00.92 lr=0.000582 | GPU MB alloc/reserved=278.1/1898.0
2026-04-11 16:32:12 | INFO | [Round 7] Epoch 36/80 time=00:00.92 avg=00:00.92 ETA=00:40.37 | GPU MB alloc/reserved=278.1/1898.0
2026-04-11 16:32:13 | INFO | [Round 7] epoch=37/80 loss=0.4463 acc=84.33 val_acc=nan data_t=0.0036s batch_t=0.0871s epoch_t=00:00.91 lr=0.000563 | GPU MB alloc/reserved=278.1/1898.0
2026-04-11 16:32:13 | INFO | [Round 7] Epoch 37/80 time=00:00.91 avg=00:00.92 ETA=00:39.44 | GPU MB alloc/reserved=278.1/1898.0
2026-04-11 16:32:14 | INFO | [Round 7] epoch=38/80 loss=0.4629 acc=83.83 val_acc=nan data_t=0.0034s batch_t=0.0861s epoch_t=00:00.90 lr=0.000544 | GPU MB alloc/reserved=278.1/1898.0
2026-04-11 16:32:14 | INFO | [Round 7] Epoch 38/80 time=00:00.90 avg=00:00.92 ETA=00:38.50 | GPU MB alloc/reserved=278.1/1898.0
2026-04-11 16:32:15 | INFO | [Round 7] epoch=39/80 loss=0.3995 acc=86.00 val_acc=nan data_t=0.0033s batch_t=0.0876s epoch_t=00:00.91 lr=0.000524 | GPU MB alloc/reserved=278.1/1898.0
2026-04-11 16:32:15 | INFO | [Round 7] Epoch 39/80 time=00:00.91 avg=00:00.92 ETA=00:37.57 | GPU MB alloc/reserved=278.1/1898.0
2026-04-11 16:32:16 | INFO | [Round 7] epoch=40/80 loss=0.3661 acc=86.00 val_acc=nan data_t=0.0028s batch_t=0.0873s epoch_t=00:00.90 lr=0.000505 | GPU MB alloc/reserved=278.1/1898.0
2026-04-11 16:32:16 | INFO | [Round 7] Epoch 40/80 time=00:00.90 avg=00:00.92 ETA=00:36.64 | GPU MB alloc/reserved=278.1/1898.0
2026-04-11 16:32:17 | INFO | [Round 7] epoch=41/80 loss=0.3253 acc=89.33 val_acc=nan data_t=0.0027s batch_t=0.0764s epoch_t=00:00.79 lr=0.000486 | GPU MB alloc/reserved=278.1/1898.0
2026-04-11 16:32:17 | INFO | [Round 7] Epoch 41/80 time=00:00.79 avg=00:00.91 ETA=00:35.61 | GPU MB alloc/reserved=278.1/1898.0
2026-04-11 16:32:18 | INFO | [Round 7] epoch=42/80 loss=0.3414 acc=87.67 val_acc=nan data_t=0.0044s batch_t=0.0865s epoch_t=00:00.91 lr=0.000466 | GPU MB alloc/reserved=278.1/1898.0
2026-04-11 16:32:18 | INFO | [Round 7] Epoch 42/80 time=00:00.91 avg=00:00.91 ETA=00:34.69 | GPU MB alloc/reserved=278.1/1898.0
2026-04-11 16:32:19 | INFO | [Round 7] epoch=43/80 loss=0.3391 acc=88.25 val_acc=nan data_t=0.0047s batch_t=0.0968s epoch_t=00:01.01 lr=0.000447 | GPU MB alloc/reserved=278.1/1898.0
2026-04-11 16:32:19 | INFO | [Round 7] Epoch 43/80 time=00:01.01 avg=00:00.92 ETA=00:33.87 | GPU MB alloc/reserved=278.1/1898.0
2026-04-11 16:32:20 | INFO | [Round 7] epoch=44/80 loss=0.2782 acc=90.67 val_acc=nan data_t=0.0027s batch_t=0.0956s epoch_t=00:00.98 lr=0.000428 | GPU MB alloc/reserved=278.1/1898.0
2026-04-11 16:32:20 | INFO | [Round 7] Epoch 44/80 time=00:00.98 avg=00:00.92 ETA=00:33.01 | GPU MB alloc/reserved=278.1/1898.0
2026-04-11 16:32:21 | INFO | [Round 7] epoch=45/80 loss=0.2273 acc=93.33 val_acc=nan data_t=0.0053s batch_t=0.0979s epoch_t=00:01.03 lr=0.000408 | GPU MB alloc/reserved=278.1/1898.0
2026-04-11 16:32:21 | INFO | [Round 7] Epoch 45/80 time=00:01.03 avg=00:00.92 ETA=00:32.18 | GPU MB alloc/reserved=278.1/1898.0
2026-04-11 16:32:22 | INFO | [Round 7] epoch=46/80 loss=0.2092 acc=93.17 val_acc=nan data_t=0.0039s batch_t=0.0977s epoch_t=00:01.02 lr=0.000389 | GPU MB alloc/reserved=278.1/1898.0
2026-04-11 16:32:22 | INFO | [Round 7] Epoch 46/80 time=00:01.02 avg=00:00.92 ETA=00:31.33 | GPU MB alloc/reserved=278.1/1898.0
2026-04-11 16:32:23 | INFO | [Round 7] epoch=47/80 loss=0.2130 acc=93.75 val_acc=nan data_t=0.0028s batch_t=0.0963s epoch_t=00:00.99 lr=0.000371 | GPU MB alloc/reserved=278.1/1898.0
2026-04-11 16:32:23 | INFO | [Round 7] Epoch 47/80 time=00:00.99 avg=00:00.92 ETA=00:30.46 | GPU MB alloc/reserved=278.1/1898.0
2026-04-11 16:32:24 | INFO | [Round 7] epoch=48/80 loss=0.1761 acc=94.58 val_acc=nan data_t=0.0039s batch_t=0.0974s epoch_t=00:01.01 lr=0.000352 | GPU MB alloc/reserved=278.1/1898.0
2026-04-11 16:32:24 | INFO | [Round 7] Epoch 48/80 time=00:01.01 avg=00:00.92 ETA=00:29.60 | GPU MB alloc/reserved=278.1/1898.0
2026-04-11 16:32:25 | INFO | [Round 7] epoch=49/80 loss=0.1638 acc=94.83 val_acc=nan data_t=0.0040s batch_t=0.0971s epoch_t=00:01.01 lr=0.000334 | GPU MB alloc/reserved=278.1/1898.0
2026-04-11 16:32:25 | INFO | [Round 7] Epoch 49/80 time=00:01.01 avg=00:00.93 ETA=00:28.73 | GPU MB alloc/reserved=278.1/1898.0
2026-04-11 16:32:26 | INFO | [Round 7] epoch=50/80 loss=0.1465 acc=95.67 val_acc=nan data_t=0.0042s batch_t=0.0849s epoch_t=00:00.89 lr=0.000316 | GPU MB alloc/reserved=278.1/1898.0
2026-04-11 16:32:26 | INFO | [Round 7] Epoch 50/80 time=00:00.89 avg=00:00.93 ETA=00:27.78 | GPU MB alloc/reserved=278.1/1898.0
2026-04-11 16:32:26 | INFO | [Round 7] epoch=51/80 loss=0.1361 acc=96.17 val_acc=nan data_t=0.0045s batch_t=0.0590s epoch_t=00:00.64 lr=0.000298 | GPU MB alloc/reserved=278.1/1898.0
2026-04-11 16:32:26 | INFO | [Round 7] Epoch 51/80 time=00:00.64 avg=00:00.92 ETA=00:26.69 | GPU MB alloc/reserved=278.1/1898.0
2026-04-11 16:32:27 | INFO | [Round 7] epoch=52/80 loss=0.1029 acc=97.33 val_acc=nan data_t=0.0044s batch_t=0.0756s epoch_t=00:00.80 lr=0.000280 | GPU MB alloc/reserved=278.1/1898.0
2026-04-11 16:32:27 | INFO | [Round 7] Epoch 52/80 time=00:00.80 avg=00:00.92 ETA=00:25.70 | GPU MB alloc/reserved=278.1/1898.0
2026-04-11 16:32:28 | INFO | [Round 7] epoch=53/80 loss=0.0828 acc=97.75 val_acc=nan data_t=0.0038s batch_t=0.0620s epoch_t=00:00.66 lr=0.000263 | GPU MB alloc/reserved=278.1/1898.0
2026-04-11 16:32:28 | INFO | [Round 7] Epoch 53/80 time=00:00.66 avg=00:00.91 ETA=00:24.65 | GPU MB alloc/reserved=278.1/1898.0
2026-04-11 16:32:28 | INFO | [Round 7] epoch=54/80 loss=0.0686 acc=98.67 val_acc=nan data_t=0.0044s batch_t=0.0587s epoch_t=00:00.63 lr=0.000246 | GPU MB alloc/reserved=278.1/1898.0
2026-04-11 16:32:28 | INFO | [Round 7] Epoch 54/80 time=00:00.63 avg=00:00.91 ETA=00:23.60 | GPU MB alloc/reserved=278.1/1898.0
2026-04-11 16:32:29 | INFO | [Round 7] epoch=55/80 loss=0.0591 acc=98.92 val_acc=nan data_t=0.0042s batch_t=0.0631s epoch_t=00:00.67 lr=0.000230 | GPU MB alloc/reserved=278.1/1898.0
2026-04-11 16:32:29 | INFO | [Round 7] Epoch 55/80 time=00:00.67 avg=00:00.90 ETA=00:22.59 | GPU MB alloc/reserved=278.1/1898.0
2026-04-11 16:32:30 | INFO | [Round 7] epoch=56/80 loss=0.0628 acc=98.58 val_acc=nan data_t=0.0028s batch_t=0.0874s epoch_t=00:00.90 lr=0.000214 | GPU MB alloc/reserved=278.1/1898.0
2026-04-11 16:32:30 | INFO | [Round 7] Epoch 56/80 time=00:00.90 avg=00:00.90 ETA=00:21.68 | GPU MB alloc/reserved=278.1/1898.0
2026-04-11 16:32:31 | INFO | [Round 7] epoch=57/80 loss=0.0416 acc=99.67 val_acc=nan data_t=0.0034s batch_t=0.0883s epoch_t=00:00.92 lr=0.000199 | GPU MB alloc/reserved=278.1/1898.0
2026-04-11 16:32:31 | INFO | [Round 7] Epoch 57/80 time=00:00.92 avg=00:00.90 ETA=00:20.79 | GPU MB alloc/reserved=278.1/1898.0
2026-04-11 16:32:32 | INFO | [Round 7] epoch=58/80 loss=0.0432 acc=99.50 val_acc=nan data_t=0.0030s batch_t=0.0860s epoch_t=00:00.89 lr=0.000184 | GPU MB alloc/reserved=278.1/1898.0
2026-04-11 16:32:32 | INFO | [Round 7] Epoch 58/80 time=00:00.89 avg=00:00.90 ETA=00:19.88 | GPU MB alloc/reserved=278.1/1898.0
2026-04-11 16:32:33 | INFO | [Round 7] epoch=59/80 loss=0.0355 acc=99.58 val_acc=nan data_t=0.0040s batch_t=0.0850s epoch_t=00:00.89 lr=0.000169 | GPU MB alloc/reserved=278.1/1898.0
2026-04-11 16:32:33 | INFO | [Round 7] Epoch 59/80 time=00:00.89 avg=00:00.90 ETA=00:18.97 | GPU MB alloc/reserved=278.1/1898.0
2026-04-11 16:32:34 | INFO | [Round 7] epoch=60/80 loss=0.0374 acc=99.42 val_acc=nan data_t=0.0029s batch_t=0.0875s epoch_t=00:00.90 lr=0.000155 | GPU MB alloc/reserved=278.1/1898.0
2026-04-11 16:32:34 | INFO | [Round 7] Epoch 60/80 time=00:00.90 avg=00:00.90 ETA=00:18.07 | GPU MB alloc/reserved=278.1/1898.0
2026-04-11 16:32:34 | INFO | [Round 7] epoch=61/80 loss=0.0294 acc=99.67 val_acc=nan data_t=0.0031s batch_t=0.0860s epoch_t=00:00.89 lr=0.000142 | GPU MB alloc/reserved=278.1/1898.0
2026-04-11 16:32:34 | INFO | [Round 7] Epoch 61/80 time=00:00.89 avg=00:00.90 ETA=00:17.16 | GPU MB alloc/reserved=278.1/1898.0
2026-04-11 16:32:35 | INFO | [Round 7] epoch=62/80 loss=0.0312 acc=99.50 val_acc=nan data_t=0.0028s batch_t=0.0859s epoch_t=00:00.89 lr=0.000129 | GPU MB alloc/reserved=278.1/1898.0
2026-04-11 16:32:35 | INFO | [Round 7] Epoch 62/80 time=00:00.89 avg=00:00.90 ETA=00:16.25 | GPU MB alloc/reserved=278.1/1898.0
2026-04-11 16:32:36 | INFO | [Round 7] epoch=63/80 loss=0.0257 acc=99.75 val_acc=nan data_t=0.0041s batch_t=0.0863s epoch_t=00:00.90 lr=0.000116 | GPU MB alloc/reserved=278.1/1898.0
2026-04-11 16:32:36 | INFO | [Round 7] Epoch 63/80 time=00:00.90 avg=00:00.90 ETA=00:15.35 | GPU MB alloc/reserved=278.1/1898.0
2026-04-11 16:32:37 | INFO | [Round 7] epoch=64/80 loss=0.0287 acc=99.67 val_acc=nan data_t=0.0029s batch_t=0.0871s epoch_t=00:00.90 lr=0.000105 | GPU MB alloc/reserved=278.1/1898.0
2026-04-11 16:32:37 | INFO | [Round 7] Epoch 64/80 time=00:00.90 avg=00:00.90 ETA=00:14.45 | GPU MB alloc/reserved=278.1/1898.0
2026-04-11 16:32:38 | INFO | [Round 7] epoch=65/80 loss=0.0204 acc=100.00 val_acc=nan data_t=0.0028s batch_t=0.0889s epoch_t=00:00.92 lr=0.000093 | GPU MB alloc/reserved=278.1/1898.0
2026-04-11 16:32:38 | INFO | [Round 7] Epoch 65/80 time=00:00.92 avg=00:00.90 ETA=00:13.55 | GPU MB alloc/reserved=278.1/1898.0
2026-04-11 16:32:39 | INFO | [Round 7] epoch=66/80 loss=0.0225 acc=99.92 val_acc=nan data_t=0.0062s batch_t=0.0886s epoch_t=00:00.95 lr=0.000083 | GPU MB alloc/reserved=278.1/1898.0
2026-04-11 16:32:39 | INFO | [Round 7] Epoch 66/80 time=00:00.95 avg=00:00.90 ETA=00:12.65 | GPU MB alloc/reserved=278.1/1898.0
2026-04-11 16:32:40 | INFO | [Round 7] epoch=67/80 loss=0.0212 acc=99.83 val_acc=nan data_t=0.0043s batch_t=0.0859s epoch_t=00:00.90 lr=0.000073 | GPU MB alloc/reserved=278.1/1898.0
2026-04-11 16:32:40 | INFO | [Round 7] Epoch 67/80 time=00:00.90 avg=00:00.90 ETA=00:11.75 | GPU MB alloc/reserved=278.1/1898.0
2026-04-11 16:32:41 | INFO | [Round 7] epoch=68/80 loss=0.0163 acc=100.00 val_acc=nan data_t=0.0042s batch_t=0.0869s epoch_t=00:00.91 lr=0.000064 | GPU MB alloc/reserved=278.1/1898.0
2026-04-11 16:32:41 | INFO | [Round 7] Epoch 68/80 time=00:00.91 avg=00:00.90 ETA=00:10.85 | GPU MB alloc/reserved=278.1/1898.0
2026-04-11 16:32:42 | INFO | [Round 7] epoch=69/80 loss=0.0200 acc=99.83 val_acc=nan data_t=0.0045s batch_t=0.0866s epoch_t=00:00.91 lr=0.000055 | GPU MB alloc/reserved=278.1/1898.0
2026-04-11 16:32:42 | INFO | [Round 7] Epoch 69/80 time=00:00.91 avg=00:00.90 ETA=00:09.94 | GPU MB alloc/reserved=278.1/1898.0
2026-04-11 16:32:43 | INFO | [Round 7] epoch=70/80 loss=0.0188 acc=99.92 val_acc=nan data_t=0.0042s batch_t=0.0874s epoch_t=00:00.92 lr=0.000048 | GPU MB alloc/reserved=278.1/1898.0
2026-04-11 16:32:43 | INFO | [Round 7] Epoch 70/80 time=00:00.92 avg=00:00.90 ETA=00:09.04 | GPU MB alloc/reserved=278.1/1898.0
2026-04-11 16:32:43 | INFO | [Round 7] epoch=71/80 loss=0.0175 acc=99.92 val_acc=nan data_t=0.0028s batch_t=0.0745s epoch_t=00:00.77 lr=0.000041 | GPU MB alloc/reserved=278.1/1898.0
2026-04-11 16:32:43 | INFO | [Round 7] Epoch 71/80 time=00:00.77 avg=00:00.90 ETA=00:08.12 | GPU MB alloc/reserved=278.1/1898.0
2026-04-11 16:32:44 | INFO | [Round 7] epoch=72/80 loss=0.0170 acc=99.92 val_acc=nan data_t=0.0031s batch_t=0.0852s epoch_t=00:00.88 lr=0.000034 | GPU MB alloc/reserved=278.1/1898.0
2026-04-11 16:32:44 | INFO | [Round 7] Epoch 72/80 time=00:00.88 avg=00:00.90 ETA=00:07.22 | GPU MB alloc/reserved=278.1/1898.0
2026-04-11 16:32:45 | INFO | [Round 7] epoch=73/80 loss=0.0212 acc=99.67 val_acc=nan data_t=0.0042s batch_t=0.0970s epoch_t=00:01.01 lr=0.000029 | GPU MB alloc/reserved=278.1/1898.0
2026-04-11 16:32:45 | INFO | [Round 7] Epoch 73/80 time=00:01.01 avg=00:00.90 ETA=00:06.32 | GPU MB alloc/reserved=278.1/1898.0
2026-04-11 16:32:46 | INFO | [Round 7] epoch=74/80 loss=0.0159 acc=99.92 val_acc=nan data_t=0.0047s batch_t=0.0930s epoch_t=00:00.98 lr=0.000024 | GPU MB alloc/reserved=278.1/1898.0
2026-04-11 16:32:46 | INFO | [Round 7] Epoch 74/80 time=00:00.98 avg=00:00.90 ETA=00:05.43 | GPU MB alloc/reserved=278.1/1898.0
2026-04-11 16:32:47 | INFO | [Round 7] epoch=75/80 loss=0.0146 acc=100.00 val_acc=nan data_t=0.0025s batch_t=0.0965s epoch_t=00:00.99 lr=0.000020 | GPU MB alloc/reserved=278.1/1898.0
2026-04-11 16:32:47 | INFO | [Round 7] Epoch 75/80 time=00:00.99 avg=00:00.91 ETA=00:04.53 | GPU MB alloc/reserved=278.1/1898.0
2026-04-11 16:32:48 | INFO | [Round 7] epoch=76/80 loss=0.0142 acc=99.92 val_acc=nan data_t=0.0044s batch_t=0.0988s epoch_t=00:01.03 lr=0.000016 | GPU MB alloc/reserved=278.1/1898.0
2026-04-11 16:32:48 | INFO | [Round 7] Epoch 76/80 time=00:01.03 avg=00:00.91 ETA=00:03.63 | GPU MB alloc/reserved=278.1/1898.0
2026-04-11 16:32:49 | INFO | [Round 7] epoch=77/80 loss=0.0151 acc=99.92 val_acc=nan data_t=0.0043s batch_t=0.0982s epoch_t=00:01.02 lr=0.000013 | GPU MB alloc/reserved=278.1/1898.0
2026-04-11 16:32:49 | INFO | [Round 7] Epoch 77/80 time=00:01.02 avg=00:00.91 ETA=00:02.73 | GPU MB alloc/reserved=278.1/1898.0
2026-04-11 16:32:50 | INFO | [Round 7] epoch=78/80 loss=0.0197 acc=99.67 val_acc=nan data_t=0.0044s batch_t=0.0981s epoch_t=00:01.03 lr=0.000012 | GPU MB alloc/reserved=278.1/1898.0
2026-04-11 16:32:50 | INFO | [Round 7] Epoch 78/80 time=00:01.03 avg=00:00.91 ETA=00:01.82 | GPU MB alloc/reserved=278.1/1898.0
2026-04-11 16:32:51 | INFO | [Round 7] epoch=79/80 loss=0.0190 acc=99.83 val_acc=nan data_t=0.0030s batch_t=0.0972s epoch_t=00:01.00 lr=0.000010 | GPU MB alloc/reserved=278.1/1898.0
2026-04-11 16:32:51 | INFO | [Round 7] Epoch 79/80 time=00:01.00 avg=00:00.91 ETA=00:00.91 | GPU MB alloc/reserved=278.1/1898.0
2026-04-11 16:32:52 | INFO | [Round 7] epoch=80/80 loss=0.0147 acc=100.00 val_acc=nan data_t=0.0036s batch_t=0.0895s epoch_t=00:00.93 lr=0.000010 | GPU MB alloc/reserved=278.1/1898.0
2026-04-11 16:32:52 | INFO | [Round 7] Epoch 80/80 time=00:00.93 avg=00:00.91 ETA=00:00.00 | GPU MB alloc/reserved=278.1/1898.0
2026-04-11 16:32:52 | INFO | [Round 7] training complete in 01:13.25 (best monitor=100.000) | GPU MB alloc/reserved=278.1/1898.0
2026-04-11 16:32:52 | INFO | [Round 7] evaluation started | GPU MB alloc/reserved=190.7/1898.0
2026-04-11 16:33:00 | INFO | [Round 7] clean=52.65 fgsm=41.10 pgd=40.87 grad_disp_mean=nan grad_disp_sel=nan round_t=83.48s | GPU MB alloc/reserved=190.7/1898.0
2026-04-11 16:33:00 | INFO | [Round 8/21] elapsed=01:23.48 avg_round=01:02.58 projected_remaining=13:33.51 | GPU MB alloc/reserved=190.7/1898.0
2026-04-11 16:33:01 | INFO | [Round 8] acquisition on pool_size=48800 scored_pool=5000 budget=100 | GPU MB alloc/reserved=103.3/1898.0
2026-04-11 16:33:01 | INFO | [CoreSet-unlabeled-feat] scoring progress 10/20 elapsed=00:00.25 avg/batch=0.025s ETA=00:00.25 | GPU MB alloc/reserved=111.3/1898.0
2026-04-11 16:33:01 | INFO | [CoreSet-unlabeled-feat] scoring progress 20/20 elapsed=00:00.41 avg/batch=0.020s ETA=00:00.00 | GPU MB alloc/reserved=115.3/1898.0
2026-04-11 16:33:02 | INFO | [CoreSet-labeled-feat] scoring progress 5/5 elapsed=00:00.22 avg/batch=0.044s ETA=00:00.00 | GPU MB alloc/reserved=117.7/1898.0
2026-04-11 16:33:02 | INFO | [CoreSet] greedy 10/100 cover_radius=18.506409 | GPU: n/a
2026-04-11 16:33:02 | INFO | [CoreSet] greedy 20/100 cover_radius=17.984398 | GPU: n/a
2026-04-11 16:33:02 | INFO | [CoreSet] greedy 30/100 cover_radius=17.788979 | GPU: n/a
2026-04-11 16:33:02 | INFO | [CoreSet] greedy 40/100 cover_radius=17.600086 | GPU: n/a
2026-04-11 16:33:02 | INFO | [CoreSet] greedy 50/100 cover_radius=17.403673 | GPU: n/a
2026-04-11 16:33:02 | INFO | [CoreSet] greedy 60/100 cover_radius=17.197224 | GPU: n/a
2026-04-11 16:33:02 | INFO | [CoreSet] greedy 70/100 cover_radius=16.986504 | GPU: n/a
2026-04-11 16:33:03 | INFO | [CoreSet] greedy 80/100 cover_radius=16.861830 | GPU: n/a
2026-04-11 16:33:03 | INFO | [CoreSet] greedy 90/100 cover_radius=16.670982 | GPU: n/a
2026-04-11 16:33:03 | INFO | [CoreSet] greedy 100/100 cover_radius=16.562332 | GPU: n/a
2026-04-11 16:33:03 | INFO | [Round 8] labeled=1300 train=1300 val_fixed=0 | GPU MB alloc/reserved=147.9/1898.0
2026-04-11 16:33:05 | INFO | [Round 8] epoch=1/80 loss=2.3217 acc=18.08 val_acc=nan data_t=0.0199s batch_t=0.0924s epoch_t=00:01.24 lr=0.001000 | GPU MB alloc/reserved=277.0/1898.0
2026-04-11 16:33:05 | INFO | [Round 8] Epoch 1/80 time=00:01.24 avg=00:01.24 ETA=01:37.61 | GPU MB alloc/reserved=277.0/1898.0
2026-04-11 16:33:06 | INFO | [Round 8] epoch=2/80 loss=2.0647 acc=24.08 val_acc=nan data_t=0.0027s batch_t=0.0863s epoch_t=00:00.98 lr=0.000998 | GPU MB alloc/reserved=277.0/1898.0
2026-04-11 16:33:06 | INFO | [Round 8] Epoch 2/80 time=00:00.98 avg=00:01.11 ETA=01:26.39 | GPU MB alloc/reserved=277.0/1898.0
2026-04-11 16:33:07 | INFO | [Round 8] epoch=3/80 loss=1.9550 acc=27.38 val_acc=nan data_t=0.0025s batch_t=0.0852s epoch_t=00:00.97 lr=0.000997 | GPU MB alloc/reserved=277.0/1898.0
2026-04-11 16:33:07 | INFO | [Round 8] Epoch 3/80 time=00:00.97 avg=00:01.06 ETA=01:21.63 | GPU MB alloc/reserved=277.0/1898.0
2026-04-11 16:33:08 | INFO | [Round 8] epoch=4/80 loss=1.8777 acc=28.38 val_acc=nan data_t=0.0030s batch_t=0.0858s epoch_t=00:00.98 lr=0.000994 | GPU MB alloc/reserved=277.0/1898.0
2026-04-11 16:33:08 | INFO | [Round 8] Epoch 4/80 time=00:00.98 avg=00:01.04 ETA=01:18.99 | GPU MB alloc/reserved=277.0/1898.0
2026-04-11 16:33:09 | INFO | [Round 8] epoch=5/80 loss=1.8522 acc=31.92 val_acc=nan data_t=0.0037s batch_t=0.0862s epoch_t=00:00.99 lr=0.000990 | GPU MB alloc/reserved=277.0/1898.0
2026-04-11 16:33:09 | INFO | [Round 8] Epoch 5/80 time=00:00.99 avg=00:01.03 ETA=01:17.20 | GPU MB alloc/reserved=277.0/1898.0
2026-04-11 16:33:10 | INFO | [Round 8] epoch=6/80 loss=1.8055 acc=31.54 val_acc=nan data_t=0.0035s batch_t=0.0866s epoch_t=00:00.99 lr=0.000986 | GPU MB alloc/reserved=277.0/1898.0
2026-04-11 16:33:10 | INFO | [Round 8] Epoch 6/80 time=00:00.99 avg=00:01.02 ETA=01:15.71 | GPU MB alloc/reserved=277.0/1898.0
2026-04-11 16:33:11 | INFO | [Round 8] epoch=7/80 loss=1.7647 acc=32.62 val_acc=nan data_t=0.0042s batch_t=0.0863s epoch_t=00:01.00 lr=0.000981 | GPU MB alloc/reserved=277.0/1898.0
2026-04-11 16:33:11 | INFO | [Round 8] Epoch 7/80 time=00:01.00 avg=00:01.02 ETA=01:14.40 | GPU MB alloc/reserved=277.0/1898.0
2026-04-11 16:33:12 | INFO | [Round 8] epoch=8/80 loss=1.7236 acc=36.62 val_acc=nan data_t=0.0030s batch_t=0.0869s epoch_t=00:00.99 lr=0.000976 | GPU MB alloc/reserved=277.0/1898.0
2026-04-11 16:33:12 | INFO | [Round 8] Epoch 8/80 time=00:00.99 avg=00:01.02 ETA=01:13.11 | GPU MB alloc/reserved=277.0/1898.0
2026-04-11 16:33:13 | INFO | [Round 8] epoch=9/80 loss=1.6744 acc=37.46 val_acc=nan data_t=0.0024s batch_t=0.0878s epoch_t=00:00.99 lr=0.000969 | GPU MB alloc/reserved=277.0/1898.0
2026-04-11 16:33:13 | INFO | [Round 8] Epoch 9/80 time=00:00.99 avg=00:01.01 ETA=01:11.91 | GPU MB alloc/reserved=277.0/1898.0
2026-04-11 16:33:14 | INFO | [Round 8] epoch=10/80 loss=1.6397 acc=38.85 val_acc=nan data_t=0.0027s batch_t=0.0870s epoch_t=00:00.99 lr=0.000962 | GPU MB alloc/reserved=277.0/1898.0
2026-04-11 16:33:14 | INFO | [Round 8] Epoch 10/80 time=00:00.99 avg=00:01.01 ETA=01:10.72 | GPU MB alloc/reserved=277.0/1898.0
2026-04-11 16:33:15 | INFO | [Round 8] epoch=11/80 loss=1.5708 acc=41.31 val_acc=nan data_t=0.0036s batch_t=0.0865s epoch_t=00:00.99 lr=0.000955 | GPU MB alloc/reserved=277.0/1898.0
2026-04-11 16:33:15 | INFO | [Round 8] Epoch 11/80 time=00:00.99 avg=00:01.01 ETA=01:09.59 | GPU MB alloc/reserved=277.0/1898.0
2026-04-11 16:33:16 | INFO | [Round 8] epoch=12/80 loss=1.6074 acc=40.15 val_acc=nan data_t=0.0026s batch_t=0.0861s epoch_t=00:00.98 lr=0.000946 | GPU MB alloc/reserved=277.0/1898.0
2026-04-11 16:33:16 | INFO | [Round 8] Epoch 12/80 time=00:00.98 avg=00:01.01 ETA=01:08.39 | GPU MB alloc/reserved=277.0/1898.0
2026-04-11 16:33:17 | INFO | [Round 8] epoch=13/80 loss=1.5446 acc=43.46 val_acc=nan data_t=0.0042s batch_t=0.0878s epoch_t=00:01.01 lr=0.000937 | GPU MB alloc/reserved=277.0/1898.0
2026-04-11 16:33:17 | INFO | [Round 8] Epoch 13/80 time=00:01.01 avg=00:01.01 ETA=01:07.42 | GPU MB alloc/reserved=277.0/1898.0
2026-04-11 16:33:18 | INFO | [Round 8] epoch=14/80 loss=1.4836 acc=42.92 val_acc=nan data_t=0.0024s batch_t=0.0860s epoch_t=00:00.97 lr=0.000927 | GPU MB alloc/reserved=277.0/1898.0
2026-04-11 16:33:18 | INFO | [Round 8] Epoch 14/80 time=00:00.97 avg=00:01.00 ETA=01:06.26 | GPU MB alloc/reserved=277.0/1898.0
2026-04-11 16:33:19 | INFO | [Round 8] epoch=15/80 loss=1.4750 acc=44.38 val_acc=nan data_t=0.0036s batch_t=0.0866s epoch_t=00:00.99 lr=0.000917 | GPU MB alloc/reserved=277.0/1898.0
2026-04-11 16:33:19 | INFO | [Round 8] Epoch 15/80 time=00:00.99 avg=00:01.00 ETA=01:05.20 | GPU MB alloc/reserved=277.0/1898.0
2026-04-11 16:33:20 | INFO | [Round 8] epoch=16/80 loss=1.4979 acc=44.62 val_acc=nan data_t=0.0034s batch_t=0.0876s epoch_t=00:01.00 lr=0.000905 | GPU MB alloc/reserved=277.0/1898.0
2026-04-11 16:33:20 | INFO | [Round 8] Epoch 16/80 time=00:01.00 avg=00:01.00 ETA=01:04.19 | GPU MB alloc/reserved=277.0/1898.0
2026-04-11 16:33:21 | INFO | [Round 8] epoch=17/80 loss=1.4711 acc=46.23 val_acc=nan data_t=0.0036s batch_t=0.0872s epoch_t=00:01.00 lr=0.000894 | GPU MB alloc/reserved=277.0/1898.0
2026-04-11 16:33:21 | INFO | [Round 8] Epoch 17/80 time=00:01.00 avg=00:01.00 ETA=01:03.17 | GPU MB alloc/reserved=277.0/1898.0
2026-04-11 16:33:22 | INFO | [Round 8] epoch=18/80 loss=1.4330 acc=46.77 val_acc=nan data_t=0.0042s batch_t=0.0881s epoch_t=00:01.02 lr=0.000881 | GPU MB alloc/reserved=277.0/1898.0
2026-04-11 16:33:22 | INFO | [Round 8] Epoch 18/80 time=00:01.02 avg=00:01.00 ETA=01:02.21 | GPU MB alloc/reserved=277.0/1898.0
2026-04-11 16:33:23 | INFO | [Round 8] epoch=19/80 loss=1.3749 acc=46.92 val_acc=nan data_t=0.0025s batch_t=0.0873s epoch_t=00:00.99 lr=0.000868 | GPU MB alloc/reserved=277.0/1898.0
2026-04-11 16:33:23 | INFO | [Round 8] Epoch 19/80 time=00:00.99 avg=00:01.00 ETA=01:01.16 | GPU MB alloc/reserved=277.0/1898.0
2026-04-11 16:33:24 | INFO | [Round 8] epoch=20/80 loss=1.3632 acc=49.77 val_acc=nan data_t=0.0025s batch_t=0.0877s epoch_t=00:00.99 lr=0.000855 | GPU MB alloc/reserved=277.0/1898.0
2026-04-11 16:33:24 | INFO | [Round 8] Epoch 20/80 time=00:00.99 avg=00:01.00 ETA=01:00.13 | GPU MB alloc/reserved=277.0/1898.0
2026-04-11 16:33:25 | INFO | [Round 8] epoch=21/80 loss=1.2836 acc=53.85 val_acc=nan data_t=0.0029s batch_t=0.0880s epoch_t=00:01.00 lr=0.000841 | GPU MB alloc/reserved=277.0/1898.0
2026-04-11 16:33:25 | INFO | [Round 8] Epoch 21/80 time=00:01.00 avg=00:01.00 ETA=00:59.12 | GPU MB alloc/reserved=277.0/1898.0
2026-04-11 16:33:26 | INFO | [Round 8] epoch=22/80 loss=1.2588 acc=52.08 val_acc=nan data_t=0.0024s batch_t=0.0877s epoch_t=00:00.99 lr=0.000826 | GPU MB alloc/reserved=277.0/1898.0
2026-04-11 16:33:26 | INFO | [Round 8] Epoch 22/80 time=00:00.99 avg=00:01.00 ETA=00:58.09 | GPU MB alloc/reserved=277.0/1898.0
2026-04-11 16:33:27 | INFO | [Round 8] epoch=23/80 loss=1.2076 acc=55.23 val_acc=nan data_t=0.0039s batch_t=0.0890s epoch_t=00:01.02 lr=0.000811 | GPU MB alloc/reserved=277.0/1898.0
2026-04-11 16:33:27 | INFO | [Round 8] Epoch 23/80 time=00:01.02 avg=00:01.00 ETA=00:57.14 | GPU MB alloc/reserved=277.0/1898.0
2026-04-11 16:33:28 | INFO | [Round 8] epoch=24/80 loss=1.2036 acc=56.23 val_acc=nan data_t=0.0029s batch_t=0.0873s epoch_t=00:00.99 lr=0.000796 | GPU MB alloc/reserved=277.0/1898.0
2026-04-11 16:33:28 | INFO | [Round 8] Epoch 24/80 time=00:00.99 avg=00:01.00 ETA=00:56.11 | GPU MB alloc/reserved=277.0/1898.0
2026-04-11 16:33:29 | INFO | [Round 8] epoch=25/80 loss=1.1372 acc=57.46 val_acc=nan data_t=0.0038s batch_t=0.0884s epoch_t=00:01.01 lr=0.000780 | GPU MB alloc/reserved=277.0/1898.0
2026-04-11 16:33:29 | INFO | [Round 8] Epoch 25/80 time=00:01.01 avg=00:01.00 ETA=00:55.14 | GPU MB alloc/reserved=277.0/1898.0
2026-04-11 16:33:30 | INFO | [Round 8] epoch=26/80 loss=1.2158 acc=53.38 val_acc=nan data_t=0.0031s batch_t=0.0877s epoch_t=00:01.00 lr=0.000764 | GPU MB alloc/reserved=277.0/1898.0
2026-04-11 16:33:30 | INFO | [Round 8] Epoch 26/80 time=00:01.00 avg=00:01.00 ETA=00:54.13 | GPU MB alloc/reserved=277.0/1898.0
2026-04-11 16:33:31 | INFO | [Round 8] epoch=27/80 loss=1.1863 acc=56.77 val_acc=nan data_t=0.0033s batch_t=0.0870s epoch_t=00:00.99 lr=0.000747 | GPU MB alloc/reserved=277.0/1898.0
2026-04-11 16:33:31 | INFO | [Round 8] Epoch 27/80 time=00:00.99 avg=00:01.00 ETA=00:53.11 | GPU MB alloc/reserved=277.0/1898.0
2026-04-11 16:33:32 | INFO | [Round 8] epoch=28/80 loss=1.1032 acc=59.31 val_acc=nan data_t=0.0024s batch_t=0.0866s epoch_t=00:00.98 lr=0.000730 | GPU MB alloc/reserved=277.0/1898.0
2026-04-11 16:33:32 | INFO | [Round 8] Epoch 28/80 time=00:00.98 avg=00:01.00 ETA=00:52.07 | GPU MB alloc/reserved=277.0/1898.0
2026-04-11 16:33:33 | INFO | [Round 8] epoch=29/80 loss=1.0374 acc=61.15 val_acc=nan data_t=0.0030s batch_t=0.0853s epoch_t=00:00.97 lr=0.000712 | GPU MB alloc/reserved=277.0/1898.0
2026-04-11 16:33:33 | INFO | [Round 8] Epoch 29/80 time=00:00.97 avg=00:01.00 ETA=00:51.01 | GPU MB alloc/reserved=277.0/1898.0
2026-04-11 16:33:34 | INFO | [Round 8] epoch=30/80 loss=1.0541 acc=61.92 val_acc=nan data_t=0.0035s batch_t=0.0864s epoch_t=00:00.99 lr=0.000694 | GPU MB alloc/reserved=277.0/1898.0
2026-04-11 16:33:34 | INFO | [Round 8] Epoch 30/80 time=00:00.99 avg=00:01.00 ETA=00:49.99 | GPU MB alloc/reserved=277.0/1898.0
2026-04-11 16:33:35 | INFO | [Round 8] epoch=31/80 loss=0.9611 acc=64.15 val_acc=nan data_t=0.0033s batch_t=0.0863s epoch_t=00:00.99 lr=0.000676 | GPU MB alloc/reserved=277.0/1898.0
2026-04-11 16:33:35 | INFO | [Round 8] Epoch 31/80 time=00:00.99 avg=00:01.00 ETA=00:48.97 | GPU MB alloc/reserved=277.0/1898.0
2026-04-11 16:33:36 | INFO | [Round 8] epoch=32/80 loss=0.9624 acc=64.77 val_acc=nan data_t=0.0034s batch_t=0.0864s epoch_t=00:00.99 lr=0.000658 | GPU MB alloc/reserved=277.0/1898.0
2026-04-11 16:33:36 | INFO | [Round 8] Epoch 32/80 time=00:00.99 avg=00:01.00 ETA=00:47.95 | GPU MB alloc/reserved=277.0/1898.0
2026-04-11 16:33:37 | INFO | [Round 8] epoch=33/80 loss=0.8664 acc=69.15 val_acc=nan data_t=0.0039s batch_t=0.0857s epoch_t=00:00.99 lr=0.000639 | GPU MB alloc/reserved=277.0/1898.0
2026-04-11 16:33:37 | INFO | [Round 8] Epoch 33/80 time=00:00.99 avg=00:01.00 ETA=00:46.94 | GPU MB alloc/reserved=277.0/1898.0
2026-04-11 16:33:37 | INFO | [Round 8] epoch=34/80 loss=0.8562 acc=69.62 val_acc=nan data_t=0.0024s batch_t=0.0863s epoch_t=00:00.98 lr=0.000621 | GPU MB alloc/reserved=277.0/1898.0
2026-04-11 16:33:37 | INFO | [Round 8] Epoch 34/80 time=00:00.98 avg=00:01.00 ETA=00:45.90 | GPU MB alloc/reserved=277.0/1898.0
2026-04-11 16:33:38 | INFO | [Round 8] epoch=35/80 loss=0.8514 acc=68.23 val_acc=nan data_t=0.0024s batch_t=0.0867s epoch_t=00:00.98 lr=0.000602 | GPU MB alloc/reserved=277.0/1898.0
2026-04-11 16:33:38 | INFO | [Round 8] Epoch 35/80 time=00:00.98 avg=00:01.00 ETA=00:44.88 | GPU MB alloc/reserved=277.0/1898.0
2026-04-11 16:33:39 | INFO | [Round 8] epoch=36/80 loss=0.7637 acc=71.38 val_acc=nan data_t=0.0037s batch_t=0.0869s epoch_t=00:01.00 lr=0.000582 | GPU MB alloc/reserved=277.0/1898.0
2026-04-11 16:33:39 | INFO | [Round 8] Epoch 36/80 time=00:01.00 avg=00:01.00 ETA=00:43.89 | GPU MB alloc/reserved=277.0/1898.0
2026-04-11 16:33:40 | INFO | [Round 8] epoch=37/80 loss=0.7286 acc=74.15 val_acc=nan data_t=0.0037s batch_t=0.0864s epoch_t=00:00.99 lr=0.000563 | GPU MB alloc/reserved=277.0/1898.0
2026-04-11 16:33:40 | INFO | [Round 8] Epoch 37/80 time=00:00.99 avg=00:01.00 ETA=00:42.88 | GPU MB alloc/reserved=277.0/1898.0
2026-04-11 16:33:41 | INFO | [Round 8] epoch=38/80 loss=0.6818 acc=74.54 val_acc=nan data_t=0.0034s batch_t=0.0858s epoch_t=00:00.98 lr=0.000544 | GPU MB alloc/reserved=277.0/1898.0
2026-04-11 16:33:41 | INFO | [Round 8] Epoch 38/80 time=00:00.98 avg=00:01.00 ETA=00:41.87 | GPU MB alloc/reserved=277.0/1898.0
2026-04-11 16:33:42 | INFO | [Round 8] epoch=39/80 loss=0.6857 acc=74.15 val_acc=nan data_t=0.0033s batch_t=0.0870s epoch_t=00:00.99 lr=0.000524 | GPU MB alloc/reserved=277.0/1898.0
2026-04-11 16:33:42 | INFO | [Round 8] Epoch 39/80 time=00:00.99 avg=00:01.00 ETA=00:40.87 | GPU MB alloc/reserved=277.0/1898.0
2026-04-11 16:33:43 | INFO | [Round 8] epoch=40/80 loss=0.5895 acc=78.38 val_acc=nan data_t=0.0035s batch_t=0.0865s epoch_t=00:00.99 lr=0.000505 | GPU MB alloc/reserved=277.0/1898.0
2026-04-11 16:33:43 | INFO | [Round 8] Epoch 40/80 time=00:00.99 avg=00:01.00 ETA=00:39.86 | GPU MB alloc/reserved=277.0/1898.0
2026-04-11 16:33:44 | INFO | [Round 8] epoch=41/80 loss=0.5115 acc=81.31 val_acc=nan data_t=0.0035s batch_t=0.0870s epoch_t=00:01.00 lr=0.000486 | GPU MB alloc/reserved=277.0/1898.0
2026-04-11 16:33:44 | INFO | [Round 8] Epoch 41/80 time=00:01.00 avg=00:01.00 ETA=00:38.87 | GPU MB alloc/reserved=277.0/1898.0
2026-04-11 16:33:45 | INFO | [Round 8] epoch=42/80 loss=0.5293 acc=81.38 val_acc=nan data_t=0.0036s batch_t=0.0864s epoch_t=00:00.99 lr=0.000466 | GPU MB alloc/reserved=277.0/1898.0
2026-04-11 16:33:45 | INFO | [Round 8] Epoch 42/80 time=00:00.99 avg=00:01.00 ETA=00:37.87 | GPU MB alloc/reserved=277.0/1898.0
2026-04-11 16:33:46 | INFO | [Round 8] epoch=43/80 loss=0.4900 acc=82.54 val_acc=nan data_t=0.0035s batch_t=0.0871s epoch_t=00:01.00 lr=0.000447 | GPU MB alloc/reserved=277.0/1898.0
2026-04-11 16:33:46 | INFO | [Round 8] Epoch 43/80 time=00:01.00 avg=00:01.00 ETA=00:36.87 | GPU MB alloc/reserved=277.0/1898.0
2026-04-11 16:33:47 | INFO | [Round 8] epoch=44/80 loss=0.4951 acc=81.77 val_acc=nan data_t=0.0034s batch_t=0.0774s epoch_t=00:00.89 lr=0.000428 | GPU MB alloc/reserved=277.0/1898.0
2026-04-11 16:33:47 | INFO | [Round 8] Epoch 44/80 time=00:00.89 avg=00:00.99 ETA=00:35.78 | GPU MB alloc/reserved=277.0/1898.0
2026-04-11 16:33:48 | INFO | [Round 8] epoch=45/80 loss=0.4520 acc=84.00 val_acc=nan data_t=0.0037s batch_t=0.0794s epoch_t=00:00.91 lr=0.000408 | GPU MB alloc/reserved=277.0/1898.0
2026-04-11 16:33:48 | INFO | [Round 8] Epoch 45/80 time=00:00.91 avg=00:00.99 ETA=00:34.73 | GPU MB alloc/reserved=277.0/1898.0
2026-04-11 16:33:49 | INFO | [Round 8] epoch=46/80 loss=0.4146 acc=84.54 val_acc=nan data_t=0.0037s batch_t=0.0967s epoch_t=00:01.10 lr=0.000389 | GPU MB alloc/reserved=277.0/1898.0
2026-04-11 16:33:49 | INFO | [Round 8] Epoch 46/80 time=00:01.10 avg=00:00.99 ETA=00:33.82 | GPU MB alloc/reserved=277.0/1898.0
2026-04-11 16:33:50 | INFO | [Round 8] epoch=47/80 loss=0.4087 acc=86.46 val_acc=nan data_t=0.0030s batch_t=0.0945s epoch_t=00:01.07 lr=0.000371 | GPU MB alloc/reserved=277.0/1898.0
2026-04-11 16:33:50 | INFO | [Round 8] Epoch 47/80 time=00:01.07 avg=00:01.00 ETA=00:32.88 | GPU MB alloc/reserved=277.0/1898.0
2026-04-11 16:33:52 | INFO | [Round 8] epoch=48/80 loss=0.4657 acc=83.69 val_acc=nan data_t=0.0025s batch_t=0.0980s epoch_t=00:01.11 lr=0.000352 | GPU MB alloc/reserved=277.0/1898.0
2026-04-11 16:33:52 | INFO | [Round 8] Epoch 48/80 time=00:01.11 avg=00:01.00 ETA=00:31.96 | GPU MB alloc/reserved=277.0/1898.0
2026-04-11 16:33:53 | INFO | [Round 8] epoch=49/80 loss=0.4221 acc=85.00 val_acc=nan data_t=0.0023s batch_t=0.0966s epoch_t=00:01.09 lr=0.000334 | GPU MB alloc/reserved=277.0/1898.0
2026-04-11 16:33:53 | INFO | [Round 8] Epoch 49/80 time=00:01.09 avg=00:01.00 ETA=00:31.01 | GPU MB alloc/reserved=277.0/1898.0
2026-04-11 16:33:54 | INFO | [Round 8] epoch=50/80 loss=0.3690 acc=87.23 val_acc=nan data_t=0.0035s batch_t=0.0976s epoch_t=00:01.11 lr=0.000316 | GPU MB alloc/reserved=277.0/1898.0
2026-04-11 16:33:54 | INFO | [Round 8] Epoch 50/80 time=00:01.11 avg=00:01.00 ETA=00:30.08 | GPU MB alloc/reserved=277.0/1898.0
2026-04-11 16:33:55 | INFO | [Round 8] epoch=51/80 loss=0.3252 acc=90.31 val_acc=nan data_t=0.0039s batch_t=0.0963s epoch_t=00:01.10 lr=0.000298 | GPU MB alloc/reserved=277.0/1898.0
2026-04-11 16:33:55 | INFO | [Round 8] Epoch 51/80 time=00:01.10 avg=00:01.00 ETA=00:29.13 | GPU MB alloc/reserved=277.0/1898.0
2026-04-11 16:33:56 | INFO | [Round 8] epoch=52/80 loss=0.3455 acc=88.15 val_acc=nan data_t=0.0024s batch_t=0.0963s epoch_t=00:01.09 lr=0.000280 | GPU MB alloc/reserved=277.0/1898.0
2026-04-11 16:33:56 | INFO | [Round 8] Epoch 52/80 time=00:01.09 avg=00:01.01 ETA=00:28.17 | GPU MB alloc/reserved=277.0/1898.0
2026-04-11 16:33:57 | INFO | [Round 8] epoch=53/80 loss=0.2931 acc=89.15 val_acc=nan data_t=0.0024s batch_t=0.0666s epoch_t=00:00.76 lr=0.000263 | GPU MB alloc/reserved=277.0/1898.0
2026-04-11 16:33:57 | INFO | [Round 8] Epoch 53/80 time=00:00.76 avg=00:01.00 ETA=00:27.04 | GPU MB alloc/reserved=277.0/1898.0
2026-04-11 16:33:57 | INFO | [Round 8] epoch=54/80 loss=0.2496 acc=92.00 val_acc=nan data_t=0.0037s batch_t=0.0604s epoch_t=00:00.71 lr=0.000246 | GPU MB alloc/reserved=277.0/1898.0
2026-04-11 16:33:57 | INFO | [Round 8] Epoch 54/80 time=00:00.71 avg=00:01.00 ETA=00:25.90 | GPU MB alloc/reserved=277.0/1898.0
2026-04-11 16:33:58 | INFO | [Round 8] epoch=55/80 loss=0.2266 acc=92.85 val_acc=nan data_t=0.0030s batch_t=0.0772s epoch_t=00:00.88 lr=0.000230 | GPU MB alloc/reserved=277.0/1898.0
2026-04-11 16:33:58 | INFO | [Round 8] Epoch 55/80 time=00:00.88 avg=00:00.99 ETA=00:24.85 | GPU MB alloc/reserved=277.0/1898.0
2026-04-11 16:33:59 | INFO | [Round 8] epoch=56/80 loss=0.1882 acc=94.54 val_acc=nan data_t=0.0031s batch_t=0.0601s epoch_t=00:00.69 lr=0.000214 | GPU MB alloc/reserved=277.0/1898.0
2026-04-11 16:33:59 | INFO | [Round 8] Epoch 56/80 time=00:00.69 avg=00:00.99 ETA=00:23.73 | GPU MB alloc/reserved=277.0/1898.0
2026-04-11 16:34:00 | INFO | [Round 8] epoch=57/80 loss=0.1917 acc=94.31 val_acc=nan data_t=0.0032s batch_t=0.0882s epoch_t=00:01.01 lr=0.000199 | GPU MB alloc/reserved=277.0/1898.0
2026-04-11 16:34:00 | INFO | [Round 8] Epoch 57/80 time=00:01.01 avg=00:00.99 ETA=00:22.75 | GPU MB alloc/reserved=277.0/1898.0
2026-04-11 16:34:01 | INFO | [Round 8] epoch=58/80 loss=0.1814 acc=95.62 val_acc=nan data_t=0.0039s batch_t=0.0859s epoch_t=00:00.99 lr=0.000184 | GPU MB alloc/reserved=277.0/1898.0
2026-04-11 16:34:01 | INFO | [Round 8] Epoch 58/80 time=00:00.99 avg=00:00.99 ETA=00:21.76 | GPU MB alloc/reserved=277.0/1898.0
2026-04-11 16:34:02 | INFO | [Round 8] epoch=59/80 loss=0.1427 acc=96.31 val_acc=nan data_t=0.0031s batch_t=0.0870s epoch_t=00:00.99 lr=0.000169 | GPU MB alloc/reserved=277.0/1898.0
2026-04-11 16:34:02 | INFO | [Round 8] Epoch 59/80 time=00:00.99 avg=00:00.99 ETA=00:20.77 | GPU MB alloc/reserved=277.0/1898.0
2026-04-11 16:34:03 | INFO | [Round 8] epoch=60/80 loss=0.1285 acc=97.15 val_acc=nan data_t=0.0031s batch_t=0.0885s epoch_t=00:01.01 lr=0.000155 | GPU MB alloc/reserved=277.0/1898.0
2026-04-11 16:34:03 | INFO | [Round 8] Epoch 60/80 time=00:01.01 avg=00:00.99 ETA=00:19.79 | GPU MB alloc/reserved=277.0/1898.0
2026-04-11 16:34:04 | INFO | [Round 8] epoch=61/80 loss=0.1220 acc=96.69 val_acc=nan data_t=0.0031s batch_t=0.0886s epoch_t=00:01.01 lr=0.000142 | GPU MB alloc/reserved=277.0/1898.0
2026-04-11 16:34:04 | INFO | [Round 8] Epoch 61/80 time=00:01.01 avg=00:00.99 ETA=00:18.80 | GPU MB alloc/reserved=277.0/1898.0
2026-04-11 16:34:05 | INFO | [Round 8] epoch=62/80 loss=0.1070 acc=97.92 val_acc=nan data_t=0.0032s batch_t=0.0891s epoch_t=00:01.02 lr=0.000129 | GPU MB alloc/reserved=277.0/1898.0
2026-04-11 16:34:05 | INFO | [Round 8] Epoch 62/80 time=00:01.02 avg=00:00.99 ETA=00:17.82 | GPU MB alloc/reserved=277.0/1898.0
2026-04-11 16:34:06 | INFO | [Round 8] epoch=63/80 loss=0.1021 acc=97.46 val_acc=nan data_t=0.0023s batch_t=0.0879s epoch_t=00:00.99 lr=0.000116 | GPU MB alloc/reserved=277.0/1898.0
2026-04-11 16:34:06 | INFO | [Round 8] Epoch 63/80 time=00:00.99 avg=00:00.99 ETA=00:16.83 | GPU MB alloc/reserved=277.0/1898.0
2026-04-11 16:34:07 | INFO | [Round 8] epoch=64/80 loss=0.0928 acc=97.92 val_acc=nan data_t=0.0034s batch_t=0.0884s epoch_t=00:01.01 lr=0.000105 | GPU MB alloc/reserved=277.0/1898.0
2026-04-11 16:34:07 | INFO | [Round 8] Epoch 64/80 time=00:01.01 avg=00:00.99 ETA=00:15.85 | GPU MB alloc/reserved=277.0/1898.0
2026-04-11 16:34:08 | INFO | [Round 8] epoch=65/80 loss=0.0917 acc=98.23 val_acc=nan data_t=0.0030s batch_t=0.0896s epoch_t=00:01.02 lr=0.000093 | GPU MB alloc/reserved=277.0/1898.0
2026-04-11 16:34:08 | INFO | [Round 8] Epoch 65/80 time=00:01.02 avg=00:00.99 ETA=00:14.86 | GPU MB alloc/reserved=277.0/1898.0
2026-04-11 16:34:09 | INFO | [Round 8] epoch=66/80 loss=0.0864 acc=98.46 val_acc=nan data_t=0.0057s batch_t=0.0893s epoch_t=00:01.04 lr=0.000083 | GPU MB alloc/reserved=277.0/1898.0
2026-04-11 16:34:09 | INFO | [Round 8] Epoch 66/80 time=00:01.04 avg=00:00.99 ETA=00:13.88 | GPU MB alloc/reserved=277.0/1898.0
2026-04-11 16:34:10 | INFO | [Round 8] epoch=67/80 loss=0.0808 acc=98.54 val_acc=nan data_t=0.0023s batch_t=0.0878s epoch_t=00:00.99 lr=0.000073 | GPU MB alloc/reserved=277.0/1898.0
2026-04-11 16:34:10 | INFO | [Round 8] Epoch 67/80 time=00:00.99 avg=00:00.99 ETA=00:12.89 | GPU MB alloc/reserved=277.0/1898.0
2026-04-11 16:34:11 | INFO | [Round 8] epoch=68/80 loss=0.0788 acc=98.46 val_acc=nan data_t=0.0034s batch_t=0.0881s epoch_t=00:01.01 lr=0.000064 | GPU MB alloc/reserved=277.0/1898.0
2026-04-11 16:34:11 | INFO | [Round 8] Epoch 68/80 time=00:01.01 avg=00:00.99 ETA=00:11.90 | GPU MB alloc/reserved=277.0/1898.0
2026-04-11 16:34:12 | INFO | [Round 8] epoch=69/80 loss=0.0645 acc=99.08 val_acc=nan data_t=0.0026s batch_t=0.0891s epoch_t=00:01.01 lr=0.000055 | GPU MB alloc/reserved=277.0/1898.0
2026-04-11 16:34:12 | INFO | [Round 8] Epoch 69/80 time=00:01.01 avg=00:00.99 ETA=00:10.91 | GPU MB alloc/reserved=277.0/1898.0
2026-04-11 16:34:13 | INFO | [Round 8] epoch=70/80 loss=0.0560 acc=99.31 val_acc=nan data_t=0.0047s batch_t=0.0890s epoch_t=00:01.03 lr=0.000048 | GPU MB alloc/reserved=277.0/1898.0
2026-04-11 16:34:13 | INFO | [Round 8] Epoch 70/80 time=00:01.03 avg=00:00.99 ETA=00:09.93 | GPU MB alloc/reserved=277.0/1898.0
2026-04-11 16:34:14 | INFO | [Round 8] epoch=71/80 loss=0.0604 acc=99.08 val_acc=nan data_t=0.0037s batch_t=0.0893s epoch_t=00:01.02 lr=0.000041 | GPU MB alloc/reserved=277.0/1898.0
2026-04-11 16:34:14 | INFO | [Round 8] Epoch 71/80 time=00:01.02 avg=00:00.99 ETA=00:08.94 | GPU MB alloc/reserved=277.0/1898.0
2026-04-11 16:34:15 | INFO | [Round 8] epoch=72/80 loss=0.0549 acc=99.46 val_acc=nan data_t=0.0037s batch_t=0.0704s epoch_t=00:00.82 lr=0.000034 | GPU MB alloc/reserved=277.0/1898.0
2026-04-11 16:34:15 | INFO | [Round 8] Epoch 72/80 time=00:00.82 avg=00:00.99 ETA=00:07.93 | GPU MB alloc/reserved=277.0/1898.0
2026-04-11 16:34:16 | INFO | [Round 8] epoch=73/80 loss=0.0647 acc=99.00 val_acc=nan data_t=0.0040s batch_t=0.0985s epoch_t=00:01.13 lr=0.000029 | GPU MB alloc/reserved=277.0/1898.0
2026-04-11 16:34:16 | INFO | [Round 8] Epoch 73/80 time=00:01.13 avg=00:00.99 ETA=00:06.95 | GPU MB alloc/reserved=277.0/1898.0
2026-04-11 16:34:17 | INFO | [Round 8] epoch=74/80 loss=0.0628 acc=98.92 val_acc=nan data_t=0.0036s batch_t=0.0954s epoch_t=00:01.09 lr=0.000024 | GPU MB alloc/reserved=277.0/1898.0
2026-04-11 16:34:17 | INFO | [Round 8] Epoch 74/80 time=00:01.09 avg=00:00.99 ETA=00:05.96 | GPU MB alloc/reserved=277.0/1898.0
2026-04-11 16:34:18 | INFO | [Round 8] epoch=75/80 loss=0.0621 acc=99.00 val_acc=nan data_t=0.0044s batch_t=0.0977s epoch_t=00:01.12 lr=0.000020 | GPU MB alloc/reserved=277.0/1898.0
2026-04-11 16:34:18 | INFO | [Round 8] Epoch 75/80 time=00:01.12 avg=00:01.00 ETA=00:04.98 | GPU MB alloc/reserved=277.0/1898.0
2026-04-11 16:34:19 | INFO | [Round 8] epoch=76/80 loss=0.0660 acc=99.15 val_acc=nan data_t=0.0035s batch_t=0.0983s epoch_t=00:01.12 lr=0.000016 | GPU MB alloc/reserved=277.0/1898.0
2026-04-11 16:34:19 | INFO | [Round 8] Epoch 76/80 time=00:01.12 avg=00:01.00 ETA=00:03.99 | GPU MB alloc/reserved=277.0/1898.0
2026-04-11 16:34:21 | INFO | [Round 8] epoch=77/80 loss=0.0520 acc=99.46 val_acc=nan data_t=0.0026s batch_t=0.0980s epoch_t=00:01.11 lr=0.000013 | GPU MB alloc/reserved=277.0/1898.0
2026-04-11 16:34:21 | INFO | [Round 8] Epoch 77/80 time=00:01.11 avg=00:01.00 ETA=00:03.00 | GPU MB alloc/reserved=277.0/1898.0
2026-04-11 16:34:22 | INFO | [Round 8] epoch=78/80 loss=0.0517 acc=99.54 val_acc=nan data_t=0.0054s batch_t=0.0965s epoch_t=00:01.12 lr=0.000012 | GPU MB alloc/reserved=277.0/1898.0
2026-04-11 16:34:22 | INFO | [Round 8] Epoch 78/80 time=00:01.12 avg=00:01.00 ETA=00:02.00 | GPU MB alloc/reserved=277.0/1898.0
2026-04-11 16:34:23 | INFO | [Round 8] epoch=79/80 loss=0.0520 acc=99.38 val_acc=nan data_t=0.0059s batch_t=0.0984s epoch_t=00:01.15 lr=0.000010 | GPU MB alloc/reserved=277.0/1898.0
2026-04-11 16:34:23 | INFO | [Round 8] Epoch 79/80 time=00:01.15 avg=00:01.00 ETA=00:01.00 | GPU MB alloc/reserved=277.0/1898.0
2026-04-11 16:34:24 | INFO | [Round 8] epoch=80/80 loss=0.0440 acc=99.54 val_acc=nan data_t=0.0040s batch_t=0.0692s epoch_t=00:00.80 lr=0.000010 | GPU MB alloc/reserved=277.0/1898.0
2026-04-11 16:34:24 | INFO | [Round 8] Epoch 80/80 time=00:00.80 avg=00:01.00 ETA=00:00.00 | GPU MB alloc/reserved=277.0/1898.0
2026-04-11 16:34:24 | INFO | [Round 8] training complete in 01:20.31 (best monitor=99.538) | GPU MB alloc/reserved=277.0/1898.0
2026-04-11 16:34:24 | INFO | [Round 8] evaluation started | GPU MB alloc/reserved=190.7/1898.0
2026-04-11 16:34:32 | INFO | [Round 8] clean=54.40 fgsm=43.67 pgd=43.41 grad_disp_mean=nan grad_disp_sel=nan round_t=90.65s | GPU MB alloc/reserved=190.7/1898.0
2026-04-11 16:34:32 | INFO | [Round 9/21] elapsed=01:30.65 avg_round=01:05.70 projected_remaining=13:08.35 | GPU MB alloc/reserved=190.7/1898.0
2026-04-11 16:34:33 | INFO | [Round 9] acquisition on pool_size=48700 scored_pool=5000 budget=100 | GPU MB alloc/reserved=103.7/1898.0
2026-04-11 16:34:33 | INFO | [CoreSet-unlabeled-feat] scoring progress 10/20 elapsed=00:00.26 avg/batch=0.026s ETA=00:00.26 | GPU MB alloc/reserved=111.7/1898.0
2026-04-11 16:34:33 | INFO | [CoreSet-unlabeled-feat] scoring progress 20/20 elapsed=00:00.41 avg/batch=0.020s ETA=00:00.00 | GPU MB alloc/reserved=115.7/1898.0
2026-04-11 16:34:33 | INFO | [CoreSet-labeled-feat] scoring progress 6/6 elapsed=00:00.21 avg/batch=0.035s ETA=00:00.00 | GPU MB alloc/reserved=116.2/1898.0
2026-04-11 16:34:33 | INFO | [CoreSet] greedy 10/100 cover_radius=18.123976 | GPU: n/a
2026-04-11 16:34:34 | INFO | [CoreSet] greedy 20/100 cover_radius=17.517994 | GPU: n/a
2026-04-11 16:34:34 | INFO | [CoreSet] greedy 30/100 cover_radius=17.188990 | GPU: n/a
2026-04-11 16:34:34 | INFO | [CoreSet] greedy 40/100 cover_radius=16.947718 | GPU: n/a
2026-04-11 16:34:34 | INFO | [CoreSet] greedy 50/100 cover_radius=16.700571 | GPU: n/a
2026-04-11 16:34:34 | INFO | [CoreSet] greedy 60/100 cover_radius=16.534925 | GPU: n/a
2026-04-11 16:34:34 | INFO | [CoreSet] greedy 70/100 cover_radius=16.397282 | GPU: n/a
2026-04-11 16:34:34 | INFO | [CoreSet] greedy 80/100 cover_radius=16.291826 | GPU: n/a
2026-04-11 16:34:34 | INFO | [CoreSet] greedy 90/100 cover_radius=16.186361 | GPU: n/a
2026-04-11 16:34:34 | INFO | [CoreSet] greedy 100/100 cover_radius=16.094444 | GPU: n/a
2026-04-11 16:34:35 | INFO | [Round 9] labeled=1400 train=1400 val_fixed=0 | GPU MB alloc/reserved=147.9/1898.0
2026-04-11 16:34:36 | INFO | [Round 9] epoch=1/80 loss=2.3223 acc=18.00 val_acc=nan data_t=0.0169s batch_t=0.0948s epoch_t=00:01.23 lr=0.001000 | GPU MB alloc/reserved=278.1/1898.0
2026-04-11 16:34:36 | INFO | [Round 9] Epoch 1/80 time=00:01.23 avg=00:01.23 ETA=01:37.12 | GPU MB alloc/reserved=278.1/1898.0
2026-04-11 16:34:37 | INFO | [Round 9] epoch=2/80 loss=2.0491 acc=23.57 val_acc=nan data_t=0.0040s batch_t=0.0940s epoch_t=00:01.08 lr=0.000998 | GPU MB alloc/reserved=278.1/1898.0
2026-04-11 16:34:37 | INFO | [Round 9] Epoch 2/80 time=00:01.08 avg=00:01.15 ETA=01:30.01 | GPU MB alloc/reserved=278.1/1898.0
2026-04-11 16:34:38 | INFO | [Round 9] epoch=3/80 loss=1.9463 acc=27.64 val_acc=nan data_t=0.0023s batch_t=0.0924s epoch_t=00:01.04 lr=0.000997 | GPU MB alloc/reserved=278.1/1898.0
2026-04-11 16:34:38 | INFO | [Round 9] Epoch 3/80 time=00:01.04 avg=00:01.12 ETA=01:25.96 | GPU MB alloc/reserved=278.1/1898.0
2026-04-11 16:34:39 | INFO | [Round 9] epoch=4/80 loss=1.8532 acc=30.36 val_acc=nan data_t=0.0029s batch_t=0.0929s epoch_t=00:01.05 lr=0.000994 | GPU MB alloc/reserved=278.1/1898.0
2026-04-11 16:34:39 | INFO | [Round 9] Epoch 4/80 time=00:01.05 avg=00:01.10 ETA=01:23.65 | GPU MB alloc/reserved=278.1/1898.0
2026-04-11 16:34:40 | INFO | [Round 9] epoch=5/80 loss=1.8031 acc=33.07 val_acc=nan data_t=0.0053s batch_t=0.0916s epoch_t=00:01.07 lr=0.000990 | GPU MB alloc/reserved=278.1/1898.0
2026-04-11 16:34:40 | INFO | [Round 9] Epoch 5/80 time=00:01.07 avg=00:01.09 ETA=01:22.03 | GPU MB alloc/reserved=278.1/1898.0
2026-04-11 16:34:41 | INFO | [Round 9] epoch=6/80 loss=1.7927 acc=32.64 val_acc=nan data_t=0.0037s batch_t=0.0925s epoch_t=00:01.06 lr=0.000986 | GPU MB alloc/reserved=278.1/1898.0
2026-04-11 16:34:41 | INFO | [Round 9] Epoch 6/80 time=00:01.06 avg=00:01.09 ETA=01:20.51 | GPU MB alloc/reserved=278.1/1898.0
2026-04-11 16:34:42 | INFO | [Round 9] epoch=7/80 loss=1.6798 acc=36.00 val_acc=nan data_t=0.0023s batch_t=0.0910s epoch_t=00:01.03 lr=0.000981 | GPU MB alloc/reserved=278.1/1898.0
2026-04-11 16:34:42 | INFO | [Round 9] Epoch 7/80 time=00:01.03 avg=00:01.08 ETA=01:18.77 | GPU MB alloc/reserved=278.1/1898.0
2026-04-11 16:34:43 | INFO | [Round 9] epoch=8/80 loss=1.6665 acc=39.21 val_acc=nan data_t=0.0035s batch_t=0.0899s epoch_t=00:01.03 lr=0.000976 | GPU MB alloc/reserved=278.1/1898.0
2026-04-11 16:34:44 | INFO | [Round 9] Epoch 8/80 time=00:01.03 avg=00:01.07 ETA=01:17.23 | GPU MB alloc/reserved=278.1/1898.0
2026-04-11 16:34:45 | INFO | [Round 9] epoch=9/80 loss=1.5960 acc=40.14 val_acc=nan data_t=0.0035s batch_t=0.0926s epoch_t=00:01.06 lr=0.000969 | GPU MB alloc/reserved=278.1/1898.0
2026-04-11 16:34:45 | INFO | [Round 9] Epoch 9/80 time=00:01.06 avg=00:01.07 ETA=01:16.03 | GPU MB alloc/reserved=278.1/1898.0
2026-04-11 16:34:46 | INFO | [Round 9] epoch=10/80 loss=1.5412 acc=41.93 val_acc=nan data_t=0.0036s batch_t=0.0912s epoch_t=00:01.04 lr=0.000962 | GPU MB alloc/reserved=278.1/1898.0
2026-04-11 16:34:46 | INFO | [Round 9] Epoch 10/80 time=00:01.04 avg=00:01.07 ETA=01:14.77 | GPU MB alloc/reserved=278.1/1898.0
2026-04-11 16:34:47 | INFO | [Round 9] epoch=11/80 loss=1.5004 acc=43.79 val_acc=nan data_t=0.0023s batch_t=0.0931s epoch_t=00:01.05 lr=0.000955 | GPU MB alloc/reserved=278.1/1898.0
2026-04-11 16:34:47 | INFO | [Round 9] Epoch 11/80 time=00:01.05 avg=00:01.07 ETA=01:13.59 | GPU MB alloc/reserved=278.1/1898.0
2026-04-11 16:34:48 | INFO | [Round 9] epoch=12/80 loss=1.4668 acc=44.00 val_acc=nan data_t=0.0024s batch_t=0.0915s epoch_t=00:01.03 lr=0.000946 | GPU MB alloc/reserved=278.1/1898.0
2026-04-11 16:34:48 | INFO | [Round 9] Epoch 12/80 time=00:01.03 avg=00:01.06 ETA=01:12.33 | GPU MB alloc/reserved=278.1/1898.0
2026-04-11 16:34:49 | INFO | [Round 9] epoch=13/80 loss=1.4375 acc=44.57 val_acc=nan data_t=0.0036s batch_t=0.0930s epoch_t=00:01.06 lr=0.000937 | GPU MB alloc/reserved=278.1/1898.0
2026-04-11 16:34:49 | INFO | [Round 9] Epoch 13/80 time=00:01.06 avg=00:01.06 ETA=01:11.26 | GPU MB alloc/reserved=278.1/1898.0
2026-04-11 16:34:50 | INFO | [Round 9] epoch=14/80 loss=1.3776 acc=49.64 val_acc=nan data_t=0.0043s batch_t=0.0913s epoch_t=00:01.05 lr=0.000927 | GPU MB alloc/reserved=278.1/1898.0
2026-04-11 16:34:50 | INFO | [Round 9] Epoch 14/80 time=00:01.05 avg=00:01.06 ETA=01:10.14 | GPU MB alloc/reserved=278.1/1898.0
2026-04-11 16:34:51 | INFO | [Round 9] epoch=15/80 loss=1.3919 acc=47.07 val_acc=nan data_t=0.0029s batch_t=0.0938s epoch_t=00:01.06 lr=0.000917 | GPU MB alloc/reserved=278.1/1898.0
2026-04-11 16:34:51 | INFO | [Round 9] Epoch 15/80 time=00:01.06 avg=00:01.06 ETA=01:09.09 | GPU MB alloc/reserved=278.1/1898.0
2026-04-11 16:34:52 | INFO | [Round 9] epoch=16/80 loss=1.2811 acc=51.50 val_acc=nan data_t=0.0025s batch_t=0.0935s epoch_t=00:01.06 lr=0.000905 | GPU MB alloc/reserved=278.1/1898.0
2026-04-11 16:34:52 | INFO | [Round 9] Epoch 16/80 time=00:01.06 avg=00:01.06 ETA=01:08.00 | GPU MB alloc/reserved=278.1/1898.0
2026-04-11 16:34:53 | INFO | [Round 9] epoch=17/80 loss=1.2410 acc=55.07 val_acc=nan data_t=0.0031s batch_t=0.0927s epoch_t=00:01.05 lr=0.000894 | GPU MB alloc/reserved=278.1/1898.0
2026-04-11 16:34:53 | INFO | [Round 9] Epoch 17/80 time=00:01.05 avg=00:01.06 ETA=01:06.90 | GPU MB alloc/reserved=278.1/1898.0
2026-04-11 16:34:54 | INFO | [Round 9] epoch=18/80 loss=1.2423 acc=54.21 val_acc=nan data_t=0.0024s batch_t=0.0925s epoch_t=00:01.04 lr=0.000881 | GPU MB alloc/reserved=278.1/1898.0
2026-04-11 16:34:54 | INFO | [Round 9] Epoch 18/80 time=00:01.04 avg=00:01.06 ETA=01:05.78 | GPU MB alloc/reserved=278.1/1898.0
2026-04-11 16:34:55 | INFO | [Round 9] epoch=19/80 loss=1.1729 acc=56.29 val_acc=nan data_t=0.0025s batch_t=0.0933s epoch_t=00:01.05 lr=0.000868 | GPU MB alloc/reserved=278.1/1898.0
2026-04-11 16:34:55 | INFO | [Round 9] Epoch 19/80 time=00:01.05 avg=00:01.06 ETA=01:04.69 | GPU MB alloc/reserved=278.1/1898.0
2026-04-11 16:34:56 | INFO | [Round 9] epoch=20/80 loss=1.1492 acc=56.93 val_acc=nan data_t=0.0034s batch_t=0.0913s epoch_t=00:01.04 lr=0.000855 | GPU MB alloc/reserved=278.1/1898.0
2026-04-11 16:34:56 | INFO | [Round 9] Epoch 20/80 time=00:01.04 avg=00:01.06 ETA=01:03.58 | GPU MB alloc/reserved=278.1/1898.0
2026-04-11 16:34:57 | INFO | [Round 9] epoch=21/80 loss=1.0753 acc=60.21 val_acc=nan data_t=0.0023s batch_t=0.0926s epoch_t=00:01.04 lr=0.000841 | GPU MB alloc/reserved=278.1/1898.0
2026-04-11 16:34:57 | INFO | [Round 9] Epoch 21/80 time=00:01.04 avg=00:01.06 ETA=01:02.47 | GPU MB alloc/reserved=278.1/1898.0
2026-04-11 16:34:58 | INFO | [Round 9] epoch=22/80 loss=1.0239 acc=62.21 val_acc=nan data_t=0.0041s batch_t=0.0930s epoch_t=00:01.07 lr=0.000826 | GPU MB alloc/reserved=278.1/1898.0
2026-04-11 16:34:58 | INFO | [Round 9] Epoch 22/80 time=00:01.07 avg=00:01.06 ETA=01:01.44 | GPU MB alloc/reserved=278.1/1898.0
2026-04-11 16:34:59 | INFO | [Round 9] epoch=23/80 loss=0.9619 acc=65.57 val_acc=nan data_t=0.0038s batch_t=0.0914s epoch_t=00:01.05 lr=0.000811 | GPU MB alloc/reserved=278.1/1898.0
2026-04-11 16:34:59 | INFO | [Round 9] Epoch 23/80 time=00:01.05 avg=00:01.06 ETA=01:00.35 | GPU MB alloc/reserved=278.1/1898.0
2026-04-11 16:35:00 | INFO | [Round 9] epoch=24/80 loss=0.9149 acc=66.14 val_acc=nan data_t=0.0036s batch_t=0.0948s epoch_t=00:01.08 lr=0.000796 | GPU MB alloc/reserved=278.1/1898.0
2026-04-11 16:35:00 | INFO | [Round 9] Epoch 24/80 time=00:01.08 avg=00:01.06 ETA=00:59.35 | GPU MB alloc/reserved=278.1/1898.0
2026-04-11 16:35:01 | INFO | [Round 9] epoch=25/80 loss=0.9214 acc=64.57 val_acc=nan data_t=0.0033s batch_t=0.0926s epoch_t=00:01.06 lr=0.000780 | GPU MB alloc/reserved=278.1/1898.0
2026-04-11 16:35:01 | INFO | [Round 9] Epoch 25/80 time=00:01.06 avg=00:01.06 ETA=00:58.28 | GPU MB alloc/reserved=278.1/1898.0
2026-04-11 16:35:03 | INFO | [Round 9] epoch=26/80 loss=0.8359 acc=68.86 val_acc=nan data_t=0.0040s batch_t=0.0914s epoch_t=00:01.05 lr=0.000764 | GPU MB alloc/reserved=278.1/1898.0
2026-04-11 16:35:03 | INFO | [Round 9] Epoch 26/80 time=00:01.05 avg=00:01.06 ETA=00:57.20 | GPU MB alloc/reserved=278.1/1898.0
2026-04-11 16:35:04 | INFO | [Round 9] epoch=27/80 loss=0.7980 acc=70.79 val_acc=nan data_t=0.0040s batch_t=0.0918s epoch_t=00:01.05 lr=0.000747 | GPU MB alloc/reserved=278.1/1898.0
2026-04-11 16:35:04 | INFO | [Round 9] Epoch 27/80 time=00:01.05 avg=00:01.06 ETA=00:56.13 | GPU MB alloc/reserved=278.1/1898.0
2026-04-11 16:35:05 | INFO | [Round 9] epoch=28/80 loss=0.7710 acc=70.29 val_acc=nan data_t=0.0040s batch_t=0.0922s epoch_t=00:01.06 lr=0.000730 | GPU MB alloc/reserved=278.1/1898.0
2026-04-11 16:35:05 | INFO | [Round 9] Epoch 28/80 time=00:01.06 avg=00:01.06 ETA=00:55.07 | GPU MB alloc/reserved=278.1/1898.0
2026-04-11 16:35:06 | INFO | [Round 9] epoch=29/80 loss=0.7321 acc=73.57 val_acc=nan data_t=0.0027s batch_t=0.0912s epoch_t=00:01.03 lr=0.000712 | GPU MB alloc/reserved=278.1/1898.0
2026-04-11 16:35:06 | INFO | [Round 9] Epoch 29/80 time=00:01.03 avg=00:01.06 ETA=00:53.96 | GPU MB alloc/reserved=278.1/1898.0
2026-04-11 16:35:07 | INFO | [Round 9] epoch=30/80 loss=0.6645 acc=76.29 val_acc=nan data_t=0.0048s batch_t=0.0881s epoch_t=00:01.02 lr=0.000694 | GPU MB alloc/reserved=278.1/1898.0
2026-04-11 16:35:07 | INFO | [Round 9] Epoch 30/80 time=00:01.02 avg=00:01.06 ETA=00:52.85 | GPU MB alloc/reserved=278.1/1898.0
2026-04-11 16:35:08 | INFO | [Round 9] epoch=31/80 loss=0.6306 acc=75.36 val_acc=nan data_t=0.0039s batch_t=0.0915s epoch_t=00:01.05 lr=0.000676 | GPU MB alloc/reserved=278.1/1898.0
2026-04-11 16:35:08 | INFO | [Round 9] Epoch 31/80 time=00:01.05 avg=00:01.06 ETA=00:51.78 | GPU MB alloc/reserved=278.1/1898.0
2026-04-11 16:35:09 | INFO | [Round 9] epoch=32/80 loss=0.5585 acc=80.00 val_acc=nan data_t=0.0040s batch_t=0.0913s epoch_t=00:01.05 lr=0.000658 | GPU MB alloc/reserved=278.1/1898.0
2026-04-11 16:35:09 | INFO | [Round 9] Epoch 32/80 time=00:01.05 avg=00:01.06 ETA=00:50.71 | GPU MB alloc/reserved=278.1/1898.0
2026-04-11 16:35:10 | INFO | [Round 9] epoch=33/80 loss=0.5282 acc=80.93 val_acc=nan data_t=0.0041s batch_t=0.0931s epoch_t=00:01.07 lr=0.000639 | GPU MB alloc/reserved=278.1/1898.0
2026-04-11 16:35:10 | INFO | [Round 9] Epoch 33/80 time=00:01.07 avg=00:01.06 ETA=00:49.67 | GPU MB alloc/reserved=278.1/1898.0
2026-04-11 16:35:11 | INFO | [Round 9] epoch=34/80 loss=0.4708 acc=82.79 val_acc=nan data_t=0.0040s batch_t=0.0947s epoch_t=00:01.09 lr=0.000621 | GPU MB alloc/reserved=278.1/1898.0
2026-04-11 16:35:11 | INFO | [Round 9] Epoch 34/80 time=00:01.09 avg=00:01.06 ETA=00:48.65 | GPU MB alloc/reserved=278.1/1898.0
2026-04-11 16:35:12 | INFO | [Round 9] epoch=35/80 loss=0.4592 acc=82.57 val_acc=nan data_t=0.0044s batch_t=0.0923s epoch_t=00:01.06 lr=0.000602 | GPU MB alloc/reserved=278.1/1898.0
2026-04-11 16:35:12 | INFO | [Round 9] Epoch 35/80 time=00:01.06 avg=00:01.06 ETA=00:47.60 | GPU MB alloc/reserved=278.1/1898.0
2026-04-11 16:35:13 | INFO | [Round 9] epoch=36/80 loss=0.4527 acc=83.86 val_acc=nan data_t=0.0042s batch_t=0.0936s epoch_t=00:01.08 lr=0.000582 | GPU MB alloc/reserved=278.1/1898.0
2026-04-11 16:35:13 | INFO | [Round 9] Epoch 36/80 time=00:01.08 avg=00:01.06 ETA=00:46.57 | GPU MB alloc/reserved=278.1/1898.0
2026-04-11 16:35:14 | INFO | [Round 9] epoch=37/80 loss=0.4006 acc=85.57 val_acc=nan data_t=0.0041s batch_t=0.0934s epoch_t=00:01.07 lr=0.000563 | GPU MB alloc/reserved=278.1/1898.0
2026-04-11 16:35:14 | INFO | [Round 9] Epoch 37/80 time=00:01.07 avg=00:01.06 ETA=00:45.53 | GPU MB alloc/reserved=278.1/1898.0
2026-04-11 16:35:15 | INFO | [Round 9] epoch=38/80 loss=0.3604 acc=86.79 val_acc=nan data_t=0.0033s batch_t=0.0938s epoch_t=00:01.07 lr=0.000544 | GPU MB alloc/reserved=278.1/1898.0
2026-04-11 16:35:15 | INFO | [Round 9] Epoch 38/80 time=00:01.07 avg=00:01.06 ETA=00:44.48 | GPU MB alloc/reserved=278.1/1898.0
2026-04-11 16:35:16 | INFO | [Round 9] epoch=39/80 loss=0.3095 acc=90.14 val_acc=nan data_t=0.0024s batch_t=0.0919s epoch_t=00:01.04 lr=0.000524 | GPU MB alloc/reserved=278.1/1898.0
2026-04-11 16:35:16 | INFO | [Round 9] Epoch 39/80 time=00:01.04 avg=00:01.06 ETA=00:43.40 | GPU MB alloc/reserved=278.1/1898.0
2026-04-11 16:35:17 | INFO | [Round 9] epoch=40/80 loss=0.2694 acc=90.64 val_acc=nan data_t=0.0038s batch_t=0.0918s epoch_t=00:01.05 lr=0.000505 | GPU MB alloc/reserved=278.1/1898.0
2026-04-11 16:35:17 | INFO | [Round 9] Epoch 40/80 time=00:01.05 avg=00:01.06 ETA=00:42.33 | GPU MB alloc/reserved=278.1/1898.0
2026-04-11 16:35:18 | INFO | [Round 9] epoch=41/80 loss=0.2160 acc=93.29 val_acc=nan data_t=0.0035s batch_t=0.0925s epoch_t=00:01.06 lr=0.000486 | GPU MB alloc/reserved=278.1/1898.0
2026-04-11 16:35:18 | INFO | [Round 9] Epoch 41/80 time=00:01.06 avg=00:01.06 ETA=00:41.27 | GPU MB alloc/reserved=278.1/1898.0
2026-04-11 16:35:20 | INFO | [Round 9] epoch=42/80 loss=0.2010 acc=93.64 val_acc=nan data_t=0.0037s batch_t=0.0922s epoch_t=00:01.06 lr=0.000466 | GPU MB alloc/reserved=278.1/1898.0
2026-04-11 16:35:20 | INFO | [Round 9] Epoch 42/80 time=00:01.06 avg=00:01.06 ETA=00:40.21 | GPU MB alloc/reserved=278.1/1898.0
2026-04-11 16:35:21 | INFO | [Round 9] epoch=43/80 loss=0.1715 acc=94.79 val_acc=nan data_t=0.0048s batch_t=0.0922s epoch_t=00:01.07 lr=0.000447 | GPU MB alloc/reserved=278.1/1898.0
2026-04-11 16:35:21 | INFO | [Round 9] Epoch 43/80 time=00:01.07 avg=00:01.06 ETA=00:39.16 | GPU MB alloc/reserved=278.1/1898.0
2026-04-11 16:35:21 | INFO | [Round 9] epoch=44/80 loss=0.1575 acc=95.57 val_acc=nan data_t=0.0023s batch_t=0.0761s epoch_t=00:00.86 lr=0.000428 | GPU MB alloc/reserved=278.1/1898.0
2026-04-11 16:35:21 | INFO | [Round 9] Epoch 44/80 time=00:00.86 avg=00:01.05 ETA=00:37.94 | GPU MB alloc/reserved=278.1/1898.0
2026-04-11 16:35:23 | INFO | [Round 9] epoch=45/80 loss=0.1665 acc=94.36 val_acc=nan data_t=0.0042s batch_t=0.0989s epoch_t=00:01.13 lr=0.000408 | GPU MB alloc/reserved=278.1/1898.0
2026-04-11 16:35:23 | INFO | [Round 9] Epoch 45/80 time=00:01.13 avg=00:01.06 ETA=00:36.95 | GPU MB alloc/reserved=278.1/1898.0
2026-04-11 16:35:24 | INFO | [Round 9] epoch=46/80 loss=0.1342 acc=96.00 val_acc=nan data_t=0.0025s batch_t=0.1008s epoch_t=00:01.14 lr=0.000389 | GPU MB alloc/reserved=278.1/1898.0
2026-04-11 16:35:24 | INFO | [Round 9] Epoch 46/80 time=00:01.14 avg=00:01.06 ETA=00:35.95 | GPU MB alloc/reserved=278.1/1898.0
2026-04-11 16:35:25 | INFO | [Round 9] epoch=47/80 loss=0.1228 acc=96.21 val_acc=nan data_t=0.0022s batch_t=0.1004s epoch_t=00:01.13 lr=0.000371 | GPU MB alloc/reserved=278.1/1898.0
2026-04-11 16:35:25 | INFO | [Round 9] Epoch 47/80 time=00:01.13 avg=00:01.06 ETA=00:34.95 | GPU MB alloc/reserved=278.1/1898.0
2026-04-11 16:35:26 | INFO | [Round 9] epoch=48/80 loss=0.1107 acc=96.57 val_acc=nan data_t=0.0034s batch_t=0.1015s epoch_t=00:01.15 lr=0.000352 | GPU MB alloc/reserved=278.1/1898.0
2026-04-11 16:35:26 | INFO | [Round 9] Epoch 48/80 time=00:01.15 avg=00:01.06 ETA=00:33.95 | GPU MB alloc/reserved=278.1/1898.0
2026-04-11 16:35:27 | INFO | [Round 9] epoch=49/80 loss=0.0899 acc=97.86 val_acc=nan data_t=0.0023s batch_t=0.1006s epoch_t=00:01.13 lr=0.000334 | GPU MB alloc/reserved=278.1/1898.0
2026-04-11 16:35:27 | INFO | [Round 9] Epoch 49/80 time=00:01.13 avg=00:01.06 ETA=00:32.94 | GPU MB alloc/reserved=278.1/1898.0
2026-04-11 16:35:28 | INFO | [Round 9] epoch=50/80 loss=0.0861 acc=97.43 val_acc=nan data_t=0.0037s batch_t=0.1008s epoch_t=00:01.15 lr=0.000316 | GPU MB alloc/reserved=278.1/1898.0
2026-04-11 16:35:28 | INFO | [Round 9] Epoch 50/80 time=00:01.15 avg=00:01.06 ETA=00:31.93 | GPU MB alloc/reserved=278.1/1898.0
2026-04-11 16:35:29 | INFO | [Round 9] epoch=51/80 loss=0.0776 acc=98.00 val_acc=nan data_t=0.0027s batch_t=0.1018s epoch_t=00:01.15 lr=0.000298 | GPU MB alloc/reserved=278.1/1898.0
2026-04-11 16:35:29 | INFO | [Round 9] Epoch 51/80 time=00:01.15 avg=00:01.07 ETA=00:30.91 | GPU MB alloc/reserved=278.1/1898.0
2026-04-11 16:35:30 | INFO | [Round 9] epoch=52/80 loss=0.0649 acc=98.29 val_acc=nan data_t=0.0037s batch_t=0.0821s epoch_t=00:00.94 lr=0.000280 | GPU MB alloc/reserved=278.1/1898.0
2026-04-11 16:35:30 | INFO | [Round 9] Epoch 52/80 time=00:00.94 avg=00:01.06 ETA=00:29.78 | GPU MB alloc/reserved=278.1/1898.0
2026-04-11 16:35:31 | INFO | [Round 9] epoch=53/80 loss=0.0645 acc=98.57 val_acc=nan data_t=0.0039s batch_t=0.0600s epoch_t=00:00.70 lr=0.000263 | GPU MB alloc/reserved=278.1/1898.0
2026-04-11 16:35:31 | INFO | [Round 9] Epoch 53/80 time=00:00.70 avg=00:01.06 ETA=00:28.53 | GPU MB alloc/reserved=278.1/1898.0
2026-04-11 16:35:32 | INFO | [Round 9] epoch=54/80 loss=0.0525 acc=98.93 val_acc=nan data_t=0.0035s batch_t=0.0783s epoch_t=00:00.90 lr=0.000246 | GPU MB alloc/reserved=278.1/1898.0
2026-04-11 16:35:32 | INFO | [Round 9] Epoch 54/80 time=00:00.90 avg=00:01.05 ETA=00:27.40 | GPU MB alloc/reserved=278.1/1898.0
2026-04-11 16:35:33 | INFO | [Round 9] epoch=55/80 loss=0.0372 acc=99.29 val_acc=nan data_t=0.0024s batch_t=0.0634s epoch_t=00:00.72 lr=0.000230 | GPU MB alloc/reserved=278.1/1898.0
2026-04-11 16:35:33 | INFO | [Round 9] Epoch 55/80 time=00:00.72 avg=00:01.05 ETA=00:26.20 | GPU MB alloc/reserved=278.1/1898.0
2026-04-11 16:35:34 | INFO | [Round 9] epoch=56/80 loss=0.0297 acc=99.71 val_acc=nan data_t=0.0039s batch_t=0.0674s epoch_t=00:00.78 lr=0.000214 | GPU MB alloc/reserved=278.1/1898.0
2026-04-11 16:35:34 | INFO | [Round 9] Epoch 56/80 time=00:00.78 avg=00:01.04 ETA=00:25.04 | GPU MB alloc/reserved=278.1/1898.0
2026-04-11 16:35:35 | INFO | [Round 9] epoch=57/80 loss=0.0277 acc=99.64 val_acc=nan data_t=0.0039s batch_t=0.0907s epoch_t=00:01.04 lr=0.000199 | GPU MB alloc/reserved=278.1/1898.0
2026-04-11 16:35:35 | INFO | [Round 9] Epoch 57/80 time=00:01.04 avg=00:01.04 ETA=00:23.99 | GPU MB alloc/reserved=278.1/1898.0
2026-04-11 16:35:36 | INFO | [Round 9] epoch=58/80 loss=0.0256 acc=99.64 val_acc=nan data_t=0.0034s batch_t=0.0949s epoch_t=00:01.08 lr=0.000184 | GPU MB alloc/reserved=278.1/1898.0
2026-04-11 16:35:36 | INFO | [Round 9] Epoch 58/80 time=00:01.08 avg=00:01.04 ETA=00:22.96 | GPU MB alloc/reserved=278.1/1898.0
2026-04-11 16:35:37 | INFO | [Round 9] epoch=59/80 loss=0.0214 acc=99.79 val_acc=nan data_t=0.0035s batch_t=0.0915s epoch_t=00:01.05 lr=0.000169 | GPU MB alloc/reserved=278.1/1898.0
2026-04-11 16:35:37 | INFO | [Round 9] Epoch 59/80 time=00:01.05 avg=00:01.04 ETA=00:21.92 | GPU MB alloc/reserved=278.1/1898.0
2026-04-11 16:35:38 | INFO | [Round 9] epoch=60/80 loss=0.0195 acc=99.93 val_acc=nan data_t=0.0039s batch_t=0.0925s epoch_t=00:01.06 lr=0.000155 | GPU MB alloc/reserved=278.1/1898.0
2026-04-11 16:35:38 | INFO | [Round 9] Epoch 60/80 time=00:01.06 avg=00:01.04 ETA=00:20.88 | GPU MB alloc/reserved=278.1/1898.0
2026-04-11 16:35:39 | INFO | [Round 9] epoch=61/80 loss=0.0176 acc=99.79 val_acc=nan data_t=0.0030s batch_t=0.0917s epoch_t=00:01.04 lr=0.000142 | GPU MB alloc/reserved=278.1/1898.0
2026-04-11 16:35:39 | INFO | [Round 9] Epoch 61/80 time=00:01.04 avg=00:01.04 ETA=00:19.84 | GPU MB alloc/reserved=278.1/1898.0
2026-04-11 16:35:40 | INFO | [Round 9] epoch=62/80 loss=0.0151 acc=99.86 val_acc=nan data_t=0.0039s batch_t=0.0921s epoch_t=00:01.06 lr=0.000129 | GPU MB alloc/reserved=278.1/1898.0
2026-04-11 16:35:40 | INFO | [Round 9] Epoch 62/80 time=00:01.06 avg=00:01.04 ETA=00:18.80 | GPU MB alloc/reserved=278.1/1898.0
2026-04-11 16:35:41 | INFO | [Round 9] epoch=63/80 loss=0.0148 acc=100.00 val_acc=nan data_t=0.0044s batch_t=0.0917s epoch_t=00:01.06 lr=0.000116 | GPU MB alloc/reserved=278.1/1898.0
2026-04-11 16:35:41 | INFO | [Round 9] Epoch 63/80 time=00:01.06 avg=00:01.04 ETA=00:17.76 | GPU MB alloc/reserved=278.1/1898.0
2026-04-11 16:35:42 | INFO | [Round 9] epoch=64/80 loss=0.0189 acc=99.71 val_acc=nan data_t=0.0032s batch_t=0.0916s epoch_t=00:01.04 lr=0.000105 | GPU MB alloc/reserved=278.1/1898.0
2026-04-11 16:35:42 | INFO | [Round 9] Epoch 64/80 time=00:01.04 avg=00:01.04 ETA=00:16.71 | GPU MB alloc/reserved=278.1/1898.0
2026-04-11 16:35:43 | INFO | [Round 9] epoch=65/80 loss=0.0176 acc=99.79 val_acc=nan data_t=0.0036s batch_t=0.0909s epoch_t=00:01.04 lr=0.000093 | GPU MB alloc/reserved=278.1/1898.0
2026-04-11 16:35:43 | INFO | [Round 9] Epoch 65/80 time=00:01.04 avg=00:01.04 ETA=00:15.67 | GPU MB alloc/reserved=278.1/1898.0
2026-04-11 16:35:44 | INFO | [Round 9] epoch=66/80 loss=0.0143 acc=99.86 val_acc=nan data_t=0.0035s batch_t=0.0904s epoch_t=00:01.03 lr=0.000083 | GPU MB alloc/reserved=278.1/1898.0
2026-04-11 16:35:44 | INFO | [Round 9] Epoch 66/80 time=00:01.03 avg=00:01.04 ETA=00:14.62 | GPU MB alloc/reserved=278.1/1898.0
2026-04-11 16:35:45 | INFO | [Round 9] epoch=67/80 loss=0.0130 acc=99.93 val_acc=nan data_t=0.0037s batch_t=0.0918s epoch_t=00:01.05 lr=0.000073 | GPU MB alloc/reserved=278.1/1898.0
2026-04-11 16:35:45 | INFO | [Round 9] Epoch 67/80 time=00:01.05 avg=00:01.04 ETA=00:13.58 | GPU MB alloc/reserved=278.1/1898.0
2026-04-11 16:35:46 | INFO | [Round 9] epoch=68/80 loss=0.0127 acc=100.00 val_acc=nan data_t=0.0037s batch_t=0.0907s epoch_t=00:01.04 lr=0.000064 | GPU MB alloc/reserved=278.1/1898.0
2026-04-11 16:35:46 | INFO | [Round 9] Epoch 68/80 time=00:01.04 avg=00:01.04 ETA=00:12.53 | GPU MB alloc/reserved=278.1/1898.0
2026-04-11 16:35:47 | INFO | [Round 9] epoch=69/80 loss=0.0103 acc=100.00 val_acc=nan data_t=0.0036s batch_t=0.0917s epoch_t=00:01.05 lr=0.000055 | GPU MB alloc/reserved=278.1/1898.0
2026-04-11 16:35:47 | INFO | [Round 9] Epoch 69/80 time=00:01.05 avg=00:01.04 ETA=00:11.49 | GPU MB alloc/reserved=278.1/1898.0
2026-04-11 16:35:48 | INFO | [Round 9] epoch=70/80 loss=0.0096 acc=100.00 val_acc=nan data_t=0.0034s batch_t=0.0939s epoch_t=00:01.07 lr=0.000048 | GPU MB alloc/reserved=278.1/1898.0
2026-04-11 16:35:48 | INFO | [Round 9] Epoch 70/80 time=00:01.07 avg=00:01.04 ETA=00:10.45 | GPU MB alloc/reserved=278.1/1898.0
2026-04-11 16:35:49 | INFO | [Round 9] epoch=71/80 loss=0.0096 acc=100.00 val_acc=nan data_t=0.0034s batch_t=0.0955s epoch_t=00:01.09 lr=0.000041 | GPU MB alloc/reserved=278.1/1898.0
2026-04-11 16:35:49 | INFO | [Round 9] Epoch 71/80 time=00:01.09 avg=00:01.05 ETA=00:09.41 | GPU MB alloc/reserved=278.1/1898.0
2026-04-11 16:35:50 | INFO | [Round 9] epoch=72/80 loss=0.0109 acc=99.93 val_acc=nan data_t=0.0040s batch_t=0.0719s epoch_t=00:00.84 lr=0.000034 | GPU MB alloc/reserved=278.1/1898.0
2026-04-11 16:35:50 | INFO | [Round 9] Epoch 72/80 time=00:00.84 avg=00:01.04 ETA=00:08.34 | GPU MB alloc/reserved=278.1/1898.0
2026-04-11 16:35:51 | INFO | [Round 9] epoch=73/80 loss=0.0098 acc=99.93 val_acc=nan data_t=0.0034s batch_t=0.0968s epoch_t=00:01.10 lr=0.000029 | GPU MB alloc/reserved=278.1/1898.0
2026-04-11 16:35:51 | INFO | [Round 9] Epoch 73/80 time=00:01.10 avg=00:01.04 ETA=00:07.30 | GPU MB alloc/reserved=278.1/1898.0
2026-04-11 16:35:52 | INFO | [Round 9] epoch=74/80 loss=0.0111 acc=100.00 val_acc=nan data_t=0.0036s batch_t=0.1036s epoch_t=00:01.18 lr=0.000024 | GPU MB alloc/reserved=278.1/1898.0
2026-04-11 16:35:52 | INFO | [Round 9] Epoch 74/80 time=00:01.18 avg=00:01.05 ETA=00:06.27 | GPU MB alloc/reserved=278.1/1898.0
2026-04-11 16:35:54 | INFO | [Round 9] epoch=75/80 loss=0.0095 acc=100.00 val_acc=nan data_t=0.0038s batch_t=0.0977s epoch_t=00:01.12 lr=0.000020 | GPU MB alloc/reserved=278.1/1898.0
2026-04-11 16:35:54 | INFO | [Round 9] Epoch 75/80 time=00:01.12 avg=00:01.05 ETA=00:05.23 | GPU MB alloc/reserved=278.1/1898.0
2026-04-11 16:35:55 | INFO | [Round 9] epoch=76/80 loss=0.0100 acc=99.93 val_acc=nan data_t=0.0047s batch_t=0.1018s epoch_t=00:01.17 lr=0.000016 | GPU MB alloc/reserved=278.1/1898.0
2026-04-11 16:35:55 | INFO | [Round 9] Epoch 76/80 time=00:01.17 avg=00:01.05 ETA=00:04.19 | GPU MB alloc/reserved=278.1/1898.0
2026-04-11 16:35:56 | INFO | [Round 9] epoch=77/80 loss=0.0087 acc=100.00 val_acc=nan data_t=0.0044s batch_t=0.1003s epoch_t=00:01.15 lr=0.000013 | GPU MB alloc/reserved=278.1/1898.0
2026-04-11 16:35:56 | INFO | [Round 9] Epoch 77/80 time=00:01.15 avg=00:01.05 ETA=00:03.15 | GPU MB alloc/reserved=278.1/1898.0
2026-04-11 16:35:57 | INFO | [Round 9] epoch=78/80 loss=0.0077 acc=100.00 val_acc=nan data_t=0.0041s batch_t=0.1010s epoch_t=00:01.16 lr=0.000012 | GPU MB alloc/reserved=278.1/1898.0
2026-04-11 16:35:57 | INFO | [Round 9] Epoch 78/80 time=00:01.16 avg=00:01.05 ETA=00:02.10 | GPU MB alloc/reserved=278.1/1898.0
2026-04-11 16:35:58 | INFO | [Round 9] epoch=79/80 loss=0.0085 acc=100.00 val_acc=nan data_t=0.0024s batch_t=0.1019s epoch_t=00:01.15 lr=0.000010 | GPU MB alloc/reserved=278.1/1898.0
2026-04-11 16:35:58 | INFO | [Round 9] Epoch 79/80 time=00:01.15 avg=00:01.05 ETA=00:01.05 | GPU MB alloc/reserved=278.1/1898.0
2026-04-11 16:35:59 | INFO | [Round 9] epoch=80/80 loss=0.0090 acc=100.00 val_acc=nan data_t=0.0033s batch_t=0.0858s epoch_t=00:00.98 lr=0.000010 | GPU MB alloc/reserved=278.1/1898.0
2026-04-11 16:35:59 | INFO | [Round 9] Epoch 80/80 time=00:00.98 avg=00:01.05 ETA=00:00.00 | GPU MB alloc/reserved=278.1/1898.0
2026-04-11 16:35:59 | INFO | [Round 9] training complete in 01:24.38 (best monitor=100.000) | GPU MB alloc/reserved=278.1/1898.0
2026-04-11 16:35:59 | INFO | [Round 9] evaluation started | GPU MB alloc/reserved=191.6/1898.0
2026-04-11 16:36:07 | INFO | [Round 9] clean=55.84 fgsm=44.73 pgd=44.42 grad_disp_mean=nan grad_disp_sel=nan round_t=94.55s | GPU MB alloc/reserved=191.6/1898.0
2026-04-11 16:36:07 | INFO | [Round 10/21] elapsed=01:34.55 avg_round=01:08.58 projected_remaining=12:34.39 | GPU MB alloc/reserved=191.6/1898.0
2026-04-11 16:36:08 | INFO | [Round 10] acquisition on pool_size=48600 scored_pool=5000 budget=100 | GPU MB alloc/reserved=104.2/1898.0
2026-04-11 16:36:08 | INFO | [CoreSet-unlabeled-feat] scoring progress 10/20 elapsed=00:00.23 avg/batch=0.023s ETA=00:00.23 | GPU MB alloc/reserved=112.2/1898.0
2026-04-11 16:36:08 | INFO | [CoreSet-unlabeled-feat] scoring progress 20/20 elapsed=00:00.37 avg/batch=0.019s ETA=00:00.00 | GPU MB alloc/reserved=116.2/1898.0
2026-04-11 16:36:09 | INFO | [CoreSet-labeled-feat] scoring progress 6/6 elapsed=00:00.21 avg/batch=0.034s ETA=00:00.00 | GPU MB alloc/reserved=118.9/1898.0
2026-04-11 16:36:09 | INFO | [CoreSet] greedy 10/100 cover_radius=18.067524 | GPU: n/a
2026-04-11 16:36:09 | INFO | [CoreSet] greedy 20/100 cover_radius=17.593874 | GPU: n/a
2026-04-11 16:36:09 | INFO | [CoreSet] greedy 30/100 cover_radius=17.269119 | GPU: n/a
2026-04-11 16:36:09 | INFO | [CoreSet] greedy 40/100 cover_radius=17.090374 | GPU: n/a
2026-04-11 16:36:09 | INFO | [CoreSet] greedy 50/100 cover_radius=16.947025 | GPU: n/a
2026-04-11 16:36:09 | INFO | [CoreSet] greedy 60/100 cover_radius=16.853655 | GPU: n/a
2026-04-11 16:36:09 | INFO | [CoreSet] greedy 70/100 cover_radius=16.596731 | GPU: n/a
2026-04-11 16:36:10 | INFO | [CoreSet] greedy 80/100 cover_radius=16.481247 | GPU: n/a
2026-04-11 16:36:10 | INFO | [CoreSet] greedy 90/100 cover_radius=16.417612 | GPU: n/a
2026-04-11 16:36:10 | INFO | [CoreSet] greedy 100/100 cover_radius=16.316570 | GPU: n/a
2026-04-11 16:36:10 | INFO | [Round 10] labeled=1500 train=1500 val_fixed=0 | GPU MB alloc/reserved=149.2/1898.0
2026-04-11 16:36:12 | INFO | [Round 10] epoch=1/80 loss=2.3741 acc=16.80 val_acc=nan data_t=0.0162s batch_t=0.0986s epoch_t=00:01.38 lr=0.001000 | GPU MB alloc/reserved=279.6/1898.0
2026-04-11 16:36:12 | INFO | [Round 10] Epoch 1/80 time=00:01.38 avg=00:01.38 ETA=01:48.85 | GPU MB alloc/reserved=279.6/1898.0
2026-04-11 16:36:13 | INFO | [Round 10] epoch=2/80 loss=2.1090 acc=22.53 val_acc=nan data_t=0.0036s batch_t=0.0914s epoch_t=00:01.14 lr=0.000998 | GPU MB alloc/reserved=279.6/1898.0
2026-04-11 16:36:13 | INFO | [Round 10] Epoch 2/80 time=00:01.14 avg=00:01.26 ETA=01:38.22 | GPU MB alloc/reserved=279.6/1898.0
2026-04-11 16:36:14 | INFO | [Round 10] epoch=3/80 loss=1.9252 acc=28.73 val_acc=nan data_t=0.0024s batch_t=0.0910s epoch_t=00:01.12 lr=0.000997 | GPU MB alloc/reserved=279.6/1898.0
2026-04-11 16:36:14 | INFO | [Round 10] Epoch 3/80 time=00:01.12 avg=00:01.21 ETA=01:33.42 | GPU MB alloc/reserved=279.6/1898.0
2026-04-11 16:36:15 | INFO | [Round 10] epoch=4/80 loss=1.8803 acc=29.80 val_acc=nan data_t=0.0023s batch_t=0.0914s epoch_t=00:01.13 lr=0.000994 | GPU MB alloc/reserved=279.6/1898.0
2026-04-11 16:36:15 | INFO | [Round 10] Epoch 4/80 time=00:01.13 avg=00:01.19 ETA=01:30.54 | GPU MB alloc/reserved=279.6/1898.0
2026-04-11 16:36:16 | INFO | [Round 10] epoch=5/80 loss=1.8137 acc=32.07 val_acc=nan data_t=0.0023s batch_t=0.0912s epoch_t=00:01.12 lr=0.000990 | GPU MB alloc/reserved=279.6/1898.0
2026-04-11 16:36:16 | INFO | [Round 10] Epoch 5/80 time=00:01.12 avg=00:01.18 ETA=01:28.31 | GPU MB alloc/reserved=279.6/1898.0
2026-04-11 16:36:17 | INFO | [Round 10] epoch=6/80 loss=1.7539 acc=33.47 val_acc=nan data_t=0.0022s batch_t=0.0903s epoch_t=00:01.11 lr=0.000986 | GPU MB alloc/reserved=279.6/1898.0
2026-04-11 16:36:17 | INFO | [Round 10] Epoch 6/80 time=00:01.11 avg=00:01.17 ETA=01:26.31 | GPU MB alloc/reserved=279.6/1898.0
2026-04-11 16:36:18 | INFO | [Round 10] epoch=7/80 loss=1.6993 acc=35.73 val_acc=nan data_t=0.0033s batch_t=0.0908s epoch_t=00:01.13 lr=0.000981 | GPU MB alloc/reserved=279.6/1898.0
2026-04-11 16:36:18 | INFO | [Round 10] Epoch 7/80 time=00:01.13 avg=00:01.16 ETA=01:24.75 | GPU MB alloc/reserved=279.6/1898.0
2026-04-11 16:36:19 | INFO | [Round 10] epoch=8/80 loss=1.6958 acc=36.27 val_acc=nan data_t=0.0022s batch_t=0.0914s epoch_t=00:01.12 lr=0.000976 | GPU MB alloc/reserved=279.6/1898.0
2026-04-11 16:36:19 | INFO | [Round 10] Epoch 8/80 time=00:01.12 avg=00:01.16 ETA=01:23.25 | GPU MB alloc/reserved=279.6/1898.0
2026-04-11 16:36:21 | INFO | [Round 10] epoch=9/80 loss=1.6563 acc=38.07 val_acc=nan data_t=0.0021s batch_t=0.0897s epoch_t=00:01.10 lr=0.000969 | GPU MB alloc/reserved=279.6/1898.0
2026-04-11 16:36:21 | INFO | [Round 10] Epoch 9/80 time=00:01.10 avg=00:01.15 ETA=01:21.67 | GPU MB alloc/reserved=279.6/1898.0
2026-04-11 16:36:22 | INFO | [Round 10] epoch=10/80 loss=1.5619 acc=41.73 val_acc=nan data_t=0.0022s batch_t=0.0902s epoch_t=00:01.11 lr=0.000962 | GPU MB alloc/reserved=279.6/1898.0
2026-04-11 16:36:22 | INFO | [Round 10] Epoch 10/80 time=00:01.11 avg=00:01.15 ETA=01:20.23 | GPU MB alloc/reserved=279.6/1898.0
2026-04-11 16:36:23 | INFO | [Round 10] epoch=11/80 loss=1.4980 acc=44.40 val_acc=nan data_t=0.0024s batch_t=0.0921s epoch_t=00:01.13 lr=0.000955 | GPU MB alloc/reserved=279.6/1898.0
2026-04-11 16:36:23 | INFO | [Round 10] Epoch 11/80 time=00:01.13 avg=00:01.15 ETA=01:19.01 | GPU MB alloc/reserved=279.6/1898.0
2026-04-11 16:36:24 | INFO | [Round 10] epoch=12/80 loss=1.4652 acc=45.40 val_acc=nan data_t=0.0021s batch_t=0.0926s epoch_t=00:01.14 lr=0.000946 | GPU MB alloc/reserved=279.6/1898.0
2026-04-11 16:36:24 | INFO | [Round 10] Epoch 12/80 time=00:01.14 avg=00:01.14 ETA=01:17.82 | GPU MB alloc/reserved=279.6/1898.0
2026-04-11 16:36:25 | INFO | [Round 10] epoch=13/80 loss=1.4696 acc=44.47 val_acc=nan data_t=0.0034s batch_t=0.0914s epoch_t=00:01.14 lr=0.000937 | GPU MB alloc/reserved=279.6/1898.0
2026-04-11 16:36:25 | INFO | [Round 10] Epoch 13/80 time=00:01.14 avg=00:01.14 ETA=01:16.64 | GPU MB alloc/reserved=279.6/1898.0
2026-04-11 16:36:26 | INFO | [Round 10] epoch=14/80 loss=1.4035 acc=47.47 val_acc=nan data_t=0.0035s batch_t=0.0905s epoch_t=00:01.13 lr=0.000927 | GPU MB alloc/reserved=279.6/1898.0
2026-04-11 16:36:26 | INFO | [Round 10] Epoch 14/80 time=00:01.13 avg=00:01.14 ETA=01:15.42 | GPU MB alloc/reserved=279.6/1898.0
2026-04-11 16:36:27 | INFO | [Round 10] epoch=15/80 loss=1.3795 acc=47.93 val_acc=nan data_t=0.0035s batch_t=0.0910s epoch_t=00:01.13 lr=0.000917 | GPU MB alloc/reserved=279.6/1898.0
2026-04-11 16:36:27 | INFO | [Round 10] Epoch 15/80 time=00:01.13 avg=00:01.14 ETA=01:14.24 | GPU MB alloc/reserved=279.6/1898.0
2026-04-11 16:36:29 | INFO | [Round 10] epoch=16/80 loss=1.3454 acc=50.13 val_acc=nan data_t=0.0035s batch_t=0.0917s epoch_t=00:01.14 lr=0.000905 | GPU MB alloc/reserved=279.6/1898.0
2026-04-11 16:36:29 | INFO | [Round 10] Epoch 16/80 time=00:01.14 avg=00:01.14 ETA=01:13.10 | GPU MB alloc/reserved=279.6/1898.0
2026-04-11 16:36:30 | INFO | [Round 10] epoch=17/80 loss=1.2747 acc=53.33 val_acc=nan data_t=0.0024s batch_t=0.0918s epoch_t=00:01.13 lr=0.000894 | GPU MB alloc/reserved=279.6/1898.0
2026-04-11 16:36:30 | INFO | [Round 10] Epoch 17/80 time=00:01.13 avg=00:01.14 ETA=01:11.92 | GPU MB alloc/reserved=279.6/1898.0
2026-04-11 16:36:31 | INFO | [Round 10] epoch=18/80 loss=1.2113 acc=54.67 val_acc=nan data_t=0.0041s batch_t=0.0925s epoch_t=00:01.16 lr=0.000881 | GPU MB alloc/reserved=279.6/1898.0
2026-04-11 16:36:31 | INFO | [Round 10] Epoch 18/80 time=00:01.16 avg=00:01.14 ETA=01:10.84 | GPU MB alloc/reserved=279.6/1898.0
2026-04-11 16:36:32 | INFO | [Round 10] epoch=19/80 loss=1.1843 acc=55.13 val_acc=nan data_t=0.0046s batch_t=0.0919s epoch_t=00:01.16 lr=0.000868 | GPU MB alloc/reserved=279.6/1898.0
2026-04-11 16:36:32 | INFO | [Round 10] Epoch 19/80 time=00:01.16 avg=00:01.14 ETA=01:09.74 | GPU MB alloc/reserved=279.6/1898.0
2026-04-11 16:36:33 | INFO | [Round 10] epoch=20/80 loss=1.1173 acc=57.07 val_acc=nan data_t=0.0037s batch_t=0.0917s epoch_t=00:01.15 lr=0.000855 | GPU MB alloc/reserved=279.6/1898.0
2026-04-11 16:36:33 | INFO | [Round 10] Epoch 20/80 time=00:01.15 avg=00:01.14 ETA=01:08.61 | GPU MB alloc/reserved=279.6/1898.0
2026-04-11 16:36:34 | INFO | [Round 10] epoch=21/80 loss=1.1304 acc=59.13 val_acc=nan data_t=0.0030s batch_t=0.0921s epoch_t=00:01.14 lr=0.000841 | GPU MB alloc/reserved=279.6/1898.0
2026-04-11 16:36:34 | INFO | [Round 10] Epoch 21/80 time=00:01.14 avg=00:01.14 ETA=01:07.46 | GPU MB alloc/reserved=279.6/1898.0
2026-04-11 16:36:35 | INFO | [Round 10] epoch=22/80 loss=1.1101 acc=58.47 val_acc=nan data_t=0.0021s batch_t=0.0915s epoch_t=00:01.12 lr=0.000826 | GPU MB alloc/reserved=279.6/1898.0
2026-04-11 16:36:35 | INFO | [Round 10] Epoch 22/80 time=00:01.12 avg=00:01.14 ETA=01:06.26 | GPU MB alloc/reserved=279.6/1898.0
2026-04-11 16:36:37 | INFO | [Round 10] epoch=23/80 loss=1.0231 acc=61.80 val_acc=nan data_t=0.0035s batch_t=0.0914s epoch_t=00:01.14 lr=0.000811 | GPU MB alloc/reserved=279.6/1898.0
2026-04-11 16:36:37 | INFO | [Round 10] Epoch 23/80 time=00:01.14 avg=00:01.14 ETA=01:05.11 | GPU MB alloc/reserved=279.6/1898.0
2026-04-11 16:36:38 | INFO | [Round 10] epoch=24/80 loss=0.9170 acc=67.87 val_acc=nan data_t=0.0037s batch_t=0.0900s epoch_t=00:01.12 lr=0.000796 | GPU MB alloc/reserved=279.6/1898.0
2026-04-11 16:36:38 | INFO | [Round 10] Epoch 24/80 time=00:01.12 avg=00:01.14 ETA=01:03.93 | GPU MB alloc/reserved=279.6/1898.0
2026-04-11 16:36:39 | INFO | [Round 10] epoch=25/80 loss=0.8830 acc=66.80 val_acc=nan data_t=0.0021s batch_t=0.0900s epoch_t=00:01.10 lr=0.000780 | GPU MB alloc/reserved=279.6/1898.0
2026-04-11 16:36:39 | INFO | [Round 10] Epoch 25/80 time=00:01.10 avg=00:01.14 ETA=01:02.70 | GPU MB alloc/reserved=279.6/1898.0
2026-04-11 16:36:40 | INFO | [Round 10] epoch=26/80 loss=0.8841 acc=65.67 val_acc=nan data_t=0.0046s batch_t=0.0910s epoch_t=00:01.15 lr=0.000764 | GPU MB alloc/reserved=279.6/1898.0
2026-04-11 16:36:40 | INFO | [Round 10] Epoch 26/80 time=00:01.15 avg=00:01.14 ETA=01:01.58 | GPU MB alloc/reserved=279.6/1898.0
2026-04-11 16:36:41 | INFO | [Round 10] epoch=27/80 loss=0.9314 acc=64.53 val_acc=nan data_t=0.0031s batch_t=0.0921s epoch_t=00:01.14 lr=0.000747 | GPU MB alloc/reserved=279.6/1898.0
2026-04-11 16:36:41 | INFO | [Round 10] Epoch 27/80 time=00:01.14 avg=00:01.14 ETA=01:00.44 | GPU MB alloc/reserved=279.6/1898.0
2026-04-11 16:36:42 | INFO | [Round 10] epoch=28/80 loss=0.9007 acc=65.93 val_acc=nan data_t=0.0044s batch_t=0.0909s epoch_t=00:01.14 lr=0.000730 | GPU MB alloc/reserved=279.6/1898.0
2026-04-11 16:36:42 | INFO | [Round 10] Epoch 28/80 time=00:01.14 avg=00:01.14 ETA=00:59.31 | GPU MB alloc/reserved=279.6/1898.0
2026-04-11 16:36:43 | INFO | [Round 10] epoch=29/80 loss=0.7610 acc=71.80 val_acc=nan data_t=0.0023s batch_t=0.0910s epoch_t=00:01.12 lr=0.000712 | GPU MB alloc/reserved=279.6/1898.0
2026-04-11 16:36:43 | INFO | [Round 10] Epoch 29/80 time=00:01.12 avg=00:01.14 ETA=00:58.13 | GPU MB alloc/reserved=279.6/1898.0
2026-04-11 16:36:44 | INFO | [Round 10] epoch=30/80 loss=0.6769 acc=74.33 val_acc=nan data_t=0.0025s batch_t=0.0900s epoch_t=00:01.11 lr=0.000694 | GPU MB alloc/reserved=279.6/1898.0
2026-04-11 16:36:44 | INFO | [Round 10] Epoch 30/80 time=00:01.11 avg=00:01.14 ETA=00:56.94 | GPU MB alloc/reserved=279.6/1898.0
2026-04-11 16:36:46 | INFO | [Round 10] epoch=31/80 loss=0.6493 acc=76.20 val_acc=nan data_t=0.0034s batch_t=0.0918s epoch_t=00:01.14 lr=0.000676 | GPU MB alloc/reserved=279.6/1898.0
2026-04-11 16:36:46 | INFO | [Round 10] Epoch 31/80 time=00:01.14 avg=00:01.14 ETA=00:55.81 | GPU MB alloc/reserved=279.6/1898.0
2026-04-11 16:36:47 | INFO | [Round 10] epoch=32/80 loss=0.6023 acc=77.60 val_acc=nan data_t=0.0034s batch_t=0.0908s epoch_t=00:01.13 lr=0.000658 | GPU MB alloc/reserved=279.6/1898.0
2026-04-11 16:36:47 | INFO | [Round 10] Epoch 32/80 time=00:01.13 avg=00:01.14 ETA=00:54.66 | GPU MB alloc/reserved=279.6/1898.0
2026-04-11 16:36:48 | INFO | [Round 10] epoch=33/80 loss=0.5786 acc=77.47 val_acc=nan data_t=0.0039s batch_t=0.0911s epoch_t=00:01.14 lr=0.000639 | GPU MB alloc/reserved=279.6/1898.0
2026-04-11 16:36:48 | INFO | [Round 10] Epoch 33/80 time=00:01.14 avg=00:01.14 ETA=00:53.52 | GPU MB alloc/reserved=279.6/1898.0
2026-04-11 16:36:49 | INFO | [Round 10] epoch=34/80 loss=0.5229 acc=81.60 val_acc=nan data_t=0.0038s batch_t=0.0916s epoch_t=00:01.14 lr=0.000621 | GPU MB alloc/reserved=279.6/1898.0
2026-04-11 16:36:49 | INFO | [Round 10] Epoch 34/80 time=00:01.14 avg=00:01.14 ETA=00:52.39 | GPU MB alloc/reserved=279.6/1898.0
2026-04-11 16:36:50 | INFO | [Round 10] epoch=35/80 loss=0.4586 acc=84.07 val_acc=nan data_t=0.0041s batch_t=0.0909s epoch_t=00:01.14 lr=0.000602 | GPU MB alloc/reserved=279.6/1898.0
2026-04-11 16:36:50 | INFO | [Round 10] Epoch 35/80 time=00:01.14 avg=00:01.14 ETA=00:51.25 | GPU MB alloc/reserved=279.6/1898.0
2026-04-11 16:36:51 | INFO | [Round 10] epoch=36/80 loss=0.4395 acc=84.20 val_acc=nan data_t=0.0022s batch_t=0.0911s epoch_t=00:01.12 lr=0.000582 | GPU MB alloc/reserved=279.6/1898.0
2026-04-11 16:36:51 | INFO | [Round 10] Epoch 36/80 time=00:01.12 avg=00:01.14 ETA=00:50.09 | GPU MB alloc/reserved=279.6/1898.0
2026-04-11 16:36:52 | INFO | [Round 10] epoch=37/80 loss=0.4292 acc=84.20 val_acc=nan data_t=0.0045s batch_t=0.0913s epoch_t=00:01.15 lr=0.000563 | GPU MB alloc/reserved=279.6/1898.0
2026-04-11 16:36:52 | INFO | [Round 10] Epoch 37/80 time=00:01.15 avg=00:01.14 ETA=00:48.96 | GPU MB alloc/reserved=279.6/1898.0
2026-04-11 16:36:54 | INFO | [Round 10] epoch=38/80 loss=0.3644 acc=86.93 val_acc=nan data_t=0.0037s batch_t=0.0904s epoch_t=00:01.13 lr=0.000544 | GPU MB alloc/reserved=279.6/1898.0
2026-04-11 16:36:54 | INFO | [Round 10] Epoch 38/80 time=00:01.13 avg=00:01.14 ETA=00:47.82 | GPU MB alloc/reserved=279.6/1898.0
2026-04-11 16:36:55 | INFO | [Round 10] epoch=39/80 loss=0.3357 acc=87.73 val_acc=nan data_t=0.0029s batch_t=0.0930s epoch_t=00:01.15 lr=0.000524 | GPU MB alloc/reserved=279.6/1898.0
2026-04-11 16:36:55 | INFO | [Round 10] Epoch 39/80 time=00:01.15 avg=00:01.14 ETA=00:46.69 | GPU MB alloc/reserved=279.6/1898.0
2026-04-11 16:36:56 | INFO | [Round 10] epoch=40/80 loss=0.2885 acc=90.20 val_acc=nan data_t=0.0028s batch_t=0.0921s epoch_t=00:01.14 lr=0.000505 | GPU MB alloc/reserved=279.6/1898.0
2026-04-11 16:36:56 | INFO | [Round 10] Epoch 40/80 time=00:01.14 avg=00:01.14 ETA=00:45.55 | GPU MB alloc/reserved=279.6/1898.0
2026-04-11 16:36:57 | INFO | [Round 10] epoch=41/80 loss=0.2750 acc=90.40 val_acc=nan data_t=0.0028s batch_t=0.0905s epoch_t=00:01.12 lr=0.000486 | GPU MB alloc/reserved=279.6/1898.0
2026-04-11 16:36:57 | INFO | [Round 10] Epoch 41/80 time=00:01.12 avg=00:01.14 ETA=00:44.39 | GPU MB alloc/reserved=279.6/1898.0
2026-04-11 16:36:58 | INFO | [Round 10] epoch=42/80 loss=0.3140 acc=88.87 val_acc=nan data_t=0.0040s batch_t=0.0910s epoch_t=00:01.14 lr=0.000466 | GPU MB alloc/reserved=279.6/1898.0
2026-04-11 16:36:58 | INFO | [Round 10] Epoch 42/80 time=00:01.14 avg=00:01.14 ETA=00:43.26 | GPU MB alloc/reserved=279.6/1898.0
2026-04-11 16:36:59 | INFO | [Round 10] epoch=43/80 loss=0.2931 acc=89.40 val_acc=nan data_t=0.0033s batch_t=0.0917s epoch_t=00:01.14 lr=0.000447 | GPU MB alloc/reserved=279.6/1898.0
2026-04-11 16:36:59 | INFO | [Round 10] Epoch 43/80 time=00:01.14 avg=00:01.14 ETA=00:42.12 | GPU MB alloc/reserved=279.6/1898.0
2026-04-11 16:37:00 | INFO | [Round 10] epoch=44/80 loss=0.2439 acc=91.80 val_acc=nan data_t=0.0022s batch_t=0.0887s epoch_t=00:01.09 lr=0.000428 | GPU MB alloc/reserved=279.6/1898.0
2026-04-11 16:37:00 | INFO | [Round 10] Epoch 44/80 time=00:01.09 avg=00:01.14 ETA=00:40.94 | GPU MB alloc/reserved=279.6/1898.0
2026-04-11 16:37:01 | INFO | [Round 10] epoch=45/80 loss=0.1840 acc=94.47 val_acc=nan data_t=0.0032s batch_t=0.0881s epoch_t=00:01.10 lr=0.000408 | GPU MB alloc/reserved=279.6/1898.0
2026-04-11 16:37:01 | INFO | [Round 10] Epoch 45/80 time=00:01.10 avg=00:01.14 ETA=00:39.77 | GPU MB alloc/reserved=279.6/1898.0
2026-04-11 16:37:03 | INFO | [Round 10] epoch=46/80 loss=0.1565 acc=95.13 val_acc=nan data_t=0.0033s batch_t=0.0830s epoch_t=00:01.04 lr=0.000389 | GPU MB alloc/reserved=279.6/1898.0
2026-04-11 16:37:03 | INFO | [Round 10] Epoch 46/80 time=00:01.04 avg=00:01.13 ETA=00:38.56 | GPU MB alloc/reserved=279.6/1898.0
2026-04-11 16:37:04 | INFO | [Round 10] epoch=47/80 loss=0.1222 acc=96.73 val_acc=nan data_t=0.0034s batch_t=0.0869s epoch_t=00:01.08 lr=0.000371 | GPU MB alloc/reserved=279.6/1898.0
2026-04-11 16:37:04 | INFO | [Round 10] Epoch 47/80 time=00:01.08 avg=00:01.13 ETA=00:37.39 | GPU MB alloc/reserved=279.6/1898.0
2026-04-11 16:37:05 | INFO | [Round 10] epoch=48/80 loss=0.1098 acc=97.60 val_acc=nan data_t=0.0033s batch_t=0.0994s epoch_t=00:01.23 lr=0.000352 | GPU MB alloc/reserved=279.6/1898.0
2026-04-11 16:37:05 | INFO | [Round 10] Epoch 48/80 time=00:01.23 avg=00:01.14 ETA=00:36.33 | GPU MB alloc/reserved=279.6/1898.0
2026-04-11 16:37:06 | INFO | [Round 10] epoch=49/80 loss=0.0966 acc=97.33 val_acc=nan data_t=0.0035s batch_t=0.0959s epoch_t=00:01.19 lr=0.000334 | GPU MB alloc/reserved=279.6/1898.0
2026-04-11 16:37:06 | INFO | [Round 10] Epoch 49/80 time=00:01.19 avg=00:01.14 ETA=00:35.23 | GPU MB alloc/reserved=279.6/1898.0
2026-04-11 16:37:07 | INFO | [Round 10] epoch=50/80 loss=0.0832 acc=98.00 val_acc=nan data_t=0.0023s batch_t=0.0993s epoch_t=00:01.22 lr=0.000316 | GPU MB alloc/reserved=279.6/1898.0
2026-04-11 16:37:07 | INFO | [Round 10] Epoch 50/80 time=00:01.22 avg=00:01.14 ETA=00:34.14 | GPU MB alloc/reserved=279.6/1898.0
2026-04-11 16:37:09 | INFO | [Round 10] epoch=51/80 loss=0.0705 acc=98.20 val_acc=nan data_t=0.0036s batch_t=0.1002s epoch_t=00:01.25 lr=0.000298 | GPU MB alloc/reserved=279.6/1898.0
2026-04-11 16:37:09 | INFO | [Round 10] Epoch 51/80 time=00:01.25 avg=00:01.14 ETA=00:33.06 | GPU MB alloc/reserved=279.6/1898.0
2026-04-11 16:37:10 | INFO | [Round 10] epoch=52/80 loss=0.0659 acc=98.40 val_acc=nan data_t=0.0022s batch_t=0.1005s epoch_t=00:01.23 lr=0.000280 | GPU MB alloc/reserved=279.6/1898.0
2026-04-11 16:37:10 | INFO | [Round 10] Epoch 52/80 time=00:01.23 avg=00:01.14 ETA=00:31.97 | GPU MB alloc/reserved=279.6/1898.0
2026-04-11 16:37:11 | INFO | [Round 10] epoch=53/80 loss=0.0641 acc=98.60 val_acc=nan data_t=0.0032s batch_t=0.1006s epoch_t=00:01.25 lr=0.000263 | GPU MB alloc/reserved=279.6/1898.0
2026-04-11 16:37:11 | INFO | [Round 10] Epoch 53/80 time=00:01.25 avg=00:01.14 ETA=00:30.88 | GPU MB alloc/reserved=279.6/1898.0
2026-04-11 16:37:12 | INFO | [Round 10] epoch=54/80 loss=0.0549 acc=98.80 val_acc=nan data_t=0.0038s batch_t=0.0722s epoch_t=00:00.91 lr=0.000246 | GPU MB alloc/reserved=279.6/1898.0
2026-04-11 16:37:12 | INFO | [Round 10] Epoch 54/80 time=00:00.91 avg=00:01.14 ETA=00:29.63 | GPU MB alloc/reserved=279.6/1898.0
2026-04-11 16:37:13 | INFO | [Round 10] epoch=55/80 loss=0.0454 acc=99.00 val_acc=nan data_t=0.0023s batch_t=0.0607s epoch_t=00:00.76 lr=0.000230 | GPU MB alloc/reserved=279.6/1898.0
2026-04-11 16:37:13 | INFO | [Round 10] Epoch 55/80 time=00:00.76 avg=00:01.13 ETA=00:28.32 | GPU MB alloc/reserved=279.6/1898.0
2026-04-11 16:37:14 | INFO | [Round 10] epoch=56/80 loss=0.0334 acc=99.60 val_acc=nan data_t=0.0030s batch_t=0.0745s epoch_t=00:00.93 lr=0.000214 | GPU MB alloc/reserved=279.6/1898.0
2026-04-11 16:37:14 | INFO | [Round 10] Epoch 56/80 time=00:00.93 avg=00:01.13 ETA=00:27.10 | GPU MB alloc/reserved=279.6/1898.0
2026-04-11 16:37:14 | INFO | [Round 10] epoch=57/80 loss=0.0302 acc=99.60 val_acc=nan data_t=0.0033s batch_t=0.0607s epoch_t=00:00.77 lr=0.000199 | GPU MB alloc/reserved=279.6/1898.0
2026-04-11 16:37:14 | INFO | [Round 10] Epoch 57/80 time=00:00.77 avg=00:01.12 ETA=00:25.82 | GPU MB alloc/reserved=279.6/1898.0
2026-04-11 16:37:15 | INFO | [Round 10] epoch=58/80 loss=0.0302 acc=99.53 val_acc=nan data_t=0.0028s batch_t=0.0718s epoch_t=00:00.89 lr=0.000184 | GPU MB alloc/reserved=279.6/1898.0
2026-04-11 16:37:15 | INFO | [Round 10] Epoch 58/80 time=00:00.89 avg=00:01.12 ETA=00:24.61 | GPU MB alloc/reserved=279.6/1898.0
2026-04-11 16:37:16 | INFO | [Round 10] epoch=59/80 loss=0.0279 acc=99.47 val_acc=nan data_t=0.0021s batch_t=0.0866s epoch_t=00:01.06 lr=0.000169 | GPU MB alloc/reserved=279.6/1898.0
2026-04-11 16:37:16 | INFO | [Round 10] Epoch 59/80 time=00:01.06 avg=00:01.12 ETA=00:23.47 | GPU MB alloc/reserved=279.6/1898.0
2026-04-11 16:37:17 | INFO | [Round 10] epoch=60/80 loss=0.0248 acc=99.73 val_acc=nan data_t=0.0041s batch_t=0.0897s epoch_t=00:01.13 lr=0.000155 | GPU MB alloc/reserved=279.6/1898.0
2026-04-11 16:37:17 | INFO | [Round 10] Epoch 60/80 time=00:01.13 avg=00:01.12 ETA=00:22.36 | GPU MB alloc/reserved=279.6/1898.0
2026-04-11 16:37:19 | INFO | [Round 10] epoch=61/80 loss=0.0191 acc=99.87 val_acc=nan data_t=0.0029s batch_t=0.0936s epoch_t=00:01.16 lr=0.000142 | GPU MB alloc/reserved=279.6/1898.0
2026-04-11 16:37:19 | INFO | [Round 10] Epoch 61/80 time=00:01.16 avg=00:01.12 ETA=00:21.25 | GPU MB alloc/reserved=279.6/1898.0
2026-04-11 16:37:20 | INFO | [Round 10] epoch=62/80 loss=0.0160 acc=100.00 val_acc=nan data_t=0.0030s batch_t=0.0909s epoch_t=00:01.13 lr=0.000129 | GPU MB alloc/reserved=279.6/1898.0
2026-04-11 16:37:20 | INFO | [Round 10] Epoch 62/80 time=00:01.13 avg=00:01.12 ETA=00:20.14 | GPU MB alloc/reserved=279.6/1898.0
2026-04-11 16:37:21 | INFO | [Round 10] epoch=63/80 loss=0.0190 acc=99.87 val_acc=nan data_t=0.0029s batch_t=0.0909s epoch_t=00:01.13 lr=0.000116 | GPU MB alloc/reserved=279.6/1898.0
2026-04-11 16:37:21 | INFO | [Round 10] Epoch 63/80 time=00:01.13 avg=00:01.12 ETA=00:19.02 | GPU MB alloc/reserved=279.6/1898.0
2026-04-11 16:37:22 | INFO | [Round 10] epoch=64/80 loss=0.0168 acc=99.73 val_acc=nan data_t=0.0027s batch_t=0.0910s epoch_t=00:01.12 lr=0.000105 | GPU MB alloc/reserved=279.6/1898.0
2026-04-11 16:37:22 | INFO | [Round 10] Epoch 64/80 time=00:01.12 avg=00:01.12 ETA=00:17.90 | GPU MB alloc/reserved=279.6/1898.0
2026-04-11 16:37:23 | INFO | [Round 10] epoch=65/80 loss=0.0205 acc=99.93 val_acc=nan data_t=0.0023s batch_t=0.0916s epoch_t=00:01.13 lr=0.000093 | GPU MB alloc/reserved=279.6/1898.0
2026-04-11 16:37:23 | INFO | [Round 10] Epoch 65/80 time=00:01.13 avg=00:01.12 ETA=00:16.79 | GPU MB alloc/reserved=279.6/1898.0
2026-04-11 16:37:24 | INFO | [Round 10] epoch=66/80 loss=0.0133 acc=100.00 val_acc=nan data_t=0.0023s batch_t=0.0904s epoch_t=00:01.11 lr=0.000083 | GPU MB alloc/reserved=279.6/1898.0
2026-04-11 16:37:24 | INFO | [Round 10] Epoch 66/80 time=00:01.11 avg=00:01.12 ETA=00:15.67 | GPU MB alloc/reserved=279.6/1898.0
2026-04-11 16:37:25 | INFO | [Round 10] epoch=67/80 loss=0.0159 acc=99.93 val_acc=nan data_t=0.0042s batch_t=0.0905s epoch_t=00:01.14 lr=0.000073 | GPU MB alloc/reserved=279.6/1898.0
2026-04-11 16:37:25 | INFO | [Round 10] Epoch 67/80 time=00:01.14 avg=00:01.12 ETA=00:14.55 | GPU MB alloc/reserved=279.6/1898.0
2026-04-11 16:37:27 | INFO | [Round 10] epoch=68/80 loss=0.0127 acc=100.00 val_acc=nan data_t=0.0022s batch_t=0.0908s epoch_t=00:01.12 lr=0.000064 | GPU MB alloc/reserved=279.6/1898.0
2026-04-11 16:37:27 | INFO | [Round 10] Epoch 68/80 time=00:01.12 avg=00:01.12 ETA=00:13.43 | GPU MB alloc/reserved=279.6/1898.0
2026-04-11 16:37:28 | INFO | [Round 10] epoch=69/80 loss=0.0127 acc=100.00 val_acc=nan data_t=0.0031s batch_t=0.0922s epoch_t=00:01.14 lr=0.000055 | GPU MB alloc/reserved=279.6/1898.0
2026-04-11 16:37:28 | INFO | [Round 10] Epoch 69/80 time=00:01.14 avg=00:01.12 ETA=00:12.32 | GPU MB alloc/reserved=279.6/1898.0
2026-04-11 16:37:29 | INFO | [Round 10] epoch=70/80 loss=0.0134 acc=99.93 val_acc=nan data_t=0.0030s batch_t=0.0927s epoch_t=00:01.15 lr=0.000048 | GPU MB alloc/reserved=279.6/1898.0
2026-04-11 16:37:29 | INFO | [Round 10] Epoch 70/80 time=00:01.15 avg=00:01.12 ETA=00:11.20 | GPU MB alloc/reserved=279.6/1898.0
2026-04-11 16:37:30 | INFO | [Round 10] epoch=71/80 loss=0.0119 acc=100.00 val_acc=nan data_t=0.0033s batch_t=0.0892s epoch_t=00:01.11 lr=0.000041 | GPU MB alloc/reserved=279.6/1898.0
2026-04-11 16:37:30 | INFO | [Round 10] Epoch 71/80 time=00:01.11 avg=00:01.12 ETA=00:10.08 | GPU MB alloc/reserved=279.6/1898.0
2026-04-11 16:37:31 | INFO | [Round 10] epoch=72/80 loss=0.0113 acc=99.87 val_acc=nan data_t=0.0041s batch_t=0.0906s epoch_t=00:01.14 lr=0.000034 | GPU MB alloc/reserved=279.6/1898.0
2026-04-11 16:37:31 | INFO | [Round 10] Epoch 72/80 time=00:01.14 avg=00:01.12 ETA=00:08.96 | GPU MB alloc/reserved=279.6/1898.0
2026-04-11 16:37:32 | INFO | [Round 10] epoch=73/80 loss=0.0132 acc=99.93 val_acc=nan data_t=0.0038s batch_t=0.0804s epoch_t=00:01.01 lr=0.000029 | GPU MB alloc/reserved=279.6/1898.0
2026-04-11 16:37:32 | INFO | [Round 10] Epoch 73/80 time=00:01.01 avg=00:01.12 ETA=00:07.83 | GPU MB alloc/reserved=279.6/1898.0
2026-04-11 16:37:33 | INFO | [Round 10] epoch=74/80 loss=0.0103 acc=100.00 val_acc=nan data_t=0.0032s batch_t=0.0897s epoch_t=00:01.12 lr=0.000024 | GPU MB alloc/reserved=279.6/1898.0
2026-04-11 16:37:33 | INFO | [Round 10] Epoch 74/80 time=00:01.12 avg=00:01.12 ETA=00:06.71 | GPU MB alloc/reserved=279.6/1898.0
2026-04-11 16:37:34 | INFO | [Round 10] epoch=75/80 loss=0.0106 acc=100.00 val_acc=nan data_t=0.0025s batch_t=0.1026s epoch_t=00:01.26 lr=0.000020 | GPU MB alloc/reserved=279.6/1898.0
2026-04-11 16:37:34 | INFO | [Round 10] Epoch 75/80 time=00:01.26 avg=00:01.12 ETA=00:05.60 | GPU MB alloc/reserved=279.6/1898.0
2026-04-11 16:37:36 | INFO | [Round 10] epoch=76/80 loss=0.0109 acc=100.00 val_acc=nan data_t=0.0026s batch_t=0.0981s epoch_t=00:01.21 lr=0.000016 | GPU MB alloc/reserved=279.6/1898.0
2026-04-11 16:37:36 | INFO | [Round 10] Epoch 76/80 time=00:01.21 avg=00:01.12 ETA=00:04.49 | GPU MB alloc/reserved=279.6/1898.0
2026-04-11 16:37:37 | INFO | [Round 10] epoch=77/80 loss=0.0092 acc=100.00 val_acc=nan data_t=0.0025s batch_t=0.1002s epoch_t=00:01.23 lr=0.000013 | GPU MB alloc/reserved=279.6/1898.0
2026-04-11 16:37:37 | INFO | [Round 10] Epoch 77/80 time=00:01.23 avg=00:01.12 ETA=00:03.37 | GPU MB alloc/reserved=279.6/1898.0
2026-04-11 16:37:38 | INFO | [Round 10] epoch=78/80 loss=0.0106 acc=100.00 val_acc=nan data_t=0.0025s batch_t=0.0998s epoch_t=00:01.23 lr=0.000012 | GPU MB alloc/reserved=279.6/1898.0
2026-04-11 16:37:38 | INFO | [Round 10] Epoch 78/80 time=00:01.23 avg=00:01.12 ETA=00:02.25 | GPU MB alloc/reserved=279.6/1898.0
2026-04-11 16:37:39 | INFO | [Round 10] epoch=79/80 loss=0.0101 acc=99.93 val_acc=nan data_t=0.0038s batch_t=0.1005s epoch_t=00:01.25 lr=0.000010 | GPU MB alloc/reserved=279.6/1898.0
2026-04-11 16:37:39 | INFO | [Round 10] Epoch 79/80 time=00:01.25 avg=00:01.13 ETA=00:01.13 | GPU MB alloc/reserved=279.6/1898.0
2026-04-11 16:37:41 | INFO | [Round 10] epoch=80/80 loss=0.0106 acc=100.00 val_acc=nan data_t=0.0036s batch_t=0.1009s epoch_t=00:01.25 lr=0.000010 | GPU MB alloc/reserved=279.6/1898.0
2026-04-11 16:37:41 | INFO | [Round 10] Epoch 80/80 time=00:01.25 avg=00:01.13 ETA=00:00.00 | GPU MB alloc/reserved=279.6/1898.0
2026-04-11 16:37:41 | INFO | [Round 10] training complete in 01:30.53 (best monitor=100.000) | GPU MB alloc/reserved=279.6/1898.0
2026-04-11 16:37:41 | INFO | [Round 10] evaluation started | GPU MB alloc/reserved=192.9/1898.0
2026-04-11 16:37:49 | INFO | [Round 10] clean=56.24 fgsm=45.22 pgd=44.88 grad_disp_mean=nan grad_disp_sel=nan round_t=100.79s | GPU MB alloc/reserved=192.9/1898.0
2026-04-11 16:37:49 | INFO | [Round 11/21] elapsed=01:40.79 avg_round=01:11.51 projected_remaining=11:55.09 | GPU MB alloc/reserved=192.9/1898.0
2026-04-11 16:37:50 | INFO | [Round 11] acquisition on pool_size=48500 scored_pool=5000 budget=100 | GPU MB alloc/reserved=104.9/1898.0
2026-04-11 16:37:50 | INFO | [CoreSet-unlabeled-feat] scoring progress 10/20 elapsed=00:00.24 avg/batch=0.024s ETA=00:00.24 | GPU MB alloc/reserved=112.9/1898.0
2026-04-11 16:37:50 | INFO | [CoreSet-unlabeled-feat] scoring progress 20/20 elapsed=00:00.38 avg/batch=0.019s ETA=00:00.00 | GPU MB alloc/reserved=116.7/1898.0
2026-04-11 16:37:50 | INFO | [CoreSet-labeled-feat] scoring progress 6/6 elapsed=00:00.23 avg/batch=0.038s ETA=00:00.00 | GPU MB alloc/reserved=120.4/1898.0
2026-04-11 16:37:50 | INFO | [CoreSet] greedy 10/100 cover_radius=18.035126 | GPU: n/a
2026-04-11 16:37:50 | INFO | [CoreSet] greedy 20/100 cover_radius=17.668716 | GPU: n/a
2026-04-11 16:37:51 | INFO | [CoreSet] greedy 30/100 cover_radius=17.277565 | GPU: n/a
2026-04-11 16:37:51 | INFO | [CoreSet] greedy 40/100 cover_radius=17.064188 | GPU: n/a
2026-04-11 16:37:51 | INFO | [CoreSet] greedy 50/100 cover_radius=16.869890 | GPU: n/a
2026-04-11 16:37:51 | INFO | [CoreSet] greedy 60/100 cover_radius=16.705559 | GPU: n/a
2026-04-11 16:37:51 | INFO | [CoreSet] greedy 70/100 cover_radius=16.623281 | GPU: n/a
2026-04-11 16:37:51 | INFO | [CoreSet] greedy 80/100 cover_radius=16.485586 | GPU: n/a
2026-04-11 16:37:51 | INFO | [CoreSet] greedy 90/100 cover_radius=16.303099 | GPU: n/a
2026-04-11 16:37:51 | INFO | [CoreSet] greedy 100/100 cover_radius=16.237221 | GPU: n/a
2026-04-11 16:37:52 | INFO | [Round 11] labeled=1600 train=1600 val_fixed=0 | GPU MB alloc/reserved=149.5/1898.0
2026-04-11 16:37:53 | INFO | [Round 11] epoch=1/80 loss=2.3092 acc=17.56 val_acc=nan data_t=0.0140s batch_t=0.0950s epoch_t=00:01.42 lr=0.001000 | GPU MB alloc/reserved=279.7/1898.0
2026-04-11 16:37:53 | INFO | [Round 11] Epoch 1/80 time=00:01.42 avg=00:01.42 ETA=01:51.89 | GPU MB alloc/reserved=279.7/1898.0
2026-04-11 16:37:55 | INFO | [Round 11] epoch=2/80 loss=2.0764 acc=24.19 val_acc=nan data_t=0.0036s batch_t=0.0904s epoch_t=00:01.22 lr=0.000998 | GPU MB alloc/reserved=279.7/1898.0
2026-04-11 16:37:55 | INFO | [Round 11] Epoch 2/80 time=00:01.22 avg=00:01.32 ETA=01:42.91 | GPU MB alloc/reserved=279.7/1898.0
2026-04-11 16:37:56 | INFO | [Round 11] epoch=3/80 loss=1.9275 acc=28.69 val_acc=nan data_t=0.0023s batch_t=0.0924s epoch_t=00:01.23 lr=0.000997 | GPU MB alloc/reserved=279.7/1898.0
2026-04-11 16:37:56 | INFO | [Round 11] Epoch 3/80 time=00:01.23 avg=00:01.29 ETA=01:39.32 | GPU MB alloc/reserved=279.7/1898.0
2026-04-11 16:37:57 | INFO | [Round 11] epoch=4/80 loss=1.8386 acc=29.81 val_acc=nan data_t=0.0022s batch_t=0.0897s epoch_t=00:01.20 lr=0.000994 | GPU MB alloc/reserved=279.7/1898.0
2026-04-11 16:37:57 | INFO | [Round 11] Epoch 4/80 time=00:01.20 avg=00:01.27 ETA=01:36.24 | GPU MB alloc/reserved=279.7/1898.0
2026-04-11 16:37:58 | INFO | [Round 11] epoch=5/80 loss=1.7856 acc=33.50 val_acc=nan data_t=0.0035s batch_t=0.0901s epoch_t=00:01.22 lr=0.000990 | GPU MB alloc/reserved=279.7/1898.0
2026-04-11 16:37:58 | INFO | [Round 11] Epoch 5/80 time=00:01.22 avg=00:01.26 ETA=01:34.23 | GPU MB alloc/reserved=279.7/1898.0
2026-04-11 16:37:59 | INFO | [Round 11] epoch=6/80 loss=1.7514 acc=33.12 val_acc=nan data_t=0.0024s batch_t=0.0900s epoch_t=00:01.20 lr=0.000986 | GPU MB alloc/reserved=279.7/1898.0
2026-04-11 16:37:59 | INFO | [Round 11] Epoch 6/80 time=00:01.20 avg=00:01.25 ETA=01:32.30 | GPU MB alloc/reserved=279.7/1898.0
2026-04-11 16:38:01 | INFO | [Round 11] epoch=7/80 loss=1.6967 acc=35.88 val_acc=nan data_t=0.0042s batch_t=0.0908s epoch_t=00:01.24 lr=0.000981 | GPU MB alloc/reserved=279.7/1898.0
2026-04-11 16:38:01 | INFO | [Round 11] Epoch 7/80 time=00:01.24 avg=00:01.25 ETA=01:30.93 | GPU MB alloc/reserved=279.7/1898.0
2026-04-11 16:38:02 | INFO | [Round 11] epoch=8/80 loss=1.6430 acc=38.44 val_acc=nan data_t=0.0030s batch_t=0.0901s epoch_t=00:01.21 lr=0.000976 | GPU MB alloc/reserved=279.7/1898.0
2026-04-11 16:38:02 | INFO | [Round 11] Epoch 8/80 time=00:01.21 avg=00:01.24 ETA=01:29.37 | GPU MB alloc/reserved=279.7/1898.0
2026-04-11 16:38:03 | INFO | [Round 11] epoch=9/80 loss=1.5816 acc=41.06 val_acc=nan data_t=0.0036s batch_t=0.0895s epoch_t=00:01.21 lr=0.000969 | GPU MB alloc/reserved=279.7/1898.0
2026-04-11 16:38:03 | INFO | [Round 11] Epoch 9/80 time=00:01.21 avg=00:01.24 ETA=01:27.88 | GPU MB alloc/reserved=279.7/1898.0
2026-04-11 16:38:04 | INFO | [Round 11] epoch=10/80 loss=1.5150 acc=42.81 val_acc=nan data_t=0.0021s batch_t=0.0890s epoch_t=00:01.18 lr=0.000962 | GPU MB alloc/reserved=279.7/1898.0
2026-04-11 16:38:04 | INFO | [Round 11] Epoch 10/80 time=00:01.18 avg=00:01.23 ETA=01:26.27 | GPU MB alloc/reserved=279.7/1898.0
2026-04-11 16:38:06 | INFO | [Round 11] epoch=11/80 loss=1.5217 acc=43.69 val_acc=nan data_t=0.0038s batch_t=0.0892s epoch_t=00:01.21 lr=0.000955 | GPU MB alloc/reserved=279.7/1898.0
2026-04-11 16:38:06 | INFO | [Round 11] Epoch 11/80 time=00:01.21 avg=00:01.23 ETA=01:24.89 | GPU MB alloc/reserved=279.7/1898.0
2026-04-11 16:38:07 | INFO | [Round 11] epoch=12/80 loss=1.5233 acc=43.19 val_acc=nan data_t=0.0019s batch_t=0.0898s epoch_t=00:01.19 lr=0.000946 | GPU MB alloc/reserved=279.7/1898.0
2026-04-11 16:38:07 | INFO | [Round 11] Epoch 12/80 time=00:01.19 avg=00:01.23 ETA=01:23.45 | GPU MB alloc/reserved=279.7/1898.0
2026-04-11 16:38:08 | INFO | [Round 11] epoch=13/80 loss=1.3943 acc=47.75 val_acc=nan data_t=0.0032s batch_t=0.0896s epoch_t=00:01.21 lr=0.000937 | GPU MB alloc/reserved=279.7/1898.0
2026-04-11 16:38:08 | INFO | [Round 11] Epoch 13/80 time=00:01.21 avg=00:01.23 ETA=01:22.12 | GPU MB alloc/reserved=279.7/1898.0
2026-04-11 16:38:09 | INFO | [Round 11] epoch=14/80 loss=1.3999 acc=47.31 val_acc=nan data_t=0.0024s batch_t=0.0911s epoch_t=00:01.22 lr=0.000927 | GPU MB alloc/reserved=279.7/1898.0
2026-04-11 16:38:09 | INFO | [Round 11] Epoch 14/80 time=00:01.22 avg=00:01.22 ETA=01:20.84 | GPU MB alloc/reserved=279.7/1898.0
2026-04-11 16:38:10 | INFO | [Round 11] epoch=15/80 loss=1.3475 acc=48.00 val_acc=nan data_t=0.0032s batch_t=0.0897s epoch_t=00:01.21 lr=0.000917 | GPU MB alloc/reserved=279.7/1898.0
2026-04-11 16:38:10 | INFO | [Round 11] Epoch 15/80 time=00:01.21 avg=00:01.22 ETA=01:19.55 | GPU MB alloc/reserved=279.7/1898.0
2026-04-11 16:38:12 | INFO | [Round 11] epoch=16/80 loss=1.3011 acc=52.06 val_acc=nan data_t=0.0023s batch_t=0.0893s epoch_t=00:01.19 lr=0.000905 | GPU MB alloc/reserved=279.7/1898.0
2026-04-11 16:38:12 | INFO | [Round 11] Epoch 16/80 time=00:01.19 avg=00:01.22 ETA=01:18.19 | GPU MB alloc/reserved=279.7/1898.0
2026-04-11 16:38:13 | INFO | [Round 11] epoch=17/80 loss=1.2928 acc=52.25 val_acc=nan data_t=0.0033s batch_t=0.0886s epoch_t=00:01.20 lr=0.000894 | GPU MB alloc/reserved=279.7/1898.0
2026-04-11 16:38:13 | INFO | [Round 11] Epoch 17/80 time=00:01.20 avg=00:01.22 ETA=01:16.87 | GPU MB alloc/reserved=279.7/1898.0
2026-04-11 16:38:14 | INFO | [Round 11] epoch=18/80 loss=1.2448 acc=52.12 val_acc=nan data_t=0.0021s batch_t=0.0897s epoch_t=00:01.19 lr=0.000881 | GPU MB alloc/reserved=279.7/1898.0
2026-04-11 16:38:14 | INFO | [Round 11] Epoch 18/80 time=00:01.19 avg=00:01.22 ETA=01:15.55 | GPU MB alloc/reserved=279.7/1898.0
2026-04-11 16:38:15 | INFO | [Round 11] epoch=19/80 loss=1.1828 acc=54.94 val_acc=nan data_t=0.0021s batch_t=0.0894s epoch_t=00:01.19 lr=0.000868 | GPU MB alloc/reserved=279.7/1898.0
2026-04-11 16:38:15 | INFO | [Round 11] Epoch 19/80 time=00:01.19 avg=00:01.22 ETA=01:14.24 | GPU MB alloc/reserved=279.7/1898.0
2026-04-11 16:38:16 | INFO | [Round 11] epoch=20/80 loss=1.1734 acc=55.94 val_acc=nan data_t=0.0038s batch_t=0.0890s epoch_t=00:01.21 lr=0.000855 | GPU MB alloc/reserved=279.7/1898.0
2026-04-11 16:38:16 | INFO | [Round 11] Epoch 20/80 time=00:01.21 avg=00:01.22 ETA=01:12.99 | GPU MB alloc/reserved=279.7/1898.0
2026-04-11 16:38:18 | INFO | [Round 11] epoch=21/80 loss=1.1037 acc=57.69 val_acc=nan data_t=0.0033s batch_t=0.0885s epoch_t=00:01.20 lr=0.000841 | GPU MB alloc/reserved=279.7/1898.0
2026-04-11 16:38:18 | INFO | [Round 11] Epoch 21/80 time=00:01.20 avg=00:01.22 ETA=01:11.72 | GPU MB alloc/reserved=279.7/1898.0
2026-04-11 16:38:19 | INFO | [Round 11] epoch=22/80 loss=0.9954 acc=62.94 val_acc=nan data_t=0.0023s batch_t=0.0906s epoch_t=00:01.21 lr=0.000826 | GPU MB alloc/reserved=279.7/1898.0
2026-04-11 16:38:19 | INFO | [Round 11] Epoch 22/80 time=00:01.21 avg=00:01.22 ETA=01:10.48 | GPU MB alloc/reserved=279.7/1898.0
2026-04-11 16:38:20 | INFO | [Round 11] epoch=23/80 loss=0.9620 acc=63.62 val_acc=nan data_t=0.0021s batch_t=0.0878s epoch_t=00:01.17 lr=0.000811 | GPU MB alloc/reserved=279.7/1898.0
2026-04-11 16:38:20 | INFO | [Round 11] Epoch 23/80 time=00:01.17 avg=00:01.21 ETA=01:09.15 | GPU MB alloc/reserved=279.7/1898.0
2026-04-11 16:38:21 | INFO | [Round 11] epoch=24/80 loss=0.9412 acc=65.19 val_acc=nan data_t=0.0024s batch_t=0.0893s epoch_t=00:01.19 lr=0.000796 | GPU MB alloc/reserved=279.7/1898.0
2026-04-11 16:38:21 | INFO | [Round 11] Epoch 24/80 time=00:01.19 avg=00:01.21 ETA=01:07.89 | GPU MB alloc/reserved=279.7/1898.0
2026-04-11 16:38:22 | INFO | [Round 11] epoch=25/80 loss=0.9126 acc=65.31 val_acc=nan data_t=0.0025s batch_t=0.0903s epoch_t=00:01.21 lr=0.000780 | GPU MB alloc/reserved=279.7/1898.0
2026-04-11 16:38:22 | INFO | [Round 11] Epoch 25/80 time=00:01.21 avg=00:01.21 ETA=01:06.67 | GPU MB alloc/reserved=279.7/1898.0
2026-04-11 16:38:24 | INFO | [Round 11] epoch=26/80 loss=0.8564 acc=68.25 val_acc=nan data_t=0.0025s batch_t=0.0896s epoch_t=00:01.20 lr=0.000764 | GPU MB alloc/reserved=279.7/1898.0
2026-04-11 16:38:24 | INFO | [Round 11] Epoch 26/80 time=00:01.20 avg=00:01.21 ETA=01:05.42 | GPU MB alloc/reserved=279.7/1898.0
2026-04-11 16:38:25 | INFO | [Round 11] epoch=27/80 loss=0.8072 acc=70.00 val_acc=nan data_t=0.0026s batch_t=0.0892s epoch_t=00:01.19 lr=0.000747 | GPU MB alloc/reserved=279.7/1898.0
2026-04-11 16:38:25 | INFO | [Round 11] Epoch 27/80 time=00:01.19 avg=00:01.21 ETA=01:04.18 | GPU MB alloc/reserved=279.7/1898.0
2026-04-11 16:38:26 | INFO | [Round 11] epoch=28/80 loss=0.7620 acc=70.69 val_acc=nan data_t=0.0035s batch_t=0.0893s epoch_t=00:01.21 lr=0.000730 | GPU MB alloc/reserved=279.7/1898.0
2026-04-11 16:38:26 | INFO | [Round 11] Epoch 28/80 time=00:01.21 avg=00:01.21 ETA=01:02.96 | GPU MB alloc/reserved=279.7/1898.0
2026-04-11 16:38:27 | INFO | [Round 11] epoch=29/80 loss=0.7582 acc=71.69 val_acc=nan data_t=0.0023s batch_t=0.0898s epoch_t=00:01.20 lr=0.000712 | GPU MB alloc/reserved=279.7/1898.0
2026-04-11 16:38:27 | INFO | [Round 11] Epoch 29/80 time=00:01.20 avg=00:01.21 ETA=01:01.72 | GPU MB alloc/reserved=279.7/1898.0
2026-04-11 16:38:28 | INFO | [Round 11] epoch=30/80 loss=0.7224 acc=71.75 val_acc=nan data_t=0.0033s batch_t=0.0895s epoch_t=00:01.21 lr=0.000694 | GPU MB alloc/reserved=279.7/1898.0
2026-04-11 16:38:28 | INFO | [Round 11] Epoch 30/80 time=00:01.21 avg=00:01.21 ETA=01:00.51 | GPU MB alloc/reserved=279.7/1898.0
2026-04-11 16:38:30 | INFO | [Round 11] epoch=31/80 loss=0.6459 acc=76.50 val_acc=nan data_t=0.0021s batch_t=0.0914s epoch_t=00:01.21 lr=0.000676 | GPU MB alloc/reserved=279.7/1898.0
2026-04-11 16:38:30 | INFO | [Round 11] Epoch 31/80 time=00:01.21 avg=00:01.21 ETA=00:59.30 | GPU MB alloc/reserved=279.7/1898.0
2026-04-11 16:38:31 | INFO | [Round 11] epoch=32/80 loss=0.6380 acc=77.69 val_acc=nan data_t=0.0033s batch_t=0.0884s epoch_t=00:01.19 lr=0.000658 | GPU MB alloc/reserved=279.7/1898.0
2026-04-11 16:38:31 | INFO | [Round 11] Epoch 32/80 time=00:01.19 avg=00:01.21 ETA=00:58.07 | GPU MB alloc/reserved=279.7/1898.0
2026-04-11 16:38:32 | INFO | [Round 11] epoch=33/80 loss=0.5416 acc=81.06 val_acc=nan data_t=0.0020s batch_t=0.0897s epoch_t=00:01.19 lr=0.000639 | GPU MB alloc/reserved=279.7/1898.0
2026-04-11 16:38:32 | INFO | [Round 11] Epoch 33/80 time=00:01.19 avg=00:01.21 ETA=00:56.83 | GPU MB alloc/reserved=279.7/1898.0
2026-04-11 16:38:33 | INFO | [Round 11] epoch=34/80 loss=0.5473 acc=79.38 val_acc=nan data_t=0.0040s batch_t=0.0891s epoch_t=00:01.21 lr=0.000621 | GPU MB alloc/reserved=279.7/1898.0
2026-04-11 16:38:33 | INFO | [Round 11] Epoch 34/80 time=00:01.21 avg=00:01.21 ETA=00:55.63 | GPU MB alloc/reserved=279.7/1898.0
2026-04-11 16:38:34 | INFO | [Round 11] epoch=35/80 loss=0.4680 acc=83.31 val_acc=nan data_t=0.0024s batch_t=0.0892s epoch_t=00:01.19 lr=0.000602 | GPU MB alloc/reserved=279.7/1898.0
2026-04-11 16:38:34 | INFO | [Round 11] Epoch 35/80 time=00:01.19 avg=00:01.21 ETA=00:54.39 | GPU MB alloc/reserved=279.7/1898.0
2026-04-11 16:38:36 | INFO | [Round 11] epoch=36/80 loss=0.4424 acc=83.19 val_acc=nan data_t=0.0024s batch_t=0.0895s epoch_t=00:01.20 lr=0.000582 | GPU MB alloc/reserved=279.7/1898.0
2026-04-11 16:38:36 | INFO | [Round 11] Epoch 36/80 time=00:01.20 avg=00:01.21 ETA=00:53.17 | GPU MB alloc/reserved=279.7/1898.0
2026-04-11 16:38:37 | INFO | [Round 11] epoch=37/80 loss=0.4299 acc=83.56 val_acc=nan data_t=0.0025s batch_t=0.0886s epoch_t=00:01.19 lr=0.000563 | GPU MB alloc/reserved=279.7/1898.0
2026-04-11 16:38:37 | INFO | [Round 11] Epoch 37/80 time=00:01.19 avg=00:01.21 ETA=00:51.93 | GPU MB alloc/reserved=279.7/1898.0
2026-04-11 16:38:38 | INFO | [Round 11] epoch=38/80 loss=0.4227 acc=84.56 val_acc=nan data_t=0.0021s batch_t=0.0897s epoch_t=00:01.19 lr=0.000544 | GPU MB alloc/reserved=279.7/1898.0
2026-04-11 16:38:38 | INFO | [Round 11] Epoch 38/80 time=00:01.19 avg=00:01.21 ETA=00:50.71 | GPU MB alloc/reserved=279.7/1898.0
2026-04-11 16:38:39 | INFO | [Round 11] epoch=39/80 loss=0.3718 acc=86.12 val_acc=nan data_t=0.0025s batch_t=0.0890s epoch_t=00:01.19 lr=0.000524 | GPU MB alloc/reserved=279.7/1898.0
2026-04-11 16:38:39 | INFO | [Round 11] Epoch 39/80 time=00:01.19 avg=00:01.21 ETA=00:49.48 | GPU MB alloc/reserved=279.7/1898.0
2026-04-11 16:38:40 | INFO | [Round 11] epoch=40/80 loss=0.3328 acc=87.62 val_acc=nan data_t=0.0022s batch_t=0.0892s epoch_t=00:01.19 lr=0.000505 | GPU MB alloc/reserved=279.7/1898.0
2026-04-11 16:38:40 | INFO | [Round 11] Epoch 40/80 time=00:01.19 avg=00:01.21 ETA=00:48.26 | GPU MB alloc/reserved=279.7/1898.0
2026-04-11 16:38:42 | INFO | [Round 11] epoch=41/80 loss=0.2878 acc=90.50 val_acc=nan data_t=0.0024s batch_t=0.0896s epoch_t=00:01.20 lr=0.000486 | GPU MB alloc/reserved=279.7/1898.0
2026-04-11 16:38:42 | INFO | [Round 11] Epoch 41/80 time=00:01.20 avg=00:01.21 ETA=00:47.04 | GPU MB alloc/reserved=279.7/1898.0
2026-04-11 16:38:43 | INFO | [Round 11] epoch=42/80 loss=0.2595 acc=91.81 val_acc=nan data_t=0.0033s batch_t=0.0898s epoch_t=00:01.21 lr=0.000466 | GPU MB alloc/reserved=279.7/1898.0
2026-04-11 16:38:43 | INFO | [Round 11] Epoch 42/80 time=00:01.21 avg=00:01.21 ETA=00:45.84 | GPU MB alloc/reserved=279.7/1898.0
2026-04-11 16:38:44 | INFO | [Round 11] epoch=43/80 loss=0.2313 acc=92.38 val_acc=nan data_t=0.0021s batch_t=0.0884s epoch_t=00:01.18 lr=0.000447 | GPU MB alloc/reserved=279.7/1898.0
2026-04-11 16:38:44 | INFO | [Round 11] Epoch 43/80 time=00:01.18 avg=00:01.21 ETA=00:44.61 | GPU MB alloc/reserved=279.7/1898.0
2026-04-11 16:38:45 | INFO | [Round 11] epoch=44/80 loss=0.2122 acc=93.12 val_acc=nan data_t=0.0022s batch_t=0.0886s epoch_t=00:01.18 lr=0.000428 | GPU MB alloc/reserved=279.7/1898.0
2026-04-11 16:38:45 | INFO | [Round 11] Epoch 44/80 time=00:01.18 avg=00:01.21 ETA=00:43.38 | GPU MB alloc/reserved=279.7/1898.0
2026-04-11 16:38:46 | INFO | [Round 11] epoch=45/80 loss=0.2220 acc=92.69 val_acc=nan data_t=0.0031s batch_t=0.0900s epoch_t=00:01.21 lr=0.000408 | GPU MB alloc/reserved=279.7/1898.0
2026-04-11 16:38:46 | INFO | [Round 11] Epoch 45/80 time=00:01.21 avg=00:01.21 ETA=00:42.18 | GPU MB alloc/reserved=279.7/1898.0
2026-04-11 16:38:48 | INFO | [Round 11] epoch=46/80 loss=0.1853 acc=93.69 val_acc=nan data_t=0.0033s batch_t=0.0899s epoch_t=00:01.21 lr=0.000389 | GPU MB alloc/reserved=279.7/1898.0
2026-04-11 16:38:48 | INFO | [Round 11] Epoch 46/80 time=00:01.21 avg=00:01.21 ETA=00:40.98 | GPU MB alloc/reserved=279.7/1898.0
2026-04-11 16:38:49 | INFO | [Round 11] epoch=47/80 loss=0.1557 acc=95.12 val_acc=nan data_t=0.0026s batch_t=0.0897s epoch_t=00:01.20 lr=0.000371 | GPU MB alloc/reserved=279.7/1898.0
2026-04-11 16:38:49 | INFO | [Round 11] Epoch 47/80 time=00:01.20 avg=00:01.21 ETA=00:39.77 | GPU MB alloc/reserved=279.7/1898.0
2026-04-11 16:38:50 | INFO | [Round 11] epoch=48/80 loss=0.1425 acc=95.44 val_acc=nan data_t=0.0027s batch_t=0.0804s epoch_t=00:01.08 lr=0.000352 | GPU MB alloc/reserved=279.7/1898.0
2026-04-11 16:38:50 | INFO | [Round 11] Epoch 48/80 time=00:01.08 avg=00:01.20 ETA=00:38.48 | GPU MB alloc/reserved=279.7/1898.0
2026-04-11 16:38:51 | INFO | [Round 11] epoch=49/80 loss=0.0976 acc=97.31 val_acc=nan data_t=0.0031s batch_t=0.0903s epoch_t=00:01.21 lr=0.000334 | GPU MB alloc/reserved=279.7/1898.0
2026-04-11 16:38:51 | INFO | [Round 11] Epoch 49/80 time=00:01.21 avg=00:01.20 ETA=00:37.29 | GPU MB alloc/reserved=279.7/1898.0
2026-04-11 16:38:52 | INFO | [Round 11] epoch=50/80 loss=0.0898 acc=97.38 val_acc=nan data_t=0.0030s batch_t=0.0993s epoch_t=00:01.33 lr=0.000316 | GPU MB alloc/reserved=279.7/1898.0
2026-04-11 16:38:52 | INFO | [Round 11] Epoch 50/80 time=00:01.33 avg=00:01.21 ETA=00:36.16 | GPU MB alloc/reserved=279.7/1898.0
2026-04-11 16:38:54 | INFO | [Round 11] epoch=51/80 loss=0.0793 acc=97.56 val_acc=nan data_t=0.0023s batch_t=0.0958s epoch_t=00:01.28 lr=0.000298 | GPU MB alloc/reserved=279.7/1898.0
2026-04-11 16:38:54 | INFO | [Round 11] Epoch 51/80 time=00:01.28 avg=00:01.21 ETA=00:35.00 | GPU MB alloc/reserved=279.7/1898.0
2026-04-11 16:38:55 | INFO | [Round 11] epoch=52/80 loss=0.0786 acc=98.00 val_acc=nan data_t=0.0041s batch_t=0.0980s epoch_t=00:01.33 lr=0.000280 | GPU MB alloc/reserved=279.7/1898.0
2026-04-11 16:38:55 | INFO | [Round 11] Epoch 52/80 time=00:01.33 avg=00:01.21 ETA=00:33.85 | GPU MB alloc/reserved=279.7/1898.0
2026-04-11 16:38:56 | INFO | [Round 11] epoch=53/80 loss=0.0569 acc=98.62 val_acc=nan data_t=0.0035s batch_t=0.0990s epoch_t=00:01.33 lr=0.000263 | GPU MB alloc/reserved=279.7/1898.0
2026-04-11 16:38:56 | INFO | [Round 11] Epoch 53/80 time=00:01.33 avg=00:01.21 ETA=00:32.71 | GPU MB alloc/reserved=279.7/1898.0
2026-04-11 16:38:58 | INFO | [Round 11] epoch=54/80 loss=0.0479 acc=99.12 val_acc=nan data_t=0.0021s batch_t=0.0989s epoch_t=00:01.31 lr=0.000246 | GPU MB alloc/reserved=279.7/1898.0
2026-04-11 16:38:58 | INFO | [Round 11] Epoch 54/80 time=00:01.31 avg=00:01.21 ETA=00:31.55 | GPU MB alloc/reserved=279.7/1898.0
2026-04-11 16:38:59 | INFO | [Round 11] epoch=55/80 loss=0.0463 acc=99.25 val_acc=nan data_t=0.0021s batch_t=0.0904s epoch_t=00:01.20 lr=0.000230 | GPU MB alloc/reserved=279.7/1898.0
2026-04-11 16:38:59 | INFO | [Round 11] Epoch 55/80 time=00:01.20 avg=00:01.21 ETA=00:30.33 | GPU MB alloc/reserved=279.7/1898.0
2026-04-11 16:39:00 | INFO | [Round 11] epoch=56/80 loss=0.0347 acc=99.44 val_acc=nan data_t=0.0028s batch_t=0.0594s epoch_t=00:00.81 lr=0.000214 | GPU MB alloc/reserved=279.7/1898.0
2026-04-11 16:39:00 | INFO | [Round 11] Epoch 56/80 time=00:00.81 avg=00:01.21 ETA=00:28.94 | GPU MB alloc/reserved=279.7/1898.0
2026-04-11 16:39:01 | INFO | [Round 11] epoch=57/80 loss=0.0354 acc=99.44 val_acc=nan data_t=0.0033s batch_t=0.0735s epoch_t=00:01.00 lr=0.000199 | GPU MB alloc/reserved=279.7/1898.0
2026-04-11 16:39:01 | INFO | [Round 11] Epoch 57/80 time=00:01.00 avg=00:01.20 ETA=00:27.65 | GPU MB alloc/reserved=279.7/1898.0
2026-04-11 16:39:02 | INFO | [Round 11] epoch=58/80 loss=0.0342 acc=99.50 val_acc=nan data_t=0.0038s batch_t=0.0609s epoch_t=00:00.84 lr=0.000184 | GPU MB alloc/reserved=279.7/1898.0
2026-04-11 16:39:02 | INFO | [Round 11] Epoch 58/80 time=00:00.84 avg=00:01.20 ETA=00:26.31 | GPU MB alloc/reserved=279.7/1898.0
2026-04-11 16:39:02 | INFO | [Round 11] epoch=59/80 loss=0.0271 acc=99.69 val_acc=nan data_t=0.0023s batch_t=0.0600s epoch_t=00:00.81 lr=0.000169 | GPU MB alloc/reserved=279.7/1898.0
2026-04-11 16:39:02 | INFO | [Round 11] Epoch 59/80 time=00:00.81 avg=00:01.19 ETA=00:24.98 | GPU MB alloc/reserved=279.7/1898.0
2026-04-11 16:39:04 | INFO | [Round 11] epoch=60/80 loss=0.0314 acc=99.44 val_acc=nan data_t=0.0020s batch_t=0.0898s epoch_t=00:01.19 lr=0.000155 | GPU MB alloc/reserved=279.7/1898.0
2026-04-11 16:39:04 | INFO | [Round 11] Epoch 60/80 time=00:01.19 avg=00:01.19 ETA=00:23.79 | GPU MB alloc/reserved=279.7/1898.0
2026-04-11 16:39:05 | INFO | [Round 11] epoch=61/80 loss=0.0241 acc=99.69 val_acc=nan data_t=0.0029s batch_t=0.0843s epoch_t=00:01.13 lr=0.000142 | GPU MB alloc/reserved=279.7/1898.0
2026-04-11 16:39:05 | INFO | [Round 11] Epoch 61/80 time=00:01.13 avg=00:01.19 ETA=00:22.58 | GPU MB alloc/reserved=279.7/1898.0
2026-04-11 16:39:06 | INFO | [Round 11] epoch=62/80 loss=0.0166 acc=99.94 val_acc=nan data_t=0.0049s batch_t=0.0876s epoch_t=00:01.20 lr=0.000129 | GPU MB alloc/reserved=279.7/1898.0
2026-04-11 16:39:06 | INFO | [Round 11] Epoch 62/80 time=00:01.20 avg=00:01.19 ETA=00:21.40 | GPU MB alloc/reserved=279.7/1898.0
2026-04-11 16:39:07 | INFO | [Round 11] epoch=63/80 loss=0.0227 acc=99.69 val_acc=nan data_t=0.0029s batch_t=0.0894s epoch_t=00:01.20 lr=0.000116 | GPU MB alloc/reserved=279.7/1898.0
2026-04-11 16:39:07 | INFO | [Round 11] Epoch 63/80 time=00:01.20 avg=00:01.19 ETA=00:20.21 | GPU MB alloc/reserved=279.7/1898.0
2026-04-11 16:39:08 | INFO | [Round 11] epoch=64/80 loss=0.0154 acc=99.94 val_acc=nan data_t=0.0033s batch_t=0.0892s epoch_t=00:01.20 lr=0.000105 | GPU MB alloc/reserved=279.7/1898.0
2026-04-11 16:39:08 | INFO | [Round 11] Epoch 64/80 time=00:01.20 avg=00:01.19 ETA=00:19.03 | GPU MB alloc/reserved=279.7/1898.0
2026-04-11 16:39:10 | INFO | [Round 11] epoch=65/80 loss=0.0156 acc=99.94 val_acc=nan data_t=0.0027s batch_t=0.0895s epoch_t=00:01.20 lr=0.000093 | GPU MB alloc/reserved=279.7/1898.0
2026-04-11 16:39:10 | INFO | [Round 11] Epoch 65/80 time=00:01.20 avg=00:01.19 ETA=00:17.84 | GPU MB alloc/reserved=279.7/1898.0
2026-04-11 16:39:11 | INFO | [Round 11] epoch=66/80 loss=0.0186 acc=99.69 val_acc=nan data_t=0.0044s batch_t=0.0882s epoch_t=00:01.20 lr=0.000083 | GPU MB alloc/reserved=279.7/1898.0
2026-04-11 16:39:11 | INFO | [Round 11] Epoch 66/80 time=00:01.20 avg=00:01.19 ETA=00:16.66 | GPU MB alloc/reserved=279.7/1898.0
2026-04-11 16:39:12 | INFO | [Round 11] epoch=67/80 loss=0.0135 acc=99.88 val_acc=nan data_t=0.0027s batch_t=0.0900s epoch_t=00:01.20 lr=0.000073 | GPU MB alloc/reserved=279.7/1898.0
2026-04-11 16:39:12 | INFO | [Round 11] Epoch 67/80 time=00:01.20 avg=00:01.19 ETA=00:15.47 | GPU MB alloc/reserved=279.7/1898.0
2026-04-11 16:39:13 | INFO | [Round 11] epoch=68/80 loss=0.0177 acc=99.94 val_acc=nan data_t=0.0022s batch_t=0.0896s epoch_t=00:01.19 lr=0.000064 | GPU MB alloc/reserved=279.7/1898.0
2026-04-11 16:39:13 | INFO | [Round 11] Epoch 68/80 time=00:01.19 avg=00:01.19 ETA=00:14.28 | GPU MB alloc/reserved=279.7/1898.0
2026-04-11 16:39:14 | INFO | [Round 11] epoch=69/80 loss=0.0148 acc=99.94 val_acc=nan data_t=0.0032s batch_t=0.0884s epoch_t=00:01.19 lr=0.000055 | GPU MB alloc/reserved=279.7/1898.0
2026-04-11 16:39:14 | INFO | [Round 11] Epoch 69/80 time=00:01.19 avg=00:01.19 ETA=00:13.09 | GPU MB alloc/reserved=279.7/1898.0
2026-04-11 16:39:16 | INFO | [Round 11] epoch=70/80 loss=0.0136 acc=99.81 val_acc=nan data_t=0.0020s batch_t=0.0907s epoch_t=00:01.20 lr=0.000048 | GPU MB alloc/reserved=279.7/1898.0
2026-04-11 16:39:16 | INFO | [Round 11] Epoch 70/80 time=00:01.20 avg=00:01.19 ETA=00:11.90 | GPU MB alloc/reserved=279.7/1898.0
2026-04-11 16:39:17 | INFO | [Round 11] epoch=71/80 loss=0.0145 acc=99.88 val_acc=nan data_t=0.0031s batch_t=0.0910s epoch_t=00:01.22 lr=0.000041 | GPU MB alloc/reserved=279.7/1898.0
2026-04-11 16:39:17 | INFO | [Round 11] Epoch 71/80 time=00:01.22 avg=00:01.19 ETA=00:10.72 | GPU MB alloc/reserved=279.7/1898.0
2026-04-11 16:39:18 | INFO | [Round 11] epoch=72/80 loss=0.0133 acc=99.88 val_acc=nan data_t=0.0030s batch_t=0.0909s epoch_t=00:01.22 lr=0.000034 | GPU MB alloc/reserved=279.7/1898.0
2026-04-11 16:39:18 | INFO | [Round 11] Epoch 72/80 time=00:01.22 avg=00:01.19 ETA=00:09.53 | GPU MB alloc/reserved=279.7/1898.0
2026-04-11 16:39:19 | INFO | [Round 11] epoch=73/80 loss=0.0120 acc=99.94 val_acc=nan data_t=0.0022s batch_t=0.0900s epoch_t=00:01.20 lr=0.000029 | GPU MB alloc/reserved=279.7/1898.0
2026-04-11 16:39:19 | INFO | [Round 11] Epoch 73/80 time=00:01.20 avg=00:01.19 ETA=00:08.34 | GPU MB alloc/reserved=279.7/1898.0
2026-04-11 16:39:20 | INFO | [Round 11] epoch=74/80 loss=0.0143 acc=99.81 val_acc=nan data_t=0.0030s batch_t=0.0741s epoch_t=00:01.00 lr=0.000024 | GPU MB alloc/reserved=279.7/1898.0
2026-04-11 16:39:20 | INFO | [Round 11] Epoch 74/80 time=00:01.00 avg=00:01.19 ETA=00:07.13 | GPU MB alloc/reserved=279.7/1898.0
2026-04-11 16:39:21 | INFO | [Round 11] epoch=75/80 loss=0.0124 acc=99.94 val_acc=nan data_t=0.0021s batch_t=0.0963s epoch_t=00:01.28 lr=0.000020 | GPU MB alloc/reserved=279.7/1898.0
2026-04-11 16:39:21 | INFO | [Round 11] Epoch 75/80 time=00:01.28 avg=00:01.19 ETA=00:05.95 | GPU MB alloc/reserved=279.7/1898.0
2026-04-11 16:39:23 | INFO | [Round 11] epoch=76/80 loss=0.0117 acc=100.00 val_acc=nan data_t=0.0022s batch_t=0.0961s epoch_t=00:01.28 lr=0.000016 | GPU MB alloc/reserved=279.7/1898.0
2026-04-11 16:39:23 | INFO | [Round 11] Epoch 76/80 time=00:01.28 avg=00:01.19 ETA=00:04.76 | GPU MB alloc/reserved=279.7/1898.0
2026-04-11 16:39:24 | INFO | [Round 11] epoch=77/80 loss=0.0102 acc=99.94 val_acc=nan data_t=0.0031s batch_t=0.0989s epoch_t=00:01.33 lr=0.000013 | GPU MB alloc/reserved=279.7/1898.0
2026-04-11 16:39:24 | INFO | [Round 11] Epoch 77/80 time=00:01.33 avg=00:01.19 ETA=00:03.58 | GPU MB alloc/reserved=279.7/1898.0
2026-04-11 16:39:25 | INFO | [Round 11] epoch=78/80 loss=0.0104 acc=99.94 val_acc=nan data_t=0.0029s batch_t=0.0997s epoch_t=00:01.33 lr=0.000012 | GPU MB alloc/reserved=279.7/1898.0
2026-04-11 16:39:25 | INFO | [Round 11] Epoch 78/80 time=00:01.33 avg=00:01.19 ETA=00:02.39 | GPU MB alloc/reserved=279.7/1898.0
2026-04-11 16:39:27 | INFO | [Round 11] epoch=79/80 loss=0.0157 acc=99.69 val_acc=nan data_t=0.0030s batch_t=0.0975s epoch_t=00:01.31 lr=0.000010 | GPU MB alloc/reserved=279.7/1898.0
2026-04-11 16:39:27 | INFO | [Round 11] Epoch 79/80 time=00:01.31 avg=00:01.20 ETA=00:01.20 | GPU MB alloc/reserved=279.7/1898.0
2026-04-11 16:39:28 | INFO | [Round 11] epoch=80/80 loss=0.0111 acc=99.94 val_acc=nan data_t=0.0032s batch_t=0.0991s epoch_t=00:01.33 lr=0.000010 | GPU MB alloc/reserved=279.7/1898.0
2026-04-11 16:39:28 | INFO | [Round 11] Epoch 80/80 time=00:01.33 avg=00:01.20 ETA=00:00.00 | GPU MB alloc/reserved=279.7/1898.0
2026-04-11 16:39:28 | INFO | [Round 11] training complete in 01:36.15 (best monitor=100.000) | GPU MB alloc/reserved=279.7/1898.0
2026-04-11 16:39:28 | INFO | [Round 11] evaluation started | GPU MB alloc/reserved=192.9/1898.0
2026-04-11 16:39:36 | INFO | [Round 11] clean=57.05 fgsm=45.62 pgd=45.39 grad_disp_mean=nan grad_disp_sel=nan round_t=106.45s | GPU MB alloc/reserved=192.9/1898.0
2026-04-11 16:39:36 | INFO | [Round 12/21] elapsed=01:46.45 avg_round=01:14.42 projected_remaining=11:09.79 | GPU MB alloc/reserved=192.9/1898.0
2026-04-11 16:39:37 | INFO | [Round 12] acquisition on pool_size=48400 scored_pool=5000 budget=100 | GPU MB alloc/reserved=104.2/1898.0
2026-04-11 16:39:37 | INFO | [CoreSet-unlabeled-feat] scoring progress 10/20 elapsed=00:00.23 avg/batch=0.023s ETA=00:00.23 | GPU MB alloc/reserved=112.2/1898.0
2026-04-11 16:39:37 | INFO | [CoreSet-unlabeled-feat] scoring progress 20/20 elapsed=00:00.39 avg/batch=0.019s ETA=00:00.00 | GPU MB alloc/reserved=116.2/1898.0
2026-04-11 16:39:37 | INFO | [CoreSet-labeled-feat] scoring progress 7/7 elapsed=00:00.21 avg/batch=0.029s ETA=00:00.00 | GPU MB alloc/reserved=117.8/1898.0
2026-04-11 16:39:38 | INFO | [CoreSet] greedy 10/100 cover_radius=18.527733 | GPU: n/a
2026-04-11 16:39:38 | INFO | [CoreSet] greedy 20/100 cover_radius=18.036459 | GPU: n/a
2026-04-11 16:39:38 | INFO | [CoreSet] greedy 30/100 cover_radius=17.745186 | GPU: n/a
2026-04-11 16:39:38 | INFO | [CoreSet] greedy 40/100 cover_radius=17.361155 | GPU: n/a
2026-04-11 16:39:38 | INFO | [CoreSet] greedy 50/100 cover_radius=17.206560 | GPU: n/a
2026-04-11 16:39:38 | INFO | [CoreSet] greedy 60/100 cover_radius=17.074305 | GPU: n/a
2026-04-11 16:39:38 | INFO | [CoreSet] greedy 70/100 cover_radius=16.958059 | GPU: n/a
2026-04-11 16:39:38 | INFO | [CoreSet] greedy 80/100 cover_radius=16.809338 | GPU: n/a
2026-04-11 16:39:39 | INFO | [CoreSet] greedy 90/100 cover_radius=16.697206 | GPU: n/a
2026-04-11 16:39:39 | INFO | [CoreSet] greedy 100/100 cover_radius=16.540436 | GPU: n/a
2026-04-11 16:39:39 | INFO | [Round 12] labeled=1700 train=1700 val_fixed=0 | GPU MB alloc/reserved=149.2/1898.0
2026-04-11 16:39:41 | INFO | [Round 12] epoch=1/80 loss=2.3500 acc=16.47 val_acc=nan data_t=0.0341s batch_t=0.0954s epoch_t=00:01.81 lr=0.001000 | GPU MB alloc/reserved=277.7/1898.0
2026-04-11 16:39:41 | INFO | [Round 12] Epoch 1/80 time=00:01.81 avg=00:01.81 ETA=02:23.23 | GPU MB alloc/reserved=277.7/1898.0
2026-04-11 16:39:42 | INFO | [Round 12] epoch=2/80 loss=2.1123 acc=21.82 val_acc=nan data_t=0.0028s batch_t=0.0903s epoch_t=00:01.30 lr=0.000998 | GPU MB alloc/reserved=277.7/1898.0
2026-04-11 16:39:42 | INFO | [Round 12] Epoch 2/80 time=00:01.30 avg=00:01.56 ETA=02:01.59 | GPU MB alloc/reserved=277.7/1898.0
2026-04-11 16:39:44 | INFO | [Round 12] epoch=3/80 loss=1.9657 acc=25.88 val_acc=nan data_t=0.0020s batch_t=0.0845s epoch_t=00:01.21 lr=0.000997 | GPU MB alloc/reserved=277.7/1898.0
2026-04-11 16:39:44 | INFO | [Round 12] Epoch 3/80 time=00:01.21 avg=00:01.44 ETA=01:51.11 | GPU MB alloc/reserved=277.7/1898.0
2026-04-11 16:39:45 | INFO | [Round 12] epoch=4/80 loss=1.9197 acc=26.82 val_acc=nan data_t=0.0019s batch_t=0.0885s epoch_t=00:01.27 lr=0.000994 | GPU MB alloc/reserved=277.7/1898.0
2026-04-11 16:39:45 | INFO | [Round 12] Epoch 4/80 time=00:01.27 avg=00:01.40 ETA=01:46.29 | GPU MB alloc/reserved=277.7/1898.0
2026-04-11 16:39:46 | INFO | [Round 12] epoch=5/80 loss=1.8619 acc=30.06 val_acc=nan data_t=0.0019s batch_t=0.0894s epoch_t=00:01.28 lr=0.000990 | GPU MB alloc/reserved=277.7/1898.0
2026-04-11 16:39:46 | INFO | [Round 12] Epoch 5/80 time=00:01.28 avg=00:01.37 ETA=01:43.08 | GPU MB alloc/reserved=277.7/1898.0
2026-04-11 16:39:47 | INFO | [Round 12] epoch=6/80 loss=1.8157 acc=30.82 val_acc=nan data_t=0.0030s batch_t=0.0884s epoch_t=00:01.28 lr=0.000986 | GPU MB alloc/reserved=277.7/1898.0
2026-04-11 16:39:47 | INFO | [Round 12] Epoch 6/80 time=00:01.28 avg=00:01.36 ETA=01:40.54 | GPU MB alloc/reserved=277.7/1898.0
2026-04-11 16:39:49 | INFO | [Round 12] epoch=7/80 loss=1.8001 acc=32.71 val_acc=nan data_t=0.0028s batch_t=0.0889s epoch_t=00:01.28 lr=0.000981 | GPU MB alloc/reserved=277.7/1898.0
2026-04-11 16:39:49 | INFO | [Round 12] Epoch 7/80 time=00:01.28 avg=00:01.35 ETA=01:38.41 | GPU MB alloc/reserved=277.7/1898.0
2026-04-11 16:39:50 | INFO | [Round 12] epoch=8/80 loss=1.7230 acc=36.94 val_acc=nan data_t=0.0029s batch_t=0.0897s epoch_t=00:01.30 lr=0.000976 | GPU MB alloc/reserved=277.7/1898.0
2026-04-11 16:39:50 | INFO | [Round 12] Epoch 8/80 time=00:01.30 avg=00:01.34 ETA=01:36.60 | GPU MB alloc/reserved=277.7/1898.0
2026-04-11 16:39:51 | INFO | [Round 12] epoch=9/80 loss=1.6362 acc=39.18 val_acc=nan data_t=0.0023s batch_t=0.0918s epoch_t=00:01.32 lr=0.000969 | GPU MB alloc/reserved=277.7/1898.0
2026-04-11 16:39:51 | INFO | [Round 12] Epoch 9/80 time=00:01.32 avg=00:01.34 ETA=01:35.08 | GPU MB alloc/reserved=277.7/1898.0
2026-04-11 16:39:53 | INFO | [Round 12] epoch=10/80 loss=1.5910 acc=42.35 val_acc=nan data_t=0.0034s batch_t=0.0911s epoch_t=00:01.32 lr=0.000962 | GPU MB alloc/reserved=277.7/1898.0
2026-04-11 16:39:53 | INFO | [Round 12] Epoch 10/80 time=00:01.32 avg=00:01.34 ETA=01:33.63 | GPU MB alloc/reserved=277.7/1898.0
2026-04-11 16:39:54 | INFO | [Round 12] epoch=11/80 loss=1.6421 acc=37.18 val_acc=nan data_t=0.0025s batch_t=0.0889s epoch_t=00:01.28 lr=0.000955 | GPU MB alloc/reserved=277.7/1898.0
2026-04-11 16:39:54 | INFO | [Round 12] Epoch 11/80 time=00:01.28 avg=00:01.33 ETA=01:31.93 | GPU MB alloc/reserved=277.7/1898.0
2026-04-11 16:39:55 | INFO | [Round 12] epoch=12/80 loss=1.5405 acc=41.71 val_acc=nan data_t=0.0024s batch_t=0.0901s epoch_t=00:01.30 lr=0.000946 | GPU MB alloc/reserved=277.7/1898.0
2026-04-11 16:39:55 | INFO | [Round 12] Epoch 12/80 time=00:01.30 avg=00:01.33 ETA=01:30.39 | GPU MB alloc/reserved=277.7/1898.0
2026-04-11 16:39:57 | INFO | [Round 12] epoch=13/80 loss=1.5204 acc=44.06 val_acc=nan data_t=0.0029s batch_t=0.0892s epoch_t=00:01.29 lr=0.000937 | GPU MB alloc/reserved=277.7/1898.0
2026-04-11 16:39:57 | INFO | [Round 12] Epoch 13/80 time=00:01.29 avg=00:01.33 ETA=01:28.86 | GPU MB alloc/reserved=277.7/1898.0
2026-04-11 16:39:58 | INFO | [Round 12] epoch=14/80 loss=1.5345 acc=42.82 val_acc=nan data_t=0.0035s batch_t=0.0897s epoch_t=00:01.30 lr=0.000927 | GPU MB alloc/reserved=277.7/1898.0
2026-04-11 16:39:58 | INFO | [Round 12] Epoch 14/80 time=00:01.30 avg=00:01.32 ETA=01:27.43 | GPU MB alloc/reserved=277.7/1898.0
2026-04-11 16:39:59 | INFO | [Round 12] epoch=15/80 loss=1.4614 acc=45.06 val_acc=nan data_t=0.0031s batch_t=0.0908s epoch_t=00:01.32 lr=0.000917 | GPU MB alloc/reserved=277.7/1898.0
2026-04-11 16:39:59 | INFO | [Round 12] Epoch 15/80 time=00:01.32 avg=00:01.32 ETA=01:26.07 | GPU MB alloc/reserved=277.7/1898.0
2026-04-11 16:40:00 | INFO | [Round 12] epoch=16/80 loss=1.3952 acc=47.18 val_acc=nan data_t=0.0023s batch_t=0.0907s epoch_t=00:01.30 lr=0.000905 | GPU MB alloc/reserved=277.7/1898.0
2026-04-11 16:40:00 | INFO | [Round 12] Epoch 16/80 time=00:01.30 avg=00:01.32 ETA=01:24.65 | GPU MB alloc/reserved=277.7/1898.0
2026-04-11 16:40:02 | INFO | [Round 12] epoch=17/80 loss=1.4102 acc=47.76 val_acc=nan data_t=0.0031s batch_t=0.0892s epoch_t=00:01.29 lr=0.000894 | GPU MB alloc/reserved=277.7/1898.0
2026-04-11 16:40:02 | INFO | [Round 12] Epoch 17/80 time=00:01.29 avg=00:01.32 ETA=01:23.22 | GPU MB alloc/reserved=277.7/1898.0
2026-04-11 16:40:03 | INFO | [Round 12] epoch=18/80 loss=1.3558 acc=49.35 val_acc=nan data_t=0.0033s batch_t=0.0906s epoch_t=00:01.32 lr=0.000881 | GPU MB alloc/reserved=277.7/1898.0
2026-04-11 16:40:03 | INFO | [Round 12] Epoch 18/80 time=00:01.32 avg=00:01.32 ETA=01:21.88 | GPU MB alloc/reserved=277.7/1898.0
2026-04-11 16:40:04 | INFO | [Round 12] epoch=19/80 loss=1.3045 acc=51.41 val_acc=nan data_t=0.0026s batch_t=0.0905s epoch_t=00:01.30 lr=0.000868 | GPU MB alloc/reserved=277.7/1898.0
2026-04-11 16:40:04 | INFO | [Round 12] Epoch 19/80 time=00:01.30 avg=00:01.32 ETA=01:20.50 | GPU MB alloc/reserved=277.7/1898.0
2026-04-11 16:40:06 | INFO | [Round 12] epoch=20/80 loss=1.2082 acc=54.71 val_acc=nan data_t=0.0019s batch_t=0.0895s epoch_t=00:01.28 lr=0.000855 | GPU MB alloc/reserved=277.7/1898.0
2026-04-11 16:40:06 | INFO | [Round 12] Epoch 20/80 time=00:01.28 avg=00:01.32 ETA=01:19.06 | GPU MB alloc/reserved=277.7/1898.0
2026-04-11 16:40:07 | INFO | [Round 12] epoch=21/80 loss=1.2427 acc=52.35 val_acc=nan data_t=0.0022s batch_t=0.0896s epoch_t=00:01.28 lr=0.000841 | GPU MB alloc/reserved=277.7/1898.0
2026-04-11 16:40:07 | INFO | [Round 12] Epoch 21/80 time=00:01.28 avg=00:01.32 ETA=01:17.65 | GPU MB alloc/reserved=277.7/1898.0
2026-04-11 16:40:08 | INFO | [Round 12] epoch=22/80 loss=1.1730 acc=53.82 val_acc=nan data_t=0.0025s batch_t=0.0899s epoch_t=00:01.29 lr=0.000826 | GPU MB alloc/reserved=277.7/1898.0
2026-04-11 16:40:08 | INFO | [Round 12] Epoch 22/80 time=00:01.29 avg=00:01.32 ETA=01:16.28 | GPU MB alloc/reserved=277.7/1898.0
2026-04-11 16:40:10 | INFO | [Round 12] epoch=23/80 loss=1.1220 acc=58.59 val_acc=nan data_t=0.0034s batch_t=0.0896s epoch_t=00:01.30 lr=0.000811 | GPU MB alloc/reserved=277.7/1898.0
2026-04-11 16:40:10 | INFO | [Round 12] Epoch 23/80 time=00:01.30 avg=00:01.31 ETA=01:14.93 | GPU MB alloc/reserved=277.7/1898.0
2026-04-11 16:40:11 | INFO | [Round 12] epoch=24/80 loss=1.1101 acc=59.06 val_acc=nan data_t=0.0025s batch_t=0.0902s epoch_t=00:01.30 lr=0.000796 | GPU MB alloc/reserved=277.7/1898.0
2026-04-11 16:40:11 | INFO | [Round 12] Epoch 24/80 time=00:01.30 avg=00:01.31 ETA=01:13.58 | GPU MB alloc/reserved=277.7/1898.0
2026-04-11 16:40:12 | INFO | [Round 12] epoch=25/80 loss=1.0202 acc=62.06 val_acc=nan data_t=0.0021s batch_t=0.0883s epoch_t=00:01.27 lr=0.000780 | GPU MB alloc/reserved=277.7/1898.0
2026-04-11 16:40:12 | INFO | [Round 12] Epoch 25/80 time=00:01.27 avg=00:01.31 ETA=01:12.16 | GPU MB alloc/reserved=277.7/1898.0
2026-04-11 16:40:13 | INFO | [Round 12] epoch=26/80 loss=1.0151 acc=61.88 val_acc=nan data_t=0.0035s batch_t=0.0899s epoch_t=00:01.31 lr=0.000764 | GPU MB alloc/reserved=277.7/1898.0
2026-04-11 16:40:13 | INFO | [Round 12] Epoch 26/80 time=00:01.31 avg=00:01.31 ETA=01:10.84 | GPU MB alloc/reserved=277.7/1898.0
2026-04-11 16:40:15 | INFO | [Round 12] epoch=27/80 loss=1.0363 acc=61.41 val_acc=nan data_t=0.0028s batch_t=0.0888s epoch_t=00:01.28 lr=0.000747 | GPU MB alloc/reserved=277.7/1898.0
2026-04-11 16:40:15 | INFO | [Round 12] Epoch 27/80 time=00:01.28 avg=00:01.31 ETA=01:09.47 | GPU MB alloc/reserved=277.7/1898.0
2026-04-11 16:40:16 | INFO | [Round 12] epoch=28/80 loss=0.9646 acc=64.35 val_acc=nan data_t=0.0023s batch_t=0.0905s epoch_t=00:01.30 lr=0.000730 | GPU MB alloc/reserved=277.7/1898.0
2026-04-11 16:40:16 | INFO | [Round 12] Epoch 28/80 time=00:01.30 avg=00:01.31 ETA=01:08.14 | GPU MB alloc/reserved=277.7/1898.0
2026-04-11 16:40:17 | INFO | [Round 12] epoch=29/80 loss=0.9215 acc=65.47 val_acc=nan data_t=0.0036s batch_t=0.0889s epoch_t=00:01.29 lr=0.000712 | GPU MB alloc/reserved=277.7/1898.0
2026-04-11 16:40:17 | INFO | [Round 12] Epoch 29/80 time=00:01.29 avg=00:01.31 ETA=01:06.80 | GPU MB alloc/reserved=277.7/1898.0
2026-04-11 16:40:19 | INFO | [Round 12] epoch=30/80 loss=0.8840 acc=66.88 val_acc=nan data_t=0.0033s batch_t=0.0887s epoch_t=00:01.29 lr=0.000694 | GPU MB alloc/reserved=277.7/1898.0
2026-04-11 16:40:19 | INFO | [Round 12] Epoch 30/80 time=00:01.29 avg=00:01.31 ETA=01:05.46 | GPU MB alloc/reserved=277.7/1898.0
2026-04-11 16:40:20 | INFO | [Round 12] epoch=31/80 loss=0.8763 acc=67.00 val_acc=nan data_t=0.0023s batch_t=0.0893s epoch_t=00:01.28 lr=0.000676 | GPU MB alloc/reserved=277.7/1898.0
2026-04-11 16:40:20 | INFO | [Round 12] Epoch 31/80 time=00:01.28 avg=00:01.31 ETA=01:04.10 | GPU MB alloc/reserved=277.7/1898.0
2026-04-11 16:40:21 | INFO | [Round 12] epoch=32/80 loss=0.8316 acc=68.94 val_acc=nan data_t=0.0027s batch_t=0.0900s epoch_t=00:01.30 lr=0.000658 | GPU MB alloc/reserved=277.7/1898.0
2026-04-11 16:40:21 | INFO | [Round 12] Epoch 32/80 time=00:01.30 avg=00:01.31 ETA=01:02.78 | GPU MB alloc/reserved=277.7/1898.0
2026-04-11 16:40:23 | INFO | [Round 12] epoch=33/80 loss=0.7547 acc=73.29 val_acc=nan data_t=0.0035s batch_t=0.0890s epoch_t=00:01.30 lr=0.000639 | GPU MB alloc/reserved=277.7/1898.0
2026-04-11 16:40:23 | INFO | [Round 12] Epoch 33/80 time=00:01.30 avg=00:01.31 ETA=01:01.45 | GPU MB alloc/reserved=277.7/1898.0
2026-04-11 16:40:24 | INFO | [Round 12] epoch=34/80 loss=0.7199 acc=72.94 val_acc=nan data_t=0.0026s batch_t=0.0893s epoch_t=00:01.29 lr=0.000621 | GPU MB alloc/reserved=277.7/1898.0
2026-04-11 16:40:24 | INFO | [Round 12] Epoch 34/80 time=00:01.29 avg=00:01.31 ETA=01:00.12 | GPU MB alloc/reserved=277.7/1898.0
2026-04-11 16:40:25 | INFO | [Round 12] epoch=35/80 loss=0.6332 acc=76.53 val_acc=nan data_t=0.0022s batch_t=0.0898s epoch_t=00:01.29 lr=0.000602 | GPU MB alloc/reserved=277.7/1898.0
2026-04-11 16:40:25 | INFO | [Round 12] Epoch 35/80 time=00:01.29 avg=00:01.31 ETA=00:58.79 | GPU MB alloc/reserved=277.7/1898.0
2026-04-11 16:40:26 | INFO | [Round 12] epoch=36/80 loss=0.6222 acc=76.82 val_acc=nan data_t=0.0027s batch_t=0.0903s epoch_t=00:01.30 lr=0.000582 | GPU MB alloc/reserved=277.7/1898.0
2026-04-11 16:40:26 | INFO | [Round 12] Epoch 36/80 time=00:01.30 avg=00:01.31 ETA=00:57.48 | GPU MB alloc/reserved=277.7/1898.0
2026-04-11 16:40:28 | INFO | [Round 12] epoch=37/80 loss=0.5729 acc=78.47 val_acc=nan data_t=0.0028s batch_t=0.0899s epoch_t=00:01.30 lr=0.000563 | GPU MB alloc/reserved=277.7/1898.0
2026-04-11 16:40:28 | INFO | [Round 12] Epoch 37/80 time=00:01.30 avg=00:01.31 ETA=00:56.16 | GPU MB alloc/reserved=277.7/1898.0
2026-04-11 16:40:29 | INFO | [Round 12] epoch=38/80 loss=0.5970 acc=78.65 val_acc=nan data_t=0.0025s batch_t=0.0882s epoch_t=00:01.27 lr=0.000544 | GPU MB alloc/reserved=277.7/1898.0
2026-04-11 16:40:29 | INFO | [Round 12] Epoch 38/80 time=00:01.27 avg=00:01.31 ETA=00:54.82 | GPU MB alloc/reserved=277.7/1898.0
2026-04-11 16:40:30 | INFO | [Round 12] epoch=39/80 loss=0.5416 acc=79.94 val_acc=nan data_t=0.0039s batch_t=0.0909s epoch_t=00:01.33 lr=0.000524 | GPU MB alloc/reserved=277.7/1898.0
2026-04-11 16:40:30 | INFO | [Round 12] Epoch 39/80 time=00:01.33 avg=00:01.31 ETA=00:53.54 | GPU MB alloc/reserved=277.7/1898.0
2026-04-11 16:40:32 | INFO | [Round 12] epoch=40/80 loss=0.5448 acc=80.76 val_acc=nan data_t=0.0029s batch_t=0.0890s epoch_t=00:01.29 lr=0.000505 | GPU MB alloc/reserved=277.7/1898.0
2026-04-11 16:40:32 | INFO | [Round 12] Epoch 40/80 time=00:01.29 avg=00:01.31 ETA=00:52.21 | GPU MB alloc/reserved=277.7/1898.0
2026-04-11 16:40:33 | INFO | [Round 12] epoch=41/80 loss=0.4717 acc=83.18 val_acc=nan data_t=0.0035s batch_t=0.0889s epoch_t=00:01.29 lr=0.000486 | GPU MB alloc/reserved=277.7/1898.0
2026-04-11 16:40:33 | INFO | [Round 12] Epoch 41/80 time=00:01.29 avg=00:01.30 ETA=00:50.89 | GPU MB alloc/reserved=277.7/1898.0
2026-04-11 16:40:34 | INFO | [Round 12] epoch=42/80 loss=0.4340 acc=84.00 val_acc=nan data_t=0.0035s batch_t=0.0893s epoch_t=00:01.30 lr=0.000466 | GPU MB alloc/reserved=277.7/1898.0
2026-04-11 16:40:34 | INFO | [Round 12] Epoch 42/80 time=00:01.30 avg=00:01.30 ETA=00:49.58 | GPU MB alloc/reserved=277.7/1898.0
2026-04-11 16:40:35 | INFO | [Round 12] epoch=43/80 loss=0.3423 acc=88.47 val_acc=nan data_t=0.0029s batch_t=0.0876s epoch_t=00:01.27 lr=0.000447 | GPU MB alloc/reserved=277.7/1898.0
2026-04-11 16:40:35 | INFO | [Round 12] Epoch 43/80 time=00:01.27 avg=00:01.30 ETA=00:48.25 | GPU MB alloc/reserved=277.7/1898.0
2026-04-11 16:40:37 | INFO | [Round 12] epoch=44/80 loss=0.2892 acc=90.41 val_acc=nan data_t=0.0023s batch_t=0.0898s epoch_t=00:01.29 lr=0.000428 | GPU MB alloc/reserved=277.7/1898.0
2026-04-11 16:40:37 | INFO | [Round 12] Epoch 44/80 time=00:01.29 avg=00:01.30 ETA=00:46.93 | GPU MB alloc/reserved=277.7/1898.0
2026-04-11 16:40:38 | INFO | [Round 12] epoch=45/80 loss=0.2981 acc=89.88 val_acc=nan data_t=0.0034s batch_t=0.0890s epoch_t=00:01.29 lr=0.000408 | GPU MB alloc/reserved=277.7/1898.0
2026-04-11 16:40:38 | INFO | [Round 12] Epoch 45/80 time=00:01.29 avg=00:01.30 ETA=00:45.62 | GPU MB alloc/reserved=277.7/1898.0
2026-04-11 16:40:39 | INFO | [Round 12] epoch=46/80 loss=0.2916 acc=89.76 val_acc=nan data_t=0.0031s batch_t=0.0906s epoch_t=00:01.31 lr=0.000389 | GPU MB alloc/reserved=277.7/1898.0
2026-04-11 16:40:39 | INFO | [Round 12] Epoch 46/80 time=00:01.31 avg=00:01.30 ETA=00:44.32 | GPU MB alloc/reserved=277.7/1898.0
2026-04-11 16:40:41 | INFO | [Round 12] epoch=47/80 loss=0.2678 acc=90.35 val_acc=nan data_t=0.0020s batch_t=0.0889s epoch_t=00:01.27 lr=0.000371 | GPU MB alloc/reserved=277.7/1898.0
2026-04-11 16:40:41 | INFO | [Round 12] Epoch 47/80 time=00:01.27 avg=00:01.30 ETA=00:43.00 | GPU MB alloc/reserved=277.7/1898.0
2026-04-11 16:40:42 | INFO | [Round 12] epoch=48/80 loss=0.2626 acc=90.71 val_acc=nan data_t=0.0042s batch_t=0.0903s epoch_t=00:01.32 lr=0.000352 | GPU MB alloc/reserved=277.7/1898.0
2026-04-11 16:40:42 | INFO | [Round 12] Epoch 48/80 time=00:01.32 avg=00:01.30 ETA=00:41.71 | GPU MB alloc/reserved=277.7/1898.0
2026-04-11 16:40:43 | INFO | [Round 12] epoch=49/80 loss=0.2367 acc=91.12 val_acc=nan data_t=0.0032s batch_t=0.0899s epoch_t=00:01.30 lr=0.000334 | GPU MB alloc/reserved=277.7/1898.0
2026-04-11 16:40:43 | INFO | [Round 12] Epoch 49/80 time=00:01.30 avg=00:01.30 ETA=00:40.40 | GPU MB alloc/reserved=277.7/1898.0
2026-04-11 16:40:44 | INFO | [Round 12] epoch=50/80 loss=0.2237 acc=91.94 val_acc=nan data_t=0.0026s batch_t=0.0777s epoch_t=00:01.12 lr=0.000316 | GPU MB alloc/reserved=277.7/1898.0
2026-04-11 16:40:44 | INFO | [Round 12] Epoch 50/80 time=00:01.12 avg=00:01.30 ETA=00:38.99 | GPU MB alloc/reserved=277.7/1898.0
2026-04-11 16:40:46 | INFO | [Round 12] epoch=51/80 loss=0.1934 acc=93.94 val_acc=nan data_t=0.0027s batch_t=0.0940s epoch_t=00:01.35 lr=0.000298 | GPU MB alloc/reserved=277.7/1898.0
2026-04-11 16:40:46 | INFO | [Round 12] Epoch 51/80 time=00:01.35 avg=00:01.30 ETA=00:37.72 | GPU MB alloc/reserved=277.7/1898.0
2026-04-11 16:40:47 | INFO | [Round 12] epoch=52/80 loss=0.1772 acc=94.00 val_acc=nan data_t=0.0032s batch_t=0.0958s epoch_t=00:01.39 lr=0.000280 | GPU MB alloc/reserved=277.7/1898.0
2026-04-11 16:40:47 | INFO | [Round 12] Epoch 52/80 time=00:01.39 avg=00:01.30 ETA=00:36.47 | GPU MB alloc/reserved=277.7/1898.0
2026-04-11 16:40:49 | INFO | [Round 12] epoch=53/80 loss=0.1453 acc=95.59 val_acc=nan data_t=0.0030s batch_t=0.0980s epoch_t=00:01.41 lr=0.000263 | GPU MB alloc/reserved=277.7/1898.0
2026-04-11 16:40:49 | INFO | [Round 12] Epoch 53/80 time=00:01.41 avg=00:01.30 ETA=00:35.22 | GPU MB alloc/reserved=277.7/1898.0
2026-04-11 16:40:50 | INFO | [Round 12] epoch=54/80 loss=0.1246 acc=96.24 val_acc=nan data_t=0.0029s batch_t=0.0981s epoch_t=00:01.41 lr=0.000246 | GPU MB alloc/reserved=277.7/1898.0
2026-04-11 16:40:50 | INFO | [Round 12] Epoch 54/80 time=00:01.41 avg=00:01.31 ETA=00:33.97 | GPU MB alloc/reserved=277.7/1898.0
2026-04-11 16:40:51 | INFO | [Round 12] epoch=55/80 loss=0.0957 acc=97.82 val_acc=nan data_t=0.0031s batch_t=0.0984s epoch_t=00:01.42 lr=0.000230 | GPU MB alloc/reserved=277.7/1898.0
2026-04-11 16:40:51 | INFO | [Round 12] Epoch 55/80 time=00:01.42 avg=00:01.31 ETA=00:32.72 | GPU MB alloc/reserved=277.7/1898.0
2026-04-11 16:40:53 | INFO | [Round 12] epoch=56/80 loss=0.0826 acc=98.24 val_acc=nan data_t=0.0023s batch_t=0.0997s epoch_t=00:01.43 lr=0.000214 | GPU MB alloc/reserved=277.7/1898.0
2026-04-11 16:40:53 | INFO | [Round 12] Epoch 56/80 time=00:01.43 avg=00:01.31 ETA=00:31.46 | GPU MB alloc/reserved=277.7/1898.0
2026-04-11 16:40:54 | INFO | [Round 12] epoch=57/80 loss=0.0820 acc=97.94 val_acc=nan data_t=0.0031s batch_t=0.0660s epoch_t=00:00.97 lr=0.000199 | GPU MB alloc/reserved=277.7/1898.0
2026-04-11 16:40:54 | INFO | [Round 12] Epoch 57/80 time=00:00.97 avg=00:01.30 ETA=00:30.01 | GPU MB alloc/reserved=277.7/1898.0
2026-04-11 16:40:55 | INFO | [Round 12] epoch=58/80 loss=0.0829 acc=98.06 val_acc=nan data_t=0.0032s batch_t=0.0699s epoch_t=00:01.02 lr=0.000184 | GPU MB alloc/reserved=277.7/1898.0
2026-04-11 16:40:55 | INFO | [Round 12] Epoch 58/80 time=00:01.02 avg=00:01.30 ETA=00:28.60 | GPU MB alloc/reserved=277.7/1898.0
2026-04-11 16:40:56 | INFO | [Round 12] epoch=59/80 loss=0.0723 acc=98.35 val_acc=nan data_t=0.0018s batch_t=0.0620s epoch_t=00:00.89 lr=0.000169 | GPU MB alloc/reserved=277.7/1898.0
2026-04-11 16:40:56 | INFO | [Round 12] Epoch 59/80 time=00:00.89 avg=00:01.29 ETA=00:27.15 | GPU MB alloc/reserved=277.7/1898.0
2026-04-11 16:40:57 | INFO | [Round 12] epoch=60/80 loss=0.0585 acc=98.65 val_acc=nan data_t=0.0020s batch_t=0.0601s epoch_t=00:00.87 lr=0.000155 | GPU MB alloc/reserved=277.7/1898.0
2026-04-11 16:40:57 | INFO | [Round 12] Epoch 60/80 time=00:00.87 avg=00:01.29 ETA=00:25.72 | GPU MB alloc/reserved=277.7/1898.0
2026-04-11 16:40:58 | INFO | [Round 12] epoch=61/80 loss=0.0508 acc=99.47 val_acc=nan data_t=0.0032s batch_t=0.0860s epoch_t=00:01.25 lr=0.000142 | GPU MB alloc/reserved=277.7/1898.0
2026-04-11 16:40:58 | INFO | [Round 12] Epoch 61/80 time=00:01.25 avg=00:01.29 ETA=00:24.42 | GPU MB alloc/reserved=277.7/1898.0
2026-04-11 16:40:59 | INFO | [Round 12] epoch=62/80 loss=0.0480 acc=98.94 val_acc=nan data_t=0.0034s batch_t=0.0863s epoch_t=00:01.26 lr=0.000129 | GPU MB alloc/reserved=277.7/1898.0
2026-04-11 16:40:59 | INFO | [Round 12] Epoch 62/80 time=00:01.26 avg=00:01.28 ETA=00:23.13 | GPU MB alloc/reserved=277.7/1898.0
2026-04-11 16:41:00 | INFO | [Round 12] epoch=63/80 loss=0.0450 acc=99.00 val_acc=nan data_t=0.0035s batch_t=0.0880s epoch_t=00:01.28 lr=0.000116 | GPU MB alloc/reserved=277.7/1898.0
2026-04-11 16:41:00 | INFO | [Round 12] Epoch 63/80 time=00:01.28 avg=00:01.28 ETA=00:21.84 | GPU MB alloc/reserved=277.7/1898.0
2026-04-11 16:41:02 | INFO | [Round 12] epoch=64/80 loss=0.0350 acc=99.71 val_acc=nan data_t=0.0032s batch_t=0.0887s epoch_t=00:01.29 lr=0.000105 | GPU MB alloc/reserved=277.7/1898.0
2026-04-11 16:41:02 | INFO | [Round 12] Epoch 64/80 time=00:01.29 avg=00:01.28 ETA=00:20.56 | GPU MB alloc/reserved=277.7/1898.0
2026-04-11 16:41:03 | INFO | [Round 12] epoch=65/80 loss=0.0436 acc=99.06 val_acc=nan data_t=0.0033s batch_t=0.0858s epoch_t=00:01.25 lr=0.000093 | GPU MB alloc/reserved=277.7/1898.0
2026-04-11 16:41:03 | INFO | [Round 12] Epoch 65/80 time=00:01.25 avg=00:01.28 ETA=00:19.26 | GPU MB alloc/reserved=277.7/1898.0
2026-04-11 16:41:04 | INFO | [Round 12] epoch=66/80 loss=0.0365 acc=99.59 val_acc=nan data_t=0.0031s batch_t=0.0895s epoch_t=00:01.30 lr=0.000083 | GPU MB alloc/reserved=277.7/1898.0
2026-04-11 16:41:04 | INFO | [Round 12] Epoch 66/80 time=00:01.30 avg=00:01.28 ETA=00:17.98 | GPU MB alloc/reserved=277.7/1898.0
2026-04-11 16:41:06 | INFO | [Round 12] epoch=67/80 loss=0.0321 acc=99.53 val_acc=nan data_t=0.0032s batch_t=0.0907s epoch_t=00:01.31 lr=0.000073 | GPU MB alloc/reserved=277.7/1898.0
2026-04-11 16:41:06 | INFO | [Round 12] Epoch 67/80 time=00:01.31 avg=00:01.28 ETA=00:16.70 | GPU MB alloc/reserved=277.7/1898.0
2026-04-11 16:41:07 | INFO | [Round 12] epoch=68/80 loss=0.0281 acc=99.65 val_acc=nan data_t=0.0026s batch_t=0.0894s epoch_t=00:01.29 lr=0.000064 | GPU MB alloc/reserved=277.7/1898.0
2026-04-11 16:41:07 | INFO | [Round 12] Epoch 68/80 time=00:01.29 avg=00:01.28 ETA=00:15.42 | GPU MB alloc/reserved=277.7/1898.0
2026-04-11 16:41:08 | INFO | [Round 12] epoch=69/80 loss=0.0329 acc=99.59 val_acc=nan data_t=0.0021s batch_t=0.0895s epoch_t=00:01.28 lr=0.000055 | GPU MB alloc/reserved=277.7/1898.0
2026-04-11 16:41:08 | INFO | [Round 12] Epoch 69/80 time=00:01.28 avg=00:01.28 ETA=00:14.13 | GPU MB alloc/reserved=277.7/1898.0
2026-04-11 16:41:09 | INFO | [Round 12] epoch=70/80 loss=0.0304 acc=99.76 val_acc=nan data_t=0.0033s batch_t=0.0894s epoch_t=00:01.30 lr=0.000048 | GPU MB alloc/reserved=277.7/1898.0
2026-04-11 16:41:09 | INFO | [Round 12] Epoch 70/80 time=00:01.30 avg=00:01.29 ETA=00:12.85 | GPU MB alloc/reserved=277.7/1898.0
2026-04-11 16:41:11 | INFO | [Round 12] epoch=71/80 loss=0.0281 acc=99.76 val_acc=nan data_t=0.0021s batch_t=0.0891s epoch_t=00:01.28 lr=0.000041 | GPU MB alloc/reserved=277.7/1898.0
2026-04-11 16:41:11 | INFO | [Round 12] Epoch 71/80 time=00:01.28 avg=00:01.29 ETA=00:11.57 | GPU MB alloc/reserved=277.7/1898.0
2026-04-11 16:41:12 | INFO | [Round 12] epoch=72/80 loss=0.0254 acc=99.71 val_acc=nan data_t=0.0025s batch_t=0.0906s epoch_t=00:01.30 lr=0.000034 | GPU MB alloc/reserved=277.7/1898.0
2026-04-11 16:41:12 | INFO | [Round 12] Epoch 72/80 time=00:01.30 avg=00:01.29 ETA=00:10.28 | GPU MB alloc/reserved=277.7/1898.0
2026-04-11 16:41:13 | INFO | [Round 12] epoch=73/80 loss=0.0205 acc=99.94 val_acc=nan data_t=0.0020s batch_t=0.0900s epoch_t=00:01.29 lr=0.000029 | GPU MB alloc/reserved=277.7/1898.0
2026-04-11 16:41:13 | INFO | [Round 12] Epoch 73/80 time=00:01.29 avg=00:01.29 ETA=00:09.00 | GPU MB alloc/reserved=277.7/1898.0
2026-04-11 16:41:14 | INFO | [Round 12] epoch=74/80 loss=0.0249 acc=99.65 val_acc=nan data_t=0.0019s batch_t=0.0747s epoch_t=00:01.07 lr=0.000024 | GPU MB alloc/reserved=277.7/1898.0
2026-04-11 16:41:14 | INFO | [Round 12] Epoch 74/80 time=00:01.07 avg=00:01.28 ETA=00:07.69 | GPU MB alloc/reserved=277.7/1898.0
2026-04-11 16:41:16 | INFO | [Round 12] epoch=75/80 loss=0.0227 acc=99.94 val_acc=nan data_t=0.0028s batch_t=0.0950s epoch_t=00:01.37 lr=0.000020 | GPU MB alloc/reserved=277.7/1898.0
2026-04-11 16:41:16 | INFO | [Round 12] Epoch 75/80 time=00:01.37 avg=00:01.28 ETA=00:06.42 | GPU MB alloc/reserved=277.7/1898.0
2026-04-11 16:41:17 | INFO | [Round 12] epoch=76/80 loss=0.0222 acc=99.65 val_acc=nan data_t=0.0019s batch_t=0.0963s epoch_t=00:01.38 lr=0.000016 | GPU MB alloc/reserved=277.7/1898.0
2026-04-11 16:41:17 | INFO | [Round 12] Epoch 76/80 time=00:01.38 avg=00:01.28 ETA=00:05.14 | GPU MB alloc/reserved=277.7/1898.0
2026-04-11 16:41:19 | INFO | [Round 12] epoch=77/80 loss=0.0229 acc=99.88 val_acc=nan data_t=0.0028s batch_t=0.0985s epoch_t=00:01.42 lr=0.000013 | GPU MB alloc/reserved=277.7/1898.0
2026-04-11 16:41:19 | INFO | [Round 12] Epoch 77/80 time=00:01.42 avg=00:01.29 ETA=00:03.86 | GPU MB alloc/reserved=277.7/1898.0
2026-04-11 16:41:20 | INFO | [Round 12] epoch=78/80 loss=0.0203 acc=99.88 val_acc=nan data_t=0.0027s batch_t=0.0992s epoch_t=00:01.43 lr=0.000012 | GPU MB alloc/reserved=277.7/1898.0
2026-04-11 16:41:20 | INFO | [Round 12] Epoch 78/80 time=00:01.43 avg=00:01.29 ETA=00:02.58 | GPU MB alloc/reserved=277.7/1898.0
2026-04-11 16:41:21 | INFO | [Round 12] epoch=79/80 loss=0.0190 acc=99.94 val_acc=nan data_t=0.0032s batch_t=0.0987s epoch_t=00:01.43 lr=0.000010 | GPU MB alloc/reserved=277.7/1898.0
2026-04-11 16:41:21 | INFO | [Round 12] Epoch 79/80 time=00:01.43 avg=00:01.29 ETA=00:01.29 | GPU MB alloc/reserved=277.7/1898.0
2026-04-11 16:41:23 | INFO | [Round 12] epoch=80/80 loss=0.0220 acc=99.94 val_acc=nan data_t=0.0028s batch_t=0.0990s epoch_t=00:01.42 lr=0.000010 | GPU MB alloc/reserved=277.7/1898.0
2026-04-11 16:41:23 | INFO | [Round 12] Epoch 80/80 time=00:01.42 avg=00:01.29 ETA=00:00.00 | GPU MB alloc/reserved=277.7/1898.0
2026-04-11 16:41:23 | INFO | [Round 12] training complete in 01:43.68 (best monitor=99.941) | GPU MB alloc/reserved=277.7/1898.0
2026-04-11 16:41:23 | INFO | [Round 12] evaluation started | GPU MB alloc/reserved=191.9/1898.0
2026-04-11 16:41:31 | INFO | [Round 12] clean=59.87 fgsm=48.64 pgd=48.32 grad_disp_mean=nan grad_disp_sel=nan round_t=114.01s | GPU MB alloc/reserved=191.9/1898.0
2026-04-11 16:41:31 | INFO | [Round 13/21] elapsed=01:54.01 avg_round=01:17.47 projected_remaining=10:19.73 | GPU MB alloc/reserved=191.9/1898.0
2026-04-11 16:41:32 | INFO | [Round 13] acquisition on pool_size=48300 scored_pool=5000 budget=100 | GPU MB alloc/reserved=103.9/1898.0
2026-04-11 16:41:32 | INFO | [CoreSet-unlabeled-feat] scoring progress 10/20 elapsed=00:00.24 avg/batch=0.024s ETA=00:00.24 | GPU MB alloc/reserved=111.9/1898.0
2026-04-11 16:41:32 | INFO | [CoreSet-unlabeled-feat] scoring progress 20/20 elapsed=00:00.39 avg/batch=0.020s ETA=00:00.00 | GPU MB alloc/reserved=115.7/1898.0
2026-04-11 16:41:32 | INFO | [CoreSet-labeled-feat] scoring progress 7/7 elapsed=00:00.25 avg/batch=0.036s ETA=00:00.00 | GPU MB alloc/reserved=119.0/1898.0
2026-04-11 16:41:33 | INFO | [CoreSet] greedy 10/100 cover_radius=17.551512 | GPU: n/a
2026-04-11 16:41:33 | INFO | [CoreSet] greedy 20/100 cover_radius=17.107573 | GPU: n/a
2026-04-11 16:41:33 | INFO | [CoreSet] greedy 30/100 cover_radius=16.893980 | GPU: n/a
2026-04-11 16:41:33 | INFO | [CoreSet] greedy 40/100 cover_radius=16.734383 | GPU: n/a
2026-04-11 16:41:33 | INFO | [CoreSet] greedy 50/100 cover_radius=16.566351 | GPU: n/a
2026-04-11 16:41:33 | INFO | [CoreSet] greedy 60/100 cover_radius=16.354412 | GPU: n/a
2026-04-11 16:41:33 | INFO | [CoreSet] greedy 70/100 cover_radius=16.175480 | GPU: n/a
2026-04-11 16:41:33 | INFO | [CoreSet] greedy 80/100 cover_radius=16.078890 | GPU: n/a
2026-04-11 16:41:33 | INFO | [CoreSet] greedy 90/100 cover_radius=15.984392 | GPU: n/a
2026-04-11 16:41:34 | INFO | [CoreSet] greedy 100/100 cover_radius=15.950566 | GPU: n/a
2026-04-11 16:41:34 | INFO | [Round 13] labeled=1800 train=1800 val_fixed=0 | GPU MB alloc/reserved=147.1/1898.0
2026-04-11 16:41:36 | INFO | [Round 13] epoch=1/80 loss=2.3623 acc=16.78 val_acc=nan data_t=0.0128s batch_t=0.0939s epoch_t=00:01.60 lr=0.001000 | GPU MB alloc/reserved=278.5/1898.0
2026-04-11 16:41:36 | INFO | [Round 13] Epoch 1/80 time=00:01.60 avg=00:01.60 ETA=02:06.53 | GPU MB alloc/reserved=278.5/1898.0
2026-04-11 16:41:37 | INFO | [Round 13] epoch=2/80 loss=2.1227 acc=23.00 val_acc=nan data_t=0.0018s batch_t=0.0886s epoch_t=00:01.36 lr=0.000998 | GPU MB alloc/reserved=278.5/1898.0
2026-04-11 16:41:37 | INFO | [Round 13] Epoch 2/80 time=00:01.36 avg=00:01.48 ETA=01:55.39 | GPU MB alloc/reserved=278.5/1898.0
2026-04-11 16:41:38 | INFO | [Round 13] epoch=3/80 loss=2.0503 acc=23.94 val_acc=nan data_t=0.0018s batch_t=0.0879s epoch_t=00:01.35 lr=0.000997 | GPU MB alloc/reserved=278.5/1898.0
2026-04-11 16:41:38 | INFO | [Round 13] Epoch 3/80 time=00:01.35 avg=00:01.43 ETA=01:50.47 | GPU MB alloc/reserved=278.5/1898.0
2026-04-11 16:41:40 | INFO | [Round 13] epoch=4/80 loss=1.9873 acc=25.44 val_acc=nan data_t=0.0026s batch_t=0.0881s epoch_t=00:01.36 lr=0.000994 | GPU MB alloc/reserved=278.5/1898.0
2026-04-11 16:41:40 | INFO | [Round 13] Epoch 4/80 time=00:01.36 avg=00:01.42 ETA=01:47.62 | GPU MB alloc/reserved=278.5/1898.0
2026-04-11 16:41:41 | INFO | [Round 13] epoch=5/80 loss=1.9248 acc=26.61 val_acc=nan data_t=0.0021s batch_t=0.0900s epoch_t=00:01.38 lr=0.000990 | GPU MB alloc/reserved=278.5/1898.0
2026-04-11 16:41:41 | INFO | [Round 13] Epoch 5/80 time=00:01.38 avg=00:01.41 ETA=01:45.71 | GPU MB alloc/reserved=278.5/1898.0
2026-04-11 16:41:43 | INFO | [Round 13] epoch=6/80 loss=1.9084 acc=28.33 val_acc=nan data_t=0.0029s batch_t=0.0889s epoch_t=00:01.38 lr=0.000986 | GPU MB alloc/reserved=278.5/1898.0
2026-04-11 16:41:43 | INFO | [Round 13] Epoch 6/80 time=00:01.38 avg=00:01.40 ETA=01:43.89 | GPU MB alloc/reserved=278.5/1898.0
2026-04-11 16:41:44 | INFO | [Round 13] epoch=7/80 loss=1.8765 acc=29.39 val_acc=nan data_t=0.0018s batch_t=0.0888s epoch_t=00:01.36 lr=0.000981 | GPU MB alloc/reserved=278.5/1898.0
2026-04-11 16:41:44 | INFO | [Round 13] Epoch 7/80 time=00:01.36 avg=00:01.40 ETA=01:42.02 | GPU MB alloc/reserved=278.5/1898.0
2026-04-11 16:41:45 | INFO | [Round 13] epoch=8/80 loss=1.8119 acc=31.33 val_acc=nan data_t=0.0018s batch_t=0.0893s epoch_t=00:01.37 lr=0.000976 | GPU MB alloc/reserved=278.5/1898.0
2026-04-11 16:41:45 | INFO | [Round 13] Epoch 8/80 time=00:01.37 avg=00:01.39 ETA=01:40.34 | GPU MB alloc/reserved=278.5/1898.0
2026-04-11 16:41:47 | INFO | [Round 13] epoch=9/80 loss=1.7999 acc=31.06 val_acc=nan data_t=0.0027s batch_t=0.0888s epoch_t=00:01.37 lr=0.000969 | GPU MB alloc/reserved=278.5/1898.0
2026-04-11 16:41:47 | INFO | [Round 13] Epoch 9/80 time=00:01.37 avg=00:01.39 ETA=01:38.79 | GPU MB alloc/reserved=278.5/1898.0
2026-04-11 16:41:48 | INFO | [Round 13] epoch=10/80 loss=1.7590 acc=32.89 val_acc=nan data_t=0.0030s batch_t=0.0889s epoch_t=00:01.38 lr=0.000962 | GPU MB alloc/reserved=278.5/1898.0
2026-04-11 16:41:48 | INFO | [Round 13] Epoch 10/80 time=00:01.38 avg=00:01.39 ETA=01:37.30 | GPU MB alloc/reserved=278.5/1898.0
2026-04-11 16:41:49 | INFO | [Round 13] epoch=11/80 loss=1.7818 acc=33.61 val_acc=nan data_t=0.0026s batch_t=0.0890s epoch_t=00:01.37 lr=0.000955 | GPU MB alloc/reserved=278.5/1898.0
2026-04-11 16:41:49 | INFO | [Round 13] Epoch 11/80 time=00:01.37 avg=00:01.39 ETA=01:35.81 | GPU MB alloc/reserved=278.5/1898.0
2026-04-11 16:41:51 | INFO | [Round 13] epoch=12/80 loss=1.7472 acc=33.67 val_acc=nan data_t=0.0026s batch_t=0.0880s epoch_t=00:01.36 lr=0.000946 | GPU MB alloc/reserved=278.5/1898.0
2026-04-11 16:41:51 | INFO | [Round 13] Epoch 12/80 time=00:01.36 avg=00:01.39 ETA=01:34.26 | GPU MB alloc/reserved=278.5/1898.0
2026-04-11 16:41:52 | INFO | [Round 13] epoch=13/80 loss=1.7063 acc=35.89 val_acc=nan data_t=0.0028s batch_t=0.0885s epoch_t=00:01.37 lr=0.000937 | GPU MB alloc/reserved=278.5/1898.0
2026-04-11 16:41:52 | INFO | [Round 13] Epoch 13/80 time=00:01.37 avg=00:01.38 ETA=01:32.79 | GPU MB alloc/reserved=278.5/1898.0
2026-04-11 16:41:54 | INFO | [Round 13] epoch=14/80 loss=1.6679 acc=37.94 val_acc=nan data_t=0.0018s batch_t=0.0893s epoch_t=00:01.37 lr=0.000927 | GPU MB alloc/reserved=278.5/1898.0
2026-04-11 16:41:54 | INFO | [Round 13] Epoch 14/80 time=00:01.37 avg=00:01.38 ETA=01:31.32 | GPU MB alloc/reserved=278.5/1898.0
2026-04-11 16:41:55 | INFO | [Round 13] epoch=15/80 loss=1.7138 acc=34.72 val_acc=nan data_t=0.0028s batch_t=0.0895s epoch_t=00:01.38 lr=0.000917 | GPU MB alloc/reserved=278.5/1898.0
2026-04-11 16:41:55 | INFO | [Round 13] Epoch 15/80 time=00:01.38 avg=00:01.38 ETA=01:29.94 | GPU MB alloc/reserved=278.5/1898.0
2026-04-11 16:41:56 | INFO | [Round 13] epoch=16/80 loss=1.6510 acc=37.61 val_acc=nan data_t=0.0031s batch_t=0.0881s epoch_t=00:01.37 lr=0.000905 | GPU MB alloc/reserved=278.5/1898.0
2026-04-11 16:41:56 | INFO | [Round 13] Epoch 16/80 time=00:01.37 avg=00:01.38 ETA=01:28.49 | GPU MB alloc/reserved=278.5/1898.0
2026-04-11 16:41:58 | INFO | [Round 13] epoch=17/80 loss=1.6075 acc=39.33 val_acc=nan data_t=0.0027s batch_t=0.0879s epoch_t=00:01.36 lr=0.000894 | GPU MB alloc/reserved=278.5/1898.0
2026-04-11 16:41:58 | INFO | [Round 13] Epoch 17/80 time=00:01.36 avg=00:01.38 ETA=01:27.03 | GPU MB alloc/reserved=278.5/1898.0
2026-04-11 16:41:59 | INFO | [Round 13] epoch=18/80 loss=1.5397 acc=42.11 val_acc=nan data_t=0.0026s batch_t=0.0881s epoch_t=00:01.36 lr=0.000881 | GPU MB alloc/reserved=278.5/1898.0
2026-04-11 16:41:59 | INFO | [Round 13] Epoch 18/80 time=00:01.36 avg=00:01.38 ETA=01:25.58 | GPU MB alloc/reserved=278.5/1898.0
2026-04-11 16:42:00 | INFO | [Round 13] epoch=19/80 loss=1.5296 acc=43.06 val_acc=nan data_t=0.0019s batch_t=0.0896s epoch_t=00:01.37 lr=0.000868 | GPU MB alloc/reserved=278.5/1898.0
2026-04-11 16:42:00 | INFO | [Round 13] Epoch 19/80 time=00:01.37 avg=00:01.38 ETA=01:24.17 | GPU MB alloc/reserved=278.5/1898.0
2026-04-11 16:42:02 | INFO | [Round 13] epoch=20/80 loss=1.5316 acc=41.67 val_acc=nan data_t=0.0028s batch_t=0.0885s epoch_t=00:01.37 lr=0.000855 | GPU MB alloc/reserved=278.5/1898.0
2026-04-11 16:42:02 | INFO | [Round 13] Epoch 20/80 time=00:01.37 avg=00:01.38 ETA=01:22.76 | GPU MB alloc/reserved=278.5/1898.0
2026-04-11 16:42:03 | INFO | [Round 13] epoch=21/80 loss=1.4531 acc=45.39 val_acc=nan data_t=0.0017s batch_t=0.0873s epoch_t=00:01.34 lr=0.000841 | GPU MB alloc/reserved=278.5/1898.0
2026-04-11 16:42:03 | INFO | [Round 13] Epoch 21/80 time=00:01.34 avg=00:01.38 ETA=01:21.26 | GPU MB alloc/reserved=278.5/1898.0
2026-04-11 16:42:05 | INFO | [Round 13] epoch=22/80 loss=1.4233 acc=47.39 val_acc=nan data_t=0.0023s batch_t=0.0892s epoch_t=00:01.37 lr=0.000826 | GPU MB alloc/reserved=278.5/1898.0
2026-04-11 16:42:05 | INFO | [Round 13] Epoch 22/80 time=00:01.37 avg=00:01.38 ETA=01:19.87 | GPU MB alloc/reserved=278.5/1898.0
2026-04-11 16:42:06 | INFO | [Round 13] epoch=23/80 loss=1.4476 acc=46.56 val_acc=nan data_t=0.0028s batch_t=0.0899s epoch_t=00:01.39 lr=0.000811 | GPU MB alloc/reserved=278.5/1898.0
2026-04-11 16:42:06 | INFO | [Round 13] Epoch 23/80 time=00:01.39 avg=00:01.38 ETA=01:18.53 | GPU MB alloc/reserved=278.5/1898.0
2026-04-11 16:42:07 | INFO | [Round 13] epoch=24/80 loss=1.4512 acc=45.00 val_acc=nan data_t=0.0034s batch_t=0.0885s epoch_t=00:01.38 lr=0.000796 | GPU MB alloc/reserved=278.5/1898.0
2026-04-11 16:42:07 | INFO | [Round 13] Epoch 24/80 time=00:01.38 avg=00:01.38 ETA=01:17.15 | GPU MB alloc/reserved=278.5/1898.0
2026-04-11 16:42:09 | INFO | [Round 13] epoch=25/80 loss=1.4344 acc=46.28 val_acc=nan data_t=0.0018s batch_t=0.0865s epoch_t=00:01.32 lr=0.000780 | GPU MB alloc/reserved=278.5/1898.0
2026-04-11 16:42:09 | INFO | [Round 13] Epoch 25/80 time=00:01.32 avg=00:01.38 ETA=01:15.66 | GPU MB alloc/reserved=278.5/1898.0
2026-04-11 16:42:10 | INFO | [Round 13] epoch=26/80 loss=1.3637 acc=49.22 val_acc=nan data_t=0.0017s batch_t=0.0883s epoch_t=00:01.35 lr=0.000764 | GPU MB alloc/reserved=278.5/1898.0
2026-04-11 16:42:10 | INFO | [Round 13] Epoch 26/80 time=00:01.35 avg=00:01.37 ETA=01:14.23 | GPU MB alloc/reserved=278.5/1898.0
2026-04-11 16:42:11 | INFO | [Round 13] epoch=27/80 loss=1.3493 acc=48.11 val_acc=nan data_t=0.0030s batch_t=0.0886s epoch_t=00:01.37 lr=0.000747 | GPU MB alloc/reserved=278.5/1898.0
2026-04-11 16:42:11 | INFO | [Round 13] Epoch 27/80 time=00:01.37 avg=00:01.37 ETA=01:12.85 | GPU MB alloc/reserved=278.5/1898.0
2026-04-11 16:42:13 | INFO | [Round 13] epoch=28/80 loss=1.3058 acc=50.56 val_acc=nan data_t=0.0024s batch_t=0.0890s epoch_t=00:01.37 lr=0.000730 | GPU MB alloc/reserved=278.5/1898.0
2026-04-11 16:42:13 | INFO | [Round 13] Epoch 28/80 time=00:01.37 avg=00:01.37 ETA=01:11.47 | GPU MB alloc/reserved=278.5/1898.0
2026-04-11 16:42:14 | INFO | [Round 13] epoch=29/80 loss=1.3548 acc=51.06 val_acc=nan data_t=0.0028s batch_t=0.0881s epoch_t=00:01.36 lr=0.000712 | GPU MB alloc/reserved=278.5/1898.0
2026-04-11 16:42:14 | INFO | [Round 13] Epoch 29/80 time=00:01.36 avg=00:01.37 ETA=01:10.08 | GPU MB alloc/reserved=278.5/1898.0
2026-04-11 16:42:15 | INFO | [Round 13] epoch=30/80 loss=1.2799 acc=53.56 val_acc=nan data_t=0.0030s batch_t=0.0886s epoch_t=00:01.37 lr=0.000694 | GPU MB alloc/reserved=278.5/1898.0
2026-04-11 16:42:15 | INFO | [Round 13] Epoch 30/80 time=00:01.37 avg=00:01.37 ETA=01:08.70 | GPU MB alloc/reserved=278.5/1898.0
2026-04-11 16:42:17 | INFO | [Round 13] epoch=31/80 loss=1.2504 acc=52.00 val_acc=nan data_t=0.0019s batch_t=0.0885s epoch_t=00:01.36 lr=0.000676 | GPU MB alloc/reserved=278.5/1898.0
2026-04-11 16:42:17 | INFO | [Round 13] Epoch 31/80 time=00:01.36 avg=00:01.37 ETA=01:07.30 | GPU MB alloc/reserved=278.5/1898.0
2026-04-11 16:42:18 | INFO | [Round 13] epoch=32/80 loss=1.1980 acc=55.17 val_acc=nan data_t=0.0029s batch_t=0.0886s epoch_t=00:01.37 lr=0.000658 | GPU MB alloc/reserved=278.5/1898.0
2026-04-11 16:42:18 | INFO | [Round 13] Epoch 32/80 time=00:01.37 avg=00:01.37 ETA=01:05.93 | GPU MB alloc/reserved=278.5/1898.0
2026-04-11 16:42:20 | INFO | [Round 13] epoch=33/80 loss=1.1665 acc=57.22 val_acc=nan data_t=0.0029s batch_t=0.0886s epoch_t=00:01.37 lr=0.000639 | GPU MB alloc/reserved=278.5/1898.0
2026-04-11 16:42:20 | INFO | [Round 13] Epoch 33/80 time=00:01.37 avg=00:01.37 ETA=01:04.55 | GPU MB alloc/reserved=278.5/1898.0
2026-04-11 16:42:21 | INFO | [Round 13] epoch=34/80 loss=1.2347 acc=54.39 val_acc=nan data_t=0.0033s batch_t=0.0900s epoch_t=00:01.40 lr=0.000621 | GPU MB alloc/reserved=278.5/1898.0
2026-04-11 16:42:21 | INFO | [Round 13] Epoch 34/80 time=00:01.40 avg=00:01.37 ETA=01:03.22 | GPU MB alloc/reserved=278.5/1898.0
2026-04-11 16:42:22 | INFO | [Round 13] epoch=35/80 loss=1.2152 acc=55.67 val_acc=nan data_t=0.0030s batch_t=0.0882s epoch_t=00:01.37 lr=0.000602 | GPU MB alloc/reserved=278.5/1898.0
2026-04-11 16:42:22 | INFO | [Round 13] Epoch 35/80 time=00:01.37 avg=00:01.37 ETA=01:01.83 | GPU MB alloc/reserved=278.5/1898.0
2026-04-11 16:42:24 | INFO | [Round 13] epoch=36/80 loss=1.2215 acc=53.06 val_acc=nan data_t=0.0020s batch_t=0.0899s epoch_t=00:01.38 lr=0.000582 | GPU MB alloc/reserved=278.5/1898.0
2026-04-11 16:42:24 | INFO | [Round 13] Epoch 36/80 time=00:01.38 avg=00:01.37 ETA=01:00.46 | GPU MB alloc/reserved=278.5/1898.0
2026-04-11 16:42:25 | INFO | [Round 13] epoch=37/80 loss=1.1410 acc=58.56 val_acc=nan data_t=0.0017s batch_t=0.0901s epoch_t=00:01.38 lr=0.000563 | GPU MB alloc/reserved=278.5/1898.0
2026-04-11 16:42:25 | INFO | [Round 13] Epoch 37/80 time=00:01.38 avg=00:01.37 ETA=00:59.10 | GPU MB alloc/reserved=278.5/1898.0
2026-04-11 16:42:26 | INFO | [Round 13] epoch=38/80 loss=1.0702 acc=60.78 val_acc=nan data_t=0.0022s batch_t=0.0893s epoch_t=00:01.37 lr=0.000544 | GPU MB alloc/reserved=278.5/1898.0
2026-04-11 16:42:26 | INFO | [Round 13] Epoch 38/80 time=00:01.37 avg=00:01.37 ETA=00:57.72 | GPU MB alloc/reserved=278.5/1898.0
2026-04-11 16:42:28 | INFO | [Round 13] epoch=39/80 loss=1.0298 acc=61.78 val_acc=nan data_t=0.0025s batch_t=0.0890s epoch_t=00:01.37 lr=0.000524 | GPU MB alloc/reserved=278.5/1898.0
2026-04-11 16:42:28 | INFO | [Round 13] Epoch 39/80 time=00:01.37 avg=00:01.37 ETA=00:56.34 | GPU MB alloc/reserved=278.5/1898.0
2026-04-11 16:42:29 | INFO | [Round 13] epoch=40/80 loss=0.9875 acc=63.56 val_acc=nan data_t=0.0018s batch_t=0.0897s epoch_t=00:01.37 lr=0.000505 | GPU MB alloc/reserved=278.5/1898.0
2026-04-11 16:42:29 | INFO | [Round 13] Epoch 40/80 time=00:01.37 avg=00:01.37 ETA=00:54.97 | GPU MB alloc/reserved=278.5/1898.0
2026-04-11 16:42:31 | INFO | [Round 13] epoch=41/80 loss=0.9693 acc=64.72 val_acc=nan data_t=0.0035s batch_t=0.0883s epoch_t=00:01.38 lr=0.000486 | GPU MB alloc/reserved=278.5/1898.0
2026-04-11 16:42:31 | INFO | [Round 13] Epoch 41/80 time=00:01.38 avg=00:01.37 ETA=00:53.60 | GPU MB alloc/reserved=278.5/1898.0
2026-04-11 16:42:32 | INFO | [Round 13] epoch=42/80 loss=0.9247 acc=65.78 val_acc=nan data_t=0.0018s batch_t=0.0886s epoch_t=00:01.36 lr=0.000466 | GPU MB alloc/reserved=278.5/1898.0
2026-04-11 16:42:32 | INFO | [Round 13] Epoch 42/80 time=00:01.36 avg=00:01.37 ETA=00:52.21 | GPU MB alloc/reserved=278.5/1898.0
2026-04-11 16:42:33 | INFO | [Round 13] epoch=43/80 loss=0.8884 acc=66.89 val_acc=nan data_t=0.0025s batch_t=0.0889s epoch_t=00:01.37 lr=0.000447 | GPU MB alloc/reserved=278.5/1898.0
2026-04-11 16:42:33 | INFO | [Round 13] Epoch 43/80 time=00:01.37 avg=00:01.37 ETA=00:50.83 | GPU MB alloc/reserved=278.5/1898.0
2026-04-11 16:42:35 | INFO | [Round 13] epoch=44/80 loss=0.8420 acc=69.67 val_acc=nan data_t=0.0017s batch_t=0.0890s epoch_t=00:01.36 lr=0.000428 | GPU MB alloc/reserved=278.5/1898.0
2026-04-11 16:42:35 | INFO | [Round 13] Epoch 44/80 time=00:01.36 avg=00:01.37 ETA=00:49.45 | GPU MB alloc/reserved=278.5/1898.0
2026-04-11 16:42:36 | INFO | [Round 13] epoch=45/80 loss=0.8446 acc=69.28 val_acc=nan data_t=0.0032s batch_t=0.0883s epoch_t=00:01.37 lr=0.000408 | GPU MB alloc/reserved=278.5/1898.0
2026-04-11 16:42:36 | INFO | [Round 13] Epoch 45/80 time=00:01.37 avg=00:01.37 ETA=00:48.07 | GPU MB alloc/reserved=278.5/1898.0
2026-04-11 16:42:37 | INFO | [Round 13] epoch=46/80 loss=0.7849 acc=72.06 val_acc=nan data_t=0.0031s batch_t=0.0889s epoch_t=00:01.38 lr=0.000389 | GPU MB alloc/reserved=278.5/1898.0
2026-04-11 16:42:37 | INFO | [Round 13] Epoch 46/80 time=00:01.38 avg=00:01.37 ETA=00:46.70 | GPU MB alloc/reserved=278.5/1898.0
2026-04-11 16:42:39 | INFO | [Round 13] epoch=47/80 loss=0.7503 acc=72.00 val_acc=nan data_t=0.0019s batch_t=0.0885s epoch_t=00:01.36 lr=0.000371 | GPU MB alloc/reserved=278.5/1898.0
2026-04-11 16:42:39 | INFO | [Round 13] Epoch 47/80 time=00:01.36 avg=00:01.37 ETA=00:45.32 | GPU MB alloc/reserved=278.5/1898.0
2026-04-11 16:42:40 | INFO | [Round 13] epoch=48/80 loss=0.7368 acc=73.17 val_acc=nan data_t=0.0032s batch_t=0.0892s epoch_t=00:01.39 lr=0.000352 | GPU MB alloc/reserved=278.5/1898.0
2026-04-11 16:42:40 | INFO | [Round 13] Epoch 48/80 time=00:01.39 avg=00:01.37 ETA=00:43.95 | GPU MB alloc/reserved=278.5/1898.0
2026-04-11 16:42:42 | INFO | [Round 13] epoch=49/80 loss=0.7043 acc=73.44 val_acc=nan data_t=0.0019s batch_t=0.0887s epoch_t=00:01.36 lr=0.000334 | GPU MB alloc/reserved=278.5/1898.0
2026-04-11 16:42:42 | INFO | [Round 13] Epoch 49/80 time=00:01.36 avg=00:01.37 ETA=00:42.57 | GPU MB alloc/reserved=278.5/1898.0
2026-04-11 16:42:43 | INFO | [Round 13] epoch=50/80 loss=0.6657 acc=75.28 val_acc=nan data_t=0.0020s batch_t=0.0891s epoch_t=00:01.37 lr=0.000316 | GPU MB alloc/reserved=278.5/1898.0
2026-04-11 16:42:43 | INFO | [Round 13] Epoch 50/80 time=00:01.37 avg=00:01.37 ETA=00:41.19 | GPU MB alloc/reserved=278.5/1898.0
2026-04-11 16:42:44 | INFO | [Round 13] epoch=51/80 loss=0.6500 acc=76.22 val_acc=nan data_t=0.0022s batch_t=0.0888s epoch_t=00:01.37 lr=0.000298 | GPU MB alloc/reserved=278.5/1898.0
2026-04-11 16:42:44 | INFO | [Round 13] Epoch 51/80 time=00:01.37 avg=00:01.37 ETA=00:39.82 | GPU MB alloc/reserved=278.5/1898.0
2026-04-11 16:42:45 | INFO | [Round 13] epoch=52/80 loss=0.6458 acc=75.67 val_acc=nan data_t=0.0030s batch_t=0.0731s epoch_t=00:01.14 lr=0.000280 | GPU MB alloc/reserved=278.5/1898.0
2026-04-11 16:42:45 | INFO | [Round 13] Epoch 52/80 time=00:01.14 avg=00:01.37 ETA=00:38.32 | GPU MB alloc/reserved=278.5/1898.0
2026-04-11 16:42:47 | INFO | [Round 13] epoch=53/80 loss=0.5750 acc=79.83 val_acc=nan data_t=0.0026s batch_t=0.0967s epoch_t=00:01.49 lr=0.000263 | GPU MB alloc/reserved=278.5/1898.0
2026-04-11 16:42:47 | INFO | [Round 13] Epoch 53/80 time=00:01.49 avg=00:01.37 ETA=00:37.01 | GPU MB alloc/reserved=278.5/1898.0
2026-04-11 16:42:48 | INFO | [Round 13] epoch=54/80 loss=0.5667 acc=80.22 val_acc=nan data_t=0.0026s batch_t=0.0952s epoch_t=00:01.47 lr=0.000246 | GPU MB alloc/reserved=278.5/1898.0
2026-04-11 16:42:48 | INFO | [Round 13] Epoch 54/80 time=00:01.47 avg=00:01.37 ETA=00:35.69 | GPU MB alloc/reserved=278.5/1898.0
2026-04-11 16:42:50 | INFO | [Round 13] epoch=55/80 loss=0.5459 acc=80.33 val_acc=nan data_t=0.0028s batch_t=0.0977s epoch_t=00:01.51 lr=0.000230 | GPU MB alloc/reserved=278.5/1898.0
2026-04-11 16:42:50 | INFO | [Round 13] Epoch 55/80 time=00:01.51 avg=00:01.38 ETA=00:34.38 | GPU MB alloc/reserved=278.5/1898.0
2026-04-11 16:42:51 | INFO | [Round 13] epoch=56/80 loss=0.5276 acc=81.44 val_acc=nan data_t=0.0020s batch_t=0.0987s epoch_t=00:01.51 lr=0.000214 | GPU MB alloc/reserved=278.5/1898.0
2026-04-11 16:42:51 | INFO | [Round 13] Epoch 56/80 time=00:01.51 avg=00:01.38 ETA=00:33.06 | GPU MB alloc/reserved=278.5/1898.0
2026-04-11 16:42:53 | INFO | [Round 13] epoch=57/80 loss=0.5435 acc=81.06 val_acc=nan data_t=0.0030s batch_t=0.0981s epoch_t=00:01.52 lr=0.000199 | GPU MB alloc/reserved=278.5/1898.0
2026-04-11 16:42:53 | INFO | [Round 13] Epoch 57/80 time=00:01.52 avg=00:01.38 ETA=00:31.74 | GPU MB alloc/reserved=278.5/1898.0
2026-04-11 16:42:54 | INFO | [Round 13] epoch=58/80 loss=0.5004 acc=82.33 val_acc=nan data_t=0.0026s batch_t=0.0880s epoch_t=00:01.36 lr=0.000184 | GPU MB alloc/reserved=278.5/1898.0
2026-04-11 16:42:54 | INFO | [Round 13] Epoch 58/80 time=00:01.36 avg=00:01.38 ETA=00:30.35 | GPU MB alloc/reserved=278.5/1898.0
2026-04-11 16:42:55 | INFO | [Round 13] epoch=59/80 loss=0.5568 acc=80.67 val_acc=nan data_t=0.0022s batch_t=0.0590s epoch_t=00:00.92 lr=0.000169 | GPU MB alloc/reserved=278.5/1898.0
2026-04-11 16:42:55 | INFO | [Round 13] Epoch 59/80 time=00:00.92 avg=00:01.37 ETA=00:28.81 | GPU MB alloc/reserved=278.5/1898.0
2026-04-11 16:42:56 | INFO | [Round 13] epoch=60/80 loss=0.4728 acc=83.22 val_acc=nan data_t=0.0023s batch_t=0.0759s epoch_t=00:01.17 lr=0.000155 | GPU MB alloc/reserved=278.5/1898.0
2026-04-11 16:42:56 | INFO | [Round 13] Epoch 60/80 time=00:01.17 avg=00:01.37 ETA=00:27.37 | GPU MB alloc/reserved=278.5/1898.0
2026-04-11 16:42:57 | INFO | [Round 13] epoch=61/80 loss=0.4389 acc=85.44 val_acc=nan data_t=0.0019s batch_t=0.0603s epoch_t=00:00.93 lr=0.000142 | GPU MB alloc/reserved=278.5/1898.0
2026-04-11 16:42:57 | INFO | [Round 13] Epoch 61/80 time=00:00.93 avg=00:01.36 ETA=00:25.86 | GPU MB alloc/reserved=278.5/1898.0
2026-04-11 16:42:59 | INFO | [Round 13] epoch=62/80 loss=0.3993 acc=85.56 val_acc=nan data_t=0.0029s batch_t=0.0844s epoch_t=00:01.31 lr=0.000129 | GPU MB alloc/reserved=278.5/1898.0
2026-04-11 16:42:59 | INFO | [Round 13] Epoch 62/80 time=00:01.31 avg=00:01.36 ETA=00:24.49 | GPU MB alloc/reserved=278.5/1898.0
2026-04-11 16:43:00 | INFO | [Round 13] epoch=63/80 loss=0.3797 acc=87.06 val_acc=nan data_t=0.0026s batch_t=0.0871s epoch_t=00:01.35 lr=0.000116 | GPU MB alloc/reserved=278.5/1898.0
2026-04-11 16:43:00 | INFO | [Round 13] Epoch 63/80 time=00:01.35 avg=00:01.36 ETA=00:23.12 | GPU MB alloc/reserved=278.5/1898.0
2026-04-11 16:43:01 | INFO | [Round 13] epoch=64/80 loss=0.3681 acc=87.39 val_acc=nan data_t=0.0019s batch_t=0.0877s epoch_t=00:01.34 lr=0.000105 | GPU MB alloc/reserved=278.5/1898.0
2026-04-11 16:43:01 | INFO | [Round 13] Epoch 64/80 time=00:01.34 avg=00:01.36 ETA=00:21.76 | GPU MB alloc/reserved=278.5/1898.0
2026-04-11 16:43:03 | INFO | [Round 13] epoch=65/80 loss=0.3878 acc=86.33 val_acc=nan data_t=0.0017s batch_t=0.0902s epoch_t=00:01.38 lr=0.000093 | GPU MB alloc/reserved=278.5/1898.0
2026-04-11 16:43:03 | INFO | [Round 13] Epoch 65/80 time=00:01.38 avg=00:01.36 ETA=00:20.40 | GPU MB alloc/reserved=278.5/1898.0
2026-04-11 16:43:04 | INFO | [Round 13] epoch=66/80 loss=0.3366 acc=89.06 val_acc=nan data_t=0.0029s batch_t=0.0899s epoch_t=00:01.39 lr=0.000083 | GPU MB alloc/reserved=278.5/1898.0
2026-04-11 16:43:04 | INFO | [Round 13] Epoch 66/80 time=00:01.39 avg=00:01.36 ETA=00:19.05 | GPU MB alloc/reserved=278.5/1898.0
2026-04-11 16:43:06 | INFO | [Round 13] epoch=67/80 loss=0.3433 acc=88.61 val_acc=nan data_t=0.0017s batch_t=0.0900s epoch_t=00:01.37 lr=0.000073 | GPU MB alloc/reserved=278.5/1898.0
2026-04-11 16:43:06 | INFO | [Round 13] Epoch 67/80 time=00:01.37 avg=00:01.36 ETA=00:17.69 | GPU MB alloc/reserved=278.5/1898.0
2026-04-11 16:43:07 | INFO | [Round 13] epoch=68/80 loss=0.3143 acc=89.50 val_acc=nan data_t=0.0025s batch_t=0.0900s epoch_t=00:01.39 lr=0.000064 | GPU MB alloc/reserved=278.5/1898.0
2026-04-11 16:43:07 | INFO | [Round 13] Epoch 68/80 time=00:01.39 avg=00:01.36 ETA=00:16.34 | GPU MB alloc/reserved=278.5/1898.0
2026-04-11 16:43:08 | INFO | [Round 13] epoch=69/80 loss=0.3109 acc=89.50 val_acc=nan data_t=0.0029s batch_t=0.0881s epoch_t=00:01.37 lr=0.000055 | GPU MB alloc/reserved=278.5/1898.0
2026-04-11 16:43:08 | INFO | [Round 13] Epoch 69/80 time=00:01.37 avg=00:01.36 ETA=00:14.98 | GPU MB alloc/reserved=278.5/1898.0
2026-04-11 16:43:10 | INFO | [Round 13] epoch=70/80 loss=0.2944 acc=90.56 val_acc=nan data_t=0.0030s batch_t=0.0895s epoch_t=00:01.39 lr=0.000048 | GPU MB alloc/reserved=278.5/1898.0
2026-04-11 16:43:10 | INFO | [Round 13] Epoch 70/80 time=00:01.39 avg=00:01.36 ETA=00:13.62 | GPU MB alloc/reserved=278.5/1898.0
2026-04-11 16:43:11 | INFO | [Round 13] epoch=71/80 loss=0.2762 acc=91.94 val_acc=nan data_t=0.0028s batch_t=0.0893s epoch_t=00:01.38 lr=0.000041 | GPU MB alloc/reserved=278.5/1898.0
2026-04-11 16:43:11 | INFO | [Round 13] Epoch 71/80 time=00:01.38 avg=00:01.36 ETA=00:12.26 | GPU MB alloc/reserved=278.5/1898.0
2026-04-11 16:43:12 | INFO | [Round 13] epoch=72/80 loss=0.2717 acc=92.33 val_acc=nan data_t=0.0018s batch_t=0.0888s epoch_t=00:01.36 lr=0.000034 | GPU MB alloc/reserved=278.5/1898.0
2026-04-11 16:43:12 | INFO | [Round 13] Epoch 72/80 time=00:01.36 avg=00:01.36 ETA=00:10.90 | GPU MB alloc/reserved=278.5/1898.0
2026-04-11 16:43:14 | INFO | [Round 13] epoch=73/80 loss=0.2427 acc=93.06 val_acc=nan data_t=0.0025s batch_t=0.0897s epoch_t=00:01.38 lr=0.000029 | GPU MB alloc/reserved=278.5/1898.0
2026-04-11 16:43:14 | INFO | [Round 13] Epoch 73/80 time=00:01.38 avg=00:01.36 ETA=00:09.54 | GPU MB alloc/reserved=278.5/1898.0
2026-04-11 16:43:15 | INFO | [Round 13] epoch=74/80 loss=0.2292 acc=94.22 val_acc=nan data_t=0.0023s batch_t=0.0787s epoch_t=00:01.21 lr=0.000024 | GPU MB alloc/reserved=278.5/1898.0
2026-04-11 16:43:15 | INFO | [Round 13] Epoch 74/80 time=00:01.21 avg=00:01.36 ETA=00:08.16 | GPU MB alloc/reserved=278.5/1898.0
2026-04-11 16:43:17 | INFO | [Round 13] epoch=75/80 loss=0.2438 acc=93.11 val_acc=nan data_t=0.0018s batch_t=0.0941s epoch_t=00:01.44 lr=0.000020 | GPU MB alloc/reserved=278.5/1898.0
2026-04-11 16:43:17 | INFO | [Round 13] Epoch 75/80 time=00:01.44 avg=00:01.36 ETA=00:06.81 | GPU MB alloc/reserved=278.5/1898.0
2026-04-11 16:43:18 | INFO | [Round 13] epoch=76/80 loss=0.2385 acc=93.50 val_acc=nan data_t=0.0035s batch_t=0.0969s epoch_t=00:01.51 lr=0.000016 | GPU MB alloc/reserved=278.5/1898.0
2026-04-11 16:43:18 | INFO | [Round 13] Epoch 76/80 time=00:01.51 avg=00:01.36 ETA=00:05.45 | GPU MB alloc/reserved=278.5/1898.0
2026-04-11 16:43:20 | INFO | [Round 13] epoch=77/80 loss=0.2429 acc=93.28 val_acc=nan data_t=0.0018s batch_t=0.0981s epoch_t=00:01.50 lr=0.000013 | GPU MB alloc/reserved=278.5/1898.0
2026-04-11 16:43:20 | INFO | [Round 13] Epoch 77/80 time=00:01.50 avg=00:01.37 ETA=00:04.10 | GPU MB alloc/reserved=278.5/1898.0
2026-04-11 16:43:21 | INFO | [Round 13] epoch=78/80 loss=0.2360 acc=93.17 val_acc=nan data_t=0.0020s batch_t=0.0979s epoch_t=00:01.50 lr=0.000012 | GPU MB alloc/reserved=278.5/1898.0
2026-04-11 16:43:21 | INFO | [Round 13] Epoch 78/80 time=00:01.50 avg=00:01.37 ETA=00:02.73 | GPU MB alloc/reserved=278.5/1898.0
2026-04-11 16:43:23 | INFO | [Round 13] epoch=79/80 loss=0.2291 acc=93.94 val_acc=nan data_t=0.0018s batch_t=0.0986s epoch_t=00:01.51 lr=0.000010 | GPU MB alloc/reserved=278.5/1898.0
2026-04-11 16:43:23 | INFO | [Round 13] Epoch 79/80 time=00:01.51 avg=00:01.37 ETA=00:01.37 | GPU MB alloc/reserved=278.5/1898.0
2026-04-11 16:43:24 | INFO | [Round 13] epoch=80/80 loss=0.2181 acc=94.72 val_acc=nan data_t=0.0037s batch_t=0.0943s epoch_t=00:01.47 lr=0.000010 | GPU MB alloc/reserved=278.5/1898.0
2026-04-11 16:43:24 | INFO | [Round 13] Epoch 80/80 time=00:01.47 avg=00:01.37 ETA=00:00.00 | GPU MB alloc/reserved=278.5/1898.0
2026-04-11 16:43:24 | INFO | [Round 13] training complete in 01:49.93 (best monitor=94.722) | GPU MB alloc/reserved=278.5/1898.0
2026-04-11 16:43:24 | INFO | [Round 13] evaluation started | GPU MB alloc/reserved=192.0/1898.0
2026-04-11 16:43:32 | INFO | [Round 13] clean=59.80 fgsm=48.58 pgd=48.21 grad_disp_mean=nan grad_disp_sel=nan round_t=120.25s | GPU MB alloc/reserved=192.0/1898.0
2026-04-11 16:43:32 | INFO | [Round 14/21] elapsed=02:00.25 avg_round=01:20.52 projected_remaining=09:23.65 | GPU MB alloc/reserved=192.0/1898.0
2026-04-11 16:43:33 | INFO | [Round 14] acquisition on pool_size=48200 scored_pool=5000 budget=100 | GPU MB alloc/reserved=104.3/1898.0
2026-04-11 16:43:33 | INFO | [CoreSet-unlabeled-feat] scoring progress 10/20 elapsed=00:00.25 avg/batch=0.025s ETA=00:00.25 | GPU MB alloc/reserved=112.3/1898.0
2026-04-11 16:43:33 | INFO | [CoreSet-unlabeled-feat] scoring progress 20/20 elapsed=00:00.40 avg/batch=0.020s ETA=00:00.00 | GPU MB alloc/reserved=116.3/1898.0
2026-04-11 16:43:33 | INFO | [CoreSet-labeled-feat] scoring progress 8/8 elapsed=00:00.21 avg/batch=0.027s ETA=00:00.00 | GPU MB alloc/reserved=117.7/1898.0
2026-04-11 16:43:34 | INFO | [CoreSet] greedy 10/100 cover_radius=16.553488 | GPU: n/a
2026-04-11 16:43:34 | INFO | [CoreSet] greedy 20/100 cover_radius=16.018278 | GPU: n/a
2026-04-11 16:43:34 | INFO | [CoreSet] greedy 30/100 cover_radius=15.664776 | GPU: n/a
2026-04-11 16:43:34 | INFO | [CoreSet] greedy 40/100 cover_radius=15.267020 | GPU: n/a
2026-04-11 16:43:34 | INFO | [CoreSet] greedy 50/100 cover_radius=15.108313 | GPU: n/a
2026-04-11 16:43:34 | INFO | [CoreSet] greedy 60/100 cover_radius=14.989799 | GPU: n/a
2026-04-11 16:43:34 | INFO | [CoreSet] greedy 70/100 cover_radius=14.758865 | GPU: n/a
2026-04-11 16:43:34 | INFO | [CoreSet] greedy 80/100 cover_radius=14.698238 | GPU: n/a
2026-04-11 16:43:34 | INFO | [CoreSet] greedy 90/100 cover_radius=14.584720 | GPU: n/a
2026-04-11 16:43:35 | INFO | [CoreSet] greedy 100/100 cover_radius=14.433217 | GPU: n/a
2026-04-11 16:43:35 | INFO | [Round 14] labeled=1900 train=1900 val_fixed=0 | GPU MB alloc/reserved=147.6/1898.0
2026-04-11 16:43:37 | INFO | [Round 14] epoch=1/80 loss=2.2868 acc=19.11 val_acc=nan data_t=0.0117s batch_t=0.0955s epoch_t=00:01.61 lr=0.001000 | GPU MB alloc/reserved=278.9/1898.0
2026-04-11 16:43:37 | INFO | [Round 14] Epoch 1/80 time=00:01.61 avg=00:01.61 ETA=02:07.09 | GPU MB alloc/reserved=278.9/1898.0
2026-04-11 16:43:38 | INFO | [Round 14] epoch=2/80 loss=2.0939 acc=21.21 val_acc=nan data_t=0.0018s batch_t=0.0935s epoch_t=00:01.43 lr=0.000998 | GPU MB alloc/reserved=278.9/1898.0
2026-04-11 16:43:38 | INFO | [Round 14] Epoch 2/80 time=00:01.43 avg=00:01.52 ETA=01:58.50 | GPU MB alloc/reserved=278.9/1898.0
2026-04-11 16:43:40 | INFO | [Round 14] epoch=3/80 loss=1.9896 acc=25.11 val_acc=nan data_t=0.0018s batch_t=0.0931s epoch_t=00:01.42 lr=0.000997 | GPU MB alloc/reserved=278.9/1898.0
2026-04-11 16:43:40 | INFO | [Round 14] Epoch 3/80 time=00:01.42 avg=00:01.49 ETA=01:54.52 | GPU MB alloc/reserved=278.9/1898.0
2026-04-11 16:43:41 | INFO | [Round 14] epoch=4/80 loss=1.8917 acc=27.95 val_acc=nan data_t=0.0030s batch_t=0.0946s epoch_t=00:01.46 lr=0.000994 | GPU MB alloc/reserved=278.9/1898.0
2026-04-11 16:43:41 | INFO | [Round 14] Epoch 4/80 time=00:01.46 avg=00:01.48 ETA=01:52.60 | GPU MB alloc/reserved=278.9/1898.0
2026-04-11 16:43:43 | INFO | [Round 14] epoch=5/80 loss=1.8198 acc=31.42 val_acc=nan data_t=0.0018s batch_t=0.0925s epoch_t=00:01.41 lr=0.000990 | GPU MB alloc/reserved=278.9/1898.0
2026-04-11 16:43:43 | INFO | [Round 14] Epoch 5/80 time=00:01.41 avg=00:01.47 ETA=01:50.10 | GPU MB alloc/reserved=278.9/1898.0
2026-04-11 16:43:44 | INFO | [Round 14] epoch=6/80 loss=1.7672 acc=34.63 val_acc=nan data_t=0.0025s batch_t=0.0918s epoch_t=00:01.41 lr=0.000986 | GPU MB alloc/reserved=278.9/1898.0
2026-04-11 16:43:44 | INFO | [Round 14] Epoch 6/80 time=00:01.41 avg=00:01.46 ETA=01:47.98 | GPU MB alloc/reserved=278.9/1898.0
2026-04-11 16:43:45 | INFO | [Round 14] epoch=7/80 loss=1.7162 acc=34.79 val_acc=nan data_t=0.0029s batch_t=0.0938s epoch_t=00:01.45 lr=0.000981 | GPU MB alloc/reserved=278.9/1898.0
2026-04-11 16:43:45 | INFO | [Round 14] Epoch 7/80 time=00:01.45 avg=00:01.46 ETA=01:46.44 | GPU MB alloc/reserved=278.9/1898.0
2026-04-11 16:43:47 | INFO | [Round 14] epoch=8/80 loss=1.6722 acc=36.42 val_acc=nan data_t=0.0018s batch_t=0.0930s epoch_t=00:01.42 lr=0.000976 | GPU MB alloc/reserved=278.9/1898.0
2026-04-11 16:43:47 | INFO | [Round 14] Epoch 8/80 time=00:01.42 avg=00:01.45 ETA=01:44.66 | GPU MB alloc/reserved=278.9/1898.0
2026-04-11 16:43:48 | INFO | [Round 14] epoch=9/80 loss=1.6050 acc=39.53 val_acc=nan data_t=0.0017s batch_t=0.0935s epoch_t=00:01.43 lr=0.000969 | GPU MB alloc/reserved=278.9/1898.0
2026-04-11 16:43:48 | INFO | [Round 14] Epoch 9/80 time=00:01.43 avg=00:01.45 ETA=01:43.01 | GPU MB alloc/reserved=278.9/1898.0
2026-04-11 16:43:50 | INFO | [Round 14] epoch=10/80 loss=1.5664 acc=41.26 val_acc=nan data_t=0.0017s batch_t=0.0934s epoch_t=00:01.43 lr=0.000962 | GPU MB alloc/reserved=278.9/1898.0
2026-04-11 16:43:50 | INFO | [Round 14] Epoch 10/80 time=00:01.43 avg=00:01.45 ETA=01:41.39 | GPU MB alloc/reserved=278.9/1898.0
2026-04-11 16:43:51 | INFO | [Round 14] epoch=11/80 loss=1.5625 acc=41.53 val_acc=nan data_t=0.0028s batch_t=0.0927s epoch_t=00:01.43 lr=0.000955 | GPU MB alloc/reserved=278.9/1898.0
2026-04-11 16:43:51 | INFO | [Round 14] Epoch 11/80 time=00:01.43 avg=00:01.45 ETA=01:39.84 | GPU MB alloc/reserved=278.9/1898.0
2026-04-11 16:43:53 | INFO | [Round 14] epoch=12/80 loss=1.5053 acc=43.95 val_acc=nan data_t=0.0018s batch_t=0.0940s epoch_t=00:01.44 lr=0.000946 | GPU MB alloc/reserved=278.9/1898.0
2026-04-11 16:43:53 | INFO | [Round 14] Epoch 12/80 time=00:01.44 avg=00:01.45 ETA=01:38.33 | GPU MB alloc/reserved=278.9/1898.0
2026-04-11 16:43:54 | INFO | [Round 14] epoch=13/80 loss=1.4510 acc=44.89 val_acc=nan data_t=0.0025s batch_t=0.0930s epoch_t=00:01.43 lr=0.000937 | GPU MB alloc/reserved=278.9/1898.0
2026-04-11 16:43:54 | INFO | [Round 14] Epoch 13/80 time=00:01.43 avg=00:01.45 ETA=01:36.82 | GPU MB alloc/reserved=278.9/1898.0
2026-04-11 16:43:56 | INFO | [Round 14] epoch=14/80 loss=1.3829 acc=48.47 val_acc=nan data_t=0.0029s batch_t=0.0934s epoch_t=00:01.44 lr=0.000927 | GPU MB alloc/reserved=278.9/1898.0
2026-04-11 16:43:56 | INFO | [Round 14] Epoch 14/80 time=00:01.44 avg=00:01.45 ETA=01:35.37 | GPU MB alloc/reserved=278.9/1898.0
2026-04-11 16:43:57 | INFO | [Round 14] epoch=15/80 loss=1.3576 acc=50.05 val_acc=nan data_t=0.0033s batch_t=0.0942s epoch_t=00:01.46 lr=0.000917 | GPU MB alloc/reserved=278.9/1898.0
2026-04-11 16:43:57 | INFO | [Round 14] Epoch 15/80 time=00:01.46 avg=00:01.45 ETA=01:34.00 | GPU MB alloc/reserved=278.9/1898.0
2026-04-11 16:43:58 | INFO | [Round 14] epoch=16/80 loss=1.3203 acc=50.58 val_acc=nan data_t=0.0022s batch_t=0.0925s epoch_t=00:01.42 lr=0.000905 | GPU MB alloc/reserved=278.9/1898.0
2026-04-11 16:43:58 | INFO | [Round 14] Epoch 16/80 time=00:01.42 avg=00:01.44 ETA=01:32.46 | GPU MB alloc/reserved=278.9/1898.0
2026-04-11 16:44:00 | INFO | [Round 14] epoch=17/80 loss=1.2947 acc=51.16 val_acc=nan data_t=0.0028s batch_t=0.0931s epoch_t=00:01.44 lr=0.000894 | GPU MB alloc/reserved=278.9/1898.0
2026-04-11 16:44:00 | INFO | [Round 14] Epoch 17/80 time=00:01.44 avg=00:01.44 ETA=01:30.99 | GPU MB alloc/reserved=278.9/1898.0
2026-04-11 16:44:01 | INFO | [Round 14] epoch=18/80 loss=1.2653 acc=52.68 val_acc=nan data_t=0.0024s batch_t=0.0933s epoch_t=00:01.44 lr=0.000881 | GPU MB alloc/reserved=278.9/1898.0
2026-04-11 16:44:01 | INFO | [Round 14] Epoch 18/80 time=00:01.44 avg=00:01.44 ETA=01:29.52 | GPU MB alloc/reserved=278.9/1898.0
2026-04-11 16:44:03 | INFO | [Round 14] epoch=19/80 loss=1.1437 acc=57.21 val_acc=nan data_t=0.0019s batch_t=0.0931s epoch_t=00:01.43 lr=0.000868 | GPU MB alloc/reserved=278.9/1898.0
2026-04-11 16:44:03 | INFO | [Round 14] Epoch 19/80 time=00:01.43 avg=00:01.44 ETA=01:28.01 | GPU MB alloc/reserved=278.9/1898.0
2026-04-11 16:44:04 | INFO | [Round 14] epoch=20/80 loss=1.1153 acc=58.79 val_acc=nan data_t=0.0024s batch_t=0.0929s epoch_t=00:01.43 lr=0.000855 | GPU MB alloc/reserved=278.9/1898.0
2026-04-11 16:44:04 | INFO | [Round 14] Epoch 20/80 time=00:01.43 avg=00:01.44 ETA=01:26.53 | GPU MB alloc/reserved=278.9/1898.0
2026-04-11 16:44:06 | INFO | [Round 14] epoch=21/80 loss=1.1103 acc=56.84 val_acc=nan data_t=0.0028s batch_t=0.0932s epoch_t=00:01.44 lr=0.000841 | GPU MB alloc/reserved=278.9/1898.0
2026-04-11 16:44:06 | INFO | [Round 14] Epoch 21/80 time=00:01.44 avg=00:01.44 ETA=01:25.08 | GPU MB alloc/reserved=278.9/1898.0
2026-04-11 16:44:07 | INFO | [Round 14] epoch=22/80 loss=1.0008 acc=63.05 val_acc=nan data_t=0.0029s batch_t=0.0931s epoch_t=00:01.44 lr=0.000826 | GPU MB alloc/reserved=278.9/1898.0
2026-04-11 16:44:07 | INFO | [Round 14] Epoch 22/80 time=00:01.44 avg=00:01.44 ETA=01:23.64 | GPU MB alloc/reserved=278.9/1898.0
2026-04-11 16:44:08 | INFO | [Round 14] epoch=23/80 loss=0.9721 acc=62.42 val_acc=nan data_t=0.0027s batch_t=0.0924s epoch_t=00:01.43 lr=0.000811 | GPU MB alloc/reserved=278.9/1898.0
2026-04-11 16:44:08 | INFO | [Round 14] Epoch 23/80 time=00:01.43 avg=00:01.44 ETA=01:22.16 | GPU MB alloc/reserved=278.9/1898.0
2026-04-11 16:44:10 | INFO | [Round 14] epoch=24/80 loss=0.9460 acc=64.74 val_acc=nan data_t=0.0021s batch_t=0.0936s epoch_t=00:01.44 lr=0.000796 | GPU MB alloc/reserved=278.9/1898.0
2026-04-11 16:44:10 | INFO | [Round 14] Epoch 24/80 time=00:01.44 avg=00:01.44 ETA=01:20.70 | GPU MB alloc/reserved=278.9/1898.0
2026-04-11 16:44:11 | INFO | [Round 14] epoch=25/80 loss=0.9226 acc=65.42 val_acc=nan data_t=0.0031s batch_t=0.0919s epoch_t=00:01.43 lr=0.000780 | GPU MB alloc/reserved=278.9/1898.0
2026-04-11 16:44:11 | INFO | [Round 14] Epoch 25/80 time=00:01.43 avg=00:01.44 ETA=01:19.23 | GPU MB alloc/reserved=278.9/1898.0
2026-04-11 16:44:13 | INFO | [Round 14] epoch=26/80 loss=0.9126 acc=66.21 val_acc=nan data_t=0.0033s batch_t=0.0927s epoch_t=00:01.44 lr=0.000764 | GPU MB alloc/reserved=278.9/1898.0
2026-04-11 16:44:13 | INFO | [Round 14] Epoch 26/80 time=00:01.44 avg=00:01.44 ETA=01:17.79 | GPU MB alloc/reserved=278.9/1898.0
2026-04-11 16:44:14 | INFO | [Round 14] epoch=27/80 loss=0.8153 acc=68.68 val_acc=nan data_t=0.0029s batch_t=0.0929s epoch_t=00:01.44 lr=0.000747 | GPU MB alloc/reserved=278.9/1898.0
2026-04-11 16:44:14 | INFO | [Round 14] Epoch 27/80 time=00:01.44 avg=00:01.44 ETA=01:16.34 | GPU MB alloc/reserved=278.9/1898.0
2026-04-11 16:44:16 | INFO | [Round 14] epoch=28/80 loss=0.8581 acc=67.26 val_acc=nan data_t=0.0023s batch_t=0.0906s epoch_t=00:01.39 lr=0.000730 | GPU MB alloc/reserved=278.9/1898.0
2026-04-11 16:44:16 | INFO | [Round 14] Epoch 28/80 time=00:01.39 avg=00:01.44 ETA=01:14.81 | GPU MB alloc/reserved=278.9/1898.0
2026-04-11 16:44:17 | INFO | [Round 14] epoch=29/80 loss=0.7402 acc=73.21 val_acc=nan data_t=0.0019s batch_t=0.0921s epoch_t=00:01.41 lr=0.000712 | GPU MB alloc/reserved=278.9/1898.0
2026-04-11 16:44:17 | INFO | [Round 14] Epoch 29/80 time=00:01.41 avg=00:01.44 ETA=01:13.33 | GPU MB alloc/reserved=278.9/1898.0
2026-04-11 16:44:18 | INFO | [Round 14] epoch=30/80 loss=0.6758 acc=74.58 val_acc=nan data_t=0.0027s batch_t=0.0899s epoch_t=00:01.39 lr=0.000694 | GPU MB alloc/reserved=278.9/1898.0
2026-04-11 16:44:18 | INFO | [Round 14] Epoch 30/80 time=00:01.39 avg=00:01.44 ETA=01:11.81 | GPU MB alloc/reserved=278.9/1898.0
2026-04-11 16:44:20 | INFO | [Round 14] epoch=31/80 loss=0.6331 acc=77.00 val_acc=nan data_t=0.0025s batch_t=0.0919s epoch_t=00:01.42 lr=0.000676 | GPU MB alloc/reserved=278.9/1898.0
2026-04-11 16:44:20 | INFO | [Round 14] Epoch 31/80 time=00:01.42 avg=00:01.44 ETA=01:10.34 | GPU MB alloc/reserved=278.9/1898.0
2026-04-11 16:44:21 | INFO | [Round 14] epoch=32/80 loss=0.6212 acc=77.79 val_acc=nan data_t=0.0019s batch_t=0.0896s epoch_t=00:01.37 lr=0.000658 | GPU MB alloc/reserved=278.9/1898.0
2026-04-11 16:44:21 | INFO | [Round 14] Epoch 32/80 time=00:01.37 avg=00:01.43 ETA=01:08.81 | GPU MB alloc/reserved=278.9/1898.0
2026-04-11 16:44:23 | INFO | [Round 14] epoch=33/80 loss=0.6112 acc=77.95 val_acc=nan data_t=0.0031s batch_t=0.0943s epoch_t=00:01.46 lr=0.000639 | GPU MB alloc/reserved=278.9/1898.0
2026-04-11 16:44:23 | INFO | [Round 14] Epoch 33/80 time=00:01.46 avg=00:01.43 ETA=01:07.42 | GPU MB alloc/reserved=278.9/1898.0
2026-04-11 16:44:24 | INFO | [Round 14] epoch=34/80 loss=0.5883 acc=79.16 val_acc=nan data_t=0.0023s batch_t=0.0931s epoch_t=00:01.43 lr=0.000621 | GPU MB alloc/reserved=278.9/1898.0
2026-04-11 16:44:24 | INFO | [Round 14] Epoch 34/80 time=00:01.43 avg=00:01.43 ETA=01:05.98 | GPU MB alloc/reserved=278.9/1898.0
2026-04-11 16:44:26 | INFO | [Round 14] epoch=35/80 loss=0.4997 acc=81.89 val_acc=nan data_t=0.0026s batch_t=0.0930s epoch_t=00:01.43 lr=0.000602 | GPU MB alloc/reserved=278.9/1898.0
2026-04-11 16:44:26 | INFO | [Round 14] Epoch 35/80 time=00:01.43 avg=00:01.43 ETA=01:04.54 | GPU MB alloc/reserved=278.9/1898.0
2026-04-11 16:44:27 | INFO | [Round 14] epoch=36/80 loss=0.4425 acc=84.05 val_acc=nan data_t=0.0028s batch_t=0.0920s epoch_t=00:01.42 lr=0.000582 | GPU MB alloc/reserved=278.9/1898.0
2026-04-11 16:44:27 | INFO | [Round 14] Epoch 36/80 time=00:01.42 avg=00:01.43 ETA=01:03.10 | GPU MB alloc/reserved=278.9/1898.0
2026-04-11 16:44:28 | INFO | [Round 14] epoch=37/80 loss=0.4171 acc=84.53 val_acc=nan data_t=0.0028s batch_t=0.0939s epoch_t=00:01.45 lr=0.000563 | GPU MB alloc/reserved=278.9/1898.0
2026-04-11 16:44:28 | INFO | [Round 14] Epoch 37/80 time=00:01.45 avg=00:01.43 ETA=01:01.68 | GPU MB alloc/reserved=278.9/1898.0
2026-04-11 16:44:30 | INFO | [Round 14] epoch=38/80 loss=0.3540 acc=87.42 val_acc=nan data_t=0.0024s batch_t=0.0947s epoch_t=00:01.46 lr=0.000544 | GPU MB alloc/reserved=278.9/1898.0
2026-04-11 16:44:30 | INFO | [Round 14] Epoch 38/80 time=00:01.46 avg=00:01.44 ETA=01:00.27 | GPU MB alloc/reserved=278.9/1898.0
2026-04-11 16:44:31 | INFO | [Round 14] epoch=39/80 loss=0.3337 acc=88.16 val_acc=nan data_t=0.0018s batch_t=0.0914s epoch_t=00:01.40 lr=0.000524 | GPU MB alloc/reserved=278.9/1898.0
2026-04-11 16:44:31 | INFO | [Round 14] Epoch 39/80 time=00:01.40 avg=00:01.43 ETA=00:58.80 | GPU MB alloc/reserved=278.9/1898.0
2026-04-11 16:44:33 | INFO | [Round 14] epoch=40/80 loss=0.3357 acc=88.58 val_acc=nan data_t=0.0028s batch_t=0.0935s epoch_t=00:01.44 lr=0.000505 | GPU MB alloc/reserved=278.9/1898.0
2026-04-11 16:44:33 | INFO | [Round 14] Epoch 40/80 time=00:01.44 avg=00:01.43 ETA=00:57.38 | GPU MB alloc/reserved=278.9/1898.0
2026-04-11 16:44:34 | INFO | [Round 14] epoch=41/80 loss=0.3231 acc=88.26 val_acc=nan data_t=0.0028s batch_t=0.0918s epoch_t=00:01.42 lr=0.000486 | GPU MB alloc/reserved=278.9/1898.0
2026-04-11 16:44:34 | INFO | [Round 14] Epoch 41/80 time=00:01.42 avg=00:01.43 ETA=00:55.93 | GPU MB alloc/reserved=278.9/1898.0
2026-04-11 16:44:36 | INFO | [Round 14] epoch=42/80 loss=0.3039 acc=88.79 val_acc=nan data_t=0.0028s batch_t=0.0923s epoch_t=00:01.43 lr=0.000466 | GPU MB alloc/reserved=278.9/1898.0
2026-04-11 16:44:36 | INFO | [Round 14] Epoch 42/80 time=00:01.43 avg=00:01.43 ETA=00:54.49 | GPU MB alloc/reserved=278.9/1898.0
2026-04-11 16:44:37 | INFO | [Round 14] epoch=43/80 loss=0.2213 acc=92.42 val_acc=nan data_t=0.0017s batch_t=0.0892s epoch_t=00:01.36 lr=0.000447 | GPU MB alloc/reserved=278.9/1898.0
2026-04-11 16:44:37 | INFO | [Round 14] Epoch 43/80 time=00:01.36 avg=00:01.43 ETA=00:52.99 | GPU MB alloc/reserved=278.9/1898.0
2026-04-11 16:44:38 | INFO | [Round 14] epoch=44/80 loss=0.1774 acc=94.68 val_acc=nan data_t=0.0030s batch_t=0.0913s epoch_t=00:01.41 lr=0.000428 | GPU MB alloc/reserved=278.9/1898.0
2026-04-11 16:44:38 | INFO | [Round 14] Epoch 44/80 time=00:01.41 avg=00:01.43 ETA=00:51.55 | GPU MB alloc/reserved=278.9/1898.0
2026-04-11 16:44:40 | INFO | [Round 14] epoch=45/80 loss=0.1422 acc=96.11 val_acc=nan data_t=0.0023s batch_t=0.0932s epoch_t=00:01.43 lr=0.000408 | GPU MB alloc/reserved=278.9/1898.0
2026-04-11 16:44:40 | INFO | [Round 14] Epoch 45/80 time=00:01.43 avg=00:01.43 ETA=00:50.11 | GPU MB alloc/reserved=278.9/1898.0
2026-04-11 16:44:41 | INFO | [Round 14] epoch=46/80 loss=0.1578 acc=95.16 val_acc=nan data_t=0.0023s batch_t=0.0929s epoch_t=00:01.43 lr=0.000389 | GPU MB alloc/reserved=278.9/1898.0
2026-04-11 16:44:41 | INFO | [Round 14] Epoch 46/80 time=00:01.43 avg=00:01.43 ETA=00:48.68 | GPU MB alloc/reserved=278.9/1898.0
2026-04-11 16:44:43 | INFO | [Round 14] epoch=47/80 loss=0.1266 acc=96.53 val_acc=nan data_t=0.0030s batch_t=0.0917s epoch_t=00:01.42 lr=0.000371 | GPU MB alloc/reserved=278.9/1898.0
2026-04-11 16:44:43 | INFO | [Round 14] Epoch 47/80 time=00:01.42 avg=00:01.43 ETA=00:47.24 | GPU MB alloc/reserved=278.9/1898.0
2026-04-11 16:44:44 | INFO | [Round 14] epoch=48/80 loss=0.1119 acc=96.74 val_acc=nan data_t=0.0019s batch_t=0.0912s epoch_t=00:01.40 lr=0.000352 | GPU MB alloc/reserved=278.9/1898.0
2026-04-11 16:44:44 | INFO | [Round 14] Epoch 48/80 time=00:01.40 avg=00:01.43 ETA=00:45.79 | GPU MB alloc/reserved=278.9/1898.0
2026-04-11 16:44:46 | INFO | [Round 14] epoch=49/80 loss=0.1035 acc=96.68 val_acc=nan data_t=0.0029s batch_t=0.0933s epoch_t=00:01.44 lr=0.000334 | GPU MB alloc/reserved=278.9/1898.0
2026-04-11 16:44:46 | INFO | [Round 14] Epoch 49/80 time=00:01.44 avg=00:01.43 ETA=00:44.36 | GPU MB alloc/reserved=278.9/1898.0
2026-04-11 16:44:47 | INFO | [Round 14] epoch=50/80 loss=0.0949 acc=97.84 val_acc=nan data_t=0.0029s batch_t=0.0918s epoch_t=00:01.42 lr=0.000316 | GPU MB alloc/reserved=278.9/1898.0
2026-04-11 16:44:47 | INFO | [Round 14] Epoch 50/80 time=00:01.42 avg=00:01.43 ETA=00:42.93 | GPU MB alloc/reserved=278.9/1898.0
2026-04-11 16:44:48 | INFO | [Round 14] epoch=51/80 loss=0.0863 acc=97.47 val_acc=nan data_t=0.0030s batch_t=0.0916s epoch_t=00:01.42 lr=0.000298 | GPU MB alloc/reserved=278.9/1898.0
2026-04-11 16:44:48 | INFO | [Round 14] Epoch 51/80 time=00:01.42 avg=00:01.43 ETA=00:41.49 | GPU MB alloc/reserved=278.9/1898.0
2026-04-11 16:44:50 | INFO | [Round 14] epoch=52/80 loss=0.0842 acc=97.68 val_acc=nan data_t=0.0018s batch_t=0.0938s epoch_t=00:01.43 lr=0.000280 | GPU MB alloc/reserved=278.9/1898.0
2026-04-11 16:44:50 | INFO | [Round 14] Epoch 52/80 time=00:01.43 avg=00:01.43 ETA=00:40.06 | GPU MB alloc/reserved=278.9/1898.0
2026-04-11 16:44:51 | INFO | [Round 14] epoch=53/80 loss=0.0629 acc=98.42 val_acc=nan data_t=0.0027s batch_t=0.0770s epoch_t=00:01.20 lr=0.000263 | GPU MB alloc/reserved=278.9/1898.0
2026-04-11 16:44:51 | INFO | [Round 14] Epoch 53/80 time=00:01.20 avg=00:01.43 ETA=00:38.51 | GPU MB alloc/reserved=278.9/1898.0
2026-04-11 16:44:53 | INFO | [Round 14] epoch=54/80 loss=0.0545 acc=98.84 val_acc=nan data_t=0.0034s batch_t=0.1004s epoch_t=00:01.56 lr=0.000246 | GPU MB alloc/reserved=278.9/1898.0
2026-04-11 16:44:53 | INFO | [Round 14] Epoch 54/80 time=00:01.56 avg=00:01.43 ETA=00:37.15 | GPU MB alloc/reserved=278.9/1898.0
2026-04-11 16:44:54 | INFO | [Round 14] epoch=55/80 loss=0.0520 acc=98.68 val_acc=nan data_t=0.0024s batch_t=0.0978s epoch_t=00:01.50 lr=0.000230 | GPU MB alloc/reserved=278.9/1898.0
2026-04-11 16:44:54 | INFO | [Round 14] Epoch 55/80 time=00:01.50 avg=00:01.43 ETA=00:35.75 | GPU MB alloc/reserved=278.9/1898.0
2026-04-11 16:44:56 | INFO | [Round 14] epoch=56/80 loss=0.0485 acc=99.05 val_acc=nan data_t=0.0030s batch_t=0.1015s epoch_t=00:01.57 lr=0.000214 | GPU MB alloc/reserved=278.9/1898.0
2026-04-11 16:44:56 | INFO | [Round 14] Epoch 56/80 time=00:01.57 avg=00:01.43 ETA=00:34.38 | GPU MB alloc/reserved=278.9/1898.0
2026-04-11 16:44:57 | INFO | [Round 14] epoch=57/80 loss=0.0367 acc=99.37 val_acc=nan data_t=0.0018s batch_t=0.1013s epoch_t=00:01.55 lr=0.000199 | GPU MB alloc/reserved=278.9/1898.0
2026-04-11 16:44:57 | INFO | [Round 14] Epoch 57/80 time=00:01.55 avg=00:01.43 ETA=00:32.99 | GPU MB alloc/reserved=278.9/1898.0
2026-04-11 16:44:59 | INFO | [Round 14] epoch=58/80 loss=0.0326 acc=99.47 val_acc=nan data_t=0.0018s batch_t=0.1017s epoch_t=00:01.55 lr=0.000184 | GPU MB alloc/reserved=278.9/1898.0
2026-04-11 16:44:59 | INFO | [Round 14] Epoch 58/80 time=00:01.55 avg=00:01.44 ETA=00:31.60 | GPU MB alloc/reserved=278.9/1898.0
2026-04-11 16:45:00 | INFO | [Round 14] epoch=59/80 loss=0.0337 acc=99.16 val_acc=nan data_t=0.0022s batch_t=0.0863s epoch_t=00:01.33 lr=0.000169 | GPU MB alloc/reserved=278.9/1898.0
2026-04-11 16:45:00 | INFO | [Round 14] Epoch 59/80 time=00:01.33 avg=00:01.43 ETA=00:30.13 | GPU MB alloc/reserved=278.9/1898.0
2026-04-11 16:45:01 | INFO | [Round 14] epoch=60/80 loss=0.0273 acc=99.47 val_acc=nan data_t=0.0025s batch_t=0.0685s epoch_t=00:01.06 lr=0.000155 | GPU MB alloc/reserved=278.9/1898.0
2026-04-11 16:45:01 | INFO | [Round 14] Epoch 60/80 time=00:01.06 avg=00:01.43 ETA=00:28.57 | GPU MB alloc/reserved=278.9/1898.0
2026-04-11 16:45:02 | INFO | [Round 14] epoch=61/80 loss=0.0214 acc=99.84 val_acc=nan data_t=0.0023s batch_t=0.0668s epoch_t=00:01.04 lr=0.000142 | GPU MB alloc/reserved=278.9/1898.0
2026-04-11 16:45:02 | INFO | [Round 14] Epoch 61/80 time=00:01.04 avg=00:01.42 ETA=00:27.02 | GPU MB alloc/reserved=278.9/1898.0
2026-04-11 16:45:03 | INFO | [Round 14] epoch=62/80 loss=0.0204 acc=99.79 val_acc=nan data_t=0.0019s batch_t=0.0629s epoch_t=00:00.97 lr=0.000129 | GPU MB alloc/reserved=278.9/1898.0
2026-04-11 16:45:03 | INFO | [Round 14] Epoch 62/80 time=00:00.97 avg=00:01.41 ETA=00:25.47 | GPU MB alloc/reserved=278.9/1898.0
2026-04-11 16:45:05 | INFO | [Round 14] epoch=63/80 loss=0.0165 acc=99.95 val_acc=nan data_t=0.0019s batch_t=0.0921s epoch_t=00:01.41 lr=0.000116 | GPU MB alloc/reserved=278.9/1898.0
2026-04-11 16:45:05 | INFO | [Round 14] Epoch 63/80 time=00:01.41 avg=00:01.41 ETA=00:24.05 | GPU MB alloc/reserved=278.9/1898.0
2026-04-11 16:45:06 | INFO | [Round 14] epoch=64/80 loss=0.0127 acc=100.00 val_acc=nan data_t=0.0027s batch_t=0.0918s epoch_t=00:01.42 lr=0.000105 | GPU MB alloc/reserved=278.9/1898.0
2026-04-11 16:45:06 | INFO | [Round 14] Epoch 64/80 time=00:01.42 avg=00:01.41 ETA=00:22.64 | GPU MB alloc/reserved=278.9/1898.0
2026-04-11 16:45:07 | INFO | [Round 14] epoch=65/80 loss=0.0154 acc=99.89 val_acc=nan data_t=0.0017s batch_t=0.0911s epoch_t=00:01.39 lr=0.000093 | GPU MB alloc/reserved=278.9/1898.0
2026-04-11 16:45:07 | INFO | [Round 14] Epoch 65/80 time=00:01.39 avg=00:01.41 ETA=00:21.22 | GPU MB alloc/reserved=278.9/1898.0
2026-04-11 16:45:09 | INFO | [Round 14] epoch=66/80 loss=0.0130 acc=99.84 val_acc=nan data_t=0.0022s batch_t=0.0921s epoch_t=00:01.41 lr=0.000083 | GPU MB alloc/reserved=278.9/1898.0
2026-04-11 16:45:09 | INFO | [Round 14] Epoch 66/80 time=00:01.41 avg=00:01.41 ETA=00:19.80 | GPU MB alloc/reserved=278.9/1898.0
2026-04-11 16:45:10 | INFO | [Round 14] epoch=67/80 loss=0.0150 acc=99.89 val_acc=nan data_t=0.0019s batch_t=0.0928s epoch_t=00:01.42 lr=0.000073 | GPU MB alloc/reserved=278.9/1898.0
2026-04-11 16:45:10 | INFO | [Round 14] Epoch 67/80 time=00:01.42 avg=00:01.41 ETA=00:18.39 | GPU MB alloc/reserved=278.9/1898.0
2026-04-11 16:45:12 | INFO | [Round 14] epoch=68/80 loss=0.0126 acc=100.00 val_acc=nan data_t=0.0025s batch_t=0.0929s epoch_t=00:01.43 lr=0.000064 | GPU MB alloc/reserved=278.9/1898.0
2026-04-11 16:45:12 | INFO | [Round 14] Epoch 68/80 time=00:01.43 avg=00:01.41 ETA=00:16.98 | GPU MB alloc/reserved=278.9/1898.0
2026-04-11 16:45:13 | INFO | [Round 14] epoch=69/80 loss=0.0126 acc=99.95 val_acc=nan data_t=0.0019s batch_t=0.0931s epoch_t=00:01.43 lr=0.000055 | GPU MB alloc/reserved=278.9/1898.0
2026-04-11 16:45:13 | INFO | [Round 14] Epoch 69/80 time=00:01.43 avg=00:01.42 ETA=00:15.57 | GPU MB alloc/reserved=278.9/1898.0
2026-04-11 16:45:15 | INFO | [Round 14] epoch=70/80 loss=0.0105 acc=99.95 val_acc=nan data_t=0.0017s batch_t=0.0939s epoch_t=00:01.43 lr=0.000048 | GPU MB alloc/reserved=278.9/1898.0
2026-04-11 16:45:15 | INFO | [Round 14] Epoch 70/80 time=00:01.43 avg=00:01.42 ETA=00:14.15 | GPU MB alloc/reserved=278.9/1898.0
2026-04-11 16:45:16 | INFO | [Round 14] epoch=71/80 loss=0.0103 acc=99.95 val_acc=nan data_t=0.0019s batch_t=0.0925s epoch_t=00:01.42 lr=0.000041 | GPU MB alloc/reserved=278.9/1898.0
2026-04-11 16:45:16 | INFO | [Round 14] Epoch 71/80 time=00:01.42 avg=00:01.42 ETA=00:12.74 | GPU MB alloc/reserved=278.9/1898.0
2026-04-11 16:45:17 | INFO | [Round 14] epoch=72/80 loss=0.0136 acc=99.89 val_acc=nan data_t=0.0024s batch_t=0.0931s epoch_t=00:01.43 lr=0.000034 | GPU MB alloc/reserved=278.9/1898.0
2026-04-11 16:45:17 | INFO | [Round 14] Epoch 72/80 time=00:01.43 avg=00:01.42 ETA=00:11.32 | GPU MB alloc/reserved=278.9/1898.0
2026-04-11 16:45:19 | INFO | [Round 14] epoch=73/80 loss=0.0129 acc=99.84 val_acc=nan data_t=0.0029s batch_t=0.0924s epoch_t=00:01.43 lr=0.000029 | GPU MB alloc/reserved=278.9/1898.0
2026-04-11 16:45:19 | INFO | [Round 14] Epoch 73/80 time=00:01.43 avg=00:01.42 ETA=00:09.91 | GPU MB alloc/reserved=278.9/1898.0
2026-04-11 16:45:20 | INFO | [Round 14] epoch=74/80 loss=0.0114 acc=99.95 val_acc=nan data_t=0.0019s batch_t=0.0931s epoch_t=00:01.43 lr=0.000024 | GPU MB alloc/reserved=278.9/1898.0
2026-04-11 16:45:20 | INFO | [Round 14] Epoch 74/80 time=00:01.43 avg=00:01.42 ETA=00:08.50 | GPU MB alloc/reserved=278.9/1898.0
2026-04-11 16:45:21 | INFO | [Round 14] epoch=75/80 loss=0.0117 acc=99.95 val_acc=nan data_t=0.0021s batch_t=0.0769s epoch_t=00:01.19 lr=0.000020 | GPU MB alloc/reserved=278.9/1898.0
2026-04-11 16:45:21 | INFO | [Round 14] Epoch 75/80 time=00:01.19 avg=00:01.41 ETA=00:07.06 | GPU MB alloc/reserved=278.9/1898.0
2026-04-11 16:45:23 | INFO | [Round 14] epoch=76/80 loss=0.0118 acc=99.84 val_acc=nan data_t=0.0027s batch_t=0.1000s epoch_t=00:01.54 lr=0.000016 | GPU MB alloc/reserved=278.9/1898.0
2026-04-11 16:45:23 | INFO | [Round 14] Epoch 76/80 time=00:01.54 avg=00:01.41 ETA=00:05.66 | GPU MB alloc/reserved=278.9/1898.0
2026-04-11 16:45:25 | INFO | [Round 14] epoch=77/80 loss=0.0097 acc=99.89 val_acc=nan data_t=0.0020s batch_t=0.0992s epoch_t=00:01.52 lr=0.000013 | GPU MB alloc/reserved=278.9/1898.0
2026-04-11 16:45:25 | INFO | [Round 14] Epoch 77/80 time=00:01.52 avg=00:01.42 ETA=00:04.25 | GPU MB alloc/reserved=278.9/1898.0
2026-04-11 16:45:26 | INFO | [Round 14] epoch=78/80 loss=0.0110 acc=100.00 val_acc=nan data_t=0.0017s batch_t=0.1018s epoch_t=00:01.55 lr=0.000012 | GPU MB alloc/reserved=278.9/1898.0
2026-04-11 16:45:26 | INFO | [Round 14] Epoch 78/80 time=00:01.55 avg=00:01.42 ETA=00:02.84 | GPU MB alloc/reserved=278.9/1898.0
2026-04-11 16:45:28 | INFO | [Round 14] epoch=79/80 loss=0.0108 acc=99.89 val_acc=nan data_t=0.0018s batch_t=0.1025s epoch_t=00:01.56 lr=0.000010 | GPU MB alloc/reserved=278.9/1898.0
2026-04-11 16:45:28 | INFO | [Round 14] Epoch 79/80 time=00:01.56 avg=00:01.42 ETA=00:01.42 | GPU MB alloc/reserved=278.9/1898.0
2026-04-11 16:45:29 | INFO | [Round 14] epoch=80/80 loss=0.0106 acc=99.95 val_acc=nan data_t=0.0027s batch_t=0.1028s epoch_t=00:01.58 lr=0.000010 | GPU MB alloc/reserved=278.9/1898.0
2026-04-11 16:45:29 | INFO | [Round 14] Epoch 80/80 time=00:01.58 avg=00:01.42 ETA=00:00.00 | GPU MB alloc/reserved=278.9/1898.0
2026-04-11 16:45:30 | INFO | [Round 14] training complete in 01:54.06 (best monitor=100.000) | GPU MB alloc/reserved=278.9/1898.0
2026-04-11 16:45:30 | INFO | [Round 14] evaluation started | GPU MB alloc/reserved=192.2/1898.0
2026-04-11 16:45:37 | INFO | [Round 14] clean=59.45 fgsm=48.42 pgd=48.09 grad_disp_mean=nan grad_disp_sel=nan round_t=124.49s | GPU MB alloc/reserved=192.2/1898.0
2026-04-11 16:45:37 | INFO | [Round 15/21] elapsed=02:04.49 avg_round=01:23.45 projected_remaining=08:20.72 | GPU MB alloc/reserved=192.2/1898.0
2026-04-11 16:45:38 | INFO | [Round 15] acquisition on pool_size=48100 scored_pool=5000 budget=100 | GPU MB alloc/reserved=104.2/1898.0
2026-04-11 16:45:38 | INFO | [CoreSet-unlabeled-feat] scoring progress 10/20 elapsed=00:00.25 avg/batch=0.025s ETA=00:00.25 | GPU MB alloc/reserved=112.2/1898.0
2026-04-11 16:45:39 | INFO | [CoreSet-unlabeled-feat] scoring progress 20/20 elapsed=00:00.38 avg/batch=0.019s ETA=00:00.00 | GPU MB alloc/reserved=115.7/1898.0
2026-04-11 16:45:39 | INFO | [CoreSet-labeled-feat] scoring progress 8/8 elapsed=00:00.21 avg/batch=0.027s ETA=00:00.00 | GPU MB alloc/reserved=119.0/1898.0
2026-04-11 16:45:39 | INFO | [CoreSet] greedy 10/100 cover_radius=17.777288 | GPU: n/a
2026-04-11 16:45:39 | INFO | [CoreSet] greedy 20/100 cover_radius=17.190371 | GPU: n/a
2026-04-11 16:45:39 | INFO | [CoreSet] greedy 30/100 cover_radius=16.853865 | GPU: n/a
2026-04-11 16:45:39 | INFO | [CoreSet] greedy 40/100 cover_radius=16.768259 | GPU: n/a
2026-04-11 16:45:39 | INFO | [CoreSet] greedy 50/100 cover_radius=16.620260 | GPU: n/a
2026-04-11 16:45:40 | INFO | [CoreSet] greedy 60/100 cover_radius=16.502287 | GPU: n/a
2026-04-11 16:45:40 | INFO | [CoreSet] greedy 70/100 cover_radius=16.363966 | GPU: n/a
2026-04-11 16:45:40 | INFO | [CoreSet] greedy 80/100 cover_radius=16.203558 | GPU: n/a
2026-04-11 16:45:40 | INFO | [CoreSet] greedy 90/100 cover_radius=16.126991 | GPU: n/a
2026-04-11 16:45:40 | INFO | [CoreSet] greedy 100/100 cover_radius=16.031794 | GPU: n/a
2026-04-11 16:45:41 | INFO | [Round 15] labeled=2000 train=2000 val_fixed=0 | GPU MB alloc/reserved=148.9/1898.0
2026-04-11 16:45:42 | INFO | [Round 15] epoch=1/80 loss=2.2986 acc=17.20 val_acc=nan data_t=0.0117s batch_t=0.0972s epoch_t=00:01.74 lr=0.001000 | GPU MB alloc/reserved=277.9/1898.0
2026-04-11 16:45:42 | INFO | [Round 15] Epoch 1/80 time=00:01.74 avg=00:01.74 ETA=02:17.66 | GPU MB alloc/reserved=277.9/1898.0
2026-04-11 16:45:44 | INFO | [Round 15] epoch=2/80 loss=2.1005 acc=21.15 val_acc=nan data_t=0.0026s batch_t=0.0926s epoch_t=00:01.52 lr=0.000998 | GPU MB alloc/reserved=277.9/1898.0
2026-04-11 16:45:44 | INFO | [Round 15] Epoch 2/80 time=00:01.52 avg=00:01.63 ETA=02:07.38 | GPU MB alloc/reserved=277.9/1898.0
2026-04-11 16:45:45 | INFO | [Round 15] epoch=3/80 loss=1.9760 acc=26.10 val_acc=nan data_t=0.0020s batch_t=0.0931s epoch_t=00:01.52 lr=0.000997 | GPU MB alloc/reserved=277.9/1898.0
2026-04-11 16:45:45 | INFO | [Round 15] Epoch 3/80 time=00:01.52 avg=00:01.60 ETA=02:02.90 | GPU MB alloc/reserved=277.9/1898.0
2026-04-11 16:45:47 | INFO | [Round 15] epoch=4/80 loss=1.9229 acc=28.70 val_acc=nan data_t=0.0021s batch_t=0.0921s epoch_t=00:01.51 lr=0.000994 | GPU MB alloc/reserved=277.9/1898.0
2026-04-11 16:45:47 | INFO | [Round 15] Epoch 4/80 time=00:01.51 avg=00:01.57 ETA=01:59.64 | GPU MB alloc/reserved=277.9/1898.0
2026-04-11 16:45:48 | INFO | [Round 15] epoch=5/80 loss=1.8615 acc=28.50 val_acc=nan data_t=0.0020s batch_t=0.0918s epoch_t=00:01.50 lr=0.000990 | GPU MB alloc/reserved=277.9/1898.0
2026-04-11 16:45:48 | INFO | [Round 15] Epoch 5/80 time=00:01.50 avg=00:01.56 ETA=01:56.96 | GPU MB alloc/reserved=277.9/1898.0
2026-04-11 16:45:50 | INFO | [Round 15] epoch=6/80 loss=1.8068 acc=32.50 val_acc=nan data_t=0.0020s batch_t=0.0919s epoch_t=00:01.50 lr=0.000986 | GPU MB alloc/reserved=277.9/1898.0
2026-04-11 16:45:50 | INFO | [Round 15] Epoch 6/80 time=00:01.50 avg=00:01.55 ETA=01:54.69 | GPU MB alloc/reserved=277.9/1898.0
2026-04-11 16:45:51 | INFO | [Round 15] epoch=7/80 loss=1.7857 acc=34.05 val_acc=nan data_t=0.0030s batch_t=0.0917s epoch_t=00:01.52 lr=0.000981 | GPU MB alloc/reserved=277.9/1898.0
2026-04-11 16:45:51 | INFO | [Round 15] Epoch 7/80 time=00:01.52 avg=00:01.54 ETA=01:52.78 | GPU MB alloc/reserved=277.9/1898.0
2026-04-11 16:45:53 | INFO | [Round 15] epoch=8/80 loss=1.6948 acc=36.35 val_acc=nan data_t=0.0027s batch_t=0.0918s epoch_t=00:01.51 lr=0.000976 | GPU MB alloc/reserved=277.9/1898.0
2026-04-11 16:45:53 | INFO | [Round 15] Epoch 8/80 time=00:01.51 avg=00:01.54 ETA=01:50.95 | GPU MB alloc/reserved=277.9/1898.0
2026-04-11 16:45:54 | INFO | [Round 15] epoch=9/80 loss=1.6923 acc=35.70 val_acc=nan data_t=0.0027s batch_t=0.0907s epoch_t=00:01.49 lr=0.000969 | GPU MB alloc/reserved=277.9/1898.0
2026-04-11 16:45:54 | INFO | [Round 15] Epoch 9/80 time=00:01.49 avg=00:01.54 ETA=01:49.04 | GPU MB alloc/reserved=277.9/1898.0
2026-04-11 16:45:56 | INFO | [Round 15] epoch=10/80 loss=1.6076 acc=39.25 val_acc=nan data_t=0.0034s batch_t=0.0920s epoch_t=00:01.53 lr=0.000962 | GPU MB alloc/reserved=277.9/1898.0
2026-04-11 16:45:56 | INFO | [Round 15] Epoch 10/80 time=00:01.53 avg=00:01.53 ETA=01:47.44 | GPU MB alloc/reserved=277.9/1898.0
2026-04-11 16:45:57 | INFO | [Round 15] epoch=11/80 loss=1.5875 acc=40.80 val_acc=nan data_t=0.0018s batch_t=0.0929s epoch_t=00:01.52 lr=0.000955 | GPU MB alloc/reserved=277.9/1898.0
2026-04-11 16:45:57 | INFO | [Round 15] Epoch 11/80 time=00:01.52 avg=00:01.53 ETA=01:45.78 | GPU MB alloc/reserved=277.9/1898.0
2026-04-11 16:45:59 | INFO | [Round 15] epoch=12/80 loss=1.5705 acc=41.40 val_acc=nan data_t=0.0026s batch_t=0.0919s epoch_t=00:01.51 lr=0.000946 | GPU MB alloc/reserved=277.9/1898.0
2026-04-11 16:45:59 | INFO | [Round 15] Epoch 12/80 time=00:01.51 avg=00:01.53 ETA=01:44.13 | GPU MB alloc/reserved=277.9/1898.0
2026-04-11 16:46:01 | INFO | [Round 15] epoch=13/80 loss=1.5222 acc=43.40 val_acc=nan data_t=0.0029s batch_t=0.0918s epoch_t=00:01.52 lr=0.000937 | GPU MB alloc/reserved=277.9/1898.0
2026-04-11 16:46:01 | INFO | [Round 15] Epoch 13/80 time=00:01.52 avg=00:01.53 ETA=01:42.52 | GPU MB alloc/reserved=277.9/1898.0
2026-04-11 16:46:02 | INFO | [Round 15] epoch=14/80 loss=1.4881 acc=43.55 val_acc=nan data_t=0.0020s batch_t=0.0924s epoch_t=00:01.51 lr=0.000927 | GPU MB alloc/reserved=277.9/1898.0
2026-04-11 16:46:02 | INFO | [Round 15] Epoch 14/80 time=00:01.51 avg=00:01.53 ETA=01:40.89 | GPU MB alloc/reserved=277.9/1898.0
2026-04-11 16:46:04 | INFO | [Round 15] epoch=15/80 loss=1.4248 acc=46.20 val_acc=nan data_t=0.0019s batch_t=0.0936s epoch_t=00:01.53 lr=0.000917 | GPU MB alloc/reserved=277.9/1898.0
2026-04-11 16:46:04 | INFO | [Round 15] Epoch 15/80 time=00:01.53 avg=00:01.53 ETA=01:39.36 | GPU MB alloc/reserved=277.9/1898.0
2026-04-11 16:46:05 | INFO | [Round 15] epoch=16/80 loss=1.3664 acc=49.65 val_acc=nan data_t=0.0023s batch_t=0.0921s epoch_t=00:01.51 lr=0.000905 | GPU MB alloc/reserved=277.9/1898.0
2026-04-11 16:46:05 | INFO | [Round 15] Epoch 16/80 time=00:01.51 avg=00:01.53 ETA=01:37.76 | GPU MB alloc/reserved=277.9/1898.0
2026-04-11 16:46:07 | INFO | [Round 15] epoch=17/80 loss=1.3422 acc=49.75 val_acc=nan data_t=0.0030s batch_t=0.0926s epoch_t=00:01.53 lr=0.000894 | GPU MB alloc/reserved=277.9/1898.0
2026-04-11 16:46:07 | INFO | [Round 15] Epoch 17/80 time=00:01.53 avg=00:01.53 ETA=01:36.24 | GPU MB alloc/reserved=277.9/1898.0
2026-04-11 16:46:08 | INFO | [Round 15] epoch=18/80 loss=1.3029 acc=52.30 val_acc=nan data_t=0.0031s batch_t=0.0914s epoch_t=00:01.51 lr=0.000881 | GPU MB alloc/reserved=277.9/1898.0
2026-04-11 16:46:08 | INFO | [Round 15] Epoch 18/80 time=00:01.51 avg=00:01.53 ETA=01:34.67 | GPU MB alloc/reserved=277.9/1898.0
2026-04-11 16:46:10 | INFO | [Round 15] epoch=19/80 loss=1.2526 acc=53.00 val_acc=nan data_t=0.0027s batch_t=0.0919s epoch_t=00:01.51 lr=0.000868 | GPU MB alloc/reserved=277.9/1898.0
2026-04-11 16:46:10 | INFO | [Round 15] Epoch 19/80 time=00:01.51 avg=00:01.53 ETA=01:33.10 | GPU MB alloc/reserved=277.9/1898.0
2026-04-11 16:46:11 | INFO | [Round 15] epoch=20/80 loss=1.1835 acc=56.10 val_acc=nan data_t=0.0022s batch_t=0.0928s epoch_t=00:01.52 lr=0.000855 | GPU MB alloc/reserved=277.9/1898.0
2026-04-11 16:46:11 | INFO | [Round 15] Epoch 20/80 time=00:01.52 avg=00:01.53 ETA=01:31.55 | GPU MB alloc/reserved=277.9/1898.0
2026-04-11 16:46:13 | INFO | [Round 15] epoch=21/80 loss=1.1576 acc=56.50 val_acc=nan data_t=0.0029s batch_t=0.0914s epoch_t=00:01.51 lr=0.000841 | GPU MB alloc/reserved=277.9/1898.0
2026-04-11 16:46:13 | INFO | [Round 15] Epoch 21/80 time=00:01.51 avg=00:01.53 ETA=01:29.98 | GPU MB alloc/reserved=277.9/1898.0
2026-04-11 16:46:14 | INFO | [Round 15] epoch=22/80 loss=1.1157 acc=58.20 val_acc=nan data_t=0.0024s batch_t=0.0919s epoch_t=00:01.51 lr=0.000826 | GPU MB alloc/reserved=277.9/1898.0
2026-04-11 16:46:14 | INFO | [Round 15] Epoch 22/80 time=00:01.51 avg=00:01.52 ETA=01:28.41 | GPU MB alloc/reserved=277.9/1898.0
2026-04-11 16:46:16 | INFO | [Round 15] epoch=23/80 loss=1.0311 acc=61.50 val_acc=nan data_t=0.0018s batch_t=0.0923s epoch_t=00:01.50 lr=0.000811 | GPU MB alloc/reserved=277.9/1898.0
2026-04-11 16:46:16 | INFO | [Round 15] Epoch 23/80 time=00:01.50 avg=00:01.52 ETA=01:26.84 | GPU MB alloc/reserved=277.9/1898.0
2026-04-11 16:46:17 | INFO | [Round 15] epoch=24/80 loss=0.9821 acc=62.65 val_acc=nan data_t=0.0032s batch_t=0.0920s epoch_t=00:01.52 lr=0.000796 | GPU MB alloc/reserved=277.9/1898.0
2026-04-11 16:46:17 | INFO | [Round 15] Epoch 24/80 time=00:01.52 avg=00:01.52 ETA=01:25.31 | GPU MB alloc/reserved=277.9/1898.0
2026-04-11 16:46:19 | INFO | [Round 15] epoch=25/80 loss=0.9891 acc=64.15 val_acc=nan data_t=0.0020s batch_t=0.0929s epoch_t=00:01.52 lr=0.000780 | GPU MB alloc/reserved=277.9/1898.0
2026-04-11 16:46:19 | INFO | [Round 15] Epoch 25/80 time=00:01.52 avg=00:01.52 ETA=01:23.78 | GPU MB alloc/reserved=277.9/1898.0
2026-04-11 16:46:20 | INFO | [Round 15] epoch=26/80 loss=0.9131 acc=65.65 val_acc=nan data_t=0.0030s batch_t=0.0917s epoch_t=00:01.52 lr=0.000764 | GPU MB alloc/reserved=277.9/1898.0
2026-04-11 16:46:20 | INFO | [Round 15] Epoch 26/80 time=00:01.52 avg=00:01.52 ETA=01:22.24 | GPU MB alloc/reserved=277.9/1898.0
2026-04-11 16:46:22 | INFO | [Round 15] epoch=27/80 loss=0.8657 acc=67.55 val_acc=nan data_t=0.0017s batch_t=0.0922s epoch_t=00:01.50 lr=0.000747 | GPU MB alloc/reserved=277.9/1898.0
2026-04-11 16:46:22 | INFO | [Round 15] Epoch 27/80 time=00:01.50 avg=00:01.52 ETA=01:20.68 | GPU MB alloc/reserved=277.9/1898.0
2026-04-11 16:46:23 | INFO | [Round 15] epoch=28/80 loss=0.8343 acc=68.90 val_acc=nan data_t=0.0024s batch_t=0.0916s epoch_t=00:01.50 lr=0.000730 | GPU MB alloc/reserved=277.9/1898.0
2026-04-11 16:46:23 | INFO | [Round 15] Epoch 28/80 time=00:01.50 avg=00:01.52 ETA=01:19.12 | GPU MB alloc/reserved=277.9/1898.0
2026-04-11 16:46:25 | INFO | [Round 15] epoch=29/80 loss=0.7923 acc=70.00 val_acc=nan data_t=0.0017s batch_t=0.0928s epoch_t=00:01.51 lr=0.000712 | GPU MB alloc/reserved=277.9/1898.0
2026-04-11 16:46:25 | INFO | [Round 15] Epoch 29/80 time=00:01.51 avg=00:01.52 ETA=01:17.59 | GPU MB alloc/reserved=277.9/1898.0
2026-04-11 16:46:26 | INFO | [Round 15] epoch=30/80 loss=0.7448 acc=73.10 val_acc=nan data_t=0.0019s batch_t=0.0926s epoch_t=00:01.51 lr=0.000694 | GPU MB alloc/reserved=277.9/1898.0
2026-04-11 16:46:26 | INFO | [Round 15] Epoch 30/80 time=00:01.51 avg=00:01.52 ETA=01:16.05 | GPU MB alloc/reserved=277.9/1898.0
2026-04-11 16:46:28 | INFO | [Round 15] epoch=31/80 loss=0.7393 acc=72.10 val_acc=nan data_t=0.0031s batch_t=0.0911s epoch_t=00:01.51 lr=0.000676 | GPU MB alloc/reserved=277.9/1898.0
2026-04-11 16:46:28 | INFO | [Round 15] Epoch 31/80 time=00:01.51 avg=00:01.52 ETA=01:14.50 | GPU MB alloc/reserved=277.9/1898.0
2026-04-11 16:46:29 | INFO | [Round 15] epoch=32/80 loss=0.6728 acc=74.90 val_acc=nan data_t=0.0018s batch_t=0.0920s epoch_t=00:01.50 lr=0.000658 | GPU MB alloc/reserved=277.9/1898.0
2026-04-11 16:46:29 | INFO | [Round 15] Epoch 32/80 time=00:01.50 avg=00:01.52 ETA=01:12.96 | GPU MB alloc/reserved=277.9/1898.0
2026-04-11 16:46:31 | INFO | [Round 15] epoch=33/80 loss=0.6211 acc=77.90 val_acc=nan data_t=0.0029s batch_t=0.0917s epoch_t=00:01.51 lr=0.000639 | GPU MB alloc/reserved=277.9/1898.0
2026-04-11 16:46:31 | INFO | [Round 15] Epoch 33/80 time=00:01.51 avg=00:01.52 ETA=01:11.43 | GPU MB alloc/reserved=277.9/1898.0
2026-04-11 16:46:32 | INFO | [Round 15] epoch=34/80 loss=0.5639 acc=80.20 val_acc=nan data_t=0.0020s batch_t=0.0933s epoch_t=00:01.52 lr=0.000621 | GPU MB alloc/reserved=277.9/1898.0
2026-04-11 16:46:32 | INFO | [Round 15] Epoch 34/80 time=00:01.52 avg=00:01.52 ETA=01:09.91 | GPU MB alloc/reserved=277.9/1898.0
2026-04-11 16:46:34 | INFO | [Round 15] epoch=35/80 loss=0.5052 acc=81.80 val_acc=nan data_t=0.0023s batch_t=0.0916s epoch_t=00:01.50 lr=0.000602 | GPU MB alloc/reserved=277.9/1898.0
2026-04-11 16:46:34 | INFO | [Round 15] Epoch 35/80 time=00:01.50 avg=00:01.52 ETA=01:08.37 | GPU MB alloc/reserved=277.9/1898.0
2026-04-11 16:46:35 | INFO | [Round 15] epoch=36/80 loss=0.4782 acc=82.80 val_acc=nan data_t=0.0018s batch_t=0.0933s epoch_t=00:01.52 lr=0.000582 | GPU MB alloc/reserved=277.9/1898.0
2026-04-11 16:46:35 | INFO | [Round 15] Epoch 36/80 time=00:01.52 avg=00:01.52 ETA=01:06.86 | GPU MB alloc/reserved=277.9/1898.0
2026-04-11 16:46:37 | INFO | [Round 15] epoch=37/80 loss=0.4027 acc=85.85 val_acc=nan data_t=0.0030s batch_t=0.0917s epoch_t=00:01.52 lr=0.000563 | GPU MB alloc/reserved=277.9/1898.0
2026-04-11 16:46:37 | INFO | [Round 15] Epoch 37/80 time=00:01.52 avg=00:01.52 ETA=01:05.33 | GPU MB alloc/reserved=277.9/1898.0
2026-04-11 16:46:38 | INFO | [Round 15] epoch=38/80 loss=0.3681 acc=86.95 val_acc=nan data_t=0.0018s batch_t=0.0937s epoch_t=00:01.53 lr=0.000544 | GPU MB alloc/reserved=277.9/1898.0
2026-04-11 16:46:38 | INFO | [Round 15] Epoch 38/80 time=00:01.53 avg=00:01.52 ETA=01:03.82 | GPU MB alloc/reserved=277.9/1898.0
2026-04-11 16:46:40 | INFO | [Round 15] epoch=39/80 loss=0.3283 acc=89.20 val_acc=nan data_t=0.0024s batch_t=0.0919s epoch_t=00:01.51 lr=0.000524 | GPU MB alloc/reserved=277.9/1898.0
2026-04-11 16:46:40 | INFO | [Round 15] Epoch 39/80 time=00:01.51 avg=00:01.52 ETA=01:02.29 | GPU MB alloc/reserved=277.9/1898.0
2026-04-11 16:46:42 | INFO | [Round 15] epoch=40/80 loss=0.3100 acc=89.30 val_acc=nan data_t=0.0017s batch_t=0.0926s epoch_t=00:01.51 lr=0.000505 | GPU MB alloc/reserved=277.9/1898.0
2026-04-11 16:46:42 | INFO | [Round 15] Epoch 40/80 time=00:01.51 avg=00:01.52 ETA=01:00.76 | GPU MB alloc/reserved=277.9/1898.0
2026-04-11 16:46:43 | INFO | [Round 15] epoch=41/80 loss=0.3291 acc=88.95 val_acc=nan data_t=0.0016s batch_t=0.0923s epoch_t=00:01.50 lr=0.000486 | GPU MB alloc/reserved=277.9/1898.0
2026-04-11 16:46:43 | INFO | [Round 15] Epoch 41/80 time=00:01.50 avg=00:01.52 ETA=00:59.23 | GPU MB alloc/reserved=277.9/1898.0
2026-04-11 16:46:45 | INFO | [Round 15] epoch=42/80 loss=0.2860 acc=90.25 val_acc=nan data_t=0.0019s batch_t=0.0926s epoch_t=00:01.51 lr=0.000466 | GPU MB alloc/reserved=277.9/1898.0
2026-04-11 16:46:45 | INFO | [Round 15] Epoch 42/80 time=00:01.51 avg=00:01.52 ETA=00:57.70 | GPU MB alloc/reserved=277.9/1898.0
2026-04-11 16:46:46 | INFO | [Round 15] epoch=43/80 loss=0.2440 acc=91.75 val_acc=nan data_t=0.0018s batch_t=0.0921s epoch_t=00:01.50 lr=0.000447 | GPU MB alloc/reserved=277.9/1898.0
2026-04-11 16:46:46 | INFO | [Round 15] Epoch 43/80 time=00:01.50 avg=00:01.52 ETA=00:56.17 | GPU MB alloc/reserved=277.9/1898.0
2026-04-11 16:46:48 | INFO | [Round 15] epoch=44/80 loss=0.2283 acc=92.80 val_acc=nan data_t=0.0037s batch_t=0.0934s epoch_t=00:01.55 lr=0.000428 | GPU MB alloc/reserved=277.9/1898.0
2026-04-11 16:46:48 | INFO | [Round 15] Epoch 44/80 time=00:01.55 avg=00:01.52 ETA=00:54.68 | GPU MB alloc/reserved=277.9/1898.0
2026-04-11 16:46:49 | INFO | [Round 15] epoch=45/80 loss=0.2383 acc=91.70 val_acc=nan data_t=0.0022s batch_t=0.0934s epoch_t=00:01.53 lr=0.000408 | GPU MB alloc/reserved=277.9/1898.0
2026-04-11 16:46:49 | INFO | [Round 15] Epoch 45/80 time=00:01.53 avg=00:01.52 ETA=00:53.17 | GPU MB alloc/reserved=277.9/1898.0
2026-04-11 16:46:51 | INFO | [Round 15] epoch=46/80 loss=0.1859 acc=94.05 val_acc=nan data_t=0.0022s batch_t=0.0926s epoch_t=00:01.52 lr=0.000389 | GPU MB alloc/reserved=277.9/1898.0
2026-04-11 16:46:51 | INFO | [Round 15] Epoch 46/80 time=00:01.52 avg=00:01.52 ETA=00:51.65 | GPU MB alloc/reserved=277.9/1898.0
2026-04-11 16:46:52 | INFO | [Round 15] epoch=47/80 loss=0.1446 acc=95.80 val_acc=nan data_t=0.0036s batch_t=0.0919s epoch_t=00:01.53 lr=0.000371 | GPU MB alloc/reserved=277.9/1898.0
2026-04-11 16:46:52 | INFO | [Round 15] Epoch 47/80 time=00:01.53 avg=00:01.52 ETA=00:50.14 | GPU MB alloc/reserved=277.9/1898.0
2026-04-11 16:46:54 | INFO | [Round 15] epoch=48/80 loss=0.1302 acc=95.60 val_acc=nan data_t=0.0018s batch_t=0.0920s epoch_t=00:01.50 lr=0.000352 | GPU MB alloc/reserved=277.9/1898.0
2026-04-11 16:46:54 | INFO | [Round 15] Epoch 48/80 time=00:01.50 avg=00:01.52 ETA=00:48.61 | GPU MB alloc/reserved=277.9/1898.0
2026-04-11 16:46:55 | INFO | [Round 15] epoch=49/80 loss=0.1073 acc=96.85 val_acc=nan data_t=0.0030s batch_t=0.0925s epoch_t=00:01.53 lr=0.000334 | GPU MB alloc/reserved=277.9/1898.0
2026-04-11 16:46:55 | INFO | [Round 15] Epoch 49/80 time=00:01.53 avg=00:01.52 ETA=00:47.09 | GPU MB alloc/reserved=277.9/1898.0
2026-04-11 16:46:57 | INFO | [Round 15] epoch=50/80 loss=0.0806 acc=98.05 val_acc=nan data_t=0.0018s batch_t=0.0913s epoch_t=00:01.49 lr=0.000316 | GPU MB alloc/reserved=277.9/1898.0
2026-04-11 16:46:57 | INFO | [Round 15] Epoch 50/80 time=00:01.49 avg=00:01.52 ETA=00:45.56 | GPU MB alloc/reserved=277.9/1898.0
2026-04-11 16:46:58 | INFO | [Round 15] epoch=51/80 loss=0.0751 acc=98.45 val_acc=nan data_t=0.0021s batch_t=0.0917s epoch_t=00:01.50 lr=0.000298 | GPU MB alloc/reserved=277.9/1898.0
2026-04-11 16:46:58 | INFO | [Round 15] Epoch 51/80 time=00:01.50 avg=00:01.52 ETA=00:44.03 | GPU MB alloc/reserved=277.9/1898.0
2026-04-11 16:47:00 | INFO | [Round 15] epoch=52/80 loss=0.0680 acc=98.30 val_acc=nan data_t=0.0020s batch_t=0.0921s epoch_t=00:01.51 lr=0.000280 | GPU MB alloc/reserved=277.9/1898.0
2026-04-11 16:47:00 | INFO | [Round 15] Epoch 52/80 time=00:01.51 avg=00:01.52 ETA=00:42.50 | GPU MB alloc/reserved=277.9/1898.0
2026-04-11 16:47:01 | INFO | [Round 15] epoch=53/80 loss=0.0550 acc=98.65 val_acc=nan data_t=0.0022s batch_t=0.0923s epoch_t=00:01.51 lr=0.000263 | GPU MB alloc/reserved=277.9/1898.0
2026-04-11 16:47:01 | INFO | [Round 15] Epoch 53/80 time=00:01.51 avg=00:01.52 ETA=00:40.98 | GPU MB alloc/reserved=277.9/1898.0
2026-04-11 16:47:03 | INFO | [Round 15] epoch=54/80 loss=0.0451 acc=98.95 val_acc=nan data_t=0.0025s batch_t=0.0917s epoch_t=00:01.51 lr=0.000246 | GPU MB alloc/reserved=277.9/1898.0
2026-04-11 16:47:03 | INFO | [Round 15] Epoch 54/80 time=00:01.51 avg=00:01.52 ETA=00:39.46 | GPU MB alloc/reserved=277.9/1898.0
2026-04-11 16:47:04 | INFO | [Round 15] epoch=55/80 loss=0.0459 acc=98.85 val_acc=nan data_t=0.0018s batch_t=0.0886s epoch_t=00:01.45 lr=0.000230 | GPU MB alloc/reserved=277.9/1898.0
2026-04-11 16:47:04 | INFO | [Round 15] Epoch 55/80 time=00:01.45 avg=00:01.52 ETA=00:37.91 | GPU MB alloc/reserved=277.9/1898.0
2026-04-11 16:47:06 | INFO | [Round 15] epoch=56/80 loss=0.0402 acc=99.20 val_acc=nan data_t=0.0016s batch_t=0.0994s epoch_t=00:01.62 lr=0.000214 | GPU MB alloc/reserved=277.9/1898.0
2026-04-11 16:47:06 | INFO | [Round 15] Epoch 56/80 time=00:01.62 avg=00:01.52 ETA=00:36.44 | GPU MB alloc/reserved=277.9/1898.0
2026-04-11 16:47:07 | INFO | [Round 15] epoch=57/80 loss=0.0321 acc=99.50 val_acc=nan data_t=0.0025s batch_t=0.0997s epoch_t=00:01.64 lr=0.000199 | GPU MB alloc/reserved=277.9/1898.0
2026-04-11 16:47:07 | INFO | [Round 15] Epoch 57/80 time=00:01.64 avg=00:01.52 ETA=00:34.96 | GPU MB alloc/reserved=277.9/1898.0
2026-04-11 16:47:09 | INFO | [Round 15] epoch=58/80 loss=0.0306 acc=99.70 val_acc=nan data_t=0.0016s batch_t=0.1011s epoch_t=00:01.64 lr=0.000184 | GPU MB alloc/reserved=277.9/1898.0
2026-04-11 16:47:09 | INFO | [Round 15] Epoch 58/80 time=00:01.64 avg=00:01.52 ETA=00:33.49 | GPU MB alloc/reserved=277.9/1898.0
2026-04-11 16:47:11 | INFO | [Round 15] epoch=59/80 loss=0.0270 acc=99.60 val_acc=nan data_t=0.0026s batch_t=0.1008s epoch_t=00:01.66 lr=0.000169 | GPU MB alloc/reserved=277.9/1898.0
2026-04-11 16:47:11 | INFO | [Round 15] Epoch 59/80 time=00:01.66 avg=00:01.52 ETA=00:32.02 | GPU MB alloc/reserved=277.9/1898.0
2026-04-11 16:47:12 | INFO | [Round 15] epoch=60/80 loss=0.0227 acc=99.70 val_acc=nan data_t=0.0025s batch_t=0.0863s epoch_t=00:01.42 lr=0.000155 | GPU MB alloc/reserved=277.9/1898.0
2026-04-11 16:47:12 | INFO | [Round 15] Epoch 60/80 time=00:01.42 avg=00:01.52 ETA=00:30.46 | GPU MB alloc/reserved=277.9/1898.0
2026-04-11 16:47:13 | INFO | [Round 15] epoch=61/80 loss=0.0170 acc=99.85 val_acc=nan data_t=0.0024s batch_t=0.0637s epoch_t=00:01.06 lr=0.000142 | GPU MB alloc/reserved=277.9/1898.0
2026-04-11 16:47:13 | INFO | [Round 15] Epoch 61/80 time=00:01.06 avg=00:01.52 ETA=00:28.79 | GPU MB alloc/reserved=277.9/1898.0
2026-04-11 16:47:14 | INFO | [Round 15] epoch=62/80 loss=0.0189 acc=99.80 val_acc=nan data_t=0.0019s batch_t=0.0744s epoch_t=00:01.22 lr=0.000129 | GPU MB alloc/reserved=277.9/1898.0
2026-04-11 16:47:14 | INFO | [Round 15] Epoch 62/80 time=00:01.22 avg=00:01.51 ETA=00:27.19 | GPU MB alloc/reserved=277.9/1898.0
2026-04-11 16:47:16 | INFO | [Round 15] epoch=63/80 loss=0.0150 acc=99.95 val_acc=nan data_t=0.0031s batch_t=0.0681s epoch_t=00:01.14 lr=0.000116 | GPU MB alloc/reserved=277.9/1898.0
2026-04-11 16:47:16 | INFO | [Round 15] Epoch 63/80 time=00:01.14 avg=00:01.50 ETA=00:25.58 | GPU MB alloc/reserved=277.9/1898.0
2026-04-11 16:47:17 | INFO | [Round 15] epoch=64/80 loss=0.0148 acc=99.85 val_acc=nan data_t=0.0022s batch_t=0.0891s epoch_t=00:01.46 lr=0.000105 | GPU MB alloc/reserved=277.9/1898.0
2026-04-11 16:47:17 | INFO | [Round 15] Epoch 64/80 time=00:01.46 avg=00:01.50 ETA=00:24.06 | GPU MB alloc/reserved=277.9/1898.0
2026-04-11 16:47:19 | INFO | [Round 15] epoch=65/80 loss=0.0126 acc=99.90 val_acc=nan data_t=0.0025s batch_t=0.0918s epoch_t=00:01.51 lr=0.000093 | GPU MB alloc/reserved=277.9/1898.0
2026-04-11 16:47:19 | INFO | [Round 15] Epoch 65/80 time=00:01.51 avg=00:01.50 ETA=00:22.56 | GPU MB alloc/reserved=277.9/1898.0
2026-04-11 16:47:20 | INFO | [Round 15] epoch=66/80 loss=0.0118 acc=100.00 val_acc=nan data_t=0.0020s batch_t=0.0937s epoch_t=00:01.53 lr=0.000083 | GPU MB alloc/reserved=277.9/1898.0
2026-04-11 16:47:20 | INFO | [Round 15] Epoch 66/80 time=00:01.53 avg=00:01.50 ETA=00:21.06 | GPU MB alloc/reserved=277.9/1898.0
2026-04-11 16:47:22 | INFO | [Round 15] epoch=67/80 loss=0.0157 acc=99.75 val_acc=nan data_t=0.0017s batch_t=0.0914s epoch_t=00:01.49 lr=0.000073 | GPU MB alloc/reserved=277.9/1898.0
2026-04-11 16:47:22 | INFO | [Round 15] Epoch 67/80 time=00:01.49 avg=00:01.50 ETA=00:19.55 | GPU MB alloc/reserved=277.9/1898.0
2026-04-11 16:47:23 | INFO | [Round 15] epoch=68/80 loss=0.0133 acc=99.85 val_acc=nan data_t=0.0026s batch_t=0.0925s epoch_t=00:01.52 lr=0.000064 | GPU MB alloc/reserved=277.9/1898.0
2026-04-11 16:47:23 | INFO | [Round 15] Epoch 68/80 time=00:01.52 avg=00:01.50 ETA=00:18.05 | GPU MB alloc/reserved=277.9/1898.0
2026-04-11 16:47:25 | INFO | [Round 15] epoch=69/80 loss=0.0110 acc=100.00 val_acc=nan data_t=0.0019s batch_t=0.0920s epoch_t=00:01.50 lr=0.000055 | GPU MB alloc/reserved=277.9/1898.0
2026-04-11 16:47:25 | INFO | [Round 15] Epoch 69/80 time=00:01.50 avg=00:01.50 ETA=00:16.55 | GPU MB alloc/reserved=277.9/1898.0
2026-04-11 16:47:26 | INFO | [Round 15] epoch=70/80 loss=0.0109 acc=100.00 val_acc=nan data_t=0.0026s batch_t=0.0918s epoch_t=00:01.51 lr=0.000048 | GPU MB alloc/reserved=277.9/1898.0
2026-04-11 16:47:26 | INFO | [Round 15] Epoch 70/80 time=00:01.51 avg=00:01.50 ETA=00:15.05 | GPU MB alloc/reserved=277.9/1898.0
2026-04-11 16:47:28 | INFO | [Round 15] epoch=71/80 loss=0.0113 acc=99.95 val_acc=nan data_t=0.0023s batch_t=0.0907s epoch_t=00:01.49 lr=0.000041 | GPU MB alloc/reserved=277.9/1898.0
2026-04-11 16:47:28 | INFO | [Round 15] Epoch 71/80 time=00:01.49 avg=00:01.50 ETA=00:13.54 | GPU MB alloc/reserved=277.9/1898.0
2026-04-11 16:47:29 | INFO | [Round 15] epoch=72/80 loss=0.0107 acc=99.95 val_acc=nan data_t=0.0017s batch_t=0.0912s epoch_t=00:01.49 lr=0.000034 | GPU MB alloc/reserved=277.9/1898.0
2026-04-11 16:47:29 | INFO | [Round 15] Epoch 72/80 time=00:01.49 avg=00:01.50 ETA=00:12.03 | GPU MB alloc/reserved=277.9/1898.0
2026-04-11 16:47:31 | INFO | [Round 15] epoch=73/80 loss=0.0125 acc=99.90 val_acc=nan data_t=0.0020s batch_t=0.0917s epoch_t=00:01.50 lr=0.000029 | GPU MB alloc/reserved=277.9/1898.0
2026-04-11 16:47:31 | INFO | [Round 15] Epoch 73/80 time=00:01.50 avg=00:01.50 ETA=00:10.53 | GPU MB alloc/reserved=277.9/1898.0
2026-04-11 16:47:32 | INFO | [Round 15] epoch=74/80 loss=0.0104 acc=99.95 val_acc=nan data_t=0.0025s batch_t=0.0920s epoch_t=00:01.51 lr=0.000024 | GPU MB alloc/reserved=277.9/1898.0
2026-04-11 16:47:32 | INFO | [Round 15] Epoch 74/80 time=00:01.51 avg=00:01.50 ETA=00:09.02 | GPU MB alloc/reserved=277.9/1898.0
2026-04-11 16:47:33 | INFO | [Round 15] epoch=75/80 loss=0.0104 acc=100.00 val_acc=nan data_t=0.0019s batch_t=0.0793s epoch_t=00:01.30 lr=0.000020 | GPU MB alloc/reserved=277.9/1898.0
2026-04-11 16:47:33 | INFO | [Round 15] Epoch 75/80 time=00:01.30 avg=00:01.50 ETA=00:07.51 | GPU MB alloc/reserved=277.9/1898.0
2026-04-11 16:47:35 | INFO | [Round 15] epoch=76/80 loss=0.0083 acc=100.00 val_acc=nan data_t=0.0018s batch_t=0.1009s epoch_t=00:01.64 lr=0.000016 | GPU MB alloc/reserved=277.9/1898.0
2026-04-11 16:47:35 | INFO | [Round 15] Epoch 76/80 time=00:01.64 avg=00:01.50 ETA=00:06.01 | GPU MB alloc/reserved=277.9/1898.0
2026-04-11 16:47:37 | INFO | [Round 15] epoch=77/80 loss=0.0116 acc=99.90 val_acc=nan data_t=0.0017s batch_t=0.0981s epoch_t=00:01.60 lr=0.000013 | GPU MB alloc/reserved=277.9/1898.0
2026-04-11 16:47:37 | INFO | [Round 15] Epoch 77/80 time=00:01.60 avg=00:01.50 ETA=00:04.51 | GPU MB alloc/reserved=277.9/1898.0
2026-04-11 16:47:38 | INFO | [Round 15] epoch=78/80 loss=0.0096 acc=100.00 val_acc=nan data_t=0.0018s batch_t=0.1004s epoch_t=00:01.64 lr=0.000012 | GPU MB alloc/reserved=277.9/1898.0
2026-04-11 16:47:38 | INFO | [Round 15] Epoch 78/80 time=00:01.64 avg=00:01.51 ETA=00:03.01 | GPU MB alloc/reserved=277.9/1898.0
2026-04-11 16:47:40 | INFO | [Round 15] epoch=79/80 loss=0.0098 acc=99.90 val_acc=nan data_t=0.0019s batch_t=0.0994s epoch_t=00:01.62 lr=0.000010 | GPU MB alloc/reserved=277.9/1898.0
2026-04-11 16:47:40 | INFO | [Round 15] Epoch 79/80 time=00:01.62 avg=00:01.51 ETA=00:01.51 | GPU MB alloc/reserved=277.9/1898.0
2026-04-11 16:47:42 | INFO | [Round 15] epoch=80/80 loss=0.0112 acc=99.90 val_acc=nan data_t=0.0029s batch_t=0.0962s epoch_t=00:01.59 lr=0.000010 | GPU MB alloc/reserved=277.9/1898.0
2026-04-11 16:47:42 | INFO | [Round 15] Epoch 80/80 time=00:01.59 avg=00:01.51 ETA=00:00.00 | GPU MB alloc/reserved=277.9/1898.0
2026-04-11 16:47:42 | INFO | [Round 15] training complete in 02:01.02 (best monitor=100.000) | GPU MB alloc/reserved=277.9/1898.0
2026-04-11 16:47:42 | INFO | [Round 15] evaluation started | GPU MB alloc/reserved=191.9/1898.0
2026-04-11 16:47:50 | INFO | [Round 15] clean=60.15 fgsm=49.34 pgd=49.05 grad_disp_mean=nan grad_disp_sel=nan round_t=131.63s | GPU MB alloc/reserved=191.9/1898.0
2026-04-11 16:47:50 | INFO | [Round 16/21] elapsed=02:11.63 avg_round=01:26.46 projected_remaining=07:12.32 | GPU MB alloc/reserved=191.9/1898.0
2026-04-11 16:47:51 | INFO | [Round 16] acquisition on pool_size=48000 scored_pool=5000 budget=100 | GPU MB alloc/reserved=103.9/1898.0
2026-04-11 16:47:51 | INFO | [CoreSet-unlabeled-feat] scoring progress 10/20 elapsed=00:00.24 avg/batch=0.024s ETA=00:00.24 | GPU MB alloc/reserved=111.9/1898.0
2026-04-11 16:47:51 | INFO | [CoreSet-unlabeled-feat] scoring progress 20/20 elapsed=00:00.39 avg/batch=0.019s ETA=00:00.00 | GPU MB alloc/reserved=116.0/1898.0
2026-04-11 16:47:51 | INFO | [CoreSet-labeled-feat] scoring progress 8/8 elapsed=00:00.23 avg/batch=0.029s ETA=00:00.00 | GPU MB alloc/reserved=120.6/1898.0
2026-04-11 16:47:52 | INFO | [CoreSet] greedy 10/100 cover_radius=17.788435 | GPU: n/a
2026-04-11 16:47:52 | INFO | [CoreSet] greedy 20/100 cover_radius=17.393948 | GPU: n/a
2026-04-11 16:47:52 | INFO | [CoreSet] greedy 30/100 cover_radius=17.111860 | GPU: n/a
2026-04-11 16:47:52 | INFO | [CoreSet] greedy 40/100 cover_radius=16.939207 | GPU: n/a
2026-04-11 16:47:52 | INFO | [CoreSet] greedy 50/100 cover_radius=16.790764 | GPU: n/a
2026-04-11 16:47:52 | INFO | [CoreSet] greedy 60/100 cover_radius=16.658682 | GPU: n/a
2026-04-11 16:47:52 | INFO | [CoreSet] greedy 70/100 cover_radius=16.508244 | GPU: n/a
2026-04-11 16:47:52 | INFO | [CoreSet] greedy 80/100 cover_radius=16.408581 | GPU: n/a
2026-04-11 16:47:53 | INFO | [CoreSet] greedy 90/100 cover_radius=16.328276 | GPU: n/a
2026-04-11 16:47:53 | INFO | [CoreSet] greedy 100/100 cover_radius=16.249685 | GPU: n/a
2026-04-11 16:47:53 | INFO | [Round 16] labeled=2100 train=2100 val_fixed=0 | GPU MB alloc/reserved=147.7/1898.0
2026-04-11 16:47:55 | INFO | [Round 16] epoch=1/80 loss=2.3012 acc=17.00 val_acc=nan data_t=0.0112s batch_t=0.0948s epoch_t=00:01.80 lr=0.001000 | GPU MB alloc/reserved=278.0/1898.0
2026-04-11 16:47:55 | INFO | [Round 16] Epoch 1/80 time=00:01.80 avg=00:01.80 ETA=02:22.43 | GPU MB alloc/reserved=278.0/1898.0
2026-04-11 16:47:57 | INFO | [Round 16] epoch=2/80 loss=2.0602 acc=23.48 val_acc=nan data_t=0.0018s batch_t=0.0927s epoch_t=00:01.61 lr=0.000998 | GPU MB alloc/reserved=278.0/1898.0
2026-04-11 16:47:57 | INFO | [Round 16] Epoch 2/80 time=00:01.61 avg=00:01.71 ETA=02:13.02 | GPU MB alloc/reserved=278.0/1898.0
2026-04-11 16:47:58 | INFO | [Round 16] epoch=3/80 loss=1.9701 acc=26.00 val_acc=nan data_t=0.0018s batch_t=0.0920s epoch_t=00:01.59 lr=0.000997 | GPU MB alloc/reserved=278.0/1898.0
2026-04-11 16:47:58 | INFO | [Round 16] Epoch 3/80 time=00:01.59 avg=00:01.67 ETA=02:08.46 | GPU MB alloc/reserved=278.0/1898.0
2026-04-11 16:48:00 | INFO | [Round 16] epoch=4/80 loss=1.8684 acc=28.67 val_acc=nan data_t=0.0019s batch_t=0.0914s epoch_t=00:01.59 lr=0.000994 | GPU MB alloc/reserved=278.0/1898.0
2026-04-11 16:48:00 | INFO | [Round 16] Epoch 4/80 time=00:01.59 avg=00:01.65 ETA=02:05.23 | GPU MB alloc/reserved=278.0/1898.0
2026-04-11 16:48:01 | INFO | [Round 16] epoch=5/80 loss=1.8203 acc=31.14 val_acc=nan data_t=0.0015s batch_t=0.0923s epoch_t=00:01.59 lr=0.000990 | GPU MB alloc/reserved=278.0/1898.0
2026-04-11 16:48:01 | INFO | [Round 16] Epoch 5/80 time=00:01.59 avg=00:01.64 ETA=02:02.78 | GPU MB alloc/reserved=278.0/1898.0
2026-04-11 16:48:03 | INFO | [Round 16] epoch=6/80 loss=1.8194 acc=31.33 val_acc=nan data_t=0.0023s batch_t=0.0918s epoch_t=00:01.60 lr=0.000986 | GPU MB alloc/reserved=278.0/1898.0
2026-04-11 16:48:03 | INFO | [Round 16] Epoch 6/80 time=00:01.60 avg=00:01.63 ETA=02:00.70 | GPU MB alloc/reserved=278.0/1898.0
2026-04-11 16:48:05 | INFO | [Round 16] epoch=7/80 loss=1.7631 acc=33.19 val_acc=nan data_t=0.0029s batch_t=0.0913s epoch_t=00:01.60 lr=0.000981 | GPU MB alloc/reserved=278.0/1898.0
2026-04-11 16:48:05 | INFO | [Round 16] Epoch 7/80 time=00:01.60 avg=00:01.63 ETA=01:58.76 | GPU MB alloc/reserved=278.0/1898.0
2026-04-11 16:48:06 | INFO | [Round 16] epoch=8/80 loss=1.6991 acc=36.67 val_acc=nan data_t=0.0018s batch_t=0.0927s epoch_t=00:01.61 lr=0.000976 | GPU MB alloc/reserved=278.0/1898.0
2026-04-11 16:48:06 | INFO | [Round 16] Epoch 8/80 time=00:01.61 avg=00:01.62 ETA=01:56.95 | GPU MB alloc/reserved=278.0/1898.0
2026-04-11 16:48:08 | INFO | [Round 16] epoch=9/80 loss=1.6498 acc=38.29 val_acc=nan data_t=0.0021s batch_t=0.0925s epoch_t=00:01.61 lr=0.000969 | GPU MB alloc/reserved=278.0/1898.0
2026-04-11 16:48:08 | INFO | [Round 16] Epoch 9/80 time=00:01.61 avg=00:01.62 ETA=01:55.19 | GPU MB alloc/reserved=278.0/1898.0
2026-04-11 16:48:09 | INFO | [Round 16] epoch=10/80 loss=1.6115 acc=39.48 val_acc=nan data_t=0.0018s batch_t=0.0921s epoch_t=00:01.60 lr=0.000962 | GPU MB alloc/reserved=278.0/1898.0
2026-04-11 16:48:09 | INFO | [Round 16] Epoch 10/80 time=00:01.60 avg=00:01.62 ETA=01:53.39 | GPU MB alloc/reserved=278.0/1898.0
2026-04-11 16:48:11 | INFO | [Round 16] epoch=11/80 loss=1.5870 acc=40.05 val_acc=nan data_t=0.0017s batch_t=0.0924s epoch_t=00:01.60 lr=0.000955 | GPU MB alloc/reserved=278.0/1898.0
2026-04-11 16:48:11 | INFO | [Round 16] Epoch 11/80 time=00:01.60 avg=00:01.62 ETA=01:51.65 | GPU MB alloc/reserved=278.0/1898.0
2026-04-11 16:48:13 | INFO | [Round 16] epoch=12/80 loss=1.5326 acc=43.33 val_acc=nan data_t=0.0024s batch_t=0.0919s epoch_t=00:01.60 lr=0.000946 | GPU MB alloc/reserved=278.0/1898.0
2026-04-11 16:48:13 | INFO | [Round 16] Epoch 12/80 time=00:01.60 avg=00:01.62 ETA=01:49.95 | GPU MB alloc/reserved=278.0/1898.0
2026-04-11 16:48:14 | INFO | [Round 16] epoch=13/80 loss=1.4533 acc=43.62 val_acc=nan data_t=0.0018s batch_t=0.0912s epoch_t=00:01.58 lr=0.000937 | GPU MB alloc/reserved=278.0/1898.0
2026-04-11 16:48:14 | INFO | [Round 16] Epoch 13/80 time=00:01.58 avg=00:01.61 ETA=01:48.14 | GPU MB alloc/reserved=278.0/1898.0
2026-04-11 16:48:16 | INFO | [Round 16] epoch=14/80 loss=1.4687 acc=44.81 val_acc=nan data_t=0.0017s batch_t=0.0930s epoch_t=00:01.61 lr=0.000927 | GPU MB alloc/reserved=278.0/1898.0
2026-04-11 16:48:16 | INFO | [Round 16] Epoch 14/80 time=00:01.61 avg=00:01.61 ETA=01:46.51 | GPU MB alloc/reserved=278.0/1898.0
2026-04-11 16:48:18 | INFO | [Round 16] epoch=15/80 loss=1.4351 acc=46.38 val_acc=nan data_t=0.0020s batch_t=0.0920s epoch_t=00:01.60 lr=0.000917 | GPU MB alloc/reserved=278.0/1898.0
2026-04-11 16:48:18 | INFO | [Round 16] Epoch 15/80 time=00:01.60 avg=00:01.61 ETA=01:44.82 | GPU MB alloc/reserved=278.0/1898.0
2026-04-11 16:48:19 | INFO | [Round 16] epoch=16/80 loss=1.3543 acc=49.48 val_acc=nan data_t=0.0019s batch_t=0.0909s epoch_t=00:01.58 lr=0.000905 | GPU MB alloc/reserved=278.0/1898.0
2026-04-11 16:48:19 | INFO | [Round 16] Epoch 16/80 time=00:01.58 avg=00:01.61 ETA=01:43.07 | GPU MB alloc/reserved=278.0/1898.0
2026-04-11 16:48:21 | INFO | [Round 16] epoch=17/80 loss=1.2912 acc=50.86 val_acc=nan data_t=0.0023s batch_t=0.0917s epoch_t=00:01.60 lr=0.000894 | GPU MB alloc/reserved=278.0/1898.0
2026-04-11 16:48:21 | INFO | [Round 16] Epoch 17/80 time=00:01.60 avg=00:01.61 ETA=01:41.41 | GPU MB alloc/reserved=278.0/1898.0
2026-04-11 16:48:22 | INFO | [Round 16] epoch=18/80 loss=1.2565 acc=53.24 val_acc=nan data_t=0.0026s batch_t=0.0911s epoch_t=00:01.59 lr=0.000881 | GPU MB alloc/reserved=278.0/1898.0
2026-04-11 16:48:22 | INFO | [Round 16] Epoch 18/80 time=00:01.59 avg=00:01.61 ETA=01:39.75 | GPU MB alloc/reserved=278.0/1898.0
2026-04-11 16:48:24 | INFO | [Round 16] epoch=19/80 loss=1.2609 acc=52.43 val_acc=nan data_t=0.0017s batch_t=0.0915s epoch_t=00:01.58 lr=0.000868 | GPU MB alloc/reserved=278.0/1898.0
2026-04-11 16:48:24 | INFO | [Round 16] Epoch 19/80 time=00:01.58 avg=00:01.61 ETA=01:38.06 | GPU MB alloc/reserved=278.0/1898.0
2026-04-11 16:48:25 | INFO | [Round 16] epoch=20/80 loss=1.1772 acc=56.52 val_acc=nan data_t=0.0018s batch_t=0.0923s epoch_t=00:01.60 lr=0.000855 | GPU MB alloc/reserved=278.0/1898.0
2026-04-11 16:48:25 | INFO | [Round 16] Epoch 20/80 time=00:01.60 avg=00:01.61 ETA=01:36.43 | GPU MB alloc/reserved=278.0/1898.0
2026-04-11 16:48:27 | INFO | [Round 16] epoch=21/80 loss=1.1594 acc=54.90 val_acc=nan data_t=0.0025s batch_t=0.0926s epoch_t=00:01.62 lr=0.000841 | GPU MB alloc/reserved=278.0/1898.0
2026-04-11 16:48:27 | INFO | [Round 16] Epoch 21/80 time=00:01.62 avg=00:01.61 ETA=01:34.85 | GPU MB alloc/reserved=278.0/1898.0
2026-04-11 16:48:29 | INFO | [Round 16] epoch=22/80 loss=1.1434 acc=57.38 val_acc=nan data_t=0.0020s batch_t=0.0927s epoch_t=00:01.61 lr=0.000826 | GPU MB alloc/reserved=278.0/1898.0
2026-04-11 16:48:29 | INFO | [Round 16] Epoch 22/80 time=00:01.61 avg=00:01.61 ETA=01:33.25 | GPU MB alloc/reserved=278.0/1898.0
2026-04-11 16:48:30 | INFO | [Round 16] epoch=23/80 loss=1.0644 acc=60.05 val_acc=nan data_t=0.0028s batch_t=0.0919s epoch_t=00:01.61 lr=0.000811 | GPU MB alloc/reserved=278.0/1898.0
2026-04-11 16:48:30 | INFO | [Round 16] Epoch 23/80 time=00:01.61 avg=00:01.61 ETA=01:31.64 | GPU MB alloc/reserved=278.0/1898.0
2026-04-11 16:48:32 | INFO | [Round 16] epoch=24/80 loss=1.0154 acc=62.05 val_acc=nan data_t=0.0017s batch_t=0.0908s epoch_t=00:01.57 lr=0.000796 | GPU MB alloc/reserved=278.0/1898.0
2026-04-11 16:48:32 | INFO | [Round 16] Epoch 24/80 time=00:01.57 avg=00:01.61 ETA=01:29.95 | GPU MB alloc/reserved=278.0/1898.0
2026-04-11 16:48:33 | INFO | [Round 16] epoch=25/80 loss=0.9582 acc=63.52 val_acc=nan data_t=0.0016s batch_t=0.0906s epoch_t=00:01.57 lr=0.000780 | GPU MB alloc/reserved=278.0/1898.0
2026-04-11 16:48:33 | INFO | [Round 16] Epoch 25/80 time=00:01.57 avg=00:01.60 ETA=01:28.26 | GPU MB alloc/reserved=278.0/1898.0
2026-04-11 16:48:35 | INFO | [Round 16] epoch=26/80 loss=0.9330 acc=65.62 val_acc=nan data_t=0.0023s batch_t=0.0919s epoch_t=00:01.60 lr=0.000764 | GPU MB alloc/reserved=278.0/1898.0
2026-04-11 16:48:35 | INFO | [Round 16] Epoch 26/80 time=00:01.60 avg=00:01.60 ETA=01:26.65 | GPU MB alloc/reserved=278.0/1898.0
2026-04-11 16:48:37 | INFO | [Round 16] epoch=27/80 loss=0.9131 acc=65.81 val_acc=nan data_t=0.0037s batch_t=0.0904s epoch_t=00:01.60 lr=0.000747 | GPU MB alloc/reserved=278.0/1898.0
2026-04-11 16:48:37 | INFO | [Round 16] Epoch 27/80 time=00:01.60 avg=00:01.60 ETA=01:25.03 | GPU MB alloc/reserved=278.0/1898.0
2026-04-11 16:48:38 | INFO | [Round 16] epoch=28/80 loss=0.8244 acc=69.29 val_acc=nan data_t=0.0021s batch_t=0.0907s epoch_t=00:01.58 lr=0.000730 | GPU MB alloc/reserved=278.0/1898.0
2026-04-11 16:48:38 | INFO | [Round 16] Epoch 28/80 time=00:01.58 avg=00:01.60 ETA=01:23.38 | GPU MB alloc/reserved=278.0/1898.0
2026-04-11 16:48:40 | INFO | [Round 16] epoch=29/80 loss=0.7995 acc=70.14 val_acc=nan data_t=0.0027s batch_t=0.0918s epoch_t=00:01.61 lr=0.000712 | GPU MB alloc/reserved=278.0/1898.0
2026-04-11 16:48:40 | INFO | [Round 16] Epoch 29/80 time=00:01.61 avg=00:01.60 ETA=01:21.78 | GPU MB alloc/reserved=278.0/1898.0
2026-04-11 16:48:41 | INFO | [Round 16] epoch=30/80 loss=0.7953 acc=69.62 val_acc=nan data_t=0.0022s batch_t=0.0918s epoch_t=00:01.60 lr=0.000694 | GPU MB alloc/reserved=278.0/1898.0
2026-04-11 16:48:41 | INFO | [Round 16] Epoch 30/80 time=00:01.60 avg=00:01.60 ETA=01:20.17 | GPU MB alloc/reserved=278.0/1898.0
2026-04-11 16:48:43 | INFO | [Round 16] epoch=31/80 loss=0.7421 acc=73.38 val_acc=nan data_t=0.0029s batch_t=0.0908s epoch_t=00:01.59 lr=0.000676 | GPU MB alloc/reserved=278.0/1898.0
2026-04-11 16:48:43 | INFO | [Round 16] Epoch 31/80 time=00:01.59 avg=00:01.60 ETA=01:18.55 | GPU MB alloc/reserved=278.0/1898.0
2026-04-11 16:48:45 | INFO | [Round 16] epoch=32/80 loss=0.6917 acc=74.43 val_acc=nan data_t=0.0029s batch_t=0.0909s epoch_t=00:01.60 lr=0.000658 | GPU MB alloc/reserved=278.0/1898.0
2026-04-11 16:48:45 | INFO | [Round 16] Epoch 32/80 time=00:01.60 avg=00:01.60 ETA=01:16.94 | GPU MB alloc/reserved=278.0/1898.0
2026-04-11 16:48:46 | INFO | [Round 16] epoch=33/80 loss=0.6460 acc=75.90 val_acc=nan data_t=0.0020s batch_t=0.0917s epoch_t=00:01.59 lr=0.000639 | GPU MB alloc/reserved=278.0/1898.0
2026-04-11 16:48:46 | INFO | [Round 16] Epoch 33/80 time=00:01.59 avg=00:01.60 ETA=01:15.32 | GPU MB alloc/reserved=278.0/1898.0
2026-04-11 16:48:48 | INFO | [Round 16] epoch=34/80 loss=0.6490 acc=75.48 val_acc=nan data_t=0.0021s batch_t=0.0909s epoch_t=00:01.58 lr=0.000621 | GPU MB alloc/reserved=278.0/1898.0
2026-04-11 16:48:48 | INFO | [Round 16] Epoch 34/80 time=00:01.58 avg=00:01.60 ETA=01:13.69 | GPU MB alloc/reserved=278.0/1898.0
2026-04-11 16:48:49 | INFO | [Round 16] epoch=35/80 loss=0.5653 acc=79.29 val_acc=nan data_t=0.0027s batch_t=0.0903s epoch_t=00:01.58 lr=0.000602 | GPU MB alloc/reserved=278.0/1898.0
2026-04-11 16:48:49 | INFO | [Round 16] Epoch 35/80 time=00:01.58 avg=00:01.60 ETA=01:12.06 | GPU MB alloc/reserved=278.0/1898.0
2026-04-11 16:48:51 | INFO | [Round 16] epoch=36/80 loss=0.5808 acc=78.90 val_acc=nan data_t=0.0028s batch_t=0.0906s epoch_t=00:01.59 lr=0.000582 | GPU MB alloc/reserved=278.0/1898.0
2026-04-11 16:48:51 | INFO | [Round 16] Epoch 36/80 time=00:01.59 avg=00:01.60 ETA=01:10.44 | GPU MB alloc/reserved=278.0/1898.0
2026-04-11 16:48:53 | INFO | [Round 16] epoch=37/80 loss=0.4716 acc=82.95 val_acc=nan data_t=0.0028s batch_t=0.0903s epoch_t=00:01.58 lr=0.000563 | GPU MB alloc/reserved=278.0/1898.0
2026-04-11 16:48:53 | INFO | [Round 16] Epoch 37/80 time=00:01.58 avg=00:01.60 ETA=01:08.82 | GPU MB alloc/reserved=278.0/1898.0
2026-04-11 16:48:54 | INFO | [Round 16] epoch=38/80 loss=0.4382 acc=83.95 val_acc=nan data_t=0.0031s batch_t=0.0917s epoch_t=00:01.61 lr=0.000544 | GPU MB alloc/reserved=278.0/1898.0
2026-04-11 16:48:54 | INFO | [Round 16] Epoch 38/80 time=00:01.61 avg=00:01.60 ETA=01:07.23 | GPU MB alloc/reserved=278.0/1898.0
2026-04-11 16:48:56 | INFO | [Round 16] epoch=39/80 loss=0.4146 acc=84.90 val_acc=nan data_t=0.0027s batch_t=0.0906s epoch_t=00:01.59 lr=0.000524 | GPU MB alloc/reserved=278.0/1898.0
2026-04-11 16:48:56 | INFO | [Round 16] Epoch 39/80 time=00:01.59 avg=00:01.60 ETA=01:05.62 | GPU MB alloc/reserved=278.0/1898.0
2026-04-11 16:48:57 | INFO | [Round 16] epoch=40/80 loss=0.3726 acc=86.43 val_acc=nan data_t=0.0017s batch_t=0.0902s epoch_t=00:01.56 lr=0.000505 | GPU MB alloc/reserved=278.0/1898.0
2026-04-11 16:48:57 | INFO | [Round 16] Epoch 40/80 time=00:01.56 avg=00:01.60 ETA=01:03.98 | GPU MB alloc/reserved=278.0/1898.0
2026-04-11 16:48:59 | INFO | [Round 16] epoch=41/80 loss=0.3520 acc=87.71 val_acc=nan data_t=0.0027s batch_t=0.0912s epoch_t=00:01.60 lr=0.000486 | GPU MB alloc/reserved=278.0/1898.0
2026-04-11 16:48:59 | INFO | [Round 16] Epoch 41/80 time=00:01.60 avg=00:01.60 ETA=01:02.38 | GPU MB alloc/reserved=278.0/1898.0
2026-04-11 16:49:01 | INFO | [Round 16] epoch=42/80 loss=0.3261 acc=88.33 val_acc=nan data_t=0.0016s batch_t=0.0909s epoch_t=00:01.57 lr=0.000466 | GPU MB alloc/reserved=278.0/1898.0
2026-04-11 16:49:01 | INFO | [Round 16] Epoch 42/80 time=00:01.57 avg=00:01.60 ETA=01:00.75 | GPU MB alloc/reserved=278.0/1898.0
2026-04-11 16:49:02 | INFO | [Round 16] epoch=43/80 loss=0.3065 acc=89.38 val_acc=nan data_t=0.0029s batch_t=0.0915s epoch_t=00:01.60 lr=0.000447 | GPU MB alloc/reserved=278.0/1898.0
2026-04-11 16:49:02 | INFO | [Round 16] Epoch 43/80 time=00:01.60 avg=00:01.60 ETA=00:59.16 | GPU MB alloc/reserved=278.0/1898.0
2026-04-11 16:49:04 | INFO | [Round 16] epoch=44/80 loss=0.2673 acc=90.76 val_acc=nan data_t=0.0024s batch_t=0.0916s epoch_t=00:01.60 lr=0.000428 | GPU MB alloc/reserved=278.0/1898.0
2026-04-11 16:49:04 | INFO | [Round 16] Epoch 44/80 time=00:01.60 avg=00:01.60 ETA=00:57.56 | GPU MB alloc/reserved=278.0/1898.0
2026-04-11 16:49:05 | INFO | [Round 16] epoch=45/80 loss=0.2381 acc=91.86 val_acc=nan data_t=0.0025s batch_t=0.0912s epoch_t=00:01.59 lr=0.000408 | GPU MB alloc/reserved=278.0/1898.0
2026-04-11 16:49:05 | INFO | [Round 16] Epoch 45/80 time=00:01.59 avg=00:01.60 ETA=00:55.96 | GPU MB alloc/reserved=278.0/1898.0
2026-04-11 16:49:07 | INFO | [Round 16] epoch=46/80 loss=0.2354 acc=91.67 val_acc=nan data_t=0.0026s batch_t=0.0917s epoch_t=00:01.60 lr=0.000389 | GPU MB alloc/reserved=278.0/1898.0
2026-04-11 16:49:07 | INFO | [Round 16] Epoch 46/80 time=00:01.60 avg=00:01.60 ETA=00:54.36 | GPU MB alloc/reserved=278.0/1898.0
2026-04-11 16:49:09 | INFO | [Round 16] epoch=47/80 loss=0.2110 acc=93.95 val_acc=nan data_t=0.0034s batch_t=0.0907s epoch_t=00:01.60 lr=0.000371 | GPU MB alloc/reserved=278.0/1898.0
2026-04-11 16:49:09 | INFO | [Round 16] Epoch 47/80 time=00:01.60 avg=00:01.60 ETA=00:52.76 | GPU MB alloc/reserved=278.0/1898.0
2026-04-11 16:49:10 | INFO | [Round 16] epoch=48/80 loss=0.1829 acc=93.90 val_acc=nan data_t=0.0020s batch_t=0.0910s epoch_t=00:01.58 lr=0.000352 | GPU MB alloc/reserved=278.0/1898.0
2026-04-11 16:49:10 | INFO | [Round 16] Epoch 48/80 time=00:01.58 avg=00:01.60 ETA=00:51.15 | GPU MB alloc/reserved=278.0/1898.0
2026-04-11 16:49:12 | INFO | [Round 16] epoch=49/80 loss=0.1749 acc=94.19 val_acc=nan data_t=0.0018s batch_t=0.0919s epoch_t=00:01.59 lr=0.000334 | GPU MB alloc/reserved=278.0/1898.0
2026-04-11 16:49:12 | INFO | [Round 16] Epoch 49/80 time=00:01.59 avg=00:01.60 ETA=00:49.55 | GPU MB alloc/reserved=278.0/1898.0
2026-04-11 16:49:13 | INFO | [Round 16] epoch=50/80 loss=0.1094 acc=97.33 val_acc=nan data_t=0.0020s batch_t=0.0918s epoch_t=00:01.60 lr=0.000316 | GPU MB alloc/reserved=278.0/1898.0
2026-04-11 16:49:13 | INFO | [Round 16] Epoch 50/80 time=00:01.60 avg=00:01.60 ETA=00:47.95 | GPU MB alloc/reserved=278.0/1898.0
2026-04-11 16:49:15 | INFO | [Round 16] epoch=51/80 loss=0.0900 acc=97.95 val_acc=nan data_t=0.0037s batch_t=0.0915s epoch_t=00:01.62 lr=0.000298 | GPU MB alloc/reserved=278.0/1898.0
2026-04-11 16:49:15 | INFO | [Round 16] Epoch 51/80 time=00:01.62 avg=00:01.60 ETA=00:46.36 | GPU MB alloc/reserved=278.0/1898.0
2026-04-11 16:49:17 | INFO | [Round 16] epoch=52/80 loss=0.0808 acc=98.14 val_acc=nan data_t=0.0026s batch_t=0.0911s epoch_t=00:01.59 lr=0.000280 | GPU MB alloc/reserved=278.0/1898.0
2026-04-11 16:49:17 | INFO | [Round 16] Epoch 52/80 time=00:01.59 avg=00:01.60 ETA=00:44.76 | GPU MB alloc/reserved=278.0/1898.0
2026-04-11 16:49:18 | INFO | [Round 16] epoch=53/80 loss=0.0820 acc=97.86 val_acc=nan data_t=0.0023s batch_t=0.0917s epoch_t=00:01.60 lr=0.000263 | GPU MB alloc/reserved=278.0/1898.0
2026-04-11 16:49:18 | INFO | [Round 16] Epoch 53/80 time=00:01.60 avg=00:01.60 ETA=00:43.16 | GPU MB alloc/reserved=278.0/1898.0
2026-04-11 16:49:20 | INFO | [Round 16] epoch=54/80 loss=0.0704 acc=97.86 val_acc=nan data_t=0.0022s batch_t=0.0909s epoch_t=00:01.58 lr=0.000246 | GPU MB alloc/reserved=278.0/1898.0
2026-04-11 16:49:20 | INFO | [Round 16] Epoch 54/80 time=00:01.58 avg=00:01.60 ETA=00:41.56 | GPU MB alloc/reserved=278.0/1898.0
2026-04-11 16:49:21 | INFO | [Round 16] epoch=55/80 loss=0.0725 acc=97.76 val_acc=nan data_t=0.0018s batch_t=0.0870s epoch_t=00:01.51 lr=0.000230 | GPU MB alloc/reserved=278.0/1898.0
2026-04-11 16:49:21 | INFO | [Round 16] Epoch 55/80 time=00:01.51 avg=00:01.60 ETA=00:39.92 | GPU MB alloc/reserved=278.0/1898.0
2026-04-11 16:49:23 | INFO | [Round 16] epoch=56/80 loss=0.0700 acc=98.00 val_acc=nan data_t=0.0019s batch_t=0.0874s epoch_t=00:01.52 lr=0.000214 | GPU MB alloc/reserved=278.0/1898.0
2026-04-11 16:49:23 | INFO | [Round 16] Epoch 56/80 time=00:01.52 avg=00:01.60 ETA=00:38.29 | GPU MB alloc/reserved=278.0/1898.0
2026-04-11 16:49:25 | INFO | [Round 16] epoch=57/80 loss=0.0609 acc=98.76 val_acc=nan data_t=0.0018s batch_t=0.0982s epoch_t=00:01.70 lr=0.000199 | GPU MB alloc/reserved=278.0/1898.0
2026-04-11 16:49:25 | INFO | [Round 16] Epoch 57/80 time=00:01.70 avg=00:01.60 ETA=00:36.73 | GPU MB alloc/reserved=278.0/1898.0
2026-04-11 16:49:26 | INFO | [Round 16] epoch=58/80 loss=0.0544 acc=98.57 val_acc=nan data_t=0.0020s batch_t=0.0999s epoch_t=00:01.73 lr=0.000184 | GPU MB alloc/reserved=278.0/1898.0
2026-04-11 16:49:26 | INFO | [Round 16] Epoch 58/80 time=00:01.73 avg=00:01.60 ETA=00:35.19 | GPU MB alloc/reserved=278.0/1898.0
2026-04-11 16:49:28 | INFO | [Round 16] epoch=59/80 loss=0.0419 acc=99.10 val_acc=nan data_t=0.0027s batch_t=0.0993s epoch_t=00:01.73 lr=0.000169 | GPU MB alloc/reserved=278.0/1898.0
2026-04-11 16:49:28 | INFO | [Round 16] Epoch 59/80 time=00:01.73 avg=00:01.60 ETA=00:33.64 | GPU MB alloc/reserved=278.0/1898.0
2026-04-11 16:49:30 | INFO | [Round 16] epoch=60/80 loss=0.0332 acc=99.62 val_acc=nan data_t=0.0020s batch_t=0.0993s epoch_t=00:01.72 lr=0.000155 | GPU MB alloc/reserved=278.0/1898.0
2026-04-11 16:49:30 | INFO | [Round 16] Epoch 60/80 time=00:01.72 avg=00:01.60 ETA=00:32.08 | GPU MB alloc/reserved=278.0/1898.0
2026-04-11 16:49:31 | INFO | [Round 16] epoch=61/80 loss=0.0252 acc=99.76 val_acc=nan data_t=0.0022s batch_t=0.0753s epoch_t=00:01.32 lr=0.000142 | GPU MB alloc/reserved=278.0/1898.0
2026-04-11 16:49:31 | INFO | [Round 16] Epoch 61/80 time=00:01.32 avg=00:01.60 ETA=00:30.38 | GPU MB alloc/reserved=278.0/1898.0
2026-04-11 16:49:32 | INFO | [Round 16] epoch=62/80 loss=0.0294 acc=99.52 val_acc=nan data_t=0.0018s batch_t=0.0729s epoch_t=00:01.27 lr=0.000129 | GPU MB alloc/reserved=278.0/1898.0
2026-04-11 16:49:32 | INFO | [Round 16] Epoch 62/80 time=00:01.27 avg=00:01.59 ETA=00:28.69 | GPU MB alloc/reserved=278.0/1898.0
2026-04-11 16:49:33 | INFO | [Round 16] epoch=63/80 loss=0.0270 acc=99.43 val_acc=nan data_t=0.0016s batch_t=0.0612s epoch_t=00:01.07 lr=0.000116 | GPU MB alloc/reserved=278.0/1898.0
2026-04-11 16:49:33 | INFO | [Round 16] Epoch 63/80 time=00:01.07 avg=00:01.59 ETA=00:26.95 | GPU MB alloc/reserved=278.0/1898.0
2026-04-11 16:49:35 | INFO | [Round 16] epoch=64/80 loss=0.0247 acc=99.57 val_acc=nan data_t=0.0026s batch_t=0.0779s epoch_t=00:01.37 lr=0.000105 | GPU MB alloc/reserved=278.0/1898.0
2026-04-11 16:49:35 | INFO | [Round 16] Epoch 64/80 time=00:01.37 avg=00:01.58 ETA=00:25.31 | GPU MB alloc/reserved=278.0/1898.0
2026-04-11 16:49:36 | INFO | [Round 16] epoch=65/80 loss=0.0216 acc=99.76 val_acc=nan data_t=0.0030s batch_t=0.0889s epoch_t=00:01.56 lr=0.000093 | GPU MB alloc/reserved=278.0/1898.0
2026-04-11 16:49:36 | INFO | [Round 16] Epoch 65/80 time=00:01.56 avg=00:01.58 ETA=00:23.73 | GPU MB alloc/reserved=278.0/1898.0
2026-04-11 16:49:38 | INFO | [Round 16] epoch=66/80 loss=0.0183 acc=99.76 val_acc=nan data_t=0.0021s batch_t=0.0900s epoch_t=00:01.57 lr=0.000083 | GPU MB alloc/reserved=278.0/1898.0
2026-04-11 16:49:38 | INFO | [Round 16] Epoch 66/80 time=00:01.57 avg=00:01.58 ETA=00:22.14 | GPU MB alloc/reserved=278.0/1898.0
2026-04-11 16:49:39 | INFO | [Round 16] epoch=67/80 loss=0.0176 acc=99.90 val_acc=nan data_t=0.0017s batch_t=0.0905s epoch_t=00:01.57 lr=0.000073 | GPU MB alloc/reserved=278.0/1898.0
2026-04-11 16:49:39 | INFO | [Round 16] Epoch 67/80 time=00:01.57 avg=00:01.58 ETA=00:20.56 | GPU MB alloc/reserved=278.0/1898.0
2026-04-11 16:49:41 | INFO | [Round 16] epoch=68/80 loss=0.0156 acc=99.86 val_acc=nan data_t=0.0025s batch_t=0.0915s epoch_t=00:01.60 lr=0.000064 | GPU MB alloc/reserved=278.0/1898.0
2026-04-11 16:49:41 | INFO | [Round 16] Epoch 68/80 time=00:01.60 avg=00:01.58 ETA=00:18.98 | GPU MB alloc/reserved=278.0/1898.0
2026-04-11 16:49:43 | INFO | [Round 16] epoch=69/80 loss=0.0172 acc=99.90 val_acc=nan data_t=0.0025s batch_t=0.0902s epoch_t=00:01.58 lr=0.000055 | GPU MB alloc/reserved=278.0/1898.0
2026-04-11 16:49:43 | INFO | [Round 16] Epoch 69/80 time=00:01.58 avg=00:01.58 ETA=00:17.40 | GPU MB alloc/reserved=278.0/1898.0
2026-04-11 16:49:44 | INFO | [Round 16] epoch=70/80 loss=0.0161 acc=99.90 val_acc=nan data_t=0.0025s batch_t=0.0900s epoch_t=00:01.57 lr=0.000048 | GPU MB alloc/reserved=278.0/1898.0
2026-04-11 16:49:44 | INFO | [Round 16] Epoch 70/80 time=00:01.57 avg=00:01.58 ETA=00:15.81 | GPU MB alloc/reserved=278.0/1898.0
2026-04-11 16:49:46 | INFO | [Round 16] epoch=71/80 loss=0.0141 acc=99.90 val_acc=nan data_t=0.0016s batch_t=0.0899s epoch_t=00:01.56 lr=0.000041 | GPU MB alloc/reserved=278.0/1898.0
2026-04-11 16:49:46 | INFO | [Round 16] Epoch 71/80 time=00:01.56 avg=00:01.58 ETA=00:14.23 | GPU MB alloc/reserved=278.0/1898.0
2026-04-11 16:49:47 | INFO | [Round 16] epoch=72/80 loss=0.0161 acc=99.86 val_acc=nan data_t=0.0018s batch_t=0.0911s epoch_t=00:01.58 lr=0.000034 | GPU MB alloc/reserved=278.0/1898.0
2026-04-11 16:49:47 | INFO | [Round 16] Epoch 72/80 time=00:01.58 avg=00:01.58 ETA=00:12.65 | GPU MB alloc/reserved=278.0/1898.0
2026-04-11 16:49:49 | INFO | [Round 16] epoch=73/80 loss=0.0121 acc=100.00 val_acc=nan data_t=0.0028s batch_t=0.0917s epoch_t=00:01.61 lr=0.000029 | GPU MB alloc/reserved=278.0/1898.0
2026-04-11 16:49:49 | INFO | [Round 16] Epoch 73/80 time=00:01.61 avg=00:01.58 ETA=00:11.07 | GPU MB alloc/reserved=278.0/1898.0
2026-04-11 16:49:50 | INFO | [Round 16] epoch=74/80 loss=0.0143 acc=99.86 val_acc=nan data_t=0.0017s batch_t=0.0811s epoch_t=00:01.41 lr=0.000024 | GPU MB alloc/reserved=278.0/1898.0
2026-04-11 16:49:50 | INFO | [Round 16] Epoch 74/80 time=00:01.41 avg=00:01.58 ETA=00:09.47 | GPU MB alloc/reserved=278.0/1898.0
2026-04-11 16:49:52 | INFO | [Round 16] epoch=75/80 loss=0.0141 acc=99.95 val_acc=nan data_t=0.0023s batch_t=0.0992s epoch_t=00:01.73 lr=0.000020 | GPU MB alloc/reserved=278.0/1898.0
2026-04-11 16:49:52 | INFO | [Round 16] Epoch 75/80 time=00:01.73 avg=00:01.58 ETA=00:07.90 | GPU MB alloc/reserved=278.0/1898.0
2026-04-11 16:49:54 | INFO | [Round 16] epoch=76/80 loss=0.0122 acc=99.90 val_acc=nan data_t=0.0025s batch_t=0.0965s epoch_t=00:01.68 lr=0.000016 | GPU MB alloc/reserved=278.0/1898.0
2026-04-11 16:49:54 | INFO | [Round 16] Epoch 76/80 time=00:01.68 avg=00:01.58 ETA=00:06.33 | GPU MB alloc/reserved=278.0/1898.0
2026-04-11 16:49:55 | INFO | [Round 16] epoch=77/80 loss=0.0148 acc=99.90 val_acc=nan data_t=0.0023s batch_t=0.0990s epoch_t=00:01.72 lr=0.000013 | GPU MB alloc/reserved=278.0/1898.0
2026-04-11 16:49:55 | INFO | [Round 16] Epoch 77/80 time=00:01.72 avg=00:01.58 ETA=00:04.75 | GPU MB alloc/reserved=278.0/1898.0
2026-04-11 16:49:57 | INFO | [Round 16] epoch=78/80 loss=0.0131 acc=99.90 val_acc=nan data_t=0.0022s batch_t=0.0994s epoch_t=00:01.73 lr=0.000012 | GPU MB alloc/reserved=278.0/1898.0
2026-04-11 16:49:57 | INFO | [Round 16] Epoch 78/80 time=00:01.73 avg=00:01.59 ETA=00:03.17 | GPU MB alloc/reserved=278.0/1898.0
2026-04-11 16:49:59 | INFO | [Round 16] epoch=79/80 loss=0.0143 acc=99.86 val_acc=nan data_t=0.0028s batch_t=0.0862s epoch_t=00:01.51 lr=0.000010 | GPU MB alloc/reserved=278.0/1898.0
2026-04-11 16:49:59 | INFO | [Round 16] Epoch 79/80 time=00:01.51 avg=00:01.59 ETA=00:01.59 | GPU MB alloc/reserved=278.0/1898.0
2026-04-11 16:50:00 | INFO | [Round 16] epoch=80/80 loss=0.0126 acc=99.90 val_acc=nan data_t=0.0016s batch_t=0.0638s epoch_t=00:01.11 lr=0.000010 | GPU MB alloc/reserved=278.0/1898.0
2026-04-11 16:50:00 | INFO | [Round 16] Epoch 80/80 time=00:01.11 avg=00:01.58 ETA=00:00.00 | GPU MB alloc/reserved=278.0/1898.0
2026-04-11 16:50:00 | INFO | [Round 16] training complete in 02:06.67 (best monitor=100.000) | GPU MB alloc/reserved=278.0/1898.0
2026-04-11 16:50:00 | INFO | [Round 16] evaluation started | GPU MB alloc/reserved=191.2/1898.0
2026-04-11 16:50:08 | INFO | [Round 16] clean=61.72 fgsm=49.93 pgd=49.52 grad_disp_mean=nan grad_disp_sel=nan round_t=137.62s | GPU MB alloc/reserved=191.2/1898.0
2026-04-11 16:50:08 | INFO | [Round 17/21] elapsed=02:17.62 avg_round=01:29.47 projected_remaining=05:57.90 | GPU MB alloc/reserved=191.2/1898.0
2026-04-11 16:50:09 | INFO | [Round 17] acquisition on pool_size=47900 scored_pool=5000 budget=100 | GPU MB alloc/reserved=103.6/1898.0
2026-04-11 16:50:09 | INFO | [CoreSet-unlabeled-feat] scoring progress 10/20 elapsed=00:00.24 avg/batch=0.024s ETA=00:00.24 | GPU MB alloc/reserved=111.6/1898.0
2026-04-11 16:50:10 | INFO | [CoreSet-unlabeled-feat] scoring progress 20/20 elapsed=00:00.40 avg/batch=0.020s ETA=00:00.00 | GPU MB alloc/reserved=115.1/1898.0
2026-04-11 16:50:10 | INFO | [CoreSet-labeled-feat] scoring progress 9/9 elapsed=00:00.22 avg/batch=0.025s ETA=00:00.00 | GPU MB alloc/reserved=118.0/1898.0
2026-04-11 16:50:10 | INFO | [CoreSet] greedy 10/100 cover_radius=17.278389 | GPU: n/a
2026-04-11 16:50:10 | INFO | [CoreSet] greedy 20/100 cover_radius=16.875196 | GPU: n/a
2026-04-11 16:50:10 | INFO | [CoreSet] greedy 30/100 cover_radius=16.418144 | GPU: n/a
2026-04-11 16:50:10 | INFO | [CoreSet] greedy 40/100 cover_radius=16.303524 | GPU: n/a
2026-04-11 16:50:11 | INFO | [CoreSet] greedy 50/100 cover_radius=16.166107 | GPU: n/a
2026-04-11 16:50:11 | INFO | [CoreSet] greedy 60/100 cover_radius=16.027298 | GPU: n/a
2026-04-11 16:50:11 | INFO | [CoreSet] greedy 70/100 cover_radius=15.894903 | GPU: n/a
2026-04-11 16:50:11 | INFO | [CoreSet] greedy 80/100 cover_radius=15.784792 | GPU: n/a
2026-04-11 16:50:11 | INFO | [CoreSet] greedy 90/100 cover_radius=15.694035 | GPU: n/a
2026-04-11 16:50:11 | INFO | [CoreSet] greedy 100/100 cover_radius=15.601637 | GPU: n/a
2026-04-11 16:50:12 | INFO | [Round 17] labeled=2200 train=2200 val_fixed=0 | GPU MB alloc/reserved=147.7/1898.0
2026-04-11 16:50:14 | INFO | [Round 17] epoch=1/80 loss=2.2678 acc=18.27 val_acc=nan data_t=0.0105s batch_t=0.0965s epoch_t=00:01.93 lr=0.001000 | GPU MB alloc/reserved=278.0/1898.0
2026-04-11 16:50:14 | INFO | [Round 17] Epoch 1/80 time=00:01.93 avg=00:01.93 ETA=02:32.18 | GPU MB alloc/reserved=278.0/1898.0
2026-04-11 16:50:15 | INFO | [Round 17] epoch=2/80 loss=2.0691 acc=22.41 val_acc=nan data_t=0.0021s batch_t=0.0919s epoch_t=00:01.69 lr=0.000998 | GPU MB alloc/reserved=278.0/1898.0
2026-04-11 16:50:15 | INFO | [Round 17] Epoch 2/80 time=00:01.69 avg=00:01.81 ETA=02:21.15 | GPU MB alloc/reserved=278.0/1898.0
2026-04-11 16:50:17 | INFO | [Round 17] epoch=3/80 loss=1.9962 acc=25.09 val_acc=nan data_t=0.0015s batch_t=0.0903s epoch_t=00:01.65 lr=0.000997 | GPU MB alloc/reserved=278.0/1898.0
2026-04-11 16:50:17 | INFO | [Round 17] Epoch 3/80 time=00:01.65 avg=00:01.76 ETA=02:15.29 | GPU MB alloc/reserved=278.0/1898.0
2026-04-11 16:50:19 | INFO | [Round 17] epoch=4/80 loss=1.8958 acc=29.86 val_acc=nan data_t=0.0016s batch_t=0.0902s epoch_t=00:01.65 lr=0.000994 | GPU MB alloc/reserved=278.0/1898.0
2026-04-11 16:50:19 | INFO | [Round 17] Epoch 4/80 time=00:01.65 avg=00:01.73 ETA=02:11.56 | GPU MB alloc/reserved=278.0/1898.0
2026-04-11 16:50:20 | INFO | [Round 17] epoch=5/80 loss=1.8514 acc=30.95 val_acc=nan data_t=0.0016s batch_t=0.0907s epoch_t=00:01.66 lr=0.000990 | GPU MB alloc/reserved=278.0/1898.0
2026-04-11 16:50:20 | INFO | [Round 17] Epoch 5/80 time=00:01.66 avg=00:01.72 ETA=02:08.77 | GPU MB alloc/reserved=278.0/1898.0
2026-04-11 16:50:22 | INFO | [Round 17] epoch=6/80 loss=1.8038 acc=31.77 val_acc=nan data_t=0.0020s batch_t=0.0907s epoch_t=00:01.67 lr=0.000986 | GPU MB alloc/reserved=278.0/1898.0
2026-04-11 16:50:22 | INFO | [Round 17] Epoch 6/80 time=00:01.67 avg=00:01.71 ETA=02:06.45 | GPU MB alloc/reserved=278.0/1898.0
2026-04-11 16:50:24 | INFO | [Round 17] epoch=7/80 loss=1.7890 acc=31.95 val_acc=nan data_t=0.0017s batch_t=0.0905s epoch_t=00:01.66 lr=0.000981 | GPU MB alloc/reserved=278.0/1898.0
2026-04-11 16:50:24 | INFO | [Round 17] Epoch 7/80 time=00:01.66 avg=00:01.70 ETA=02:04.24 | GPU MB alloc/reserved=278.0/1898.0
2026-04-11 16:50:25 | INFO | [Round 17] epoch=8/80 loss=1.7516 acc=34.36 val_acc=nan data_t=0.0015s batch_t=0.0907s epoch_t=00:01.66 lr=0.000976 | GPU MB alloc/reserved=278.0/1898.0
2026-04-11 16:50:25 | INFO | [Round 17] Epoch 8/80 time=00:01.66 avg=00:01.70 ETA=02:02.15 | GPU MB alloc/reserved=278.0/1898.0
2026-04-11 16:50:27 | INFO | [Round 17] epoch=9/80 loss=1.6822 acc=37.27 val_acc=nan data_t=0.0017s batch_t=0.0910s epoch_t=00:01.67 lr=0.000969 | GPU MB alloc/reserved=278.0/1898.0
2026-04-11 16:50:27 | INFO | [Round 17] Epoch 9/80 time=00:01.67 avg=00:01.69 ETA=02:00.23 | GPU MB alloc/reserved=278.0/1898.0
2026-04-11 16:50:29 | INFO | [Round 17] epoch=10/80 loss=1.6469 acc=37.55 val_acc=nan data_t=0.0018s batch_t=0.0909s epoch_t=00:01.67 lr=0.000962 | GPU MB alloc/reserved=278.0/1898.0
2026-04-11 16:50:29 | INFO | [Round 17] Epoch 10/80 time=00:01.67 avg=00:01.69 ETA=01:58.36 | GPU MB alloc/reserved=278.0/1898.0
2026-04-11 16:50:30 | INFO | [Round 17] epoch=11/80 loss=1.6124 acc=39.45 val_acc=nan data_t=0.0020s batch_t=0.0905s epoch_t=00:01.67 lr=0.000955 | GPU MB alloc/reserved=278.0/1898.0
2026-04-11 16:50:30 | INFO | [Round 17] Epoch 11/80 time=00:01.67 avg=00:01.69 ETA=01:56.52 | GPU MB alloc/reserved=278.0/1898.0
2026-04-11 16:50:32 | INFO | [Round 17] epoch=12/80 loss=1.6162 acc=39.18 val_acc=nan data_t=0.0015s batch_t=0.0907s epoch_t=00:01.66 lr=0.000946 | GPU MB alloc/reserved=278.0/1898.0
2026-04-11 16:50:32 | INFO | [Round 17] Epoch 12/80 time=00:01.66 avg=00:01.69 ETA=01:54.66 | GPU MB alloc/reserved=278.0/1898.0
2026-04-11 16:50:34 | INFO | [Round 17] epoch=13/80 loss=1.5304 acc=43.18 val_acc=nan data_t=0.0015s batch_t=0.0902s epoch_t=00:01.65 lr=0.000937 | GPU MB alloc/reserved=278.0/1898.0
2026-04-11 16:50:34 | INFO | [Round 17] Epoch 13/80 time=00:01.65 avg=00:01.68 ETA=01:52.80 | GPU MB alloc/reserved=278.0/1898.0
2026-04-11 16:50:35 | INFO | [Round 17] epoch=14/80 loss=1.5018 acc=43.00 val_acc=nan data_t=0.0019s batch_t=0.0908s epoch_t=00:01.67 lr=0.000927 | GPU MB alloc/reserved=278.0/1898.0
2026-04-11 16:50:35 | INFO | [Round 17] Epoch 14/80 time=00:01.67 avg=00:01.68 ETA=01:51.04 | GPU MB alloc/reserved=278.0/1898.0
2026-04-11 16:50:37 | INFO | [Round 17] epoch=15/80 loss=1.5001 acc=43.00 val_acc=nan data_t=0.0015s batch_t=0.0911s epoch_t=00:01.67 lr=0.000917 | GPU MB alloc/reserved=278.0/1898.0
2026-04-11 16:50:37 | INFO | [Round 17] Epoch 15/80 time=00:01.67 avg=00:01.68 ETA=01:49.29 | GPU MB alloc/reserved=278.0/1898.0
2026-04-11 16:50:39 | INFO | [Round 17] epoch=16/80 loss=1.4422 acc=46.14 val_acc=nan data_t=0.0018s batch_t=0.0909s epoch_t=00:01.67 lr=0.000905 | GPU MB alloc/reserved=278.0/1898.0
2026-04-11 16:50:39 | INFO | [Round 17] Epoch 16/80 time=00:01.67 avg=00:01.68 ETA=01:47.56 | GPU MB alloc/reserved=278.0/1898.0
2026-04-11 16:50:40 | INFO | [Round 17] epoch=17/80 loss=1.3988 acc=47.36 val_acc=nan data_t=0.0018s batch_t=0.0904s epoch_t=00:01.66 lr=0.000894 | GPU MB alloc/reserved=278.0/1898.0
2026-04-11 16:50:40 | INFO | [Round 17] Epoch 17/80 time=00:01.66 avg=00:01.68 ETA=01:45.81 | GPU MB alloc/reserved=278.0/1898.0
2026-04-11 16:50:42 | INFO | [Round 17] epoch=18/80 loss=1.3942 acc=47.95 val_acc=nan data_t=0.0016s batch_t=0.0908s epoch_t=00:01.66 lr=0.000881 | GPU MB alloc/reserved=278.0/1898.0
2026-04-11 16:50:42 | INFO | [Round 17] Epoch 18/80 time=00:01.66 avg=00:01.68 ETA=01:44.07 | GPU MB alloc/reserved=278.0/1898.0
2026-04-11 16:50:44 | INFO | [Round 17] epoch=19/80 loss=1.3497 acc=49.36 val_acc=nan data_t=0.0016s batch_t=0.0907s epoch_t=00:01.66 lr=0.000868 | GPU MB alloc/reserved=278.0/1898.0
2026-04-11 16:50:44 | INFO | [Round 17] Epoch 19/80 time=00:01.66 avg=00:01.68 ETA=01:42.34 | GPU MB alloc/reserved=278.0/1898.0
2026-04-11 16:50:45 | INFO | [Round 17] epoch=20/80 loss=1.2820 acc=51.45 val_acc=nan data_t=0.0029s batch_t=0.0901s epoch_t=00:01.67 lr=0.000855 | GPU MB alloc/reserved=278.0/1898.0
2026-04-11 16:50:45 | INFO | [Round 17] Epoch 20/80 time=00:01.67 avg=00:01.68 ETA=01:40.65 | GPU MB alloc/reserved=278.0/1898.0
2026-04-11 16:50:47 | INFO | [Round 17] epoch=21/80 loss=1.2225 acc=54.23 val_acc=nan data_t=0.0023s batch_t=0.0905s epoch_t=00:01.67 lr=0.000841 | GPU MB alloc/reserved=278.0/1898.0
2026-04-11 16:50:47 | INFO | [Round 17] Epoch 21/80 time=00:01.67 avg=00:01.68 ETA=01:38.96 | GPU MB alloc/reserved=278.0/1898.0
2026-04-11 16:50:49 | INFO | [Round 17] epoch=22/80 loss=1.2404 acc=53.23 val_acc=nan data_t=0.0018s batch_t=0.0900s epoch_t=00:01.65 lr=0.000826 | GPU MB alloc/reserved=278.0/1898.0
2026-04-11 16:50:49 | INFO | [Round 17] Epoch 22/80 time=00:01.65 avg=00:01.68 ETA=01:37.22 | GPU MB alloc/reserved=278.0/1898.0
2026-04-11 16:50:50 | INFO | [Round 17] epoch=23/80 loss=1.1718 acc=56.23 val_acc=nan data_t=0.0017s batch_t=0.0907s epoch_t=00:01.66 lr=0.000811 | GPU MB alloc/reserved=278.0/1898.0
2026-04-11 16:50:50 | INFO | [Round 17] Epoch 23/80 time=00:01.66 avg=00:01.68 ETA=01:35.51 | GPU MB alloc/reserved=278.0/1898.0
2026-04-11 16:50:52 | INFO | [Round 17] epoch=24/80 loss=1.1361 acc=56.73 val_acc=nan data_t=0.0018s batch_t=0.0905s epoch_t=00:01.66 lr=0.000796 | GPU MB alloc/reserved=278.0/1898.0
2026-04-11 16:50:52 | INFO | [Round 17] Epoch 24/80 time=00:01.66 avg=00:01.68 ETA=01:33.81 | GPU MB alloc/reserved=278.0/1898.0
2026-04-11 16:50:54 | INFO | [Round 17] epoch=25/80 loss=1.1152 acc=57.18 val_acc=nan data_t=0.0016s batch_t=0.0909s epoch_t=00:01.67 lr=0.000780 | GPU MB alloc/reserved=278.0/1898.0
2026-04-11 16:50:54 | INFO | [Round 17] Epoch 25/80 time=00:01.67 avg=00:01.67 ETA=01:32.11 | GPU MB alloc/reserved=278.0/1898.0
2026-04-11 16:50:55 | INFO | [Round 17] epoch=26/80 loss=1.0822 acc=59.14 val_acc=nan data_t=0.0017s batch_t=0.0909s epoch_t=00:01.67 lr=0.000764 | GPU MB alloc/reserved=278.0/1898.0
2026-04-11 16:50:55 | INFO | [Round 17] Epoch 26/80 time=00:01.67 avg=00:01.67 ETA=01:30.42 | GPU MB alloc/reserved=278.0/1898.0
2026-04-11 16:50:57 | INFO | [Round 17] epoch=27/80 loss=1.0170 acc=62.45 val_acc=nan data_t=0.0021s batch_t=0.0899s epoch_t=00:01.66 lr=0.000747 | GPU MB alloc/reserved=278.0/1898.0
2026-04-11 16:50:57 | INFO | [Round 17] Epoch 27/80 time=00:01.66 avg=00:01.67 ETA=01:28.71 | GPU MB alloc/reserved=278.0/1898.0
2026-04-11 16:50:59 | INFO | [Round 17] epoch=28/80 loss=0.9725 acc=62.86 val_acc=nan data_t=0.0016s batch_t=0.0908s epoch_t=00:01.66 lr=0.000730 | GPU MB alloc/reserved=278.0/1898.0
2026-04-11 16:50:59 | INFO | [Round 17] Epoch 28/80 time=00:01.66 avg=00:01.67 ETA=01:27.01 | GPU MB alloc/reserved=278.0/1898.0
2026-04-11 16:51:00 | INFO | [Round 17] epoch=29/80 loss=0.9641 acc=62.86 val_acc=nan data_t=0.0015s batch_t=0.0914s epoch_t=00:01.67 lr=0.000712 | GPU MB alloc/reserved=278.0/1898.0
2026-04-11 16:51:00 | INFO | [Round 17] Epoch 29/80 time=00:01.67 avg=00:01.67 ETA=01:25.34 | GPU MB alloc/reserved=278.0/1898.0
2026-04-11 16:51:02 | INFO | [Round 17] epoch=30/80 loss=0.9089 acc=65.23 val_acc=nan data_t=0.0023s batch_t=0.0905s epoch_t=00:01.67 lr=0.000694 | GPU MB alloc/reserved=278.0/1898.0
2026-04-11 16:51:02 | INFO | [Round 17] Epoch 30/80 time=00:01.67 avg=00:01.67 ETA=01:23.66 | GPU MB alloc/reserved=278.0/1898.0
2026-04-11 16:51:04 | INFO | [Round 17] epoch=31/80 loss=0.8929 acc=66.18 val_acc=nan data_t=0.0015s batch_t=0.0906s epoch_t=00:01.66 lr=0.000676 | GPU MB alloc/reserved=278.0/1898.0
2026-04-11 16:51:04 | INFO | [Round 17] Epoch 31/80 time=00:01.66 avg=00:01.67 ETA=01:21.96 | GPU MB alloc/reserved=278.0/1898.0
2026-04-11 16:51:05 | INFO | [Round 17] epoch=32/80 loss=0.8375 acc=68.68 val_acc=nan data_t=0.0015s batch_t=0.0909s epoch_t=00:01.66 lr=0.000658 | GPU MB alloc/reserved=278.0/1898.0
2026-04-11 16:51:05 | INFO | [Round 17] Epoch 32/80 time=00:01.66 avg=00:01.67 ETA=01:20.28 | GPU MB alloc/reserved=278.0/1898.0
2026-04-11 16:51:07 | INFO | [Round 17] epoch=33/80 loss=0.7368 acc=72.32 val_acc=nan data_t=0.0025s batch_t=0.0900s epoch_t=00:01.66 lr=0.000639 | GPU MB alloc/reserved=278.0/1898.0
2026-04-11 16:51:07 | INFO | [Round 17] Epoch 33/80 time=00:01.66 avg=00:01.67 ETA=01:18.59 | GPU MB alloc/reserved=278.0/1898.0
2026-04-11 16:51:09 | INFO | [Round 17] epoch=34/80 loss=0.7041 acc=73.50 val_acc=nan data_t=0.0027s batch_t=0.0899s epoch_t=00:01.67 lr=0.000621 | GPU MB alloc/reserved=278.0/1898.0
2026-04-11 16:51:09 | INFO | [Round 17] Epoch 34/80 time=00:01.67 avg=00:01.67 ETA=01:16.91 | GPU MB alloc/reserved=278.0/1898.0
2026-04-11 16:51:10 | INFO | [Round 17] epoch=35/80 loss=0.7009 acc=74.55 val_acc=nan data_t=0.0016s batch_t=0.0909s epoch_t=00:01.67 lr=0.000602 | GPU MB alloc/reserved=278.0/1898.0
2026-04-11 16:51:10 | INFO | [Round 17] Epoch 35/80 time=00:01.67 avg=00:01.67 ETA=01:15.23 | GPU MB alloc/reserved=278.0/1898.0
2026-04-11 16:51:12 | INFO | [Round 17] epoch=36/80 loss=0.6486 acc=76.82 val_acc=nan data_t=0.0017s batch_t=0.0905s epoch_t=00:01.66 lr=0.000582 | GPU MB alloc/reserved=278.0/1898.0
2026-04-11 16:51:12 | INFO | [Round 17] Epoch 36/80 time=00:01.66 avg=00:01.67 ETA=01:13.55 | GPU MB alloc/reserved=278.0/1898.0
2026-04-11 16:51:14 | INFO | [Round 17] epoch=37/80 loss=0.6327 acc=76.64 val_acc=nan data_t=0.0015s batch_t=0.0898s epoch_t=00:01.64 lr=0.000563 | GPU MB alloc/reserved=278.0/1898.0
2026-04-11 16:51:14 | INFO | [Round 17] Epoch 37/80 time=00:01.64 avg=00:01.67 ETA=01:11.84 | GPU MB alloc/reserved=278.0/1898.0
2026-04-11 16:51:15 | INFO | [Round 17] epoch=38/80 loss=0.6339 acc=77.36 val_acc=nan data_t=0.0016s batch_t=0.0905s epoch_t=00:01.66 lr=0.000544 | GPU MB alloc/reserved=278.0/1898.0
2026-04-11 16:51:15 | INFO | [Round 17] Epoch 38/80 time=00:01.66 avg=00:01.67 ETA=01:10.16 | GPU MB alloc/reserved=278.0/1898.0
2026-04-11 16:51:17 | INFO | [Round 17] epoch=39/80 loss=0.5703 acc=79.00 val_acc=nan data_t=0.0017s batch_t=0.0905s epoch_t=00:01.66 lr=0.000524 | GPU MB alloc/reserved=278.0/1898.0
2026-04-11 16:51:17 | INFO | [Round 17] Epoch 39/80 time=00:01.66 avg=00:01.67 ETA=01:08.48 | GPU MB alloc/reserved=278.0/1898.0
2026-04-11 16:51:19 | INFO | [Round 17] epoch=40/80 loss=0.4981 acc=82.14 val_acc=nan data_t=0.0015s batch_t=0.0917s epoch_t=00:01.68 lr=0.000505 | GPU MB alloc/reserved=278.0/1898.0
2026-04-11 16:51:19 | INFO | [Round 17] Epoch 40/80 time=00:01.68 avg=00:01.67 ETA=01:06.81 | GPU MB alloc/reserved=278.0/1898.0
2026-04-11 16:51:20 | INFO | [Round 17] epoch=41/80 loss=0.5052 acc=81.32 val_acc=nan data_t=0.0016s batch_t=0.0904s epoch_t=00:01.66 lr=0.000486 | GPU MB alloc/reserved=278.0/1898.0
2026-04-11 16:51:20 | INFO | [Round 17] Epoch 41/80 time=00:01.66 avg=00:01.67 ETA=01:05.13 | GPU MB alloc/reserved=278.0/1898.0
2026-04-11 16:51:22 | INFO | [Round 17] epoch=42/80 loss=0.5513 acc=79.09 val_acc=nan data_t=0.0018s batch_t=0.0909s epoch_t=00:01.67 lr=0.000466 | GPU MB alloc/reserved=278.0/1898.0
2026-04-11 16:51:22 | INFO | [Round 17] Epoch 42/80 time=00:01.67 avg=00:01.67 ETA=01:03.46 | GPU MB alloc/reserved=278.0/1898.0
2026-04-11 16:51:24 | INFO | [Round 17] epoch=43/80 loss=0.4481 acc=83.55 val_acc=nan data_t=0.0023s batch_t=0.0910s epoch_t=00:01.68 lr=0.000447 | GPU MB alloc/reserved=278.0/1898.0
2026-04-11 16:51:24 | INFO | [Round 17] Epoch 43/80 time=00:01.68 avg=00:01.67 ETA=01:01.80 | GPU MB alloc/reserved=278.0/1898.0
2026-04-11 16:51:25 | INFO | [Round 17] epoch=44/80 loss=0.3866 acc=86.05 val_acc=nan data_t=0.0018s batch_t=0.0900s epoch_t=00:01.65 lr=0.000428 | GPU MB alloc/reserved=278.0/1898.0
2026-04-11 16:51:25 | INFO | [Round 17] Epoch 44/80 time=00:01.65 avg=00:01.67 ETA=01:00.11 | GPU MB alloc/reserved=278.0/1898.0
2026-04-11 16:51:27 | INFO | [Round 17] epoch=45/80 loss=0.3535 acc=87.59 val_acc=nan data_t=0.0026s batch_t=0.0900s epoch_t=00:01.67 lr=0.000408 | GPU MB alloc/reserved=278.0/1898.0
2026-04-11 16:51:27 | INFO | [Round 17] Epoch 45/80 time=00:01.67 avg=00:01.67 ETA=00:58.44 | GPU MB alloc/reserved=278.0/1898.0
2026-04-11 16:51:29 | INFO | [Round 17] epoch=46/80 loss=0.3291 acc=88.09 val_acc=nan data_t=0.0015s batch_t=0.0904s epoch_t=00:01.66 lr=0.000389 | GPU MB alloc/reserved=278.0/1898.0
2026-04-11 16:51:29 | INFO | [Round 17] Epoch 46/80 time=00:01.66 avg=00:01.67 ETA=00:56.76 | GPU MB alloc/reserved=278.0/1898.0
2026-04-11 16:51:30 | INFO | [Round 17] epoch=47/80 loss=0.3057 acc=89.64 val_acc=nan data_t=0.0019s batch_t=0.0910s epoch_t=00:01.67 lr=0.000371 | GPU MB alloc/reserved=278.0/1898.0
2026-04-11 16:51:30 | INFO | [Round 17] Epoch 47/80 time=00:01.67 avg=00:01.67 ETA=00:55.09 | GPU MB alloc/reserved=278.0/1898.0
2026-04-11 16:51:32 | INFO | [Round 17] epoch=48/80 loss=0.2705 acc=91.32 val_acc=nan data_t=0.0016s batch_t=0.0903s epoch_t=00:01.66 lr=0.000352 | GPU MB alloc/reserved=278.0/1898.0
2026-04-11 16:51:32 | INFO | [Round 17] Epoch 48/80 time=00:01.66 avg=00:01.67 ETA=00:53.41 | GPU MB alloc/reserved=278.0/1898.0
2026-04-11 16:51:34 | INFO | [Round 17] epoch=49/80 loss=0.2181 acc=93.14 val_acc=nan data_t=0.0028s batch_t=0.0902s epoch_t=00:01.67 lr=0.000334 | GPU MB alloc/reserved=278.0/1898.0
2026-04-11 16:51:34 | INFO | [Round 17] Epoch 49/80 time=00:01.67 avg=00:01.67 ETA=00:51.75 | GPU MB alloc/reserved=278.0/1898.0
2026-04-11 16:51:35 | INFO | [Round 17] epoch=50/80 loss=0.1987 acc=93.41 val_acc=nan data_t=0.0024s batch_t=0.0898s epoch_t=00:01.66 lr=0.000316 | GPU MB alloc/reserved=278.0/1898.0
2026-04-11 16:51:35 | INFO | [Round 17] Epoch 50/80 time=00:01.66 avg=00:01.67 ETA=00:50.07 | GPU MB alloc/reserved=278.0/1898.0
2026-04-11 16:51:37 | INFO | [Round 17] epoch=51/80 loss=0.2004 acc=93.50 val_acc=nan data_t=0.0021s batch_t=0.0904s epoch_t=00:01.66 lr=0.000298 | GPU MB alloc/reserved=278.0/1898.0
2026-04-11 16:51:37 | INFO | [Round 17] Epoch 51/80 time=00:01.66 avg=00:01.67 ETA=00:48.40 | GPU MB alloc/reserved=278.0/1898.0
2026-04-11 16:51:39 | INFO | [Round 17] epoch=52/80 loss=0.1657 acc=94.95 val_acc=nan data_t=0.0016s batch_t=0.0914s epoch_t=00:01.67 lr=0.000280 | GPU MB alloc/reserved=278.0/1898.0
2026-04-11 16:51:39 | INFO | [Round 17] Epoch 52/80 time=00:01.67 avg=00:01.67 ETA=00:46.73 | GPU MB alloc/reserved=278.0/1898.0
2026-04-11 16:51:40 | INFO | [Round 17] epoch=53/80 loss=0.1579 acc=94.91 val_acc=nan data_t=0.0022s batch_t=0.0918s epoch_t=00:01.69 lr=0.000263 | GPU MB alloc/reserved=278.0/1898.0
2026-04-11 16:51:40 | INFO | [Round 17] Epoch 53/80 time=00:01.69 avg=00:01.67 ETA=00:45.08 | GPU MB alloc/reserved=278.0/1898.0
2026-04-11 16:51:42 | INFO | [Round 17] epoch=54/80 loss=0.1514 acc=95.05 val_acc=nan data_t=0.0022s batch_t=0.0906s epoch_t=00:01.67 lr=0.000246 | GPU MB alloc/reserved=278.0/1898.0
2026-04-11 16:51:42 | INFO | [Round 17] Epoch 54/80 time=00:01.67 avg=00:01.67 ETA=00:43.41 | GPU MB alloc/reserved=278.0/1898.0
2026-04-11 16:51:44 | INFO | [Round 17] epoch=55/80 loss=0.1578 acc=94.95 val_acc=nan data_t=0.0015s batch_t=0.0903s epoch_t=00:01.65 lr=0.000230 | GPU MB alloc/reserved=278.0/1898.0
2026-04-11 16:51:44 | INFO | [Round 17] Epoch 55/80 time=00:01.65 avg=00:01.67 ETA=00:41.73 | GPU MB alloc/reserved=278.0/1898.0
2026-04-11 16:51:45 | INFO | [Round 17] epoch=56/80 loss=0.1513 acc=95.41 val_acc=nan data_t=0.0022s batch_t=0.0905s epoch_t=00:01.67 lr=0.000214 | GPU MB alloc/reserved=278.0/1898.0
2026-04-11 16:51:45 | INFO | [Round 17] Epoch 56/80 time=00:01.67 avg=00:01.67 ETA=00:40.06 | GPU MB alloc/reserved=278.0/1898.0
2026-04-11 16:51:47 | INFO | [Round 17] epoch=57/80 loss=0.1213 acc=96.64 val_acc=nan data_t=0.0015s batch_t=0.0797s epoch_t=00:01.46 lr=0.000199 | GPU MB alloc/reserved=278.0/1898.0
2026-04-11 16:51:47 | INFO | [Round 17] Epoch 57/80 time=00:01.46 avg=00:01.67 ETA=00:38.31 | GPU MB alloc/reserved=278.0/1898.0
2026-04-11 16:51:49 | INFO | [Round 17] epoch=58/80 loss=0.1187 acc=96.55 val_acc=nan data_t=0.0021s batch_t=0.0978s epoch_t=00:01.80 lr=0.000184 | GPU MB alloc/reserved=278.0/1898.0
2026-04-11 16:51:49 | INFO | [Round 17] Epoch 58/80 time=00:01.80 avg=00:01.67 ETA=00:36.69 | GPU MB alloc/reserved=278.0/1898.0
2026-04-11 16:51:51 | INFO | [Round 17] epoch=59/80 loss=0.1096 acc=96.86 val_acc=nan data_t=0.0019s batch_t=0.1000s epoch_t=00:01.83 lr=0.000169 | GPU MB alloc/reserved=278.0/1898.0
2026-04-11 16:51:51 | INFO | [Round 17] Epoch 59/80 time=00:01.83 avg=00:01.67 ETA=00:35.08 | GPU MB alloc/reserved=278.0/1898.0
2026-04-11 16:51:52 | INFO | [Round 17] epoch=60/80 loss=0.0818 acc=98.05 val_acc=nan data_t=0.0017s batch_t=0.0990s epoch_t=00:01.81 lr=0.000155 | GPU MB alloc/reserved=278.0/1898.0
2026-04-11 16:51:52 | INFO | [Round 17] Epoch 60/80 time=00:01.81 avg=00:01.67 ETA=00:33.46 | GPU MB alloc/reserved=278.0/1898.0
2026-04-11 16:51:54 | INFO | [Round 17] epoch=61/80 loss=0.0678 acc=98.73 val_acc=nan data_t=0.0018s batch_t=0.0989s epoch_t=00:01.81 lr=0.000142 | GPU MB alloc/reserved=278.0/1898.0
2026-04-11 16:51:54 | INFO | [Round 17] Epoch 61/80 time=00:01.81 avg=00:01.68 ETA=00:31.83 | GPU MB alloc/reserved=278.0/1898.0
2026-04-11 16:51:56 | INFO | [Round 17] epoch=62/80 loss=0.0675 acc=98.50 val_acc=nan data_t=0.0015s batch_t=0.0732s epoch_t=00:01.34 lr=0.000129 | GPU MB alloc/reserved=278.0/1898.0
2026-04-11 16:51:56 | INFO | [Round 17] Epoch 62/80 time=00:01.34 avg=00:01.67 ETA=00:30.06 | GPU MB alloc/reserved=278.0/1898.0
2026-04-11 16:51:57 | INFO | [Round 17] epoch=63/80 loss=0.0604 acc=98.86 val_acc=nan data_t=0.0016s batch_t=0.0739s epoch_t=00:01.36 lr=0.000116 | GPU MB alloc/reserved=278.0/1898.0
2026-04-11 16:51:57 | INFO | [Round 17] Epoch 63/80 time=00:01.36 avg=00:01.67 ETA=00:28.31 | GPU MB alloc/reserved=278.0/1898.0
2026-04-11 16:51:58 | INFO | [Round 17] epoch=64/80 loss=0.0500 acc=99.32 val_acc=nan data_t=0.0019s batch_t=0.0618s epoch_t=00:01.15 lr=0.000105 | GPU MB alloc/reserved=278.0/1898.0
2026-04-11 16:51:58 | INFO | [Round 17] Epoch 64/80 time=00:01.15 avg=00:01.66 ETA=00:26.51 | GPU MB alloc/reserved=278.0/1898.0
2026-04-11 16:52:00 | INFO | [Round 17] epoch=65/80 loss=0.0491 acc=99.09 val_acc=nan data_t=0.0015s batch_t=0.0848s epoch_t=00:01.55 lr=0.000093 | GPU MB alloc/reserved=278.0/1898.0
2026-04-11 16:52:00 | INFO | [Round 17] Epoch 65/80 time=00:01.55 avg=00:01.66 ETA=00:24.83 | GPU MB alloc/reserved=278.0/1898.0
2026-04-11 16:52:01 | INFO | [Round 17] epoch=66/80 loss=0.0441 acc=99.23 val_acc=nan data_t=0.0022s batch_t=0.0892s epoch_t=00:01.65 lr=0.000083 | GPU MB alloc/reserved=278.0/1898.0
2026-04-11 16:52:01 | INFO | [Round 17] Epoch 66/80 time=00:01.65 avg=00:01.66 ETA=00:23.17 | GPU MB alloc/reserved=278.0/1898.0
2026-04-11 16:52:03 | INFO | [Round 17] epoch=67/80 loss=0.0426 acc=99.32 val_acc=nan data_t=0.0015s batch_t=0.0907s epoch_t=00:01.66 lr=0.000073 | GPU MB alloc/reserved=278.0/1898.0
2026-04-11 16:52:03 | INFO | [Round 17] Epoch 67/80 time=00:01.66 avg=00:01.66 ETA=00:21.52 | GPU MB alloc/reserved=278.0/1898.0
2026-04-11 16:52:05 | INFO | [Round 17] epoch=68/80 loss=0.0399 acc=99.36 val_acc=nan data_t=0.0015s batch_t=0.0908s epoch_t=00:01.66 lr=0.000064 | GPU MB alloc/reserved=278.0/1898.0
2026-04-11 16:52:05 | INFO | [Round 17] Epoch 68/80 time=00:01.66 avg=00:01.66 ETA=00:19.86 | GPU MB alloc/reserved=278.0/1898.0
2026-04-11 16:52:06 | INFO | [Round 17] epoch=69/80 loss=0.0402 acc=99.18 val_acc=nan data_t=0.0015s batch_t=0.0896s epoch_t=00:01.64 lr=0.000055 | GPU MB alloc/reserved=278.0/1898.0
2026-04-11 16:52:06 | INFO | [Round 17] Epoch 69/80 time=00:01.64 avg=00:01.66 ETA=00:18.21 | GPU MB alloc/reserved=278.0/1898.0
2026-04-11 16:52:08 | INFO | [Round 17] epoch=70/80 loss=0.0349 acc=99.50 val_acc=nan data_t=0.0020s batch_t=0.0891s epoch_t=00:01.64 lr=0.000048 | GPU MB alloc/reserved=278.0/1898.0
2026-04-11 16:52:08 | INFO | [Round 17] Epoch 70/80 time=00:01.64 avg=00:01.65 ETA=00:16.55 | GPU MB alloc/reserved=278.0/1898.0
2026-04-11 16:52:10 | INFO | [Round 17] epoch=71/80 loss=0.0306 acc=99.77 val_acc=nan data_t=0.0021s batch_t=0.0918s epoch_t=00:01.69 lr=0.000041 | GPU MB alloc/reserved=278.0/1898.0
2026-04-11 16:52:10 | INFO | [Round 17] Epoch 71/80 time=00:01.69 avg=00:01.66 ETA=00:14.90 | GPU MB alloc/reserved=278.0/1898.0
2026-04-11 16:52:11 | INFO | [Round 17] epoch=72/80 loss=0.0315 acc=99.68 val_acc=nan data_t=0.0016s batch_t=0.0908s epoch_t=00:01.66 lr=0.000034 | GPU MB alloc/reserved=278.0/1898.0
2026-04-11 16:52:11 | INFO | [Round 17] Epoch 72/80 time=00:01.66 avg=00:01.66 ETA=00:13.24 | GPU MB alloc/reserved=278.0/1898.0
2026-04-11 16:52:13 | INFO | [Round 17] epoch=73/80 loss=0.0289 acc=99.68 val_acc=nan data_t=0.0019s batch_t=0.0908s epoch_t=00:01.67 lr=0.000029 | GPU MB alloc/reserved=278.0/1898.0
2026-04-11 16:52:13 | INFO | [Round 17] Epoch 73/80 time=00:01.67 avg=00:01.66 ETA=00:11.59 | GPU MB alloc/reserved=278.0/1898.0
2026-04-11 16:52:14 | INFO | [Round 17] epoch=74/80 loss=0.0310 acc=99.64 val_acc=nan data_t=0.0020s batch_t=0.0805s epoch_t=00:01.49 lr=0.000024 | GPU MB alloc/reserved=278.0/1898.0
2026-04-11 16:52:14 | INFO | [Round 17] Epoch 74/80 time=00:01.49 avg=00:01.65 ETA=00:09.92 | GPU MB alloc/reserved=278.0/1898.0
2026-04-11 16:52:16 | INFO | [Round 17] epoch=75/80 loss=0.0286 acc=99.68 val_acc=nan data_t=0.0015s batch_t=0.0992s epoch_t=00:01.81 lr=0.000020 | GPU MB alloc/reserved=278.0/1898.0
2026-04-11 16:52:16 | INFO | [Round 17] Epoch 75/80 time=00:01.81 avg=00:01.66 ETA=00:08.28 | GPU MB alloc/reserved=278.0/1898.0
2026-04-11 16:52:18 | INFO | [Round 17] epoch=76/80 loss=0.0253 acc=99.91 val_acc=nan data_t=0.0015s batch_t=0.0983s epoch_t=00:01.80 lr=0.000016 | GPU MB alloc/reserved=278.0/1898.0
2026-04-11 16:52:18 | INFO | [Round 17] Epoch 76/80 time=00:01.80 avg=00:01.66 ETA=00:06.63 | GPU MB alloc/reserved=278.0/1898.0
2026-04-11 16:52:20 | INFO | [Round 17] epoch=77/80 loss=0.0264 acc=99.82 val_acc=nan data_t=0.0018s batch_t=0.1004s epoch_t=00:01.84 lr=0.000013 | GPU MB alloc/reserved=278.0/1898.0
2026-04-11 16:52:20 | INFO | [Round 17] Epoch 77/80 time=00:01.84 avg=00:01.66 ETA=00:04.98 | GPU MB alloc/reserved=278.0/1898.0
2026-04-11 16:52:22 | INFO | [Round 17] epoch=78/80 loss=0.0249 acc=99.91 val_acc=nan data_t=0.0018s batch_t=0.0997s epoch_t=00:01.83 lr=0.000012 | GPU MB alloc/reserved=278.0/1898.0
2026-04-11 16:52:22 | INFO | [Round 17] Epoch 78/80 time=00:01.83 avg=00:01.66 ETA=00:03.32 | GPU MB alloc/reserved=278.0/1898.0
2026-04-11 16:52:23 | INFO | [Round 17] epoch=79/80 loss=0.0256 acc=99.82 val_acc=nan data_t=0.0015s batch_t=0.0876s epoch_t=00:01.60 lr=0.000010 | GPU MB alloc/reserved=278.0/1898.0
2026-04-11 16:52:23 | INFO | [Round 17] Epoch 79/80 time=00:01.60 avg=00:01.66 ETA=00:01.66 | GPU MB alloc/reserved=278.0/1898.0
2026-04-11 16:52:25 | INFO | [Round 17] epoch=80/80 loss=0.0267 acc=99.73 val_acc=nan data_t=0.0016s batch_t=0.0712s epoch_t=00:01.31 lr=0.000010 | GPU MB alloc/reserved=278.0/1898.0
2026-04-11 16:52:25 | INFO | [Round 17] Epoch 80/80 time=00:01.31 avg=00:01.66 ETA=00:00.00 | GPU MB alloc/reserved=278.0/1898.0
2026-04-11 16:52:25 | INFO | [Round 17] training complete in 02:12.90 (best monitor=99.909) | GPU MB alloc/reserved=278.0/1898.0
2026-04-11 16:52:25 | INFO | [Round 17] evaluation started | GPU MB alloc/reserved=190.6/1898.0
2026-04-11 16:52:33 | INFO | [Round 17] clean=62.56 fgsm=50.76 pgd=50.36 grad_disp_mean=nan grad_disp_sel=nan round_t=144.29s | GPU MB alloc/reserved=190.6/1898.0
2026-04-11 16:52:33 | INFO | [Round 18/21] elapsed=02:24.29 avg_round=01:32.52 projected_remaining=04:37.56 | GPU MB alloc/reserved=190.6/1898.0
2026-04-11 16:52:34 | INFO | [Round 18] acquisition on pool_size=47800 scored_pool=5000 budget=100 | GPU MB alloc/reserved=103.3/1898.0
2026-04-11 16:52:35 | INFO | [CoreSet-unlabeled-feat] scoring progress 10/20 elapsed=00:00.22 avg/batch=0.022s ETA=00:00.22 | GPU MB alloc/reserved=111.6/1898.0
2026-04-11 16:52:35 | INFO | [CoreSet-unlabeled-feat] scoring progress 20/20 elapsed=00:00.38 avg/batch=0.019s ETA=00:00.00 | GPU MB alloc/reserved=115.3/1898.0
2026-04-11 16:52:35 | INFO | [CoreSet-labeled-feat] scoring progress 9/9 elapsed=00:00.23 avg/batch=0.025s ETA=00:00.00 | GPU MB alloc/reserved=119.6/1898.0
2026-04-11 16:52:35 | INFO | [CoreSet] greedy 10/100 cover_radius=16.931707 | GPU: n/a
2026-04-11 16:52:35 | INFO | [CoreSet] greedy 20/100 cover_radius=16.478239 | GPU: n/a
2026-04-11 16:52:35 | INFO | [CoreSet] greedy 30/100 cover_radius=16.053555 | GPU: n/a
2026-04-11 16:52:36 | INFO | [CoreSet] greedy 40/100 cover_radius=15.963486 | GPU: n/a
2026-04-11 16:52:36 | INFO | [CoreSet] greedy 50/100 cover_radius=15.802711 | GPU: n/a
2026-04-11 16:52:36 | INFO | [CoreSet] greedy 60/100 cover_radius=15.627904 | GPU: n/a
2026-04-11 16:52:36 | INFO | [CoreSet] greedy 70/100 cover_radius=15.545399 | GPU: n/a
2026-04-11 16:52:36 | INFO | [CoreSet] greedy 80/100 cover_radius=15.389899 | GPU: n/a
2026-04-11 16:52:36 | INFO | [CoreSet] greedy 90/100 cover_radius=15.313142 | GPU: n/a
2026-04-11 16:52:36 | INFO | [CoreSet] greedy 100/100 cover_radius=15.252577 | GPU: n/a
2026-04-11 16:52:37 | INFO | [Round 18] labeled=2300 train=2300 val_fixed=0 | GPU MB alloc/reserved=147.5/1898.0
2026-04-11 16:52:39 | INFO | [Round 18] epoch=1/80 loss=2.2572 acc=19.17 val_acc=nan data_t=0.0108s batch_t=0.0961s epoch_t=00:01.92 lr=0.001000 | GPU MB alloc/reserved=277.0/1898.0
2026-04-11 16:52:39 | INFO | [Round 18] Epoch 1/80 time=00:01.92 avg=00:01.92 ETA=02:31.94 | GPU MB alloc/reserved=277.0/1898.0
2026-04-11 16:52:40 | INFO | [Round 18] epoch=2/80 loss=2.0405 acc=23.83 val_acc=nan data_t=0.0019s batch_t=0.0937s epoch_t=00:01.72 lr=0.000998 | GPU MB alloc/reserved=277.0/1898.0
2026-04-11 16:52:40 | INFO | [Round 18] Epoch 2/80 time=00:01.72 avg=00:01.82 ETA=02:22.12 | GPU MB alloc/reserved=277.0/1898.0
2026-04-11 16:52:42 | INFO | [Round 18] epoch=3/80 loss=1.9383 acc=26.39 val_acc=nan data_t=0.0016s batch_t=0.0937s epoch_t=00:01.71 lr=0.000997 | GPU MB alloc/reserved=277.0/1898.0
2026-04-11 16:52:42 | INFO | [Round 18] Epoch 3/80 time=00:01.71 avg=00:01.79 ETA=02:17.53 | GPU MB alloc/reserved=277.0/1898.0
2026-04-11 16:52:44 | INFO | [Round 18] epoch=4/80 loss=1.9210 acc=28.09 val_acc=nan data_t=0.0015s batch_t=0.0941s epoch_t=00:01.72 lr=0.000994 | GPU MB alloc/reserved=277.0/1898.0
2026-04-11 16:52:44 | INFO | [Round 18] Epoch 4/80 time=00:01.72 avg=00:01.77 ETA=02:14.51 | GPU MB alloc/reserved=277.0/1898.0
2026-04-11 16:52:46 | INFO | [Round 18] epoch=5/80 loss=1.8355 acc=30.78 val_acc=nan data_t=0.0015s batch_t=0.0942s epoch_t=00:01.72 lr=0.000990 | GPU MB alloc/reserved=277.0/1898.0
2026-04-11 16:52:46 | INFO | [Round 18] Epoch 5/80 time=00:01.72 avg=00:01.76 ETA=02:12.04 | GPU MB alloc/reserved=277.0/1898.0
2026-04-11 16:52:47 | INFO | [Round 18] epoch=6/80 loss=1.7739 acc=34.43 val_acc=nan data_t=0.0019s batch_t=0.0937s epoch_t=00:01.72 lr=0.000986 | GPU MB alloc/reserved=277.0/1898.0
2026-04-11 16:52:47 | INFO | [Round 18] Epoch 6/80 time=00:01.72 avg=00:01.75 ETA=02:09.80 | GPU MB alloc/reserved=277.0/1898.0
2026-04-11 16:52:49 | INFO | [Round 18] epoch=7/80 loss=1.7499 acc=34.04 val_acc=nan data_t=0.0016s batch_t=0.0941s epoch_t=00:01.72 lr=0.000981 | GPU MB alloc/reserved=277.0/1898.0
2026-04-11 16:52:49 | INFO | [Round 18] Epoch 7/80 time=00:01.72 avg=00:01.75 ETA=02:07.72 | GPU MB alloc/reserved=277.0/1898.0
2026-04-11 16:52:51 | INFO | [Round 18] epoch=8/80 loss=1.6753 acc=36.43 val_acc=nan data_t=0.0027s batch_t=0.0942s epoch_t=00:01.74 lr=0.000976 | GPU MB alloc/reserved=277.0/1898.0
2026-04-11 16:52:51 | INFO | [Round 18] Epoch 8/80 time=00:01.74 avg=00:01.75 ETA=02:05.93 | GPU MB alloc/reserved=277.0/1898.0
2026-04-11 16:52:53 | INFO | [Round 18] epoch=9/80 loss=1.6415 acc=39.43 val_acc=nan data_t=0.0016s batch_t=0.0937s epoch_t=00:01.72 lr=0.000969 | GPU MB alloc/reserved=277.0/1898.0
2026-04-11 16:52:53 | INFO | [Round 18] Epoch 9/80 time=00:01.72 avg=00:01.75 ETA=02:03.91 | GPU MB alloc/reserved=277.0/1898.0
2026-04-11 16:52:54 | INFO | [Round 18] epoch=10/80 loss=1.6398 acc=38.30 val_acc=nan data_t=0.0015s batch_t=0.0942s epoch_t=00:01.72 lr=0.000962 | GPU MB alloc/reserved=277.0/1898.0
2026-04-11 16:52:54 | INFO | [Round 18] Epoch 10/80 time=00:01.72 avg=00:01.74 ETA=02:02.01 | GPU MB alloc/reserved=277.0/1898.0
2026-04-11 16:52:56 | INFO | [Round 18] epoch=11/80 loss=1.5664 acc=40.39 val_acc=nan data_t=0.0025s batch_t=0.0953s epoch_t=00:01.76 lr=0.000955 | GPU MB alloc/reserved=277.0/1898.0
2026-04-11 16:52:56 | INFO | [Round 18] Epoch 11/80 time=00:01.76 avg=00:01.74 ETA=02:00.38 | GPU MB alloc/reserved=277.0/1898.0
2026-04-11 16:52:58 | INFO | [Round 18] epoch=12/80 loss=1.5023 acc=43.43 val_acc=nan data_t=0.0028s batch_t=0.0930s epoch_t=00:01.72 lr=0.000946 | GPU MB alloc/reserved=277.0/1898.0
2026-04-11 16:52:58 | INFO | [Round 18] Epoch 12/80 time=00:01.72 avg=00:01.74 ETA=01:58.52 | GPU MB alloc/reserved=277.0/1898.0
2026-04-11 16:53:00 | INFO | [Round 18] epoch=13/80 loss=1.4508 acc=45.52 val_acc=nan data_t=0.0021s batch_t=0.0934s epoch_t=00:01.72 lr=0.000937 | GPU MB alloc/reserved=277.0/1898.0
2026-04-11 16:53:00 | INFO | [Round 18] Epoch 13/80 time=00:01.72 avg=00:01.74 ETA=01:56.65 | GPU MB alloc/reserved=277.0/1898.0
2026-04-11 16:53:01 | INFO | [Round 18] epoch=14/80 loss=1.4033 acc=47.26 val_acc=nan data_t=0.0017s batch_t=0.0940s epoch_t=00:01.72 lr=0.000927 | GPU MB alloc/reserved=277.0/1898.0
2026-04-11 16:53:01 | INFO | [Round 18] Epoch 14/80 time=00:01.72 avg=00:01.74 ETA=01:54.82 | GPU MB alloc/reserved=277.0/1898.0
2026-04-11 16:53:03 | INFO | [Round 18] epoch=15/80 loss=1.3630 acc=49.22 val_acc=nan data_t=0.0015s batch_t=0.0939s epoch_t=00:01.72 lr=0.000917 | GPU MB alloc/reserved=277.0/1898.0
2026-04-11 16:53:03 | INFO | [Round 18] Epoch 15/80 time=00:01.72 avg=00:01.74 ETA=01:52.98 | GPU MB alloc/reserved=277.0/1898.0
2026-04-11 16:53:05 | INFO | [Round 18] epoch=16/80 loss=1.2849 acc=51.70 val_acc=nan data_t=0.0017s batch_t=0.0939s epoch_t=00:01.72 lr=0.000905 | GPU MB alloc/reserved=277.0/1898.0
2026-04-11 16:53:05 | INFO | [Round 18] Epoch 16/80 time=00:01.72 avg=00:01.74 ETA=01:51.17 | GPU MB alloc/reserved=277.0/1898.0
2026-04-11 16:53:06 | INFO | [Round 18] epoch=17/80 loss=1.3279 acc=50.43 val_acc=nan data_t=0.0016s batch_t=0.0945s epoch_t=00:01.73 lr=0.000894 | GPU MB alloc/reserved=277.0/1898.0
2026-04-11 16:53:06 | INFO | [Round 18] Epoch 17/80 time=00:01.73 avg=00:01.74 ETA=01:49.41 | GPU MB alloc/reserved=277.0/1898.0
2026-04-11 16:53:08 | INFO | [Round 18] epoch=18/80 loss=1.2658 acc=53.43 val_acc=nan data_t=0.0017s batch_t=0.0936s epoch_t=00:01.71 lr=0.000881 | GPU MB alloc/reserved=277.0/1898.0
2026-04-11 16:53:08 | INFO | [Round 18] Epoch 18/80 time=00:01.71 avg=00:01.74 ETA=01:47.60 | GPU MB alloc/reserved=277.0/1898.0
2026-04-11 16:53:10 | INFO | [Round 18] epoch=19/80 loss=1.1934 acc=55.96 val_acc=nan data_t=0.0015s batch_t=0.0945s epoch_t=00:01.73 lr=0.000868 | GPU MB alloc/reserved=277.0/1898.0
2026-04-11 16:53:10 | INFO | [Round 18] Epoch 19/80 time=00:01.73 avg=00:01.74 ETA=01:45.84 | GPU MB alloc/reserved=277.0/1898.0
2026-04-11 16:53:12 | INFO | [Round 18] epoch=20/80 loss=1.1678 acc=56.78 val_acc=nan data_t=0.0017s batch_t=0.0945s epoch_t=00:01.73 lr=0.000855 | GPU MB alloc/reserved=277.0/1898.0
2026-04-11 16:53:12 | INFO | [Round 18] Epoch 20/80 time=00:01.73 avg=00:01.73 ETA=01:44.09 | GPU MB alloc/reserved=277.0/1898.0
2026-04-11 16:53:13 | INFO | [Round 18] epoch=21/80 loss=1.1398 acc=57.13 val_acc=nan data_t=0.0016s batch_t=0.0941s epoch_t=00:01.72 lr=0.000841 | GPU MB alloc/reserved=277.0/1898.0
2026-04-11 16:53:13 | INFO | [Round 18] Epoch 21/80 time=00:01.72 avg=00:01.73 ETA=01:42.32 | GPU MB alloc/reserved=277.0/1898.0
2026-04-11 16:53:15 | INFO | [Round 18] epoch=22/80 loss=1.0798 acc=59.48 val_acc=nan data_t=0.0017s batch_t=0.0940s epoch_t=00:01.72 lr=0.000826 | GPU MB alloc/reserved=277.0/1898.0
2026-04-11 16:53:15 | INFO | [Round 18] Epoch 22/80 time=00:01.72 avg=00:01.73 ETA=01:40.56 | GPU MB alloc/reserved=277.0/1898.0
2026-04-11 16:53:17 | INFO | [Round 18] epoch=23/80 loss=1.0155 acc=62.22 val_acc=nan data_t=0.0025s batch_t=0.0945s epoch_t=00:01.75 lr=0.000811 | GPU MB alloc/reserved=277.0/1898.0
2026-04-11 16:53:17 | INFO | [Round 18] Epoch 23/80 time=00:01.75 avg=00:01.73 ETA=01:38.86 | GPU MB alloc/reserved=277.0/1898.0
2026-04-11 16:53:19 | INFO | [Round 18] epoch=24/80 loss=0.9529 acc=64.57 val_acc=nan data_t=0.0016s batch_t=0.0943s epoch_t=00:01.73 lr=0.000796 | GPU MB alloc/reserved=277.0/1898.0
2026-04-11 16:53:19 | INFO | [Round 18] Epoch 24/80 time=00:01.73 avg=00:01.73 ETA=01:37.11 | GPU MB alloc/reserved=277.0/1898.0
2026-04-11 16:53:20 | INFO | [Round 18] epoch=25/80 loss=0.9291 acc=64.43 val_acc=nan data_t=0.0017s batch_t=0.0940s epoch_t=00:01.72 lr=0.000780 | GPU MB alloc/reserved=277.0/1898.0
2026-04-11 16:53:20 | INFO | [Round 18] Epoch 25/80 time=00:01.72 avg=00:01.73 ETA=01:35.35 | GPU MB alloc/reserved=277.0/1898.0
2026-04-11 16:53:22 | INFO | [Round 18] epoch=26/80 loss=0.8844 acc=66.70 val_acc=nan data_t=0.0017s batch_t=0.0931s epoch_t=00:01.71 lr=0.000764 | GPU MB alloc/reserved=277.0/1898.0
2026-04-11 16:53:22 | INFO | [Round 18] Epoch 26/80 time=00:01.71 avg=00:01.73 ETA=01:33.56 | GPU MB alloc/reserved=277.0/1898.0
2026-04-11 16:53:24 | INFO | [Round 18] epoch=27/80 loss=0.8329 acc=68.74 val_acc=nan data_t=0.0021s batch_t=0.0936s epoch_t=00:01.72 lr=0.000747 | GPU MB alloc/reserved=277.0/1898.0
2026-04-11 16:53:24 | INFO | [Round 18] Epoch 27/80 time=00:01.72 avg=00:01.73 ETA=01:31.81 | GPU MB alloc/reserved=277.0/1898.0
2026-04-11 16:53:25 | INFO | [Round 18] epoch=28/80 loss=0.7586 acc=72.13 val_acc=nan data_t=0.0016s batch_t=0.0940s epoch_t=00:01.72 lr=0.000730 | GPU MB alloc/reserved=277.0/1898.0
2026-04-11 16:53:25 | INFO | [Round 18] Epoch 28/80 time=00:01.72 avg=00:01.73 ETA=01:30.05 | GPU MB alloc/reserved=277.0/1898.0
2026-04-11 16:53:27 | INFO | [Round 18] epoch=29/80 loss=0.7606 acc=71.83 val_acc=nan data_t=0.0019s batch_t=0.0946s epoch_t=00:01.74 lr=0.000712 | GPU MB alloc/reserved=277.0/1898.0
2026-04-11 16:53:27 | INFO | [Round 18] Epoch 29/80 time=00:01.74 avg=00:01.73 ETA=01:28.33 | GPU MB alloc/reserved=277.0/1898.0
2026-04-11 16:53:29 | INFO | [Round 18] epoch=30/80 loss=0.7320 acc=72.96 val_acc=nan data_t=0.0016s batch_t=0.0947s epoch_t=00:01.73 lr=0.000694 | GPU MB alloc/reserved=277.0/1898.0
2026-04-11 16:53:29 | INFO | [Round 18] Epoch 30/80 time=00:01.73 avg=00:01.73 ETA=01:26.60 | GPU MB alloc/reserved=277.0/1898.0
2026-04-11 16:53:31 | INFO | [Round 18] epoch=31/80 loss=0.6673 acc=76.09 val_acc=nan data_t=0.0026s batch_t=0.0935s epoch_t=00:01.73 lr=0.000676 | GPU MB alloc/reserved=277.0/1898.0
2026-04-11 16:53:31 | INFO | [Round 18] Epoch 31/80 time=00:01.73 avg=00:01.73 ETA=01:24.87 | GPU MB alloc/reserved=277.0/1898.0
2026-04-11 16:53:32 | INFO | [Round 18] epoch=32/80 loss=0.5852 acc=79.26 val_acc=nan data_t=0.0024s batch_t=0.0929s epoch_t=00:01.71 lr=0.000658 | GPU MB alloc/reserved=277.0/1898.0
2026-04-11 16:53:32 | INFO | [Round 18] Epoch 32/80 time=00:01.71 avg=00:01.73 ETA=01:23.11 | GPU MB alloc/reserved=277.0/1898.0
2026-04-11 16:53:34 | INFO | [Round 18] epoch=33/80 loss=0.5448 acc=79.65 val_acc=nan data_t=0.0023s batch_t=0.0936s epoch_t=00:01.73 lr=0.000639 | GPU MB alloc/reserved=277.0/1898.0
2026-04-11 16:53:34 | INFO | [Round 18] Epoch 33/80 time=00:01.73 avg=00:01.73 ETA=01:21.37 | GPU MB alloc/reserved=277.0/1898.0
2026-04-11 16:53:36 | INFO | [Round 18] epoch=34/80 loss=0.5235 acc=80.35 val_acc=nan data_t=0.0017s batch_t=0.0942s epoch_t=00:01.73 lr=0.000621 | GPU MB alloc/reserved=277.0/1898.0
2026-04-11 16:53:36 | INFO | [Round 18] Epoch 34/80 time=00:01.73 avg=00:01.73 ETA=01:19.63 | GPU MB alloc/reserved=277.0/1898.0
2026-04-11 16:53:38 | INFO | [Round 18] epoch=35/80 loss=0.5022 acc=82.00 val_acc=nan data_t=0.0022s batch_t=0.0929s epoch_t=00:01.71 lr=0.000602 | GPU MB alloc/reserved=277.0/1898.0
2026-04-11 16:53:38 | INFO | [Round 18] Epoch 35/80 time=00:01.71 avg=00:01.73 ETA=01:17.88 | GPU MB alloc/reserved=277.0/1898.0
2026-04-11 16:53:39 | INFO | [Round 18] epoch=36/80 loss=0.4975 acc=82.43 val_acc=nan data_t=0.0019s batch_t=0.0939s epoch_t=00:01.72 lr=0.000582 | GPU MB alloc/reserved=277.0/1898.0
2026-04-11 16:53:39 | INFO | [Round 18] Epoch 36/80 time=00:01.72 avg=00:01.73 ETA=01:16.14 | GPU MB alloc/reserved=277.0/1898.0
2026-04-11 16:53:41 | INFO | [Round 18] epoch=37/80 loss=0.4550 acc=83.65 val_acc=nan data_t=0.0017s batch_t=0.0948s epoch_t=00:01.74 lr=0.000563 | GPU MB alloc/reserved=277.0/1898.0
2026-04-11 16:53:41 | INFO | [Round 18] Epoch 37/80 time=00:01.74 avg=00:01.73 ETA=01:14.42 | GPU MB alloc/reserved=277.0/1898.0
2026-04-11 16:53:43 | INFO | [Round 18] epoch=38/80 loss=0.3981 acc=85.57 val_acc=nan data_t=0.0015s batch_t=0.0937s epoch_t=00:01.71 lr=0.000544 | GPU MB alloc/reserved=277.0/1898.0
2026-04-11 16:53:43 | INFO | [Round 18] Epoch 38/80 time=00:01.71 avg=00:01.73 ETA=01:12.67 | GPU MB alloc/reserved=277.0/1898.0
2026-04-11 16:53:44 | INFO | [Round 18] epoch=39/80 loss=0.3382 acc=88.22 val_acc=nan data_t=0.0026s batch_t=0.0930s epoch_t=00:01.72 lr=0.000524 | GPU MB alloc/reserved=277.0/1898.0
2026-04-11 16:53:44 | INFO | [Round 18] Epoch 39/80 time=00:01.72 avg=00:01.73 ETA=01:10.93 | GPU MB alloc/reserved=277.0/1898.0
2026-04-11 16:53:46 | INFO | [Round 18] epoch=40/80 loss=0.3075 acc=89.52 val_acc=nan data_t=0.0021s batch_t=0.0935s epoch_t=00:01.72 lr=0.000505 | GPU MB alloc/reserved=277.0/1898.0
2026-04-11 16:53:46 | INFO | [Round 18] Epoch 40/80 time=00:01.72 avg=00:01.73 ETA=01:09.19 | GPU MB alloc/reserved=277.0/1898.0
2026-04-11 16:53:48 | INFO | [Round 18] epoch=41/80 loss=0.3027 acc=89.43 val_acc=nan data_t=0.0017s batch_t=0.0937s epoch_t=00:01.72 lr=0.000486 | GPU MB alloc/reserved=277.0/1898.0
2026-04-11 16:53:48 | INFO | [Round 18] Epoch 41/80 time=00:01.72 avg=00:01.73 ETA=01:07.45 | GPU MB alloc/reserved=277.0/1898.0
2026-04-11 16:53:50 | INFO | [Round 18] epoch=42/80 loss=0.2794 acc=90.78 val_acc=nan data_t=0.0015s batch_t=0.0943s epoch_t=00:01.73 lr=0.000466 | GPU MB alloc/reserved=277.0/1898.0
2026-04-11 16:53:50 | INFO | [Round 18] Epoch 42/80 time=00:01.73 avg=00:01.73 ETA=01:05.71 | GPU MB alloc/reserved=277.0/1898.0
2026-04-11 16:53:51 | INFO | [Round 18] epoch=43/80 loss=0.2393 acc=91.30 val_acc=nan data_t=0.0016s batch_t=0.0940s epoch_t=00:01.72 lr=0.000447 | GPU MB alloc/reserved=277.0/1898.0
2026-04-11 16:53:51 | INFO | [Round 18] Epoch 43/80 time=00:01.72 avg=00:01.73 ETA=01:03.98 | GPU MB alloc/reserved=277.0/1898.0
2026-04-11 16:53:53 | INFO | [Round 18] epoch=44/80 loss=0.2173 acc=92.48 val_acc=nan data_t=0.0017s batch_t=0.0941s epoch_t=00:01.72 lr=0.000428 | GPU MB alloc/reserved=277.0/1898.0
2026-04-11 16:53:53 | INFO | [Round 18] Epoch 44/80 time=00:01.72 avg=00:01.73 ETA=01:02.25 | GPU MB alloc/reserved=277.0/1898.0
2026-04-11 16:53:55 | INFO | [Round 18] epoch=45/80 loss=0.1749 acc=94.09 val_acc=nan data_t=0.0027s batch_t=0.0935s epoch_t=00:01.73 lr=0.000408 | GPU MB alloc/reserved=277.0/1898.0
2026-04-11 16:53:55 | INFO | [Round 18] Epoch 45/80 time=00:01.73 avg=00:01.73 ETA=01:00.52 | GPU MB alloc/reserved=277.0/1898.0
2026-04-11 16:53:57 | INFO | [Round 18] epoch=46/80 loss=0.1650 acc=95.00 val_acc=nan data_t=0.0018s batch_t=0.0931s epoch_t=00:01.71 lr=0.000389 | GPU MB alloc/reserved=277.0/1898.0
2026-04-11 16:53:57 | INFO | [Round 18] Epoch 46/80 time=00:01.71 avg=00:01.73 ETA=00:58.78 | GPU MB alloc/reserved=277.0/1898.0
2026-04-11 16:53:58 | INFO | [Round 18] epoch=47/80 loss=0.1534 acc=95.26 val_acc=nan data_t=0.0015s batch_t=0.0938s epoch_t=00:01.71 lr=0.000371 | GPU MB alloc/reserved=277.0/1898.0
2026-04-11 16:53:58 | INFO | [Round 18] Epoch 47/80 time=00:01.71 avg=00:01.73 ETA=00:57.04 | GPU MB alloc/reserved=277.0/1898.0
2026-04-11 16:54:00 | INFO | [Round 18] epoch=48/80 loss=0.1170 acc=96.78 val_acc=nan data_t=0.0017s batch_t=0.0922s epoch_t=00:01.69 lr=0.000352 | GPU MB alloc/reserved=277.0/1898.0
2026-04-11 16:54:00 | INFO | [Round 18] Epoch 48/80 time=00:01.69 avg=00:01.73 ETA=00:55.28 | GPU MB alloc/reserved=277.0/1898.0
2026-04-11 16:54:02 | INFO | [Round 18] epoch=49/80 loss=0.0884 acc=97.83 val_acc=nan data_t=0.0028s batch_t=0.0945s epoch_t=00:01.75 lr=0.000334 | GPU MB alloc/reserved=277.0/1898.0
2026-04-11 16:54:02 | INFO | [Round 18] Epoch 49/80 time=00:01.75 avg=00:01.73 ETA=00:53.57 | GPU MB alloc/reserved=277.0/1898.0
2026-04-11 16:54:03 | INFO | [Round 18] epoch=50/80 loss=0.0815 acc=97.65 val_acc=nan data_t=0.0018s batch_t=0.0932s epoch_t=00:01.71 lr=0.000316 | GPU MB alloc/reserved=277.0/1898.0
2026-04-11 16:54:03 | INFO | [Round 18] Epoch 50/80 time=00:01.71 avg=00:01.73 ETA=00:51.83 | GPU MB alloc/reserved=277.0/1898.0
2026-04-11 16:54:05 | INFO | [Round 18] epoch=51/80 loss=0.0766 acc=97.70 val_acc=nan data_t=0.0015s batch_t=0.0935s epoch_t=00:01.71 lr=0.000298 | GPU MB alloc/reserved=277.0/1898.0
2026-04-11 16:54:05 | INFO | [Round 18] Epoch 51/80 time=00:01.71 avg=00:01.73 ETA=00:50.09 | GPU MB alloc/reserved=277.0/1898.0
2026-04-11 16:54:07 | INFO | [Round 18] epoch=52/80 loss=0.0761 acc=97.87 val_acc=nan data_t=0.0016s batch_t=0.0938s epoch_t=00:01.72 lr=0.000280 | GPU MB alloc/reserved=277.0/1898.0
2026-04-11 16:54:07 | INFO | [Round 18] Epoch 52/80 time=00:01.72 avg=00:01.73 ETA=00:48.36 | GPU MB alloc/reserved=277.0/1898.0
2026-04-11 16:54:09 | INFO | [Round 18] epoch=53/80 loss=0.0502 acc=98.65 val_acc=nan data_t=0.0016s batch_t=0.0942s epoch_t=00:01.73 lr=0.000263 | GPU MB alloc/reserved=277.0/1898.0
2026-04-11 16:54:09 | INFO | [Round 18] Epoch 53/80 time=00:01.73 avg=00:01.73 ETA=00:46.63 | GPU MB alloc/reserved=277.0/1898.0
2026-04-11 16:54:10 | INFO | [Round 18] epoch=54/80 loss=0.0450 acc=99.04 val_acc=nan data_t=0.0019s batch_t=0.0940s epoch_t=00:01.73 lr=0.000246 | GPU MB alloc/reserved=277.0/1898.0
2026-04-11 16:54:10 | INFO | [Round 18] Epoch 54/80 time=00:01.73 avg=00:01.73 ETA=00:44.91 | GPU MB alloc/reserved=277.0/1898.0
2026-04-11 16:54:12 | INFO | [Round 18] epoch=55/80 loss=0.0386 acc=99.17 val_acc=nan data_t=0.0016s batch_t=0.0934s epoch_t=00:01.71 lr=0.000230 | GPU MB alloc/reserved=277.0/1898.0
2026-04-11 16:54:12 | INFO | [Round 18] Epoch 55/80 time=00:01.71 avg=00:01.73 ETA=00:43.17 | GPU MB alloc/reserved=277.0/1898.0
2026-04-11 16:54:14 | INFO | [Round 18] epoch=56/80 loss=0.0354 acc=99.35 val_acc=nan data_t=0.0017s batch_t=0.0938s epoch_t=00:01.72 lr=0.000214 | GPU MB alloc/reserved=277.0/1898.0
2026-04-11 16:54:14 | INFO | [Round 18] Epoch 56/80 time=00:01.72 avg=00:01.73 ETA=00:41.44 | GPU MB alloc/reserved=277.0/1898.0
2026-04-11 16:54:15 | INFO | [Round 18] epoch=57/80 loss=0.0284 acc=99.61 val_acc=nan data_t=0.0015s batch_t=0.0830s epoch_t=00:01.52 lr=0.000199 | GPU MB alloc/reserved=277.0/1898.0
2026-04-11 16:54:15 | INFO | [Round 18] Epoch 57/80 time=00:01.52 avg=00:01.72 ETA=00:39.63 | GPU MB alloc/reserved=277.0/1898.0
2026-04-11 16:54:17 | INFO | [Round 18] epoch=58/80 loss=0.0259 acc=99.61 val_acc=nan data_t=0.0024s batch_t=0.1002s epoch_t=00:01.85 lr=0.000184 | GPU MB alloc/reserved=277.0/1898.0
2026-04-11 16:54:17 | INFO | [Round 18] Epoch 58/80 time=00:01.85 avg=00:01.73 ETA=00:37.95 | GPU MB alloc/reserved=277.0/1898.0
2026-04-11 16:54:19 | INFO | [Round 18] epoch=59/80 loss=0.0254 acc=99.74 val_acc=nan data_t=0.0016s batch_t=0.0999s epoch_t=00:01.83 lr=0.000169 | GPU MB alloc/reserved=277.0/1898.0
2026-04-11 16:54:19 | INFO | [Round 18] Epoch 59/80 time=00:01.83 avg=00:01.73 ETA=00:36.27 | GPU MB alloc/reserved=277.0/1898.0
2026-04-11 16:54:21 | INFO | [Round 18] epoch=60/80 loss=0.0228 acc=99.61 val_acc=nan data_t=0.0019s batch_t=0.1031s epoch_t=00:01.89 lr=0.000155 | GPU MB alloc/reserved=277.0/1898.0
2026-04-11 16:54:21 | INFO | [Round 18] Epoch 60/80 time=00:01.89 avg=00:01.73 ETA=00:34.59 | GPU MB alloc/reserved=277.0/1898.0
2026-04-11 16:54:23 | INFO | [Round 18] epoch=61/80 loss=0.0218 acc=99.61 val_acc=nan data_t=0.0017s batch_t=0.1026s epoch_t=00:01.88 lr=0.000142 | GPU MB alloc/reserved=277.0/1898.0
2026-04-11 16:54:23 | INFO | [Round 18] Epoch 61/80 time=00:01.88 avg=00:01.73 ETA=00:32.91 | GPU MB alloc/reserved=277.0/1898.0
2026-04-11 16:54:24 | INFO | [Round 18] epoch=62/80 loss=0.0168 acc=99.78 val_acc=nan data_t=0.0021s batch_t=0.0899s epoch_t=00:01.65 lr=0.000129 | GPU MB alloc/reserved=277.0/1898.0
2026-04-11 16:54:24 | INFO | [Round 18] Epoch 62/80 time=00:01.65 avg=00:01.73 ETA=00:31.15 | GPU MB alloc/reserved=277.0/1898.0
2026-04-11 16:54:26 | INFO | [Round 18] epoch=63/80 loss=0.0176 acc=99.78 val_acc=nan data_t=0.0028s batch_t=0.0678s epoch_t=00:01.27 lr=0.000116 | GPU MB alloc/reserved=277.0/1898.0
2026-04-11 16:54:26 | INFO | [Round 18] Epoch 63/80 time=00:01.27 avg=00:01.72 ETA=00:29.30 | GPU MB alloc/reserved=277.0/1898.0
2026-04-11 16:54:27 | INFO | [Round 18] epoch=64/80 loss=0.0146 acc=99.91 val_acc=nan data_t=0.0016s batch_t=0.0707s epoch_t=00:01.30 lr=0.000105 | GPU MB alloc/reserved=277.0/1898.0
2026-04-11 16:54:27 | INFO | [Round 18] Epoch 64/80 time=00:01.30 avg=00:01.72 ETA=00:27.47 | GPU MB alloc/reserved=277.0/1898.0
2026-04-11 16:54:28 | INFO | [Round 18] epoch=65/80 loss=0.0153 acc=99.91 val_acc=nan data_t=0.0015s batch_t=0.0693s epoch_t=00:01.28 lr=0.000093 | GPU MB alloc/reserved=277.0/1898.0
2026-04-11 16:54:28 | INFO | [Round 18] Epoch 65/80 time=00:01.28 avg=00:01.71 ETA=00:25.65 | GPU MB alloc/reserved=277.0/1898.0
2026-04-11 16:54:30 | INFO | [Round 18] epoch=66/80 loss=0.0154 acc=99.83 val_acc=nan data_t=0.0019s batch_t=0.0915s epoch_t=00:01.68 lr=0.000083 | GPU MB alloc/reserved=277.0/1898.0
2026-04-11 16:54:30 | INFO | [Round 18] Epoch 66/80 time=00:01.68 avg=00:01.71 ETA=00:23.94 | GPU MB alloc/reserved=277.0/1898.0
2026-04-11 16:54:32 | INFO | [Round 18] epoch=67/80 loss=0.0130 acc=100.00 val_acc=nan data_t=0.0019s batch_t=0.0932s epoch_t=00:01.71 lr=0.000073 | GPU MB alloc/reserved=277.0/1898.0
2026-04-11 16:54:32 | INFO | [Round 18] Epoch 67/80 time=00:01.71 avg=00:01.71 ETA=00:22.23 | GPU MB alloc/reserved=277.0/1898.0
2026-04-11 16:54:33 | INFO | [Round 18] epoch=68/80 loss=0.0119 acc=99.87 val_acc=nan data_t=0.0019s batch_t=0.0950s epoch_t=00:01.74 lr=0.000064 | GPU MB alloc/reserved=277.0/1898.0
2026-04-11 16:54:33 | INFO | [Round 18] Epoch 68/80 time=00:01.74 avg=00:01.71 ETA=00:20.52 | GPU MB alloc/reserved=277.0/1898.0
2026-04-11 16:54:35 | INFO | [Round 18] epoch=69/80 loss=0.0139 acc=99.87 val_acc=nan data_t=0.0020s batch_t=0.0945s epoch_t=00:01.74 lr=0.000055 | GPU MB alloc/reserved=277.0/1898.0
2026-04-11 16:54:35 | INFO | [Round 18] Epoch 69/80 time=00:01.74 avg=00:01.71 ETA=00:18.82 | GPU MB alloc/reserved=277.0/1898.0
2026-04-11 16:54:37 | INFO | [Round 18] epoch=70/80 loss=0.0108 acc=100.00 val_acc=nan data_t=0.0015s batch_t=0.0939s epoch_t=00:01.72 lr=0.000048 | GPU MB alloc/reserved=277.0/1898.0
2026-04-11 16:54:37 | INFO | [Round 18] Epoch 70/80 time=00:01.72 avg=00:01.71 ETA=00:17.11 | GPU MB alloc/reserved=277.0/1898.0
2026-04-11 16:54:39 | INFO | [Round 18] epoch=71/80 loss=0.0113 acc=99.96 val_acc=nan data_t=0.0014s batch_t=0.0916s epoch_t=00:01.67 lr=0.000041 | GPU MB alloc/reserved=277.0/1898.0
2026-04-11 16:54:39 | INFO | [Round 18] Epoch 71/80 time=00:01.67 avg=00:01.71 ETA=00:15.39 | GPU MB alloc/reserved=277.0/1898.0
2026-04-11 16:54:40 | INFO | [Round 18] epoch=72/80 loss=0.0103 acc=100.00 val_acc=nan data_t=0.0015s batch_t=0.0920s epoch_t=00:01.68 lr=0.000034 | GPU MB alloc/reserved=277.0/1898.0
2026-04-11 16:54:40 | INFO | [Round 18] Epoch 72/80 time=00:01.68 avg=00:01.71 ETA=00:13.68 | GPU MB alloc/reserved=277.0/1898.0
2026-04-11 16:54:42 | INFO | [Round 18] epoch=73/80 loss=0.0103 acc=99.91 val_acc=nan data_t=0.0016s batch_t=0.0940s epoch_t=00:01.72 lr=0.000029 | GPU MB alloc/reserved=277.0/1898.0
2026-04-11 16:54:42 | INFO | [Round 18] Epoch 73/80 time=00:01.72 avg=00:01.71 ETA=00:11.97 | GPU MB alloc/reserved=277.0/1898.0
2026-04-11 16:54:43 | INFO | [Round 18] epoch=74/80 loss=0.0101 acc=99.91 val_acc=nan data_t=0.0018s batch_t=0.0794s epoch_t=00:01.46 lr=0.000024 | GPU MB alloc/reserved=277.0/1898.0
2026-04-11 16:54:43 | INFO | [Round 18] Epoch 74/80 time=00:01.46 avg=00:01.71 ETA=00:10.24 | GPU MB alloc/reserved=277.0/1898.0
2026-04-11 16:54:45 | INFO | [Round 18] epoch=75/80 loss=0.0116 acc=100.00 val_acc=nan data_t=0.0019s batch_t=0.1022s epoch_t=00:01.87 lr=0.000020 | GPU MB alloc/reserved=277.0/1898.0
2026-04-11 16:54:45 | INFO | [Round 18] Epoch 75/80 time=00:01.87 avg=00:01.71 ETA=00:08.54 | GPU MB alloc/reserved=277.0/1898.0
2026-04-11 16:54:47 | INFO | [Round 18] epoch=76/80 loss=0.0102 acc=99.96 val_acc=nan data_t=0.0025s batch_t=0.0993s epoch_t=00:01.83 lr=0.000016 | GPU MB alloc/reserved=277.0/1898.0
2026-04-11 16:54:47 | INFO | [Round 18] Epoch 76/80 time=00:01.83 avg=00:01.71 ETA=00:06.84 | GPU MB alloc/reserved=277.0/1898.0
2026-04-11 16:54:49 | INFO | [Round 18] epoch=77/80 loss=0.0095 acc=100.00 val_acc=nan data_t=0.0022s batch_t=0.1020s epoch_t=00:01.88 lr=0.000013 | GPU MB alloc/reserved=277.0/1898.0
2026-04-11 16:54:49 | INFO | [Round 18] Epoch 77/80 time=00:01.88 avg=00:01.71 ETA=00:05.14 | GPU MB alloc/reserved=277.0/1898.0
2026-04-11 16:54:51 | INFO | [Round 18] epoch=78/80 loss=0.0091 acc=100.00 val_acc=nan data_t=0.0029s batch_t=0.1019s epoch_t=00:01.89 lr=0.000012 | GPU MB alloc/reserved=277.0/1898.0
2026-04-11 16:54:51 | INFO | [Round 18] Epoch 78/80 time=00:01.89 avg=00:01.71 ETA=00:03.43 | GPU MB alloc/reserved=277.0/1898.0
2026-04-11 16:54:52 | INFO | [Round 18] epoch=79/80 loss=0.0097 acc=100.00 val_acc=nan data_t=0.0019s batch_t=0.0755s epoch_t=00:01.39 lr=0.000010 | GPU MB alloc/reserved=277.0/1898.0
2026-04-11 16:54:52 | INFO | [Round 18] Epoch 79/80 time=00:01.39 avg=00:01.71 ETA=00:01.71 | GPU MB alloc/reserved=277.0/1898.0
2026-04-11 16:54:54 | INFO | [Round 18] epoch=80/80 loss=0.0095 acc=100.00 val_acc=nan data_t=0.0017s batch_t=0.0743s epoch_t=00:01.37 lr=0.000010 | GPU MB alloc/reserved=277.0/1898.0
2026-04-11 16:54:54 | INFO | [Round 18] Epoch 80/80 time=00:01.37 avg=00:01.71 ETA=00:00.00 | GPU MB alloc/reserved=277.0/1898.0
2026-04-11 16:54:54 | INFO | [Round 18] training complete in 02:16.86 (best monitor=100.000) | GPU MB alloc/reserved=277.0/1898.0
2026-04-11 16:54:54 | INFO | [Round 18] evaluation started | GPU MB alloc/reserved=190.7/1898.0
2026-04-11 16:55:02 | INFO | [Round 18] clean=65.18 fgsm=52.93 pgd=52.54 grad_disp_mean=nan grad_disp_sel=nan round_t=148.03s | GPU MB alloc/reserved=190.7/1898.0
2026-04-11 16:55:02 | INFO | [Round 19/21] elapsed=02:28.03 avg_round=01:35.44 projected_remaining=03:10.88 | GPU MB alloc/reserved=190.7/1898.0
2026-04-11 16:55:03 | INFO | [Round 19] acquisition on pool_size=47700 scored_pool=5000 budget=100 | GPU MB alloc/reserved=103.7/1898.0
2026-04-11 16:55:04 | INFO | [CoreSet-unlabeled-feat] scoring progress 10/20 elapsed=00:00.25 avg/batch=0.025s ETA=00:00.25 | GPU MB alloc/reserved=111.7/1898.0
2026-04-11 16:55:04 | INFO | [CoreSet-unlabeled-feat] scoring progress 20/20 elapsed=00:00.38 avg/batch=0.019s ETA=00:00.00 | GPU MB alloc/reserved=115.1/1898.0
2026-04-11 16:55:04 | INFO | [CoreSet-labeled-feat] scoring progress 9/9 elapsed=00:00.22 avg/batch=0.025s ETA=00:00.00 | GPU MB alloc/reserved=120.9/1898.0
2026-04-11 16:55:04 | INFO | [CoreSet] greedy 10/100 cover_radius=17.167439 | GPU: n/a
2026-04-11 16:55:04 | INFO | [CoreSet] greedy 20/100 cover_radius=16.626789 | GPU: n/a
2026-04-11 16:55:04 | INFO | [CoreSet] greedy 30/100 cover_radius=16.422766 | GPU: n/a
2026-04-11 16:55:05 | INFO | [CoreSet] greedy 40/100 cover_radius=16.255894 | GPU: n/a
2026-04-11 16:55:05 | INFO | [CoreSet] greedy 50/100 cover_radius=16.050699 | GPU: n/a
2026-04-11 16:55:05 | INFO | [CoreSet] greedy 60/100 cover_radius=15.949767 | GPU: n/a
2026-04-11 16:55:05 | INFO | [CoreSet] greedy 70/100 cover_radius=15.873698 | GPU: n/a
2026-04-11 16:55:05 | INFO | [CoreSet] greedy 80/100 cover_radius=15.774156 | GPU: n/a
2026-04-11 16:55:05 | INFO | [CoreSet] greedy 90/100 cover_radius=15.654310 | GPU: n/a
2026-04-11 16:55:05 | INFO | [CoreSet] greedy 100/100 cover_radius=15.549530 | GPU: n/a
2026-04-11 16:55:06 | INFO | [Round 19] labeled=2400 train=2400 val_fixed=0 | GPU MB alloc/reserved=148.4/1898.0
2026-04-11 16:55:08 | INFO | [Round 19] epoch=1/80 loss=2.3009 acc=16.83 val_acc=nan data_t=0.0104s batch_t=0.0950s epoch_t=00:02.00 lr=0.001000 | GPU MB alloc/reserved=279.6/1898.0
2026-04-11 16:55:08 | INFO | [Round 19] Epoch 1/80 time=00:02.00 avg=00:02.00 ETA=02:38.32 | GPU MB alloc/reserved=279.6/1898.0
2026-04-11 16:55:10 | INFO | [Round 19] epoch=2/80 loss=2.1018 acc=22.21 val_acc=nan data_t=0.0019s batch_t=0.0935s epoch_t=00:01.81 lr=0.000998 | GPU MB alloc/reserved=279.5/1898.0
2026-04-11 16:55:10 | INFO | [Round 19] Epoch 2/80 time=00:01.81 avg=00:01.91 ETA=02:28.83 | GPU MB alloc/reserved=279.5/1898.0
2026-04-11 16:55:11 | INFO | [Round 19] epoch=3/80 loss=1.9859 acc=25.54 val_acc=nan data_t=0.0023s batch_t=0.0937s epoch_t=00:01.83 lr=0.000997 | GPU MB alloc/reserved=279.5/1898.0
2026-04-11 16:55:11 | INFO | [Round 19] Epoch 3/80 time=00:01.83 avg=00:01.88 ETA=02:24.79 | GPU MB alloc/reserved=279.5/1898.0
2026-04-11 16:55:13 | INFO | [Round 19] epoch=4/80 loss=1.9228 acc=26.88 val_acc=nan data_t=0.0026s batch_t=0.0944s epoch_t=00:01.84 lr=0.000994 | GPU MB alloc/reserved=279.5/1898.0
2026-04-11 16:55:13 | INFO | [Round 19] Epoch 4/80 time=00:01.84 avg=00:01.87 ETA=02:22.22 | GPU MB alloc/reserved=279.5/1898.0
2026-04-11 16:55:15 | INFO | [Round 19] epoch=5/80 loss=1.8754 acc=29.88 val_acc=nan data_t=0.0015s batch_t=0.0937s epoch_t=00:01.81 lr=0.000990 | GPU MB alloc/reserved=279.5/1898.0
2026-04-11 16:55:15 | INFO | [Round 19] Epoch 5/80 time=00:01.81 avg=00:01.86 ETA=02:19.41 | GPU MB alloc/reserved=279.5/1898.0
2026-04-11 16:55:17 | INFO | [Round 19] epoch=6/80 loss=1.8311 acc=30.54 val_acc=nan data_t=0.0024s batch_t=0.0935s epoch_t=00:01.82 lr=0.000986 | GPU MB alloc/reserved=279.5/1898.0
2026-04-11 16:55:17 | INFO | [Round 19] Epoch 6/80 time=00:01.82 avg=00:01.85 ETA=02:17.10 | GPU MB alloc/reserved=279.5/1898.0
2026-04-11 16:55:19 | INFO | [Round 19] epoch=7/80 loss=1.7856 acc=32.42 val_acc=nan data_t=0.0022s batch_t=0.0941s epoch_t=00:01.83 lr=0.000981 | GPU MB alloc/reserved=279.5/1898.0
2026-04-11 16:55:19 | INFO | [Round 19] Epoch 7/80 time=00:01.83 avg=00:01.85 ETA=02:15.03 | GPU MB alloc/reserved=279.5/1898.0
2026-04-11 16:55:21 | INFO | [Round 19] epoch=8/80 loss=1.7717 acc=34.04 val_acc=nan data_t=0.0025s batch_t=0.0937s epoch_t=00:01.83 lr=0.000976 | GPU MB alloc/reserved=279.5/1898.0
2026-04-11 16:55:21 | INFO | [Round 19] Epoch 8/80 time=00:01.83 avg=00:01.85 ETA=02:12.98 | GPU MB alloc/reserved=279.5/1898.0
2026-04-11 16:55:22 | INFO | [Round 19] epoch=9/80 loss=1.7210 acc=34.04 val_acc=nan data_t=0.0020s batch_t=0.0943s epoch_t=00:01.83 lr=0.000969 | GPU MB alloc/reserved=279.5/1898.0
2026-04-11 16:55:22 | INFO | [Round 19] Epoch 9/80 time=00:01.83 avg=00:01.84 ETA=02:10.99 | GPU MB alloc/reserved=279.5/1898.0
2026-04-11 16:55:24 | INFO | [Round 19] epoch=10/80 loss=1.6575 acc=37.46 val_acc=nan data_t=0.0019s batch_t=0.0933s epoch_t=00:01.81 lr=0.000962 | GPU MB alloc/reserved=279.5/1898.0
2026-04-11 16:55:24 | INFO | [Round 19] Epoch 10/80 time=00:01.81 avg=00:01.84 ETA=02:08.89 | GPU MB alloc/reserved=279.5/1898.0
2026-04-11 16:55:26 | INFO | [Round 19] epoch=11/80 loss=1.6230 acc=39.21 val_acc=nan data_t=0.0022s batch_t=0.0929s epoch_t=00:01.81 lr=0.000955 | GPU MB alloc/reserved=279.5/1898.0
2026-04-11 16:55:26 | INFO | [Round 19] Epoch 11/80 time=00:01.81 avg=00:01.84 ETA=02:06.84 | GPU MB alloc/reserved=279.5/1898.0
2026-04-11 16:55:28 | INFO | [Round 19] epoch=12/80 loss=1.5924 acc=38.38 val_acc=nan data_t=0.0015s batch_t=0.0938s epoch_t=00:01.81 lr=0.000946 | GPU MB alloc/reserved=279.5/1898.0
2026-04-11 16:55:28 | INFO | [Round 19] Epoch 12/80 time=00:01.81 avg=00:01.84 ETA=02:04.84 | GPU MB alloc/reserved=279.5/1898.0
2026-04-11 16:55:30 | INFO | [Round 19] epoch=13/80 loss=1.5627 acc=40.08 val_acc=nan data_t=0.0018s batch_t=0.0931s epoch_t=00:01.80 lr=0.000937 | GPU MB alloc/reserved=279.5/1898.0
2026-04-11 16:55:30 | INFO | [Round 19] Epoch 13/80 time=00:01.80 avg=00:01.83 ETA=02:02.84 | GPU MB alloc/reserved=279.5/1898.0
2026-04-11 16:55:31 | INFO | [Round 19] epoch=14/80 loss=1.5123 acc=43.71 val_acc=nan data_t=0.0015s batch_t=0.0935s epoch_t=00:01.81 lr=0.000927 | GPU MB alloc/reserved=279.5/1898.0
2026-04-11 16:55:31 | INFO | [Round 19] Epoch 14/80 time=00:01.81 avg=00:01.83 ETA=02:00.87 | GPU MB alloc/reserved=279.5/1898.0
2026-04-11 16:55:33 | INFO | [Round 19] epoch=15/80 loss=1.5101 acc=42.21 val_acc=nan data_t=0.0014s batch_t=0.0935s epoch_t=00:01.80 lr=0.000917 | GPU MB alloc/reserved=279.5/1898.0
2026-04-11 16:55:33 | INFO | [Round 19] Epoch 15/80 time=00:01.80 avg=00:01.83 ETA=01:58.93 | GPU MB alloc/reserved=279.5/1898.0
2026-04-11 16:55:35 | INFO | [Round 19] epoch=16/80 loss=1.4156 acc=45.75 val_acc=nan data_t=0.0015s batch_t=0.0925s epoch_t=00:01.79 lr=0.000905 | GPU MB alloc/reserved=279.5/1898.0
2026-04-11 16:55:35 | INFO | [Round 19] Epoch 16/80 time=00:01.79 avg=00:01.83 ETA=01:56.92 | GPU MB alloc/reserved=279.5/1898.0
2026-04-11 16:55:37 | INFO | [Round 19] epoch=17/80 loss=1.3600 acc=47.75 val_acc=nan data_t=0.0016s batch_t=0.0936s epoch_t=00:01.81 lr=0.000894 | GPU MB alloc/reserved=279.5/1898.0
2026-04-11 16:55:37 | INFO | [Round 19] Epoch 17/80 time=00:01.81 avg=00:01.83 ETA=01:55.02 | GPU MB alloc/reserved=279.5/1898.0
2026-04-11 16:55:39 | INFO | [Round 19] epoch=18/80 loss=1.3069 acc=50.75 val_acc=nan data_t=0.0016s batch_t=0.0932s epoch_t=00:01.80 lr=0.000881 | GPU MB alloc/reserved=279.5/1898.0
2026-04-11 16:55:39 | INFO | [Round 19] Epoch 18/80 time=00:01.80 avg=00:01.82 ETA=01:53.11 | GPU MB alloc/reserved=279.5/1898.0
2026-04-11 16:55:40 | INFO | [Round 19] epoch=19/80 loss=1.2916 acc=50.54 val_acc=nan data_t=0.0017s batch_t=0.0939s epoch_t=00:01.82 lr=0.000868 | GPU MB alloc/reserved=279.5/1898.0
2026-04-11 16:55:40 | INFO | [Round 19] Epoch 19/80 time=00:01.82 avg=00:01.82 ETA=01:51.26 | GPU MB alloc/reserved=279.5/1898.0
2026-04-11 16:55:42 | INFO | [Round 19] epoch=20/80 loss=1.2528 acc=53.00 val_acc=nan data_t=0.0018s batch_t=0.0933s epoch_t=00:01.81 lr=0.000855 | GPU MB alloc/reserved=279.5/1898.0
2026-04-11 16:55:42 | INFO | [Round 19] Epoch 20/80 time=00:01.81 avg=00:01.82 ETA=01:49.39 | GPU MB alloc/reserved=279.5/1898.0
2026-04-11 16:55:44 | INFO | [Round 19] epoch=21/80 loss=1.2375 acc=53.38 val_acc=nan data_t=0.0018s batch_t=0.0933s epoch_t=00:01.81 lr=0.000841 | GPU MB alloc/reserved=279.5/1898.0
2026-04-11 16:55:44 | INFO | [Round 19] Epoch 21/80 time=00:01.81 avg=00:01.82 ETA=01:47.52 | GPU MB alloc/reserved=279.5/1898.0
2026-04-11 16:55:46 | INFO | [Round 19] epoch=22/80 loss=1.1748 acc=55.38 val_acc=nan data_t=0.0026s batch_t=0.0930s epoch_t=00:01.82 lr=0.000826 | GPU MB alloc/reserved=279.5/1898.0
2026-04-11 16:55:46 | INFO | [Round 19] Epoch 22/80 time=00:01.82 avg=00:01.82 ETA=01:45.68 | GPU MB alloc/reserved=279.5/1898.0
2026-04-11 16:55:48 | INFO | [Round 19] epoch=23/80 loss=1.0963 acc=58.63 val_acc=nan data_t=0.0015s batch_t=0.0933s epoch_t=00:01.80 lr=0.000811 | GPU MB alloc/reserved=279.5/1898.0
2026-04-11 16:55:48 | INFO | [Round 19] Epoch 23/80 time=00:01.80 avg=00:01.82 ETA=01:43.81 | GPU MB alloc/reserved=279.5/1898.0
2026-04-11 16:55:50 | INFO | [Round 19] epoch=24/80 loss=1.0600 acc=58.83 val_acc=nan data_t=0.0015s batch_t=0.0941s epoch_t=00:01.82 lr=0.000796 | GPU MB alloc/reserved=279.5/1898.0
2026-04-11 16:55:50 | INFO | [Round 19] Epoch 24/80 time=00:01.82 avg=00:01.82 ETA=01:41.98 | GPU MB alloc/reserved=279.5/1898.0
2026-04-11 16:55:51 | INFO | [Round 19] epoch=25/80 loss=1.0244 acc=60.62 val_acc=nan data_t=0.0016s batch_t=0.0931s epoch_t=00:01.80 lr=0.000780 | GPU MB alloc/reserved=279.5/1898.0
2026-04-11 16:55:51 | INFO | [Round 19] Epoch 25/80 time=00:01.80 avg=00:01.82 ETA=01:40.11 | GPU MB alloc/reserved=279.5/1898.0
2026-04-11 16:55:53 | INFO | [Round 19] epoch=26/80 loss=1.0043 acc=60.92 val_acc=nan data_t=0.0015s batch_t=0.0938s epoch_t=00:01.81 lr=0.000764 | GPU MB alloc/reserved=279.5/1898.0
2026-04-11 16:55:53 | INFO | [Round 19] Epoch 26/80 time=00:01.81 avg=00:01.82 ETA=01:38.27 | GPU MB alloc/reserved=279.5/1898.0
2026-04-11 16:55:55 | INFO | [Round 19] epoch=27/80 loss=0.9634 acc=64.58 val_acc=nan data_t=0.0016s batch_t=0.0931s epoch_t=00:01.80 lr=0.000747 | GPU MB alloc/reserved=279.5/1898.0
2026-04-11 16:55:55 | INFO | [Round 19] Epoch 27/80 time=00:01.80 avg=00:01.82 ETA=01:36.41 | GPU MB alloc/reserved=279.5/1898.0
2026-04-11 16:55:57 | INFO | [Round 19] epoch=28/80 loss=0.9091 acc=66.38 val_acc=nan data_t=0.0014s batch_t=0.0937s epoch_t=00:01.81 lr=0.000730 | GPU MB alloc/reserved=279.5/1898.0
2026-04-11 16:55:57 | INFO | [Round 19] Epoch 28/80 time=00:01.81 avg=00:01.82 ETA=01:34.57 | GPU MB alloc/reserved=279.5/1898.0
2026-04-11 16:55:59 | INFO | [Round 19] epoch=29/80 loss=0.8338 acc=68.50 val_acc=nan data_t=0.0015s batch_t=0.0936s epoch_t=00:01.81 lr=0.000712 | GPU MB alloc/reserved=279.5/1898.0
2026-04-11 16:55:59 | INFO | [Round 19] Epoch 29/80 time=00:01.81 avg=00:01.82 ETA=01:32.73 | GPU MB alloc/reserved=279.5/1898.0
2026-04-11 16:56:00 | INFO | [Round 19] epoch=30/80 loss=0.8009 acc=69.88 val_acc=nan data_t=0.0016s batch_t=0.0936s epoch_t=00:01.81 lr=0.000694 | GPU MB alloc/reserved=279.5/1898.0
2026-04-11 16:56:00 | INFO | [Round 19] Epoch 30/80 time=00:01.81 avg=00:01.82 ETA=01:30.90 | GPU MB alloc/reserved=279.5/1898.0
2026-04-11 16:56:02 | INFO | [Round 19] epoch=31/80 loss=0.7306 acc=72.42 val_acc=nan data_t=0.0021s batch_t=0.0929s epoch_t=00:01.80 lr=0.000676 | GPU MB alloc/reserved=279.5/1898.0
2026-04-11 16:56:02 | INFO | [Round 19] Epoch 31/80 time=00:01.80 avg=00:01.82 ETA=01:29.06 | GPU MB alloc/reserved=279.5/1898.0
2026-04-11 16:56:04 | INFO | [Round 19] epoch=32/80 loss=0.6914 acc=73.50 val_acc=nan data_t=0.0016s batch_t=0.0934s epoch_t=00:01.81 lr=0.000658 | GPU MB alloc/reserved=279.5/1898.0
2026-04-11 16:56:04 | INFO | [Round 19] Epoch 32/80 time=00:01.81 avg=00:01.82 ETA=01:27.22 | GPU MB alloc/reserved=279.5/1898.0
2026-04-11 16:56:06 | INFO | [Round 19] epoch=33/80 loss=0.6492 acc=74.79 val_acc=nan data_t=0.0015s batch_t=0.0937s epoch_t=00:01.81 lr=0.000639 | GPU MB alloc/reserved=279.5/1898.0
2026-04-11 16:56:06 | INFO | [Round 19] Epoch 33/80 time=00:01.81 avg=00:01.82 ETA=01:25.39 | GPU MB alloc/reserved=279.5/1898.0
2026-04-11 16:56:08 | INFO | [Round 19] epoch=34/80 loss=0.6533 acc=75.88 val_acc=nan data_t=0.0016s batch_t=0.0936s epoch_t=00:01.81 lr=0.000621 | GPU MB alloc/reserved=279.5/1898.0
2026-04-11 16:56:08 | INFO | [Round 19] Epoch 34/80 time=00:01.81 avg=00:01.82 ETA=01:23.56 | GPU MB alloc/reserved=279.5/1898.0
2026-04-11 16:56:09 | INFO | [Round 19] epoch=35/80 loss=0.5997 acc=78.04 val_acc=nan data_t=0.0020s batch_t=0.0930s epoch_t=00:01.81 lr=0.000602 | GPU MB alloc/reserved=279.5/1898.0
2026-04-11 16:56:09 | INFO | [Round 19] Epoch 35/80 time=00:01.81 avg=00:01.82 ETA=01:21.73 | GPU MB alloc/reserved=279.5/1898.0
2026-04-11 16:56:11 | INFO | [Round 19] epoch=36/80 loss=0.5595 acc=78.33 val_acc=nan data_t=0.0018s batch_t=0.0938s epoch_t=00:01.82 lr=0.000582 | GPU MB alloc/reserved=279.5/1898.0
2026-04-11 16:56:11 | INFO | [Round 19] Epoch 36/80 time=00:01.82 avg=00:01.82 ETA=01:19.92 | GPU MB alloc/reserved=279.5/1898.0
2026-04-11 16:56:13 | INFO | [Round 19] epoch=37/80 loss=0.5014 acc=82.08 val_acc=nan data_t=0.0015s batch_t=0.0931s epoch_t=00:01.80 lr=0.000563 | GPU MB alloc/reserved=279.5/1898.0
2026-04-11 16:56:13 | INFO | [Round 19] Epoch 37/80 time=00:01.80 avg=00:01.82 ETA=01:18.08 | GPU MB alloc/reserved=279.5/1898.0
2026-04-11 16:56:15 | INFO | [Round 19] epoch=38/80 loss=0.4294 acc=85.13 val_acc=nan data_t=0.0023s batch_t=0.0941s epoch_t=00:01.83 lr=0.000544 | GPU MB alloc/reserved=279.5/1898.0
2026-04-11 16:56:15 | INFO | [Round 19] Epoch 38/80 time=00:01.83 avg=00:01.82 ETA=01:16.28 | GPU MB alloc/reserved=279.5/1898.0
2026-04-11 16:56:17 | INFO | [Round 19] epoch=39/80 loss=0.3966 acc=85.29 val_acc=nan data_t=0.0015s batch_t=0.0937s epoch_t=00:01.81 lr=0.000524 | GPU MB alloc/reserved=279.5/1898.0
2026-04-11 16:56:17 | INFO | [Round 19] Epoch 39/80 time=00:01.81 avg=00:01.82 ETA=01:14.46 | GPU MB alloc/reserved=279.5/1898.0
2026-04-11 16:56:19 | INFO | [Round 19] epoch=40/80 loss=0.3907 acc=85.96 val_acc=nan data_t=0.0014s batch_t=0.0934s epoch_t=00:01.80 lr=0.000505 | GPU MB alloc/reserved=279.5/1898.0
2026-04-11 16:56:19 | INFO | [Round 19] Epoch 40/80 time=00:01.80 avg=00:01.82 ETA=01:12.63 | GPU MB alloc/reserved=279.5/1898.0
2026-04-11 16:56:20 | INFO | [Round 19] epoch=41/80 loss=0.3483 acc=87.12 val_acc=nan data_t=0.0014s batch_t=0.0934s epoch_t=00:01.80 lr=0.000486 | GPU MB alloc/reserved=279.5/1898.0
2026-04-11 16:56:20 | INFO | [Round 19] Epoch 41/80 time=00:01.80 avg=00:01.82 ETA=01:10.80 | GPU MB alloc/reserved=279.5/1898.0
2026-04-11 16:56:22 | INFO | [Round 19] epoch=42/80 loss=0.3283 acc=88.13 val_acc=nan data_t=0.0015s batch_t=0.0938s epoch_t=00:01.81 lr=0.000466 | GPU MB alloc/reserved=279.5/1898.0
2026-04-11 16:56:22 | INFO | [Round 19] Epoch 42/80 time=00:01.81 avg=00:01.82 ETA=01:08.98 | GPU MB alloc/reserved=279.5/1898.0
2026-04-11 16:56:24 | INFO | [Round 19] epoch=43/80 loss=0.2711 acc=90.58 val_acc=nan data_t=0.0019s batch_t=0.0937s epoch_t=00:01.82 lr=0.000447 | GPU MB alloc/reserved=279.5/1898.0
2026-04-11 16:56:24 | INFO | [Round 19] Epoch 43/80 time=00:01.82 avg=00:01.82 ETA=01:07.16 | GPU MB alloc/reserved=279.5/1898.0
2026-04-11 16:56:26 | INFO | [Round 19] epoch=44/80 loss=0.2743 acc=90.83 val_acc=nan data_t=0.0016s batch_t=0.0935s epoch_t=00:01.81 lr=0.000428 | GPU MB alloc/reserved=279.5/1898.0
2026-04-11 16:56:26 | INFO | [Round 19] Epoch 44/80 time=00:01.81 avg=00:01.82 ETA=01:05.34 | GPU MB alloc/reserved=279.5/1898.0
2026-04-11 16:56:28 | INFO | [Round 19] epoch=45/80 loss=0.2291 acc=92.33 val_acc=nan data_t=0.0016s batch_t=0.0937s epoch_t=00:01.81 lr=0.000408 | GPU MB alloc/reserved=279.5/1898.0
2026-04-11 16:56:28 | INFO | [Round 19] Epoch 45/80 time=00:01.81 avg=00:01.81 ETA=01:03.52 | GPU MB alloc/reserved=279.5/1898.0
2026-04-11 16:56:29 | INFO | [Round 19] epoch=46/80 loss=0.2355 acc=91.71 val_acc=nan data_t=0.0018s batch_t=0.0933s epoch_t=00:01.81 lr=0.000389 | GPU MB alloc/reserved=279.5/1898.0
2026-04-11 16:56:29 | INFO | [Round 19] Epoch 46/80 time=00:01.81 avg=00:01.81 ETA=01:01.70 | GPU MB alloc/reserved=279.5/1898.0
2026-04-11 16:56:31 | INFO | [Round 19] epoch=47/80 loss=0.1876 acc=93.79 val_acc=nan data_t=0.0016s batch_t=0.0941s epoch_t=00:01.82 lr=0.000371 | GPU MB alloc/reserved=279.5/1898.0
2026-04-11 16:56:31 | INFO | [Round 19] Epoch 47/80 time=00:01.82 avg=00:01.81 ETA=00:59.89 | GPU MB alloc/reserved=279.5/1898.0
2026-04-11 16:56:33 | INFO | [Round 19] epoch=48/80 loss=0.1776 acc=94.33 val_acc=nan data_t=0.0019s batch_t=0.0944s epoch_t=00:01.83 lr=0.000352 | GPU MB alloc/reserved=279.5/1898.0
2026-04-11 16:56:33 | INFO | [Round 19] Epoch 48/80 time=00:01.83 avg=00:01.82 ETA=00:58.09 | GPU MB alloc/reserved=279.5/1898.0
2026-04-11 16:56:35 | INFO | [Round 19] epoch=49/80 loss=0.1348 acc=96.04 val_acc=nan data_t=0.0018s batch_t=0.0931s epoch_t=00:01.80 lr=0.000334 | GPU MB alloc/reserved=279.5/1898.0
2026-04-11 16:56:35 | INFO | [Round 19] Epoch 49/80 time=00:01.80 avg=00:01.81 ETA=00:56.26 | GPU MB alloc/reserved=279.5/1898.0
2026-04-11 16:56:37 | INFO | [Round 19] epoch=50/80 loss=0.1203 acc=96.67 val_acc=nan data_t=0.0015s batch_t=0.0923s epoch_t=00:01.78 lr=0.000316 | GPU MB alloc/reserved=279.5/1898.0
2026-04-11 16:56:37 | INFO | [Round 19] Epoch 50/80 time=00:01.78 avg=00:01.81 ETA=00:54.43 | GPU MB alloc/reserved=279.5/1898.0
2026-04-11 16:56:38 | INFO | [Round 19] epoch=51/80 loss=0.1239 acc=95.92 val_acc=nan data_t=0.0016s batch_t=0.0941s epoch_t=00:01.82 lr=0.000298 | GPU MB alloc/reserved=279.5/1898.0
2026-04-11 16:56:38 | INFO | [Round 19] Epoch 51/80 time=00:01.82 avg=00:01.81 ETA=00:52.62 | GPU MB alloc/reserved=279.5/1898.0
2026-04-11 16:56:40 | INFO | [Round 19] epoch=52/80 loss=0.1058 acc=96.96 val_acc=nan data_t=0.0016s batch_t=0.0933s epoch_t=00:01.80 lr=0.000280 | GPU MB alloc/reserved=279.5/1898.0
2026-04-11 16:56:40 | INFO | [Round 19] Epoch 52/80 time=00:01.80 avg=00:01.81 ETA=00:50.80 | GPU MB alloc/reserved=279.5/1898.0
2026-04-11 16:56:42 | INFO | [Round 19] epoch=53/80 loss=0.0792 acc=97.96 val_acc=nan data_t=0.0019s batch_t=0.0932s epoch_t=00:01.81 lr=0.000263 | GPU MB alloc/reserved=279.5/1898.0
2026-04-11 16:56:42 | INFO | [Round 19] Epoch 53/80 time=00:01.81 avg=00:01.81 ETA=00:48.98 | GPU MB alloc/reserved=279.5/1898.0
2026-04-11 16:56:44 | INFO | [Round 19] epoch=54/80 loss=0.0730 acc=98.17 val_acc=nan data_t=0.0015s batch_t=0.0938s epoch_t=00:01.81 lr=0.000246 | GPU MB alloc/reserved=279.5/1898.0
2026-04-11 16:56:44 | INFO | [Round 19] Epoch 54/80 time=00:01.81 avg=00:01.81 ETA=00:47.16 | GPU MB alloc/reserved=279.5/1898.0
2026-04-11 16:56:46 | INFO | [Round 19] epoch=55/80 loss=0.0586 acc=98.33 val_acc=nan data_t=0.0019s batch_t=0.0944s epoch_t=00:01.83 lr=0.000230 | GPU MB alloc/reserved=279.5/1898.0
2026-04-11 16:56:46 | INFO | [Round 19] Epoch 55/80 time=00:01.83 avg=00:01.81 ETA=00:45.36 | GPU MB alloc/reserved=279.5/1898.0
2026-04-11 16:56:48 | INFO | [Round 19] epoch=56/80 loss=0.0597 acc=98.54 val_acc=nan data_t=0.0016s batch_t=0.0936s epoch_t=00:01.81 lr=0.000214 | GPU MB alloc/reserved=279.5/1898.0
2026-04-11 16:56:48 | INFO | [Round 19] Epoch 56/80 time=00:01.81 avg=00:01.81 ETA=00:43.54 | GPU MB alloc/reserved=279.5/1898.0
2026-04-11 16:56:49 | INFO | [Round 19] epoch=57/80 loss=0.0431 acc=99.21 val_acc=nan data_t=0.0015s batch_t=0.0937s epoch_t=00:01.81 lr=0.000199 | GPU MB alloc/reserved=279.5/1898.0
2026-04-11 16:56:49 | INFO | [Round 19] Epoch 57/80 time=00:01.81 avg=00:01.81 ETA=00:41.72 | GPU MB alloc/reserved=279.5/1898.0
2026-04-11 16:56:51 | INFO | [Round 19] epoch=58/80 loss=0.0394 acc=99.25 val_acc=nan data_t=0.0016s batch_t=0.0940s epoch_t=00:01.82 lr=0.000184 | GPU MB alloc/reserved=279.5/1898.0
2026-04-11 16:56:51 | INFO | [Round 19] Epoch 58/80 time=00:01.82 avg=00:01.81 ETA=00:39.91 | GPU MB alloc/reserved=279.5/1898.0
2026-04-11 16:56:53 | INFO | [Round 19] epoch=59/80 loss=0.0329 acc=99.50 val_acc=nan data_t=0.0021s batch_t=0.0840s epoch_t=00:01.64 lr=0.000169 | GPU MB alloc/reserved=279.5/1898.0
2026-04-11 16:56:53 | INFO | [Round 19] Epoch 59/80 time=00:01.64 avg=00:01.81 ETA=00:38.03 | GPU MB alloc/reserved=279.5/1898.0
2026-04-11 16:56:55 | INFO | [Round 19] epoch=60/80 loss=0.0334 acc=99.38 val_acc=nan data_t=0.0017s batch_t=0.0997s epoch_t=00:01.93 lr=0.000155 | GPU MB alloc/reserved=279.5/1898.0
2026-04-11 16:56:55 | INFO | [Round 19] Epoch 60/80 time=00:01.93 avg=00:01.81 ETA=00:36.26 | GPU MB alloc/reserved=279.5/1898.0
2026-04-11 16:56:57 | INFO | [Round 19] epoch=61/80 loss=0.0282 acc=99.58 val_acc=nan data_t=0.0016s batch_t=0.1015s epoch_t=00:01.96 lr=0.000142 | GPU MB alloc/reserved=279.5/1898.0
2026-04-11 16:56:57 | INFO | [Round 19] Epoch 61/80 time=00:01.96 avg=00:01.82 ETA=00:34.49 | GPU MB alloc/reserved=279.5/1898.0
2026-04-11 16:56:59 | INFO | [Round 19] epoch=62/80 loss=0.0243 acc=99.67 val_acc=nan data_t=0.0016s batch_t=0.1014s epoch_t=00:01.96 lr=0.000129 | GPU MB alloc/reserved=279.5/1898.0
2026-04-11 16:56:59 | INFO | [Round 19] Epoch 62/80 time=00:01.96 avg=00:01.82 ETA=00:32.72 | GPU MB alloc/reserved=279.5/1898.0
2026-04-11 16:57:01 | INFO | [Round 19] epoch=63/80 loss=0.0263 acc=99.71 val_acc=nan data_t=0.0015s batch_t=0.1007s epoch_t=00:01.94 lr=0.000116 | GPU MB alloc/reserved=279.5/1898.0
2026-04-11 16:57:01 | INFO | [Round 19] Epoch 63/80 time=00:01.94 avg=00:01.82 ETA=00:30.94 | GPU MB alloc/reserved=279.5/1898.0
2026-04-11 16:57:02 | INFO | [Round 19] epoch=64/80 loss=0.0207 acc=99.75 val_acc=nan data_t=0.0018s batch_t=0.0645s epoch_t=00:01.26 lr=0.000105 | GPU MB alloc/reserved=279.5/1898.0
2026-04-11 16:57:02 | INFO | [Round 19] Epoch 64/80 time=00:01.26 avg=00:01.81 ETA=00:28.98 | GPU MB alloc/reserved=279.5/1898.0
2026-04-11 16:57:03 | INFO | [Round 19] epoch=65/80 loss=0.0173 acc=99.88 val_acc=nan data_t=0.0017s batch_t=0.0716s epoch_t=00:01.39 lr=0.000093 | GPU MB alloc/reserved=279.5/1898.0
2026-04-11 16:57:03 | INFO | [Round 19] Epoch 65/80 time=00:01.39 avg=00:01.80 ETA=00:27.07 | GPU MB alloc/reserved=279.5/1898.0
2026-04-11 16:57:05 | INFO | [Round 19] epoch=66/80 loss=0.0148 acc=99.92 val_acc=nan data_t=0.0031s batch_t=0.0734s epoch_t=00:01.46 lr=0.000083 | GPU MB alloc/reserved=279.5/1898.0
2026-04-11 16:57:05 | INFO | [Round 19] Epoch 66/80 time=00:01.46 avg=00:01.80 ETA=00:25.19 | GPU MB alloc/reserved=279.5/1898.0
2026-04-11 16:57:07 | INFO | [Round 19] epoch=67/80 loss=0.0145 acc=99.88 val_acc=nan data_t=0.0015s batch_t=0.0914s epoch_t=00:01.76 lr=0.000073 | GPU MB alloc/reserved=279.5/1898.0
2026-04-11 16:57:07 | INFO | [Round 19] Epoch 67/80 time=00:01.76 avg=00:01.80 ETA=00:23.38 | GPU MB alloc/reserved=279.5/1898.0
2026-04-11 16:57:08 | INFO | [Round 19] epoch=68/80 loss=0.0166 acc=99.83 val_acc=nan data_t=0.0017s batch_t=0.0927s epoch_t=00:01.79 lr=0.000064 | GPU MB alloc/reserved=279.5/1898.0
2026-04-11 16:57:08 | INFO | [Round 19] Epoch 68/80 time=00:01.79 avg=00:01.80 ETA=00:21.58 | GPU MB alloc/reserved=279.5/1898.0
2026-04-11 16:57:10 | INFO | [Round 19] epoch=69/80 loss=0.0182 acc=99.75 val_acc=nan data_t=0.0017s batch_t=0.0938s epoch_t=00:01.81 lr=0.000055 | GPU MB alloc/reserved=279.5/1898.0
2026-04-11 16:57:10 | INFO | [Round 19] Epoch 69/80 time=00:01.81 avg=00:01.80 ETA=00:19.79 | GPU MB alloc/reserved=279.5/1898.0
2026-04-11 16:57:12 | INFO | [Round 19] epoch=70/80 loss=0.0131 acc=99.96 val_acc=nan data_t=0.0017s batch_t=0.0935s epoch_t=00:01.81 lr=0.000048 | GPU MB alloc/reserved=279.5/1898.0
2026-04-11 16:57:12 | INFO | [Round 19] Epoch 70/80 time=00:01.81 avg=00:01.80 ETA=00:17.99 | GPU MB alloc/reserved=279.5/1898.0
2026-04-11 16:57:14 | INFO | [Round 19] epoch=71/80 loss=0.0133 acc=99.96 val_acc=nan data_t=0.0020s batch_t=0.0932s epoch_t=00:01.81 lr=0.000041 | GPU MB alloc/reserved=279.5/1898.0
2026-04-11 16:57:14 | INFO | [Round 19] Epoch 71/80 time=00:01.81 avg=00:01.80 ETA=00:16.19 | GPU MB alloc/reserved=279.5/1898.0
2026-04-11 16:57:16 | INFO | [Round 19] epoch=72/80 loss=0.0121 acc=100.00 val_acc=nan data_t=0.0014s batch_t=0.0937s epoch_t=00:01.81 lr=0.000034 | GPU MB alloc/reserved=279.5/1898.0
2026-04-11 16:57:16 | INFO | [Round 19] Epoch 72/80 time=00:01.81 avg=00:01.80 ETA=00:14.39 | GPU MB alloc/reserved=279.5/1898.0
2026-04-11 16:57:17 | INFO | [Round 19] epoch=73/80 loss=0.0137 acc=99.88 val_acc=nan data_t=0.0015s batch_t=0.0944s epoch_t=00:01.82 lr=0.000029 | GPU MB alloc/reserved=279.5/1898.0
2026-04-11 16:57:17 | INFO | [Round 19] Epoch 73/80 time=00:01.82 avg=00:01.80 ETA=00:12.60 | GPU MB alloc/reserved=279.5/1898.0
2026-04-11 16:57:19 | INFO | [Round 19] epoch=74/80 loss=0.0117 acc=99.96 val_acc=nan data_t=0.0014s batch_t=0.0815s epoch_t=00:01.58 lr=0.000024 | GPU MB alloc/reserved=279.5/1898.0
2026-04-11 16:57:19 | INFO | [Round 19] Epoch 74/80 time=00:01.58 avg=00:01.80 ETA=00:10.78 | GPU MB alloc/reserved=279.5/1898.0
2026-04-11 16:57:21 | INFO | [Round 19] epoch=75/80 loss=0.0137 acc=99.83 val_acc=nan data_t=0.0023s batch_t=0.1027s epoch_t=00:02.00 lr=0.000020 | GPU MB alloc/reserved=279.5/1898.0
2026-04-11 16:57:21 | INFO | [Round 19] Epoch 75/80 time=00:02.00 avg=00:01.80 ETA=00:09.00 | GPU MB alloc/reserved=279.5/1898.0
2026-04-11 16:57:23 | INFO | [Round 19] epoch=76/80 loss=0.0124 acc=99.96 val_acc=nan data_t=0.0016s batch_t=0.1003s epoch_t=00:01.94 lr=0.000016 | GPU MB alloc/reserved=279.5/1898.0
2026-04-11 16:57:23 | INFO | [Round 19] Epoch 76/80 time=00:01.94 avg=00:01.80 ETA=00:07.20 | GPU MB alloc/reserved=279.5/1898.0
2026-04-11 16:57:25 | INFO | [Round 19] epoch=77/80 loss=0.0108 acc=100.00 val_acc=nan data_t=0.0018s batch_t=0.1017s epoch_t=00:01.97 lr=0.000013 | GPU MB alloc/reserved=279.5/1898.0
2026-04-11 16:57:25 | INFO | [Round 19] Epoch 77/80 time=00:01.97 avg=00:01.80 ETA=00:05.41 | GPU MB alloc/reserved=279.5/1898.0
2026-04-11 16:57:27 | INFO | [Round 19] epoch=78/80 loss=0.0111 acc=99.96 val_acc=nan data_t=0.0020s batch_t=0.1022s epoch_t=00:01.98 lr=0.000012 | GPU MB alloc/reserved=279.5/1898.0
2026-04-11 16:57:27 | INFO | [Round 19] Epoch 78/80 time=00:01.98 avg=00:01.81 ETA=00:03.61 | GPU MB alloc/reserved=279.5/1898.0
2026-04-11 16:57:28 | INFO | [Round 19] epoch=79/80 loss=0.0112 acc=99.96 val_acc=nan data_t=0.0017s batch_t=0.0736s epoch_t=00:01.43 lr=0.000010 | GPU MB alloc/reserved=279.5/1898.0
2026-04-11 16:57:28 | INFO | [Round 19] Epoch 79/80 time=00:01.43 avg=00:01.80 ETA=00:01.80 | GPU MB alloc/reserved=279.5/1898.0
2026-04-11 16:57:30 | INFO | [Round 19] epoch=80/80 loss=0.0120 acc=99.92 val_acc=nan data_t=0.0015s batch_t=0.0754s epoch_t=00:01.46 lr=0.000010 | GPU MB alloc/reserved=279.5/1898.0
2026-04-11 16:57:30 | INFO | [Round 19] Epoch 80/80 time=00:01.46 avg=00:01.80 ETA=00:00.00 | GPU MB alloc/reserved=279.5/1898.0
2026-04-11 16:57:30 | INFO | [Round 19] training complete in 02:24.10 (best monitor=100.000) | GPU MB alloc/reserved=279.5/1898.0
2026-04-11 16:57:30 | INFO | [Round 19] evaluation started | GPU MB alloc/reserved=192.6/1898.0
2026-04-11 16:57:39 | INFO | [Round 19] clean=65.89 fgsm=53.76 pgd=53.38 grad_disp_mean=nan grad_disp_sel=nan round_t=155.58s | GPU MB alloc/reserved=192.6/1898.0
2026-04-11 16:57:39 | INFO | [Round 20/21] elapsed=02:35.58 avg_round=01:38.45 projected_remaining=01:38.45 | GPU MB alloc/reserved=192.6/1898.0
2026-04-11 16:57:40 | INFO | [Round 20] acquisition on pool_size=47600 scored_pool=5000 budget=100 | GPU MB alloc/reserved=105.2/1898.0
2026-04-11 16:57:40 | INFO | [CoreSet-unlabeled-feat] scoring progress 10/20 elapsed=00:00.23 avg/batch=0.023s ETA=00:00.23 | GPU MB alloc/reserved=113.4/1898.0
2026-04-11 16:57:40 | INFO | [CoreSet-unlabeled-feat] scoring progress 20/20 elapsed=00:00.39 avg/batch=0.020s ETA=00:00.00 | GPU MB alloc/reserved=117.2/1898.0
2026-04-11 16:57:40 | INFO | [CoreSet-labeled-feat] scoring progress 10/10 elapsed=00:00.24 avg/batch=0.024s ETA=00:00.00 | GPU MB alloc/reserved=121.2/1898.0
2026-04-11 16:57:41 | INFO | [CoreSet] greedy 10/100 cover_radius=17.181711 | GPU: n/a
2026-04-11 16:57:41 | INFO | [CoreSet] greedy 20/100 cover_radius=16.912565 | GPU: n/a
2026-04-11 16:57:41 | INFO | [CoreSet] greedy 30/100 cover_radius=16.717617 | GPU: n/a
2026-04-11 16:57:41 | INFO | [CoreSet] greedy 40/100 cover_radius=16.587952 | GPU: n/a
2026-04-11 16:57:41 | INFO | [CoreSet] greedy 50/100 cover_radius=16.452351 | GPU: n/a
2026-04-11 16:57:41 | INFO | [CoreSet] greedy 60/100 cover_radius=16.271587 | GPU: n/a
2026-04-11 16:57:41 | INFO | [CoreSet] greedy 70/100 cover_radius=16.214527 | GPU: n/a
2026-04-11 16:57:41 | INFO | [CoreSet] greedy 80/100 cover_radius=16.072857 | GPU: n/a
2026-04-11 16:57:42 | INFO | [CoreSet] greedy 90/100 cover_radius=15.976643 | GPU: n/a
2026-04-11 16:57:42 | INFO | [CoreSet] greedy 100/100 cover_radius=15.848087 | GPU: n/a
2026-04-11 16:57:42 | INFO | [Round 20] labeled=2500 train=2500 val_fixed=0 | GPU MB alloc/reserved=148.5/1898.0
2026-04-11 16:57:44 | INFO | [Round 20] epoch=1/80 loss=2.2763 acc=17.88 val_acc=nan data_t=0.0110s batch_t=0.0962s epoch_t=00:02.14 lr=0.001000 | GPU MB alloc/reserved=277.1/1898.0
2026-04-11 16:57:44 | INFO | [Round 20] Epoch 1/80 time=00:02.14 avg=00:02.14 ETA=02:49.34 | GPU MB alloc/reserved=277.1/1898.0
2026-04-11 16:57:46 | INFO | [Round 20] epoch=2/80 loss=2.0618 acc=22.76 val_acc=nan data_t=0.0014s batch_t=0.0923s epoch_t=00:01.88 lr=0.000998 | GPU MB alloc/reserved=277.1/1898.0
2026-04-11 16:57:46 | INFO | [Round 20] Epoch 2/80 time=00:01.88 avg=00:02.01 ETA=02:36.75 | GPU MB alloc/reserved=277.1/1898.0
2026-04-11 16:57:48 | INFO | [Round 20] epoch=3/80 loss=1.9705 acc=26.00 val_acc=nan data_t=0.0014s batch_t=0.0928s epoch_t=00:01.88 lr=0.000997 | GPU MB alloc/reserved=277.1/1898.0
2026-04-11 16:57:48 | INFO | [Round 20] Epoch 3/80 time=00:01.88 avg=00:01.97 ETA=02:31.54 | GPU MB alloc/reserved=277.1/1898.0
2026-04-11 16:57:50 | INFO | [Round 20] epoch=4/80 loss=1.9146 acc=28.96 val_acc=nan data_t=0.0015s batch_t=0.0928s epoch_t=00:01.89 lr=0.000994 | GPU MB alloc/reserved=277.1/1898.0
2026-04-11 16:57:50 | INFO | [Round 20] Epoch 4/80 time=00:01.89 avg=00:01.95 ETA=02:28.01 | GPU MB alloc/reserved=277.1/1898.0
2026-04-11 16:57:52 | INFO | [Round 20] epoch=5/80 loss=1.8560 acc=30.04 val_acc=nan data_t=0.0016s batch_t=0.0927s epoch_t=00:01.89 lr=0.000990 | GPU MB alloc/reserved=277.1/1898.0
2026-04-11 16:57:52 | INFO | [Round 20] Epoch 5/80 time=00:01.89 avg=00:01.94 ETA=02:25.14 | GPU MB alloc/reserved=277.1/1898.0
2026-04-11 16:57:54 | INFO | [Round 20] epoch=6/80 loss=1.8065 acc=30.88 val_acc=nan data_t=0.0015s batch_t=0.0925s epoch_t=00:01.88 lr=0.000986 | GPU MB alloc/reserved=277.1/1898.0
2026-04-11 16:57:54 | INFO | [Round 20] Epoch 6/80 time=00:01.88 avg=00:01.93 ETA=02:22.52 | GPU MB alloc/reserved=277.1/1898.0
2026-04-11 16:57:56 | INFO | [Round 20] epoch=7/80 loss=1.7539 acc=33.80 val_acc=nan data_t=0.0016s batch_t=0.0925s epoch_t=00:01.88 lr=0.000981 | GPU MB alloc/reserved=277.1/1898.0
2026-04-11 16:57:56 | INFO | [Round 20] Epoch 7/80 time=00:01.88 avg=00:01.92 ETA=02:20.13 | GPU MB alloc/reserved=277.1/1898.0
2026-04-11 16:57:57 | INFO | [Round 20] epoch=8/80 loss=1.7009 acc=36.12 val_acc=nan data_t=0.0014s batch_t=0.0931s epoch_t=00:01.89 lr=0.000976 | GPU MB alloc/reserved=277.1/1898.0
2026-04-11 16:57:57 | INFO | [Round 20] Epoch 8/80 time=00:01.89 avg=00:01.92 ETA=02:17.95 | GPU MB alloc/reserved=277.1/1898.0
2026-04-11 16:57:59 | INFO | [Round 20] epoch=9/80 loss=1.6582 acc=37.24 val_acc=nan data_t=0.0018s batch_t=0.0929s epoch_t=00:01.89 lr=0.000969 | GPU MB alloc/reserved=277.1/1898.0
2026-04-11 16:57:59 | INFO | [Round 20] Epoch 9/80 time=00:01.89 avg=00:01.91 ETA=02:15.86 | GPU MB alloc/reserved=277.1/1898.0
2026-04-11 16:58:01 | INFO | [Round 20] epoch=10/80 loss=1.6396 acc=38.52 val_acc=nan data_t=0.0016s batch_t=0.0927s epoch_t=00:01.88 lr=0.000962 | GPU MB alloc/reserved=277.1/1898.0
2026-04-11 16:58:01 | INFO | [Round 20] Epoch 10/80 time=00:01.88 avg=00:01.91 ETA=02:13.75 | GPU MB alloc/reserved=277.1/1898.0
2026-04-11 16:58:03 | INFO | [Round 20] epoch=11/80 loss=1.5819 acc=40.36 val_acc=nan data_t=0.0016s batch_t=0.0908s epoch_t=00:01.85 lr=0.000955 | GPU MB alloc/reserved=277.1/1898.0
2026-04-11 16:58:03 | INFO | [Round 20] Epoch 11/80 time=00:01.85 avg=00:01.90 ETA=02:11.44 | GPU MB alloc/reserved=277.1/1898.0
2026-04-11 16:58:05 | INFO | [Round 20] epoch=12/80 loss=1.5214 acc=43.00 val_acc=nan data_t=0.0015s batch_t=0.0929s epoch_t=00:01.89 lr=0.000946 | GPU MB alloc/reserved=277.1/1898.0
2026-04-11 16:58:05 | INFO | [Round 20] Epoch 12/80 time=00:01.89 avg=00:01.90 ETA=02:09.44 | GPU MB alloc/reserved=277.1/1898.0
2026-04-11 16:58:07 | INFO | [Round 20] epoch=13/80 loss=1.5184 acc=43.36 val_acc=nan data_t=0.0014s batch_t=0.0913s epoch_t=00:01.85 lr=0.000937 | GPU MB alloc/reserved=277.1/1898.0
2026-04-11 16:58:07 | INFO | [Round 20] Epoch 13/80 time=00:01.85 avg=00:01.90 ETA=02:07.29 | GPU MB alloc/reserved=277.1/1898.0
2026-04-11 16:58:09 | INFO | [Round 20] epoch=14/80 loss=1.4365 acc=44.92 val_acc=nan data_t=0.0018s batch_t=0.0927s epoch_t=00:01.89 lr=0.000927 | GPU MB alloc/reserved=277.1/1898.0
2026-04-11 16:58:09 | INFO | [Round 20] Epoch 14/80 time=00:01.89 avg=00:01.90 ETA=02:05.35 | GPU MB alloc/reserved=277.1/1898.0
2026-04-11 16:58:11 | INFO | [Round 20] epoch=15/80 loss=1.3931 acc=48.16 val_acc=nan data_t=0.0029s batch_t=0.0939s epoch_t=00:01.94 lr=0.000917 | GPU MB alloc/reserved=277.1/1898.0
2026-04-11 16:58:11 | INFO | [Round 20] Epoch 15/80 time=00:01.94 avg=00:01.90 ETA=02:03.61 | GPU MB alloc/reserved=277.1/1898.0
2026-04-11 16:58:13 | INFO | [Round 20] epoch=16/80 loss=1.3647 acc=48.40 val_acc=nan data_t=0.0015s batch_t=0.0934s epoch_t=00:01.90 lr=0.000905 | GPU MB alloc/reserved=277.1/1898.0
2026-04-11 16:58:13 | INFO | [Round 20] Epoch 16/80 time=00:01.90 avg=00:01.90 ETA=02:01.70 | GPU MB alloc/reserved=277.1/1898.0
2026-04-11 16:58:15 | INFO | [Round 20] epoch=17/80 loss=1.3548 acc=47.08 val_acc=nan data_t=0.0013s batch_t=0.0931s epoch_t=00:01.89 lr=0.000894 | GPU MB alloc/reserved=277.1/1898.0
2026-04-11 16:58:15 | INFO | [Round 20] Epoch 17/80 time=00:01.89 avg=00:01.90 ETA=01:59.75 | GPU MB alloc/reserved=277.1/1898.0
2026-04-11 16:58:16 | INFO | [Round 20] epoch=18/80 loss=1.2893 acc=51.92 val_acc=nan data_t=0.0014s batch_t=0.0932s epoch_t=00:01.89 lr=0.000881 | GPU MB alloc/reserved=277.1/1898.0
2026-04-11 16:58:16 | INFO | [Round 20] Epoch 18/80 time=00:01.89 avg=00:01.90 ETA=01:57.82 | GPU MB alloc/reserved=277.1/1898.0
2026-04-11 16:58:18 | INFO | [Round 20] epoch=19/80 loss=1.2030 acc=54.24 val_acc=nan data_t=0.0016s batch_t=0.0931s epoch_t=00:01.89 lr=0.000868 | GPU MB alloc/reserved=277.1/1898.0
2026-04-11 16:58:18 | INFO | [Round 20] Epoch 19/80 time=00:01.89 avg=00:01.90 ETA=01:55.89 | GPU MB alloc/reserved=277.1/1898.0
2026-04-11 16:58:20 | INFO | [Round 20] epoch=20/80 loss=1.2058 acc=54.32 val_acc=nan data_t=0.0014s batch_t=0.0929s epoch_t=00:01.89 lr=0.000855 | GPU MB alloc/reserved=277.1/1898.0
2026-04-11 16:58:20 | INFO | [Round 20] Epoch 20/80 time=00:01.89 avg=00:01.90 ETA=01:53.95 | GPU MB alloc/reserved=277.1/1898.0
2026-04-11 16:58:22 | INFO | [Round 20] epoch=21/80 loss=1.1568 acc=56.20 val_acc=nan data_t=0.0015s batch_t=0.0936s epoch_t=00:01.90 lr=0.000841 | GPU MB alloc/reserved=277.1/1898.0
2026-04-11 16:58:22 | INFO | [Round 20] Epoch 21/80 time=00:01.90 avg=00:01.90 ETA=01:52.07 | GPU MB alloc/reserved=277.1/1898.0
2026-04-11 16:58:24 | INFO | [Round 20] epoch=22/80 loss=1.1170 acc=56.48 val_acc=nan data_t=0.0013s batch_t=0.0926s epoch_t=00:01.88 lr=0.000826 | GPU MB alloc/reserved=277.1/1898.0
2026-04-11 16:58:24 | INFO | [Round 20] Epoch 22/80 time=00:01.88 avg=00:01.90 ETA=01:50.11 | GPU MB alloc/reserved=277.1/1898.0
2026-04-11 16:58:26 | INFO | [Round 20] epoch=23/80 loss=1.0652 acc=60.20 val_acc=nan data_t=0.0015s batch_t=0.0936s epoch_t=00:01.90 lr=0.000811 | GPU MB alloc/reserved=277.1/1898.0
2026-04-11 16:58:26 | INFO | [Round 20] Epoch 23/80 time=00:01.90 avg=00:01.90 ETA=01:48.23 | GPU MB alloc/reserved=277.1/1898.0
2026-04-11 16:58:28 | INFO | [Round 20] epoch=24/80 loss=0.9915 acc=62.72 val_acc=nan data_t=0.0016s batch_t=0.0929s epoch_t=00:01.89 lr=0.000796 | GPU MB alloc/reserved=277.1/1898.0
2026-04-11 16:58:28 | INFO | [Round 20] Epoch 24/80 time=00:01.89 avg=00:01.90 ETA=01:46.30 | GPU MB alloc/reserved=277.1/1898.0
2026-04-11 16:58:30 | INFO | [Round 20] epoch=25/80 loss=1.0018 acc=61.44 val_acc=nan data_t=0.0014s batch_t=0.0929s epoch_t=00:01.89 lr=0.000780 | GPU MB alloc/reserved=277.1/1898.0
2026-04-11 16:58:30 | INFO | [Round 20] Epoch 25/80 time=00:01.89 avg=00:01.90 ETA=01:44.38 | GPU MB alloc/reserved=277.1/1898.0
2026-04-11 16:58:32 | INFO | [Round 20] epoch=26/80 loss=0.9297 acc=65.24 val_acc=nan data_t=0.0014s batch_t=0.0934s epoch_t=00:01.90 lr=0.000764 | GPU MB alloc/reserved=277.1/1898.0
2026-04-11 16:58:32 | INFO | [Round 20] Epoch 26/80 time=00:01.90 avg=00:01.90 ETA=01:42.48 | GPU MB alloc/reserved=277.1/1898.0
2026-04-11 16:58:33 | INFO | [Round 20] epoch=27/80 loss=0.8517 acc=68.92 val_acc=nan data_t=0.0014s batch_t=0.0923s epoch_t=00:01.87 lr=0.000747 | GPU MB alloc/reserved=277.1/1898.0
2026-04-11 16:58:33 | INFO | [Round 20] Epoch 27/80 time=00:01.87 avg=00:01.90 ETA=01:40.54 | GPU MB alloc/reserved=277.1/1898.0
2026-04-11 16:58:35 | INFO | [Round 20] epoch=28/80 loss=0.8056 acc=70.56 val_acc=nan data_t=0.0016s batch_t=0.0922s epoch_t=00:01.88 lr=0.000730 | GPU MB alloc/reserved=277.1/1898.0
2026-04-11 16:58:35 | INFO | [Round 20] Epoch 28/80 time=00:01.88 avg=00:01.90 ETA=01:38.60 | GPU MB alloc/reserved=277.1/1898.0
2026-04-11 16:58:37 | INFO | [Round 20] epoch=29/80 loss=0.7776 acc=71.32 val_acc=nan data_t=0.0015s batch_t=0.0928s epoch_t=00:01.89 lr=0.000712 | GPU MB alloc/reserved=277.1/1898.0
2026-04-11 16:58:37 | INFO | [Round 20] Epoch 29/80 time=00:01.89 avg=00:01.90 ETA=01:36.69 | GPU MB alloc/reserved=277.1/1898.0
2026-04-11 16:58:39 | INFO | [Round 20] epoch=30/80 loss=0.7489 acc=71.72 val_acc=nan data_t=0.0015s batch_t=0.0924s epoch_t=00:01.88 lr=0.000694 | GPU MB alloc/reserved=277.1/1898.0
2026-04-11 16:58:39 | INFO | [Round 20] Epoch 30/80 time=00:01.88 avg=00:01.90 ETA=01:34.76 | GPU MB alloc/reserved=277.1/1898.0
2026-04-11 16:58:41 | INFO | [Round 20] epoch=31/80 loss=0.7073 acc=73.88 val_acc=nan data_t=0.0015s batch_t=0.0933s epoch_t=00:01.90 lr=0.000676 | GPU MB alloc/reserved=277.1/1898.0
2026-04-11 16:58:41 | INFO | [Round 20] Epoch 31/80 time=00:01.90 avg=00:01.90 ETA=01:32.87 | GPU MB alloc/reserved=277.1/1898.0
2026-04-11 16:58:43 | INFO | [Round 20] epoch=32/80 loss=0.6723 acc=76.36 val_acc=nan data_t=0.0014s batch_t=0.0928s epoch_t=00:01.88 lr=0.000658 | GPU MB alloc/reserved=277.1/1898.0
2026-04-11 16:58:43 | INFO | [Round 20] Epoch 32/80 time=00:01.88 avg=00:01.89 ETA=01:30.95 | GPU MB alloc/reserved=277.1/1898.0
2026-04-11 16:58:45 | INFO | [Round 20] epoch=33/80 loss=0.6198 acc=77.20 val_acc=nan data_t=0.0014s batch_t=0.0932s epoch_t=00:01.89 lr=0.000639 | GPU MB alloc/reserved=277.1/1898.0
2026-04-11 16:58:45 | INFO | [Round 20] Epoch 33/80 time=00:01.89 avg=00:01.89 ETA=01:29.05 | GPU MB alloc/reserved=277.1/1898.0
2026-04-11 16:58:47 | INFO | [Round 20] epoch=34/80 loss=0.5235 acc=80.76 val_acc=nan data_t=0.0014s batch_t=0.0928s epoch_t=00:01.89 lr=0.000621 | GPU MB alloc/reserved=277.1/1898.0
2026-04-11 16:58:47 | INFO | [Round 20] Epoch 34/80 time=00:01.89 avg=00:01.89 ETA=01:27.15 | GPU MB alloc/reserved=277.1/1898.0
2026-04-11 16:58:49 | INFO | [Round 20] epoch=35/80 loss=0.5013 acc=81.68 val_acc=nan data_t=0.0013s batch_t=0.0928s epoch_t=00:01.88 lr=0.000602 | GPU MB alloc/reserved=277.1/1898.0
2026-04-11 16:58:49 | INFO | [Round 20] Epoch 35/80 time=00:01.88 avg=00:01.89 ETA=01:25.24 | GPU MB alloc/reserved=277.1/1898.0
2026-04-11 16:58:50 | INFO | [Round 20] epoch=36/80 loss=0.4823 acc=82.20 val_acc=nan data_t=0.0016s batch_t=0.0912s epoch_t=00:01.86 lr=0.000582 | GPU MB alloc/reserved=277.1/1898.0
2026-04-11 16:58:50 | INFO | [Round 20] Epoch 36/80 time=00:01.86 avg=00:01.89 ETA=01:23.30 | GPU MB alloc/reserved=277.1/1898.0
2026-04-11 16:58:52 | INFO | [Round 20] epoch=37/80 loss=0.4525 acc=83.80 val_acc=nan data_t=0.0028s batch_t=0.0935s epoch_t=00:01.93 lr=0.000563 | GPU MB alloc/reserved=277.1/1898.0
2026-04-11 16:58:52 | INFO | [Round 20] Epoch 37/80 time=00:01.93 avg=00:01.89 ETA=01:21.44 | GPU MB alloc/reserved=277.1/1898.0
2026-04-11 16:58:54 | INFO | [Round 20] epoch=38/80 loss=0.4158 acc=84.96 val_acc=nan data_t=0.0023s batch_t=0.0930s epoch_t=00:01.91 lr=0.000544 | GPU MB alloc/reserved=277.1/1898.0
2026-04-11 16:58:54 | INFO | [Round 20] Epoch 38/80 time=00:01.91 avg=00:01.89 ETA=01:19.56 | GPU MB alloc/reserved=277.1/1898.0
2026-04-11 16:58:56 | INFO | [Round 20] epoch=39/80 loss=0.3861 acc=85.52 val_acc=nan data_t=0.0025s batch_t=0.0925s epoch_t=00:01.90 lr=0.000524 | GPU MB alloc/reserved=277.1/1898.0
2026-04-11 16:58:56 | INFO | [Round 20] Epoch 39/80 time=00:01.90 avg=00:01.89 ETA=01:17.67 | GPU MB alloc/reserved=277.1/1898.0
2026-04-11 16:58:58 | INFO | [Round 20] epoch=40/80 loss=0.3090 acc=89.28 val_acc=nan data_t=0.0020s batch_t=0.0921s epoch_t=00:01.88 lr=0.000505 | GPU MB alloc/reserved=277.1/1898.0
2026-04-11 16:58:58 | INFO | [Round 20] Epoch 40/80 time=00:01.88 avg=00:01.89 ETA=01:15.77 | GPU MB alloc/reserved=277.1/1898.0
2026-04-11 16:59:00 | INFO | [Round 20] epoch=41/80 loss=0.3017 acc=88.68 val_acc=nan data_t=0.0017s batch_t=0.0928s epoch_t=00:01.89 lr=0.000486 | GPU MB alloc/reserved=277.1/1898.0
2026-04-11 16:59:00 | INFO | [Round 20] Epoch 41/80 time=00:01.89 avg=00:01.89 ETA=01:13.87 | GPU MB alloc/reserved=277.1/1898.0
2026-04-11 16:59:02 | INFO | [Round 20] epoch=42/80 loss=0.2947 acc=89.40 val_acc=nan data_t=0.0015s batch_t=0.0928s epoch_t=00:01.89 lr=0.000466 | GPU MB alloc/reserved=277.1/1898.0
2026-04-11 16:59:02 | INFO | [Round 20] Epoch 42/80 time=00:01.89 avg=00:01.89 ETA=01:11.97 | GPU MB alloc/reserved=277.1/1898.0
2026-04-11 16:59:04 | INFO | [Round 20] epoch=43/80 loss=0.2784 acc=90.24 val_acc=nan data_t=0.0015s batch_t=0.0932s epoch_t=00:01.89 lr=0.000447 | GPU MB alloc/reserved=277.1/1898.0
2026-04-11 16:59:04 | INFO | [Round 20] Epoch 43/80 time=00:01.89 avg=00:01.89 ETA=01:10.07 | GPU MB alloc/reserved=277.1/1898.0
2026-04-11 16:59:06 | INFO | [Round 20] epoch=44/80 loss=0.2126 acc=92.88 val_acc=nan data_t=0.0013s batch_t=0.0931s epoch_t=00:01.89 lr=0.000428 | GPU MB alloc/reserved=277.1/1898.0
2026-04-11 16:59:06 | INFO | [Round 20] Epoch 44/80 time=00:01.89 avg=00:01.89 ETA=01:08.18 | GPU MB alloc/reserved=277.1/1898.0
2026-04-11 16:59:08 | INFO | [Round 20] epoch=45/80 loss=0.1737 acc=94.24 val_acc=nan data_t=0.0015s batch_t=0.0928s epoch_t=00:01.89 lr=0.000408 | GPU MB alloc/reserved=277.1/1898.0
2026-04-11 16:59:08 | INFO | [Round 20] Epoch 45/80 time=00:01.89 avg=00:01.89 ETA=01:06.28 | GPU MB alloc/reserved=277.1/1898.0
2026-04-11 16:59:09 | INFO | [Round 20] epoch=46/80 loss=0.1784 acc=93.76 val_acc=nan data_t=0.0014s batch_t=0.0929s epoch_t=00:01.89 lr=0.000389 | GPU MB alloc/reserved=277.1/1898.0
2026-04-11 16:59:09 | INFO | [Round 20] Epoch 46/80 time=00:01.89 avg=00:01.89 ETA=01:04.38 | GPU MB alloc/reserved=277.1/1898.0
2026-04-11 16:59:11 | INFO | [Round 20] epoch=47/80 loss=0.1599 acc=94.60 val_acc=nan data_t=0.0014s batch_t=0.0930s epoch_t=00:01.89 lr=0.000371 | GPU MB alloc/reserved=277.1/1898.0
2026-04-11 16:59:11 | INFO | [Round 20] Epoch 47/80 time=00:01.89 avg=00:01.89 ETA=01:02.48 | GPU MB alloc/reserved=277.1/1898.0
2026-04-11 16:59:13 | INFO | [Round 20] epoch=48/80 loss=0.1558 acc=94.72 val_acc=nan data_t=0.0020s batch_t=0.0921s epoch_t=00:01.88 lr=0.000352 | GPU MB alloc/reserved=277.1/1898.0
2026-04-11 16:59:13 | INFO | [Round 20] Epoch 48/80 time=00:01.88 avg=00:01.89 ETA=01:00.58 | GPU MB alloc/reserved=277.1/1898.0
2026-04-11 16:59:15 | INFO | [Round 20] epoch=49/80 loss=0.1351 acc=95.64 val_acc=nan data_t=0.0021s batch_t=0.0921s epoch_t=00:01.88 lr=0.000334 | GPU MB alloc/reserved=277.1/1898.0
2026-04-11 16:59:15 | INFO | [Round 20] Epoch 49/80 time=00:01.88 avg=00:01.89 ETA=00:58.68 | GPU MB alloc/reserved=277.1/1898.0
2026-04-11 16:59:17 | INFO | [Round 20] epoch=50/80 loss=0.1189 acc=96.36 val_acc=nan data_t=0.0017s batch_t=0.0923s epoch_t=00:01.88 lr=0.000316 | GPU MB alloc/reserved=277.1/1898.0
2026-04-11 16:59:17 | INFO | [Round 20] Epoch 50/80 time=00:01.88 avg=00:01.89 ETA=00:56.78 | GPU MB alloc/reserved=277.1/1898.0
2026-04-11 16:59:19 | INFO | [Round 20] epoch=51/80 loss=0.0978 acc=97.36 val_acc=nan data_t=0.0021s batch_t=0.0926s epoch_t=00:01.89 lr=0.000298 | GPU MB alloc/reserved=277.1/1898.0
2026-04-11 16:59:19 | INFO | [Round 20] Epoch 51/80 time=00:01.89 avg=00:01.89 ETA=00:54.89 | GPU MB alloc/reserved=277.1/1898.0
2026-04-11 16:59:21 | INFO | [Round 20] epoch=52/80 loss=0.0670 acc=98.44 val_acc=nan data_t=0.0016s batch_t=0.0928s epoch_t=00:01.89 lr=0.000280 | GPU MB alloc/reserved=277.1/1898.0
2026-04-11 16:59:21 | INFO | [Round 20] Epoch 52/80 time=00:01.89 avg=00:01.89 ETA=00:52.99 | GPU MB alloc/reserved=277.1/1898.0
2026-04-11 16:59:23 | INFO | [Round 20] epoch=53/80 loss=0.0541 acc=98.76 val_acc=nan data_t=0.0018s batch_t=0.0926s epoch_t=00:01.89 lr=0.000263 | GPU MB alloc/reserved=277.1/1898.0
2026-04-11 16:59:23 | INFO | [Round 20] Epoch 53/80 time=00:01.89 avg=00:01.89 ETA=00:51.10 | GPU MB alloc/reserved=277.1/1898.0
2026-04-11 16:59:25 | INFO | [Round 20] epoch=54/80 loss=0.0445 acc=99.16 val_acc=nan data_t=0.0018s batch_t=0.0921s epoch_t=00:01.88 lr=0.000246 | GPU MB alloc/reserved=277.1/1898.0
2026-04-11 16:59:25 | INFO | [Round 20] Epoch 54/80 time=00:01.88 avg=00:01.89 ETA=00:49.20 | GPU MB alloc/reserved=277.1/1898.0
2026-04-11 16:59:26 | INFO | [Round 20] epoch=55/80 loss=0.0449 acc=98.68 val_acc=nan data_t=0.0018s batch_t=0.0930s epoch_t=00:01.90 lr=0.000230 | GPU MB alloc/reserved=277.1/1898.0
2026-04-11 16:59:26 | INFO | [Round 20] Epoch 55/80 time=00:01.90 avg=00:01.89 ETA=00:47.31 | GPU MB alloc/reserved=277.1/1898.0
2026-04-11 16:59:28 | INFO | [Round 20] epoch=56/80 loss=0.0374 acc=99.24 val_acc=nan data_t=0.0018s batch_t=0.0917s epoch_t=00:01.87 lr=0.000214 | GPU MB alloc/reserved=277.1/1898.0
2026-04-11 16:59:28 | INFO | [Round 20] Epoch 56/80 time=00:01.87 avg=00:01.89 ETA=00:45.41 | GPU MB alloc/reserved=277.1/1898.0
2026-04-11 16:59:30 | INFO | [Round 20] epoch=57/80 loss=0.0310 acc=99.56 val_acc=nan data_t=0.0016s batch_t=0.0933s epoch_t=00:01.90 lr=0.000199 | GPU MB alloc/reserved=277.1/1898.0
2026-04-11 16:59:30 | INFO | [Round 20] Epoch 57/80 time=00:01.90 avg=00:01.89 ETA=00:43.52 | GPU MB alloc/reserved=277.1/1898.0
2026-04-11 16:59:32 | INFO | [Round 20] epoch=58/80 loss=0.0343 acc=99.24 val_acc=nan data_t=0.0025s batch_t=0.0928s epoch_t=00:01.91 lr=0.000184 | GPU MB alloc/reserved=277.1/1898.0
2026-04-11 16:59:32 | INFO | [Round 20] Epoch 58/80 time=00:01.91 avg=00:01.89 ETA=00:41.63 | GPU MB alloc/reserved=277.1/1898.0
2026-04-11 16:59:34 | INFO | [Round 20] epoch=59/80 loss=0.0247 acc=99.64 val_acc=nan data_t=0.0015s batch_t=0.0831s epoch_t=00:01.69 lr=0.000169 | GPU MB alloc/reserved=277.1/1898.0
2026-04-11 16:59:34 | INFO | [Round 20] Epoch 59/80 time=00:01.69 avg=00:01.89 ETA=00:39.67 | GPU MB alloc/reserved=277.1/1898.0
2026-04-11 16:59:36 | INFO | [Round 20] epoch=60/80 loss=0.0239 acc=99.68 val_acc=nan data_t=0.0014s batch_t=0.0978s epoch_t=00:01.98 lr=0.000155 | GPU MB alloc/reserved=277.1/1898.0
2026-04-11 16:59:36 | INFO | [Round 20] Epoch 60/80 time=00:01.98 avg=00:01.89 ETA=00:37.81 | GPU MB alloc/reserved=277.1/1898.0
2026-04-11 16:59:38 | INFO | [Round 20] epoch=61/80 loss=0.0197 acc=99.84 val_acc=nan data_t=0.0023s batch_t=0.0987s epoch_t=00:02.02 lr=0.000142 | GPU MB alloc/reserved=277.1/1898.0
2026-04-11 16:59:38 | INFO | [Round 20] Epoch 61/80 time=00:02.02 avg=00:01.89 ETA=00:35.96 | GPU MB alloc/reserved=277.1/1898.0
2026-04-11 16:59:40 | INFO | [Round 20] epoch=62/80 loss=0.0183 acc=99.84 val_acc=nan data_t=0.0016s batch_t=0.1016s epoch_t=00:02.06 lr=0.000129 | GPU MB alloc/reserved=277.1/1898.0
2026-04-11 16:59:40 | INFO | [Round 20] Epoch 62/80 time=00:02.06 avg=00:01.90 ETA=00:34.12 | GPU MB alloc/reserved=277.1/1898.0
2026-04-11 16:59:42 | INFO | [Round 20] epoch=63/80 loss=0.0159 acc=99.84 val_acc=nan data_t=0.0014s batch_t=0.1009s epoch_t=00:02.05 lr=0.000116 | GPU MB alloc/reserved=277.1/1898.0
2026-04-11 16:59:42 | INFO | [Round 20] Epoch 63/80 time=00:02.05 avg=00:01.90 ETA=00:32.26 | GPU MB alloc/reserved=277.1/1898.0
2026-04-11 16:59:44 | INFO | [Round 20] epoch=64/80 loss=0.0160 acc=99.68 val_acc=nan data_t=0.0022s batch_t=0.0762s epoch_t=00:01.57 lr=0.000105 | GPU MB alloc/reserved=277.1/1898.0
2026-04-11 16:59:44 | INFO | [Round 20] Epoch 64/80 time=00:01.57 avg=00:01.89 ETA=00:30.28 | GPU MB alloc/reserved=277.1/1898.0
2026-04-11 16:59:45 | INFO | [Round 20] epoch=65/80 loss=0.0139 acc=99.84 val_acc=nan data_t=0.0019s batch_t=0.0617s epoch_t=00:01.27 lr=0.000093 | GPU MB alloc/reserved=277.1/1898.0
2026-04-11 16:59:45 | INFO | [Round 20] Epoch 65/80 time=00:01.27 avg=00:01.88 ETA=00:28.25 | GPU MB alloc/reserved=277.1/1898.0
2026-04-11 16:59:46 | INFO | [Round 20] epoch=66/80 loss=0.0137 acc=99.88 val_acc=nan data_t=0.0014s batch_t=0.0625s epoch_t=00:01.28 lr=0.000083 | GPU MB alloc/reserved=277.1/1898.0
2026-04-11 16:59:46 | INFO | [Round 20] Epoch 66/80 time=00:01.28 avg=00:01.87 ETA=00:26.23 | GPU MB alloc/reserved=277.1/1898.0
2026-04-11 16:59:47 | INFO | [Round 20] epoch=67/80 loss=0.0139 acc=99.88 val_acc=nan data_t=0.0022s batch_t=0.0622s epoch_t=00:01.29 lr=0.000073 | GPU MB alloc/reserved=277.1/1898.0
2026-04-11 16:59:47 | INFO | [Round 20] Epoch 67/80 time=00:01.29 avg=00:01.87 ETA=00:24.25 | GPU MB alloc/reserved=277.1/1898.0
2026-04-11 16:59:49 | INFO | [Round 20] epoch=68/80 loss=0.0143 acc=99.88 val_acc=nan data_t=0.0021s batch_t=0.0617s epoch_t=00:01.28 lr=0.000064 | GPU MB alloc/reserved=277.1/1898.0
2026-04-11 16:59:49 | INFO | [Round 20] Epoch 68/80 time=00:01.28 avg=00:01.86 ETA=00:22.28 | GPU MB alloc/reserved=277.1/1898.0
2026-04-11 16:59:50 | INFO | [Round 20] epoch=69/80 loss=0.0119 acc=99.88 val_acc=nan data_t=0.0017s batch_t=0.0676s epoch_t=00:01.39 lr=0.000055 | GPU MB alloc/reserved=277.1/1898.0
2026-04-11 16:59:50 | INFO | [Round 20] Epoch 69/80 time=00:01.39 avg=00:01.85 ETA=00:20.35 | GPU MB alloc/reserved=277.1/1898.0
2026-04-11 16:59:52 | INFO | [Round 20] epoch=70/80 loss=0.0106 acc=99.96 val_acc=nan data_t=0.0015s batch_t=0.0869s epoch_t=00:01.77 lr=0.000048 | GPU MB alloc/reserved=277.1/1898.0
2026-04-11 16:59:52 | INFO | [Round 20] Epoch 70/80 time=00:01.77 avg=00:01.85 ETA=00:18.49 | GPU MB alloc/reserved=277.1/1898.0
2026-04-11 16:59:54 | INFO | [Round 20] epoch=71/80 loss=0.0109 acc=100.00 val_acc=nan data_t=0.0018s batch_t=0.0892s epoch_t=00:01.82 lr=0.000041 | GPU MB alloc/reserved=277.1/1898.0
2026-04-11 16:59:54 | INFO | [Round 20] Epoch 71/80 time=00:01.82 avg=00:01.85 ETA=00:16.63 | GPU MB alloc/reserved=277.1/1898.0
2026-04-11 16:59:55 | INFO | [Round 20] epoch=72/80 loss=0.0094 acc=99.96 val_acc=nan data_t=0.0015s batch_t=0.0873s epoch_t=00:01.78 lr=0.000034 | GPU MB alloc/reserved=277.1/1898.0
2026-04-11 16:59:55 | INFO | [Round 20] Epoch 72/80 time=00:01.78 avg=00:01.85 ETA=00:14.78 | GPU MB alloc/reserved=277.1/1898.0
2026-04-11 16:59:57 | INFO | [Round 20] epoch=73/80 loss=0.0097 acc=99.96 val_acc=nan data_t=0.0016s batch_t=0.0896s epoch_t=00:01.82 lr=0.000029 | GPU MB alloc/reserved=277.1/1898.0
2026-04-11 16:59:57 | INFO | [Round 20] Epoch 73/80 time=00:01.82 avg=00:01.85 ETA=00:12.93 | GPU MB alloc/reserved=277.1/1898.0
2026-04-11 16:59:59 | INFO | [Round 20] epoch=74/80 loss=0.0112 acc=99.92 val_acc=nan data_t=0.0015s batch_t=0.0792s epoch_t=00:01.61 lr=0.000024 | GPU MB alloc/reserved=277.1/1898.0
2026-04-11 16:59:59 | INFO | [Round 20] Epoch 74/80 time=00:01.61 avg=00:01.84 ETA=00:11.06 | GPU MB alloc/reserved=277.1/1898.0
2026-04-11 17:00:01 | INFO | [Round 20] epoch=75/80 loss=0.0090 acc=100.00 val_acc=nan data_t=0.0020s batch_t=0.0988s epoch_t=00:02.02 lr=0.000020 | GPU MB alloc/reserved=277.1/1898.0
2026-04-11 17:00:01 | INFO | [Round 20] Epoch 75/80 time=00:02.02 avg=00:01.85 ETA=00:09.23 | GPU MB alloc/reserved=277.1/1898.0
2026-04-11 17:00:03 | INFO | [Round 20] epoch=76/80 loss=0.0100 acc=99.92 val_acc=nan data_t=0.0022s batch_t=0.0960s epoch_t=00:01.97 lr=0.000016 | GPU MB alloc/reserved=277.1/1898.0
2026-04-11 17:00:03 | INFO | [Round 20] Epoch 76/80 time=00:01.97 avg=00:01.85 ETA=00:07.39 | GPU MB alloc/reserved=277.1/1898.0
2026-04-11 17:00:05 | INFO | [Round 20] epoch=77/80 loss=0.0088 acc=100.00 val_acc=nan data_t=0.0019s batch_t=0.0972s epoch_t=00:01.98 lr=0.000013 | GPU MB alloc/reserved=277.1/1898.0
2026-04-11 17:00:05 | INFO | [Round 20] Epoch 77/80 time=00:01.98 avg=00:01.85 ETA=00:05.55 | GPU MB alloc/reserved=277.1/1898.0
2026-04-11 17:00:07 | INFO | [Round 20] epoch=78/80 loss=0.0101 acc=99.92 val_acc=nan data_t=0.0026s batch_t=0.0975s epoch_t=00:02.00 lr=0.000012 | GPU MB alloc/reserved=277.1/1898.0
2026-04-11 17:00:07 | INFO | [Round 20] Epoch 78/80 time=00:02.00 avg=00:01.85 ETA=00:03.70 | GPU MB alloc/reserved=277.1/1898.0
2026-04-11 17:00:08 | INFO | [Round 20] epoch=79/80 loss=0.0159 acc=99.84 val_acc=nan data_t=0.0016s batch_t=0.0594s epoch_t=00:01.22 lr=0.000010 | GPU MB alloc/reserved=277.1/1898.0
2026-04-11 17:00:08 | INFO | [Round 20] Epoch 79/80 time=00:01.22 avg=00:01.84 ETA=00:01.84 | GPU MB alloc/reserved=277.1/1898.0
2026-04-11 17:00:09 | INFO | [Round 20] epoch=80/80 loss=0.0101 acc=99.96 val_acc=nan data_t=0.0015s batch_t=0.0561s epoch_t=00:01.15 lr=0.000010 | GPU MB alloc/reserved=277.1/1898.0
2026-04-11 17:00:09 | INFO | [Round 20] Epoch 80/80 time=00:01.15 avg=00:01.83 ETA=00:00.00 | GPU MB alloc/reserved=277.1/1898.0
2026-04-11 17:00:09 | INFO | [Round 20] training complete in 02:27.13 (best monitor=100.000) | GPU MB alloc/reserved=277.1/1898.0
2026-04-11 17:00:09 | INFO | [Round 20] evaluation started | GPU MB alloc/reserved=191.9/1898.0
2026-04-11 17:00:16 | INFO | [Round 20] clean=66.96 fgsm=55.27 pgd=54.90 grad_disp_mean=nan grad_disp_sel=nan round_t=156.04s | GPU MB alloc/reserved=191.9/1898.0
2026-04-11 17:00:16 | INFO | [Round 21/21] elapsed=02:36.04 avg_round=01:41.19 projected_remaining=00:00.00 | GPU MB alloc/reserved=191.9/1898.0
2026-04-11 17:00:16 | INFO | Method coreset finished in 2143.38s | GPU MB alloc/reserved=102.9/1898.0
