avg_batch_time_sec,avg_data_time_sec,epoch,epoch_time_sec,lr,round,train_acc,train_loss,val_acc
0.33024418994318694,0.04642982757650316,1,1.507000997895375,0.000999618372939158,0,12.39999988079071,2.49724986076355,-1.0
0.08360861794790253,0.01080793928122148,2,0.3780260880012065,0.0009984740801978985,0,22.599999833106995,2.125885004043579,-1.0
0.08763983176322654,0.009692219784483314,3,0.3896788109559566,0.0009965688861926887,0,32.199999713897704,1.8915180759429933,-1.0
0.08648630767129362,0.010275779583025724,4,0.38734113797545433,0.0009939057285945933,0,31.99999988079071,1.8081523303985596,-1.0
0.08580732793780044,0.013136308523826301,5,0.39606080506928265,0.0009904887137995992,0,34.400000143051145,1.7077590198516845,-1.0
0.08284134289715439,0.009691937128081918,6,0.3704069200903177,0.00098632311059685,0,36.99999964237213,1.6782348642349243,-1.0
0.06077254540286958,0.010648661118466407,7,0.28596110991202295,0.0009814153420445555,0,40.00000011920929,1.6553587770462037,-1.0
0.06663454347290099,0.006408648798242211,8,0.29241098603233695,0.0009757729755661012,0,45.4000002861023,1.4753843297958373,-1.0
0.07470532297156751,0.00891609932295978,9,0.33471905812621117,0.0009694047112816298,0,40.80000011920929,1.4757757511138916,-1.0
0.09838253847556189,0.009436481283046305,10,0.4315449020359665,0.0009623203685930871,0,47.19999978542328,1.3835465154647828,-1.0
0.0965634619933553,0.006726903549861163,11,0.4134422030765563,0.0009545308710434153,0,50.600000047683714,1.357896921157837,-1.0
0.09712001646403223,0.011441784037742764,12,0.43447836791165173,0.0009460482294732422,0,49.79999928474426,1.2720188989639283,-1.0
0.09999046282609925,0.010206770908553153,13,0.44107658602297306,0.0009368855235010348,0,55.19999978542328,1.2051510124206544,-1.0
0.09552189602982253,0.01018368621589616,14,0.42316025495529175,0.0009270568813552758,0,56.600000619888306,1.136073616027832,-1.0
0.10073854395886883,0.01410810201196,15,0.4597866840194911,0.0009165774580897602,0,62.400000190734865,1.0458689098358154,-1.0
0.09970895573496819,0.006919700012076646,16,0.4268384389579296,0.0009054634122155992,0,57.199999713897704,1.1479622707366943,-1.0
0.09798111394047737,0.0110632095602341,17,0.43647368787787855,0.0008937318807859689,0,62.99999971389771,0.9893886890411377,-1.0
0.09599392337258905,0.01215238933218643,18,0.43284461996518075,0.0008814009529720156,0,62.79999985694885,0.9281969046592713,-1.0
0.10004122596001253,0.010134207259397954,19,0.4409630650188774,0.0008684896421706646,0,62.80000042915344,1.0058905382156371,-1.0
0.09597217838745564,0.012964764086063951,20,0.4360198469366878,0.0008550178566873412,0,63.40000057220459,0.9340283279418945,-1.0
0.09514460305217654,0.01324406749336049,21,0.4338212020229548,0.0008410063690388064,0,68.59999961853028,0.8613791050910949,-1.0
0.09751561179291457,0.012961686472408473,22,0.4422096738126129,0.0008264767839234412,0,70.6,0.7981573076248168,-1.0
0.0966663034632802,0.012782270496245474,23,0.4380872850306332,0.000811451504908368,0,71.19999980926514,0.76583655834198,-1.0
0.09976826974889264,0.007464804279152304,24,0.4292417501565069,0.0007959536998847743,0,73.59999966621399,0.71017768907547,-1.0
0.1000894537428394,0.007685071497689933,25,0.43139087897725403,0.0007800072653447032,0,78.39999976158143,0.6138011603355408,-1.0
0.09762339753797278,0.008236325753387064,26,0.42371446499601007,0.0007636367895343947,0,76.39999952316285,0.6171465249061584,-1.0
0.10216189175844193,0.012687526002991945,27,0.4596816368866712,0.0007468675145409928,0,79.59999928474426,0.5216525588035583,-1.0
0.05794674373464659,0.011055730516090989,28,0.2762963061686605,0.0007297252973710758,0,80.19999952316284,0.5384416418075562,-1.0
0.05294029851211235,0.005800222221296281,29,0.23522934294305742,0.0007122365700810271,0,83.39999923706054,0.5086682152748108,-1.0
0.05369362671626732,0.005868452542927116,30,0.23853640910238028,0.0006944282990207196,0,80.99999995231629,0.5112914066314698,-1.0
0.058169031457509845,0.013087988831102848,31,0.2852737489156425,0.0006763279432533592,0,85.19999990463256,0.4233773503303528,-1.0
0.08084602799499407,0.011718563735485077,32,0.37048261403106153,0.0006579634122155992,0,86.999999666214,0.3624159300327301,-1.0
0.059586949239019305,0.014053340011741966,33,0.2948036100715399,0.000639363022683212,0,88.39999990463257,0.30527486562728884,-1.0
0.060272656788583845,0.010348781244829297,34,0.2827524410095066,0.0006205554551086735,0,92.3999993801117,0.2669353567361832,-1.0
0.06033066177042201,0.0061286864802241325,35,0.26618318096734583,0.0006015697093979838,0,92.60000004768372,0.22997375941276552,-1.0
0.058664854790549725,0.0062141421949490905,36,0.2600994931999594,0.0005824350601949146,0,94.19999938011169,0.20007418715953826,-1.0
0.059572962985839695,0.00954602804267779,37,0.27675013593398035,0.0005631810117416299,0,94.20000052452087,0.18003809869289397,-1.0
0.0737098059616983,0.012391029275022447,38,0.34468803694471717,0.0005438372523852835,0,94.6000002861023,0.17073350393772124,-1.0
0.07550788804655895,0.009334613685496151,39,0.33959701796993613,0.0005244336088007391,0,95.79999933242797,0.14319797384738922,-1.0
0.088652636972256,0.006179104733746499,40,0.37965247384272516,0.0005050000000000001,0,97.19999933242798,0.12656505286693573,-1.0
0.07220803323434666,0.00603286549448967,41,0.3132415011059493,0.0004855663911992613,0,97.19999957084656,0.11671496152877808,-1.0
0.0832425644621253,0.008216049813199788,42,0.36621059104800224,0.00046616274761471693,0,98.20000047683716,0.08748765629529953,-1.0
0.08492197107989341,0.006217892921995372,43,0.36483482900075614,0.00044681898825837057,0,97.99999957084655,0.08810468882322312,-1.0
0.0886439336463809,0.01316031435271725,44,0.4075082989875227,0.000427564939805086,0,98.00000047683716,0.06826823109388351,-1.0
0.08966323855565861,0.006159130192827433,45,0.3835755039472133,0.00040843029060201667,0,99.40000023841858,0.0555260953605175,-1.0
0.07839321746723726,0.006126991531345993,46,0.3384032391477376,0.000389444544891327,0,98.19999957084656,0.06411674100160598,-1.0
0.0833621282945387,0.012513590219896287,47,0.38378585898317397,0.0003706369773167883,0,99.4,0.04386993718147278,-1.0
0.08599436044460163,0.012377328588627279,48,0.39375022193416953,0.0003520365877844012,0,99.6,0.04295871889591217,-1.0
0.08216007420560345,0.01322950329631567,49,0.3817917800042778,0.0003336720567466412,0,99.6,0.040415656328201294,-1.0
0.0878643203759566,0.009678674337919801,50,0.3904131310991943,0.0003155717009792807,0,99.2,0.043986978501081464,-1.0
0.08980636805063114,0.015203476476017386,51,0.42030744906514883,0.00029776342991897335,0,99.8,0.030672828122973443,-1.0
0.08115234918659553,0.006026193266734481,52,0.34895067499019206,0.00028027470262892445,0,99.4,0.03510585890710354,-1.0
0.08374353230465204,0.013283631938975304,53,0.3883695078548044,0.0002631324854590073,0,99.4,0.02792332872748375,-1.0
0.0831159547669813,0.009499715990386903,54,0.3707115650177002,0.0002463632104656054,0,100.0,0.019616674967110156,-1.0
0.08620666351635009,0.00908655219245702,55,0.381403218023479,0.0002299927346552969,0,99.8,0.02080158694088459,-1.0
0.09016641502967104,0.005779388709925115,56,0.38402744103223085,0.00021404630011522587,0,99.8,0.018263897240161895,-1.0
0.0885868405457586,0.006429850705899298,57,0.380296700168401,0.00019854849509163232,0,99.8,0.020297832429409027,-1.0
0.059801117808092386,0.009662544936873019,58,0.278134010033682,0.00018352321607655918,0,100.0,0.012310160890221595,-1.0
0.07145601091906428,0.01243504008743912,59,0.3358721749391407,0.00016899363096119395,0,100.0,0.012163910202682019,-1.0
0.08712336205644533,0.006371152936480939,60,0.37430980801582336,0.000154982143312659,0,100.0,0.012966656520962716,-1.0
0.09858413226902485,0.009486163733527064,61,0.43253218894824386,0.0001415103578293356,0,99.8,0.015214226566255092,-1.0
0.10151236579986289,0.008759999996982515,62,0.441341350087896,0.0001285990470279847,0,100.0,0.008335647381842136,-1.0
0.10114891291595995,0.01231010555056855,63,0.4540874620433897,0.0001162681192140312,0,100.0,0.008522972084581852,-1.0
0.09680154820671305,0.009963065793272108,64,0.4273040140978992,0.00010453658778440107,0,100.0,0.009352258510887623,-1.0
0.0800851722015068,0.014005138247739524,65,0.37665500212460756,9.342254191024022e-05,0,100.0,0.010408296376466751,-1.0
0.09845444577513263,0.014616013271734118,66,0.4525709990411997,8.294311864472437e-05,0,100.0,0.010098458308726549,-1.0
0.10304927622200921,0.013043399318121374,67,0.46462374087423086,7.311447649896551e-05,0,100.0,0.009353448919951915,-1.0
0.09502542170230299,0.01302077277796343,68,0.432427761843428,6.395177052675794e-05,0,100.0,0.0077046132683753965,-1.0
0.10328838467830792,0.013162848073989153,69,0.46606406895443797,5.546912895658472e-05,0,100.0,0.009599574945867061,-1.0
0.10023871198063716,0.009513949742540717,70,0.4392568562179804,4.767963140691306e-05,0,100.0,0.0074513483084738255,-1.0
0.09676489821868017,0.00597012450452894,71,0.41117714578285813,4.059528871837034e-05,0,100.0,0.009711046189069749,-1.0
0.09466002904810011,0.014215428149327636,72,0.4357357700355351,3.4227024433899e-05,0,100.0,0.011032615125179291,-1.0
0.09449502429924905,0.01292522466974333,73,0.4299122819211334,2.8584657955444653e-05,0,100.0,0.010564316719770431,-1.0
0.09584135428303853,0.015196308260783553,74,0.44439580710604787,2.367688940315011e-05,0,100.0,0.008582357116043568,-1.0
0.1000087694847025,0.007160946785006672,75,0.4289522129110992,1.951128620040094e-05,0,100.0,0.006604692965745926,-1.0
0.09849864681018516,0.010143680963665247,76,0.43481395789422095,1.6094271405406862e-05,0,100.0,0.00782852530479431,-1.0
0.09719136275816709,0.013459249690640718,77,0.4428479978814721,1.3431113807311488e-05,0,100.0,0.0072782161757349965,-1.0
0.08450122002977878,0.014137744496110827,78,0.39478784520179033,1.1525919802101659e-05,0,100.0,0.006996733218431473,-1.0
0.050930173019878566,0.01637130422750488,79,0.26945538306608796,1.0381627060842164e-05,0,100.0,0.006924311202019453,-1.0
0.05534432572312653,0.008899799780920148,80,0.2572599269915372,1e-05,0,100.0,0.006819222934544087,-1.0
0.09327545920386911,0.03624265920370817,1,0.6479080270510167,0.000999618372939158,1,14.16666672627131,2.448394282658895,-1.0
0.084654061216861,0.008178602578118444,2,0.46459159115329385,0.0009984740801978985,1,27.333333293596905,2.0760123856862385,-1.0
0.08343206201680005,0.006937468610703945,3,0.4521104071754962,0.0009965688861926887,1,33.666666785875954,1.893132422765096,-1.0
0.07827674043364823,0.006855551758781076,4,0.42591390991583467,0.0009939057285945933,1,33.33333337306976,1.7881866391499837,-1.0
0.08307200055569411,0.008463383000344039,5,0.4579292871057987,0.0009904887137995992,1,37.1666667064031,1.7105576515197753,-1.0
0.0846542133949697,0.006384113430976867,6,0.45545393810607493,0.00098632311059685,1,39.83333349227905,1.6091101090113322,-1.0
0.07910994882695377,0.005015750741586089,7,0.4208865750115365,0.0009814153420445555,1,44.50000027815501,1.5630907615025837,-1.0
0.0809444900136441,0.011991518596187235,8,0.4649419670458883,0.0009757729755661012,1,44.166666785875954,1.546040031115214,-1.0
0.08462611357681453,0.010056017804890871,9,0.47368873399682343,0.0009694047112816298,1,45.00000003973643,1.4885468530654906,-1.0
0.08286434137262404,0.005975681263953448,10,0.4444382500369102,0.0009623203685930871,1,47.333333690961204,1.4381794198354085,-1.0
0.08094318839721382,0.008610575785860419,11,0.44803511002101004,0.0009545308710434153,1,50.16666702429453,1.3893875439961751,-1.0
0.08288507834076882,0.010002441657707094,12,0.46470283810049295,0.0009460482294732422,1,49.50000019868215,1.362491094271342,-1.0
0.08109871726483106,0.009330362360924483,13,0.4524102550931275,0.0009368855235010348,1,48.50000003973643,1.3036599683761596,-1.0
0.08276607813313604,0.008044693851843476,14,0.4542868579737842,0.0009270568813552758,1,53.49999984105428,1.2610761006673177,-1.0
0.08132795528508723,0.011070499708876014,15,0.46226841816678643,0.0009165774580897602,1,56.333333333333336,1.165512178738912,-1.0
0.07908955439925194,0.010448686219751835,16,0.4479682589881122,0.0009054634122155992,1,58.0,1.0996136951446533,-1.0
0.08025481887161731,0.008236559154465795,17,0.4427017569541931,0.0008937318807859689,1,61.49999992052714,1.002883472442627,-1.0
0.08230539760552347,0.008236555196344853,18,0.4529859779868275,0.0008814009529720156,1,58.50000023841858,1.0825475804011027,-1.0
0.0842382078524679,0.0075420747511088845,19,0.4592304159887135,0.0008684896421706646,1,60.50000007947286,1.0450506019592285,-1.0
0.06394358901306987,0.008492418751120567,20,0.3624257470946759,0.0008550178566873412,1,63.333333810170494,0.9839548349380494,-1.0
0.07748455121181905,0.008020369149744511,21,0.427756919991225,0.0008410063690388064,1,65.66666682561238,0.9552032256126404,-1.0
0.08956088866107166,0.008645393745973706,22,0.4912920230999589,0.0008264767839234412,1,68.00000055631001,0.861210683186849,-1.0
0.09482098557054996,0.005512180225923658,23,0.5019231541082263,0.000811451504908368,1,72.16666690508525,0.7402721254030863,-1.0
0.09653474520891905,0.0054473837837576864,24,0.5101620110217482,0.0007959536998847743,1,73.8333334128062,0.6864835238456726,-1.0
0.09472434241324663,0.01012926958501339,25,0.5245117761660367,0.0007800072653447032,1,76.66666714350383,0.6655217480659484,-1.0
0.08819207944907248,0.005044405534863472,26,0.46642293501645327,0.0007636367895343947,1,76.50000031789143,0.6327628167470296,-1.0
0.0941155104432255,0.004858338180929423,27,0.4951251170132309,0.0007468675145409928,1,78.00000023841858,0.5998360101381938,-1.0
0.09663225961849094,0.005159844364970923,28,0.5091963340528309,0.0007297252973710758,1,80.83333357175191,0.5702873388926188,-1.0
0.09744978859089315,0.011691643018275499,29,0.5459442930296063,0.0007122365700810271,1,83.0000003973643,0.5118715445200602,-1.0
0.09729605414904655,0.008368321042507888,30,0.5286157049704343,0.0006944282990207196,1,83.00000015894572,0.5101069553693136,-1.0
0.09501039292663335,0.009842273639515042,31,0.5245599769987166,0.0006763279432533592,1,82.16666690508525,0.48038608630498253,-1.0
0.09738756944425404,0.004970192164182663,32,0.5120918820612133,0.0006579634122155992,1,85.33333381017049,0.41745001872380577,-1.0
0.09573789746500552,0.010592717910185456,33,0.5319737871177495,0.000639363022683212,1,89.5000003973643,0.3270939743518829,-1.0
0.09648498697206379,0.005224167043343187,34,0.5088696538005024,0.0006205554551086735,1,90.66666666666667,0.32221188068389894,-1.0
0.09688974535092712,0.004661277448758483,35,0.5080342721194029,0.0006015697093979838,1,89.50000023841858,0.31870552817980446,-1.0
0.09292980716563762,0.0049631376285105945,36,0.48976272088475525,0.0005824350601949146,1,90.16666666666667,0.2803156487147013,-1.0
0.08516543959267438,0.007528193620964884,37,0.46376072498969734,0.0005631810117416299,1,91.50000055631001,0.2548861749966939,-1.0
0.0520471369381994,0.009577819285914302,38,0.30843188101425767,0.0005438372523852835,1,94.16666674613953,0.193170152703921,-1.0
0.05208285842090845,0.010226605553179979,39,0.3118470290210098,0.0005244336088007391,1,95.50000007947285,0.15635319391886393,-1.0
0.055354415392503145,0.00827790698967874,40,0.3184389779344201,0.0005050000000000001,1,95.00000079472859,0.14851060926914214,-1.0
0.09195477785542608,0.005042568780481815,41,0.48521943110972643,0.0004855663911992613,1,95.5000003973643,0.13879317065080007,-1.0
0.05335191856138408,0.013178040226921438,42,0.3329275099094957,0.00046616274761471693,1,97.8333334128062,0.1050589507818222,-1.0
0.0570453071501106,0.00706032644957304,43,0.32081035105511546,0.00044681898825837057,1,97.33333365122478,0.10793656766414643,-1.0
0.053657578164711596,0.009417138621211052,44,0.3156597421038896,0.000427564939805086,1,97.33333381017049,0.10672106216351192,-1.0
0.06078554838895798,0.00811789920553565,45,0.344783155946061,0.00040843029060201667,1,97.83333396911621,0.08690207223097483,-1.0
0.0811918911524117,0.010951892053708435,46,0.46099231485277414,0.000389444544891327,1,97.83333349227905,0.0822093591094017,-1.0
0.09329709764569998,0.009492104593664407,47,0.5142907879780978,0.0003706369773167883,1,98.50000015894572,0.06652473598718643,-1.0
0.08036549063399434,0.006686842581257224,48,0.4355103480629623,0.0003520365877844012,1,97.50000047683716,0.08814856578906377,-1.0
0.08262253240682185,0.008567072777077555,49,0.45622229715809226,0.0003336720567466412,1,98.33333396911621,0.062358614603678385,-1.0
0.08671383983455598,0.006484064785763621,50,0.46623102598823607,0.0003155717009792807,1,98.6666669845581,0.06597688307364781,-1.0
0.08330736900679767,0.005131994606927037,51,0.4424405738245696,0.00029776342991897335,1,99.00000047683716,0.05331269472837448,-1.0
0.08269524988718331,0.0058670823462307455,52,0.44305153004825115,0.00028027470262892445,1,99.0,0.04861757722993692,-1.0
0.08948399904184043,0.004862468922510743,53,0.47196944593451917,0.0002631324854590073,1,99.33333349227905,0.03647445763150851,-1.0
0.08393014422617853,0.009714878583326935,54,0.46845648996531963,0.0002463632104656054,1,99.33333349227905,0.03030446469783783,-1.0
0.08399325679056346,0.007858414389193057,55,0.45954671897925436,0.0002299927346552969,1,99.5,0.03021319384376208,-1.0
0.08227877924218774,0.0051815973594784735,56,0.43759058509022,0.00021404630011522587,1,99.83333333333333,0.02133549245695273,-1.0
0.08438223982229828,0.005111107369884849,57,0.44776299013756216,0.00019854849509163232,1,99.6666669845581,0.02408724546432495,-1.0
0.08212380940094591,0.005132385203614831,58,0.43657696689479053,0.00018352321607655918,1,99.66666666666667,0.01882528735945622,-1.0
0.08484995430335403,0.010682396683841943,59,0.4779438271652907,0.00016899363096119395,1,99.50000015894572,0.02603677622973919,-1.0
0.08945311699062586,0.009831322822719812,60,0.49670891906134784,0.000154982143312659,1,99.50000047683716,0.021542069613933564,-1.0
0.08281204882077872,0.01166952159255743,61,0.4726982358843088,0.0001415103578293356,1,100.0,0.014000642299652099,-1.0
0.08454361958429217,0.007469519833102822,62,0.46035205596126616,0.0001285990470279847,1,99.33333333333333,0.02512861115237077,-1.0
0.08188196695409715,0.010580387245863677,63,0.46260728407651186,0.0001162681192140312,1,99.66666666666667,0.0164655938744545,-1.0
0.05795780061744153,0.012507675820961595,64,0.352627090876922,0.00010453658778440107,1,100.0,0.013420058861374855,-1.0
0.08355382420122623,0.00807561781257391,65,0.45843715500086546,9.342254191024022e-05,1,100.0,0.012422235732277234,-1.0
0.09533662982285022,0.005487313168123365,66,0.50441420590505,8.294311864472437e-05,1,99.66666666666667,0.014541191098590691,-1.0
0.09704959644004703,0.007153912959620356,67,0.5212669910397381,7.311447649896551e-05,1,100.0,0.008732374496757985,-1.0
0.09668011898174882,0.004911169828847051,68,0.5082028128672391,6.395177052675794e-05,1,99.83333349227905,0.015093056137363116,-1.0
0.09606910957954824,0.005037214420735836,69,0.5057889050804079,5.546912895658472e-05,1,100.0,0.011381699480116367,-1.0
0.07454412444494665,0.004873906169086695,70,0.3973501520231366,4.767963140691306e-05,1,99.83333333333333,0.010496812456597884,-1.0
0.0932763199787587,0.005016838200390339,71,0.4917267421260476,4.059528871837034e-05,1,100.0,0.011550205685198307,-1.0
0.09538918458856642,0.010068249981850385,72,0.5275566768832505,3.4227024433899e-05,1,100.0,0.009198592267930508,-1.0
0.09644723795354367,0.009927515033632517,73,0.5321292278822511,2.8584657955444653e-05,1,100.0,0.009866329965492089,-1.0
0.09955137777142227,0.004956728033721447,74,0.5227934489957988,2.367688940315011e-05,1,100.0,0.010146286624173323,-1.0
0.0959256439935416,0.005217419005930424,75,0.5059918388724327,1.951128620040094e-05,1,100.0,0.00895967377970616,-1.0
0.08331050351262093,0.006394624663516879,76,0.4487858519423753,1.6094271405406862e-05,1,100.0,0.010823032731811205,-1.0
0.0970481245778501,0.008898206613957882,77,0.5300014798995107,1.3431113807311488e-05,1,100.0,0.009998678515354792,-1.0
0.09402756625786424,0.011417938349768519,78,0.527469355147332,1.1525919802101659e-05,1,99.83333333333333,0.010171449134747186,-1.0
0.10022754459641874,0.0076306034345179794,79,0.5395458519924432,1.0381627060842164e-05,1,100.0,0.007565024066716433,-1.0
0.0976393083576113,0.004767959052696824,80,0.5123030869290233,1e-05,1,100.0,0.00958826654901107,-1.0
0.09640032995957881,0.031268585046442844,1,0.7663526388350874,0.000999618372939158,2,15.285714319774083,2.472354828970773,-1.0
0.08271078664499025,0.004806803539395332,2,0.525481624994427,0.0009984740801978985,2,24.285714430468424,2.0761275781903947,-1.0
0.08326550324757893,0.006513113738037646,3,0.5389863329473883,0.0009965688861926887,2,27.714285833495005,1.9566357374191283,-1.0
0.0779239534555624,0.008898052697380384,4,0.5212198391091079,0.0009939057285945933,2,32.14285724503653,1.8109418623788016,-1.0
0.08013592664307605,0.008048769862701496,5,0.529394217999652,0.0009904887137995992,2,36.000000204358784,1.765917101587568,-1.0
0.08010789783050616,0.009485309516700605,6,0.5378985430579633,0.00098632311059685,2,34.57142874172756,1.7420468602861676,-1.0
0.059310192513900496,0.008688348500678936,7,0.40833548200316727,0.0009814153420445555,2,37.42857159887041,1.6721703256879534,-1.0
0.07551863180318226,0.006219592527486384,8,0.4907243880443275,0.0009757729755661012,2,39.85714299338205,1.6089659724916732,-1.0
0.07637527270708233,0.008772838472699126,9,0.5111831070389599,0.0009694047112816298,2,40.14285729612623,1.5844773633139475,-1.0
0.08132142794784158,0.008616210543550551,10,0.539910847088322,0.0009623203685930871,2,41.7142858845847,1.5173047760554723,-1.0
0.07744271059830983,0.006575522051813702,11,0.5043893158435822,0.0009545308710434153,2,44.285714456013274,1.4820296396527972,-1.0
0.08406053099315614,0.009194907848723233,12,0.559813693864271,0.0009460482294732422,2,47.42857163293021,1.4058598552431378,-1.0
0.07983847598855694,0.003996346844360232,13,0.5033019760157913,0.0009368855235010348,2,50.4285717180797,1.3412505258832659,-1.0
0.07956462023624529,0.008723953738808632,14,0.5300122140906751,0.0009270568813552758,2,50.000000153269085,1.3175767053876604,-1.0
0.08176719467155635,0.006324792824064692,15,0.5288428501226008,0.0009165774580897602,2,51.7142858675548,1.2823726102284023,-1.0
0.0827436475471283,0.008903824763062099,16,0.5501787951216102,0.0009054634122155992,2,52.00000034059797,1.3024599811008999,-1.0
0.10009167494717985,0.008674721349962056,17,0.6528389090672135,0.0008937318807859689,2,54.14285751751491,1.2082191862378802,-1.0
0.08167972881346941,0.008427220008646449,18,0.5408886729273945,0.0008814009529720156,2,55.142857619694304,1.1719706746510097,-1.0
0.07975957577582449,0.008625863236375153,19,0.5306023589801043,0.0008684896421706646,2,60.142857619694304,1.0911237982341222,-1.0
0.07592504448257387,0.0063845526504640775,20,0.49415740207768977,0.0008550178566873412,2,58.57142877578735,1.069083139555795,-1.0
0.07116412018270542,0.008340328310926756,21,0.477343165082857,0.0008410063690388064,2,62.00000044277736,1.0112026500701905,-1.0
0.07909918933485945,0.008421827495718995,22,0.5254287351854146,0.0008264767839234412,2,63.57142877578735,1.0114320046561105,-1.0
0.07601471703189115,0.009554029131929079,23,0.5137144001200795,0.000811451504908368,2,66.71428625924247,0.9005568255696977,-1.0
0.08367374112519126,0.009599832895522317,24,0.5599450189620256,0.0007959536998847743,2,69.7142858845847,0.8339435420717511,-1.0
0.07697888366722812,0.006822804338298738,25,0.5031079039908946,0.0007800072653447032,2,70.4285717010498,0.8012889085497175,-1.0
0.08006826667891194,0.005507000799601276,26,0.5137739691417664,0.0007636367895343947,2,72.8571434702192,0.7328866597584316,-1.0
0.07684306683950126,0.005240321314583222,27,0.49281703284941614,0.0007468675145409928,2,69.71428625924247,0.8052179833820888,-1.0
0.06643442200341572,0.006405976484529674,28,0.4372773729264736,0.0007297252973710758,2,74.85714323180062,0.6927120525496346,-1.0
0.09050659086400022,0.008457400642024973,29,0.5940267129335552,0.0007122365700810271,2,76.71428608894348,0.6639987628800529,-1.0
0.09546379434565704,0.008466404513455927,30,0.6238717588130385,0.0006944282990207196,2,79.71428612300328,0.5542009694235666,-1.0
0.09608313262773056,0.005886917041304211,31,0.6121179140172899,0.0006763279432533592,2,78.4285717351096,0.5584269530432565,-1.0
0.08939314544356118,0.005687483198319872,32,0.5707781941164285,0.0006579634122155992,2,80.00000023841858,0.5559054943493434,-1.0
0.09443253938419123,0.005988959649888177,33,0.6028277820441872,0.000639363022683212,2,84.00000044277736,0.47639155762536184,-1.0
0.09410323233654101,0.0056597581909348564,34,0.5988134969957173,0.0006205554551086735,2,81.71428608894348,0.47678200926099507,-1.0
0.09258974219361941,0.005196878143275778,35,0.5869605639018118,0.0006015697093979838,2,85.57142901420593,0.42722921013832094,-1.0
0.0933251930012678,0.005452736319663624,36,0.5929099989589304,0.0005824350601949146,2,86.71428619112287,0.35928964938436236,-1.0
0.09233638155274093,0.0062681112516050535,37,0.5918800360523164,0.0005631810117416299,2,90.00000017029899,0.29970454113824024,-1.0
0.09206342867886026,0.004426862501228849,38,0.5792086769361049,0.0005438372523852835,2,89.71428591864449,0.3210704413482121,-1.0
0.09093199670314789,0.006761650942886869,39,0.5864095580764115,0.0005244336088007391,2,91.57142891202655,0.24109726003238133,-1.0
0.09199902911980946,0.00432041105038176,40,0.5781561399344355,0.0005050000000000001,2,91.00000034059796,0.27555384312357223,-1.0
0.09235022818514456,0.0071737323111544056,41,0.5974451550282538,0.0004855663911992613,2,92.57142898014614,0.23952122730868203,-1.0
0.07535037448784958,0.004103795004387696,42,0.4770119679160416,0.00046616274761471693,2,94.00000017029899,0.20377910341535296,-1.0
0.05748768616467714,0.009144894351872304,43,0.4001059979200363,0.00044681898825837057,2,93.1428576878139,0.21495125319276537,-1.0
0.05767080246005207,0.007128205227976044,44,0.3890857130754739,0.000427564939805086,2,95.4285717010498,0.1776210253579276,-1.0
0.08009220574361582,0.004208156101716061,45,0.5060506740119308,0.00040843029060201667,2,95.7142858845847,0.13272929464067731,-1.0
0.06065527147923907,0.00482897487624238,46,0.39313995908014476,0.000389444544891327,2,96.00000030653817,0.1409680859531675,-1.0
0.05827841601179292,0.004186356983458002,47,0.37506394111551344,0.0003706369773167883,2,96.42857159887042,0.13158452561923437,-1.0
0.05830480561902126,0.004623944405466318,48,0.37782906484790146,0.0003520365877844012,2,96.85714340209961,0.12713231929710933,-1.0
0.07363337984619041,0.008296007329287628,49,0.491815049899742,0.0003336720567466412,2,97.857143504279,0.08998079040220805,-1.0
0.06978154768391202,0.004041359682256977,50,0.44317262596450746,0.0003155717009792807,2,97.28571469443185,0.10449132297720228,-1.0
0.08304095795998971,0.006388794009884198,51,0.5368314108345658,0.00029776342991897335,2,98.42857142857143,0.08048428067139217,-1.0
0.07863959530368447,0.004564390207330386,52,0.49947130400687456,0.00028027470262892445,2,98.71428571428571,0.062159802743366785,-1.0
0.07790840805197756,0.006823099761580427,53,0.5089938940946013,0.0002631324854590073,2,99.71428636142186,0.0444077860883304,-1.0
0.07967893631818394,0.007922677672468126,54,0.5258457080926746,0.0002463632104656054,2,99.28571455819267,0.042215564165796554,-1.0
0.08048107168481995,0.0048250773300727206,55,0.5120863288175315,0.0002299927346552969,2,99.28571428571429,0.040249873208148136,-1.0
0.08515117348482211,0.0065506983470792575,56,0.5505137841682881,0.00021404630011522587,2,99.57142921856472,0.037568020352295464,-1.0
0.08318517900382479,0.009453708655200899,57,0.5560647330712527,0.00019854849509163232,2,99.14285714285714,0.04763349974794047,-1.0
0.0781613568154474,0.004166667543662091,58,0.4942022270988673,0.00018352321607655918,2,99.57142857142857,0.036738521307706835,-1.0
0.08193993948710461,0.008844852835560838,59,0.544960421975702,0.00016899363096119395,2,99.71428571428571,0.025963691749743053,-1.0
0.07885145283459376,0.009835177178805074,60,0.5323608401231468,0.000154982143312659,2,99.57142921856472,0.02224757758634431,-1.0
0.0819321343054374,0.006604298832826316,61,0.5314641068689525,0.0001415103578293356,2,99.71428571428571,0.02186172053217888,-1.0
0.08035853978556891,0.004091611520076792,62,0.5069639319553971,0.0001285990470279847,2,99.7142859867641,0.02551709085702896,-1.0
0.08581443903191636,0.005158535476463537,63,0.5461618730332702,0.0001162681192140312,2,100.0,0.019132813002382006,-1.0
0.08168213500175625,0.004288159155597289,64,0.5161193511448801,0.00010453658778440107,2,99.71428636142186,0.01924803608230182,-1.0
0.07676916227986415,0.0088861717376858,65,0.5141754888463765,9.342254191024022e-05,2,100.0,0.016910030735390526,-1.0
0.0754879272620504,0.007985834226322671,66,0.5010840999893844,8.294311864472437e-05,2,99.71428571428571,0.018977190660578864,-1.0
0.0642806040123105,0.010253051645122468,67,0.4474329201038927,7.311447649896551e-05,2,100.0,0.016601243796093124,-1.0
0.070606831034335,0.005871402138533692,68,0.45911456597968936,6.395177052675794e-05,2,100.0,0.016584327135767254,-1.0
0.0884915371813501,0.0052153393238162,69,0.5625430410727859,5.546912895658472e-05,2,99.85714285714286,0.013464992344379425,-1.0
0.09627498946307848,0.00741041354679813,70,0.6224564949516207,4.767963140691306e-05,2,100.0,0.01451159007847309,-1.0
0.09394781733863056,0.006042616519456108,71,0.6001882019918412,4.059528871837034e-05,2,99.857143504279,0.014665825750146593,-1.0
0.08623228319144498,0.008528386475518346,72,0.5688656920101494,3.4227024433899e-05,2,100.0,0.015073343855994088,-1.0
0.09283177054021508,0.00659992181075116,73,0.5968841048888862,2.8584657955444653e-05,2,100.0,0.013461932971009186,-1.0
0.09385680166694026,0.010001308672750989,74,0.6234492131043226,2.367688940315011e-05,2,99.85714285714286,0.014516821051282542,-1.0
0.0910664601251483,0.004192241855586569,75,0.571853764122352,1.951128620040094e-05,2,99.85714285714286,0.01620365768671036,-1.0
0.09407567438514282,0.006485655127714078,76,0.6036219678353518,1.6094271405406862e-05,2,99.85714285714286,0.014846380097525461,-1.0
0.09546599936826776,0.00685055631523331,77,0.6141569998580962,1.3431113807311488e-05,2,100.0,0.011915560811758041,-1.0
0.09718386568905164,0.004085850475045542,78,0.6079056889284402,1.1525919802101659e-05,2,100.0,0.010851885404969964,-1.0
0.09443863834409665,0.007503794312166671,79,0.6119107520207763,1.0381627060842164e-05,2,100.0,0.012890934614198548,-1.0
0.09332684031687677,0.004820428672246635,80,0.5891370440367609,1e-05,2,100.0,0.011047067631568227,-1.0
0.08846595228117492,0.027008994848334363,1,0.8086224880535156,0.000999618372939158,3,16.625,2.384613800048828,-1.0
0.08085498257007982,0.004484096275908607,2,0.5976612239610404,0.0009984740801978985,3,23.625,2.2124594116210936,-1.0
0.08018089242146484,0.004361533559858799,3,0.5920909740962088,0.0009965688861926887,3,25.375,2.0106407165527345,-1.0
0.08069433631109339,0.005447505973279476,4,0.6033149298746139,0.0009939057285945933,3,30.375,1.8903631591796874,-1.0
0.08415515517948993,0.0067307578200208286,5,0.6364330290816724,0.0009904887137995992,3,30.875,1.8207598876953126,-1.0
0.08119679714686104,0.008090999409822481,6,0.6252571300137788,0.00098632311059685,3,34.5,1.7330658721923828,-1.0
0.08171766068387244,0.0053951718644904235,7,0.6100294168572873,0.0009814153420445555,3,36.75,1.7001528930664063,-1.0
0.08040208585693367,0.003953281989587205,8,0.5907898300793022,0.0009757729755661012,3,40.625,1.6141153717041015,-1.0
0.08409368296686028,0.004528686171397567,9,0.6206557429395616,0.0009694047112816298,3,39.75,1.5874943161010742,-1.0
0.07946246745996177,0.0037717175270829883,10,0.582930862903595,0.0009623203685930871,3,40.5,1.6010021209716796,-1.0
0.08237980552283782,0.007255382636295897,11,0.6277359121013433,0.0009545308710434153,3,41.25,1.5808069610595703,-1.0
0.08030118337566299,0.007345831354281732,12,0.6138345319777727,0.0009460482294732422,3,42.625,1.5596435356140137,-1.0
0.08057577841516052,0.004023043605099831,13,0.5924687897786498,0.0009368855235010348,3,43.75,1.509013671875,-1.0
0.0820469087921083,0.004901335774255651,14,0.6089188940823078,0.0009270568813552758,3,41.625,1.5250564575195313,-1.0
0.08158324529150766,0.004017289129218885,15,0.5994849638082087,0.0009165774580897602,3,47.25,1.4184022521972657,-1.0
0.08473174530081451,0.004425095859915018,16,0.6243750229477882,0.0009054634122155992,3,48.375,1.3630359268188477,-1.0
0.08405120128632657,0.0037391971397612777,17,0.6149033450055867,0.0008937318807859689,3,51.0,1.3036043739318848,-1.0
0.08298153144174389,0.005229558695905975,18,0.6178373410366476,0.0008814009529720156,3,49.75,1.3557372665405274,-1.0
0.08497261013170439,0.005074269437630262,19,0.6306158788502216,0.0008684896421706646,3,53.125,1.2774787139892578,-1.0
0.0848423186357,0.004089480199451957,20,0.6227590371854603,0.0008550178566873412,3,54.875,1.2250359916687013,-1.0
0.08516102380651448,0.00383491105666118,21,0.623259156011045,0.0008410063690388064,3,56.625,1.2136160469055175,-1.0
0.08536771515251271,0.005771795853174159,22,0.6383112189359963,0.0008264767839234412,3,58.125,1.1068573760986329,-1.0
0.08462954894639552,0.007351050752082041,23,0.6440931109245867,0.000811451504908368,3,61.0,1.1252542686462403,-1.0
0.08474136423319578,0.006249955057033471,24,0.6371631410438567,0.0007959536998847743,3,61.25,1.0648161697387695,-1.0
0.0851529578877879,0.004578158259391785,25,0.6284219790250063,0.0007800072653447032,3,60.125,1.024901876449585,-1.0
0.08646715984546713,0.0057198272884956426,26,0.6455939190927893,0.0007636367895343947,3,62.625,0.9922782373428345,-1.0
0.08679627074993082,0.008416847824784262,27,0.6668836488388479,0.0007468675145409928,3,64.375,0.9237083148956299,-1.0
0.08494075214756387,0.0040155994107148475,28,0.6229489429388195,0.0007297252973710758,3,66.5,0.9329594898223877,-1.0
0.08341145698380258,0.005145576150555696,29,0.6201330928597599,0.0007122365700810271,3,68.625,0.8651165866851807,-1.0
0.08501354245735067,0.003487982554361224,30,0.6197535598184913,0.0006944282990207196,3,69.375,0.8170442581176758,-1.0
0.08779643569141626,0.004027653285967452,31,0.6430270611308515,0.0006763279432533592,3,70.5,0.8125902080535888,-1.0
0.08256792889109679,0.008325660967135004,32,0.6364927659742534,0.0006579634122155992,3,69.25,0.8155832862854004,-1.0
0.08383043758970286,0.004465380417449134,33,0.6183037159498781,0.000639363022683212,3,76.625,0.6609628963470459,-1.0
0.08434413310273417,0.003974734905308911,34,0.6184657579287887,0.0006205554551086735,3,72.5,0.7205302238464355,-1.0
0.07454334645132933,0.00599235954827496,35,0.5639817400369793,0.0006015697093979838,3,74.25,0.6637038326263428,-1.0
0.09522880500714694,0.0060532135622841975,36,0.7092275901231915,0.0005824350601949146,3,76.875,0.6216724252700806,-1.0
0.09603020202900682,0.004198850564924734,37,0.7018866431899369,0.0005631810117416299,3,78.75,0.5418403577804566,-1.0
0.0950282831077597,0.004556487181356975,38,0.6973802330903709,0.0005438372523852835,3,81.125,0.5088678693771362,-1.0
0.09044736427521068,0.005768566026485392,39,0.6737934059929103,0.0005244336088007391,3,83.875,0.46445334911346436,-1.0
0.09413747429581625,0.004852403154862779,40,0.6932275709696114,0.0005050000000000001,3,85.25,0.4093848979473114,-1.0
0.09544740843453578,0.0041500725450792485,41,0.6975065739825368,0.0004855663911992613,3,88.125,0.377030131816864,-1.0
0.09335063644019621,0.0050137808346854785,42,0.6887869851198047,0.00046616274761471693,3,88.125,0.3442384135723114,-1.0
0.09596438955382577,0.005549920756103737,43,0.7108619150239974,0.00044681898825837057,3,88.125,0.3416168665885925,-1.0
0.09489413227752916,0.005429648295310991,44,0.7025183020159602,0.000427564939805086,3,88.75,0.33187744617462156,-1.0
0.09643078236175436,0.004284916345828346,45,0.7052586539648473,0.00040843029060201667,3,88.375,0.33398358821868895,-1.0
0.09549168191318001,0.004877792105876974,46,0.702836412936449,0.000389444544891327,3,89.375,0.31387381911277773,-1.0
0.06855121015438012,0.004929668868758849,47,0.5145994829945266,0.0003706369773167883,3,90.25,0.2530436146259308,-1.0
0.05816685757599771,0.004022493692381042,48,0.43558150297030807,0.0003520365877844012,3,93.0,0.23340325355529784,-1.0
0.06458730669692159,0.005920747461329613,49,0.4937890679575503,0.0003336720567466412,3,90.25,0.2762775981426239,-1.0
0.07372293877415359,0.0044055219540106395,50,0.5471664348151535,0.0003155717009792807,3,93.625,0.2116791582107544,-1.0
0.05761242055866335,0.005561954009213618,51,0.44245475297793746,0.00029776342991897335,3,94.25,0.19228029489517212,-1.0
0.07505159083354686,0.003793348026062761,52,0.5521700871177018,0.00028027470262892445,3,94.5,0.17499953985214234,-1.0
0.07609200324597103,0.00581927048707647,53,0.5736606188584119,0.0002631324854590073,3,94.75,0.17550087809562684,-1.0
0.081312240866412,0.007772862977747407,54,0.6238291671033949,0.0002463632104656054,3,95.375,0.16790621995925903,-1.0
0.0825118719533618,0.005750408728740045,55,0.6180761558935046,0.0002299927346552969,3,96.625,0.13744749754667282,-1.0
0.08253478075909827,0.005467260389455727,56,0.6162911430001259,0.00021404630011522587,3,97.0,0.11393601685762406,-1.0
0.08777382055164448,0.0033471654501876663,57,0.6380795710720122,0.00019854849509163232,3,98.625,0.09029669404029846,-1.0
0.08844156772829592,0.007502489423911486,58,0.6718343799002469,0.00018352321607655918,3,98.75,0.081928169131279,-1.0
0.08660306641831994,0.006289735270131912,59,0.6504822019487619,0.00016899363096119395,3,98.75,0.07173410803079605,-1.0
0.08503759053668805,0.00677525345236063,60,0.6429319512099028,0.000154982143312659,3,98.25,0.08967963933944702,-1.0
0.08329701676432576,0.006176230663965855,61,0.626540683908388,0.0001415103578293356,3,98.75,0.07163279175758362,-1.0
0.08218126501222807,0.0040841861295380765,62,0.6041835770010948,0.0001285990470279847,3,98.625,0.07113271981477737,-1.0
0.08607345224092049,0.004417791763054473,63,0.6336728199385107,0.0001162681192140312,3,99.0,0.05744008719921112,-1.0
0.08419398976755994,0.0058655499347618646,64,0.6306475158780813,0.00010453658778440107,3,99.5,0.06148351788520813,-1.0
0.08512479742057621,0.004085526602076632,65,0.6247338210232556,9.342254191024022e-05,3,99.75,0.04019472986459732,-1.0
0.0849071775030877,0.005552542495674321,66,0.633444300154224,8.294311864472437e-05,3,99.75,0.039640551805496214,-1.0
0.08137679984793067,0.0056162625551223755,67,0.6091802699957043,7.311447649896551e-05,3,99.5,0.038299242556095126,-1.0
0.08279036687287901,0.004882052574040634,68,0.61399100208655,6.395177052675794e-05,3,99.75,0.03780579134821892,-1.0
0.06613252255400377,0.004002762592530676,69,0.4911965208593756,5.546912895658472e-05,3,99.875,0.03515071913599968,-1.0
0.09084075523008193,0.004863559467984098,70,0.6702334680594504,4.767963140691306e-05,3,99.625,0.04095287591218948,-1.0
0.09827788190783135,0.008042915092249001,71,0.7444955839309841,4.059528871837034e-05,3,99.25,0.035711755752563475,-1.0
0.09481667487749032,0.0058753232671214005,72,0.7051356851588935,3.4227024433899e-05,3,99.875,0.0312870043516159,-1.0
0.08016375043163342,0.0037209822995854275,73,0.587493970990181,2.8584657955444653e-05,3,99.625,0.03280884444713592,-1.0
0.09407948892164443,0.0045940816468958345,74,0.6910245390608907,2.367688940315011e-05,3,99.375,0.03867802023887634,-1.0
0.09443072901506509,0.004591723837490592,75,0.693459794158116,1.951128620040094e-05,3,99.625,0.03287164747714996,-1.0
0.09214719641022384,0.005045398005417415,76,0.6806368248071522,1.6094271405406862e-05,3,99.75,0.027382123321294784,-1.0
0.0937657291402242,0.005950512031891516,77,0.6983152499888092,1.3431113807311488e-05,3,99.875,0.03037517935037613,-1.0
0.09576993744953402,0.00757160726269441,78,0.7236842131242156,1.1525919802101659e-05,3,99.625,0.03470787674188614,-1.0
0.09414975960472864,0.006836536406938519,79,0.7072078890632838,1.0381627060842164e-05,3,99.625,0.034632359147071835,-1.0
0.09251937971982573,0.003962742131469505,80,0.6756221840623766,1e-05,3,99.5,0.031486020982265474,-1.0
0.0881105775188189,0.02595299234963022,1,0.9128333968110383,0.000999618372939158,4,17.0,2.378005608452691,-1.0
0.07922959927236661,0.0035757393634412438,2,0.6627627999987453,0.0009984740801978985,4,19.333333333333332,2.266396213107639,-1.0
0.08170954397064634,0.005840666679432616,3,0.7007204829715192,0.0009965688861926887,4,21.333333333333332,2.133514404296875,-1.0
0.0825618785165716,0.0035667558549903333,4,0.6893189600668848,0.0009939057285945933,4,23.22222222222222,2.0733219401041665,-1.0
0.08164847412263043,0.004759626026498154,5,0.6915537239983678,0.0009904887137995992,4,23.88888888888889,2.0407568359375,-1.0
0.08039226886467077,0.00628111427067779,6,0.6936825290322304,0.00098632311059685,4,27.22222222222222,1.968539089626736,-1.0
0.08256587586947717,0.0030985178891569376,7,0.6856110449880362,0.0009814153420445555,4,26.555555555555557,2.0351934136284724,-1.0
0.08284108186489902,0.0035347274970263243,8,0.6912988040130585,0.0009757729755661012,4,28.0,1.9123528374565972,-1.0
0.0812499258609023,0.004554183513391763,9,0.6867399262264371,0.0009694047112816298,4,29.444444444444443,1.8956492784288195,-1.0
0.08424542835564353,0.0032955975038930774,10,0.7006335249170661,0.0009623203685930871,4,33.77777777777778,1.8168207465277777,-1.0
0.07944012660300359,0.005478747887536883,11,0.6795834549702704,0.0009545308710434153,4,28.88888888888889,1.9229680718315971,-1.0
0.0817152388044633,0.007608450687257573,12,0.7148249400779605,0.0009460482294732422,4,31.333333333333332,1.8578394911024305,-1.0
0.0803134897723794,0.0052000619762111455,13,0.6843684441410005,0.0009368855235010348,4,29.0,1.9105088975694444,-1.0
0.08094199586776085,0.004992730508092791,14,0.6877369398716837,0.0009270568813552758,4,29.666666666666668,1.9283688693576388,-1.0
0.08231841627275571,0.0036201919720042497,15,0.6877592620439827,0.0009165774580897602,4,28.11111111111111,1.9794727918836805,-1.0
0.08208124083466828,0.0047930456639733166,16,0.6957169868983328,0.0009054634122155992,4,32.44444444444444,1.8693568250868056,-1.0
0.08161131100496277,0.007052101631416008,17,0.7095457289833575,0.0008937318807859689,4,32.22222222222222,1.8108702256944444,-1.0
0.08214123905054294,0.0032075024500954896,18,0.6830300129950047,0.0008814009529720156,4,33.22222222222222,1.7593872748480903,-1.0
0.08047008331050165,0.006845367432106286,19,0.698750977171585,0.0008684896421706646,4,34.888888888888886,1.7294375949435763,-1.0
0.08473500661784783,0.0061091932584531605,20,0.726979318074882,0.0008550178566873412,4,34.333333333333336,1.7632561577690973,-1.0
0.08317045369767584,0.0035277881543152034,21,0.6938201170414686,0.0008410063690388064,4,33.55555555555556,1.7928749593098958,-1.0
0.08599198365118355,0.004545416362816468,22,0.724525298923254,0.0008264767839234412,4,32.22222222222222,1.8305947536892362,-1.0
0.08584736488410272,0.006114060350228101,23,0.7359154778532684,0.000811451504908368,4,33.333333333333336,1.7797540961371527,-1.0
0.08544337787316181,0.004181070486083627,24,0.7172445710748434,0.0007959536998847743,4,37.888888888888886,1.711811252170139,-1.0
0.08631459437310696,0.007779209496220574,25,0.7529933850746602,0.0007800072653447032,4,36.888888888888886,1.6826707628038196,-1.0
0.08726662377011962,0.0038810473633930087,26,0.7294108641799539,0.0007636367895343947,4,38.666666666666664,1.653608669704861,-1.0
0.08617675534333102,0.004519593785516918,27,0.7257997179403901,0.0007468675145409928,4,39.77777777777778,1.6155365668402777,-1.0
0.08676225450471975,0.004856714745983481,28,0.7331808779854327,0.0007297252973710758,4,43.22222222222222,1.570332997639974,-1.0
0.08547996362904087,0.006391715869540349,29,0.735200968105346,0.0007122365700810271,4,43.111111111111114,1.56536865234375,-1.0
0.08372074947692454,0.006567478645592928,30,0.7225403368938714,0.0006944282990207196,4,40.55555555555556,1.5913522677951388,-1.0
0.08434039590065368,0.005949447979219258,31,0.7225579998921603,0.0006763279432533592,4,41.0,1.5881793891059028,-1.0
0.08237106588785537,0.0031229078595060855,32,0.6841800529509783,0.0006579634122155992,4,41.22222222222222,1.5570641750759548,-1.0
0.08004317438462749,0.004773824097355828,33,0.6787821969483048,0.000639363022683212,4,41.44444444444444,1.5984362453884549,-1.0
0.0831094768946059,0.005889636871870607,34,0.71223377995193,0.0006205554551086735,4,39.666666666666664,1.5749598863389758,-1.0
0.08301606596796773,0.006308906537014991,35,0.7148332211654633,0.0006015697093979838,4,39.666666666666664,1.5901129659016926,-1.0
0.07797706234850921,0.0066265949280932546,36,0.6770617158617824,0.0005824350601949146,4,43.77777777777778,1.5166663953993056,-1.0
0.07449084546533413,0.0058662140218075365,37,0.6430924399755895,0.0005631810117416299,4,45.44444444444444,1.4874658203125,-1.0
0.09275278987479396,0.003696492378367111,38,0.7718607480637729,0.0005438372523852835,4,47.666666666666664,1.4409329562717015,-1.0
0.09380560638965108,0.005604895384749398,39,0.7955154220107943,0.0005244336088007391,4,47.888888888888886,1.4222079128689236,-1.0
0.08780482114525512,0.005506870744284242,40,0.7467240209225565,0.0005050000000000001,4,49.55555555555556,1.3895142449273004,-1.0
0.09745539672439918,0.003317575145047158,41,0.806483164196834,0.0004855663911992613,4,47.888888888888886,1.3851837836371528,-1.0
0.09343868779251352,0.007931371219456196,42,0.8112524601165205,0.00046616274761471693,4,49.44444444444444,1.344676734076606,-1.0
0.09493445462430827,0.005470106902066618,43,0.8035181739833206,0.00044681898825837057,4,49.888888888888886,1.3397132703993055,-1.0
0.09338865472818725,0.005919803137658164,44,0.7947522499598563,0.000427564939805086,4,50.888888888888886,1.2981520250108507,-1.0
0.09495182227692567,0.004257705353666097,45,0.7939169330056757,0.00040843029060201667,4,51.111111111111114,1.2865661112467448,-1.0
0.09447380297933705,0.004838625143747777,46,0.794761266792193,0.000389444544891327,4,52.55555555555556,1.2713416883680555,-1.0
0.08210624137427658,0.007576472853543237,47,0.7177889859303832,0.0003706369773167883,4,54.77777777777778,1.2325634765625,-1.0
0.05753134508267976,0.004789979284396395,48,0.4987980048172176,0.0003520365877844012,4,52.77777777777778,1.268960215250651,-1.0
0.057723155070561916,0.007686373312026262,49,0.5235065021552145,0.0003336720567466412,4,50.333333333333336,1.3233467271592882,-1.0
0.07964414759771898,0.004989714274415746,50,0.677303914912045,0.0003155717009792807,4,51.44444444444444,1.310509762234158,-1.0
0.057844546157866716,0.004126265092054382,51,0.4959990798961371,0.00029776342991897335,4,56.666666666666664,1.192470482720269,-1.0
0.07808599038980901,0.005915261106565595,52,0.6722422398161143,0.00028027470262892445,4,55.44444444444444,1.2240137905544706,-1.0
0.08143024015589617,0.00822654110379517,53,0.7174890029709786,0.0002631324854590073,4,56.44444444444444,1.2055350748697917,-1.0
0.08175069213029929,0.003484741988359019,54,0.6821208701003343,0.0002463632104656054,4,56.666666666666664,1.1736164855957032,-1.0
0.08331421166076325,0.003781233332119882,55,0.696999064181,0.0002299927346552969,4,58.0,1.1954588996039497,-1.0
0.08406761399237439,0.005154990736627951,56,0.7140072078909725,0.00021404630011522587,4,58.55555555555556,1.1461286248101128,-1.0
0.08579451867262833,0.006221379560884088,57,0.736360115930438,0.00019854849509163232,4,59.666666666666664,1.095850101047092,-1.0
0.08428994941641577,0.006676996068563312,58,0.727969225961715,0.00018352321607655918,4,59.55555555555556,1.0892335171169705,-1.0
0.08591212975443341,0.004113519622478634,59,0.720499036135152,0.00016899363096119395,4,62.888888888888886,1.055012444390191,-1.0
0.08473779517225921,0.004072384210303426,60,0.7112096771597862,0.000154982143312659,4,63.55555555555556,1.0074552578396267,-1.0
0.0826002653921023,0.005175753467483446,61,0.7025066688656807,0.0001415103578293356,4,62.55555555555556,0.9931420220269097,-1.0
0.08433032245375216,0.006052370794350281,62,0.7233482161536813,0.0001285990470279847,4,64.0,0.9967780643039279,-1.0
0.08694186320644803,0.006505129160359502,63,0.7478750180453062,0.0001162681192140312,4,63.888888888888886,0.9828803168402778,-1.0
0.0849464035127312,0.006252979103010148,64,0.7298830028157681,0.00010453658778440107,4,62.111111111111114,1.0049727630615235,-1.0
0.08632929652230814,0.0054978945991024375,65,0.7349131531082094,9.342254191024022e-05,4,64.55555555555556,0.9731122758653429,-1.0
0.08569566244841553,0.005480415653437376,66,0.7296876539476216,8.294311864472437e-05,4,65.66666666666667,0.9330009036593967,-1.0
0.08288209931924939,0.00495996666722931,67,0.7029804650228471,7.311447649896551e-05,4,66.44444444444444,0.9217737918429905,-1.0
0.0829889059823472,0.004916537407552823,68,0.703528594924137,6.395177052675794e-05,4,67.55555555555556,0.9150080786810981,-1.0
0.06374867146951146,0.003843777143629268,69,0.5409902951214463,5.546912895658472e-05,4,67.66666666666667,0.8860467868381077,-1.0
0.08976745477411896,0.0030285768734756857,70,0.7426042868755758,4.767963140691306e-05,4,68.77777777777777,0.9034976281060113,-1.0
0.09466491843340918,0.0038296519487630576,71,0.7882128979545087,4.059528871837034e-05,4,69.77777777777777,0.8575417073567708,-1.0
0.09362737566698343,0.004714748065453023,72,0.7869745059870183,3.4227024433899e-05,4,70.22222222222223,0.8624102867974175,-1.0
0.0950441867171321,0.005112739891046658,73,0.8014856490772218,2.8584657955444653e-05,4,68.0,0.8833034939236111,-1.0
0.09320764447329566,0.006713268783641979,74,0.7996239110361785,2.367688940315011e-05,4,71.22222222222223,0.8686518859863281,-1.0
0.09123496743268333,0.006863650807645172,75,0.7850253700744361,1.951128620040094e-05,4,71.22222222222223,0.8430201636420356,-1.0
0.0934201703639701,0.006429684144677594,76,0.7990395179949701,1.6094271405406862e-05,4,70.33333333333333,0.847331788804796,-1.0
0.09323584410594776,0.006209242390468717,77,0.7958017538767308,1.3431113807311488e-05,4,68.88888888888889,0.8496129777696397,-1.0
0.09354975135647692,0.0044068988936487585,78,0.7838964879047126,1.1525919802101659e-05,4,70.0,0.8259712558322483,-1.0
0.09501846990315244,0.00480514534865506,79,0.7988330079242587,1.0381627060842164e-05,4,70.44444444444444,0.8384225209554036,-1.0
0.06729654912487604,0.007629447994986549,80,0.5996431210078299,1e-05,4,72.33333333333333,0.8228917863633898,-1.0
0.09616503573488444,0.021734444017056376,1,0.9435338040348142,0.000999618372939158,5,15.700000166893005,2.3453832416534426,-1.0
0.08937899910961278,0.003753830387722701,2,0.7453826870769262,0.0009984740801978985,5,26.40000002384186,2.062201050758362,-1.0
0.08899579738499597,0.003567585750715807,3,0.7408096080180258,0.0009965688861926887,5,27.600000190734864,1.92600634765625,-1.0
0.08796714516938664,0.0056122867099475116,4,0.7488791209179908,0.0009939057285945933,5,31.600000143051147,1.8435135459899903,-1.0
0.08708721509901807,0.004992788017261773,5,0.7369083969388157,0.0009904887137995992,5,33.10000014305115,1.764173222541809,-1.0
0.08980600649374537,0.0034797776315826923,6,0.7465478251688182,0.00098632311059685,5,35.40000023841858,1.747623293876648,-1.0
0.09039921176736243,0.003734451107447967,7,0.7533243061043322,0.0009814153420445555,5,38.70000014305115,1.6573380756378173,-1.0
0.09175260047777556,0.0033899680129252374,8,0.7614059960469604,0.0009757729755661012,5,36.20000021457672,1.6575708656311035,-1.0
0.09081170026911423,0.003339834976941347,9,0.7534696680959314,0.0009694047112816298,5,41.900000143051145,1.5522208919525147,-1.0
0.08908176011755131,0.006497951282653958,10,0.764892112929374,0.0009623203685930871,5,44.00000004768371,1.5102679491043092,-1.0
0.08926288090879098,0.003081719856709242,11,0.7390078830067068,0.0009545308710434153,5,46.80000011920929,1.4326573991775513,-1.0
0.0884827780246269,0.006702884973492473,12,0.7617333861999214,0.0009460482294732422,5,46.9000002861023,1.4275479412078858,-1.0
0.09110670405789278,0.009515173325780779,13,0.8052233620546758,0.0009368855235010348,5,48.20000042915344,1.394729736328125,-1.0
0.09018343049683608,0.004881769767962396,14,0.7607685520779341,0.0009270568813552758,5,49.80000016689301,1.3259951267242431,-1.0
0.09128994998172857,0.006767146260244772,15,0.7847385630011559,0.0009165774580897602,5,53.00000004768371,1.2558572816848754,-1.0
0.09192731522489339,0.003127155767288059,16,0.7606870250310749,0.0009054634122155992,5,52.90000023841858,1.255028307914734,-1.0
0.08812144523835741,0.005432169768027961,17,0.7486947800498456,0.0008937318807859689,5,55.100000047683714,1.1980456256866454,-1.0
0.09030741293099709,0.006753355584805831,18,0.7767468199599534,0.0008814009529720156,5,56.700000047683716,1.157910764694214,-1.0
0.09115371157531627,0.0063631322991568595,19,0.7803807309828699,0.0008684896421706646,5,60.90000023841858,1.0760408611297607,-1.0
0.09119337087031454,0.007356251880992204,20,0.788635519798845,0.0008550178566873412,5,63.70000047683716,0.9982422723770141,-1.0
0.0911605273722671,0.006953743897611275,21,0.7852041760925204,0.0008410063690388064,5,61.20000019073486,1.0066923742294311,-1.0
0.08974309705081396,0.008140716672642156,22,0.7833352268207818,0.0008264767839234412,5,67.80000014305115,0.8773645005226135,-1.0
0.08743697218596935,0.004465316946152598,23,0.7354602359700948,0.000811451504908368,5,69.60000009536743,0.8295074872970581,-1.0
0.08817247586557642,0.0063322282512672246,24,0.7562871179543436,0.0007959536998847743,5,70.40000014305114,0.7887208261489869,-1.0
0.09117283203522675,0.004917794954963028,25,0.768983474932611,0.0007800072653447032,5,72.2000002861023,0.7827057566642761,-1.0
0.09070277129649185,0.009461272828048095,26,0.8015552968718112,0.0007636367895343947,5,73.30000014305115,0.7173386912345886,-1.0
0.08941739762667567,0.005233938252786174,27,0.7574740119744092,0.0007468675145409928,5,76.90000047683716,0.6447430109977722,-1.0
0.09142127307131886,0.004232019069604576,28,0.7654934681486338,0.0007297252973710758,5,77.40000042915344,0.6201857733726501,-1.0
0.09103381205932237,0.004302288551116362,29,0.7629360358696431,0.0007122365700810271,5,77.90000057220459,0.6015810446739197,-1.0
0.08778444924973883,0.006840350746642798,30,0.75725307315588,0.0006944282990207196,5,78.90000047683716,0.5588143720626831,-1.0
0.09010615176521242,0.00497645148425363,31,0.7609253120608628,0.0006763279432533592,5,80.10000019073486,0.527469600200653,-1.0
0.08927671884885058,0.004150723136262968,32,0.7476699820253998,0.0006579634122155992,5,85.90000019073486,0.42666815423965454,-1.0
0.08933911204803735,0.004943474457832053,33,0.7545186390634626,0.000639363022683212,5,86.20000019073487,0.3988003315925598,-1.0
0.09029894234845415,0.008978335303254426,34,0.7944742860272527,0.0006205554551086735,5,87.60000023841857,0.3657311029434204,-1.0
0.07339430003776215,0.00490021935547702,35,0.6265909080393612,0.0006015697093979838,5,86.1000006198883,0.36227610158920287,-1.0
0.08146191309788264,0.0032760836475063115,36,0.6781508252024651,0.0005824350601949146,5,88.50000023841858,0.33702477741241454,-1.0
0.10097496293019503,0.0034952615678776056,37,0.8360497979447246,0.0005631810117416299,5,91.50000014305115,0.25110147714614867,-1.0
0.10040343957371078,0.007383783929981291,38,0.862598940031603,0.0005438372523852835,5,90.70000023841858,0.27554012203216555,-1.0
0.09609659662237391,0.005326317885192111,39,0.8116898450534791,0.0005244336088007391,5,91.60000052452088,0.25165100359916687,-1.0
0.09832014763378538,0.006182040000567213,40,0.8363141869194806,0.0005050000000000001,5,92.30000028610229,0.23394043731689454,-1.0
0.10122055761166848,0.002994178154040128,41,0.8340126890689135,0.0004855663911992613,5,90.7000006198883,0.2529866878986359,-1.0
0.10078274348052219,0.0030235248850658536,42,0.8307603641878814,0.00046616274761471693,5,96.10000033378601,0.15806633543968202,-1.0
0.09936718444805592,0.0032147580350283533,43,0.8209537980146706,0.00044681898825837057,5,95.90000023841858,0.14937736505270005,-1.0
0.09913707137457095,0.006336293765343726,44,0.8440417239908129,0.000427564939805086,5,96.50000057220458,0.12277060782909394,-1.0
0.09887601889204234,0.00721249936032109,45,0.8489982010796666,0.00040843029060201667,5,97.80000009536744,0.08764756798744201,-1.0
0.07879152303212322,0.00770773459225893,46,0.6922890329733491,0.000389444544891327,5,97.00000009536743,0.0917212216258049,-1.0
0.05855855188565329,0.005079972848761827,47,0.509403201052919,0.0003706369773167883,5,98.30000009536744,0.07572217285633087,-1.0
0.061165321501903236,0.0029935507336631417,48,0.5135684742126614,0.0003520365877844012,5,97.80000023841858,0.0844972428381443,-1.0
0.08188144167070277,0.004590096097672358,49,0.6920150259975344,0.0003336720567466412,5,98.60000009536743,0.05854238760471344,-1.0
0.0604185433476232,0.003024584031663835,50,0.507778209168464,0.0003155717009792807,5,98.80000047683716,0.05053988015651703,-1.0
0.05954654578818008,0.006748304585926235,51,0.5306028688792139,0.00029776342991897335,5,99.5,0.038918965011835095,-1.0
0.08123920060461387,0.006172307417728007,52,0.6995430099777877,0.00028027470262892445,5,99.4,0.040093229472637174,-1.0
0.08320394172915258,0.0035242177546024323,53,0.694112597964704,0.0002631324854590073,5,99.8,0.02923416356742382,-1.0
0.08865226001944393,0.004122078855289146,54,0.74246059008874,0.0002463632104656054,5,99.8,0.025025722086429596,-1.0
0.08942210013628937,0.003553974849637598,55,0.7441543592140079,0.0002299927346552969,5,99.80000023841858,0.021600203931331635,-1.0
0.09177314038970508,0.0060731598641723394,56,0.7830937679391354,0.00021404630011522587,5,99.80000023841858,0.01980225345492363,-1.0
0.09250123423407786,0.004382708633784205,57,0.7753482691477984,0.00019854849509163232,5,99.9,0.016470340691506862,-1.0
0.09041696912026964,0.0033380079839844257,58,0.7503650651779026,0.00018352321607655918,5,99.9,0.016425074443221093,-1.0
0.09160294765024446,0.00542745683924295,59,0.7765627559274435,0.00016899363096119395,5,99.9,0.015063236363232136,-1.0
0.09112784176249988,0.003736579994438216,60,0.759168233955279,0.000154982143312659,5,99.9,0.01431095327809453,-1.0
0.0886927861138247,0.007553604751592502,61,0.7702319389209151,0.0001415103578293356,5,99.9,0.01221082106232643,-1.0
0.09248224913608283,0.005191753094550222,62,0.7816942818462849,0.0001285990470279847,5,100.0,0.01176118503510952,-1.0
0.08482621927396394,0.004301088716601953,63,0.7133664661087096,0.0001162681192140312,5,100.0,0.010126833528280258,-1.0
0.08851334740757011,0.004795528220711276,64,0.7467356820125133,0.00010453658778440107,5,100.0,0.009992713682353497,-1.0
0.090147590264678,0.003545638232026249,65,0.7498013318981975,9.342254191024022e-05,5,100.0,0.011690696954727173,-1.0
0.08943618452758528,0.006038381339749321,66,0.7640476329252124,8.294311864472437e-05,5,99.9,0.01231746793538332,-1.0
0.09248343948274851,0.004986184416338801,67,0.7800123440101743,7.311447649896551e-05,5,100.0,0.008213591016829013,-1.0
0.08182532861246727,0.004170186992269009,68,0.688205957878381,6.395177052675794e-05,5,100.0,0.009759732238948346,-1.0
0.08261842594947666,0.006147248670458794,69,0.7103818720206618,5.546912895658472e-05,5,100.0,0.0073850080594420435,-1.0
0.10147851417423226,0.028686853329418227,70,1.041572384070605,4.767963140691306e-05,5,99.9,0.009175237059593201,-1.0
0.10232158403960057,0.0050740928563755006,71,0.8594163109082729,4.059528871837034e-05,5,99.9,0.008269245289266109,-1.0
0.09657990303821862,0.005074049957329407,72,0.8134874179959297,3.4227024433899e-05,5,99.9,0.009757789850234986,-1.0
0.0995640745095443,0.003462845110334456,73,0.824467906029895,2.8584657955444653e-05,5,99.9,0.011456306666135788,-1.0
0.09988052485277876,0.0031456971482839435,74,0.8244623059872538,2.367688940315011e-05,5,100.0,0.007257776957005262,-1.0
0.100153266772395,0.0043304663558956236,75,0.8365106880664825,1.951128620040094e-05,5,100.0,0.007942784324288368,-1.0
0.10149643250042573,0.00890536850783974,76,0.8834745369385928,1.6094271405406862e-05,5,100.0,0.008375453233718872,-1.0
0.09906807134393603,0.005005777144106105,77,0.8328413038980216,1.3431113807311488e-05,5,100.0,0.008513164311647415,-1.0
0.0999757532554213,0.0030380738608073443,78,0.8244309369474649,1.1525919802101659e-05,5,100.0,0.006667295336723327,-1.0
0.07047403854085132,0.003086256212554872,79,0.5888419169932604,1.0381627060842164e-05,5,99.9,0.008992614611983299,-1.0
0.0606426665908657,0.004058568039909005,80,0.5178972380235791,1e-05,5,100.0,0.008045462742447853,-1.0
0.0940579643421289,0.019940555199152894,1,1.0262666968628764,0.000999618372939158,6,16.818181850693442,2.412889238704335,-1.0
0.08953269987574054,0.003787192024497522,2,0.8401895831339061,0.0009984740801978985,6,22.363636374473572,2.0939832670038396,-1.0
0.08947744419694775,0.004462058371346857,3,0.8457278721034527,0.0009965688861926887,6,30.2727273106575,1.9477264950492166,-1.0
0.08729847551633914,0.004350237367260788,4,0.8250854359939694,0.0009939057285945933,6,31.636363636363637,1.8357897940548984,-1.0
0.0885407043258763,0.0046397906779829,5,0.8388763829134405,0.0009904887137995992,6,33.36363633112474,1.8020543310858987,-1.0
0.08855808350361055,0.005175096267420385,6,0.8438409029040486,0.00098632311059685,6,35.09090906923468,1.7350351784446023,-1.0
0.08951520208372837,0.005690470803529024,7,0.8571001598611474,0.0009814153420445555,6,38.90909096327695,1.6218780491568825,-1.0
0.08827322975008024,0.00575564312748611,8,0.8465941378381103,0.0009757729755661012,6,41.00000003251162,1.5873754900152033,-1.0
0.08833813491380876,0.0034368526604440478,9,0.826302258996293,0.0009694047112816298,6,41.27272738109935,1.5338921304182573,-1.0
0.08871965687204567,0.0033165800333436993,10,0.8285863229539245,0.0009623203685930871,6,43.81818183985624,1.525810771855441,-1.0
0.08893809873714215,0.0032777632586658,11,0.8301896990742534,0.0009545308710434153,6,44.09090916676955,1.4629593966223977,-1.0
0.08760317841855188,0.004665029597365194,12,0.8306559058837593,0.0009460482294732422,6,46.72727280313318,1.4283808175000277,-1.0
0.08919339376087818,0.0035933711203849977,13,0.8353486759588122,0.0009368855235010348,6,50.72727273810994,1.3745198193463413,-1.0
0.0890478405635804,0.0031432165609051785,14,0.8300193939357996,0.0009270568813552758,6,51.81818175315857,1.2877188699895685,-1.0
0.08948724088259041,0.004099937000622352,15,0.8425819568801671,0.0009165774580897602,6,53.8181816664609,1.2467148364673961,-1.0
0.08826428848422235,0.004442407516762614,16,0.8346598329953849,0.0009054634122155992,6,55.90909095243974,1.2115140936591409,-1.0
0.09002779165489806,0.00556926667276356,17,0.8607248419430107,0.0008937318807859689,6,54.09090922095559,1.226847160512751,-1.0
0.08944453599138392,0.0030409072318838704,18,0.8327069368679076,0.0008814009529720156,6,55.90909103913741,1.1615277897227894,-1.0
0.08776627209347983,0.003148590240420567,19,0.8185738518368453,0.0008684896421706646,6,58.4545456496152,1.1332847330786966,-1.0
0.08911480723569791,0.0032810098750309814,20,0.8319553039036691,0.0008550178566873412,6,59.18181809512052,1.1119265443628485,-1.0
0.08953471709456709,0.006627364575655924,21,0.8657467882148921,0.0008410063690388064,6,62.18181803009727,0.9978920810872858,-1.0
0.09031518020977576,0.0031762171226243177,22,0.8417157570365816,0.0008264767839234412,6,64.63636352799155,0.9645127023350109,-1.0
0.0896289311349392,0.002723655637560619,23,0.8314713288564235,0.000811451504908368,6,65.45454547621988,0.9292775865034624,-1.0
0.08802962598080437,0.002988345248417722,24,0.8194526070728898,0.0007959536998847743,6,67.90909086574207,0.8727521168101917,-1.0
0.0844835625288801,0.004087410246332486,25,0.7974340380169451,0.0007800072653447032,6,68.63636361468922,0.8555397865988992,-1.0
0.08552356444609661,0.004513911333762937,26,0.8106245428789407,0.0007636367895343947,6,70.81818190487948,0.7731305332617326,-1.0
0.08938483467015128,0.003715272889369064,27,0.8382048849016428,0.0007468675145409928,6,71.27272738109936,0.7871220404451543,-1.0
0.08570516745870312,0.00306156598445442,28,0.7991977268829942,0.0007297252973710758,6,75.09090904756026,0.6862305331230164,-1.0
0.08723842290540536,0.004239929969319039,29,0.8236072699073702,0.0007122365700810271,6,75.81818196990274,0.6458144994215532,-1.0
0.08465681796789998,0.003265467575854725,30,0.7915692031383514,0.0006944282990207196,6,77.18181803009726,0.6166322840343822,-1.0
0.08486919063660833,0.0033600842321498525,31,0.794303264003247,0.0006763279432533592,6,83.99999984827909,0.4839849257469177,-1.0
0.08755707029356724,0.0035332004901849562,32,0.8200626820325851,0.0006579634122155992,6,82.2727274461226,0.4798847692663019,-1.0
0.08721780081072615,0.004372970744346579,33,0.8245674399659038,0.000639363022683212,6,85.63636387478222,0.429645566073331,-1.0
0.08440567175340322,0.003235721003471149,34,0.7890452449209988,0.0006205554551086735,6,86.27272725105286,0.39599534836682404,-1.0
0.08703014409790437,0.0030174008829312194,35,0.8106765679549426,0.0006015697093979838,6,87.09090904756026,0.3680408158085563,-1.0
0.08984864715279804,0.002783785858708951,36,0.8339576059952378,0.0005824350601949146,6,86.0000001300465,0.3943920943953774,-1.0
0.09192737222959597,0.003818071447312832,37,0.8620670908130705,0.0005631810117416299,6,87.18181813846935,0.3600095325166529,-1.0
0.09124993320761456,0.0029138175563679803,38,0.8478516140021384,0.0005438372523852835,6,86.99999989162792,0.37417056105353613,-1.0
0.0889160980263518,0.004523144983169105,39,0.8412903929129243,0.0005244336088007391,6,88.45454562794079,0.32348161946643483,-1.0
0.07890034368675616,0.005751722207706835,40,0.7621595889795572,0.0005050000000000001,6,90.18181822516702,0.2897572549906644,-1.0
0.09902293579135504,0.004625414213579562,41,0.9330884700175375,0.0004855663911992613,6,91.54545471884988,0.239168030240319,-1.0
0.09888788731768727,0.004229682238979472,42,0.9290714170783758,0.00046616274761471693,6,93.18181826851584,0.21560891926288606,-1.0
0.09299683226789865,0.004106682181979219,43,0.87416931707412,0.00044681898825837057,6,94.3636365370317,0.17238133950666948,-1.0
0.09905479131783876,0.00440558423805568,44,0.9313883378636092,0.000427564939805086,6,95.63636350631714,0.15783324203707955,-1.0
0.09976668040164643,0.00362326359997193,45,0.9307538729626685,0.00040843029060201667,6,96.9999998699535,0.12307866202159361,-1.0
0.09921650808408028,0.004945426377364331,46,0.937703117961064,0.000389444544891327,6,97.09090904756026,0.11635668364438144,-1.0
0.09876180308250089,0.003311549908378058,47,0.9188950499519706,0.0003706369773167883,6,97.72727266224948,0.09622032658620314,-1.0
0.09888336057257321,0.005506878097852071,48,0.9397606810089201,0.0003520365877844012,6,97.27272729440169,0.09576903559944847,-1.0
0.08786936044796473,0.0030316690034750435,49,0.8183534510899335,0.0003336720567466412,6,98.09090924263,0.08713385614481839,-1.0
0.06146354668049349,0.004810393658570117,50,0.5966992538888007,0.0003155717009792807,6,97.6363638531078,0.07554466225884178,-1.0
0.07547363245652781,0.005006799758929346,51,0.724555387860164,0.00029776342991897335,6,98.63636357134038,0.06512818864800714,-1.0
0.063614223850891,0.004607200027546949,52,0.6142381830140948,0.00028027470262892445,6,98.9090909090909,0.05214647714387287,-1.0
0.05888427411102586,0.002865704216269983,53,0.5559849280398339,0.0002631324854590073,6,98.81818181818181,0.05353366197510199,-1.0
0.08271342945388621,0.007418574765324593,54,0.8114400659687817,0.0002463632104656054,6,99.63636363636364,0.035965054407715795,-1.0
0.08557612580868106,0.006236401308948795,55,0.8265586739871651,0.0002299927346552969,6,100.0,0.02727555064992471,-1.0
0.08489513089362946,0.0029802637485166392,56,0.7911272558849305,0.00021404630011522587,6,99.81818181818181,0.026859840655868703,-1.0
0.08795825311810607,0.004637617876546251,57,0.8336103409528732,0.00019854849509163232,6,99.81818181818181,0.02293102120811289,-1.0
0.08897355113488932,0.005970342317596078,58,0.8547450159676373,0.00018352321607655918,6,100.0,0.017718795754692773,-1.0
0.089263163248284,0.0029019485227763653,59,0.8297264068387449,0.00016899363096119395,6,99.63636357134038,0.023831313740123403,-1.0
0.08918581129465666,0.004672503486896555,60,0.8449730251450092,0.000154982143312659,6,100.0,0.01633716857568784,-1.0
0.08933896548114717,0.005317288735467527,61,0.8521490730345249,0.0001415103578293356,6,99.72727272727273,0.017182573310353538,-1.0
0.09080568281933665,0.004785668855119083,62,0.8605585799086839,0.0001285990470279847,6,99.90909084406766,0.015181229507381266,-1.0
0.09113128214246696,0.004683677081225647,63,0.862587371841073,0.0001162681192140312,6,99.81818181818181,0.013102503256364303,-1.0
0.08898700853913194,0.0031995238839752143,64,0.8299249110277742,0.00010453658778440107,6,100.0,0.012856430794027719,-1.0
0.08830891616849436,0.004305475934719046,65,0.8338451120071113,9.342254191024022e-05,6,99.81818175315857,0.012844742387533187,-1.0
0.09012873706200884,0.003047800622880459,66,0.8388750189915299,8.294311864472437e-05,6,99.9090909090909,0.015447937060486187,-1.0
0.08941200442819132,0.0049710514593041604,67,0.8498161751776934,7.311447649896551e-05,6,99.90909084406766,0.013409777256575498,-1.0
0.0885984710831609,0.003266003577866488,68,0.827056105947122,6.395177052675794e-05,6,100.0,0.012958746843717315,-1.0
0.09017301053326163,0.004640651918533776,69,0.8535879710689187,5.546912895658472e-05,6,100.0,0.011793850064277649,-1.0
0.08809328883782858,0.004253542387030191,70,0.8313635650556535,4.767963140691306e-05,6,99.9090909090909,0.013769938615574078,-1.0
0.06338242935534152,0.004658457538526919,71,0.612622143002227,4.059528871837034e-05,6,99.9090909090909,0.012575638199394399,-1.0
0.09630232467316091,0.0031141535534212985,72,0.8950036470778286,3.4227024433899e-05,6,100.0,0.009947913282296874,-1.0
0.09683986445371476,0.004831027756962512,73,0.9152806140482426,2.8584657955444653e-05,6,100.0,0.009076818793334744,-1.0
0.09603536379937497,0.00598068274040189,74,0.9183980990201235,2.367688940315011e-05,6,99.9090909090909,0.010692250349304893,-1.0
0.10191283680291639,0.005611802865233686,75,0.9679694690275937,1.951128620040094e-05,6,100.0,0.010644663267514922,-1.0
0.09696477548115784,0.005585355192629827,76,0.9231961029581726,1.6094271405406862e-05,6,100.0,0.010242777879942547,-1.0
0.09725605202321377,0.006844348093080852,77,0.9371564511675388,1.3431113807311488e-05,6,100.0,0.008948986828327178,-1.0
0.09593973068209986,0.004262376654272278,78,0.9020702131092548,1.1525919802101659e-05,6,100.0,0.009709211603145708,-1.0
0.09716948820278049,0.004283844363979167,79,0.91333212191239,1.0381627060842164e-05,6,100.0,0.012723249278285286,-1.0
0.09886058254374398,0.004464917014249497,80,0.9301718089263886,1e-05,6,99.9090909090909,0.012096438042142174,-1.0
0.09698114122729748,0.020765859470702707,1,1.177891249069944,0.000999618372939158,7,16.166666666666668,2.335198163986206,-1.0
0.08601040898356586,0.0033039581263437866,2,0.8934870059601963,0.0009984740801978985,7,23.916666666666668,2.0735165945688885,-1.0
0.0868831964675337,0.0037069648271426557,3,0.906330375932157,0.0009965688861926887,7,28.333333333333332,1.9418060827255248,-1.0
0.0872877772897482,0.002900966303423047,4,0.9021263539325446,0.0009939057285945933,7,30.916666666666668,1.8565211248397828,-1.0
0.0883384017739445,0.003179369913414121,5,0.9154423540458083,0.0009904887137995992,7,33.666666666666664,1.8239775562286378,-1.0
0.08722854650113732,0.003311397507786751,6,0.9056371171027422,0.00098632311059685,7,33.91666668653488,1.7660186783472698,-1.0
0.08759991799015551,0.0037449237192049623,7,0.9136834100354463,0.0009814153420445555,7,34.416666746139526,1.774440000851949,-1.0
0.08706811352167279,0.003634203667752445,8,0.9072572430595756,0.0009757729755661012,7,37.416666746139526,1.6811861689885457,-1.0
0.08661412773653865,0.004571803868748248,9,0.9120928270276636,0.0009694047112816298,7,38.75000007947286,1.601439668337504,-1.0
0.08458449610043317,0.004329754295758903,10,0.889892108971253,0.0009623203685930871,7,39.75000003973643,1.571753692626953,-1.0
0.08621891546063125,0.0043788128299638625,11,0.9062196670565754,0.0009545308710434153,7,43.25,1.5022183465957641,-1.0
0.08594526234082878,0.0046357667539268736,12,0.9060559491626918,0.0009460482294732422,7,44.166666666666664,1.4797359959284464,-1.0
0.08723847407381982,0.0041625572368502615,13,0.914256912888959,0.0009368855235010348,7,42.666666746139526,1.5216513586044311,-1.0
0.08691128871869296,0.004330124775879085,14,0.9126670339610428,0.0009270568813552758,7,44.75,1.498571343421936,-1.0
0.08583808701951057,0.004755187593400478,15,0.9061601471621543,0.0009165774580897602,7,48.916666746139526,1.406015625,-1.0
0.08733907411806285,0.004262405098415911,16,0.916251566959545,0.0009054634122155992,7,48.6666667064031,1.345744423866272,-1.0
0.08779905901756138,0.004264319874346256,17,0.920883656013757,0.0008937318807859689,7,50.5,1.3293323008219402,-1.0
0.08613638959359378,0.0040598111925646664,18,0.9022017780225724,0.0008814009529720156,7,52.08333341280619,1.307122319539388,-1.0
0.0861041341908276,0.0027647556038573385,19,0.8889207260217518,0.0008684896421706646,7,53.83333349227905,1.2661685673395793,-1.0
0.08674907847307622,0.003922699438408017,20,0.906958521110937,0.0008550178566873412,7,55.58333349227905,1.1879524278640747,-1.0
0.08781720113474875,0.0049755142768844966,21,0.9281876950990409,0.0008410063690388064,7,58.50000015894572,1.1536769739786783,-1.0
0.08984375186264515,0.0025459574535489082,22,0.9241498920600861,0.0008264767839234412,7,57.75000015894572,1.1291959508260092,-1.0
0.0878240471938625,0.0032984644174575807,23,0.9114692921284586,0.000811451504908368,7,61.916666666666664,1.0090915886561076,-1.0
0.08719266902189701,0.0025918153580278156,24,0.8980811790097505,0.0007959536998847743,7,62.666666746139526,1.0110463086764019,-1.0
0.08832814896013588,0.002645127032883465,25,0.9100270520430058,0.0007800072653447032,7,63.00000007947286,1.0118949262301127,-1.0
0.08833266717847436,0.0027743412414565683,26,0.9113782159984112,0.0007636367895343947,7,66.41666666666667,0.9115111422538758,-1.0
0.08731049848720432,0.0039876355091109875,27,0.9132137589622289,0.0007468675145409928,7,65.16666682561238,0.9233338093757629,-1.0
0.08766268461477011,0.0045113913947716355,28,0.9219728191383183,0.0007297252973710758,7,66.91666666666667,0.9075010951360066,-1.0
0.08750071409158408,0.0041821546154096724,29,0.9171462540980428,0.0007122365700810271,7,67.91666682561238,0.840470647017161,-1.0
0.08798778988420963,0.004863280430436134,30,0.9288221108727157,0.0006944282990207196,7,74.75000007947285,0.7254583668708802,-1.0
0.08922053214628249,0.002665454847738147,31,0.9191230949945748,0.0006763279432533592,7,77.16666674613953,0.6504284544785818,-1.0
0.08682185760699213,0.0035564325982704757,32,0.9040989859495312,0.0006579634122155992,7,77.16666682561238,0.6784744524955749,-1.0
0.08698171530850232,0.004575079074129462,33,0.9158745431341231,0.000639363022683212,7,75.66666666666667,0.6878250416119893,-1.0
0.08752576706465334,0.0029197194380685687,34,0.9047285760752857,0.0006205554551086735,7,76.8333334128062,0.6339192382494608,-1.0
0.08630594681017101,0.0027367535047233106,35,0.8906688161659986,0.0006015697093979838,7,79.0,0.5934858298301697,-1.0
0.08839224386028946,0.004013067833147943,36,0.9243030529469252,0.0005824350601949146,7,82.83333349227905,0.5051950005690257,-1.0
0.08710044727195054,0.003620294528082013,37,0.9074565819464624,0.0005631810117416299,7,84.3333334128062,0.44628799239794414,-1.0
0.08612268979195506,0.003389920899644494,38,0.8953696319367737,0.0005438372523852835,7,83.83333349227905,0.4628996996084849,-1.0
0.08758272842969746,0.003288746974430978,39,0.9094899471383542,0.0005244336088007391,7,86.00000015894572,0.3995119019349416,-1.0
0.08730737292207777,0.0028245404828339815,40,0.9015601861756295,0.0005050000000000001,7,86.00000007947285,0.3660668635368347,-1.0
0.07636467721313238,0.002723034773953259,41,0.7911064641084522,0.0004855663911992613,7,89.3333334128062,0.32532057603200276,-1.0
0.08654435966163873,0.004439014941453934,42,0.9100657040253282,0.00046616274761471693,7,87.66666674613953,0.34142321030298867,-1.0
0.09676886124070734,0.004689045250415802,43,1.0148384941276163,0.00044681898825837057,7,88.25,0.33906607230504354,-1.0
0.09563483069650829,0.0027013343991711737,44,0.9836737189907581,0.000427564939805086,7,90.66666682561238,0.27815046270688376,-1.0
0.09788317594211549,0.005295402859337628,45,1.0320759031455964,0.00040843029060201667,7,93.33333333333333,0.22727750937143962,-1.0
0.09765645149163901,0.003948035999201238,46,1.0163333569653332,0.000389444544891327,7,93.16666674613953,0.20922638614972433,-1.0
0.09630985069088638,0.0027856206987053158,47,0.9912481540814042,0.0003706369773167883,7,93.75000015894572,0.2130377701918284,-1.0
0.09743092437274754,0.003920244332402944,48,1.013796733925119,0.0003520365877844012,7,94.58333333333333,0.17605702559153238,-1.0
0.09713334250263869,0.003972743218764663,49,1.0113566198851913,0.0003336720567466412,7,94.8333334128062,0.16379563719034196,-1.0
0.08491443579550832,0.00419466111343354,50,0.8913216958753765,0.0003155717009792807,7,95.66666666666667,0.14654564221700034,-1.0
0.05902584677096456,0.004489243123680353,51,0.635389287956059,0.00029776342991897335,7,96.16666682561238,0.1361078252394994,-1.0
0.07559609918389469,0.0043514704098925,52,0.799709658138454,0.00028027470262892445,7,97.3333334128062,0.10292443325122197,-1.0
0.06196898759808391,0.0037733279867097737,53,0.6576577490195632,0.0002631324854590073,7,97.75,0.0827727089325587,-1.0
0.058720766473561524,0.004416311928071082,54,0.6315921859350055,0.0002463632104656054,7,98.66666682561238,0.06858698179324468,-1.0
0.06314065582118929,0.0041860378812998535,55,0.6735562209505588,0.0002299927346552969,7,98.91666666666667,0.05908228576183319,-1.0
0.08744866319466382,0.0028066373197361827,56,0.9028366398997605,0.00021404630011522587,7,98.58333333333333,0.06278275097409884,-1.0
0.08827963501680643,0.0033877580892294644,57,0.9169111668597907,0.00019854849509163232,7,99.66666674613953,0.04156039466460546,-1.0
0.08598701937589795,0.00304212283808738,58,0.8905269850511104,0.00018352321607655918,7,99.5,0.04317003572980563,-1.0
0.08500742053147406,0.004008486471138895,59,0.8904112889431417,0.00016899363096119395,7,99.58333349227905,0.03548210342725118,-1.0
0.08749000316020102,0.00294754384085536,60,0.9046172320377082,0.000154982143312659,7,99.41666674613953,0.03741060882806778,-1.0
0.08597396216355264,0.0030775828287005424,61,0.8907584440894425,0.0001415103578293356,7,99.66666666666667,0.029367492347955704,-1.0
0.0859005430014804,0.002765578497201204,62,0.8869410748593509,0.0001285990470279847,7,99.5,0.031233622481425603,-1.0
0.08626174866221845,0.004103882634080946,63,0.9038973439019173,0.0001162681192140312,7,99.75,0.025677222286661465,-1.0
0.08705564769916237,0.002871992206200957,64,0.899560715071857,0.00010453658778440107,7,99.66666674613953,0.02872363249460856,-1.0
0.08892705119214953,0.0028057510033249857,65,0.9176116371527314,9.342254191024022e-05,7,100.0,0.020377578486998876,-1.0
0.08863767678849399,0.006223839614540339,66,0.9488577591255307,8.294311864472437e-05,7,99.91666666666667,0.02254319024582704,-1.0
0.08592890331055969,0.004336192086338997,67,0.90288688801229,7.311447649896551e-05,7,99.83333333333333,0.02116596723596255,-1.0
0.08688161950558423,0.004247454996220768,68,0.9115348709747195,6.395177052675794e-05,7,100.0,0.0162669275701046,-1.0
0.08657281775958836,0.004545609536580742,69,0.911976152099669,5.546912895658472e-05,7,99.8333334128062,0.01997400442759196,-1.0
0.08741374618839473,0.004215871822088957,70,0.9165297208819538,4.767963140691306e-05,7,99.91666666666667,0.01884892790267865,-1.0
0.07447801290545612,0.0027547702891752126,71,0.7725593289360404,4.059528871837034e-05,7,99.91666666666667,0.017530734663208324,-1.0
0.08519936352968216,0.0031009416794404387,72,0.8832361109089106,3.4227024433899e-05,7,99.91666674613953,0.016973623658219972,-1.0
0.09699419152457267,0.004157105390913784,73,1.0117579968646169,2.8584657955444653e-05,7,99.66666674613953,0.021233538786570232,-1.0
0.09295980709139258,0.004716128995642066,74,0.9770017648115754,2.367688940315011e-05,7,99.91666666666667,0.0159160748620828,-1.0
0.09648699692916125,0.0025089794769883158,75,0.9902056329883635,1.951128620040094e-05,7,100.0,0.01457972951233387,-1.0
0.09878778588026763,0.004412661725655198,76,1.0322680019307882,1.6094271405406862e-05,7,99.91666666666667,0.014239485238989194,-1.0
0.09817407776135952,0.004271370754577219,77,1.0247299580369145,1.3431113807311488e-05,7,99.91666666666667,0.01508968452612559,-1.0
0.09805465203244239,0.004425111669115722,78,1.0250388379208744,1.1525919802101659e-05,7,99.66666666666667,0.01971449062228203,-1.0
0.09717239814344794,0.002967677661217749,79,1.0016388851217926,1.0381627060842164e-05,7,99.8333334128062,0.01900053014357885,-1.0
0.08948587300255895,0.0035745511995628476,80,0.9308900209143758,1e-05,7,100.0,0.014677047828833263,-1.0
0.09238782577978616,0.019908255389468235,1,1.2355448349844664,0.000999618372939158,8,18.076923076923077,2.321664289327768,-1.0
0.08628220936622132,0.00274689317765561,2,0.9795986849348992,0.0009984740801978985,8,24.07692308150805,2.0646918208782488,-1.0
0.08524515577168627,0.002466704696416855,3,0.9651082409545779,0.0009965688861926887,8,27.38461541212522,1.9549665711476252,-1.0
0.08581420866010542,0.002983456054194407,4,0.977015684125945,0.0009939057285945933,8,28.384615389200356,1.8777490703876203,-1.0
0.08621579091149298,0.003736657894809138,5,0.9897153149358928,0.0009904887137995992,8,31.923076923076923,1.8521738844651443,-1.0
0.08662426533092829,0.00353040302764963,6,0.9919404310639948,0.00098632311059685,8,31.538461565971375,1.8054502512858464,-1.0
0.08625040848908777,0.00422102215022526,7,0.9954383859876543,0.0009814153420445555,8,32.615384642894455,1.764708674137409,-1.0
0.08686223801818084,0.0030289043418385768,8,0.9891029370483011,0.0009757729755661012,8,36.615384642894455,1.7236414990058313,-1.0
0.08780452882109041,0.0023703236471522937,9,0.9922208730131388,0.0009694047112816298,8,37.46153846153846,1.6743748584160438,-1.0
0.08699310300025073,0.002701511267911304,10,0.9869464260991663,0.0009623203685930871,8,38.846153864493736,1.6396714658003586,-1.0
0.08653856998055497,0.003559125206348571,11,0.9913593451492488,0.0009545308710434153,8,41.30769229852236,1.5707637607134306,-1.0
0.08610999666747045,0.002551558152349158,12,0.975569091970101,0.0009460482294732422,8,40.15384614467621,1.6073865912510799,-1.0
0.08781580281951888,0.004184453642334451,13,1.0122940777800977,0.0009368855235010348,8,43.46153846153846,1.5446289069835957,-1.0
0.08603316807950084,0.002365070183507421,14,0.9726712370757014,0.0009270568813552758,8,42.92307692307692,1.4835779978678776,-1.0
0.08657493510029533,0.003573493460531939,15,0.9919254430569708,0.0009165774580897602,8,44.38461539378533,1.4750133217298067,-1.0
0.08759557034566322,0.003354571463370865,16,1.000750239007175,0.0009054634122155992,8,44.615384642894455,1.4978858364545382,-1.0
0.08724819669838656,0.003612366123971614,17,0.9997681039385498,0.0008937318807859689,8,46.23076923076923,1.4711049116574801,-1.0
0.08812627016397362,0.00415597538548437,18,1.0154029480181634,0.0008814009529720156,8,46.76923077840071,1.4329968962302575,-1.0
0.08725828122855588,0.0024655219590799375,19,0.9871960158925503,0.0008684896421706646,8,46.923076913906975,1.374851531615624,-1.0
0.0876898667351766,0.0025221649134023623,20,0.992579520214349,0.0008550178566873412,8,49.76923082425044,1.3632391716883732,-1.0
0.08796648073687473,0.002909718991511247,21,0.9999079920817167,0.0008410063690388064,8,53.84615387366368,1.2836044076772837,-1.0
0.08773752581328154,0.0024273172867569056,22,0.9920708108693361,0.0008264767839234412,8,52.07692309526297,1.2587838282951942,-1.0
0.08897403456186029,0.003919774433597922,23,1.0220698649063706,0.000811451504908368,8,55.23076924910912,1.2076222815880409,-1.0
0.08733887009491975,0.0029133127324960447,24,0.9930140108335763,0.0007959536998847743,8,56.23076923076923,1.2035685253143311,-1.0
0.08835593481886793,0.003849035721610893,25,1.0145044999662787,0.0007800072653447032,8,57.461538452368515,1.1371599868627695,-1.0
0.08774303325282579,0.0030691773757677188,26,0.9991818990092725,0.0007636367895343947,8,53.38461538461539,1.2157631628329937,-1.0
0.08696224978616969,0.0032673328479921274,27,0.9927929199766368,0.0007468675145409928,8,56.76923076923077,1.186300577383775,-1.0
0.08660963391461833,0.0024125370069999585,28,0.9794802239630371,0.0007297252973710758,8,59.307692344372086,1.1032324919333825,-1.0
0.08526801104149358,0.0029551826883107424,29,0.9706951919943094,0.0007122365700810271,8,61.15384618135599,1.0373545184502235,-1.0
0.08637928524562581,0.0035297657490115275,30,0.9892366561107337,0.0006944282990207196,8,61.923076959756706,1.0541276196333078,-1.0
0.08627212411639365,0.0032938836904411965,31,0.9854624411091208,0.0006763279432533592,8,64.15384615384616,0.9611093612817617,-1.0
0.08641572197137232,0.0033812621312046594,32,0.988008928950876,0.0006579634122155992,8,64.76923076923077,0.9624331833766057,-1.0
0.08567102374085649,0.0039343764497475195,33,0.9858982600271702,0.000639363022683212,8,69.15384620886583,0.8663514416034405,-1.0
0.08625167383897034,0.0023657447997141967,34,0.9750250838696957,0.0006205554551086735,8,69.6153846337245,0.856227640738854,-1.0
0.08671596280129795,0.0024266362147913737,35,0.9808022689539939,0.0006015697093979838,8,68.23076921242934,0.8514118079038767,-1.0
0.08688711402514442,0.0036965284327214413,36,0.9966691511217505,0.0005824350601949146,8,71.38461543963506,0.7636882959879362,-1.0
0.08637864703566513,0.0037141724235632205,37,0.9912849799729884,0.0005631810117416299,8,74.15384613550626,0.7286434287291307,-1.0
0.08582855892282995,0.0034120463427494874,38,0.9818797269836068,0.0005438372523852835,8,74.53846154763148,0.6818240235402034,-1.0
0.08696590131148696,0.0033084045121954246,39,0.9932619021274149,0.0005244336088007391,8,74.15384620886583,0.6856776780348558,-1.0
0.08653825140473517,0.0035338880578902635,40,0.9910421778913587,0.0005050000000000001,8,78.38461542129517,0.589487997843669,-1.0
0.08702305825003846,0.0035115339454602113,41,0.9961200139950961,0.0004855663911992613,8,81.3076923076923,0.5114780380175664,-1.0
0.0864398297007111,0.0035650804003869944,42,0.9902971650008112,0.00046616274761471693,8,81.3846153662755,0.5293124875655542,-1.0
0.08709454784085127,0.0034851925235918975,43,0.996615330921486,0.00044681898825837057,8,82.53846157514133,0.4900177003787114,-1.0
0.07742823033847591,0.0033783702899447894,44,0.8891090620309114,0.000427564939805086,8,81.76923078757066,0.4951411509513855,-1.0
0.07938225637190044,0.003723391458730806,45,0.9144230671226978,0.00040843029060201667,8,84.00000001833989,0.45196617456582877,-1.0
0.09669058998538689,0.0036640163003043695,46,1.1041504740715027,0.000389444544891327,8,84.53846157514133,0.4145623016357422,-1.0
0.09449694231575863,0.0030076705892993646,47,1.0728857049252838,0.0003706369773167883,8,86.46153849821825,0.408742922269381,-1.0
0.09795522247441113,0.0025123736228455196,48,1.1054643280804157,0.0003520365877844012,8,83.69230772898747,0.4656637305479783,-1.0
0.09663474733348597,0.0022916736673902383,49,1.0884794529993087,0.0003336720567466412,8,85.0,0.42212805931384745,-1.0
0.09756512292237444,0.0035090644378215075,50,1.11210041702725,0.0003155717009792807,8,87.23076923076923,0.3689512489392207,-1.0
0.09631541221063923,0.003930510445074601,51,1.1029950741212815,0.00029776342991897335,8,90.30769236271198,0.3251518300863413,-1.0
0.09632566348988224,0.0023946190379898658,52,1.0861745260190219,0.00028027470262892445,8,88.15384617218605,0.34547924775343675,-1.0
0.06662212680517272,0.0023505190091038294,53,0.7589944570790976,0.0002631324854590073,8,89.15384617218605,0.2930653456541208,-1.0
0.06041955145668577,0.0037127398166128182,54,0.7056914689019322,0.0002463632104656054,8,92.00000001833989,0.2495646616128775,-1.0
0.07722838705574925,0.003028313396498561,55,0.8830549230333418,0.0002299927346552969,8,92.84615388283363,0.2265596604347229,-1.0
0.06005302492783151,0.003100525884127075,56,0.6949178229551762,0.00021404630011522587,8,94.53846159348122,0.1881935546031365,-1.0
0.08823938519609245,0.0031807899940758944,57,1.005860965931788,0.00019854849509163232,8,94.3076923260322,0.19173817111895636,-1.0
0.08586471781811932,0.0038790721869604154,58,0.9874440340790898,0.00018352321607655918,8,95.61538461538461,0.18142864089745742,-1.0
0.08697793732227926,0.0031298758589069953,59,0.9914262348320335,0.00016899363096119395,8,96.3076923076923,0.14273571954323697,-1.0
0.08848981658758764,0.0031139168634333396,60,1.0078787750098854,0.000154982143312659,8,97.15384619052594,0.12845525448138898,-1.0
0.08859862241132016,0.00307957076636905,61,1.0087025880347937,0.0001415103578293356,8,96.6923076739678,0.12204258753703191,-1.0
0.08908341365697031,0.003172158073125915,62,1.0150495970156044,0.0001285990470279847,8,97.92307697809659,0.10700939453565157,-1.0
0.08790109145709059,0.002331867538900538,63,0.9927997849881649,0.0001162681192140312,8,97.46153846153847,0.10208842873573304,-1.0
0.08839534908871759,0.0033935939850793643,64,1.009915319038555,0.00010453658778440107,8,97.9230769597567,0.09277790161279531,-1.0
0.08958917911249129,0.002983088880269365,65,1.0185816180892289,9.342254191024022e-05,8,98.23076923076923,0.09170351234766153,-1.0
0.08928411034867167,0.00567227682437409,66,1.0448266379535198,8.294311864472437e-05,8,98.46153844319858,0.08644826164612403,-1.0
0.08784056351181459,0.0022712873972275042,67,0.9915190739557147,7.311447649896551e-05,8,98.53846153846153,0.08079986730447182,-1.0
0.08807161973196674,0.003413196081634272,68,1.0066199749708176,6.395177052675794e-05,8,98.46153846153847,0.07880624083372263,-1.0
0.08913025897080926,0.00262080249376595,69,1.0095505891367793,5.546912895658472e-05,8,99.07692305858319,0.06449406454196344,-1.0
0.08897879685867917,0.004705778598277407,70,1.0308214859105647,4.767963140691306e-05,8,99.30769228935242,0.05597377699155074,-1.0
0.08931479251689532,0.003683326490731402,71,1.0232128188945353,4.059528871837034e-05,8,99.07692305858319,0.06035372642370371,-1.0
0.07041007693094964,0.0037325087892399592,72,0.8158134100958705,3.4227024433899e-05,8,99.46153844319858,0.054902588725090025,-1.0
0.09845942866311154,0.0039827386128970165,73,1.1271547770593315,2.8584657955444653e-05,8,99.00000003667978,0.06468875912519602,-1.0
0.0954307987016033,0.0036488766570321536,74,1.090169589035213,2.367688940315011e-05,8,98.92307692307692,0.06284894186716813,-1.0
0.09772257284599949,0.004413355332375927,75,1.123747328063473,1.951128620040094e-05,8,99.0,0.06209881478777299,-1.0
0.09829594453119418,0.0034642361993478103,76,1.1197155669797212,1.6094271405406862e-05,8,99.15384613550626,0.0660322823891273,-1.0
0.09799207550134849,0.0025734981437298384,77,1.106630263151601,1.3431113807311488e-05,8,99.46153846153847,0.05201160101936414,-1.0
0.09648850697770038,0.0054205745585601435,78,1.1212885710410774,1.1525919802101659e-05,8,99.53846159348122,0.051665427134587216,-1.0
0.0983757096215744,0.005880229556086389,79,1.1470951607916504,1.0381627060842164e-05,8,99.38461538461539,0.05202400225859422,-1.0
0.06916328072971241,0.003983897347511215,80,0.8049831851385534,1e-05,8,99.53846153846153,0.04402876577698268,-1.0
0.09479135120372204,0.016945351253856312,1,1.2294034969527274,0.000999618372939158,9,18.000000093664443,2.3222772857121057,-1.0
0.09399113247425041,0.004024491793560711,2,1.0784664279781282,0.0009984740801978985,9,23.571428809847152,2.04913033417293,-1.0
0.09235122059048577,0.002291895957155661,3,1.041330766864121,0.0009965688861926887,9,27.64285727909633,1.9463433831078665,-1.0
0.09287021776915273,0.002870796417648142,4,1.053404426202178,0.0009939057285945933,9,30.357142993382045,1.8532285846982683,-1.0
0.09160048387606036,0.005292615662752228,5,1.0660736691206694,0.0009904887137995992,9,33.071428826877046,1.8030732338769095,-1.0
0.09254552445120433,0.0036845510952513327,6,1.0587987028993666,0.00098632311059685,9,32.64285727909633,1.792710222516741,-1.0
0.09098549809476192,0.0022712687284431672,7,1.0260798980016261,0.0009814153420445555,9,36.00000013623919,1.6797725575310842,-1.0
0.08989813089878722,0.00349542183208872,8,1.027567848097533,0.0009757729755661012,9,39.214285833495005,1.666530955178397,-1.0
0.09260770263658329,0.0034511971964754844,9,1.0568881491199136,0.0009694047112816298,9,40.142857262066435,1.5960389913831439,-1.0
0.09118588510054079,0.003631859001788226,10,1.0432349750772119,0.0009623203685930871,9,41.92857154778072,1.5412245893478393,-1.0
0.09312200294384225,0.0023284409491514616,11,1.0501988190226257,0.0009545308710434153,9,43.78571443898337,1.5003618948800224,-1.0
0.0914755693255839,0.00238192022185434,12,1.0326768411323428,0.0009460482294732422,9,44.00000017029898,1.4667548070635115,-1.0
0.09299580947580663,0.003570682623169639,13,1.0625481680035591,0.0009368855235010348,9,44.571428826877046,1.4374803815569197,-1.0
0.09128661079078236,0.00430178384042599,14,1.0517715599853545,0.0009270568813552758,9,49.64285746642521,1.3775806542805262,-1.0
0.09380997109904209,0.0029379763555797663,15,1.0645242971368134,0.0009165774580897602,9,47.07142879281725,1.391928332873753,-1.0
0.09349910286255181,0.002515943128276955,16,1.056420949054882,0.0009054634122155992,9,51.50000044277736,1.2811263172967093,-1.0
0.0926544992888177,0.0030596933581612325,17,1.0531069340649992,0.0008937318807859689,9,55.07142880984715,1.2410114915030344,-1.0
0.09247540020045232,0.002386936177076264,18,1.0437225450295955,0.0008814009529720156,9,54.21428603785379,1.2423369005748204,-1.0
0.09331877868283879,0.002479777311567556,19,1.054027311038226,0.0008684896421706646,9,56.285714456013274,1.1728715310777937,-1.0
0.09133436659943651,0.003398428586396304,20,1.042304883012548,0.0008550178566873412,9,56.92857166699001,1.1491936901637485,-1.0
0.09260069030675698,0.0022623992355709725,21,1.0438124830834568,0.0008410063690388064,9,60.214285952704294,1.0753262329101563,-1.0
0.09304504769600251,0.004147921117361297,22,1.0693885660730302,0.0008264767839234412,9,62.21428603785379,1.0238785600662232,-1.0
0.09136310628276657,0.003759803440929814,23,1.0466033939737827,0.000811451504908368,9,65.57142874172756,0.9619011579241071,-1.0
0.09484184687872502,0.003602928397330371,24,1.0831915270537138,0.0007959536998847743,9,66.1428576878139,0.9149370922361102,-1.0
0.09262391694144091,0.003269857790490443,25,1.0551168990787119,0.0007800072653447032,9,64.57142891202655,0.9213597675732204,-1.0
0.09137977045876058,0.0040226459968835115,26,1.0496899359859526,0.0007636367895343947,9,68.85714319774083,0.8358706498146057,-1.0
0.0917651465120302,0.003975127400322394,27,1.0533937399741262,0.0007468675145409928,9,70.78571442195347,0.7979909246308463,-1.0
0.0922330419151959,0.00402538899586282,28,1.0590874978806823,0.0007297252973710758,9,70.28571479661124,0.7709733148983546,-1.0
0.0911952967078171,0.002651541917161508,29,1.0325590099673718,0.0007122365700810271,9,73.57142867360797,0.7320525237492153,-1.0
0.0880620198493654,0.0048163313291628256,30,1.0219123070128262,0.0006944282990207196,9,76.28571469443185,0.6645466903277806,-1.0
0.09146937732161446,0.003882331858304414,31,1.0491345801856369,0.0006763279432533592,9,75.35714336803981,0.630558614049639,-1.0
0.09132236743938517,0.003967283928597515,32,1.0484356791712344,0.0006579634122155992,9,80.00000054495675,0.5585448670387269,-1.0
0.09313654190522026,0.004054196369410915,33,1.0693525129463524,0.000639363022683212,9,80.92857166699001,0.5281516630308969,-1.0
0.09472148928960616,0.00398421306586401,34,1.0860121499281377,0.0006205554551086735,9,82.78571449007306,0.4707851609161922,-1.0
0.09230131990360943,0.004445617658678781,35,1.0644667691085488,0.0006015697093979838,9,82.57142901420593,0.459184468133109,-1.0
0.0936232451561161,0.0041892942125824366,36,1.076188668841496,0.0005824350601949146,9,83.8571434361594,0.4527003632272993,-1.0
0.09337688493542373,0.004050685875964436,37,1.07199557707645,0.0005631810117416299,9,85.57142877578735,0.40056743008749823,-1.0
0.09377187145450576,0.003318942173130133,38,1.0683332809712738,0.0005438372523852835,9,86.78571476255145,0.3604190870693752,-1.0
0.09193636783906682,0.0024378641762516713,39,1.0384128158912063,0.0005244336088007391,9,90.14285744939532,0.3095030341829572,-1.0
0.091785976620899,0.003779593114317818,40,1.0514650330878794,0.0005050000000000001,9,90.64285775593349,0.26939665010997227,-1.0
0.0925118113994937,0.003496252783489498,41,1.0563475938979536,0.0004855663911992613,9,93.28571469443185,0.2160313595192773,-1.0
0.09224422191354362,0.003654514375904744,42,1.0551487631164491,0.00046616274761471693,9,93.6428576878139,0.20101699445928847,-1.0
0.09220585855655372,0.0048349879851395435,43,1.0676945399027318,0.00044681898825837057,9,94.78571455819267,0.17150260210037233,-1.0
0.07614246106029234,0.002298183569853956,44,0.8630877418909222,0.000427564939805086,9,95.57142904826573,0.15747923510415213,-1.0
0.09887251909822226,0.00422151234339584,45,1.1342838499695063,0.00040843029060201667,9,94.35714326586042,0.16650661400386266,-1.0
0.10080669741992923,0.0025131980338218536,46,1.1367966670077294,0.000389444544891327,9,96.00000023841858,0.1342158213683537,-1.0
0.10043773182075132,0.0021995284425264054,47,1.1292586070485413,0.0003706369773167883,9,96.21428625924247,0.12278367698192597,-1.0
0.10151875211687927,0.0034218557940965347,48,1.1545914139132947,0.0003520365877844012,9,96.57142884390694,0.11065541888986315,-1.0
0.10058275144547224,0.0023412648376754737,49,1.1324144951067865,0.0003336720567466412,9,97.857143504279,0.08992604975189482,-1.0
0.10078405811112713,0.0036683159626343036,50,1.1492904869373888,0.0003155717009792807,9,97.42857163293021,0.08613076005663191,-1.0
0.10179226983084598,0.002654266162690791,51,1.1492406690958887,0.00029776342991897335,9,98.00000057901654,0.07762961138572012,-1.0
0.08205825136974454,0.0037179432640021496,52,0.9438253520056605,0.00028027470262892445,9,98.28571455819267,0.06486978228603091,-1.0
0.06004973651248623,0.0038775681221688337,53,0.7035107768606395,0.0002631324854590073,9,98.57142915044513,0.0644779645545142,-1.0
0.07832564951174638,0.0034906786697154694,54,0.9002926598768681,0.0002463632104656054,9,98.92857200758797,0.05246247142553329,-1.0
0.06344465610825202,0.0023973377167501235,55,0.7245634640567005,0.0002299927346552969,9,99.28571428571429,0.037218630484172274,-1.0
0.06740286319770596,0.003888929813084277,56,0.784504174022004,0.00021404630011522587,9,99.71428571428571,0.029663335808685846,-1.0
0.09073428581045433,0.003869508562440222,57,1.0409299000166357,0.00019854849509163232,9,99.64285714285714,0.027693695447274617,-1.0
0.0948871647388759,0.003352378431538289,58,1.0809454701375216,0.00018352321607655918,9,99.64285714285714,0.025571083447762898,-1.0
0.09147277834232558,0.0035493457689881325,59,1.0455395090393722,0.00016899363096119395,9,99.78571428571429,0.02135708857859884,-1.0
0.09253937960602343,0.003942167936739596,60,1.06161266611889,0.000154982143312659,9,99.92857142857143,0.019506965540349485,-1.0
0.09172800589691509,0.002974401841956106,61,1.0420899600721896,0.0001415103578293356,9,99.78571428571429,0.017566156727927072,-1.0
0.09208780569447712,0.0039219710213894195,62,1.0564676139038056,0.0001285990470279847,9,99.85714285714286,0.015127101769404752,-1.0
0.09172636897049168,0.004361105849966407,63,1.057257988024503,0.0001162681192140312,9,100.0,0.014844371362456253,-1.0
0.0916339770721441,0.003238563383506103,64,1.0439058768097311,0.00010453658778440107,9,99.71428591864449,0.018925548451287407,-1.0
0.09088760093701156,0.0035850295204330573,65,1.0395085290074348,9.342254191024022e-05,9,99.78571428571429,0.017639968852911678,-1.0
0.09039434371516109,0.0034934073813598266,66,1.0330808239523321,8.294311864472437e-05,9,99.85714285714286,0.014289728121033737,-1.0
0.09175380905666812,0.003692998487333005,67,1.0502194999717176,7.311447649896551e-05,9,99.92857200758797,0.012967180332967213,-1.0
0.09069286109032956,0.003723616182634776,68,1.0388374452013522,6.395177052675794e-05,9,100.0,0.012666109624717916,-1.0
0.09166842415420846,0.003612960392439907,69,1.0483500219415873,5.546912895658472e-05,9,100.0,0.01028446419962815,-1.0
0.093876774253493,0.0034348952837965703,70,1.0707477640826255,4.767963140691306e-05,9,100.0,0.009575918838381768,-1.0
0.09553000419823961,0.0033947647845541887,71,1.0884585180319846,4.059528871837034e-05,9,100.0,0.009644548379416976,-1.0
0.07193888999013738,0.0040246186439286576,72,0.8358515549916774,3.4227024433899e-05,9,99.92857142857143,0.01093260449490377,-1.0
0.09680133645253425,0.0033909697297283196,73,1.102405714103952,2.8584657955444653e-05,9,99.92857142857143,0.009770854727498123,-1.0
0.10358985663730312,0.003618296362798322,74,1.1795931980013847,2.367688940315011e-05,9,100.0,0.011077936669545515,-1.0
0.09770928782580252,0.003780469446527687,75,1.116683755069971,1.951128620040094e-05,9,100.0,0.009468022845685481,-1.0
0.10183861189183187,0.004743845752355727,76,1.1726668239571154,1.6094271405406862e-05,9,99.92857142857143,0.009996264097946031,-1.0
0.10032036000947384,0.0043799524534155025,77,1.1520041869953275,1.3431113807311488e-05,9,100.0,0.008724724474762167,-1.0
0.1009933554186401,0.0040907897690141744,78,1.1562524759210646,1.1525919802101659e-05,9,100.0,0.007658926163400923,-1.0
0.10194672625088556,0.002424389123916626,79,1.148335780017078,1.0381627060842164e-05,9,100.0,0.008496647945472172,-1.0
0.08578054046004334,0.0032996055246754127,80,0.9801475340500474,1e-05,9,100.0,0.008964071800666195,-1.0
0.09861614000207435,0.016170979593880475,1,1.377789521124214,0.000999618372939158,10,16.800000047683717,2.374081481933594,-1.0
0.09143779065925628,0.0035874073510058224,2,1.1405749549157917,0.0009984740801978985,10,22.533333333333335,2.108975503285726,-1.0
0.09101856327227627,0.002394054977533718,3,1.121212390018627,0.0009965688861926887,10,28.733333452542624,1.9251650412877401,-1.0
0.09144560779289652,0.002338265456880132,4,1.1256417520344257,0.0009939057285945933,10,29.79999998410543,1.880325844446818,-1.0
0.09121954330476001,0.0022576756115692356,5,1.1219632509164512,0.0009904887137995992,10,32.06666663487752,1.8136630427042644,-1.0
0.09030418290058151,0.0022271102643571794,6,1.1106131651904434,0.00098632311059685,10,33.46666673024495,1.7539200461705526,-1.0
0.09075115194233756,0.0032875019630106785,7,1.12871329090558,0.0009814153420445555,10,35.73333338896433,1.6993222675323487,-1.0
0.09139263827819377,0.002206352558763077,8,1.1234390770550817,0.0009757729755661012,10,36.26666673819224,1.695837851524353,-1.0
0.08973634879415233,0.002114047451565663,9,1.1024503440130502,0.0009694047112816298,10,38.066666626930235,1.656266821861267,-1.0
0.09018045297125354,0.002223362350681176,10,1.1090959599241614,0.0009623203685930871,10,41.73333335717519,1.561916348139445,-1.0
0.09205875095600884,0.002433689388756951,11,1.134157796856016,0.0009545308710434153,10,44.39999999205271,1.4979990046819052,-1.0
0.09260728596321617,0.0021481794537976384,12,1.1373204980045557,0.0009460482294732422,10,45.39999999205271,1.4651925261815388,-1.0
0.09137851434449355,0.0034067247373362384,13,1.1376711910124868,0.0009368855235010348,10,44.46666671435038,1.4695659968058268,-1.0
0.09048340572432305,0.0034889246841582158,14,1.127925992012024,0.0009270568813552758,10,47.46666669845581,1.4035069341659545,-1.0
0.09098748837520058,0.0034942033623034754,15,1.1340348420199007,0.0009165774580897602,10,47.93333330154419,1.3794737424850463,-1.0
0.09173836328166847,0.003542127145919949,16,1.1436120241414756,0.0009054634122155992,10,50.133333349227904,1.3454419476191202,-1.0
0.09175827990596493,0.0024080132716335356,17,1.1302408161573112,0.0008937318807859689,10,53.333333571751915,1.2747069511413573,-1.0
0.09250626567518339,0.004062273753030847,18,1.1591253268998116,0.0008814009529720156,10,54.66666669845581,1.211295121828715,-1.0
0.0919232292411228,0.004570765692430238,19,1.1582167721353471,0.0008684896421706646,10,55.133333412806195,1.1842828350067138,-1.0
0.09173742557565372,0.003722667519468814,20,1.1457830700092018,0.0008550178566873412,10,57.06666671435038,1.117317876180013,-1.0
0.09206053742673248,0.0029870166520898542,21,1.1408742249477655,0.0008410063690388064,10,59.13333347638448,1.1303862988154094,-1.0
0.09147133503574878,0.002114360472963502,22,1.1232935539446771,0.0008264767839234412,10,58.46666661898295,1.110055765469869,-1.0
0.09143027814570814,0.003482450013204167,23,1.13923559198156,0.000811451504908368,10,61.800000238418576,1.0230584138234455,-1.0
0.08995637474193548,0.0036731001649362347,24,1.1238171430304646,0.0007959536998847743,10,67.86666671435039,0.9169905484517415,-1.0
0.08995882417851438,0.0021034983219578862,25,1.10498765995726,0.0007800072653447032,10,66.80000012715658,0.8829924461046854,-1.0
0.09098372034107645,0.0045501796606307226,26,1.1466495441272855,0.0007636367895343947,10,65.66666688919068,0.8840714972813924,-1.0
0.09211702509007107,0.003138219336202989,27,1.1433243439532816,0.0007468675145409928,10,64.53333350817363,0.9314047924677531,-1.0
0.09087840642314404,0.004448579566087574,28,1.1441775718703866,0.0007297252973710758,10,65.93333322207133,0.9007432581583659,-1.0
0.09098918957170099,0.0022668325109407306,29,1.1193190249614418,0.0007122365700810271,10,71.80000012715658,0.7609951933224995,-1.0
0.08997291590397556,0.0024634474345172444,30,1.1094863750040531,0.0006944282990207196,10,74.33333350817362,0.6768611179987589,-1.0
0.09181928112714861,0.003358547944420328,31,1.1423725669737905,0.0006763279432533592,10,76.19999998410543,0.6492537393569946,-1.0
0.09076420074173559,0.0033560294347504773,32,1.1296907041687518,0.0006579634122155992,10,77.59999996821085,0.6023233841260274,-1.0
0.09110720335350682,0.003944905067328364,33,1.1408886769786477,0.000639363022683212,10,77.46666677792867,0.5786412804921468,-1.0
0.09156468244812761,0.0037688388062330582,34,1.1442498660180718,0.0006205554551086735,10,81.59999995231628,0.5228510885238647,-1.0
0.09086418776617695,0.0040982783151169615,35,1.1398069278802723,0.0006015697093979838,10,84.06666660308838,0.4585596330960592,-1.0
0.09112817491404712,0.00221120408969,36,1.120311516104266,0.0005824350601949146,10,84.19999993642172,0.4395440985361735,-1.0
0.0913042087146702,0.004460341626933466,37,1.149419791996479,0.0005631810117416299,10,84.20000019073487,0.42922862752278645,-1.0
0.0903952168688799,0.0037467454482490816,38,1.1299542339984328,0.0005438372523852835,10,86.93333350817362,0.3644388307730357,-1.0
0.09296743373852223,0.0028555055032484233,39,1.1501210581045598,0.0005244336088007391,10,87.7333335240682,0.3356970014572144,-1.0
0.09210642145869012,0.0027504635315078,40,1.1385399759747088,0.0005050000000000001,10,90.2000001748403,0.28849867725372313,-1.0
0.09053347306326032,0.0028423595940694213,41,1.1207524959463626,0.0004855663911992613,10,90.40000019073486,0.27498789405822754,-1.0
0.0910093021617892,0.003970881594189753,42,1.1400492249522358,0.00046616274761471693,10,88.86666688919067,0.314038374265035,-1.0
0.09166237576088558,0.0032904817489907146,43,1.139683614950627,0.00044681898825837057,10,89.40000019073486,0.2930584162871043,-1.0
0.08870480459881946,0.0021695156465284526,44,1.0907509429380298,0.000427564939805086,10,91.80000011126201,0.243940935532252,-1.0
0.08806846512015909,0.0031970517011359334,45,1.0955166979692876,0.00040843029060201667,10,94.4666667620341,0.18404570651054383,-1.0
0.08295965357683599,0.0033180389242867627,46,1.0355668819975108,0.000389444544891327,10,95.13333342870077,0.15654857436815897,-1.0
0.08691052066084619,0.003382032426695029,47,1.0837578778155148,0.0003706369773167883,10,96.73333338101705,0.12224203217029571,-1.0
0.09937648102641106,0.0032621127320453525,48,1.2319023439195007,0.0003520365877844012,10,97.60000004768372,0.1098285244901975,-1.0
0.09591052931500599,0.003493036434520036,49,1.1930893899407238,0.0003336720567466412,10,97.3333334128062,0.0966437029838562,-1.0
0.09928977388578157,0.002270800022718807,50,1.2189638130366802,0.0003155717009792807,10,98.00000004768371,0.08322639952103297,-1.0
0.10022059921175241,0.0035879536299034953,51,1.245946970069781,0.00029776342991897335,10,98.20000004768372,0.07052935802936554,-1.0
0.10051404814779137,0.00224642752436921,52,1.2333672798704356,0.00028027470262892445,10,98.40000003178915,0.06592005681991576,-1.0
0.10064325665977474,0.003195465076714754,53,1.2463174301665276,0.0002631324854590073,10,98.6,0.06410664445161819,-1.0
0.07224588350315268,0.003769633825868368,54,0.912441911175847,0.0002463632104656054,10,98.80000001589457,0.054853515525658925,-1.0
0.06070796959102154,0.002265410323161632,55,0.7559353809338063,0.0002299927346552969,10,99.00000001589457,0.04540754355986913,-1.0
0.07446056581102312,0.0029744802741333842,56,0.9295521511230618,0.00021404630011522587,10,99.60000003178915,0.03341043934226036,-1.0
0.060719370764369764,0.003279089656037589,57,0.7682663330342621,0.00019854849509163232,10,99.6,0.030198659121990205,-1.0
0.07180164341116324,0.0027519833335342505,58,0.8949590639676899,0.00018352321607655918,10,99.53333333333333,0.030186453064282734,-1.0
0.08663302821029599,0.002060391028256466,59,1.064644165104255,0.00016899363096119395,10,99.46666668256124,0.027883729964494706,-1.0
0.08969545523480822,0.004104411675749968,60,1.1258428490255028,0.000154982143312659,10,99.73333333333333,0.024802498618761697,-1.0
0.09356102669456352,0.0029283185528280833,61,1.158106645103544,0.0001415103578293356,10,99.86666668256125,0.01913357908030351,-1.0
0.09087093874889736,0.0030266218430673084,62,1.1270548929460347,0.0001285990470279847,10,100.0,0.01597168920189142,-1.0
0.09090680813339229,0.002926405616259823,63,1.1262399670667946,0.0001162681192140312,10,99.86666666666666,0.01899730683863163,-1.0
0.0910240479085284,0.002669240755494684,64,1.1245992539916188,0.00010453658778440107,10,99.7333333492279,0.016793290242552758,-1.0
0.09155962022487074,0.0022787884421025715,65,1.1263155261985958,9.342254191024022e-05,10,99.93333333333334,0.020534434999028843,-1.0
0.09042728595280398,0.002260320800511787,66,1.1125099479686469,8.294311864472437e-05,10,100.0,0.013326872875293097,-1.0
0.09052279063810904,0.004236246769626935,67,1.1373670659959316,7.311447649896551e-05,10,99.93333333333334,0.015909808347622553,-1.0
0.09078582401465003,0.0022202266457801065,68,1.116328391013667,6.395177052675794e-05,10,100.0,0.01273026051123937,-1.0
0.09223604324506596,0.00312257466915374,69,1.1445627128705382,5.546912895658472e-05,10,100.0,0.012726766757667065,-1.0
0.09268239722587168,0.0030265250243246555,70,1.1487726960331202,4.767963140691306e-05,10,99.93333333333334,0.013447634053726992,-1.0
0.08921179181197658,0.0032806896100131175,71,1.1101621070411056,4.059528871837034e-05,10,100.0,0.011928190251191456,-1.0
0.09061668217570211,0.004125040742413451,72,1.1372036100365222,3.4227024433899e-05,10,99.86666666666666,0.011297614003221193,-1.0
0.0803524773218669,0.003773439268115908,73,1.0097656110301614,2.8584657955444653e-05,10,99.93333333333334,0.013207495366533597,-1.0
0.08968137086291487,0.0032499206330006323,74,1.1154886679723859,2.367688940315011e-05,10,100.0,0.010275052318970362,-1.0
0.10259959547935675,0.0024504168541170657,75,1.260910103097558,1.951128620040094e-05,10,100.0,0.01060651237765948,-1.0
0.0980917679068322,0.0025532052580577633,76,1.2080360420513898,1.6094271405406862e-05,10,100.0,0.010917985970775286,-1.0
0.10020925964151199,0.002477383609705915,77,1.232536684954539,1.3431113807311488e-05,10,100.0,0.009188105516135693,-1.0
0.09978173894342035,0.002476964805585643,78,1.227399887982756,1.1525919802101659e-05,10,100.0,0.010601576088617245,-1.0
0.10049919384376456,0.0037957384871939817,79,1.2518373162019998,1.0381627060842164e-05,10,99.93333333333334,0.010095188356935979,-1.0
0.10088050542011236,0.003558965244640907,80,1.2535750691313297,1e-05,10,100.0,0.010606267300744852,-1.0
0.0949693514356533,0.013955685113055201,1,1.4163479979615659,0.000999618372939158,11,17.5625,2.30918062210083,-1.0
0.09041557697435984,0.003592007954676564,2,1.2224115328863263,0.0009984740801978985,11,24.1875,2.07639533996582,-1.0
0.09239601866843608,0.0022719602566212416,3,1.2309868910815567,0.0009965688861926887,11,28.6875,1.9274662780761718,-1.0
0.08969185042839783,0.002241933181022222,4,1.1954479599371552,0.0009939057285945933,11,29.8125,1.8385893249511718,-1.0
0.09008813858963549,0.003489627252117946,5,1.2167609110474586,0.0009904887137995992,11,33.5,1.785560646057129,-1.0
0.08997045484228203,0.0024350019207654092,6,1.2015232569538057,0.00098632311059685,11,33.125,1.7514232635498046,-1.0
0.09078748013752584,0.004228085494385316,7,1.2354554729536176,0.0009814153420445555,11,35.875,1.6966757583618164,-1.0
0.09009553993550631,0.003017720300704241,8,1.2107226077932864,0.0009757729755661012,11,38.4375,1.6429850006103515,-1.0
0.0894922325745798,0.00360387943398494,9,1.210492170182988,0.0009694047112816298,11,41.0625,1.5815614700317382,-1.0
0.08900541396668324,0.0020521175689422167,10,1.183991634985432,0.0009623203685930871,11,42.8125,1.5149647140502929,-1.0
0.08920900208445695,0.003802710696338461,11,1.2093930570408702,0.0009545308710434153,11,43.6875,1.5217061996459962,-1.0
0.0897785599450939,0.0019276640557039243,12,1.1924272710457444,0.0009460482294732422,11,43.1875,1.523341474533081,-1.0
0.08961459906556858,0.003236662632284256,13,1.2073297270108014,0.0009368855235010348,11,47.75,1.3943234920501708,-1.0
0.0910636169406084,0.00242090282531885,14,1.2155698530841619,0.0009270568813552758,11,47.3125,1.3999174785614015,-1.0
0.08972688193003145,0.003185934924448912,15,1.2081174349877983,0.0009165774580897602,11,48.0,1.3474710083007813,-1.0
0.08927828822141656,0.002265235624061181,16,1.1903100069612265,0.0009054634122155992,11,52.0625,1.301096019744873,-1.0
0.08861972409515427,0.0033059087581932545,17,1.1952726459130645,0.0008937318807859689,11,52.25,1.2927908897399902,-1.0
0.08966024051635312,0.0020510567925297297,18,1.192504232050851,0.0008814009529720156,11,52.125,1.2448103618621826,-1.0
0.0893665685569151,0.002134434825095993,19,1.1897496390156448,0.0008684896421706646,11,54.9375,1.18284068107605,-1.0
0.088989125421414,0.003785464733552474,20,1.2063101320527494,0.0008550178566873412,11,55.9375,1.1733623838424683,-1.0
0.08854221570520447,0.0033275726824425734,21,1.1951359431259334,0.0008410063690388064,11,57.6875,1.1037058115005494,-1.0
0.09064292610408022,0.0022578475137169543,22,1.207959762075916,0.0008264767839234412,11,62.9375,0.9954461383819581,-1.0
0.08781890286347614,0.0020865146070718765,23,1.1690201021265239,0.000811451504908368,11,63.625,0.9619860744476318,-1.0
0.08933161279688087,0.0024386289028021004,24,1.1932552149519324,0.0007959536998847743,11,65.1875,0.9411888289451599,-1.0
0.09025331060043894,0.002505653716910344,25,1.2061400159727782,0.0007800072653447032,11,65.3125,0.912633638381958,-1.0
0.0896138098413268,0.0024874633930336973,26,1.1975590651854873,0.0007636367895343947,11,68.25,0.8564437747001648,-1.0
0.08917818601744679,0.0026347645236035953,27,1.1938044119160622,0.0007468675145409928,11,70.0,0.8072007822990418,-1.0
0.08928441553591536,0.003528918229186764,28,1.2068150809500366,0.0007297252973710758,11,70.6875,0.7620289993286132,-1.0
0.089812834514305,0.0022509396255302886,29,1.1970665690023452,0.0007122365700810271,11,71.6875,0.7582185697555542,-1.0
0.0894673363162348,0.0033459986846607467,30,1.2068285068962723,0.0006944282990207196,11,71.75,0.7224185371398926,-1.0
0.09136045365952529,0.002054584266331333,31,1.2146921178791672,0.0006763279432533592,11,76.5,0.6459088897705079,-1.0
0.08839720955046897,0.003325982538696665,32,1.1926452820189297,0.0006579634122155992,11,77.6875,0.6379821014404297,-1.0
0.08966442193979254,0.0020244015165819572,33,1.192188364919275,0.000639363022683212,11,81.0625,0.5415868186950683,-1.0
0.08909712112150513,0.003971666957323368,34,1.2101364189293236,0.0006205554551086735,11,79.375,0.5473413574695587,-1.0
0.08919985425801805,0.0023651815807590117,35,1.190586738055572,0.0006015697093979838,11,83.3125,0.46798413038253783,-1.0
0.08953625334498401,0.002409335422831086,36,1.1955443110782653,0.0005824350601949146,11,83.1875,0.44239933967590334,-1.0
0.0886421066064101,0.0025403998577250885,37,1.1856256641913205,0.0005631810117416299,11,83.5625,0.42985652685165404,-1.0
0.08968165095967169,0.0021185394233235945,38,1.193648112937808,0.0005438372523852835,11,84.5625,0.4226926243305206,-1.0
0.08901336173025462,0.0024721888789477255,39,1.189589082961902,0.0005244336088007391,11,86.125,0.3718206310272217,-1.0
0.08915148028888954,0.002191219013184309,40,1.1877483811695129,0.0005050000000000001,11,87.625,0.3328360402584076,-1.0
0.08957407292193519,0.0024402903822752144,41,1.1964856809936464,0.0004855663911992613,11,90.5,0.28781293392181395,-1.0
0.08980462381329674,0.003255657797965866,42,1.2100724750198424,0.00046616274761471693,11,91.8125,0.2595023787021637,-1.0
0.08838863506053503,0.0020982927033820977,43,1.1765717330854386,0.00044681898825837057,11,92.375,0.23126601338386535,-1.0
0.08858313558336633,0.0021644490412794626,44,1.1799684949219227,0.000427564939805086,11,93.125,0.2122209334373474,-1.0
0.09001903895002145,0.0031377754281633175,45,1.2112806800287217,0.00040843029060201667,11,92.6875,0.22203818798065186,-1.0
0.0898527332330839,0.003269676298189622,46,1.2108309539034963,0.000389444544891327,11,93.6875,0.1852898442745209,-1.0
0.08974287209387583,0.0025809342937114146,47,1.200506828026846,0.0003706369773167883,11,95.125,0.15566446721553803,-1.0
0.08038742045083871,0.002730840011141621,48,1.0807767449878156,0.0003520365877844012,11,95.4375,0.14247659504413604,-1.0
0.09034819985166766,0.0030906591564416885,49,1.2149531890172511,0.0003336720567466412,11,97.3125,0.09755772709846497,-1.0
0.09929555321398836,0.002969691171669043,50,1.329708268167451,0.0003155717009792807,11,97.375,0.08977165520191192,-1.0
0.09584960551001132,0.002325676023386992,51,1.2765099669340998,0.00029776342991897335,11,97.5625,0.0792636352777481,-1.0
0.09804385819902214,0.004073078797843594,52,1.3277936410158873,0.00028027470262892445,11,98.0,0.07860368758440017,-1.0
0.09902999680847503,0.003470703977375076,53,1.3327532659750432,0.0002631324854590073,11,98.625,0.05691513493657112,-1.0
0.0989257140049281,0.0021172882272646977,54,1.3138163748662919,0.0002463632104656054,11,99.125,0.04790269792079926,-1.0
0.09039112055101074,0.0021492122994879116,55,1.203251726925373,0.0002299927346552969,11,99.25,0.04630815386772156,-1.0
0.0594140997944543,0.002762561055043569,56,0.8085533359553665,0.00021404630011522587,11,99.4375,0.03473341107368469,-1.0
0.07345463641775915,0.003325440132847199,57,0.9983749259263277,0.00019854849509163232,11,99.4375,0.03542582549154758,-1.0
0.060946305783895344,0.0038424150552600622,58,0.842484736815095,0.00018352321607655918,11,99.5,0.03423808746039867,-1.0
0.059963062566776686,0.002268745366913768,59,0.8092465819790959,0.00016899363096119395,11,99.6875,0.027118112742900848,-1.0
0.08981008390681101,0.0019977127130214986,60,1.1937357990536839,0.000154982143312659,11,99.4375,0.031405680999159816,-1.0
0.08425071708356532,0.0028845509156011618,61,1.133054208010435,0.0001415103578293356,11,99.6875,0.024119532480835915,-1.0
0.08761475317609999,0.0049452089095631474,62,1.2035698210820556,0.0001285990470279847,11,99.9375,0.016624687388539314,-1.0
0.08943942006534109,0.0029419347858772827,63,1.2011988651938736,0.0001162681192140312,11,99.6875,0.022730073183774947,-1.0
0.08918353299108836,0.0033332184673501896,64,1.2029507390689105,0.00010453658778440107,11,99.9375,0.015399145856499673,-1.0
0.08953129505523695,0.002718031406402588,65,1.1994857010431588,9.342254191024022e-05,11,99.9375,0.015593998059630394,-1.0
0.08817679529937987,0.004435664078650566,66,1.2042031229939312,8.294311864472437e-05,11,99.6875,0.01856919527053833,-1.0
0.08996964607817623,0.002661078917579009,67,1.2044419380836189,7.311447649896551e-05,11,99.875,0.013456276580691338,-1.0
0.08961374667258216,0.0022076907961700973,68,1.193927159998566,6.395177052675794e-05,11,99.9375,0.0177344411611557,-1.0
0.0884007669519633,0.003158708980593544,69,1.1905218409374356,5.546912895658472e-05,11,99.9375,0.014791552647948266,-1.0
0.09066709143539461,0.0019938145549251484,70,1.2048331799451262,4.767963140691306e-05,11,99.8125,0.013587097078561783,-1.0
0.09098929836629675,0.0031324242456601216,71,1.2238231250084937,4.059528871837034e-05,11,99.875,0.014527353420853616,-1.0
0.09091582022105846,0.0030203863190343748,72,1.2214404500555247,3.4227024433899e-05,11,99.875,0.013301584050059318,-1.0
0.08996475387651187,0.0021523476506655034,73,1.1977694011293352,2.8584657955444653e-05,11,99.9375,0.01202879123389721,-1.0
0.07414261461235583,0.0029934212171400967,74,1.003026283113286,2.367688940315011e-05,11,99.8125,0.014319100454449653,-1.0
0.09627603952629635,0.002113510944092503,75,1.2793193480465561,1.951128620040094e-05,11,99.9375,0.012414434254169463,-1.0
0.09610882863545647,0.002211013987946969,76,1.2784209190867841,1.6094271405406862e-05,11,100.0,0.01172409325838089,-1.0
0.09889961492556792,0.003072371992927331,77,1.3258780031464994,1.3431113807311488e-05,11,99.9375,0.010184561684727669,-1.0
0.09967633659163347,0.002913602878554509,78,1.3339177260641009,1.1525919802101659e-05,11,99.9375,0.010435736104846001,-1.0
0.09754407812411395,0.0030018229467364457,79,1.3078674688003957,1.0381627060842164e-05,11,99.6875,0.015719334110617638,-1.0
0.09905257987646529,0.003204299817578151,80,1.3295877089258283,1e-05,11,99.9375,0.011069270744919778,-1.0
0.09542233626624304,0.03405371173617563,1,1.8130572198424488,0.000999618372939158,12,16.47058824230643,2.350033893585205,-1.0
0.09032804778377924,0.0028331026468159898,2,1.3045293549075723,0.0009984740801978985,12,21.823529413517782,2.112328239328721,-1.0
0.08451154023142797,0.0019870211170720203,3,1.211247461149469,0.0009965688861926887,12,25.882352951694937,1.965684887381161,-1.0
0.08853130090782153,0.0018522540340200067,4,1.2656140860635787,0.0009939057285945933,12,26.82352943981395,1.9197269922144273,-1.0
0.08935982905261751,0.00188767201533275,5,1.2776987259276211,0.0009904887137995992,12,30.058823522399454,1.8618705497068517,-1.0
0.08844913064967841,0.0029526258585974574,6,1.2798846000805497,0.00098632311059685,12,30.823529397740085,1.8156536506204044,-1.0
0.08889202211451318,0.0028352945311261074,7,1.284497815882787,0.0009814153420445555,12,32.70588233190424,1.8000530658048741,-1.0
0.08966219112543124,0.0029476043668442537,8,1.2968648890964687,0.0009757729755661012,12,36.94117647058823,1.7230351358301499,-1.0
0.0918231520502429,0.002332758308122201,9,1.318506269948557,0.0009694047112816298,12,39.17647060225992,1.6362047268362607,-1.0
0.09113843531148243,0.0033936381306765334,10,1.3237489580642432,0.0009623203685930871,12,42.35294119750752,1.5909943513309255,-1.0
0.08888373816651958,0.0025076311846662846,11,1.2797692860476673,0.0009545308710434153,12,37.17647061628454,1.6421014673569623,-1.0
0.09009529365825333,0.002416841186849134,12,1.2954656321089715,0.0009460482294732422,12,41.70588233190424,1.540512659409467,-1.0
0.08921503703043397,0.002939766173117927,13,1.290418982040137,0.0009368855235010348,12,44.05882351538714,1.5204205504585715,-1.0
0.08968278815570686,0.0035106923564204146,14,1.3049622371327132,0.0009270568813552758,12,42.82352939072777,1.5345420669106875,-1.0
0.0907690405646073,0.0031494913689259973,15,1.3151347399689257,0.0009165774580897602,12,45.05882355746101,1.461401447688832,-1.0
0.09071825925327305,0.00227524182160518,16,1.3021733718924224,0.0009054634122155992,12,47.1764705882353,1.3951803417766795,-1.0
0.08924752508755773,0.003061735487010862,17,1.2925905790179968,0.0008937318807859689,12,47.764705917414496,1.4101621821347405,-1.0
0.09063292284762221,0.00329311700936939,18,1.3152346219867468,0.0008814009529720156,12,49.35294123256908,1.3557781076431275,-1.0
0.09045194792893849,0.0025903815736195873,19,1.302860455121845,0.0008684896421706646,12,51.411764705882355,1.304530621135936,-1.0
0.08953378163278103,0.0019169346529192158,20,1.2805717107839882,0.0008550178566873412,12,54.70588231086731,1.2082406607796163,-1.0
0.08955625805538148,0.0021521860201443943,21,1.2841828628443182,0.0008410063690388064,12,52.35294123256908,1.2426937984017765,-1.0
0.0899165139832933,0.0025038052948990037,22,1.2942187499720603,0.0008264767839234412,12,53.82352939774008,1.1730087358811323,-1.0
0.08961643459874072,0.003397642618178257,23,1.3025089090224355,0.000811451504908368,12,58.58823527308071,1.1219599872476915,-1.0
0.09015399403870106,0.0025455635373613666,24,1.2980480080004781,0.0007959536998847743,12,59.05882351538714,1.1101011399661793,-1.0
0.08831747659548585,0.002141824407902147,25,1.2667069190647453,0.0007800072653447032,12,62.05882357148563,1.020213039342095,-1.0
0.08993269621195006,0.003476317789006446,26,1.3079664269462228,0.0007636367895343947,12,61.88235289910261,1.0150707474876852,-1.0
0.08876655019620168,0.0028286938655323218,27,1.2826016498729587,0.0007468675145409928,12,61.41176474795622,1.036299299773048,-1.0
0.090508257338245,0.002322424801864794,28,1.2998758000321686,0.0007297252973710758,12,64.35294113439672,0.9646377365729388,-1.0
0.08887124686901059,0.00357016856183431,29,1.2944185950327665,0.0007122365700810271,12,65.47058826334336,0.9214635058010325,-1.0
0.08870210455331419,0.00327060221960502,30,1.287859366973862,0.0006944282990207196,12,66.8823529552011,0.8840325842184179,-1.0
0.08926114987116307,0.002313213622463601,31,1.2822747798636556,0.0006763279432533592,12,67.00000001402462,0.8762966360765345,-1.0
0.08995792886707932,0.002713361555444343,32,1.297679838957265,0.0006579634122155992,12,68.94117652668672,0.8316316820593441,-1.0
0.08896415304791715,0.0035450084667120662,33,1.295428290963173,0.000639363022683212,12,73.29411771718193,0.7547493837861454,-1.0
0.0893491034928177,0.0025518901446568115,34,1.287004536949098,0.0006205554551086735,12,72.94117642851437,0.7199433422088624,-1.0
0.08981084635680807,0.0021858964381473406,35,1.2883325261063874,0.0006015697093979838,12,76.52941176470588,0.633173202346353,-1.0
0.0903419427008235,0.0027125368027814795,36,1.3031104039400816,0.0005824350601949146,12,76.82352936969085,0.6222056562760298,-1.0
0.08991464548411646,0.0028229758110163467,37,1.2985791168175638,0.0005631810117416299,12,78.47058820724487,0.5728597077201395,-1.0
0.08820029436278023,0.0025137481445978794,38,1.270243254955858,0.0005438372523852835,12,78.64705885859097,0.5970436345829683,-1.0
0.0909455104265362,0.003889849725445466,39,1.327939648879692,0.0005244336088007391,12,79.94117652668672,0.5415749125620898,-1.0
0.08897247862270367,0.002899661660194397,40,1.286448771134019,0.0005050000000000001,12,80.76470588235294,0.5448141099424924,-1.0
0.08890781095916671,0.0034536035465342657,41,1.2934066620655358,0.0004855663911992613,12,83.17647065835841,0.47172018612132355,-1.0
0.08926013464640294,0.0034605655652870026,42,1.2985865778755397,0.00046616274761471693,12,83.99999998597538,0.43399165069355683,-1.0
0.08762339296351586,0.0029260270364050356,43,1.267952901078388,0.00044681898825837057,12,88.4705882212695,0.3422601645133075,-1.0
0.08980480473422046,0.0022626491928739207,44,1.2892229522112757,0.000427564939805086,12,90.41176473393159,0.2892286846216987,-1.0
0.08897031264911805,0.0033553404168092777,45,1.2928670549299568,0.00040843029060201667,12,89.88235292715184,0.2980614933546852,-1.0
0.09059176078465368,0.0030576849988262567,46,1.3113947550300509,0.000389444544891327,12,89.7647059244268,0.29155401931089514,-1.0
0.0889331917943699,0.0019725662090682556,47,1.2729718980845064,0.0003706369773167883,12,90.35294113439672,0.26778124185169444,-1.0
0.09026428879172142,0.004201800562441349,48,1.322819532128051,0.0003520365877844012,12,90.70588240903966,0.26262905043714185,-1.0
0.08985317865985312,0.003154206122936947,49,1.302356885978952,0.0003336720567466412,12,91.1176470447989,0.23673803806304933,-1.0
0.07772797838385616,0.0025583176008824792,50,1.124240401899442,0.0003155717009792807,12,91.94117654071135,0.22368933568982516,-1.0
0.09398285302865718,0.002683101687580347,51,1.3535607820376754,0.00029776342991897335,12,93.9411765126621,0.19343399146023918,-1.0
0.09584929213659572,0.0032211242942139506,52,1.3872183291241527,0.00028027470262892445,12,93.99999997195076,0.17719901098924526,-1.0
0.09795473464432039,0.00299381571156638,53,1.413523631170392,0.0002631324854590073,12,95.58823533619152,0.14533036431845497,-1.0
0.09807717731954264,0.0028954475419595838,54,1.4138786809053272,0.0002463632104656054,12,96.23529408959782,0.12463648003690384,-1.0
0.09835265894486968,0.0031121258424328907,55,1.4207459359895438,0.0002299927346552969,12,97.82352938371547,0.09573361090000938,-1.0
0.0996834041517494,0.002339231997861394,56,1.4285589589271694,0.00021404630011522587,12,98.23529418777017,0.08256502211093902,-1.0
0.06602411357952016,0.003107275714033416,57,0.9680774870794266,0.00019854849509163232,12,97.94117654071135,0.08196891763631035,-1.0
0.06989145874311882,0.0032101801729628016,58,1.0236611920408905,0.00018352321607655918,12,98.05882350136253,0.0828590933715596,-1.0
0.06199849365345601,0.0018230505686785495,59,0.8937377040274441,0.00016899363096119395,12,98.3529411764706,0.07229918170501204,-1.0
0.060146133648231626,0.0020015378416116747,60,0.8702953031752259,0.000154982143312659,12,98.64705879548016,0.05851998320397209,-1.0
0.08599866010315184,0.0031525801833985107,61,1.248363272054121,0.0001415103578293356,12,99.47058820724487,0.050779484072152305,-1.0
0.08625907292922161,0.0034192862055663553,62,1.255725028924644,0.0001285990470279847,12,98.94117644253899,0.048049091889577754,-1.0
0.0880084427273167,0.003528982417524925,63,1.281758694909513,0.0001162681192140312,12,99.0,0.04496787705842186,-1.0
0.0887210862711072,0.003150896867737174,64,1.28644327679649,0.00010453658778440107,12,99.70588235294117,0.03498501164948239,-1.0
0.08584979858382472,0.003295796274739717,65,1.2482740019913763,9.342254191024022e-05,12,99.05882350136253,0.04361127176705529,-1.0
0.08949435384212327,0.0030926045895154986,66,1.296456716954708,8.294311864472437e-05,12,99.58823526606841,0.036452900627080134,-1.0
0.09065517892927996,0.003234097917032029,67,1.3147740219719708,7.311447649896551e-05,12,99.52941183482899,0.032102958174312815,-1.0
0.0894014875936721,0.0025819012662395835,68,1.2881138129159808,6.395177052675794e-05,12,99.6470588235294,0.02814813338658389,-1.0
0.0894603261757376,0.0020912071756486383,69,1.2820349368266761,5.546912895658472e-05,12,99.58823536424076,0.032876414446269764,-1.0
0.08944618577204112,0.0033360786536442383,70,1.2992477850057185,4.767963140691306e-05,12,99.76470588235294,0.03044027723810252,-1.0
0.08911364681885711,0.002129442324595792,71,1.2776361368596554,4.059528871837034e-05,12,99.76470588235294,0.02810980277026401,-1.0
0.09059549824866865,0.002463600964152387,72,1.3030597369652241,3.4227024433899e-05,12,99.70588235294117,0.02536195460926084,-1.0
0.08995306536754859,0.001961285780583109,73,1.287094647064805,2.8584657955444653e-05,12,99.94117647058823,0.020478253018330124,-1.0
0.07474116571912807,0.001864809709201966,74,1.0727123278193176,2.367688940315011e-05,12,99.6470588235294,0.024888410568237304,-1.0
0.09501469975137818,0.002789264395167785,75,1.3694995839614421,1.951128620040094e-05,12,99.94117647058823,0.022747056107310686,-1.0
0.09634634130634367,0.0018590654113462993,76,1.3752109061460942,1.6094271405406862e-05,12,99.64705889365253,0.02222159972962211,-1.0
0.09846198005003057,0.002834293958065765,77,1.4184194628614932,1.3431113807311488e-05,12,99.88235294117646,0.022901901217067942,-1.0
0.0992154588457197,0.0026892393694392274,78,1.4269204770680517,1.1525919802101659e-05,12,99.88235291312722,0.02029760362470851,-1.0
0.09871875908824482,0.003156933401312147,79,1.4265122439246625,1.0381627060842164e-05,12,99.94117647058823,0.019003486247623668,-1.0
0.09900630739450987,0.0027584321796894073,80,1.424950058106333,1e-05,12,99.94117647058823,0.022010306339053546,-1.0
0.09393376541944841,0.012824253117044767,1,1.6016594420652837,0.000999618372939158,13,16.77777777777778,2.3623036702473956,-1.0
0.08862858737508456,0.001821456430479884,2,1.3570176458451897,0.0009984740801978985,13,23.0,2.122703314887153,-1.0
0.08791715103822449,0.0017562360347559054,3,1.3453725441358984,0.0009965688861926887,13,23.944444444444443,2.050331353081597,-1.0
0.08807140692758063,0.002589753068362673,4,1.3601679462008178,0.0009939057285945933,13,25.444444444444443,1.9872650824652778,-1.0
0.0900253874870638,0.002147967849547664,5,1.3828673409298062,0.0009904887137995992,13,26.61111111111111,1.9247903103298611,-1.0
0.08886123161452512,0.002879453512529532,6,1.37640191311948,0.00098632311059685,13,28.333333333333332,1.908428955078125,-1.0
0.08877714786988994,0.0018242881943782172,7,1.3593195080757141,0.0009814153420445555,13,29.38888888888889,1.8764502631293403,-1.0
0.08930391028213004,0.00178126972168684,8,1.366514745168388,0.0009757729755661012,13,31.333333333333332,1.8118965657552084,-1.0
0.08884340163009861,0.0026880372936526936,9,1.3732156897895038,0.0009694047112816298,13,31.055555555555557,1.7998890516493056,-1.0
0.08889964522483448,0.00295786849843959,10,1.378153130877763,0.0009623203685930871,13,32.888888888888886,1.7590274386935765,-1.0
0.08897424852475525,0.0025696836101512114,11,1.3734464719891548,0.0009545308710434153,13,33.611111111111114,1.7817920600043402,-1.0
0.08802315670376022,0.0026483050857981044,12,1.3603112858254462,0.0009460482294732422,13,33.666666666666664,1.7471970452202692,-1.0
0.08851105496287345,0.002753236300001542,13,1.3692090848926455,0.0009368855235010348,13,35.888888888888886,1.7062665473090277,-1.0
0.0893305322000136,0.0017639422789216042,14,1.366661723004654,0.0009270568813552758,13,37.94444444444444,1.6678768242730035,-1.0
0.08954088330889741,0.0027737852341185015,15,1.384956262074411,0.0009165774580897602,13,34.72222222222222,1.7137683444552951,-1.0
0.08808862385340036,0.0031168220099061727,16,1.3683257650118321,0.0009054634122155992,13,37.611111111111114,1.6509632364908855,-1.0
0.08794397693127394,0.0027253723237663507,17,1.3602816809434444,0.0008937318807859689,13,39.333333333333336,1.6074934556749132,-1.0
0.08805235318529109,0.002642687813689311,18,1.360662060091272,0.0008814009529720156,13,42.111111111111114,1.5396827697753905,-1.0
0.08956243220406274,0.0019281047862023115,19,1.3726011498365551,0.0008684896421706646,13,43.05555555555556,1.5296430291069878,-1.0
0.08852228559553624,0.0028440750669687987,20,1.3707357300445437,0.0008550178566873412,13,41.666666666666664,1.5316366238064236,-1.0
0.08732035059171418,0.0016944620603074631,21,1.335464924108237,0.0008410063690388064,13,45.388888888888886,1.4531411404079861,-1.0
0.08916521252443393,0.0023298554743329683,22,1.3726579181384295,0.0008264767839234412,13,47.388888888888886,1.423311750623915,-1.0
0.08993262033909559,0.0027912380018581947,23,1.3910999689251184,0.000811451504908368,13,46.55555555555556,1.4475782775878907,-1.0
0.08846854326936106,0.0034416375992198786,24,1.3789037889800966,0.0007959536998847743,13,45.0,1.451194127400716,-1.0
0.08646514052525163,0.0018372767294446628,25,1.324865432921797,0.0007800072653447032,13,46.27777777777778,1.4343565453423395,-1.0
0.08831397321385642,0.0016600550462802252,26,1.3498405390419066,0.0007636367895343947,13,49.22222222222222,1.3636845397949218,-1.0
0.08856817414052784,0.0029652114026248455,27,1.3732456101570278,0.0007468675145409928,13,48.111111111111114,1.3493358696831597,-1.0
0.08899300891595582,0.0023633544178058704,28,1.3705836569424719,0.0007297252973710758,13,50.55555555555556,1.3057922871907552,-1.0
0.08812493989244104,0.0027557721671958766,29,1.3634452121332288,0.0007122365700810271,13,51.05555555555556,1.3547658199734158,-1.0
0.08862520398882529,0.0029938522726297378,30,1.3745266150217503,0.0006944282990207196,13,53.55555555555556,1.2799098290337456,-1.0
0.0884929917131861,0.0018958906177431345,31,1.3560760498512536,0.0006763279432533592,13,52.0,1.2504127078586154,-1.0
0.08862439580261708,0.0029358092695474626,32,1.3736478928476572,0.0006579634122155992,13,55.166666666666664,1.1980213165283202,-1.0
0.08859408951054017,0.002851179816449682,33,1.3719150049146265,0.000639363022683212,13,57.22222222222222,1.1665194617377388,-1.0
0.09004310558860501,0.0033029602840542794,34,1.4004408328328282,0.0006205554551086735,13,54.388888888888886,1.2346556854248047,-1.0
0.08816669515023629,0.0029666108544915914,35,1.3672395388130099,0.0006015697093979838,13,55.666666666666664,1.2151939646402994,-1.0
0.08990390580147505,0.002025114465504885,36,1.3791921688243747,0.0005824350601949146,13,53.05555555555556,1.2214528147379557,-1.0
0.09013565968101224,0.0017361093157281478,37,1.3783796289935708,0.0005631810117416299,13,58.55555555555556,1.1410269249810112,-1.0
0.08933689940410355,0.002158236068983873,38,1.3727132908534259,0.0005438372523852835,13,60.77777777777778,1.0701933924357097,-1.0
0.0890209069630752,0.002459597835938136,39,1.372513490030542,0.0005244336088007391,13,61.77777777777778,1.0297769927978515,-1.0
0.08974217013455928,0.0018297815229743719,40,1.3738727460149676,0.0005050000000000001,13,63.55555555555556,0.9875314797295465,-1.0
0.08830716639446716,0.0035042469389736652,41,1.3774174491409212,0.0004855663911992613,13,64.72222222222223,0.9692949506971571,-1.0
0.0886295863116781,0.0017961485621829827,42,1.3566294079646468,0.00046616274761471693,13,65.77777777777777,0.924699935913086,-1.0
0.0888774285869052,0.002515878947451711,43,1.3711498980410397,0.00044681898825837057,13,66.88888888888889,0.8883723958333334,-1.0
0.08900638061265151,0.0017247946467250585,44,1.3612016399856657,0.000427564939805086,13,69.66666666666667,0.8419929885864258,-1.0
0.08828969926883777,0.003185488066325585,45,1.372366608120501,0.00040843029060201667,13,69.27777777777777,0.8445886993408203,-1.0
0.08894369356955091,0.0030532686971127985,46,1.3801984288729727,0.000389444544891327,13,72.05555555555556,0.7848687235514323,-1.0
0.0885315662715584,0.001927721065779527,47,1.357176739955321,0.0003706369773167883,13,72.0,0.7502992078993056,-1.0
0.08917540277664861,0.003181966890891393,48,1.38565385597758,0.0003520365877844012,13,73.16666666666667,0.7368364164564345,-1.0
0.08873792191346487,0.0018537008824447792,49,1.359172368887812,0.0003336720567466412,13,73.44444444444444,0.7042734188503689,-1.0
0.08911111415363848,0.002019154125203689,50,1.3671908280812204,0.0003155717009792807,13,75.27777777777777,0.665737542046441,-1.0
0.0888430715383341,0.002157413400709629,51,1.365243589039892,0.00029776342991897335,13,76.22222222222223,0.6499765904744467,-1.0
0.07313321675173938,0.0030424497245500485,52,1.1429105990100652,0.00028027470262892445,13,75.66666666666667,0.6457817671034071,-1.0
0.0966837134057035,0.002649837468440334,53,1.4903952311724424,0.0002631324854590073,13,79.83333333333333,0.5750365405612522,-1.0
0.09523759274743497,0.002635084977373481,54,1.4683968171011657,0.0002463632104656054,13,80.22222222222223,0.566708804236518,-1.0
0.09766901422602435,0.002757667377591133,55,1.506669077090919,0.0002299927346552969,13,80.33333333333333,0.5458700434366862,-1.0
0.09873338537290692,0.00196090335957706,56,1.510647710878402,0.00021404630011522587,13,81.44444444444444,0.5275667360093859,-1.0
0.09807536047883332,0.0030032617195198934,57,1.516490849899128,0.00019854849509163232,13,81.05555555555556,0.5435425588819716,-1.0
0.08797227889299393,0.0025578325769553584,58,1.3582705399021506,0.00018352321607655918,13,82.33333333333333,0.5003616523742676,-1.0
0.05895262765698135,0.0022249821418275435,59,0.9179537710733712,0.00016899363096119395,13,80.66666666666667,0.5567652448018392,-1.0
0.07590578297773996,0.002290455484762788,60,1.173182365950197,0.000154982143312659,13,83.22222222222223,0.4728156206342909,-1.0
0.06031428660886983,0.0018671555134157339,61,0.9329664779361337,0.0001415103578293356,13,85.44444444444444,0.4389313856760661,-1.0
0.08442043171574672,0.002856478358929356,62,1.3093864899128675,0.0001285990470279847,13,85.55555555555556,0.3993427764044868,-1.0
0.08711810585421821,0.0025960277455548447,63,1.346048368141055,0.0001162681192140312,13,87.05555555555556,0.3796827263302273,-1.0
0.08768584239296615,0.0018630453385412693,64,1.3434694700408727,0.00010453658778440107,13,87.38888888888889,0.3681306966145833,-1.0
0.09016322325915098,0.0017288942045221726,65,1.3791405300144106,9.342254191024022e-05,13,86.33333333333333,0.3877873950534397,-1.0
0.08993388262266915,0.0028973041102290154,66,1.3927184068597853,8.294311864472437e-05,13,89.05555555555556,0.33658336215549045,-1.0
0.08995810830965638,0.0016616967506706715,67,1.3745345619972795,7.311447649896551e-05,13,88.61111111111111,0.3433371247185601,-1.0
0.09003077520368,0.002505443664267659,68,1.388345146086067,6.395177052675794e-05,13,89.5,0.3142547342512343,-1.0
0.08811143999919295,0.0029417692683637144,69,1.3661124911159277,5.546912895658472e-05,13,89.5,0.31093886693318684,-1.0
0.0894553474461039,0.0030214267627646525,70,1.3874534668866545,4.767963140691306e-05,13,90.55555555555556,0.2944145101971096,-1.0
0.08929046473155419,0.002755158937846621,71,1.3809723369777203,4.059528871837034e-05,13,91.94444444444444,0.2761828645070394,-1.0
0.088793823045368,0.0018085980322211982,72,1.3593471921049058,3.4227024433899e-05,13,92.33333333333333,0.27172394858466253,-1.0
0.0896884091043224,0.002542551560327411,73,1.3837316008284688,2.8584657955444653e-05,13,93.05555555555556,0.2426744196150038,-1.0
0.07870142265843848,0.0022753254665682713,74,1.2148817179258913,2.367688940315011e-05,13,94.22222222222223,0.22920718722873265,-1.0
0.09411123492754996,0.001755241071805358,75,1.438274985877797,1.951128620040094e-05,13,93.11111111111111,0.24378385649787054,-1.0
0.0969345693786939,0.003544975615416964,76,1.507432292914018,1.6094271405406862e-05,13,93.5,0.2385237815645006,-1.0
0.09809379333940645,0.0018363838549703359,77,1.4992460480425507,1.3431113807311488e-05,13,93.27777777777777,0.24286000887552897,-1.0
0.09785340062032143,0.001972006649399797,78,1.4976785751059651,1.1525919802101659e-05,13,93.16666666666667,0.2360331588321262,-1.0
0.09861686041889091,0.0018168954489131768,79,1.5068086420651525,1.0381627060842164e-05,13,93.94444444444444,0.22914469454023573,-1.0
0.09428495361159245,0.003725388056288163,80,1.4704458811320364,1e-05,13,94.72222222222223,0.21812393109003703,-1.0
0.09549856525845826,0.011731472549339135,1,1.6087335699703544,0.000999618372939158,14,19.105263170443084,2.2867550503580194,-1.0
0.09354291772469878,0.0017589178091535966,2,1.429824598133564,0.0009984740801978985,14,21.210526365982858,2.093919805225573,-1.0
0.09308882610251507,0.0017795134335756302,3,1.4233121329452842,0.0009965688861926887,14,25.105263186128514,1.989640723278648,-1.0
0.09460126427002251,0.0030090407934039833,4,1.464434466091916,0.0009939057285945933,14,27.947368370859248,1.8917495258230912,-1.0
0.09247482324329516,0.0017698650248348714,5,1.4139265469275415,0.0009904887137995992,14,31.42105271941737,1.8197992939698069,-1.0
0.09182849892725548,0.002478807078053554,6,1.4148886480834335,0.00098632311059685,14,34.63157894109425,1.7671666832974082,-1.0
0.09380997627352675,0.002915188732246558,7,1.4511150710750371,0.0009814153420445555,14,34.78947374067808,1.716209334072314,-1.0
0.09303735299035906,0.0017740705981850625,8,1.4224226311780512,0.0009757729755661012,14,36.42105265667564,1.672241920671965,-1.0
0.09354385368836422,0.0016715801786631346,9,1.4284762549214065,0.0009694047112816298,14,39.526315795747855,1.6049596869318108,-1.0
0.09336741639611622,0.0017303296054402987,10,1.4267168859951198,0.0009623203685930871,14,41.263157857091805,1.566442050933838,-1.0
0.09271912368324896,0.002751583388696114,11,1.4323069951497018,0.0009545308710434153,14,41.526315795747855,1.562533615011918,-1.0
0.09399904566816986,0.001755218394100666,12,1.4365596189163625,0.0009460482294732422,14,43.94736842732681,1.5053498654616506,-1.0
0.09300371070081989,0.0025425460189580917,13,1.4334334710147232,0.0009368855235010348,14,44.89473682955692,1.4509749342265883,-1.0
0.09337811248066524,0.0029005509335547686,14,1.4444591491483152,0.0009270568813552758,14,48.47368419797797,1.3829321449681333,-1.0
0.09415104320893684,0.0033389161185671886,15,1.4627467661630362,0.0009165774580897602,14,50.05263171697918,1.357582492828369,-1.0
0.09253454902209342,0.002239607119311889,16,1.4218990721274167,0.0009054634122155992,14,50.57894731822767,1.3202994647778963,-1.0
0.09308609156869352,0.002764480964591106,17,1.4380136411637068,0.0008937318807859689,14,51.15789478703549,1.29468555651213,-1.0
0.09325491931910317,0.0024052603480716546,18,1.4351441271137446,0.0008814009529720156,14,52.684210545138306,1.265345058441162,-1.0
0.09311436798113087,0.0019199258182197808,19,1.4258062648586929,0.0008684896421706646,14,57.21052634088617,1.1436529039081775,-1.0
0.09288791175931692,0.002433867643897732,20,1.4300993499346077,0.0008550178566873412,14,58.7894737595006,1.1152519100590756,-1.0
0.09317423227864007,0.0028008758556097744,21,1.4398876638151705,0.0008410063690388064,14,56.84210528825459,1.1103156905425222,-1.0
0.09314918726061781,0.0028538800155123076,22,1.4402991780079901,0.0008264767839234412,14,63.052631729527526,1.0008145003569753,-1.0
0.09236904359422624,0.002740969353665908,23,1.4269016499165446,0.000811451504908368,14,62.42105265667564,0.9720789909362793,-1.0
0.09359672193725904,0.0020919510629028083,24,1.4356184878852218,0.0007959536998847743,14,64.73684220564992,0.9460055092761391,-1.0
0.0918945545485864,0.0031243883228550353,25,1.4255339559167624,0.0007800072653447032,14,65.42105266922398,0.9226227406451577,-1.0
0.09269974357448518,0.003282186295837164,26,1.4399823669809848,0.0007636367895343947,14,66.21052627814443,0.9125671579963283,-1.0
0.09289610122020046,0.002878948968524734,27,1.436955678043887,0.0007468675145409928,14,68.68421055141248,0.8152542412908453,-1.0
0.09061028673313558,0.0023459578553835553,28,1.3946394929662347,0.0007297252973710758,14,67.26315786964015,0.8581490568110818,-1.0
0.09213765651608506,0.0019134835495303074,29,1.4110156130045652,0.0007122365700810271,14,73.21052650401467,0.7402478233136629,-1.0
0.08988948166370392,0.0026998111978173258,30,1.3890838199295104,0.0006944282990207196,14,74.57894741861443,0.6758111544659263,-1.0
0.09188633617013693,0.002532689164703091,31,1.416536808013916,0.0006763279432533592,14,76.99999992470993,0.6330514802430806,-1.0
0.08962964261882007,0.001934806847323974,32,1.3737146249040961,0.0006579634122155992,14,77.78947360892045,0.6211802408569738,-1.0
0.09427128906051317,0.0031018291289607682,33,1.4608582051005214,0.000639363022683212,14,77.94736840850429,0.6112226670666745,-1.0
0.0931100538931787,0.0023167400310436883,34,1.431646617129445,0.0006205554551086735,14,79.15789474939045,0.5882780071308739,-1.0
0.09301683604717255,0.0025910360117753347,35,1.4343809050042182,0.0006015697093979838,14,81.89473680446022,0.4997246953060753,-1.0
0.09202199317514896,0.0028299361001700163,36,1.4230635450221598,0.0005824350601949146,14,84.05263146601226,0.4425093451926583,-1.0
0.09390850792018075,0.002799827822794517,37,1.451035532169044,0.0005631810117416299,14,84.52631567653857,0.41707480832150107,-1.0
0.09471868658438325,0.002386785748725136,38,1.4568456409033388,0.0005438372523852835,14,87.42105258138557,0.3540418146785937,-1.0
0.09138870406895876,0.001824486597130696,39,1.398445641854778,0.0005244336088007391,14,88.15789468664872,0.33374184031235543,-1.0
0.09348767556560536,0.002813793842991193,40,1.4447725659701973,0.0005050000000000001,14,88.57894745625947,0.33570192581728886,-1.0
0.09182379612078269,0.0027877521545936665,41,1.4194190129637718,0.0004855663911992613,14,88.26315805786534,0.3230950735744677,-1.0
0.09234649708184103,0.0027822552559276423,42,1.4277305130381137,0.00046616274761471693,14,88.78947377204895,0.30388079285621644,-1.0
0.08924691234715283,0.0016663978497187296,43,1.3640278237871826,0.00044681898825837057,14,92.42105254374053,0.22133135949310503,-1.0
0.09132112086129686,0.002950954204425216,44,1.4144072351045907,0.000427564939805086,14,94.68421051376744,0.17743163698597958,-1.0
0.09316160598148902,0.0022830603644251823,45,1.4319594791159034,0.00040843029060201667,14,96.10526328337819,0.14215172704897427,-1.0
0.09294986720196903,0.0022704840637743475,46,1.4285511379130185,0.000389444544891327,14,95.15789484977722,0.15781587051717857,-1.0
0.09174351651842395,0.002991671891262134,47,1.4212845619767904,0.0003706369773167883,14,96.52631583966706,0.12661265018739198,-1.0
0.09122115580054621,0.0018847818641612927,48,1.3968278719112277,0.0003520365877844012,14,96.73684215545654,0.11187377945372932,-1.0
0.09332863877837856,0.0029069415604074797,49,1.4437767188064754,0.0003336720567466412,14,96.68421051376744,0.10352513225455033,-1.0
0.09176177607538799,0.002941049464667837,50,1.4208221631124616,0.0003155717009792807,14,97.84210526315789,0.09485640331318504,-1.0
0.09161657777925332,0.003002809283013145,51,1.4195360941812396,0.00029776342991897335,14,97.47368426071971,0.08629794120788574,-1.0
0.09380182595923543,0.0018448525108397007,52,1.4349495000205934,0.00028027470262892445,14,97.68421051376744,0.08418458218637266,-1.0
0.07701450216894348,0.0027479765005409716,53,1.1966919309925288,0.0002631324854590073,14,98.42105269432068,0.06288759385284624,-1.0
0.10039336133437853,0.00341983192289869,54,1.5574516500346363,0.0002463632104656054,14,98.84210546393143,0.05446075649637925,-1.0
0.09780554139676194,0.0023821882748355466,55,1.5030668710824102,0.0002299927346552969,14,98.68421058905751,0.052019387060090114,-1.0
0.1014655039490511,0.002971946308389306,56,1.566814302932471,0.00021404630011522587,14,99.05263157894737,0.04846219643166191,-1.0
0.1012703871820122,0.0018398264112571875,57,1.546931731980294,0.00019854849509163232,14,99.36842125340512,0.03670452478684877,-1.0
0.10167433953223129,0.0017654620731870332,58,1.551841280888766,0.00018352321607655918,14,99.47368421052632,0.03258494323021487,-1.0
0.08634034466619293,0.0022058270561198393,59,1.3284402159042656,0.00016899363096119395,14,99.15789472429375,0.033675037559710054,-1.0
0.06850354825146496,0.002476130953679482,60,1.0649774000048637,0.000154982143312659,14,99.47368427326805,0.027344066147741517,-1.0
0.06683890384932359,0.002321476365129153,61,1.0376440400723368,0.0001415103578293356,14,99.84210526315789,0.021407806075325136,-1.0
0.06288546461922427,0.0019251455242435137,62,0.9723990107886493,0.0001285990470279847,14,99.78947368421052,0.020392672180345184,-1.0
0.0920938048666964,0.0019359871279448272,63,1.4107218019198626,0.0001162681192140312,14,99.94736842105263,0.016532829631316033,-1.0
0.09183131977915764,0.0026543249531338613,64,1.4175202439073473,0.00010453658778440107,14,100.0,0.012684689905298384,-1.0
0.09110035113990307,0.0016565623227506876,65,1.391650086035952,9.342254191024022e-05,14,99.89473684210526,0.015384625055288014,-1.0
0.09212313988246024,0.0021732501840839784,66,1.41473591607064,8.294311864472437e-05,14,99.84210526315789,0.012991268252463717,-1.0
0.09283921550959348,0.0018731534170607727,67,1.420949098886922,7.311447649896551e-05,14,99.89473684210526,0.014989841611761796,-1.0
0.09289213793041805,0.0024972005436817804,68,1.4311068570241332,6.395177052675794e-05,14,100.0,0.012579123207220906,-1.0
0.09308607786272963,0.0019256237428635359,69,1.425433220108971,5.546912895658472e-05,14,99.94736842105263,0.012579956666419381,-1.0
0.09394810825275877,0.001693816746895512,70,1.4348954940214753,4.767963140691306e-05,14,99.94736842105263,0.010507914957247282,-1.0
0.0925306850268195,0.0018514898450424273,71,1.4160174899734557,4.059528871837034e-05,14,99.94736842105263,0.01032612210727836,-1.0
0.09307880393850307,0.002403701127817233,72,1.4324794691056013,3.4227024433899e-05,14,99.89473684210526,0.0135567262807959,-1.0
0.09241075770308574,0.0029083522967994213,73,1.4300305258948356,2.8584657955444653e-05,14,99.84210526315789,0.012917501204892209,-1.0
0.09314094702713191,0.0019166735000908375,74,1.4261106981430203,2.367688940315011e-05,14,99.94736842105263,0.011393732659910855,-1.0
0.07691387156955898,0.0020937196289499602,75,1.1853595161810517,1.951128620040094e-05,14,99.94736842105263,0.011716774717757577,-1.0
0.09995489173258344,0.0027420624004056058,76,1.5407288840506226,1.6094271405406862e-05,14,99.84210526315789,0.011841246589626136,-1.0
0.09921849835664034,0.0019506745661298434,77,1.517788029043004,1.3431113807311488e-05,14,99.89473684210526,0.009684679701336121,-1.0
0.10182288022090992,0.001681355976810058,78,1.5528225011657923,1.1525919802101659e-05,14,100.0,0.010994199498703606,-1.0
0.10251795365475118,0.0017803029467662176,79,1.5647740790154785,1.0381627060842164e-05,14,99.89473684210526,0.010846368625367942,-1.0
0.10276192988579472,0.002684437188630303,80,1.581993523053825,1e-05,14,99.94736842105263,0.010635227551193614,-1.0
0.09720451553585008,0.011684983837767504,1,1.7425576779060066,0.000999618372939158,15,17.200000011920928,2.2986091175079344,-1.0
0.09264466144668404,0.0025682273699203506,2,1.523716326104477,0.0009984740801978985,15,21.15000002384186,2.1004708251953126,-1.0
0.0930569390184246,0.0020444663532543927,3,1.5219881138764322,0.0009965688861926887,15,26.09999997615814,1.9759558715820313,-1.0
0.09213974491285626,0.002137511721230112,4,1.5087303258478642,0.0009939057285945933,15,28.700000071525572,1.9229293212890626,-1.0
0.09177454448945355,0.0019592134485719725,5,1.5000261249952018,0.0009904887137995992,15,28.500000047683717,1.8615102558135985,-1.0
0.09188903971516993,0.001981771711143665,6,1.5022287860047072,0.00098632311059685,15,32.49999998807907,1.8067815256118775,-1.0
0.09167429769877344,0.003031251995707862,7,1.5155818238854408,0.0009814153420445555,15,34.05000001192093,1.7856746234893799,-1.0
0.09179355505330022,0.002738363516982645,8,1.5127935220953077,0.0009757729755661012,15,36.35,1.694818359375,-1.0
0.09074890581541695,0.002668871748028323,9,1.494967846898362,0.0009694047112816298,15,35.7,1.6922936725616455,-1.0
0.0920349257212365,0.003358393529197201,10,1.5265335279982537,0.0009623203685930871,15,39.25000004768371,1.6076158905029296,-1.0
0.09286288244766183,0.0018125216156477109,11,1.5150462449528277,0.0009545308710434153,15,40.8,1.5874767322540284,-1.0
0.09186452312860638,0.002641198312630877,12,1.5123304408043623,0.0009460482294732422,15,41.400000023841855,1.570532819747925,-1.0
0.09183383620984387,0.002851192795787938,13,1.5152015450876206,0.0009368855235010348,15,43.39999997615814,1.5222106342315673,-1.0
0.09236604407487903,0.0019512090511852875,14,1.5093158590607345,0.0009270568813552758,15,43.55000009536743,1.488082582473755,-1.0
0.09361970236932393,0.001851811131928116,15,1.527785377111286,0.0009165774580897602,15,46.20000014305115,1.4247523937225341,-1.0
0.09214505960699171,0.0022942632785998285,16,1.511267001973465,0.0009054634122155992,15,49.650000143051145,1.3664394979476928,-1.0
0.09263597856624983,0.0030098685529083014,17,1.5305896690115333,0.0008937318807859689,15,49.74999997615814,1.3422252197265625,-1.0
0.09142270882148296,0.0031152629962889478,18,1.5128419511020184,0.0008814009529720156,15,52.300000071525574,1.3028846588134766,-1.0
0.09190695348661393,0.0026604566955938935,19,1.5133205149322748,0.0008684896421706646,15,52.99999995231629,1.2526265125274658,-1.0
0.09277679887600243,0.002169210696592927,20,1.5193856470286846,0.0008550178566873412,15,56.09999995231628,1.18350390625,-1.0
0.09143252966168802,0.00285695496131666,21,1.508870632154867,0.0008410063690388064,15,56.49999995231629,1.1576045236587524,-1.0
0.09187758917687461,0.002430886321235448,22,1.509179132990539,0.0008264767839234412,15,58.20000014305115,1.1157444400787353,-1.0
0.09225714947388042,0.0017740377661539242,23,1.504737624200061,0.000811451504908368,15,61.50000004768371,1.0311480922698975,-1.0
0.09202834000461735,0.0031824092438910156,24,1.5236090228427202,0.0007959536998847743,15,62.65000009536743,0.9820944442749023,-1.0
0.09287800869788043,0.002018174491240643,25,1.5185786199290305,0.0007800072653447032,15,64.15000014305114,0.9891031436920166,-1.0
0.09173600170470309,0.002978381293360144,26,1.5156653008889407,0.0007636367895343947,15,65.65000009536743,0.9131300907135009,-1.0
0.09215655275329482,0.0017007483693305403,27,1.5019560169894248,0.0007468675145409928,15,67.55,0.8657381253242493,-1.0
0.09159539126267191,0.0024388751189690083,28,1.5048318170011044,0.0007297252973710758,15,68.9,0.8342620248794556,-1.0
0.09282457747031003,0.0017437869682908058,29,1.5133343820925802,0.0007122365700810271,15,70.00000014305115,0.7922827939987183,-1.0
0.09261949954088777,0.0018735557096078992,30,1.5121259591542184,0.0006944282990207196,15,73.1,0.7447757573127747,-1.0
0.09106366937339772,0.003068256250116974,31,1.5063493479974568,0.0006763279432533592,15,72.1,0.7392507181167602,-1.0
0.09200955620326567,0.0018475511024007574,32,1.5019596761558205,0.0006579634122155992,15,74.89999995231628,0.6727746138572693,-1.0
0.0916869418870192,0.0029324456118047237,33,1.5141523329075426,0.000639363022683212,15,77.9,0.6211245069503785,-1.0
0.09327400971960742,0.001979793843929656,34,1.5242929949890822,0.0006205554551086735,15,80.20000014305114,0.5638524570465088,-1.0
0.09160712646553293,0.0023407147818943486,35,1.5033991190139204,0.0006015697093979838,15,81.80000004768371,0.5051504402160645,-1.0
0.09330102086823899,0.0018081488233292475,36,1.5220814561471343,0.0005824350601949146,15,82.80000009536744,0.4782415838241577,-1.0
0.09169897338142619,0.0029860615613870323,37,1.5153527471702546,0.0005631810117416299,15,85.85,0.40265285897254943,-1.0
0.09365768774296157,0.0017881833191495389,38,1.527467266889289,0.0005438372523852835,15,86.95000004768372,0.3681197681427002,-1.0
0.091870760123129,0.002373229755903594,39,1.5081492951139808,0.0005244336088007391,15,89.20000004768372,0.32830204010009767,-1.0
0.09255598232266493,0.0016692104254616424,40,1.5079326380509883,0.0005050000000000001,15,89.30000004768371,0.3099570724964142,-1.0
0.09225547908863518,0.001627431163797155,41,1.5023627569898963,0.0004855663911992613,15,88.95000009536743,0.32905243372917176,-1.0
0.09262267345911823,0.0019003675988642499,42,1.5126086859963834,0.00046616274761471693,15,90.25000004768371,0.2859780991077423,-1.0
0.09209143971384037,0.0018120211025234312,43,1.502703484846279,0.00044681898825837057,15,91.74999995231629,0.24404964327812195,-1.0
0.09343623917084187,0.003660251633846201,44,1.5537861560005695,0.000427564939805086,15,92.8,0.22834935641288756,-1.0
0.09339858189923689,0.002228097160696052,45,1.5302758570760489,0.00040843029060201667,15,91.70000009536743,0.23834094643592835,-1.0
0.09262089725234546,0.002162684060749598,46,1.5167779619805515,0.000389444544891327,15,94.05,0.18588810491561888,-1.0
0.09191447986813728,0.0036499782581813633,47,1.5292738529387861,0.0003706369773167883,15,95.80000014305115,0.14458224684000015,-1.0
0.0919825462915469,0.0017563712026458234,48,1.5000687479041517,0.0003520365877844012,15,95.60000009536743,0.1302313176393509,-1.0
0.09254169899213593,0.0029728460067417473,49,1.5284799509681761,0.0003336720567466412,15,96.85000004768372,0.10729120004177094,-1.0
0.09127943325438537,0.0017549615440657362,50,1.4888353461865336,0.0003155717009792807,15,98.05,0.08058762466907501,-1.0
0.09168311697430909,0.002086759835947305,51,1.5006939528975636,0.00029776342991897335,15,98.45000009536743,0.07509773749113083,-1.0
0.09214626836183015,0.002010259893722832,52,1.5067527838982642,0.00028027470262892445,15,98.30000004768371,0.06801437923312187,-1.0
0.09225345439335797,0.0021867884788662195,53,1.5114186480641365,0.0002631324854590073,15,98.65000009536743,0.05497136890888214,-1.0
0.0917100787628442,0.0025392008537892252,54,1.5082986000925303,0.0002463632104656054,15,98.95000004768372,0.04508054131269455,-1.0
0.08855570894957054,0.0018083234899677336,55,1.4461472518742085,0.0002299927346552969,15,98.85,0.04588334463536739,-1.0
0.09940170630579814,0.0016477726894663647,56,1.6170412790961564,0.00021404630011522587,15,99.2,0.04016013218462467,-1.0
0.09972142361220904,0.0024729849392315373,57,1.6353538208641112,0.00019854849509163232,15,99.50000004768371,0.03212537470459938,-1.0
0.10109598419512622,0.00160041986964643,58,1.6433943631127477,0.00018352321607655918,15,99.70000009536743,0.03055132696032524,-1.0
0.10083241904794704,0.0025938698381651193,59,1.6550642969086766,0.00016899363096119395,15,99.6,0.026956368386745453,-1.0
0.08631324856833089,0.0024896580580389127,60,1.4210924550425261,0.000154982143312659,15,99.70000004768372,0.022670030742883682,-1.0
0.06367867450171616,0.0023712335678283125,61,1.0570464509073645,0.0001415103578293356,15,99.85,0.017017023012042047,-1.0
0.07437012380978558,0.0019014631252503023,62,1.2206287658773363,0.0001285990470279847,15,99.80000004768371,0.01889928036928177,-1.0
0.06810439444961958,0.003135753926471807,63,1.1401331298984587,0.0001162681192140312,15,99.95,0.01502549122273922,-1.0
0.08909698048955761,0.002175352332415059,64,1.4605917169246823,0.00010453658778440107,15,99.85000004768372,0.014795779824256897,-1.0
0.09176404624304269,0.002542059635743499,65,1.5091478880494833,9.342254191024022e-05,15,99.90000004768372,0.012643151015043258,-1.0
0.09374707842653152,0.0020195982069708407,66,1.5325288290623575,8.294311864472437e-05,15,100.0,0.011812918111681938,-1.0
0.09136764919094276,0.001701309927739203,67,1.4893468818627298,7.311447649896551e-05,15,99.75000004768371,0.01573554289340973,-1.0
0.09245961543638259,0.0026386671233922243,68,1.5218110289424658,6.395177052675794e-05,15,99.85,0.013308096162974835,-1.0
0.09199469270242844,0.0018830130429705605,69,1.5022942279465497,5.546912895658472e-05,15,100.0,0.010961002871394157,-1.0
0.09184395946795121,0.0026271627139067277,70,1.5117970639839768,4.767963140691306e-05,15,100.0,0.0108671899959445,-1.0
0.09068790719902609,0.002275990991620347,71,1.4876969819888473,4.059528871837034e-05,15,99.95,0.01125676041096449,-1.0
0.09120529421488754,0.0016601619718130678,72,1.486086597898975,3.4227024433899e-05,15,99.95,0.01073914748057723,-1.0
0.09174559456005227,0.001986233502975665,73,1.4999530140776187,2.8584657955444653e-05,15,99.90000004768372,0.012530211925506591,-1.0
0.09195261824061163,0.002496829940355383,74,1.511447714874521,2.367688940315011e-05,15,99.95,0.010374094933271408,-1.0
0.07925387198338285,0.0019389055232750252,75,1.2993592009879649,1.951128620040094e-05,15,100.0,0.010367051169276238,-1.0
0.10090087525895797,0.0018397693638689816,76,1.6440942198969424,1.6094271405406862e-05,15,100.0,0.00826624445617199,-1.0
0.09806848944572266,0.0017479381203884259,77,1.5973105521406978,1.3431113807311488e-05,15,99.9,0.011581998355686664,-1.0
0.10040104697691277,0.0017777251487132162,78,1.6351320520043373,1.1525919802101659e-05,15,100.0,0.009610643208026886,-1.0
0.09935080488503445,0.0018800228572217748,79,1.6200187120120972,1.0381627060842164e-05,15,99.9,0.009847429282963276,-1.0
0.09622632719401736,0.0028505288646556437,80,1.5855836879927665,1e-05,15,99.9,0.011247887492179871,-1.0
0.09483306589262451,0.011202365173684323,1,1.8028900700155646,0.000999618372939158,16,17.00000003973643,2.3011642020089287,-1.0
0.09274071385152638,0.0018177327343865352,2,1.6077690250240266,0.0009984740801978985,16,23.47619048186711,2.0602022856757753,-1.0
0.09195721673998325,0.0018161516636610031,3,1.5943964859470725,0.0009965688861926887,16,26.000000005676632,1.97008881795974,-1.0
0.09142101938178872,0.0018670955700251985,4,1.5861437728162855,0.0009939057285945933,16,28.666666700726463,1.8684222114653815,-1.0
0.09225931741735514,0.0015132224652916193,5,1.5943778750952333,0.0009904887137995992,16,31.14285717691694,1.820287793931507,-1.0
0.09184731725219857,0.002318961696480127,6,1.6010629560332745,0.00098632311059685,16,31.33333339009966,1.8194034238088699,-1.0
0.09129992154810358,0.0028849634588422146,7,1.6013807721901685,0.0009814153420445555,16,33.19047621885935,1.7631390669232323,-1.0
0.0926764328717528,0.0017784002428764805,8,1.6059781920630485,0.0009757729755661012,16,36.666666700726466,1.6991417576017833,-1.0
0.09252523869166479,0.0020554447135723687,9,1.6080982380080968,0.0009694047112816298,16,38.28571432545071,1.6498149483544486,-1.0
0.09213757609455463,0.001758615842417759,10,1.5964804210234433,0.0009623203685930871,16,39.47619049322037,1.611458943230765,-1.0
0.09244980827412184,0.0016934899613261223,11,1.6007004459388554,0.0009545308710434153,16,40.04761907600221,1.5869758088248116,-1.0
0.09186579091200496,0.0024186305646948956,12,1.6031217139679939,0.0009460482294732422,16,43.333333356039866,1.532577493985494,-1.0
0.09116752167670604,0.0018083550830316894,13,1.5809148219414055,0.0009368855235010348,16,43.61904767013731,1.453282559031532,-1.0
0.09295191137832315,0.0016995124546263147,14,1.6093720719218254,0.0009270568813552758,16,44.80952385493687,1.468731297538394,-1.0
0.09197333898833569,0.001952141838367371,15,1.5969952559098601,0.0009165774580897602,16,46.38095242636545,1.4350800430207025,-1.0
0.09092186543378322,0.001861240331302671,16,1.577562052058056,0.0009054634122155992,16,49.476190476190474,1.3543356693358648,-1.0
0.09171896460740005,0.0022930910893003732,17,1.5984502849169075,0.0008937318807859689,16,50.857142913909186,1.2911835527420044,-1.0
0.09105430922799689,0.0026433167650419124,18,1.5931856811512262,0.0008814009529720156,16,53.2380952835083,1.256510300863357,-1.0
0.09148387083619394,0.0016639067462700255,19,1.5838125192094594,0.0008684896421706646,16,52.428571508044286,1.2608980755578905,-1.0
0.09234696641728721,0.0017673211610492539,20,1.60023925290443,0.0008550178566873412,16,56.52380964869545,1.1772312486739385,-1.0
0.0926206954070093,0.0024640781750135564,21,1.6167516959831119,0.0008410063690388064,16,54.9047619728815,1.159440147990272,-1.0
0.0926681219271439,0.001984466606860652,22,1.6093870240729302,0.0008264767839234412,16,57.38095247177851,1.1433943641753423,-1.0
0.09188699196366702,0.0027874068028348334,23,1.6099037169478834,0.000811451504908368,16,60.047619081678846,1.0644444919767835,-1.0
0.09076019509366769,0.0017015677876770496,24,1.5722396129276603,0.0007959536998847743,16,62.047619127091906,1.0153814238593692,-1.0
0.0906001755502075,0.0015811956871081801,25,1.5673727260436863,0.0007800072653447032,16,63.52380951245626,0.9581518161864507,-1.0
0.09185090699397466,0.002287792000810013,26,1.6006557899527252,0.0007636367895343947,16,65.61904766446068,0.9330018293289911,-1.0
0.09042083606233492,0.0036828674595145616,27,1.6000202167779207,0.0007468675145409928,16,65.80952380952381,0.9130722740718297,-1.0
0.09069381581674166,0.0021045460667022888,28,1.5778763089329004,0.0007297252973710758,16,69.2857144106002,0.8244099523907616,-1.0
0.09176672285641818,0.0027219129123670213,29,1.6066461871378124,0.0007122365700810271,16,70.14285722233001,0.7995071425892057,-1.0
0.09179838390692192,0.0022123477366917275,30,1.598489467985928,0.0006944282990207196,16,69.61904769852048,0.7952552308355059,-1.0
0.0908335780396181,0.002927058020277935,31,1.594212844967842,0.0006763279432533592,16,73.38095250583831,0.7420775768870399,-1.0
0.09093015146551325,0.0028998820549424958,32,1.595486073056236,0.0006579634122155992,16,74.42857142857143,0.691743974685669,-1.0
0.09167976044666241,0.001997638315729359,33,1.5929383530747145,0.000639363022683212,16,75.90476201829456,0.6459557028043837,-1.0
0.09090098470230312,0.0021265250603284907,34,1.5817470951005816,0.0006205554551086735,16,75.47619052160354,0.6490488064856756,-1.0
0.09030443929847987,0.0027328873984515667,35,1.5819808540400118,0.0006015697093979838,16,79.28571442195347,0.5652564782188052,-1.0
0.09059666024575777,0.00276212946183103,36,1.587344974046573,0.0005824350601949146,16,78.90476204100109,0.5807864505336399,-1.0
0.09027851162040058,0.0028142180869027097,37,1.5828399090096354,0.0005631810117416299,16,82.95238100914727,0.4716157292184376,-1.0
0.09171962877735496,0.003071409691234722,38,1.6116926609538496,0.0005438372523852835,16,83.95238108862014,0.43816677666845777,-1.0
0.09059473380501218,0.0026507889030172546,39,1.5854120929725468,0.0005244336088007391,16,84.90476198423477,0.41461380515779767,-1.0
0.09021037663607036,0.001734697657144245,40,1.5632980309892446,0.0005050000000000001,16,86.42857156481061,0.3726192031587873,-1.0
0.09116304246708751,0.0026935803539612714,41,1.5957945950794965,0.0004855663911992613,16,87.7142858505249,0.3520220619156247,-1.0
0.0908876753768281,0.001641965690342819,42,1.573242365149781,0.00046616274761471693,16,88.33333336739312,0.32608063731874737,-1.0
0.09146237803403945,0.0028879164361997564,43,1.6041953458916396,0.00044681898825837057,16,89.38095246042523,0.3064598751068115,-1.0
0.09159354939508964,0.00239702219636563,44,1.5980835929512978,0.000427564939805086,16,90.76190481867108,0.2672935447806404,-1.0
0.0912384215523215,0.0024996372624574337,45,1.5938014220446348,0.00040843029060201667,16,91.85714290255592,0.23813195986407143,-1.0
0.09170268812929006,0.002617889809805681,46,1.6036834050901234,0.000389444544891327,16,91.66666675749279,0.2353722438358125,-1.0
0.09073427045608268,0.003413016483297243,47,1.6007458509411663,0.0003706369773167883,16,93.95238097508748,0.21098530127888634,-1.0
0.09097934771767434,0.0020021162242354717,48,1.5809168440755457,0.0003520365877844012,16,93.9047620069413,0.18286381329808915,-1.0
0.09186641096740085,0.0018070508068537012,49,1.5927167509216815,0.0003336720567466412,16,94.19047623588925,0.17488747256142753,-1.0
0.0918271638425615,0.0020328940385404754,50,1.5958846500143409,0.0003155717009792807,16,97.33333344686599,0.10937451680501302,-1.0
0.09150411939138875,0.0036661466720568784,51,1.6181563560385257,0.00029776342991897335,16,97.95238095238095,0.09003614212785448,-1.0
0.09109239184352405,0.0025745611637830734,52,1.5925818260293454,0.00028027470262892445,16,98.14285722233001,0.08084921470710209,-1.0
0.09166709499378853,0.002285305232576588,53,1.5974327467847615,0.0002631324854590073,16,97.85714290255592,0.08201909881262552,-1.0
0.09085600298610241,0.0022491194198236745,54,1.5830316070932895,0.0002463632104656054,16,97.85714293661572,0.07041604842458453,-1.0
0.08700074082897867,0.001768221763674827,55,1.5093177820090204,0.0002299927346552969,16,97.76190480731782,0.07252499083677928,-1.0
0.08742276974953711,0.0018916976062909646,56,1.518635198008269,0.00021404630011522587,16,98.00000012488593,0.06999407589435577,-1.0
0.0982067116043147,0.0018433729351005133,57,1.701143244979903,0.00019854849509163232,16,98.76190487543742,0.060922049823261444,-1.0
0.09987787928377442,0.0019511183696415495,58,1.731334743089974,0.00018352321607655918,16,98.57142868496123,0.05437927979798544,-1.0
0.09926345934817458,0.0027195203035850733,59,1.7339489408768713,0.00016899363096119395,16,99.0952380952381,0.04189203544741585,-1.0
0.0992781763403293,0.002020916189340984,60,1.7223184439353645,0.000154982143312659,16,99.61904761904762,0.0331938047600644,-1.0
0.0752897215733195,0.0022260168950785607,61,1.3180115499999374,0.0001415103578293356,16,99.76190487543742,0.025165952876919792,-1.0
0.07290605918559082,0.001790203167782987,62,1.2700971912126988,0.0001285990470279847,16,99.52380952380952,0.02936103447207383,-1.0
0.06124106715159381,0.0015555777833523119,63,1.0678406900260597,0.0001162681192140312,16,99.42857154210408,0.02696875355782963,-1.0
0.0778510405216366,0.0026458250632619158,64,1.3686862839385867,0.00010453658778440107,16,99.57142857142857,0.02474977779246512,-1.0
0.08887053359135547,0.002965614706387415,65,1.5614615308586508,9.342254191024022e-05,16,99.76190476190476,0.021564382144383023,-1.0
0.08999574951389257,0.002139160067171735,66,1.5665359860286117,8.294311864472437e-05,16,99.76190476190476,0.01834254633990072,-1.0
0.09052420844433501,0.001710230320253793,67,1.5682761331554502,7.311447649896551e-05,16,99.9047619047619,0.017631417576755796,-1.0
0.09145226498024867,0.0025105717838467922,68,1.5976615941617638,6.395177052675794e-05,16,99.85714285714286,0.015604219202484403,-1.0
0.09023424316033282,0.0025074423071654406,69,1.5769042070023715,5.546912895658472e-05,16,99.9047619047619,0.017150909439438866,-1.0
0.08996873402365428,0.0024940084994715802,70,1.5721586199942976,4.767963140691306e-05,16,99.9047619047619,0.016120371030909676,-1.0
0.08993757587364491,0.0016367265351993196,71,1.5570543680805713,4.059528871837034e-05,16,99.9047619047619,0.014065695589496975,-1.0
0.09107080759371028,0.0017589750453172362,72,1.5783946269657463,3.4227024433899e-05,16,99.85714285714286,0.016068723918426606,-1.0
0.09172454464030178,0.0027962658307789,73,1.607148049166426,2.8584657955444653e-05,16,100.0,0.012139356017467521,-1.0
0.08110248634372563,0.0017461406532675028,74,1.4087142611388117,2.367688940315011e-05,16,99.85714285714286,0.014266335669727553,-1.0
0.0991933131864404,0.00233907816822038,75,1.726339987013489,1.951128620040094e-05,16,99.95238095238095,0.01412167102098465,-1.0
0.0964559048469014,0.0024707249146612253,76,1.6820067360531539,1.6094271405406862e-05,16,99.9047619047619,0.01224228524115114,-1.0
0.09901117003413246,0.002253906910910326,77,1.7217753320001066,1.3431113807311488e-05,16,99.90476201829456,0.014780970570586976,-1.0
0.09944099391920164,0.0022034016163910135,78,1.7281995099037886,1.1525919802101659e-05,16,99.90476201829456,0.013120268512339819,-1.0
0.0862485929940115,0.0028305301744052593,79,1.5145879487972707,1.0381627060842164e-05,16,99.85714285714286,0.014314325992904959,-1.0
0.06384709141874577,0.0015564271769322017,80,1.1120981629937887,1e-05,16,99.9047619047619,0.012600276305207185,-1.0
0.09654432228611161,0.010455963551066816,1,1.9262970730196685,0.000999618372939158,17,18.27272729440169,2.2678254560990765,-1.0
0.09192129181853186,0.0021183710648781722,2,1.6930540730245411,0.0009984740801978985,17,22.40909090909091,2.069149447354403,-1.0
0.09025678389136577,0.0014956786116171214,3,1.651871926849708,0.0009965688861926887,17,25.09090909090909,1.9961509574543346,-1.0
0.09023993285114153,0.0015747233733741774,4,1.6529069361276925,0.0009939057285945933,17,29.863636363636363,1.8958486661044034,-1.0
0.09067854737966424,0.0015541382340921296,5,1.6604366728570312,0.0009904887137995992,17,30.95454547621987,1.8513577829707752,-1.0
0.09066901253795044,0.001984884470908178,6,1.6680158241651952,0.00098632311059685,17,31.772727283564482,1.8038300943374634,-1.0
0.09050007092042102,0.0017414862393505042,7,1.6605941080488265,0.0009814153420445555,17,31.954545454545453,1.7890206076882103,-1.0
0.09066704742144793,0.0014877123628846472,8,1.6590371520724148,0.0009757729755661012,17,34.36363637447357,1.751612659367648,-1.0
0.09098284333271699,0.0016786676650452944,9,1.6681511539500207,0.0009694047112816298,17,37.27272727272727,1.682178261496804,-1.0
0.0909285496842737,0.0017729027636556162,10,1.6688602848444134,0.0009623203685930871,17,37.545454567128964,1.6469216637177901,-1.0
0.09053692817946689,0.0019886845386483604,11,1.6657102729659528,0.0009545308710434153,17,39.45454545996406,1.6124097520654852,-1.0
0.09067590424739239,0.0014933024714183477,12,1.6592794409953058,0.0009460482294732422,17,39.1818182034926,1.6161695727435026,-1.0
0.09022155814131515,0.0015242560249235895,13,1.651696032145992,0.0009368855235010348,17,43.18181819265539,1.5303604407743974,-1.0
0.09075533126532617,0.0019145936756912204,14,1.668451629113406,0.0009270568813552758,17,43.00000002167442,1.5018249307979237,-1.0
0.09105606056335899,0.0015002012692598833,15,1.6663186410441995,0.0009165774580897602,17,43.00000002167442,1.5000667012821545,-1.0
0.09094897269581755,0.0018442080278570454,16,1.6705285389907658,0.0009054634122155992,17,46.136363647200845,1.442151974764737,-1.0
0.09035963990673837,0.001830653649651342,17,1.6596651440486312,0.0008937318807859689,17,47.36363638531078,1.3988251083547418,-1.0
0.09081198889503463,0.0016379421576857567,18,1.664324508048594,0.0008814009529720156,17,47.95454547621987,1.3941755052046343,-1.0
0.09070100156693822,0.0016036054326428308,19,1.6617145338095725,0.0008684896421706646,17,49.36363637447357,1.3497092715176668,-1.0
0.09010825025486863,0.002906687635307511,20,1.6745065699797124,0.0008550178566873412,17,51.454545465382665,1.2820104490626942,-1.0
0.09054668571075632,0.00232191894772566,21,1.6718756949994713,0.0008410063690388064,17,54.227272748947144,1.222519295865839,-1.0
0.0900272841617051,0.0018217147250349324,22,1.653521538944915,0.0008264767839234412,17,53.227272748947144,1.2403723417628896,-1.0
0.09073057449940178,0.0016826552261287968,23,1.6636791550554335,0.000811451504908368,17,56.22727277062156,1.1717846579985185,-1.0
0.0904782345233899,0.0018377693033673698,24,1.6619402680080384,0.0007959536998847743,17,56.72727272727273,1.13608896819028,-1.0
0.09093265895110865,0.0015596702772503097,25,1.6651132630649954,0.0007800072653447032,17,57.181818225167014,1.1152367015318436,-1.0
0.09086426084912899,0.0017120898701250553,26,1.6666554030962288,0.0007636367895343947,17,59.13636365803805,1.0821674591844732,-1.0
0.08989284561377847,0.0021495040014593136,27,1.6570556319784373,0.0007468675145409928,17,62.45454549789429,1.017018876509233,-1.0
0.0907944266218692,0.0015522908264150221,28,1.6625500170048326,0.0007297252973710758,17,62.86363638531078,0.9724978069825606,-1.0
0.0913657166917498,0.0015069408109411597,29,1.671992250951007,0.0007122365700810271,17,62.86363638531078,0.9641322187943892,-1.0
0.09048802998020417,0.002270272079234322,30,1.6698848709929734,0.0006944282990207196,17,65.22727272727273,0.9088558756221424,-1.0
0.09059376396342284,0.0015394020334093107,31,1.6586289869155735,0.0006763279432533592,17,66.1818182034926,0.8928815559907393,-1.0
0.09089124756347802,0.001509679765957925,32,1.6634634619113058,0.0006579634122155992,17,68.68181818181819,0.83748689846559,-1.0
0.08995893704963641,0.002451022672984335,33,1.6636175520252436,0.000639363022683212,17,72.31818181818181,0.7367641347104853,-1.0
0.08992497286655837,0.0027163870270467466,34,1.6677993899211287,0.0006205554551086735,17,73.50000004334883,0.7040873061526906,-1.0
0.09093499800655991,0.0016273261539431082,35,1.6663731520529836,0.0006015697093979838,17,74.54545456712896,0.700930869362571,-1.0
0.09051905455999076,0.0016901451680395338,36,1.6600079589989036,0.0005824350601949146,17,76.81818186153065,0.6486173055388711,-1.0
0.08977420684984988,0.0014808925981115964,37,1.6428289450705051,0.0005631810117416299,17,76.63636363636364,0.6327320287444375,-1.0
0.09045580566291594,0.001611347737101217,38,1.657530063064769,0.0005438372523852835,17,77.36363638531078,0.6338747503540733,-1.0
0.09049082385738277,0.001720434416913324,39,1.6600572909228504,0.0005244336088007391,17,79.0,0.570305118560791,-1.0
0.09165194030437204,0.0015458372525042957,40,1.677797632990405,0.0005050000000000001,17,82.13636363636364,0.4981345079161904,-1.0
0.09035914003228147,0.0016441023520504434,41,1.6563364698085934,0.0004855663911992613,17,81.31818183985624,0.5052374722740867,-1.0
0.09087253400745492,0.0018382083831561937,42,1.6690820360090584,0.00046616274761471693,17,79.0909091125835,0.5512792598117482,-1.0
0.09096449127213822,0.002290604286827147,43,1.6788433878682554,0.00044681898825837057,17,83.54545458880338,0.44806212403557516,-1.0
0.0899728463910934,0.001754783831226329,44,1.6513648149557412,0.000427564939805086,17,86.04545454545455,0.38663456765088167,-1.0
0.09004695628148814,0.0025959914912366206,45,1.6678039371035993,0.00040843029060201667,17,87.59090913425793,0.3535496079921722,-1.0
0.09040273348283437,0.0015467741759493947,46,1.6553677329793572,0.000389444544891327,17,88.09090913425793,0.3290824278376319,-1.0
0.09100303889459206,0.001870566836765243,47,1.6719738750252873,0.0003706369773167883,17,89.63636367971247,0.3057266122644598,-1.0
0.09031418222002685,0.0016185029461565944,48,1.655035464093089,0.0003520365877844012,17,91.31818186153065,0.2704571986198425,-1.0
0.09020239699424969,0.0027725761756300926,49,1.6737786789890379,0.0003336720567466412,17,93.13636367971247,0.21805702344937758,-1.0
0.08980591743925793,0.002393207564536068,50,1.6598437200300395,0.0003155717009792807,17,93.40909093076533,0.19871444669636812,-1.0
0.09036581171676517,0.0020741186647986374,51,1.6641860681120306,0.00029776342991897335,17,93.50000002167441,0.20041338248686358,-1.0
0.09138530961030887,0.001579892058442864,52,1.6736869988963008,0.00028027470262892445,17,94.95454549789429,0.1656538742238825,-1.0
0.09181071643251926,0.0021866490779858497,53,1.6921920292079449,0.0002631324854590073,17,94.90909093076533,0.15789546879855068,-1.0
0.09059430904582971,0.0021731054487948618,54,1.6701028950046748,0.0002463632104656054,17,95.04545456712896,0.1514076870137995,-1.0
0.0903092195900778,0.001471684353115658,55,1.6522889898624271,0.0002299927346552969,17,94.95454547621988,0.15779471516609192,-1.0
0.09051430028759772,0.0022337762768276865,56,1.6697544909548014,0.00021404630011522587,17,95.40909093076533,0.1513276811621406,-1.0
0.0796925258020767,0.0015100512601849106,57,1.4620393959339708,0.00019854849509163232,17,96.63636363636364,0.12133749918504194,-1.0
0.09776735556725827,0.0021302577677286333,58,1.798391561023891,0.00018352321607655918,17,96.54545456712896,0.118672523281791,-1.0
0.099969459270748,0.0018820067764156395,59,1.8336155819706619,0.00016899363096119395,17,96.86363638531078,0.1095986387946389,-1.0
0.09895991041169812,0.0017406809169592129,60,1.8128550199326128,0.000154982143312659,17,98.04545456712896,0.08176217518069527,-1.0
0.09886197556948496,0.0017806565932308633,61,1.8118153500836343,0.0001415103578293356,17,98.72727277062155,0.06779578165574507,-1.0
0.07318653272361392,0.0015136884370197852,62,1.3448690390214324,0.0001285990470279847,17,98.50000002167441,0.06745484856041994,-1.0
0.07394566944438136,0.0015727304465447862,63,1.3595942119136453,0.0001162681192140312,17,98.86363638531078,0.06039490477605299,-1.0
0.06180172866313822,0.0019331211741599771,64,1.1475167500320822,0.00010453658778440107,17,99.31818186153065,0.05001114850694483,-1.0
0.08482925987078084,0.001522862908637358,65,1.5545848589390516,9.342254191024022e-05,17,99.0909090909091,0.04910384795882485,-1.0
0.08922998841282809,0.002190553699620068,66,1.6458482360467315,8.294311864472437e-05,17,99.22727277062155,0.044082886549559504,-1.0
0.09071378596127033,0.0014592374856066373,67,1.6593799190595746,7.311447649896551e-05,17,99.31818181818181,0.04262683613733812,-1.0
0.09080327668278995,0.0015195295369873445,68,1.6620661250781268,6.395177052675794e-05,17,99.3636364069852,0.03992495379664681,-1.0
0.08964620711695817,0.0014782315508152049,69,1.6405330749694258,5.546912895658472e-05,17,99.18181822516702,0.040170309814539826,-1.0
0.08909377966645277,0.001956135047496193,70,1.6391442730091512,4.767963140691306e-05,17,99.5,0.03490374059839682,-1.0
0.09183533112001088,0.0021070488857933218,71,1.6912054729182273,4.059528871837034e-05,17,99.77272727272727,0.03063104434446855,-1.0
0.09076753219900031,0.0016067259712144732,72,1.6629817041102797,3.4227024433899e-05,17,99.68181822516702,0.03146139161153273,-1.0
0.09081310004047635,0.0018542680190876126,73,1.668246113928035,2.8584657955444653e-05,17,99.68181818181819,0.028916539333083413,-1.0
0.08051536163677359,0.002013557965660261,74,1.4857579390518367,2.367688940315011e-05,17,99.63636363636364,0.031018642783164976,-1.0
0.09923895939977632,0.001530701928358111,75,1.814094133907929,1.951128620040094e-05,17,99.68181822516702,0.028649664114822043,-1.0
0.09830824487532179,0.0015002288984962637,76,1.7967981260735542,1.6094271405406862e-05,17,99.9090909090909,0.025299320844086735,-1.0
0.10038381855055276,0.0018138221154610317,77,1.839807396987453,1.3431113807311488e-05,17,99.81818181818181,0.02642882618037137,-1.0
0.09967322034450869,0.0017691186060094172,78,1.8262985050678253,1.1525919802101659e-05,17,99.9090909090909,0.024877704280343922,-1.0
0.08761681458498868,0.0015311201956743996,79,1.6049603519495577,1.0381627060842164e-05,17,99.81818181818181,0.025641553767702795,-1.0
0.0711666330979723,0.001566326788937052,80,1.309487879043445,1e-05,17,99.72727277062155,0.026708825013854288,-1.0
0.09606653794698003,0.010766573612474732,1,1.9232872740831226,0.000999618372939158,18,19.173913053844284,2.2571626406130583,-1.0
0.09370986218305512,0.0018677292132957114,2,1.7206985980737954,0.0009984740801978985,18,23.826086920240652,2.0405346669321474,-1.0
0.09366787704897837,0.0015644340051545037,3,1.7144772720057517,0.0009965688861926887,18,26.391304306361985,1.9383345388329547,-1.0
0.09405814927433515,0.0015410950614346398,4,1.7210847050882876,0.0009939057285945933,18,28.086956511373106,1.9210273562306943,-1.0
0.0942167434712044,0.0014801594790899092,5,1.7228002059273422,0.0009904887137995992,18,30.78260869046916,1.8355083948632944,-1.0
0.0937484372407198,0.0018856548186805514,6,1.7222196150105447,0.00098632311059685,18,34.4347825879636,1.7739323367243227,-1.0
0.09414298660380559,0.0015650817917452918,7,1.7229832380544394,0.0009814153420445555,18,34.04347812611124,1.7498952324494073,-1.0
0.09417439742375994,0.0027362414661587942,8,1.7446447398979217,0.0009757729755661012,18,36.43478255686553,1.6753308341814124,-1.0
0.09371536736014402,0.0015590776456519961,9,1.7152452380396426,0.0009694047112816298,18,39.43478263979373,1.6415364522519318,-1.0
0.09420587478153822,0.0014599602177946104,10,1.7222435271833092,0.0009623203685930871,18,38.304347717243694,1.6397550846182782,-1.0
0.09531100973900822,0.0025389653811645177,11,1.7615761260967702,0.0009545308710434153,18,40.39130436855814,1.5664216611696327,-1.0
0.09299830675849484,0.0027848417974180644,12,1.7243483408819884,0.0009460482294732422,18,43.43478261906168,1.5022900840510494,-1.0
0.09338869753345433,0.002065103358796073,13,1.7184039801359177,0.0009368855235010348,18,45.521739094153695,1.4507573422141697,-1.0
0.09395280021191058,0.0016754376702010632,14,1.7215539100579917,0.0009270568813552758,18,47.26086935789689,1.4033077088646266,-1.0
0.09385796196551786,0.0014901236993157202,15,1.7165028580930084,0.0009165774580897602,18,49.21739119032155,1.362960993932641,-1.0
0.0938505798112601,0.0017323233575249712,16,1.7207337690051645,0.0009054634122155992,18,51.69565205988677,1.284871007670527,-1.0
0.09453534337485002,0.001649170454281072,17,1.7315716948360205,0.0008937318807859689,18,50.43478248430335,1.327852284182673,-1.0
0.09355052599372964,0.0016714104502979252,18,1.7142445289064199,0.0008814009529720156,18,53.43478260869565,1.2658257615047952,-1.0
0.0944904665229842,0.0014593926413605611,19,1.7273392279166728,0.0008684896421706646,18,55.95652164583621,1.193364753515824,-1.0
0.09448226089847998,0.0016709330439981488,20,1.731013644952327,0.0008550178566873412,18,56.78260857644288,1.1678184789160024,-1.0
0.09410216603686826,0.001606210574714674,21,1.7230051800142974,0.0008410063690388064,18,57.13043473077857,1.1398085252098415,-1.0
0.09404232973853748,0.001661531148581869,22,1.7229276129510254,0.0008264767839234412,18,59.47826093176137,1.079757960360983,-1.0
0.09453926016835289,0.002519713055031995,23,1.747340896865353,0.000811451504908368,18,62.21739132507987,1.015502520436826,-1.0
0.09432622254826128,0.001591070451670223,24,1.7268082879018039,0.0007959536998847743,18,64.5652174120364,0.9529498551202857,-1.0
0.09395775998321672,0.0016751143589822783,25,1.7216315469704568,0.0007800072653447032,18,64.4347826708918,0.9290504608983579,-1.0
0.09314241286160217,0.001718656690273848,26,1.7077476349659264,0.0007636367895343947,18,66.69565214281496,0.8843505268511564,-1.0
0.09361293463088158,0.002111073415209022,27,1.7232961910776794,0.0007468675145409928,18,68.73913037258646,0.8328968467919723,-1.0
0.09396736854169932,0.0015780016805769668,28,1.7200649769511074,0.0007297252973710758,18,72.1304348240728,0.7585780276422915,-1.0
0.09459755058762515,0.0018959748041298655,29,1.7371301769744605,0.0007122365700810271,18,71.82608688395956,0.76062724787256,-1.0
0.09473115514912125,0.0016193146325854792,30,1.7345988920424134,0.0006944282990207196,18,72.95652150071186,0.7320372162694516,-1.0
0.0935036728494904,0.0025931561443333826,31,1.7301247839350253,0.0006763279432533592,18,76.08695656320323,0.6672815792456918,-1.0
0.09287831768031335,0.0023687162643505465,32,1.7147314278408885,0.0006579634122155992,18,79.26086932679881,0.5851534673442012,-1.0
0.09358907133961718,0.0022578979971715147,33,1.7255281219258904,0.000639363022683212,18,79.65217391304348,0.5448493334521418,-1.0
0.09420719678099784,0.001708837161358032,34,1.726775371003896,0.0006205554551086735,18,80.34782587963602,0.5235408485454062,-1.0
0.09292476286645979,0.0021958264599864683,35,1.7124602810945362,0.0006015697093979838,18,82.0,0.5022456694685895,-1.0
0.09385614937895702,0.001869727792735729,36,1.723317475989461,0.0005824350601949146,18,82.43478240137514,0.4975095674265986,-1.0
0.0948118920205161,0.0017080409322968787,37,1.7375974210444838,0.0005631810117416299,18,83.65217391304348,0.45495409623436306,-1.0
0.09370951615791354,0.0014885825674153036,38,1.713810443179682,0.0005438372523852835,18,85.56521734984025,0.3981081793619239,-1.0
0.0929926497887613,0.002614031377662387,39,1.7211530290078372,0.0005244336088007391,18,88.21739115922347,0.33820246587628905,-1.0
0.09350205521978852,0.002121887273258633,40,1.7214703338686377,0.0005050000000000001,18,89.52173891274825,0.3074580382264179,-1.0
0.0937126091060539,0.001696401715485586,41,1.7176293549127877,0.0004855663911992613,18,89.4347824635713,0.3027104600097822,-1.0
0.09434804489784357,0.0015032305511542493,42,1.725583687890321,0.00046616274761471693,18,90.78260863345602,0.279445806949035,-1.0
0.09403913395686282,0.0016297323810350564,43,1.722287145908922,0.00044681898825837057,18,91.30434780535491,0.2393222523253897,-1.0
0.0941157282407706,0.0016588076379977995,44,1.724191220011562,0.000427564939805086,18,92.47826068297677,0.2172959992159968,-1.0
0.0934811077830899,0.0027308876548583307,45,1.7320646110456437,0.00040843029060201667,18,94.08695649064106,0.17489072670107303,-1.0
0.09311563397447269,0.0018142045139231617,46,1.7089818899985403,0.000389444544891327,18,94.99999980304553,0.1649965965618258,-1.0
0.09375028404045022,0.0014888775250357059,47,1.7145527799148113,0.0003706369773167883,18,95.26086949265522,0.1534371370854585,-1.0
0.09218726664160688,0.0016981555769840877,48,1.690198890864849,0.0003520365877844012,18,96.78260838467142,0.11695141701594643,-1.0
0.09445753648308003,0.0027650992981054718,49,1.7502987100742757,0.0003336720567466412,18,97.82608671810316,0.08840274518598681,-1.0
0.09323535269747178,0.0018050418519932362,50,1.7110273819416761,0.0003155717009792807,18,97.6521737575531,0.08149455474770588,-1.0
0.0934626806475636,0.0015004458578510417,51,1.7095827469602227,0.00029776342991897335,18,97.69565193549447,0.0765757740450942,-1.0
0.09379924170207232,0.0016060369606647226,52,1.7175447707995772,0.00028027470262892445,18,97.86956514482912,0.0760917167559914,-1.0
0.09424660281122972,0.0016171207987806862,53,1.7257883970160037,0.0002631324854590073,18,98.6521736331608,0.050230525900488314,-1.0
0.09401099464028245,0.0019357945873505538,54,1.727290267823264,0.0002463632104656054,18,99.04347802245098,0.04498385910106742,-1.0
0.09335789172392753,0.00164467704275416,55,1.710295710945502,0.0002299927346552969,18,99.17391276359558,0.03857093121046605,-1.0
0.09377037445341961,0.0016543754868002401,56,1.7179387379437685,0.00021404630011522587,18,99.34782608695652,0.035395637841328334,-1.0
0.08296144466536741,0.0015451550587183898,57,1.5213669459335506,0.00019854849509163232,18,99.6086956521739,0.028383890905457995,-1.0
0.10024122526455256,0.0023631896797774565,58,1.847179729025811,0.00018352321607655918,18,99.60869537229124,0.025913524854442347,-1.0
0.0998931923467252,0.0015616248258286053,59,1.826446478953585,0.00016899363096119395,18,99.73913043478261,0.02535508243933968,-1.0
0.10305294116389835,0.0019232589466911224,60,1.8898693388327956,0.000154982143312659,18,99.60869537229124,0.02279161507344764,-1.0
0.10259749495889992,0.0016554970966858997,61,1.876815679948777,0.0001415103578293356,18,99.60869537229124,0.021778876476961632,-1.0
0.08987278016542809,0.0020575536182150245,62,1.6549961329437792,0.0001285990470279847,18,99.78260869565217,0.01681345152952101,-1.0
0.06777006821034269,0.0028314403930885922,63,1.2710808450356126,0.0001162681192140312,18,99.78260841576949,0.017565513612783475,-1.0
0.07070214707507855,0.001635673636984494,64,1.3023347740527242,0.00010453658778440107,18,99.91304347826087,0.014630494681389435,-1.0
0.06934524299059477,0.0015316505709456073,65,1.2760382548440248,9.342254191024022e-05,18,99.91304319837819,0.015250824544092883,-1.0
0.09151017544273701,0.001934200551153885,66,1.6822942809667438,8.294311864472437e-05,18,99.82608695652173,0.015404046927781209,-1.0
0.09324271578548683,0.0018531212634924385,67,1.7119723469950259,7.311447649896551e-05,18,100.0,0.012991679452521646,-1.0
0.09496379854519749,0.0019071737899341518,68,1.7439768810290843,6.395177052675794e-05,18,99.8695652173913,0.011932432555148136,-1.0
0.09447620141630371,0.001950448754036592,69,1.736007764004171,5.546912895658472e-05,18,99.8695652173913,0.013866090416584325,-1.0
0.09393497178744939,0.0015404246126612027,70,1.7188832839019597,4.767963140691306e-05,18,100.0,0.010822312268226043,-1.0
0.09158415230922401,0.0014119359224827753,71,1.6742327720858157,4.059528871837034e-05,18,99.95652173913044,0.011254291474495245,-1.0
0.09204355426805301,0.0015071068968002994,72,1.6842200530227274,3.4227024433899e-05,18,100.0,0.010257351184668749,-1.0
0.09400010036511554,0.001584271473499636,73,1.7207780729513615,2.8584657955444653e-05,18,99.91304347826087,0.010274167316763297,-1.0
0.0793726265999592,0.0018216356790314119,74,1.4617627100087702,2.367688940315011e-05,18,99.91304347826087,0.010139597072063581,-1.0
0.10223752203293973,0.001860348637112313,75,1.874072688166052,1.951128620040094e-05,18,100.0,0.011576722954278407,-1.0
0.09930433110437459,0.0025162731762975454,76,1.8330567351076752,1.6094271405406862e-05,18,99.95652173913044,0.010195003558436166,-1.0
0.10197271003077428,0.002194759306601352,77,1.8752568520139903,1.3431113807311488e-05,18,100.0,0.009545481458468282,-1.0
0.10190348118905806,0.0028617803731726277,78,1.8860310830641538,1.1525919802101659e-05,18,100.0,0.009094447469257791,-1.0
0.07553492698611484,0.0018896877946746019,79,1.393892359919846,1.0381627060842164e-05,18,100.0,0.009728033453550028,-1.0
0.07425127332357483,0.0016513883989925187,80,1.366491286084056,1e-05,18,100.0,0.00952675136535064,-1.0
0.09502671670021587,0.010430564356379603,1,2.003995361039415,0.000999618372939158,19,16.833333373069763,2.3008833281199137,-1.0
0.09350317362450848,0.0018579413820254175,2,1.8121440978720784,0.0009984740801978985,19,22.208333412806194,2.101846491495768,-1.0
0.09372107084154298,0.0023192612111176316,3,1.8250627419911325,0.0009965688861926887,19,25.541666746139526,1.9858846521377564,-1.0
0.09442795599859796,0.0026033714315608926,4,1.8438481208868325,0.0009939057285945933,19,26.875000019868214,1.9227959966659547,-1.0
0.09365709111290543,0.0015407284648206673,5,1.809028415940702,0.0009904887137995992,19,29.87500003973643,1.8754384994506836,-1.0
0.09348822995334079,0.0024003122050903344,6,1.8221269289497286,0.00098632311059685,19,30.541666706403095,1.83114865620931,-1.0
0.0941476235166192,0.0022471006469506967,7,1.8317570339422673,0.0009814153420445555,19,32.416666746139526,1.7856172180175782,-1.0
0.09369199634774734,0.0025089556522863475,8,1.8281192800495774,0.0009757729755661012,19,34.0416667064031,1.771744335492452,-1.0
0.09425364353841073,0.0019593449358485246,9,1.8283094461075962,0.0009694047112816298,19,34.041666666666664,1.7210210673014323,-1.0
0.09332695021294057,0.001857299835568196,10,1.8088090219534934,0.0009623203685930871,19,37.45833341280619,1.65752503712972,-1.0
0.09289457255631293,0.0022402369588809578,11,1.8078582170419395,0.0009545308710434153,19,39.20833337306976,1.6229996760686238,-1.0
0.09375180370223365,0.0014750369775452111,12,1.8096085998695344,0.0009460482294732422,19,38.37500003973643,1.5923934284845989,-1.0
0.09309437896713223,0.001804406779181016,13,1.803404269972816,0.0009368855235010348,19,40.08333337306976,1.56274010181427,-1.0
0.09350485348534819,0.0015073031995837625,14,1.80556052015163,0.0009270568813552758,19,43.708333333333336,1.5122668886184691,-1.0
0.09352056118414591,0.0014455886067528474,15,1.8046494950540364,0.0009165774580897602,19,42.20833337306976,1.510066057840983,-1.0
0.0925137557604007,0.001462747931088272,16,1.7858553929254413,0.0009054634122155992,19,45.75000003973643,1.4155833578109742,-1.0
0.0935843188168579,0.0015579221745658863,17,1.8080017981119454,0.0008937318807859689,19,47.75000007947286,1.359953179359436,-1.0
0.09318041544113505,0.0016112289832610834,18,1.8012827560305595,0.0008814009529720156,19,50.75,1.3069437519709268,-1.0
0.09392933249718656,0.0016644827678407494,19,1.8165488780941814,0.0008684896421706646,19,50.5416667064031,1.2916158278783163,-1.0
0.0933250685124413,0.0017970201167228975,20,1.8076416971161962,0.0008550178566873412,19,53.00000007947286,1.2527750635147095,-1.0
0.09326755750532213,0.001789719699636886,21,1.8063350769225508,0.0008410063690388064,19,53.37500003973643,1.2375392484664918,-1.0
0.09302001252868458,0.0026184474730766133,22,1.8173804339021444,0.0008264767839234412,19,55.375,1.174797854423523,-1.0
0.09328536064314999,0.0015415469258043327,23,1.8019758809823543,0.000811451504908368,19,58.62500015894572,1.0963342412312826,-1.0
0.09410997493633706,0.0014887306422583367,24,1.8166739831212908,0.0007959536998847743,19,58.833333333333336,1.0599982436498006,-1.0
0.09307579574861417,0.0016089223545828933,25,1.799260739935562,0.0007800072653447032,19,60.625,1.024436116218567,-1.0
0.0937829593833732,0.0014626273003063705,26,1.8099300018511713,0.0007636367895343947,19,60.916666746139526,1.0043067026138306,-1.0
0.0930504884423786,0.0015875754485789098,27,1.7983797590713948,0.0007468675145409928,19,64.58333333333333,0.9633880297342936,-1.0
0.09368905335615732,0.0014325974901255808,28,1.8075720469933003,0.0007297252973710758,19,66.37500007947285,0.9091217136383056,-1.0
0.09363368247929764,0.0014941665638042124,29,1.807749412022531,0.0007122365700810271,19,68.5,0.8337792174021403,-1.0
0.09360462498213899,0.0015619694451360327,30,1.8084724438376725,0.0006944282990207196,19,69.875,0.8009322142601013,-1.0
0.09285852630426616,0.002117637434582177,31,1.8048140811733902,0.0006763279432533592,19,72.41666682561238,0.7306435338656108,-1.0
0.09339700664981808,0.0016167655121535063,32,1.8055215599015355,0.0006579634122155992,19,73.50000015894572,0.6913566295305887,-1.0
0.09371041757740865,0.001463021262009677,33,1.808562939055264,0.000639363022683212,19,74.79166682561238,0.6491734639803568,-1.0
0.09358127252198756,0.0015896620032818693,34,1.8085030580405146,0.0006205554551086735,19,75.87500007947285,0.6533414045969645,-1.0
0.09296051167735928,0.0020445193727745823,35,1.8053701610770077,0.0006015697093979838,19,78.04166674613953,0.5996778440475464,-1.0
0.09375564088603776,0.001813326006461131,36,1.8161092589143664,0.0005824350601949146,19,78.33333333333333,0.5594965402285258,-1.0
0.09312346630337599,0.0014922289104249916,37,1.7979445978999138,0.0005631810117416299,19,82.0833334128062,0.5014054258664449,-1.0
0.09410738387439203,0.002311054176013721,38,1.8322062161751091,0.0005438372523852835,19,85.12500015894572,0.42942225813865664,-1.0
0.09374907031949413,0.0014694727418061934,39,1.8094054269604385,0.0005244336088007391,19,85.29166666666667,0.39656351049741106,-1.0
0.09343840572737942,0.001379986428410599,40,1.8017993848770857,0.0005050000000000001,19,85.9583334128062,0.39066187222798665,-1.0
0.09339555944806259,0.001382369437794152,41,1.8010251550003886,0.0004855663911992613,19,87.125,0.3483241832256317,-1.0
0.09381592744275143,0.0015305804554373026,42,1.8118300100322813,0.00046616274761471693,19,88.12500007947285,0.3282562283674876,-1.0
0.09367419971692327,0.0018781651742756367,43,1.8157474920153618,0.00044681898825837057,19,90.58333333333333,0.2711053041617076,-1.0
0.09351935485181839,0.0015899869858434325,44,1.8073363229632378,0.000427564939805086,19,90.8333334128062,0.27427416245142616,-1.0
0.09368427564684105,0.0015881058245309089,45,1.810493754921481,0.00040843029060201667,19,92.33333349227905,0.2290805486838023,-1.0
0.0932799208002459,0.0018182526661181136,46,1.8071641728747636,0.000389444544891327,19,91.70833333333333,0.23545193115870158,-1.0
0.09409785872374318,0.0016222364440756408,47,1.8189939260482788,0.0003706369773167883,19,93.79166682561238,0.18762230356534323,-1.0
0.09441315450117384,0.001891876877236523,48,1.8300922301132232,0.0003520365877844012,19,94.3333334128062,0.1776246815919876,-1.0
0.0930681255351948,0.0018395322473033478,49,1.8035620329901576,0.0003336720567466412,19,96.04166666666667,0.13478638490041098,-1.0
0.09232702101335714,0.0015399651969537924,50,1.7837732690386474,0.0003155717009792807,19,96.66666666666667,0.12026287128527959,-1.0
0.0940865675771707,0.001574525854697353,51,1.8178562889806926,0.00029776342991897335,19,95.91666666666667,0.12393854717413584,-1.0
0.09325023903511465,0.0016433970610562124,52,1.8032360719516873,0.00028027470262892445,19,96.95833333333333,0.10581345021724702,-1.0
0.09319601703043047,0.0019267046039825992,53,1.8076326418668032,0.0002631324854590073,19,97.95833333333333,0.07919111947218577,-1.0
0.093806878639091,0.0014704051550085608,54,1.8105715359561145,0.0002463632104656054,19,98.16666666666667,0.07300283874074619,-1.0
0.0943811520640003,0.001914790243302521,55,1.8298805397935212,0.0002299927346552969,19,98.33333349227905,0.058643170620004334,-1.0
0.09359815787818086,0.0015526731302471536,56,1.8081072310451418,0.00021404630011522587,19,98.54166682561238,0.05969444697101911,-1.0
0.09370964975096285,0.0014998897738558682,57,1.8092401991598308,0.00019854849509163232,19,99.20833349227905,0.04312237163384756,-1.0
0.0939587993473795,0.0015638410236294333,58,1.815206611994654,0.00018352321607655918,19,99.25,0.03942552511890729,-1.0
0.08402873395550016,0.002084897892353566,59,1.636905062943697,0.00016899363096119395,19,99.5,0.03290120529631774,-1.0
0.09974905504158844,0.0017200156458114322,60,1.9282086670864373,0.000154982143312659,19,99.37500007947285,0.03336571832497914,-1.0
0.1015334245503733,0.0015667236017945566,61,1.9591897558420897,0.0001415103578293356,19,99.58333333333333,0.028175099169214568,-1.0
0.1014006206471669,0.0016361630374663754,62,1.9579391400329769,0.0001285990470279847,19,99.66666674613953,0.024304339587688448,-1.0
0.10065533724417419,0.0014762769722820896,63,1.9407476510386914,0.0001162681192140312,19,99.70833333333333,0.026288070355852445,-1.0
0.06452771456372973,0.0017743529629354413,64,1.2599868038669229,0.00010453658778440107,19,99.75000015894572,0.020673465132713318,-1.0
0.07157817366532981,0.001735905124070613,65,1.3932110618334264,9.342254191024022e-05,19,99.875,0.01726762395352125,-1.0
0.07342459017557926,0.003146927668958118,66,1.4551237260457128,8.294311864472437e-05,19,99.91666666666667,0.014798935602108638,-1.0
0.09140690499426503,0.001472363848925421,67,1.7649523380678147,7.311447649896551e-05,19,99.875,0.01445122554898262,-1.0
0.0926893119651236,0.0017156791383106458,68,1.7939564329572022,6.395177052675794e-05,19,99.83333333333333,0.016567888508240383,-1.0
0.09378911155325018,0.0016986994489439223,69,1.814543591113761,5.546912895658472e-05,19,99.75,0.01819492772221565,-1.0
0.0934915044712589,0.0017470861049859148,70,1.80980253405869,4.767963140691306e-05,19,99.95833333333333,0.013076709682742755,-1.0
0.09320047066399925,0.0019981737101548596,71,1.8090313491411507,4.059528871837034e-05,19,99.95833333333333,0.01325861904770136,-1.0
0.093694363267308,0.0014186084123426362,72,1.807470278115943,3.4227024433899e-05,19,100.0,0.01211848006894191,-1.0
0.0944231154495164,0.0015410051779135277,73,1.8236648919992149,2.8584657955444653e-05,19,99.875,0.013726666246851286,-1.0
0.08152799152671114,0.0014229344179559696,74,1.57639424293302,2.367688940315011e-05,19,99.95833333333333,0.011674877516925334,-1.0
0.10273141537694946,0.0023421815130859613,75,1.9967074349988252,1.951128620040094e-05,19,99.83333333333333,0.013722247667610646,-1.0
0.10033248128418468,0.001625022127930271,76,1.937501768115908,1.6094271405406862e-05,19,99.95833333333333,0.012383172611395517,-1.0
0.10167263569555392,0.00181234882850396,77,1.9665375801268965,1.3431113807311488e-05,19,100.0,0.010771905779838562,-1.0
0.1022059093352015,0.002000195035514863,78,1.9802159329410642,1.1525919802101659e-05,19,99.95833333333333,0.011094784972568354,-1.0
0.07360993298750959,0.0017463878091228636,79,1.4320897040888667,1.0381627060842164e-05,19,99.95833333333333,0.0111973217005531,-1.0
0.07537304961710777,0.0014904630125353211,80,1.4607271200511605,1e-05,19,99.91666682561238,0.011970617870489756,-1.0
0.09619871423346922,0.01096206511138007,1,2.143577508861199,0.000999618372939158,20,17.880000007152557,2.27631250038147,-1.0
0.09233810974983499,0.0014257086091674863,2,1.875585730187595,0.0009984740801978985,20,22.7600000166893,2.061820993041992,-1.0
0.09279725343221798,0.0014310296159237624,3,1.8849078339990228,0.0009965688861926887,20,26.000000038146972,1.9705492193222045,-1.0
0.09283683472312987,0.001451424672268331,4,1.8861498448532075,0.0009939057285945933,20,28.960000038146973,1.9145562015533448,-1.0
0.09270863228011876,0.0015646866639144718,5,1.8857203798834234,0.0009904887137995992,20,30.04,1.8560486326217651,-1.0
0.09249931792728602,0.0014726002234965562,6,1.8796922729816288,0.00098632311059685,20,30.8800000333786,1.8065470218658448,-1.0
0.09248749348334968,0.0015852508251555264,7,1.8817108189687133,0.0009814153420445555,20,33.799999980926515,1.7539356937408448,-1.0
0.09309712235117332,0.001413645944558084,8,1.8904718100093305,0.0009757729755661012,20,36.120000009536746,1.7008558843612671,-1.0
0.0928852187586017,0.0018116404884494842,9,1.8942001990508288,0.0009694047112816298,20,37.2400000333786,1.6582021356582641,-1.0
0.09267250092234462,0.001558279129676521,10,1.8848574738949537,0.0009623203685930871,20,38.5199999666214,1.639592541694641,-1.0
0.09078663125401362,0.0015545468544587494,11,1.847117471974343,0.0009545308710434153,20,40.360000014305115,1.5819262090682984,-1.0
0.0929050398641266,0.001528694829903543,12,1.888967904029414,0.0009460482294732422,20,42.99999997138977,1.5213666078567505,-1.0
0.09132439797976985,0.0014105178182944656,13,1.854996883077547,0.0009368855235010348,20,43.36000000953674,1.518401965713501,-1.0
0.0927484096144326,0.0017655562842264771,14,1.890553570119664,0.0009270568813552758,20,44.92,1.4364549938201905,-1.0
0.09387855239911005,0.002937799645587802,15,1.9371963150333613,0.0009165774580897602,20,48.16000007629395,1.3931201553344728,-1.0
0.09339286835165694,0.001528447144664824,16,1.898739670170471,0.0009054634122155992,20,48.4,1.364700126838684,-1.0
0.0930598947685212,0.0013130892300978303,17,1.8877043169923127,0.0008937318807859689,20,47.0799999666214,1.3548117685317993,-1.0
0.0932180718635209,0.0013793450314551591,18,1.8922370509244502,0.0008814009529720156,20,51.91999995231628,1.2892793094635009,-1.0
0.0930508605320938,0.0015597676625475287,19,1.8925061139743775,0.0008684896421706646,20,54.240000066757204,1.2029974601745606,-1.0
0.09293727646581829,0.0014031180762685835,20,1.8871017219498754,0.0008550178566873412,20,54.32000002861023,1.2058255920410157,-1.0
0.09362972726812586,0.001547667384147644,21,1.9038490240927786,0.0008410063690388064,20,56.20000000476837,1.1567888927459717,-1.0
0.09261229780968279,0.0013456569402478635,22,1.8794483691453934,0.0008264767839234412,20,56.48000007629395,1.116998321533203,-1.0
0.0935742400237359,0.0015374871669337153,23,1.9025257911998779,0.000811451504908368,20,60.200000009536744,1.0652101514816283,-1.0
0.09288372506853193,0.001568922179285437,24,1.8893468850292265,0.0007959536998847743,20,62.71999994277954,0.9915429914474487,-1.0
0.09285040302202105,0.0014440690749324859,25,1.8861813601106405,0.0007800072653447032,20,61.44000005722046,1.0018320348739624,-1.0
0.0933834579307586,0.0014104998670518398,26,1.8961885799653828,0.0007636367895343947,20,65.23999994277955,0.9296666763305664,-1.0
0.09231960420729593,0.0013922835933044553,27,1.8745013419538736,0.0007468675145409928,20,68.92000002861023,0.8517110900878906,-1.0
0.0922108742990531,0.0015564345521852374,28,1.8755996969994158,0.0007297252973710758,20,70.56,0.8056277748107911,-1.0
0.09278721812879667,0.0015109013766050339,29,1.8861945169046521,0.0007122365700810271,20,71.32000003814697,0.7776307832717896,-1.0
0.09238478667102754,0.0015160987852141262,30,1.878255567047745,0.0006944282990207196,20,71.72000008583069,0.7488670001983643,-1.0
0.09326517669251189,0.0015199367073364556,31,1.895957730943337,0.0006763279432533592,20,73.88,0.707265641784668,-1.0
0.09275348999071867,0.0014198554097674787,32,1.883710372960195,0.0006579634122155992,20,76.36000000953675,0.6723087801933288,-1.0
0.09322436895454303,0.0013623625389300286,33,1.8919743590522557,0.000639363022683212,20,77.19999998092652,0.619753861951828,-1.0
0.09282936833333225,0.0014314591186121105,34,1.8854575587902218,0.0006205554551086735,20,80.75999995231628,0.5235366928100585,-1.0
0.09280217100167647,0.0013300997437909246,35,1.8828951090108603,0.0006015697093979838,20,81.67999995231628,0.501334267616272,-1.0
0.09119507235009224,0.0015915107447654008,36,1.8559771198779345,0.0005824350601949146,20,82.20000003814697,0.482309197807312,-1.0
0.09350880605634301,0.0028360145865008236,37,1.9271346000023186,0.0005631810117416299,20,83.80000005722046,0.4524544659614563,-1.0
0.09300634396495297,0.002283724141307175,38,1.9060415329877287,0.0005438372523852835,20,84.95999997138978,0.41575526781082156,-1.0
0.09246930391527712,0.0024851100286468865,39,1.8993454140145332,0.0005244336088007391,20,85.5199999332428,0.38614842901229857,-1.0
0.09211388619150966,0.001993508660234511,40,1.882378552109003,0.0005050000000000001,20,89.28000001907348,0.30903691239356995,-1.0
0.09281287137418985,0.0016794263850897551,41,1.8900872059166431,0.0004855663911992613,20,88.6800000667572,0.30171917128562925,-1.0
0.09276748480042443,0.0015165167045779527,42,1.885924156056717,0.00046616274761471693,20,89.40000005722045,0.2946514984130859,-1.0
0.09319498551776632,0.001528638380113989,43,1.8947191888000816,0.00044681898825837057,20,90.24000005722046,0.278408251953125,-1.0
0.09309250850928948,0.001320461742579937,44,1.8885438519064337,0.000427564939805086,20,92.8799999332428,0.21260799674987793,-1.0
0.0927995829260908,0.0014562693191692232,45,1.8853555819950998,0.00040843029060201667,20,94.23999994277955,0.17369847493171692,-1.0
0.09294618499698118,0.001386917952913791,46,1.886904302984476,0.000389444544891327,20,93.76000005722045,0.1784155951976776,-1.0
0.09301755679771304,0.0013570379000157119,47,1.8877301709726453,0.0003706369773167883,20,94.59999996185303,0.15994149354696274,-1.0
0.09205098558450117,0.001967278914526105,48,1.880621985066682,0.0003520365877844012,20,94.7199999332428,0.15578571465015412,-1.0
0.09208549588220194,0.0021150893648155034,49,1.8842804981395602,0.0003336720567466412,20,95.63999997138977,0.13513784639835358,-1.0
0.09231864120811224,0.0016762452432885766,50,1.8802522199694067,0.0003155717009792807,20,96.36000004768371,0.11885388352870942,-1.0
0.09259127250406891,0.0021104258485138416,51,1.8943754290230572,0.00029776342991897335,20,97.36000008583069,0.09779206223487855,-1.0
0.09281682902947068,0.0016385881113819777,52,1.8894312970805913,0.00028027470262892445,20,98.44,0.06703265227079391,-1.0
0.0925781263387762,0.0018472423194907605,53,1.88875075802207,0.0002631324854590073,20,98.76000008583068,0.0540642427444458,-1.0
0.09205204775789752,0.0017801562440581619,54,1.876923057017848,0.0002463632104656054,20,99.16000004768371,0.044450422942638394,-1.0
0.09298900668509305,0.0018205698113888502,55,1.8964616139419377,0.0002299927346552969,20,98.67999996185303,0.044852245277166365,-1.0
0.09168436650652438,0.001795702544040978,56,1.8698491828981787,0.00021404630011522587,20,99.23999996185303,0.03744028891921043,-1.0
0.09325565616600215,0.001607649284414947,57,1.8975206709001213,0.00019854849509163232,20,99.56,0.03099976127743721,-1.0
0.09276348005514592,0.0025208574952557683,58,1.9059432349167764,0.00018352321607655918,20,99.24,0.03430300777852535,-1.0
0.08306131969438865,0.0014640588080510498,59,1.690772427013144,0.00016899363096119395,20,99.63999996185302,0.024687256789207458,-1.0
0.09780834137927741,0.001376601424999535,60,1.9839487911667675,0.000154982143312659,20,99.68,0.023861850655078887,-1.0
0.09871264077955857,0.0022736320621334015,61,2.020014811074361,0.0001415103578293356,20,99.84,0.01971887626647949,-1.0
0.10156120209721849,0.0015927854576148093,62,2.063312831101939,0.0001285990470279847,20,99.84,0.01832986961901188,-1.0
0.10088650037068873,0.0014348120777867735,63,2.046667650807649,0.0001162681192140312,20,99.84,0.01590516624003649,-1.0
0.07623199016088619,0.0022487481939606367,64,1.5698571999091655,0.00010453658778440107,20,99.68,0.01595381859242916,-1.0
0.06166448767762631,0.001921369123738259,65,1.2720591078978032,9.342254191024022e-05,20,99.84,0.013898710364103317,-1.0
0.06248531327582896,0.001441345876082778,66,1.278922765981406,8.294311864472437e-05,20,99.88,0.013739103703945875,-1.0
0.062240397918503734,0.002227698778733611,67,1.2897100260015577,7.311447649896551e-05,20,99.88,0.013863890312612056,-1.0
0.06165757533162832,0.002087463578209281,68,1.2751427909824997,6.395177052675794e-05,20,99.88,0.014337025690078735,-1.0
0.06762107628164812,0.0016603377647697926,69,1.3858712560031563,5.546912895658472e-05,20,99.88,0.011931267571449279,-1.0
0.08694667918607593,0.001543695363216102,70,1.7701518880203366,4.767963140691306e-05,20,99.96,0.010556377740204334,-1.0
0.0892447997815907,0.0018106376752257346,71,1.821451311931014,4.059528871837034e-05,20,100.0,0.010916829082369805,-1.0
0.08734091798542068,0.0015177951660007238,72,1.7775040669366717,3.4227024433899e-05,20,99.96,0.00941506391763687,-1.0
0.08963361909845843,0.0015517470077611507,73,1.8239472119603306,2.8584657955444653e-05,20,99.96,0.00966706114113331,-1.0
0.07916280209319666,0.0015123068122193217,74,1.6137335449457169,2.367688940315011e-05,20,99.92,0.011207956646382808,-1.0
0.09880903081502765,0.0019590696319937706,75,2.015607077162713,1.951128620040094e-05,20,100.0,0.009038996174931526,-1.0
0.09600099220406264,0.002245242637582123,76,1.9651670600287616,1.6094271405406862e-05,20,99.91999996185302,0.009975049698352815,-1.0
0.09719537466298789,0.001879519282374531,77,1.981752780964598,1.3431113807311488e-05,20,100.0,0.008831733511388301,-1.0
0.09748886498855427,0.002613291214220226,78,2.0023030638694763,1.1525919802101659e-05,20,99.92,0.01006984213590622,-1.0
0.059352789947297424,0.0015554631012491883,79,1.2184413960203528,1.0381627060842164e-05,20,99.84,0.015859120216965675,-1.0
0.05605173535877839,0.0014554216410033404,80,1.1503839120268822,1e-05,20,99.96,0.010085328064858913,-1.0
