avg_batch_time_sec,avg_data_time_sec,epoch,epoch_time_sec,lr,round,train_acc,train_loss,val_acc
0.34244084294186905,0.041866516054142267,1,1.5374954349827021,0.000999618372939158,0,13.999999940395355,2.4881652011871336,-1.0
0.09037564200116321,0.007194594771135598,2,0.39061255380511284,0.0009984740801978985,0,22.200000214576722,2.173336679458618,-1.0
0.09264558670111,0.013038491772022098,3,0.4230706049129367,0.0009965688861926887,0,26.600000143051147,1.9985131044387818,-1.0
0.09626951726386324,0.010494682472199202,4,0.4274337238166481,0.0009939057285945933,0,31.4,1.8443493518829346,-1.0
0.09584056976018474,0.006565087998751551,5,0.4098948889877647,0.0009904887137995992,0,33.19999995231628,1.7599758806228638,-1.0
0.08896223909687251,0.0062568316934630275,6,0.38111764402128756,0.00098632311059685,0,39.199999713897704,1.6707867975234985,-1.0
0.09416111023165286,0.014022767019923776,7,0.43299395497888327,0.0009814153420445555,0,39.79999969005585,1.6200948457717896,-1.0
0.07063014397863299,0.012128165282774717,8,0.3313175530638546,0.0009757729755661012,0,43.00000009536743,1.4842009859085084,-1.0
0.0723858451237902,0.012350493634585291,9,0.3392349488567561,0.0009694047112816298,0,45.400000071525575,1.4714622545242309,-1.0
0.08763979928335175,0.007190951728262007,10,0.3796065191272646,0.0009623203685930871,0,49.00000028610229,1.422128396987915,-1.0
0.10044598596869037,0.011158950568642467,11,0.44671902409754694,0.0009545308710434153,0,50.00000004768371,1.3502899408340454,-1.0
0.10228804429061711,0.014711829251609743,12,0.46827150299213827,0.0009460482294732422,0,50.99999947547913,1.2976385269165038,-1.0
0.10286072216695175,0.012599990062881261,13,0.46212959894910455,0.0009368855235010348,0,53.60000042915344,1.2257184133529664,-1.0
0.10253570997156203,0.011728005774784833,14,0.4573419240768999,0.0009270568813552758,0,57.59999995231628,1.1717983379364014,-1.0
0.08841348404530436,0.005796065728645772,15,0.3771263111848384,0.0009165774580897602,0,60.600000095367434,1.0985783729553222,-1.0
0.10296998103149235,0.00950134894810617,16,0.450119209010154,0.0009054634122155992,0,58.59999995231628,1.0888068742752075,-1.0
0.10579648677958176,0.009734230174217373,17,0.4623634279705584,0.0008937318807859689,0,62.99999990463257,0.9756128301620484,-1.0
0.10293715144507587,0.009185676055494696,18,0.44873180985450745,0.0008814009529720156,0,63.199999523162845,0.9924697780609131,-1.0
0.09694553021108732,0.012365047819912434,19,0.4374774938914925,0.0008684896421706646,0,67.39999966621399,0.8871350598335266,-1.0
0.10232563526369631,0.009564736275933683,20,0.4478182408493012,0.0008550178566873412,0,69.19999980926514,0.8835562858581543,-1.0
0.10317120008403435,0.006328754185233265,21,0.43826572597026825,0.0008410063690388064,0,71.59999957084656,0.7698982429504394,-1.0
0.10701762343524024,0.007075892062857747,22,0.4566256790421903,0.0008264767839234412,0,71.60000004768372,0.7245174722671509,-1.0
0.10317971074255183,0.01060251850867644,23,0.4555215851869434,0.000811451504908368,0,76.19999971389771,0.6493704829216004,-1.0
0.100085855985526,0.009707002027425915,24,0.4394174301996827,0.0007959536998847743,0,76.79999995231628,0.6205813322067261,-1.0
0.10358030302450061,0.005930630199145526,25,0.438279194990173,0.0007800072653447032,0,80.00000042915345,0.5957346825599671,-1.0
0.10280010179849342,0.009462467452976853,26,0.4492876420263201,0.0007636367895343947,0,78.40000023841858,0.5642760219573975,-1.0
0.10432922001928091,0.012009622703772038,27,0.4655958008952439,0.0007468675145409928,0,80.39999980926514,0.5320663347244262,-1.0
0.07536318420898169,0.012339897511992604,28,0.35104421502910554,0.0007297252973710758,0,82.59999976158142,0.5463097071647645,-1.0
0.03186717355856672,0.012245095451362431,29,0.17667340207844973,0.0007122365700810271,0,81.99999923706055,0.5167120203971863,-1.0
0.06007389182923362,0.0063337942119687796,30,0.26584556698799133,0.0006944282990207196,0,80.99999952316284,0.49384711265563963,-1.0
0.07016577053582296,0.00607954798033461,31,0.3052018249873072,0.0006763279432533592,0,89.19999961853027,0.3464829773902893,-1.0
0.06922720425063744,0.005966345954220742,32,0.3009993378072977,0.0006579634122155992,0,87.79999990463257,0.33575606226921084,-1.0
0.06967437901766971,0.011992782237939537,33,0.3269042489118874,0.000639363022683212,0,91.99999985694885,0.23568427085876464,-1.0
0.06979280919767916,0.009229215502273291,34,0.3163213189691305,0.0006205554551086735,0,91.20000014305114,0.2351517059803009,-1.0
0.05836533399997279,0.009457260021008551,35,0.27152601815760136,0.0006015697093979838,0,92.60000009536743,0.23058414721488954,-1.0
0.07375635608332232,0.006085542670916766,36,0.31994220591150224,0.0005824350601949146,0,92.80000033378602,0.2434985134601593,-1.0
0.07239344401750714,0.009232009702827781,37,0.3267504188697785,0.0005631810117416299,0,94.00000004768371,0.20742574143409728,-1.0
0.07019445596961305,0.010305411065928638,38,0.32232800009660423,0.0005438372523852835,0,93.19999961853027,0.2070998628139496,-1.0
0.0740276777651161,0.009322107769548893,39,0.333744770148769,0.0005244336088007391,0,95.40000004768372,0.18841463720798493,-1.0
0.06976867327466607,0.009977877198252827,40,0.319282075855881,0.0005050000000000001,0,93.79999942779541,0.19162649393081665,-1.0
0.06955647451104596,0.011942442040890455,41,0.3262742329388857,0.0004855663911992613,0,95.60000004768372,0.16433594965934753,-1.0
0.07276039902353659,0.009605872735846788,42,0.32974785985425115,0.00046616274761471693,0,95.60000047683715,0.14465125805139542,-1.0
0.07242373644839972,0.011658433766569942,43,0.3366096019744873,0.00044681898825837057,0,95.00000052452087,0.14835002279281617,-1.0
0.07206259074155241,0.011763921764213592,44,0.3356063300743699,0.000427564939805086,0,98.00000004768371,0.09674663376808167,-1.0
0.07144567341310903,0.012881674338132143,45,0.337565905880183,0.00040843029060201667,0,97.19999980926514,0.10537242925167084,-1.0
0.07255420426372439,0.011441053240559995,46,0.3362191980704665,0.000389444544891327,0,98.4,0.07593853095173836,-1.0
0.05151458259206265,0.01511251216288656,47,0.2667288901284337,0.0003706369773167883,0,97.99999933242798,0.0694152427315712,-1.0
0.03393862547818571,0.006570183555595577,48,0.162306783022359,0.0003520365877844012,0,98.59999933242798,0.06487408125400543,-1.0
0.03483180404873565,0.005810589937027544,49,0.1627900660969317,0.0003336720567466412,0,98.60000023841857,0.06938661256432534,-1.0
0.037293432746082544,0.009737760468851775,50,0.1883763810619712,0.0003155717009792807,0,98.40000004768372,0.0694847891330719,-1.0
0.05346416123211384,0.009712920757010579,51,0.25305684097111225,0.00029776342991897335,0,99.6,0.03884315200150013,-1.0
0.047200254222843796,0.01347398228244856,52,0.2429439548868686,0.00028027470262892445,0,99.40000047683716,0.04335556241869926,-1.0
0.051447669276967645,0.009318236727267504,53,0.24331219610758126,0.0002631324854590073,0,99.8,0.039088695257902144,-1.0
0.05297532631084323,0.012974323239177465,54,0.2640250779222697,0.0002463632104656054,0,99.4,0.031459510281682014,-1.0
0.05111213924828917,0.007743060996290296,55,0.23564941389486194,0.0002299927346552969,0,99.20000023841858,0.032804171621799466,-1.0
0.05067147396039218,0.009893315786030143,56,0.24248252413235605,0.00021404630011522587,0,100.0,0.025365338742733,-1.0
0.04968285927316174,0.009163515002001077,57,0.23562053008936346,0.00019854849509163232,0,99.6,0.021781395986676215,-1.0
0.055500195012427866,0.00944384274771437,58,0.25999540905468166,0.00018352321607655918,0,100.0,0.018211750626564025,-1.0
0.058511930983513594,0.00594470597570762,59,0.2580508650280535,0.00016899363096119395,0,99.6,0.018757511682808398,-1.0
0.05788576521445066,0.0073447892791591585,60,0.2611580619122833,0.000154982143312659,0,99.8,0.021270903259515764,-1.0
0.06322057446232066,0.013480289024300873,61,0.3070725582074374,0.0001415103578293356,0,99.6,0.019312172375619413,-1.0
0.061127522960305214,0.009581526508554816,62,0.28308731503784657,0.0001285990470279847,0,99.8,0.012516138650476932,-1.0
0.057707788480911404,0.0058869870263151824,63,0.25462924712337554,0.0001162681192140312,0,100.0,0.010513587206602096,-1.0
0.057667693006806076,0.01334004121599719,64,0.2842779071070254,0.00010453658778440107,0,100.0,0.010065258279442787,-1.0
0.058032522443681955,0.009199453808832914,65,0.2691828168462962,9.342254191024022e-05,0,100.0,0.009233454748988151,-1.0
0.05798312078695744,0.012208530737552792,66,0.2810272069182247,8.294311864472437e-05,0,100.0,0.012080088049173356,-1.0
0.058169813244603574,0.006594284495804459,67,0.25932126794941723,7.311447649896551e-05,0,99.8,0.010762419253587723,-1.0
0.05984095245366916,0.009566513821482658,68,0.27786026103422046,6.395177052675794e-05,0,100.0,0.0111010257974267,-1.0
0.053886965091805905,0.005935179186053574,69,0.2395432589109987,5.546912895658472e-05,0,100.0,0.007699966698884964,-1.0
0.06686040706699714,0.009281358681619167,70,0.3048115011770278,4.767963140691306e-05,0,100.0,0.009192938707768918,-1.0
0.05953467101790011,0.007383827702142298,71,0.26795855117961764,4.059528871837034e-05,0,100.0,0.007044198554009199,-1.0
0.06429713079705834,0.008645085443276912,72,0.2920841369777918,3.4227024433899e-05,0,100.0,0.00824308468028903,-1.0
0.060445833718404174,0.009175868763122708,73,0.2787738188635558,2.8584657955444653e-05,0,100.0,0.008643996726721526,-1.0
0.06729679874842986,0.006669464462902397,74,0.29610175685957074,2.367688940315011e-05,0,99.80000023841858,0.014477974444627761,-1.0
0.07039757975144312,0.01357300323434174,75,0.33612389396876097,1.951128620040094e-05,0,100.0,0.007645641192793846,-1.0
0.07768265227787197,0.010180396435316652,76,0.35169497900642455,1.6094271405406862e-05,0,100.0,0.007303932227194309,-1.0
0.08758008456788957,0.008236042689532042,77,0.38349798787385225,1.3431113807311488e-05,0,100.0,0.008668185211718082,-1.0
0.0839190959231928,0.00835564685985446,78,0.36935459403321147,1.1525919802101659e-05,0,99.8,0.010982061110436916,-1.0
0.09132400550879538,0.009731989295687526,79,0.4044907980132848,1.0381627060842164e-05,0,100.0,0.01034382876008749,-1.0
0.08428573777200654,0.013958946510683745,80,0.3932609800249338,1e-05,0,100.0,0.008601217225193978,-1.0
0.09383105463348329,0.03668817258439958,1,0.6528544030152261,0.000999618372939158,1,16.33333347241084,2.350838435490926,-1.0
0.08491217498667539,0.009060956630855798,2,0.47014407510869205,0.0009984740801978985,1,22.66666676600774,2.176130355199178,-1.0
0.08352630385197699,0.009666580334305763,3,0.46622519195079803,0.0009965688861926887,1,25.50000023841858,1.9715455706914267,-1.0
0.08752710376866162,0.007948389230296015,4,0.47764151101000607,0.0009939057285945933,1,32.833333333333336,1.797376602490743,-1.0
0.08517216858454049,0.00857109841890633,5,0.46895412099547684,0.0009904887137995992,1,37.16666658719381,1.7067828639348348,-1.0
0.08705616975203156,0.006334735220298171,6,0.46718977810814977,0.00098632311059685,1,37.166666865348816,1.6720619757970174,-1.0
0.08062430322170258,0.005303663806989789,7,0.42987488699145615,0.0009814153420445555,1,38.66666706403097,1.6209767659505208,-1.0
0.08164455182850361,0.010452584177255631,8,0.46074396814219654,0.0009757729755661012,1,41.166666984558105,1.5279772504170737,-1.0
0.07975390423089265,0.00999931120313704,9,0.44902425399050117,0.0009694047112816298,1,45.50000031789144,1.409021004041036,-1.0
0.0823875035624951,0.008166762627661228,10,0.4530524311121553,0.0009623203685930871,1,46.50000011920929,1.3839154227574666,-1.0
0.08509121956303715,0.005312506854534149,11,0.4523726529441774,0.0009545308710434153,1,48.333333690961204,1.3601853926976522,-1.0
0.08484387071803212,0.007470326684415341,12,0.4618224340956658,0.0009460482294732422,1,52.33333317438761,1.2738307952880858,-1.0
0.0838651557918638,0.0076936474069952965,13,0.45802870905026793,0.0009368855235010348,1,53.166666865348816,1.1889684629440307,-1.0
0.0828426712192595,0.010762766981497408,14,0.4682775060646236,0.0009270568813552758,1,58.99999984105428,1.1099500385920207,-1.0
0.08363751461729407,0.005617230013012886,15,0.44652608083561063,0.0009165774580897602,1,56.6666667064031,1.163785851796468,-1.0
0.08439377397298813,0.004766745399683714,16,0.44606621097773314,0.0009054634122155992,1,61.16666682561239,1.056982913017273,-1.0
0.05292902104556561,0.005684628942981362,17,0.29330629692412913,0.0008937318807859689,1,58.833333810170494,1.0661590147018432,-1.0
0.0841238558292389,0.008080618968233467,18,0.461296996101737,0.0008814009529720156,1,60.500000635782875,1.051137015024821,-1.0
0.09506378406658769,0.0065239887218922375,19,0.5082336550112814,0.0008684896421706646,1,61.66666706403097,1.0056365442276,-1.0
0.09652983699925244,0.00639343298971653,20,0.5148527338169515,0.0008550178566873412,1,61.66666650772095,1.0063170417149863,-1.0
0.09835288464091718,0.007707232190296054,21,0.5305491760373116,0.0008410063690388064,1,66.00000047683716,0.9124102783203125,-1.0
0.09320378229022026,0.008613171707838773,22,0.5093417949974537,0.0008264767839234412,1,69.33333349227905,0.8355364163716634,-1.0
0.08906693123281002,0.005372661165893078,23,0.4724900689907372,0.000811451504908368,1,69.66666682561238,0.7929915610949199,-1.0
0.09433932434767485,0.005429408233612776,24,0.49912963109090924,0.0007959536998847743,1,72.83333365122478,0.758851040204366,-1.0
0.09647525893524289,0.0051813226658850905,25,0.5086459920275956,0.0007800072653447032,1,69.16666706403096,0.791415897210439,-1.0
0.09567125625908375,0.010435422323644162,26,0.530817338032648,0.0007636367895343947,1,70.99999992052715,0.7466877277692159,-1.0
0.09763331841677428,0.0056487471796572205,27,0.5166893859859556,0.0007468675145409928,1,76.50000079472859,0.6391673946380615,-1.0
0.09374028844758868,0.005186187941581011,28,0.4948713001795113,0.0007297252973710758,1,77.66666714350383,0.6043583369255066,-1.0
0.09439749103039503,0.010458761593326926,29,0.5245213930029422,0.0007122365700810271,1,82.33333373069763,0.5058299295107523,-1.0
0.09341389304026962,0.009553547156974674,30,0.5150793429929763,0.0006944282990207196,1,84.83333404858907,0.46172877073287966,-1.0
0.09871091940440238,0.007669865805655718,31,0.5321349420119077,0.0006763279432533592,1,86.16666714350383,0.4115007527669271,-1.0
0.09576983004808426,0.011633745953440666,32,0.5372664320748299,0.0006579634122155992,1,87.33333381017049,0.3907672826449076,-1.0
0.09627969353459775,0.007785653835162521,33,0.5205854240339249,0.000639363022683212,1,87.66666722297668,0.33267916917800905,-1.0
0.05293651232495904,0.005433861073106528,34,0.2920876301359385,0.0006205554551086735,1,88.33333365122478,0.3308119777838389,-1.0
0.05671386905014515,0.010404013143852354,35,0.3358319951221347,0.0006015697093979838,1,87.50000015894572,0.3538501946131388,-1.0
0.0384261651430279,0.004996824031695724,36,0.217348407022655,0.0005824350601949146,1,89.33333365122478,0.3528821305433909,-1.0
0.060966776311397554,0.010715650068596006,37,0.3586871549487114,0.0005631810117416299,1,89.50000071525574,0.3326388816038767,-1.0
0.06526766787283123,0.01089765471406281,38,0.381170999025926,0.0005438372523852835,1,92.3333334128062,0.23892456650733948,-1.0
0.06827379860915243,0.007920815795660018,39,0.3812648400198668,0.0005244336088007391,1,90.50000071525574,0.2612561810016632,-1.0
0.07058437522500753,0.005865205405279994,40,0.3825481829699129,0.0005050000000000001,1,93.66666674613953,0.21882053852081298,-1.0
0.06944131040945649,0.005559008382260799,41,0.3752670609392226,0.0004855663911992613,1,93.00000023841858,0.20496980587641397,-1.0
0.05453888522461057,0.010243362560868264,42,0.32413921202532947,0.00046616274761471693,1,93.83333357175191,0.17595040222009023,-1.0
0.06927325613796712,0.00493028643541038,43,0.3712459148373455,0.00044681898825837057,1,97.00000031789143,0.12979893664518993,-1.0
0.07888429299928248,0.007303432794287801,44,0.4311840271111578,0.000427564939805086,1,95.33333396911621,0.14288852055867513,-1.0
0.0901163378264755,0.0060686899814754725,45,0.4811690349597484,0.00040843029060201667,1,96.66666746139526,0.13995535631974537,-1.0
0.09709318270906805,0.006155811110511422,46,0.5164927700534463,0.000389444544891327,1,96.16666730244954,0.1287433789173762,-1.0
0.09676533178426325,0.010114855784922838,47,0.5351286891382188,0.0003706369773167883,1,95.66666714350383,0.14731298168500265,-1.0
0.09559519803151488,0.011931904777884483,48,0.537889864994213,0.0003520365877844012,1,96.16666706403096,0.130970521569252,-1.0
0.09485451797954739,0.007844597660005092,49,0.513756759930402,0.0003336720567466412,1,98.00000047683716,0.08606417049964268,-1.0
0.09301131949760019,0.008042274322360755,50,0.5055291200987995,0.0003155717009792807,1,97.00000079472859,0.09144333362579346,-1.0
0.0964174275752157,0.009596165036782622,51,0.5303226148243994,0.00029776342991897335,1,98.33333365122478,0.07324804236491521,-1.0
0.09460954498499632,0.006357761425897479,52,0.5050922748632729,0.00028027470262892445,1,98.1666669845581,0.06987467835346858,-1.0
0.09302205140702427,0.005238845152780414,53,0.49160372093319893,0.0002631324854590073,1,99.16666666666667,0.04358765800793966,-1.0
0.05328274676576257,0.009798119403421878,54,0.31568334996700287,0.0002463632104656054,1,99.50000031789143,0.050960983335971835,-1.0
0.050875719636678696,0.009448349382728339,55,0.30190428998321295,0.0002299927346552969,1,99.83333349227905,0.031119370311498643,-1.0
0.05466121640056372,0.009200798626989127,56,0.31954794097691774,0.00021404630011522587,1,99.83333333333333,0.025651771475871405,-1.0
0.08674957784824074,0.00522235413081944,57,0.4601298051420599,0.00019854849509163232,1,99.83333333333333,0.026062471891442934,-1.0
0.0631071835756302,0.005699435202404857,58,0.3442964581772685,0.00018352321607655918,1,100.0,0.02094585576405128,-1.0
0.06032704981043935,0.007607309985905886,59,0.33991111791692674,0.00016899363096119395,1,100.0,0.017532407840092978,-1.0
0.058093786658719185,0.01187812010757625,60,0.3501180128660053,0.000154982143312659,1,99.66666666666667,0.018712607386211555,-1.0
0.05905166575685143,0.005054286634549499,61,0.3207985849585384,0.0001415103578293356,1,100.0,0.014250933354099592,-1.0
0.08081481377594173,0.012039973214268685,62,0.46456688502803445,0.0001285990470279847,1,99.66666666666667,0.02206156964103381,-1.0
0.07830628259107471,0.00779687836766243,63,0.4308071320410818,0.0001162681192140312,1,99.83333349227905,0.020006968925396603,-1.0
0.08449217304587364,0.008200444933027028,64,0.46370280999690294,0.00010453658778440107,1,99.83333333333333,0.018713383600115777,-1.0
0.08451809394173324,0.015249029872938991,65,0.49911620910279453,9.342254191024022e-05,1,100.0,0.015846224774916966,-1.0
0.08702106038108468,0.00916975000873208,66,0.4812467498704791,8.294311864472437e-05,1,100.0,0.013238886793454488,-1.0
0.08622289621271192,0.005820600967854262,67,0.46050822199322283,7.311447649896551e-05,1,99.83333349227905,0.013645540823539097,-1.0
0.07923708781599999,0.008064158773049713,68,0.4367871240247041,6.395177052675794e-05,1,100.0,0.014661528033514818,-1.0
0.0813089826144278,0.0091061944141984,69,0.452370636863634,5.546912895658472e-05,1,100.0,0.012314379227658113,-1.0
0.08853548993356526,0.009018839662894606,70,0.4880838361568749,4.767963140691306e-05,1,99.83333333333333,0.014004603897531828,-1.0
0.08224115963093936,0.006553745176643133,71,0.44426630111411214,4.059528871837034e-05,1,100.0,0.012045184522867203,-1.0
0.08451448222622275,0.01120953457430005,72,0.4789258330129087,3.4227024433899e-05,1,99.83333333333333,0.012826525370279947,-1.0
0.08306081984192133,0.008838863763958215,73,0.4597838460467756,2.8584657955444653e-05,1,100.0,0.010669470181067784,-1.0
0.08359777219593525,0.007561832433566451,74,0.456088928040117,2.367688940315011e-05,1,100.0,0.014156381090482076,-1.0
0.07845280645415187,0.007236774964258075,75,0.4286856329999864,1.951128620040094e-05,1,100.0,0.010517144612967967,-1.0
0.07991378996521234,0.011122233420610427,76,0.4554840719792992,1.6094271405406862e-05,1,100.0,0.010169758299986521,-1.0
0.0820599920116365,0.010047180578112602,77,0.46082854201085865,1.3431113807311488e-05,1,100.0,0.0076195243994394935,-1.0
0.08324261815287173,0.010724553652107716,78,0.4701331548858434,1.1525919802101659e-05,1,100.0,0.015636362954974174,-1.0
0.08045412763021886,0.010124876769259572,79,0.4531864889431745,1.0381627060842164e-05,1,100.0,0.00927869119370977,-1.0
0.08324801013804972,0.009850772237405181,80,0.4657788290642202,1e-05,1,100.0,0.009599843968947728,-1.0
0.0913592593666787,0.030925020497913163,1,0.733976325020194,0.000999618372939158,2,16.428571471146174,2.451406957081386,-1.0
0.08232745435088873,0.008410562489492198,2,0.5446967529132962,0.0009984740801978985,2,22.428571428571427,2.095318694114685,-1.0
0.08029950887430459,0.006203679988781611,3,0.5193093179259449,0.0009965688861926887,2,30.42857163293021,1.950540076664516,-1.0
0.08602102283233155,0.006332599984792371,4,0.5543634900823236,0.0009939057285945933,2,32.000000153269085,1.8247429547991072,-1.0
0.08230292626346151,0.004408162436448038,5,0.5205025759059936,0.0009904887137995992,2,33.00000018732889,1.7826682792391095,-1.0
0.08249989117030054,0.008253852526346842,6,0.5447565228678286,0.00098632311059685,2,35.7142859186445,1.712924278123038,-1.0
0.0826055546834444,0.006486186641268432,7,0.5347869319375604,0.0009814153420445555,2,41.85714306150164,1.5887276785714286,-1.0
0.08227729603337745,0.007157694820004205,8,0.5368509360123426,0.0009757729755661012,2,44.42857142857143,1.503816614832197,-1.0
0.08380785130430013,0.006481596501544118,9,0.5419779277872294,0.0009694047112816298,2,43.714285952704294,1.4658590514319283,-1.0
0.07823511360523601,0.003920266365942855,10,0.4932344229891896,0.0009623203685930871,2,47.4285717351096,1.4883575684683663,-1.0
0.08500747204137345,0.008351415628567338,11,0.5604519229382277,0.0009545308710434153,2,47.57142891202654,1.3847039583751133,-1.0
0.08207865521156539,0.008689404969724515,12,0.5448990969453007,0.0009460482294732422,2,50.71428619112287,1.348395323072161,-1.0
0.0821229947808509,0.00891359270705531,13,0.5465035911183804,0.0009368855235010348,2,53.00000010217939,1.2982690027781896,-1.0
0.0821695780614391,0.010260354106624922,14,0.5548727021086961,0.0009270568813552758,2,51.857143010411946,1.2540176051003593,-1.0
0.07913689649042983,0.006675654013330738,15,0.5151589580345899,0.0009165774580897602,2,57.000000306538176,1.2262235818590437,-1.0
0.07169440982397646,0.0087266811557735,16,0.4828182519413531,0.0009054634122155992,2,56.57142863954817,1.1961787176132201,-1.0
0.059233637914682426,0.005046614600966374,17,0.3859117110259831,0.0008937318807859689,2,60.57142898014614,1.0680969480105809,-1.0
0.09000510997915019,0.00530849020772924,18,0.5721208590548486,0.0008814009529720156,2,62.00000017029898,1.05281854561397,-1.0
0.09319187033300598,0.00533499331989636,19,0.5913970360998064,0.0008684896421706646,2,58.857143010411946,1.1144720956257412,-1.0
0.09720066810647647,0.005254030227661133,20,0.6149631729349494,0.0008550178566873412,2,63.14285741533552,1.0494108540671212,-1.0
0.0937703358552729,0.005402440981318553,21,0.5952780519146472,0.0008410063690388064,2,64.42857197352818,1.017904324531555,-1.0
0.09555961405082296,0.005458680136750142,22,0.6063441759906709,0.0008264767839234412,2,67.42857159887042,0.9301250771113805,-1.0
0.09326574097697933,0.005208346992731094,23,0.5910923499614,0.000811451504908368,2,69.14285744939532,0.8736597657203674,-1.0
0.09233890598018964,0.0054964866722002625,24,0.5872668568044901,0.0007959536998847743,2,71.00000037465777,0.8245320854868208,-1.0
0.09227742382790893,0.005040942147995035,25,0.58414884400554,0.0007800072653447032,2,73.4285717351096,0.7490110836710249,-1.0
0.09456327770991872,0.0054989336446548505,26,0.6006413688883185,0.0007636367895343947,2,73.57142884390694,0.6841131275040763,-1.0
0.09256406120645504,0.005123239476233721,27,0.5864226319827139,0.0007468675145409928,2,77.85714323180062,0.6409662011691503,-1.0
0.09339214733336121,0.004327420028857887,28,0.5865617787931114,0.0007297252973710758,2,75.00000047683716,0.6277716534478324,-1.0
0.09345229377504438,0.010856733230563501,29,0.626095243031159,0.0007122365700810271,2,79.00000051089695,0.5808194245610918,-1.0
0.09208183685162415,0.0046454199667399125,30,0.5806194150354713,0.0006944282990207196,2,79.00000061307635,0.5947148983819144,-1.0
0.04582381535631915,0.004277725820429623,31,0.3008387910667807,0.0006763279432533592,2,80.00000054495675,0.5565477766309466,-1.0
0.04914641294938823,0.004307154721270005,32,0.32096719392575324,0.0006579634122155992,2,81.42857193946838,0.5063401293754578,-1.0
0.06277565607645859,0.003978129747944574,33,0.40078674000687897,0.000639363022683212,2,82.57142904826573,0.49829686096736364,-1.0
0.08059090018893282,0.006380994144516687,34,0.5221578951459378,0.0006205554551086735,2,82.85714323180062,0.5134791725022452,-1.0
0.076208040312243,0.008835646013418833,35,0.5104904610197991,0.0006015697093979838,2,84.57142891202655,0.42431975943701605,-1.0
0.05606611278684189,0.009312292017663518,36,0.39252022304572165,0.0005824350601949146,2,84.4285717351096,0.40192448479788645,-1.0
0.06790958597169568,0.009479973504009346,37,0.4645747020840645,0.0005631810117416299,2,87.14285738127572,0.3671154226575579,-1.0
0.06865944981109351,0.009824162543130418,38,0.4711517479736358,0.0005438372523852835,2,88.42857190540859,0.345378726039614,-1.0
0.0827987203374505,0.010582597150156895,39,0.5605215551331639,0.0005244336088007391,2,92.14285731315613,0.2846020487376622,-1.0
0.0876963483557726,0.007326210654961566,40,0.5703698950819671,0.0005050000000000001,2,89.71428625924247,0.30085063900266373,-1.0
0.09210801105170201,0.009209122275933623,41,0.6081503508612514,0.0004855663911992613,2,93.57142884390694,0.2099714675119945,-1.0
0.09333925410949935,0.008427287723558644,42,0.610857967985794,0.00046616274761471693,2,93.28571483067104,0.2231943438734327,-1.0
0.09207406686618924,0.004036787974958618,43,0.5770135410130024,0.00044681898825837057,2,95.42857197352818,0.17679317482880183,-1.0
0.09626654966268688,0.008413019202028712,44,0.6283174729906023,0.000427564939805086,2,96.57142874172756,0.13610149902956825,-1.0
0.08793368865735829,0.004956915159709752,45,0.5575768721755594,0.00040843029060201667,2,96.85714312962124,0.13400012510163442,-1.0
0.04814840096514672,0.0040158980603640275,46,0.3132257640827447,0.000389444544891327,2,96.57142898014614,0.15377085430281504,-1.0
0.05600304979210099,0.008894754690118134,47,0.3896157199051231,0.0003706369773167883,2,96.28571455819267,0.12684633659464972,-1.0
0.05238866014406085,0.008599573862738907,48,0.3661588679533452,0.0003520365877844012,2,96.7142859867641,0.13362476544720786,-1.0
0.08055324852466583,0.006879220794265469,49,0.5248292668256909,0.0003336720567466412,2,97.1428576878139,0.09320781537464687,-1.0
0.054574756301008165,0.004192060208879411,50,0.35283591179177165,0.0003155717009792807,2,97.85714326586042,0.09511911937168667,-1.0
0.05471534844643126,0.006551137543283403,51,0.36782755819149315,0.00029776342991897335,2,96.28571469443185,0.12480280773980276,-1.0
0.05563144152984023,0.008725612501924237,52,0.38678855216130614,0.00028027470262892445,2,97.57142884390694,0.09118581754820687,-1.0
0.051519772969186306,0.00438874870693932,53,0.3357155560515821,0.0002631324854590073,2,98.00000064713615,0.07675421595573426,-1.0
0.0818834805007403,0.008254252995053927,54,0.5410847379826009,0.0002463632104656054,2,98.28571483067104,0.06167069567101342,-1.0
0.07789303044167657,0.006897172580162684,55,0.5089830209035426,0.0002299927346552969,2,98.71428636142186,0.05634117616074426,-1.0
0.07964204783396174,0.004296907844642798,56,0.5038716809358448,0.00021404630011522587,2,99.00000027247837,0.05451856545039586,-1.0
0.07740883987086515,0.006615540633598964,57,0.5043862420134246,0.00019854849509163232,2,99.42857207570758,0.03874234548636845,-1.0
0.08110138669144362,0.004909854459886749,58,0.5163087479304522,0.00018352321607655918,2,98.857143504279,0.046398304594414574,-1.0
0.07636120282889654,0.004308551976767679,59,0.4842561238911003,0.00016899363096119395,2,99.42857142857143,0.03253787127988679,-1.0
0.07712438500796755,0.008839580152804652,60,0.5160215280484408,0.000154982143312659,2,99.857143504279,0.02896627243076052,-1.0
0.08280090669480462,0.008888985806455215,61,0.5503778730053455,0.0001415103578293356,2,99.71428636142186,0.025208476121936527,-1.0
0.08096961265740295,0.009178192354738712,62,0.5411360051948577,0.0001285990470279847,2,100.0,0.02076434143951961,-1.0
0.08064307485862325,0.008592040821289023,63,0.5356483007781208,0.0001162681192140312,2,99.85714285714286,0.022704439918909754,-1.0
0.08232575771398842,0.006665478926151991,64,0.5342177648562938,0.00010453658778440107,2,99.85714285714286,0.018609380285654748,-1.0
0.08192367378311853,0.008970665046945214,65,0.5456860128324479,9.342254191024022e-05,2,99.71428571428571,0.025385082422622614,-1.0
0.08359788431941222,0.004627806871819,66,0.5300996638834476,8.294311864472437e-05,2,100.0,0.019594559999448913,-1.0
0.08098564161142956,0.007793437223881483,67,0.5329129409510642,7.311447649896551e-05,2,99.57142921856472,0.02267968490719795,-1.0
0.08298778204092135,0.008016099144394198,68,0.5462751351296902,6.395177052675794e-05,2,99.57142884390694,0.02333273125546319,-1.0
0.08054719601447384,0.007301418498779337,69,0.5273888318333775,5.546912895658472e-05,2,99.85714285714286,0.014143661111593247,-1.0
0.07101151611035068,0.006814732565544546,70,0.4672451720107347,4.767963140691306e-05,2,99.71428636142186,0.01953294053673744,-1.0
0.07631096748324732,0.007070389032984774,71,0.5006040728185326,4.059528871837034e-05,2,100.0,0.01584874028606074,-1.0
0.07979602867271751,0.006526545660259823,72,0.5182008529081941,3.4227024433899e-05,2,99.85714285714286,0.015618308404726642,-1.0
0.08638541679829359,0.009265984020506343,73,0.5741513590328395,2.8584657955444653e-05,2,99.85714285714286,0.018122222263898168,-1.0
0.08461900129138182,0.010742049547843635,74,0.5724097690545022,2.367688940315011e-05,2,99.71428636142186,0.02126047283411026,-1.0
0.08279702746464561,0.010391218859391907,75,0.5593986008316278,1.951128620040094e-05,2,100.0,0.01268452094069549,-1.0
0.08314071397762746,0.005364080347741644,76,0.5313731119967997,1.6094271405406862e-05,2,99.85714285714286,0.01431544699306999,-1.0
0.08142047949756186,0.006693557642089824,77,0.5289270868524909,1.3431113807311488e-05,2,99.857143504279,0.013777427013431277,-1.0
0.08207129954826087,0.004325372283346951,78,0.5186916179955006,1.1525919802101659e-05,2,99.85714285714286,0.01461384790284293,-1.0
0.08359162831523766,0.008626998169347644,79,0.5535967759788036,1.0381627060842164e-05,2,100.0,0.013521914652415683,-1.0
0.08364392366881172,0.00675381599770238,80,0.5426815089304,1e-05,2,100.0,0.012299982500927788,-1.0
0.09295338884528194,0.025552919999297177,1,0.8298353988211602,0.000999618372939158,3,17.5,2.409412384033203,-1.0
0.08401478088593908,0.00638158170373312,2,0.6330676479265094,0.0009984740801978985,3,23.0,2.103822021484375,-1.0
0.08118557833534266,0.005655360674219472,3,0.6081830160692334,0.0009965688861926887,3,28.0,1.948477554321289,-1.0
0.08262424417106169,0.007620744373915451,4,0.6319441529922187,0.0009939057285945933,3,28.375,1.9345199584960937,-1.0
0.08450203674978443,0.0043101746788514516,5,0.6219388300087303,0.0009904887137995992,3,29.5,1.8670231628417968,-1.0
0.0824078224000654,0.008021717026297535,6,0.6332703209482133,0.00098632311059685,3,35.875,1.7798539733886718,-1.0
0.08244198766936149,0.009530954628384538,7,0.644096314907074,0.0009814153420445555,3,36.0,1.7462773895263672,-1.0
0.08126565657689103,0.005805301147380045,8,0.6097989568952471,0.0009757729755661012,3,37.875,1.658420295715332,-1.0
0.08208669555772628,0.004983172020209687,9,0.609803233994171,0.0009694047112816298,3,38.5,1.618494644165039,-1.0
0.0825286190956831,0.006458893750927278,10,0.6232012019027025,0.0009623203685930871,3,41.25,1.5836011505126952,-1.0
0.08743134925940207,0.005323301601622786,11,0.6495933409314603,0.0009545308710434153,3,41.25,1.5534733581542968,-1.0
0.0841692378744483,0.004060519260487386,12,0.6178804379887879,0.0009460482294732422,3,44.375,1.4994602966308594,-1.0
0.08329835417680442,0.004616792978984969,13,0.6157018530648202,0.0009368855235010348,3,47.125,1.4507048988342286,-1.0
0.08116505128730621,0.00369002713289644,14,0.5942641969304532,0.0009270568813552758,3,48.0,1.4010820198059082,-1.0
0.07925426085213465,0.005616000454340663,15,0.5943715281318873,0.0009165774580897602,3,49.0,1.3959895706176757,-1.0
0.05523171302463327,0.0036415127106010914,16,0.41239961981773376,0.0009054634122155992,3,50.75,1.3030140113830566,-1.0
0.09134547472266215,0.0057335608705346075,17,0.6798362429253757,0.0008937318807859689,3,52.625,1.2786910247802734,-1.0
0.09377737103828362,0.007168867093111787,18,0.7069115377962589,0.0008814009529720156,3,56.25,1.1838716506958007,-1.0
0.09445365242260907,0.005893369438126683,19,0.7027108559850603,0.0008684896421706646,3,54.625,1.1731766510009765,-1.0
0.090317426448954,0.005751551993723426,20,0.6727163589093834,0.0008550178566873412,3,60.5,1.1177536010742188,-1.0
0.0937206424174032,0.0036160097058330265,21,0.681601142976433,0.0008410063690388064,3,56.625,1.1565241050720214,-1.0
0.0954622048552015,0.005777270566405994,22,0.7089494781102985,0.0008264767839234412,3,57.5,1.1040663719177246,-1.0
0.09523921958836061,0.004808849987706968,23,0.7005800730548799,0.000811451504908368,3,58.25,1.1256164598464966,-1.0
0.09331924242100545,0.005483732292694705,24,0.6918827469926327,0.0007959536998847743,3,62.75,1.0341843700408935,-1.0
0.09383096655697695,0.003516955168119499,25,0.6816731989383698,0.0007800072653447032,3,63.0,1.0300937962532044,-1.0
0.09517831085915011,0.005260938013504658,26,0.7033148310147226,0.0007636367895343947,3,63.75,0.9885570478439331,-1.0
0.0834665452462754,0.007126659886645419,27,0.6344283709768206,0.0007468675145409928,3,67.25,0.9052658271789551,-1.0
0.07250720980976309,0.00630135162334357,28,0.5518836458213627,0.0007297252973710758,3,71.25,0.8333370304107666,-1.0
0.06329578483876373,0.00468734631847058,29,0.4761156290769577,0.0007122365700810271,3,69.0,0.847763090133667,-1.0
0.06670644796187324,0.004328423911439521,30,0.4974738680757582,0.0006944282990207196,3,69.125,0.823184790611267,-1.0
0.09142580455435174,0.00932066229039005,31,0.7055222140625119,0.0006763279432533592,3,73.0,0.7754696893692017,-1.0
0.06698573201096483,0.008992103560428535,32,0.5321708691772074,0.0006579634122155992,3,74.25,0.7198487281799316,-1.0
0.07783643086440861,0.004042257421783039,33,0.5733827168587595,0.000639363022683212,3,75.625,0.6617222666740418,-1.0
0.0898533315464322,0.008260324031912855,34,0.687090011080727,0.0006205554551086735,3,76.0,0.6575165247917175,-1.0
0.09227243328600057,0.004232724696131689,35,0.675833092071116,0.0006015697093979838,3,78.75,0.5991572332382202,-1.0
0.09213018217789275,0.004449986520090273,36,0.6763714370317757,0.0005824350601949146,3,78.25,0.5882092356681824,-1.0
0.09215149941987225,0.006254219450056553,37,0.6890795021317899,0.0005631810117416299,3,79.75,0.5892632675170898,-1.0
0.09520234982483089,0.0040918961832565924,38,0.695304790046066,0.0005438372523852835,3,80.5,0.5485553789138794,-1.0
0.09340721488531147,0.007315285670171891,39,0.705289893085137,0.0005244336088007391,3,80.25,0.5491247224807739,-1.0
0.06434978814130383,0.005146436991968325,40,0.486704793991521,0.0005050000000000001,3,81.375,0.5023937034606933,-1.0
0.057557882741093636,0.003901349546919976,41,0.430432764114812,0.0004855663911992613,3,83.625,0.44941096544265746,-1.0
0.05686980469285378,0.006575058280889477,42,0.44433078612200916,0.00046616274761471693,3,85.125,0.4164456272125244,-1.0
0.0810812145604619,0.003412627149373293,43,0.5916811891365796,0.00044681898825837057,3,84.625,0.4139896893501282,-1.0
0.059215363181595294,0.0036771769768425395,44,0.440470325993374,0.000427564939805086,3,90.75,0.32051667451858523,-1.0
0.05481379771871226,0.003714420267247728,45,0.40992312389425933,0.00040843029060201667,3,88.375,0.33410145044326783,-1.0
0.06743418252361673,0.003841528469430549,46,0.499179852893576,0.000389444544891327,3,90.375,0.27662208914756775,-1.0
0.07597371526727718,0.006034410591902477,47,0.5742962809745222,0.0003706369773167883,3,90.75,0.25324374318122866,-1.0
0.08258536414775465,0.0054639793067638364,48,0.6165908630937338,0.0003520365877844012,3,93.125,0.2085628652572632,-1.0
0.07970922543401164,0.004295194022623556,49,0.5882676520850509,0.0003336720567466412,3,93.5,0.21659473776817323,-1.0
0.08030660636723042,0.004551686479576996,50,0.5942420409992337,0.0003155717009792807,3,93.25,0.20871416687965394,-1.0
0.0811360120174608,0.0054071655696524045,51,0.6060384178999811,0.00029776342991897335,3,95.0,0.1706433618068695,-1.0
0.0824076976028404,0.004153598232993058,52,0.6061801079194993,0.00028027470262892445,3,94.5,0.186239755153656,-1.0
0.08309299485491854,0.005602274422666856,53,0.6211389331147075,0.0002631324854590073,3,95.5,0.1434163373708725,-1.0
0.07900878610754651,0.00352678431331047,54,0.577990585938096,0.0002463632104656054,3,95.375,0.15791335105895996,-1.0
0.08154600376396307,0.005192112377179521,55,0.6074014049954712,0.0002299927346552969,3,95.0,0.17175930976867676,-1.0
0.07819292172124344,0.0068962289951741695,56,0.5958621329627931,0.00021404630011522587,3,96.75,0.12781143188476562,-1.0
0.08139150403439999,0.004144896686609302,57,0.5989910301286727,0.00019854849509163232,3,96.625,0.11872388571500778,-1.0
0.08206860355234571,0.008021165583548802,58,0.6308776079677045,0.00018352321607655918,3,96.75,0.11269036293029785,-1.0
0.08200553146057896,0.005319671139919332,59,0.611529306974262,0.00016899363096119395,3,98.125,0.0949655967950821,-1.0
0.08099026026736413,0.007372221011402351,60,0.6187807049136609,0.000154982143312659,3,98.0,0.0820958748459816,-1.0
0.07631816345799182,0.0057885592603789905,61,0.5750485120806843,0.0001415103578293356,3,98.625,0.07311906114220619,-1.0
0.07789059884713165,0.0033738013090831892,62,0.5691500110551715,0.0001285990470279847,3,98.375,0.06682426750659942,-1.0
0.08204570099977511,0.007913829426148109,63,0.6299723878037184,0.0001162681192140312,3,99.25,0.052454771995544436,-1.0
0.08121513282614094,0.007274289449144687,64,0.6198182650841773,0.00010453658778440107,3,99.0,0.060444768667221066,-1.0
0.07877871626988053,0.004828350019774267,65,0.585556604899466,9.342254191024022e-05,3,99.375,0.03955020934343338,-1.0
0.08245384679841143,0.005626122766573515,66,0.616834910120815,8.294311864472437e-05,3,98.375,0.06331245124340057,-1.0
0.08313995995558798,0.005735575487571103,67,0.622397982981056,7.311447649896551e-05,3,99.125,0.0516767418384552,-1.0
0.08555188475708876,0.006566841255075165,68,0.6451235709246248,6.395177052675794e-05,3,99.875,0.04358704179525375,-1.0
0.08417679193163556,0.0075076773563133815,69,0.6420693621039391,5.546912895658472e-05,3,99.625,0.04252494543790817,-1.0
0.08499058106515024,0.0046592877978192905,70,0.6278874599374831,4.767963140691306e-05,3,99.125,0.04141511797904968,-1.0
0.0864140058401972,0.00428831171510475,71,0.6353034949861467,4.059528871837034e-05,3,99.625,0.03745397567749023,-1.0
0.08655143612330514,0.0073768106023115775,72,0.6577770060393959,3.4227024433899e-05,3,99.5,0.03798886328935623,-1.0
0.08684721742091435,0.006476789746167404,73,0.6535095029976219,2.8584657955444653e-05,3,99.875,0.03588186964392662,-1.0
0.08418032739843641,0.0037907344355647054,74,0.6160416200291365,2.367688940315011e-05,3,99.625,0.036519409716129304,-1.0
0.08066450555010565,0.005753715589110341,75,0.6051671970635653,1.951128620040094e-05,3,100.0,0.03498968377709389,-1.0
0.08393853929425989,0.005832778422960213,76,0.6286403660196811,1.6094271405406862e-05,3,99.75,0.034949857145547866,-1.0
0.08594981960154005,0.008744977813746248,77,0.66309903585352,1.3431113807311488e-05,3,99.75,0.033504339158535006,-1.0
0.08353542469974075,0.004633235578824367,78,0.6174211329780519,1.1525919802101659e-05,3,99.875,0.026820819079875945,-1.0
0.08373851382306643,0.004605385042460901,79,0.6186443681363016,1.0381627060842164e-05,3,99.25,0.04005092084407806,-1.0
0.08433297469413706,0.006558479874261788,80,0.6365444092079997,1e-05,3,99.625,0.030419703423976898,-1.0
0.08848058400326408,0.022454436140833423,1,0.8878028660546988,0.000999618372939158,4,15.0,2.4832787068684894,-1.0
0.07663388509536162,0.0039694087754469365,2,0.645177158061415,0.0009984740801978985,4,22.22222222222222,2.1418476019965276,-1.0
0.08016972374753095,0.003390963625861332,3,0.6687490050680935,0.0009965688861926887,4,23.555555555555557,2.1316733127170138,-1.0
0.07853867387166247,0.00671831174986437,4,0.6822890259791166,0.0009939057285945933,4,23.77777777777778,2.1186194864908856,-1.0
0.08073059903108515,0.007196045364253223,5,0.7036502109840512,0.0009904887137995992,4,22.0,2.1427543809678817,-1.0
0.08081578175188042,0.004738353251013905,6,0.6846546230372041,0.00098632311059685,4,27.22222222222222,1.9311971028645833,-1.0
0.08056735547143035,0.003548238892108202,7,0.6731519759632647,0.0009814153420445555,4,27.666666666666668,1.8942784966362847,-1.0
0.07982423342764378,0.003289902815595269,8,0.6651440470013767,0.0009757729755661012,4,29.22222222222222,1.868409423828125,-1.0
0.08312907957588322,0.004924335167743266,9,0.7046704329550266,0.0009694047112816298,4,25.88888888888889,1.942083740234375,-1.0
0.0792433328460902,0.005394865409471095,10,0.6773400879465044,0.0009623203685930871,4,27.88888888888889,1.9018553331163195,-1.0
0.07743833449785598,0.0030477492546197027,11,0.6441197178792208,0.0009545308710434153,4,29.666666666666668,1.8836629231770834,-1.0
0.07803721487289295,0.005636924994178116,12,0.6696331899147481,0.0009460482294732422,4,29.666666666666668,1.8805621337890626,-1.0
0.08019932388560846,0.004752934968564659,13,0.679903841111809,0.0009368855235010348,4,30.0,1.8601176283094618,-1.0
0.08140105174970813,0.003086662880377844,14,0.6761902899015695,0.0009270568813552758,4,31.555555555555557,1.7902760314941406,-1.0
0.08080950973089784,0.008178167277947068,15,0.7121954769827425,0.0009165774580897602,4,33.111111111111114,1.7956358506944445,-1.0
0.06222205777885392,0.005062643846031278,16,0.5390753308311105,0.0009054634122155992,4,36.111111111111114,1.8039666069878473,-1.0
0.08970042775035836,0.00508117800927721,17,0.7585481700953096,0.0008937318807859689,4,34.55555555555556,1.7718734402126737,-1.0
0.09300220612203702,0.00490224888199009,18,0.7834816288668662,0.0008814009529720156,4,30.333333333333332,1.815750020345052,-1.0
0.09196370450081304,0.007687175122555345,19,0.7974393151234835,0.0008684896421706646,4,35.22222222222222,1.7552955118815103,-1.0
0.09284029164700769,0.005254044983303174,20,0.7850089049898088,0.0008550178566873412,4,37.0,1.6711149427625869,-1.0
0.0941184384864755,0.00334613214363344,21,0.7799545829184353,0.0008410063690388064,4,38.888888888888886,1.6468712022569445,-1.0
0.09227813562029041,0.0044707061315421015,22,0.7742387561593205,0.0008264767839234412,4,39.0,1.611740214029948,-1.0
0.0944751606148202,0.007703986397245899,23,0.8176655448041856,0.000811451504908368,4,39.111111111111114,1.646606920030382,-1.0
0.0936252326646354,0.00487746944418177,24,0.7882574910763651,0.0007959536998847743,4,38.666666666666664,1.6589414808485243,-1.0
0.09566572020412423,0.00472536840243265,25,0.8033724350389093,0.0007800072653447032,4,38.44444444444444,1.6886061774359808,-1.0
0.08811071224045008,0.004642408632207662,26,0.7422660600859672,0.0007636367895343947,4,38.44444444444444,1.5881600613064235,-1.0
0.04893865986377932,0.003894781635608524,27,0.42292688111774623,0.0007468675145409928,4,42.77777777777778,1.5116079881456164,-1.0
0.06023637281032279,0.0057982520665973425,28,0.5285214260220528,0.0007297252973710758,4,41.333333333333336,1.5763503689236111,-1.0
0.07819317764369771,0.0032565612345933914,29,0.651857091113925,0.0007122365700810271,4,41.888888888888886,1.5283778550889757,-1.0
0.07324779129703529,0.0050102634413633496,30,0.6263040788471699,0.0006944282990207196,4,43.333333333333336,1.5347897338867187,-1.0
0.06853633059654385,0.006379719008691609,31,0.5996188630815595,0.0006763279432533592,4,43.44444444444444,1.4761077541775174,-1.0
0.08689395603141747,0.0033933729864656925,32,0.7225892578717321,0.0006579634122155992,4,45.55555555555556,1.47341552734375,-1.0
0.08763377161812969,0.005566996987909079,33,0.7458858080208302,0.000639363022683212,4,44.111111111111114,1.4544356621636285,-1.0
0.09021477200440131,0.003515008109388873,34,0.7501732229720801,0.0006205554551086735,4,45.55555555555556,1.4827043830023872,-1.0
0.09201856501749717,0.005693553481251001,35,0.7820963878184557,0.0006015697093979838,4,49.22222222222222,1.3841493055555556,-1.0
0.09312876802869141,0.005406007723649964,36,0.7885567748453468,0.0005824350601949146,4,52.44444444444444,1.2951491292317707,-1.0
0.09347851161146536,0.0038334075070451945,37,0.7787776368204504,0.0005631810117416299,4,50.55555555555556,1.320133310953776,-1.0
0.06994650411070324,0.006743475882103667,38,0.6137552540749311,0.0005438372523852835,4,50.111111111111114,1.343321787516276,-1.0
0.05059078402700834,0.004107713117264211,39,0.43781773187220097,0.0005244336088007391,4,46.55555555555556,1.4754893493652343,-1.0
0.055171974265249446,0.007593378482852131,40,0.5023508460726589,0.0005050000000000001,4,45.111111111111114,1.4730800035264757,-1.0
0.07341651746537536,0.004099399637198076,41,0.6203631309326738,0.0004855663911992613,4,44.77777777777778,1.4873963758680555,-1.0
0.05768414496560581,0.006975355528993532,42,0.5175098050385714,0.00046616274761471693,4,44.111111111111114,1.498826395670573,-1.0
0.05230252863839269,0.006487683247542009,43,0.4705495669040829,0.00044681898825837057,4,45.44444444444444,1.4589729309082031,-1.0
0.06291348475497216,0.0035999378887936473,44,0.5323828549589962,0.000427564939805086,4,48.111111111111114,1.429299028184679,-1.0
0.07537793336086906,0.006509969010949135,45,0.6553917429409921,0.00040843029060201667,4,50.55555555555556,1.3706091647677952,-1.0
0.08014353399630636,0.00707542197778821,46,0.6980501571670175,0.000389444544891327,4,52.0,1.324146728515625,-1.0
0.08032357704360038,0.0038320713210850954,47,0.6735352231189609,0.0003706369773167883,4,52.55555555555556,1.292033945719401,-1.0
0.08203729460365139,0.004369612521259114,48,0.6915292891208082,0.0003520365877844012,4,54.111111111111114,1.2460417344835069,-1.0
0.08001338120084256,0.00516155204968527,49,0.6817662860266864,0.0003336720567466412,4,54.44444444444444,1.2245374382866754,-1.0
0.08396278542932123,0.004940909071592614,50,0.7115366968791932,0.0003155717009792807,4,56.333333333333336,1.208755408393012,-1.0
0.08154336558072828,0.006327858165604994,51,0.7032559900544584,0.00029776342991897335,4,57.22222222222222,1.146251186794705,-1.0
0.07893883110955358,0.0063903615227900445,52,0.6829145532101393,0.00028027470262892445,4,56.44444444444444,1.162141316731771,-1.0
0.08070489237434231,0.00628616550238803,53,0.696235123090446,0.0002631324854590073,4,57.55555555555556,1.1422930230034722,-1.0
0.08131352232885547,0.0065836481808219105,54,0.7034994580317289,0.0002463632104656054,4,58.22222222222222,1.1242090521918402,-1.0
0.08016911603044719,0.004426300089107826,55,0.6770289279520512,0.0002299927346552969,4,60.888888888888886,1.0666451687282985,-1.0
0.08181635924847797,0.004220777744194493,56,0.6885804918128997,0.00021404630011522587,4,63.0,1.0655548519558378,-1.0
0.08159544825321063,0.005129890516400337,57,0.6940575430635363,0.00019854849509163232,4,59.55555555555556,1.0999591742621528,-1.0
0.08035035990178585,0.005866175837581977,58,0.689968140097335,0.00018352321607655918,4,63.55555555555556,1.0479815334743923,-1.0
0.07846384425647557,0.003999401757027954,59,0.6599941810127348,0.00016899363096119395,4,62.44444444444444,1.0254944441053602,-1.0
0.0770657084940467,0.006995071016717702,60,0.6727693909779191,0.000154982143312659,4,61.666666666666664,1.041803232828776,-1.0
0.08220116549637169,0.007040884636808187,61,0.7142314040102065,0.0001415103578293356,4,62.666666666666664,1.0010496012369792,-1.0
0.07747661511530168,0.006962049868889153,62,0.6757429009303451,0.0001285990470279847,4,61.44444444444444,1.0155245123969183,-1.0
0.07728521974058822,0.0072195042739622295,63,0.6762826999183744,0.0001162681192140312,4,62.666666666666664,1.0036020067003038,-1.0
0.08222483017016202,0.004481925949221477,64,0.6938784960657358,0.00010453658778440107,4,62.55555555555556,0.9834251149495443,-1.0
0.08232553597190417,0.00420943828066811,65,0.6925530140288174,9.342254191024022e-05,4,64.11111111111111,0.9619314659966363,-1.0
0.08478831604588777,0.0050540840602479875,66,0.719026843085885,8.294311864472437e-05,4,63.77777777777778,0.9731848992241754,-1.0
0.08578175271395594,0.0038525020354427397,67,0.7173606879077852,7.311447649896551e-05,4,67.77777777777777,0.9079755232069228,-1.0
0.08602821599924937,0.007163094385759905,68,0.7458591759204865,6.395177052675794e-05,4,66.11111111111111,0.9156316206190321,-1.0
0.0866920261469204,0.004246953234542161,69,0.7278439130168408,5.546912895658472e-05,4,67.11111111111111,0.9172912089029948,-1.0
0.08720060740597546,0.0037739950930699706,70,0.7280767201445997,4.767963140691306e-05,4,68.11111111111111,0.9055300649007162,-1.0
0.08622185449348763,0.005533653747988865,71,0.7342708369251341,4.059528871837034e-05,4,69.0,0.869429185655382,-1.0
0.08631723237340339,0.0052092705154791474,72,0.7324421289376915,3.4227024433899e-05,4,65.66666666666667,0.9077104017469618,-1.0
0.08420489163836464,0.004996328236302361,73,0.7138615171425045,2.8584657955444653e-05,4,69.11111111111111,0.8679545254177518,-1.0
0.08210753489402123,0.004850064840866253,74,0.6959007289260626,2.367688940315011e-05,4,68.44444444444444,0.863272959391276,-1.0
0.07801476938766427,0.00433129197335802,75,0.6590020109433681,1.951128620040094e-05,4,68.22222222222223,0.8657287428114149,-1.0
0.07811872972524725,0.006151355133624747,76,0.6744050071574748,1.6094271405406862e-05,4,68.0,0.8700615946451823,-1.0
0.07864860029076226,0.006587392330402508,77,0.682141091208905,1.3431113807311488e-05,4,69.44444444444444,0.8626227400037978,-1.0
0.08110751706408337,0.006621624692343175,78,0.7020824479404837,1.1525919802101659e-05,4,69.33333333333333,0.8598638237847223,-1.0
0.07983377299387939,0.006505301513243467,79,0.6909720348194242,1.0381627060842164e-05,4,69.0,0.8600531344943576,-1.0
0.07872823800425977,0.006646509486017749,80,0.6832372487988323,1e-05,4,68.55555555555556,0.8473402065700955,-1.0
0.08117637265240774,0.02303580372245051,1,0.8339684079401195,0.000999618372939158,5,16.400000083446503,2.4255560817718504,-1.0
0.08776265356573276,0.0032034898176789284,2,0.7279869839549065,0.0009984740801978985,5,22.80000009536743,2.141208492279053,-1.0
0.08818165850243531,0.0066443722462281585,3,0.7588691681157798,0.0009965688861926887,5,27.200000047683716,1.969330449104309,-1.0
0.08368947746930644,0.006972586270421743,4,0.7255539561156183,0.0009939057285945933,5,31.999999976158144,1.8584793739318848,-1.0
0.08465496156713925,0.005041802302002907,5,0.7178913571406156,0.0009904887137995992,5,31.000000095367433,1.800111867904663,-1.0
0.07951654909993522,0.0038412722933571786,6,0.6671808790415525,0.00098632311059685,5,35.70000007152557,1.7232662782669068,-1.0
0.08606719912495464,0.006636314850766212,7,0.7419183768797666,0.0009814153420445555,5,36.900000071525575,1.6285608530044555,-1.0
0.08372707274975255,0.004014370875665918,8,0.7022355948574841,0.0009757729755661012,5,43.100000214576724,1.547300965309143,-1.0
0.08137304565752856,0.004872844700003043,9,0.6902511289808899,0.0009694047112816298,5,44.100000333786014,1.4945325021743774,-1.0
0.08539008040679619,0.005835566233145073,10,0.7300935969687998,0.0009623203685930871,5,46.5,1.4329881944656373,-1.0
0.08203852814040147,0.00712428372935392,11,0.7135956238489598,0.0009545308710434153,5,45.70000021457672,1.4253921976089479,-1.0
0.07990536151919514,0.003600936121074483,12,0.6683453330770135,0.0009460482294732422,5,49.20000014305115,1.3697224836349486,-1.0
0.08133565812022425,0.0067252648586872965,13,0.7047403329052031,0.0009368855235010348,5,51.9000002861023,1.2965530090332031,-1.0
0.08183958113659173,0.0051068884786218405,14,0.6958484419155866,0.0009270568813552758,5,51.90000016689301,1.2606014585494996,-1.0
0.08423506846884266,0.005642915784846991,15,0.7192795190494508,0.0009165774580897602,5,54.70000033378601,1.2362295379638673,-1.0
0.0850234319223091,0.006533922074595466,16,0.7327002440579236,0.0009054634122155992,5,56.50000028610229,1.158260666847229,-1.0
0.07637763614184223,0.007736556348390877,17,0.6731478828005493,0.0008937318807859689,5,58.1,1.10851508808136,-1.0
0.08121708131511696,0.004603399051120505,18,0.6868189659435302,0.0008814009529720156,5,59.40000009536743,1.0676569690704345,-1.0
0.10085925841121934,0.004041562700876966,19,0.8394597789738327,0.0008684896421706646,5,65.40000047683716,0.9882546062469483,-1.0
0.09795746527379379,0.0039588458603248,20,0.8155709009151906,0.0008550178566873412,5,64.00000038146973,0.9614808301925659,-1.0
0.0899157953390386,0.004792974563315511,21,0.7579133848194033,0.0008410063690388064,5,66.40000047683716,0.9087178974151612,-1.0
0.09693593342672102,0.004074932832736522,22,0.8083233239594847,0.0008264767839234412,5,66.50000014305115,0.9413908071517945,-1.0
0.098546396009624,0.004083384003024548,23,0.8212879749480635,0.000811451504908368,5,66.00000023841858,0.9286697340011597,-1.0
0.10142313156393357,0.007606790430145338,24,0.8725118248257786,0.0007959536998847743,5,69.60000023841857,0.8270509009361267,-1.0
0.09906459669582546,0.004993533075321466,25,0.8327027950435877,0.0007800072653447032,5,70.00000028610229,0.8290010170936585,-1.0
0.0994429555721581,0.007645048928679898,26,0.8569390480406582,0.0007636367895343947,5,69.1000002861023,0.7822364206314087,-1.0
0.09998864072258584,0.004959797253832221,27,0.8398748559411615,0.0007468675145409928,5,73.7000002861023,0.700006911277771,-1.0
0.08277464937418699,0.004024391761049628,28,0.6946281131822616,0.0007297252973710758,5,78.20000004768372,0.5757478647232056,-1.0
0.032974258152535185,0.006338672596029937,29,0.31475367210805416,0.0007122365700810271,5,79.00000004768371,0.5635308794975281,-1.0
0.06256823922740296,0.006555277650477365,30,0.5537430779077113,0.0006944282990207196,5,80.30000028610229,0.5451975755691528,-1.0
0.09322440187679604,0.005177616898436099,31,0.7874524139333516,0.0006763279432533592,5,78.5,0.5728544092178345,-1.0
0.07255208713468164,0.0050841929914895445,32,0.6213375919032842,0.0006579634122155992,5,81.7000002861023,0.5104820446968079,-1.0
0.06673675047932193,0.0038137355295475572,33,0.5646819360554218,0.000639363022683212,5,82.20000014305114,0.4660323123931885,-1.0
0.09135914908256382,0.003363155556144193,34,0.758044817019254,0.0006205554551086735,5,85.30000038146973,0.4046693561077118,-1.0
0.09710669302148744,0.005013177229557186,35,0.8172064539976418,0.0006015697093979838,5,84.60000057220459,0.4035687792301178,-1.0
0.09731934039155021,0.006566910102264956,36,0.8313426431268454,0.0005824350601949146,5,86.70000047683716,0.3666292541027069,-1.0
0.09997564015793614,0.00562627796898596,37,0.8451020158827305,0.0005631810117416299,5,89.40000038146972,0.32038070249557493,-1.0
0.10108870978001505,0.006713190843584016,38,0.8626717899460346,0.0005438372523852835,5,90.50000061988831,0.2925908815860748,-1.0
0.1010985930042807,0.006611735851038247,39,0.8619196170475334,0.0005244336088007391,5,91.40000033378601,0.24584402918815612,-1.0
0.059180735144764185,0.006573657359695062,40,0.5262830930296332,0.0005050000000000001,5,91.50000057220458,0.24320415914058685,-1.0
0.058925789897330105,0.006748476094799116,41,0.525660548126325,0.0004855663911992613,5,93.40000033378601,0.22568669843673705,-1.0
0.08111048847786151,0.006461357523221523,42,0.700830050976947,0.00046616274761471693,5,93.90000019073486,0.18574917435646057,-1.0
0.05968416135874577,0.007117268774891272,43,0.5346503688488156,0.00044681898825837057,5,95.30000009536744,0.145648930311203,-1.0
0.05945296448771842,0.006695778254652396,44,0.5294303030241281,0.000427564939805086,5,96.10000033378601,0.12479529184103012,-1.0
0.06923406428541057,0.005320781609043479,45,0.5972027541138232,0.00040843029060201667,5,96.60000042915344,0.12266218900680542,-1.0
0.08639284875243902,0.007769045856548473,46,0.7535388730466366,0.000389444544891327,5,96.90000019073486,0.09459814131259918,-1.0
0.0897028626059182,0.005246069660643116,47,0.7598659191280603,0.0003706369773167883,5,97.20000009536743,0.09123206633329392,-1.0
0.08979974762769416,0.0042014662467408925,48,0.7522656060755253,0.0003520365877844012,5,97.7,0.08346426811814309,-1.0
0.09091657301178202,0.004927874106215313,49,0.7670053511392325,0.0003336720567466412,5,97.10000047683715,0.0834932495355606,-1.0
0.08987123091355897,0.0051372933376114815,50,0.7603648400399834,0.0003155717009792807,5,98.20000033378601,0.06990176236629486,-1.0
0.08948203120962717,0.004981559788575396,51,0.7560018380172551,0.00029776342991897335,5,98.60000047683715,0.058265765517950055,-1.0
0.08913382826722227,0.005494307988556102,52,0.7573107790667564,0.00028027470262892445,5,98.70000009536743,0.05739038640260696,-1.0
0.09007798778475262,0.004596279963152483,53,0.7576781881507486,0.0002631324854590073,5,98.8,0.04730844020843506,-1.0
0.08780416520312428,0.00489226303761825,54,0.7418598691001534,0.0002463632104656054,5,98.90000023841858,0.03909097617864609,-1.0
0.09107820357894525,0.00486974066006951,55,0.7678627630230039,0.0002299927346552969,5,99.5,0.0318530952334404,-1.0
0.0880426638177596,0.004624168039299548,56,0.7416257620789111,0.00021404630011522587,5,99.8,0.02582662284374237,-1.0
0.08614983237930574,0.00337238100473769,57,0.716462132986635,0.00019854849509163232,5,99.5,0.0277606900036335,-1.0
0.08999452946591191,0.0048475099029019475,58,0.7590333698317409,0.00018352321607655918,5,99.80000023841858,0.02347656577825546,-1.0
0.08813484371057712,0.003303808538476005,59,0.7317963188979775,0.00016899363096119395,5,99.7,0.01824151809513569,-1.0
0.0896313700650353,0.003567162435501814,60,0.7458734880201519,0.000154982143312659,5,99.50000047683716,0.0279228190779686,-1.0
0.08906339699751697,0.004098069621250033,61,0.7455825789365917,0.0001415103578293356,5,100.0,0.014201777681708336,-1.0
0.08834246333572082,0.004233551648212597,62,0.7408954710699618,0.0001285990470279847,5,99.40000047683716,0.022906900942325593,-1.0
0.0913972474518232,0.005038462550146505,63,0.7717950560618192,0.0001162681192140312,5,99.8,0.015045578800141811,-1.0
0.09065494651440531,0.006326789123704657,64,0.7761599749792367,0.00010453658778440107,5,99.9,0.014474361054599285,-1.0
0.09071620213217102,0.004963899118592963,65,0.7657533988822252,9.342254191024022e-05,5,100.0,0.01174086543917656,-1.0
0.076786251651356,0.006384123727912083,66,0.6656654470134526,8.294311864472437e-05,5,99.9,0.01178433907032013,-1.0
0.08656760395388119,0.004382030572742224,67,0.7278948929160833,7.311447649896551e-05,5,99.8,0.011689532861113548,-1.0
0.08971726399613544,0.005390992882894352,68,0.761149570113048,6.395177052675794e-05,5,100.0,0.010165137901902198,-1.0
0.08947368938243017,0.0067357039952185005,69,0.7699711809400469,5.546912895658472e-05,5,99.8,0.010084953993558883,-1.0
0.0900409318273887,0.008236752153607085,70,0.7864693950396031,4.767963140691306e-05,5,100.0,0.01087837015837431,-1.0
0.09005427904776298,0.004945065971696749,71,0.7602702639997005,4.059528871837034e-05,5,100.0,0.009596249893307686,-1.0
0.09037443311535753,0.00418850764981471,72,0.7567583881318569,3.4227024433899e-05,5,100.0,0.008025748685002327,-1.0
0.0897217367310077,0.004010489123174921,73,0.7501123689580709,2.8584657955444653e-05,5,100.0,0.008144847825169563,-1.0
0.08885435314732604,0.007488144736271352,74,0.7709880450274795,2.367688940315011e-05,5,100.0,0.00747193693369627,-1.0
0.08865200018044561,0.006271586054936051,75,0.7596388850361109,1.951128620040094e-05,5,100.0,0.008700518295168876,-1.0
0.09030330774839967,0.005097245244542137,76,0.7634792870376259,1.6094271405406862e-05,5,99.9,0.010072942569851875,-1.0
0.08875925448955968,0.008042464120080695,77,0.7746958031784743,1.3431113807311488e-05,5,100.0,0.007495288979262113,-1.0
0.08825995094957761,0.0031293812789954245,78,0.7314697010442615,1.1525919802101659e-05,5,100.0,0.007517537698149681,-1.0
0.08649038666044362,0.004762103722896427,79,0.7302775599528104,1.0381627060842164e-05,5,100.0,0.0077203502878546715,-1.0
0.0922338116215542,0.00420456676511094,80,0.7717766319401562,1e-05,5,100.0,0.007423791088163853,-1.0
0.09669562346405453,0.0197482047499054,1,1.048285380937159,0.000999618372939158,6,16.727272711016916,2.4042910714582963,-1.0
0.08815678439310028,0.0033085564824028146,2,0.8234717440791428,0.0009984740801978985,6,24.727272716435518,2.126383611505682,-1.0
0.09043300545050038,0.0035528840962797403,3,0.8461759509518743,0.0009965688861926887,6,25.545454518361524,2.029278751720082,-1.0
0.08873710933969253,0.004606601549312472,4,0.840332536958158,0.0009939057285945933,6,27.363636374473572,1.9402983925559305,-1.0
0.09102652783298658,0.004560621377701561,5,0.8605322150979191,0.0009904887137995992,6,29.818181904879484,1.8689770230379972,-1.0
0.089696859397615,0.0031841628305200073,6,0.8361564320512116,0.00098632311059685,6,29.727272792295977,1.8647944242304022,-1.0
0.08798775583919552,0.003090395618023144,7,0.8199491410050541,0.0009814153420445555,6,33.18181809512052,1.7984493324973367,-1.0
0.0885907396570676,0.0030772090216891635,8,0.8252590599004179,0.0009757729755661012,6,33.363636406985194,1.7620979699221524,-1.0
0.08874615149882932,0.0031166003965255287,9,0.8270049870479852,0.0009694047112816298,6,38.181818138469346,1.688672598058527,-1.0
0.08952939900983539,0.003482386107660002,10,0.8374263970181346,0.0009623203685930871,6,37.909090941602535,1.6557786009528421,-1.0
0.08787171258073714,0.0047123846339268815,11,0.833550286013633,0.0009545308710434153,6,38.727272694761105,1.6295224436846647,-1.0
0.08928318337226908,0.004785703288184272,12,0.8468691050074995,0.0009460482294732422,6,41.363636406985194,1.560729928450151,-1.0
0.08653916966997915,0.004369506431329582,13,0.8184221119154245,0.0009368855235010348,6,44.1818182034926,1.5026888751983642,-1.0
0.08903095739272733,0.00451596515874068,14,0.842156974831596,0.0009270568813552758,6,46.090909123420715,1.434125629338351,-1.0
0.07496362914227778,0.0031303566259642444,15,0.7030658428557217,0.0009165774580897602,6,46.09090903672305,1.4212111741846258,-1.0
0.08318218412912554,0.0031321204215702084,16,0.7770662968978286,0.0009054634122155992,6,48.090909177606754,1.3611668083884498,-1.0
0.09547206591297355,0.003239599315242635,17,0.8886904749087989,0.0008937318807859689,6,50.272727218541235,1.3118909254941074,-1.0
0.09799968609068957,0.003145125358261996,18,0.910538106225431,0.0008814009529720156,6,53.63636361468922,1.2745092253251509,-1.0
0.09893836156051192,0.005053504111452235,19,0.9361710879020393,0.0008684896421706646,6,51.54545457796617,1.2823458329114048,-1.0
0.09945619833241734,0.0037601761157727903,20,0.9292026641778648,0.0008550178566873412,6,55.27272746779702,1.1965128122676503,-1.0
0.0987828091925217,0.003755025358663665,21,0.9230817931238562,0.0008410063690388064,6,56.18181818181818,1.1921092094074597,-1.0
0.09584947070106864,0.0047872198435167474,22,0.9059848769102246,0.0008264767839234412,6,58.000000043348834,1.0980990635265004,-1.0
0.09838121366273198,0.004761318883134259,23,0.9285354709718376,0.000811451504908368,6,60.36363619024103,1.0825401076403531,-1.0
0.0991483904266109,0.004213153798547056,24,0.9304941990412772,0.0007959536998847743,6,61.63636380975897,1.0265852579203518,-1.0
0.0820016447816872,0.0033414122234616014,25,0.7683210140094161,0.0007800072653447032,6,63.27272729440169,0.9728684163093567,-1.0
0.05912688449542555,0.002945905059782995,26,0.5588887559715658,0.0007636367895343947,6,65.90909093076533,0.95225149046291,-1.0
0.03819030543996228,0.004487410006630752,27,0.3843335909768939,0.0007468675145409928,6,67.36363634196195,0.8762067040530118,-1.0
0.08603674799410833,0.002877792679808206,28,0.800940620014444,0.0007297252973710758,6,70.09090891751376,0.8061201420697299,-1.0
0.07135073061928981,0.004264900486709343,29,0.6807766940910369,0.0007122365700810271,6,71.54545469717546,0.7816304202513261,-1.0
0.06339815711706048,0.004670661667154895,30,0.6128537610638887,0.0006944282990207196,6,73.09090898253702,0.7384821178696372,-1.0
0.0756384047627863,0.003285472591718038,31,0.7105560679920018,0.0006763279432533592,6,72.36363632028753,0.7414615433866327,-1.0
0.0941303148606999,0.002979646928401457,32,0.8742816739249974,0.0006579634122155992,6,72.36363623358987,0.7545199459249323,-1.0
0.0988828623149958,0.00429966712060074,33,0.928925960091874,0.000639363022683212,6,75.45454545454545,0.6740480650555004,-1.0
0.10020591212540036,0.002917707302711076,34,0.9283491401001811,0.0006205554551086735,6,78.8181816664609,0.6034978795051574,-1.0
0.10137928660131162,0.0043572978271792335,35,0.9518648330122232,0.0006015697093979838,6,78.5454544804313,0.5712351883541454,-1.0
0.09755097668514484,0.006206590216606855,36,0.9340482181869447,0.0005824350601949146,6,80.72727272727273,0.5337856357747858,-1.0
0.05993849724634654,0.004972980849237906,37,0.5844972841441631,0.0005631810117416299,6,81.00000006502324,0.5309837148406289,-1.0
0.06302925046636826,0.0047540256443123026,38,0.6102802420500666,0.0005438372523852835,6,79.90909110416065,0.5225947984782132,-1.0
0.07248134528183275,0.003448108935521709,39,0.6836479420308024,0.0005244336088007391,6,84.54545474052429,0.4231831709905104,-1.0
0.06126746372319758,0.004499952955585387,40,0.5921902859117836,0.0005050000000000001,6,85.90909110416065,0.3899995697628368,-1.0
0.05901621222599513,0.003681109674895803,41,0.5645559281110764,0.0004855663911992613,6,89.45454556291753,0.33172623645175586,-1.0
0.0848973703622404,0.004560989198378391,42,0.8053766840603203,0.00046616274761471693,6,88.90909114750949,0.30435700351541695,-1.0
0.08621130811257495,0.006922780561985241,43,0.8385454548988491,0.00044681898825837057,6,89.72727290066805,0.29026978308504275,-1.0
0.08810100494883955,0.003911210612083475,44,0.8283717231824994,0.000427564939805086,6,91.3636365370317,0.25668402520093053,-1.0
0.08769567215090825,0.005069139413535595,45,0.8352261290419847,0.00040843029060201667,6,90.09090932932767,0.27711261662569914,-1.0
0.08875102006519835,0.00473574582590825,46,0.8416210238356143,0.000389444544891327,6,91.09090917760676,0.2620404317704114,-1.0
0.08606442868606085,0.004792390779281656,47,0.8179751508869231,0.0003706369773167883,6,93.1818183335391,0.19577636529098857,-1.0
0.08774054081489642,0.0031741116351137557,48,0.8185080669354647,0.0003520365877844012,6,95.09090930765325,0.16289417310194534,-1.0
0.08862010394740436,0.003002200379139847,49,0.8248346999753267,0.0003336720567466412,6,95.54545469717546,0.15105526046319442,-1.0
0.08894521248940793,0.0027804155316617754,50,0.8257723851129413,0.0003155717009792807,6,97.09090924263,0.13063452465967698,-1.0
0.08914758717744714,0.002957227381153239,51,0.8291867850348353,0.00029776342991897335,6,97.72727294401689,0.10783328061754054,-1.0
0.08840481758428116,0.0043820849775026245,52,0.8353264490142465,0.00028027470262892445,6,96.9999998699535,0.10033338232473894,-1.0
0.08828794731137653,0.005009702691394422,53,0.8399189100600779,0.0002631324854590073,6,96.72727274894714,0.11640650369904258,-1.0
0.08830368309281766,0.004397601328997148,54,0.8345477350521833,0.0002463632104656054,6,96.6363638531078,0.11167965455488725,-1.0
0.08913843206957811,0.002948895019168655,55,0.8290270550642163,0.0002299927346552969,6,96.81818190487948,0.10429227390072562,-1.0
0.08792862606545289,0.004580371495750215,56,0.8328275170642883,0.00021404630011522587,6,97.6363638531078,0.08461384924975308,-1.0
0.08863754648094375,0.004872484313738015,57,0.8418368278071284,0.00019854849509163232,6,98.09090930765325,0.07098592433062467,-1.0
0.08532418667649229,0.002931971646224459,58,0.7945473280269653,0.00018352321607655918,6,98.63636350631714,0.06365559095686132,-1.0
0.09034499422543579,0.0028212187915212577,59,0.8387380309868604,0.00016899363096119395,6,98.9090907790444,0.060049334601922466,-1.0
0.08896955946046445,0.0040286588741259444,60,0.8372762431390584,0.000154982143312659,6,99.54545454545455,0.04531210991469296,-1.0
0.08979565580375493,0.004656447640930613,61,0.8503094220068306,0.0001415103578293356,6,99.18181811679493,0.043133751506155185,-1.0
0.08765820625962482,0.0038044333923608065,62,0.8234072120394558,0.0001285990470279847,6,99.09090902588584,0.04480272496288473,-1.0
0.0879935772002985,0.004820957909234696,63,0.8355885229539126,0.0001162681192140312,6,99.81818181818181,0.03237344118681821,-1.0
0.08833941377492414,0.0032697441056370735,64,0.8247405679430813,0.00010453658778440107,6,99.81818181818181,0.023833129886876452,-1.0
0.08806201422380076,0.0030372147707061637,65,0.8201249889098108,9.342254191024022e-05,6,99.72727266224948,0.027257264283570375,-1.0
0.08746745877174868,0.005379528557467792,66,0.8358595711179078,8.294311864472437e-05,6,99.81818175315857,0.028700657229531894,-1.0
0.08759379363618791,0.005547745463748773,67,0.8385234060697258,7.311447649896551e-05,6,99.81818181818181,0.029619867435910486,-1.0
0.09026136381241183,0.00470540763085915,68,0.8549525009002537,6.395177052675794e-05,6,99.81818181818181,0.024420314891771835,-1.0
0.08930720828680529,0.005050603377943237,69,0.8494592139031738,5.546912895658472e-05,6,99.9090909090909,0.019075086211616344,-1.0
0.09053424057654208,0.0030217841008885037,70,0.8422457939013839,4.767963140691306e-05,6,99.81818175315857,0.018945255340500313,-1.0
0.08950830276848541,0.004467746579191751,71,0.8460320550948381,4.059528871837034e-05,6,99.9090909090909,0.018433477743105456,-1.0
0.09161479817703366,0.004264533830185731,72,0.8631526369135827,3.4227024433899e-05,6,99.90909084406766,0.019770052446560427,-1.0
0.09034121882480879,0.005478017187366883,73,0.8626225381158292,2.8584657955444653e-05,6,100.0,0.01650513729588552,-1.0
0.08717757510021329,0.0063035892477879924,74,0.8415706891100854,2.367688940315011e-05,6,100.0,0.01386141067201441,-1.0
0.09036785824638274,0.003149699419736862,75,0.8418899469543248,1.951128620040094e-05,6,99.9090909090909,0.02047095792537386,-1.0
0.09098430666037732,0.0048776535420782035,76,0.8630071571096778,1.6094271405406862e-05,6,100.0,0.019392928474328736,-1.0
0.09181470576570266,0.0030099552435179553,77,0.8537793960422277,1.3431113807311488e-05,6,99.72727266224948,0.019582316821271723,-1.0
0.09275197695630293,0.004041994947733151,78,0.8714292719960213,1.1525919802101659e-05,6,99.9090909090909,0.01740839046510783,-1.0
0.08935235852065186,0.003296183706778619,79,0.8340943269431591,1.0381627060842164e-05,6,99.81818181818181,0.016363019543615253,-1.0
0.08799138230582078,0.004156553781487876,80,0.829570054076612,1e-05,6,99.9090909090909,0.015551647753878073,-1.0
0.08809226737357675,0.018632518034428357,1,1.0675639279652387,0.000999618372939158,7,18.58333335320155,2.3719182586669922,-1.0
0.08815386327914894,0.0027003447292372586,2,0.9088639330584556,0.0009984740801978985,7,24.33333335320155,2.037076110839844,-1.0
0.08775602814275771,0.006514561665244401,3,0.9430327378213406,0.0009965688861926887,7,28.00000003973643,1.930117630958557,-1.0
0.0860113984439522,0.004012005077674985,4,0.900557910092175,0.0009939057285945933,7,30.666666706403095,1.862581467628479,-1.0
0.08646509812679141,0.003558331076055765,5,0.9005021739285439,0.0009904887137995992,7,32.166666746139526,1.8037313095728555,-1.0
0.08787245659623295,0.0033448560861870646,6,0.9124199168290943,0.00098632311059685,7,34.416666746139526,1.7298345073064167,-1.0
0.08630744190886616,0.002756606973707676,7,0.8909366629086435,0.0009814153420445555,7,36.416666666666664,1.691870322227478,-1.0
0.08517796650994569,0.002779114805161953,8,0.8798812390305102,0.0009757729755661012,7,37.25000007947286,1.644000244140625,-1.0
0.08547630021348596,0.003722458193078637,9,0.8922665431164205,0.0009694047112816298,7,41.50000007947286,1.5877968072891235,-1.0
0.08744968029204755,0.003908715909346938,10,0.9143801771569997,0.0009623203685930871,7,43.916666746139526,1.5333353694279988,-1.0
0.08784441046882421,0.003813257534056902,11,0.9168682871386409,0.0009545308710434153,7,45.00000003973643,1.5189069350560507,-1.0
0.08616095648612827,0.0039023244054988025,12,0.9009163749869913,0.0009460482294732422,7,45.583333333333336,1.4805063581466675,-1.0
0.08885735389776528,0.0041859830031171445,13,0.9306688020005822,0.0009368855235010348,7,47.83333341280619,1.3987252807617188,-1.0
0.08702008726540952,0.00393372243270278,14,0.9097840760368854,0.0009270568813552758,7,51.00000007947286,1.3341003052393596,-1.0
0.0874464459484443,0.0025598656386137007,15,0.9003523299470544,0.0009165774580897602,7,51.916666746139526,1.33858025709788,-1.0
0.07220187052153051,0.004007509257644415,16,0.7624221509322524,0.0009054634122155992,7,50.166666746139526,1.3439955012003582,-1.0
0.0912834687391296,0.002586985263042152,17,0.939098791917786,0.0008937318807859689,7,52.666666666666664,1.2541317478815714,-1.0
0.0973031580913812,0.002886013104580343,18,1.0021795339416713,0.0008814009529720156,7,53.50000015894572,1.2556918096542358,-1.0
0.09411924572195858,0.0037976621882990003,19,0.9794536358676851,0.0008684896421706646,7,56.666666666666664,1.1546059799194337,-1.0
0.09657016941346228,0.002635821676813066,20,0.992300151148811,0.0008550178566873412,7,57.83333341280619,1.1072683668136596,-1.0
0.09616411598399281,0.004329731408506632,21,1.0051749090198427,0.0008410063690388064,7,60.75000015894572,1.0805587259928386,-1.0
0.09769695564173161,0.004544282658025622,22,1.022709800163284,0.0008264767839234412,7,62.666666746139526,1.0181249984105427,-1.0
0.09831678974442185,0.0064943167613819245,23,1.0484053469263017,0.000811451504908368,7,63.75,0.9865874814987182,-1.0
0.09622602555900812,0.004904599231667817,24,1.0115498339291662,0.0007959536998847743,7,65.08333349227905,0.9444980414708456,-1.0
0.06540998320560902,0.0038969959830865266,25,0.6933025710750371,0.0007800072653447032,7,64.66666682561238,0.945014234383901,-1.0
0.04566737548448145,0.003927914518862962,26,0.4961826750077307,0.0007636367895343947,7,67.41666666666667,0.9080475862820944,-1.0
0.08001444255933166,0.002487624948844314,27,0.8252595539670438,0.0007468675145409928,7,69.5833334128062,0.8471141266822815,-1.0
0.07429189817048609,0.0026845419313758613,28,0.7700136851053685,0.0007297252973710758,7,72.91666674613953,0.7792770648002625,-1.0
0.06481180642731488,0.0031399081693962217,29,0.6797815328463912,0.0007122365700810271,7,72.75000015894572,0.7328171094258626,-1.0
0.07047173220198602,0.0027231155894696713,30,0.7322114629205316,0.0006944282990207196,7,74.41666674613953,0.6990208180745443,-1.0
0.09724225855898112,0.00433069122955203,31,1.0159724629484117,0.0006763279432533592,7,74.91666666666667,0.6725089478492737,-1.0
0.0951910302741453,0.004639135813340545,32,0.9985984368249774,0.0006579634122155992,7,75.66666666666667,0.6910379974047343,-1.0
0.0967095245840028,0.004304313403554261,33,1.0103871340397745,0.000639363022683212,7,74.00000007947285,0.7017161178588868,-1.0
0.096996114612557,0.004155534878373146,34,1.011759839951992,0.0006205554551086735,7,78.50000007947285,0.577037456035614,-1.0
0.0574489813297987,0.0041691615711897615,35,0.6164297508075833,0.0006015697093979838,7,82.83333333333333,0.5109928035736084,-1.0
0.06575203924439847,0.004575709556229412,36,0.703510768013075,0.0005824350601949146,7,84.50000015894572,0.43879404187202453,-1.0
0.0661776936845854,0.0048353214049711825,37,0.7104242718778551,0.0005631810117416299,7,84.75000015894572,0.42352458357810974,-1.0
0.05985224361065775,0.004166402108967304,38,0.6404712349176407,0.0005438372523852835,7,86.50000007947285,0.37093687216440835,-1.0
0.059904831415042284,0.003071654285304248,39,0.6305561838671565,0.0005244336088007391,7,88.25,0.34157670617103575,-1.0
0.08504640485625714,0.004083466739393771,40,0.8915858559776098,0.0005050000000000001,7,89.0,0.3108147974809011,-1.0
0.08135930052958429,0.0033990846714004874,41,0.8478567709680647,0.0004855663911992613,7,88.66666666666667,0.3292536934216817,-1.0
0.08616692237555981,0.004654521006159484,42,0.9084677940700203,0.00046616274761471693,7,89.16666674613953,0.3179127597808838,-1.0
0.08723679180257023,0.00444337991066277,43,0.9170884389895946,0.00044681898825837057,7,88.25,0.3281629017988841,-1.0
0.08679524988401681,0.0032653962960466744,44,0.9008483139332384,0.000427564939805086,7,90.41666682561238,0.2883599203824997,-1.0
0.08626790228299797,0.004202315327711403,45,0.9049891959875822,0.00040843029060201667,7,92.16666666666667,0.24285627504189808,-1.0
0.08647191447671503,0.004342558421194553,46,0.9083767770789564,0.000389444544891327,7,93.33333333333333,0.21029229919115702,-1.0
0.08642575179692358,0.004312610509805382,47,0.9076754311099648,0.0003706369773167883,7,94.5,0.17656599084536234,-1.0
0.08526115983258933,0.00416326648555696,48,0.8946574330329895,0.0003520365877844012,7,95.75000015894572,0.15919986446698506,-1.0
0.08772024449426681,0.003907335712574423,49,0.9165745701175183,0.0003336720567466412,7,96.83333349227905,0.12877613842487334,-1.0
0.08551360508427024,0.0026751233264803885,50,0.882180904969573,0.0003155717009792807,7,97.25000015894572,0.10785946915547052,-1.0
0.08381894477643073,0.005809959513135255,51,0.8966636450495571,0.00029776342991897335,7,96.8333334128062,0.10757857004801433,-1.0
0.08607820500619709,0.00524643468670547,52,0.9134785251226276,0.00028027470262892445,7,97.75,0.09380044803023338,-1.0
0.08818887190427631,0.002712946990504861,53,0.9092481839470565,0.0002631324854590073,7,98.25,0.08368496676286062,-1.0
0.08728716543409973,0.004548098961822689,54,0.9186414768919349,0.0002463632104656054,7,97.91666674613953,0.07824623177448908,-1.0
0.0869263008935377,0.004607539903372526,55,0.9156326700467616,0.0002299927346552969,7,98.83333333333333,0.05947145521640777,-1.0
0.08678390267305076,0.004114920832216739,56,0.9092949049081653,0.00021404630011522587,7,99.41666666666667,0.04284143482645353,-1.0
0.08723528180271387,0.00296866069547832,57,0.9023589750286192,0.00019854849509163232,7,98.91666674613953,0.055201285382111866,-1.0
0.08739151901099831,0.004435768281109631,58,0.9185834391973913,0.00018352321607655918,7,99.41666666666667,0.03675115530689557,-1.0
0.08661147719249129,0.0031926429131999613,59,0.8983599790371954,0.00016899363096119395,7,99.58333333333333,0.03399884353081385,-1.0
0.08327907139901072,0.004276085691526532,60,0.8758540039416403,0.000154982143312659,7,99.75000007947285,0.03135755846897761,-1.0
0.08699159224051982,0.003054964169859886,61,0.900781047064811,0.0001415103578293356,7,99.66666666666667,0.03069558709859848,-1.0
0.08759815199300647,0.003268909314647317,62,0.9089572119992226,0.0001285990470279847,7,99.25,0.03432182252407074,-1.0
0.08795724045485258,0.0026019866578280925,63,0.9058329020626843,0.0001162681192140312,7,99.41666674613953,0.03154597123463949,-1.0
0.08744918806478381,0.005208327318541706,64,0.9268216351047158,0.00010453658778440107,7,99.66666666666667,0.026644350017110508,-1.0
0.08768726012203842,0.0035028701648116113,65,0.9121455189306289,9.342254191024022e-05,7,99.3333334128062,0.03460521290699641,-1.0
0.08681640580762177,0.0037250867811962963,66,0.9056532238610089,8.294311864472437e-05,7,99.66666666666667,0.02492489255964756,-1.0
0.08721337330061943,0.003451022505760193,67,0.906898028915748,7.311447649896551e-05,7,99.66666666666667,0.025190123915672304,-1.0
0.08779362372588366,0.004410312068648637,68,0.9222883011680096,6.395177052675794e-05,7,99.91666666666667,0.019839772060513496,-1.0
0.08678601426072419,0.0031309152487665414,69,0.8999925008974969,5.546912895658472e-05,7,99.91666666666667,0.020390389263629915,-1.0
0.08762711442541331,0.005401863786391914,70,0.9305841431487352,4.767963140691306e-05,7,99.8333334128062,0.022148887813091277,-1.0
0.08793534054420889,0.004356862767599523,71,0.9232123079709709,4.059528871837034e-05,7,100.0,0.018798489471276603,-1.0
0.08893994870595634,0.002935059298761189,72,0.9189894990995526,3.4227024433899e-05,7,99.75000007947285,0.021848914325237275,-1.0
0.08730908350553364,0.004044387582689523,73,0.9137794279959053,2.8584657955444653e-05,7,99.75,0.018548842345674832,-1.0
0.08776160518173129,0.004165913118049503,74,0.9196098549291492,2.367688940315011e-05,7,99.91666674613953,0.01612020658950011,-1.0
0.08787042517215013,0.004624499217607081,75,0.9251976560335606,1.951128620040094e-05,7,100.0,0.014053298855821291,-1.0
0.08672880402300506,0.002636920567601919,76,0.8939032659400254,1.6094271405406862e-05,7,100.0,0.014132105559110642,-1.0
0.08735189451836049,0.004385538678616285,77,0.9176212430465966,1.3431113807311488e-05,7,99.8333334128062,0.015402974039316177,-1.0
0.08686955466400832,0.004794409940950572,78,0.9169315139297396,1.1525919802101659e-05,7,100.0,0.01599230756362279,-1.0
0.08729299958795309,0.004437646805308759,79,0.9175432899501175,1.0381627060842164e-05,7,99.91666674613953,0.01886806438366572,-1.0
0.08903203604277224,0.004475371167063713,80,0.9353188790846616,1e-05,7,100.0,0.014160504763325055,-1.0
0.09428961174985902,0.01777434471825307,1,1.2330329050309956,0.000999618372939158,8,18.769230771523254,2.3286367577772875,-1.0
0.08733860528181223,0.0027002552524209023,2,0.990707766963169,0.0009984740801978985,8,24.538461547631485,2.1095755943885215,-1.0
0.08909615196964958,0.002825649920850992,3,1.0113990209065378,0.0009965688861926887,8,26.538461547631485,1.947595776778001,-1.0
0.08711745475672862,0.004189944953065027,4,1.0046234701294452,0.0009939057285945933,8,28.23076923076923,1.9373612139775203,-1.0
0.08799274515529926,0.0033766719385642896,5,1.0053145638667047,0.0009904887137995992,8,31.538461565971375,1.8591951348231388,-1.0
0.08754995014433833,0.002547021023929119,6,0.9913138439878821,0.00098632311059685,8,34.538461529291595,1.7333431298916155,-1.0
0.08711761858483608,0.0033534782388332214,7,0.9954113389831036,0.0009814153420445555,8,35.07692307692308,1.7577342810997596,-1.0
0.08997538802213967,0.0041912717067382555,8,1.0360711640678346,0.0009757729755661012,8,36.23076923993918,1.7143842953902024,-1.0
0.08711373234506357,0.002476781733672727,9,0.9857505669351667,0.0009694047112816298,8,39.000000027509834,1.6418498824192926,-1.0
0.08845369157974016,0.004575917878272859,10,1.0236166298855096,0.0009623203685930871,8,40.30769229852236,1.6135739601575412,-1.0
0.08763398342257873,0.002761061768978834,11,0.9946436849422753,0.0009545308710434153,8,39.69230768313775,1.597918783701383,-1.0
0.08844718944535336,0.0025362127291207962,12,1.001082211965695,0.0009460482294732422,8,40.69230771981753,1.5951017988645113,-1.0
0.08807353055189279,0.002732633718882095,13,0.9991133639123291,0.0009368855235010348,8,43.07692311360286,1.506875128379235,-1.0
0.08826636006547646,0.0022926056672903624,14,0.9964703558944166,0.0009270568813552758,8,46.538461529291595,1.46916502732497,-1.0
0.06726064382713627,0.003867249343205582,15,0.782643900020048,0.0009165774580897602,8,46.76923080591055,1.4666465641902042,-1.0
0.09400647243654187,0.002484164645218036,16,1.0616395520046353,0.0009054634122155992,8,48.30769229852236,1.4331331454790555,-1.0
0.0981945260216228,0.0025301236151294274,17,1.1082189180888236,0.0008937318807859689,8,47.76923077840071,1.40390080341926,-1.0
0.09439921216107905,0.0045161716724661264,18,1.0883314448874444,0.0008814009529720156,8,48.46153847987835,1.380725379723769,-1.0
0.09799724853258919,0.0023871052756228232,19,1.104500682093203,0.0008684896421706646,8,52.461538516558136,1.2930078477125901,-1.0
0.09717506561851637,0.002424001566727053,20,1.0958770990837365,0.0008550178566873412,8,55.07692313194275,1.2467922559151283,-1.0
0.0984852913851765,0.0023934837134385652,21,1.1099084590096027,0.0008410063690388064,8,56.000000027509834,1.1753236392828135,-1.0
0.09671142091974616,0.0025678493548184633,22,1.0923194030765444,0.0008264767839234412,8,55.84615384615385,1.1991618644274198,-1.0
0.07244325664148411,0.002287963722747835,23,0.8223124390933663,0.000811451504908368,8,59.61538461538461,1.1064439744215746,-1.0
0.04687039949931204,0.0024731206834654918,24,0.5430097891949117,0.0007959536998847743,8,60.15384620886583,1.106685286118434,-1.0
0.08486563934605908,0.0024516177363693714,25,0.9607223668135703,0.0007800072653447032,8,62.46153846153846,1.0623184794646043,-1.0
0.062689824918793,0.0037456944330849433,26,0.7310542589984834,0.0007636367895343947,8,60.000000027509834,1.1502089170309213,-1.0
0.07105990492908115,0.0033054140777411785,27,0.8183155439328402,0.0007468675145409928,8,58.84615384615385,1.094917437480046,-1.0
0.08937549447132782,0.0025254538155753503,28,1.0111494108568877,0.0007297252973710758,8,61.84615387366368,1.0202074322333703,-1.0
0.09444587178189646,0.0031124199317260222,29,1.073399157030508,0.0007122365700810271,8,63.00000003667978,0.9877939187563383,-1.0
0.09624629107896578,0.0031511351804841647,30,1.0936183989979327,0.0006944282990207196,8,63.07692307692308,1.0225449580412644,-1.0
0.09692182984541763,0.002500820333476771,31,1.0938969040289521,0.0006763279432533592,8,67.23076924910912,0.9331751082493709,-1.0
0.06882169762287628,0.0025879164776680145,32,0.7857474270276725,0.0006579634122155992,8,67.61538459704472,0.8962936291327843,-1.0
0.05534679952754893,0.003965535560961474,33,0.6526768780313432,0.000639363022683212,8,71.23076928578891,0.8349304016736837,-1.0
0.07635555175048384,0.0033161127093163404,34,0.8766221101395786,0.0006205554551086735,8,71.53846152012164,0.7844944047927856,-1.0
0.05890769310380248,0.0035164278974248605,35,0.6868998319841921,0.0006015697093979838,8,73.38461543963506,0.7285708381579472,-1.0
0.058665033324028955,0.0025565013162453065,36,0.6736857849173248,0.0005824350601949146,8,74.38461538461539,0.7022923497053293,-1.0
0.08526879733174363,0.0037373091221194377,37,0.9792954828590155,0.0005631810117416299,8,76.61538461538461,0.6506684325291561,-1.0
0.0829413401978937,0.002570414894514463,38,0.9408630079124123,0.0005438372523852835,8,75.23076921242934,0.6582798237067002,-1.0
0.0859284540003335,0.004498139531774955,39,0.9949273108504713,0.0005244336088007391,8,78.53846155680142,0.5845877179732689,-1.0
0.08688598208722066,0.002703214826231653,40,0.9857514610048383,0.0005050000000000001,8,79.00000001833989,0.5509143623938927,-1.0
0.08616010554727506,0.004070377823981372,41,0.9928587020840496,0.0004855663911992613,8,81.30769236271198,0.5113284508998578,-1.0
0.08763626349073919,0.003258450697599487,42,1.0001299681607634,0.00046616274761471693,8,80.76923075089088,0.5433452615371117,-1.0
0.08618985309096222,0.0028268577192317357,43,0.9794254209846258,0.00044681898825837057,8,79.53846159348122,0.5321651721000671,-1.0
0.08819509323009035,0.0032503949689932847,44,1.0061405608430505,0.000427564939805086,8,83.76923076923077,0.4829987362714914,-1.0
0.08641789385794917,0.0027221068739891052,45,0.980775921838358,0.00040843029060201667,8,84.46153846153847,0.4457713228005629,-1.0
0.08666578009301289,0.0022596803451464934,46,0.9784174009691924,0.000389444544891327,8,85.15384620886583,0.4046432227354783,-1.0
0.08768139635636048,0.004110779380425811,47,1.0099546040873975,0.0003706369773167883,8,85.53846153846153,0.40162502160439123,-1.0
0.08915445968424054,0.0027042947794226084,48,1.0107429749332368,0.0003520365877844012,8,85.23076921242934,0.4257098669272203,-1.0
0.08659890636971052,0.0037099168932234697,49,0.9938166770152748,0.0003336720567466412,8,85.07692313194275,0.38652857505358185,-1.0
0.0862452589949085,0.002386834811080586,50,0.9753494360484183,0.0003155717009792807,8,87.46153846153847,0.3249304024989788,-1.0
0.0858838257633827,0.004258710340681401,51,0.9918563899118453,0.00029776342991897335,8,89.61538459704472,0.31098606393887446,-1.0
0.08597389801236038,0.003914832433854992,52,0.989063675981015,0.00028027470262892445,8,90.92307697809659,0.2723206331179692,-1.0
0.08570271702906625,0.004143623169511557,53,0.9885513349436224,0.0002631324854590073,8,92.84615390117352,0.23231816411018372,-1.0
0.08703743293881416,0.0032000010621479964,54,0.9928633910603821,0.0002463632104656054,8,93.61538467040428,0.21507516278670386,-1.0
0.08586091838184405,0.004122849342159249,55,0.9900568379089236,0.0002299927346552969,8,93.53846152012164,0.22824343332877525,-1.0
0.0860566055317494,0.0038641538386317816,56,0.9894019630737603,0.00021404630011522587,8,91.6923076739678,0.2447515137378986,-1.0
0.0882385596209629,0.002877933375368064,57,1.0025823649484664,0.00019854849509163232,8,92.46153846153847,0.2170055559048286,-1.0
0.0863670535300943,0.003897809741002592,58,0.9931658438872546,0.00018352321607655918,8,94.61538459704472,0.18200342966960026,-1.0
0.08363732519898225,0.0033613747112791648,59,0.9572525799740106,0.00016899363096119395,8,95.92307690473703,0.1404078887976133,-1.0
0.08504308228888972,0.002333982445468957,60,0.961489895125851,0.000154982143312659,8,97.69230774732736,0.11302831906538743,-1.0
0.08477011602371931,0.0028110108846290545,61,0.9636238040402532,0.0001415103578293356,8,97.30769234437209,0.12513101669458243,-1.0
0.0848659231877801,0.002930160633034327,62,0.9660092710983008,0.0001285990470279847,8,96.76923075089088,0.12487366401232206,-1.0
0.08556002439846369,0.0027029433245347304,63,0.9711675771977752,0.0001162681192140312,8,97.61538467040428,0.10353431169803326,-1.0
0.08678302528675307,0.003948655910789967,64,0.9982848779764026,0.00010453658778440107,8,98.07692307692308,0.09156774539213915,-1.0
0.08700753835199232,0.002420310185036876,65,0.9839414060115814,9.342254191024022e-05,8,98.38461540295528,0.08761697393197279,-1.0
0.08833111081780358,0.002389469543810595,66,0.9981631489936262,8.294311864472437e-05,8,97.6923076923077,0.09086010602804331,-1.0
0.08542003397914497,0.004101054827598008,67,0.9849706150125712,7.311447649896551e-05,8,97.92307692307692,0.09128354012966156,-1.0
0.08704112421467224,0.0037517887963490052,68,0.9989654179662466,6.395177052675794e-05,8,97.9230769597567,0.08475241963679973,-1.0
0.08656468291089615,0.00353059418160807,69,0.9912917031906545,5.546912895658472e-05,8,98.61538461538461,0.07233233676506923,-1.0
0.08657344108955427,0.0038361636371436443,70,0.9947360979858786,4.767963140691306e-05,8,98.76923076923077,0.07056261135981633,-1.0
0.08827935819598762,0.0037330919030037794,71,1.0123870959505439,4.059528871837034e-05,8,99.07692313194275,0.05681550493607154,-1.0
0.08763999807309698,0.002472992922941392,72,0.9914750498719513,3.4227024433899e-05,8,99.23076921242934,0.05095977292611049,-1.0
0.08635857002809644,0.0035100968723947353,73,0.9887912401463836,2.8584657955444653e-05,8,99.00000005501967,0.06310740342506996,-1.0
0.08702825524166903,0.004002985671501268,74,1.0015903098974377,2.367688940315011e-05,8,99.38461543963506,0.050367099688603326,-1.0
0.08532638079486787,0.004055722934109243,75,0.983435130212456,1.951128620040094e-05,8,98.3076923260322,0.06628405433434706,-1.0
0.08729372829706832,0.003950874892656098,76,1.003978086169809,1.6094271405406862e-05,8,99.15384620886583,0.05216070110981281,-1.0
0.08602671392939308,0.003640456082807346,77,0.9867380389478058,1.3431113807311488e-05,8,99.46153846153847,0.053058266559472454,-1.0
0.08666986042887649,0.0025871503801847048,78,0.982132616918534,1.1525919802101659e-05,8,99.38461538461539,0.0525921761072599,-1.0
0.086858271938664,0.0033399762416427784,79,0.9924662781413645,1.0381627060842164e-05,8,99.07692313194275,0.05856235834268423,-1.0
0.08587552355179055,0.0038742359981618142,80,0.9875503000803292,1e-05,8,99.23076923076923,0.04871816107859978,-1.0
0.09331877169791948,0.01757860012267801,1,1.2202045491430908,0.000999618372939158,9,18.714285816465104,2.3387329278673445,-1.0
0.0884954536079683,0.0032455617434937844,2,1.0094813739415258,0.0009984740801978985,9,23.71428574834551,2.1054812138421193,-1.0
0.08996492609466342,0.0029698545536534352,3,1.0225933019537479,0.0009965688861926887,9,28.571428809847152,1.9292180040904454,-1.0
0.08772724250924181,0.003656492674384605,4,1.0055151688866317,0.0009939057285945933,9,30.57142870766776,1.869591670036316,-1.0
0.0901050348554484,0.005213235504925251,5,1.0487960260361433,0.0009904887137995992,9,34.2142859186445,1.7649019091469902,-1.0
0.08950716333294456,0.002389926929026842,6,1.0111615138594061,0.00098632311059685,9,37.714285952704294,1.7225422041756766,-1.0
0.089612110263922,0.0038558381863615728,7,1.0284424859564751,0.0009814153420445555,9,38.000000085149495,1.6693647125789097,-1.0
0.09161583253775131,0.0022837896408005195,8,1.0331373771186918,0.0009757729755661012,9,39.142857262066435,1.6113474798202514,-1.0
0.08359200031157922,0.002486413704570044,9,0.9471003210637718,0.0009694047112816298,9,42.78571455819266,1.5550882863998412,-1.0
0.08994369615208019,0.002789945468645204,10,1.0204132429789752,0.0009623203685930871,9,43.35714299338205,1.5077247735432215,-1.0
0.08968305098824203,0.0038813539272682233,11,1.0294582690112293,0.0009545308710434153,9,46.142857381275725,1.4702976328986033,-1.0
0.09019800349646671,0.0037277414124797692,12,1.0334227629937232,0.0009460482294732422,9,44.78571437086378,1.468826001712254,-1.0
0.08758127513680268,0.0026195724071426825,13,0.9924648858141154,0.0009368855235010348,9,49.14285724503653,1.4057244621004377,-1.0
0.0900977307041599,0.004098219119689681,14,1.0364083989989012,0.0009270568813552758,9,52.85714316368103,1.3095200831549507,-1.0
0.082381090530279,0.0023890950039706445,15,0.9327058319468051,0.0009165774580897602,9,51.14285734721592,1.2788633707591466,-1.0
0.08744027552364225,0.0037093391980637202,16,1.0028925109654665,0.0009054634122155992,9,55.42857166699001,1.2229413904462543,-1.0
0.10011500793255189,0.0026949445124376903,17,1.1311628890689462,0.0008937318807859689,9,54.28571442195347,1.2208886044366019,-1.0
0.09325089119374752,0.002479258268563585,18,1.0533100219909102,0.0008814009529720156,9,58.214286123003276,1.1569425392150878,-1.0
0.10141860674643381,0.0035024477084251967,19,1.154421522980556,0.0008684896421706646,9,60.28571476255144,1.0744805785587856,-1.0
0.1008550854484466,0.003417002460495992,20,1.1472906740382314,0.0008550178566873412,9,63.92857156481062,0.9893430621283394,-1.0
0.09846201888285577,0.0024695655712011185,21,1.1104943989776075,0.0008410063690388064,9,65.50000054495675,0.9342467195647104,-1.0
0.10164486136372117,0.00505461281334812,22,1.173939824104309,0.0008264767839234412,9,63.71428608894348,0.9942142629623413,-1.0
0.09927170677110553,0.0039213633969087495,23,1.1353741358034313,0.000811451504908368,9,64.71428605488369,0.9641118005343846,-1.0
0.04738588557070629,0.0029999440620568666,24,0.5544793379958719,0.0007959536998847743,9,68.85714295932225,0.8730251274790083,-1.0
0.058823710434477434,0.0030618186574429274,25,0.6809811110142618,0.0007800072653447032,9,68.64285748345512,0.8365179668154036,-1.0
0.08855210354721005,0.0027406644499437375,26,1.0044865380041301,0.0007636367895343947,9,73.35714299338204,0.7599932735306876,-1.0
0.06737608462572098,0.0031672895632006907,27,0.7762170759961009,0.0007468675145409928,9,76.3571434361594,0.6942370993750436,-1.0
0.07256503056057474,0.0024297913451763716,28,0.8251909620594233,0.0007297252973710758,9,77.00000020435878,0.6562503378731864,-1.0
0.10150820213708688,0.004104813328012824,29,1.1619750179816037,0.0007122365700810271,9,76.42857180322919,0.6526180928094046,-1.0
0.10072863597253506,0.003906488482078368,30,1.1512420028448105,0.0006944282990207196,9,79.57142887796674,0.5675714107922145,-1.0
0.10002234601415694,0.0044371146200732755,31,1.1493025689851493,0.0006763279432533592,9,78.21428595270429,0.5942960238456726,-1.0
0.09347779356705194,0.0025535479865290904,32,1.056597005110234,0.0006579634122155992,9,80.21428625924247,0.5366290422848293,-1.0
0.05992804702625356,0.0023515519728376107,33,0.6853086589835584,0.000639363022683212,9,83.1428576878139,0.4782623587335859,-1.0
0.07283858876590701,0.003829610428180207,34,0.8435913319699466,0.0006205554551086735,9,86.4285717691694,0.3973620528834207,-1.0
0.06548419770446014,0.003268178383057768,35,0.7565099280327559,0.0006015697093979838,9,88.35714336803981,0.3502343613760812,-1.0
0.06264900373802944,0.0036146707028489222,36,0.7291424418799579,0.0005824350601949146,9,87.85714302744184,0.34496337515967235,-1.0
0.07996680280617015,0.0035031668164513326,37,0.9184286538511515,0.0005631810117416299,9,88.21428608894348,0.31562614560127256,-1.0
0.08872194338420575,0.00414033752696758,38,1.0217484659515321,0.0005438372523852835,9,91.07142915044513,0.26391762239592415,-1.0
0.0917249528310177,0.0024556800807741556,39,1.0362239480018616,0.0005244336088007391,9,91.21428625924247,0.2590677774803979,-1.0
0.09216326089914549,0.003933386009355838,40,1.0573007718194276,0.0005050000000000001,9,91.14285727909633,0.2558785559449877,-1.0
0.0912436218932271,0.0024412459355186334,41,1.0307920339982957,0.0004855663911992613,9,90.64285751751491,0.2770640552043915,-1.0
0.09188112809153443,0.003884317819029093,42,1.0536735269706696,0.00046616274761471693,9,92.71428595270429,0.2186075850895473,-1.0
0.0936702237337489,0.003954168811271136,43,1.0741549378726631,0.00044681898825837057,9,94.6428575515747,0.19010102016585215,-1.0
0.09290831307457252,0.0025337380992079325,44,1.0501530189067125,0.000427564939805086,9,94.92857190540859,0.1591946291072028,-1.0
0.09332180116325617,0.0053923911076377735,45,1.0861462610773742,0.00040843029060201667,9,95.07142887796674,0.1482633537054062,-1.0
0.09299687266519124,0.0022898924283005976,46,1.0484339750837535,0.000389444544891327,9,96.8571434702192,0.12215653836727142,-1.0
0.0929835852955214,0.0035453529774465346,47,1.0620662719011307,0.0003706369773167883,9,97.42857207570758,0.09726440995931625,-1.0
0.09315241371620107,0.003580950920216062,48,1.0643101860769093,0.0003520365877844012,9,97.07142884390694,0.09941943151610239,-1.0
0.09099006629548967,0.003582051510668614,49,1.0405506219249219,0.0003336720567466412,9,98.14285741533551,0.07480677489723478,-1.0
0.0919405580286614,0.0024938429705798626,50,1.0390308499336243,0.0003155717009792807,9,98.78571428571429,0.06060339629650116,-1.0
0.09192118169316514,0.004044376842846925,51,1.0558706379961222,0.00029776342991897335,9,98.50000064713615,0.0574782568854945,-1.0
0.09364352483217689,0.0027123243463310328,52,1.0601821320597082,0.00028027470262892445,9,98.92857200758797,0.04570311967815672,-1.0
0.092611635717648,0.0029252027373083615,53,1.0511525040492415,0.0002631324854590073,9,99.64285714285714,0.03231350074921335,-1.0
0.09262234821322966,0.0023981765208935194,54,1.0454757760744542,0.0002463632104656054,9,99.21428571428571,0.03713499929223742,-1.0
0.09232254974036054,0.0036695257083258844,55,1.0561726000159979,0.0002299927346552969,9,99.28571428571429,0.02912376681608813,-1.0
0.09180069528520107,0.0034241654529151592,56,1.047729051206261,0.00021404630011522587,9,99.78571486473083,0.020964142978191377,-1.0
0.09208824788220227,0.0037867843004112892,57,1.054915649117902,0.00019854849509163232,9,99.6428577218737,0.024999217305864605,-1.0
0.09121851117180829,0.0039658373729749155,58,1.0472841779701412,0.00018352321607655918,9,99.6428577218737,0.023748041040131024,-1.0
0.09185221791267395,0.003649646712636406,59,1.050773809896782,0.00016899363096119395,9,99.92857142857143,0.016436681619712283,-1.0
0.09065549342300404,0.005498216931962154,60,1.057946657994762,0.000154982143312659,9,99.85714285714286,0.016084390016538757,-1.0
0.09127026489427821,0.0034960731863975525,61,1.0427572701591998,0.0001415103578293356,9,99.85714285714286,0.016109914045248714,-1.0
0.0929867354517972,0.0028344392776489258,62,1.0543687359895557,0.0001285990470279847,9,99.92857142857143,0.013380379581025668,-1.0
0.09070308703336526,0.0036653791638937864,63,1.03831414016895,0.0001162681192140312,9,100.0,0.011205412798694202,-1.0
0.09158995626917617,0.0038523933723230252,64,1.0501102621201426,0.00010453658778440107,9,100.0,0.010656385709132467,-1.0
0.09295084843920036,0.005968306382948702,65,1.0883711238857359,9.342254191024022e-05,9,99.78571428571429,0.014366743373019355,-1.0
0.09250934756445614,0.0055801478976553135,66,1.0792463328689337,8.294311864472437e-05,9,99.92857200758797,0.01065628174160208,-1.0
0.09134536054493352,0.00602941809814762,67,1.0713774370960891,7.311447649896551e-05,9,100.0,0.010402862057089806,-1.0
0.09088802532377568,0.004135679940439083,68,1.0455038528889418,6.395177052675794e-05,9,99.92857142857143,0.012717060308371272,-1.0
0.09083255530673671,0.0024850659538060427,69,1.0267618759535253,5.546912895658472e-05,9,99.92857142857143,0.010968535233821188,-1.0
0.09251626803201031,0.002699671440165151,70,1.0477056910749525,4.767963140691306e-05,9,99.92857142857143,0.009872469739722355,-1.0
0.09168811356225474,0.002370493274859407,71,1.034946819068864,4.059528871837034e-05,9,99.92857142857143,0.010335951255900519,-1.0
0.0919351247985932,0.002560733203691515,72,1.0397889399901032,3.4227024433899e-05,9,100.0,0.0085970766070698,-1.0
0.0915345646948977,0.0027007950385185804,73,1.0368919810280204,2.8584657955444653e-05,9,100.0,0.008461702689528465,-1.0
0.09157242130657489,0.004340712150389498,74,1.055342755978927,2.367688940315011e-05,9,99.92857142857143,0.009861905670591763,-1.0
0.09365917147475887,0.0025238858070224524,75,1.0583031240385026,1.951128620040094e-05,9,99.92857142857143,0.011095904175724302,-1.0
0.09239780363118784,0.0036795676516538315,76,1.057144413003698,1.6094271405406862e-05,9,99.92857142857143,0.00879435324509229,-1.0
0.09313445377417585,0.0027263560332357883,77,1.054758181096986,1.3431113807311488e-05,9,100.0,0.009153394515493086,-1.0
0.09337739974514327,0.0025838595307008786,78,1.0558943529613316,1.1525919802101659e-05,9,99.92857142857143,0.008337769279522554,-1.0
0.09076153019189158,0.0029946466145867653,79,1.031667489092797,1.0381627060842164e-05,9,100.0,0.007342299462429115,-1.0
0.09302723348479379,0.005738871785896746,80,1.08674935111776,1e-05,9,100.0,0.008406435083597898,-1.0
0.09464776122088854,0.015664681947479647,1,1.3240701700560749,0.000999618372939158,10,16.133333333333333,2.369145310084025,-1.0
0.09136412713754301,0.0025412177007334926,2,1.1272051490377635,0.0009984740801978985,10,22.666666754086812,2.0853549785614014,-1.0
0.09205302349679793,0.002728700579609722,3,1.1376971241552383,0.0009965688861926887,10,24.066666650772095,1.9889536924362183,-1.0
0.09195698941281687,0.0022726597574849925,4,1.1310237811412662,0.0009939057285945933,10,30.733333333333334,1.848568850517273,-1.0
0.09206432439774896,0.0026206166173020997,5,1.1364891969133168,0.0009904887137995992,10,32.199999984105425,1.8081089652379354,-1.0
0.09037108340999112,0.003510980517603457,6,1.126827681902796,0.00098632311059685,10,37.19999996026357,1.7077414983113606,-1.0
0.09199598710983992,0.003820905558920155,7,1.1500378649216145,0.0009814153420445555,10,38.133333293596905,1.659847861289978,-1.0
0.09086416244584446,0.003598431881982833,8,1.1337943968828768,0.0009757729755661012,10,40.26666669845581,1.6160751953125,-1.0
0.09134041079475234,0.0025769270529660084,9,1.1272817051503807,0.0009694047112816298,10,41.133333309491476,1.5842459955215453,-1.0
0.09225446736672893,0.0022451862265976765,10,1.13424631790258,0.0009623203685930871,10,44.066666793823245,1.5109696238835653,-1.0
0.09163845834943156,0.003115246984331558,11,1.1372877890244126,0.0009545308710434153,10,44.73333339691162,1.467362538655599,-1.0
0.09225118645311643,0.002227776548049102,12,1.134008846944198,0.0009460482294732422,10,47.73333326975504,1.4087589127222697,-1.0
0.09170432171473901,0.002442737362192323,13,1.130016865907237,0.0009368855235010348,10,47.86666674613953,1.389742407798767,-1.0
0.09144283518738423,0.0024576254072599113,14,1.127106468891725,0.0009270568813552758,10,50.86666669845581,1.3586652828852335,-1.0
0.07276026310864836,0.0027396019625787935,15,0.9062384918797761,0.0009165774580897602,10,52.53333336512248,1.3070713268915812,-1.0
0.09667006193194538,0.0025916933276069662,16,1.1913823240902275,0.0009054634122155992,10,54.4,1.2372391370137532,-1.0
0.09933344916983818,0.0034158044145442545,17,1.2332277169916779,0.0008937318807859689,10,54.799999984105426,1.234615398089091,-1.0
0.09619213714419554,0.0033995541161857545,18,1.1953598940744996,0.0008814009529720156,10,58.13333328564962,1.154606120745341,-1.0
0.10150330337152506,0.0024442662252113223,19,1.2476448859088123,0.0008684896421706646,10,59.19999995231628,1.1262314914067586,-1.0
0.09988115908345208,0.00361780816456303,20,1.2422386140096933,0.0008550178566873412,10,57.99999996821086,1.0877309290568034,-1.0
0.10107626888202503,0.003457213945997258,21,1.2546622441150248,0.0008410063690388064,10,62.933333237965904,1.0191991561253866,-1.0
0.10064120856501783,0.002478787190436075,22,1.2376854869071394,0.0008264767839234412,10,63.00000020662944,0.9925097535451253,-1.0
0.04190318905360376,0.0035697376976410546,23,0.5459004600998014,0.000811451504908368,10,65.9333335240682,0.9289511521657308,-1.0
0.06994732267533739,0.003464355405109624,24,0.8811832510400563,0.0007959536998847743,10,66.79999996821086,0.8763621692657471,-1.0
0.0780526358090962,0.0035260813504767916,25,0.9792485230136663,0.0007800072653447032,10,67.20000012715657,0.8663793554306031,-1.0
0.06848555714047204,0.0037217707722447813,26,0.8667760279495269,0.0007636367895343947,10,71.00000007947285,0.8116844493548075,-1.0
0.08483348142666121,0.003478042567924907,27,1.0600146718788892,0.0007468675145409928,10,72.00000003178914,0.7522322322527567,-1.0
0.09792239389692743,0.00398144325784718,28,1.223139706067741,0.0007297252973710758,10,75.13333331743875,0.6761200033823649,-1.0
0.09988092516626541,0.0022863709988693395,29,1.2262972190510482,0.0007122365700810271,10,75.86666666666666,0.6615226068496705,-1.0
0.09980984649155289,0.0041024801903404295,30,1.2472385771106929,0.0006944282990207196,10,79.53333360354105,0.59451771179835,-1.0
0.0600947545026429,0.003959114837925881,31,0.7689442890696228,0.0006763279432533592,10,80.33333330154419,0.5612833593686422,-1.0
0.07724330422934145,0.002608437188124905,32,0.9584771411027759,0.0006579634122155992,10,79.33333331743876,0.5457470393180848,-1.0
0.06137105671223253,0.0022418842806170383,33,0.7635895740240812,0.000639363022683212,10,80.33333326975504,0.5343248426119487,-1.0
0.061035433143842965,0.0031694998615421355,34,0.7706976430490613,0.0006205554551086735,10,84.20000025431315,0.43460201581319174,-1.0
0.09309491379341732,0.002379291302834948,35,1.1459423690102994,0.0006015697093979838,10,85.13333331743875,0.4089476583798726,-1.0
0.08923050957188632,0.004210216012628128,36,1.1215271949768066,0.0005824350601949146,10,88.13333349227905,0.36252092973391215,-1.0
0.08975528688946117,0.0024658642748060324,37,1.1069008940830827,0.0005631810117416299,10,88.26666679382325,0.33072577699025474,-1.0
0.09128261590376496,0.002649417923142513,38,1.1274384770076722,0.0005438372523852835,10,90.73333347638449,0.26614810061454774,-1.0
0.09114054386736825,0.002535970629348109,39,1.1243985840119421,0.0005244336088007391,10,91.53333342870077,0.26029412372907,-1.0
0.09168836317257956,0.00241940039753293,40,1.12963666790165,0.0005050000000000001,10,91.53333349227906,0.24118763383229574,-1.0
0.0908800740338241,0.002191611216403544,41,1.1171026770025492,0.0004855663911992613,10,93.46666674613952,0.20871758222579956,-1.0
0.09031541587319225,0.0024070770402128496,42,1.1129057991784066,0.00046616274761471693,10,93.3333335240682,0.2084144180615743,-1.0
0.09155697131063789,0.0023926653472396233,43,1.1276458951178938,0.00044681898825837057,10,91.66666682561238,0.24503755478064218,-1.0
0.09077402916348849,0.002625510504003614,44,1.1210546160582453,0.000427564939805086,10,94.66666677792867,0.19257392879327137,-1.0
0.09048697001223142,0.004028128498854737,45,1.134425297845155,0.00040843029060201667,10,94.33333336512247,0.1696118416984876,-1.0
0.09101991832721978,0.0031791292713023722,46,1.1306448159739375,0.000389444544891327,10,96.06666671435038,0.13291697039206823,-1.0
0.09121324651641771,0.0020923682216865322,47,1.1199243331793696,0.0003706369773167883,10,97.66666671435038,0.10093949075539907,-1.0
0.09071090609844153,0.002081808401271701,48,1.1137518920004368,0.0003520365877844012,10,97.53333341280619,0.0911765739917755,-1.0
0.08997701616802563,0.0033844419910262027,49,1.1206006230786443,0.0003336720567466412,10,98.06666673024496,0.07605250179767609,-1.0
0.09027418222588797,0.0031457033668023846,50,1.121278045931831,0.0003155717009792807,10,98.46666666666667,0.07227704815069834,-1.0
0.09093467188843836,0.0033951749404271445,51,1.1322049021255225,0.00029776342991897335,10,98.40000003178915,0.07204133721192678,-1.0
0.09096633922308683,0.003457430769534161,52,1.133339722175151,0.00028027470262892445,10,98.73333336512248,0.05591803681850433,-1.0
0.08960054545120026,0.00341874446409444,53,1.116488243918866,0.0002631324854590073,10,98.6,0.05234097359577815,-1.0
0.08905506652081385,0.002453296231882026,54,1.0983899768907577,0.0002463632104656054,10,98.80000001589457,0.046620727186401686,-1.0
0.09043787351887052,0.002570379486617943,55,1.1163762719370425,0.0002299927346552969,10,98.93333333333334,0.04056203087419272,-1.0
0.09164836533212413,0.0023974403350924454,56,1.128789798123762,0.00021404630011522587,10,99.66666666666667,0.029976062496503194,-1.0
0.09164551608652498,0.0037954309955239296,57,1.1455253660678864,0.00019854849509163232,10,99.86666666666666,0.01945223411420981,-1.0
0.09059430429867159,0.0034390538736867407,58,1.1286855160724372,0.00018352321607655918,10,99.4,0.024295914821326734,-1.0
0.09165957251874109,0.0036570518859662116,59,1.1440926929935813,0.00016899363096119395,10,99.86666666666666,0.01837430009742578,-1.0
0.0913498894078657,0.0035289089234235385,60,1.1388358250260353,0.000154982143312659,10,99.86666668256125,0.02019361413518588,-1.0
0.09066458915670712,0.0036430222486766675,61,1.131971828173846,0.0001415103578293356,10,99.86666668256125,0.01436574740211169,-1.0
0.0915134721629632,0.002591228927485645,62,1.1295543001033366,0.0001285990470279847,10,99.73333333333333,0.019730112736423812,-1.0
0.09186295208443578,0.0023559725765759745,63,1.1309567808639258,0.0001162681192140312,10,99.8,0.015821374155581,-1.0
0.09127053816337138,0.002861727999212841,64,1.1298851009923965,0.00010453658778440107,10,99.80000001589457,0.014247914656996727,-1.0
0.0896895548988444,0.005162902933079749,65,1.1385324178263545,9.342254191024022e-05,10,99.93333333333334,0.015150562753280004,-1.0
0.09199215326225385,0.0040287877394196885,66,1.152546313824132,8.294311864472437e-05,10,100.0,0.009693169576426347,-1.0
0.09049827182510246,0.002539772579135994,67,1.1167485110927373,7.311447649896551e-05,10,99.86666666666666,0.010507930969198545,-1.0
0.09093719668453559,0.0027078211423940957,68,1.1240599050652236,6.395177052675794e-05,10,100.0,0.009591104798018932,-1.0
0.09065931377699599,0.0022561121537971,69,1.1152758470270783,5.546912895658472e-05,10,100.0,0.008044490973154704,-1.0
0.09165531994464497,0.003093946298273901,70,1.1372814299538732,4.767963140691306e-05,10,99.93333333333334,0.009965551381309827,-1.0
0.0894130467204377,0.002623196031587819,71,1.1047231450211257,4.059528871837034e-05,10,100.0,0.007948262217144172,-1.0
0.09105357283260673,0.00369976992563655,72,1.1373283460270613,3.4227024433899e-05,10,100.0,0.007663153395056724,-1.0
0.09057223245811959,0.0039129920381431775,73,1.1341184079647064,2.8584657955444653e-05,10,100.0,0.008141520438094935,-1.0
0.09063935204176232,0.0022606481215916574,74,1.1151100068818778,2.367688940315011e-05,10,99.93333333333334,0.009672130165000757,-1.0
0.09093948529334739,0.0022431869486657283,75,1.1184899739455432,1.951128620040094e-05,10,100.0,0.0082546266913414,-1.0
0.09046270814724267,0.002187498612329364,76,1.1121086899656802,1.6094271405406862e-05,10,100.0,0.00873430369546016,-1.0
0.09130962441364925,0.0028429555046992996,77,1.1301690759137273,1.3431113807311488e-05,10,99.8,0.00950654840717713,-1.0
0.09178125392645597,0.003907138326515754,78,1.1486530359834433,1.1525919802101659e-05,10,100.0,0.00749612656980753,-1.0
0.09238994561989482,0.002796024549752474,79,1.1425163401290774,1.0381627060842164e-05,10,100.0,0.00785396409034729,-1.0
0.09059516542280714,0.004889785486739129,80,1.146171789849177,1e-05,10,99.93333333333334,0.007777375884354115,-1.0
0.09447025067101304,0.01372051086778251,1,1.406749984016642,0.000999618372939158,11,16.125,2.358911418914795,-1.0
0.09121614039087525,0.002714642305643513,2,1.2213949670549482,0.0009984740801978985,11,25.375,2.0432965087890627,-1.0
0.08994734272933923,0.002762417720917326,3,1.2054866750258952,0.0009965688861926887,11,24.625,1.9603114700317383,-1.0
0.09031177845855172,0.003400674000239143,4,1.2185000500176102,0.0009939057285945933,11,28.8125,1.910472297668457,-1.0
0.09073491663170549,0.0021374842796761254,5,1.2075998599175364,0.0009904887137995992,11,31.6875,1.8116765594482422,-1.0
0.09067265091177362,0.0030681413168517444,6,1.218877780949697,0.00098632311059685,11,32.9375,1.76166654586792,-1.0
0.09089902306620318,0.0030606981689253678,7,1.2217378788627684,0.0009814153420445555,11,34.875,1.7362796401977538,-1.0
0.08991815719323662,0.002347948352018228,8,1.199711450142786,0.0009757729755661012,11,36.0,1.7225464248657227,-1.0
0.09082003487632252,0.003318798441726428,9,1.2240960199851543,0.0009694047112816298,11,37.3125,1.6839709949493409,-1.0
0.09075171853272387,0.002121055767369958,10,1.2076725650113076,0.0009623203685930871,11,40.5625,1.598782367706299,-1.0
0.0909148073540284,0.0036141783393059787,11,1.229129393119365,0.0009545308710434153,11,41.9375,1.5548956394195557,-1.0
0.08922168272189222,0.001980768355469291,12,1.1858703419566154,0.0009460482294732422,11,44.25,1.5032675170898437,-1.0
0.08983220117023358,0.0019549412223008964,13,1.1934744138270617,0.0009368855235010348,11,45.25,1.4414949417114258,-1.0
0.08817636837752965,0.002416436470901737,14,1.177995827049017,0.0009270568813552758,11,48.5,1.391033639907837,-1.0
0.08390950042611131,0.003198866033926606,15,1.1327027659863234,0.0009165774580897602,11,48.4375,1.3718859100341796,-1.0
0.09981110186960834,0.0031969486735761166,16,1.3393969552125782,0.0009054634122155992,11,51.5,1.3332018280029296,-1.0
0.09801828898847677,0.0023631304681587676,17,1.3051994040142745,0.0008937318807859689,11,53.375,1.2514342403411864,-1.0
0.10042480252181682,0.002570041544878712,18,1.339175566099584,0.0008814009529720156,11,52.375,1.2728900051116943,-1.0
0.09796478516923693,0.002848509896116761,19,1.310818555066362,0.0008684896421706646,11,58.25,1.1438749599456788,-1.0
0.09896838802915926,0.0029075012649767674,20,1.3246305270586163,0.0008550178566873412,11,54.5,1.213628692626953,-1.0
0.08573360015781453,0.002077406684223276,21,1.142362528014928,0.0008410063690388064,11,57.5625,1.149837417602539,-1.0
0.04380192741966592,0.0030292337223027763,22,0.609037181828171,0.0008264767839234412,11,59.0625,1.1266357803344726,-1.0
0.08347016508476092,0.0031292789902251502,23,1.1260407560039312,0.000811451504908368,11,62.0625,1.0644567108154297,-1.0
0.0686409693533698,0.003298428339453844,24,0.9354907982051373,0.0007959536998847743,11,62.375,1.0338286542892456,-1.0
0.07102043444935519,0.0032103003289263984,25,0.9652445088140666,0.0007800072653447032,11,64.3125,0.9297224044799804,-1.0
0.09908216822749147,0.0025835509340350446,26,1.3219381750095636,0.0007636367895343947,11,69.3125,0.8517897748947143,-1.0
0.09826776834849554,0.002559650349072539,27,1.3110447849612683,0.0007468675145409928,11,67.25,0.8709712934494018,-1.0
0.09627154748886824,0.001958342197422798,28,1.2772813050542027,0.0007297252973710758,11,69.5,0.8352393960952759,-1.0
0.060556107272322364,0.003103501432073804,29,0.8278818340040743,0.0007122365700810271,11,71.4375,0.7532781267166138,-1.0
0.0734538421787035,0.0034951624245597767,30,1.0005706099327654,0.0006944282990207196,11,74.75,0.6969675326347351,-1.0
0.06068635002996486,0.0026546591319716894,31,0.8236692720092833,0.0006763279432533592,11,75.5625,0.6701137495040893,-1.0
0.06058144204031963,0.002311976501145042,32,0.8178401200566441,0.0006579634122155992,11,77.0,0.6348197889328003,-1.0
0.0904308780311392,0.002591805443024406,33,1.209558589849621,0.000639363022683212,11,76.375,0.626851897239685,-1.0
0.08501510245080751,0.0027327484701975035,34,1.1410409300588071,0.0006205554551086735,11,80.5625,0.5311870837211609,-1.0
0.08629506278353241,0.0025522630625905898,35,1.1552496971562505,0.0006015697093979838,11,80.5625,0.5395811653137207,-1.0
0.08716412977530406,0.0020137454490535534,36,1.15954769984819,0.0005824350601949146,11,81.6875,0.5104082703590394,-1.0
0.08647962759893674,0.0038119953913757433,37,1.1740350150503218,0.0005631810117416299,11,83.0,0.49306737780570986,-1.0
0.08838435262441635,0.0033292142996707787,38,1.19251864310354,0.0005438372523852835,11,83.125,0.46910093784332274,-1.0
0.08627028353154086,0.0031072313252549907,39,1.162163196131587,0.0005244336088007391,11,85.375,0.41418798685073854,-1.0
0.08782014678805493,0.0020362652766589937,40,1.1684325251262635,0.0005050000000000001,11,85.1875,0.3928343975543976,-1.0
0.08557342705675043,0.0038481057048417055,41,1.1627771030180156,0.0004855663911992613,11,88.6875,0.31969257473945617,-1.0
0.09085810112838562,0.0035267327195749832,42,1.227300546132028,0.00046616274761471693,11,89.0,0.3185961025953293,-1.0
0.08815691587873377,0.0034218063542189505,43,1.1908093180973083,0.00044681898825837057,11,91.375,0.2497659945487976,-1.0
0.09063044136676651,0.002941238783443203,44,1.216720725176856,0.000427564939805086,11,91.625,0.24879870653152467,-1.0
0.09019461979802984,0.0036157334330849922,45,1.219821291975677,0.00040843029060201667,11,92.0625,0.22877660989761353,-1.0
0.08990415259121129,0.004260260701322785,46,1.224373355973512,0.000389444544891327,11,92.9375,0.2173393762111664,-1.0
0.08749985666229175,0.002098644331384164,47,1.1650865720584989,0.0003706369773167883,11,93.75,0.1891748094558716,-1.0
0.08985835686326027,0.002210436281389915,48,1.1972072108183056,0.0003520365877844012,11,94.1875,0.17315493583679198,-1.0
0.08841913883001186,0.0034734961540939715,49,1.1948879300616682,0.0003336720567466412,11,95.5,0.15481894731521606,-1.0
0.08857677568896459,0.003837284309646258,50,1.2016778921242803,0.0003155717009792807,11,95.375,0.13165215492248536,-1.0
0.09003330779691729,0.001968780210098395,51,1.1963178999722004,0.00029776342991897335,11,96.4375,0.1141916510462761,-1.0
0.08886874796679387,0.002933927023640046,52,1.1936784000135958,0.00028027470262892445,11,97.8125,0.08237832844257355,-1.0
0.08954088977323128,0.002043205689495573,53,1.19083913997747,0.0002631324854590073,11,97.9375,0.07910578653216362,-1.0
0.09001244842791213,0.0020656138121222076,54,1.1972482888959348,0.0002463632104656054,11,97.875,0.07348557949066162,-1.0
0.08998749227836154,0.0020414090966089414,55,1.1966688381507993,0.0002299927346552969,11,98.8125,0.05825415387749672,-1.0
0.09008175195552982,0.0022427633476371947,56,1.2005120490211993,0.00021404630011522587,11,99.0625,0.04840887576341629,-1.0
0.09012176028381173,0.002942424088429946,57,1.210088568041101,0.00019854849509163232,11,99.125,0.04433617815375328,-1.0
0.08949830886334754,0.0020512939932254646,58,1.1903892839327455,0.00018352321607655918,11,99.3125,0.042937420457601544,-1.0
0.09005158971278714,0.002599044917867734,59,1.20469766901806,0.00016899363096119395,11,99.5,0.03693162128329277,-1.0
0.08938619506975207,0.003253211768773886,60,1.2045558339450508,0.000154982143312659,11,99.5,0.03152310952544212,-1.0
0.09014391107484698,0.0033231968454156932,61,1.2153200439643115,0.0001415103578293356,11,99.4375,0.030560130923986434,-1.0
0.0895313321827696,0.0032713776633429984,62,1.2066795250866562,0.0001285990470279847,11,99.625,0.025087168887257576,-1.0
0.0890678155164306,0.003110384550661995,63,1.1985581030603498,0.0001162681192140312,11,99.8125,0.022888022139668465,-1.0
0.08897050321460344,0.0022532175509975506,64,1.1861645749304444,0.00010453658778440107,11,99.8125,0.02143974833190441,-1.0
0.08997150967255808,0.00268413216018906,65,1.204771997174248,9.342254191024022e-05,11,99.875,0.01813484326004982,-1.0
0.08780700185049611,0.002258755911428195,66,1.1710978250484914,8.294311864472437e-05,11,99.9375,0.01980474703013897,-1.0
0.09025341440708591,0.002484903366376574,67,1.2058714509475976,7.311447649896551e-05,11,99.9375,0.014820966497063636,-1.0
0.08925894431125087,0.0031131595337333586,68,1.201210669009015,6.395177052675794e-05,11,99.9375,0.01573020577430725,-1.0
0.08854610420978413,0.003604298475413368,69,1.1983401929028332,5.546912895658472e-05,11,99.9375,0.01606800138950348,-1.0
0.09044613680229165,0.003477873280644417,70,1.2213484849780798,4.767963140691306e-05,11,99.9375,0.013687255904078483,-1.0
0.0900657236791001,0.002968291465479594,71,1.209795436123386,4.059528871837034e-05,11,100.0,0.011367049515247345,-1.0
0.0904608907428785,0.003305877039495569,72,1.2192658379208297,3.4227024433899e-05,11,100.0,0.012792984917759896,-1.0
0.09015394878000595,0.002309107454493642,73,1.202305309008807,2.8584657955444653e-05,11,99.875,0.013352223411202431,-1.0
0.09091734055143136,0.0021453178308617612,74,1.2100955101195723,2.367688940315011e-05,11,99.9375,0.014274256005883217,-1.0
0.08996621091276981,0.002322378013139734,75,1.200065336190164,1.951128620040094e-05,11,100.0,0.011036811619997025,-1.0
0.08977649762080266,0.00234165323826556,76,1.1978603871539235,1.6094271405406862e-05,11,99.875,0.014841677397489548,-1.0
0.0891509062001625,0.0033169419576342288,77,1.2023811750113964,1.3431113807311488e-05,11,99.9375,0.012573673352599145,-1.0
0.0898354712408036,0.0026965037597200046,78,1.2032069608103484,1.1525919802101659e-05,11,100.0,0.012231852784752846,-1.0
0.08989218205141906,0.002693657333461138,79,1.2038601688109338,1.0381627060842164e-05,11,100.0,0.010910858288407327,-1.0
0.08995229079244801,0.0021221045977794207,80,1.1977475399617106,1e-05,11,100.0,0.012079832628369331,-1.0
0.09445205231064133,0.015028812972429608,1,1.533066514879465,0.000999618372939158,12,16.235294145696304,2.3403257858051973,-1.0
0.08880797497529004,0.0027737654579271164,2,1.2824878399260342,0.0009984740801978985,12,21.705882356447333,2.1093379503137926,-1.0
0.09014746001256364,0.0022349923383444548,3,1.2936720990110189,0.0009965688861926887,12,26.82352943981395,1.9471428360658534,-1.0
0.08985950934168484,0.0021392281466562834,4,1.2882764160167426,0.0009939057285945933,12,28.176470574210672,1.905383586883545,-1.0
0.0903586663605113,0.0020503112048442873,5,1.294029280077666,0.0009904887137995992,12,31.941176463575925,1.8246543258779189,-1.0
0.08924727679030704,0.0026707794251186506,6,1.2871418399736285,0.00098632311059685,12,33.11764706583584,1.787764892578125,-1.0
0.08913727457235966,0.0037606658547052313,7,1.3008107850328088,0.0009814153420445555,12,33.23529413167168,1.744909596162684,-1.0
0.08912525678585682,0.0031116149288469125,8,1.2916310059372336,0.0009757729755661012,12,35.76470586832832,1.6901762833314784,-1.0
0.08998758563705321,0.0024032783694565296,9,1.2937122560106218,0.0009694047112816298,12,39.23529415270861,1.6275913196451524,-1.0
0.08984207526581096,0.003206101379224232,10,1.302929325029254,0.0009623203685930871,12,40.647058851578656,1.570109673948849,-1.0
0.08892563763739807,0.002241474376725299,11,1.276578787015751,0.0009545308710434153,12,40.82352942228317,1.5846692612591913,-1.0
0.09006289963144809,0.0024884587952068876,12,1.2959641150664538,0.0009460482294732422,12,43.23529410362244,1.51047525658327,-1.0
0.0897818271602903,0.0027845149826524512,13,1.2961910730227828,0.0009368855235010348,12,44.58823527308071,1.4936250490300795,-1.0
0.0754240998399577,0.0020579218066164424,14,1.0850200110580772,0.0009270568813552758,12,46.8235294117647,1.444046578126795,-1.0
0.0991056609865544,0.003283706360629627,15,1.4337501809932292,0.0009165774580897602,12,48.17647062329685,1.4101647851046395,-1.0
0.09571701196754086,0.0035458552551322748,16,1.3899806020781398,0.0009054634122155992,12,48.705882395015045,1.3845016120461857,-1.0
0.09893724796295698,0.0018041777491037334,17,1.4106179468799382,0.0008937318807859689,12,52.35294120451983,1.3232754154766306,-1.0
0.09990024415310472,0.0018442434292020543,18,1.4246572060510516,0.0008814009529720156,12,52.05882355746101,1.2887648001839134,-1.0
0.09914316448183465,0.00221496494486928,19,1.4192587991710752,0.0008684896421706646,12,52.47058819322025,1.267696587899152,-1.0
0.07561302865256689,0.00262552870637072,20,1.095568296033889,0.0008550178566873412,12,55.41176468484542,1.1782722921932445,-1.0
0.06477763728305165,0.00269071278827531,21,0.9447970599867404,0.0008410063690388064,12,56.94117647760055,1.1574339659073773,-1.0
0.07928671584730702,0.0030891662130930592,22,1.1535093090496957,0.0008264767839234412,12,60.82352938371546,1.0875783310217015,-1.0
0.07107718874301229,0.002115007190565978,23,1.0249614790081978,0.000811451504908368,12,59.705882380990424,1.1130174235736623,-1.0
0.08733063415690724,0.0028016726386600305,24,1.2621312739793211,0.0007959536998847743,12,61.64705889365252,1.0392237354727352,-1.0
0.09684605149751795,0.001981029286980629,25,1.383821755181998,0.0007800072653447032,12,63.17647060225992,1.0040927976720473,-1.0
0.0978364199898871,0.0030228665730516824,26,1.4122668369673193,0.0007636367895343947,12,66.52941172263202,0.9315954048493329,-1.0
0.0582479260629043,0.0020989648598645416,27,0.8450948400422931,0.0007468675145409928,12,63.64705882352941,0.9503664903079763,-1.0
0.0741329905577004,0.00339767785875925,28,1.0856690870132297,0.0007297252973710758,12,68.35294120451984,0.8566059018583859,-1.0
0.06129291222896427,0.0031154862039589454,29,0.9019515090622008,0.0007122365700810271,12,71.29411771718193,0.8009115600585938,-1.0
0.058790891630841155,0.003132533165626228,30,0.8671573919709772,0.0006944282990207196,12,73.00000007012311,0.7479644550996668,-1.0
0.09040054954987552,0.002252880450604217,31,1.2973832020070404,0.0006763279432533592,12,72.47058823529412,0.7407695834776934,-1.0
0.08699039334896952,0.001889039928625737,32,1.244564265012741,0.0006579634122155992,12,76.52941183482899,0.6572135156743667,-1.0
0.08393251864306096,0.0018840051488950849,33,1.2017539760563523,0.000639363022683212,12,75.23529411764706,0.6841862493402817,-1.0
0.08898590543373887,0.001981343358888158,34,1.2737927101552486,0.0006205554551086735,12,73.29411760498496,0.6746072787397048,-1.0
0.09035289212728717,0.0019267302372359804,35,1.2921733800321817,0.0006015697093979838,12,76.29411770315731,0.6533970956241383,-1.0
0.0887149346194097,0.002000066318682262,36,1.270335430977866,0.0005824350601949146,12,79.05882355746101,0.5623948272536783,-1.0
0.08906443498563021,0.0030131827308131115,37,1.2893781960010529,0.0005631810117416299,12,79.82352938371547,0.5425423177550821,-1.0
0.0901925336968686,0.003365588224759059,38,1.310106105869636,0.0005438372523852835,12,81.35294114842134,0.49212709020165835,-1.0
0.08840286826515305,0.0034343171532132794,39,1.286010141018778,0.0005244336088007391,12,82.17647065835841,0.4739057177655837,-1.0
0.08777410380675324,0.0019530623352953366,40,1.2564610170666128,0.0005050000000000001,12,84.29411770315731,0.4368084966435152,-1.0
0.08894068879141871,0.0019298196337851031,41,1.2724788249470294,0.0004855663911992613,12,86.7058823669658,0.3746677237398484,-1.0
0.09034179335659635,0.002635137061588466,42,1.3019672520458698,0.00046616274761471693,12,89.05882354343639,0.31344601459362925,-1.0
0.0894559676692422,0.003095146185452385,43,1.29600672214292,0.00044681898825837057,12,91.64705886560328,0.2642679835067076,-1.0
0.08884472379993115,0.0038471167042319265,44,1.2979736581910402,0.000427564939805086,12,92.11764711492202,0.24534961903796476,-1.0
0.09001685672306589,0.00247581276510443,45,1.2951829209923744,0.00040843029060201667,12,92.29411760498496,0.24336120857911953,-1.0
0.08912455860991031,0.002367702030044581,46,1.2812008219771087,0.000389444544891327,12,91.4117646778331,0.24184137004263262,-1.0
0.08910409700391549,0.002430676565771656,47,1.2817355419974774,0.0003706369773167883,12,92.35294116244597,0.2250094612906961,-1.0
0.08955613766530794,0.0018885427686784948,48,1.280462522059679,0.0003520365877844012,12,93.17647054616143,0.20482977074735306,-1.0
0.08915683218011898,0.0028508215244593365,49,1.2883431469090283,0.0003336720567466412,12,93.88235299727496,0.18677992694518145,-1.0
0.09025383007247001,0.001930201575825257,50,1.2908176449127495,0.0003155717009792807,12,95.52941172263202,0.15680003068026374,-1.0
0.08934200204177094,0.0019193788258624928,51,1.2779009039513767,0.00029776342991897335,12,94.82352941176471,0.15522095597842162,-1.0
0.090414231692973,0.0034858128721160547,52,1.3148925120476633,0.00028027470262892445,12,95.82352941176471,0.1311438942218528,-1.0
0.08903796362158443,0.002731814963876137,53,1.2850685270968825,0.0002631324854590073,12,97.58823529411765,0.09645086457624155,-1.0
0.0901575614365616,0.001818886143155396,54,1.287962093949318,0.0002463632104656054,12,97.88235294117646,0.08410922060994541,-1.0
0.08875969812340502,0.0019331331630902632,55,1.2699354100041091,0.0002299927346552969,12,98.11764703077428,0.07225531173102996,-1.0
0.08973282000182994,0.004137050842733255,56,1.3144095290917903,0.00021404630011522587,12,98.94117644253899,0.05785512149333954,-1.0
0.08971322578976729,0.001821634276503963,57,1.281733148964122,0.00019854849509163232,12,99.05882357148563,0.05166271002853618,-1.0
0.08875409708291825,0.0032827927664454493,58,1.2887604138813913,0.00018352321607655918,12,99.17647056018605,0.05066302068093244,-1.0
0.08836517379885274,0.002709699694865516,59,1.2752901820931584,0.00016899363096119395,12,99.17647058823529,0.044800883777001324,-1.0
0.08960213513845312,0.001994334643573633,60,1.2825908169616014,0.000154982143312659,12,99.41176470588235,0.0331561056655996,-1.0
0.08930215648641544,0.0029184841717194232,61,1.291324581950903,0.0001415103578293356,12,99.58823529411765,0.03085827724022024,-1.0
0.08946538019725787,0.0026720762252807617,62,1.2901608950924128,0.0001285990470279847,12,99.70588235294117,0.02450266250354402,-1.0
0.08899837709031999,0.0022543933342343996,63,1.2777927869465202,0.0001162681192140312,12,99.82352941176471,0.022971726371084942,-1.0
0.0896846982983074,0.0018948397732206754,64,1.282358119962737,0.00010453658778440107,12,99.88235294117646,0.021254763901233674,-1.0
0.0903607195276501,0.001921823331420975,65,1.2921936358325183,9.342254191024022e-05,12,99.82352941176471,0.021603919206296698,-1.0
0.08908816987449038,0.0038837085511269315,66,1.3018996780738235,8.294311864472437e-05,12,99.88235294117646,0.020842028435538798,-1.0
0.0879611081244158,0.0020184138723249945,67,1.2600029520690441,7.311447649896551e-05,12,100.0,0.017771259581341462,-1.0
0.08870896018509354,0.002491040388122201,68,1.2771087598521262,6.395177052675794e-05,12,99.70588232489193,0.019655887852696813,-1.0
0.08917899501310396,0.004514955848987613,69,1.3120109350420535,5.546912895658472e-05,12,99.88235294117646,0.01989847107845194,-1.0
0.08919866264997316,0.0020032940665259957,70,1.2771176500245929,4.767963140691306e-05,12,99.88235294117646,0.017763677458552753,-1.0
0.0908698900602758,0.002118192014417478,71,1.302115130936727,4.059528871837034e-05,12,99.82352941176471,0.017243462660733393,-1.0
0.0885678137586053,0.0030249422416090965,72,1.2825350889470428,3.4227024433899e-05,12,100.0,0.015680345862227326,-1.0
0.08921882106057767,0.0031704943726903628,73,1.293682664167136,2.8584657955444653e-05,12,99.88235294117646,0.016996471027241035,-1.0
0.08957993471994996,0.0035171990083264454,74,1.3036094959825277,2.367688940315011e-05,12,99.88235294117646,0.015891434585346895,-1.0
0.08803696815656233,0.0031892099151653902,75,1.277408004971221,1.951128620040094e-05,12,99.82352938371547,0.015962512843749103,-1.0
0.08961652839622859,0.0028592390340885948,76,1.294947613030672,1.6094271405406862e-05,12,99.94117647058823,0.015996726935400683,-1.0
0.08997429997128036,0.002289839238593621,77,1.291937808971852,1.3431113807311488e-05,12,99.94117647058823,0.01311050168950768,-1.0
0.08902357132839304,0.0033084359518917544,78,1.2928946011234075,1.1525919802101659e-05,12,99.88235291312722,0.017748641073703764,-1.0
0.08807095778839928,0.0028334751425843152,79,1.272963303141296,1.0381627060842164e-05,12,100.0,0.013014894522288266,-1.0
0.0900663482690496,0.0028878094495407174,80,1.3016608520410955,1e-05,12,99.88235301129959,0.016539465451941772,-1.0
0.09288486993561189,0.013911234866827726,1,1.6023045170586556,0.000999618372939158,13,17.555555555555557,2.321208665635851,-1.0
0.08863778767796854,0.0017755755844215551,2,1.3565135879907757,0.0009984740801978985,13,22.833333333333332,2.0728324381510417,-1.0
0.08809507824480534,0.0020441196858882902,3,1.3524015101138502,0.0009965688861926887,13,24.444444444444443,2.0165513780381943,-1.0
0.08893812294118106,0.002773549392198523,4,1.3759252210147679,0.0009939057285945933,13,25.0,1.9714083523220487,-1.0
0.08866924894973635,0.00313894865103066,5,1.37735599395819,0.0009904887137995992,13,29.666666666666668,1.8938056098090277,-1.0
0.08977982404952248,0.0023988863453269006,6,1.3829730940051377,0.00098632311059685,13,30.22222222222222,1.8384712388780382,-1.0
0.08967396761290729,0.0019138853220889965,7,1.3741859961301088,0.0009814153420445555,13,31.27777777777778,1.8101539103190105,-1.0
0.0902152320370078,0.002594577024380366,8,1.3924421779811382,0.0009757729755661012,13,30.61111111111111,1.8421993001302084,-1.0
0.0884872749603043,0.0027461455669254065,9,1.368809370091185,0.0009694047112816298,13,33.166666666666664,1.7565217336018881,-1.0
0.08973542953220506,0.0019097582592318455,10,1.3749191390816122,0.0009623203685930871,13,34.44444444444444,1.763585679796007,-1.0
0.08998201983049511,0.0019328655675053597,11,1.3789605770725757,0.0009545308710434153,13,36.27777777777778,1.7078721788194444,-1.0
0.08986682890293499,0.002281053767850002,12,1.382458128966391,0.0009460482294732422,13,36.333333333333336,1.695960218641493,-1.0
0.07505213293867806,0.0039019334595650434,13,1.184547740034759,0.0009368855235010348,13,37.111111111111114,1.6926219516330294,-1.0
0.09670020365156233,0.002407924551516771,14,1.4868567150551826,0.0009270568813552758,13,39.22222222222222,1.6570262145996093,-1.0
0.09435920853478214,0.0025857953199495873,15,1.4544123650994152,0.0009165774580897602,13,38.388888888888886,1.6502464972601996,-1.0
0.09708020039834082,0.0030006847499559324,16,1.5014627510681748,0.0009054634122155992,13,39.388888888888886,1.596829359266493,-1.0
0.09910188163630665,0.0018344580971946319,17,1.5143007889855653,0.0008937318807859689,13,42.5,1.551583031548394,-1.0
0.09837968937742213,0.002043482024843494,18,1.5066005501430482,0.0008814009529720156,13,42.05555555555556,1.5771821848551433,-1.0
0.07005257618923982,0.0025751066704591116,19,1.0896497948560864,0.0008684896421706646,13,43.55555555555556,1.4970223659939237,-1.0
0.06292880006755391,0.002451261334742109,20,0.9809411410242319,0.0008550178566873412,13,42.77777777777778,1.5337725151909722,-1.0
0.07973872573735813,0.0029673589238276084,21,1.2408218649215996,0.0008410063690388064,13,43.27777777777778,1.542403055826823,-1.0
0.07079952945932746,0.003657550271600485,22,1.11709282011725,0.0008264767839234412,13,45.22222222222222,1.4558167012532552,-1.0
0.09174799957933526,0.001755549618974328,23,1.4027888500131667,0.000811451504908368,13,48.166666666666664,1.3976335991753472,-1.0
0.0963840114728858,0.002576053918649753,24,1.4846901749260724,0.0007959536998847743,13,45.22222222222222,1.4088516404893663,-1.0
0.09127899996625881,0.0019295152431974807,25,1.3983613778837025,0.0007800072653447032,13,49.22222222222222,1.378027335272895,-1.0
0.058791645259285964,0.001743697344015042,26,0.9082748061046004,0.0007636367895343947,13,50.333333333333336,1.3279570855034721,-1.0
0.0745866301935166,0.0017709493326644103,27,1.1455919351428747,0.0007468675145409928,13,48.611111111111114,1.3595532989501953,-1.0
0.06014417932989697,0.001776936324313283,28,0.9291004589758813,0.0007297252973710758,13,52.166666666666664,1.3079230329725477,-1.0
0.07687987978570163,0.002951829414814711,29,1.197758962167427,0.0007122365700810271,13,50.5,1.3607641177707248,-1.0
0.08579657172473769,0.0029569196049124002,30,1.3315992751158774,0.0006944282990207196,13,53.388888888888886,1.26166872660319,-1.0
0.08804377634078264,0.0026178933214396237,31,1.3602274390868843,0.0006763279432533592,13,53.611111111111114,1.2424445173475478,-1.0
0.09077875187310079,0.0030124427905927104,32,1.407110545085743,0.0006579634122155992,13,51.888888888888886,1.2846529557969835,-1.0
0.08867323119193316,0.0035791640635579824,33,1.3840276410337538,0.000639363022683212,13,51.166666666666664,1.2693675994873046,-1.0
0.08745175967924297,0.0030965342496832213,34,1.358466951875016,0.0006205554551086735,13,59.888888888888886,1.1243861643473307,-1.0
0.08888285479818782,0.0029690410010516644,35,1.3780202399939299,0.0006015697093979838,13,58.55555555555556,1.0821226755777995,-1.0
0.0891933099211504,0.0021918692781279486,36,1.3710433261003345,0.0005824350601949146,13,60.22222222222222,1.078751924302843,-1.0
0.08851134597013394,0.0026971268312384685,37,1.3684023339301348,0.0005631810117416299,13,62.166666666666664,1.0324687321980794,-1.0
0.08798305167195698,0.002408037381246686,38,1.3561010179109871,0.0005438372523852835,13,62.611111111111114,0.9950871955023871,-1.0
0.08813312845304608,0.0030660334198425216,39,1.36823470890522,0.0005244336088007391,13,62.44444444444444,1.020995275709364,-1.0
0.08919552943358819,0.001815888099372387,40,1.3654296000022441,0.0005050000000000001,13,64.27777777777777,0.9782214143541124,-1.0
0.08881157888099551,0.002729410585016012,41,1.373378346906975,0.0004855663911992613,13,64.33333333333333,0.9952735434638129,-1.0
0.08867002640229961,0.002407283056527376,42,1.3664232769515365,0.00046616274761471693,13,68.16666666666667,0.8778572336832682,-1.0
0.08815043605864048,0.002797887194901705,43,1.364454842871055,0.00044681898825837057,13,68.11111111111111,0.8705554411146376,-1.0
0.08901595291681588,0.0019819344704349834,44,1.3652564838994294,0.000427564939805086,13,69.72222222222223,0.8362688912285698,-1.0
0.08902894975617529,0.0033510138435910147,45,1.3859859840013087,0.00040843029060201667,13,66.61111111111111,0.9202062098185221,-1.0
0.0890422683985283,0.0022933231356243294,46,1.3702843592036515,0.000389444544891327,13,69.44444444444444,0.856895400153266,-1.0
0.08996310485526919,0.002076093542079131,47,1.3808408849872649,0.0003706369773167883,13,70.05555555555556,0.7885321384006077,-1.0
0.08911007242277265,0.0022593996487557887,48,1.3707815799862146,0.0003520365877844012,13,72.33333333333333,0.7473293050130209,-1.0
0.08898638344059388,0.0020550993581612905,49,1.3658580959308892,0.0003336720567466412,13,76.27777777777777,0.6581055598788791,-1.0
0.08866022353370985,0.003620864466453592,50,1.3844502710271627,0.0003155717009792807,13,75.66666666666667,0.6932378726535373,-1.0
0.08808012690084675,0.0025856456408898036,51,1.3602293718140572,0.00029776342991897335,13,77.61111111111111,0.6195222981770834,-1.0
0.08890321366488933,0.003001448263724645,52,1.3788227490149438,0.00028027470262892445,13,76.22222222222223,0.657371474372016,-1.0
0.08944257291344306,0.0029341941544165214,53,1.3859778251498938,0.0002631324854590073,13,77.44444444444444,0.6187755881415473,-1.0
0.09058903101831675,0.003091350570321083,54,1.4055032001342624,0.0002463632104656054,13,79.72222222222223,0.5581882900661892,-1.0
0.0877565532301863,0.0030136180420716604,55,1.3618392089847475,0.0002299927346552969,13,80.72222222222223,0.5564351738823785,-1.0
0.0888351450363795,0.0029261968874682983,56,1.376683893846348,0.00021404630011522587,13,80.72222222222223,0.5274884796142578,-1.0
0.08789616903911034,0.0030939210361490646,57,1.365144400857389,0.00019854849509163232,13,82.72222222222223,0.5020806990729438,-1.0
0.08907638837893804,0.002370645416279634,58,1.3720006088260561,0.00018352321607655918,13,82.33333333333333,0.49140841007232666,-1.0
0.08972314155350129,0.0018716796456525722,59,1.3742190829943866,0.00016899363096119395,13,84.61111111111111,0.44375205993652345,-1.0
0.08796888197151323,0.003108248890688022,60,1.3664524559862912,0.000154982143312659,13,85.77777777777777,0.4051720428466797,-1.0
0.08936923053115606,0.0018885617920507988,61,1.3691587219946086,0.0001415103578293356,13,86.22222222222223,0.422512149810791,-1.0
0.08609132898660997,0.0018598606654753288,62,1.3195556059945375,0.0001285990470279847,13,86.05555555555556,0.4068590842352973,-1.0
0.08880851953290403,0.0017590977406750123,63,1.3588235510978848,0.0001162681192140312,13,87.05555555555556,0.3699996566772461,-1.0
0.08857998408687612,0.0026444899073491492,64,1.368688381044194,0.00010453658778440107,13,89.61111111111111,0.32892576535542806,-1.0
0.0870097517191122,0.001797358210509022,65,1.3329037041403353,9.342254191024022e-05,13,89.33333333333333,0.34470740424262153,-1.0
0.08853637056114773,0.003941364974404375,66,1.387451299931854,8.294311864472437e-05,13,89.61111111111111,0.3177042524019877,-1.0
0.08953195672171811,0.0024695105385035276,67,1.3803077170159668,7.311447649896551e-05,13,91.11111111111111,0.28250359111362033,-1.0
0.08967701460545262,0.002027186130483945,68,1.375806356081739,6.395177052675794e-05,13,91.05555555555556,0.292089049021403,-1.0
0.0885711350167791,0.002784227921317021,69,1.3705971341114491,5.546912895658472e-05,13,91.27777777777777,0.28573567072550454,-1.0
0.0891849833385398,0.002738901926204562,70,1.3791237568948418,4.767963140691306e-05,13,91.66666666666667,0.2738326581319173,-1.0
0.08654538419408103,0.0026532847279061873,71,1.3382094181142747,4.059528871837034e-05,13,92.11111111111111,0.25352764977349174,-1.0
0.08960756690551837,0.0021966513711959125,72,1.3773046149872243,3.4227024433899e-05,13,92.11111111111111,0.25376791212293837,-1.0
0.08773766678447524,0.002840119817604621,73,1.3589015509933233,2.8584657955444653e-05,13,93.22222222222223,0.23906705326504177,-1.0
0.08916454465749363,0.001956446204955379,74,1.3670440569985658,2.367688940315011e-05,13,94.0,0.22006836891174317,-1.0
0.08875390634251137,0.0026575767279913027,75,1.3714024708606303,1.951128620040094e-05,13,94.16666666666667,0.22437511973910862,-1.0
0.08837643405422568,0.0026061137517293296,76,1.364973188843578,1.6094271405406862e-05,13,94.55555555555556,0.21987921078999836,-1.0
0.08959899170634647,0.001739660557359457,77,1.3703108590561897,1.3431113807311488e-05,13,93.22222222222223,0.2318106280432807,-1.0
0.08973259405853848,0.0024790970608592035,78,1.3834729040972888,1.1525919802101659e-05,13,94.22222222222223,0.21055537859598797,-1.0
0.08926519771727423,0.0022563792144258818,79,1.373118787072599,1.0381627060842164e-05,13,94.22222222222223,0.2077046203613281,-1.0
0.08947462663054466,0.001996752976750334,80,1.372364774113521,1e-05,13,95.05555555555556,0.1989220248328315,-1.0
0.0944713877979666,0.013836386132364471,1,1.6249454419594258,0.000999618372939158,14,16.473684248171356,2.370145482515034,-1.0
0.09165560915134847,0.002036872645840049,2,1.4056844529695809,0.0009984740801978985,14,24.421052581385563,2.0617605106454144,-1.0
0.09246148389453689,0.0026637259715547165,3,1.4271718978416175,0.0009965688861926887,14,27.15789482468053,1.9369466678719771,-1.0
0.09085015738382936,0.001799851143732667,4,1.3900015139952302,0.0009939057285945933,14,30.842105200416164,1.863943641060277,-1.0
0.09266474183338384,0.0026157004293054344,5,1.4294750671833754,0.0009904887137995992,14,33.10526324573316,1.788035468302275,-1.0
0.09171829439389209,0.0018189682004352411,6,1.4032974150031805,0.00098632311059685,14,34.3157894987809,1.7653061063666093,-1.0
0.09170026422167818,0.002865727245807648,7,1.4187495310325176,0.0009814153420445555,14,34.68421061415421,1.7328584676039847,-1.0
0.09373333854600788,0.002950784641628464,8,1.4505166599992663,0.0009757729755661012,14,40.315789448587516,1.6297841621700087,-1.0
0.09042160079504052,0.0018887732643634082,9,1.384919075993821,0.0009694047112816298,14,39.26315785081763,1.6421571575967888,-1.0
0.09143598098307848,0.002023863016317288,10,1.4021658110432327,0.0009623203685930871,14,39.63157900383598,1.5915908176020572,-1.0
0.09157523354515433,0.003241819857309262,11,1.4225054869893938,0.0009545308710434153,14,42.789473822242336,1.5507737089458264,-1.0
0.0921254662796855,0.0018378356471657753,12,1.409694426925853,0.0009460482294732422,14,44.7368420487956,1.5073485663062647,-1.0
0.0800093922453622,0.0018660913531978924,13,1.2284243118483573,0.0009368855235010348,14,44.57894740606609,1.4929450767918637,-1.0
0.10015427209436893,0.002843252895399928,14,1.5452224749606103,0.0009270568813552758,14,47.63157894736842,1.4210450674358168,-1.0
0.10056589719218513,0.002819551279147466,15,1.5510777512099594,0.0009165774580897602,14,49.05263161031824,1.3736502178091752,-1.0
0.10168878658053776,0.0017672261533637841,16,1.5521390200592577,0.0009054634122155992,14,52.00000003137087,1.300031200459129,-1.0
0.10164914070628583,0.0019716402826209863,17,1.5546039131004363,0.0008937318807859689,14,53.000000150580156,1.2520730523059243,-1.0
0.10053063362526397,0.0030258728346476953,18,1.5536368920002133,0.0008814009529720156,14,54.68421060160587,1.2371950350309673,-1.0
0.04891491058903436,0.003341073216870427,19,0.7840855859685689,0.0008684896421706646,14,56.36842121576008,1.170614201646102,-1.0
0.0840366077919801,0.003485065217440327,20,1.313062329776585,0.0008550178566873412,14,58.42105259393391,1.1325589629223471,-1.0
0.07037303683658441,0.00270635176760455,21,1.0964383909013122,0.0008410063690388064,14,60.842105200416164,1.0602713067908036,-1.0
0.0794348619878292,0.002522658354913195,22,1.2296146128792316,0.0008264767839234412,14,61.94736840850428,1.0409480964510065,-1.0
0.09956723203261693,0.0024696368413666884,23,1.5308574589435011,0.000811451504908368,14,62.94736850889105,1.0170883151104575,-1.0
0.10123570744569103,0.003571673156693578,24,1.5724040288478136,0.0007959536998847743,14,66.26315778180172,0.9199516793301231,-1.0
0.07269454056707521,0.0023073054384440185,25,1.1252619409933686,0.0007800072653447032,14,66.26315776925338,0.9207333759257668,-1.0
0.07616856439659993,0.0031207344029098747,26,1.189588364912197,0.0007636367895343947,14,68.21052624049939,0.8577707841521816,-1.0
0.06378226157588264,0.0035630373594661554,27,1.010435908101499,0.0007468675145409928,14,71.21052631578948,0.8053886616857429,-1.0
0.07241467816444734,0.0027532766417910654,28,1.1278151459991932,0.0007297252973710758,14,72.10526315789474,0.7633391173262345,-1.0
0.09240039756211142,0.0017337313077102105,29,1.4123012470081449,0.0007122365700810271,14,74.21052625304775,0.707551698308242,-1.0
0.09189922196480135,0.001778078560406963,30,1.4054503440856934,0.0006944282990207196,14,76.10526318299144,0.653167783461119,-1.0
0.09064954623269537,0.0018266786976406971,31,1.3879748720210046,0.0006763279432533592,14,75.15789461135864,0.6455264885802018,-1.0
0.09298859249490003,0.0018370735769470533,32,1.4226366369985044,0.0006579634122155992,14,78.21052625304775,0.5794741732195804,-1.0
0.09312969455495476,0.0023862163225809732,33,1.4329924429766834,0.000639363022683212,14,80.31578934820075,0.5423013714740151,-1.0
0.09373251488432288,0.002481903104732434,34,1.4434785840567201,0.0006205554551086735,14,80.84210521296451,0.5236008421998275,-1.0
0.09281690414063633,0.002069690932209293,35,1.4235741591546685,0.0006015697093979838,14,81.21052632833782,0.4977615547180176,-1.0
0.09444108959287405,0.0020194992112616697,36,1.4471556819044054,0.0005824350601949146,14,83.9473685716328,0.44664473295211793,-1.0
0.0935568204925706,0.002464377445479234,37,1.440566562116146,0.0005631810117416299,14,84.57894745625947,0.4172770235412999,-1.0
0.09148716594402989,0.001979322855671247,38,1.4023248041048646,0.0005438372523852835,14,86.94736845869767,0.36519344750203586,-1.0
0.09347317027859389,0.001805138261988759,39,1.4295700408983976,0.0005244336088007391,14,89.57894748135617,0.3018435566048873,-1.0
0.09212004404204586,0.0019236693469186624,40,1.410936813103035,0.0005050000000000001,14,91.10526313279804,0.2636990992019051,-1.0
0.0923107665963471,0.0017050068049381177,41,1.4105264458339661,0.0004855663911992613,14,90.8947368797503,0.250053753915586,-1.0
0.09203107625556489,0.0018717864683518808,42,1.4088328459765762,0.00046616274761471693,14,92.47368418542962,0.22211115868468034,-1.0
0.09262049795749287,0.0016871114416668813,43,1.4149061189964414,0.00044681898825837057,14,94.15789464900368,0.1772347733221556,-1.0
0.09333656664627293,0.0020439265606304008,44,1.4309929360169917,0.000427564939805086,14,95.10526314534638,0.15853209727688838,-1.0
0.093683874544998,0.0016519035212695598,45,1.4303297398146242,0.00040843029060201667,14,93.94736848379436,0.18139337235375455,-1.0
0.0935813788479815,0.0016740886184076467,46,1.4291587718762457,0.000389444544891327,14,95.05263156639903,0.1591085074763549,-1.0
0.09274839512072504,0.001824471540749073,47,1.4188739818055183,0.0003706369773167883,14,95.26315780689842,0.13483531845243354,-1.0
0.09190806147331992,0.0023934769288947184,48,1.4148052998352796,0.0003520365877844012,14,96.00000020077354,0.12146000914667782,-1.0
0.09309725533239543,0.0018007539212703705,49,1.4237539449241012,0.0003336720567466412,14,97.10526308260467,0.09862244326817361,-1.0
0.0919444910561045,0.00259014000184834,50,1.4182604169473052,0.0003155717009792807,14,98.47368421052632,0.07177013406628056,-1.0
0.09346544854342938,0.002023272852723797,51,1.432605833048001,0.00029776342991897335,14,98.73684210526316,0.059394052812927645,-1.0
0.09221089347265661,0.00205912192662557,52,1.4143504609819502,0.00028027470262892445,14,99.00000020077354,0.04229762547894528,-1.0
0.09248012990380326,0.0033797150167326133,53,1.4381380849517882,0.0002631324854590073,14,99.21052631578948,0.04143508178623099,-1.0
0.09442034463087717,0.0023113879685600597,54,1.4512670959811658,0.0002463632104656054,14,99.57894736842105,0.03182840410816042,-1.0
0.09320399084438881,0.0025235334256043036,55,1.4361905411351472,0.0002299927346552969,14,99.47368427326805,0.031893929509740127,-1.0
0.09391942977284391,0.002980136297022303,56,1.4546003199648112,0.00021404630011522587,14,99.31578953642594,0.0328228165993565,-1.0
0.09373284277195731,0.0018161756296952566,57,1.4334767090622336,0.00019854849509163232,14,99.73684210526316,0.023055972692213562,-1.0
0.0943947097286582,0.003354986741517981,58,1.4664832830894738,0.00018352321607655918,14,99.73684210526316,0.024919162667111347,-1.0
0.0939468080488344,0.0021108714087555804,59,1.4411027480382472,0.00016899363096119395,14,99.78947368421052,0.01783569252020434,-1.0
0.09335652429920932,0.002886528956393401,60,1.4438850081060082,0.000154982143312659,14,99.78947368421052,0.01596111395641377,-1.0
0.09372366190267106,0.0017910520390917858,61,1.432956872973591,0.0001415103578293356,14,99.94736842105263,0.017483510206404484,-1.0
0.0924517314415425,0.0028296278323978186,62,1.4294609690550715,0.0001285990470279847,14,99.94736842105263,0.011280079468300468,-1.0
0.09274361249990762,0.002950807971258958,63,1.4356643590144813,0.0001162681192140312,14,99.89473684210526,0.014503559401552927,-1.0
0.09198445938527584,0.0036268049385398625,64,1.4344275330659002,0.00010453658778440107,14,99.84210546393143,0.014055197384012372,-1.0
0.0924765630469968,0.0017797083593904973,65,1.4141021880786866,9.342254191024022e-05,14,99.89473684210526,0.01250880550201002,-1.0
0.09253547141949335,0.0028052637819200752,66,1.430413271067664,8.294311864472437e-05,14,100.0,0.009437760874432953,-1.0
0.09210590521494548,0.0029363937210291624,67,1.4259863928891718,7.311447649896551e-05,14,99.94736842105263,0.010037972252619895,-1.0
0.09285351141976814,0.002771413652226329,68,1.4346581920981407,6.395177052675794e-05,14,99.94736842105263,0.009466904664510174,-1.0
0.0935796859053274,0.0020060169510543345,69,1.434169318061322,5.546912895658472e-05,14,99.94736842105263,0.011077107245004492,-1.0
0.09397141981559495,0.0017645721944669881,70,1.43638113187626,4.767963140691306e-05,14,100.0,0.009779345593170116,-1.0
0.09311544525747498,0.004297440809508165,71,1.4614310869947076,4.059528871837034e-05,14,99.89473684210526,0.012006977310306147,-1.0
0.09279910287198921,0.003868997717897097,72,1.450269361026585,3.4227024433899e-05,14,100.0,0.008330555485659525,-1.0
0.09287531399168074,0.0028289455299576123,73,1.4358103731647134,2.8584657955444653e-05,14,100.0,0.009211894797259255,-1.0
0.09409915759849051,0.0017041890726735194,74,1.437329717213288,2.367688940315011e-05,14,100.0,0.008306282366576948,-1.0
0.09437121202548344,0.002881078173716863,75,1.4591361798811704,1.951128620040094e-05,14,99.84210526315789,0.010031541407500443,-1.0
0.09285584135601918,0.002269873054077228,76,1.4271637927740812,1.6094271405406862e-05,14,99.84210526315789,0.010064195574898469,-1.0
0.09280739400225381,0.0029481720024098954,77,1.4366146009415388,1.3431113807311488e-05,14,99.94736842105263,0.007798493915286503,-1.0
0.09275356718959908,0.0029026083337763946,78,1.4351954630110413,1.1525919802101659e-05,14,99.94736842105263,0.010211970744360435,-1.0
0.09357748224089543,0.0031769550871104,79,1.451558052096516,1.0381627060842164e-05,14,99.89473684210526,0.010075588091031502,-1.0
0.0935152815344433,0.0019118758073697487,80,1.4316628130618483,1e-05,14,100.0,0.0086515952489878,-1.0
0.09378726482100319,0.01338980942091439,1,1.7151087319944054,0.000999618372939158,15,17.00000001192093,2.3328273944854736,-1.0
0.09293310715293046,0.0017493301565991715,2,1.5152050461620092,0.0009984740801978985,15,23.050000023841857,2.0518741455078127,-1.0
0.0918542520957999,0.0030689442064613104,3,1.5190589430276304,0.0009965688861926887,15,26.09999998807907,1.9480662832260132,-1.0
0.09219226987625007,0.0017134971858467907,4,1.5027606659568846,0.0009939057285945933,15,30.300000071525574,1.887684938430786,-1.0
0.0916626168473158,0.0020927133300574496,5,1.5003345168661326,0.0009904887137995992,15,31.55,1.8155036001205445,-1.0
0.09269572906487156,0.0029391520511126146,6,1.530415483051911,0.00098632311059685,15,32.650000023841855,1.787577085494995,-1.0
0.0928577090089675,0.0022882689954712987,7,1.5225770601537079,0.0009814153420445555,15,35.89999997615814,1.721754301071167,-1.0
0.09309444535756484,0.0019401261524762958,8,1.5208027090411633,0.0009757729755661012,15,36.85000007152557,1.6910236225128175,-1.0
0.09254636988043785,0.0028375414985930547,9,1.526383413001895,0.0009694047112816298,15,39.10000007152557,1.6376484508514404,-1.0
0.09244895463052671,0.0018187563691753894,10,1.5085326901171356,0.0009623203685930871,15,39.40000004768372,1.646399263381958,-1.0
0.0941144209500635,0.0016285610618069768,11,1.532126230187714,0.0009545308710434153,15,41.25,1.5455124959945679,-1.0
0.07762017667118926,0.0027100085862912238,12,1.285523674916476,0.0009460482294732422,15,44.35000007152557,1.4913735504150392,-1.0
0.09862245514523238,0.0016224779828917235,13,1.6041614329442382,0.0009368855235010348,15,44.95000009536743,1.486894464492798,-1.0
0.09944386580900755,0.003096879125223495,14,1.6408920199610293,0.0009270568813552758,15,48.350000047683714,1.397247365951538,-1.0
0.10013818787410855,0.0024157023144653067,15,1.6411028439179063,0.0009165774580897602,15,49.850000095367434,1.359054536819458,-1.0
0.10087840195046738,0.0015896150580374524,16,1.6397460580337793,0.0009054634122155992,15,51.25000004768371,1.3111338872909546,-1.0
0.09547347547777463,0.0015992132102837786,17,1.5533991830889136,0.0008937318807859689,15,51.05000009536743,1.3139361972808838,-1.0
0.0691826376132667,0.0025082091888180003,18,1.1472920861560851,0.0008814009529720156,15,53.600000047683714,1.2429948825836181,-1.0
0.08042972566909157,0.0023345494555542246,19,1.3244692629668862,0.0008684896421706646,15,55.250000143051146,1.1899080905914308,-1.0
0.07291412244376261,0.0028083685610909015,20,1.2117934259586036,0.0008550178566873412,15,55.00000004768371,1.1985801372528075,-1.0
0.08594417545828037,0.0016302979784086347,21,1.4014312140643597,0.0008410063690388064,15,56.95000014305115,1.1305786094665526,-1.0
0.09803782518429216,0.0017587943148100749,22,1.5969901978969574,0.0008264767839234412,15,56.450000047683716,1.1071546897888183,-1.0
0.08034766050695907,0.0018250092398375273,23,1.3150067019741982,0.000811451504908368,15,62.900000143051145,1.00024618434906,-1.0
0.06811226131685544,0.0024736060004215688,24,1.1296171308495104,0.0007959536998847743,15,65.2,0.9484129099845886,-1.0
0.06607968788011931,0.0016696149396011606,25,1.0842302669771016,0.0007800072653447032,15,67.00000004768371,0.8951933603286744,-1.0
0.06063111034745816,0.0016125600959639996,26,0.9961478698533028,0.0007636367895343947,15,67.10000014305115,0.9003791546821595,-1.0
0.09156693350814749,0.0028494018624769524,27,1.5109042399562895,0.0007468675145409928,15,70.24999995231629,0.7970870699882507,-1.0
0.09263675229158252,0.003198866397724487,28,1.5336161490995437,0.0007297252973710758,15,71.15,0.7947280583381653,-1.0
0.09151424173614942,0.0017064396961359307,29,1.4918129660654813,0.0007122365700810271,15,71.40000014305114,0.7750745944976807,-1.0
0.0925236457696883,0.0017159543494926766,30,1.5080766470637172,0.0006944282990207196,15,73.65,0.7239082269668579,-1.0
0.0924929088796489,0.001879566683783196,31,1.5102168240118772,0.0006763279432533592,15,77.19999995231629,0.6441526498794555,-1.0
0.09291241591563448,0.002539783890824765,32,1.5274761279579252,0.0006579634122155992,15,76.45,0.6294600019454956,-1.0
0.0918963316216832,0.002493576059350744,33,1.5105101999361068,0.000639363022683212,15,76.45000014305114,0.6576965222358704,-1.0
0.09214444320241455,0.001736979596898891,34,1.5023948529269546,0.0006205554551086735,15,80.15,0.5472137560844421,-1.0
0.09219198739447165,0.003225495674996637,35,1.5269281810615212,0.0006015697093979838,15,82.14999995231628,0.503498511314392,-1.0
0.09291625050536823,0.0026595403760438785,36,1.5294641819782555,0.0005824350601949146,15,83.69999995231629,0.4540610017776489,-1.0
0.09187601730809547,0.002462566888425499,37,1.509658708004281,0.0005631810117416299,15,84.15000009536743,0.42561346101760866,-1.0
0.09179438011778984,0.0027688738191500306,38,1.5132504208013415,0.0005438372523852835,15,84.80000009536744,0.402483083486557,-1.0
0.092406370837125,0.0027350379823474213,39,1.5225112838670611,0.0005244336088007391,15,87.20000014305114,0.3630116119384766,-1.0
0.09253675004583783,0.0016921875212574378,40,1.5079072378575802,0.0005050000000000001,15,87.75000004768371,0.33284314870834353,-1.0
0.09216127076069824,0.0033051639329642057,41,1.5277575361542404,0.0004855663911992613,15,88.70000014305114,0.3121932275295258,-1.0
0.09172483888687566,0.002715121110668406,42,1.5113263800740242,0.00046616274761471693,15,89.75000004768371,0.29159361124038696,-1.0
0.0921273076965008,0.0032570593029959127,43,1.526439717039466,0.00044681898825837057,15,92.4,0.22381081461906432,-1.0
0.09203263645758852,0.0019805836636805907,44,1.5044525831472129,0.000427564939805086,15,93.55000004768371,0.1993545081615448,-1.0
0.09258275537285954,0.002103071194142103,45,1.5152127828914672,0.00040843029060201667,15,93.29999995231628,0.20318973135948182,-1.0
0.09202698759327177,0.0032009189744712785,46,1.523894407087937,0.000389444544891327,15,94.80000009536744,0.1561248096227646,-1.0
0.09172441156988498,0.0026346599333919585,47,1.5099891189020127,0.0003706369773167883,15,95.70000014305114,0.1372453682422638,-1.0
0.09167777525726706,0.0026228428032482043,48,1.5090730038937181,0.0003520365877844012,15,97.10000009536743,0.10229076504707336,-1.0
0.09221555695694406,0.0027169177337782457,49,1.5191796249710023,0.0003336720567466412,15,97.09999995231628,0.10102560222148896,-1.0
0.0926419493771391,0.002227505756309256,50,1.5181722028646618,0.0003155717009792807,15,97.35000014305115,0.08896282660961151,-1.0
0.09271196309418883,0.0028177524654893205,51,1.5287250229157507,0.00029776342991897335,15,98.5,0.06762821984291077,-1.0
0.09177653105871286,0.0022131467558210716,52,1.504080032929778,0.00028027470262892445,15,97.80000009536744,0.07338475900888443,-1.0
0.09166675955930259,0.0027278440102236345,53,1.5105733850505203,0.0002631324854590073,15,98.50000004768371,0.062439171344041824,-1.0
0.09107879704970401,0.0021288319549057633,54,1.491625779075548,0.0002463632104656054,15,98.90000009536743,0.05158259257674217,-1.0
0.09283730930474121,0.0024130883248290047,55,1.5242977989837527,0.0002299927346552969,15,99.45000004768372,0.03881770020723343,-1.0
0.09233965136809275,0.0019180366361979395,56,1.5084144950378686,0.00021404630011522587,15,99.3,0.03383867874741554,-1.0
0.09171944877016358,0.002875042162486352,57,1.5138111440464854,0.00019854849509163232,15,99.4,0.028793249636888504,-1.0
0.09281768139044289,0.0015693384921178222,58,1.510444917017594,0.00018352321607655918,15,99.54999995231628,0.02949387526512146,-1.0
0.09200327096914407,0.002161772907129489,59,1.5068889930844307,0.00016899363096119395,15,99.55,0.028619336619973183,-1.0
0.09233722729550209,0.0022576007613679394,60,1.5137634980492294,0.000154982143312659,15,99.65,0.026338251918554306,-1.0
0.09199941135011613,0.00236802757717669,61,1.5101269439328462,0.0001415103578293356,15,99.7,0.01964004749804735,-1.0
0.0920428703102516,0.003105013631284237,62,1.522607245016843,0.0001285990470279847,15,99.8,0.019577703058719635,-1.0
0.09139558589959051,0.0032000449718907475,63,1.5137693730648607,0.0001162681192140312,15,99.9,0.014887974411249161,-1.0
0.09223542749532498,0.0025952476280508563,64,1.5175388141069561,0.00010453658778440107,15,99.75,0.014884118624031543,-1.0
0.09214393775619101,0.001827562300604768,65,1.5038346559740603,9.342254191024022e-05,15,99.95,0.014285680949687957,-1.0
0.09251575257803779,0.0028683257260126993,66,1.526434537023306,8.294311864472437e-05,15,99.9,0.012995091393589973,-1.0
0.09193455289641861,0.003289367101388052,67,1.5238325439859182,7.311447649896551e-05,15,99.9,0.011520473584532738,-1.0
0.09195474382431712,0.002875023303204216,68,1.5175195189658552,6.395177052675794e-05,15,100.0,0.011941480666399003,-1.0
0.09272999715176411,0.0028740262205246836,69,1.5299243729095906,5.546912895658472e-05,15,100.0,0.011550200432538986,-1.0
0.09220784185163211,0.002873412158805877,70,1.5215794229879975,4.767963140691306e-05,15,99.75,0.014102958615869283,-1.0
0.09246211107529234,0.0030078168056206778,71,1.5278204870410264,4.059528871837034e-05,15,99.95,0.011349748358130456,-1.0
0.09240901275188662,0.0028988588746869937,72,1.5251742789987475,3.4227024433899e-05,15,100.0,0.00973772157728672,-1.0
0.09187060726981144,0.001955754545633681,73,1.5014716228470206,2.8584657955444653e-05,15,99.95,0.010172979954630136,-1.0
0.09116257152345497,0.003825600040727295,74,1.5200568449217826,2.367688940315011e-05,15,100.0,0.00943533356487751,-1.0
0.09022674076550175,0.0032225474278675392,75,1.4954460470471531,1.951128620040094e-05,15,99.95,0.008660389598459006,-1.0
0.09162268527143169,0.0023510202881880105,76,1.5039037561509758,1.6094271405406862e-05,15,99.95000004768372,0.008713535495102405,-1.0
0.09164820906880777,0.003499830621876754,77,1.52266632206738,1.3431113807311488e-05,15,99.95,0.010307127647101878,-1.0
0.09168692203820683,0.0027619382162811235,78,1.5114724799059331,1.1525919802101659e-05,15,100.0,0.008794804826378823,-1.0
0.09169760541408323,0.0022939854679862037,79,1.5041156590450555,1.0381627060842164e-05,15,100.0,0.008483848512172699,-1.0
0.09136236722406466,0.0016920517082326114,80,1.4891585051082075,1e-05,15,100.0,0.009171353355050087,-1.0
0.09434373846606296,0.011150839177015074,1,1.7937602079473436,0.000999618372939158,16,17.76190476900055,2.322107224691482,-1.0
0.0903550994116813,0.0017742191797451062,2,1.5665198690257967,0.0009984740801978985,16,23.571428571428573,2.0406093506585985,-1.0
0.09225133910556049,0.002469418543007444,3,1.6108012420590967,0.0009965688861926887,16,25.714285771052044,1.9726386658350628,-1.0
0.09121777906137354,0.001799217178760206,4,1.5815363170113415,0.0009939057285945933,16,27.857142908232554,1.9251202676409767,-1.0
0.09128178730059196,0.0017471355933915166,5,1.5817415229976177,0.0009904887137995992,16,29.047619070325577,1.855916095234099,-1.0
0.09034129032207762,0.0022258077994646397,6,1.5738801369443536,0.00098632311059685,16,33.00000002270653,1.7739822535287766,-1.0
0.09146407668424003,0.0023732391350409564,7,1.595487368060276,0.0009814153420445555,16,34.80952383790697,1.727798809323992,-1.0
0.09149079028900493,0.0031736890018424567,8,1.6095455829054117,0.0009757729755661012,16,34.90476191611517,1.7147811676207043,-1.0
0.09220673877965002,0.003291870330405586,9,1.6237199099268764,0.0009694047112816298,16,39.190476252919154,1.625278626623608,-1.0
0.0918361397651846,0.003198880181812188,10,1.6158485389314592,0.0009623203685930871,16,39.38095240933554,1.6055607180368332,-1.0
0.07961033077855759,0.0023255668005303424,11,1.3931561070494354,0.0009545308710434153,16,40.380952420688814,1.5715075967425391,-1.0
0.09858766863779987,0.0017897519967792666,12,1.7066758500877768,0.0009460482294732422,16,43.23809528918493,1.5334849246342976,-1.0
0.09830130166921984,0.001982881975195864,13,1.7050762299913913,0.0009368855235010348,16,44.761904778934664,1.4678601594198317,-1.0
0.10019727404612828,0.00276791283806019,14,1.7506527949590236,0.0009270568813552758,16,44.952380992117384,1.4302427310035342,-1.0
0.10044842376373708,0.0017752837636234129,15,1.7380896790418774,0.0009165774580897602,16,47.14285718259357,1.4145448895863124,-1.0
0.10050244059632807,0.003100124584949192,16,1.7615388801787049,0.0009054634122155992,16,48.19047623021262,1.3761465513138544,-1.0
0.04898739675991237,0.002467199817628545,17,0.8749655680730939,0.0008937318807859689,16,49.14285722233,1.332822577839806,-1.0
0.08248035872683805,0.0019987316336482763,18,1.4363801288418472,0.0008814009529720156,16,50.90476194449833,1.3003878854569935,-1.0
0.08345016249565079,0.0019444991587935126,19,1.4519997239112854,0.0008684896421706646,16,53.61904766446068,1.2271790210405986,-1.0
0.09668414858991609,0.0019505540566409334,20,1.6770511260256171,0.0008550178566873412,16,53.809523843583605,1.207798594066075,-1.0
0.09858952650307294,0.0021751397974131737,21,1.713335711043328,0.0008410063690388064,16,56.142857131503874,1.1600723044077554,-1.0
0.07672736873192822,0.002814611735041527,22,1.3524516739416867,0.0008264767839234412,16,56.47619051025028,1.1444998809269495,-1.0
0.06524607666548998,0.0018359557451570734,23,1.140635933028534,0.000811451504908368,16,60.42857147398449,1.0667699643543789,-1.0
0.06679188805248808,0.0022946923067245413,24,1.1747084110975266,0.0007959536998847743,16,62.952380941027684,1.0057935603459676,-1.0
0.06235800034311764,0.0017956212464281742,25,1.090848081978038,0.0007800072653447032,16,63.4761906010764,0.9873473405838012,-1.0
0.0872339721330825,0.0029355095672037672,26,1.5331166109535843,0.0007636367895343947,16,65.66666676884606,0.9416102821486337,-1.0
0.0928642213865019,0.0025144743267446756,27,1.6216706850100309,0.0007468675145409928,16,64.33333335603986,0.9349446137746175,-1.0
0.0920117845183567,0.002053030711763045,28,1.5993873681873083,0.0007297252973710758,16,68.23809523809524,0.855632509390513,-1.0
0.09109927252318491,0.0024182116064955204,29,1.5900669840630144,0.0007122365700810271,16,69.19047621318272,0.8305236054602123,-1.0
0.0913583007230259,0.001987105399808463,30,1.5871075268369168,0.0006944282990207196,16,69.71428572563897,0.8003534332911173,-1.0
0.09151275988722987,0.002074452117085457,31,1.59122136188671,0.0006763279432533592,16,71.71428578240531,0.749585154056549,-1.0
0.09148678135619882,0.002720121349043706,32,1.6017655779141933,0.0006579634122155992,16,74.14285722233001,0.7212462380954198,-1.0
0.09238327289109721,0.0034800876370247673,33,1.629914325894788,0.000639363022683212,16,75.0000001362392,0.68311067762829,-1.0
0.09133784205871909,0.002928589771994773,34,1.60277481819503,0.0006205554551086735,16,76.14285722233001,0.635517977305821,-1.0
0.09132231039214223,0.0022901839521877907,35,1.5916640011128038,0.0006015697093979838,16,78.28571438789368,0.5971929234550113,-1.0
0.09148361869430278,0.0025983257767032177,36,1.5996802859008312,0.0005824350601949146,16,80.28571436518715,0.5520138641766139,-1.0
0.0920113404007519,0.00236460889744408,37,1.6046823938377202,0.0005631810117416299,16,81.33333339009967,0.5108057628359114,-1.0
0.0911201187683379,0.001968464649775449,38,1.5827465578913689,0.0005438372523852835,16,80.04761918385823,0.5212035986355373,-1.0
0.09160081339616548,0.002884977428680834,39,1.6065097711980343,0.0005244336088007391,16,84.0476191270919,0.4514121063550313,-1.0
0.0913662005435018,0.002799745457356467,40,1.6011066799983382,0.0005050000000000001,16,84.19047621318272,0.4170703532582238,-1.0
0.09078054262927789,0.0017848815495038733,41,1.5738418351393193,0.0004855663911992613,16,86.33333342415946,0.38170314147358847,-1.0
0.0917900998474044,0.0016102246830568595,42,1.5880441761109978,0.00046616274761471693,16,87.666666723433,0.35102905120168415,-1.0
0.09078257070744739,0.0028340656392495424,43,1.5918047609739006,0.00044681898825837057,16,89.90476204100109,0.2940053492500668,-1.0
0.09084473158616353,0.0025060514727716938,44,1.5872504420112818,0.000427564939805086,16,91.66666679155259,0.2583684265613556,-1.0
0.09266813318519031,0.0024576949311749022,45,1.6174462479539216,0.00040843029060201667,16,91.3809525398981,0.24448648642925988,-1.0
0.0921711191699347,0.003321382121237762,46,1.6236214451491833,0.000389444544891327,16,91.38095250583831,0.2366375815584546,-1.0
0.09228676139815327,0.0027972904362660997,47,1.6166673279367387,0.0003706369773167883,16,94.2857144106002,0.1825378700948897,-1.0
0.09036040511530112,0.0021909668849890724,48,1.5736097590997815,0.0003520365877844012,16,94.52380968275524,0.1712926451365153,-1.0
0.09110640461885315,0.001928017324055819,49,1.5818368310574442,0.0003336720567466412,16,95.33333345821926,0.15027201868238904,-1.0
0.09065568874425747,0.0021128457943525385,50,1.577304685022682,0.0003155717009792807,16,95.5714287303743,0.14188742498556772,-1.0
0.09162318084717673,0.002449210568824235,51,1.5994712749961764,0.00029776342991897335,16,95.66666674613953,0.12841793836582274,-1.0
0.08991795920712106,0.0018548594979459748,52,1.5603748629800975,0.00028027470262892445,16,96.28571428571429,0.10729851084805671,-1.0
0.09137045257889173,0.002959016422905466,53,1.6038402318954468,0.0002631324854590073,16,97.52380960328239,0.08505047800995055,-1.0
0.09192002820782363,0.0027718045611811034,54,1.6100017670542002,0.0002463632104656054,16,98.04761904761905,0.07676413714885712,-1.0
0.09176774492816013,0.002206811243120362,55,1.5978644900023937,0.0002299927346552969,16,98.47619058972313,0.06270040668901943,-1.0
0.09145341997089632,0.002674694625003373,56,1.6004544321913272,0.00021404630011522587,16,98.95238095238095,0.05660486128358614,-1.0
0.0909614903605817,0.0020904796992373817,57,1.5821289189625531,0.00019854849509163232,16,99.0476191611517,0.04647279865684963,-1.0
0.0915749187252539,0.0025605891612084475,58,1.6005454661790282,0.00018352321607655918,16,99.71428571428571,0.03879759588411876,-1.0
0.09118866041193113,0.0018830503035775002,59,1.5824884460307658,0.00016899363096119395,16,99.52380960328239,0.03442233123949596,-1.0
0.09065165902104448,0.0025197416270042166,60,1.5841569958720356,0.000154982143312659,16,99.23809523809524,0.03779202361901601,-1.0
0.09055980371640009,0.0023952136911890086,61,1.5805288751143962,0.0001415103578293356,16,99.80952380952381,0.028180152475833893,-1.0
0.09059254181406953,0.0015412902952555347,62,1.5665758969262242,0.0001285990470279847,16,99.57142857142857,0.027871589227801277,-1.0
0.09003417470547206,0.0020828610012198195,63,1.5662429078947753,0.0001162681192140312,16,99.61904761904762,0.029508236082536835,-1.0
0.0906839926918859,0.0029541391276699655,64,1.5921129579655826,0.00010453658778440107,16,99.66666666666667,0.02491191335377239,-1.0
0.09055534626959878,0.002598700373817016,65,1.5839164690114558,9.342254191024022e-05,16,99.76190487543742,0.02199101196868079,-1.0
0.09159101002082667,0.0027638696791494593,66,1.6042931450065225,8.294311864472437e-05,16,99.9047619047619,0.01993968055361793,-1.0
0.09166023667956538,0.0017080227844417095,67,1.5875796780455858,7.311447649896551e-05,16,99.57142861684163,0.021135454901627132,-1.0
0.09082361740772338,0.001732747768983245,68,1.5737743419595063,6.395177052675794e-05,16,99.85714297067551,0.020424754137084597,-1.0
0.09191567983533092,0.0017246802830520797,69,1.592145279981196,5.546912895658472e-05,16,99.95238095238095,0.015348307224256652,-1.0
0.0909194952726145,0.0017868805512347642,70,1.5762401069514453,4.767963140691306e-05,16,99.85714297067551,0.018760338056655158,-1.0
0.09018545133499976,0.0017520135460311875,71,1.5631744489073753,4.059528871837034e-05,16,99.95238095238095,0.014669843567978768,-1.0
0.08977321924313027,0.0027282287037986167,72,1.5727692309301347,3.4227024433899e-05,16,99.9047619047619,0.017222336418926718,-1.0
0.0909332676023683,0.001845569527872345,73,1.5774824949912727,2.8584657955444653e-05,16,100.0,0.013704316484786216,-1.0
0.09216256491730318,0.00281799043638303,74,1.6149141578935087,2.367688940315011e-05,16,99.9047619047619,0.015621524018545946,-1.0
0.09154345336205819,0.0015799325808663579,75,1.5833458742126822,1.951128620040094e-05,16,99.85714285714286,0.01773096305983407,-1.0
0.09104685240206034,0.0015353409518652102,76,1.574151457985863,1.6094271405406862e-05,16,99.9047619047619,0.014692276489166987,-1.0
0.09122541823479183,0.0015367831185679225,77,1.577220838982612,1.3431113807311488e-05,16,99.80952388899667,0.014791778780165172,-1.0
0.09052083486526766,0.001772534252856584,78,1.5692484360188246,1.1525919802101659e-05,16,99.85714285714286,0.013503775710151308,-1.0
0.09012662441305377,0.0020010085256003283,79,1.5664393939077854,1.0381627060842164e-05,16,99.85714285714286,0.014339661598205567,-1.0
0.09124612791792434,0.0021420640816145085,80,1.5878322031348944,1e-05,16,99.95238095238095,0.013853904700704984,-1.0
0.09327698835275239,0.009984000262597369,1,1.8589610802009702,0.000999618372939158,17,17.95454546538266,2.2686350883137094,-1.0
0.09077520486122619,0.00215625769406971,2,1.6730403271503747,0.0009984740801978985,17,24.181818203492597,2.073306163441051,-1.0
0.09023208806239483,0.0014876367705356744,3,1.6512168999761343,0.0009965688861926887,17,25.681818181818183,1.9724467606977982,-1.0
0.09127196465204987,0.001526317015911142,4,1.670624643098563,0.0009939057285945933,17,27.454545454545453,1.9369736827503552,-1.0
0.09026215318590403,0.001717047752915985,5,1.6558575939852744,0.0009904887137995992,17,30.318181829019025,1.8537455064600163,-1.0
0.090795284939102,0.0023002705614392958,6,1.6759501139167696,0.00098632311059685,17,31.454545454545453,1.814430847601457,-1.0
0.0910226831652431,0.002716710790991783,7,1.687562390929088,0.0009814153420445555,17,33.86363638531078,1.7768786759810014,-1.0
0.09152430972446585,0.0027022304970564116,8,1.6963231530971825,0.0009757729755661012,17,35.86363637447357,1.7104228353500366,-1.0
0.08947976197426517,0.002558952908859485,9,1.6569458309095353,0.0009694047112816298,17,35.95454545454545,1.6875600914521651,-1.0
0.081783344464687,0.002479864206785957,10,1.5169743918813765,0.0009623203685930871,17,37.59090909090909,1.674515367421237,-1.0
0.09843268981462137,0.001447693017932276,11,1.7980871708132327,0.0009545308710434153,17,36.77272729440169,1.649026836048473,-1.0
0.0992965263236935,0.0023447211780067948,12,1.8297865700442344,0.0009460482294732422,17,40.31818181818182,1.5946740024740045,-1.0
0.09964184840727183,0.001840829590542449,13,1.82696872507222,0.0009368855235010348,17,41.045454567128964,1.5525698917562312,-1.0
0.09918765683606681,0.0015586193314649993,14,1.8137132518459111,0.0009270568813552758,17,43.31818181818182,1.5233359596946023,-1.0
0.07281551107815984,0.0014766426368926961,15,1.337489312980324,0.0009165774580897602,17,45.22727277062156,1.4707232943448154,-1.0
0.06184110937950512,0.0028992598979837364,16,1.1655594159383327,0.0009054634122155992,17,45.22727273810994,1.4543106352199207,-1.0
0.06752046466701561,0.002527842155864669,17,1.261100088013336,0.0008937318807859689,17,46.727272748947144,1.383588187044317,-1.0
0.09126218582969159,0.0016438436642703083,18,1.6725971740670502,0.0008814009529720156,17,48.31818181818182,1.370954548662359,-1.0
0.09820423465377341,0.0018200483949234088,19,1.8007285518106073,0.0008684896421706646,17,49.86363636363637,1.3573571981083263,-1.0
0.1000198199827638,0.0021460979090382657,20,1.8392992608714849,0.0008550178566873412,17,53.181818225167014,1.2727747765454378,-1.0
0.08949627944578727,0.0017777489524127708,21,1.6432488160207868,0.0008410063690388064,17,54.0909091017463,1.2135535118796608,-1.0
0.06708559410698298,0.0020374904981710846,22,1.2444722978398204,0.0008264767839234412,17,54.40909095243974,1.2371259658986873,-1.0
0.06416958276855035,0.0015501487844934065,23,1.1831905110739172,0.000811451504908368,17,53.90909093076532,1.216872673034668,-1.0
0.0645092739076871,0.0017097065897865428,24,1.192177684046328,0.0007959536998847743,17,58.27272727272727,1.1126691714200108,-1.0
0.08669483115793103,0.0021200573408148354,25,1.5989021428395063,0.0007800072653447032,17,57.045454567128964,1.1365129085020584,-1.0
0.090058385174618,0.0015311164315789938,26,1.648855545790866,0.0007636367895343947,17,60.318181829019025,1.0823845880681817,-1.0
0.09107086195662203,0.002040311254353987,27,1.6762493501883,0.0007468675145409928,17,62.545454567128964,0.9988486151261763,-1.0
0.090682076717106,0.0019200105064858992,28,1.6670746949966997,0.0007297252973710758,17,64.63636363636364,0.9427668623490767,-1.0
0.09066918513013257,0.0015997019880968663,29,1.6610813799779862,0.0007122365700810271,17,65.13636367971247,0.9014699504592202,-1.0
0.09066533198994067,0.0017313927851824297,30,1.6633998840115964,0.0006944282990207196,17,65.45454547621988,0.9115019989013672,-1.0
0.0911861172515071,0.0017502130811206168,31,1.6730998139828444,0.0006763279432533592,17,67.5909091125835,0.8827062676169656,-1.0
0.09076947016486277,0.0014778116148793036,32,1.660696388920769,0.0006579634122155992,17,67.31818182901903,0.8651428638805042,-1.0
0.09067245929812391,0.0016504274293159444,33,1.6620502769947052,0.000639363022683212,17,70.31818183985624,0.7920089996944775,-1.0
0.09110802454718699,0.0014914333975563447,34,1.6670446749776602,0.0006205554551086735,17,72.5,0.7487760296734897,-1.0
0.08960041211038414,0.001986502889647252,35,1.6487990519963205,0.0006015697093979838,17,74.31818186153065,0.7043436828526584,-1.0
0.09157208592579183,0.0015316716809239653,36,1.6761087188497186,0.0005824350601949146,17,77.22727277062155,0.6149531312422319,-1.0
0.0899937454636933,0.002976838085386488,37,1.6737017699051648,0.0005631810117416299,17,77.18181822516702,0.6453845396908847,-1.0
0.09065467820295857,0.0016268962968347801,38,1.6613108648452908,0.0005438372523852835,17,76.86363636363636,0.6192336188663136,-1.0
0.0901829266998296,0.002512879799016648,39,1.6687691940460354,0.0005244336088007391,17,80.31818186153065,0.5368164738741787,-1.0
0.09062199205315362,0.0017319430027984912,40,1.6626146470662206,0.0005050000000000001,17,81.22727274894714,0.5274275888096203,-1.0
0.09061710579165567,0.002899926091130409,41,1.6835395528469235,0.0004855663911992613,17,83.63636365803805,0.46189021652395074,-1.0
0.09081059526134697,0.002307039517391887,42,1.6763613608200103,0.00046616274761471693,17,83.77272729440169,0.4446808910369873,-1.0
0.09039602924086568,0.0019149740304177005,43,1.661839430918917,0.00044681898825837057,17,84.54545454545455,0.4379961802742698,-1.0
0.0906005615575446,0.0018910891635136472,44,1.6650797980837524,0.000427564939805086,17,84.00000002167441,0.43742417443882337,-1.0
0.0901816989838456,0.002301201353677445,45,1.6649253859650344,0.00040843029060201667,17,85.09090913425793,0.3986836843057112,-1.0
0.09022976769807024,0.0016598944138321611,46,1.6542480380740017,0.000389444544891327,17,87.77272727272727,0.35315318020907316,-1.0
0.09129923075023624,0.001663142698816955,47,1.6735540479421616,0.0003706369773167883,17,89.86363638531078,0.3036453899470243,-1.0
0.09031564794066879,0.0021530843417470655,48,1.664683499140665,0.0003520365877844012,17,89.7727273160761,0.2927209013158625,-1.0
0.09052231726754043,0.0018265246827569273,49,1.6625296189449728,0.0003336720567466412,17,91.54545454545455,0.25160060925917194,-1.0
0.09031476834530218,0.001761900545615289,50,1.6576266889460385,0.0003155717009792807,17,93.18181822516702,0.2090469880266623,-1.0
0.09001316377220468,0.0020683823386207223,51,1.657707768958062,0.00029776342991897335,17,93.81818183985624,0.1850433641130274,-1.0
0.09044827672187239,0.0017055972194713023,52,1.659004732966423,0.00028027470262892445,17,94.04545456712896,0.1780041164701635,-1.0
0.09034404203864849,0.001539723068061802,53,1.6541482219472528,0.0002631324854590073,17,94.18181818181819,0.1801573060317473,-1.0
0.0911923535556222,0.0020063687245258028,54,1.6778237309772521,0.0002463632104656054,17,95.45454549789429,0.14506767316298053,-1.0
0.09077311829767293,0.0019037049237845673,55,1.6684158279094845,0.0002299927346552969,17,94.95454549789429,0.1567733951590278,-1.0
0.09065851095753412,0.0020840163213304346,56,1.6696588699705899,0.00021404630011522587,17,96.72727274894714,0.12055143136869777,-1.0
0.09104291037915067,0.0016414890738411082,57,1.6686073229648173,0.00019854849509163232,17,97.63636363636364,0.09974925713105635,-1.0
0.09098987996629956,0.0016389556436075105,58,1.667608765186742,0.00018352321607655918,17,98.00000004334883,0.08118707174604589,-1.0
0.09060862214149286,0.0021503623574972153,59,1.6699686828069389,0.00016899363096119395,17,98.31818181818181,0.07073934479193254,-1.0
0.09058723841897315,0.001984590470480422,60,1.6666132109239697,0.000154982143312659,17,98.00000002167441,0.07840722701766274,-1.0
0.09079065874943303,0.00243689581596603,61,1.678382330806926,0.0001415103578293356,17,98.4090909090909,0.06971268599683589,-1.0
0.09104492224287242,0.0020012743124324414,62,1.6751264210324734,0.0001285990470279847,17,98.72727272727273,0.057980395474217156,-1.0
0.09042335809984554,0.002021814670620693,63,1.6643121389206499,0.0001162681192140312,17,98.68181818181819,0.054733809408816426,-1.0
0.09072080840511869,0.0017594213131815195,64,1.6648847959004343,0.00010453658778440107,17,98.81818181818181,0.05433914379640059,-1.0
0.0907954549184069,0.0017363659183805187,65,1.6658049139659852,9.342254191024022e-05,17,99.40909095243974,0.04166414900259538,-1.0
0.09064591934697495,0.0016964374808594584,66,1.6624053670093417,8.294311864472437e-05,17,99.45454545454545,0.04070829522880641,-1.0
0.09040260763787147,0.001907981479436987,67,1.6618332890793681,7.311447649896551e-05,17,99.54545454545455,0.03374904689463702,-1.0
0.0898639693364708,0.0027371463883254263,68,1.6670612141024321,6.395177052675794e-05,17,99.77272727272727,0.03026240110397339,-1.0
0.09089816246543908,0.0017017731443047523,69,1.6670407231431454,5.546912895658472e-05,17,99.77272727272727,0.030473644625056872,-1.0
0.09017405344638973,0.0022704629356869394,70,1.6642404540907592,4.767963140691306e-05,17,99.8636364069852,0.024699560430916874,-1.0
0.09087127739460105,0.0015664020449750954,71,1.6641255309805274,4.059528871837034e-05,17,99.68181822516702,0.02971816049380736,-1.0
0.09055764172484891,0.0014625423355028033,72,1.6566015498246998,3.4227024433899e-05,17,99.3636364069852,0.03530275298790498,-1.0
0.09015884324132155,0.0026715598069131374,73,1.6711847209371626,2.8584657955444653e-05,17,99.68181822516702,0.02702820152044296,-1.0
0.09063415023653458,0.0026819430317522753,74,1.6799302101135254,2.367688940315011e-05,17,99.72727272727273,0.025917775414206767,-1.0
0.09109731155654623,0.0016102166070292394,75,1.6689818669110537,1.951128620040094e-05,17,99.68181822516702,0.02737803483551199,-1.0
0.09031179558951408,0.001824551908713248,76,1.6587008649948984,1.6094271405406862e-05,17,99.81818186153065,0.02459231265566566,-1.0
0.08986499877129164,0.0015468147919616764,77,1.6456546671688557,1.3431113807311488e-05,17,99.7727273160761,0.023225828598846088,-1.0
0.09103467259814756,0.0019019984045169419,78,1.673100678017363,1.1525919802101659e-05,17,99.77272727272727,0.022425489940426566,-1.0
0.09032430770134346,0.0019140314026218322,79,1.6605288721621037,1.0381627060842164e-05,17,99.9090909090909,0.025228171633048493,-1.0
0.0912373007611475,0.0014693069064782725,80,1.6689611310139298,1e-05,17,99.9090909090909,0.019234134717421098,-1.0
0.09569305502292183,0.01129020953602675,1,1.926045972853899,0.000999618372939158,18,17.260869492655214,2.2915001566513724,-1.0
0.09362242395420456,0.0015419296558118528,2,1.7132474288810045,0.0009984740801978985,18,23.391304311545,2.0585463080198867,-1.0
0.09330873627267364,0.0017734619452514583,3,1.7117599879857153,0.0009965688861926887,18,25.043478167575337,1.9574162205405856,-1.0
0.09371175331115308,0.0015595021864606275,4,1.7151565391104668,0.0009939057285945933,18,28.65217387157938,1.9060922423652982,-1.0
0.09389361351107557,0.0016395245006100999,5,1.7199237439781427,0.0009904887137995992,18,28.913043509358946,1.8663688319662344,-1.0
0.09313152060430083,0.002783040787714223,6,1.7267405819147825,0.00098632311059685,18,33.39130430117898,1.7851295560339222,-1.0
0.09311873798206863,0.0021142271838875282,7,1.7144484650343657,0.0009814153420445555,18,33.78260861790699,1.745828384316486,-1.0
0.09298611261571448,0.0017303793898059262,8,1.7051431250292808,0.0009757729755661012,18,35.91304343161376,1.6844594401898592,-1.0
0.09019573147977805,0.0018763786259417732,9,1.6575404859613627,0.0009694047112816298,18,37.95652171321537,1.6284164032728776,-1.0
0.09285998213777526,0.0017442675824794504,10,1.7031388089526445,0.0009623203685930871,18,40.00000002073205,1.6067492885174959,-1.0
0.10013557673018011,0.0014772852106640737,11,1.829286436084658,0.0009545308710434153,18,40.043478203856424,1.572628205548162,-1.0
0.1012718697052656,0.0015664502926584748,12,1.8513761591166258,0.0009460482294732422,18,43.13043468413146,1.5157081471318783,-1.0
0.10221872229077336,0.002194508987789353,13,1.8797163411509246,0.0009368855235010348,18,45.608695652173914,1.4609137292530225,-1.0
0.10028767301183608,0.001819605990830395,14,1.8381789438426495,0.0009270568813552758,18,46.739130227462105,1.421763186869414,-1.0
0.06305082882237104,0.0017475547372466987,15,1.1666785448323935,0.0009165774580897602,18,46.13043467376543,1.42224657950194,-1.0
0.05789385601464245,0.002207596644034816,16,1.08209633291699,0.0009054634122155992,18,49.17391300201416,1.340878807772761,-1.0
0.0828825448665561,0.0021073679672554135,17,1.5300679260399193,0.0008937318807859689,18,50.82608692542367,1.3080854614921238,-1.0
0.09944378635069977,0.0023410736531433132,18,1.832379386993125,0.0008814009529720156,18,53.47826086956522,1.2574927562216054,-1.0
0.10242733408489989,0.002972028528650602,19,1.8974517220631242,0.0008684896421706646,18,55.652173788651176,1.203033686928127,-1.0
0.10215058198405637,0.0017177382897999552,20,1.8699328489601612,0.0008550178566873412,18,56.39130426489788,1.1706683345462965,-1.0
0.08150676637887955,0.0021518940080164205,21,1.5060989109333605,0.0008410063690388064,18,55.73913021709608,1.164490408482759,-1.0
0.0751898832903761,0.0014925851460753216,22,1.3805427988991141,0.0008264767839234412,18,60.30434769132863,1.0425515800973644,-1.0
0.0641174864075664,0.0015475448712499605,23,1.1822028120514005,0.000811451504908368,18,62.086956532105155,1.0264873869522757,-1.0
0.08124576651284264,0.001653415319095883,24,1.4924315619282424,0.0007959536998847743,18,63.95652164583621,0.9526040761367135,-1.0
0.09276361944567826,0.0014913254417479038,25,1.6968316407874227,0.0007800072653447032,18,66.43478237027708,0.9167844561908556,-1.0
0.09384339159199347,0.0015363638522103429,26,1.717083188937977,0.0007636367895343947,18,67.73913037258646,0.8791964767290198,-1.0
0.09389797855530763,0.002346007838948733,27,1.7326336679980159,0.0007468675145409928,18,68.60869550704956,0.8485537555943364,-1.0
0.09390831812440108,0.001690415432676673,28,1.7210194470826536,0.0007297252973710758,18,68.39130424416584,0.8249381857332976,-1.0
0.09392870231790261,0.0021226591844525603,29,1.7292286530137062,0.0007122365700810271,18,71.8260868528615,0.7588251666400744,-1.0
0.0938323772796947,0.001907555050113135,30,1.723613073118031,0.0006944282990207196,18,73.52173917189889,0.7082929826819379,-1.0
0.09309639788181004,0.0017637767725520665,31,1.7077324069105089,0.0006763279432533592,18,76.17391304347827,0.6586892454520515,-1.0
0.09500624522722016,0.001736450720474952,32,1.7416235199198127,0.0006579634122155992,18,77.6086955277816,0.611768741193025,-1.0
0.0934384291112009,0.00202292549268653,33,1.7185446419753134,0.000639363022683212,18,80.04347814684328,0.5526207731081092,-1.0
0.0927977155143809,0.0014759620470512244,34,1.6971716440748423,0.0006205554551086735,18,79.08695635588273,0.546495866879173,-1.0
0.09295693755201581,0.0015612103355427582,35,1.7015875331126153,0.0006015697093979838,18,82.52173895421235,0.4715972132268159,-1.0
0.09420944596382065,0.0020242618112307456,36,1.732455253135413,0.0005824350601949146,18,83.13043473077857,0.46775637046150537,-1.0
0.09419516247645435,0.0017059227555162376,37,1.7264680780936033,0.0005631810117416299,18,83.30434781572093,0.45618622645087864,-1.0
0.09308342880103737,0.0020024432516139415,38,1.7117992779240012,0.0005438372523852835,18,85.95652171839838,0.39546370734339176,-1.0
0.09403989345042242,0.0017943803815998966,39,1.7252658330835402,0.0005244336088007391,18,87.17391286725584,0.3562865702483965,-1.0
0.09431030712504354,0.001478785157410635,40,1.7244894590694457,0.0005050000000000001,18,87.69565202878869,0.337305698653926,-1.0
0.09345172114101136,0.0015734408516436815,41,1.7107027508318424,0.0004855663911992613,18,89.6956518629323,0.29709249195845233,-1.0
0.09404773666109476,0.0015197599487793115,42,1.7204658759292215,0.00046616274761471693,18,90.99999996890192,0.25934973115506377,-1.0
0.09448953852471378,0.001487481369016071,43,1.7278406091500074,0.00044681898825837057,18,92.56521731874217,0.2225832702284274,-1.0
0.09451497053830987,0.0014879915656314956,44,1.7283083510119468,0.000427564939805086,18,93.4347825050354,0.1932642413481422,-1.0
0.09390186412363416,0.0014462557543690007,45,1.7165130279026926,0.00040843029060201667,18,93.56521724618,0.18803431210310562,-1.0
0.0927833906478352,0.0015928973443806171,46,1.6990582309663296,0.000389444544891327,18,95.04347794988881,0.14801865652851437,-1.0
0.0937009026399917,0.0014753194603448112,47,1.713454490993172,0.0003706369773167883,18,95.82608688395956,0.13289499832236248,-1.0
0.09397302884867208,0.0016655084263119432,48,1.7217773059383035,0.0003520365877844012,18,97.91304328130639,0.0939462843666906,-1.0
0.09359462053463277,0.0017948990118586356,49,1.7173096488695592,0.0003336720567466412,18,97.91304328130639,0.07742197510988816,-1.0
0.09386884331858407,0.002699354689361321,50,1.7385232269298285,0.0003155717009792807,18,97.69565201842266,0.08186131613410037,-1.0
0.09324702003505081,0.001878791850888067,51,1.7125834519974887,0.00029776342991897335,18,98.04347826086956,0.06874149465042612,-1.0
0.09383951697964221,0.0020870691320548453,52,1.7269625149201602,0.00028027470262892445,18,98.47826071407484,0.05748440688071044,-1.0
0.09353544658774303,0.0015406229067593813,53,1.711660967906937,0.0002631324854590073,18,98.69565189403036,0.04475067084250243,-1.0
0.09367833987602757,0.001827273957638277,54,1.7193913550581783,0.0002463632104656054,18,98.99999972011732,0.04327378845733145,-1.0
0.09358128384014384,0.0018266068849091728,55,1.7176591982133687,0.0002299927346552969,18,99.47826063114664,0.031242536870033845,-1.0
0.09406875771108186,0.002003371961311334,56,1.7296329350210726,0.00021404630011522587,18,99.47826086956522,0.03106484770450903,-1.0
0.09414549338786553,0.0018035472862215505,57,1.7273609281983227,0.00019854849509163232,18,99.47826063114664,0.03136817142367363,-1.0
0.09413070667586806,0.001681043714698818,58,1.7249396790284663,0.00018352321607655918,18,99.73913043478261,0.021180556662704634,-1.0
0.09338558237585756,0.002624886394995782,59,1.7284776410087943,0.00016899363096119395,18,99.78260869565217,0.017196827859658263,-1.0
0.09421553814576732,0.002351433142191834,60,1.7384550559800118,0.000154982143312659,18,99.65217391304348,0.02135533576750237,-1.0
0.09310695359535101,0.001560885226354003,61,1.7042984848376364,0.0001415103578293356,18,99.73913015489993,0.01819686472415924,-1.0
0.09399947645660076,0.001915037269807524,62,1.7267249929718673,0.0001285990470279847,18,99.8695652173913,0.01764241167384645,-1.0
0.09417965018656105,0.001561086870626443,63,1.7236109729856253,0.0001162681192140312,18,99.73913043478261,0.015924696548153525,-1.0
0.09437166748102754,0.0018006286894281704,64,1.7313905339688063,0.00010453658778440107,18,99.91304347826087,0.013333272376786108,-1.0
0.0942009825957939,0.00184271568691151,65,1.7290574759244919,9.342254191024022e-05,18,99.8695652173913,0.012982314151266347,-1.0
0.0937674752333098,0.0016546191052637165,66,1.7178534800186753,8.294311864472437e-05,18,99.82608695652173,0.014728774365199648,-1.0
0.09377912701004082,0.002574629874693023,67,1.7346369670704007,7.311447649896551e-05,18,99.95652173913044,0.010687173747498056,-1.0
0.09389795899753356,0.0015485673858266738,68,1.7183617809787393,6.395177052675794e-05,18,99.91304347826087,0.011163114622721206,-1.0
0.09424459912245059,0.0024257839864326846,69,1.7403721739538014,5.546912895658472e-05,18,99.8695652173913,0.01061460998395215,-1.0
0.09394440896964322,0.002617229371228152,70,1.7384260748513043,4.767963140691306e-05,18,99.8695652173913,0.010253402700890665,-1.0
0.09426657915011877,0.0031352308578789234,71,1.753544989041984,4.059528871837034e-05,18,100.0,0.009429131313834502,-1.0
0.0938356220592848,0.0027372202085745004,72,1.7386051518842578,3.4227024433899e-05,18,99.95652173913044,0.008563201650977134,-1.0
0.09425122660791709,0.0019750800501141283,73,1.7323752329684794,2.8584657955444653e-05,18,100.0,0.008396142713887536,-1.0
0.09516413621087041,0.0030911775150646767,74,1.7689227280206978,2.367688940315011e-05,18,99.91304347826087,0.00821727446158943,-1.0
0.09340671841831256,0.0023899775308867297,75,1.7246347181499004,1.951128620040094e-05,18,99.95652173913044,0.007805236993438523,-1.0
0.0942807241032521,0.00188923306349251,76,1.7313813008368015,1.6094271405406862e-05,18,99.95652173913044,0.009190286789899287,-1.0
0.09403012730439918,0.0019566296444584927,77,1.7280726509634405,1.3431113807311488e-05,18,100.0,0.008157263030500515,-1.0
0.09396170324180275,0.0014868273736081189,78,1.7183571958448738,1.1525919802101659e-05,18,99.95652173913044,0.008332988665155742,-1.0
0.09426231678420056,0.0017141662667401964,79,1.7279462500009686,1.0381627060842164e-05,18,99.95652173913044,0.00876425011974314,-1.0
0.09439643030054867,0.0018925473042246369,80,1.7334938950370997,1e-05,18,100.0,0.007498392216537309,-1.0
0.09596113159664367,0.010696190360345338,1,2.026756797917187,0.000999618372939158,19,16.25,2.323503967920939,-1.0
0.09367886684393804,0.001936237523822408,2,1.8169953359756619,0.0009984740801978985,19,23.416666706403095,2.0667476415634156,-1.0
0.09255243921162266,0.0024060708911795366,3,1.8044753579888493,0.0009965688861926887,19,25.625000019868214,1.972046848932902,-1.0
0.09508824403593807,0.0014159525376989653,4,1.8338504298590124,0.0009939057285945933,19,28.25000003973643,1.922979524930318,-1.0
0.09396519098970059,0.0014760426956375962,5,1.8136847810819745,0.0009904887137995992,19,28.958333412806194,1.891301679611206,-1.0
0.09456557638354991,0.002529244882201678,6,1.8451649178750813,0.00098632311059685,19,32.70833341280619,1.8394838984807331,-1.0
0.09544755175317589,0.0022918815651026213,7,1.8573955020401627,0.0009814153420445555,19,32.33333341280619,1.7742181650797526,-1.0
0.08893293827330988,0.0021487719403873932,8,1.731083881109953,0.0009757729755661012,19,35.25000003973643,1.7430369075139363,-1.0
0.09471565682293945,0.0017312351785796253,9,1.8327368169557303,0.0009694047112816298,19,37.208333333333336,1.6720063543319703,-1.0
0.09996621482270329,0.002001569753414706,10,1.9376442909706384,0.0009623203685930871,19,37.583333333333336,1.666371766726176,-1.0
0.10261655190812521,0.0018541829317416016,11,1.9851905719842762,0.0009545308710434153,19,39.666666746139526,1.6067561864852906,-1.0
0.10225350646253087,0.001957440013556104,12,1.9802682627923787,0.0009460482294732422,19,42.291666666666664,1.5501391474405926,-1.0
0.08916498433896586,0.001694742921053579,13,1.7265747769270092,0.0009368855235010348,19,42.95833337306976,1.5065867932637533,-1.0
0.07406031545006524,0.00305732149679802,14,1.4654754928778857,0.0009270568813552758,19,44.7916667064031,1.4882815233866373,-1.0
0.04991701703616663,0.0022856114971402442,15,0.9921060460619628,0.0009165774580897602,19,44.791666666666664,1.4469151178995767,-1.0
0.08707459117776077,0.0020998065653992327,16,1.6945649629924446,0.0009054634122155992,19,46.45833341280619,1.4007148631413777,-1.0
0.10063732982809215,0.0022882918067472545,17,1.9558971370570362,0.0008937318807859689,19,49.79166682561239,1.345449498494466,-1.0
0.09975180361959103,0.0021056347453084433,18,1.9355866010300815,0.0008814009529720156,19,51.291666666666664,1.3076892868677774,-1.0
0.10250560603545684,0.0015102060217606393,19,1.9766062581911683,0.0008684896421706646,19,50.5,1.2889749972025553,-1.0
0.06259235410068772,0.0014271629533093226,20,1.2166655859909952,0.0008550178566873412,19,55.12500015894572,1.2036028575897217,-1.0
0.07382752637280837,0.0014597967781714704,21,1.4306992690544575,0.0008410063690388064,19,55.625,1.1848192167282106,-1.0
0.06592651523992811,0.0014348348087974284,22,1.280127614038065,0.0008264767839234412,19,56.7916667064031,1.1566193962097169,-1.0
0.09193299144604489,0.0015447651844863828,23,1.7763327290304005,0.000811451504908368,19,57.87500015894572,1.119102447827657,-1.0
0.09235913914285208,0.0014686510702104944,24,1.7829657911788672,0.0007959536998847743,19,61.12500007947286,1.047074309984843,-1.0
0.09410221837951165,0.0016437160390380182,25,1.8194150470662862,0.0007800072653447032,19,61.083333333333336,1.010120366414388,-1.0
0.09443537680138099,0.0023697679249667807,26,1.8395774990785867,0.0007636367895343947,19,63.12500015894572,0.9834827113151551,-1.0
0.09440368445786207,0.0014133290632774955,27,1.8208813229575753,0.0007468675145409928,19,66.54166682561238,0.8961421203613281,-1.0
0.09391763218139347,0.002096009710313458,28,1.8245138579513878,0.0007297252973710758,19,67.87500007947285,0.8586510856946309,-1.0
0.09428308846576042,0.0018392072647417847,29,1.8265858020167798,0.0007122365700810271,19,69.75,0.8192997201283773,-1.0
0.09427511312165543,0.002259440033843643,30,1.8344265650957823,0.0006944282990207196,19,70.41666682561238,0.7972904912630717,-1.0
0.09419665979466547,0.0015797310410753677,31,1.8200920368544757,0.0006763279432533592,19,72.00000015894572,0.763221275806427,-1.0
0.09348417015893287,0.002034377367970975,32,1.8151993320789188,0.0006579634122155992,19,75.29166674613953,0.6745150971412659,-1.0
0.09316870127804577,0.0025220395090352547,33,1.8183860071003437,0.000639363022683212,19,73.83333349227905,0.7045585854848226,-1.0
0.09369970148576326,0.0016855856183132058,34,1.812567634973675,0.0006205554551086735,19,74.33333333333333,0.6964848518371582,-1.0
0.09308614280368936,0.0018986634616004793,35,1.804956637090072,0.0006015697093979838,19,78.08333349227905,0.5902864742279053,-1.0
0.09359644882773098,0.0014089071191847324,36,1.8053639251738787,0.0005824350601949146,19,80.62500015894572,0.537641978263855,-1.0
0.0938565292224092,0.0014384450317409478,37,1.810856798896566,0.0005631810117416299,19,83.16666674613953,0.4739935278892517,-1.0
0.09386021195371684,0.0026168077816500477,38,1.8333591688424349,0.0005438372523852835,19,83.54166674613953,0.443973593711853,-1.0
0.09356191195547581,0.002503585094880117,39,1.8255531881004572,0.0005244336088007391,19,84.29166674613953,0.43833803256352744,-1.0
0.09329548931533568,0.002416515208192562,40,1.8188159780111164,0.0005050000000000001,19,85.58333333333333,0.40303828080495196,-1.0
0.09458587488992826,0.0014605440542493995,41,1.8251691709738225,0.0004855663911992613,19,84.91666674613953,0.3887546968460083,-1.0
0.09261976547637268,0.0017865202022030165,42,1.793973988853395,0.00046616274761471693,19,87.62500007947285,0.3337263230482737,-1.0
0.0930473419200433,0.0014770918672806338,43,1.7962348468136042,0.00044681898825837057,19,89.70833349227905,0.28462448875109353,-1.0
0.09410568873250955,0.0016449609477269022,44,1.8195503051392734,0.000427564939805086,19,91.12500007947285,0.2583522617816925,-1.0
0.09432967325770542,0.0014292582697970303,45,1.819662702968344,0.00040843029060201667,19,92.25,0.2329595802227656,-1.0
0.09384057404914577,0.0019155005360708425,46,1.819655111990869,0.000389444544891327,19,93.33333333333333,0.20212529559930165,-1.0
0.09375485212934252,0.001888228335270756,47,1.8174582680221647,0.0003706369773167883,19,93.20833333333333,0.20114838759104411,-1.0
0.09237823221146275,0.001484325045327607,48,1.783617370063439,0.0003520365877844012,19,95.08333349227905,0.15626590033372242,-1.0
0.09360468170703634,0.001504397130032119,49,1.8073845959734172,0.0003336720567466412,19,95.41666666666667,0.14342137157917023,-1.0
0.09317245547610678,0.0019721102557684247,50,1.8080387159716338,0.0003155717009792807,19,95.75000007947285,0.13142756660779317,-1.0
0.09383830018831711,0.001429384231175247,51,1.8103604060597718,0.00029776342991897335,19,96.75000007947285,0.1140449133515358,-1.0
0.09322811480562546,0.0014841807761082524,52,1.799772844882682,0.00028027470262892445,19,96.37500007947285,0.12034875730673472,-1.0
0.09354438475872341,0.0014384436592655746,53,1.804942673072219,0.0002631324854590073,19,97.125,0.10526257634162903,-1.0
0.09407129927881454,0.0015197650431410263,54,1.8164925859309733,0.0002463632104656054,19,98.04166674613953,0.07854410866896311,-1.0
0.09364723382321627,0.0014841719653065268,55,1.807772854110226,0.0002299927346552969,19,98.25000015894572,0.062486995806296665,-1.0
0.09362342483118961,0.0013777578470150107,56,1.8052638219669461,0.00021404630011522587,19,98.75,0.05576893170674642,-1.0
0.0937143579909676,0.0013968543835768575,57,1.8073599548079073,0.00019854849509163232,19,98.91666666666667,0.04986293273667494,-1.0
0.09364227290069194,0.0022056141598640303,58,1.8213782359380275,0.00018352321607655918,19,98.91666666666667,0.04923427199323972,-1.0
0.09340331161786851,0.0016230982850844924,59,1.8063109000213444,0.00016899363096119395,19,99.54166682561238,0.03496584892272949,-1.0
0.09373391616942459,0.0018426003547287301,60,1.8162689560558647,0.000154982143312659,19,99.625,0.030806487128138542,-1.0
0.09332943500607814,0.0016107107757737762,61,1.8041654529515654,0.0001415103578293356,19,99.83333333333333,0.024042866205175716,-1.0
0.09410976515592713,0.001536675054874075,62,1.8176004111301154,0.0001285990470279847,19,99.66666682561238,0.02514605926970641,-1.0
0.09402390134422794,0.0014638541830017378,63,1.8145733640994877,0.0001162681192140312,19,99.66666674613953,0.022136901617050172,-1.0
0.09326369515130002,0.0018481204751878977,64,1.8074224039446563,0.00010453658778440107,19,99.875,0.01830389303465684,-1.0
0.09298165774855174,0.001891730463524398,65,1.8028385019861162,9.342254191024022e-05,19,99.875,0.018244259109099707,-1.0
0.09265720472965193,0.0025841998009893453,66,1.8098373429384083,8.294311864472437e-05,19,99.75,0.016819175506631534,-1.0
0.09304808043433647,0.0024785653467437156,67,1.8152538710273802,7.311447649896551e-05,19,99.87500007947285,0.01433353990316391,-1.0
0.09339681942947209,0.0015745044220238924,68,1.8046947321854532,6.395177052675794e-05,19,99.91666666666667,0.014894387188057105,-1.0
0.09297854936142501,0.0015201792243475978,69,1.7957181460224092,5.546912895658472e-05,19,99.95833333333333,0.014597957928975423,-1.0
0.0930357593920474,0.0017964279181078861,70,1.8020567058119923,4.767963140691306e-05,19,99.875,0.014345562284191449,-1.0
0.0939232989729039,0.002583294555446819,71,1.8338826519902796,4.059528871837034e-05,19,99.83333333333333,0.013438651785254479,-1.0
0.09255773579015543,0.002614141147779791,72,1.808518580859527,3.4227024433899e-05,19,99.875,0.014999719336628914,-1.0
0.0937277512183707,0.0016737620493299083,73,1.8129266179166734,2.8584657955444653e-05,19,99.91666666666667,0.01230858196814855,-1.0
0.09303845739678333,0.0023070265980143297,74,1.8118166539352387,2.367688940315011e-05,19,99.875,0.012554679028689862,-1.0
0.09328872182308451,0.0023184670135378838,75,1.8168099878821522,1.951128620040094e-05,19,99.91666666666667,0.013695563077926637,-1.0
0.09300625587715522,0.001413060805613273,76,1.7942413289565593,1.6094271405406862e-05,19,99.75,0.014212176067133745,-1.0
0.09350421014977128,0.001665896589034482,77,1.8084888341836631,1.3431113807311488e-05,19,99.95833333333333,0.012645852205653986,-1.0
0.09283422787771806,0.001489309912645503,78,1.7923999570775777,1.1525919802101659e-05,19,99.95833333333333,0.011858831383287907,-1.0
0.09346804804609794,0.0016442720631235524,79,1.8073803109582514,1.0381627060842164e-05,19,99.91666666666667,0.012845450888077418,-1.0
0.09336025756783783,0.0015322161764886818,80,1.8032144261524081,1e-05,19,99.95833333333333,0.01102061695108811,-1.0
0.09434017250314355,0.009472999593708665,1,2.0765615589916706,0.000999618372939158,20,16.720000004768373,2.2990926277160644,-1.0
0.09243925089249387,0.002404406713321805,2,1.8971683848649263,0.0009984740801978985,20,23.68000003814697,2.037159815788269,-1.0
0.09258357303915546,0.0017903894651681185,3,1.8877621938008815,0.0009965688861926887,20,27.440000038146973,1.9398743410110473,-1.0
0.09298425624147058,0.0013978069182485342,4,1.8879486829973757,0.0009939057285945933,20,29.280000014305116,1.888058278274536,-1.0
0.09272805323125795,0.0022124969749711455,5,1.8990977939683944,0.0009904887137995992,20,27.88,1.89411583404541,-1.0
0.09418942173942924,0.0018701588618569077,6,1.9214747860096395,0.00098632311059685,20,32.04000000953674,1.7879523918151856,-1.0
0.09291198301361873,0.0014331050799228251,7,1.887149202870205,0.0009814153420445555,20,35.48000002861023,1.726707056427002,-1.0
0.0808230885420926,0.0020543164107948543,8,1.6578226911369711,0.0009757729755661012,20,35.99999997615814,1.6835972791671754,-1.0
0.100557638972532,0.0013370576314628124,9,2.038135793991387,0.0009694047112816298,20,38.639999985694885,1.635500305366516,-1.0
0.09963415553793312,0.0016733658616431058,10,2.0263920100405812,0.0009623203685930871,20,38.839999990463255,1.6473031425476075,-1.0
0.10112171632936225,0.001637764973565936,11,2.055429184809327,0.0009545308710434153,20,39.760000009536746,1.5763367444992065,-1.0
0.10159327302826568,0.001514625013805926,12,2.062408145982772,0.0009460482294732422,20,41.279999985694886,1.5452211011886596,-1.0
0.06377947024302558,0.0019156630616635085,13,1.3141387689393014,0.0009368855235010348,20,44.76000003814697,1.472994793319702,-1.0
0.06584803340956569,0.0013711833860725164,14,1.3446169651579112,0.0009270568813552758,20,45.1999999666214,1.421047967147827,-1.0
0.07174132070504129,0.0013693045941181481,15,1.4624504318926483,0.0009165774580897602,20,48.28000000476837,1.376376513671875,-1.0
0.09653166289208456,0.001930471754167229,16,1.9694882112089545,0.0009054634122155992,20,50.480000019073486,1.3226281358718872,-1.0
0.10005755557212978,0.001329892931971699,17,2.027999315178022,0.0008937318807859689,20,51.639999976158144,1.272758299255371,-1.0
0.10048732869327068,0.001306683651637286,18,2.0361207579262555,0.0008814009529720156,20,53.7599999666214,1.2333811826705932,-1.0
0.08500733280088753,0.0013286150991916657,19,1.727004675893113,0.0008684896421706646,20,54.560000066757205,1.2220648307800293,-1.0
0.07365308096632361,0.0016856365371495485,20,1.507015210809186,0.0008550178566873412,20,56.439999952316285,1.1440409452438354,-1.0
0.06311258454807103,0.0015999742550775408,21,1.2945047260727733,0.0008410063690388064,20,56.200000038146975,1.1441027252197267,-1.0
0.08804096648236737,0.0022044364595785737,22,1.805185133824125,0.0008264767839234412,20,58.92000002861023,1.0982793811798095,-1.0
0.09058758839964867,0.0014153104042634369,23,1.8403544100001454,0.000811451504908368,20,61.96000002861023,1.0004853673934937,-1.0
0.09136998418252915,0.0015752981649711727,24,1.8592017099726945,0.0007959536998847743,20,63.59999994277954,0.9741077514648437,-1.0
0.09196800295030698,0.0016612856998108327,25,1.872886274009943,0.0007800072653447032,20,65.24000002861023,0.9169834079742432,-1.0
0.09257118357345462,0.0014513665344566106,26,1.8807539760600775,0.0007636367895343947,20,66.39999998092651,0.8921531574249267,-1.0
0.09257952367188409,0.0015368980821222067,27,1.8826209029648453,0.0007468675145409928,20,68.80000005722046,0.824659958267212,-1.0
0.09289879908319562,0.00139340361347422,28,1.8861393670085818,0.0007297252973710758,20,70.48000000953674,0.7915936779975891,-1.0
0.09236374341417104,0.0014114172314293682,29,1.8758032429032028,0.0007122365700810271,20,72.23999994277955,0.7598576192855835,-1.0
0.09256218154914678,0.001508759951684624,30,1.8817277930211276,0.0006944282990207196,20,75.08000007629394,0.6967045923233032,-1.0
0.09257983847055584,0.0014332357794046402,31,1.8805678840726614,0.0006763279432533592,20,75.88000003814697,0.6510075055122375,-1.0
0.0927282709046267,0.0013793650548905134,32,1.8824549720156938,0.0006579634122155992,20,76.88000003814697,0.6268284886360168,-1.0
0.09177401192719117,0.001914672472048551,33,1.874060268048197,0.000639363022683212,20,75.47999995231629,0.6400830592155456,-1.0
0.09181602883618326,0.0015402067103423179,34,1.8680007949005812,0.0006205554551086735,20,80.60000007629395,0.5567864538192749,-1.0
0.09306109620956704,0.0013785272953100503,35,1.8890445879660547,0.0006015697093979838,20,80.11999995231628,0.53231672372818,-1.0
0.09141979335108771,0.0014800710952840746,36,1.8582595828920603,0.0005824350601949146,20,81.55999993324279,0.5000226377010345,-1.0
0.09248229020740836,0.0019865826005116107,37,1.889620920876041,0.0005631810117416299,20,84.31999996185303,0.4036471529006958,-1.0
0.09285982582950965,0.0015954866190440952,38,1.8893439548555762,0.0005438372523852835,20,84.92000003814697,0.40948306941986085,-1.0
0.09300378412008285,0.0014942247769795358,39,1.890203591901809,0.0005244336088007391,20,86.8000000667572,0.3804006761550903,-1.0
0.09289312179898843,0.0013779703993350267,40,1.8856576988473535,0.0005050000000000001,20,88.31999995231628,0.34325759658813476,-1.0
0.09204086067620665,0.0015190229751169682,41,1.8714416390284896,0.0004855663911992613,20,91.1599999332428,0.28009425983428954,-1.0
0.09342619873350486,0.001846170867793262,42,1.9057015830185264,0.00046616274761471693,20,90.6000000667572,0.2627450469493866,-1.0
0.09282721688505262,0.0016695385565981269,43,1.8902341360226274,0.00044681898825837057,20,91.59999994277955,0.23956293449401855,-1.0
0.0918555639917031,0.00211681091459468,44,1.8797326949425042,0.000427564939805086,20,93.32000008583069,0.2064246171951294,-1.0
0.09287803048500791,0.001567778515163809,45,1.8891599250491709,0.00040843029060201667,20,93.24,0.18856353652477265,-1.0
0.09313009779434651,0.0015396939124912024,46,1.8936401710379869,0.000389444544891327,20,93.9999999332428,0.16942834208011628,-1.0
0.09303975984221324,0.00284338811179623,47,1.9179026279598475,0.0003706369773167883,20,94.9200000858307,0.14870483529567718,-1.0
0.09338954669656233,0.0014672037563286723,48,1.897375299129635,0.0003520365877844012,20,95.76000000953674,0.1389082944393158,-1.0
0.09303453663596883,0.00252542031230405,49,1.911453089909628,0.0003336720567466412,20,96.44000008583069,0.12242987291812897,-1.0
0.09280247545102611,0.0014951377524994314,50,1.8861943669617176,0.0003155717009792807,20,97.32000000953674,0.09720954443216324,-1.0
0.09304213019786403,0.0017593887983821332,51,1.8962690690532327,0.00029776342991897335,20,98.35999996185302,0.07307035644054413,-1.0
0.09302474266150966,0.0016307754791341721,52,1.8933477390091866,0.00028027470262892445,20,98.32000008583069,0.06417711650133133,-1.0
0.0927364471135661,0.0015139342402108013,53,1.8852643410209566,0.0002631324854590073,20,98.51999996185303,0.0570984636425972,-1.0
0.09318940044613555,0.0013145884964615106,54,1.8903719780500978,0.0002463632104656054,20,98.52000004768371,0.054779794025421144,-1.0
0.09196737218881026,0.002173368807416409,55,1.883057412924245,0.0002299927346552969,20,98.60000004768372,0.053372176229953765,-1.0
0.09260693518444896,0.0019821417634375395,56,1.8920250351075083,0.00021404630011522587,20,98.68,0.04897027940750122,-1.0
0.09305961289210245,0.0014162153005599976,57,1.8897647659759969,0.00019854849509163232,20,99.39999996185303,0.03435357899665833,-1.0
0.09230877172667533,0.0017986587248742581,58,1.882391943829134,0.00018352321607655918,20,99.43999996185303,0.029558093523979187,-1.0
0.09152252904605121,0.0014463918516412378,59,1.859618566930294,0.00016899363096119395,20,99.59999996185303,0.028221721768379213,-1.0
0.09253529534908012,0.0014344711555168033,60,1.879686868051067,0.000154982143312659,20,99.44,0.025675147193670273,-1.0
0.09242603804450482,0.0014627221040427684,61,1.8780869499314576,0.0001415103578293356,20,99.68000008583068,0.02127530011534691,-1.0
0.09225346370367334,0.00140246240189299,62,1.8734051620122045,0.0001285990470279847,20,99.75999996185303,0.019375834208726884,-1.0
0.09261006694287062,0.0016375820618122817,63,1.885200021089986,0.0001162681192140312,20,99.56,0.02125840105712414,-1.0
0.09315642265137285,0.0014406555914320053,64,1.892240562941879,0.00010453658778440107,20,99.83999996185302,0.016271347957849503,-1.0
0.09288914278149604,0.0014104054193012417,65,1.886227429145947,9.342254191024022e-05,20,99.8,0.014778830599784852,-1.0
0.09328217176953331,0.0014778747223317622,66,1.8954510141629726,8.294311864472437e-05,20,99.75999996185303,0.014538260990381241,-1.0
0.09284940401557833,0.0017473036306910217,67,1.89218275481835,7.311447649896551e-05,20,99.92,0.011853622047603131,-1.0
0.09252926058834418,0.001658983703237027,68,1.883998106000945,6.395177052675794e-05,20,99.88,0.012977445456385612,-1.0
0.0922785366885364,0.002281628060154617,69,1.8914476421196014,5.546912895658472e-05,20,99.92,0.01236855421513319,-1.0
0.0928445691941306,0.0015087911044247449,70,1.8873128341510892,4.767963140691306e-05,20,100.0,0.009480412921309472,-1.0
0.09296839489834383,0.0022462443448603153,71,1.9045379338786006,4.059528871837034e-05,20,99.96,0.011301627087593078,-1.0
0.09289585863007233,0.0022591787739656864,72,1.9033404670190066,3.4227024433899e-05,20,99.96,0.009873560574650764,-1.0
0.09203403369756416,0.002350680553354323,73,1.8879361669532955,2.8584657955444653e-05,20,99.96,0.009953501507639885,-1.0
0.09310367302969098,0.0013437546673230826,74,1.889198648976162,2.367688940315011e-05,20,99.92,0.009726940059661866,-1.0
0.092501193319913,0.0013201884226873516,75,1.8766809038352221,1.951128620040094e-05,20,99.92,0.011305095541477203,-1.0
0.0930865558446385,0.0023337681079283355,76,1.9086522688157856,1.6094271405406862e-05,20,100.0,0.009344101758301257,-1.0
0.09260715058771893,0.0014616910135373472,77,1.8816732070408762,1.3431113807311488e-05,20,100.0,0.009717842000722884,-1.0
0.0925358186592348,0.0026115801883861423,78,1.903191332006827,1.1525919802101659e-05,20,100.0,0.009484628967940808,-1.0
0.09230664430651814,0.0014917708933353425,79,1.8762139431200922,1.0381627060842164e-05,20,99.92,0.010779565818607808,-1.0
0.09302369048818945,0.0015502892551012338,80,1.8917716720607132,1e-05,20,99.88,0.011168663740158081,-1.0
