avg_batch_time_sec,avg_data_time_sec,epoch,epoch_time_sec,lr,round,train_acc,train_loss,val_acc
0.2013975543086417,0.0428418546798639,1,0.9770989089738578,0.000999618372939158,0,9.99999994635582,4.151119945526123,-1.0
0.03402088844450191,0.010939893079921603,2,0.17998252506367862,0.0009984740801978985,0,15.800000071525574,3.521584348678589,-1.0
0.03493826126214117,0.007005405495874584,3,0.1679070759564638,0.0009965688861926887,0,15.399999916553497,2.6804995098114013,-1.0
0.03443612053524703,0.007552564202342182,4,0.16808211081661284,0.0009939057285945933,0,14.799999880790711,2.437190086364746,-1.0
0.034212473954539746,0.008470017521176487,5,0.1708572879433632,0.0009904887137995992,0,20.599999916553497,2.17882963180542,-1.0
0.03398962348001078,0.007006481988355517,6,0.1641056949738413,0.00098632311059685,0,23.99999989271164,2.100022758483887,-1.0
0.03434578934684396,0.0060483249253593385,7,0.1616920200176537,0.0009814153420445555,0,25.6,2.0514797248840333,-1.0
0.03396060923114419,0.0068996387417428195,8,0.16354712191969156,0.0009757729755661012,0,23.199999892711638,2.0253588800430298,-1.0
0.03417823923518881,0.01270339300390333,9,0.18763199681416154,0.0009694047112816298,0,27.800000023841857,1.9424867668151855,-1.0
0.03529430471826345,0.00636673130793497,10,0.1667575240135193,0.0009623203685930871,0,27.999999713897704,1.9263305797576904,-1.0
0.0343940292368643,0.013360820012167096,11,0.1911259670741856,0.0009545308710434153,0,31.60000011920929,1.8566777257919311,-1.0
0.03455550502985716,0.005937006964813918,12,0.16207668907009065,0.0009460482294732422,0,29.8,1.874555651664734,-1.0
0.03447200637310743,0.009326922125183046,13,0.1753042780328542,0.0009368855235010348,0,32.79999992847443,1.8166372137069702,-1.0
0.011899638047907501,0.012726149230729789,14,0.09862964786589146,0.0009270568813552758,0,33.000000190734866,1.7485974826812745,-1.0
0.00848199805477634,0.009207469935063273,15,0.07089878502301872,0.0009165774580897602,0,35.199999928474426,1.7507504529953002,-1.0
0.025112404546234757,0.008320086693856865,16,0.13386251498013735,0.0009054634122155992,0,35.39999992847443,1.7307388334274292,-1.0
0.03397096402477473,0.010566834243945777,17,0.1782807179260999,0.0008937318807859689,0,36.59999988079071,1.6904140996932984,-1.0
0.03402662050211802,0.00582683872198686,18,0.1595287409145385,0.0008814009529720156,0,38.399999904632566,1.6774001588821412,-1.0
0.03425714501645416,0.012547169986646622,19,0.18733691005036235,0.0008684896421706646,0,36.59999988079071,1.6672584314346313,-1.0
0.033981424872763455,0.010056590370368212,20,0.17625982291065156,0.0008550178566873412,0,36.60000014305115,1.6711259899139403,-1.0
0.034089475229848176,0.007066186226438731,21,0.16473579709418118,0.0008410063690388064,0,41.00000009536743,1.6005214776992798,-1.0
0.03441883058985695,0.011255620687734336,22,0.18280450510792434,0.0008264767839234412,0,39.599999618530276,1.58718718624115,-1.0
0.03442777652526274,0.009432678984012455,23,0.1755517681594938,0.000811451504908368,0,41.19999983310699,1.5875169801712037,-1.0
0.03424415283370763,0.012478781689424068,24,0.18701140792109072,0.0007959536998847743,0,39.999999618530275,1.5813196926116944,-1.0
0.0343300795648247,0.009403094416484237,25,0.1750406171195209,0.0007800072653447032,0,42.80000004768372,1.510053153038025,-1.0
0.03409420367097482,0.007933307089842856,26,0.16821710509248078,0.0007636367895343947,0,45.00000028610229,1.5194615907669067,-1.0
0.03448802704224363,0.007505815709009767,27,0.16808590712025762,0.0007468675145409928,0,44.59999978542328,1.5096269397735596,-1.0
0.029417130863294005,0.005834603158291429,28,0.14111034106463194,0.0007297252973710758,0,43.99999964237213,1.5245474529266358,-1.0
0.010501027049031109,0.015202456444967538,29,0.10294004390016198,0.0007122365700810271,0,46.19999980926514,1.4658102951049805,-1.0
0.00882448343327269,0.006326057307887822,30,0.06076255510561168,0.0006944282990207196,0,46.60000026226044,1.431554723739624,-1.0
0.03397969395155087,0.0087429407867603,31,0.17101004882715642,0.0006763279432533592,0,49.19999980926514,1.399974305152893,-1.0
0.03451828198740259,0.012163554783910513,32,0.18684839899651706,0.0006579634122155992,0,47.99999978542328,1.3998582782745361,-1.0
0.0342053709900938,0.00951921398518607,33,0.1750259620603174,0.000639363022683212,0,47.4000002861023,1.4052740411758422,-1.0
0.034431483887601644,0.01041652460116893,34,0.17951746191829443,0.0006205554551086735,0,49.000000190734866,1.3927006397247315,-1.0
0.03404720046091825,0.013317739067133516,35,0.1895910759922117,0.0006015697093979838,0,50.59999952316284,1.3618645572662353,-1.0
0.03405100369127467,0.013086881546769291,36,0.18868499202653766,0.0005824350601949146,0,49.8,1.3568216676712037,-1.0
0.034182458999566734,0.010161045240238309,37,0.17750163795426488,0.0005631810117416299,0,50.0,1.312031925201416,-1.0
0.03440298046916723,0.010445155261550099,38,0.17952402005903423,0.0005438372523852835,0,50.59999952316284,1.3175755701065064,-1.0
0.03449860669206828,0.011489579803310335,39,0.18409423902630806,0.0005244336088007391,0,54.199999761581424,1.2807171277999878,-1.0
0.034249902528245,0.013467091252095997,40,0.19099904200993478,0.0005050000000000001,0,54.60000038146973,1.2530287475585937,-1.0
0.03426030318951234,0.009368669823743403,41,0.17463967809453607,0.0004855663911992613,0,53.80000042915344,1.259877745628357,-1.0
0.023030383978039026,0.01396261976333335,42,0.1481022520456463,0.00046616274761471693,0,53.6,1.2206352596282959,-1.0
0.011062053730711341,0.010049299278762192,43,0.08459360501728952,0.00044681898825837057,0,56.39999952316284,1.2250789403915405,-1.0
0.00844925845740363,0.006544816540554166,44,0.06013956503011286,0.000427564939805086,0,55.99999995231629,1.2025093564987182,-1.0
0.03365175146609545,0.006059098057448864,45,0.15897936304099858,0.00040843029060201667,0,58.400000143051145,1.1689993495941162,-1.0
0.0341511502629146,0.00952445447910577,46,0.1748377620242536,0.000389444544891327,0,55.599999284744264,1.1997969884872437,-1.0
0.03416320664109662,0.010063480352982879,47,0.17704525706358254,0.0003706369773167883,0,58.19999990463257,1.1790242357254028,-1.0
0.034363334940280765,0.01383632980287075,48,0.19292300613597035,0.0003520365877844012,0,56.600000619888306,1.143253917694092,-1.0
0.0340643422678113,0.009236440993845463,49,0.17333123600110412,0.0003336720567466412,0,56.0,1.163877625465393,-1.0
0.03441332496004179,0.011953212786465883,50,0.18560208496637642,0.0003155717009792807,0,59.79999966621399,1.097905566215515,-1.0
0.034074469993356615,0.00953008228680119,51,0.1745413050521165,0.00029776342991897335,0,54.20000002384186,1.1481007070541382,-1.0
0.03442414099117741,0.013015481468755752,52,0.18989252182655036,0.00028027470262892445,0,59.400000381469724,1.120973578453064,-1.0
0.03449413407361135,0.013501557928975672,53,0.19212361006066203,0.0002631324854590073,0,59.999999856948854,1.0787151727676392,-1.0
0.03412412171019241,0.009917030285578221,54,0.1763036078773439,0.0002463632104656054,0,57.79999928474426,1.103797203063965,-1.0
0.03449227847158909,0.014479620498605072,55,0.1960217379964888,0.0002299927346552969,0,60.19999966621399,1.0832019386291505,-1.0
0.024262650520540774,0.013614360243082047,56,0.15162622113712132,0.00021404630011522587,0,57.400000429153444,1.1362239694595337,-1.0
0.00992290599970147,0.010077967017423362,57,0.08013183600269258,0.00019854849509163232,0,60.60000014305115,1.0830281114578246,-1.0
0.012310329475440085,0.010225559235550463,58,0.09028346720151603,0.00018352321607655918,0,62.20000057220459,1.0414698724746705,-1.0
0.03384950553299859,0.0057257412117905915,59,0.15843178401701152,0.00016899363096119395,0,60.40000009536743,1.0703662219047547,-1.0
0.0340797197422944,0.012811321241315454,60,0.187702062074095,0.000154982143312659,0,65.7999993801117,1.0166719241142272,-1.0
0.03436281345784664,0.014470018038991839,61,0.19546794099733233,0.0001415103578293356,0,60.39999942779541,1.05054896068573,-1.0
0.03432578989304602,0.009971101360861212,62,0.17730994918383658,0.0001285990470279847,0,60.59999966621399,1.0370231566429138,-1.0
0.03449713013833389,0.012981126608792692,63,0.19005329813808203,0.0001162681192140312,0,63.20000009536743,1.0153165998458862,-1.0
0.03422482270980254,0.010105260531418025,64,0.17746260692365468,0.00010453658778440107,0,62.59999942779541,1.027590636253357,-1.0
0.034002505824901164,0.014502486446872354,65,0.1941461090464145,9.342254191024022e-05,0,62.79999985694885,1.0183581252098084,-1.0
0.03398032224504277,0.009269692760426551,66,0.17312645982019603,8.294311864472437e-05,0,65.20000033378601,0.9914929084777832,-1.0
0.03443841205444187,0.013770942925475538,67,0.1929618171416223,7.311447649896551e-05,0,63.19999990463257,1.0041467638015746,-1.0
0.034343611216172576,0.009949395782314241,68,0.17730953404679894,6.395177052675794e-05,0,67.79999957084655,0.9655007038116455,-1.0
0.034446268051397055,0.00974608474643901,69,0.1768966130912304,5.546912895658472e-05,0,66.19999976158142,0.9842498736381531,-1.0
0.016483780927956104,0.01369540934683755,70,0.12083814409561455,4.767963140691306e-05,0,63.19999957084656,0.9608329739570618,-1.0
0.008790334046352655,0.01348948897793889,71,0.08924775500781834,4.059528871837034e-05,0,64.20000052452087,0.9875272235870362,-1.0
0.024621740623842925,0.009103016403969377,72,0.13501375098712742,3.4227024433899e-05,0,63.800000286102296,0.979895486831665,-1.0
0.03410023677861318,0.009743724192958325,73,0.17548416717909276,2.8584657955444653e-05,0,64.20000014305114,0.9674640588760376,-1.0
0.03411595884244889,0.013400252151768655,74,0.19019708293490112,2.367688940315011e-05,0,68.39999933242798,0.902125102519989,-1.0
0.03432737122057006,0.01291765330825001,75,0.18910734984092414,1.951128620040094e-05,0,66.80000052452087,0.9717592043876648,-1.0
0.034338174969889224,0.013617081043776125,76,0.19193277298472822,1.6094271405406862e-05,0,63.20000038146973,0.9792079067230225,-1.0
0.034431971434969455,0.015144016535487026,77,0.19841933599673212,1.3431113807311488e-05,0,65.40000004768372,0.9883038649559021,-1.0
0.03419492952525616,0.0095030662487261,78,0.17491047107614577,1.1525919802101659e-05,0,62.000000190734866,0.9892123889923096,-1.0
0.03416750521864742,0.013280246523208916,79,0.18990534008480608,1.0381627060842164e-05,0,63.40000009536743,0.9561849603652954,-1.0
0.034544747846666723,0.014938935695681721,80,0.19806155492551625,1e-05,0,67.00000052452087,0.9341569805145263,-1.0
0.040569190448150036,0.031109967548400164,1,0.35854889010079205,0.000999618372939158,1,11.333333313465118,4.903296184539795,-1.0
0.033951676543802024,0.008217332046478986,2,0.21098531410098076,0.0009984740801978985,1,10.833333363135656,4.7081843185424805,-1.0
0.034146938007324934,0.005406184587627649,3,0.19789376691915095,0.0009965688861926887,1,12.166666706403097,3.0344828287760417,-1.0
0.03421084601432085,0.0073522677645087246,4,0.20794949098490179,0.0009939057285945933,1,18.33333345254262,2.2585188865661623,-1.0
0.03403862896375358,0.012124846875667571,5,0.23094795597717166,0.0009904887137995992,1,18.33333335320155,2.2016764481862388,-1.0
0.03405171860940755,0.012275269161909819,6,0.23177857510745525,0.00098632311059685,1,21.66666668653488,2.1570182355244953,-1.0
0.033922728057950734,0.011643586540594697,7,0.2279619202017784,0.0009814153420445555,1,21.666666865348816,2.110482161839803,-1.0
0.034041150379925965,0.011229873448610306,8,0.2264840849675238,0.0009757729755661012,1,25.83333347241084,2.10339111328125,-1.0
0.03357218657620251,0.011500771436840296,9,0.22550093499012291,0.0009694047112816298,1,25.333333492279053,2.0712910906473794,-1.0
0.00930856796912849,0.010765581019222736,10,0.10050752107053995,0.0009623203685930871,1,27.166666626930237,2.018120109240214,-1.0
0.013935401430353522,0.005453796545043588,11,0.09707857901230454,0.0009545308710434153,1,27.50000003973643,2.0061523358027142,-1.0
0.03387331534177065,0.0054138786625117065,12,0.1965745680499822,0.0009460482294732422,1,30.166666984558105,1.9399247185389201,-1.0
0.03412035494111478,0.007826353237032891,13,0.20986542012542486,0.0009368855235010348,1,27.00000011920929,1.9209328126907348,-1.0
0.03417663937434554,0.008373342640697955,14,0.21288826898671687,0.0009270568813552758,1,31.833333492279053,1.888887635866801,-1.0
0.0339068076107651,0.010082673002034425,15,0.2200869231019169,0.0009165774580897602,1,28.833333492279053,1.8643796825408936,-1.0
0.033845876110717654,0.007825141120702029,16,0.20848158583976328,0.0009054634122155992,1,32.50000007947286,1.8529147338867187,-1.0
0.0341945827472955,0.0076804094482213255,17,0.20952416607178748,0.0008937318807859689,1,31.50000003973643,1.8015058437983196,-1.0
0.034180965786799786,0.005321406805887818,18,0.19764793803915381,0.0008814009529720156,1,34.00000019868215,1.7679374233881633,-1.0
0.03400350441224873,0.008288252213969827,19,0.21158912009559572,0.0008684896421706646,1,33.00000011920929,1.7569901466369628,-1.0
0.034085355792194606,0.007583543565124274,20,0.208481753943488,0.0008550178566873412,1,36.00000003973643,1.7191155974070231,-1.0
0.033923874609172344,0.00831205016002059,21,0.21133180311881006,0.0008410063690388064,1,38.33333353201548,1.6846639029184978,-1.0
0.012984646391123534,0.010217271605506539,22,0.11613294505514205,0.0008264767839234412,1,36.16666694482168,1.672041530609131,-1.0
0.00879004136659205,0.005224282620474696,23,0.0701953258831054,0.000811451504908368,1,37.83333365122477,1.6576725228627522,-1.0
0.033626140607520935,0.005099117988720536,24,0.1937507400289178,0.0007959536998847743,1,42.16666706403097,1.6114550813039143,-1.0
0.033939004968851806,0.009645783249288798,25,0.21804041578434408,0.0007800072653447032,1,41.16666694482168,1.589599510828654,-1.0
0.034073367016389966,0.008424192992970347,26,0.21259969798848033,0.0007636367895343947,1,42.333333452542625,1.568963015874227,-1.0
0.034146385407075285,0.012352192215621472,27,0.2326015019789338,0.0007468675145409928,1,39.666666746139526,1.5823458909988404,-1.0
0.033943681977689266,0.007776079187169671,28,0.20871384907513857,0.0007297252973710758,1,42.333333452542625,1.538906094233195,-1.0
0.033980518998578194,0.008196063432842493,29,0.2110102439764887,0.0007122365700810271,1,44.1666667064031,1.5079627513885498,-1.0
0.034239214425906536,0.009763534367084502,30,0.2201252020895481,0.0006944282990207196,1,45.666666865348816,1.4863080851236978,-1.0
0.03418371481820941,0.010560996551066636,31,0.22382964612916112,0.0006763279432533592,1,44.00000031789144,1.4904280122121174,-1.0
0.0340493266005069,0.008508567605167628,32,0.21290703816339374,0.0006579634122155992,1,45.33333337306976,1.483465854326884,-1.0
0.03397007705643773,0.008561415178701282,33,0.2127768499776721,0.000639363022683212,1,45.00000015894572,1.431167319615682,-1.0
0.009472728800028562,0.012250653002411127,34,0.10872293706052005,0.0006205554551086735,1,46.0,1.468388902346293,-1.0
0.008476753532886506,0.0055378864519298075,35,0.07018707203678787,0.0006015697093979838,1,47.66666706403097,1.4084561697642008,-1.0
0.03381286058574915,0.005219649430364371,36,0.19530684710480273,0.0005824350601949146,1,46.16666682561239,1.3986504030227662,-1.0
0.03385186679661274,0.00740387118421495,37,0.20640517002902925,0.0005631810117416299,1,51.1666667064031,1.3647401857376098,-1.0
0.03405446778051555,0.007424846617504954,38,0.20752425421960652,0.0005438372523852835,1,50.33333349227905,1.3773346662521362,-1.0
0.03402816387824714,0.007242063339799642,39,0.20649189897812903,0.0005244336088007391,1,49.833333333333336,1.3423604281743367,-1.0
0.034197122370824215,0.010403773235157131,40,0.22313503501936793,0.0005050000000000001,1,49.666666984558105,1.329347275098165,-1.0
0.033945653680711986,0.010597441112622619,41,0.22285962104797363,0.0004855663911992613,1,50.666666746139526,1.344860134124756,-1.0
0.034124589152634145,0.010011134622618555,42,0.22082768194377422,0.00046616274761471693,1,49.83333337306976,1.3228458579381306,-1.0
0.03397510023787618,0.010194458393380046,43,0.22100031096488237,0.00044681898825837057,1,51.16666730244955,1.3371337827046712,-1.0
0.03401766577735543,0.011351463617756963,44,0.22699896804988384,0.000427564939805086,1,53.33333365122477,1.3140986601511637,-1.0
0.031086021661758424,0.011922262702137231,45,0.21516677015461028,0.00040843029060201667,1,52.333333571751915,1.28683633963267,-1.0
0.010452701011672616,0.010098864557221532,46,0.10290287691168487,0.000389444544891327,1,53.833333571751915,1.245168940226237,-1.0
0.030166033282876016,0.0077251017093658446,47,0.18965188111178577,0.0003706369773167883,1,53.5,1.2568693033854166,-1.0
0.034077493799850346,0.007589263608679175,48,0.20844558509998024,0.0003520365877844012,1,55.833333333333336,1.227945384979248,-1.0
0.03393200617283583,0.00841727564111352,49,0.2118548429571092,0.0003336720567466412,1,54.83333341280619,1.227182051340739,-1.0
0.03402547892183065,0.008861470269039273,50,0.21454915800131857,0.0003155717009792807,1,55.16666706403097,1.2132129240036011,-1.0
0.033989729406312105,0.007625055219978094,51,0.20818251720629632,0.00029776342991897335,1,51.333333333333336,1.2370680252710977,-1.0
0.03391003902070224,0.011570269195362925,52,0.22751381993293762,0.00028027470262892445,1,54.16666690508524,1.1819412310918171,-1.0
0.03393388474360108,0.009846002049744128,53,0.2190116629935801,0.0002631324854590073,1,55.49999984105428,1.1874174690246582,-1.0
0.034108052821829916,0.011422618571668864,54,0.22776541486382484,0.0002463632104656054,1,56.66666690508524,1.1728237581253051,-1.0
0.034263242455199364,0.011046348139643669,55,0.22665539500303566,0.0002299927346552969,1,58.166666666666664,1.1779762347539267,-1.0
0.03398814843967557,0.01163937859237194,56,0.22825026488862932,0.00021404630011522587,1,55.16666714350382,1.1784492031733196,-1.0
0.00887779276818037,0.007811754010617733,57,0.08355087996460497,0.00019854849509163232,1,58.666666984558105,1.1603573020299276,-1.0
0.009135506534948944,0.009676885278895497,58,0.09417262487113476,0.00018352321607655918,1,57.83333349227905,1.1423843622207641,-1.0
0.03384902058169246,0.0045937754213809965,59,0.1923253070563078,0.00016899363096119395,1,55.99999992052714,1.1441129891077677,-1.0
0.034110604180023076,0.0075978404376655815,60,0.20865661511197686,0.000154982143312659,1,56.00000055631002,1.1576609802246094,-1.0
0.03426701962016523,0.008298218389973045,61,0.2129510180093348,0.0001415103578293356,1,56.16666714350382,1.114571221669515,-1.0
0.03414054517634213,0.010371658625081182,62,0.22268996387720108,0.0001285990470279847,1,59.33333349227905,1.1406231260299682,-1.0
0.03413041583262384,0.007842376362532377,63,0.20999294496141374,0.0001162681192140312,1,59.50000047683716,1.1091953166325887,-1.0
0.03384209941141307,0.007569555984809994,64,0.20719583402387798,0.00010453658778440107,1,56.500000635782875,1.1164704577128093,-1.0
0.033942549023777246,0.008549486147239804,65,0.21259329607710242,9.342254191024022e-05,1,58.50000047683716,1.0849458773930867,-1.0
0.03393731904216111,0.015316389966756105,66,0.2464230579789728,8.294311864472437e-05,1,59.33333349227905,1.0816610956192017,-1.0
0.03407015288248658,0.00804389752447605,67,0.21069912589155138,7.311447649896551e-05,1,62.00000023841858,1.0711702378590902,-1.0
0.03341901889070868,0.008351181913167239,68,0.20898280199617147,6.395177052675794e-05,1,59.5,1.0757481082280478,-1.0
0.009876072825863957,0.008213382214307785,69,0.09058468090370297,5.546912895658472e-05,1,60.0,1.0913349866867066,-1.0
0.008637162437662483,0.005151898786425591,70,0.069082842906937,4.767963140691306e-05,1,59.16666730244955,1.081256324450175,-1.0
0.03356447722762823,0.004888551170006394,71,0.19239922310225666,4.059528871837034e-05,1,60.333333571751915,1.0809445889790852,-1.0
0.034011834766715765,0.009264724608510733,72,0.2165108290500939,3.4227024433899e-05,1,61.166666984558105,1.0718941688537598,-1.0
0.034188207751139996,0.00878755683079362,73,0.21501781092956662,2.8584657955444653e-05,1,61.16666650772095,1.0708465337753297,-1.0
0.034168322151526806,0.008346540620550513,74,0.21270452020689845,2.367688940315011e-05,1,59.833333253860474,1.1063945547739664,-1.0
0.033938083425164224,0.007713221572339534,75,0.20838425611145794,1.951128620040094e-05,1,59.833333810170494,1.0791618537902832,-1.0
0.033994039380922915,0.004673229018226266,76,0.19346359302289784,1.6094271405406862e-05,1,64.00000007947285,1.0474871269861856,-1.0
0.0339332539588213,0.010107222246006131,77,0.22033273708075285,1.3431113807311488e-05,1,58.666666666666664,1.086395796140035,-1.0
0.03425476779229939,0.010367503995075822,78,0.22324096504598856,1.1525919802101659e-05,1,60.833333253860474,1.0493975551923116,-1.0
0.03419504715129733,0.00998870823532343,79,0.22104864194989204,1.0381627060842164e-05,1,61.66666706403097,1.0738659588495891,-1.0
0.03394251512363553,0.00739213265478611,80,0.20680883387103677,1e-05,1,61.500000397364296,1.0669558668136596,-1.0
0.038757910525115825,0.027644676660808425,1,0.39857487310655415,0.000999618372939158,2,10.571428639548165,5.639698668888637,-1.0
0.03377395864420881,0.004524026182480156,2,0.2299284499604255,0.0009984740801978985,2,14.4285714668887,4.256520393916539,-1.0
0.03390886607424667,0.004441643948666751,3,0.230234919115901,0.0009965688861926887,2,11.571428592715945,2.592594178063529,-1.0
0.0337827578963091,0.00745604676194489,4,0.24756286409683526,0.0009939057285945933,2,18.7142858675548,2.265205076762608,-1.0
0.033924667009462915,0.006275274480382602,5,0.24448553216643631,0.0009904887137995992,2,18.71428576537541,2.237686243057251,-1.0
0.03395028544279436,0.006935820022287468,6,0.2454469301737845,0.00098632311059685,2,19.285714319774083,2.2227308872767857,-1.0
0.03371138696093112,0.009737559904654821,7,0.26082319603301585,0.0009814153420445555,2,20.57142867360796,2.1847342450278147,-1.0
0.021529613994061947,0.010019231975699464,8,0.18942480511032045,0.0009757729755661012,2,21.142857262066432,2.165136717387608,-1.0
0.010161839658394456,0.009348619496449828,9,0.11719855898991227,0.0009694047112816298,2,23.0000000340598,2.1318980135236467,-1.0
0.03356741198028127,0.007486367171319823,10,0.24645786895416677,0.0009623203685930871,2,24.85714307853154,2.077261096409389,-1.0
0.03385774733033031,0.007487103187789519,11,0.24819674505852163,0.0009545308710434153,2,27.714285935674393,2.023330078806196,-1.0
0.03371045998452852,0.009470172342844307,12,0.25921256793662906,0.0009460482294732422,2,25.857143001896993,2.0036357825142996,-1.0
0.03380389919038862,0.010267800651490688,13,0.2645586628932506,0.0009368855235010348,2,28.285714421953475,1.964935826574053,-1.0
0.033772920607589185,0.006282762701933582,14,0.2404739698395133,0.0009270568813552758,2,27.285714507102966,1.9523547383717128,-1.0
0.03395114544158181,0.004447484194921951,15,0.23051885911263525,0.0009165774580897602,2,29.85714295932225,1.916157225881304,-1.0
0.033664899645373225,0.007400377343098323,16,0.24650064599700272,0.0009054634122155992,2,29.00000020435878,1.9035349770954677,-1.0
0.03393406114385774,0.00805431817813466,17,0.2520399810746312,0.0008937318807859689,2,31.571428605488368,1.8331919622421264,-1.0
0.028465911008728046,0.006766013180216153,18,0.21149440994486213,0.0008814009529720156,2,32.000000204358784,1.8384692355564662,-1.0
0.009757507631244758,0.009618411849563321,19,0.11636522179469466,0.0008684896421706646,2,32.00000010217939,1.8015874365397861,-1.0
0.027205706806853414,0.004372517849939565,20,0.18960384000092745,0.0008550178566873412,2,34.28571455819266,1.7486288935797556,-1.0
0.03365474733679245,0.007759929673435788,21,0.24861630611121655,0.0008410063690388064,2,35.71428579943521,1.7708815234048025,-1.0
0.0338934298682337,0.006230753962881863,22,0.2408719938248396,0.0008264767839234412,2,37.57142877578735,1.7143275621959142,-1.0
0.03375048299009601,0.007337264018133283,23,0.24666272685863078,0.000811451504908368,2,36.85714306150164,1.6937120744160243,-1.0
0.03369207831565291,0.003976396711853643,24,0.226148818153888,0.0007959536998847743,2,38.14285741533552,1.6650488315309797,-1.0
0.033866119881471,0.008647041628137231,25,0.25520579889416695,0.0007800072653447032,2,37.285714524132864,1.6486594070707048,-1.0
0.03387428897743424,0.005943753523752093,26,0.23903982294723392,0.0007636367895343947,2,39.000000306538176,1.6429228912081038,-1.0
0.034011933797349535,0.004253128543496132,27,0.2297241948544979,0.0007468675145409928,2,39.42857159887041,1.6058941221237182,-1.0
0.03368513899234434,0.00529847798558573,28,0.23402874288149178,0.0007297252973710758,2,39.142857262066435,1.5831936182294573,-1.0
0.013454028172418475,0.009699091198854148,29,0.13907485990785062,0.0007122365700810271,2,42.000000153269085,1.5791912848608833,-1.0
0.009554176513726512,0.0053498299870019155,30,0.08956730412319303,0.0006944282990207196,2,46.14285743236542,1.5526669073104857,-1.0
0.033937503467313945,0.009950457722879946,31,0.2634569611400366,0.0006763279432533592,2,43.42857163293021,1.5177579157693046,-1.0
0.03374941530637443,0.00606650502110521,32,0.239017846994102,0.0006579634122155992,2,41.57142880984715,1.5326591273716519,-1.0
0.033963767889266215,0.009378919416728118,33,0.2601662599481642,0.000639363022683212,2,42.0,1.5050490931102207,-1.0
0.03394956304691732,0.011179406816760698,34,0.2708876100368798,0.0006205554551086735,2,47.85714323180063,1.456871747289385,-1.0
0.03393409471027553,0.006815830633665125,35,0.24461021786555648,0.0006015697093979838,2,45.00000022138868,1.475246627671378,-1.0
0.03379593479136626,0.009818836348131299,36,0.2618017168715596,0.0005824350601949146,2,44.4285717180797,1.4726895182473319,-1.0
0.033700918623556696,0.009287573513574898,37,0.2580402272287756,0.0005631810117416299,2,45.57142904826573,1.4632869611467634,-1.0
0.033893418071481086,0.009823653264902532,38,0.2624159581027925,0.0005438372523852835,2,47.42857161590031,1.4366051816940308,-1.0
0.011472941492684186,0.0063927676528692245,39,0.10729776113294065,0.0005244336088007391,2,46.428571701049805,1.4339544480187552,-1.0
0.010618404330064854,0.008356714155524969,40,0.11398221901617944,0.0005050000000000001,2,46.428571701049805,1.4381784302847727,-1.0
0.03401397098787129,0.006565717708629866,41,0.24365694192238152,0.0004855663911992613,2,47.14285741533552,1.4068713358470373,-1.0
0.03390548909859111,0.006284972381157179,42,0.24127454706467688,0.00046616274761471693,2,49.42857142857143,1.3827362503324236,-1.0
0.03390802931971848,0.008307717313679555,43,0.2534324168227613,0.00044681898825837057,2,51.42857190540859,1.3520496020998274,-1.0
0.03387960034888238,0.006556226483856638,44,0.2427418720908463,0.000427564939805086,2,49.42857159887041,1.3720045498439244,-1.0
0.03372600368068864,0.0082395498175174,45,0.2519257308449596,0.00040843029060201667,2,50.00000013623919,1.3190145192827498,-1.0
0.03375433684171488,0.004212646667535107,46,0.22795637510716915,0.000389444544891327,2,50.142857619694304,1.337527859551566,-1.0
0.03395046134634564,0.008710885342831412,47,0.25609952793456614,0.0003706369773167883,2,49.42857156481062,1.349639913695199,-1.0
0.03377486707177013,0.008877435931935906,48,0.25602609710767865,0.0003520365877844012,2,51.714285714285715,1.3121966975075858,-1.0
0.02832528731475274,0.008700386000176271,49,0.22225702507421374,0.0003336720567466412,2,51.42857163293021,1.3178866590772356,-1.0
0.00878473666186134,0.008428176515735686,50,0.10338137508369982,0.0003155717009792807,2,52.000000204358784,1.309798823765346,-1.0
0.02606601605657488,0.0053341677800441785,51,0.18855234002694488,0.00029776342991897335,2,52.14285727909633,1.292628675869533,-1.0
0.033765739450852074,0.008038275060243905,52,0.25094022089615464,0.00028027470262892445,2,52.714285952704294,1.276814615385873,-1.0
0.0336107878635327,0.008467103471048176,53,0.25258153094910085,0.0002631324854590073,2,53.285714626312256,1.2749213327680315,-1.0
0.03379635551633934,0.008343472494743764,54,0.2529470610897988,0.0002463632104656054,2,54.28571476255144,1.246152994292123,-1.0
0.03396748642747601,0.00780745258089155,55,0.2507538611534983,0.0002299927346552969,2,52.42857163293021,1.2960354423522948,-1.0
0.03371019215167811,0.008204653509892523,56,0.25159969995729625,0.00021404630011522587,2,55.14285741533552,1.2472256456102644,-1.0
0.0339477047479401,0.006829906449032326,57,0.24477710505016148,0.00019854849509163232,2,53.285714456013274,1.2538997731889998,-1.0
0.03356841183267534,0.006885365311366816,58,0.24283386091701686,0.00018352321607655918,2,56.000000204358784,1.2141864000047957,-1.0
0.033950505312532187,0.00817250848437349,59,0.25285699195228517,0.00016899363096119395,2,54.71428598676409,1.2479732656478881,-1.0
0.011337056484383842,0.007338758829670648,60,0.11216797190718353,0.000154982143312659,2,57.0,1.181141379901341,-1.0
0.011028905787194768,0.004384914878755808,61,0.09262226289138198,0.0001415103578293356,2,54.14285724503653,1.2314622967583793,-1.0
0.03376274253241718,0.004087419986414413,62,0.22724759601987898,0.0001285990470279847,2,54.14285748345511,1.2151671477726527,-1.0
0.033919423003681004,0.008343078506489595,63,0.25368905114009976,0.0001162681192140312,2,55.857143010411946,1.1759811653409686,-1.0
0.0337001885054633,0.00717009666065375,64,0.24533128598704934,0.00010453658778440107,2,54.4285717351096,1.2057529313223703,-1.0
0.03386226831935346,0.006763211373860638,65,0.24386826111003757,9.342254191024022e-05,2,54.714285952704294,1.2014818688801356,-1.0
0.03383588402842482,0.007764133469512065,66,0.24971266509965062,8.294311864472437e-05,2,54.71428598676409,1.1860909400667463,-1.0
0.03387726272922009,0.007640469470061362,67,0.2492170580662787,7.311447649896551e-05,2,57.285714626312256,1.1804523938042777,-1.0
0.033743603310237326,0.007377301692031324,68,0.24684004206210375,6.395177052675794e-05,2,57.42857166699001,1.1944240726743425,-1.0
0.033853401391146086,0.006622031951944034,69,0.24297053809277713,5.546912895658472e-05,2,56.7142859186445,1.1760076645442417,-1.0
0.027981887028242152,0.009824590641073883,70,0.22694264189340174,4.767963140691306e-05,2,58.42857187134879,1.1832224907193865,-1.0
0.008463626339410743,0.009380693974283835,71,0.10717353504151106,4.059528871837034e-05,2,57.57142863954817,1.1497911548614501,-1.0
0.02773435596221437,0.00658097203510503,72,0.20602358598262072,3.4227024433899e-05,2,54.42857163293021,1.1854664489201137,-1.0
0.03397911364057412,0.009005990655471882,73,0.2580390099901706,2.8584657955444653e-05,2,56.7142859186445,1.1660176760809762,-1.0
0.03400567666782687,0.008318683132529259,74,0.2540757430251688,2.367688940315011e-05,2,58.42857183728899,1.1673480670792715,-1.0
0.03388858225662261,0.004540040933837493,75,0.23070910619571805,1.951128620040094e-05,2,56.42857183728899,1.1987666300364903,-1.0
0.03395300564200928,0.008259485863770047,76,0.2534086899831891,1.6094271405406862e-05,2,58.142857619694304,1.1455467435291835,-1.0
0.03382439387496561,0.009201077317508558,77,0.2582871289923787,1.3431113807311488e-05,2,57.57142867360796,1.1465291098185948,-1.0
0.033694673251981534,0.008280265261419117,78,0.2519806078635156,1.1525919802101659e-05,2,56.71428598676409,1.1828040197917393,-1.0
0.03387754177674651,0.008429351223943135,79,0.2539518841076642,1.0381627060842164e-05,2,58.714286020823884,1.0988321903773717,-1.0
0.03397303218177209,0.009273666306398809,80,0.25958744203671813,1e-05,2,56.28571476255144,1.1679833943503244,-1.0
0.03757089343188064,0.023421810141631534,1,0.4271106389351189,0.000999618372939158,3,11.625,4.517582626342773,-1.0
0.034070574146296294,0.003830085142648646,2,0.2655743209179491,0.0009984740801978985,3,12.0,3.2067710876464846,-1.0
0.03396805814866509,0.006346766138449311,3,0.2823337351437658,0.0009965688861926887,3,15.625,2.2793426513671875,-1.0
0.03395482428771045,0.005785987878750477,4,0.2783221499994397,0.0009939057285945933,3,20.875,2.178343505859375,-1.0
0.03408756073830383,0.005646068536277328,5,0.27826564107090235,0.0009904887137995992,3,22.625,2.12013671875,-1.0
0.03392758988775313,0.005716034111433795,6,0.277632248820737,0.00098632311059685,3,22.5,2.0519529724121095,-1.0
0.033923556828605275,0.0055816875704165015,7,0.2766609978862107,0.0009814153420445555,3,24.875,2.037606201171875,-1.0
0.0100324824119785,0.004746650013008288,8,0.1035792650654912,0.0009757729755661012,3,26.75,1.9567487335205078,-1.0
0.01711662353149482,0.004413162324843662,9,0.1508501940406859,0.0009694047112816298,3,31.25,1.8982461547851563,-1.0
0.03382317798345217,0.0037726974447390865,10,0.26330775395035744,0.0009623203685930871,3,31.375,1.8902148056030272,-1.0
0.03398368667278971,0.00626011545370732,11,0.2818458741530776,0.0009545308710434153,3,32.0,1.870119514465332,-1.0
0.03395912842825055,0.006036278558894992,12,0.2801029330585152,0.0009460482294732422,3,33.875,1.7932331466674805,-1.0
0.03412004693278244,0.006498455768451095,13,0.2844653429929167,0.0009368855235010348,3,32.875,1.7956976318359374,-1.0
0.03398688117574368,0.007180990684511406,14,0.288306790869683,0.0009270568813552758,3,33.125,1.789772071838379,-1.0
0.03424266010655889,0.006824759201013616,15,0.28760106093250215,0.0009165774580897602,3,36.875,1.7153309631347655,-1.0
0.03424934999618147,0.006805209875372904,16,0.2875113340560347,0.0009054634122155992,3,35.25,1.7143812561035157,-1.0
0.017884525104558895,0.007689581751557333,17,0.17914657993242145,0.0008937318807859689,3,36.625,1.675839385986328,-1.0
0.008503597861688052,0.005528065276199153,18,0.09834674000740051,0.0008814009529720156,3,36.5,1.6753031158447265,-1.0
0.03310536726244858,0.003952729748561978,19,0.2595590481068939,0.0008684896421706646,3,40.0,1.642389373779297,-1.0
0.033969684903110774,0.00569916280385639,20,0.2778165659401566,0.0008550178566873412,3,40.0,1.6182071685791015,-1.0
0.03371258921522115,0.005540436765711222,21,0.2748992850538343,0.0008410063690388064,3,42.25,1.5911099052429198,-1.0
0.03423508353132222,0.008483028205643808,22,0.29915666789747775,0.0008264767839234412,3,40.5,1.6011733245849609,-1.0
0.034143232740461826,0.008379331989479917,23,0.29779660189524293,0.000811451504908368,3,40.125,1.6066272735595704,-1.0
0.03440451854839921,0.008475798448281628,24,0.3002975429408252,0.0007959536998847743,3,40.75,1.5376853942871094,-1.0
0.033624310146218965,0.005818140127563051,25,0.27622364298440516,0.0007800072653447032,3,44.25,1.5431517028808595,-1.0
0.030536630556785634,0.005483554010944707,26,0.25226671108976007,0.0007636367895343947,3,45.5,1.4899298095703124,-1.0
0.00895113211923412,0.008526168730376022,27,0.12247028900310397,0.0007468675145409928,3,43.0,1.5532322692871094,-1.0
0.02721497755763786,0.004219508164429239,28,0.2201562230475247,0.0007297252973710758,3,47.0,1.4853708457946777,-1.0
0.03380754287354648,0.007430050555350525,29,0.28877626406028867,0.0007122365700810271,3,45.75,1.485444564819336,-1.0
0.0337366158408778,0.008349036298958319,30,0.2947112729307264,0.0006944282990207196,3,48.625,1.4361898612976074,-1.0
0.034020299723904045,0.007808100964341845,31,0.29292773897759616,0.0006763279432533592,3,43.625,1.4571759796142578,-1.0
0.03384373852583979,0.00381652289070189,32,0.26375169493258,0.0006579634122155992,3,47.625,1.4214924240112305,-1.0
0.03390074221949492,0.00803663205754544,33,0.2936799069866538,0.000639363022683212,3,50.625,1.385888900756836,-1.0
0.03375918484692063,0.008601597876154951,34,0.2966399809811264,0.0006205554551086735,3,48.375,1.412843074798584,-1.0
0.03376377616742892,0.0053973214235156775,35,0.274241334060207,0.0006015697093979838,3,48.5,1.4282683944702148,-1.0
0.009209945631612624,0.0035902397773627725,36,0.08970862883143127,0.0005824350601949146,3,49.875,1.3784063339233399,-1.0
0.008119411866313644,0.005559456734252828,37,0.09586211503483355,0.0005631810117416299,3,53.375,1.3382213020324707,-1.0
0.03357643557579389,0.005494678991713694,38,0.27362292003817856,0.0005438372523852835,3,53.625,1.2898447608947754,-1.0
0.03357678771551166,0.003974684979766607,39,0.2629662789404392,0.0005244336088007391,3,52.25,1.3277164268493653,-1.0
0.03382411100236433,0.00415478041395545,40,0.2659815240185708,0.0005050000000000001,3,50.0,1.3341590690612792,-1.0
0.03373053859520171,0.0037309525734079735,41,0.2623535031452775,0.0004855663911992613,3,49.25,1.3340657806396485,-1.0
0.03382226512102144,0.006317858584225178,42,0.28109159297309816,0.00046616274761471693,3,53.0,1.2904514122009276,-1.0
0.0336889987478831,0.007338645834741848,43,0.28730592085048556,0.00044681898825837057,3,49.125,1.29666259765625,-1.0
0.03385433950461447,0.007195101917854377,44,0.2874561850912869,0.000427564939805086,3,54.125,1.2572774696350097,-1.0
0.03352628215881331,0.007397026422300509,45,0.2865671180188656,0.00040843029060201667,3,55.25,1.2312439346313477,-1.0
0.008345012785866857,0.0073346169332840615,46,0.10986068286001682,0.000389444544891327,3,55.5,1.2320372772216797,-1.0
0.01968476488920195,0.004618330559294138,47,0.17025089194066823,0.0003706369773167883,3,55.625,1.2552731132507324,-1.0
0.03387855339263167,0.007671991729044488,48,0.2909791530109942,0.0003520365877844012,3,55.875,1.22089506149292,-1.0
0.034237960719370415,0.006998720279495631,49,0.28880567220039666,0.0003336720567466412,3,55.125,1.2085418891906738,-1.0
0.03398631240374276,0.003714403303872262,50,0.26404494093731046,0.0003155717009792807,3,56.125,1.1705433082580567,-1.0
0.03381605070483472,0.0037718140187540223,51,0.2632432160899043,0.00029776342991897335,3,58.25,1.167326431274414,-1.0
0.034008940582030585,0.008129918848031334,52,0.29510593810118735,0.00028027470262892445,3,57.875,1.1542941093444825,-1.0
0.033661832134904604,0.008555174572393298,53,0.29564939299598336,0.0002631324854590073,3,56.5,1.17325665473938,-1.0
0.03429116225535316,0.008605868888220616,54,0.30041499203071,0.0002463632104656054,3,57.75,1.1573524570465088,-1.0
0.013606669414522392,0.008378108032047749,55,0.15407282090745866,0.0002299927346552969,3,57.5,1.147768611907959,-1.0
0.019226942976404513,0.00469291685814304,56,0.1676087430678308,0.00021404630011522587,3,56.5,1.1523684501647948,-1.0
0.03375290164590946,0.005739371325554592,57,0.2765734631102532,0.00019854849509163232,3,58.125,1.1261426353454589,-1.0
0.033863435100231855,0.0045081633143126965,58,0.2687239940278232,0.00018352321607655918,3,56.875,1.1370454788208009,-1.0
0.034231421704004915,0.006521693563887051,59,0.28540903399698436,0.00016899363096119395,3,57.875,1.1480192375183105,-1.0
0.03398295056207904,0.008213958004489541,60,0.2955114310607314,0.000154982143312659,3,60.125,1.0968000793457031,-1.0
0.034064217104709575,0.005602504891742553,61,0.27780222706496716,0.0001415103578293356,3,59.0,1.1144009304046631,-1.0
0.03387976933403739,0.005907396652868816,62,0.27864288189448416,0.0001285990470279847,3,60.125,1.0741235733032226,-1.0
0.034216617167528184,0.0072672855375068525,63,0.2905208710581064,0.0001162681192140312,3,57.625,1.0830266380310059,-1.0
0.030859984756846513,0.006048570553373013,64,0.2584868979174644,0.00010453658778440107,3,61.5,1.0764109230041503,-1.0
0.02949124584639711,0.004175236581691674,65,0.2357881509233266,9.342254191024022e-05,3,61.375,1.0695742988586425,-1.0
0.027831364389775053,0.0035614833302263704,66,0.21988631109707057,8.294311864472437e-05,3,60.625,1.076424512863159,-1.0
0.025624151408140148,0.007223236041941813,67,0.23003853182308376,7.311447649896551e-05,3,61.0,1.0835883188247681,-1.0
0.026883936620184352,0.0037002830899187495,68,0.21421584812924266,6.395177052675794e-05,3,62.625,1.037410078048706,-1.0
0.02738405953693603,0.009549468622675963,69,0.25868700607679784,5.546912895658472e-05,3,63.25,1.0087243461608886,-1.0
0.026951079988586053,0.00778638172362532,70,0.2432864890433848,4.767963140691306e-05,3,63.625,1.0137369441986084,-1.0
0.026980630022340586,0.008028700714930892,71,0.24517328711226583,4.059528871837034e-05,3,64.25,1.016260976791382,-1.0
0.02756815530093653,0.0061475935591650864,72,0.2361172721721232,3.4227024433899e-05,3,62.0,1.0412469291687012,-1.0
0.026310348583917533,0.008832563978752919,73,0.2461090621072799,2.8584657955444653e-05,3,60.125,1.033833327293396,-1.0
0.02777834123532687,0.005435874353029898,74,0.23260718095116317,2.367688940315011e-05,3,62.625,1.0285080814361571,-1.0
0.028387634881905148,0.007167799697656717,75,0.24899361981078982,1.951128620040094e-05,3,64.125,1.0018290233612062,-1.0
0.028127247534160103,0.007136542483099869,76,0.24695435212925076,1.6094271405406862e-05,3,61.75,1.0221956157684327,-1.0
0.02875039477034339,0.005728311104966062,77,0.24146126699633896,1.3431113807311488e-05,3,62.875,1.019597864151001,-1.0
0.02747983917860048,0.003665150376036763,78,0.21812176797538996,1.1525919802101659e-05,3,64.25,0.9932904911041259,-1.0
0.027599621697195938,0.005400000572470682,79,0.23110855277627707,1.0381627060842164e-05,3,62.0,1.0063869285583495,-1.0
0.027460635440157994,0.007891000547845448,80,0.24756885413080454,1e-05,3,63.0,1.0155169105529784,-1.0
0.03824362056911923,0.01964737006346695,1,0.46327442512847483,0.000999618372939158,4,13.11111111111111,5.829020317925347,-1.0
0.033553793327882886,0.005551826296141371,2,0.31296841194853187,0.0009984740801978985,4,11.666666666666666,2.809911702473958,-1.0
0.03379000577842817,0.00756734047899954,3,0.3309686949942261,0.0009965688861926887,4,15.88888888888889,2.284159613715278,-1.0
0.03371908006374724,0.0076242863142397255,4,0.33086368604563177,0.0009939057285945933,4,20.333333333333332,2.1745811631944445,-1.0
0.03365155612118542,0.006309365737251937,5,0.31979963509365916,0.0009904887137995992,4,21.22222222222222,2.1461121961805554,-1.0
0.029027261392911896,0.006424054241506383,6,0.2837215019389987,0.00098632311059685,4,23.444444444444443,2.15051032172309,-1.0
0.007973610132467002,0.006578416359843686,7,0.11651847581379116,0.0009814153420445555,4,21.444444444444443,2.145163099500868,-1.0
0.03123942276579328,0.0035789632238447666,8,0.27867504116147757,0.0009757729755661012,4,21.77777777777778,2.115592583550347,-1.0
0.034050213027512655,0.006783721590181813,9,0.3268144829198718,0.0009694047112816298,4,22.555555555555557,2.0882826063368056,-1.0
0.03384215573896654,0.00515749939950183,10,0.31212845793925226,0.0009623203685930871,4,24.333333333333332,2.0695433892144095,-1.0
0.033775888790842146,0.004610765463439748,11,0.30721859191544354,0.0009545308710434153,4,27.11111111111111,2.0441844685872397,-1.0
0.034048277273541316,0.004814257728867233,12,0.3110393090173602,0.0009460482294732422,4,26.333333333333332,2.0228949652777777,-1.0
0.034037933975923806,0.006586259405594319,13,0.3251226511783898,0.0009368855235010348,4,25.666666666666668,2.0200927734375,-1.0
0.03372481421683915,0.005486580281285569,14,0.3138484410010278,0.0009270568813552758,4,25.11111111111111,2.0244739447699653,-1.0
0.010998567246133462,0.006748715124558657,15,0.1421187010128051,0.0009165774580897602,4,26.22222222222222,2.0408283148871527,-1.0
0.012128957663662732,0.003459366096649319,16,0.12483997014351189,0.0009054634122155992,4,25.333333333333332,2.032446017795139,-1.0
0.03356566434376873,0.00379217803128995,17,0.2990093589760363,0.0008937318807859689,4,25.666666666666668,2.0381580946180557,-1.0
0.03369941544951871,0.007215162826469168,18,0.32745887991040945,0.0008814009529720156,4,26.77777777777778,2.0242405870225695,-1.0
0.03355902433395386,0.007498446415411308,19,0.3285901518538594,0.0008684896421706646,4,24.11111111111111,2.0288848537868924,-1.0
0.033705265406752005,0.007662693475140259,20,0.3310723239555955,0.0008550178566873412,4,25.88888888888889,2.003827379014757,-1.0
0.03378702438203618,0.007607351231854409,21,0.33128114603459835,0.0008410063690388064,4,27.11111111111111,1.9513690185546875,-1.0
0.03366160934092477,0.006690244510537013,22,0.32294271304272115,0.0008264767839234412,4,28.444444444444443,1.9292093065049913,-1.0
0.022208170674275607,0.006783960212487727,23,0.23205794882960618,0.000811451504908368,4,28.444444444444443,1.9432890150282118,-1.0
0.008412903232965618,0.0071643283881712705,24,0.12474417290650308,0.0007959536998847743,4,30.77777777777778,1.9157925754123264,-1.0
0.03352503987844102,0.003803911618888378,25,0.29876460297964513,0.0007800072653447032,4,32.55555555555556,1.874288804796007,-1.0
0.033662245026789606,0.00598642198019661,26,0.31731754913926125,0.0007636367895343947,4,32.44444444444444,1.8657227240668404,-1.0
0.03372416441561654,0.0058457578415982425,27,0.31668676901608706,0.0007468675145409928,4,29.555555555555557,1.939063737657335,-1.0
0.03369920767727308,0.007687327801249921,28,0.33120931894518435,0.0007297252973710758,4,29.444444444444443,1.9435950724283855,-1.0
0.033575285255210474,0.005682549730408937,29,0.3141809180378914,0.0007122365700810271,4,30.555555555555557,1.9359977213541666,-1.0
0.033686673996271566,0.007456643128534779,30,0.32925799395889044,0.0006944282990207196,4,32.0,1.8817984008789062,-1.0
0.03364153698203154,0.005181348271435127,31,0.310697915032506,0.0006763279432533592,4,32.888888888888886,1.8478797743055555,-1.0
0.009290731744840741,0.0076332162716425955,32,0.13549486990086734,0.0006579634122155992,4,31.666666666666668,1.856184573703342,-1.0
0.031072032143129036,0.003902253112755716,33,0.27990306494757533,0.000639363022683212,4,33.666666666666664,1.8140499877929688,-1.0
0.034099097829312086,0.00689203868387267,34,0.32805258710868657,0.0006205554551086735,4,33.333333333333336,1.8184056599934897,-1.0
0.03372239676536992,0.003423610847676173,35,0.29727841611020267,0.0006015697093979838,4,32.22222222222222,1.7968842230902777,-1.0
0.0337532659759745,0.006348248280119151,36,0.3209290399681777,0.0005824350601949146,4,35.0,1.7928670756022136,-1.0
0.03359654996893369,0.007675876666326076,37,0.3302980412263423,0.0005631810117416299,4,35.22222222222222,1.7714546373155382,-1.0
0.03372862350079231,0.006452125613577664,38,0.32155720004811883,0.0005438372523852835,4,35.333333333333336,1.7772310045030382,-1.0
0.03385041147703305,0.00768929414334707,39,0.33242823206819594,0.0005244336088007391,4,35.44444444444444,1.761298116048177,-1.0
0.010661828884622082,0.007395333232125267,40,0.14459524489939213,0.0005050000000000001,4,33.77777777777778,1.7580341423882377,-1.0
0.022624476259807125,0.003473410994047299,41,0.2089653320144862,0.0004855663911992613,4,34.666666666666664,1.7268047587076822,-1.0
0.033517172356368974,0.00463277316885069,42,0.3053285679779947,0.00046616274761471693,4,34.77777777777778,1.7211005825466579,-1.0
0.03378394353785552,0.004920602339552715,43,0.3097682560328394,0.00044681898825837057,4,36.44444444444444,1.6888745795355902,-1.0
0.033799377852119505,0.007440097018843517,44,0.3300247529987246,0.000427564939805086,4,35.0,1.7550267198350695,-1.0
0.033666961011476815,0.006372072850354016,45,0.3204195429570973,0.00040843029060201667,4,34.77777777777778,1.7231981404622396,-1.0
0.03365603223210201,0.0061697282653767616,46,0.31871477817185223,0.000389444544891327,4,37.44444444444444,1.7217212761773004,-1.0
0.033890070364577696,0.006076908903196454,47,0.31984991603530943,0.0003706369773167883,4,35.22222222222222,1.720278523763021,-1.0
0.020424193877261132,0.0033476866083219647,48,0.1902849490288645,0.0003520365877844012,4,35.44444444444444,1.756175740559896,-1.0
0.009157444641459733,0.005280979123199359,49,0.11561349988915026,0.0003336720567466412,4,36.44444444444444,1.717028350830078,-1.0
0.03369544364977628,0.004473903856705874,50,0.3054886020254344,0.0003155717009792807,4,38.111111111111114,1.687853274875217,-1.0
0.03409713745350018,0.0072346251690760255,51,0.33078449801541865,0.00029776342991897335,4,38.0,1.6671781243218315,-1.0
0.033719237660989165,0.00501580786658451,52,0.31001846212893724,0.00028027470262892445,4,34.55555555555556,1.7082587009006076,-1.0
0.03406978235580027,0.004896131518762559,53,0.3118671521078795,0.0002631324854590073,4,35.77777777777778,1.6905484347873263,-1.0
0.03372369965654798,0.007427057978929952,54,0.32934314594604075,0.0002463632104656054,4,38.0,1.660201636420356,-1.0
0.03407496624276973,0.008183914032997563,55,0.3381994040682912,0.0002299927346552969,4,37.77777777777778,1.6645149570041233,-1.0
0.03309479198651388,0.0063528936298098415,56,0.3157091769389808,0.00021404630011522587,4,36.888888888888886,1.6438258192274307,-1.0
0.008304108574520797,0.004725797538412735,57,0.10435937996953726,0.00019854849509163232,4,40.77777777777778,1.6146446736653646,-1.0
0.00978464013314806,0.004337717866292223,58,0.1130813870113343,0.00018352321607655918,4,40.55555555555556,1.6147778998480902,-1.0
0.03356812126003206,0.0032113913621287793,59,0.2943420698866248,0.00016899363096119395,4,40.44444444444444,1.6275181410047743,-1.0
0.033855474554002285,0.006500014686025679,60,0.322953708935529,0.000154982143312659,4,40.44444444444444,1.6043933783637152,-1.0
0.03359740108135156,0.0048449907917529345,61,0.3076485700439662,0.0001415103578293356,4,40.888888888888886,1.6240355088975695,-1.0
0.03369357681367546,0.005215650919126347,62,0.31138282688334584,0.0001285990470279847,4,39.666666666666664,1.6100944179958767,-1.0
0.03369482618290931,0.007979086803970858,63,0.33350288216024637,0.0001162681192140312,4,39.55555555555556,1.620204569498698,-1.0
0.03384561647544615,0.006529578298795968,64,0.3231136060785502,0.00010453658778440107,4,43.666666666666664,1.5519876437717013,-1.0
0.03163401666097343,0.0052430279611144215,65,0.2951181810349226,9.342254191024022e-05,4,41.111111111111114,1.5963121880425348,-1.0
0.008575950778322294,0.007025752973277122,66,0.12491739611141384,8.294311864472437e-05,4,42.44444444444444,1.5575323655870226,-1.0
0.024784722656477243,0.004913704993668944,67,0.23771416186355054,7.311447649896551e-05,4,42.44444444444444,1.595460713704427,-1.0
0.03369581975857727,0.005512742354767397,68,0.3138006760273129,6.395177052675794e-05,4,41.888888888888886,1.5892018805609809,-1.0
0.0339841985842213,0.006028047297149897,69,0.32022672006860375,5.546912895658472e-05,4,41.44444444444444,1.5940438503689236,-1.0
0.03361121704801917,0.005130475066835061,70,0.3100668080151081,4.767963140691306e-05,4,40.77777777777778,1.5743392096625435,-1.0
0.0339221874892246,0.00510399739141576,71,0.31234011496417224,4.059528871837034e-05,4,40.22222222222222,1.582301805284288,-1.0
0.033936943247681484,0.006417789758415893,72,0.32296976214274764,3.4227024433899e-05,4,42.888888888888886,1.5791339111328124,-1.0
0.03360969328787178,0.006969724840018898,73,0.3247477139811963,2.8584657955444653e-05,4,42.55555555555556,1.5655668470594617,-1.0
0.01446699901134707,0.006550346850417554,74,0.16825293889269233,2.367688940315011e-05,4,43.333333333333336,1.569667494032118,-1.0
0.009225770249031484,0.006358329119393602,75,0.1247840931173414,1.951128620040094e-05,4,40.55555555555556,1.599296162923177,-1.0
0.03383464290527627,0.0032190549827646464,76,0.29654063982889056,1.6094271405406862e-05,4,43.333333333333336,1.578251190185547,-1.0
0.03366467941668816,0.006711229827487841,77,0.32312148599885404,1.3431113807311488e-05,4,41.55555555555556,1.5593986341688368,-1.0
0.03387134749209508,0.0067515705013647676,78,0.3250942400190979,1.1525919802101659e-05,4,43.44444444444444,1.5611389838324652,-1.0
0.033784705854486674,0.007254885014845058,79,0.32842710288241506,1.0381627060842164e-05,4,42.22222222222222,1.5854759555392794,-1.0
0.0335666966275312,0.006753304391168058,80,0.32267228700220585,1e-05,4,41.55555555555556,1.5673447502983942,-1.0
0.03597985010128468,0.022402233153115958,1,0.4672325800638646,0.000999618372939158,5,14.000000131130218,6.7062722702026365,-1.0
0.03422185126692057,0.005539469362702221,2,0.3182356529869139,0.0009984740801978985,5,13.000000083446503,2.9406286506652832,-1.0
0.03415755773312412,0.0035546545404940844,3,0.30184515099972486,0.0009965688861926887,5,16.900000119209288,2.2523061618804934,-1.0
0.03431790886679664,0.004935148259392008,4,0.31417886004783213,0.0009939057285945933,5,19.800000143051147,2.201526866912842,-1.0
0.034345698077231646,0.006734377791872248,5,0.32877806411124766,0.0009904887137995992,5,24.20000010728836,2.143550895690918,-1.0
0.03428475611144677,0.006756492395652458,6,0.3284557170700282,0.00098632311059685,5,23.900000119209288,2.109030029296875,-1.0
0.02921912429155782,0.006812010717112571,7,0.2883711641188711,0.0009814153420445555,5,25.000000131130218,2.0825869064331055,-1.0
0.011493433528812602,0.0055747223377693444,8,0.13666641898453236,0.0009757729755661012,5,24.70000002384186,2.0337161960601806,-1.0
0.03133526287274435,0.0033104435133282095,9,0.2772908101323992,0.0009694047112816298,5,24.200000166893005,2.0046540489196776,-1.0
0.034216788510093465,0.006152739224489778,10,0.3230815310962498,0.0009623203685930871,5,26.800000035762785,1.956200366973877,-1.0
0.034161439136369154,0.0031516458839178085,11,0.2986274650320411,0.0009545308710434153,5,29.600000023841858,1.9545941429138183,-1.0
0.03417808664380573,0.0034893888514488935,12,0.30146688502281904,0.0009460482294732422,5,30.90000021457672,1.9005688419342042,-1.0
0.03418078651884571,0.006307181349257007,13,0.3240316060837358,0.0009368855235010348,5,31.699999976158143,1.8544098558425903,-1.0
0.03415932215284556,0.00688142710714601,14,0.3284535361453891,0.0009270568813552758,5,31.5,1.8336155376434327,-1.0
0.03438591648591682,0.00704246576060541,15,0.3315555911976844,0.0009165774580897602,5,32.19999997615814,1.8192384090423583,-1.0
0.011654810892650858,0.006493079476058483,16,0.14530631806701422,0.0009054634122155992,5,32.30000011920929,1.786740906715393,-1.0
0.016074980376288295,0.00520603550830856,17,0.17037840303964913,0.0008937318807859689,5,35.20000002384186,1.7277135648727417,-1.0
0.034333101531956345,0.0037759422266390175,18,0.30500995786860585,0.0008814009529720156,5,37.900000190734865,1.696320806503296,-1.0
0.03443990973755717,0.0034395725233480334,19,0.30316771613433957,0.0008684896421706646,5,36.30000004768372,1.699196502685547,-1.0
0.03422377799870446,0.004832581267692149,20,0.312581610865891,0.0008550178566873412,5,36.700000047683716,1.684939115524292,-1.0
0.03418522750143893,0.006653236749116331,21,0.32684343704022467,0.0008410063690388064,5,40.300000071525574,1.6217204580307008,-1.0
0.034166677098255605,0.007120251393644139,22,0.33042983105406165,0.0008264767839234412,5,39.50000007152558,1.6407285146713257,-1.0
0.0345176593400538,0.008464317914331332,23,0.3439862229861319,0.000811451504908368,5,40.40000011920929,1.5937523860931397,-1.0
0.02339687102357857,0.008275248226709664,24,0.25350473704747856,0.0007959536998847743,5,41.30000026226044,1.5880087785720824,-1.0
0.008977121266070753,0.004957730503519997,25,0.1116043129004538,0.0007800072653447032,5,40.80000004768372,1.5449274349212647,-1.0
0.034242920170072466,0.0036046282039023936,26,0.3029162820894271,0.0007636367895343947,5,42.30000011920929,1.5452802753448487,-1.0
0.03421977016841993,0.007320360833546147,27,0.332462650956586,0.0007468675145409928,5,42.40000021457672,1.5506162986755372,-1.0
0.03420439807814546,0.005271278409054503,28,0.3159363688901067,0.0007297252973710758,5,45.100000095367434,1.5072031898498535,-1.0
0.03430327418027446,0.007728256925474852,29,0.33636125293560326,0.0007122365700810271,5,41.70000011920929,1.5333908081054688,-1.0
0.034690299769863486,0.007278325239894912,30,0.3358641329687089,0.0006944282990207196,5,42.70000026226044,1.518945429801941,-1.0
0.0342124009039253,0.007747349358396605,31,0.33579198410734534,0.0006763279432533592,5,44.3,1.4977829236984253,-1.0
0.03085980686591938,0.005324464524164796,32,0.28957847808487713,0.0006579634122155992,5,44.399999904632566,1.5217653198242187,-1.0
0.00883024767972529,0.007504798209993169,33,0.13081986689940095,0.000639363022683212,5,44.90000009536743,1.4686374769210815,-1.0
0.03394111632951535,0.0036472298088483512,34,0.3008602799382061,0.0006205554551086735,5,43.70000019073486,1.4638829402923583,-1.0
0.03436333636636846,0.003348019759869203,35,0.30181661807000637,0.0006015697093979838,5,47.20000019073486,1.4198652601242066,-1.0
0.03450674959458411,0.0034199190558865666,36,0.30354443611577153,0.0005824350601949146,5,46.20000011920929,1.442689269065857,-1.0
0.03430770389968529,0.0034044819476548582,37,0.3018329511396587,0.0005631810117416299,5,48.80000011920929,1.361419988632202,-1.0
0.03413889851071872,0.005034910253016278,38,0.3135429690591991,0.0005438372523852835,5,49.60000011920929,1.3730137643814087,-1.0
0.03437834608484991,0.007926636026240885,39,0.33859392907470465,0.0005244336088007391,5,48.70000026226044,1.3779038724899293,-1.0
0.03455925526213832,0.007934784749522805,40,0.3400916091632098,0.0005050000000000001,5,48.30000016689301,1.395840829849243,-1.0
0.011663034878438339,0.006281137728365138,41,0.14369169902056456,0.0004855663911992613,5,48.50000021457672,1.363568512916565,-1.0
0.022576160525204614,0.004262528585968539,42,0.21484479610808194,0.00046616274761471693,5,50.5,1.3467052822113037,-1.0
0.03422279324149713,0.0030791201279498637,43,0.2985462239012122,0.00044681898825837057,5,48.100000047683714,1.3510224866867064,-1.0
0.034185183758381754,0.006128313107183203,44,0.3226409340277314,0.000427564939805086,5,49.40000033378601,1.3210102291107177,-1.0
0.034300828439882025,0.0031679052917752415,45,0.29988090693950653,0.00040843029060201667,5,50.10000028610229,1.3243048286437988,-1.0
0.03424455050844699,0.007176937360782176,46,0.3315027290955186,0.000389444544891327,5,51.90000016689301,1.298697784423828,-1.0
0.03448319772724062,0.0031200731464195997,47,0.3009558720514178,0.0003706369773167883,5,53.20000026226044,1.264595259666443,-1.0
0.0343606622191146,0.007782764529110864,48,0.3372881459072232,0.0003520365877844012,5,54.000000143051146,1.240798830986023,-1.0
0.026234850549371913,0.0032007718400564045,49,0.23560758400708437,0.0003336720567466412,5,55.200000047683716,1.239415807723999,-1.0
0.008707706583663821,0.006744062673533335,50,0.12375007895752788,0.0003155717009792807,5,54.400000381469724,1.2558749809265137,-1.0
0.034204576222691685,0.0034221284149680287,51,0.3011482178699225,0.00029776342991897335,5,52.50000023841858,1.2405355501174926,-1.0
0.03412737822509371,0.003330415755044669,52,0.2997981670778245,0.00028027470262892445,5,55.500000166893,1.2080658226013183,-1.0
0.03431155649013817,0.006445642648031935,53,0.32619445002637804,0.0002631324854590073,5,55.70000019073486,1.2260085563659668,-1.0
0.034233689453685656,0.006223434815183282,54,0.32379076490178704,0.0002463632104656054,5,55.799999952316284,1.1936607656478881,-1.0
0.034279355517355725,0.00811114560929127,55,0.339258590945974,0.0002299927346552969,5,53.30000009536743,1.20637300491333,-1.0
0.03425932372920215,0.006408018642105162,56,0.3254754049703479,0.00021404630011522587,5,53.10000019073486,1.2075604238510131,-1.0
0.03393570726620965,0.003760630002943799,57,0.3017207649536431,0.00019854849509163232,5,54.20000009536743,1.206121343612671,-1.0
0.010133023257367313,0.007253880379721522,58,0.1392294301185757,0.00018352321607655918,5,55.90000023841858,1.2001526622772216,-1.0
0.028289452864555642,0.004152415378484875,59,0.25967177213169634,0.00016899363096119395,5,55.300000286102296,1.195100128173828,-1.0
0.034230162389576435,0.005241131118964404,60,0.3159041288308799,0.000154982143312659,5,57.000000143051146,1.169612910270691,-1.0
0.034266303962795064,0.007040351803880185,61,0.3305859749671072,0.0001415103578293356,5,56.20000047683716,1.1658686380386352,-1.0
0.03423996674246155,0.005016030132537708,62,0.31418390898033977,0.0001285990470279847,5,56.4,1.1444940767288208,-1.0
0.034291340329218656,0.00344223715364933,63,0.3020051158964634,0.0001162681192140312,5,58.0,1.1530454959869385,-1.0
0.03456706338329241,0.007053557754261419,64,0.33310216502286494,0.00010453658778440107,5,54.90000004768372,1.1503940391540528,-1.0
0.03453545054071583,0.006856386200524867,65,0.3312663519755006,9.342254191024022e-05,5,59.000000381469725,1.112395977973938,-1.0
0.013337491662241518,0.005868009960977361,66,0.15377385797910392,8.294311864472437e-05,5,57.900000381469724,1.126634386062622,-1.0
0.019895814883057028,0.007286306121386588,67,0.21756525104865432,7.311447649896551e-05,5,58.10000052452087,1.1000719499588012,-1.0
0.034337582997977734,0.004701967729488388,68,0.3124462410341948,6.395177052675794e-05,5,59.00000028610229,1.0959617166519164,-1.0
0.03434772288892418,0.007025836006505415,69,0.33110523712821305,5.546912895658472e-05,5,60.50000033378601,1.0840633449554444,-1.0
0.034246674651512876,0.006442076992243528,70,0.32563841599039733,4.767963140691306e-05,5,58.80000038146973,1.1153720960617066,-1.0
0.03420191237819381,0.00824177311733365,71,0.3396620920393616,4.059528871837034e-05,5,59.00000023841858,1.1373228025436402,-1.0
0.034240032138768584,0.00823909998871386,72,0.33994392305612564,3.4227024433899e-05,5,59.30000009536743,1.0952028827667237,-1.0
0.03438080885098316,0.007292634283658117,73,0.3334997540805489,2.8584657955444653e-05,5,57.80000019073486,1.1110288352966309,-1.0
0.013501771085429937,0.007699529902311042,74,0.16973698791116476,2.367688940315011e-05,5,57.99999995231629,1.122311245918274,-1.0
0.021740918629802763,0.007759143249131739,75,0.23612826806493104,1.951128620040094e-05,5,58.000000429153445,1.1061285047531129,-1.0
0.03440071557997726,0.004918564663967118,76,0.3146759660448879,1.6094271405406862e-05,5,57.29999990463257,1.1019182977676392,-1.0
0.03428218886256218,0.007404601405141875,77,0.3336061800364405,1.3431113807311488e-05,5,57.80000033378601,1.0894032111167908,-1.0
0.03422567597590387,0.007451910147210583,78,0.33353851712308824,1.1525919802101659e-05,5,60.20000019073486,1.0606705436706543,-1.0
0.03418476553633809,0.008006328716874123,79,0.33764582104049623,1.0381627060842164e-05,5,60.500000429153445,1.0753160829544068,-1.0
0.03430237484280951,0.004913936398224905,80,0.3138482170179486,1e-05,5,57.000000143051146,1.122807191848755,-1.0
0.0356400601255397,0.02164989911640684,1,0.5157447061501443,0.000999618372939158,6,13.909090941602534,4.076396200873635,-1.0
0.03414970253490739,0.003620977798062894,2,0.34006357402540743,0.0009984740801978985,6,19.727272738109935,2.4328224910389293,-1.0
0.03403258383170598,0.004897980148800545,3,0.35050552198663354,0.0009965688861926887,6,23.999999994581398,2.0925490509379996,-1.0
0.03411992434929642,0.005753083206299279,4,0.3589661321602762,0.0009939057285945933,6,27.000000065023247,1.9821251301331955,-1.0
0.03425095320886208,0.006847058578083913,5,0.3699876239988953,0.0009904887137995992,6,28.727272700179707,1.9089659556475553,-1.0
0.013279013775496019,0.0030175669946604306,6,0.1467702689114958,0.00098632311059685,6,31.45454550331289,1.8559962064569646,-1.0
0.01224054085711638,0.003585542371082637,7,0.14253641315735877,0.0009814153420445555,6,33.27272719686682,1.8215350861982866,-1.0
0.03420644931288229,0.0027053788976950776,8,0.33231142116710544,0.0009757729755661012,6,35.818181861530654,1.763223488114097,-1.0
0.03411941178556946,0.005092042886341612,9,0.3530127969570458,0.0009694047112816298,6,36.90909086574208,1.7362583203749222,-1.0
0.034199280534974404,0.005034667672589421,10,0.35321854311041534,0.0009623203685930871,6,38.000000108372085,1.7040934905138883,-1.0
0.03412416766190694,0.004840678121480677,11,0.3507917048409581,0.0009545308710434153,6,37.54545451294292,1.7035935016111894,-1.0
0.03403304162849155,0.005965745361107919,12,0.36010072007775307,0.0009460482294732422,6,39.36363646117124,1.6394201369719072,-1.0
0.03407264863037401,0.004435924037049214,13,0.34668749989941716,0.0009368855235010348,6,40.36363630945032,1.617252597808838,-1.0
0.008363704041888317,0.005147148958510823,14,0.12172147305682302,0.0009270568813552758,6,45.090909177606754,1.5459164190292358,-1.0
0.02153773047029972,0.0033156933107723794,15,0.2237872639670968,0.0009165774580897602,6,42.363636472008444,1.5666418899189343,-1.0
0.034026452573016286,0.0031872508892168603,16,0.33503236481919885,0.0009054634122155992,6,42.09090919928117,1.5480195301229303,-1.0
0.03412736163267659,0.0033176782437496716,17,0.3371108069550246,0.0008937318807859689,6,44.54545467550104,1.5038280872865157,-1.0
0.03398822799014548,0.004117120238434937,18,0.34306182409636676,0.0008814009529720156,6,46.00000002167442,1.4757756983150134,-1.0
0.03442842303775251,0.003811496284065975,19,0.34427933394908905,0.0008684896421706646,6,46.545454621315,1.4597811620885675,-1.0
0.03420226423380276,0.0048098536725673414,20,0.3512185150757432,0.0008550178566873412,6,46.63636357134039,1.4339620681242509,-1.0
0.03368097688588831,0.004445301213612159,21,0.3432438839226961,0.0008410063690388064,6,47.18181814930656,1.437937007817355,-1.0
0.00801350380707946,0.007804474405323465,22,0.1424635669682175,0.0008264767839234412,6,49.09090911258351,1.3879714519327337,-1.0
0.03408270168842541,0.005998672425953878,23,0.36087745404802263,0.000811451504908368,6,50.72727267308669,1.3638806906613437,-1.0
0.034090995219432645,0.006762411678209901,24,0.36778758303262293,0.0007959536998847743,6,49.72727264057506,1.3500553768331354,-1.0
0.03416982018906209,0.004926503817033436,25,0.35197821306064725,0.0007800072653447032,6,50.09090902588584,1.3521823371540416,-1.0
0.0341772792291724,0.0030080813190175425,26,0.3347993509378284,0.0007636367895343947,6,51.727272575551815,1.3087834015759554,-1.0
0.034225382221241794,0.005196487556936013,27,0.35490352800115943,0.0007468675145409928,6,53.09090909090909,1.2665108598362316,-1.0
0.03424821519810292,0.005235341558646824,28,0.3554621571674943,0.0007297252973710758,6,55.36363625526428,1.2545545582337814,-1.0
0.011997788678854704,0.0036027488660895163,29,0.14050768199376762,0.0007122365700810271,6,55.63636374473572,1.2390567987615413,-1.0
0.015554782029034363,0.00308270374726918,30,0.16786475316621363,0.0006944282990207196,6,54.18181818181818,1.244595846262845,-1.0
0.03420028744989799,0.005077033433028393,31,0.3536087789107114,0.0006763279432533592,6,54.63636354966597,1.1839753705804998,-1.0
0.03407464414421055,0.007082811194575495,32,0.37053013779222965,0.0006579634122155992,6,55.72727264057506,1.2170421361923218,-1.0
0.034231466396401324,0.00499079125519428,33,0.35310954391025007,0.000639363022683212,6,56.81818183985624,1.1629391362450339,-1.0
0.03407128584674663,0.004457531471012367,34,0.34687028313055634,0.0006205554551086735,6,58.27272712100636,1.1448701650446111,-1.0
0.034098328065334096,0.004442109829849667,35,0.3469733358360827,0.0006015697093979838,6,57.818182013251565,1.1354046227715233,-1.0
0.03394676781155997,0.0032577503006905317,36,0.3349462018813938,0.0005824350601949146,6,59.36363634196195,1.1381526084379716,-1.0
0.008791398722678423,0.005264880058045189,37,0.12661024508997798,0.0005631810117416299,6,59.18181803009727,1.102282516739585,-1.0
0.0339425150046332,0.0038883915533208186,38,0.34059381298720837,0.0005438372523852835,6,61.27272734858773,1.0670579849589954,-1.0
0.03403653921042052,0.004904153213525812,39,0.35057661891914904,0.0005244336088007391,6,61.36363645033403,1.0595681296695363,-1.0
0.0341431072447449,0.003154339087713096,40,0.3358046489302069,0.0005050000000000001,6,63.81818199157715,1.035144507668235,-1.0
0.03422942258314126,0.004982021300949984,41,0.35303535498678684,0.0004855663911992613,6,61.36363655870611,1.0676385857842186,-1.0
0.03410912465511097,0.004470188662202822,42,0.3473432140890509,0.00046616274761471693,6,61.27272729440169,1.0312759587981484,-1.0
0.034092630000991955,0.004281496887819635,43,0.3455021549016237,0.00044681898825837057,6,62.99999997832558,0.9996708618510853,-1.0
0.01796388085414138,0.004630756926619344,44,0.20346186589449644,0.000427564939805086,6,63.27272722937844,0.9786872328411449,-1.0
0.01615536525949008,0.006105405951125754,45,0.20046321512199938,0.00040843029060201667,6,65.36363625526428,0.9727620805393565,-1.0
0.03415698871119983,0.004871279052976105,46,0.3513639147859067,0.000389444544891327,6,62.72727285731923,0.9773591006885876,-1.0
0.03404108667746186,0.004793321765545342,47,0.34962860494852066,0.0003706369773167883,6,64.00000010837208,0.9586160989241167,-1.0
0.034073661003882684,0.004781169221839971,48,0.3498017939273268,0.0003520365877844012,6,64.27272746779703,0.9633705910769376,-1.0
0.03400600592916211,0.0031743310909304353,49,0.33475327817723155,0.0003336720567466412,6,63.72727261890065,0.9506865885040977,-1.0
0.03414419562452369,0.006337807384423084,50,0.36446581897325814,0.0003155717009792807,6,66.72727283564481,0.9498882670836015,-1.0
0.03413195333754023,0.0029977182081590095,51,0.3343005951028317,0.00029776342991897335,6,67.81818203492598,0.8797476144270463,-1.0
0.009519100085728698,0.005108716225044595,52,0.1317775270435959,0.00028027470262892445,6,67.5454547621987,0.8994016918269071,-1.0
0.03132054698653519,0.003485896107223299,53,0.3133839280344546,0.0002631324854590073,6,67.09090902588584,0.8930995019999417,-1.0
0.03407461315186487,0.004117723735463288,54,0.34385893400758505,0.0002463632104656054,6,68.18181822516702,0.8915265100652521,-1.0
0.03414388779654271,0.0053368367565174895,55,0.35546661308035254,0.0002299927346552969,6,67.1818183335391,0.911888165473938,-1.0
0.03407014813274145,0.007330532858355178,56,0.37273204885423183,0.00021404630011522587,6,70.27272727272727,0.8302134747938676,-1.0
0.03418204276305106,0.006661402682463328,57,0.36771839996799827,0.00019854849509163232,6,67.36363651535727,0.8537107695232738,-1.0
0.03415013127960265,0.004934416281887227,58,0.3518917050678283,0.00018352321607655918,6,69.81818190487948,0.8191958704861728,-1.0
0.014116381527855992,0.004860434914007783,59,0.1709200709592551,0.00016899363096119395,6,66.45454554124312,0.87020719203082,-1.0
0.02291846231350468,0.00721099434627427,60,0.27129160100594163,0.000154982143312659,6,69.63636357134038,0.8353378939628601,-1.0
0.0341577571299341,0.004431723642887341,61,0.3478678830433637,0.0001415103578293356,6,69.81818177483298,0.8185273343866522,-1.0
0.03418006142601371,0.005172982682577438,62,0.3543038771022111,0.0001285990470279847,6,71.90909073569559,0.8033582160689614,-1.0
0.03414661005242831,0.007143177945787708,63,0.37173842801712453,0.0001162681192140312,6,70.27272735942493,0.8302452715960416,-1.0
0.03399780475431018,0.006454480372162329,64,0.36420259391888976,0.00010453658778440107,6,71.81818203492598,0.7902157057415355,-1.0
0.03409616186076568,0.004044110809142391,65,0.3433767259120941,9.342254191024022e-05,6,71.63636370138688,0.7704159810326316,-1.0
0.02429744176980522,0.005420482225923074,66,0.2675846819765866,8.294311864472437e-05,6,73.18181831186467,0.7813521309332414,-1.0
0.00936188779046966,0.005077702536558111,67,0.13008087989874184,7.311447649896551e-05,6,71.72727290066805,0.7639469916170294,-1.0
0.034043767877543964,0.0029364681233548457,68,0.3329478530213237,6.395177052675794e-05,6,71.6363634629683,0.767593999559229,-1.0
0.034012750489637256,0.005053872164959709,69,0.3517426091711968,5.546912895658472e-05,6,71.27272727272727,0.7819956007870761,-1.0
0.03413115465082228,0.007243939442560077,70,0.3725134839769453,4.767963140691306e-05,6,71.72727259722623,0.7868402981758118,-1.0
0.03439461411390868,0.007195623100010885,71,0.3744465990457684,4.059528871837034e-05,6,72.09090915593234,0.7497515539689498,-1.0
0.03435148810967803,0.006665958117486702,72,0.36928844288922846,3.4227024433899e-05,6,71.81818175315857,0.7772681843150746,-1.0
0.03407789668482211,0.006784974545654323,73,0.36789782997220755,2.8584657955444653e-05,6,71.81818175315857,0.7583768339590593,-1.0
0.009799984878756933,0.006679588566637701,74,0.14844753895886242,2.367688940315011e-05,6,73.18181818181819,0.7526930663802407,-1.0
0.034216323375908866,0.0032683025217718547,75,0.3374931397847831,1.951128620040094e-05,6,71.81818199157715,0.7504272933439775,-1.0
0.03410790596778194,0.004254346920384301,76,0.34540867898613214,1.6094271405406862e-05,6,72.81818190487948,0.7510049178383568,-1.0
0.03415346652683285,0.004794802671919267,77,0.350664678029716,1.3431113807311488e-05,6,72.81818183985624,0.7590177323601462,-1.0
0.034235689168175064,0.004633263063927491,78,0.3499787871260196,1.1525919802101659e-05,6,72.45454543287104,0.7521586376970465,-1.0
0.034068704298180014,0.0033276526826537317,79,0.3367121710907668,1.0381627060842164e-05,6,73.81818181818181,0.7281847294894132,-1.0
0.034241660989613995,0.0031029424474885068,80,0.3362335788551718,1e-05,6,73.72727287899365,0.7513251714272933,-1.0
0.03720003487542271,0.01758074990939349,1,0.5479504121467471,0.000999618372939158,7,15.000000019868216,5.701120405197144,-1.0
0.03400868633762002,0.00308109566103667,2,0.3710125919897109,0.0009984740801978985,7,12.33333334326744,2.4039489714304607,-1.0
0.03392845564521849,0.005382792768068611,3,0.3932315530255437,0.0009965688861926887,7,20.833333333333332,2.182773739496867,-1.0
0.03411627188324928,0.004095703829079866,4,0.3822390059940517,0.0009939057285945933,7,23.25,2.126685285568237,-1.0
0.0322817848296836,0.003977457270957529,5,0.36269573611207306,0.0009904887137995992,7,24.583333373069763,2.0813643900553385,-1.0
0.010780655406415462,0.005629549478180706,6,0.16423402703367174,0.00098632311059685,7,24.166666746139526,2.0537652842203777,-1.0
0.03413232360035181,0.0028891331050544975,7,0.37036118702962995,0.0009814153420445555,7,26.166666706403095,2.0013234710693357,-1.0
0.03391290365252644,0.004223240562714637,8,0.38147145812399685,0.0009757729755661012,7,27.333333333333332,1.985499823888143,-1.0
0.034098415588960054,0.004065918899141252,9,0.3817513082176447,0.0009694047112816298,7,30.25,1.9499317439397177,-1.0
0.03385872798971832,0.0040598869090899825,10,0.3792958031408489,0.0009623203685930871,7,28.75000003973643,1.9246595287322998,-1.0
0.03406562192831188,0.004157358477823436,11,0.3823374549392611,0.0009545308710434153,7,30.416666666666668,1.8798885854085285,-1.0
0.026910313474945723,0.004096073633991182,12,0.3101643221452832,0.0009460482294732422,7,33.333333333333336,1.8262541182835896,-1.0
0.008100601192563773,0.004449719819240272,13,0.12560431193560362,0.0009368855235010348,7,34.083333353201546,1.792505849202474,-1.0
0.033809855999425056,0.004136665398254991,14,0.379576661856845,0.0009270568813552758,7,35.166666666666664,1.7760136302312215,-1.0
0.03406415740028024,0.004112301697023213,15,0.38187584886327386,0.0009165774580897602,7,35.83333341280619,1.7018404134114584,-1.0
0.03398574809543788,0.004724138416349888,16,0.38721597101539373,0.0009054634122155992,7,35.1666667064031,1.7100725825627645,-1.0
0.03414378648158163,0.003970378520898521,17,0.38125383807346225,0.0008937318807859689,7,37.666666666666664,1.6864496103922526,-1.0
0.03384507328737527,0.004065322410315275,18,0.3792127000633627,0.0008814009529720156,7,36.083333333333336,1.6796418142318725,-1.0
0.02730100608896464,0.005470327101647854,19,0.3278269430156797,0.0008684896421706646,7,42.25000003973643,1.6323262675603232,-1.0
0.008694125083275139,0.004402451915666461,20,0.13106828299351037,0.0008550178566873412,7,40.166666666666664,1.6306031799316407,-1.0
0.03383100021164864,0.0037540990859270098,21,0.3759838731493801,0.0008410063690388064,7,39.6666667064031,1.5873144261042278,-1.0
0.03397718879859894,0.004061008407734335,22,0.3805118869058788,0.0008264767839234412,7,41.0,1.5852556467056274,-1.0
0.03403504260350019,0.004001959809102118,23,0.38049976783804595,0.000811451504908368,7,42.5,1.5597623936335245,-1.0
0.03398140592034906,0.0039039353840053083,24,0.3789808650035411,0.0007959536998847743,7,45.083333333333336,1.530404102007548,-1.0
0.03388492853846401,0.0042494728695601225,25,0.3814694220200181,0.0007800072653447032,7,43.25000015894572,1.4769821166992188,-1.0
0.0278980182018131,0.004095126688480377,26,0.32005937094800174,0.0007636367895343947,7,45.83333337306976,1.4743087895711262,-1.0
0.008796030119992793,0.004352812166325748,27,0.13162589888088405,0.0007468675145409928,7,44.75000007947286,1.4847485876083375,-1.0
0.03382568408269435,0.002655264502391219,28,0.3649439779110253,0.0007297252973710758,7,49.00000015894572,1.4411735773086547,-1.0
0.03439376808237284,0.0029555759159848095,29,0.3736235450487584,0.0007122365700810271,7,45.83333337306976,1.4725931660334268,-1.0
0.03394288236740976,0.0038412771420553325,30,0.3779735639691353,0.0006944282990207196,7,49.083333333333336,1.4329182545344035,-1.0
0.034113339334726336,0.002768067759461701,31,0.368940430926159,0.0006763279432533592,7,49.08333341280619,1.3969218969345092,-1.0
0.03393894212786108,0.003994554467499256,32,0.3794597538653761,0.0006579634122155992,7,47.0,1.4126243464152017,-1.0
0.03168110633268952,0.003982079471461475,33,0.3567617740482092,0.000639363022683212,7,48.08333337306976,1.4198557790120443,-1.0
0.00998861351981759,0.005621181474998594,34,0.15624413010664284,0.0006205554551086735,7,49.166666746139526,1.4100205357869466,-1.0
0.03390433979220688,0.0032465599942952394,35,0.3716738959774375,0.0006015697093979838,7,50.25,1.3597954940795898,-1.0
0.03405450161080807,0.003418101789429784,36,0.37485402706079185,0.0005824350601949146,7,49.166666746139526,1.3784820063908896,-1.0
0.033935702545568346,0.004526591161265969,37,0.3847523620352149,0.0005631810117416299,7,49.25000007947286,1.3776559082667033,-1.0
0.033929028548300266,0.004281072039157152,38,0.38223238405771554,0.0005438372523852835,7,50.666666666666664,1.3341472641626995,-1.0
0.03389605968259275,0.004016955313272774,39,0.3792581120505929,0.0005244336088007391,7,51.0,1.3162254587809246,-1.0
0.028765373514033854,0.003990118694491685,40,0.3276757139246911,0.0005050000000000001,7,50.25000003973643,1.3339722299575805,-1.0
0.010310148517601193,0.00354976886883378,41,0.1387434909120202,0.0004855663911992613,7,51.5,1.3091353972752888,-1.0
0.033993087615817784,0.0033966235816478728,42,0.37405681191012263,0.00046616274761471693,7,51.916666666666664,1.3078076060612995,-1.0
0.03383756640832871,0.0038166169077157976,43,0.3766693351790309,0.00044681898825837057,7,53.50000007947286,1.2726081864039103,-1.0
0.033816456748172644,0.0038506008684635164,44,0.376798678888008,0.000427564939805086,7,54.50000015894572,1.2686303965250652,-1.0
0.0340139732696116,0.004956643632613123,45,0.38983391085639596,0.00040843029060201667,7,52.75000003973643,1.2810063234965006,-1.0
0.03397453899960965,0.0029667874099686743,46,0.3695418571587652,0.000389444544891327,7,54.00000007947286,1.2543694814046225,-1.0
0.029598464514128862,0.003939638473093509,47,0.3355053160339594,0.0003706369773167883,7,53.666666746139526,1.2386225843429566,-1.0
0.00902751563116908,0.0038839108776301144,48,0.12924174591898918,0.0003520365877844012,7,53.16666682561239,1.2464963388442993,-1.0
0.03376841470599175,0.0030163099989295008,49,0.36797795398160815,0.0003336720567466412,7,54.416666746139526,1.2318807085355123,-1.0
0.034006969234906134,0.003787577268667519,50,0.3780758420471102,0.0003155717009792807,7,53.41666682561239,1.2202952082951863,-1.0
0.0339866655645892,0.004671224532648921,51,0.3867105890531093,0.00029776342991897335,7,55.416666666666664,1.2073930835723876,-1.0
0.033999202237464485,0.002649030857719481,52,0.3666103440336883,0.00028027470262892445,7,54.75000015894572,1.2078446833292644,-1.0
0.03426848412491381,0.002722212881781161,53,0.3700358539354056,0.0002631324854590073,7,56.416666746139526,1.191216417948405,-1.0
0.033458470413461325,0.00318376449868083,54,0.36654447205364704,0.0002463632104656054,7,56.83333349227905,1.1485481715202333,-1.0
0.008922408404760062,0.004074213793501258,55,0.13008630205877125,0.0002299927346552969,7,58.25,1.1513512659072875,-1.0
0.033753271168097856,0.0031404716428369284,56,0.36906212591566145,0.00021404630011522587,7,55.333333333333336,1.2016134373346965,-1.0
0.03392667714506388,0.003918604948557914,57,0.3785790600813925,0.00019854849509163232,7,58.416666746139526,1.1416692225138347,-1.0
0.03425644733943045,0.004515612358227372,58,0.38784674601629376,0.00018352321607655918,7,58.58333349227905,1.158721350034078,-1.0
0.033986706845462324,0.00396418864838779,59,0.37963625602424145,0.00016899363096119395,7,57.66666682561239,1.1451239713033041,-1.0
0.03389474854338914,0.006657832255586982,60,0.4056553328409791,0.000154982143312659,7,58.66666682561239,1.129446678161621,-1.0
0.025569751323200763,0.0066518161678686735,61,0.3223405219614506,0.0001415103578293356,7,58.25,1.1281349563598633,-1.0
0.022004848183132707,0.006313205137848854,62,0.28331720805726945,0.0001285990470279847,7,60.33333349227905,1.0969228744506836,-1.0
0.03408397450111807,0.0065947654889896516,63,0.4069219119846821,0.0001162681192140312,7,58.08333341280619,1.1084611749649047,-1.0
0.033968566195108,0.005103299487382173,64,0.3908499039243907,0.00010453658778440107,7,58.08333341280619,1.1116523408889771,-1.0
0.03405099669471383,0.006717677298001945,65,0.40783246885985136,9.342254191024022e-05,7,62.41666682561239,1.0472620185216268,-1.0
0.034114256803877654,0.00444359090179205,66,0.3857058989815414,8.294311864472437e-05,7,59.75000007947286,1.0623594808578491,-1.0
0.03400909937918186,0.002543547307141125,67,0.3656665878370404,7.311447649896551e-05,7,59.666666746139526,1.0993107144037884,-1.0
0.011380702862516046,0.002740248735062778,68,0.14133165986277163,6.395177052675794e-05,7,60.50000015894572,1.0888070408503214,-1.0
0.01962994907516986,0.004223138233646751,69,0.2386541690211743,5.546912895658472e-05,7,61.00000007947286,1.0785007079442341,-1.0
0.034053248702548444,0.004211829602718353,70,0.38278039800934494,4.767963140691306e-05,7,59.0,1.0899073425928751,-1.0
0.034111020457930866,0.003926335438154638,71,0.38050152198411524,4.059528871837034e-05,7,60.00000015894572,1.0889852039019268,-1.0
0.03389659228269011,0.004566023522056639,72,0.384763223817572,3.4227024433899e-05,7,60.25,1.0671757205327352,-1.0
0.03403576104901731,0.0048212496330961585,73,0.38870017183944583,2.8584657955444653e-05,7,59.66666682561239,1.0732154409090677,-1.0
0.03416028395295143,0.0032912930473685265,74,0.37467286502942443,2.367688940315011e-05,7,58.083333333333336,1.1026106532414754,-1.0
0.015368379233404995,0.004878937150351703,75,0.20260189706459641,1.951128620040094e-05,7,62.75,1.0462210512161254,-1.0
0.02472000792622566,0.005497145373374224,76,0.302280476083979,1.6094271405406862e-05,7,61.08333349227905,1.053538277943929,-1.0
0.03396978280507028,0.004060663003474474,77,0.38041672692634165,1.3431113807311488e-05,7,62.83333341280619,1.023338360786438,-1.0
0.03369178539142013,0.0029966461239382624,78,0.36699200607836246,1.1525919802101659e-05,7,62.0,1.0486527935663859,-1.0
0.034258417203091085,0.003799818200059235,79,0.3807160151191056,1.0381627060842164e-05,7,60.83333341280619,1.0757662272453308,-1.0
0.034188821585848926,0.002817514631897211,80,0.3701962211634964,1e-05,7,60.33333349227905,1.066518268585205,-1.0
0.03669821873137897,0.01459983317181468,1,0.5644406138453633,0.000999618372939158,8,16.153846158431126,4.441122109339787,-1.0
0.033888619477775966,0.0024706643413413653,2,0.40009468514472246,0.0009984740801978985,8,20.53846153846154,2.2434526194058932,-1.0
0.03382083108987321,0.0025884878229011188,3,0.400634195888415,0.0009965688861926887,8,24.53846153846154,2.093959115101741,-1.0
0.03399041297168217,0.004508886020630598,4,0.4236227748915553,0.0009939057285945933,8,23.461538452368515,2.032239238665654,-1.0
0.02332713397812437,0.0038476555650545793,5,0.2990534510463476,0.0009904887137995992,8,26.23076923076923,1.9848424361302301,-1.0
0.010823396838862787,0.003515511073849418,6,0.1578509919345379,0.00098632311059685,8,27.76923076923077,1.9344463638158944,-1.0
0.03441320474005558,0.0037007820792496204,7,0.4194039099384099,0.0009814153420445555,8,32.538461547631485,1.8492548788510836,-1.0
0.034199894829229874,0.003877464893528006,8,0.41900069219991565,0.0009757729755661012,8,32.61538462455456,1.8189592104691725,-1.0
0.034045257859609344,0.003670852588997646,9,0.41502837208099663,0.0009694047112816298,8,33.076923086093025,1.792661462196937,-1.0
0.03420388237149878,0.00251361791213805,10,0.4040422569960356,0.0009623203685930871,8,35.461538466123436,1.753707334445073,-1.0
0.03398605867881666,0.003690871579403227,11,0.4145795130170882,0.0009545308710434153,8,38.1538461630161,1.699285255578848,-1.0
0.01201802229678089,0.0036308222492648797,12,0.17226685397326946,0.0009460482294732422,8,36.923076913906975,1.6630108994704027,-1.0
0.023707605348053305,0.0028447489338842306,13,0.29223147104494274,0.0009368855235010348,8,38.1538461630161,1.6942873918093169,-1.0
0.03418319837444208,0.003652115902778777,14,0.4163209558464587,0.0009270568813552758,8,39.92307695058676,1.6381746728603657,-1.0
0.034143533959815446,0.0037569865923036227,15,0.4170598171185702,0.0009165774580897602,8,40.38461541212522,1.6078099646935096,-1.0
0.033935859820551494,0.003941520074890418,16,0.4167830180376768,0.0009054634122155992,8,40.76923076923077,1.5787445064691397,-1.0
0.033846877070821145,0.0022973717317323794,17,0.39771509100683033,0.0008937318807859689,8,41.30769230769231,1.5637480746782744,-1.0
0.028748530767519365,0.004063609140840444,18,0.361053658882156,0.0008814009529720156,8,42.15384617218604,1.5388997936248778,-1.0
0.00831725272688676,0.004034649072722955,19,0.13599241292104125,0.0008684896421706646,8,45.23076924910912,1.5142195136730487,-1.0
0.03384427019310268,0.003654629627073353,20,0.4126341079827398,0.0008550178566873412,8,45.923076913906975,1.482475152382484,-1.0
0.033880322155627335,0.003624373496594754,21,0.41268153791315854,0.0008410063690388064,8,46.84615387366368,1.4687288482372578,-1.0
0.033799950160424815,0.002348384100266478,22,0.39777842815965414,0.0008264767839234412,8,43.76923078757066,1.494658343241765,-1.0
0.03393475188535045,0.0028599256607280536,23,0.4048728598281741,0.000811451504908368,8,44.999999990830055,1.490366528217609,-1.0
0.03387728820300915,0.0025226148057051682,24,0.40052826702594757,0.0007959536998847743,8,46.923076913906975,1.417829684477586,-1.0
0.019736592509699138,0.0025405637623572893,25,0.24516918999142945,0.0007800072653447032,8,48.30769230769231,1.4083853963705208,-1.0
0.016507701778953724,0.0024691190443594346,26,0.2088723301421851,0.0007636367895343947,8,48.38461539378533,1.4101954419796283,-1.0
0.033918752102181315,0.0025093649006025357,27,0.4008349960204214,0.0007468675145409928,8,46.69230771064758,1.4341444283265334,-1.0
0.033935010031035,0.003649963595142419,28,0.4135639639571309,0.0007297252973710758,8,48.000000004584976,1.4128704122396616,-1.0
0.03388817216777666,0.003892541101033037,29,0.4157205051742494,0.0007122365700810271,8,50.23076923076923,1.3528759640913743,-1.0
0.03392978543838994,0.004150829108601267,30,0.41899618296884,0.0006944282990207196,8,51.2307692857889,1.3161349846766546,-1.0
0.03391382542692802,0.00302876794541424,31,0.4064777409657836,0.0006763279432533592,8,51.23076923076923,1.3414492911558884,-1.0
0.009650489654053341,0.0036972300572828813,32,0.14693030598573387,0.0006579634122155992,8,49.61538462455456,1.344850991322444,-1.0
0.026154193984852595,0.0027350623753260484,33,0.31789107411168516,0.000639363022683212,8,52.23076924910912,1.3137695895708523,-1.0
0.0339728417086669,0.0025712306484241376,34,0.40211964794434607,0.0006205554551086735,8,52.46153846153846,1.2818986166440525,-1.0
0.0338136295533993,0.0029276143547824836,35,0.40426211594603956,0.0006015697093979838,8,52.23076921242934,1.2841255540114183,-1.0
0.033964368726380846,0.003619961186566136,36,0.41355823492631316,0.0005824350601949146,8,54.23076924910912,1.2563459422038152,-1.0
0.033854386896233664,0.0036337191916324878,37,0.4124999139457941,0.0005631810117416299,8,52.69230771981753,1.2489602184295654,-1.0
0.02796577247367664,0.003593933895568956,38,0.3472797938156873,0.0005438372523852835,8,55.3846153662755,1.2308802685370812,-1.0
0.010108168236911297,0.0036319108595224943,39,0.15129830595105886,0.0005244336088007391,8,54.46153846153846,1.220011550096365,-1.0
0.033775476992807606,0.002420407656410878,40,0.3982866599690169,0.0005050000000000001,8,55.23076921242934,1.21001658476316,-1.0
0.03392407221888954,0.0036131735806438055,41,0.41304359515197575,0.0004855663911992613,8,54.46153846153846,1.1945422370617207,-1.0
0.03384373601610688,0.0035712177103216,42,0.41167714982293546,0.00046616274761471693,8,57.69230769230769,1.1659456221873943,-1.0
0.033929428974674505,0.004009830744259737,43,0.41744058998301625,0.00044681898825837057,8,55.846153864493736,1.1730515340658334,-1.0
0.03388411515731026,0.00351637011309239,44,0.4115145520772785,0.000427564939805086,8,57.307692344372086,1.167047131061554,-1.0
0.01672748662531376,0.002796519018540328,45,0.21486901002936065,0.00040843029060201667,8,58.76923077840071,1.1343913738544171,-1.0
0.01684619774195281,0.0029124888083474202,46,0.21745471586473286,0.000389444544891327,8,59.0,1.1041518523142888,-1.0
0.03394278674386442,0.002958069174465808,47,0.4060171071905643,0.0003706369773167883,8,59.00000005501967,1.111390327673692,-1.0
0.03394572294994511,0.0024414928629994392,48,0.40036973007954657,0.0003520365877844012,8,59.00000003667978,1.0929405557192289,-1.0
0.03361775656230748,0.002587641335346482,49,0.3983715649228543,0.0003336720567466412,8,59.461538452368515,1.0821343697034396,-1.0
0.033926773075522346,0.0025937791109423747,50,0.40183473797515035,0.0003155717009792807,8,61.46153846153846,1.0727294503725493,-1.0
0.03385698024860837,0.0025313441980291495,51,0.4003880340605974,0.00029776342991897335,8,60.84615382781396,1.0716477258388812,-1.0
0.012429945932870562,0.002416244792667302,52,0.1634124950505793,0.00028027470262892445,8,60.46153846153846,1.054287555034344,-1.0
0.01792196499776434,0.003103524636985226,53,0.23138910997658968,0.0002631324854590073,8,62.461538489048294,1.0406797137627235,-1.0
0.033869090024381876,0.0028019152497026053,54,0.4034916840028018,0.0002463632104656054,8,63.46153847987835,1.0321631268354563,-1.0
0.03400492492470552,0.002607434797524051,55,0.4028434380888939,0.0002299927346552969,8,61.69230768313775,1.0340234198937048,-1.0
0.033847712467170575,0.002391611077738079,56,0.39874232397414744,0.00021404630011522587,8,62.46153844319857,1.02120971092811,-1.0
0.03395936712199314,0.00383615680038929,57,0.415863080881536,0.00019854849509163232,8,62.384615439635056,1.046254113820883,-1.0
0.033928669671612705,0.003676047252321785,58,0.4137654460500926,0.00018352321607655918,8,63.2307692857889,1.0366593054624704,-1.0
0.008861190808767622,0.0035429807295176115,59,0.13654826115816832,0.00016899363096119395,8,63.84615387366368,0.9705636941469633,-1.0
0.02979166746478189,0.0035762825388122687,60,0.36715366994030774,0.000154982143312659,8,63.0,1.0050024799200206,-1.0
0.03379552603953264,0.003404546126892621,61,0.40931358304806054,0.0001415103578293356,8,64.46153847987836,0.969109626366542,-1.0
0.033893890932879665,0.0036195293280550027,62,0.41275336197577417,0.0001285990470279847,8,66.00000005501967,0.9475325951209435,-1.0
0.03394403050399639,0.00357510913586752,63,0.41281930916011333,0.0001162681192140312,8,64.69230771981753,0.977184594961313,-1.0
0.0339163252025504,0.003512144342742183,64,0.4118275272194296,0.00010453658778440107,8,64.3076923076923,0.9561456353847797,-1.0
0.02308717899193818,0.0035904345356605268,65,0.29355939803645015,9.342254191024022e-05,8,67.07692309526297,0.936705128963177,-1.0
0.008578696965493939,0.0033576468386772003,66,0.1313984498847276,8.294311864472437e-05,8,64.30769234437209,0.9675063672432532,-1.0
0.03390466843054376,0.0022157159506935964,67,0.3974295270163566,7.311447649896551e-05,8,64.92307697809659,0.9442641016153189,-1.0
0.03393024400892583,0.002560468644581058,68,0.40150986798107624,6.395177052675794e-05,8,65.23076923076923,0.9576288777131301,-1.0
0.03377691163173453,0.003920980453999205,69,0.4147885099519044,5.546912895658472e-05,8,65.6153846337245,0.921537646146921,-1.0
0.03396577534096485,0.004401672652668573,70,0.42215376696549356,4.767963140691306e-05,8,65.53846159348122,0.9353426713209886,-1.0
0.034006420014934105,0.0036308443470096045,71,0.41414144611917436,4.059528871837034e-05,8,66.6153846337245,0.8954355969795814,-1.0
0.01510649460198527,0.005514426664872603,72,0.22693193703889847,3.4227024433899e-05,8,65.92307695058676,0.9308383464813232,-1.0
0.02167518536390906,0.004106444730000062,73,0.28370719496160746,2.8584657955444653e-05,8,66.6153846337245,0.9245563741830679,-1.0
0.03395080075345256,0.0026794082527472215,74,0.40304575907066464,2.367688940315011e-05,8,67.84615382781395,0.9214391856927138,-1.0
0.03391588970341466,0.004384598017416217,75,0.4214151999913156,1.951128620040094e-05,8,67.84615385532379,0.905645570388207,-1.0
0.03392636553723027,0.0037743955511938443,76,0.4148170449770987,1.6094271405406862e-05,8,66.6923076923077,0.9250843462577233,-1.0
0.03389675328931348,0.003919075899334116,77,0.4160834748763591,1.3431113807311488e-05,8,66.07692311360286,0.9130702682641836,-1.0
0.03121888032183051,0.003550982420248064,78,0.3825737179722637,1.1525919802101659e-05,8,67.46153851655814,0.8928954788354727,-1.0
0.008853874761949886,0.0028747919608246198,79,0.12911857920698822,1.0381627060842164e-05,8,65.53846152012164,0.933034961773799,-1.0
0.033729339060796934,0.003179520559073849,80,0.40610525803640485,1e-05,8,66.61538459704472,0.9097073716383713,-1.0
0.03710033143447204,0.015394745839082381,1,0.5775880739092827,0.000999618372939158,9,14.857142882687706,5.398406205858503,-1.0
0.034362140937115655,0.004122095076705922,2,0.4234535968862474,0.0009984740801978985,9,19.85714292526245,2.469579203469413,-1.0
0.03437858946960081,0.0025864918927916074,3,0.40674118394963443,0.0009965688861926887,9,20.571428571428573,2.1402610560825894,-1.0
0.03427530209195207,0.004131734900345857,4,0.4226002409122884,0.0009939057285945933,9,23.642857219491685,2.0894078622545513,-1.0
0.02282532890835269,0.002558230168440125,5,0.279323945986107,0.0009904887137995992,9,24.2142858675548,2.0522063268933977,-1.0
0.014779323733157733,0.003175634446299889,6,0.19762653415091336,0.00098632311059685,9,23.85714292526245,2.0169676957811626,-1.0
0.034318999366157434,0.0038734066342426972,7,0.4202278428710997,0.0009814153420445555,9,26.357142891202653,1.9760371140071324,-1.0
0.03430551531809298,0.003631575943224809,8,0.4174239789135754,0.0009757729755661012,9,29.21428574834551,1.964583911895752,-1.0
0.034269134111871775,0.003817643885585395,9,0.4190663369372487,0.0009694047112816298,9,28.14285729612623,1.9142357097353253,-1.0
0.03431054086170413,0.003689154326407747,10,0.41811010614037514,0.0009623203685930871,9,30.2142859016146,1.8990210376467023,-1.0
0.03432144535790113,0.0036290558266707444,11,0.41756412712857127,0.0009545308710434153,9,30.928571573325566,1.8699300697871617,-1.0
0.011071254160593857,0.002371559004214677,12,0.14797525177709758,0.0009460482294732422,9,33.64285717691694,1.8064727742331368,-1.0
0.023877490862188013,0.00281372058882632,13,0.29372053290717304,0.0009368855235010348,9,34.28571442195347,1.76208295413426,-1.0
0.03422031280669299,0.002549751555885781,14,0.40458646207116544,0.0009270568813552758,9,36.57142872469766,1.7251470027651106,-1.0
0.034337829375131565,0.003943476614288308,15,0.42120672506280243,0.0009165774580897602,9,38.21428581646511,1.66182957308633,-1.0
0.0343827687796544,0.003902318146587773,16,0.4212476641405374,0.0009054634122155992,9,37.50000028950827,1.6562810720716203,-1.0
0.034332436763427475,0.004018944328312169,17,0.4219853919930756,0.0008937318807859689,9,38.85714314665113,1.6250756815501621,-1.0
0.029581409265202554,0.0036105497274547815,18,0.3652135129086673,0.0008814009529720156,9,39.9285718032292,1.6126006187711444,-1.0
0.009082629493522372,0.003580808703025634,19,0.13940390897914767,0.0008684896421706646,9,40.92857168401991,1.5900711073194231,-1.0
0.03411314418454739,0.0023148591757159343,20,0.40082227904349566,0.0008550178566873412,9,45.35714299338205,1.5141820621490478,-1.0
0.034326305041428314,0.0028201750352640042,21,0.4087240300141275,0.0008410063690388064,9,43.00000018732889,1.5077034745897566,-1.0
0.03428285522386432,0.0024752694139765067,22,0.4044483839534223,0.0008264767839234412,9,42.642857210976736,1.5226246609006608,-1.0
0.034299236023798585,0.0038800637915053153,23,0.42009807797148824,0.000811451504908368,9,44.50000028950827,1.497704610824585,-1.0
0.03436003365045921,0.0024785751646215267,24,0.4053373869974166,0.0007959536998847743,9,44.7142859186445,1.4683557006290981,-1.0
0.020386146762492983,0.003875748042694547,25,0.2669877731241286,0.0007800072653447032,9,45.71428603785379,1.4449229172297886,-1.0
0.014971727251329205,0.0031053797468881717,26,0.19895523809827864,0.0007636367895343947,9,46.000000153269085,1.418933001245771,-1.0
0.034385952527042137,0.0035579486496069217,27,0.4175143900793046,0.0007468675145409928,9,45.35714311259134,1.432988018989563,-1.0
0.03438804903998971,0.003588309045881033,28,0.4178718379698694,0.0007297252973710758,9,47.42857156481062,1.4169739859444754,-1.0
0.034369788809933445,0.003146376630122011,29,0.4127898889128119,0.0007122365700810271,9,50.14285751751491,1.3351213223593577,-1.0
0.03433796473440121,0.003961629636416381,30,0.42140962998382747,0.0006944282990207196,9,49.7142858505249,1.381615172794887,-1.0
0.03422298424199901,0.003584040858020837,31,0.4159916981589049,0.0006763279432533592,9,51.571428877966746,1.330075306892395,-1.0
0.009351874511180953,0.004011281850663098,32,0.1471013289410621,0.0006579634122155992,9,50.92857187134879,1.3398028244291034,-1.0
0.0282429814635014,0.002997966440902515,33,0.34377197991125286,0.000639363022683212,9,50.571428656578064,1.3145105927331107,-1.0
0.03435542390004478,0.0036465437363155865,34,0.4181357459165156,0.0006205554551086735,9,52.357142959322246,1.3046743188585554,-1.0
0.034363789822567596,0.003713138465007598,35,0.41895678685978055,0.0006015697093979838,9,52.78571469443185,1.2860683304922922,-1.0
0.03437304126352749,0.003912893737750975,36,0.42125637200661004,0.0005824350601949146,9,52.571428707667756,1.302518103463309,-1.0
0.03428557491861284,0.002548506631600586,37,0.4052863239776343,0.0005631810117416299,9,53.857142891202656,1.2523209912436348,-1.0
0.02602450674484399,0.0039913808842274275,38,0.3302775181364268,0.0005438372523852835,9,53.071428877966746,1.2558427136284964,-1.0
0.008618727284060284,0.003540718356486071,39,0.13385749701410532,0.0005244336088007391,9,55.21428574834551,1.2557556349890573,-1.0
0.034254476936026054,0.0036398910663344645,40,0.4169473520014435,0.0005050000000000001,9,55.50000023841858,1.2001803854533604,-1.0
0.034229709724472326,0.002715680451894348,41,0.4065274849999696,0.0004855663911992613,9,56.21428579943521,1.2157718849182129,-1.0
0.03432487649843097,0.0024870358703827315,42,0.4050541801843792,0.00046616274761471693,9,55.78571469443185,1.1971684421811786,-1.0
0.03435897367837077,0.0024954658636653967,43,0.40551832504570484,0.00044681898825837057,9,56.642857449395315,1.1846110527856009,-1.0
0.03430115126750686,0.003643615636974573,44,0.41750897094607353,0.000427564939805086,9,57.142857142857146,1.1794942195074898,-1.0
0.019996565343304115,0.003471432380716909,45,0.25825393479317427,0.00040843029060201667,9,54.35714309556143,1.1797191177095685,-1.0
0.01399507335471836,0.0035247405440631237,46,0.19282987085171044,0.000389444544891327,9,57.07142891202654,1.1624733870370048,-1.0
0.0344140305691822,0.003632099177180366,47,0.4186177540104836,0.0003706369773167883,9,59.357142959322246,1.1332694012778146,-1.0
0.034211029086939314,0.0027455280915918675,48,0.40663312608376145,0.0003520365877844012,9,57.0000000681196,1.130181303705488,-1.0
0.03432981015860357,0.003844138573516499,49,0.42003309610299766,0.0003336720567466412,9,56.64285717691694,1.1223868131637573,-1.0
0.034336726096543396,0.0024856773670762777,50,0.4051629339810461,0.0003155717009792807,9,59.78571449007307,1.1109794759750367,-1.0
0.0343819400083951,0.003534336807206273,51,0.41719138412736356,0.00029776342991897335,9,60.21428608894348,1.080640959739685,-1.0
0.01568167912773788,0.0037349098658358507,52,0.34921659086830914,0.00028027470262892445,9,58.35714326586042,1.1039939744131906,-1.0
0.03429358615539968,0.0037265930282460017,53,0.4183524770196527,0.0002631324854590073,9,62.00000010217939,1.0444030959265573,-1.0
0.034216268178583545,0.002705826275897297,54,0.406252252869308,0.0002463632104656054,9,61.42857183728899,1.0322124031611852,-1.0
0.034331422045149586,0.003470247590237043,55,0.41593022481538355,0.0002299927346552969,9,60.92857166699001,1.0588312162671771,-1.0
0.03435381891375238,0.004224375461820851,56,0.42447195504792035,0.00021404630011522587,9,61.92857156481062,1.0512610742024013,-1.0
0.034257168373601,0.0037428599951619453,57,0.41811252082698047,0.00019854849509163232,9,60.78571435383388,1.0250406588826861,-1.0
0.009019502586769786,0.004360135687007146,58,0.14728094800375402,0.00018352321607655918,9,63.85714340209961,1.0093600508144924,-1.0
0.02759631761265072,0.0030635537537322803,59,0.33737123501487076,0.00016899363096119395,9,62.500000306538176,1.003858289718628,-1.0
0.034299744123762306,0.0036846376870843496,60,0.41794208087958395,0.000154982143312659,9,64.07142874172756,0.9797946994645255,-1.0
0.03438255650160665,0.0034490556625480003,61,0.4162874440662563,0.0001415103578293356,9,62.57142860548837,0.9969372354234968,-1.0
0.03428682966411791,0.0035294328011911025,62,0.41609328985214233,0.0001285990470279847,9,61.6428575856345,1.0355840911184038,-1.0
0.03426949245939878,0.002393770454959436,63,0.40341007290408015,0.0001162681192140312,9,63.28571479661124,0.999464293888637,-1.0
0.027729485459117728,0.0034397134388034992,64,0.3429691691417247,0.00010453658778440107,9,64.14285741533551,1.0040971762793405,-1.0
0.009233896176076749,0.0037381101865321398,65,0.14280100306496024,9.342254191024022e-05,9,64.85714340209961,0.9632311347552708,-1.0
0.034380109239877624,0.0038945935666561127,66,0.4211538990493864,8.294311864472437e-05,9,64.57142908232552,0.9660921468053545,-1.0
0.034367452735419975,0.004632739815860987,67,0.4291159799322486,7.311447649896551e-05,9,64.9285717351096,0.9985729667118618,-1.0
0.034259107493033465,0.0026912487704645505,68,0.40656657912768424,6.395177052675794e-05,9,64.35714309556144,0.9920404389926365,-1.0
0.0342253904832019,0.0037813720674338665,69,0.41819566022604704,5.546912895658472e-05,9,65.00000034059796,0.9590840898241315,-1.0
0.03441032066687264,0.003942468796264042,70,0.4219974100124091,4.767963140691306e-05,9,64.92857193946838,0.9375207730701991,-1.0
0.014858192023397847,0.003995992687784813,71,0.20750466594472528,4.059528871837034e-05,9,65.50000020435878,0.9476171173368182,-1.0
0.02282443801364438,0.003967564637688073,72,0.29483148897998035,3.4227024433899e-05,9,64.57142874172756,0.9650835943222046,-1.0
0.03432472374036231,0.0027666775171052327,73,0.408128147944808,2.8584657955444653e-05,9,65.35714329992022,0.9620225078719002,-1.0
0.03434175267730924,0.0038594204339791427,74,0.42032824782654643,2.367688940315011e-05,9,67.07142898014614,0.9352754545211792,-1.0
0.0343494778287343,0.004511642163958062,75,0.4275836059823632,1.951128620040094e-05,9,65.21428619112287,0.931180864402226,-1.0
0.03448375955816697,0.0026245077182962136,76,0.40830483101308346,1.6094271405406862e-05,9,65.07142870766776,0.9397622047151838,-1.0
0.03191802106713029,0.0030512013895945115,77,0.38477003085426986,1.3431113807311488e-05,9,65.4285717010498,0.9433244844845363,-1.0
0.009205708915198391,0.003371395445852117,78,0.13847275404259562,1.1525919802101659e-05,9,65.50000006811959,0.951523653098515,-1.0
0.03421355889771472,0.002645871453833851,79,0.40557263302616775,1.0381627060842164e-05,9,64.2142858505249,0.95843364409038,-1.0
0.034352501007643615,0.0026940139941871166,80,0.4076266479678452,1e-05,9,65.21428602082389,0.9588116897855486,-1.0
0.036667876838085554,0.014218958909623325,1,0.610780396964401,0.000999618372939158,10,12.33333335717519,5.411319046656291,-1.0
0.034220652344326176,0.003452974410417179,2,0.45220348215661943,0.0009984740801978985,10,22.066666730244954,2.179086453119914,-1.0
0.034253818759073816,0.0037933782441541553,3,0.4566902599763125,0.0009965688861926887,10,24.20000011920929,2.072951742808024,-1.0
0.03377371659735218,0.003599918408629795,4,0.448592163156718,0.0009939057285945933,10,26.33333345254262,2.022244062423706,-1.0
0.008746277346896628,0.0043324291667280095,5,0.15705051785334945,0.0009904887137995992,10,27.33333331743876,1.994728406906128,-1.0
0.03408327547367662,0.0021945396826292076,6,0.4354596610646695,0.00098632311059685,10,30.733333333333334,1.945165425936381,-1.0
0.03432077668063963,0.003748296992853284,7,0.4569482528604567,0.0009814153420445555,10,29.933333309491477,1.903066606839498,-1.0
0.03413851328271752,0.0028789460581416884,8,0.4443194670602679,0.0009757729755661012,10,33.00000007152558,1.850190855662028,-1.0
0.0341938606191737,0.003856678221685191,9,0.4567150289658457,0.0009694047112816298,10,34.00000003973643,1.7989093866348267,-1.0
0.033778495679143816,0.003733328660018742,10,0.4502470400184393,0.0009623203685930871,10,36.80000004768372,1.7328135369618733,-1.0
0.008766559534706175,0.002609416221578916,11,0.136618449119851,0.0009545308710434153,10,37.46666672229767,1.6935118188858032,-1.0
0.03405537720148762,0.0030406765484561524,12,0.4452690698672086,0.0009460482294732422,10,38.13333332538605,1.671097308476766,-1.0
0.03419199463678524,0.0034557952118727067,13,0.45188482594676316,0.0009368855235010348,10,40.80000006357829,1.6207017409006754,-1.0
0.034218816785141826,0.0034630827140063047,14,0.4522911470849067,0.0009270568813552758,10,39.533333309491475,1.593936237335205,-1.0
0.0342333817970939,0.0042437854572199285,15,0.46183883608318865,0.0009165774580897602,10,42.133333365122475,1.5764757709503174,-1.0
0.03350976986500124,0.004229147472263624,16,0.4529776449780911,0.0009054634122155992,10,43.06666668256124,1.5674133284886678,-1.0
0.008725463490312299,0.004442904765407245,17,0.15812619705684483,0.0008937318807859689,10,42.20000003973643,1.5296966927846274,-1.0
0.03397045073021824,0.0026820700926085315,18,0.4399524030741304,0.0008814009529720156,10,43.800000031789146,1.5066260709762573,-1.0
0.034130740425704666,0.003381274077886095,19,0.45025627315044403,0.0008684896421706646,10,46.93333341280619,1.4893633540471394,-1.0
0.03423706416894371,0.0034884215759423873,20,0.45281679509207606,0.0008550178566873412,10,46.799999968210855,1.442286345799764,-1.0
0.03431102786756431,0.004876811464782804,21,0.4703813230153173,0.0008410063690388064,10,46.46666674613952,1.441902570406596,-1.0
0.033892047979558505,0.0023615938650133708,22,0.43517199507914484,0.0008264767839234412,10,46.86666669845581,1.429276903152466,-1.0
0.009039148862939328,0.0024364611211543283,23,0.1378125878982246,0.000811451504908368,10,47.79999996026357,1.3910245043436686,-1.0
0.034100680612027645,0.0029777151454860964,24,0.4450571241322905,0.0007959536998847743,10,49.26666664282481,1.3733521814346314,-1.0
0.034220765655239425,0.0032724313399133584,25,0.450027858838439,0.0007800072653447032,10,48.53333336512248,1.3442862825393678,-1.0
0.0342261014933077,0.0033644367552672825,26,0.4511990989558399,0.0007636367895343947,10,50.133333349227904,1.3211624428431192,-1.0
0.03417892866612723,0.004398340922004233,27,0.4630386920180172,0.0007468675145409928,10,50.66666663487752,1.3512845757802328,-1.0
0.03402631093437473,0.003933077813902249,28,0.45562043599784374,0.0007297252973710758,10,50.666666682561235,1.3307963698705036,-1.0
0.00880042186084514,0.0036171062189775207,29,0.1491145039908588,0.0007122365700810271,10,51.800000111262,1.2983329362869263,-1.0
0.034156241512391716,0.002507122408133,30,0.4400776349939406,0.0006944282990207196,10,54.13333328564962,1.2559889033635456,-1.0
0.03419852280057967,0.0022424745257012546,31,0.43740116292610765,0.0006763279432533592,10,51.60000001589457,1.283785311381022,-1.0
0.034288679560025535,0.002910989123241355,32,0.4470056490972638,0.0006579634122155992,10,53.73333355585734,1.251360198656718,-1.0
0.034278890680676945,0.0035018890630453825,33,0.45348577201366425,0.000639363022683212,10,55.60000012715658,1.2245298954645794,-1.0
0.03419146686792374,0.004025402149030318,34,0.45871389587409794,0.0006205554551086735,10,54.19999990463257,1.2291692228317261,-1.0
0.008447035662053773,0.003208794592258831,35,0.13997644209302962,0.0006015697093979838,10,55.00000004768371,1.1966309728622437,-1.0
0.03204388835001737,0.0040564525600833195,36,0.43332726578228176,0.0005824350601949146,10,55.999999888737996,1.1968278630574545,-1.0
0.03425494567879165,0.004685645981226116,37,0.4673972260206938,0.0005631810117416299,10,57.06666668256124,1.17521319770813,-1.0
0.034287016334322594,0.003942158170199643,38,0.4588830329012126,0.0005438372523852835,10,54.866666873296104,1.2052863057454426,-1.0
0.034121668024454266,0.0036288732274745903,39,0.4531264950055629,0.0005244336088007391,10,56.800000238418576,1.1896519238154093,-1.0
0.03426007565576583,0.003322790105206271,40,0.4511061168741435,0.0005050000000000001,10,58.13333350817363,1.1267006584803263,-1.0
0.008901053205287704,0.004650236786498378,41,0.16271918616257608,0.0004855663911992613,10,59.1333335240682,1.129583892027537,-1.0
0.03407122538192198,0.0027589654588761428,42,0.4420813180040568,0.00046616274761471693,10,59.399999936421715,1.108654418627421,-1.0
0.03408909204881638,0.00216489628655836,43,0.43515964807011187,0.00044681898825837057,10,60.466666555404665,1.0799920021692913,-1.0
0.034185059485025704,0.0034910969358558455,44,0.45222418289631605,0.000427564939805086,10,60.06666685740153,1.0700675042470296,-1.0
0.03418661815036709,0.0032371546840295196,45,0.44919856498017907,0.00040843029060201667,10,61.93333341280619,1.0715249336560568,-1.0
0.03420340258162469,0.002502828234961877,46,0.4405849049799144,0.000389444544891327,10,60.800000222524005,1.05989883963267,-1.0
0.009870555310044438,0.004977311356924474,47,0.17828143993392587,0.0003706369773167883,10,62.00000017484029,1.0512931118011475,-1.0
0.03259005116221184,0.0025309663421163955,48,0.4215846380684525,0.0003520365877844012,10,63.06666663487752,1.0195760087966919,-1.0
0.0341548677533865,0.003174002243516346,49,0.44807540299370885,0.0003336720567466412,10,63.40000023841858,0.9791566425959269,-1.0
0.03418667094471554,0.0036806042189709842,50,0.4545346728991717,0.0003155717009792807,10,64.80000023841858,0.9995430974960328,-1.0
0.034301842213608325,0.0032350833838184676,51,0.4505717500578612,0.00029776342991897335,10,64.93333349227905,0.9790362024307251,-1.0
0.034195623418781906,0.004055266152136028,52,0.4591435338370502,0.00028027470262892445,10,64.0666667620341,0.9819550471305847,-1.0
0.008903208596166223,0.0034558239858597517,53,0.148436623159796,0.0002631324854590073,10,63.86666655540466,0.9579436674118041,-1.0
0.028918931842781603,0.00239271674460421,54,0.3758758280891925,0.0002463632104656054,10,62.333333571751915,1.0042233762741088,-1.0
0.03424519265536219,0.0030393540121925375,55,0.44754791096784174,0.0002299927346552969,10,66.13333344459534,0.959303539276123,-1.0
0.03417164376393581,0.003346802647380779,56,0.4503554180264473,0.00021404630011522587,10,65.86666682561238,0.9436813961664836,-1.0
0.03417024906957522,0.004261697758920491,57,0.4613169028889388,0.00019854849509163232,10,65.20000015894571,0.9169281531969706,-1.0
0.03414872426462049,0.0023865624874209366,58,0.4385566811542958,0.00018352321607655918,10,66.73333349227906,0.9107546876271566,-1.0
0.014069300571766993,0.0024979375884868205,59,0.19893384911119938,0.00016899363096119395,10,66.46666674613952,0.8961452349026998,-1.0
0.020281503597895306,0.002364506828598678,60,0.2718876290600747,0.000154982143312659,10,67.00000020662944,0.9160666786829631,-1.0
0.034148954262491316,0.002326760169429084,61,0.4378388880286366,0.0001415103578293356,10,66.80000023841858,0.8831149911880494,-1.0
0.03417990826225529,0.003264709065357844,62,0.44946331111714244,0.0001285990470279847,10,66.66666677792867,0.9047540831565857,-1.0
0.034131083792696394,0.0032881827016050615,63,0.4491667707916349,0.0001162681192140312,10,67.20000015894571,0.8786256930033366,-1.0
0.034375023698279016,0.0035223986487835646,64,0.4548995338845998,0.00010453658778440107,10,69.13333328564961,0.8642883925437927,-1.0
0.023157159506808966,0.003136700252071023,65,0.31565239606425166,9.342254191024022e-05,10,68.00000019073487,0.874617560227712,-1.0
0.01536580534108604,0.0029211389871003726,66,0.21956993313506246,8.294311864472437e-05,10,70.26666682561239,0.8490706925392151,-1.0
0.03430212960423281,0.003198262653313577,67,0.45061576506122947,7.311447649896551e-05,10,68.80000011126201,0.8628297077814738,-1.0
0.034298099228180945,0.003324093277721355,68,0.45159858791157603,6.395177052675794e-05,10,70.00000007947285,0.8519482609430948,-1.0
0.034486479863213994,0.0032937274663709104,69,0.4534965390339494,5.546912895658472e-05,10,68.9333333015442,0.8776371213595072,-1.0
0.034301497313814856,0.003832564689218998,70,0.45774082210846245,4.767963140691306e-05,10,71.19999998410543,0.8209609281222026,-1.0
0.025468812421119463,0.0038205899957877896,71,0.3515993799082935,4.059528871837034e-05,10,69.26666674613952,0.8425544177691142,-1.0
0.011863631972422203,0.003330256692909946,72,0.18243863200768828,3.4227024433899e-05,10,68.86666677792867,0.8632378996213277,-1.0
0.034224532272977136,0.003361181569440911,73,0.45113985310308635,2.8584657955444653e-05,10,70.93333341280619,0.8312431478500366,-1.0
0.0343495467871738,0.0038221004651859403,74,0.45817019417881966,2.367688940315011e-05,10,70.0666666984558,0.8286339570681254,-1.0
0.03423433176552256,0.0031867362170790634,75,0.44916408183053136,1.951128620040094e-05,10,69.7333335240682,0.8286221769650777,-1.0
0.03420405287761241,0.003768259620604416,76,0.4557810800615698,1.6094271405406862e-05,10,70.8666667620341,0.8410775570869445,-1.0
0.02886719611706212,0.003408523373461018,77,0.38741200999356806,1.3431113807311488e-05,10,70.4666667620341,0.8391513368288676,-1.0
0.008998577133752406,0.0035378251147146025,78,0.15054654190316796,1.1525919802101659e-05,10,69.66666671435038,0.8305865392684937,-1.0
0.03430965222651139,0.0031489633450595043,79,0.44961816910654306,1.0381627060842164e-05,10,70.80000001589457,0.8230885109901428,-1.0
0.03430962855539595,0.0033467973698861897,80,0.45199114293791354,1e-05,10,70.46666685740153,0.8156035923957825,-1.0
0.028346595408108372,0.012657171509300288,1,0.5331875069532543,0.000999618372939158,11,16.5625,4.754098682403565,-1.0
0.01844537680825362,0.002195007651327894,2,0.2684558948967606,0.0009984740801978985,11,17.9375,2.29065071105957,-1.0
0.03413539587591703,0.0019152091207126011,3,0.46878336393274367,0.0009965688861926887,11,25.1875,2.068349151611328,-1.0
0.03403513443369705,0.0024599374200289068,4,0.474545689066872,0.0009939057285945933,11,27.4375,2.014922847747803,-1.0
0.03402912709861994,0.004251258447766304,5,0.4977689478546381,0.0009904887137995992,11,27.875,1.9639421272277833,-1.0
0.034020791797397226,0.0021042392875712653,6,0.4697357201948762,0.00098632311059685,11,30.125,1.8981019592285155,-1.0
0.01338992423664492,0.0033865006139072087,7,0.21819770894944668,0.0009814153420445555,11,30.9375,1.841486587524414,-1.0
0.023044859614366524,0.0027863460664565745,8,0.3359178320970386,0.0009757729755661012,11,33.9375,1.7943370246887207,-1.0
0.034166136846089594,0.0031705423831366575,9,0.4854794149287045,0.0009694047112816298,11,34.875,1.7388113021850586,-1.0
0.03413016178931754,0.002505261594286332,10,0.4763691769912839,0.0009623203685930871,11,36.125,1.732441120147705,-1.0
0.03410414022465165,0.0034510723780840635,11,0.48833123384974897,0.0009545308710434153,11,37.625,1.6882759284973146,-1.0
0.03405072713772265,0.0034492460903353416,12,0.48760809493251145,0.0009460482294732422,11,38.3125,1.6472428035736084,-1.0
0.008556354235714445,0.0022584216919942545,13,0.14069678401574492,0.0009368855235010348,11,36.8125,1.6626274299621582,-1.0
0.028505341830448463,0.0024070356291933702,14,0.4020017988514155,0.0009270568813552758,11,39.375,1.6046790027618407,-1.0
0.03406112766466462,0.0019496314836522709,15,0.4682655881624669,0.0009165774580897602,11,41.875,1.561119794845581,-1.0
0.034141325821670204,0.0019695930218753908,16,0.4695527511648834,0.0009054634122155992,11,43.5,1.5475828075408935,-1.0
0.033984782783171304,0.0029777287541387174,17,0.48062204383313656,0.0008937318807859689,11,44.125,1.5177631664276123,-1.0
0.03408169207306436,0.002089134166733577,18,0.4703304760623723,0.0008814009529720156,11,45.375,1.5036878681182861,-1.0
0.008957663353962394,0.003129577568660562,19,0.157247100956738,0.0008684896421706646,11,44.875,1.4940851020812989,-1.0
0.033968633542267174,0.00246077929981626,20,0.47369743906892836,0.0008550178566873412,11,45.625,1.467541790008545,-1.0
0.03414376735543975,0.003167977646136513,21,0.4851746279746294,0.0008410063690388064,11,44.0,1.4560640335083008,-1.0
0.034141989156173974,0.003366667526559188,22,0.4877263780217618,0.0008264767839234412,11,44.9375,1.452777910232544,-1.0
0.03440741614366953,0.0035795157846923056,23,0.49394027097150683,0.000811451504908368,11,45.5625,1.4454442024230958,-1.0
0.024505239786007084,0.00344961045238261,24,0.3635163181461394,0.0007959536998847743,11,48.3125,1.3949057483673095,-1.0
0.014193687641706604,0.0027183676675821724,25,0.2199674651492387,0.0007800072653447032,11,50.0,1.3641401767730712,-1.0
0.03411771095572756,0.0021723280302607096,26,0.4718907179776579,0.0007636367895343947,11,48.6875,1.3667781162261963,-1.0
0.0340411587475011,0.002071730953712876,27,0.46958961989730597,0.0007468675145409928,11,50.6875,1.3531085872650146,-1.0
0.03415428454844424,0.003494949617351477,28,0.489550479920581,0.0007297252973710758,11,51.375,1.3105060529708863,-1.0
0.03401873717442728,0.0031387866653788546,29,0.48315757396630943,0.0007122365700810271,11,51.125,1.3089051198959352,-1.0
0.018205751235095356,0.00404288936764575,30,0.2893384781200439,0.0006944282990207196,11,51.625,1.3294510746002197,-1.0
0.019637899168838676,0.002255915359665568,31,0.2847525679972023,0.0006763279432533592,11,51.375,1.2829515647888183,-1.0
0.03412294652886116,0.003270306481191745,32,0.4862455800175667,0.0006579634122155992,11,51.4375,1.2911963558197022,-1.0
0.033998741929490976,0.0038329217618761156,33,0.4919477819930762,0.000639363022683212,11,53.5,1.2664370250701904,-1.0
0.03414168264358663,0.003172144669896135,34,0.48522054590284824,0.0006205554551086735,11,53.4375,1.2307945442199708,-1.0
0.034150438920523114,0.003074518619821622,35,0.484040993032977,0.0006015697093979838,11,53.9375,1.2430596733093262,-1.0
0.010662547205216609,0.0032757231786560556,36,0.18130425503477454,0.0005824350601949146,11,54.6875,1.2218643856048583,-1.0
0.02687732078349934,0.002257598599848839,37,0.37888685218058527,0.0005631810117416299,11,56.0625,1.2053154850006103,-1.0
0.03413731327208762,0.002011781970325571,38,0.4700681420508772,0.0005438372523852835,11,55.6875,1.1934230041503906,-1.0
0.03404304098624449,0.003162742699854649,39,0.4838066049851477,0.0005244336088007391,11,56.5625,1.1885985851287841,-1.0
0.03410684272575264,0.0035299358782000267,40,0.4894088190048933,0.0005050000000000001,11,58.6875,1.1512086820602416,-1.0
0.033254837760558494,0.003553700472156589,41,0.47863986203446984,0.0004855663911992613,11,55.875,1.1585281991958618,-1.0
0.016829636216593478,0.003783156629651785,42,0.26809466001577675,0.00046616274761471693,11,55.625,1.152804183959961,-1.0
0.03411185761125615,0.0033041066131912745,43,0.4865374709479511,0.00044681898825837057,11,58.4375,1.1239428901672364,-1.0
0.034184838752620496,0.003724670628658854,44,0.4929527959320694,0.000427564939805086,11,58.75,1.1106809568405152,-1.0
0.03412685853142578,0.003186236386402295,45,0.48519731499254704,0.00040843029060201667,11,58.875,1.1250152206420898,-1.0
0.03411489431388103,0.003829531156672881,46,0.49340673512779176,0.000389444544891327,11,58.8125,1.1055760717391967,-1.0
0.014922470463296542,0.0031109101568850186,47,0.2345548691228032,0.0003706369773167883,11,60.1875,1.0706254196166993,-1.0
0.02892124068994935,0.003112308931751893,48,0.41656082193367183,0.0003520365877844012,11,60.625,1.063608455657959,-1.0
0.034138570503833204,0.003352324191767436,49,0.4875048859976232,0.0003336720567466412,11,61.5625,1.073065891265869,-1.0
0.034034382086247206,0.002450514531049591,50,0.474432238843292,0.0003155717009792807,11,62.1875,1.047175965309143,-1.0
0.03417845707959854,0.00314258522568987,51,0.4853026538621634,0.00029776342991897335,11,63.4375,1.0335971736907958,-1.0
0.030853261705487967,0.0037959444408233347,52,0.45054634008556604,0.00028027470262892445,11,62.0625,1.0122516059875488,-1.0
0.012082525725977926,0.002664387745496172,53,0.1918145918752998,0.0002631324854590073,11,61.0625,1.0119488954544067,-1.0
0.034199797960284814,0.0025650132805682146,54,0.47805274184793234,0.0002463632104656054,11,63.4375,1.0148533368110657,-1.0
0.034027772543665305,0.0031958776167952097,55,0.4840177670121193,0.0002299927346552969,11,62.5625,1.0119080066680908,-1.0
0.03405377460428728,0.0034827015434320155,56,0.48808793001808226,0.00021404630011522587,11,65.125,0.9423777627944946,-1.0
0.03403476364194201,0.002971865666600374,57,0.48119721794500947,0.00019854849509163232,11,63.5625,0.9894137763977051,-1.0
0.02003998221614613,0.0032733254707776583,58,0.30317584495060146,0.00018352321607655918,11,62.0,0.9921884441375732,-1.0
0.015508327471952025,0.0019581811502575874,59,0.2271740259602666,0.00016899363096119395,11,64.375,0.9791764402389527,-1.0
0.034192471693341546,0.003072845910747464,60,0.4845598649699241,0.000154982143312659,11,64.0,0.9591445899009705,-1.0
0.03406106261536479,0.0032786651550290678,61,0.48552566510625184,0.0001415103578293356,11,66.125,0.9186109781265259,-1.0
0.03404829878574954,0.003091717282166848,62,0.4829309550113976,0.0001285990470279847,11,65.625,0.9377392339706421,-1.0
0.034173125454869405,0.0037196226991139925,63,0.4927156809717417,0.0001162681192140312,11,65.0625,0.9313198757171631,-1.0
0.015009938022838188,0.003441988669622403,64,0.23998276912607253,0.00010453658778440107,11,65.8125,0.9103108310699463,-1.0
0.025838602190980546,0.002518631285056472,65,0.3687599687837064,9.342254191024022e-05,11,66.4375,0.8918675017356873,-1.0
0.034123557763030894,0.0030606412328779697,66,0.4835051940754056,8.294311864472437e-05,11,67.5625,0.9014551448822021,-1.0
0.03409610697641396,0.0029090514155821158,67,0.48117945808917284,7.311447649896551e-05,11,66.9375,0.9005386114120484,-1.0
0.034133257218994774,0.0031220830188920866,68,0.4844331140629947,6.395177052675794e-05,11,67.0,0.8871121287345887,-1.0
0.0340543996471052,0.003198182425246789,69,0.48439527512528,5.546912895658472e-05,11,66.9375,0.8952261543273926,-1.0
0.008375663883410968,0.003180487511249689,70,0.15033456403762102,4.767963140691306e-05,11,66.0,0.9142217087745667,-1.0
0.034385588933498815,0.0021452011468891916,71,0.4750567760784179,4.059528871837034e-05,11,67.75,0.8836880350112915,-1.0
0.03409419065484634,0.0035219278831321458,72,0.4891363719943911,3.4227024433899e-05,11,67.8125,0.8730750179290772,-1.0
0.03452027119839421,0.0043165204831613945,73,0.5050022879149765,2.8584657955444653e-05,11,68.5,0.8737719535827637,-1.0
0.03418789565778123,0.003000983180334935,74,0.4835812950041145,2.367688940315011e-05,11,68.5625,0.8799715900421142,-1.0
0.02487920674208838,0.0021129557146475865,75,0.3510207768995315,1.951128620040094e-05,11,67.375,0.86595694065094,-1.0
0.01510611346636254,0.001977706292214302,76,0.22222065390087664,1.6094271405406862e-05,11,67.625,0.8960902857780456,-1.0
0.03419475105161277,0.002214711571398836,77,0.4734575061593205,1.3431113807311488e-05,11,68.125,0.8732786798477172,-1.0
0.03414978500670539,0.003589697379189042,78,0.4907449190504849,1.1525919802101659e-05,11,67.375,0.8727639150619507,-1.0
0.03431164489414256,0.00311602596551753,79,0.48668884485960007,1.0381627060842164e-05,11,67.375,0.8597979640960693,-1.0
0.033974255256068245,0.0030413982816613638,80,0.48133608512580395,1e-05,11,68.6875,0.8580971622467041,-1.0
0.036338410539818664,0.011675349902361631,1,0.6723564518615603,0.000999618372939158,12,16.11764706583584,4.328954360064338,-1.0
0.03438095131423324,0.0019388217478990555,2,0.5086184761021286,0.0009984740801978985,12,20.705882356447333,2.2621364296183866,-1.0
0.03421259072742292,0.0031102007654096398,3,0.5226508490741253,0.0009965688861926887,12,26.0,2.0234893610898186,-1.0
0.02387892927176186,0.003299630296948765,4,0.38063258212059736,0.0009939057285945933,12,28.47058825633105,1.9503449296951294,-1.0
0.0205869688153533,0.0024440906210137264,5,0.3225594989489764,0.0009904887137995992,12,31.352941176470587,1.862341792162727,-1.0
0.03424652559416635,0.0018959028446780784,6,0.5061277388595045,0.00098632311059685,12,33.1764705882353,1.8075221171098597,-1.0
0.03421063002731119,0.002231349619770689,7,0.5103185719344765,0.0009814153420445555,12,34.82352943280164,1.7716774413164924,-1.0
0.03415358788333833,0.002896095675948475,8,0.5188264271710068,0.0009757729755661012,12,35.82352942578933,1.7237360348420985,-1.0
0.03140401471007083,0.0032850815083033274,9,0.48576921015046537,0.0009694047112816298,12,37.23529412465937,1.674430991341086,-1.0
0.016740909178874323,0.0030271460335435612,10,0.27687900187447667,0.0009623203685930871,12,40.647058837554034,1.6137356208352482,-1.0
0.03411154786590487,0.0018918089169476713,11,0.5041721239686012,0.0009545308710434153,12,40.35294117647059,1.5883555875105015,-1.0
0.0341949132271111,0.0019749614875763655,12,0.50650908309035,0.0009460482294732422,12,40.23529410362244,1.5643652786928064,-1.0
0.0342330342724121,0.0025818481475913097,13,0.5155428359284997,0.0009368855235010348,12,42.529411771718195,1.538629077462589,-1.0
0.034125940658019056,0.0027871864149346948,14,0.516913975123316,0.0009270568813552758,12,43.352941155433655,1.5216378057704252,-1.0
0.01026668444475425,0.0035311701940372586,15,0.19327581417746842,0.0009165774580897602,12,45.05882354343639,1.4757213452283073,-1.0
0.034124251638006954,0.002586952726622777,16,0.5140931659843773,0.0009054634122155992,12,45.17647059524761,1.4987690645105698,-1.0
0.0340479007988636,0.0019472658334832107,17,0.5040597959887236,0.0008937318807859689,12,47.058823585510254,1.4379372983820298,-1.0
0.03399295629268246,0.00211180849666042,18,0.5055948100052774,0.0008814009529720156,12,45.88235292013954,1.4521873109480914,-1.0
0.03411932587290981,0.003005746768654457,19,0.5198756041936576,0.0008684896421706646,12,48.2352941456963,1.4412156506145701,-1.0
0.016550200625455806,0.0029695910967088173,20,0.2734067179262638,0.0008550178566873412,12,48.2352941456963,1.3981985647538129,-1.0
0.02910271564698113,0.0022035985686151044,21,0.4384262659586966,0.0008410063690388064,12,50.00000000701231,1.365911031330333,-1.0
0.034087961340056996,0.003452494723855385,22,0.5256991540081799,0.0008264767839234412,12,48.82352939072777,1.3827269433526432,-1.0
0.034027695655822754,0.0032391601208863513,23,0.5218686810694635,0.000811451504908368,12,51.00000000701231,1.321200893346001,-1.0
0.03421465428878686,0.003120374433430178,24,0.5228219800628722,0.0007959536998847743,12,51.1176470377866,1.3194279471565695,-1.0
0.020305843924039176,0.0032706581488517778,25,0.3301890059374273,0.0007800072653447032,12,50.17647062329685,1.3042382279564353,-1.0
0.021866652033557848,0.0023732483220685807,26,0.3394834022037685,0.0007636367895343947,12,50.23529413167168,1.3509715172823737,-1.0
0.033945650910027325,0.0031234618010265486,27,0.5190980941988528,0.0007468675145409928,12,51.9411765126621,1.2939439739900476,-1.0
0.034201901705403416,0.0033104872231238653,28,0.525303881149739,0.0007297252973710758,12,53.05882355746101,1.26813255814945,-1.0
0.034256036559652,0.003386167942413262,29,0.5271226619370282,0.0007122365700810271,12,53.5882352660684,1.2364951912094564,-1.0
0.027869547035412064,0.0034207442409491967,30,0.438187143066898,0.0006944282990207196,12,53.94117642851437,1.2275460818234611,-1.0
0.016488190640562346,0.0022803851503080557,31,0.2628841269761324,0.0006763279432533592,12,55.11764709388508,1.2157612621082978,-1.0
0.034134234534576535,0.002947312031340386,32,0.5192691029515117,0.0006579634122155992,12,55.94117649863748,1.1938643778071685,-1.0
0.03412881588363754,0.0029422231850081255,33,0.519124912796542,0.000639363022683212,12,56.17647057421067,1.1822466401492848,-1.0
0.033998102215783935,0.003188991137514157,34,0.5207503330893815,0.0006205554551086735,12,57.05882352941177,1.1514302245308372,-1.0
0.033746584468255084,0.0032403974660805295,35,0.5179476728662848,0.0006015697093979838,12,58.82352939774008,1.1499175444771261,-1.0
0.013169281999580562,0.0030877297145447563,36,0.22772190999239683,0.0005824350601949146,12,57.705882366965795,1.1456630790934843,-1.0
0.03397672851237336,0.001780470783290054,37,0.500729053048417,0.0005631810117416299,12,57.23529415270861,1.1296799163257374,-1.0
0.03412344007353697,0.0036055788597358124,38,0.5283366399817169,0.0005438372523852835,12,58.47058819322025,1.101562720747555,-1.0
0.03398523882164487,0.003236707682455225,39,0.5212334699463099,0.0005244336088007391,12,58.05882351538714,1.1083463023690616,-1.0
0.03403682258379247,0.002175164342458759,40,0.5071014580316842,0.0005050000000000001,12,60.588235308142266,1.0680955645617316,-1.0
0.010799974352786583,0.0034793027942734106,41,0.20003728196024895,0.0004855663911992613,12,59.941176540711346,1.0599682443282183,-1.0
0.03423830918369016,0.0043069941789976186,42,0.5397739480249584,0.00046616274761471693,12,60.470588221269495,1.0571811715294333,-1.0
0.03408634657638946,0.004404994925217969,43,0.5389978711027652,0.00044681898825837057,12,62.70588232489193,1.0371883925269632,-1.0
0.034020625869743526,0.003478927704106484,44,0.5250984369777143,0.000427564939805086,12,62.47058827035568,1.0066384983062744,-1.0
0.03422610825925533,0.002171625532875104,45,0.50967798801139,0.00040843029060201667,12,62.7647058543037,1.017314521565157,-1.0
0.013246031760770296,0.0033232970163226128,46,0.23207435803487897,0.000389444544891327,12,63.23529418777017,0.9996296245911542,-1.0
0.0258357387668054,0.002284726028197578,47,0.39380273106507957,0.0003706369773167883,12,62.76470586832832,1.0013227444536545,-1.0
0.03406497974148286,0.0031846944808161686,48,0.5216079989913851,0.0003520365877844012,12,64.41176469185773,0.975372605043299,-1.0
0.034093364441235154,0.003242828916492207,49,0.522815841017291,0.0003336720567466412,12,65.1176470447989,0.9360227025256438,-1.0
0.03411299652153892,0.0027363699129117386,50,0.516001425916329,0.0003155717009792807,12,65.47058824931874,0.9256313841483172,-1.0
0.025743655960208604,0.0018694721761026553,51,0.38668783102184534,0.00029776342991897335,12,67.6470588796279,0.9004625436838936,-1.0
0.017564279509575238,0.002912656853108534,52,0.2867862929124385,0.00028027470262892445,12,66.70588232489193,0.911285563917721,-1.0
0.034083936496504715,0.0023094735640500274,53,0.5096209498587996,0.0002631324854590073,12,64.52941180677975,0.9195259402779972,-1.0
0.03410932731016406,0.00283712669209178,54,0.5173625140450895,0.0002463632104656054,12,66.76470584027908,0.907974183699664,-1.0
0.034275515171300085,0.0031371344645906773,55,0.5238974750973284,0.0002299927346552969,12,68.76470593845143,0.8768055668999167,-1.0
0.03334226577343153,0.002869479724072984,56,0.5070684819947928,0.00021404630011522587,12,66.29411766108345,0.8944756812207839,-1.0
0.008671864135456937,0.0023730133626876132,57,0.15473673702217638,0.00019854849509163232,12,68.11764703077428,0.8509234951524174,-1.0
0.03397889654817326,0.002333875446181212,58,0.5084995198994875,0.00018352321607655918,12,67.76470595247605,0.8549796829504125,-1.0
0.034026052303878326,0.003723956278658339,59,0.5286097761709243,0.00016899363096119395,12,67.99999998597538,0.8389986268211813,-1.0
0.03414795381416168,0.0031620783265680075,60,0.522452348144725,0.000154982143312659,12,68.64705885157866,0.847816974695991,-1.0
0.03407898949392672,0.003053652521755014,61,0.519966954132542,0.0001415103578293356,12,67.94117654071135,0.8422151681956123,-1.0
0.013735310889647476,0.002962051475021456,62,0.23387062503024936,0.0001285990470279847,12,69.94117645656361,0.8080394460173215,-1.0
0.02946541436748313,0.0027214079330276164,63,0.45073242811486125,0.0001162681192140312,12,70.58823535021614,0.7997393748339485,-1.0
0.03407470354743834,0.0028356222402570502,64,0.5168529229704291,0.00010453658778440107,12,70.52941175068126,0.8189477858823888,-1.0
0.03402868778045688,0.0031883914322991458,65,0.5211494038812816,9.342254191024022e-05,12,71.17647058823529,0.8043300494025736,-1.0
0.03411500024542745,0.002823372321602489,66,0.5172490340191871,8.294311864472437e-05,12,71.1176471008974,0.792509900822359,-1.0
0.022071872621641626,0.0026661177232329336,67,0.3464394258335233,7.311447649896551e-05,12,70.70588239501504,0.7826590282776776,-1.0
0.019543068067702864,0.0022178201470524073,68,0.30476331198588014,6.395177052675794e-05,12,71.35294119049522,0.7928836227164549,-1.0
0.03403154812154493,0.0033446503137903555,69,0.5233762019779533,5.546912895658472e-05,12,72.29411760498496,0.792822294515722,-1.0
0.03403540582595659,0.0030391623232779758,70,0.5191562830004841,4.767963140691306e-05,12,70.88235291312722,0.7825390898480135,-1.0
0.033970026133049815,0.001930828721794699,71,0.5027240777853876,4.059528871837034e-05,12,71.94117644253899,0.7649562235439525,-1.0
0.03186826516009335,0.0029163677744301303,72,0.4870881359092891,3.4227024433899e-05,12,71.23529415972092,0.7775903547511381,-1.0
0.011621097518530275,0.0028121767598869546,73,0.20217220904305577,2.8584657955444653e-05,12,72.64705879548016,0.7678500684569863,-1.0
0.03404601377301982,0.002984636662794011,74,0.518537919037044,2.367688940315011e-05,12,72.05882358551025,0.7762207252839032,-1.0
0.034060852568862696,0.002634128655440041,75,0.5138361558783799,1.951128620040094e-05,12,70.29411764705883,0.7630790355626275,-1.0
0.034088721232754846,0.0029124531928183778,76,0.5181260670069605,1.6094271405406862e-05,12,71.70588231086731,0.7602969231325037,-1.0
0.034072508702852895,0.0033545457990840077,77,0.5240923438686877,1.3431113807311488e-05,12,73.35294116244597,0.7422489087721881,-1.0
0.02838285598305187,0.0028686453754614505,78,0.4376311239320785,1.1525919802101659e-05,12,72.41176477600547,0.7538166273341459,-1.0
0.028238298038819006,0.0028354570302846177,79,0.4351414041593671,1.0381627060842164e-05,12,73.05882352941177,0.7471132478994482,-1.0
0.02805800940508821,0.0036165857454761863,80,0.44355021114461124,1e-05,12,72.17647065835841,0.7578062962083255,-1.0
0.031160570727661253,0.010701210206995408,1,0.628061997005716,0.000999618372939158,13,12.666666666666666,4.962878112792969,-1.0
0.027703366056084634,0.0018714707965652147,2,0.44375290907919407,0.0009984740801978985,13,22.833333333333332,2.1939045545789932,-1.0
0.027661063196137547,0.0028347698040306567,3,0.45755433989688754,0.0009965688861926887,13,24.166666666666668,2.1371449788411456,-1.0
0.02905433444927136,0.002777463740979632,4,0.47760994313284755,0.0009939057285945933,13,25.72222222222222,2.103167724609375,-1.0
0.029291597319145997,0.003164299282555779,5,0.4869571980088949,0.0009904887137995992,13,26.11111111111111,2.0511388142903644,-1.0
0.02932033110409975,0.003862765897065401,6,0.4978536160197109,0.00098632311059685,13,27.38888888888889,2.022582499186198,-1.0
0.02864378575856487,0.0033096141647547483,7,0.4794106229674071,0.0009814153420445555,13,28.055555555555557,1.9829366048177084,-1.0
0.028225830802693964,0.003346242398644487,8,0.47369045205414295,0.0009757729755661012,13,30.22222222222222,1.9463329399956597,-1.0
0.028751151682808996,0.002277724522476395,9,0.46553662698715925,0.0009694047112816298,13,29.055555555555557,1.9175032552083333,-1.0
0.029402771157522996,0.0031430513132363557,10,0.48831464792601764,0.0009623203685930871,13,31.38888888888889,1.8745320977105036,-1.0
0.028905996400862933,0.003051179399092992,11,0.4794671409763396,0.0009545308710434153,13,32.77777777777778,1.837791731092665,-1.0
0.029861894994974138,0.0036687599960714577,12,0.5030700601637363,0.0009460482294732422,13,35.27777777777778,1.7793929206000434,-1.0
0.02753291988434891,0.0027183042373508217,13,0.4542175359092653,0.0009368855235010348,13,33.55555555555556,1.790413597954644,-1.0
0.027393446350470186,0.0034260743297636507,14,0.4624047379475087,0.0009270568813552758,13,35.77777777777778,1.7554531860351563,-1.0
0.0143723308108747,0.001873654390995701,15,0.24379808991216123,0.0009165774580897602,13,36.666666666666664,1.715664791531033,-1.0
0.008278880765040715,0.0019777774966011443,16,0.1539675509557128,0.0009054634122155992,13,37.388888888888886,1.6922830454508464,-1.0
0.009025786258280277,0.0019493588712066411,17,0.1647729049436748,0.0008937318807859689,13,37.833333333333336,1.6830233679877387,-1.0
0.013388022066404421,0.001869583735242486,18,0.22899069683626294,0.0008814009529720156,13,40.0,1.654518585205078,-1.0
0.03390905841564139,0.0025490475197633105,19,0.5470000021159649,0.0008684896421706646,13,40.166666666666664,1.634984656439887,-1.0
0.03399381766406198,0.0032024753435204428,20,0.5580729080829769,0.0008550178566873412,13,41.111111111111114,1.582175589667426,-1.0
0.034172471364339194,0.0030135431637366614,21,0.5579186219256371,0.0008410063690388064,13,43.166666666666664,1.5795044114854602,-1.0
0.031222274728740253,0.0028533777998139462,22,0.5112553779035807,0.0008264767839234412,13,43.0,1.563303443060981,-1.0
0.01314127459190786,0.0022137344814836977,23,0.23043419979512691,0.000811451504908368,13,42.77777777777778,1.5655361599392361,-1.0
0.03394169664631287,0.00260811656092604,24,0.548355681123212,0.0007959536998847743,13,42.94444444444444,1.5530533430311415,-1.0
0.0342049610024939,0.00264609232544899,25,0.5528802110347897,0.0007800072653447032,13,42.0,1.570810063680013,-1.0
0.033937186608090995,0.0024819447193294764,26,0.5464157341048121,0.0007636367895343947,13,43.666666666666664,1.5182251400417752,-1.0
0.03148800980610152,0.0025564899357656636,27,0.5107709818985313,0.0007468675145409928,13,43.388888888888886,1.52942751566569,-1.0
0.012291200024386247,0.0026257805060595275,28,0.2238617790862918,0.0007297252973710758,13,46.72222222222222,1.454687262641059,-1.0
0.03390466319397092,0.0025850017399837574,29,0.5474521850701421,0.0007122365700810271,13,45.77777777777778,1.4742318640814887,-1.0
0.03402399141341448,0.0027023167194177708,30,0.5510035660117865,0.0006944282990207196,13,46.388888888888886,1.4656776512993706,-1.0
0.034020108884821335,0.0031008369910220305,31,0.5569263058714569,0.0006763279432533592,13,47.0,1.4557819112141928,-1.0
0.03050188107105593,0.0035821041247497,32,0.5113640259951353,0.0006579634122155992,13,47.5,1.4145490095350477,-1.0
0.02058824811441203,0.003634914274637898,33,0.36345669999718666,0.000639363022683212,13,46.333333333333336,1.4621737162272135,-1.0
0.03400236847810447,0.002987389452755451,34,0.554958235938102,0.0006205554551086735,13,47.833333333333336,1.4155187140570746,-1.0
0.0341100218705833,0.002522892070313295,35,0.5496386070735753,0.0006015697093979838,13,47.666666666666664,1.4206784142388238,-1.0
0.034071980882436036,0.0034637946480264264,36,0.5631492310203612,0.0005824350601949146,13,47.44444444444444,1.4108060201009114,-1.0
0.0233067800446103,0.0025902110772828262,37,0.3885687980800867,0.0005631810117416299,13,46.22222222222222,1.4145820787217882,-1.0
0.022955408537139496,0.002976493661602338,38,0.38908751611597836,0.0005438372523852835,13,49.833333333333336,1.3773686642116971,-1.0
0.03412430027189354,0.0031976204675932727,39,0.5599524769932032,0.0005244336088007391,13,50.166666666666664,1.366600808037652,-1.0
0.03402176902939876,0.00263917517537872,40,0.5500221650581807,0.0005050000000000001,13,51.333333333333336,1.3553231726752386,-1.0
0.03403640800776581,0.0034423532585302987,41,0.5622925059869885,0.0004855663911992613,13,50.44444444444444,1.360001907348633,-1.0
0.01957745325441162,0.002631872876857718,42,0.3332488250453025,0.00046616274761471693,13,50.166666666666664,1.3287649620903863,-1.0
0.02245297582509617,0.0020142469089478253,43,0.36712259287014604,0.00044681898825837057,13,51.111111111111114,1.3261974334716797,-1.0
0.03400545550199847,0.0017167020278672377,44,0.5359388429205865,0.000427564939805086,13,50.111111111111114,1.327897677951389,-1.0
0.0341330916620791,0.001754818670451641,45,0.5384297019336373,0.00040843029060201667,13,52.666666666666664,1.3024008941650391,-1.0
0.03402420414301256,0.003167275913680593,46,0.5579803430009633,0.000389444544891327,13,52.388888888888886,1.3210975646972656,-1.0
0.02182850898243487,0.0037002619511137405,47,0.3830363710876554,0.0003706369773167883,13,52.611111111111114,1.3104280768500434,-1.0
0.022560272552073,0.0023553709809978804,48,0.37384279491379857,0.0003520365877844012,13,51.0,1.3203810713026258,-1.0
0.03396440541061262,0.002744637398670117,49,0.5507498129736632,0.0003336720567466412,13,51.111111111111114,1.3261767747667101,-1.0
0.034147239026303094,0.0034294956363737582,50,0.563765981933102,0.0003155717009792807,13,52.111111111111114,1.307507570054796,-1.0
0.034132493954772754,0.002935984234015147,51,0.5561351249925792,0.00029776342991897335,13,53.44444444444444,1.268444341023763,-1.0
0.020322873008747896,0.0027800306522597867,52,0.3466523480601609,0.00028027470262892445,13,53.77777777777778,1.2553436533610025,-1.0
0.022704023867845535,0.0020829515376438695,53,0.37194142607040703,0.0002631324854590073,13,55.27777777777778,1.233569098578559,-1.0
0.034180417222281295,0.0018019139145811398,54,0.5398639300838113,0.0002463632104656054,13,54.5,1.2499152119954426,-1.0
0.034366827458143234,0.001822007664789756,55,0.542968190042302,0.0002299927346552969,13,53.77777777777778,1.2389120144314236,-1.0
0.03416115459986031,0.001828000523770849,56,0.5399731600191444,0.00021404630011522587,13,54.333333333333336,1.203568878173828,-1.0
0.022969272236029306,0.003372413090740641,57,0.3952539428137243,0.00019854849509163232,13,54.333333333333336,1.243821758694119,-1.0
0.025978424415613214,0.002190060184026758,58,0.4226573340129107,0.00018352321607655918,13,55.05555555555556,1.2188470374213325,-1.0
0.03410972935768465,0.0019154269093026718,59,0.5405148910358548,0.00016899363096119395,13,54.5,1.222769758436415,-1.0
0.0341491188077877,0.002007007257392009,60,0.5425018609967083,0.000154982143312659,13,55.666666666666664,1.1950487179226346,-1.0
0.03421874660998583,0.003561212650189797,61,0.5668339610565454,0.0001415103578293356,13,55.166666666666664,1.2151837412516275,-1.0
0.018943505610028902,0.0032491260518630345,62,0.333011148031801,0.0001285990470279847,13,56.55555555555556,1.1770894114176433,-1.0
0.024962137608478468,0.0018904449262966713,63,0.40291556902229786,0.0001162681192140312,13,55.611111111111114,1.1920268334282769,-1.0
0.034146866342052815,0.001739557133987546,64,0.538431674009189,0.00010453658778440107,13,57.666666666666664,1.1680192989773222,-1.0
0.03429496117557088,0.0018186071577171484,65,0.5418344321660697,9.342254191024022e-05,13,56.22222222222222,1.154765404595269,-1.0
0.03411620414505402,0.003606360995521148,66,0.5659757228568196,8.294311864472437e-05,13,58.888888888888886,1.1425917137993706,-1.0
0.020045857038348915,0.0027698564808815718,67,0.34237696416676044,7.311447649896551e-05,13,57.333333333333336,1.1640905888875326,-1.0
0.024267423432320356,0.001994307696198424,68,0.39406348299235106,6.395177052675794e-05,13,57.44444444444444,1.1509645165337457,-1.0
0.03415031012458106,0.002568806211153666,69,0.5509188829455525,5.546912895658472e-05,13,58.166666666666664,1.1619808451334634,-1.0
0.03409003857523203,0.0031941901581982774,70,0.5594075969420373,4.767963140691306e-05,13,57.27777777777778,1.1488306003146702,-1.0
0.034300099747876324,0.0027372962484757107,71,0.5556960420217365,4.059528871837034e-05,13,56.77777777777778,1.1539225090874565,-1.0
0.01907006911933422,0.00310857561416924,72,0.3328103369567543,3.4227024433899e-05,13,57.888888888888886,1.14276368882921,-1.0
0.02597275747296711,0.0020991321342686813,73,0.42121634213253856,2.8584657955444653e-05,13,58.72222222222222,1.1384221013387044,-1.0
0.03421337253724535,0.0027946457887689275,74,0.5552546661347151,2.367688940315011e-05,13,58.166666666666664,1.147653579711914,-1.0
0.034127765862892075,0.0035906520672142504,75,0.5659145270474255,1.951128620040094e-05,13,58.22222222222222,1.1527964274088542,-1.0
0.03398448081376652,0.0032811786668996016,76,0.5591141760814935,1.6094271405406862e-05,13,58.55555555555556,1.150608885023329,-1.0
0.016903660322229067,0.0026893481456985078,77,0.29402475291863084,1.3431113807311488e-05,13,57.333333333333336,1.1535530514187282,-1.0
0.02839612515332798,0.002060221244270603,78,0.4569800680037588,1.1525919802101659e-05,13,57.833333333333336,1.1308655081854926,-1.0
0.03420664180691044,0.002674378516773383,79,0.5533460609149188,1.0381627060842164e-05,13,58.55555555555556,1.1477501508924697,-1.0
0.03424123713436226,0.002811954946567615,80,0.55593292391859,1e-05,13,57.611111111111114,1.1445181274414062,-1.0
0.03634250957208375,0.01168273650109768,1,0.7205539948772639,0.000999618372939158,14,15.473684285816393,4.444304612812243,-1.0
0.03423507958650589,0.0020764140877872705,2,0.5448110338766128,0.0009984740801978985,14,23.526315820844548,2.136074245352494,-1.0
0.03422364597208798,0.0026734161656349897,3,0.5535949501208961,0.0009965688861926887,14,27.526315864763763,2.00989855063589,-1.0
0.02570055305647353,0.002165631934379538,4,0.41812600404955447,0.0009939057285945933,14,28.73684211153733,1.9637543665735344,-1.0
0.02276257125971218,0.002847546727086107,5,0.38427739893086255,0.0009904887137995992,14,29.63157894736842,1.9212409759822644,-1.0
0.034218553779646756,0.001866082288324833,6,0.5414055360015482,0.00098632311059685,14,31.684210601605866,1.8722611615532323,-1.0
0.034421486081555486,0.003076615184545517,7,0.5626136329956353,0.0009814153420445555,14,34.210526403627895,1.8314859508213244,-1.0
0.03434509973352154,0.003580228875701626,8,0.5690060078632087,0.0009757729755661012,14,36.78947364029131,1.7404759873841937,-1.0
0.02016390485999485,0.003353977870816986,9,0.3529039949644357,0.0009694047112816298,14,37.7894736904847,1.6939912482311852,-1.0
0.02460926091298461,0.002413059351965785,10,0.40546479006297886,0.0009623203685930871,14,39.78947365911383,1.6526698413648104,-1.0
0.03437667608571549,0.002815998982017239,11,0.558030046056956,0.0009545308710434153,14,39.84210534472214,1.6482314247834056,-1.0
0.03418677219500144,0.0030023025969664256,12,0.5579705531708896,0.0009460482294732422,14,41.57894746253365,1.622134686520225,-1.0
0.0344568050156037,0.003427842647458116,13,0.5684069709386677,0.0009368855235010348,14,41.315789555248465,1.587009388271131,-1.0
0.019160895561799406,0.0026918811102708182,14,0.32792398892343044,0.0009270568813552758,14,43.47368419797797,1.521848605055558,-1.0
0.030052423011511564,0.002637337784593304,15,0.4904844278935343,0.0009165774580897602,14,44.21052625932192,1.5068934636366995,-1.0
0.034375390984738866,0.0027407178189605475,16,0.5568846568930894,0.0009054634122155992,14,44.57894751900121,1.5013768775839555,-1.0
0.03418934776758154,0.001867002760991454,17,0.540976305026561,0.0008937318807859689,14,45.684210545138306,1.4525579826455368,-1.0
0.034260048624128105,0.002757338449979822,18,0.5553951179608703,0.0008814009529720156,14,45.68421046357406,1.4537669357500578,-1.0
0.016015200456604362,0.002682832752664884,19,0.28060500882565975,0.0008684896421706646,14,47.15789478703549,1.4224955245068198,-1.0
0.034043971728533504,0.0033156349478910365,20,0.560514239128679,0.0008550178566873412,14,47.84210526943207,1.3989817167583265,-1.0
0.034270849591121075,0.0018058350775390863,21,0.5412941761314869,0.0008410063690388064,14,47.789473703033046,1.4129691512961136,-1.0
0.03445077377061049,0.0026774172360698382,22,0.5570402208250016,0.0008264767839234412,14,49.31578953642594,1.3632320665058337,-1.0
0.03433593187170724,0.003412992258866628,23,0.5663483131211251,0.000811451504908368,14,50.42105269432068,1.3355840206146241,-1.0
0.010786602118362984,0.0033995254120479028,24,0.21290196804329753,0.0007959536998847743,14,51.10526317671726,1.3408800521649813,-1.0
0.03415042666407923,0.0023925702708462874,25,0.5482566819991916,0.0007800072653447032,14,50.99999998745165,1.3166018674248143,-1.0
0.034320886122683684,0.0027938916037480036,26,0.55683643813245,0.0007636367895343947,14,52.789473621468794,1.2896615550392552,-1.0
0.03421985597039263,0.0025704299565404653,27,0.5519644641317427,0.0007468675145409928,14,51.8947367166218,1.287894707228008,-1.0
0.03431893857195974,0.004105677890280882,28,0.5764908811543137,0.0007297252973710758,14,52.15789462390699,1.2670001727656315,-1.0
0.012715860238919656,0.003710867961247762,29,0.2465347049292177,0.0007122365700810271,14,53.94736837713342,1.2470864524339376,-1.0
0.034187080307553214,0.002576229488477111,30,0.5515733619686216,0.0006944282990207196,14,53.94736855908444,1.2384346675872804,-1.0
0.03421993758529425,0.0028378488806386788,31,0.5559788239188492,0.0006763279432533592,14,57.15789463645533,1.2008989434493216,-1.0
0.03425256148912013,0.0018327522557228804,32,0.5414173018652946,0.0006579634122155992,14,56.15789461135864,1.1849665659352353,-1.0
0.0332884405584385,0.0019200361799448728,33,0.528239558916539,0.000639363022683212,14,56.63157904775519,1.1615222546928807,-1.0
0.011916756862774491,0.0018392432015389205,34,0.206455655163154,0.0006205554551086735,14,57.736842255843314,1.1806988281952708,-1.0
0.03421855185491343,0.0016878290101885796,35,0.538706140127033,0.0006015697093979838,14,56.947368571632786,1.1356072827389365,-1.0
0.03427512135046224,0.0034350518447657428,36,0.5657710758969188,0.0005824350601949146,14,59.26315784454346,1.1219863823840492,-1.0
0.03436824440335234,0.003706646260494987,37,0.5712350078392774,0.0005631810117416299,14,59.47368417288128,1.1155769400847586,-1.0
0.031481582780058186,0.0036236677629252275,38,0.5266812420450151,0.0005438372523852835,14,58.21052625304774,1.1246574135830527,-1.0
0.016602189807842175,0.002606625653182467,39,0.2882435489445925,0.0005244336088007391,14,58.894736892298646,1.1172493245727138,-1.0
0.03426471309115489,0.002729382769515117,40,0.5550229048822075,0.0005050000000000001,14,60.89473681700857,1.069657922167527,-1.0
0.03431907749424378,0.0030464077678819495,41,0.5606135460548103,0.0004855663911992613,14,60.63157911049692,1.0658223516062686,-1.0
0.03434962468842665,0.0036383054374406736,42,0.5699504599906504,0.00046616274761471693,14,61.10526319553978,1.0440044938890558,-1.0
0.027906419041876993,0.0018469844944775105,43,0.4464022549800575,0.00044681898825837057,14,60.94736859672948,1.0344955953798796,-1.0
0.020956925597662726,0.0022918407960484427,44,0.3488470888696611,0.000427564939805086,14,60.15789476821297,1.0164188244468289,-1.0
0.034243798721581696,0.002592145884409547,45,0.5526680019684136,0.00040843029060201667,14,61.9473685214394,1.0332081275237235,-1.0
0.034302950759107866,0.0028759111029406387,46,0.5578212558757514,0.000389444544891327,14,62.6842105012191,0.9994918489456177,-1.0
0.034258718912800155,0.003370384095857541,47,0.5645751040428877,0.0003706369773167883,14,64.00000015058015,0.984279173047919,-1.0
0.023091289695973197,0.003247416097049912,48,0.3952057850547135,0.0003520365877844012,14,63.4210528072558,0.9941621485509371,-1.0
0.02021336619121333,0.0025265480081240336,49,0.34122727694921196,0.0003336720567466412,14,64.21052649146633,0.9569743992152967,-1.0
0.03426650433490674,0.0016922776587307454,50,0.5394987848121673,0.0003155717009792807,14,64.3684209522448,0.9446568486565038,-1.0
0.03430060537842413,0.0029589170745263496,51,0.5590064479038119,0.00029776342991897335,14,66.52631572673195,0.9259527464916831,-1.0
0.03427866168009738,0.0026849244566013414,52,0.5545871420763433,0.00028027470262892445,14,66.36842104008323,0.9175475267360085,-1.0
0.0244683840777725,0.0030648579200108846,53,0.413105770945549,0.0002631324854590073,14,65.3157896619094,0.9141189710717452,-1.0
0.01888440754264593,0.002652585320174694,54,0.32316805282607675,0.0002463632104656054,14,66.31578959916767,0.9005498815837659,-1.0
0.034230807811642686,0.002647253576045235,55,0.5532817479688674,0.0002299927346552969,14,66.0000001882252,0.9118916215394672,-1.0
0.034230336220934986,0.00304070170968771,56,0.5591803709976375,0.00021404630011522587,14,67.15789471174541,0.8910226746609337,-1.0
0.03432867027198275,0.003060691803693771,57,0.5609512669034302,0.00019854849509163232,14,68.15789491251896,0.8724083024577091,-1.0
0.024330265028402208,0.0030538039747625588,58,0.4108636088203639,0.00018352321607655918,14,67.31578964936107,0.8951216870860049,-1.0
0.022540961562966307,0.002633785642683506,59,0.3777369209565222,0.00016899363096119395,14,67.63157893482007,0.8759588405960484,-1.0
0.03427893024248382,0.0017355157683293025,60,0.540327284950763,0.000154982143312659,14,67.73684228094001,0.8684240683756377,-1.0
0.03435292507832249,0.0026606137864291666,61,0.5553167529869825,0.0001415103578293356,14,69.52631576437699,0.8412847005693536,-1.0
0.03427356698860725,0.0029344129996995132,62,0.5582316590007395,0.0001285990470279847,14,69.26315803276866,0.8330901787155552,-1.0
0.023911646256844204,0.002695117611438036,63,0.3992053640540689,0.0001162681192140312,14,70.26315809551038,0.826829280978755,-1.0
0.02073400126149257,0.002156263729557395,64,0.34347044001333416,0.00010453658778440107,14,68.31578944858752,0.8424908944180137,-1.0
0.03426929578805963,0.002879793538401524,65,0.5573572609573603,9.342254191024022e-05,14,69.57894728058263,0.8215152071651659,-1.0
0.03446150363112489,0.002823171764612198,66,0.5593864251859486,8.294311864472437e-05,14,69.89473680446022,0.8068711659782811,-1.0
0.03432759097777307,0.0026745074118177097,67,0.5551514059770852,7.311447649896551e-05,14,69.73684201742473,0.8262565455938641,-1.0
0.024508762219920755,0.0017785871867090463,68,0.3944152691401541,6.395177052675794e-05,14,71.15789479958384,0.7796837289709794,-1.0
0.02093633059412241,0.002396868929887811,69,0.3501119629945606,5.546912895658472e-05,14,69.84210525060955,0.8122297443841633,-1.0
0.03434335188940167,0.0030682770380129416,70,0.5612870939075947,4.767963140691306e-05,14,70.63157908540023,0.7915068364143372,-1.0
0.03441636074955265,0.0020299436524510383,71,0.5468051519710571,4.059528871837034e-05,14,71.05263162914075,0.7854743159444708,-1.0
0.03431423658815523,0.0017045820752779643,72,0.5403938880190253,3.4227024433899e-05,14,71.57894749390452,0.7659085694112275,-1.0
0.024166051298379898,0.0032782756257802247,73,0.4117688611149788,2.8584657955444653e-05,14,72.36842117811504,0.7619785753049348,-1.0
0.021500905059898892,0.0023153039316336312,74,0.3573704760055989,2.367688940315011e-05,14,71.15789491251896,0.7729137849807739,-1.0
0.03433174251889189,0.002529578469693661,75,0.5530563001520932,1.951128620040094e-05,14,72.63157901011016,0.7675171392842343,-1.0
0.03432054026052356,0.0017963625335445006,76,0.5419031770434231,1.6094271405406862e-05,14,71.5789475691946,0.7709872021173176,-1.0
0.03443186810861031,0.002702230835954348,77,0.5571433319710195,1.3431113807311488e-05,14,71.05263157894737,0.7845869403136404,-1.0
0.02413589657905201,0.0029965746216475964,78,0.40712272212840617,1.1525919802101659e-05,14,72.73684229348835,0.7683197316370513,-1.0
0.024508456233888865,0.002919933774198095,79,0.4115541619248688,1.0381627060842164e-05,14,71.84210525060955,0.7820989684054725,-1.0
0.034269676388551794,0.002607794354359309,80,0.5533174250740558,1e-05,14,71.73684202997308,0.7609753131866455,-1.0
0.01616798220493365,0.010513766232179478,1,0.42706077406182885,0.000999618372939158,15,13.800000035762787,5.388253509521484,-1.0
0.03412266571831424,0.0022550457069883123,2,0.5821917071007192,0.0009984740801978985,15,24.950000071525572,2.134503692626953,-1.0
0.034188458434073254,0.0025171287561533973,3,0.5874275830574334,0.0009965688861926887,15,25.250000047683717,2.061244291305542,-1.0
0.034253331265063025,0.003170553987729363,4,0.5989181790500879,0.0009939057285945933,15,27.799999988079072,1.9877371654510498,-1.0
0.02916175422433298,0.002540770699852146,5,0.5073677489999682,0.0009904887137995992,15,29.29999997615814,1.9322145824432373,-1.0
0.021526594980969094,0.002727640589000657,6,0.3881957409903407,0.00098632311059685,15,30.999999976158144,1.8897040948867798,-1.0
0.03420841098704841,0.0024556285061407834,7,0.5867617079056799,0.0009814153420445555,15,32.10000002384186,1.8488222799301148,-1.0
0.03416204515087884,0.0031280050316127017,8,0.5967779990751296,0.0009757729755661012,15,32.0,1.8170223245620727,-1.0
0.03415865619899705,0.002449924184475094,9,0.5858718778472394,0.0009694047112816298,15,36.45,1.7445418996810913,-1.0
0.01783717845682986,0.00195363667444326,10,0.3167749948333949,0.0009623203685930871,15,37.849999976158145,1.692144811630249,-1.0
0.028113972977735102,0.0015961195749696344,11,0.47552012791857123,0.0009545308710434153,15,37.75000002384186,1.6560412130355835,-1.0
0.03420332144014537,0.001774314121576026,12,0.575785422930494,0.0009460482294732422,15,39.400000071525575,1.617874680519104,-1.0
0.03431751762400381,0.002771278188447468,13,0.5935535221360624,0.0009368855235010348,15,42.75,1.587774764060974,-1.0
0.034354422547039576,0.002489837890607305,14,0.589641337050125,0.0009270568813552758,15,42.85000002384186,1.5580618047714234,-1.0
0.009985186232370324,0.002711856082896702,15,0.2032866880763322,0.0009165774580897602,15,43.64999997615814,1.5072409152984618,-1.0
0.034162603798904456,0.001869979445473291,16,0.5766607208643109,0.0009054634122155992,15,44.55000004768372,1.5080909566879273,-1.0
0.03416817044490017,0.002683143422473222,17,0.589750437065959,0.0008937318807859689,15,45.15,1.4748919849395752,-1.0
0.0342398321517976,0.0024851332273101434,18,0.5877378929872066,0.0008814009529720156,15,44.75000002384186,1.462253014564514,-1.0
0.031474368370254524,0.0024800522514851764,19,0.5434005139395595,0.0008684896421706646,15,45.20000002384186,1.4663755407333374,-1.0
0.020269814325729385,0.002595551311969757,20,0.3659697959665209,0.0008550178566873412,15,46.849999976158145,1.4518121175765992,-1.0
0.03437517494603526,0.001552494111820124,21,0.5749678730498999,0.0008410063690388064,15,47.35000007152557,1.3931929378509522,-1.0
0.03422692295862362,0.002493672291166149,22,0.5876606011297554,0.0008264767839234412,15,49.05,1.3622185878753663,-1.0
0.034524793140008114,0.0023497137299273163,23,0.5901235959026963,0.000811451504908368,15,49.84999995231628,1.3602492990493775,-1.0
0.019770634709857404,0.002703691861825064,24,0.3597175569739193,0.0007959536998847743,15,50.10000007152557,1.350133363723755,-1.0
0.030089657797361724,0.002291031400091015,25,0.5182289439253509,0.0007800072653447032,15,50.30000004768372,1.3397740631103516,-1.0
0.034333678369876,0.0029175291856518015,26,0.596149445977062,0.0007636367895343947,15,52.00000002384186,1.3202480764389037,-1.0
0.03416794723307248,0.00240609138563741,27,0.5853098661173135,0.0007468675145409928,15,49.5,1.3219589300155639,-1.0
0.034212405007565394,0.002391048241406679,28,0.5857822520192713,0.0007297252973710758,15,53.15000004768372,1.2666548633575438,-1.0
0.00911140616517514,0.0031444327760254964,29,0.19622555188834667,0.0007122365700810271,15,54.40000004768372,1.2583928594589233,-1.0
0.0341389570676256,0.0018000393029069528,30,0.5751580831129104,0.0006944282990207196,15,54.500000143051146,1.2483584661483764,-1.0
0.03430523995484691,0.001717592720524408,31,0.5764946278650314,0.0006763279432533592,15,54.75000002384186,1.2323532543182374,-1.0
0.03413863973401021,0.002798675515805371,32,0.5911259171552956,0.0006579634122155992,15,54.95000002384186,1.2367761917114257,-1.0
0.031694088742369786,0.0025019262538990006,33,0.5472622490487993,0.000639363022683212,15,56.65000009536743,1.187577974319458,-1.0
0.015461794930160977,0.003063546435441822,34,0.2965368488803506,0.0006205554551086735,15,56.700000047683716,1.1831359329223632,-1.0
0.03441077969910111,0.0024303403042722493,35,0.5895875040441751,0.0006015697093979838,15,56.80000014305115,1.1562496433258056,-1.0
0.03435389351216145,0.0028778976120520383,36,0.595837963046506,0.0005824350601949146,15,57.70000007152557,1.1516287078857421,-1.0
0.0342022895347327,0.0016042679053498432,37,0.5730330308433622,0.0005631810117416299,15,58.9,1.1367965259552002,-1.0
0.0237688661145512,0.0016428890085080639,38,0.4067074318882078,0.0005438372523852835,15,58.34999995231628,1.142539348602295,-1.0
0.020982342524803244,0.0019149604777339846,39,0.3664952260442078,0.0005244336088007391,15,57.799999952316284,1.1356250381469726,-1.0
0.034274393823579885,0.0024897300463635474,40,0.588362636975944,0.0005050000000000001,15,60.30000004768372,1.0888889923095704,-1.0
0.03422180053894408,0.0030159747693687677,41,0.5959310650359839,0.0004855663911992613,15,59.84999995231628,1.1052209558486938,-1.0
0.03430741147894878,0.0027531708910828456,42,0.5931044700555503,0.00046616274761471693,15,62.100000047683714,1.0581032161712647,-1.0
0.015250047537847422,0.0037693179619964212,43,0.30443990300409496,0.00044681898825837057,15,62.00000004768371,1.0632621006965637,-1.0
0.03269744222052395,0.0024529411020921543,44,0.5625451020896435,0.000427564939805086,15,62.1,1.0419662265777587,-1.0
0.03423463998478837,0.0025585689436411485,45,0.5888264249078929,0.00040843029060201667,15,62.15000009536743,1.0038816137313842,-1.0
0.034219566674437374,0.001713382822345011,46,0.5750668121036142,0.000389444544891327,15,61.30000004768372,1.035645718574524,-1.0
0.033991124815656804,0.002373777242610231,47,0.5819452430587262,0.0003706369773167883,15,62.350000047683714,1.0340696754455567,-1.0
0.014460220583714545,0.0030184873612597585,48,0.27976700803264976,0.0003520365877844012,15,62.299999952316284,1.0074489574432373,-1.0
0.034210540892672725,0.0028272046038182452,49,0.5927152251824737,0.0003336720567466412,15,64.10000014305115,1.002830373764038,-1.0
0.034154295062762685,0.0030825960566289723,50,0.5959023567847908,0.0003155717009792807,15,64.09999995231628,0.9675123677253723,-1.0
0.034218759945360944,0.0028238757950020954,51,0.5927942201960832,0.00029776342991897335,15,64.29999995231628,0.9530713148117066,-1.0
0.022704600400174968,0.0024889537889976054,52,0.4031990501098335,0.00028027470262892445,15,65.29999995231628,0.9390516505241394,-1.0
0.024155499719199724,0.0028418435249477625,53,0.4320675269700587,0.0002631324854590073,15,66.20000014305114,0.9343616862297058,-1.0
0.034285144982277416,0.0027199022006243467,54,0.5921939259860665,0.0002463632104656054,15,65.00000004768371,0.9378638257980346,-1.0
0.034194759296951815,0.0032522072724532336,55,0.5992636929731816,0.0002299927346552969,15,67.15,0.9142386789321899,-1.0
0.034278853607247584,0.003682130016386509,56,0.6074864929541945,0.00021404630011522587,15,66.45000004768372,0.9124937658309936,-1.0
0.011846307781524956,0.0017257763392990455,57,0.21725794300436974,0.00019854849509163232,15,66.10000009536743,0.9183574838638305,-1.0
0.0321394003694877,0.002740899391938001,58,0.5582023030146956,0.00018352321607655918,15,67.10000009536743,0.8871399583816528,-1.0
0.03433407167904079,0.0019715659436769783,59,0.5810015781316906,0.00016899363096119395,15,68.10000004768372,0.864413863658905,-1.0
0.03425687935668975,0.004030848649563268,60,0.6127152941189706,0.000154982143312659,15,67.6,0.8607208251953125,-1.0
0.03123148443410173,0.0038794874417362735,61,0.5618793058674783,0.0001415103578293356,15,68.00000009536743,0.8731062211990357,-1.0
0.01228253795125056,0.002890270421630703,62,0.24288274999707937,0.0001285990470279847,15,68.20000009536743,0.8610650606155396,-1.0
0.03429716784739867,0.00164708515512757,63,0.5752212980296463,0.0001162681192140312,15,69.75,0.8553362007141113,-1.0
0.03425551290274598,0.002571997480117716,64,0.5893502319231629,0.00010453658778440107,15,69.39999995231628,0.8403647356033325,-1.0
0.0342409846780356,0.001718138562864624,65,0.5754544050432742,9.342254191024022e-05,15,68.05000014305115,0.8614680337905883,-1.0
0.026335172951803543,0.0024154244892997667,66,0.4601159989833832,8.294311864472437e-05,15,69.09999995231628,0.8420695986747742,-1.0
0.01936950974049978,0.0030559922597603872,67,0.35891946917399764,7.311447649896551e-05,15,70.05000009536744,0.825565803527832,-1.0
0.03422312131442595,0.0018167553644161671,68,0.5767464290838689,6.395177052675794e-05,15,69.80000014305115,0.8170030355453491,-1.0
0.034178195070126094,0.0028653954213950783,69,0.5928083341568708,5.546912895658472e-05,15,70.2,0.8032313060760498,-1.0
0.03430244335322641,0.0017628099012654275,70,0.5771567409392446,4.767963140691306e-05,15,70.65000009536743,0.813523452758789,-1.0
0.019486136428895406,0.0025492335116723552,71,0.352669645100832,4.059528871837034e-05,15,70.14999995231628,0.801730721950531,-1.0
0.02636497965431772,0.0022119154018582776,72,0.45734500396065414,3.4227024433899e-05,15,71.40000009536743,0.7960597896575927,-1.0
0.03431067962083034,0.003087726072408259,73,0.598484056070447,2.8584657955444653e-05,15,70.89999995231628,0.7825920724868775,-1.0
0.03421502032142598,0.0017737164307618514,74,0.5759462991263717,2.367688940315011e-05,15,71.40000014305114,0.7834433398246765,-1.0
0.0342130305361934,0.002256928462884389,75,0.5836530849337578,1.951128620040094e-05,15,71.70000014305114,0.7785110845565796,-1.0
0.012672413315158337,0.0015522683097515255,76,0.22772359917871654,1.6094271405406862e-05,15,71.25000004768371,0.801537220954895,-1.0
0.03265886724693701,0.0020162767032161355,77,0.5549255169462413,1.3431113807311488e-05,15,71.90000004768372,0.7976909337043763,-1.0
0.03418412388418801,0.002681773417862132,78,0.5899633199442178,1.1525919802101659e-05,15,71.94999995231629,0.7713604898452758,-1.0
0.034587564048706554,0.002595298894448206,79,0.5950389269273728,1.0381627060842164e-05,15,70.60000009536743,0.799609573841095,-1.0
0.03304085263516754,0.0024125100462697446,80,0.5673567079938948,1e-05,15,70.39999995231628,0.7845845746994019,-1.0
0.03612171279211693,0.010050897034542525,1,0.785076810978353,0.000999618372939158,16,17.571428585620154,4.154815880003429,-1.0
0.03417531170827501,0.0023204205311177406,2,0.620549350976944,0.0009984740801978985,16,22.142857142857142,2.1577442273639496,-1.0
0.03413640421486514,0.002981595845673891,3,0.6311284848488867,0.0009965688861926887,16,25.857142891202653,2.0567853078388034,-1.0
0.015654767110176823,0.0030851647778249837,4,0.31869662809185684,0.0009939057285945933,16,26.047619064648945,2.0175801622299923,-1.0
0.03430731641128659,0.0029172711211311467,5,0.6329275420866907,0.0009904887137995992,16,27.857142868496123,1.9734936500730969,-1.0
0.03413555613609359,0.0018422784530283773,6,0.6117326419334859,0.00098632311059685,16,29.3333333276567,1.943253930182684,-1.0
0.034271787126165104,0.0031809337601503905,7,0.6368090740870684,0.0009814153420445555,16,30.14285713718051,1.9106028958729335,-1.0
0.01524374306694988,0.0028445058748783436,8,0.30760507890954614,0.0009757729755661012,16,33.761904824347724,1.8288475908551898,-1.0
0.032856319140752446,0.0018885065116645658,9,0.5907791210338473,0.0009694047112816298,16,34.23809526080177,1.7822862618310111,-1.0
0.0341788336963338,0.002159089712864336,10,0.6178558540996164,0.0009623203685930871,16,35.190476201829455,1.7412944382712954,-1.0
0.03415050627389813,0.0022998876075315125,11,0.6197620939929038,0.0009545308710434153,16,37.38095243204208,1.6735618377867199,-1.0
0.0258088212542455,0.0033811877536423065,12,0.496333657996729,0.0009460482294732422,16,40.14285715421041,1.647799281619844,-1.0
0.021007497918189448,0.002585294615367756,13,0.4011884790379554,0.0009368855235010348,16,40.238095294861566,1.6091638036001297,-1.0
0.034147173714111835,0.0019570880514733933,14,0.6138852799776942,0.0009270568813552758,16,40.095238140651155,1.596680371420724,-1.0
0.03412236556794275,0.002773196080370861,15,0.6273382881190628,0.0009165774580897602,16,41.761904778934664,1.5722911566779727,-1.0
0.03426259841002962,0.0018625079435022438,16,0.6142404479905963,0.0009054634122155992,16,41.904761950174965,1.561001222928365,-1.0
0.010064102818860728,0.003493489889318452,17,0.23058498604223132,0.0008937318807859689,16,42.952381014823914,1.551053937730335,-1.0
0.0341058021876961,0.0018810524523039075,18,0.6118987919762731,0.0008814009529720156,16,44.38095239798228,1.5298884657451084,-1.0
0.03407044429332018,0.0028716325212050885,19,0.6281270540785044,0.0008684896421706646,16,45.285714336803984,1.5129591812406267,-1.0
0.034090006641824454,0.0033850488389896996,20,0.6371841852087528,0.0008550178566873412,16,45.095238140651155,1.4648895688284012,-1.0
0.02237214078195393,0.0032478115685722407,21,0.43565498501993716,0.0008410063690388064,16,45.571428582781834,1.4700568560191563,-1.0
0.025621534064959955,0.002726676695815781,22,0.48203174117952585,0.0008264767839234412,16,46.71428575402214,1.4590879235948835,-1.0
0.03416458469377283,0.002785515601691954,23,0.6282691019587219,0.000811451504908368,16,47.6666666893732,1.4393078168233235,-1.0
0.034155067083809304,0.002296177451224888,24,0.6197806810960174,0.0007959536998847743,16,45.66666667801993,1.4284098012106758,-1.0
0.033648297245449876,0.0020569292828440666,25,0.6070947798434645,0.0007800072653447032,16,47.142857142857146,1.3882840840021768,-1.0
0.017248808324117872,0.002092528499334174,26,0.32891414291225374,0.0007636367895343947,16,48.85714284578959,1.391410921187628,-1.0
0.034100210581741786,0.00214036984150024,27,0.616200802847743,0.0007468675145409928,16,50.52380956354595,1.3323875926789783,-1.0
0.034296201131142234,0.001814422444166506,28,0.6139888430479914,0.0007297252973710758,16,50.428571508044286,1.3314661189488002,-1.0
0.03413466573692858,0.003027247675858876,29,0.6318635439965874,0.0007122365700810271,16,51.33333332198007,1.336752938315982,-1.0
0.015971988864133462,0.0019765846595606383,30,0.3052330920472741,0.0006944282990207196,16,51.380952420688814,1.3102715853282383,-1.0
0.03232467703192549,0.0019202493268119939,31,0.5822804430499673,0.0006763279432533592,16,52.523809591929115,1.2929440673192343,-1.0
0.03420414140119272,0.0022949164267629385,32,0.6205950791481882,0.0006579634122155992,16,53.90476189340864,1.2599139199938092,-1.0
0.03403024109737838,0.001768255907603923,33,0.6086849051062018,0.000639363022683212,16,51.52380958057585,1.3096026007334391,-1.0
0.027734638027408543,0.0027326578000450834,34,0.518047004006803,0.0006205554551086735,16,52.523809591929115,1.2528808380308605,-1.0
0.02055219518404235,0.0024688509292900562,35,0.39146953099407256,0.0006015697093979838,16,54.9047619388217,1.2368638381503878,-1.0
0.0341899517156622,0.0021800838739556424,36,0.6184007101692259,0.0005824350601949146,16,53.52380962598892,1.2226103510175432,-1.0
0.03416217992301373,0.0028648627237142887,37,0.6295719938352704,0.0005631810117416299,16,55.952380975087486,1.2139411785489036,-1.0
0.03418891991981689,0.002044075675418272,38,0.6160693778656423,0.0005438372523852835,16,57.380952415012175,1.1701646568661643,-1.0
0.011208832647432299,0.0020807394620907657,39,0.2260392210446298,0.0005244336088007391,16,56.999999988646735,1.1866187517983573,-1.0
0.03407020984655794,0.0020779276759747196,40,0.6146298949606717,0.0005050000000000001,16,56.47619057836987,1.1760317725226992,-1.0
0.03409990840865409,0.0019073935965185657,41,0.6122577239293605,0.0004855663911992613,16,57.61904767013731,1.1712859607878185,-1.0
0.03415776286548113,0.002082897432367591,42,0.6162049048580229,0.00046616274761471693,16,57.523809591929115,1.1554415053413027,-1.0
0.02526881584130666,0.0027815081617411446,43,0.47695729113183916,0.00044681898825837057,16,57.857142959322246,1.1319844772702172,-1.0
0.0214115691727356,0.0016142034711425796,44,0.39157005306333303,0.000427564939805086,16,58.90476199558803,1.1191480988547915,-1.0
0.03431827062740922,0.002224954666898531,45,0.6213477689307183,0.00040843029060201667,16,58.857142959322246,1.1179870728084018,-1.0
0.03418138219207963,0.0028968199211008407,46,0.630440813023597,0.000389444544891327,16,59.8095239117032,1.092124556586856,-1.0
0.03410977977054084,0.0027733612257768124,47,0.6271437930408865,0.0003706369773167883,16,62.095238095238095,1.057709268388294,-1.0
0.031145981923841378,0.002590809784391347,48,0.5737073509953916,0.0003520365877844012,16,61.19047631536211,1.0715671477999007,-1.0
0.034068063230198974,0.0025870282312526424,49,0.623277337057516,0.0003336720567466412,16,62.71428580511184,1.0337312421344576,-1.0
0.034181763459106576,0.002030839184846948,50,0.6157473339699209,0.0003155717009792807,16,61.38095244907198,1.0557748515265328,-1.0
0.029331630835419193,0.0017878163934630506,51,0.529176983051002,0.00029776342991897335,16,61.14285715421041,1.0415351760955085,-1.0
0.01931650718838415,0.0025450743406134494,52,0.3717744981404394,0.00028027470262892445,16,62.809523843583605,1.0291945400692168,-1.0
0.034151300294872594,0.0029627754736472577,53,0.6310884230770171,0.0002631324854590073,16,62.047619149798436,1.0220893419356574,-1.0
0.03432209350113921,0.003235338091412011,54,0.6386268120259047,0.0002463632104656054,16,64.23809526080177,1.0002144320805868,-1.0
0.03413518653799068,0.0016835817574139904,55,0.6090693369042128,0.0002299927346552969,16,64.3809524717785,0.962642423766,-1.0
0.010021167451187092,0.002945685608531622,56,0.22055868618190289,0.00021404630011522587,16,66.00000012488593,0.9416458632832482,-1.0
0.03409291071105091,0.0018502122941700852,57,0.611162724904716,0.00019854849509163232,16,65.95238103185382,0.9502909177825565,-1.0
0.03417734982555404,0.0027147181715597123,58,0.6272919771727175,0.00018352321607655918,16,65.66666673478626,0.9517365328470866,-1.0
0.03420285240966169,0.0019900233566980154,59,0.6154117581900209,0.00016899363096119395,16,66.19047621318272,0.9228977807362875,-1.0
0.02570177785887876,0.0016439386698253015,60,0.46498007606714964,0.000154982143312659,16,65.47619048754375,0.9395971638815743,-1.0
0.021559961893431404,0.0024537598741624284,61,0.40834148321300745,0.0001415103578293356,16,65.04761909303211,0.9444438928649539,-1.0
0.03410386194146293,0.0018162407145342406,62,0.6107557259965688,0.0001285990470279847,16,66.00000009082612,0.9180658759389605,-1.0
0.03426123172154322,0.0029422943891190432,63,0.6325699188746512,0.0001162681192140312,16,65.95238105456035,0.9121162016051156,-1.0
0.034275191219742686,0.0031330461394699183,64,0.6360491390805691,0.00010453658778440107,16,65.9047619728815,0.9087680246716454,-1.0
0.009596967042478569,0.0028215605519054565,65,0.2112422799691558,9.342254191024022e-05,16,66.71428580511184,0.9078715176809402,-1.0
0.034321946448043865,0.001754247199963121,66,0.6134360330179334,8.294311864472437e-05,16,67.52380955786933,0.901098214785258,-1.0
0.03409317717887461,0.0025330092894899495,67,0.6227800720371306,7.311447649896551e-05,16,69.14285721097674,0.884806239945548,-1.0
0.0341185505145832,0.0017212758333805729,68,0.6094097781460732,6.395177052675794e-05,16,67.66666670072647,0.8893432801110404,-1.0
0.022817783085081506,0.003622206092319068,69,0.4496028709691018,5.546912895658472e-05,16,67.28571429706756,0.8853855184146336,-1.0
0.027576214702361646,0.003181628417223692,70,0.5230153219308704,4.767963140691306e-05,16,69.00000010217938,0.8651551752998715,-1.0
0.03410159328075893,0.0015767310636446757,71,0.6066705018747598,4.059528871837034e-05,16,68.80952382087708,0.8692221934454781,-1.0
0.034172918811878734,0.0030067918329116177,72,0.6321957330219448,3.4227024433899e-05,16,68.52380954651605,0.8633569805962699,-1.0
0.03171054779223221,0.0032408254988053266,73,0.5943052938673645,2.8584657955444653e-05,16,68.42857154210408,0.8586264366195315,-1.0
0.02090655008385725,0.001952409785350456,74,0.3887415979988873,2.367688940315011e-05,16,68.42857142857143,0.8551491307076954,-1.0
0.03431445156114504,0.0027523070765549645,75,0.6302731828764081,1.951128620040094e-05,16,69.9047619047619,0.8429496917270479,-1.0
0.03417216550887508,0.0015557439559522796,76,0.607510614907369,1.6094271405406862e-05,16,68.52380960328239,0.8584582689830235,-1.0
0.034096907550359476,0.001598165452699451,77,0.6069524260237813,1.3431113807311488e-05,16,67.7619048527309,0.8640997315588451,-1.0
0.012803304598064107,0.003248583511723315,78,0.2730038508307189,1.1525919802101659e-05,16,69.00000012488593,0.844517933073498,-1.0
0.03348278904826764,0.0021477087181718912,79,0.6058498891070485,1.0381627060842164e-05,16,69.0476191270919,0.8406486581620716,-1.0
0.03444259689079926,0.0019943743451114964,80,0.6195644559338689,1e-05,16,69.52380961463565,0.8335425158909389,-1.0
0.025453744779547885,0.009253003440486888,1,0.6248582329135388,0.000999618372939158,17,14.590909096327694,4.083347500887784,-1.0
0.03409657759281496,0.0023728432909895978,2,0.6565627851523459,0.0009984740801978985,17,24.409090914509513,2.1534869107333097,-1.0
0.03423690925248795,0.0018201010146488745,3,0.6491392950993031,0.0009965688861926887,17,26.136363647200845,2.0573964760520242,-1.0
0.02851872302643541,0.001867562467749748,4,0.5470675199758261,0.0009939057285945933,17,27.5909091017463,1.9912329656427556,-1.0
0.01918020596106847,0.002009410204158889,5,0.3815228349994868,0.0009904887137995992,17,28.045454545454547,1.9458024592833085,-1.0
0.034117396054272026,0.0016129074954531258,6,0.6432512428145856,0.00098632311059685,17,30.636363636363637,1.885628662109375,-1.0
0.03407113281233857,0.00222334840024511,7,0.6534098160918802,0.0009814153420445555,17,33.90909091992812,1.8286152648925782,-1.0
0.03412828957920687,0.0018257450881517595,8,0.6472969010937959,0.0009757729755661012,17,34.5,1.8038819057291204,-1.0
0.008765692615674602,0.0021228452678769827,9,0.19611043692566454,0.0009694047112816298,17,36.18181818181818,1.737313176501881,-1.0
0.03406257102162474,0.0023109952453523874,10,0.6548404770437628,0.0009623203685930871,17,38.045454567128964,1.6849439859390258,-1.0
0.034061739622201354,0.0030329341534525156,11,0.6678286150563508,0.0009545308710434153,17,38.27272727272727,1.6394908831336281,-1.0
0.03415165439299825,0.0033187803864065143,12,0.6745954770594835,0.0009460482294732422,17,39.636363647200845,1.6301695390181108,-1.0
0.016484120576125052,0.0020280175247333115,13,0.33332841098308563,0.0009368855235010348,17,40.04545455629175,1.6108676420558583,-1.0
0.030838923386505082,0.001725650444212887,14,0.5863056338857859,0.0009270568813552758,17,38.77272727272727,1.6120217201926492,-1.0
0.034216778960803315,0.0015609055343601438,15,0.6441289759241045,0.0009165774580897602,17,42.136363647200845,1.5728532548384233,-1.0
0.034274611777315535,0.0015615587277958791,16,0.6451829869765788,0.0009054634122155992,17,42.50000002167442,1.5444903287020597,-1.0
0.02563008728126685,0.0016390388288224738,17,0.4909711501095444,0.0008937318807859689,17,42.81818181818182,1.5433664018457587,-1.0
0.025812719211292762,0.0017027231192009316,18,0.49541407614015043,0.0008814009529720156,17,43.54545454545455,1.5249118315089834,-1.0
0.034166269547616444,0.0019025748414504859,19,0.6493720379658043,0.0008684896421706646,17,44.04545455629175,1.512095309604298,-1.0
0.03421841105187519,0.002063729890829159,20,0.6532126378733665,0.0008550178566873412,17,44.36363637447357,1.4614705445549705,-1.0
0.030023403181177046,0.0018640897081544001,21,0.5741021931171417,0.0008410063690388064,17,44.90909093076532,1.463085015036843,-1.0
0.019149454608042207,0.0017447645594883296,22,0.3762309879530221,0.0008264767839234412,17,48.27272727272727,1.4115782577341254,-1.0
0.03442618936403758,0.001796985083880524,23,0.6521511010359973,0.000811451504908368,17,47.136363647200845,1.4523626084761185,-1.0
0.034279865186868444,0.0016279214889638955,24,0.6464770759921521,0.0007959536998847743,17,46.72727272727273,1.4285705570741134,-1.0
0.0343535088468343,0.001659131712383694,25,0.648360077990219,0.0007800072653447032,17,45.86363637447357,1.4296239337054166,-1.0
0.009576311166812148,0.001571118055532376,26,0.20078498218208551,0.0007636367895343947,17,48.363636406985194,1.396445388360457,-1.0
0.034150241408497095,0.001762434594436652,27,0.6465651439502835,0.0007468675145409928,17,49.45454547621987,1.3651235342025756,-1.0
0.03414410681256817,0.002259760525905424,28,0.6554030820261687,0.0007297252973710758,17,49.136363647200845,1.3653548773852262,-1.0
0.034038164264832936,0.0016077084001153708,29,0.6417567648459226,0.0007122365700810271,17,48.36363636363637,1.3639840975674715,-1.0
0.02032471327887227,0.001728813383831746,30,0.3971005859784782,0.0006944282990207196,17,49.36363638531078,1.3502594692056828,-1.0
0.03188866512694707,0.002037650543368525,31,0.6108082351274788,0.0006763279432533592,17,49.63636363636363,1.3368199855631049,-1.0
0.034368155187823705,0.001474311148437361,32,0.6453192848712206,0.0006579634122155992,17,51.90909090909091,1.2861822713505138,-1.0
0.03428913107038372,0.001544432313595381,33,0.6451340559870005,0.000639363022683212,17,50.63636363636363,1.306422422582453,-1.0
0.02372690574783418,0.002002304199979537,34,0.4632303658872843,0.0006205554551086735,17,50.54545454545455,1.3108790445327758,-1.0
0.02480465379388382,0.0017472399243464072,35,0.47806680598296225,0.0006015697093979838,17,53.59090913425792,1.254512141834606,-1.0
0.03423382490614636,0.0017179761521725191,36,0.6472661099396646,0.0005824350601949146,17,52.36363637447357,1.2870500672947276,-1.0
0.034145731220228806,0.0016243466201962696,37,0.6440008298959583,0.0005631810117416299,17,53.86363636363637,1.2670555743304166,-1.0
0.031161458917065628,0.0019901131357376776,38,0.596853215014562,0.0005438372523852835,17,52.681818225167014,1.2733211374282838,-1.0
0.01864419792157908,0.0016602822450093096,39,0.36560914595611393,0.0005244336088007391,17,53.727272748947144,1.2487392976067282,-1.0
0.03427561510923422,0.001855921388293306,40,0.6505029499530792,0.0005050000000000001,17,53.727272748947144,1.2454021042043513,-1.0
0.03428128075837675,0.0016340696278752552,41,0.6466133631765842,0.0004855663911992613,17,56.000000010837205,1.1900536974993619,-1.0
0.034335378350483045,0.0017585343060394127,42,0.6498248400166631,0.00046616274761471693,17,55.72727272727273,1.208169673572887,-1.0
0.010289976049938964,0.0015825050003412697,43,0.21383750881068408,0.00044681898825837057,17,56.04545455629175,1.1850351086529818,-1.0
0.03434352791454229,0.0014646820361829465,44,0.6446873489767313,0.000427564939805086,17,56.68181818181818,1.1748194473439997,-1.0
0.03435155365150422,0.0030582720775985056,45,0.6735115549527109,0.00040843029060201667,17,57.40909093076532,1.1675772099061446,-1.0
0.03423550823289487,0.002430634327336318,46,0.6601257391739637,0.000389444544891327,17,56.72727272727273,1.165885966907848,-1.0
0.016829991014674306,0.0030857815872877836,47,0.35863632592372596,0.0003706369773167883,17,57.81818183985624,1.1308348742398349,-1.0
0.033012329859452114,0.0017279056935674613,48,0.6254438699688762,0.0003520365877844012,17,58.22727272727273,1.13499531139027,-1.0
0.034071550510513283,0.002032289216812286,49,0.6499973980244249,0.0003336720567466412,17,57.63636367971247,1.1334847198833118,-1.0
0.034102642029109925,0.0016598487531559335,50,0.6438581238035113,0.0003155717009792807,17,59.95454547621987,1.1071443728967147,-1.0
0.0222245282234831,0.0015056930585867828,51,0.42727867513895035,0.00029776342991897335,17,59.31818181818182,1.1196561915224248,-1.0
0.022537669658453927,0.0016489189971859257,52,0.4354894219432026,0.00028027470262892445,17,59.81818183985624,1.089134542725303,-1.0
0.03409250722163253,0.0015627758887906869,53,0.641928254859522,0.0002631324854590073,17,59.90909090909091,1.0922512750192122,-1.0
0.03401483883822544,0.0015042669967644745,54,0.6394788881298155,0.0002463632104656054,17,59.13636367971247,1.0651958498087797,-1.0
0.03364806282075329,0.0015545135700247353,55,0.6337969510350376,0.0002299927346552969,17,60.181818225167014,1.0902615044333719,-1.0
0.014985125835260583,0.00167746360724171,56,0.3000754138920456,0.00021404630011522587,17,62.13636365803805,1.0591570459712636,-1.0
0.03409028956149188,0.0016061115052757992,57,0.6431652440223843,0.00019854849509163232,17,61.54545454545455,1.0293164482983677,-1.0
0.034278059132500656,0.0018639393642337786,58,0.6506918359082192,0.00018352321607655918,17,62.1818182034926,1.028056904185902,-1.0
0.034260805243522756,0.001488419314328995,59,0.643616777844727,0.00016899363096119395,17,62.68181818181818,1.0235676403479144,-1.0
0.014085927279666066,0.0014836253831163049,60,0.2803738520015031,0.000154982143312659,17,61.31818183985624,1.0339915531331842,-1.0
0.03394790844888323,0.001875253045000136,61,0.6449419541750103,0.0001415103578293356,17,61.54545458880338,1.022557705965909,-1.0
0.03430351959024039,0.0017005342912549775,62,0.6482045780867338,0.0001285990470279847,17,63.86363636363637,0.9862426961552013,-1.0
0.034264887230367296,0.0017070990417980486,63,0.6476523680612445,0.0001162681192140312,17,63.90909090909091,0.9837683991952376,-1.0
0.021534433885891404,0.0016883346769544813,64,0.4181317368056625,0.00010453658778440107,17,62.77272731607611,1.0072473389452155,-1.0
0.027667373690443735,0.0015726341452035639,65,0.5264435659628361,9.342254191024022e-05,17,63.45454549789429,0.9951276744495738,-1.0
0.03417222398436732,0.002097798071594702,66,0.6529954799916595,8.294311864472437e-05,17,64.90909093076533,0.9654512882232666,-1.0
0.03422670653607282,0.0017135384001044764,67,0.6470558068249375,7.311447649896551e-05,17,65.22727272727273,0.9740595449100841,-1.0
0.027840324250670772,0.0016586985827113192,68,0.5311132378410548,6.395177052675794e-05,17,64.63636363636364,0.9556110052628951,-1.0
0.020744602493424382,0.001799570500022835,69,0.40592760290019214,5.546912895658472e-05,17,64.22727272727273,0.9628063648397273,-1.0
0.03433791392793258,0.0015983736763397853,70,0.6469890309963375,4.767963140691306e-05,17,64.72727277062155,0.9550452717867765,-1.0
0.03433314439219733,0.001567570945351488,71,0.6463708220981061,4.059528871837034e-05,17,65.54545454545455,0.9511689827658913,-1.0
0.03429350807952384,0.001708432372349004,72,0.6481873269658536,3.4227024433899e-05,17,65.13636367971247,0.9489572312615134,-1.0
0.013924293232978217,0.002115105550425748,73,0.2888714321888983,2.8584657955444653e-05,17,65.77272729440169,0.956200638034127,-1.0
0.03423611977551547,0.001735501676901347,74,0.6476421160623431,2.367688940315011e-05,17,65.50000002167441,0.9316051832112399,-1.0
0.03434977570496914,0.0030852957990848357,75,0.6739704548381269,1.951128620040094e-05,17,65.1818182034926,0.9675935398448597,-1.0
0.034362229453917176,0.0014572263203768267,76,0.6448827630374581,1.6094271405406862e-05,17,66.00000001083721,0.9164890042218296,-1.0
0.012998943902655609,0.0019288569326615995,77,0.26885351398959756,1.3431113807311488e-05,17,64.0909090909091,0.9486216354370117,-1.0
0.03407267703571253,0.0016843760644810067,78,0.6437793748918921,1.1525919802101659e-05,17,64.54545455629176,0.9654922446337613,-1.0
0.0342048859068503,0.0017006398799518745,79,0.64643558813259,1.0381627060842164e-05,17,66.77272727272727,0.9020162651755593,-1.0
0.03419509140722868,0.002179156872443855,80,0.6548655428923666,1e-05,17,65.6818182034926,0.9408994499119845,-1.0
0.03587011888157576,0.010229942065456675,1,0.8299556490965188,0.000999618372939158,18,16.956521705440853,3.9433469042570697,-1.0
0.03433440753724426,0.0025482687374783885,2,0.6640462300274521,0.0009984740801978985,18,25.26086956521739,2.1066652497001317,-1.0
0.031001991618217692,0.0017680816041926544,3,0.5899672959931195,0.0009965688861926887,18,26.652173913043477,2.0196866240708724,-1.0
0.018171680948903993,0.0016202876577153802,4,0.356369815999642,0.0009939057285945933,18,27.565217266912047,1.9776246209766555,-1.0
0.034250991522438,0.0019273628066811296,5,0.6513360769022256,0.0009904887137995992,18,30.173912950184036,1.911399535925492,-1.0
0.034233506393825844,0.001574348658323288,6,0.644651765935123,0.00098632311059685,18,33.08695651655612,1.8427927160263062,-1.0
0.03422637841302074,0.0015566420818989475,7,0.6442033629864454,0.0009814153420445555,18,33.130434782608695,1.7983631187936535,-1.0
0.011329397378075454,0.0015105531137022707,8,0.23123434092849493,0.0009757729755661012,18,35.17391302274621,1.7394435447195302,-1.0
0.03422890992886904,0.002146310573961172,9,0.6548726968467236,0.0009694047112816298,18,37.347826029943384,1.6766182669349339,-1.0
0.03428557017145471,0.0016590107697993517,10,0.647113102953881,0.0009623203685930871,18,38.39130423379981,1.6533581273452096,-1.0
0.034370589871994324,0.0015943805143857996,11,0.6474805439356714,0.0009545308710434153,18,41.0434782349545,1.6044263829355654,-1.0
0.02154440952775379,0.001451823252460195,12,0.41403804905712605,0.0009460482294732422,18,41.17391289835391,1.576931300992551,-1.0
0.029006729536275897,0.0023878165262026917,13,0.5652195250149816,0.0009368855235010348,18,42.60869554851366,1.5558614198021268,-1.0
0.034395409165881574,0.0025093508884310722,14,0.6643949958961457,0.0009270568813552758,18,43.39130432191102,1.5146887748137765,-1.0
0.03431012452993956,0.0015199992986809877,15,0.6450536949560046,0.0009165774580897602,18,44.52173907342164,1.4933690616358881,-1.0
0.02690853883460578,0.0014814765632359518,16,0.5111251829657704,0.0009054634122155992,18,44.260869409727015,1.4940528104616249,-1.0
0.021924216895260744,0.002137667150236666,17,0.43322852486744523,0.0008937318807859689,18,43.60869554333065,1.4726224028545878,-1.0
0.03432800288363877,0.0015325942335443364,18,0.645600242074579,0.0008814009529720156,18,45.78260862827301,1.438201466643292,-1.0
0.03430905168513871,0.0014903752081510094,19,0.6444986569695175,0.0008684896421706646,18,47.26086948228919,1.4203615480920544,-1.0
0.03427397019954191,0.0015435915233360396,20,0.6448279500473291,0.0008550178566873412,18,47.956521661385246,1.3954017147810562,-1.0
0.01255663913778133,0.001725325477309525,21,0.25718443701043725,0.0008410063690388064,18,48.26086945119111,1.3927943061745685,-1.0
0.034362942691788904,0.0026758705757351387,22,0.6668067020364106,0.0008264767839234412,18,48.739130408867545,1.3703578975926274,-1.0
0.03432990094491591,0.0017149605038058427,23,0.6489195739850402,0.000811451504908368,18,49.0869563040526,1.345656709878341,-1.0
0.034378467955523066,0.0014306330510104697,24,0.6446714389603585,0.0007959536998847743,18,49.82608695652174,1.3318685423809549,-1.0
0.015944916573870514,0.0015480703182725443,25,0.3149809348396957,0.0007800072653447032,18,51.39130427526391,1.3178322503877722,-1.0
0.031483508051476546,0.0019175339386694962,26,0.6013345092069358,0.0007636367895343947,18,53.52173901122549,1.2917503686573195,-1.0
0.034290065148120955,0.0018699098533640306,27,0.6509877520147711,0.0007468675145409928,18,52.26086952375329,1.2714187566093778,-1.0
0.034267831477336586,0.001748678132167293,28,0.6484113840851933,0.0007297252973710758,18,52.34782604549242,1.2771781952484795,-1.0
0.02447038061088986,0.0022592239418170517,29,0.4812374298926443,0.0007122365700810271,18,54.17391307457633,1.2402814037903496,-1.0
0.02326722556932105,0.0015254736515796846,30,0.4463925820309669,0.0006944282990207196,18,54.39130429599596,1.2038097891600235,-1.0
0.034326025918643505,0.0019651210168376565,31,0.653374986955896,0.0006763279432533592,18,55.565217329108194,1.1888742158723915,-1.0
0.03443583244613061,0.001694504895971881,32,0.6504768477752805,0.0006579634122155992,18,55.34782587963602,1.1892076135718304,-1.0
0.0329450584249571,0.001702837529592216,33,0.6237909700721502,0.000639363022683212,18,55.82608670773713,1.1850033830559772,-1.0
0.016770202627715964,0.0020394675925167072,34,0.33870233688503504,0.0006205554551086735,18,56.8695650515349,1.1780470184657885,-1.0
0.034233442352463804,0.001702132531338268,35,0.6469652249943465,0.0006015697093979838,18,56.04347816757534,1.1917128316215846,-1.0
0.03430941690587335,0.0015536023743657602,36,0.6456660937983543,0.0005824350601949146,18,58.826086728469186,1.132811433336009,-1.0
0.034340019467183285,0.0017278920859098434,37,0.6493505509570241,0.0005631810117416299,18,59.69565202878869,1.0999178656287816,-1.0
0.012925983613563908,0.0017134428878004353,38,0.2636381390038878,0.0005438372523852835,18,60.260869347530864,1.0731029247201007,-1.0
0.034154402997551694,0.0021832119026738736,39,0.6542104079853743,0.0005244336088007391,18,60.39130417160366,1.07686420917511,-1.0
0.03447472341617362,0.0017255247544704212,40,0.6517318978440017,0.0005050000000000001,18,60.47826093176137,1.0624778119377467,-1.0
0.034259095231795475,0.0016908662574779657,41,0.6472278898581862,0.0004855663911992613,18,60.65217397523963,1.0710617389886277,-1.0
0.02251668452906112,0.0015593666919610566,42,0.4334992680232972,0.00046616274761471693,18,61.86956507226695,1.0500474023818969,-1.0
0.027803803664735623,0.0023560167238530186,43,0.543013822985813,0.00044681898825837057,18,63.65217392340951,1.0066842295812524,-1.0
0.03437138628214598,0.0015428424942203695,44,0.6465824381448328,0.000427564939805086,18,62.65217393377553,0.9896735892088517,-1.0
0.034304637060914606,0.0015767228841367695,45,0.6460055098868906,0.00040843029060201667,18,63.04347810537919,0.991291450832201,-1.0
0.028996050965765283,0.0016363481990993023,46,0.5515119379851967,0.000389444544891327,18,64.4347824635713,0.986701844153197,-1.0
0.017883294947548874,0.0020493104950421387,47,0.35892136907204986,0.0003706369773167883,18,63.60869549668354,0.9735481806423353,-1.0
0.03430702852913075,0.0017107998590088552,48,0.6484642359428108,0.0003520365877844012,18,64.47826089029726,0.9294119051228399,-1.0
0.03438776529704531,0.0017124659821598066,49,0.6499330261722207,0.0003336720567466412,18,64.82608686322752,0.9430974904350612,-1.0
0.0343774211489492,0.0017513284175139335,50,0.6504475369583815,0.0003155717009792807,18,65.56521717361782,0.9222795312300972,-1.0
0.011641239346418943,0.0017141843757902582,51,0.24052238394506276,0.00029776342991897335,18,65.52173904750659,0.9189488404730092,-1.0
0.03425994536115064,0.00163418208507614,52,0.6462180900853127,0.00028027470262892445,18,67.04347804318304,0.8999486091862554,-1.0
0.03435791309715973,0.0015013297347144948,53,0.6455752740148455,0.0002631324854590073,18,66.30434771206068,0.9029415596049765,-1.0
0.034281596593144864,0.00157787818979058,54,0.6455833851359785,0.0002463632104656054,18,67.26086934753086,0.879247901957968,-1.0
0.022496096427655883,0.0015183039035441147,55,0.43236509384587407,0.0002299927346552969,18,68.04347814684328,0.8672270869172137,-1.0
0.024996450080329344,0.0019498619173342984,56,0.48515301500447094,0.00021404630011522587,18,68.21739120068757,0.8817143224633258,-1.0
0.03432409892169138,0.001656232466403809,57,0.6477543879300356,0.00019854849509163232,18,67.56521723581398,0.8828033545742864,-1.0
0.03427283914708015,0.0016798907502864797,58,0.6472593829967082,0.00018352321607655918,18,70.21739110739335,0.8355811575184697,-1.0
0.031580452044080526,0.0015240960702713993,59,0.595984028885141,0.00016899363096119395,18,68.52173902677453,0.8512085997540018,-1.0
0.02054199788512455,0.0029037434530134,60,0.4221522370353341,0.000154982143312659,18,70.08695637661478,0.8052992266157399,-1.0
0.03430329349875036,0.0023003037139359447,61,0.6589928320609033,0.0001415103578293356,18,69.17391296055006,0.8225155159701472,-1.0
0.03441024569070174,0.001604711145369543,62,0.6483977260068059,0.0001285990470279847,18,71.82608688395956,0.8024771987873575,-1.0
0.03434137323509074,0.0017554929816267556,63,0.6498789750039577,0.0001162681192140312,18,70.73913027929223,0.8068273108938466,-1.0
0.01170459689779414,0.001998216444109049,64,0.24678360112011433,0.00010453658778440107,18,70.21739117995553,0.7975494037503782,-1.0
0.03431780446165552,0.0018148826461078392,65,0.6504999550525099,9.342254191024022e-05,18,71.56521724618,0.7704809648057689,-1.0
0.03429817207830234,0.0016257406419350042,66,0.6467389320023358,8.294311864472437e-05,18,70.99999977194744,0.7789004714592643,-1.0
0.03431852313224226,0.0020880935868869224,67,0.6554330820217729,7.311447649896551e-05,18,70.95652178059454,0.7822052524400794,-1.0
0.018536806106567383,0.0014916154969897536,68,0.3606177889741957,6.395177052675794e-05,18,71.73913044514863,0.7765083866534026,-1.0
0.027806089013918407,0.0016224236977804038,69,0.5298499648924917,5.546912895658472e-05,18,73.08695635588273,0.7577540307459624,-1.0
0.03438253386411816,0.001475445796839065,70,0.645571154076606,4.767963140691306e-05,18,72.08695649064106,0.7493999092475228,-1.0
0.03426168368767119,0.0018585620241032706,71,0.6502930661663413,4.059528871837034e-05,18,72.86956498933876,0.7621479474979899,-1.0
0.029227556182175048,0.0017411985900253057,72,0.5575504149310291,3.4227024433899e-05,18,71.6521736746249,0.7686607994203982,-1.0
0.018486141084900334,0.0020842416884584557,73,0.3703749720007181,2.8584657955444653e-05,18,72.43478245320527,0.7390449579902317,-1.0
0.03436822424797962,0.0017767639106346501,74,0.6507161560002714,2.367688940315011e-05,18,73.21739126288372,0.7497431761285533,-1.0
0.03427459220660643,0.0029882489600115353,75,0.6708398549817502,1.951128620040094e-05,18,74.13043466858242,0.7402582766698754,-1.0
0.03432470860166682,0.0016560247297295267,76,0.6477694239001721,1.6094271405406862e-05,18,72.60869566253994,0.754906413036844,-1.0
0.009215104147895344,0.001746814788526131,77,0.19742148206569254,1.3431113807311488e-05,18,73.2608696066815,0.7233572009335394,-1.0
0.03427323543777069,0.001719502952053315,78,0.6479847151786089,1.1525919802101659e-05,18,71.86956511373106,0.7644319968638212,-1.0
0.03430653213419848,0.0014877645428188974,79,0.644411921966821,1.0381627060842164e-05,18,72.3913041508716,0.7497466571434684,-1.0
0.03442249708395037,0.0014697459733320607,80,0.6461710210423917,1e-05,18,71.60869562107584,0.7659655896477078,-1.0
0.03495206710833468,0.008899728681794122,1,0.8333146150689572,0.000999618372939158,19,18.0,3.5487178071339924,-1.0
0.034286829986070334,0.001673897017577761,2,0.6833716190885752,0.0009984740801978985,19,26.041666706403095,2.0854465770721435,-1.0
0.031871502679821695,0.0015097547469562606,3,0.6343593739438802,0.0009965688861926887,19,27.083333373069763,1.993594258626302,-1.0
0.017207819613088902,0.002333158909000064,4,0.3713980109896511,0.0009939057285945933,19,28.458333412806194,1.939998704592387,-1.0
0.034241245814452044,0.0015027985025785472,5,0.6792466568294913,0.0009904887137995992,19,31.541666706403095,1.8801439412434895,-1.0
0.03426816014229859,0.001613475223022856,6,0.6818631300702691,0.00098632311059685,19,34.6666667064031,1.8171484613418578,-1.0
0.0342591382857216,0.0015345450833831962,7,0.6801928139757365,0.0009814153420445555,19,34.83333337306976,1.778618647257487,-1.0
0.013729801327970467,0.002128685983878217,8,0.30142107303254306,0.0009757729755661012,19,37.083333333333336,1.7183602396647135,-1.0
0.034269707069095025,0.0016348045196776326,9,0.6822934418451041,0.0009694047112816298,19,38.33333341280619,1.6673038880030313,-1.0
0.03423328453821963,0.0015433593040430232,10,0.6798698438797146,0.0009623203685930871,19,38.666666746139526,1.6463835779825846,-1.0
0.03433643600070163,0.0017136163690960721,11,0.6850815808866173,0.0009545308710434153,19,40.625,1.620960413614909,-1.0
0.010984930565188589,0.0016392295886027185,12,0.23998109600506723,0.0009460482294732422,19,40.45833337306976,1.5954712692896524,-1.0
0.034229785779883205,0.0016452128949918244,13,0.6817356599494815,0.0009368855235010348,19,41.166666746139526,1.5484144147237142,-1.0
0.03420593806444422,0.0028140954673290253,14,0.7035206670407206,0.0009270568813552758,19,42.7916667064031,1.5516824913024903,-1.0
0.03425988393198503,0.0026760754837213377,15,0.7018945061136037,0.0009165774580897602,19,43.916666666666664,1.511288301150004,-1.0
0.014289917314032974,0.002432834687887838,16,0.3178647661115974,0.0009054634122155992,19,45.458333333333336,1.4769623645146688,-1.0
0.03419913406679897,0.0020543356107449845,17,0.6889346530660987,0.0008937318807859689,19,45.9166667064031,1.4682036526997884,-1.0
0.03421553789245847,0.0017093103746638487,18,0.6827152210753411,0.0008814009529720156,19,45.50000003973643,1.4587674967447917,-1.0
0.03424594445938343,0.0014994603361150151,19,0.6792967228684574,0.0008684896421706646,19,46.33333337306976,1.416794244448344,-1.0
0.01797585145227219,0.0015039471786861356,20,0.37024122197180986,0.0008550178566873412,19,47.333333333333336,1.409904727935791,-1.0
0.03355171764269471,0.002227388101776964,21,0.6799266240559518,0.0008410063690388064,19,47.416666746139526,1.387765866915385,-1.0
0.034394812022678946,0.0014444896583690455,22,0.6810616641305387,0.0008264767839234412,19,50.33333337306976,1.3688922357559203,-1.0
0.03416802393468587,0.0017242344880574628,23,0.6820881529711187,0.000811451504908368,19,47.875,1.3750501298904418,-1.0
0.018146458523053872,0.0017739640499808286,24,0.37861896585673094,0.0007959536998847743,19,49.58333349227905,1.3554952065149943,-1.0
0.03287166567813409,0.0020049058979279117,25,0.662785025080666,0.0007800072653447032,19,51.25000007947286,1.3274746831258137,-1.0
0.034473246049233956,0.0019152202079758833,26,0.6915073478594422,0.0007636367895343947,19,51.87500015894572,1.3258063411712646,-1.0
0.034239676131523754,0.0019017351840279605,27,0.6867972610052675,0.0007468675145409928,19,53.45833349227905,1.2835696999231974,-1.0
0.018657589564099908,0.0016067061254656629,28,0.38512727501802146,0.0007297252973710758,19,52.70833341280619,1.2772547403971355,-1.0
0.02943714394381172,0.0019207928011095838,29,0.595947208115831,0.0007122365700810271,19,53.5,1.2442536465326945,-1.0
0.03423710718848988,0.0014599763886316826,30,0.6783892139792442,0.0006944282990207196,19,54.875,1.2281296809514364,-1.0
0.034270809105548417,0.0015177273706189897,31,0.6801124580670148,0.0006763279432533592,19,55.916666746139526,1.2010398054122924,-1.0
0.023117456364592438,0.001769344114061249,32,0.4729675769340247,0.0006579634122155992,19,54.7916667064031,1.2143083270390829,-1.0
0.025897178124930514,0.0018723202428143275,33,0.5277408899273723,0.000639363022683212,19,57.75000007947286,1.1767990112304687,-1.0
0.03427827550637487,0.0027666953882496607,34,0.7039649130310863,0.0006205554551086735,19,57.75,1.1605298805236817,-1.0
0.034210762364397705,0.001638085324023115,35,0.6812403139192611,0.0006015697093979838,19,57.5,1.1386158323287965,-1.0
0.025532572236108154,0.001430523704345289,36,0.5124032900203019,0.0005824350601949146,19,57.70833349227905,1.1622063398361206,-1.0
0.023617590606016547,0.002142689399127113,37,0.4895597209688276,0.0005631810117416299,19,58.583333333333336,1.1226921145121256,-1.0
0.0342266408628539,0.0020617806646776827,38,0.6895883120596409,0.0005438372523852835,19,60.208333333333336,1.0986472940444947,-1.0
0.03429351401466288,0.0015302684011035844,39,0.6807679389603436,0.0005244336088007391,19,58.00000015894572,1.1040189186731975,-1.0
0.02816817905802868,0.0014989401556943591,40,0.5637751040048897,0.0005050000000000001,19,59.166666666666664,1.112184731165568,-1.0
0.018785536227943867,0.0020089594549254366,41,0.3952179818879813,0.0004855663911992613,19,60.958333333333336,1.0776710589726766,-1.0
0.03424988602484135,0.0015970086556320127,42,0.6812033178284764,0.00046616274761471693,19,59.75,1.0811654615402222,-1.0
0.034242532265029456,0.0017475324168213103,43,0.6839203028939664,0.00044681898825837057,19,61.666666746139526,1.0378354438145956,-1.0
0.03313045973252309,0.0016096915289955703,44,0.660166208865121,0.000427564939805086,19,62.5,1.0417858918507894,-1.0
0.017135194907160967,0.00227220940991844,45,0.36887538409791887,0.00040843029060201667,19,63.00000015894572,1.025133225917816,-1.0
0.034393525902966134,0.0015894310475376091,46,0.6838100831955671,0.000389444544891327,19,62.62500015894572,1.015964190165202,-1.0
0.03439975306881886,0.0016255710322998073,47,0.6846124150324613,0.0003706369773167883,19,64.29166682561238,0.988961820602417,-1.0
0.03430464090534339,0.0017566033639013767,48,0.6852989739272743,0.0003520365877844012,19,64.29166666666667,0.9726421443621317,-1.0
0.027549191255514558,0.001621791590495329,49,0.5543849680107087,0.0003336720567466412,19,64.83333349227905,0.9704321583112081,-1.0
0.028895320848708873,0.001587648826994394,50,0.5793078520800918,0.0003155717009792807,19,64.58333333333333,0.9635155542691549,-1.0
0.029319301958342914,0.0030847209334177407,51,0.615810225950554,0.00029776342991897335,19,64.79166682561238,0.9578328998883565,-1.0
0.028357718973175475,0.0016727545053551072,52,0.5707058869302273,0.00028027470262892445,19,64.20833349227905,0.9479929256439209,-1.0
0.029099802609140937,0.00146044964755052,53,0.5807833420112729,0.0002631324854590073,19,65.29166674613953,0.9371525955200195,-1.0
0.028503312104332604,0.0016288869450555037,54,0.5726461338344961,0.0002463632104656054,19,66.87500007947285,0.9190028977394104,-1.0
0.028788503038843994,0.00173256564640293,55,0.5800292179919779,0.0002299927346552969,19,66.00000007947285,0.9307013122240703,-1.0
0.017030963907018304,0.00147826583614867,56,0.3518066720571369,0.00021404630011522587,19,67.04166666666667,0.9180506428082784,-1.0
0.02946841161649086,0.0015043876942639287,57,0.5886177690699697,0.00019854849509163232,19,66.9583334128062,0.8955817993481954,-1.0
0.034263325119881255,0.0020633649914280363,58,0.6903422349132597,0.00018352321607655918,19,67.125,0.8820939087867736,-1.0
0.0342613971718636,0.0014329174116842057,59,0.6783607110846788,0.00016899363096119395,19,68.41666674613953,0.8560083285967509,-1.0
0.022973454263257354,0.0014359355217924243,60,0.4639376047998667,0.000154982143312659,19,67.9583334128062,0.8711684179306031,-1.0
0.026703939577074426,0.0016332471032479876,61,0.538538906024769,0.0001415103578293356,19,67.66666682561238,0.8630867473284404,-1.0
0.034253265439091546,0.002082167462886948,62,0.6905187938828021,0.0001285990470279847,19,69.33333333333333,0.8404633649190267,-1.0
0.034209898538201264,0.0013827722470619176,63,0.6764124231413007,0.0001162681192140312,19,69.83333333333333,0.821525711218516,-1.0
0.025584083271065827,0.0014451671465251007,64,0.5136861940845847,0.00010453658778440107,19,69.2083334128062,0.8404102603594462,-1.0
0.025001719054815016,0.0014544833623068897,65,0.5028007549699396,9.342254191024022e-05,19,70.625,0.8040501483281454,-1.0
0.03443940004676973,0.0015188520651702817,66,0.6833404400385916,8.294311864472437e-05,19,70.04166666666667,0.8091630816459656,-1.0
0.034245063955160346,0.001528452040235463,67,0.6798637639731169,7.311447649896551e-05,19,68.16666682561238,0.8119548853238424,-1.0
0.028054645885468313,0.0014648064358257933,68,0.5610219519585371,6.395177052675794e-05,19,69.3333334128062,0.8294973691304525,-1.0
0.022252340065805537,0.0015986121480206126,69,0.4533290739636868,5.546912895658472e-05,19,71.29166682561238,0.8032738399505616,-1.0
0.03425971992117794,0.0014506290225606215,70,0.6786315019708127,4.767963140691306e-05,19,71.50000007947285,0.7827760863304138,-1.0
0.034238287063903715,0.0016018716667435672,71,0.681098239030689,4.059528871837034e-05,19,71.125,0.7931957236925761,-1.0
0.030569131326812663,0.0014759838875187071,72,0.6089607949834317,3.4227024433899e-05,19,71.83333349227905,0.7943244385719299,-1.0
0.019238968612626195,0.0018828935970209148,73,0.40144051890820265,2.8584657955444653e-05,19,71.66666666666667,0.7815618578592937,-1.0
0.03418319468925658,0.0017651788351175032,74,0.6831543499138206,2.367688940315011e-05,19,70.375,0.8055439750353496,-1.0
0.03426117391178483,0.0015056256670504808,75,0.6797009790316224,1.951128620040094e-05,19,70.95833333333333,0.7965534583727518,-1.0
0.03313611087536341,0.0015652541218227462,76,0.6594511019065976,1.6094271405406862e-05,19,69.91666682561238,0.8032909607887269,-1.0
0.01798924056224917,0.001696378115172449,77,0.3741536168381572,1.3431113807311488e-05,19,72.33333349227905,0.7709275531768799,-1.0
0.034363612679666596,0.0015688894292045581,78,0.6828499878756702,1.1525919802101659e-05,19,72.41666666666667,0.7508007216453553,-1.0
0.034336758373109136,0.0030594106739092815,79,0.7106616829987615,1.0381627060842164e-05,19,70.50000015894572,0.7857193605105082,-1.0
0.03314257877584743,0.0016701319132392343,80,0.6615685140714049,1e-05,19,72.12500015894572,0.7735881129900615,-1.0
0.03583932422334328,0.00851477412506938,1,0.8872395029757172,0.000999618372939158,20,17.32000002861023,4.091248801040649,-1.0
0.034204374242108315,0.001867933850735426,2,0.721594954142347,0.0009984740801978985,20,26.240000002384186,2.1215906742095947,-1.0
0.025723257358185946,0.0016136255930177868,3,0.5468685361556709,0.0009965688861926887,20,27.84000002861023,2.046811426734924,-1.0
0.02626361364964396,0.0015702236443758011,4,0.5568128600716591,0.0009939057285945933,20,27.0400000333786,1.9967209213256836,-1.0
0.034324271546211094,0.0017302201013080776,5,0.7212260670494288,0.0009904887137995992,20,29.159999985694885,1.9412367200851441,-1.0
0.03429911304265261,0.0015970645588822662,6,0.718057352816686,0.00098632311059685,20,30.039999980926513,1.8930562505722046,-1.0
0.02141000124393031,0.0015979714458808302,7,0.4602907910011709,0.0009814153420445555,20,33.43999999046326,1.8517267568588256,-1.0
0.02972062915796414,0.0018894429900683462,8,0.6323420740664005,0.0009757729755661012,20,34.04000003814697,1.8186132080078126,-1.0
0.03422109639504924,0.0017018382088281215,9,0.7185867228545249,0.0009694047112816298,20,36.44000001907349,1.748856226348877,-1.0
0.03428289260482416,0.0014241375494748354,10,0.7142794409301132,0.0009623203685930871,20,36.67999997138977,1.7069851741790771,-1.0
0.01781905252719298,0.0014061136171221733,11,0.38463413901627064,0.0009545308710434153,20,37.279999976158145,1.6693172731399537,-1.0
0.03178802041802555,0.0016606106772087514,12,0.6690921019762754,0.0009460482294732422,20,38.799999980926515,1.632177647590637,-1.0
0.03418388930149376,0.0019136903574690223,13,0.7220681579783559,0.0009368855235010348,20,39.83999998569489,1.6056183910369872,-1.0
0.034161618212237954,0.0014265227830037475,14,0.7118756689596921,0.0009270568813552758,20,39.52000001430511,1.607930712890625,-1.0
0.015480188303627074,0.0015645196428522468,15,0.3409984658937901,0.0009165774580897602,20,40.87999997615814,1.5629107650756835,-1.0
0.03327135738218203,0.001793083467055112,16,0.7014344150666147,0.0009054634122155992,20,41.75999997138977,1.5277078790664673,-1.0
0.034199001628439876,0.0014878121786750854,17,0.7138670720160007,0.0008937318807859689,20,42.36000000953674,1.5376233280181886,-1.0
0.03431593552231789,0.0014724620268680155,18,0.7159172750543803,0.0008814009529720156,20,43.52000001430511,1.5136350952148439,-1.0
0.014322040195111185,0.0015411855070851742,19,0.31739650294184685,0.0008684896421706646,20,43.60000003814697,1.4689072275161743,-1.0
0.03416746571892872,0.0018940433859825135,20,0.7213721550069749,0.0008550178566873412,20,45.83999998569489,1.464749967956543,-1.0
0.03426324723986909,0.0015366698615252971,21,0.7161293181125075,0.0008410063690388064,20,46.72000000476837,1.4369653188705445,-1.0
0.03419058480067179,0.001711526548024267,22,0.7181760370731354,0.0008264767839234412,20,47.36000001907349,1.414295623588562,-1.0
0.011993600579444319,0.0014142907690256833,23,0.26826233393512666,0.000811451504908368,20,47.35999997138977,1.425279785346985,-1.0
0.03418610177468508,0.0017534957267343998,24,0.7189126899465919,0.0007959536998847743,20,46.88000000476837,1.4068142097473144,-1.0
0.03421280587790534,0.0016335200634784997,25,0.7170611710753292,0.0007800072653447032,20,48.08,1.3887022159576417,-1.0
0.03417923783417791,0.0013973900116980077,26,0.7116449750028551,0.0007636367895343947,20,49.55999997615814,1.343993240737915,-1.0
0.01221183491870761,0.0016153292264789343,27,0.2766533182002604,0.0007468675145409928,20,50.04000000953674,1.345029725074768,-1.0
0.03419045442715287,0.0015989183797501028,28,0.7158969710581005,0.0007297252973710758,20,50.1199999666214,1.3287960645675658,-1.0
0.034185227239504457,0.0013664825703017414,29,0.7111655320040882,0.0007122365700810271,20,50.12000007629395,1.3025120803833008,-1.0
0.0341866523376666,0.0017376006580889225,30,0.718615525169298,0.0006944282990207196,20,51.88000001430512,1.287704883003235,-1.0
0.012110250862315297,0.0015573588316328824,31,0.27349428785964847,0.0006763279432533592,20,52.16000004291534,1.2847934137344361,-1.0
0.03412840972887352,0.002060388424433768,32,0.7238874009344727,0.0006579634122155992,20,53.00000002861023,1.2636497549057006,-1.0
0.03428485139738768,0.0013217249070294201,33,0.7122481111437082,0.000639363022683212,20,55.0400000667572,1.2142712985992432,-1.0
0.034172871895134446,0.0027003541123121976,34,0.7375778399873525,0.0006205554551086735,20,55.84000007629395,1.2142457824707031,-1.0
0.011793866264633834,0.001325374434236437,35,0.2624905309639871,0.0006015697093979838,20,56.32000003814697,1.1917190990448,-1.0
0.03411134190391749,0.001421381940599531,36,0.7107926930766553,0.0005824350601949146,20,53.480000038146976,1.1997966497421264,-1.0
0.03422589509282261,0.001437395007815212,37,0.713396247010678,0.0005631810117416299,20,55.83999995231628,1.1932054321289063,-1.0
0.034343187836930154,0.0014125673682428897,38,0.715252451132983,0.0005438372523852835,20,56.480000019073486,1.173420220375061,-1.0
0.013787671946920455,0.001442764059174806,39,0.30473775300197303,0.0005244336088007391,20,56.80000002861023,1.1496246389389038,-1.0
0.03422679230570793,0.0013971520937047898,40,0.712618927937001,0.0005050000000000001,20,58.880000028610226,1.1346901998519898,-1.0
0.03425169361289591,0.0015504739945754408,41,0.716173677938059,0.0004855663911992613,20,57.48000007629395,1.1228825248718262,-1.0
0.034287651837803426,0.0014751906623132528,42,0.7153892188798636,0.00046616274761471693,20,58.72000002861023,1.0996650936126708,-1.0
0.014413709030486643,0.0015552966273389758,43,0.3195093870162964,0.00044681898825837057,20,60.20000005722046,1.0914569800376892,-1.0
0.03417915136087686,0.001311814785003662,44,0.7099484661594033,0.000427564939805086,20,58.7199999666214,1.0950082845687865,-1.0
0.03419085518689826,0.001449820410925895,45,0.712943698046729,0.00040843029060201667,20,58.95999998092651,1.0775757106781005,-1.0
0.03420610897010192,0.0032450845814310015,46,0.7491539968177676,0.000389444544891327,20,61.559999990463254,1.0551767015457154,-1.0
0.015110885759349912,0.0017368371365591884,47,0.33708509407006204,0.0003706369773167883,20,61.439999980926515,1.0461784814834594,-1.0
0.03423153113108128,0.001415632024873048,48,0.71307486994192,0.0003520365877844012,20,61.200000019073485,1.040469137954712,-1.0
0.03422282477840781,0.0014504624181427062,49,0.7135997549630702,0.0003336720567466412,20,60.399999942779544,1.0456000671386718,-1.0
0.03366049431497231,0.0014218600350432097,50,0.7017732369713485,0.0003155717009792807,20,61.23999998092651,1.0170008815765381,-1.0
0.01906554608140141,0.001450169668532908,51,0.4104597319383174,0.00029776342991897335,20,63.51999997138977,0.9869943145751953,-1.0
0.03424986151512712,0.0016608445788733662,52,0.7183482439722866,0.00028027470262892445,20,63.84000002861023,0.9780697710037232,-1.0
0.034268935362342746,0.0014527196413837372,53,0.7145589389838278,0.0002631324854590073,20,64.11999997138977,0.9724851385116577,-1.0
0.02926943018101156,0.001397362828720361,54,0.6134637519717216,0.0002463632104656054,20,64.11999996185303,0.9579505080223083,-1.0
0.023602038028184325,0.0014754298143088817,55,0.5016783811151981,0.0002299927346552969,20,65.24000000953674,0.929177960395813,-1.0
0.03419547021621838,0.0013072216766886412,56,0.7101861760020256,0.00021404630011522587,20,64.47999998092651,0.956202250289917,-1.0
0.03436867945129052,0.0014767018496058882,57,0.7170440000481904,0.00019854849509163232,20,66.64000000953675,0.9255247138977051,-1.0
0.02502207226352766,0.0014251163345761597,58,0.5290731771383435,0.00018352321607655918,20,65.35999997138977,0.9263962254524231,-1.0
0.02674207390518859,0.0015649320441298187,59,0.5662684019189328,0.00016899363096119395,20,67.48000000953674,0.888918625164032,-1.0
0.03417692312505096,0.001524777931626886,60,0.7141654680017382,0.000154982143312659,20,67.48000000953674,0.9002917730331421,-1.0
0.034250754478853195,0.0019422228680923582,61,0.7239924459718168,0.0001415103578293356,20,65.92000001907348,0.8898457027435303,-1.0
0.019463280751369893,0.003001670492812991,62,0.4494340780656785,0.0001285990470279847,20,67.00000000953675,0.8812381811141968,-1.0
0.032416818710044024,0.001958037132862955,63,0.6876173568889499,0.0001162681192140312,20,67.60000008583069,0.8793660701751709,-1.0
0.03417450584238395,0.0014179361052811146,64,0.7119582630693913,0.00010453658778440107,20,67.96000001907349,0.8732506120681762,-1.0
0.034163144207559525,0.0014371779980137944,65,0.7121196738444269,9.342254191024022e-05,20,68.43999998092652,0.8513021203994751,-1.0
0.014956270053517073,0.0016027537523768843,66,0.3312855039257556,8.294311864472437e-05,20,67.03999996185303,0.8586542806625366,-1.0
0.03417633109493181,0.0019181641633622347,67,0.7220067901071161,7.311447649896551e-05,20,68.40000004768372,0.8606781769752503,-1.0
0.03420152665348723,0.001702444744296372,68,0.7181936190463603,6.395177052675794e-05,20,69.20000000953674,0.8449431303024292,-1.0
0.034255896555259825,0.001468731800559908,69,0.714603444095701,5.546912895658472e-05,20,69.12000000953674,0.8387357516288757,-1.0
0.012707927881274372,0.0014489105204120278,70,0.28327050898224115,4.767963140691306e-05,20,68.47999998092651,0.8232995418548584,-1.0
0.0341478459420614,0.0016502895625308156,71,0.7161028787959367,4.059528871837034e-05,20,68.7600000667572,0.8256015691757203,-1.0
0.034285541344434026,0.0023130776593461634,72,0.7321082239504904,3.4227024433899e-05,20,70.04000007629395,0.8338588148117065,-1.0
0.03423142044339329,0.00145494625903666,73,0.7138580798637122,2.8584657955444653e-05,20,67.84,0.8455231872558594,-1.0
0.011654773144982755,0.001755364763084799,74,0.2683309211861342,2.367688940315011e-05,20,67.75999995231628,0.8491458461761474,-1.0
0.03415552757214755,0.0017018119804561138,75,0.7172764549031854,1.951128620040094e-05,20,67.92000005722046,0.8383629820823669,-1.0
0.03437210880219936,0.0014207473956048488,76,0.7160108839161694,1.6094271405406862e-05,20,69.15999996185303,0.8418110354423523,-1.0
0.034220353793352844,0.0021409448585473,77,0.7273594839498401,1.3431113807311488e-05,20,67.24000002861023,0.8379339347839355,-1.0
0.011486326262820512,0.0013821141445077955,78,0.2574989730492234,1.1525919802101659e-05,20,68.95999998092651,0.8252190923690796,-1.0
0.03417176627553999,0.0013568008667789399,79,0.7107043119613081,1.0381627060842164e-05,20,68.55999995231629,0.8531677646636963,-1.0
0.034140472731087355,0.001578659622464329,80,0.7145143260713667,1e-05,20,69.2800000858307,0.8471422245025635,-1.0
