avg_batch_time_sec,avg_data_time_sec,epoch,epoch_time_sec,lr,round,train_acc,train_loss,val_acc
0.21832772146444768,0.0409407737897709,1,1.0373957729898393,0.000999618372939158,0,13.999999940395355,2.4881652011871336,-1.0
0.057679766265209764,0.008057326485868543,2,0.26327270711772144,0.0009984740801978985,0,22.200000214576722,2.173336679458618,-1.0
0.05971028545172885,0.010683571046683937,3,0.28188766399398446,0.0009965688861926887,0,26.600000143051147,1.9985131044387818,-1.0
0.057599503721576184,0.006254494015593082,4,0.25572726712562144,0.0009939057285945933,0,31.4,1.8443493518829346,-1.0
0.05726729647722095,0.006574728526175022,5,0.2556405970826745,0.0009904887137995992,0,33.19999995231628,1.7599758806228638,-1.0
0.05975997931091115,0.012624933908227831,6,0.2898251311853528,0.00098632311059685,0,39.199999713897704,1.6707867975234985,-1.0
0.05947671254398301,0.014033753948751837,7,0.29428095393814147,0.0009814153420445555,0,39.79999969005585,1.6200948457717896,-1.0
0.0572703632642515,0.012485217477660626,8,0.2792556930799037,0.0009757729755661012,0,43.00000009536743,1.4842009859085084,-1.0
0.05968125647632405,0.012154186551924795,9,0.2875862668734044,0.0009694047112816298,0,45.400000071525575,1.4714622545242309,-1.0
0.05960041249636561,0.012824034783989191,10,0.2899562669917941,0.0009623203685930871,0,49.00000028610229,1.422128396987915,-1.0
0.05317685741465539,0.011855519784148782,11,0.2603611459489912,0.0009545308710434153,0,50.00000004768371,1.3502899408340454,-1.0
0.052738851751200855,0.01272356224944815,12,0.26208178396336734,0.0009460482294732422,0,50.99999947547913,1.2976385269165038,-1.0
0.05725887865992263,0.012647820811253041,13,0.27986039803363383,0.0009368855235010348,0,53.60000042915344,1.2257184133529664,-1.0
0.05496983352350071,0.012929429940413684,14,0.27183996606618166,0.0009270568813552758,0,57.59999995231628,1.1717983379364014,-1.0
0.05255385721102357,0.013235313817858696,15,0.2634001469705254,0.0009165774580897602,0,60.600000095367434,1.0985783729553222,-1.0
0.05784075247356668,0.0132853330578655,16,0.2847406859509647,0.0009054634122155992,0,58.59999995231628,1.0888068742752075,-1.0
0.05734477506484836,0.006994233932346106,17,0.25759999197907746,0.0008937318807859689,0,62.99999990463257,0.9756128301620484,-1.0
0.05360431841108948,0.007454931328538805,18,0.2444816860370338,0.0008814009529720156,0,63.199999523162845,0.9924697780609131,-1.0
0.06589771097060293,0.006883388268761337,19,0.29136177198961377,0.0008684896421706646,0,67.39999966621399,0.8871350598335266,-1.0
0.059877032006625086,0.01098771975375712,20,0.2836973140947521,0.0008550178566873412,0,69.19999980926514,0.8835562858581543,-1.0
0.06623792281607166,0.011209419171791524,21,0.3100199340842664,0.0008410063690388064,0,71.59999957084656,0.7698982429504394,-1.0
0.067937693442218,0.005987736803945154,22,0.2959490620996803,0.0008264767839234412,0,71.60000004768372,0.7245174722671509,-1.0
0.0672427149838768,0.014833934779744595,23,0.32855167612433434,0.000811451504908368,0,76.19999971389771,0.6493704829216004,-1.0
0.08590634231222793,0.006924562738277018,24,0.3715616960544139,0.0007959536998847743,0,76.79999995231628,0.6205813322067261,-1.0
0.07821332401363179,0.01006579672684893,25,0.35336931189522147,0.0007800072653447032,0,80.00000042915345,0.5957346825599671,-1.0
0.0714515830622986,0.013939036929514259,26,0.34180468297563493,0.0007636367895343947,0,78.40000023841858,0.5642760219573975,-1.0
0.07539506844477728,0.013118798786308616,27,0.3543012570589781,0.0007468675145409928,0,80.39999980926514,0.5320663347244262,-1.0
0.08764778799377382,0.01441660721320659,28,0.40849779988639057,0.0007297252973710758,0,82.59999976158142,0.5463097071647645,-1.0
0.07832602027337998,0.011121720483060926,29,0.35803509899415076,0.0007122365700810271,0,81.99999923706055,0.5167120203971863,-1.0
0.08296786673599854,0.013141370029188693,30,0.38468276616185904,0.0006944282990207196,0,80.99999952316284,0.49384711265563963,-1.0
0.08242665673606098,0.01359586778562516,31,0.384329236112535,0.0006763279432533592,0,89.19999961853027,0.3464829773902893,-1.0
0.07863806997193024,0.012124232016503811,32,0.3633019670378417,0.0006579634122155992,0,87.79999990463257,0.33575606226921084,-1.0
0.0680041805608198,0.008415910706389695,33,0.30596766411326826,0.000639363022683212,0,91.99999985694885,0.23568427085876464,-1.0
0.08632079575909302,0.006695624266285449,34,0.372299529844895,0.0006205554551086735,0,91.20000014305114,0.2351517059803009,-1.0
0.09145468374481425,0.010537963768001646,35,0.4081947850063443,0.0006015697093979838,0,92.60000009536743,0.23058414721488954,-1.0
0.07480512250913307,0.00946542271412909,36,0.33731502015143633,0.0005824350601949146,0,92.80000033378602,0.2434985134601593,-1.0
0.08489122719038278,0.009594080096576363,37,0.3781742078717798,0.0005631810117416299,0,94.00000004768371,0.20742574143409728,-1.0
0.10510780749609694,0.012838318769354373,38,0.47202341305091977,0.0005438372523852835,0,93.19999961853027,0.2070998628139496,-1.0
0.0957253894302994,0.016506820044014603,39,0.44924752484075725,0.0005244336088007391,0,95.40000004768372,0.18841463720798493,-1.0
0.10150569351390004,0.009051955537870526,40,0.4424721070099622,0.0005050000000000001,0,93.79999942779541,0.19162649393081665,-1.0
0.09694036399014294,0.010216968017630279,41,0.42887824098579586,0.0004855663911992613,0,95.60000004768372,0.16433594965934753,-1.0
0.08783380599925295,0.012897870794404298,42,0.4031603871844709,0.00046616274761471693,0,95.60000047683715,0.14465125805139542,-1.0
0.09623282478423789,0.009791550459340215,43,0.42433372512459755,0.00044681898825837057,0,95.00000052452087,0.14835002279281617,-1.0
0.09924318507546559,0.006273449689615518,44,0.42231514188461006,0.000427564939805086,0,98.00000004768371,0.09674663376808167,-1.0
0.10020045127021149,0.006000588473398238,45,0.4250395819544792,0.00040843029060201667,0,97.19999980926514,0.10537242925167084,-1.0
0.09637219051364809,0.006254944484680891,46,0.4107489609159529,0.000389444544891327,0,98.4,0.07593853095173836,-1.0
0.09534561075270176,0.009747284755576402,47,0.4206115109845996,0.0003706369773167883,0,97.99999933242798,0.0694152427315712,-1.0
0.09401419427013025,0.014020904724020511,48,0.43238371005281806,0.0003520365877844012,0,98.59999933242798,0.06487408125400543,-1.0
0.09713191067567095,0.010176457348279655,49,0.42947388207539916,0.0003336720567466412,0,98.60000023841857,0.06938661256432534,-1.0
0.10022590408334509,0.009683539217803627,50,0.4399182638153434,0.0003155717009792807,0,98.40000004768372,0.0694847891330719,-1.0
0.09661708469502628,0.012911368045024574,51,0.4383799701463431,0.00029776342991897335,0,99.6,0.03884315200150013,-1.0
0.09835650463355705,0.006516976864077151,52,0.41983467689715326,0.00028027470262892445,0,99.40000047683716,0.04335556241869926,-1.0
0.09622460970422253,0.014135122764855623,53,0.44173073791898787,0.0002631324854590073,0,99.8,0.039088695257902144,-1.0
0.09704266185872257,0.01220994017785415,54,0.4373912389855832,0.0002463632104656054,0,99.4,0.031459510281682014,-1.0
0.07963887869846076,0.011420525552239269,55,0.3645160151645541,0.0002299927346552969,0,99.20000023841858,0.032804171621799466,-1.0
0.05737634177785367,0.015062317019328475,56,0.2900924510322511,0.00021404630011522587,0,100.0,0.025365338742733,-1.0
0.05763885274063796,0.012738241290207952,57,0.28187880013138056,0.00019854849509163232,0,99.6,0.021781395986676215,-1.0
0.05759559996658936,0.008567560755182058,58,0.2648927120026201,0.00018352321607655918,0,100.0,0.018211750626564025,-1.0
0.09288833773462102,0.00689184624934569,59,0.39938065595924854,0.00016899363096119395,0,99.6,0.018757511682808398,-1.0
0.04919794172747061,0.010539861512370408,60,0.2391901509836316,0.000154982143312659,0,99.8,0.021270903259515764,-1.0
0.05687663855496794,0.006373992946464568,61,0.2532170880585909,0.0001415103578293356,0,99.6,0.019312172375619413,-1.0
0.057284915063064545,0.009523712447844446,62,0.26744920993223786,0.0001285990470279847,0,99.8,0.012516138650476932,-1.0
0.07372241851408035,0.012423166946973652,63,0.3448263080790639,0.0001162681192140312,0,100.0,0.010513587206602096,-1.0
0.07824966119369492,0.01466784329386428,64,0.37190912500955164,0.00010453658778440107,0,100.0,0.010065258279442787,-1.0
0.08520624862285331,0.006364849396049976,65,0.3665201149415225,9.342254191024022e-05,0,100.0,0.009233454748988151,-1.0
0.08947985351551324,0.010560645197983831,66,0.4003963859286159,8.294311864472437e-05,0,100.0,0.012080088049173356,-1.0
0.08461399446241558,0.006419180543161929,67,0.36443250998854637,7.311447649896551e-05,0,99.8,0.010762419253587723,-1.0
0.08359800797188655,0.006927499256562442,68,0.3624404249712825,6.395177052675794e-05,0,100.0,0.0111010257974267,-1.0
0.08519805123796687,0.008154687529895455,69,0.3736997968517244,5.546912895658472e-05,0,100.0,0.007699966698884964,-1.0
0.09519094676943496,0.009464806236792356,70,0.4189052050933242,4.767963140691306e-05,0,100.0,0.009192938707768918,-1.0
0.09110077877994627,0.007971978513523936,71,0.3965372880920768,4.059528871837034e-05,0,100.0,0.007044198554009199,-1.0
0.08929305901983753,0.009756135463248938,72,0.3964304968249053,3.4227024433899e-05,0,100.0,0.00824308468028903,-1.0
0.08721609326312318,0.009768396499566734,73,0.38818696211092174,2.8584657955444653e-05,0,100.0,0.008643996726721526,-1.0
0.08839427575003356,0.006890271266456693,74,0.3814035849645734,2.367688940315011e-05,0,99.80000023841858,0.014477974444627761,-1.0
0.08193998708156869,0.010406727436929941,75,0.36962519492954016,1.951128620040094e-05,0,100.0,0.007645641192793846,-1.0
0.08404598629567772,0.009261892701033503,76,0.37346451496705413,1.6094271405406862e-05,0,100.0,0.007303932227194309,-1.0
0.09151405974989757,0.012270503502804786,77,0.4153843019157648,1.3431113807311488e-05,0,100.0,0.008668185211718082,-1.0
0.09105240105418488,0.01624606194673106,78,0.4294429258443415,1.1525919802101659e-05,0,99.8,0.010982061110436916,-1.0
0.08857437549158931,0.0063565390300937,79,0.3799769668839872,1.0381627060842164e-05,0,100.0,0.01034382876008749,-1.0
0.08754154824418947,0.00968634127639234,80,0.38915240904316306,1e-05,0,100.0,0.008601217225193978,-1.0
0.09374916665256024,0.02967625195160508,1,0.6174060909543186,0.000999618372939158,1,14.166666785875956,2.53503428141276,-1.0
0.09470108859241008,0.0057633146177977325,2,0.5026133821811527,0.0009984740801978985,1,20.333333532015484,2.1635364723205566,-1.0
0.0989111753180623,0.010594467679038645,3,0.5478128411341459,0.0009965688861926887,1,29.166666626930237,1.9278341468175253,-1.0
0.09438200634904206,0.01093700686469674,4,0.5268417850602418,0.0009939057285945933,1,31.166666905085247,1.835722754796346,-1.0
0.0944785328116268,0.008681567199528218,5,0.5160407300572842,0.0009904887137995992,1,36.666666865348816,1.741866865158081,-1.0
0.09442946538329125,0.008032873645424843,6,0.5125492608640343,0.00098632311059685,1,37.33333341280619,1.6886973079045613,-1.0
0.09557467424310744,0.010706559987738729,7,0.5316531399730593,0.0009814153420445555,1,40.1666667064031,1.6316087929407757,-1.0
0.09645898658782244,0.012433237629011273,8,0.5447060989681631,0.0009757729755661012,1,38.33333341280619,1.5789939657847087,-1.0
0.09145572641864419,0.00550804017111659,9,0.4850828479975462,0.0009694047112816298,1,41.00000035762787,1.5055762179692587,-1.0
0.0996439706068486,0.007305776607245207,10,0.5350120400544256,0.0009623203685930871,1,45.166666785875954,1.4325715144475302,-1.0
0.09427573126740754,0.007539548957720399,11,0.509311341913417,0.0009545308710434153,1,46.333333690961204,1.4451775821050008,-1.0
0.058110179379582405,0.007974328007549047,12,0.3306486059445888,0.0009460482294732422,1,47.50000031789144,1.3770285018285116,-1.0
0.05945214102976024,0.007732391590252519,13,0.3361901540774852,0.0009368855235010348,1,49.49999984105428,1.3463116979599,-1.0
0.06424732585437595,0.007438625721260905,14,0.35867119999602437,0.0009270568813552758,1,50.666666984558105,1.3127765401204428,-1.0
0.07816519467160106,0.006939614331349731,15,0.4257680519949645,0.0009165774580897602,1,54.49999992052714,1.2180794747670491,-1.0
0.05739521058276296,0.005528343003243208,16,0.3148531010374427,0.0009054634122155992,1,55.33333341280619,1.1815107504526774,-1.0
0.05819514840841293,0.007941739400848746,17,0.33091748715378344,0.0008937318807859689,1,58.16666690508524,1.0958202616373698,-1.0
0.07376569416373968,0.010811731219291687,18,0.42314403085038066,0.0008814009529720156,1,59.16666714350382,1.0650747267405192,-1.0
0.07617034334689379,0.007760229427367449,19,0.4198937739711255,0.0008684896421706646,1,61.500000635782875,0.9886063369115193,-1.0
0.0799037303775549,0.009015851654112339,20,0.4448375292122364,0.0008550178566873412,1,64.66666650772095,0.9701128037770589,-1.0
0.08275251458398998,0.007774046016857028,21,0.45288209710270166,0.0008410063690388064,1,66.33333317438762,0.9040444318453471,-1.0
0.08478163895197213,0.005428004870191216,22,0.45128620602190495,0.0008264767839234412,1,64.33333396911621,0.9020585171381632,-1.0
0.08301344900391996,0.005511472001671791,23,0.4428812291007489,0.000811451504908368,1,69.66666682561238,0.8188626146316529,-1.0
0.08399692378006876,0.005015417234972119,24,0.4452975580934435,0.0007959536998847743,1,69.3333334128062,0.7990271250406901,-1.0
0.0840377913787961,0.0053141720592975615,25,0.4469960310962051,0.0007800072653447032,1,71.83333365122478,0.7655567208925883,-1.0
0.08248233175836503,0.00864228243008256,26,0.4558721841312945,0.0007636367895343947,1,75.00000071525574,0.7261610253651937,-1.0
0.08125133644789458,0.00960298916324973,27,0.45451056491583586,0.0007468675145409928,1,74.66666714350383,0.6816189050674438,-1.0
0.08313152980990708,0.00748624918051064,28,0.45332814287394285,0.0007297252973710758,1,75.83333373069763,0.64944384654363,-1.0
0.08596390578895807,0.008183080377057195,29,0.4709742399863899,0.0007122365700810271,1,78.00000055631001,0.6033447400728862,-1.0
0.0853507576044649,0.00936069800518453,30,0.4737998219206929,0.0006944282990207196,1,80.5,0.5419153908888499,-1.0
0.08330695861950517,0.004859467595815658,31,0.4410720099695027,0.0006763279432533592,1,81.00000023841858,0.49222413857777914,-1.0
0.0859902314376086,0.00498151178471744,32,0.4550995770841837,0.0006579634122155992,1,81.16666714350383,0.541407591899236,-1.0
0.08637693012133241,0.00909222406335175,33,0.4775875541381538,0.000639363022683212,1,83.00000055631001,0.46550368865331015,-1.0
0.08061125003732741,0.008281914377585053,34,0.4447121708653867,0.0006205554551086735,1,83.16666722297668,0.4515053602059682,-1.0
0.08704024720937013,0.006743170600384474,35,0.4691956259775907,0.0006015697093979838,1,86.66666746139526,0.38994852781295775,-1.0
0.08376757660880685,0.00738955419510603,36,0.4560199349652976,0.0005824350601949146,1,87.50000015894572,0.34156785408655804,-1.0
0.08236743207089603,0.005856794770807028,37,0.4413593600038439,0.0005631810117416299,1,90.83333381017049,0.2854503520329793,-1.0
0.08292136141099035,0.011131073161959649,38,0.47049886803142726,0.0005438372523852835,1,91.66666674613953,0.24640446265538535,-1.0
0.08533594571053982,0.01080098869279027,39,0.48095535580068827,0.0005244336088007391,1,93.00000063578288,0.23692546049753824,-1.0
0.0849554552230984,0.008410874009132385,40,0.4670789160300046,0.0005050000000000001,1,92.8333334128062,0.21887298901875815,-1.0
0.08435619003139436,0.005084676574915648,41,0.4474831910338253,0.0004855663911992613,1,92.66666746139526,0.2182514762878418,-1.0
0.05591745763085783,0.010721535980701446,42,0.3334370800293982,0.00046616274761471693,1,94.16666738192241,0.18529218594233196,-1.0
0.08006755942478776,0.007745002768933773,43,0.43929531890898943,0.00044681898825837057,1,94.50000079472859,0.17764006237188976,-1.0
0.09614017540588975,0.00794112398289144,44,0.5206504222005606,0.000427564939805086,1,94.50000023841858,0.16871259212493897,-1.0
0.09485136959701776,0.00920627238228917,45,0.5205364420544356,0.00040843029060201667,1,95.16666738192241,0.14489245176315307,-1.0
0.09537929156795144,0.0055918802041560415,46,0.5050966299604625,0.000389444544891327,1,95.83333357175191,0.13892959813276926,-1.0
0.09227058440446853,0.00834721620194614,47,0.5033287620171905,0.0003706369773167883,1,96.50000031789143,0.11490880529085795,-1.0
0.0942191582173109,0.010395838366821408,48,0.523324275854975,0.0003520365877844012,1,97.33333349227905,0.09392314543326696,-1.0
0.0969115565996617,0.005492653232067823,49,0.5122699718922377,0.0003336720567466412,1,97.83333365122478,0.0763156247138977,-1.0
0.0958532050717622,0.010613288311287761,50,0.5325751800555736,0.0003155717009792807,1,98.83333396911621,0.06823594311873118,-1.0
0.09671901380643248,0.010185671597719192,51,0.534766071010381,0.00029776342991897335,1,99.00000015894572,0.053489232112964,-1.0
0.09623265541158617,0.005836744979023934,52,0.5105893651489168,0.00028027470262892445,1,98.83333333333333,0.06182463854551315,-1.0
0.09440316767431796,0.010057159326970577,53,0.5225568779278547,0.0002631324854590073,1,98.00000063578288,0.054271309574445085,-1.0
0.09422024199739099,0.009151510801166296,54,0.5171049330383539,0.0002463632104656054,1,99.6666669845581,0.03209784522652626,-1.0
0.09471160797402263,0.008042429806664586,55,0.5140145351178944,0.0002299927346552969,1,99.33333333333333,0.03888682395219803,-1.0
0.09637389117851854,0.006747969426214695,56,0.5158600979484618,0.00021404630011522587,1,99.50000015894572,0.03222864384452502,-1.0
0.0964888590388,0.007740073371678591,57,0.5214049820788205,0.00019854849509163232,1,99.66666666666667,0.03095715617140134,-1.0
0.09488687640987337,0.005273160571232438,58,0.5010786021593958,0.00018352321607655918,1,99.5,0.03221063785254955,-1.0
0.05477068973705172,0.010708358464762568,59,0.3276445050723851,0.00016899363096119395,1,99.66666682561238,0.029135994017124175,-1.0
0.054791977955028416,0.008311176439747214,60,0.31577151408419013,0.000154982143312659,1,99.83333349227905,0.02083789015809695,-1.0
0.05509280236437917,0.010451407637447119,61,0.32803926593624055,0.0001415103578293356,1,99.66666666666667,0.023297142510612805,-1.0
0.07729541012085975,0.010272094840183854,62,0.43808088009245694,0.0001285990470279847,1,99.83333333333333,0.02250242677827676,-1.0
0.05876885754987597,0.005689392052590847,63,0.32255860907025635,0.0001162681192140312,1,100.0,0.015729636338849863,-1.0
0.04890714702196419,0.00790776638314128,64,0.2843036698177457,0.00010453658778440107,1,99.83333333333333,0.015399584149320921,-1.0
0.051848920667544006,0.007439496926963329,65,0.2967193729709834,9.342254191024022e-05,1,100.0,0.01676970121761163,-1.0
0.0767129035666585,0.004889256041496992,66,0.40829751803539693,8.294311864472437e-05,1,100.0,0.011787273250520229,-1.0
0.06657767766155302,0.005884249974042177,67,0.3625963379163295,7.311447649896551e-05,1,100.0,0.012576622106134892,-1.0
0.08690490256994962,0.006468827417120337,68,0.4671442930120975,6.395177052675794e-05,1,100.0,0.01431767389178276,-1.0
0.08502905564382672,0.009969493793323635,69,0.4752765519078821,5.546912895658472e-05,1,99.83333333333333,0.013602038410802682,-1.0
0.08442269158549606,0.00882688481360674,70,0.4664853769354522,4.767963140691306e-05,1,100.0,0.01382418416440487,-1.0
0.08433602382428944,0.009117195336148142,71,0.4675131260883063,4.059528871837034e-05,1,100.0,0.013210540786385536,-1.0
0.08303522584028541,0.005838653538376093,72,0.44460904598236084,3.4227024433899e-05,1,100.0,0.0102654326086243,-1.0
0.08399427025578916,0.007395414728671312,73,0.4571879229042679,2.8584657955444653e-05,1,100.0,0.011311322922507921,-1.0
0.08354173814877867,0.006233977852389216,74,0.44911049702204764,2.367688940315011e-05,1,99.83333349227905,0.01852684110403061,-1.0
0.08813607636839152,0.008139116829261184,75,0.48161131888628006,1.951128620040094e-05,1,100.0,0.013380908767382304,-1.0
0.08475993438623845,0.011631499044597149,76,0.48220477788709104,1.6094271405406862e-05,1,100.0,0.008565853846569856,-1.0
0.08567815385758877,0.012148789316415786,77,0.48937909095548093,1.3431113807311488e-05,1,100.0,0.012392897556225458,-1.0
0.08562223976477981,0.004787920042872429,78,0.45230571110732853,1.1525919802101659e-05,1,100.0,0.013488680894176165,-1.0
0.07974184956401587,0.010837167222052812,79,0.4531386489979923,1.0381627060842164e-05,1,99.83333333333333,0.013154649349550407,-1.0
0.0846898278221488,0.005228325398638845,80,0.44985443097539246,1e-05,1,99.83333333333333,0.012514907084405422,-1.0
0.10853691282682121,0.026264758004496496,1,0.8090916760265827,0.000999618372939158,2,13.57142870766776,2.4441240678514755,-1.0
0.09421937051229179,0.004368141138305266,2,0.5918018838856369,0.0009984740801978985,2,22.857142891202653,2.189788999557495,-1.0
0.09224108400909851,0.00867862351393948,3,0.605789050925523,0.0009965688861926887,2,23.571428690637863,2.0395221819196427,-1.0
0.09150975030691673,0.006544712853307526,4,0.5885696830227971,0.0009939057285945933,2,28.428571462631226,1.8973339339665005,-1.0
0.09257628966588527,0.008625543831537167,5,0.6074490770697594,0.0009904887137995992,2,31.571428775787354,1.8161359562192645,-1.0
0.09274063864722848,0.008609657020618519,6,0.6083393888548017,0.00098632311059685,2,34.42857157332556,1.7607550961630685,-1.0
0.09198566518413524,0.009249022308116158,7,0.6076457900926471,0.0009814153420445555,2,34.57142863954817,1.7103958593096051,-1.0
0.09042028399805228,0.008843099814839661,8,0.5958136620465666,0.0009757729755661012,2,38.85714316368103,1.63701215335301,-1.0
0.08053750280911724,0.007621625011476378,9,0.5291862830054015,0.0009694047112816298,2,40.14285729612623,1.5931555836541311,-1.0
0.05578391576030602,0.009368032566271722,10,0.3912004029843956,0.0009623203685930871,2,42.000000306538176,1.5577827719279698,-1.0
0.05365993839222938,0.004444434113490085,11,0.3488612580113113,0.0009545308710434153,2,45.85714294229235,1.4304091930389404,-1.0
0.06747387912279616,0.003973737359046936,12,0.42893837695010006,0.0009460482294732422,2,47.85714302744184,1.3777101809637886,-1.0
0.059958768038389586,0.0052844036448126035,13,0.3917261401657015,0.0009368855235010348,2,49.28571442195347,1.3845809541429792,-1.0
0.05287160468287766,0.004150318486305575,14,0.3423582788091153,0.0009270568813552758,2,50.00000018732889,1.3409113597869873,-1.0
0.05550224931600193,0.004317131669571002,15,0.3591422939207405,0.0009165774580897602,2,51.142857330186025,1.3227090971810478,-1.0
0.08223220550765593,0.004256636020727456,16,0.5191649659536779,0.0009054634122155992,2,55.14285741533552,1.2307132829938616,-1.0
0.06868082502235968,0.0043065022910013795,17,0.43821087293326855,0.0008937318807859689,2,54.57142857142857,1.213317608833313,-1.0
0.07406049442943186,0.0064130354051788645,18,0.4831489899661392,0.0008814009529720156,2,57.57142904826573,1.1290642438616072,-1.0
0.07635335616456966,0.009262604677739242,19,0.5139792601112276,0.0008684896421706646,2,61.00000047683716,1.0855282892499651,-1.0
0.07646537901988874,0.00457005063071847,20,0.4864989968482405,0.0008550178566873412,2,59.4285717691694,1.0775203663962227,-1.0
0.07691119184407096,0.00973931517607222,21,0.5201982141006738,0.0008410063690388064,2,62.85714333398001,1.0178297553743636,-1.0
0.07563219328100483,0.004228674030552308,22,0.4794462751597166,0.0008264767839234412,2,64.28571472849164,1.0218741287503923,-1.0
0.08397368353325874,0.0076260333104679985,23,0.5498946260195225,0.000811451504908368,2,63.42857156481062,0.9767547757284982,-1.0
0.08073602302465588,0.006298221996985376,24,0.5224472510162741,0.0007959536998847743,2,66.28571435383388,0.9304182113919939,-1.0
0.07970414617254089,0.005806916005288561,25,0.5133001529611647,0.0007800072653447032,2,67.4285717691694,0.9407941879544939,-1.0
0.08036373699239145,0.008988681171710292,26,0.5363674780819565,0.0007636367895343947,2,70.00000040871757,0.8385015198162624,-1.0
0.09379001532215625,0.005225371879835923,27,0.5943327629938722,0.0007468675145409928,2,70.85714326586042,0.8150224443844386,-1.0
0.08116746903397143,0.004170435480773449,28,0.5122607359662652,0.0007297252973710758,2,71.85714312962124,0.7717487508910043,-1.0
0.07716860886042316,0.005549856306364139,29,0.4965534240473062,0.0007122365700810271,2,73.28571449007306,0.7608979412487575,-1.0
0.08063378165631245,0.004409289880034824,30,0.5105416318401694,0.0006944282990207196,2,76.71428595270429,0.6584583292688643,-1.0
0.08126879421373208,0.006339810788631439,31,0.5258825859054923,0.0006763279432533592,2,77.85714299338204,0.6563485135350908,-1.0
0.08019475751401235,0.006925254167678456,32,0.5230152520816773,0.0006579634122155992,2,81.71428605488369,0.5379473458017622,-1.0
0.08123092582294096,0.006583125175287326,33,0.5271828330587596,0.000639363022683212,2,81.42857156481061,0.526330006803785,-1.0
0.08402747183572501,0.007226627475271623,34,0.5478171440772712,0.0006205554551086735,2,83.42857163293021,0.47605538266045705,-1.0
0.08282047649845481,0.009775722670989731,35,0.5558867680374533,0.0006015697093979838,2,81.28571466037205,0.49890034675598144,-1.0
0.08180611048980306,0.004093383361274998,36,0.5156910528894514,0.0005824350601949146,2,81.85714323180062,0.4796243177141462,-1.0
0.0816081123193726,0.0064798406868552165,37,0.5288626479450613,0.0005631810117416299,2,85.14285734721592,0.4133828202315739,-1.0
0.08215620644235362,0.004609152403039237,38,0.5209165688138455,0.0005438372523852835,2,90.00000047683716,0.31052782348224095,-1.0
0.08571656502317637,0.010340087969476977,39,0.5766241538804024,0.0005244336088007391,2,88.00000037465777,0.3354087335722787,-1.0
0.08467843515488009,0.005872844990032415,40,0.543599417200312,0.0005050000000000001,2,89.71428622518268,0.30257670777184625,-1.0
0.08442195446696132,0.007044878206215799,41,0.5491018670145422,0.0004855663911992613,2,88.85714319774083,0.3393468529837472,-1.0
0.0817281655035913,0.0042640821387370425,42,0.5162370409816504,0.00046616274761471693,2,89.57142901420593,0.2909740424156189,-1.0
0.08295523615864416,0.0063969950036456185,43,0.5364010371267796,0.00044681898825837057,2,89.71428625924247,0.275461665221623,-1.0
0.08404692277933161,0.008507860902075967,44,0.5556451159063727,0.000427564939805086,2,91.1428576878139,0.2647348304305758,-1.0
0.08307297601519774,0.004443225489618878,45,0.5254207542166114,0.00040843029060201667,2,94.28571469443185,0.19846804755074637,-1.0
0.08310450815285246,0.008382775355130434,46,0.5492143360897899,0.000389444544891327,2,93.57142887796674,0.18817502924374171,-1.0
0.0838443663281699,0.008589951981169483,47,0.5549076211173087,0.0003706369773167883,2,95.4285718713488,0.1630903674874987,-1.0
0.05983785334198425,0.009029921144247055,48,0.413496992085129,0.0003520365877844012,2,95.14285731315613,0.15499995929854257,-1.0
0.07782437780406326,0.006344814707214634,49,0.505313471890986,0.0003336720567466412,2,95.42857207570758,0.14084301684583936,-1.0
0.09457625918245564,0.0051260114802668495,50,0.5985394630115479,0.0003155717009792807,2,97.1428575515747,0.09723413186413901,-1.0
0.09291584595727424,0.009456738557976982,51,0.6145539050921798,0.00029776342991897335,2,97.71428636142186,0.08929554845605578,-1.0
0.09390554829345395,0.004419603385031223,52,0.5902774899732322,0.00028027470262892445,2,98.57142921856472,0.07967132355485644,-1.0
0.08739700133446604,0.005473500156464676,53,0.557463760022074,0.0002631324854590073,2,99.14285778999329,0.05540578190769468,-1.0
0.09458357037510723,0.010094348302421471,54,0.6283002311829478,0.0002463632104656054,2,98.00000064713615,0.06586110481194088,-1.0
0.09310208978907515,0.0078965505429854,55,0.6062414061743766,0.0002299927346552969,2,99.14285778999329,0.054256027340888975,-1.0
0.09268491878174245,0.008278846042230725,56,0.6060292981564999,0.00021404630011522587,2,99.00000064713615,0.048263660562889915,-1.0
0.0926319711531202,0.007543356351864834,57,0.601292734965682,0.00019854849509163232,2,99.1428575515747,0.0460315551502364,-1.0
0.09457530100674678,0.0100031653419137,58,0.6277043879963458,0.00018352321607655918,2,99.85714285714286,0.03858447998762131,-1.0
0.09459318111961086,0.007908059361701211,59,0.6153145839925855,0.00016899363096119395,2,99.14285778999329,0.04272880948015622,-1.0
0.09232397482264787,0.007121280999854207,60,0.5969611890614033,0.000154982143312659,2,99.71428571428571,0.025889357828668184,-1.0
0.09450495569035411,0.010422628450517854,61,0.6298762399237603,0.0001415103578293356,2,99.85714285714286,0.0303481483991657,-1.0
0.08679022096718352,0.0066730013738075895,62,0.561065053101629,0.0001285990470279847,2,99.85714285714286,0.030165617508547647,-1.0
0.05373143222338209,0.004035800268563132,63,0.3468902150634676,0.0001162681192140312,2,100.0,0.023568871915340423,-1.0
0.05484062681595484,0.009341647693266472,64,0.38539085211232305,0.00010453658778440107,2,99.71428636142186,0.02009164716516222,-1.0
0.06807418268484373,0.009906198324946066,65,0.4681154149584472,9.342254191024022e-05,2,100.0,0.016052213715655465,-1.0
0.06685760590092589,0.005665046939005454,66,0.43536586104892194,8.294311864472437e-05,2,99.71428571428571,0.020080036489026887,-1.0
0.056511138255397476,0.004137758087987701,67,0.3641201979480684,7.311447649896551e-05,2,99.85714285714286,0.02319645975317274,-1.0
0.0587755023346593,0.006283636981000503,68,0.39057733793742955,6.395177052675794e-05,2,99.71428571428571,0.023374879354877132,-1.0
0.08676109722970675,0.00863525178283453,69,0.5726628710981458,5.546912895658472e-05,2,99.85714285714286,0.016802823176341398,-1.0
0.07451733481138945,0.005293707673748334,70,0.47917215316556394,4.767963140691306e-05,2,99.57142857142857,0.021531446842210634,-1.0
0.08150991529691964,0.004977467043014864,71,0.5192388449795544,4.059528871837034e-05,2,100.0,0.018112948898758207,-1.0
0.07926264288835227,0.008182890946045518,72,0.5249659719411284,3.4227024433899e-05,2,99.7142859867641,0.02085858600480216,-1.0
0.08254154321427147,0.007974323622571925,73,0.543385025113821,2.8584657955444653e-05,2,99.57142857142857,0.01780176983347961,-1.0
0.08730385704742123,0.005274138141733904,74,0.5557586359791458,2.367688940315011e-05,2,100.0,0.013813554931964194,-1.0
0.07974191557150334,0.005589163590533038,75,0.5122720520012081,1.951128620040094e-05,2,99.85714285714286,0.016808655049119676,-1.0
0.082586879725568,0.006423899942698578,76,0.5343733599875122,1.6094271405406862e-05,2,100.0,0.014257739239505358,-1.0
0.0813374164281413,0.009631168407698473,77,0.5460513881407678,1.3431113807311488e-05,2,99.71428571428571,0.01869849068777902,-1.0
0.08035505733763178,0.006313389477630456,78,0.5203138240613043,1.1525919802101659e-05,2,99.85714285714286,0.01422978097839015,-1.0
0.08128644378545384,0.008403813388819495,79,0.5384318078868091,1.0381627060842164e-05,2,100.0,0.013363778218626976,-1.0
0.08433887637996425,0.00974647596012801,80,0.5647985930554569,1e-05,2,100.0,0.015154062706444945,-1.0
0.10233641202960696,0.02298408267753465,1,0.8775359219871461,0.000999618372939158,3,14.75,2.4097369384765623,-1.0
0.08957730915530451,0.0043576672739748445,2,0.6578540978953242,0.0009984740801978985,3,22.125,2.128274917602539,-1.0
0.09184986372877445,0.005557189263137323,3,0.6821289099752903,0.0009965688861926887,3,24.0,2.017160186767578,-1.0
0.0951976674342794,0.0038407744307603154,4,0.6935408599674702,0.0009939057285945933,3,27.375,1.9572383880615234,-1.0
0.09576727882293719,0.007626954732196671,5,0.7240049710962921,0.0009904887137995992,3,29.25,1.833790054321289,-1.0
0.09242356874580894,0.007985588695321764,6,0.703109327936545,0.00098632311059685,3,33.0,1.7800616836547851,-1.0
0.0936992603154587,0.0037409193880323854,7,0.6823402559384704,0.0009814153420445555,3,35.375,1.743097457885742,-1.0
0.09272155754401215,0.005591516582561391,8,0.688474633032456,0.0009757729755661012,3,37.25,1.6769265747070312,-1.0
0.05622258582817657,0.004417436862630504,9,0.42475518002174795,0.0009694047112816298,3,35.625,1.6198180770874024,-1.0
0.05489435682206282,0.004076697896899921,10,0.4131423099897802,0.0009623203685930871,3,40.5,1.5952460861206055,-1.0
0.056974793751058836,0.0035044796698327574,11,0.4236038359813392,0.0009545308710434153,3,40.625,1.5969503974914552,-1.0
0.06422117256027247,0.007519357870998127,12,0.5028674879577011,0.0009460482294732422,3,41.625,1.5738039779663087,-1.0
0.05204805908059435,0.007753087373982582,13,0.4188535730354488,0.0009368855235010348,3,40.75,1.5186075782775879,-1.0
0.07029513472558133,0.008086485422349401,14,0.5489099980331957,0.0009270568813552758,3,46.0,1.4760965919494629,-1.0
0.07735417128008391,0.003967491577246359,15,0.5694923410192132,0.0009165774580897602,3,47.75,1.4658386421203613,-1.0
0.07861139695160091,0.005509203200095466,16,0.5890988218598068,0.0009054634122155992,3,47.0,1.398338279724121,-1.0
0.07945114597012955,0.004495797179905432,17,0.5878668779041618,0.0008937318807859689,3,50.75,1.3618639945983886,-1.0
0.08108801730642361,0.006138366846633809,18,0.6108183588366956,0.0008814009529720156,3,50.875,1.294607276916504,-1.0
0.08089919441512652,0.00824366686200457,19,0.6242702240124345,0.0008684896421706646,3,50.75,1.2720846366882324,-1.0
0.08074416842178575,0.003981029980682901,20,0.5933611560612917,0.0008550178566873412,3,53.875,1.2401809120178222,-1.0
0.08176109969748982,0.005539672848369394,21,0.611347280908376,0.0008410063690388064,3,58.375,1.1676315784454345,-1.0
0.08429832171116557,0.003780720688934837,22,0.6167959999293089,0.0008264767839234412,3,59.25,1.1413021469116211,-1.0
0.08271846770575005,0.00521836759123419,23,0.6157922470010817,0.000811451504908368,3,56.75,1.1504828548431396,-1.0
0.08345638145692647,0.007509770237707666,24,0.6369861359708011,0.0007959536998847743,3,57.5,1.1289096069335938,-1.0
0.08434327645227313,0.004666492542518037,25,0.6233111070469022,0.0007800072653447032,3,59.5,1.0994349479675294,-1.0
0.08692043025179633,0.0034062267347638097,26,0.6325195068493485,0.0007636367895343947,3,59.625,1.0627325916290282,-1.0
0.08479064097627997,0.007412249887628215,27,0.6456561100203544,0.0007468675145409928,3,61.625,1.0153924751281738,-1.0
0.08455310778559319,0.007594322918781212,28,0.6452792559284717,0.0007297252973710758,3,64.875,0.93785475730896,-1.0
0.08484021344754313,0.00395919056609273,29,0.6219139350578189,0.0007122365700810271,3,65.125,0.905919771194458,-1.0
0.08416805852071516,0.004455058602616191,30,0.6206014489289373,0.0006944282990207196,3,68.875,0.8781925773620606,-1.0
0.08476060988115412,0.0073057108425668305,31,0.6446985059883446,0.0006763279432533592,3,68.75,0.8539175415039062,-1.0
0.08481244623128857,0.004662759602069855,32,0.6265753249172121,0.0006579634122155992,3,67.125,0.8799300003051758,-1.0
0.08210910517456275,0.004790216251941664,33,0.6085326459724456,0.000639363022683212,3,70.0,0.8270209884643555,-1.0
0.08134355838410556,0.004657160191397581,34,0.6022545939777046,0.0006205554551086735,3,69.875,0.796190185546875,-1.0
0.08478021957645458,0.004650554120806711,35,0.6262605930678546,0.0006015697093979838,3,72.0,0.7283383989334107,-1.0
0.08101513246739549,0.0046419701206364804,36,0.5998432319611311,0.0005824350601949146,3,75.25,0.6758180713653564,-1.0
0.08111181023663708,0.004729850184438484,37,0.601125983055681,0.0005631810117416299,3,79.625,0.5873484945297242,-1.0
0.07801350465576563,0.005960700501288686,38,0.5880562600214034,0.0005438372523852835,3,79.0,0.6063390350341797,-1.0
0.07399898398268435,0.006585720860000167,39,0.5643375408835709,0.0005244336088007391,3,79.0,0.5556850957870484,-1.0
0.0832244124197002,0.008314870297908783,40,0.6410170719027519,0.0005050000000000001,3,79.75,0.5855662727355957,-1.0
0.07354050468919533,0.00793670816347003,41,0.5705970451235771,0.0004855663911992613,3,84.125,0.48910120368003845,-1.0
0.08127216033504478,0.005733752091016088,42,0.6092767200898379,0.00046616274761471693,3,84.625,0.4549908947944641,-1.0
0.07464669245694365,0.005399565977443542,43,0.5605683960020542,0.00044681898825837057,3,85.25,0.4501458549499512,-1.0
0.07592940210763897,0.005046504449897579,44,0.5670658971648663,0.000427564939805086,3,84.625,0.432065954208374,-1.0
0.07684657553077809,0.005774225740294371,45,0.578577185049653,0.00040843029060201667,3,84.875,0.41070329666137695,-1.0
0.08235968443165932,0.00672670200999294,46,0.6238428119104356,0.000389444544891327,3,88.5,0.3381575071811676,-1.0
0.07954604527913034,0.007871630867677075,47,0.6121617190074176,0.0003706369773167883,3,90.0,0.32692104935646055,-1.0
0.07859782388965998,0.006171536266005465,48,0.5936341129709035,0.0003520365877844012,3,87.25,0.35598875999450685,-1.0
0.07764412429449814,0.005374175130522677,49,0.5813689059577882,0.0003336720567466412,3,89.875,0.30393658876419066,-1.0
0.07787557658074158,0.007296166116637843,50,0.5964439818635583,0.0003155717009792807,3,91.0,0.27067789912223816,-1.0
0.08293780750994172,0.003951375938153693,51,0.6084562698379159,0.00029776342991897335,3,93.125,0.21794384956359864,-1.0
0.0786570540097143,0.005589453137612769,52,0.5899693360552192,0.00028027470262892445,3,92.5,0.22033993959426879,-1.0
0.07308811548032931,0.00845403753087989,53,0.5710235331207514,0.0002631324854590073,3,93.75,0.2056833863258362,-1.0
0.0921962325727301,0.004586272141230958,54,0.6777154090814292,0.0002463632104656054,3,95.0,0.18380102753639221,-1.0
0.09487759208838854,0.006161063610176955,55,0.7075089369900525,0.0002299927346552969,3,95.125,0.16549772500991822,-1.0
0.09669842574346278,0.0047026869641350845,56,0.710042251041159,0.00021404630011522587,3,95.125,0.1558542364835739,-1.0
0.09290283296390303,0.0040777727761971095,57,0.6791466320864856,0.00019854849509163232,3,97.0,0.13432570695877075,-1.0
0.09576161698039089,0.007290021749213338,58,0.7216606379952282,0.00018352321607655918,3,97.75,0.1106473183631897,-1.0
0.09363115116554711,0.009393831981079919,59,0.7214699529577047,0.00016899363096119395,3,97.625,0.10512874722480774,-1.0
0.09551513268213187,0.005396734590509108,60,0.7066684979945421,0.000154982143312659,3,97.75,0.09026068329811096,-1.0
0.0953823220250862,0.0036614059936255217,61,0.6935977030079812,0.0001415103578293356,3,97.75,0.09413215398788452,-1.0
0.09558188669117433,0.005830638709345034,62,0.7101352689787745,0.0001285990470279847,3,98.375,0.0860893201828003,-1.0
0.09585266231027033,0.005668289693338531,63,0.7108898491133004,0.0001162681192140312,3,98.5,0.0719018316268921,-1.0
0.09617470876712884,0.005764891659574849,64,0.7138156099244952,0.00010453658778440107,3,98.625,0.07485310554504394,-1.0
0.056552579859271646,0.004166666983759829,65,0.42525920388288796,9.342254191024022e-05,3,99.5,0.06608026325702668,-1.0
0.05548271214190338,0.008151479996740818,66,0.44566312013193965,8.294311864472437e-05,3,99.5,0.061515374183654783,-1.0
0.07256912699501429,0.007521034284893956,67,0.5608563569840044,7.311447649896551e-05,3,98.75,0.06303176760673523,-1.0
0.057392808475664685,0.005479458386876753,68,0.44034078996628523,6.395177052675794e-05,3,99.125,0.053699814230203625,-1.0
0.05891861014866403,0.005737505287730268,69,0.4528503830078989,5.546912895658472e-05,3,99.375,0.05477958083152771,-1.0
0.0773375652663942,0.004231921463672604,70,0.5712209979537874,4.767963140691306e-05,3,98.375,0.05735148847103119,-1.0
0.0729229967109859,0.0037128658566091743,71,0.5366795710287988,4.059528871837034e-05,3,98.625,0.058293085694313046,-1.0
0.08209807545478855,0.0055420436962906805,72,0.6137171080335975,3.4227024433899e-05,3,99.75,0.041278672516345975,-1.0
0.0864248536859772,0.007265410186456782,73,0.6560576150659472,2.8584657955444653e-05,3,99.875,0.04259520649909973,-1.0
0.08723463184599366,0.006040131141032491,74,0.6531818888615817,2.367688940315011e-05,3,99.75,0.03942007809877396,-1.0
0.07469660871928292,0.0036519215708332403,75,0.5486762269865721,1.951128620040094e-05,3,99.75,0.04394285559654236,-1.0
0.08273843443021178,0.005762712730626974,76,0.6197506729513407,1.6094271405406862e-05,3,99.25,0.052140180766582486,-1.0
0.08206545811013452,0.003566518159849303,77,0.5996708038728684,1.3431113807311488e-05,3,99.375,0.038689081221818925,-1.0
0.08163884455072028,0.008116801302613956,78,0.6285251528024673,1.1525919802101659e-05,3,99.75,0.03841924443840981,-1.0
0.07799800013058952,0.003639256747971688,79,0.5716996749397367,1.0381627060842164e-05,3,99.5,0.03973606646060943,-1.0
0.08182672604120203,0.005447137402370572,80,0.6111568040214479,1e-05,3,99.875,0.03743015334010124,-1.0
0.09764602515497245,0.021316432364983484,1,0.952023884980008,0.000999618372939158,4,14.88888888888889,2.4022100830078124,-1.0
0.08210120248259045,0.0035017504123970866,2,0.6851023701019585,0.0009984740801978985,4,20.666666666666668,2.1608514743381075,-1.0
0.09501717714010738,0.005542271101148799,3,0.8047393411397934,0.0009965688861926887,4,23.22222222222222,2.1107722981770833,-1.0
0.09349862713133916,0.0033673123689368367,4,0.7751788329333067,0.0009939057285945933,4,25.11111111111111,2.0696398586697047,-1.0
0.0946052631479688,0.0048742039944045246,5,0.7960808749776334,0.0009904887137995992,4,24.666666666666668,2.0272601318359373,-1.0
0.090466132882284,0.006556155742146075,6,0.7764353349339217,0.00098632311059685,4,25.666666666666668,1.9650564236111112,-1.0
0.09508376693702303,0.003905245801433921,7,0.7921789111569524,0.0009814153420445555,4,26.0,1.9026107449001737,-1.0
0.09281997950165533,0.005657251749653369,8,0.7880565880332142,0.0009757729755661012,4,24.333333333333332,1.9998802354600695,-1.0
0.09023278890526854,0.007537054363638163,9,0.7824055550154299,0.0009694047112816298,4,25.0,1.9640714518229168,-1.0
0.052433278266107664,0.006875665480038151,10,0.4747078351210803,0.0009623203685930871,4,30.77777777777778,1.846040276421441,-1.0
0.05205131773254834,0.004847768519539386,11,0.4554337610024959,0.0009545308710434153,4,28.77777777777778,1.8490833875868056,-1.0
0.07533053675433621,0.004730868502520025,12,0.640804931987077,0.0009460482294732422,4,27.555555555555557,1.9077780490451388,-1.0
0.05567887632059865,0.0035117040388286114,13,0.4738101400434971,0.0009368855235010348,4,30.555555555555557,1.8277743869357639,-1.0
0.057818178756861016,0.006657615245785564,14,0.5160453598946333,0.0009270568813552758,4,30.555555555555557,1.8134654405381945,-1.0
0.07761941949138418,0.004107058135559782,15,0.6540895060170442,0.0009165774580897602,4,34.44444444444444,1.8019411214192709,-1.0
0.08146869542542845,0.004527563811279833,16,0.6882260169368237,0.0009054634122155992,4,28.88888888888889,1.8228226555718317,-1.0
0.08615725388517603,0.003108074626652524,17,0.7143922420218587,0.0008937318807859689,4,33.22222222222222,1.766311272515191,-1.0
0.08266735647339374,0.004416406300151721,18,0.6969063561409712,0.0008814009529720156,4,35.666666666666664,1.7219322035047744,-1.0
0.08154732678667642,0.0030339384684339166,19,0.6768947481177747,0.0008684896421706646,4,34.0,1.7524264865451389,-1.0
0.0815219737123698,0.006022959656547755,20,0.700606887228787,0.0008550178566873412,4,35.333333333333336,1.6784129503038194,-1.0
0.07909790240228176,0.006379638711223379,21,0.6840632329694927,0.0008410063690388064,4,35.0,1.7068315972222223,-1.0
0.07863805259694345,0.0041570665198378265,22,0.6626023040153086,0.0008264767839234412,4,35.888888888888886,1.6878379313151042,-1.0
0.08053462998941541,0.004548995028017089,23,0.6809095409698784,0.000811451504908368,4,35.0,1.7098351881239149,-1.0
0.0832485128485132,0.004648214788176119,24,0.7034107770305127,0.0007959536998847743,4,32.666666666666664,1.7445657687717013,-1.0
0.08171660770312883,0.0029637095285579562,25,0.6776800628285855,0.0007800072653447032,4,33.888888888888886,1.7352469550238716,-1.0
0.08105616265675053,0.005407060845755041,26,0.6919541899114847,0.0007636367895343947,4,38.666666666666664,1.6525601535373264,-1.0
0.0829762066132389,0.004503104777541012,27,0.7000854860525578,0.0007468675145409928,4,38.77777777777778,1.63191650390625,-1.0
0.08024648987338878,0.006364450993714854,28,0.6931808770168573,0.0007297252973710758,4,38.77777777777778,1.6167616102430555,-1.0
0.08069258788600564,0.00291641874355264,29,0.6691545760259032,0.0007122365700810271,4,37.888888888888886,1.6458608669704862,-1.0
0.08138718563714065,0.0035510692396201193,30,0.6797386559192091,0.0006944282990207196,4,40.22222222222222,1.6203072102864584,-1.0
0.07920060880132951,0.006307678326265886,31,0.6843074690550566,0.0006763279432533592,4,40.333333333333336,1.5977650282118057,-1.0
0.08208491446566768,0.006122106686234474,32,0.7059060840401798,0.0006579634122155992,4,43.888888888888886,1.547334493001302,-1.0
0.08201904842280783,0.006903305591549724,33,0.7116152958478779,0.000639363022683212,4,43.44444444444444,1.5345323011610243,-1.0
0.08104470776743256,0.006835722364485264,34,0.7032913630828261,0.0006205554551086735,4,42.22222222222222,1.537092997233073,-1.0
0.08144206600263715,0.0035664616152644157,35,0.680321702035144,0.0006015697093979838,4,41.0,1.520543212890625,-1.0
0.07967116512008943,0.007757135375868529,36,0.6997262260410935,0.0005824350601949146,4,42.44444444444444,1.4827289157443577,-1.0
0.08141428837552667,0.003260482626501471,37,0.6776413628831506,0.0005631810117416299,4,43.0,1.5119932386610242,-1.0
0.08359014810412191,0.0035714051336981356,38,0.6975241350010037,0.0005438372523852835,4,43.888888888888886,1.4884998914930556,-1.0
0.0810598578536883,0.005224903899943456,39,0.6905138590373099,0.0005244336088007391,4,37.888888888888886,1.6900118340386285,-1.0
0.08337367896456271,0.0060923506680410355,40,0.715983300935477,0.0005050000000000001,4,40.111111111111114,1.5767221408420138,-1.0
0.08098342054290697,0.0039731417200528085,41,0.6799003700725734,0.0004855663911992613,4,40.55555555555556,1.5912525092230903,-1.0
0.0802541373996064,0.003633233980508521,42,0.6713430681265891,0.00046616274761471693,4,42.22222222222222,1.5362565104166668,-1.0
0.08209393662400544,0.00558651372557506,43,0.701689142966643,0.00044681898825837057,4,44.22222222222222,1.5292535400390626,-1.0
0.08061385716428049,0.00526088397600688,44,0.6872408050112426,0.000427564939805086,4,44.666666666666664,1.4827681138780382,-1.0
0.08010412857402116,0.004734829301014543,45,0.678945564897731,0.00040843029060201667,4,50.22222222222222,1.3929059855143229,-1.0
0.08208114700391889,0.0034439521259628236,46,0.6845078552141786,0.000389444544891327,4,44.0,1.5495691596137153,-1.0
0.08028450401616283,0.0076663844811264426,47,0.7038555920589715,0.0003706369773167883,4,46.333333333333336,1.4513307359483507,-1.0
0.08209337567677721,0.0037872943212278187,48,0.6873391810804605,0.0003520365877844012,4,47.666666666666664,1.4278915744357639,-1.0
0.08245246362639591,0.004737147624837235,49,0.6977590739261359,0.0003336720567466412,4,47.888888888888886,1.4052860683865018,-1.0
0.07992348834523,0.0030362276593223214,50,0.6639239890500903,0.0003155717009792807,4,50.666666666666664,1.3692450120713975,-1.0
0.08075728983385488,0.005322092300048098,51,0.6888801050372422,0.00029776342991897335,4,52.22222222222222,1.3230397203233506,-1.0
0.08219204298802651,0.004824364878004417,52,0.6963713739532977,0.00028027470262892445,4,52.0,1.301973130967882,-1.0
0.07966801401926205,0.006292953854426742,53,0.6879488360136747,0.0002631324854590073,4,52.111111111111114,1.288824971516927,-1.0
0.07995190369547345,0.006465408572694287,54,0.6915784981101751,0.0002463632104656054,4,55.44444444444444,1.2345641411675348,-1.0
0.07629325086600147,0.006561430403962731,55,0.6630720640532672,0.0002299927346552969,4,55.888888888888886,1.2094170803493924,-1.0
0.07261745803407393,0.004785004100995138,56,0.6199633949436247,0.00021404630011522587,4,55.44444444444444,1.2039308166503906,-1.0
0.09413051709998399,0.005318270035786554,57,0.795897409087047,0.00019854849509163232,4,55.666666666666664,1.2364488220214844,-1.0
0.09367477614432573,0.004071448987815529,58,0.7822613099124283,0.00018352321607655918,4,54.77777777777778,1.2100740559895833,-1.0
0.088378457701765,0.003834395029116422,59,0.7379902428947389,0.00016899363096119395,4,57.333333333333336,1.173900875515408,-1.0
0.09249794814968482,0.00551664421800524,60,0.7844094790052623,0.000154982143312659,4,57.22222222222222,1.181702846950955,-1.0
0.09295408104662783,0.004176327463937923,61,0.7773534650914371,0.0001415103578293356,4,54.888888888888886,1.1808410135904948,-1.0
0.09324570812168531,0.003690912009915337,62,0.7758135620970279,0.0001285990470279847,4,57.77777777777778,1.1376972113715278,-1.0
0.0962335852382239,0.003514859010465443,63,0.798274165019393,0.0001162681192140312,4,58.333333333333336,1.1376768663194445,-1.0
0.09385068126721308,0.005905683006858453,64,0.7983407590072602,0.00010453658778440107,4,58.22222222222222,1.130964830186632,-1.0
0.09379744724719785,0.003320935124065727,65,0.7772348220460117,9.342254191024022e-05,4,60.666666666666664,1.11131101820204,-1.0
0.09376928777783178,0.006627181108342484,66,0.803459624061361,8.294311864472437e-05,4,59.22222222222222,1.1187959967719183,-1.0
0.05452033138135448,0.005800019862363115,67,0.4828601470217109,7.311447649896551e-05,4,59.888888888888886,1.098291744656033,-1.0
0.056234379328088835,0.007026401290204376,68,0.5064300820231438,6.395177052675794e-05,4,60.22222222222222,1.0778336079915365,-1.0
0.07633253364474513,0.008156289957696572,69,0.6763105888385326,5.546912895658472e-05,4,60.22222222222222,1.0758686659071182,-1.0
0.05826166397309862,0.0033561934251338243,70,0.493225613841787,4.767963140691306e-05,4,62.55555555555556,1.063883090549045,-1.0
0.0596222291351296,0.005322753597283736,71,0.5203364810440689,4.059528871837034e-05,4,61.888888888888886,1.0552088419596355,-1.0
0.08755835436750203,0.005213480646489188,72,0.7425019519869238,3.4227024433899e-05,4,62.333333333333336,1.0221926456027561,-1.0
0.08721987492754124,0.004787467565620318,73,0.7362897880375385,2.8584657955444653e-05,4,61.888888888888886,1.0352201334635416,-1.0
0.08163637889083475,0.0050350785022601485,74,0.6936095480341464,2.367688940315011e-05,4,62.666666666666664,1.0239059024386936,-1.0
0.08162184391403571,0.0077631073363590986,75,0.7153215231373906,1.951128620040094e-05,4,65.0,1.0148883480495876,-1.0
0.08441689936444163,0.0046194097376428545,76,0.7125265470240265,1.6094271405406862e-05,4,63.333333333333336,1.0107027604844836,-1.0
0.08400856237858534,0.004925921879475936,77,0.711714152013883,1.3431113807311488e-05,4,63.55555555555556,1.0142138078477647,-1.0
0.08351810812018812,0.00502632386633195,78,0.7085928830783814,1.1525919802101659e-05,4,60.666666666666664,1.031211420694987,-1.0
0.08139478031080216,0.003026219579624012,79,0.6756745202001184,1.0381627060842164e-05,4,65.77777777777777,1.0013212246365017,-1.0
0.08388242471846752,0.0065723194275051355,80,0.7239237730391324,1e-05,4,64.44444444444444,0.99205076429579,-1.0
0.10566343471873552,0.020307196653448045,1,1.0080493779387325,0.000999618372939158,5,15.300000166893005,2.362247797012329,-1.0
0.09271084063220769,0.005013260990381241,2,0.7820980120450258,0.0009984740801978985,5,22.900000119209288,2.106261468887329,-1.0
0.10059520084178075,0.0030914332601241767,3,0.8297595030162483,0.0009965688861926887,5,26.000000071525573,1.9424052810668946,-1.0
0.10020334550063126,0.005232852621702477,4,0.8437536519486457,0.0009939057285945933,5,27.899999976158142,1.8639027099609375,-1.0
0.09954149610712193,0.007111208658898249,5,0.8534777730237693,0.0009904887137995992,5,31.600000262260437,1.8161942129135131,-1.0
0.09991995061864145,0.0068455341388471425,6,0.8543950349558145,0.00098632311059685,5,34.3,1.7365866651535034,-1.0
0.09899988933466375,0.007348641403950751,7,0.8510341870132834,0.0009814153420445555,5,34.700000166893005,1.711227412223816,-1.0
0.09856134306755848,0.007107642915798351,8,0.845595093909651,0.0009757729755661012,5,38.00000007152558,1.662946105003357,-1.0
0.08401534610311501,0.0032879423815757036,9,0.6986787880305201,0.0009694047112816298,5,38.30000011920929,1.576176085472107,-1.0
0.05650554713793099,0.006183903111377731,10,0.5017619419377297,0.0009623203685930871,5,40.400000262260434,1.562783268928528,-1.0
0.06575599711504765,0.003539603145327419,11,0.5546168810687959,0.0009545308710434153,5,44.60000026226044,1.4749447622299194,-1.0
0.06527576496591792,0.0033252320426981896,12,0.549070259090513,0.0009460482294732422,5,45.90000011920929,1.4581551408767701,-1.0
0.060891373141203076,0.005342018470400944,13,0.5302504489663988,0.0009368855235010348,5,48.3,1.4097530784606933,-1.0
0.08368765763589181,0.004722919256892055,14,0.7075857571326196,0.0009270568813552758,5,46.700000166893005,1.4032032041549682,-1.0
0.08387128528556786,0.007118456473108381,15,0.7282050540670753,0.0009165774580897602,5,48.600000333786014,1.3836146450042726,-1.0
0.08169610798358917,0.00371797225670889,16,0.6835588819812983,0.0009054634122155992,5,49.40000004768372,1.3542230396270751,-1.0
0.08204210514668375,0.0036496771208476275,17,0.6857886698562652,0.0008937318807859689,5,51.20000023841858,1.2772289867401123,-1.0
0.08850005985004827,0.00485566389397718,18,0.7470964470412582,0.0008814009529720156,5,55.899999952316286,1.1962192287445068,-1.0
0.08765371621120721,0.0032619356643408537,19,0.7275929970201105,0.0008684896421706646,5,57.700000166893005,1.1223219785690308,-1.0
0.08875966010964476,0.007048697880236432,20,0.7667128830216825,0.0008550178566873412,5,58.500000381469725,1.0906123151779175,-1.0
0.0905100621166639,0.004043635533889756,21,0.7566704740747809,0.0008410063690388064,5,59.50000047683716,1.0980107288360597,-1.0
0.08896505649317987,0.006786298006772995,22,0.7662665110547096,0.0008264767839234412,5,60.69999995231628,1.0586091566085816,-1.0
0.09046105371089652,0.006350908282911405,23,0.7747425271663815,0.000811451504908368,5,63.40000052452088,0.9892139921188354,-1.0
0.0908606133016292,0.0037893720727879554,24,0.7574489370454103,0.0007959536998847743,5,65.70000019073487,0.9211470465660095,-1.0
0.09041753711062483,0.005102581897517666,25,0.7644197810441256,0.0007800072653447032,5,68.80000009536744,0.8621413431167603,-1.0
0.08832833095220849,0.0045494417718146,26,0.7432703350204974,0.0007636367895343947,5,71.40000033378601,0.806786256313324,-1.0
0.084535010100808,0.004814917017938569,27,0.7150561830494553,0.0007468675145409928,5,70.20000047683716,0.8065914173126221,-1.0
0.08808012187364511,0.00632874111761339,28,0.7555290209129453,0.0007297252973710758,5,74.00000052452087,0.7213672270774841,-1.0
0.08638579968828708,0.004074515454703942,29,0.7239249248523265,0.0007122365700810271,5,73.80000028610229,0.6974207286834717,-1.0
0.08710197295295075,0.0052975096623413265,30,0.73944913293235,0.0006944282990207196,5,76.40000052452088,0.6431856818199158,-1.0
0.089192306419136,0.004891230579232797,31,0.7529476250056177,0.0006763279432533592,5,80.60000047683715,0.561887690782547,-1.0
0.08869900336139835,0.005106274882564321,32,0.7506739650852978,0.0006579634122155992,5,81.7,0.5474772710800171,-1.0
0.09056041445001028,0.0033804945705924183,33,0.7517701270990074,0.000639363022683212,5,81.10000033378601,0.5195718491077423,-1.0
0.08909021236468107,0.004833045502891764,34,0.7516416369471699,0.0006205554551086735,5,84.70000019073487,0.454117094039917,-1.0
0.09223427376127802,0.0039823855040594935,35,0.7699672959279269,0.0006015697093979838,5,86.60000023841857,0.3962505102157593,-1.0
0.090040326846065,0.004392187780467793,36,0.7556918149348348,0.0005824350601949146,5,85.40000052452088,0.3737208504676819,-1.0
0.09089801431400701,0.005072655563708395,37,0.7680149930529296,0.0005631810117416299,5,87.50000057220458,0.36221922039985655,-1.0
0.09277697635116056,0.0032040545193012804,38,0.7680778610520065,0.0005438372523852835,5,89.7000002861023,0.3191494383811951,-1.0
0.0908725259359926,0.0030088571656960994,39,0.7512861879076809,0.0005244336088007391,5,86.20000057220459,0.3660338506698608,-1.0
0.08907733098021708,0.0032043360406532884,40,0.7385098109953105,0.0005050000000000001,5,89.40000038146972,0.29600128483772276,-1.0
0.09118599444627762,0.0037970133125782013,41,0.7601352990604937,0.0004855663911992613,5,92.10000052452088,0.25071959590911863,-1.0
0.08998833905206993,0.006922097207279876,42,0.7755442429333925,0.00046616274761471693,5,93.00000028610229,0.21473309326171874,-1.0
0.09052948412136175,0.0049412652442697436,43,0.764006236102432,0.00044681898825837057,5,94.00000028610229,0.1853579149246216,-1.0
0.08918112079845741,0.004811838211026043,44,0.7521903428714722,0.000427564939805086,5,95.00000047683716,0.15754458224773407,-1.0
0.08998088337830268,0.004690012603532523,45,0.7576101031154394,0.00040843029060201667,5,96.30000033378602,0.13951576048135758,-1.0
0.08964279960491695,0.004268784658052027,46,0.7515330349560827,0.000389444544891327,5,96.500000333786,0.1214163602590561,-1.0
0.08864833423285745,0.006312223267741501,47,0.7599296888802201,0.0003706369773167883,5,97.20000047683716,0.09858816182613372,-1.0
0.09024104123818688,0.0031323052826337516,48,0.7472330818418413,0.0003520365877844012,5,97.90000009536743,0.08150282311439515,-1.0
0.08958986841025762,0.005508876842213795,49,0.7610355119686574,0.0003336720567466412,5,98.8,0.06861103528738022,-1.0
0.09065925248432904,0.0048859081289265305,50,0.7646017069928348,0.0003155717009792807,5,98.8,0.060642507433891296,-1.0
0.09123689751140773,0.0035531900939531624,51,0.7585945620667189,0.00029776342991897335,5,98.7,0.058778452306985855,-1.0
0.08955155123840086,0.006915204256074503,52,0.7719922531396151,0.00028027470262892445,5,99.5,0.03542116729915142,-1.0
0.08913610765011981,0.006990281952312216,53,0.7692757351323962,0.0002631324854590073,5,99.6,0.03672583147883415,-1.0
0.09118456361466087,0.0044735455012414604,54,0.7655134559608996,0.0002463632104656054,5,99.40000047683716,0.032698168367147444,-1.0
0.08934575173771009,0.005577389529207721,55,0.7596655420493335,0.0002299927346552969,5,99.5,0.02854006965458393,-1.0
0.0784571819822304,0.006012832891428843,56,0.6760148808825761,0.00021404630011522587,5,99.7,0.027245117589831353,-1.0
0.08616237665410154,0.007994098850758746,57,0.7534937669988722,0.00019854849509163232,5,99.7,0.021800217911601066,-1.0
0.1019920268736314,0.005033713619923219,58,0.8564863249193877,0.00018352321607655918,5,100.0,0.019111066043376923,-1.0
0.10299539496190846,0.004796636261744425,59,0.862587186973542,0.00016899363096119395,5,99.90000023841858,0.01720150077342987,-1.0
0.09516692563192919,0.005243334861006588,60,0.8035432971082628,0.000154982143312659,5,99.9,0.013166469335556031,-1.0
0.10151646478334442,0.0041977023356594145,61,0.8459975239820778,0.0001415103578293356,5,99.9,0.015059735104441642,-1.0
0.10139319259906188,0.00780267603113316,62,0.8738303349819034,0.0001285990470279847,5,99.9,0.01499210488051176,-1.0
0.1015249923511874,0.0036534993851091713,63,0.841682055965066,0.0001162681192140312,5,99.7,0.015192128919064999,-1.0
0.09903033240698278,0.004101474100025371,64,0.8253011028282344,0.00010453658778440107,5,100.0,0.013819500900804997,-1.0
0.1011426929035224,0.004399501485750079,65,0.8445953230839223,9.342254191024022e-05,5,99.80000023841858,0.0154514013081789,-1.0
0.09973893640562892,0.003628558974014595,66,0.8272236790508032,8.294311864472437e-05,5,99.9,0.011731638558208942,-1.0
0.07406129760784097,0.004387808789033443,67,0.6278494370635599,7.311447649896551e-05,5,100.0,0.011228328231722116,-1.0
0.05997918974026106,0.0035574298817664385,68,0.5085337681230158,6.395177052675794e-05,5,100.0,0.009436860211193561,-1.0
0.06946714251535013,0.0063777069735806435,69,0.607003903016448,5.546912895658472e-05,5,100.0,0.008995094157755375,-1.0
0.06235905172070488,0.007099626760464162,70,0.5559202639851719,4.767963140691306e-05,5,100.0,0.010732841566205025,-1.0
0.05838243299513124,0.003125893766991794,71,0.49231503694318235,4.059528871837034e-05,5,99.9,0.011192364364862442,-1.0
0.07453904498834163,0.005832513648783788,72,0.6432273010723293,3.4227024433899e-05,5,100.0,0.009140090845525264,-1.0
0.0818204419047106,0.005017146962927654,73,0.694968843832612,2.8584657955444653e-05,5,99.9,0.011761242501437664,-1.0
0.08685212398995645,0.004977866628905758,74,0.7348957289941609,2.367688940315011e-05,5,99.9,0.010877009704709053,-1.0
0.09141537174582481,0.005642888892907649,75,0.7767108418047428,1.951128620040094e-05,5,100.0,0.010181491285562515,-1.0
0.09337397816125304,0.005051049462053925,76,0.7876444580033422,1.6094271405406862e-05,5,99.90000023841858,0.010561748325824738,-1.0
0.08983383531449363,0.005886313185328618,77,0.7660117649938911,1.3431113807311488e-05,5,100.0,0.007807347171008587,-1.0
0.08577347171376459,0.003420162305701524,78,0.7137981269042939,1.1525919802101659e-05,5,99.9,0.008747546523809433,-1.0
0.08964652649592608,0.008659701881697401,79,0.78676936798729,1.0381627060842164e-05,5,100.0,0.008624146841466427,-1.0
0.08670591452391818,0.003584158606827259,80,0.7226770599372685,1e-05,5,100.0,0.00901063920557499,-1.0
0.10601958482422763,0.019352068607178,1,1.128679663175717,0.000999618372939158,6,15.909090865742076,2.4052059069546785,-1.0
0.09386048980781601,0.004330991301685572,2,0.8841318329796195,0.0009984740801978985,6,23.000000065023247,2.0710202832655473,-1.0
0.09793282721916007,0.004422585324694713,3,0.9215032008942217,0.0009965688861926887,6,25.454545454545453,1.9346584220366045,-1.0
0.09709442774247792,0.004729970591142774,4,0.9167266469448805,0.0009939057285945933,6,28.545454545454547,1.89442776853388,-1.0
0.09825730675624476,0.004860060341242287,5,0.9283002209849656,0.0009904887137995992,6,30.727272640575062,1.7886666579680008,-1.0
0.09852905201518701,0.005360741556311647,6,0.9352665010374039,0.00098632311059685,6,30.90909095243974,1.7794239390980113,-1.0
0.09827571496781376,0.0038532944810059336,7,0.9193992130458355,0.0009814153420445555,6,32.45454536784779,1.7293321097980847,-1.0
0.09927299600611958,0.0031251725482030045,8,0.9218251609709114,0.0009757729755661012,6,31.545454545454547,1.733837553804571,-1.0
0.07070166987573935,0.004231734123701851,9,0.6746508108917624,0.0009694047112816298,6,38.72727271643552,1.5989101318879562,-1.0
0.057089613310785756,0.004633096020875705,10,0.5557562618050724,0.0009623203685930871,6,38.63636374473572,1.5910767178101972,-1.0
0.07472187518659565,0.00448473325620095,11,0.7131484800484031,0.0009545308710434153,6,43.54545450210571,1.540381080454046,-1.0
0.056804297466038,0.004364309884193871,12,0.5507582488935441,0.0009460482294732422,6,44.181818116794936,1.4885647882114756,-1.0
0.06378260355753203,0.004996295889011688,13,0.6192576070316136,0.0009368855235010348,6,43.8181819265539,1.4742001927982678,-1.0
0.0836873695306066,0.0072869489021185375,14,0.8190340949222445,0.0009270568813552758,6,45.72727277062156,1.4326787194338713,-1.0
0.08581582919901444,0.004140346673213773,15,0.8098450331017375,0.0009165774580897602,6,48.54545463215221,1.374678486477245,-1.0
0.08795046946033835,0.005206995773025685,16,0.8386539029888809,0.0009054634122155992,6,50.181818116794936,1.3348437617041848,-1.0
0.09196374461882645,0.005132522485736344,17,0.8741104011423886,0.0008937318807859689,6,51.636363582177594,1.3205616131695834,-1.0
0.08963449490774009,0.004111872753128409,18,0.8440717910416424,0.0008814009529720156,6,53.36363649368286,1.2753765179894188,-1.0
0.08805617084726691,0.006560844369232655,19,0.8518908538389951,0.0008684896421706646,6,55.727272662249476,1.1832193019173363,-1.0
0.08847765898745921,0.0046233122185286545,20,0.8381657879799604,0.0008550178566873412,6,57.54545467550104,1.1614700217680498,-1.0
0.08751665148884058,0.004787050161717666,21,0.8309735560324043,0.0008410063690388064,6,57.909090757369995,1.1026899086345325,-1.0
0.08834799992231031,0.00323823862709105,22,0.824517608853057,0.0008264767839234412,6,59.181818225167014,1.0774660561301492,-1.0
0.08847059912255241,0.005622536642476916,23,0.8470746669918299,0.000811451504908368,6,62.63636374473572,1.019004940553145,-1.0
0.08886935409261948,0.004365353250048227,24,0.8393486610148102,0.0007959536998847743,6,63.90909091992812,0.9421524988521229,-1.0
0.08977174132855402,0.005901375681989723,25,0.8613141570240259,0.0007800072653447032,6,65.36363627693869,0.9290944710644808,-1.0
0.08922012095960478,0.004358204831886623,26,0.8424410771112889,0.0007636367895343947,6,66.72727287899365,0.91928917798129,-1.0
0.09071532354897095,0.004485996879844202,27,0.8570539969950914,0.0007468675145409928,6,68.3636365370317,0.8533253476836464,-1.0
0.08827950531202886,0.004773484465355675,28,0.8377158869989216,0.0007297252973710758,6,72.36363645033403,0.7673354077339173,-1.0
0.08715138677507639,0.005266685116415222,29,0.8320048009045422,0.0007122365700810271,6,70.81818199157715,0.7941931280222806,-1.0
0.08968978100973699,0.003230493645080262,30,0.83654322498478,0.0006944282990207196,6,70.6363634629683,0.7695827395265753,-1.0
0.09039842523634434,0.0034218143361310163,31,0.8446997429709882,0.0006763279432533592,6,76.36363629861312,0.681302234693007,-1.0
0.08886679230878751,0.00412781057982809,32,0.8372470198664814,0.0006579634122155992,6,79.81818170980974,0.5802789176594128,-1.0
0.09059317645409869,0.004769708417976896,33,0.8585635321214795,0.000639363022683212,6,79.36363645033403,0.5559161925315856,-1.0
0.09083706562200354,0.0030105064830018412,34,0.8449145290069282,0.0006205554551086735,6,79.4545455195687,0.5528445939584212,-1.0
0.08978395389082532,0.004694465340839492,35,0.8505957198794931,0.0006015697093979838,6,83.09090928597884,0.48324715614318847,-1.0
0.0888262892452379,0.0045152815162307685,36,0.8403650438413024,0.0005824350601949146,6,84.00000010837208,0.4281009248169986,-1.0
0.08896934993875523,0.00452970118365354,37,0.8417834178544581,0.0005631810117416299,6,85.90909110416065,0.39279578685760497,-1.0
0.08835830280764236,0.004072218952286575,38,0.832115228055045,0.0005438372523852835,6,87.54545463215221,0.3599185346473347,-1.0
0.08847957308818069,0.005679393808046977,39,0.8476941981352866,0.0005244336088007391,6,88.18181837688793,0.3376155625690113,-1.0
0.0892598139277349,0.0045687659747070735,40,0.8447379008866847,0.0005050000000000001,6,89.63636352799155,0.29159585389223963,-1.0
0.0890043481097867,0.003212663345038891,41,0.8301981519907713,0.0004855663911992613,6,90.09090932932767,0.29271232431585137,-1.0
0.08979995859165986,0.003438135427940223,42,0.8394240881316364,0.00046616274761471693,6,89.27272746779703,0.29228479732166635,-1.0
0.08879213710315526,0.0047838704712275006,43,0.8424451909959316,0.00044681898825837057,6,92.45454554124312,0.22743147243152964,-1.0
0.09011852029814488,0.007135176255057256,44,0.8755209259688854,0.000427564939805086,6,93.27272716435519,0.20750869913534684,-1.0
0.08824103253169192,0.005314140347763896,45,0.8422381579875946,0.00040843029060201667,6,93.99999989162792,0.21011073372580788,-1.0
0.08931581008558472,0.002927357822449671,46,0.8304669591598213,0.000389444544891327,6,92.72727283564481,0.19499386722391301,-1.0
0.08973660599440336,0.0027661078816486728,47,0.8328481409698725,0.0003706369773167883,6,95.0909091125835,0.15332765514200383,-1.0
0.09034575190809038,0.006472088551769654,48,0.8716004341840744,0.0003520365877844012,6,94.45454538952221,0.16447934570637615,-1.0
0.08882108493708074,0.003161993834914433,49,0.8280959520488977,0.0003336720567466412,6,96.45454567128962,0.1168218345804648,-1.0
0.08860642548340063,0.0039038812845117515,50,0.8328458820469677,0.0003155717009792807,6,97.5454547621987,0.09717952739108693,-1.0
0.0865902026804785,0.003284743314401971,51,0.8091333738993853,0.00029776342991897335,6,98.5454544804313,0.07934429835189473,-1.0
0.08866601470961338,0.0029380182839102214,52,0.8246934739872813,0.00028027470262892445,6,98.5454547621987,0.06747754728252238,-1.0
0.08847126398339039,0.0032731672335002157,53,0.8259307879488915,0.0002631324854590073,6,98.63636357134038,0.060655736151066696,-1.0
0.08797851766252683,0.0037119552079174253,54,0.8254475370049477,0.0002463632104656054,6,99.36363658038053,0.0552172498811375,-1.0
0.0891511065678464,0.0037681362074282435,55,0.8365034409798682,0.0002299927346552969,6,99.18181818181819,0.04783516696908257,-1.0
0.09115161912308799,0.003800675997303592,56,0.8548279430251569,0.00021404630011522587,6,99.27272727272727,0.037800961502573706,-1.0
0.08864071204637487,0.004165614385985666,57,0.8355221149977297,0.00019854849509163232,6,99.81818181818181,0.03043858144770969,-1.0
0.07179662409341997,0.004247878005521165,58,0.6852508459705859,0.00018352321607655918,6,99.00000002167441,0.042275887131690976,-1.0
0.09713698776128392,0.004603257454517815,59,0.9159080360550433,0.00016899363096119395,6,99.36363623358987,0.03531608088449998,-1.0
0.0990375785364045,0.007038795363364948,60,0.9549370100721717,0.000154982143312659,6,99.45454538952221,0.029787464304403825,-1.0
0.09745664229720002,0.0032400549130721223,61,0.9065147719811648,0.0001415103578293356,6,99.63636363636364,0.024585148841142653,-1.0
0.09788123365595108,0.004296444356441498,62,0.9198421270120889,0.0001285990470279847,6,99.5454544804313,0.026534315943717957,-1.0
0.0971288429831879,0.004655987593448824,63,0.9163024639710784,0.0001162681192140312,6,99.72727266224948,0.025781324194236236,-1.0
0.09928946230664021,0.004282820348938306,64,0.9323948209639639,0.00010453658778440107,6,99.72727272727273,0.02479680803011764,-1.0
0.09807533675080372,0.00443171937432554,65,0.922805329086259,9.342254191024022e-05,6,100.0,0.01502941407263279,-1.0
0.098730042990711,0.004568563903578454,66,0.9299329998902977,8.294311864472437e-05,6,99.81818175315857,0.01669660583138466,-1.0
0.09754632410800292,0.004736668559619122,67,0.9207862741313875,7.311447649896551e-05,6,99.9090909090909,0.017541813552379607,-1.0
0.0590422958549526,0.0047226419103228385,68,0.5741273642051965,6.395177052675794e-05,6,99.90909084406766,0.01698718921704726,-1.0
0.06208695704117417,0.006210914192100366,69,0.6149185081012547,5.546912895658472e-05,6,100.0,0.01374857926571911,-1.0
0.06725706501553456,0.005955587425786588,70,0.6591697470284998,4.767963140691306e-05,6,99.9090909090909,0.012589275833557952,-1.0
0.06007174218797849,0.00648306558529536,71,0.5992318780627102,4.059528871837034e-05,6,99.9090909090909,0.013530015630478209,-1.0
0.09003487281087372,0.0027116131968796253,72,0.8349602581001818,3.4227024433899e-05,6,100.0,0.013754870810291983,-1.0
0.08482375275343657,0.00458492079956664,73,0.8049272578209639,2.8584657955444653e-05,6,99.9090909090909,0.013952894217588685,-1.0
0.08891244002410935,0.003441532970302635,74,0.8314478711690754,2.367688940315011e-05,6,99.90909084406766,0.012476191439411857,-1.0
0.08286115979879266,0.004490049995688928,75,0.786428099963814,1.951128620040094e-05,6,99.90909084406766,0.013407759774814952,-1.0
0.08779468441692491,0.004246667932925953,76,0.8286183720920235,1.6094271405406862e-05,6,100.0,0.012527898671952161,-1.0
0.08796989053694738,0.0037755390318731465,77,0.8259493669029325,1.3431113807311488e-05,6,100.0,0.01149898535148664,-1.0
0.08895274419854912,0.0029899923700011438,78,0.8277260209433734,1.1525919802101659e-05,6,100.0,0.01258085506206209,-1.0
0.09133180799997515,0.004510532107411159,79,0.8628631958272308,1.0381627060842164e-05,6,99.9090909090909,0.01216497930613431,-1.0
0.08861042867000732,0.005778912791154451,80,0.8499331281054765,1e-05,6,99.9090909090909,0.016221960573033854,-1.0
0.09910526499152184,0.018564191809855402,1,1.1769617088139057,0.000999618372939158,7,15.333333333333334,2.309675496419271,-1.0
0.0948288117768243,0.0026209008181467654,2,0.9747668008785695,0.0009984740801978985,7,24.16666668653488,2.07865598042806,-1.0
0.09800590130034834,0.003673296398483217,3,1.0171122069004923,0.0009965688861926887,7,25.166666706403095,1.9695581086476643,-1.0
0.09852208176162094,0.004198596440255642,4,1.0274682140443474,0.0009939057285945933,7,29.833333412806194,1.8806887833277384,-1.0
0.09722101411316544,0.0031721683917567134,5,1.0041718860156834,0.0009904887137995992,7,29.416666666666668,1.8545678742726643,-1.0
0.09801781608257443,0.0026896118186414244,6,1.0073348500300199,0.00098632311059685,7,32.75,1.7582887760798136,-1.0
0.09706418940331787,0.004023710312321782,7,1.011105686891824,0.0009814153420445555,7,32.6666667064031,1.7571795129776,-1.0
0.07093062461353838,0.004678945592604578,8,0.7563262770418078,0.0009757729755661012,7,35.08333337306976,1.6996158870061238,-1.0
0.05604681379627437,0.004347471916116774,9,0.6041859218385071,0.0009694047112816298,7,36.75000003973643,1.675836230913798,-1.0
0.0708653926383704,0.004318497353233397,10,0.7520783289801329,0.0009623203685930871,7,37.6666667064031,1.6280443572998047,-1.0
0.057481377758085726,0.0029679761501029134,11,0.6047544109169394,0.0009545308710434153,7,40.5,1.5669189437230429,-1.0
0.08169727299828082,0.004011729592457413,12,0.8573231159243733,0.0009460482294732422,7,39.83333341280619,1.5826063044865926,-1.0
0.0838337728055194,0.004370202589780092,13,0.8822780707851052,0.0009368855235010348,7,42.333333333333336,1.5354872131347657,-1.0
0.0870924532879144,0.004326383117586374,14,0.9144343030638993,0.0009270568813552758,7,43.83333341280619,1.4832377894719442,-1.0
0.08525588328484446,0.002999807707965374,15,0.8828044009860605,0.0009165774580897602,7,45.08333341280619,1.4520390431086223,-1.0
0.08674258410464972,0.004102817992679775,16,0.9086930190678686,0.0009054634122155992,7,44.583333333333336,1.438678854306539,-1.0
0.08665124631952495,0.004252222389914096,17,0.9092678481247276,0.0008937318807859689,7,47.9166667064031,1.3834897343317667,-1.0
0.0858223104616627,0.0047279261518269776,18,0.9057361870072782,0.0008814009529720156,7,53.25,1.299282366434733,-1.0
0.08651746800169349,0.006279410305432975,19,0.9282120289281011,0.0008684896421706646,7,49.25,1.2996192407608032,-1.0
0.087130012572743,0.002956857020035386,20,0.9012135041411966,0.0008550178566873412,7,52.0,1.2550862995783487,-1.0
0.08949655836913735,0.006176947220228613,21,0.9570326530374587,0.0008410063690388064,7,53.33333341280619,1.218974264462789,-1.0
0.08518395780120044,0.002834606287069619,22,0.8804761578794569,0.0008264767839234412,7,56.333333333333336,1.1325382113456726,-1.0
0.08510698170866818,0.0026977095985785127,23,0.8783697879407555,0.000811451504908368,7,55.916666746139526,1.1786890927950542,-1.0
0.08196938368491828,0.0043566333130002025,24,0.8635757630690932,0.0007959536998847743,7,61.75000015894572,1.0521521695454916,-1.0
0.08566523685585707,0.004594822041690349,25,0.90291733504273,0.0007800072653447032,7,62.75,1.0293616660435994,-1.0
0.08581717982888222,0.0028501614695414903,26,0.8869942049495876,0.0007636367895343947,7,63.50000007947286,0.9969765734672547,-1.0
0.08400391200557351,0.004136135894805193,27,0.8816904339473695,0.0007468675145409928,7,63.50000015894572,0.9957152462005615,-1.0
0.08507648531813175,0.0028550298884510994,28,0.879555492894724,0.0007297252973710758,7,66.83333333333333,0.9022895812988281,-1.0
0.08442041024100036,0.003934742673300207,29,0.8837937130592763,0.0007122365700810271,7,68.66666666666667,0.8138742709159851,-1.0
0.08707158691249788,0.0024787764763459564,30,0.8957923878915608,0.0006944282990207196,7,69.0,0.8346800176302592,-1.0
0.08602601778693497,0.004086275119334459,31,0.901355457957834,0.0006763279432533592,7,71.66666666666667,0.7482335424423218,-1.0
0.08723612264730037,0.005244449456222355,32,0.9251006038393825,0.0006579634122155992,7,74.66666682561238,0.6684975743293762,-1.0
0.08771790356840939,0.002700824337080121,33,0.9044723468832672,0.000639363022683212,7,74.66666682561238,0.6976399683952331,-1.0
0.08738329457119107,0.004393884027376771,34,0.9180786970537156,0.0006205554551086735,7,73.00000007947285,0.7335984683036805,-1.0
0.08168981866911054,0.0049933921312913295,35,0.867069523781538,0.0006015697093979838,7,75.75000007947285,0.6731394052505493,-1.0
0.08737969612702727,0.004176624654792249,36,0.9158522810321301,0.0005824350601949146,7,77.66666682561238,0.6178572432200113,-1.0
0.08933959777932614,0.00276560471393168,37,0.9213417209684849,0.0005631810117416299,7,77.75,0.6128094164530437,-1.0
0.0872140293708071,0.006299101049080491,38,0.9354302929714322,0.0005438372523852835,7,78.00000015894572,0.5857422073682149,-1.0
0.08300778705161065,0.005622099246829748,39,0.8865815168246627,0.0005244336088007391,7,83.66666666666667,0.4881965120633443,-1.0
0.08558381816837937,0.00458353750873357,40,0.9019761611707509,0.0005050000000000001,7,84.25000015894572,0.42329997102419537,-1.0
0.08677633518818766,0.004032395198009908,41,0.9083286260720342,0.0004855663911992613,7,86.75,0.3828029568990072,-1.0
0.08565406473353505,0.005343257356435061,42,0.9107942339032888,0.00046616274761471693,7,88.25000007947285,0.3549263823032379,-1.0
0.0873462884221226,0.002737132669426501,43,0.9011533400043845,0.00044681898825837057,7,90.25000007947285,0.30326972325642904,-1.0
0.08816261405590922,0.0028527590446174146,44,0.9103940310887992,0.000427564939805086,7,91.16666674613953,0.266779115597407,-1.0
0.08650455751921982,0.003856990090571344,45,0.9038609541021287,0.00040843029060201667,7,93.00000007947285,0.22153529802958172,-1.0
0.08668303762096911,0.00409524526912719,46,0.9080274868756533,0.000389444544891327,7,94.33333349227905,0.20584583202997844,-1.0
0.08696680017746986,0.0038918168283998966,47,0.9088379079475999,0.0003706369773167883,7,94.00000015894572,0.19514230251312256,-1.0
0.0870385797927156,0.002727778418920934,48,0.8979206581134349,0.0003520365877844012,7,94.91666666666667,0.1845746633410454,-1.0
0.08813444823026657,0.0025245619704946875,49,0.9068300931248814,0.0003336720567466412,7,95.75,0.1481467213233312,-1.0
0.08825793624855578,0.003998520434834063,50,0.9228030359372497,0.0003155717009792807,7,96.00000007947285,0.12902400513490042,-1.0
0.08730245549231767,0.0029070898192003368,51,0.9023837351705879,0.00029776342991897335,7,97.33333349227905,0.10379520297050476,-1.0
0.08569430320058018,0.004008250194601715,52,0.8973170011304319,0.00028027470262892445,7,97.58333333333333,0.10258035495877266,-1.0
0.08878209681715817,0.0043690838618204,53,0.9318062390666455,0.0002631324854590073,7,97.41666666666667,0.09009582286079725,-1.0
0.08733032301533968,0.002629075082950294,54,0.8998984380159527,0.0002463632104656054,7,98.16666682561238,0.07608920196692148,-1.0
0.08891883690375835,0.004493879503570497,55,0.934414183953777,0.0002299927346552969,7,98.91666674613953,0.05585540513197581,-1.0
0.08526269078720361,0.0040187250124290586,56,0.8931102829519659,0.00021404630011522587,7,98.16666682561238,0.06745512157678604,-1.0
0.08632810830604284,0.004543586191721261,57,0.9090119178872555,0.00019854849509163232,7,99.00000007947285,0.04865783482789993,-1.0
0.08707019011490047,0.004716666089370847,58,0.9181527181062847,0.00018352321607655918,7,99.25000007947285,0.03912149876356125,-1.0
0.07596319532021881,0.004209192073903978,59,0.8020180661696941,0.00016899363096119395,7,99.33333333333333,0.04092695422470569,-1.0
0.0845233406405896,0.002836982347071171,60,0.8738811172079295,0.000154982143312659,7,99.58333333333333,0.03832968513170878,-1.0
0.09667274670209736,0.003597993007861078,61,1.0029498611111194,0.0001415103578293356,7,99.66666674613953,0.0259550745288531,-1.0
0.09139923192560673,0.002681661071255803,62,0.941078705014661,0.0001285990470279847,7,99.66666674613953,0.024279167751471202,-1.0
0.09690693118609488,0.004037859523668886,63,1.0097988839261234,0.0001162681192140312,7,99.58333349227905,0.029003583788871766,-1.0
0.09677490431349725,0.0028688180027529597,64,0.9966884499881417,0.00010453658778440107,7,99.66666666666667,0.029059851318597795,-1.0
0.09929628178942948,0.004182634898461402,65,1.0350349759683013,9.342254191024022e-05,7,99.75000007947285,0.02856672277053197,-1.0
0.09708128538914025,0.0027124279178678988,66,0.9981829018797725,8.294311864472437e-05,7,99.91666666666667,0.023510716060797375,-1.0
0.09616311565041542,0.004503759136423468,67,1.006913686869666,7.311447649896551e-05,7,99.66666666666667,0.023948688209056854,-1.0
0.09240180710330606,0.004293222795240581,68,0.9671887869480997,6.395177052675794e-05,7,99.75000007947285,0.022615215877691906,-1.0
0.06046495160553604,0.003800283605232835,69,0.6428756269160658,5.546912895658472e-05,7,99.75,0.02033271476626396,-1.0
0.07277497630566358,0.0031298788962885737,70,0.759278877871111,4.767963140691306e-05,7,99.66666674613953,0.0200713453690211,-1.0
0.05802009080071002,0.0030125796096399427,71,0.6111345479730517,4.059528871837034e-05,7,99.8333334128062,0.01900919367869695,-1.0
0.06285460719373077,0.002592633105814457,72,0.654706034110859,3.4227024433899e-05,7,99.83333333333333,0.017934508522351584,-1.0
0.08552913025487215,0.004613164043985307,73,0.9016900130081922,2.8584657955444653e-05,7,99.75,0.019287345508734385,-1.0
0.08845082281623036,0.0040053523844107985,74,0.924890385940671,2.367688940315011e-05,7,99.83333333333333,0.016740442427496116,-1.0
0.08867953277658672,0.004841135325841605,75,0.9354485350195318,1.951128620040094e-05,7,99.8333334128062,0.01698239455620448,-1.0
0.08639954649843276,0.0039164328947663305,76,0.9034025089349598,1.6094271405406862e-05,7,99.91666666666667,0.015048462251822154,-1.0
0.08590881424024702,0.004234568541869521,77,0.9016901331488043,1.3431113807311488e-05,7,100.0,0.01247598446905613,-1.0
0.08707541138865053,0.004210724891163409,78,0.9130969871766865,1.1525919802101659e-05,7,99.91666674613953,0.014397686769564946,-1.0
0.08744343481957913,0.004102652287110686,79,0.9157156629953533,1.0381627060842164e-05,7,99.91666674613953,0.013077480445305507,-1.0
0.08613561727106571,0.0038414533250033856,80,0.9000264399219304,1e-05,7,100.0,0.015033026412129401,-1.0
0.09641927376982164,0.01959559367969632,1,1.276488360017538,0.000999618372939158,8,15.538461547631483,2.3697407898536094,-1.0
0.0963530463420532,0.0025400348558005962,2,1.088119958061725,0.0009984740801978985,8,21.61538460621467,2.080199233568632,-1.0
0.0911336554299024,0.0026265018492598424,3,1.0316325458697975,0.0009965688861926887,8,25.692307710647583,1.9719051412435677,-1.0
0.09614979278888892,0.003637915011495352,4,1.0979230829980224,0.0009939057285945933,8,29.846153846153847,1.9216537695664626,-1.0
0.09561905711465939,0.0038535905239934273,5,1.0944446029607207,0.0009904887137995992,8,26.538461543046513,1.9135638904571532,-1.0
0.09648463360711255,0.003773164131085981,6,1.1031510380562395,0.00098632311059685,8,29.384615402955276,1.8501505213517409,-1.0
0.09607926832342689,0.0036060454916547646,7,1.0968653741292655,0.0009814153420445555,8,29.923076923076923,1.8153033924102784,-1.0
0.07931660833260552,0.0030262625818564134,8,0.9060019259341061,0.0009757729755661012,8,33.461538466123436,1.7544971642127405,-1.0
0.05729962404902009,0.0024247105783698234,9,0.6572042049374431,0.0009694047112816298,8,33.23076924910912,1.7431002558194675,-1.0
0.06808852986432612,0.0024514143270525065,10,0.7761695820372552,0.0009623203685930871,8,33.1538461630161,1.7187997913360595,-1.0
0.05568970619192855,0.002606149445372549,11,0.6414714180864394,0.0009545308710434153,8,37.6153846337245,1.6383455723982592,-1.0
0.08310574138621715,0.003947488519109108,12,0.9578364361077547,0.0009460482294732422,8,38.46153847987835,1.6373143361164972,-1.0
0.08371778501367028,0.003498404540798881,13,0.9596116859465837,0.0009368855235010348,8,40.23076924910912,1.5624194104854878,-1.0
0.08512532808394595,0.0036332813641903076,14,0.976600768044591,0.0009270568813552758,8,41.69230769230769,1.5255449973619901,-1.0
0.08594735531898384,0.002404634946618568,15,0.9721050329972059,0.0009165774580897602,8,42.15384615384615,1.5097028636932373,-1.0
0.08542040204205974,0.0030251437036151237,16,0.9731400518212467,0.0009054634122155992,8,40.461538452368515,1.5314841629908635,-1.0
0.08589999530125748,0.003886575069786473,17,0.9878849340602756,0.0008937318807859689,8,43.84615387366368,1.4856727365347056,-1.0
0.0860044206704267,0.0038600225128572097,18,0.9887573190499097,0.0008814009529720156,8,44.6153846337245,1.407732943388132,-1.0
0.08679273713972759,0.0036350585816597395,19,0.9949668259359896,0.0008684896421706646,8,50.46153846153846,1.3538769065416776,-1.0
0.08658181272701106,0.00496051953682168,20,1.0072072269394994,0.0008550178566873412,8,48.23076923993918,1.3646379551520715,-1.0
0.08757960301061923,0.002949549350887537,21,0.9960640310309827,0.0008410063690388064,8,51.69230774732736,1.3329971192433283,-1.0
0.08674618216570128,0.003366762920367447,22,0.9914898769930005,0.0008264767839234412,8,51.38461541212522,1.3326713217221773,-1.0
0.08536462735554035,0.0023940353738990698,23,0.965601434931159,0.000811451504908368,8,51.30769231686225,1.2985760021209716,-1.0
0.08587574002078989,0.00373400506478819,24,0.9859650218859315,0.0007959536998847743,8,52.84615384615385,1.2686904797187217,-1.0
0.08743404628793625,0.0030411202672191644,25,0.9955229458864778,0.0007800072653447032,8,51.15384618135599,1.2460769601968618,-1.0
0.08674444129097868,0.002903217894279144,26,0.9864196740090847,0.0007636367895343947,8,53.92307694141682,1.2000212676708515,-1.0
0.08566342963075096,0.002626620719886639,27,0.9714740498457104,0.0007468675145409928,8,54.76923079674061,1.1921924646084125,-1.0
0.0852798789697276,0.003472886577417905,28,0.9765893549192697,0.0007297252973710758,8,57.46153847987835,1.1391337002240693,-1.0
0.08703905744054778,0.003907046831128272,29,1.0006942979525775,0.0007122365700810271,8,58.692307673967804,1.1010932685778692,-1.0
0.08826454074799338,0.002527450698173859,30,0.9989973048213869,0.0006944282990207196,8,63.2307692857889,0.996129396878756,-1.0
0.08599307652647523,0.003855149388651956,31,0.9886205710936338,0.0006763279432533592,8,62.92307694141682,0.9970225759652944,-1.0
0.08526350792751393,0.0030244923493062906,32,0.9714657810982317,0.0006579634122155992,8,63.384615402955276,1.0015082729779756,-1.0
0.08516949070194228,0.004359820921143348,33,0.9850682970136404,0.000639363022683212,8,62.307692326032196,0.986773634323707,-1.0
0.08531166638501665,0.0026730267034674234,34,0.9680666760541499,0.0006205554551086735,8,67.76923082425044,0.8726204033998343,-1.0
0.08691639059477231,0.0038354490375654264,35,0.9985079930629581,0.0006015697093979838,8,69.23076925827907,0.8423811626434327,-1.0
0.08816626113416119,0.005371047056872736,36,1.0292106210254133,0.0005824350601949146,8,67.84615386449374,0.8694265083166269,-1.0
0.08499499765986746,0.0022464827846058392,37,0.9599505858495831,0.0005631810117416299,8,68.38461541212521,0.837875213256249,-1.0
0.08576972668313167,0.003579681506380439,38,0.9831420881673694,0.0005438372523852835,8,70.15384617218605,0.8028154395176814,-1.0
0.08539364518682388,0.0024133468978106976,39,0.9661617809906602,0.0005244336088007391,8,70.38461543963506,0.820458449950585,-1.0
0.08632438488050619,0.003532394025982781,40,0.9887311989441514,0.0005050000000000001,8,71.3076923076923,0.7660394112880413,-1.0
0.08831838622096587,0.0023634581276300278,41,0.9977863479871303,0.0004855663911992613,8,75.0,0.6982261483485882,-1.0
0.08547032160938463,0.004060120025480335,42,0.9851213991641998,0.00046616274761471693,8,79.76923080591055,0.5965062533892118,-1.0
0.08600042900070548,0.0024868670893325047,43,0.9736535979900509,0.00044681898825837057,8,81.3076923260322,0.5438418898215661,-1.0
0.08753491324287924,0.0038212947759099984,44,1.0052157039754093,0.000427564939805086,8,81.53846159348122,0.512615954875946,-1.0
0.0856455008033663,0.002758964557539333,45,0.9727040808647871,0.00040843029060201667,8,84.30769228935242,0.47083215988599336,-1.0
0.08735317931595174,0.003114998128942468,46,0.9954220100771636,0.000389444544891327,8,85.46153849821825,0.4074386729643895,-1.0
0.08638632894408974,0.003948932238431139,47,0.9939415629487485,0.0003706369773167883,8,86.46153844319858,0.386789181966048,-1.0
0.08532234780829061,0.0025924454570155253,48,0.9673094670288265,0.0003520365877844012,8,84.99999998166011,0.41148353063143217,-1.0
0.08613719962621955,0.002772212726995349,49,0.9782569769304246,0.0003336720567466412,8,82.84615384615384,0.4299837932219872,-1.0
0.08734506061723964,0.0023510185789994216,50,0.9868979640305042,0.0003155717009792807,8,85.76923080591055,0.38719343497202946,-1.0
0.08689035136591304,0.0036172000902958894,51,0.9958161958493292,0.00029776342991897335,8,88.92307690473703,0.3308504620882181,-1.0
0.08720659923909063,0.00372029402801259,52,1.0004329509101808,0.00028027470262892445,8,90.76923080591055,0.2753048883951627,-1.0
0.08736784993247552,0.003376062705435536,53,0.9984150060918182,0.0002631324854590073,8,92.84615386449374,0.23184954267281752,-1.0
0.0874956802634353,0.0035932443782009864,54,1.0022100089117885,0.0002463632104656054,8,92.00000001833989,0.2304096206334921,-1.0
0.0879871238192374,0.002340569287877191,55,0.9938414099160582,0.0002299927346552969,8,92.61538461538461,0.2342453142312857,-1.0
0.08951036488129334,0.003739170476116917,56,1.0259855899494141,0.00021404630011522587,8,92.23076923076923,0.2458346244922051,-1.0
0.08784145254387775,0.0035706886344335294,57,1.005770797841251,0.00019854849509163232,8,94.15384620886583,0.1886250615119934,-1.0
0.0881396279966628,0.0037635670001195235,58,1.0111772890668362,0.00018352321607655918,8,93.99999998166011,0.18426769293271578,-1.0
0.08674839344298975,0.0028031289111822844,59,0.9853618298657238,0.00016899363096119395,8,94.61538465206439,0.16936434764128466,-1.0
0.08729757537895982,0.002437726996669715,60,0.987390698865056,0.000154982143312659,8,95.07692311360286,0.16674271455177894,-1.0
0.08791554029184309,0.002877267352728681,61,0.9990048201289028,0.0001415103578293356,8,95.99999998166011,0.13457882839899796,-1.0
0.07063159268264743,0.0024348444051363253,62,0.8039681729860604,0.0001285990470279847,8,96.76923076923077,0.1265528106689453,-1.0
0.097929875027727,0.0035697105975652284,63,1.1167463280726224,0.0001162681192140312,8,97.00000003667978,0.1176938667664161,-1.0
0.09236445536159656,0.002719583476639607,64,1.0461875130422413,0.00010453658778440107,8,97.15384615384616,0.1233844962486854,-1.0
0.096260044766082,0.002957129046659578,65,1.0916652458254248,9.342254191024022e-05,8,98.3076923076923,0.09151935577392578,-1.0
0.0953948087143627,0.0037204378326846795,66,1.0905025540851057,8.294311864472437e-05,8,97.76923076923077,0.09186405622042143,-1.0
0.09641286936080591,0.003799378744919192,67,1.1025711740367115,7.311447649896551e-05,8,97.76923082425044,0.09624359231728774,-1.0
0.09684481425210834,0.005686376116831194,68,1.1281368238851428,6.395177052675794e-05,8,98.23076923076923,0.07937120290902945,-1.0
0.09650543827394192,0.002302395095202056,69,1.0871695221867412,5.546912895658472e-05,8,98.92307690473703,0.07176077485084534,-1.0
0.07487161470238458,0.002293204020878131,70,0.8490665969438851,4.767963140691306e-05,8,99.30769236271198,0.06348205327987672,-1.0
0.05787623047151349,0.003556182798506184,71,0.6760533722117543,4.059528871837034e-05,8,99.07692307692308,0.06287379984672253,-1.0
0.07324201600964773,0.0026696389752694154,72,0.8353169390466064,3.4227024433899e-05,8,98.46153846153847,0.07412610732592069,-1.0
0.05608107145367698,0.0024211373688145118,73,0.6437623640522361,2.8584657955444653e-05,8,98.99999998166011,0.060142083855775685,-1.0
0.078450589440763,0.0023524393962526865,74,0.8890670870896429,2.367688940315011e-05,8,99.38461538461539,0.05519457649726134,-1.0
0.08293689423325387,0.0032581735868006945,75,0.9483730469364673,1.951128620040094e-05,8,99.53846153846153,0.05002210490978681,-1.0
0.08709552547555756,0.00406207660721107,76,1.0029867230914533,1.6094271405406862e-05,8,99.230769267449,0.05103849062552819,-1.0
0.08593214593235064,0.0056774205189536915,77,1.0079476339742541,1.3431113807311488e-05,8,99.23076928578891,0.058913361751116236,-1.0
0.08542403178712861,0.005677514222704552,78,1.0023665309417993,1.1525919802101659e-05,8,99.53846153846153,0.04852449806836935,-1.0
0.08765437915413217,0.0028706519356505437,79,0.9960174658335745,1.0381627060842164e-05,8,99.15384619052594,0.05751792614276593,-1.0
0.08703995656899431,0.002358731517398899,80,0.9836283240001649,1e-05,8,99.6923076739678,0.04374571946951059,-1.0
0.10451835144141858,0.01990718083371493,1,1.3690101499669254,0.000999618372939158,9,16.714285790920258,2.332741267340524,-1.0
0.09820731352506713,0.0023930446583439,2,1.10689932317473,0.0009984740801978985,9,23.428571666990006,1.9997345052446638,-1.0
0.10238748079758477,0.002462860577824441,3,1.15363252395764,0.0009965688861926887,9,25.785714421953475,1.9047787891115462,-1.0
0.10197253832170232,0.002590532224117355,4,1.1504669161513448,0.0009939057285945933,9,26.0,1.878828125,-1.0
0.10078447928059507,0.0024942800783636894,5,1.1363128239754587,0.0009904887137995992,9,29.285714421953475,1.832347674369812,-1.0
0.10199604071253403,0.0034982034809548745,6,1.160682515008375,0.00098632311059685,9,30.92857151372092,1.7688898842675345,-1.0
0.10009777988307178,0.0029881534759293904,7,1.134182102046907,0.0009814153420445555,9,36.14285727909633,1.7002409771510534,-1.0
0.06298672632229599,0.004638345679268241,8,0.7441068592015654,0.0009757729755661012,9,34.78571438789368,1.6867423554829188,-1.0
0.07273668122731826,0.004392031410878355,9,0.8486586830113083,0.0009694047112816298,9,35.214285782405305,1.6662493262972151,-1.0
0.06421483286910436,0.00260182876478542,10,0.7352257110178471,0.0009623203685930871,9,38.714285833495005,1.6063368483952114,-1.0
0.08462600323202257,0.0053825799629769544,11,0.9903960581868887,0.0009545308710434153,9,40.571428656578064,1.5559765141350883,-1.0
0.08998917269689793,0.002285534113814885,12,1.015293181873858,0.0009460482294732422,9,40.92857161590031,1.5609852688653127,-1.0
0.09257260815833103,0.0025076145644892345,13,1.046224833931774,0.0009368855235010348,9,42.428571701049805,1.5133432456425258,-1.0
0.09203836010684344,0.004102245523509654,14,1.0577956659253687,0.0009270568813552758,9,45.85714299338205,1.453642794064113,-1.0
0.09237089353105561,0.0038785450160503387,15,1.0589926468674093,0.0009165774580897602,9,46.35714302744184,1.4089064638955253,-1.0
0.09225552791560238,0.003941183613443916,16,1.0584263009950519,0.0009054634122155992,9,48.71428608894348,1.3489955472946167,-1.0
0.09244061236015776,0.0037371275353838096,17,1.0582049239892513,0.0008937318807859689,9,50.35714302744184,1.322040433883667,-1.0
0.09226364108987829,0.004007010360841046,18,1.059220602037385,0.0008814009529720156,9,50.78571438789368,1.2871381419045584,-1.0
0.09192557387392629,0.00247031249190596,19,1.0385942589491606,0.0008684896421706646,9,51.857142959322246,1.2565088612692696,-1.0
0.09265894237482412,0.0030792818023738537,20,1.053366085048765,0.0008550178566873412,9,55.85714302744184,1.203036882536752,-1.0
0.09117142580957575,0.0038794535635547204,21,1.0458083769772202,0.0008410063690388064,9,57.214285714285715,1.1628793348584856,-1.0
0.09187867672351951,0.0036308395422317767,22,1.0508544449694455,0.0008264767839234412,9,56.50000044277736,1.157682581629072,-1.0
0.09264815837906842,0.003798717082562772,23,1.0611681290902197,0.000811451504908368,9,59.42857153075082,1.0853340687070574,-1.0
0.09252496042542836,0.003892397571524436,24,1.0608369570691139,0.0007959536998847743,9,60.57142860548837,1.020498480115618,-1.0
0.09227625926194544,0.002928203289312395,25,1.0474844810087234,0.0007800072653447032,9,64.7142858505249,0.9406901199477059,-1.0
0.09222317931496284,0.0040040241385048084,26,1.0587611610535532,0.0007636367895343947,9,64.6428575515747,0.9359150436946324,-1.0
0.09217351431619715,0.004163630052723668,27,1.0599615268874913,0.0007468675145409928,9,64.92857153075082,0.9034960573060172,-1.0
0.0921538787343624,0.002445979467169805,28,1.0408340331632644,0.0007297252973710758,9,67.78571435383388,0.8570095903532846,-1.0
0.0921329370149496,0.002506057731807232,29,1.0413190370891243,0.0007122365700810271,9,69.21428612300328,0.8319210852895464,-1.0
0.09257456848651847,0.0025511936030604625,30,1.0466381760779768,0.0006944282990207196,9,68.57142863954816,0.8149583237511772,-1.0
0.09410940781659023,0.0026273352559655905,31,1.0643574439454824,0.0006763279432533592,9,72.50000054495675,0.7679574380602155,-1.0
0.09156551034274427,0.0036904371174221687,32,1.0480636849533767,0.0006579634122155992,9,74.42857156481061,0.7093405096871512,-1.0
0.09307410603981804,0.0035252681383016434,33,1.0628318840172142,0.000639363022683212,9,77.85714336803981,0.6168563662256513,-1.0
0.09233100403269584,0.003946023972027681,34,1.0592967229895294,0.0006205554551086735,9,77.07142911638532,0.6440637115069798,-1.0
0.09302151529118419,0.003630779069763693,35,1.0634374818764627,0.0006015697093979838,9,80.07142908232552,0.5287274016652789,-1.0
0.09248522904024205,0.0031494112388992853,36,1.052220722893253,0.0005824350601949146,9,82.78571469443185,0.4740807274409703,-1.0
0.0916962332769551,0.0031981519211760974,37,1.044074472039938,0.0005631810117416299,9,83.4285717351096,0.4598004579544067,-1.0
0.09213321782987226,0.00274149652316489,38,1.043863229919225,0.0005438372523852835,9,85.07142887796674,0.41883115768432616,-1.0
0.0919639361937615,0.0032873172524639153,39,1.0480069138575345,0.0005244336088007391,9,84.7142858505249,0.4126949380125318,-1.0
0.09284359589219093,0.0031770700165493922,40,1.0564713121857494,0.0005050000000000001,9,86.28571445601327,0.3876400407723018,-1.0
0.09284110168333758,0.0027379392095926132,41,1.0516082479152828,0.0004855663911992613,9,88.92857193946838,0.32957974246570043,-1.0
0.09335376176221127,0.0030314257918772373,42,1.0604825811460614,0.00046616274761471693,9,89.9285718713488,0.29014448761940004,-1.0
0.09077487350441515,0.0025508564854548736,43,1.0268373121507466,0.00044681898825837057,9,90.78571466037205,0.2526693265778678,-1.0
0.09263848894360391,0.002764788604426113,44,1.0496756429784,0.000427564939805086,9,93.78571469443185,0.19428969979286193,-1.0
0.09109464069743725,0.0029644462999633765,45,1.0348889359738678,0.00040843029060201667,9,94.50000040871757,0.17287451045853752,-1.0
0.09357468157329342,0.003035676707936959,46,1.0629651080816984,0.000389444544891327,9,94.35714333398002,0.16972302743366788,-1.0
0.09363015952774069,0.0029535555619407783,47,1.0627211171668023,0.0003706369773167883,9,94.928571837289,0.16569390288421085,-1.0
0.09253727837296372,0.002364124171435833,48,1.044209909858182,0.0003520365877844012,9,95.42857159887042,0.14077699525015694,-1.0
0.0913132013626058,0.003146680812774734,49,1.0393595250789076,0.0003336720567466412,9,96.64285778999329,0.1222156981910978,-1.0
0.09109611718238077,0.0028813915454189887,50,1.0339979040436447,0.0003155717009792807,9,97.78571462631226,0.09461566665342876,-1.0
0.09107004497623579,0.002440838481892239,51,1.0288620821665972,0.00029776342991897335,9,97.64285748345512,0.09523235384907042,-1.0
0.09106045914813876,0.003659019500694492,52,1.0422150860540569,0.00028027470262892445,9,98.07142921856472,0.08269261590072087,-1.0
0.09043804374100133,0.0041222164449705315,53,1.0404122858308256,0.0002631324854590073,9,97.14285748345512,0.08565008333751134,-1.0
0.092608612454073,0.0030649981927126646,54,1.052662736037746,0.0002463632104656054,9,98.50000020435878,0.060755684886659896,-1.0
0.09374844445846975,0.002438593359494751,55,1.0583181178662926,0.0002299927346552969,9,98.42857200758797,0.06654552747096334,-1.0
0.09228610048409212,0.002723361598327756,56,1.0454041429329664,0.00021404630011522587,9,99.07142915044513,0.046474794383559906,-1.0
0.09161038239571181,0.004057244249534878,57,1.052584304008633,0.00019854849509163232,9,98.8571434361594,0.04723080351948738,-1.0
0.09189334926618771,0.0030391146428883076,58,1.0445027009118348,0.00018352321607655918,9,99.28571493285042,0.04086968581591334,-1.0
0.09176684084179049,0.0023960739755156365,59,1.036037681158632,0.00016899363096119395,9,99.64285778999329,0.02996194192341396,-1.0
0.09179743995297361,0.004055418772622943,60,1.0546273859217763,0.000154982143312659,9,99.57142857142857,0.02777378337723868,-1.0
0.09194662965918807,0.002421738982031291,61,1.038315020967275,0.0001415103578293356,9,99.64285714285714,0.02736081042460033,-1.0
0.07542745991271328,0.002720393452116034,62,0.8598829221446067,0.0001285990470279847,9,100.0,0.019853186330624988,-1.0
0.09858552836389704,0.0028276333627714353,63,1.1157942139543593,0.0001162681192140312,9,99.85714285714286,0.01832665511540004,-1.0
0.10174829061989757,0.0026245478498326106,64,1.148364326916635,0.00010453658778440107,9,99.78571428571429,0.019154155823801245,-1.0
0.10049864918586206,0.002699664264748042,65,1.1354559799656272,9.342254191024022e-05,9,99.57142915044513,0.022912380056721825,-1.0
0.10130016882480546,0.0025196240960874343,66,1.142322309082374,8.294311864472437e-05,9,99.71428571428571,0.020307165453476564,-1.0
0.1014798391314054,0.002455004956573248,67,1.1435316791757941,7.311447649896551e-05,9,99.71428571428571,0.01646578443369695,-1.0
0.1009194201324135,0.0035502224186943336,68,1.1494166641496122,6.395177052675794e-05,9,99.92857142857143,0.014589593814952033,-1.0
0.10138765246268701,0.00399882809936323,69,1.1595602710731328,5.546912895658472e-05,9,100.0,0.011432017907500267,-1.0
0.07871904552236876,0.0028166634623299947,70,0.8972073909826577,4.767963140691306e-05,9,100.0,0.012651946220014776,-1.0
0.062098857735029676,0.0034465002827346325,71,0.7212745910510421,4.059528871837034e-05,9,99.92857142857143,0.013115926757454871,-1.0
0.07089213861829856,0.0023852504620497875,72,0.8062857920303941,3.4227024433899e-05,9,100.0,0.012160134320812565,-1.0
0.0626828756437383,0.0038986294318667865,73,0.7326440080069005,2.8584657955444653e-05,9,100.0,0.009723298618836062,-1.0
0.09327304799279029,0.0026701459322463384,74,1.0556463699322194,2.367688940315011e-05,9,100.0,0.00986702410770314,-1.0
0.09182898228226061,0.0024629750881682744,75,1.0374608661513776,1.951128620040094e-05,9,99.85714285714286,0.011758995306278977,-1.0
0.09117776557633822,0.0038099910598248243,76,1.045121676987037,1.6094271405406862e-05,9,99.92857142857143,0.01132593523710966,-1.0
0.09208117709071799,0.003846554085612297,77,1.0554593249689788,1.3431113807311488e-05,9,99.92857142857143,0.009868860595992634,-1.0
0.0920813052534041,0.002396341370926662,78,1.0395081739407033,1.1525919802101659e-05,9,100.0,0.011809925319893019,-1.0
0.09128986074673859,0.004094218348406933,79,1.0495201731100678,1.0381627060842164e-05,9,100.0,0.009928602528359209,-1.0
0.0922716728369282,0.004164171426303007,80,1.0610485889483243,1e-05,9,99.92857142857143,0.010330292832638536,-1.0
0.10443005316968386,0.013447497486292074,1,1.4148601221386343,0.000999618372939158,10,16.13333330154419,2.3453759835561114,-1.0
0.09852407800887401,0.002816430409438908,2,1.2164182891137898,0.0009984740801978985,10,24.066666714350383,2.023971197764079,-1.0
0.10084310385476176,0.0037507099914364517,3,1.2554651349782944,0.0009965688861926887,10,27.86666672229767,1.9547053197224935,-1.0
0.09994551062118262,0.0038979325521116457,4,1.2464273059740663,0.0009939057285945933,10,30.799999968210855,1.8574380884170532,-1.0
0.10059505349878843,0.00249870583259811,5,1.2373870960436761,0.0009904887137995992,10,30.133333349227904,1.8144868157704672,-1.0
0.09975832522225876,0.0034126060199923813,6,1.2383560321759433,0.00098632311059685,10,32.266666769981384,1.7655492375691733,-1.0
0.08107594705264394,0.002244915444559107,7,1.0001481571234763,0.0009814153420445555,10,34.333333436648054,1.723831218401591,-1.0
0.0621482318189616,0.0033928218375270567,8,0.7867629087995738,0.0009757729755661012,10,37.06666672229767,1.6532406415939331,-1.0
0.06674078265981127,0.0033714540768414736,9,0.8415992099326104,0.0009694047112816298,10,38.599999976158145,1.643912712732951,-1.0
0.07131205184850842,0.002214282654070606,10,0.8825655078981072,0.0009623203685930871,10,37.26666670640309,1.624270633061727,-1.0
0.08809166927433883,0.002568037404368321,11,1.088168608956039,0.0009545308710434153,10,41.06666665871938,1.5573773533503215,-1.0
0.08974807684232171,0.0033564495776469507,12,1.1175097001250833,0.0009460482294732422,10,42.26666667461395,1.5064152402877808,-1.0
0.08966526460911457,0.0033769120539849005,13,1.1167536708526313,0.0009368855235010348,10,41.13333340485891,1.506999203046163,-1.0
0.0906584860640578,0.003201544013184806,14,1.1265735009219497,0.0009270568813552758,10,43.46666671435038,1.4676481002171835,-1.0
0.09054796983643125,0.0021559918338122466,15,1.112699257209897,0.0009165774580897602,10,47.40000007947286,1.4128555018107096,-1.0
0.09111582235588382,0.0035544501539940634,16,1.1362960499245673,0.0009054634122155992,10,46.00000006357829,1.4075998016993205,-1.0
0.09130742435809225,0.0031415156360405185,17,1.1336343199945986,0.0008937318807859689,10,47.66666662693024,1.365088986714681,-1.0
0.0907611768731537,0.0022681343058745065,18,1.1165990051813424,0.0008814009529720156,10,52.66666660308838,1.2999042059580486,-1.0
0.09242071356857195,0.003164820276045551,19,1.1472718338482082,0.0008684896421706646,10,51.999999888737996,1.222499919573466,-1.0
0.09241296546921755,0.002334744941132764,20,1.1372210669796914,0.0008550178566873412,10,56.5333333492279,1.15953644657135,-1.0
0.09179228453043227,0.0028890474738242724,21,1.1364281519781798,0.0008410063690388064,10,57.13333330154419,1.1625828285217286,-1.0
0.08957502793055028,0.0023532944809024534,22,1.1033912559505552,0.0008264767839234412,10,54.26666669845581,1.1703296343485514,-1.0
0.09088273237769802,0.0035475988018636904,23,1.133407791145146,0.000811451504908368,10,58.4,1.133447414080302,-1.0
0.09185577692308773,0.002255154676580181,24,1.1295753859449178,0.0007959536998847743,10,60.73333347638448,1.0753227157592773,-1.0
0.09193028825878476,0.004379257656789075,25,1.1559585370123386,0.0007800072653447032,10,61.26666685740153,1.0307443431218466,-1.0
0.09174170818490286,0.0021557931516629956,26,1.1270182779990137,0.0007636367895343947,10,64.79999990463257,0.9566691767374674,-1.0
0.09029362616517271,0.0037755932426080108,27,1.1290789351332933,0.0007468675145409928,10,66.53333344459534,0.8971327611605326,-1.0
0.09241485174667712,0.0023363196717885635,28,1.1372737670317292,0.0007297252973710758,10,68.8666668732961,0.8352884984016419,-1.0
0.09106409701053053,0.0031844339100643992,29,1.1312766729388386,0.0007122365700810271,10,69.7333334604899,0.78332421875,-1.0
0.09264992755682518,0.004970952946071823,30,1.1717391090933233,0.0006944282990207196,10,71.26666679382325,0.7845394034385681,-1.0
0.09246999884877975,0.002784003251387427,31,1.1433486859314144,0.0006763279432533592,10,71.66666669845581,0.751688696861267,-1.0
0.09175253226809825,0.0027718721345687905,32,1.1346099500078708,0.0006579634122155992,10,75.06666661898295,0.6695710794130961,-1.0
0.08875293024660398,0.004248892577985923,33,1.1163668420631438,0.000639363022683212,10,76.73333342870076,0.6248835814793905,-1.0
0.09469573178406183,0.0035799186249884465,34,1.1795602440834045,0.0006205554551086735,10,77.40000006357829,0.6141055734952291,-1.0
0.09056106223336731,0.003833924342567722,35,1.132984145078808,0.0006015697093979838,10,79.93333339691162,0.5648379141489664,-1.0
0.09155786922201514,0.0023907922053088746,36,1.1276273920666426,0.0005824350601949146,10,80.4666666507721,0.5179403289159139,-1.0
0.09144980340109517,0.003761661510604123,37,1.1427899170666933,0.0005631810117416299,10,84.53333360354105,0.43814481790860493,-1.0
0.09319386885423835,0.0034591686368609467,38,1.1600870050024241,0.0005438372523852835,10,87.60000017484029,0.3841324440638224,-1.0
0.09078153975618382,0.002940875148245444,39,1.1249313938897103,0.0005244336088007391,10,86.9333335240682,0.37094165333112084,-1.0
0.09045022727999215,0.0044402481483606,40,1.138935259077698,0.0005050000000000001,10,86.46666680971781,0.3824803338050842,-1.0
0.09092562034493312,0.0035960446499908962,41,1.1345194689929485,0.0004855663911992613,10,89.4666668732961,0.31176679571469623,-1.0
0.091034671854383,0.0034803527135712406,42,1.1344226789660752,0.00046616274761471693,10,90.00000019073487,0.2882592090765635,-1.0
0.09167170542059466,0.0020861126637707153,43,1.125346346059814,0.00044681898825837057,10,91.46666680971781,0.24241850797335307,-1.0
0.09135750531762217,0.0021804850936556854,44,1.1227458789944649,0.000427564939805086,10,92.53333338101704,0.21515466964244842,-1.0
0.09237409532458211,0.002852449018973857,45,1.1429746558424085,0.00040843029060201667,10,93.20000015894571,0.21287457712491353,-1.0
0.09130661335075274,0.0025575155741535127,46,1.1266579099465162,0.000389444544891327,10,93.0000001748403,0.2207608826160431,-1.0
0.09201065924329062,0.002455867341874788,47,1.1339054589625448,0.0003706369773167883,10,93.86666674613953,0.1824733470280965,-1.0
0.09060042694909498,0.0030698144691996276,48,1.1243343339301646,0.0003520365877844012,10,95.73333339691162,0.1512664118607839,-1.0
0.09193723247153684,0.002157668195044001,49,1.129387950990349,0.0003336720567466412,10,96.46666669845581,0.12959430189927418,-1.0
0.09041103542161484,0.0021724989055655897,50,1.111254220129922,0.0003155717009792807,10,95.20000007947286,0.14129104121526082,-1.0
0.09265495700916897,0.002905121073126793,51,1.1469816090539098,0.00029776342991897335,10,97.26666669845581,0.10333673842748006,-1.0
0.09245431285429125,0.003533663557997594,52,1.152159331832081,0.00028027470262892445,10,97.66666666666667,0.08592652065555255,-1.0
0.09331394574837759,0.0034592433366924524,53,1.1615717089734972,0.0002631324854590073,10,98.26666669845581,0.06733150390783946,-1.0
0.09244489159512644,0.0037339620757848024,54,1.1543853119947016,0.0002463632104656054,10,98.60000001589457,0.05824484898646672,-1.0
0.09188128709016989,0.0037598819859946766,55,1.1479740189388394,0.0002299927346552969,10,98.20000003178914,0.05974515315890312,-1.0
0.0924250536869901,0.0027137211485144994,56,1.1419210718013346,0.00021404630011522587,10,99.00000001589457,0.04870786146322886,-1.0
0.0924074556872559,0.0036907398995632925,57,1.1534633440896869,0.00019854849509163232,10,99.66666666666667,0.03504002257684866,-1.0
0.09398637832297634,0.00367748667486012,58,1.172217246843502,0.00018352321607655918,10,99.46666666666667,0.0336856230199337,-1.0
0.09186829027021304,0.002495816966984421,59,1.1326322029344738,0.00016899363096119395,10,99.66666666666667,0.029291618039210637,-1.0
0.09198303966938208,0.0025007567601278424,60,1.1340381661430001,0.000154982143312659,10,99.73333333333333,0.022561433985829354,-1.0
0.09140596092523386,0.0032223202288150787,61,1.1357757288496941,0.0001415103578293356,10,99.86666666666666,0.019956099405884744,-1.0
0.09036946711906542,0.004128825307513277,62,1.1342187190894037,0.0001285990470279847,10,99.8,0.019206733360886574,-1.0
0.08645696165816237,0.003662300509555886,63,1.0816840659826994,0.0001162681192140312,10,99.86666666666666,0.017426828409234683,-1.0
0.10037621601562326,0.0033602656524938843,64,1.245138101046905,0.00010453658778440107,10,100.0,0.015007442618409793,-1.0
0.0935133452876471,0.003375288040842861,65,1.1629565288312733,9.342254191024022e-05,10,99.86666666666666,0.015906358557442823,-1.0
0.10036517128658791,0.0038354725499326983,66,1.2507092291489244,8.294311864472437e-05,10,99.86666668256125,0.018446019927660623,-1.0
0.10171395429642871,0.0032485855432848134,67,1.2598013740498573,7.311447649896551e-05,10,100.0,0.012822576065858205,-1.0
0.1007580771499003,0.0033554083590085306,68,1.24962462997064,6.395177052675794e-05,10,99.93333333333334,0.013277303377787273,-1.0
0.09969357566054289,0.003626467330226054,69,1.240145763847977,5.546912895658472e-05,10,99.86666666666666,0.013045129551241796,-1.0
0.07779645776220907,0.0036389577435329556,70,0.9775146001484245,4.767963140691306e-05,10,100.0,0.011526891795297464,-1.0
0.0665008169404852,0.0022696115581008294,71,0.8254914009012282,4.059528871837034e-05,10,99.8,0.012800509616732597,-1.0
0.06699687149375677,0.0037583220012796423,72,0.8493585458490998,3.4227024433899e-05,10,100.0,0.012179048200448354,-1.0
0.07181089464575052,0.0035349957567329207,73,0.904444927116856,2.8584657955444653e-05,10,100.0,0.010281796711186567,-1.0
0.08960712421685457,0.00349375568718339,74,1.1174627670552582,2.367688940315011e-05,10,99.93333334922791,0.011255604629715284,-1.0
0.09189368506971125,0.002191864089885106,75,1.1292791301384568,1.951128620040094e-05,10,99.93333333333334,0.009557284825791915,-1.0
0.0898402097906607,0.0035876382025890052,76,1.1213789940811694,1.6094271405406862e-05,10,99.86666666666666,0.011911820674935977,-1.0
0.09263638684448476,0.003261315325895945,77,1.1510184248909354,1.3431113807311488e-05,10,100.0,0.011239141330122947,-1.0
0.09516017299999173,0.003674325669029107,78,1.1862648588139564,1.1525919802101659e-05,10,100.0,0.009060103649894397,-1.0
0.0913722997259659,0.0034301852768597505,79,1.1378819579258561,1.0381627060842164e-05,10,99.93333333333334,0.011115121537198623,-1.0
0.09091683184184755,0.002257955066549281,80,1.1184178730472922,1e-05,10,99.73333333333333,0.012015436882774035,-1.0
0.10248743776733485,0.013090335925181325,1,1.5028430568054318,0.000999618372939158,11,16.625,2.352525444030762,-1.0
0.09831156128515992,0.002108181952140652,2,1.3057886799797416,0.0009984740801978985,11,21.5625,2.065673065185547,-1.0
0.09995170770427929,0.0037899733019562867,3,1.3489171350374818,0.0009965688861926887,11,24.1875,1.9405509948730468,-1.0
0.09995286580390082,0.003269917743567091,4,1.3422370878979564,0.0009939057285945933,11,26.3125,1.9360330963134766,-1.0
0.09894744521723343,0.0021612116386397527,5,1.3147088340483606,0.0009904887137995992,11,26.75,1.885135498046875,-1.0
0.07135294252433456,0.002574033014333019,6,0.961354065919295,0.00098632311059685,11,30.75,1.7852086639404297,-1.0
0.07028246798122731,0.0034423486437075413,7,0.9587090048007667,0.0009814153420445555,11,33.3125,1.7456669235229492,-1.0
0.0588660602314541,0.004636740616451089,8,0.8257797560654581,0.0009757729755661012,11,32.3125,1.7470433807373047,-1.0
0.08545218074980837,0.003332800482614682,9,1.1544727869331837,0.0009694047112816298,11,33.625,1.6877622985839844,-1.0
0.08655541750172582,0.001957431184844329,10,1.150925911962986,0.0009623203685930871,11,36.25,1.6622473907470703,-1.0
0.08779131062328815,0.004373443151752536,11,1.1983888689428568,0.0009545308710434153,11,36.875,1.6428001022338867,-1.0
0.08751638683203894,0.0021775575497975717,12,1.1662576219532639,0.0009460482294732422,11,40.6875,1.567311019897461,-1.0
0.08860876214189026,0.0018974866968794512,13,1.1768339541740716,0.0009368855235010348,11,41.375,1.537110023498535,-1.0
0.08987943881836075,0.0026986515686775628,14,1.2037629659753293,0.0009270568813552758,11,42.125,1.4988369464874267,-1.0
0.08828402138673343,0.0026334682300400277,15,1.1821874948218465,0.0009165774580897602,11,43.8125,1.4691685295104981,-1.0
0.090105029879711,0.0021381297399504827,16,1.19939384306781,0.0009054634122155992,11,45.8125,1.4194904613494872,-1.0
0.08875143583505772,0.0025648475588800814,17,1.1873499709181488,0.0008937318807859689,11,47.125,1.3895385837554932,-1.0
0.08939164561720994,0.002030748838128952,18,1.1887726809363812,0.0008814009529720156,11,49.5625,1.3293392658233643,-1.0
0.0897142101580707,0.0020591720687941862,19,1.1933098318986595,0.0008684896421706646,11,50.75,1.3216082668304443,-1.0
0.08896290115080774,0.0023276479377482948,20,1.1870647699106485,0.0008550178566873412,11,50.75,1.2834552478790284,-1.0
0.08907145197288348,0.003336253396880168,21,1.2015928791370243,0.0008410063690388064,11,53.75,1.2088969230651856,-1.0
0.08967768995521161,0.0023167790451015416,22,1.1962206258904189,0.0008264767839234412,11,54.9375,1.1808882570266723,-1.0
0.09166610590182245,0.0038465719419316603,23,1.2419544470030814,0.000811451504908368,11,56.5,1.1465028429031372,-1.0
0.08971889449570042,0.003296486728896315,24,1.2094933572225273,0.0007959536998847743,11,56.6875,1.134059362411499,-1.0
0.08894299502627781,0.002105800434947014,25,1.1838704850524664,0.0007800072653447032,11,62.5,1.05020845413208,-1.0
0.08928459322151656,0.002247317389656718,26,1.190153787145391,0.0007636367895343947,11,61.8125,1.0202359676361084,-1.0
0.08899522275448991,0.0036803623124097404,27,1.2050516591407359,0.0007468675145409928,11,63.75,0.9413361883163452,-1.0
0.08864595151792926,0.0030440001103740474,28,1.1922210191842169,0.0007297252973710758,11,64.875,0.9569319486618042,-1.0
0.09104090674708669,0.0029506062587293293,29,1.2221345561556518,0.0007122365700810271,11,65.125,0.9357808780670166,-1.0
0.08820987034302491,0.0033982308187450352,30,1.1911501619033515,0.0006944282990207196,11,69.0625,0.8339451169967651,-1.0
0.0901254673416798,0.0021350745004243576,31,1.1996389629784971,0.0006763279432533592,11,69.875,0.8493607711791992,-1.0
0.08965548935632867,0.0025947467209054874,32,1.1995708050671965,0.0006579634122155992,11,71.625,0.7670197820663452,-1.0
0.09003245959488246,0.002362201241059945,33,1.2014294979162514,0.000639363022683212,11,73.0,0.7193007755279541,-1.0
0.09041876956605567,0.0019626356661319733,34,1.20124375494197,0.0006205554551086735,11,76.375,0.6360792303085328,-1.0
0.08989007595496681,0.0019751160513036526,35,1.1945359588135034,0.0006015697093979838,11,76.0,0.6158967041969299,-1.0
0.08911877893842757,0.003256697440519929,36,1.2011883140075952,0.0005824350601949146,11,80.5,0.5317236375808716,-1.0
0.08888763746318336,0.002400224079163029,37,1.1869924038182944,0.0005631810117416299,11,80.625,0.5019877529144288,-1.0
0.08922248613089323,0.003250023565040185,38,1.202374804066494,0.0005438372523852835,11,82.0625,0.4837186074256897,-1.0
0.08882948849350214,0.003410100739879104,39,1.199417093070224,0.0005244336088007391,11,84.875,0.44548874855041504,-1.0
0.08924094766664964,0.002724999257435019,40,1.1957997230347246,0.0005050000000000001,11,86.4375,0.3919293546676636,-1.0
0.0888469662481489,0.0022953579094834053,41,1.1850848149042577,0.0004855663911992613,11,85.5625,0.39791587114334104,-1.0
0.08879266695406002,0.0019918331840577033,42,1.1804607850499451,0.00046616274761471693,11,83.875,0.4073037219047546,-1.0
0.09068262852871647,0.0025877779385504816,43,1.2127920291386545,0.00044681898825837057,11,88.5625,0.3380038857460022,-1.0
0.08902247882304856,0.0020309278848939217,44,1.1839890591800213,0.000427564939805086,11,89.1875,0.3118134105205536,-1.0
0.09124113861113213,0.00276805147027167,45,1.2229434370528907,0.00040843029060201667,11,89.9375,0.28880489349365235,-1.0
0.09008697569012068,0.003539236531091424,46,1.2173834720160812,0.000389444544891327,11,92.9375,0.22688045978546142,-1.0
0.09057922983685365,0.0030664489425432226,47,1.2176415359135717,0.0003706369773167883,11,94.875,0.17434516072273254,-1.0
0.08961129346146034,0.003127311230995334,48,1.2058381759561598,0.0003520365877844012,11,94.375,0.15997360169887542,-1.0
0.09036955536486438,0.0025688972539053513,49,1.2085038090590388,0.0003336720567466412,11,95.5,0.1479628425836563,-1.0
0.08895884577829677,0.0033229067742537996,50,1.1999257190618664,0.0003155717009792807,11,97.25,0.11639425992965698,-1.0
0.08870655792550398,0.002877735855201116,51,1.1908349781297147,0.00029776342991897335,11,97.9375,0.09410874187946319,-1.0
0.08906351307478662,0.0034361279999407437,52,1.2027320079505444,0.00028027470262892445,11,97.8125,0.08469471126794816,-1.0
0.08894269304493299,0.0031624814280523704,53,1.1976237518247217,0.0002631324854590073,11,97.6875,0.08100562781095505,-1.0
0.09009029633867052,0.0021547991961527327,54,1.1994540430605412,0.0002463632104656054,11,98.375,0.07558004945516586,-1.0
0.09044973829832788,0.0019696436894054595,55,1.2016942598856986,0.0002299927346552969,11,98.3125,0.07448080867528915,-1.0
0.0905450981361075,0.0033544714813335584,56,1.2209523308556527,0.00021404630011522587,11,99.0,0.05770812571048736,-1.0
0.0891476530724993,0.001963914228746524,57,1.1846910170279443,0.00019854849509163232,11,99.0625,0.048678613901138305,-1.0
0.08970752580521199,0.004258849496881549,58,1.2218056528363377,0.00018352321607655918,11,99.375,0.04536501184105873,-1.0
0.08975846861274196,0.002064852545467707,59,1.1939480530563742,0.00016899363096119395,11,99.625,0.030782359093427657,-1.0
0.08969741452556963,0.002638220930328736,60,1.200601208023727,0.000154982143312659,11,99.5625,0.032384591400623323,-1.0
0.08786612313885528,0.003358548704104928,61,1.1861681160517037,0.0001415103578293356,11,99.5625,0.03146312691271305,-1.0
0.08905295092755786,0.0033629358423730503,62,1.201652477029711,0.0001285990470279847,11,99.625,0.02588001161813736,-1.0
0.08580551729895748,0.0025752073225493613,63,1.149184722919017,0.0001162681192140312,11,99.75,0.02378040485084057,-1.0
0.08361774242411439,0.0034705417302365485,64,1.132394575048238,0.00010453658778440107,11,99.75,0.0204400385171175,-1.0
0.09779331320896745,0.0031401716315975557,65,1.312382485019043,9.342254191024022e-05,11,99.875,0.019604032635688783,-1.0
0.09404052863828838,0.00406111366688632,66,1.2755631629843265,8.294311864472437e-05,11,99.9375,0.01511362373828888,-1.0
0.098501325925239,0.0034646059995373855,67,1.3257932681590319,7.311447649896551e-05,11,99.6875,0.016218979060649872,-1.0
0.09834576604099801,0.0032182280332423174,68,1.3205791939981282,6.395177052675794e-05,11,99.875,0.01709836520254612,-1.0
0.0992484011579878,0.001963767151419933,69,1.316003535874188,5.546912895658472e-05,11,99.9375,0.016719586700201034,-1.0
0.09829865793625896,0.0029279902183379117,70,1.3162187638226897,4.767963140691306e-05,11,100.0,0.01741330377757549,-1.0
0.05827756530533616,0.003495353005396632,71,0.8032858651131392,4.059528871837034e-05,11,100.0,0.014517115876078606,-1.0
0.0719950609625532,0.0036340689537330316,72,0.9834174080751836,3.4227024433899e-05,11,100.0,0.013963484913110733,-1.0
0.06391885518454589,0.002192448591813445,73,0.8596909039188176,2.8584657955444653e-05,11,100.0,0.012825767621397971,-1.0
0.08793539724026161,0.0030204805258948067,74,1.1832339118700475,2.367688940315011e-05,11,99.9375,0.014801530316472054,-1.0
0.08989836669598635,0.0022781200778598967,75,1.198538304073736,1.951128620040094e-05,11,100.0,0.014187795221805572,-1.0
0.0881802706907575,0.0020694910691907774,76,1.1735456220339984,1.6094271405406862e-05,11,100.0,0.012101144790649413,-1.0
0.08896103238042158,0.0031991969937315355,77,1.1983922561630607,1.3431113807311488e-05,11,99.875,0.012958462983369827,-1.0
0.08921870394036747,0.0021230937519039097,78,1.1877164200413972,1.1525919802101659e-05,11,100.0,0.010969264954328537,-1.0
0.09081358068551008,0.0025136192293407824,79,1.2134979460388422,1.0381627060842164e-05,11,100.0,0.012803380191326142,-1.0
0.08874189508004257,0.0029967433880441464,80,1.1928442418575287,1e-05,11,99.9375,0.01365836225450039,-1.0
0.10137975054593491,0.014109904528595507,1,1.6171684600412846,0.000999618372939158,12,16.352941204519833,2.3018753607132854,-1.0
0.09788632685584682,0.002950738001215671,2,1.4120440650731325,0.0009984740801978985,12,20.11764706583584,2.1022901821136473,-1.0
0.09996004485791284,0.0033840068582711475,3,1.4471174550708383,0.0009965688861926887,12,23.470588235294116,1.9635457827063167,-1.0
0.09909563944009799,0.0019780880538746715,4,1.415322161046788,0.0009939057285945933,12,26.294117648811902,1.9230313654506908,-1.0
0.0901581935384976,0.0018152388843840786,5,1.287909045116976,0.0009904887137995992,12,28.176470595247604,1.86257869720459,-1.0
0.06225802571446236,0.002082030421921185,6,0.9009943269193172,0.00098632311059685,12,29.823529418777017,1.8124416937547572,-1.0
0.06827139029545444,0.002750236341463668,7,0.994541441090405,0.0009814153420445555,12,31.647058851578656,1.774765913065742,-1.0
0.086239796081957,0.002850160069231476,8,1.2474950179457664,0.0009757729755661012,12,31.17647059174145,1.7683897307339838,-1.0
0.08822388624373291,0.0039045903998027954,9,1.2900438508950174,0.0009694047112816298,12,32.94117649162517,1.7121275416542503,-1.0
0.08881634442202214,0.0029921384495017783,10,1.2855619550682604,0.0009623203685930871,12,35.23529410362244,1.6671939973270191,-1.0
0.0899095508669104,0.002942272910981306,11,1.3002156489528716,0.0009545308710434153,12,36.41176468484542,1.6523601571251365,-1.0
0.09065595488729221,0.002022204554772803,12,1.297779108863324,0.0009460482294732422,12,38.41176472691929,1.626083122141221,-1.0
0.08510218838429344,0.00299777346663177,13,1.2336376239545643,0.0009368855235010348,12,40.00000002103693,1.5919849718318266,-1.0
0.09041959488032651,0.003127470047080091,14,1.3098933501169086,0.0009270568813552758,12,40.29411766809576,1.5675789858313167,-1.0
0.08943820199263948,0.003135868231765926,15,1.2962794771883637,0.0009165774580897602,12,42.88235295520109,1.5203181897892672,-1.0
0.08979119398697678,0.003117841951149915,16,1.3009609438013285,0.0009054634122155992,12,43.82352939774008,1.4884349149816176,-1.0
0.09022546364992325,0.0018416735776034848,17,1.2891837358474731,0.0008937318807859689,12,42.88235295520109,1.4742400853774127,-1.0
0.0897251346946827,0.0027883064467459917,18,1.2954518720507622,0.0008814009529720156,12,47.000000056098486,1.3945778695274802,-1.0
0.08924614222321127,0.0029903611201526864,19,1.2915624738670886,0.0008684896421706646,12,47.411764712894666,1.349844531732447,-1.0
0.09102631144092552,0.0030464678503839032,20,1.3172501160297543,0.0008550178566873412,12,48.76470586131601,1.3728810829274796,-1.0
0.09048315869378191,0.0019172992324456573,21,1.293852330185473,0.0008410063690388064,12,46.764705917414496,1.391176615041845,-1.0
0.08977602947769421,0.0029072187275492717,22,1.2978037418797612,0.0008264767839234412,12,51.76470588936525,1.289735726188211,-1.0
0.09046819714629757,0.0024493135611659716,23,1.3011294051539153,0.000811451504908368,12,53.588235301129956,1.2378214566847858,-1.0
0.09130476238871259,0.0028425602608227302,24,1.318295406876132,0.0007959536998847743,12,56.0,1.1425354130127852,-1.0
0.09060052494584982,0.001985281123779714,25,1.2965178000740707,0.0007800072653447032,12,57.35294121854446,1.1332262280408074,-1.0
0.08975070006480175,0.0019981640756928493,26,1.284813741920516,0.0007636367895343947,12,56.64705882352941,1.1578757611443016,-1.0
0.09044575175669577,0.003680963401815721,27,1.3180662100203335,0.0007468675145409928,12,58.35294117647059,1.0923388761632582,-1.0
0.09061153494154237,0.0035354438503938062,28,1.318343331106007,0.0007297252973710758,12,61.29411770315731,1.0401769985872156,-1.0
0.09182196058931627,0.003734729269386402,29,1.3380761209409684,0.0007122365700810271,12,60.823529418777014,1.0108288257262286,-1.0
0.0917036521547873,0.0019642545542280588,30,1.3115813098847866,0.0006944282990207196,12,61.76470589637756,0.9968467444532058,-1.0
0.09132110967766494,0.002755790898975517,31,1.3173176690470427,0.0006763279432533592,12,65.88235299727496,0.8989984088785508,-1.0
0.09194038385924484,0.00302356671142791,32,1.329738553147763,0.0006579634122155992,12,67.17647063030915,0.8574502299813663,-1.0
0.09214345598593354,0.0020953095850667785,33,1.3195748559664935,0.000639363022683212,12,67.70588242306428,0.8583436677035163,-1.0
0.0896991089518581,0.004105937900021672,34,1.3134977070149034,0.0006205554551086735,12,71.64705879548016,0.7646749157064101,-1.0
0.09009165827384484,0.0020449632346364005,35,1.2902158959768713,0.0006015697093979838,12,73.58823528009303,0.7039347168978523,-1.0
0.09117683184532714,0.002303332938546581,36,1.3090455010533333,0.0005824350601949146,12,75.58823525204377,0.6552431103762458,-1.0
0.09036986614643995,0.0020341643498146106,37,1.2939484249800444,0.0005631810117416299,12,75.76470586832832,0.66416997348561,-1.0
0.09013448168324041,0.0018152823239298804,38,1.2875894140452147,0.0005438372523852835,12,77.99999997195076,0.6111049492218915,-1.0
0.09025584013267819,0.0019436251438621963,39,1.2910741257946938,0.0005244336088007391,12,79.11764711492202,0.570226743922514,-1.0
0.0908001292264089,0.0030666778496067438,40,1.3144273259676993,0.0005050000000000001,12,82.0,0.4924474232337054,-1.0
0.09003792734750148,0.0028185920922883917,41,1.3002914020325989,0.0004855663911992613,12,82.76470588235294,0.4764720650280223,-1.0
0.09012891930927124,0.0032283306853579624,42,1.30723782395944,0.00046616274761471693,12,84.58823525204377,0.4347130870819092,-1.0
0.09043013515682626,0.0018835302076435515,43,1.2927316271234304,0.00044681898825837057,12,84.94117649863747,0.4244157123565674,-1.0
0.09124155169618982,0.0033695188051621828,44,1.3247940761502832,0.000427564939805086,12,87.0588234873379,0.39023586385390335,-1.0
0.09130916042652513,0.0032816765597090125,45,1.3245612219907343,0.00040843029060201667,12,87.17647054616143,0.34884325728696935,-1.0
0.08976934374576169,0.0026678710377642085,46,1.2943619890138507,0.000389444544891327,12,88.58823536424076,0.3130455017791075,-1.0
0.09010850278926748,0.0034988645098305176,47,1.3107490099500865,0.0003706369773167883,12,90.9411765126621,0.27263271002208483,-1.0
0.0907883134371202,0.001999125283743654,48,1.299270530929789,0.0003520365877844012,12,90.29411768913269,0.2734116585815654,-1.0
0.09055554492598665,0.0019931697752326727,49,1.2959275338798761,0.0003336720567466412,12,92.23529415972092,0.24008060115225174,-1.0
0.09007996179363024,0.0027138379934642997,50,1.2993491610977799,0.0003155717009792807,12,92.17647056018605,0.2353661315581378,-1.0
0.0903336793417111,0.0027850474497037275,51,1.3038992120418698,0.00029776342991897335,12,91.88235298325034,0.22975780606269836,-1.0
0.09044834033453039,0.0021868152377594796,52,1.2971311758738011,0.00028027470262892445,12,92.35294121854446,0.2165062916278839,-1.0
0.09118735544117433,0.0022754674843911615,53,1.3087627370841801,0.0002631324854590073,12,95.00000007012311,0.16177864323644078,-1.0
0.09134130885026284,0.003010104377088802,54,1.3211567590478808,0.0002463632104656054,12,96.58823526606841,0.1313170657087775,-1.0
0.09013893781229854,0.0032916999022875515,55,1.3082712818868458,0.0002299927346552969,12,96.58823529411765,0.1172598465926507,-1.0
0.09007997172219413,0.0032964887795969844,56,1.3075045479927212,0.00021404630011522587,12,96.88235301129959,0.1072400109206929,-1.0
0.09041894074263317,0.00276129726054413,57,1.3047629811335355,0.00019854849509163232,12,97.64705879548016,0.09539514702909133,-1.0
0.0901077357120812,0.0019301932271836059,58,1.288763954071328,0.00018352321607655918,12,98.58823526606841,0.07387216813424054,-1.0
0.09100730931718967,0.0032280597536425504,59,1.3195317119825631,0.00016899363096119395,12,98.76470588235294,0.06495049692252103,-1.0
0.09029857558198273,0.003619503845194621,60,1.3150854911655188,0.000154982143312659,12,99.23529408959782,0.0494167827332721,-1.0
0.09071101735545588,0.0028965438583067487,61,1.3107560330536216,0.0001415103578293356,12,99.11764703077428,0.0499336239695549,-1.0
0.09044357021671853,0.0021118028588326915,62,1.2961116970982403,0.0001285990470279847,12,99.52941176470588,0.04253666455254835,-1.0
0.08996899846741664,0.0021119206711383803,63,1.2893992469180375,0.0001162681192140312,12,99.29411764705883,0.03789775212021435,-1.0
0.0754489349866552,0.0028022346585722907,64,1.0957628949545324,0.00010453658778440107,12,99.58823529411765,0.037015175433719856,-1.0
0.09745023003779352,0.00240644024285887,65,1.3982319619972259,9.342254191024022e-05,12,99.58823529411765,0.033087504313272585,-1.0
0.09788295866123267,0.0023754244071564506,66,1.4038625319954008,8.294311864472437e-05,12,99.7647058543037,0.029292823023655837,-1.0
0.09902983827383391,0.002502711722627282,67,1.421690623043105,7.311447649896551e-05,12,99.82352938371547,0.027937330244218603,-1.0
0.0991254948977647,0.0018996695954618709,68,1.4145979820750654,6.395177052675794e-05,12,99.7647058543037,0.02770568401497953,-1.0
0.09867165463843516,0.002284888726925211,69,1.4136494339909405,5.546912895658472e-05,12,99.82352941176471,0.02852399041547495,-1.0
0.09823036551409002,0.0019747578439169695,70,1.4031155619304627,4.767963140691306e-05,12,99.52941173665664,0.02966220140457153,-1.0
0.05976316550680037,0.0018427984822275384,71,0.8627151330001652,4.059528871837034e-05,12,99.52941183482899,0.03194331940482645,-1.0
0.07013167412618973,0.0022852293747876373,72,1.0140695481095463,3.4227024433899e-05,12,99.82352941176471,0.02301153743530021,-1.0
0.06317107435981077,0.002799013862386346,73,0.9238188420422375,2.8584657955444653e-05,12,99.70588235294117,0.02491921621210435,-1.0
0.0883435322736789,0.0028058240755594204,74,1.276328976964578,2.367688940315011e-05,12,99.7647058543037,0.02420827543034273,-1.0
0.09247426876598704,0.003544692083128861,75,1.3445040301885456,1.951128620040094e-05,12,99.88235294117646,0.021108426690539892,-1.0
0.08613408252131194,0.0020126175368204713,76,1.2342906659469008,1.6094271405406862e-05,12,99.94117647058823,0.02075786241275423,-1.0
0.08982237292054508,0.0028447559369461878,77,1.297611340880394,1.3431113807311488e-05,12,99.94117647058823,0.019524230667773416,-1.0
0.09015134063416294,0.0019971730819504175,78,1.2903525209985673,1.1525919802101659e-05,12,99.88235294117646,0.019996996539480547,-1.0
0.09059023294997003,0.0030656959861516953,79,1.311423054896295,1.0381627060842164e-05,12,99.7647058543037,0.023116076080238118,-1.0
0.08969723004182535,0.0021971247458298293,80,1.286756361136213,1e-05,12,99.82352941176471,0.023026988287182415,-1.0
0.10359178244446715,0.012532443351422748,1,1.7421466219238937,0.000999618372939158,13,17.555555555555557,2.273969913058811,-1.0
0.096487686658899,0.0021373198057214418,2,1.4796441399957985,0.0009984740801978985,13,20.72222222222222,2.0843255445692273,-1.0
0.09914819734791915,0.0029621086549013855,3,1.5319365218747407,0.0009965688861926887,13,24.77777777777778,2.0207009548611112,-1.0
0.08808904433002075,0.0019936101976782083,4,1.3514798991382122,0.0009939057285945933,13,21.5,2.0657885064019097,-1.0
0.06097179784749945,0.002507323150833448,5,0.9524315320886672,0.0009904887137995992,13,25.77777777777778,1.9526264105902778,-1.0
0.06463973976982136,0.0019950445586194594,6,0.9997972589917481,0.00098632311059685,13,26.61111111111111,1.8934629991319445,-1.0
0.08245428460650146,0.0023947726003825665,7,1.2729751761071384,0.0009814153420445555,13,26.166666666666668,1.916800537109375,-1.0
0.0829891940113157,0.002546141995117068,8,1.2832638209220022,0.0009757729755661012,13,29.88888888888889,1.8291122097439236,-1.0
0.08472785884514451,0.002700034280618032,9,1.3116663079708815,0.0009694047112816298,13,30.5,1.8297165934244792,-1.0
0.08695293880688647,0.002580023386205236,10,1.3432277620304376,0.0009623203685930871,13,29.72222222222222,1.7923162841796876,-1.0
0.08591159149073065,0.0017019301808128755,11,1.314454082166776,0.0009545308710434153,13,31.666666666666668,1.7658094618055555,-1.0
0.08614389570429921,0.0019395050282279651,12,1.321502277860418,0.0009460482294732422,13,31.944444444444443,1.73270263671875,-1.0
0.08941303207539023,0.0030695170474549136,13,1.3874916480854154,0.0009368855235010348,13,34.166666666666664,1.7146307373046874,-1.0
0.08780835713259875,0.0021268038700024286,14,1.3492624568752944,0.0009270568813552758,13,35.166666666666664,1.6701394992404515,-1.0
0.08843894099506239,0.0016834144790967307,15,1.3520680801011622,0.0009165774580897602,13,32.05555555555556,1.7643466186523438,-1.0
0.08770335707813501,0.0040362145286053416,16,1.3763307398185134,0.0009054634122155992,13,35.611111111111114,1.6815315246582032,-1.0
0.08812280067553123,0.003693046327680349,17,1.377477995119989,0.0008937318807859689,13,36.833333333333336,1.6268654378255207,-1.0
0.089150707796216,0.0025821598712354897,18,1.3762416078243405,0.0008814009529720156,13,41.72222222222222,1.5300628407796224,-1.0
0.08935402018638948,0.0017021498798082272,19,1.3660822298843414,0.0008684896421706646,13,37.166666666666664,1.6194505649142794,-1.0
0.08867625705897808,0.002533849546064933,20,1.3684390999842435,0.0008550178566873412,13,39.333333333333336,1.5716339789496527,-1.0
0.08913443787023426,0.0022856346641977627,21,1.3715985838789493,0.0008410063690388064,13,39.27777777777778,1.5523677232530382,-1.0
0.08880581154177586,0.0029508374631404878,22,1.3766408720985055,0.0008264767839234412,13,39.111111111111114,1.585375484890408,-1.0
0.08901245373611649,0.002500223135575652,23,1.3729911448899657,0.000811451504908368,13,41.0,1.5533041042751736,-1.0
0.08951088415148357,0.0023628585816671452,24,1.3784230358432978,0.0007959536998847743,13,40.55555555555556,1.5287078687879774,-1.0
0.08868513912893831,0.002664735804622372,25,1.370543316937983,0.0007800072653447032,13,44.22222222222222,1.4646477508544922,-1.0
0.08843017442462345,0.0018022765715916952,26,1.3537908520083874,0.0007636367895343947,13,42.111111111111114,1.4607933213975695,-1.0
0.08984172504084806,0.002537231830259164,27,1.3859235509298742,0.0007468675145409928,13,45.5,1.4013695356580946,-1.0
0.08744762619026006,0.001836556475609541,28,1.3395062140189111,0.0007297252973710758,13,47.166666666666664,1.355524427625868,-1.0
0.08841260289773345,0.0026945076417177914,29,1.3668422009795904,0.0007122365700810271,13,47.666666666666664,1.3369779713948569,-1.0
0.08775550117716194,0.0022533001533399026,30,1.3503809939138591,0.0006944282990207196,13,49.111111111111114,1.3143763817681207,-1.0
0.08957881160701314,0.0030789175226042667,31,1.390112697146833,0.0006763279432533592,13,51.166666666666664,1.2607074483235676,-1.0
0.08920513434956472,0.002982461576660474,32,1.3831008288543671,0.0006579634122155992,13,51.94444444444444,1.2557573530409072,-1.0
0.08850651726437112,0.0033751484161863724,33,1.3785306939389557,0.000639363022683212,13,48.55555555555556,1.3489593166775173,-1.0
0.08824153239838779,0.003458903869614005,34,1.375801185844466,0.0006205554551086735,13,49.55555555555556,1.3456482357449002,-1.0
0.08945208390553792,0.0038839273620396852,35,1.4003314459696412,0.0006015697093979838,13,52.0,1.2852843136257595,-1.0
0.08849698230624199,0.0030967088416218756,36,1.3741440339945257,0.0005824350601949146,13,55.72222222222222,1.1580306922064887,-1.0
0.08789268581507106,0.0017129352626701197,37,1.3443224930670112,0.0005631810117416299,13,56.666666666666664,1.1429713948567708,-1.0
0.08869876815006136,0.002772811970983942,38,1.3723420551978052,0.0005438372523852835,13,57.611111111111114,1.0965182791815864,-1.0
0.08941411954971651,0.0017537175212055446,39,1.3677576358895749,0.0005244336088007391,13,57.611111111111114,1.0861071395874022,-1.0
0.08848728265923758,0.002748845269282659,40,1.368793505942449,0.0005050000000000001,13,57.72222222222222,1.1171628740098742,-1.0
0.0884451366495341,0.0026056918781250716,41,1.3660071038175374,0.0004855663911992613,13,57.94444444444444,1.1057639651828342,-1.0
0.09009237027106186,0.003505399730056524,42,1.404221982927993,0.00046616274761471693,13,58.833333333333336,1.0950050354003906,-1.0
0.08859424513454238,0.0017599749999741713,43,1.3555486951954663,0.00044681898825837057,13,61.72222222222222,1.0221128675672744,-1.0
0.08785776528529823,0.0020026715161899724,44,1.3481414539273828,0.000427564939805086,13,61.55555555555556,0.997360708448622,-1.0
0.08822929457140466,0.0028910518313447634,45,1.3670489920768887,0.00040843029060201667,13,64.77777777777777,0.9489460966322157,-1.0
0.08860622978148361,0.0026407015509903433,46,1.3689928939566016,0.000389444544891327,13,63.111111111111114,0.9581748199462891,-1.0
0.08832397080647449,0.0021380940607438484,47,1.357223090948537,0.0003706369773167883,13,66.27777777777777,0.8697233157687717,-1.0
0.08976581989166638,0.002810624505703648,48,1.3889418479520828,0.0003520365877844012,13,64.5,0.9272860590616862,-1.0
0.0896475998684764,0.0025128371392687163,49,1.3826433301437646,0.0003336720567466412,13,65.83333333333333,0.8561614015367296,-1.0
0.0893840790571024,0.0017889644795407852,50,1.3678318981546909,0.0003155717009792807,13,70.0,0.8039420572916667,-1.0
0.08812845012483497,0.0018121152029683192,51,1.349342789966613,0.00029776342991897335,13,72.55555555555556,0.7410785886976454,-1.0
0.08935116534121335,0.001965089188888669,52,1.3700315889436752,0.00028027470262892445,13,74.94444444444444,0.6783369403415256,-1.0
0.08814033876794079,0.0037872894977529843,53,1.3792070329654962,0.0002631324854590073,13,73.38888888888889,0.6995223617553711,-1.0
0.08460216927342117,0.0028618739917874335,54,1.3122116338927299,0.0002463632104656054,13,73.77777777777777,0.7055599721272786,-1.0
0.08636950706131756,0.002912365598604083,55,1.339964163955301,0.0002299927346552969,13,71.55555555555556,0.7686142179701063,-1.0
0.08773343143984676,0.0030727879609912636,56,1.3623847679700702,0.00021404630011522587,13,75.61111111111111,0.6692887602912055,-1.0
0.0882670577460279,0.0025692646546910205,57,1.3628293219953775,0.00019854849509163232,13,76.66666666666667,0.6437047788831922,-1.0
0.08661336152193447,0.0018997150783737502,58,1.3280972309876233,0.00018352321607655918,13,78.77777777777777,0.5860293155246311,-1.0
0.08818859062157572,0.0020419209108998378,59,1.3537483690306544,0.00016899363096119395,13,79.77777777777777,0.532569760216607,-1.0
0.08563148472458124,0.0026249746171136696,60,1.3240883031394333,0.000154982143312659,13,81.83333333333333,0.5138020049201117,-1.0
0.08625413744399944,0.00229651415720582,61,1.3286106400191784,0.0001415103578293356,13,81.77777777777777,0.5188384564717611,-1.0
0.08702116470473507,0.0027419052241990966,62,1.346712478902191,0.0001285990470279847,13,82.33333333333333,0.4867047034369575,-1.0
0.08712484611508747,0.0024007916760941344,63,1.3431202098727226,0.0001162681192140312,13,83.0,0.4756599511040582,-1.0
0.08779521042791506,0.0022796278974662226,64,1.3513629350345582,0.00010453658778440107,13,84.0,0.46183830897013345,-1.0
0.08498949439575275,0.001714721725632747,65,1.3007950398605317,9.342254191024022e-05,13,83.5,0.45305610444810657,-1.0
0.08921672659926116,0.0023844191959748666,66,1.3742545929271728,8.294311864472437e-05,13,85.11111111111111,0.42206728299458823,-1.0
0.09735875250771642,0.002049445624773701,67,1.4913647049106658,7.311447649896551e-05,13,86.11111111111111,0.4033666610717773,-1.0
0.09734360747970641,0.0019774818637718758,68,1.4900505309924483,6.395177052675794e-05,13,85.94444444444444,0.3984314261542426,-1.0
0.09754502928505342,0.0018028585085024436,69,1.4904589189682156,5.546912895658472e-05,13,87.33333333333333,0.36937007692125107,-1.0
0.09886380579943459,0.0018315335425237815,70,1.5106718328315765,4.767963140691306e-05,13,87.55555555555556,0.36971336788601344,-1.0
0.09902224480174482,0.0019781695989271003,71,1.5152474879287183,4.059528871837034e-05,13,88.94444444444444,0.34594561047024197,-1.0
0.05762071434097985,0.0017786715179681778,72,0.8912232669536024,3.4227024433899e-05,13,89.94444444444444,0.323635434044732,-1.0
0.06859760480001569,0.0019849929958581924,73,1.0589691021014005,2.8584657955444653e-05,13,89.94444444444444,0.33437300152248806,-1.0
0.06840356920535366,0.0019372211924443643,74,1.055345285916701,2.367688940315011e-05,13,90.66666666666667,0.3132497066921658,-1.0
0.0818649800028652,0.001886507465193669,75,1.2565025470685214,1.951128620040094e-05,13,90.94444444444444,0.31248071246676973,-1.0
0.08834887255604068,0.0030259957847495874,76,1.3708705459721386,1.6094271405406862e-05,13,91.38888888888889,0.30919270409478083,-1.0
0.09026386624512574,0.002684268169105053,77,1.3944616250228137,1.3431113807311488e-05,13,91.0,0.30560051812065975,-1.0
0.0913746076170355,0.0028289488516747953,78,1.4132971030194312,1.1525919802101659e-05,13,91.0,0.28826085090637205,-1.0
0.09141060658730567,0.002275228081271052,79,1.4056078800931573,1.0381627060842164e-05,13,90.72222222222223,0.30121580123901365,-1.0
0.08930369801819324,0.0018299417104572057,80,1.3672746310476214,1e-05,13,91.0,0.28959471702575684,-1.0
0.1045361936558038,0.012265136279165745,1,1.7523062091786414,0.000999618372939158,14,16.52631583025581,2.3105977113623366,-1.0
0.1015473952361693,0.002218051037440697,2,1.5567761650308967,0.0009984740801978985,14,22.05263158522154,2.060781633477462,-1.0
0.10309085870782535,0.0028239665708194176,3,1.589034377131611,0.0009965688861926887,14,22.947368471246016,2.003758477662739,-1.0
0.09760357937775552,0.0019528869539499282,4,1.493657249957323,0.0009939057285945933,14,27.421052568837215,1.9299399275528757,-1.0
0.06195684741251171,0.002072145463898778,5,0.9606829651165754,0.0009904887137995992,14,27.99999993725827,1.8700022456520482,-1.0
0.07222105294155577,0.0036662046487132708,6,1.1385539318434894,0.00098632311059685,14,30.947368464971845,1.7763393698240582,-1.0
0.08594972666663428,0.0031088804050038257,7,1.3361723870038986,0.0009814153420445555,14,31.789473677936353,1.7519245348478618,-1.0
0.09021415418634812,0.001983670222883423,8,1.3832984920591116,0.0009757729755661012,14,33.57894745625948,1.7405589532852173,-1.0
0.09223381529251734,0.0018263898479441802,9,1.4112055110745132,0.0009694047112816298,14,32.315789561522635,1.734757063765275,-1.0
0.09200457544066012,0.0026810751607020695,10,1.4206225259695202,0.0009623203685930871,14,35.73684209898899,1.6700550460815429,-1.0
0.09318587862265607,0.002843069176500042,11,1.4407503318507224,0.0009545308710434153,14,37.21052634088617,1.6147323753959255,-1.0
0.09258865155279636,0.0018535870437820753,12,1.416959217051044,0.0009460482294732422,14,39.631578972465114,1.5706879440106845,-1.0
0.09337078526926537,0.0017454195922861496,13,1.427032858133316,0.0009368855235010348,14,40.105263239458985,1.5497121682919954,-1.0
0.0937511939710627,0.00287860669195652,14,1.4496931990142912,0.0009270568813552758,14,41.89473681700857,1.5389830554159063,-1.0
0.09377873530611396,0.0021503579026709,15,1.4391800127923489,0.0009165774580897602,14,43.21052632206365,1.467396065310428,-1.0
0.09236746293803057,0.003168042531857888,16,1.433352513005957,0.0009054634122155992,14,44.57894735587271,1.4483086324992933,-1.0
0.09333235519006848,0.0017787531483918428,17,1.4269190831109881,0.0008937318807859689,14,45.6842105012191,1.4041825397391068,-1.0
0.09301789432453612,0.0029535644066830476,18,1.4398279848974198,0.0008814009529720156,14,47.000000062741734,1.381046542619404,-1.0
0.09342209429790577,0.0028029109661777815,19,1.4436508619692177,0.0008684896421706646,14,47.52631582084455,1.3537965182254188,-1.0
0.09266868374931315,0.002234492109467586,20,1.4237939179874957,0.0008550178566873412,14,51.0,1.2544444696526778,-1.0
0.09329139896047613,0.0026963420988370974,21,1.4401060009840876,0.0008410063690388064,14,50.94736829556917,1.2667836164173327,-1.0
0.0923908507451415,0.0022362353745847942,22,1.4196748649701476,0.0008264767839234412,14,53.26315792610771,1.206302173765082,-1.0
0.09330735501522819,0.0019623403747876483,23,1.4292954260017723,0.000811451504908368,14,55.3684210024382,1.1739097828614085,-1.0
0.09264440238475799,0.0019341051423301299,24,1.418998735025525,0.0007959536998847743,14,55.052631516205636,1.1469549706107691,-1.0
0.09355614921078086,0.0026876475972433885,25,1.4439157200977206,0.0007800072653447032,14,59.10526304495962,1.0862396029422157,-1.0
0.09234495968557895,0.002905970315138499,26,1.42900953697972,0.0007636367895343947,14,59.84210536354467,1.0316305496818141,-1.0
0.0929152771520118,0.002940415311604738,27,1.4380918210372329,0.0007468675145409928,14,61.94736830811752,1.0087935231861316,-1.0
0.0937345431962361,0.0021236868730435767,28,1.4381188380066305,0.0007297252973710758,14,64.10526310770135,0.941019593038057,-1.0
0.09264957963799438,0.003137360032026966,29,1.4370621310081333,0.0007122365700810271,14,66.73684206761811,0.880650702275728,-1.0
0.09283711747266352,0.0018627167213708163,30,1.4207479779142886,0.0006944282990207196,14,68.57894741861443,0.8559465112184224,-1.0
0.09303027989032368,0.0018453529104590417,31,1.423376196064055,0.0006763279432533592,14,68.42105273196572,0.8108436721249631,-1.0
0.09236919350611666,0.0017095657531172037,32,1.4114314340986311,0.0006579634122155992,14,71.00000012548347,0.7544100494133799,-1.0
0.09264967528482278,0.0028125966433435678,33,1.432180518982932,0.000639363022683212,14,71.52631571418361,0.7247489797441583,-1.0
0.09345077462494374,0.0026449615756670634,34,1.4417151811067015,0.0006205554551086735,14,74.52631597769887,0.6662570589467098,-1.0
0.09331933863771459,0.002704341957966487,35,1.440750421024859,0.0006015697093979838,14,77.63157914814197,0.6175078986820421,-1.0
0.09255623182592293,0.003010982181876898,36,1.433756513055414,0.0005824350601949146,14,78.78947357127541,0.5710183867655302,-1.0
0.09356612691966196,0.0019260577547053495,37,1.4326793239451945,0.0005631810117416299,14,80.31578962426437,0.5297852395710192,-1.0
0.09386157440021634,0.0026870820050438247,38,1.4485169160179794,0.0005438372523852835,14,83.31578961171601,0.4736298669011969,-1.0
0.09315753532573581,0.0031541541994859774,39,1.4449128590058535,0.0005244336088007391,14,81.36842112792165,0.47321058348605505,-1.0
0.09311878619094689,0.003272786208738883,40,1.446126784896478,0.0005050000000000001,14,84.10526324573316,0.4343245290455065,-1.0
0.0929893500637263,0.0016889368028690417,41,1.4204159250948578,0.0004855663911992613,14,85.00000015058015,0.40225250382172434,-1.0
0.09356102026067674,0.002973934666564067,42,1.448270953958854,0.00046616274761471693,14,87.00000008783843,0.3690202216098183,-1.0
0.0936321473835657,0.002905489426727096,43,1.4483209161553532,0.00044681898825837057,14,88.89473681700856,0.32318928304471467,-1.0
0.09247463295857111,0.0029620075753579536,44,1.4318029079586267,0.000427564939805086,14,89.31578964936107,0.29150538670389275,-1.0
0.09347663926891983,0.002178345061838627,45,1.435065024998039,0.00040843029060201667,14,91.57894748135617,0.261558011864361,-1.0
0.0921563422617813,0.0030305707982430856,46,1.428050845861435,0.000389444544891327,14,93.57894755664624,0.20201922231598904,-1.0
0.09260382883561154,0.001979800903548797,47,1.4189968791324645,0.0003706369773167883,14,94.26315808296204,0.17508058146426553,-1.0
0.0927552375321587,0.002531301882117987,48,1.4295431580394506,0.0003520365877844012,14,94.6842106392509,0.16124886895480908,-1.0
0.09218793492764235,0.0025336765373746555,49,1.4210879770107567,0.0003336720567466412,14,95.89473682955692,0.14029047181731777,-1.0
0.09189416438651582,0.0023316856008023024,50,1.4136251860763878,0.0003155717009792807,14,96.21052624049939,0.11495100317816985,-1.0
0.09345820707579454,0.0018485739982376495,51,1.4298834681976587,0.00029776342991897335,14,96.05263170443084,0.12601866311148593,-1.0
0.09356928528286516,0.002363336505368352,52,1.4392595021054149,0.00028027470262892445,14,97.31578939839413,0.0945159335512864,-1.0
0.0929811902033786,0.0018342017972220977,53,1.4225507790688425,0.0002631324854590073,14,98.00000020077354,0.0826652782528024,-1.0
0.09268874948223432,0.001957506717493137,54,1.4199865020345896,0.0002463632104656054,14,98.3684209773415,0.06648907851231725,-1.0
0.09443922090965012,0.0020168837625533344,55,1.4471358109731227,0.0002299927346552969,14,98.42105275706241,0.06274434353175916,-1.0
0.09279240996887286,0.0026790917074928683,56,1.4323805070016533,0.00021404630011522587,14,98.36842124085678,0.06430430274260672,-1.0
0.09214583731566867,0.0019672776106745005,57,1.4119720160961151,0.00019854849509163232,14,98.78947368421052,0.05374547917591898,-1.0
0.09397069254579643,0.0018559511285275222,58,1.4376517529599369,0.00018352321607655918,14,99.57894743116279,0.034275119955602444,-1.0
0.09285769906515877,0.0019137431246538958,59,1.4218132849782705,0.00016899363096119395,14,99.42105283235249,0.03303002423361728,-1.0
0.09233991455597182,0.0018681361805647611,60,1.4133696728385985,0.000154982143312659,14,99.52631599024723,0.03118581415006989,-1.0
0.09292667225624124,0.0020545534168680507,61,1.4255641931667924,0.0001415103578293356,14,99.6842105263158,0.026073035605643925,-1.0
0.09213409088551998,0.0025968586405118307,62,1.421209101099521,0.0001285990470279847,14,99.73684210526316,0.024149407728722223,-1.0
0.09305807019894322,0.001978723673770825,63,1.4258529089856893,0.0001162681192140312,14,99.89473684210526,0.02135791001351256,-1.0
0.09292035135440528,0.0022153205859164397,64,1.427281138021499,0.00010453658778440107,14,99.894736904847,0.01820623665263778,-1.0
0.09274144279770553,0.00201220087086161,65,1.4215519649442285,9.342254191024022e-05,14,99.57894736842105,0.020399870031366223,-1.0
0.08187482613138855,0.0023589338641613724,66,1.2637892740312964,8.294311864472437e-05,14,100.0,0.014064918391798673,-1.0
0.10149622377939523,0.0017720453596363464,67,1.5493051388766617,7.311447649896551e-05,14,100.0,0.014822789307095503,-1.0
0.09938453227902452,0.002720718396206697,68,1.5318304379470646,6.395177052675794e-05,14,100.0,0.015064000767704687,-1.0
0.1018619230017066,0.0028583064675331117,69,1.571059055160731,5.546912895658472e-05,14,99.84210526315789,0.015611348387442136,-1.0
0.10188415911979973,0.0025405964814126493,70,1.5666316240094602,4.767963140691306e-05,14,99.94736842105263,0.013938310344360376,-1.0
0.10155542503731946,0.0025237756160398322,71,1.5614409588743001,4.059528871837034e-05,14,99.94736842105263,0.013538746837722628,-1.0
0.06530321167471508,0.0026490259915590286,72,1.0195434850174934,3.4227024433899e-05,14,100.0,0.01257524849944993,-1.0
0.0720024710210661,0.0023981619781504077,73,1.1162874919828027,2.8584657955444653e-05,14,99.94736842105263,0.01241047315103443,-1.0
0.07503503860595326,0.0019632186740636826,74,1.155211484991014,2.367688940315011e-05,14,100.0,0.011260754203325824,-1.0
0.08932564297380546,0.0034476999503870805,75,1.3918454519007355,1.951128620040094e-05,14,99.89473684210526,0.013559371291806824,-1.0
0.09248189356488486,0.0020570108356575173,76,1.418376384070143,1.6094271405406862e-05,14,99.84210546393143,0.014180173885665441,-1.0
0.09268697326382001,0.0027565598022192715,77,1.4319099909625947,1.3431113807311488e-05,14,99.94736862182617,0.01219413183237377,-1.0
0.09389172977147003,0.0021700486385573944,78,1.4411813279148191,1.1525919802101659e-05,14,100.0,0.012655042711841433,-1.0
0.09184890220252176,0.002361521062751611,79,1.4134456939063966,1.0381627060842164e-05,14,100.0,0.011647442698870835,-1.0
0.09333589002490043,0.002322288245583574,80,1.4352337948512286,1e-05,14,100.0,0.010782161615788937,-1.0
0.10336109578202013,0.013146868644980714,1,1.8644746020436287,0.000999618372939158,15,17.550000023841857,2.288378719329834,-1.0
0.10088133909448516,0.0027003833965864033,2,1.6576508751604706,0.0009984740801978985,15,22.75,2.014060791969299,-1.0
0.10026984414434992,0.0017327858658973128,3,1.6323795658536255,0.0009965688861926887,15,24.850000023841858,1.9524310932159423,-1.0
0.07951855218561832,0.001813197450246662,4,1.3016205430030823,0.0009939057285945933,15,26.800000071525574,1.9215498361587524,-1.0
0.07054273263202049,0.0017046956199919805,5,1.1562558570876718,0.0009904887137995992,15,28.650000047683715,1.8535953359603883,-1.0
0.06181884460966103,0.0016933655861066654,6,1.0164730499964207,0.00098632311059685,15,30.400000047683715,1.784558045387268,-1.0
0.0912332000589231,0.0024433390062768012,7,1.499095612205565,0.0009814153420445555,15,33.00000007152558,1.7457570781707763,-1.0
0.0936811676074285,0.0019201280229026452,8,1.5298989778384566,0.0009757729755661012,15,35.15,1.6821169261932374,-1.0
0.09272563805279788,0.0017247682553716004,9,1.5114508587867022,0.0009694047112816298,15,36.600000047683714,1.6900415029525757,-1.0
0.09286144342331681,0.003791206137975678,10,1.5466804089955986,0.0009623203685930871,15,34.600000047683714,1.6768379201889039,-1.0
0.09331136831315234,0.001799810750526376,11,1.522024572826922,0.0009545308710434153,15,37.25000002384186,1.6343446655273437,-1.0
0.09332524465571623,0.002654216586961411,12,1.5359106280375272,0.0009460482294732422,15,39.4,1.571180757522583,-1.0
0.09308944003714714,0.0015956799616105855,13,1.5152013881597668,0.0009368855235010348,15,40.900000071525575,1.516763412475586,-1.0
0.09153716253058519,0.0033192665869137272,14,1.5179410930722952,0.0009270568813552758,15,41.599999976158145,1.5339545373916625,-1.0
0.09254907551803626,0.0022799629950895905,15,1.5175038350280374,0.0009165774580897602,15,43.200000047683716,1.477947205543518,-1.0
0.0926094996248139,0.001810330868465826,16,1.5109644380863756,0.0009054634122155992,15,45.60000002384186,1.42985205078125,-1.0
0.09190021573158447,0.002199059585109353,17,1.5058286760468036,0.0008937318807859689,15,45.70000007152557,1.4070572681427003,-1.0
0.09231331579212565,0.0024037787079578266,18,1.5157159850932658,0.0008814009529720156,15,48.15,1.357501937866211,-1.0
0.09180143657431472,0.0016831218672450632,19,1.49600375094451,0.0008684896421706646,15,49.200000047683716,1.3214084339141845,-1.0
0.09143297068658285,0.0025181551318382844,20,1.503459193976596,0.0008550178566873412,15,50.849999976158145,1.2865203800201417,-1.0
0.09185712892212905,0.002889297131332569,21,1.5161784500814974,0.0008410063690388064,15,54.1,1.224755687713623,-1.0
0.09114882575522643,0.0024061540025286376,22,1.4971282079350203,0.0008264767839234412,15,53.55000004768372,1.207592477798462,-1.0
0.09189387563674245,0.0021525105403270572,23,1.5049838011618704,0.000811451504908368,15,58.00000004768371,1.1600708332061767,-1.0
0.09210063541831914,0.002859205022105016,24,1.5196056389249861,0.0007959536998847743,15,57.250000143051146,1.1145328826904297,-1.0
0.0908652050566161,0.002655643635080196,25,1.49657684401609,0.0007800072653447032,15,61.95000009536743,1.026526888847351,-1.0
0.09231658111093566,0.0017820873181335628,26,1.5058187749236822,0.0007636367895343947,15,62.549999952316284,0.9828108940124511,-1.0
0.09266608174948487,0.0026186895556747913,27,1.5248389050830156,0.0007468675145409928,15,64.35000004768372,0.9449226980209351,-1.0
0.09258445315936115,0.002841653025825508,28,1.5271748551167548,0.0007297252973710758,15,63.649999952316286,0.9328678398132324,-1.0
0.09262838256836403,0.0017224464972969145,29,1.5099877261091024,0.0007122365700810271,15,66.00000014305115,0.9199907684326172,-1.0
0.09220669318165164,0.002121989309671335,30,1.5095024260226637,0.0006944282990207196,15,69.65000004768372,0.8275255708694458,-1.0
0.0928566882503219,0.0018686118128243834,31,1.5158498480450362,0.0006763279432533592,15,69.35,0.8108910861015319,-1.0
0.09153746462834533,0.002442060998873785,32,1.5039168058428913,0.0006579634122155992,15,71.7,0.7484745898246765,-1.0
0.09100332579691894,0.0031410718365805224,33,1.5065619789529592,0.000639363022683212,15,73.25000014305115,0.7128506045341492,-1.0
0.09182565755327232,0.0017871768213808537,34,1.4980481730308384,0.0006205554551086735,15,75.19999995231629,0.661782862663269,-1.0
0.09238983775139786,0.0016963040689006448,35,1.5056759850122035,0.0006015697093979838,15,77.65000004768372,0.6062327151298523,-1.0
0.09205539626418613,0.002827839052770287,36,1.518423573113978,0.0005824350601949146,15,80.39999995231628,0.5315817327499389,-1.0
0.0924332504364429,0.002123853948432952,37,1.5131928180344403,0.0005631810117416299,15,79.69999995231629,0.5548846344947815,-1.0
0.09242770026321523,0.0023836012987885624,38,1.5173340439796448,0.0005438372523852835,15,81.80000004768371,0.5004657895565033,-1.0
0.09088618033274543,0.002662132101249881,39,1.497028691926971,0.0005244336088007391,15,83.50000009536743,0.4551243371963501,-1.0
0.09277490142267197,0.0021378574456321076,40,1.5188878381159157,0.0005050000000000001,15,85.15000009536743,0.42062062883377077,-1.0
0.09197369497269392,0.0027614950813585892,41,1.5161061640828848,0.0004855663911992613,15,86.65000014305114,0.38607292604446414,-1.0
0.09146069652342703,0.002827791788149625,42,1.5088608108926564,0.00046616274761471693,15,88.30000014305115,0.3511224269866943,-1.0
0.09215329999278765,0.0033037743851309642,43,1.5275554929394275,0.00044681898825837057,15,89.25000004768371,0.3134108603000641,-1.0
0.09248073591152206,0.0018596185982460156,44,1.5096942249219865,0.000427564939805086,15,91.10000004768372,0.25813138151168824,-1.0
0.09168683779716957,0.0020833449525525793,45,1.5005626529455185,0.00040843029060201667,15,92.30000009536744,0.24152017188072206,-1.0
0.09055838537460659,0.003085671880398877,46,1.498557863989845,0.000389444544891327,15,91.9,0.2274405300617218,-1.0
0.08999506557302084,0.002526777985622175,47,1.4805998320225626,0.0003706369773167883,15,92.65000004768372,0.21192638301849365,-1.0
0.09267096336407121,0.002856612700270489,48,1.5286857939790934,0.0003520365877844012,15,94.75000014305115,0.15628588807582855,-1.0
0.09228572182473727,0.0024670601123943925,49,1.5162973599508405,0.0003336720567466412,15,95.95000009536743,0.13907438039779663,-1.0
0.09279988166235853,0.0015801249537616968,50,1.5103288190439343,0.0003155717009792807,15,95.1,0.1591663990020752,-1.0
0.09385651123011485,0.0015850002673687413,51,1.52729588188231,0.00029776342991897335,15,97.45000014305114,0.1064274080991745,-1.0
0.09244254948862363,0.0017047423898475245,52,1.5065895891748369,0.00028027470262892445,15,97.50000004768371,0.08627931874990463,-1.0
0.09089161572046578,0.0029701110324822366,53,1.502053065923974,0.0002631324854590073,15,98.4,0.08027435952425004,-1.0
0.09170009348599706,0.002674770454177633,54,1.5102434509899467,0.0002463632104656054,15,98.0,0.0761676842570305,-1.0
0.09215841618424747,0.0016508046828676015,55,1.5011829871218652,0.0002299927346552969,15,99.00000004768371,0.05122104850411415,-1.0
0.09215014097571839,0.004007253461168148,56,1.5387727818451822,0.00021404630011522587,15,98.9,0.05074879652261734,-1.0
0.09149276118841954,0.0031955685117281973,57,1.515269047114998,0.00019854849509163232,15,98.95,0.04733522614836693,-1.0
0.09177782965707593,0.0028132502193329856,58,1.513729956932366,0.00018352321607655918,15,99.35000004768372,0.03676015913486481,-1.0
0.09206631242705043,0.0019029439572477713,59,1.5038657072000206,0.00016899363096119395,15,99.7,0.028957730829715728,-1.0
0.09237033256795257,0.0016672573110554367,60,1.5048951681237668,0.000154982143312659,15,99.45000009536743,0.029577657222747803,-1.0
0.091748506820295,0.0028439084271667525,61,1.5137394638732076,0.0001415103578293356,15,99.35000004768372,0.028718706771731377,-1.0
0.09156674706900958,0.002785282616969198,62,1.5098816978279501,0.0001285990470279847,15,99.65,0.02292803043872118,-1.0
0.09171653517114464,0.0027310200093779713,63,1.5114399909507483,0.0001162681192140312,15,99.65,0.024219047218561173,-1.0
0.09248840931104496,0.00235265311494004,64,1.517860973952338,0.00010453658778440107,15,99.90000004768372,0.01831533071398735,-1.0
0.0921165751060471,0.0018459483253536746,65,1.5036989219952375,9.342254191024022e-05,15,99.75,0.01787251703441143,-1.0
0.07913716437178664,0.0017901441169669852,66,1.2950795111246407,8.294311864472437e-05,15,100.0,0.014263295888900757,-1.0
0.10106253632693551,0.001781724058673717,67,1.6457416850607842,7.311447649896551e-05,15,99.85,0.015266585052013398,-1.0
0.09896030281379353,0.0032774225546745583,68,1.636053058784455,6.395177052675794e-05,15,99.95,0.013671259865164757,-1.0
0.10104105429491028,0.0016567079437663779,69,1.6434438349679112,5.546912895658472e-05,15,99.95,0.012984042808413506,-1.0
0.10032694689289201,0.0017231724777957425,70,1.6330584338866174,4.767963140691306e-05,15,99.8,0.014901267245411872,-1.0
0.10101876425324008,0.0017006375564960763,71,1.6437530231196433,4.059528871837034e-05,15,100.0,0.013288930475711823,-1.0
0.062330759727046825,0.0031400087755173445,72,1.047769061056897,3.4227024433899e-05,15,100.0,0.013090817123651505,-1.0
0.07138744948315434,0.0023208422062452883,73,1.1795597379095852,2.8584657955444653e-05,15,100.0,0.0110034898519516,-1.0
0.07531285753066186,0.0016854640416568145,74,1.232207507127896,2.367688940315011e-05,15,99.85,0.013325805619359017,-1.0
0.08956070709973574,0.002512986582587473,75,1.4734280409757048,1.951128620040094e-05,15,100.0,0.011653450146317482,-1.0
0.09182983165374026,0.0017056499782484025,76,1.4968152169603854,1.6094271405406862e-05,15,99.9,0.01148740541189909,-1.0
0.09163018422259483,0.0021723757818108425,77,1.5011083011049777,1.3431113807311488e-05,15,99.95,0.010322374761104584,-1.0
0.09137068878044374,0.0016816082206787542,78,1.4890771629288793,1.1525919802101659e-05,15,100.0,0.011361106164753438,-1.0
0.09252901992294937,0.0027744389517465606,79,1.5250847458373755,1.0381627060842164e-05,15,99.85,0.012410747602581977,-1.0
0.09340348625846673,0.002729187981458381,80,1.5383594131562859,1e-05,15,99.85,0.012004655256867409,-1.0
0.10306809196139083,0.010630541919347118,1,1.9331830139271915,0.000999618372939158,16,18.28571429706755,2.281815794081915,-1.0
0.0993796377990614,0.0015649457242997253,2,1.7163334120996296,0.0009984740801978985,16,21.61904761904762,2.0591070238749185,-1.0
0.09972979921354529,0.0032900237231789265,3,1.7515978710725904,0.0009965688861926887,16,24.14285717691694,1.9873479341325306,-1.0
0.07296624412650571,0.0024720379973159116,4,1.282700239913538,0.0009939057285945933,16,26.666666706403095,1.915473283586048,-1.0
0.06848774665473577,0.0023591587566496697,5,1.204624742968008,0.0009904887137995992,16,27.190476196152822,1.905026680855524,-1.0
0.06604030684513204,0.002577139448155375,6,1.166732010198757,0.00098632311059685,16,30.238095266478403,1.803080647559393,-1.0
0.09983471611185986,0.0023809272302862477,7,1.7379976040683687,0.0009814153420445555,16,31.904761961528234,1.771331785746983,-1.0
0.09168732652495451,0.0020643945317715406,8,1.5940721270162612,0.0009757729755661012,16,33.571428633871534,1.7312001850491479,-1.0
0.09104600552852977,0.002514820997877156,9,1.5909878318198025,0.0009694047112816298,16,35.90476196720486,1.6684524681454613,-1.0
0.09119753431364455,0.0021567548049942534,10,1.587374011054635,0.0009623203685930871,16,36.57142862251827,1.6483123772484916,-1.0
0.09122618319302359,0.0018308485091170844,11,1.5822074150200933,0.0009545308710434153,16,38.52380954083942,1.5975018533070882,-1.0
0.09284223602427279,0.0017564976177013973,12,1.6084185419604182,0.0009460482294732422,16,38.52380958057585,1.6151783677509852,-1.0
0.09203817128368161,0.0016969111337162117,13,1.5937332669273019,0.0009368855235010348,16,38.52380951813289,1.594706305322193,-1.0
0.09179547182558213,0.0016705224098747268,14,1.589156243018806,0.0009270568813552758,16,40.52380957489922,1.5517457941600254,-1.0
0.09224736787762274,0.002373306532664334,15,1.6087794059421867,0.0009165774580897602,16,42.9047619558516,1.5125745782398041,-1.0
0.0909703082870692,0.0025604108814150095,16,1.5902516790665686,0.0009054634122155992,16,45.666666666666664,1.4379832388105847,-1.0
0.09100750598179944,0.002663537490126841,17,1.5926522859372199,0.0008937318807859689,16,45.809523820877075,1.4246681862785702,-1.0
0.09153271566473824,0.0016986144542255823,18,1.5851641499903053,0.0008814009529720156,16,44.95238098644075,1.404307367234003,-1.0
0.09270894686307977,0.002750828191090156,19,1.6230635668616742,0.0008684896421706646,16,46.28571427436102,1.3789689627147856,-1.0
0.09090554766247377,0.002431762226692894,20,1.5869676279835403,0.0008550178566873412,16,48.714285759698775,1.3326466667084467,-1.0
0.09169853686848108,0.001778844607007854,21,1.5893511481117457,0.0008410063690388064,16,51.80952388899667,1.249436799458095,-1.0
0.09187740950352129,0.002264341147726073,22,1.6006388349924237,0.0008264767839234412,16,53.047619149798436,1.2296087060655867,-1.0
0.09115495944998282,0.0016921110286870424,23,1.5786626520566642,0.000811451504908368,16,52.80952384926024,1.1939107629231045,-1.0
0.09254445594406742,0.0033858242198167477,24,1.6310644871555269,0.0007959536998847743,16,56.57142860548837,1.1574907634371803,-1.0
0.09126324547619066,0.001833360518931466,25,1.5829051360487938,0.0007800072653447032,16,59.047619081678846,1.110453934215364,-1.0
0.0914066556348082,0.0020560908460003488,26,1.589104515966028,0.0007636367895343947,16,59.00000009082613,1.0597686295282274,-1.0
0.09105590784319621,0.0027420008692013867,27,1.594819719903171,0.0007468675145409928,16,61.666666723432996,1.0253723625909714,-1.0
0.0921144108972786,0.0017618798678193021,28,1.596129572018981,0.0007297252973710758,16,65.14285726774307,0.9472249437513806,-1.0
0.09196278819923892,0.0018860217430354917,29,1.5957251319196075,0.0007122365700810271,16,63.761904830024356,0.958516001701355,-1.0
0.09130957773338784,0.002441464978105882,30,1.5940618570894003,0.0006944282990207196,16,66.85714289120266,0.9016424100739615,-1.0
0.0914849251481321,0.002736949608387316,31,1.6020696579944342,0.0006763279432533592,16,68.95238107726688,0.8344228293782189,-1.0
0.09147014738717939,0.0022180573193027694,32,1.5929884628858417,0.0006579634122155992,16,68.76190480731782,0.8511222154753548,-1.0
0.09170823903096949,0.0023016966057612617,33,1.5984225859865546,0.000639363022683212,16,70.52380962598892,0.7729376611255464,-1.0
0.09126662639627124,0.0020357497200808104,34,1.5863898280076683,0.0006205554551086735,16,73.71428580511184,0.6835147563616435,-1.0
0.09131339805967667,0.0015574999372748768,35,1.5790417711250484,0.0006015697093979838,16,76.28571438789368,0.6577053540093558,-1.0
0.09102461448706248,0.0015844644512981176,36,1.5745868110097945,0.0005824350601949146,16,78.09523815200443,0.5946073373158772,-1.0
0.09040662616162616,0.0017002958475666888,37,1.5660622399300337,0.0005631810117416299,16,80.19047629265557,0.5523695052237738,-1.0
0.09058041013229419,0.0021821881014415447,38,1.5772041799500585,0.0005438372523852835,16,80.66666666666667,0.5174391723814464,-1.0
0.09119627727469538,0.002031179966733736,39,1.5851090068463236,0.0005244336088007391,16,84.0952381292979,0.44394514958063763,-1.0
0.09123581412303097,0.0018492518814609332,40,1.5826819650828838,0.0005050000000000001,16,84.09523822012402,0.4403737211227417,-1.0
0.09160416838986908,0.0017252413775114453,41,1.5868403469212353,0.0004855663911992613,16,86.42857148533776,0.3819633195513771,-1.0
0.09058449522811263,0.002588395659318742,42,1.5841779028996825,0.00046616274761471693,16,86.6190477552868,0.38135065862110684,-1.0
0.0911627736298696,0.0024680306121487826,43,1.591968067921698,0.00044681898825837057,16,88.95238102050055,0.32190261647814794,-1.0
0.09150708361309678,0.002944841268746292,44,1.6059275399893522,0.000427564939805086,16,88.42857151939755,0.31772900609743027,-1.0
0.0908316587070551,0.0018272896516410744,45,1.5754660880193114,0.00040843029060201667,16,89.00000006811959,0.29607378562291464,-1.0
0.09165512056856909,0.0024541350738967165,46,1.6001586781349033,0.000389444544891327,16,90.57142870766776,0.2602615317276546,-1.0
0.09123609875164487,0.0026204733123235844,47,1.5958123309537768,0.0003706369773167883,16,92.52380962598892,0.22314944766816638,-1.0
0.09039310511092052,0.0026514537714640886,48,1.5819974599871784,0.0003520365877844012,16,93.95238103185382,0.20266659106527057,-1.0
0.09090464637505219,0.0016115845646709204,49,1.5730132821481675,0.0003336720567466412,16,94.2380952835083,0.17290527014505294,-1.0
0.09140847783590503,0.0016539310488630744,50,1.5823075510561466,0.0003155717009792807,16,95.09523820877075,0.15311335922706695,-1.0
0.09074713585569578,0.0018971144386074122,51,1.5752074560150504,0.00029776342991897335,16,96.09523817471096,0.1301399043344316,-1.0
0.09152734365916866,0.0026006734628668603,52,1.6004714730661362,0.00028027470262892445,16,97.00000011353265,0.11471235161735897,-1.0
0.0912445936461582,0.0021552641684299007,53,1.5880970831494778,0.0002631324854590073,16,97.5714287303743,0.09337450209118071,-1.0
0.09258719952777028,0.0015972424709402462,54,1.6014304568525404,0.0002463632104656054,16,97.80952385493687,0.09119627322469438,-1.0
0.09138011662563418,0.0032199682558284085,55,1.6084407819435,0.0002299927346552969,16,97.66666678019932,0.07866299922977175,-1.0
0.09093964098514441,0.0019706032540210906,56,1.579721192130819,0.00021404630011522587,16,98.57142857142857,0.06657618784478732,-1.0
0.09155872861361679,0.0018177960917134495,57,1.5876331289764494,0.00019854849509163232,16,99.23809523809524,0.04731897872828302,-1.0
0.09118441518341355,0.002004216000547304,58,1.584442243212834,0.00018352321607655918,16,99.42857142857143,0.03806714539016996,-1.0
0.0911340041031294,0.002340961480513215,59,1.5893153760116547,0.00016899363096119395,16,99.33333333333333,0.03880131226919946,-1.0
0.09057253315661322,0.0025937212494147174,60,1.5840706420131028,0.000154982143312659,16,99.66666666666667,0.030938177364213126,-1.0
0.09097919492598842,0.00212126607349252,61,1.582944902824238,0.0001415103578293356,16,99.57142868496123,0.027768245452926273,-1.0
0.09159386570236701,0.0020525558879051138,62,1.592233152827248,0.0001285990470279847,16,99.57142857142857,0.029284649803524927,-1.0
0.09140362278284396,0.0022199108155772965,63,1.5918535820674151,0.0001162681192140312,16,99.61904761904762,0.028353214675471895,-1.0
0.09236419054350871,0.002315570860553314,64,1.6098361229524016,0.00010453658778440107,16,99.80952392305646,0.020628684425637835,-1.0
0.09157199004445882,0.0018041366026462877,65,1.5876808930188417,9.342254191024022e-05,16,99.66666678019932,0.02485816385064806,-1.0
0.09143470055149759,0.0019158865051234469,66,1.5872626230120659,8.294311864472437e-05,16,99.71428571428571,0.023967818287866455,-1.0
0.08282087159836117,0.0020298972753260065,67,1.442758093122393,7.311447649896551e-05,16,99.80952380952381,0.018263177408703736,-1.0
0.09805567620102973,0.0026977107969715316,68,1.7131604778114706,6.395177052675794e-05,16,99.9047619047619,0.016276991353148505,-1.0
0.09936535394038348,0.0026303768185350824,69,1.7341756660025567,5.546912895658472e-05,16,100.0,0.015269009774284704,-1.0
0.1001781013328582,0.0016856167246313656,70,1.7319241389632225,4.767963140691306e-05,16,99.80952392305646,0.016856549765382495,-1.0
0.1012058685232392,0.0022271934704964653,71,1.758611107012257,4.059528871837034e-05,16,99.80952380952381,0.016721547164377713,-1.0
0.07938815139727119,0.0016701882568133227,72,1.3782935659401119,3.4227024433899e-05,16,99.85714285714286,0.017479035684040616,-1.0
0.07045026394702933,0.0024871448712313875,73,1.2401836321223527,2.8584657955444653e-05,16,99.95238095238095,0.015078785036291394,-1.0
0.06977109164547395,0.0016628400669159258,74,1.2146145461592823,2.367688940315011e-05,16,99.95238095238095,0.016465645737591243,-1.0
0.08876408007927239,0.002301512094324126,75,1.5483578010462224,1.951128620040094e-05,16,99.95238095238095,0.01494263665129741,-1.0
0.0902787057326778,0.0019427164978183368,76,1.5680134110152721,1.6094271405406862e-05,16,99.95238106591361,0.014259085130123864,-1.0
0.09250852654633276,0.0021162666928242237,77,1.6088671039324254,1.3431113807311488e-05,16,99.9047619047619,0.016413897368169967,-1.0
0.09180376145933919,0.001849493066615918,78,1.592340239090845,1.1525919802101659e-05,16,99.85714285714286,0.014391487673634575,-1.0
0.091092663762324,0.0027140548233600226,79,1.5949696190655231,1.0381627060842164e-05,16,100.0,0.013460816045602163,-1.0
0.09112329916645061,0.002164289423757616,80,1.5861404531169683,1e-05,16,99.95238095238095,0.013604377676688489,-1.0
0.10375520456323607,0.010486371647049155,1,2.0566815610509366,0.000999618372939158,17,16.272727272727273,2.272903192693537,-1.0
0.09897273319721636,0.0019204318523406982,2,1.8164253430441022,0.0009984740801978985,17,22.272727275436576,2.044049184105613,-1.0
0.0829730819677934,0.0016006231437333757,3,1.5226495659444481,0.0009965688861926887,17,25.227272738109935,1.967218905362216,-1.0
0.0704205517605361,0.0015036164550110698,4,1.2949390450958163,0.0009939057285945933,17,26.227272727272727,1.9201501456173984,-1.0
0.06612664022638153,0.0019141288939863443,5,1.2249926419463009,0.0009904887137995992,17,28.272727283564482,1.8702092946659434,-1.0
0.08822934241551492,0.0015094498068922097,6,1.6155362371355295,0.00098632311059685,17,29.818181818181817,1.8271717973188921,-1.0
0.09000751532665971,0.0019009655548466577,7,1.6546146490145475,0.0009814153420445555,17,30.818181818181817,1.7956963001598012,-1.0
0.0905295823338545,0.0016505934504999055,8,1.6595488421153277,0.0009757729755661012,17,31.045454545454547,1.7699330837076361,-1.0
0.0905146348522976,0.001923841877012617,9,1.664144717855379,0.0009694047112816298,17,31.5909091017463,1.7690094817768445,-1.0
0.09055158708037601,0.001718236146391266,10,1.6610959370154887,0.0009623203685930871,17,34.59090909632769,1.7086881043694235,-1.0
0.09069494493046983,0.0015412795150445567,11,1.6604923098348081,0.0009545308710434153,17,34.54545454545455,1.6790819202769887,-1.0
0.09097056159387445,0.002643797249119315,12,1.6853045269381255,0.0009460482294732422,17,36.77272729440169,1.6545790100097657,-1.0
0.09093635593954888,0.001538404612801969,13,1.6647873930633068,0.0009368855235010348,17,38.40909091992812,1.6149287965080954,-1.0
0.09034377038996252,0.002063934057433572,14,1.6635767759289593,0.0009270568813552758,17,40.454545465382665,1.5580798760327426,-1.0
0.09003906350375877,0.0017134615530570347,15,1.651831999886781,0.0009165774580897602,17,39.72727273810994,1.5740709751302546,-1.0
0.09163035799024834,0.0014429571779651775,16,1.675610929960385,0.0009054634122155992,17,40.90909090909091,1.514884823885831,-1.0
0.09077071934007108,0.0015167951609732376,17,1.6614167229272425,0.0008937318807859689,17,44.04545455087315,1.4670227601311423,-1.0
0.09142159418358158,0.0015044071478769183,18,1.6729614241048694,0.0008814009529720156,17,41.45454545454545,1.514662940718911,-1.0
0.09060442430846807,0.001502880412671301,19,1.658219947014004,0.0008684896421706646,17,44.72727272727273,1.4043456615101206,-1.0
0.08907408717398842,0.0015224290416679448,20,1.6310389840509742,0.0008550178566873412,17,48.50000002167442,1.35681932666085,-1.0
0.09078045193261157,0.0015178387984633446,21,1.6616715358104557,0.0008410063690388064,17,49.04545455629175,1.3255730641971935,-1.0
0.09071983982964109,0.0017450693348008725,22,1.6646020961925387,0.0008264767839234412,17,47.72727272727273,1.322871385487643,-1.0
0.0914510220496191,0.0015359478873304194,23,1.674010737100616,0.000811451504908368,17,52.0909091017463,1.2854957857998934,-1.0
0.09064281567568994,0.0019215663196519017,24,1.6664056258741766,0.0007959536998847743,17,52.45454549789429,1.2445376591248947,-1.0
0.0907748441806891,0.0018953624336669843,25,1.668302466860041,0.0007800072653447032,17,51.59090909090909,1.2420165950601751,-1.0
0.08953004484323578,0.0018704446653525035,26,1.6454602777957916,0.0007636367895343947,17,54.40909090909091,1.1914920390735972,-1.0
0.09209490315212558,0.0018711338569927546,27,1.6916355551220477,0.0007468675145409928,17,58.59090911258351,1.1003083701567216,-1.0
0.0907376161776483,0.0018251713287706177,28,1.6663856671657413,0.0007297252973710758,17,59.86363638531078,1.0293968963623046,-1.0
0.09001884169669615,0.0020943835325953034,29,1.658277393085882,0.0007122365700810271,17,57.54545458880338,1.0980652995543045,-1.0
0.09047653814519031,0.002600852141363753,30,1.6756321031134576,0.0006944282990207196,17,61.727272748947144,1.0182174999063665,-1.0
0.09039309629911764,0.0015366380879034598,31,1.6550251641310751,0.0006763279432533592,17,63.6818182034926,0.9575756452300331,-1.0
0.09136879966697758,0.0015146479967774616,32,1.6721977009437978,0.0006579634122155992,17,64.8636364069852,0.9176579039747065,-1.0
0.0901376708643511,0.0020970560273983413,33,1.660512343980372,0.000639363022683212,17,68.22727277062155,0.8551972597295587,-1.0
0.08988213209280123,0.0023368877979616323,34,1.6601764389779419,0.0006205554551086735,17,68.0909090909091,0.8307126760482788,-1.0
0.09134726037478282,0.001620850448186199,35,1.6737143569625914,0.0006015697093979838,17,70.0909091125835,0.8187232158400796,-1.0
0.09071163082909253,0.002190713615467151,36,1.6724933059886098,0.0005824350601949146,17,72.72727274894714,0.7551077131791548,-1.0
0.09081132801818764,0.0017615602506945531,37,1.6665831860154867,0.0005631810117416299,17,74.00000004334883,0.7143531246618791,-1.0
0.09064959276778002,0.0023964251158759,38,1.6751227730419487,0.0005438372523852835,17,74.72727274894714,0.668145315213637,-1.0
0.08981723512988538,0.0017023442131984565,39,1.647756754886359,0.0005244336088007391,17,76.22727274894714,0.6314793239940296,-1.0
0.09068998634918696,0.0014941310898090403,40,1.659672450972721,0.0005050000000000001,17,78.36363636363636,0.5814068655534224,-1.0
0.09003268443565401,0.0024915449450620348,41,1.6657703400123864,0.0004855663911992613,17,78.13636365803805,0.5829015761071985,-1.0
0.09168231617918031,0.0016347725435884462,42,1.6799687091261148,0.00046616274761471693,17,79.95454547621988,0.5335765552520751,-1.0
0.08965254280095299,0.0026481608058222467,43,1.6616614980157465,0.00044681898825837057,17,82.95454545454545,0.46592355728149415,-1.0
0.0907932345289737,0.00165130452822066,44,1.6642627851106226,0.000427564939805086,17,82.72727277062155,0.4668492709506642,-1.0
0.09120132104079756,0.0016895841237985426,45,1.6722732889465988,0.00040843029060201667,17,85.50000004334883,0.4024514442140406,-1.0
0.09021652951681365,0.002452860262969302,46,1.6682924409396946,0.000389444544891327,17,87.50000002167441,0.3534873640537262,-1.0
0.0906981228876652,0.002944877112491263,47,1.6858601381536573,0.0003706369773167883,17,88.04545456712896,0.3471398490125483,-1.0
0.09041157222559883,0.002036262497616311,48,1.6643486360553652,0.0003520365877844012,17,87.13636363636364,0.3470567226409912,-1.0
0.09068897200955285,0.0016702263771245878,49,1.662758310092613,0.0003336720567466412,17,89.3636364069852,0.2912202641096982,-1.0
0.08964273856124944,0.0017022763301307957,50,1.6444957661442459,0.0003155717009792807,17,91.54545456712896,0.2576526927947998,-1.0
0.0897414602804929,0.0028408473331688177,51,1.6667101399507374,0.00029776342991897335,17,91.59090913425793,0.24223685416308316,-1.0
0.09060850174218002,0.0019111574317018192,52,1.6655861230101436,0.00028027470262892445,17,92.54545458880338,0.21760292215780777,-1.0
0.09106958612230504,0.003105646542583903,53,1.695391673129052,0.0002631324854590073,17,94.27272727272727,0.18322043868628415,-1.0
0.09145461427720471,0.0015234661599000294,54,1.6738399490714073,0.0002463632104656054,17,95.72727277062155,0.1504465393044732,-1.0
0.09047448970118745,0.0023335780715569854,55,1.6707980278879404,0.0002299927346552969,17,96.63636363636364,0.1329542377591133,-1.0
0.09057789204073036,0.002977912948052916,56,1.6842920610215515,0.00021404630011522587,17,97.00000004334883,0.11867565631866456,-1.0
0.09280667148737444,0.0033856227916354933,57,1.7317565400153399,0.00019854849509163232,17,96.81818181818181,0.118489070372148,-1.0
0.09060647994435082,0.0023560006067984635,58,1.673622946953401,0.00018352321607655918,17,97.0,0.10811774532903325,-1.0
0.09102337856570052,0.001654888710214032,59,1.6685048039071262,0.00016899363096119395,17,98.13636363636364,0.08207471972162074,-1.0
0.0909577308403742,0.0017548733287387425,60,1.6691142348572612,0.000154982143312659,17,98.86363636363636,0.0684537051211704,-1.0
0.09034787484496418,0.0015588924935501483,61,1.6546128778718412,0.0001415103578293356,17,98.8636364069852,0.057215165604244576,-1.0
0.09182172704539779,0.0018062466212237875,62,1.6855974569916725,0.0001285990470279847,17,98.68181818181819,0.06488068443807689,-1.0
0.09062956565887564,0.0020769796748128203,63,1.6690084820147604,0.0001162681192140312,17,99.31818183985624,0.045659087191928516,-1.0
0.09014583446292414,0.001901655160408053,64,1.657097717979923,0.00010453658778440107,17,98.9090909090909,0.05280095330693505,-1.0
0.08955531816981319,0.0027587342774495482,65,1.6618992039002478,9.342254191024022e-05,17,98.9090909090909,0.04962393289262598,-1.0
0.09093249607313839,0.0025929685992499194,66,1.6837056737858802,8.294311864472437e-05,17,99.18181822516702,0.04452343772758137,-1.0
0.08137363746451835,0.002200168208219111,67,1.5046128679532558,7.311447649896551e-05,17,99.18181818181819,0.046243224035609855,-1.0
0.09825562084248911,0.0019800771001933348,68,1.8046048961114138,6.395177052675794e-05,17,99.13636363636364,0.04498522318222306,-1.0
0.09823087138485992,0.00222212761744029,69,1.8084463700652122,5.546912895658472e-05,17,99.54545454545455,0.038188086355274375,-1.0
0.09966342391756673,0.001802267804224458,70,1.82667818502523,4.767963140691306e-05,17,99.72727272727273,0.034714215370741756,-1.0
0.09996883356426325,0.0018955956652967466,71,1.833856140030548,4.059528871837034e-05,17,99.63636363636364,0.027918217886577952,-1.0
0.09295519204655041,0.0018905269551194375,72,1.7074597261380404,3.4227024433899e-05,17,99.68181822516702,0.026949467550624502,-1.0
0.06416825498712973,0.0018814177924974097,73,1.1891363728791475,2.8584657955444653e-05,17,99.4090909090909,0.03060147542845119,-1.0
0.06495250103115621,0.0015307370728502672,74,1.1969437238294631,2.367688940315011e-05,17,99.72727274894714,0.028742075725035236,-1.0
0.09136926940280116,0.0018158075399696827,75,1.6775915848556906,1.951128620040094e-05,17,99.7727273160761,0.026379119672558526,-1.0
0.08905874078886376,0.001716639432642195,76,1.634213849203661,1.6094271405406862e-05,17,99.68181822516702,0.027582460994070225,-1.0
0.0905522741118653,0.0015523154417880708,77,1.6581725568976253,1.3431113807311488e-05,17,99.68181818181819,0.025879905711520802,-1.0
0.0920235247273619,0.001643683502657546,78,1.6863006139174104,1.1525919802101659e-05,17,99.81818181818181,0.02551824144341729,-1.0
0.0902588160113535,0.0026779194336591493,79,1.673093096120283,1.0381627060842164e-05,17,99.86363636363636,0.022869453870437362,-1.0
0.09227262333863312,0.0020293198241334823,80,1.697671911912039,1e-05,17,99.77272727272727,0.025381507521325893,-1.0
0.10531313569905858,0.008899753861543205,1,2.056127845076844,0.000999618372939158,18,17.43478262424469,2.265946154801742,-1.0
0.1012153345056706,0.0016452281011475457,2,1.851776466006413,0.0009984740801978985,18,23.869565175927203,2.0089450970939966,-1.0
0.08267157254481895,0.0015520867374208239,3,1.5162947000935674,0.0009965688861926887,18,24.652173824932266,1.9623116393711255,-1.0
0.07038365389841299,0.0014898786062581672,4,1.2939769939985126,0.0009939057285945933,18,26.260869554851364,1.8862053674200308,-1.0
0.07382789437866046,0.0015436914076821671,5,1.3569351639598608,0.0009904887137995992,18,29.217391216236614,1.82484502626502,-1.0
0.0908032404517548,0.0024542583851143718,6,1.6788982939906418,0.00098632311059685,18,29.347826048083927,1.7943192751511283,-1.0
0.09290797937299228,0.0026751671814256245,7,1.7207392719574273,0.0009814153420445555,18,31.347826040309407,1.7731463869758275,-1.0
0.09328272716245717,0.002226505790733629,8,1.719432411948219,0.0009757729755661012,18,32.56521730319314,1.739854999003203,-1.0
0.09242861726993902,0.0026863034581765532,9,1.712317496072501,0.0009694047112816298,18,32.99999993780385,1.7160243023996768,-1.0
0.09347636645866765,0.0026596239379917583,10,1.730736460071057,0.0009623203685930871,18,35.56521737575531,1.6529241000051085,-1.0
0.09333890270338291,0.001459114020690322,11,1.7066542550455779,0.0009545308710434153,18,38.34782601957736,1.6420983876352724,-1.0
0.09420165391121474,0.002612316864542663,12,1.7428930669557303,0.0009460482294732422,18,37.43478249985239,1.608977049537327,-1.0
0.09307013635730578,0.002782282691138486,13,1.7256010989658535,0.0009368855235010348,18,41.21739119550456,1.5514501849464748,-1.0
0.09373500389564368,0.001546991769120925,14,1.7153464769944549,0.0009270568813552758,18,41.47826077108798,1.522845920894457,-1.0
0.0925279577754231,0.0023110148936717045,15,1.7073553388472646,0.0009165774580897602,18,41.304347717243694,1.5107170015832652,-1.0
0.09508714504126045,0.0015809974089885752,16,1.740282277110964,0.0009054634122155992,18,43.21739127324975,1.4521865581429523,-1.0
0.09417136025149375,0.001546848306639327,17,1.7231778199784458,0.0008937318807859689,18,45.86956506190093,1.410235386516737,-1.0
0.0928554106115674,0.0014930716715753078,18,1.698526290943846,0.0008814009529720156,18,46.99999992225481,1.3508977435982745,-1.0
0.09329246517477764,0.0014962718770321873,19,1.7064578069839627,0.0008684896421706646,18,47.869565155195154,1.3460042561655459,-1.0
0.09351007099677291,0.00211995799974021,20,1.7215926800854504,0.0008550178566873412,18,49.86956515001214,1.3099175511235777,-1.0
0.0941776247927919,0.0015340068817345633,21,1.72306621610187,0.0008410063690388064,18,50.21739130434783,1.2785926024810128,-1.0
0.09493657165310448,0.0018588660103786322,22,1.7426044770982116,0.0008264767839234412,18,54.173912836157754,1.2032964700201283,-1.0
0.09441749410082896,0.0016068366175103518,23,1.728694107150659,0.000811451504908368,18,53.56521721508192,1.1968409778760827,-1.0
0.09331335029047397,0.001918275594814784,24,1.7144441390410066,0.0007959536998847743,18,56.652173788651176,1.145586783989616,-1.0
0.09319999466081047,0.002830864615841872,25,1.7288006839808077,0.0007800072653447032,18,57.869565082632974,1.0924515686864438,-1.0
0.09381501086884075,0.002504201515370773,26,1.7339879758656025,0.0007636367895343947,18,61.56521721508192,1.0255521552459053,-1.0
0.09317000254264309,0.0022090251247088113,27,1.7170684759039432,0.0007468675145409928,18,60.39130429599596,1.0302450314812037,-1.0
0.09451493864051169,0.001746106465967993,28,1.7329705080483109,0.0007297252973710758,18,64.52173906823863,0.9389483756604402,-1.0
0.09388221138053471,0.0014782009594556359,29,1.7167406119406223,0.0007122365700810271,18,63.782608716384225,0.9472714430352915,-1.0
0.09404456229983932,0.002173791367871066,30,1.7322019329294562,0.0006944282990207196,18,66.13043479297473,0.8903557929785355,-1.0
0.0935758769693267,0.002261554576560027,31,1.7253181440755725,0.0006763279432533592,18,67.21739124215168,0.8389046771629997,-1.0
0.09425200467618804,0.0016349354344937536,32,1.7262649710755795,0.0006579634122155992,18,70.34782597293024,0.7789253410049107,-1.0
0.09411229251418263,0.0014747102589656909,33,1.7208337909542024,0.000639363022683212,18,72.08695636624876,0.7119504291078319,-1.0
0.09410693881929749,0.0014969502291124728,34,1.7211476790253073,0.0006205554551086735,18,72.99999977194744,0.7384926548211471,-1.0
0.09351075251793696,0.0015297337538666194,35,1.7110007300507277,0.0006015697093979838,18,74.9999998756077,0.6816952291778896,-1.0
0.09444535198983633,0.0015895968406564659,36,1.7288710810244083,0.0005824350601949146,18,78.26086927496868,0.6008669018745423,-1.0
0.09432662903175999,0.001546563360736602,37,1.7259624099824578,0.0005631810117416299,18,81.3478259936623,0.5278992679844732,-1.0
0.09376537102636778,0.0023710185843002466,38,1.7307127588428557,0.0005438372523852835,18,82.652173716089,0.4694690823554993,-1.0
0.09260216409650941,0.002800936345010996,39,1.7174962891731411,0.0005244336088007391,18,83.99999982377757,0.4565572698738264,-1.0
0.09353423258289695,0.0015899597460197078,40,1.712478777160868,0.0005050000000000001,18,85.0869563455167,0.4035478244657102,-1.0
0.09378533351183352,0.0016753619873068398,41,1.7185369860380888,0.0004855663911992613,18,85.99999990670577,0.39044333411299664,-1.0
0.09421648787489782,0.0014889755079315768,42,1.7229425669647753,0.00046616274761471693,18,88.13043459602024,0.33896517204201737,-1.0
0.09356615600538337,0.0015655200954319702,43,1.7126192529685795,0.00044681898825837057,18,88.65217377828515,0.31717314808265024,-1.0
0.0937238188020678,0.0018248009728267789,44,1.720140284160152,0.000427564939805086,18,91.26086950302124,0.2582050992094952,-1.0
0.09364752488262537,0.0017929182827679648,45,1.7182152869645506,0.00040843029060201667,18,92.4347823806431,0.2307337555159693,-1.0
0.09319403570973211,0.0014510486766489015,46,1.7038544029928744,0.000389444544891327,18,91.73913045551465,0.22307781328325688,-1.0
0.0937507949096875,0.00237582808929599,47,1.730526986066252,0.0003706369773167883,18,92.34782581743987,0.2210056326441143,-1.0
0.09403424688045764,0.0015404683330820666,48,1.7206037731375545,0.0003520365877844012,18,93.65217360206272,0.1984096618320631,-1.0
0.09375294810160995,0.0019245277314136426,49,1.7224915600381792,0.0003336720567466412,18,95.7826086645541,0.14652895784896353,-1.0
0.09347083708012684,0.0017688186425301763,50,1.71456516883336,0.0003155717009792807,18,95.99999980304553,0.13150973926419798,-1.0
0.09467867932592829,0.002939980114913649,51,1.7573889889754355,0.00029776342991897335,18,96.21739127324975,0.1272723420806553,-1.0
0.0938361274311319,0.0016660821856930852,52,1.7192858010530472,0.00028027470262892445,18,96.60869549668354,0.11159099657898364,-1.0
0.09409376082476228,0.0016640806699999506,53,1.7238978520035744,0.0002631324854590073,18,98.26086936826292,0.07472457706928254,-1.0
0.09276543746495412,0.0018454043763793176,54,1.703236775007099,0.0002463632104656054,18,98.30434758766837,0.07045912528815476,-1.0
0.09417527033171307,0.0015038441763155991,55,1.7224646010436118,0.0002299927346552969,18,98.91304347826087,0.053406397026518115,-1.0
0.09438737507702576,0.0015902177482429477,56,1.7278429998550564,0.00021404630011522587,18,99.30434782608695,0.04372425033994343,-1.0
0.09407066755617659,0.001728810499318772,57,1.72468504589051,0.00019854849509163232,18,99.21739102446514,0.04175985895421194,-1.0
0.09445649843352537,0.0015486137967349754,58,1.728385761147365,0.00018352321607655918,18,99.56521711142167,0.03503342881798744,-1.0
0.09406962107297862,0.0016455164748347467,59,1.7231637730728835,0.00016899363096119395,18,99.47826086956522,0.03066006958808588,-1.0
0.09357263266833292,0.0022825441038649944,60,1.7256872418802232,0.000154982143312659,18,99.47826058968253,0.02998317378370658,-1.0
0.09388496509442727,0.0024914506227812832,61,1.7350757520180196,0.0001415103578293356,18,99.56521739130434,0.028751134681312934,-1.0
0.0943285073671076,0.0015526626828230089,62,1.7261574149597436,0.0001285990470279847,18,99.47826086956522,0.02741259072785792,-1.0
0.09402472815579838,0.0027112996774829095,63,1.7415242248680443,0.0001162681192140312,18,99.73913043478261,0.021583768769126873,-1.0
0.09361033308474968,0.0017411824082955718,64,1.7165838130749762,0.00010453658778440107,18,99.78260869565217,0.018341999128460885,-1.0
0.09324342541448358,0.0016646470305406386,65,1.7085915838833898,9.342254191024022e-05,18,99.73913015489993,0.020129458314698676,-1.0
0.0936120276261742,0.0014703215436182087,66,1.7117387899197638,8.294311864472437e-05,18,99.82608695652173,0.017374766880403396,-1.0
0.09377514824478163,0.0017173383126242293,67,1.7191141019575298,7.311447649896551e-05,18,99.91304347826087,0.015831408983339432,-1.0
0.08247423320749982,0.0017462530716632803,68,1.5162241149228066,6.395177052675794e-05,18,99.82608695652173,0.01588782561538012,-1.0
0.10276204756357604,0.002306454556269778,69,1.891489460831508,5.546912895658472e-05,18,99.8695652173913,0.01580911545973757,-1.0
0.10015928997502972,0.002594558522105217,70,1.8498158629518002,4.767963140691306e-05,18,99.95652173913044,0.014439980423320894,-1.0
0.10192287732691814,0.001507146672035257,71,1.8620314178988338,4.059528871837034e-05,18,99.8695652173913,0.014600918877707876,-1.0
0.10218540868825382,0.0014645804832172063,72,1.8659681470599025,3.4227024433899e-05,18,99.91304347826087,0.01469365159454553,-1.0
0.0769041431421,0.0016652850899845362,73,1.4145076349377632,2.8584657955444653e-05,18,99.95652173913044,0.011890697260589703,-1.0
0.07059515988092041,0.001475060617344247,74,1.2975585509557277,2.367688940315011e-05,18,99.91304347826087,0.01286461911852593,-1.0
0.07207881048735645,0.001635621457050244,75,1.3271290878765285,1.951128620040094e-05,18,99.95652173913044,0.01268720757621138,-1.0
0.09084035520855752,0.002649630626870526,76,1.6830954670440406,1.6094271405406862e-05,18,99.95652173913044,0.011489073394433311,-1.0
0.09280680527444929,0.002756896170063151,77,1.7204539570957422,1.3431113807311488e-05,18,99.95652145924775,0.01205150689119878,-1.0
0.09288646999953522,0.0014527133898809552,78,1.698401524219662,1.1525919802101659e-05,18,99.95652173913044,0.013887192559954914,-1.0
0.09468237050653745,0.002024988100553552,79,1.7410361808724701,1.0381627060842164e-05,18,99.91304347826087,0.01122864319578461,-1.0
0.09429431433737692,0.0029127770491565266,80,1.7499767078552395,1e-05,18,99.8695652173913,0.014496789883984172,-1.0
0.10311185378630303,0.009459256525396517,1,2.139135190984234,0.000999618372939158,19,16.625,2.285369186401367,-1.0
0.10124834908760692,0.0023539194984263496,2,1.9687429529149085,0.0009984740801978985,19,22.125,2.024603681564331,-1.0
0.08598153480622721,0.002260355144052913,3,1.6768661139067262,0.0009965688861926887,19,25.20833335320155,1.9513344319661459,-1.0
0.06992296952950328,0.0016601991006418278,4,1.3603602738585323,0.0009939057285945933,19,26.958333412806194,1.8996975723902385,-1.0
0.07126365758870777,0.0017195608785473986,5,1.3869421021081507,0.0009904887137995992,19,27.458333333333332,1.8502923075358073,-1.0
0.09200985946594492,0.0020661112166156896,6,1.7877076480071992,0.00098632311059685,19,30.416666746139526,1.8189001480738323,-1.0
0.09238177274451836,0.0016312487913589728,7,1.7865648639854044,0.0009814153420445555,19,30.87500007947286,1.7853363545735677,-1.0
0.09257944143916431,0.0019638194016327985,8,1.7966013650875539,0.0009757729755661012,19,32.33333341280619,1.7562111934026083,-1.0
0.09365465945417159,0.001758297341630647,9,1.8130894240457565,0.0009694047112816298,19,33.75000007947286,1.7168744134902953,-1.0
0.09369565362698938,0.001638779110324226,10,1.8116413420066237,0.0009623203685930871,19,36.50000003973643,1.6650668334960939,-1.0
0.09251469029358735,0.002243206713740763,11,1.8006684759166092,0.0009545308710434153,19,36.95833341280619,1.6346013879776,-1.0
0.09308188632865877,0.0017541292564649332,12,1.802150335162878,0.0009460482294732422,19,39.75,1.5837831004460652,-1.0
0.09392047123248248,0.0021090630294853135,13,1.8248586859554052,0.0009368855235010348,19,41.33333341280619,1.5369121440251667,-1.0
0.09316747437084191,0.002297948580235243,14,1.8141538728959858,0.0009270568813552758,19,42.70833341280619,1.5313233168919882,-1.0
0.09280641959048808,0.002111666725556317,15,1.803697600029409,0.0009165774580897602,19,41.58333341280619,1.4979141664505005,-1.0
0.09339722628264051,0.0014851052975772244,16,1.8035850301384926,0.0009054634122155992,19,44.0416667064031,1.4440584500630698,-1.0
0.09308629868993241,0.0014601884115683405,17,1.796637766994536,0.0008937318807859689,19,44.041666746139526,1.4452345784505207,-1.0
0.09351023453238763,0.001581247209718353,18,1.8070306221488863,0.0008814009529720156,19,46.62500007947286,1.383777683575948,-1.0
0.09379124249282636,0.0015188198732702357,19,1.8111385360825807,0.0008684896421706646,19,50.00000007947286,1.3119840319951375,-1.0
0.0935829766217227,0.0014640446384682467,20,1.8061391122173518,0.0008550178566873412,19,49.83333341280619,1.3167957512537638,-1.0
0.09395658429466973,0.0017767343915214664,21,1.81920314906165,0.0008410063690388064,19,50.9166667064031,1.2691795094807943,-1.0
0.0941285509738679,0.0019088006627402808,22,1.8249594760127366,0.0008264767839234412,19,51.83333341280619,1.2420235315958659,-1.0
0.09389029644233615,0.0019956381966997135,23,1.8220736989751458,0.000811451504908368,19,55.666666666666664,1.1736827643712362,-1.0
0.09297244406403288,0.0016864657794174395,24,1.7987652961164713,0.0007959536998847743,19,55.75000007947286,1.1231721623738606,-1.0
0.09299555961287727,0.0021096928118679082,25,1.807247396092862,0.0007800072653447032,19,59.04166682561239,1.0966564321517944,-1.0
0.09395662624094832,0.0015307898682199027,26,1.8145066839642823,0.0007636367895343947,19,59.333333333333336,1.050435298283895,-1.0
0.09363273586342602,0.0016098596082117997,27,1.8098578960634768,0.0007468675145409928,19,60.29166682561239,1.0350295646985372,-1.0
0.09401780187985614,0.001724859748623873,28,1.8193690590560436,0.0007297252973710758,19,65.04166674613953,0.9276161098480225,-1.0
0.09386943593180101,0.0022262911140722664,29,1.8260781420394778,0.0007122365700810271,19,66.66666666666667,0.913065664768219,-1.0
0.09320639713520282,0.002215522660040542,30,1.8138103149831295,0.0006944282990207196,19,65.87500015894572,0.9061082482337952,-1.0
0.09345786214659088,0.0020062739495187998,31,1.8140636330936104,0.0006763279432533592,19,68.37500015894572,0.845847704410553,-1.0
0.09313620615897603,0.0015881527827954606,32,1.8000067761167884,0.0006579634122155992,19,71.5,0.776299311319987,-1.0
0.0930705460058035,0.0015698481032526807,33,1.7984349690377712,0.000639363022683212,19,71.3333334128062,0.7356303405761718,-1.0
0.08862811390702661,0.0014268506661449607,34,1.7113262189086527,0.0006205554551086735,19,73.00000007947285,0.701340274810791,-1.0
0.09359519715469919,0.001846089223889928,35,1.8136651320382953,0.0006015697093979838,19,75.62500007947285,0.6735269943873088,-1.0
0.09342188348895625,0.002548495724209045,36,1.8236798390280455,0.0005824350601949146,19,78.125,0.5963853573799134,-1.0
0.09367553029503477,0.0015603432823952876,37,1.8097371719777584,0.0005631810117416299,19,79.45833333333333,0.5530537374814352,-1.0
0.09325155118284256,0.0014441970882839278,38,1.7994652569759637,0.0005438372523852835,19,82.83333333333333,0.476704261302948,-1.0
0.0932508971493103,0.0026916232646295897,39,1.8231545481830835,0.0005244336088007391,19,83.87500007947285,0.454357906182607,-1.0
0.09425420654741556,0.0014181583507084533,40,1.8180309070739895,0.0005050000000000001,19,85.41666674613953,0.40775176366170246,-1.0
0.09277049591764808,0.0015991281865066604,41,1.7932729220483452,0.0004855663911992613,19,85.7083334128062,0.39458818395932516,-1.0
0.09414558035419568,0.0014618154933774157,42,1.816803155001253,0.00046616274761471693,19,87.83333333333333,0.34523401856422425,-1.0
0.09425304306818075,0.002538207979676755,43,1.8392906950321048,0.00044681898825837057,19,88.95833349227905,0.3158138390382131,-1.0
0.093212586067813,0.0014647869393229485,44,1.7991307978518307,0.000427564939805086,19,89.50000007947285,0.28949763814608254,-1.0
0.09275199958172284,0.0016222100484331971,45,1.7941271769814193,0.00040843029060201667,19,90.83333349227905,0.2491355828444163,-1.0
0.09299059536945271,0.001448719149553462,46,1.7946022381074727,0.000389444544891327,19,91.75,0.23085931599140166,-1.0
0.09369412992198609,0.00136923396616782,47,1.8064448749646544,0.0003706369773167883,19,93.54166674613953,0.18513351579507192,-1.0
0.09328057836300056,0.0016070067956063308,48,1.80311040696688,0.0003520365877844012,19,94.5,0.1665671040614446,-1.0
0.09399595612807102,0.0014514932408928871,49,1.8137548880185932,0.0003336720567466412,19,95.66666666666667,0.13853171070416767,-1.0
0.0938559552458556,0.0014376846436215075,50,1.8108247660566121,0.0003155717009792807,19,96.75000007947285,0.10990261475245158,-1.0
0.09313082458500407,0.0014282612032011936,51,1.7968789439182729,0.00029776342991897335,19,97.33333349227905,0.10446899294853211,-1.0
0.09383965279956005,0.0022633768324004976,52,1.826256840955466,0.00028027470262892445,19,97.62500007947285,0.09513603130976359,-1.0
0.09266073574115963,0.002031692352734114,53,1.799443363910541,0.0002631324854590073,19,97.7083334128062,0.08322494675715765,-1.0
0.09123182556542911,0.0015294320121603576,54,1.7627574540674686,0.0002463632104656054,19,98.08333333333333,0.0704282974700133,-1.0
0.09321706278837825,0.0018359255290737277,55,1.8062969530001283,0.0002299927346552969,19,98.58333333333333,0.059737106213967,-1.0
0.09331136868384324,0.0016182568414430869,56,1.803924016887322,0.00021404630011522587,19,99.00000015894572,0.04933809146285057,-1.0
0.09409263048713144,0.001669852038551318,57,1.8197286110371351,0.00019854849509163232,19,99.2083334128062,0.044445353349049886,-1.0
0.09309759151533638,0.002443755437669001,58,1.815575405023992,0.00018352321607655918,19,99.33333349227905,0.0354687304298083,-1.0
0.09374512597232272,0.002281692087356197,59,1.8247961630113423,0.00016899363096119395,19,99.41666666666667,0.030018232340614,-1.0
0.09327405410524654,0.0019507956887154204,60,1.8095767421182245,0.000154982143312659,19,99.45833333333333,0.0290982527534167,-1.0
0.09353142397135104,0.0015443370824581699,61,1.8066756648477167,0.0001415103578293356,19,99.50000015894572,0.02371999348203341,-1.0
0.09417979881216429,0.0017301671354002074,62,1.8225324470549822,0.0001285990470279847,19,99.79166666666667,0.023277050877610842,-1.0
0.09414588683284819,0.002335235010832548,63,1.8333919409196824,0.0001162681192140312,19,99.83333333333333,0.01829290675620238,-1.0
0.0943020119478828,0.002673998891719078,64,1.8427953419741243,0.00010453658778440107,19,99.87500015894572,0.01680634046594302,-1.0
0.09389065731757958,0.0024933340518098128,65,1.8315512489061803,9.342254191024022e-05,19,99.75,0.018592044276495776,-1.0
0.09262718274993331,0.002274328462877556,66,1.803398537216708,8.294311864472437e-05,19,99.91666666666667,0.016145511666933697,-1.0
0.09322835101844057,0.001697449663065766,67,1.8038311440031976,7.311447649896551e-05,19,99.875,0.013079476493100326,-1.0
0.09268800797872245,0.0016154905560573465,68,1.792020893190056,6.395177052675794e-05,19,99.875,0.013534067956109841,-1.0
0.08231696101689809,0.0020595946177644165,69,1.6034236098639667,5.546912895658472e-05,19,99.95833333333333,0.013582183457911014,-1.0
0.1014775019016509,0.00248068873770535,70,1.9754800938535482,4.767963140691306e-05,19,99.95833333333333,0.012603473030030727,-1.0
0.10132479020639469,0.002924511846350996,71,1.9810907701030374,4.059528871837034e-05,19,99.95833333333333,0.011326561160385608,-1.0
0.10327493920187025,0.0020866913745473874,72,2.002121417084709,3.4227024433899e-05,19,99.83333349227905,0.013248244027296702,-1.0
0.10187274096288572,0.0015011089241230174,73,1.964948205044493,2.8584657955444653e-05,19,99.875,0.011748596827189128,-1.0
0.06448886172208738,0.002626160907215978,74,1.2754258911591023,2.367688940315011e-05,19,99.95833333333333,0.010766583296159904,-1.0
0.07017014323929816,0.0015855993903977307,75,1.36359692690894,1.951128620040094e-05,19,99.95833333333333,0.011290385064979395,-1.0
0.09162008828532539,0.002379358353975572,76,1.786247493000701,1.6094271405406862e-05,19,99.95833333333333,0.009974388542274634,-1.0
0.09217512302443777,0.001460611084966283,77,1.7793360128998756,1.3431113807311488e-05,19,100.0,0.01061741653829813,-1.0
0.09342275150610428,0.0024270727544238695,78,1.821442916058004,1.1525919802101659e-05,19,99.95833333333333,0.009507527202367782,-1.0
0.09314093340531383,0.0018089248088041419,79,1.8043539240024984,1.0381627060842164e-05,19,100.0,0.009731153100728989,-1.0
0.09368953494796235,0.0017485954235062788,80,1.8136272109113634,1e-05,19,99.95833333333333,0.009636645428836346,-1.0
0.10464031066512688,0.008401687094010412,1,2.261192512931302,0.000999618372939158,20,18.000000009536745,2.2790047393798827,-1.0
0.10088013916974888,0.0016182603780180217,2,2.050301590934396,0.0009984740801978985,20,23.080000014305114,2.024675392913818,-1.0
0.08511162239592522,0.0014659755048342048,3,1.7318129888735712,0.0009965688861926887,20,24.000000038146972,1.9665513652801514,-1.0
0.06948079427238554,0.0018422114313580095,4,1.426710058003664,0.0009939057285945933,20,26.88000002861023,1.8873610855102538,-1.0
0.07614138209028169,0.001789193961303681,5,1.5588759570382535,0.0009904887137995992,20,27.760000038146973,1.859525977897644,-1.0
0.09116670304210857,0.001621224300470203,6,1.8560135690495372,0.00098632311059685,20,29.119999990463256,1.8145998548507691,-1.0
0.09237055438570678,0.0015061420621350408,7,1.8777845650911331,0.0009814153420445555,20,30.4,1.8351461072921753,-1.0
0.09190136914839968,0.0014328933437354862,8,1.8669290649704635,0.0009757729755661012,20,32.64000001907348,1.763187391090393,-1.0
0.09276139423018322,0.002133971720468253,9,1.8981579651590437,0.0009694047112816298,20,32.639999995231626,1.728303858757019,-1.0
0.09331879109377042,0.0015251212054863573,10,1.897145485971123,0.0009623203685930871,20,35.19999999523163,1.6869666494369506,-1.0
0.09282178010325878,0.0016960709937848151,11,1.8906172120478004,0.0009545308710434153,20,35.96000001907348,1.678410960960388,-1.0
0.0925388055969961,0.0016879852046258748,12,1.8847987800836563,0.0009460482294732422,20,36.91999999523163,1.6409622375488282,-1.0
0.09278450162382797,0.0015422018710523843,13,1.88679409888573,0.0009368855235010348,20,38.120000009536746,1.5766429336547851,-1.0
0.09199502757983283,0.0015666413237340748,14,1.871528821066022,0.0009270568813552758,20,38.200000028610226,1.5896703603744506,-1.0
0.09228821743745357,0.0015808786149136723,15,1.8776733179111034,0.0009165774580897602,20,40.880000028610226,1.5297995862960816,-1.0
0.09308800348080695,0.0013847136637195946,16,1.889729887014255,0.0009054634122155992,20,42.360000014305115,1.506331446647644,-1.0
0.09200599102769047,0.0015385505743324757,17,1.8711341770831496,0.0008937318807859689,20,44.04,1.459390258026123,-1.0
0.09354851904790848,0.0013487407588399947,18,1.8982051650527865,0.0008814009529720156,20,46.799999980926515,1.4169018543243408,-1.0
0.0923133555217646,0.001394083071500063,19,1.8743987770285457,0.0008684896421706646,20,45.83999997138977,1.3994581859588624,-1.0
0.09239486939040945,0.0016961805522441864,20,1.8820681888610125,0.0008550178566873412,20,48.03999998092652,1.3460700912475585,-1.0
0.09228555212030187,0.001998773938976228,21,1.8859491650946438,0.0008410063690388064,20,49.72000000476837,1.3129393602371215,-1.0
0.09297067070147022,0.002137362747453153,22,1.9024554600473493,0.0008264767839234412,20,50.640000014305116,1.2785460191726685,-1.0
0.09285526527091861,0.002258186775725335,23,1.9025662359781563,0.000811451504908368,20,52.880000038146974,1.2337422981262207,-1.0
0.09255000872071832,0.002064976224210113,24,1.8925458372104913,0.0007959536998847743,20,53.560000038146974,1.2282588438034057,-1.0
0.0921095461351797,0.0024540221667848526,25,1.891565557103604,0.0007800072653447032,20,55.92000003814697,1.1433015098571777,-1.0
0.09255418597022072,0.0014507611282169818,26,1.8803516700863838,0.0007636367895343947,20,56.84000004291534,1.1001246036529542,-1.0
0.0925175205222331,0.0018169167800806464,27,1.8869914510287344,0.0007468675145409928,20,57.920000057220456,1.0747682252883912,-1.0
0.09263552323682234,0.0019941575126722457,28,1.8928914309944957,0.0007297252973710758,20,59.039999952316286,1.0434743928909302,-1.0
0.09248513384955004,0.0016090693534351885,29,1.8821822709869593,0.0007122365700810271,20,61.840000019073486,0.9865750699996948,-1.0
0.0928047997644171,0.0013974637375213205,30,1.8843537829816341,0.0006944282990207196,20,63.48000005722046,0.939765311050415,-1.0
0.0934777055750601,0.0013685215264558793,31,1.89717818191275,0.0006763279432533592,20,66.11999998092651,0.8836284852981567,-1.0
0.09285536443348974,0.0015693679102696477,32,1.88875188305974,0.0006579634122155992,20,66.84000002861023,0.8708017976760865,-1.0
0.09154106135247275,0.0013525759452022613,33,1.8581638119649142,0.000639363022683212,20,68.96000007629395,0.819595122909546,-1.0
0.09281731785740703,0.0014813439920544624,34,1.8862312429118901,0.0006205554551086735,20,69.76000004768372,0.801805312538147,-1.0
0.09190876394277439,0.0013931305496953429,35,1.8663721207994968,0.0006015697093979838,20,70.39999997138978,0.7613302819252015,-1.0
0.09314743136055767,0.001494428189471364,36,1.8931563491933048,0.0005824350601949146,20,74.0400000667572,0.7050728065490722,-1.0
0.09310992918908596,0.002317110018339008,37,1.9088302277959883,0.0005631810117416299,20,76.51999994277953,0.6258339941978455,-1.0
0.09348285255255177,0.0015158716472797097,38,1.9002690259367228,0.0005438372523852835,20,79.2,0.5769126514434815,-1.0
0.09307435731170699,0.0014737390913069249,39,1.8912546860519797,0.0005244336088007391,20,80.79999996185303,0.508970918083191,-1.0
0.09249621621565893,0.001350185042247176,40,1.8772180401720107,0.0005050000000000001,20,82.71999996185303,0.47072460861206056,-1.0
0.09251948607852682,0.001706491969525814,41,1.8848101559560746,0.0004855663911992613,20,83.91999993324279,0.42885462498664856,-1.0
0.09317667378345504,0.001389227667823434,42,1.8916161560919136,0.00046616274761471693,20,85.04000002861022,0.4097771605491638,-1.0
0.0925253567751497,0.0013184634735807776,43,1.8771760137751698,0.00044681898825837057,20,86.71999999046325,0.3566060597419739,-1.0
0.09273408919107169,0.0015413173125125468,44,1.8858019809704274,0.000427564939805086,20,86.47999994277954,0.35384494433403013,-1.0
0.09332977683516219,0.0016289926716126502,45,1.899467868031934,0.00040843029060201667,20,88.6400000667572,0.31839182143211364,-1.0
0.09249925825279207,0.0015833802986890077,46,1.8819433860480785,0.000389444544891327,20,89.36000001907348,0.29218032932281496,-1.0
0.09294520935509354,0.0024488138500601054,47,1.9081359668634832,0.0003706369773167883,20,91.0799999332428,0.2667037665843964,-1.0
0.0929140497231856,0.002620012778788805,48,1.9109266090672463,0.0003520365877844012,20,92.7199999332428,0.2199236565589905,-1.0
0.09293104211101308,0.002265342837199569,49,1.9041675380431116,0.0003336720567466412,20,94.03999997138978,0.18764981291294097,-1.0
0.09262514709262178,0.0025623700115829707,50,1.9039917439222336,0.0003155717009792807,20,94.80000005722046,0.1595042739391327,-1.0
0.09301084616454318,0.001354473188985139,51,1.8875474280212075,0.00029776342991897335,20,95.48000004768372,0.1448327475309372,-1.0
0.09248302339110523,0.0013996671652421356,52,1.8778983869124204,0.00028027470262892445,20,96.72000008583069,0.11570493972301484,-1.0
0.09221859106328338,0.0014108153874985874,53,1.8728276179172099,0.0002631324854590073,20,96.71999996185303,0.10459007530212402,-1.0
0.09304536714917049,0.001481676404364407,54,1.8907876710873097,0.0002463632104656054,20,97.39999996185303,0.0848903538942337,-1.0
0.09188049384392798,0.0023820994538255036,55,1.8854963819030672,0.0002299927346552969,20,97.40000008583068,0.09035675925016404,-1.0
0.09223761240718886,0.0020751480013132097,56,1.886549447895959,0.00021404630011522587,20,98.32000004768372,0.06733393144607544,-1.0
0.092489361949265,0.0021047900430858136,57,1.892179855145514,0.00019854849509163232,20,98.07999996185303,0.07166145154237748,-1.0
0.09241419994505122,0.002113284112419933,58,1.8908493400085717,0.00018352321607655918,20,98.83999996185302,0.053862325966358184,-1.0
0.09351658803643659,0.00257263540988788,59,1.922079592011869,0.00016899363096119395,20,98.79999996185303,0.0509098732471466,-1.0
0.09210426696809008,0.0023330684402026237,60,1.8890446340665221,0.000154982143312659,20,99.4,0.03632242991924286,-1.0
0.0928175088018179,0.0013536841492168606,61,1.88371935300529,0.0001415103578293356,20,99.39999996185303,0.03490291767716408,-1.0
0.09370271938387305,0.0026727769174613057,62,1.9278037759941071,0.0001285990470279847,20,99.64,0.02910771584510803,-1.0
0.09384650916326791,0.002534195932094008,63,1.9279019827954471,0.0001162681192140312,20,99.44,0.02694029141664505,-1.0
0.09235424449434504,0.002098293008748442,64,1.8893393320031464,0.00010453658778440107,20,99.8,0.021626680332422255,-1.0
0.09326724604470656,0.0013496091007255018,65,1.8925882601179183,9.342254191024022e-05,20,99.64,0.021133210603892803,-1.0
0.09290478945476935,0.0016207653447054327,66,1.8907782169990242,8.294311864472437e-05,20,99.84,0.01811359670162201,-1.0
0.09320756706874818,0.0026241631363518535,67,1.9168851289432496,7.311447649896551e-05,20,99.80000004768371,0.017822800385951996,-1.0
0.09265854090917855,0.0013930399902164936,68,1.8812842059414834,6.395177052675794e-05,20,99.84,0.016731134133040906,-1.0
0.08332417355850338,0.001680564193520695,69,1.7003853297792375,5.546912895658472e-05,20,99.84,0.016134106126427652,-1.0
0.09952194282086566,0.0022460593725554647,70,2.0356214561033994,4.767963140691306e-05,20,99.51999996185303,0.023167716026306153,-1.0
0.10083839145954698,0.0018340746290050447,71,2.0537020100746304,4.059528871837034e-05,20,100.0,0.01353624975681305,-1.0
0.10038138017989695,0.001502644270658493,72,2.037927608937025,3.4227024433899e-05,20,99.76,0.01684212891459465,-1.0
0.0981147255632095,0.0013651615357957781,73,1.989847325021401,2.8584657955444653e-05,20,99.84,0.013538046830892563,-1.0
0.0611489275470376,0.002429837849922478,74,1.2718221680261195,2.367688940315011e-05,20,99.88,0.014694578295946122,-1.0
0.06188536465633661,0.0018523684935644268,75,1.2750447979196906,1.951128620040094e-05,20,99.96,0.012962596607208252,-1.0
0.061024550115689635,0.0015289051923900842,76,1.2513619859237224,1.6094271405406862e-05,20,99.92,0.013579287254810333,-1.0
0.061546256043948235,0.0020549825043417514,77,1.2722755768336356,1.3431113807311488e-05,20,99.8,0.016022038355469705,-1.0
0.06482490838970989,0.002078983513638377,78,1.338345878990367,1.1525919802101659e-05,20,99.92,0.013632053342461587,-1.0
0.07907088845968246,0.002327449293807149,79,1.6282032700255513,1.0381627060842164e-05,20,99.95999996185303,0.013346026021242142,-1.0
0.08956873648567125,0.0016908463090658187,80,1.8254378661513329,1e-05,20,100.0,0.011636460828781128,-1.0
